accident_id,datetime,annee,mois,jour,heure,minute,departement,commune_insee,adresse,latitude,longitude,luminosite,agglomeration,intersection,meteo,collision,catr,circ,nbv,vosp,prof,plan,surf,infra,situ,vma,nb_vehicules,nb_usagers,nb_indemnes,nb_tues,nb_blesses_hosp,nb_blesses_legers,age_cond_1,age_cond_2,veh_type_cond_1,veh_type_cond_2,lum_code,agg_code,int_code,atm_code,col_code
202300000352,2023-06-11 13:50:00,2023,6,11,13,50,30,30352,39 Avenue des Cevennes,43.789822,4.090412,Plein jour,En agglomération,Hors intersection,Normale,Deux véhicules - côté,3,2,2,0,1,1,1,0,1,30,2,2,1,1,0,0,37.0,19.0,utilitaire_camion,deux_roues,1,2,1,1,3
202300000353,2023-12-29 22:25:00,2023,12,29,22,25,30,30189,BARTHOLDI FREDERIC (AVENUE),43.8346,4.4136,Nuit avec éclairage allumé,En agglomération,Hors intersection,Normale,Autre collision,4,2,2,0,1,1,1,0,1,50,1,2,1,0,1,0,18.0,,deux_roues,,5,2,1,1,6
202300000354,2023-06-09 16:30:00,2023,6,9,16,30,88,88487,L?Hotel Enfonce,47.942562,6.471427,Plein jour,Hors agglomération,Intersection en X,Normale,Deux véhicules - côté,3,2,2,0,3,1,1,0,1,80,2,2,1,0,1,0,82.0,48.0,voiture,utilitaire_camion,1,1,2,1,3
202300000354,2023-06-09 16:30:00,2023,6,9,16,30,88,88487,L?Hotel Enfonce,47.942562,6.471427,Plein jour,Hors agglomération,Intersection en X,Normale,Deux véhicules - côté,3,2,2,0,2,1,1,0,1,80,2,2,1,0,1,0,82.0,48.0,voiture,utilitaire_camion,1,1,2,1,3
202300000355,2023-12-11 07:45:00,2023,12,11,7,45,58,58194,LOURDES,46.99225,3.14532,Crépuscule ou aube,En agglomération,Hors intersection,Pluie légère,Deux véhicules - côté,4,2,2,0,2,1,2,0,1,50,2,2,1,0,0,1,24.0,16.0,voiture,deux_roues,2,2,1,2,3
202300000356,2023-06-11 03:00:00,2023,6,11,3,0,973,97307,RN2 PK8,4.823599,-52.340305,Nuit sans éclairage public,Hors agglomération,Hors intersection,Brouillard / fumée,Sans collision,2,2,2,0,1,3,1,0,3,80,1,1,0,1,0,0,29.0,,voiture,,3,1,1,5,7
202300000357,2023-06-10 22:00:00,2023,6,10,22,0,978,97801,R QUARTIER D'ORLEANS,18.065255,-63.038805,Nuit avec éclairage allumé,En agglomération,Hors intersection,Normale,Deux véhicules - arrière,2,2,2,0,1,1,1,0,1,50,2,2,1,0,1,0,51.0,25.0,voiture,autre,5,2,1,1,2
202300000358,2023-11-24 19:30:00,2023,11,24,19,30,58,58194,JEROME TRESAGUET,46.99911,3.15026,Nuit avec éclairage allumé,En agglomération,Hors intersection,Pluie légère,Trois véhicules et plus - en chaîne,4,2,2,0,1,1,2,0,1,50,3,7,3,0,0,4,33.0,26.0,voiture,voiture,5,2,1,2,4
202300000359,2023-06-09 18:00:00,2023,6,9,18,0,33,33205,A62 PK 021.100 sens BORDEAUX-TOULOUSE,44.62455402,-0.39741755,Plein jour,Hors agglomération,Hors intersection,Normale,Deux véhicules - arrière,1,1,4,0,1,1,1,0,1,130,2,2,1,0,1,0,67.0,29.0,voiture,deux_roues,1,1,1,1,2
202300000360,2023-06-10 08:25:00,2023,6,10,8,25,68,68278,Rue Jean Jaurès,47.765039,7.392167,Plein jour,En agglomération,Intersection en X,Normale,Deux véhicules - côté,4,2,2,0,1,1,1,0,1,50,2,2,1,0,0,1,78.0,45.0,voiture,voiture,1,2,2,1,3
202300000360,2023-06-10 08:25:00,2023,6,10,8,25,68,68278,Rue Jean Jaurès,47.765039,7.392167,Plein jour,En agglomération,Intersection en X,Normale,Deux véhicules - côté,4,2, -1,-1,1,1,1,0,1,-1,2,2,1,0,0,1,78.0,45.0,voiture,voiture,1,2,2,1,3
202300000361,2023-01-23 21:15:00,2023,1,23,21,15,93,93066,Rue Gabriel Péri,48.93172886,2.3561068,Nuit avec éclairage allumé,En agglomération,Hors intersection,Normale,Autre collision,4,2,2,0,1,1,1,0,1,50,2,2,1,0,0,1,37.0,,deux_roues,voiture,5,2,1,1,6
202300000362,2023-06-11 00:30:00,2023,6,11,0,30,33,33005,292 Boulevard de la République,44.747457,-1.105526,Nuit avec éclairage allumé,En agglomération,Hors intersection,Normale,Autre collision,3,2,2,0,1,1,1,0,1,50,1,3,0,2,1,0,60.0,,voiture,,5,2,1,1,6
202300000363,2023-06-21 20:45:00,2023,6,21,20,45,59,59512,ITALIE (RUE D'),50.69566,3.15975,Plein jour,En agglomération,Hors intersection,Normale,Autre collision,4,-1,1,0,2,1,1,0,1,30,1,2,1,0,0,1,24.0,,voiture,,1,2,1,1,6
202300000364,2023-06-10 09:50:00,2023,6,10,9,50,988,98804,RPN3,-21.542451,166.011615,Plein jour,Hors agglomération,Hors intersection,Normale,Deux véhicules - côté,3,2,2,0,1,1,1,0,1,90,2,2,1,0,0,1,46.0,39.0,voiture,utilitaire_camion,1,1,1,1,3
202300000365,2023-12-08 07:45:00,2023,12,8,7,45,58,58194,HENRI BOUQUILLARD,46.99493,3.13339,Nuit avec éclairage non allumé,En agglomération,Hors intersection,Pluie forte,Deux véhicules - frontale,4,2,2,0,1,1,2,0,1,50,1,2,1,0,1,0,51.0,,voiture,,4,2,1,3,1
202300000366,2023-06-10 18:40:00,2023,6,10,18,40,29,29233,119 Rue du Couédic,47.87964487,-3.55418695,Plein jour,En agglomération,Giratoire,Normale,Deux véhicules - côté,4,-1, -1,0,1,1,1,0,1,50,2,2,1,0,0,1,56.0,18.0,voiture,deux_roues,1,2,6,1,3
202300000366,2023-06-10 18:40:00,2023,6,10,18,40,29,29233,119 Rue du Couédic,47.87964487,-3.55418695,Plein jour,En agglomération,Giratoire,Normale,Deux véhicules - côté,4,2,2,0,1,1,1,0,1,50,2,2,1,0,0,1,56.0,18.0,voiture,deux_roues,1,2,6,1,3
202300000367,2023-06-21 07:45:00,2023,6,21,7,45,58,58194,GALVACHERS (ROND POINT),46.99462,3.18933,Plein jour,En agglomération,Giratoire,Normale,Deux véhicules - côté,4,1,2,0,1,1,1,0,1,30,2,2,1,0,0,1,20.0,57.0,deux_roues,voiture,1,2,6,1,3
202300000367,2023-06-21 07:45:00,2023,6,21,7,45,58,58194,GALVACHERS (ROND POINT),46.99462,3.18933,Plein jour,En agglomération,Giratoire,Normale,Deux véhicules - côté,4,2,2,0,1,1,1,0,1,30,2,2,1,0,0,1,20.0,57.0,deux_roues,voiture,1,2,6,1,3
202300000368,2023-06-10 17:30:00,2023,6,10,17,30,77,77265,D402,48.966852,3.164018,Plein jour,Hors agglomération,Hors intersection,Normale,Deux véhicules - frontale,3,2,2,0,1,3,1,0,1,80,2,2,1,0,1,0,23.0,27.0,voiture,deux_roues,1,1,1,1,1
202300000369,2023-11-12 17:40:00,2023,11,12,17,40,75,75112,95 boulevard poniatowski,48.834144,2.404051,Nuit avec éclairage allumé,En agglomération,Hors intersection,Pluie forte,Autre collision,4,3,6,3,1,1,2,-1,6,50,1,2,1,1,0,0,56.0,,transport_commun,,5,2,1,3,6
202300000370,2023-06-10 18:32:00,2023,6,10,18,32,66,66037,,42.688925,3.034871,Plein jour,En agglomération,Intersection en T,Normale,Deux véhicules - frontale,4,2,3,0,1,1,1,0,1,30,2,3,1,0,0,2,31.0,21.0,voiture,deux_roues,1,2,3,1,1
202300000370,2023-06-10 18:32:00,2023,6,10,18,32,66,66037,,42.688925,3.034871,Plein jour,En agglomération,Intersection en T,Normale,Deux véhicules - frontale,4,2,2,-1,1,1,1,5,8,-1,2,3,1,0,0,2,31.0,21.0,voiture,deux_roues,1,2,3,1,1
202300000371,2023-10-06 15:05:00,2023,10,6,15,5,93,93063,Avenue Gaston Roussel,48.89372743,2.4353696,Plein jour,En agglomération,Hors intersection,Normale,Autre collision,3,2,2,0,1,1,1,8,1,50,1,2,1,0,0,1,34.0,,voiture,,1,2,1,1,6
202300000372,2023-06-10 13:15:00,2023,6,10,13,15,66,66182,,42.728745,3.024588,Plein jour,En agglomération,Hors intersection,Temps éblouissant,Autre collision,4,2,2,0,1,2,1,0,4,50,1,1,0,0,1,0,78.0,,voiture,,1,2,1,7,6
202300000373,2023-06-10 16:32:00,2023,6,10,16,32,68,68359,D431,47.849338,7.147746,Plein jour,Hors agglomération,Hors intersection,Normale,Deux véhicules - frontale,3,-1,2,0,2,1,1,0,1,70,2,2,0,0,2,0,25.0,42.0,deux_roues,deux_roues,1,1,1,1,1
202300000374,2023-10-03 03:10:00,2023,10,3,3,10,93,93063,Route de Montreuil,48.87613647,2.44855594,Nuit avec éclairage allumé,En agglomération,Hors intersection,Normale,Deux véhicules - frontale,3,2,2,0,1,1,1,0,1,50,2,2,1,0,0,1,,32.0,voiture,voiture,5,2,1,1,1
202300000375,2023-06-11 18:05:00,2023,6,11,18,5,55,55122,Rue de la Poterne,48.762261,5.592368,Plein jour,En agglomération,Hors intersection,Normale,Autre collision,4,1,2,0,1,1,1,0,1,50,1,2,1,0,0,1,50.0,,deux_roues,,1,2,1,1,6
202300000376,2023-10-02 13:20:00,2023,10,2,13,20,93,93045,Rue de Paris / Avenue Waldeck Rousseau,48.88092,2.42009,Plein jour,En agglomération,Autre intersection,Normale,Autre collision,3,1,1,0,1,1,1,0,1,-1,1,2,1,0,0,1,26.0,,voiture,,1,2,9,1,6
202300000376,2023-10-02 13:20:00,2023,10,2,13,20,93,93045,Rue de Paris / Avenue Waldeck Rousseau,48.88092,2.42009,Plein jour,En agglomération,Autre intersection,Normale,Autre collision,3,2,2,2,1,1,1,0,1,30,1,2,1,0,0,1,26.0,,voiture,,1,2,9,1,6
202300000377,2023-06-10 03:23:00,2023,6,10,3,23,38,38565,Avenue du 11 Novembre,45.263464,5.656529,Nuit sans éclairage public,Hors agglomération,Autre intersection,Normale,Autre collision,3,2,0,0,1,1,1,9,1,70,1,1,0,0,1,0,21.0,,voiture,,3,1,9,1,6
202300000378,2023-06-11 04:00:00,2023,6,11,4,0,07,07279,D86,44.431557,4.642278,Nuit sans éclairage public,Hors agglomération,Hors intersection,Normale,Autre collision,4,2,2,0,1,2,1,0,1,80,1,1,0,0,0,1,32.0,,voiture,,3,1,1,1,6
202300000379,2023-09-26 12:40:00,2023,9,26,12,40,93,93063,Avenue Paul Vaillant - Couturier,48.8850988,2.43465029,Plein jour,En agglomération,Hors intersection,Normale,Autre collision,3,2,2,0,1,1,1,0,1,50,1,2,1,0,0,1,26.0,,deux_roues,,1,2,1,1,6
202300000380,2023-06-11 02:50:00,2023,6,11,2,50,69,69270,Route de Corbas,45.63706339,4.91756394,Nuit sans éclairage public,Hors agglomération,Hors intersection,Normale,Deux véhicules - frontale,3,2,2,1,2,1,1,2,1,80,2,3,0,0,1,2,28.0,18.0,voiture,voiture,3,1,1,1,1
202300000381,2023-09-19 17:44:00,2023,9,19,17,44,93,93006,MITTERRAND FRANCOIS RUE,48.87672,2.42325,Crépuscule ou aube,En agglomération,Hors intersection,Temps couvert,Deux véhicules - côté,4,2,2,0,1,1,1,0,1,50,2,2,1,0,0,1,37.0,25.0,deux_roues,deux_roues,2,2,1,8,3
202300000382,2023-06-10 12:25:00,2023,6,10,12,25,31,31291,Avenue de Clairefontaine,43.594224,1.235458,Plein jour,En agglomération,Intersection en X,Normale,Trois véhicules et plus - collisions multiples,3,2,2,0,1,1,1,5,1,50,4,5,4,0,0,1,65.0,19.0,voiture,deux_roues,1,2,2,1,5
202300000382,2023-06-10 12:25:00,2023,6,10,12,25,31,31291,Avenue de Clairefontaine,43.594224,1.235458,Plein jour,En agglomération,Intersection en X,Normale,Trois véhicules et plus - collisions multiples,3,2,2,0,1,1,1,0,8,50,4,5,4,0,0,1,65.0,19.0,voiture,deux_roues,1,2,2,1,5
202300000383,2023-09-19 12:30:00,2023,9,19,12,30,93,93006,Rue Marie-anne Colombier ,48.87093,2.41727,Plein jour,En agglomération,Autre intersection,Normale,Autre collision,4,1,1,0,1,1,1,0,1,30,1,2,1,0,0,1,41.0,,voiture,,1,2,9,1,6
202300000384,2023-06-11 07:30:00,2023,6,11,7,30,33,33240,12 Avenue Pierre Mendes France,45.31291536,-0.9412998,Plein jour,En agglomération,Hors intersection,Normale,Autre collision,3,2,2,0,1,3,1,0,3,50,1,2,0,0,0,2,36.0,,voiture,,1,2,1,1,6
202300000385,2023-09-08 22:40:00,2023,9,8,22,40,93,93006,Rue Adelaide Lahaye / Rue Paul Vaillant-couturier ,48.86758954,2.41697341,Nuit avec éclairage allumé,En agglomération,Intersection en X,Normale,Deux véhicules - arrière,3,1,1,0,1,1,1,0,1,30,2,2,1,0,0,1,,30.0,voiture,deux_roues,5,2,2,1,2
202300000385,2023-09-08 22:40:00,2023,9,8,22,40,93,93006,Rue Adelaide Lahaye / Rue Paul Vaillant-couturier ,48.86758954,2.41697341,Nuit avec éclairage allumé,En agglomération,Intersection en X,Normale,Deux véhicules - arrière,3,2,2,0,2,1,1,0,1,30,2,2,1,0,0,1,,30.0,voiture,deux_roues,5,2,2,1,2
202300000386,2023-06-11 17:45:00,2023,6,11,17,45,33,33100,Lieu Dit la Pistolette,45.140876,-0.597411,Plein jour,Hors agglomération,Intersection en X,Normale,Deux véhicules - frontale,3,2,2,0,1,1,1,5,1,80,2,2,0,1,0,1,65.0,62.0,voiture,voiture,1,1,2,1,1
202300000386,2023-06-11 17:45:00,2023,6,11,17,45,33,33100,Lieu Dit la Pistolette,45.140876,-0.597411,Plein jour,Hors agglomération,Intersection en X,Normale,Deux véhicules - frontale,3,2,2,0,1,1,1,5,1,80,2,2,0,1,0,1,65.0,62.0,voiture,voiture,1,1,2,1,1
202300000387,2023-06-11 06:20:00,2023,6,11,6,20,56,56246,kerabus,48.0525,-2.982295,Crépuscule ou aube,Hors agglomération,Hors intersection,Normale,Autre collision,4,2,2,0,2,2,1,0,3,80,1,1,0,1,0,0,35.0,,voiture,,2,1,1,1,6
202300000388,2023-09-02 11:30:00,2023,9,2,11,30,93,93006,Avenue de Stalingrad / Rue des Rigondes ,48.87113937,2.43077821,Plein jour,En agglomération,Autre intersection,Normale,Deux véhicules - côté,3,2,2,0,1,1,1,0,1,-1,2,2,1,0,0,1,30.0,37.0,voiture,voiture,1,2,9,1,3
202300000388,2023-09-02 11:30:00,2023,9,2,11,30,93,93006,Avenue de Stalingrad / Rue des Rigondes ,48.87113937,2.43077821,Plein jour,En agglomération,Autre intersection,Normale,Deux véhicules - côté,3,3,3,1,1,1,1,0,1,50,2,2,1,0,0,1,30.0,37.0,voiture,voiture,1,2,9,1,3
202300000389,2023-06-11 00:21:00,2023,6,11,0,21,22,22136,D69,48.159219,-2.812146,Nuit sans éclairage public,Hors agglomération,Hors intersection,Normale,Autre collision,3,2,2,0,2,1,1,0,1,80,1,2,1,1,0,0,27.0,,voiture,,3,1,1,1,6
202300000390,2023-08-27 09:55:00,2023,8,27,9,55,93,93006,REPUBLIQUE AVENUE DE LA ,48.86335,2.41434,Plein jour,En agglomération,Intersection en Y,Normale,Deux véhicules - côté,3,1,0,3,1,1,1,6,1,-1,2,2,1,0,0,1,24.0,50.0,voiture,deux_roues,1,2,4,1,3
202300000390,2023-08-27 09:55:00,2023,8,27,9,55,93,93006,REPUBLIQUE AVENUE DE LA ,48.86335,2.41434,Plein jour,En agglomération,Intersection en Y,Normale,Deux véhicules - côté,3,3,4,1,1,1,1,-1,1,50,2,2,1,0,0,1,24.0,50.0,voiture,deux_roues,1,2,4,1,3
202300000391,2023-12-12 19:45:00,2023,12,12,19,45,59,59512,Boulevard d'Armentières,50.702245,3.164571,Nuit avec éclairage allumé,En agglomération,Passage à niveau,Normale,Autre collision,4,-1, -1,-1,1,1,1,4,8,-1,1,2,1,1,0,0,50.0,,transport_commun,,5,2,8,1,6
202300000392,2023-06-10 19:15:00,2023,6,10,19,15,59,59087,D943b,50.66744382,2.45745465,Plein jour,Hors agglomération,Intersection en X,Temps éblouissant,Trois véhicules et plus - collisions multiples,3,2,2,0,1,1,1,0,1,80,3,4,3,0,0,1,59.0,32.0,voiture,voiture,1,1,2,7,5
202300000392,2023-06-10 19:15:00,2023,6,10,19,15,59,59087,D943b,50.66744382,2.45745465,Plein jour,Hors agglomération,Intersection en X,Temps éblouissant,Trois véhicules et plus - collisions multiples,3,2, -1,0,1,1,1,5,1,80,3,4,3,0,0,1,59.0,32.0,voiture,voiture,1,1,2,7,5
202300000393,2023-06-10 22:30:00,2023,6,10,22,30,59,59452,D54a,50.459031,3.023177,Crépuscule ou aube,En agglomération,Hors intersection,Normale,Deux véhicules - frontale,3,2,2,0,1,1,1,9,1,50,2,2,1,0,0,1,,17.0,voiture,deux_roues,2,2,1,1,1
202300000394,2023-11-22 08:00:00,2023,11,22,8,0,44,44020,61 Rue Jean Mermoz,47.181883,-1.576117,Plein jour,En agglomération,Passage à niveau,Normale,Autre collision,4,2,2,0,1,1,1,4,1,-1,1,2,1,1,0,0,38.0,,transport_commun,,1,2,8,1,6
202300000395,2023-06-09 07:34:00,2023,6,9,7,34,13,13005,A50-Sens Marseille vers Aubagne,43.288972,5.559532,Plein jour,Hors agglomération,Hors intersection,Normale,Deux véhicules - côté,1,3,2,0,1,3,1,0,3,90,2,2,1,0,1,0,21.0,45.0,voiture,deux_roues,1,1,1,1,3
202300000396,2023-07-29 05:00:00,2023,7,29,5,0,82,82028,402 Chemin de Villelongue,43.850862,1.286979,Nuit sans éclairage public,Hors agglomération,Passage à niveau,Normale,Deux véhicules - frontale,4,2,2,0,1,1,1,4,1,-1,2,2,1,1,0,0,31.0,43.0,deux_roues,transport_commun,3,1,8,1,1
202300000397,2023-06-06 14:00:00,2023,6,6,14,0,67,67218,M35,48.53066,7.6946,Plein jour,Hors agglomération,Hors intersection,Normale,Deux véhicules - arrière,7,1,2,0,2,1,1,0,1,90,2,4,1,0,0,3,42.0,75.0,utilitaire_camion,voiture,1,1,1,1,2
202300000398,2023-12-02 06:45:00,2023,12,2,6,45,38,38454,Rue des Lavandes,45.1559,5.33619,Nuit sans éclairage public,Hors agglomération,Passage à niveau,Normale,Autre collision,4,2,2,0,1,1,1,4,1,-1,1,2,1,1,0,0,60.0,,transport_commun,,3,1,8,1,6
202300000399,2023-06-10 15:55:00,2023,6,10,15,55,91,91086,RN 104,48.62347,2.39039,Plein jour,Hors agglomération,Hors intersection,Normale,Trois véhicules et plus - en chaîne,2,1,2,0,1,1,1,0,1,110,3,3,2,0,0,1,34.0,40.0,deux_roues,voiture,1,1,1,1,4
202300000400,2023-07-21 20:30:00,2023,7,21,20,30,64,64102,14 Rue Docteur André Voulgre,43.473552,-1.483459,Nuit sans éclairage public,En agglomération,Passage à niveau,Normale,Autre collision,4,2,2,0,4,4,1,4,1,-1,1,2,1,1,0,0,43.0,,transport_commun,,3,2,8,1,6
202300000401,2023-06-09 20:00:00,2023,6,9,20,0,91,91377,RN20,48.7192,2.29881,Plein jour,En agglomération,Autre intersection,Normale,Deux véhicules - côté,3,3,4,0,1,1,1,0,1,70,2,2,1,0,0,1,40.0,58.0,utilitaire_camion,deux_roues,1,2,9,1,3
202300000402,2023-07-13 20:30:00,2023,7,13,20,30,78,78372,19 rue de l'étang,48.871824,2.083314,Crépuscule ou aube,En agglomération,Passage à niveau,Normale,Autre collision,4,2,2,0,1,2,1,4,1,-1,1,2,1,1,0,0,31.0,,transport_commun,,2,2,8,1,6
202300000403,2023-06-09 19:50:00,2023,6,9,19,50,94,94016,A6A,48.79246904,2.34446138,Plein jour,Hors agglomération,Hors intersection,Normale,Deux véhicules - arrière,1,2,3,0,1,1,1,0,1,90,2,6,1,0,0,5,43.0,33.0,utilitaire_camion,voiture,1,1,1,1,2
202300000404,2023-04-25 23:30:00,2023,4,25,23,30,10,10426,Forges Saint-Bernard,48.162282,4.7882,Nuit sans éclairage public,Hors agglomération,Passage à niveau,Normale,Autre collision,4,2,2,-1,1,1,1,4,2,-1,1,2,1,1,0,0,38.0,,transport_commun,,3,1,8,1,6
202300000405,2023-06-10 17:30:00,2023,6,10,17,30,78,78640,A86 INT,48.777711,2.218096,Plein jour,Hors agglomération,Hors intersection,Normale,Deux véhicules - arrière,1,-1,1,0,1,1,1,0,1,50,2,3,2,0,0,1,25.0,62.0,voiture,voiture,1,1,1,1,2
202300000406,2023-04-17 17:00:00,2023,4,17,17,0,49,49307,Rue du Port La Vallée,47.412473,-0.31901,Plein jour,Hors agglomération,Hors intersection,Normale,Autre collision,4,2,2,-1,1,1,1,0,1,-1,1,2,1,1,0,0,43.0,,transport_commun,,1,1,1,1,6
202300000407,2023-06-09 19:45:00,2023,6,9,19,45,78,78140,A13,48.964974,1.924912,Plein jour,Hors agglomération,Hors intersection,Normale,Autre collision,1,-1,3,0,2,1,1,0,1,130,1,1,0,0,0,1,33.0,,voiture,,1,1,1,1,6
202300000408,2023-06-09 19:15:00,2023,6,9,19,15,92,92036,A86,48.93540166,2.26544968,Plein jour,Hors agglomération,Hors intersection,Normale,Deux véhicules - côté,1,-1,2,0,1,1,1,0,1,90,2,5,4,0,0,1,27.0,57.0,voiture,deux_roues,1,1,1,1,3
202300000409,2023-06-10 16:00:00,2023,6,10,16,0,93,93078,AUTOROUTE A104,48.96216227,2.54624123,Plein jour,Hors agglomération,Hors intersection,Normale,Deux véhicules - arrière,1,3,3,0,1,1,1,0,1,90,2,4,2,0,0,2,21.0,28.0,utilitaire_camion,voiture,1,1,1,1,2
202300000410,2023-04-16 13:40:00,2023,4,16,13,40,91,91027,AV DE MORANGIS,48.70579,2.366829,Plein jour,En agglomération,Hors intersection,Pluie légère,Deux véhicules - arrière,3,2,2,1,1,1,2,0,1,50,2,2,1,0,0,1,,33.0,utilitaire_camion,utilitaire_camion,1,2,1,2,2
202300000411,2023-06-10 06:30:00,2023,6,10,6,30,93,93008,AUTOROUTE A86,48.90640692,2.45788515,Plein jour,Hors agglomération,Hors intersection,Normale,Autre collision,1,1,2,0,1,1,1,3,8,70,1,1,0,0,0,1,38.0,,voiture,,1,1,1,1,6
202300000412,2023-06-09 17:55:00,2023,6,9,17,55,92,92036,RN 315 ,48.93472322,2.30194713,Plein jour,Hors agglomération,Hors intersection,Normale,Deux véhicules - arrière,2,3,4,0,1,1,1,3,2,70,2,2,1,0,0,1,46.0,68.0,deux_roues,voiture,1,1,1,1,2
202300000413,2023-09-29 21:10:00,2023,9,29,21,10,13,13213,A507 sens Aubagne- Marseille,43.32991768,5.40887117,Nuit avec éclairage allumé,Hors agglomération,Hors intersection,Normale,Deux véhicules - arrière,1,1,2,0,1,1,1,1,1,70,2,3,1,0,0,2,19.0,27.0,deux_roues,voiture,5,1,1,1,2
202300000414,2023-06-09 16:00:00,2023,6,9,16,0,95,95241,N104,49.05119,2.42953,Plein jour,Hors agglomération,Hors intersection,Normale,Trois véhicules et plus - en chaîne,2,3,2,0,1,1,1,0,1,110,4,4,3,0,0,1,34.0,27.0,utilitaire_camion,voiture,1,1,1,1,4
202300000415,2023-03-21 08:00:00,2023,3,21,8,0,52,52448,1 Rue André Theuriet ,48.640618,4.95495,Plein jour,En agglomération,Hors intersection,Normale,Autre collision,4,-1,1,-1,1,1,1,0,6,-1,1,2,1,1,0,0,35.0,,transport_commun,,1,2,1,1,6
202300000416,2023-06-09 19:15:00,2023,6,9,19,15,94,94042,A4,48.82854107,2.47576095,Plein jour,Hors agglomération,Hors intersection,Normale,Deux véhicules - arrière,1,3,4,0,1,1,1,0,1,90,2,2,1,0,0,1,28.0,45.0,voiture,deux_roues,1,1,1,1,2
202300000417,2023-03-01 12:50:00,2023,3,1,12,50,01,01299,,46.02382667,5.05243421,Plein jour,Hors agglomération,Passage à niveau,Normale,Deux véhicules - côté,5,2,1,0,1,1,1,4,1,-1,2,2,1,1,0,0,46.0,43.0,transport_commun,voiture,1,1,8,1,3
202300000418,2023-06-09 09:45:00,2023,6,9,9,45,94,94052,A86,48.83826565,2.49372861,Plein jour,Hors agglomération,Hors intersection,Normale,Trois véhicules et plus - en chaîne,1,1,3,0,1,1,1,1,1,90,3,3,1,0,0,2,37.0,55.0,voiture,voiture,1,1,1,1,4
202300000419,2023-09-28 14:30:00,2023,9,28,14,30,93,93061,PERI GABRIEL RUE,48.886602,2.407326,Plein jour,En agglomération,Hors intersection,Normale,Deux véhicules - côté,4,2,2,0,1,1,1,0,1,50,2,2,1,0,0,1,19.0,38.0,deux_roues,voiture,1,2,1,1,3
202300000420,2023-06-09 07:55:00,2023,6,9,7,55,76,76351,FERNAND CHATEL,49.5196,0.11003,Plein jour,En agglomération,Intersection en T,Normale,Autre collision,4,2,2,0,1,1,1,0,1,50,1,2,1,0,0,1,19.0,,voiture,,1,2,3,1,6
202300000420,2023-06-09 07:55:00,2023,6,9,7,55,76,76351,FERNAND CHATEL,49.5196,0.11003,Plein jour,En agglomération,Intersection en T,Normale,Autre collision,4,2,2,0,1,1,1,0,1,50,1,2,1,0,0,1,19.0,,voiture,,1,2,3,1,6
202300000421,2023-06-09 09:20:00,2023,6,9,9,20,31,31555,AV DE TABAR,43.57425,1.4035,Plein jour,En agglomération,Intersection en X,Pluie légère,Deux véhicules - côté,4,1,2,3,1,1,2,0,1,50,2,3,1,0,0,1,,44.0,voiture,voiture,1,2,2,2,3
202300000421,2023-06-09 09:20:00,2023,6,9,9,20,31,31555,AV DE TABAR,43.57425,1.4035,Plein jour,En agglomération,Intersection en X,Pluie légère,Deux véhicules - côté,4,2,2,0,1,1,2,0,1,50,2,3,1,0,0,1,,44.0,voiture,voiture,1,2,2,2,3
202300000422,2023-06-09 12:50:00,2023,6,9,12,50,27,27681,MENDES FRANCE (AVENUE PIERRE),49.0904912,1.4845961,Plein jour,En agglomération,Giratoire,Normale,Autre collision,4,2,2,0,1,1,1,5,1,50,1,2,1,0,0,1,40.0,,voiture,,1,2,6,1,6
202300000422,2023-06-09 12:50:00,2023,6,9,12,50,27,27681,MENDES FRANCE (AVENUE PIERRE),49.0904912,1.4845961,Plein jour,En agglomération,Giratoire,Normale,Autre collision,4,2,2,0,1,1,1,0,1,30,1,2,1,0,0,1,40.0,,voiture,,1,2,6,1,6
202300000423,2023-09-18 18:45:00,2023,9,18,18,45,93,93006,CHATEAU RUE DU,48.862956,2.415185,Plein jour,En agglomération,Intersection en T,Normale,Deux véhicules - côté,4,-1,1,0,1,1,1,0,1,50,2,2,1,0,0,1,30.0,33.0,deux_roues,deux_roues,1,2,3,1,3
202300000423,2023-09-18 18:45:00,2023,9,18,18,45,93,93006,CHATEAU RUE DU,48.862956,2.415185,Plein jour,En agglomération,Intersection en T,Normale,Deux véhicules - côté,4,-1,0,0,1,1,1,0,1,50,2,2,1,0,0,1,30.0,33.0,deux_roues,deux_roues,1,2,3,1,3
202300000424,2023-06-09 16:50:00,2023,6,9,16,50,27,27229,SAINT GERMAIN (RUE),49.01698,1.12549,Plein jour,En agglomération,Hors intersection,Normale,Autre collision,4,2,0,0,1,1,1,0,1,30,1,2,1,0,0,1,54.0,,voiture,,1,2,1,1,6
202300000425,2023-09-02 21:25:00,2023,9,2,21,25,93,93045,BRUYERES RUE DES,48.877304,2.413933,Nuit avec éclairage allumé,En agglomération,Hors intersection,Normale,Deux véhicules - côté,3,2,2,0,1,1,1,0,1,30,2,2,1,0,0,1,25.0,24.0,voiture,deux_roues,5,2,1,1,3
202300000426,2023-06-09 12:15:00,2023,6,9,12,15,75,75109,RUE DU CONSERVATOIRE,48.87211,2.346702,Plein jour,En agglomération,Intersection en T,Normale,Autre collision,4,-1, -1,0,1,1,1,0,1,30,1,2,1,0,0,1,56.0,,deux_roues,,1,2,3,1,6