accident_id,datetime,annee,mois,jour,heure,minute,departement,commune_insee,adresse,latitude,longitude,luminosite,agglomeration,intersection,meteo,collision,catr,circ,nbv,vosp,prof,plan,surf,infra,situ,vma,nb_vehicules,nb_usagers,nb_indemnes,nb_tues,nb_blesses_hosp,nb_blesses_legers,age_cond_1,age_cond_2,veh_type_cond_1,veh_type_cond_2,lum_code,agg_code,int_code,atm_code,col_code
202300000503,2023-09-30 20:30:00,2023,9,30,20,30,91,91174,BD JOHN KENNEDY,48.58308,2.47649,Nuit avec éclairage allumé,En agglomération,Intersection en X,Normale,Deux véhicules - frontale,4,2,2,0,1,1,1,0,1,50,2,2,1,0,0,1,30.0,23.0,deux_roues,voiture,5,2,2,1,1
202300000504,2023-09-25 17:00:00,2023,9,25,17,0,69,69149,Rue des Anciennes Tanneries,45.71439037,4.81840357,Plein jour,En agglomération,Hors intersection,Normale,Deux véhicules - arrière,4,1,1,0,1,1,1,5,1,50,2,2,1,0,0,1,39.0,41.0,voiture,voiture,1,2,1,1,2
202300000505,2023-10-25 13:03:00,2023,10,25,13,3,87,87050,EGLISE (RUE DE L'),45.87695,1.24053,Plein jour,En agglomération,Intersection en X,Pluie forte,Deux véhicules - côté,4,2,2,0,2,1,2,5,1,50,2,2,1,0,0,1,79.0,16.0,voiture,deux_roues,1,2,2,3,3
202300000505,2023-10-25 13:03:00,2023,10,25,13,3,87,87050,EGLISE (RUE DE L'),45.87695,1.24053,Plein jour,En agglomération,Intersection en X,Pluie forte,Deux véhicules - côté,4,2,2,0,1,3,2,5,1,50,2,2,1,0,0,1,79.0,16.0,voiture,deux_roues,1,2,2,3,3
202300000506,2023-09-25 19:01:00,2023,9,25,19,1,2B,2B120,11 - RT,42.64779,9.44026,Plein jour,En agglomération,Hors intersection,Normale,Autre collision,2,3,4,0,1,1,1,0,1,70,2,3,0,0,1,2,31.0,66.0,voiture,voiture,1,2,1,1,6
202300000507,2023-10-26 13:45:00,2023,10,26,13,45,84,84035,JOFFRE (AVENUE DU MARECHAL),43.834465,5.041005,Plein jour,En agglomération,Autre intersection,Normale,Autre collision,4,-1,2,0,1,3,1,0,1,50,1,2,1,0,0,1,22.0,,voiture,,1,2,9,1,6
202300000508,2023-09-25 14:00:00,2023,9,25,14,0,971,97113,MONTAUBAN (SECTEUR),16.21571166,-61.50317609,Plein jour,En agglomération,Hors intersection,Normale,Deux véhicules - côté,3,2,2,0,1,1,1,0,1,50,2,3,2,0,0,1,55.0,37.0,transport_commun,voiture,1,2,1,1,3
202300000509,2023-10-24 12:03:00,2023,10,24,12,3,80,80021,SAINT MARTIN AUX WAIDES (RUE),49.89482,2.29912,Plein jour,En agglomération,Hors intersection,Normale,Autre collision,4,1,2,0,1,1,1,0,1,30,1,2,1,0,0,1,31.0,,transport_commun,,1,2,1,1,6
202300000510,2023-09-25 01:05:00,2023,9,25,1,5,971,97101,CHAUVEL,16.23969,-61.51937,Nuit avec éclairage allumé,En agglomération,Hors intersection,Normale,Autre collision,3,2,2,0,1,1,1,0,1,50,1,2,1,0,0,1,54.0,,voiture,,5,2,1,1,6
202300000511,2023-10-18 15:27:00,2023,10,18,15,27,80,80674,RN 25,49.91594,2.34074,Plein jour,Hors agglomération,Hors intersection,Temps couvert,Trois véhicules et plus - en chaîne,2,3,2,0,1,1,1,0,1,110,3,3,2,0,0,1,60.0,24.0,utilitaire_camion,voiture,1,1,1,8,4
202300000512,2023-09-24 09:45:00,2023,9,24,9,45,971,97113,SECTION TOMBEAU,16.21971,-61.47981,Plein jour,Hors agglomération,Hors intersection,Pluie légère,Deux véhicules - frontale,4,2,1,0,1,1,2,0,1,50,2,4,0,0,0,4,26.0,40.0,voiture,voiture,1,1,1,2,1
202300000513,2023-10-26 08:10:00,2023,10,26,8,10,78,78220,D73,48.70833,1.89022,Crépuscule ou aube,Hors agglomération,Hors intersection,Normale,Deux véhicules - côté,3,2,2,0,1,1,2,0,1,80,2,2,1,1,0,0,33.0,35.0,utilitaire_camion,deux_roues,2,1,1,1,3
202300000514,2023-09-24 06:15:00,2023,9,24,6,15,971,97101,PATRICK SAINT ELOI ( AVENUE ),16.25813,-61.51951,Plein jour,Hors agglomération,Hors intersection,Pluie légère,Sans collision,3,2,2,0,1,1,2,0,8,50,1,1,0,0,0,1,32.0,,voiture,,1,1,1,2,7
202300000515,2023-10-26 19:05:00,2023,10,26,19,5,78,78015,SCHOELCHER (AVENUE VICTOR),48.97943,2.048,Nuit sans éclairage public,Hors agglomération,Intersection en T,Pluie forte,Deux véhicules - côté,3,2,2,0,1,1,2,5,1,50,2,2,0,1,0,1,20.0,39.0,deux_roues,voiture,3,1,3,3,3
202300000515,2023-10-26 19:05:00,2023,10,26,19,5,78,78015,SCHOELCHER (AVENUE VICTOR),48.97943,2.048,Nuit sans éclairage public,Hors agglomération,Intersection en T,Pluie forte,Deux véhicules - côté,3,2,2,0,1,1,2,5,1,70,2,2,0,1,0,1,20.0,39.0,deux_roues,voiture,3,1,3,3,3
202300000516,2023-09-25 16:30:00,2023,9,25,16,30,2A,2A004,CANNES CITE RUE DES CANNES,41.93442,8.74183,Plein jour,En agglomération,Intersection en X,Normale,Deux véhicules - côté,4,2,2,0,1,1,1,0,1,50,2,2,1,0,0,1,78.0,15.0,voiture,voiture,1,2,2,1,3
202300000516,2023-09-25 16:30:00,2023,9,25,16,30,2A,2A004,CANNES CITE RUE DES CANNES,41.93442,8.74183,Plein jour,En agglomération,Intersection en X,Normale,Deux véhicules - côté,4,2,2,0,1,1,1,9,1,50,2,2,1,0,0,1,78.0,15.0,voiture,voiture,1,2,2,1,3
202300000517,2023-10-25 20:40:00,2023,10,25,20,40,77,77495,D306,48.57241,2.62113,Nuit sans éclairage public,En agglomération,Hors intersection,Normale,Deux véhicules - arrière,3,2,3,0,1,1,1,0,1,70,2,2,1,0,1,0,42.0,21.0,voiture,voiture,3,2,1,1,2
202300000518,2023-10-26 10:30:00,2023,10,26,10,30,76,76540,Place Saint Paul,49.43483,1.10583,Plein jour,En agglomération,Intersection en X,Pluie légère,Deux véhicules - côté,7,2,4,3,1,1,2,-1,1,50,2,2,1,0,0,1,31.0,64.0,voiture,voiture,1,2,2,2,3
202300000518,2023-10-26 10:30:00,2023,10,26,10,30,76,76540,Place Saint Paul,49.43483,1.10583,Plein jour,En agglomération,Intersection en X,Pluie légère,Deux véhicules - côté,7,1,4,3,1,1,2,0,1,50,2,2,1,0,0,1,31.0,64.0,voiture,voiture,1,2,2,2,3
202300000519,2023-10-26 02:00:00,2023,10,26,2,0,76,76351,MICHEL FERE (QUAI),49.48925,0.11118,Nuit avec éclairage allumé,En agglomération,Giratoire,Normale,Sans collision,4,-1,1,0,1,1,1,0,1,50,1,1,0,0,0,1,21.0,,deux_roues,,5,2,6,1,7
202300000520,2023-09-24 19:15:00,2023,9,24,19,15,91,91645,BOULIE (RUE DE LA),48.7416,2.25426,Plein jour,En agglomération,Intersection en T,Normale,Trois véhicules et plus - collisions multiples,4,2,0,1,1,1,1,0,5,50,3,3,1,0,0,2,19.0,59.0,voiture,deux_roues,1,2,3,1,5
202300000520,2023-09-24 19:15:00,2023,9,24,19,15,91,91645,BOULIE (RUE DE LA),48.7416,2.25426,Plein jour,En agglomération,Intersection en T,Normale,Trois véhicules et plus - collisions multiples,4,2,1,0,1,1,1,0,1,50,3,3,1,0,0,2,19.0,59.0,voiture,deux_roues,1,2,3,1,5
202300000521,2023-10-25 18:20:00,2023,10,25,18,20,69,69115,Rue du 11 Novembre 1918,45.97499,4.7103,Crépuscule ou aube,En agglomération,Hors intersection,Pluie légère,Autre collision,4,2,2,0,1,1,2,0,1,50,1,2,1,0,0,1,15.0,,voiture,,2,2,1,2,6
202300000522,2023-09-24 14:10:00,2023,9,24,14,10,91,91201,PL DE LA REPUBLIQUE,48.686,2.40964,Plein jour,En agglomération,Hors intersection,Normale,Autre collision,4,-1,0,0,1,1,1,6,8,-1,1,2,1,0,0,1,27.0,,utilitaire_camion,,1,2,1,1,6
202300000523,2023-09-25 09:15:00,2023,9,25,9,15,91,91326,COUR DE FRANCE (AVENUE DE LA),48.687731,2.371749,Plein jour,En agglomération,Hors intersection,Normale,Autre collision,3,3,4,0,1,1,1,0,1,50,1,2,1,0,0,1,50.0,,deux_roues,,1,2,1,1,6
202300000524,2023-10-26 08:35:00,2023,10,26,8,35,67,67482,SAVERNE (PONT DE),48.58457,7.7408,Plein jour,En agglomération,Intersection en T,Pluie légère,Deux véhicules - côté,4,3,4,1,1,1,2,0,5,30,2,2,1,0,0,1,23.0,44.0,deux_roues,deux_roues,1,2,3,2,3
202300000524,2023-10-26 08:35:00,2023,10,26,8,35,67,67482,SAVERNE (PONT DE),48.58457,7.7408,Plein jour,En agglomération,Intersection en T,Pluie légère,Deux véhicules - côté,4,3,4,0,1,1,2,2,5,30,2,2,1,0,0,1,23.0,44.0,deux_roues,deux_roues,1,2,3,2,3
202300000525,2023-09-24 09:50:00,2023,9,24,9,50,91,91223,BRESSAULT (RUE DE),48.425363,2.144949,Plein jour,En agglomération,Autre intersection,Normale,Sans collision,3,3,4,0,1,1,1,0,1,30,1,1,0,0,0,1,78.0,,voiture,,1,2,9,1,7
202300000526,2023-10-25 22:55:00,2023,10,25,22,55,67,67482,ALPES (QUAI DES),48.57443,7.76711,Nuit avec éclairage allumé,En agglomération,Intersection en T,Temps couvert,Deux véhicules - côté,4,3,8,1,1,1,2,5,1,50,2,2,1,0,0,1,67.0,19.0,voiture,deux_roues,5,2,3,8,3
202300000526,2023-10-25 22:55:00,2023,10,25,22,55,67,67482,ALPES (QUAI DES),48.57443,7.76711,Nuit avec éclairage allumé,En agglomération,Intersection en T,Temps couvert,Deux véhicules - côté,4,3,8,1,2,1,2,5,5,50,2,2,1,0,0,1,67.0,19.0,voiture,deux_roues,5,2,3,8,3
202300000527,2023-09-21 20:36:00,2023,9,21,20,36,87,87085,GRODNO  (AVENUE DE),45.82151,1.22369,Crépuscule ou aube,En agglomération,Hors intersection,Pluie légère,Deux véhicules - arrière,4,2,2,0,1,1,2,0,1,50,2,2,1,0,0,1,,20.0,voiture,deux_roues,2,2,1,2,2
202300000528,2023-10-24 09:20:00,2023,10,24,9,20,67,67482,JACQUES KABLE (RUE),48.59221,7.74401,Plein jour,En agglomération,Intersection en T,Pluie légère,Deux véhicules - côté,4,1,4,1,1,3,2,5,1,50,2,2,1,0,0,1,80.0,31.0,voiture,deux_roues,1,2,3,2,3
202300000528,2023-10-24 09:20:00,2023,10,24,9,20,67,67482,JACQUES KABLE (RUE),48.59221,7.74401,Plein jour,En agglomération,Intersection en T,Pluie légère,Deux véhicules - côté,4,3,4,0,1,3,2,5,1,50,2,2,1,0,0,1,80.0,31.0,voiture,deux_roues,1,2,3,2,3
202300000529,2023-09-17 14:00:00,2023,9,17,14,0,84,84087,ROUTE DE COURTHEZON,44.096,4.825,Plein jour,Hors agglomération,Giratoire,Normale,Deux véhicules - côté,3,4,1,0,1,1,1,0,1,30,2,3,1,0,1,1,27.0,55.0,voiture,deux_roues,1,1,6,1,3
202300000529,2023-09-17 14:00:00,2023,9,17,14,0,84,84087,ROUTE DE COURTHEZON,44.096,4.825,Plein jour,Hors agglomération,Giratoire,Normale,Deux véhicules - côté,3,4,1,0,1,1,1,0,1,30,2,3,1,0,1,1,27.0,55.0,voiture,deux_roues,1,1,6,1,3
202300000530,2023-09-25 20:30:00,2023,9,25,20,30,81,81018,CARMAUX (ROUTE DE),43.9592987,2.199504,Nuit avec éclairage allumé,En agglomération,Intersection en X,Normale,Sans collision,3,2,0,3,1,1,1,5,1,50,1,1,0,0,1,0,51.0,,deux_roues,,5,2,2,1,7
202300000530,2023-09-25 20:30:00,2023,9,25,20,30,81,81018,CARMAUX (ROUTE DE),43.9592987,2.199504,Nuit avec éclairage allumé,En agglomération,Intersection en X,Normale,Sans collision,3,2,0,0,1,1,1,0,8,50,1,1,0,0,1,0,51.0,,deux_roues,,5,2,2,1,7
202300000531,2023-09-24 16:50:00,2023,9,24,16,50,78,78650,BELGIQUE (BOULEVARD DE),48.905136,2.130817,Plein jour,En agglomération,Intersection en X,Normale,Deux véhicules - côté,4,2,2,0,1,1,1,0,1,50,2,2,1,0,0,1,76.0,43.0,voiture,deux_roues,1,2,2,1,3
202300000531,2023-09-24 16:50:00,2023,9,24,16,50,78,78650,BELGIQUE (BOULEVARD DE),48.905136,2.130817,Plein jour,En agglomération,Intersection en X,Normale,Deux véhicules - côté,4,-1,2,0,1,1,1,0,1,50,2,2,1,0,0,1,76.0,43.0,voiture,deux_roues,1,2,2,1,3
202300000532,2023-10-26 06:25:00,2023,10,26,6,25,63,63300,ENNEZAT (ROUTE D'),45.88872114,3.13733697,Nuit sans éclairage public,Hors agglomération,Intersection en T,Temps couvert,Deux véhicules - côté,3,1,1,-1,1,1,1,3,1,90,2,2,1,0,0,1,27.0,38.0,voiture,utilitaire_camion,3,1,3,8,3
202300000532,2023-10-26 06:25:00,2023,10,26,6,25,63,63300,ENNEZAT (ROUTE D'),45.88872114,3.13733697,Nuit sans éclairage public,Hors agglomération,Intersection en T,Temps couvert,Deux véhicules - côté,3,1,1,-1,2,1,1,3,1,90,2,2,1,0,0,1,27.0,38.0,voiture,utilitaire_camion,3,1,3,8,3
202300000532,2023-10-26 06:25:00,2023,10,26,6,25,63,63300,ENNEZAT (ROUTE D'),45.88872114,3.13733697,Nuit sans éclairage public,Hors agglomération,Intersection en T,Temps couvert,Deux véhicules - côté,3,3,2,0,1,1,1,9,1,90,2,2,1,0,0,1,27.0,38.0,voiture,utilitaire_camion,3,1,3,8,3
202300000533,2023-10-22 19:25:00,2023,10,22,19,25,62,62765,Rue de Calais,50.75284,2.25132,Crépuscule ou aube,En agglomération,Hors intersection,Normale,Autre collision,4,2,0,0,1,1,1,9,1,30,1,2,1,0,0,1,,,autre,,2,2,1,1,6
202300000534,2023-09-25 05:55:00,2023,9,25,5,55,78,78440,PAUL RAOULT (AVENUE),48.988523,1.91296,Nuit avec éclairage allumé,En agglomération,Hors intersection,Normale,Deux véhicules - arrière,3,3,0,0,1,1,1,5,1,50,2,2,1,0,0,1,45.0,35.0,voiture,deux_roues,5,2,1,1,2
202300000535,2023-10-25 18:20:00,2023,10,25,18,20,62,62400,D86,50.472013,2.577236,Plein jour,En agglomération,Intersection en X,Normale,Autre collision,3,-1,2,0,1,1,1,0,8,50,1,2,1,0,0,1,64.0,,voiture,,1,2,2,1,6
202300000535,2023-10-25 18:20:00,2023,10,25,18,20,62,62400,D86,50.472013,2.577236,Plein jour,En agglomération,Intersection en X,Normale,Autre collision,3,2,2,0,2,1,1,9,1,50,1,2,1,0,0,1,64.0,,voiture,,1,2,2,1,6
202300000536,2023-09-24 12:45:00,2023,9,24,12,45,77,77186,GENERAL LECLERC (BOULEVARD),48.41335,2.71301,Plein jour,En agglomération,Intersection en X,Pluie légère,Sans collision,3,-1,0,0,1,1,2,0,1,30,2,5,2,0,0,3,51.0,22.0,transport_commun,voiture,1,2,2,2,7
202300000536,2023-09-24 12:45:00,2023,9,24,12,45,77,77186,GENERAL LECLERC (BOULEVARD),48.41335,2.71301,Plein jour,En agglomération,Intersection en X,Pluie légère,Sans collision,3,-1,0,0,1,1,2,0,1,30,2,5,2,0,0,3,51.0,22.0,transport_commun,voiture,1,2,2,2,7
202300000537,2023-10-26 09:05:00,2023,10,26,9,5,59,59378,LISFRANC-CROISE LAROCHE PLACE,50.66497,3.10372,Plein jour,En agglomération,Hors intersection,Pluie forte,Deux véhicules - côté,4,1,2,0,1,1,2,0,1,50,2,4,3,0,0,1,31.0,40.0,deux_roues,voiture,1,2,1,3,3
202300000538,2023-09-25 10:25:00,2023,9,25,10,25,77,77431,RUE DE LARCHANT,48.266795,2.68501,Plein jour,En agglomération,Hors intersection,Normale,Autre collision,3,2,2,0,2,1,1,9,1,30,1,2,1,0,0,1,74.0,,voiture,,1,2,1,1,6
202300000539,2023-09-23 07:55:00,2023,9,23,7,55,76,76341,RESISTANCE (AVENUE DE LA),49.50484,0.199883,Plein jour,En agglomération,Autre intersection,Normale,Autre collision,3,2,2,0,1,1,1,0,1,50,1,2,1,0,0,1,,,utilitaire_camion,,1,2,9,1,6
202300000540,2023-10-23 17:25:00,2023,10,23,17,25,57,57441,LUXEMBOURG (ROUTE DE),49.37814,6.16973,Plein jour,Hors agglomération,Hors intersection,Pluie légère,Autre collision,3,2,2,0,1,1,2,0,1,50,2,2,1,0,0,1,31.0,29.0,deux_roues,voiture,1,1,1,2,6
202300000541,2023-10-25 11:17:00,2023,10,25,11,17,56,56121,LOTE (RUE  RENE ),47.76949,-3.4033,Plein jour,En agglomération,Hors intersection,Normale,Autre collision,4,2,2,1,1,1,2,-1,5,20,1,2,1,0,0,1,27.0,,deux_roues,,1,2,1,1,6
202300000542,2023-09-26 00:05:00,2023,9,26,0,5,73,73137,CASCADE (ROUTE DE LA),45.55567,5.91258,Nuit avec éclairage allumé,En agglomération,Intersection en T,Normale,Autre collision,4,2,2,0,2,3,1,0,1,50,1,1,0,0,1,0,26.0,,voiture,,5,2,3,1,6
202300000542,2023-09-26 00:05:00,2023,9,26,0,5,73,73137,CASCADE (ROUTE DE LA),45.55567,5.91258,Nuit avec éclairage allumé,En agglomération,Intersection en T,Normale,Autre collision,4,1,2,0,2,3,1,0,1,50,1,1,0,0,1,0,26.0,,voiture,,5,2,3,1,6
202300000543,2023-10-25 07:05:00,2023,10,25,7,5,56,56098,TRUDAINE (RUE  DANIEL ),47.777009,-3.338972,Nuit avec éclairage allumé,En agglomération,Giratoire,Temps couvert,Deux véhicules - arrière,3,2,2,0,1,1,2,5,1,50,2,2,1,0,0,1,51.0,39.0,deux_roues,voiture,5,2,6,8,2
202300000544,2023-09-23 17:50:00,2023,9,23,17,50,71,71105,PERTHUIS (RUE DU),46.31733,4.7859,Plein jour,En agglomération,Hors intersection,Normale,Autre collision,4,2,2,0,1,1,1,0,1,50,1,1,0,0,1,0,15.0,,deux_roues,,1,2,1,1,6
202300000545,2023-09-25 08:00:00,2023,9,25,8,0,71,71076,POTERNE (QUAI DE LA),46.78139,4.85986,Plein jour,En agglomération,Hors intersection,Normale,Deux véhicules - frontale,4,2,2,0,1,1,1,0,1,50,2,2,1,0,0,1,30.0,55.0,deux_roues,utilitaire_camion,1,2,1,1,1
202300000546,2023-10-25 23:40:00,2023,10,25,23,40,54,54395,Rue des Carmes,48.69047,6.1813,Nuit avec éclairage allumé,En agglomération,Hors intersection,Normale,Autre collision,4,-1,1,3,1,1,1,-1,1,30,1,2,1,0,1,0,22.0,,transport_commun,,5,2,1,1,6
202300000547,2023-09-25 08:30:00,2023,9,25,8,30,69,69282,Rue Antoine Becquerel,45.76802,5.03189,Plein jour,En agglomération,Hors intersection,Temps éblouissant,Autre collision,4,1,1,0,1,1,1,0,1,50,1,2,1,0,0,1,18.0,,voiture,,1,2,1,7,6
202300000548,2023-10-25 12:00:00,2023,10,25,12,0,54,54395,Rue du Capitaine Guynemer,48.69976,6.14004,Plein jour,En agglomération,Hors intersection,Pluie forte,Autre collision,4,2,2,2,1,1,2,-1,1,30,1,2,1,0,0,1,47.0,,voiture,,1,2,1,3,6
202300000549,2023-09-25 15:50:00,2023,9,25,15,50,69,69115,1427 Route d’Anse,45.9643879,4.71607656,Plein jour,En agglomération,Hors intersection,Normale,Deux véhicules - arrière,3,2,2,2,1,1,1,0,1,50,2,2,1,0,0,1,36.0,23.0,utilitaire_camion,voiture,1,2,1,1,2
202300000550,2023-09-25 18:40:00,2023,9,25,18,40,69,69290,211 Route de Grenoble,45.71495,4.96408,Plein jour,En agglomération,Hors intersection,Normale,Autre collision,7,2,4,0,1,1,1,0,1,50,1,2,1,0,0,1,45.0,,voiture,,1,2,1,1,6
202300000551,2023-10-25 06:25:00,2023,10,25,6,25,54,54395,Boulevard Lobau,48.685601,6.19580626,Nuit avec éclairage allumé,En agglomération,Intersection en X,Pluie forte,Deux véhicules - côté,4,3,2,0,1,1,2,0,1,50,2,2,1,0,0,1,33.0,22.0,voiture,voiture,5,2,2,3,3
202300000551,2023-10-25 06:25:00,2023,10,25,6,25,54,54395,Boulevard Lobau,48.685601,6.19580626,Nuit avec éclairage allumé,En agglomération,Intersection en X,Pluie forte,Deux véhicules - côté,4,1,2,2,1,1,2,-1,1,50,2,2,1,0,0,1,33.0,22.0,voiture,voiture,5,2,2,3,3
202300000552,2023-09-24 20:50:00,2023,9,24,20,50,69,69029,Avenue François Mitterrand,45.7374,4.91952,Nuit avec éclairage allumé,En agglomération,Intersection en T,Normale,Deux véhicules - côté,4,2,2,1,1,1,1,0,6,50,2,4,3,0,0,1,40.0,,voiture,deux_roues,5,2,3,1,3
202300000552,2023-09-24 20:50:00,2023,9,24,20,50,69,69029,Avenue François Mitterrand,45.7374,4.91952,Nuit avec éclairage allumé,En agglomération,Intersection en T,Normale,Deux véhicules - côté,4,2,2,0,1,1,1,0,6,30,2,4,3,0,0,1,40.0,,voiture,deux_roues,5,2,3,1,3
202300000553,2023-10-26 07:20:00,2023,10,26,7,20,54,54371,D 136,49.19861,5.93125,Nuit avec éclairage allumé,Hors agglomération,Intersection en T,Pluie légère,Deux véhicules - côté,3,2,2,0,1,1,2,0,1,80,2,2,1,0,1,0,54.0,21.0,utilitaire_camion,deux_roues,5,1,3,2,3
202300000553,2023-10-26 07:20:00,2023,10,26,7,20,54,54371,D 136,49.19861,5.93125,Nuit avec éclairage allumé,Hors agglomération,Intersection en T,Pluie légère,Deux véhicules - côté,3,2, -1,0,2,1,2,0,1,80,2,2,1,0,1,0,54.0,21.0,utilitaire_camion,deux_roues,5,1,3,2,3
202300000554,2023-09-25 11:02:00,2023,9,25,11,2,65,65433,BARBUSSE (AVENUE HENRI),43.21913835,0.09570276,Plein jour,En agglomération,Intersection en T,Normale,Deux véhicules - arrière,3,2,2,0,1,1,1,0,1,50,2,2,1,0,0,1,81.0,45.0,voiture,voiture,1,2,3,1,2
202300000554,2023-09-25 11:02:00,2023,9,25,11,2,65,65433,BARBUSSE (AVENUE HENRI),43.21913835,0.09570276,Plein jour,En agglomération,Intersection en T,Normale,Deux véhicules - arrière,3,1, -1,-1,1,3,1,0,1,50,2,2,1,0,0,1,81.0,45.0,voiture,voiture,1,2,3,1,2
202300000555,2023-10-26 11:35:00,2023,10,26,11,35,54,54099,RD 138,49.24409,6.02053,Plein jour,Hors agglomération,Hors intersection,Pluie légère,Sans collision,3,2,2,0,2,2,2,0,1,80,1,1,0,0,0,1,72.0,,voiture,,1,1,1,2,7
202300000556,2023-10-25 11:45:00,2023,10,25,11,45,51,51454,AVIATION (RUE),49.27565,4.03914,Plein jour,En agglomération,Hors intersection,Normale,Deux véhicules - frontale,4,2,2,0,1,2,2,0,1,50,2,4,2,0,0,2,20.0,26.0,voiture,voiture,1,2,1,1,1
202300000557,2023-09-24 02:30:00,2023,9,24,2,30,65,65251,EVADES DE FRANCE (RUE DES),43.21492,0.08543,Nuit sans éclairage public,Hors agglomération,Intersection en T,Normale,Deux véhicules - côté,3,2,2,0,3,3,1,5,1,50,2,4,0,0,0,4,49.0,26.0,voiture,voiture,3,1,3,1,3
202300000557,2023-09-24 02:30:00,2023,9,24,2,30,65,65251,EVADES DE FRANCE (RUE DES),43.21492,0.08543,Nuit sans éclairage public,Hors agglomération,Intersection en T,Normale,Deux véhicules - côté,3,2,2,0,1,1,1,0,1,50,2,4,0,0,0,4,49.0,26.0,voiture,voiture,3,1,3,1,3
202300000558,2023-10-23 06:50:00,2023,10,23,6,50,50,50129,MENDES FRANCE (BOULEVARD),49.63393,-1.62293,Nuit avec éclairage allumé,En agglomération,Hors intersection,Normale,Autre collision,3,3,4,0,1,1,1,0,1,50,1,2,1,0,1,0,27.0,,utilitaire_camion,,5,2,1,1,6
202300000559,2023-09-25 00:30:00,2023,9,25,0,30,64,64373,GENERAL DE GAULLE DU,43.27638,-0.35142,Nuit avec éclairage allumé,En agglomération,Intersection en T,Normale,Deux véhicules - côté,3,2,1,0,1,1,1,0,1,50,2,2,1,0,0,1,24.0,27.0,deux_roues,voiture,5,2,3,1,3
202300000559,2023-09-25 00:30:00,2023,9,25,0,30,64,64373,GENERAL DE GAULLE DU,43.27638,-0.35142,Nuit avec éclairage allumé,En agglomération,Intersection en T,Normale,Deux véhicules - côté,3,2,1,0,1,1,1,0,1,50,2,2,1,0,0,1,24.0,27.0,deux_roues,voiture,5,2,3,1,3
202300000560,2023-10-25 19:05:00,2023,10,25,19,5,44,44109,19 Rue Louis Blanc,47.20598,-1.55475,Nuit avec éclairage allumé,En agglomération,Hors intersection,Pluie légère,Autre collision,4,2,2,3,1,3,2,0,1,50,1,2,1,0,0,1,24.0,,utilitaire_camion,,5,2,1,2,6
202300000561,2023-10-25 11:05:00,2023,10,25,11,5,44,44109,107 Boulevard Jules Verne,47.2399909,-1.53100825,Plein jour,En agglomération,Hors intersection,Temps couvert,Autre collision,4,3,2,2,1,1,1,0,1,50,1,2,1,1,0,0,77.0,,voiture,,1,2,1,8,6
202300000562,2023-09-24 18:30:00,2023,9,24,18,30,64,64024,AMOUR (AVENUE DE LA CHAMBRE D'),43.49524,-1.53425,Plein jour,En agglomération,Hors intersection,Normale,Deux véhicules - côté,4,2,2,0,4,3,1,0,1,50,2,2,1,0,0,1,35.0,59.0,deux_roues,voiture,1,2,1,1,3
202300000563,2023-10-26 19:50:00,2023,10,26,19,50,43,43046,MONTEE DE CHADRAC,45.05714,3.90029,Nuit avec éclairage allumé,En agglomération,Hors intersection,Pluie légère,Deux véhicules - frontale,4,2,2,0,2,3,2,0,1,50,2,4,2,0,0,2,22.0,32.0,voiture,voiture,5,2,1,2,1
202300000564,2023-10-26 20:05:00,2023,10,26,20,5,43,43157,39 Avenue des Belges,45.04868,3.89808,Nuit avec éclairage allumé,En agglomération,Intersection en T,Pluie forte,Sans collision,4,2,2,0,2,2,2,0,4,50,1,1,0,0,0,1,26.0,,voiture,,5,2,3,3,7
202300000564,2023-10-26 20:05:00,2023,10,26,20,5,43,43157,39 Avenue des Belges,45.04868,3.89808,Nuit avec éclairage allumé,En agglomération,Intersection en T,Pluie forte,Sans collision,4,2,2,0,2,2,2,0,8,50,1,1,0,0,0,1,26.0,,voiture,,5,2,3,3,7
202300000565,2023-09-23 14:10:00,2023,9,23,14,10,64,64102,NAVARRE (AVENUE HENRI DE),43.49407,-1.45274,Plein jour,En agglomération,Intersection en X,Pluie légère,Deux véhicules - côté,3,2, -1,0,1,1,2,5,1,-1,2,5,3,0,0,2,36.0,24.0,utilitaire_camion,voiture,1,2,2,2,3
202300000565,2023-09-23 14:10:00,2023,9,23,14,10,64,64102,NAVARRE (AVENUE HENRI DE),43.49407,-1.45274,Plein jour,En agglomération,Intersection en X,Pluie légère,Deux véhicules - côté,3,2, -1,-1,1,1,2,5,1,-1,2,5,3,0,0,2,36.0,24.0,utilitaire_camion,voiture,1,2,2,2,3
202300000565,2023-09-23 14:10:00,2023,9,23,14,10,64,64102,NAVARRE (AVENUE HENRI DE),43.49407,-1.45274,Plein jour,En agglomération,Intersection en X,Pluie légère,Deux véhicules - côté,3,2,4,0,1,1,2,0,1,50,2,5,3,0,0,2,36.0,24.0,utilitaire_camion,voiture,1,2,2,2,3
202300000566,2023-09-23 13:12:00,2023,9,23,13,12,64,64140,PASTOU (RUE DU),43.5286,-1.48301,Plein jour,En agglomération,Intersection en T,Temps couvert,Autre collision,3,2, -1,-1,1,1,1,0,1,-1,1,1,0,0,0,1,55.0,,voiture,,1,2,3,8,6
202300000566,2023-09-23 13:12:00,2023,9,23,13,12,64,64140,PASTOU (RUE DU),43.5286,-1.48301,Plein jour,En agglomération,Intersection en T,Temps couvert,Autre collision,3,2,2,0,2,3,2,0,1,50,1,1,0,0,0,1,55.0,,voiture,,1,2,3,8,6
202300000567,2023-10-20 18:05:00,2023,10,20,18,5,38,38421,AVENUE CENTRALE,45.1922,5.7643,Plein jour,En agglomération,Passage à niveau,Pluie forte,Deux véhicules - côté,9,2,0,3,1,1,2,4,6,30,2,2,1,0,1,0,57.0,24.0,transport_commun,deux_roues,1,2,8,3,3