accident_id,datetime,annee,mois,jour,heure,minute,departement,commune_insee,adresse,latitude,longitude,luminosite,agglomeration,intersection,meteo,collision,catr,circ,nbv,vosp,prof,plan,surf,infra,situ,vma,nb_vehicules,nb_usagers,nb_indemnes,nb_tues,nb_blesses_hosp,nb_blesses_legers,age_cond_1,age_cond_2,veh_type_cond_1,veh_type_cond_2,lum_code,agg_code,int_code,atm_code,col_code
202300000630,2023-09-23 21:20:00,2023,9,23,21,20,94,94067,Avenue Daumesnil,48.83499,2.41974,Nuit avec éclairage allumé,En agglomération,Intersection en X,Normale,Deux véhicules - frontale,3,2,2,0,1,1,1,0,1,50,2,2,1,0,0,1,41.0,39.0,voiture,deux_roues,5,2,2,1,1
202300000630,2023-09-23 21:20:00,2023,9,23,21,20,94,94067,Avenue Daumesnil,48.83499,2.41974,Nuit avec éclairage allumé,En agglomération,Intersection en X,Normale,Deux véhicules - frontale,3,2,2,0,1,1,1,0,1,50,2,2,1,0,0,1,41.0,39.0,voiture,deux_roues,5,2,2,1,1
202300000631,2023-09-25 16:00:00,2023,9,25,16,0,94,94078,Rue de Paris,48.73555,2.44692,Plein jour,En agglomération,Intersection en T,Normale,Deux véhicules - frontale,2,2,0,0,1,1,1,0,1,50,2,2,1,0,0,1,34.0,29.0,voiture,deux_roues,1,2,3,1,1
202300000631,2023-09-25 16:00:00,2023,9,25,16,0,94,94078,Rue de Paris,48.73555,2.44692,Plein jour,En agglomération,Intersection en T,Normale,Deux véhicules - frontale,2,2, -1,0,1,1,1,0,1,-1,2,2,1,0,0,1,34.0,29.0,voiture,deux_roues,1,2,3,1,1
202300000632,2023-10-26 00:04:00,2023,10,26,0,4,75,75116,PONT MIRABEAU,48.847144,2.274472,Nuit avec éclairage allumé,En agglomération,Intersection en X,Normale,Autre collision,4,2,2,1,1,1,1,2,5,30,1,2,1,0,1,0,,,deux_roues,,5,2,2,1,6
202300000632,2023-10-26 00:04:00,2023,10,26,0,4,75,75116,PONT MIRABEAU,48.847144,2.274472,Nuit avec éclairage allumé,En agglomération,Intersection en X,Normale,Autre collision,4,1,1,0,1,1,1,0,5,30,1,2,1,0,1,0,,,deux_roues,,5,2,2,1,6
202300000633,2023-09-25 08:25:00,2023,9,25,8,25,94,94044,Rue Roger Salengro,48.7514004,2.49005288,Plein jour,En agglomération,Hors intersection,Temps éblouissant,Autre collision,3,2,2,0,1,1,1,0,1,50,1,2,1,0,0,1,31.0,,voiture,,1,2,1,7,6
202300000634,2023-09-25 17:41:00,2023,9,25,17,41,94,94043,Avenue Eugène Thomas,48.809774,2.3592,Plein jour,En agglomération,Hors intersection,Normale,Deux véhicules - côté,3,3,2,0,1,3,1,0,1,50,2,2,1,0,0,1,43.0,47.0,deux_roues,voiture,1,2,1,1,3
202300000635,2023-10-24 07:45:00,2023,10,24,7,45,75,75116,RUE HENRI HEINE,48.850719,2.267201,Nuit avec éclairage allumé,En agglomération,Intersection en Y,Pluie légère,Autre collision,4,1,2,0,1,1,2,0,1,30,1,2,1,0,0,1,48.0,,utilitaire_camion,,5,2,4,2,6
202300000635,2023-10-24 07:45:00,2023,10,24,7,45,75,75116,RUE HENRI HEINE,48.850719,2.267201,Nuit avec éclairage allumé,En agglomération,Intersection en Y,Pluie légère,Autre collision,4,1,2,0,1,1,2,0,1,30,1,2,1,0,0,1,48.0,,utilitaire_camion,,5,2,4,2,6
202300000636,2023-09-25 15:55:00,2023,9,25,15,55,93,93073,Route des Petits Ponts / Avenue Henri Barbusse,48.9654,2.5693,Plein jour,En agglomération,Intersection en X,Normale,Deux véhicules - frontale,3,2,2,0,1,1,1,0,1,50,2,4,3,0,0,1,27.0,19.0,deux_roues,voiture,1,2,2,1,1
202300000636,2023-09-25 15:55:00,2023,9,25,15,55,93,93073,Route des Petits Ponts / Avenue Henri Barbusse,48.9654,2.5693,Plein jour,En agglomération,Intersection en X,Normale,Deux véhicules - frontale,3,2,3,0,1,1,1,0,1,50,2,4,3,0,0,1,27.0,19.0,deux_roues,voiture,1,2,2,1,1
202300000637,2023-10-26 07:35:00,2023,10,26,7,35,75,75115,AVENUE DE LA PORTE BRANCION,48.82587212,2.30023026,Crépuscule ou aube,En agglomération,Intersection en X,Pluie légère,Autre collision,4,2,2,1,1,1,2,8,1,30,1,2,1,0,0,1,65.0,,voiture,,2,2,2,2,6
202300000637,2023-10-26 07:35:00,2023,10,26,7,35,75,75115,AVENUE DE LA PORTE BRANCION,48.82587212,2.30023026,Crépuscule ou aube,En agglomération,Intersection en X,Pluie légère,Autre collision,4,1,1,0,1,1,2,8,1,30,1,2,1,0,0,1,65.0,,voiture,,2,2,2,2,6
202300000638,2023-09-25 08:15:00,2023,9,25,8,15,93,93078,Rue Jacques Prévert,48.9573,2.5473,Plein jour,En agglomération,Hors intersection,Normale,Autre collision,4,1,1,0,1,1,1,0,1,30,1,2,1,0,0,1,22.0,,voiture,,1,2,1,1,6
202300000639,2023-09-25 12:25:00,2023,9,25,12,25,93,93051,Rue de la Closerie,48.83944,2.54716,Plein jour,En agglomération,Hors intersection,Normale,Autre collision,4,1,1,0,1,1,1,0,1,-1,1,2,1,0,0,1,23.0,,utilitaire_camion,,1,2,1,1,6
202300000640,2023-09-25 11:40:00,2023,9,25,11,40,93,93046,Allée Jeanne d'Arc / Boulevard de la République,48.9075,2.52012,Plein jour,En agglomération,Intersection en T,Normale,Autre collision,4,1,1,0,1,1,1,0,6,50,1,2,1,0,0,1,,,autre,,1,2,3,1,6
202300000640,2023-09-25 11:40:00,2023,9,25,11,40,93,93046,Allée Jeanne d'Arc / Boulevard de la République,48.9075,2.52012,Plein jour,En agglomération,Intersection en T,Normale,Autre collision,4,3,2,3,1,1,1,0,6,50,1,2,1,0,0,1,,,autre,,1,2,3,1,6
202300000641,2023-10-26 15:00:00,2023,10,26,15,0,75,75108,AVENUE MATIGNON,48.869402,2.310963,Plein jour,En agglomération,Intersection en X,Temps couvert,Autre collision,4,1,3,3,1,1,1,-1,6,30,1,2,1,0,0,1,79.0,,deux_roues,,1,2,2,8,6
202300000641,2023-10-26 15:00:00,2023,10,26,15,0,75,75108,AVENUE MATIGNON,48.869402,2.310963,Plein jour,En agglomération,Intersection en X,Temps couvert,Autre collision,4,1, -1,-1,1,1,1,0,1,-1,1,2,1,0,0,1,79.0,,deux_roues,,1,2,2,8,6
202300000642,2023-09-24 23:15:00,2023,9,24,23,15,93,93029,Rue Anatole France / Rue Maurice Bernard,48.93065,2.45546,Nuit sans éclairage public,En agglomération,Intersection en Y,Normale,Autre collision,4,2,2,0,2,3,1,0,1,15,1,1,0,0,0,1,18.0,,voiture,,3,2,4,1,6
202300000642,2023-09-24 23:15:00,2023,9,24,23,15,93,93029,Rue Anatole France / Rue Maurice Bernard,48.93065,2.45546,Nuit sans éclairage public,En agglomération,Intersection en Y,Normale,Autre collision,4,2,2,0,2,2,1,0,1,-1,1,1,0,0,0,1,18.0,,voiture,,3,2,4,1,6
202300000643,2023-10-26 17:40:00,2023,10,26,17,40,75,75115,AVENUE EMILE ZOLA,48.846238,2.279644,Plein jour,En agglomération,Intersection en Y,Normale,Deux véhicules - côté,4,2,2,1,1,1,1,0,1,30,2,2,1,0,0,1,47.0,53.0,deux_roues,voiture,1,2,4,1,3
202300000643,2023-10-26 17:40:00,2023,10,26,17,40,75,75115,AVENUE EMILE ZOLA,48.846238,2.279644,Plein jour,En agglomération,Intersection en Y,Normale,Deux véhicules - côté,4,1, -1,-1,1,1,1,0,1,-1,2,2,1,0,0,1,47.0,53.0,deux_roues,voiture,1,2,4,1,3
202300000644,2023-09-25 16:37:00,2023,9,25,16,37,93,93047,Place Jean Mermoz,48.901677,2.571321,Plein jour,En agglomération,Hors intersection,Normale,Autre collision,4,3,2,0,1,1,1,0,1,50,2,4,3,0,0,1,83.0,30.0,voiture,voiture,1,2,1,1,6
202300000645,2023-09-24 19:42:00,2023,9,24,19,42,93,93014,Avenue Jean Moulin,48.90552,2.55873,Plein jour,En agglomération,Hors intersection,Normale,Autre collision,4,2,2,1,1,1,1,9,1,50,2,2,1,0,0,1,20.0,,deux_roues,voiture,1,2,1,1,6
202300000646,2023-10-25 17:25:00,2023,10,25,17,25,75,75104,RUE BEAUTREILLIS,48.85345,2.364121,Plein jour,En agglomération,Intersection en T,Normale,Sans collision,4,-1,1,0,1,1,1,0,1,30,1,1,0,0,0,1,90.0,,deux_roues,,1,2,3,1,7
202300000646,2023-10-25 17:25:00,2023,10,25,17,25,75,75104,RUE BEAUTREILLIS,48.85345,2.364121,Plein jour,En agglomération,Intersection en T,Normale,Sans collision,4,-1,1,0,1,1,1,0,1,30,1,1,0,0,0,1,90.0,,deux_roues,,1,2,3,1,7
202300000647,2023-09-25 17:10:00,2023,9,25,17,10,93,93010,Route d'Aulnay / Chemin Latéral,48.908474,2.480133,Plein jour,En agglomération,Intersection en T,Temps éblouissant,Deux véhicules - frontale,3,2,2,2,2,1,1,5,1,50,2,2,1,0,0,1,22.0,25.0,deux_roues,voiture,1,2,3,7,1
202300000647,2023-09-25 17:10:00,2023,9,25,17,10,93,93010,Route d'Aulnay / Chemin Latéral,48.908474,2.480133,Plein jour,En agglomération,Intersection en T,Temps éblouissant,Deux véhicules - frontale,3,1,1,0,1,1,1,0,1,50,2,2,1,0,0,1,22.0,25.0,deux_roues,voiture,1,2,3,7,1
202300000648,2023-10-26 06:20:00,2023,10,26,6,20,94,94080,Rue de Fontenay,48.848035,2.43953,Nuit avec éclairage allumé,En agglomération,Hors intersection,Pluie légère,Autre collision,3,2,2,0,1,1,2,0,1,50,1,2,1,0,0,1,45.0,,deux_roues,,5,2,1,2,6
202300000649,2023-09-24 10:50:00,2023,9,24,10,50,93,93010,Avenue Galliéni,48.9065806,2.48574062,Plein jour,En agglomération,Hors intersection,Normale,Autre collision,3,3,6,0,1,1,1,0,8,50,1,2,1,0,1,0,49.0,,voiture,,1,2,1,1,6
202300000650,2023-09-25 16:50:00,2023,9,25,16,50,93,93007,Avenue Paul Vaillant Couturier,48.9254,2.46572,Plein jour,En agglomération,Hors intersection,Normale,Deux véhicules - côté,3,2,2,0,1,1,1,0,1,30,2,4,3,0,0,1,16.0,34.0,deux_roues,voiture,1,2,1,1,3
202300000651,2023-10-25 23:30:00,2023,10,25,23,30,94,94073,Avenue de la République,48.771352,2.397034,Nuit sans éclairage public,En agglomération,Intersection en T,Normale,Deux véhicules - côté,4,2,2,0,1,1,1,0,1,50,2,2,1,0,0,1,31.0,28.0,utilitaire_camion,utilitaire_camion,3,2,3,1,3
202300000652,2023-09-24 18:30:00,2023,9,24,18,30,92,92078,MARECHAL LECLERC (AVENUE) (PAIRS),48.93779,2.32434,Plein jour,En agglomération,Intersection en T,Normale,Deux véhicules - côté,3,2,4,0,1,1,1,0,1,50,2,3,1,0,1,1,32.0,28.0,deux_roues,voiture,1,2,3,1,3
202300000652,2023-09-24 18:30:00,2023,9,24,18,30,92,92078,MARECHAL LECLERC (AVENUE) (PAIRS),48.93779,2.32434,Plein jour,En agglomération,Intersection en T,Normale,Deux véhicules - côté,3,2,4,0,1,1,1,0,1,50,2,3,1,0,1,1,32.0,28.0,deux_roues,voiture,1,2,3,1,3
202300000653,2023-10-25 06:30:00,2023,10,25,6,30,94,94017,Boulevard de Stalingrad,48.82517023,2.49566022,Nuit avec éclairage allumé,En agglomération,Hors intersection,Pluie légère,Autre collision,3,2,3,0,1,1,2,5,1,50,1,2,1,0,1,0,37.0,,utilitaire_camion,,5,2,1,2,6
202300000654,2023-09-24 13:30:00,2023,9,24,13,30,92,92046,SALVADOR ALLENDE (RUE),48.81935107,2.30450571,Plein jour,En agglomération,Intersection en X,Normale,Deux véhicules - côté,3,2,2,0,1,1,1,0,1,50,2,2,1,0,0,1,61.0,31.0,voiture,deux_roues,1,2,2,1,3
202300000654,2023-09-24 13:30:00,2023,9,24,13,30,92,92046,SALVADOR ALLENDE (RUE),48.81935107,2.30450571,Plein jour,En agglomération,Intersection en X,Normale,Deux véhicules - côté,3,1,1,0,1,1,1,0,1,50,2,2,1,0,0,1,61.0,31.0,voiture,deux_roues,1,2,2,1,3
202300000655,2023-10-26 14:30:00,2023,10,26,14,30,93,93064,Avenue du Président John Kennedy / Rue Laënnec,48.88091739,2.49465876,Plein jour,En agglomération,Intersection en X,Temps couvert,Deux véhicules - côté,3,2,2,2,1,2,1,0,1,50,2,2,1,0,0,1,41.0,36.0,deux_roues,voiture,1,2,2,8,3
202300000655,2023-10-26 14:30:00,2023,10,26,14,30,93,93064,Avenue du Président John Kennedy / Rue Laënnec,48.88091739,2.49465876,Plein jour,En agglomération,Intersection en X,Temps couvert,Deux véhicules - côté,3,1,5,0,1,1,1,0,1,-1,2,2,1,0,0,1,41.0,36.0,deux_roues,voiture,1,2,2,8,3
202300000656,2023-09-24 23:24:00,2023,9,24,23,24,92,92064,GEORGES CLEMENCEAU,48.84165528,2.22129688,Nuit avec éclairage allumé,En agglomération,Intersection en Y,Normale,Deux véhicules - arrière,3,2,3,0,2,2,1,0,1,50,2,2,1,0,0,1,37.0,23.0,deux_roues,voiture,5,2,4,1,2
202300000656,2023-09-24 23:24:00,2023,9,24,23,24,92,92064,GEORGES CLEMENCEAU,48.84165528,2.22129688,Nuit avec éclairage allumé,En agglomération,Intersection en Y,Normale,Deux véhicules - arrière,3,2,3,0,2,2,1,0,1,50,2,2,1,0,0,1,37.0,23.0,deux_roues,voiture,5,2,4,1,2
202300000657,2023-09-25 07:20:00,2023,9,25,7,20,92,92051,GENERAL KOENIG (BOULEVARD DU),48.8764,2.24642,Crépuscule ou aube,En agglomération,Hors intersection,Normale,Deux véhicules - côté,3,2,0,0,1,1,1,0,1,-1,2,2,1,0,0,1,45.0,30.0,utilitaire_camion,deux_roues,2,2,1,1,3
202300000658,2023-10-26 08:27:00,2023,10,26,8,27,93,93064,Rue Henri Mondor,48.86935,2.49559,Plein jour,En agglomération,Hors intersection,Pluie légère,Deux véhicules - côté,4,1,1,2,1,1,2,0,1,30,2,2,1,0,0,1,48.0,47.0,voiture,deux_roues,1,2,1,2,3
202300000659,2023-09-25 16:00:00,2023,9,25,16,0,92,92026,FAUVELLES (15 A FIN),48.90247311,2.24166467,Plein jour,En agglomération,Hors intersection,Normale,Deux véhicules - côté,4,2,2,0,1,1,1,0,1,50,2,2,1,0,0,1,29.0,35.0,utilitaire_camion,deux_roues,1,2,1,1,3
202300000660,2023-09-25 20:40:00,2023,9,25,20,40,92,92024,CLICHY (PONT DE),48.9096419,2.29946136,Nuit sans éclairage public,En agglomération,Hors intersection,Normale,Autre collision,3,3,2,1,1,1,2,2,5,50,1,2,1,0,0,1,51.0,,deux_roues,,3,2,1,1,6
202300000661,2023-10-25 09:19:00,2023,10,25,9,19,93,93064,Avenue du Général de Gaulle,48.87716344,2.48007967,Plein jour,En agglomération,Hors intersection,Pluie légère,Deux véhicules - frontale,3,2,3,0,1,1,2,0,1,50,2,2,0,0,0,2,19.0,28.0,deux_roues,voiture,1,2,1,2,1
202300000662,2023-09-25 13:30:00,2023,9,25,13,30,92,92012,BILLANCOURT (RUE DE) 63/FIN - COTE IMPAI,48.83992,2.23582,Plein jour,En agglomération,Hors intersection,Normale,Deux véhicules - côté,4,1,1,1,1,3,1,0,1,50,2,2,1,0,0,1,35.0,24.0,utilitaire_camion,deux_roues,1,2,1,1,3
202300000663,2023-10-25 08:36:00,2023,10,25,8,36,93,93032,Rue Paul Vaillant Couturier / Avenue Emile Cossonneau,48.87447842,2.552038,Plein jour,En agglomération,Intersection à plus de 4 branches,Pluie légère,Autre collision,3,2,2,0,1,1,2,6,6,50,1,2,1,0,0,1,35.0,,voiture,,1,2,5,2,6
202300000663,2023-10-25 08:36:00,2023,10,25,8,36,93,93032,Rue Paul Vaillant Couturier / Avenue Emile Cossonneau,48.87447842,2.552038,Plein jour,En agglomération,Intersection à plus de 4 branches,Pluie légère,Autre collision,3,2,2,0,1,1,2,6,6,50,1,2,1,0,0,1,35.0,,voiture,,1,2,5,2,6
202300000664,2023-10-24 19:15:00,2023,10,24,19,15,93,93007,Rue du Parc,48.93895,2.44059,Nuit sans éclairage public,En agglomération,Hors intersection,Normale,Deux véhicules - côté,4,2,2,0,1,1,1,0,1,50,2,3,1,0,0,2,42.0,28.0,autre,voiture,3,2,1,1,3
202300000665,2023-09-25 20:00:00,2023,9,25,20,0,92,92009,JEAN JAURES ( RUE ),48.91120349,2.27060124,Nuit avec éclairage allumé,En agglomération,Hors intersection,Normale,Deux véhicules - côté,4,-1,1,0,1,1,1,0,1,30,2,2,1,0,1,0,34.0,18.0,deux_roues,deux_roues,5,2,1,1,3
202300000666,2023-10-26 10:20:00,2023,10,26,10,20,92,92073,JAURES (AVENUE JEAN),48.86212,2.21142,Plein jour,En agglomération,Hors intersection,Temps couvert,Deux véhicules - arrière,3,2,2,0,1,1,2,0,1,50,2,2,1,0,0,1,68.0,37.0,voiture,deux_roues,1,2,1,8,2
202300000667,2023-09-22 17:05:00,2023,9,22,17,5,86,86128,Rue Léon Gambetta,46.810106,0.325567,Plein jour,En agglomération,Intersection en X,Normale,Deux véhicules - côté,3,2,2,0,1,2,1,0,1,50,2,2,1,0,0,1,17.0,44.0,deux_roues,voiture,1,2,2,1,3
202300000667,2023-09-22 17:05:00,2023,9,22,17,5,86,86128,Rue Léon Gambetta,46.810106,0.325567,Plein jour,En agglomération,Intersection en X,Normale,Deux véhicules - côté,3,2,1,0,1,1,1,0,1,50,2,2,1,0,0,1,17.0,44.0,deux_roues,voiture,1,2,2,1,3
202300000668,2023-10-26 18:05:00,2023,10,26,18,5,92,92064,EGLISE,48.84291,2.21938,Nuit avec éclairage allumé,En agglomération,Autre intersection,Pluie légère,Deux véhicules - arrière,4,2,1,0,2,1,2,0,1,50,2,2,1,0,0,1,49.0,80.0,deux_roues,voiture,5,2,9,2,2
202300000669,2023-09-26 11:30:00,2023,9,26,11,30,73,73028,RD 1516,45.708371,5.726066,Plein jour,Hors agglomération,Hors intersection,Normale,Deux véhicules - frontale,3,2,2,0,1,3,1,0,1,80,2,2,0,0,1,1,71.0,50.0,voiture,voiture,1,1,1,1,1
202300000670,2023-10-24 19:50:00,2023,10,24,19,50,92,92064,CARNOT,48.84365512,2.22308743,Crépuscule ou aube,En agglomération,Hors intersection,Pluie légère,Sans collision,3,1,2,0,1,1,2,0,1,50,1,1,0,0,0,1,44.0,,deux_roues,,2,2,1,2,7
202300000671,2023-08-24 09:30:00,2023,8,24,9,30,41,41031,Clénord,47.533881,1.416187,Plein jour,Hors agglomération,Autre intersection,Normale,Deux véhicules - côté,4,2,2,0,2,4,1,0,1,80,2,2,1,0,1,0,33.0,81.0,voiture,deux_roues,1,1,9,1,3
202300000672,2023-09-07 17:22:00,2023,9,7,17,22,06,06161,Route du Bord de Mer,43.630892,7.134933,Plein jour,En agglomération,Hors intersection,Normale,Deux véhicules - arrière,3,1,0,0,1,1,1,0,1,50,2,2,1,0,0,1,23.0,25.0,utilitaire_camion,deux_roues,1,2,1,1,2
202300000673,2023-10-26 17:15:00,2023,10,26,17,15,92,92036,VILLEBOIS MAREUIL (RUE),48.93498,2.29995,Plein jour,En agglomération,Intersection en Y,Pluie légère,Deux véhicules - frontale,4,1,1,0,1,1,2,0,1,30,2,2,1,0,0,1,41.0,22.0,voiture,deux_roues,1,2,4,2,1
202300000673,2023-10-26 17:15:00,2023,10,26,17,15,92,92036,VILLEBOIS MAREUIL (RUE),48.93498,2.29995,Plein jour,En agglomération,Intersection en Y,Pluie légère,Deux véhicules - frontale,4,2,2,0,1,1,2,0,1,50,2,2,1,0,0,1,41.0,22.0,voiture,deux_roues,1,2,4,2,1
202300000674,2023-09-26 07:45:00,2023,9,26,7,45,21,21599,A31,47.60858811,5.19168192,Crépuscule ou aube,Hors agglomération,Hors intersection,Normale,Deux véhicules - arrière,1,3,3,0,2,1,1,0,1,130,2,3,1,0,0,2,19.0,49.0,utilitaire_camion,utilitaire_camion,2,1,1,1,2
202300000675,2023-09-24 15:45:00,2023,9,24,15,45,11,11203,33 Boulevard Marechal Lyautey,43.202368,2.773742,Plein jour,En agglomération,Hors intersection,Normale,Deux véhicules - frontale,3,2,2,0,1,1,1,0,1,50,2,3,1,0,2,0,58.0,60.0,voiture,voiture,1,2,1,1,1
202300000676,2023-10-26 08:55:00,2023,10,26,8,55,92,92036,ARGENTEUIL (AVENUE D'),48.93766,2.25795,Plein jour,En agglomération,Hors intersection,Temps couvert,Deux véhicules - arrière,3,2,5,0,2,1,2,0,1,50,2,2,1,0,0,1,23.0,44.0,utilitaire_camion,voiture,1,2,1,8,2
202300000677,2023-10-26 10:00:00,2023,10,26,10,0,92,92025,YOURI GAGARINE (RUE),48.92437,2.24235,Plein jour,En agglomération,Hors intersection,Temps couvert,Autre collision,4,2,1,0,1,1,2,0,1,20,1,2,1,0,1,0,30.0,,utilitaire_camion,,1,2,1,8,6
202300000678,2023-10-26 19:55:00,2023,10,26,19,55,92,92023,GENERAL DE GAULLE (AV DU) N°130 A 340 ET,48.78280325,2.24508119,Nuit avec éclairage allumé,En agglomération,Passage à niveau,Pluie forte,Deux véhicules - côté,4,2,2,3,1,1,2,4,8,50,2,3,2,0,1,0,57.0,56.0,transport_commun,voiture,5,2,8,3,3
202300000678,2023-10-26 19:55:00,2023,10,26,19,55,92,92023,GENERAL DE GAULLE (AV DU) N°130 A 340 ET,48.78280325,2.24508119,Nuit avec éclairage allumé,En agglomération,Passage à niveau,Pluie forte,Deux véhicules - côté,4,1,1,0,1,2,2,4,1,30,2,3,2,0,1,0,57.0,56.0,transport_commun,voiture,5,2,8,3,3
202300000679,2023-10-26 22:00:00,2023,10,26,22,0,34,34276,avenue louis cancel,43.771532,3.868759,Nuit avec éclairage allumé,En agglomération,Intersection en T,Normale,Deux véhicules - arrière,3,2,2,0,1,1,1,0,1,30,2,2,1,0,1,0,27.0,17.0,voiture,deux_roues,5,2,3,1,2
202300000679,2023-10-26 22:00:00,2023,10,26,22,0,34,34276,avenue louis cancel,43.771532,3.868759,Nuit avec éclairage allumé,En agglomération,Intersection en T,Normale,Deux véhicules - arrière,3,2, -1,-1,1,1,1,0,1,-1,2,2,1,0,1,0,27.0,17.0,voiture,deux_roues,5,2,3,1,2
202300000680,2023-10-27 12:00:00,2023,10,27,12,0,57,57512,Nouilly,49.12423,6.24561,Plein jour,Hors agglomération,Hors intersection,Pluie forte,Autre collision,6,-1,0,0,1,1,2,6,8,-1,1,2,1,0,1,0,53.0,,voiture,,1,1,1,3,6
202300000681,2023-10-25 09:20:00,2023,10,25,9,20,38,38336,D4b,45.492224,4.828169,Plein jour,Hors agglomération,Hors intersection,Normale,Deux véhicules - arrière,3,2,2,0,1,1,1,0,1,70,2,2,1,0,1,0,52.0,90.0,utilitaire_camion,voiture,1,1,1,1,2
202300000682,2023-10-27 14:20:00,2023,10,27,14,20,25,25381,A 36 PK 124+200,47.279524,5.984384,Plein jour,Hors agglomération,Autre intersection,Temps couvert,Deux véhicules - côté,1,2,2,0,1,2,2,3,1,50,2,8,5,1,0,2,61.0,53.0,voiture,transport_commun,1,1,9,8,3
202300000683,2023-10-26 22:52:00,2023,10,26,22,52,27,27306,route de saint-andré,48.993242,1.184421,Nuit sans éclairage public,Hors agglomération,Hors intersection,Pluie légère,Sans collision,4,2,2,0,1,1,2,0,1,80,1,5,0,0,1,4,22.0,,voiture,,3,1,1,2,7
202300000684,2023-10-25 17:30:00,2023,10,25,17,30,01,01347,Route de Saint Bernard,45.958157,4.766977,Crépuscule ou aube,Hors agglomération,Hors intersection,Pluie légère,Deux véhicules - côté,3,2,2,0,1,1,2,0,1,70,2,2,1,0,0,1,38.0,52.0,voiture,voiture,2,1,1,2,3
202300000685,2023-10-27 07:45:00,2023,10,27,7,45,12,12157,RN88 - gages,44.399479,2.717142,Nuit sans éclairage public,Hors agglomération,Passage à niveau,Pluie légère,Deux véhicules - côté,2,2,2,0,1,3,2,9,1,70,2,3,1,2,0,0,61.0,40.0,voiture,utilitaire_camion,3,1,8,2,3
202300000686,2023-10-26 10:30:00,2023,10,26,10,30,19,19285,autoroute A20 PK 244.930,45.3833781,1.57512281,Plein jour,Hors agglomération,Hors intersection,Pluie forte,Autre collision,1,3,2,0,4,1,2,0,2,130,1,1,0,0,1,0,32.0,,voiture,,1,1,1,3,6
202300000687,2023-10-26 16:50:00,2023,10,26,16,50,23,23166,Rue du Theuil,46.299379,1.630687,Plein jour,Hors agglomération,Hors intersection,Pluie légère,Autre collision,4,2,2,0,2,3,2,0,3,90,1,1,0,0,1,0,39.0,,voiture,,1,1,1,2,6
202300000688,2023-10-27 14:00:00,2023,10,27,14,0,62,62611,D5,50.253297,2.807221,Plein jour,Hors agglomération,Hors intersection,Normale,Autre collision,3,2,2,0,1,1,1,0,3,80,1,1,0,1,0,0,42.0,,voiture,,1,1,1,1,6
202300000689,2023-10-26 16:45:00,2023,10,26,16,45,30,30141,Route des 4 Chemins,44.103049,4.611999,Plein jour,Hors agglomération,Hors intersection,Temps couvert,Deux véhicules - côté,3,2,2,0,1,1,1,0,1,80,2,3,1,0,1,1,14.0,15.0,deux_roues,deux_roues,1,1,1,8,3
202300000690,2023-10-26 18:08:00,2023,10,26,18,8,27,27079,A28,49.14010495,0.55957442,Plein jour,Hors agglomération,Hors intersection,Normale,Deux véhicules - arrière,1,1,2,0,1,1,1,0,2,130,2,2,1,0,1,0,33.0,27.0,utilitaire_camion,utilitaire_camion,1,1,1,1,2
202300000691,2023-05-05 10:10:00,2023,5,5,10,10,64,64102,LORRAINE (BOULEVARD D'ALSACE),43.49156,-1.46398,Plein jour,En agglomération,Giratoire,Normale,Deux véhicules - côté,4,1,2,0,1,1,1,0,1,30,2,2,1,0,0,1,48.0,55.0,deux_roues,voiture,1,2,6,1,3
202300000691,2023-05-05 10:10:00,2023,5,5,10,10,64,64102,LORRAINE (BOULEVARD D'ALSACE),43.49156,-1.46398,Plein jour,En agglomération,Giratoire,Normale,Deux véhicules - côté,4,1,2,0,1,1,1,0,1,30,2,2,1,0,0,1,48.0,55.0,deux_roues,voiture,1,2,6,1,3
202300000692,2023-05-05 17:35:00,2023,5,5,17,35,62,62186,Rue Jules Verne,50.43764,2.72511,Plein jour,En agglomération,Hors intersection,Normale,Deux véhicules - frontale,4,1,1,0,1,1,1,0,1,50,2,2,1,0,1,0,64.0,64.0,voiture,deux_roues,1,2,1,1,1
202300000693,2023-05-06 23:05:00,2023,5,6,23,5,61,61001,D112,48.43823,0.10254,Nuit avec éclairage allumé,En agglomération,Intersection en X,Pluie légère,Deux véhicules - côté,3,2,2,0,1,1,2,0,1,30,2,4,3,0,0,1,41.0,44.0,voiture,voiture,5,2,2,2,3
202300000693,2023-05-06 23:05:00,2023,5,6,23,5,61,61001,D112,48.43823,0.10254,Nuit avec éclairage allumé,En agglomération,Intersection en X,Pluie légère,Deux véhicules - côté,3,2,3,2,1,1,2,0,1,50,2,4,3,0,0,1,41.0,44.0,voiture,voiture,5,2,2,2,3
202300000694,2023-05-05 17:00:00,2023,5,5,17,0,59,59599,WATT (CHAUSSEE),50.72705,3.13521,Plein jour,En agglomération,Hors intersection,Normale,Trois véhicules et plus - collisions multiples,7,3,4,0,1,1,1,0,1,50,3,3,2,0,0,1,33.0,41.0,voiture,voiture,1,2,1,1,5