accident_id,datetime,annee,mois,jour,heure,minute,departement,commune_insee,adresse,latitude,longitude,luminosite,agglomeration,intersection,meteo,collision,catr,circ,nbv,vosp,prof,plan,surf,infra,situ,vma,nb_vehicules,nb_usagers,nb_indemnes,nb_tues,nb_blesses_hosp,nb_blesses_legers,age_cond_1,age_cond_2,veh_type_cond_1,veh_type_cond_2,lum_code,agg_code,int_code,atm_code,col_code
202300000823,2023-03-28 14:35:00,2023,3,28,14,35,75,75110,RUE LA FAYETTE,48.878991,2.355804,Plein jour,En agglomération,Intersection en X,Normale,Deux véhicules - arrière,4,2, -1,0,1,1,1,0,1,30,2,2,1,0,0,1,48.0,42.0,deux_roues,utilitaire_camion,1,2,2,1,2
202300000823,2023-03-28 14:35:00,2023,3,28,14,35,75,75110,RUE LA FAYETTE,48.878991,2.355804,Plein jour,En agglomération,Intersection en X,Normale,Deux véhicules - arrière,4,2,2,0,2,1,1,0,1,30,2,2,1,0,0,1,48.0,42.0,deux_roues,utilitaire_camion,1,2,2,1,2
202300000824,2023-11-30 07:30:00,2023,11,30,7,30,974,97404,College Simon Lucas (École),-21.264585,55.37155,Plein jour,En agglomération,Hors intersection,Normale,Autre collision,6,-1,0,0,1,1,1,0,8,-1,1,2,1,0,0,1,34.0,,voiture,,1,2,1,1,6
202300000825,2023-11-29 14:30:00,2023,11,29,14,30,28,28035,N154,48.387216,1.574768,Plein jour,Hors agglomération,Hors intersection,Normale,Deux véhicules - arrière,2,2,2,0,1,1,1,0,1,80,2,2,1,0,1,0,28.0,36.0,deux_roues,utilitaire_camion,1,1,1,1,2
202300000826,2023-03-28 14:20:00,2023,3,28,14,20,75,75110,RUE DE SAMBRE ET MEUSE,48.875205,2.370355,Plein jour,En agglomération,Autre intersection,Normale,Deux véhicules - côté,4,2, -1,0,1,1,1,0,1,30,2,2,1,0,0,1,34.0,56.0,deux_roues,deux_roues,1,2,9,1,3
202300000826,2023-03-28 14:20:00,2023,3,28,14,20,75,75110,RUE DE SAMBRE ET MEUSE,48.875205,2.370355,Plein jour,En agglomération,Autre intersection,Normale,Deux véhicules - côté,4,2,0,0,2,1,1,0,1,30,2,2,1,0,0,1,34.0,56.0,deux_roues,deux_roues,1,2,9,1,3
202300000827,2023-05-07 06:30:00,2023,5,7,6,30,33,33243,D1089,44.911108,-0.213761,Crépuscule ou aube,En agglomération,Autre intersection,Normale,Autre collision,3,-1,0,0,1,1,1,0,4,-1,2,6,5,1,0,0,20.0,,voiture,,2,2,9,1,6
202300000827,2023-05-07 06:30:00,2023,5,7,6,30,33,33243,D1089,44.911108,-0.213761,Crépuscule ou aube,En agglomération,Autre intersection,Normale,Autre collision,3,-1,2,0,1,2,1,0,3,70,2,6,5,1,0,0,20.0,,voiture,,2,2,9,1,6
202300000828,2023-05-06 23:50:00,2023,5,6,23,50,44,44215,Route du Drouillet,47.155995,-1.488696,Nuit sans éclairage public,Hors agglomération,Hors intersection,Pluie légère,Sans collision,4,2,2,0,1,2,2,0,3,80,1,2,0,0,1,1,17.0,,voiture,,3,1,1,2,7
202300000829,2023-03-28 20:25:00,2023,3,28,20,25,75,75107,RUE DU BAC,48.853992,2.32383,Nuit avec éclairage allumé,En agglomération,Intersection en X,Normale,Autre collision,4,-1,0,0,1,1,1,0,1,30,1,2,1,0,0,1,39.0,,deux_roues,,5,2,2,1,6
202300000829,2023-03-28 20:25:00,2023,3,28,20,25,75,75107,RUE DU BAC,48.853992,2.32383,Nuit avec éclairage allumé,En agglomération,Intersection en X,Normale,Autre collision,4,1,0,0,1,1,1,0,1,30,1,2,1,0,0,1,39.0,,deux_roues,,5,2,2,1,6
202300000830,2023-11-29 17:30:00,2023,11,29,17,30,76,76177,D6,49.599613,1.170559,Nuit sans éclairage public,Hors agglomération,Hors intersection,Pluie légère,Deux véhicules - frontale,3,2,2,0,1,1,2,0,1,80,2,3,2,0,0,1,71.0,24.0,voiture,voiture,3,1,1,2,1
202300000831,2023-05-07 17:50:00,2023,5,7,17,50,76,76678,D915,49.636078,1.450109,Plein jour,Hors agglomération,Hors intersection,Normale,Deux véhicules - frontale,3,2,2,0,1,1,2,0,1,80,2,4,0,0,1,3,46.0,67.0,voiture,voiture,1,1,1,1,1
202300000832,2023-03-28 10:50:00,2023,3,28,10,50,75,75107,QUAI ANATOLE FRANCE,48.859572,2.329304,Plein jour,En agglomération,Intersection en X,Normale,Deux véhicules - côté,4,1,3,2,2,1,1,2,5,30,2,2,1,0,0,1,51.0,58.0,deux_roues,deux_roues,1,2,2,1,3
202300000832,2023-03-28 10:50:00,2023,3,28,10,50,75,75107,QUAI ANATOLE FRANCE,48.859572,2.329304,Plein jour,En agglomération,Intersection en X,Normale,Deux véhicules - côté,4,2,4,1,1,1,1,5,5,30,2,2,1,0,0,1,51.0,58.0,deux_roues,deux_roues,1,2,2,1,3
202300000833,2023-11-30 17:20:00,2023,11,30,17,20,2B,2B346,Arena,42.504376,9.468927,Nuit sans éclairage public,Hors agglomération,Hors intersection,Normale,Deux véhicules - côté,2,2,2,0,1,3,1,0,1,70,2,2,1,0,0,1,58.0,67.0,voiture,utilitaire_camion,3,1,1,1,3
202300000834,2023-05-06 23:15:00,2023,5,6,23,15,13,13028,A50-Sens LA CIOTAT vers Bandol,43.20212,5.59419,Nuit avec éclairage allumé,Hors agglomération,Hors intersection,Normale,Autre collision,1,-1,4,0,1,1,1,7,6,30,1,1,0,0,1,0,31.0,,voiture,,5,1,1,1,6
202300000835,2023-03-28 08:10:00,2023,3,28,8,10,75,75104,QUAI HENRI IV,48.848128,2.363724,Plein jour,En agglomération,Hors intersection,Normale,Autre collision,4,1,2,0,1,1,1,0,1,30,1,2,1,0,0,1,29.0,,voiture,,1,2,1,1,6
202300000836,2023-11-25 11:25:00,2023,11,25,11,25,82,82151,chemin de foirail,44.323061,0.946031,Plein jour,En agglomération,Intersection en Y,Normale,Deux véhicules - côté,3,2,2,0,2,1,1,0,1,50,2,2,1,0,0,1,43.0,76.0,deux_roues,voiture,1,2,4,1,3
202300000836,2023-11-25 11:25:00,2023,11,25,11,25,82,82151,chemin de foirail,44.323061,0.946031,Plein jour,En agglomération,Intersection en Y,Normale,Deux véhicules - côté,3,2,2,0,3,1,1,0,1,50,2,2,1,0,0,1,43.0,76.0,deux_roues,voiture,1,2,4,1,3
202300000837,2023-03-28 18:20:00,2023,3,28,18,20,94,94067,Avenue du Général de Gaulle / Avenue Victor Hugo,48.84395994,2.41762465,Plein jour,En agglomération,Intersection en X,Normale,Autre collision,3,2,2,0,1,1,1,0,1,50,1,2,1,0,0,1,35.0,,transport_commun,,1,2,2,1,6
202300000837,2023-03-28 18:20:00,2023,3,28,18,20,94,94067,Avenue du Général de Gaulle / Avenue Victor Hugo,48.84395994,2.41762465,Plein jour,En agglomération,Intersection en X,Normale,Autre collision,3,2,3,2,1,1,1,0,1,-1,1,2,1,0,0,1,35.0,,transport_commun,,1,2,2,1,6
202300000838,2023-05-05 16:10:00,2023,5,5,16,10,13,13071,A7-Sens Marseille vers Lyon,43.4096,5.28569,Plein jour,Hors agglomération,Hors intersection,Normale,Trois véhicules et plus - en chaîne,1,1,3,0,1,1,1,0,1,110,3,3,2,0,0,1,,54.0,utilitaire_camion,voiture,1,1,1,1,4
202300000839,2023-11-29 09:50:00,2023,11,29,9,50,49,49055,Chemin des Nuits,47.521486,-0.572104,Plein jour,Hors agglomération,Giratoire,Normale,Deux véhicules - arrière,3,1,2,0,1,2,1,0,1,90,2,2,1,0,0,1,55.0,46.0,voiture,deux_roues,1,1,6,1,2
202300000840,2023-05-06 01:00:00,2023,5,6,1,0,83,83069,A570,43.12537,6.08987,Nuit sans éclairage public,Hors agglomération,Hors intersection,Normale,Deux véhicules - côté,1,3,2,0,1,1,1,3,1,110,2,2,1,0,1,0,66.0,36.0,deux_roues,utilitaire_camion,3,1,1,1,3
202300000841,2023-11-23 19:50:00,2023,11,23,19,50,49,49228,cd 766,47.51377955,0.09970093,Nuit sans éclairage public,Hors agglomération,Hors intersection,Normale,Deux véhicules - côté,3,2,2,0,1,1,1,0,1,90,2,2,1,0,0,1,51.0,,deux_roues,voiture,3,1,1,1,3
202300000842,2023-03-27 08:15:00,2023,3,27,8,15,94,94046,Rue Jean Jaurès,48.79367,2.43449,Plein jour,En agglomération,Intersection en T,Temps couvert,Deux véhicules - côté,3,2,4,1,1,1,1,5,5,50,2,2,1,0,0,1,17.0,,deux_roues,autre,1,2,3,8,3
202300000842,2023-03-27 08:15:00,2023,3,27,8,15,94,94046,Rue Jean Jaurès,48.79367,2.43449,Plein jour,En agglomération,Intersection en T,Temps couvert,Deux véhicules - côté,3,1,1,0,1,1,1,5,5,50,2,2,1,0,0,1,17.0,,deux_roues,autre,1,2,3,8,3
202300000843,2023-05-05 00:23:00,2023,5,5,0,23,57,57474,Autoroute A31,49.26444,6.17725,Nuit sans éclairage public,Hors agglomération,Hors intersection,Normale,Deux véhicules - arrière,1,3,3,0,1,1,1,0,1,110,2,3,1,0,0,2,38.0,30.0,voiture,voiture,3,1,1,1,2
202300000844,2023-11-30 16:20:00,2023,11,30,16,20,68,68004,18 Rue de l?Ill,47.626735,7.23594,Plein jour,En agglomération,Autre intersection,Pluie légère,Autre collision,5,2,2,0,1,1,3,0,8,20,1,3,2,1,0,0,18.0,,voiture,,1,2,9,2,6
202300000845,2023-03-28 10:15:00,2023,3,28,10,15,93,93059,Avenue Elisée Reclus / Passage Maurice,48.95029,2.35769,Plein jour,En agglomération,Passage à niveau,Normale,Deux véhicules - côté,3,3,2,3,1,1,1,4,6,30,2,2,1,0,0,1,49.0,75.0,transport_commun,deux_roues,1,2,8,1,3
202300000845,2023-03-28 10:15:00,2023,3,28,10,15,93,93059,Avenue Elisée Reclus / Passage Maurice,48.95029,2.35769,Plein jour,En agglomération,Passage à niveau,Normale,Deux véhicules - côté,3,1, -1,2,1,1,1,0,6,-1,2,2,1,0,0,1,49.0,75.0,transport_commun,deux_roues,1,2,8,1,3
202300000846,2023-05-05 17:15:00,2023,5,5,17,15,67,67365,M35,48.536134,7.709835,Plein jour,Hors agglomération,Hors intersection,Pluie légère,Deux véhicules - côté,7,3,3,0,1,1,2,0,1,90,2,2,1,0,0,1,26.0,28.0,voiture,voiture,1,1,1,2,3
202300000847,2023-11-28 12:00:00,2023,11,28,12,0,38,38069,Route du Contour,45.43644,5.298763,Plein jour,Hors agglomération,Intersection en X,Normale,Deux véhicules - côté,3,2,2,0,1,1,1,0,1,80,2,3,0,0,0,3,65.0,81.0,voiture,voiture,1,1,2,1,3
202300000847,2023-11-28 12:00:00,2023,11,28,12,0,38,38069,Route du Contour,45.43644,5.298763,Plein jour,Hors agglomération,Intersection en X,Normale,Deux véhicules - côté,3,2,3,0,1,1,1,0,1,90,2,3,0,0,0,3,65.0,81.0,voiture,voiture,1,1,2,1,3
202300000848,2023-05-05 22:56:00,2023,5,5,22,56,91,91570,RN 104,48.62521,2.33097,Nuit avec éclairage non allumé,Hors agglomération,Hors intersection,Pluie légère,Sans collision,2,1,2,0,1,3,2,0,1,100,1,1,0,0,0,1,24.0,,voiture,,4,1,1,2,7
202300000849,2023-03-28 08:13:00,2023,3,28,8,13,93,93066,Boulevard de la Libération,48.92334,2.34288,Plein jour,En agglomération,Hors intersection,Normale,Deux véhicules - frontale,3,2,1,1,1,1,1,0,5,50,2,2,1,0,0,1,,56.0,deux_roues,deux_roues,1,2,1,1,1
202300000850,2023-05-06 18:35:00,2023,5,6,18,35,75,75116,A13Y,48.848456,2.2449,Plein jour,Hors agglomération,Hors intersection,Normale,Autre collision,1,1,4,0,1,1,1,0,1,90,1,1,0,0,0,1,19.0,,voiture,,1,1,1,1,6
202300000851,2023-11-29 17:20:00,2023,11,29,17,20,38,38538,Rue Albert Girard Blanc,45.215263,5.850295,Crépuscule ou aube,Hors agglomération,Intersection en T,Normale,Deux véhicules - arrière,4,2,2,0,1,1,1,0,1,70,2,2,1,0,1,0,51.0,18.0,voiture,deux_roues,2,1,3,1,2
202300000851,2023-11-29 17:20:00,2023,11,29,17,20,38,38538,Rue Albert Girard Blanc,45.215263,5.850295,Crépuscule ou aube,Hors agglomération,Intersection en T,Normale,Deux véhicules - arrière,4,2,2,0,1,1,1,0,1,30,2,2,1,0,1,0,51.0,18.0,voiture,deux_roues,2,1,3,1,2
202300000852,2023-03-28 07:00:00,2023,3,28,7,0,92,92050,CLEMENCEAU GEORGES AVENUE N° PAIR,48.88601099,2.21458465,Crépuscule ou aube,En agglomération,Hors intersection,Normale,Deux véhicules - côté,3,2,0,0,2,1,1,0,1,50,2,2,1,0,0,1,61.0,,deux_roues,utilitaire_camion,2,2,1,1,3
202300000853,2023-11-24 04:40:00,2023,11,24,4,40,02,02639,D420,49.720859,3.275471,Nuit sans éclairage public,Hors agglomération,Hors intersection,Normale,Deux véhicules - frontale,3,2,2,0,1,1,1,0,1,80,2,2,0,0,2,0,29.0,28.0,voiture,voiture,3,1,1,1,1
202300000854,2023-03-28 16:10:00,2023,3,28,16,10,92,92048,GARDES (ROUTE DES) N° 5 A 51,48.81885304,2.23187327,Plein jour,En agglomération,Hors intersection,Pluie légère,Autre collision,3,2,2,0,2,1,2,0,1,50,1,2,0,0,0,2,51.0,,deux_roues,,1,2,1,2,6
202300000855,2023-05-05 19:14:00,2023,5,5,19,14,92,92050,A86,48.91808521,2.22294963,Plein jour,Hors agglomération,Hors intersection,Pluie légère,Trois véhicules et plus - en chaîne,1,1,3,0,1,1,2,0,1,70,4,5,4,0,0,1,73.0,47.0,voiture,voiture,1,1,1,2,4
202300000856,2023-11-29 17:45:00,2023,11,29,17,45,58,58067,D907,47.103718,3.072095,Nuit sans éclairage public,Hors agglomération,Hors intersection,Normale,Deux véhicules - frontale,3,2,2,0,1,3,1,0,1,80,2,2,0,0,1,1,28.0,55.0,voiture,voiture,3,1,1,1,1
202300000857,2023-03-28 14:40:00,2023,3,28,14,40,92,92040,JEAN-PIERRE TIMBAUD,48.81924872,2.24969342,Plein jour,En agglomération,Hors intersection,Normale,Autre collision,3,1,2,0,1,1,1,0,1,30,1,1,0,0,0,1,74.0,,voiture,,1,2,1,1,6
202300000858,2023-05-06 07:49:00,2023,5,6,7,49,93,93006,AUTOROUTE A3,48.86627623,2.41437177,Plein jour,Hors agglomération,Hors intersection,Normale,Autre collision,1,3,2,0,2,2,1,0,1,90,1,1,0,0,0,1,31.0,,deux_roues,,1,1,1,1,6
202300000859,2023-11-29 17:47:00,2023,11,29,17,47,50,50388,D971,49.028998,-1.462539,Nuit sans éclairage public,Hors agglomération,Hors intersection,Normale,Autre collision,3,3,0,0,4,2,2,2,1,90,1,1,0,1,0,0,23.0,,voiture,,3,1,1,1,6
202300000860,2023-03-28 19:10:00,2023,3,28,19,10,92,92062,DEFENSE (ROND POINT DE LA),48.890417,2.241709,Nuit avec éclairage allumé,En agglomération,Autre intersection,Temps couvert,Deux véhicules - arrière,3,1,1,2,1,2,1,1,1,50,2,2,1,0,0,1,40.0,60.0,deux_roues,voiture,5,2,9,8,2
202300000861,2023-11-29 12:00:00,2023,11,29,12,0,64,64487,RD 918,43.19220313,-1.02317423,Plein jour,Hors agglomération,Hors intersection,Temps couvert,Autre collision,3,2,2,0,2,3,2,0,3,80,1,1,0,0,0,1,62.0,,voiture,,1,1,1,8,6
202300000862,2023-05-06 06:15:00,2023,5,6,6,15,92,92036,AUTOROUTE A15,48.94364712,2.28775617,Crépuscule ou aube,Hors agglomération,Hors intersection,Pluie légère,Sans collision,1,3,4,0,1,3,2,0,1,110,1,1,0,0,0,1,25.0,,deux_roues,,2,1,1,2,7
202300000863,2023-11-30 13:20:00,2023,11,30,13,20,64,64250,Chemin de Laillet,43.513417,-1.209644,Plein jour,Hors agglomération,Hors intersection,Pluie légère,Autre collision,4,2,2,0,1,1,2,0,3,50,1,1,0,1,0,0,46.0,,utilitaire_camion,,1,1,1,2,6
202300000864,2023-03-28 17:10:00,2023,3,28,17,10,92,92025,STALINGRAD (AV DE),48.928776,2.268825,Plein jour,En agglomération,Intersection en X,Normale,Autre collision,3,1,1,0,1,1,1,0,1,30,1,1,0,0,0,1,20.0,,deux_roues,,1,2,2,1,6
202300000864,2023-03-28 17:10:00,2023,3,28,17,10,92,92025,STALINGRAD (AV DE),48.928776,2.268825,Plein jour,En agglomération,Intersection en X,Normale,Autre collision,3,2,4,0,1,1,1,0,1,50,1,1,0,0,0,1,20.0,,deux_roues,,1,2,2,1,6
202300000865,2023-05-05 12:00:00,2023,5,5,12,0,43,43157,27 Rue Jean Baudoin,45.030042,3.883772,Plein jour,En agglomération,Place,Normale,Autre collision,4,2,2,0,2,1,1,0,1,50,1,2,1,0,0,1,40.0,,voiture,,1,2,7,1,6
202300000866,2023-11-30 08:20:00,2023,11,30,8,20,64,64238,Route de Poutsas,43.25339379,-0.05384132,Plein jour,En agglomération,Hors intersection,Pluie légère,Sans collision,3,2,2,0,1,1,2,0,1,50,1,1,0,1,0,0,60.0,,voiture,,1,2,1,2,7
202300000867,2023-05-04 10:10:00,2023,5,4,10,10,72,72181,TIRONNEAU ADRIEN (PL),47.9835,0.21034,Plein jour,En agglomération,Autre intersection,Normale,Autre collision,4,2,3,3,1,1,1,0,1,50,1,2,1,0,0,1,19.0,,deux_roues,,1,2,9,1,6
202300000868,2023-03-28 16:30:00,2023,3,28,16,30,92,92024,MARIE BRECHET (ALLEE),48.90192772,2.31900305,Plein jour,En agglomération,Hors intersection,Temps couvert,Deux véhicules - côté,4,2,1,0,1,1,1,0,1,30,2,2,1,0,0,1,49.0,56.0,deux_roues,voiture,1,2,1,8,3
202300000869,2023-11-30 10:00:00,2023,11,30,10,0,18,18011,,47.566291,2.458266,Plein jour,Hors agglomération,Hors intersection,Normale,Deux véhicules - frontale,3,2,2,0,1,1,1,0,1,90,2,3,0,1,0,2,22.0,73.0,utilitaire_camion,voiture,1,1,1,1,1
202300000870,2023-05-04 19:50:00,2023,5,4,19,50,30,30028,Route pont saint Esprit,44.16913,4.61946,Plein jour,En agglomération,Giratoire,Normale,Deux véhicules - frontale,2,2,1,0,1,3,1,5,1,50,2,2,0,0,0,2,19.0,63.0,utilitaire_camion,voiture,1,2,6,1,1
202300000871,2023-03-28 12:00:00,2023,3,28,12,0,92,92002,MEDITERRANEE (RUE DE LA),48.73809258,2.28948802,Plein jour,En agglomération,Hors intersection,Normale,Autre collision,4,2,2,0,1,1,1,0,1,50,1,2,1,0,0,1,24.0,,voiture,,1,2,1,1,6
202300000872,2023-04-02 13:45:00,2023,4,2,13,45,85,85051,44 Avenue du Maréchal de Lattre de Tassigny,46.68471,-1.041893,Plein jour,En agglomération,Hors intersection,Normale,Deux véhicules - arrière,4,2,2,0,2,1,1,0,1,50,2,2,1,0,1,0,22.0,23.0,deux_roues,voiture,1,2,1,1,2
202300000873,2023-05-04 07:45:00,2023,5,4,7,45,06,06085,CARIMAI (RUE),43.578131,6.992748,Plein jour,En agglomération,Hors intersection,Normale,Autre collision,3,3,4,0,2,1,1,0,1,30,1,2,1,0,1,0,20.0,,deux_roues,,1,2,1,1,6
202300000874,2023-11-30 08:40:00,2023,11,30,8,40,28,28089,57 Rue Jean Moulin,48.579528,1.243939,Plein jour,En agglomération,Intersection en T,Normale,Autre collision,3,2,2,0,1,1,1,6,8,50,1,2,1,0,0,1,22.0,,voiture,,1,2,3,1,6
202300000874,2023-11-30 08:40:00,2023,11,30,8,40,28,28089,57 Rue Jean Moulin,48.579528,1.243939,Plein jour,En agglomération,Intersection en T,Normale,Autre collision,3,1,1,0,1,1,1,0,8,-1,1,2,1,0,0,1,22.0,,voiture,,1,2,3,1,6
202300000875,2023-03-28 15:10:00,2023,3,28,15,10,17,17045,D118,45.865752,-0.832633,Plein jour,Hors agglomération,Hors intersection,Normale,Deux véhicules - frontale,3,2,2,0,1,3,1,0,1,80,2,5,1,0,3,1,22.0,43.0,voiture,voiture,1,1,1,1,1
202300000876,2023-05-04 18:44:00,2023,5,4,18,44,94,94003,Avenue Jean Jaurès / Avenue du Chaperon Vert,48.81089151,2.33460036,Plein jour,En agglomération,Intersection à plus de 4 branches,Normale,Autre collision,3,3,2,0,2,1,1,0,1,50,1,2,1,0,0,1,28.0,,transport_commun,,1,2,5,1,6
202300000876,2023-05-04 18:44:00,2023,5,4,18,44,94,94003,Avenue Jean Jaurès / Avenue du Chaperon Vert,48.81089151,2.33460036,Plein jour,En agglomération,Intersection à plus de 4 branches,Normale,Autre collision,3,2,2,0,2,1,1,0,1,-1,1,2,1,0,0,1,28.0,,transport_commun,,1,2,5,1,6
202300000877,2023-11-30 06:30:00,2023,11,30,6,30,52,52469,route communale 2,48.053128,5.073731,Nuit sans éclairage public,Hors agglomération,Autre intersection,Autre,Sans collision,4,2,2,0,1,2,1,0,1,80,1,1,0,0,1,0,15.0,,deux_roues,,3,1,9,9,7
202300000878,2023-03-28 20:45:00,2023,3,28,20,45,22,22190,Le Rocher,48.535746,-2.079549,Nuit sans éclairage public,Hors agglomération,Hors intersection,Normale,Autre collision,4,2,2,0,1,2,1,0,3,80,1,1,0,1,0,0,64.0,,voiture,,3,1,1,1,6
202300000879,2023-05-03 08:00:00,2023,5,3,8,0,91,91027,IMP DU QUAI DE L'INDUSTRIE,48.701524,2.398363,Plein jour,En agglomération,Hors intersection,Normale,Deux véhicules - côté,4,2,2,0,1,1,1,0,1,50,2,2,1,0,0,1,33.0,21.0,deux_roues,voiture,1,2,1,1,3
202300000880,2023-03-29 12:00:00,2023,3,29,12,0,77,77505,D33A1,48.920081,2.988337,Plein jour,Hors agglomération,Hors intersection,Normale,Sans collision,3,2,2,0,1,1,1,0,3,80,1,1,0,0,0,1,23.0,,utilitaire_camion,,1,1,1,1,7
202300000881,2023-07-05 14:55:00,2023,7,5,14,55,06,06069,BOBET (AVENUE LOUISON),43.62623,6.93957,Plein jour,En agglomération,Hors intersection,Normale,Deux véhicules - frontale,4,2,2,0,2,2,1,0,1,50,2,3,2,0,0,1,42.0,28.0,utilitaire_camion,transport_commun,1,2,1,1,1
202300000882,2023-11-29 11:10:00,2023,11,29,11,10,31,31296,A64 - PK218.000,43.120268,0.895409,Plein jour,Hors agglomération,Hors intersection,Temps couvert,Autre collision,1,1,0,0,1,1,1,7,6,70,1,1,0,0,1,0,61.0,,utilitaire_camion,,1,1,1,8,6
202300000883,2023-03-29 10:30:00,2023,3,29,10,30,974,97422,Chemin Neuf,-21.248373,55.518828,Plein jour,En agglomération,Intersection en T,Normale,Deux véhicules - côté,3,2,2,0,2,3,1,0,1,50,2,3,2,0,0,1,18.0,50.0,deux_roues,voiture,1,2,3,1,3
202300000883,2023-03-29 10:30:00,2023,3,29,10,30,974,97422,Chemin Neuf,-21.248373,55.518828,Plein jour,En agglomération,Intersection en T,Normale,Deux véhicules - côté,3,2, -1,-1,2,1,1,5,1,-1,2,3,2,0,0,1,18.0,50.0,deux_roues,voiture,1,2,3,1,3
202300000884,2023-05-03 12:00:00,2023,5,3,12,0,93,93006,150 Rue Sadi Carnot,48.87394436,2.42220908,Plein jour,En agglomération,Hors intersection,Normale,Autre collision,4,1,1,0,1,1,1,0,1,30,1,2,1,0,0,1,46.0,,utilitaire_camion,,1,2,1,1,6
202300000885,2023-11-30 06:20:00,2023,11,30,6,20,30,30347,Chemin des Canaux (Pont),43.726002,4.270517,Crépuscule ou aube,Hors agglomération,Hors intersection,Temps couvert,Deux véhicules - frontale,3,2,2,0,1,1,2,0,1,80,2,2,0,0,2,0,55.0,38.0,voiture,voiture,2,1,1,8,1
202300000886,2023-03-27 14:30:00,2023,3,27,14,30,972,97220,Morne Vent,14.5293765,-60.9003375,Plein jour,Hors agglomération,Hors intersection,Normale,Autre collision,4,2,2,0,2,3,1,9,8,-1,1,1,0,0,1,0,88.0,,voiture,,1,1,1,1,6
202300000887,2023-05-02 18:15:00,2023,5,2,18,15,62,62193,COPERNIC,50.94174,1.86601,Plein jour,En agglomération,Hors intersection,Normale,Autre collision,4,2,1,0,1,1,1,0,3,50,1,2,1,0,0,1,21.0,,voiture,,1,2,1,1,6
202300000888,2023-11-28 17:23:00,2023,11,28,17,23,73,73068,Autoroute A43 - PK 124.300,45.56332127,6.20650917,Nuit sans éclairage public,Hors agglomération,Hors intersection,Temps couvert,Deux véhicules - arrière,1,3,4,0,1,1,2,0,2,130,2,3,0,0,0,3,38.0,38.0,voiture,voiture,3,1,1,8,2
202300000889,2023-05-02 18:10:00,2023,5,2,18,10,34,34172,777 Rue de Bionne,43.60771,3.82135,Plein jour,En agglomération,Autre intersection,Normale,Deux véhicules - frontale,4,2,2,0,2,3,1,0,1,50,2,3,1,0,0,2,44.0,48.0,voiture,voiture,1,2,9,1,1
202300000890,2023-03-28 13:30:00,2023,3,28,13,30,38,38239,Route de Grenoble,45.329473,5.56913,Plein jour,En agglomération,Intersection en X,Normale,Deux véhicules - côté,3,3,4,0,2,1,1,0,1,70,2,2,1,0,0,1,30.0,31.0,voiture,deux_roues,1,2,2,1,3
202300000890,2023-03-28 13:30:00,2023,3,28,13,30,38,38239,Route de Grenoble,45.329473,5.56913,Plein jour,En agglomération,Intersection en X,Normale,Deux véhicules - côté,3,2,2,0,1,1,1,0,8,50,2,2,1,0,0,1,30.0,31.0,voiture,deux_roues,1,2,2,1,3
202300000891,2023-11-30 16:10:00,2023,11,30,16,10,03,03305,"Point kilomètrique 004+040, A714, Sens 2",46.377336,2.679103,Plein jour,Hors agglomération,Hors intersection,Pluie légère,Autre collision,1,3,3,0,3,2,2,0,2,110,1,2,1,0,0,1,48.0,,voiture,,1,1,1,2,6
202300000892,2023-05-02 10:45:00,2023,5,2,10,45,33,33063,Rue Tastet,44.83502,-0.58222,Plein jour,En agglomération,Intersection en X,Normale,Autre collision,4,1,2,2,1,1,1,0,1,50,1,2,1,1,0,0,45.0,,voiture,,1,2,2,1,6
202300000892,2023-05-02 10:45:00,2023,5,2,10,45,33,33063,Rue Tastet,44.83502,-0.58222,Plein jour,En agglomération,Intersection en X,Normale,Autre collision,4,1,1,0,1,1,1,0,1,30,1,2,1,1,0,0,45.0,,voiture,,1,2,2,1,6
202300000893,2023-03-29 04:40:00,2023,3,29,4,40,08,08163,A 34,49.607818,4.530079,Nuit sans éclairage public,Hors agglomération,Hors intersection,Normale,Deux véhicules - arrière,1,1,2,0,1,1,1,0,2,130,2,3,2,0,1,0,49.0,,utilitaire_camion,,3,1,1,1,2
202300000894,2023-03-29 17:50:00,2023,3,29,17,50,35,35024,Rue du Mont Saint-Michel,48.188443,-1.626996,Plein jour,En agglomération,Hors intersection,Temps couvert,Autre collision,4,2,2,0,1,1,1,0,1,30,1,2,1,0,0,1,43.0,,deux_roues,,1,2,1,8,6
202300000895,2023-05-02 19:10:00,2023,5,2,19,10,17,17415,TOMBOUCTOU AVENUE DE,45.737402,-0.657113,Plein jour,En agglomération,Hors intersection,Normale,Autre collision,4,2,2,0,1,1,1,0,8,50,1,2,1,0,0,1,22.0,,voiture,,1,2,1,1,6
202300000896,2023-03-28 18:45:00,2023,3,28,18,45,56,56240,Parking du supermarché Casino,47.527982,-2.75701,Crépuscule ou aube,En agglomération,Hors intersection,Normale,Autre collision,6,-1, -1,0,1,1,1,0,1,-1,1,2,1,0,1,0,45.0,,voiture,,2,2,1,1,6
202300000897,2023-05-02 08:10:00,2023,5,2,8,10,93,93029,Rue de la Station,48.92989,2.42587,Plein jour,En agglomération,Hors intersection,Normale,Autre collision,4,2,2,0,1,1,1,0,1,50,1,2,1,0,0,1,26.0,,utilitaire_camion,,1,2,1,1,6