accident_id,datetime,annee,mois,jour,heure,minute,departement,commune_insee,adresse,latitude,longitude,luminosite,agglomeration,intersection,meteo,collision,catr,circ,nbv,vosp,prof,plan,surf,infra,situ,vma,nb_vehicules,nb_usagers,nb_indemnes,nb_tues,nb_blesses_hosp,nb_blesses_legers,age_cond_1,age_cond_2,veh_type_cond_1,veh_type_cond_2,lum_code,agg_code,int_code,atm_code,col_code
202300000898,2023-05-01 10:45:00,2023,5,1,10,45,92,92050,REPUBLIQUE AVENUE DE LA,48.89730805,2.19757944,Plein jour,En agglomération,Intersection en X,Normale,Autre collision,3,1,2,0,1,1,1,0,1,50,1,2,1,0,0,1,49.0,,voiture,,1,2,2,1,6
202300000898,2023-05-01 10:45:00,2023,5,1,10,45,92,92050,REPUBLIQUE AVENUE DE LA,48.89730805,2.19757944,Plein jour,En agglomération,Intersection en X,Normale,Autre collision,3,2,2,0,1,1,1,0,1,50,1,2,1,0,0,1,49.0,,voiture,,1,2,2,1,6
202300000899,2023-03-27 10:50:00,2023,3,27,10,50,76,76517,Route d?Houppeville - Route de Crève coeur,49.522179,1.136232,Plein jour,Hors agglomération,Intersection en X,Normale,Deux véhicules - côté,3,2,2,0,2,1,1,0,1,80,2,2,1,0,0,1,39.0,64.0,voiture,deux_roues,1,1,2,1,3
202300000899,2023-03-27 10:50:00,2023,3,27,10,50,76,76517,Route d?Houppeville - Route de Crève coeur,49.522179,1.136232,Plein jour,Hors agglomération,Intersection en X,Normale,Deux véhicules - côté,3,2,2,0,1,1,1,0,1,80,2,2,1,0,0,1,39.0,64.0,voiture,deux_roues,1,1,2,1,3
202300000900,2023-03-29 17:00:00,2023,3,29,17,0,80,80512,19 Route de Rouen,50.086429,1.816171,Plein jour,En agglomération,Hors intersection,Normale,Deux véhicules - arrière,3,2,2,0,1,1,1,0,1,50,2,2,1,0,1,0,36.0,64.0,voiture,deux_roues,1,2,1,1,2
202300000901,2023-04-30 14:35:00,2023,4,30,14,35,78,78401,RHIN ET DANUBE (PONT),49.00384,1.90691,Plein jour,En agglomération,Autre intersection,Normale,Deux véhicules - arrière,3,2,2,0,2,1,1,2,1,50,2,3,2,0,0,1,21.0,29.0,deux_roues,utilitaire_camion,1,2,9,1,2
202300000902,2023-03-29 07:40:00,2023,3,29,7,40,82,82112,Rue Elie Cayla,44.102333,1.09175,Plein jour,En agglomération,Autre intersection,Normale,Autre collision,4,2,2,0,1,1,1,0,1,50,1,2,1,0,1,0,21.0,,voiture,,1,2,9,1,6
202300000903,2023-04-30 13:45:00,2023,4,30,13,45,93,93072,Boulevard Maxime Gorki,48.95067,2.38567,Plein jour,En agglomération,Hors intersection,Normale,Autre collision,3,2,2,0,1,1,1,0,1,50,1,3,1,0,2,0,34.0,,voiture,,1,2,1,1,6
202300000904,2023-11-29 17:25:00,2023,11,29,17,25,06,06085,Avenue de la Victoire,43.5855909,7.0059725,Nuit avec éclairage allumé,Hors agglomération,Giratoire,Normale,Deux véhicules - côté,3,1,2,0,1,2,1,0,1,50,2,2,1,0,0,1,25.0,69.0,deux_roues,voiture,5,1,6,1,3
202300000905,2023-03-28 15:30:00,2023,3,28,15,30,81,81048,Route de Saint Quintin,43.960588,2.126911,Plein jour,Hors agglomération,Hors intersection,Normale,Deux véhicules - côté,4,2,2,0,2,4,1,0,1,70,2,2,1,0,1,0,77.0,34.0,deux_roues,voiture,1,1,1,1,3
202300000906,2023-04-30 10:00:00,2023,4,30,10,0,93,93027,Rue Suzanne Masson,48.92325,2.38482,Plein jour,En agglomération,Hors intersection,Normale,Autre collision,4,2,2,0,2,1,1,0,1,50,1,3,2,0,0,1,,,autre,,1,2,1,1,6
202300000907,2023-11-29 18:27:00,2023,11,29,18,27,31,31254,Prologue (Arrêt de bus),43.548093,1.507648,Nuit avec éclairage allumé,En agglomération,Autre intersection,Normale,Autre collision,4,2,2,0,1,3,1,0,1,50,1,2,1,0,1,0,57.0,,voiture,,5,2,9,1,6
202300000908,2023-03-29 17:50:00,2023,3,29,17,50,11,11355,,43.099784,2.207823,Plein jour,Hors agglomération,Intersection en X,Normale,Deux véhicules - côté,3,2,2,0,4,1,1,0,1,70,2,2,1,0,0,1,34.0,81.0,utilitaire_camion,voiture,1,1,2,1,3
202300000908,2023-03-29 17:50:00,2023,3,29,17,50,11,11355,,43.099784,2.207823,Plein jour,Hors agglomération,Intersection en X,Normale,Deux véhicules - côté,3,2, -1,-1,1,1,1,0,1,-1,2,2,1,0,0,1,34.0,81.0,utilitaire_camion,voiture,1,1,2,1,3
202300000909,2023-04-28 21:00:00,2023,4,28,21,0,72,72181,BLUM LEON (RUE) N° IMP,47.99494,0.22968,Nuit avec éclairage allumé,En agglomération,Hors intersection,Normale,Autre collision,4,-1,2,0,1,1,1,0,4,50,1,2,1,0,0,1,,,deux_roues,,5,2,1,1,6
202300000910,2023-11-28 08:55:00,2023,11,28,8,55,34,34259,route de pignan,43.603469,3.783465,Plein jour,Hors agglomération,Hors intersection,Normale,Deux véhicules - frontale,3,-1,2,0,1,1,1,0,1,80,2,2,0,0,0,2,36.0,47.0,voiture,voiture,1,1,1,1,1
202300000911,2023-03-28 20:30:00,2023,3,28,20,30,71,71134,Route de la Chapelle (Clermain),46.365417,4.576793,Nuit sans éclairage public,Hors agglomération,Hors intersection,Normale,Autre collision,3,2,2,0,1,1,2,0,1,70,1,2,1,0,1,0,57.0,,voiture,,3,1,1,1,6
202300000912,2023-04-27 14:20:00,2023,4,27,14,20,71,71306,DE LATTRE DE TASSIGNY (BLD DU MARECHAL),46.67679,4.37343,Plein jour,En agglomération,Hors intersection,Normale,Autre collision,4,3,2,1,1,1,1,0,5,50,1,2,1,0,1,0,25.0,,deux_roues,,1,2,1,1,6
202300000913,2023-03-28 13:30:00,2023,3,28,13,30,55,55166,D34,49.112759,5.386466,Plein jour,En agglomération,Intersection en Y,Normale,Deux véhicules - côté,3,2,2,0,2,1,1,0,1,50,2,2,1,0,0,1,40.0,64.0,utilitaire_camion,deux_roues,1,2,4,1,3
202300000913,2023-03-28 13:30:00,2023,3,28,13,30,55,55166,D34,49.112759,5.386466,Plein jour,En agglomération,Intersection en Y,Normale,Deux véhicules - côté,3,2,2,0,2,3,1,0,1,50,2,2,1,0,0,1,40.0,64.0,utilitaire_camion,deux_roues,1,2,4,1,3
202300000914,2023-04-26 17:10:00,2023,4,26,17,10,69,69386,Avenue Thiers,45.76607645,4.86179849,Plein jour,En agglomération,Intersection à plus de 4 branches,Normale,Autre collision,4,2,5,3,1,1,1,0,4,50,1,2,1,0,0,1,59.0,,deux_roues,,1,2,5,1,6
202300000914,2023-04-26 17:10:00,2023,4,26,17,10,69,69386,Avenue Thiers,45.76607645,4.86179849,Plein jour,En agglomération,Intersection à plus de 4 branches,Normale,Autre collision,4,2,2,2,1,1,1,0,8,50,1,2,1,0,0,1,59.0,,deux_roues,,1,2,5,1,6
202300000915,2023-11-29 07:56:00,2023,11,29,7,56,34,34202,M5,43.575267,3.74747,Crépuscule ou aube,Hors agglomération,Hors intersection,Normale,Trois véhicules et plus - en chaîne,3,2,2,0,1,1,2,0,1,90,3,4,3,1,0,0,36.0,54.0,deux_roues,utilitaire_camion,2,1,1,1,4
202300000916,2023-03-23 16:40:00,2023,3,23,16,40,49,49291,D360,47.165844,-0.107895,Plein jour,Hors agglomération,Hors intersection,Pluie légère,Sans collision,3,2,2,0,1,1,2,0,1,80,1,1,0,0,1,0,38.0,,deux_roues,,1,1,1,2,7
202300000917,2023-02-03 15:30:00,2023,2,3,15,30,972,97209,FOND LADA (RUE DU),14.62301,-61.08083,Plein jour,Hors agglomération,Hors intersection,Normale,Autre collision,4,2,2,3,2,3,1,9,6,10,1,1,0,0,0,1,54.0,,voiture,,1,1,1,1,6
202300000918,2023-03-27 07:50:00,2023,3,27,7,50,12,12254,D27,44.468262,2.497177,Plein jour,Hors agglomération,Hors intersection,Normale,Deux véhicules - côté,3,2,2,0,2,2,2,0,1,90,2,2,0,0,0,2,62.0,57.0,voiture,voiture,1,1,1,1,3
202300000919,2023-11-29 17:30:00,2023,11,29,17,30,45,45028,D2152 PR 85 + 180,47.779046,1.629233,Nuit avec éclairage allumé,En agglomération,Hors intersection,Normale,Deux véhicules - côté,3,2,2,0,2,1,1,9,1,50,2,2,1,0,0,1,13.0,36.0,deux_roues,voiture,5,2,1,1,3
202300000920,2023-05-05 23:45:00,2023,5,5,23,45,974,97416,HUBERT DE LISLE(BOULEVARD),-21.34365,55.47241,Nuit avec éclairage allumé,En agglomération,Hors intersection,Normale,Trois véhicules et plus - en chaîne,4,1,2,1,1,1,1,0,1,50,3,3,2,0,0,1,42.0,42.0,utilitaire_camion,voiture,5,2,1,1,4
202300000921,2023-03-28 08:00:00,2023,3,28,8,0,86,86129,D80,46.842827,0.752093,Plein jour,Hors agglomération,Hors intersection,Normale,Deux véhicules - côté,3,2,2,0,2,1,1,0,1,80,2,2,1,0,1,0,45.0,28.0,utilitaire_camion,deux_roues,1,1,1,1,3
202300000922,2023-11-28 18:15:00,2023,11,28,18,15,77,77315,D934,48.882331,2.8222289,Nuit avec éclairage allumé,Hors agglomération,Hors intersection,Normale,Deux véhicules - côté,3,2,2,0,2,1,1,0,1,80,2,2,1,0,0,1,26.0,16.0,voiture,deux_roues,5,1,1,1,3
202300000923,2023-05-05 11:45:00,2023,5,5,11,45,974,97411,JAURES (BOULEVARD JEAN),-20.89033,55.45982,Plein jour,En agglomération,Hors intersection,Normale,Trois véhicules et plus - en chaîne,2,1,2,0,1,1,1,1,1,50,3,3,2,0,0,1,,26.0,utilitaire_camion,voiture,1,2,1,1,4
202300000924,2023-03-28 17:38:00,2023,3,28,17,38,86,86082,D97c,46.356799,0.197668,Plein jour,Hors agglomération,Intersection en T,Normale,Deux véhicules - arrière,3,2,2,0,1,1,1,0,1,50,2,2,1,0,1,0,73.0,45.0,voiture,deux_roues,1,1,3,1,2
202300000924,2023-03-28 17:38:00,2023,3,28,17,38,86,86082,D97c,46.356799,0.197668,Plein jour,Hors agglomération,Intersection en T,Normale,Deux véhicules - arrière,3,-1, -1,0,1,1,1,0,1,50,2,2,1,0,1,0,73.0,45.0,voiture,deux_roues,1,1,3,1,2
202300000925,2023-11-30 18:05:00,2023,11,30,18,5,77,77183,D603,48.94857,3.126293,Nuit avec éclairage allumé,En agglomération,Hors intersection,Normale,Autre collision,3,2,2,0,1,1,1,0,1,50,1,2,1,0,0,1,23.0,,voiture,,5,2,1,1,6
202300000926,2023-03-28 07:40:00,2023,3,28,7,40,68,68284,Rue de Waldighoffen,47.538869,7.328857,Plein jour,En agglomération,Intersection à plus de 4 branches,Normale,Deux véhicules - côté,4,2, -1,-1,1,1,1,0,1,-1,2,2,1,0,0,1,47.0,22.0,deux_roues,voiture,1,2,5,1,3
202300000926,2023-03-28 07:40:00,2023,3,28,7,40,68,68284,Rue de Waldighoffen,47.538869,7.328857,Plein jour,En agglomération,Intersection à plus de 4 branches,Normale,Deux véhicules - côté,4,3,2,0,1,1,1,0,1,50,2,2,1,0,0,1,47.0,22.0,deux_roues,voiture,1,2,5,1,3
202300000927,2023-05-05 18:30:00,2023,5,5,18,30,974,97407,ROUTE NATIONALE N° 1,-20.95272,55.31626,Nuit avec éclairage allumé,Hors agglomération,Hors intersection,Normale,Deux véhicules - côté,2,1,2,0,1,1,1,0,1,110,2,2,1,0,0,1,43.0,27.0,deux_roues,voiture,5,1,1,1,3
202300000928,2023-11-30 07:35:00,2023,11,30,7,35,11,11243,D6113,43.35589,1.822481,Crépuscule ou aube,Hors agglomération,Hors intersection,Normale,Autre collision,3,2,2,0,1,1,1,0,1,70,1,2,1,1,0,0,51.0,,voiture,,2,1,1,1,6
202300000929,2023-03-23 15:40:00,2023,3,23,15,40,44,44129,Rue Benjamin Franklin,47.409497,-2.036397,Plein jour,Hors agglomération,Hors intersection,Pluie légère,Trois véhicules et plus - en chaîne,3,2,2,0,1,1,2,0,1,80,3,5,0,0,0,5,25.0,41.0,voiture,voiture,1,1,1,2,4
202300000930,2023-05-06 00:20:00,2023,5,6,0,20,69,69387,Rue Challemel Lacour,45.72939,4.84577,Nuit avec éclairage allumé,En agglomération,Intersection en T,Normale,Deux véhicules - côté,4,2,3,2,1,1,1,0,1,50,2,3,2,0,0,1,45.0,26.0,voiture,deux_roues,5,2,3,1,3
202300000930,2023-05-06 00:20:00,2023,5,6,0,20,69,69387,Rue Challemel Lacour,45.72939,4.84577,Nuit avec éclairage allumé,En agglomération,Intersection en T,Normale,Deux véhicules - côté,4,2,2,1,1,1,1,0,1,30,2,3,2,0,0,1,45.0,26.0,voiture,deux_roues,5,2,3,1,3
202300000931,2023-11-30 08:45:00,2023,11,30,8,45,13,13013,D908,43.414993,5.583158,Plein jour,Hors agglomération,Hors intersection,Brouillard / fumée,Deux véhicules - frontale,3,2,2,1,1,3,2,0,1,-1,2,3,1,2,0,0,40.0,92.0,utilitaire_camion,voiture,1,1,1,5,1
202300000932,2023-03-29 13:10:00,2023,3,29,13,10,35,35297,Le Bahac,48.20853543,-2.17529833,Plein jour,Hors agglomération,Hors intersection,Normale,Deux véhicules - frontale,3,2,2,0,4,2,1,0,1,80,2,3,0,1,2,0,20.0,37.0,voiture,voiture,1,1,1,1,1
202300000933,2023-11-29 22:10:00,2023,11,29,22,10,13,13027,Route de Tarascon,43.869095,4.812312,Nuit sans éclairage public,Hors agglomération,Hors intersection,Pluie légère,Deux véhicules - arrière,3,2,2,0,1,1,2,0,1,80,2,2,1,0,1,0,38.0,23.0,utilitaire_camion,deux_roues,3,1,1,2,2
202300000934,2023-05-05 07:45:00,2023,5,5,7,45,69,69388,5 Place André Latarjet,45.73017,4.88546,Plein jour,En agglomération,Hors intersection,Normale,Autre collision,4,2,2,0,1,1,1,0,1,30,2,3,2,0,0,1,42.0,,voiture,voiture,1,2,1,1,6
202300000935,2023-03-28 12:40:00,2023,3,28,12,40,02,02571,,49.887619,3.311949,Plein jour,Hors agglomération,Intersection en T,Normale,Deux véhicules - côté,3,2,2,0,1,1,1,0,1,80,2,2,1,0,1,0,29.0,56.0,voiture,deux_roues,1,1,3,1,3
202300000935,2023-03-28 12:40:00,2023,3,28,12,40,02,02571,,49.887619,3.311949,Plein jour,Hors agglomération,Intersection en T,Normale,Deux véhicules - côté,3,2, -1,-1,1,1,1,5,1,-1,2,2,1,0,1,0,29.0,56.0,voiture,deux_roues,1,1,3,1,3
202300000936,2023-05-05 08:20:00,2023,5,5,8,20,971,97101,CHAUVEL,16.2386426,-61.52837276,Plein jour,En agglomération,Hors intersection,Normale,Sans collision,3,2,4,0,1,1,1,0,1,50,1,1,0,0,0,1,65.0,,voiture,,1,2,1,1,7
202300000937,2023-11-28 07:50:00,2023,11,28,7,50,71,71176,71 Rue François Ducarouge,46.490589,3.993788,Crépuscule ou aube,En agglomération,Intersection en T,Normale,Deux véhicules - côté,4,2,2,0,1,1,1,0,1,50,2,2,1,0,0,1,17.0,47.0,deux_roues,voiture,2,2,3,1,3
202300000938,2023-03-28 17:45:00,2023,3,28,17,45,26,26338,route de saint gervais,44.571019,4.808133,Plein jour,Hors agglomération,Intersection en T,Temps éblouissant,Deux véhicules - frontale,3,2,2,0,1,1,1,0,1,80,2,2,1,0,1,0,23.0,18.0,voiture,deux_roues,1,1,3,7,1
202300000938,2023-03-28 17:45:00,2023,3,28,17,45,26,26338,route de saint gervais,44.571019,4.808133,Plein jour,Hors agglomération,Intersection en T,Temps éblouissant,Deux véhicules - frontale,3,2,2,0,2,1,1,0,1,80,2,2,1,0,1,0,23.0,18.0,voiture,deux_roues,1,1,3,7,1
202300000939,2023-05-03 12:45:00,2023,5,3,12,45,971,97113,GRAND BAIE ( RN4),16.21798,-61.50959,Plein jour,En agglomération,Hors intersection,Normale,Deux véhicules - côté,2,1,2,0,1,1,1,0,1,90,2,2,1,0,0,1,51.0,64.0,voiture,deux_roues,1,2,1,1,3
202300000940,2023-03-28 08:25:00,2023,3,28,8,25,72,72039,8 Rue de Twistringen,48.185577,0.426951,Plein jour,En agglomération,Hors intersection,Normale,Autre collision,4,2,2,0,1,1,1,0,1,30,1,2,1,0,0,1,83.0,,voiture,,1,2,1,1,6
202300000941,2023-11-30 14:20:00,2023,11,30,14,20,38,38565,Quai des Chartreux,45.302841,5.638744,Plein jour,Hors agglomération,Hors intersection,Pluie légère,Deux véhicules - côté,3,2,2,3,2,1,2,0,1,70,2,2,0,0,0,2,91.0,27.0,voiture,voiture,1,1,1,2,3
202300000942,2023-03-28 21:10:00,2023,3,28,21,10,72,72190,RD40,47.91030156,0.76256275,Nuit sans éclairage public,Hors agglomération,Hors intersection,Normale,Deux véhicules - frontale,3,2,2,0,2,1,1,0,1,90,2,3,0,1,0,2,61.0,27.0,voiture,voiture,3,1,1,1,1
202300000943,2023-05-05 12:54:00,2023,5,5,12,54,2A,2A004,GIOVANANGELLI ROLAND  RUE,41.93153,8.75714,Plein jour,En agglomération,Hors intersection,Normale,Autre collision,4,-1,0,0,4,1,1,0,1,50,1,2,1,0,0,1,54.0,,voiture,,1,2,1,1,6
202300000944,2023-03-29 15:00:00,2023,3,29,15,0,06,06150,Chemin des Vignasses,43.74266,7.395814,Plein jour,En agglomération,Autre intersection,Normale,Sans collision,4,2,2,0,2,2,1,0,1,-1,1,1,0,0,1,0,43.0,,deux_roues,,1,2,9,1,7
202300000945,2023-11-29 17:40:00,2023,11,29,17,40,01,01142,Boulevard Robert Schumann,45.848995,5.064928,Nuit sans éclairage public,En agglomération,Intersection en T,Normale,Deux véhicules - côté,3,2,2,0,1,1,1,0,3,50,2,2,1,0,1,0,29.0,67.0,deux_roues,voiture,3,2,3,1,3
202300000945,2023-11-29 17:40:00,2023,11,29,17,40,01,01142,Boulevard Robert Schumann,45.848995,5.064928,Nuit sans éclairage public,En agglomération,Intersection en T,Normale,Deux véhicules - côté,3,2,2,0,1,1,1,0,1,50,2,2,1,0,1,0,29.0,67.0,deux_roues,voiture,3,2,3,1,3
202300000946,2023-03-29 16:10:00,2023,3,29,16,10,06,06079,675 Boulevard des Écureuils,43.544862,6.941614,Plein jour,En agglomération,Giratoire,Normale,Deux véhicules - côté,4,2,2,0,1,1,1,0,1,50,2,2,1,0,0,1,38.0,52.0,voiture,deux_roues,1,2,6,1,3
202300000947,2023-05-05 22:07:00,2023,5,5,22,7,95,95219,D909,48.98174,2.271,Nuit avec éclairage allumé,En agglomération,Intersection en T,Normale,Deux véhicules - frontale,3,1,1,0,1,1,1,0,1,50,2,3,2,0,1,0,22.0,17.0,voiture,deux_roues,5,2,3,1,1
202300000947,2023-05-05 22:07:00,2023,5,5,22,7,95,95219,D909,48.98174,2.271,Nuit avec éclairage allumé,En agglomération,Intersection en T,Normale,Deux véhicules - frontale,3,2,1,1,2,1,1,0,1,50,2,3,2,0,1,0,22.0,17.0,voiture,deux_roues,5,2,3,1,1
202300000948,2023-11-28 15:00:00,2023,11,28,15,0,01,01043,Chemin des Malettes,45.822874,4.998506,Plein jour,En agglomération,Intersection en T,Pluie légère,Deux véhicules - côté,4,2,2,0,1,1,2,0,1,50,2,2,1,0,0,1,49.0,62.0,voiture,voiture,1,2,3,2,3
202300000949,2023-03-29 07:50:00,2023,3,29,7,50,06,06108,262 Boulevard du 8 Mai,43.598129,6.954969,Plein jour,En agglomération,Hors intersection,Normale,Trois véhicules et plus - en chaîne,3,2,2,0,1,1,1,0,1,50,3,3,1,0,1,1,33.0,68.0,deux_roues,voiture,1,2,1,1,4
202300000950,2023-05-05 13:20:00,2023,5,5,13,20,95,95427,D193E,48.976171,2.352461,Plein jour,En agglomération,Hors intersection,Normale,Deux véhicules - côté,3,2,2,0,1,1,1,0,1,50,2,2,1,0,1,0,65.0,10.0,voiture,deux_roues,1,2,1,1,3
202300000951,2023-03-29 09:15:00,2023,3,29,9,15,14,14177,Route de Manerbe,49.196457,0.191789,Plein jour,Hors agglomération,Hors intersection,Normale,Autre collision,3,2,2,0,1,4,1,0,1,80,1,2,1,0,1,0,34.0,,voiture,,1,1,1,1,6
202300000952,2023-05-05 12:00:00,2023,5,5,12,0,95,95018,29 BRIDAULT (AVENUE),48.94105,2.24311,Plein jour,En agglomération,Hors intersection,Normale,Autre collision,4,2,4,0,1,1,1,0,1,50,1,2,1,0,0,1,27.0,,utilitaire_camion,,1,2,1,1,6
202300000953,2023-11-30 12:30:00,2023,11,30,12,30,76,76164,Avenue du Latham-47,49.524359,0.735784,Plein jour,Hors agglomération,Hors intersection,Normale,Deux véhicules - arrière,3,2,2,0,1,1,1,0,1,70,2,2,1,0,1,0,47.0,72.0,voiture,deux_roues,1,1,1,1,2
202300000954,2023-03-28 20:40:00,2023,3,28,20,40,09,09332,N20,43.075393,1.639431,Nuit sans éclairage public,Hors agglomération,Hors intersection,Normale,Trois véhicules et plus - collisions multiples,2,1,2,0,1,1,1,0,1,110,3,5,2,0,1,2,32.0,38.0,voiture,utilitaire_camion,3,1,1,1,5
202300000955,2023-03-21 02:25:00,2023,3,21,2,25,10,10063,RD396,48.371988,4.538341,Nuit sans éclairage public,Hors agglomération,Hors intersection,Normale,Autre collision,3,2,2,0,1,1,1,0,1,80,1,2,1,1,0,0,,,autre,,3,1,1,1,6
202300000956,2023-11-29 16:30:00,2023,11,29,16,30,13,13211,Sens Aubagne vers Marseille,43.28944,5.44617,Crépuscule ou aube,Hors agglomération,Hors intersection,Normale,Trois véhicules et plus - en chaîne,1,3,3,0,1,1,1,0,1,90,4,4,1,0,0,3,25.0,40.0,voiture,voiture,2,1,1,1,4
202300000957,2023-03-28 14:30:00,2023,3,28,14,30,16,16287,,45.58314,0.030041,Plein jour,Hors agglomération,Hors intersection,Normale,Autre collision,3,2,2,0,1,1,1,0,3,80,1,1,0,0,1,0,40.0,,voiture,,1,1,1,1,6
202300000958,2023-05-05 08:15:00,2023,5,5,8,15,91,91685,CHE DES MARCOUSSETS,48.65915,2.292279,Plein jour,Hors agglomération,Intersection en T,Pluie légère,Deux véhicules - côté,3,2,2,0,1,1,2,0,1,80,2,6,5,0,0,1,28.0,63.0,voiture,utilitaire_camion,1,1,3,2,3
202300000958,2023-05-05 08:15:00,2023,5,5,8,15,91,91685,CHE DES MARCOUSSETS,48.65915,2.292279,Plein jour,Hors agglomération,Intersection en T,Pluie légère,Deux véhicules - côté,3,2,2,0,1,1,2,0,1,80,2,6,5,0,0,1,28.0,63.0,voiture,utilitaire_camion,1,1,3,2,3
202300000959,2023-11-29 11:18:00,2023,11,29,11,18,83,83035,A50,43.1632446,5.76707021,Plein jour,Hors agglomération,Hors intersection,Normale,Autre collision,1,2,3,0,1,1,1,0,1,110,1,1,0,0,0,1,57.0,,voiture,,1,1,1,1,6
202300000960,2023-03-25 11:20:00,2023,3,25,11,20,07,07237,D 120,44.822403,4.700035,Plein jour,Hors agglomération,Hors intersection,Normale,Deux véhicules - arrière,3,2,2,0,1,2,1,9,1,90,2,3,1,0,0,2,32.0,25.0,voiture,voiture,1,1,1,1,2
202300000961,2023-03-26 21:10:00,2023,3,26,21,10,40,40146,280 Route de Bahus-soubiran,43.630245,-0.288066,Crépuscule ou aube,En agglomération,Hors intersection,Normale,Autre collision,3,2,2,0,1,2,1,0,3,50,1,1,0,0,1,0,41.0,,voiture,,2,2,1,1,6
202300000962,2023-11-29 22:00:00,2023,11,29,22,0,33,33075,ROCADE A 630,44.89014923,-0.6140703,Nuit sans éclairage public,Hors agglomération,Hors intersection,Pluie forte,Autre collision,1,3,6,0,1,2,2,0,1,90,1,3,1,0,0,2,33.0,,voiture,,3,1,1,3,6
202300000963,2023-05-05 20:20:00,2023,5,5,20,20,91,91479,AV DE VERDUN,48.70566,2.3612,Plein jour,En agglomération,Hors intersection,Normale,Trois véhicules et plus - en chaîne,3,2,2,0,1,1,1,0,1,50,3,3,2,0,1,0,21.0,37.0,deux_roues,voiture,1,2,1,1,4
202300000964,2023-02-25 22:49:00,2023,2,25,22,49,85,85047,Prc de stationnement 175 Rue carnot,46.85336,-1.89384,Nuit avec éclairage allumé,En agglomération,Hors intersection,Normale,Autre collision,6,-1, -1,0,2,1,1,9,8,30,1,3,2,0,0,1,20.0,,voiture,,5,2,1,1,6
202300000965,2023-05-04 16:21:00,2023,5,4,16,21,87,87085,POMPIDOU (AVENUE GEORGES),45.81759,1.26695,Plein jour,En agglomération,Hors intersection,Normale,Sans collision,4,2,1,3,2,1,9,6,6,50,1,1,0,0,0,1,15.0,,deux_roues,,1,2,1,1,7
202300000966,2023-11-29 09:58:00,2023,11,29,9,58,92,92019,RN385,48.77615637,2.23692456,Plein jour,Hors agglomération,Hors intersection,Normale,Deux véhicules - arrière,2,1,3,0,1,1,1,0,1,90,2,2,1,0,0,1,48.0,31.0,voiture,deux_roues,1,1,1,1,2
202300000967,2023-03-29 14:20:00,2023,3,29,14,20,27,27286,D29,49.181465,0.573521,Plein jour,Hors agglomération,Hors intersection,Normale,Deux véhicules - frontale,3,2,2,0,1,1,1,0,1,80,2,2,0,0,0,2,18.0,38.0,deux_roues,deux_roues,1,1,1,1,1
202300000968,2023-05-05 12:30:00,2023,5,5,12,30,83,83137,AUTOROUTE OUEST,43.12735,5.91872,Plein jour,En agglomération,Hors intersection,Normale,Deux véhicules - côté,1,1,4,0,1,1,1,0,1,50,2,2,1,0,0,1,26.0,38.0,voiture,deux_roues,1,2,1,1,3
202300000969,2023-03-28 18:20:00,2023,3,28,18,20,17,17043,30 Rue de la Rochelle,46.054438,-0.639854,Plein jour,En agglomération,Intersection en T,Normale,Deux véhicules - arrière,3,2,2,0,1,1,1,0,1,50,2,2,1,0,1,0,51.0,15.0,voiture,deux_roues,1,2,3,1,2
202300000969,2023-03-28 18:20:00,2023,3,28,18,20,17,17043,30 Rue de la Rochelle,46.054438,-0.639854,Plein jour,En agglomération,Intersection en T,Normale,Deux véhicules - arrière,3,2,2,-1,1,2,1,5,1,50,2,2,1,0,1,0,51.0,15.0,voiture,deux_roues,1,2,3,1,2
202300000970,2023-11-28 22:13:00,2023,11,28,22,13,92,92064,A13,48.83976303,2.20327874,Nuit sans éclairage public,Hors agglomération,Hors intersection,Normale,Trois véhicules et plus - en chaîne,1,1,3,0,4,1,1,0,1,70,3,4,3,0,0,1,72.0,23.0,voiture,voiture,3,1,1,1,4
202300000971,2023-05-04 17:30:00,2023,5,4,17,30,83,83137,REBOUL (RUE PILOTE PIERRE),43.11266241,5.94187081,Plein jour,En agglomération,Hors intersection,Normale,Autre collision,4,2,2,0,1,1,1,0,1,50,1,2,1,0,1,0,28.0,,deux_roues,,1,2,1,1,6
202300000972,2023-03-28 14:09:00,2023,3,28,14,9,17,17346,D123,45.915793,-0.902635,Plein jour,Hors agglomération,Intersection en T,Normale,Deux véhicules - côté,3,2,2,0,1,1,1,0,1,80,2,2,1,0,1,0,67.0,55.0,voiture,deux_roues,1,1,3,1,3
202300000972,2023-03-28 14:09:00,2023,3,28,14,9,17,17346,D123,45.915793,-0.902635,Plein jour,Hors agglomération,Intersection en T,Normale,Deux véhicules - côté,3,2,2,-1,1,1,1,5,1,50,2,2,1,0,1,0,67.0,55.0,voiture,deux_roues,1,1,3,1,3
202300000973,2023-11-29 17:28:00,2023,11,29,17,28,95,95572,A15,49.03187,2.11556,Nuit sans éclairage public,Hors agglomération,Hors intersection,Normale,Deux véhicules - côté,1,3,3,0,1,1,1,0,1,90,2,2,1,0,0,1,46.0,50.0,deux_roues,voiture,3,1,1,1,3
202300000974,2023-05-05 08:55:00,2023,5,5,8,55,82,82121,DANEMARK (BOULEVARD DU),43.98855,1.32979,Plein jour,En agglomération,Giratoire,Normale,Deux véhicules - côté,4,3,2,0,1,1,1,0,1,50,2,2,1,0,1,0,23.0,66.0,deux_roues,voiture,1,2,6,1,3