accident_id,datetime,annee,mois,jour,heure,minute,departement,commune_insee,adresse,latitude,longitude,luminosite,agglomeration,intersection,meteo,collision,catr,circ,nbv,vosp,prof,plan,surf,infra,situ,vma,nb_vehicules,nb_usagers,nb_indemnes,nb_tues,nb_blesses_hosp,nb_blesses_legers,age_cond_1,age_cond_2,veh_type_cond_1,veh_type_cond_2,lum_code,agg_code,int_code,atm_code,col_code
202300001327,2023-11-29 17:44:00,2023,11,29,17,44,78,78646,,48.796543,2.131299,Crépuscule ou aube,En agglomération,Intersection en X,Normale,Autre collision,4,2, -1,3,1,1,1,0,1,-1,1,2,1,0,1,0,43.0,,transport_commun,,2,2,2,1,6
202300001328,2023-06-08 13:30:00,2023,6,8,13,30,92,92050,NEUILLY RUE DE,48.88672247,2.20964295,Plein jour,En agglomération,Intersection en X,Normale,Deux véhicules - côté,4,1,1,0,1,1,1,0,1,50,2,2,1,0,1,0,32.0,34.0,deux_roues,voiture,1,2,2,1,3
202300001328,2023-06-08 13:30:00,2023,6,8,13,30,92,92050,NEUILLY RUE DE,48.88672247,2.20964295,Plein jour,En agglomération,Intersection en X,Normale,Deux véhicules - côté,4,1,1,0,2,1,1,0,1,30,2,2,1,0,1,0,32.0,34.0,deux_roues,voiture,1,2,2,1,3
202300001329,2023-11-28 16:10:00,2023,11,28,16,10,75,75112,RUE DU FAUBOURG SAINT ANTOINE,48.849339,2.389535,Plein jour,En agglomération,Intersection en T,Normale,Autre collision,4,1, -1,-1,1,1,1,0,1,-1,1,2,1,0,1,0,,,deux_roues,,1,2,3,1,6
202300001329,2023-11-28 16:10:00,2023,11,28,16,10,75,75112,RUE DU FAUBOURG SAINT ANTOINE,48.849339,2.389535,Plein jour,En agglomération,Intersection en T,Normale,Autre collision,4,-1,1,0,1,1,1,0,1,30,1,2,1,0,1,0,,,deux_roues,,1,2,3,1,6
202300001330,2023-12-16 12:45:00,2023,12,16,12,45,14,14191,D79,49.316414,-0.449675,Plein jour,Hors agglomération,Hors intersection,Normale,Autre collision,3,2,2,0,1,1,1,0,3,90,1,1,0,0,1,0,19.0,,voiture,,1,1,1,1,6
202300001331,2023-06-09 13:17:00,2023,6,9,13,17,92,92023,GENERAL DE GAULLE (AVENUE DU),48.77794457,2.23309994,Plein jour,En agglomération,Hors intersection,Normale,Autre collision,3,-1,2,0,1,1,1,0,8,50,1,2,1,0,0,1,,,deux_roues,,1,2,1,1,6
202300001332,2023-03-26 01:10:00,2023,3,26,1,10,71,71445,RD673,46.78878,4.89989,Nuit sans éclairage public,Hors agglomération,Hors intersection,Normale,Deux véhicules - frontale,3,2,2,0,1,1,1,0,1,70,2,2,1,0,0,1,43.0,21.0,voiture,voiture,3,1,1,1,1
202300001333,2023-11-22 20:10:00,2023,11,22,20,10,75,75112,BOULEVARD PONIATOWSKI,48.833848,2.403254,Nuit avec éclairage allumé,En agglomération,Hors intersection,Pluie légère,Deux véhicules - arrière,4,1, -1,0,1,1,2,0,1,50,2,2,1,0,0,1,,33.0,voiture,deux_roues,5,2,1,2,2
202300001334,2023-06-08 15:10:00,2023,6,8,15,10,92,92036,PRINCIPALE DU PORT (ROUTE) (1/17),48.94069,2.29144,Plein jour,En agglomération,Intersection en T,Normale,Deux véhicules - côté,4,2,4,0,1,1,1,0,1,50,2,2,1,0,0,1,48.0,48.0,deux_roues,utilitaire_camion,1,2,3,1,3
202300001334,2023-06-08 15:10:00,2023,6,8,15,10,92,92036,PRINCIPALE DU PORT (ROUTE) (1/17),48.94069,2.29144,Plein jour,En agglomération,Intersection en T,Normale,Deux véhicules - côté,4,2,2,0,1,1,1,0,1,50,2,2,1,0,0,1,48.0,48.0,deux_roues,utilitaire_camion,1,2,3,1,3
202300001335,2023-12-02 13:50:00,2023,12,2,13,50,974,97409,RN2 SENS STE SUZANNE ST BENOIT,-20.94377,55.64911,Plein jour,En agglomération,Hors intersection,Pluie légère,Autre collision,2,2,4,0,1,3,2,0,1,90,1,5,0,0,0,5,42.0,,voiture,,1,2,1,2,6
202300001336,2023-03-26 08:50:00,2023,3,26,8,50,64,64122,BIDART (AVENUE DE),43.45846,-1.54872,Plein jour,En agglomération,Hors intersection,Pluie légère,Deux véhicules - frontale,4,2,2,0,4,3,2,0,1,50,2,2,1,0,1,0,31.0,23.0,voiture,deux_roues,1,2,1,2,1
202300001337,2023-11-27 14:35:00,2023,11,27,14,35,75,75112,QUAI DE LA RAPEE,48.840297,2.374501,Plein jour,En agglomération,Hors intersection,Temps couvert,Deux véhicules - arrière,4,-1,1,0,1,1,2,0,1,30,2,2,1,0,0,1,49.0,36.0,voiture,deux_roues,1,2,1,8,2
202300001338,2023-12-24 17:00:00,2023,12,24,17,0,84,84026,Rue Louis Blanc,43.73348,5.374777,Crépuscule ou aube,En agglomération,Intersection en T,Normale,Sans collision,3,1,2,0,1,1,1,0,1,30,1,1,0,0,1,0,48.0,,deux_roues,,2,2,3,1,7
202300001338,2023-12-24 17:00:00,2023,12,24,17,0,84,84026,Rue Louis Blanc,43.73348,5.374777,Crépuscule ou aube,En agglomération,Intersection en T,Normale,Sans collision,3,1, -1,-1,1,1,1,0,1,-1,1,1,0,0,1,0,48.0,,deux_roues,,2,2,3,1,7
202300001339,2023-06-09 13:15:00,2023,6,9,13,15,92,92026,COLOMBES,48.90078677,2.25638741,Plein jour,En agglomération,Hors intersection,Normale,Deux véhicules - frontale,3,2,3,3,1,1,1,0,1,50,2,3,2,0,0,1,28.0,22.0,deux_roues,voiture,1,2,1,1,1
202300001340,2023-11-28 08:55:00,2023,11,28,8,55,75,75109,RUE DE LA VICTOIRE,48.875241,2.333997,Plein jour,En agglomération,Hors intersection,Temps couvert,Autre collision,4,1,1,0,1,1,2,0,1,30,1,2,1,0,0,1,,,deux_roues,,1,2,1,8,6
202300001341,2023-03-26 06:15:00,2023,3,26,6,15,62,62119,D943,50.51882,2.62301,Nuit avec éclairage allumé,En agglomération,Intersection en T,Pluie légère,Autre collision,3,1,2,0,2,1,2,5,1,50,1,2,1,0,1,0,29.0,,voiture,,5,2,3,2,6
202300001341,2023-03-26 06:15:00,2023,3,26,6,15,62,62119,D943,50.51882,2.62301,Nuit avec éclairage allumé,En agglomération,Intersection en T,Pluie légère,Autre collision,3,2,2,0,1,1,2,5,8,50,1,2,1,0,1,0,29.0,,voiture,,5,2,3,2,6
202300001342,2023-06-09 02:05:00,2023,6,9,2,5,92,92012,EDOUARD VAILLANT (AVENUE) 57/FIN - 58/FI,48.83464653,2.24663705,Nuit avec éclairage allumé,En agglomération,Autre intersection,Normale,Deux véhicules - côté,3,1,2,0,1,1,1,0,1,50,2,2,1,0,0,1,31.0,39.0,deux_roues,deux_roues,5,2,9,1,3
202300001343,2023-03-26 00:10:00,2023,3,26,0,10,45,45234,13 Rue Alexandre Dumas,47.81718,1.92719,Nuit avec éclairage non allumé,En agglomération,Hors intersection,Pluie légère,Sans collision,4,2,2,0,1,1,2,0,1,50,1,1,0,0,1,0,29.0,,deux_roues,,4,2,1,2,7
202300001344,2023-10-28 09:50:00,2023,10,28,9,50,13,13041,Route de Greasque,43.445751,5.523519,Plein jour,Hors agglomération,Intersection en Y,Temps éblouissant,Deux véhicules - côté,3,2,2,0,1,3,1,0,1,70,2,2,1,0,1,0,52.0,22.0,deux_roues,voiture,1,1,4,7,3
202300001344,2023-10-28 09:50:00,2023,10,28,9,50,13,13041,Route de Greasque,43.445751,5.523519,Plein jour,Hors agglomération,Intersection en Y,Temps éblouissant,Deux véhicules - côté,3,2, -1,-1,1,1,1,0,1,-1,2,2,1,0,1,0,52.0,22.0,deux_roues,voiture,1,1,4,7,3
202300001345,2023-11-28 14:53:00,2023,11,28,14,53,75,75108,ROND POINT CHAMPS ELYSEES,48.86901751,2.30986476,Plein jour,En agglomération,Intersection en X,Normale,Deux véhicules - côté,4,1,3,0,1,1,1,0,1,30,2,2,1,0,0,1,64.0,22.0,voiture,deux_roues,1,2,2,1,3
202300001345,2023-11-28 14:53:00,2023,11,28,14,53,75,75108,ROND POINT CHAMPS ELYSEES,48.86901751,2.30986476,Plein jour,En agglomération,Intersection en X,Normale,Deux véhicules - côté,4,2,3,0,1,1,1,0,1,50,2,2,1,0,0,1,64.0,22.0,voiture,deux_roues,1,2,2,1,3
202300001346,2023-06-09 19:08:00,2023,6,9,19,8,92,92004,FAIDHERBE ( AVENUE ),48.90891803,2.27012917,Plein jour,En agglomération,Hors intersection,Temps éblouissant,Deux véhicules - arrière,3,-1,1,0,1,1,1,0,1,50,2,2,1,0,0,1,19.0,36.0,deux_roues,voiture,1,2,1,7,2
202300001347,2023-12-13 05:40:00,2023,12,13,5,40,93,93070,Avenue Michelet,48.90622,2.34413,Nuit avec éclairage allumé,En agglomération,Hors intersection,Temps couvert,Deux véhicules - arrière,3,2,3,1,1,1,1,0,1,50,2,2,1,0,0,1,,42.0,voiture,voiture,5,2,1,8,2
202300001348,2023-03-25 18:50:00,2023,3,25,18,50,42,42189,Boulevard Louis Braille,45.41849,4.31239,Plein jour,En agglomération,Intersection en T,Normale,Deux véhicules - arrière,7,1,1,0,4,1,1,0,1,50,2,3,0,0,0,3,65.0,37.0,voiture,voiture,1,2,3,1,2
202300001348,2023-03-25 18:50:00,2023,3,25,18,50,42,42189,Boulevard Louis Braille,45.41849,4.31239,Plein jour,En agglomération,Intersection en T,Normale,Deux véhicules - arrière,7,2,2,0,1,1,1,0,1,50,2,3,0,0,0,3,65.0,37.0,voiture,voiture,1,2,3,1,2
202300001349,2023-11-28 19:40:00,2023,11,28,19,40,75,75107,AVENUE DE BRETEUIL,48.851647,2.312535,Nuit avec éclairage allumé,En agglomération,Intersection en X,Normale,Autre collision,4,1,1,0,1,1,1,0,1,30,1,2,1,0,0,1,50.0,,deux_roues,,5,2,2,1,6
202300001349,2023-11-28 19:40:00,2023,11,28,19,40,75,75107,AVENUE DE BRETEUIL,48.851647,2.312535,Nuit avec éclairage allumé,En agglomération,Intersection en X,Normale,Autre collision,4,1, -1,-1,1,1,1,0,1,-1,1,2,1,0,0,1,50.0,,deux_roues,,5,2,2,1,6
202300001350,2023-03-24 20:15:00,2023,3,24,20,15,38,38053,ALPES,45.5854,5.26935,Nuit avec éclairage allumé,En agglomération,Hors intersection,Temps couvert,Autre collision,4,-1,2,0,1,4,1,5,1,50,1,2,1,0,0,1,63.0,,voiture,,5,2,1,8,6
202300001351,2023-03-29 08:22:00,2023,3,29,8,22,69,69256,Rue Roger Salengro,45.75548143,4.92779002,Plein jour,En agglomération,Hors intersection,Vent fort / tempête,Deux véhicules - côté,4,2,2,0,1,1,1,0,1,50,2,2,1,0,0,1,46.0,9.0,voiture,deux_roues,1,2,1,6,3
202300001352,2023-11-27 19:00:00,2023,11,27,19,0,75,75102,BOULEVARD POISSONNIERE,48.870709,2.34788,Nuit avec éclairage allumé,En agglomération,Intersection en T,Pluie légère,Autre collision,4,2,6,1,1,1,2,0,5,30,1,1,0,0,0,1,29.0,,deux_roues,,5,2,3,2,6
202300001352,2023-11-27 19:00:00,2023,11,27,19,0,75,75102,BOULEVARD POISSONNIERE,48.870709,2.34788,Nuit avec éclairage allumé,En agglomération,Intersection en T,Pluie légère,Autre collision,4,1,1,0,1,1,2,0,5,30,1,1,0,0,0,1,29.0,,deux_roues,,5,2,3,2,6
202300001353,2023-06-09 16:45:00,2023,6,9,16,45,92,92002,GENERAL DE GAULLE (AVENUE DU),48.76145,2.29128,Plein jour,En agglomération,Intersection en X,Normale,Deux véhicules - côté,3,2,0,2,1,1,1,5,5,50,2,3,2,0,0,1,49.0,15.0,voiture,deux_roues,1,2,2,1,3
202300001353,2023-06-09 16:45:00,2023,6,9,16,45,92,92002,GENERAL DE GAULLE (AVENUE DU),48.76145,2.29128,Plein jour,En agglomération,Intersection en X,Normale,Deux véhicules - côté,3,1,0,0,1,1,1,0,1,50,2,3,2,0,0,1,49.0,15.0,voiture,deux_roues,1,2,2,1,3
202300001354,2023-03-26 20:15:00,2023,3,26,20,15,37,37122,AMBOISE (RUE D'),47.34154,0.67464,Nuit sans éclairage public,En agglomération,Hors intersection,Pluie légère,Deux véhicules - arrière,4,2,2,0,1,1,2,0,1,50,2,2,1,0,0,1,22.0,42.0,voiture,voiture,3,2,1,2,2
202300001355,2023-12-06 16:30:00,2023,12,6,16,30,974,97409,EMILE THOMAS (rue),-20.93716,55.64851,Plein jour,En agglomération,Hors intersection,Normale,Deux véhicules - côté,4,2,2,0,1,1,1,0,1,50,2,3,2,0,0,1,16.0,20.0,deux_roues,deux_roues,1,2,1,1,3
202300001356,2023-06-08 23:10:00,2023,6,8,23,10,92,92002,ARISTIDE BRIAND (AVENUE),48.76164,2.30817,Nuit avec éclairage allumé,En agglomération,Hors intersection,Normale,Autre collision,3,3,4,2,1,1,1,0,1,50,1,1,0,0,0,1,85.0,,voiture,,5,2,1,1,6
202300001357,2023-11-28 18:15:00,2023,11,28,18,15,94,94058,Boulevard d'Alsace-lorraine,48.8475,2.49308,Nuit avec éclairage allumé,En agglomération,Hors intersection,Normale,Trois véhicules et plus - en chaîne,3,2,2,0,2,1,1,0,1,50,4,4,2,0,0,2,24.0,36.0,voiture,voiture,5,2,1,1,4
202300001358,2023-03-26 12:45:00,2023,3,26,12,45,37,37208,GRANDMONT (RUE DE),47.36548,0.7181,Plein jour,En agglomération,Intersection en T,Normale,Deux véhicules - arrière,4,2,2,0,1,1,2,0,1,50,2,2,1,0,0,1,53.0,31.0,voiture,voiture,1,2,3,1,2
202300001358,2023-03-26 12:45:00,2023,3,26,12,45,37,37208,GRANDMONT (RUE DE),47.36548,0.7181,Plein jour,En agglomération,Intersection en T,Normale,Deux véhicules - arrière,4,2,2,0,2,1,2,0,1,50,2,2,1,0,0,1,53.0,31.0,voiture,voiture,1,2,3,1,2
202300001359,2023-12-06 10:07:00,2023,12,6,10,7,974,97409,PATELIN (chemin),-20.9733,55.68399,Plein jour,En agglomération,Hors intersection,Normale,Deux véhicules - arrière,3,2,2,0,1,1,1,0,3,50,2,5,2,0,2,1,21.0,47.0,voiture,deux_roues,1,2,1,1,2
202300001360,2023-11-28 19:35:00,2023,11,28,19,35,94,94041,Avenue Danielle Casanova,48.81574,2.38297,Nuit avec éclairage allumé,En agglomération,Intersection en X,Normale,Deux véhicules - côté,3,2,2,0,1,1,1,5,1,50,2,2,0,0,0,2,47.0,39.0,deux_roues,deux_roues,5,2,2,1,3
202300001360,2023-11-28 19:35:00,2023,11,28,19,35,94,94041,Avenue Danielle Casanova,48.81574,2.38297,Nuit avec éclairage allumé,En agglomération,Intersection en X,Normale,Deux véhicules - côté,3,1, -1,0,1,1,1,5,1,-1,2,2,0,0,0,2,47.0,39.0,deux_roues,deux_roues,5,2,2,1,3
202300001361,2023-04-30 17:45:00,2023,4,30,17,45,2A,2A272,U STRITTONU,41.620279,8.970294,Plein jour,En agglomération,Hors intersection,Pluie légère,Sans collision,2,2,2,0,2,1,2,0,1,50,1,1,0,0,0,1,43.0,,deux_roues,,1,2,1,2,7
202300001362,2023-03-26 20:00:00,2023,3,26,20,0,35,35238,PAYS-BAS (AVENUE DES),48.08353957,-1.66088015,Plein jour,En agglomération,Intersection en T,Normale,Deux véhicules - côté,4,2,2,1,1,1,1,5,1,50,2,2,1,0,0,1,24.0,70.0,voiture,voiture,1,2,3,1,3
202300001362,2023-03-26 20:00:00,2023,3,26,20,0,35,35238,PAYS-BAS (AVENUE DES),48.08353957,-1.66088015,Plein jour,En agglomération,Intersection en T,Normale,Deux véhicules - côté,4,3,2,2,1,1,1,5,1,50,2,2,1,0,0,1,24.0,70.0,voiture,voiture,1,2,3,1,3
202300001363,2023-11-30 06:10:00,2023,11,30,6,10,974,97409,RN2 SENS ST BENOIT ST DENIS,-20.97159,55.65537,Crépuscule ou aube,Hors agglomération,Hors intersection,Pluie forte,Deux véhicules - arrière,2,3,2,0,1,1,2,0,1,110,2,2,1,0,0,1,,38.0,voiture,deux_roues,2,1,1,3,2
202300001364,2023-11-28 18:05:00,2023,11,28,18,5,94,94041,51 Quai Auguste Deshaies,48.81792,2.402452,Nuit avec éclairage allumé,En agglomération,Hors intersection,Normale,Autre collision,3,-1,0,1,1,1,1,0,5,25,1,2,1,0,0,1,36.0,,deux_roues,,5,2,1,1,6
202300001365,2023-06-10 10:43:00,2023,6,10,10,43,69,69279,Boulevard Louis Pradel,45.791064,5.039833,Plein jour,En agglomération,Intersection en T,Normale,Deux véhicules - côté,4,2,2,0,1,1,1,0,1,50,2,2,1,0,1,0,26.0,12.0,voiture,deux_roues,1,2,3,1,3
202300001365,2023-06-10 10:43:00,2023,6,10,10,43,69,69279,Boulevard Louis Pradel,45.791064,5.039833,Plein jour,En agglomération,Intersection en T,Normale,Deux véhicules - côté,4,2,2,2,1,1,1,0,1,50,2,2,1,0,1,0,26.0,12.0,voiture,deux_roues,1,2,3,1,3
202300001366,2023-03-16 18:30:00,2023,3,16,18,30,34,34301,PASTEUR LOUIS (QUAI),43.40696,3.69872,Plein jour,En agglomération,Intersection à plus de 4 branches,Normale,Deux véhicules - côté,4,2,2,0,1,1,1,0,1,50,2,2,1,0,1,0,20.0,66.0,voiture,deux_roues,1,2,5,1,3
202300001366,2023-03-16 18:30:00,2023,3,16,18,30,34,34301,PASTEUR LOUIS (QUAI),43.40696,3.69872,Plein jour,En agglomération,Intersection à plus de 4 branches,Normale,Deux véhicules - côté,4,2,2,0,1,1,1,0,1,30,2,2,1,0,1,0,20.0,66.0,voiture,deux_roues,1,2,5,1,3
202300001367,2023-11-28 19:25:00,2023,11,28,19,25,94,94001,Rue du Bac,48.724464,2.418709,Nuit avec éclairage allumé,En agglomération,Place,Pluie légère,Autre collision,3,2, -1,0,1,1,2,0,1,-1,1,2,1,0,0,1,37.0,,voiture,,5,2,7,2,6
202300001367,2023-11-28 19:25:00,2023,11,28,19,25,94,94001,Rue du Bac,48.724464,2.418709,Nuit avec éclairage allumé,En agglomération,Place,Pluie légère,Autre collision,3,2,2,0,1,3,2,9,1,30,1,2,1,0,0,1,37.0,,voiture,,5,2,7,2,6
202300001368,2023-06-09 16:45:00,2023,6,9,16,45,62,62506,D 224,50.7990894,1.94357781,Plein jour,Hors agglomération,Hors intersection,Normale,Autre collision,3,2,2,0,2,3,1,0,8,50,1,1,0,0,1,0,20.0,,deux_roues,,1,1,1,1,6
202300001369,2023-03-26 06:00:00,2023,3,26,6,0,29,29039,RD 783,47.91376773,-3.92398595,Nuit sans éclairage public,Hors agglomération,Hors intersection,Pluie légère,Autre collision,3,2,2,0,2,1,2,0,1,80,1,1,0,0,0,1,24.0,,voiture,,3,1,1,2,6
202300001370,2023-11-08 08:35:00,2023,11,8,8,35,13,13001,A51-Sens Marseille vers Aix en Provence,43.52165,5.4273,Plein jour,Hors agglomération,Hors intersection,Normale,Deux véhicules - côté,1,1,2,0,1,1,1,0,1,90,2,2,0,0,1,1,29.0,25.0,voiture,deux_roues,1,1,1,1,3
202300001371,2023-11-28 11:45:00,2023,11,28,11,45,93,93078,Avenue Jean Fourgeaud,48.96076228,2.55264662,Plein jour,En agglomération,Hors intersection,Normale,Deux véhicules - frontale,4,2,2,0,1,1,1,0,1,50,2,3,2,0,0,1,35.0,13.0,voiture,deux_roues,1,2,1,1,1
202300001372,2023-06-08 12:06:00,2023,6,8,12,6,974,97413,Rue Haute,-21.171256,55.290311,Plein jour,En agglomération,Intersection en T,Normale,Deux véhicules - côté,4,1,1,-1,2,1,1,0,1,-1,2,2,1,0,0,1,69.0,47.0,voiture,deux_roues,1,2,3,1,3
202300001372,2023-06-08 12:06:00,2023,6,8,12,6,974,97413,Rue Haute,-21.171256,55.290311,Plein jour,En agglomération,Intersection en T,Normale,Deux véhicules - côté,4,2,2,0,2,1,1,0,1,50,2,2,1,0,0,1,69.0,47.0,voiture,deux_roues,1,2,3,1,3
202300001373,2023-10-12 06:45:00,2023,10,12,6,45,13,13207,A55-Sens Marseille vers Martigues,43.2918,5.36582,Crépuscule ou aube,En agglomération,Hors intersection,Normale,Sans collision,7,1,1,0,2,3,1,1,1,50,1,1,0,0,1,0,23.0,,deux_roues,,2,2,1,1,7
202300001374,2023-03-26 22:25:00,2023,3,26,22,25,17,17306,ROCHEFORT (DE)  (AVENUE),45.64898,-1.024439,Nuit avec éclairage allumé,En agglomération,Intersection en X,Temps couvert,Deux véhicules - côté,3,2,2,0,1,1,2,5,1,30,2,3,2,0,0,1,26.0,23.0,voiture,voiture,5,2,2,8,3
202300001374,2023-03-26 22:25:00,2023,3,26,22,25,17,17306,ROCHEFORT (DE)  (AVENUE),45.64898,-1.024439,Nuit avec éclairage allumé,En agglomération,Intersection en X,Temps couvert,Deux véhicules - côté,3,2,2,1,1,2,2,5,1,50,2,3,2,0,0,1,26.0,23.0,voiture,voiture,5,2,2,8,3
202300001375,2023-11-28 20:30:00,2023,11,28,20,30,93,93055,Rue Victor Hugo / Avenue Jean Lolive,48.89302,2.41224,Nuit sans éclairage public,En agglomération,Intersection en X,Normale,Deux véhicules - côté,3,3,2,3,1,1,1,0,1,-1,2,2,1,0,0,1,36.0,21.0,deux_roues,voiture,3,2,2,1,3
202300001375,2023-11-28 20:30:00,2023,11,28,20,30,93,93055,Rue Victor Hugo / Avenue Jean Lolive,48.89302,2.41224,Nuit sans éclairage public,En agglomération,Intersection en X,Normale,Deux véhicules - côté,3,2,2,2,1,1,1,0,1,50,2,2,1,0,0,1,36.0,21.0,deux_roues,voiture,3,2,2,1,3
202300001376,2023-06-09 20:15:00,2023,6,9,20,15,85,85109,3 Rue Claude Debussy,46.86053,-1.019427,Plein jour,En agglomération,Giratoire,Normale,Autre collision,4,2,2,0,1,1,1,0,8,50,1,3,0,0,1,2,36.0,,voiture,,1,2,6,1,6
202300001377,2023-07-10 19:15:00,2023,7,10,19,15,91,91345,Rue Maurice ,48.694085,2.287614,Plein jour,En agglomération,Autre intersection,Normale,Autre collision,3,-1,2,0,1,1,1,0,8,30,2,3,2,0,1,0,18.0,,voiture,,1,2,9,1,6
202300001378,2023-03-26 18:00:00,2023,3,26,18,0,13,13002,SAINT ROCH (ROND POINT),43.33999,5.48471,Plein jour,En agglomération,Hors intersection,Normale,Deux véhicules - côté,4,2,2,2,1,1,1,0,1,50,2,2,1,0,0,1,21.0,69.0,deux_roues,voiture,1,2,1,1,3
202300001379,2023-06-09 16:45:00,2023,6,9,16,45,19,19286,le bert D31,45.3394276,1.40252464,Plein jour,Hors agglomération,Hors intersection,Pluie forte,Autre collision,3,2,2,0,2,1,2,0,3,90,1,1,0,0,1,0,19.0,,voiture,,1,1,1,3,6
202300001380,2023-11-27 19:45:00,2023,11,27,19,45,93,93053,Rue Marcellin Berthelot / Rue Moissan,48.8895,2.4575,Nuit avec éclairage allumé,En agglomération,Intersection en T,Pluie légère,Autre collision,4,1,1,0,1,1,2,0,1,30,1,2,1,0,0,1,66.0,,voiture,,5,2,3,2,6
202300001380,2023-11-27 19:45:00,2023,11,27,19,45,93,93053,Rue Marcellin Berthelot / Rue Moissan,48.8895,2.4575,Nuit avec éclairage allumé,En agglomération,Intersection en T,Pluie légère,Autre collision,4,4,1,0,1,1,2,0,1,-1,1,2,1,0,0,1,66.0,,voiture,,5,2,3,2,6
202300001381,2023-09-24 18:00:00,2023,9,24,18,0,28,28358,2 rue de la République 28300 SAINT-PREST,48.4871012,1.5260318,Plein jour,En agglomération,Giratoire,Normale,Sans collision,3,2,2,-1,-1,-1,-1,-1,4,-1,1,1,0,1,0,0,43.0,,deux_roues,,1,2,6,1,7
202300001381,2023-09-24 18:00:00,2023,9,24,18,0,28,28358,2 rue de la République 28300 SAINT-PREST,48.4871012,1.5260318,Plein jour,En agglomération,Giratoire,Normale,Sans collision,3,2,2,0,1,1,-1,0,4,-1,1,1,0,1,0,0,43.0,,deux_roues,,1,2,6,1,7
202300001382,2023-03-26 03:09:00,2023,3,26,3,9,13,13213,ALBERT EINSTEIN (RUE),43.33428,5.43201,Nuit avec éclairage allumé,En agglomération,Hors intersection,Normale,Deux véhicules - arrière,4,2,1,1,1,1,1,0,1,50,2,3,0,0,1,2,47.0,26.0,voiture,deux_roues,5,2,1,1,2
202300001383,2023-06-09 10:25:00,2023,6,9,10,25,56,56186,Rue du Port de Pêche,47.478462,-3.127901,Plein jour,En agglomération,Hors intersection,Normale,Deux véhicules - côté,4,2,2,0,1,1,1,0,1,50,2,2,1,0,1,0,54.0,58.0,deux_roues,voiture,1,2,1,1,3
202300001384,2023-03-25 18:20:00,2023,3,25,18,20,13,13005,PASTRE (AVENUE),43.2922,5.59278,Plein jour,Hors agglomération,Hors intersection,Normale,Autre collision,4,2,2,0,1,1,1,0,1,50,1,1,0,0,1,0,23.0,,deux_roues,,1,1,1,1,6
202300001385,2023-11-28 11:45:00,2023,11,28,11,45,93,93033,Place Churchill,48.85897,2.5815,Plein jour,En agglomération,Place,Normale,Deux véhicules - arrière,3,2,2,0,1,1,1,0,1,50,2,3,2,0,0,1,46.0,22.0,voiture,voiture,1,2,7,1,2
202300001385,2023-11-28 11:45:00,2023,11,28,11,45,93,93033,Place Churchill,48.85897,2.5815,Plein jour,En agglomération,Place,Normale,Deux véhicules - arrière,3,2,2,-1,1,1,1,0,1,-1,2,3,2,0,0,1,46.0,22.0,voiture,voiture,1,2,7,1,2
202300001386,2023-12-21 18:10:00,2023,12,21,18,10,74,74010,Route des Rutys,45.94285,6.124132,Nuit sans éclairage public,En agglomération,Autre intersection,Pluie légère,Trois véhicules et plus - collisions multiples,4,2,1,0,1,1,2,0,1,50,3,3,2,0,1,0,66.0,42.0,voiture,voiture,3,2,9,2,5
202300001387,2023-06-08 19:01:00,2023,6,8,19,1,77,77524,RD18,48.445305,3.163408,Plein jour,Hors agglomération,Intersection en X,Normale,Deux véhicules - côté,3,2,2,0,1,1,1,0,1,80,2,3,2,0,0,1,33.0,42.0,deux_roues,voiture,1,1,2,1,3
202300001387,2023-06-08 19:01:00,2023,6,8,19,1,77,77524,RD18,48.445305,3.163408,Plein jour,Hors agglomération,Intersection en X,Normale,Deux véhicules - côté,3,2,2,0,1,1,1,0,1,80,2,3,2,0,0,1,33.0,42.0,deux_roues,voiture,1,1,2,1,3
202300001388,2023-03-26 13:25:00,2023,3,26,13,25,06,06088,CESSOLE (BD DE) (JUSQU'AU N° 93-110),43.717,7.25311,Plein jour,En agglomération,Hors intersection,Normale,Deux véhicules - côté,4,2,3,3,1,1,1,0,1,50,2,3,2,0,0,1,17.0,37.0,deux_roues,voiture,1,2,1,1,3
202300001389,2023-12-16 21:30:00,2023,12,16,21,30,74,74208,595 Route du plateau d'assy,45.925702,6.68562,Nuit sans éclairage public,Hors agglomération,Hors intersection,Autre,Sans collision,3,2,2,0,4,3,7,0,1,70,1,1,0,0,1,0,40.0,,deux_roues,,3,1,1,9,7
202300001390,2023-11-27 13:20:00,2023,11,27,13,20,93,93048,Avenue Pasteur,48.863241,2.440561,Plein jour,En agglomération,Hors intersection,Pluie légère,Deux véhicules - frontale,4,2,2,0,2,1,2,0,1,50,2,2,1,0,0,1,46.0,45.0,deux_roues,utilitaire_camion,1,2,1,2,1
202300001391,2023-06-09 17:25:00,2023,6,9,17,25,76,76312,42 Avenue du Général Leclerc,49.483785,1.720165,Plein jour,En agglomération,Hors intersection,Normale,Deux véhicules - côté,3,2,2,0,1,1,1,0,1,50,2,2,1,0,0,1,19.0,34.0,deux_roues,voiture,1,2,1,1,3
202300001392,2023-09-25 16:35:00,2023,9,25,16,35,29,29147,,47.91835537,-3.57096434,Plein jour,Hors agglomération,Hors intersection,Normale,Sans collision,3,2,2,-1,2,1,1,0,1,80,1,1,0,1,0,0,64.0,,deux_roues,,1,1,1,1,7
202300001393,2023-03-26 13:10:00,2023,3,26,13,10,06,06069,CHASSEURS ALPINS (ROND-POINT),43.65055,6.9223,Plein jour,En agglomération,Giratoire,Normale,Deux véhicules - côté,4,1,2,0,1,2,1,9,1,50,2,2,1,0,0,1,44.0,40.0,deux_roues,voiture,1,2,6,1,3