accident_id,datetime,annee,mois,jour,heure,minute,departement,commune_insee,adresse,latitude,longitude,luminosite,agglomeration,intersection,meteo,collision,catr,circ,nbv,vosp,prof,plan,surf,infra,situ,vma,nb_vehicules,nb_usagers,nb_indemnes,nb_tues,nb_blesses_hosp,nb_blesses_legers,age_cond_1,age_cond_2,veh_type_cond_1,veh_type_cond_2,lum_code,agg_code,int_code,atm_code,col_code
202300001393,2023-03-26 13:10:00,2023,3,26,13,10,06,06069,CHASSEURS ALPINS (ROND-POINT),43.65055,6.9223,Plein jour,En agglomération,Giratoire,Normale,Deux véhicules - côté,4,2,2,0,3,1,1,9,8,50,2,2,1,0,0,1,44.0,40.0,deux_roues,voiture,1,2,6,1,3
202300001394,2023-03-25 13:10:00,2023,3,25,13,10,06,06069,ROURE DE LA GACHE (CHEMIN DU),43.64858,6.96481,Plein jour,En agglomération,Hors intersection,Normale,Autre collision,4,2,1,0,2,3,1,0,1,30,1,1,0,0,0,1,48.0,,utilitaire_camion,,1,2,1,1,6
202300001395,2023-11-27 15:55:00,2023,11,27,15,55,93,93027,Rue Maurice Ravel / Rue de Saint-denis,48.93148,2.38,Plein jour,En agglomération,Intersection en T,Pluie légère,Deux véhicules - côté,3,2,2,1,1,1,2,0,5,50,2,3,2,0,0,1,32.0,44.0,voiture,voiture,1,2,3,2,3
202300001395,2023-11-27 15:55:00,2023,11,27,15,55,93,93027,Rue Maurice Ravel / Rue de Saint-denis,48.93148,2.38,Plein jour,En agglomération,Intersection en T,Pluie légère,Deux véhicules - côté,3,3,4,3,1,1,2,0,1,50,2,3,2,0,0,1,32.0,44.0,voiture,voiture,1,2,3,2,3
202300001396,2023-06-07 20:30:00,2023,6,7,20,30,76,76312,Rue de Hailsham,49.474897,1.719049,Plein jour,En agglomération,Intersection en T,Normale,Deux véhicules - côté,4,2,2,0,1,1,1,0,1,50,2,2,1,0,0,1,23.0,40.0,deux_roues,voiture,1,2,3,1,3
202300001396,2023-06-07 20:30:00,2023,6,7,20,30,76,76312,Rue de Hailsham,49.474897,1.719049,Plein jour,En agglomération,Intersection en T,Normale,Deux véhicules - côté,4,2, -1,-1,1,1,1,0,1,-1,2,2,1,0,0,1,23.0,40.0,deux_roues,voiture,1,2,3,1,3
202300001397,2023-12-22 18:10:00,2023,12,22,18,10,93,93070,Avenue Gabriel Péri / Rue des Buttes Montmartre,48.90143,2.3302,Nuit avec éclairage allumé,En agglomération,Intersection en T,Pluie légère,Deux véhicules - côté,3,2,2,1,1,1,2,0,1,50,2,2,1,0,0,1,50.0,23.0,utilitaire_camion,deux_roues,5,2,3,2,3
202300001397,2023-12-22 18:10:00,2023,12,22,18,10,93,93070,Avenue Gabriel Péri / Rue des Buttes Montmartre,48.90143,2.3302,Nuit avec éclairage allumé,En agglomération,Intersection en T,Pluie légère,Deux véhicules - côté,3,1,1,-1,1,1,2,0,1,-1,2,2,1,0,0,1,50.0,23.0,utilitaire_camion,deux_roues,5,2,3,2,3
202300001398,2023-03-26 18:50:00,2023,3,26,18,50,06,06027,MERMOZ AVENUE JEAN,43.68075,7.15182,Plein jour,En agglomération,Hors intersection,Normale,Deux véhicules - frontale,7,2,2,0,2,4,1,0,1,50,2,2,1,0,1,0,66.0,44.0,utilitaire_camion,deux_roues,1,2,1,1,1
202300001399,2023-11-27 12:20:00,2023,11,27,12,20,93,93027,139 Avenue Paul Vaillant Couturier,48.92542238,2.41553843,Plein jour,En agglomération,Hors intersection,Pluie légère,Autre collision,3,2,4,3,1,1,2,9,4,-1,1,2,1,0,0,1,44.0,,voiture,,1,2,1,2,6
202300001400,2023-06-05 09:30:00,2023,6,5,9,30,79,79164,,46.192885,-0.061077,Plein jour,Hors agglomération,Intersection en X,Normale,Deux véhicules - côté,3,2,2,0,1,1,1,0,1,80,2,2,1,0,1,0,59.0,53.0,voiture,deux_roues,1,1,2,1,3
202300001400,2023-06-05 09:30:00,2023,6,5,9,30,79,79164,,46.192885,-0.061077,Plein jour,Hors agglomération,Intersection en X,Normale,Deux véhicules - côté,3,2,2,0,1,1,1,0,1,80,2,2,1,0,1,0,59.0,53.0,voiture,deux_roues,1,1,2,1,3
202300001401,2023-05-20 14:50:00,2023,5,20,14,50,93,93077,SAINT LOUIS (RUE) JUSQU'AU 88 ET 89,48.88893,2.5073,Plein jour,En agglomération,Giratoire,Normale,Autre collision,4,1,1,0,1,1,1,0,8,50,1,2,1,0,0,1,49.0,,voiture,,1,2,6,1,6
202300001401,2023-05-20 14:50:00,2023,5,20,14,50,93,93077,SAINT LOUIS (RUE) JUSQU'AU 88 ET 89,48.88893,2.5073,Plein jour,En agglomération,Giratoire,Normale,Autre collision,4,1,1,0,1,1,1,6,8,50,1,2,1,0,0,1,49.0,,voiture,,1,2,6,1,6
202300001402,2023-03-25 09:10:00,2023,3,25,9,10,75,75118,PORTE DE CLIGNANCOURT,48.901162,2.349376,Plein jour,En agglomération,Hors intersection,Normale,Deux véhicules - côté,4,1,4,0,1,1,1,0,1,70,2,2,1,0,0,1,40.0,21.0,utilitaire_camion,deux_roues,1,2,1,1,3
202300001403,2023-12-20 17:25:00,2023,12,20,17,25,32,32446,RD 3,43.493546,0.254864,Crépuscule ou aube,Hors agglomération,Autre intersection,Normale,Sans collision,3,2,2,0,1,2,1,0,1,80,1,1,0,0,1,0,43.0,,voiture,,2,1,9,1,7
202300001404,2023-06-09 11:45:00,2023,6,9,11,45,49,49214,,47.530082,-0.621167,Plein jour,En agglomération,Giratoire,Normale,Deux véhicules - côté,4,-1,2,0,1,1,1,5,1,50,2,2,1,0,1,0,77.0,79.0,voiture,deux_roues,1,2,6,1,3
202300001405,2023-11-27 14:00:00,2023,11,27,14,0,93,93007,Avenue Massenet / Avenue de la République,48.93698,2.46416,Plein jour,En agglomération,Intersection en X,Pluie légère,Autre collision,4,2,2,0,1,1,2,8,1,50,1,3,2,0,0,1,60.0,,voiture,,1,2,2,2,6
202300001405,2023-11-27 14:00:00,2023,11,27,14,0,93,93007,Avenue Massenet / Avenue de la République,48.93698,2.46416,Plein jour,En agglomération,Intersection en X,Pluie légère,Autre collision,4,1,1,0,1,1,2,8,1,50,1,3,2,0,0,1,60.0,,voiture,,1,2,2,2,6
202300001406,2023-03-24 12:20:00,2023,3,24,12,20,75,75115,DB PERIPHERIQUE EXTERIEUR QUAI D ISSY LES MOULINEAUX,48.8349573,2.273399,Plein jour,En agglomération,Hors intersection,Normale,Deux véhicules - côté,4,1,4,0,1,1,1,0,1,70,2,2,1,0,0,1,29.0,60.0,deux_roues,utilitaire_camion,1,2,1,1,3
202300001407,2023-11-22 17:40:00,2023,11,22,17,40,32,32114,D226,43.364517,0.457156,Crépuscule ou aube,Hors agglomération,Hors intersection,Normale,Autre collision,3,2,2,0,1,1,2,0,3,80,1,1,0,0,1,0,84.0,,utilitaire_camion,,2,1,1,1,6
202300001408,2023-06-09 12:52:00,2023,6,9,12,52,12,12209,"lieu dit ""le Bouis""",44.692874,2.699048,Plein jour,Hors agglomération,Hors intersection,Pluie légère,Deux véhicules - côté,3,2,2,0,2,4,2,0,1,90,2,2,1,0,1,0,70.0,28.0,deux_roues,voiture,1,1,1,2,3
202300001409,2023-11-28 08:00:00,2023,11,28,8,0,93,93005,Rue Maurice de Broglie,48.947149,2.4838,Plein jour,En agglomération,Hors intersection,Normale,Deux véhicules - arrière,4,3,2,0,1,1,2,0,1,50,2,2,1,0,0,1,25.0,54.0,voiture,utilitaire_camion,1,2,1,1,2
202300001410,2023-12-23 01:00:00,2023,12,23,1,0,32,32286,N21,43.792395,0.630984,Nuit sans éclairage public,Hors agglomération,Hors intersection,Pluie légère,Autre collision,2,2,2,0,1,1,2,0,3,80,1,3,0,0,1,2,19.0,,voiture,,3,1,1,2,6
202300001411,2023-03-26 18:41:00,2023,3,26,18,41,75,75106,RUE DE SEVRES,48.85042,2.324623,Plein jour,En agglomération,Intersection en T,Normale,Deux véhicules - côté,4,2,3,0,1,1,1,0,1,30,2,2,1,0,0,1,48.0,54.0,deux_roues,voiture,1,2,3,1,3
202300001411,2023-03-26 18:41:00,2023,3,26,18,41,75,75106,RUE DE SEVRES,48.85042,2.324623,Plein jour,En agglomération,Intersection en T,Normale,Deux véhicules - côté,4,1,1,0,1,1,1,0,1,30,2,2,1,0,0,1,48.0,54.0,deux_roues,voiture,1,2,3,1,3
202300001412,2023-06-10 12:58:00,2023,6,10,12,58,22,22087,Lieu Dit Saint Lubin,48.270097,-3.315833,Plein jour,En agglomération,Hors intersection,Normale,Deux véhicules - frontale,3,2,2,0,3,1,1,0,3,50,2,3,2,0,1,0,72.0,31.0,deux_roues,utilitaire_camion,1,2,1,1,1
202300001413,2023-11-28 18:15:00,2023,11,28,18,15,93,93001,Boulevard Anatole France,48.916923,2.381908,Nuit avec éclairage allumé,En agglomération,Hors intersection,Normale,Autre collision,3,2,2,0,1,1,1,0,1,50,1,2,0,0,1,1,41.0,,deux_roues,,5,2,1,1,6
202300001414,2023-11-19 15:13:00,2023,11,19,15,13,32,32212,Ligardes,44.041136,0.480759,Plein jour,En agglomération,Intersection en X,Normale,Deux véhicules - côté,3,2,1,0,1,1,1,0,1,50,2,3,2,0,1,0,58.0,31.0,deux_roues,voiture,1,2,2,1,3
202300001414,2023-11-19 15:13:00,2023,11,19,15,13,32,32212,Ligardes,44.041136,0.480759,Plein jour,En agglomération,Intersection en X,Normale,Deux véhicules - côté,3,2,2,0,3,3,1,0,1,50,2,3,2,0,1,0,58.0,31.0,deux_roues,voiture,1,2,2,1,3
202300001415,2023-06-10 20:45:00,2023,6,10,20,45,44,44131,16bis Rue Robert Schuman,47.124524,-2.119085,Plein jour,En agglomération,Giratoire,Normale,Deux véhicules - côté,4,2,2,0,1,1,1,5,1,50,2,2,1,0,1,0,78.0,34.0,voiture,deux_roues,1,2,6,1,3
202300001416,2023-03-26 07:29:00,2023,3,26,7,29,75,75110,BOULEVARD DE MAGENTA,48.868507,2.362881,Plein jour,En agglomération,Intersection en X,Normale,Deux véhicules - frontale,4,2,6,0,1,1,2,0,1,30,2,4,3,0,0,1,23.0,50.0,voiture,deux_roues,1,2,2,1,1
202300001416,2023-03-26 07:29:00,2023,3,26,7,29,75,75110,BOULEVARD DE MAGENTA,48.868507,2.362881,Plein jour,En agglomération,Intersection en X,Normale,Deux véhicules - frontale,4,2, -1,0,1,1,2,0,1,30,2,4,3,0,0,1,23.0,50.0,voiture,deux_roues,1,2,2,1,1
202300001417,2023-11-28 09:00:00,2023,11,28,9,0,92,92072,SEE (AVENUE CAMILLE),48.82514506,2.2160452,Plein jour,En agglomération,Hors intersection,Temps couvert,Autre collision,4,2,2,0,1,1,1,0,1,50,1,2,1,0,0,1,46.0,,voiture,,1,2,1,8,6
202300001418,2023-06-09 19:20:00,2023,6,9,19,20,29,29027,Rue Victor Le Guern,48.186676,-3.818806,Plein jour,En agglomération,Intersection en T,Normale,Deux véhicules - côté,4,2,2,0,1,1,1,0,1,-1,2,2,1,0,0,1,24.0,28.0,deux_roues,utilitaire_camion,1,2,3,1,3
202300001418,2023-06-09 19:20:00,2023,6,9,19,20,29,29027,Rue Victor Le Guern,48.186676,-3.818806,Plein jour,En agglomération,Intersection en T,Normale,Deux véhicules - côté,4,2,2,0,1,1,1,0,1,50,2,2,1,0,0,1,24.0,28.0,deux_roues,utilitaire_camion,1,2,3,1,3
202300001419,2023-12-28 19:00:00,2023,12,28,19,0,84,84089,D956,43.673634,5.493427,Nuit sans éclairage public,Hors agglomération,Hors intersection,Normale,Deux véhicules - frontale,3,2,2,0,1,1,1,0,1,50,2,4,2,0,0,2,30.0,86.0,voiture,voiture,3,1,1,1,1
202300001420,2023-03-26 18:30:00,2023,3,26,18,30,75,75115,AVENUE EMILE ZOLA,48.846216,2.27964,Plein jour,En agglomération,Intersection en T,Temps couvert,Deux véhicules - côté,4,2,2,0,1,1,1,0,1,30,2,2,1,0,0,1,53.0,34.0,voiture,deux_roues,1,2,3,8,3
202300001420,2023-03-26 18:30:00,2023,3,26,18,30,75,75115,AVENUE EMILE ZOLA,48.846216,2.27964,Plein jour,En agglomération,Intersection en T,Temps couvert,Deux véhicules - côté,4,2, -1,0,1,1,1,0,1,30,2,2,1,0,0,1,53.0,34.0,voiture,deux_roues,1,2,3,8,3
202300001421,2023-11-28 18:15:00,2023,11,28,18,15,92,92064,LOUIS LOUCHEUR,48.86054355,2.21314173,Nuit avec éclairage allumé,En agglomération,Hors intersection,Normale,Autre collision,3,-1,2,0,1,1,1,0,1,50,1,4,2,0,0,2,83.0,,voiture,,5,2,1,1,6
202300001422,2023-12-18 15:20:00,2023,12,18,15,20,71,71306,JEAN BOUVERI (RUE),46.6749,4.36851,Plein jour,En agglomération,Hors intersection,Normale,Autre collision,4,2,2,0,1,1,1,0,1,50,1,2,1,0,0,1,42.0,,voiture,,1,2,1,1,6
202300001423,2023-06-10 10:35:00,2023,6,10,10,35,38,38134,D538,45.43817,5.005526,Plein jour,Hors agglomération,Hors intersection,Normale,Deux véhicules - côté,3,2,2,0,2,1,1,0,1,80,2,2,1,0,1,0,89.0,62.0,voiture,deux_roues,1,1,1,1,3
202300001424,2023-03-26 20:22:00,2023,3,26,20,22,75,75111,BOULEVARD DE BELLEVILLE,48.867047,2.383022,Nuit avec éclairage allumé,En agglomération,Intersection en X,Normale,Deux véhicules - côté,4,1,3,0,1,1,1,6,1,30,2,3,1,0,0,2,24.0,38.0,deux_roues,voiture,5,2,2,1,3
202300001424,2023-03-26 20:22:00,2023,3,26,20,22,75,75111,BOULEVARD DE BELLEVILLE,48.867047,2.383022,Nuit avec éclairage allumé,En agglomération,Intersection en X,Normale,Deux véhicules - côté,4,1,1,0,1,1,1,6,1,30,2,3,1,0,0,2,24.0,38.0,deux_roues,voiture,5,2,2,1,3
202300001425,2023-06-10 16:30:00,2023,6,10,16,30,15,15240, D 622 ,45.397674,2.68959,Plein jour,Hors agglomération,Hors intersection,Normale,Sans collision,3,2,2,0,1,3,2,0,8,90,1,2,1,0,1,0,68.0,,utilitaire_camion,,1,1,1,1,7
202300001426,2023-11-28 09:00:00,2023,11,28,9,0,92,92050,SADI CARNOT RUE,48.8871287,2.2078152,Plein jour,En agglomération,Hors intersection,Normale,Autre collision,4,2,4,2,1,1,1,0,1,50,1,2,1,0,0,1,50.0,,deux_roues,,1,2,1,1,6
202300001427,2023-07-04 20:50:00,2023,7,4,20,50,13,13210,ELIE WIESEL (BD),43.27493,5.42494,Crépuscule ou aube,En agglomération,Hors intersection,Normale,Deux véhicules - côté,4,3,6,0,1,1,1,0,1,50,2,3,2,1,0,0,34.0,57.0,voiture,deux_roues,2,2,1,1,3
202300001428,2023-03-26 03:45:00,2023,3,26,3,45,75,75107,PORT DES INVALIDES,48.863046,2.311887,Nuit avec éclairage allumé,En agglomération,Hors intersection,Pluie forte,Autre collision,4,1,1,3,2,1,2,9,1,30,1,4,1,0,0,3,22.0,,utilitaire_camion,,5,2,1,3,6
202300001429,2023-06-09 15:30:00,2023,6,9,15,30,58,58220,Route d'Ouche,47.164563,3.053706,Plein jour,Hors agglomération,Hors intersection,Normale,Autre collision,4,2,2,0,1,2,1,0,3,80,1,1,0,0,1,0,25.0,,deux_roues,,1,1,1,1,6
202300001430,2023-11-28 14:30:00,2023,11,28,14,30,92,92049,BRIAND AVENUE ARISTIDE N°1 A 129,48.81470911,2.32587799,Plein jour,En agglomération,Hors intersection,Normale,Deux véhicules - côté,3,1,3,2,1,1,1,0,1,-1,2,2,0,0,0,2,42.0,35.0,voiture,deux_roues,1,2,1,1,3
202300001431,2023-03-25 19:30:00,2023,3,25,19,30,94,94068,Avenue Raymond Poincaré,48.804487,2.517765,Nuit avec éclairage allumé,En agglomération,Intersection en X,Normale,Deux véhicules - côté,3,2,2,0,1,1,1,9,1,30,2,2,1,0,0,1,22.0,47.0,utilitaire_camion,deux_roues,5,2,2,1,3
202300001431,2023-03-25 19:30:00,2023,3,25,19,30,94,94068,Avenue Raymond Poincaré,48.804487,2.517765,Nuit avec éclairage allumé,En agglomération,Intersection en X,Normale,Deux véhicules - côté,3,2,2,0,1,1,1,9,1,30,2,2,1,0,0,1,22.0,47.0,utilitaire_camion,deux_roues,5,2,2,1,3
202300001432,2023-06-09 14:00:00,2023,6,9,14,0,73,73019,D1006,45.51155,6.31201,Plein jour,Hors agglomération,Intersection en T,Temps couvert,Deux véhicules - côté,3,2,2,0,1,1,1,5,1,80,2,3,0,0,0,3,22.0,21.0,voiture,voiture,1,1,3,8,3
202300001432,2023-06-09 14:00:00,2023,6,9,14,0,73,73019,D1006,45.51155,6.31201,Plein jour,Hors agglomération,Intersection en T,Temps couvert,Deux véhicules - côté,3,2,2,0,1,1,1,5,1,80,2,3,0,0,0,3,22.0,21.0,voiture,voiture,1,1,3,8,3
202300001433,2023-12-29 18:20:00,2023,12,29,18,20,78,78143,D938,48.732773,2.10356,Nuit avec éclairage allumé,Hors agglomération,Hors intersection,Normale,Trois véhicules et plus - en chaîne,3,2,2,0,3,1,1,0,1,50,4,4,3,0,0,1,37.0,25.0,voiture,voiture,5,1,1,1,4
202300001434,2023-03-26 00:20:00,2023,3,26,0,20,93,93049,Rue des 2 Communes,48.86470219,2.49964365,Nuit avec éclairage allumé,En agglomération,Hors intersection,Pluie légère,Autre collision,4,2,2,0,1,2,2,0,1,30,1,1,0,0,0,1,35.0,,voiture,,5,2,1,2,6
202300001435,2023-11-27 18:10:00,2023,11,27,18,10,92,92062,FUSILLES DE LA RESISTANCES (RUE DES) N°1,48.88277607,2.22361721,Plein jour,En agglomération,Intersection en T,Pluie légère,Autre collision,3,1,1,0,1,1,2,0,1,50,2,5,3,0,0,2,17.0,,deux_roues,deux_roues,1,2,3,2,6
202300001435,2023-11-27 18:10:00,2023,11,27,18,10,92,92062,FUSILLES DE LA RESISTANCES (RUE DES) N°1,48.88277607,2.22361721,Plein jour,En agglomération,Intersection en T,Pluie légère,Autre collision,3,2,2,0,1,1,2,0,1,50,2,5,3,0,0,2,17.0,,deux_roues,deux_roues,1,2,3,2,6
202300001436,2023-06-10 15:00:00,2023,6,10,15,0,73,73032,D990,45.61364,6.453009,Plein jour,En agglomération,Intersection en Y,Normale,Sans collision,3,2,2,0,2,3,1,0,1,50,1,1,0,0,1,0,59.0,,deux_roues,,1,2,4,1,7
202300001436,2023-06-10 15:00:00,2023,6,10,15,0,73,73032,D990,45.61364,6.453009,Plein jour,En agglomération,Intersection en Y,Normale,Sans collision,3,2,2,-1,2,2,1,0,1,50,1,1,0,0,1,0,59.0,,deux_roues,,1,2,4,1,7
202300001437,2023-09-20 18:15:00,2023,9,20,18,15,73,73008,ANNECY AVENUE D',45.69455,5.91174,Plein jour,En agglomération,Hors intersection,Normale,Autre collision,4,-1,2,0,1,1,1,0,1,50,1,2,1,0,0,1,82.0,,voiture,,1,2,1,1,6
202300001438,2023-03-25 21:20:00,2023,3,25,21,20,93,93046,Boulevard Marx Dormoy,48.907305,2.524568,Nuit avec éclairage allumé,En agglomération,Hors intersection,Pluie légère,Deux véhicules - côté,3,3,2,0,1,1,2,0,1,50,2,2,1,0,0,1,28.0,43.0,voiture,deux_roues,5,2,1,2,3
202300001439,2023-06-10 13:50:00,2023,6,10,13,50,16,16269,Route des Carrières,45.684621,0.382264,Plein jour,Hors agglomération,Hors intersection,Temps éblouissant,Autre collision,3,2,2,0,1,1,1,0,3,80,1,2,1,0,0,1,27.0,,voiture,,1,1,1,7,6
202300001440,2023-12-25 18:40:00,2023,12,25,18,40,93,93064,Rue Philibert Hoffmann,48.880771,2.485075,Nuit avec éclairage allumé,En agglomération,Hors intersection,Normale,Autre collision,6,-1,0,0,1,1,1,9,4,-1,1,2,1,0,0,1,28.0,,voiture,,5,2,1,1,6
202300001441,2023-06-10 02:01:00,2023,6,10,2,1,07,07027,D86,44.82640092,4.80876154,Nuit sans éclairage public,Hors agglomération,Hors intersection,Pluie légère,Autre collision,3,2,2,0,1,1,2,0,3,90,1,2,0,1,1,0,32.0,,voiture,,3,1,1,2,6
202300001442,2023-12-12 12:00:00,2023,12,12,12,0,93,93064,Place Carnot,48.873615,2.482504,Plein jour,En agglomération,Hors intersection,Pluie légère,Autre collision,4,1,1,0,1,1,2,0,1,30,1,2,1,0,0,1,32.0,,utilitaire_camion,,1,2,1,2,6
202300001443,2023-03-23 17:25:00,2023,3,23,17,25,39,39227,144 Route Nationale,46.637261,6.031709,Plein jour,En agglomération,Hors intersection,Normale,Deux véhicules - frontale,3,2,2,0,1,3,1,0,1,50,2,2,1,0,0,1,72.0,41.0,utilitaire_camion,deux_roues,1,2,1,1,1
202300001444,2023-06-09 08:30:00,2023,6,9,8,30,53,53229,D131,48.128711,-0.737039,Plein jour,Hors agglomération,Hors intersection,Normale,Deux véhicules - frontale,3,2,2,0,3,3,1,0,1,80,2,2,0,0,2,0,19.0,30.0,voiture,voiture,1,1,1,1,1
202300001445,2023-11-10 19:10:00,2023,11,10,19,10,63,63075,FOURNIER (RUE CHARLES),45.777,3.069,Nuit avec éclairage allumé,En agglomération,Autre intersection,Pluie forte,Autre collision,4,1,1,0,1,1,2,8,1,30,1,2,1,0,0,1,72.0,,voiture,,5,2,9,3,6
202300001446,2023-03-26 09:45:00,2023,3,26,9,45,47,47055,RN 21,44.481603,0.673653,Plein jour,Hors agglomération,Hors intersection,Normale,Autre collision,2,2,2,0,1,2,1,0,3,80,1,2,0,0,1,1,24.0,,voiture,,1,1,1,1,6
202300001447,2023-06-09 23:20:00,2023,6,9,23,20,24,24123,D21 - Route du tortillard,44.949788,0.635635,Nuit sans éclairage public,Hors agglomération,Hors intersection,Normale,Autre collision,3,2,2,0,1,1,1,0,3,80,1,1,0,1,0,0,22.0,,voiture,,3,1,1,1,6
202300001448,2023-11-07 10:38:00,2023,11,7,10,38,63,63113,Flameng/collot d'Herbois,45.7578,3.09781,Plein jour,En agglomération,Hors intersection,Normale,Deux véhicules - côté,4,2,2,0,1,1,1,0,1,30,2,2,1,0,0,1,77.0,82.0,voiture,voiture,1,2,1,1,3
202300001449,2023-06-10 06:20:00,2023,6,10,6,20,04,04160,D4100,43.859366,5.633725,Crépuscule ou aube,Hors agglomération,Hors intersection,Pluie légère,Autre collision,3,2,2,0,1,2,2,0,3,70,1,1,0,0,1,0,20.0,,voiture,,2,1,1,2,6
202300001450,2023-03-27 14:30:00,2023,3,27,14,30,95,95205,Route de Bouqueval,49.023834,2.395159,Plein jour,Hors agglomération,Hors intersection,Normale,Deux véhicules - arrière,4,2,2,0,1,1,1,0,1,70,2,2,1,0,0,1,23.0,46.0,voiture,voiture,1,1,1,1,2
202300001451,2023-03-18 09:00:00,2023,3,18,9,0,45,45187,Place du Martroi,47.889457,2.514973,Plein jour,En agglomération,Autre intersection,Normale,Autre collision,4,1,1,0,1,1,1,6,4,30,1,2,1,0,1,0,73.0,,utilitaire_camion,,1,2,9,1,6
202300001452,2023-10-30 23:39:00,2023,10,30,23,39,63,63113,EFFIAT (RUE D'),45.78575752,3.10374767,Nuit avec éclairage allumé,En agglomération,Hors intersection,Normale,Deux véhicules - côté,4,-1,2,0,1,1,1,0,1,50,2,3,1,0,0,2,22.0,21.0,voiture,voiture,5,2,1,1,3
202300001453,2023-06-10 16:01:00,2023,6,10,16,1,04,04166,Avenue de Verdun,43.818566,6.090615,Plein jour,En agglomération,Intersection en X,Normale,Deux véhicules - côté,3,2,2,0,1,3,1,0,1,30,2,2,1,0,0,1,33.0,40.0,deux_roues,voiture,1,2,2,1,3
202300001453,2023-06-10 16:01:00,2023,6,10,16,1,04,04166,Avenue de Verdun,43.818566,6.090615,Plein jour,En agglomération,Intersection en X,Normale,Deux véhicules - côté,3,2,2,0,1,1,1,0,8,30,2,2,1,0,0,1,33.0,40.0,deux_roues,voiture,1,2,2,1,3
202300001454,2023-06-10 10:30:00,2023,6,10,10,30,27,27065,Rue de la Mare Hébert,49.344869,0.35418,Plein jour,En agglomération,Hors intersection,Normale,Autre collision,4,2,2,0,1,3,1,0,4,50,1,1,0,0,1,0,45.0,,deux_roues,,1,2,1,1,6
202300001455,2023-10-26 20:30:00,2023,10,26,20,30,63,63113,BOURDON (RUE DE),45.79803,3.15371,Nuit avec éclairage allumé,Hors agglomération,Hors intersection,Pluie forte,Deux véhicules - arrière,7,2,2,0,1,1,2,0,1,70,2,1,0,0,0,1,32.0,,deux_roues,,5,1,1,3,2
202300001456,2023-03-26 15:15:00,2023,3,26,15,15,972,97232,Quartier Sans Souci,14.568922,-60.857949,Plein jour,Hors agglomération,Hors intersection,Normale,Trois véhicules et plus - en chaîne,2,2,2,0,2,3,1,0,1,70,3,3,2,1,0,0,58.0,29.0,utilitaire_camion,deux_roues,1,1,1,1,4
202300001457,2023-06-09 19:13:00,2023,6,9,19,13,17,17463,Route de la Rochelle,45.973106,-0.987632,Plein jour,Hors agglomération,Hors intersection,Normale,Deux véhicules - frontale,4,2,2,0,2,4,1,2,1,80,2,2,1,0,1,0,19.0,29.0,deux_roues,voiture,1,1,1,1,1
202300001458,2023-10-26 18:40:00,2023,10,26,18,40,63,63113,Belloy / Pont naturel,45.78339577,3.08014154,Nuit avec éclairage allumé,En agglomération,Intersection en T,Pluie forte,Autre collision,4,2,#VALEURMULTI,0,1,1,2,5,1,30,1,2,1,0,0,1,20.0,,voiture,,5,2,3,3,6
202300001459,2023-06-01 10:15:00,2023,6,1,10,15,17,17210,Rue de Royan,45.457971,-0.69171,Plein jour,En agglomération,Hors intersection,Normale,Autre collision,3,2,2,0,1,1,1,0,1,50,1,2,1,0,1,0,73.0,,voiture,,1,2,1,1,6
202300001460,2023-06-09 08:18:00,2023,6,9,8,18,87,87187,16 Avenue Georges Brassens,45.500541,1.203847,Plein jour,En agglomération,Hors intersection,Normale,Sans collision,4,2,2,0,2,1,1,0,1,30,1,1,0,0,1,0,10.0,,deux_roues,,1,2,1,1,7
202300001461,2023-10-18 21:22:00,2023,10,18,21,22,63,63113,FLEURY (BD),45.77491,3.09577,Nuit avec éclairage allumé,En agglomération,Intersection en X,Pluie légère,Deux véhicules - arrière,4,2,2,3,1,1,2,-1,1,-1,2,2,1,0,0,1,28.0,28.0,voiture,voiture,5,2,2,2,2
202300001461,2023-10-18 21:22:00,2023,10,18,21,22,63,63113,FLEURY (BD),45.77491,3.09577,Nuit avec éclairage allumé,En agglomération,Intersection en X,Pluie légère,Deux véhicules - arrière,4,-1,3,0,1,1,2,5,8,50,2,2,1,0,0,1,28.0,28.0,voiture,voiture,5,2,2,2,2
202300001462,2023-06-03 14:10:00,2023,6,3,14,10,37,37018,Route de Savonnières,47.36326537,0.62810898,Plein jour,Hors agglomération,Hors intersection,Normale,Deux véhicules - arrière,3,2,2,0,3,3,1,0,1,70,2,2,0,0,0,1,51.0,,deux_roues,utilitaire_camion,1,1,1,1,2
202300001463,2023-06-08 18:15:00,2023,6,8,18,15,08,08491,D5,49.737212,4.854181,Plein jour,En agglomération,Intersection en T,Normale,Sans collision,3,2,2,0,1,2,1,0,1,50,1,1,0,0,1,0,31.0,,deux_roues,,1,2,3,1,7
202300001463,2023-06-08 18:15:00,2023,6,8,18,15,08,08491,D5,49.737212,4.854181,Plein jour,En agglomération,Intersection en T,Normale,Sans collision,3,1,1,-1,1,1,1,0,1,50,1,1,0,0,1,0,31.0,,deux_roues,,1,2,3,1,7
202300001464,2023-10-18 20:42:00,2023,10,18,20,42,63,63113,POURCHON (BD MAURICE),45.79027498,3.08345139,Nuit avec éclairage allumé,En agglomération,Intersection en X,Pluie légère,Deux véhicules - côté,7,2,2,-1,1,1,2,0,1,30,2,2,0,0,0,2,52.0,52.0,voiture,deux_roues,5,2,2,2,3