accident_id,datetime,annee,mois,jour,heure,minute,departement,commune_insee,adresse,latitude,longitude,luminosite,agglomeration,intersection,meteo,collision,catr,circ,nbv,vosp,prof,plan,surf,infra,situ,vma,nb_vehicules,nb_usagers,nb_indemnes,nb_tues,nb_blesses_hosp,nb_blesses_legers,age_cond_1,age_cond_2,veh_type_cond_1,veh_type_cond_2,lum_code,agg_code,int_code,atm_code,col_code
202300001464,2023-10-18 20:42:00,2023,10,18,20,42,63,63113,POURCHON (BD MAURICE),45.79027498,3.08345139,Nuit avec éclairage allumé,En agglomération,Intersection en X,Pluie légère,Deux véhicules - côté,7,3,6,0,2,1,2,0,8,50,2,2,0,0,0,2,52.0,52.0,voiture,deux_roues,5,2,2,2,3
202300001465,2023-06-05 12:55:00,2023,6,5,12,55,08,08040,D764,49.729774,4.753754,Plein jour,En agglomération,Hors intersection,Normale,Deux véhicules - côté,3,2,2,0,1,1,1,0,1,50,2,2,1,0,1,0,28.0,54.0,voiture,deux_roues,1,2,1,1,3
202300001466,2023-10-15 18:24:00,2023,10,15,18,24,63,63014,SAINT-LOUP (RUE),45.75123448,3.11036065,Plein jour,En agglomération,Autre intersection,Normale,Deux véhicules - frontale,4,2,2,-1,1,1,1,0,1,50,2,2,1,0,0,1,40.0,19.0,utilitaire_camion,deux_roues,1,2,9,1,1
202300001466,2023-10-15 18:24:00,2023,10,15,18,24,63,63014,SAINT-LOUP (RUE),45.75123448,3.11036065,Plein jour,En agglomération,Autre intersection,Normale,Deux véhicules - frontale,4,1,1,0,1,2,1,9,1,20,2,2,1,0,0,1,40.0,19.0,utilitaire_camion,deux_roues,1,2,9,1,1
202300001467,2023-06-01 16:45:00,2023,6,1,16,45,08,08142,D5,49.734913,4.886169,Plein jour,Hors agglomération,Hors intersection,Normale,Sans collision,3,2,2,0,1,3,1,0,1,80,1,1,0,0,1,0,46.0,,voiture,,1,1,1,1,7
202300001468,2023-10-14 11:10:00,2023,10,14,11,10,63,63113,CARMES DECHAUX (PLACE),45.78229,3.09526,Plein jour,En agglomération,Place,Normale,Deux véhicules - côté,4,2,2,0,1,1,1,0,1,30,2,2,1,0,0,1,44.0,57.0,deux_roues,voiture,1,2,7,1,3
202300001469,2023-10-11 16:26:00,2023,10,11,16,26,63,63113,PASTEUR (BD),45.77210797,3.08065653,Plein jour,En agglomération,Place,Normale,Deux véhicules - côté,4,3,2,-1,1,1,1,5,1,30,2,2,1,0,1,0,36.0,28.0,voiture,deux_roues,1,2,7,1,3
202300001469,2023-10-11 16:26:00,2023,10,11,16,26,63,63113,PASTEUR (BD),45.77210797,3.08065653,Plein jour,En agglomération,Place,Normale,Deux véhicules - côté,4,2,3,0,1,1,1,5,1,30,2,2,1,0,1,0,36.0,28.0,voiture,deux_roues,1,2,7,1,3
202300001470,2023-06-09 15:30:00,2023,6,9,15,30,38,38193,Boulevard de l'Arbonnas,45.620941,5.21975,Plein jour,En agglomération,Intersection en X,Temps couvert,Deux véhicules - côté,4,2,2,0,1,1,2,5,1,50,2,2,1,0,0,1,34.0,58.0,deux_roues,voiture,1,2,2,8,3
202300001470,2023-06-09 15:30:00,2023,6,9,15,30,38,38193,Boulevard de l'Arbonnas,45.620941,5.21975,Plein jour,En agglomération,Intersection en X,Temps couvert,Deux véhicules - côté,4,2,2,0,2,1,2,5,1,50,2,2,1,0,0,1,34.0,58.0,deux_roues,voiture,1,2,2,8,3
202300001471,2023-10-09 21:11:00,2023,10,9,21,11,63,63113,Basch / Crouzille,45.7671,3.1159,Nuit avec éclairage allumé,En agglomération,Intersection en X,Normale,Deux véhicules - côté,4,2,2,0,1,1,1,0,1,30,2,2,1,0,0,1,30.0,,deux_roues,voiture,5,2,2,1,3
202300001472,2023-06-07 23:45:00,2023,6,7,23,45,03,03021,A 71 PK 347+400,46.117225,3.125847,Nuit sans éclairage public,Hors agglomération,Hors intersection,Normale,Autre collision,1,1,2,0,2,1,1,0,1,130,1,3,0,0,1,2,62.0,,voiture,,3,1,1,1,6
202300001473,2023-12-29 09:45:00,2023,12,29,9,45,93,93007,Rue Anatole Sigonneau,48.95261823,2.46231079,Plein jour,En agglomération,Hors intersection,Normale,Deux véhicules - arrière,4,2,2,0,1,1,1,0,1,50,2,2,1,0,0,1,23.0,23.0,voiture,utilitaire_camion,1,2,1,1,2
202300001474,2023-05-26 15:15:00,2023,5,26,15,15,35,35210,le Guesneau,48.122903,-1.789044,Plein jour,Hors agglomération,Hors intersection,Normale,Deux véhicules - côté,3,2,2,0,1,3,1,0,1,80,2,2,1,0,1,0,67.0,64.0,deux_roues,voiture,1,1,1,1,3
202300001475,2023-12-24 01:12:00,2023,12,24,1,12,93,93007,Avenue Descartes,48.95002,2.46062,Nuit avec éclairage allumé,En agglomération,Hors intersection,Normale,Deux véhicules - frontale,3,2,3,0,1,1,1,0,1,50,2,5,2,0,3,0,,,voiture,voiture,5,2,1,1,1
202300001476,2023-06-09 16:05:00,2023,6,9,16,5,69,69244,53 Avenue de la République,45.763873,4.778719,Plein jour,En agglomération,Intersection en T,Normale,Deux véhicules - côté,4,2,2,0,1,1,1,0,1,30,2,2,1,0,0,1,51.0,30.0,deux_roues,voiture,1,2,3,1,3
202300001476,2023-06-09 16:05:00,2023,6,9,16,5,69,69244,53 Avenue de la République,45.763873,4.778719,Plein jour,En agglomération,Intersection en T,Normale,Deux véhicules - côté,4,2,2,3,1,1,1,5,1,50,2,2,1,0,0,1,51.0,30.0,deux_roues,voiture,1,2,3,1,3
202300001477,2023-06-10 17:35:00,2023,6,10,17,35,14,14333,A29,49.391934,0.259695,Plein jour,Hors agglomération,Hors intersection,Pluie forte,Autre collision,1,1,2,0,2,3,2,0,3,130,1,2,0,0,1,1,71.0,,voiture,,1,1,1,3,6
202300001478,2023-09-29 08:40:00,2023,9,29,8,40,78,78643,BRIAND RUE ARISTIDE,48.970846,1.980138,Plein jour,En agglomération,Intersection en T,Normale,Autre collision,4,2,2,0,1,1,1,0,1,30,1,5,2,0,0,3,19.0,,voiture,,1,2,3,1,6
202300001478,2023-09-29 08:40:00,2023,9,29,8,40,78,78643,BRIAND RUE ARISTIDE,48.970846,1.980138,Plein jour,En agglomération,Intersection en T,Normale,Autre collision,4,-1,1,0,1,1,1,0,1,30,1,5,2,0,0,3,19.0,,voiture,,1,2,3,1,6
202300001479,2023-06-07 14:15:00,2023,6,7,14,15,971,97129,Nolivier,16.297774,-61.670959,Plein jour,Hors agglomération,Hors intersection,Normale,Trois véhicules et plus - collisions multiples,2,2,2,0,1,1,1,0,1,70,3,3,2,0,1,0,20.0,68.0,deux_roues,voiture,1,1,1,1,5
202300001480,2023-12-18 11:30:00,2023,12,18,11,30,84,84031,DURAND BOULEVARD ALBIN,44.053642,5.0623,Plein jour,En agglomération,Hors intersection,Normale,Deux véhicules - frontale,4,1,3,0,1,1,1,0,1,30,2,2,1,0,0,1,38.0,47.0,deux_roues,voiture,1,2,1,1,1
202300001481,2023-06-24 03:30:00,2023,6,24,3,30,69,69256,Rocade Est,45.79684692,4.94160442,Nuit sans éclairage public,Hors agglomération,Hors intersection,Normale,Trois véhicules et plus - en chaîne,2,3,4,0,1,2,1,0,1,90,3,4,2,0,0,2,48.0,63.0,utilitaire_camion,voiture,3,1,1,1,4
202300001482,2023-06-09 17:30:00,2023,6,9,17,30,971,97134,Avenue du Gouverneur General Felix Eboue,16.059931,-61.76677,Plein jour,En agglomération,Intersection en T,Normale,Deux véhicules - côté,2,1,1,0,1,1,1,0,1,50,2,2,1,0,0,1,39.0,22.0,deux_roues,voiture,1,2,3,1,3
202300001482,2023-06-09 17:30:00,2023,6,9,17,30,971,97134,Avenue du Gouverneur General Felix Eboue,16.059931,-61.76677,Plein jour,En agglomération,Intersection en T,Normale,Deux véhicules - côté,2,2, -1,-1,1,1,1,0,1,-1,2,2,1,0,0,1,39.0,22.0,deux_roues,voiture,1,2,3,1,3
202300001483,2023-11-14 09:53:00,2023,11,14,9,53,13,13209,MARÉCHAL DE LATTRE (AVENUE),43.2464,5.4084,Plein jour,En agglomération,Hors intersection,Normale,Deux véhicules - frontale,4,2,2,0,1,1,1,9,1,30,1,2,1,1,0,0,85.0,,voiture,,1,2,1,1,1
202300001484,2023-11-28 15:10:00,2023,11,28,15,10,974,97409,MASCAREIGNES (Avenue des),-20.93927,55.64701,Plein jour,En agglomération,Hors intersection,Normale,Sans collision,4,2,2,0,2,1,1,0,4,50,1,1,0,1,0,0,78.0,,deux_roues,,1,2,1,1,7
202300001485,2023-05-26 15:45:00,2023,5,26,15,45,45,45273,D921 PR 55 + 1271,47.870231,2.125809,Plein jour,En agglomération,Hors intersection,Normale,Deux véhicules - côté,3,2,2,0,1,1,1,2,6,50,2,3,2,0,1,0,55.0,64.0,utilitaire_camion,deux_roues,1,2,1,1,3
202300001486,2023-12-25 12:15:00,2023,12,25,12,15,84,84087,CAMARET (ROUTE DE),44.145,4.831,Plein jour,Hors agglomération,Hors intersection,Normale,Trois véhicules et plus - collisions multiples,3,2,2,0,1,1,1,0,1,80,3,6,2,0,2,2,24.0,55.0,voiture,voiture,1,1,1,1,5
202300001487,2023-10-02 19:05:00,2023,10,2,19,5,73,73065,N201 VOIE RAPIDE URBAINE,45.5887977,5.90153825,Crépuscule ou aube,Hors agglomération,Hors intersection,Normale,Trois véhicules et plus - collisions multiples,2,3,6,0,1,1,1,0,1,90,3,3,2,0,1,0,23.0,88.0,deux_roues,voiture,2,1,1,1,5
202300001488,2023-06-07 10:30:00,2023,6,7,10,30,66,66008,,42.548112,3.020082,Plein jour,En agglomération,Intersection en T,Normale,Deux véhicules - côté,3,2,2,0,1,1,1,0,5,50,2,2,1,0,0,1,81.0,70.0,voiture,deux_roues,1,2,3,1,3
202300001488,2023-06-07 10:30:00,2023,6,7,10,30,66,66008,,42.548112,3.020082,Plein jour,En agglomération,Intersection en T,Normale,Deux véhicules - côté,3,2,3,0,2,1,1,0,5,50,2,2,1,0,0,1,81.0,70.0,voiture,deux_roues,1,2,3,1,3
202300001489,2023-06-09 16:10:00,2023,6,9,16,10,68,68106,Hameau Blanschen,47.879846,7.120245,Plein jour,Hors agglomération,Hors intersection,Normale,Sans collision,3,2,2,0,2,2,1,0,8,-1,1,1,0,0,0,1,68.0,,deux_roues,,1,1,1,1,7
202300001490,2023-12-14 18:15:00,2023,12,14,18,15,33,33318,AVE PASTEUR,44.80591,-0.63315,Nuit avec éclairage allumé,En agglomération,Intersection en X,Temps couvert,Trois véhicules et plus - en chaîne,4,2,2,2,1,1,1,0,1,30,3,3,2,0,1,0,37.0,39.0,voiture,deux_roues,5,2,2,8,4
202300001490,2023-12-14 18:15:00,2023,12,14,18,15,33,33318,AVE PASTEUR,44.80591,-0.63315,Nuit avec éclairage allumé,En agglomération,Intersection en X,Temps couvert,Trois véhicules et plus - en chaîne,4,1,2,1,1,1,1,0,1,30,3,3,2,0,1,0,37.0,39.0,voiture,deux_roues,5,2,2,8,4
202300001491,2023-11-17 20:20:00,2023,11,17,20,20,13,13211,VALENTINE (ROUTE DE LA),43.28961,5.46473,Nuit avec éclairage allumé,En agglomération,Hors intersection,Normale,Deux véhicules - arrière,4,2,2,0,1,1,1,0,1,50,2,3,2,0,0,1,16.0,76.0,deux_roues,voiture,5,2,1,1,2
202300001492,2023-06-08 10:35:00,2023,6,8,10,35,68,68106,Rue Principale,47.875195,7.108219,Plein jour,En agglomération,Hors intersection,Normale,Sans collision,3,2,2,0,2,1,1,9,3,50,1,1,0,0,1,0,47.0,,deux_roues,,1,2,1,1,7
202300001493,2023-11-07 13:20:00,2023,11,7,13,20,13,13209,LUDOVIC LEGRE (AVENUE),43.25048,5.397009,Plein jour,En agglomération,Hors intersection,Normale,Autre collision,4,2,2,0,1,1,1,0,1,50,1,2,1,0,1,0,,,deux_roues,,1,2,1,1,6
202300001494,2023-11-04 09:05:00,2023,11,4,9,5,13,13208,MICHELET (BOULEVARD),43.260368,5.398158,Plein jour,En agglomération,Hors intersection,Normale,Autre collision,4,2,6,0,1,1,1,0,1,50,1,2,1,0,0,1,,,voiture,,1,2,1,1,6
202300001495,2023-06-09 17:40:00,2023,6,9,17,40,88,88355,D36a,48.345654,6.34057,Plein jour,Hors agglomération,Intersection en Y,Normale,Deux véhicules - côté,3,2,2,0,1,1,1,0,1,80,2,3,2,0,1,0,16.0,16.0,deux_roues,deux_roues,1,1,4,1,3
202300001495,2023-06-09 17:40:00,2023,6,9,17,40,88,88355,D36a,48.345654,6.34057,Plein jour,Hors agglomération,Intersection en Y,Normale,Deux véhicules - côté,3,2, -1,-1,1,1,1,0,1,-1,2,3,2,0,1,0,16.0,16.0,deux_roues,deux_roues,1,1,4,1,3
202300001496,2023-11-03 11:45:00,2023,11,3,11,45,13,13208,PARADIS (RUE),43.27744,5.38375,Plein jour,En agglomération,Hors intersection,Pluie légère,Deux véhicules - frontale,4,2,2,0,1,1,2,0,1,50,1,2,1,0,0,1,22.0,,deux_roues,,1,2,1,2,1
202300001497,2023-10-02 18:35:00,2023,10,2,18,35,13,13002,SAINT ROCH (ROND POINT),43.33935,5.48446,Crépuscule ou aube,En agglomération,Giratoire,Normale,Deux véhicules - côté,3,-1,1,0,1,1,1,0,1,30,2,2,1,0,0,1,18.0,41.0,deux_roues,voiture,2,2,6,1,3
202300001497,2023-10-02 18:35:00,2023,10,2,18,35,13,13002,SAINT ROCH (ROND POINT),43.33935,5.48446,Crépuscule ou aube,En agglomération,Giratoire,Normale,Deux véhicules - côté,3,-1,1,0,1,1,1,0,1,30,2,2,1,0,0,1,18.0,41.0,deux_roues,voiture,2,2,6,1,3
202300001498,2023-06-10 00:03:00,2023,6,10,0,3,26,26084,Route d’Alixan,45.009957,4.962854,Nuit sans éclairage public,Hors agglomération,Intersection en X,Pluie forte,Deux véhicules - côté,3,2,2,0,1,1,2,5,1,80,2,2,1,0,1,0,16.0,,deux_roues,autre,3,1,2,3,3
202300001498,2023-06-10 00:03:00,2023,6,10,0,3,26,26084,Route d’Alixan,45.009957,4.962854,Nuit sans éclairage public,Hors agglomération,Intersection en X,Pluie forte,Deux véhicules - côté,3,2,2,0,1,1,2,5,1,50,2,2,1,0,1,0,16.0,,deux_roues,autre,3,1,2,3,3
202300001499,2023-12-13 14:50:00,2023,12,13,14,50,32,32066,D953,43.863104,0.737521,Plein jour,Hors agglomération,Hors intersection,Pluie forte,Sans collision,3,2,2,0,2,1,2,0,3,80,2,2,1,0,1,0,34.0,,voiture,voiture,1,1,1,3,7
202300001500,2023-06-10 12:45:00,2023,6,10,12,45,61,61279,D101 PR1+730,48.405321,-0.003958,Plein jour,Hors agglomération,Intersection en X,Temps couvert,Deux véhicules - côté,3,2,2,0,1,1,1,0,1,80,2,3,0,0,0,3,51.0,71.0,voiture,voiture,1,1,2,8,3
202300001500,2023-06-10 12:45:00,2023,6,10,12,45,61,61279,D101 PR1+730,48.405321,-0.003958,Plein jour,Hors agglomération,Intersection en X,Temps couvert,Deux véhicules - côté,3,2,2,0,2,1,1,0,1,80,2,3,0,0,0,3,51.0,71.0,voiture,voiture,1,1,2,8,3
202300001501,2023-12-11 08:00:00,2023,12,11,8,0,32,32162,D930,43.754776,0.47842,Plein jour,Hors agglomération,Hors intersection,Normale,Sans collision,3,2,2,0,1,1,2,0,1,90,1,1,0,0,1,0,43.0,,deux_roues,,1,1,1,1,7
202300001502,2023-06-10 12:15:00,2023,6,10,12,15,22,22134,D6,48.789577,-3.401131,Plein jour,Hors agglomération,Intersection en T,Normale,Deux véhicules - côté,3,2,2,0,1,1,1,0,1,70,2,2,1,0,0,1,60.0,16.0,voiture,deux_roues,1,1,3,1,3
202300001502,2023-06-10 12:15:00,2023,6,10,12,15,22,22134,D6,48.789577,-3.401131,Plein jour,Hors agglomération,Intersection en T,Normale,Deux véhicules - côté,3,2,2,0,1,3,1,0,1,50,2,2,1,0,0,1,60.0,16.0,voiture,deux_roues,1,1,3,1,3
202300001503,2023-12-22 07:59:00,2023,12,22,7,59,09,09225,RIJOLE AVENUE DE LA,43.12139,1.62123,Crépuscule ou aube,En agglomération,Intersection en X,Pluie légère,Deux véhicules - côté,4,2, -1,-1,1,1,2,0,1,-1,2,3,2,0,0,1,53.0,33.0,voiture,deux_roues,2,2,2,2,3
202300001503,2023-12-22 07:59:00,2023,12,22,7,59,09,09225,RIJOLE AVENUE DE LA,43.12139,1.62123,Crépuscule ou aube,En agglomération,Intersection en X,Pluie légère,Deux véhicules - côté,4,2,2,0,1,1,2,0,1,50,2,3,2,0,0,1,53.0,33.0,voiture,deux_roues,2,2,2,2,3
202300001504,2023-11-09 07:45:00,2023,11,9,7,45,09,09225,RIJOLE AVENUE DE LA,43.12138,1.62114,Crépuscule ou aube,En agglomération,Intersection en X,Pluie légère,Deux véhicules - côté,4,4,2,0,1,1,2,0,1,50,2,2,1,0,0,1,43.0,46.0,voiture,deux_roues,2,2,2,2,3
202300001504,2023-11-09 07:45:00,2023,11,9,7,45,09,09225,RIJOLE AVENUE DE LA,43.12138,1.62114,Crépuscule ou aube,En agglomération,Intersection en X,Pluie légère,Deux véhicules - côté,4,-1,2,0,1,1,2,0,1,50,2,2,1,0,0,1,43.0,46.0,voiture,deux_roues,2,2,2,2,3
202300001505,2023-06-08 11:15:00,2023,6,8,11,15,13,13071,A7-Sens Marseille vers Lyon,43.41209132,5.28240711,Plein jour,Hors agglomération,Hors intersection,Normale,Deux véhicules - arrière,1,-1,2,0,1,1,1,1,1,90,2,2,1,0,1,0,61.0,40.0,voiture,voiture,1,1,1,1,2
202300001506,2023-12-20 07:20:00,2023,12,20,7,20,68,68376,Rue Pasteur,47.823391,7.334271,Nuit avec éclairage allumé,En agglomération,Intersection en X,Normale,Deux véhicules - côté,4,2,2,0,1,1,2,9,8,50,2,2,1,0,1,0,27.0,61.0,deux_roues,utilitaire_camion,5,2,2,1,3
202300001506,2023-12-20 07:20:00,2023,12,20,7,20,68,68376,Rue Pasteur,47.823391,7.334271,Nuit avec éclairage allumé,En agglomération,Intersection en X,Normale,Deux véhicules - côté,4,2,2,0,1,1,1,9,1,30,2,2,1,0,1,0,27.0,61.0,deux_roues,utilitaire_camion,5,2,2,1,3
202300001507,2023-06-08 07:08:00,2023,6,8,7,8,13,13211,A50-Sens Marseille vers Aubagne,43.295,5.464,Plein jour,Hors agglomération,Hors intersection,Normale,Trois véhicules et plus - en chaîne,1,1,3,0,1,2,1,0,1,90,3,3,1,0,0,2,42.0,29.0,voiture,voiture,1,1,1,1,4
202300001508,2023-12-19 18:00:00,2023,12,19,18,0,74,74281,PRES VERTS (AVENUE DES),46.38084,6.4955,Nuit avec éclairage allumé,En agglomération,Intersection en X,Normale,Autre collision,4,2,3,2,1,1,1,0,4,50,2,2,1,1,0,0,17.0,43.0,deux_roues,voiture,5,2,2,1,6
202300001508,2023-12-19 18:00:00,2023,12,19,18,0,74,74281,PRES VERTS (AVENUE DES),46.38084,6.4955,Nuit avec éclairage allumé,En agglomération,Intersection en X,Normale,Autre collision,4,2,3,2,1,1,1,0,4,50,2,2,1,1,0,0,17.0,43.0,deux_roues,voiture,5,2,2,1,6
202300001509,2023-06-09 19:50:00,2023,6,9,19,50,33,33063,ROCADE A 630,44.880115,-0.537914,Plein jour,Hors agglomération,Hors intersection,Normale,Deux véhicules - arrière,1,3,3,0,3,1,1,2,1,70,2,2,1,0,0,1,31.0,50.0,voiture,voiture,1,1,1,1,2
202300001510,2023-12-19 16:55:00,2023,12,19,16,55,69,69256,Avenue Roger Salengro,45.76276,4.92942,Nuit avec éclairage allumé,En agglomération,Passage à niveau,Normale,Deux véhicules - côté,4,2,3,1,1,1,2,4,6,30,2,2,1,0,1,0,41.0,52.0,transport_commun,deux_roues,5,2,8,1,3
202300001510,2023-12-19 16:55:00,2023,12,19,16,55,69,69256,Avenue Roger Salengro,45.76276,4.92942,Nuit avec éclairage allumé,En agglomération,Passage à niveau,Normale,Deux véhicules - côté,4,2,3,3,1,1,1,4,6,50,2,2,1,0,1,0,41.0,52.0,transport_commun,deux_roues,5,2,8,1,3
202300001511,2023-06-09 13:35:00,2023,6,9,13,35,33,33063,ROCADE A 630,44.88007,-0.53803,Plein jour,Hors agglomération,Hors intersection,Normale,Autre collision,1,3,6,0,3,1,1,2,1,70,1,1,0,0,0,1,61.0,,deux_roues,,1,1,1,1,6
202300001512,2023-09-22 14:12:00,2023,9,22,14,12,63,63113,FONTAINE (PLACE DE LA),45.79115,3.11346,Plein jour,En agglomération,Passage à niveau,Normale,Deux véhicules - côté,4,2,2,-1,1,1,1,4,1,30,2,3,2,0,0,1,42.0,23.0,transport_commun,voiture,1,2,8,1,3
202300001512,2023-09-22 14:12:00,2023,9,22,14,12,63,63113,FONTAINE (PLACE DE LA),45.79115,3.11346,Plein jour,En agglomération,Passage à niveau,Normale,Deux véhicules - côté,4,2,4,3,1,1,1,4,6,50,2,3,2,0,0,1,42.0,23.0,transport_commun,voiture,1,2,8,1,3
202300001513,2023-06-09 17:00:00,2023,6,9,17,0,94,94003,A6A,48.79947061,2.34226962,Plein jour,Hors agglomération,Hors intersection,Normale,Deux véhicules - arrière,1,1,3,0,1,1,1,0,1,90,2,3,2,0,0,1,22.0,52.0,voiture,utilitaire_camion,1,1,1,1,2
202300001514,2023-09-13 12:05:00,2023,9,13,12,5,63,63113,BARBUSSE (RUE HENRI),45.78253153,3.08940589,Plein jour,En agglomération,Hors intersection,Normale,Autre collision,4,2,2,1,1,1,1,8,1,50,1,2,1,0,0,1,28.0,,utilitaire_camion,,1,2,1,1,6
202300001515,2023-06-08 21:30:00,2023,6,8,21,30,91,91471,RN 118,48.71558,2.17441,Crépuscule ou aube,Hors agglomération,Hors intersection,Normale,Deux véhicules - côté,3,3,1,0,2,2,1,0,1,90,2,2,1,0,0,1,,31.0,voiture,deux_roues,2,1,1,1,3
202300001516,2023-09-10 20:20:00,2023,9,10,20,20,63,63113,rue du Clos Notre Dame)/ rue du Belloy,45.78476,3.08006,Nuit avec éclairage allumé,En agglomération,Intersection en Y,Normale,Deux véhicules - côté,7,2,2,0,2,1,1,0,1,30,2,2,1,0,1,0,35.0,,deux_roues,voiture,5,2,4,1,3
202300001516,2023-09-10 20:20:00,2023,9,10,20,20,63,63113,rue du Clos Notre Dame)/ rue du Belloy,45.78476,3.08006,Nuit avec éclairage allumé,En agglomération,Intersection en Y,Normale,Deux véhicules - côté,7,2,2,0,1,1,1,0,1,50,2,2,1,0,1,0,35.0,,deux_roues,voiture,5,2,4,1,3
202300001517,2023-06-08 21:20:00,2023,6,8,21,20,91,91471,RN 118,48.71558,2.17441,Nuit sans éclairage public,Hors agglomération,Hors intersection,Normale,Sans collision,3,3,1,0,2,2,1,0,1,110,1,1,0,0,0,1,31.0,,deux_roues,,3,1,1,1,7
202300001518,2023-09-03 20:40:00,2023,9,3,20,40,63,63113,SALFORD (PLACE),45.779,3.09198,Crépuscule ou aube,En agglomération,Place,Normale,Deux véhicules - côté,4,2,4,3,1,1,1,0,1,30,2,2,1,0,0,1,,20.0,voiture,deux_roues,2,2,7,1,3
202300001519,2023-06-09 14:50:00,2023,6,9,14,50,78,78297,RN12,48.790204,2.058478,Plein jour,Hors agglomération,Hors intersection,Normale,Sans collision,2,1,2,0,1,1,1,0,1,90,1,1,0,0,0,1,54.0,,deux_roues,,1,1,1,1,7
202300001520,2023-06-29 08:30:00,2023,6,29,8,30,63,63063,VERTE (RUE),45.83803,3.1211,Plein jour,En agglomération,Hors intersection,Normale,Deux véhicules - arrière,7,-1,2,0,1,1,1,0,1,50,2,3,2,0,0,1,28.0,49.0,voiture,utilitaire_camion,1,2,1,1,2
202300001521,2023-12-21 08:10:00,2023,12,21,8,10,93,93046,Avenue Charles de Gaulle / Av du Consul General Nordling,48.916512,2.531596,Plein jour,En agglomération,Intersection en X,Normale,Autre collision,3,1,2,3,1,1,1,5,1,50,1,2,1,0,0,1,40.0,,voiture,,1,2,2,1,6
202300001521,2023-12-21 08:10:00,2023,12,21,8,10,93,93046,Avenue Charles de Gaulle / Av du Consul General Nordling,48.916512,2.531596,Plein jour,En agglomération,Intersection en X,Normale,Autre collision,3,3,4,0,1,1,1,5,1,50,1,2,1,0,0,1,40.0,,voiture,,1,2,2,1,6
202300001522,2023-06-09 11:00:00,2023,6,9,11,0,92,92050,A86,48.906247,2.210398,Plein jour,Hors agglomération,Hors intersection,Normale,Trois véhicules et plus - en chaîne,1,-1,3,0,1,1,1,0,1,90,3,6,2,0,0,4,35.0,45.0,utilitaire_camion,voiture,1,1,1,1,4
202300001523,2023-12-18 08:00:00,2023,12,18,8,0,93,93077,Rue André Leuret,48.885055,2.508672,Crépuscule ou aube,En agglomération,Hors intersection,Normale,Autre collision,4,1,1,0,1,1,1,0,1,30,1,2,1,0,0,1,47.0,,voiture,,2,2,1,1,6
202300001524,2023-12-10 16:15:00,2023,12,10,16,15,93,93070,Avenue Gabriel Péri,48.907096,2.33217,Crépuscule ou aube,En agglomération,Hors intersection,Pluie légère,Deux véhicules - côté,3,2,2,2,1,1,2,0,1,50,2,2,0,0,0,2,37.0,41.0,voiture,deux_roues,2,2,1,2,3
202300001525,2023-06-09 12:00:00,2023,6,9,12,0,93,93007,AUTOROUTE A1,48.94661725,2.44182927,Plein jour,Hors agglomération,Hors intersection,Normale,Trois véhicules et plus - collisions multiples,1,3,4,0,1,1,1,1,1,110,3,4,2,0,2,0,59.0,35.0,deux_roues,voiture,1,1,1,1,5
202300001526,2023-12-15 15:57:00,2023,12,15,15,57,13,13211,A50-Sens Aubagne vers Marseille,43.29480696,5.46431796,Plein jour,En agglomération,Hors intersection,Normale,Autre collision,1,1,3,0,2,2,1,0,1,90,3,3,2,0,0,1,27.0,38.0,deux_roues,voiture,1,2,1,1,6
202300001527,2023-06-09 09:15:00,2023,6,9,9,15,92,92078,AUTOROUTE A86,48.9311293,2.32352796,Plein jour,Hors agglomération,Hors intersection,Normale,Sans collision,1,3,3,0,2,2,1,0,1,90,1,1,0,0,0,1,25.0,,deux_roues,,1,1,1,1,7
202300001528,2023-06-08 18:30:00,2023,6,8,18,30,93,93008,AUTOROUTE A86,48.90828831,2.45147679,Plein jour,Hors agglomération,Hors intersection,Normale,Deux véhicules - côté,1,3,8,0,1,1,1,1,1,90,2,2,1,0,0,1,43.0,35.0,voiture,deux_roues,1,1,1,1,3
202300001529,2023-12-14 13:20:00,2023,12,14,13,20,60,60196,autoroute A16  pk r055+200 sens P/B,49.285499,2.07427,Plein jour,Hors agglomération,Hors intersection,Normale,Deux véhicules - côté,1,3,2,0,1,1,1,0,1,130,3,3,2,0,1,0,,60.0,voiture,deux_roues,1,1,1,1,3
202300001530,2023-12-01 04:35:00,2023,12,1,4,35,60,60009,autoroute  A 16,49.397764,2.122464,Nuit sans éclairage public,Hors agglomération,Hors intersection,Normale,Sans collision,1,1,2,0,1,1,1,0,3,130,1,1,0,0,0,1,24.0,,voiture,,3,1,1,1,7
202300001531,2023-06-08 17:10:00,2023,6,8,17,10,93,93027,AUTOROUTE A1,48.9344735,2.39765242,Plein jour,Hors agglomération,Hors intersection,Normale,Deux véhicules - côté,1,3,8,0,1,1,1,0,1,90,2,2,1,0,0,1,40.0,39.0,voiture,deux_roues,1,1,1,1,3
202300001532,2023-12-22 12:05:00,2023,12,22,12,5,76,76540,EUROPE. BOULEVARD DE L',49.43236,1.07875,Plein jour,En agglomération,Intersection en X,Vent fort / tempête,Deux véhicules - côté,4,2,2,0,1,1,1,0,1,50,2,2,1,0,0,1,38.0,48.0,voiture,deux_roues,1,2,2,6,3
202300001532,2023-12-22 12:05:00,2023,12,22,12,5,76,76540,EUROPE. BOULEVARD DE L',49.43236,1.07875,Plein jour,En agglomération,Intersection en X,Vent fort / tempête,Deux véhicules - côté,4,3,4,0,1,3,1,0,1,50,2,2,1,0,0,1,38.0,48.0,voiture,deux_roues,1,2,2,6,3