accident_id,datetime,annee,mois,jour,heure,minute,departement,commune_insee,adresse,latitude,longitude,luminosite,agglomeration,intersection,meteo,collision,catr,circ,nbv,vosp,prof,plan,surf,infra,situ,vma,nb_vehicules,nb_usagers,nb_indemnes,nb_tues,nb_blesses_hosp,nb_blesses_legers,age_cond_1,age_cond_2,veh_type_cond_1,veh_type_cond_2,lum_code,agg_code,int_code,atm_code,col_code
202300001599,2023-06-07 15:00:00,2023,6,7,15,0,88,88415,RUE DU VELODROME,48.01229,6.60639,Plein jour,En agglomération,Hors intersection,Normale,Deux véhicules - côté,4,2,1,0,1,3,1,0,1,30,2,2,1,0,0,1,72.0,14.0,voiture,deux_roues,1,2,1,1,3
202300001600,2023-12-14 08:10:00,2023,12,14,8,10,09,09225,MIREPOIX ROUTE DE,43.10426,1.62325,Plein jour,En agglomération,Hors intersection,Pluie légère,Autre collision,3,2,2,0,1,1,2,0,1,50,1,2,1,0,0,1,56.0,,voiture,,1,2,1,2,6
202300001601,2023-06-07 15:41:00,2023,6,7,15,41,87,87085,FOUGERAS (RUE DE),45.86756152,1.29466585,Plein jour,En agglomération,Intersection en T,Normale,Deux véhicules - arrière,3,4,5,0,1,1,1,0,1,50,2,2,1,0,0,1,34.0,58.0,voiture,voiture,1,2,3,1,2
202300001601,2023-06-07 15:41:00,2023,6,7,15,41,87,87085,FOUGERAS (RUE DE),45.86756152,1.29466585,Plein jour,En agglomération,Intersection en T,Normale,Deux véhicules - arrière,3,2,2,0,1,1,1,0,1,50,2,2,1,0,0,1,34.0,58.0,voiture,voiture,1,2,3,1,2
202300001602,2023-12-09 07:05:00,2023,12,9,7,5,09,09225,RIJOLE AVENUE DE LA,43.12407,1.62078,Nuit sans éclairage public,En agglomération,Intersection en T,Normale,Deux véhicules - côté,4,2,2,0,1,1,1,0,1,50,2,3,0,0,0,3,19.0,18.0,voiture,voiture,3,2,3,1,3
202300001602,2023-12-09 07:05:00,2023,12,9,7,5,09,09225,RIJOLE AVENUE DE LA,43.12407,1.62078,Nuit sans éclairage public,En agglomération,Intersection en T,Normale,Deux véhicules - côté,4,2,2,0,1,1,1,0,1,50,2,3,0,0,0,3,19.0,18.0,voiture,voiture,3,2,3,1,3
202300001603,2023-06-07 10:50:00,2023,6,7,10,50,83,83137,15EME CORPS (AVE DU),43.12856,5.91363,Plein jour,En agglomération,Hors intersection,Normale,Autre collision,7,2,2,0,1,1,1,0,1,50,1,2,1,0,1,0,28.0,,utilitaire_camion,,1,2,1,1,6
202300001604,2023-12-05 06:40:00,2023,12,5,6,40,09,09225,ROUTE NATIONALE 20,43.10662155,1.63226634,Nuit sans éclairage public,Hors agglomération,Hors intersection,Autre,Autre collision,2,3,2,3,1,1,2,0,3,110,1,1,0,0,0,1,28.0,,utilitaire_camion,,3,1,1,9,6
202300001605,2023-06-08 19:25:00,2023,6,8,19,25,79,79191,,46.31095,-0.49216,Plein jour,En agglomération,Hors intersection,Normale,Sans collision,4,2,2,1,1,2,1,0,5,50,1,1,0,0,1,0,25.0,,deux_roues,,1,2,1,1,7
202300001606,2023-06-08 09:35:00,2023,6,8,9,35,78,78133,Route de Mantes,48.90578,2.049943,Plein jour,En agglomération,Autre intersection,Normale,Deux véhicules - côté,3,1,1,1,1,3,1,9,5,30,2,2,1,0,0,1,24.0,18.0,voiture,deux_roues,1,2,9,1,3
202300001607,2023-12-27 19:59:00,2023,12,27,19,59,38,38053,Rue Theophile Diederichs,45.58998,5.27632,Nuit avec éclairage allumé,En agglomération,Intersection en T,Normale,Deux véhicules - côté,4,2,2,0,1,1,1,0,1,50,2,3,1,0,1,1,20.0,50.0,deux_roues,utilitaire_camion,5,2,3,1,3
202300001607,2023-12-27 19:59:00,2023,12,27,19,59,38,38053,Rue Theophile Diederichs,45.58998,5.27632,Nuit avec éclairage allumé,En agglomération,Intersection en T,Normale,Deux véhicules - côté,4,2,2,0,1,1,1,0,1,50,2,3,1,0,1,1,20.0,50.0,deux_roues,utilitaire_camion,5,2,3,1,3
202300001608,2023-12-23 20:10:00,2023,12,23,20,10,38,38053,Avenue Henri Barbusse,45.5939,5.26998,Nuit avec éclairage allumé,En agglomération,Giratoire,Normale,Deux véhicules - côté,4,3,1,1,1,3,1,0,1,50,2,2,1,0,0,1,35.0,16.0,voiture,deux_roues,5,2,6,1,3
202300001609,2023-12-23 18:17:00,2023,12,23,18,17,38,38053,Avenue Henri Barbusse,45.58402,5.28939,Nuit avec éclairage allumé,En agglomération,Hors intersection,Normale,Deux véhicules - côté,3,2,4,-1,1,1,1,-1,1,-1,2,2,1,0,0,1,16.0,35.0,deux_roues,voiture,5,2,1,1,3
202300001610,2023-06-08 16:30:00,2023,6,8,16,30,77,77350,D471,48.77647956,2.7089081,Plein jour,Hors agglomération,Hors intersection,Normale,Autre collision,3,2,2,0,1,1,1,0,1,80,3,3,1,0,0,2,46.0,60.0,voiture,utilitaire_camion,1,1,1,1,6
202300001611,2023-10-23 09:00:00,2023,10,23,9,0,38,38185,RUE LESDIGUIÈRES,45.18773,5.72914,Plein jour,En agglomération,Intersection en X,Pluie légère,Autre collision,7,1,1,2,1,1,2,5,8,30,1,2,1,0,1,0,34.0,,voiture,,1,2,2,2,6
202300001611,2023-10-23 09:00:00,2023,10,23,9,0,38,38185,RUE LESDIGUIÈRES,45.18773,5.72914,Plein jour,En agglomération,Intersection en X,Pluie légère,Autre collision,7,2,2,3,1,1,2,5,1,30,1,2,1,0,1,0,34.0,,voiture,,1,2,2,2,6
202300001612,2023-06-08 16:25:00,2023,6,8,16,25,77,77350,RUE LAVOISIER,48.76806,2.68239,Plein jour,En agglomération,Autre intersection,Normale,Autre collision,4,2,2,0,1,1,1,0,4,50,1,2,1,0,0,1,37.0,,utilitaire_camion,,1,2,9,1,6
202300001613,2023-11-17 19:15:00,2023,11,17,19,15,83,83126,QUATRE SEPTEMBRE (BD DU),43.10293,5.87427,Crépuscule ou aube,En agglomération,Intersection en X,Normale,Deux véhicules - côté,4,2,2,0,1,1,1,5,1,50,2,2,1,0,1,0,36.0,20.0,voiture,deux_roues,2,2,2,1,3
202300001613,2023-11-17 19:15:00,2023,11,17,19,15,83,83126,QUATRE SEPTEMBRE (BD DU),43.10293,5.87427,Crépuscule ou aube,En agglomération,Intersection en X,Normale,Deux véhicules - côté,4,2,2,0,1,1,1,5,1,50,2,2,1,0,1,0,36.0,20.0,voiture,deux_roues,2,2,2,1,3
202300001614,2023-06-08 16:50:00,2023,6,8,16,50,77,77058,BOULEVARD PIERRE MENDES FRANCE,48.83341146,2.7089952,Plein jour,En agglomération,Intersection en X,Normale,Autre collision,3,2,2,0,1,1,1,0,1,50,1,2,1,0,0,1,34.0,,voiture,,1,2,2,1,6
202300001614,2023-06-08 16:50:00,2023,6,8,16,50,77,77058,BOULEVARD PIERRE MENDES FRANCE,48.83341146,2.7089952,Plein jour,En agglomération,Intersection en X,Normale,Autre collision,3,2,2,0,1,1,1,0,1,50,1,2,1,0,0,1,34.0,,voiture,,1,2,2,1,6
202300001615,2023-06-07 13:40:00,2023,6,7,13,40,77,77438,D934,48.866722,2.676105,Plein jour,Hors agglomération,Hors intersection,Normale,Deux véhicules - arrière,3,3,2,0,1,1,1,0,1,90,2,2,1,1,0,0,29.0,39.0,deux_roues,utilitaire_camion,1,1,1,1,2
202300001616,2023-12-08 06:50:00,2023,12,8,6,50,13,13001,GARDANNE (ROUTE DE ),43.49350925,5.40591717,Nuit avec éclairage allumé,En agglomération,Intersection en Y,Pluie forte,Deux véhicules - côté,1,2,2,0,1,1,2,3,8,90,2,2,1,0,0,1,20.0,34.0,utilitaire_camion,voiture,5,2,4,3,3
202300001616,2023-12-08 06:50:00,2023,12,8,6,50,13,13001,GARDANNE (ROUTE DE ),43.49350925,5.40591717,Nuit avec éclairage allumé,En agglomération,Intersection en Y,Pluie forte,Deux véhicules - côté,1,2,2,0,1,1,2,3,1,50,2,2,1,0,0,1,20.0,34.0,utilitaire_camion,voiture,5,2,4,3,3
202300001617,2023-06-06 15:30:00,2023,6,6,15,30,76,76351,RENE CANCE,49.50373,0.14793,Plein jour,En agglomération,Hors intersection,Normale,Autre collision,4,2,2,0,2,1,1,0,1,50,1,2,1,0,0,1,41.0,,voiture,,1,2,1,1,6
202300001618,2023-10-12 12:00:00,2023,10,12,12,0,32,32426,D129,43.487566,0.604415,Plein jour,Hors agglomération,Hors intersection,Temps éblouissant,Deux véhicules - côté,3,2,2,0,2,4,1,0,5,80,2,2,1,0,0,1,67.0,64.0,voiture,deux_roues,1,1,1,7,3
202300001619,2023-10-26 08:00:00,2023,10,26,8,0,32,32462,3 Rue de la République,43.758129,0.303757,Nuit avec éclairage allumé,En agglomération,Hors intersection,Pluie forte,Autre collision,4,2,2,0,1,1,2,0,1,30,1,2,1,0,1,0,61.0,,voiture,,5,2,1,3,6
202300001620,2023-06-07 12:15:00,2023,6,7,12,15,72,72181,DEMORIEUX PAIRS-ROCADE A RP D'ALLONNES,47.98432,0.17765,Plein jour,En agglomération,Autre intersection,Normale,Deux véhicules - côté,4,2,2,1,1,1,1,0,5,50,2,2,1,0,0,1,26.0,30.0,deux_roues,utilitaire_camion,1,2,9,1,3
202300001621,2023-10-24 15:30:00,2023,10,24,15,30,62,62654,Chemin exploitation,50.91400471,1.74475551,Plein jour,Hors agglomération,Intersection en T,Normale,Sans collision,3,2,2,0,1,1,1,0,1,-1,1,1,0,1,0,0,74.0,,deux_roues,,1,1,3,1,7
202300001621,2023-10-24 15:30:00,2023,10,24,15,30,62,62654,Chemin exploitation,50.91400471,1.74475551,Plein jour,Hors agglomération,Intersection en T,Normale,Sans collision,3,2, -1,0,1,1,1,0,1,-1,1,1,0,1,0,0,74.0,,deux_roues,,1,1,3,1,7
202300001622,2023-06-08 11:20:00,2023,6,8,11,20,71,71076,SAINT EXUPERY (RUE),46.80644624,4.84259427,Plein jour,En agglomération,Hors intersection,Normale,Autre collision,4,2,2,0,1,1,1,0,1,50,1,2,1,0,1,0,36.0,,voiture,,1,2,1,1,6
202300001623,2023-02-04 14:55:00,2023,2,4,14,55,62,62497,Rue Séraphin Cordier,50.44824,3.05885,Plein jour,Hors agglomération,Hors intersection,Normale,Sans collision,4,2, -1,-1,1,1,1,0,1,-1,1,1,0,1,0,0,57.0,,deux_roues,,1,1,1,1,7
202300001624,2023-12-24 11:35:00,2023,12,24,11,35,88,88116,Place de la Pranziere,47.963243,6.838206,Plein jour,En agglomération,Place,Pluie légère,Deux véhicules - frontale,3,2,2,0,1,1,2,0,3,30,1,2,1,0,0,1,71.0,,voiture,,1,2,7,2,1
202300001625,2023-06-08 22:00:00,2023,6,8,22,0,69,69256,120 Avenue Gabriel Péri,45.77518,4.91419,Nuit avec éclairage allumé,En agglomération,Hors intersection,Normale,Deux véhicules - côté,4,2,2,0,1,1,1,0,1,50,2,3,2,0,0,1,27.0,18.0,voiture,deux_roues,5,2,1,1,3
202300001626,2023-06-07 17:20:00,2023,6,7,17,20,69,69029,39 Avenue du Président Salvador Allende,45.7411,4.92976,Plein jour,En agglomération,Hors intersection,Normale,Sans collision,4,2,2,0,1,1,1,0,4,50,1,1,0,0,0,1,26.0,,deux_roues,,1,2,1,1,7
202300001627,2023-12-19 17:35:00,2023,12,19,17,35,88,88321,Rue Jules Ferry,48.35770695,5.69778085,Nuit avec éclairage allumé,En agglomération,Intersection en T,Pluie légère,Deux véhicules - côté,3,3,2,0,1,1,2,0,1,50,2,2,1,0,1,0,16.0,59.0,deux_roues,voiture,5,2,3,2,3
202300001627,2023-12-19 17:35:00,2023,12,19,17,35,88,88321,Rue Jules Ferry,48.35770695,5.69778085,Nuit avec éclairage allumé,En agglomération,Intersection en T,Pluie légère,Deux véhicules - côté,3,1,2,0,1,-1,2,0,8,50,2,2,1,0,1,0,16.0,59.0,deux_roues,voiture,5,2,3,2,3
202300001628,2023-12-08 08:54:00,2023,12,8,8,54,88,88462,Route de Gérardmer,48.03346,6.67793,Plein jour,Hors agglomération,Hors intersection,Pluie légère,Autre collision,3,2,2,0,1,1,2,0,3,90,1,1,0,0,1,0,18.0,,voiture,,1,1,1,2,6
202300001629,2023-06-07 23:20:00,2023,6,7,23,20,69,69259,Boulevard Irène Joliot Curie,45.72128,4.87416,Nuit avec éclairage allumé,En agglomération,Hors intersection,Normale,Autre collision,4,2,5,0,1,2,1,0,4,50,1,1,0,0,1,0,24.0,,deux_roues,,5,2,1,1,6
202300001630,2023-06-04 18:15:00,2023,6,4,18,15,25,25018,D73,47.383825,6.569611,Plein jour,Hors agglomération,Hors intersection,Normale,Sans collision,3,2,2,-1,2,1,1,0,1,-1,1,1,0,1,0,0,58.0,,deux_roues,,1,1,1,1,7
202300001631,2023-06-04 14:00:00,2023,6,4,14,0,25,25619,Rue Principale,46.715578,6.247964,Plein jour,Hors agglomération,Hors intersection,Normale,Sans collision,4,2,2,-1,1,1,1,0,1,-1,1,1,0,1,0,0,66.0,,deux_roues,,1,1,1,1,7
202300001632,2023-06-08 11:05:00,2023,6,8,11,5,67,67482,VAUBAN (RUE),48.58059,7.77352,Plein jour,En agglomération,Intersection en T,Normale,Deux véhicules - côté,4,2,2,1,1,1,1,0,1,30,2,2,1,0,0,1,,67.0,voiture,deux_roues,1,2,3,1,3
202300001632,2023-06-08 11:05:00,2023,6,8,11,5,67,67482,VAUBAN (RUE),48.58059,7.77352,Plein jour,En agglomération,Intersection en T,Normale,Deux véhicules - côté,4,1,1,0,1,1,1,0,1,30,2,2,1,0,0,1,,67.0,voiture,deux_roues,1,2,3,1,3
202300001633,2023-04-04 18:30:00,2023,4,4,18,30,59,59135,rue de watten,50.802945,2.474547,Plein jour,En agglomération,Hors intersection,Normale,Sans collision,3,2,2,-1,1,1,1,0,3,50,1,1,0,1,0,0,57.0,,deux_roues,,1,2,1,1,7
202300001634,2023-06-07 17:30:00,2023,6,7,17,30,67,67482,BUDAPEST (RUE DE),48.57064,7.77588,Plein jour,En agglomération,Intersection en T,Normale,Deux véhicules - côté,4,2,2,0,1,1,1,0,1,50,2,2,1,0,0,1,40.0,66.0,deux_roues,voiture,1,2,3,1,3
202300001634,2023-06-07 17:30:00,2023,6,7,17,30,67,67482,BUDAPEST (RUE DE),48.57064,7.77588,Plein jour,En agglomération,Intersection en T,Normale,Deux véhicules - côté,4,3,4,1,1,1,1,0,5,50,2,2,1,0,0,1,40.0,66.0,deux_roues,voiture,1,2,3,1,3
202300001635,2023-10-16 18:00:00,2023,10,16,18,0,60,60097,D981,49.322758,1.894562,Plein jour,Hors agglomération,Intersection en T,Temps éblouissant,Deux véhicules - côté,3,2,2,0,1,1,1,0,1,80,2,2,1,0,0,1,21.0,46.0,deux_roues,utilitaire_camion,1,1,3,7,3
202300001635,2023-10-16 18:00:00,2023,10,16,18,0,60,60097,D981,49.322758,1.894562,Plein jour,Hors agglomération,Intersection en T,Temps éblouissant,Deux véhicules - côté,3,2, -1,-1,1,1,1,0,1,-1,2,2,1,0,0,1,21.0,46.0,deux_roues,utilitaire_camion,1,1,3,7,3
202300001636,2023-11-15 10:15:00,2023,11,15,10,15,60,60175,RD 201,49.24452,2.4698,Plein jour,Hors agglomération,Giratoire,Normale,Deux véhicules - côté,3,1,1,1,1,3,2,0,1,50,2,2,1,0,1,0,21.0,65.0,deux_roues,voiture,1,1,6,1,3
202300001637,2023-12-13 17:55:00,2023,12,13,17,55,14,14304,D579,49.38464,0.24762,Nuit sans éclairage public,Hors agglomération,Hors intersection,Pluie légère,Deux véhicules - arrière,3,2,2,0,1,1,2,9,1,80,2,3,1,0,0,2,21.0,42.0,utilitaire_camion,voiture,3,1,1,2,2
202300001638,2023-06-05 12:50:00,2023,6,5,12,50,66,66136,,42.67874,2.852,Plein jour,En agglomération,Hors intersection,Normale,Deux véhicules - côté,4,2,2,0,1,1,1,0,1,50,2,2,1,0,1,0,34.0,26.0,deux_roues,voiture,1,2,1,1,3
202300001639,2023-11-10 23:35:00,2023,11,10,23,35,09,09225,TOULOUSE AVENUE DE,43.12024,1.61127,Nuit avec éclairage allumé,En agglomération,Intersection en T,Pluie légère,Deux véhicules - côté,4,-1,1,0,1,1,2,5,1,50,2,2,1,0,0,1,58.0,22.0,voiture,voiture,5,2,3,2,3
202300001639,2023-11-10 23:35:00,2023,11,10,23,35,09,09225,TOULOUSE AVENUE DE,43.12024,1.61127,Nuit avec éclairage allumé,En agglomération,Intersection en T,Pluie légère,Deux véhicules - côté,4,-1,2,0,1,1,2,5,1,50,2,2,1,0,0,1,58.0,22.0,voiture,voiture,5,2,3,2,3
202300001640,2023-09-07 03:35:00,2023,9,7,3,35,13,13026,A55-Sens Martigues vers Marseille,43.39021,5.1359,Nuit sans éclairage public,Hors agglomération,Hors intersection,Normale,Deux véhicules - côté,1,-1,3,0,1,1,1,0,1,110,2,3,1,0,0,2,21.0,32.0,voiture,utilitaire_camion,3,1,1,1,3
202300001641,2023-11-18 07:30:00,2023,11,18,7,30,14,14045,Route de Rouen,49.19788179,-0.13313566,Nuit sans éclairage public,Hors agglomération,Hors intersection,Pluie forte,Deux véhicules - frontale,3,2,2,0,1,1,2,0,1,90,2,3,0,0,2,1,37.0,66.0,utilitaire_camion,voiture,3,1,1,3,1
202300001642,2023-12-30 20:40:00,2023,12,30,20,40,18,18170,,47.491069,2.550915,Nuit sans éclairage public,Hors agglomération,Hors intersection,Normale,Sans collision,3,2,2,0,1,1,1,0,3,80,1,3,0,3,0,0,23.0,,voiture,,3,1,1,1,7
202300001643,2023-12-26 16:00:00,2023,12,26,16,0,18,18033,Boulevard de Juranville,47.083279,2.389038,Plein jour,En agglomération,Intersection en X,Normale,Autre collision,4,3,2,0,1,1,1,5,1,50,1,2,1,1,0,0,33.0,,transport_commun,,1,2,2,1,6
202300001643,2023-12-26 16:00:00,2023,12,26,16,0,18,18033,Boulevard de Juranville,47.083279,2.389038,Plein jour,En agglomération,Intersection en X,Normale,Autre collision,4,2, -1,-1,1,1,1,5,1,-1,1,2,1,1,0,0,33.0,,transport_commun,,1,2,2,1,6
202300001644,2023-11-19 05:15:00,2023,11,19,5,15,74,74079,1943 Route de Serraval,45.841092,6.332331,Nuit sans éclairage public,En agglomération,Hors intersection,Normale,Autre collision,3,2,2,0,2,1,1,0,3,50,1,4,3,0,1,0,22.0,,voiture,,3,2,1,1,6
202300001645,2023-12-18 10:50:00,2023,12,18,10,50,13,13063,Avenue de l’Arc En Ciel,43.596637,5.01109,Plein jour,En agglomération,Hors intersection,Normale,Autre collision,4,1,2,0,1,1,1,0,1,50,1,3,2,0,0,1,78.0,,voiture,,1,2,1,1,6
202300001646,2023-12-08 23:15:00,2023,12,8,23,15,13,13047,D.52A,43.48157,4.98168,Nuit sans éclairage public,Hors agglomération,Hors intersection,Normale,Sans collision,3,2,2,0,1,1,2,0,3,80,1,1,0,0,0,1,21.0,,voiture,,3,1,1,1,7
202300001647,2023-12-05 19:50:00,2023,12,5,19,50,13,13063,MARIUS CHALVE AVENUE,43.5797,5.00397,Nuit avec éclairage allumé,En agglomération,Hors intersection,Normale,Deux véhicules - côté,4,-1,2,0,1,3,1,0,1,50,2,3,0,0,0,3,29.0,26.0,voiture,voiture,5,2,1,1,3
202300001648,2023-12-31 08:30:00,2023,12,31,8,30,13,13213,COLIBRIS (ROND POINT DES),43.32858,5.43372,Crépuscule ou aube,En agglomération,Giratoire,Normale,Deux véhicules - côté,4,1,2,0,1,2,1,0,2,30,2,2,1,0,1,0,57.0,22.0,voiture,voiture,2,2,6,1,3
202300001648,2023-12-31 08:30:00,2023,12,31,8,30,13,13213,COLIBRIS (ROND POINT DES),43.32858,5.43372,Crépuscule ou aube,En agglomération,Giratoire,Normale,Deux véhicules - côté,4,2,4,1,1,1,1,0,1,30,2,2,1,0,1,0,57.0,22.0,voiture,voiture,2,2,6,1,3
202300001649,2023-10-23 16:50:00,2023,10,23,16,50,974,97409,CRESSONNIERE (rue de la),-20.96883,55.65712,Plein jour,En agglomération,Hors intersection,Normale,Deux véhicules - côté,3,2,2,0,1,1,1,0,1,50,2,3,2,0,0,1,15.0,33.0,deux_roues,voiture,1,2,1,1,3
202300001650,2023-10-27 16:35:00,2023,10,27,16,35,24,24139,A89 PK 108.700,45.13595276,0.61393261,Plein jour,Hors agglomération,Hors intersection,Pluie légère,Sans collision,1,3,2,0,2,3,2,0,2,110,1,3,0,0,1,2,32.0,,voiture,,1,1,1,2,7
202300001651,2023-10-26 04:15:00,2023,10,26,4,15,56,56220,Kergo,47.732216,-3.192644,Nuit sans éclairage public,Hors agglomération,Hors intersection,Normale,Sans collision,3,2,2,0,1,2,2,0,3,80,1,1,0,0,1,0,34.0,,voiture,,3,1,1,1,7
202300001652,2023-10-26 17:40:00,2023,10,26,17,40,80,80443,CD 51,49.843469,1.912276,Crépuscule ou aube,Hors agglomération,Intersection en T,Normale,Trois véhicules et plus - collisions multiples,3,-1,2,0,1,1,1,0,8,80,3,3,2,0,1,0,22.0,27.0,voiture,voiture,2,1,3,1,5
202300001652,2023-10-26 17:40:00,2023,10,26,17,40,80,80443,CD 51,49.843469,1.912276,Crépuscule ou aube,Hors agglomération,Intersection en T,Normale,Trois véhicules et plus - collisions multiples,3,2,2,0,1,1,1,0,1,80,3,3,2,0,1,0,22.0,27.0,voiture,voiture,2,1,3,1,5
202300001653,2023-10-25 11:35:00,2023,10,25,11,35,65,65025,Maison médicale - Avenue des pyrénées-,43.00621433,-0.09875625,Plein jour,En agglomération,Hors intersection,Normale,Autre collision,6,-1, -1,0,1,1,1,0,8,30,1,2,1,0,0,1,82.0,,voiture,,1,2,1,1,6
202300001654,2023-09-26 01:50:00,2023,9,26,1,50,12,12264,D988,44.416977,2.656685,Nuit sans éclairage public,Hors agglomération,Hors intersection,Normale,Autre collision,3,2,2,0,1,2,1,0,3,90,1,2,0,0,1,1,30.0,,voiture,,3,1,1,1,6
202300001655,2023-10-27 06:48:00,2023,10,27,6,48,71,71133,D985,46.279284,4.30001,Nuit sans éclairage public,Hors agglomération,Hors intersection,Normale,Trois véhicules et plus - collisions multiples,3,2,2,0,2,4,2,0,1,80,3,3,2,0,1,0,22.0,48.0,voiture,utilitaire_camion,3,1,1,1,5
202300001656,2023-09-25 10:50:00,2023,9,25,10,50,22,22341,RN12,48.39929,-2.40712,Plein jour,Hors agglomération,Hors intersection,Normale,Deux véhicules - arrière,2,3,4,0,1,1,1,0,1,110,2,5,4,0,1,0,43.0,61.0,voiture,voiture,1,1,1,1,2
202300001657,2023-10-26 18:05:00,2023,10,26,18,5,71,71412,ROUTE NATIONALE 70,46.727444,4.458663,Crépuscule ou aube,Hors agglomération,Hors intersection,Pluie légère,Trois véhicules et plus - en chaîne,2,3,2,0,1,1,2,3,1,110,4,4,3,0,0,1,49.0,34.0,voiture,voiture,2,1,1,2,4
202300001658,2023-09-25 14:30:00,2023,9,25,14,30,22,22251,"RN12, PR 63+781, sens RENNES-BREST, LA MARE AU BUDO",48.54492,-2.82229,Plein jour,Hors agglomération,Hors intersection,Normale,Autre collision,2,3,2,0,1,1,1,2,3,110,1,2,0,0,1,1,78.0,,voiture,,1,1,1,1,6
202300001659,2023-09-07 15:45:00,2023,9,7,15,45,974,97414,avenue principale,-21.291336,55.414304,Plein jour,En agglomération,Hors intersection,Normale,Deux véhicules - côté,2,2,2,0,1,1,1,0,1,50,2,2,1,0,0,1,53.0,29.0,deux_roues,voiture,1,2,1,1,3
202300001660,2023-10-27 17:00:00,2023,10,27,17,0,63,63400,lieu dit les sources,46.061607,3.452057,Crépuscule ou aube,En agglomération,Hors intersection,Pluie légère,Deux véhicules - côté,3,2,2,0,1,1,2,0,1,50,2,4,0,0,4,0,64.0,57.0,voiture,voiture,2,2,1,2,3
202300001661,2023-09-26 08:50:00,2023,9,26,8,50,01,01357,RD 1084 / RD 55,46.172743,5.729563,Plein jour,En agglomération,Intersection en T,Normale,Deux véhicules - côté,3,2,0,0,1,4,1,0,1,50,2,3,2,0,0,1,29.0,56.0,voiture,transport_commun,1,2,3,1,3
202300001661,2023-09-26 08:50:00,2023,9,26,8,50,01,01357,RD 1084 / RD 55,46.172743,5.729563,Plein jour,En agglomération,Intersection en T,Normale,Deux véhicules - côté,3,2,2,0,4,1,1,0,1,50,2,3,2,0,0,1,29.0,56.0,voiture,transport_commun,1,2,3,1,3
202300001662,2023-10-27 18:02:00,2023,10,27,18,2,55,55153,D114,49.22452,5.517615,Crépuscule ou aube,Hors agglomération,Hors intersection,Normale,Sans collision,3,2,2,0,1,2,2,0,8,90,1,1,0,0,1,0,15.0,,deux_roues,,2,1,1,1,7
202300001663,2023-09-26 13:22:00,2023,9,26,13,22,83,83070,Avenue du Général de Gaulle,43.138698,6.370704,Plein jour,En agglomération,Hors intersection,Normale,Deux véhicules - arrière,4,1,1,0,1,1,1,0,1,50,2,2,1,0,1,0,75.0,69.0,voiture,deux_roues,1,2,1,1,2
202300001664,2023-10-26 13:00:00,2023,10,26,13,0,46,46268,RIVIERE BASSE D662,44.465266,1.599401,Plein jour,Hors agglomération,Hors intersection,Pluie forte,Autre collision,3,2,2,0,1,2,2,0,1,80,1,1,0,0,1,0,19.0,,voiture,,1,1,1,3,6
202300001665,2023-09-25 13:30:00,2023,9,25,13,30,08,08001,RN 51,49.500145,4.353182,Plein jour,Hors agglomération,Hors intersection,Normale,Sans collision,2,3,2,0,1,1,1,0,1,110,1,1,0,0,0,1,18.0,,voiture,,1,1,1,1,7
202300001666,2023-10-27 07:05:00,2023,10,27,7,5,47,47274,D813,44.14413073,0.77814109,Crépuscule ou aube,En agglomération,Hors intersection,Pluie légère,Deux véhicules - frontale,3,2,2,0,1,1,2,0,1,80,2,2,1,1,0,0,37.0,57.0,utilitaire_camion,voiture,2,2,1,2,1
202300001667,2023-09-23 18:30:00,2023,9,23,18,30,47,47034,Le Clavier,44.38606343,0.10384168,Plein jour,En agglomération,Hors intersection,Normale,Sans collision,3,2,2,0,1,1,1,0,3,30,1,1,0,0,0,1,17.0,,deux_roues,,1,2,1,1,7
202300001668,2023-10-26 06:30:00,2023,10,26,6,30,25,25411,Rue Pasteur,47.05554,6.602975,Nuit avec éclairage allumé,En agglomération,Hors intersection,Pluie légère,Autre collision,3,1,2,0,1,1,2,0,1,30,1,2,1,0,1,0,55.0,,voiture,,5,2,1,2,6
202300001669,2023-09-25 18:35:00,2023,9,25,18,35,41,41274,D917,47.765457,0.902306,Plein jour,Hors agglomération,Hors intersection,Normale,Deux véhicules - côté,3,2,2,0,1,2,1,0,1,80,2,3,2,0,0,1,46.0,51.0,voiture,voiture,1,1,1,1,3
202300001670,2023-09-07 08:12:00,2023,9,7,8,12,34,34192,Rue Sire de Joinville,43.530314,3.936791,Plein jour,En agglomération,Intersection en Y,Normale,Deux véhicules - côté,4,2,2,2,1,3,1,0,5,30,2,2,1,0,1,0,81.0,38.0,deux_roues,voiture,1,2,4,1,3
202300001670,2023-09-07 08:12:00,2023,9,7,8,12,34,34192,Rue Sire de Joinville,43.530314,3.936791,Plein jour,En agglomération,Intersection en Y,Normale,Deux véhicules - côté,4,2,2,-1,1,1,1,0,5,-1,2,2,1,0,1,0,81.0,38.0,deux_roues,voiture,1,2,4,1,3
202300001671,2023-09-26 07:45:00,2023,9,26,7,45,30,30196,RD5,44.090791,4.534607,Plein jour,Hors agglomération,Hors intersection,Normale,Deux véhicules - frontale,3,2,2,0,2,2,1,0,1,80,2,2,0,0,1,1,37.0,38.0,voiture,utilitaire_camion,1,1,1,1,1
202300001672,2023-10-26 13:50:00,2023,10,26,13,50,38,38287,Route du Bourg,45.420892,5.469805,Plein jour,En agglomération,Hors intersection,Temps couvert,Deux véhicules - frontale,3,2,2,0,1,3,2,9,1,30,2,4,1,0,3,0,60.0,48.0,voiture,voiture,1,2,1,8,1