accident_id,datetime,annee,mois,jour,heure,minute,departement,commune_insee,adresse,latitude,longitude,luminosite,agglomeration,intersection,meteo,collision,catr,circ,nbv,vosp,prof,plan,surf,infra,situ,vma,nb_vehicules,nb_usagers,nb_indemnes,nb_tues,nb_blesses_hosp,nb_blesses_legers,age_cond_1,age_cond_2,veh_type_cond_1,veh_type_cond_2,lum_code,agg_code,int_code,atm_code,col_code
202300001673,2023-09-25 21:00:00,2023,9,25,21,0,69,69100,Rue du Vieux Port,45.680332,4.83017,Nuit avec éclairage allumé,Hors agglomération,Hors intersection,Normale,Trois véhicules et plus - en chaîne,7,2,2,2,1,1,1,0,1,70,3,4,2,0,0,2,59.0,41.0,voiture,voiture,5,1,1,1,4
202300001674,2023-10-27 17:00:00,2023,10,27,17,0,02,02810,Route Nationale 2,49.271277,3.141918,Plein jour,Hors agglomération,Hors intersection,Temps couvert,Autre collision,2,3,0,0,1,1,1,0,3,110,1,1,0,0,0,1,19.0,,voiture,,1,1,1,8,6
202300001675,2023-09-25 18:20:00,2023,9,25,18,20,30,30034,,43.759712,4.495243,Plein jour,Hors agglomération,Hors intersection,Normale,Deux véhicules - côté,3,2,3,0,1,1,1,0,1,90,2,2,0,0,0,2,66.0,27.0,voiture,voiture,1,1,1,1,3
202300001676,2023-10-20 16:45:00,2023,10,20,16,45,14,14098,38 Rue de Secqueville à Putot,49.216322,-0.546184,Plein jour,Hors agglomération,Intersection en X,Normale,Sans collision,3,2,2,0,1,1,1,0,1,90,2,2,1,0,0,1,54.0,21.0,voiture,deux_roues,1,1,2,1,7
202300001676,2023-10-20 16:45:00,2023,10,20,16,45,14,14098,38 Rue de Secqueville à Putot,49.216322,-0.546184,Plein jour,Hors agglomération,Intersection en X,Normale,Sans collision,3,2,2,0,1,1,1,0,1,90,2,2,1,0,0,1,54.0,21.0,voiture,deux_roues,1,1,2,1,7
202300001677,2023-09-22 14:00:00,2023,9,22,14,0,56,56184,kerjuhel,47.705134,-2.434491,Plein jour,Hors agglomération,Hors intersection,Normale,Autre collision,4,2,2,0,2,1,1,0,1,80,1,2,1,0,1,0,71.0,,voiture,,1,1,1,1,6
202300001678,2023-09-26 08:10:00,2023,9,26,8,10,2B,2B218,T50,42.21224516,9.34026718,Plein jour,Hors agglomération,Hors intersection,Temps éblouissant,Autre collision,2,2,2,0,2,1,1,0,8,80,1,1,0,0,1,0,19.0,,utilitaire_camion,,1,1,1,7,6
202300001679,2023-10-26 22:00:00,2023,10,26,22,0,50,50394,D900/D24,49.191352,-1.427107,Nuit sans éclairage public,Hors agglomération,Giratoire,Pluie forte,Trois véhicules et plus - collisions multiples,3,2,2,0,1,1,2,5,8,80,1,1,0,0,1,0,33.0,,voiture,,3,1,6,3,5
202300001679,2023-10-26 22:00:00,2023,10,26,22,0,50,50394,D900/D24,49.191352,-1.427107,Nuit sans éclairage public,Hors agglomération,Giratoire,Pluie forte,Trois véhicules et plus - collisions multiples,3,2,2,0,1,1,2,5,3,80,1,1,0,0,1,0,33.0,,voiture,,3,1,6,3,5
202300001680,2023-09-26 17:40:00,2023,9,26,17,40,2B,2B318,Terra Rossa,42.43471,9.520399,Plein jour,Hors agglomération,Hors intersection,Normale,Autre collision,2,2,2,0,1,1,1,0,3,80,1,1,0,0,0,1,29.0,,voiture,,1,1,1,1,6
202300001681,2023-10-27 15:10:00,2023,10,27,15,10,50,50484,132 Rue de Paris,48.576636,-1.085764,Plein jour,En agglomération,Intersection en T,Pluie légère,Deux véhicules - côté,3,2,2,0,1,1,2,0,1,50,2,2,1,0,1,0,66.0,17.0,voiture,deux_roues,1,2,3,2,3
202300001681,2023-10-27 15:10:00,2023,10,27,15,10,50,50484,132 Rue de Paris,48.576636,-1.085764,Plein jour,En agglomération,Intersection en T,Pluie légère,Deux véhicules - côté,3,2,2,0,3,1,2,0,1,50,2,2,1,0,1,0,66.0,17.0,voiture,deux_roues,1,2,3,2,3
202300001682,2023-10-26 16:00:00,2023,10,26,16,0,45,45282,D951 PR 100 + 36,47.85628,1.815469,Plein jour,Hors agglomération,Hors intersection,Normale,Deux véhicules - frontale,3,2,2,0,1,1,1,0,1,80,2,2,1,0,1,0,36.0,86.0,voiture,voiture,1,1,1,1,1
202300001683,2023-10-27 08:00:00,2023,10,27,8,0,36,36012,Le Plaix,46.46747585,1.56460017,Crépuscule ou aube,Hors agglomération,Hors intersection,Pluie légère,Sans collision,3,2,2,0,1,1,2,0,1,80,1,1,0,0,1,0,58.0,,voiture,,2,1,1,2,7
202300001684,2023-09-25 18:08:00,2023,9,25,18,8,71,71162,Route de Beaune,46.974264,4.389746,Plein jour,Hors agglomération,Intersection en T,Normale,Deux véhicules - arrière,3,2,2,0,1,1,1,0,1,80,2,2,1,0,0,1,35.0,49.0,voiture,voiture,1,1,3,1,2
202300001684,2023-09-25 18:08:00,2023,9,25,18,8,71,71162,Route de Beaune,46.974264,4.389746,Plein jour,Hors agglomération,Intersection en T,Normale,Deux véhicules - arrière,3,2,2,0,1,1,1,0,8,80,2,2,1,0,0,1,35.0,49.0,voiture,voiture,1,1,3,1,2
202300001685,2023-10-27 08:30:00,2023,10,27,8,30,40,40243,Rue de Cournaou,43.933892,-0.931386,Plein jour,Hors agglomération,Hors intersection,Temps couvert,Deux véhicules - frontale,3,2,2,0,1,1,2,0,1,80,2,2,1,0,1,0,26.0,25.0,voiture,utilitaire_camion,1,1,1,8,1
202300001686,2023-09-24 18:56:00,2023,9,24,18,56,63,63455,D8/ chemin du moulin de la paille,45.670028,3.162378,Plein jour,En agglomération,Intersection en T,Normale,Deux véhicules - côté,3,2,2,0,1,1,1,0,1,50,2,2,1,0,1,0,56.0,35.0,deux_roues,voiture,1,2,3,1,3
202300001686,2023-09-24 18:56:00,2023,9,24,18,56,63,63455,D8/ chemin du moulin de la paille,45.670028,3.162378,Plein jour,En agglomération,Intersection en T,Normale,Deux véhicules - côté,3,2,2,-1,1,1,1,0,1,-1,2,2,1,0,1,0,56.0,35.0,deux_roues,voiture,1,2,3,1,3
202300001687,2023-10-11 07:00:00,2023,10,11,7,0,85,85078,RD25C,46.3252187,-0.7403433,Plein jour,Hors agglomération,Intersection en T,Brouillard / fumée,Deux véhicules - arrière,3,2,2,0,1,3,2,0,1,-1,2,2,1,0,0,1,50.0,16.0,utilitaire_camion,deux_roues,1,1,3,5,2
202300001687,2023-10-11 07:00:00,2023,10,11,7,0,85,85078,RD25C,46.3252187,-0.7403433,Plein jour,Hors agglomération,Intersection en T,Brouillard / fumée,Deux véhicules - arrière,3,2, -1,-1,1,3,2,0,1,-1,2,2,1,0,0,1,50.0,16.0,utilitaire_camion,deux_roues,1,1,3,5,2
202300001688,2023-09-26 18:00:00,2023,9,26,18,0,55,55181,D618,49.232816,5.660448,Plein jour,Hors agglomération,Hors intersection,Normale,Deux véhicules - frontale,3,2,2,0,1,1,1,0,1,90,2,2,0,1,0,1,50.0,64.0,voiture,deux_roues,1,1,1,1,1
202300001689,2023-09-26 18:00:00,2023,9,26,18,0,39,39471,,46.728323,5.506082,Plein jour,Hors agglomération,Hors intersection,Normale,Deux véhicules - frontale,3,2,2,0,1,2,1,0,1,80,2,2,1,0,1,0,41.0,27.0,utilitaire_camion,utilitaire_camion,1,1,1,1,1
202300001690,2023-10-27 13:30:00,2023,10,27,13,30,38,38486,Avenue Louis Vicat,45.152265,5.682554,Plein jour,En agglomération,Hors intersection,Normale,Deux véhicules - côté,4,2,2,2,2,1,1,0,1,50,2,2,1,0,1,0,40.0,51.0,voiture,deux_roues,1,2,1,1,3
202300001691,2023-10-24 05:15:00,2023,10,24,5,15,30,30125,Autoroute A54 au point kilométrique 007+600,43.775843,4.417319,Nuit sans éclairage public,Hors agglomération,Hors intersection,Normale,Autre collision,1,1,2,0,1,2,1,0,1,-1,1,1,0,0,0,1,40.0,,utilitaire_camion,,3,1,1,1,6
202300001692,2023-09-25 08:45:00,2023,9,25,8,45,29,29076,Lieu Dit Keravel Quinquis,48.479223,-4.557132,Plein jour,En agglomération,Hors intersection,Normale,Deux véhicules - frontale,4,2,2,0,1,2,2,0,1,50,2,5,3,0,0,2,70.0,36.0,voiture,voiture,1,2,1,1,1
202300001693,2023-09-25 19:00:00,2023,9,25,19,0,31,31303,Route de Berat,43.358402,1.212584,Plein jour,Hors agglomération,Hors intersection,Normale,Autre collision,3,2,1,0,1,1,1,0,3,80,1,3,0,0,1,2,27.0,,voiture,,1,1,1,1,6
202300001694,2023-10-26 19:35:00,2023,10,26,19,35,42,42151,Route de Montbrison,45.648458,4.108407,Nuit sans éclairage public,Hors agglomération,Hors intersection,Pluie forte,Deux véhicules - frontale,3,2,2,0,1,1,2,0,1,80,2,3,2,0,1,0,58.0,54.0,voiture,utilitaire_camion,3,1,1,3,1
202300001695,2023-09-26 07:15:00,2023,9,26,7,15,38,38517,avenue de la gare,45.300969,5.49024,Plein jour,En agglomération,Hors intersection,Normale,Autre collision,3,1,1,2,1,2,1,0,1,50,1,2,1,0,0,1,20.0,,utilitaire_camion,,1,2,1,1,6
202300001696,2023-10-26 14:39:00,2023,10,26,14,39,95,95658,D14,49.08193374,1.93337917,Plein jour,Hors agglomération,Hors intersection,Temps couvert,Sans collision,3,3,2,0,1,1,1,0,1,110,1,1,0,0,1,0,31.0,,deux_roues,,1,1,1,8,7
202300001697,2023-10-27 13:20:00,2023,10,27,13,20,91,91461,D97,48.601715,2.224259,Plein jour,En agglomération,Hors intersection,Normale,Deux véhicules - frontale,3,2,2,0,1,1,1,0,1,50,2,2,0,0,2,0,44.0,25.0,voiture,voiture,1,2,1,1,1
202300001698,2023-10-26 21:25:00,2023,10,26,21,25,34,34307,Route de Montpellier,43.70996,4.005838,Nuit sans éclairage public,Hors agglomération,Hors intersection,Pluie légère,Autre collision,3,3,2,0,1,1,2,0,1,80,1,1,0,0,1,0,54.0,,voiture,,3,1,1,2,6
202300001699,2023-07-21 16:30:00,2023,7,21,16,30,01,01263,Rue de Lyon,46.079739,4.758861,Plein jour,En agglomération,Hors intersection,Normale,Autre collision,3,2,2,0,1,1,1,0,1,50,1,2,1,0,1,0,50.0,,voiture,,1,2,1,1,6
202300001700,2023-10-27 11:00:00,2023,10,27,11,0,13,13027,Boulevard Ernest Genevet,43.887783,4.851258,Plein jour,En agglomération,Hors intersection,Temps éblouissant,Deux véhicules - frontale,3,2,2,0,1,1,1,0,1,50,1,3,2,0,1,0,56.0,,voiture,,1,2,1,7,1
202300001701,2023-10-27 14:25:00,2023,10,27,14,25,71,71384,D906,46.69335,4.870677,Plein jour,Hors agglomération,Intersection en X,Normale,Deux véhicules - côté,3,2,3,0,2,1,1,5,1,80,2,2,1,0,1,0,29.0,74.0,deux_roues,utilitaire_camion,1,1,2,1,3
202300001701,2023-10-27 14:25:00,2023,10,27,14,25,71,71384,D906,46.69335,4.870677,Plein jour,Hors agglomération,Intersection en X,Normale,Deux véhicules - côté,3,2,3,0,1,1,1,5,1,90,2,2,1,0,1,0,29.0,74.0,deux_roues,utilitaire_camion,1,1,2,1,3
202300001702,2023-09-26 11:25:00,2023,9,26,11,25,26,26166,BOULEVARD FREDERIC MISTRAL,44.75592694,4.82611653,Plein jour,Hors agglomération,Intersection en X,Normale,Trois véhicules et plus - collisions multiples,2,2,3,0,1,3,1,0,1,80,3,3,1,1,0,1,56.0,39.0,voiture,utilitaire_camion,1,1,2,1,5
202300001702,2023-09-26 11:25:00,2023,9,26,11,25,26,26166,BOULEVARD FREDERIC MISTRAL,44.75592694,4.82611653,Plein jour,Hors agglomération,Intersection en X,Normale,Trois véhicules et plus - collisions multiples,2,2,3,0,1,1,1,0,1,70,3,3,1,1,0,1,56.0,39.0,voiture,utilitaire_camion,1,1,2,1,5
202300001703,2023-09-26 10:55:00,2023,9,26,10,55,14,14478,6 Rue Guillonnière,49.022139,0.406234,Plein jour,En agglomération,Hors intersection,Normale,Autre collision,4,1,1,0,1,1,1,8,1,30,1,2,1,1,0,0,41.0,,utilitaire_camion,,1,2,1,1,6
202300001704,2023-10-27 07:10:00,2023,10,27,7,10,26,26250,Route de Romans,45.019896,4.895447,Crépuscule ou aube,Hors agglomération,Hors intersection,Normale,Deux véhicules - arrière,3,-1,2,0,1,1,2,0,3,80,2,2,1,0,1,0,23.0,60.0,deux_roues,voiture,2,1,1,1,2
202300001705,2023-09-24 21:45:00,2023,9,24,21,45,50,50197,D7,48.877728,-1.387796,Nuit sans éclairage public,Hors agglomération,Hors intersection,Normale,Sans collision,3,2,2,0,2,3,1,0,3,80,1,1,0,0,1,0,38.0,,voiture,,3,1,1,1,7
202300001706,2023-10-27 11:05:00,2023,10,27,11,5,01,01390,D 84,45.820803,5.244002,Plein jour,Hors agglomération,Intersection en X,Normale,Trois véhicules et plus - collisions multiples,3,2,2,0,1,1,1,5,1,80,4,5,1,0,1,3,59.0,28.0,voiture,utilitaire_camion,1,1,2,1,5
202300001706,2023-10-27 11:05:00,2023,10,27,11,5,01,01390,D 84,45.820803,5.244002,Plein jour,Hors agglomération,Intersection en X,Normale,Trois véhicules et plus - collisions multiples,3,2,2,0,2,1,1,5,1,70,4,5,1,0,1,3,59.0,28.0,voiture,utilitaire_camion,1,1,2,1,5
202300001707,2023-09-26 08:00:00,2023,9,26,8,0,60,60673,,49.61202432,2.14485311,Plein jour,Hors agglomération,Hors intersection,Temps éblouissant,Deux véhicules - frontale,3,2,2,0,2,1,1,0,1,80,2,3,1,0,1,1,56.0,49.0,voiture,utilitaire_camion,1,1,1,7,1
202300001708,2023-10-27 08:20:00,2023,10,27,8,20,69,69047,Descente de Ladry,45.868886,4.656744,Plein jour,Hors agglomération,Hors intersection,Normale,Autre collision,3,2,3,0,1,4,2,0,1,80,1,1,0,0,0,1,27.0,,voiture,,1,1,1,1,6
202300001709,2023-09-25 20:15:00,2023,9,25,20,15,16,16323,"D4, PK 12+700",45.621039,0.401355,Nuit sans éclairage public,Hors agglomération,Hors intersection,Normale,Autre collision,3,2,2,0,1,4,1,0,1,90,1,1,0,1,0,0,31.0,,voiture,,3,1,1,1,6
202300001710,2023-09-26 11:35:00,2023,9,26,11,35,21,21576,D26,47.375818,4.47808,Plein jour,Hors agglomération,Hors intersection,Normale,Deux véhicules - frontale,3,2,2,0,1,1,1,0,1,80,2,3,0,0,3,0,65.0,24.0,voiture,voiture,1,1,1,1,1
202300001711,2023-10-24 18:45:00,2023,10,24,18,45,60,60079,Route Départementale 922,49.14757047,2.86279041,Nuit sans éclairage public,Hors agglomération,Intersection en X,Normale,Deux véhicules - côté,3,2,2,0,1,1,1,5,1,80,2,4,3,0,0,1,65.0,20.0,voiture,voiture,3,1,2,1,3
202300001711,2023-10-24 18:45:00,2023,10,24,18,45,60,60079,Route Départementale 922,49.14757047,2.86279041,Nuit sans éclairage public,Hors agglomération,Intersection en X,Normale,Deux véhicules - côté,3,2, -1,-1,1,1,1,0,1,-1,2,4,3,0,0,1,65.0,20.0,voiture,voiture,3,1,2,1,3
202300001712,2023-09-26 13:45:00,2023,9,26,13,45,37,37050,213 Avenue du Grand Sud,47.324809,0.708374,Plein jour,En agglomération,Hors intersection,Normale,Autre collision,4,3,4,0,1,1,1,0,1,50,1,2,1,0,1,0,83.0,,voiture,,1,2,1,1,6
202300001713,2023-10-27 15:50:00,2023,10,27,15,50,80,80236,D41 PK 5.200,49.696721,2.596507,Plein jour,Hors agglomération,Hors intersection,Normale,Sans collision,3,2,2,0,2,4,1,0,1,80,1,1,0,0,0,1,35.0,,deux_roues,,1,1,1,1,7
202300001714,2023-09-25 13:00:00,2023,9,25,13,0,42,42254,A89,45.839564,4.186306,Plein jour,Hors agglomération,Hors intersection,Normale,Deux véhicules - arrière,1,2,2,0,2,1,1,0,1,130,2,3,2,0,0,1,52.0,84.0,voiture,voiture,1,1,1,1,2
202300001715,2023-10-24 23:50:00,2023,10,24,23,50,13,13212,A507 sens Marseille - Aubagne,43.297,5.4255,Nuit avec éclairage allumé,Hors agglomération,Hors intersection,Normale,Deux véhicules - arrière,1,1,3,0,2,1,1,1,1,70,2,2,1,0,0,1,50.0,31.0,voiture,voiture,5,1,1,1,2
202300001716,2023-09-25 17:20:00,2023,9,25,17,20,34,34022,A709 PK 001+800,43.672737,4.017187,Plein jour,Hors agglomération,Hors intersection,Normale,Deux véhicules - arrière,1,-1,3,0,1,1,1,0,1,90,2,3,2,0,0,1,37.0,53.0,voiture,voiture,1,1,1,1,2
202300001717,2023-10-26 12:55:00,2023,10,26,12,55,69,69029,Autoroute 43,45.72781088,4.90608824,Plein jour,Hors agglomération,Hors intersection,Normale,Deux véhicules - arrière,1,3,7,0,1,1,1,0,1,70,2,4,3,0,0,1,23.0,43.0,voiture,voiture,1,1,1,1,2
202300001718,2023-09-26 04:45:00,2023,9,26,4,45,83,83140,A8 pk 65.400,43.423611,5.959976,Nuit sans éclairage public,Hors agglomération,Hors intersection,Normale,Deux véhicules - arrière,1,1,3,0,2,2,1,0,1,130,2,2,1,0,0,1,31.0,43.0,utilitaire_camion,utilitaire_camion,3,1,1,1,2
202300001719,2023-08-27 04:00:00,2023,8,27,4,0,988,98808,Karagreu (Tribu),-21.34933,165.42835,Nuit sans éclairage public,Hors agglomération,Hors intersection,Normale,Autre collision,2,2,2,0,1,2,1,0,3,110,1,1,0,0,1,0,29.0,,voiture,,3,1,1,1,6
202300001720,2023-10-22 11:05:00,2023,10,22,11,5,67,67152,,48.52583,7.6951,Plein jour,Hors agglomération,Hors intersection,Normale,Deux véhicules - côté,7,3,2,0,1,1,1,3,1,90,2,3,2,0,0,1,66.0,21.0,voiture,voiture,1,1,1,1,3
202300001721,2023-09-18 03:00:00,2023,9,18,3,0,988,98819,Tribu de Saint Pierre,-20.427586,164.428564,Nuit sans éclairage public,Hors agglomération,Hors intersection,Normale,Autre collision,4,2,2,0,1,1,1,0,3,30,1,2,1,0,1,0,34.0,,utilitaire_camion,,3,1,1,1,6
202300001722,2023-10-24 13:20:00,2023,10,24,13,20,33,33013,ROUTE NATIONALE 230,44.8462,-0.50239,Plein jour,Hors agglomération,Hors intersection,Normale,Trois véhicules et plus - en chaîne,2,3,6,0,1,1,1,0,1,90,3,6,4,0,1,1,25.0,26.0,autre,autre,1,1,1,1,4
202300001723,2023-10-20 08:15:00,2023,10,20,8,15,59,59237,AUTOROUTE A25,50.76029,2.64357,Plein jour,Hors agglomération,Hors intersection,Pluie légère,Sans collision,1,1,2,0,1,1,2,0,1,130,1,1,0,0,0,1,29.0,,voiture,,1,1,1,2,7
202300001724,2023-09-25 08:15:00,2023,9,25,8,15,77,77508,D231,48.8159,2.841972,Plein jour,Hors agglomération,Autre intersection,Normale,Deux véhicules - côté,3,2,1,0,1,1,1,0,1,80,2,2,1,0,0,1,57.0,33.0,utilitaire_camion,deux_roues,1,1,9,1,3
202300001725,2023-10-26 20:30:00,2023,10,26,20,30,91,91174,RN 104,48.6231,2.46628,Nuit sans éclairage public,Hors agglomération,Hors intersection,Pluie forte,Deux véhicules - arrière,2,-1,3,0,1,1,2,0,1,110,2,2,1,0,0,1,22.0,,voiture,voiture,3,1,1,3,2
202300001726,2023-09-26 08:20:00,2023,9,26,8,20,77,77091,Intersection D96 et D216 PK20+565,48.743307,2.816319,Plein jour,Hors agglomération,Intersection en X,Temps éblouissant,Deux véhicules - côté,3,2,2,0,1,1,1,0,1,80,2,3,1,0,0,2,53.0,58.0,deux_roues,voiture,1,1,2,7,3
202300001726,2023-09-26 08:20:00,2023,9,26,8,20,77,77091,Intersection D96 et D216 PK20+565,48.743307,2.816319,Plein jour,Hors agglomération,Intersection en X,Temps éblouissant,Deux véhicules - côté,3,2,1,0,1,1,1,0,1,80,2,3,1,0,0,2,53.0,58.0,deux_roues,voiture,1,1,2,7,3
202300001727,2023-10-26 19:30:00,2023,10,26,19,30,94,94003,A6B,48.79974803,2.34378034,Nuit sans éclairage public,Hors agglomération,Hors intersection,Pluie légère,Trois véhicules et plus - collisions multiples,1,3,4,0,4,1,2,0,1,90,3,3,2,0,0,1,31.0,50.0,utilitaire_camion,voiture,3,1,1,2,5
202300001728,2023-10-26 19:17:00,2023,10,26,19,17,91,91161,AUTOROUTE A6,48.719,2.31061,Crépuscule ou aube,Hors agglomération,Hors intersection,Pluie légère,Trois véhicules et plus - en chaîne,1,-1,3,0,1,1,2,0,1,110,3,3,2,0,0,1,21.0,23.0,voiture,deux_roues,2,1,1,2,4
202300001729,2023-09-23 15:00:00,2023,9,23,15,0,68,68318,Rue de la Vallée,47.96737,7.231729,Plein jour,En agglomération,Intersection en X,Normale,Sans collision,3,2,2,0,2,1,8,0,1,50,1,1,0,0,0,1,15.0,,deux_roues,,1,2,2,1,7
202300001729,2023-09-23 15:00:00,2023,9,23,15,0,68,68318,Rue de la Vallée,47.96737,7.231729,Plein jour,En agglomération,Intersection en X,Normale,Sans collision,3,2, -1,-1,2,1,8,0,1,-1,1,1,0,0,0,1,15.0,,deux_roues,,1,2,2,1,7
202300001730,2023-10-26 12:30:00,2023,10,26,12,30,94,94021,A6A,48.7702866,2.34542494,Plein jour,Hors agglomération,Hors intersection,Pluie légère,Deux véhicules - arrière,1,1,3,0,1,1,2,0,1,90,2,2,1,0,0,1,34.0,,deux_roues,voiture,1,1,1,2,2
202300001731,2023-09-26 09:45:00,2023,9,26,9,45,88,88321,Rue de la 1ère Armée Française,48.35653717,5.6914933,Plein jour,En agglomération,Hors intersection,Normale,Autre collision,3,2,2,0,1,1,1,0,1,50,1,2,1,0,1,0,42.0,,voiture,,1,2,1,1,6
202300001732,2023-09-26 10:50:00,2023,9,26,10,50,55,55145,D19,49.335722,5.386584,Plein jour,Hors agglomération,Hors intersection,Normale,Sans collision,3,2,2,0,1,4,1,0,1,90,1,1,0,0,0,1,57.0,,voiture,,1,1,1,1,7
202300001733,2023-10-26 11:00:00,2023,10,26,11,0,91,91228,AUTOROUTE A6,48.61596,2.42904,Plein jour,Hors agglomération,Hors intersection,Normale,Deux véhicules - côté,1,3,3,0,1,1,2,0,1,110,2,2,1,0,0,1,50.0,31.0,voiture,utilitaire_camion,1,1,1,1,3
202300001734,2023-09-26 15:10:00,2023,9,26,15,10,63,63284,Sortie parking Intermarché,45.800533,3.242946,Plein jour,En agglomération,Giratoire,Normale,Autre collision,4,-1,1,0,2,1,1,0,1,50,1,2,1,0,1,0,64.0,,voiture,,1,2,6,1,6
202300001734,2023-09-26 15:10:00,2023,9,26,15,10,63,63284,Sortie parking Intermarché,45.800533,3.242946,Plein jour,En agglomération,Giratoire,Normale,Autre collision,4,1,1,-1,1,1,1,5,1,-1,1,2,1,0,1,0,64.0,,voiture,,1,2,6,1,6
202300001735,2023-10-26 12:55:00,2023,10,26,12,55,92,92025,A86,48.91943159,2.22419963,Plein jour,Hors agglomération,Hors intersection,Temps couvert,Trois véhicules et plus - en chaîne,1,1,2,0,1,1,2,0,1,90,3,3,2,0,1,0,20.0,48.0,voiture,utilitaire_camion,1,1,1,8,4
202300001736,2023-10-25 20:15:00,2023,10,25,20,15,92,92047,A13,48.83519709,2.17572425,Nuit sans éclairage public,Hors agglomération,Hors intersection,Pluie légère,Sans collision,1,1,3,0,1,1,2,0,1,110,1,1,0,0,0,1,35.0,,deux_roues,,3,1,1,2,7
202300001737,2023-09-26 17:15:00,2023,9,26,17,15,42,42094,Allée de la Loise,45.74979,4.225252,Plein jour,En agglomération,Intersection en Y,Normale,Deux véhicules - côté,3,2,2,-1,1,2,1,0,1,-1,2,2,1,0,0,1,69.0,14.0,voiture,deux_roues,1,2,4,1,3
202300001737,2023-09-26 17:15:00,2023,9,26,17,15,42,42094,Allée de la Loise,45.74979,4.225252,Plein jour,En agglomération,Intersection en Y,Normale,Deux véhicules - côté,3,2,2,0,1,1,1,0,1,50,2,2,1,0,0,1,69.0,14.0,voiture,deux_roues,1,2,4,1,3
202300001738,2023-09-26 15:40:00,2023,9,26,15,40,42,42214,Route de Bellegarde,45.67251,4.294172,Plein jour,En agglomération,Intersection en T,Normale,Sans collision,3,2,2,0,1,1,1,0,1,50,2,2,1,0,1,0,58.0,78.0,voiture,deux_roues,1,2,3,1,7
202300001738,2023-09-26 15:40:00,2023,9,26,15,40,42,42214,Route de Bellegarde,45.67251,4.294172,Plein jour,En agglomération,Intersection en T,Normale,Sans collision,3,2,2,0,1,1,1,0,1,50,2,2,1,0,1,0,58.0,78.0,voiture,deux_roues,1,2,3,1,7
202300001739,2023-10-25 05:00:00,2023,10,25,5,0,78,78029,A13,48.968378,1.859457,Nuit sans éclairage public,Hors agglomération,Hors intersection,Pluie forte,Trois véhicules et plus - collisions multiples,1,1,3,0,1,1,2,0,1,130,3,3,2,0,0,1,35.0,38.0,utilitaire_camion,voiture,3,1,1,3,5
202300001740,2023-10-25 02:30:00,2023,10,25,2,30,92,92051,RN13,48.88419589,2.26244272,Nuit avec éclairage allumé,Hors agglomération,Hors intersection,Pluie forte,Autre collision,2,-1,3,0,1,1,2,8,1,70,1,1,0,0,1,0,29.0,,deux_roues,,5,1,1,3,6
202300001741,2023-09-26 17:00:00,2023,9,26,17,0,42,42147,Route de Précieux,45.59318,4.110662,Plein jour,Hors agglomération,Intersection en Y,Normale,Deux véhicules - arrière,3,2,2,0,1,3,1,0,1,80,2,4,3,0,0,1,58.0,33.0,deux_roues,voiture,1,1,4,1,2
202300001741,2023-09-26 17:00:00,2023,9,26,17,0,42,42147,Route de Précieux,45.59318,4.110662,Plein jour,Hors agglomération,Intersection en Y,Normale,Deux véhicules - arrière,3,2,2,-1,1,3,1,0,1,-1,2,4,3,0,0,1,58.0,33.0,deux_roues,voiture,1,1,4,1,2
202300001742,2023-10-26 12:20:00,2023,10,26,12,20,95,95277,A3,48.98112,2.49824,Plein jour,Hors agglomération,Hors intersection,Normale,Deux véhicules - côté,1,4,4,0,1,1,1,0,1,110,2,2,1,0,0,1,55.0,27.0,voiture,utilitaire_camion,1,1,1,1,3
202300001743,2023-09-26 09:35:00,2023,9,26,9,35,42,42147,Montée de Rigaud,45.603691,4.068857,Plein jour,En agglomération,Hors intersection,Normale,Autre collision,4,1,1,0,1,1,1,0,1,50,1,2,1,0,1,0,53.0,,voiture,,1,2,1,1,6
202300001744,2023-10-26 10:25:00,2023,10,26,10,25,93,93053,AUTOROUTE A103,48.88778,2.4725,Plein jour,Hors agglomération,Hors intersection,Pluie légère,Autre collision,1,-1,2,0,2,2,2,0,1,70,1,2,1,0,0,1,35.0,,voiture,,1,1,1,2,6
202300001745,2023-10-26 09:10:00,2023,10,26,9,10,93,93078,AUTOROUTE A104,48.9634,2.52179,Plein jour,Hors agglomération,Hors intersection,Pluie légère,Autre collision,1,3,3,0,1,3,2,0,1,90,1,1,0,0,0,1,38.0,,voiture,,1,1,1,2,6
202300001746,2023-09-26 07:55:00,2023,9,26,7,55,38,38059,D5,45.12780505,5.77827961,Crépuscule ou aube,En agglomération,Hors intersection,Normale,Deux véhicules - côté,7,-1,2,0,2,1,1,0,1,50,2,2,1,0,0,1,42.0,45.0,voiture,deux_roues,2,2,1,1,3
202300001747,2023-10-25 10:30:00,2023,10,25,10,30,95,95582,D170,48.96252,2.2635,Plein jour,Hors agglomération,Hors intersection,Pluie légère,Autre collision,3,1,0,0,2,2,2,0,1,50,1,1,0,0,0,1,44.0,,voiture,,1,1,1,2,6