accident_id,datetime,annee,mois,jour,heure,minute,departement,commune_insee,adresse,latitude,longitude,luminosite,agglomeration,intersection,meteo,collision,catr,circ,nbv,vosp,prof,plan,surf,infra,situ,vma,nb_vehicules,nb_usagers,nb_indemnes,nb_tues,nb_blesses_hosp,nb_blesses_legers,age_cond_1,age_cond_2,veh_type_cond_1,veh_type_cond_2,lum_code,agg_code,int_code,atm_code,col_code
202300001819,2023-10-24 18:38:00,2023,10,24,18,38,72,72181,Boulevard Henri FRENAY,48.01256,0.24059,Crépuscule ou aube,Hors agglomération,Hors intersection,Pluie légère,Deux véhicules - arrière,4,1,2,0,1,1,2,0,1,90,2,2,1,0,0,1,26.0,50.0,voiture,utilitaire_camion,2,1,1,2,2
202300001820,2023-09-24 11:22:00,2023,9,24,11,22,13,13216,LITTORAL (CHEMIN DU),43.34914848,5.34254324,Plein jour,Hors agglomération,Hors intersection,Normale,Deux véhicules - frontale,4,-1,3,0,1,1,1,0,6,50,2,5,1,0,0,4,43.0,39.0,voiture,voiture,1,1,1,1,1
202300001821,2023-10-24 07:30:00,2023,10,24,7,30,67,67180,WOERTH (ROUTE DE),48.84477,7.7817,Crépuscule ou aube,Hors agglomération,Hors intersection,Pluie forte,Deux véhicules - frontale,3,2,2,0,1,1,2,0,1,80,2,2,1,0,0,1,22.0,58.0,voiture,utilitaire_camion,2,1,1,3,1
202300001822,2023-09-24 05:30:00,2023,9,24,5,30,07,07281,TREMOLETS (RUE DES),44.9389,4.86013,Nuit avec éclairage allumé,En agglomération,Hors intersection,Normale,Deux véhicules - frontale,4,2,1,0,1,1,1,0,1,50,2,5,2,0,2,1,21.0,21.0,deux_roues,voiture,5,2,1,1,1
202300001823,2023-10-24 09:40:00,2023,10,24,9,40,64,64445,TOURASSE,43.30833,-0.34004,Plein jour,En agglomération,Hors intersection,Normale,Sans collision,4,2,2,0,1,1,2,0,1,50,1,1,0,0,0,1,17.0,,deux_roues,,1,2,1,1,7
202300001824,2023-10-25 14:30:00,2023,10,25,14,30,63,63113,DUNKERQUE (RUE DE),45.81605,3.10836,Plein jour,En agglomération,Hors intersection,Pluie légère,Deux véhicules - côté,4,2,2,0,1,1,2,0,1,50,2,2,1,0,0,1,38.0,33.0,voiture,deux_roues,1,2,1,2,3
202300001825,2023-09-23 18:25:00,2023,9,23,18,25,03,03185,Avenue Jules Guesde,46.34199,2.58877,Plein jour,En agglomération,Intersection en Y,Normale,Deux véhicules - côté,4,2,2,0,1,1,1,0,1,50,2,3,1,0,1,1,32.0,28.0,deux_roues,voiture,1,2,4,1,3
202300001825,2023-09-23 18:25:00,2023,9,23,18,25,03,03185,Avenue Jules Guesde,46.34199,2.58877,Plein jour,En agglomération,Intersection en Y,Normale,Deux véhicules - côté,4,1,1,0,1,1,1,0,1,50,2,3,1,0,1,1,32.0,28.0,deux_roues,voiture,1,2,4,1,3
202300001826,2023-10-25 09:50:00,2023,10,25,9,50,63,63113,BOULANGER (RUE PIERRE),45.78122,3.13902,Plein jour,En agglomération,Hors intersection,Normale,Deux véhicules - côté,4,2,2,0,1,3,1,0,4,30,2,2,1,0,0,1,45.0,31.0,voiture,voiture,1,2,1,1,3
202300001827,2023-10-19 21:10:00,2023,10,19,21,10,62,62215,Rue du 11 Novembre,50.4909062,2.9554764,Nuit avec éclairage allumé,En agglomération,Hors intersection,Normale,Autre collision,4,2,2,0,1,1,1,0,1,50,1,2,1,0,0,1,33.0,,voiture,,5,2,1,1,6
202300001828,2023-09-24 09:49:00,2023,9,24,9,49,01,01053,FERRY ( BOULEVARD JULES),46.19563,5.22186,Plein jour,En agglomération,Intersection en T,Normale,Deux véhicules - côté,4,2,2,1,1,1,1,0,1,50,2,2,1,0,1,0,50.0,52.0,deux_roues,voiture,1,2,3,1,3
202300001828,2023-09-24 09:49:00,2023,9,24,9,49,01,01053,FERRY ( BOULEVARD JULES),46.19563,5.22186,Plein jour,En agglomération,Intersection en T,Normale,Deux véhicules - côté,4,2,2,0,1,1,1,0,1,50,2,2,1,0,1,0,50.0,52.0,deux_roues,voiture,1,2,3,1,3
202300001829,2023-10-25 07:15:00,2023,10,25,7,15,62,62013,Rue Pasteur,50.26729,2.75379,Nuit sans éclairage public,En agglomération,Intersection en X,Pluie légère,Deux véhicules - frontale,3,-1,2,0,1,1,2,0,1,50,2,2,1,0,0,1,18.0,16.0,voiture,deux_roues,3,2,2,2,1
202300001829,2023-10-25 07:15:00,2023,10,25,7,15,62,62013,Rue Pasteur,50.26729,2.75379,Nuit sans éclairage public,En agglomération,Intersection en X,Pluie légère,Deux véhicules - frontale,3,2,3,0,1,1,2,0,1,50,2,2,1,0,0,1,18.0,16.0,voiture,deux_roues,3,2,2,2,1
202300001830,2023-09-24 20:10:00,2023,9,24,20,10,75,75112,PORTE DE VINCENNES,48.844933,2.41426,Nuit avec éclairage allumé,En agglomération,Hors intersection,Normale,Trois véhicules et plus - en chaîne,4,1,4,0,1,1,1,0,1,70,3,3,2,0,0,1,40.0,27.0,voiture,voiture,5,2,1,1,4
202300001831,2023-10-25 13:15:00,2023,10,25,13,15,61,61001,D112,48.43261,0.06949,Plein jour,En agglomération,Hors intersection,Pluie légère,Deux véhicules - arrière,3,2,2,2,1,1,2,0,1,50,2,2,0,0,0,2,50.0,54.0,utilitaire_camion,voiture,1,2,1,2,2
202300001832,2023-09-24 10:17:00,2023,9,24,10,17,75,75115,BD PERIPHERIQUE INTERIEUR,48.826185,2.298358,Plein jour,En agglomération,Hors intersection,Normale,Deux véhicules - arrière,4,1,3,0,1,1,1,0,1,70,2,2,1,0,0,1,57.0,45.0,utilitaire_camion,transport_commun,1,2,1,1,2
202300001833,2023-09-24 13:00:00,2023,9,24,13,0,75,75106,QUAI MALAQUAIS,48.858039,2.334259,Plein jour,En agglomération,Hors intersection,Normale,Autre collision,4,2,3,1,1,1,1,0,5,30,2,2,0,0,0,2,35.0,52.0,deux_roues,deux_roues,1,2,1,1,6
202300001834,2023-10-25 11:05:00,2023,10,25,11,5,59,59512,SALENGRO  (AVENUE ROGER),50.68091,3.20474,Plein jour,En agglomération,Intersection en X,Pluie légère,Deux véhicules - côté,4,3,2,2,1,1,2,5,1,50,2,2,1,0,1,0,25.0,29.0,voiture,voiture,1,2,2,2,3
202300001834,2023-10-25 11:05:00,2023,10,25,11,5,59,59512,SALENGRO  (AVENUE ROGER),50.68091,3.20474,Plein jour,En agglomération,Intersection en X,Pluie légère,Deux véhicules - côté,4,2,2,2,1,1,2,5,1,50,2,2,1,0,1,0,25.0,29.0,voiture,voiture,1,2,2,2,3
202300001835,2023-09-24 12:10:00,2023,9,24,12,10,75,75119,RUE MATHIS,48.89108,2.37378169,Plein jour,En agglomération,Intersection en X,Normale,Autre collision,4,1, -1,-1,1,1,1,0,6,30,1,2,1,0,0,1,55.0,,deux_roues,,1,2,2,1,6
202300001835,2023-09-24 12:10:00,2023,9,24,12,10,75,75119,RUE MATHIS,48.89108,2.37378169,Plein jour,En agglomération,Intersection en X,Normale,Autre collision,4,1,1,0,1,1,1,9,6,30,1,2,1,0,0,1,55.0,,deux_roues,,1,2,2,1,6
202300001836,2023-09-24 16:30:00,2023,9,24,16,30,75,75115,BOULEVARD LEFEBVRE,48.829463,2.297542,Plein jour,En agglomération,Hors intersection,Normale,Autre collision,4,1,2,0,1,1,1,0,4,30,1,3,2,0,0,1,,,voiture,,1,2,1,1,6
202300001837,2023-10-25 14:20:00,2023,10,25,14,20,59,59350,Facade de l'Esplanade,50.64501,3.05066,Plein jour,En agglomération,Intersection en T,Pluie légère,Deux véhicules - côté,4,3,3,0,1,1,2,0,1,50,2,4,3,0,0,1,20.0,39.0,deux_roues,voiture,1,2,3,2,3
202300001837,2023-10-25 14:20:00,2023,10,25,14,20,59,59350,Facade de l'Esplanade,50.64501,3.05066,Plein jour,En agglomération,Intersection en T,Pluie légère,Deux véhicules - côté,4,2,1,0,1,1,2,0,1,50,2,4,3,0,0,1,20.0,39.0,deux_roues,voiture,1,2,3,2,3
202300001838,2023-09-23 19:05:00,2023,9,23,19,5,75,75112,RUE DE WATTIGNIES,48.835189,2.398764,Plein jour,En agglomération,Intersection en X,Normale,Deux véhicules - côté,4,1,1,0,1,1,1,0,1,30,2,2,1,0,0,1,18.0,43.0,deux_roues,voiture,1,2,2,1,3
202300001838,2023-09-23 19:05:00,2023,9,23,19,5,75,75112,RUE DE WATTIGNIES,48.835189,2.398764,Plein jour,En agglomération,Intersection en X,Normale,Deux véhicules - côté,4,2,2,2,1,1,1,0,1,30,2,2,1,0,0,1,18.0,43.0,deux_roues,voiture,1,2,2,1,3
202300001839,2023-09-24 00:10:00,2023,9,24,0,10,75,75111,BOULEVARD VOLTAIRE,48.85041599,2.39245632,Nuit avec éclairage allumé,En agglomération,Intersection à plus de 4 branches,Normale,Deux véhicules - frontale,4,2,2,1,1,1,1,0,1,30,2,2,1,0,0,1,22.0,56.0,voiture,deux_roues,5,2,5,1,1
202300001839,2023-09-24 00:10:00,2023,9,24,0,10,75,75111,BOULEVARD VOLTAIRE,48.85041599,2.39245632,Nuit avec éclairage allumé,En agglomération,Intersection à plus de 4 branches,Normale,Deux véhicules - frontale,4,1,1,0,1,1,1,0,1,30,2,2,1,0,0,1,22.0,56.0,voiture,deux_roues,5,2,5,1,1
202300001840,2023-10-25 09:15:00,2023,10,25,9,15,59,59143,PONCHELLE POREE (RUE),50.65867959,2.88291067,Plein jour,Hors agglomération,Intersection en Y,Pluie légère,Deux véhicules - côté,4,2,2,0,1,1,2,0,1,50,2,5,1,0,0,4,31.0,21.0,voiture,utilitaire_camion,1,1,4,2,3
202300001840,2023-10-25 09:15:00,2023,10,25,9,15,59,59143,PONCHELLE POREE (RUE),50.65867959,2.88291067,Plein jour,Hors agglomération,Intersection en Y,Pluie légère,Deux véhicules - côté,4,2,2,0,1,1,2,0,1,50,2,5,1,0,0,4,31.0,21.0,voiture,utilitaire_camion,1,1,4,2,3
202300001841,2023-10-24 08:09:00,2023,10,24,8,9,56,56121,DEMAINE ( BD YVES ),47.75256,-3.37728,Nuit avec éclairage allumé,En agglomération,Intersection en X,Pluie légère,Sans collision,4,2,3,0,2,1,2,5,1,30,1,1,0,0,0,1,55.0,,deux_roues,,5,2,2,2,7
202300001841,2023-10-24 08:09:00,2023,10,24,8,9,56,56121,DEMAINE ( BD YVES ),47.75256,-3.37728,Nuit avec éclairage allumé,En agglomération,Intersection en X,Pluie légère,Sans collision,4,2,3,0,1,1,2,5,1,30,1,1,0,0,0,1,55.0,,deux_roues,,5,2,2,2,7
202300001842,2023-09-24 19:45:00,2023,9,24,19,45,75,75110,BOULEVARD DE STRASBOURG,48.870592,2.354946,Nuit avec éclairage allumé,En agglomération,Intersection en T,Normale,Deux véhicules - côté,4,1,5,0,1,1,1,0,1,30,2,2,1,0,0,1,20.0,57.0,utilitaire_camion,deux_roues,5,2,3,1,3
202300001842,2023-09-24 19:45:00,2023,9,24,19,45,75,75110,BOULEVARD DE STRASBOURG,48.870592,2.354946,Nuit avec éclairage allumé,En agglomération,Intersection en T,Normale,Deux véhicules - côté,4,-1, -1,-1,1,1,1,0,1,30,2,2,1,0,0,1,20.0,57.0,utilitaire_camion,deux_roues,5,2,3,1,3
202300001843,2023-10-24 18:00:00,2023,10,24,18,0,54,54495,Grand Rue,48.6884632,6.24759302,Crépuscule ou aube,En agglomération,Hors intersection,Normale,Deux véhicules - arrière,4,2,2,0,1,1,1,0,1,50,2,2,1,0,0,1,,62.0,autre,voiture,2,2,1,1,2
202300001844,2023-09-24 16:30:00,2023,9,24,16,30,75,75110,RUE LOUIS BLANC,48.88425401,2.35939407,Plein jour,En agglomération,Intersection en Y,Normale,Deux véhicules - côté,4,1,0,1,1,1,1,0,1,30,2,3,2,0,0,1,31.0,41.0,deux_roues,voiture,1,2,4,1,3
202300001844,2023-09-24 16:30:00,2023,9,24,16,30,75,75110,RUE LOUIS BLANC,48.88425401,2.35939407,Plein jour,En agglomération,Intersection en Y,Normale,Deux véhicules - côté,4,1,2,1,1,1,1,0,1,30,2,3,2,0,0,1,31.0,41.0,deux_roues,voiture,1,2,4,1,3
202300001845,2023-10-24 17:50:00,2023,10,24,17,50,54,54547,Avenue des Jonquilles,48.66067,6.18386,Crépuscule ou aube,En agglomération,Hors intersection,Normale,Deux véhicules - arrière,4,2,2,0,1,1,1,0,1,30,2,2,1,0,0,1,35.0,69.0,voiture,deux_roues,2,2,1,1,2
202300001846,2023-09-23 23:30:00,2023,9,23,23,30,75,75110,BOULEVARD DE BONNE NOUVELLE,48.870144,2.350506,Nuit avec éclairage allumé,En agglomération,Intersection en T,Normale,Deux véhicules - côté,4,4,4,3,1,1,1,0,1,30,2,2,1,0,0,1,42.0,41.0,voiture,deux_roues,5,2,3,1,3
202300001846,2023-09-23 23:30:00,2023,9,23,23,30,75,75110,BOULEVARD DE BONNE NOUVELLE,48.870144,2.350506,Nuit avec éclairage allumé,En agglomération,Intersection en T,Normale,Deux véhicules - côté,4,-1,1,0,1,1,1,0,1,30,2,2,1,0,0,1,42.0,41.0,voiture,deux_roues,5,2,3,1,3
202300001847,2023-09-23 20:55:00,2023,9,23,20,55,75,75109,RUE DE LA CHAUSSEE D ANTIN,48.875268,2.332313,Nuit avec éclairage allumé,En agglomération,Intersection en X,Normale,Autre collision,4,1,2,3,1,1,1,0,1,30,1,2,1,0,0,1,58.0,,voiture,,5,2,2,1,6
202300001847,2023-09-23 20:55:00,2023,9,23,20,55,75,75109,RUE DE LA CHAUSSEE D ANTIN,48.875268,2.332313,Nuit avec éclairage allumé,En agglomération,Intersection en X,Normale,Autre collision,4,-1,0,0,1,1,1,0,1,30,1,2,1,0,0,1,58.0,,voiture,,5,2,2,1,6
202300001848,2023-10-24 16:30:00,2023,10,24,16,30,54,54395,Rue Mazagran,48.69029,6.17572,Plein jour,En agglomération,Hors intersection,Normale,Autre collision,4,1,2,3,1,1,1,-1,6,30,1,2,1,0,1,0,48.0,,transport_commun,,1,2,1,1,6
202300001849,2023-10-24 10:20:00,2023,10,24,10,20,51,51454,TALLEYRAND (RUE),49.25757,4.02811,Plein jour,En agglomération,Intersection en X,Pluie légère,Deux véhicules - côté,4,1,1,2,1,1,2,0,1,50,2,4,3,0,0,1,54.0,30.0,transport_commun,voiture,1,2,2,2,3
202300001849,2023-10-24 10:20:00,2023,10,24,10,20,51,51454,TALLEYRAND (RUE),49.25757,4.02811,Plein jour,En agglomération,Intersection en X,Pluie légère,Deux véhicules - côté,4,1,2,3,1,1,2,0,1,50,2,4,3,0,0,1,54.0,30.0,transport_commun,voiture,1,2,2,2,3
202300001850,2023-10-25 15:09:00,2023,10,25,15,9,45,45232,595 Avenue de Verdun,47.86876,1.91123,Plein jour,En agglomération,Intersection en X,Normale,Deux véhicules - côté,4,1,1,0,1,1,1,5,1,50,2,3,2,0,0,1,80.0,49.0,voiture,voiture,1,2,2,1,3
202300001850,2023-10-25 15:09:00,2023,10,25,15,9,45,45232,595 Avenue de Verdun,47.86876,1.91123,Plein jour,En agglomération,Intersection en X,Normale,Deux véhicules - côté,4,3,4,0,1,1,1,5,1,50,2,3,2,0,0,1,80.0,49.0,voiture,voiture,1,2,2,1,3
202300001851,2023-09-23 20:20:00,2023,9,23,20,20,75,75102,BOULEVARD DE SEBASTOPOL,48.86763,2.353325,Nuit avec éclairage allumé,En agglomération,Intersection en T,Normale,Deux véhicules - côté,4,1,5,1,1,1,1,0,5,30,2,3,2,0,0,1,29.0,38.0,voiture,deux_roues,5,2,3,1,3
202300001851,2023-09-23 20:20:00,2023,9,23,20,20,75,75102,BOULEVARD DE SEBASTOPOL,48.86763,2.353325,Nuit avec éclairage allumé,En agglomération,Intersection en T,Normale,Deux véhicules - côté,4,1,1,0,1,1,1,0,1,30,2,3,2,0,0,1,29.0,38.0,voiture,deux_roues,5,2,3,1,3
202300001852,2023-10-25 19:05:00,2023,10,25,19,5,38,38421,AVENUE DU 8 MAI 1945,45.17117,5.75692,Nuit avec éclairage allumé,En agglomération,Hors intersection,Pluie légère,Autre collision,4,2,2,0,1,1,2,0,1,50,1,2,1,0,0,1,20.0,,voiture,,5,2,1,2,6
202300001853,2023-09-24 03:35:00,2023,9,24,3,35,94,94081,Rue du Gal Malleret Joinville,48.78048649,2.40358745,Nuit avec éclairage non allumé,En agglomération,Hors intersection,Normale,Autre collision,4,2,2,0,1,1,1,0,1,50,1,2,1,0,0,1,,,voiture,,4,2,1,1,6
202300001854,2023-09-24 07:00:00,2023,9,24,7,0,94,94058,Boulevard d'Alsace-lorraine,48.849187,2.496151,Crépuscule ou aube,En agglomération,Intersection à plus de 4 branches,Normale,Deux véhicules - côté,3,1,2,0,1,1,1,5,1,50,2,2,1,0,0,1,54.0,,deux_roues,voiture,2,2,5,1,3
202300001854,2023-09-24 07:00:00,2023,9,24,7,0,94,94058,Boulevard d'Alsace-lorraine,48.849187,2.496151,Crépuscule ou aube,En agglomération,Intersection à plus de 4 branches,Normale,Deux véhicules - côté,3,2,2,0,1,1,1,5,1,50,2,2,1,0,0,1,54.0,,deux_roues,voiture,2,2,5,1,3
202300001855,2023-10-25 13:30:00,2023,10,25,13,30,37,37122,JAURES (BOULEVARD JEAN),47.34843,0.66103,Plein jour,En agglomération,Intersection en T,Normale,Trois véhicules et plus - collisions multiples,4,2,2,1,2,1,1,0,1,50,3,3,2,0,0,1,36.0,23.0,voiture,voiture,1,2,3,1,5
202300001855,2023-10-25 13:30:00,2023,10,25,13,30,37,37122,JAURES (BOULEVARD JEAN),47.34843,0.66103,Plein jour,En agglomération,Intersection en T,Normale,Trois véhicules et plus - collisions multiples,4,2,2,0,1,1,1,0,8,50,3,3,2,0,0,1,36.0,23.0,voiture,voiture,1,2,3,1,5
202300001856,2023-10-25 11:40:00,2023,10,25,11,40,37,37261,POMPIDOU (AVENUE GEORGES),47.39487407,0.70462167,Plein jour,En agglomération,Giratoire,Normale,Deux véhicules - côté,4,3,0,0,1,2,2,0,1,50,2,2,1,0,0,1,39.0,51.0,voiture,deux_roues,1,2,6,1,3
202300001856,2023-10-25 11:40:00,2023,10,25,11,40,37,37261,POMPIDOU (AVENUE GEORGES),47.39487407,0.70462167,Plein jour,En agglomération,Giratoire,Normale,Deux véhicules - côté,4,3,3,0,1,2,2,0,1,50,2,2,1,0,0,1,39.0,51.0,voiture,deux_roues,1,2,6,1,3
202300001857,2023-09-24 14:30:00,2023,9,24,14,30,94,94078,Rue de Paris,48.742347,2.44672,Plein jour,En agglomération,Intersection en T,Normale,Deux véhicules - arrière,2,3,4,0,1,1,1,0,1,50,2,6,2,0,0,4,25.0,43.0,voiture,voiture,1,2,3,1,2
202300001857,2023-09-24 14:30:00,2023,9,24,14,30,94,94078,Rue de Paris,48.742347,2.44672,Plein jour,En agglomération,Intersection en T,Normale,Deux véhicules - arrière,2,1,0,0,1,1,1,0,8,50,2,6,2,0,0,4,25.0,43.0,voiture,voiture,1,2,3,1,2
202300001858,2023-09-23 23:35:00,2023,9,23,23,35,94,94054,Rue du Bas Marin,48.75192234,2.3879155,Nuit avec éclairage allumé,En agglomération,Hors intersection,Normale,Deux véhicules - arrière,3,2,2,0,1,1,1,9,1,50,2,4,3,0,0,1,33.0,32.0,utilitaire_camion,deux_roues,5,2,1,1,2
202300001859,2023-10-23 18:10:00,2023,10,23,18,10,29,29232,RN165,47.98302,-4.01665,Plein jour,Hors agglomération,Hors intersection,Normale,Sans collision,2,3,4,0,2,2,1,0,3,110,1,1,0,0,0,1,47.0,,voiture,,1,1,1,1,7
202300001860,2023-10-19 18:30:00,2023,10,19,18,30,29,29232,Rond-Point de Park Poullig,48.0301825,-4.08832804,Plein jour,Hors agglomération,Hors intersection,Normale,Sans collision,3,3,2,0,3,2,1,0,3,90,1,1,0,0,0,1,40.0,,voiture,,1,1,1,1,7
202300001861,2023-09-24 18:20:00,2023,9,24,18,20,93,93078,Avenue du Sausset,48.96227968,2.51580385,Plein jour,Hors agglomération,Hors intersection,Normale,Deux véhicules - frontale,4,2,2,0,1,1,1,0,1,50,2,2,0,0,2,0,23.0,18.0,autre,autre,1,1,1,1,1
202300001862,2023-10-25 17:15:00,2023,10,25,17,15,29,29019,rue du Commandant Drogou,48.40462,-4.501582,Plein jour,En agglomération,Intersection en T,Normale,Autre collision,4,2,2,0,1,1,2,0,1,50,1,2,1,0,1,0,40.0,,voiture,,1,2,3,1,6
202300001862,2023-10-25 17:15:00,2023,10,25,17,15,29,29019,rue du Commandant Drogou,48.40462,-4.501582,Plein jour,En agglomération,Intersection en T,Normale,Autre collision,4,2,2,0,1,1,2,0,1,30,1,2,1,0,1,0,40.0,,voiture,,1,2,3,1,6
202300001863,2023-09-24 17:10:00,2023,9,24,17,10,93,93078,Avenue du Sausset,48.96213041,2.51566894,Plein jour,Hors agglomération,Hors intersection,Normale,Sans collision,4,2,2,0,1,1,1,0,1,50,1,1,0,0,0,1,26.0,,autre,,1,1,1,1,7
202300001864,2023-09-23 16:25:00,2023,9,23,16,25,93,93078,Boulevard Robert Ballanger / Av du Mal de Lattre de Tassigny,48.95772641,2.54555529,Plein jour,En agglomération,Intersection en X,Normale,Deux véhicules - arrière,3,3,3,3,1,1,1,9,1,50,2,2,1,0,0,1,45.0,36.0,voiture,voiture,1,2,2,1,2
202300001864,2023-09-23 16:25:00,2023,9,23,16,25,93,93078,Boulevard Robert Ballanger / Av du Mal de Lattre de Tassigny,48.95772641,2.54555529,Plein jour,En agglomération,Intersection en X,Normale,Deux véhicules - arrière,3,3,4,0,1,1,1,0,1,-1,2,2,1,0,0,1,45.0,36.0,voiture,voiture,1,2,2,1,2
202300001865,2023-10-25 20:55:00,2023,10,25,20,55,22,22278,CAMUS (ALBERT),48.513,-2.745,Nuit avec éclairage allumé,En agglomération,Intersection en T,Pluie légère,Autre collision,4,2,2,0,1,1,2,5,1,30,1,2,1,0,0,1,52.0,,voiture,,5,2,3,2,6
202300001865,2023-10-25 20:55:00,2023,10,25,20,55,22,22278,CAMUS (ALBERT),48.513,-2.745,Nuit avec éclairage allumé,En agglomération,Intersection en T,Pluie légère,Autre collision,4,2,2,0,1,1,2,0,1,30,1,2,1,0,0,1,52.0,,voiture,,5,2,3,2,6
202300001866,2023-09-24 13:50:00,2023,9,24,13,50,93,93071,Rue Gabriel Péri / Rue Henri Martin,48.94067057,2.53179421,Plein jour,En agglomération,Intersection en T,Normale,Deux véhicules - côté,4,2,2,0,1,1,1,0,1,50,2,3,2,0,0,1,23.0,35.0,voiture,deux_roues,1,2,3,1,3
202300001866,2023-09-24 13:50:00,2023,9,24,13,50,93,93071,Rue Gabriel Péri / Rue Henri Martin,48.94067057,2.53179421,Plein jour,En agglomération,Intersection en T,Normale,Deux véhicules - côté,4,2,2,0,1,1,1,0,1,50,2,3,2,0,0,1,23.0,35.0,voiture,deux_roues,1,2,3,1,3
202300001867,2023-10-25 14:45:00,2023,10,25,14,45,17,17415,Départementale  137,45.71802624,-0.63565668,Plein jour,Hors agglomération,Place,Pluie légère,Deux véhicules - côté,3,2,2,0,2,1,2,0,1,80,2,3,0,0,0,3,81.0,54.0,voiture,voiture,1,1,7,2,3
202300001868,2023-09-24 22:00:00,2023,9,24,22,0,93,93070,Rue du Docteur Bauer,48.91253238,2.33545464,Nuit sans éclairage public,En agglomération,Hors intersection,Normale,Autre collision,3,1,2,0,1,1,1,0,1,50,1,2,1,0,0,1,44.0,,deux_roues,,3,2,1,1,6
202300001869,2023-10-25 17:15:00,2023,10,25,17,15,17,17306,Rue François Arago,45.63457,-0.9943,Plein jour,En agglomération,Intersection en T,Pluie forte,Deux véhicules - côté,4,2,2,0,1,3,2,5,1,50,2,2,1,0,0,1,30.0,56.0,voiture,voiture,1,2,3,3,3
202300001869,2023-10-25 17:15:00,2023,10,25,17,15,17,17306,Rue François Arago,45.63457,-0.9943,Plein jour,En agglomération,Intersection en T,Pluie forte,Deux véhicules - côté,4,2,2,0,1,1,2,5,1,50,2,2,1,0,0,1,30.0,56.0,voiture,voiture,1,2,3,3,3
202300001870,2023-10-25 14:00:00,2023,10,25,14,0,13,13209,ROMAIN ROLLAND (BOULEVARD),43.27046,5.40732,Plein jour,En agglomération,Intersection en T,Normale,Deux véhicules - côté,4,2,0,0,1,1,1,0,1,50,2,2,1,0,1,0,19.0,71.0,deux_roues,voiture,1,2,3,1,3
202300001870,2023-10-25 14:00:00,2023,10,25,14,0,13,13209,ROMAIN ROLLAND (BOULEVARD),43.27046,5.40732,Plein jour,En agglomération,Intersection en T,Normale,Deux véhicules - côté,4,2,0,0,1,1,1,0,1,50,2,2,1,0,1,0,19.0,71.0,deux_roues,voiture,1,2,3,1,3
202300001871,2023-09-24 17:22:00,2023,9,24,17,22,93,93066,Avenue de Stalingrad / Rue Guynemer,48.94551213,2.36380785,Plein jour,En agglomération,Intersection en X,Normale,Deux véhicules - côté,3,1,2,2,1,1,1,0,8,50,2,2,1,0,0,1,18.0,24.0,voiture,deux_roues,1,2,2,1,3
202300001871,2023-09-24 17:22:00,2023,9,24,17,22,93,93066,Avenue de Stalingrad / Rue Guynemer,48.94551213,2.36380785,Plein jour,En agglomération,Intersection en X,Normale,Deux véhicules - côté,3,2,4,2,1,1,1,0,1,50,2,2,1,0,0,1,18.0,24.0,voiture,deux_roues,1,2,2,1,3
202300001872,2023-09-24 15:15:00,2023,9,24,15,15,93,93051,Boulevard du Ru de Nesles / Rue des Aerostiers,48.8319,2.58404,Plein jour,En agglomération,Intersection en X,Normale,Deux véhicules - côté,3,2,2,1,1,1,1,0,1,50,2,2,1,0,0,1,26.0,22.0,voiture,autre,1,2,2,1,3
202300001872,2023-09-24 15:15:00,2023,9,24,15,15,93,93051,Boulevard du Ru de Nesles / Rue des Aerostiers,48.8319,2.58404,Plein jour,En agglomération,Intersection en X,Normale,Deux véhicules - côté,3,2,3,0,1,1,1,0,1,50,2,2,1,0,0,1,26.0,22.0,voiture,autre,1,2,2,1,3
202300001873,2023-10-25 09:20:00,2023,10,25,9,20,13,13213,RUE PAUL PREBOIST,43.33161957,5.45107974,Plein jour,En agglomération,Hors intersection,Normale,Deux véhicules - frontale,4,-1,2,0,1,2,1,0,1,50,2,4,2,0,0,2,22.0,,voiture,voiture,1,2,1,1,1
202300001874,2023-09-24 15:15:00,2023,9,24,15,15,93,93046,Allee Jean Coulon,48.92874,2.55512,Plein jour,En agglomération,Hors intersection,Normale,Sans collision,6,-1, -1,0,1,2,1,9,6,-1,1,4,1,0,0,3,66.0,,voiture,,1,2,1,1,7
202300001875,2023-10-25 09:57:00,2023,10,25,9,57,75,75105,BOULEVARD SAINT MARCEL,48.838967,2.358555,Plein jour,En agglomération,Intersection en T,Pluie légère,Autre collision,4,2,4,3,1,1,2,-1,6,30,1,2,1,0,1,0,33.0,,voiture,,1,2,3,2,6
202300001875,2023-10-25 09:57:00,2023,10,25,9,57,75,75105,BOULEVARD SAINT MARCEL,48.838967,2.358555,Plein jour,En agglomération,Intersection en T,Pluie légère,Autre collision,4,1, -1,0,1,1,2,-1,6,30,1,2,1,0,1,0,33.0,,voiture,,1,2,3,2,6
202300001876,2023-09-24 19:50:00,2023,9,24,19,50,92,92064,BUZENVAL,48.8530466,2.20164281,Nuit avec éclairage allumé,En agglomération,Autre intersection,Normale,Deux véhicules - frontale,3,2,2,0,1,1,1,0,1,50,2,2,1,0,0,1,66.0,18.0,voiture,deux_roues,5,2,9,1,1
202300001877,2023-10-25 07:35:00,2023,10,25,7,35,75,75105,RUE MONGE,48.844484,2.352407,Nuit avec éclairage allumé,En agglomération,Intersection en X,Pluie légère,Sans collision,4,1, -1,-1,1,1,2,0,1,-1,1,1,0,0,0,1,54.0,,deux_roues,,5,2,2,2,7