accident_id,datetime,annee,mois,jour,heure,minute,departement,commune_insee,adresse,latitude,longitude,luminosite,agglomeration,intersection,meteo,collision,catr,circ,nbv,vosp,prof,plan,surf,infra,situ,vma,nb_vehicules,nb_usagers,nb_indemnes,nb_tues,nb_blesses_hosp,nb_blesses_legers,age_cond_1,age_cond_2,veh_type_cond_1,veh_type_cond_2,lum_code,agg_code,int_code,atm_code,col_code
202300002022,2023-09-23 22:20:00,2023,9,23,22,20,11,11001,,43.22479,2.533937,Nuit sans éclairage public,Hors agglomération,Hors intersection,Normale,Autre collision,3,2,2,0,1,4,1,0,1,80,1,2,1,0,1,0,25.0,,voiture,,3,1,1,1,6
202300002023,2023-09-24 17:52:00,2023,9,24,17,52,84,84003,D943,43.870109,5.374535,Plein jour,Hors agglomération,Hors intersection,Normale,Autre collision,3,2,2,0,1,1,1,0,1,80,1,2,1,0,0,1,67.0,,voiture,,1,1,1,1,6
202300002024,2023-09-24 11:40:00,2023,9,24,11,40,04,04152,Chemin de Montfuron,43.808955,5.724456,Plein jour,Hors agglomération,Hors intersection,Normale,Sans collision,4,2,2,0,2,3,9,0,1,80,1,1,0,0,1,0,70.0,,deux_roues,,1,1,1,1,7
202300002025,2023-09-21 22:20:00,2023,9,21,22,20,26,26002,Autoroutes A7 PK 033+000,45.241899,4.841924,Nuit sans éclairage public,Hors agglomération,Hors intersection,Pluie légère,Trois véhicules et plus - collisions multiples,1,3,3,0,2,2,2,0,1,130,4,5,2,0,1,2,26.0,52.0,voiture,voiture,3,1,1,2,5
202300002026,2023-09-25 07:35:00,2023,9,25,7,35,67,67067,Rue de la Paix,48.734898,7.703953,Plein jour,En agglomération,Intersection en X,Normale,Autre collision,4,2,2,0,1,1,1,0,1,-1,1,3,1,0,1,1,22.0,,voiture,,1,2,2,1,6
202300002026,2023-09-25 07:35:00,2023,9,25,7,35,67,67067,Rue de la Paix,48.734898,7.703953,Plein jour,En agglomération,Intersection en X,Normale,Autre collision,4,2, -1,-1,1,1,1,0,1,-1,1,3,1,0,1,1,22.0,,voiture,,1,2,2,1,6
202300002027,2023-09-25 08:10:00,2023,9,25,8,10,54,54519,Rue d'Alsace,48.41207632,6.81017697,Crépuscule ou aube,En agglomération,Hors intersection,Normale,Deux véhicules - frontale,3,2,2,0,1,1,1,0,4,50,2,2,1,0,0,1,42.0,4.0,voiture,deux_roues,2,2,1,1,1
202300002028,2023-09-06 08:20:00,2023,9,6,8,20,69,69056,Impasse des Saillants,45.888739,4.613131,Plein jour,En agglomération,Intersection en T,Temps éblouissant,Deux véhicules - côté,3,2,2,2,1,1,1,0,5,70,2,2,1,0,1,0,37.0,78.0,utilitaire_camion,deux_roues,1,2,3,7,3
202300002028,2023-09-06 08:20:00,2023,9,6,8,20,69,69056,Impasse des Saillants,45.888739,4.613131,Plein jour,En agglomération,Intersection en T,Temps éblouissant,Deux véhicules - côté,3,2,2,0,1,2,1,0,5,-1,2,2,1,0,1,0,37.0,78.0,utilitaire_camion,deux_roues,1,2,3,7,3
202300002029,2023-09-25 15:40:00,2023,9,25,15,40,69,69099,1940  Route de Saint Laurent,45.733239,4.424939,Plein jour,Hors agglomération,Intersection en T,Normale,Deux véhicules - côté,3,2,2,0,1,1,1,5,1,80,2,2,1,0,1,0,33.0,17.0,deux_roues,utilitaire_camion,1,1,3,1,3
202300002029,2023-09-25 15:40:00,2023,9,25,15,40,69,69099,1940  Route de Saint Laurent,45.733239,4.424939,Plein jour,Hors agglomération,Intersection en T,Normale,Deux véhicules - côté,3,2,2,0,1,1,1,0,1,-1,2,2,1,0,1,0,33.0,17.0,deux_roues,utilitaire_camion,1,1,3,1,3
202300002030,2023-09-25 08:25:00,2023,9,25,8,25,31,31161,intersection rd 813 chemin des monges,43.488214,1.529632,Plein jour,Hors agglomération,Intersection en T,Normale,Deux véhicules - côté,3,3,2,0,1,1,1,0,1,80,2,2,1,0,0,1,57.0,62.0,deux_roues,voiture,1,1,3,1,3
202300002030,2023-09-25 08:25:00,2023,9,25,8,25,31,31161,intersection rd 813 chemin des monges,43.488214,1.529632,Plein jour,Hors agglomération,Intersection en T,Normale,Deux véhicules - côté,3,2,2,0,1,1,1,5,1,50,2,2,1,0,0,1,57.0,62.0,deux_roues,voiture,1,1,3,1,3
202300002031,2023-09-20 06:30:00,2023,9,20,6,30,33,33184,les forgettes,45.168622,-0.543593,Nuit sans éclairage public,Hors agglomération,Intersection en X,Normale,Deux véhicules - côté,3,2,2,0,1,1,1,0,1,80,2,3,0,0,3,0,63.0,22.0,utilitaire_camion,voiture,3,1,2,1,3
202300002031,2023-09-20 06:30:00,2023,9,20,6,30,33,33184,les forgettes,45.168622,-0.543593,Nuit sans éclairage public,Hors agglomération,Intersection en X,Normale,Deux véhicules - côté,3,2,2,0,1,1,1,0,1,70,2,3,0,0,3,0,63.0,22.0,utilitaire_camion,voiture,3,1,2,1,3
202300002032,2023-09-24 19:05:00,2023,9,24,19,5,44,44073,Le Bois Sicard,47.457896,-1.690071,Plein jour,Hors agglomération,Intersection en X,Normale,Deux véhicules - côté,3,2,2,0,1,1,1,5,1,80,2,4,2,0,1,1,59.0,15.0,voiture,deux_roues,1,1,2,1,3
202300002032,2023-09-24 19:05:00,2023,9,24,19,5,44,44073,Le Bois Sicard,47.457896,-1.690071,Plein jour,Hors agglomération,Intersection en X,Normale,Deux véhicules - côté,3,2,2,0,1,1,1,5,1,70,2,4,2,0,1,1,59.0,15.0,voiture,deux_roues,1,1,2,1,3
202300002033,2023-09-22 18:50:00,2023,9,22,18,50,29,29161,Route de Goarem Kergrimen,47.919621,-4.027659,Plein jour,Hors agglomération,Hors intersection,Normale,Deux véhicules - frontale,4,2,2,0,1,4,1,0,1,70,2,2,0,0,0,2,36.0,64.0,voiture,utilitaire_camion,1,1,1,1,1
202300002034,2023-09-24 09:47:00,2023,9,24,9,47,13,13001,A51-Sens Marseille vers Aix en Provence,43.5032484,5.40804365,Plein jour,Hors agglomération,Hors intersection,Normale,Autre collision,1,1,2,0,3,1,1,0,1,70,1,1,0,0,0,1,23.0,,voiture,,1,1,1,1,6
202300002035,2023-09-24 06:40:00,2023,9,24,6,40,13,13026,A55-Sens Marseille vers Martigues,43.40117,5.10344,Nuit sans éclairage public,Hors agglomération,Hors intersection,Normale,Deux véhicules - frontale,1,1,2,0,1,1,1,0,1,110,2,2,0,0,0,2,22.0,28.0,voiture,voiture,3,1,1,1,1
202300002036,2023-08-21 20:48:00,2023,8,21,20,48,10,10081,OUEST (BD),48.30554891,4.02666092,Plein jour,En agglomération,Intersection en T,Normale,Deux véhicules - côté,4,2,2,0,1,1,1,0,8,50,2,3,2,0,0,1,28.0,19.0,voiture,voiture,1,2,3,1,3
202300002037,2023-08-21 14:42:00,2023,8,21,14,42,10,10081,PRESIDENT RENE COTY,48.31809,4.0375,Plein jour,En agglomération,Hors intersection,Normale,Autre collision,3,2,4,0,1,1,1,0,1,50,1,2,1,0,0,1,23.0,,voiture,,1,2,1,1,6
202300002038,2023-08-20 04:50:00,2023,8,20,4,50,06,06159,IMPERATRICE ANNA FEODOROVNA,43.702191,7.311298,Nuit avec éclairage allumé,En agglomération,Hors intersection,Normale,Autre collision,4,2,2,0,1,1,1,0,1,50,1,2,1,0,1,0,20.0,,voiture,,5,2,1,1,6
202300002039,2023-08-20 12:50:00,2023,8,20,12,50,06,06123,FAHNESTOCK G. CORNICHE,43.67432,7.1849,Plein jour,En agglomération,Hors intersection,Normale,Autre collision,7,2,2,0,2,1,1,0,1,30,1,1,0,0,0,1,19.0,,deux_roues,,1,2,1,1,6
202300002040,2023-08-20 04:55:00,2023,8,20,4,55,06,06155,LIBERTE AV.DE LA,43.569556,7.077167,Nuit avec éclairage non allumé,En agglomération,Intersection en X,Normale,Sans collision,3,2,2,0,1,1,1,0,1,50,1,1,0,1,0,0,17.0,,deux_roues,,4,2,2,1,7
202300002040,2023-08-20 04:55:00,2023,8,20,4,55,06,06155,LIBERTE AV.DE LA,43.569556,7.077167,Nuit avec éclairage non allumé,En agglomération,Intersection en X,Normale,Sans collision,3,2,2,0,1,1,1,0,1,50,1,1,0,1,0,0,17.0,,deux_roues,,4,2,2,1,7
202300002041,2023-08-22 18:53:00,2023,8,22,18,53,06,06155,POSTE AV.DE LA,43.56875,7.07299,Plein jour,En agglomération,Hors intersection,Normale,Deux véhicules - frontale,4,2,2,0,1,1,1,0,1,50,2,2,1,0,0,1,51.0,67.0,deux_roues,voiture,1,2,1,1,1
202300002042,2023-08-21 20:30:00,2023,8,21,20,30,75,75119,PORTE D AUBERVILLIERS,48.900606,2.373933,Plein jour,En agglomération,Hors intersection,Normale,Deux véhicules - côté,4,1,4,0,1,1,1,0,1,70,2,3,2,0,0,1,67.0,20.0,voiture,deux_roues,1,2,1,1,3
202300002043,2023-08-23 12:30:00,2023,8,23,12,30,75,75106,RUE DE SEVRES,48.850233,2.324167,Plein jour,En agglomération,Intersection en X,Normale,Deux véhicules - côté,4,2, -1,-1,1,1,1,0,1,-1,2,2,1,0,0,1,25.0,45.0,utilitaire_camion,deux_roues,1,2,2,1,3
202300002043,2023-08-23 12:30:00,2023,8,23,12,30,75,75106,RUE DE SEVRES,48.850233,2.324167,Plein jour,En agglomération,Intersection en X,Normale,Deux véhicules - côté,4,2,3,2,1,1,1,0,1,30,2,2,1,0,0,1,25.0,45.0,utilitaire_camion,deux_roues,1,2,2,1,3
202300002044,2023-08-21 14:20:00,2023,8,21,14,20,75,75106,BOULEVARD SAINT GERMAIN,48.852093,2.340315,Plein jour,En agglomération,Intersection en X,Normale,Deux véhicules - côté,4,1,4,0,1,1,1,0,1,30,2,2,1,0,0,1,46.0,19.0,voiture,deux_roues,1,2,2,1,3
202300002044,2023-08-21 14:20:00,2023,8,21,14,20,75,75106,BOULEVARD SAINT GERMAIN,48.852093,2.340315,Plein jour,En agglomération,Intersection en X,Normale,Deux véhicules - côté,4,1,2,0,1,1,1,0,1,30,2,2,1,0,0,1,46.0,19.0,voiture,deux_roues,1,2,2,1,3
202300002045,2023-08-23 18:50:00,2023,8,23,18,50,75,75120,BD PERIPHERIQUE INTERIEUR,48.849206,2.414929,Plein jour,En agglomération,Hors intersection,Pluie légère,Deux véhicules - côté,4,1,4,0,1,1,2,9,1,70,2,2,1,0,0,1,30.0,42.0,deux_roues,voiture,1,2,1,2,3
202300002046,2023-08-21 13:10:00,2023,8,21,13,10,75,75120,AVENUE IBSEN,48.866486,2.412668,Plein jour,En agglomération,Intersection en Y,Normale,Sans collision,4,1,5,1,1,1,1,-1,5,30,1,1,0,0,1,0,19.0,,deux_roues,,1,2,4,1,7
202300002046,2023-08-21 13:10:00,2023,8,21,13,10,75,75120,AVENUE IBSEN,48.866486,2.412668,Plein jour,En agglomération,Intersection en Y,Normale,Sans collision,4,1,3,0,3,1,1,9,5,50,1,1,0,0,1,0,19.0,,deux_roues,,1,2,4,1,7
202300002047,2023-08-21 17:40:00,2023,8,21,17,40,75,75119,PLACE SKANDERBEG,48.900387,2.370399,Plein jour,En agglomération,Place,Normale,Sans collision,4,1, -1,-1,1,2,1,0,1,30,1,1,0,0,0,1,38.0,,deux_roues,,1,2,7,1,7
202300002047,2023-08-21 17:40:00,2023,8,21,17,40,75,75119,PLACE SKANDERBEG,48.900387,2.370399,Plein jour,En agglomération,Place,Normale,Sans collision,4,4,4,1,1,2,1,0,1,30,1,1,0,0,0,1,38.0,,deux_roues,,1,2,7,1,7
202300002048,2023-08-21 14:50:00,2023,8,21,14,50,75,75119,BOULEVARD DE LA VILLETTE,48.878432,2.370451,Plein jour,En agglomération,Intersection en T,Normale,Sans collision,4,1,6,1,1,1,1,0,1,30,1,1,0,0,0,1,36.0,,deux_roues,,1,2,3,1,7
202300002048,2023-08-21 14:50:00,2023,8,21,14,50,75,75119,BOULEVARD DE LA VILLETTE,48.878432,2.370451,Plein jour,En agglomération,Intersection en T,Normale,Sans collision,4,1, -1,-1,1,2,1,0,1,30,1,1,0,0,0,1,36.0,,deux_roues,,1,2,3,1,7
202300002049,2023-08-23 05:40:00,2023,8,23,5,40,75,75118,BOULEVARD NEY,48.898695,2.367626,Crépuscule ou aube,En agglomération,Hors intersection,Normale,Deux véhicules - frontale,4,2,2,0,1,1,1,0,1,50,2,2,0,0,0,2,29.0,31.0,utilitaire_camion,deux_roues,2,2,1,1,1
202300002050,2023-08-23 09:05:00,2023,8,23,9,5,75,75117,RUE GUERSANT,48.88152,2.289212,Plein jour,En agglomération,Intersection en T,Normale,Autre collision,4,1, -1,-1,1,1,1,0,1,-1,1,2,0,0,0,2,50.0,,deux_roues,,1,2,3,1,6
202300002050,2023-08-23 09:05:00,2023,8,23,9,5,75,75117,RUE GUERSANT,48.88152,2.289212,Plein jour,En agglomération,Intersection en T,Normale,Autre collision,4,1,1,0,1,1,1,0,1,30,1,2,0,0,0,2,50.0,,deux_roues,,1,2,3,1,6
202300002051,2023-08-22 19:10:00,2023,8,22,19,10,75,75116,BOULEVARD MURAT,48.837105,2.260132,Plein jour,En agglomération,Intersection en X,Normale,Deux véhicules - côté,4,-1,1,0,1,1,1,0,1,30,2,2,1,0,0,1,20.0,62.0,deux_roues,voiture,1,2,2,1,3
202300002051,2023-08-22 19:10:00,2023,8,22,19,10,75,75116,BOULEVARD MURAT,48.837105,2.260132,Plein jour,En agglomération,Intersection en X,Normale,Deux véhicules - côté,4,1,2,0,1,1,1,0,1,30,2,2,1,0,0,1,20.0,62.0,deux_roues,voiture,1,2,2,1,3
202300002052,2023-08-22 15:45:00,2023,8,22,15,45,75,75116,AVENUE MARCEAU,48.867456,2.299239,Plein jour,En agglomération,Intersection en X,Normale,Deux véhicules - côté,4,2,4,0,2,1,1,0,1,30,2,4,3,0,0,1,72.0,41.0,voiture,autre,1,2,2,1,3
202300002052,2023-08-22 15:45:00,2023,8,22,15,45,75,75116,AVENUE MARCEAU,48.867456,2.299239,Plein jour,En agglomération,Intersection en X,Normale,Deux véhicules - côté,4,2,2,0,1,1,1,0,1,30,2,4,3,0,0,1,72.0,41.0,voiture,autre,1,2,2,1,3
202300002053,2023-08-23 16:25:00,2023,8,23,16,25,75,75115,BOULEVARD LEFEBVRE,48.828179,2.302783,Plein jour,En agglomération,Intersection en T,Normale,Deux véhicules - arrière,4,-1,1,0,1,1,1,0,1,30,2,2,1,0,0,1,42.0,25.0,voiture,deux_roues,1,2,3,1,2
202300002053,2023-08-23 16:25:00,2023,8,23,16,25,75,75115,BOULEVARD LEFEBVRE,48.828179,2.302783,Plein jour,En agglomération,Intersection en T,Normale,Deux véhicules - arrière,4,1, -1,-1,1,1,1,0,1,-1,2,2,1,0,0,1,42.0,25.0,voiture,deux_roues,1,2,3,1,2
202300002054,2023-08-23 08:15:00,2023,8,23,8,15,75,75115,QUAI D ISSY LES MOULINEAUX,48.83514541,2.26635933,Plein jour,En agglomération,Hors intersection,Temps éblouissant,Deux véhicules - côté,4,-1,2,0,1,1,1,0,1,30,2,2,1,0,0,1,57.0,39.0,deux_roues,utilitaire_camion,1,2,1,7,3
202300002055,2023-08-21 18:30:00,2023,8,21,18,30,75,75115,AVENUE DE LA PORTE DE SEVRES,48.835136,2.277845,Plein jour,En agglomération,Hors intersection,Normale,Sans collision,4,1,1,3,1,1,1,8,1,50,1,1,0,0,0,1,39.0,,deux_roues,,1,2,1,1,7
202300002056,2023-08-23 12:20:00,2023,8,23,12,20,75,75114,AVENUE DU MAINE,48.837542,2.322941,Plein jour,En agglomération,Intersection à plus de 4 branches,Normale,Autre collision,4,-1,4,0,1,1,1,0,1,30,1,1,0,0,0,1,42.0,,deux_roues,,1,2,5,1,6
202300002056,2023-08-23 12:20:00,2023,8,23,12,20,75,75114,AVENUE DU MAINE,48.837542,2.322941,Plein jour,En agglomération,Intersection à plus de 4 branches,Normale,Autre collision,4,-1,4,0,1,1,1,0,1,30,1,1,0,0,0,1,42.0,,deux_roues,,1,2,5,1,6
202300002057,2023-08-23 20:10:00,2023,8,23,20,10,75,75115,PORT DE JAVEL BAS,48.846621,2.276936,Nuit avec éclairage allumé,En agglomération,Hors intersection,Normale,Autre collision,4,1,1,0,1,1,1,6,1,30,1,1,0,0,1,0,65.0,,deux_roues,,5,2,1,1,6
202300002058,2023-08-23 20:50:00,2023,8,23,20,50,75,75112,RUE DES MEUNIERS,48.834176,2.397716,Nuit avec éclairage allumé,En agglomération,Intersection en T,Normale,Autre collision,4,2, -1,-1,1,1,1,0,1,-1,1,2,1,0,0,1,20.0,,utilitaire_camion,,5,2,3,1,6
202300002058,2023-08-23 20:50:00,2023,8,23,20,50,75,75112,RUE DES MEUNIERS,48.834176,2.397716,Nuit avec éclairage allumé,En agglomération,Intersection en T,Normale,Autre collision,4,1,1,0,1,1,1,0,1,30,1,2,1,0,0,1,20.0,,utilitaire_camion,,5,2,3,1,6
202300002059,2023-08-21 09:10:00,2023,8,21,9,10,75,75116,VOIE GEORGES POMPIDOU,48.853316,2.281972,Plein jour,En agglomération,Autre intersection,Normale,Deux véhicules - côté,4,1,2,1,1,1,1,0,1,50,2,2,0,0,0,2,39.0,31.0,deux_roues,deux_roues,1,2,9,1,3
202300002060,2023-08-21 00:30:00,2023,8,21,0,30,75,75107,PONT D IENA,48.859456,2.292652,Nuit avec éclairage allumé,En agglomération,Hors intersection,Normale,Autre collision,4,2,4,2,1,1,1,2,1,30,1,2,1,0,0,1,,,voiture,,5,2,1,1,6
202300002061,2023-08-23 18:10:00,2023,8,23,18,10,94,94041,Rue Carnot,48.80802566,2.37068331,Plein jour,En agglomération,Hors intersection,Normale,Autre collision,4,2,4,0,1,2,1,0,3,50,1,1,0,0,0,1,40.0,,voiture,,1,2,1,1,6
202300002062,2023-08-17 09:25:00,2023,8,17,9,25,94,94041,Boulevard de Stalingrad,48.80592,2.37602,Plein jour,En agglomération,Autre intersection,Normale,Deux véhicules - côté,3,-1,4,1,1,3,1,6,5,50,2,2,1,0,0,1,63.0,56.0,utilitaire_camion,autre,1,2,9,1,3
202300002063,2023-08-23 17:40:00,2023,8,23,17,40,94,94021,Avenue Georges Guynemer,48.763618,2.339251,Plein jour,En agglomération,Hors intersection,Normale,Deux véhicules - arrière,3,3,2,0,1,1,1,0,1,50,2,2,1,0,0,1,59.0,55.0,voiture,voiture,1,2,1,1,2
202300002064,2023-08-16 11:41:00,2023,8,16,11,41,94,94028,Rue des Mèches,48.7923,2.4577,Plein jour,En agglomération,Hors intersection,Normale,Deux véhicules - arrière,3,2,5,0,1,1,1,0,1,50,2,2,1,0,0,1,46.0,40.0,deux_roues,utilitaire_camion,1,2,1,1,2
202300002065,2023-08-23 20:55:00,2023,8,23,20,55,94,94022,Avenue Victor Hugo,48.76881,2.42073,Crépuscule ou aube,En agglomération,Intersection en X,Normale,Deux véhicules - côté,3,-1,2,3,1,1,1,5,1,50,2,2,1,0,0,1,24.0,40.0,voiture,deux_roues,2,2,2,1,3
202300002065,2023-08-23 20:55:00,2023,8,23,20,55,94,94022,Avenue Victor Hugo,48.76881,2.42073,Crépuscule ou aube,En agglomération,Intersection en X,Normale,Deux véhicules - côté,3,2,2,0,1,1,1,0,6,50,2,2,1,0,0,1,24.0,40.0,voiture,deux_roues,2,2,2,1,3
202300002066,2023-08-23 14:40:00,2023,8,23,14,40,93,93066,Rue Gabriel Péri / Rue Franciade,48.93252323,2.35565076,Plein jour,En agglomération,Intersection en X,Normale,Deux véhicules - frontale,4,1,1,2,1,1,1,0,1,50,2,2,1,0,0,1,41.0,19.0,deux_roues,voiture,1,2,2,1,1
202300002066,2023-08-23 14:40:00,2023,8,23,14,40,93,93066,Rue Gabriel Péri / Rue Franciade,48.93252323,2.35565076,Plein jour,En agglomération,Intersection en X,Normale,Deux véhicules - frontale,4,2,2,2,1,1,1,0,1,50,2,2,1,0,0,1,41.0,19.0,deux_roues,voiture,1,2,2,1,1
202300002067,2023-08-23 06:45:00,2023,8,23,6,45,93,93066,Boulevard de la Libération / Rue Michael Faraday,48.92254366,2.34324151,Crépuscule ou aube,En agglomération,Intersection en T,Normale,Deux véhicules - côté,3,2,2,0,1,1,1,0,1,50,2,2,1,0,0,1,50.0,39.0,deux_roues,voiture,2,2,3,1,3
202300002067,2023-08-23 06:45:00,2023,8,23,6,45,93,93066,Boulevard de la Libération / Rue Michael Faraday,48.92254366,2.34324151,Crépuscule ou aube,En agglomération,Intersection en T,Normale,Deux véhicules - côté,3,3,3,0,1,1,1,0,1,50,2,2,1,0,0,1,50.0,39.0,deux_roues,voiture,2,2,3,1,3
202300002068,2023-08-23 06:50:00,2023,8,23,6,50,93,93050,Boulevard du Marechal Foch,48.85376,2.517723,Crépuscule ou aube,En agglomération,Autre intersection,Normale,Deux véhicules - côté,3,1,4,3,1,1,1,0,6,50,2,2,1,0,0,1,29.0,42.0,utilitaire_camion,voiture,2,2,9,1,3
202300002069,2023-08-23 17:35:00,2023,8,23,17,35,93,93048,Bd Paul Vaillant Couturier,48.865604,2.44385,Plein jour,En agglomération,Hors intersection,Normale,Autre collision,3,2,2,1,1,1,1,0,8,50,1,2,1,0,0,1,57.0,,voiture,,1,2,1,1,6
202300002070,2023-08-22 21:20:00,2023,8,22,21,20,93,93063,Avenue Lénine / Rue Vassou,48.8847,2.431,Nuit avec éclairage allumé,En agglomération,Intersection en T,Normale,Deux véhicules - côté,3,2,2,0,1,1,1,0,1,30,2,2,1,0,0,1,21.0,20.0,voiture,deux_roues,5,2,3,1,3
202300002070,2023-08-22 21:20:00,2023,8,22,21,20,93,93063,Avenue Lénine / Rue Vassou,48.8847,2.431,Nuit avec éclairage allumé,En agglomération,Intersection en T,Normale,Deux véhicules - côté,3,2,2,0,1,1,1,0,1,30,2,2,1,0,0,1,21.0,20.0,voiture,deux_roues,5,2,3,1,3
202300002071,2023-08-23 14:10:00,2023,8,23,14,10,93,93010,GALLIENI (AV.) DE 1 A 109,48.904252,2.472506,Plein jour,En agglomération,Intersection en T,Normale,Deux véhicules - côté,3,-1,3,0,1,1,1,2,1,50,2,4,3,0,0,1,29.0,27.0,voiture,transport_commun,1,2,3,1,3
202300002071,2023-08-23 14:10:00,2023,8,23,14,10,93,93010,GALLIENI (AV.) DE 1 A 109,48.904252,2.472506,Plein jour,En agglomération,Intersection en T,Normale,Deux véhicules - côté,3,1, -1,-1,1,1,1,5,1,-1,2,4,3,0,0,1,29.0,27.0,voiture,transport_commun,1,2,3,1,3
202300002072,2023-08-22 17:15:00,2023,8,22,17,15,93,93001,Rue de Saint Denis / Rue de Valmy,48.92102665,2.37692771,Plein jour,En agglomération,Intersection en T,Normale,Deux véhicules - frontale,3,3,3,0,1,1,1,0,1,30,2,2,1,0,0,1,29.0,24.0,voiture,deux_roues,1,2,3,1,1
202300002072,2023-08-22 17:15:00,2023,8,22,17,15,93,93001,Rue de Saint Denis / Rue de Valmy,48.92102665,2.37692771,Plein jour,En agglomération,Intersection en T,Normale,Deux véhicules - frontale,3,2,2,0,1,1,1,0,1,30,2,2,1,0,0,1,29.0,24.0,voiture,deux_roues,1,2,3,1,1
202300002073,2023-08-14 16:15:00,2023,8,14,16,15,92,92078,VERDUN (AVENUE) (PAIRS 92 ET PLUS),48.93486443,2.32484132,Plein jour,En agglomération,Intersection en X,Temps couvert,Deux véhicules - côté,3,2,4,2,1,1,1,5,1,-1,2,2,1,0,1,0,40.0,31.0,deux_roues,voiture,1,2,2,8,3
202300002073,2023-08-14 16:15:00,2023,8,14,16,15,92,92078,VERDUN (AVENUE) (PAIRS 92 ET PLUS),48.93486443,2.32484132,Plein jour,En agglomération,Intersection en X,Temps couvert,Deux véhicules - côté,3,2,4,0,1,1,1,5,1,50,2,2,1,0,1,0,40.0,31.0,deux_roues,voiture,1,2,2,8,3
202300002074,2023-08-22 18:17:00,2023,8,22,18,17,92,92073,LOUCHEUR (BOULEVARD LOUIS),48.86049799,2.21321797,Plein jour,En agglomération,Hors intersection,Normale,Deux véhicules - côté,3,2,4,0,2,1,1,0,1,50,2,2,1,0,0,1,23.0,31.0,voiture,deux_roues,1,2,1,1,3
202300002075,2023-08-15 19:55:00,2023,8,15,19,55,92,92072,BRUYERES (RUE DES),48.8210288,2.21881092,Plein jour,En agglomération,Hors intersection,Normale,Autre collision,4,2,3,0,2,2,1,0,1,40,1,2,0,0,0,2,18.0,,deux_roues,,1,2,1,1,6
202300002076,2023-08-23 16:50:00,2023,8,23,16,50,92,92063,MONTBRISON (RUE DU LIEUTENANT COLONEL DE,48.85944556,2.19464564,Plein jour,En agglomération,Autre intersection,Normale,Deux véhicules - côté,4,2,2,0,1,1,1,0,1,50,2,2,1,0,0,1,52.0,43.0,voiture,deux_roues,1,2,9,1,3
202300002077,2023-08-23 01:45:00,2023,8,23,1,45,92,92051,"CHARLES DE GAULLE (AVENUE, N° 18 A 116)",48.88069412,2.27409929,Nuit avec éclairage allumé,En agglomération,Hors intersection,Normale,Autre collision,2,2,6,0,1,1,1,0,1,50,2,2,1,0,0,1,64.0,40.0,voiture,deux_roues,5,2,1,1,6
202300002078,2023-08-23 09:50:00,2023,8,23,9,50,92,92044,ANA.FRANCE(RUE) 141+ ET 126 +,48.89861,2.27913,Plein jour,En agglomération,Hors intersection,Normale,Deux véhicules - côté,4,1,4,0,1,1,1,0,1,50,2,2,1,0,0,1,25.0,37.0,voiture,deux_roues,1,2,1,1,3
202300002079,2023-08-23 19:29:00,2023,8,23,19,29,92,92025,STALINGRAD (AV DE),48.92781231,2.27181718,Plein jour,En agglomération,Intersection en T,Normale,Autre collision,3,2,4,0,1,1,1,0,1,50,2,2,1,0,0,1,,35.0,deux_roues,deux_roues,1,2,3,1,6
202300002079,2023-08-23 19:29:00,2023,8,23,19,29,92,92025,STALINGRAD (AV DE),48.92781231,2.27181718,Plein jour,En agglomération,Intersection en T,Normale,Autre collision,3,-1,4,0,1,1,1,0,1,50,2,2,1,0,0,1,,35.0,deux_roues,deux_roues,1,2,3,1,6
202300002080,2023-08-16 10:10:00,2023,8,16,10,10,92,92024,VICTOR MERIC (RUE),48.90122698,2.30540916,Plein jour,En agglomération,Intersection en X,Normale,Autre collision,3,1,3,2,1,1,1,0,1,50,1,2,1,0,0,1,38.0,,utilitaire_camion,,1,2,2,1,6
202300002080,2023-08-16 10:10:00,2023,8,16,10,10,92,92024,VICTOR MERIC (RUE),48.90122698,2.30540916,Plein jour,En agglomération,Intersection en X,Normale,Autre collision,3,1,1,0,1,1,1,0,1,50,1,2,1,0,0,1,38.0,,utilitaire_camion,,1,2,2,1,6
202300002081,2023-08-23 12:00:00,2023,8,23,12,0,92,92012,ANDRE MORIZET (AVENUE) - 49/FIN - 54/FIN,48.83690491,2.23635776,Plein jour,En agglomération,Hors intersection,Normale,Autre collision,3,2,2,0,1,1,1,0,1,50,1,1,0,0,1,0,21.0,,deux_roues,,1,2,1,1,6
202300002082,2023-08-16 09:22:00,2023,8,16,9,22,92,92012,PARIS (RUE DE) 1/97 - 2/114,48.8399956,2.24561244,Plein jour,En agglomération,Hors intersection,Normale,Autre collision,4,1,1,2,1,1,1,0,5,30,1,2,1,0,0,1,23.0,,deux_roues,,1,2,1,1,6
202300002083,2023-08-23 12:55:00,2023,8,23,12,55,39,39437,,46.718145,5.785612,Plein jour,Hors agglomération,Hors intersection,Normale,Trois véhicules et plus - collisions multiples,3,2,2,0,1,1,1,0,1,90,3,3,1,0,2,0,24.0,22.0,deux_roues,deux_roues,1,1,1,1,5
202300002084,2023-08-21 16:40:00,2023,8,21,16,40,14,14162,La Lande,48.899832,-0.462917,Plein jour,Hors agglomération,Hors intersection,Normale,Autre collision,4,2,2,0,1,1,1,0,3,50,1,2,1,0,1,0,13.0,,deux_roues,,1,1,1,1,6