accident_id,datetime,annee,mois,jour,heure,minute,departement,commune_insee,adresse,latitude,longitude,luminosite,agglomeration,intersection,meteo,collision,catr,circ,nbv,vosp,prof,plan,surf,infra,situ,vma,nb_vehicules,nb_usagers,nb_indemnes,nb_tues,nb_blesses_hosp,nb_blesses_legers,age_cond_1,age_cond_2,veh_type_cond_1,veh_type_cond_2,lum_code,agg_code,int_code,atm_code,col_code
202300002156,2023-05-05 19:40:00,2023,5,5,19,40,75,75101,BOULEVARD DE SEBASTOPOL,48.861984,2.350172,Crépuscule ou aube,En agglomération,Intersection en T,Pluie légère,Deux véhicules - arrière,4,-1,1,3,1,1,2,0,1,20,2,2,1,0,0,1,38.0,38.0,deux_roues,deux_roues,2,2,3,2,2
202300002157,2023-09-08 15:30:00,2023,9,8,15,30,36,36033,,46.50995032,1.5070412,Plein jour,Hors agglomération,Hors intersection,Normale,Autre collision,1,3,4,0,2,1,1,3,3,130,1,1,0,0,1,0,54.0,,voiture,,1,1,1,1,6
202300002158,2023-05-05 18:30:00,2023,5,5,18,30,75,75102,RUE D ABOUKIR,48.867571,2.346374,Plein jour,En agglomération,Intersection en X,Normale,Sans collision,4,2,2,2,1,1,1,0,4,30,1,1,0,0,0,1,26.0,,deux_roues,,1,2,2,1,7
202300002158,2023-05-05 18:30:00,2023,5,5,18,30,75,75102,RUE D ABOUKIR,48.867571,2.346374,Plein jour,En agglomération,Intersection en X,Normale,Sans collision,4,1,3,3,1,1,1,0,4,30,1,1,0,0,0,1,26.0,,deux_roues,,1,2,2,1,7
202300002159,2023-05-05 20:20:00,2023,5,5,20,20,94,94068,Rue Traversière,48.80425386,2.47119065,Plein jour,En agglomération,Hors intersection,Normale,Deux véhicules - côté,4,1,1,0,1,1,1,0,1,30,2,2,1,0,0,1,31.0,34.0,deux_roues,voiture,1,2,1,1,3
202300002160,2023-11-28 09:45:00,2023,11,28,9,45,71,71420,Rue de la Poste,46.698104,4.979017,Plein jour,Hors agglomération,Intersection en T,Pluie légère,Deux véhicules - côté,3,2,2,0,4,1,2,0,1,80,2,2,0,0,1,1,28.0,67.0,utilitaire_camion,voiture,1,1,3,2,3
202300002160,2023-11-28 09:45:00,2023,11,28,9,45,71,71420,Rue de la Poste,46.698104,4.979017,Plein jour,Hors agglomération,Intersection en T,Pluie légère,Deux véhicules - côté,3,2,2,0,1,1,2,0,1,80,2,2,0,0,1,1,28.0,67.0,utilitaire_camion,voiture,1,1,3,2,3
202300002161,2023-05-05 11:45:00,2023,5,5,11,45,94,94068,Avenue du Bac,48.79275,2.51667,Plein jour,En agglomération,Intersection en X,Normale,Autre collision,3,2,2,3,1,1,1,0,1,30,1,2,1,0,0,1,44.0,,utilitaire_camion,,1,2,2,1,6
202300002161,2023-05-05 11:45:00,2023,5,5,11,45,94,94068,Avenue du Bac,48.79275,2.51667,Plein jour,En agglomération,Intersection en X,Normale,Autre collision,3,1,1,0,1,1,1,0,1,30,1,2,1,0,0,1,44.0,,utilitaire_camion,,1,2,2,1,6
202300002162,2023-11-28 23:00:00,2023,11,28,23,0,30,30331,d5,44.109128,4.574561,Nuit sans éclairage public,Hors agglomération,Hors intersection,Normale,Autre collision,3,2,2,0,2,3,1,0,8,80,1,3,0,0,1,2,38.0,,voiture,,3,1,1,1,6
202300002163,2023-05-05 13:10:00,2023,5,5,13,10,94,94015,Boulevard Pasteur,48.83194474,2.5329929,Plein jour,En agglomération,Giratoire,Temps couvert,Deux véhicules - côté,3,1,2,0,1,2,1,0,1,50,2,2,1,0,0,1,31.0,33.0,voiture,deux_roues,1,2,6,8,3
202300002163,2023-05-05 13:10:00,2023,5,5,13,10,94,94015,Boulevard Pasteur,48.83194474,2.5329929,Plein jour,En agglomération,Giratoire,Temps couvert,Deux véhicules - côté,3,1,1,0,1,3,1,0,1,50,2,2,1,0,0,1,31.0,33.0,voiture,deux_roues,1,2,6,8,3
202300002164,2023-11-28 18:45:00,2023,11,28,18,45,57,57602,D1,49.250462,6.203139,Nuit sans éclairage public,Hors agglomération,Hors intersection,Normale,Deux véhicules - frontale,3,2,2,0,1,1,1,0,1,80,2,4,3,0,1,0,57.0,20.0,utilitaire_camion,voiture,3,1,1,1,1
202300002165,2023-05-05 20:30:00,2023,5,5,20,30,94,94073,Boulevard du Nord,48.758562,2.370985,Crépuscule ou aube,En agglomération,Autre intersection,Normale,Deux véhicules - côté,6,-1,0,0,1,1,2,9,8,50,2,3,2,0,0,1,26.0,,voiture,voiture,2,2,9,1,3
202300002166,2023-05-05 07:10:00,2023,5,5,7,10,94,94033,  Av. du Maréchal de Lattre de Tassigny,48.8581,2.49136,Crépuscule ou aube,En agglomération,Hors intersection,Pluie légère,Sans collision,3,3,4,2,1,2,2,0,1,50,1,1,0,0,1,0,30.0,,deux_roues,,2,2,1,2,7
202300002167,2023-11-13 19:30:00,2023,11,13,19,30,95,95612,D47,49.001555,2.464505,Nuit sans éclairage public,Hors agglomération,Hors intersection,Normale,Sans collision,3,2,2,0,1,1,1,0,1,70,1,1,0,0,1,0,55.0,,deux_roues,,3,1,1,1,7
202300002168,2023-05-05 20:02:00,2023,5,5,20,2,94,94071,Rue Henri Dunant,48.766254,2.528959,Plein jour,En agglomération,Hors intersection,Temps couvert,Autre collision,4,1,1,0,1,1,2,0,1,30,1,2,1,0,0,1,44.0,,voiture,,1,2,1,8,6
202300002169,2023-11-25 09:05:00,2023,11,25,9,5,76,76014,D125,49.59267763,0.26947975,Crépuscule ou aube,Hors agglomération,Hors intersection,Temps éblouissant,Autre collision,3,2,2,0,1,1,1,0,1,80,1,2,1,0,0,1,65.0,,utilitaire_camion,,2,1,1,7,6
202300002170,2023-05-05 10:00:00,2023,5,5,10,0,93,93078,Chemin des Fontaines,48.9648,2.53225,Plein jour,En agglomération,Hors intersection,Pluie légère,Autre collision,4,1,1,0,2,3,8,0,1,50,1,2,1,0,0,1,26.0,,autre,,1,2,1,2,6
202300002171,2023-05-04 14:05:00,2023,5,4,14,5,93,93078,Avenue Georges Clémenceau / Boulevard Robert Ballanger,48.96155,2.555,Plein jour,En agglomération,Giratoire,Normale,Deux véhicules - arrière,3,3,4,0,1,1,1,0,1,50,2,2,1,0,0,1,39.0,38.0,voiture,transport_commun,1,2,6,1,2
202300002171,2023-05-04 14:05:00,2023,5,4,14,5,93,93078,Avenue Georges Clémenceau / Boulevard Robert Ballanger,48.96155,2.555,Plein jour,En agglomération,Giratoire,Normale,Deux véhicules - arrière,3,3,4,-1,1,1,1,0,1,-1,2,2,1,0,0,1,39.0,38.0,voiture,transport_commun,1,2,6,1,2
202300002172,2023-11-29 06:00:00,2023,11,29,6,0,76,76449,D929,49.671804,1.165484,Nuit sans éclairage public,Hors agglomération,Intersection en T,Normale,Deux véhicules - côté,3,2,2,0,1,1,1,0,1,80,2,2,1,0,1,0,20.0,45.0,voiture,deux_roues,3,1,3,1,3
202300002172,2023-11-29 06:00:00,2023,11,29,6,0,76,76449,D929,49.671804,1.165484,Nuit sans éclairage public,Hors agglomération,Intersection en T,Normale,Deux véhicules - côté,3,2,2,0,1,1,1,0,8,80,2,2,1,0,1,0,20.0,45.0,voiture,deux_roues,3,1,3,1,3
202300002173,2023-05-05 08:00:00,2023,5,5,8,0,93,93005,Route de Mitry,48.94602499,2.51023656,Plein jour,En agglomération,Hors intersection,Pluie légère,Deux véhicules - côté,3,3,4,0,1,1,2,0,1,50,2,2,1,0,0,1,26.0,58.0,deux_roues,transport_commun,1,2,1,2,3
202300002174,2023-11-29 06:30:00,2023,11,29,6,30,79,79185,,46.274642,-0.240133,Nuit sans éclairage public,Hors agglomération,Hors intersection,Normale,Deux véhicules - arrière,3,2,3,0,1,1,1,0,1,90,2,2,1,1,0,0,31.0,30.0,utilitaire_camion,deux_roues,3,1,1,1,2
202300002175,2023-11-25 00:55:00,2023,11,25,0,55,63,63364,D2089,45.827483,3.447454,Nuit sans éclairage public,Hors agglomération,Hors intersection,Normale,Autre collision,3,2,2,0,1,1,2,0,3,90,1,2,1,0,1,0,23.0,,voiture,,3,1,1,1,6
202300002176,2023-05-04 22:50:00,2023,5,4,22,50,93,93070,Boulevard Jean Jaurès / Rue du Docteur Bauer,48.9129,2.33506,Nuit avec éclairage allumé,En agglomération,Intersection en X,Normale,Autre collision,3,3,4,0,1,1,1,0,1,50,1,2,1,0,0,1,89.0,,voiture,,5,2,2,1,6
202300002176,2023-05-04 22:50:00,2023,5,4,22,50,93,93070,Boulevard Jean Jaurès / Rue du Docteur Bauer,48.9129,2.33506,Nuit avec éclairage allumé,En agglomération,Intersection en X,Normale,Autre collision,3,3,4,-1,1,1,1,0,1,-1,1,2,1,0,0,1,89.0,,voiture,,5,2,2,1,6
202300002177,2023-05-05 14:00:00,2023,5,5,14,0,93,93051,Avenue du Pave Neuf / Allee Fernand Leger,48.8403,2.5568,Plein jour,En agglomération,Intersection en T,Normale,Deux véhicules - côté,3,1,1,0,1,1,1,0,1,50,2,2,1,0,0,1,35.0,26.0,utilitaire_camion,deux_roues,1,2,3,1,3
202300002177,2023-05-05 14:00:00,2023,5,5,14,0,93,93051,Avenue du Pave Neuf / Allee Fernand Leger,48.8403,2.5568,Plein jour,En agglomération,Intersection en T,Normale,Deux véhicules - côté,3,3,4,1,1,1,1,0,1,50,2,2,1,0,0,1,35.0,26.0,utilitaire_camion,deux_roues,1,2,3,1,3
202300002178,2023-11-29 11:55:00,2023,11,29,11,55,55,55570,D901,48.884924,5.413663,Plein jour,Hors agglomération,Intersection en X,Normale,Deux véhicules - côté,3,2,2,0,4,1,1,5,1,90,2,3,1,0,0,2,43.0,24.0,voiture,voiture,1,1,2,1,3
202300002178,2023-11-29 11:55:00,2023,11,29,11,55,55,55570,D901,48.884924,5.413663,Plein jour,Hors agglomération,Intersection en X,Normale,Deux véhicules - côté,3,2, -1,-1,4,1,1,5,1,-1,2,3,1,0,0,2,43.0,24.0,voiture,voiture,1,1,2,1,3
202300002179,2023-05-05 20:15:00,2023,5,5,20,15,93,93048,Rue de la Révolution,48.8557,2.42893,Crépuscule ou aube,En agglomération,Hors intersection,Pluie légère,Autre collision,4,1,1,0,2,1,2,0,1,50,1,2,1,0,0,1,35.0,,voiture,,2,2,1,2,6
202300002180,2023-11-29 08:00:00,2023,11,29,8,0,49,49218,Rue de Bel-Air (Chaudron-en-Mauges),47.288483,-0.974275,Crépuscule ou aube,En agglomération,Intersection en T,Normale,Deux véhicules - frontale,3,2,2,0,1,1,1,0,1,50,2,2,1,0,1,0,17.0,42.0,deux_roues,voiture,2,2,3,1,1
202300002180,2023-11-29 08:00:00,2023,11,29,8,0,49,49218,Rue de Bel-Air (Chaudron-en-Mauges),47.288483,-0.974275,Crépuscule ou aube,En agglomération,Intersection en T,Normale,Deux véhicules - frontale,3,2, -1,-1,1,-1,-1,-1,-1,-1,2,2,1,0,1,0,17.0,42.0,deux_roues,voiture,2,2,3,1,1
202300002181,2023-05-04 23:40:00,2023,5,4,23,40,93,93063,56 Rue de Benfleet,48.87894,2.4393,Nuit avec éclairage allumé,En agglomération,Hors intersection,Normale,Deux véhicules - côté,4,2,2,0,1,1,1,0,1,50,2,3,0,0,2,1,39.0,21.0,voiture,utilitaire_camion,5,2,1,1,3
202300002182,2023-11-28 20:45:00,2023,11,28,20,45,42,42081,Route de Saint Galmier,45.609296,4.270183,Nuit sans éclairage public,Hors agglomération,Hors intersection,Normale,Autre collision,3,2,2,0,1,2,2,0,3,80,1,1,0,0,1,0,61.0,,voiture,,3,1,1,1,6
202300002183,2023-05-05 07:10:00,2023,5,5,7,10,93,93031,Avenue de Jarrow,48.95272438,2.33026293,Crépuscule ou aube,En agglomération,Autre intersection,Pluie légère,Deux véhicules - côté,4,2,2,0,1,1,2,0,1,50,2,2,1,0,0,1,47.0,23.0,voiture,utilitaire_camion,2,2,9,2,3
202300002184,2023-11-04 17:00:00,2023,11,4,17,0,34,34150,Impasse de la Gare,43.320635,3.53624,Crépuscule ou aube,En agglomération,Hors intersection,Normale,Deux véhicules - côté,4,2,2,1,1,1,1,5,5,50,2,2,1,0,1,0,56.0,74.0,utilitaire_camion,deux_roues,2,2,1,1,3
202300002185,2023-05-05 18:45:00,2023,5,5,18,45,93,93029,29 Rue Roger Petieu,48.92314,2.44853,Plein jour,En agglomération,Hors intersection,Normale,Autre collision,4,1,1,0,1,1,1,0,1,30,1,2,1,0,0,1,48.0,,voiture,,1,2,1,1,6
202300002186,2023-11-28 08:30:00,2023,11,28,8,30,44,44166,Route des champs,47.184878,-1.736248,Plein jour,Hors agglomération,Intersection en T,Normale,Trois véhicules et plus - collisions multiples,3,2,2,0,1,1,2,5,1,70,3,3,2,1,0,0,19.0,43.0,voiture,deux_roues,1,1,3,1,5
202300002186,2023-11-28 08:30:00,2023,11,28,8,30,44,44166,Route des champs,47.184878,-1.736248,Plein jour,Hors agglomération,Intersection en T,Normale,Trois véhicules et plus - collisions multiples,3,2,2,0,1,2,2,5,1,70,3,3,2,1,0,0,19.0,43.0,voiture,deux_roues,1,1,3,1,5
202300002187,2023-05-04 20:20:00,2023,5,4,20,20,93,93027,Avenue Paul Vaillant Couturier / Rue Edouard Renard,48.9180693,2.40776271,Plein jour,En agglomération,Intersection en X,Normale,Deux véhicules - côté,3,2,2,0,1,1,1,0,1,50,2,2,1,0,0,1,38.0,32.0,deux_roues,voiture,1,2,2,1,3
202300002187,2023-05-04 20:20:00,2023,5,4,20,20,93,93027,Avenue Paul Vaillant Couturier / Rue Edouard Renard,48.9180693,2.40776271,Plein jour,En agglomération,Intersection en X,Normale,Deux véhicules - côté,3,2,4,0,1,1,1,0,1,50,2,2,1,0,0,1,38.0,32.0,deux_roues,voiture,1,2,2,1,3
202300002188,2023-11-28 10:00:00,2023,11,28,10,0,44,44158,36 Rue du Temple,47.279615,-1.781502,Plein jour,En agglomération,Giratoire,Normale,Sans collision,4,-1,1,0,1,1,1,0,1,50,2,2,1,0,1,0,51.0,46.0,voiture,deux_roues,1,2,6,1,7
202300002189,2023-05-04 04:45:00,2023,5,4,4,45,93,93046,Rue Pachot Lainé / Avenue Liégeard,48.92459,2.53846,Nuit avec éclairage allumé,En agglomération,Intersection en X,Normale,Deux véhicules - frontale,4,2,2,0,1,1,1,0,1,50,2,3,2,0,0,1,20.0,24.0,voiture,voiture,5,2,2,1,1
202300002189,2023-05-04 04:45:00,2023,5,4,4,45,93,93046,Rue Pachot Lainé / Avenue Liégeard,48.92459,2.53846,Nuit avec éclairage allumé,En agglomération,Intersection en X,Normale,Deux véhicules - frontale,4,1,1,0,1,1,1,0,1,50,2,3,2,0,0,1,20.0,24.0,voiture,voiture,5,2,2,1,1
202300002190,2023-11-28 17:00:00,2023,11,28,17,0,29,29015,8 Rue de Brest,48.498334,-4.504589,Plein jour,En agglomération,Hors intersection,Normale,Sans collision,4,2,2,0,1,1,1,0,1,30,1,2,1,0,1,0,39.0,,deux_roues,,1,2,1,1,7
202300002191,2023-05-05 18:15:00,2023,5,5,18,15,93,93005,Rue du Docteur Fleming / Rue du Docteur Jean Perlis,48.9529086,2.51745533,Plein jour,En agglomération,Intersection en T,Normale,Deux véhicules - côté,4,2,2,0,1,1,1,0,1,30,2,2,1,0,0,1,27.0,45.0,deux_roues,utilitaire_camion,1,2,3,1,3
202300002191,2023-05-05 18:15:00,2023,5,5,18,15,93,93005,Rue du Docteur Fleming / Rue du Docteur Jean Perlis,48.9529086,2.51745533,Plein jour,En agglomération,Intersection en T,Normale,Deux véhicules - côté,4,2,2,0,1,1,1,0,1,30,2,2,1,0,0,1,27.0,45.0,deux_roues,utilitaire_camion,1,2,3,1,3
202300002192,2023-11-27 18:50:00,2023,11,27,18,50,64,64547,Rue de Hiribehere,43.403247,-1.460087,Nuit avec éclairage allumé,En agglomération,Hors intersection,Pluie forte,Deux véhicules - frontale,4,2,2,0,1,1,2,0,1,50,2,2,1,0,1,0,48.0,55.0,voiture,voiture,5,2,1,3,1
202300002193,2023-05-05 18:10:00,2023,5,5,18,10,92,92073,DASSAULT (QUAI MARCEL),48.860703,2.224837,Plein jour,En agglomération,Hors intersection,Normale,Deux véhicules - côté,3,2,2,0,1,1,1,0,1,50,2,2,1,0,1,0,24.0,54.0,deux_roues,voiture,1,2,1,1,3
202300002194,2023-05-05 22:00:00,2023,5,5,22,0,92,92033,HENRI REGNAULT,48.8486,2.19056,Nuit avec éclairage allumé,En agglomération,Hors intersection,Pluie forte,Sans collision,4,1,0,0,2,1,2,8,1,30,1,2,1,0,0,1,18.0,,deux_roues,,5,2,1,3,7
202300002195,2023-11-28 18:45:00,2023,11,28,18,45,73,73270,D1006,45.551984,6.160197,Nuit sans éclairage public,Hors agglomération,Intersection en X,Pluie légère,Deux véhicules - côté,3,2,5,0,1,1,2,5,1,70,3,4,1,0,0,3,45.0,60.0,voiture,utilitaire_camion,3,1,2,2,3
202300002195,2023-11-28 18:45:00,2023,11,28,18,45,73,73270,D1006,45.551984,6.160197,Nuit sans éclairage public,Hors agglomération,Intersection en X,Pluie légère,Deux véhicules - côté,3,2,2,0,1,1,2,2,1,80,3,4,1,0,0,3,45.0,60.0,voiture,utilitaire_camion,3,1,2,2,3
202300002196,2023-05-04 16:20:00,2023,5,4,16,20,92,92036,GABRIEL PERI (AVENUE) (131/145),48.922363,2.294843,Plein jour,En agglomération,Hors intersection,Normale,Autre collision,3,2,4,0,1,1,1,0,1,50,2,2,1,0,0,1,30.0,36.0,utilitaire_camion,deux_roues,1,2,1,1,6
202300002197,2023-11-29 13:55:00,2023,11,29,13,55,10,10328,D960,48.353982,4.263575,Plein jour,Hors agglomération,Hors intersection,Normale,Trois véhicules et plus - en chaîne,3,2,2,0,1,1,1,8,1,90,3,3,1,1,0,1,40.0,47.0,utilitaire_camion,utilitaire_camion,1,1,1,1,4
202300002198,2023-05-04 11:55:00,2023,5,4,11,55,92,92036,LOUIS CALMEL (RUE) (1),48.926715,2.294667,Plein jour,En agglomération,Intersection en X,Normale,Autre collision,3,2,3,0,1,1,1,0,1,50,1,3,1,0,0,2,34.0,,utilitaire_camion,,1,2,2,1,6
202300002198,2023-05-04 11:55:00,2023,5,4,11,55,92,92036,LOUIS CALMEL (RUE) (1),48.926715,2.294667,Plein jour,En agglomération,Intersection en X,Normale,Autre collision,3,2,3,0,1,1,1,0,1,50,1,3,1,0,0,2,34.0,,utilitaire_camion,,1,2,2,1,6
202300002199,2023-05-05 18:10:00,2023,5,5,18,10,92,92025,VALMY (BD DE),48.930866,2.255192,Plein jour,En agglomération,Hors intersection,Normale,Deux véhicules - côté,3,2,3,2,1,1,1,0,1,30,2,2,1,0,0,1,41.0,39.0,voiture,voiture,1,2,1,1,3
202300002200,2023-11-29 17:05:00,2023,11,29,17,5,07,07007,D14,44.932542,4.753647,Crépuscule ou aube,Hors agglomération,Hors intersection,Normale,Trois véhicules et plus - collisions multiples,3,2,2,0,1,3,1,0,1,90,3,6,1,0,1,4,77.0,76.0,voiture,voiture,2,1,1,1,5
202300002201,2023-05-05 15:25:00,2023,5,5,15,25,92,92025,PRESIDENT SALVADOR ALLENDE (RUE DU),48.91838,2.2243,Plein jour,En agglomération,Intersection en X,Normale,Deux véhicules - côté,4,-1,2,0,1,1,1,0,1,50,2,2,1,0,0,1,57.0,25.0,voiture,deux_roues,1,2,2,1,3
202300002201,2023-05-05 15:25:00,2023,5,5,15,25,92,92025,PRESIDENT SALVADOR ALLENDE (RUE DU),48.91838,2.2243,Plein jour,En agglomération,Intersection en X,Normale,Deux véhicules - côté,4,-1,2,0,1,3,1,0,1,30,2,2,1,0,0,1,57.0,25.0,voiture,deux_roues,1,2,2,1,3
202300002202,2023-11-29 15:30:00,2023,11,29,15,30,07,07338,D21,44.906271,4.621167,Plein jour,Hors agglomération,Autre intersection,Normale,Autre collision,3,2,2,0,1,1,1,9,3,90,1,1,0,1,0,0,37.0,,deux_roues,,1,1,9,1,6
202300002203,2023-11-28 22:55:00,2023,11,28,22,55,53,53153,le brindeau,48.186504,-0.440252,Nuit sans éclairage public,Hors agglomération,Hors intersection,Normale,Sans collision,4,2,2,0,2,1,2,0,3,80,1,2,1,0,1,0,53.0,,voiture,,3,1,1,1,7
202300002204,2023-05-04 18:00:00,2023,5,4,18,0,92,92024,VICTOR HUGO (BD),48.89742,2.3105,Plein jour,En agglomération,Intersection en X,Normale,Deux véhicules - côté,3,1,2,1,1,1,1,0,1,50,2,2,1,0,0,1,17.0,24.0,deux_roues,deux_roues,1,2,2,1,3
202300002204,2023-05-04 18:00:00,2023,5,4,18,0,92,92024,VICTOR HUGO (BD),48.89742,2.3105,Plein jour,En agglomération,Intersection en X,Normale,Deux véhicules - côté,3,2,2,0,1,1,1,0,1,50,2,2,1,0,0,1,17.0,24.0,deux_roues,deux_roues,1,2,2,1,3
202300002205,2023-11-29 16:20:00,2023,11,29,16,20,23,23057,Soumeranges,46.311523,2.004522,Plein jour,Hors agglomération,Hors intersection,Normale,Autre collision,3,2,2,0,2,3,1,0,3,90,1,1,0,1,0,0,81.0,,voiture,,1,1,1,1,6
202300002206,2023-05-04 05:42:00,2023,5,4,5,42,92,92004,BERNARD JUSSIEU ( RUE ),48.92780405,2.27796525,Nuit avec éclairage allumé,En agglomération,Hors intersection,Normale,Sans collision,4,-1,1,0,1,1,1,0,1,50,1,1,0,0,0,1,16.0,,deux_roues,,5,2,1,1,7
202300002207,2023-11-27 11:48:00,2023,11,27,11,48,73,73082,Autoroute A 43,45.495292,6.062441,Plein jour,Hors agglomération,Hors intersection,Normale,Autre collision,1,3,4,0,1,1,1,0,3,130,1,2,0,0,2,0,74.0,,voiture,,1,1,1,1,6
202300002208,2023-05-06 12:30:00,2023,5,6,12,30,60,60040,D152,49.414994,2.600305,Plein jour,Hors agglomération,Autre intersection,Normale,Deux véhicules - côté,3,2,2,0,1,1,1,0,1,80,2,4,0,0,0,4,66.0,53.0,voiture,voiture,1,1,9,1,3
202300002208,2023-05-06 12:30:00,2023,5,6,12,30,60,60040,D152,49.414994,2.600305,Plein jour,Hors agglomération,Autre intersection,Normale,Deux véhicules - côté,3,2,2,0,1,1,1,0,1,80,2,4,0,0,0,4,66.0,53.0,voiture,voiture,1,1,9,1,3
202300002209,2023-11-28 19:05:00,2023,11,28,19,5,01,01031,A404,46.249352,5.62434,Nuit sans éclairage public,Hors agglomération,Hors intersection,Normale,Deux véhicules - côté,1,3,2,0,1,1,1,0,1,110,2,3,2,0,0,1,46.0,18.0,voiture,voiture,3,1,1,1,3
202300002210,2023-05-05 19:10:00,2023,5,5,19,10,37,37147,la Motte,47.05453034,0.54139853,Plein jour,Hors agglomération,Hors intersection,Normale,Deux véhicules - arrière,3,2,2,0,1,1,1,0,1,80,2,2,1,0,1,0,58.0,70.0,deux_roues,voiture,1,1,1,1,2
202300002211,2023-11-29 12:15:00,2023,11,29,12,15,44,44028,Rond-point de la joie,47.340484,-1.349151,Plein jour,Hors agglomération,Giratoire,Normale,Autre collision,3,2,2,0,1,1,1,9,3,70,1,1,0,0,0,1,35.0,,utilitaire_camion,,1,1,6,1,6
202300002212,2023-05-06 17:20:00,2023,5,6,17,20,47,47145,D17,44.13872534,0.66303365,Plein jour,Hors agglomération,Hors intersection,Normale,Autre collision,3,2,2,0,1,1,1,0,1,80,1,2,0,0,0,2,55.0,,deux_roues,,1,1,1,1,6
202300002213,2023-11-28 14:55:00,2023,11,28,14,55,38,38062,Autoroute A41 s Point kilometrique 030.500,45.404416,5.996475,Plein jour,Hors agglomération,Hors intersection,Pluie légère,Deux véhicules - arrière,1,3,2,0,1,1,2,0,1,130,2,2,1,0,0,1,57.0,30.0,utilitaire_camion,voiture,1,1,1,2,2
202300002214,2023-05-06 16:58:00,2023,5,6,16,58,54,54264,D50,48.54214956,6.09342845,Plein jour,Hors agglomération,Autre intersection,Normale,Sans collision,3,2,2,0,1,1,1,0,1,80,1,1,0,0,0,1,25.0,,deux_roues,,1,1,9,1,7
202300002215,2023-11-27 19:40:00,2023,11,27,19,40,978,97801,R DES TERRES BASSES,18.061333,-63.131078,Nuit sans éclairage public,Hors agglomération,Hors intersection,Normale,Autre collision,3,2,2,0,2,2,1,0,3,70,1,2,0,1,1,0,24.0,,voiture,,3,1,1,1,6
202300002216,2023-05-05 19:10:00,2023,5,5,19,10,86,86183,D910,46.970823,0.606391,Plein jour,En agglomération,Hors intersection,Normale,Autre collision,3,2,2,0,1,1,1,0,3,50,1,1,0,1,0,0,32.0,,deux_roues,,1,2,1,1,6
202300002217,2023-05-06 20:35:00,2023,5,6,20,35,28,28018,A11 - PK 116.300,48.197508,0.871466,Crépuscule ou aube,Hors agglomération,Hors intersection,Pluie forte,Autre collision,1,3,3,0,2,1,2,0,2,110,1,1,0,0,0,1,27.0,,voiture,,2,1,1,3,6
202300002218,2023-10-30 18:30:00,2023,10,30,18,30,37,37072,D751,47.18672792,0.22253752,Nuit sans éclairage public,Hors agglomération,Intersection en X,Normale,Deux véhicules - frontale,3,2,2,0,2,1,2,0,1,90,2,3,1,0,0,2,81.0,30.0,voiture,voiture,3,1,2,1,1
202300002218,2023-10-30 18:30:00,2023,10,30,18,30,37,37072,D751,47.18672792,0.22253752,Nuit sans éclairage public,Hors agglomération,Intersection en X,Normale,Deux véhicules - frontale,3,2,2,1,2,1,2,5,1,80,2,3,1,0,0,2,81.0,30.0,voiture,voiture,3,1,2,1,1
202300002219,2023-05-05 20:57:00,2023,5,5,20,57,22,22093,RN12,48.46125,-2.539,Crépuscule ou aube,Hors agglomération,Hors intersection,Normale,Deux véhicules - côté,2,-1,2,0,2,3,1,0,1,110,2,3,2,0,1,0,44.0,21.0,deux_roues,voiture,2,1,1,1,3
202300002220,2023-11-29 11:57:00,2023,11,29,11,57,91,91200,1 Rue Gautreau,48.530862,2.014945,Plein jour,En agglomération,Hors intersection,Normale,Autre collision,4,2,2,0,2,1,1,0,8,50,1,2,1,0,1,0,79.0,,voiture,,1,2,1,1,6
202300002221,2023-05-06 01:40:00,2023,5,6,1,40,974,97410,Route Nationale 2,-21.013849,55.691457,Nuit sans éclairage public,Hors agglomération,Hors intersection,Normale,Autre collision,2,3,2,0,2,1,2,0,1,110,2,4,2,1,0,1,31.0,33.0,voiture,voiture,3,1,1,1,6
202300002222,2023-11-28 12:30:00,2023,11,28,12,30,91,91405,Place du Marché,48.401664,2.470341,Plein jour,En agglomération,Intersection en Y,Normale,Autre collision,4,-1, -1,-1,-1,-1,-1,-1,-1,-1,1,2,1,0,0,1,63.0,,voiture,,1,2,4,1,6
202300002222,2023-11-28 12:30:00,2023,11,28,12,30,91,91405,Place du Marché,48.401664,2.470341,Plein jour,En agglomération,Intersection en Y,Normale,Autre collision,4,2,2,0,1,3,1,0,1,30,1,2,1,0,0,1,63.0,,voiture,,1,2,4,1,6
202300002223,2023-11-29 07:40:00,2023,11,29,7,40,78,78090,rd113,48.956791,1.893758,Crépuscule ou aube,Hors agglomération,Intersection en T,Normale,Deux véhicules - côté,3,2,3,0,1,1,1,0,1,80,2,2,1,0,1,0,35.0,18.0,voiture,deux_roues,2,1,3,1,3
202300002223,2023-11-29 07:40:00,2023,11,29,7,40,78,78090,rd113,48.956791,1.893758,Crépuscule ou aube,Hors agglomération,Intersection en T,Normale,Deux véhicules - côté,3,2,2,0,2,1,1,0,1,50,2,2,1,0,1,0,35.0,18.0,voiture,deux_roues,2,1,3,1,3