accident_id,datetime,annee,mois,jour,heure,minute,departement,commune_insee,adresse,latitude,longitude,luminosite,agglomeration,intersection,meteo,collision,catr,circ,nbv,vosp,prof,plan,surf,infra,situ,vma,nb_vehicules,nb_usagers,nb_indemnes,nb_tues,nb_blesses_hosp,nb_blesses_legers,age_cond_1,age_cond_2,veh_type_cond_1,veh_type_cond_2,lum_code,agg_code,int_code,atm_code,col_code
202300002224,2023-05-06 13:45:00,2023,5,6,13,45,50,50048,A84 pr 198 sens CAEN vers RENNES,48.877791,-1.154793,Plein jour,Hors agglomération,Hors intersection,Normale,Autre collision,1,3,2,0,1,1,1,0,1,130,1,2,0,0,0,2,45.0,,voiture,,1,1,1,1,6
202300002225,2023-11-29 07:35:00,2023,11,29,7,35,71,71371,Chemin de Nancelle,46.349657,4.762294,Crépuscule ou aube,Hors agglomération,Intersection en X,Brouillard / fumée,Deux véhicules - côté,3,2,2,0,2,1,7,0,1,80,2,3,2,0,0,1,56.0,60.0,voiture,voiture,2,1,2,5,3
202300002225,2023-11-29 07:35:00,2023,11,29,7,35,71,71371,Chemin de Nancelle,46.349657,4.762294,Crépuscule ou aube,Hors agglomération,Intersection en X,Brouillard / fumée,Deux véhicules - côté,3,2,2,0,2,3,7,0,1,50,2,3,2,0,0,1,56.0,60.0,voiture,voiture,2,1,2,5,3
202300002226,2023-11-29 06:40:00,2023,11,29,6,40,42,42094,Rue René Cassin,45.744231,4.232408,Nuit sans éclairage public,En agglomération,Hors intersection,Brouillard / fumée,Autre collision,3,2,2,0,1,1,2,0,1,50,1,2,1,0,0,1,71.0,,voiture,,3,2,1,5,6
202300002227,2023-05-05 14:50:00,2023,5,5,14,50,51,51181,D228,49.267349,3.832523,Plein jour,Hors agglomération,Hors intersection,Normale,Trois véhicules et plus - en chaîne,3,2,2,0,2,3,1,0,1,80,5,5,0,0,0,5,50.0,19.0,deux_roues,voiture,1,1,1,1,4
202300002228,2023-05-06 06:05:00,2023,5,6,6,5,95,95527,D902A,49.005845,2.504797,Plein jour,Hors agglomération,Giratoire,Normale,Deux véhicules - arrière,3,2,2,0,1,1,1,0,1,70,2,2,1,0,0,1,22.0,24.0,voiture,voiture,1,1,6,1,2
202300002229,2023-11-28 07:50:00,2023,11,28,7,50,07,07245,avenue de provence,45.075278,4.81644,Plein jour,En agglomération,Hors intersection,Normale,Autre collision,3,-1,2,0,1,1,1,0,1,-1,1,2,1,0,0,1,17.0,,deux_roues,,1,2,1,1,6
202300002230,2023-05-03 16:00:00,2023,5,3,16,0,79,79202,,46.648269,-0.241533,Plein jour,En agglomération,Hors intersection,Normale,Autre collision,4,2,2,0,1,1,1,0,1,50,1,2,1,0,1,0,78.0,,voiture,,1,2,1,1,6
202300002231,2023-11-29 11:10:00,2023,11,29,11,10,01,01262,Avenue des Platanes,45.848906,5.060835,Plein jour,En agglomération,Hors intersection,Normale,Deux véhicules - frontale,3,2,2,0,1,1,1,0,1,50,2,2,0,0,1,1,67.0,86.0,voiture,voiture,1,2,1,1,1
202300002232,2023-05-06 18:15:00,2023,5,6,18,15,80,80609,7 Grand Rue le Festel,50.159178,2.010065,Plein jour,Hors agglomération,Hors intersection,Normale,Autre collision,4,2,2,0,2,3,1,9,3,50,1,2,0,0,2,0,54.0,,deux_roues,,1,1,1,1,6
202300002233,2023-11-29 07:45:00,2023,11,29,7,45,76,76418,D40,49.54939238,0.68654895,Nuit sans éclairage public,Hors agglomération,Hors intersection,Pluie légère,Sans collision,3,2,2,0,1,1,2,0,1,80,1,1,0,0,1,0,14.0,,deux_roues,,3,1,1,2,7
202300002234,2023-05-05 17:15:00,2023,5,5,17,15,81,81124,pintou,43.688108,2.636933,Plein jour,Hors agglomération,Hors intersection,Normale,Autre collision,3,2,2,0,1,2,1,0,3,90,1,1,0,1,0,0,73.0,,voiture,,1,1,1,1,6
202300002235,2023-11-28 22:00:00,2023,11,28,22,0,62,62892,D50,50.35698228,2.83894254,Nuit avec éclairage allumé,En agglomération,Hors intersection,Normale,Deux véhicules - arrière,3,2,2,0,1,1,1,0,1,50,2,3,0,0,1,2,31.0,19.0,voiture,voiture,5,2,1,1,2
202300002236,2023-05-06 11:20:00,2023,5,6,11,20,71,71198,Route de Sellieres,46.581673,5.378805,Plein jour,Hors agglomération,Hors intersection,Normale,Deux véhicules - frontale,4,2,2,0,1,2,1,0,1,80,2,2,1,0,1,0,16.0,38.0,deux_roues,utilitaire_camion,1,1,1,1,1
202300002237,2023-05-06 13:15:00,2023,5,6,13,15,71,71490,RN 70 les chèvres,46.516764,4.163003,Plein jour,Hors agglomération,Hors intersection,Normale,Autre collision,2,3,2,0,1,1,1,3,1,110,1,1,0,0,1,0,50.0,,utilitaire_camion,,1,1,1,1,6
202300002238,2023-11-24 18:06:00,2023,11,24,18,6,59,59550,Rue Jules Ferry,50.541833,2.838319,Nuit avec éclairage allumé,En agglomération,Passage à niveau,Pluie légère,Autre collision,4,2,2,0,1,1,2,4,8,50,1,2,1,1,0,0,53.0,,transport_commun,,5,2,8,2,6
202300002239,2023-11-28 06:25:00,2023,11,28,6,25,13,13210,A507 sens Aubagne- Marseille,43.28636773,5.425318,Nuit avec éclairage allumé,Hors agglomération,Hors intersection,Normale,Autre collision,1,1,2,0,1,1,1,0,1,50,1,1,0,0,0,1,56.0,,deux_roues,,5,1,1,1,6
202300002240,2023-05-05 19:00:00,2023,5,5,19,0,89,89318,Villiers les Potots,47.402265,3.989587,Plein jour,Hors agglomération,Hors intersection,Normale,Deux véhicules - arrière,3,2,2,0,4,1,1,0,1,80,2,3,2,0,1,0,29.0,83.0,voiture,voiture,1,1,1,1,2
202300002241,2023-05-06 17:40:00,2023,5,6,17,40,61,61298,Voie Communale,48.759852,-0.066014,Plein jour,En agglomération,Intersection en X,Pluie légère,Deux véhicules - côté,4,2,2,0,1,2,2,0,1,50,2,2,1,0,0,1,49.0,37.0,deux_roues,utilitaire_camion,1,2,2,2,3
202300002241,2023-05-06 17:40:00,2023,5,6,17,40,61,61298,Voie Communale,48.759852,-0.066014,Plein jour,En agglomération,Intersection en X,Pluie légère,Deux véhicules - côté,4,2,2,0,1,4,2,0,1,50,2,2,1,0,0,1,49.0,37.0,deux_roues,utilitaire_camion,1,2,2,2,3
202300002242,2023-11-03 12:15:00,2023,11,3,12,15,69,69199,Boulevard Périphérique Laurent Bonnevay,45.7166,4.85245,Plein jour,Hors agglomération,Hors intersection,Normale,Trois véhicules et plus - en chaîne,7,3,6,0,1,1,1,0,1,70,3,4,2,0,0,2,64.0,57.0,utilitaire_camion,voiture,1,1,1,1,4
202300002243,2023-11-23 14:10:00,2023,11,23,14,10,69,69029,Boulevard Périphérique Laurent Bonnevay,45.74369788,4.90587408,Plein jour,Hors agglomération,Hors intersection,Normale,Trois véhicules et plus - en chaîne,7,3,6,0,1,1,1,0,1,70,3,3,1,0,0,2,82.0,20.0,voiture,voiture,1,1,1,1,4
202300002244,2023-05-06 16:30:00,2023,5,6,16,30,42,42091,Route du Musée,45.417491,3.993101,Plein jour,Hors agglomération,Intersection en Y,Normale,Deux véhicules - frontale,3,2,2,0,1,3,1,0,1,80,2,4,1,0,1,2,53.0,21.0,utilitaire_camion,voiture,1,1,4,1,1
202300002244,2023-05-06 16:30:00,2023,5,6,16,30,42,42091,Route du Musée,45.417491,3.993101,Plein jour,Hors agglomération,Intersection en Y,Normale,Deux véhicules - frontale,3,2,2,0,1,1,1,0,1,80,2,4,1,0,1,2,53.0,21.0,utilitaire_camion,voiture,1,1,4,1,1
202300002245,2023-05-06 17:11:00,2023,5,6,17,11,39,39557,,46.360299,5.636966,Plein jour,Hors agglomération,Hors intersection,Normale,Sans collision,3,2,2,0,2,3,1,0,1,80,1,1,0,1,0,0,43.0,,deux_roues,,1,1,1,1,7
202300002246,2023-11-27 18:10:00,2023,11,27,18,10,67,67152,,48.52784883,7.69407721,Nuit sans éclairage public,Hors agglomération,Hors intersection,Pluie légère,Trois véhicules et plus - collisions multiples,7,3,2,0,1,1,2,0,1,70,3,3,1,0,0,2,35.0,25.0,voiture,voiture,3,1,1,2,5
202300002247,2023-05-06 07:30:00,2023,5,6,7,30,25,25560,Route de Belfort,47.271395,6.084055,Plein jour,Hors agglomération,Giratoire,Brouillard / fumée,Autre collision,3,2,1,0,1,2,1,5,1,80,1,1,0,1,0,0,74.0,,voiture,,1,1,6,5,6
202300002248,2023-11-22 08:30:00,2023,11,22,8,30,67,67482,M351,48.58692,7.71543,Plein jour,Hors agglomération,Hors intersection,Normale,Trois véhicules et plus - en chaîne,7,3,6,0,1,1,1,0,1,90,4,4,3,0,0,1,38.0,56.0,voiture,voiture,1,1,1,1,4
202300002249,2023-05-03 17:30:00,2023,5,3,17,30,44,44131,46 Rue de la Fontaine aux Bretons,47.10422204,-2.06595004,Plein jour,En agglomération,Giratoire,Normale,Deux véhicules - côté,3,2,1,0,1,1,1,0,1,50,2,2,1,0,1,0,73.0,54.0,voiture,deux_roues,1,2,6,1,3
202300002250,2023-11-27 08:00:00,2023,11,27,8,0,62,62498,A21,50.43800419,2.84750853,Nuit sans éclairage public,Hors agglomération,Hors intersection,Pluie légère,Deux véhicules - arrière,1,-1,2,0,1,1,2,0,1,110,2,2,1,0,0,1,35.0,56.0,voiture,utilitaire_camion,3,1,1,2,2
202300002251,2023-05-05 18:20:00,2023,5,5,18,20,54,54491,RD 156,49.363497,5.928401,Plein jour,Hors agglomération,Intersection en T,Normale,Deux véhicules - côté,3,2,2,0,1,1,1,0,1,80,2,3,2,0,0,1,49.0,41.0,voiture,voiture,1,1,3,1,3
202300002251,2023-05-05 18:20:00,2023,5,5,18,20,54,54491,RD 156,49.363497,5.928401,Plein jour,Hors agglomération,Intersection en T,Normale,Deux véhicules - côté,3,2, -1,0,1,1,1,0,1,80,2,3,2,0,0,1,49.0,41.0,voiture,voiture,1,1,3,1,3
202300002252,2023-11-22 18:45:00,2023,11,22,18,45,62,62624,A1,50.4177,2.98537,Nuit avec éclairage non allumé,Hors agglomération,Hors intersection,Normale,Deux véhicules - côté,1,-1,3,0,1,1,2,0,1,130,2,2,1,0,1,0,42.0,54.0,voiture,voiture,4,1,1,1,3
202300002253,2023-05-05 18:00:00,2023,5,5,18,0,50,50110,D8 LES LANDES,49.197112,-0.948944,Plein jour,Hors agglomération,Hors intersection,Temps couvert,Autre collision,3,2,2,0,1,1,2,0,3,80,1,1,0,1,0,0,94.0,,voiture,,1,1,1,8,6
202300002254,2023-11-28 19:45:00,2023,11,28,19,45,94,94038,A6B,48.78814065,2.3444426,Nuit sans éclairage public,Hors agglomération,Hors intersection,Normale,Trois véhicules et plus - collisions multiples,1,1,2,0,1,1,1,0,1,90,3,3,2,0,0,1,23.0,29.0,utilitaire_camion,deux_roues,3,1,1,1,5
202300002255,2023-05-06 15:55:00,2023,5,6,15,55,64,64538,D933,43.15948,-1.244937,Plein jour,En agglomération,Hors intersection,Normale,Deux véhicules - frontale,3,2,2,0,1,3,1,0,1,50,2,2,1,0,1,0,31.0,33.0,deux_roues,utilitaire_camion,1,2,1,1,1
202300002256,2023-11-28 11:21:00,2023,11,28,11,21,91,91228,AUTOROUTE A6,48.61947,2.42614,Plein jour,Hors agglomération,Hors intersection,Normale,Autre collision,1,3,3,0,1,1,1,0,1,110,1,1,0,0,0,1,39.0,,voiture,,1,1,1,1,6
202300002257,2023-05-05 21:42:00,2023,5,5,21,42,10,10063,D443,48.357582,4.533212,Nuit sans éclairage public,Hors agglomération,Hors intersection,Normale,Deux véhicules - arrière,3,2,2,0,1,1,1,0,1,80,2,2,1,0,1,0,47.0,,deux_roues,voiture,3,1,1,1,2
202300002258,2023-11-28 13:55:00,2023,11,28,13,55,92,92078,AUTOROUTE A86,48.9281997,2.33143165,Plein jour,Hors agglomération,Hors intersection,Normale,Deux véhicules - côté,1,3,3,0,1,1,1,0,1,90,2,2,1,0,0,1,52.0,39.0,utilitaire_camion,voiture,1,1,1,1,3
202300002259,2023-11-28 07:55:00,2023,11,28,7,55,93,93006,AUTOROUTE A3,48.86596656,2.41295005,Plein jour,Hors agglomération,Hors intersection,Normale,Deux véhicules - arrière,1,3,8,0,1,1,1,0,1,90,2,2,1,0,0,1,63.0,52.0,utilitaire_camion,deux_roues,1,1,1,1,2
202300002260,2023-04-29 15:10:00,2023,4,29,15,10,36,36220,La Renauderie,46.62610475,1.45917556,Plein jour,Hors agglomération,Hors intersection,Normale,Deux véhicules - côté,3,2,2,0,4,3,1,0,1,80,2,2,1,0,0,1,36.0,55.0,deux_roues,utilitaire_camion,1,1,1,1,3
202300002261,2023-05-06 03:45:00,2023,5,6,3,45,07,07204,20 Rue du Docteur Tourasse,45.006572,4.402342,Nuit sans éclairage public,En agglomération,Giratoire,Normale,Autre collision,3,1,1,0,1,2,2,0,8,50,1,1,0,1,0,0,45.0,,deux_roues,,3,2,6,1,6
202300002262,2023-11-27 19:40:00,2023,11,27,19,40,93,93010,AUTOROUTE A3,48.9102,2.47515,Nuit sans éclairage public,Hors agglomération,Hors intersection,Pluie légère,Deux véhicules - côté,1,3,3,0,1,1,2,0,1,90,2,2,1,0,0,1,28.0,72.0,voiture,utilitaire_camion,3,1,1,2,3
202300002263,2023-11-27 18:00:00,2023,11,27,18,0,95,95212,N104,49.02916687,2.53027797,Nuit sans éclairage public,Hors agglomération,Hors intersection,Pluie forte,Autre collision,2,1,1,0,1,2,2,0,2,70,1,1,0,0,0,1,29.0,,voiture,,3,1,1,3,6
202300002264,2023-05-05 22:00:00,2023,5,5,22,0,53,53210,La Grande Rue,47.792239,-0.43968,Nuit sans éclairage public,En agglomération,Intersection en X,Normale,Deux véhicules - côté,3,-1,1,0,1,1,1,5,1,50,2,2,1,0,1,0,22.0,17.0,voiture,deux_roues,3,2,2,1,3
202300002264,2023-05-05 22:00:00,2023,5,5,22,0,53,53210,La Grande Rue,47.792239,-0.43968,Nuit sans éclairage public,En agglomération,Intersection en X,Normale,Deux véhicules - côté,3,2,2,0,1,1,1,5,1,-1,2,2,1,0,1,0,22.0,17.0,voiture,deux_roues,3,2,2,1,3
202300002265,2023-11-27 16:15:00,2023,11,27,16,15,93,93053,AUTOROUTE A3,48.88205,2.45558,Plein jour,Hors agglomération,Hors intersection,Pluie légère,Deux véhicules - côté,1,3,3,0,2,1,2,0,1,90,2,2,1,0,0,1,40.0,29.0,deux_roues,voiture,1,1,1,2,3
202300002266,2023-05-05 21:45:00,2023,5,5,21,45,21,21258,30 Rue de l'Orme,47.892438,4.525777,Nuit avec éclairage allumé,En agglomération,Hors intersection,Normale,Autre collision,3,2,2,0,1,1,1,0,4,50,1,1,0,1,0,0,54.0,,deux_roues,,5,2,1,1,6
202300002267,2023-11-27 05:30:00,2023,11,27,5,30,93,93008,AUTOROUTE A86,48.90728251,2.45507534,Crépuscule ou aube,Hors agglomération,Hors intersection,Pluie légère,Deux véhicules - arrière,1,3,4,0,1,2,2,0,1,90,2,2,0,0,1,1,22.0,68.0,voiture,voiture,2,1,1,2,2
202300002268,2023-05-05 14:00:00,2023,5,5,14,0,21,21713,d 961 route de pontailler,47.29558125,5.39534375,Plein jour,En agglomération,Hors intersection,Pluie légère,Deux véhicules - frontale,3,2,2,0,1,1,2,0,1,50,2,2,0,0,1,1,49.0,91.0,voiture,voiture,1,2,1,2,1
202300002269,2023-11-28 09:35:00,2023,11,28,9,35,94,94018,A4,48.81766797,2.41481141,Plein jour,Hors agglomération,Hors intersection,Pluie légère,Deux véhicules - arrière,1,-1,5,0,1,1,2,0,1,90,2,2,1,0,0,1,18.0,55.0,utilitaire_camion,deux_roues,1,1,1,2,2
202300002270,2023-05-06 17:30:00,2023,5,6,17,30,04,04208,RD51 le vieux jas,43.948802,5.565412,Plein jour,Hors agglomération,Hors intersection,Normale,Sans collision,3,2,2,0,2,4,8,0,1,80,1,2,0,0,1,1,56.0,,deux_roues,,1,1,1,1,7
202300002271,2023-11-28 07:00:00,2023,11,28,7,0,94,94065,A86,48.75378301,2.36800781,Plein jour,Hors agglomération,Hors intersection,Pluie légère,Autre collision,1,3,4,0,1,1,2,0,1,90,1,1,0,0,0,1,31.0,,voiture,,1,1,1,2,6
202300002272,2023-05-06 16:30:00,2023,5,6,16,30,04,04024,D900,44.203858,6.370418,Plein jour,Hors agglomération,Hors intersection,Normale,Deux véhicules - côté,3,2,2,0,2,4,1,0,1,80,2,2,0,0,2,0,65.0,59.0,deux_roues,deux_roues,1,1,1,1,3
202300002273,2023-09-28 09:25:00,2023,9,28,9,25,65,65440,Rue Serge Reggiani,43.25066,0.07529,Plein jour,En agglomération,Hors intersection,Normale,Autre collision,4,2,1,0,1,1,1,0,1,50,1,2,1,0,1,0,44.0,,voiture,,1,2,1,1,6
202300002274,2023-05-05 11:40:00,2023,5,5,11,40,27,27679,Chemin des Buttes Rouges,48.756907,0.891491,Plein jour,Hors agglomération,Hors intersection,Normale,Autre collision,3,2,2,0,1,2,1,0,8,50,1,2,0,0,1,1,24.0,,voiture,,1,1,1,1,6
202300002275,2023-11-26 16:45:00,2023,11,26,16,45,988,98818,ROUTE DE LA BAIE DES DAMES/RUE HENRI SIMONIN,-22.23481,166.4426,Plein jour,En agglomération,Intersection en T,Normale,Deux véhicules - arrière,4,4,2,0,1,3,1,5,1,50,2,2,1,0,1,0,43.0,28.0,voiture,utilitaire_camion,1,2,3,1,2
202300002275,2023-11-26 16:45:00,2023,11,26,16,45,988,98818,ROUTE DE LA BAIE DES DAMES/RUE HENRI SIMONIN,-22.23481,166.4426,Plein jour,En agglomération,Intersection en T,Normale,Deux véhicules - arrière,4,2,2,0,1,1,1,5,1,50,2,2,1,0,1,0,43.0,28.0,voiture,utilitaire_camion,1,2,3,1,2
202300002276,2023-05-06 16:30:00,2023,5,6,16,30,08,08217,,49.862644,4.778516,Plein jour,Hors agglomération,Hors intersection,Normale,Sans collision,4,-1,1,0,3,1,1,9,8,-1,1,1,0,0,1,0,51.0,,deux_roues,,1,1,1,1,7
202300002277,2023-11-27 06:50:00,2023,11,27,6,50,976,97611,m'tsapere-Nationale 2 (route),-12.78806603,45.22387862,Plein jour,En agglomération,Hors intersection,Normale,Deux véhicules - arrière,4,2,2,0,1,1,1,0,1,50,2,3,1,0,1,1,53.0,30.0,voiture,deux_roues,1,2,1,1,2
202300002278,2023-05-06 11:10:00,2023,5,6,11,10,09,09193,D25,42.726798,2.064069,Plein jour,Hors agglomération,Intersection en T,Normale,Deux véhicules - côté,3,2,2,0,1,1,1,0,1,80,2,2,1,0,1,0,57.0,75.0,utilitaire_camion,deux_roues,1,1,3,1,3
202300002278,2023-05-06 11:10:00,2023,5,6,11,10,09,09193,D25,42.726798,2.064069,Plein jour,Hors agglomération,Intersection en T,Normale,Deux véhicules - côté,3,2, -1,-1,1,1,1,0,1,-1,2,2,1,0,1,0,57.0,75.0,utilitaire_camion,deux_roues,1,1,3,1,3
202300002279,2023-11-26 06:55:00,2023,11,26,6,55,974,97411,RUISSEAU BLANC (CHEMIN DU),-20.89224,55.41672,Plein jour,En agglomération,Hors intersection,Normale,Autre collision,4,2,2,0,1,1,1,0,1,50,1,2,1,0,1,0,35.0,,voiture,,1,2,1,1,6
202300002280,2023-05-05 17:15:00,2023,5,5,17,15,34,34116,RM127,43.654475,3.790444,Plein jour,En agglomération,Hors intersection,Normale,Deux véhicules - frontale,7,2,1,0,1,1,1,5,1,30,2,4,2,0,1,1,24.0,39.0,voiture,voiture,1,2,1,1,1
202300002281,2023-05-02 22:20:00,2023,5,2,22,20,13,13067,A7,43.790149,5.044312,Nuit sans éclairage public,Hors agglomération,Hors intersection,Normale,Deux véhicules - arrière,1,3,2,0,1,1,1,0,1,130,2,2,1,0,1,0,36.0,58.0,utilitaire_camion,utilitaire_camion,3,1,1,1,2
202300002282,2023-11-26 22:55:00,2023,11,26,22,55,972,97213,AUTOROUTE A1,14.61661733,-61.01590498,Nuit avec éclairage non allumé,Hors agglomération,Hors intersection,Normale,Deux véhicules - côté,1,1,3,0,2,1,1,0,1,90,2,3,1,0,0,2,26.0,,deux_roues,voiture,4,1,1,1,3
202300002283,2023-11-27 08:40:00,2023,11,27,8,40,971,97101,MARECHAL LECLERC,16.25659,-61.52979,Plein jour,En agglomération,Hors intersection,Normale,Autre collision,4,2,2,0,1,1,1,0,1,50,1,3,1,0,0,2,78.0,,voiture,,1,2,1,1,6
202300002284,2023-11-27 07:00:00,2023,11,27,7,0,971,97101,ROUTE DE CELIGNY,16.26493539,-61.46986037,Plein jour,En agglomération,Autre intersection,Normale,Deux véhicules - côté,4,-1,2,0,1,3,1,0,1,50,2,2,1,0,0,1,39.0,31.0,voiture,voiture,1,2,9,1,3
202300002285,2023-05-05 15:00:00,2023,5,5,15,0,971,97134,Val de l'Orge,16.044282,-61.752841,Plein jour,Hors agglomération,Intersection en T,Normale,Deux véhicules - côté,2,2,2,0,1,2,1,0,1,70,2,5,4,1,0,0,42.0,61.0,deux_roues,transport_commun,1,1,3,1,3
202300002285,2023-05-05 15:00:00,2023,5,5,15,0,971,97134,Val de l'Orge,16.044282,-61.752841,Plein jour,Hors agglomération,Intersection en T,Normale,Deux véhicules - côté,2,2,1,0,2,1,1,0,1,50,2,5,4,1,0,0,42.0,61.0,deux_roues,transport_commun,1,1,3,1,3
202300002286,2023-11-27 01:20:00,2023,11,27,1,20,971,97101,Route de Besson,16.23999841,-61.51686991,Nuit avec éclairage allumé,Hors agglomération,Autre intersection,Normale,Autre collision,3,2,1,0,1,1,1,0,1,50,1,1,0,1,0,0,39.0,,voiture,,5,1,9,1,6
202300002287,2023-04-08 17:20:00,2023,4,8,17,20,77,77392,Départementale 41A,49.065298,2.70813,Plein jour,Hors agglomération,Hors intersection,Normale,Deux véhicules - frontale,2,3,4,0,1,1,1,0,1,80,2,2,1,0,1,0,17.0,,deux_roues,autre,1,1,1,1,1
202300002288,2023-11-26 10:00:00,2023,11,26,10,0,971,97105,FLAMBOYANTS (ALLEE DES),16.00603,-61.73554,Plein jour,En agglomération,Intersection en Y,Normale,Trois véhicules et plus - en chaîne,3,2,2,0,3,3,1,0,1,50,3,4,2,0,0,2,49.0,,voiture,voiture,1,2,4,1,4
202300002288,2023-11-26 10:00:00,2023,11,26,10,0,971,97105,FLAMBOYANTS (ALLEE DES),16.00603,-61.73554,Plein jour,En agglomération,Intersection en Y,Normale,Trois véhicules et plus - en chaîne,3,2,2,0,1,1,1,0,1,50,3,4,2,0,0,2,49.0,,voiture,voiture,1,2,4,1,4
202300002289,2023-05-06 01:30:00,2023,5,6,1,30,06,06065,Route de Saint-Laurent,43.721521,7.16546,Nuit sans éclairage public,Hors agglomération,Hors intersection,Normale,Autre collision,7,2,2,0,1,2,1,0,1,70,1,2,0,0,1,1,21.0,,deux_roues,,3,1,1,1,6
202300002290,2023-05-06 16:40:00,2023,5,6,16,40,13,13059,rd 96,43.633742,5.517004,Plein jour,Hors agglomération,Hors intersection,Normale,Sans collision,3,3,1,0,2,1,1,0,1,70,1,1,0,0,0,1,21.0,,deux_roues,,1,1,1,1,7
202300002291,2023-11-27 09:00:00,2023,11,27,9,0,95,95280,D47,49.0188,2.4632,Plein jour,Hors agglomération,Hors intersection,Pluie légère,Deux véhicules - côté,3,2,2,0,1,2,2,0,1,70,2,2,1,0,0,1,41.0,62.0,deux_roues,voiture,1,1,1,2,3
202300002292,2023-05-06 15:24:00,2023,5,6,15,24,88,88387,D3,48.35267,5.854683,Plein jour,Hors agglomération,Intersection en X,Normale,Trois véhicules et plus - collisions multiples,3,2,2,0,1,1,1,5,1,90,3,3,2,0,1,0,35.0,66.0,deux_roues,voiture,1,1,2,1,5
202300002292,2023-05-06 15:24:00,2023,5,6,15,24,88,88387,D3,48.35267,5.854683,Plein jour,Hors agglomération,Intersection en X,Normale,Trois véhicules et plus - collisions multiples,3,2,2,0,2,1,1,5,1,90,3,3,2,0,1,0,35.0,66.0,deux_roues,voiture,1,1,2,1,5
202300002293,2023-11-27 21:05:00,2023,11,27,21,5,91,91021,RTE NATIONALE 20,48.588,2.24487,Nuit avec éclairage allumé,En agglomération,Hors intersection,Pluie forte,Trois véhicules et plus - en chaîne,4,3,4,0,2,1,2,0,1,70,4,5,4,0,1,0,42.0,29.0,voiture,voiture,5,2,1,3,4
202300002294,2023-11-27 17:15:00,2023,11,27,17,15,91,91589,AV CHARLES DE GAULLE,48.678507,2.346833,Crépuscule ou aube,En agglomération,Hors intersection,Pluie légère,Autre collision,3,2,2,0,1,1,2,0,1,50,1,2,1,0,0,1,56.0,,utilitaire_camion,,2,2,1,2,6
202300002295,2023-05-05 17:50:00,2023,5,5,17,50,74,74042,Rue honoré martin,46.071714,6.420331,Plein jour,En agglomération,Intersection en X,Normale,Deux véhicules - côté,3,1,0,0,2,1,1,0,1,50,2,2,1,0,0,1,31.0,23.0,deux_roues,voiture,1,2,2,1,3
202300002295,2023-05-05 17:50:00,2023,5,5,17,50,74,74042,Rue honoré martin,46.071714,6.420331,Plein jour,En agglomération,Intersection en X,Normale,Deux véhicules - côté,3,2,2,0,1,1,1,2,1,50,2,2,1,0,0,1,31.0,23.0,deux_roues,voiture,1,2,2,1,3
202300002296,2023-11-27 08:10:00,2023,11,27,8,10,91,91027,AV DE MORANGIS,48.705637,2.359675,Crépuscule ou aube,En agglomération,Intersection en T,Pluie légère,Deux véhicules - côté,3,2,2,0,1,1,2,0,1,50,2,4,3,0,0,1,32.0,26.0,voiture,voiture,2,2,3,2,3
202300002296,2023-11-27 08:10:00,2023,11,27,8,10,91,91027,AV DE MORANGIS,48.705637,2.359675,Crépuscule ou aube,En agglomération,Intersection en T,Pluie légère,Deux véhicules - côté,3,1,1,0,1,1,2,0,1,50,2,4,3,0,0,1,32.0,26.0,voiture,voiture,2,2,3,2,3
202300002297,2023-05-02 12:33:00,2023,5,2,12,33,73,73026,D1006,45.209708,6.725993,Plein jour,Hors agglomération,Hors intersection,Normale,Autre collision,3,2,2,0,1,3,1,0,3,80,1,1,0,1,0,0,47.0,,voiture,,1,1,1,1,6
202300002298,2023-11-25 17:28:00,2023,11,25,17,28,87,87085,CURIE  (RUE PIERRE ET MARIE),45.82061,1.24687,Nuit avec éclairage allumé,En agglomération,Hors intersection,Normale,Sans collision,6,-1, -1,0,2,1,1,0,1,50,1,1,0,0,1,0,63.0,,deux_roues,,5,2,1,1,7
202300002299,2023-05-04 12:15:00,2023,5,4,12,15,42,42129,Route de Pélussin,45.368063,4.681836,Plein jour,En agglomération,Autre intersection,Normale,Deux véhicules - côté,3,2,2,0,1,1,1,0,1,50,2,2,1,0,1,0,17.0,26.0,deux_roues,utilitaire_camion,1,2,9,1,3
202300002299,2023-05-04 12:15:00,2023,5,4,12,15,42,42129,Route de Pélussin,45.368063,4.681836,Plein jour,En agglomération,Autre intersection,Normale,Deux véhicules - côté,3,2,2,0,1,1,1,0,1,50,2,2,1,0,1,0,17.0,26.0,deux_roues,utilitaire_camion,1,2,9,1,3
202300002300,2023-11-24 14:55:00,2023,11,24,14,55,87,87085,PORT DU NAVEIX (RUE DU),45.83359,1.27669,Plein jour,En agglomération,Hors intersection,Pluie légère,Trois véhicules et plus - en chaîne,4,3,4,0,1,1,2,0,1,50,3,3,2,0,0,1,69.0,54.0,voiture,utilitaire_camion,1,2,1,2,4
202300002301,2023-05-06 06:00:00,2023,5,6,6,0,85,85167,RD65,46.49358,-0.76388,Crépuscule ou aube,Hors agglomération,Hors intersection,Normale,Autre collision,3,2,2,0,1,3,1,0,8,70,1,2,1,1,0,0,21.0,,voiture,,2,1,1,1,6