accident_id,datetime,annee,mois,jour,heure,minute,departement,commune_insee,adresse,latitude,longitude,luminosite,agglomeration,intersection,meteo,collision,catr,circ,nbv,vosp,prof,plan,surf,infra,situ,vma,nb_vehicules,nb_usagers,nb_indemnes,nb_tues,nb_blesses_hosp,nb_blesses_legers,age_cond_1,age_cond_2,veh_type_cond_1,veh_type_cond_2,lum_code,agg_code,int_code,atm_code,col_code
202300002507,2023-03-26 15:15:00,2023,3,26,15,15,91,91521,RN 104,48.63431,2.4063,Plein jour,Hors agglomération,Hors intersection,Normale,Autre collision,2,1,1,0,2,2,1,0,3,50,1,1,0,0,0,1,56.0,,voiture,,1,1,1,1,6
202300002508,2023-11-27 08:10:00,2023,11,27,8,10,92,92072,GRANDE RUE,48.82543967,2.2158688,Crépuscule ou aube,En agglomération,Intersection en X,Pluie légère,Deux véhicules - côté,3,1,1,0,2,3,2,5,1,30,2,2,1,0,0,1,38.0,51.0,voiture,deux_roues,2,2,2,2,3
202300002508,2023-11-27 08:10:00,2023,11,27,8,10,92,92072,GRANDE RUE,48.82543967,2.2158688,Crépuscule ou aube,En agglomération,Intersection en X,Pluie légère,Deux véhicules - côté,3,2,4,1,1,1,2,0,5,30,2,2,1,0,0,1,38.0,51.0,voiture,deux_roues,2,2,2,2,3
202300002509,2023-05-02 19:35:00,2023,5,2,19,35,75,75113,BD PERIPHERIQUE EXTERIEUR,48.81621,2.359911,Plein jour,En agglomération,Hors intersection,Normale,Deux véhicules - côté,4,1,3,0,1,1,1,0,1,70,2,2,1,0,0,1,56.0,62.0,voiture,deux_roues,1,2,1,1,3
202300002510,2023-11-27 08:40:00,2023,11,27,8,40,92,92040,PAIX (AVENUE DE LA),48.81712755,2.27411538,Crépuscule ou aube,En agglomération,Hors intersection,Pluie légère,Autre collision,3,2,4,1,1,1,2,0,1,50,1,2,1,0,0,1,45.0,,deux_roues,,2,2,1,2,6
202300002511,2023-03-24 18:05:00,2023,3,24,18,5,29,29019,rue Jean Jaurès,48.40191,-4.46797,Plein jour,En agglomération,Hors intersection,Normale,Autre collision,4,2,2,0,1,1,1,0,1,50,1,2,1,0,1,0,61.0,,transport_commun,,1,2,1,1,6
202300002512,2023-05-04 05:00:00,2023,5,4,5,0,75,75109,RUE LA FAYETTE,48.874615,2.339315,Nuit avec éclairage allumé,En agglomération,Intersection en X,Normale,Deux véhicules - côté,4,1,4,1,1,1,1,0,1,30,2,4,1,0,0,3,43.0,33.0,voiture,voiture,5,2,2,1,3
202300002512,2023-05-04 05:00:00,2023,5,4,5,0,75,75109,RUE LA FAYETTE,48.874615,2.339315,Nuit avec éclairage allumé,En agglomération,Intersection en X,Normale,Deux véhicules - côté,4,1,2,1,1,1,1,0,1,30,2,4,1,0,0,3,43.0,33.0,voiture,voiture,5,2,2,1,3
202300002513,2023-03-24 09:23:00,2023,3,24,9,23,29,29019,rue Magenta,48.397496,-4.472418,Plein jour,En agglomération,Hors intersection,Pluie légère,Autre collision,4,2,2,0,1,1,2,0,1,50,1,2,1,0,0,1,41.0,,utilitaire_camion,,1,2,1,2,6
202300002514,2023-11-27 09:45:00,2023,11,27,9,45,92,92026,DIEPPE,48.89991516,2.23975204,Plein jour,En agglomération,Autre intersection,Pluie légère,Deux véhicules - côté,3,1,0,0,1,1,2,0,5,50,2,2,1,0,0,1,,27.0,voiture,deux_roues,1,2,9,2,3
202300002514,2023-11-27 09:45:00,2023,11,27,9,45,92,92026,DIEPPE,48.89991516,2.23975204,Plein jour,En agglomération,Autre intersection,Pluie légère,Deux véhicules - côté,3,1,0,0,1,1,2,0,5,50,2,2,1,0,0,1,,27.0,voiture,deux_roues,1,2,9,2,3
202300002515,2023-03-25 23:55:00,2023,3,25,23,55,974,97407,MARINE(BOULEVARD),-20.94808,55.28257,Nuit sans éclairage public,En agglomération,Hors intersection,Normale,Sans collision,4,2,2,0,1,2,1,0,1,50,1,1,0,0,0,1,20.0,,deux_roues,,3,2,1,1,7
202300002516,2023-05-04 01:52:00,2023,5,4,1,52,75,75108,PLACE DE LA CONCORDE,48.86663,2.321946,Nuit avec éclairage non allumé,En agglomération,Place,Normale,Deux véhicules - arrière,4,1, -1,0,1,1,1,0,1,30,2,2,1,0,1,0,31.0,,deux_roues,voiture,4,2,7,1,2
202300002516,2023-05-04 01:52:00,2023,5,4,1,52,75,75108,PLACE DE LA CONCORDE,48.86663,2.321946,Nuit avec éclairage non allumé,En agglomération,Place,Normale,Deux véhicules - arrière,4,2,4,0,1,1,1,0,1,30,2,2,1,0,1,0,31.0,,deux_roues,voiture,4,2,7,1,2
202300002517,2023-03-24 23:30:00,2023,3,24,23,30,973,97302,TIGRE (ROUTE DU),4.91022834,-52.30819952,Nuit sans éclairage public,En agglomération,Hors intersection,Normale,Sans collision,3,2,2,0,1,2,1,0,1,50,1,1,0,0,1,0,39.0,,voiture,,3,2,1,1,7
202300002518,2023-11-26 18:35:00,2023,11,26,18,35,92,92025,CHARLES DE GAULLE (BD),48.91424545,2.22952839,Nuit avec éclairage allumé,En agglomération,Hors intersection,Normale,Autre collision,3,3,2,0,1,1,1,0,1,50,1,2,1,0,0,1,28.0,,deux_roues,,5,2,1,1,6
202300002519,2023-05-03 16:50:00,2023,5,3,16,50,75,75112,BOULEVARD DE LA BASTILLE,48.848008,2.367639,Plein jour,En agglomération,Intersection en T,Normale,Autre collision,4,1,2,1,1,1,1,0,1,30,2,6,5,0,1,0,31.0,38.0,voiture,deux_roues,1,2,3,1,6
202300002519,2023-05-03 16:50:00,2023,5,3,16,50,75,75112,BOULEVARD DE LA BASTILLE,48.848008,2.367639,Plein jour,En agglomération,Intersection en T,Normale,Autre collision,4,-1, -1,0,1,1,1,0,1,30,2,6,5,0,1,0,31.0,38.0,voiture,deux_roues,1,2,3,1,6
202300002520,2023-03-25 16:00:00,2023,3,25,16,0,69,69386,Avenue Maréchal de Saxe,45.76676,4.8443,Plein jour,En agglomération,Intersection en X,Normale,Deux véhicules - côté,4,1,1,2,1,1,1,0,8,30,2,2,1,0,0,1,59.0,23.0,deux_roues,voiture,1,2,2,1,3
202300002520,2023-03-25 16:00:00,2023,3,25,16,0,69,69386,Avenue Maréchal de Saxe,45.76676,4.8443,Plein jour,En agglomération,Intersection en X,Normale,Deux véhicules - côté,4,1,1,3,1,1,1,0,6,30,2,2,1,0,0,1,59.0,23.0,deux_roues,voiture,1,2,2,1,3
202300002521,2023-11-27 16:20:00,2023,11,27,16,20,92,92024,VICTOR HUGO (BD),48.89992251,2.31444597,Nuit avec éclairage allumé,En agglomération,Intersection en T,Pluie légère,Deux véhicules - côté,3,1,3,0,1,1,2,0,1,30,2,2,1,0,0,1,22.0,33.0,deux_roues,utilitaire_camion,5,2,3,2,3
202300002521,2023-11-27 16:20:00,2023,11,27,16,20,92,92024,VICTOR HUGO (BD),48.89992251,2.31444597,Nuit avec éclairage allumé,En agglomération,Intersection en T,Pluie légère,Deux véhicules - côté,3,2,3,0,1,1,2,0,1,50,2,2,1,0,0,1,22.0,33.0,deux_roues,utilitaire_camion,5,2,3,2,3
202300002522,2023-05-04 21:51:00,2023,5,4,21,51,75,75119,RUE RIQUET,48.88927,2.371274,Nuit avec éclairage allumé,En agglomération,Autre intersection,Normale,Autre collision,4,-1, -1,0,1,1,1,0,1,30,1,1,0,0,0,1,57.0,,deux_roues,,5,2,9,1,6
202300002522,2023-05-04 21:51:00,2023,5,4,21,51,75,75119,RUE RIQUET,48.88927,2.371274,Nuit avec éclairage allumé,En agglomération,Autre intersection,Normale,Autre collision,4,2,3,1,1,1,1,0,1,30,1,1,0,0,0,1,57.0,,deux_roues,,5,2,9,1,6
202300002523,2023-03-25 10:45:00,2023,3,25,10,45,972,97209,BALATA (ROUTE DE),14.62114,-61.07124,Plein jour,Hors agglomération,Hors intersection,Normale,Trois véhicules et plus - collisions multiples,2,2,2,0,1,1,1,0,1,50,3,3,2,0,0,1,40.0,61.0,voiture,voiture,1,1,1,1,5
202300002524,2023-11-27 13:45:00,2023,11,27,13,45,92,92032,PETIT ANTOINE (RUE),48.79002364,2.28877366,Plein jour,En agglomération,Hors intersection,Pluie légère,Autre collision,4,1,0,0,2,1,2,0,1,30,1,2,1,0,1,0,43.0,,voiture,,1,2,1,2,6
202300002525,2023-05-04 16:15:00,2023,5,4,16,15,75,75119,RUE D AUBERVILLIERS,48.89775,2.37074,Plein jour,En agglomération,Hors intersection,Normale,Deux véhicules - côté,4,2,7,0,1,1,1,0,6,30,2,2,0,0,0,2,40.0,58.0,voiture,deux_roues,1,2,1,1,3
202300002526,2023-03-24 21:10:00,2023,3,24,21,10,972,97209,BALATA (ROUTE DE),14.6207,-61.07107,Nuit avec éclairage allumé,En agglomération,Hors intersection,Pluie légère,Deux véhicules - frontale,2,2,2,0,2,3,2,0,1,50,2,2,1,0,0,1,,34.0,voiture,deux_roues,5,2,1,2,1
202300002527,2023-11-27 10:44:00,2023,11,27,10,44,92,92012,RHIN ET DANUBE (ROND POINT),48.84075516,2.2289139,Plein jour,En agglomération,Giratoire,Pluie légère,Deux véhicules - côté,3,2,2,1,1,1,2,5,1,50,2,2,1,0,0,1,43.0,25.0,voiture,deux_roues,1,2,6,2,3
202300002527,2023-11-27 10:44:00,2023,11,27,10,44,92,92012,RHIN ET DANUBE (ROND POINT),48.84075516,2.2289139,Plein jour,En agglomération,Giratoire,Pluie légère,Deux véhicules - côté,3,4,1,1,1,1,2,0,1,50,2,2,1,0,0,1,43.0,25.0,voiture,deux_roues,1,2,6,2,3
202300002528,2023-05-04 18:25:00,2023,5,4,18,25,75,75118,RUE DOUDEAUVILLE,48.888468,2.353568,Plein jour,En agglomération,Intersection en T,Normale,Autre collision,4,1, -1,0,1,1,1,0,1,30,1,2,1,0,0,1,23.0,,deux_roues,,1,2,3,1,6
202300002528,2023-05-04 18:25:00,2023,5,4,18,25,75,75118,RUE DOUDEAUVILLE,48.888468,2.353568,Plein jour,En agglomération,Intersection en T,Normale,Autre collision,4,1,2,1,1,1,1,0,5,30,1,2,1,0,0,1,23.0,,deux_roues,,1,2,3,1,6
202300002529,2023-03-24 20:10:00,2023,3,24,20,10,69,69385,35 Rue de Champvert,45.76285,4.79526,Nuit avec éclairage allumé,En agglomération,Hors intersection,Normale,Autre collision,4,2,2,0,2,1,2,0,1,30,1,2,1,0,0,1,30.0,,voiture,,5,2,1,1,6
202300002530,2023-11-27 17:45:00,2023,11,27,17,45,92,92014,HUIT MAI 1945 (RUE DU),48.78241243,2.31654167,Nuit avec éclairage allumé,En agglomération,Intersection en X,Pluie légère,Autre collision,3,1,2,0,2,1,2,5,1,50,1,2,1,0,0,1,77.0,,voiture,,5,2,2,2,6
202300002530,2023-11-27 17:45:00,2023,11,27,17,45,92,92014,HUIT MAI 1945 (RUE DU),48.78241243,2.31654167,Nuit avec éclairage allumé,En agglomération,Intersection en X,Pluie légère,Autre collision,3,2,0,0,2,1,2,5,1,50,1,2,1,0,0,1,77.0,,voiture,,5,2,2,2,6
202300002531,2023-05-04 09:00:00,2023,5,4,9,0,75,75116,ALLEE DE LA REINE MARGUERITE,48.86490753,2.2490859,Plein jour,En agglomération,Intersection en T,Normale,Deux véhicules - frontale,4,2,2,0,1,1,1,0,1,50,2,2,1,0,1,0,30.0,26.0,voiture,deux_roues,1,2,3,1,1
202300002531,2023-05-04 09:00:00,2023,5,4,9,0,75,75116,ALLEE DE LA REINE MARGUERITE,48.86490753,2.2490859,Plein jour,En agglomération,Intersection en T,Normale,Deux véhicules - frontale,4,2,2,0,1,1,1,0,1,30,2,2,1,0,1,0,30.0,26.0,voiture,deux_roues,1,2,3,1,1
202300002532,2023-03-25 06:45:00,2023,3,25,6,45,2A,2A004,ROSSINI PASCAL BD,41.91703,8.73639,Plein jour,En agglomération,Hors intersection,Normale,Autre collision,4,2,2,0,1,1,1,0,1,50,1,2,1,0,0,1,50.0,,voiture,,1,2,1,1,6
202300002533,2023-05-04 09:00:00,2023,5,4,9,0,75,75114,AVENUE DE LA PORTE D ORLEANS,48.820904,2.325526,Plein jour,En agglomération,Hors intersection,Normale,Autre collision,4,1,4,0,1,1,1,0,1,30,1,1,0,0,0,1,34.0,,deux_roues,,1,2,1,1,6
202300002534,2023-11-09 21:25:00,2023,11,9,21,25,57,57043,Départemantale 1,49.24053113,6.2098825,Nuit avec éclairage allumé,Hors agglomération,Giratoire,Pluie légère,Deux véhicules - frontale,3,1,2,0,1,3,2,5,1,90,2,2,1,0,0,1,37.0,58.0,voiture,voiture,5,1,6,2,1
202300002535,2023-03-24 19:35:00,2023,3,24,19,35,91,91421,FRANCIS CHIRAT (RUE),48.710206,2.441828,Nuit avec éclairage allumé,En agglomération,Intersection en X,Pluie légère,Deux véhicules - côté,4,2,2,0,1,1,2,0,1,30,2,2,1,0,0,1,30.0,19.0,deux_roues,voiture,5,2,2,2,3
202300002535,2023-03-24 19:35:00,2023,3,24,19,35,91,91421,FRANCIS CHIRAT (RUE),48.710206,2.441828,Nuit avec éclairage allumé,En agglomération,Intersection en X,Pluie légère,Deux véhicules - côté,4,2,2,0,1,1,2,0,1,30,2,2,1,0,0,1,30.0,19.0,deux_roues,voiture,5,2,2,2,3
202300002536,2023-05-04 16:48:00,2023,5,4,16,48,75,75113,RUE JEANNE D ARC,48.831359,2.366339,Plein jour,En agglomération,Intersection en T,Normale,Deux véhicules - côté,4,-1, -1,0,1,1,1,0,1,30,2,2,1,0,0,1,37.0,57.0,deux_roues,utilitaire_camion,1,2,3,1,3
202300002536,2023-05-04 16:48:00,2023,5,4,16,48,75,75113,RUE JEANNE D ARC,48.831359,2.366339,Plein jour,En agglomération,Intersection en T,Normale,Deux véhicules - côté,4,2,3,3,2,1,1,0,6,30,2,2,1,0,0,1,37.0,57.0,deux_roues,utilitaire_camion,1,2,3,1,3
202300002537,2023-03-25 16:50:00,2023,3,25,16,50,83,83137,15EME CORPS (AVE DU),43.12858,5.91387,Plein jour,En agglomération,Hors intersection,Normale,Deux véhicules - frontale,7,2,2,0,1,1,1,0,1,50,2,3,1,0,1,1,33.0,22.0,voiture,deux_roues,1,2,1,1,1
202300002538,2023-11-28 13:25:00,2023,11,28,13,25,01,01004,13 Avenue de la Libération,45.956324,5.33265,Plein jour,En agglomération,Intersection en T,Temps éblouissant,Deux véhicules - frontale,3,2,2,0,1,1,2,0,1,50,2,2,1,0,0,1,26.0,18.0,voiture,deux_roues,1,2,3,7,1
202300002538,2023-11-28 13:25:00,2023,11,28,13,25,01,01004,13 Avenue de la Libération,45.956324,5.33265,Plein jour,En agglomération,Intersection en T,Temps éblouissant,Deux véhicules - frontale,3,2,2,0,1,1,2,0,1,50,2,2,1,0,0,1,26.0,18.0,voiture,deux_roues,1,2,3,7,1
202300002539,2023-05-04 10:10:00,2023,5,4,10,10,75,75112,Avenue Daumesnil,48.8453,2.379516,Plein jour,En agglomération,Hors intersection,Normale,Autre collision,4,2,2,1,1,1,1,6,5,30,2,2,1,0,0,1,,32.0,deux_roues,deux_roues,1,2,1,1,6
202300002540,2023-03-24 02:20:00,2023,3,24,2,20,83,83069,PROVENCE (RUE DE),43.11772,6.13038,Nuit avec éclairage allumé,En agglomération,Hors intersection,Normale,Autre collision,4,2,2,0,1,1,1,0,1,50,1,2,1,0,0,1,30.0,,voiture,,5,2,1,1,6
202300002541,2023-11-27 17:30:00,2023,11,27,17,30,68,68112,D430,47.90848,7.216149,Nuit avec éclairage allumé,En agglomération,Hors intersection,Pluie forte,Sans collision,3,3,2,0,1,1,2,0,1,-1,1,1,0,0,0,1,19.0,,deux_roues,,5,2,1,3,7
202300002542,2023-11-27 07:30:00,2023,11,27,7,30,81,81203,Route de Montfranc,43.818551,2.460916,Crépuscule ou aube,Hors agglomération,Hors intersection,Temps couvert,Autre collision,4,2,2,0,2,3,2,0,3,80,1,1,0,0,0,1,43.0,,voiture,,2,1,1,8,6
202300002543,2023-05-04 20:20:00,2023,5,4,20,20,75,75111,BOULEVARD VOLTAIRE,48.852845,2.388495,Crépuscule ou aube,En agglomération,Intersection en Y,Normale,Deux véhicules - côté,4,2,4,1,1,1,1,0,1,30,2,2,1,0,0,1,26.0,28.0,deux_roues,voiture,2,2,4,1,3
202300002543,2023-05-04 20:20:00,2023,5,4,20,20,75,75111,BOULEVARD VOLTAIRE,48.852845,2.388495,Crépuscule ou aube,En agglomération,Intersection en Y,Normale,Deux véhicules - côté,4,1,1,0,1,2,1,0,1,30,2,2,1,0,0,1,26.0,28.0,deux_roues,voiture,2,2,4,1,3
202300002544,2023-03-24 16:00:00,2023,3,24,16,0,83,83118,ROUTE DES GOLFS,43.4484,6.84066,Plein jour,En agglomération,Hors intersection,Normale,Trois véhicules et plus - en chaîne,4,2,2,0,2,3,1,0,1,50,3,3,1,0,1,1,21.0,50.0,deux_roues,utilitaire_camion,1,2,1,1,4
202300002545,2023-03-25 15:00:00,2023,3,25,15,0,81,81021,CD 612,43.509389,2.37665,Plein jour,En agglomération,Hors intersection,Normale,Deux véhicules - côté,3,2,2,0,1,1,1,0,4,50,2,2,1,0,0,1,52.0,77.0,voiture,voiture,1,2,1,1,3
202300002546,2023-11-28 17:40:00,2023,11,28,17,40,28,28088,Rue de la République,48.070348,1.329373,Crépuscule ou aube,En agglomération,Giratoire,Normale,Trois véhicules et plus - collisions multiples,4,1,1,0,1,1,1,0,1,50,4,4,3,1,0,0,72.0,47.0,voiture,voiture,2,2,6,1,5
202300002547,2023-03-24 23:00:00,2023,3,24,23,0,81,81144,RN 88,43.97706,2.17781,Nuit sans éclairage public,Hors agglomération,Hors intersection,Normale,Autre collision,2,1,2,0,1,1,1,0,1,90,1,1,0,0,0,1,42.0,,deux_roues,,3,1,1,1,6
202300002548,2023-03-25 14:55:00,2023,3,25,14,55,78,78586,SCHUMAN (ROBERT),48.948343,2.194181,Plein jour,En agglomération,Intersection en X,Normale,Deux véhicules - frontale,4,2,0,0,1,1,1,5,1,50,2,4,2,0,1,1,32.0,45.0,deux_roues,voiture,1,2,2,1,1
202300002548,2023-03-25 14:55:00,2023,3,25,14,55,78,78586,SCHUMAN (ROBERT),48.948343,2.194181,Plein jour,En agglomération,Intersection en X,Normale,Deux véhicules - frontale,4,2,2,0,1,1,1,5,1,50,2,4,2,0,1,1,32.0,45.0,deux_roues,voiture,1,2,2,1,1
202300002548,2023-03-25 14:55:00,2023,3,25,14,55,78,78586,SCHUMAN (ROBERT),48.948343,2.194181,Plein jour,En agglomération,Intersection en X,Normale,Deux véhicules - frontale,4,2,2,0,1,1,1,5,1,50,2,4,2,0,1,1,32.0,45.0,deux_roues,voiture,1,2,2,1,1
202300002549,2023-11-24 21:10:00,2023,11,24,21,10,27,27271,D141,48.946138,1.304369,Nuit sans éclairage public,Hors agglomération,Autre intersection,Normale,Trois véhicules et plus - collisions multiples,3,2,2,0,2,1,1,0,1,80,5,7,6,1,0,0,30.0,23.0,deux_roues,deux_roues,3,1,9,1,5
202300002550,2023-03-25 00:10:00,2023,3,25,0,10,77,77305,D605,48.39303,2.94566,Nuit sans éclairage public,Hors agglomération,Hors intersection,Autre,Autre collision,3,3,3,0,2,1,2,0,8,70,1,3,0,0,1,2,19.0,,utilitaire_camion,,3,1,1,9,6
202300002551,2023-11-27 18:05:00,2023,11,27,18,5,11,11067,Faubourg Saint Jacques,43.22753,2.84702,Nuit avec éclairage allumé,En agglomération,Intersection en T,Normale,Deux véhicules - côté,3,2,1,0,1,1,1,0,1,50,2,2,1,0,0,1,5.0,41.0,deux_roues,voiture,5,2,3,1,3
202300002551,2023-11-27 18:05:00,2023,11,27,18,5,11,11067,Faubourg Saint Jacques,43.22753,2.84702,Nuit avec éclairage allumé,En agglomération,Intersection en T,Normale,Deux véhicules - côté,3,1, -1,-1,1,1,1,0,1,-1,2,2,1,0,0,1,5.0,41.0,deux_roues,voiture,5,2,3,1,3
202300002552,2023-03-25 09:16:00,2023,3,25,9,16,77,77243,D10,48.86553,2.71356,Plein jour,En agglomération,Intersection en X,Normale,Deux véhicules - côté,3,2,2,0,1,1,1,5,1,50,2,2,1,0,0,1,19.0,26.0,voiture,voiture,1,2,2,1,3
202300002552,2023-03-25 09:16:00,2023,3,25,9,16,77,77243,D10,48.86553,2.71356,Plein jour,En agglomération,Intersection en X,Normale,Deux véhicules - côté,3,3,2,0,1,1,1,5,1,50,2,2,1,0,0,1,19.0,26.0,voiture,voiture,1,2,2,1,3
202300002553,2023-11-26 14:40:00,2023,11,26,14,40,51,51545,D977,48.744743,4.207506,Plein jour,Hors agglomération,Intersection en X,Normale,Deux véhicules - côté,3,2,2,0,1,1,1,5,1,-1,2,2,1,0,1,0,23.0,76.0,voiture,voiture,1,1,2,1,3
202300002553,2023-11-26 14:40:00,2023,11,26,14,40,51,51545,D977,48.744743,4.207506,Plein jour,Hors agglomération,Intersection en X,Normale,Deux véhicules - côté,3,2,2,0,1,1,1,5,1,80,2,2,1,0,1,0,23.0,76.0,voiture,voiture,1,1,2,1,3
202300002554,2023-03-24 16:10:00,2023,3,24,16,10,72,72181,COURBOULAY PAUL (RUE),48.00454,0.19187,Plein jour,En agglomération,Hors intersection,Pluie forte,Autre collision,4,2,0,0,1,1,2,0,1,50,1,3,1,0,0,2,37.0,,voiture,,1,2,1,3,6
202300002555,2023-11-27 18:35:00,2023,11,27,18,35,76,76101,Grande Rue Francois Mitterrand,49.932109,1.628294,Nuit avec éclairage allumé,En agglomération,Hors intersection,Pluie légère,Autre collision,3,2,2,0,1,1,2,0,1,50,1,2,1,0,0,1,48.0,,voiture,,5,2,1,2,6
202300002556,2023-03-24 19:30:00,2023,3,24,19,30,72,72181,19 MARS 1962 (PL),47.98224,0.20723,Nuit avec éclairage allumé,En agglomération,Intersection en T,Pluie forte,Deux véhicules - côté,4,-1,2,0,1,1,2,0,1,50,2,2,1,0,0,1,37.0,27.0,deux_roues,voiture,5,2,3,3,3
202300002556,2023-03-24 19:30:00,2023,3,24,19,30,72,72181,19 MARS 1962 (PL),47.98224,0.20723,Nuit avec éclairage allumé,En agglomération,Intersection en T,Pluie forte,Deux véhicules - côté,4,1,1,0,2,1,2,0,1,50,2,2,1,0,0,1,37.0,27.0,deux_roues,voiture,5,2,3,3,3
202300002557,2023-11-25 14:47:00,2023,11,25,14,47,2A,2A271,D1,41.995721,8.837551,Plein jour,Hors agglomération,Hors intersection,Normale,Deux véhicules - côté,3,2,2,0,1,4,1,0,5,80,2,2,1,0,0,1,46.0,48.0,voiture,voiture,1,1,1,1,3
202300002558,2023-03-24 16:05:00,2023,3,24,16,5,72,72181,MAC JEAN (AV) N° PAIRS 2 A 82,47.98302,0.21099,Plein jour,En agglomération,Hors intersection,Normale,Autre collision,4,2,2,0,1,1,1,0,1,50,1,2,1,0,0,1,33.0,,voiture,,1,2,1,1,6
202300002559,2023-03-25 23:20:00,2023,3,25,23,20,64,64024,MER (BOULEVARD DE LA),43.49487,-1.54282,Nuit avec éclairage allumé,En agglomération,Intersection en Y,Normale,Deux véhicules - côté,4,1,1,0,1,1,1,0,1,30,2,2,1,0,0,1,41.0,16.0,voiture,deux_roues,5,2,4,1,3
202300002559,2023-03-25 23:20:00,2023,3,25,23,20,64,64024,MER (BOULEVARD DE LA),43.49487,-1.54282,Nuit avec éclairage allumé,En agglomération,Intersection en Y,Normale,Deux véhicules - côté,4,2,2,0,1,1,1,0,1,30,2,2,1,0,0,1,41.0,16.0,voiture,deux_roues,5,2,4,1,3
202300002560,2023-11-28 07:50:00,2023,11,28,7,50,2B,2B096,route territorial 20,42.311434,9.153113,Plein jour,Hors agglomération,Hors intersection,Temps couvert,Deux véhicules - côté,2,2,2,0,2,3,2,0,1,80,2,4,1,0,0,3,19.0,56.0,voiture,voiture,1,1,1,8,3
202300002561,2023-03-25 02:43:00,2023,3,25,2,43,64,64102,HAYET (CHEMIN DE),43.4922,-1.45294,Nuit avec éclairage allumé,En agglomération,Hors intersection,Normale,Sans collision,4,2,2,0,1,1,1,0,1,50,1,1,0,0,0,1,22.0,,deux_roues,,5,2,1,1,7
202300002562,2023-11-27 08:45:00,2023,11,27,8,45,2B,2B309,42 Route du Bord de Mer,42.743246,9.462109,Plein jour,En agglomération,Hors intersection,Normale,Deux véhicules - côté,3,2,2,0,1,1,1,0,1,30,2,2,1,0,0,1,44.0,16.0,voiture,deux_roues,1,2,1,1,3
202300002563,2023-11-27 17:10:00,2023,11,27,17,10,68,68126,85 Rue de Hésingue,47.569392,7.52446,Nuit avec éclairage allumé,En agglomération,Autre intersection,Pluie légère,Sans collision,3,2,2,0,1,1,2,0,1,50,1,2,1,0,1,0,65.0,,voiture,,5,2,9,2,7
202300002564,2023-03-25 01:50:00,2023,3,25,1,50,59,59350,SOLFERINO RUE N°110 - 206,50.63253,3.05221,Nuit avec éclairage allumé,En agglomération,Autre intersection,Pluie légère,Autre collision,4,2, -1,-1,1,1,2,5,1,-1,2,5,3,0,0,2,22.0,26.0,voiture,voiture,5,2,9,2,6
202300002564,2023-03-25 01:50:00,2023,3,25,1,50,59,59350,SOLFERINO RUE N°110 - 206,50.63253,3.05221,Nuit avec éclairage allumé,En agglomération,Autre intersection,Pluie légère,Autre collision,4,3,4,0,1,1,2,0,1,30,2,5,3,0,0,2,22.0,26.0,voiture,voiture,5,2,9,2,6
202300002565,2023-11-25 13:35:00,2023,11,25,13,35,29,29207,Cosquer .,48.54839962,-3.81810672,Plein jour,Hors agglomération,Hors intersection,Normale,Autre collision,3,2,2,0,1,1,1,0,3,70,1,1,0,1,0,0,28.0,,deux_roues,,1,1,1,1,6
202300002566,2023-03-24 16:45:00,2023,3,24,16,45,59,59359,MAISON BLANCHE (ROUTE DE LA),51.01069,2.19641,Plein jour,Hors agglomération,Hors intersection,Normale,Deux véhicules - frontale,4,2,3,0,1,1,1,0,1,70,2,4,1,0,1,2,51.0,33.0,voiture,voiture,1,1,1,1,1
202300002567,2023-11-27 18:50:00,2023,11,27,18,50,38,38416,Avenue du Docteur Carrier,45.15363,5.317013,Nuit avec éclairage allumé,En agglomération,Hors intersection,Pluie forte,Deux véhicules - côté,4,2,2,0,1,1,2,0,1,50,2,2,0,0,0,2,19.0,19.0,voiture,voiture,5,2,1,3,3
202300002568,2023-03-25 16:40:00,2023,3,25,16,40,57,57447,11EME D'AVIATION (RUE DE LA),49.086222,6.145225,Plein jour,En agglomération,Hors intersection,Temps couvert,Deux véhicules - côté,4,2,2,0,1,1,1,0,1,50,2,2,1,0,0,1,36.0,19.0,voiture,deux_roues,1,2,1,8,3
202300002569,2023-11-27 17:45:00,2023,11,27,17,45,38,38416,Cours Vallier,45.153357,5.317554,Nuit avec éclairage allumé,En agglomération,Hors intersection,Pluie légère,Autre collision,3,2,2,0,1,1,2,0,1,50,1,2,1,0,1,0,29.0,,voiture,,5,2,1,2,6
202300002570,2023-03-25 22:37:00,2023,3,25,22,37,49,49007,AYRAULT,47.47539,-0.5486,Nuit avec éclairage allumé,En agglomération,Intersection en T,Pluie légère,Deux véhicules - côté,4,3,4,0,1,1,2,0,1,30,2,2,1,0,0,1,18.0,20.0,deux_roues,voiture,5,2,3,2,3
202300002570,2023-03-25 22:37:00,2023,3,25,22,37,49,49007,AYRAULT,47.47539,-0.5486,Nuit avec éclairage allumé,En agglomération,Intersection en T,Pluie légère,Deux véhicules - côté,4,2,3,0,1,1,2,0,1,30,2,2,1,0,0,1,18.0,20.0,deux_roues,voiture,5,2,3,2,3
202300002571,2023-03-25 02:59:00,2023,3,25,2,59,49,49007,GARDOT,47.46779,-0.53468,Nuit avec éclairage allumé,En agglomération,Hors intersection,Pluie légère,Autre collision,4,2,4,2,1,1,2,0,1,30,1,1,0,0,0,1,34.0,,deux_roues,,5,2,1,2,6
202300002572,2023-11-25 19:05:00,2023,11,25,19,5,38,38422,Route d'Uriage,45.139445,5.833225,Nuit sans éclairage public,Hors agglomération,Hors intersection,Pluie légère,Deux véhicules - frontale,3,2,2,0,2,3,2,0,1,70,2,5,3,0,1,1,42.0,77.0,voiture,voiture,3,1,1,2,1