accident_id,datetime,annee,mois,jour,heure,minute,departement,commune_insee,adresse,latitude,longitude,luminosite,agglomeration,intersection,meteo,collision,catr,circ,nbv,vosp,prof,plan,surf,infra,situ,vma,nb_vehicules,nb_usagers,nb_indemnes,nb_tues,nb_blesses_hosp,nb_blesses_legers,age_cond_1,age_cond_2,veh_type_cond_1,veh_type_cond_2,lum_code,agg_code,int_code,atm_code,col_code
202300002775,2023-03-24 17:30:00,2023,3,24,17,30,93,93027,Avenue Jean Jaurès / Rue Raspail,48.92567,2.39681,Plein jour,En agglomération,Intersection en X,Pluie légère,Deux véhicules - côté,3,2,2,0,1,1,2,0,1,50,2,2,1,0,0,1,59.0,15.0,voiture,deux_roues,1,2,2,2,3
202300002776,2023-12-05 15:40:00,2023,12,5,15,40,44,44109,13 Boulevard du Tertre,47.21828347,-1.60381851,Plein jour,En agglomération,Hors intersection,Temps couvert,Autre collision,4,2,2,2,1,1,1,-1,1,50,1,2,1,0,0,1,37.0,,voiture,,1,2,1,8,6
202300002777,2023-06-08 11:00:00,2023,6,8,11,0,94,94046,Rue Jean Jaurès,48.79752338,2.43322767,Plein jour,En agglomération,Intersection en X,Normale,Deux véhicules - arrière,3,2,4,0,1,1,1,5,1,50,2,2,1,0,0,1,53.0,28.0,voiture,voiture,1,2,2,1,2
202300002777,2023-06-08 11:00:00,2023,6,8,11,0,94,94046,Rue Jean Jaurès,48.79752338,2.43322767,Plein jour,En agglomération,Intersection en X,Normale,Deux véhicules - arrière,3,2,2,0,1,1,1,0,1,50,2,2,1,0,0,1,53.0,28.0,voiture,voiture,1,2,2,1,2
202300002778,2023-12-05 12:25:00,2023,12,5,12,25,44,44109,Pont de Cheviré,47.19326425,-1.61347387,Plein jour,Hors agglomération,Hors intersection,Temps couvert,Deux véhicules - arrière,2,2,4,0,2,1,1,2,1,70,2,2,1,0,0,1,50.0,33.0,transport_commun,utilitaire_camion,1,1,1,8,2
202300002779,2023-03-24 10:40:00,2023,3,24,10,40,93,93027,Allée Philippe Roux,48.92697998,2.39249906,Plein jour,En agglomération,Hors intersection,Temps couvert,Autre collision,4,1,1,0,1,1,1,0,1,30,1,2,1,0,0,1,33.0,,utilitaire_camion,,1,2,1,8,6
202300002780,2023-12-04 09:16:00,2023,12,4,9,16,44,44109,82 Route de Rennes,47.25409546,-1.5763507,Plein jour,En agglomération,Giratoire,Temps couvert,Deux véhicules - côté,4,2,2,2,1,1,1,-1,1,50,2,2,1,0,0,1,79.0,29.0,voiture,deux_roues,1,2,6,8,3
202300002781,2023-06-08 18:45:00,2023,6,8,18,45,94,94043,Place Jean Jaures,48.81228,2.35723,Crépuscule ou aube,En agglomération,Hors intersection,Normale,Deux véhicules - arrière,4,1,1,0,1,1,1,0,1,50,2,2,1,0,0,1,22.0,92.0,voiture,voiture,2,2,1,1,2
202300002782,2023-06-08 03:30:00,2023,6,8,3,30,94,94076,Boulevard Maxime Gorki,48.799774,2.365551,Nuit avec éclairage allumé,En agglomération,Hors intersection,Normale,Sans collision,3,3,4,1,2,2,1,0,4,50,1,1,0,0,0,1,65.0,,deux_roues,,5,2,1,1,7
202300002783,2023-12-04 18:30:00,2023,12,4,18,30,44,44143,49 Rue de la Chesnaie,47.17766267,-1.56130978,Nuit avec éclairage allumé,En agglomération,Intersection en T,Temps couvert,Autre collision,4,2,2,0,1,1,1,5,1,30,2,3,2,0,0,1,75.0,,deux_roues,voiture,5,2,3,8,6
202300002783,2023-12-04 18:30:00,2023,12,4,18,30,44,44143,49 Rue de la Chesnaie,47.17766267,-1.56130978,Nuit avec éclairage allumé,En agglomération,Intersection en T,Temps couvert,Autre collision,4,2,2,0,1,1,1,5,1,50,2,3,2,0,0,1,75.0,,deux_roues,voiture,5,2,3,8,6
202300002784,2023-03-23 21:24:00,2023,3,23,21,24,93,93027,Avenue Paul Vaillant Couturier,48.9214,2.41148,Nuit avec éclairage allumé,En agglomération,Hors intersection,Pluie légère,Autre collision,3,3,4,0,1,1,2,9,1,30,1,2,1,0,1,0,32.0,,voiture,,5,2,1,2,6
202300002785,2023-12-01 20:00:00,2023,12,1,20,0,44,44162,Boulevard Charles de Gaulle,47.21834978,-1.64748484,Nuit sans éclairage public,En agglomération,Intersection en T,Normale,Deux véhicules - frontale,4,2,2,0,1,1,1,5,1,50,2,3,1,0,0,2,28.0,25.0,voiture,voiture,3,2,3,1,1
202300002786,2023-06-07 19:45:00,2023,6,7,19,45,94,94081,Avenue Rouget de Lisle,48.77819,2.39648,Plein jour,En agglomération,Intersection en X,Normale,Deux véhicules - côté,3,3,1,3,1,1,1,5,1,50,2,2,1,0,0,1,31.0,53.0,voiture,deux_roues,1,2,2,1,3
202300002786,2023-06-07 19:45:00,2023,6,7,19,45,94,94081,Avenue Rouget de Lisle,48.77819,2.39648,Plein jour,En agglomération,Intersection en X,Normale,Deux véhicules - côté,3,1, -1,0,1,1,1,0,1,-1,2,2,1,0,0,1,31.0,53.0,voiture,deux_roues,1,2,2,1,3
202300002787,2023-12-01 03:30:00,2023,12,1,3,30,44,44109,107 Rue de Coulmiers,47.22527681,-1.53996691,Nuit avec éclairage allumé,En agglomération,Hors intersection,Normale,Sans collision,4,2,2,0,1,1,1,0,1,50,1,1,0,0,0,1,20.0,,deux_roues,,5,2,1,1,7
202300002788,2023-03-25 17:45:00,2023,3,25,17,45,93,93005,Boulevard Marc Chagall,48.952612,2.497502,Plein jour,En agglomération,Hors intersection,Normale,Autre collision,3,3,4,0,1,1,1,0,1,50,2,2,1,0,0,1,14.0,46.0,deux_roues,voiture,1,2,1,1,6
202300002789,2023-11-29 17:30:00,2023,11,29,17,30,44,44162,,47.204,-1.623,Nuit sans éclairage public,Hors agglomération,Hors intersection,Temps couvert,Deux véhicules - côté,2,2,4,0,1,1,1,0,1,70,2,2,1,0,0,1,47.0,24.0,utilitaire_camion,deux_roues,3,1,1,8,3
202300002790,2023-06-08 19:40:00,2023,6,8,19,40,94,94073,N186B,48.753558,2.376021,Plein jour,Hors agglomération,Hors intersection,Normale,Deux véhicules - arrière,2,3,8,0,1,1,1,0,1,50,2,2,1,0,0,1,56.0,38.0,voiture,utilitaire_camion,1,1,1,1,2
202300002791,2023-11-28 08:15:00,2023,11,28,8,15,44,44143,28 Rue François Marchais,47.18854137,-1.57279846,Crépuscule ou aube,En agglomération,Giratoire,Temps couvert,Autre collision,4,2,2,2,1,1,1,-1,1,-1,2,2,1,0,0,1,25.0,36.0,voiture,deux_roues,2,2,6,8,6
202300002792,2023-06-07 15:00:00,2023,6,7,15,0,94,94011,Route de Stains,48.78259078,2.4945095,Plein jour,En agglomération,Autre intersection,Normale,Deux véhicules - côté,3,-1,2,0,1,1,1,0,1,50,2,2,1,0,0,1,52.0,59.0,utilitaire_camion,voiture,1,2,9,1,3
202300002793,2023-11-27 16:35:00,2023,11,27,16,35,44,44109,17 Rue George Sand,47.22251686,-1.57217117,Crépuscule ou aube,Hors agglomération,Intersection en X,Temps couvert,Deux véhicules - côté,4,2,2,0,1,1,1,0,1,50,2,2,1,0,0,1,51.0,39.0,voiture,deux_roues,2,1,2,8,3
202300002794,2023-03-25 16:00:00,2023,3,25,16,0,93,93005,Rue Paul Vaillant Couturier / Av du Mal de Lattre de Tassigny,48.92947,2.48678,Plein jour,En agglomération,Intersection en X,Normale,Deux véhicules - côté,4,2,2,0,1,1,1,0,1,50,2,2,1,0,0,1,28.0,39.0,deux_roues,voiture,1,2,2,1,3
202300002794,2023-03-25 16:00:00,2023,3,25,16,0,93,93005,Rue Paul Vaillant Couturier / Av du Mal de Lattre de Tassigny,48.92947,2.48678,Plein jour,En agglomération,Intersection en X,Normale,Deux véhicules - côté,4,2,2,0,1,1,1,0,1,50,2,2,1,0,0,1,28.0,39.0,deux_roues,voiture,1,2,2,1,3
202300002795,2023-06-08 19:35:00,2023,6,8,19,35,93,93031,Avenue de Lattre de Tassigny,48.95779277,2.30967183,Plein jour,En agglomération,Hors intersection,Normale,Deux véhicules - côté,3,3,2,1,1,1,1,0,1,50,2,2,1,0,0,1,53.0,22.0,voiture,deux_roues,1,2,1,1,3
202300002796,2023-11-25 12:29:00,2023,11,25,12,29,44,44143,112 Rue Aristide Briand,47.17790435,-1.54427701,Plein jour,En agglomération,Intersection en T,Temps couvert,Deux véhicules - arrière,4,1,1,2,1,1,1,-1,1,30,2,3,2,0,0,1,39.0,29.0,voiture,voiture,1,2,3,8,2
202300002796,2023-11-25 12:29:00,2023,11,25,12,29,44,44143,112 Rue Aristide Briand,47.17790435,-1.54427701,Plein jour,En agglomération,Intersection en T,Temps couvert,Deux véhicules - arrière,4,2,2,0,1,1,1,5,1,50,2,3,2,0,0,1,39.0,29.0,voiture,voiture,1,2,3,8,2
202300002797,2023-11-23 17:40:00,2023,11,23,17,40,44,44190,19 Rue des Bignons,47.19931095,-1.49825057,Nuit avec éclairage allumé,En agglomération,Hors intersection,Temps couvert,Deux véhicules - côté,4,2,2,0,1,1,1,0,1,50,2,2,1,0,0,1,66.0,57.0,voiture,deux_roues,5,2,1,8,3
202300002798,2023-06-08 19:52:00,2023,6,8,19,52,93,93027,Rue de la Convention,48.92760672,2.39200749,Plein jour,En agglomération,Hors intersection,Normale,Autre collision,3,3,2,0,1,1,1,0,1,50,1,2,1,0,0,1,22.0,,voiture,,1,2,1,1,6
202300002799,2023-12-23 14:11:00,2023,12,23,14,11,74,74282,A41,45.987678,6.127657,Plein jour,Hors agglomération,Autre intersection,Normale,Deux véhicules - arrière,1,1,2,0,1,1,1,7,1,110,2,2,1,0,1,0,33.0,60.0,deux_roues,voiture,1,1,9,1,2
202300002800,2023-03-25 08:27:00,2023,3,25,8,27,93,93005,Avenue Charles de Gaulle,48.931341,2.484792,Plein jour,En agglomération,Autre intersection,Normale,Deux véhicules - côté,3,2,3,0,1,1,1,0,1,50,2,4,3,0,0,1,40.0,31.0,voiture,utilitaire_camion,1,2,9,1,3
202300002801,2023-06-08 07:40:00,2023,6,8,7,40,93,93014,Allée de Montfermeil,48.8975297,2.53338926,Plein jour,En agglomération,Hors intersection,Normale,Deux véhicules - côté,3,2,2,0,1,1,1,0,1,50,2,2,1,0,0,1,27.0,33.0,voiture,deux_roues,1,2,1,1,3
202300002802,2023-12-17 15:45:00,2023,12,17,15,45,74,74108,D1508,45.828986,6.188342,Plein jour,Hors agglomération,Hors intersection,Temps éblouissant,Autre collision,3,2,2,0,1,1,1,0,1,70,1,2,1,1,0,0,67.0,,voiture,,1,1,1,7,6
202300002803,2023-06-08 15:30:00,2023,6,8,15,30,93,93007,Chemin de Notre Dame,48.95291114,2.44374043,Plein jour,En agglomération,Hors intersection,Normale,Autre collision,4,1,1,0,1,1,1,0,1,30,1,2,1,0,0,1,37.0,,deux_roues,,1,2,1,1,6
202300002804,2023-12-31 11:55:00,2023,12,31,11,55,74,74133,ZONE (ROUTE DE),46.18333,6.2166,Plein jour,En agglomération,Hors intersection,Pluie forte,Deux véhicules - côté,3,2,0,0,1,1,2,0,1,50,2,3,1,0,1,1,21.0,57.0,voiture,voiture,1,2,1,3,3
202300002805,2023-03-24 00:01:00,2023,3,24,0,1,93,93027,Place du Huit Mai 1945,48.920859,2.41034,Nuit avec éclairage allumé,En agglomération,Giratoire,Pluie légère,Autre collision,3,1,2,0,1,2,2,0,1,50,1,2,1,0,0,1,54.0,,voiture,,5,2,6,2,6
202300002805,2023-03-24 00:01:00,2023,3,24,0,1,93,93027,Place du Huit Mai 1945,48.920859,2.41034,Nuit avec éclairage allumé,En agglomération,Giratoire,Pluie légère,Autre collision,3,3,4,-1,1,1,2,0,1,-1,1,2,1,0,0,1,54.0,,voiture,,5,2,6,2,6
202300002806,2023-12-21 22:00:00,2023,12,21,22,0,74,74041,D22,46.298486,6.6742,Nuit sans éclairage public,Hors agglomération,Autre intersection,Pluie forte,Autre collision,3,2,2,0,1,3,2,2,3,70,1,1,0,0,0,1,22.0,,voiture,,3,1,9,3,6
202300002807,2023-06-08 17:50:00,2023,6,8,17,50,93,93007,Avenue Henri Barbusse / Rue Maxime Gorki,48.94015807,2.46248309,Plein jour,En agglomération,Intersection en X,Normale,Deux véhicules - côté,4,2,2,0,1,1,1,0,1,30,2,2,0,0,0,2,56.0,29.0,voiture,deux_roues,1,2,2,1,3
202300002807,2023-06-08 17:50:00,2023,6,8,17,50,93,93007,Avenue Henri Barbusse / Rue Maxime Gorki,48.94015807,2.46248309,Plein jour,En agglomération,Intersection en X,Normale,Deux véhicules - côté,4,1,1,-1,1,1,1,0,1,-1,2,2,0,0,0,2,56.0,29.0,voiture,deux_roues,1,2,2,1,3
202300002808,2023-12-21 21:20:00,2023,12,21,21,20,74,74128,D20,46.157384,6.347694,Nuit sans éclairage public,Hors agglomération,Hors intersection,Pluie légère,Autre collision,3,2,2,0,4,2,2,0,8,70,1,4,2,0,0,2,26.0,,voiture,,3,1,1,2,6
202300002809,2023-03-22 15:00:00,2023,3,22,15,0,92,92072,VILLE D'AVRAY (RUE DE ),48.82585161,2.20270112,Plein jour,En agglomération,Intersection en X,Temps couvert,Deux véhicules - côté,3,2,2,0,2,1,1,0,1,50,2,2,1,0,0,1,38.0,54.0,utilitaire_camion,deux_roues,1,2,2,8,3
202300002809,2023-03-22 15:00:00,2023,3,22,15,0,92,92072,VILLE D'AVRAY (RUE DE ),48.82585161,2.20270112,Plein jour,En agglomération,Intersection en X,Temps couvert,Deux véhicules - côté,3,2,1,0,1,1,1,0,1,30,2,2,1,0,0,1,38.0,54.0,utilitaire_camion,deux_roues,1,2,2,8,3
202300002810,2023-06-08 19:00:00,2023,6,8,19,0,92,92051,MAILLOT (BOULEVARD),48.87889,2.27076,Plein jour,En agglomération,Intersection en X,Temps éblouissant,Deux véhicules - côté,4,2,2,2,1,1,1,0,1,30,2,2,1,0,0,1,34.0,67.0,voiture,deux_roues,1,2,2,7,3
202300002811,2023-12-21 14:41:00,2023,12,21,14,41,74,74159,D1205,46.010275,6.626574,Plein jour,Hors agglomération,Hors intersection,Pluie légère,Deux véhicules - frontale,3,2,2,0,1,2,2,0,1,-1,2,2,0,0,1,1,49.0,38.0,voiture,voiture,1,1,1,2,1
202300002812,2023-06-08 16:50:00,2023,6,8,16,50,92,92020,PARIS AVENUE DE N°2 A82,48.805868,2.291856,Plein jour,En agglomération,Hors intersection,Normale,Autre collision,6,-1, -1,0,2,1,1,9,4,50,1,2,1,0,0,1,76.0,,voiture,,1,2,1,1,6
202300002813,2023-03-24 09:39:00,2023,3,24,9,39,92,92064,MARCEL DASSAULT,48.85461665,2.22274728,Plein jour,En agglomération,Hors intersection,Normale,Deux véhicules - côté,3,2,3,0,1,1,1,0,1,50,2,2,1,0,0,1,37.0,28.0,voiture,deux_roues,1,2,1,1,3
202300002814,2023-12-19 01:00:00,2023,12,19,1,0,74,74191,Route de la combe à zore,46.187221,6.692433,Nuit avec éclairage non allumé,En agglomération,Hors intersection,Autre,Deux véhicules - frontale,3,2,2,0,2,3,7,0,1,50,2,4,3,0,1,0,22.0,58.0,voiture,voiture,4,2,1,9,1
202300002815,2023-12-17 08:10:00,2023,12,17,8,10,74,74105,Avenue des voirons,46.30575,6.301389,Crépuscule ou aube,En agglomération,Intersection en X,Normale,Autre collision,3,2,2,0,1,2,1,0,1,50,1,2,1,0,1,0,20.0,,voiture,,2,2,2,1,6
202300002815,2023-12-17 08:10:00,2023,12,17,8,10,74,74105,Avenue des voirons,46.30575,6.301389,Crépuscule ou aube,En agglomération,Intersection en X,Normale,Autre collision,3,2, -1,-1,1,1,1,0,1,-1,1,2,1,0,1,0,20.0,,voiture,,2,2,2,1,6
202300002816,2023-06-08 03:10:00,2023,6,8,3,10,92,92020,REPUBLIQUE AV. N°27 A 105 ET 26 A 178,48.804,2.2978,Nuit avec éclairage allumé,En agglomération,Intersection en X,Normale,Deux véhicules - frontale,3,1,1,0,2,1,1,0,1,50,2,2,0,0,1,1,37.0,43.0,deux_roues,transport_commun,5,2,2,1,1
202300002816,2023-06-08 03:10:00,2023,6,8,3,10,92,92020,REPUBLIQUE AV. N°27 A 105 ET 26 A 178,48.804,2.2978,Nuit avec éclairage allumé,En agglomération,Intersection en X,Normale,Deux véhicules - frontale,3,2,3,0,1,1,1,0,1,50,2,2,0,0,1,1,37.0,43.0,deux_roues,transport_commun,5,2,2,1,1
202300002817,2023-12-08 16:55:00,2023,12,8,16,55,74,74112,rue du commerce,45.938169,6.074163,Nuit avec éclairage allumé,Hors agglomération,Intersection en T,Pluie légère,Autre collision,4,-1, -1,0,1,1,2,0,1,-1,1,2,1,0,0,1,43.0,,voiture,,5,1,3,2,6
202300002817,2023-12-08 16:55:00,2023,12,8,16,55,74,74112,rue du commerce,45.938169,6.074163,Nuit avec éclairage allumé,Hors agglomération,Intersection en T,Pluie légère,Autre collision,4,-1, -1,-1,1,1,2,0,1,-1,1,2,1,0,0,1,43.0,,voiture,,5,1,3,2,6
202300002818,2023-03-24 17:35:00,2023,3,24,17,35,92,92063,LECLERC DE HAUTECLOQUE (AVENUE DU MARECH,48.8585,2.19142,Plein jour,En agglomération,Hors intersection,Pluie légère,Deux véhicules - arrière,3,2,2,0,1,1,2,0,1,50,2,2,1,0,0,1,22.0,31.0,deux_roues,voiture,1,2,1,2,2
202300002819,2023-12-18 16:00:00,2023,12,18,16,0,74,74026,Route de la léchère,45.970623,6.049921,Plein jour,Hors agglomération,Hors intersection,Normale,Sans collision,4,2,2,0,1,1,1,0,3,50,1,2,1,0,0,1,53.0,,utilitaire_camion,,1,1,1,1,7
202300002820,2023-06-07 17:45:00,2023,6,7,17,45,92,92020,REPUBLIQUE AV. N°27 A 105 ET 26 A 178,48.802316,2.296826,Plein jour,En agglomération,Giratoire,Normale,Deux véhicules - côté,3,1,2,0,1,1,1,0,1,50,2,3,2,0,0,1,25.0,27.0,deux_roues,voiture,1,2,6,1,3
202300002820,2023-06-07 17:45:00,2023,6,7,17,45,92,92020,REPUBLIQUE AV. N°27 A 105 ET 26 A 178,48.802316,2.296826,Plein jour,En agglomération,Giratoire,Normale,Deux véhicules - côté,3,-1,2,0,1,1,1,0,1,50,2,3,2,0,0,1,25.0,27.0,deux_roues,voiture,1,2,6,1,3
202300002821,2023-11-30 16:40:00,2023,11,30,16,40,74,74123,Rue simon tissot dupont,45.745935,6.295102,Nuit avec éclairage allumé,En agglomération,Hors intersection,Pluie légère,Autre collision,3,2,2,0,1,1,2,0,1,30,1,2,1,0,0,1,28.0,,voiture,,5,2,1,2,6
202300002822,2023-06-07 15:32:00,2023,6,7,15,32,92,92025,VALMY (BD DE),48.930906,2.255201,Plein jour,En agglomération,Hors intersection,Normale,Deux véhicules - côté,3,2,4,2,1,1,1,0,5,30,2,2,1,0,0,1,52.0,72.0,deux_roues,voiture,1,2,1,1,3
202300002823,2023-11-02 03:50:00,2023,11,2,3,50,74,74044,A40,46.15010056,6.15113708,Nuit sans éclairage public,Hors agglomération,Hors intersection,Temps couvert,Autre collision,1,3,2,0,1,2,2,0,1,110,1,1,0,0,0,1,31.0,,deux_roues,,3,1,1,8,6
202300002824,2023-03-24 21:00:00,2023,3,24,21,0,92,92050,MARTIN HENRI AVENUE,48.89471,2.19269,Nuit avec éclairage allumé,En agglomération,Intersection en X,Normale,Deux véhicules - côté,3,1,2,0,1,1,1,0,1,50,2,2,1,0,0,1,30.0,29.0,voiture,deux_roues,5,2,2,1,3
202300002824,2023-03-24 21:00:00,2023,3,24,21,0,92,92050,MARTIN HENRI AVENUE,48.89471,2.19269,Nuit avec éclairage allumé,En agglomération,Intersection en X,Normale,Deux véhicules - côté,3,2,2,0,1,1,1,0,1,50,2,2,1,0,0,1,30.0,29.0,voiture,deux_roues,5,2,2,1,3
202300002824,2023-03-24 21:00:00,2023,3,24,21,0,92,92050,MARTIN HENRI AVENUE,48.89471,2.19269,Nuit avec éclairage allumé,En agglomération,Intersection en X,Normale,Deux véhicules - côté,3,3,2,0,1,1,1,0,1,50,2,2,1,0,0,1,30.0,29.0,voiture,deux_roues,5,2,2,1,3
202300002825,2023-10-23 21:50:00,2023,10,23,21,50,74,74042,RD1205,46.06898702,6.44443651,Nuit avec éclairage allumé,Hors agglomération,Autre intersection,Temps couvert,Trois véhicules et plus - collisions multiples,3,1,2,0,1,1,2,8,1,90,4,5,1,0,1,3,20.0,26.0,voiture,voiture,5,1,9,8,5
202300002826,2023-06-06 11:15:00,2023,6,6,11,15,92,92004,DOCTEUR DERVAUX  ( QUAI DU ),48.90927,2.2936,Plein jour,En agglomération,Hors intersection,Normale,Trois véhicules et plus - collisions multiples,3,-1,1,0,1,1,1,0,1,50,3,3,2,0,0,1,36.0,60.0,deux_roues,utilitaire_camion,1,2,1,1,5
202300002827,2023-09-21 15:00:00,2023,9,21,15,0,35,35176,D777,47.825452,-1.853986,Plein jour,En agglomération,Intersection en T,Normale,Deux véhicules - côté,3,2,2,0,3,1,1,0,1,50,2,2,1,0,0,1,30.0,34.0,voiture,voiture,1,2,3,1,3
202300002827,2023-09-21 15:00:00,2023,9,21,15,0,35,35176,D777,47.825452,-1.853986,Plein jour,En agglomération,Intersection en T,Normale,Deux véhicules - côté,3,2,2,0,1,1,1,0,1,-1,2,2,1,0,0,1,30.0,34.0,voiture,voiture,1,2,3,1,3
202300002828,2023-06-06 19:30:00,2023,6,6,19,30,92,92004,PONT DE CLICHY,48.91146,2.29861,Plein jour,En agglomération,Hors intersection,Normale,Deux véhicules - arrière,3,-1,0,0,1,1,1,0,1,50,2,2,1,0,0,1,26.0,29.0,voiture,voiture,1,2,1,1,2
202300002829,2023-03-25 20:30:00,2023,3,25,20,30,92,92020,PARIS AVENUE DE N° IMPAIRS,48.807697,2.294797,Nuit avec éclairage allumé,En agglomération,Hors intersection,Pluie légère,Autre collision,3,2,2,0,1,1,2,0,1,50,1,2,1,0,0,1,30.0,,deux_roues,,5,2,1,2,6
202300002830,2023-10-28 18:40:00,2023,10,28,18,40,62,62203,D215,50.846272,1.903188,Nuit sans éclairage public,Hors agglomération,Intersection en X,Pluie forte,Deux véhicules - côté,3,2,2,0,1,1,2,0,1,80,2,2,1,0,0,1,41.0,56.0,voiture,voiture,3,1,2,3,3
202300002830,2023-10-28 18:40:00,2023,10,28,18,40,62,62203,D215,50.846272,1.903188,Nuit sans éclairage public,Hors agglomération,Intersection en X,Pluie forte,Deux véhicules - côté,3,2,2,0,2,2,2,0,1,70,2,2,1,0,0,1,41.0,56.0,voiture,voiture,3,1,2,3,3
202300002831,2023-06-07 17:30:00,2023,6,7,17,30,76,76517,A28,49.504701,1.177554,Plein jour,Hors agglomération,Autre intersection,Normale,Trois véhicules et plus - en chaîne,1,1,2,0,1,1,1,0,1,110,4,4,2,0,1,1,39.0,34.0,voiture,voiture,1,1,9,1,4
202300002832,2023-10-13 14:00:00,2023,10,13,14,0,22,22391,le Bas Fouénard,48.32268521,-2.16644883,Plein jour,Hors agglomération,Hors intersection,Temps couvert,Deux véhicules - frontale,3,2,2,0,1,2,2,0,1,80,2,2,0,1,0,1,18.0,43.0,voiture,voiture,1,1,1,8,1
202300002833,2023-03-24 20:35:00,2023,3,24,20,35,92,92049,BRIAND AVENUE ARISTIDE N°2 A 114,48.81751822,2.32557714,Nuit avec éclairage non allumé,En agglomération,Intersection en X,Pluie légère,Autre collision,3,2,2,0,1,1,2,0,8,50,1,2,1,0,0,1,40.0,,voiture,,4,2,2,2,6
202300002833,2023-03-24 20:35:00,2023,3,24,20,35,92,92049,BRIAND AVENUE ARISTIDE N°2 A 114,48.81751822,2.32557714,Nuit avec éclairage non allumé,En agglomération,Intersection en X,Pluie légère,Autre collision,3,2,8,1,2,1,2,0,1,50,1,2,1,0,0,1,40.0,,voiture,,4,2,2,2,6
202300002834,2023-11-22 11:30:00,2023,11,22,11,30,44,44162,Avenue de Cheverny,47.24184924,-1.59976932,Plein jour,En agglomération,Hors intersection,Normale,Autre collision,4,2,2,0,1,1,1,0,1,50,1,3,2,0,0,1,24.0,,voiture,,1,2,1,1,6
202300002835,2023-06-07 16:55:00,2023,6,7,16,55,22,22237,la millière,48.524634,-2.259343,Plein jour,Hors agglomération,Hors intersection,Autre,Autre collision,4,2,2,0,1,2,1,0,1,-1,2,3,2,0,0,1,32.0,63.0,voiture,voiture,1,1,1,9,6
202300002836,2023-11-22 14:20:00,2023,11,22,14,20,44,44109,41 Rue Général Buat,47.23143063,-1.53822899,Plein jour,En agglomération,Hors intersection,Temps couvert,Autre collision,4,2,2,2,1,1,1,-1,1,50,1,2,1,0,0,1,32.0,,voiture,,1,2,1,8,6
202300002837,2023-11-18 21:40:00,2023,11,18,21,40,44,44109,38 Rue Ledru Rollin,47.19381511,-1.53566195,Nuit avec éclairage allumé,En agglomération,Intersection en X,Normale,Deux véhicules - côté,4,1,1,0,1,1,1,5,1,30,2,3,1,0,0,2,27.0,53.0,voiture,transport_commun,5,2,2,1,3
202300002837,2023-11-18 21:40:00,2023,11,18,21,40,44,44109,38 Rue Ledru Rollin,47.19381511,-1.53566195,Nuit avec éclairage allumé,En agglomération,Intersection en X,Normale,Deux véhicules - côté,4,1,1,3,1,1,1,5,1,50,2,3,1,0,0,2,27.0,53.0,voiture,transport_commun,5,2,2,1,3
202300002838,2023-06-04 01:20:00,2023,6,4,1,20,33,33166,Le Bourg,45.06051,-0.030663,Nuit sans éclairage public,En agglomération,Intersection en X,Normale,Deux véhicules - arrière,3,2,2,0,1,1,1,0,1,50,2,2,1,0,1,0,45.0,25.0,voiture,voiture,3,2,2,1,2
202300002838,2023-06-04 01:20:00,2023,6,4,1,20,33,33166,Le Bourg,45.06051,-0.030663,Nuit sans éclairage public,En agglomération,Intersection en X,Normale,Deux véhicules - arrière,3,2, -1,-1,1,1,1,0,1,-1,2,2,1,0,1,0,45.0,25.0,voiture,voiture,3,2,2,1,2
202300002839,2023-03-22 19:02:00,2023,3,22,19,2,92,92036,CAMELINAT (BOULEVARD) (2 AU 66),48.9304,2.30122,Plein jour,En agglomération,Hors intersection,Normale,Deux véhicules - arrière,3,2,2,0,1,1,1,0,1,50,2,2,1,0,0,1,35.0,43.0,voiture,voiture,1,2,1,1,2
202300002840,2023-11-18 11:15:00,2023,11,18,11,15,44,44109,Place Primil,47.19777363,-1.5423882,Plein jour,En agglomération,Intersection en T,Temps couvert,Deux véhicules - frontale,4,2,4,2,2,1,1,-1,1,50,2,3,1,0,0,2,22.0,44.0,voiture,voiture,1,2,3,8,1
202300002840,2023-11-18 11:15:00,2023,11,18,11,15,44,44109,Place Primil,47.19777363,-1.5423882,Plein jour,En agglomération,Intersection en T,Temps couvert,Deux véhicules - frontale,4,2,4,2,2,1,1,2,1,50,2,3,1,0,0,2,22.0,44.0,voiture,voiture,1,2,3,8,1
202300002841,2023-06-08 08:29:00,2023,6,8,8,29,06,06161,Avenue des Plans,43.654772,7.12505,Plein jour,En agglomération,Hors intersection,Normale,Deux véhicules - côté,3,2,2,1,1,1,1,0,1,50,2,2,1,0,0,1,43.0,79.0,voiture,deux_roues,1,2,1,1,3
202300002842,2023-11-16 08:00:00,2023,11,16,8,0,44,44109,5 Avenue Chanzy,47.22461592,-1.54666109,Crépuscule ou aube,En agglomération,Intersection en X,Normale,Autre collision,4,2,2,0,1,1,1,0,1,50,1,2,1,0,0,1,54.0,,voiture,,2,2,2,1,6
202300002842,2023-11-16 08:00:00,2023,11,16,8,0,44,44109,5 Avenue Chanzy,47.22461592,-1.54666109,Crépuscule ou aube,En agglomération,Intersection en X,Normale,Autre collision,4,2,2,0,1,1,1,5,1,50,1,2,1,0,0,1,54.0,,voiture,,2,2,2,1,6