accident_id,datetime,annee,mois,jour,heure,minute,departement,commune_insee,adresse,latitude,longitude,luminosite,agglomeration,intersection,meteo,collision,catr,circ,nbv,vosp,prof,plan,surf,infra,situ,vma,nb_vehicules,nb_usagers,nb_indemnes,nb_tues,nb_blesses_hosp,nb_blesses_legers,age_cond_1,age_cond_2,veh_type_cond_1,veh_type_cond_2,lum_code,agg_code,int_code,atm_code,col_code
202300002843,2023-03-24 11:45:00,2023,3,24,11,45,92,92035,National ( boulevard ),48.90596534,2.23896325,Plein jour,En agglomération,Hors intersection,Normale,Deux véhicules - côté,3,3,4,2,1,1,1,0,5,50,2,2,1,0,0,1,88.0,26.0,voiture,deux_roues,1,2,1,1,3
202300002844,2023-11-15 08:10:00,2023,11,15,8,10,44,44109,3 Cours Olivier De Clisson,47.21329053,-1.55442805,Crépuscule ou aube,En agglomération,Intersection en X,Temps couvert,Deux véhicules - côté,4,1,1,0,1,1,1,0,1,30,2,2,1,0,0,1,41.0,43.0,voiture,deux_roues,2,2,2,8,3
202300002844,2023-11-15 08:10:00,2023,11,15,8,10,44,44109,3 Cours Olivier De Clisson,47.21329053,-1.55442805,Crépuscule ou aube,En agglomération,Intersection en X,Temps couvert,Deux véhicules - côté,4,2,2,0,1,1,1,0,1,50,2,2,1,0,0,1,41.0,43.0,voiture,deux_roues,2,2,2,8,3
202300002845,2023-06-07 17:45:00,2023,6,7,17,45,49,49092,D160 SAINT GEORGES DES GARDES 49120,47.165151,-0.753711,Plein jour,Hors agglomération,Intersection en T,Normale,Deux véhicules - côté,3,2,2,0,1,1,1,0,1,90,2,2,1,0,1,0,35.0,38.0,voiture,deux_roues,1,1,3,1,3
202300002845,2023-06-07 17:45:00,2023,6,7,17,45,49,49092,D160 SAINT GEORGES DES GARDES 49120,47.165151,-0.753711,Plein jour,Hors agglomération,Intersection en T,Normale,Deux véhicules - côté,3,2, -1,-1,1,1,1,0,1,-1,2,2,1,0,1,0,35.0,38.0,voiture,deux_roues,1,1,3,1,3
202300002846,2023-11-15 14:20:00,2023,11,15,14,20,44,44109,Rue Voltaire,47.21220577,-1.56509438,Plein jour,En agglomération,Hors intersection,Temps couvert,Sans collision,4,1,1,2,1,1,1,-1,1,30,1,1,0,0,0,1,30.0,,deux_roues,,1,2,1,8,7
202300002847,2023-11-14 13:00:00,2023,11,14,13,0,44,44109,151 Rue des Hauts Pavés,47.22849505,-1.57128766,Plein jour,En agglomération,Hors intersection,Temps couvert,Autre collision,4,2,2,2,1,1,1,-1,1,50,2,2,1,0,0,1,32.0,31.0,deux_roues,voiture,1,2,1,8,6
202300002848,2023-06-08 14:15:00,2023,6,8,14,15,974,97412,170 Boulevard de l'Océan,-21.371845,55.58476,Plein jour,En agglomération,Hors intersection,Normale,Autre collision,4,2,2,0,1,1,1,0,1,-1,1,2,1,0,1,0,52.0,,voiture,,1,2,1,1,6
202300002849,2023-11-10 16:15:00,2023,11,10,16,15,44,44190,277 Route de Clisson,47.18838198,-1.49852454,Plein jour,En agglomération,Intersection en T,Temps couvert,Autre collision,4,2,2,2,1,1,1,-1,1,30,2,2,1,0,0,1,23.0,23.0,voiture,deux_roues,1,2,3,8,6
202300002849,2023-11-10 16:15:00,2023,11,10,16,15,44,44190,277 Route de Clisson,47.18838198,-1.49852454,Plein jour,En agglomération,Intersection en T,Temps couvert,Autre collision,4,2,2,2,1,1,1,5,1,50,2,2,1,0,0,1,23.0,23.0,voiture,deux_roues,1,2,3,8,6
202300002850,2023-03-24 16:10:00,2023,3,24,16,10,92,92025,BOURNARD (RUE DU),48.92286,2.25538,Plein jour,En agglomération,Hors intersection,Temps couvert,Autre collision,3,2,2,3,2,1,1,0,3,30,2,2,1,0,0,1,66.0,14.0,voiture,deux_roues,1,2,1,8,6
202300002851,2023-05-31 14:15:00,2023,5,31,14,15,972,97227,Voie No 5 Lot les Cerisiers,14.468521,-60.923366,Plein jour,Hors agglomération,Hors intersection,Normale,Deux véhicules - frontale,2,2,2,0,2,2,1,0,1,50,2,2,0,0,2,0,52.0,30.0,voiture,utilitaire_camion,1,1,1,1,1
202300002852,2023-11-10 10:15:00,2023,11,10,10,15,44,44109,1 Place Beaumanoir,47.21273421,-1.57170925,Plein jour,En agglomération,Giratoire,Temps couvert,Deux véhicules - côté,4,2,2,0,1,1,1,0,1,30,2,2,1,0,0,1,57.0,27.0,deux_roues,voiture,1,2,6,8,3
202300002853,2023-11-08 09:25:00,2023,11,8,9,25,44,44109,34 Boulevard Bénoni Goullin,47.20168532,-1.55390251,Plein jour,En agglomération,Hors intersection,Temps couvert,Deux véhicules - côté,4,2,2,1,1,1,1,-1,1,50,2,2,1,0,0,1,40.0,22.0,voiture,deux_roues,1,2,1,8,3
202300002854,2023-06-09 14:45:00,2023,6,9,14,45,76,76616,Côte de Gournay,49.527604,0.230477,Plein jour,Hors agglomération,Hors intersection,Normale,Deux véhicules - côté,4,2,2,0,2,1,1,0,1,50,2,3,1,0,1,1,19.0,35.0,voiture,utilitaire_camion,1,1,1,1,3
202300002855,2023-12-30 23:00:00,2023,12,30,23,0,93,93066,AUTOROUTE A86,48.92195,2.3599,Nuit sans éclairage public,Hors agglomération,Hors intersection,Normale,Deux véhicules - arrière,1,3,4,0,1,1,1,0,1,90,2,4,1,0,0,3,57.0,,voiture,voiture,3,1,1,1,2
202300002856,2023-03-23 20:45:00,2023,3,23,20,45,92,92025,MONTS CLAIRS (AV VILLA RUE),48.919108,2.255542,Nuit avec éclairage allumé,En agglomération,Intersection en T,Normale,Deux véhicules - côté,4,1,1,1,1,1,1,0,1,30,2,2,1,0,0,1,36.0,29.0,voiture,deux_roues,5,2,3,1,3
202300002856,2023-03-23 20:45:00,2023,3,23,20,45,92,92025,MONTS CLAIRS (AV VILLA RUE),48.919108,2.255542,Nuit avec éclairage allumé,En agglomération,Intersection en T,Normale,Deux véhicules - côté,4,2,2,0,1,1,1,0,1,30,2,2,1,0,0,1,36.0,29.0,voiture,deux_roues,5,2,3,1,3
202300002857,2023-06-09 05:30:00,2023,6,9,5,30,01,01446,D936,46.040189,4.859712,Plein jour,Hors agglomération,Hors intersection,Normale,Sans collision,3,2,2,0,1,1,1,0,1,80,1,1,0,0,1,0,17.0,,deux_roues,,1,1,1,1,7
202300002858,2023-06-08 12:20:00,2023,6,8,12,20,14,14027,D54,49.004547,-0.6318,Plein jour,Hors agglomération,Hors intersection,Normale,Sans collision,3,-1,2,0,4,1,9,0,1,80,1,1,0,0,0,1,38.0,,deux_roues,,1,1,1,1,7
202300002859,2023-12-30 01:20:00,2023,12,30,1,20,93,93007,AUTOROUTE A3,48.91857885,2.47854047,Nuit sans éclairage public,Hors agglomération,Hors intersection,Normale,Deux véhicules - frontale,1,3,3,0,1,1,2,0,1,110,4,4,3,0,0,1,23.0,58.0,voiture,utilitaire_camion,3,1,1,1,1
202300002860,2023-03-23 19:20:00,2023,3,23,19,20,92,92025,PAUL BERT (RUE),48.929971,2.245869,Nuit sans éclairage public,En agglomération,Hors intersection,Normale,Autre collision,3,2,3,1,1,1,1,0,5,30,1,2,1,0,0,1,,,deux_roues,,3,2,1,1,6
202300002861,2023-12-29 13:15:00,2023,12,29,13,15,69,69382,Quai Perrache,45.73250407,4.81721373,Plein jour,En agglomération,Hors intersection,Pluie légère,Deux véhicules - arrière,4,1,3,3,1,1,2,0,1,50,2,2,1,0,0,1,71.0,41.0,voiture,voiture,1,2,1,2,2
202300002862,2023-12-02 13:35:00,2023,12,2,13,35,15,15012,RD 617,44.87754,2.4088,Plein jour,Hors agglomération,Hors intersection,Temps couvert,Autre collision,3,2,2,0,2,2,2,0,3,90,1,3,2,0,0,1,21.0,,voiture,,1,1,1,8,6
202300002863,2023-06-05 18:50:00,2023,6,5,18,50,84,84025,intersection D2 et D148,43.879312,5.156085,Plein jour,Hors agglomération,Intersection en X,Normale,Deux véhicules - côté,3,2,2,0,1,1,1,0,8,80,2,3,1,0,1,1,50.0,89.0,voiture,voiture,1,1,2,1,3
202300002863,2023-06-05 18:50:00,2023,6,5,18,50,84,84025,intersection D2 et D148,43.879312,5.156085,Plein jour,Hors agglomération,Intersection en X,Normale,Deux véhicules - côté,3,2,2,-1,1,1,1,0,1,-1,2,3,1,0,1,1,50.0,89.0,voiture,voiture,1,1,2,1,3
202300002864,2023-06-08 17:40:00,2023,6,8,17,40,85,85144,le Bois Trieau,46.844108,-1.121657,Plein jour,Hors agglomération,Autre intersection,Pluie légère,Autre collision,4,2,2,0,1,3,2,0,3,80,1,1,0,0,0,1,17.0,,deux_roues,,1,1,9,2,6
202300002865,2023-03-23 07:25:00,2023,3,23,7,25,92,92025,VALMY> 68   55 (BD DE),48.934308,2.255856,Plein jour,En agglomération,Intersection en X,Pluie légère,Deux véhicules - frontale,3,-1,2,0,1,1,2,0,1,30,2,2,1,0,0,1,48.0,49.0,voiture,voiture,1,2,2,2,1
202300002865,2023-03-23 07:25:00,2023,3,23,7,25,92,92025,VALMY> 68   55 (BD DE),48.934308,2.255856,Plein jour,En agglomération,Intersection en X,Pluie légère,Deux véhicules - frontale,3,1,2,0,1,1,2,0,1,30,2,2,1,0,0,1,48.0,49.0,voiture,voiture,1,2,2,2,1
202300002866,2023-11-29 09:30:00,2023,11,29,9,30,13,13211,A50-Sens Aubagne vers Marseille,43.29297841,5.47637741,Plein jour,Hors agglomération,Hors intersection,Normale,Autre collision,1,1,3,0,1,1,1,0,1,90,3,3,2,0,0,1,40.0,68.0,voiture,voiture,1,1,1,1,6
202300002867,2023-06-09 10:10:00,2023,6,9,10,10,44,44129,,47.44339988,-2.08134592,Plein jour,Hors agglomération,Hors intersection,Normale,Deux véhicules - côté,2,3,2,0,1,1,1,2,2,110,2,2,1,0,0,1,43.0,32.0,voiture,utilitaire_camion,1,1,1,1,3
202300002868,2023-11-20 19:00:00,2023,11,20,19,0,13,13214,A7-Sens Lyon vers Marseille,43.32836,5.37825,Nuit sans éclairage public,Hors agglomération,Hors intersection,Normale,Deux véhicules - arrière,1,-1,3,0,1,1,1,0,1,90,2,2,1,0,0,1,42.0,58.0,deux_roues,utilitaire_camion,3,1,1,1,2
202300002869,2023-06-06 11:00:00,2023,6,6,11,0,66,66050,,42.759564,2.944109,Plein jour,En agglomération,Autre intersection,Normale,Autre collision,6,-1, -1,0,1,1,1,9,8,30,1,3,1,0,1,1,84.0,,voiture,,1,2,9,1,6
202300002870,2023-03-23 14:00:00,2023,3,23,14,0,92,92024,VICTOR HUGO (BD),48.899958,2.314383,Plein jour,En agglomération,Intersection en X,Normale,Deux véhicules - côté,3,-1,2,0,1,1,1,0,1,50,2,2,1,0,0,1,57.0,38.0,deux_roues,voiture,1,2,2,1,3
202300002870,2023-03-23 14:00:00,2023,3,23,14,0,92,92024,VICTOR HUGO (BD),48.899958,2.314383,Plein jour,En agglomération,Intersection en X,Normale,Deux véhicules - côté,3,2,4,0,1,1,1,0,1,50,2,2,1,0,0,1,57.0,38.0,deux_roues,voiture,1,2,2,1,3
202300002871,2023-08-24 16:30:00,2023,8,24,16,30,60,60577,Route Nationale 31,49.461486,1.76719,Plein jour,Hors agglomération,Hors intersection,Normale,Deux véhicules - frontale,2,2,2,0,1,1,1,0,1,80,2,4,0,0,3,1,26.0,21.0,voiture,voiture,1,1,1,1,1
202300002872,2023-06-08 07:40:00,2023,6,8,7,40,30,30060,Chemin de la Carreirasse (Pont),43.799559,4.386914,Plein jour,En agglomération,Hors intersection,Normale,Deux véhicules - arrière,4,2,2,0,1,1,1,0,1,50,2,2,1,0,1,0,41.0,54.0,deux_roues,voiture,1,2,1,1,2
202300002873,2023-11-17 19:46:00,2023,11,17,19,46,13,13106,A7-Sens Marseille vers Lyon,43.38390643,5.35110591,Nuit sans éclairage public,Hors agglomération,Hors intersection,Normale,Deux véhicules - arrière,1,-1,3,0,1,1,1,0,1,90,2,2,1,0,0,1,30.0,,voiture,voiture,3,1,1,1,2
202300002874,2023-05-28 10:50:00,2023,5,28,10,50,57,57275,D79,49.019071,6.683936,Plein jour,Hors agglomération,Hors intersection,Normale,Sans collision,3,2,2,0,1,3,1,0,3,80,1,1,0,0,1,0,21.0,,voiture,,1,1,1,1,7
202300002875,2023-11-17 14:42:00,2023,11,17,14,42,13,13203,A557-Liaison A7 Marseille-A55 Marseille,43.319,5.368,Plein jour,Hors agglomération,Hors intersection,Normale,Deux véhicules - arrière,1,1,2,0,2,1,1,0,1,50,2,2,1,0,1,0,22.0,32.0,voiture,deux_roues,1,1,1,1,2
202300002876,2023-03-25 15:00:00,2023,3,25,15,0,80,80668,25 Grande Rue,49.787002,2.379428,Plein jour,En agglomération,Hors intersection,Vent fort / tempête,Deux véhicules - frontale,4,1,2,0,1,1,1,0,1,30,4,5,4,0,1,0,42.0,44.0,deux_roues,deux_roues,1,2,1,6,1
202300002877,2023-06-08 19:00:00,2023,6,8,19,0,51,51027,D3,49.034509,4.692888,Plein jour,Hors agglomération,Autre intersection,Normale,Deux véhicules - frontale,3,2,2,0,2,1,1,0,1,-1,2,3,2,0,1,0,70.0,48.0,voiture,utilitaire_camion,1,1,9,1,1
202300002878,2023-08-23 17:00:00,2023,8,23,17,0,18,18278,,46.57022,2.455852,Plein jour,Hors agglomération,Intersection en X,Normale,Deux véhicules - côté,3,2,2,0,1,1,1,0,1,80,2,2,1,0,0,1,15.0,,deux_roues,autre,1,1,2,1,3
202300002878,2023-08-23 17:00:00,2023,8,23,17,0,18,18278,,46.57022,2.455852,Plein jour,Hors agglomération,Intersection en X,Normale,Deux véhicules - côté,3,2,2,0,1,1,1,0,1,80,2,2,1,0,0,1,15.0,,deux_roues,autre,1,1,2,1,3
202300002879,2023-11-18 09:58:00,2023,11,18,9,58,13,13071,A55 - Sens Marseille vers Martigues,43.39721579,5.28706226,Plein jour,Hors agglomération,Hors intersection,Normale,Deux véhicules - côté,1,1,3,0,1,1,1,0,1,110,2,2,1,0,0,1,36.0,19.0,utilitaire_camion,voiture,1,1,1,1,3
202300002880,2023-03-26 12:15:00,2023,3,26,12,15,60,60357,D58,49.500458,2.539172,Plein jour,Hors agglomération,Hors intersection,Pluie forte,Sans collision,3,2,2,0,2,2,2,0,3,80,1,2,1,0,1,0,21.0,,voiture,,1,1,1,3,7
202300002881,2023-06-08 04:50:00,2023,6,8,4,50,51,51388,CD 19,49.150107,4.398136,Nuit sans éclairage public,Hors agglomération,Hors intersection,Normale,Autre collision,3,2,2,0,1,1,1,0,1,80,1,2,0,0,0,2,34.0,,voiture,,3,1,1,1,6
202300002882,2023-08-23 19:30:00,2023,8,23,19,30,16,16065,LIEU DIT LE PETIT VIGNAUD,46.083151,0.816261,Plein jour,Hors agglomération,Hors intersection,Autre,Autre collision,3,2,2,0,1,1,1,0,3,90,1,1,0,0,1,0,82.0,,voiture,,1,1,1,9,6
202300002883,2023-11-08 07:20:00,2023,11,8,7,20,13,13212,A507 sens Marseille - Aubagne,43.3005,5.4251,Nuit avec éclairage allumé,Hors agglomération,Hors intersection,Normale,Deux véhicules - arrière,1,1,4,0,1,1,1,1,1,70,2,2,0,0,0,2,49.0,55.0,voiture,voiture,5,1,1,1,2
202300002884,2023-06-05 21:05:00,2023,6,5,21,5,56,56249,Bel Air,47.942474,-2.416925,Plein jour,Hors agglomération,Hors intersection,Normale,Autre collision,3,2,2,0,4,4,1,0,1,50,1,3,1,0,0,2,18.0,,voiture,,1,1,1,1,6
202300002885,2023-08-21 17:30:00,2023,8,21,17,30,07,07258,D121,45.146589,4.465336,Plein jour,Hors agglomération,Hors intersection,Temps éblouissant,Sans collision,3,2,2,0,1,4,1,0,3,90,1,1,0,0,1,0,34.0,,deux_roues,,1,1,1,7,7
202300002886,2023-11-07 17:40:00,2023,11,7,17,40,13,13088,A55-Sens Marseille vers Martigues,43.38315,5.22875,Crépuscule ou aube,Hors agglomération,Hors intersection,Normale,Deux véhicules - arrière,1,1,2,0,1,1,1,0,1,110,2,2,1,0,0,1,54.0,32.0,voiture,voiture,2,1,1,1,2
202300002887,2023-03-25 06:35:00,2023,3,25,6,35,47,47040,Avenue des Landes,44.197382,0.558972,Plein jour,En agglomération,Hors intersection,Normale,Deux véhicules - frontale,3,2,2,0,1,1,1,0,1,50,2,2,1,0,0,1,38.0,37.0,utilitaire_camion,voiture,1,2,1,1,1
202300002888,2023-05-10 10:00:00,2023,5,10,10,0,56,56008,Kerfraval D316,47.610619,-2.914746,Plein jour,Hors agglomération,Hors intersection,Normale,Autre collision,3,2,2,0,1,1,1,0,3,70,1,1,0,0,1,0,83.0,,voiture,,1,1,1,1,6
202300002889,2023-08-21 17:45:00,2023,8,21,17,45,21,21414,voie communale 11,47.142949,4.507994,Plein jour,Hors agglomération,Hors intersection,Temps éblouissant,Sans collision,4,2,1,0,1,1,1,0,1,90,1,1,0,0,1,0,15.0,,deux_roues,,1,1,1,7,7
202300002890,2023-11-02 21:05:00,2023,11,2,21,5,93,93073,Rue du Chapitre,49.00326053,2.53684187,Nuit sans éclairage public,En agglomération,Autre intersection,Normale,Deux véhicules - arrière,4,1,2,0,2,3,1,9,1,50,2,2,1,0,0,1,28.0,61.0,utilitaire_camion,voiture,3,2,9,1,2
202300002891,2023-06-07 16:45:00,2023,6,7,16,45,76,76197,D149,49.779407,1.076113,Plein jour,Hors agglomération,Hors intersection,Normale,Trois véhicules et plus - collisions multiples,3,2,2,0,1,1,1,0,1,80,3,3,1,0,1,1,78.0,51.0,voiture,utilitaire_camion,1,1,1,1,5
202300002892,2023-11-07 08:45:00,2023,11,7,8,45,44,44109,158 Boulevard des Anglais,47.22399688,-1.58443897,Plein jour,En agglomération,Intersection en T,Normale,Deux véhicules - côté,4,2,2,2,2,1,1,-1,1,30,2,2,1,0,0,1,37.0,34.0,voiture,deux_roues,1,2,3,1,3
202300002892,2023-11-07 08:45:00,2023,11,7,8,45,44,44109,158 Boulevard des Anglais,47.22399688,-1.58443897,Plein jour,En agglomération,Intersection en T,Normale,Deux véhicules - côté,4,2,2,2,2,1,1,-1,1,50,2,2,1,0,0,1,37.0,34.0,voiture,deux_roues,1,2,3,1,3
202300002893,2023-08-20 19:14:00,2023,8,20,19,14,21,21412,Rue de la Gare,46.971742,4.786826,Plein jour,En agglomération,Intersection en X,Normale,Deux véhicules - côté,3,2,2,0,1,1,1,0,1,50,2,2,1,0,0,1,17.0,,deux_roues,voiture,1,2,2,1,3
202300002893,2023-08-20 19:14:00,2023,8,20,19,14,21,21412,Rue de la Gare,46.971742,4.786826,Plein jour,En agglomération,Intersection en X,Normale,Deux véhicules - côté,3,2, -1,-1,1,1,1,0,1,50,2,2,1,0,0,1,17.0,,deux_roues,voiture,1,2,2,1,3
202300002894,2023-03-25 23:50:00,2023,3,25,23,50,974,97404,sortie 19 RN1,-21.26505,55.339776,Nuit sans éclairage public,Hors agglomération,Hors intersection,Normale,Autre collision,2,3,2,0,1,2,1,3,3,110,1,1,0,1,0,0,51.0,,utilitaire_camion,,3,1,1,1,6
202300002895,2023-10-30 16:45:00,2023,10,30,16,45,44,44143,Rue des Sorinières,47.15777302,-1.54161036,Plein jour,En agglomération,Giratoire,Normale,Autre collision,4,2,2,3,1,1,1,-1,1,50,1,2,1,0,0,1,49.0,,voiture,,1,2,6,1,6
202300002896,2023-06-09 16:45:00,2023,6,9,16,45,2A,2A271,T22,41.957492,8.801154,Plein jour,En agglomération,Hors intersection,Normale,Autre collision,2,2,2,0,1,1,1,0,1,70,1,3,0,0,0,3,35.0,,utilitaire_camion,,1,2,1,1,6
202300002897,2023-08-23 19:25:00,2023,8,23,19,25,24,24129,d78 - LES DANES,45.365214,0.734088,Plein jour,Hors agglomération,Intersection en T,Normale,Deux véhicules - côté,3,2,2,0,1,3,1,0,1,70,2,2,1,0,1,0,44.0,41.0,deux_roues,deux_roues,1,1,3,1,3
202300002897,2023-08-23 19:25:00,2023,8,23,19,25,24,24129,d78 - LES DANES,45.365214,0.734088,Plein jour,Hors agglomération,Intersection en T,Normale,Deux véhicules - côté,3,2, -1,-1,1,1,1,0,1,-1,2,2,1,0,1,0,44.0,41.0,deux_roues,deux_roues,1,1,3,1,3
202300002898,2023-11-14 19:00:00,2023,11,14,19,0,93,93051,A4,48.83534,2.56962,Nuit sans éclairage public,Hors agglomération,Hors intersection,Normale,Deux véhicules - côté,1,3,4,0,1,1,2,0,1,110,2,2,1,0,0,1,49.0,24.0,deux_roues,voiture,3,1,1,1,3
202300002899,2023-03-24 15:00:00,2023,3,24,15,0,26,26324,A7 PK 141.500 vers nord,44.347484,4.73794,Plein jour,Hors agglomération,Hors intersection,Normale,Trois véhicules et plus - en chaîne,1,3,3,0,1,1,1,0,1,130,3,3,2,0,0,1,57.0,21.0,utilitaire_camion,voiture,1,1,1,1,4
202300002900,2023-06-08 12:00:00,2023,6,8,12,0,2A,2A271,T22,41.95267772,8.78619321,Plein jour,Hors agglomération,Intersection en T,Normale,Autre collision,2,2, -1,-1,-1,-1,-1,-1,-1,-1,2,2,1,0,1,0,38.0,26.0,voiture,deux_roues,1,1,3,1,6
202300002900,2023-06-08 12:00:00,2023,6,8,12,0,2A,2A271,T22,41.95267772,8.78619321,Plein jour,Hors agglomération,Intersection en T,Normale,Autre collision,2,2,2,0,1,3,1,0,1,70,2,2,1,0,1,0,38.0,26.0,voiture,deux_roues,1,1,3,1,6
202300002901,2023-08-23 21:25:00,2023,8,23,21,25,85,85096,Rue de la Minoterie,46.894268,-1.848332,Nuit sans éclairage public,En agglomération,Hors intersection,Normale,Autre collision,3,2,2,0,1,3,1,0,3,50,1,2,0,1,0,1,16.0,,deux_roues,,3,2,1,1,6
202300002902,2023-11-07 07:00:00,2023,11,7,7,0,93,93051,A4,48.83627877,2.55459225,Nuit sans éclairage public,Hors agglomération,Hors intersection,Normale,Deux véhicules - côté,1,-1,3,0,1,1,1,0,1,110,2,2,1,0,0,1,47.0,43.0,utilitaire_camion,voiture,3,1,1,1,3
202300002903,2023-03-25 15:50:00,2023,3,25,15,50,65,65153,D21,43.237747,0.201616,Plein jour,Hors agglomération,Hors intersection,Normale,Sans collision,3,2,2,0,2,2,1,0,3,80,1,1,0,1,0,0,90.0,,voiture,,1,1,1,1,7
202300002904,2023-06-07 19:20:00,2023,6,7,19,20,2B,2B251,Casamozza,41.98982,9.401727,Plein jour,En agglomération,Intersection en T,Normale,Deux véhicules - côté,2,2,2,0,1,1,1,0,1,50,2,2,1,0,1,0,28.0,23.0,voiture,deux_roues,1,2,3,1,3
202300002904,2023-06-07 19:20:00,2023,6,7,19,20,2B,2B251,Casamozza,41.98982,9.401727,Plein jour,En agglomération,Intersection en T,Normale,Deux véhicules - côté,2,2,2,0,2,1,1,0,1,50,2,2,1,0,1,0,28.0,23.0,voiture,deux_roues,1,2,3,1,3
202300002905,2023-11-02 06:00:00,2023,11,2,6,0,93,93051,A4,48.83656,2.54396,Nuit sans éclairage public,Hors agglomération,Hors intersection,Vent fort / tempête,Sans collision,1,3,4,0,1,3,2,0,1,110,1,1,0,0,0,1,21.0,,voiture,,3,1,1,6,7
202300002906,2023-06-08 19:53:00,2023,6,8,19,53,2B,2B150,rt30,42.573231,8.830658,Plein jour,Hors agglomération,Hors intersection,Normale,Sans collision,2,2,2,0,2,2,1,0,3,70,1,1,0,0,1,0,47.0,,deux_roues,,1,1,1,1,7
202300002907,2023-03-25 19:00:00,2023,3,25,19,0,72,72260,Lieu Dit les Hunaudieres,47.953202,0.229318,Crépuscule ou aube,Hors agglomération,Hors intersection,Pluie légère,Deux véhicules - arrière,3,2,2,0,1,1,2,0,1,-1,2,2,1,0,1,0,24.0,20.0,deux_roues,voiture,2,1,1,2,2
202300002908,2023-08-19 14:00:00,2023,8,19,14,0,17,17140,Route des Huîtres,45.924584,-1.23439,Plein jour,Hors agglomération,Hors intersection,Normale,Deux véhicules - côté,4,2,2,0,1,1,1,0,3,30,2,7,6,0,1,0,36.0,62.0,voiture,deux_roues,1,1,1,1,3
202300002909,2023-10-30 20:40:00,2023,10,30,20,40,44,44035,,47.25712133,-1.54665023,Nuit sans éclairage public,Hors agglomération,,Temps couvert,Deux véhicules - côté,2,2,4,0,1,1,1,0,1,90,2,2,1,0,0,1,34.0,41.0,voiture,utilitaire_camion,3,1,-1,8,3
202300002910,2023-03-25 17:30:00,2023,3,25,17,30,41,41184,La Triffardiere,47.668454,0.909843,Plein jour,Hors agglomération,Hors intersection,Normale,Autre collision,4,-1,2,0,1,3,1,0,3,80,1,1,0,0,1,0,43.0,,deux_roues,,1,1,1,1,6
202300002911,2023-06-05 07:50:00,2023,6,5,7,50,82,82131,1110 Route de Caussade,44.230748,1.473767,Plein jour,Hors agglomération,Hors intersection,Normale,Deux véhicules - côté,3,2,2,0,2,3,1,0,1,80,2,2,1,0,1,0,27.0,20.0,voiture,voiture,1,1,1,1,3
202300002912,2023-10-30 17:15:00,2023,10,30,17,15,44,44109,Place de Bretagne,47.2176653,-1.55904649,Plein jour,En agglomération,Autre intersection,Temps couvert,Autre collision,4,2,2,0,1,3,1,4,6,50,1,2,1,0,0,1,30.0,,transport_commun,,1,2,9,8,6
202300002913,2023-08-24 12:30:00,2023,8,24,12,30,87,87154,Lieu Dit la Grosse Borne,45.864672,0.899001,Plein jour,Hors agglomération,Intersection en X,Temps éblouissant,Deux véhicules - côté,3,2,2,0,3,1,1,0,1,70,2,2,1,0,1,0,22.0,64.0,deux_roues,voiture,1,1,2,7,3
202300002913,2023-08-24 12:30:00,2023,8,24,12,30,87,87154,Lieu Dit la Grosse Borne,45.864672,0.899001,Plein jour,Hors agglomération,Intersection en X,Temps éblouissant,Deux véhicules - côté,3,-1, -1,-1,3,1,-1,0,1,-1,2,2,1,0,1,0,22.0,64.0,deux_roues,voiture,1,1,2,7,3
202300002914,2023-08-31 10:16:00,2023,8,31,10,16,38,38389,Route du Revoireau,45.5443,5.05956,Plein jour,Hors agglomération,Hors intersection,Normale,Sans collision,4,2,2,-1,3,1,1,0,1,-1,1,1,0,1,0,0,69.0,,deux_roues,,1,1,1,1,7
202300002915,2023-06-08 18:45:00,2023,6,8,18,45,32,32190,place de l'armagnac,43.799988,0.22655,Plein jour,En agglomération,Intersection en T,Normale,Deux véhicules - côté,3,2,2,0,1,1,1,0,1,-1,2,2,1,0,1,0,51.0,16.0,voiture,deux_roues,1,2,3,1,3
202300002915,2023-06-08 18:45:00,2023,6,8,18,45,32,32190,place de l'armagnac,43.799988,0.22655,Plein jour,En agglomération,Intersection en T,Normale,Deux véhicules - côté,3,2,2,0,1,1,1,0,1,50,2,2,1,0,1,0,51.0,16.0,voiture,deux_roues,1,2,3,1,3
202300002916,2023-10-28 02:15:00,2023,10,28,2,15,44,44109,52 Boulevard Joliot Curie,47.19452023,-1.53292799,Nuit avec éclairage allumé,En agglomération,Hors intersection,Temps couvert,Deux véhicules - côté,4,2,2,2,1,1,1,-1,1,50,2,2,1,0,0,1,28.0,16.0,voiture,deux_roues,5,2,1,8,3
202300002917,2023-08-23 19:55:00,2023,8,23,19,55,30,30210,Avenue de l'Aigoual,43.911003,4.000681,Plein jour,En agglomération,Intersection en X,Normale,Deux véhicules - côté,3,2,2,0,1,1,1,5,1,50,2,3,1,0,0,2,15.0,27.0,deux_roues,voiture,1,2,2,1,3
202300002917,2023-08-23 19:55:00,2023,8,23,19,55,30,30210,Avenue de l'Aigoual,43.911003,4.000681,Plein jour,En agglomération,Intersection en X,Normale,Deux véhicules - côté,3,2, -1,0,1,1,1,0,1,-1,2,3,1,0,0,2,15.0,27.0,deux_roues,voiture,1,2,2,1,3