accident_id,datetime,annee,mois,jour,heure,minute,departement,commune_insee,adresse,latitude,longitude,luminosite,agglomeration,intersection,meteo,collision,catr,circ,nbv,vosp,prof,plan,surf,infra,situ,vma,nb_vehicules,nb_usagers,nb_indemnes,nb_tues,nb_blesses_hosp,nb_blesses_legers,age_cond_1,age_cond_2,veh_type_cond_1,veh_type_cond_2,lum_code,agg_code,int_code,atm_code,col_code
202300002918,2023-03-26 09:45:00,2023,3,26,9,45,19,19229,A89,45.164142,1.452545,Plein jour,Hors agglomération,Hors intersection,Normale,Deux véhicules - arrière,1,1,2,0,1,1,2,0,1,130,2,9,6,0,1,2,67.0,43.0,voiture,voiture,1,1,1,1,2
202300002919,2023-10-27 07:40:00,2023,10,27,7,40,44,44109,Bouelvard de la Prairie de Mauves,47.23022602,-1.48827211,Crépuscule ou aube,En agglomération,Hors intersection,Temps couvert,Deux véhicules - côté,4,2,2,3,1,2,1,-1,1,70,2,2,1,0,0,1,20.0,42.0,voiture,utilitaire_camion,2,2,1,8,3
202300002920,2023-08-24 19:20:00,2023,8,24,19,20,48,48027,D6,44.554271,3.787966,Crépuscule ou aube,Hors agglomération,Hors intersection,Normale,Sans collision,3,2,2,0,1,3,1,0,1,90,1,1,0,0,1,0,19.0,,voiture,,2,1,1,1,7
202300002921,2023-06-09 19:35:00,2023,6,9,19,35,63,63179,pont de chantemerle,45.622119,3.72135,Crépuscule ou aube,Hors agglomération,Hors intersection,Pluie légère,Deux véhicules - frontale,3,2,2,0,1,1,2,0,1,90,2,5,0,0,1,4,20.0,38.0,voiture,voiture,2,1,1,2,1
202300002922,2023-10-21 17:00:00,2023,10,21,17,0,44,44162,20 Rue Jean Jacques Rousseau,47.22960867,-1.6016249,Crépuscule ou aube,En agglomération,Hors intersection,Temps couvert,Autre collision,4,2,2,0,1,1,1,0,1,50,1,1,0,0,0,1,19.0,,voiture,,2,2,1,8,6
202300002923,2023-03-26 05:30:00,2023,3,26,5,30,51,51391,N31,49.2747,3.868175,Nuit sans éclairage public,Hors agglomération,Hors intersection,Pluie légère,Deux véhicules - frontale,2,2,2,0,1,1,2,0,1,80,2,2,0,0,1,1,39.0,78.0,voiture,voiture,3,1,1,2,1
202300002924,2023-05-28 12:00:00,2023,5,28,12,0,61,61210,Intersection D29/D784,48.683852,-0.122952,Plein jour,Hors agglomération,Intersection en Y,Normale,Deux véhicules - côté,3,2,2,0,2,2,1,0,1,80,2,2,1,0,0,1,55.0,35.0,deux_roues,voiture,1,1,4,1,3
202300002924,2023-05-28 12:00:00,2023,5,28,12,0,61,61210,Intersection D29/D784,48.683852,-0.122952,Plein jour,Hors agglomération,Intersection en Y,Normale,Deux véhicules - côté,3,2,2,0,1,3,1,0,1,80,2,2,1,0,0,1,55.0,35.0,deux_roues,voiture,1,1,4,1,3
202300002925,2023-08-24 08:18:00,2023,8,24,8,18,31,31255,intersection N125 / D825,43.04369,0.593232,Plein jour,Hors agglomération,Intersection en X,Normale,Deux véhicules - côté,2,3,2,0,1,1,1,5,1,50,2,2,1,1,0,0,56.0,83.0,utilitaire_camion,utilitaire_camion,1,1,2,1,3
202300002925,2023-08-24 08:18:00,2023,8,24,8,18,31,31255,intersection N125 / D825,43.04369,0.593232,Plein jour,Hors agglomération,Intersection en X,Normale,Deux véhicules - côté,2,2,2,0,1,3,1,5,1,50,2,2,1,1,0,0,56.0,83.0,utilitaire_camion,utilitaire_camion,1,1,2,1,3
202300002926,2023-03-24 12:10:00,2023,3,24,12,10,19,19010,D1120,45.090936,1.932654,Plein jour,En agglomération,Giratoire,Pluie légère,Sans collision,3,1,1,0,1,1,2,5,1,50,1,1,0,0,1,0,61.0,,deux_roues,,1,2,6,2,7
202300002927,2023-12-26 11:25:00,2023,12,26,11,25,88,88319,Rue de l'Hôtel de Ville,48.379432,6.91202,Plein jour,En agglomération,Hors intersection,Normale,Deux véhicules - côté,3,2,2,0,1,1,1,0,1,50,2,2,1,0,0,1,56.0,62.0,voiture,deux_roues,1,2,1,1,3
202300002928,2023-06-09 12:00:00,2023,6,9,12,0,55,55060,D154,49.104647,5.568588,Plein jour,Hors agglomération,Hors intersection,Normale,Deux véhicules - côté,3,2,2,0,1,3,1,0,1,90,2,2,1,0,1,0,39.0,60.0,utilitaire_camion,deux_roues,1,1,1,1,3
202300002929,2023-03-25 20:25:00,2023,3,25,20,25,59,59337,18 Route de Saint Omer,50.810057,2.293096,Nuit sans éclairage public,Hors agglomération,Hors intersection,Temps couvert,Deux véhicules - frontale,3,2,2,0,1,1,1,0,1,50,2,2,0,0,2,0,65.0,46.0,voiture,voiture,3,1,1,8,1
202300002930,2023-12-22 13:15:00,2023,12,22,13,15,88,88290,D674,48.438362,5.783068,Plein jour,Hors agglomération,Intersection en T,Pluie légère,Deux véhicules - arrière,3,2,2,0,1,1,2,0,1,90,2,2,1,0,1,0,60.0,73.0,voiture,utilitaire_camion,1,1,3,2,2
202300002930,2023-12-22 13:15:00,2023,12,22,13,15,88,88290,D674,48.438362,5.783068,Plein jour,Hors agglomération,Intersection en T,Pluie légère,Deux véhicules - arrière,3,2, -1,-1,1,1,2,0,1,-1,2,2,1,0,1,0,60.0,73.0,voiture,utilitaire_camion,1,1,3,2,2
202300002931,2023-08-20 17:45:00,2023,8,20,17,45,01,01067,A40 PK 129.070,46.127426,5.501436,Plein jour,Hors agglomération,Hors intersection,Normale,Deux véhicules - frontale,1,3,2,0,1,1,1,0,1,110,2,3,2,0,0,1,46.0,84.0,voiture,voiture,1,1,1,1,1
202300002932,2023-05-31 20:00:00,2023,5,31,20,0,49,49069,L'Epinaiserie (Champtoceaux),47.310158,-1.274419,Crépuscule ou aube,Hors agglomération,Hors intersection,Temps éblouissant,Deux véhicules - frontale,3,2,2,0,1,2,1,0,1,80,2,3,0,0,2,1,19.0,49.0,voiture,voiture,2,1,1,7,1
202300002933,2023-12-25 05:25:00,2023,12,25,5,25,88,88251,D32,48.323501,6.771612,Nuit avec éclairage non allumé,Hors agglomération,Hors intersection,Normale,Autre collision,3,2,3,0,2,1,1,0,3,90,1,1,0,0,1,0,20.0,,voiture,,4,1,1,1,6
202300002934,2023-03-26 03:50:00,2023,3,26,3,50,82,82127,Route de Laujol,44.165506,1.115917,Nuit sans éclairage public,Hors agglomération,Hors intersection,Normale,Autre collision,3,2,2,0,1,1,1,0,3,80,1,1,0,1,0,0,25.0,,voiture,,3,1,1,1,6
202300002935,2023-07-10 18:45:00,2023,7,10,18,45,35,35353,Route de Lorient,48.10492252,-1.740987,Plein jour,En agglomération,Hors intersection,Normale,Deux véhicules - côté,2,3,4,0,1,1,1,0,1,50,2,4,3,0,0,1,71.0,24.0,voiture,utilitaire_camion,1,2,1,1,3
202300002936,2023-06-07 10:00:00,2023,6,7,10,0,12,12056,Avenue de Toulouse,44.27676,2.430279,Plein jour,En agglomération,Hors intersection,Normale,Autre collision,2,2,2,0,1,1,1,0,1,50,1,2,1,0,0,1,79.0,,voiture,,1,2,1,1,6
202300002937,2023-12-18 13:45:00,2023,12,18,13,45,88,88320,Chemin des Goutys,48.287473,7.003677,Plein jour,En agglomération,Hors intersection,Temps éblouissant,Autre collision,4,2,2,0,2,3,1,0,3,50,1,2,1,0,1,0,73.0,,voiture,,1,2,1,7,6
202300002938,2023-03-25 22:20:00,2023,3,25,22,20,65,65455,6 Route de Cantaous,43.083245,0.439662,Nuit avec éclairage allumé,En agglomération,Hors intersection,Normale,Autre collision,3,2,2,0,1,1,1,0,1,50,1,2,0,0,1,1,26.0,,voiture,,5,2,1,1,6
202300002939,2023-06-09 00:05:00,2023,6,9,0,5,34,34223,D909,43.428333,3.2232,Nuit sans éclairage public,Hors agglomération,Hors intersection,Normale,Deux véhicules - frontale,3,2,2,0,1,1,1,0,1,90,2,2,1,0,0,1,43.0,49.0,voiture,voiture,3,1,1,1,1
202300002940,2023-08-21 19:20:00,2023,8,21,19,20,13,13058,65 Avenue de la Vallée des Baux,43.720856,4.805392,Plein jour,En agglomération,Hors intersection,Normale,Deux véhicules - frontale,3,2,2,0,1,1,1,0,1,50,1,2,1,0,1,0,74.0,,voiture,,1,2,1,1,1
202300002941,2023-12-26 15:18:00,2023,12,26,15,18,10,10220,RD619,48.50064,3.799553,Plein jour,Hors agglomération,Hors intersection,Pluie légère,Trois véhicules et plus - en chaîne,3,2,3,0,1,1,2,0,1,90,3,3,1,0,1,1,18.0,59.0,voiture,voiture,1,1,1,2,4
202300002942,2023-06-08 19:15:00,2023,6,8,19,15,44,44006,28 Rue du Calvaire,47.429423,-2.385873,Plein jour,Hors agglomération,Hors intersection,Pluie légère,Autre collision,3,2,2,0,2,1,2,0,3,80,1,2,0,0,2,0,21.0,,voiture,,1,1,1,2,6
202300002943,2023-08-24 10:19:00,2023,8,24,10,19,28,28392,autoroute A10 point kilométrique 061+260 direction Orléans (45),48.234734,1.849566,Plein jour,Hors agglomération,Hors intersection,Normale,Autre collision,1,3,3,0,2,1,1,0,8,130,1,2,0,0,1,1,65.0,,voiture,,1,1,1,1,6
202300002944,2023-12-01 12:15:00,2023,12,1,12,15,10,10224,Rue Gambetta,48.404406,3.729719,Plein jour,En agglomération,Intersection en X,Normale,Deux véhicules - côté,3,2,2,0,1,1,1,0,1,50,2,2,1,0,0,1,57.0,52.0,voiture,utilitaire_camion,1,2,2,1,3
202300002944,2023-12-01 12:15:00,2023,12,1,12,15,10,10224,Rue Gambetta,48.404406,3.729719,Plein jour,En agglomération,Intersection en X,Normale,Deux véhicules - côté,3,2,2,-1,1,1,1,0,1,-1,2,2,1,0,0,1,57.0,52.0,voiture,utilitaire_camion,1,2,2,1,3
202300002945,2023-03-24 17:00:00,2023,3,24,17,0,65,65375,D5,43.372886,0.153841,Plein jour,Hors agglomération,Intersection en X,Normale,Autre collision,3,2,2,0,1,1,1,0,1,80,2,6,5,0,1,0,41.0,57.0,voiture,voiture,1,1,2,1,6
202300002945,2023-03-24 17:00:00,2023,3,24,17,0,65,65375,D5,43.372886,0.153841,Plein jour,Hors agglomération,Intersection en X,Normale,Autre collision,3,2,2,0,1,1,1,0,1,80,2,6,5,0,1,0,41.0,57.0,voiture,voiture,1,1,2,1,6
202300002946,2023-08-21 08:00:00,2023,8,21,8,0,987,98722,Descente Atima,-17.509514,-149.485377,Plein jour,En agglomération,Hors intersection,Normale,Autre collision,4,2,2,0,2,3,1,0,1,50,1,2,0,0,1,1,18.0,,deux_roues,,1,2,1,1,6
202300002947,2023-06-08 17:15:00,2023,6,8,17,15,35,35122,Rue d'Aleth,48.604436,-1.896064,Plein jour,En agglomération,Intersection en T,Normale,Deux véhicules - frontale,3,2,2,0,1,1,1,0,1,50,2,3,2,0,1,0,58.0,49.0,deux_roues,voiture,1,2,3,1,1
202300002947,2023-06-08 17:15:00,2023,6,8,17,15,35,35122,Rue d'Aleth,48.604436,-1.896064,Plein jour,En agglomération,Intersection en T,Normale,Deux véhicules - frontale,3,2, -1,0,1,1,1,0,1,50,2,3,2,0,1,0,58.0,49.0,deux_roues,voiture,1,2,3,1,1
202300002948,2023-07-24 13:45:00,2023,7,24,13,45,34,34289,D13,43.394188,3.411469,Plein jour,En agglomération,Intersection en Y,Normale,Deux véhicules - côté,3,1,1,0,1,3,1,3,1,50,2,4,2,0,0,2,52.0,48.0,deux_roues,voiture,1,2,4,1,3
202300002948,2023-07-24 13:45:00,2023,7,24,13,45,34,34289,D13,43.394188,3.411469,Plein jour,En agglomération,Intersection en Y,Normale,Deux véhicules - côté,3,2, -1,-1,1,1,1,0,1,-1,2,4,2,0,0,2,52.0,48.0,deux_roues,voiture,1,2,4,1,3
202300002949,2023-06-07 16:30:00,2023,6,7,16,30,03,03093,Rue du Mourgon,46.185492,3.465364,Plein jour,Hors agglomération,Hors intersection,Normale,Deux véhicules - arrière,3,2,1,0,2,1,1,0,5,50,2,2,0,0,1,1,16.0,48.0,deux_roues,deux_roues,1,1,1,1,2
202300002950,2023-09-13 18:00:00,2023,9,13,18,0,93,93066,AUTOROUTE A1,48.909,2.35809,Plein jour,Hors agglomération,Hors intersection,Normale,Trois véhicules et plus - en chaîne,1,1,4,0,1,1,1,1,1,90,3,6,1,0,0,5,43.0,19.0,voiture,voiture,1,1,1,1,4
202300002951,2023-08-22 17:20:00,2023,8,22,17,20,987,98729,RT 91 PK 8 - Afareaitu,-17.577,-150.202,Plein jour,Hors agglomération,Hors intersection,Normale,Deux véhicules - côté,2,2,2,0,1,2,1,0,1,60,2,2,1,0,1,0,61.0,48.0,deux_roues,voiture,1,1,1,1,3
202300002952,2023-03-25 19:25:00,2023,3,25,19,25,33,33384,Lieu Dit Guillemot,44.887533,-0.127839,Crépuscule ou aube,Hors agglomération,Hors intersection,Temps couvert,Autre collision,4,2,2,0,2,4,1,0,3,80,1,7,3,0,3,1,22.0,,utilitaire_camion,,2,1,1,8,6
202300002953,2023-06-07 17:00:00,2023,6,7,17,0,70,70467,Avenue d'Augrogne,47.882844,6.2675221,Plein jour,En agglomération,Hors intersection,Normale,Deux véhicules - côté,4,2,2,0,1,1,1,0,3,50,2,3,1,0,1,1,19.0,72.0,voiture,voiture,1,2,1,1,3
202300002954,2023-10-25 20:20:00,2023,10,25,20,20,44,44162,17 Rue Jacques Cartier,47.22567404,-1.63539351,Nuit avec éclairage allumé,En agglomération,Giratoire,Normale,Deux véhicules - côté,4,2,2,0,1,1,1,5,1,50,2,3,2,0,0,1,20.0,33.0,voiture,voiture,5,2,6,1,3
202300002955,2023-08-22 12:38:00,2023,8,22,12,38,974,97408,N1,-20.930689,55.331118,Plein jour,Hors agglomération,Hors intersection,Normale,Sans collision,2,3,2,0,1,2,1,0,2,110,1,1,0,0,0,1,26.0,,deux_roues,,1,1,1,1,7
202300002956,2023-10-23 19:15:00,2023,10,23,19,15,44,44162,31 Avenue du Parnasse,47.23338909,-1.5946152,Nuit sans éclairage public,En agglomération,Hors intersection,Normale,Autre collision,4,2,2,0,1,3,1,0,1,50,1,2,1,0,0,1,27.0,,voiture,,3,2,1,1,6
202300002957,2023-03-26 17:30:00,2023,3,26,17,30,71,71014,Rue de la Croix Blanche,46.956605,4.302255,Plein jour,En agglomération,Hors intersection,Temps éblouissant,Autre collision,4,2,2,0,1,1,2,0,1,30,1,2,1,0,0,1,56.0,,voiture,,1,2,1,7,6
202300002958,2023-06-09 09:50:00,2023,6,9,9,50,26,26118,Chemin du Bois de Seyve,45.316932,4.954716,Plein jour,En agglomération,Intersection en X,Normale,Deux véhicules - côté,4,2, -1,-1,1,1,1,0,1,-1,2,3,0,0,0,3,28.0,21.0,voiture,voiture,1,2,2,1,3
202300002958,2023-06-09 09:50:00,2023,6,9,9,50,26,26118,Chemin du Bois de Seyve,45.316932,4.954716,Plein jour,En agglomération,Intersection en X,Normale,Deux véhicules - côté,4,2,2,0,1,1,1,0,1,50,2,3,0,0,0,3,28.0,21.0,voiture,voiture,1,2,2,1,3
202300002959,2023-08-23 21:30:00,2023,8,23,21,30,973,97311,"Route départementale 9, PK 8+100",5.550252,-53.936911,Nuit sans éclairage public,Hors agglomération,Hors intersection,Normale,Trois véhicules et plus - collisions multiples,3,2,2,0,1,1,1,0,1,80,3,3,1,0,1,1,25.0,34.0,voiture,deux_roues,3,1,1,1,5
202300002960,2023-10-21 19:11:00,2023,10,21,19,11,44,44109,Rue des Dervallières,47.22190912,-1.57879487,Nuit avec éclairage non allumé,En agglomération,Giratoire,Normale,Deux véhicules - côté,4,-1,2,2,1,1,1,-1,1,50,2,2,1,0,0,1,23.0,58.0,deux_roues,voiture,4,2,6,1,3
202300002961,2023-06-06 17:48:00,2023,6,6,17,48,72,72253,Route de la Suze,47.894971,0.056828,Plein jour,En agglomération,Autre intersection,Normale,Deux véhicules - frontale,3,4,2,0,1,1,1,2,1,30,2,3,0,0,0,3,20.0,69.0,voiture,utilitaire_camion,1,2,9,1,1
202300002962,2023-03-26 17:32:00,2023,3,26,17,32,61,61214,Voie Communale,48.765821,0.631703,Plein jour,En agglomération,Hors intersection,Temps couvert,Autre collision,4,1,1,0,2,1,2,0,4,30,1,5,3,0,2,0,21.0,,voiture,,1,2,1,8,6
202300002963,2023-06-08 04:35:00,2023,6,8,4,35,06,06150,Avenue de Cap d'Ail,43.729705,7.393013,Nuit sans éclairage public,Hors agglomération,Hors intersection,Normale,Sans collision,3,2,2,0,2,2,1,0,1,70,1,1,0,0,1,0,26.0,,voiture,,3,1,1,1,7
202300002964,2023-10-20 07:45:00,2023,10,20,7,45,44,44109,57 Rue Amiral Du Chaffault,47.20737387,-1.5826348,Crépuscule ou aube,En agglomération,Hors intersection,Normale,Deux véhicules - arrière,4,2,2,0,1,1,1,0,1,50,2,3,1,0,0,2,51.0,29.0,voiture,voiture,2,2,1,1,2
202300002965,2023-08-20 11:50:00,2023,8,20,11,50,33,33333,route du temple,44.87572,-1.046813,Plein jour,Hors agglomération,Hors intersection,Normale,Trois véhicules et plus - en chaîne,3,2,2,0,1,1,1,0,1,80,3,8,6,0,0,2,37.0,38.0,voiture,voiture,1,1,1,1,4
202300002966,2023-10-20 19:10:00,2023,10,20,19,10,44,44143,Rue de la Gamalière,47.17300056,-1.55484931,Nuit avec éclairage non allumé,En agglomération,Giratoire,Temps couvert,Autre collision,4,2,2,2,1,1,1,-1,1,50,2,2,0,0,0,1,,23.0,voiture,deux_roues,4,2,6,8,6
202300002967,2023-03-25 16:45:00,2023,3,25,16,45,42,42149,Avenue des Sources,45.639701,4.234972,Plein jour,En agglomération,Hors intersection,Normale,Deux véhicules - frontale,3,2,2,0,1,1,1,0,1,50,2,5,3,0,1,1,42.0,43.0,voiture,utilitaire_camion,1,2,1,1,1
202300002968,2023-06-07 01:10:00,2023,6,7,1,10,50,50464,route de l'abbaye,49.009726,-1.378586,Nuit sans éclairage public,Hors agglomération,Hors intersection,Normale,Sans collision,3,2,2,0,1,2,1,0,1,80,1,4,3,0,0,1,19.0,,voiture,,3,1,1,1,7
202300002969,2023-08-20 07:50:00,2023,8,20,7,50,45,45051,Rue de Chateaubriand,47.828268,2.389956,Plein jour,En agglomération,Hors intersection,Normale,Autre collision,4,2,2,0,1,2,1,0,3,50,1,2,0,0,2,0,30.0,,voiture,,1,2,1,1,6
202300002970,2023-08-11 19:15:00,2023,8,11,19,15,10,10333,THIERS (RUE),48.28495,4.0671,Plein jour,En agglomération,Intersection en T,Normale,Deux véhicules - côté,4,2,2,0,1,1,1,0,1,50,2,2,1,0,1,0,15.0,72.0,deux_roues,voiture,1,2,3,1,3
202300002970,2023-08-11 19:15:00,2023,8,11,19,15,10,10333,THIERS (RUE),48.28495,4.0671,Plein jour,En agglomération,Intersection en T,Normale,Deux véhicules - côté,4,-1,1,0,2,1,1,0,1,50,2,2,1,0,1,0,15.0,72.0,deux_roues,voiture,1,2,3,1,3
202300002971,2023-06-08 18:15:00,2023,6,8,18,15,50,50158,D48,48.724406,-1.098676,Plein jour,Hors agglomération,Hors intersection,Normale,Deux véhicules - côté,3,2,2,0,1,4,1,0,1,80,2,2,1,0,0,1,21.0,52.0,voiture,voiture,1,1,1,1,3
202300002972,2023-03-24 20:15:00,2023,3,24,20,15,44,44069,1097 route de saint-lyphard,47.341142,-2.407363,Nuit avec éclairage allumé,Hors agglomération,Hors intersection,Pluie légère,Deux véhicules - frontale,3,-1,2,0,1,1,2,0,1,-1,2,3,1,0,0,2,22.0,54.0,voiture,utilitaire_camion,5,1,1,2,1
202300002973,2023-08-09 12:44:00,2023,8,9,12,44,10,10333,Rue Pierre de Celle,48.2811,4.0469,Plein jour,En agglomération,Intersection en X,Normale,Deux véhicules - frontale,4,2,3,0,1,1,1,0,1,50,2,2,1,0,0,1,20.0,22.0,voiture,deux_roues,1,2,2,1,1
202300002973,2023-08-09 12:44:00,2023,8,9,12,44,10,10333,Rue Pierre de Celle,48.2811,4.0469,Plein jour,En agglomération,Intersection en X,Normale,Deux véhicules - frontale,4,2,2,0,1,1,1,0,1,50,2,2,1,0,0,1,20.0,22.0,voiture,deux_roues,1,2,2,1,1
202300002974,2023-06-09 09:05:00,2023,6,9,9,5,60,60319,D981,49.35036006,1.93523955,Plein jour,Hors agglomération,Hors intersection,Normale,Deux véhicules - frontale,3,2,2,0,1,1,1,0,1,80,2,2,1,0,1,0,31.0,57.0,voiture,utilitaire_camion,1,1,1,1,1
202300002975,2023-08-18 22:34:00,2023,8,18,22,34,45,45039,D948 PR 30 + 475,47.796242,2.381576,Nuit sans éclairage public,En agglomération,Intersection en T,Normale,Deux véhicules - frontale,3,2,2,0,1,1,1,5,1,50,2,2,1,0,1,0,24.0,,deux_roues,autre,3,2,3,1,1
202300002975,2023-08-18 22:34:00,2023,8,18,22,34,45,45039,D948 PR 30 + 475,47.796242,2.381576,Nuit sans éclairage public,En agglomération,Intersection en T,Normale,Deux véhicules - frontale,3,2,2,0,2,2,1,0,8,50,2,2,1,0,1,0,24.0,,deux_roues,autre,3,2,3,1,1
202300002976,2023-06-07 06:45:00,2023,6,7,6,45,45,45148,30 Rue du Val,48.071487,2.763993,Crépuscule ou aube,En agglomération,Hors intersection,Normale,Autre collision,4,2,2,0,1,3,1,9,3,50,1,1,0,0,1,0,45.0,,voiture,,2,2,1,1,6
202300002977,2023-03-24 23:30:00,2023,3,24,23,30,29,29174,Rue Jules Ferry,47.903077,-4.284534,Nuit sans éclairage public,En agglomération,Hors intersection,Normale,Autre collision,3,2,2,0,1,3,1,0,4,50,1,3,0,1,1,1,20.0,,voiture,,3,2,1,1,6
202300002978,2023-10-20 21:55:00,2023,10,20,21,55,44,44109,Avenue Général de Gaulle,47.20672728,-1.53969386,Nuit avec éclairage allumé,En agglomération,Intersection en T,Temps couvert,Autre collision,4,2,2,3,1,1,1,-1,1,50,2,2,1,0,0,1,19.0,70.0,deux_roues,voiture,5,2,3,8,6
202300002979,2023-03-24 19:00:00,2023,3,24,19,0,02,02232,,49.189315,2.984113,Crépuscule ou aube,Hors agglomération,Hors intersection,Temps couvert,Sans collision,3,2,2,0,1,1,2,0,1,80,1,1,0,0,1,0,51.0,,deux_roues,,2,1,1,8,7
202300002980,2023-08-05 19:55:00,2023,8,5,19,55,10,10081,JULES FERRY (RUE),48.315,4.06078,Plein jour,En agglomération,Hors intersection,Temps couvert,Deux véhicules - côté,4,-1,2,0,1,1,1,0,1,50,2,3,2,0,1,0,20.0,18.0,deux_roues,voiture,1,2,1,8,3
202300002981,2023-08-21 15:30:00,2023,8,21,15,30,45,45316,D2060 PR 60 + 265,47.934961,2.346737,Plein jour,Hors agglomération,Hors intersection,Normale,Deux véhicules - frontale,3,2,2,0,1,1,1,0,1,70,2,5,0,0,1,4,58.0,27.0,voiture,voiture,1,1,1,1,1
202300002982,2023-06-09 17:35:00,2023,6,9,17,35,18,18126,,46.934455,2.402261,Plein jour,Hors agglomération,Hors intersection,Normale,Trois véhicules et plus - collisions multiples,3,2,2,0,1,1,1,0,1,90,3,3,2,1,0,0,78.0,61.0,voiture,utilitaire_camion,1,1,1,1,5
202300002983,2023-10-19 17:07:00,2023,10,19,17,7,44,44109,Rue Henri IV,47.2164812,-1.5468106,Plein jour,En agglomération,Hors intersection,Normale,Autre collision,4,-1,2,1,1,1,1,0,1,50,1,1,0,0,0,1,38.0,,deux_roues,,1,2,1,1,6
202300002984,2023-03-25 16:30:00,2023,3,25,16,30,66,66222,15 Boulevard des Pyrénées,42.549121,2.385347,Plein jour,En agglomération,Hors intersection,Normale,Autre collision,4,2,2,0,2,1,1,0,4,-1,1,1,0,0,1,0,79.0,,voiture,,1,2,1,1,6
202300002985,2023-06-07 21:30:00,2023,6,7,21,30,36,36120,le relais,46.68971218,1.89512014,Crépuscule ou aube,Hors agglomération,Hors intersection,Normale,Autre collision,3,2,2,0,1,1,1,0,3,90,1,2,1,0,1,0,26.0,,voiture,,2,1,1,1,6
202300002986,2023-10-17 10:40:00,2023,10,17,10,40,44,44114,87 Avenue de la Patouillerie,47.2452705,-1.58123304,Plein jour,En agglomération,Hors intersection,Normale,Deux véhicules - arrière,4,2,2,2,2,3,1,-1,1,50,2,2,1,0,0,1,54.0,49.0,voiture,voiture,1,2,1,1,2
202300002987,2023-06-09 11:45:00,2023,6,9,11,45,36,36140,Poudeau,46.879265,1.834559,Plein jour,Hors agglomération,Hors intersection,Normale,Sans collision,4,3,2,0,1,1,1,0,1,50,1,1,0,1,0,0,26.0,,deux_roues,,1,1,1,1,7
202300002988,2023-08-19 14:45:00,2023,8,19,14,45,91,91461,D116d,48.593853,2.212533,Plein jour,Hors agglomération,Autre intersection,Normale,Deux véhicules - côté,3,2,2,0,1,1,1,0,1,80,2,5,3,0,1,1,60.0,29.0,voiture,voiture,1,1,9,1,3
202300002989,2023-03-25 17:45:00,2023,3,25,17,45,72,72381,Zone D Activite Za Actival Lieu Dit Les Clottees,47.944231,0.111681,Plein jour,En agglomération,Hors intersection,Normale,Sans collision,9,2,2,0,1,1,1,0,4,-1,1,1,0,0,0,1,22.0,,deux_roues,,1,2,1,1,7
202300002990,2023-10-17 07:20:00,2023,10,17,7,20,44,44162,277 Boulevard Marcel Paul,47.22949926,-1.63390338,Crépuscule ou aube,En agglomération,Giratoire,Normale,Autre collision,4,2,2,3,1,1,1,-1,1,50,2,2,1,0,0,1,14.0,45.0,deux_roues,voiture,2,2,6,1,6
202300002991,2023-06-08 17:20:00,2023,6,8,17,20,53,53043,route départementale 557,48.163037,-0.542922,Plein jour,Hors agglomération,Hors intersection,Normale,Sans collision,3,2,2,0,1,2,1,0,3,80,1,1,0,0,1,0,27.0,,deux_roues,,1,1,1,1,7
202300002992,2023-10-14 19:15:00,2023,10,14,19,15,44,44143,28 Rue du Lieutenant de Monti,47.18658072,-1.55722553,Plein jour,En agglomération,Hors intersection,Normale,Sans collision,4,2,2,2,1,3,1,-1,1,50,1,1,0,0,0,1,9.0,,deux_roues,,1,2,1,1,7
202300002993,2023-08-23 05:50:00,2023,8,23,5,50,91,91587,N 20,48.68862,2.28631,Crépuscule ou aube,Hors agglomération,Hors intersection,Normale,Autre collision,3,3,4,0,2,1,1,0,1,90,2,3,2,1,0,0,51.0,34.0,voiture,voiture,2,1,1,1,6
202300002994,2023-06-09 05:25:00,2023,6,9,5,25,24,24067,1173 Chemin de Nivelle,44.933727,0.914183,Crépuscule ou aube,Hors agglomération,Hors intersection,Normale,Autre collision,3,2,2,0,1,1,1,0,8,90,1,1,0,0,1,0,19.0,,voiture,,2,1,1,1,6
202300002995,2023-03-25 20:40:00,2023,3,25,20,40,60,60030,D927,49.367731,2.105942,Nuit sans éclairage public,Hors agglomération,Hors intersection,Pluie légère,Trois véhicules et plus - collisions multiples,3,2,1,0,1,3,2,0,1,80,3,3,2,0,0,1,39.0,20.0,voiture,voiture,3,1,1,2,5
202300002996,2023-10-14 11:55:00,2023,10,14,11,55,44,44162,46 Rue de la Porchellerie,47.22248552,-1.66763614,Plein jour,En agglomération,Intersection en T,Temps couvert,Autre collision,4,2,2,0,1,1,1,5,1,30,1,1,0,0,0,1,82.0,,voiture,,1,2,3,8,6
202300002996,2023-10-14 11:55:00,2023,10,14,11,55,44,44162,46 Rue de la Porchellerie,47.22248552,-1.66763614,Plein jour,En agglomération,Intersection en T,Temps couvert,Autre collision,4,2,2,0,1,1,1,5,1,50,1,1,0,0,0,1,82.0,,voiture,,1,2,3,8,6