accident_id,datetime,annee,mois,jour,heure,minute,departement,commune_insee,adresse,latitude,longitude,luminosite,agglomeration,intersection,meteo,collision,catr,circ,nbv,vosp,prof,plan,surf,infra,situ,vma,nb_vehicules,nb_usagers,nb_indemnes,nb_tues,nb_blesses_hosp,nb_blesses_legers,age_cond_1,age_cond_2,veh_type_cond_1,veh_type_cond_2,lum_code,agg_code,int_code,atm_code,col_code
202300002997,2023-06-08 01:00:00,2023,6,8,1,0,24,24481,86 Route de la Coquille,45.481314,0.998206,Nuit sans éclairage public,Hors agglomération,Hors intersection,Normale,Autre collision,3,2,2,0,2,2,1,0,3,80,1,1,0,0,0,1,19.0,,voiture,,3,1,1,1,6
202300002998,2023-10-14 11:25:00,2023,10,14,11,25,44,44109,Rond-Point Abel Durant,47.22107017,-1.6023926,Plein jour,Hors agglomération,Giratoire,Temps couvert,Autre collision,4,2,2,3,1,2,1,-1,1,50,2,2,1,0,0,1,77.0,16.0,voiture,deux_roues,1,1,6,8,6
202300002999,2023-08-22 13:40:00,2023,8,22,13,40,66,66140,,42.693073,2.757314,Plein jour,Hors agglomération,Hors intersection,Normale,Deux véhicules - frontale,3,2,2,0,1,3,1,0,1,80,2,4,3,0,1,0,35.0,40.0,voiture,voiture,1,1,1,1,1
202300003000,2023-06-08 21:10:00,2023,6,8,21,10,04,04233,D4,44.275811,5.932446,Crépuscule ou aube,Hors agglomération,Hors intersection,Normale,Sans collision,3,2,2,0,1,3,1,0,3,80,1,1,0,0,1,0,44.0,,deux_roues,,2,1,1,1,7
202300003001,2023-03-25 19:00:00,2023,3,25,19,0,18,18270,Route de Farges,46.760841,2.378883,Plein jour,Hors agglomération,Hors intersection,Normale,Deux véhicules - côté,4,2,2,0,1,1,1,0,1,80,2,3,2,0,0,1,22.0,33.0,deux_roues,voiture,1,1,1,1,3
202300003002,2023-08-22 09:00:00,2023,8,22,9,0,66,66037,,42.70150063,3.0142504,Plein jour,En agglomération,Hors intersection,Normale,Deux véhicules - côté,4,2,2,0,1,1,1,0,1,50,2,2,1,0,1,0,71.0,45.0,deux_roues,voiture,1,2,1,1,3
202300003003,2023-03-25 16:15:00,2023,3,25,16,15,36,36016,Rue de l’Abbe Pigeaud,46.550463,1.156668,Plein jour,En agglomération,Hors intersection,Normale,Autre collision,4,2,2,0,1,4,1,0,1,50,1,2,0,0,2,0,15.0,,deux_roues,,1,2,1,1,6
202300003004,2023-06-09 17:00:00,2023,6,9,17,0,04,04008,rn 202,43.945218,6.689483,Plein jour,Hors agglomération,Hors intersection,Pluie légère,Deux véhicules - frontale,2,2,2,0,2,3,2,0,1,80,2,5,3,0,0,2,68.0,25.0,voiture,voiture,1,1,1,2,1
202300003005,2023-10-13 13:00:00,2023,10,13,13,0,44,44109,Pont de Cheviré,47.19224239,-1.61349714,Plein jour,Hors agglomération,Hors intersection,Normale,Deux véhicules - arrière,2,2,4,0,2,1,1,2,1,90,2,2,0,0,0,2,42.0,32.0,utilitaire_camion,voiture,1,1,1,1,2
202300003006,2023-08-21 23:20:00,2023,8,21,23,20,84,84068,Route de Vaugines,43.767483,5.37019,Nuit sans éclairage public,En agglomération,Hors intersection,Normale,Autre collision,3,2,2,0,1,1,1,0,3,50,1,1,0,0,0,1,61.0,,deux_roues,,3,2,1,1,6
202300003007,2023-03-26 13:00:00,2023,3,26,13,0,07,07343,Rond-Point aérodrome D104,44.541005,4.351144,Plein jour,Hors agglomération,Giratoire,Normale,Autre collision,3,2,2,0,1,1,1,0,8,90,1,1,0,0,1,0,29.0,,deux_roues,,1,1,6,1,6
202300003008,2023-06-06 12:00:00,2023,6,6,12,0,85,85246,intersection RD52 RD29,46.715628,-1.241927,Plein jour,Hors agglomération,Intersection en X,Normale,Deux véhicules - côté,3,2,2,0,1,1,1,0,1,80,2,3,0,0,1,2,23.0,24.0,voiture,voiture,1,1,2,1,3
202300003008,2023-06-06 12:00:00,2023,6,6,12,0,85,85246,intersection RD52 RD29,46.715628,-1.241927,Plein jour,Hors agglomération,Intersection en X,Normale,Deux véhicules - côté,3,2,2,0,1,1,1,0,1,80,2,3,0,0,1,2,23.0,24.0,voiture,voiture,1,1,2,1,3
202300003009,2023-10-09 08:50:00,2023,10,9,8,50,44,44109,546 Route de Saint Joseph,47.27682103,-1.51227741,Crépuscule ou aube,En agglomération,Hors intersection,Normale,Deux véhicules - côté,4,2,2,2,1,1,1,-1,1,50,2,2,1,0,0,1,59.0,22.0,voiture,deux_roues,2,2,1,1,3
202300003010,2023-08-21 12:15:00,2023,8,21,12,15,84,84054,D938,43.88382,5.041137,Plein jour,Hors agglomération,Hors intersection,Normale,Autre collision,3,2,2,0,1,3,1,0,1,80,2,2,1,0,1,0,54.0,45.0,utilitaire_camion,deux_roues,1,1,1,1,6
202300003011,2023-10-04 06:20:00,2023,10,4,6,20,44,44109,14 Rue Léon Maître,47.21398575,-1.55315757,Crépuscule ou aube,En agglomération,Hors intersection,Normale,Sans collision,4,-1,2,0,1,1,1,6,1,30,1,1,0,0,0,1,44.0,,deux_roues,,2,2,1,1,7
202300003012,2023-03-26 19:30:00,2023,3,26,19,30,85,85146,la mussetière,47.016012,-1.359569,Crépuscule ou aube,Hors agglomération,Hors intersection,Normale,Autre collision,4,2,2,0,1,2,1,0,1,80,1,3,2,0,1,0,27.0,,voiture,,2,1,1,1,6
202300003013,2023-06-09 00:40:00,2023,6,9,0,40,17,17032,Rue des Rampots,46.050748,-0.958289,Nuit sans éclairage public,Hors agglomération,Hors intersection,Autre,Sans collision,3,2,2,0,1,3,1,0,3,80,1,2,0,0,0,2,27.0,,voiture,,3,1,1,9,7
202300003014,2023-10-04 12:25:00,2023,10,4,12,25,44,44109,38 Rue Grande Biesse,47.20572266,-1.54879645,Plein jour,En agglomération,Intersection en X,Temps couvert,Deux véhicules - côté,4,-1,1,0,1,1,1,5,1,50,2,2,1,0,0,1,60.0,22.0,deux_roues,voiture,1,2,2,8,3
202300003014,2023-10-04 12:25:00,2023,10,4,12,25,44,44109,38 Rue Grande Biesse,47.20572266,-1.54879645,Plein jour,En agglomération,Intersection en X,Temps couvert,Deux véhicules - côté,4,2,2,1,1,1,1,5,1,50,2,2,1,0,0,1,60.0,22.0,deux_roues,voiture,1,2,2,8,3
202300003015,2023-08-23 22:10:00,2023,8,23,22,10,84,84141,Route de Morières,43.970411,4.896297,Nuit sans éclairage public,En agglomération,Hors intersection,Normale,Deux véhicules - frontale,3,2,2,0,1,1,1,0,1,70,3,3,2,0,1,0,18.0,49.0,deux_roues,voiture,3,2,1,1,1
202300003016,2023-06-08 12:00:00,2023,6,8,12,0,37,37033,D725,46.83719942,0.89757442,Plein jour,Hors agglomération,Hors intersection,Temps éblouissant,Deux véhicules - frontale,3,2,2,0,1,1,1,0,1,80,2,4,1,1,0,2,65.0,69.0,voiture,voiture,1,1,1,7,1
202300003017,2023-10-02 11:00:00,2023,10,2,11,0,44,44109,15 Boulevard Emile Gabory,47.19624216,-1.53058731,Plein jour,En agglomération,Hors intersection,Temps couvert,Sans collision,4,2,2,2,1,1,1,-1,1,50,1,1,0,0,0,1,53.0,,deux_roues,,1,2,1,8,7
202300003018,2023-06-08 15:30:00,2023,6,8,15,30,30,30227,Boulevard du Portalet,44.26058,4.198081,Plein jour,En agglomération,Hors intersection,Normale,Deux véhicules - arrière,9,2,2,0,1,1,1,9,1,30,2,2,1,0,0,1,,61.0,voiture,deux_roues,1,2,1,1,2
202300003019,2023-03-25 18:44:00,2023,3,25,18,44,17,17448,Le bois de la coudrée,45.977539,-0.75296,Plein jour,Hors agglomération,Intersection en X,Normale,Deux véhicules - côté,3,2,2,0,1,1,1,0,1,80,2,6,4,0,1,1,40.0,41.0,voiture,voiture,1,1,2,1,3
202300003019,2023-03-25 18:44:00,2023,3,25,18,44,17,17448,Le bois de la coudrée,45.977539,-0.75296,Plein jour,Hors agglomération,Intersection en X,Normale,Deux véhicules - côté,3,2,2,0,1,1,1,0,1,80,2,6,4,0,1,1,40.0,41.0,voiture,voiture,1,1,2,1,3
202300003020,2023-08-21 17:35:00,2023,8,21,17,35,83,83042,221 Route des Mines,43.250212,6.52449,Plein jour,En agglomération,Intersection en T,Normale,Deux véhicules - frontale,4,2, -1,-1,1,1,1,0,1,-1,2,2,1,0,1,0,43.0,55.0,deux_roues,voiture,1,2,3,1,1
202300003020,2023-08-21 17:35:00,2023,8,21,17,35,83,83042,221 Route des Mines,43.250212,6.52449,Plein jour,En agglomération,Intersection en T,Normale,Deux véhicules - frontale,4,2,2,0,1,1,1,0,1,50,2,2,1,0,1,0,43.0,55.0,deux_roues,voiture,1,2,3,1,1
202300003021,2023-10-03 07:40:00,2023,10,3,7,40,44,44162,11 Avenue des Thébaudières,47.24410805,-1.60646591,Nuit avec éclairage allumé,En agglomération,Hors intersection,Temps couvert,Deux véhicules - côté,4,2,2,0,1,1,1,0,1,50,2,2,1,0,0,1,55.0,20.0,deux_roues,voiture,5,2,1,8,3
202300003022,2023-06-05 16:40:00,2023,6,5,16,40,48,48128,ZI de Pont Archat,44.753484,3.283249,Plein jour,Hors agglomération,Hors intersection,Normale,Sans collision,4,2,2,0,1,4,1,0,1,80,1,1,0,0,1,0,30.0,,deux_roues,,1,1,1,1,7
202300003023,2023-06-04 21:00:00,2023,6,4,21,0,31,31341,Route de Montaigut,43.727038,1.249647,Crépuscule ou aube,Hors agglomération,Hors intersection,Normale,Autre collision,3,2,2,0,1,1,1,0,1,80,1,1,0,0,1,0,56.0,,voiture,,2,1,1,1,6
202300003024,2023-03-26 09:40:00,2023,3,26,9,40,87,87017,Rn 145,46.132051,1.08622,Plein jour,Hors agglomération,Autre intersection,Pluie légère,Deux véhicules - côté,2,2,2,0,1,1,2,0,1,80,2,2,0,0,0,2,75.0,28.0,voiture,voiture,1,1,9,2,3
202300003025,2023-11-29 14:45:00,2023,11,29,14,45,92,92040,GARIBALDI (BOULEVARD),48.83153835,2.26721272,Plein jour,En agglomération,Intersection en T,Normale,Deux véhicules - côté,3,2,2,0,1,1,1,0,1,30,2,2,1,0,0,1,,20.0,voiture,deux_roues,1,2,3,1,3
202300003025,2023-11-29 14:45:00,2023,11,29,14,45,92,92040,GARIBALDI (BOULEVARD),48.83153835,2.26721272,Plein jour,En agglomération,Intersection en T,Normale,Deux véhicules - côté,3,3,2,0,1,1,1,0,1,30,2,2,1,0,0,1,,20.0,voiture,deux_roues,1,2,3,1,3
202300003026,2023-08-22 03:55:00,2023,8,22,3,55,83,83099,Dn7,43.452841,6.691312,Nuit avec éclairage allumé,En agglomération,Intersection en X,Normale,Deux véhicules - côté,3,3,0,0,1,1,1,5,1,50,2,3,0,0,1,2,21.0,15.0,voiture,deux_roues,5,2,2,1,3
202300003026,2023-08-22 03:55:00,2023,8,22,3,55,83,83099,Dn7,43.452841,6.691312,Nuit avec éclairage allumé,En agglomération,Intersection en X,Normale,Deux véhicules - côté,3,2,0,0,1,1,1,5,1,50,2,3,0,0,1,2,21.0,15.0,voiture,deux_roues,5,2,2,1,3
202300003027,2023-06-09 15:45:00,2023,6,9,15,45,74,74014,D6,46.046682,6.616859,Plein jour,Hors agglomération,Hors intersection,Pluie légère,Deux véhicules - côté,3,2,2,0,2,3,2,0,1,80,2,4,3,0,1,0,26.0,22.0,deux_roues,voiture,1,1,1,2,3
202300003028,2023-11-05 00:06:00,2023,11,5,0,6,13,13071,A55 - Sens Marseille vers Martigues,43.39055,5.30239,Nuit sans éclairage public,Hors agglomération,Hors intersection,Normale,Deux véhicules - arrière,1,1,2,0,2,1,2,0,1,110,2,6,4,0,0,2,20.0,20.0,voiture,voiture,3,1,1,1,2
202300003029,2023-03-25 20:44:00,2023,3,25,20,44,30,30061,,43.90677459,4.27398205,Nuit sans éclairage public,Hors agglomération,Hors intersection,Normale,Autre collision,2,3,1,0,2,3,1,9,1,90,1,2,0,0,1,1,19.0,,voiture,,3,1,1,1,6
202300003030,2023-09-30 08:30:00,2023,9,30,8,30,44,44109,4 Place Général Mellinet,47.21160702,-1.576663,Plein jour,En agglomération,Giratoire,Temps couvert,Deux véhicules - côté,4,2,2,0,1,2,1,5,1,30,2,2,1,0,0,1,48.0,17.0,voiture,deux_roues,1,2,6,8,3
202300003031,2023-08-23 10:10:00,2023,8,23,10,10,06,06134,Route Departementale 6085,43.766193,6.651288,Plein jour,En agglomération,Hors intersection,Normale,Autre collision,3,2,2,0,1,1,1,0,1,50,1,2,0,0,1,1,39.0,,voiture,,1,2,1,1,6
202300003032,2023-06-09 11:15:00,2023,6,9,11,15,66,66172,,42.71548,2.849246,Plein jour,En agglomération,Hors intersection,Normale,Autre collision,4,2,2,0,1,1,1,0,1,50,1,2,1,1,0,0,75.0,,voiture,,1,2,1,1,6
202300003033,2023-09-29 18:40:00,2023,9,29,18,40,44,44143,,47.15919636,-1.54560624,Plein jour,Hors agglomération,Hors intersection,Normale,Deux véhicules - arrière,4,2,4,0,2,1,1,0,1,90,2,2,1,0,0,1,43.0,74.0,deux_roues,voiture,1,1,1,1,2
202300003034,2023-08-22 22:50:00,2023,8,22,22,50,06,06058,ROUTE DEPARTEMENTALE 6085,43.739445,6.767857,Nuit sans éclairage public,Hors agglomération,Hors intersection,Normale,Sans collision,3,2,2,0,2,1,1,0,1,80,1,1,0,0,1,0,17.0,,deux_roues,,3,1,1,1,7
202300003035,2023-06-06 08:28:00,2023,6,6,8,28,80,80695,A2,50.02871,2.893267,Plein jour,Hors agglomération,Hors intersection,Normale,Deux véhicules - arrière,1,3,2,0,1,1,1,0,1,-1,2,2,1,0,0,1,37.0,56.0,utilitaire_camion,utilitaire_camion,1,1,1,1,2
202300003036,2023-09-29 03:35:00,2023,9,29,3,35,44,44215,,47.1821842,-1.50147447,Nuit sans éclairage public,Hors agglomération,Hors intersection,Temps couvert,Autre collision,2,2,4,0,1,1,1,3,1,90,1,1,0,0,0,1,27.0,,voiture,,3,1,1,8,6
202300003037,2023-03-25 17:45:00,2023,3,25,17,45,10,10256,,48.44084423,4.15622617,Plein jour,Hors agglomération,Hors intersection,Temps couvert,Autre collision,1,3,4,0,3,1,1,0,3,130,1,4,3,0,0,1,37.0,,voiture,,1,1,1,8,6
202300003038,2023-08-24 12:00:00,2023,8,24,12,0,05,05063,D1091,45.042427,6.271468,Plein jour,Hors agglomération,Hors intersection,Normale,Autre collision,3,2,2,0,2,3,1,0,1,90,1,2,1,0,0,1,67.0,,deux_roues,,1,1,1,1,6
202300003039,2023-06-09 11:30:00,2023,6,9,11,30,974,97418,Rue Roger Payet,-20.909658,55.5097,Plein jour,En agglomération,Hors intersection,Normale,Deux véhicules - arrière,3,2,2,0,1,3,1,0,1,50,2,2,1,0,1,0,38.0,65.0,deux_roues,voiture,1,2,1,1,2
202300003040,2023-09-28 14:00:00,2023,9,28,14,0,44,44109,Boulevard François Bruneau,47.2289363,-1.56216324,Plein jour,En agglomération,Intersection en X,Temps couvert,Autre collision,4,2,2,0,1,1,1,5,1,50,2,2,1,0,0,1,11.0,34.0,deux_roues,utilitaire_camion,1,2,2,8,6
202300003040,2023-09-28 14:00:00,2023,9,28,14,0,44,44109,Boulevard François Bruneau,47.2289363,-1.56216324,Plein jour,En agglomération,Intersection en X,Temps couvert,Autre collision,4,2,2,2,1,1,1,-1,1,50,2,2,1,0,0,1,11.0,34.0,deux_roues,utilitaire_camion,1,2,2,8,6
202300003041,2023-03-26 01:30:00,2023,3,26,1,30,971,97103,N1,16.254377,-61.552314,Nuit avec éclairage non allumé,Hors agglomération,Hors intersection,Normale,Sans collision,2,3,2,0,1,1,1,0,1,90,1,1,0,0,1,0,38.0,,deux_roues,,4,1,1,1,7
202300003042,2023-09-18 17:45:00,2023,9,18,17,45,44,44143,Rue de l'île Macé,47.1926166,-1.55450345,Plein jour,En agglomération,Giratoire,Temps couvert,Deux véhicules - arrière,4,2,2,2,1,4,1,-1,1,30,2,2,1,0,0,1,55.0,29.0,voiture,voiture,1,2,6,8,2
202300003043,2023-06-08 04:55:00,2023,6,8,4,55,13,13040,D6,43.479067,5.559345,Nuit sans éclairage public,Hors agglomération,Hors intersection,Normale,Deux véhicules - frontale,3,2,2,1,1,1,1,0,1,90,2,2,0,0,1,1,34.0,51.0,voiture,voiture,3,1,1,1,1
202300003044,2023-03-26 01:00:00,2023,3,26,1,0,988,98808,collège de wani,-21.278433,165.615571,Nuit sans éclairage public,Hors agglomération,Hors intersection,Normale,Autre collision,2,2,2,0,1,3,1,0,1,90,1,1,0,0,0,1,22.0,,voiture,,3,1,1,1,6
202300003045,2023-09-28 08:40:00,2023,9,28,8,40,44,44114,325 Route de Vannes,47.2471031,-1.60589084,Plein jour,En agglomération,Hors intersection,Temps couvert,Deux véhicules - arrière,4,2,2,1,1,1,1,-1,1,50,2,2,1,0,0,1,26.0,57.0,deux_roues,voiture,1,2,1,8,2
202300003046,2023-08-23 21:20:00,2023,8,23,21,20,13,13066,D28,43.885676,4.912841,Nuit sans éclairage public,Hors agglomération,Hors intersection,Normale,Deux véhicules - frontale,3,2,2,0,1,1,1,0,1,80,2,6,1,0,4,1,38.0,40.0,voiture,utilitaire_camion,3,1,1,1,1
202300003047,2023-06-08 16:20:00,2023,6,8,16,20,95,95040,D14,49.11560117,1.86832488,Plein jour,Hors agglomération,Hors intersection,Normale,Autre collision,3,3,2,0,1,1,1,0,3,110,1,1,0,0,0,1,38.0,,voiture,,1,1,1,1,6
202300003048,2023-09-27 12:20:00,2023,9,27,12,20,44,44109,81 Boulevard Jules Verne,47.23863287,-1.53202195,Plein jour,En agglomération,Hors intersection,Temps couvert,Deux véhicules - côté,4,2,2,2,1,1,1,-1,1,50,2,2,1,0,0,1,79.0,24.0,voiture,deux_roues,1,2,1,8,3
202300003049,2023-08-21 16:00:00,2023,8,21,16,0,38,38215,2274 Route du Plan,45.605926,4.961934,Plein jour,En agglomération,Hors intersection,Normale,Sans collision,4,2,2,0,1,1,1,0,3,70,1,1,0,0,1,0,14.0,,deux_roues,,1,2,1,1,7
202300003050,2023-06-04 01:20:00,2023,6,4,1,20,91,91041,Route Nationale 20,48.561613,2.226877,Nuit sans éclairage public,Hors agglomération,Hors intersection,Normale,Deux véhicules - arrière,3,3,4,0,1,1,1,0,1,90,2,2,1,0,0,1,22.0,29.0,voiture,voiture,3,1,1,1,2
202300003051,2023-09-25 09:35:00,2023,9,25,9,35,44,44143,80 Rue Charles Rivière,47.17117585,-1.54329928,Plein jour,En agglomération,Hors intersection,Temps couvert,Sans collision,4,2,2,2,1,1,1,-1,1,50,1,1,0,0,0,1,44.0,,deux_roues,,1,2,1,8,7
202300003052,2023-03-24 22:20:00,2023,3,24,22,20,971,97117,Route de la Houssaie,16.334868,-61.378609,Nuit sans éclairage public,Hors agglomération,Hors intersection,Normale,Autre collision,2,2,2,0,2,1,1,0,1,80,1,2,1,0,1,0,20.0,,voiture,,3,1,1,1,6
202300003053,2023-06-08 14:30:00,2023,6,8,14,30,2B,2B084,rd151,42.567214,8.883111,Plein jour,Hors agglomération,Hors intersection,Normale,Sans collision,3,2,2,0,2,1,1,0,1,80,1,1,0,0,0,1,17.0,,deux_roues,,1,1,1,1,7
202300003054,2023-09-18 14:30:00,2023,9,18,14,30,44,44109,535 Route de Saint Joseph,47.2748123,-1.51388542,Plein jour,En agglomération,Giratoire,Temps couvert,Autre collision,4,2,2,2,1,4,1,5,1,50,1,1,0,0,0,1,41.0,,deux_roues,,1,2,6,8,6
202300003055,2023-08-21 07:20:00,2023,8,21,7,20,01,01142,Rue des Chartinières,45.846129,5.065561,Plein jour,En agglomération,Giratoire,Temps éblouissant,Deux véhicules - côté,3,1,2,0,1,2,1,0,1,50,2,2,1,0,0,1,54.0,61.0,deux_roues,voiture,1,2,6,7,3
202300003056,2023-09-18 18:15:00,2023,9,18,18,15,44,44109,Boulevard des Tribunes,47.24483254,-1.56136558,Plein jour,En agglomération,Giratoire,Normale,Sans collision,4,2,2,2,1,4,1,5,1,50,1,1,0,0,0,1,23.0,,deux_roues,,1,2,6,1,7
202300003057,2023-06-09 15:20:00,2023,6,9,15,20,66,66171,,42.6363332,3.00003737,Plein jour,En agglomération,Hors intersection,Normale,Deux véhicules - arrière,4,2,2,0,1,1,1,0,1,70,2,2,1,0,1,0,26.0,46.0,voiture,deux_roues,1,2,1,1,2
202300003058,2023-03-24 20:05:00,2023,3,24,20,5,84,84105,D900,43.872031,5.449916,Nuit sans éclairage public,Hors agglomération,Hors intersection,Normale,Deux véhicules - frontale,3,2,2,1,1,4,1,0,1,80,2,2,0,0,0,2,40.0,49.0,voiture,utilitaire_camion,3,1,1,1,1
202300003059,2023-08-22 10:45:00,2023,8,22,10,45,69,69178,Le Bourg,45.705336,4.449157,Plein jour,En agglomération,Hors intersection,Normale,Deux véhicules - frontale,3,1,1,0,2,1,1,0,1,30,2,2,1,0,1,0,15.0,54.0,deux_roues,voiture,1,2,1,1,1
202300003060,2023-09-17 06:40:00,2023,9,17,6,40,44,44109,Boulevard Jean Phillipot,47.21178393,-1.55626159,Crépuscule ou aube,En agglomération,Hors intersection,Temps couvert,Autre collision,4,2,2,0,1,1,2,0,1,50,1,2,1,0,0,1,42.0,,voiture,,2,2,1,8,6
202300003061,2023-06-08 19:15:00,2023,6,8,19,15,30,30258,Rue Andre Gide,43.682895,4.437227,Plein jour,En agglomération,Hors intersection,Normale,Deux véhicules - côté,4,2,2,0,1,2,1,0,1,50,2,2,1,0,1,0,20.0,25.0,deux_roues,utilitaire_camion,1,2,1,1,3
202300003062,2023-09-17 04:31:00,2023,9,17,4,31,44,44109,168 Rue Paul Bellamy,47.23022271,-1.56325373,Nuit avec éclairage allumé,En agglomération,Hors intersection,Temps couvert,Deux véhicules - côté,4,2,2,0,1,1,1,0,1,50,2,2,1,0,0,1,,21.0,voiture,deux_roues,5,2,1,8,3
202300003063,2023-03-25 18:15:00,2023,3,25,18,15,13,13030,D8N,43.272581,5.688075,Plein jour,Hors agglomération,Hors intersection,Normale,Deux véhicules - arrière,3,2,2,0,1,1,1,0,1,80,2,2,0,0,2,0,27.0,29.0,deux_roues,deux_roues,1,1,1,1,2
202300003064,2023-08-24 08:30:00,2023,8,24,8,30,81,81105,Avenue de l'Europe,43.7649955,1.9952076,Plein jour,En agglomération,Intersection en T,Normale,Autre collision,4,2,2,0,1,1,1,0,1,50,1,2,1,0,0,1,54.0,,voiture,,1,2,3,1,6
202300003064,2023-08-24 08:30:00,2023,8,24,8,30,81,81105,Avenue de l'Europe,43.7649955,1.9952076,Plein jour,En agglomération,Intersection en T,Normale,Autre collision,4,2, -1,-1,1,1,1,5,1,-1,1,2,1,0,0,1,54.0,,voiture,,1,2,3,1,6
202300003065,2023-09-16 10:30:00,2023,9,16,10,30,44,44109,1 Rue Général Buat,47.23373837,-1.53610223,Plein jour,En agglomération,Hors intersection,Temps couvert,Autre collision,4,2,2,2,1,1,1,5,1,50,1,2,1,0,0,1,41.0,,deux_roues,,1,2,1,8,6
202300003066,2023-06-07 13:45:00,2023,6,7,13,45,84,84049,D8,44.166891,4.968572,Plein jour,Hors agglomération,Autre intersection,Normale,Deux véhicules - côté,3,2,2,0,2,1,1,0,1,80,2,2,1,0,0,1,49.0,50.0,deux_roues,deux_roues,1,1,9,1,3
202300003067,2023-08-23 14:30:00,2023,8,23,14,30,65,65059,52 rue du Général de Gaulle,43.069264,0.155772,Plein jour,En agglomération,Hors intersection,Normale,Deux véhicules - arrière,3,2,2,0,1,1,1,0,1,50,2,2,0,0,0,2,43.0,50.0,voiture,deux_roues,1,2,1,1,2
202300003068,2023-03-25 20:00:00,2023,3,25,20,0,13,13041,Avenue Pierre Brossolette,43.455777,5.485201,Nuit avec éclairage allumé,En agglomération,Intersection en T,Normale,Deux véhicules - côté,3,2,1,0,1,1,1,0,1,50,2,2,1,0,1,0,41.0,18.0,utilitaire_camion,deux_roues,5,2,3,1,3
202300003068,2023-03-25 20:00:00,2023,3,25,20,0,13,13041,Avenue Pierre Brossolette,43.455777,5.485201,Nuit avec éclairage allumé,En agglomération,Intersection en T,Normale,Deux véhicules - côté,3,2, -1,-1,1,1,1,0,1,-1,2,2,1,0,1,0,41.0,18.0,utilitaire_camion,deux_roues,5,2,3,1,3
202300003069,2023-09-15 13:00:00,2023,9,15,13,0,44,44109,Pont Eric Tabarly,47.21225865,-1.52904336,Plein jour,En agglomération,Hors intersection,Normale,Deux véhicules - arrière,4,2,2,3,1,1,1,2,1,50,2,2,1,0,0,1,29.0,41.0,deux_roues,voiture,1,2,1,1,2
202300003070,2023-08-19 18:44:00,2023,8,19,18,44,31,31395,,43.475074,1.322957,Plein jour,En agglomération,Hors intersection,Normale,Autre collision,3,2,2,0,1,2,1,0,1,90,1,1,0,0,1,0,52.0,,deux_roues,,1,2,1,1,6
202300003071,2023-09-14 17:20:00,2023,9,14,17,20,44,44109,27 Boulevard Pierre de Coubertin,47.22680474,-1.58532845,Plein jour,En agglomération,Hors intersection,Temps couvert,Sans collision,4,2,2,2,1,1,1,-1,1,50,1,1,0,0,0,1,18.0,,deux_roues,,1,2,1,8,7
202300003072,2023-06-09 19:25:00,2023,6,9,19,25,71,71150,RD906,46.241461,4.787062,Plein jour,En agglomération,Intersection en T,Temps couvert,Deux véhicules - arrière,3,2,2,0,1,1,1,0,1,50,2,2,1,0,1,0,60.0,19.0,deux_roues,voiture,1,2,3,8,2
202300003072,2023-06-09 19:25:00,2023,6,9,19,25,71,71150,RD906,46.241461,4.787062,Plein jour,En agglomération,Intersection en T,Temps couvert,Deux véhicules - arrière,3,2,2,0,1,1,1,5,8,50,2,2,1,0,1,0,60.0,19.0,deux_roues,voiture,1,2,3,8,2
202300003073,2023-03-26 10:45:00,2023,3,26,10,45,58,58160,Route de Saint-baudière,46.971029,3.115568,Plein jour,En agglomération,Hors intersection,Pluie forte,Sans collision,3,2,2,0,2,1,2,0,1,-1,1,1,0,0,1,0,39.0,,deux_roues,,1,2,1,3,7
202300003074,2023-09-14 09:10:00,2023,9,14,9,10,44,44109,Boulevard Bénoni Goullin,47.20165161,-1.5538891,Plein jour,En agglomération,Hors intersection,Temps couvert,Autre collision,4,2,2,2,1,1,1,-1,1,50,1,2,1,0,0,1,41.0,,voiture,,1,2,1,8,6
202300003075,2023-06-09 14:40:00,2023,6,9,14,40,68,68247,D430 Route des Crètes,47.943925,7.019357,Plein jour,Hors agglomération,Hors intersection,Normale,Sans collision,3,2,2,0,1,2,1,0,3,70,1,1,0,0,1,0,58.0,,deux_roues,,1,1,1,1,7
202300003076,2023-08-24 05:10:00,2023,8,24,5,10,33,33042,24 Route de Bordeaux,44.510872,-0.790656,Nuit avec éclairage allumé,En agglomération,Hors intersection,Normale,Autre collision,3,2,2,0,4,2,1,0,3,50,1,2,0,0,2,0,21.0,,deux_roues,,5,2,1,1,6
202300003077,2023-09-13 11:05:00,2023,9,13,11,5,44,44109,41 Rue des Bourbonnières,47.18768145,-1.52037935,Plein jour,En agglomération,Giratoire,Temps couvert,Deux véhicules - côté,4,2,2,0,1,1,1,5,1,50,2,2,1,0,0,1,31.0,80.0,voiture,deux_roues,1,2,6,8,3
202300003078,2023-06-06 05:23:00,2023,6,6,5,23,57,57242,D54,49.2759849,6.14397797,Crépuscule ou aube,Hors agglomération,Hors intersection,Normale,Autre collision,3,2,2,0,1,1,1,0,1,80,1,1,0,0,1,0,52.0,,deux_roues,,2,1,1,1,6
202300003079,2023-08-21 23:40:00,2023,8,21,23,40,49,49332,D63,47.1053676,-0.95367317,Nuit avec éclairage non allumé,Hors agglomération,Autre intersection,Normale,Sans collision,3,2,2,0,1,1,1,0,8,80,1,1,0,0,0,1,20.0,,voiture,,4,1,9,1,7