accident_id,datetime,annee,mois,jour,heure,minute,departement,commune_insee,adresse,latitude,longitude,luminosite,agglomeration,intersection,meteo,collision,catr,circ,nbv,vosp,prof,plan,surf,infra,situ,vma,nb_vehicules,nb_usagers,nb_indemnes,nb_tues,nb_blesses_hosp,nb_blesses_legers,age_cond_1,age_cond_2,veh_type_cond_1,veh_type_cond_2,lum_code,agg_code,int_code,atm_code,col_code
202300003360,2023-08-22 06:00:00,2023,8,22,6,0,11,11115,Route Départementale 118,43.353327,2.275516,Nuit sans éclairage public,Hors agglomération,Hors intersection,Normale,Trois véhicules et plus - collisions multiples,3,2,2,0,1,1,1,0,1,80,3,3,2,0,1,0,56.0,27.0,voiture,voiture,3,1,1,1,5
202300003361,2023-02-12 05:50:00,2023,2,12,5,50,75,75116,ALLEE DES FORTIFICATIONS,48.852714,2.259865,Nuit sans éclairage public,En agglomération,Hors intersection,Normale,Deux véhicules - côté,4,2,2,0,1,1,1,0,1,30,2,3,2,0,0,1,32.0,27.0,voiture,voiture,3,2,1,1,3
202300003362,2023-10-24 12:45:00,2023,10,24,12,45,973,97302,ROUTE NATIONALE 3,4.9401391,-52.3195821,Plein jour,En agglomération,Hors intersection,Normale,Deux véhicules - arrière,3,2,2,0,1,1,1,0,1,50,2,2,1,0,0,1,48.0,40.0,voiture,voiture,1,2,1,1,2
202300003363,2023-08-22 19:45:00,2023,8,22,19,45,50,50447,Route de la Sabotiere,48.807704,-1.507959,Plein jour,Hors agglomération,Hors intersection,Normale,Deux véhicules - frontale,3,2,2,0,1,3,1,0,1,80,2,2,1,0,1,0,65.0,15.0,voiture,deux_roues,1,1,1,1,1
202300003364,2023-02-12 07:40:00,2023,2,12,7,40,75,75114,RUE D ALESIA,48.830526,2.319263,Crépuscule ou aube,En agglomération,Intersection en X,Normale,Autre collision,4,1,2,0,1,1,1,0,1,30,1,1,0,0,0,1,27.0,,deux_roues,,2,2,2,1,6
202300003364,2023-02-12 07:40:00,2023,2,12,7,40,75,75114,RUE D ALESIA,48.830526,2.319263,Crépuscule ou aube,En agglomération,Intersection en X,Normale,Autre collision,4,1,1,0,1,1,1,0,1,30,1,1,0,0,0,1,27.0,,deux_roues,,2,2,2,1,6
202300003365,2023-10-24 03:45:00,2023,10,24,3,45,973,97302,ROUTE NATIONALE 1,4.92067,-52.33003,Nuit avec éclairage allumé,Hors agglomération,Autre intersection,Normale,Sans collision,2,1,2,0,1,2,1,0,8,90,1,2,0,0,0,2,23.0,,voiture,,5,1,9,1,7
202300003366,2023-08-23 16:55:00,2023,8,23,16,55,50,50616,N175,48.662935,-1.36591,Plein jour,Hors agglomération,Hors intersection,Normale,Deux véhicules - frontale,2,3,2,0,1,1,1,0,1,110,2,4,1,1,0,2,85.0,55.0,voiture,voiture,1,1,1,1,1
202300003367,2023-10-23 09:35:00,2023,10,23,9,35,973,97302,FLAMBOYANTS (RUE DES),4.92588563,-52.31504381,Plein jour,En agglomération,Intersection en T,Normale,Deux véhicules - côté,4,2,2,0,1,1,1,0,1,50,2,3,2,0,0,1,36.0,62.0,deux_roues,utilitaire_camion,1,2,3,1,3
202300003368,2023-02-12 08:29:00,2023,2,12,8,29,75,75110,BOULEVARD DE STRASBOURG,48.875498,2.357703,Plein jour,En agglomération,Intersection en X,Temps couvert,Deux véhicules - côté,4,3,2,0,1,1,1,0,1,30,2,6,4,0,0,2,53.0,65.0,voiture,voiture,1,2,2,8,3
202300003368,2023-02-12 08:29:00,2023,2,12,8,29,75,75110,BOULEVARD DE STRASBOURG,48.875498,2.357703,Plein jour,En agglomération,Intersection en X,Temps couvert,Deux véhicules - côté,4,1,1,0,1,1,1,0,1,30,2,6,4,0,0,2,53.0,65.0,voiture,voiture,1,2,2,8,3
202300003369,2023-08-22 23:00:00,2023,8,22,23,0,56,56078,Rue du Bas Pouldu,47.772304,-3.525007,Nuit avec éclairage allumé,En agglomération,Hors intersection,Normale,Deux véhicules - frontale,3,2,2,0,2,1,1,0,1,50,2,3,1,0,0,2,,17.0,voiture,deux_roues,5,2,1,1,1
202300003370,2023-10-24 12:50:00,2023,10,24,12,50,69,69386,Rue Montgolfier,45.77168,4.84678,Plein jour,En agglomération,Intersection en X,Pluie légère,Deux véhicules - côté,4,1,1,2,1,1,2,0,1,30,2,2,1,0,0,1,46.0,46.0,voiture,voiture,1,2,2,2,3
202300003370,2023-10-24 12:50:00,2023,10,24,12,50,69,69386,Rue Montgolfier,45.77168,4.84678,Plein jour,En agglomération,Intersection en X,Pluie légère,Deux véhicules - côté,4,1,1,2,1,1,2,0,1,30,2,2,1,0,0,1,46.0,46.0,voiture,voiture,1,2,2,2,3
202300003371,2023-02-11 18:26:00,2023,2,11,18,26,75,75108,AVENUE DES CHAMPS ELYSEES,48.870123,2.306497,Nuit avec éclairage allumé,En agglomération,Intersection en X,Normale,Deux véhicules - arrière,4,2,6,0,2,1,1,0,1,50,2,2,0,0,0,2,20.0,22.0,voiture,deux_roues,5,2,2,1,2
202300003371,2023-02-11 18:26:00,2023,2,11,18,26,75,75108,AVENUE DES CHAMPS ELYSEES,48.870123,2.306497,Nuit avec éclairage allumé,En agglomération,Intersection en X,Normale,Deux véhicules - arrière,4,1,1,0,1,1,1,0,1,30,2,2,0,0,0,2,20.0,22.0,voiture,deux_roues,5,2,2,1,2
202300003372,2023-08-23 18:10:00,2023,8,23,18,10,77,77321,Route de Sens,48.414968,3.2341,Plein jour,En agglomération,Intersection en T,Normale,Deux véhicules - frontale,3,2,2,0,1,1,1,0,1,50,2,2,1,1,0,0,57.0,21.0,deux_roues,voiture,1,2,3,1,1
202300003372,2023-08-23 18:10:00,2023,8,23,18,10,77,77321,Route de Sens,48.414968,3.2341,Plein jour,En agglomération,Intersection en T,Normale,Deux véhicules - frontale,3,2,2,0,1,1,1,0,1,50,2,2,1,1,0,0,57.0,21.0,deux_roues,voiture,1,2,3,1,1
202300003373,2023-10-24 17:46:00,2023,10,24,17,46,69,69381,Place Tobie Robatel,45.76815,4.8313,Plein jour,En agglomération,Intersection en T,Normale,Autre collision,4,2,2,0,1,1,2,0,1,30,1,2,1,0,0,1,49.0,,transport_commun,,1,2,3,1,6
202300003373,2023-10-24 17:46:00,2023,10,24,17,46,69,69381,Place Tobie Robatel,45.76815,4.8313,Plein jour,En agglomération,Intersection en T,Normale,Autre collision,4,2,3,0,2,1,2,9,1,30,1,2,1,0,0,1,49.0,,transport_commun,,1,2,3,1,6
202300003374,2023-10-24 10:50:00,2023,10,24,10,50,69,69152,Rue Henri Moissan,45.70944,4.82128,Plein jour,En agglomération,Hors intersection,Pluie forte,Sans collision,4,2,3,1,1,1,2,0,5,50,1,1,0,0,1,0,71.0,,deux_roues,,1,2,1,3,7
202300003375,2023-02-12 11:20:00,2023,2,12,11,20,94,94078,Rue de Paris / Pont Wilson,48.7356,2.4466,Plein jour,En agglomération,Intersection en Y,Temps couvert,Deux véhicules - côté,2,2,2,0,2,3,1,0,1,50,2,6,4,0,0,2,41.0,38.0,voiture,voiture,1,2,4,8,3
202300003375,2023-02-12 11:20:00,2023,2,12,11,20,94,94078,Rue de Paris / Pont Wilson,48.7356,2.4466,Plein jour,En agglomération,Intersection en Y,Temps couvert,Deux véhicules - côté,2,2,4,0,1,1,1,2,1,50,2,6,4,0,0,2,41.0,38.0,voiture,voiture,1,2,4,8,3
202300003376,2023-08-22 16:30:00,2023,8,22,16,30,76,76482,Route départementale 925,49.88783564,1.0136075,Plein jour,Hors agglomération,Hors intersection,Normale,Deux véhicules - côté,3,2,2,0,1,1,1,0,1,80,2,7,3,0,1,3,42.0,46.0,utilitaire_camion,voiture,1,1,1,1,3
202300003377,2023-10-24 10:10:00,2023,10,24,10,10,2B,2B033,GRAZIANI - BLD,42.69072935,9.44905758,Plein jour,En agglomération,Hors intersection,Pluie légère,Autre collision,4,1,1,0,2,1,2,0,1,50,2,2,1,0,0,1,95.0,29.0,voiture,voiture,1,2,1,2,6
202300003378,2023-02-12 19:20:00,2023,2,12,19,20,94,94003,Avenue Paul Doumer,48.8061048,2.33737349,Nuit avec éclairage allumé,En agglomération,Hors intersection,Normale,Deux véhicules - côté,3,2,2,0,1,1,1,0,1,50,2,2,1,0,0,1,47.0,23.0,voiture,deux_roues,5,2,1,1,3
202300003379,2023-08-23 09:35:00,2023,8,23,9,35,2B,2B252,D506,42.438882,9.453746,Plein jour,Hors agglomération,Hors intersection,Temps éblouissant,Sans collision,3,2,2,0,2,3,1,0,1,80,1,1,0,0,1,0,67.0,,deux_roues,,1,1,1,7,7
202300003380,2023-02-12 15:59:00,2023,2,12,15,59,94,94018,Quai des Carrieres,48.81834,2.41121,Plein jour,En agglomération,Hors intersection,Normale,Autre collision,3,2,3,1,1,1,1,0,4,30,1,1,0,0,0,1,30.0,,utilitaire_camion,,1,2,1,1,6
202300003381,2023-10-24 13:40:00,2023,10,24,13,40,971,97101,ROUTE DE COMA,16.27473,-61.47257,Plein jour,Hors agglomération,Hors intersection,Normale,Deux véhicules - frontale,4,2,2,0,1,2,1,0,1,50,2,3,1,0,0,2,30.0,58.0,voiture,voiture,1,1,1,1,1
202300003382,2023-08-23 07:40:00,2023,8,23,7,40,2B,2B346,TERRAGLIOLO,42.508505,9.471561,Plein jour,Hors agglomération,Giratoire,Temps éblouissant,Deux véhicules - côté,3,1,1,0,1,2,1,0,1,80,2,2,1,0,0,1,73.0,72.0,voiture,deux_roues,1,1,6,7,3
202300003383,2023-02-07 23:35:00,2023,2,7,23,35,92,92063,ARTS (PLACE DES),48.879995,2.183708,Nuit avec éclairage allumé,En agglomération,Autre intersection,Normale,Autre collision,6,-1, -1,0,1,1,1,1,8,-1,1,2,0,0,0,2,77.0,,voiture,,5,2,9,1,6
202300003384,2023-08-23 14:30:00,2023,8,23,14,30,2B,2B152,Santa Severa,42.887513,9.473144,Plein jour,En agglomération,Autre intersection,Normale,Deux véhicules - frontale,3,2,2,0,1,1,1,0,1,50,2,3,1,0,1,1,51.0,52.0,voiture,deux_roues,1,2,9,1,1
202300003385,2023-10-23 14:32:00,2023,10,23,14,32,971,97101,Frédéric JALTON,16.27488,-61.50328,Plein jour,Hors agglomération,Hors intersection,Normale,Trois véhicules et plus - en chaîne,3,2,1,0,1,1,1,0,1,50,3,3,2,0,1,0,43.0,43.0,deux_roues,voiture,1,1,1,1,4
202300003386,2023-02-11 14:00:00,2023,2,11,14,0,92,92051,"VICTOR HUGO (BOULEVARD, N° 9 A 49 ET 16",48.88868,2.27748,Plein jour,En agglomération,Hors intersection,Normale,Deux véhicules - côté,4,2,2,0,1,1,1,0,1,50,2,2,1,0,0,1,56.0,33.0,deux_roues,voiture,1,2,1,1,3
202300003387,2023-08-23 19:40:00,2023,8,23,19,40,80,80373,111 Rue Charles de Gaulle,49.986483,1.55611,Plein jour,En agglomération,Intersection en X,Normale,Deux véhicules - côté,3,2,2,0,1,1,1,0,1,50,2,2,1,0,1,0,21.0,15.0,voiture,deux_roues,1,2,2,1,3
202300003387,2023-08-23 19:40:00,2023,8,23,19,40,80,80373,111 Rue Charles de Gaulle,49.986483,1.55611,Plein jour,En agglomération,Intersection en X,Normale,Deux véhicules - côté,3,2, -1,-1,1,1,1,0,1,-1,2,2,1,0,1,0,21.0,15.0,voiture,deux_roues,1,2,2,1,3
202300003388,2023-02-13 08:40:00,2023,2,13,8,40,09,09085,43 Avenue Noel Peyrevidal,42.917439,1.030698,Plein jour,En agglomération,Hors intersection,Normale,Deux véhicules - arrière,3,2,2,0,1,1,1,0,1,50,2,2,1,0,1,0,26.0,67.0,deux_roues,voiture,1,2,1,1,2
202300003389,2023-08-22 10:50:00,2023,8,22,10,50,82,82018,Route de Cayrac,44.098434,1.506205,Plein jour,Hors agglomération,Hors intersection,Normale,Autre collision,3,2,2,0,1,3,1,0,3,70,1,1,0,0,1,0,66.0,,voiture,,1,1,1,1,6
202300003390,2023-10-24 07:40:00,2023,10,24,7,40,2A,2A004,BONAPARTE CHARLES  BD,41.93094,8.74029,Nuit avec éclairage allumé,En agglomération,Hors intersection,Pluie légère,Deux véhicules - arrière,4,2,3,0,1,1,2,0,1,30,2,3,2,0,0,1,19.0,36.0,voiture,deux_roues,5,2,1,2,2
202300003391,2023-02-11 18:20:00,2023,2,11,18,20,34,34242,D1,43.77004,3.942933,Crépuscule ou aube,Hors agglomération,Hors intersection,Normale,Autre collision,3,2,2,0,1,1,1,0,3,90,1,1,0,0,1,0,51.0,,voiture,,2,1,1,1,6
202300003392,2023-08-21 10:30:00,2023,8,21,10,30,71,71157,Chemin de l?Ermitage,46.493063,5.390393,Plein jour,En agglomération,Intersection en X,Normale,Deux véhicules - côté,4,2,2,0,2,1,1,0,1,50,2,2,1,0,1,0,83.0,74.0,deux_roues,voiture,1,2,2,1,3
202300003393,2023-10-24 08:20:00,2023,10,24,8,20,95,95598,D144,48.995544,2.302403,Plein jour,En agglomération,Giratoire,Pluie légère,Sans collision,3,2,2,0,1,1,2,0,1,30,3,3,1,0,0,2,46.0,23.0,deux_roues,utilitaire_camion,1,2,6,2,7
202300003393,2023-10-24 08:20:00,2023,10,24,8,20,95,95598,D144,48.995544,2.302403,Plein jour,En agglomération,Giratoire,Pluie légère,Sans collision,3,2,2,0,1,2,8,5,1,30,3,3,1,0,0,2,46.0,23.0,deux_roues,utilitaire_camion,1,2,6,2,7
202300003394,2023-02-12 18:10:00,2023,2,12,18,10,35,35126,D776,47.9954521,-1.797377,Plein jour,Hors agglomération,Hors intersection,Normale,Deux véhicules - frontale,3,2,2,0,2,1,1,0,1,80,2,4,1,0,1,2,25.0,21.0,voiture,voiture,1,1,1,1,1
202300003395,2023-08-21 21:00:00,2023,8,21,21,0,49,49364,Rue du Château,47.115198,-0.198664,Nuit sans éclairage public,Hors agglomération,Intersection en X,Normale,Deux véhicules - côté,3,2,2,0,1,1,1,0,1,80,2,2,1,0,1,0,51.0,60.0,voiture,deux_roues,3,1,2,1,3
202300003395,2023-08-21 21:00:00,2023,8,21,21,0,49,49364,Rue du Château,47.115198,-0.198664,Nuit sans éclairage public,Hors agglomération,Intersection en X,Normale,Deux véhicules - côté,3,2,2,0,1,1,1,0,1,80,2,2,1,0,1,0,51.0,60.0,voiture,deux_roues,3,1,2,1,3
202300003396,2023-02-11 10:45:00,2023,2,11,10,45,01,01090,D22,46.046102,5.184195,Plein jour,Hors agglomération,Intersection en X,Temps éblouissant,Deux véhicules - arrière,3,2,2,0,1,1,1,0,1,80,2,4,3,0,1,0,27.0,58.0,voiture,deux_roues,1,1,2,7,2
202300003396,2023-02-11 10:45:00,2023,2,11,10,45,01,01090,D22,46.046102,5.184195,Plein jour,Hors agglomération,Intersection en X,Temps éblouissant,Deux véhicules - arrière,3,2,2,0,1,1,1,0,1,80,2,4,3,0,1,0,27.0,58.0,voiture,deux_roues,1,1,2,7,2
202300003397,2023-08-20 18:30:00,2023,8,20,18,30,47,47196,D813,44.32086815,0.34329505,Plein jour,En agglomération,Hors intersection,Normale,Autre collision,3,3,2,0,1,2,1,0,4,50,1,1,0,0,1,0,52.0,,utilitaire_camion,,1,2,1,1,6
202300003398,2023-02-12 11:40:00,2023,2,12,11,40,33,33327,Super U (Supermarché),44.655566,-0.366223,Plein jour,En agglomération,Hors intersection,Normale,Deux véhicules - frontale,6,-1, -1,0,1,2,1,0,6,50,2,2,1,0,0,1,26.0,17.0,voiture,deux_roues,1,2,1,1,1
202300003399,2023-08-21 11:54:00,2023,8,21,11,54,22,22258,Saint Queneuc,48.428464,-2.631816,Plein jour,Hors agglomération,Hors intersection,Normale,Deux véhicules - arrière,3,2,2,0,1,2,1,0,1,80,2,2,0,0,1,1,48.0,47.0,voiture,voiture,1,1,1,1,2
202300003400,2023-02-13 11:43:00,2023,2,13,11,43,71,71105,"Autoroute A6, sens PARIS/LYON PK388+080",46.31321494,4.79571193,Plein jour,Hors agglomération,Hors intersection,Normale,Deux véhicules - arrière,1,3,5,0,1,1,1,0,1,130,2,2,1,0,0,1,30.0,34.0,utilitaire_camion,utilitaire_camion,1,1,1,1,2
202300003401,2023-10-24 07:50:00,2023,10,24,7,50,89,89387,PONT DE SALCY,48.17077,3.27672,Nuit sans éclairage public,Hors agglomération,Hors intersection,Vent fort / tempête,Autre collision,3,2,2,0,1,1,2,2,2,90,2,2,1,0,1,0,56.0,29.0,voiture,deux_roues,3,1,1,6,6
202300003402,2023-08-11 10:10:00,2023,8,11,10,10,44,44211,31 Rue du Pinker,47.350963,-2.508557,Plein jour,En agglomération,Giratoire,Pluie légère,Deux véhicules - côté,3,2,1,0,1,1,2,5,1,-1,2,2,1,0,1,0,20.0,48.0,deux_roues,voiture,1,2,6,2,3
202300003403,2023-02-11 19:00:00,2023,2,11,19,0,972,97207,Route nationale 5,14.589497,-60.982651,Nuit sans éclairage public,Hors agglomération,Hors intersection,Normale,Deux véhicules - arrière,2,1,2,0,1,1,1,0,1,70,2,2,1,0,1,0,46.0,31.0,voiture,deux_roues,3,1,1,1,2
202300003404,2023-08-23 03:30:00,2023,8,23,3,30,44,44169,65 Route de la Goulaine,47.228889,-1.410831,Nuit sans éclairage public,Hors agglomération,Hors intersection,Normale,Autre collision,3,2,2,0,1,1,1,0,3,70,1,1,0,0,1,0,25.0,,deux_roues,,3,1,1,1,6
202300003405,2023-02-13 11:29:00,2023,2,13,11,29,63,63181,rd 2144 pr 16+100,46.03394,3.0788,Plein jour,Hors agglomération,Hors intersection,Normale,Deux véhicules - frontale,3,2,2,0,2,3,1,0,1,90,2,2,0,0,2,0,31.0,75.0,voiture,voiture,1,1,1,1,1
202300003406,2023-10-23 20:27:00,2023,10,23,20,27,87,87085,HOPITAL (RUE DE L'),45.82377,1.26348,Nuit avec éclairage allumé,En agglomération,Hors intersection,Normale,Deux véhicules - frontale,4,1,1,0,1,2,2,0,1,30,2,2,1,0,0,1,49.0,30.0,deux_roues,voiture,5,2,1,1,1
202300003407,2023-08-23 17:45:00,2023,8,23,17,45,35,35095,D795,48.538892,-1.731729,Plein jour,Hors agglomération,Hors intersection,Temps éblouissant,Autre collision,3,2,2,0,1,1,1,0,3,80,1,1,0,0,1,0,53.0,,deux_roues,,1,1,1,7,6
202300003408,2023-10-23 07:00:00,2023,10,23,7,0,84,84007,LAVARIN (Chemin du ),43.92864,4.8044,Crépuscule ou aube,En agglomération,Hors intersection,Normale,Deux véhicules - côté,4,2,2,0,1,1,1,0,1,50,2,2,1,0,0,1,67.0,35.0,voiture,deux_roues,2,2,1,1,3
202300003409,2023-02-13 09:15:00,2023,2,13,9,15,55,55242,A4,49.12781883,5.64316584,Plein jour,Hors agglomération,Autre intersection,Brouillard / fumée,Sans collision,1,1,2,0,1,1,1,0,3,130,1,3,0,0,1,2,19.0,,utilitaire_camion,,1,1,9,5,7
202300003410,2023-08-19 17:05:00,2023,8,19,17,5,35,35263,la trinité,48.679004,-1.886076,Plein jour,Hors agglomération,Intersection en X,Normale,Deux véhicules - côté,3,2,2,0,4,1,1,0,1,80,2,3,2,0,0,1,48.0,70.0,voiture,voiture,1,1,2,1,3
202300003410,2023-08-19 17:05:00,2023,8,19,17,5,35,35263,la trinité,48.679004,-1.886076,Plein jour,Hors agglomération,Intersection en X,Normale,Deux véhicules - côté,3,2, -1,0,1,1,1,0,1,80,2,3,2,0,0,1,48.0,70.0,voiture,voiture,1,1,2,1,3
202300003411,2023-10-23 12:30:00,2023,10,23,12,30,83,83137,MOULINS (AVE DES DE 18 A 23,43.14824,5.91364,Plein jour,En agglomération,Hors intersection,Normale,Deux véhicules - frontale,3,2,2,0,1,1,1,0,1,50,2,2,0,0,0,2,21.0,41.0,voiture,deux_roues,1,2,1,1,1
202300003412,2023-08-21 16:15:00,2023,8,21,16,15,29,29160,Lieu Dit Croassant Ar Vugale,48.47504582,-4.46676701,Plein jour,Hors agglomération,Intersection en T,Normale,Sans collision,3,2,2,0,1,3,1,0,3,80,2,2,1,0,1,0,24.0,59.0,deux_roues,voiture,1,1,3,1,7
202300003412,2023-08-21 16:15:00,2023,8,21,16,15,29,29160,Lieu Dit Croassant Ar Vugale,48.47504582,-4.46676701,Plein jour,Hors agglomération,Intersection en T,Normale,Sans collision,3,2,2,0,1,1,1,0,8,80,2,2,1,0,1,0,24.0,59.0,deux_roues,voiture,1,1,3,1,7
202300003413,2023-10-24 15:20:00,2023,10,24,15,20,78,78440,MOLIERE (RUE),48.983816,1.915328,Plein jour,En agglomération,Intersection en X,Normale,Deux véhicules - côté,4,2,2,0,1,1,1,0,1,50,2,2,1,0,0,1,49.0,25.0,voiture,utilitaire_camion,1,2,2,1,3
202300003413,2023-10-24 15:20:00,2023,10,24,15,20,78,78440,MOLIERE (RUE),48.983816,1.915328,Plein jour,En agglomération,Intersection en X,Normale,Deux véhicules - côté,4,2,2,0,1,1,1,0,1,50,2,2,1,0,0,1,49.0,25.0,voiture,utilitaire_camion,1,2,2,1,3
202300003414,2023-01-18 18:10:00,2023,1,18,18,10,35,35125,Rue du Grand Mail,47.942053,-1.232609,Nuit avec éclairage allumé,En agglomération,Intersection en X,Normale,Autre collision,4,2,2,2,1,1,1,0,1,20,1,2,1,0,0,1,37.0,,voiture,,5,2,2,1,6
202300003414,2023-01-18 18:10:00,2023,1,18,18,10,35,35125,Rue du Grand Mail,47.942053,-1.232609,Nuit avec éclairage allumé,En agglomération,Intersection en X,Normale,Autre collision,4,2,2,2,1,1,1,0,1,30,1,2,1,0,0,1,37.0,,voiture,,5,2,2,1,6
202300003415,2023-10-24 12:30:00,2023,10,24,12,30,78,78498,DEVAUX BD,48.93277,2.04967,Plein jour,En agglomération,Intersection en X,Normale,Deux véhicules - frontale,4,2,2,0,1,1,1,0,1,30,2,2,1,0,0,1,33.0,46.0,deux_roues,voiture,1,2,2,1,1
202300003415,2023-10-24 12:30:00,2023,10,24,12,30,78,78498,DEVAUX BD,48.93277,2.04967,Plein jour,En agglomération,Intersection en X,Normale,Deux véhicules - frontale,4,2, -1,-1,1,1,1,0,1,-1,2,2,1,0,0,1,33.0,46.0,deux_roues,voiture,1,2,2,1,1
202300003416,2023-08-22 18:52:00,2023,8,22,18,52,70,70216,2 Route de Saint Sauveur,47.791687,6.42861,Plein jour,Hors agglomération,Hors intersection,Normale,Deux véhicules - frontale,3,2,2,0,3,1,1,0,1,80,2,4,2,0,2,0,17.0,33.0,deux_roues,voiture,1,1,1,1,1
202300003417,2023-10-24 10:50:00,2023,10,24,10,50,77,77350,D471,48.755223,2.704773,Plein jour,Hors agglomération,Intersection en T,Normale,Deux véhicules - arrière,3,2,2,0,3,1,2,0,1,50,2,2,1,0,0,1,38.0,39.0,utilitaire_camion,utilitaire_camion,1,1,3,1,2
202300003417,2023-10-24 10:50:00,2023,10,24,10,50,77,77350,D471,48.755223,2.704773,Plein jour,Hors agglomération,Intersection en T,Normale,Deux véhicules - arrière,3,2,2,0,1,1,2,0,1,50,2,2,1,0,0,1,38.0,39.0,utilitaire_camion,utilitaire_camion,1,1,3,1,2
202300003418,2023-08-22 20:40:00,2023,8,22,20,40,06,06079,Avenue de Fréjus,43.524243,6.905615,Crépuscule ou aube,Hors agglomération,Hors intersection,Normale,Autre collision,3,2,2,0,1,4,1,0,3,80,1,1,0,0,0,1,44.0,,voiture,,2,1,1,1,6
202300003419,2023-10-09 18:09:00,2023,10,9,18,9,77,77210,D210,48.418264,2.926764,Plein jour,Hors agglomération,Intersection en T,Normale,Deux véhicules - frontale,3,2,3,0,1,1,1,0,1,80,2,2,1,1,0,0,21.0,17.0,voiture,utilitaire_camion,1,1,3,1,1
202300003419,2023-10-09 18:09:00,2023,10,9,18,9,77,77210,D210,48.418264,2.926764,Plein jour,Hors agglomération,Intersection en T,Normale,Deux véhicules - frontale,3,2, -1,-1,1,1,1,-1,1,-1,2,2,1,1,0,0,21.0,17.0,voiture,utilitaire_camion,1,1,3,1,1
202300003420,2023-10-24 15:08:00,2023,10,24,15,8,77,77445,CURIE (AVENUE PIERRE ET MARIE),48.60489,2.56682,Plein jour,En agglomération,Intersection en T,Normale,Deux véhicules - côté,4,2,2,0,1,1,1,0,1,50,2,2,1,0,1,0,49.0,36.0,deux_roues,voiture,1,2,3,1,3
202300003420,2023-10-24 15:08:00,2023,10,24,15,8,77,77445,CURIE (AVENUE PIERRE ET MARIE),48.60489,2.56682,Plein jour,En agglomération,Intersection en T,Normale,Deux véhicules - côté,4,2,1,3,2,1,1,6,1,-1,2,2,1,0,1,0,49.0,36.0,deux_roues,voiture,1,2,3,1,3
202300003421,2023-08-23 15:45:00,2023,8,23,15,45,50,50216,Rue du Haut Vernay,49.22808,-1.215663,Plein jour,Hors agglomération,Intersection en Y,Normale,Deux véhicules - frontale,3,2,2,0,1,3,1,0,1,80,2,2,1,1,0,0,58.0,71.0,utilitaire_camion,deux_roues,1,1,4,1,1
202300003421,2023-08-23 15:45:00,2023,8,23,15,45,50,50216,Rue du Haut Vernay,49.22808,-1.215663,Plein jour,Hors agglomération,Intersection en Y,Normale,Deux véhicules - frontale,3,2, -1,-1,1,3,1,0,1,-1,2,2,1,1,0,0,58.0,71.0,utilitaire_camion,deux_roues,1,1,4,1,1
202300003422,2023-08-23 09:10:00,2023,8,23,9,10,45,45258,D948 PR 6 + 522,48.207812,2.470829,Plein jour,En agglomération,Hors intersection,Temps éblouissant,Autre collision,3,2,2,0,1,1,1,0,1,50,1,2,0,0,2,0,62.0,,voiture,,1,2,1,7,6
202300003423,2023-08-23 18:45:00,2023,8,23,18,45,10,10141,RD70,48.044758,4.529409,Plein jour,Hors agglomération,Hors intersection,Normale,Sans collision,3,2,2,0,2,2,1,0,1,80,1,1,0,0,1,0,53.0,,voiture,,1,1,1,1,7
202300003424,2023-08-21 14:50:00,2023,8,21,14,50,53,53188,Route de Pouancé,47.792436,-1.065776,Plein jour,En agglomération,Intersection en T,Normale,Deux véhicules - côté,3,3,2,0,1,1,1,0,1,50,2,2,1,0,1,0,82.0,27.0,voiture,utilitaire_camion,1,2,3,1,3
202300003424,2023-08-21 14:50:00,2023,8,21,14,50,53,53188,Route de Pouancé,47.792436,-1.065776,Plein jour,En agglomération,Intersection en T,Normale,Deux véhicules - côté,3,-1, -1,0,2,1,1,0,1,-1,2,2,1,0,1,0,82.0,27.0,voiture,utilitaire_camion,1,2,3,1,3
202300003425,2023-08-21 21:40:00,2023,8,21,21,40,87,87203,D82,45.627948,1.442237,Nuit sans éclairage public,Hors agglomération,Hors intersection,Normale,Sans collision,3,2,2,0,2,1,1,0,1,-1,1,1,0,1,0,0,40.0,,deux_roues,,3,1,1,1,7
202300003426,2023-10-24 19:00:00,2023,10,24,19,0,76,76212,Boulevard de la Paix,49.43793,1.14768,Crépuscule ou aube,En agglomération,Intersection en X,Normale,Deux véhicules - côté,2,2,2,0,1,1,1,0,1,50,2,2,1,0,1,0,17.0,65.0,deux_roues,deux_roues,2,2,2,1,3
202300003426,2023-10-24 19:00:00,2023,10,24,19,0,76,76212,Boulevard de la Paix,49.43793,1.14768,Crépuscule ou aube,En agglomération,Intersection en X,Normale,Deux véhicules - côté,2,2,2,0,1,1,1,0,1,50,2,2,1,0,1,0,17.0,65.0,deux_roues,deux_roues,2,2,2,1,3
202300003427,2023-08-23 05:00:00,2023,8,23,5,0,30,30281,D22,43.883039,4.194031,Nuit sans éclairage public,Hors agglomération,Intersection en X,Normale,Autre collision,3,2,2,0,1,3,1,5,3,80,1,2,1,0,1,0,18.0,,voiture,,3,1,2,1,6
202300003427,2023-08-23 05:00:00,2023,8,23,5,0,30,30281,D22,43.883039,4.194031,Nuit sans éclairage public,Hors agglomération,Intersection en X,Normale,Autre collision,3,2, -1,0,1,1,1,0,1,-1,1,2,1,0,1,0,18.0,,voiture,,3,1,2,1,6