accident_id,datetime,annee,mois,jour,heure,minute,departement,commune_insee,adresse,latitude,longitude,luminosite,agglomeration,intersection,meteo,collision,catr,circ,nbv,vosp,prof,plan,surf,infra,situ,vma,nb_vehicules,nb_usagers,nb_indemnes,nb_tues,nb_blesses_hosp,nb_blesses_legers,age_cond_1,age_cond_2,veh_type_cond_1,veh_type_cond_2,lum_code,agg_code,int_code,atm_code,col_code
202300003428,2023-10-22 02:30:00,2023,10,22,2,30,76,76351,SUEDE (QUAI DE),49.49214,0.13237,Nuit avec éclairage allumé,En agglomération,Hors intersection,Normale,Deux véhicules - frontale,4,-1,1,0,1,1,1,0,1,50,2,2,1,0,0,1,40.0,50.0,voiture,voiture,5,2,1,1,1
202300003429,2023-08-21 17:43:00,2023,8,21,17,43,48,48146,D986,44.426793,3.449063,Plein jour,Hors agglomération,Hors intersection,Normale,Autre collision,3,2,2,0,2,3,1,0,8,90,1,5,3,0,2,0,58.0,,voiture,,1,1,1,1,6
202300003430,2023-10-21 12:45:00,2023,10,21,12,45,76,76351,HALLES CENTRALES (PLACE DES),49.49118,0.10399,Plein jour,En agglomération,Intersection en T,Pluie légère,Autre collision,4,2,2,0,1,1,2,0,1,50,1,2,1,0,1,0,91.0,,voiture,,1,2,3,2,6
202300003430,2023-10-21 12:45:00,2023,10,21,12,45,76,76351,HALLES CENTRALES (PLACE DES),49.49118,0.10399,Plein jour,En agglomération,Intersection en T,Pluie légère,Autre collision,4,1,2,0,1,1,2,0,1,50,1,2,1,0,1,0,91.0,,voiture,,1,2,3,2,6
202300003431,2023-08-23 16:00:00,2023,8,23,16,0,72,72299,A28,47.890552,0.305387,Plein jour,Hors agglomération,Hors intersection,Temps couvert,Autre collision,1,3,2,0,1,1,1,0,3,130,1,3,0,0,1,2,48.0,,voiture,,1,1,1,8,6
202300003432,2023-10-20 15:45:00,2023,10,20,15,45,76,76351,DEMIDOFF (RUE),49.4976,0.13621,Plein jour,En agglomération,Intersection en X,Normale,Deux véhicules - frontale,4,2,2,0,1,1,1,0,1,50,2,2,1,0,0,1,60.0,21.0,deux_roues,voiture,1,2,2,1,1
202300003432,2023-10-20 15:45:00,2023,10,20,15,45,76,76351,DEMIDOFF (RUE),49.4976,0.13621,Plein jour,En agglomération,Intersection en X,Normale,Deux véhicules - frontale,4,2, -1,-1,1,1,1,0,1,-1,2,2,1,0,0,1,60.0,21.0,deux_roues,voiture,1,2,2,1,1
202300003433,2023-08-20 22:40:00,2023,8,20,22,40,973,97307,Route du Larivot,4.904887,-52.365818,Nuit sans éclairage public,Hors agglomération,Hors intersection,Normale,Deux véhicules - arrière,2,2,2,0,1,1,1,2,1,90,2,4,1,0,1,2,27.0,39.0,voiture,deux_roues,3,1,1,1,2
202300003434,2023-08-21 12:00:00,2023,8,21,12,0,24,24086,Le Bourg D51,44.802082,1.133398,Plein jour,En agglomération,Intersection en T,Normale,Deux véhicules - côté,4,2,2,0,1,1,1,0,1,50,2,2,1,0,1,0,43.0,25.0,deux_roues,voiture,1,2,3,1,3
202300003434,2023-08-21 12:00:00,2023,8,21,12,0,24,24086,Le Bourg D51,44.802082,1.133398,Plein jour,En agglomération,Intersection en T,Normale,Deux véhicules - côté,4,2, -1,-1,1,1,1,0,1,-1,2,2,1,0,1,0,43.0,25.0,deux_roues,voiture,1,2,3,1,3
202300003435,2023-10-23 13:10:00,2023,10,23,13,10,72,72181,PATIS SAINT LAZARE (PL DU),48.00028,0.18214,Plein jour,En agglomération,Autre intersection,Pluie légère,Deux véhicules - côté,4,2,2,0,1,1,2,0,1,50,2,2,1,0,1,0,38.0,34.0,voiture,deux_roues,1,2,9,2,3
202300003436,2023-08-22 19:00:00,2023,8,22,19,0,73,73237,A43 pk 136.600,45.514597,6.307902,Nuit avec éclairage allumé,Hors agglomération,Hors intersection,Normale,Deux véhicules - côté,1,3,4,0,1,1,1,1,1,110,2,3,2,0,0,1,20.0,39.0,voiture,utilitaire_camion,5,1,1,1,3
202300003437,2023-08-22 11:00:00,2023,8,22,11,0,30,30169,N113,43.792833,4.319167,Plein jour,Hors agglomération,Hors intersection,Normale,Autre collision,2,2,2,0,1,1,1,2,1,80,1,1,0,0,1,0,42.0,,utilitaire_camion,,1,1,1,1,6
202300003438,2023-10-24 22:50:00,2023,10,24,22,50,69,69264,Rue Charles Seve,45.97909,4.7424,Nuit avec éclairage allumé,Hors agglomération,Intersection en T,Normale,Autre collision,4,2,2,0,1,1,1,0,1,70,1,2,1,0,0,1,20.0,,voiture,,5,1,3,1,6
202300003438,2023-10-24 22:50:00,2023,10,24,22,50,69,69264,Rue Charles Seve,45.97909,4.7424,Nuit avec éclairage allumé,Hors agglomération,Intersection en T,Normale,Autre collision,4,2,2,0,1,4,1,0,1,70,1,2,1,0,0,1,20.0,,voiture,,5,1,3,1,6
202300003439,2023-08-22 17:15:00,2023,8,22,17,15,976,97616,CCD5 ( Route de Tahiti plage direction le Sud ),-12.85808,45.103233,Crépuscule ou aube,Hors agglomération,Intersection en T,Pluie légère,Deux véhicules - côté,3,2,2,0,1,3,2,0,1,70,2,2,1,0,0,1,41.0,32.0,utilitaire_camion,voiture,2,1,3,2,3
202300003439,2023-08-22 17:15:00,2023,8,22,17,15,976,97616,CCD5 ( Route de Tahiti plage direction le Sud ),-12.85808,45.103233,Crépuscule ou aube,Hors agglomération,Intersection en T,Pluie légère,Deux véhicules - côté,3,-1, -1,-1,1,1,2,0,1,-1,2,2,1,0,0,1,41.0,32.0,utilitaire_camion,voiture,2,1,3,2,3
202300003440,2023-10-23 08:45:00,2023,10,23,8,45,68,68056,RD8B1 - Didenheim ,47.72526,7.29895,Plein jour,Hors agglomération,Hors intersection,Temps couvert,Deux véhicules - frontale,3,2,2,0,4,4,1,0,1,70,2,2,1,1,0,0,61.0,19.0,utilitaire_camion,voiture,1,1,1,8,1
202300003441,2023-08-22 04:50:00,2023,8,22,4,50,17,17379,A10,45.509776,-0.612933,Nuit sans éclairage public,Hors agglomération,Hors intersection,Normale,Sans collision,1,3,4,0,1,1,1,0,1,130,1,2,0,0,1,1,58.0,,voiture,,3,1,1,1,7
202300003442,2023-10-24 16:40:00,2023,10,24,16,40,64,64445,ALSACE LORRAINE D',43.30272918,-0.36184877,Plein jour,En agglomération,Hors intersection,Normale,Deux véhicules - côté,4,2,2,0,1,1,1,0,1,50,2,2,1,0,0,1,34.0,46.0,deux_roues,voiture,1,2,1,1,3
202300003443,2023-10-24 12:05:00,2023,10,24,12,5,64,64445,PAIX,43.3241,-0.37583,Plein jour,En agglomération,Intersection en T,Normale,Deux véhicules - côté,4,2, -1,-1,1,1,1,0,1,-1,2,2,0,0,0,2,45.0,62.0,voiture,deux_roues,1,2,3,1,3
202300003443,2023-10-24 12:05:00,2023,10,24,12,5,64,64445,PAIX,43.3241,-0.37583,Plein jour,En agglomération,Intersection en T,Normale,Deux véhicules - côté,4,2,2,0,1,1,1,0,1,50,2,2,0,0,0,2,45.0,62.0,voiture,deux_roues,1,2,3,1,3
202300003444,2023-10-12 18:45:00,2023,10,12,18,45,64,64445,14 JUILLET DU,43.287504,-0.380426,Plein jour,En agglomération,Hors intersection,Normale,Deux véhicules - arrière,4,2,2,1,1,1,1,0,1,30,2,2,0,0,0,2,43.0,57.0,voiture,voiture,1,2,1,1,2
202300003445,2023-10-24 17:50:00,2023,10,24,17,50,62,62826,Avenue de Picardie,50.51724245,1.61028332,Plein jour,En agglomération,Giratoire,Temps couvert,Deux véhicules - côté,4,-1,1,0,1,2,2,0,1,50,2,2,1,0,1,0,87.0,79.0,voiture,deux_roues,1,2,6,8,3
202300003445,2023-10-24 17:50:00,2023,10,24,17,50,62,62826,Avenue de Picardie,50.51724245,1.61028332,Plein jour,En agglomération,Giratoire,Temps couvert,Deux véhicules - côté,4,-1,2,0,1,2,2,9,1,50,2,2,1,0,1,0,87.0,79.0,voiture,deux_roues,1,2,6,8,3
202300003446,2023-10-25 00:15:00,2023,10,25,0,15,62,62239,Boulevard du Kent,50.937028,1.810175,Nuit avec éclairage allumé,Hors agglomération,Hors intersection,Pluie légère,Deux véhicules - arrière,4,1,2,0,1,1,2,0,1,50,2,2,1,0,0,1,20.0,24.0,deux_roues,voiture,5,1,1,2,2
202300003447,2023-09-23 23:05:00,2023,9,23,23,5,13,13212,A507 sens Marseille - Aubagne,43.30362,5.42575,Nuit avec éclairage allumé,Hors agglomération,Hors intersection,Normale,Deux véhicules - arrière,1,1,3,0,3,1,1,0,1,50,2,2,1,0,0,1,45.0,23.0,voiture,deux_roues,5,1,1,1,2
202300003448,2023-10-24 12:20:00,2023,10,24,12,20,62,62193,LOUIS BLERIOT (AVENUE),50.949586,1.862279,Plein jour,En agglomération,Hors intersection,Normale,Autre collision,4,3,2,0,1,1,1,0,1,50,1,2,1,0,1,0,36.0,,voiture,,1,2,1,1,6
202300003449,2023-09-23 23:15:00,2023,9,23,23,15,69,69204,Autoroute 450,45.68597,4.80851,Nuit sans éclairage public,Hors agglomération,Hors intersection,Normale,Deux véhicules - arrière,1,3,4,0,1,1,1,0,1,90,2,2,0,0,1,1,66.0,38.0,voiture,voiture,3,1,1,1,2
202300003450,2023-09-19 07:55:00,2023,9,19,7,55,67,67389,M35,48.64517,7.73265,Plein jour,Hors agglomération,Hors intersection,Normale,Deux véhicules - arrière,7,3,2,0,1,1,1,0,1,90,2,2,1,0,0,1,51.0,21.0,utilitaire_camion,voiture,1,1,1,1,2
202300003451,2023-10-24 15:00:00,2023,10,24,15,0,60,60175,Rue Georges Stephenson,49.26399,2.47001,Plein jour,En agglomération,Place,Temps éblouissant,Autre collision,4,1,3,3,1,1,1,0,1,30,1,2,1,0,0,1,,,voiture,,1,2,7,7,6
202300003452,2023-09-24 18:30:00,2023,9,24,18,30,91,91345,AUTOROUTE A6,48.68693,2.32584,Plein jour,Hors agglomération,Hors intersection,Normale,Deux véhicules - côté,1,3,3,0,1,1,1,0,1,110,2,2,1,0,0,1,27.0,44.0,deux_roues,voiture,1,1,1,1,3
202300003453,2023-09-24 08:15:00,2023,9,24,8,15,75,75113,A6B,48.816409,2.358981,Plein jour,Hors agglomération,Hors intersection,Normale,Autre collision,1,1,2,0,1,2,1,1,1,50,1,2,0,0,0,2,22.0,,voiture,,1,1,1,1,6
202300003454,2023-09-24 13:50:00,2023,9,24,13,50,93,93078,AUTOROUTE A104,48.96308,2.54946,Plein jour,Hors agglomération,Hors intersection,Normale,Deux véhicules - côté,1,3,3,0,1,1,1,0,1,90,2,2,1,0,0,1,26.0,20.0,deux_roues,voiture,1,1,1,1,3
202300003455,2023-09-24 01:30:00,2023,9,24,1,30,95,95424,A15,48.99281,2.18742,Nuit sans éclairage public,Hors agglomération,Hors intersection,Normale,Autre collision,1,3,3,0,1,1,1,0,1,110,1,2,1,0,0,1,27.0,,voiture,,3,1,1,1,6
202300003456,2023-10-23 17:25:00,2023,10,23,17,25,60,60175,RD 201,49.24584,2.45723,Plein jour,Hors agglomération,Hors intersection,Pluie légère,Trois véhicules et plus - en chaîne,3,2,2,0,1,3,2,0,1,80,3,8,2,0,2,4,23.0,36.0,utilitaire_camion,voiture,1,1,1,2,4
202300003457,2023-09-23 21:35:00,2023,9,23,21,35,93,93064,AUTOROUTE A86,48.86352432,2.48282611,Nuit sans éclairage public,Hors agglomération,Hors intersection,Normale,Deux véhicules - côté,1,3,3,0,1,1,1,0,1,90,2,2,1,0,0,1,49.0,22.0,deux_roues,voiture,3,1,1,1,3
202300003458,2023-09-23 21:30:00,2023,9,23,21,30,95,95256,N184,49.05548348,2.20291972,Nuit sans éclairage public,Hors agglomération,Hors intersection,Normale,Trois véhicules et plus - en chaîne,2,3,6,0,1,1,1,0,1,110,3,4,3,0,0,1,24.0,49.0,voiture,voiture,3,1,1,1,4
202300003459,2023-10-24 10:20:00,2023,10,24,10,20,60,60057,Avenue Salvador Allende,49.44011,2.107,Plein jour,En agglomération,Autre intersection,Normale,Deux véhicules - côté,4,-1,2,0,1,1,2,0,1,50,2,3,1,0,0,2,57.0,19.0,voiture,voiture,1,2,9,1,3
202300003460,2023-09-23 18:40:00,2023,9,23,18,40,93,93010,AUTOROUTE A3,48.91734,2.47811,Plein jour,Hors agglomération,Hors intersection,Normale,Deux véhicules - côté,1,3,3,0,1,1,1,0,1,90,2,2,1,0,0,1,25.0,20.0,deux_roues,voiture,1,1,1,1,3
202300003461,2023-09-24 15:00:00,2023,9,24,15,0,94,94017,A4,48.82912282,2.4808934,Plein jour,Hors agglomération,Hors intersection,Normale,Deux véhicules - arrière,1,3,6,0,1,1,1,0,1,90,2,2,1,0,0,1,25.0,49.0,voiture,deux_roues,1,1,1,1,2
202300003462,2023-10-23 19:23:00,2023,10,23,19,23,57,57221,LORRAINE (AVENUE DE),49.32543,6.12165,Nuit avec éclairage allumé,En agglomération,Hors intersection,Pluie forte,Autre collision,3,2,3,0,1,1,2,0,1,50,2,2,1,0,0,1,53.0,40.0,deux_roues,utilitaire_camion,5,2,1,3,6
202300003463,2023-09-24 13:20:00,2023,9,24,13,20,94,94017,A4,48.82650013,2.51586685,Plein jour,Hors agglomération,Hors intersection,Normale,Deux véhicules - arrière,1,1,4,0,1,1,1,1,1,90,2,2,1,0,0,1,44.0,36.0,voiture,deux_roues,1,1,1,1,2
202300003464,2023-09-23 03:25:00,2023,9,23,3,25,94,94081,A86,48.77414959,2.40719183,Nuit sans éclairage public,Hors agglomération,Hors intersection,Normale,Deux véhicules - côté,1,-1,3,0,1,1,1,2,1,90,2,2,1,0,0,1,26.0,38.0,voiture,voiture,3,1,1,1,3
202300003465,2023-10-24 17:30:00,2023,10,24,17,30,57,57412,SAINT SYMPHORIEN (BOULEVARD ),49.11335,6.15643,Plein jour,En agglomération,Hors intersection,Normale,Deux véhicules - arrière,4,2,2,2,1,1,1,0,1,50,2,2,1,0,0,1,29.0,23.0,voiture,deux_roues,1,2,1,1,2
202300003466,2023-09-23 03:25:00,2023,9,23,3,25,94,94081,A86,48.77414959,2.40719183,Nuit sans éclairage public,Hors agglomération,Hors intersection,Normale,Autre collision,1,1,3,0,1,1,8,2,1,90,1,1,0,0,0,1,27.0,,voiture,,3,1,1,1,6
202300003467,2023-10-21 13:41:00,2023,10,21,13,41,57,57019,CASINO (RUE DU),49.24302,6.13345,Plein jour,En agglomération,Hors intersection,Normale,Autre collision,6,-1,0,0,1,1,1,0,1,50,1,2,1,0,0,1,68.0,,voiture,,1,2,1,1,6
202300003468,2023-09-22 20:35:00,2023,9,22,20,35,77,77363,RN104,48.91103973,2.63626412,Nuit sans éclairage public,Hors agglomération,Hors intersection,Normale,Autre collision,1,3,6,0,2,1,1,0,1,90,5,5,2,0,0,3,72.0,25.0,voiture,voiture,3,1,1,1,6
202300003469,2023-10-23 17:35:00,2023,10,23,17,35,56,56098,DIX HUIT JUIN 1940 (ROND-POINT DU),47.76291,-3.32868,Plein jour,En agglomération,Giratoire,Pluie légère,Sans collision,4,2,2,0,1,2,2,5,1,50,1,1,0,0,0,1,60.0,,deux_roues,,1,2,6,2,7
202300003470,2023-05-24 18:40:00,2023,5,24,18,40,62,62826,Rue Saint-amand,50.52162,1.58523,Plein jour,En agglomération,Intersection en X,Normale,Deux véhicules - côté,4,1,1,0,1,1,1,0,1,50,2,2,1,0,0,1,24.0,20.0,voiture,voiture,1,2,2,1,3
202300003470,2023-05-24 18:40:00,2023,5,24,18,40,62,62826,Rue Saint-amand,50.52162,1.58523,Plein jour,En agglomération,Intersection en X,Normale,Deux véhicules - côté,4,1,1,0,1,1,1,0,1,50,2,2,1,0,0,1,24.0,20.0,voiture,voiture,1,2,2,1,3
202300003471,2023-09-23 18:30:00,2023,9,23,18,30,973,97302,MONTABO (ROUTE DE) 1,4.94274,-52.30597,Nuit avec éclairage allumé,En agglomération,Hors intersection,Normale,Deux véhicules - côté,3,2,2,0,1,1,1,0,1,50,2,2,1,0,0,1,66.0,23.0,voiture,deux_roues,5,2,1,1,3
202300003472,2023-10-23 15:55:00,2023,10,23,15,55,54,54395,BOUFFLERS (AV. DE 74 A 334 - 53 A 399),48.69038,6.15604,Plein jour,En agglomération,Hors intersection,Normale,Deux véhicules - arrière,4,2,2,0,1,1,1,0,1,50,2,2,1,0,0,1,31.0,59.0,deux_roues,transport_commun,1,2,1,1,2
202300003473,2023-09-22 15:45:00,2023,9,22,15,45,69,69034,53 Montée de la Boucle,45.78090156,4.83995489,Plein jour,En agglomération,Hors intersection,Pluie légère,Deux véhicules - arrière,4,2,3,1,2,1,2,0,1,30,2,2,1,0,0,1,30.0,27.0,voiture,deux_roues,1,2,1,2,2
202300003474,2023-10-24 10:05:00,2023,10,24,10,5,51,51454,CHATELET (RUE DU),49.24235,4.03906,Plein jour,En agglomération,Hors intersection,Pluie légère,Autre collision,4,1,1,2,1,1,2,0,1,30,1,2,1,0,0,1,81.0,,voiture,,1,2,1,2,6
202300003475,2023-09-23 11:04:00,2023,9,23,11,4,2B,2B120,LAGUNE (Route de la) D107,42.64217,9.45988,Plein jour,En agglomération,Hors intersection,Normale,Deux véhicules - arrière,3,2,2,0,1,1,1,0,1,50,2,2,1,0,0,1,73.0,60.0,deux_roues,voiture,1,2,1,1,2
202300003476,2023-10-23 18:50:00,2023,10,23,18,50,49,49007,QUINCONCE,47.46924,-0.54473,Nuit avec éclairage non allumé,En agglomération,Intersection en X,Normale,Sans collision,4,1, -1,-1,1,1,1,0,1,-1,1,1,0,0,0,1,19.0,,deux_roues,,4,2,2,1,7
202300003476,2023-10-23 18:50:00,2023,10,23,18,50,49,49007,QUINCONCE,47.46924,-0.54473,Nuit avec éclairage non allumé,En agglomération,Intersection en X,Normale,Sans collision,4,1,1,0,1,1,1,0,1,50,1,1,0,0,0,1,19.0,,deux_roues,,4,2,2,1,7
202300003477,2023-09-22 18:30:00,2023,9,22,18,30,971,97101,CHAUVEL,16.23878338,-61.5252158,Crépuscule ou aube,En agglomération,Autre intersection,Normale,Autre collision,3,-1,0,0,1,1,1,0,1,50,1,2,0,0,0,1,,,autre,,2,2,9,1,6
202300003478,2023-09-22 09:00:00,2023,9,22,9,0,95,95555,MARECHAL FOCH (BOULEVARD DU),48.9658,2.28391,Plein jour,En agglomération,Hors intersection,Pluie légère,Autre collision,6,-1, -1,0,1,1,2,0,8,-1,1,2,1,0,0,1,44.0,,utilitaire_camion,,1,2,1,2,6
202300003479,2023-10-24 12:15:00,2023,10,24,12,15,45,45147,87 Rue de Verdun,47.934762,1.909494,Plein jour,En agglomération,Hors intersection,Normale,Deux véhicules - arrière,4,2,2,1,1,1,1,0,5,50,2,2,1,0,0,1,87.0,39.0,voiture,deux_roues,1,2,1,1,2
202300003480,2023-09-23 21:55:00,2023,9,23,21,55,91,91027,RUE DU GENERAL KOENIG,48.71324,2.39973,Nuit avec éclairage allumé,En agglomération,Hors intersection,Normale,Sans collision,4,2,2,0,4,1,1,0,1,50,1,1,0,0,1,0,23.0,,autre,,5,2,1,1,7
202300003481,2023-10-23 16:40:00,2023,10,23,16,40,45,45147,206 Rue de Curembourg,47.938397,1.938415,Plein jour,Hors agglomération,Hors intersection,Pluie légère,Deux véhicules - arrière,4,2,2,0,1,1,2,0,1,50,2,2,1,0,0,1,29.0,41.0,voiture,voiture,1,1,1,2,2
202300003482,2023-09-23 17:45:00,2023,9,23,17,45,85,85191,217 Boulevard du maréchal leclerc,46.677929,-1.436481,Plein jour,En agglomération,Hors intersection,Normale,Sans collision,4,-1,0,1,1,1,1,0,5,50,1,1,0,0,1,0,60.0,,deux_roues,,1,2,1,1,7
202300003483,2023-09-23 02:00:00,2023,9,23,2,0,85,85191,RD 948,46.67195893,-1.36069509,Nuit sans éclairage public,Hors agglomération,Hors intersection,Normale,Autre collision,3,3,2,0,1,1,1,0,1,110,1,2,1,0,1,0,40.0,,voiture,,3,1,1,1,6
202300003484,2023-10-24 07:10:00,2023,10,24,7,10,44,44132,Route de Guérande,47.27967,-2.3023,Nuit sans éclairage public,Hors agglomération,Intersection en X,Pluie légère,Deux véhicules - côté,3,2,2,0,1,1,2,5,1,70,2,2,1,0,0,1,45.0,46.0,deux_roues,voiture,3,1,2,2,3
202300003484,2023-10-24 07:10:00,2023,10,24,7,10,44,44132,Route de Guérande,47.27967,-2.3023,Nuit sans éclairage public,Hors agglomération,Intersection en X,Pluie légère,Deux véhicules - côté,3,1,0,0,2,1,2,3,1,50,2,2,1,0,0,1,45.0,46.0,deux_roues,voiture,3,1,2,2,3
202300003485,2023-10-24 08:40:00,2023,10,24,8,40,43,43089,46 Avenue de la Mairie,45.04559,3.86829,Plein jour,En agglomération,Hors intersection,Pluie légère,Autre collision,3,2,2,0,1,1,2,6,1,50,1,2,1,0,1,0,66.0,,voiture,,1,2,1,2,6
202300003486,2023-09-23 13:00:00,2023,9,23,13,0,83,83137,JOFFRE (BD MARECHAL),43.12468237,5.95591839,Plein jour,En agglomération,Intersection en T,Normale,Deux véhicules - côté,3,2,2,0,1,1,1,0,1,30,2,2,1,0,1,0,63.0,67.0,voiture,deux_roues,1,2,3,1,3
202300003486,2023-09-23 13:00:00,2023,9,23,13,0,83,83137,JOFFRE (BD MARECHAL),43.12468237,5.95591839,Plein jour,En agglomération,Intersection en T,Normale,Deux véhicules - côté,3,2,2,0,1,1,1,0,1,30,2,2,1,0,1,0,63.0,67.0,voiture,deux_roues,1,2,3,1,3
202300003487,2023-10-24 15:40:00,2023,10,24,15,40,37,37261,MALRAUX (QUAI ANDRE),47.39756,0.70053,Plein jour,En agglomération,Hors intersection,Normale,Deux véhicules - arrière,4,2,4,0,1,1,1,0,1,50,2,2,1,0,0,1,24.0,49.0,voiture,voiture,1,2,1,1,2
202300003488,2023-09-23 09:40:00,2023,9,23,9,40,83,83137,LECLERC (AVE GENERAL),43.12563,5.92885,Plein jour,En agglomération,Hors intersection,Normale,Trois véhicules et plus - en chaîne,4,2,6,3,1,1,1,0,1,50,3,5,4,0,0,1,52.0,28.0,voiture,voiture,1,2,1,1,4
202300003489,2023-10-24 18:55:00,2023,10,24,18,55,35,35238,BERNARD (CLAUDE),48.10402,-1.69386,Plein jour,En agglomération,Hors intersection,Pluie légère,Deux véhicules - côté,4,2,2,2,1,1,2,0,1,30,2,2,1,0,0,1,33.0,30.0,deux_roues,voiture,1,2,1,2,3
202300003490,2023-09-23 17:00:00,2023,9,23,17,0,83,83123,TOURELLE (CHEMIN),43.13814,5.80482,Plein jour,En agglomération,Hors intersection,Normale,Deux véhicules - frontale,4,3,2,0,3,2,1,0,1,50,2,2,1,0,0,1,37.0,16.0,utilitaire_camion,deux_roues,1,2,1,1,1
202300003491,2023-09-19 12:00:00,2023,9,19,12,0,83,83123,DEUXIEME SPAHIS (AVENUE DU),43.1198561,5.80180103,Plein jour,En agglomération,Hors intersection,Normale,Autre collision,4,2,2,0,1,1,1,0,1,50,1,2,1,0,1,0,83.0,,utilitaire_camion,,1,2,1,1,6
202300003492,2023-10-24 18:15:00,2023,10,24,18,15,35,35051,BOULAIS (AVENUE DE LA),48.12201,-1.62847,Plein jour,En agglomération,Giratoire,Pluie forte,Deux véhicules - côté,3,2,2,2,3,3,2,0,1,50,2,2,1,0,0,1,19.0,45.0,voiture,deux_roues,1,2,6,3,3
202300003492,2023-10-24 18:15:00,2023,10,24,18,15,35,35051,BOULAIS (AVENUE DE LA),48.12201,-1.62847,Plein jour,En agglomération,Giratoire,Pluie forte,Deux véhicules - côté,3,2,2,1,2,1,2,0,5,50,2,2,1,0,0,1,19.0,45.0,voiture,deux_roues,1,2,6,3,3
202300003493,2023-09-23 20:20:00,2023,9,23,20,20,83,83061,AVENUE DU QUINZIÈME CORPS,43.436889,6.740538,Nuit avec éclairage non allumé,En agglomération,Intersection en T,Normale,Deux véhicules - côté,4,2,2,0,1,1,1,0,1,50,2,2,0,0,1,1,15.0,24.0,deux_roues,voiture,4,2,3,1,3
202300003493,2023-09-23 20:20:00,2023,9,23,20,20,83,83061,AVENUE DU QUINZIÈME CORPS,43.436889,6.740538,Nuit avec éclairage non allumé,En agglomération,Intersection en T,Normale,Deux véhicules - côté,4,2, -1,-1,1,1,1,0,1,-1,2,2,0,0,1,1,15.0,24.0,deux_roues,voiture,4,2,3,1,3
202300003494,2023-09-23 17:00:00,2023,9,23,17,0,78,78146,PONT DE CHATOU,48.888644,2.161283,Plein jour,En agglomération,Hors intersection,Normale,Deux véhicules - arrière,3,3,2,0,1,1,1,2,1,50,2,2,1,0,0,1,22.0,29.0,voiture,deux_roues,1,2,1,1,2
202300003495,2023-10-23 18:20:00,2023,10,23,18,20,35,35238,PORTE DE ST NAZAIRE,48.09608,-1.71169,Nuit sans éclairage public,En agglomération,Hors intersection,Pluie légère,Deux véhicules - arrière,2,3,6,0,1,1,2,2,1,90,2,2,0,0,0,2,38.0,22.0,voiture,voiture,3,2,1,2,2
202300003496,2023-09-23 09:30:00,2023,9,23,9,30,78,78146,VESINET (ROUTE DU),48.9036,2.14044,Plein jour,En agglomération,Hors intersection,Normale,Deux véhicules - arrière,3,2,2,1,1,1,1,0,1,30,2,2,1,0,0,1,34.0,40.0,deux_roues,voiture,1,2,1,1,2
202300003497,2023-10-24 08:00:00,2023,10,24,8,0,33,33069,13 Boulevard Pierre 1er,44.85456,-0.593,Nuit avec éclairage allumé,En agglomération,Hors intersection,Temps couvert,Autre collision,4,2,4,3,1,1,2,0,1,50,1,2,1,0,0,1,32.0,,deux_roues,,5,2,1,8,6
202300003498,2023-09-23 06:30:00,2023,9,23,6,30,78,78551,RN 184,48.944159,2.095308,Nuit sans éclairage public,Hors agglomération,Hors intersection,Normale,Deux véhicules - frontale,2,2,3,0,1,1,1,0,1,70,2,2,0,0,0,2,37.0,46.0,voiture,voiture,3,1,1,1,1
202300003499,2023-10-23 21:00:00,2023,10,23,21,0,33,33550,Route de Toulouse,44.78173938,-0.56597453,Nuit avec éclairage allumé,En agglomération,Intersection en X,Pluie forte,Deux véhicules - arrière,4,2,3,-1,1,1,2,5,1,50,2,3,0,0,2,1,29.0,34.0,deux_roues,deux_roues,5,2,2,3,2
202300003499,2023-10-23 21:00:00,2023,10,23,21,0,33,33550,Route de Toulouse,44.78173938,-0.56597453,Nuit avec éclairage allumé,En agglomération,Intersection en X,Pluie forte,Deux véhicules - arrière,4,2,5,3,1,1,2,5,1,50,2,3,0,0,2,1,29.0,34.0,deux_roues,deux_roues,5,2,2,3,2
202300003500,2023-09-23 20:30:00,2023,9,23,20,30,77,77237,JOSSIGNY (CHEMIN DE),48.84544,2.74549,Nuit sans éclairage public,Hors agglomération,Hors intersection,Normale,Deux véhicules - côté,4,2,2,0,1,1,1,0,1,80,2,2,1,0,0,1,29.0,32.0,deux_roues,voiture,3,1,1,1,3
202300003501,2023-10-24 15:55:00,2023,10,24,15,55,31,31555,PAULE DE VIGUIE (HOPITAL),43.60636,1.40198,Plein jour,En agglomération,Hors intersection,Normale,Deux véhicules - frontale,4,2,3,0,2,2,1,0,1,30,2,4,0,0,0,4,60.0,38.0,voiture,voiture,1,2,1,1,1
202300003502,2023-09-23 22:40:00,2023,9,23,22,40,76,76540,Rue de la Republique,49.44003,1.09732,Nuit avec éclairage non allumé,En agglomération,Intersection en X,Normale,Autre collision,4,2,2,0,1,1,1,0,1,-1,1,2,1,0,0,1,25.0,,voiture,,4,2,2,1,6
202300003502,2023-09-23 22:40:00,2023,9,23,22,40,76,76540,Rue de la Republique,49.44003,1.09732,Nuit avec éclairage non allumé,En agglomération,Intersection en X,Normale,Autre collision,4,1,1,3,1,1,1,-1,1,50,1,2,1,0,0,1,25.0,,voiture,,4,2,2,1,6