accident_id,datetime,annee,mois,jour,heure,minute,departement,commune_insee,adresse,latitude,longitude,luminosite,agglomeration,intersection,meteo,collision,catr,circ,nbv,vosp,prof,plan,surf,infra,situ,vma,nb_vehicules,nb_usagers,nb_indemnes,nb_tues,nb_blesses_hosp,nb_blesses_legers,age_cond_1,age_cond_2,veh_type_cond_1,veh_type_cond_2,lum_code,agg_code,int_code,atm_code,col_code
202300003637,2023-09-24 09:50:00,2023,9,24,9,50,60,60303,Rue de la Maladrerie,49.63514446,1.87673615,Plein jour,Hors agglomération,Intersection en X,Normale,Deux véhicules - côté,3,2,2,0,1,1,1,0,1,80,2,2,1,0,0,1,51.0,80.0,utilitaire_camion,voiture,1,1,2,1,3
202300003637,2023-09-24 09:50:00,2023,9,24,9,50,60,60303,Rue de la Maladrerie,49.63514446,1.87673615,Plein jour,Hors agglomération,Intersection en X,Normale,Deux véhicules - côté,3,2,2,0,1,1,1,0,1,80,2,2,1,0,0,1,51.0,80.0,utilitaire_camion,voiture,1,1,2,1,3
202300003638,2023-09-22 19:00:00,2023,9,22,19,0,54,54411,D6,48.48652116,6.1874941,Nuit sans éclairage public,Hors agglomération,Intersection en T,Normale,Deux véhicules - côté,3,2,2,0,1,1,1,0,1,80,2,3,0,0,1,2,70.0,75.0,voiture,voiture,3,1,3,1,3
202300003638,2023-09-22 19:00:00,2023,9,22,19,0,54,54411,D6,48.48652116,6.1874941,Nuit sans éclairage public,Hors agglomération,Intersection en T,Normale,Deux véhicules - côté,3,2, -1,0,1,1,1,0,1,80,2,3,0,0,1,2,70.0,75.0,voiture,voiture,3,1,3,1,3
202300003639,2023-09-22 18:09:00,2023,9,22,18,9,18,18057,,46.554316,2.18681,Plein jour,Hors agglomération,Intersection en X,Normale,Deux véhicules - côté,3,2,2,0,1,1,1,0,1,80,2,3,2,0,1,0,46.0,76.0,voiture,voiture,1,1,2,1,3
202300003639,2023-09-22 18:09:00,2023,9,22,18,9,18,18057,,46.554316,2.18681,Plein jour,Hors agglomération,Intersection en X,Normale,Deux véhicules - côté,3,2,2,0,1,1,1,0,1,90,2,3,2,0,1,0,46.0,76.0,voiture,voiture,1,1,2,1,3
202300003640,2023-10-24 18:00:00,2023,10,24,18,0,2A,2A348,RD70,42.15895,8.77327,Crépuscule ou aube,Hors agglomération,Hors intersection,Temps couvert,Deux véhicules - frontale,3,2,2,0,2,1,2,0,1,80,2,3,0,0,1,2,54.0,53.0,voiture,voiture,2,1,1,8,1
202300003641,2023-09-23 18:05:00,2023,9,23,18,5,43,43137,47 Avenue de la Libération,45.289703,4.170071,Crépuscule ou aube,En agglomération,Intersection en Y,Normale,Deux véhicules - côté,4,2,2,0,1,1,1,0,1,50,2,2,1,0,1,0,21.0,21.0,voiture,deux_roues,2,2,4,1,3
202300003641,2023-09-23 18:05:00,2023,9,23,18,5,43,43137,47 Avenue de la Libération,45.289703,4.170071,Crépuscule ou aube,En agglomération,Intersection en Y,Normale,Deux véhicules - côté,4,2, -1,-1,2,1,1,0,1,-1,2,2,1,0,1,0,21.0,21.0,voiture,deux_roues,2,2,4,1,3
202300003641,2023-09-23 18:05:00,2023,9,23,18,5,43,43137,47 Avenue de la Libération,45.289703,4.170071,Crépuscule ou aube,En agglomération,Intersection en Y,Normale,Deux véhicules - côté,4,2, -1,-1,4,1,1,0,1,-1,2,2,1,0,1,0,21.0,21.0,voiture,deux_roues,2,2,4,1,3
202300003642,2023-07-13 10:55:00,2023,7,13,10,55,58,58194,HOCHE,46.98928,3.15932,Plein jour,En agglomération,Intersection en T,Normale,Autre collision,4,1,1,0,1,1,1,0,1,30,1,3,2,0,0,1,25.0,,voiture,,1,2,3,1,6
202300003642,2023-07-13 10:55:00,2023,7,13,10,55,58,58194,HOCHE,46.98928,3.15932,Plein jour,En agglomération,Intersection en T,Normale,Autre collision,4,1,1,0,1,1,1,0,1,30,1,3,2,0,0,1,25.0,,voiture,,1,2,3,1,6
202300003643,2023-09-24 15:30:00,2023,9,24,15,30,07,07207,450 Avenue Pasteur,44.427545,4.303111,Plein jour,En agglomération,Hors intersection,Normale,Deux véhicules - côté,3,2,2,0,1,1,1,0,1,50,2,2,1,0,1,0,57.0,47.0,voiture,deux_roues,1,2,1,1,3
202300003644,2023-07-12 11:49:00,2023,7,12,11,49,56,56098,CROIZAT ( AVE AMBROISE ),47.77441,-3.34661,Plein jour,En agglomération,Intersection en X,Normale,Deux véhicules - côté,3,2,3,2,1,1,1,0,5,30,2,2,1,0,0,1,61.0,28.0,voiture,deux_roues,1,2,2,1,3
202300003644,2023-07-12 11:49:00,2023,7,12,11,49,56,56098,CROIZAT ( AVE AMBROISE ),47.77441,-3.34661,Plein jour,En agglomération,Intersection en X,Normale,Deux véhicules - côté,3,2,2,0,1,1,1,0,1,30,2,2,1,0,0,1,61.0,28.0,voiture,deux_roues,1,2,2,1,3
202300003645,2023-07-11 11:30:00,2023,7,11,11,30,54,54395,Rue de Boudonville,48.69762,6.1593,Plein jour,En agglomération,Hors intersection,Normale,Autre collision,4,2,2,0,2,1,1,0,1,30,1,1,0,0,0,1,29.0,,voiture,,1,2,1,1,6
202300003646,2023-09-24 09:40:00,2023,9,24,9,40,07,07162,10 Route de Sanilhac,44.527762,4.292237,Plein jour,En agglomération,Hors intersection,Normale,Deux véhicules - côté,3,2,2,0,1,2,1,0,1,50,2,3,2,0,1,0,63.0,14.0,voiture,deux_roues,1,2,1,1,3
202300003647,2023-10-25 07:40:00,2023,10,25,7,40,66,66015,A9,42.57696,2.844515,Crépuscule ou aube,Hors agglomération,Hors intersection,Normale,Trois véhicules et plus - collisions multiples,1,3,6,0,1,3,1,0,1,130,4,5,2,1,0,2,48.0,22.0,voiture,voiture,2,1,1,1,5
202300003648,2023-09-23 03:05:00,2023,9,23,3,5,04,04230,D6 (face à la boutique Angelvin),43.824144,5.939323,Nuit sans éclairage public,Hors agglomération,Hors intersection,Normale,Autre collision,3,2,2,0,1,1,1,0,3,80,1,1,0,0,1,0,20.0,,voiture,,3,1,1,1,6
202300003649,2023-07-13 07:35:00,2023,7,13,7,35,54,54323,Avenue de l'Aviation,49.518043,5.752251,Plein jour,En agglomération,Giratoire,Normale,Deux véhicules - côté,3,1,2,0,2,1,1,0,1,50,2,2,1,0,0,1,62.0,57.0,voiture,deux_roues,1,2,6,1,3
202300003649,2023-07-13 07:35:00,2023,7,13,7,35,54,54323,Avenue de l'Aviation,49.518043,5.752251,Plein jour,En agglomération,Giratoire,Normale,Deux véhicules - côté,3,1,2,0,1,2,1,0,1,50,2,2,1,0,0,1,62.0,57.0,voiture,deux_roues,1,2,6,1,3
202300003650,2023-09-22 13:00:00,2023,9,22,13,0,987,98752,PK 51,-17.756841,-149.366941,Plein jour,Hors agglomération,Hors intersection,Pluie forte,Sans collision,2,2,2,0,1,2,2,0,1,60,1,1,0,0,1,0,22.0,,utilitaire_camion,,1,1,1,3,7
202300003651,2023-10-25 19:45:00,2023,10,25,19,45,68,68112,3 Route d'Issenheim,47.902869,7.226804,Nuit avec éclairage allumé,En agglomération,Intersection en T,Pluie légère,Deux véhicules - frontale,3,2,2,0,1,1,2,0,1,-1,2,2,1,0,0,1,48.0,36.0,voiture,deux_roues,5,2,3,2,1
202300003651,2023-10-25 19:45:00,2023,10,25,19,45,68,68112,3 Route d'Issenheim,47.902869,7.226804,Nuit avec éclairage allumé,En agglomération,Intersection en T,Pluie légère,Deux véhicules - frontale,3,2, -1,-1,1,1,2,0,1,-1,2,2,1,0,0,1,48.0,36.0,voiture,deux_roues,5,2,3,2,1
202300003652,2023-07-13 15:07:00,2023,7,13,15,7,51,51454,NATIONALE (AVENUE) LA NEUVILLETTE,49.283263,4.010878,Plein jour,En agglomération,Hors intersection,Normale,Trois véhicules et plus - collisions multiples,4,2,2,0,1,1,1,0,1,50,3,4,3,0,0,1,65.0,50.0,voiture,voiture,1,2,1,1,5
202300003653,2023-10-25 12:30:00,2023,10,25,12,30,22,22004,D767pr 34+500 sens lannion vers ggp,48.6109635,-3.2767868,Plein jour,Hors agglomération,Hors intersection,Temps couvert,Autre collision,3,3,2,0,2,3,2,0,1,110,1,1,0,1,0,0,47.0,,deux_roues,,1,1,1,8,6
202300003654,2023-09-22 17:15:00,2023,9,22,17,15,73,73183,A43,45.51652527,5.99142373,Nuit sans éclairage public,Hors agglomération,Hors intersection,Temps couvert,Autre collision,1,3,4,0,1,1,2,0,2,110,1,7,5,0,0,2,23.0,,voiture,,3,1,1,8,6
202300003655,2023-07-12 17:21:00,2023,7,12,17,21,51,51108,JAURES (RUE JEAN) (N° INFERIEUR A 59-34),48.95463,4.35236,Plein jour,En agglomération,Autre intersection,Normale,Deux véhicules - côté,4,2,4,1,1,1,1,0,5,50,2,2,1,0,1,0,61.0,24.0,deux_roues,voiture,1,2,9,1,3
202300003656,2023-09-23 18:00:00,2023,9,23,18,0,988,98805,Route des Charbonniers (Radier),-22.129679,166.43969,Nuit sans éclairage public,En agglomération,Hors intersection,Pluie forte,Sans collision,4,2,2,0,1,1,4,9,8,-1,1,1,0,1,0,0,67.0,,voiture,,3,2,1,3,7
202300003657,2023-10-24 21:30:00,2023,10,24,21,30,30,30014,D982,43.993617,4.347582,Nuit sans éclairage public,Hors agglomération,Hors intersection,Normale,Sans collision,3,2,2,0,1,3,1,0,1,80,1,4,0,1,1,2,18.0,,voiture,,3,1,1,1,7
202300003658,2023-09-22 19:25:00,2023,9,22,19,25,01,01274,A 40 PK 115+200,46.161003,5.652444,Crépuscule ou aube,Hors agglomération,Hors intersection,Pluie légère,Autre collision,1,3,2,0,2,2,2,2,2,110,1,2,0,0,0,2,24.0,,voiture,,2,1,1,2,6
202300003659,2023-07-12 11:30:00,2023,7,12,11,30,50,50129,EST (BOULEVARD DE L'),49.636752,-1.596193,Plein jour,En agglomération,Giratoire,Normale,Deux véhicules - côté,3,2,2,1,1,1,1,0,1,50,2,2,1,0,0,1,33.0,86.0,deux_roues,voiture,1,2,6,1,3
202300003659,2023-07-12 11:30:00,2023,7,12,11,30,50,50129,EST (BOULEVARD DE L'),49.636752,-1.596193,Plein jour,En agglomération,Giratoire,Normale,Deux véhicules - côté,3,2,2,0,1,1,1,0,1,50,2,2,1,0,0,1,33.0,86.0,deux_roues,voiture,1,2,6,1,3
202300003660,2023-10-24 10:40:00,2023,10,24,10,40,71,71263,8 Rue de Bram,46.627985,5.216945,Plein jour,En agglomération,Hors intersection,Pluie légère,Autre collision,3,2,2,0,1,1,2,0,1,50,1,2,1,0,1,0,73.0,,voiture,,1,2,1,2,6
202300003661,2023-06-30 21:00:00,2023,6,30,21,0,49,49099,CHOUTEAU (BOULEVARD GUY),47.06729,-0.88723,Plein jour,En agglomération,Intersection en T,Pluie légère,Deux véhicules - côté,4,2,2,0,1,1,2,0,1,50,2,2,1,0,1,0,17.0,48.0,deux_roues,voiture,1,2,3,2,3
202300003661,2023-06-30 21:00:00,2023,6,30,21,0,49,49099,CHOUTEAU (BOULEVARD GUY),47.06729,-0.88723,Plein jour,En agglomération,Intersection en T,Pluie légère,Deux véhicules - côté,4,2,2,0,1,1,2,0,1,50,2,2,1,0,1,0,17.0,48.0,deux_roues,voiture,1,2,3,2,3
202300003662,2023-09-24 13:08:00,2023,9,24,13,8,69,69244,Promenade des Tuileries,45.763228,4.77868,Plein jour,En agglomération,Intersection en T,Temps éblouissant,Deux véhicules - côté,4,2,2,0,1,1,1,0,1,30,2,4,1,0,3,0,30.0,12.0,voiture,deux_roues,1,2,3,7,3
202300003662,2023-09-24 13:08:00,2023,9,24,13,8,69,69244,Promenade des Tuileries,45.763228,4.77868,Plein jour,En agglomération,Intersection en T,Temps éblouissant,Deux véhicules - côté,4,2,2,0,1,1,1,0,8,30,2,4,1,0,3,0,30.0,12.0,voiture,deux_roues,1,2,3,7,3
202300003663,2023-10-24 09:50:00,2023,10,24,9,50,49,49080,lieu dit la Verrouillèe D859,47.68149,-0.499578,Plein jour,En agglomération,Hors intersection,Normale,Autre collision,3,2,2,0,1,1,1,0,1,50,1,2,1,1,0,0,19.0,,voiture,,1,2,1,1,6
202300003664,2023-07-14 00:55:00,2023,7,14,0,55,45,45234,Place d'Arc,47.9066,1.90488,Nuit avec éclairage allumé,En agglomération,Hors intersection,Normale,Deux véhicules - côté,4,1,3,0,2,1,1,0,1,50,2,2,1,0,0,1,23.0,21.0,voiture,deux_roues,5,2,1,1,3
202300003665,2023-09-22 08:35:00,2023,9,22,8,35,06,06018,Route de Valbonne,43.633765,7.081525,Plein jour,Hors agglomération,Intersection en T,Temps couvert,Deux véhicules - frontale,3,2,2,0,1,1,2,5,1,50,2,2,1,0,0,1,24.0,24.0,voiture,deux_roues,1,1,3,8,1
202300003665,2023-09-22 08:35:00,2023,9,22,8,35,06,06018,Route de Valbonne,43.633765,7.081525,Plein jour,Hors agglomération,Intersection en T,Temps couvert,Deux véhicules - frontale,3,2,1,-1,1,1,2,5,1,50,2,2,1,0,0,1,24.0,24.0,voiture,deux_roues,1,1,3,8,1
202300003666,2023-10-20 18:00:00,2023,10,20,18,0,86,86097,Lieu Dit Chambaron,46.302444,0.419111,Plein jour,Hors agglomération,Hors intersection,Pluie légère,Sans collision,3,2,2,0,1,2,2,0,3,90,1,1,0,0,1,0,17.0,,deux_roues,,1,1,1,2,7
202300003667,2023-09-24 08:00:00,2023,9,24,8,0,21,21575,"A36, PK 182+000, sens BEAUNE vers MULHOUSE",47.078685,5.334506,Crépuscule ou aube,Hors agglomération,Hors intersection,Brouillard / fumée,Deux véhicules - arrière,1,3,2,0,1,1,1,0,1,130,2,2,1,0,1,0,21.0,65.0,voiture,utilitaire_camion,2,1,1,5,2
202300003668,2023-07-13 16:35:00,2023,7,13,16,35,45,45234,92 Rue de Coulmiers,47.91191,1.89718,Plein jour,En agglomération,Intersection en X,Normale,Deux véhicules - côté,4,2,2,0,1,1,1,0,1,50,2,2,1,0,0,1,30.0,22.0,voiture,deux_roues,1,2,2,1,3
202300003668,2023-07-13 16:35:00,2023,7,13,16,35,45,45234,92 Rue de Coulmiers,47.91191,1.89718,Plein jour,En agglomération,Intersection en X,Normale,Deux véhicules - côté,4,1,1,2,1,1,1,0,1,50,2,2,1,0,0,1,30.0,22.0,voiture,deux_roues,1,2,2,1,3
202300003669,2023-07-13 16:30:00,2023,7,13,16,30,45,45338,2 Rue des Plantes,47.98110339,2.71642864,Plein jour,En agglomération,Intersection en X,Normale,Deux véhicules - côté,4,2,2,0,1,1,1,0,1,50,2,2,1,0,0,1,32.0,23.0,voiture,voiture,1,2,2,1,3
202300003669,2023-07-13 16:30:00,2023,7,13,16,30,45,45338,2 Rue des Plantes,47.98110339,2.71642864,Plein jour,En agglomération,Intersection en X,Normale,Deux véhicules - côté,4,2,2,0,1,1,1,0,1,50,2,2,1,0,0,1,32.0,23.0,voiture,voiture,1,2,2,1,3
202300003670,2023-10-18 15:30:00,2023,10,18,15,30,29,29207,Rue Beethoven,48.570012,-3.819986,Plein jour,En agglomération,Hors intersection,Pluie forte,Deux véhicules - côté,4,2,2,0,2,3,2,0,1,50,2,2,1,0,0,1,48.0,57.0,voiture,voiture,1,2,1,3,3
202300003671,2023-09-22 22:50:00,2023,9,22,22,50,45,45203,A10 PR 110 + 904,47.859102,1.706142,Nuit sans éclairage public,Hors agglomération,Hors intersection,Normale,Deux véhicules - arrière,1,3,3,0,1,1,1,0,1,130,2,9,5,0,0,4,62.0,40.0,utilitaire_camion,voiture,3,1,1,1,2
202300003672,2023-07-13 18:25:00,2023,7,13,18,25,44,44109,26 Rue de la Basse Chénaie,47.2384,-1.5074,Plein jour,En agglomération,Hors intersection,Normale,Autre collision,4,2,0,0,1,3,1,9,1,30,1,3,1,0,0,2,45.0,,voiture,,1,2,1,1,6
202300003673,2023-10-23 09:20:00,2023,10,23,9,20,38,38261,Route de GRENOBLE,45.671434,5.470709,Plein jour,En agglomération,Giratoire,Pluie légère,Autre collision,3,-1,1,0,1,2,8,0,8,50,2,2,1,0,0,1,59.0,14.0,utilitaire_camion,deux_roues,1,2,6,2,6
202300003674,2023-09-24 11:30:00,2023,9,24,11,30,29,29147,Lieu Dit Lesforn,47.895072,-3.592674,Plein jour,Hors agglomération,Hors intersection,Normale,Deux véhicules - frontale,4,2,2,0,1,1,1,0,1,30,2,2,1,0,0,1,64.0,43.0,deux_roues,voiture,1,1,1,1,1
202300003675,2023-07-07 09:30:00,2023,7,7,9,30,40,40192,VILLENEUVE (AV DE),43.88916,-0.46668,Plein jour,En agglomération,Hors intersection,Normale,Deux véhicules - côté,4,2,2,2,1,1,1,0,5,50,2,2,1,0,1,0,76.0,50.0,voiture,deux_roues,1,2,1,1,3
202300003676,2023-10-22 17:00:00,2023,10,22,17,0,58,58039,Route de Brèves,47.416814,3.580374,Plein jour,Hors agglomération,Hors intersection,Temps couvert,Deux véhicules - côté,3,2,2,0,2,2,1,0,1,80,2,2,1,0,1,0,22.0,49.0,voiture,deux_roues,1,1,1,8,3
202300003677,2023-09-24 12:40:00,2023,9,24,12,40,45,45191,D24 PR 3 + 350,48.296196,2.353821,Plein jour,En agglomération,Hors intersection,Normale,Deux véhicules - frontale,3,2,2,0,1,3,1,0,1,50,2,2,1,0,1,0,16.0,31.0,deux_roues,voiture,1,2,1,1,1
202300003678,2023-06-15 12:10:00,2023,6,15,12,10,38,38053,CHAMP DE MARS (PL),45.5906,5.2782,Plein jour,En agglomération,Hors intersection,Normale,Trois véhicules et plus - collisions multiples,4,1,1,0,1,1,1,9,1,50,3,3,2,0,0,1,19.0,,deux_roues,utilitaire_camion,1,2,1,1,5
202300003679,2023-09-24 12:50:00,2023,9,24,12,50,77,77192,Route de Chaubuisson,48.701275,2.905283,Plein jour,Hors agglomération,Intersection en T,Normale,Deux véhicules - côté,3,2,2,0,1,2,1,0,1,80,2,4,3,0,0,1,40.0,40.0,voiture,voiture,1,1,3,1,3
202300003679,2023-09-24 12:50:00,2023,9,24,12,50,77,77192,Route de Chaubuisson,48.701275,2.905283,Plein jour,Hors agglomération,Intersection en T,Normale,Deux véhicules - côté,3,2,2,0,1,1,1,0,1,80,2,4,3,0,0,1,40.0,40.0,voiture,voiture,1,1,3,1,3
202300003680,2023-07-13 16:45:00,2023,7,13,16,45,37,37261,ALOUETTE (AVENUE),47.36157,0.69633,Plein jour,En agglomération,Hors intersection,Normale,Deux véhicules - côté,4,2,4,0,3,2,1,0,1,50,2,2,1,0,0,1,,65.0,autre,deux_roues,1,2,1,1,3
202300003681,2023-09-23 11:10:00,2023,9,23,11,10,2A,2A247,Avenue de Bastia,41.604163,9.27711,Plein jour,En agglomération,Hors intersection,Normale,Autre collision,2,2,2,0,1,1,1,0,1,50,1,2,1,0,0,1,76.0,,voiture,,1,2,1,1,6
202300003682,2023-10-25 18:00:00,2023,10,25,18,0,14,14057,Route de Bourguebus,49.116803,-0.242356,Plein jour,Hors agglomération,Intersection en X,Normale,Deux véhicules - côté,3,2,2,0,1,1,1,0,1,80,2,2,1,0,0,1,22.0,44.0,deux_roues,voiture,1,1,2,1,3
202300003682,2023-10-25 18:00:00,2023,10,25,18,0,14,14057,Route de Bourguebus,49.116803,-0.242356,Plein jour,Hors agglomération,Intersection en X,Normale,Deux véhicules - côté,3,2,2,0,1,1,1,0,1,-1,2,2,1,0,0,1,22.0,44.0,deux_roues,voiture,1,1,2,1,3
202300003683,2023-07-13 18:30:00,2023,7,13,18,30,35,35115,RN12,48.33871,-1.21131,Plein jour,Hors agglomération,Giratoire,Normale,Deux véhicules - arrière,2,2,2,0,1,1,1,0,1,50,2,2,1,0,0,1,47.0,26.0,deux_roues,voiture,1,1,6,1,2
202300003683,2023-07-13 18:30:00,2023,7,13,18,30,35,35115,RN12,48.33871,-1.21131,Plein jour,Hors agglomération,Giratoire,Normale,Deux véhicules - arrière,2,2,2,0,1,1,1,0,1,80,2,2,1,0,0,1,47.0,26.0,deux_roues,voiture,1,1,6,1,2
202300003684,2023-09-24 17:40:00,2023,9,24,17,40,13,13027,Chemin Roumieux,43.86401,4.861295,Plein jour,Hors agglomération,Intersection en X,Normale,Deux véhicules - côté,3,2,1,0,1,1,1,0,1,80,2,3,2,0,1,0,52.0,49.0,voiture,deux_roues,1,1,2,1,3
202300003684,2023-09-24 17:40:00,2023,9,24,17,40,13,13027,Chemin Roumieux,43.86401,4.861295,Plein jour,Hors agglomération,Intersection en X,Normale,Deux véhicules - côté,3,2,1,0,1,1,1,0,1,80,2,3,2,0,1,0,52.0,49.0,voiture,deux_roues,1,1,2,1,3
202300003685,2023-07-13 21:45:00,2023,7,13,21,45,34,34172,24 Avenue Henri Marès,43.620212,3.854826,Nuit avec éclairage non allumé,En agglomération,Hors intersection,Normale,Deux véhicules - frontale,4,2,2,0,1,1,1,0,1,50,2,2,0,0,1,1,27.0,23.0,voiture,voiture,4,2,1,1,1
202300003686,2023-09-24 00:20:00,2023,9,24,0,20,26,26072,A7 PK 047.500 sens Sud/Nord,45.115817,4.892108,Nuit avec éclairage non allumé,Hors agglomération,Hors intersection,Normale,Autre collision,1,1,3,0,2,1,1,0,1,130,1,4,2,0,1,1,22.0,,voiture,,4,1,1,1,6
202300003687,2023-10-21 15:10:00,2023,10,21,15,10,64,64060,D802,43.321884,-0.466785,Plein jour,Hors agglomération,Intersection en T,Normale,Deux véhicules - côté,3,2,2,0,1,1,1,0,1,80,2,2,0,0,1,1,72.0,51.0,voiture,voiture,1,1,3,1,3
202300003687,2023-10-21 15:10:00,2023,10,21,15,10,64,64060,D802,43.321884,-0.466785,Plein jour,Hors agglomération,Intersection en T,Normale,Deux véhicules - côté,3,1, -1,-1,1,1,1,0,1,-1,2,2,0,0,1,1,72.0,51.0,voiture,voiture,1,1,3,1,3
202300003688,2023-09-24 16:20:00,2023,9,24,16,20,71,71448,Les jonchets,46.382903,4.867373,Plein jour,Hors agglomération,Intersection en X,Normale,Sans collision,3,2,5,0,1,1,1,5,1,80,1,1,0,0,0,1,57.0,,deux_roues,,1,1,2,1,7
202300003688,2023-09-24 16:20:00,2023,9,24,16,20,71,71448,Les jonchets,46.382903,4.867373,Plein jour,Hors agglomération,Intersection en X,Normale,Sans collision,3,2,4,0,1,3,9,5,1,80,1,1,0,0,0,1,57.0,,deux_roues,,1,1,2,1,7
202300003689,2023-07-12 16:32:00,2023,7,12,16,32,34,34032,19 Avenue Georges Clémenceau,43.34579,3.21669,Plein jour,En agglomération,Hors intersection,Normale,Autre collision,4,2,2,0,1,1,1,0,1,30,1,2,1,0,1,0,67.0,,voiture,,1,2,1,1,6
202300003690,2023-10-24 07:30:00,2023,10,24,7,30,43,43112,Avenue du Gévaudan,45.087718,3.508855,Nuit sans éclairage public,Hors agglomération,Hors intersection,Pluie légère,Deux véhicules - côté,3,2,2,0,2,1,2,0,1,80,2,2,1,0,1,0,53.0,75.0,deux_roues,voiture,3,1,1,2,3
202300003691,2023-09-23 15:00:00,2023,9,23,15,0,68,68318,Rue d'Osenbach,47.979484,7.225753,Plein jour,Hors agglomération,Hors intersection,Normale,Sans collision,3,2,2,0,2,2,8,0,1,80,2,2,0,0,1,1,50.0,47.0,deux_roues,deux_roues,1,1,1,1,7
202300003692,2023-07-13 07:40:00,2023,7,13,7,40,33,33039,Boulevard Jean-Jacques Bosc,44.81331,-0.55545,Plein jour,En agglomération,Intersection en X,Normale,Deux véhicules - frontale,4,3,4,3,1,1,1,5,1,50,2,2,1,0,0,1,40.0,28.0,voiture,deux_roues,1,2,2,1,1
202300003692,2023-07-13 07:40:00,2023,7,13,7,40,33,33039,Boulevard Jean-Jacques Bosc,44.81331,-0.55545,Plein jour,En agglomération,Intersection en X,Normale,Deux véhicules - frontale,4,2,2,0,1,1,1,5,1,50,2,2,1,0,0,1,40.0,28.0,voiture,deux_roues,1,2,2,1,1
202300003693,2023-10-24 16:38:00,2023,10,24,16,38,10,10323,32 Rue Milford Haven,48.504792,3.720076,Plein jour,En agglomération,Hors intersection,Normale,Autre collision,4,2,2,0,1,1,1,0,1,50,1,2,1,0,1,0,28.0,,voiture,,1,2,1,1,6
202300003694,2023-09-24 18:15:00,2023,9,24,18,15,07,07018,Route Nationale 102,44.694319,4.030319,Crépuscule ou aube,Hors agglomération,Hors intersection,Normale,Sans collision,2,2,2,0,2,1,1,0,3,80,1,1,0,0,0,1,64.0,,deux_roues,,2,1,1,1,7
202300003695,2023-07-13 17:45:00,2023,7,13,17,45,29,29051,Bali ar Rouilhenn,47.99945,-4.05414,Plein jour,En agglomération,Hors intersection,Normale,Autre collision,4,2,2,0,1,1,1,0,1,50,2,2,1,0,0,1,52.0,17.0,voiture,deux_roues,1,2,1,1,6
202300003696,2023-10-25 06:00:00,2023,10,25,6,0,07,07329,D24,44.605341,4.072288,Nuit sans éclairage public,Hors agglomération,Hors intersection,Pluie légère,Sans collision,3,2,2,0,2,3,2,0,8,90,1,1,0,0,1,0,40.0,,voiture,,3,1,1,2,7
202300003697,2023-09-23 11:55:00,2023,9,23,11,55,69,69039,Route de Dième,45.982389,4.507739,Plein jour,En agglomération,Intersection en T,Normale,Deux véhicules - côté,3,2,2,0,2,1,1,0,1,50,2,2,1,0,0,1,45.0,10.0,voiture,deux_roues,1,2,3,1,3
202300003697,2023-09-23 11:55:00,2023,9,23,11,55,69,69039,Route de Dième,45.982389,4.507739,Plein jour,En agglomération,Intersection en T,Normale,Deux véhicules - côté,3,2,2,0,1,1,1,0,1,-1,2,2,1,0,0,1,45.0,10.0,voiture,deux_roues,1,2,3,1,3
202300003698,2023-07-12 18:10:00,2023,7,12,18,10,29,29232,Rond-Point de l'Eau Blanche,47.99033,-4.07402,Plein jour,En agglomération,Giratoire,Normale,Deux véhicules - arrière,3,1,2,0,4,2,1,5,1,50,2,3,2,0,0,1,29.0,22.0,voiture,voiture,1,2,6,1,2
202300003698,2023-07-12 18:10:00,2023,7,12,18,10,29,29232,Rond-Point de l'Eau Blanche,47.99033,-4.07402,Plein jour,En agglomération,Giratoire,Normale,Deux véhicules - arrière,3,3,4,0,4,3,1,0,1,50,2,3,2,0,0,1,29.0,22.0,voiture,voiture,1,2,6,1,2
202300003699,2023-07-12 19:45:00,2023,7,12,19,45,29,29232,Route de Brest,48.01272,-4.0766,Plein jour,Hors agglomération,Hors intersection,Normale,Sans collision,3,1,2,0,2,2,1,2,1,50,1,1,0,0,0,1,18.0,,deux_roues,,1,1,1,1,7
202300003700,2023-10-12 17:40:00,2023,10,12,17,40,21,21301,13 Rue de la Plage,47.048055,5.109668,Plein jour,En agglomération,Hors intersection,Normale,Deux véhicules - côté,3,2,2,0,1,1,1,0,1,50,2,2,1,0,1,0,15.0,61.0,deux_roues,utilitaire_camion,1,2,1,1,3
202300003701,2023-09-23 16:30:00,2023,9,23,16,30,69,69069,47 Rue Centrale,45.745899,4.716512,Plein jour,En agglomération,Intersection en X,Normale,Deux véhicules - côté,4,2,2,2,1,1,1,0,1,30,2,2,1,0,1,0,77.0,87.0,voiture,voiture,1,2,2,1,3
202300003701,2023-09-23 16:30:00,2023,9,23,16,30,69,69069,47 Rue Centrale,45.745899,4.716512,Plein jour,En agglomération,Intersection en X,Normale,Deux véhicules - côté,4,2,2,0,1,1,1,0,1,30,2,2,1,0,1,0,77.0,87.0,voiture,voiture,1,2,2,1,3
202300003702,2023-07-13 14:50:00,2023,7,13,14,50,28,28085,SOURS (ROND POINT ROUTE DE),48.42932,1.51688,Plein jour,En agglomération,Autre intersection,Normale,Trois véhicules et plus - en chaîne,3,3,4,0,1,1,1,0,1,90,3,3,2,0,0,1,51.0,75.0,voiture,voiture,1,2,9,1,4
202300003703,2023-10-18 12:02:00,2023,10,18,12,2,24,24425,Route Départementale 78,45.414358,0.83668,Plein jour,Hors agglomération,Hors intersection,Pluie légère,Deux véhicules - frontale,3,2,2,0,1,2,2,0,3,80,2,2,1,0,1,0,63.0,25.0,voiture,utilitaire_camion,1,1,1,2,1