accident_id,datetime,annee,mois,jour,heure,minute,departement,commune_insee,adresse,latitude,longitude,luminosite,agglomeration,intersection,meteo,collision,catr,circ,nbv,vosp,prof,plan,surf,infra,situ,vma,nb_vehicules,nb_usagers,nb_indemnes,nb_tues,nb_blesses_hosp,nb_blesses_legers,age_cond_1,age_cond_2,veh_type_cond_1,veh_type_cond_2,lum_code,agg_code,int_code,atm_code,col_code
202300003775,2023-07-13 21:30:00,2023,7,13,21,30,75,75117,AVENUE DE LA PORTE D ASNIERES,48.891059,2.302533,Plein jour,En agglomération,Intersection en T,Normale,Deux véhicules - côté,4,-1, -1,-1,1,1,1,0,1,30,2,2,1,0,0,1,29.0,50.0,voiture,deux_roues,1,2,3,1,3
202300003776,2023-10-24 04:45:00,2023,10,24,4,45,59,59047,D917,50.075334,3.184071,Nuit sans éclairage public,Hors agglomération,Hors intersection,Normale,Deux véhicules - arrière,3,2,2,0,1,1,1,0,1,80,2,2,1,0,1,0,29.0,43.0,voiture,deux_roues,3,1,1,1,2
202300003777,2023-09-21 13:05:00,2023,9,21,13,5,973,97302,BADUEL (ROUTE DE),4.93519008,-52.31239378,Plein jour,En agglomération,Hors intersection,Normale,Deux véhicules - arrière,3,2,2,0,1,1,1,0,1,50,2,2,1,0,0,1,47.0,38.0,deux_roues,utilitaire_camion,1,2,1,1,2
202300003778,2023-07-13 15:10:00,2023,7,13,15,10,75,75115,RUE DU GENERAL DE CASTELNAU,48.850505,2.299994,Plein jour,En agglomération,Intersection en T,Temps couvert,Autre collision,4,-1, -1,0,1,1,1,0,1,30,1,2,1,0,0,1,65.0,,voiture,,1,2,3,8,6
202300003778,2023-07-13 15:10:00,2023,7,13,15,10,75,75115,RUE DU GENERAL DE CASTELNAU,48.850505,2.299994,Plein jour,En agglomération,Intersection en T,Temps couvert,Autre collision,4,1,1,1,1,1,1,0,1,30,1,2,1,0,0,1,65.0,,voiture,,1,2,3,8,6
202300003779,2023-07-12 23:40:00,2023,7,12,23,40,75,75115,PONT DU GARIGLIANO,48.83914,2.26881,Nuit avec éclairage allumé,En agglomération,Hors intersection,Normale,Deux véhicules - arrière,4,1,2,0,1,1,1,2,1,30,2,2,1,0,0,1,29.0,52.0,deux_roues,voiture,5,2,1,1,2
202300003780,2023-09-22 16:35:00,2023,9,22,16,35,972,97213,AUTOROUTE A1,14.6179,-61.03231,Plein jour,Hors agglomération,Hors intersection,Normale,Deux véhicules - arrière,1,1,3,0,1,1,1,0,1,90,2,6,5,0,0,1,53.0,31.0,voiture,voiture,1,1,1,1,2
202300003781,2023-10-24 11:00:00,2023,10,24,11,0,13,13212,A507 sens Aubagne- Marseille,43.31369816,5.42385578,Plein jour,Hors agglomération,Hors intersection,Pluie légère,Deux véhicules - arrière,1,-1,3,0,1,1,2,0,1,70,3,3,2,0,0,1,51.0,36.0,utilitaire_camion,voiture,1,1,1,2,2
202300003782,2023-09-22 11:55:00,2023,9,22,11,55,69,69381,Cours d'Herbouville,45.77278407,4.83846621,Plein jour,Hors agglomération,Hors intersection,Normale,Autre collision,4,1,3,0,2,1,1,1,1,50,1,2,1,0,0,1,42.0,,voiture,,1,1,1,1,6
202300003783,2023-07-12 19:40:00,2023,7,12,19,40,75,75115,RUE DE LA CONVENTION,48.841518,2.286969,Plein jour,En agglomération,Hors intersection,Normale,Deux véhicules - côté,4,2,3,3,1,1,1,0,1,50,2,2,1,0,0,1,46.0,24.0,voiture,deux_roues,1,2,1,1,3
202300003784,2023-10-24 07:00:00,2023,10,24,7,0,13,13216,A55-Sens Martigues vers Marseille,43.34518,5.34618,Nuit avec éclairage allumé,Hors agglomération,Hors intersection,Pluie forte,Deux véhicules - frontale,1,1,3,0,1,1,2,0,1,90,1,1,0,0,0,1,36.0,,voiture,,5,1,1,3,1
202300003785,2023-07-12 18:10:00,2023,7,12,18,10,75,75115,RUE BRANCION,48.831286,2.302452,Plein jour,En agglomération,Intersection en T,Normale,Autre collision,4,1, -1,-1,1,1,1,0,1,-1,1,2,1,0,0,1,35.0,,deux_roues,,1,2,3,1,6
202300003785,2023-07-12 18:10:00,2023,7,12,18,10,75,75115,RUE BRANCION,48.831286,2.302452,Plein jour,En agglomération,Intersection en T,Normale,Autre collision,4,1,1,0,2,1,1,0,1,30,1,2,1,0,0,1,35.0,,deux_roues,,1,2,3,1,6
202300003786,2023-09-22 15:35:00,2023,9,22,15,35,971,97120,CHANZY (BOULEVARD),16.24099118,-61.53587759,Plein jour,En agglomération,Intersection en T,Pluie légère,Autre collision,3,1,0,0,1,2,2,0,1,30,1,2,1,0,0,1,47.0,,voiture,,1,2,3,2,6
202300003786,2023-09-22 15:35:00,2023,9,22,15,35,971,97120,CHANZY (BOULEVARD),16.24099118,-61.53587759,Plein jour,En agglomération,Intersection en T,Pluie légère,Autre collision,3,1,0,0,1,1,2,0,1,30,1,2,1,0,0,1,47.0,,voiture,,1,2,3,2,6
202300003787,2023-09-22 13:40:00,2023,9,22,13,40,971,97120,CHANZY (BOULEVARD),16.24288,-61.53971,Plein jour,En agglomération,Autre intersection,Normale,Deux véhicules - côté,3,2,0,0,1,1,1,0,1,50,2,2,1,0,0,1,44.0,67.0,utilitaire_camion,deux_roues,1,2,9,1,3
202300003788,2023-07-13 09:20:00,2023,7,13,9,20,75,75114,RUE DE L AMIRAL MOUCHEZ,48.822115,2.342072,Plein jour,En agglomération,Intersection en T,Normale,Deux véhicules - côté,4,1,0,0,1,1,1,0,1,30,2,2,1,0,0,1,25.0,,deux_roues,voiture,1,2,3,1,3
202300003788,2023-07-13 09:20:00,2023,7,13,9,20,75,75114,RUE DE L AMIRAL MOUCHEZ,48.822115,2.342072,Plein jour,En agglomération,Intersection en T,Normale,Deux véhicules - côté,4,1,2,3,1,1,1,0,1,30,2,2,1,0,0,1,25.0,,deux_roues,voiture,1,2,3,1,3
202300003789,2023-07-13 00:10:00,2023,7,13,0,10,75,75114,AVENUE REILLE,48.824604,2.339887,Nuit avec éclairage allumé,En agglomération,Intersection en Y,Normale,Sans collision,4,1,3,2,2,1,1,0,1,30,1,1,0,0,0,1,29.0,,deux_roues,,5,2,4,1,7
202300003789,2023-07-13 00:10:00,2023,7,13,0,10,75,75114,AVENUE REILLE,48.824604,2.339887,Nuit avec éclairage allumé,En agglomération,Intersection en Y,Normale,Sans collision,4,1, -1,0,1,1,1,0,1,30,1,1,0,0,0,1,29.0,,deux_roues,,5,2,4,1,7
202300003790,2023-09-22 20:14:00,2023,9,22,20,14,2A,2A004,T40,41.92,8.73,Nuit sans éclairage public,Hors agglomération,Hors intersection,Temps couvert,Autre collision,3,3,2,0,1,2,2,0,1,90,1,2,0,0,0,2,19.0,,voiture,,3,1,1,8,6
202300003791,2023-10-24 13:20:00,2023,10,24,13,20,83,83137,A57,43.1271,5.97422,Plein jour,Hors agglomération,Hors intersection,Temps couvert,Trois véhicules et plus - en chaîne,1,3,2,0,1,1,2,8,1,70,3,5,2,0,0,3,40.0,19.0,voiture,voiture,1,1,1,8,4
202300003792,2023-07-13 12:30:00,2023,7,13,12,30,75,75113,RUE DE TOLBIAC,48.825751,2.346581,Plein jour,En agglomération,Intersection en X,Normale,Deux véhicules - frontale,4,1,1,0,1,1,1,0,1,30,2,2,1,0,0,1,41.0,34.0,utilitaire_camion,deux_roues,1,2,2,1,1
202300003792,2023-07-13 12:30:00,2023,7,13,12,30,75,75113,RUE DE TOLBIAC,48.825751,2.346581,Plein jour,En agglomération,Intersection en X,Normale,Deux véhicules - frontale,4,2,4,3,1,1,1,0,1,30,2,2,1,0,0,1,41.0,34.0,utilitaire_camion,deux_roues,1,2,2,1,1
202300003793,2023-10-24 09:45:00,2023,10,24,9,45,83,83126,A50,43.1198,5.8506,Plein jour,Hors agglomération,Hors intersection,Pluie légère,Deux véhicules - arrière,1,1,3,0,1,1,2,0,1,70,2,2,1,0,0,1,52.0,49.0,voiture,deux_roues,1,1,1,2,2
202300003794,2023-07-13 15:59:00,2023,7,13,15,59,75,75111,AVENUE LEDRU ROLLIN,48.853261,2.37728,Plein jour,En agglomération,Intersection en X,Normale,Deux véhicules - côté,4,2,2,0,1,1,1,0,1,30,2,3,2,0,1,0,21.0,,utilitaire_camion,deux_roues,1,2,2,1,3
202300003794,2023-07-13 15:59:00,2023,7,13,15,59,75,75111,AVENUE LEDRU ROLLIN,48.853261,2.37728,Plein jour,En agglomération,Intersection en X,Normale,Deux véhicules - côté,4,2,2,0,1,1,1,0,1,30,2,3,2,0,1,0,21.0,,utilitaire_camion,deux_roues,1,2,2,1,3
202300003795,2023-10-24 21:55:00,2023,10,24,21,55,33,33162,ROCADE A 630,44.87675034,-0.63256882,Nuit sans éclairage public,Hors agglomération,Hors intersection,Normale,Trois véhicules et plus - en chaîne,1,3,6,0,1,1,1,0,1,70,3,3,2,0,0,1,22.0,25.0,voiture,voiture,3,1,1,1,4
202300003796,2023-07-13 12:30:00,2023,7,13,12,30,75,75109,RUE LAFFITTE,48.873433,2.337828,Plein jour,En agglomération,Intersection en T,Normale,Deux véhicules - côté,4,-1, -1,0,1,1,1,0,5,30,2,2,1,0,0,1,46.0,26.0,voiture,deux_roues,1,2,3,1,3
202300003796,2023-07-13 12:30:00,2023,7,13,12,30,75,75109,RUE LAFFITTE,48.873433,2.337828,Plein jour,En agglomération,Intersection en T,Normale,Deux véhicules - côté,4,2,2,2,1,1,1,0,5,30,2,2,1,0,0,1,46.0,26.0,voiture,deux_roues,1,2,3,1,3
202300003797,2023-09-22 19:20:00,2023,9,22,19,20,91,91657,AV HENRI BARBUSSE,48.70176,2.42527,Crépuscule ou aube,En agglomération,Hors intersection,Normale,Deux véhicules - arrière,3,2,3,0,1,1,1,0,1,50,2,5,3,0,0,2,46.0,,voiture,utilitaire_camion,2,2,1,1,2
202300003798,2023-07-13 16:33:00,2023,7,13,16,33,75,75107,QUAI D ORSAY,48.862743,2.311637,Plein jour,En agglomération,Intersection en T,Normale,Autre collision,4,-1, -1,0,1,1,1,0,5,30,1,2,1,0,1,0,34.0,,deux_roues,,1,2,3,1,6
202300003798,2023-07-13 16:33:00,2023,7,13,16,33,75,75107,QUAI D ORSAY,48.862743,2.311637,Plein jour,En agglomération,Intersection en T,Normale,Autre collision,4,2,0,1,1,1,1,0,5,30,1,2,1,0,1,0,34.0,,deux_roues,,1,2,3,1,6
202300003799,2023-09-22 13:00:00,2023,9,22,13,0,88,88209,LONGERE (RUE),48.18923414,6.42961442,Plein jour,En agglomération,Intersection en X,Normale,Deux véhicules - côté,4,2,2,0,1,1,1,0,1,50,2,2,1,0,0,1,19.0,78.0,deux_roues,voiture,1,2,2,1,3
202300003799,2023-09-22 13:00:00,2023,9,22,13,0,88,88209,LONGERE (RUE),48.18923414,6.42961442,Plein jour,En agglomération,Intersection en X,Normale,Deux véhicules - côté,4,1,1,0,4,1,1,0,1,50,2,2,1,0,0,1,19.0,78.0,deux_roues,voiture,1,2,2,1,3
202300003800,2023-07-13 16:40:00,2023,7,13,16,40,75,75101,RUE DE RIVOLI,48.85946728,2.345154,Plein jour,En agglomération,Intersection en T,Normale,Autre collision,4,1,1,0,1,1,1,0,5,30,1,2,1,0,0,1,33.0,,deux_roues,,1,2,3,1,6
202300003800,2023-07-13 16:40:00,2023,7,13,16,40,75,75101,RUE DE RIVOLI,48.85946728,2.345154,Plein jour,En agglomération,Intersection en T,Normale,Autre collision,4,2,3,1,1,1,1,0,5,30,1,2,1,0,0,1,33.0,,deux_roues,,1,2,3,1,6
202300003801,2023-10-24 10:38:00,2023,10,24,10,38,33,33249,ROCADE A 630,44.87933711,-0.53397685,Plein jour,Hors agglomération,Hors intersection,Normale,Trois véhicules et plus - en chaîne,1,3,6,0,2,1,1,0,1,70,4,7,6,0,0,1,36.0,32.0,voiture,voiture,1,1,1,1,4
202300003802,2023-09-21 15:50:00,2023,9,21,15,50,87,87085,QUEUILLE (PLACE HENRI),45.81507,1.26981,Plein jour,En agglomération,Intersection en X,Pluie légère,Sans collision,4,2,2,0,1,1,2,0,1,50,1,1,0,0,1,0,22.0,,deux_roues,,1,2,2,2,7
202300003802,2023-09-21 15:50:00,2023,9,21,15,50,87,87085,QUEUILLE (PLACE HENRI),45.81507,1.26981,Plein jour,En agglomération,Intersection en X,Pluie légère,Sans collision,4,1,2,0,1,2,2,5,1,50,1,1,0,0,1,0,22.0,,deux_roues,,1,2,2,2,7
202300003803,2023-06-15 19:45:00,2023,6,15,19,45,75,75104,BOULEVARD HENRI IV,48.851068,2.362211,Plein jour,En agglomération,Intersection en T,Normale,Deux véhicules - côté,4,2,4,0,1,1,1,0,1,30,2,2,1,0,0,1,27.0,,deux_roues,deux_roues,1,2,3,1,3
202300003803,2023-06-15 19:45:00,2023,6,15,19,45,75,75104,BOULEVARD HENRI IV,48.851068,2.362211,Plein jour,En agglomération,Intersection en T,Normale,Deux véhicules - côté,4,1,2,0,1,1,1,0,1,30,2,2,1,0,0,1,27.0,,deux_roues,deux_roues,1,2,3,1,3
202300003804,2023-09-21 14:30:00,2023,9,21,14,30,87,87065,AUTOROUTE A20,45.79045,1.3032,Plein jour,Hors agglomération,Hors intersection,Pluie légère,Autre collision,1,3,2,0,2,1,2,0,1,110,1,2,0,0,0,2,61.0,,voiture,,1,1,1,2,6
202300003805,2023-10-22 05:00:00,2023,10,22,5,0,62,62274,A21,50.42944049,2.97371292,Nuit sans éclairage public,Hors agglomération,Hors intersection,Pluie légère,Deux véhicules - arrière,1,1,2,0,1,1,2,0,2,110,2,2,0,0,1,1,21.0,37.0,utilitaire_camion,voiture,3,1,1,2,2
202300003806,2023-07-12 17:49:00,2023,7,12,17,49,94,94046,Rue Marc Sangnier,48.80609,2.45341,Plein jour,En agglomération,Hors intersection,Normale,Deux véhicules - frontale,4,-1,0,0,1,1,1,0,1,50,2,3,2,0,0,1,83.0,37.0,voiture,utilitaire_camion,1,2,1,1,1
202300003807,2023-09-22 18:00:00,2023,9,22,18,0,78,78650,MONTESSON (ROUTE DE),48.90103,2.12876,Plein jour,En agglomération,Intersection en X,Normale,Deux véhicules - côté,3,2,2,0,1,1,1,0,1,50,2,2,1,0,1,0,41.0,50.0,voiture,deux_roues,1,2,2,1,3
202300003807,2023-09-22 18:00:00,2023,9,22,18,0,78,78650,MONTESSON (ROUTE DE),48.90103,2.12876,Plein jour,En agglomération,Intersection en X,Normale,Deux véhicules - côté,3,2,2,0,1,1,1,5,1,50,2,2,1,0,1,0,41.0,50.0,voiture,deux_roues,1,2,2,1,3
202300003808,2023-10-23 17:14:00,2023,10,23,17,14,75,75113,A6B,48.816066,2.357973,Crépuscule ou aube,Hors agglomération,Hors intersection,Normale,Deux véhicules - côté,1,1,2,0,1,1,1,1,1,70,2,2,1,0,0,1,20.0,37.0,utilitaire_camion,voiture,2,1,1,1,3
202300003809,2023-07-12 14:30:00,2023,7,12,14,30,94,94016,Avenue Léon Blum,48.7893,2.3369,Plein jour,En agglomération,Hors intersection,Normale,Deux véhicules - côté,3,1,2,0,2,1,1,0,1,50,2,2,1,0,0,1,77.0,25.0,voiture,deux_roues,1,2,1,1,3
202300003810,2023-09-22 08:24:00,2023,9,22,8,24,77,77181,PIERRE LECLERC (RUE),48.82789,2.69838,Crépuscule ou aube,En agglomération,Hors intersection,Pluie légère,Deux véhicules - arrière,4,-1,2,0,1,1,2,0,1,50,2,2,1,0,0,1,34.0,43.0,voiture,deux_roues,2,2,1,2,2
202300003811,2023-07-13 11:30:00,2023,7,13,11,30,94,94021,Avenue des 3 Marches,48.76026791,2.35350993,Plein jour,En agglomération,Giratoire,Normale,Autre collision,5,1,1,0,1,1,1,9,1,50,1,2,1,0,0,1,25.0,,utilitaire_camion,,1,2,6,1,6
202300003812,2023-10-23 17:50:00,2023,10,23,17,50,91,91617,A5A,48.63469,2.53518,Crépuscule ou aube,Hors agglomération,Hors intersection,Temps couvert,Deux véhicules - arrière,1,1,3,0,1,1,2,0,1,70,2,2,1,0,0,1,24.0,39.0,voiture,voiture,2,1,1,8,2
202300003813,2023-09-22 09:15:00,2023,9,22,9,15,77,77014,GAMBETTA (RUE),48.40170344,2.72188318,Plein jour,En agglomération,Autre intersection,Pluie légère,Autre collision,4,1,1,1,1,1,2,0,1,30,1,2,1,0,0,1,50.0,,voiture,,1,2,9,2,6
202300003814,2023-07-13 14:00:00,2023,7,13,14,0,94,94028,Avenue de Verdun,48.79632317,2.46362641,Plein jour,En agglomération,Hors intersection,Normale,Autre collision,3,2,4,0,1,1,1,0,1,50,1,1,0,0,0,1,20.0,,deux_roues,,1,2,1,1,6
202300003815,2023-10-23 16:50:00,2023,10,23,16,50,91,91521,RN 449,48.63589,2.40124,Plein jour,Hors agglomération,Hors intersection,Pluie légère,Autre collision,2,1,2,0,1,1,2,0,1,70,1,1,0,0,0,1,51.0,,voiture,,1,1,1,2,6
202300003816,2023-07-13 03:05:00,2023,7,13,3,5,94,94018,Rue de Paris,48.822973,2.411393,Nuit avec éclairage allumé,En agglomération,Hors intersection,Normale,Autre collision,3,3,2,1,1,1,1,0,1,30,1,1,0,0,0,1,23.0,,deux_roues,,5,2,1,1,6
202300003817,2023-09-22 00:20:00,2023,9,22,0,20,76,76451,Avenue du Général Galliéni,49.45807,1.08437,Nuit avec éclairage allumé,En agglomération,Hors intersection,Normale,Sans collision,7,2,2,0,1,1,2,0,1,50,2,2,1,0,1,0,33.0,36.0,voiture,voiture,5,2,1,1,7
202300003818,2023-07-13 07:10:00,2023,7,13,7,10,93,93001,Boulevard Félix Faure,48.90778596,2.37883337,Crépuscule ou aube,En agglomération,Hors intersection,Normale,Autre collision,4,2,2,0,1,1,1,9,8,30,1,2,1,0,1,0,,,voiture,,2,2,1,1,6
202300003819,2023-10-24 18:54:00,2023,10,24,18,54,92,92050,A86,48.90558947,2.20974594,Plein jour,Hors agglomération,Hors intersection,Normale,Trois véhicules et plus - collisions multiples,1,-1,4,0,1,1,1,0,1,90,3,3,2,0,1,0,22.0,57.0,deux_roues,voiture,1,1,1,1,5
202300003820,2023-09-22 08:55:00,2023,9,22,8,55,76,76341,JEHAN DE GROUCHY,49.50484986,0.19989932,Plein jour,En agglomération,Intersection en X,Pluie légère,Autre collision,4,2,2,0,1,1,2,0,1,50,1,2,1,0,0,1,33.0,,voiture,,1,2,2,2,6
202300003820,2023-09-22 08:55:00,2023,9,22,8,55,76,76341,JEHAN DE GROUCHY,49.50484986,0.19989932,Plein jour,En agglomération,Intersection en X,Pluie légère,Autre collision,4,1, -1,-1,1,1,2,0,1,-1,1,2,1,0,0,1,33.0,,voiture,,1,2,2,2,6
202300003821,2023-07-13 19:09:00,2023,7,13,19,9,93,93062,Boulevard de l'Est / Allée de l'Eglise,48.90267,2.52281,Plein jour,En agglomération,Intersection en X,Normale,Deux véhicules - côté,4,2,2,0,1,1,1,0,1,30,2,2,1,0,1,0,31.0,31.0,voiture,deux_roues,1,2,2,1,3
202300003821,2023-07-13 19:09:00,2023,7,13,19,9,93,93062,Boulevard de l'Est / Allée de l'Eglise,48.90267,2.52281,Plein jour,En agglomération,Intersection en X,Normale,Deux véhicules - côté,4,2,2,0,1,3,1,5,1,30,2,2,1,0,1,0,31.0,31.0,voiture,deux_roues,1,2,2,1,3
202300003822,2023-09-22 22:10:00,2023,9,22,22,10,73,73008,AVENUE P DE COUBERTIN,45.69276,5.89074,Nuit avec éclairage allumé,En agglomération,Hors intersection,Pluie légère,Autre collision,4,1,1,0,1,1,2,0,1,50,1,2,1,0,0,1,46.0,,voiture,,5,2,1,2,6
202300003823,2023-07-13 06:10:00,2023,7,13,6,10,93,93048,Boulevard Théophile Sueur,48.86547936,2.46876016,Plein jour,En agglomération,Hors intersection,Normale,Autre collision,3,2,2,0,1,1,1,0,1,50,1,1,0,1,0,0,26.0,,deux_roues,,1,2,1,1,6
202300003824,2023-10-24 16:50:00,2023,10,24,16,50,92,92064,A13,48.84298206,2.22247096,Plein jour,Hors agglomération,Hors intersection,Normale,Trois véhicules et plus - en chaîne,1,-1,2,0,1,1,1,0,1,90,3,3,2,0,0,1,30.0,48.0,deux_roues,voiture,1,1,1,1,4
202300003825,2023-09-22 20:50:00,2023,9,22,20,50,72,72003,CHATELET (RUE DU),47.94227,0.15585,Nuit avec éclairage allumé,En agglomération,Hors intersection,Pluie forte,Deux véhicules - côté,4,2,1,0,1,1,2,0,1,50,2,2,1,0,0,1,88.0,31.0,voiture,voiture,5,2,1,3,3
202300003826,2023-07-12 14:20:00,2023,7,12,14,20,93,93063,Avenue Pierre Kérautret / Boulevard Roger Salengro,48.87956,2.44866,Plein jour,En agglomération,Intersection en T,Normale,Deux véhicules - côté,3,2,3,0,1,1,1,0,1,50,2,2,0,0,0,2,55.0,31.0,deux_roues,voiture,1,2,3,1,3
202300003826,2023-07-12 14:20:00,2023,7,12,14,20,93,93063,Avenue Pierre Kérautret / Boulevard Roger Salengro,48.87956,2.44866,Plein jour,En agglomération,Intersection en T,Normale,Deux véhicules - côté,3,2,2,2,1,1,1,0,1,-1,2,2,0,0,0,2,55.0,31.0,deux_roues,voiture,1,2,3,1,3
202300003827,2023-10-24 09:45:00,2023,10,24,9,45,78,78640,A86 INT,48.778941,2.202884,Plein jour,Hors agglomération,Hors intersection,Normale,Trois véhicules et plus - collisions multiples,1,1,3,0,1,1,2,0,1,70,3,3,2,0,0,1,45.0,71.0,voiture,voiture,1,1,1,1,5
202300003828,2023-09-21 11:20:00,2023,9,21,11,20,72,72181,CHANZY (RUE)  N° IMP 1 A 71 BIS,48.00268,0.20272,Plein jour,En agglomération,Hors intersection,Temps couvert,Deux véhicules - arrière,4,1,1,0,1,1,2,0,1,50,2,2,1,0,0,1,20.0,77.0,deux_roues,voiture,1,2,1,8,2
202300003829,2023-10-24 17:55:00,2023,10,24,17,55,95,95256,N184,49.05559,2.20312,Plein jour,Hors agglomération,Hors intersection,Normale,Deux véhicules - frontale,2,3,3,0,1,1,1,0,1,90,2,2,1,0,0,1,34.0,32.0,utilitaire_camion,voiture,1,1,1,1,1
202300003830,2023-07-12 07:50:00,2023,7,12,7,50,93,93045,Rue du President Robert Schuman,48.88602,2.4212,Plein jour,En agglomération,Hors intersection,Normale,Deux véhicules - côté,4,2,2,0,2,1,1,0,1,30,2,2,1,0,0,1,21.0,60.0,voiture,deux_roues,1,2,1,1,3
202300003831,2023-09-22 14:25:00,2023,9,22,14,25,71,71306,GENERAL DE GAULLE (QUAI DU),46.67412,4.36207,Plein jour,En agglomération,Hors intersection,Pluie légère,Sans collision,4,2,2,0,1,1,2,0,1,50,1,1,0,0,0,1,17.0,,deux_roues,,1,2,1,2,7
202300003832,2023-10-24 11:00:00,2023,10,24,11,0,95,95527,A3,48.98787,2.50626,Plein jour,Hors agglomération,Hors intersection,Normale,Sans collision,1,3,2,0,1,3,2,0,1,90,1,1,0,0,0,1,61.0,,voiture,,1,1,1,1,7
202300003833,2023-07-13 16:50:00,2023,7,13,16,50,93,93031,Avenue Galliéni / Rue de Saint-gratien,48.96311,2.29711,Plein jour,En agglomération,Intersection en X,Normale,Autre collision,4,2,2,0,1,1,1,0,1,50,1,2,1,0,0,1,24.0,,voiture,,1,2,2,1,6
202300003833,2023-07-13 16:50:00,2023,7,13,16,50,93,93031,Avenue Galliéni / Rue de Saint-gratien,48.96311,2.29711,Plein jour,En agglomération,Intersection en X,Normale,Autre collision,4,2,2,0,1,1,1,0,1,-1,1,2,1,0,0,1,24.0,,voiture,,1,2,2,1,6
202300003834,2023-07-13 19:20:00,2023,7,13,19,20,93,93010,Avenue du 14 Juillet / Allée d'Athènes,48.91128886,2.49112997,Plein jour,En agglomération,Intersection en T,Normale,Deux véhicules - côté,4,2,2,0,1,1,1,0,1,30,2,3,2,0,0,1,36.0,36.0,deux_roues,voiture,1,2,3,1,3
202300003834,2023-07-13 19:20:00,2023,7,13,19,20,93,93010,Avenue du 14 Juillet / Allée d'Athènes,48.91128886,2.49112997,Plein jour,En agglomération,Intersection en T,Normale,Deux véhicules - côté,4,2,2,0,1,1,1,0,1,50,2,3,2,0,0,1,36.0,36.0,deux_roues,voiture,1,2,3,1,3
202300003835,2023-10-24 09:00:00,2023,10,24,9,0,95,95527,A3,48.99145,2.51079,Plein jour,Hors agglomération,Hors intersection,Normale,Trois véhicules et plus - collisions multiples,1,3,6,0,1,1,2,0,1,90,3,3,2,0,0,1,43.0,48.0,voiture,voiture,1,1,1,1,5
202300003836,2023-07-13 17:30:00,2023,7,13,17,30,93,93057,Allée de Rocroy,48.90484158,2.50824891,Plein jour,En agglomération,Hors intersection,Normale,Autre collision,4,1,1,0,1,1,1,9,4,30,1,2,1,0,0,1,,,deux_roues,,1,2,1,1,6
202300003837,2023-10-24 11:00:00,2023,10,24,11,0,93,93027,AUTOROUTE A86,48.92482,2.39033,Plein jour,Hors agglomération,Hors intersection,Temps couvert,Trois véhicules et plus - en chaîne,1,3,4,0,1,1,2,0,1,90,3,3,2,0,0,1,44.0,43.0,utilitaire_camion,voiture,1,1,1,8,4
202300003838,2023-07-13 15:16:00,2023,7,13,15,16,93,93057,Avenue Aristide Briand / Rue Georges,48.90792969,2.49414984,Plein jour,En agglomération,Intersection en T,Normale,Deux véhicules - côté,3,3,4,3,1,1,1,9,1,50,2,3,2,0,1,0,52.0,45.0,deux_roues,autre,1,2,3,1,3
202300003838,2023-07-13 15:16:00,2023,7,13,15,16,93,93057,Avenue Aristide Briand / Rue Georges,48.90792969,2.49414984,Plein jour,En agglomération,Intersection en T,Normale,Deux véhicules - côté,3,2,2,0,1,1,1,0,1,50,2,3,2,0,1,0,52.0,45.0,deux_roues,autre,1,2,3,1,3
202300003839,2023-07-13 11:00:00,2023,7,13,11,0,93,93001,Rue Danielle Casanova,48.91862318,2.39232116,Plein jour,En agglomération,Hors intersection,Normale,Deux véhicules - côté,3,2,2,0,1,1,1,0,1,50,2,2,1,0,1,0,47.0,18.0,utilitaire_camion,deux_roues,1,2,1,1,3
202300003840,2023-07-13 08:05:00,2023,7,13,8,5,92,92078,VERDUN (AVENUE) (PAIRS 2 A 38),48.93551413,2.33388591,Plein jour,En agglomération,Intersection en T,Normale,Deux véhicules - côté,3,2,2,0,1,1,1,0,1,50,2,2,1,0,0,1,60.0,31.0,voiture,deux_roues,1,2,3,1,3
202300003840,2023-07-13 08:05:00,2023,7,13,8,5,92,92078,VERDUN (AVENUE) (PAIRS 2 A 38),48.93551413,2.33388591,Plein jour,En agglomération,Intersection en T,Normale,Deux véhicules - côté,3,3,1,1,1,1,1,0,1,50,2,2,1,0,0,1,60.0,31.0,voiture,deux_roues,1,2,3,1,3
202300003841,2023-10-23 20:30:00,2023,10,23,20,30,93,93078,AUTOROUTE A104,48.96222102,2.52337066,Nuit sans éclairage public,Hors agglomération,Hors intersection,Pluie légère,Trois véhicules et plus - en chaîne,1,3,3,0,1,1,2,0,1,90,5,6,5,0,0,1,43.0,46.0,voiture,voiture,3,1,1,2,4
202300003842,2023-07-13 07:50:00,2023,7,13,7,50,92,92063,HUGO (AVENUE VICTOR),48.88564537,2.17616057,Plein jour,En agglomération,Hors intersection,Normale,Deux véhicules - côté,3,2,4,1,1,1,1,0,5,50,2,2,1,0,0,1,48.0,56.0,deux_roues,voiture,1,2,1,1,3
202300003843,2023-10-23 22:35:00,2023,10,23,22,35,93,93064,AUTOROUTE A103,48.88668867,2.47586131,Nuit sans éclairage public,Hors agglomération,Hors intersection,Temps couvert,Autre collision,1,-1,2,0,1,3,2,0,1,70,1,1,0,0,0,1,38.0,,voiture,,3,1,1,8,6
202300003844,2023-07-13 05:36:00,2023,7,13,5,36,92,92051,"CHARLES DE GAULLE (AVENUE,N°118 A 192 +",48.88402225,2.26301551,Crépuscule ou aube,En agglomération,Hors intersection,Normale,Deux véhicules - côté,2,1,2,0,1,1,1,0,1,50,2,2,1,0,0,1,32.0,46.0,voiture,utilitaire_camion,2,2,1,1,3