accident_id,datetime,annee,mois,jour,heure,minute,departement,commune_insee,adresse,latitude,longitude,luminosite,agglomeration,intersection,meteo,collision,catr,circ,nbv,vosp,prof,plan,surf,infra,situ,vma,nb_vehicules,nb_usagers,nb_indemnes,nb_tues,nb_blesses_hosp,nb_blesses_legers,age_cond_1,age_cond_2,veh_type_cond_1,veh_type_cond_2,lum_code,agg_code,int_code,atm_code,col_code
202300003845,2023-10-24 01:35:00,2023,10,24,1,35,95,95572,N184,49.03385171,2.11134374,Nuit sans éclairage public,Hors agglomération,Hors intersection,Pluie légère,Autre collision,2,1,2,0,1,2,2,0,1,70,1,1,0,0,0,1,30.0,,voiture,,3,1,1,2,6
202300003846,2023-07-13 03:50:00,2023,7,13,3,50,92,92048,VAUGIRARD (ROUTE DE),48.82225306,2.23225549,Nuit avec éclairage allumé,En agglomération,Intersection en T,Normale,Sans collision,3,4,2,0,2,3,1,0,1,50,1,1,0,0,0,1,44.0,,deux_roues,,5,2,3,1,7
202300003846,2023-07-13 03:50:00,2023,7,13,3,50,92,92048,VAUGIRARD (ROUTE DE),48.82225306,2.23225549,Nuit avec éclairage allumé,En agglomération,Intersection en T,Normale,Sans collision,3,4,2,0,4,1,1,0,1,50,1,1,0,0,0,1,44.0,,deux_roues,,5,2,3,1,7
202300003847,2023-10-23 22:05:00,2023,10,23,22,5,92,92036,AUTOROUTE A15,48.94074039,2.29291143,Nuit sans éclairage public,Hors agglomération,Hors intersection,Normale,Deux véhicules - côté,1,1,4,0,1,1,2,2,1,90,2,2,1,0,0,1,24.0,35.0,voiture,voiture,3,1,1,1,3
202300003848,2023-07-12 21:00:00,2023,7,12,21,0,92,92048,COLONEL MORAINE (ROUTE DU),48.79648773,2.21765399,Crépuscule ou aube,En agglomération,Intersection en T,Normale,Deux véhicules - côté,2,2,3,1,1,1,1,9,8,50,2,4,1,0,2,1,51.0,34.0,transport_commun,transport_commun,2,2,3,1,3
202300003848,2023-07-12 21:00:00,2023,7,12,21,0,92,92048,COLONEL MORAINE (ROUTE DU),48.79648773,2.21765399,Crépuscule ou aube,En agglomération,Intersection en T,Normale,Deux véhicules - côté,2,2,2,1,1,1,1,9,8,50,2,4,1,0,2,1,51.0,34.0,transport_commun,transport_commun,2,2,3,1,3
202300003849,2023-10-23 23:20:00,2023,10,23,23,20,93,93078,AUTOROUTE A104,48.96407,2.5208,Nuit sans éclairage public,Hors agglomération,Hors intersection,Pluie légère,Autre collision,1,-1,3,0,1,2,2,0,1,90,1,2,0,0,0,2,23.0,,voiture,,3,1,1,2,6
202300003850,2023-07-13 18:58:00,2023,7,13,18,58,92,92044,BAUDIN (RUE) 1A25 ET 2A34,48.89601447,2.27998674,Plein jour,En agglomération,Hors intersection,Normale,Deux véhicules - côté,4,1,1,0,1,1,1,0,1,50,2,2,1,0,0,1,64.0,21.0,voiture,deux_roues,1,2,1,1,3
202300003851,2023-10-23 15:35:00,2023,10,23,15,35,95,95500,A15,49.04030613,2.08317518,Plein jour,Hors agglomération,Hors intersection,Pluie forte,Deux véhicules - arrière,1,3,6,0,1,1,2,0,1,90,2,2,1,0,0,1,30.0,60.0,utilitaire_camion,voiture,1,1,1,3,2
202300003852,2023-07-13 01:23:00,2023,7,13,1,23,92,92044,ARISTIDE BRIAND(RUE)51A83  54A96,48.89213,2.28768,Nuit avec éclairage allumé,En agglomération,Intersection en X,Normale,Deux véhicules - côté,4,1,#VALEURMULTI,0,1,1,1,0,1,50,2,3,0,0,1,2,16.0,36.0,voiture,deux_roues,5,2,2,1,3
202300003853,2023-10-23 15:50:00,2023,10,23,15,50,93,93066,AUTOROUTE A1,48.93246,2.37408,Plein jour,Hors agglomération,Hors intersection,Pluie légère,Autre collision,1,3,4,0,1,3,2,0,1,90,1,1,0,0,0,1,21.0,,voiture,,1,1,1,2,6
202300003854,2023-07-13 14:20:00,2023,7,13,14,20,92,92036,GENERAL DE GAULLE (AVENUE) (PAIRS),48.93377768,2.31342405,Crépuscule ou aube,En agglomération,Intersection en T,Normale,Autre collision,3,2,2,0,1,1,1,0,1,50,1,2,1,0,0,1,45.0,,utilitaire_camion,,2,2,3,1,6
202300003854,2023-07-13 14:20:00,2023,7,13,14,20,92,92036,GENERAL DE GAULLE (AVENUE) (PAIRS),48.93377768,2.31342405,Crépuscule ou aube,En agglomération,Intersection en T,Normale,Autre collision,3,2,2,0,1,1,1,0,1,50,1,2,1,0,0,1,45.0,,utilitaire_camion,,2,2,3,1,6
202300003855,2023-10-23 09:00:00,2023,10,23,9,0,95,95491,A115,49.00449,2.24545,Plein jour,Hors agglomération,Hors intersection,Normale,Deux véhicules - arrière,1,3,2,0,1,1,1,0,1,90,2,2,1,0,0,1,36.0,23.0,voiture,voiture,1,1,1,1,2
202300003856,2023-07-12 08:45:00,2023,7,12,8,45,92,92036,PRINCIPALE DU PORT (ROUTE) (1/17),48.93914,2.28439,Plein jour,En agglomération,Hors intersection,Normale,Autre collision,4,3,4,0,1,1,1,0,1,50,2,2,1,0,0,1,54.0,50.0,voiture,deux_roues,1,2,1,1,6
202300003857,2023-10-23 03:45:00,2023,10,23,3,45,95,95277,D170 ,48.97714,2.47251,Nuit sans éclairage public,Hors agglomération,Hors intersection,Normale,Autre collision,3,3,0,0,1,1,1,0,1,110,1,1,0,0,0,1,23.0,,voiture,,3,1,1,1,6
202300003858,2023-07-13 12:20:00,2023,7,13,12,20,92,92007,BARBUSSE (AVENUE HENRI) AUTRES NUMEROS,48.80071802,2.31395423,Plein jour,En agglomération,Intersection en T,Normale,Deux véhicules - côté,4,2,2,0,1,1,1,0,8,50,2,2,1,0,0,1,37.0,79.0,deux_roues,voiture,1,2,3,1,3
202300003858,2023-07-13 12:20:00,2023,7,13,12,20,92,92007,BARBUSSE (AVENUE HENRI) AUTRES NUMEROS,48.80071802,2.31395423,Plein jour,En agglomération,Intersection en T,Normale,Deux véhicules - côté,4,1, -1,-1,1,1,1,0,1,-1,2,2,1,0,0,1,37.0,79.0,deux_roues,voiture,1,2,3,1,3
202300003859,2023-07-13 18:45:00,2023,7,13,18,45,92,92004,MAURICE BOKANOWSKI,48.9072168,2.28591666,Plein jour,En agglomération,Intersection en X,Normale,Deux véhicules - arrière,3,-1,2,0,1,1,1,0,1,50,2,3,2,0,0,1,30.0,33.0,voiture,transport_commun,1,2,2,1,2
202300003859,2023-07-13 18:45:00,2023,7,13,18,45,92,92004,MAURICE BOKANOWSKI,48.9072168,2.28591666,Plein jour,En agglomération,Intersection en X,Normale,Deux véhicules - arrière,3,-1,2,0,1,1,1,0,1,50,2,3,2,0,0,1,30.0,33.0,voiture,transport_commun,1,2,2,1,2
202300003860,2023-10-24 09:15:00,2023,10,24,9,15,94,94069,A4,48.81720028,2.44370615,Plein jour,Hors agglomération,Hors intersection,Normale,Deux véhicules - côté,1,3,4,0,1,1,1,0,1,90,2,2,1,0,0,1,26.0,24.0,deux_roues,voiture,1,1,1,1,3
202300003861,2023-07-14 03:50:00,2023,7,14,3,50,71,71507,D127,46.579439,4.670649,Nuit sans éclairage public,Hors agglomération,Hors intersection,Normale,Autre collision,3,2,2,0,1,1,1,0,1,80,1,4,3,0,1,0,51.0,,voiture,,3,1,1,1,6
202300003862,2023-10-23 08:30:00,2023,10,23,8,30,77,77373,RN104,48.78450516,2.61663,Plein jour,Hors agglomération,Hors intersection,Normale,Deux véhicules - arrière,2,3,4,0,1,1,1,0,1,90,2,2,1,0,0,1,58.0,45.0,utilitaire_camion,deux_roues,1,1,1,1,2
202300003863,2023-07-13 19:30:00,2023,7,13,19,30,71,71477,Impasse des Rolands,46.617865,4.400089,Plein jour,Hors agglomération,Hors intersection,Normale,Sans collision,4,-1,1,0,2,1,9,0,1,80,1,1,0,0,1,0,66.0,,deux_roues,,1,1,1,1,7
202300003864,2023-07-29 16:25:00,2023,7,29,16,25,14,14663,Route d'Arromanches,49.300182,-0.685263,Plein jour,Hors agglomération,Hors intersection,Normale,Deux véhicules - arrière,3,2,2,0,1,1,1,0,1,90,2,2,1,0,0,1,43.0,44.0,voiture,deux_roues,1,1,1,1,2
202300003865,2023-07-14 19:50:00,2023,7,14,19,50,21,21002,A38 PK 018.700,47.301656,4.771952,Plein jour,Hors agglomération,Hors intersection,Normale,Autre collision,1,3,4,0,1,1,1,0,1,130,4,5,3,1,0,1,53.0,38.0,deux_roues,deux_roues,1,1,1,1,6
202300003866,2023-06-30 16:00:00,2023,6,30,16,0,14,14409,98 route de Cabourg,49.28255659,-0.19260406,Plein jour,En agglomération,Hors intersection,Normale,Deux véhicules - frontale,3,2,2,1,1,1,1,0,1,50,2,3,1,2,0,0,77.0,65.0,voiture,deux_roues,1,2,1,1,1
202300003867,2023-07-14 01:50:00,2023,7,14,1,50,71,71170,PK 315.200 autoroute A6,46.929634,4.820493,Nuit sans éclairage public,Hors agglomération,Hors intersection,Normale,Autre collision,1,3,3,0,1,1,1,0,1,130,1,4,3,0,1,0,41.0,,autre,,3,1,1,1,6
202300003868,2023-07-13 18:10:00,2023,7,13,18,10,25,25614,A36 pk 046.900 vers besancon,47.521881,6.854353,Plein jour,Hors agglomération,Hors intersection,Normale,Autre collision,1,-1,3,0,1,1,1,0,1,110,1,1,0,0,0,1,73.0,,voiture,,1,1,1,1,6
202300003869,2023-07-14 05:45:00,2023,7,14,5,45,84,84038,D973,43.777493,5.109994,Nuit sans éclairage public,Hors agglomération,Hors intersection,Normale,Deux véhicules - frontale,3,2,2,0,1,1,1,0,3,80,1,1,0,0,1,0,21.0,,voiture,,3,1,1,1,1
202300003870,2023-07-14 11:20:00,2023,7,14,11,20,87,87201,N141,45.858807,1.145325,Plein jour,Hors agglomération,Hors intersection,Normale,Deux véhicules - côté,2,3,0,0,1,3,1,0,1,110,2,2,1,0,1,0,39.0,42.0,voiture,deux_roues,1,1,1,1,3
202300003871,2023-04-08 16:50:00,2023,4,8,16,50,14,14724,10 Route de Cabourg,49.253499,-0.160994,Plein jour,En agglomération,Intersection en T,Normale,Autre collision,3,2,2,0,1,1,1,0,1,50,5,5,4,0,1,0,60.0,35.0,deux_roues,voiture,1,2,3,1,6
202300003871,2023-04-08 16:50:00,2023,4,8,16,50,14,14724,10 Route de Cabourg,49.253499,-0.160994,Plein jour,En agglomération,Intersection en T,Normale,Autre collision,3,2,2,0,1,1,1,0,1,50,5,5,4,0,1,0,60.0,35.0,deux_roues,voiture,1,2,3,1,6
202300003872,2023-07-14 14:55:00,2023,7,14,14,55,83,83097,Dn7,43.477728,5.757651,Plein jour,Hors agglomération,Intersection en T,Normale,Deux véhicules - côté,1,-1, -1,-1,1,1,1,0,1,-1,2,3,1,0,2,0,58.0,30.0,voiture,deux_roues,1,1,3,1,3
202300003872,2023-07-14 14:55:00,2023,7,14,14,55,83,83097,Dn7,43.477728,5.757651,Plein jour,Hors agglomération,Intersection en T,Normale,Deux véhicules - côté,1,1,1,0,2,2,1,3,1,80,2,3,1,0,2,0,58.0,30.0,voiture,deux_roues,1,1,3,1,3
202300003873,2023-04-07 16:35:00,2023,4,7,16,35,14,14436,531 Route de Blary,49.24367419,-0.68395552,Plein jour,En agglomération,Hors intersection,Normale,Deux véhicules - frontale,3,2,2,0,2,3,1,0,1,80,2,2,1,1,0,0,42.0,71.0,deux_roues,utilitaire_camion,1,2,1,1,1
202300003874,2023-07-13 19:55:00,2023,7,13,19,55,79,79355,,46.304875,-0.36151,Plein jour,Hors agglomération,Hors intersection,Normale,Deux véhicules - arrière,3,2,2,0,1,1,1,0,1,90,2,2,1,0,1,0,41.0,45.0,voiture,deux_roues,1,1,1,1,2
202300003875,2023-03-08 11:50:00,2023,3,8,11,50,14,14047,12 Boulevard d'Eindhoven,49.283435,-0.711493,Plein jour,En agglomération,Autre intersection,Normale,Deux véhicules - frontale,3,3,2,1,2,1,1,9,5,50,2,2,1,0,0,1,27.0,58.0,utilitaire_camion,deux_roues,1,2,9,1,1
202300003876,2023-07-14 04:00:00,2023,7,14,4,0,80,80650,RD929,49.933351,2.411885,Nuit sans éclairage public,Hors agglomération,Giratoire,Normale,Autre collision,3,2,2,0,1,1,1,0,1,80,1,1,0,0,1,0,26.0,,voiture,,3,1,6,1,6
202300003877,2023-07-14 08:15:00,2023,7,14,8,15,71,71014,Route de Saint Denis,46.968957,4.321446,Plein jour,Hors agglomération,Hors intersection,Normale,Sans collision,3,2,2,0,1,1,1,0,1,80,1,2,0,0,1,1,21.0,,voiture,,1,1,1,1,7
202300003878,2023-08-22 21:45:00,2023,8,22,21,45,13,13214,ROSIERS (TRAVERSE DES),43.32122,5.3856,Nuit sans éclairage public,En agglomération,Hors intersection,Normale,Autre collision,6,2,2,0,1,1,1,0,1,50,1,2,1,0,0,1,,,autre,,3,2,1,1,6
202300003879,2023-07-13 20:25:00,2023,7,13,20,25,71,71469,RD45,46.28744,4.517398,Plein jour,Hors agglomération,Hors intersection,Normale,Sans collision,3,2,2,0,1,2,9,0,1,80,1,1,0,0,1,0,28.0,,deux_roues,,1,1,1,1,7
202300003880,2023-10-23 15:40:00,2023,10,23,15,40,974,97411,MALRAUX (AVENUE ANDRE),-20.88801,55.46481,Plein jour,En agglomération,Intersection en X,Normale,Deux véhicules - frontale,4,2,2,0,1,1,1,0,1,30,2,3,2,0,0,1,28.0,30.0,voiture,deux_roues,1,2,2,1,1
202300003880,2023-10-23 15:40:00,2023,10,23,15,40,974,97411,MALRAUX (AVENUE ANDRE),-20.88801,55.46481,Plein jour,En agglomération,Intersection en X,Normale,Deux véhicules - frontale,4,2,2,1,1,1,1,0,1,30,2,3,2,0,0,1,28.0,30.0,voiture,deux_roues,1,2,2,1,1
202300003881,2023-07-14 07:30:00,2023,7,14,7,30,63,63249,Route de Courpiere,45.806083,3.515732,Plein jour,Hors agglomération,Hors intersection,Normale,Sans collision,3,2,2,0,1,1,1,0,1,90,1,1,0,1,0,0,23.0,,voiture,,1,1,1,1,7
202300003882,2023-10-23 15:40:00,2023,10,23,15,40,974,97411,JAURES (BOULEVARD JEAN),-20.90065,55.48713,Plein jour,En agglomération,Giratoire,Normale,Deux véhicules - côté,2,2,2,1,1,2,1,0,1,50,2,2,1,0,0,1,26.0,35.0,voiture,deux_roues,1,2,6,1,3
202300003882,2023-10-23 15:40:00,2023,10,23,15,40,974,97411,JAURES (BOULEVARD JEAN),-20.90065,55.48713,Plein jour,En agglomération,Giratoire,Normale,Deux véhicules - côté,2,1,2,0,1,2,1,0,1,30,2,2,1,0,0,1,26.0,35.0,voiture,deux_roues,1,2,6,1,3
202300003883,2023-05-04 15:40:00,2023,5,4,15,40,75,75107,QUAI D ORSAY,48.862284,2.30635,Plein jour,En agglomération,Intersection en T,Normale,Deux véhicules - frontale,4,1, -1,0,1,1,1,0,1,30,2,2,0,0,0,2,46.0,31.0,deux_roues,deux_roues,1,2,3,1,1
202300003883,2023-05-04 15:40:00,2023,5,4,15,40,75,75107,QUAI D ORSAY,48.862284,2.30635,Plein jour,En agglomération,Intersection en T,Normale,Deux véhicules - frontale,4,2,0,1,1,1,1,0,5,30,2,2,0,0,0,2,46.0,31.0,deux_roues,deux_roues,1,2,3,1,1
202300003884,2023-05-04 00:00:00,2023,5,4,0,0,75,75108,PLACE DE LA CONCORDE,48.867085,2.320658,Nuit avec éclairage allumé,En agglomération,Place,Normale,Deux véhicules - frontale,4,1, -1,0,1,1,1,0,5,30,2,2,1,0,0,1,28.0,37.0,deux_roues,deux_roues,5,2,7,1,1
202300003884,2023-05-04 00:00:00,2023,5,4,0,0,75,75108,PLACE DE LA CONCORDE,48.867085,2.320658,Nuit avec éclairage allumé,En agglomération,Place,Normale,Deux véhicules - frontale,4,4,4,1,1,1,1,0,5,30,2,2,1,0,0,1,28.0,37.0,deux_roues,deux_roues,5,2,7,1,1
202300003885,2023-05-04 19:30:00,2023,5,4,19,30,94,94074,Rue Théodule Jourdain /  Rue de la Ferme de la Tour,48.77041,2.44692,Plein jour,En agglomération,Giratoire,Normale,Trois véhicules et plus - collisions multiples,3,2,2,1,1,2,1,9,6,50,3,5,3,0,0,2,22.0,29.0,voiture,voiture,1,2,6,1,5
202300003885,2023-05-04 19:30:00,2023,5,4,19,30,94,94074,Rue Théodule Jourdain /  Rue de la Ferme de la Tour,48.77041,2.44692,Plein jour,En agglomération,Giratoire,Normale,Trois véhicules et plus - collisions multiples,3,2,2,1,1,3,1,0,1,-1,3,5,3,0,0,2,22.0,29.0,voiture,voiture,1,2,6,1,5
202300003886,2023-05-03 13:00:00,2023,5,3,13,0,94,94033,Av. du Maréchal de Lattre de Tassigny / A86,48.85962,2.49001,Plein jour,En agglomération,Intersection en T,Normale,Deux véhicules - arrière,1,3,4,0,1,3,1,0,1,50,2,3,2,0,0,1,31.0,71.0,utilitaire_camion,voiture,1,2,3,1,2
202300003886,2023-05-03 13:00:00,2023,5,3,13,0,94,94033,Av. du Maréchal de Lattre de Tassigny / A86,48.85962,2.49001,Plein jour,En agglomération,Intersection en T,Normale,Deux véhicules - arrière,1,3,4,-1,1,3,1,3,1,-1,2,3,2,0,0,1,31.0,71.0,utilitaire_camion,voiture,1,2,3,1,2
202300003887,2023-05-04 00:40:00,2023,5,4,0,40,93,93064,Rue Evariste Galois,48.86292165,2.48707674,Nuit avec éclairage allumé,En agglomération,Hors intersection,Normale,Autre collision,4,2,0,0,1,1,1,0,8,50,1,2,0,0,0,2,23.0,,voiture,,5,2,1,1,6
202300003888,2023-05-04 19:45:00,2023,5,4,19,45,93,93055,Avenue du Général Leclerc / Rue Delizy,48.89827,2.40629,Plein jour,En agglomération,Intersection en T,Normale,Deux véhicules - frontale,3,3,2,1,1,1,1,0,8,25,2,2,1,0,0,1,38.0,,deux_roues,autre,1,2,3,1,1
202300003888,2023-05-04 19:45:00,2023,5,4,19,45,93,93055,Avenue du Général Leclerc / Rue Delizy,48.89827,2.40629,Plein jour,En agglomération,Intersection en T,Normale,Deux véhicules - frontale,3,3,2,-1,1,1,1,0,1,-1,2,2,1,0,0,1,38.0,,deux_roues,autre,1,2,3,1,1
202300003889,2023-05-04 21:45:00,2023,5,4,21,45,93,93048,Rue Lenain de Tillemont / Rue du Bel Air,48.86071203,2.45976652,Nuit avec éclairage allumé,En agglomération,Intersection en X,Normale,Deux véhicules - côté,4,2,1,0,1,1,1,0,1,20,2,2,1,0,1,0,22.0,19.0,deux_roues,voiture,5,2,2,1,3
202300003889,2023-05-04 21:45:00,2023,5,4,21,45,93,93048,Rue Lenain de Tillemont / Rue du Bel Air,48.86071203,2.45976652,Nuit avec éclairage allumé,En agglomération,Intersection en X,Normale,Deux véhicules - côté,4,1,1,0,1,1,1,0,1,20,2,2,1,0,1,0,22.0,19.0,deux_roues,voiture,5,2,2,1,3
202300003890,2023-05-04 18:05:00,2023,5,4,18,5,93,93048,Bd Paul Vaillant Couturier / Avenue Pasteur,48.86291,2.44163,Plein jour,En agglomération,Intersection en X,Normale,Deux véhicules - arrière,3,1,1,3,1,1,1,0,1,-1,2,2,1,0,0,1,,36.0,autre,deux_roues,1,2,2,1,2
202300003890,2023-05-04 18:05:00,2023,5,4,18,5,93,93048,Bd Paul Vaillant Couturier / Avenue Pasteur,48.86291,2.44163,Plein jour,En agglomération,Intersection en X,Normale,Deux véhicules - arrière,3,2,2,3,2,1,1,0,1,50,2,2,1,0,0,1,,36.0,autre,deux_roues,1,2,2,1,2
202300003891,2023-05-04 08:45:00,2023,5,4,8,45,93,93066,Avenue Paul Vaillant-couturier / Rue Albert Einstein,48.93448992,2.36721168,Plein jour,En agglomération,Intersection en T,Normale,Deux véhicules - frontale,4,1,1,0,1,1,1,0,1,50,2,2,1,0,0,1,25.0,48.0,voiture,deux_roues,1,2,3,1,1
202300003891,2023-05-04 08:45:00,2023,5,4,8,45,93,93066,Avenue Paul Vaillant-couturier / Rue Albert Einstein,48.93448992,2.36721168,Plein jour,En agglomération,Intersection en T,Normale,Deux véhicules - frontale,4,2,2,0,1,1,1,0,1,50,2,2,1,0,0,1,25.0,48.0,voiture,deux_roues,1,2,3,1,1
202300003892,2023-05-04 09:06:00,2023,5,4,9,6,93,93029,Rue Charles Gide / Rue du Domaine,48.9171,2.44428,Plein jour,En agglomération,Intersection en T,Normale,Deux véhicules - côté,4,2,2,0,1,1,1,0,1,50,2,2,1,0,0,1,25.0,33.0,deux_roues,voiture,1,2,3,1,3
202300003892,2023-05-04 09:06:00,2023,5,4,9,6,93,93029,Rue Charles Gide / Rue du Domaine,48.9171,2.44428,Plein jour,En agglomération,Intersection en T,Normale,Deux véhicules - côté,4,2,2,0,1,1,1,0,1,50,2,2,1,0,0,1,25.0,33.0,deux_roues,voiture,1,2,3,1,3
202300003893,2023-05-04 07:55:00,2023,5,4,7,55,93,93014,Allée de Montfermeil,48.89921883,2.54166716,Plein jour,En agglomération,Hors intersection,Normale,Deux véhicules - côté,3,2,2,0,1,1,1,0,1,50,2,2,1,0,0,1,27.0,53.0,deux_roues,voiture,1,2,1,1,3
202300003894,2023-05-04 18:10:00,2023,5,4,18,10,92,92046,AVAULEE (RUE),48.81558,2.29033,Plein jour,En agglomération,Hors intersection,Normale,Deux véhicules - frontale,4,2,1,1,2,1,1,0,5,30,2,2,1,0,1,0,23.0,66.0,deux_roues,deux_roues,1,2,1,1,1
202300003895,2023-05-03 11:05:00,2023,5,3,11,5,92,92051,GENERAL LANREZAC (RUE),48.88534,2.25675,Plein jour,En agglomération,Hors intersection,Normale,Deux véhicules - côté,4,1,0,0,2,1,1,0,1,-1,2,2,1,0,0,1,52.0,49.0,voiture,utilitaire_camion,1,2,1,1,3
202300003896,2023-05-03 07:55:00,2023,5,3,7,55,92,92025,STALINGRAD (AV DE),48.930818,2.267298,Plein jour,En agglomération,Hors intersection,Normale,Autre collision,4,2,2,0,1,1,1,6,1,50,1,2,1,0,0,1,58.0,,transport_commun,,1,2,1,1,6
202300003897,2023-05-04 08:45:00,2023,5,4,8,45,92,92024,JEAN JAURES (BD) DE 47 A 109)   (56 A 14,48.90703724,2.30057895,Plein jour,En agglomération,Hors intersection,Normale,Deux véhicules - côté,3,1,3,1,1,1,1,0,5,50,2,2,1,0,0,1,29.0,48.0,deux_roues,utilitaire_camion,1,2,1,1,3
202300003898,2023-05-04 16:00:00,2023,5,4,16,0,92,92012,GEORGES GORSE (QUAI),48.82387,2.23782,Plein jour,En agglomération,Hors intersection,Normale,Deux véhicules - frontale,3,2,3,1,1,2,1,0,1,50,2,2,1,0,0,1,34.0,33.0,deux_roues,voiture,1,2,1,1,1
202300003899,2023-05-03 18:50:00,2023,5,3,18,50,92,92004,VOLTAIRE  ( PLACE ),48.91256,2.29601,Plein jour,En agglomération,Hors intersection,Normale,Deux véhicules - arrière,3,-1,1,0,1,1,1,0,1,50,2,2,1,0,0,1,24.0,35.0,deux_roues,utilitaire_camion,1,2,1,1,2
202300003900,2023-05-01 18:30:00,2023,5,1,18,30,38,38238,RD 502,45.501038,5.011289,Plein jour,Hors agglomération,Intersection en X,Normale,Deux véhicules - côté,3,2,1,0,1,1,1,0,1,80,2,4,0,0,0,4,31.0,21.0,voiture,voiture,1,1,2,1,3
202300003900,2023-05-01 18:30:00,2023,5,1,18,30,38,38238,RD 502,45.501038,5.011289,Plein jour,Hors agglomération,Intersection en X,Normale,Deux véhicules - côté,3,2,1,0,1,1,1,5,1,80,2,4,0,0,0,4,31.0,21.0,voiture,voiture,1,1,2,1,3
202300003901,2023-05-03 12:10:00,2023,5,3,12,10,68,68112,18 rue de la commanderie,47.909676,7.207152,Plein jour,En agglomération,Intersection en T,Normale,Deux véhicules - côté,4,1,1,1,1,1,1,0,5,50,2,2,1,0,0,1,9.0,34.0,deux_roues,voiture,1,2,3,1,3
202300003901,2023-05-03 12:10:00,2023,5,3,12,10,68,68112,18 rue de la commanderie,47.909676,7.207152,Plein jour,En agglomération,Intersection en T,Normale,Deux véhicules - côté,4,-1, -1,0,2,1,1,0,8,20,2,2,1,0,0,1,9.0,34.0,deux_roues,voiture,1,2,3,1,3
202300003902,2023-05-02 07:44:00,2023,5,2,7,44,49,49092,Rue d'Anjou de la Chapelle (La Chapelle-Rousselin),47.21356,-0.793038,Plein jour,En agglomération,Intersection en T,Normale,Deux véhicules - côté,3,2,2,0,1,1,1,0,1,50,2,2,1,0,0,1,58.0,34.0,voiture,deux_roues,1,2,3,1,3
202300003902,2023-05-02 07:44:00,2023,5,2,7,44,49,49092,Rue d'Anjou de la Chapelle (La Chapelle-Rousselin),47.21356,-0.793038,Plein jour,En agglomération,Intersection en T,Normale,Deux véhicules - côté,3,2, -1,-1,1,1,1,0,1,-1,2,2,1,0,0,1,58.0,34.0,voiture,deux_roues,1,2,3,1,3
202300003903,2023-04-27 04:30:00,2023,4,27,4,30,81,81059,D84,43.88372,2.106843,Nuit sans éclairage public,En agglomération,Hors intersection,Normale,Autre collision,3,2,2,0,2,1,1,0,3,50,1,1,0,0,1,0,26.0,,voiture,,3,2,1,1,6
202300003904,2023-03-26 14:30:00,2023,3,26,14,30,28,28409,a11 - pk 089.000,48.277884,1.195064,Plein jour,Hors agglomération,Autre intersection,Normale,Deux véhicules - arrière,1,3,3,0,1,1,1,0,1,130,2,3,2,0,0,1,69.0,70.0,voiture,voiture,1,1,9,1,2
202300003905,2023-05-04 18:05:00,2023,5,4,18,5,38,38105,D1075,45.422823,5.557816,Plein jour,Hors agglomération,Hors intersection,Normale,Deux véhicules - arrière,3,2,2,0,1,1,1,0,3,90,2,2,1,0,1,0,51.0,30.0,deux_roues,utilitaire_camion,1,1,1,1,2
202300003906,2023-05-05 12:50:00,2023,5,5,12,50,38,38239,D1085,45.326365,5.580277,Plein jour,En agglomération,Hors intersection,Normale,Deux véhicules - côté,3,2,2,0,1,1,1,0,1,70,2,3,1,0,2,0,45.0,64.0,voiture,deux_roues,1,2,1,1,3
202300003907,2023-05-03 10:45:00,2023,5,3,10,45,971,97132,Route de Sapotille,15.981324,-61.625893,Plein jour,Hors agglomération,Hors intersection,Normale,Autre collision,2,3,2,0,2,2,1,5,8,80,1,1,0,0,1,0,32.0,,deux_roues,,1,1,1,1,6
202300003908,2023-05-04 19:40:00,2023,5,4,19,40,60,60176,Rue Marie Rotsen,49.22357162,2.89189679,Plein jour,En agglomération,Giratoire,Normale,Deux véhicules - frontale,3,2,2,0,1,1,1,0,1,50,2,2,1,0,0,1,46.0,13.0,utilitaire_camion,deux_roues,1,2,6,1,1
202300003909,2023-05-05 09:10:00,2023,5,5,9,10,83,83019,2799 avenue lou mistraou,43.143364,6.328002,Plein jour,En agglomération,Hors intersection,Normale,Deux véhicules - arrière,3,2,2,0,1,1,1,0,1,70,2,2,1,0,1,0,37.0,,deux_roues,utilitaire_camion,1,2,1,1,2
202300003910,2023-05-03 11:30:00,2023,5,3,11,30,56,56147,Le Soleil Levant,47.522247,-2.277233,Plein jour,Hors agglomération,Hors intersection,Normale,Deux véhicules - frontale,3,2,2,0,1,1,1,0,1,80,2,2,0,0,1,1,46.0,74.0,voiture,voiture,1,1,1,1,1
202300003911,2023-05-04 16:15:00,2023,5,4,16,15,67,67066,94 Rue du Général de Gaulle,48.472815,7.215373,Plein jour,En agglomération,Hors intersection,Normale,Autre collision,6,-1, -1,0,1,1,1,0,8,-1,1,2,1,0,0,1,45.0,,voiture,,1,2,1,1,6
202300003912,2023-05-05 17:20:00,2023,5,5,17,20,2A,2A006,D561 PEASE DI LEAVE,41.974891,8.744165,Plein jour,Hors agglomération,Hors intersection,Normale,Autre collision,3,2,2,0,2,2,1,0,3,80,2,4,0,0,0,4,48.0,22.0,deux_roues,voiture,1,1,1,1,6
202300003913,2023-05-02 10:45:00,2023,5,2,10,45,80,80782,RD 12,49.955748,2.231169,Plein jour,Hors agglomération,Hors intersection,Normale,Deux véhicules - côté,3,2,2,0,1,1,1,0,1,80,2,2,0,0,1,1,61.0,36.0,voiture,voiture,1,1,1,1,3