accident_id,datetime,annee,mois,jour,heure,minute,departement,commune_insee,adresse,latitude,longitude,luminosite,agglomeration,intersection,meteo,collision,catr,circ,nbv,vosp,prof,plan,surf,infra,situ,vma,nb_vehicules,nb_usagers,nb_indemnes,nb_tues,nb_blesses_hosp,nb_blesses_legers,age_cond_1,age_cond_2,veh_type_cond_1,veh_type_cond_2,lum_code,agg_code,int_code,atm_code,col_code
202300003914,2023-05-05 12:20:00,2023,5,5,12,20,81,81288,D151,43.446797,2.042191,Plein jour,Hors agglomération,Hors intersection,Normale,Sans collision,3,2,2,0,2,4,1,0,8,80,1,2,0,0,2,0,74.0,,voiture,,1,1,1,1,7
202300003915,2023-05-03 12:10:00,2023,5,3,12,10,71,71269,13-15 route de lyon,46.751965,4.84835,Plein jour,En agglomération,Hors intersection,Normale,Autre collision,3,2,2,0,1,1,1,0,1,50,1,2,0,0,1,1,60.0,,deux_roues,,1,2,1,1,6
202300003916,2023-05-04 08:20:00,2023,5,4,8,20,47,47168,295 Route de Saint Barthelemy,44.586582,0.361401,Plein jour,Hors agglomération,Hors intersection,Normale,Deux véhicules - frontale,3,2,2,0,1,1,1,0,1,70,2,2,1,0,1,0,41.0,85.0,utilitaire_camion,voiture,1,1,1,1,1
202300003917,2023-02-10 15:20:00,2023,2,10,15,20,51,51599,D944,49.087457,4.276621,Plein jour,Hors agglomération,Hors intersection,Normale,Sans collision,3,2,2,0,1,1,1,9,8,90,1,2,1,0,1,0,62.0,,voiture,,1,1,1,1,7
202300003918,2023-05-04 21:04:00,2023,5,4,21,4,41,41115,Route des Tailles de l'Abbaye,47.857644,1.183203,Crépuscule ou aube,Hors agglomération,Intersection en T,Normale,Sans collision,4,2,2,0,1,1,1,0,1,50,1,1,0,0,1,0,17.0,,deux_roues,,2,1,3,1,7
202300003918,2023-05-04 21:04:00,2023,5,4,21,4,41,41115,Route des Tailles de l'Abbaye,47.857644,1.183203,Crépuscule ou aube,Hors agglomération,Intersection en T,Normale,Sans collision,4,2, -1,-1,-1,-1,-1,-1,-1,-1,1,1,0,0,1,0,17.0,,deux_roues,,2,1,3,1,7
202300003919,2023-02-12 20:15:00,2023,2,12,20,15,84,84099,D 31,43.871489,5.081778,Nuit sans éclairage public,Hors agglomération,Hors intersection,Normale,Deux véhicules - frontale,3,2,2,0,1,1,1,0,1,80,2,2,0,0,2,0,32.0,37.0,voiture,voiture,3,1,1,1,1
202300003920,2023-02-12 17:40:00,2023,2,12,17,40,41,41188,bois de Boisseleau,47.764073,1.294509,Crépuscule ou aube,Hors agglomération,Hors intersection,Normale,Autre collision,4,2,2,0,1,1,1,0,3,80,1,1,0,0,0,1,34.0,,deux_roues,,2,1,1,1,6
202300003921,2023-05-02 15:30:00,2023,5,2,15,30,22,22211,D11,48.692816,-3.444707,Plein jour,Hors agglomération,Intersection en Y,Normale,Deux véhicules - côté,3,2,2,0,1,3,1,5,1,80,2,2,1,0,0,1,66.0,67.0,voiture,deux_roues,1,1,4,1,3
202300003921,2023-05-02 15:30:00,2023,5,2,15,30,22,22211,D11,48.692816,-3.444707,Plein jour,Hors agglomération,Intersection en Y,Normale,Deux véhicules - côté,3,2,2,0,1,3,1,5,1,80,2,2,1,0,0,1,66.0,67.0,voiture,deux_roues,1,1,4,1,3
202300003922,2023-02-13 08:20:00,2023,2,13,8,20,51,51621,D67,49.20265624,4.97516245,Plein jour,Hors agglomération,Hors intersection,Normale,Deux véhicules - côté,3,2,2,0,1,2,2,0,1,80,2,3,2,0,1,0,21.0,34.0,voiture,voiture,1,1,1,1,3
202300003923,2023-05-03 14:25:00,2023,5,3,14,25,29,29117,Avenue général de Gaulle,48.5816241,-4.52138246,Plein jour,En agglomération,Giratoire,Normale,Sans collision,3,1,2,0,1,1,1,5,1,50,1,1,0,0,1,0,67.0,,deux_roues,,1,2,6,1,7
202300003924,2023-01-22 18:00:00,2023,1,22,18,0,56,56027,,47.922328,-2.668442,Nuit sans éclairage public,Hors agglomération,Hors intersection,Normale,Autre collision,2,3,4,0,1,1,1,0,3,110,1,2,0,0,2,0,81.0,,voiture,,3,1,1,1,6
202300003925,2023-05-04 10:30:00,2023,5,4,10,30,31,31042,Allees d'Etigny,42.794084,0.596696,Plein jour,En agglomération,Hors intersection,Normale,Autre collision,3,1,1,0,1,2,1,0,1,50,1,2,1,0,1,0,70.0,,voiture,,1,2,1,1,6
202300003926,2023-02-08 10:05:00,2023,2,8,10,5,56,56157,rue de kerambourg,47.779882,-2.693367,Plein jour,En agglomération,Intersection en T,Normale,Autre collision,3,2,2,0,2,1,1,0,3,30,1,1,0,0,1,0,53.0,,voiture,,1,2,3,1,6
202300003926,2023-02-08 10:05:00,2023,2,8,10,5,56,56157,rue de kerambourg,47.779882,-2.693367,Plein jour,En agglomération,Intersection en T,Normale,Autre collision,3,2,2,-1,1,1,1,0,3,30,1,1,0,0,1,0,53.0,,voiture,,1,2,3,1,6
202300003927,2023-02-12 11:30:00,2023,2,12,11,30,77,77197,D75A / D15,48.707226,3.197939,Plein jour,Hors agglomération,Intersection en T,Normale,Sans collision,3,2,2,0,2,3,9,0,1,80,1,1,0,0,1,0,54.0,,deux_roues,,1,1,3,1,7
202300003927,2023-02-12 11:30:00,2023,2,12,11,30,77,77197,D75A / D15,48.707226,3.197939,Plein jour,Hors agglomération,Intersection en T,Normale,Sans collision,3,2,2,-1,1,1,-1,0,1,-1,1,1,0,0,1,0,54.0,,deux_roues,,1,1,3,1,7
202300003928,2023-02-13 10:50:00,2023,2,13,10,50,80,80680,Route de Vauvillers,49.825681,2.712293,Plein jour,En agglomération,Hors intersection,Normale,Deux véhicules - arrière,3,1,1,0,1,1,1,0,3,50,2,2,1,0,0,1,74.0,,voiture,,1,2,1,1,2
202300003929,2023-02-10 14:30:00,2023,2,10,14,30,65,65075,Pe de Trey,42.856344,0.349658,Plein jour,En agglomération,Intersection en X,Normale,Autre collision,3,2,2,0,1,1,1,0,1,50,1,2,1,1,0,0,52.0,,utilitaire_camion,,1,2,2,1,6
202300003929,2023-02-10 14:30:00,2023,2,10,14,30,65,65075,Pe de Trey,42.856344,0.349658,Plein jour,En agglomération,Intersection en X,Normale,Autre collision,3,2,1,-1,2,3,1,0,1,50,1,2,1,1,0,0,52.0,,utilitaire_camion,,1,2,2,1,6
202300003930,2023-05-04 12:45:00,2023,5,4,12,45,38,38416,Avenue de Provence,45.150773,5.316465,Plein jour,En agglomération,Intersection en T,Normale,Deux véhicules - côté,3,2,2,2,1,1,1,0,1,50,2,2,1,0,1,0,61.0,22.0,voiture,deux_roues,1,2,3,1,3
202300003930,2023-05-04 12:45:00,2023,5,4,12,45,38,38416,Avenue de Provence,45.150773,5.316465,Plein jour,En agglomération,Intersection en T,Normale,Deux véhicules - côté,3,2,2,0,1,1,1,0,1,50,2,2,1,0,1,0,61.0,22.0,voiture,deux_roues,1,2,3,1,3
202300003931,2023-02-12 17:35:00,2023,2,12,17,35,33,33544,D1215,45.535032,-1.099255,Plein jour,Hors agglomération,Intersection en X,Normale,Deux véhicules - côté,3,2,2,0,1,1,1,0,1,80,2,3,2,0,1,0,24.0,56.0,deux_roues,voiture,1,1,2,1,3
202300003931,2023-02-12 17:35:00,2023,2,12,17,35,33,33544,D1215,45.535032,-1.099255,Plein jour,Hors agglomération,Intersection en X,Normale,Deux véhicules - côté,3,2, -1,-1,1,3,1,0,1,-1,2,3,2,0,1,0,24.0,56.0,deux_roues,voiture,1,1,2,1,3
202300003932,2023-05-01 18:00:00,2023,5,1,18,0,02,02816,,49.176464,3.535784,Plein jour,Hors agglomération,Hors intersection,Normale,Sans collision,4,2,2,0,1,1,1,0,1,-1,1,1,0,0,1,0,39.0,,deux_roues,,1,1,1,1,7
202300003933,2023-02-12 20:25:00,2023,2,12,20,25,33,33128,Route de Goulee,45.33321,-0.91988,Nuit sans éclairage public,Hors agglomération,Hors intersection,Normale,Deux véhicules - frontale,3,2,2,0,1,1,1,0,1,80,2,4,1,0,1,2,74.0,40.0,voiture,voiture,3,1,1,1,1
202300003934,2023-02-12 17:25:00,2023,2,12,17,25,61,61075,D24 PR 17+800,48.49124,-0.632824,Plein jour,En agglomération,Hors intersection,Normale,Autre collision,3,2,2,0,4,2,1,0,3,70,1,2,1,0,1,0,69.0,,voiture,,1,2,1,1,6
202300003935,2023-05-04 21:00:00,2023,5,4,21,0,15,15267,RD 120,44.935356,2.39421,Nuit avec éclairage allumé,Hors agglomération,Intersection en X,Normale,Deux véhicules - côté,3,2,2,0,1,1,1,0,1,70,2,2,1,0,1,0,64.0,18.0,voiture,deux_roues,5,1,2,1,3
202300003935,2023-05-04 21:00:00,2023,5,4,21,0,15,15267,RD 120,44.935356,2.39421,Nuit avec éclairage allumé,Hors agglomération,Intersection en X,Normale,Deux véhicules - côté,3,2,2,0,2,1,1,0,1,70,2,2,1,0,1,0,64.0,18.0,voiture,deux_roues,5,1,2,1,3
202300003936,2023-02-12 15:35:00,2023,2,12,15,35,49,49155,Le Pas,47.571622,-0.706505,Plein jour,Hors agglomération,Hors intersection,Normale,Sans collision,4,2,2,0,1,2,1,0,1,-1,1,2,1,0,0,1,21.0,,deux_roues,,1,1,1,1,7
202300003937,2023-05-05 16:15:00,2023,5,5,16,15,01,01447,D42,46.207718,5.406797,Plein jour,Hors agglomération,Intersection en T,Normale,Autre collision,3,2,2,0,1,3,1,0,3,80,1,1,0,0,1,0,68.0,,deux_roues,,1,1,3,1,6
202300003937,2023-05-05 16:15:00,2023,5,5,16,15,01,01447,D42,46.207718,5.406797,Plein jour,Hors agglomération,Intersection en T,Normale,Autre collision,3,2,2,0,1,1,1,0,1,80,1,1,0,0,1,0,68.0,,deux_roues,,1,1,3,1,6
202300003938,2023-02-12 08:00:00,2023,2,12,8,0,49,49057,D156,47.16651174,-0.4941097,Plein jour,Hors agglomération,Hors intersection,Temps couvert,Deux véhicules - frontale,3,2,2,0,1,1,1,0,1,80,2,6,1,0,1,4,30.0,23.0,voiture,voiture,1,1,1,8,1
202300003939,2023-02-12 21:40:00,2023,2,12,21,40,39,39475,10 Rue Philibert de la Beaume,46.440726,5.335354,Nuit avec éclairage allumé,Hors agglomération,Autre intersection,Brouillard / fumée,Autre collision,4,2,2,0,1,3,9,0,8,70,1,1,0,0,0,1,36.0,,voiture,,5,1,9,5,6
202300003940,2023-05-03 21:40:00,2023,5,3,21,40,26,26324,D59,44.358247,4.739496,Nuit sans éclairage public,Hors agglomération,Hors intersection,Normale,Deux véhicules - arrière,3,2,3,0,1,1,1,0,1,80,2,2,1,1,0,0,60.0,61.0,deux_roues,utilitaire_camion,3,1,1,1,2
202300003941,2023-02-13 10:25:00,2023,2,13,10,25,25,25403,D447,47.012523,6.627347,Plein jour,Hors agglomération,Intersection en Y,Normale,Deux véhicules - côté,3,2,2,0,1,3,2,0,1,80,2,2,1,0,1,0,50.0,73.0,utilitaire_camion,voiture,1,1,4,1,3
202300003941,2023-02-13 10:25:00,2023,2,13,10,25,25,25403,D447,47.012523,6.627347,Plein jour,Hors agglomération,Intersection en Y,Normale,Deux véhicules - côté,3,-1, -1,-1,1,1,2,0,1,-1,2,2,1,0,1,0,50.0,73.0,utilitaire_camion,voiture,1,1,4,1,3
202300003942,2023-05-05 18:00:00,2023,5,5,18,0,58,58145,D170,47.278574,3.805572,Plein jour,Hors agglomération,Hors intersection,Normale,Autre collision,3,2,2,0,4,3,1,0,3,80,1,1,0,0,1,0,25.0,,deux_roues,,1,1,1,1,6
202300003943,2023-02-13 11:25:00,2023,2,13,11,25,44,44061,,47.23834,-1.95738,Plein jour,Hors agglomération,Hors intersection,Normale,Autre collision,3,2,2,0,1,1,1,0,1,80,1,1,0,0,1,0,32.0,,voiture,,1,1,1,1,6
202300003944,2023-05-04 20:15:00,2023,5,4,20,15,72,72386,D313,48.00507,0.246098,Plein jour,Hors agglomération,Hors intersection,Normale,Deux véhicules - arrière,3,3,4,3,2,1,1,0,1,90,2,2,1,0,1,0,40.0,31.0,deux_roues,deux_roues,1,1,1,1,2
202300003945,2023-02-12 22:15:00,2023,2,12,22,15,29,29302,D770,48.267537,-4.078752,Nuit sans éclairage public,Hors agglomération,Intersection en T,Normale,Autre collision,3,2,2,0,1,1,1,0,1,70,1,5,3,0,0,2,20.0,,voiture,,3,1,3,1,6
202300003945,2023-02-12 22:15:00,2023,2,12,22,15,29,29302,D770,48.267537,-4.078752,Nuit sans éclairage public,Hors agglomération,Intersection en T,Normale,Autre collision,3,2, -1,-1,1,1,1,5,1,-1,1,5,3,0,0,2,20.0,,voiture,,3,1,3,1,6
202300003946,2023-02-13 13:40:00,2023,2,13,13,40,02,02349,,49.499051,3.852103,Plein jour,Hors agglomération,Hors intersection,Normale,Deux véhicules - arrière,3,2,2,0,1,1,1,0,1,80,2,2,1,0,0,1,32.0,73.0,voiture,voiture,1,1,1,1,2
202300003947,2023-05-05 12:00:00,2023,5,5,12,0,21,21003,26 Rue de Dijon,47.364598,5.028212,Plein jour,En agglomération,Hors intersection,Normale,Autre collision,7,2,2,1,1,1,1,0,1,50,1,2,0,0,1,1,26.0,,voiture,,1,2,1,1,6
202300003948,2023-02-10 14:20:00,2023,2,10,14,20,84,84077,chemin du combeau,44.100055,5.12439,Plein jour,Hors agglomération,Hors intersection,Normale,Autre collision,4,2,2,0,2,2,1,0,3,30,1,1,0,0,1,0,67.0,,deux_roues,,1,1,1,1,6
202300003949,2023-02-12 15:25:00,2023,2,12,15,25,03,03128,D71,46.387253,2.464917,Plein jour,Hors agglomération,Hors intersection,Normale,Deux véhicules - côté,3,2,2,0,1,1,1,0,1,-1,2,2,1,0,1,0,16.0,58.0,deux_roues,voiture,1,1,1,1,3
202300003950,2023-04-29 19:15:00,2023,4,29,19,15,21,21086,11 Rue de l'Eglise,46.985376,4.826614,Plein jour,En agglomération,Hors intersection,Normale,Autre collision,3,4,2,0,1,1,1,0,3,50,1,2,0,0,0,2,41.0,,voiture,,1,2,1,1,6
202300003951,2023-02-13 08:05:00,2023,2,13,8,5,58,58243,D10,46.916674,3.665413,Plein jour,Hors agglomération,Hors intersection,Normale,Sans collision,3,2,2,0,2,1,7,0,3,80,1,1,0,0,0,1,32.0,,voiture,,1,1,1,1,7
202300003952,2023-05-05 11:58:00,2023,5,5,11,58,27,27428,Rue de Verdun,49.150412,0.906925,Plein jour,En agglomération,Hors intersection,Temps éblouissant,Autre collision,4,2,2,0,1,2,1,0,1,50,1,2,1,0,1,0,38.0,,voiture,,1,2,1,7,6
202300003953,2023-02-12 17:40:00,2023,2,12,17,40,54,54228,D22,48.443067,6.500559,Crépuscule ou aube,Hors agglomération,Hors intersection,Temps éblouissant,Sans collision,3,2,2,0,3,3,2,0,3,80,1,1,0,0,1,0,62.0,,deux_roues,,2,1,1,7,7
202300003954,2023-02-13 07:24:00,2023,2,13,7,24,50,50369,Route de la Paperie,49.521434,-1.5536,Crépuscule ou aube,Hors agglomération,Hors intersection,Brouillard / fumée,Autre collision,3,2,2,0,1,1,1,0,3,80,2,2,1,0,1,0,17.0,,deux_roues,,2,1,1,5,6
202300003955,2023-05-05 12:30:00,2023,5,5,12,30,28,28018,D9,48.214501,0.879958,Plein jour,Hors agglomération,Hors intersection,Normale,Deux véhicules - frontale,3,2,2,0,2,4,1,0,1,70,2,2,0,0,1,1,35.0,36.0,voiture,voiture,1,1,1,1,1
202300003956,2023-02-12 21:45:00,2023,2,12,21,45,50,50567,Les Fosses,49.579555,-1.507938,Nuit sans éclairage public,Hors agglomération,Hors intersection,Normale,Autre collision,4,2,2,0,2,2,2,0,1,80,1,1,0,0,1,0,30.0,,voiture,,3,1,1,1,6
202300003957,2023-02-13 18:45:00,2023,2,13,18,45,50,50582,la petite moriniere,48.731526,-0.918506,Nuit sans éclairage public,Hors agglomération,Hors intersection,Normale,Deux véhicules - arrière,3,2,2,0,3,1,1,0,1,80,2,2,1,0,1,0,65.0,21.0,deux_roues,voiture,3,1,1,1,2
202300003958,2023-05-04 18:00:00,2023,5,4,18,0,06,06152,300 Route de Biot,43.643026,7.024295,Plein jour,Hors agglomération,Hors intersection,Normale,Deux véhicules - frontale,3,2,2,0,1,1,1,0,1,50,2,2,1,0,1,0,20.0,36.0,voiture,deux_roues,1,1,1,1,1
202300003959,2023-02-10 06:30:00,2023,2,10,6,30,45,45146,D2020 PR 46 + 100,47.753766,1.936319,Nuit sans éclairage public,Hors agglomération,Hors intersection,Normale,Deux véhicules - frontale,3,2,2,0,1,1,1,0,1,90,2,2,0,0,1,1,25.0,62.0,voiture,voiture,3,1,1,1,1
202300003960,2023-02-12 18:10:00,2023,2,12,18,10,64,64014,D20,43.313805,-1.495224,Plein jour,Hors agglomération,Hors intersection,Normale,Deux véhicules - côté,3,2,2,0,2,1,1,0,1,80,2,3,1,0,2,0,43.0,65.0,voiture,deux_roues,1,1,1,1,3
202300003961,2023-04-27 23:20:00,2023,4,27,23,20,06,06085,avenue général de gaulle,43.60587,7.011842,Nuit avec éclairage allumé,En agglomération,Hors intersection,Normale,Deux véhicules - frontale,3,3,2,1,2,2,1,0,1,50,2,3,0,0,0,3,34.0,33.0,voiture,utilitaire_camion,5,2,1,1,1
202300003962,2023-02-13 15:15:00,2023,2,13,15,15,07,07308,D86,45.181255,4.800258,Plein jour,Hors agglomération,Hors intersection,Normale,Deux véhicules - côté,3,2,2,0,1,1,1,0,1,50,2,2,1,0,0,1,55.0,20.0,deux_roues,voiture,1,1,1,1,3
202300003963,2023-05-03 17:30:00,2023,5,3,17,30,987,98745,PK 26.5 - Quartier Motutairi - District Vaitoare,-16.62,-151.496,Nuit sans éclairage public,En agglomération,Hors intersection,Normale,Sans collision,2,2,2,0,1,3,1,0,1,40,1,2,0,0,1,1,23.0,,deux_roues,,3,2,1,1,7
202300003964,2023-02-12 02:35:00,2023,2,12,2,35,07,07303,D265,44.788308,4.655982,Nuit sans éclairage public,Hors agglomération,Hors intersection,Autre,Autre collision,3,2,2,0,2,3,7,0,3,90,1,2,0,0,1,1,36.0,,voiture,,3,1,1,9,6
202300003965,2023-02-13 07:10:00,2023,2,13,7,10,53,53018,la neslerie,47.914041,-1.061811,Nuit sans éclairage public,Hors agglomération,Hors intersection,Brouillard / fumée,Trois véhicules et plus - en chaîne,3,2,2,0,1,1,1,0,1,80,3,3,2,0,1,0,36.0,49.0,utilitaire_camion,voiture,3,1,1,5,4
202300003966,2023-05-03 22:10:00,2023,5,3,22,10,06,06123,A8,43.667344,7.194296,Nuit avec éclairage allumé,Hors agglomération,Hors intersection,Normale,Deux véhicules - côté,1,3,6,0,1,3,1,0,1,50,2,2,1,0,1,0,43.0,63.0,deux_roues,voiture,5,1,1,1,3
202300003967,2023-02-12 16:11:00,2023,2,12,16,11,87,87124,Route de Nexon,45.668334,1.112473,Plein jour,Hors agglomération,Hors intersection,Normale,Sans collision,3,2,2,0,3,2,1,0,3,80,1,2,0,0,2,0,63.0,,deux_roues,,1,1,1,1,7
202300003968,2023-05-05 07:25:00,2023,5,5,7,25,974,97408,88 Rue Mahatma Gandhi,-20.944134,55.328767,Plein jour,En agglomération,Autre intersection,Normale,Deux véhicules - côté,2,2,2,3,2,1,1,5,1,50,2,2,1,0,0,1,52.0,17.0,voiture,deux_roues,1,2,9,1,3
202300003969,2023-02-07 20:40:00,2023,2,7,20,40,87,87001,25 Avenue du Général de Gaulle,45.796311,1.146795,Nuit avec éclairage allumé,En agglomération,Hors intersection,Normale,Autre collision,2,2,2,0,1,1,1,0,1,50,2,2,1,0,0,1,25.0,19.0,voiture,voiture,5,2,1,1,6
202300003970,2023-02-12 20:10:00,2023,2,12,20,10,03,03118,A71 PK 348+750,46.1087242,3.13827038,Nuit sans éclairage public,Hors agglomération,Hors intersection,Normale,Deux véhicules - arrière,1,3,4,0,2,3,1,0,1,110,2,3,2,0,0,1,74.0,25.0,utilitaire_camion,voiture,3,1,1,1,2
202300003971,2023-05-04 14:30:00,2023,5,4,14,30,972,97228,RN1 - DERRIERE MORNE,14.758532,-60.98088,Plein jour,Hors agglomération,Hors intersection,Pluie forte,Deux véhicules - frontale,2,2,3,0,2,2,2,0,1,80,2,3,0,0,1,2,31.0,34.0,voiture,voiture,1,1,1,3,1
202300003972,2023-02-12 12:29:00,2023,2,12,12,29,06,06104,Roquebrune-Cap Martin (Embranchement d'autoroute),43.758387,7.443924,Plein jour,Hors agglomération,Hors intersection,Normale,Sans collision,1,3,2,0,2,3,1,3,1,50,1,1,0,0,0,1,73.0,,deux_roues,,1,1,1,1,7
202300003973,2023-05-04 17:55:00,2023,5,4,17,55,77,77474,N3,48.957813,2.805612,Plein jour,Hors agglomération,Intersection à plus de 4 branches,Normale,Deux véhicules - arrière,2,2,0,0,1,1,1,0,1,70,2,2,1,0,0,1,50.0,73.0,voiture,voiture,1,1,5,1,2
202300003973,2023-05-04 17:55:00,2023,5,4,17,55,77,77474,N3,48.957813,2.805612,Plein jour,Hors agglomération,Intersection à plus de 4 branches,Normale,Deux véhicules - arrière,2,2,2,-1,-1,-1,-1,-1,-1,80,2,2,1,0,0,1,50.0,73.0,voiture,voiture,1,1,5,1,2
202300003974,2023-05-04 17:10:00,2023,5,4,17,10,91,91494,D19,48.615236,2.351589,Plein jour,En agglomération,Giratoire,Normale,Deux véhicules - côté,3,3,3,0,1,2,1,5,1,50,2,2,0,0,1,1,28.0,23.0,voiture,voiture,1,2,6,1,3
202300003975,2023-02-12 20:40:00,2023,2,12,20,40,973,97303,Route Nationale 1,5.472038,-53.182583,Nuit sans éclairage public,Hors agglomération,Hors intersection,Pluie légère,Trois véhicules et plus - collisions multiples,2,2,2,0,1,1,2,0,1,80,3,9,2,2,5,0,43.0,18.0,voiture,voiture,3,1,1,2,5
202300003976,2023-05-05 10:30:00,2023,5,5,10,30,2B,2B109,D80,42.728049,9.340954,Plein jour,Hors agglomération,Hors intersection,Normale,Autre collision,3,2,2,0,1,4,1,0,3,80,1,1,0,0,1,0,40.0,,deux_roues,,1,1,1,1,6
202300003977,2023-02-13 09:20:00,2023,2,13,9,20,29,29234,L’Ile,47.84026557,-3.49503668,Plein jour,Hors agglomération,Hors intersection,Normale,Deux véhicules - arrière,2,3,4,0,1,1,1,0,1,110,2,2,1,0,0,1,66.0,42.0,voiture,utilitaire_camion,1,1,1,1,2
202300003978,2023-02-13 18:25:00,2023,2,13,18,25,30,30156,Avenue de la Gare,43.85692,4.446491,Plein jour,En agglomération,Autre intersection,Normale,Deux véhicules - côté,4,2,2,0,1,1,1,0,1,50,2,2,1,0,1,0,17.0,48.0,deux_roues,voiture,1,2,9,1,3
202300003979,2023-05-05 16:42:00,2023,5,5,16,42,83,83077,Route de Brignoles,43.29832195,5.98383476,Plein jour,Hors agglomération,Intersection en T,Normale,Trois véhicules et plus - collisions multiples,3,2,2,0,1,1,1,0,1,80,3,6,4,0,1,1,39.0,72.0,voiture,deux_roues,1,1,3,1,5
202300003979,2023-05-05 16:42:00,2023,5,5,16,42,83,83077,Route de Brignoles,43.29832195,5.98383476,Plein jour,Hors agglomération,Intersection en T,Normale,Trois véhicules et plus - collisions multiples,3,2,2,0,4,1,1,5,6,80,3,6,4,0,1,1,39.0,72.0,voiture,deux_roues,1,1,3,1,5
202300003980,2023-02-12 14:45:00,2023,2,12,14,45,13,13030,D8n,43.269985,5.678142,Plein jour,Hors agglomération,Hors intersection,Normale,Trois véhicules et plus - collisions multiples,3,2,2,0,2,3,1,0,1,80,3,3,0,0,3,0,25.0,25.0,deux_roues,deux_roues,1,1,1,1,5
202300003981,2023-02-13 06:00:00,2023,2,13,6,0,13,13066,D7n,43.883279,4.915878,Nuit sans éclairage public,Hors agglomération,Hors intersection,Normale,Deux véhicules - côté,3,2,2,0,1,1,1,0,1,80,2,2,1,0,0,1,36.0,25.0,voiture,voiture,3,1,1,1,3
202300003982,2023-05-04 08:26:00,2023,5,4,8,26,13,13100,1470 Route de Maillane,43.804342,4.820823,Plein jour,Hors agglomération,Hors intersection,Normale,Deux véhicules - côté,3,2,2,0,1,1,1,0,1,80,2,2,0,0,2,0,70.0,51.0,voiture,deux_roues,1,1,1,1,3
202300003983,2023-02-12 16:30:00,2023,2,12,16,30,21,21263,D996,47.257658,5.059124,Plein jour,Hors agglomération,Intersection en X,Normale,Deux véhicules - frontale,4,2,2,0,1,1,1,0,1,80,2,5,2,0,1,2,21.0,46.0,utilitaire_camion,voiture,1,1,2,1,1
202300003983,2023-02-12 16:30:00,2023,2,12,16,30,21,21263,D996,47.257658,5.059124,Plein jour,Hors agglomération,Intersection en X,Normale,Deux véhicules - frontale,4,2,2,0,1,1,1,0,1,80,2,5,2,0,1,2,21.0,46.0,utilitaire_camion,voiture,1,1,2,1,1
202300003984,2023-05-04 16:01:00,2023,5,4,16,1,67,67021,D854,48.413864,7.387536,Plein jour,Hors agglomération,Hors intersection,Normale,Sans collision,3,2,2,0,2,3,1,0,1,80,1,1,0,0,1,0,56.0,,deux_roues,,1,1,1,1,7
202300003985,2023-02-12 18:00:00,2023,2,12,18,0,68,68226,D417,48.043388,7.157056,Nuit sans éclairage public,En agglomération,Hors intersection,Normale,Deux véhicules - frontale,3,2,2,0,2,1,1,2,1,50,2,3,1,0,1,1,29.0,20.0,voiture,voiture,3,2,1,1,1
202300003986,2023-02-13 17:20:00,2023,2,13,17,20,31,31291,Rond point de la Méditerranée,43.601026,1.248488,Crépuscule ou aube,En agglomération,Giratoire,Temps éblouissant,Deux véhicules - côté,3,1,1,0,1,2,1,5,1,50,2,2,1,0,1,0,85.0,71.0,voiture,deux_roues,2,2,6,7,3
202300003987,2023-05-03 17:10:00,2023,5,3,17,10,03,03286,D707 - route bleue,46.505755,3.362498,Plein jour,En agglomération,Intersection en T,Normale,Deux véhicules - côté,3,3,3,0,1,1,1,5,1,50,2,5,4,0,0,1,36.0,26.0,voiture,voiture,1,2,3,1,3
202300003987,2023-05-03 17:10:00,2023,5,3,17,10,03,03286,D707 - route bleue,46.505755,3.362498,Plein jour,En agglomération,Intersection en T,Normale,Deux véhicules - côté,3,1, -1,-1,1,1,1,5,1,-1,2,5,4,0,0,1,36.0,26.0,voiture,voiture,1,2,3,1,3
202300003988,2023-02-12 06:40:00,2023,2,12,6,40,22,22364,La Bouillie,48.434682,-2.087585,Nuit sans éclairage public,Hors agglomération,Hors intersection,Brouillard / fumée,Autre collision,4,2,2,0,2,3,7,0,3,80,1,1,0,0,1,0,24.0,,voiture,,3,1,1,5,6
202300003989,2023-01-19 20:55:00,2023,1,19,20,55,22,22277,17 La Ville au Pilon,48.37493,-2.879915,Nuit sans éclairage public,Hors agglomération,Hors intersection,Pluie légère,Autre collision,3,2,2,0,1,1,2,0,3,70,2,2,1,0,1,0,34.0,20.0,utilitaire_camion,voiture,3,1,1,2,6
202300003990,2023-05-04 18:00:00,2023,5,4,18,0,73,73328,D1201A,45.648158,5.889755,Plein jour,Hors agglomération,Hors intersection,Normale,Deux véhicules - côté,3,2,2,0,1,1,1,0,1,80,2,2,1,0,0,1,26.0,41.0,deux_roues,voiture,1,1,1,1,3
202300003991,2023-02-13 13:30:00,2023,2,13,13,30,76,76164,Route du Quesnay,49.502277,0.635147,Plein jour,Hors agglomération,Hors intersection,Normale,Sans collision,4,2,2,0,4,3,1,0,1,80,1,1,0,0,1,0,75.0,,deux_roues,,1,1,1,1,7
202300003992,2023-02-12 21:00:00,2023,2,12,21,0,80,80210,D920,49.748638,2.10871,Nuit sans éclairage public,Hors agglomération,Hors intersection,Normale,Deux véhicules - frontale,3,2,2,0,1,1,1,0,1,80,2,3,0,0,2,1,27.0,54.0,voiture,voiture,3,1,1,1,1