accident_id,datetime,annee,mois,jour,heure,minute,departement,commune_insee,adresse,latitude,longitude,luminosite,agglomeration,intersection,meteo,collision,catr,circ,nbv,vosp,prof,plan,surf,infra,situ,vma,nb_vehicules,nb_usagers,nb_indemnes,nb_tues,nb_blesses_hosp,nb_blesses_legers,age_cond_1,age_cond_2,veh_type_cond_1,veh_type_cond_2,lum_code,agg_code,int_code,atm_code,col_code
202300003993,2023-04-28 18:18:00,2023,4,28,18,18,26,26271,Route des Chênes Verts,45.033251,4.881642,Plein jour,Hors agglomération,Intersection en T,Normale,Deux véhicules - côté,3,2,2,0,1,1,1,0,1,80,2,2,1,1,0,0,53.0,60.0,voiture,deux_roues,1,1,3,1,3
202300003993,2023-04-28 18:18:00,2023,4,28,18,18,26,26271,Route des Chênes Verts,45.033251,4.881642,Plein jour,Hors agglomération,Intersection en T,Normale,Deux véhicules - côté,3,2,2,0,1,1,1,0,8,50,2,2,1,1,0,0,53.0,60.0,voiture,deux_roues,1,1,3,1,3
202300003994,2023-01-29 10:55:00,2023,1,29,10,55,13,13106,A7-Sens Marseille vers Lyon,43.39959526,5.34924076,Plein jour,Hors agglomération,Hors intersection,Normale,Deux véhicules - arrière,1,1,2,0,3,2,1,0,1,90,2,4,1,0,0,3,,52.0,autre,voiture,1,1,1,1,2
202300003995,2023-02-11 15:18:00,2023,2,11,15,18,83,83137,A50 Sortie Tunnel Tube Sud,43.12207309,5.95538157,Plein jour,Hors agglomération,Hors intersection,Normale,Trois véhicules et plus - en chaîne,1,1,2,0,1,1,1,1,1,70,3,4,1,0,0,3,19.0,32.0,voiture,voiture,1,1,1,1,4
202300003996,2023-04-24 07:30:00,2023,4,24,7,30,17,17220,D142,45.51295,-0.45799,Crépuscule ou aube,Hors agglomération,Intersection en X,Brouillard / fumée,Deux véhicules - côté,3,2,2,0,2,1,1,5,1,80,2,2,1,0,1,0,26.0,35.0,deux_roues,utilitaire_camion,2,1,2,5,3
202300003996,2023-04-24 07:30:00,2023,4,24,7,30,17,17220,D142,45.51295,-0.45799,Crépuscule ou aube,Hors agglomération,Intersection en X,Brouillard / fumée,Deux véhicules - côté,3,2,2,-1,1,1,1,5,1,70,2,2,1,0,1,0,26.0,35.0,deux_roues,utilitaire_camion,2,1,2,5,3
202300003997,2023-02-11 00:30:00,2023,2,11,0,30,69,69029,Autoroute 43,45.7288186,4.89912313,Nuit sans éclairage public,Hors agglomération,Hors intersection,Normale,Deux véhicules - côté,1,3,6,3,1,1,1,0,1,70,2,6,1,0,0,5,37.0,28.0,voiture,voiture,3,1,1,1,3
202300003998,2023-02-07 07:54:00,2023,2,7,7,54,67,67152,M35,48.52367,7.64735,Plein jour,Hors agglomération,Hors intersection,Normale,Deux véhicules - arrière,7,-1,2,0,1,1,1,0,1,110,2,2,1,0,0,1,56.0,22.0,voiture,voiture,1,1,1,1,2
202300003999,2023-05-04 13:30:00,2023,5,4,13,30,17,17058,Rue William Bertrand,45.847751,-1.155699,Plein jour,En agglomération,Intersection en T,Normale,Deux véhicules - côté,3,2,2,0,1,1,1,0,1,50,2,3,1,0,0,2,60.0,16.0,voiture,deux_roues,1,2,3,1,3
202300003999,2023-05-04 13:30:00,2023,5,4,13,30,17,17058,Rue William Bertrand,45.847751,-1.155699,Plein jour,En agglomération,Intersection en T,Normale,Deux véhicules - côté,3,2,2,-1,1,1,1,5,1,50,2,3,1,0,0,2,60.0,16.0,voiture,deux_roues,1,2,3,1,3
202300004000,2023-02-12 05:27:00,2023,2,12,5,27,91,91228,AUTOROUTE A6,48.62462,2.41869,Nuit sans éclairage public,Hors agglomération,Hors intersection,Normale,Trois véhicules et plus - collisions multiples,1,3,6,0,1,1,1,0,1,110,3,3,0,1,0,2,28.0,33.0,voiture,voiture,3,1,1,1,5
202300004001,2023-04-27 21:56:00,2023,4,27,21,56,24,24068,D29,44.842687,0.88309,Nuit sans éclairage public,Hors agglomération,Hors intersection,Normale,Sans collision,3,2,2,0,2,1,1,0,8,80,1,1,0,0,0,1,35.0,,voiture,,3,1,1,1,7
202300004002,2023-02-12 02:20:00,2023,2,12,2,20,91,91617,RN 104,48.644223,2.539601,Nuit sans éclairage public,Hors agglomération,Hors intersection,Normale,Sans collision,2,3,6,0,3,1,1,0,1,110,1,1,0,0,0,1,23.0,,voiture,,3,1,1,1,7
202300004003,2023-02-12 20:50:00,2023,2,12,20,50,78,78646,RN12,48.791049,2.106297,Nuit sans éclairage public,Hors agglomération,Hors intersection,Normale,Trois véhicules et plus - en chaîne,2,1,3,0,1,1,1,0,1,110,3,8,3,0,0,5,28.0,32.0,voiture,voiture,3,1,1,1,4
202300004004,2023-05-04 17:05:00,2023,5,4,17,5,22,22012,Départementale 17,48.566654,-2.462525,Plein jour,Hors agglomération,Intersection en X,Normale,Deux véhicules - côté,3,2,2,0,1,1,1,0,1,80,2,3,1,0,2,0,22.0,19.0,utilitaire_camion,voiture,1,1,2,1,3
202300004004,2023-05-04 17:05:00,2023,5,4,17,5,22,22012,Départementale 17,48.566654,-2.462525,Plein jour,Hors agglomération,Intersection en X,Normale,Deux véhicules - côté,3,2,2,0,1,1,1,5,1,80,2,3,1,0,2,0,22.0,19.0,utilitaire_camion,voiture,1,1,2,1,3
202300004005,2023-02-12 19:30:00,2023,2,12,19,30,93,93053,AUTOROUTE A86,48.90368296,2.4666784,Nuit avec éclairage allumé,Hors agglomération,Hors intersection,Normale,Deux véhicules - côté,1,3,2,0,1,1,1,0,1,90,2,2,1,0,0,1,29.0,38.0,voiture,deux_roues,5,1,1,1,3
202300004006,2023-02-10 20:10:00,2023,2,10,20,10,75,75117,BD PERIPHERIQUE EXTERNE,48.900488,2.322065,Nuit avec éclairage allumé,En agglomération,Hors intersection,Normale,Trois véhicules et plus - collisions multiples,4,1,4,0,1,1,1,0,1,70,4,4,2,0,0,2,44.0,45.0,voiture,voiture,5,2,1,1,5
202300004007,2023-02-09 12:40:00,2023,2,9,12,40,75,75120,BOULEVARD DE MENILMONTANT,48.867136,2.383384,Plein jour,En agglomération,Intersection en X,Normale,Autre collision,4,1,7,3,1,1,1,0,4,30,1,3,2,0,0,1,22.0,,utilitaire_camion,,1,2,2,1,6
202300004007,2023-02-09 12:40:00,2023,2,9,12,40,75,75120,BOULEVARD DE MENILMONTANT,48.867136,2.383384,Plein jour,En agglomération,Intersection en X,Normale,Autre collision,4,2,2,3,1,1,1,0,4,30,1,3,2,0,0,1,22.0,,utilitaire_camion,,1,2,2,1,6
202300004008,2023-05-05 17:15:00,2023,5,5,17,15,80,80670,D51,49.843265,2.094317,Plein jour,Hors agglomération,Intersection en X,Temps couvert,Deux véhicules - côté,3,2,2,0,1,1,1,0,1,80,2,14,12,1,1,0,79.0,47.0,utilitaire_camion,transport_commun,1,1,2,8,3
202300004008,2023-05-05 17:15:00,2023,5,5,17,15,80,80670,D51,49.843265,2.094317,Plein jour,Hors agglomération,Intersection en X,Temps couvert,Deux véhicules - côté,3,2,2,0,1,1,1,5,1,80,2,14,12,1,1,0,79.0,47.0,utilitaire_camion,transport_commun,1,1,2,8,3
202300004009,2023-02-11 05:20:00,2023,2,11,5,20,75,75119,BOULEVARD PERIPHERIQUE INTERIEUR NORD  ,48.90079088,2.37162799,Nuit avec éclairage allumé,En agglomération,Intersection en Y,Normale,Autre collision,4,1,2,0,2,1,1,0,1,50,1,1,0,0,0,1,30.0,,voiture,,5,2,4,1,6
202300004009,2023-02-11 05:20:00,2023,2,11,5,20,75,75119,BOULEVARD PERIPHERIQUE INTERIEUR NORD  ,48.90079088,2.37162799,Nuit avec éclairage allumé,En agglomération,Intersection en Y,Normale,Autre collision,4,1, -1,0,1,1,1,0,1,50,1,1,0,0,0,1,30.0,,voiture,,5,2,4,1,6
202300004010,2023-05-04 09:05:00,2023,5,4,9,5,13,13211,Sens Aubagne vers Marseille,43.2935,5.45639,Plein jour,Hors agglomération,Hors intersection,Normale,Deux véhicules - côté,1,3,3,0,1,1,1,0,1,90,2,2,1,0,0,1,31.0,55.0,voiture,deux_roues,1,1,1,1,3
202300004011,2023-02-11 12:30:00,2023,2,11,12,30,75,75118,RUE STEPHENSON,48.888012,2.356204,Plein jour,En agglomération,Intersection en T,Normale,Autre collision,4,1, -1,0,1,1,1,0,1,50,1,2,1,0,0,1,64.0,,voiture,,1,2,3,1,6
202300004011,2023-02-11 12:30:00,2023,2,11,12,30,75,75118,RUE STEPHENSON,48.888012,2.356204,Plein jour,En agglomération,Intersection en T,Normale,Autre collision,4,2,2,0,1,1,1,0,1,30,1,2,1,0,0,1,64.0,,voiture,,1,2,3,1,6
202300004012,2023-05-04 20:30:00,2023,5,4,20,30,91,91377,RD 188,48.71907,2.27005,Plein jour,Hors agglomération,Hors intersection,Normale,Deux véhicules - arrière,3,1,0,0,1,1,1,0,1,70,2,2,1,0,0,1,37.0,36.0,voiture,deux_roues,1,1,1,1,2
202300004013,2023-02-10 22:15:00,2023,2,10,22,15,75,75116,AVENUE DES NATIONS UNIES,48.861845,2.291642,Nuit avec éclairage allumé,En agglomération,Hors intersection,Normale,Deux véhicules - côté,4,2,2,0,2,3,1,0,1,30,2,4,3,0,0,1,32.0,48.0,voiture,deux_roues,5,2,1,1,3
202300004014,2023-05-04 07:20:00,2023,5,4,7,20,91,91432,AUTOROUTE A6,48.69121,2.3221,Plein jour,Hors agglomération,Hors intersection,Normale,Deux véhicules - arrière,1,-1,3,0,2,1,1,0,1,110,2,2,1,0,0,1,27.0,31.0,voiture,deux_roues,1,1,1,1,2
202300004015,2023-02-11 15:20:00,2023,2,11,15,20,75,75115,AVENUE DE LA PORTE DE SEVRES,48.827343,2.293198,Plein jour,En agglomération,Hors intersection,Normale,Trois véhicules et plus - en chaîne,4,1,3,0,1,1,1,0,1,70,3,4,3,0,0,1,55.0,54.0,voiture,utilitaire_camion,1,2,1,1,4
202300004016,2023-05-03 10:00:00,2023,5,3,10,0,91,91286,RD 310,48.64397,2.39175,Plein jour,Hors agglomération,Hors intersection,Normale,Deux véhicules - côté,3,1,2,0,1,1,1,0,1,90,2,2,1,0,0,1,22.0,41.0,voiture,deux_roues,1,1,1,1,3
202300004017,2023-02-11 12:00:00,2023,2,11,12,0,75,75114,AVENUE DENFERT ROCHEREAU,48.835452,2.333437,Plein jour,En agglomération,Hors intersection,Normale,Deux véhicules - côté,4,2,3,0,1,1,1,0,1,50,2,3,1,0,0,2,68.0,28.0,utilitaire_camion,deux_roues,1,2,1,1,3
202300004018,2023-01-29 22:00:00,2023,1,29,22,0,75,75107,RUE DE SEVRES,48.851606,2.326883,Nuit avec éclairage allumé,En agglomération,Intersection en X,Temps couvert,Deux véhicules - arrière,4,2, -1,-1,1,1,1,0,1,-1,2,3,2,0,0,1,28.0,61.0,voiture,voiture,5,2,2,8,2
202300004018,2023-01-29 22:00:00,2023,1,29,22,0,75,75107,RUE DE SEVRES,48.851606,2.326883,Nuit avec éclairage allumé,En agglomération,Intersection en X,Temps couvert,Deux véhicules - arrière,4,-1,2,0,1,1,1,0,1,30,2,3,2,0,0,1,28.0,61.0,voiture,voiture,5,2,2,8,2
202300004019,2023-05-03 09:55:00,2023,5,3,9,55,92,92036,A86,48.93440186,2.28032461,Plein jour,Hors agglomération,Hors intersection,Normale,Deux véhicules - arrière,1,-1,2,0,1,1,1,0,1,90,2,2,1,0,0,1,20.0,49.0,voiture,voiture,1,1,1,1,2
202300004020,2023-02-11 15:50:00,2023,2,11,15,50,75,75112,AVENUE DE SAINT MANDE,48.844804,2.404043,Plein jour,En agglomération,Hors intersection,Normale,Deux véhicules - côté,4,2,2,0,1,1,1,0,1,30,2,2,1,0,0,1,26.0,44.0,voiture,deux_roues,1,2,1,1,3
202300004021,2023-02-11 03:50:00,2023,2,11,3,50,75,75109,BOULEVARD DE ROCHECHOUART,48.883422,2.347976,Nuit avec éclairage allumé,En agglomération,Hors intersection,Normale,Autre collision,4,3,2,3,2,1,1,0,4,30,1,1,0,0,1,0,25.0,,deux_roues,,5,2,1,1,6
202300004022,2023-02-10 21:45:00,2023,2,10,21,45,75,75110,BOULEVARD DE BONNE NOUVELLE,48.87035602,2.34955341,Nuit avec éclairage allumé,En agglomération,Intersection en T,Normale,Sans collision,4,2,2,0,1,1,1,0,1,30,1,2,0,0,0,2,29.0,,deux_roues,,5,2,3,1,7
202300004022,2023-02-10 21:45:00,2023,2,10,21,45,75,75110,BOULEVARD DE BONNE NOUVELLE,48.87035602,2.34955341,Nuit avec éclairage allumé,En agglomération,Intersection en T,Normale,Sans collision,4,1,1,0,1,1,1,0,1,30,1,2,0,0,0,2,29.0,,deux_roues,,5,2,3,1,7
202300004023,2023-05-03 22:10:00,2023,5,3,22,10,93,93027,AUTOROUTE A86,48.92458528,2.38937632,Nuit sans éclairage public,Hors agglomération,Hors intersection,Normale,Deux véhicules - côté,1,3,8,0,1,1,1,0,1,90,2,2,1,0,0,1,37.0,22.0,utilitaire_camion,voiture,3,1,1,1,3
202300004024,2023-02-10 20:10:00,2023,2,10,20,10,75,75104,RUE DE RIVOLI,48.855106,2.361706,Nuit avec éclairage allumé,En agglomération,Intersection en T,Normale,Deux véhicules - côté,4,1,3,3,1,1,1,0,6,30,2,2,1,0,0,1,37.0,44.0,deux_roues,voiture,5,2,3,1,3
202300004024,2023-02-10 20:10:00,2023,2,10,20,10,75,75104,RUE DE RIVOLI,48.855106,2.361706,Nuit avec éclairage allumé,En agglomération,Intersection en T,Normale,Deux véhicules - côté,4,1,1,0,1,1,1,0,6,30,2,2,1,0,0,1,37.0,44.0,deux_roues,voiture,5,2,3,1,3
202300004025,2023-05-03 12:40:00,2023,5,3,12,40,92,92036,AUTOROUTE A15,48.9446849,2.28538563,Plein jour,Hors agglomération,Hors intersection,Normale,Deux véhicules - arrière,1,3,4,0,1,1,1,2,1,90,2,2,0,0,0,2,59.0,20.0,utilitaire_camion,voiture,1,1,1,1,2
202300004026,2023-02-11 15:05:00,2023,2,11,15,5,94,94081,Rue Eugene Henaff / Parking Carrefour rue Eugène Henaff,48.79417,2.41613,Plein jour,En agglomération,Intersection en T,Normale,Deux véhicules - côté,4,-1, -1,0,1,1,1,9,1,30,2,2,1,0,0,1,24.0,30.0,voiture,deux_roues,1,2,3,1,3
202300004026,2023-02-11 15:05:00,2023,2,11,15,5,94,94081,Rue Eugene Henaff / Parking Carrefour rue Eugène Henaff,48.79417,2.41613,Plein jour,En agglomération,Intersection en T,Normale,Deux véhicules - côté,4,2,2,0,1,1,1,0,1,30,2,2,1,0,0,1,24.0,30.0,voiture,deux_roues,1,2,3,1,3
202300004027,2023-05-04 09:10:00,2023,5,4,9,10,94,94052,A86,48.83826565,2.49372861,Plein jour,Hors agglomération,Hors intersection,Normale,Deux véhicules - arrière,1,3,3,0,1,1,1,1,1,90,2,2,1,0,0,1,50.0,24.0,deux_roues,voiture,1,1,1,1,2
202300004028,2023-02-11 21:00:00,2023,2,11,21,0,94,94078,Avenue du 8 Mai 1945 / Impasse Saint-georges,48.724692,2.445158,Nuit avec éclairage allumé,En agglomération,Intersection en T,Normale,Trois véhicules et plus - en chaîne,2,2,4,0,1,1,1,0,1,50,3,3,2,0,0,1,34.0,32.0,voiture,utilitaire_camion,5,2,3,1,4
202300004028,2023-02-11 21:00:00,2023,2,11,21,0,94,94078,Avenue du 8 Mai 1945 / Impasse Saint-georges,48.724692,2.445158,Nuit avec éclairage allumé,En agglomération,Intersection en T,Normale,Trois véhicules et plus - en chaîne,2,2,1,0,1,1,1,0,1,50,3,3,2,0,0,1,34.0,32.0,voiture,utilitaire_camion,5,2,3,1,4
202300004029,2023-02-11 00:40:00,2023,2,11,0,40,94,94046,Avenue du Général Leclerc,48.8103,2.43225,Nuit avec éclairage allumé,En agglomération,Hors intersection,Normale,Deux véhicules - arrière,3,1,2,0,1,1,1,0,1,50,2,2,1,0,0,1,30.0,20.0,voiture,voiture,5,2,1,1,2
202300004030,2023-05-03 20:00:00,2023,5,3,20,0,94,94069,A86,48.81723758,2.45368052,Plein jour,Hors agglomération,Hors intersection,Normale,Deux véhicules - arrière,1,1,2,0,2,3,1,3,1,70,2,2,1,0,0,1,39.0,19.0,voiture,voiture,1,1,1,1,2
202300004031,2023-02-11 20:50:00,2023,2,11,20,50,94,94001,Quai de la Baronnie / Rue du Bac,48.72114,2.41833,Nuit avec éclairage allumé,En agglomération,Intersection en T,Normale,Deux véhicules - côté,3,2,2,0,1,1,1,0,1,30,2,2,1,0,0,1,27.0,24.0,deux_roues,voiture,5,2,3,1,3
202300004031,2023-02-11 20:50:00,2023,2,11,20,50,94,94001,Quai de la Baronnie / Rue du Bac,48.72114,2.41833,Nuit avec éclairage allumé,En agglomération,Intersection en T,Normale,Deux véhicules - côté,3,2,2,0,1,1,1,0,1,30,2,2,1,0,0,1,27.0,24.0,deux_roues,voiture,5,2,3,1,3
202300004032,2023-05-03 15:44:00,2023,5,3,15,44,974,97411,LITTORAL (ROUTE 1 DU),-20.876,55.43641,Plein jour,En agglomération,Hors intersection,Normale,Autre collision,2,1,1,3,2,3,1,0,1,90,1,4,0,0,0,4,35.0,,voiture,,1,2,1,1,6
202300004033,2023-02-11 11:00:00,2023,2,11,11,0,94,94070,Route de Mandres,48.71368975,2.56097692,Plein jour,Hors agglomération,Hors intersection,Normale,Deux véhicules - arrière,3,2,2,0,3,1,1,2,1,30,2,3,2,0,0,1,26.0,39.0,voiture,voiture,1,1,1,1,2
202300004034,2023-05-01 05:30:00,2023,5,1,5,30,974,97407,OWENS JAMES,-20.93439,55.3194,Crépuscule ou aube,Hors agglomération,Hors intersection,Normale,Autre collision,4,2,2,0,1,3,1,9,1,50,1,1,0,0,0,1,32.0,,voiture,,2,1,1,1,6
202300004035,2023-02-11 10:45:00,2023,2,11,10,45,94,94048,1 Rue des Forestiers,48.74286,2.559836,Plein jour,En agglomération,Hors intersection,Normale,Deux véhicules - arrière,4,2,2,0,1,1,1,0,1,50,2,2,1,0,0,1,,20.0,voiture,deux_roues,1,2,1,1,2
202300004036,2023-02-11 10:30:00,2023,2,11,10,30,95,95212,PERIPHERIQUE NORD (RTE),49.02891,2.56093,Plein jour,Hors agglomération,Hors intersection,Temps couvert,Deux véhicules - frontale,4,2,2,0,1,2,1,0,1,30,2,3,1,0,0,2,40.0,28.0,voiture,voiture,1,1,1,8,1
202300004037,2023-05-03 08:36:00,2023,5,3,8,36,973,97302,MADELEINE (ROUTE DE LA),4.91194,-52.32125,Plein jour,En agglomération,Hors intersection,Normale,Sans collision,3,2,2,0,1,1,1,0,1,50,1,1,0,0,1,0,41.0,,deux_roues,,1,2,1,1,7
202300004038,2023-02-11 11:50:00,2023,2,11,11,50,92,92072,GRANDE RUE,48.82589,2.21779,Plein jour,En agglomération,Hors intersection,Normale,Deux véhicules - côté,3,-1,2,0,1,1,1,0,1,50,2,2,1,0,0,1,35.0,66.0,utilitaire_camion,deux_roues,1,2,1,1,3
202300004039,2023-05-04 00:45:00,2023,5,4,0,45,69,69388,26 Rue Henri Barbusse,45.7306367,4.85710874,Nuit avec éclairage allumé,En agglomération,Hors intersection,Normale,Autre collision,4,2,2,2,1,1,1,0,4,30,1,1,0,0,1,0,37.0,,deux_roues,,5,2,1,1,6
202300004040,2023-02-10 23:30:00,2023,2,10,23,30,92,92072,GRANDE RUE,48.82397979,2.20980629,Nuit avec éclairage allumé,En agglomération,Hors intersection,Normale,Deux véhicules - arrière,4,-1,1,0,1,1,1,5,8,50,2,3,2,0,0,1,23.0,66.0,voiture,voiture,5,2,1,1,2
202300004041,2023-02-11 00:10:00,2023,2,11,0,10,92,92033,COLONEL DE ROCHEBRUNE,48.85564469,2.19514534,Nuit avec éclairage allumé,En agglomération,Hors intersection,Normale,Sans collision,3,2,2,0,1,1,1,0,1,50,1,1,0,0,0,1,55.0,,deux_roues,,5,2,1,1,7
202300004042,2023-05-03 13:30:00,2023,5,3,13,30,69,69387,Avenue Debourg,45.73172,4.82408,Plein jour,En agglomération,Intersection à plus de 4 branches,Normale,Deux véhicules - côté,4,1,1,0,1,1,1,0,1,30,2,2,1,0,1,0,59.0,26.0,deux_roues,voiture,1,2,5,1,3
202300004042,2023-05-03 13:30:00,2023,5,3,13,30,69,69387,Avenue Debourg,45.73172,4.82408,Plein jour,En agglomération,Intersection à plus de 4 branches,Normale,Deux véhicules - côté,4,1,1,0,1,1,1,0,1,30,2,2,1,0,1,0,59.0,26.0,deux_roues,voiture,1,2,5,1,3
202300004043,2023-02-10 08:45:00,2023,2,10,8,45,92,92063,COLMAR (AVENUE DE),48.88712,2.17959,Plein jour,En agglomération,Intersection en X,Temps couvert,Deux véhicules - côté,3,3,0,0,1,1,1,0,1,50,2,2,0,0,0,2,39.0,34.0,deux_roues,voiture,1,2,2,8,3
202300004043,2023-02-10 08:45:00,2023,2,10,8,45,92,92063,COLMAR (AVENUE DE),48.88712,2.17959,Plein jour,En agglomération,Intersection en X,Temps couvert,Deux véhicules - côté,3,2,2,0,1,1,1,0,1,50,2,2,0,0,0,2,39.0,34.0,deux_roues,voiture,1,2,2,8,3
202300004044,2023-05-03 18:12:00,2023,5,3,18,12,69,69149,Rue de la République,45.71701,4.81256,Plein jour,En agglomération,Intersection en X,Normale,Deux véhicules - frontale,4,1,1,2,1,1,1,0,6,50,2,2,1,0,0,1,36.0,59.0,deux_roues,utilitaire_camion,1,2,2,1,1
202300004044,2023-05-03 18:12:00,2023,5,3,18,12,69,69149,Rue de la République,45.71701,4.81256,Plein jour,En agglomération,Intersection en X,Normale,Deux véhicules - frontale,4,2,3,1,1,1,1,0,6,50,2,2,1,0,0,1,36.0,59.0,deux_roues,utilitaire_camion,1,2,2,1,1
202300004045,2023-02-11 18:19:00,2023,2,11,18,19,92,92040,ROUGET DE L'ISLE,48.82982,2.26128,Nuit avec éclairage allumé,En agglomération,Intersection en X,Normale,Deux véhicules - côté,3,2,6,0,2,1,1,0,1,30,2,2,1,0,0,1,24.0,66.0,deux_roues,utilitaire_camion,5,2,2,1,3
202300004045,2023-02-11 18:19:00,2023,2,11,18,19,92,92040,ROUGET DE L'ISLE,48.82982,2.26128,Nuit avec éclairage allumé,En agglomération,Intersection en X,Normale,Deux véhicules - côté,3,2,3,0,2,1,1,0,1,50,2,2,1,0,0,1,24.0,66.0,deux_roues,utilitaire_camion,5,2,2,1,3
202300004046,2023-11-27 17:10:00,2023,11,27,17,10,27,27210,D613,49.129148,0.820262,Crépuscule ou aube,Hors agglomération,Hors intersection,Pluie légère,Deux véhicules - côté,3,2,3,0,1,1,2,0,1,90,2,4,1,0,0,3,77.0,52.0,voiture,voiture,2,1,1,2,3
202300004047,2023-02-10 20:15:00,2023,2,10,20,15,92,92025,CHARLES DE GAULLE (BD),48.914629,2.229093,Nuit avec éclairage allumé,En agglomération,Intersection en X,Normale,Sans collision,3,3,4,0,1,1,1,0,1,30,2,2,1,0,0,1,32.0,21.0,voiture,deux_roues,5,2,2,1,7
202300004047,2023-02-10 20:15:00,2023,2,10,20,15,92,92025,CHARLES DE GAULLE (BD),48.914629,2.229093,Nuit avec éclairage allumé,En agglomération,Intersection en X,Normale,Sans collision,3,1,4,0,1,1,1,0,1,50,2,2,1,0,0,1,32.0,21.0,voiture,deux_roues,5,2,2,1,7
202300004048,2023-05-03 14:30:00,2023,5,3,14,30,2A,2A004,CALVI  ROUTE,41.95525,8.78373,Plein jour,En agglomération,Hors intersection,Normale,Deux véhicules - côté,3,2,2,0,1,2,1,0,1,50,2,3,2,0,0,1,29.0,41.0,deux_roues,voiture,1,2,1,1,3
202300004049,2023-11-27 17:00:00,2023,11,27,17,0,37,37050,Route de la Vigne,47.33674,0.687584,Crépuscule ou aube,En agglomération,Hors intersection,Pluie légère,Autre collision,4,2,2,0,1,1,2,0,1,50,1,2,1,0,1,0,77.0,,voiture,,2,2,1,2,6
202300004050,2023-02-11 20:20:00,2023,2,11,20,20,35,35046,La Barriais,47.875958,-2.042652,Nuit sans éclairage public,Hors agglomération,Intersection en X,Normale,Deux véhicules - côté,3,2,2,0,1,1,1,0,1,80,2,3,1,0,1,1,52.0,35.0,voiture,voiture,3,1,2,1,3
202300004050,2023-02-11 20:20:00,2023,2,11,20,20,35,35046,La Barriais,47.875958,-2.042652,Nuit sans éclairage public,Hors agglomération,Intersection en X,Normale,Deux véhicules - côté,3,2,2,0,1,1,1,0,1,80,2,3,1,0,1,1,52.0,35.0,voiture,voiture,3,1,2,1,3
202300004051,2023-05-03 13:25:00,2023,5,3,13,25,2A,2A271,T20,41.9578,8.8123,Plein jour,Hors agglomération,Hors intersection,Normale,Deux véhicules - arrière,2,2,2,0,1,1,1,0,1,90,2,2,1,0,0,1,43.0,26.0,voiture,utilitaire_camion,1,1,1,1,2
202300004052,2023-11-28 08:25:00,2023,11,28,8,25,49,49355,Autoroute A87 - PK : 042+100,47.133425,-0.825176,Crépuscule ou aube,Hors agglomération,Hors intersection,Normale,Deux véhicules - côté,1,3,2,0,1,1,2,0,1,130,2,2,1,0,0,1,20.0,52.0,voiture,utilitaire_camion,2,1,1,1,3
202300004053,2023-05-03 12:00:00,2023,5,3,12,0,2A,2A004,MEZZAVIA ROUTE DE,41.95241,8.78107,Plein jour,En agglomération,Hors intersection,Normale,Autre collision,2,2,2,0,1,1,1,0,1,50,1,2,1,0,0,1,22.0,,voiture,,1,2,1,1,6
202300004054,2023-11-18 02:15:00,2023,11,18,2,15,24,24115,route de la tour blanche,45.25258,0.691302,Nuit sans éclairage public,En agglomération,Hors intersection,Normale,Autre collision,3,2,2,0,1,1,1,0,3,80,1,1,0,0,1,0,51.0,,voiture,,3,2,1,1,6
202300004055,2023-02-11 18:00:00,2023,2,11,18,0,95,95134,D4,49.140636,2.255153,Nuit sans éclairage public,Hors agglomération,Hors intersection,Normale,Autre collision,3,2,2,0,1,2,1,0,1,50,1,2,1,0,1,0,19.0,,voiture,,3,1,1,1,6
202300004056,2023-05-03 12:40:00,2023,5,3,12,40,2A,2A004,NAPOLEON COURS APRES BEVERINI,41.92769,8.73852,Plein jour,En agglomération,Hors intersection,Normale,Autre collision,4,2,1,0,1,1,1,0,1,50,1,2,1,0,0,1,24.0,,utilitaire_camion,,1,2,1,1,6
202300004057,2023-11-28 08:35:00,2023,11,28,8,35,53,53108,A81 PK 265+650,48.081132,-1.006343,Plein jour,Hors agglomération,Hors intersection,Normale,Autre collision,1,3,2,0,1,1,1,0,8,130,1,1,0,1,0,0,55.0,,utilitaire_camion,,1,1,1,1,6
202300004058,2023-02-11 09:45:00,2023,2,11,9,45,86,86254,D729,46.375478,0.844198,Plein jour,Hors agglomération,Intersection en X,Temps éblouissant,Deux véhicules - côté,3,2,2,0,1,1,1,0,1,80,2,2,1,0,0,1,18.0,85.0,deux_roues,voiture,1,1,2,7,3
202300004058,2023-02-11 09:45:00,2023,2,11,9,45,86,86254,D729,46.375478,0.844198,Plein jour,Hors agglomération,Intersection en X,Temps éblouissant,Deux véhicules - côté,3,2,2,0,1,1,1,0,1,90,2,2,1,0,0,1,18.0,85.0,deux_roues,voiture,1,1,2,7,3
202300004059,2023-11-27 19:20:00,2023,11,27,19,20,38,38253,RD220,45.026837,6.08796,Nuit sans éclairage public,Hors agglomération,Hors intersection,Neige / grêle,Sans collision,3,2,2,0,2,1,5,0,8,70,1,1,0,0,1,0,30.0,,voiture,,3,1,1,4,7
202300004060,2023-02-11 21:00:00,2023,2,11,21,0,60,60385,Chemin du Parc de Bourneville,49.146878,3.121018,Nuit sans éclairage public,Hors agglomération,Hors intersection,Pluie légère,Autre collision,3,2,2,0,2,3,2,0,8,80,1,1,0,1,0,0,33.0,,voiture,,3,1,1,2,6