accident_id,datetime,annee,mois,jour,heure,minute,departement,commune_insee,adresse,latitude,longitude,luminosite,agglomeration,intersection,meteo,collision,catr,circ,nbv,vosp,prof,plan,surf,infra,situ,vma,nb_vehicules,nb_usagers,nb_indemnes,nb_tues,nb_blesses_hosp,nb_blesses_legers,age_cond_1,age_cond_2,veh_type_cond_1,veh_type_cond_2,lum_code,agg_code,int_code,atm_code,col_code
202300004061,2023-05-02 19:10:00,2023,5,2,19,10,91,91421,NATIONALE 6 (PARTIE FORET),48.6899,2.46555,Plein jour,Hors agglomération,Hors intersection,Normale,Deux véhicules - arrière,3,3,4,0,1,1,1,0,1,90,2,3,0,0,0,3,50.0,25.0,utilitaire_camion,voiture,1,1,1,1,2
202300004062,2023-11-28 13:25:00,2023,11,28,13,25,06,06088,"Autoroute A8, PK 193.600, sens France vers Italie",43.721583,7.218146,Plein jour,Hors agglomération,Hors intersection,Normale,Sans collision,1,3,3,0,1,2,1,0,1,90,1,1,0,0,1,0,32.0,,deux_roues,,1,1,1,1,7
202300004063,2023-02-08 10:50:00,2023,2,8,10,50,44,44103,,47.324454,-2.1698,Plein jour,Hors agglomération,Hors intersection,Normale,Deux véhicules - arrière,2,3,4,0,1,1,1,0,1,90,2,3,2,0,0,1,90.0,23.0,voiture,voiture,1,1,1,1,2
202300004064,2023-02-11 19:40:00,2023,2,11,19,40,23,23235,Mas Fevrier,46.214511,1.548493,Nuit sans éclairage public,Hors agglomération,Hors intersection,Normale,Sans collision,3,2,2,0,1,1,1,0,3,90,1,1,0,0,1,0,40.0,,voiture,,3,1,1,1,7
202300004065,2023-11-29 00:00:00,2023,11,29,0,0,988,98831,Route de la Plage de Gatope,-20.96839,164.66989,Nuit sans éclairage public,En agglomération,Intersection en T,Normale,Sans collision,4,2,2,0,1,2,1,0,3,50,1,1,0,1,0,0,21.0,,utilitaire_camion,,3,2,3,1,7
202300004065,2023-11-29 00:00:00,2023,11,29,0,0,988,98831,Route de la Plage de Gatope,-20.96839,164.66989,Nuit sans éclairage public,En agglomération,Intersection en T,Normale,Sans collision,4,2,2,-1,-1,1,1,-1,1,-1,1,1,0,1,0,0,21.0,,utilitaire_camion,,3,2,3,1,7
202300004066,2023-05-02 14:15:00,2023,5,2,14,15,87,87085,LEGENDRE (RUE CHARLES),45.81441,1.24254,Plein jour,En agglomération,Hors intersection,Normale,Deux véhicules - côté,4,2,2,0,1,1,1,0,1,50,2,2,1,0,0,1,23.0,42.0,voiture,deux_roues,1,2,1,1,3
202300004067,2023-02-12 08:50:00,2023,2,12,8,50,21,21373,D33,47.319814,4.79962,Plein jour,Hors agglomération,Hors intersection,Brouillard / fumée,Sans collision,3,2,2,0,1,1,7,0,1,80,1,3,2,0,0,1,21.0,,voiture,,1,1,1,5,7
202300004068,2023-02-11 17:00:00,2023,2,11,17,0,51,51287,D1,49.070436,3.95673,Plein jour,Hors agglomération,Hors intersection,Normale,Deux véhicules - côté,3,2,2,0,2,1,1,0,1,80,2,2,1,0,1,0,28.0,44.0,voiture,deux_roues,1,1,1,1,3
202300004069,2023-04-30 08:15:00,2023,4,30,8,15,87,87085,BUGEAUD (COURS),45.83417,1.26258,Plein jour,En agglomération,Giratoire,Normale,Deux véhicules - arrière,4,3,2,0,1,1,1,5,1,30,2,2,1,0,0,1,57.0,56.0,voiture,deux_roues,1,2,6,1,2
202300004069,2023-04-30 08:15:00,2023,4,30,8,15,87,87085,BUGEAUD (COURS),45.83417,1.26258,Plein jour,En agglomération,Giratoire,Normale,Deux véhicules - arrière,4,2,2,0,1,1,1,5,1,30,2,2,1,0,0,1,57.0,56.0,voiture,deux_roues,1,2,6,1,2
202300004070,2023-11-08 19:00:00,2023,11,8,19,0,78,78537,D29,48.579042,1.943314,Nuit avec éclairage allumé,En agglomération,Intersection en T,Normale,Deux véhicules - côté,3,2,2,0,3,3,1,0,1,50,2,2,1,0,0,1,57.0,29.0,voiture,voiture,5,2,3,1,3
202300004070,2023-11-08 19:00:00,2023,11,8,19,0,78,78537,D29,48.579042,1.943314,Nuit avec éclairage allumé,En agglomération,Intersection en T,Normale,Deux véhicules - côté,3,2,2,0,1,1,1,0,1,50,2,2,1,0,0,1,57.0,29.0,voiture,voiture,5,2,3,1,3
202300004071,2023-02-12 14:45:00,2023,2,12,14,45,82,82155,D958,44.151201,1.7407,Plein jour,Hors agglomération,Hors intersection,Temps éblouissant,Deux véhicules - frontale,3,2,2,0,2,4,1,0,1,80,2,2,1,0,1,0,67.0,52.0,voiture,deux_roues,1,1,1,7,1
202300004072,2023-04-30 05:30:00,2023,4,30,5,30,87,87085,DORMOY (RUE MAX),45.82657,1.22438,Nuit sans éclairage public,En agglomération,Hors intersection,Normale,Autre collision,4,2,2,0,1,1,1,0,1,50,1,1,0,0,1,0,30.0,,voiture,,3,2,1,1,6
202300004073,2023-11-28 18:00:00,2023,11,28,18,0,84,84054,avenue aristide briand,43.925779,5.048561,Nuit avec éclairage allumé,En agglomération,Hors intersection,Normale,Deux véhicules - arrière,4,2,2,0,1,1,1,0,1,50,2,2,1,0,0,1,20.0,26.0,deux_roues,voiture,5,2,1,1,2
202300004074,2023-02-12 09:00:00,2023,2,12,9,0,32,32107,route de cahuzac,43.976982,0.380208,Plein jour,Hors agglomération,Hors intersection,Normale,Deux véhicules - frontale,4,2,2,0,1,2,1,0,1,-1,2,2,1,0,1,0,22.0,17.0,voiture,deux_roues,1,1,1,1,1
202300004075,2023-04-29 02:00:00,2023,4,29,2,0,87,87085,LECLERC (AVENUE DU GENERAL),45.85402,1.26608,Nuit avec éclairage allumé,En agglomération,Hors intersection,Normale,Autre collision,4,2,3,3,1,1,1,0,1,50,1,1,0,0,0,1,46.0,,utilitaire_camion,,5,2,1,1,6
202300004076,2023-11-26 16:40:00,2023,11,26,16,40,13,13097,N568,43.552778,4.805145,Crépuscule ou aube,Hors agglomération,Hors intersection,Vent fort / tempête,Autre collision,2,3,0,0,1,1,1,0,1,110,1,1,0,0,1,0,68.0,,voiture,,2,1,1,6,6
202300004077,2023-02-12 11:20:00,2023,2,12,11,20,61,61483,D916,48.549918,-0.402517,Plein jour,En agglomération,Giratoire,Normale,Autre collision,3,2,2,0,2,1,1,0,8,50,1,1,0,0,1,0,67.0,,voiture,,1,2,6,1,6
202300004078,2023-04-28 20:20:00,2023,4,28,20,20,87,87048,PEYROUX (LIEU DIT LE),45.78295,1.22607,Crépuscule ou aube,Hors agglomération,Hors intersection,Normale,Sans collision,3,2,2,0,1,4,1,0,1,80,1,1,0,0,0,1,18.0,,deux_roues,,2,1,1,1,7
202300004079,2023-11-27 13:45:00,2023,11,27,13,45,89,89438,Autoroute A6 PK 166+600,47.792169,3.667846,Plein jour,Hors agglomération,Hors intersection,Pluie forte,Deux véhicules - côté,1,3,2,0,2,2,2,0,1,110,2,3,0,0,2,1,30.0,62.0,voiture,voiture,1,1,1,3,3
202300004080,2023-04-30 20:20:00,2023,4,30,20,20,85,85194,14 Rue jean neau,46.49001,-1.76146,Plein jour,En agglomération,Hors intersection,Normale,Deux véhicules - frontale,4,2,1,0,1,1,1,0,1,50,2,2,1,0,0,1,27.0,24.0,deux_roues,voiture,1,2,1,1,1
202300004081,2023-02-12 01:45:00,2023,2,12,1,45,42,42185,Rue de la Loire,45.584778,4.245076,Nuit sans éclairage public,Hors agglomération,Hors intersection,Normale,Autre collision,3,2,2,0,2,2,1,0,1,80,1,5,0,1,1,3,19.0,,voiture,,3,1,1,1,6
202300004082,2023-02-12 07:45:00,2023,2,12,7,45,22,22203,Les Ecredes (L'Hermitage-Lorge),48.362073,-2.874663,Crépuscule ou aube,Hors agglomération,Hors intersection,Brouillard / fumée,Autre collision,3,2,2,0,1,3,1,0,3,80,1,1,0,0,1,0,21.0,,voiture,,2,1,1,5,6
202300004083,2023-11-27 18:35:00,2023,11,27,18,35,67,67067,Rue Jacques Kablé,48.73071,7.709103,Nuit avec éclairage allumé,En agglomération,Hors intersection,Pluie forte,Autre collision,3,2,2,0,1,1,2,0,1,50,1,2,1,0,0,1,45.0,,voiture,,5,2,1,3,6
202300004084,2023-05-03 19:35:00,2023,5,3,19,35,83,83069,DECUGIS (AVENUE ALFRED),43.11486,6.15621,Plein jour,En agglomération,Intersection en X,Normale,Deux véhicules - frontale,4,2,2,0,1,1,1,0,1,50,2,3,1,0,1,1,42.0,62.0,voiture,deux_roues,1,2,2,1,1
202300004084,2023-05-03 19:35:00,2023,5,3,19,35,83,83069,DECUGIS (AVENUE ALFRED),43.11486,6.15621,Plein jour,En agglomération,Intersection en X,Normale,Deux véhicules - frontale,4,2, -1,-1,1,1,1,0,1,-1,2,3,1,0,1,1,42.0,62.0,voiture,deux_roues,1,2,2,1,1
202300004085,2023-02-11 15:00:00,2023,2,11,15,0,39,39560,,46.358402,5.847434,Plein jour,Hors agglomération,Hors intersection,Temps éblouissant,Sans collision,3,2,2,0,2,2,1,0,1,80,1,1,0,0,1,0,58.0,,deux_roues,,1,1,1,7,7
202300004086,2023-02-12 10:10:00,2023,2,12,10,10,29,29093,16 - Treverroc,48.586285,-4.413731,Plein jour,Hors agglomération,Hors intersection,Normale,Deux véhicules - frontale,4,2,2,0,1,1,1,0,1,70,2,3,1,0,1,1,31.0,50.0,voiture,voiture,1,1,1,1,1
202300004087,2023-05-03 19:30:00,2023,5,3,19,30,78,78418,HUIT MAI 1945 (RUE DU),48.912011,2.146546,Plein jour,En agglomération,Giratoire,Normale,Deux véhicules - côté,4,-1,8,0,1,1,1,5,1,50,2,2,1,0,0,1,21.0,61.0,deux_roues,voiture,1,2,6,1,3
202300004087,2023-05-03 19:30:00,2023,5,3,19,30,78,78418,HUIT MAI 1945 (RUE DU),48.912011,2.146546,Plein jour,En agglomération,Giratoire,Normale,Deux véhicules - côté,4,-1,0,0,1,1,1,5,1,50,2,2,1,0,0,1,21.0,61.0,deux_roues,voiture,1,2,6,1,3
202300004088,2023-11-27 19:35:00,2023,11,27,19,35,88,88531,D8,48.098194,6.904875,Nuit sans éclairage public,Hors agglomération,Hors intersection,Neige / grêle,Deux véhicules - frontale,3,2,2,0,2,2,5,0,1,80,2,5,4,0,0,1,33.0,39.0,voiture,voiture,3,1,1,4,1
202300004089,2023-02-11 01:30:00,2023,2,11,1,30,38,38095,D20,45.124928,5.280068,Nuit avec éclairage non allumé,Hors agglomération,Giratoire,Normale,Autre collision,3,2,2,0,1,2,1,0,8,80,1,1,0,0,1,0,24.0,,voiture,,4,1,6,1,6
202300004090,2023-11-27 18:30:00,2023,11,27,18,30,73,73176,D1090,45.62122582,6.85770661,Nuit sans éclairage public,Hors agglomération,Hors intersection,Neige / grêle,Sans collision,3,2,2,0,2,2,5,0,1,80,1,1,0,0,1,0,18.0,,voiture,,3,1,1,4,7
202300004091,2023-05-03 15:40:00,2023,5,3,15,40,77,77243,JACQUES LEPAIRE  (RUE   ),48.87921,2.70157,Plein jour,En agglomération,Hors intersection,Normale,Trois véhicules et plus - en chaîne,4,2,2,0,1,1,1,0,1,50,3,3,2,0,0,1,36.0,36.0,voiture,voiture,1,2,1,1,4
202300004092,2023-02-12 04:15:00,2023,2,12,4,15,02,02759,8 Rue de Verdun,49.859408,3.788888,Nuit sans éclairage public,En agglomération,Intersection en Y,Brouillard / fumée,Autre collision,3,2,2,0,1,1,1,0,1,50,1,1,0,0,0,1,38.0,,voiture,,3,2,4,5,6
202300004092,2023-02-12 04:15:00,2023,2,12,4,15,02,02759,8 Rue de Verdun,49.859408,3.788888,Nuit sans éclairage public,En agglomération,Intersection en Y,Brouillard / fumée,Autre collision,3,2, -1,-1,1,3,1,5,1,-1,1,1,0,0,0,1,38.0,,voiture,,3,2,4,5,6
202300004093,2023-11-27 18:45:00,2023,11,27,18,45,73,73213,Rue Richelieu,45.559628,5.965852,Nuit avec éclairage allumé,En agglomération,Intersection en X,Pluie légère,Autre collision,4,2,2,0,1,1,2,5,1,50,1,2,1,0,1,0,,,voiture,,5,2,2,2,6
202300004093,2023-11-27 18:45:00,2023,11,27,18,45,73,73213,Rue Richelieu,45.559628,5.965852,Nuit avec éclairage allumé,En agglomération,Intersection en X,Pluie légère,Autre collision,4,2,2,0,1,1,2,5,1,50,1,2,1,0,1,0,,,voiture,,5,2,2,2,6
202300004094,2023-05-04 00:10:00,2023,5,4,0,10,76,76157,Avenue du President Allende,49.45,1.03512,Nuit avec éclairage allumé,En agglomération,Intersection en T,Normale,Deux véhicules - frontale,7,2,2,0,1,1,1,-1,1,50,2,2,1,0,1,0,44.0,53.0,utilitaire_camion,deux_roues,5,2,3,1,1
202300004094,2023-05-04 00:10:00,2023,5,4,0,10,76,76157,Avenue du President Allende,49.45,1.03512,Nuit avec éclairage allumé,En agglomération,Intersection en T,Normale,Deux véhicules - frontale,7,2,2,0,1,1,1,0,1,50,2,2,1,0,1,0,44.0,53.0,utilitaire_camion,deux_roues,5,2,3,1,1
202300004095,2023-02-11 19:45:00,2023,2,11,19,45,03,03080,D2209,46.103515,3.260558,Nuit sans éclairage public,Hors agglomération,Intersection en X,Normale,Deux véhicules - côté,3,2,2,0,1,1,1,0,1,90,2,4,2,0,0,2,64.0,60.0,voiture,voiture,3,1,2,1,3
202300004095,2023-02-11 19:45:00,2023,2,11,19,45,03,03080,D2209,46.103515,3.260558,Nuit sans éclairage public,Hors agglomération,Intersection en X,Normale,Deux véhicules - côté,3,2,2,0,1,1,1,0,1,70,2,4,2,0,0,2,64.0,60.0,voiture,voiture,3,1,2,1,3
202300004096,2023-05-03 19:50:00,2023,5,3,19,50,76,76319,D132,49.34672,1.00151,Plein jour,Hors agglomération,Hors intersection,Temps éblouissant,Sans collision,7,2,2,0,2,2,1,0,1,80,1,2,0,0,0,2,43.0,,voiture,,1,1,1,7,7
202300004097,2023-11-25 08:15:00,2023,11,25,8,15,38,38449,Chemin de la Poype,45.625623,5.091088,Plein jour,Hors agglomération,Hors intersection,Normale,Autre collision,4,2,2,0,1,3,1,0,8,80,1,1,0,0,0,1,22.0,,voiture,,1,1,1,1,6
202300004098,2023-02-12 15:10:00,2023,2,12,15,10,15,15038,D 679,45.37658,2.577109,Plein jour,En agglomération,Intersection en T,Normale,Deux véhicules - côté,3,-1, -1,0,1,1,1,0,1,50,2,4,3,0,0,1,47.0,59.0,utilitaire_camion,voiture,1,2,3,1,3
202300004098,2023-02-12 15:10:00,2023,2,12,15,10,15,15038,D 679,45.37658,2.577109,Plein jour,En agglomération,Intersection en T,Normale,Deux véhicules - côté,3,2,2,0,1,1,1,0,1,50,2,4,3,0,0,1,47.0,59.0,utilitaire_camion,voiture,1,2,3,1,3
202300004099,2023-05-03 15:00:00,2023,5,3,15,0,76,76540,Rue Victor Hugo,49.44029,1.10084,Plein jour,En agglomération,Intersection en X,Normale,Autre collision,4,1,1,0,1,1,1,-1,8,30,1,3,2,0,0,1,34.0,,voiture,,1,2,2,1,6
202300004099,2023-05-03 15:00:00,2023,5,3,15,0,76,76540,Rue Victor Hugo,49.44029,1.10084,Plein jour,En agglomération,Intersection en X,Normale,Autre collision,4,1,1,0,1,1,1,-1,8,30,1,3,2,0,0,1,34.0,,voiture,,1,2,2,1,6
202300004100,2023-05-02 09:10:00,2023,5,2,9,10,76,76391,Rue Frété,49.306367,0.957168,Plein jour,En agglomération,Hors intersection,Normale,Autre collision,4,2,2,0,1,1,1,0,1,50,1,1,0,0,0,1,29.0,,voiture,,1,2,1,1,6
202300004101,2023-02-12 10:25:00,2023,2,12,10,25,72,72373,les jauges,48.041752,0.777733,Plein jour,Hors agglomération,Hors intersection,Temps couvert,Deux véhicules - frontale,4,2,1,0,1,3,1,0,1,80,2,2,1,0,0,1,24.0,20.0,deux_roues,voiture,1,1,1,8,1
202300004102,2023-02-12 12:20:00,2023,2,12,12,20,50,50464,La Vaudonniere,48.983188,-1.413009,Plein jour,Hors agglomération,Hors intersection,Normale,Deux véhicules - côté,3,2,2,0,1,1,1,0,1,80,2,2,1,0,1,0,90.0,29.0,voiture,deux_roues,1,1,1,1,3
202300004103,2023-04-30 22:50:00,2023,4,30,22,50,76,76447,RD 489,49.54054,0.21188,Nuit sans éclairage public,Hors agglomération,Hors intersection,Normale,Deux véhicules - arrière,3,3,0,0,1,1,1,0,1,90,2,2,1,0,0,1,39.0,72.0,voiture,voiture,3,1,1,1,2
202300004104,2023-11-27 18:25:00,2023,11,27,18,25,38,38158,Rue Irene Joliot Curie,45.149479,5.740228,Nuit avec éclairage allumé,En agglomération,Intersection en T,Pluie légère,Deux véhicules - côté,4,2,2,2,1,1,2,0,5,50,2,2,1,0,0,1,54.0,35.0,voiture,deux_roues,5,2,3,2,3
202300004104,2023-11-27 18:25:00,2023,11,27,18,25,38,38158,Rue Irene Joliot Curie,45.149479,5.740228,Nuit avec éclairage allumé,En agglomération,Intersection en T,Pluie légère,Deux véhicules - côté,4,2,2,2,1,1,2,9,5,50,2,2,1,0,0,1,54.0,35.0,voiture,deux_roues,5,2,3,2,3
202300004105,2023-02-12 08:00:00,2023,2,12,8,0,50,50251,La croix verte,49.501247,-1.428742,Nuit sans éclairage public,Hors agglomération,Hors intersection,Normale,Autre collision,4,-1,2,0,2,1,1,0,3,80,1,1,0,0,1,0,21.0,,voiture,,3,1,1,1,6
202300004106,2023-05-03 06:31:00,2023,5,3,6,31,72,72181,ROUSSEAU JJ  BD N° IMP 1 A 133,47.97979,0.20642,Plein jour,En agglomération,Intersection en T,Normale,Autre collision,4,-1,2,0,1,1,1,0,1,50,2,2,1,0,0,1,39.0,22.0,voiture,deux_roues,1,2,3,1,6
202300004106,2023-05-03 06:31:00,2023,5,3,6,31,72,72181,ROUSSEAU JJ  BD N° IMP 1 A 133,47.97979,0.20642,Plein jour,En agglomération,Intersection en T,Normale,Autre collision,4,-1, -1,0,1,1,1,0,1,50,2,2,1,0,0,1,39.0,22.0,voiture,deux_roues,1,2,3,1,6
202300004107,2023-02-11 20:30:00,2023,2,11,20,30,60,60029,Route de Villotran,49.357869,1.983637,Nuit sans éclairage public,Hors agglomération,Hors intersection,Pluie légère,Autre collision,3,2,2,0,1,3,2,0,3,80,1,1,0,0,0,1,25.0,,voiture,,3,1,1,2,6
202300004108,2023-11-28 07:00:00,2023,11,28,7,0,69,69009,Route de Lyon,45.92137606,4.7295688,Crépuscule ou aube,Hors agglomération,Hors intersection,Pluie légère,Deux véhicules - côté,3,2,3,0,1,1,2,0,1,70,2,3,1,0,0,2,32.0,46.0,utilitaire_camion,voiture,2,1,1,2,3
202300004109,2023-02-12 05:55:00,2023,2,12,5,55,43,43152,5 Route du Collet,45.061368,3.84986,Nuit sans éclairage public,Hors agglomération,Hors intersection,Normale,Autre collision,3,2,2,0,1,2,1,0,1,80,1,2,1,0,1,0,47.0,,voiture,,3,1,1,1,6
202300004110,2023-05-03 21:45:00,2023,5,3,21,45,69,69266,Rue Gabriel Péri,45.77294,4.86662,Nuit avec éclairage allumé,En agglomération,Giratoire,Normale,Autre collision,4,2,2,2,1,1,1,0,1,30,1,3,2,0,1,0,30.0,,voiture,,5,2,6,1,6
202300004111,2023-11-27 17:30:00,2023,11,27,17,30,81,81140,5 Allées Jean Jaurès,43.6990395,1.8151494,Nuit avec éclairage allumé,En agglomération,Giratoire,Pluie légère,Autre collision,3,2,2,0,1,1,2,0,4,50,1,2,1,0,1,0,,,utilitaire_camion,,5,2,6,2,6
202300004112,2023-05-03 14:25:00,2023,5,3,14,25,69,69266,161 Rue Léon Blum,45.7606,4.90524,Plein jour,En agglomération,Hors intersection,Normale,Autre collision,4,2,2,3,1,1,1,8,1,30,1,2,1,0,0,1,34.0,,deux_roues,,1,2,1,1,6
202300004113,2023-02-11 20:20:00,2023,2,11,20,20,36,36128,Rosiers,46.84645632,1.75055059,Nuit sans éclairage public,Hors agglomération,Hors intersection,Normale,Autre collision,2,2,2,0,1,1,1,0,1,80,1,2,1,1,0,0,28.0,,voiture,,3,1,1,1,6
202300004114,2023-05-02 00:30:00,2023,5,2,0,30,69,69256,Avenue Salvador Allende,45.78073,4.92467,Nuit avec éclairage allumé,En agglomération,Hors intersection,Normale,Autre collision,4,2,2,1,1,1,1,0,4,50,1,2,1,0,0,1,56.0,,voiture,,5,2,1,1,6
202300004115,2023-11-26 16:00:00,2023,11,26,16,0,46,46057,lasfargue,44.683717,1.998047,Crépuscule ou aube,Hors agglomération,Hors intersection,Normale,Autre collision,3,2,2,0,1,2,1,0,3,80,1,4,3,0,1,0,53.0,,voiture,,2,1,1,1,6
202300004116,2023-02-11 20:30:00,2023,2,11,20,30,07,07183,2830 Route de Ruoms,44.472773,4.355988,Nuit avec éclairage allumé,En agglomération,Intersection en T,Normale,Sans collision,3,2,2,0,1,1,1,0,1,50,1,2,0,0,0,2,62.0,,voiture,,5,2,3,1,7
202300004116,2023-02-11 20:30:00,2023,2,11,20,30,07,07183,2830 Route de Ruoms,44.472773,4.355988,Nuit avec éclairage allumé,En agglomération,Intersection en T,Normale,Sans collision,3,2, -1,-1,1,1,1,0,1,50,1,2,0,0,0,2,62.0,,voiture,,5,2,3,1,7
202300004117,2023-05-03 13:00:00,2023,5,3,13,0,69,69264,Rue Jean-Michel Savigny,45.98208,4.71499,Plein jour,En agglomération,Intersection en T,Normale,Deux véhicules - côté,4,1,1,0,1,1,1,0,1,50,2,2,1,0,0,1,17.0,58.0,deux_roues,voiture,1,2,3,1,3
202300004117,2023-05-03 13:00:00,2023,5,3,13,0,69,69264,Rue Jean-Michel Savigny,45.98208,4.71499,Plein jour,En agglomération,Intersection en T,Normale,Deux véhicules - côté,4,2,2,2,1,2,1,0,1,50,2,2,1,0,0,1,17.0,58.0,deux_roues,voiture,1,2,3,1,3
202300004118,2023-11-28 20:35:00,2023,11,28,20,35,17,17021,11 Rue des Bergères,45.748345,-1.156204,Nuit sans éclairage public,En agglomération,Hors intersection,Normale,Autre collision,4,2,2,0,1,1,1,0,3,50,1,2,1,1,0,0,59.0,,voiture,,3,2,1,1,6
202300004119,2023-02-11 16:00:00,2023,2,11,16,0,24,24216,Néplier - D708,45.16288,0.254035,Plein jour,Hors agglomération,Hors intersection,Normale,Deux véhicules - frontale,3,2,2,0,1,3,1,0,1,80,2,3,2,0,0,1,37.0,21.0,deux_roues,voiture,1,1,1,1,1
202300004120,2023-02-11 16:45:00,2023,2,11,16,45,85,85047,VC Rue de Bois de Céné,46.851079,-1.879655,Plein jour,En agglomération,Giratoire,Temps éblouissant,Deux véhicules - côté,4,1,1,0,1,2,1,5,1,50,2,2,1,0,1,0,24.0,57.0,deux_roues,voiture,1,2,6,7,3
202300004121,2023-11-27 19:10:00,2023,11,27,19,10,86,86017,D42,46.665223,0.081167,Nuit sans éclairage public,Hors agglomération,Hors intersection,Pluie légère,Autre collision,3,2,2,0,1,1,2,0,1,80,1,2,1,1,0,0,24.0,,voiture,,3,1,1,2,6
202300004122,2023-05-03 20:00:00,2023,5,3,20,0,69,69259,Avenue Jacques Duclos,45.69739,4.89095,Plein jour,En agglomération,Giratoire,Normale,Deux véhicules - côté,4,1,1,2,2,1,1,0,1,50,2,2,1,0,0,1,35.0,41.0,voiture,voiture,1,2,6,1,3
202300004122,2023-05-03 20:00:00,2023,5,3,20,0,69,69259,Avenue Jacques Duclos,45.69739,4.89095,Plein jour,En agglomération,Giratoire,Normale,Deux véhicules - côté,4,2,2,2,1,1,1,0,1,50,2,2,1,0,0,1,35.0,41.0,voiture,voiture,1,2,6,1,3
202300004123,2023-02-11 13:15:00,2023,2,11,13,15,85,85090,D64,46.83526,-0.85808,Plein jour,Hors agglomération,Hors intersection,Normale,Deux véhicules - frontale,3,2,2,0,2,4,1,0,1,80,2,2,1,0,0,1,53.0,65.0,voiture,voiture,1,1,1,1,1
202300004124,2023-11-27 17:05:00,2023,11,27,17,5,47,47157,25 Rue Jean Moulin,44.499023,0.179039,Crépuscule ou aube,En agglomération,Hors intersection,Pluie forte,Autre collision,4,2,2,2,1,1,2,0,6,30,1,2,1,0,0,1,24.0,,voiture,,2,2,1,3,6
202300004125,2023-02-12 03:30:00,2023,2,12,3,30,42,42185,Route de Veauche,45.589175,4.268287,Nuit sans éclairage public,Hors agglomération,Hors intersection,Normale,Autre collision,3,2,2,0,1,1,1,0,3,80,1,1,0,0,1,0,22.0,,voiture,,3,1,1,1,6
202300004126,2023-05-03 07:17:00,2023,5,3,7,17,69,69259,Avenue Jean Cagne,45.69496898,4.87336223,Plein jour,En agglomération,Intersection en X,Normale,Deux véhicules - côté,4,2,2,2,1,1,1,5,1,50,2,3,1,0,0,2,27.0,25.0,voiture,voiture,1,2,2,1,3
202300004126,2023-05-03 07:17:00,2023,5,3,7,17,69,69259,Avenue Jean Cagne,45.69496898,4.87336223,Plein jour,En agglomération,Intersection en X,Normale,Deux véhicules - côté,4,2,2,3,1,1,1,5,1,50,2,3,1,0,0,2,27.0,25.0,voiture,voiture,1,2,2,1,3
202300004127,2023-02-12 07:45:00,2023,2,12,7,45,49,49068,A 11 PK 289,47.427855,-0.914097,Crépuscule ou aube,Hors agglomération,Hors intersection,Normale,Autre collision,1,3,2,0,2,1,1,0,1,130,1,3,2,0,1,0,21.0,,voiture,,2,1,1,1,6
202300004128,2023-11-20 13:25:00,2023,11,20,13,25,60,60524,D1016,49.329003,2.435542,Plein jour,Hors agglomération,Hors intersection,Temps couvert,Deux véhicules - côté,3,3,2,0,2,1,2,0,1,110,2,2,1,0,0,1,31.0,18.0,voiture,voiture,1,1,1,8,3
202300004129,2023-05-03 11:15:00,2023,5,3,11,15,67,67218,STRASBOURG (AVENUE DE),48.545299,7.738031,Plein jour,En agglomération,Hors intersection,Normale,Autre collision,4,3,6,2,1,1,1,0,5,50,2,2,1,0,0,1,29.0,37.0,deux_roues,utilitaire_camion,1,2,1,1,6
202300004130,2023-02-11 16:40:00,2023,2,11,16,40,976,97605,Route de Sohoa,-12.826332,45.111516,Plein jour,En agglomération,Hors intersection,Normale,Sans collision,3,-1,4,0,1,1,1,0,1,50,1,2,1,0,1,0,58.0,,deux_roues,,1,2,1,1,7
202300004131,2023-02-12 11:45:00,2023,2,12,11,45,62,62559,A26,50.211259,3.098121,Plein jour,Hors agglomération,Autre intersection,Normale,Autre collision,1,3,4,0,1,1,2,0,1,130,1,1,0,0,1,0,39.0,,utilitaire_camion,,1,1,9,1,6
202300004132,2023-11-25 21:15:00,2023,11,25,21,15,60,60433,D1001,49.254816,2.206093,Nuit avec éclairage allumé,En agglomération,Hors intersection,Normale,Deux véhicules - arrière,3,2,3,0,1,1,1,0,1,70,2,2,1,0,0,1,25.0,22.0,voiture,voiture,5,2,1,1,2
202300004133,2023-04-27 15:40:00,2023,4,27,15,40,67,67043,PERIGUEUX (AVENUE DE),48.61474,7.73394,Plein jour,En agglomération,Intersection en T,Normale,Deux véhicules - côté,4,2,2,0,1,2,1,0,1,30,2,2,1,0,0,1,70.0,70.0,deux_roues,voiture,1,2,3,1,3
202300004133,2023-04-27 15:40:00,2023,4,27,15,40,67,67043,PERIGUEUX (AVENUE DE),48.61474,7.73394,Plein jour,En agglomération,Intersection en T,Normale,Deux véhicules - côté,4,2,2,0,1,1,1,0,1,50,2,2,1,0,0,1,70.0,70.0,deux_roues,voiture,1,2,3,1,3
202300004134,2023-11-18 18:50:00,2023,11,18,18,50,02,02381,50 Avenue de Verdun,49.912981,4.09179,Nuit avec éclairage allumé,En agglomération,Hors intersection,Pluie légère,Autre collision,4,2,2,0,1,1,2,0,1,50,1,2,1,0,1,0,32.0,,voiture,,5,2,1,2,6
202300004135,2023-04-27 10:20:00,2023,4,27,10,20,67,67482,SALZMANN (RUE),48.58007,7.74526,Plein jour,En agglomération,Intersection en T,Normale,Autre collision,4,1,1,0,1,1,9,6,1,30,1,2,1,0,0,1,80.0,,voiture,,1,2,3,1,6