accident_id,datetime,annee,mois,jour,heure,minute,departement,commune_insee,adresse,latitude,longitude,luminosite,agglomeration,intersection,meteo,collision,catr,circ,nbv,vosp,prof,plan,surf,infra,situ,vma,nb_vehicules,nb_usagers,nb_indemnes,nb_tues,nb_blesses_hosp,nb_blesses_legers,age_cond_1,age_cond_2,veh_type_cond_1,veh_type_cond_2,lum_code,agg_code,int_code,atm_code,col_code
202300004285,2023-02-10 14:30:00,2023,2,10,14,30,59,59599,GRAND PLACE,50.72155,3.15974,Plein jour,En agglomération,Hors intersection,Normale,Autre collision,4,-1,0,0,1,1,1,6,1,30,1,2,1,0,0,1,,,deux_roues,,1,2,1,1,6
202300004286,2023-03-24 20:10:00,2023,3,24,20,10,93,93064,AUTOROUTE A86,48.86369651,2.48274872,Nuit sans éclairage public,Hors agglomération,Hors intersection,Temps couvert,Trois véhicules et plus - en chaîne,1,3,6,0,1,1,2,0,1,90,3,3,2,0,0,1,30.0,36.0,voiture,voiture,3,1,1,8,4
202300004287,2023-03-24 13:15:00,2023,3,24,13,15,95,95252,A115,48.98695437,2.24255979,Plein jour,Hors agglomération,Hors intersection,Normale,Autre collision,1,3,4,0,1,1,1,0,1,90,1,1,0,0,0,1,53.0,,voiture,,1,1,1,1,6
202300004288,2023-11-25 16:45:00,2023,11,25,16,45,35,35278,MONTGERMONT (ROND POINT DE),48.15828256,-1.68785512,Plein jour,En agglomération,Giratoire,Normale,Trois véhicules et plus - collisions multiples,4,1,1,0,1,2,1,0,1,30,3,3,2,0,1,0,73.0,46.0,voiture,voiture,1,2,6,1,5
202300004289,2023-05-03 16:40:00,2023,5,3,16,40,75,75111,BOULEVARD DES FILLES DU CALVAIRE,48.862451,2.366882,Plein jour,En agglomération,Intersection en X,Normale,Deux véhicules - côté,4,2,4,0,1,1,1,0,1,30,2,3,2,0,0,1,63.0,26.0,voiture,deux_roues,1,2,2,1,3
202300004289,2023-05-03 16:40:00,2023,5,3,16,40,75,75111,BOULEVARD DES FILLES DU CALVAIRE,48.862451,2.366882,Plein jour,En agglomération,Intersection en X,Normale,Deux véhicules - côté,4,1,1,0,1,1,1,0,1,30,2,3,2,0,0,1,63.0,26.0,voiture,deux_roues,1,2,2,1,3
202300004290,2023-03-24 18:50:00,2023,3,24,18,50,972,97213,ROUTE DEPARTEMENTALE 15,14.62164,-61.0066,Nuit sans éclairage public,Hors agglomération,Hors intersection,Pluie légère,Autre collision,3,1,4,0,1,1,2,0,1,50,1,2,1,0,1,0,,,deux_roues,,3,1,1,2,6
202300004291,2023-02-10 22:00:00,2023,2,10,22,0,59,59636,VERT GALANT LIEU DIT,50.69284,3.01944,Nuit sans éclairage public,Hors agglomération,Hors intersection,Normale,Autre collision,7,2,2,0,1,2,1,0,1,80,1,3,2,0,0,1,20.0,,voiture,,3,1,1,1,6
202300004292,2023-11-26 14:05:00,2023,11,26,14,5,34,34172,AUTIGNAC (RUE GUILLAUME D'),43.5942,3.87029,Plein jour,En agglomération,Intersection en T,Normale,Deux véhicules - côté,4,1,1,0,1,1,1,0,1,30,2,2,1,0,0,1,38.0,33.0,voiture,voiture,1,2,3,1,3
202300004292,2023-11-26 14:05:00,2023,11,26,14,5,34,34172,AUTIGNAC (RUE GUILLAUME D'),43.5942,3.87029,Plein jour,En agglomération,Intersection en T,Normale,Deux véhicules - côté,4,1,1,0,1,1,1,0,1,30,2,2,1,0,0,1,38.0,33.0,voiture,voiture,1,2,3,1,3
202300004293,2023-03-23 19:25:00,2023,3,23,19,25,62,62186,D166,50.45771491,2.7212491,Nuit avec éclairage allumé,En agglomération,Hors intersection,Pluie forte,Autre collision,3,2,2,0,1,1,2,0,4,50,1,2,1,0,1,0,39.0,,voiture,,5,2,1,3,6
202300004294,2023-05-03 06:45:00,2023,5,3,6,45,75,75111,AVENUE PARMENTIER,48.869993,2.371057,Plein jour,En agglomération,Intersection en X,Normale,Deux véhicules - côté,4,2,2,0,1,1,1,0,1,30,2,2,0,0,0,2,40.0,34.0,deux_roues,deux_roues,1,2,2,1,3
202300004294,2023-05-03 06:45:00,2023,5,3,6,45,75,75111,AVENUE PARMENTIER,48.869993,2.371057,Plein jour,En agglomération,Intersection en X,Normale,Deux véhicules - côté,4,1,1,0,1,1,1,0,1,30,2,2,0,0,0,2,40.0,34.0,deux_roues,deux_roues,1,2,2,1,3
202300004295,2023-03-22 17:00:00,2023,3,22,17,0,59,59350,GAMBETTA LEON RUE,50.62832182,3.0518496,Plein jour,En agglomération,Hors intersection,Temps couvert,Autre collision,4,2,2,0,1,1,2,0,1,30,1,3,2,0,0,1,24.0,,voiture,,1,2,1,8,6
202300004296,2023-11-26 18:36:00,2023,11,26,18,36,33,33200,Avenue Pasteur,44.86697,-0.66862,Nuit avec éclairage allumé,En agglomération,Intersection en T,Normale,Deux véhicules - côté,4,1,1,0,1,1,1,5,1,50,2,3,1,0,0,2,45.0,52.0,voiture,voiture,5,2,3,1,3
202300004296,2023-11-26 18:36:00,2023,11,26,18,36,33,33200,Avenue Pasteur,44.86697,-0.66862,Nuit avec éclairage allumé,En agglomération,Intersection en T,Normale,Deux véhicules - côté,4,2,2,0,1,1,1,8,1,50,2,3,1,0,0,2,45.0,52.0,voiture,voiture,5,2,3,1,3
202300004297,2023-05-03 10:45:00,2023,5,3,10,45,75,75110,RUE DU FAUBOURG SAINT MARTIN,48.876098,2.360605,Plein jour,En agglomération,Intersection en T,Normale,Deux véhicules - côté,4,3,2,0,1,1,1,0,1,30,2,2,1,0,0,1,25.0,36.0,voiture,deux_roues,1,2,3,1,3
202300004297,2023-05-03 10:45:00,2023,5,3,10,45,75,75110,RUE DU FAUBOURG SAINT MARTIN,48.876098,2.360605,Plein jour,En agglomération,Intersection en T,Normale,Deux véhicules - côté,4,2,2,0,1,1,1,0,1,30,2,2,1,0,0,1,25.0,36.0,voiture,deux_roues,1,2,3,1,3
202300004298,2023-02-10 20:20:00,2023,2,10,20,20,59,59350,ESCH SUR ALZETTE RUE,50.640107,3.07686,Nuit avec éclairage allumé,En agglomération,Hors intersection,Normale,Deux véhicules - côté,4,2,1,0,1,3,1,0,1,30,2,2,1,0,1,0,46.0,32.0,utilitaire_camion,deux_roues,5,2,1,1,3
202300004299,2023-03-22 16:55:00,2023,3,22,16,55,29,29019,rue Corot,48.41440647,-4.46931794,Plein jour,En agglomération,Hors intersection,Normale,Autre collision,4,2,2,0,1,1,1,0,1,50,1,2,1,1,0,0,17.0,,deux_roues,,1,2,1,1,6
202300004300,2023-05-03 08:00:00,2023,5,3,8,0,75,75110,BOULEVARD DE MAGENTA,48.882663,2.350344,Plein jour,En agglomération,Hors intersection,Normale,Deux véhicules - frontale,4,1,1,1,1,1,1,0,5,30,2,2,1,0,0,1,45.0,5.0,deux_roues,deux_roues,1,2,1,1,1
202300004301,2023-11-26 06:36:00,2023,11,26,6,36,33,33063,Cours de la Marne,44.82877,-0.56347,Nuit avec éclairage allumé,En agglomération,Intersection en T,Normale,Autre collision,4,2,2,2,1,1,1,0,1,50,1,1,0,0,1,0,29.0,,deux_roues,,5,2,3,1,6
202300004301,2023-11-26 06:36:00,2023,11,26,6,36,33,33063,Cours de la Marne,44.82877,-0.56347,Nuit avec éclairage allumé,En agglomération,Intersection en T,Normale,Autre collision,4,2,2,0,1,1,1,0,1,30,1,1,0,0,1,0,29.0,,deux_roues,,5,2,3,1,6
202300004302,2023-02-07 17:10:00,2023,2,7,17,10,59,59328,CHENIER ANDRE RUE,50.65554,3.028427,Plein jour,En agglomération,Hors intersection,Normale,Deux véhicules - frontale,4,2,0,1,1,1,1,9,1,50,2,2,1,0,0,1,84.0,20.0,deux_roues,voiture,1,2,1,1,1
202300004303,2023-11-26 16:10:00,2023,11,26,16,10,31,31555,BD GRIFFOUL DORVAL,43.593696,1.457645,Plein jour,En agglomération,Hors intersection,Normale,Deux véhicules - côté,4,2,3,0,1,1,1,0,1,50,2,2,1,0,1,0,70.0,49.0,voiture,deux_roues,1,2,1,1,3
202300004304,2023-03-24 19:30:00,2023,3,24,19,30,973,97302,SUZINI (CARREFOUR),4.92722,-52.28999,Nuit avec éclairage allumé,En agglomération,Giratoire,Normale,Deux véhicules - côté,3,1,2,0,1,1,1,0,1,50,2,3,1,0,0,2,29.0,49.0,voiture,deux_roues,5,2,6,1,3
202300004305,2023-05-03 13:20:00,2023,5,3,13,20,75,75108,RUE DE COURCELLES,48.876388,2.307886,Plein jour,En agglomération,Intersection en X,Normale,Trois véhicules et plus - collisions multiples,4,2, -1,0,1,1,1,0,1,30,3,3,1,0,0,2,60.0,54.0,deux_roues,voiture,1,2,2,1,5
202300004305,2023-05-03 13:20:00,2023,5,3,13,20,75,75108,RUE DE COURCELLES,48.876388,2.307886,Plein jour,En agglomération,Intersection en X,Normale,Trois véhicules et plus - collisions multiples,4,2,2,0,2,1,1,0,1,30,3,3,1,0,0,2,60.0,54.0,deux_roues,voiture,1,2,2,1,5
202300004306,2023-02-10 09:20:00,2023,2,10,9,20,56,56098,TRUDAINE (RUE  DANIEL ),47.77739,-3.33909,Plein jour,En agglomération,Giratoire,Normale,Deux véhicules - arrière,3,2,2,0,1,3,1,5,1,50,2,2,1,0,0,1,50.0,42.0,voiture,voiture,1,2,6,1,2
202300004307,2023-11-26 03:00:00,2023,11,26,3,0,30,30007,MAS D'HOURS (QUAI DU),44.11467,4.09589,Nuit sans éclairage public,En agglomération,Hors intersection,Normale,Autre collision,4,4,2,0,1,3,1,0,1,50,1,2,0,0,0,2,52.0,,voiture,,3,2,1,1,6
202300004308,2023-03-23 18:12:00,2023,3,23,18,12,973,97302,TROUBIRAN (CHEMIN DE),4.92670469,-52.30347705,Crépuscule ou aube,En agglomération,Hors intersection,Normale,Sans collision,4,2,2,0,1,1,1,0,1,50,1,1,0,0,0,1,16.0,,deux_roues,,2,2,1,1,7
202300004309,2023-11-26 11:45:00,2023,11,26,11,45,29,29051,Route d'Elliant,47.9925414,-4.02702591,Plein jour,Hors agglomération,Hors intersection,Normale,Autre collision,3,2,2,0,1,3,1,0,3,70,1,2,0,0,0,2,34.0,,utilitaire_camion,,1,1,1,1,6
202300004310,2023-03-24 23:26:00,2023,3,24,23,26,69,69381,Rue de la Martinière,45.76816,4.83132,Nuit avec éclairage allumé,En agglomération,Intersection en X,Normale,Autre collision,4,2,2,0,1,1,1,0,1,30,1,2,1,0,0,1,29.0,,transport_commun,,5,2,2,1,6
202300004310,2023-03-24 23:26:00,2023,3,24,23,26,69,69381,Rue de la Martinière,45.76816,4.83132,Nuit avec éclairage allumé,En agglomération,Intersection en X,Normale,Autre collision,4,1,2,3,1,1,1,0,1,30,1,2,1,0,0,1,29.0,,transport_commun,,5,2,2,1,6
202300004311,2023-02-10 16:25:00,2023,2,10,16,25,54,54547,EUROPE (BOULEVARD DE L'),48.663098,6.171957,Plein jour,En agglomération,Giratoire,Normale,Autre collision,4,3,2,0,1,1,1,0,1,50,1,2,1,0,0,1,65.0,,voiture,,1,2,6,1,6
202300004311,2023-02-10 16:25:00,2023,2,10,16,25,54,54547,EUROPE (BOULEVARD DE L'),48.663098,6.171957,Plein jour,En agglomération,Giratoire,Normale,Autre collision,4,2,2,0,2,1,1,0,1,30,1,2,1,0,0,1,65.0,,voiture,,1,2,6,1,6
202300004312,2023-03-24 08:20:00,2023,3,24,8,20,69,69152,154 Rue des Martyrs de la Libération,45.70032,4.82456,Plein jour,En agglomération,Hors intersection,Normale,Autre collision,4,2,2,0,1,1,1,0,1,30,1,2,1,0,0,1,29.0,,voiture,,1,2,1,1,6
202300004313,2023-05-03 19:10:00,2023,5,3,19,10,75,75101,RUE DE RIVOLI,48.863257,2.333813,Plein jour,En agglomération,Intersection en T,Normale,Deux véhicules - côté,4,1,2,1,1,1,1,0,5,30,2,4,3,0,0,1,27.0,18.0,deux_roues,deux_roues,1,2,3,1,3
202300004313,2023-05-03 19:10:00,2023,5,3,19,10,75,75101,RUE DE RIVOLI,48.863257,2.333813,Plein jour,En agglomération,Intersection en T,Normale,Deux véhicules - côté,4,1,1,0,1,1,1,0,5,30,2,4,3,0,0,1,27.0,18.0,deux_roues,deux_roues,1,2,3,1,3
202300004314,2023-02-09 15:35:00,2023,2,9,15,35,54,54395,SAINT JEAN (RUE),48.69,6.18,Plein jour,En agglomération,Hors intersection,Normale,Autre collision,4,2, -1,3,1,1,1,0,1,30,1,2,1,0,0,1,51.0,,deux_roues,,1,2,1,1,6
202300004315,2023-11-25 20:54:00,2023,11,25,20,54,28,28134,N 154 (ROCADE),48.73052,1.39004,Nuit sans éclairage public,Hors agglomération,Autre intersection,Normale,Deux véhicules - frontale,2,-1,2,0,1,1,1,9,8,80,2,7,0,0,7,0,21.0,23.0,voiture,voiture,3,1,9,1,1
202300004316,2023-03-24 11:46:00,2023,3,24,11,46,2A,2A004,SEBASTIANU COSTA BD,41.94162,8.7478,Plein jour,En agglomération,Hors intersection,Normale,Deux véhicules - arrière,4,3,4,3,1,1,1,0,1,50,2,3,1,0,0,2,27.0,69.0,voiture,voiture,1,2,1,1,2
202300004317,2023-03-24 21:00:00,2023,3,24,21,0,95,95680,Allee Pierre Corneille,49.00048312,2.41578519,Nuit avec éclairage allumé,En agglomération,Hors intersection,Normale,Autre collision,4,2,2,0,1,1,1,0,1,50,1,1,0,0,0,1,36.0,,voiture,,5,2,1,1,6
202300004318,2023-05-03 16:45:00,2023,5,3,16,45,75,75101,RUE DE RIVOLI,48.862464,2.336261,Plein jour,En agglomération,Intersection en T,Normale,Autre collision,4,1,2,1,1,1,1,0,5,30,1,3,1,0,1,1,29.0,,deux_roues,,1,2,3,1,6
202300004318,2023-05-03 16:45:00,2023,5,3,16,45,75,75101,RUE DE RIVOLI,48.862464,2.336261,Plein jour,En agglomération,Intersection en T,Normale,Autre collision,4,1,2,1,1,1,1,0,5,30,1,3,1,0,1,1,29.0,,deux_roues,,1,2,3,1,6
202300004319,2023-11-26 14:50:00,2023,11,26,14,50,25,25056,KENNEDY  BOULEVARD J.F.,47.23808,5.98801,Plein jour,En agglomération,Intersection en X,Normale,Deux véhicules - arrière,4,-1,3,2,1,1,1,5,1,50,2,3,2,0,0,1,71.0,41.0,voiture,voiture,1,2,2,1,2
202300004319,2023-11-26 14:50:00,2023,11,26,14,50,25,25056,KENNEDY  BOULEVARD J.F.,47.23808,5.98801,Plein jour,En agglomération,Intersection en X,Normale,Deux véhicules - arrière,4,3,3,0,1,1,1,5,1,50,2,3,2,0,0,1,71.0,41.0,voiture,voiture,1,2,2,1,2
202300004320,2023-03-23 18:37:00,2023,3,23,18,37,95,95598,Avenue de Paris,48.98962,2.291787,Plein jour,En agglomération,Hors intersection,Normale,Deux véhicules - côté,3,2,4,0,1,1,1,0,1,50,2,2,1,0,0,1,23.0,52.0,voiture,deux_roues,1,2,1,1,3
202300004321,2023-05-03 22:00:00,2023,5,3,22,0,94,94046,Avenue du Général de Gaulle,48.81071237,2.42318501,Nuit avec éclairage allumé,En agglomération,Hors intersection,Normale,Deux véhicules - arrière,3,2,4,0,1,1,1,0,1,50,2,2,1,0,0,1,21.0,29.0,voiture,deux_roues,5,2,1,1,2
202300004322,2023-02-09 16:35:00,2023,2,9,16,35,50,50129,LECLERC (RUE DU GENERAL),49.64639,-1.64948,Plein jour,En agglomération,Intersection en X,Normale,Deux véhicules - côté,4,2,2,0,1,1,2,5,1,50,2,2,1,0,0,1,42.0,32.0,voiture,deux_roues,1,2,2,1,3
202300004322,2023-02-09 16:35:00,2023,2,9,16,35,50,50129,LECLERC (RUE DU GENERAL),49.64639,-1.64948,Plein jour,En agglomération,Intersection en X,Normale,Deux véhicules - côté,4,2,2,0,4,1,2,5,1,50,2,2,1,0,0,1,42.0,32.0,voiture,deux_roues,1,2,2,1,3
202300004323,2023-11-25 05:00:00,2023,11,25,5,0,13,13108,ARLES (PETITE ROUTE D ARLES CD 35),43.77069,4.66858,Nuit sans éclairage public,Hors agglomération,Hors intersection,Normale,Sans collision,3,2,2,0,1,3,1,0,1,80,1,3,0,0,1,2,16.0,,voiture,,3,1,1,1,7
202300004324,2023-05-03 07:20:00,2023,5,3,7,20,94,94003,PAUL VAILLANT COUTURIER (AV),48.79983524,2.34290743,Plein jour,En agglomération,Autre intersection,Normale,Deux véhicules - côté,3,1,1,0,1,1,1,0,1,50,2,2,1,0,0,1,64.0,36.0,deux_roues,voiture,1,2,9,1,3
202300004324,2023-05-03 07:20:00,2023,5,3,7,20,94,94003,PAUL VAILLANT COUTURIER (AV),48.79983524,2.34290743,Plein jour,En agglomération,Autre intersection,Normale,Deux véhicules - côté,3,-1,2,0,1,1,1,0,1,50,2,2,1,0,0,1,64.0,36.0,deux_roues,voiture,1,2,9,1,3
202300004325,2023-03-24 16:30:00,2023,3,24,16,30,91,91691,PIERRE GUILBERT(RUE),48.717199,2.494106,Plein jour,En agglomération,Hors intersection,Normale,Autre collision,4,1,0,0,2,1,1,0,1,50,1,2,1,0,0,1,,,autre,,1,2,1,1,6
202300004326,2023-11-22 15:45:00,2023,11,22,15,45,30,30032,AVENUE DE LA PLAINE,43.80533,4.63766,Plein jour,En agglomération,Hors intersection,Temps éblouissant,Autre collision,4,2,2,0,1,1,1,0,1,50,1,3,1,0,1,1,73.0,,voiture,,1,2,1,7,6
202300004327,2023-02-09 18:45:00,2023,2,9,18,45,49,49007,DAVID D'ANGERS,47.47194,-0.55055,Nuit sans éclairage public,En agglomération,Intersection en T,Normale,Autre collision,4,2,2,0,1,1,1,0,1,30,2,2,1,0,1,0,80.0,21.0,voiture,deux_roues,3,2,3,1,6
202300004327,2023-02-09 18:45:00,2023,2,9,18,45,49,49007,DAVID D'ANGERS,47.47194,-0.55055,Nuit sans éclairage public,En agglomération,Intersection en T,Normale,Autre collision,4,2, -1,-1,1,1,1,0,1,-1,2,2,1,0,1,0,80.0,21.0,voiture,deux_roues,3,2,3,1,6
202300004328,2023-05-03 18:35:00,2023,5,3,18,35,94,94041,Rue Amédée Huon,48.80504222,2.38821664,Plein jour,En agglomération,Hors intersection,Normale,Deux véhicules - côté,4,2,2,0,1,1,1,0,1,50,2,2,1,0,0,1,63.0,43.0,deux_roues,voiture,1,2,1,1,3
202300004329,2023-03-24 19:45:00,2023,3,24,19,45,91,91286,CORBEIL (ROUTE DE),48.654431,2.389184,Nuit avec éclairage allumé,En agglomération,Hors intersection,Pluie légère,Deux véhicules - côté,4,2,0,0,1,1,2,0,1,50,2,2,1,0,0,1,30.0,21.0,voiture,deux_roues,5,2,1,2,3
202300004330,2023-10-28 12:00:00,2023,10,28,12,0,30,30032,COURS GAMBETTA,43.80605,4.64357,Plein jour,En agglomération,Hors intersection,Normale,Autre collision,3,1,1,0,1,1,1,0,1,50,2,2,1,0,0,1,,22.0,voiture,deux_roues,1,2,1,1,6
202300004331,2023-02-09 15:20:00,2023,2,9,15,20,49,49007,CAMUS BOULEVARD,47.48296,-0.5752,Plein jour,En agglomération,Hors intersection,Normale,Autre collision,6,-1, -1,0,1,1,1,1,1,30,1,1,0,0,0,1,67.0,,voiture,,1,2,1,1,6
202300004332,2023-05-03 10:50:00,2023,5,3,10,50,94,94077,Rue du Maréchal Lyautey / Avenue de la République,48.7308992,2.41844851,Plein jour,En agglomération,Giratoire,Normale,Autre collision,3,2,2,0,1,1,1,6,1,50,1,2,1,0,0,1,77.0,,voiture,,1,2,6,1,6
202300004332,2023-05-03 10:50:00,2023,5,3,10,50,94,94077,Rue du Maréchal Lyautey / Avenue de la République,48.7308992,2.41844851,Plein jour,En agglomération,Giratoire,Normale,Autre collision,3,2,2,-1,1,1,1,0,1,-1,1,2,1,0,0,1,77.0,,voiture,,1,2,6,1,6
202300004333,2023-03-23 06:50:00,2023,3,23,6,50,91,91228,JEAN MERMOZ (RUE),48.62394,2.41296,Crépuscule ou aube,En agglomération,Hors intersection,Pluie légère,Deux véhicules - côté,4,2,2,0,1,2,2,0,1,50,2,2,1,0,0,1,33.0,42.0,voiture,transport_commun,2,2,1,2,3
202300004334,2023-02-09 08:15:00,2023,2,9,8,15,49,49007,DUNANT RUE HENRI ET ROND POINT,47.48462,-0.5314,Plein jour,En agglomération,Hors intersection,Normale,Sans collision,4,2,4,0,1,1,1,0,1,50,1,1,0,0,1,0,16.0,,deux_roues,,1,2,1,1,7
202300004335,2023-11-26 03:45:00,2023,11,26,3,45,13,13204,ALEX. FLEMING (BOULEVARD),43.314,5.4064,Nuit avec éclairage allumé,En agglomération,Hors intersection,Normale,Deux véhicules - côté,4,1,1,0,1,1,1,0,1,50,2,2,1,0,1,0,34.0,43.0,deux_roues,voiture,5,2,1,1,3
202300004336,2023-05-03 14:45:00,2023,5,3,14,45,94,94079,Av du Mal de Lattre de Tassigny,48.82135351,2.53461671,Plein jour,En agglomération,Intersection en T,Normale,Deux véhicules - côté,4,-1,1,0,1,1,1,0,1,50,2,2,1,0,0,1,35.0,29.0,utilitaire_camion,deux_roues,1,2,3,1,3
202300004336,2023-05-03 14:45:00,2023,5,3,14,45,94,94079,Av du Mal de Lattre de Tassigny,48.82135351,2.53461671,Plein jour,En agglomération,Intersection en T,Normale,Deux véhicules - côté,4,2,2,0,1,1,1,0,1,50,2,2,1,0,0,1,35.0,29.0,utilitaire_camion,deux_roues,1,2,3,1,3
202300004337,2023-03-21 17:50:00,2023,3,21,17,50,85,85194,VC Boulevard pasteur,46.49039,-1.76782,Plein jour,En agglomération,Hors intersection,Normale,Deux véhicules - arrière,4,2,2,0,1,1,1,0,1,50,2,1,0,0,1,0,26.0,,deux_roues,,1,2,1,1,2
202300004338,2023-03-23 18:46:00,2023,3,23,18,46,84,84007,VERTES RIVES (Avenue des ) - MONTFAVET,43.93772,4.88557,Plein jour,Hors agglomération,Hors intersection,Normale,Autre collision,4,2,2,0,1,3,1,0,1,80,1,1,0,1,0,0,21.0,,deux_roues,,1,1,1,1,6
202300004339,2023-11-25 23:43:00,2023,11,25,23,43,13,13212,SAINT JULIEN (AVENUE DE ),43.30445084,5.41455392,Nuit avec éclairage allumé,En agglomération,Intersection en T,Normale,Autre collision,4,1,1,0,1,1,1,0,1,50,1,2,0,0,2,0,39.0,,deux_roues,,5,2,3,1,6
202300004339,2023-11-25 23:43:00,2023,11,25,23,43,13,13212,SAINT JULIEN (AVENUE DE ),43.30445084,5.41455392,Nuit avec éclairage allumé,En agglomération,Intersection en T,Normale,Autre collision,4,2,2,0,2,1,1,0,1,50,1,2,0,0,2,0,39.0,,deux_roues,,5,2,3,1,6
202300004340,2023-05-03 07:40:00,2023,5,3,7,40,94,94079,Avenue des Saules,48.82271,2.56218,Plein jour,En agglomération,Intersection en X,Normale,Deux véhicules - côté,4,2,2,0,1,1,1,0,1,50,2,3,2,0,0,1,57.0,37.0,voiture,deux_roues,1,2,2,1,3
202300004341,2023-03-23 15:10:00,2023,3,23,15,10,84,84007,MAGNANARELLES (Avenue des)-MONTFAVET,43.92068,4.87744,Plein jour,En agglomération,Hors intersection,Normale,Deux véhicules - frontale,4,2,2,0,1,1,1,0,1,50,2,2,0,0,1,1,58.0,61.0,voiture,voiture,1,2,1,1,1
202300004342,2023-02-10 12:00:00,2023,2,10,12,0,45,45338,82 Rue du Vieux Bourg,47.98096,2.72316,Plein jour,En agglomération,Intersection en X,Temps couvert,Deux véhicules - arrière,4,2,2,0,1,1,1,0,1,50,2,2,1,0,0,1,42.0,18.0,voiture,deux_roues,1,2,2,8,2
202300004342,2023-02-10 12:00:00,2023,2,10,12,0,45,45338,82 Rue du Vieux Bourg,47.98096,2.72316,Plein jour,En agglomération,Intersection en X,Temps couvert,Deux véhicules - arrière,4,2,2,0,1,1,1,0,1,50,2,2,1,0,0,1,42.0,18.0,voiture,deux_roues,1,2,2,8,2
202300004343,2023-11-25 21:50:00,2023,11,25,21,50,13,13214,ROLAND DORGELES (BOULEVARD),43.34619,5.38124,Nuit avec éclairage allumé,En agglomération,Hors intersection,Normale,Autre collision,4,2,4,0,2,2,1,0,1,50,1,2,0,0,1,1,22.0,,voiture,,5,2,1,1,6
202300004344,2023-05-03 18:50:00,2023,5,3,18,50,93,93059,Rue Jules Chatenay / Avenue Jacques Prévert,48.97017,2.36962,Plein jour,En agglomération,Intersection en T,Normale,Autre collision,4,2,2,0,1,1,1,0,8,30,1,2,1,0,0,1,,,autre,,1,2,3,1,6
202300004344,2023-05-03 18:50:00,2023,5,3,18,50,93,93059,Rue Jules Chatenay / Avenue Jacques Prévert,48.97017,2.36962,Plein jour,En agglomération,Intersection en T,Normale,Autre collision,4,2,2,0,1,1,1,0,1,30,1,2,1,0,0,1,,,autre,,1,2,3,1,6
202300004345,2023-11-25 17:55:00,2023,11,25,17,55,13,13208,HAMBOURG (BOULEVARD),43.249,5.39,Nuit avec éclairage allumé,En agglomération,Hors intersection,Normale,Deux véhicules - côté,6,-1,0,0,1,1,1,9,8,-1,2,3,2,0,0,1,82.0,47.0,voiture,voiture,5,2,1,1,3
202300004346,2023-05-03 13:00:00,2023,5,3,13,0,93,93031,Avenue du 18 Juin 1940,48.95315,2.3076,Plein jour,En agglomération,Hors intersection,Normale,Deux véhicules - côté,3,2,3,0,1,1,1,0,1,50,2,2,0,0,0,2,48.0,58.0,voiture,voiture,1,2,1,1,3
202300004347,2023-03-22 08:30:00,2023,3,22,8,30,84,84007,C.De GAULLE (Rocade),43.9285,4.80991,Plein jour,En agglomération,Intersection en X,Normale,Autre collision,4,3,4,0,1,1,1,5,1,50,3,4,2,0,1,1,11.0,39.0,deux_roues,voiture,1,2,2,1,6
202300004347,2023-03-22 08:30:00,2023,3,22,8,30,84,84007,C.De GAULLE (Rocade),43.9285,4.80991,Plein jour,En agglomération,Intersection en X,Normale,Autre collision,4,1,1,0,1,1,1,5,1,50,3,4,2,0,1,1,11.0,39.0,deux_roues,voiture,1,2,2,1,6
202300004348,2023-11-26 19:45:00,2023,11,26,19,45,06,06069,CANNES (ROUTE DE)  -RD 6085-,43.6341981,6.9518601,Crépuscule ou aube,En agglomération,Giratoire,Normale,Deux véhicules - frontale,4,2,2,0,1,1,1,0,1,50,2,2,1,0,0,1,28.0,23.0,voiture,voiture,2,2,6,1,1
202300004349,2023-02-10 00:50:00,2023,2,10,0,50,44,44109,10 Boulevard de l'Estuaire,47.204419,-1.556019,Nuit avec éclairage allumé,En agglomération,Hors intersection,Normale,Deux véhicules - frontale,4,1,1,2,2,1,1,0,1,50,2,3,1,0,0,2,25.0,21.0,voiture,voiture,5,2,1,1,1
202300004350,2023-05-02 08:30:00,2023,5,2,8,30,93,93057,Avenue Aristide Briand / Rue des Ecoles,48.90837904,2.49777764,Plein jour,En agglomération,Intersection en T,Normale,Autre collision,3,3,6,3,1,1,1,0,6,50,1,3,2,0,0,1,40.0,,deux_roues,,1,2,3,1,6
202300004350,2023-05-02 08:30:00,2023,5,2,8,30,93,93057,Avenue Aristide Briand / Rue des Ecoles,48.90837904,2.49777764,Plein jour,En agglomération,Intersection en T,Normale,Autre collision,3,1,1,-1,1,1,1,0,6,-1,1,3,2,0,0,1,40.0,,deux_roues,,1,2,3,1,6
202300004351,2023-03-24 10:50:00,2023,3,24,10,50,83,83137,PRUNEAU (AVE GENERAL),43.12034281,5.95374566,Plein jour,En agglomération,Hors intersection,Normale,Autre collision,6,-1, -1,0,1,1,1,0,1,50,1,2,1,0,1,0,49.0,,utilitaire_camion,,1,2,1,1,6
202300004352,2023-11-26 12:00:00,2023,11,26,12,0,06,06004,LITTORAL(BDM APRES BIJOU PLAGE RN98,43.5712348,7.1002218,Plein jour,Hors agglomération,Hors intersection,Normale,Deux véhicules - côté,4,2,2,0,1,1,1,0,1,50,2,2,1,0,1,0,37.0,66.0,voiture,deux_roues,1,1,1,1,3
202300004353,2023-05-03 11:15:00,2023,5,3,11,15,93,93001,Avenue des Ponceaux / Rue de Crèvecoeur,48.91914894,2.3863287,Plein jour,En agglomération,Intersection en X,Normale,Autre collision,3,2,2,0,1,1,1,0,1,30,1,2,1,0,0,1,69.0,,voiture,,1,2,2,1,6