accident_id,datetime,annee,mois,jour,heure,minute,departement,commune_insee,adresse,latitude,longitude,luminosite,agglomeration,intersection,meteo,collision,catr,circ,nbv,vosp,prof,plan,surf,infra,situ,vma,nb_vehicules,nb_usagers,nb_indemnes,nb_tues,nb_blesses_hosp,nb_blesses_legers,age_cond_1,age_cond_2,veh_type_cond_1,veh_type_cond_2,lum_code,agg_code,int_code,atm_code,col_code
202300004353,2023-05-03 11:15:00,2023,5,3,11,15,93,93001,Avenue des Ponceaux / Rue de Crèvecoeur,48.91914894,2.3863287,Plein jour,En agglomération,Intersection en X,Normale,Autre collision,3,1,1,0,1,1,1,0,1,30,1,2,1,0,0,1,69.0,,voiture,,1,2,2,1,6
202300004354,2023-02-09 08:10:00,2023,2,9,8,10,41,41018,CABOCHON (RUE DE),47.58288,1.31591,Plein jour,En agglomération,Hors intersection,Normale,Deux véhicules - arrière,4,2,2,0,1,1,1,0,1,50,2,2,1,0,0,1,25.0,19.0,deux_roues,voiture,1,2,1,1,2
202300004355,2023-03-24 18:15:00,2023,3,24,18,15,83,83069,PIERREFEU (ROUTE DE) RD 12,43.16158,6.12408,Plein jour,Hors agglomération,Hors intersection,Normale,Deux véhicules - frontale,3,2,2,0,1,1,1,0,1,70,2,4,0,0,0,4,46.0,30.0,voiture,voiture,1,1,1,1,1
202300004356,2023-11-26 15:05:00,2023,11,26,15,5,75,75112,PORTE DE VINCENNES,48.841357,2.413552,Plein jour,En agglomération,Hors intersection,Normale,Trois véhicules et plus - collisions multiples,4,1,4,0,1,1,1,0,1,70,3,3,2,0,0,1,27.0,25.0,deux_roues,voiture,1,2,1,1,5
202300004357,2023-05-02 18:51:00,2023,5,2,18,51,92,92046,ONZE NOVEMBRE 1918 (PLACE DU),48.82116319,2.3024109,Plein jour,En agglomération,Place,Normale,Autre collision,4,-1,1,3,1,1,1,0,8,-1,2,2,1,0,0,1,6.0,,deux_roues,deux_roues,1,2,7,1,6
202300004358,2023-03-24 09:55:00,2023,3,24,9,55,82,82121,CHATEAUVIEUX (RUE DE),44.02247615,1.35723799,Plein jour,En agglomération,Intersection en X,Normale,Deux véhicules - côté,4,1,1,0,1,1,1,0,1,50,2,2,1,0,0,1,21.0,58.0,voiture,deux_roues,1,2,2,1,3
202300004358,2023-03-24 09:55:00,2023,3,24,9,55,82,82121,CHATEAUVIEUX (RUE DE),44.02247615,1.35723799,Plein jour,En agglomération,Intersection en X,Normale,Deux véhicules - côté,4,4,3,0,1,1,1,0,1,50,2,2,1,0,0,1,21.0,58.0,voiture,deux_roues,1,2,2,1,3
202300004359,2023-05-03 16:00:00,2023,5,3,16,0,92,92050,LEVANT BOULEVARD DU,48.8904613,2.19930005,Plein jour,En agglomération,Hors intersection,Normale,Autre collision,4,1,1,0,1,1,1,0,1,-1,1,2,1,0,0,1,52.0,,voiture,,1,2,1,1,6
202300004360,2023-02-10 07:45:00,2023,2,10,7,45,40,40192,HAUSSEZ (BD D'),43.89509,-0.50528,Plein jour,En agglomération,Intersection en T,Normale,Deux véhicules - côté,4,2,1,0,1,1,1,5,1,50,2,2,0,0,1,1,33.0,41.0,voiture,deux_roues,1,2,3,1,3
202300004360,2023-02-10 07:45:00,2023,2,10,7,45,40,40192,HAUSSEZ (BD D'),43.89509,-0.50528,Plein jour,En agglomération,Intersection en T,Normale,Deux véhicules - côté,4,2,1,0,1,1,1,5,1,50,2,2,0,0,1,1,33.0,41.0,voiture,deux_roues,1,2,3,1,3
202300004361,2023-11-26 00:15:00,2023,11,26,0,15,75,75112,PORTE DE VINCENNES,48.843158,2.413707,Nuit avec éclairage allumé,En agglomération,Hors intersection,Normale,Deux véhicules - arrière,4,1,4,0,1,1,1,0,1,70,2,3,2,0,0,1,26.0,34.0,deux_roues,voiture,5,2,1,1,2
202300004362,2023-03-23 09:40:00,2023,3,23,9,40,82,82121,Rue rené char,44.02198626,1.37402259,Plein jour,En agglomération,Intersection en T,Normale,Deux véhicules - côté,4,2,2,0,1,1,1,6,1,30,2,2,1,0,1,0,54.0,70.0,voiture,deux_roues,1,2,3,1,3
202300004362,2023-03-23 09:40:00,2023,3,23,9,40,82,82121,Rue rené char,44.02198626,1.37402259,Plein jour,En agglomération,Intersection en T,Normale,Deux véhicules - côté,4,-1,3,3,1,1,1,6,1,30,2,2,1,0,1,0,54.0,70.0,voiture,deux_roues,1,2,3,1,3
202300004363,2023-02-10 16:16:00,2023,2,10,16,16,38,38151,COURS JEAN JAURÈS,45.15424,5.7076,Plein jour,En agglomération,Intersection en T,Normale,Deux véhicules - côté,7,1,4,3,1,1,1,0,1,50,2,2,1,0,0,1,46.0,48.0,voiture,deux_roues,1,2,3,1,3
202300004363,2023-02-10 16:16:00,2023,2,10,16,16,38,38151,COURS JEAN JAURÈS,45.15424,5.7076,Plein jour,En agglomération,Intersection en T,Normale,Deux véhicules - côté,7,2,2,0,1,1,1,0,1,50,2,2,1,0,0,1,46.0,48.0,voiture,deux_roues,1,2,3,1,3
202300004364,2023-05-03 20:13:00,2023,5,3,20,13,92,92044,CHARLES PASQUA (QUAI) 32 A 58,48.89998116,2.28195101,Plein jour,En agglomération,Hors intersection,Normale,Deux véhicules - côté,3,1,3,0,1,1,1,0,1,50,2,3,0,0,3,0,24.0,36.0,deux_roues,deux_roues,1,2,1,1,3
202300004365,2023-11-25 05:30:00,2023,11,25,5,30,75,75116,PORTE MAILLOT,48.877655,2.280344,Nuit avec éclairage allumé,En agglomération,Hors intersection,Normale,Deux véhicules - arrière,4,1,4,0,1,1,1,0,1,70,2,2,1,0,0,1,36.0,,voiture,voiture,5,2,1,1,2
202300004366,2023-02-10 15:30:00,2023,2,10,15,30,38,38169,QUAI DU DRAC,45.19072,5.70072,Crépuscule ou aube,En agglomération,Hors intersection,Normale,Autre collision,4,-1,1,1,1,1,1,0,5,25,1,2,1,0,0,1,19.0,,deux_roues,,2,2,1,1,6
202300004367,2023-05-03 16:45:00,2023,5,3,16,45,92,92044,VOLTAIRE(RUE)53A81 ET 42A62,48.89367902,2.28832394,Plein jour,En agglomération,Hors intersection,Normale,Autre collision,4,1,2,0,1,1,1,0,1,50,1,2,1,0,0,1,30.0,,transport_commun,,1,2,1,1,6
202300004368,2023-02-10 14:00:00,2023,2,10,14,0,35,35238,POSTUMINUS,48.10333,-1.68962,Plein jour,En agglomération,Hors intersection,Normale,Autre collision,4,2,2,3,1,1,1,0,4,50,1,1,0,0,0,1,24.0,,voiture,,1,2,1,1,6
202300004369,2023-11-25 17:45:00,2023,11,25,17,45,75,75116,PORTE DE PASSY,48.859496,2.262727,Nuit avec éclairage allumé,En agglomération,Hors intersection,Normale,Deux véhicules - côté,4,1,4,0,1,1,1,0,1,70,2,4,2,0,0,2,41.0,43.0,voiture,deux_roues,5,2,1,1,3
202300004370,2023-02-10 15:30:00,2023,2,10,15,30,35,35281,NANTES (RUE DE),48.08788997,-1.69424683,Plein jour,En agglomération,Hors intersection,Normale,Deux véhicules - côté,3,2,2,0,2,1,1,0,1,50,2,2,1,0,0,1,24.0,53.0,voiture,voiture,1,2,1,1,3
202300004371,2023-05-03 13:00:00,2023,5,3,13,0,92,92035,Kléber ( rue ),48.90592629,2.23950371,Plein jour,En agglomération,Intersection en X,Normale,Deux véhicules - arrière,4,-1,1,3,1,1,1,6,6,20,2,5,0,0,2,3,36.0,31.0,autre,deux_roues,1,2,2,1,2
202300004371,2023-05-03 13:00:00,2023,5,3,13,0,92,92035,Kléber ( rue ),48.90592629,2.23950371,Plein jour,En agglomération,Intersection en X,Normale,Deux véhicules - arrière,4,1,1,3,1,2,1,0,6,50,2,5,0,0,2,3,36.0,31.0,autre,deux_roues,1,2,2,1,2
202300004372,2023-02-10 08:05:00,2023,2,10,8,5,35,35238,SAINT-BRIEUC (DE),48.11547,-1.70777,Crépuscule ou aube,En agglomération,Hors intersection,Normale,Autre collision,6,-1, -1,0,1,1,1,9,1,20,1,2,1,0,0,1,20.0,,voiture,,2,2,1,1,6
202300004373,2023-11-24 18:33:00,2023,11,24,18,33,75,75117,AVENUE DE LA PORTE DE CHAMPERRET,48.886334,2.286531,Nuit avec éclairage allumé,En agglomération,Intersection en T,Normale,Deux véhicules - arrière,4,3,4,0,1,1,1,0,1,50,2,4,2,0,0,2,60.0,29.0,voiture,deux_roues,5,2,3,1,2
202300004373,2023-11-24 18:33:00,2023,11,24,18,33,75,75117,AVENUE DE LA PORTE DE CHAMPERRET,48.886334,2.286531,Nuit avec éclairage allumé,En agglomération,Intersection en T,Normale,Deux véhicules - arrière,4,1, -1,-1,1,1,1,0,1,50,2,4,2,0,0,2,60.0,29.0,voiture,deux_roues,5,2,3,1,2
202300004374,2023-03-24 13:30:00,2023,3,24,13,30,76,76540,Route de Bonsecours,49.43327,1.10766,Plein jour,En agglomération,Intersection en Y,Normale,Deux véhicules - côté,7,2,2,0,2,1,9,0,1,50,2,8,3,0,0,5,49.0,54.0,voiture,transport_commun,1,2,4,1,3
202300004374,2023-03-24 13:30:00,2023,3,24,13,30,76,76540,Route de Bonsecours,49.43327,1.10766,Plein jour,En agglomération,Intersection en Y,Normale,Deux véhicules - côté,7,2,3,3,2,1,9,-1,1,50,2,8,3,0,0,5,49.0,54.0,voiture,transport_commun,1,2,4,1,3
202300004375,2023-05-03 13:30:00,2023,5,3,13,30,92,92026,AUGUSTE BAILLY,48.90559167,2.27732152,Plein jour,En agglomération,Hors intersection,Normale,Deux véhicules - arrière,4,2,2,0,1,1,1,0,1,50,2,2,1,0,0,1,56.0,,deux_roues,utilitaire_camion,1,2,1,1,2
202300004376,2023-03-22 19:15:00,2023,3,22,19,15,72,72181,LOUIS BLANC (QUAI),48.00639,0.1928,Nuit avec éclairage allumé,En agglomération,Intersection en X,Pluie légère,Deux véhicules - côté,4,2,3,3,1,1,2,0,1,30,2,2,1,0,0,1,58.0,30.0,deux_roues,voiture,5,2,2,2,3
202300004376,2023-03-22 19:15:00,2023,3,22,19,15,72,72181,LOUIS BLANC (QUAI),48.00639,0.1928,Nuit avec éclairage allumé,En agglomération,Intersection en X,Pluie légère,Deux véhicules - côté,4,3,3,1,1,1,2,0,1,30,2,2,1,0,0,1,58.0,30.0,deux_roues,voiture,5,2,2,2,3
202300004377,2023-05-03 08:30:00,2023,5,3,8,30,92,92025,STALINGRAD (AV DE),48.930996,2.267187,Plein jour,En agglomération,Hors intersection,Normale,Deux véhicules - côté,3,2,6,0,1,1,1,0,1,50,2,2,0,0,0,2,34.0,48.0,voiture,deux_roues,1,2,1,1,3
202300004378,2023-11-26 10:46:00,2023,11,26,10,46,75,75105,RUE MONGE,48.848075,2.350494,Plein jour,En agglomération,Intersection en X,Normale,Autre collision,4,-1, -1,0,1,1,1,0,1,30,1,2,1,0,0,1,23.0,,deux_roues,,1,2,2,1,6
202300004378,2023-11-26 10:46:00,2023,11,26,10,46,75,75105,RUE MONGE,48.848075,2.350494,Plein jour,En agglomération,Intersection en X,Normale,Autre collision,4,2,2,0,1,1,1,0,1,30,1,2,1,0,0,1,23.0,,deux_roues,,1,2,2,1,6
202300004379,2023-02-10 17:40:00,2023,2,10,17,40,34,34172,717 Avenue Jean Mermoz,43.61034,3.8905,Plein jour,En agglomération,Intersection en X,Normale,Deux véhicules - côté,4,1,2,0,1,1,1,0,1,50,2,6,1,0,3,2,40.0,41.0,voiture,voiture,1,2,2,1,3
202300004379,2023-02-10 17:40:00,2023,2,10,17,40,34,34172,717 Avenue Jean Mermoz,43.61034,3.8905,Plein jour,En agglomération,Intersection en X,Normale,Deux véhicules - côté,4,2,4,0,1,1,1,0,1,50,2,6,1,0,3,2,40.0,41.0,voiture,voiture,1,2,2,1,3
202300004379,2023-02-10 17:40:00,2023,2,10,17,40,34,34172,717 Avenue Jean Mermoz,43.61034,3.8905,Plein jour,En agglomération,Intersection en X,Normale,Deux véhicules - côté,4,2,1,0,1,1,1,0,1,50,2,6,1,0,3,2,40.0,41.0,voiture,voiture,1,2,2,1,3
202300004380,2023-03-24 10:20:00,2023,3,24,10,20,69,69256,39 Avenue Eugénie Cotton,45.77177383,4.92378021,Plein jour,En agglomération,Hors intersection,Temps couvert,Deux véhicules - côté,4,1,1,2,1,1,1,0,5,50,2,3,1,0,0,2,70.0,25.0,voiture,deux_roues,1,2,1,8,3
202300004381,2023-05-03 02:15:00,2023,5,3,2,15,92,92024,BAC D'ASNIERE (RUE DU),48.90380535,2.29057029,Nuit avec éclairage allumé,En agglomération,Intersection en T,Normale,Autre collision,3,1,0,0,2,1,1,3,1,50,1,1,0,0,0,1,25.0,,deux_roues,,5,2,3,1,6
202300004381,2023-05-03 02:15:00,2023,5,3,2,15,92,92024,BAC D'ASNIERE (RUE DU),48.90380535,2.29057029,Nuit avec éclairage allumé,En agglomération,Intersection en T,Normale,Autre collision,3,-1,0,0,1,1,1,0,1,30,1,1,0,0,0,1,25.0,,deux_roues,,5,2,3,1,6
202300004382,2023-02-10 22:05:00,2023,2,10,22,5,33,33200,Avenue de Magudas,44.8594,-0.6848,Nuit avec éclairage non allumé,En agglomération,Giratoire,Normale,Sans collision,4,2,2,1,1,1,1,0,1,50,1,1,0,0,0,1,38.0,,deux_roues,,4,2,6,1,7
202300004382,2023-02-10 22:05:00,2023,2,10,22,5,33,33200,Avenue de Magudas,44.8594,-0.6848,Nuit avec éclairage non allumé,En agglomération,Giratoire,Normale,Sans collision,4,2,2,0,1,1,1,0,1,50,1,1,0,0,0,1,38.0,,deux_roues,,4,2,6,1,7
202300004383,2023-11-26 07:35:00,2023,11,26,7,35,75,75118,BOULEVARD BARBES,48.884209,2.349485,Crépuscule ou aube,En agglomération,Intersection en T,Normale,Autre collision,4,-1,2,3,1,1,1,0,1,30,1,2,0,0,0,2,35.0,,voiture,,2,2,3,1,6
202300004383,2023-11-26 07:35:00,2023,11,26,7,35,75,75118,BOULEVARD BARBES,48.884209,2.349485,Crépuscule ou aube,En agglomération,Intersection en T,Normale,Autre collision,4,-1, -1,3,1,1,1,0,1,30,1,2,0,0,0,2,35.0,,voiture,,2,2,3,1,6
202300004384,2023-02-11 01:45:00,2023,2,11,1,45,22,22187,GRIPPET (Rue du ),48.52844,-2.75157,Nuit sans éclairage public,En agglomération,Hors intersection,Normale,Sans collision,4,2,1,0,2,1,1,0,1,50,1,1,0,0,0,1,49.0,,voiture,,3,2,1,1,7
202300004385,2023-05-04 08:18:00,2023,5,4,8,18,85,85181,RD 148,46.49768,-0.924643,Plein jour,Hors agglomération,Hors intersection,Normale,Trois véhicules et plus - collisions multiples,3,2,2,0,3,1,1,0,1,80,3,3,1,0,0,2,45.0,54.0,voiture,utilitaire_camion,1,1,1,1,5
202300004386,2023-11-24 13:45:00,2023,11,24,13,45,75,75116,ROUTE DE SURESNES,48.871187,2.272599,Plein jour,En agglomération,Hors intersection,Normale,Deux véhicules - frontale,4,2,2,0,1,1,1,8,1,30,2,2,1,0,0,1,61.0,29.0,deux_roues,deux_roues,1,2,1,1,1
202300004387,2023-03-23 19:50:00,2023,3,23,19,50,67,67482,DRESDE (BOULEVARD DE),48.59929316,7.76137412,Nuit avec éclairage allumé,En agglomération,Hors intersection,Normale,Deux véhicules - côté,4,2,4,1,1,1,1,0,1,50,2,2,1,0,0,1,35.0,56.0,voiture,voiture,5,2,1,1,3
202300004388,2023-03-24 16:20:00,2023,3,24,16,20,64,64102,MAI 1945 (AVENUE DU 8),43.474255,-1.485425,Plein jour,En agglomération,Hors intersection,Normale,Deux véhicules - côté,4,2,2,0,1,1,1,0,1,50,2,2,1,0,0,1,57.0,17.0,voiture,deux_roues,1,2,1,1,3
202300004389,2023-04-28 16:54:00,2023,4,28,16,54,67,67034,D30,48.682856,7.631281,Plein jour,Hors agglomération,Hors intersection,Pluie forte,Deux véhicules - frontale,3,2,2,0,1,2,2,0,3,80,2,2,1,0,1,0,42.0,34.0,voiture,utilitaire_camion,1,1,1,3,1
202300004390,2023-11-25 01:40:00,2023,11,25,1,40,75,75115,QUAI DE GRENELLE,48.854388,2.28865,Nuit avec éclairage allumé,En agglomération,Intersection en X,Normale,Autre collision,4,3, -1,-1,1,1,1,0,1,-1,1,1,0,0,1,0,59.0,,deux_roues,,5,2,2,1,6
202300004390,2023-11-25 01:40:00,2023,11,25,1,40,75,75115,QUAI DE GRENELLE,48.854388,2.28865,Nuit avec éclairage allumé,En agglomération,Intersection en X,Normale,Autre collision,4,2,4,1,1,1,1,0,1,30,1,1,0,0,1,0,59.0,,deux_roues,,5,2,2,1,6
202300004391,2023-02-10 18:30:00,2023,2,10,18,30,22,22187,RN12,48.53215,-2.75696,Nuit sans éclairage public,Hors agglomération,Hors intersection,Normale,Deux véhicules - arrière,2,3,4,0,1,1,1,0,1,90,2,3,2,0,0,1,22.0,49.0,voiture,voiture,3,1,1,1,2
202300004392,2023-05-04 15:20:00,2023,5,4,15,20,32,32418,RD32,43.432521,0.843442,Plein jour,Hors agglomération,Hors intersection,Normale,Deux véhicules - frontale,3,2,2,0,1,3,1,0,1,90,2,2,0,0,2,0,28.0,46.0,voiture,voiture,1,1,1,1,1
202300004393,2023-03-24 12:15:00,2023,3,24,12,15,64,64102,SAINT BERNARD (CHEMIN DE),43.50123,-1.48187,Plein jour,Hors agglomération,Hors intersection,Pluie légère,Deux véhicules - côté,4,3,2,0,1,1,2,0,1,50,2,2,0,0,1,1,53.0,17.0,deux_roues,deux_roues,1,1,1,2,3
202300004394,2023-11-26 12:40:00,2023,11,26,12,40,75,75114,AVENUE DE LA PORTE DE CHATILLON,48.822317,2.314343,Plein jour,En agglomération,Intersection en X,Normale,Deux véhicules - côté,4,2,7,3,1,1,1,0,1,30,2,3,2,0,0,1,39.0,30.0,voiture,deux_roues,1,2,2,1,3
202300004394,2023-11-26 12:40:00,2023,11,26,12,40,75,75114,AVENUE DE LA PORTE DE CHATILLON,48.822317,2.314343,Plein jour,En agglomération,Intersection en X,Normale,Deux véhicules - côté,4,1,2,0,1,1,1,0,1,30,2,3,2,0,0,1,39.0,30.0,voiture,deux_roues,1,2,2,1,3
202300004395,2023-02-10 13:05:00,2023,2,10,13,5,22,22278,ECLUSES (CHEM. DE L'),48.52719,-2.72846,Plein jour,En agglomération,Hors intersection,Normale,Sans collision,4,2,2,0,2,1,6,9,1,30,1,1,0,0,1,0,68.0,,deux_roues,,1,2,1,1,7
202300004396,2023-04-30 09:15:00,2023,4,30,9,15,62,62785,D939,50.348742,2.566316,Plein jour,Hors agglomération,Hors intersection,Normale,Autre collision,3,2,2,0,1,1,1,0,3,70,1,1,0,0,0,1,70.0,,voiture,,1,1,1,1,6
202300004397,2023-03-23 19:20:00,2023,3,23,19,20,64,64102,SAINT LEON (ROND POINT),43.48825,-1.48283,Nuit avec éclairage allumé,En agglomération,Hors intersection,Normale,Deux véhicules - arrière,3,1,3,0,1,2,1,0,1,50,2,2,1,0,1,0,31.0,26.0,deux_roues,voiture,5,2,1,1,2
202300004398,2023-02-10 20:50:00,2023,2,10,20,50,13,13019,D9,43.45664,5.3267,Nuit sans éclairage public,Hors agglomération,Hors intersection,Normale,Sans collision,3,1,2,0,2,3,1,0,1,90,1,4,0,0,0,4,20.0,,voiture,,3,1,1,1,7
202300004399,2023-11-25 15:04:00,2023,11,25,15,4,75,75113,BOULEVARD DU GENERAL JEAN SIMON,48.825669,2.382084,Plein jour,En agglomération,Intersection en X,Normale,Deux véhicules - côté,4,4,7,2,1,1,1,0,5,50,2,2,1,0,0,1,33.0,46.0,voiture,deux_roues,1,2,2,1,3
202300004399,2023-11-25 15:04:00,2023,11,25,15,4,75,75113,BOULEVARD DU GENERAL JEAN SIMON,48.825669,2.382084,Plein jour,En agglomération,Intersection en X,Normale,Deux véhicules - côté,4,1,2,3,2,1,1,0,5,30,2,2,1,0,0,1,33.0,46.0,voiture,deux_roues,1,2,2,1,3
202300004400,2023-05-04 13:45:00,2023,5,4,13,45,34,34270,2 Rue Louis Breguet,43.56053,3.84272,Plein jour,Hors agglomération,Intersection en T,Normale,Deux véhicules - frontale,4,2,2,0,1,1,1,0,1,50,2,2,1,0,1,0,53.0,36.0,utilitaire_camion,deux_roues,1,1,3,1,1
202300004400,2023-05-04 13:45:00,2023,5,4,13,45,34,34270,2 Rue Louis Breguet,43.56053,3.84272,Plein jour,Hors agglomération,Intersection en T,Normale,Deux véhicules - frontale,4,2, -1,-1,1,1,1,0,1,-1,2,2,1,0,1,0,53.0,36.0,utilitaire_camion,deux_roues,1,1,3,1,1
202300004401,2023-03-23 13:45:00,2023,3,23,13,45,64,64102,DE MARTRES (AVENUE RAYMOND),43.48692,-1.48304,Plein jour,En agglomération,Giratoire,Normale,Deux véhicules - côté,4,2,2,0,1,1,1,0,1,50,2,2,1,0,0,1,84.0,47.0,voiture,deux_roues,1,2,6,1,3
202300004401,2023-03-23 13:45:00,2023,3,23,13,45,64,64102,DE MARTRES (AVENUE RAYMOND),43.48692,-1.48304,Plein jour,En agglomération,Giratoire,Normale,Deux véhicules - côté,4,1,1,0,1,1,1,0,1,50,2,2,1,0,0,1,84.0,47.0,voiture,deux_roues,1,2,6,1,3
202300004402,2023-05-04 07:20:00,2023,5,4,7,20,34,34270,6 Route de Beziers,43.575195,3.82593,Crépuscule ou aube,En agglomération,Hors intersection,Temps éblouissant,Autre collision,7,2,1,0,1,1,1,0,1,50,1,2,1,1,0,0,26.0,,voiture,,2,2,1,7,6
202300004403,2023-11-26 18:45:00,2023,11,26,18,45,75,75111,BOULEVARD DE BELLEVILLE,48.870019,2.379104,Nuit avec éclairage allumé,En agglomération,Intersection en X,Normale,Autre collision,4,1,2,1,1,1,1,0,1,30,1,3,0,0,0,3,56.0,,deux_roues,,5,2,2,1,6
202300004403,2023-11-26 18:45:00,2023,11,26,18,45,75,75111,BOULEVARD DE BELLEVILLE,48.870019,2.379104,Nuit avec éclairage allumé,En agglomération,Intersection en X,Normale,Autre collision,4,-1, -1,0,1,1,1,0,1,30,1,3,0,0,0,3,56.0,,deux_roues,,5,2,2,1,6
202300004404,2023-01-23 22:50:00,2023,1,23,22,50,13,13056,RIMBAUD ARTHUR,43.42168,5.05696,Nuit avec éclairage allumé,En agglomération,Hors intersection,Normale,Autre collision,3,3,4,0,1,1,1,0,1,50,2,2,0,0,0,2,50.0,23.0,voiture,voiture,5,2,1,1,6
202300004405,2023-05-04 05:00:00,2023,5,4,5,0,37,37153,A 10,47.490335,0.819498,Nuit avec éclairage allumé,Hors agglomération,Hors intersection,Normale,Autre collision,1,3,0,0,1,1,1,7,1,70,1,1,0,1,0,0,43.0,,voiture,,5,1,1,1,6
202300004406,2023-11-25 23:55:00,2023,11,25,23,55,75,75120,BOULEVARD DE MENILMONTANT,48.8629,2.387539,Nuit avec éclairage allumé,En agglomération,Place,Normale,Deux véhicules - côté,4,1,2,0,1,1,1,0,1,30,2,2,1,0,0,1,27.0,59.0,voiture,deux_roues,5,2,7,1,3
202300004407,2023-03-23 09:00:00,2023,3,23,9,0,64,64024,CINQ CANTONS (RUE DES),43.48826,-1.52206,Plein jour,En agglomération,Intersection en X,Normale,Deux véhicules - côté,4,2,2,0,1,1,1,0,1,30,2,2,1,0,1,0,65.0,19.0,voiture,deux_roues,1,2,2,1,3
202300004407,2023-03-23 09:00:00,2023,3,23,9,0,64,64024,CINQ CANTONS (RUE DES),43.48826,-1.52206,Plein jour,En agglomération,Intersection en X,Normale,Deux véhicules - côté,4,2,2,0,1,1,1,0,1,30,2,2,1,0,1,0,65.0,19.0,voiture,deux_roues,1,2,2,1,3
202300004408,2023-05-04 15:20:00,2023,5,4,15,20,51,51412,D5,48.6952757,3.89168143,Plein jour,Hors agglomération,Hors intersection,Normale,Sans collision,3,2,2,0,1,1,1,0,3,80,1,1,0,0,1,0,49.0,,voiture,,1,1,1,1,7
202300004409,2023-11-26 16:40:00,2023,11,26,16,40,93,93055,Avenue Édouard Vaillant,48.899505,2.396538,Crépuscule ou aube,En agglomération,Hors intersection,Normale,Autre collision,3,2,2,1,1,1,1,0,4,25,1,2,1,0,0,1,14.0,,deux_roues,,2,2,1,1,6
202300004410,2023-02-10 18:15:00,2023,2,10,18,15,13,13210,PAUL CLAUDEL (BOULEVARD),43.26930611,5.42092259,Nuit avec éclairage allumé,En agglomération,Intersection à plus de 4 branches,Normale,Deux véhicules - frontale,4,2,4,3,1,1,1,5,1,50,2,2,1,0,0,1,25.0,20.0,voiture,deux_roues,5,2,5,1,1
202300004410,2023-02-10 18:15:00,2023,2,10,18,15,13,13210,PAUL CLAUDEL (BOULEVARD),43.26930611,5.42092259,Nuit avec éclairage allumé,En agglomération,Intersection à plus de 4 branches,Normale,Deux véhicules - frontale,4,2,8,3,1,1,1,5,1,50,2,2,1,0,0,1,25.0,20.0,voiture,deux_roues,5,2,5,1,1
202300004411,2023-03-21 14:30:00,2023,3,21,14,30,62,62637,DARCHICOURT (AV FERNAND),50.46758,2.98746,Plein jour,En agglomération,Hors intersection,Normale,Deux véhicules - côté,3,2,2,0,1,1,1,0,1,50,2,2,1,0,1,0,21.0,26.0,voiture,deux_roues,1,2,1,1,3
202300004412,2023-11-25 18:47:00,2023,11,25,18,47,93,93046,Boulevard Jean Moulin,48.91201761,2.51377366,Nuit avec éclairage allumé,En agglomération,Hors intersection,Normale,Deux véhicules - frontale,4,2,2,0,1,1,1,0,1,50,2,2,1,0,0,1,20.0,28.0,deux_roues,voiture,5,2,1,1,1
202300004413,2023-02-10 10:45:00,2023,2,10,10,45,13,13208,HAMBOURG (BOULEVARD),43.25218,5.38688,Plein jour,En agglomération,Hors intersection,Normale,Autre collision,4,1,1,0,1,1,1,0,1,50,1,2,1,0,0,1,73.0,,voiture,,1,2,1,1,6
202300004414,2023-03-22 17:55:00,2023,3,22,17,55,62,62758,Rue du Denacre,50.73555,1.63394,Plein jour,Hors agglomération,Hors intersection,Pluie légère,Deux véhicules - frontale,4,2,1,0,2,1,2,0,1,50,2,2,0,1,0,1,49.0,20.0,voiture,voiture,1,1,1,2,1
202300004415,2023-11-26 12:00:00,2023,11,26,12,0,92,92064,PARC SAINT CLOUD,48.8285049,2.21044081,Plein jour,En agglomération,Hors intersection,Normale,Sans collision,4,-1,0,1,2,1,6,9,5,30,1,1,0,0,0,1,57.0,,deux_roues,,1,2,1,1,7
202300004416,2023-02-10 11:45:00,2023,2,10,11,45,13,13214,SAINTE MARTHE (chemin),43.32363,5.38914,Plein jour,En agglomération,Hors intersection,Normale,Autre collision,4,2,2,0,4,2,1,6,4,50,1,2,1,0,1,0,20.0,,voiture,,1,2,1,1,6
202300004417,2023-03-24 16:00:00,2023,3,24,16,0,59,59350,CORMONTAIGNE  METRO,50.62621,3.0402,Plein jour,En agglomération,Intersection en X,Normale,Deux véhicules - côté,4,2,2,2,1,1,1,0,1,50,2,3,2,0,0,1,21.0,53.0,utilitaire_camion,voiture,1,2,2,1,3
202300004417,2023-03-24 16:00:00,2023,3,24,16,0,59,59350,CORMONTAIGNE  METRO,50.62621,3.0402,Plein jour,En agglomération,Intersection en X,Normale,Deux véhicules - côté,4,3,0,1,1,1,1,0,1,50,2,3,2,0,0,1,21.0,53.0,utilitaire_camion,voiture,1,2,2,1,3
202300004418,2023-11-26 17:58:00,2023,11,26,17,58,35,35268,La Belle Alouette,47.76644061,-1.89079911,Nuit sans éclairage public,Hors agglomération,Intersection en X,Normale,Deux véhicules - côté,3,2,2,0,1,1,1,0,1,80,2,2,0,0,1,1,56.0,22.0,voiture,voiture,3,1,2,1,3
202300004418,2023-11-26 17:58:00,2023,11,26,17,58,35,35268,La Belle Alouette,47.76644061,-1.89079911,Nuit sans éclairage public,Hors agglomération,Intersection en X,Normale,Deux véhicules - côté,3,2,2,0,1,1,1,0,1,80,2,2,0,0,1,1,56.0,22.0,voiture,voiture,3,1,2,1,3
202300004419,2023-02-10 08:57:00,2023,2,10,8,57,13,13215,DE SAINT LOUIS AU ROVE (chemin),43.35272,5.35348,Plein jour,En agglomération,Hors intersection,Normale,Deux véhicules - frontale,4,2,2,0,1,1,1,0,1,50,2,5,3,0,1,1,,32.0,voiture,voiture,1,2,1,1,1