accident_id,datetime,annee,mois,jour,heure,minute,departement,commune_insee,adresse,latitude,longitude,luminosite,agglomeration,intersection,meteo,collision,catr,circ,nbv,vosp,prof,plan,surf,infra,situ,vma,nb_vehicules,nb_usagers,nb_indemnes,nb_tues,nb_blesses_hosp,nb_blesses_legers,age_cond_1,age_cond_2,veh_type_cond_1,veh_type_cond_2,lum_code,agg_code,int_code,atm_code,col_code
202300004492,2023-07-13 20:00:00,2023,7,13,20,0,34,34192,Avenue de la Pourquiere,43.543671,3.968602,Plein jour,En agglomération,Hors intersection,Normale,Autre collision,4,2,2,0,1,1,1,0,1,50,1,2,1,0,1,0,24.0,,voiture,,1,2,1,1,6
202300004493,2023-03-22 16:10:00,2023,3,22,16,10,11,11069,,43.21129,2.32655,Plein jour,En agglomération,Intersection en X,Normale,Deux véhicules - côté,4,-1,4,0,1,1,1,5,1,50,2,3,0,0,0,3,69.0,40.0,voiture,voiture,1,2,2,1,3
202300004493,2023-03-22 16:10:00,2023,3,22,16,10,11,11069,,43.21129,2.32655,Plein jour,En agglomération,Intersection en X,Normale,Deux véhicules - côté,4,1,0,0,1,1,1,0,1,50,2,3,0,0,0,3,69.0,40.0,voiture,voiture,1,2,2,1,3
202300004494,2023-11-25 15:50:00,2023,11,25,15,50,72,72191,L'Archerie,47.72767193,0.27553439,Plein jour,Hors agglomération,Hors intersection,Temps éblouissant,Deux véhicules - côté,4,2,2,0,1,1,1,0,1,80,2,6,3,0,3,0,40.0,18.0,voiture,voiture,1,1,1,7,3
202300004495,2023-06-08 00:20:00,2023,6,8,0,20,74,74218,THONON (AVENUE DE),46.38671,6.52116,Nuit avec éclairage allumé,Hors agglomération,Hors intersection,Normale,Trois véhicules et plus - collisions multiples,3,2,2,0,1,3,1,0,1,70,3,3,2,0,1,0,32.0,43.0,voiture,deux_roues,5,1,1,1,5
202300004496,2023-03-24 12:40:00,2023,3,24,12,40,07,07102,LYON (AVENUE DE),44.9348,4.8562,Plein jour,En agglomération,Hors intersection,Normale,Autre collision,3,2,2,0,1,1,1,0,4,50,1,1,0,0,0,1,20.0,,voiture,,1,2,1,1,6
202300004497,2023-07-14 04:40:00,2023,7,14,4,40,29,29143,Hameau de Ranyéré,48.035185,-4.432613,Nuit sans éclairage public,En agglomération,Autre intersection,Normale,Autre collision,4,2,2,0,1,1,2,0,4,-1,1,1,0,0,1,0,17.0,,deux_roues,,3,2,9,1,6
202300004498,2023-06-07 19:05:00,2023,6,7,19,5,74,74012,MONT-BLANC (RUE DU),46.19553,6.23532,Plein jour,En agglomération,Hors intersection,Normale,Autre collision,4,2,2,0,1,1,1,0,4,50,1,2,1,0,0,1,17.0,,deux_roues,,1,2,1,1,6
202300004499,2023-11-27 07:45:00,2023,11,27,7,45,06,06007,Route de Saint Jacques,43.619087,6.918619,Plein jour,Hors agglomération,Hors intersection,Normale,Deux véhicules - arrière,3,2,2,0,1,3,1,0,1,50,2,2,1,0,0,1,62.0,15.0,utilitaire_camion,deux_roues,1,1,1,1,2
202300004500,2023-03-24 15:20:00,2023,3,24,15,20,06,06069,ORME (CHEMIN DE L'),43.64898,6.94739,Plein jour,En agglomération,Autre intersection,Normale,Trois véhicules et plus - en chaîne,4,2,1,0,1,1,1,9,1,30,3,3,1,0,0,2,17.0,17.0,deux_roues,deux_roues,1,2,9,1,4
202300004501,2023-07-12 19:35:00,2023,7,12,19,35,38,38012,D1516,45.587431,5.606949,Plein jour,En agglomération,Intersection en X,Normale,Deux véhicules - arrière,3,2,2,0,1,1,1,0,1,50,2,2,1,0,0,1,22.0,43.0,utilitaire_camion,deux_roues,1,2,2,1,2
202300004501,2023-07-12 19:35:00,2023,7,12,19,35,38,38012,D1516,45.587431,5.606949,Plein jour,En agglomération,Intersection en X,Normale,Deux véhicules - arrière,3,2,2,0,1,1,1,0,1,50,2,2,1,0,0,1,22.0,43.0,utilitaire_camion,deux_roues,1,2,2,1,2
202300004502,2023-06-06 19:20:00,2023,6,6,19,20,72,72181,MITTERAND FRANCOIS (AV),48.00351,0.19946,Plein jour,En agglomération,Hors intersection,Normale,Trois véhicules et plus - collisions multiples,4,1,2,2,1,1,1,0,1,50,3,3,2,0,0,1,48.0,32.0,voiture,voiture,1,2,1,1,5
202300004503,2023-03-24 19:00:00,2023,3,24,19,0,06,06027,NICE AVENUE DE (RN7),43.6559,7.153,Crépuscule ou aube,En agglomération,Hors intersection,Normale,Autre collision,7,2,2,0,1,1,1,0,1,50,1,2,0,0,0,2,25.0,,deux_roues,,2,2,1,1,6
202300004504,2023-11-07 15:25:00,2023,11,7,15,25,05,05011,D942,44.53913545,6.19262714,Plein jour,Hors agglomération,Hors intersection,Normale,Autre collision,3,1,2,0,1,1,1,0,3,90,1,4,0,0,1,3,51.0,,voiture,,1,1,1,1,6
202300004505,2023-07-14 06:30:00,2023,7,14,6,30,02,02564,,49.33964,3.324051,Plein jour,Hors agglomération,Hors intersection,Normale,Autre collision,3,3,4,0,1,1,1,0,1,110,1,1,0,0,1,0,21.0,,voiture,,1,1,1,1,6
202300004506,2023-11-26 21:30:00,2023,11,26,21,30,05,05132,Route de Pelisse D23,44.700569,6.070375,Nuit sans éclairage public,Hors agglomération,Hors intersection,Normale,Autre collision,3,2,2,0,1,2,1,0,3,70,1,3,2,0,1,0,21.0,,voiture,,3,1,1,1,6
202300004507,2023-05-30 16:45:00,2023,5,30,16,45,71,71076,VERDUN (AVENUE),46.77648,4.86681,Plein jour,En agglomération,Intersection en T,Normale,Deux véhicules - côté,4,1,1,0,1,1,1,0,1,50,2,2,1,0,0,1,31.0,45.0,deux_roues,voiture,1,2,3,1,3
202300004507,2023-05-30 16:45:00,2023,5,30,16,45,71,71076,VERDUN (AVENUE),46.77648,4.86681,Plein jour,En agglomération,Intersection en T,Normale,Deux véhicules - côté,4,2,2,2,1,1,1,0,1,70,2,2,1,0,0,1,31.0,45.0,deux_roues,voiture,1,2,3,1,3
202300004508,2023-03-23 15:48:00,2023,3,23,15,48,06,06027,CHENES AVENUE DES,43.66207,7.16843,Plein jour,En agglomération,Intersection en X,Normale,Deux véhicules - frontale,4,2,3,0,1,3,1,0,1,50,2,2,1,0,1,0,21.0,59.0,deux_roues,voiture,1,2,2,1,1
202300004508,2023-03-23 15:48:00,2023,3,23,15,48,06,06027,CHENES AVENUE DES,43.66207,7.16843,Plein jour,En agglomération,Intersection en X,Normale,Deux véhicules - frontale,4,2,2,0,2,3,1,0,1,50,2,2,1,0,1,0,21.0,59.0,deux_roues,voiture,1,2,2,1,1
202300004509,2023-06-07 11:13:00,2023,6,7,11,13,69,69266,Boulevard Laurent Bonnevay,45.78697326,4.87898891,Plein jour,En agglomération,Intersection en X,Normale,Deux véhicules - côté,4,2,4,0,1,1,1,5,1,50,2,3,1,0,0,2,24.0,,voiture,voiture,1,2,2,1,3
202300004509,2023-06-07 11:13:00,2023,6,7,11,13,69,69266,Boulevard Laurent Bonnevay,45.78697326,4.87898891,Plein jour,En agglomération,Intersection en X,Normale,Deux véhicules - côté,4,2,2,0,1,1,1,0,1,50,2,3,1,0,0,2,24.0,,voiture,voiture,1,2,2,1,3
202300004510,2023-01-22 06:00:00,2023,1,22,6,0,13,13077,RN 568,43.42346866,4.97541973,Nuit sans éclairage public,Hors agglomération,Hors intersection,Normale,Sans collision,2,3,2,0,1,1,1,0,1,90,1,2,0,0,0,2,27.0,,utilitaire_camion,,3,1,1,1,7
202300004511,2023-11-27 16:30:00,2023,11,27,16,30,73,73182,Chemin via dessous,45.689761,5.933752,Plein jour,En agglomération,Hors intersection,Pluie légère,Deux véhicules - côté,4,2,2,0,1,2,2,0,1,50,2,2,1,0,0,1,65.0,14.0,voiture,deux_roues,1,2,1,2,3
202300004512,2023-07-14 15:00:00,2023,7,14,15,0,15,15124,RD 3,45.306553,2.605069,Plein jour,Hors agglomération,Hors intersection,Temps éblouissant,Deux véhicules - frontale,3,2,2,0,2,3,1,0,1,90,2,4,3,0,0,1,54.0,45.0,voiture,voiture,1,1,1,7,1
202300004513,2023-11-26 16:50:00,2023,11,26,16,50,43,43012,Avenue de Firminy,45.370198,4.205281,Nuit avec éclairage allumé,Hors agglomération,Autre intersection,Normale,Sans collision,3,2,2,0,1,1,1,0,1,90,1,1,0,0,1,0,31.0,,deux_roues,,5,1,9,1,7
202300004514,2023-03-23 18:05:00,2023,3,23,18,5,976,97611,cavani-Belle vue (rue),-12.78632,45.22035,Nuit sans éclairage public,En agglomération,Hors intersection,Normale,Autre collision,4,1,1,0,2,2,1,0,1,50,1,2,1,0,0,1,37.0,,deux_roues,,3,2,1,1,6
202300004515,2023-06-07 00:05:00,2023,6,7,0,5,69,69259,Boulevard Irène Joliot Curie,45.71432,4.87926,Nuit avec éclairage allumé,En agglomération,Intersection en X,Normale,Deux véhicules - côté,7,2,5,1,1,1,1,0,4,50,2,4,3,0,0,1,33.0,20.0,voiture,utilitaire_camion,5,2,2,1,3
202300004515,2023-06-07 00:05:00,2023,6,7,0,5,69,69259,Boulevard Irène Joliot Curie,45.71432,4.87926,Nuit avec éclairage allumé,En agglomération,Intersection en X,Normale,Deux véhicules - côté,7,2,3,2,1,1,1,0,1,50,2,4,3,0,0,1,33.0,20.0,voiture,utilitaire_camion,5,2,2,1,3
202300004516,2023-03-23 15:30:00,2023,3,23,15,30,976,97611,mamoudzou centre-Cinema Alpajoe (rue du),-12.78002,45.2288,Plein jour,En agglomération,Hors intersection,Normale,Autre collision,4,3,2,0,2,1,1,0,1,45,1,2,1,0,0,1,35.0,,deux_roues,,1,2,1,1,6
202300004517,2023-06-06 23:00:00,2023,6,6,23,0,69,69259,Boulevard Pinel,45.72576,4.88711,Nuit avec éclairage allumé,En agglomération,Hors intersection,Normale,Trois véhicules et plus - en chaîne,4,2,2,3,1,1,1,0,1,50,3,3,2,0,0,1,23.0,42.0,utilitaire_camion,voiture,5,2,1,1,4
202300004518,2023-11-25 20:20:00,2023,11,25,20,20,987,98735,Mataiea pk 44.500,-17.722,-149.399,Nuit avec éclairage allumé,Hors agglomération,Intersection en T,Normale,Deux véhicules - côté,2,2,2,0,1,1,1,0,8,20,2,2,1,0,1,0,59.0,15.0,voiture,deux_roues,5,1,3,1,3
202300004518,2023-11-25 20:20:00,2023,11,25,20,20,987,98735,Mataiea pk 44.500,-17.722,-149.399,Nuit avec éclairage allumé,Hors agglomération,Intersection en T,Normale,Deux véhicules - côté,2,2,2,0,1,2,1,0,1,60,2,2,1,0,1,0,59.0,15.0,voiture,deux_roues,5,1,3,1,3
202300004519,2023-07-08 18:15:00,2023,7,8,18,15,06,06089,D3,43.646479,7.011187,Plein jour,Hors agglomération,Intersection à plus de 4 branches,Normale,Deux véhicules - arrière,3,2,2,0,2,1,1,0,1,50,2,2,1,0,0,1,24.0,26.0,deux_roues,utilitaire_camion,1,1,5,1,2
202300004519,2023-07-08 18:15:00,2023,7,8,18,15,06,06089,D3,43.646479,7.011187,Plein jour,Hors agglomération,Intersection à plus de 4 branches,Normale,Deux véhicules - arrière,3,2,2,0,2,1,1,0,1,50,2,2,1,0,0,1,24.0,26.0,deux_roues,utilitaire_camion,1,1,5,1,2
202300004520,2023-03-23 17:00:00,2023,3,23,17,0,974,97407,MAHY FRANCOIS (RUE),-20.93805,55.29309,Plein jour,En agglomération,Hors intersection,Normale,Autre collision,4,1,1,0,1,1,1,0,1,50,1,2,1,0,0,1,44.0,,voiture,,1,2,1,1,6
202300004521,2023-07-22 21:30:00,2023,7,22,21,30,44,44184,41 rue Georges de Buffon,47.28535758,-2.22421446,Crépuscule ou aube,En agglomération,Hors intersection,Normale,Autre collision,4,2,2,0,1,2,1,0,1,50,1,2,1,0,0,1,35.0,,voiture,,2,2,1,1,6
202300004522,2023-07-14 16:05:00,2023,7,14,16,5,05,05098,Route du Boussolenc,44.497206,6.55482,Plein jour,En agglomération,Hors intersection,Normale,Deux véhicules - côté,3,2,2,0,2,1,1,0,1,50,2,2,1,0,0,1,16.0,53.0,deux_roues,voiture,1,2,1,1,3
202300004523,2023-06-03 00:15:00,2023,6,3,0,15,66,66136,,42.67703,2.86292,Nuit sans éclairage public,Hors agglomération,Hors intersection,Normale,Deux véhicules - frontale,3,2,4,0,1,1,1,0,1,90,2,2,1,0,0,1,37.0,,voiture,voiture,3,1,1,1,1
202300004524,2023-03-23 06:30:00,2023,3,23,6,30,973,97302,MONTABO (ROUTE DE) 1,4.93618648,-52.29620147,Plein jour,En agglomération,Intersection en X,Normale,Deux véhicules - côté,3,2,2,0,1,1,1,0,1,50,2,2,0,0,1,1,28.0,26.0,voiture,deux_roues,1,2,2,1,3
202300004524,2023-03-23 06:30:00,2023,3,23,6,30,973,97302,MONTABO (ROUTE DE) 1,4.93618648,-52.29620147,Plein jour,En agglomération,Intersection en X,Normale,Deux véhicules - côté,3,2,2,0,1,1,1,0,1,50,2,2,0,0,1,1,28.0,26.0,voiture,deux_roues,1,2,2,1,3
202300004525,2023-07-21 03:00:00,2023,7,21,3,0,44,44109,Boulevard Léon Jouhaux,47.20974562,-1.59366387,Nuit sans éclairage public,En agglomération,Hors intersection,Normale,Sans collision,4,2,2,0,1,1,1,0,1,50,1,1,0,0,0,1,51.0,,deux_roues,,3,2,1,1,7
202300004526,2023-07-13 13:15:00,2023,7,13,13,15,05,05132,Route du Domaine,44.669691,6.08855,Plein jour,Hors agglomération,Hors intersection,Normale,Sans collision,3,2,2,0,1,1,1,0,3,80,1,1,0,0,1,0,56.0,,voiture,,1,1,1,1,7
202300004527,2023-11-25 02:00:00,2023,11,25,2,0,987,98748,PK 17+800 Teahupoo,-17.805532,-149.293535,Nuit avec éclairage allumé,Hors agglomération,Hors intersection,Normale,Autre collision,2,2,2,0,1,1,1,0,1,60,1,3,1,0,1,1,33.0,,utilitaire_camion,,5,1,1,1,6
202300004528,2023-03-24 00:50:00,2023,3,24,0,50,69,69386,Rue Duguesclin,45.77433,4.84634,Nuit avec éclairage allumé,En agglomération,Hors intersection,Pluie légère,Autre collision,4,1,1,2,1,1,2,0,5,25,1,1,0,0,0,1,25.0,,deux_roues,,5,2,1,2,6
202300004529,2023-06-06 17:45:00,2023,6,6,17,45,64,64445,PARC EN CIEL,43.32108,-0.34372,Plein jour,En agglomération,Hors intersection,Normale,Autre collision,4,2,2,0,1,1,1,0,1,50,1,2,1,0,0,1,37.0,,voiture,,1,2,1,1,6
202300004530,2023-07-07 15:15:00,2023,7,7,15,15,90,90005,D12,47.726933,6.75833,Plein jour,Hors agglomération,Hors intersection,Normale,Deux véhicules - frontale,3,2,2,0,2,2,1,0,1,80,2,2,0,1,0,1,73.0,50.0,voiture,deux_roues,1,1,1,1,1
202300004531,2023-07-20 13:00:00,2023,7,20,13,0,44,44109,74 Quai de la Fosse,47.20918066,-1.56654576,Plein jour,En agglomération,Intersection en X,Temps couvert,Deux véhicules - côté,4,2,2,1,2,1,1,4,1,30,2,2,1,0,0,1,28.0,60.0,utilitaire_camion,transport_commun,1,2,2,8,3
202300004531,2023-07-20 13:00:00,2023,7,20,13,0,44,44109,74 Quai de la Fosse,47.20918066,-1.56654576,Plein jour,En agglomération,Intersection en X,Temps couvert,Deux véhicules - côté,4,2,2,2,1,1,1,4,1,50,2,2,1,0,0,1,28.0,60.0,utilitaire_camion,transport_commun,1,2,2,8,3
202300004532,2023-06-07 07:30:00,2023,6,7,7,30,64,64125,BAYONNE (AVENUE DE),43.4486,-1.57145,Plein jour,En agglomération,Hors intersection,Normale,Deux véhicules - côté,3,2,2,0,1,1,1,0,3,50,2,2,1,0,1,0,15.0,48.0,deux_roues,voiture,1,2,1,1,3
202300004533,2023-11-25 18:20:00,2023,11,25,18,20,988,98817,Roches lianes (Arrêt de bus),-22.23557,166.56687,Nuit sans éclairage public,Hors agglomération,Hors intersection,Normale,Deux véhicules - frontale,3,2,2,0,1,2,1,0,1,50,2,2,0,0,0,2,24.0,29.0,voiture,voiture,3,1,1,1,1
202300004534,2023-03-23 09:30:00,2023,3,23,9,30,69,69383,1 Rue Bonnand,45.75034,4.88438,Plein jour,En agglomération,Intersection en X,Normale,Deux véhicules - côté,4,1,1,2,1,1,1,0,1,30,2,2,1,0,0,1,24.0,46.0,voiture,deux_roues,1,2,2,1,3
202300004534,2023-03-23 09:30:00,2023,3,23,9,30,69,69383,1 Rue Bonnand,45.75034,4.88438,Plein jour,En agglomération,Intersection en X,Normale,Deux véhicules - côté,4,1,1,0,1,1,1,0,1,30,2,2,1,0,0,1,24.0,46.0,voiture,deux_roues,1,2,2,1,3
202300004535,2023-07-18 18:30:00,2023,7,18,18,30,44,44109,52 Rue Nicolas Appert,47.21369771,-1.58077115,Plein jour,En agglomération,Hors intersection,Normale,Autre collision,4,1,1,0,1,4,1,0,1,30,1,2,1,0,0,1,29.0,,deux_roues,,1,2,1,1,6
202300004536,2023-07-13 18:00:00,2023,7,13,18,0,60,60286,Rue de Rouen,49.66168568,1.9329532,Plein jour,En agglomération,Hors intersection,Normale,Deux véhicules - côté,3,2,2,0,1,1,1,0,1,50,2,3,2,0,0,1,51.0,53.0,voiture,voiture,1,2,1,1,3
202300004537,2023-11-27 11:30:00,2023,11,27,11,30,976,97608,Boulevard des Crabes,-12.78743,45.263849,Plein jour,En agglomération,Hors intersection,Normale,Deux véhicules - côté,2,2,2,1,1,1,1,9,1,50,2,2,1,0,1,0,28.0,35.0,voiture,deux_roues,1,2,1,1,3
202300004538,2023-03-23 18:00:00,2023,3,23,18,0,69,69152,21 Rue Voltaire,45.70323435,4.82152893,Plein jour,En agglomération,Hors intersection,Normale,Autre collision,4,1,3,1,1,1,1,0,1,30,1,2,1,0,0,1,36.0,,utilitaire_camion,,1,2,1,1,6
202300004539,2023-12-11 09:05:00,2023,12,11,9,5,10,10401,Rue des Anciennes Tanneries,48.236615,4.469086,Plein jour,En agglomération,Intersection en X,Pluie légère,Deux véhicules - côté,4,2,2,0,1,1,2,0,1,-1,2,2,1,0,0,1,47.0,36.0,voiture,voiture,1,2,2,2,3
202300004539,2023-12-11 09:05:00,2023,12,11,9,5,10,10401,Rue des Anciennes Tanneries,48.236615,4.469086,Plein jour,En agglomération,Intersection en X,Pluie légère,Deux véhicules - côté,4,2,2,0,1,1,2,0,1,50,2,2,1,0,0,1,47.0,36.0,voiture,voiture,1,2,2,2,3
202300004540,2023-11-26 00:15:00,2023,11,26,0,15,13,13088,D568,43.364526,5.243596,Nuit sans éclairage public,Hors agglomération,Hors intersection,Normale,Sans collision,3,2,2,0,1,1,1,0,3,70,1,2,1,0,0,1,19.0,,voiture,,3,1,1,1,7
202300004541,2023-06-02 16:45:00,2023,6,2,16,45,62,62498,Boulevard Emile Basly,50.429922,2.82694,Plein jour,En agglomération,Intersection en T,Normale,Autre collision,4,2,0,0,1,1,1,0,1,50,2,7,2,1,1,3,34.0,36.0,voiture,voiture,1,2,3,1,6
202300004541,2023-06-02 16:45:00,2023,6,2,16,45,62,62498,Boulevard Emile Basly,50.429922,2.82694,Plein jour,En agglomération,Intersection en T,Normale,Autre collision,4,-1,0,0,1,1,1,0,1,50,2,7,2,1,1,3,34.0,36.0,voiture,voiture,1,2,3,1,6
202300004542,2023-03-23 09:00:00,2023,3,23,9,0,69,69381,10 Rue de la République,45.76536957,4.83588745,Plein jour,En agglomération,Intersection en T,Normale,Deux véhicules - côté,4,1,1,0,1,1,1,0,8,30,2,2,1,0,0,1,31.0,32.0,deux_roues,voiture,1,2,3,1,3
202300004542,2023-03-23 09:00:00,2023,3,23,9,0,69,69381,10 Rue de la République,45.76536957,4.83588745,Plein jour,En agglomération,Intersection en T,Normale,Deux véhicules - côté,4,2,2,3,1,1,1,0,1,30,2,2,1,0,0,1,31.0,32.0,deux_roues,voiture,1,2,3,1,3
202300004543,2023-07-13 23:40:00,2023,7,13,23,40,64,64495,D918,43.364853,-1.590453,Nuit sans éclairage public,Hors agglomération,Intersection en X,Normale,Deux véhicules - côté,3,2,2,0,1,1,1,9,1,80,2,2,1,0,1,0,64.0,21.0,voiture,deux_roues,3,1,2,1,3
202300004543,2023-07-13 23:40:00,2023,7,13,23,40,64,64495,D918,43.364853,-1.590453,Nuit sans éclairage public,Hors agglomération,Intersection en X,Normale,Deux véhicules - côté,3,2, -1,-1,1,1,1,0,1,-1,2,2,1,0,1,0,64.0,21.0,voiture,deux_roues,3,1,2,1,3
202300004544,2023-06-01 18:55:00,2023,6,1,18,55,62,62193,Impasse Magnesia,50.939043,1.88134,Plein jour,En agglomération,Hors intersection,Normale,Sans collision,4,-1,2,0,1,1,9,0,1,50,1,2,1,0,0,1,16.0,,deux_roues,,1,2,1,1,7
202300004545,2023-11-29 13:40:00,2023,11,29,13,40,10,10328,RD 960,48.35077706,4.24478035,Plein jour,Hors agglomération,Hors intersection,Pluie légère,,3,2,2,0,1,1,2,8,1,90,3,3,1,0,1,1,41.0,43.0,utilitaire_camion,utilitaire_camion,1,1,1,2,-1
202300004546,2023-11-25 00:45:00,2023,11,25,0,45,13,13033,D9,43.355422,5.204159,Nuit sans éclairage public,Hors agglomération,Hors intersection,Vent fort / tempête,Deux véhicules - arrière,3,2, -1,0,1,1,1,0,1,110,2,2,1,0,1,0,62.0,22.0,voiture,voiture,3,1,1,6,2
202300004547,2023-03-22 16:34:00,2023,3,22,16,34,971,97101,Secteur Pont de la Gabarre,16.25342,-61.54796,Plein jour,Hors agglomération,Hors intersection,Normale,Deux véhicules - arrière,2,3,5,0,4,1,1,2,1,70,2,5,4,0,0,1,23.0,37.0,utilitaire_camion,voiture,1,1,1,1,2
202300004548,2023-07-13 17:20:00,2023,7,13,17,20,64,64216,CD817,43.256565,-0.145075,Plein jour,Hors agglomération,Hors intersection,Normale,Deux véhicules - frontale,3,2,2,0,1,1,1,0,1,80,2,3,2,0,1,0,76.0,44.0,voiture,voiture,1,1,1,1,1
202300004549,2023-11-27 09:57:00,2023,11,27,9,57,37,37129,129 Les 3 Cheminees,47.12883153,0.28600931,Plein jour,Hors agglomération,Hors intersection,Temps couvert,Autre collision,3,2,2,0,1,1,2,0,3,80,1,1,0,0,1,0,41.0,,voiture,,1,1,1,8,6
202300004550,2023-11-21 17:14:00,2023,11,21,17,14,10,10064,D960,48.388912,4.533782,Crépuscule ou aube,Hors agglomération,Intersection en Y,Pluie légère,Deux véhicules - côté,3,2,2,0,1,1,2,0,1,80,2,2,1,0,0,1,63.0,23.0,voiture,deux_roues,2,1,4,2,3
202300004550,2023-11-21 17:14:00,2023,11,21,17,14,10,10064,D960,48.388912,4.533782,Crépuscule ou aube,Hors agglomération,Intersection en Y,Pluie légère,Deux véhicules - côté,3,2,2,0,1,1,2,0,1,-1,2,2,1,0,0,1,63.0,23.0,voiture,deux_roues,2,1,4,2,3
202300004551,2023-05-17 16:50:00,2023,5,17,16,50,62,62244,D127,50.926392,1.868371,Plein jour,En agglomération,Giratoire,Temps éblouissant,Deux véhicules - côté,3,2,1,0,1,1,1,5,1,50,2,3,1,0,0,2,18.0,20.0,deux_roues,voiture,1,2,6,7,3
202300004551,2023-05-17 16:50:00,2023,5,17,16,50,62,62244,D127,50.926392,1.868371,Plein jour,En agglomération,Giratoire,Temps éblouissant,Deux véhicules - côté,3,2,2,0,1,1,1,5,1,50,2,3,1,0,0,2,18.0,20.0,deux_roues,voiture,1,2,6,7,3
202300004552,2023-11-25 14:10:00,2023,11,25,14,10,77,77088,Rue de l?Avenir,48.324585,2.577233,Plein jour,En agglomération,Hors intersection,Normale,Autre collision,4,2,2,0,1,3,1,0,1,50,1,2,1,0,1,0,30.0,,voiture,,1,2,1,1,6
202300004553,2023-07-17 13:13:00,2023,7,17,13,13,44,44172,24 Route de Paris,47.26318911,-1.49317762,Plein jour,En agglomération,Hors intersection,Temps couvert,Deux véhicules - côté,4,2,4,0,1,1,1,0,1,70,2,2,1,0,0,1,49.0,63.0,voiture,deux_roues,1,2,1,8,3
202300004554,2023-03-23 16:20:00,2023,3,23,16,20,95,95277,RD170,48.97692,2.47523,Plein jour,Hors agglomération,Hors intersection,Normale,Trois véhicules et plus - collisions multiples,3,3,4,0,1,1,1,0,1,110,4,4,3,0,0,1,45.0,50.0,utilitaire_camion,utilitaire_camion,1,1,1,1,5
202300004555,2023-05-26 14:30:00,2023,5,26,14,30,62,62193,Rue Martin Luther King,50.95435,1.89217,Plein jour,En agglomération,Hors intersection,Normale,Autre collision,4,1,2,0,1,2,1,2,1,50,1,2,1,0,0,1,59.0,,voiture,,1,2,1,1,6
202300004556,2023-07-13 17:10:00,2023,7,13,17,10,43,43051,Les Barandons,45.06874,4.328538,Plein jour,Hors agglomération,Intersection en T,Normale,Deux véhicules - frontale,3,2,2,0,1,1,1,0,1,90,2,2,1,0,1,0,61.0,60.0,voiture,deux_roues,1,1,3,1,1
202300004556,2023-07-13 17:10:00,2023,7,13,17,10,43,43051,Les Barandons,45.06874,4.328538,Plein jour,Hors agglomération,Intersection en T,Normale,Deux véhicules - frontale,3,2, -1,-1,4,1,1,5,1,-1,2,2,1,0,1,0,61.0,60.0,voiture,deux_roues,1,1,3,1,1
202300004557,2023-11-25 05:56:00,2023,11,25,5,56,77,77044,D227,48.566356,2.880521,Nuit sans éclairage public,Hors agglomération,Hors intersection,Normale,Trois véhicules et plus - collisions multiples,3,2,2,0,1,4,1,0,3,90,1,1,0,0,1,0,20.0,,voiture,,3,1,1,1,5
202300004558,2023-07-15 08:30:00,2023,7,15,8,30,44,44162,2 Chemin du Vigneau,47.21763558,-1.62496511,Plein jour,En agglomération,Hors intersection,Normale,Autre collision,4,2,2,0,1,1,1,0,3,50,1,1,0,0,0,1,76.0,,voiture,,1,2,1,1,6
202300004559,2023-03-07 16:19:00,2023,3,7,16,19,95,95427,D311,48.97482756,2.34263062,Plein jour,En agglomération,Hors intersection,Normale,Autre collision,3,2,2,0,1,1,1,0,1,50,1,2,1,1,0,0,,,autre,,1,2,1,1,6
202300004560,2023-07-14 15:05:00,2023,7,14,15,5,16,16382,Route de Villebois-Lavalette,45.54208006,0.22339314,Plein jour,Hors agglomération,Hors intersection,Normale,Sans collision,3,2,2,0,3,1,1,0,3,80,1,1,0,1,0,0,59.0,,deux_roues,,1,1,1,1,7
202300004561,2023-06-07 09:50:00,2023,6,7,9,50,60,60057,59 Rue de Savignies,49.43701387,2.06010991,Plein jour,En agglomération,Hors intersection,Normale,Deux véhicules - frontale,4,2,2,0,1,1,1,0,1,50,2,2,1,1,0,0,61.0,33.0,voiture,deux_roues,1,2,1,1,1
202300004562,2023-07-15 09:45:00,2023,7,15,9,45,44,44109,15 Chemin des Basteliers,47.22053231,-1.51086138,Plein jour,En agglomération,Hors intersection,Temps couvert,Autre collision,4,-1,2,0,1,1,1,0,1,50,1,1,0,0,0,1,49.0,,voiture,,1,2,1,8,6
202300004563,2023-11-26 15:05:00,2023,11,26,15,5,66,66164,chemin de saint-bernard,42.749139,2.877163,Plein jour,En agglomération,Hors intersection,Normale,Sans collision,4,2,2,0,1,1,1,0,3,50,1,2,1,0,1,0,12.0,,voiture,,1,2,1,1,7
202300004564,2023-03-23 11:30:00,2023,3,23,11,30,91,91589,AV CHARLES DE GAULLE,48.67878,2.34646,Plein jour,En agglomération,Hors intersection,Normale,Deux véhicules - côté,3,2,2,0,2,1,1,9,4,50,2,2,1,0,0,1,34.0,24.0,utilitaire_camion,deux_roues,1,2,1,1,3
202300004565,2023-07-14 00:30:00,2023,7,14,0,30,17,17085,D215,45.913377,-0.768936,Nuit sans éclairage public,Hors agglomération,Hors intersection,Normale,Sans collision,3,2,2,0,1,2,1,0,1,80,1,1,0,0,1,0,31.0,,voiture,,3,1,1,1,7