accident_id,datetime,annee,mois,jour,heure,minute,departement,commune_insee,adresse,latitude,longitude,luminosite,agglomeration,intersection,meteo,collision,catr,circ,nbv,vosp,prof,plan,surf,infra,situ,vma,nb_vehicules,nb_usagers,nb_indemnes,nb_tues,nb_blesses_hosp,nb_blesses_legers,age_cond_1,age_cond_2,veh_type_cond_1,veh_type_cond_2,lum_code,agg_code,int_code,atm_code,col_code
202300004641,2023-06-06 22:30:00,2023,6,6,22,30,14,14118,N814,49.20061,-0.3694,Nuit sans éclairage public,Hors agglomération,Hors intersection,Normale,Autre collision,2,1,3,0,1,1,1,0,1,70,3,3,1,0,0,2,22.0,55.0,voiture,utilitaire_camion,3,1,1,1,6
202300004642,2023-11-26 12:40:00,2023,11,26,12,40,94,94038,A6A,48.78404999,2.34665964,Plein jour,Hors agglomération,Hors intersection,Normale,Trois véhicules et plus - collisions multiples,1,1,3,0,1,1,1,0,1,90,3,5,2,0,0,3,71.0,57.0,voiture,voiture,1,1,1,1,5
202300004643,2023-07-13 18:20:00,2023,7,13,18,20,64,64256,D22,43.382712,-1.320677,Plein jour,En agglomération,Autre intersection,Normale,Deux véhicules - côté,3,2,2,0,1,1,1,0,1,70,2,2,1,0,1,0,69.0,52.0,voiture,deux_roues,1,2,9,1,3
202300004644,2023-08-19 20:00:00,2023,8,19,20,0,976,97613,Rue du College M,-12.758106,45.079747,Nuit avec éclairage allumé,En agglomération,Hors intersection,Normale,Deux véhicules - frontale,4,2,2,0,2,1,1,0,1,30,2,3,1,0,1,1,35.0,29.0,deux_roues,voiture,5,2,1,1,1
202300004645,2023-06-07 12:45:00,2023,6,7,12,45,13,13215,LYON (RUE DE),43.34088,5.36093,Plein jour,En agglomération,Hors intersection,Normale,Deux véhicules - côté,4,2,2,0,1,1,1,0,1,50,2,3,1,0,1,1,34.0,26.0,voiture,deux_roues,1,2,1,1,3
202300004646,2023-08-19 07:04:00,2023,8,19,7,4,976,97611,cavani-Belle vue (rue),-12.78635,45.22011,Plein jour,En agglomération,Hors intersection,Normale,Autre collision,4,2,1,-1,1,1,1,9,1,45,1,2,1,0,0,1,41.0,,voiture,,1,2,1,1,6
202300004647,2023-11-26 06:20:00,2023,11,26,6,20,91,91477,AUTOROUTE A10,48.71218,2.25275,Nuit sans éclairage public,Hors agglomération,Hors intersection,Normale,Deux véhicules - arrière,1,1,2,3,1,1,1,0,1,90,2,3,2,0,0,1,45.0,25.0,voiture,voiture,3,1,1,1,2
202300004648,2023-07-14 08:45:00,2023,7,14,8,45,49,49023,Les Noues (Andrezé),47.166595,-0.972322,Plein jour,Hors agglomération,Intersection en X,Normale,Deux véhicules - côté,3,2,2,0,1,1,1,0,1,70,2,2,1,0,1,0,17.0,53.0,deux_roues,utilitaire_camion,1,1,2,1,3
202300004648,2023-07-14 08:45:00,2023,7,14,8,45,49,49023,Les Noues (Andrezé),47.166595,-0.972322,Plein jour,Hors agglomération,Intersection en X,Normale,Deux véhicules - côté,3,2,0,0,1,1,1,0,1,80,2,2,1,0,1,0,17.0,53.0,deux_roues,utilitaire_camion,1,1,2,1,3
202300004649,2023-03-22 13:53:00,2023,3,22,13,53,67,67482,GEORGES WODLI (RUE),48.58925,7.73549,Plein jour,En agglomération,Hors intersection,Normale,Deux véhicules - frontale,4,2,2,1,1,1,1,0,5,50,2,2,1,0,0,1,62.0,30.0,deux_roues,deux_roues,1,2,1,1,1
202300004650,2023-06-07 08:21:00,2023,6,7,8,21,11,11069,650 Boulevard Henry Bouffet,43.21086,2.30296,Plein jour,En agglomération,Giratoire,Normale,Deux véhicules - côté,4,2,2,0,1,2,1,0,1,50,2,2,1,0,0,1,40.0,41.0,voiture,deux_roues,1,2,6,1,3
202300004651,2023-07-13 18:20:00,2023,7,13,18,20,50,50041,La Croix Aux Rois,49.621165,-1.749004,Plein jour,Hors agglomération,Intersection en X,Normale,Deux véhicules - côté,3,2,2,0,2,1,1,5,1,70,2,2,1,0,1,0,73.0,33.0,voiture,deux_roues,1,1,2,1,3
202300004651,2023-07-13 18:20:00,2023,7,13,18,20,50,50041,La Croix Aux Rois,49.621165,-1.749004,Plein jour,Hors agglomération,Intersection en X,Normale,Deux véhicules - côté,3,2, -1,-1,4,1,1,5,1,80,2,2,1,0,1,0,73.0,33.0,voiture,deux_roues,1,1,2,1,3
202300004652,2023-08-17 11:00:00,2023,8,17,11,0,976,97610,Hauts Vallons - Majicavo ( rue des),-12.74095763,45.20438299,Plein jour,En agglomération,Hors intersection,Normale,Deux véhicules - frontale,4,2,2,0,1,1,1,0,1,50,2,4,2,0,0,2,45.0,38.0,voiture,voiture,1,2,1,1,1
202300004653,2023-03-22 08:50:00,2023,3,22,8,50,66,66136,,42.73441,2.88664,Plein jour,En agglomération,Hors intersection,Normale,Deux véhicules - arrière,4,1,1,0,1,1,1,1,1,50,2,2,1,0,0,1,30.0,55.0,utilitaire_camion,deux_roues,1,2,1,1,2
202300004654,2023-11-26 17:50:00,2023,11,26,17,50,93,93010,AUTOROUTE A3,48.89084,2.47342,Nuit sans éclairage public,Hors agglomération,Hors intersection,Normale,Trois véhicules et plus - en chaîne,1,3,5,0,1,1,1,0,1,90,4,4,3,0,0,1,38.0,41.0,voiture,voiture,3,1,1,1,4
202300004655,2023-06-07 23:50:00,2023,6,7,23,50,06,06123,GUYNEMER AVENUE,43.66085,7.19553,Nuit avec éclairage allumé,En agglomération,Hors intersection,Normale,Deux véhicules - frontale,4,2,2,1,1,3,1,0,1,50,2,3,1,0,0,2,21.0,39.0,voiture,voiture,5,2,1,1,1
202300004656,2023-06-17 08:10:00,2023,6,17,8,10,988,98818,PROMENADE ROGER LAROQUE,-22.29626,166.43804,Plein jour,En agglomération,Hors intersection,Pluie légère,Deux véhicules - côté,4,2,2,0,1,1,2,0,1,50,2,2,1,0,0,1,19.0,63.0,voiture,deux_roues,1,2,1,2,3
202300004657,2023-11-26 16:20:00,2023,11,26,16,20,95,95607,A115,49.0282805,2.20346689,Plein jour,Hors agglomération,Hors intersection,Normale,Autre collision,1,3,2,0,1,1,1,0,1,90,1,2,1,0,0,1,20.0,,voiture,,1,1,1,1,6
202300004658,2023-07-13 15:30:00,2023,7,13,15,30,69,69266,Boulevard Périphérique Laurent Bonnevay,45.7822,4.8931,Plein jour,Hors agglomération,Autre intersection,Normale,Trois véhicules et plus - en chaîne,7,3,6,0,1,3,1,0,1,50,3,3,2,0,0,1,39.0,38.0,voiture,voiture,1,1,9,1,4
202300004659,2023-03-14 15:35:00,2023,3,14,15,35,62,62193,COUSTEAU(Jean-Yves),50.968819,1.874897,Plein jour,En agglomération,Giratoire,Normale,Deux véhicules - frontale,4,2,2,0,1,1,1,0,1,50,2,2,1,0,0,1,36.0,22.0,utilitaire_camion,voiture,1,2,6,1,1
202300004659,2023-03-14 15:35:00,2023,3,14,15,35,62,62193,COUSTEAU(Jean-Yves),50.968819,1.874897,Plein jour,En agglomération,Giratoire,Normale,Deux véhicules - frontale,4,1,0,0,1,1,8,0,1,50,2,2,1,0,0,1,36.0,22.0,utilitaire_camion,voiture,1,2,6,1,1
202300004660,2023-11-25 14:00:00,2023,11,25,14,0,95,95572,N184,49.03745,2.12221,Plein jour,Hors agglomération,Hors intersection,Normale,Autre collision,2,3,2,0,1,1,1,0,1,90,1,2,0,0,0,2,25.0,,voiture,,1,1,1,1,6
202300004661,2023-06-07 10:00:00,2023,6,7,10,0,75,75114,BD PERIPHERIQUE INTERIEUR,48.817844,2.334024,Plein jour,En agglomération,Hors intersection,Normale,Deux véhicules - arrière,4,1,3,0,1,1,1,0,1,70,2,2,1,0,0,1,56.0,62.0,voiture,deux_roues,1,2,1,1,2
202300004662,2023-06-29 09:20:00,2023,6,29,9,20,44,44109,15 Rue Louis Blanc,47.20651349,-1.55482515,Plein jour,En agglomération,Intersection en X,Temps couvert,Deux véhicules - côté,4,2,2,0,1,1,1,5,1,50,2,2,1,0,0,1,65.0,23.0,voiture,deux_roues,1,2,2,8,3
202300004662,2023-06-29 09:20:00,2023,6,29,9,20,44,44109,15 Rue Louis Blanc,47.20651349,-1.55482515,Plein jour,En agglomération,Intersection en X,Temps couvert,Deux véhicules - côté,4,2,2,2,1,1,1,5,1,50,2,2,1,0,0,1,65.0,23.0,voiture,deux_roues,1,2,2,8,3
202300004663,2023-11-26 21:00:00,2023,11,26,21,0,77,77249,RN104,48.748571,2.61388023,Nuit sans éclairage public,Hors agglomération,Hors intersection,Normale,Autre collision,2,1,2,0,1,1,2,0,1,90,1,1,0,0,0,1,19.0,,voiture,,3,1,1,1,6
202300004664,2023-06-29 19:20:00,2023,6,29,19,20,44,44162,1 Rue de la Johardière,47.2238629,-1.6440047,Plein jour,En agglomération,Giratoire,Temps couvert,Autre collision,4,2,2,0,1,1,2,5,1,50,2,2,1,0,0,1,28.0,37.0,deux_roues,voiture,1,2,6,8,6
202300004665,2023-06-05 10:25:00,2023,6,5,10,25,75,75120,BD PERIPHERIQUE INTERIEUR,48.862608,2.413553,Plein jour,En agglomération,Hors intersection,Normale,Deux véhicules - côté,4,1,4,0,1,1,1,0,1,70,2,2,1,0,0,1,30.0,32.0,deux_roues,voiture,1,2,1,1,3
202300004666,2023-07-13 17:55:00,2023,7,13,17,55,33,33550,ROCADE A 630,44.77792574,-0.56380033,Plein jour,Hors agglomération,Hors intersection,Normale,Deux véhicules - arrière,1,3,8,0,1,1,1,3,1,90,2,6,5,0,0,1,17.0,50.0,deux_roues,voiture,1,1,1,1,2
202300004667,2023-03-22 17:50:00,2023,3,22,17,50,62,62244,Chemin de la Riviere Neuve,50.900369,1.887531,Plein jour,Hors agglomération,Hors intersection,Pluie légère,Deux véhicules - côté,4,2,2,0,1,1,2,0,1,80,2,3,2,0,1,0,63.0,82.0,deux_roues,voiture,1,1,1,2,3
202300004668,2023-11-26 19:45:00,2023,11,26,19,45,94,94017,A4,48.8271602,2.51033987,Nuit avec éclairage allumé,Hors agglomération,Hors intersection,Normale,Deux véhicules - arrière,1,-1,4,0,1,1,1,1,1,90,2,2,1,0,0,1,22.0,31.0,voiture,deux_roues,5,1,1,1,2
202300004669,2023-06-29 14:30:00,2023,6,29,14,30,44,44143,62 Rue Aristide Briand,47.18098591,-1.54511461,Plein jour,En agglomération,Hors intersection,Temps couvert,Deux véhicules - côté,4,2,2,0,1,1,1,0,1,50,2,2,1,0,0,1,59.0,26.0,deux_roues,voiture,1,2,1,8,3
202300004670,2023-07-13 14:15:00,2023,7,13,14,15,33,33550,AUTOROUTE A 62,44.76436806,-0.54877996,Plein jour,Hors agglomération,Hors intersection,Normale,Deux véhicules - côté,1,3,4,0,1,1,1,0,1,110,2,2,1,0,0,1,19.0,58.0,voiture,utilitaire_camion,1,1,1,1,3
202300004671,2023-06-07 07:25:00,2023,6,7,7,25,75,75114,RUE D ALESIA,48.834142,2.313255,Plein jour,En agglomération,Hors intersection,Normale,Deux véhicules - arrière,4,1,4,2,1,1,1,5,1,30,2,2,1,0,1,0,49.0,,deux_roues,voiture,1,2,1,1,2
202300004672,2023-03-08 08:10:00,2023,3,8,8,10,59,59350,HUGO VICTOR  BVD N°104 - 294,50.61953,3.05355,Plein jour,En agglomération,Intersection en Y,Normale,Deux véhicules - côté,4,1,1,0,1,1,1,9,1,50,2,2,1,0,0,1,30.0,23.0,deux_roues,voiture,1,2,4,1,3
202300004672,2023-03-08 08:10:00,2023,3,8,8,10,59,59350,HUGO VICTOR  BVD N°104 - 294,50.61953,3.05355,Plein jour,En agglomération,Intersection en Y,Normale,Deux véhicules - côté,4,1,1,0,1,1,1,9,8,30,2,2,1,0,0,1,30.0,23.0,deux_roues,voiture,1,2,4,1,3
202300004672,2023-03-08 08:10:00,2023,3,8,8,10,59,59350,HUGO VICTOR  BVD N°104 - 294,50.61953,3.05355,Plein jour,En agglomération,Intersection en Y,Normale,Deux véhicules - côté,4,3,2,3,1,1,1,0,1,50,2,2,1,0,0,1,30.0,23.0,deux_roues,voiture,1,2,4,1,3
202300004673,2023-06-21 19:15:00,2023,6,21,19,15,44,44162,22bis Boulevard du Massacre,47.23482352,-1.58869566,Plein jour,En agglomération,Giratoire,Normale,Deux véhicules - côté,4,2,2,2,1,1,1,5,1,50,2,2,1,0,0,1,36.0,30.0,deux_roues,voiture,1,2,6,1,3
202300004674,2023-11-25 14:15:00,2023,11,25,14,15,77,77169,RN104,48.8035342,2.62736421,Plein jour,Hors agglomération,Hors intersection,Normale,Deux véhicules - arrière,2,-1,3,0,1,1,1,0,1,90,2,2,1,0,0,1,53.0,74.0,voiture,voiture,1,1,1,1,2
202300004675,2023-06-07 00:50:00,2023,6,7,0,50,75,75119,AVENUE JEAN JAURES,48.883043,2.37149,Nuit avec éclairage allumé,En agglomération,Intersection en Y,Normale,Deux véhicules - côté,4,2,2,2,1,1,1,0,1,30,2,2,1,0,0,1,36.0,27.0,deux_roues,utilitaire_camion,5,2,4,1,3
202300004675,2023-06-07 00:50:00,2023,6,7,0,50,75,75119,AVENUE JEAN JAURES,48.883043,2.37149,Nuit avec éclairage allumé,En agglomération,Intersection en Y,Normale,Deux véhicules - côté,4,1,1,0,1,1,1,0,1,30,2,2,1,0,0,1,36.0,27.0,deux_roues,utilitaire_camion,5,2,4,1,3
202300004676,2023-07-13 20:40:00,2023,7,13,20,40,92,92002,AUTOROUTE A10,48.730763,2.308482,Plein jour,Hors agglomération,Hors intersection,Normale,Trois véhicules et plus - en chaîne,1,1,3,0,1,1,1,0,1,110,3,3,2,0,0,1,36.0,63.0,voiture,voiture,1,1,1,1,4
202300004677,2023-06-20 14:00:00,2023,6,20,14,0,44,44109,48 Boulevard de la Beaujoire,47.25877699,-1.5221499,Nuit avec éclairage allumé,En agglomération,Hors intersection,Temps couvert,Deux véhicules - arrière,4,2,2,2,1,1,1,4,1,50,2,2,1,0,0,1,58.0,27.0,voiture,transport_commun,5,2,1,8,2
202300004678,2023-03-23 10:13:00,2023,3,23,10,13,57,57441,MONDORFF (ROUTE DE),49.388836,6.186165,Plein jour,En agglomération,Intersection en T,Pluie légère,Deux véhicules - côté,3,2,2,0,1,1,2,0,1,70,2,2,1,0,1,0,36.0,16.0,voiture,deux_roues,1,2,3,2,3
202300004678,2023-03-23 10:13:00,2023,3,23,10,13,57,57441,MONDORFF (ROUTE DE),49.388836,6.186165,Plein jour,En agglomération,Intersection en T,Pluie légère,Deux véhicules - côté,3,2,2,0,1,2,2,0,1,70,2,2,1,0,1,0,36.0,16.0,voiture,deux_roues,1,2,3,2,3
202300004679,2023-11-25 06:10:00,2023,11,25,6,10,94,94017,A4,48.82687932,2.51122881,Nuit sans éclairage public,Hors agglomération,Hors intersection,Normale,Trois véhicules et plus - collisions multiples,1,1,4,0,1,1,1,1,1,90,3,4,1,0,1,2,27.0,54.0,voiture,voiture,3,1,1,1,5
202300004680,2023-06-07 07:15:00,2023,6,7,7,15,75,75118,BOULEVARD NEY,48.897544,2.32891,Crépuscule ou aube,En agglomération,Intersection en X,Normale,Deux véhicules - côté,4,-1,2,0,1,1,1,0,1,30,2,2,1,0,0,1,32.0,26.0,voiture,deux_roues,2,2,2,1,3
202300004680,2023-06-07 07:15:00,2023,6,7,7,15,75,75118,BOULEVARD NEY,48.897544,2.32891,Crépuscule ou aube,En agglomération,Intersection en X,Normale,Deux véhicules - côté,4,-1,2,0,1,1,1,5,1,30,2,2,1,0,0,1,32.0,26.0,voiture,deux_roues,2,2,2,1,3
202300004681,2023-06-12 12:50:00,2023,6,12,12,50,44,44109,Route de Paris,47.25584216,-1.50970155,Plein jour,En agglomération,Intersection en T,Normale,Deux véhicules - côté,4,2,2,2,1,1,1,5,1,50,2,2,1,0,0,1,89.0,39.0,voiture,deux_roues,1,2,3,1,3
202300004681,2023-06-12 12:50:00,2023,6,12,12,50,44,44109,Route de Paris,47.25584216,-1.50970155,Plein jour,En agglomération,Intersection en T,Normale,Deux véhicules - côté,4,2,2,2,1,3,1,5,1,50,2,2,1,0,0,1,89.0,39.0,voiture,deux_roues,1,2,3,1,3
202300004682,2023-07-13 16:50:00,2023,7,13,16,50,78,78118,A13,48.983853,1.681415,Plein jour,Hors agglomération,Hors intersection,Normale,Trois véhicules et plus - en chaîne,1,1, -1,0,1,1,1,7,8,70,3,4,2,0,0,2,79.0,88.0,voiture,voiture,1,1,1,1,4
202300004683,2023-03-21 17:30:00,2023,3,21,17,30,57,57647,GAULLE (RUE CHARLES),49.31989,6.09278,Plein jour,En agglomération,Hors intersection,Normale,Deux véhicules - côté,3,2,2,0,1,1,1,0,1,50,2,2,1,0,1,0,26.0,24.0,voiture,deux_roues,1,2,1,1,3
202300004684,2023-11-24 19:20:00,2023,11,24,19,20,94,94028,A86,48.77627223,2.43100362,Nuit sans éclairage public,Hors agglomération,Hors intersection,Normale,Deux véhicules - arrière,1,-1,2,0,1,1,1,0,1,90,2,4,0,0,0,4,43.0,37.0,voiture,voiture,3,1,1,1,2
202300004685,2023-06-12 15:45:00,2023,6,12,15,45,44,44109,5 Boulevard Ernest Dalby,47.2279835,-1.5269393,Plein jour,En agglomération,Hors intersection,Normale,Deux véhicules - côté,4,2,2,0,1,1,1,0,1,50,2,2,1,0,0,1,59.0,14.0,voiture,deux_roues,1,2,1,1,3
202300004686,2023-07-13 06:30:00,2023,7,13,6,30,92,92062,A14,48.8931253,2.23367661,Plein jour,Hors agglomération,Hors intersection,Normale,Deux véhicules - arrière,1,-1,1,0,1,1,1,0,1,70,2,2,1,0,0,1,34.0,56.0,voiture,voiture,1,1,1,1,2
202300004687,2023-03-22 21:04:00,2023,3,22,21,4,56,56121,BEAUFORT ( PL. DES FRERES DE ),47.74669,-3.36604,Nuit avec éclairage allumé,En agglomération,Place,Pluie légère,Sans collision,9,-1, -1,0,1,1,2,6,4,-1,1,1,0,0,0,1,52.0,,deux_roues,,5,2,7,2,7
202300004688,2023-06-06 22:30:00,2023,6,6,22,30,75,75118,RUE BELLIARD,48.897222,2.342291,Nuit avec éclairage allumé,En agglomération,Intersection en X,Normale,Trois véhicules et plus - collisions multiples,4,1,1,0,1,1,1,0,1,30,3,4,2,0,0,2,34.0,,voiture,voiture,5,2,2,1,5
202300004688,2023-06-06 22:30:00,2023,6,6,22,30,75,75118,RUE BELLIARD,48.897222,2.342291,Nuit avec éclairage allumé,En agglomération,Intersection en X,Normale,Trois véhicules et plus - collisions multiples,4,1,1,0,1,2,1,0,1,30,3,4,2,0,0,2,34.0,,voiture,voiture,5,2,2,1,5
202300004689,2023-09-03 11:45:00,2023,9,3,11,45,74,74311,Allée des tattes,46.141541,6.400673,Plein jour,En agglomération,Intersection en T,Normale,Deux véhicules - côté,3,2,2,0,1,1,1,0,1,50,2,2,0,0,0,2,26.0,51.0,deux_roues,voiture,1,2,3,1,3
202300004689,2023-09-03 11:45:00,2023,9,3,11,45,74,74311,Allée des tattes,46.141541,6.400673,Plein jour,En agglomération,Intersection en T,Normale,Deux véhicules - côté,3,2, -1,-1,1,1,1,0,1,-1,2,2,0,0,0,2,26.0,51.0,deux_roues,voiture,1,2,3,1,3
202300004690,2023-06-12 11:41:00,2023,6,12,11,41,44,44109,14 Rue de la Basse Chénaie,47.23735476,-1.5076966,Plein jour,En agglomération,Intersection en T,Temps couvert,Autre collision,4,2,2,0,1,1,1,5,1,50,2,2,1,0,0,1,10.0,63.0,deux_roues,voiture,1,2,3,8,6
202300004691,2023-07-13 17:25:00,2023,7,13,17,25,93,93063,AUTOROUTE A3,48.87821319,2.4466415,Plein jour,Hors agglomération,Hors intersection,Normale,Deux véhicules - côté,1,3,4,0,1,1,1,1,1,90,2,2,1,0,1,0,62.0,40.0,utilitaire_camion,deux_roues,1,1,1,1,3
202300004692,2023-06-07 14:45:00,2023,6,7,14,45,75,75117,AVENUE DE VILLIERS,48.884421,2.301218,Plein jour,En agglomération,Intersection en T,Normale,Sans collision,4,2,2,1,1,1,1,0,1,30,1,1,0,0,0,1,53.0,,deux_roues,,1,2,3,1,7
202300004692,2023-06-07 14:45:00,2023,6,7,14,45,75,75117,AVENUE DE VILLIERS,48.884421,2.301218,Plein jour,En agglomération,Intersection en T,Normale,Sans collision,4,1, -1,1,1,1,1,0,1,30,1,1,0,0,0,1,53.0,,deux_roues,,1,2,3,1,7
202300004693,2023-03-20 17:55:00,2023,3,20,17,55,50,50129,TRIBUNAUX (RUE DES),49.63808,-1.62358,Plein jour,En agglomération,Hors intersection,Pluie légère,Deux véhicules - frontale,4,2,2,0,1,1,2,0,1,30,2,2,0,0,0,2,29.0,18.0,voiture,voiture,1,2,1,2,1
202300004694,2023-09-13 16:50:00,2023,9,13,16,50,93,93001,Avenue du Président Roosevelt,48.91799266,2.37906722,Plein jour,En agglomération,Hors intersection,Temps couvert,Deux véhicules - arrière,3,2,3,3,1,1,1,0,1,50,2,2,0,0,0,1,34.0,,utilitaire_camion,utilitaire_camion,1,2,1,8,2
202300004695,2023-09-16 17:30:00,2023,9,16,17,30,74,74311,Route des brasses,46.163909,6.412802,Plein jour,Hors agglomération,Intersection en Y,Normale,Deux véhicules - côté,3,2,2,0,2,3,1,0,1,-1,2,6,0,0,1,5,22.0,40.0,deux_roues,voiture,1,1,4,1,3
202300004695,2023-09-16 17:30:00,2023,9,16,17,30,74,74311,Route des brasses,46.163909,6.412802,Plein jour,Hors agglomération,Intersection en Y,Normale,Deux véhicules - côté,3,2, -1,-1,2,1,1,0,1,-1,2,6,0,0,1,5,22.0,40.0,deux_roues,voiture,1,1,4,1,3
202300004696,2023-07-13 17:30:00,2023,7,13,17,30,77,77373,RN104,48.798594,2.623613,Plein jour,Hors agglomération,Hors intersection,Normale,Deux véhicules - côté,2,1,3,0,1,1,1,0,1,90,2,2,1,0,0,1,21.0,30.0,deux_roues,voiture,1,1,1,1,3
202300004697,2023-09-10 01:55:00,2023,9,10,1,55,77,77148,D102,49.102856,3.082695,Nuit sans éclairage public,Hors agglomération,Autre intersection,Normale,Autre collision,3,2,2,0,1,2,1,0,8,80,1,1,0,0,1,0,19.0,,voiture,,3,1,9,1,6
202300004698,2023-03-23 16:45:00,2023,3,23,16,45,45,45147,416 Rue du Faubourg Bannier,47.93479,1.89481,Plein jour,En agglomération,Hors intersection,Normale,Deux véhicules - côté,4,1,1,0,1,1,1,0,1,30,2,2,0,0,0,2,24.0,67.0,deux_roues,voiture,1,2,1,1,3
202300004699,2023-06-07 09:15:00,2023,6,7,9,15,75,75116,AVENUE HENRI MARTIN,48.864118,2.272851,Plein jour,En agglomération,Intersection en T,Normale,Deux véhicules - côté,4,1,2,1,1,1,1,5,5,30,2,2,1,0,0,1,34.0,59.0,voiture,deux_roues,1,2,3,1,3
202300004699,2023-06-07 09:15:00,2023,6,7,9,15,75,75116,AVENUE HENRI MARTIN,48.864118,2.272851,Plein jour,En agglomération,Intersection en T,Normale,Deux véhicules - côté,4,1,2,0,1,1,1,5,5,30,2,2,1,0,0,1,34.0,59.0,voiture,deux_roues,1,2,3,1,3
202300004700,2023-09-24 04:30:00,2023,9,24,4,30,74,74275,Le thoron,45.844216,6.213825,Nuit sans éclairage public,En agglomération,Hors intersection,Normale,Autre collision,3,2,2,0,2,3,1,0,3,50,1,1,0,0,1,0,21.0,,voiture,,3,2,1,1,6
202300004701,2023-07-12 20:00:00,2023,7,12,20,0,77,77337,RN104,48.82822,2.617906,Crépuscule ou aube,Hors agglomération,Hors intersection,Normale,Deux véhicules - côté,2,-1,2,0,1,3,1,0,1,70,2,2,1,0,0,1,27.0,40.0,voiture,deux_roues,2,1,1,1,3
202300004702,2023-09-06 19:30:00,2023,9,6,19,30,74,74185,,46.1636377,6.2402361,Plein jour,Hors agglomération,Hors intersection,Normale,Autre collision,3,-1,2,0,2,3,1,0,1,80,1,1,0,1,0,0,59.0,,deux_roues,,1,1,1,1,6
202300004703,2023-06-07 17:40:00,2023,6,7,17,40,44,44109,1 Rue Georges Clemenceau,47.22000707,-1.5450046,Plein jour,En agglomération,Intersection en T,Temps couvert,Deux véhicules - côté,4,2,2,0,1,1,1,5,1,50,2,2,1,0,0,1,72.0,17.0,voiture,deux_roues,1,2,3,8,3
202300004703,2023-06-07 17:40:00,2023,6,7,17,40,44,44109,1 Rue Georges Clemenceau,47.22000707,-1.5450046,Plein jour,En agglomération,Intersection en T,Temps couvert,Deux véhicules - côté,4,2,2,0,1,1,1,6,1,50,2,2,1,0,0,1,72.0,17.0,voiture,deux_roues,1,2,3,8,3
202300004704,2023-06-07 07:35:00,2023,6,7,7,35,75,75116,CHAUSSEE LA MUETTE,48.858259,2.272311,Plein jour,En agglomération,Hors intersection,Normale,Deux véhicules - arrière,4,2,2,0,2,1,1,0,1,30,2,2,1,0,0,1,28.0,67.0,voiture,deux_roues,1,2,1,1,2
202300004705,2023-03-23 13:55:00,2023,3,23,13,55,44,44162,68 Boulevard du Massacre,47.23353,-1.59016,Plein jour,En agglomération,Giratoire,Temps couvert,Deux véhicules - côté,4,1,1,0,1,1,2,0,1,50,2,2,1,0,1,0,48.0,48.0,deux_roues,voiture,1,2,6,8,3
202300004705,2023-03-23 13:55:00,2023,3,23,13,55,44,44162,68 Boulevard du Massacre,47.23353,-1.59016,Plein jour,En agglomération,Giratoire,Temps couvert,Deux véhicules - côté,4,2,2,2,2,1,2,0,1,50,2,2,1,0,1,0,48.0,48.0,deux_roues,voiture,1,2,6,8,3
202300004706,2023-06-06 23:40:00,2023,6,6,23,40,44,44109,Place Alexis Ricordeau,47.21236199,-1.55446026,Nuit avec éclairage non allumé,En agglomération,Giratoire,Normale,Deux véhicules - côté,4,2, -1,2,1,1,1,-1,1,50,2,2,1,0,0,1,46.0,33.0,voiture,deux_roues,4,2,6,1,3
202300004707,2023-09-23 10:30:00,2023,9,23,10,30,74,74256,Route de megève,45.93536,6.629664,Plein jour,En agglomération,Intersection en T,Normale,Autre collision,3,2,2,0,1,1,1,0,1,50,1,2,1,0,1,0,82.0,,voiture,,1,2,3,1,6
202300004707,2023-09-23 10:30:00,2023,9,23,10,30,74,74256,Route de megève,45.93536,6.629664,Plein jour,En agglomération,Intersection en T,Normale,Autre collision,3,2, -1,-1,1,1,1,0,1,-1,1,2,1,0,1,0,82.0,,voiture,,1,2,3,1,6
202300004708,2023-07-12 08:00:00,2023,7,12,8,0,94,94073,A86,48.76210053,2.38167667,Plein jour,Hors agglomération,Hors intersection,Normale,Trois véhicules et plus - collisions multiples,1,3,3,0,1,1,1,0,1,90,3,3,2,0,0,1,55.0,21.0,utilitaire_camion,deux_roues,1,1,1,1,5
202300004709,2023-03-23 10:30:00,2023,3,23,10,30,38,38053,ALPES,45.5855679,5.26932,Plein jour,En agglomération,Hors intersection,Normale,Autre collision,3,3,4,0,1,1,1,9,1,50,1,2,1,0,1,0,65.0,,voiture,,1,2,1,1,6
202300004710,2023-06-07 17:25:00,2023,6,7,17,25,75,75115,AVENUE DE LA MOTTE PICQUET,48.850231,2.299592,Plein jour,En agglomération,Intersection en T,Normale,Deux véhicules - côté,4,2,1,0,1,1,1,0,1,30,2,2,1,0,0,1,33.0,54.0,deux_roues,deux_roues,1,2,3,1,3
202300004710,2023-06-07 17:25:00,2023,6,7,17,25,75,75115,AVENUE DE LA MOTTE PICQUET,48.850231,2.299592,Plein jour,En agglomération,Intersection en T,Normale,Deux véhicules - côté,4,1, -1,0,1,1,1,0,1,30,2,2,1,0,0,1,33.0,54.0,deux_roues,deux_roues,1,2,3,1,3
202300004711,2023-06-07 19:20:00,2023,6,7,19,20,44,44109,80 Rue Chanoine Poupard,47.25057385,-1.57033825,Plein jour,En agglomération,Giratoire,Normale,Deux véhicules - côté,4,2,2,0,1,1,1,5,1,50,2,2,1,0,0,1,75.0,29.0,voiture,deux_roues,1,2,6,1,3