accident_id,datetime,annee,mois,jour,heure,minute,departement,commune_insee,adresse,latitude,longitude,luminosite,agglomeration,intersection,meteo,collision,catr,circ,nbv,vosp,prof,plan,surf,infra,situ,vma,nb_vehicules,nb_usagers,nb_indemnes,nb_tues,nb_blesses_hosp,nb_blesses_legers,age_cond_1,age_cond_2,veh_type_cond_1,veh_type_cond_2,lum_code,agg_code,int_code,atm_code,col_code
202300004712,2023-09-22 20:30:00,2023,9,22,20,30,74,74241,Route de la Vallée du Giffre,46.134631,6.455128,Nuit sans éclairage public,Hors agglomération,Hors intersection,Pluie forte,Deux véhicules - arrière,3,2,2,0,1,1,2,0,1,80,2,2,1,0,1,0,33.0,38.0,voiture,deux_roues,3,1,1,3,2
202300004713,2023-09-18 07:30:00,2023,9,18,7,30,74,74018,A40,46.0878678,6.36378497,Crépuscule ou aube,Hors agglomération,Hors intersection,Pluie forte,Autre collision,1,3,2,0,1,1,3,0,1,110,1,1,0,0,1,0,60.0,,voiture,,2,1,1,3,6
202300004714,2023-06-07 08:50:00,2023,6,7,8,50,75,75112,RUE DE REUILLY,48.846584,2.387471,Plein jour,En agglomération,Intersection en T,Normale,Autre collision,4,1,1,1,1,1,1,0,1,30,2,2,1,0,0,1,52.0,48.0,voiture,deux_roues,1,2,3,1,6
202300004714,2023-06-07 08:50:00,2023,6,7,8,50,75,75112,RUE DE REUILLY,48.846584,2.387471,Plein jour,En agglomération,Intersection en T,Normale,Autre collision,4,2,2,0,1,1,1,0,1,30,2,2,1,0,0,1,52.0,48.0,voiture,deux_roues,1,2,3,1,6
202300004715,2023-07-12 21:30:00,2023,7,12,21,30,988,98818,ROUTE DES DEUX VALLEES/RUE DU COMMANDANT ROUGY,-22.26868,166.44802,Nuit avec éclairage allumé,En agglomération,Intersection en X,Normale,Deux véhicules - côté,4,1,1,0,2,1,1,0,1,50,2,2,1,0,0,1,34.0,27.0,deux_roues,voiture,5,2,2,1,3
202300004715,2023-07-12 21:30:00,2023,7,12,21,30,988,98818,ROUTE DES DEUX VALLEES/RUE DU COMMANDANT ROUGY,-22.26868,166.44802,Nuit avec éclairage allumé,En agglomération,Intersection en X,Normale,Deux véhicules - côté,4,1,2,0,2,1,1,0,1,50,2,2,1,0,0,1,34.0,27.0,deux_roues,voiture,5,2,2,1,3
202300004716,2023-06-02 06:00:00,2023,6,2,6,0,44,44109,7 Rue Stanislas Baudry,47.22002778,-1.54498285,Plein jour,En agglomération,Intersection en T,Normale,Deux véhicules - côté,4,2,2,0,1,1,1,5,1,50,2,2,1,0,0,1,47.0,46.0,voiture,deux_roues,1,2,3,1,3
202300004717,2023-03-23 10:00:00,2023,3,23,10,0,37,37261,CHAUTEMPS (AVENUE CAMILLE),47.37463,0.7162,Plein jour,En agglomération,Giratoire,Normale,Deux véhicules - côté,4,2,2,1,2,3,1,5,1,50,2,2,1,0,0,1,36.0,14.0,utilitaire_camion,deux_roues,1,2,6,1,3
202300004717,2023-03-23 10:00:00,2023,3,23,10,0,37,37261,CHAUTEMPS (AVENUE CAMILLE),47.37463,0.7162,Plein jour,En agglomération,Giratoire,Normale,Deux véhicules - côté,4,2,3,1,1,3,1,5,1,50,2,2,1,0,0,1,36.0,14.0,utilitaire_camion,deux_roues,1,2,6,1,3
202300004718,2023-09-17 17:00:00,2023,9,17,17,0,74,74001,D22,46.288026,6.693088,Plein jour,Hors agglomération,Hors intersection,Normale,Autre collision,3,2,2,0,2,2,1,0,8,80,1,2,0,0,0,2,27.0,,voiture,,1,1,1,1,6
202300004719,2023-06-02 11:30:00,2023,6,2,11,30,44,44162,Place de la Révolution Française,47.2284936,-1.60536969,Plein jour,En agglomération,Giratoire,Normale,Deux véhicules - frontale,4,2,2,0,1,1,1,5,1,30,2,2,1,0,0,1,76.0,64.0,voiture,voiture,1,2,6,1,1
202300004720,2023-06-07 12:50:00,2023,6,7,12,50,75,75111,BOULEVARD VOLTAIRE,48.852139,2.389604,Plein jour,En agglomération,Intersection en T,Normale,Autre collision,4,2,2,0,1,1,1,0,4,30,1,2,1,0,0,1,,,deux_roues,,1,2,3,1,6
202300004720,2023-06-07 12:50:00,2023,6,7,12,50,75,75111,BOULEVARD VOLTAIRE,48.852139,2.389604,Plein jour,En agglomération,Intersection en T,Normale,Autre collision,4,1,1,1,1,1,1,0,4,30,1,2,1,0,0,1,,,deux_roues,,1,2,3,1,6
202300004721,2023-09-14 12:00:00,2023,9,14,12,0,74,74154,D24,46.387246,6.679634,Plein jour,Hors agglomération,Hors intersection,Normale,Deux véhicules - frontale,3,-1,2,0,1,3,1,0,1,80,2,2,1,0,1,0,43.0,69.0,voiture,voiture,1,1,1,1,1
202300004722,2023-07-12 09:25:00,2023,7,12,9,25,976,97611,passamanty-Tanamalaza (rue ),-12.8009,45.20689,Plein jour,En agglomération,Intersection en T,Normale,Deux véhicules - côté,3,2,2,0,1,1,1,0,1,30,2,3,2,0,0,1,40.0,29.0,voiture,deux_roues,1,2,3,1,3
202300004722,2023-07-12 09:25:00,2023,7,12,9,25,976,97611,passamanty-Tanamalaza (rue ),-12.8009,45.20689,Plein jour,En agglomération,Intersection en T,Normale,Deux véhicules - côté,3,2,2,0,1,1,1,0,1,50,2,3,2,0,0,1,40.0,29.0,voiture,deux_roues,1,2,3,1,3
202300004723,2023-03-24 00:00:00,2023,3,24,0,0,33,33063,Cours du Maréchal Gallieni,44.82097,-0.59528,Nuit avec éclairage allumé,En agglomération,Hors intersection,Normale,Deux véhicules - frontale,4,2,2,0,1,1,1,0,1,50,2,2,1,0,0,1,20.0,25.0,voiture,deux_roues,5,2,1,1,1
202300004724,2023-06-07 13:30:00,2023,6,7,13,30,75,75110,BOULEVARD DE LA VILLETTE,48.879347,2.370115,Plein jour,En agglomération,Hors intersection,Normale,Autre collision,4,1,3,1,1,1,1,0,1,30,1,2,1,0,0,1,,,deux_roues,,1,2,1,1,6
202300004725,2023-06-01 09:45:00,2023,6,1,9,45,44,44172,,47.23905955,-1.48528478,Plein jour,Hors agglomération,Hors intersection,Temps couvert,Trois véhicules et plus - en chaîne,2,2,4,0,1,1,1,0,1,90,4,4,2,0,0,2,36.0,75.0,voiture,voiture,1,1,1,8,4
202300004726,2023-07-12 07:25:00,2023,7,12,7,25,976,97611,kaweni-Kaweni nord ( Z I ),-12.76231,45.22605,Plein jour,En agglomération,Hors intersection,Normale,Autre collision,2,3,2,0,1,1,1,6,1,50,1,2,1,0,0,1,48.0,,voiture,,1,2,1,1,6
202300004727,2023-05-31 15:45:00,2023,5,31,15,45,44,44162,Boulevard Salvador Allende,47.22130262,-1.63097476,Plein jour,En agglomération,Giratoire,Normale,Autre collision,4,2,2,0,1,1,1,5,1,50,2,2,1,0,0,1,49.0,28.0,voiture,deux_roues,1,2,6,1,6
202300004728,2023-03-22 17:40:00,2023,3,22,17,40,33,33281,Avenue de la Libération,44.85256,-0.64505,Plein jour,En agglomération,Intersection à plus de 4 branches,Normale,Deux véhicules - côté,4,2,3,0,1,1,1,5,1,50,2,2,1,0,1,0,31.0,41.0,deux_roues,utilitaire_camion,1,2,5,1,3
202300004728,2023-03-22 17:40:00,2023,3,22,17,40,33,33281,Avenue de la Libération,44.85256,-0.64505,Plein jour,En agglomération,Intersection à plus de 4 branches,Normale,Deux véhicules - côté,4,3,3,2,1,1,1,5,1,30,2,2,1,0,1,0,31.0,41.0,deux_roues,utilitaire_camion,1,2,5,1,3
202300004729,2023-07-12 22:20:00,2023,7,12,22,20,974,97407,ROUTE NATIONALE N° 1,-20.95803,55.3091,Nuit sans éclairage public,Hors agglomération,Hors intersection,Normale,Autre collision,2,1,2,0,1,1,1,2,1,90,1,1,0,0,0,1,49.0,,deux_roues,,3,1,1,1,6
202300004730,2023-09-24 01:05:00,2023,9,24,1,5,74,74012,VERDUN (AVENUE DE),46.19127,6.24227,Nuit avec éclairage allumé,En agglomération,Intersection en X,Normale,Deux véhicules - côté,4,2,2,0,1,1,1,0,1,50,2,7,5,0,0,2,22.0,34.0,voiture,voiture,5,2,2,1,3
202300004730,2023-09-24 01:05:00,2023,9,24,1,5,74,74012,VERDUN (AVENUE DE),46.19127,6.24227,Nuit avec éclairage allumé,En agglomération,Intersection en X,Normale,Deux véhicules - côté,4,2,3,0,1,1,1,0,1,50,2,7,5,0,0,2,22.0,34.0,voiture,voiture,5,2,2,1,3
202300004731,2023-06-07 08:30:00,2023,6,7,8,30,75,75108,PLACE DE LA CONCORDE,48.866611,2.321969,Plein jour,En agglomération,Place,Normale,Deux véhicules - arrière,4,2,2,1,1,1,1,0,1,30,2,2,1,0,0,1,27.0,40.0,utilitaire_camion,deux_roues,1,2,7,1,2
202300004731,2023-06-07 08:30:00,2023,6,7,8,30,75,75108,PLACE DE LA CONCORDE,48.866611,2.321969,Plein jour,En agglomération,Place,Normale,Deux véhicules - arrière,4,1,2,0,1,1,1,0,1,30,2,2,1,0,0,1,27.0,40.0,utilitaire_camion,deux_roues,1,2,7,1,2
202300004732,2023-05-30 15:55:00,2023,5,30,15,55,44,44109,Rue Anatole de Monzie,47.20191273,-1.54348569,Plein jour,En agglomération,Hors intersection,Temps couvert,Autre collision,4,2,2,0,1,1,1,0,1,50,1,1,0,0,0,1,25.0,,voiture,,1,2,1,8,6
202300004733,2023-07-11 20:25:00,2023,7,11,20,25,974,97407,SIMON PERNIC (RUE) ,-20.95002,55.30679,Nuit avec éclairage allumé,En agglomération,Hors intersection,Normale,Sans collision,4,2,2,0,2,3,1,0,1,50,1,1,0,0,0,1,43.0,,deux_roues,,5,2,1,1,7
202300004734,2023-08-30 17:40:00,2023,8,30,17,40,74,74145,Route de paconinges,46.21907,6.288896,Plein jour,En agglomération,Hors intersection,Normale,Deux véhicules - frontale,4,2,2,0,1,1,1,0,3,50,2,2,1,0,1,0,60.0,8.0,voiture,deux_roues,1,2,1,1,1
202300004735,2023-06-07 13:50:00,2023,6,7,13,50,75,75101,RUE DE L AMIRAL DE COLIGNY,48.860394,2.34056,Plein jour,En agglomération,Intersection en T,Normale,Deux véhicules - côté,4,1,1,1,1,1,1,5,1,30,2,2,1,0,0,1,36.0,64.0,deux_roues,voiture,1,2,3,1,3
202300004735,2023-06-07 13:50:00,2023,6,7,13,50,75,75101,RUE DE L AMIRAL DE COLIGNY,48.860394,2.34056,Plein jour,En agglomération,Intersection en T,Normale,Deux véhicules - côté,4,2,4,0,1,1,1,9,1,30,2,2,1,0,0,1,36.0,64.0,deux_roues,voiture,1,2,3,1,3
202300004736,2023-05-30 07:25:00,2023,5,30,7,25,44,44162,12 Boulevard du Tertre,47.21883941,-1.60383582,Plein jour,En agglomération,Hors intersection,Normale,Deux véhicules - côté,4,2,2,2,1,1,1,-1,1,50,2,2,1,0,0,1,31.0,48.0,deux_roues,utilitaire_camion,1,2,1,1,3
202300004737,2023-03-22 16:05:00,2023,3,22,16,5,33,33281,Avenue Jacqueline Auriol,44.8405,-0.68497,Plein jour,En agglomération,Giratoire,Pluie légère,Deux véhicules - côté,4,3,3,1,1,2,2,0,1,50,2,2,1,0,0,1,56.0,38.0,deux_roues,voiture,1,2,6,2,3
202300004737,2023-03-22 16:05:00,2023,3,22,16,5,33,33281,Avenue Jacqueline Auriol,44.8405,-0.68497,Plein jour,En agglomération,Giratoire,Pluie légère,Deux véhicules - côté,4,2,2,0,1,1,2,0,1,50,2,2,1,0,0,1,56.0,38.0,deux_roues,voiture,1,2,6,2,3
202300004738,2023-07-12 10:15:00,2023,7,12,10,15,973,97302,FLAMBOYANTS (RUE DES),4.92459625,-52.31784537,Plein jour,En agglomération,Hors intersection,Normale,Deux véhicules - côté,4,2,2,0,1,1,1,0,1,50,2,3,2,0,0,1,19.0,42.0,deux_roues,utilitaire_camion,1,2,1,1,3
202300004739,2023-09-19 09:00:00,2023,9,19,9,0,74,74179,Route de Bellegarde,45.998102,6.010004,Plein jour,Hors agglomération,Hors intersection,Pluie légère,Deux véhicules - frontale,3,2,2,0,2,3,2,0,1,70,2,2,1,0,0,1,37.0,48.0,deux_roues,voiture,1,1,1,2,1
202300004740,2023-05-28 19:00:00,2023,5,28,19,0,44,44162,,47.21184877,-1.62705145,Plein jour,Hors agglomération,Hors intersection,Normale,Sans collision,2,1,1,0,1,1,1,3,1,70,1,2,0,0,0,2,19.0,,voiture,,1,1,1,1,7
202300004741,2023-09-21 15:35:00,2023,9,21,15,35,74,74031,Route du saleve,46.094647,6.109053,Plein jour,En agglomération,Hors intersection,Normale,Sans collision,3,2,2,0,2,1,1,0,3,50,1,1,0,0,1,0,62.0,,deux_roues,,1,2,1,1,7
202300004742,2023-06-07 07:20:00,2023,6,7,7,20,75,75102,BOULEVARD DE SEBASTOPOL,48.868923,2.354023,Plein jour,En agglomération,Intersection en X,Normale,Deux véhicules - côté,4,1,5,1,1,1,1,9,5,30,2,2,1,0,0,1,49.0,38.0,voiture,deux_roues,1,2,2,1,3
202300004742,2023-06-07 07:20:00,2023,6,7,7,20,75,75102,BOULEVARD DE SEBASTOPOL,48.868923,2.354023,Plein jour,En agglomération,Intersection en X,Normale,Deux véhicules - côté,4,1,1,0,1,1,1,0,5,30,2,2,1,0,0,1,49.0,38.0,voiture,deux_roues,1,2,2,1,3
202300004743,2023-07-12 08:00:00,2023,7,12,8,0,973,97302,BADUEL (ROUTE DE),4.92911,-52.29651,Plein jour,En agglomération,Hors intersection,Normale,Deux véhicules - côté,3,3,2,2,1,1,1,0,1,50,2,2,1,0,0,1,31.0,54.0,voiture,deux_roues,1,2,1,1,3
202300004744,2023-05-27 13:20:00,2023,5,27,13,20,44,44109,6 Rue Charles Brunellière,47.20918659,-1.56882013,Plein jour,En agglomération,Hors intersection,Normale,Sans collision,4,1,1,2,1,1,1,0,1,30,1,1,0,0,0,1,25.0,,deux_roues,,1,2,1,1,7
202300004745,2023-09-12 13:45:00,2023,9,12,13,45,74,74048,Route de thonon-les-bains,46.279647,6.404557,Plein jour,Hors agglomération,Hors intersection,Normale,Autre collision,3,2,2,0,1,1,1,9,1,70,1,1,0,1,0,0,50.0,,deux_roues,,1,1,1,1,6
202300004746,2023-06-06 23:27:00,2023,6,6,23,27,75,75102,AVENUE DE L OPERA,48.86925,2.3329,Nuit avec éclairage allumé,En agglomération,Intersection en T,Normale,Sans collision,4,3,4,1,1,1,1,0,1,30,1,1,0,0,1,0,26.0,,deux_roues,,5,2,3,1,7
202300004746,2023-06-06 23:27:00,2023,6,6,23,27,75,75102,AVENUE DE L OPERA,48.86925,2.3329,Nuit avec éclairage allumé,En agglomération,Intersection en T,Normale,Sans collision,4,-1, -1,0,1,1,1,0,1,30,1,1,0,0,1,0,26.0,,deux_roues,,5,2,3,1,7
202300004747,2023-07-11 07:42:00,2023,7,11,7,42,972,97213,DEPARTEMENTALE 28,14.6281,-60.97219,Plein jour,Hors agglomération,Hors intersection,Pluie forte,Sans collision,3,2,2,0,2,4,2,0,3,90,1,1,0,0,0,1,44.0,,utilitaire_camion,,1,1,1,3,7
202300004748,2023-05-26 19:30:00,2023,5,26,19,30,44,44109,173 Rue Paul Bellamy,47.23033613,-1.56334683,Plein jour,En agglomération,Hors intersection,Temps couvert,Sans collision,4,2,2,0,2,1,1,0,1,50,1,1,0,0,0,1,51.0,,deux_roues,,1,2,1,8,7
202300004749,2023-09-15 10:50:00,2023,9,15,10,50,74,74123,Route d'albertville,45.747147,6.296775,Plein jour,En agglomération,Intersection en T,Normale,Deux véhicules - côté,3,2,2,0,2,1,1,0,1,30,2,2,1,0,0,1,15.0,67.0,deux_roues,voiture,1,2,3,1,3
202300004749,2023-09-15 10:50:00,2023,9,15,10,50,74,74123,Route d'albertville,45.747147,6.296775,Plein jour,En agglomération,Intersection en T,Normale,Deux véhicules - côté,3,2,2,0,1,1,1,0,1,50,2,2,1,0,0,1,15.0,67.0,deux_roues,voiture,1,2,3,1,3
202300004750,2023-03-23 13:25:00,2023,3,23,13,25,29,29019,rue du Bot,48.40569,-4.4573,Plein jour,En agglomération,Giratoire,Pluie forte,Deux véhicules - côté,4,-1,2,0,2,3,2,5,1,50,2,2,0,0,0,2,34.0,24.0,voiture,deux_roues,1,2,6,3,3
202300004751,2023-05-24 11:50:00,2023,5,24,11,50,44,44109,221 Route de Sainte Luce,47.24058586,-1.51178611,Plein jour,En agglomération,Hors intersection,Temps couvert,Deux véhicules - côté,4,2,2,2,1,1,1,5,1,50,2,2,1,0,0,1,49.0,53.0,voiture,deux_roues,1,2,1,8,3
202300004752,2023-07-12 14:25:00,2023,7,12,14,25,972,97213,ROUTE NATIONALE 6,14.625,-60.97712,Plein jour,En agglomération,Hors intersection,Normale,Deux véhicules - arrière,2,2,2,0,1,1,1,0,1,70,2,2,1,0,0,1,20.0,45.0,voiture,voiture,1,2,1,1,2
202300004753,2023-06-06 07:50:00,2023,6,6,7,50,75,75103,RUE SAINT GILLES,48.858013,2.365461,Plein jour,En agglomération,Intersection en T,Normale,Deux véhicules - côté,4,2,2,0,1,1,1,0,1,30,2,2,1,0,0,1,42.0,50.0,voiture,deux_roues,1,2,3,1,3
202300004753,2023-06-06 07:50:00,2023,6,6,7,50,75,75103,RUE SAINT GILLES,48.858013,2.365461,Plein jour,En agglomération,Intersection en T,Normale,Deux véhicules - côté,4,1,1,0,1,1,1,0,1,30,2,2,1,0,0,1,42.0,50.0,voiture,deux_roues,1,2,3,1,3
202300004754,2023-09-09 12:10:00,2023,9,9,12,10,74,74302,820 Route du borgeal,45.913258,6.375922,Plein jour,En agglomération,Intersection en X,Temps éblouissant,Deux véhicules - frontale,4,2,2,0,2,1,1,0,1,50,2,2,1,0,1,0,55.0,54.0,voiture,deux_roues,1,2,2,7,1
202300004755,2023-05-24 07:50:00,2023,5,24,7,50,44,44109,16 Boulevard Paul Chabas,47.22215735,-1.58742245,Plein jour,En agglomération,Hors intersection,Temps couvert,Autre collision,4,2,2,0,2,1,1,0,1,50,1,2,1,0,0,1,43.0,,utilitaire_camion,,1,2,1,8,6
202300004756,2023-06-07 21:00:00,2023,6,7,21,0,94,94080,D237,48.84135415,2.43054371,Crépuscule ou aube,En agglomération,Intersection en T,Normale,Autre collision,3,2,3,0,1,1,1,0,1,50,1,2,1,0,0,1,33.0,,deux_roues,,2,2,3,1,6
202300004756,2023-06-07 21:00:00,2023,6,7,21,0,94,94080,D237,48.84135415,2.43054371,Crépuscule ou aube,En agglomération,Intersection en T,Normale,Autre collision,3,-1,1,0,1,1,1,0,1,30,1,2,1,0,0,1,33.0,,deux_roues,,2,2,3,1,6
202300004757,2023-07-12 17:06:00,2023,7,12,17,6,2B,2B033,ROUTE ROYALE,42.68231,9.42275,Plein jour,En agglomération,Hors intersection,Normale,Deux véhicules - frontale,3,2,2,0,2,4,1,0,1,50,2,2,0,0,1,1,39.0,60.0,voiture,voiture,1,2,1,1,1
202300004758,2023-03-22 09:50:00,2023,3,22,9,50,29,29019,rue du Valy-Hir,48.38575885,-4.52090434,Plein jour,En agglomération,Intersection en T,Normale,Deux véhicules - côté,4,2,2,0,1,1,2,0,1,50,2,2,1,0,0,1,38.0,31.0,voiture,voiture,1,2,3,1,3
202300004758,2023-03-22 09:50:00,2023,3,22,9,50,29,29019,rue du Valy-Hir,48.38575885,-4.52090434,Plein jour,En agglomération,Intersection en T,Normale,Deux véhicules - côté,4,2,2,0,1,1,2,0,1,50,2,2,1,0,0,1,38.0,31.0,voiture,voiture,1,2,3,1,3
202300004759,2023-08-29 19:08:00,2023,8,29,19,8,74,74229,chemin des poules d'eau,46.233144,6.307477,Plein jour,Hors agglomération,Passage à niveau,Normale,Deux véhicules - côté,4,-1, -1,0,1,1,9,4,1,-1,2,2,1,1,0,0,28.0,33.0,deux_roues,transport_commun,1,1,8,1,3
202300004760,2023-05-21 18:50:00,2023,5,21,18,50,44,44109,,47.19972925,-1.61721193,Plein jour,Hors agglomération,Hors intersection,Temps couvert,Deux véhicules - arrière,2,2,4,0,2,2,1,2,1,70,2,2,1,0,0,1,34.0,23.0,deux_roues,voiture,1,1,1,8,2
202300004761,2023-06-07 19:10:00,2023,6,7,19,10,94,94074,60 Rue du Colonel Fabien,48.74237013,2.47211105,Plein jour,En agglomération,Hors intersection,Normale,Deux véhicules - côté,4,2,2,0,2,1,1,0,1,50,2,2,1,0,0,1,20.0,43.0,deux_roues,voiture,1,2,1,1,3
202300004762,2023-08-14 03:00:00,2023,8,14,3,0,74,74197,A40,46.153114,6.295225,Nuit sans éclairage public,Hors agglomération,Hors intersection,Normale,Autre collision,1,3,0,0,1,1,1,7,1,70,1,1,0,0,1,0,51.0,,voiture,,3,1,1,1,6
202300004763,2023-07-12 15:55:00,2023,7,12,15,55,971,97101,PERRIN (SECTEUR),16.30073296,-61.51133537,Plein jour,Hors agglomération,Intersection en X,Normale,Deux véhicules - côté,3,2,2,0,1,1,1,0,1,50,2,3,0,0,0,3,54.0,54.0,voiture,autre,1,1,2,1,3
202300004764,2023-05-18 18:00:00,2023,5,18,18,0,44,44109,22 Côte Saint Sébastien,47.19966222,-1.53616624,Plein jour,En agglomération,Hors intersection,Temps couvert,Deux véhicules - frontale,4,2,2,2,1,1,1,0,1,50,2,3,2,0,0,1,37.0,66.0,deux_roues,voiture,1,2,1,8,1
202300004765,2023-06-07 16:10:00,2023,6,7,16,10,94,94074,Avenue Henri Barbusse,48.76232,2.44247,Plein jour,En agglomération,Hors intersection,Normale,Deux véhicules - arrière,2,3,0,0,1,1,1,0,1,50,2,2,0,0,0,2,28.0,23.0,voiture,deux_roues,1,2,1,1,2
202300004766,2023-11-25 09:10:00,2023,11,25,9,10,974,97416,PARADIS (LIGNE) (1),-21.30154,55.4579,Plein jour,Hors agglomération,Hors intersection,Normale,Deux véhicules - côté,3,2,2,0,1,1,1,0,1,50,2,2,1,0,0,1,23.0,81.0,voiture,deux_roues,1,1,1,1,3
202300004767,2023-07-12 09:05:00,2023,7,12,9,5,2A,2A004,HERMINIER GARE MARITIME QUAI,41.92214,8.73949,Plein jour,En agglomération,Hors intersection,Normale,Autre collision,4,1,1,0,1,1,1,6,1,50,1,2,1,0,0,1,58.0,,voiture,,1,2,1,1,6
202300004768,2023-03-23 10:05:00,2023,3,23,10,5,24,24037,DE GAULLE (AVENUE DU GENERAL),44.84154842,0.46492696,Plein jour,En agglomération,Giratoire,Normale,Deux véhicules - côté,4,1,2,0,1,2,1,9,1,50,2,2,1,0,1,0,61.0,61.0,deux_roues,utilitaire_camion,1,2,6,1,3
202300004769,2023-05-17 09:56:00,2023,5,17,9,56,44,44109,Rue Esnoul des Châtelets,47.19573039,-1.5439098,Plein jour,En agglomération,Hors intersection,Temps couvert,Autre collision,4,2,2,2,1,4,1,5,1,30,2,2,1,0,0,1,49.0,29.0,voiture,deux_roues,1,2,1,8,6
202300004770,2023-06-06 22:27:00,2023,6,6,22,27,94,94074,Avenue Henri Barbusse,48.77018,2.44361,Nuit sans éclairage public,En agglomération,Hors intersection,Normale,Deux véhicules - frontale,3,2,2,0,1,1,1,9,1,50,2,2,0,0,0,2,47.0,35.0,voiture,voiture,3,2,1,1,1
202300004771,2023-11-25 14:45:00,2023,11,25,14,45,974,97411,LATTRE DE TASSIGNY (AVENUE MARECHAL DE),-20.88934,55.47648,Plein jour,En agglomération,Autre intersection,Normale,Trois véhicules et plus - collisions multiples,4,1,1,0,1,1,1,9,1,50,3,4,2,0,0,2,18.0,28.0,voiture,voiture,1,2,9,1,5
202300004772,2023-11-17 07:55:00,2023,11,17,7,55,14,14645,653 Route de Touques,49.296947,0.022058,Plein jour,Hors agglomération,Hors intersection,Normale,Autre collision,3,2,2,0,1,1,1,0,3,80,1,1,0,0,1,0,72.0,,voiture,,1,1,1,1,6
202300004773,2023-06-07 13:30:00,2023,6,7,13,30,94,94068,18 Rue Clément,48.80126,2.47797,Plein jour,En agglomération,Intersection en X,Normale,Deux véhicules - côté,4,1,1,0,1,1,1,0,1,30,2,2,1,0,0,1,19.0,24.0,voiture,voiture,1,2,2,1,3
202300004773,2023-06-07 13:30:00,2023,6,7,13,30,94,94068,18 Rue Clément,48.80126,2.47797,Plein jour,En agglomération,Intersection en X,Normale,Deux véhicules - côté,4,2,2,0,1,1,1,0,1,30,2,2,1,0,0,1,19.0,24.0,voiture,voiture,1,2,2,1,3
202300004774,2023-03-19 19:30:00,2023,3,19,19,30,16,16015,Rue de Montmoreau,45.636286,0.154272,Crépuscule ou aube,En agglomération,Intersection en X,Normale,Deux véhicules - frontale,4,2,2,0,2,1,1,0,1,50,2,4,1,0,2,1,23.0,20.0,voiture,deux_roues,2,2,2,1,1
202300004774,2023-03-19 19:30:00,2023,3,19,19,30,16,16015,Rue de Montmoreau,45.636286,0.154272,Crépuscule ou aube,En agglomération,Intersection en X,Normale,Deux véhicules - frontale,4,1,1,0,2,1,1,0,1,50,2,4,1,0,2,1,23.0,20.0,voiture,deux_roues,2,2,2,1,1
202300004775,2023-06-18 03:45:00,2023,6,18,3,45,91,91692,PROVENCE (AVENUE DE),48.676826,2.176351,Nuit sans éclairage public,En agglomération,Hors intersection,Pluie légère,Deux véhicules - frontale,4,1,1,0,1,1,2,0,1,70,2,2,1,1,0,0,37.0,33.0,autre,deux_roues,3,2,1,2,1
202300004776,2023-12-07 18:30:00,2023,12,7,18,30,51,51183,D966,49.310813,4.023507,Nuit sans éclairage public,Hors agglomération,Hors intersection,Pluie légère,Deux véhicules - côté,3,2,2,0,1,2,2,0,1,90,2,2,1,0,0,1,47.0,33.0,voiture,voiture,3,1,1,2,3
202300004777,2023-11-25 14:15:00,2023,11,25,14,15,974,97409,DESCHANETS(RUE),-20.95015,55.65132,Plein jour,En agglomération,Intersection en X,Normale,Deux véhicules - frontale,4,2,2,0,1,1,1,0,1,50,2,2,1,0,0,1,16.0,48.0,deux_roues,voiture,1,2,2,1,1
202300004777,2023-11-25 14:15:00,2023,11,25,14,15,974,97409,DESCHANETS(RUE),-20.95015,55.65132,Plein jour,En agglomération,Intersection en X,Normale,Deux véhicules - frontale,4,-1,2,0,1,1,1,0,1,50,2,2,1,0,0,1,16.0,48.0,deux_roues,voiture,1,2,2,1,1
202300004778,2023-12-22 19:30:00,2023,12,22,19,30,973,97311,Avenue Gaston Monnerville,5.493067,-54.009348,Nuit avec éclairage allumé,En agglomération,Hors intersection,Normale,Deux véhicules - frontale,2,2,2,0,1,1,1,0,1,50,2,2,1,0,0,1,39.0,33.0,voiture,voiture,5,2,1,1,1
202300004779,2023-06-07 08:45:00,2023,6,7,8,45,94,94016,rue Pierre Mauroy,48.79177,2.32874,Plein jour,En agglomération,Intersection en T,Normale,Deux véhicules - arrière,4,2,4,1,1,1,1,0,5,30,2,2,1,0,0,1,34.0,28.0,deux_roues,voiture,1,2,3,1,2
202300004780,2023-07-12 07:50:00,2023,7,12,7,50,91,91201,AV DU BOIS,48.694428,2.41744,Plein jour,En agglomération,Intersection en X,Normale,Deux véhicules - côté,4,2,2,0,1,1,1,0,8,50,2,2,1,0,0,1,20.0,50.0,autre,autre,1,2,2,1,3
202300004780,2023-07-12 07:50:00,2023,7,12,7,50,91,91201,AV DU BOIS,48.694428,2.41744,Plein jour,En agglomération,Intersection en X,Normale,Deux véhicules - côté,4,2,2,0,1,1,1,0,8,50,2,2,1,0,0,1,20.0,50.0,autre,autre,1,2,2,1,3
202300004781,2023-11-25 07:30:00,2023,11,25,7,30,69,69387,Avenue Leclerc,45.74628,4.83242,Crépuscule ou aube,En agglomération,Intersection en T,Normale,Deux véhicules - arrière,4,2,4,3,1,1,1,0,1,50,2,2,1,0,0,1,35.0,31.0,voiture,voiture,2,2,3,1,2
202300004781,2023-11-25 07:30:00,2023,11,25,7,30,69,69387,Avenue Leclerc,45.74628,4.83242,Crépuscule ou aube,En agglomération,Intersection en T,Normale,Deux véhicules - arrière,4,1,2,1,1,1,1,0,1,30,2,2,1,0,0,1,35.0,31.0,voiture,voiture,2,2,3,1,2