accident_id,datetime,annee,mois,jour,heure,minute,departement,commune_insee,adresse,latitude,longitude,luminosite,agglomeration,intersection,meteo,collision,catr,circ,nbv,vosp,prof,plan,surf,infra,situ,vma,nb_vehicules,nb_usagers,nb_indemnes,nb_tues,nb_blesses_hosp,nb_blesses_legers,age_cond_1,age_cond_2,veh_type_cond_1,veh_type_cond_2,lum_code,agg_code,int_code,atm_code,col_code
202300004782,2023-03-23 14:10:00,2023,3,23,14,10,14,14437,D513,49.18199,-0.32202,Plein jour,Hors agglomération,Intersection en T,Normale,Deux véhicules - côté,2,3,2,0,1,1,1,3,1,70,2,2,1,0,1,0,66.0,23.0,deux_roues,voiture,1,1,3,1,3
202300004782,2023-03-23 14:10:00,2023,3,23,14,10,14,14437,D513,49.18199,-0.32202,Plein jour,Hors agglomération,Intersection en T,Normale,Deux véhicules - côté,2,3,2,0,1,1,1,0,1,70,2,2,1,0,1,0,66.0,23.0,deux_roues,voiture,1,1,3,1,3
202300004783,2023-11-25 20:40:00,2023,11,25,20,40,972,97209,BEAUSEJOUR JAMBETTE (ROUTE DE ),14.62,-61.04,Nuit sans éclairage public,Hors agglomération,Hors intersection,Normale,Sans collision,4,3,1,0,1,1,1,0,1,50,1,1,0,0,0,1,21.0,,deux_roues,,3,1,1,1,7
202300004784,2023-06-06 10:00:00,2023,6,6,10,0,94,94016,Rue du Docteur Gosselin,48.798258,2.328257,Plein jour,En agglomération,Hors intersection,Normale,Autre collision,4,1,1,0,1,1,1,0,1,50,1,2,1,0,0,1,54.0,,utilitaire_camion,,1,2,1,1,6
202300004785,2023-07-16 15:30:00,2023,7,16,15,30,14,14570,446 Rue de la Jouerie,49.047587,0.323539,Plein jour,En agglomération,Hors intersection,Normale,Autre collision,4,2,2,0,1,3,1,0,1,50,2,3,1,0,0,2,17.0,32.0,deux_roues,utilitaire_camion,1,2,1,1,6
202300004786,2023-07-11 16:30:00,2023,7,11,16,30,91,91691,ROYALE(RUE),48.72211,2.50198,Plein jour,En agglomération,Hors intersection,Normale,Autre collision,4,-1,2,0,1,1,1,0,1,50,1,3,1,0,0,2,59.0,,voiture,,1,2,1,1,6
202300004787,2023-03-09 16:15:00,2023,3,9,16,15,13,13077,THOREZ MAURICE (avenue),43.41016,4.98256,Plein jour,En agglomération,Intersection en T,Normale,Deux véhicules - frontale,4,2,2,0,1,1,1,0,8,50,2,2,1,0,0,1,34.0,38.0,utilitaire_camion,voiture,1,2,3,1,1
202300004787,2023-03-09 16:15:00,2023,3,9,16,15,13,13077,THOREZ MAURICE (avenue),43.41016,4.98256,Plein jour,En agglomération,Intersection en T,Normale,Deux véhicules - frontale,4,2,3,1,1,1,1,0,1,50,2,2,1,0,0,1,34.0,38.0,utilitaire_camion,voiture,1,2,3,1,1
202300004788,2023-11-25 11:45:00,2023,11,25,11,45,972,97209,MONTESQUIEU (RUE),14.61085,-61.0709,Plein jour,En agglomération,Hors intersection,Normale,Autre collision,4,1,1,0,1,1,1,0,4,50,1,2,1,0,0,1,39.0,,voiture,,1,2,1,1,6
202300004789,2023-11-28 09:15:00,2023,11,28,9,15,13,13115,D22b,43.688884,5.18074,Plein jour,Hors agglomération,Hors intersection,Normale,Sans collision,3,2,2,0,2,2,2,0,3,80,1,1,0,1,0,0,22.0,,voiture,,1,1,1,1,7
202300004790,2023-07-12 21:10:00,2023,7,12,21,10,91,91326,,48.690882,2.370652,Crépuscule ou aube,En agglomération,Hors intersection,Normale,Deux véhicules - côté,3,2,2,0,1,1,1,0,8,50,2,2,1,0,0,1,57.0,34.0,autre,transport_commun,2,2,1,1,3
202300004791,2023-06-07 18:30:00,2023,6,7,18,30,94,94034,Avenue de la Liberté,48.763448,2.318258,Plein jour,En agglomération,Intersection en T,Normale,Deux véhicules - côté,3,1,1,0,1,1,1,0,1,50,2,2,1,0,0,1,23.0,50.0,voiture,deux_roues,1,2,3,1,3
202300004791,2023-06-07 18:30:00,2023,6,7,18,30,94,94034,Avenue de la Liberté,48.763448,2.318258,Plein jour,En agglomération,Intersection en T,Normale,Deux véhicules - côté,3,2,2,0,1,1,1,0,1,-1,2,2,1,0,0,1,23.0,50.0,voiture,deux_roues,1,2,3,1,3
202300004792,2023-11-25 15:58:00,2023,11,25,15,58,971,97101,PAGES,16.2544,-61.50098,Plein jour,Hors agglomération,Hors intersection,Normale,Sans collision,4,2,1,0,1,1,1,0,1,50,1,1,0,0,0,1,31.0,,deux_roues,,1,1,1,1,7
202300004793,2023-11-22 13:10:00,2023,11,22,13,10,68,68201,Rue de la Clairière,47.752381,7.007132,Plein jour,Hors agglomération,Hors intersection,Temps éblouissant,Autre collision,4,1,1,0,1,2,1,0,1,30,1,2,1,0,0,1,31.0,,voiture,,1,1,1,7,6
202300004794,2023-01-21 10:30:00,2023,1,21,10,30,13,13039,RN 568,43.42685616,4.9700855,Plein jour,Hors agglomération,Hors intersection,Vent fort / tempête,Sans collision,2,3,5,0,1,2,1,0,2,90,1,2,0,0,0,2,70.0,,voiture,,1,1,1,6,7
202300004795,2023-11-24 11:20:00,2023,11,24,11,20,971,97101,ROLAND GARROS - DUGAZON (RUELLE),16.25015171,-61.51967168,Plein jour,En agglomération,Hors intersection,Normale,Autre collision,6,-1,0,0,1,1,1,9,8,-1,1,1,0,0,0,1,43.0,,voiture,,1,2,1,1,6
202300004796,2023-06-06 11:20:00,2023,6,6,11,20,94,94028,Avenue du Général de Gaulle,48.78313,2.45252,Plein jour,En agglomération,Hors intersection,Normale,Deux véhicules - arrière,3,3,2,0,1,1,1,0,1,50,2,3,2,0,0,1,35.0,22.0,voiture,voiture,1,2,1,1,2
202300004797,2023-07-12 10:25:00,2023,7,12,10,25,91,91027,RTE NATIONALE 7,48.716033,2.371078,Plein jour,En agglomération,Intersection en T,Normale,Deux véhicules - arrière,3,2,6,0,1,1,1,0,1,50,2,2,1,0,0,1,31.0,41.0,deux_roues,utilitaire_camion,1,2,3,1,2
202300004797,2023-07-12 10:25:00,2023,7,12,10,25,91,91027,RTE NATIONALE 7,48.716033,2.371078,Plein jour,En agglomération,Intersection en T,Normale,Deux véhicules - arrière,3,2,4,0,1,1,1,0,1,50,2,2,1,0,0,1,31.0,41.0,deux_roues,utilitaire_camion,1,2,3,1,2
202300004798,2023-05-17 08:15:00,2023,5,17,8,15,44,44109,6 Quai Ceineray,47.2205879,-1.55348762,Crépuscule ou aube,En agglomération,Hors intersection,Temps couvert,Autre collision,4,1,2,0,2,1,1,0,1,50,2,2,1,0,0,1,68.0,13.0,voiture,deux_roues,2,2,1,8,6
202300004799,2023-03-23 16:20:00,2023,3,23,16,20,13,13210,BENJAMIN DELESSERT (RUE),43.28340447,5.40491955,Plein jour,En agglomération,Hors intersection,Normale,Autre collision,4,2,2,0,1,1,1,2,1,50,1,1,0,0,0,1,76.0,,voiture,,1,2,1,1,6
202300004800,2023-06-07 21:00:00,2023,6,7,21,0,94,94077,Cours de Verdun,48.7352,2.40541,Plein jour,En agglomération,Hors intersection,Normale,Sans collision,3,-1,2,1,2,2,1,0,1,50,1,1,0,0,0,1,24.0,,deux_roues,,1,2,1,1,7
202300004801,2023-07-10 16:45:00,2023,7,10,16,45,85,85194,RD 949,46.513883,-1.79022071,Plein jour,En agglomération,Autre intersection,Normale,Deux véhicules - arrière,3,-1,2,0,1,1,1,5,1,50,2,2,1,0,0,1,68.0,75.0,deux_roues,voiture,1,2,9,1,2
202300004802,2023-03-22 10:23:00,2023,3,22,10,23,10,10343,GAMBETTA (RUE),48.2737,4.0964,Plein jour,En agglomération,Hors intersection,Normale,Autre collision,4,2,2,0,1,1,1,9,1,50,1,1,0,0,0,1,69.0,,voiture,,1,2,1,1,6
202300004803,2023-11-25 15:15:00,2023,11,25,15,15,971,97105,CHARLES DE GAULLE (BD DU GENERAL),15.99802,-61.73375,Plein jour,En agglomération,Hors intersection,Normale,Deux véhicules - frontale,4,2,2,0,1,1,1,0,1,50,2,6,1,0,0,5,22.0,41.0,voiture,voiture,1,2,1,1,1
202300004804,2023-05-15 09:10:00,2023,5,15,9,10,44,44109,Boulevard Gustave Roch,47.20220013,-1.55387719,Plein jour,En agglomération,Intersection en T,Temps couvert,Deux véhicules - côté,4,2,2,2,1,1,1,5,1,30,2,2,1,0,0,1,32.0,17.0,voiture,deux_roues,1,2,3,8,3
202300004804,2023-05-15 09:10:00,2023,5,15,9,10,44,44109,Boulevard Gustave Roch,47.20220013,-1.55387719,Plein jour,En agglomération,Intersection en T,Temps couvert,Deux véhicules - côté,4,2,2,2,1,1,1,5,1,50,2,2,1,0,0,1,32.0,17.0,voiture,deux_roues,1,2,3,8,3
202300004805,2023-06-07 20:00:00,2023,6,7,20,0,94,94017,Avenue du Général de Gaulle,48.82393479,2.49713016,Plein jour,En agglomération,Hors intersection,Normale,Deux véhicules - arrière,3,1,4,0,1,1,1,0,1,50,2,2,1,0,0,1,33.0,61.0,deux_roues,voiture,1,2,1,1,2
202300004806,2023-05-12 14:36:00,2023,5,12,14,36,44,44109,Avenue de l'Etrier,47.24829582,-1.5580016,Plein jour,En agglomération,Hors intersection,Temps couvert,Autre collision,4,2,1,0,1,1,1,0,1,-1,1,1,0,0,0,1,22.0,,voiture,,1,2,1,8,6
202300004807,2023-07-12 09:30:00,2023,7,12,9,30,78,78650,CARNOT (BOULEVARD),48.8978,2.11264,Plein jour,En agglomération,Hors intersection,Normale,Deux véhicules - arrière,3,1,2,0,1,1,1,0,1,50,3,3,2,0,1,0,28.0,24.0,voiture,deux_roues,1,2,1,1,2
202300004808,2023-03-23 15:45:00,2023,3,23,15,45,07,07019,LEONCE VERNY (AVENUE),44.62062,4.39409,Plein jour,Hors agglomération,Hors intersection,Temps couvert,Deux véhicules - arrière,4,2,2,0,2,2,1,0,1,70,2,2,1,0,1,0,17.0,17.0,deux_roues,deux_roues,1,1,1,8,2
202300004809,2023-11-25 18:30:00,2023,11,25,18,30,91,91097,RUE MARCEL PAGNOL,48.67804,2.529,Nuit avec éclairage allumé,En agglomération,Intersection en T,Normale,Autre collision,4,1,1,0,1,1,1,0,8,30,1,2,1,0,0,1,24.0,,voiture,,5,2,3,1,6
202300004809,2023-11-25 18:30:00,2023,11,25,18,30,91,91097,RUE MARCEL PAGNOL,48.67804,2.529,Nuit avec éclairage allumé,En agglomération,Intersection en T,Normale,Autre collision,4,2,2,0,1,1,1,0,1,30,1,2,1,0,0,1,24.0,,voiture,,5,2,3,1,6
202300004810,2023-06-07 19:20:00,2023,6,7,19,20,94,94002,Rue de Geneve,48.78641,2.43241,Plein jour,En agglomération,Hors intersection,Normale,Autre collision,4,1,1,0,1,1,1,0,1,50,1,2,1,0,1,0,94.0,,voiture,,1,2,1,1,6
202300004811,2023-05-12 12:25:00,2023,5,12,12,25,44,44109,46 Route de Vannes,47.23415005,-1.57998476,Plein jour,En agglomération,Hors intersection,Normale,Autre collision,4,-1,2,2,1,1,1,0,3,30,1,2,1,0,0,1,38.0,,voiture,,1,2,1,1,6
202300004812,2023-03-22 15:15:00,2023,3,22,15,15,04,04070,verdun ( avenue de ),44.08955,6.22761,Plein jour,En agglomération,Hors intersection,Normale,Autre collision,4,2,2,0,1,1,1,6,1,50,1,2,1,0,0,1,73.0,,voiture,,1,2,1,1,6
202300004813,2023-06-07 07:35:00,2023,6,7,7,35,93,93073,Aeroport Charles de Gaulle,49.00671,2.5555,Plein jour,En agglomération,Hors intersection,Normale,Deux véhicules - arrière,9,1,3,0,1,1,1,0,1,50,2,2,1,0,0,1,20.0,54.0,voiture,voiture,1,2,1,1,2
202300004814,2023-05-10 07:51:00,2023,5,10,7,51,44,44109,144 Boulevard de la Fraternité,47.2221561,-1.58537858,Plein jour,En agglomération,Giratoire,Temps couvert,Autre collision,4,2,2,2,1,1,1,5,1,50,2,2,1,0,0,1,37.0,58.0,voiture,deux_roues,1,2,6,8,6
202300004815,2023-03-21 15:00:00,2023,3,21,15,0,03,03095,Rue des Charmilles,46.137173,3.435348,Plein jour,En agglomération,Hors intersection,Normale,Autre collision,6,-1, -1,0,1,1,1,9,6,20,1,2,1,0,1,0,55.0,,voiture,,1,2,1,1,6
202300004816,2023-11-25 16:30:00,2023,11,25,16,30,91,91589,RUE ERNEST FONTAINE,48.682889,2.364609,Plein jour,En agglomération,Intersection en X,Normale,Deux véhicules - côté,4,2,1,0,1,1,1,0,1,50,2,2,1,0,0,1,42.0,20.0,voiture,voiture,1,2,2,1,3
202300004816,2023-11-25 16:30:00,2023,11,25,16,30,91,91589,RUE ERNEST FONTAINE,48.682889,2.364609,Plein jour,En agglomération,Intersection en X,Normale,Deux véhicules - côté,4,2,1,0,1,1,1,0,1,50,2,2,1,0,0,1,42.0,20.0,voiture,voiture,1,2,2,1,3
202300004817,2023-07-11 08:42:00,2023,7,11,8,42,77,77288,D606,48.55288,2.64305,Plein jour,Hors agglomération,Giratoire,Normale,Deux véhicules - arrière,3,-1,2,0,1,1,1,0,1,50,2,3,2,0,1,0,25.0,73.0,voiture,deux_roues,1,1,6,1,2
202300004817,2023-07-11 08:42:00,2023,7,11,8,42,77,77288,D606,48.55288,2.64305,Plein jour,Hors agglomération,Giratoire,Normale,Deux véhicules - arrière,3,1,2,0,1,2,1,0,1,50,2,3,2,0,1,0,25.0,73.0,voiture,deux_roues,1,1,6,1,2
202300004818,2023-06-07 19:15:00,2023,6,7,19,15,93,93072,Avenue de Stalingrad / Rue Roger Salengro,48.94946493,2.38471378,Plein jour,En agglomération,Intersection en T,Normale,Autre collision,3,2,2,-1,1,1,1,0,1,-1,1,3,1,0,0,2,21.0,,voiture,,1,2,3,1,6
202300004818,2023-06-07 19:15:00,2023,6,7,19,15,93,93072,Avenue de Stalingrad / Rue Roger Salengro,48.94946493,2.38471378,Plein jour,En agglomération,Intersection en T,Normale,Autre collision,3,3,2,1,1,1,1,0,1,50,1,3,1,0,0,2,21.0,,voiture,,1,2,3,1,6
202300004819,2023-05-10 07:16:00,2023,5,10,7,16,44,44109,24 Boulevard de la Beaujoire,47.25828924,-1.51529574,Plein jour,En agglomération,Intersection en T,Temps couvert,Deux véhicules - côté,4,-1,2,0,1,1,1,5,1,50,2,4,3,0,0,1,32.0,21.0,voiture,voiture,1,2,3,8,3
202300004819,2023-05-10 07:16:00,2023,5,10,7,16,44,44109,24 Boulevard de la Beaujoire,47.25828924,-1.51529574,Plein jour,En agglomération,Intersection en T,Temps couvert,Deux véhicules - côté,4,2,2,2,1,3,1,5,1,50,2,4,3,0,0,1,32.0,21.0,voiture,voiture,1,2,3,8,3
202300004820,2023-03-23 13:40:00,2023,3,23,13,40,03,03185,Rue Benoist d'Azy,46.35506,2.6079,Plein jour,En agglomération,Hors intersection,Normale,Deux véhicules - côté,4,2,2,0,1,4,1,0,1,50,2,2,1,0,0,1,18.0,78.0,deux_roues,voiture,1,2,1,1,3
202300004821,2023-06-15 19:00:00,2023,6,15,19,0,77,77296,D402,48.620829,2.581707,Plein jour,Hors agglomération,Intersection en X,Normale,Deux véhicules - arrière,3,2,5,0,1,1,1,0,1,70,2,2,1,0,1,0,44.0,38.0,deux_roues,voiture,1,1,2,1,2
202300004821,2023-06-15 19:00:00,2023,6,15,19,0,77,77296,D402,48.620829,2.581707,Plein jour,Hors agglomération,Intersection en X,Normale,Deux véhicules - arrière,3,2,2,0,1,1,1,0,1,50,2,2,1,0,1,0,44.0,38.0,deux_roues,voiture,1,1,2,1,2
202300004822,2023-06-07 13:00:00,2023,6,7,13,0,93,93066,Avenue du Président Wilson,48.91480112,2.35812298,Plein jour,En agglomération,Hors intersection,Normale,Deux véhicules - côté,3,3,6,0,1,1,1,0,1,50,2,2,1,0,0,1,58.0,55.0,utilitaire_camion,deux_roues,1,2,1,1,3
202300004823,2023-05-10 08:45:00,2023,5,10,8,45,44,44109,Pont de Cheviré,47.19242497,-1.61363382,Plein jour,Hors agglomération,Hors intersection,Temps couvert,Deux véhicules - arrière,2,2,4,0,2,1,1,2,1,70,2,2,0,0,0,2,35.0,55.0,voiture,voiture,1,1,1,8,2
202300004824,2023-03-24 16:30:00,2023,3,24,16,30,86,86224,La Grande Eau,46.919725,0.412926,Plein jour,Hors agglomération,Hors intersection,Normale,Autre collision,3,2,2,0,1,2,1,0,1,80,1,2,0,1,1,0,31.0,,voiture,,1,1,1,1,6
202300004825,2023-05-03 07:45:00,2023,5,3,7,45,44,44109,Rue Paul Bellamy,47.23297211,-1.56557194,Plein jour,En agglomération,Hors intersection,Temps couvert,Autre collision,4,2,2,3,1,1,1,0,1,50,1,2,1,0,0,1,37.0,,voiture,,1,2,1,8,6
202300004826,2023-06-07 11:30:00,2023,6,7,11,30,93,93066,Avenue Lénine,48.94272202,2.3641794,Plein jour,En agglomération,Hors intersection,Normale,Autre collision,3,2,4,0,1,1,1,0,1,50,1,2,1,0,1,0,65.0,,voiture,,1,2,1,1,6
202300004827,2023-07-12 09:50:00,2023,7,12,9,50,77,77243,IMPRIMERIE (RUE DE  L' ),48.88123,2.71437,Plein jour,En agglomération,Intersection en T,Normale,Deux véhicules - côté,4,2,0,0,1,1,1,0,1,50,2,2,1,0,0,1,17.0,62.0,deux_roues,deux_roues,1,2,3,1,3
202300004827,2023-07-12 09:50:00,2023,7,12,9,50,77,77243,IMPRIMERIE (RUE DE  L' ),48.88123,2.71437,Plein jour,En agglomération,Intersection en T,Normale,Deux véhicules - côté,4,2,1,0,1,1,1,0,1,50,2,2,1,0,0,1,17.0,62.0,deux_roues,deux_roues,1,2,3,1,3
202300004828,2023-03-25 00:30:00,2023,3,25,0,30,51,51085,D42,48.971745,3.654263,Nuit sans éclairage public,Hors agglomération,Hors intersection,Normale,Autre collision,3,2,2,0,1,1,1,0,1,80,1,2,1,0,1,0,43.0,,voiture,,3,1,1,1,6
202300004829,2023-05-03 14:00:00,2023,5,3,14,0,44,44109,30 Rue Jean Poulain,47.25183949,-1.56496406,Plein jour,En agglomération,Hors intersection,Temps couvert,Deux véhicules - côté,4,2,2,2,1,1,1,0,1,30,2,2,1,0,0,1,48.0,56.0,voiture,deux_roues,1,2,1,8,3
202300004830,2023-07-12 17:50:00,2023,7,12,17,50,76,76322,Rue Edwin Aldrin,49.41311762,1.04867908,Plein jour,En agglomération,Hors intersection,Normale,Deux véhicules - côté,4,2,2,0,1,1,1,0,1,50,2,2,1,0,0,1,62.0,28.0,voiture,deux_roues,1,2,1,1,3
202300004831,2023-04-24 14:50:00,2023,4,24,14,50,44,44172,Pont de Bellevue,47.23235166,-1.47305058,Plein jour,Hors agglomération,Hors intersection,Temps couvert,Trois véhicules et plus - en chaîne,2,2,4,0,1,1,1,2,1,90,3,3,1,0,0,2,34.0,55.0,voiture,utilitaire_camion,1,1,1,8,4
202300004832,2023-06-07 00:14:00,2023,6,7,0,14,93,93064,Rue Jules Ferry,48.87531,2.47789,Nuit sans éclairage public,En agglomération,Hors intersection,Normale,Deux véhicules - côté,3,2,2,0,1,1,1,0,1,50,2,2,1,0,0,1,40.0,25.0,voiture,deux_roues,3,2,1,1,3
202300004833,2023-07-12 18:50:00,2023,7,12,18,50,76,76540,Boulevard Ferdinand de Lesseps,49.44502,1.06535,Plein jour,En agglomération,Hors intersection,Normale,Deux véhicules - arrière,7,2,3,0,1,1,1,0,1,50,2,2,1,0,0,1,28.0,24.0,deux_roues,utilitaire_camion,1,2,1,1,2
202300004834,2023-03-25 16:12:00,2023,3,25,16,12,06,06109,M6202,43.841236,7.195449,Plein jour,Hors agglomération,Hors intersection,Normale,Deux véhicules - frontale,7,2,3,0,1,1,1,0,1,70,2,3,0,0,1,2,66.0,49.0,voiture,voiture,1,1,1,1,1
202300004835,2023-11-21 17:00:00,2023,11,21,17,0,60,60338,D932a,49.34468,2.774112,Crépuscule ou aube,Hors agglomération,Intersection en T,Autre,Autre collision,3,2,2,0,1,1,2,0,1,80,1,1,0,0,1,0,76.0,,voiture,,2,1,3,9,6
202300004835,2023-11-21 17:00:00,2023,11,21,17,0,60,60338,D932a,49.34468,2.774112,Crépuscule ou aube,Hors agglomération,Intersection en T,Autre,Autre collision,3,2, -1,-1,1,1,2,0,1,-1,1,1,0,0,1,0,76.0,,voiture,,2,1,3,9,6
202300004836,2023-06-07 23:20:00,2023,6,7,23,20,93,93049,Avenue du Président Roosevelt / Rue de Verdun,48.8537309,2.50846772,Nuit avec éclairage allumé,En agglomération,Intersection en T,Normale,Deux véhicules - côté,4,1,1,-1,1,1,1,0,1,-1,2,2,1,0,0,1,20.0,69.0,deux_roues,deux_roues,5,2,3,1,3
202300004836,2023-06-07 23:20:00,2023,6,7,23,20,93,93049,Avenue du Président Roosevelt / Rue de Verdun,48.8537309,2.50846772,Nuit avec éclairage allumé,En agglomération,Intersection en T,Normale,Deux véhicules - côté,4,2,2,0,1,1,1,0,1,50,2,2,1,0,0,1,20.0,69.0,deux_roues,deux_roues,5,2,3,1,3
202300004837,2023-03-24 20:30:00,2023,3,24,20,30,34,34032,A75,43.371116,3.285749,Nuit sans éclairage public,Hors agglomération,Hors intersection,Normale,Deux véhicules - arrière,1,1,2,0,1,1,1,0,1,130,2,3,1,0,2,0,33.0,46.0,voiture,voiture,3,1,1,1,2
202300004838,2023-07-12 11:00:00,2023,7,12,11,0,76,76498,Place des bruyères,49.4122,1.0717,Plein jour,En agglomération,Giratoire,Normale,Deux véhicules - côté,7,1,3,3,1,1,1,-1,5,50,2,2,1,0,0,1,58.0,24.0,voiture,deux_roues,1,2,6,1,3
202300004838,2023-07-12 11:00:00,2023,7,12,11,0,76,76498,Place des bruyères,49.4122,1.0717,Plein jour,En agglomération,Giratoire,Normale,Deux véhicules - côté,7,2,2,0,1,1,1,-1,5,50,2,2,1,0,0,1,58.0,24.0,voiture,deux_roues,1,2,6,1,3
202300004839,2023-11-30 18:25:00,2023,11,30,18,25,60,60206,D15,49.515875,2.816979,Nuit sans éclairage public,Hors agglomération,Hors intersection,Pluie légère,Deux véhicules - côté,3,2,2,0,1,1,2,0,1,-1,2,2,0,1,1,0,60.0,46.0,voiture,voiture,3,1,1,2,3
202300004840,2023-03-25 18:00:00,2023,3,25,18,0,30,30315,Route Nationale 100,43.950745,4.710351,Plein jour,Hors agglomération,Hors intersection,Normale,Sans collision,2,3,2,0,1,3,1,5,1,70,1,1,0,0,1,0,60.0,,deux_roues,,1,1,1,1,7
202300004841,2023-04-24 10:30:00,2023,4,24,10,30,44,44109,36 Boulevard de la Beaugeoire,47.25866068,-1.51904396,Plein jour,En agglomération,Hors intersection,Temps couvert,Autre collision,4,2,2,2,1,1,1,5,1,50,1,2,1,0,0,1,85.0,,voiture,,1,2,1,8,6
202300004842,2023-06-07 08:50:00,2023,6,7,8,50,93,93013,Rue Anizan Cavillon / Rue des Jardins,48.93421,2.41846,Plein jour,En agglomération,Intersection en T,Normale,Deux véhicules - côté,3,3,2,1,1,2,1,0,1,30,2,2,1,0,0,1,26.0,19.0,voiture,deux_roues,1,2,3,1,3
202300004842,2023-06-07 08:50:00,2023,6,7,8,50,93,93013,Rue Anizan Cavillon / Rue des Jardins,48.93421,2.41846,Plein jour,En agglomération,Intersection en T,Normale,Deux véhicules - côté,3,2,2,-1,1,1,1,0,1,-1,2,2,1,0,0,1,26.0,19.0,voiture,deux_roues,1,2,3,1,3
202300004843,2023-07-11 16:25:00,2023,7,11,16,25,76,76351,GRAVILLE (BD DE),49.496234,0.146769,Plein jour,En agglomération,Intersection en X,Normale,Deux véhicules - côté,4,2,2,0,1,1,1,0,1,50,2,2,1,0,0,1,20.0,26.0,voiture,deux_roues,1,2,2,1,3
202300004843,2023-07-11 16:25:00,2023,7,11,16,25,76,76351,GRAVILLE (BD DE),49.496234,0.146769,Plein jour,En agglomération,Intersection en X,Normale,Deux véhicules - côté,4,3,5,0,1,1,1,0,1,50,2,2,1,0,0,1,20.0,26.0,voiture,deux_roues,1,2,2,1,3
202300004844,2023-04-20 14:52:00,2023,4,20,14,52,44,44215,,47.17456036,-1.51233864,Plein jour,Hors agglomération,Hors intersection,Temps couvert,Deux véhicules - arrière,2,2,4,0,1,1,1,0,1,90,2,2,1,0,0,1,28.0,30.0,voiture,deux_roues,1,1,1,8,2
202300004845,2023-03-23 10:47:00,2023,3,23,10,47,67,67234,1 Rue de la Libération,48.968678,7.042794,Plein jour,En agglomération,Intersection en Y,Pluie légère,Deux véhicules - frontale,3,2,2,0,1,2,2,0,1,50,2,2,1,0,1,0,79.0,18.0,voiture,deux_roues,1,2,4,2,1
202300004845,2023-03-23 10:47:00,2023,3,23,10,47,67,67234,1 Rue de la Libération,48.968678,7.042794,Plein jour,En agglomération,Intersection en Y,Pluie légère,Deux véhicules - frontale,3,2, -1,-1,1,1,2,5,1,-1,2,2,1,0,1,0,79.0,18.0,voiture,deux_roues,1,2,4,2,1
202300004846,2023-07-08 20:45:00,2023,7,8,20,45,76,76351,PIERRE LOTI,49.50578,0.14843,Plein jour,En agglomération,Intersection en X,Normale,Deux véhicules - côté,4,1,2,0,1,1,1,0,1,50,2,2,1,0,1,0,47.0,28.0,voiture,deux_roues,1,2,2,1,3
202300004846,2023-07-08 20:45:00,2023,7,8,20,45,76,76351,PIERRE LOTI,49.50578,0.14843,Plein jour,En agglomération,Intersection en X,Normale,Deux véhicules - côté,4,2,2,0,1,1,1,0,1,50,2,2,1,0,1,0,47.0,28.0,voiture,deux_roues,1,2,2,1,3
202300004847,2023-04-08 23:30:00,2023,4,8,23,30,44,44114,,47.26497453,-1.59078889,Nuit sans éclairage public,Hors agglomération,Hors intersection,Temps couvert,Sans collision,1,3,4,0,2,1,1,0,1,90,1,1,0,0,0,1,36.0,,deux_roues,,3,1,1,8,7
202300004848,2023-06-05 20:10:00,2023,6,5,20,10,93,93010,Avenue Galliéni,48.90690569,2.48746159,Plein jour,En agglomération,Hors intersection,Normale,Deux véhicules - côté,3,3,6,0,1,1,1,0,1,50,2,3,0,0,0,3,38.0,49.0,voiture,deux_roues,1,2,1,1,3
202300004849,2023-10-28 09:35:00,2023,10,28,9,35,62,62826,Avenue François Godin,50.51085394,1.58862662,Plein jour,En agglomération,Giratoire,Pluie légère,Sans collision,4,2,1,0,1,1,2,0,1,50,1,1,0,0,0,1,47.0,,deux_roues,,1,2,6,2,7
202300004850,2023-06-07 16:00:00,2023,6,7,16,0,93,93007,87 Avenue de la Division Leclerc,48.94600212,2.46050298,Crépuscule ou aube,En agglomération,Hors intersection,Normale,Autre collision,3,2,2,0,1,1,1,0,4,50,1,1,0,0,0,1,23.0,,voiture,,2,2,1,1,6
202300004851,2023-03-24 23:30:00,2023,3,24,23,30,76,76151,Route Departementale 20,49.844051,0.727297,Nuit sans éclairage public,Hors agglomération,Hors intersection,Vent fort / tempête,Deux véhicules - arrière,3,2,2,0,1,1,1,0,1,80,2,3,0,0,0,3,28.0,25.0,voiture,voiture,3,1,1,6,2
202300004852,2023-07-11 17:00:00,2023,7,11,17,0,72,72181,PATTON GENERAL RTE ST-AUBIN A AV RUBILLA,48.03018079,0.17912507,Plein jour,En agglomération,Autre intersection,Normale,Autre collision,3,3,1,0,2,1,1,5,1,90,3,3,2,0,1,0,34.0,22.0,deux_roues,voiture,1,2,9,1,6
202300004853,2023-12-11 07:50:00,2023,12,11,7,50,74,74256,1051 Avenue de geneve,45.94578,6.629882,Nuit avec éclairage non allumé,En agglomération,Hors intersection,Pluie forte,Autre collision,3,2,2,0,1,1,2,6,1,50,1,2,1,0,1,0,43.0,,voiture,,4,2,1,3,6
202300004854,2023-07-12 14:00:00,2023,7,12,14,0,69,69286,Avenue de l'Europe,45.81724,4.90061,Plein jour,En agglomération,Hors intersection,Normale,Autre collision,4,2,2,0,2,1,1,0,8,50,1,1,0,0,0,1,27.0,,voiture,,1,2,1,1,6