accident_id,datetime,annee,mois,jour,heure,minute,departement,commune_insee,adresse,latitude,longitude,luminosite,agglomeration,intersection,meteo,collision,catr,circ,nbv,vosp,prof,plan,surf,infra,situ,vma,nb_vehicules,nb_usagers,nb_indemnes,nb_tues,nb_blesses_hosp,nb_blesses_legers,age_cond_1,age_cond_2,veh_type_cond_1,veh_type_cond_2,lum_code,agg_code,int_code,atm_code,col_code
202300004855,2023-06-07 21:40:00,2023,6,7,21,40,93,93001,Rue Lopez et Jules Martin,48.91461878,2.39931,Crépuscule ou aube,En agglomération,Hors intersection,Normale,Autre collision,4,2,2,0,1,1,1,0,1,50,1,2,1,0,1,0,38.0,,voiture,,2,2,1,1,6
202300004856,2023-11-28 19:00:00,2023,11,28,19,0,74,74263,100 Avenue de bonnatrait,46.334736,6.394,Nuit avec éclairage allumé,En agglomération,Hors intersection,Normale,Autre collision,3,2,2,0,1,1,1,9,1,50,1,2,1,0,0,1,67.0,,utilitaire_camion,,5,2,1,1,6
202300004857,2023-03-25 12:20:00,2023,3,25,12,20,80,80621,D45,49.830999,2.84647,Plein jour,Hors agglomération,Hors intersection,Vent fort / tempête,Sans collision,3,2,2,0,3,3,1,0,8,80,2,3,0,1,1,1,42.0,47.0,deux_roues,deux_roues,1,1,1,6,7
202300004858,2023-06-07 15:40:00,2023,6,7,15,40,92,92063,BONAPARTE (AVENUE NAPOLEON) SUD,48.87272386,2.16322874,Plein jour,En agglomération,Hors intersection,Normale,Trois véhicules et plus - collisions multiples,3,1,3,0,1,3,1,0,1,50,3,3,2,0,0,1,63.0,47.0,autre,utilitaire_camion,1,2,1,1,5
202300004859,2023-11-28 09:55:00,2023,11,28,9,55,74,74210,Route de la gare,46.302347,6.428424,Plein jour,Hors agglomération,Hors intersection,Normale,Deux véhicules - frontale,3,3,2,0,1,2,1,0,1,80,2,2,0,1,0,1,83.0,57.0,voiture,voiture,1,1,1,1,1
202300004860,2023-03-24 17:55:00,2023,3,24,17,55,63,63040,Avenue Victor Cohalion / rue Clair matin,45.723336,3.35127,Plein jour,En agglomération,Intersection en X,Normale,Deux véhicules - côté,3,2,#VALEURMULTI,0,1,1,1,0,1,50,2,2,1,0,1,0,32.0,16.0,voiture,deux_roues,1,2,2,1,3
202300004861,2023-07-12 21:40:00,2023,7,12,21,40,69,69259,2 Boulevard Ambroise Croizat,45.7066,4.88742,Crépuscule ou aube,En agglomération,Intersection en T,Normale,Deux véhicules - côté,7,2,5,1,1,1,1,9,1,50,2,8,7,0,0,1,32.0,48.0,voiture,voiture,2,2,3,1,3
202300004861,2023-07-12 21:40:00,2023,7,12,21,40,69,69259,2 Boulevard Ambroise Croizat,45.7066,4.88742,Crépuscule ou aube,En agglomération,Intersection en T,Normale,Deux véhicules - côté,7,2,3,3,1,1,1,0,1,50,2,8,7,0,0,1,32.0,48.0,voiture,voiture,2,2,3,1,3
202300004862,2023-06-07 09:15:00,2023,6,7,9,15,92,92051,COMMANDANT CHARCOT (BOULEVARD DU),48.87925,2.25779,Plein jour,En agglomération,Hors intersection,Normale,Deux véhicules - côté,4,2,2,0,1,1,1,0,1,50,2,3,1,0,0,2,39.0,51.0,voiture,deux_roues,1,2,1,1,3
202300004863,2023-02-18 18:30:00,2023,2,18,18,30,44,44109,7 Rue de la Rosière d'Artois,47.21204421,-1.56708955,Plein jour,En agglomération,Hors intersection,Temps couvert,Trois véhicules et plus - en chaîne,4,1,1,0,2,1,1,0,1,30,3,3,2,0,0,1,35.0,44.0,utilitaire_camion,voiture,1,2,1,8,4
202300004864,2023-07-12 08:53:00,2023,7,12,8,53,67,67482,BREITLACH (RUE DE LA),48.531,7.773,Plein jour,En agglomération,Hors intersection,Normale,Autre collision,4,2,2,0,1,1,1,0,1,30,1,2,1,0,0,1,,,voiture,,1,2,1,1,6
202300004865,2023-03-25 14:50:00,2023,3,25,14,50,12,12208,D999,43.955854,2.859669,Plein jour,Hors agglomération,Hors intersection,Normale,Deux véhicules - côté,3,2,2,0,1,1,1,0,5,70,2,3,1,0,2,0,75.0,23.0,voiture,deux_roues,1,1,1,1,3
202300004866,2023-12-16 18:18:00,2023,12,16,18,18,10,10387,PIERRE BROSSOLETTE (RUE),48.288,4.077,Nuit avec éclairage allumé,En agglomération,Hors intersection,Brouillard / fumée,Deux véhicules - côté,4,2,4,1,1,1,2,0,1,50,2,2,1,0,0,1,24.0,24.0,voiture,deux_roues,5,2,1,5,3
202300004867,2023-06-07 17:35:00,2023,6,7,17,35,92,92050,JOFFRE MARECHAL AVENUE DU,48.88527111,2.19557208,Plein jour,En agglomération,Hors intersection,Normale,Deux véhicules - côté,3,2,0,1,1,1,1,0,1,50,2,2,1,0,0,1,28.0,25.0,utilitaire_camion,deux_roues,1,2,1,1,3
202300004868,2023-07-09 10:06:00,2023,7,9,10,6,66,66136,SAINT-ASSISCLE (BOULEVARD DE),42.69769,2.87796,Plein jour,En agglomération,Hors intersection,Normale,Autre collision,4,2,4,0,1,1,1,0,1,50,1,2,1,0,0,1,19.0,,voiture,,1,2,1,1,6
202300004869,2023-03-25 06:58:00,2023,3,25,6,58,12,12120,Ruisseau du Mayroux (Buse),44.385332,2.826158,Crépuscule ou aube,Hors agglomération,Hors intersection,Normale,Autre collision,2,1,1,0,4,3,1,3,3,80,1,1,0,0,1,0,19.0,,voiture,,2,1,1,1,6
202300004870,2023-06-06 15:30:00,2023,6,6,15,30,92,92040,DOCTEUR ZAMENHOFF (DU),48.8150255,2.26783589,Plein jour,En agglomération,Hors intersection,Normale,Deux véhicules - frontale,4,3,2,0,1,2,1,0,1,30,2,5,3,0,0,2,27.0,37.0,utilitaire_camion,transport_commun,1,2,1,1,1
202300004871,2023-07-08 17:00:00,2023,7,8,17,0,66,66136,,42.73075,2.90831,Plein jour,En agglomération,Intersection en T,Normale,Deux véhicules - côté,4,2,2,0,1,1,1,0,1,50,2,2,1,0,0,1,27.0,76.0,voiture,deux_roues,1,2,3,1,3
202300004871,2023-07-08 17:00:00,2023,7,8,17,0,66,66136,,42.73075,2.90831,Plein jour,En agglomération,Intersection en T,Normale,Deux véhicules - côté,4,2,2,0,1,1,1,0,8,50,2,2,1,0,0,1,27.0,76.0,voiture,deux_roues,1,2,3,1,3
202300004872,2023-03-24 23:00:00,2023,3,24,23,0,41,41059,route départementale 7,47.439989,1.374085,Nuit sans éclairage public,Hors agglomération,Hors intersection,Pluie légère,Autre collision,3,2,2,0,1,1,2,0,3,90,1,1,0,0,1,0,59.0,,voiture,,3,1,1,2,6
202300004873,2023-06-07 09:08:00,2023,6,7,9,8,92,92035,Joffre ( avenue ),48.90475,2.2447,Plein jour,En agglomération,Hors intersection,Normale,Deux véhicules - frontale,4,1,2,2,1,1,1,0,1,50,2,2,1,0,0,1,35.0,44.0,deux_roues,deux_roues,1,2,1,1,1
202300004874,2023-07-08 11:15:00,2023,7,8,11,15,66,66136,,42.6791,2.87286,Plein jour,Hors agglomération,Hors intersection,Normale,Deux véhicules - arrière,3,3,4,0,1,1,1,0,1,90,2,3,1,0,0,2,54.0,66.0,utilitaire_camion,voiture,1,1,1,1,2
202300004875,2023-03-25 07:40:00,2023,3,25,7,40,02,02286,,49.969738,3.762399,Plein jour,Hors agglomération,Hors intersection,Normale,Deux véhicules - frontale,4,2,2,0,1,2,2,0,1,50,2,2,0,0,1,1,62.0,53.0,voiture,voiture,1,1,1,1,1
202300004876,2023-10-03 11:50:00,2023,10,3,11,50,44,44055,,47.29926,-2.36138,Plein jour,Hors agglomération,Hors intersection,Normale,Trois véhicules et plus - en chaîne,3,1,2,0,1,1,1,0,1,110,3,3,1,0,1,1,24.0,50.0,utilitaire_camion,voiture,1,1,1,1,4
202300004877,2023-06-06 12:50:00,2023,6,6,12,50,92,92024,OLAF PALME (RUE),48.907078,2.317735,Plein jour,En agglomération,Intersection en T,Normale,Autre collision,4,1,1,0,1,1,1,9,1,30,1,2,1,0,0,1,40.0,,voiture,,1,2,3,1,6
202300004877,2023-06-06 12:50:00,2023,6,6,12,50,92,92024,OLAF PALME (RUE),48.907078,2.317735,Plein jour,En agglomération,Intersection en T,Normale,Autre collision,4,2,1,0,1,1,1,0,1,30,1,2,1,0,0,1,40.0,,voiture,,1,2,3,1,6
202300004878,2023-07-12 10:28:00,2023,7,12,10,28,65,65433,BARBUSSE (AVENUE HENRI),43.219256,0.095747,Plein jour,En agglomération,Intersection en T,Normale,Deux véhicules - frontale,3,2,2,0,1,1,1,0,1,50,2,2,1,0,1,0,34.0,69.0,utilitaire_camion,deux_roues,1,2,3,1,1
202300004878,2023-07-12 10:28:00,2023,7,12,10,28,65,65433,BARBUSSE (AVENUE HENRI),43.219256,0.095747,Plein jour,En agglomération,Intersection en T,Normale,Deux véhicules - frontale,3,1,1,-1,1,1,1,5,1,50,2,2,1,0,1,0,34.0,69.0,utilitaire_camion,deux_roues,1,2,3,1,1
202300004879,2023-10-10 19:30:00,2023,10,10,19,30,13,13208,MENDES FRANCE (AVENUE),43.2535,5.3759,Nuit avec éclairage allumé,En agglomération,Hors intersection,Normale,Autre collision,4,3,2,0,1,1,1,0,1,50,2,2,0,0,0,2,36.0,57.0,deux_roues,deux_roues,5,2,1,1,6
202300004880,2023-03-24 15:20:00,2023,3,24,15,20,03,03019,RD236,46.608977,3.69148,Plein jour,Hors agglomération,Hors intersection,Normale,Sans collision,3,2,2,0,1,1,1,0,3,90,1,2,0,0,0,2,62.0,,deux_roues,,1,1,1,1,7
202300004881,2023-07-12 11:44:00,2023,7,12,11,44,64,64335,FLANDRES DUNKERQUE,43.32093,-0.43524,Plein jour,En agglomération,Hors intersection,Pluie légère,Autre collision,6,-1, -1,0,1,1,2,0,1,-1,1,2,1,0,0,1,39.0,,voiture,,1,2,1,2,6
202300004882,2023-06-07 00:10:00,2023,6,7,0,10,92,92012,PONT DE SEVRES (ROND POINT DU),48.82920843,2.22886473,Nuit avec éclairage allumé,En agglomération,Hors intersection,Normale,Deux véhicules - arrière,3,3,3,0,1,1,1,2,1,50,2,2,1,0,0,1,21.0,52.0,deux_roues,utilitaire_camion,5,2,1,1,2
202300004883,2023-10-10 07:00:00,2023,10,10,7,0,13,13212,CAILLOLS (AVENUE DES),43.305,5.426,Crépuscule ou aube,En agglomération,Hors intersection,Normale,Deux véhicules - côté,4,1,1,0,1,1,1,0,1,50,2,2,1,0,0,1,24.0,46.0,deux_roues,transport_commun,2,2,1,1,3
202300004884,2023-03-25 11:50:00,2023,3,25,11,50,70,70198,D70,47.547118,5.669332,Plein jour,Hors agglomération,Intersection en T,Normale,Deux véhicules - côté,3,2,2,0,2,1,1,0,1,90,2,2,1,0,1,0,96.0,66.0,voiture,deux_roues,1,1,3,1,3
202300004884,2023-03-25 11:50:00,2023,3,25,11,50,70,70198,D70,47.547118,5.669332,Plein jour,Hors agglomération,Intersection en T,Normale,Deux véhicules - côté,3,2, -1,-1,1,1,1,0,1,-1,2,2,1,0,1,0,96.0,66.0,voiture,deux_roues,1,1,3,1,3
202300004885,2023-06-07 18:00:00,2023,6,7,18,0,92,92004,ROBERT DUPONT,48.92026,2.2819,Plein jour,En agglomération,Hors intersection,Normale,Deux véhicules - frontale,3,-1,2,0,1,1,1,0,1,50,2,2,1,0,0,1,32.0,,deux_roues,deux_roues,1,2,1,1,1
202300004886,2023-07-12 09:30:00,2023,7,12,9,30,62,62193,Rue Voltaire,50.95499,1.87173,Plein jour,En agglomération,Intersection en X,Normale,Deux véhicules - côté,4,2,0,0,1,1,1,0,1,50,2,4,3,0,1,0,33.0,41.0,voiture,voiture,1,2,2,1,3
202300004886,2023-07-12 09:30:00,2023,7,12,9,30,62,62193,Rue Voltaire,50.95499,1.87173,Plein jour,En agglomération,Intersection en X,Normale,Deux véhicules - côté,4,2,0,0,1,1,1,0,1,50,2,4,3,0,1,0,33.0,41.0,voiture,voiture,1,2,2,1,3
202300004887,2023-07-17 21:30:00,2023,7,17,21,30,13,13208,pointe rouge (ave),43.24767,5.37444,Nuit avec éclairage allumé,En agglomération,Hors intersection,Normale,Autre collision,4,1,4,0,1,1,1,0,1,50,1,2,1,0,0,1,,,deux_roues,,5,2,1,1,6
202300004888,2023-07-02 20:25:00,2023,7,2,20,25,61,61006,D238A,48.73928,-0.02334,Plein jour,En agglomération,Hors intersection,Normale,Autre collision,3,2,2,0,1,1,1,0,4,50,1,1,0,0,1,0,46.0,,deux_roues,,1,2,1,1,6
202300004889,2023-03-25 14:15:00,2023,3,25,14,15,72,72382,chemin de la sapiniere,47.927393,0.466399,Plein jour,Hors agglomération,Intersection en X,Normale,Deux véhicules - côté,3,2,2,0,1,1,1,0,1,90,2,2,1,0,0,1,44.0,50.0,deux_roues,voiture,1,1,2,1,3
202300004889,2023-03-25 14:15:00,2023,3,25,14,15,72,72382,chemin de la sapiniere,47.927393,0.466399,Plein jour,Hors agglomération,Intersection en X,Normale,Deux véhicules - côté,3,2, -1,-1,1,1,1,0,1,-1,2,2,1,0,0,1,44.0,50.0,deux_roues,voiture,1,1,2,1,3
202300004890,2023-06-07 17:15:00,2023,6,7,17,15,76,76281,D484,49.524804,0.581803,Plein jour,Hors agglomération,Intersection en X,Normale,Deux véhicules - côté,3,2,0,0,1,2,1,5,8,50,2,2,0,0,2,0,67.0,60.0,voiture,voiture,1,1,2,1,3
202300004890,2023-06-07 17:15:00,2023,6,7,17,15,76,76281,D484,49.524804,0.581803,Plein jour,Hors agglomération,Intersection en X,Normale,Deux véhicules - côté,3,2,0,0,1,1,1,0,5,80,2,2,0,0,2,0,67.0,60.0,voiture,voiture,1,1,2,1,3
202300004891,2023-07-12 08:10:00,2023,7,12,8,10,59,59350,FAUBOURG D'ARRAS RUE,50.615298,3.062649,Plein jour,En agglomération,Hors intersection,Normale,Deux véhicules - arrière,7,2,4,3,1,1,1,0,1,50,2,2,1,0,0,1,34.0,,voiture,voiture,1,2,1,1,2
202300004892,2023-03-25 16:50:00,2023,3,25,16,50,50,50076,Le Moulin Saint Martin,48.895781,-1.531724,Plein jour,Hors agglomération,Hors intersection,Normale,Autre collision,3,2,2,0,1,1,1,2,3,70,1,1,0,1,0,0,58.0,,utilitaire_camion,,1,1,1,1,6
202300004893,2023-12-05 19:50:00,2023,12,5,19,50,41,41148,route départemenatle 951,47.647436,1.438415,Nuit sans éclairage public,Hors agglomération,Intersection en X,Autre,Trois véhicules et plus - en chaîne,3,2,2,0,1,1,2,0,1,80,3,6,3,0,1,2,26.0,55.0,voiture,voiture,3,1,2,9,4
202300004893,2023-12-05 19:50:00,2023,12,5,19,50,41,41148,route départemenatle 951,47.647436,1.438415,Nuit sans éclairage public,Hors agglomération,Intersection en X,Autre,Trois véhicules et plus - en chaîne,3,2,2,-1,1,1,2,0,1,80,3,6,3,0,1,2,26.0,55.0,voiture,voiture,3,1,2,9,4
202300004894,2023-06-07 10:10:00,2023,6,7,10,10,84,84142,Route d'Avignon (Pont),43.968558,4.980476,Plein jour,Hors agglomération,Giratoire,Normale,Deux véhicules - arrière,3,1,2,0,1,3,1,0,1,30,2,2,1,0,1,0,66.0,90.0,voiture,deux_roues,1,1,6,1,2
202300004895,2023-07-09 02:55:00,2023,7,9,2,55,57,57019,SOURCE (RUE DE LA),49.24021,6.13462,Nuit avec éclairage allumé,En agglomération,Hors intersection,Normale,Autre collision,4,1,1,0,2,2,1,0,1,30,1,2,0,0,1,1,37.0,,voiture,,5,2,1,1,6
202300004896,2023-03-25 09:35:00,2023,3,25,9,35,50,50239,Rue Saint Martin,49.126139,-1.165358,Plein jour,En agglomération,Hors intersection,Normale,Deux véhicules - côté,3,2,2,0,1,1,1,9,1,50,2,2,1,0,0,1,79.0,68.0,voiture,voiture,1,2,1,1,3
202300004897,2023-04-07 12:45:00,2023,4,7,12,45,44,44109,23 Boulevard Luc Olivier Merson,47.22362354,-1.57329165,Plein jour,En agglomération,Hors intersection,Temps couvert,Autre collision,4,2,2,2,1,1,1,0,1,50,1,2,1,0,0,1,36.0,,deux_roues,,1,2,1,8,6
202300004898,2023-07-08 11:56:00,2023,7,8,11,56,57,57591,POINCARE (RUE RAYMOND),49.25653,6.1065,Plein jour,En agglomération,Giratoire,Normale,Deux véhicules - côté,3,1,2,0,1,1,1,0,1,50,2,2,1,0,1,0,27.0,50.0,voiture,deux_roues,1,2,6,1,3
202300004898,2023-07-08 11:56:00,2023,7,8,11,56,57,57591,POINCARE (RUE RAYMOND),49.25653,6.1065,Plein jour,En agglomération,Giratoire,Normale,Deux véhicules - côté,3,1,2,0,1,1,1,0,1,50,2,2,1,0,1,0,27.0,50.0,voiture,deux_roues,1,2,6,1,3
202300004899,2023-04-07 10:30:00,2023,4,7,10,30,44,44109,6 Rue Gigant,47.2144791,-1.568503,Plein jour,En agglomération,Hors intersection,Temps couvert,Deux véhicules - côté,4,2,2,0,1,1,1,0,1,30,2,2,1,0,0,1,24.0,48.0,deux_roues,voiture,1,2,1,8,3
202300004900,2023-03-25 11:25:00,2023,3,25,11,25,30,30269,La Bigore,44.112791,3.857676,Plein jour,Hors agglomération,Intersection en Y,Normale,Deux véhicules - côté,3,2, -1,0,2,3,1,0,1,-1,2,3,2,0,1,0,56.0,25.0,voiture,deux_roues,1,1,4,1,3
202300004900,2023-03-25 11:25:00,2023,3,25,11,25,30,30269,La Bigore,44.112791,3.857676,Plein jour,Hors agglomération,Intersection en Y,Normale,Deux véhicules - côté,3,2,2,0,1,3,1,0,1,80,2,3,2,0,1,0,56.0,25.0,voiture,deux_roues,1,1,4,1,3
202300004901,2023-06-07 17:45:00,2023,6,7,17,45,62,62883,D99,50.41472657,2.2926271,Plein jour,Hors agglomération,Hors intersection,Normale,Sans collision,3,2,2,0,1,1,1,0,3,80,1,2,1,0,1,0,26.0,,voiture,,1,1,1,1,7
202300004902,2023-04-06 16:30:00,2023,4,6,16,30,44,44109,110 boulevard du Massacre,47.23148202,-1.59268231,Plein jour,En agglomération,Hors intersection,Temps couvert,Autre collision,4,2,2,0,1,1,1,0,1,50,1,2,1,0,1,0,42.0,,voiture,,1,2,1,8,6
202300004903,2023-07-10 17:36:00,2023,7,10,17,36,56,56121,MULLER ( DU COLONEL JEAN ),47.76596,-3.40071,Plein jour,En agglomération,Giratoire,Normale,Deux véhicules - côté,4,2,2,2,2,1,1,5,5,30,2,3,2,0,0,1,51.0,28.0,voiture,deux_roues,1,2,6,1,3
202300004903,2023-07-10 17:36:00,2023,7,10,17,36,56,56121,MULLER ( DU COLONEL JEAN ),47.76596,-3.40071,Plein jour,En agglomération,Giratoire,Normale,Deux véhicules - côté,4,2,2,0,1,1,1,5,1,30,2,3,2,0,0,1,51.0,28.0,voiture,deux_roues,1,2,6,1,3
202300004904,2023-04-04 08:45:00,2023,4,4,8,45,44,44109,Rue Félix Eboué,47.21135493,-1.55801353,Plein jour,En agglomération,Hors intersection,Temps couvert,Deux véhicules - frontale,4,2,2,2,1,2,1,0,1,30,2,2,1,0,0,1,51.0,50.0,deux_roues,voiture,1,2,1,8,1
202300004905,2023-06-07 09:45:00,2023,6,7,9,45,56,56231,,47.692346,-2.63821,Plein jour,Hors agglomération,Hors intersection,Normale,Deux véhicules - côté,2,3,4,0,1,1,1,3,1,110,2,2,1,0,1,0,60.0,21.0,voiture,voiture,1,1,1,1,3
202300004906,2023-07-11 16:50:00,2023,7,11,16,50,49,49007,GATS,47.47431,-0.51589,Plein jour,En agglomération,Giratoire,Normale,Deux véhicules - côté,4,2,2,0,1,3,1,0,1,50,2,2,1,0,0,1,33.0,26.0,voiture,deux_roues,1,2,6,1,3
202300004906,2023-07-11 16:50:00,2023,7,11,16,50,49,49007,GATS,47.47431,-0.51589,Plein jour,En agglomération,Giratoire,Normale,Deux véhicules - côté,4,2,2,0,1,3,1,0,1,50,2,2,1,0,0,1,33.0,26.0,voiture,deux_roues,1,2,6,1,3
202300004907,2023-04-01 06:24:00,2023,4,1,6,24,44,44109,5 Allée de l'Ile Gloriette,47.21114822,-1.55753216,Nuit avec éclairage allumé,En agglomération,Hors intersection,Temps couvert,Autre collision,4,2,2,0,1,1,1,0,1,50,1,2,0,0,1,1,24.0,,voiture,,5,2,1,8,6
202300004908,2023-03-30 14:25:00,2023,3,30,14,25,44,44109,Boulevard de Stalingrad,47.21964962,-1.53309731,Plein jour,En agglomération,Autre intersection,Temps couvert,Autre collision,4,2,2,2,1,1,1,4,6,-1,1,2,1,0,0,1,40.0,,transport_commun,,1,2,9,8,6
202300004909,2023-07-12 19:40:00,2023,7,12,19,40,44,44109,Pont Georges Clemenceau,47.201804,-1.53515,Plein jour,En agglomération,Hors intersection,Normale,Deux véhicules - arrière,4,2,0,0,1,1,1,2,1,50,2,2,1,0,0,1,21.0,57.0,deux_roues,voiture,1,2,1,1,2
202300004910,2023-03-25 04:30:00,2023,3,25,4,30,30,30333,A9 Pk 64+700 sens Montpellier-Nimes,43.75414,4.258211,Nuit sans éclairage public,Hors agglomération,Hors intersection,Normale,Trois véhicules et plus - en chaîne,1,3,3,0,1,1,1,0,1,130,3,8,5,3,0,0,52.0,54.0,voiture,voiture,3,1,1,1,4
202300004911,2023-06-08 18:50:00,2023,6,8,18,50,82,82112,3bis Côte Saint-Laurent,44.106701,1.083285,Plein jour,En agglomération,Hors intersection,Normale,Deux véhicules - frontale,3,2,2,0,4,1,1,0,1,50,2,2,1,0,1,0,48.0,55.0,voiture,deux_roues,1,2,1,1,1
202300004912,2023-06-16 19:30:00,2023,6,16,19,30,44,44109,Cours des 50 Otages,47.219716,-1.555647,Plein jour,En agglomération,Hors intersection,Normale,Autre collision,4,3,2,1,1,1,1,0,1,30,1,2,1,0,0,1,59.0,,transport_commun,,1,2,1,1,6
202300004913,2023-03-28 08:51:00,2023,3,28,8,51,44,44109,Prairie des Mauves,47.22345462,-1.50172578,Plein jour,En agglomération,Hors intersection,Temps couvert,Deux véhicules - côté,4,2,2,0,1,2,1,0,1,50,2,2,1,0,0,1,64.0,58.0,voiture,deux_roues,1,2,1,8,3
202300004914,2023-03-24 13:30:00,2023,3,24,13,30,976,97605,avenue du collège,-12.832631,45.118975,Plein jour,En agglomération,Hors intersection,Normale,Autre collision,3,2,2,0,1,1,1,0,4,50,1,4,1,1,1,1,48.0,,voiture,,1,2,1,1,6
202300004915,2023-03-26 11:45:00,2023,3,26,11,45,44,44020,,47.17933899,-1.60479435,Plein jour,Hors agglomération,,Temps couvert,Autre collision,2,2,4,0,1,2,1,0,1,70,1,1,0,0,0,1,43.0,,voiture,,1,1,-1,8,6
202300004916,2023-06-07 14:00:00,2023,6,7,14,0,65,65031,D929 PK50,42.918296,0.363171,Plein jour,Hors agglomération,Hors intersection,Normale,Deux véhicules - côté,3,2,3,0,1,3,9,0,1,90,2,2,1,0,0,1,49.0,19.0,voiture,voiture,1,1,1,1,3
202300004917,2023-07-11 19:40:00,2023,7,11,19,40,42,42218,Place Jean et Hippolyte Vial,45.43576,4.43769,Plein jour,En agglomération,Intersection en X,Normale,Deux véhicules - côté,4,2,2,0,1,1,1,0,1,50,2,2,1,0,0,1,45.0,52.0,deux_roues,voiture,1,2,2,1,3
202300004917,2023-07-11 19:40:00,2023,7,11,19,40,42,42218,Place Jean et Hippolyte Vial,45.43576,4.43769,Plein jour,En agglomération,Intersection en X,Normale,Deux véhicules - côté,4,2,2,0,1,1,1,0,1,50,2,2,1,0,0,1,45.0,52.0,deux_roues,voiture,1,2,2,1,3
202300004918,2023-03-26 01:00:00,2023,3,26,1,0,44,44162,Rue de la Rousselière,47.2391721,-1.64222967,Nuit sans éclairage public,Hors agglomération,Hors intersection,Normale,Autre collision,4,2,2,0,1,1,1,0,1,50,1,2,1,0,0,1,,,voiture,,3,1,1,1,6
202300004919,2023-06-08 16:45:00,2023,6,8,16,45,71,71107,grand route,46.837114,4.663417,Plein jour,Hors agglomération,Hors intersection,Normale,Deux véhicules - frontale,3,2,2,0,2,4,1,0,1,50,2,2,1,0,0,1,46.0,71.0,deux_roues,voiture,1,1,1,1,1
202300004920,2023-03-24 17:15:00,2023,3,24,17,15,988,98830,Kongouma (Tribu),-20.756967,165.115542,Plein jour,Hors agglomération,Hors intersection,Normale,Autre collision,3,2,2,0,2,1,1,0,3,110,1,5,1,1,2,1,43.0,,voiture,,1,1,1,1,6
202300004921,2023-03-25 20:45:00,2023,3,25,20,45,44,44109,62 Boulevard Jules Verne,47.23869083,-1.53186433,Plein jour,En agglomération,Hors intersection,Temps couvert,Autre collision,4,2,2,2,1,1,1,0,3,50,1,2,1,0,0,1,31.0,,voiture,,1,2,1,8,6
202300004922,2023-07-12 18:44:00,2023,7,12,18,44,38,38185,Boulevard,45.18069,5.71951,Plein jour,En agglomération,Intersection en X,Neige / grêle,Deux véhicules - côté,7,3,0,0,1,1,2,5,1,50,2,3,2,0,0,1,72.0,65.0,voiture,voiture,1,2,2,4,3
202300004922,2023-07-12 18:44:00,2023,7,12,18,44,38,38185,Boulevard,45.18069,5.71951,Plein jour,En agglomération,Intersection en X,Neige / grêle,Deux véhicules - côté,7,2,0,0,1,1,2,5,1,50,2,3,2,0,0,1,72.0,65.0,voiture,voiture,1,2,2,4,3
202300004923,2023-06-08 08:30:00,2023,6,8,8,30,61,61116,VC,48.378088,0.84585,Plein jour,En agglomération,Hors intersection,Normale,Deux véhicules - côté,4,2,2,0,1,1,1,1,1,30,2,2,1,0,1,0,20.0,70.0,utilitaire_camion,deux_roues,1,2,1,1,3
202300004924,2023-03-24 15:30:00,2023,3,24,15,30,972,97224,Rivière Roches,14.684474,-61.016087,Plein jour,En agglomération,Hors intersection,Pluie forte,Deux véhicules - côté,2,2,2,0,4,3,2,0,1,70,2,2,1,0,0,1,47.0,19.0,voiture,deux_roues,1,2,1,3,3
202300004925,2023-03-25 14:00:00,2023,3,25,14,0,44,44190,Rue de la Commune de 1871,47.19922551,-1.50022126,Plein jour,En agglomération,Giratoire,Temps couvert,Deux véhicules - côté,4,2,2,0,1,1,1,5,1,50,2,2,1,0,0,1,23.0,33.0,voiture,deux_roues,1,2,6,8,3
202300004926,2023-07-01 01:20:00,2023,7,1,1,20,38,38421,RUE DU BOURGAMON,45.16553737,5.76080295,Nuit sans éclairage public,En agglomération,Hors intersection,Normale,Sans collision,7,2,2,0,1,3,1,0,4,30,1,2,1,0,1,0,18.0,,voiture,,3,2,1,1,7
202300004927,2023-03-25 09:05:00,2023,3,25,9,5,78,78193,D58,48.712942,1.973231,Plein jour,Hors agglomération,Hors intersection,Normale,Autre collision,3,2,2,0,1,3,1,0,1,80,1,1,0,0,1,0,29.0,,deux_roues,,1,1,1,1,6
202300004928,2023-03-24 18:00:00,2023,3,24,18,0,44,44184,150 Boulevard Emile Broodcoorens,47.26662074,-2.24778382,Plein jour,En agglomération,Hors intersection,Temps couvert,Autre collision,4,2,2,3,1,1,1,0,1,50,1,1,0,0,0,1,36.0,,deux_roues,,1,2,1,8,6
202300004929,2023-06-08 17:30:00,2023,6,8,17,30,61,61129,D9,48.478614,0.599098,Plein jour,Hors agglomération,Intersection en T,Normale,Deux véhicules - côté,3,2,2,0,1,1,1,0,1,90,2,3,1,0,1,1,62.0,22.0,voiture,deux_roues,1,1,3,1,3
202300004929,2023-06-08 17:30:00,2023,6,8,17,30,61,61129,D9,48.478614,0.599098,Plein jour,Hors agglomération,Intersection en T,Normale,Deux véhicules - côté,3,2,2,0,1,3,1,0,1,90,2,3,1,0,1,1,62.0,22.0,voiture,deux_roues,1,1,3,1,3
202300004930,2023-07-12 12:45:00,2023,7,12,12,45,37,37261,LOUIS XI (BOULEVARD),47.37495,0.66958,Plein jour,En agglomération,Intersection en T,Normale,Deux véhicules - côté,4,2,2,0,1,1,1,0,1,50,2,3,2,0,0,1,16.0,47.0,deux_roues,voiture,1,2,3,1,3
202300004930,2023-07-12 12:45:00,2023,7,12,12,45,37,37261,LOUIS XI (BOULEVARD),47.37495,0.66958,Plein jour,En agglomération,Intersection en T,Normale,Deux véhicules - côté,4,2,4,2,1,1,1,0,1,50,2,3,2,0,0,1,16.0,47.0,deux_roues,voiture,1,2,3,1,3