accident_id,datetime,annee,mois,jour,heure,minute,departement,commune_insee,adresse,latitude,longitude,luminosite,agglomeration,intersection,meteo,collision,catr,circ,nbv,vosp,prof,plan,surf,infra,situ,vma,nb_vehicules,nb_usagers,nb_indemnes,nb_tues,nb_blesses_hosp,nb_blesses_legers,age_cond_1,age_cond_2,veh_type_cond_1,veh_type_cond_2,lum_code,agg_code,int_code,atm_code,col_code
202300004931,2023-03-21 09:40:00,2023,3,21,9,40,44,44190,119 Route de Clisson,47.19015026,-1.52008631,Plein jour,En agglomération,Hors intersection,Temps couvert,Deux véhicules - frontale,4,2,2,2,1,1,1,0,1,50,2,2,1,0,0,1,55.0,51.0,voiture,voiture,1,2,1,8,1
202300004932,2023-06-08 17:08:00,2023,6,8,17,8,50,50413,Voie de la Liberté,48.608029,-1.380855,Plein jour,En agglomération,Hors intersection,Normale,Autre collision,2,2,0,0,3,1,1,0,1,50,1,2,1,0,1,0,63.0,,utilitaire_camion,,1,2,1,1,6
202300004933,2023-03-24 07:40:00,2023,3,24,7,40,84,84047,Route des Nourrats,43.889566,5.3509,Plein jour,Hors agglomération,Intersection en X,Normale,Autre collision,4,2, -1,-1,1,1,1,0,1,-1,2,2,1,0,0,1,71.0,,voiture,,1,1,2,1,6
202300004933,2023-03-24 07:40:00,2023,3,24,7,40,84,84047,Route des Nourrats,43.889566,5.3509,Plein jour,Hors agglomération,Intersection en X,Normale,Autre collision,4,2,2,0,1,1,1,5,1,80,2,2,1,0,0,1,71.0,,voiture,,1,1,2,1,6
202300004934,2023-07-12 14:55:00,2023,7,12,14,55,35,35238,,48.097683,-1.67301849,Plein jour,En agglomération,Intersection en T,Normale,Deux véhicules - côté,4,2,2,0,1,1,1,6,1,50,2,2,1,0,0,1,28.0,48.0,voiture,deux_roues,1,2,3,1,3
202300004934,2023-07-12 14:55:00,2023,7,12,14,55,35,35238,,48.097683,-1.67301849,Plein jour,En agglomération,Intersection en T,Normale,Deux véhicules - côté,4,2,2,0,1,1,1,0,1,50,2,2,1,0,0,1,28.0,48.0,voiture,deux_roues,1,2,3,1,3
202300004935,2023-03-20 08:00:00,2023,3,20,8,0,44,44109,Boulevard du Petit Port,47.24344039,-1.55682017,Plein jour,En agglomération,Giratoire,Temps couvert,Deux véhicules - côté,4,2,2,2,1,3,1,5,1,50,2,2,1,0,0,1,45.0,60.0,utilitaire_camion,deux_roues,1,2,6,8,3
202300004936,2023-06-07 18:10:00,2023,6,7,18,10,64,64499,28 Avenue des Docteurs Foix,43.473485,-0.920271,Plein jour,En agglomération,Hors intersection,Normale,Autre collision,3,2,2,0,1,1,1,0,1,30,1,2,1,0,0,1,29.0,,voiture,,1,2,1,1,6
202300004937,2023-03-25 10:00:00,2023,3,25,10,0,06,06101,D6202,43.950019,6.987262,Plein jour,Hors agglomération,Hors intersection,Normale,Deux véhicules - arrière,3,2,2,0,1,1,1,0,1,70,2,2,1,0,0,1,59.0,72.0,utilitaire_camion,voiture,1,1,1,1,2
202300004938,2023-07-11 16:12:00,2023,7,11,16,12,34,34032,38 Boulevard de Verdun,43.33634,3.22288,Plein jour,En agglomération,Hors intersection,Normale,Autre collision,4,2,3,2,1,2,1,5,1,50,2,2,1,0,1,0,37.0,79.0,transport_commun,deux_roues,1,2,1,1,6
202300004939,2023-06-08 12:00:00,2023,6,8,12,0,07,07128,Route de Rochepaule,45.10499124,4.50959532,Plein jour,Hors agglomération,Hors intersection,Temps éblouissant,Autre collision,3,2,2,0,1,3,1,0,3,80,1,1,0,0,1,0,78.0,,voiture,,1,1,1,7,6
202300004940,2023-03-13 09:45:00,2023,3,13,9,45,44,44109,39 Rue Vidie,47.23390175,-1.56297068,Plein jour,En agglomération,Intersection en X,Temps couvert,Deux véhicules - côté,4,2,2,0,1,1,1,5,1,30,2,2,0,0,0,2,40.0,57.0,deux_roues,voiture,1,2,2,8,3
202300004940,2023-03-13 09:45:00,2023,3,13,9,45,44,44109,39 Rue Vidie,47.23390175,-1.56297068,Plein jour,En agglomération,Intersection en X,Temps couvert,Deux véhicules - côté,4,2,2,2,1,1,1,5,1,50,2,2,0,0,0,2,40.0,57.0,deux_roues,voiture,1,2,2,8,3
202300004941,2023-07-12 11:15:00,2023,7,12,11,15,33,33529,MAGRETTE (CH. DE LA),44.63415,-1.12792,Plein jour,En agglomération,Hors intersection,Temps couvert,Deux véhicules - frontale,4,2,2,1,1,3,1,0,1,30,2,2,1,0,0,1,64.0,41.0,deux_roues,deux_roues,1,2,1,8,1
202300004942,2023-03-24 23:00:00,2023,3,24,23,0,71,71307,PR 013+0071 - Route du marais,46.376192,4.033028,Nuit sans éclairage public,Hors agglomération,Hors intersection,Normale,Deux véhicules - frontale,3,2,2,0,1,1,1,0,1,80,2,2,0,0,1,1,30.0,35.0,voiture,voiture,3,1,1,1,1
202300004943,2023-06-07 12:30:00,2023,6,7,12,30,27,27284,11 Rue du Pré de l’Empereur,49.28646,1.794182,Plein jour,En agglomération,Hors intersection,Normale,Autre collision,4,2,2,0,1,1,1,0,4,50,1,1,0,1,0,0,54.0,,voiture,,1,2,1,1,6
202300004944,2023-03-13 19:48:00,2023,3,13,19,48,44,44109,69 Avenue du Bout des Landes,47.26190706,-1.57953974,Plein jour,En agglomération,Intersection en T,Normale,Deux véhicules - côté,4,2,2,0,1,1,1,5,1,30,2,2,1,0,0,1,31.0,17.0,voiture,deux_roues,1,2,3,1,3
202300004944,2023-03-13 19:48:00,2023,3,13,19,48,44,44109,69 Avenue du Bout des Landes,47.26190706,-1.57953974,Plein jour,En agglomération,Intersection en T,Normale,Deux véhicules - côté,4,2,2,2,1,1,1,5,1,50,2,2,1,0,0,1,31.0,17.0,voiture,deux_roues,1,2,3,1,3
202300004945,2023-07-13 00:30:00,2023,7,13,0,30,31,31149,FORT (RUE DU),43.61376,1.33706,Nuit avec éclairage allumé,En agglomération,Place,Temps couvert,Deux véhicules - frontale,4,1,1,0,4,1,1,0,1,50,2,2,1,0,0,1,,37.0,autre,deux_roues,5,2,7,8,1
202300004946,2023-02-03 16:00:00,2023,2,3,16,0,12,12243,D992,44.029082,2.964805,Plein jour,Hors agglomération,Hors intersection,Normale,Sans collision,3,2, -1,0,2,4,1,0,1,90,1,1,0,1,0,0,68.0,,deux_roues,,1,1,1,1,7
202300004947,2023-06-08 07:55:00,2023,6,8,7,55,17,17480,D117,46.140396,-0.854509,Plein jour,Hors agglomération,Hors intersection,Normale,Deux véhicules - frontale,3,2,2,0,2,1,1,0,1,80,2,2,1,0,1,0,55.0,56.0,deux_roues,voiture,1,1,1,1,1
202300004948,2023-03-24 18:30:00,2023,3,24,18,30,71,71556,D906,46.272102,4.798338,Plein jour,En agglomération,Hors intersection,Normale,Deux véhicules - arrière,3,2,2,0,1,1,1,0,1,50,2,5,3,0,0,2,29.0,23.0,voiture,voiture,1,2,1,1,2
202300004949,2023-07-12 09:50:00,2023,7,12,9,50,31,31483,D 5,43.13066,0.723919,Plein jour,Hors agglomération,Hors intersection,Normale,Deux véhicules - arrière,3,2,2,0,2,1,1,0,1,80,2,2,1,0,0,1,60.0,76.0,deux_roues,utilitaire_camion,1,1,1,1,2
202300004950,2023-11-30 18:00:00,2023,11,30,18,0,43,43002,Avenue de Bonneville,45.05042,3.88544,Nuit avec éclairage allumé,En agglomération,Hors intersection,Pluie forte,Autre collision,3,2,2,0,1,1,2,0,1,50,1,2,1,0,0,1,88.0,,voiture,,5,2,1,3,6
202300004951,2023-06-08 09:05:00,2023,6,8,9,5,87,87097,D951,46.103381,0.87425,Plein jour,Hors agglomération,Hors intersection,Normale,Autre collision,3,2,2,0,2,1,1,0,3,90,1,2,0,0,1,1,30.0,,voiture,,1,1,1,1,6
202300004952,2023-07-12 14:07:00,2023,7,12,14,7,17,17415,ANCIENNE CASERNE PASSAGE DE,45.74469,-0.6228,Plein jour,En agglomération,Hors intersection,Normale,Autre collision,6,-1, -1,0,1,1,1,0,6,-1,1,2,1,1,0,0,51.0,,utilitaire_camion,,1,2,1,1,6
202300004953,2023-03-25 03:45:00,2023,3,25,3,45,88,88086,20 Rue du 5 Septembre 1944,48.195466,6.720876,Nuit avec éclairage non allumé,En agglomération,Hors intersection,Normale,Sans collision,3,2,2,0,2,1,2,0,1,50,1,2,1,0,1,0,22.0,,voiture,,4,2,1,1,7
202300004954,2023-12-14 09:00:00,2023,12,14,9,0,43,43157,12 Boulevard Docteur Chantemesse,45.05146,3.87802,Plein jour,En agglomération,Hors intersection,Temps couvert,Deux véhicules - côté,6,-1, -1,0,1,1,2,0,1,30,2,2,1,0,0,1,24.0,37.0,voiture,deux_roues,1,2,1,8,3
202300004955,2023-06-07 17:10:00,2023,6,7,17,10,30,30012,,43.901019,4.699627,Plein jour,Hors agglomération,Giratoire,Normale,Deux véhicules - arrière,3,2,2,0,1,1,1,0,1,80,2,2,1,0,0,1,34.0,66.0,voiture,deux_roues,1,1,6,1,2
202300004956,2023-03-25 09:45:00,2023,3,25,9,45,54,54318,56 Route de Pompey,48.750799,6.075522,Plein jour,En agglomération,Hors intersection,Vent fort / tempête,Autre collision,4,2,2,0,2,2,2,0,4,30,1,1,0,0,1,0,16.0,,deux_roues,,1,2,1,6,6
202300004957,2023-06-08 16:00:00,2023,6,8,16,0,13,13024,D67,43.700148,5.249426,Plein jour,Hors agglomération,Hors intersection,Normale,Deux véhicules - frontale,3,2,2,0,2,4,1,0,1,80,2,2,1,0,1,0,25.0,47.0,deux_roues,utilitaire_camion,1,1,1,1,1
202300004958,2023-12-14 08:00:00,2023,12,14,8,0,43,43089,36 Avenue du Puy_,45.045269,3.873723,Plein jour,En agglomération,Hors intersection,Pluie légère,Trois véhicules et plus - en chaîne,3,2,2,0,1,1,2,0,1,50,3,4,2,0,0,2,60.0,36.0,voiture,voiture,1,2,1,2,4
202300004959,2023-07-12 17:00:00,2023,7,12,17,0,17,17306,Rue Emile Gaboriau,45.627107,-1.012362,Plein jour,En agglomération,Intersection en Y,Normale,Trois véhicules et plus - en chaîne,4,-1,2,0,1,1,1,0,1,50,3,4,2,0,0,2,84.0,79.0,voiture,voiture,1,2,4,1,4
202300004959,2023-07-12 17:00:00,2023,7,12,17,0,17,17306,Rue Emile Gaboriau,45.627107,-1.012362,Plein jour,En agglomération,Intersection en Y,Normale,Trois véhicules et plus - en chaîne,4,2, -1,-1,1,1,1,0,1,50,3,4,2,0,0,2,84.0,79.0,voiture,voiture,1,2,4,1,4
202300004960,2023-03-25 06:45:00,2023,3,25,6,45,63,63470,D450,45.84624025,3.04571271,Plein jour,Hors agglomération,Hors intersection,Normale,Sans collision,3,2,2,0,2,3,2,0,3,90,1,1,0,1,0,0,23.0,,voiture,,1,1,1,1,7
202300004961,2023-03-10 17:15:00,2023,3,10,17,15,44,44109,80 Boulevard Joliot Curie,47.19394072,-1.53128636,Plein jour,En agglomération,Hors intersection,Normale,Autre collision,4,2,2,0,1,1,1,0,1,50,2,2,1,0,0,1,21.0,58.0,deux_roues,voiture,1,2,1,1,6
202300004962,2023-06-07 14:55:00,2023,6,7,14,55,01,01303,A40 Pk 136.400,46.097125,5.426173,Plein jour,Hors agglomération,Hors intersection,Normale,Deux véhicules - arrière,1,3,3,3,2,1,1,8,1,70,2,3,1,0,0,2,40.0,41.0,voiture,voiture,1,1,1,1,2
202300004963,2023-07-12 08:20:00,2023,7,12,8,20,13,13071,ROUTE NATIONALE 368 (VILLAGE),43.40805,5.30898,Plein jour,En agglomération,Intersection en T,Normale,Deux véhicules - arrière,3,2,2,0,1,1,1,0,1,50,2,2,1,0,0,1,28.0,27.0,deux_roues,voiture,1,2,3,1,2
202300004963,2023-07-12 08:20:00,2023,7,12,8,20,13,13071,ROUTE NATIONALE 368 (VILLAGE),43.40805,5.30898,Plein jour,En agglomération,Intersection en T,Normale,Deux véhicules - arrière,3,2,2,0,1,1,1,0,1,50,2,2,1,0,0,1,28.0,27.0,deux_roues,voiture,1,2,3,1,2
202300004964,2023-03-25 13:25:00,2023,3,25,13,25,38,38135,D1075,45.74288,5.404673,Plein jour,Hors agglomération,Hors intersection,Normale,Deux véhicules - frontale,3,2,2,0,1,1,1,0,1,90,2,2,0,1,1,0,41.0,39.0,voiture,voiture,1,1,1,1,1
202300004965,2023-09-25 13:31:00,2023,9,25,13,31,74,74218,DRANSE (RUE DU PONT DE)_,46.3833,6.51231,Plein jour,En agglomération,Giratoire,Normale,Autre collision,4,1,1,0,1,2,1,5,1,50,1,2,1,0,1,0,22.0,,utilitaire_camion,,1,2,6,1,6
202300004965,2023-09-25 13:31:00,2023,9,25,13,31,74,74218,DRANSE (RUE DU PONT DE)_,46.3833,6.51231,Plein jour,En agglomération,Giratoire,Normale,Autre collision,4,2,2,0,1,1,1,5,1,50,1,2,1,0,1,0,22.0,,utilitaire_camion,,1,2,6,1,6
202300004966,2023-07-12 02:15:00,2023,7,12,2,15,13,13208,MENDES FRANCE (AVENUE),43.24958,5.37515,Nuit sans éclairage public,En agglomération,Hors intersection,Normale,Autre collision,4,1,4,0,1,1,1,0,1,50,1,3,0,0,0,3,23.0,,deux_roues,,3,2,1,1,6
202300004967,2023-06-01 08:10:00,2023,6,1,8,10,69,69244,Avenue Victor Hugo,45.766707,4.784621,Plein jour,En agglomération,Intersection en T,Normale,Sans collision,4,2,2,2,2,1,1,0,5,30,1,1,0,0,0,1,26.0,,deux_roues,,1,2,3,1,7
202300004967,2023-06-01 08:10:00,2023,6,1,8,10,69,69244,Avenue Victor Hugo,45.766707,4.784621,Plein jour,En agglomération,Intersection en T,Normale,Sans collision,4,2,3,2,2,1,1,0,5,50,1,1,0,0,0,1,26.0,,deux_roues,,1,2,3,1,7
202300004968,2023-03-24 14:15:00,2023,3,24,14,15,17,17336,18bis Impasse des Nourauds,45.777173,-0.723639,Plein jour,En agglomération,Intersection en T,Normale,Deux véhicules - côté,3,2,2,0,2,1,1,0,1,90,2,2,1,0,1,0,28.0,57.0,deux_roues,utilitaire_camion,1,2,3,1,3
202300004968,2023-03-24 14:15:00,2023,3,24,14,15,17,17336,18bis Impasse des Nourauds,45.777173,-0.723639,Plein jour,En agglomération,Intersection en T,Normale,Deux véhicules - côté,3,2,2,0,2,1,1,0,1,90,2,2,1,0,1,0,28.0,57.0,deux_roues,utilitaire_camion,1,2,3,1,3
202300004969,2023-06-15 13:30:00,2023,6,15,13,30,13,13213,FRANÇOIS MIGNET (AVENUE),43.33033,5.42721,Plein jour,En agglomération,Hors intersection,Normale,Autre collision,4,3,3,0,2,1,1,0,1,50,1,2,1,0,0,1,48.0,,voiture,,1,2,1,1,6
202300004970,2023-06-08 17:25:00,2023,6,8,17,25,53,53108,Intersection D57 et D168,48.073147,-1.011611,Plein jour,Hors agglomération,Intersection en T,Normale,Deux véhicules - côté,3,2,2,0,1,1,1,0,1,50,2,2,1,1,0,0,84.0,59.0,voiture,utilitaire_camion,1,1,3,1,3
202300004970,2023-06-08 17:25:00,2023,6,8,17,25,53,53108,Intersection D57 et D168,48.073147,-1.011611,Plein jour,Hors agglomération,Intersection en T,Normale,Deux véhicules - côté,3,2,2,0,4,2,1,5,1,70,2,2,1,1,0,0,84.0,59.0,voiture,utilitaire_camion,1,1,3,1,3
202300004971,2023-07-12 20:20:00,2023,7,12,20,20,10,10387,GEORGES POMPIDOU (RUE),48.28798,4.08118,Plein jour,En agglomération,Giratoire,Normale,Sans collision,4,2,4,0,1,1,1,5,1,50,1,1,0,0,0,1,19.0,,deux_roues,,1,2,6,1,7
202300004971,2023-07-12 20:20:00,2023,7,12,20,20,10,10387,GEORGES POMPIDOU (RUE),48.28798,4.08118,Plein jour,En agglomération,Giratoire,Normale,Sans collision,4,2,4,0,1,1,1,5,1,50,1,1,0,0,0,1,19.0,,deux_roues,,1,2,6,1,7
202300004972,2023-03-24 16:00:00,2023,3,24,16,0,35,35292,L'Esconnerie,48.36806325,-1.42710418,Plein jour,Hors agglomération,Hors intersection,Normale,Deux véhicules - frontale,3,2,2,0,1,3,2,0,1,80,2,2,1,1,0,0,49.0,32.0,utilitaire_camion,utilitaire_camion,1,1,1,1,1
202300004973,2023-06-08 07:30:00,2023,6,8,7,30,38,38348,A43 - PK 39-800,45.571725,5.321374,Plein jour,Hors agglomération,Hors intersection,Normale,Deux véhicules - arrière,1,3,3,0,1,1,1,0,1,130,2,2,1,0,0,1,31.0,70.0,utilitaire_camion,voiture,1,1,1,1,2
202300004974,2023-07-12 13:36:00,2023,7,12,13,36,10,10333,CHARLES DE REFUGE (RUE),48.28279,4.05541,Plein jour,En agglomération,Hors intersection,Normale,Autre collision,4,1,1,0,1,1,1,0,1,50,1,2,1,0,0,1,68.0,,voiture,,1,2,1,1,6
202300004975,2023-03-24 18:52:00,2023,3,24,18,52,60,60139,Place de l’Eglise,49.16624331,2.24586618,Plein jour,En agglomération,Hors intersection,Pluie légère,Autre collision,4,1,2,0,1,3,2,0,1,30,1,2,1,0,0,1,55.0,,voiture,,1,2,1,2,6
202300004976,2023-11-20 08:00:00,2023,11,20,8,0,74,74105,66 Avenue de geneve,46.304198,6.296964,Crépuscule ou aube,En agglomération,Hors intersection,Normale,Autre collision,3,2,2,0,1,1,1,0,4,50,1,21,20,0,1,0,71.0,,transport_commun,,2,2,1,1,6
202300004977,2023-06-03 17:30:00,2023,6,3,17,30,33,33229,Cd106,44.77789528,-1.03359461,Plein jour,Hors agglomération,Hors intersection,Normale,Deux véhicules - arrière,3,3,2,0,1,1,1,0,1,110,2,3,1,0,0,2,29.0,30.0,voiture,deux_roues,1,1,1,1,2
202300004978,2023-07-08 17:50:00,2023,7,8,17,50,07,07070,ROUTE DEPARTEMENTALE 86,44.9792,4.85056,Plein jour,Hors agglomération,Hors intersection,Normale,Deux véhicules - arrière,3,2,2,0,1,1,1,0,1,90,2,3,2,0,0,1,27.0,42.0,voiture,utilitaire_camion,1,1,1,1,2
202300004979,2023-12-13 11:43:00,2023,12,13,11,43,74,74296,,46.080345,6.053635,Plein jour,Hors agglomération,Hors intersection,Pluie légère,Sans collision,3,2,2,0,1,1,2,0,8,80,1,1,0,0,0,1,20.0,,voiture,,1,1,1,2,7
202300004980,2023-03-25 17:20:00,2023,3,25,17,20,02,02555,,48.953621,3.329308,Plein jour,Hors agglomération,Hors intersection,Normale,Sans collision,3,2,2,0,3,3,1,0,1,80,1,1,0,0,1,0,46.0,,deux_roues,,1,1,1,1,7
202300004981,2023-07-12 17:15:00,2023,7,12,17,15,06,06027,PLAGE BOULEVARD DE LA,43.65327,7.1553,Plein jour,En agglomération,Hors intersection,Normale,Deux véhicules - arrière,7,3,2,0,1,1,1,0,1,50,2,3,1,0,0,2,32.0,57.0,voiture,deux_roues,1,2,1,1,2
202300004982,2023-08-22 17:45:00,2023,8,22,17,45,74,74281,MARTINET (CHEMIN DU)_,46.36389,6.47619,Plein jour,En agglomération,Intersection en X,Normale,Autre collision,4,2,2,0,1,1,1,5,1,50,1,2,1,0,0,1,52.0,,voiture,,1,2,2,1,6
202300004982,2023-08-22 17:45:00,2023,8,22,17,45,74,74281,MARTINET (CHEMIN DU)_,46.36389,6.47619,Plein jour,En agglomération,Intersection en X,Normale,Autre collision,4,1,1,0,1,1,1,5,1,50,1,2,1,0,0,1,52.0,,voiture,,1,2,2,1,6
202300004983,2023-03-18 13:29:00,2023,3,18,13,29,59,59411,D120,50.47949772,3.10458389,Plein jour,En agglomération,Giratoire,Normale,Autre collision,3,2,2,0,3,1,1,5,1,50,1,2,1,0,0,1,53.0,,deux_roues,,1,2,6,1,6
202300004984,2023-06-07 16:50:00,2023,6,7,16,50,988,98808,tribu de BA,-21.18574,165.54464,Crépuscule ou aube,Hors agglomération,Intersection en X,Normale,Autre collision,2,2,2,0,4,2,1,0,3,50,1,3,0,1,1,1,22.0,,voiture,,2,1,2,1,6
202300004984,2023-06-07 16:50:00,2023,6,7,16,50,988,98808,tribu de BA,-21.18574,165.54464,Crépuscule ou aube,Hors agglomération,Intersection en X,Normale,Autre collision,2,2,2,0,1,1,1,-1,3,-1,1,3,0,1,1,1,22.0,,voiture,,2,1,2,1,6
202300004985,2023-06-08 00:30:00,2023,6,8,0,30,971,97128,Bouliqui,16.257928,-61.455041,Nuit avec éclairage allumé,Hors agglomération,Giratoire,Normale,Autre collision,3,2,2,0,1,2,1,0,4,50,1,1,0,0,0,1,35.0,,voiture,,5,1,6,1,6
202300004986,2023-07-12 00:40:00,2023,7,12,0,40,05,05061,JEAN MACE ( RUE ),44.55836,6.06992,Nuit avec éclairage non allumé,En agglomération,Hors intersection,Normale,Deux véhicules - frontale,4,2,2,0,2,1,1,0,1,50,2,2,1,0,0,1,49.0,32.0,voiture,voiture,4,2,1,1,1
202300004987,2023-03-09 15:20:00,2023,3,9,15,20,44,44109,15 Rue Louis Blanc,47.20645241,-1.55483197,Plein jour,En agglomération,Hors intersection,Temps couvert,Deux véhicules - arrière,4,2,2,2,1,1,1,5,1,50,2,3,2,0,0,1,70.0,38.0,voiture,voiture,1,2,1,8,2
202300004988,2023-01-28 18:50:00,2023,1,28,18,50,13,13213,A507 sens Marseille - Aubagne,43.32828784,5.41725594,Nuit avec éclairage allumé,Hors agglomération,Hors intersection,Normale,Deux véhicules - arrière,1,3,2,0,1,1,1,1,1,70,2,2,1,0,0,1,,28.0,voiture,voiture,5,1,1,1,2
202300004989,2023-06-07 18:25:00,2023,6,7,18,25,28,28096,D115.2,48.892388,1.484742,Plein jour,Hors agglomération,Hors intersection,Normale,Deux véhicules - frontale,3,2,2,0,2,4,1,0,1,80,2,2,1,0,1,0,44.0,26.0,deux_roues,voiture,1,1,1,1,1
202300004990,2023-03-24 20:00:00,2023,3,24,20,0,69,69029,Route Départementale 383,45.74342,4.90586,Nuit sans éclairage public,Hors agglomération,Hors intersection,Normale,Autre collision,7,3,8,0,1,1,1,0,1,70,1,3,1,0,0,2,23.0,,voiture,,3,1,1,1,6
202300004991,2023-07-11 23:50:00,2023,7,11,23,50,75,75119,PORTE D AUBERVILLIERS,48.90017259,2.37638891,Nuit avec éclairage allumé,En agglomération,Intersection en Y,Normale,Trois véhicules et plus - en chaîne,4,1,2,0,1,1,1,0,1,50,3,4,1,0,0,3,31.0,31.0,voiture,utilitaire_camion,5,2,4,1,4
202300004991,2023-07-11 23:50:00,2023,7,11,23,50,75,75119,PORTE D AUBERVILLIERS,48.90017259,2.37638891,Nuit avec éclairage allumé,En agglomération,Intersection en Y,Normale,Trois véhicules et plus - en chaîne,4,1,4,0,1,1,1,0,1,70,3,4,1,0,0,3,31.0,31.0,voiture,utilitaire_camion,5,2,4,1,4
202300004992,2023-03-09 14:30:00,2023,3,9,14,30,44,44109,Cours des 50 Otages,47.21739457,-1.55707353,Plein jour,En agglomération,Hors intersection,Temps couvert,Autre collision,4,2,2,1,1,1,1,5,1,-1,1,2,1,0,0,1,48.0,,voiture,,1,2,1,8,6
202300004993,2023-06-07 19:28:00,2023,6,7,19,28,77,77183,D603,48.950803,3.126528,Plein jour,En agglomération,Hors intersection,Normale,Autre collision,3,2,2,0,2,1,1,0,1,50,1,2,1,0,1,0,56.0,,utilitaire_camion,,1,2,1,1,6
202300004994,2023-07-10 21:50:00,2023,7,10,21,50,75,75119,PORTE DE PANTIN,48.8835,2.399945,Nuit avec éclairage allumé,En agglomération,Hors intersection,Normale,Sans collision,4,1,4,0,1,1,1,0,1,70,1,1,0,0,0,1,34.0,,deux_roues,,5,2,1,1,7
202300004995,2023-03-08 11:00:00,2023,3,8,11,0,44,44143,,47.15938595,-1.53713983,Plein jour,Hors agglomération,Hors intersection,Temps couvert,Deux véhicules - côté,2,2,4,0,2,1,1,0,1,90,2,2,1,0,0,1,46.0,22.0,voiture,voiture,1,1,1,8,3
202300004996,2023-03-21 17:10:00,2023,3,21,17,10,54,54357,Autoroute A 31,48.720543,6.167568,Plein jour,Hors agglomération,Hors intersection,Normale,Deux véhicules - côté,1,1,2,0,1,1,1,0,1,90,2,2,1,0,0,1,24.0,54.0,voiture,voiture,1,1,1,1,3
202300004997,2023-03-08 08:00:00,2023,3,8,8,0,44,44162,boulevard salvador allende,47.2192455,-1.62182392,Plein jour,En agglomération,Giratoire,Pluie légère,Sans collision,4,2,2,0,1,1,2,1,1,50,1,1,0,0,0,1,15.0,,deux_roues,,1,2,6,2,7
202300004998,2023-07-10 09:20:00,2023,7,10,9,20,75,75116,PORTE DAUPHINE,48.869784,2.271684,Plein jour,En agglomération,Hors intersection,Normale,Deux véhicules - arrière,4,1,4,0,1,1,1,0,1,70,2,2,0,0,0,2,43.0,53.0,voiture,voiture,1,2,1,1,2
202300004999,2023-06-07 13:00:00,2023,6,7,13,0,13,13101,Grand Rue,43.404829,5.529934,Plein jour,Hors agglomération,Hors intersection,Normale,Deux véhicules - arrière,3,2,2,0,1,1,1,0,1,50,2,2,1,0,0,1,67.0,42.0,voiture,deux_roues,1,1,1,1,2
202300005000,2023-03-24 17:50:00,2023,3,24,17,50,94,94021,A6A,48.76446314,2.34264628,Plein jour,Hors agglomération,Hors intersection,Pluie légère,Sans collision,1,1,3,0,1,1,2,0,1,110,1,2,0,0,0,2,26.0,,voiture,,1,1,1,2,7
202300005001,2023-12-26 08:45:00,2023,12,26,8,45,83,83123,,43.14312445,5.78852677,Crépuscule ou aube,Hors agglomération,Hors intersection,Temps éblouissant,Deux véhicules - arrière,1,3, -1,-1,2,1,1,0,1,90,2,2,0,0,1,1,64.0,54.0,voiture,voiture,2,1,1,7,2
202300005002,2023-07-12 12:47:00,2023,7,12,12,47,75,75108,BOULEVARD MALESHERBES,48.877778,2.316286,Plein jour,En agglomération,Intersection en X,Normale,Autre collision,4,2,6,2,1,1,1,0,1,50,1,2,1,0,1,0,37.0,,deux_roues,,1,2,2,1,6
202300005002,2023-07-12 12:47:00,2023,7,12,12,47,75,75108,BOULEVARD MALESHERBES,48.877778,2.316286,Plein jour,En agglomération,Intersection en X,Normale,Autre collision,4,2,2,2,2,1,1,0,1,30,1,2,1,0,1,0,37.0,,deux_roues,,1,2,2,1,6
202300005003,2023-06-08 15:45:00,2023,6,8,15,45,07,07324,28 Rue du Doux,45.070112,4.825472,Plein jour,En agglomération,Hors intersection,Normale,Deux véhicules - frontale,4,2,2,0,1,1,1,5,1,50,2,3,1,0,0,2,18.0,27.0,deux_roues,voiture,1,2,1,1,1
202300005004,2023-03-24 16:50:00,2023,3,24,16,50,91,91161,AUTOROUTE A126,48.70908,2.30833,Plein jour,Hors agglomération,Hors intersection,Normale,Deux véhicules - frontale,1,1,1,0,2,3,2,0,1,30,2,2,1,0,0,1,30.0,65.0,utilitaire_camion,utilitaire_camion,1,1,1,1,1
202300005005,2023-05-24 22:20:00,2023,5,24,22,20,01,01264,RD 936,46.187991,5.119439,Nuit sans éclairage public,Hors agglomération,Hors intersection,Normale,Autre collision,3,2,2,0,2,1,1,0,3,80,1,1,0,0,1,0,29.0,,voiture,,3,1,1,1,6
202300005006,2023-07-10 21:45:00,2023,7,10,21,45,75,75119,BOULEVARD PERIPHERIQUE INTERIEUR NORD  ,48.89990223,2.38529921,Crépuscule ou aube,En agglomération,Intersection en T,Normale,Deux véhicules - arrière,4,1,1,0,1,2,1,0,1,50,2,3,2,0,0,1,29.0,21.0,deux_roues,voiture,2,2,3,1,2
202300005006,2023-07-10 21:45:00,2023,7,10,21,45,75,75119,BOULEVARD PERIPHERIQUE INTERIEUR NORD  ,48.89990223,2.38529921,Crépuscule ou aube,En agglomération,Intersection en T,Normale,Deux véhicules - arrière,4,1,2,0,1,2,1,0,1,50,2,3,2,0,0,1,29.0,21.0,deux_roues,voiture,2,2,3,1,2