accident_id,datetime,annee,mois,jour,heure,minute,departement,commune_insee,adresse,latitude,longitude,luminosite,agglomeration,intersection,meteo,collision,catr,circ,nbv,vosp,prof,plan,surf,infra,situ,vma,nb_vehicules,nb_usagers,nb_indemnes,nb_tues,nb_blesses_hosp,nb_blesses_legers,age_cond_1,age_cond_2,veh_type_cond_1,veh_type_cond_2,lum_code,agg_code,int_code,atm_code,col_code
202300005159,2023-06-06 07:05:00,2023,6,6,7,5,69,69386,Cours Vitton,45.77020508,4.86166281,Plein jour,En agglomération,Intersection en X,Normale,Deux véhicules - côté,4,2,3,3,1,1,1,0,1,30,2,2,0,0,0,2,45.0,45.0,voiture,voiture,1,2,2,1,3
202300005159,2023-06-06 07:05:00,2023,6,6,7,5,69,69386,Cours Vitton,45.77020508,4.86166281,Plein jour,En agglomération,Intersection en X,Normale,Deux véhicules - côté,4,1,2,2,1,1,1,0,1,30,2,2,0,0,0,2,45.0,45.0,voiture,voiture,1,2,2,1,3
202300005160,2023-01-19 15:50:00,2023,1,19,15,50,44,44143,50 Rue Camille Claudel,47.16662524,-1.55185023,Plein jour,En agglomération,Giratoire,Temps couvert,Deux véhicules - frontale,4,2,2,-1,1,1,1,5,1,-1,2,2,1,0,0,1,40.0,32.0,voiture,deux_roues,1,2,6,8,1
202300005161,2023-08-20 11:15:00,2023,8,20,11,15,01,01444,269 rue du Village,45.847402,5.435588,Plein jour,En agglomération,Hors intersection,Normale,Sans collision,3,2,2,0,1,1,1,0,1,50,1,1,0,0,1,0,13.0,,deux_roues,,1,2,1,1,7
202300005162,2023-01-17 15:45:00,2023,1,17,15,45,44,44109,68 Boulevard Eugène Orieux,47.23413914,-1.55331459,Plein jour,En agglomération,Hors intersection,Temps couvert,Autre collision,4,2,2,-1,1,1,1,0,1,50,1,2,1,0,0,1,62.0,,voiture,,1,2,1,8,6
202300005163,2023-08-23 19:50:00,2023,8,23,19,50,64,64109,101 Rue des Pyrénées,43.190311,-0.221277,Plein jour,En agglomération,Hors intersection,Normale,Deux véhicules - frontale,3,2,2,0,1,1,1,0,1,70,2,2,0,0,1,1,37.0,49.0,voiture,voiture,1,2,1,1,1
202300005164,2023-06-05 16:50:00,2023,6,5,16,50,69,69387,Avenue Berthelot,45.74459,4.84393,Plein jour,En agglomération,Intersection en T,Normale,Deux véhicules - côté,4,1,3,3,1,1,1,9,6,30,2,2,1,0,0,1,21.0,39.0,voiture,deux_roues,1,2,3,1,3
202300005164,2023-06-05 16:50:00,2023,6,5,16,50,69,69387,Avenue Berthelot,45.74459,4.84393,Plein jour,En agglomération,Intersection en T,Normale,Deux véhicules - côté,4,1,1,0,1,1,1,0,1,30,2,2,1,0,0,1,21.0,39.0,voiture,deux_roues,1,2,3,1,3
202300005165,2023-08-23 10:00:00,2023,8,23,10,0,85,85054,chateaulong,46.664562,-1.754766,Plein jour,Hors agglomération,Hors intersection,Normale,Sans collision,4,2,2,0,2,1,1,0,8,80,1,1,0,1,0,0,53.0,,voiture,,1,1,1,1,7
202300005166,2023-01-17 12:55:00,2023,1,17,12,55,44,44109,route de carquefou,47.26248298,-1.51636826,Plein jour,En agglomération,Giratoire,Temps couvert,Sans collision,4,2,1,-1,1,1,2,5,1,50,1,1,0,0,0,1,32.0,,deux_roues,,1,2,6,8,7
202300005167,2023-07-13 00:00:00,2023,7,13,0,0,63,63116,A89 PK 355+900 vers Bordeaux,45.96758785,3.0637246,Nuit sans éclairage public,Hors agglomération,Hors intersection,Normale,Deux véhicules - arrière,1,3,6,3,2,1,1,0,6,130,2,2,1,0,1,0,34.0,43.0,voiture,utilitaire_camion,3,1,1,1,2
202300005168,2023-07-09 10:15:00,2023,7,9,10,15,61,61194,A88 PK28+780,48.772581,-0.105979,Plein jour,Hors agglomération,Hors intersection,Normale,Autre collision,1,3,2,0,1,1,1,0,3,130,1,2,1,0,1,0,68.0,,voiture,,1,1,1,1,6
202300005169,2023-08-22 10:25:00,2023,8,22,10,25,22,22070,Rue de la passerelle,48.560722,-3.153394,Plein jour,En agglomération,Autre intersection,Temps éblouissant,Deux véhicules - côté,4,2,2,0,1,1,1,0,1,50,2,2,1,0,1,0,76.0,65.0,voiture,deux_roues,1,2,9,7,3
202300005170,2023-11-11 16:00:00,2023,11,11,16,0,14,14118,Boulevard Maréchal Juin,49.203162,-0.391083,Plein jour,En agglomération,Intersection en X,Normale,Deux véhicules - côté,3,2,2,0,1,1,1,5,1,50,2,2,1,0,0,1,36.0,79.0,deux_roues,voiture,1,2,2,1,3
202300005170,2023-11-11 16:00:00,2023,11,11,16,0,14,14118,Boulevard Maréchal Juin,49.203162,-0.391083,Plein jour,En agglomération,Intersection en X,Normale,Deux véhicules - côté,3,2,2,0,1,1,1,5,1,50,2,2,1,0,0,1,36.0,79.0,deux_roues,voiture,1,2,2,1,3
202300005171,2023-06-05 16:00:00,2023,6,5,16,0,69,69383,Rue Vendôme,45.75564,4.84758,Plein jour,En agglomération,Intersection en X,Normale,Deux véhicules - côté,4,1,1,0,1,1,1,0,1,30,2,2,1,0,0,1,46.0,41.0,deux_roues,voiture,1,2,2,1,3
202300005171,2023-06-05 16:00:00,2023,6,5,16,0,69,69383,Rue Vendôme,45.75564,4.84758,Plein jour,En agglomération,Intersection en X,Normale,Deux véhicules - côté,4,1,1,2,1,1,1,0,1,30,2,2,1,0,0,1,46.0,41.0,deux_roues,voiture,1,2,2,1,3
202300005172,2023-08-22 18:30:00,2023,8,22,18,30,22,22197,Rue champ des grèves - croix formal,48.527121,-1.936619,Plein jour,Hors agglomération,Hors intersection,Normale,Sans collision,4,2,2,0,1,2,1,0,8,70,1,1,0,0,1,0,45.0,,voiture,,1,1,1,1,7
202300005173,2023-07-12 09:35:00,2023,7,12,9,35,51,51113,D951,48.880931,3.77596,Plein jour,En agglomération,Giratoire,Normale,Deux véhicules - côté,3,2,2,0,1,1,1,0,1,50,2,2,1,0,0,1,50.0,27.0,voiture,utilitaire_camion,1,2,6,1,3
202300005173,2023-07-12 09:35:00,2023,7,12,9,35,51,51113,D951,48.880931,3.77596,Plein jour,En agglomération,Giratoire,Normale,Deux véhicules - côté,3,2,2,0,1,1,1,0,1,50,2,2,1,0,0,1,50.0,27.0,voiture,utilitaire_camion,1,2,6,1,3
202300005174,2023-01-13 03:20:00,2023,1,13,3,20,44,44190,Boulevard des Pas Enchantés,47.20739418,-1.51810879,Nuit avec éclairage allumé,En agglomération,Giratoire,Normale,Autre collision,4,2,1,-1,1,1,1,5,3,50,1,5,4,0,0,1,22.0,,voiture,,5,2,6,1,6
202300005175,2023-08-22 02:21:00,2023,8,22,2,21,22,22026,La Noe,48.396164,-2.034037,Nuit sans éclairage public,Hors agglomération,Hors intersection,Normale,Autre collision,4,2,2,0,1,1,1,0,3,50,1,1,0,0,1,0,20.0,,voiture,,3,1,1,1,6
202300005176,2023-06-06 13:10:00,2023,6,6,13,10,972,97209,JEAN JAURES (AVENUE),14.61072,-61.07096,Plein jour,En agglomération,Intersection en T,Normale,Deux véhicules - côté,4,1,0,0,1,1,1,0,1,50,2,2,1,0,0,1,23.0,62.0,utilitaire_camion,voiture,1,2,3,1,3
202300005176,2023-06-06 13:10:00,2023,6,6,13,10,972,97209,JEAN JAURES (AVENUE),14.61072,-61.07096,Plein jour,En agglomération,Intersection en T,Normale,Deux véhicules - côté,4,1,1,0,1,1,1,0,1,50,2,2,1,0,0,1,23.0,62.0,utilitaire_camion,voiture,1,2,3,1,3
202300005177,2023-01-13 15:50:00,2023,1,13,15,50,44,44109,11 Boulevard Alexandre Millerand,47.20785722,-1.53005416,Plein jour,En agglomération,Hors intersection,Temps couvert,Autre collision,4,-1,2,-1,1,1,1,0,1,50,1,2,1,0,0,1,87.0,,voiture,,1,2,1,8,6
202300005178,2023-08-20 15:20:00,2023,8,20,15,20,22,22093,Rue Albert Jacquard (Lamballe),48.452567,-2.492352,Plein jour,Hors agglomération,Hors intersection,Normale,Deux véhicules - côté,3,2,2,0,4,1,1,0,1,50,2,3,1,0,2,0,19.0,59.0,voiture,deux_roues,1,1,1,1,3
202300005179,2023-01-12 12:50:00,2023,1,12,12,50,44,44109,77 rue du Perray,47.24635852,-1.51149554,Plein jour,En agglomération,Giratoire,Temps couvert,Autre collision,4,2,2,-1,1,2,1,0,3,50,1,1,0,0,0,1,60.0,,voiture,,1,2,6,8,6
202300005180,2023-06-06 08:00:00,2023,6,6,8,0,972,97209,SOLEIL LEVANT (BOULEVARD DU),14.61903,-61.03896,Plein jour,En agglomération,Hors intersection,Normale,Trois véhicules et plus - en chaîne,4,1,2,0,1,1,1,0,1,50,3,3,2,0,0,1,30.0,,voiture,utilitaire_camion,1,2,1,1,4
202300005181,2023-08-23 12:50:00,2023,8,23,12,50,60,60446,10 Rue de la Croix Verte,49.14225805,2.79727042,Plein jour,En agglomération,Hors intersection,Normale,Autre collision,3,2,2,0,2,1,1,0,1,50,1,2,1,0,1,0,22.0,,voiture,,1,2,1,1,6
202300005182,2023-01-12 08:45:00,2023,1,12,8,45,44,44109,9 Avenue Carnot,47.21396375,-1.5450777,Plein jour,En agglomération,Hors intersection,Temps couvert,Deux véhicules - côté,4,2,2,-1,1,1,1,-1,1,50,2,2,0,0,0,2,28.0,59.0,deux_roues,voiture,1,2,1,8,3
202300005183,2023-07-12 16:30:00,2023,7,12,16,30,67,67281,D424,48.178603,7.542039,Plein jour,Hors agglomération,Hors intersection,Normale,Deux véhicules - frontale,3,2,2,1,3,1,1,0,1,80,2,2,1,0,1,0,19.0,85.0,voiture,voiture,1,1,1,1,1
202300005184,2023-06-05 00:40:00,2023,6,5,0,40,972,97209,RN9,14.60017,-61.0466,Nuit sans éclairage public,Hors agglomération,Hors intersection,Normale,Autre collision,2,1,2,0,4,2,1,0,1,50,1,2,1,0,0,1,,,autre,,3,1,1,1,6
202300005185,2023-07-12 16:45:00,2023,7,12,16,45,67,67072,53 Rue de Ratzwiller,48.968292,7.225728,Plein jour,En agglomération,Hors intersection,Normale,Deux véhicules - arrière,3,2,2,0,1,1,1,0,1,50,2,2,1,0,1,0,30.0,16.0,voiture,deux_roues,1,2,1,1,2
202300005186,2023-08-22 14:30:00,2023,8,22,14,30,13,13215,A7-Sens Lyon vers Marseille,43.37821,5.35614,Plein jour,En agglomération,Hors intersection,Normale,Deux véhicules - arrière,1,1,3,0,1,1,1,0,1,90,2,2,1,0,0,1,46.0,21.0,voiture,voiture,1,2,1,1,2
202300005187,2023-01-08 16:10:00,2023,1,8,16,10,44,44035,,47.25622853,-1.53963184,Crépuscule ou aube,Hors agglomération,Hors intersection,Temps couvert,Deux véhicules - côté,2,2,4,-1,1,1,2,0,1,70,2,5,2,0,0,3,39.0,59.0,voiture,voiture,2,1,1,8,3
202300005188,2023-07-13 11:30:00,2023,7,13,11,30,2A,2A040,T201,42.094668,9.090747,Plein jour,Hors agglomération,Hors intersection,Normale,Autre collision,2,2,2,0,3,2,1,0,3,75,1,1,0,0,1,0,59.0,,deux_roues,,1,1,1,1,6
202300005189,2023-08-22 02:38:00,2023,8,22,2,38,13,13081,A7-Sens Marseille vers Lyon,43.4839,5.24105,Nuit sans éclairage public,Hors agglomération,Hors intersection,Normale,Autre collision,1,1,2,0,1,1,1,0,1,110,1,2,1,0,1,0,,,autre,,3,1,1,1,6
202300005190,2023-10-27 11:12:00,2023,10,27,11,12,38,38151,COURS JEAN JAURÈS_,45.1426,5.70377,Plein jour,En agglomération,Hors intersection,Normale,Autre collision,7,3,4,3,1,1,2,0,1,50,2,3,2,0,1,0,33.0,19.0,utilitaire_camion,voiture,1,2,1,1,6
202300005191,2023-06-06 14:10:00,2023,6,6,14,10,69,69152,14 Rue Henri Moissan,45.70661,4.82514,Plein jour,En agglomération,Hors intersection,Normale,Trois véhicules et plus - en chaîne,4,2,2,2,1,1,1,0,1,50,3,6,4,0,0,2,41.0,32.0,voiture,voiture,1,2,1,1,4
202300005192,2023-07-13 17:12:00,2023,7,13,17,12,80,80092,D933,49.956755,2.27484,Plein jour,Hors agglomération,Hors intersection,Normale,Deux véhicules - frontale,3,2,2,0,3,2,1,0,1,80,2,3,0,2,1,0,55.0,69.0,voiture,voiture,1,1,1,1,1
202300005193,2023-08-21 20:58:00,2023,8,21,20,58,13,13088,A55-Sens Marseille vers Martigues,43.38953,5.24623,Nuit sans éclairage public,Hors agglomération,Hors intersection,Normale,Deux véhicules - arrière,1,1,2,0,1,2,1,0,1,110,2,4,3,0,0,1,22.0,63.0,voiture,voiture,3,1,1,1,2
202300005194,2023-10-14 16:25:00,2023,10,14,16,25,38,38053,ALPES_,45.58572,5.27318,Plein jour,En agglomération,Intersection en X,Temps couvert,Autre collision,3,-1,2,0,1,1,1,6,1,50,1,2,1,0,0,1,65.0,,voiture,,1,2,2,8,6
202300005194,2023-10-14 16:25:00,2023,10,14,16,25,38,38053,ALPES_,45.58572,5.27318,Plein jour,En agglomération,Intersection en X,Temps couvert,Autre collision,3,1,1,-1,1,1,1,6,1,-1,1,2,1,0,0,1,65.0,,voiture,,1,2,2,8,6
202300005195,2023-07-13 18:55:00,2023,7,13,18,55,65,65062,15bis Rue de l'Egalité,43.197487,0.114972,Plein jour,En agglomération,Hors intersection,Normale,Autre collision,3,2,2,0,1,2,1,0,4,50,1,2,0,0,1,1,58.0,,voiture,,1,2,1,1,6
202300005196,2023-06-05 07:55:00,2023,6,5,7,55,69,69385,Place de Trion,45.75805,4.81325,Plein jour,En agglomération,Intersection à plus de 4 branches,Normale,Autre collision,4,2,3,0,1,1,1,0,1,30,1,2,1,0,0,1,39.0,,voiture,,1,2,5,1,6
202300005196,2023-06-05 07:55:00,2023,6,5,7,55,69,69385,Place de Trion,45.75805,4.81325,Plein jour,En agglomération,Intersection à plus de 4 branches,Normale,Autre collision,4,2,5,0,1,1,1,0,1,30,1,2,1,0,0,1,39.0,,voiture,,1,2,5,1,6
202300005197,2023-08-21 16:27:00,2023,8,21,16,27,13,13071,A7-Sens Marseille vers Lyon,43.4126,5.2818,Plein jour,Hors agglomération,Hors intersection,Normale,Deux véhicules - arrière,1,1,3,0,1,1,1,0,1,110,2,2,1,0,0,1,42.0,18.0,voiture,voiture,1,1,1,1,2
202300005198,2023-07-12 18:30:00,2023,7,12,18,30,11,11020,D212,42.94771,2.498038,Plein jour,Hors agglomération,Hors intersection,Normale,Autre collision,3,2,2,0,1,1,1,0,8,80,1,1,0,0,0,1,87.0,,voiture,,1,1,1,1,6
202300005199,2023-09-07 08:35:00,2023,9,7,8,35,38,38563,GRANDE (RUE),45.36750437,5.59224758,Plein jour,En agglomération,Intersection en T,Normale,Autre collision,4,2,2,0,2,1,1,9,1,30,1,2,1,0,1,0,19.0,,voiture,,1,2,3,1,6
202300005199,2023-09-07 08:35:00,2023,9,7,8,35,38,38563,GRANDE (RUE),45.36750437,5.59224758,Plein jour,En agglomération,Intersection en T,Normale,Autre collision,4,2,2,0,1,1,1,9,1,30,1,2,1,0,1,0,19.0,,voiture,,1,2,3,1,6
202300005200,2023-01-07 16:04:00,2023,1,7,16,4,44,44109,1 Boulevard Général de Gaulle,47.20738,-1.54007238,Plein jour,En agglomération,Hors intersection,Normale,Autre collision,4,2,2,-1,1,1,1,5,1,50,1,1,0,0,0,1,34.0,,deux_roues,,1,2,1,1,6
202300005201,2023-08-22 01:00:00,2023,8,22,1,0,83,83137,A50 TUNNEL TUBE NORD,43.12021469,5.94799881,Nuit avec éclairage allumé,Hors agglomération,Hors intersection,Normale,Deux véhicules - côté,1,1,4,0,1,3,1,1,1,70,2,2,1,0,0,1,23.0,78.0,voiture,deux_roues,5,1,1,1,3
202300005202,2023-06-04 17:20:00,2023,6,4,17,20,69,69202,Avenue de Limburg,45.72814,4.77868,Plein jour,En agglomération,Hors intersection,Normale,Trois véhicules et plus - en chaîne,4,2,2,0,1,1,1,0,1,50,3,4,3,0,1,0,52.0,32.0,voiture,voiture,1,2,1,1,4
202300005203,2023-07-13 11:15:00,2023,7,13,11,15,55,55543,Rue de Ligny,48.697408,5.308601,Plein jour,Hors agglomération,Hors intersection,Normale,Trois véhicules et plus - collisions multiples,2,2,2,0,1,1,1,0,1,50,3,4,1,1,0,2,67.0,20.0,voiture,utilitaire_camion,1,1,1,1,5
202300005204,2023-01-03 10:00:00,2023,1,3,10,0,44,44109,4 Boulevard Léon Bureau,47.20612655,-1.56397108,Plein jour,En agglomération,Hors intersection,Normale,Deux véhicules - arrière,4,2,2,2,1,1,1,6,1,30,2,2,0,0,0,2,51.0,44.0,voiture,voiture,1,2,1,1,2
202300005205,2023-08-22 01:19:00,2023,8,22,1,19,69,69091,Autoroute 47,45.58455516,4.7481147,Nuit sans éclairage public,Hors agglomération,Hors intersection,Normale,Deux véhicules - côté,1,3,4,0,1,1,1,0,1,70,2,2,1,1,0,0,23.0,35.0,voiture,voiture,3,1,1,1,3
202300005206,2023-07-12 08:00:00,2023,7,12,8,0,34,34223,RD16E4,43.45187,3.188604,Plein jour,Hors agglomération,Intersection en X,Normale,Autre collision,3,2,2,0,3,1,1,0,3,80,1,1,0,0,0,1,19.0,,voiture,,1,1,2,1,6
202300005206,2023-07-12 08:00:00,2023,7,12,8,0,34,34223,RD16E4,43.45187,3.188604,Plein jour,Hors agglomération,Intersection en X,Normale,Autre collision,3,-1, -1,-1,4,1,1,0,3,-1,1,1,0,0,0,1,19.0,,voiture,,1,1,2,1,6
202300005207,2023-06-03 17:00:00,2023,6,3,17,0,69,69381,Quai Jean Moulin,45.76833,4.83779,Plein jour,En agglomération,Intersection en T,Normale,Deux véhicules - côté,4,2,5,3,1,1,1,0,1,50,2,2,1,0,1,0,16.0,27.0,deux_roues,utilitaire_camion,1,2,3,1,3
202300005207,2023-06-03 17:00:00,2023,6,3,17,0,69,69381,Quai Jean Moulin,45.76833,4.83779,Plein jour,En agglomération,Intersection en T,Normale,Deux véhicules - côté,4,1,1,0,1,1,1,0,1,30,2,2,1,0,1,0,16.0,27.0,deux_roues,utilitaire_camion,1,2,3,1,3
202300005208,2023-01-03 16:54:00,2023,1,3,16,54,44,44109,21 Rue de la Colterie,47.24538481,-1.50831261,Crépuscule ou aube,En agglomération,Intersection en T,Normale,Sans collision,4,2,0,-1,1,1,1,5,1,30,1,1,0,0,0,1,60.0,,deux_roues,,2,2,3,1,7
202300005208,2023-01-03 16:54:00,2023,1,3,16,54,44,44109,21 Rue de la Colterie,47.24538481,-1.50831261,Crépuscule ou aube,En agglomération,Intersection en T,Normale,Sans collision,4,2, -1,-1,1,3,1,5,1,50,1,1,0,0,0,1,60.0,,deux_roues,,2,2,3,1,7
202300005209,2023-08-21 22:45:00,2023,8,21,22,45,57,57757,Autoroute A31,49.34665477,6.174016,Nuit sans éclairage public,En agglomération,Autre intersection,Normale,Autre collision,1,1,1,1,2,3,1,3,1,50,1,3,2,0,1,0,20.0,,voiture,,3,2,9,1,6
202300005210,2023-07-12 15:30:00,2023,7,12,15,30,38,38370,Route du Furand,45.127411,5.240564,Plein jour,Hors agglomération,Hors intersection,Temps couvert,Sans collision,4,2,2,0,1,1,9,0,1,80,1,1,0,0,0,1,15.0,,deux_roues,,1,1,1,8,7
202300005211,2023-09-02 16:10:00,2023,9,2,16,10,62,62083,D179,50.46719,2.6338,Plein jour,Hors agglomération,Hors intersection,Normale,Sans collision,3,2,2,0,1,2,1,0,3,80,1,1,0,0,1,0,38.0,,deux_roues,,1,1,1,1,7
202300005212,2023-06-06 21:55:00,2023,6,6,21,55,2B,2B120,11 - RT,42.64577,9.44005,Nuit sans éclairage public,Hors agglomération,Autre intersection,Normale,Autre collision,6,-1, -1,0,2,1,1,0,8,90,1,2,0,0,0,2,19.0,,voiture,,3,1,9,1,6
202300005213,2023-08-21 18:17:00,2023,8,21,18,17,33,33550,ROCADE A 630,44.7784,-0.5555,Plein jour,Hors agglomération,Hors intersection,Normale,Deux véhicules - arrière,1,3,6,0,1,1,1,0,1,90,2,2,1,0,0,1,25.0,55.0,utilitaire_camion,deux_roues,1,1,1,1,2
202300005214,2023-07-11 14:00:00,2023,7,11,14,0,84,84017,Route du Mont-ventoux,44.124583,5.261577,Plein jour,Hors agglomération,Hors intersection,Normale,Autre collision,3,2,2,0,2,3,1,0,1,80,2,2,1,0,1,0,55.0,28.0,deux_roues,utilitaire_camion,1,1,1,1,6
202300005215,2023-12-01 22:50:00,2023,12,1,22,50,971,97101,BOULEVARD DE LA RENOVATION - LE RAIZET,16.25548371,-61.533131,Nuit avec éclairage allumé,Hors agglomération,Hors intersection,Normale,Autre collision,3,2,2,0,1,2,1,0,8,30,1,1,0,0,0,1,21.0,,deux_roues,,5,1,1,1,6
202300005216,2023-06-06 07:30:00,2023,6,6,7,30,971,97113,RN4 - SECTION RIVIERA,16.21783,-61.49079,Plein jour,Hors agglomération,Hors intersection,Normale,Deux véhicules - côté,2,2,2,1,1,1,1,0,1,70,2,2,1,0,1,0,39.0,53.0,deux_roues,voiture,1,1,1,1,3
202300005217,2023-07-11 18:20:00,2023,7,11,18,20,03,03052,,46.335714,2.686456,Plein jour,Hors agglomération,Intersection en T,Normale,Deux véhicules - côté,3,2,2,0,1,1,1,0,1,90,2,2,1,0,1,0,50.0,35.0,deux_roues,utilitaire_camion,1,1,3,1,3
202300005217,2023-07-11 18:20:00,2023,7,11,18,20,03,03052,,46.335714,2.686456,Plein jour,Hors agglomération,Intersection en T,Normale,Deux véhicules - côté,3,-1,2,0,1,1,1,0,1,50,2,2,1,0,1,0,50.0,35.0,deux_roues,utilitaire_camion,1,1,3,1,3
202300005218,2023-11-17 16:00:00,2023,11,17,16,0,33,33024,1 Route du Dropt,44.624878,-0.051116,Plein jour,En agglomération,Hors intersection,Normale,Deux véhicules - côté,3,-1,2,0,1,1,1,0,1,50,2,2,1,0,1,0,55.0,57.0,voiture,deux_roues,1,2,1,1,3
202300005219,2023-08-21 00:05:00,2023,8,21,0,5,59,59090,AUTOROUTE A22,50.71634,3.12393,Nuit sans éclairage public,Hors agglomération,Hors intersection,Normale,Autre collision,1,3,4,0,1,1,1,0,1,110,3,4,3,1,0,0,53.0,61.0,voiture,voiture,3,1,1,1,6
202300005220,2023-06-04 17:55:00,2023,6,4,17,55,971,97101,ACHILLE RENE BOISNEUF (RUE),16.26848523,-61.50688291,Plein jour,En agglomération,Hors intersection,Normale,Deux véhicules - frontale,3,2,2,0,2,1,1,0,8,50,2,3,1,0,0,2,67.0,25.0,voiture,voiture,1,2,1,1,1
202300005221,2023-07-12 10:50:00,2023,7,12,10,50,66,66024,,42.526886,2.831544,Plein jour,En agglomération,Hors intersection,Normale,Autre collision,4,2,2,0,1,1,1,0,1,50,1,2,1,0,1,0,63.0,,voiture,,1,2,1,1,6
202300005222,2023-12-10 04:00:00,2023,12,10,4,0,34,34032,LIBERTE (BD DE LA),43.34058,3.22259,Nuit avec éclairage allumé,En agglomération,Hors intersection,Normale,Deux véhicules - arrière,4,2,2,0,1,1,1,0,1,50,2,2,1,1,0,0,45.0,14.0,voiture,deux_roues,5,2,1,1,2
202300005223,2023-08-20 15:30:00,2023,8,20,15,30,59,59449,AUTOROUTE A23,50.46038,3.26353,Plein jour,Hors agglomération,Hors intersection,Normale,Autre collision,1,-1,2,0,1,1,1,0,2,130,2,3,2,0,0,1,55.0,70.0,voiture,voiture,1,1,1,1,6
202300005224,2023-06-04 07:05:00,2023,6,4,7,5,971,97113,ROUTE DE MARE A BWA,16.23377,-61.4704,Plein jour,Hors agglomération,Hors intersection,Normale,Autre collision,4,2,2,0,2,3,1,0,3,70,1,2,1,0,0,1,40.0,,voiture,,1,1,1,1,6
202300005225,2023-07-12 17:40:00,2023,7,12,17,40,72,72161,Croisement route du stade et CD 304,47.75044319,0.55318594,Plein jour,Hors agglomération,Autre intersection,Normale,Deux véhicules - frontale,3,2,2,0,1,4,1,0,1,90,2,2,1,0,1,0,43.0,26.0,utilitaire_camion,deux_roues,1,1,9,1,1
202300005226,2023-07-11 14:20:00,2023,7,11,14,20,45,45203,6 Rue du Filoir,47.8245,1.692972,Plein jour,En agglomération,Hors intersection,Normale,Sans collision,4,2,2,0,1,3,1,0,1,50,1,1,0,0,0,1,17.0,,deux_roues,,1,2,1,1,7
202300005227,2023-06-03 21:35:00,2023,6,3,21,35,971,97113,PONT DE POUCET,16.21824594,-61.50437236,Nuit sans éclairage public,Hors agglomération,Autre intersection,Normale,Deux véhicules - côté,3,2,2,0,2,1,1,2,1,50,2,3,2,0,0,1,25.0,25.0,voiture,voiture,3,1,9,1,3
202300005228,2023-08-19 15:20:00,2023,8,19,15,20,59,59123,AUTOROUTE A1,50.49816,3.00414,Plein jour,Hors agglomération,Hors intersection,Normale,Trois véhicules et plus - collisions multiples,1,-1,3,0,1,1,1,0,1,130,4,4,3,0,1,0,29.0,49.0,voiture,voiture,1,1,1,1,5
202300005229,2023-08-11 20:15:00,2023,8,11,20,15,59,59159,AUTOROUTE A16,50.97448,2.22268,Plein jour,Hors agglomération,Hors intersection,Normale,Sans collision,1,-1,1,0,1,1,1,0,1,70,1,1,0,0,1,0,58.0,,deux_roues,,1,1,1,1,7
202300005230,2023-07-12 17:03:00,2023,7,12,17,3,73,73300,D1201,45.68408837,5.89480247,Plein jour,En agglomération,Hors intersection,Temps couvert,Deux véhicules - arrière,3,3,2,2,1,1,1,0,1,50,2,2,1,0,0,1,22.0,39.0,voiture,voiture,1,2,1,8,2
202300005231,2023-06-06 14:55:00,2023,6,6,14,55,2A,2A004,AMIRAUTE PORT BD CHARLES BONAPARTE,41.93386,8.74922,Plein jour,En agglomération,Hors intersection,Normale,Deux véhicules - arrière,2,1,2,0,1,1,1,0,1,50,2,3,2,0,0,1,21.0,38.0,deux_roues,voiture,1,2,1,1,2
202300005232,2023-06-06 09:10:00,2023,6,6,9,10,2A,2A004,SEBASTIANU COSTA BD,41.9421,8.74962,Plein jour,En agglomération,Hors intersection,Normale,Autre collision,4,3,4,0,1,1,1,6,1,50,1,2,1,0,0,1,49.0,,voiture,,1,2,1,1,6
202300005233,2023-07-03 19:15:00,2023,7,3,19,15,07,07010,Allée de Beauregard,45.250223,4.663471,Crépuscule ou aube,En agglomération,Intersection en T,Normale,Deux véhicules - frontale,4,2, -1,0,1,1,1,0,1,-1,2,2,1,0,1,0,35.0,44.0,deux_roues,voiture,2,2,3,1,1
202300005233,2023-07-03 19:15:00,2023,7,3,19,15,07,07010,Allée de Beauregard,45.250223,4.663471,Crépuscule ou aube,En agglomération,Intersection en T,Normale,Deux véhicules - frontale,4,2,2,0,2,1,1,9,1,50,2,2,1,0,1,0,35.0,44.0,deux_roues,voiture,2,2,3,1,1
202300005234,2023-10-18 14:30:00,2023,10,18,14,30,51,51454,SALINES (RUE),49.24387,4.04446,Plein jour,En agglomération,Hors intersection,Pluie légère,Deux véhicules - côté,4,1,1,0,2,1,2,0,1,30,2,2,0,0,0,1,22.0,,deux_roues,voiture,1,2,1,2,3
202300005235,2023-08-22 11:58:00,2023,8,22,11,58,91,91471,RN 118,48.71495,2.17448,Plein jour,Hors agglomération,Hors intersection,Normale,Trois véhicules et plus - en chaîne,2,1,3,0,1,1,1,0,1,90,3,5,4,0,0,1,26.0,29.0,voiture,voiture,1,1,1,1,4
202300005236,2023-07-13 12:30:00,2023,7,13,12,30,85,85146,RD763,47.001281,-1.288565,Plein jour,Hors agglomération,Hors intersection,Normale,Deux véhicules - arrière,3,2,2,0,1,1,1,0,1,70,2,2,1,0,1,0,33.0,58.0,deux_roues,voiture,1,1,1,1,2
202300005237,2023-06-05 20:25:00,2023,6,5,20,25,2A,2A004,T40,41.93136157,8.80281016,Crépuscule ou aube,Hors agglomération,Giratoire,Normale,Trois véhicules et plus - collisions multiples,2,1,2,0,1,3,1,8,1,50,3,3,2,0,0,1,33.0,61.0,voiture,deux_roues,2,1,6,1,5