accident_id,datetime,annee,mois,jour,heure,minute,departement,commune_insee,adresse,latitude,longitude,luminosite,agglomeration,intersection,meteo,collision,catr,circ,nbv,vosp,prof,plan,surf,infra,situ,vma,nb_vehicules,nb_usagers,nb_indemnes,nb_tues,nb_blesses_hosp,nb_blesses_legers,age_cond_1,age_cond_2,veh_type_cond_1,veh_type_cond_2,lum_code,agg_code,int_code,atm_code,col_code
202300005238,2023-11-02 20:00:00,2023,11,2,20,0,44,44212,,47.15495205,-1.2294817,Nuit sans éclairage public,Hors agglomération,Hors intersection,Pluie légère,Deux véhicules - côté,2,2,4,0,1,1,2,0,1,110,2,2,0,0,0,2,30.0,37.0,voiture,voiture,3,1,1,2,3
202300005239,2023-08-21 10:30:00,2023,8,21,10,30,92,92036,RN315 W,48.92167671,2.30596916,Plein jour,Hors agglomération,Hors intersection,Normale,Trois véhicules et plus - en chaîne,2,1,1,0,1,1,1,0,1,70,3,3,2,0,0,1,46.0,46.0,voiture,voiture,1,1,1,1,4
202300005240,2023-06-04 04:38:00,2023,6,4,4,38,95,95268,D125,48.97689459,2.39130735,Nuit avec éclairage allumé,En agglomération,Hors intersection,Normale,Autre collision,3,1,2,0,1,1,1,0,1,50,1,1,0,1,0,0,29.0,,deux_roues,,5,2,1,1,6
202300005241,2023-12-08 16:45:00,2023,12,8,16,45,74,74305,DAVID (RUE FERNAND),46.2048,6.24957,Plein jour,En agglomération,Hors intersection,Normale,Autre collision,3,2,2,0,1,1,1,0,1,30,1,2,1,0,0,1,,,voiture,,1,2,1,1,6
202300005242,2023-08-22 14:50:00,2023,8,22,14,50,92,92036,AUTOROUTE A15,48.94589035,2.28373638,Plein jour,Hors agglomération,Hors intersection,Normale,Deux véhicules - côté,1,3,4,0,1,2,1,0,1,90,2,2,1,0,0,1,51.0,30.0,voiture,voiture,1,1,1,1,3
202300005243,2023-06-06 09:00:00,2023,6,6,9,0,95,95277,PIERRE SALVI (AVENUE),48.99129,2.433579,Plein jour,En agglomération,Hors intersection,Normale,Deux véhicules - arrière,4,2,2,0,1,1,1,0,1,70,2,2,0,0,0,2,40.0,50.0,voiture,voiture,1,2,1,1,2
202300005244,2023-11-29 18:30:00,2023,11,29,18,30,09,09122,PLANISSOLE (FAUBOURG)_,42.964455,1.600139,Nuit avec éclairage allumé,Hors agglomération,Hors intersection,Normale,Autre collision,3,2,2,0,1,3,1,0,1,50,1,2,1,0,0,1,20.0,,voiture,,5,1,1,1,6
202300005245,2023-07-10 14:55:00,2023,7,10,14,55,87,87089,D942,46.213335,1.147362,Plein jour,Hors agglomération,Hors intersection,Normale,Trois véhicules et plus - en chaîne,3,2,2,0,3,3,1,0,1,90,3,16,13,0,0,3,63.0,46.0,voiture,voiture,1,1,1,1,4
202300005246,2023-06-02 09:00:00,2023,6,2,9,0,95,95210,COTTE (BOULEVARD),48.96414794,2.31361717,Plein jour,En agglomération,Hors intersection,Normale,Deux véhicules - côté,4,2,2,0,1,1,1,0,1,50,2,3,1,0,0,2,41.0,22.0,voiture,deux_roues,1,2,1,1,3
202300005247,2023-08-22 12:15:00,2023,8,22,12,15,93,93066,AUTOROUTE A1,48.91936344,2.35754643,Plein jour,Hors agglomération,Hors intersection,Normale,Trois véhicules et plus - en chaîne,1,3,8,0,1,1,1,0,1,90,3,3,2,0,0,1,34.0,39.0,utilitaire_camion,voiture,1,1,1,1,4
202300005248,2023-06-01 13:30:00,2023,6,1,13,30,73,73211,D67,45.72001969,6.45743698,Plein jour,En agglomération,Hors intersection,Normale,Sans collision,3,2,2,0,2,2,1,0,1,30,1,1,0,0,1,0,62.0,,deux_roues,,1,2,1,1,7
202300005249,2023-07-13 10:20:00,2023,7,13,10,20,48,48147,,44.422502,3.506323,Plein jour,Hors agglomération,Hors intersection,Normale,Deux véhicules - frontale,3,2,2,0,1,3,1,0,1,90,2,3,1,0,2,0,47.0,78.0,utilitaire_camion,voiture,1,1,1,1,1
202300005250,2023-06-05 15:00:00,2023,6,5,15,0,95,95476,D915,49.07128,2.08185,Plein jour,Hors agglomération,Hors intersection,Normale,Deux véhicules - arrière,3,1,1,0,1,1,1,2,1,50,2,3,1,0,1,1,34.0,87.0,utilitaire_camion,voiture,1,1,1,1,2
202300005251,2023-08-22 10:25:00,2023,8,22,10,25,93,93006,AUTOROUTE A3,48.86823415,2.42795706,Plein jour,Hors agglomération,Hors intersection,Normale,Trois véhicules et plus - collisions multiples,1,3,5,0,1,1,1,1,2,90,3,3,2,0,0,1,34.0,24.0,utilitaire_camion,deux_roues,1,1,1,1,5
202300005252,2023-07-13 12:00:00,2023,7,13,12,0,72,72231,A28 - PK 089+700,47.942653,0.316458,Plein jour,Hors agglomération,Hors intersection,Normale,Sans collision,1,3,2,0,1,1,1,0,1,130,1,4,0,0,1,3,51.0,,voiture,,1,1,1,1,7
202300005253,2023-06-06 16:20:00,2023,6,6,16,20,95,95063,D392,48.93517,2.2084,Plein jour,En agglomération,Hors intersection,Normale,Autre collision,3,2,2,0,1,1,1,0,1,50,1,2,1,0,0,1,43.0,,deux_roues,,1,2,1,1,6
202300005254,2023-01-03 17:55:00,2023,1,3,17,55,14,14191,61 Avenue de la Combattante,49.335116,-0.452183,Nuit avec éclairage allumé,En agglomération,Hors intersection,Normale,Autre collision,4,1,1,0,1,1,1,0,1,50,1,3,1,0,0,2,77.0,,voiture,,5,2,1,1,6
202300005255,2023-07-13 09:43:00,2023,7,13,9,43,13,13050,Route de Pelissanne,43.64443,5.199827,Plein jour,Hors agglomération,Hors intersection,Normale,Deux véhicules - arrière,3,2,2,0,1,1,1,0,5,80,2,2,1,0,1,0,63.0,58.0,deux_roues,utilitaire_camion,1,1,1,1,2
202300005256,2023-08-20 16:25:00,2023,8,20,16,25,94,94011,Rue Pierre Sémard,48.76317,2.4799,Plein jour,En agglomération,Autre intersection,Normale,Deux véhicules - côté,3,1,2,0,1,1,1,0,8,50,2,2,1,0,1,0,32.0,44.0,deux_roues,voiture,1,2,9,1,3
202300005256,2023-08-20 16:25:00,2023,8,20,16,25,94,94011,Rue Pierre Sémard,48.76317,2.4799,Plein jour,En agglomération,Autre intersection,Normale,Deux véhicules - côté,3,3,2,0,1,3,1,5,1,50,2,2,1,0,1,0,32.0,44.0,deux_roues,voiture,1,2,9,1,3
202300005257,2023-06-06 14:35:00,2023,6,6,14,35,91,91477,VAUVE (AV DE LA),48.71534,2.20228,Plein jour,En agglomération,Hors intersection,Normale,Sans collision,3,1,2,0,1,1,1,0,3,30,1,2,0,0,0,2,34.0,,utilitaire_camion,,1,2,1,1,7
202300005258,2023-07-12 22:15:00,2023,7,12,22,15,63,63113,A71,45.80620809,3.15149976,Nuit sans éclairage public,Hors agglomération,Hors intersection,Normale,Deux véhicules - arrière,1,1,1,0,1,1,1,3,1,110,2,3,2,0,0,1,31.0,20.0,voiture,voiture,3,1,1,1,2
202300005259,2023-08-15 22:00:00,2023,8,15,22,0,93,93049,Chemin Tortu / Allee Marie,48.86116,2.51619,Nuit avec éclairage allumé,En agglomération,Intersection en X,Normale,Deux véhicules - côté,4,1,1,0,1,1,1,0,1,30,2,2,1,0,0,1,32.0,,deux_roues,voiture,5,2,2,1,3
202300005259,2023-08-15 22:00:00,2023,8,15,22,0,93,93049,Chemin Tortu / Allee Marie,48.86116,2.51619,Nuit avec éclairage allumé,En agglomération,Intersection en X,Normale,Deux véhicules - côté,4,2,2,0,1,1,1,0,1,30,2,2,1,0,0,1,32.0,,deux_roues,voiture,5,2,2,1,3
202300005260,2023-07-12 22:30:00,2023,7,12,22,30,13,13044,D69,43.623685,5.046732,Nuit sans éclairage public,Hors agglomération,Hors intersection,Normale,Deux véhicules - frontale,3,2,2,0,1,1,1,0,1,75,2,2,1,1,0,0,62.0,48.0,deux_roues,voiture,3,1,1,1,1
202300005261,2023-06-05 16:35:00,2023,6,5,16,35,91,91477,SACLAY (ROUTE DE),48.721043,2.203732,Plein jour,En agglomération,Intersection en T,Normale,Deux véhicules - côté,3,2,1,0,1,1,1,0,1,50,2,2,1,0,0,1,33.0,35.0,utilitaire_camion,autre,1,2,3,1,3
202300005261,2023-06-05 16:35:00,2023,6,5,16,35,91,91477,SACLAY (ROUTE DE),48.721043,2.203732,Plein jour,En agglomération,Intersection en T,Normale,Deux véhicules - côté,3,2,2,0,1,1,1,0,1,50,2,2,1,0,0,1,33.0,35.0,utilitaire_camion,autre,1,2,3,1,3
202300005262,2023-06-06 13:00:00,2023,6,6,13,0,42,42218,Boulevard Pierre Mendès France,45.43888068,4.37867859,Plein jour,En agglomération,Hors intersection,Normale,Deux véhicules - arrière,4,3,4,0,1,1,1,0,1,50,2,2,0,0,1,1,50.0,84.0,voiture,voiture,1,2,1,1,2
202300005263,2023-04-15 20:20:00,2023,4,15,20,20,38,38053,CHAMPARET (BLD),45.58689,5.2913,Crépuscule ou aube,En agglomération,Hors intersection,Normale,Autre collision,4,2,0,0,1,1,1,0,1,30,1,3,1,0,0,2,64.0,,voiture,,2,2,1,1,6
202300005264,2023-06-16 22:00:00,2023,6,16,22,0,94,94043,Avenue de Fontainebleau,48.807312,2.36294447,Nuit avec éclairage allumé,En agglomération,Hors intersection,Normale,Deux véhicules - arrière,3,1,4,3,1,1,1,0,1,50,2,2,1,0,0,1,,29.0,voiture,deux_roues,5,2,1,1,2
202300005265,2023-06-15 17:48:00,2023,6,15,17,48,94,94076,Rue René Hamon,48.789086,2.3616,Plein jour,En agglomération,Hors intersection,Normale,Deux véhicules - frontale,3,2,2,0,1,1,1,0,1,50,2,2,1,0,1,0,25.0,25.0,deux_roues,voiture,1,2,1,1,1
202300005266,2023-06-15 08:20:00,2023,6,15,8,20,13,13071,A55-Sens Martigues vers Marseille,43.38891,5.30394,Plein jour,Hors agglomération,Hors intersection,Normale,Deux véhicules - arrière,1,1,2,0,1,1,1,0,1,90,2,2,1,0,0,1,42.0,40.0,voiture,voiture,1,1,1,1,2
202300005267,2023-06-17 06:14:00,2023,6,17,6,14,91,91228,RN 104,48.61961,2.42562,Crépuscule ou aube,Hors agglomération,Hors intersection,Normale,Deux véhicules - arrière,2,3,3,0,1,1,1,0,1,110,2,4,1,0,0,3,23.0,24.0,voiture,voiture,2,1,1,1,2
202300005268,2023-06-17 04:30:00,2023,6,17,4,30,94,94076,A6A,48.79253545,2.34469358,Nuit sans éclairage public,Hors agglomération,Hors intersection,Normale,Deux véhicules - arrière,1,1,3,0,3,2,1,0,1,90,2,3,1,0,0,2,24.0,32.0,voiture,voiture,3,1,1,1,2
202300005269,2023-06-16 19:40:00,2023,6,16,19,40,75,75113,A6B,48.816066,2.357973,Plein jour,Hors agglomération,Hors intersection,Normale,Trois véhicules et plus - collisions multiples,1,-1,2,0,1,1,1,1,1,70,3,3,2,0,0,1,53.0,24.0,voiture,deux_roues,1,1,1,1,5
202300005270,2023-06-16 01:20:00,2023,6,16,1,20,91,91549,RN 104,48.626641,2.346269,Nuit sans éclairage public,Hors agglomération,Hors intersection,Normale,Deux véhicules - frontale,2,1,4,0,1,1,1,0,1,110,2,2,0,0,1,1,40.0,39.0,voiture,voiture,3,1,1,1,1
202300005271,2023-08-18 10:53:00,2023,8,18,10,53,988,98818,RUE DU R.P. DELOIRE/RUE PATRICE NIELLY,-22.23407,166.43725,Plein jour,En agglomération,Intersection en X,Normale,Deux véhicules - côté,4,2,2,0,1,1,1,0,1,30,2,4,3,0,0,1,20.0,30.0,voiture,voiture,1,2,2,1,3
202300005271,2023-08-18 10:53:00,2023,8,18,10,53,988,98818,RUE DU R.P. DELOIRE/RUE PATRICE NIELLY,-22.23407,166.43725,Plein jour,En agglomération,Intersection en X,Normale,Deux véhicules - côté,4,2,2,0,1,1,1,0,1,30,2,4,3,0,0,1,20.0,30.0,voiture,voiture,1,2,2,1,3
202300005272,2023-08-16 17:15:00,2023,8,16,17,15,976,97611,tsoundzou-Kwalé ( route de ),-12.81063,45.20273,Nuit sans éclairage public,En agglomération,Hors intersection,Normale,Deux véhicules - côté,4,2,2,0,1,1,1,2,1,50,2,2,0,0,0,2,37.0,24.0,deux_roues,deux_roues,3,2,1,1,3
202300005273,2023-08-19 01:10:00,2023,8,19,1,10,974,97416,BRUNET (AVENUE LOUIS),-21.34104,55.48217,Nuit sans éclairage public,En agglomération,Hors intersection,Normale,Autre collision,4,2,2,0,2,2,1,0,1,50,1,2,0,0,2,0,31.0,,deux_roues,,3,2,1,1,6
202300005274,2023-08-18 11:45:00,2023,8,18,11,45,974,97411,GAULLE (DU GENERAL DE),-20.8852161,55.46295708,Plein jour,En agglomération,Hors intersection,Normale,Autre collision,4,3,4,2,1,1,1,5,5,50,1,1,0,0,0,1,35.0,,deux_roues,,1,2,1,1,6
202300005275,2023-08-16 14:17:00,2023,8,16,14,17,974,97411,LITTORAL (ROUTE 1 DU),-20.87605,55.43418,Plein jour,Hors agglomération,Hors intersection,Normale,Sans collision,2,1,1,0,2,3,1,0,1,70,1,1,0,0,0,1,19.0,,voiture,,1,1,1,1,7
202300005276,2023-08-15 11:30:00,2023,8,15,11,30,974,97411,JAURES (BOULEVARD JEAN),-20.89199,55.46757,Plein jour,Hors agglomération,Intersection en Y,Normale,Deux véhicules - côté,2,3,2,0,1,1,1,0,1,30,2,2,1,0,0,1,28.0,61.0,voiture,voiture,1,1,4,1,3
202300005276,2023-08-15 11:30:00,2023,8,15,11,30,974,97411,JAURES (BOULEVARD JEAN),-20.89199,55.46757,Plein jour,Hors agglomération,Intersection en Y,Normale,Deux véhicules - côté,2,2,0,0,1,2,1,0,1,30,2,2,1,0,0,1,28.0,61.0,voiture,voiture,1,1,4,1,3
202300005277,2023-08-15 12:05:00,2023,8,15,12,5,974,97411,RUISSEAU DES NOIRS (RUE),-20.89027,55.452,Plein jour,En agglomération,Intersection en X,Normale,Autre collision,2,3,4,0,1,1,1,0,8,50,1,3,1,0,1,1,21.0,,voiture,,1,2,2,1,6
202300005277,2023-08-15 12:05:00,2023,8,15,12,5,974,97411,RUISSEAU DES NOIRS (RUE),-20.89027,55.452,Plein jour,En agglomération,Intersection en X,Normale,Autre collision,2,1,2,0,1,1,1,0,4,50,1,3,1,0,1,1,21.0,,voiture,,1,2,2,1,6
202300005278,2023-08-17 22:50:00,2023,8,17,22,50,974,97407,MASCAREIGNES(BOULEVARD),-20.94224,55.30654,Nuit avec éclairage allumé,Hors agglomération,Hors intersection,Normale,Autre collision,2,3,2,0,1,1,1,0,1,70,1,1,0,0,1,0,51.0,,deux_roues,,5,1,1,1,6
202300005279,2023-08-17 09:30:00,2023,8,17,9,30,974,97407,ROUTE DU SACRE COEUR,-20.95338,55.30742,Plein jour,Hors agglomération,Hors intersection,Normale,Deux véhicules - arrière,4,1,3,0,1,1,1,0,1,50,2,3,1,0,0,2,71.0,46.0,voiture,voiture,1,1,1,1,2
202300005280,2023-08-16 12:00:00,2023,8,16,12,0,974,97407,ROUTE DU SACRE COEUR,-20.95399345,55.30870056,Plein jour,En agglomération,Autre intersection,Normale,Deux véhicules - côté,4,2,2,0,1,1,1,9,1,50,2,2,1,0,0,1,14.0,40.0,deux_roues,voiture,1,2,9,1,3
202300005281,2023-08-18 22:05:00,2023,8,18,22,5,973,97302,ROUTE NATIONALE 1,4.89738091,-52.32812762,Nuit avec éclairage allumé,Hors agglomération,Hors intersection,Normale,Deux véhicules - arrière,2,3,4,0,1,1,1,0,1,90,2,8,3,0,0,5,34.0,33.0,voiture,voiture,5,1,1,1,2
202300005282,2023-08-18 20:00:00,2023,8,18,20,0,973,97302,ROUTE NATIONALE 1,4.90612,-52.32281,Nuit avec éclairage allumé,Hors agglomération,Hors intersection,Normale,Deux véhicules - côté,2,2,2,0,1,1,1,0,1,70,2,3,1,0,0,2,19.0,24.0,voiture,deux_roues,5,1,1,1,3
202300005283,2023-08-18 16:30:00,2023,8,18,16,30,973,97302,BARTHELEMY (RENE),4.93367491,-52.33044237,Plein jour,En agglomération,Intersection en X,Normale,Deux véhicules - côté,4,2,2,0,1,1,1,0,1,30,2,2,1,0,0,1,28.0,62.0,voiture,deux_roues,1,2,2,1,3
202300005283,2023-08-18 16:30:00,2023,8,18,16,30,973,97302,BARTHELEMY (RENE),4.93367491,-52.33044237,Plein jour,En agglomération,Intersection en X,Normale,Deux véhicules - côté,4,2,2,0,1,1,1,0,6,50,2,2,1,0,0,1,28.0,62.0,voiture,deux_roues,1,2,2,1,3
202300005284,2023-08-18 04:55:00,2023,8,18,4,55,973,97302,ZEPHIR (ROCADE),4.92634482,-52.32111096,Nuit sans éclairage public,En agglomération,Hors intersection,Normale,Sans collision,3,2,2,0,1,1,1,9,1,50,1,2,0,0,0,2,60.0,,deux_roues,,3,2,1,1,7
202300005285,2023-08-16 09:55:00,2023,8,16,9,55,973,97302,SUZINI (CARREFOUR),4.9274,-52.28999,Plein jour,En agglomération,Giratoire,Normale,Deux véhicules - côté,3,1,2,0,1,3,1,0,1,50,2,2,1,0,0,1,44.0,73.0,voiture,deux_roues,1,2,6,1,3
202300005286,2023-08-19 04:35:00,2023,8,19,4,35,69,69387,Rue de Gerland,45.73215212,4.83888598,Nuit avec éclairage allumé,En agglomération,Hors intersection,Normale,Autre collision,4,2,2,0,1,3,1,0,1,50,1,1,0,1,0,0,34.0,,deux_roues,,5,2,1,1,6
202300005287,2023-08-18 10:00:00,2023,8,18,10,0,69,69383,Rue de Bonnel,45.7616,4.84542,Plein jour,En agglomération,Intersection en X,Normale,Deux véhicules - côté,4,1,3,3,1,1,1,0,1,30,2,2,1,0,0,1,25.0,69.0,deux_roues,voiture,1,2,2,1,3
202300005287,2023-08-18 10:00:00,2023,8,18,10,0,69,69383,Rue de Bonnel,45.7616,4.84542,Plein jour,En agglomération,Intersection en X,Normale,Deux véhicules - côté,4,1,1,3,1,1,1,0,1,30,2,2,1,0,0,1,25.0,69.0,deux_roues,voiture,1,2,2,1,3
202300005288,2023-08-18 00:10:00,2023,8,18,0,10,69,69386,Rue Bossuet,45.76817,4.85445,Nuit avec éclairage allumé,En agglomération,Intersection en X,Normale,Deux véhicules - côté,4,1,1,2,1,1,1,0,1,30,2,3,2,0,0,1,25.0,50.0,voiture,voiture,5,2,2,1,3
202300005288,2023-08-18 00:10:00,2023,8,18,0,10,69,69386,Rue Bossuet,45.76817,4.85445,Nuit avec éclairage allumé,En agglomération,Intersection en X,Normale,Deux véhicules - côté,4,1,1,2,1,1,1,0,1,30,2,3,2,0,0,1,25.0,50.0,voiture,voiture,5,2,2,1,3
202300005289,2023-08-17 20:30:00,2023,8,17,20,30,69,69386,Rue Béranger,45.77022,4.86073,Nuit avec éclairage allumé,En agglomération,Intersection en T,Normale,Deux véhicules - côté,4,1,1,0,1,1,1,0,1,50,2,4,3,0,0,1,37.0,25.0,voiture,deux_roues,5,2,3,1,3
202300005289,2023-08-17 20:30:00,2023,8,17,20,30,69,69386,Rue Béranger,45.77022,4.86073,Nuit avec éclairage allumé,En agglomération,Intersection en T,Normale,Deux véhicules - côté,4,2,2,2,1,1,1,0,1,50,2,4,3,0,0,1,37.0,25.0,voiture,deux_roues,5,2,3,1,3
202300005290,2023-08-17 14:45:00,2023,8,17,14,45,69,69386,Rue Cuvier,45.76707,4.84763,Plein jour,En agglomération,Intersection en X,Normale,Deux véhicules - côté,4,1,1,2,1,1,1,0,1,30,2,2,1,0,0,1,45.0,57.0,voiture,deux_roues,1,2,2,1,3
202300005290,2023-08-17 14:45:00,2023,8,17,14,45,69,69386,Rue Cuvier,45.76707,4.84763,Plein jour,En agglomération,Intersection en X,Normale,Deux véhicules - côté,4,1,1,2,1,1,1,0,1,30,2,2,1,0,0,1,45.0,57.0,voiture,deux_roues,1,2,2,1,3
202300005291,2023-08-16 13:00:00,2023,8,16,13,0,69,69383,66 Rue Ferdinand Buisson,45.74976,4.88983,Plein jour,En agglomération,Intersection en T,Normale,Deux véhicules - côté,4,1,1,2,1,1,1,0,1,30,2,2,1,0,0,1,44.0,31.0,utilitaire_camion,voiture,1,2,3,1,3
202300005291,2023-08-16 13:00:00,2023,8,16,13,0,69,69383,66 Rue Ferdinand Buisson,45.74976,4.88983,Plein jour,En agglomération,Intersection en T,Normale,Deux véhicules - côté,4,1,1,2,1,1,1,0,1,30,2,2,1,0,0,1,44.0,31.0,utilitaire_camion,voiture,1,2,3,1,3
202300005292,2023-08-19 07:30:00,2023,8,19,7,30,972,97213,AUTOROUTE A1,14.5993,-60.99961,Plein jour,Hors agglomération,Hors intersection,Normale,Deux véhicules - arrière,1,1,4,0,1,1,1,0,1,90,2,2,1,0,0,1,23.0,31.0,voiture,voiture,1,1,1,1,2
202300005293,2023-08-18 13:50:00,2023,8,18,13,50,972,97213,AUTOROUTE A1,14.59846,-60.99909,Plein jour,Hors agglomération,Hors intersection,Normale,Autre collision,1,1,3,0,1,1,1,0,1,90,1,1,0,0,1,0,44.0,,deux_roues,,1,1,1,1,6
202300005294,2023-08-18 08:50:00,2023,8,18,8,50,972,97213,AUTOROUTE A1,14.61829,-61.02624,Plein jour,Hors agglomération,Hors intersection,Normale,Deux véhicules - côté,1,1,0,0,1,1,1,0,1,90,2,2,1,0,0,1,47.0,44.0,utilitaire_camion,voiture,1,1,1,1,3
202300005295,2023-08-17 18:55:00,2023,8,17,18,55,972,97213,AUTOROUTE A1,14.61849,-61.02325,Nuit avec éclairage allumé,Hors agglomération,Hors intersection,Pluie légère,Deux véhicules - arrière,1,3,6,3,1,1,2,0,1,90,2,3,2,0,0,1,79.0,59.0,voiture,voiture,5,1,1,2,2
202300005296,2023-08-17 10:00:00,2023,8,17,10,0,972,97213,ROUTE DEPARTEMENTALE 3,14.61867875,-60.98799089,Plein jour,Hors agglomération,Intersection en Y,Temps couvert,Trois véhicules et plus - en chaîne,3,2,2,0,2,2,2,0,1,90,4,5,3,0,0,2,71.0,43.0,voiture,voiture,1,1,4,8,4
202300005296,2023-08-17 10:00:00,2023,8,17,10,0,972,97213,ROUTE DEPARTEMENTALE 3,14.61867875,-60.98799089,Plein jour,Hors agglomération,Intersection en Y,Temps couvert,Trois véhicules et plus - en chaîne,3,2,1,0,1,1,2,0,8,30,4,5,3,0,0,2,71.0,43.0,voiture,voiture,1,1,4,8,4
202300005297,2023-08-19 11:50:00,2023,8,19,11,50,69,69034,Rue Pasteur,45.79778,4.85097,Plein jour,En agglomération,Hors intersection,Normale,Deux véhicules - côté,4,2,2,0,1,1,1,0,1,50,2,2,1,0,0,1,69.0,54.0,deux_roues,voiture,1,2,1,1,3
202300005298,2023-08-16 10:07:00,2023,8,16,10,7,69,69384,50 Quai Joseph Gillet,45.77899397,4.81123903,Plein jour,En agglomération,Hors intersection,Pluie légère,Deux véhicules - arrière,4,2,3,2,1,1,2,0,1,50,2,2,1,0,0,1,28.0,65.0,deux_roues,voiture,1,2,1,2,2
202300005299,2023-08-18 01:30:00,2023,8,18,1,30,2B,2B033,AV DE LA LIBERATION,42.67971,9.44317,Nuit avec éclairage allumé,En agglomération,Hors intersection,Normale,Autre collision,4,2,0,0,1,1,1,0,1,50,2,2,1,0,1,0,34.0,34.0,voiture,deux_roues,5,2,1,1,6
202300005300,2023-08-19 04:15:00,2023,8,19,4,15,971,97120,HANNE (BOULEVARD),16.24009,-61.53203,Nuit avec éclairage allumé,En agglomération,Autre intersection,Normale,Deux véhicules - côté,3,-1,2,0,1,1,1,9,1,50,2,2,0,0,0,2,27.0,60.0,voiture,voiture,5,2,9,1,3
202300005301,2023-08-16 20:45:00,2023,8,16,20,45,971,97101,ROUTE DES ABYMES,16.26815,-61.50485,Nuit avec éclairage non allumé,Hors agglomération,Hors intersection,Normale,Autre collision,4,2,2,0,2,1,1,0,4,50,1,2,1,0,0,1,69.0,,voiture,,4,1,1,1,6
202300005302,2023-08-16 05:15:00,2023,8,16,5,15,971,97101,PATRICK SAINT ELOI ( AVENUE ),16.25164,-61.52691,Nuit avec éclairage allumé,En agglomération,Hors intersection,Normale,Deux véhicules - côté,2,2,2,0,1,1,1,0,1,50,2,2,1,0,0,1,34.0,53.0,voiture,deux_roues,5,2,1,1,3
202300005303,2023-08-16 00:25:00,2023,8,16,0,25,971,97101,PATRICK SAINT ELOI ( AVENUE ),16.25368,-61.52348,Nuit avec éclairage allumé,En agglomération,Hors intersection,Normale,Autre collision,2,2,2,0,1,1,1,0,1,50,1,2,1,0,1,0,,,voiture,,5,2,1,1,6
202300005304,2023-08-17 12:15:00,2023,8,17,12,15,2A,2A004,T20,41.9449958,8.81118804,Plein jour,Hors agglomération,Hors intersection,Normale,Trois véhicules et plus - en chaîne,2,3,2,0,1,1,1,0,1,80,3,4,2,0,0,2,21.0,84.0,autre,voiture,1,1,1,1,4
202300005305,2023-08-16 08:34:00,2023,8,16,8,34,2A,2A004,RECCO ABBE BOULEVARD,41.938047,8.740074,Plein jour,En agglomération,Hors intersection,Normale,Deux véhicules - arrière,4,1,2,3,1,1,1,0,6,50,2,2,1,0,0,1,23.0,44.0,deux_roues,voiture,1,2,1,1,2
202300005306,2023-08-17 14:50:00,2023,8,17,14,50,95,95268,D84,48.96595112,2.40869497,Plein jour,Hors agglomération,Hors intersection,Normale,Deux véhicules - frontale,3,2,2,0,1,1,1,0,1,70,2,3,0,0,2,1,58.0,52.0,voiture,utilitaire_camion,1,1,1,1,1
202300005307,2023-08-18 11:10:00,2023,8,18,11,10,95,95555,D14,48.9654,2.283,Plein jour,En agglomération,Hors intersection,Normale,Deux véhicules - frontale,3,3,4,0,1,1,1,0,1,50,2,3,2,0,0,1,87.0,60.0,voiture,deux_roues,1,2,1,1,1
202300005308,2023-08-18 09:25:00,2023,8,18,9,25,91,91122,CHARTRES (ROUTE DE),48.69515,2.167654,Plein jour,En agglomération,Hors intersection,Normale,Deux véhicules - frontale,3,2,2,0,1,1,1,0,1,50,2,2,0,0,0,2,56.0,69.0,voiture,voiture,1,2,1,1,1
202300005309,2023-08-13 19:45:00,2023,8,13,19,45,91,91097,AV JEAN MOULIN,48.68124,2.53038,Crépuscule ou aube,En agglomération,Hors intersection,Normale,Autre collision,3,2,4,0,2,1,1,0,1,50,1,1,0,0,0,1,37.0,,voiture,,2,2,1,1,6
202300005310,2023-08-18 18:30:00,2023,8,18,18,30,91,91027,AV FRANCOIS MITTERRAND,48.71401,2.37267,Plein jour,En agglomération,Hors intersection,Normale,Autre collision,3,-1,2,0,1,1,1,0,1,30,1,2,1,0,0,1,57.0,,utilitaire_camion,,1,2,1,1,6
202300005311,2023-08-15 16:45:00,2023,8,15,16,45,89,89387,ARISTIDE BRIAND (BOULEVARD),48.20496,3.28495,Plein jour,En agglomération,Intersection en X,Normale,Deux véhicules - côté,4,2,3,0,1,1,1,9,1,50,2,2,1,0,0,1,35.0,82.0,utilitaire_camion,voiture,1,2,2,1,3
202300005311,2023-08-15 16:45:00,2023,8,15,16,45,89,89387,ARISTIDE BRIAND (BOULEVARD),48.20496,3.28495,Plein jour,En agglomération,Intersection en X,Normale,Deux véhicules - côté,4,2,2,0,1,1,1,9,1,50,2,2,1,0,0,1,35.0,82.0,utilitaire_camion,voiture,1,2,2,1,3
202300005312,2023-08-15 16:55:00,2023,8,15,16,55,87,87114,BASTIE (MARYSE-),45.83475,1.30707,Plein jour,En agglomération,Hors intersection,Normale,Autre collision,4,2,2,0,1,1,1,0,1,50,1,2,1,0,0,1,19.0,,voiture,,1,2,1,1,6
202300005313,2023-08-16 12:39:00,2023,8,16,12,39,87,87085,CHASSAGNE (RUE JEAN),45.81322,1.24304,Plein jour,En agglomération,Hors intersection,Normale,Autre collision,4,2,2,0,2,2,1,0,1,50,1,1,0,0,0,1,32.0,,voiture,,1,2,1,1,6
202300005314,2023-08-15 07:54:00,2023,8,15,7,54,87,87113,MITTERRAND (AVENUE FRANCOIS),45.873685,1.343044,Plein jour,Hors agglomération,Hors intersection,Pluie légère,Autre collision,3,2,2,0,1,2,2,0,1,80,1,1,0,0,0,1,21.0,,voiture,,1,1,1,2,6