accident_id,datetime,annee,mois,jour,heure,minute,departement,commune_insee,adresse,latitude,longitude,luminosite,agglomeration,intersection,meteo,collision,catr,circ,nbv,vosp,prof,plan,surf,infra,situ,vma,nb_vehicules,nb_usagers,nb_indemnes,nb_tues,nb_blesses_hosp,nb_blesses_legers,age_cond_1,age_cond_2,veh_type_cond_1,veh_type_cond_2,lum_code,agg_code,int_code,atm_code,col_code
202300005601,2023-10-20 20:10:00,2023,10,20,20,10,64,64122,SALON (RUE DE),43.46283,-1.55889,Nuit avec éclairage allumé,En agglomération,Hors intersection,Pluie légère,Autre collision,4,2,2,0,2,3,2,0,1,30,1,1,0,0,1,0,56.0,,voiture,,5,2,1,2,6
202300005602,2023-09-21 13:10:00,2023,9,21,13,10,95,95280,SARRAUT ALBERT (AVENUE),49.03771145,2.45500982,Plein jour,En agglomération,Intersection en T,Pluie forte,Deux véhicules - côté,4,2,2,0,1,1,2,0,1,50,2,3,0,0,0,3,26.0,29.0,voiture,utilitaire_camion,1,2,3,3,3
202300005602,2023-09-21 13:10:00,2023,9,21,13,10,95,95280,SARRAUT ALBERT (AVENUE),49.03771145,2.45500982,Plein jour,En agglomération,Intersection en T,Pluie forte,Deux véhicules - côté,4,2,2,0,1,1,2,0,1,50,2,3,0,0,0,3,26.0,29.0,voiture,utilitaire_camion,1,2,3,3,3
202300005603,2023-09-10 21:45:00,2023,9,10,21,45,91,91570,ROSIERES (RUE),48.625331,2.311606,Nuit avec éclairage non allumé,Hors agglomération,Intersection en T,Normale,Deux véhicules - côté,2,2,0,0,1,1,1,0,1,50,2,6,1,0,0,5,38.0,51.0,voiture,utilitaire_camion,4,1,3,1,3
202300005603,2023-09-10 21:45:00,2023,9,10,21,45,91,91570,ROSIERES (RUE),48.625331,2.311606,Nuit avec éclairage non allumé,Hors agglomération,Intersection en T,Normale,Deux véhicules - côté,2,1,1,0,2,1,1,3,1,50,2,6,1,0,0,5,38.0,51.0,voiture,utilitaire_camion,4,1,3,1,3
202300005604,2023-09-21 05:10:00,2023,9,21,5,10,91,91689,RD 118,48.71454,2.33456,Nuit sans éclairage public,Hors agglomération,Hors intersection,Pluie légère,Deux véhicules - arrière,3,2,2,0,1,1,2,0,1,30,2,2,1,0,0,1,36.0,35.0,utilitaire_camion,voiture,3,1,1,2,2
202300005605,2023-09-21 12:00:00,2023,9,21,12,0,91,91215,AV CHARLES GOUNOD,48.69563,2.5222,Plein jour,En agglomération,Intersection en T,Pluie forte,Autre collision,4,2,1,0,1,1,2,0,1,30,1,2,1,0,0,1,25.0,,utilitaire_camion,,1,2,3,3,6
202300005605,2023-09-21 12:00:00,2023,9,21,12,0,91,91215,AV CHARLES GOUNOD,48.69563,2.5222,Plein jour,En agglomération,Intersection en T,Pluie forte,Autre collision,4,2,1,0,1,1,2,0,8,30,1,2,1,0,0,1,25.0,,utilitaire_camion,,1,2,3,3,6
202300005606,2023-10-23 22:50:00,2023,10,23,22,50,59,59350,CORDONNIER DENIS AVENUE,50.62451,3.0821,Nuit avec éclairage allumé,En agglomération,Hors intersection,Pluie légère,Autre collision,7,3,3,0,1,1,2,2,1,30,3,3,2,0,0,1,,55.0,voiture,voiture,5,2,1,2,6
202300005607,2023-09-20 17:00:00,2023,9,20,17,0,91,91691,RENE COTY(RUE),48.7184,2.48879,Plein jour,En agglomération,Hors intersection,Normale,Deux véhicules - côté,4,2,2,0,3,1,1,0,1,30,2,2,1,0,0,1,61.0,43.0,voiture,voiture,1,2,1,1,3
202300005608,2023-10-20 18:45:00,2023,10,20,18,45,56,56098,CLEMENT (RUE  JEAN-BAPTISTE ),47.77312,-3.33998,Nuit avec éclairage allumé,En agglomération,Hors intersection,Pluie légère,Sans collision,4,2,2,0,1,1,2,0,1,50,1,1,0,0,0,1,24.0,,deux_roues,,5,2,1,2,7
202300005609,2023-09-21 13:10:00,2023,9,21,13,10,91,91027,AV MONTESQUIEU,48.7056,2.35963,Plein jour,En agglomération,Intersection en T,Pluie forte,Deux véhicules - côté,3,2,2,1,1,1,2,0,1,50,2,2,1,0,0,1,30.0,32.0,voiture,voiture,1,2,3,3,3
202300005609,2023-09-21 13:10:00,2023,9,21,13,10,91,91027,AV MONTESQUIEU,48.7056,2.35963,Plein jour,En agglomération,Intersection en T,Pluie forte,Deux véhicules - côté,3,2,2,0,1,1,2,0,1,50,2,2,1,0,0,1,30.0,32.0,voiture,voiture,1,2,3,3,3
202300005610,2023-09-21 08:00:00,2023,9,21,8,0,88,88413,Rue SAINT CHARLES,48.28826,6.9517,Plein jour,En agglomération,Hors intersection,Normale,Deux véhicules - arrière,3,2,2,0,2,1,1,0,1,50,2,2,1,0,0,1,82.0,58.0,voiture,deux_roues,1,2,1,1,2
202300005611,2023-09-20 15:49:00,2023,9,20,15,49,87,87050,BASTIE (AVE MARYSE),45.8902,1.22892,Plein jour,En agglomération,Hors intersection,Normale,Deux véhicules - côté,4,2,2,0,1,1,1,0,1,50,2,2,1,0,0,1,50.0,24.0,utilitaire_camion,deux_roues,1,2,1,1,3
202300005612,2023-10-23 22:31:00,2023,10,23,22,31,45,45286,61 Rue du Moulin,47.87643486,1.92668876,Nuit avec éclairage allumé,En agglomération,Hors intersection,Pluie légère,Autre collision,4,2,2,0,1,1,2,0,4,50,1,2,1,0,0,1,21.0,,voiture,,5,2,1,2,6
202300005613,2023-09-20 17:05:00,2023,9,20,17,5,84,84035,MARSEILLE-RD938 (ROUTE DE),43.82763,5.03272,Plein jour,En agglomération,Hors intersection,Pluie forte,Deux véhicules - côté,3,2,2,0,1,3,2,0,1,50,2,5,1,0,1,3,48.0,59.0,utilitaire_camion,voiture,1,2,1,3,3
202300005614,2023-09-21 03:40:00,2023,9,21,3,40,82,82121,ALLENDE (RUE DU PRESIDENT SALVADOR),44.02348677,1.36286795,Nuit avec éclairage allumé,En agglomération,Intersection en T,Normale,Deux véhicules - frontale,4,3,2,0,4,1,1,0,1,50,2,2,0,1,1,0,19.0,20.0,voiture,voiture,5,2,3,1,1
202300005614,2023-09-21 03:40:00,2023,9,21,3,40,82,82121,ALLENDE (RUE DU PRESIDENT SALVADOR),44.02348677,1.36286795,Nuit avec éclairage allumé,En agglomération,Intersection en T,Normale,Deux véhicules - frontale,4,2,2,0,3,1,1,0,1,50,2,2,0,1,1,0,19.0,20.0,voiture,voiture,5,2,3,1,1
202300005615,2023-10-10 09:10:00,2023,10,10,9,10,42,42187,Rue Benoit Malon,46.03447,4.06958,Plein jour,En agglomération,Intersection en X,Temps éblouissant,Autre collision,4,1,1,0,1,1,1,0,1,30,1,2,1,0,1,0,47.0,,voiture,,1,2,2,7,6
202300005615,2023-10-10 09:10:00,2023,10,10,9,10,42,42187,Rue Benoit Malon,46.03447,4.06958,Plein jour,En agglomération,Intersection en X,Temps éblouissant,Autre collision,4,1,1,0,1,1,1,0,1,30,1,2,1,0,1,0,47.0,,voiture,,1,2,2,7,6
202300005616,2023-09-20 20:40:00,2023,9,20,20,40,81,81244,BLAYE ( AVENUE DE ),44.04704,2.13398,Nuit avec éclairage allumé,Hors agglomération,Hors intersection,Normale,Autre collision,3,2,2,0,2,1,1,0,1,50,1,2,1,0,1,0,22.0,,voiture,,5,1,1,1,6
202300005617,2023-09-20 17:47:00,2023,9,20,17,47,79,79329,,46.97558,-0.21557,Plein jour,En agglomération,Hors intersection,Normale,Sans collision,4,2,2,0,1,1,1,0,1,50,1,2,1,0,0,1,20.0,,deux_roues,,1,2,1,1,7
202300005618,2023-10-23 14:48:00,2023,10,23,14,48,40,40192,MARTYRS DE LA RÉSISTANCE (AV DES),43.8875,-0.50992,Plein jour,En agglomération,Hors intersection,Normale,Deux véhicules - arrière,3,2,2,0,1,1,1,0,1,50,2,2,1,1,0,0,18.0,16.0,voiture,deux_roues,1,2,1,1,2
202300005619,2023-09-21 08:00:00,2023,9,21,8,0,78,78650,BOCAGES (RUE DES),48.89565,2.13935,Plein jour,En agglomération,Intersection en X,Pluie forte,Autre collision,4,2,2,0,1,1,2,0,1,50,1,4,2,0,0,2,58.0,,voiture,,1,2,2,3,6
202300005619,2023-09-21 08:00:00,2023,9,21,8,0,78,78650,BOCAGES (RUE DES),48.89565,2.13935,Plein jour,En agglomération,Intersection en X,Pluie forte,Autre collision,4,-1, -1,-1,1,1,2,0,1,-1,1,4,2,0,0,2,58.0,,voiture,,1,2,2,3,6
202300005620,2023-10-23 19:55:00,2023,10,23,19,55,38,38169,LANGEVIN (BOULEVARD P.)       (1 A 61),45.18988,5.68254,Nuit avec éclairage allumé,En agglomération,Hors intersection,Temps couvert,Deux véhicules - arrière,7,1,0,0,1,1,1,0,1,50,2,2,1,0,1,0,,26.0,autre,deux_roues,5,2,1,8,2
202300005621,2023-10-23 07:55:00,2023,10,23,7,55,37,37261,RENAULT (RUE DU GAL),47.37971,0.68033,Crépuscule ou aube,En agglomération,Hors intersection,Normale,Deux véhicules - frontale,4,2,2,2,1,1,1,0,1,50,2,2,1,0,0,1,63.0,49.0,deux_roues,transport_commun,2,2,1,1,1
202300005622,2023-10-23 11:20:00,2023,10,23,11,20,34,34172,ABRIVADO (RUE DE L'),43.589717,3.88753,Plein jour,En agglomération,Hors intersection,Temps couvert,Deux véhicules - côté,4,1,2,0,1,4,1,0,8,50,2,2,1,0,0,1,46.0,25.0,deux_roues,utilitaire_camion,1,2,1,8,3
202300005623,2023-09-21 16:40:00,2023,9,21,16,40,77,77307,AV DE L EUROPE,48.85553,2.76928,Plein jour,En agglomération,Giratoire,Pluie forte,Autre collision,3,3,0,0,1,1,2,5,1,50,1,2,1,0,1,0,31.0,,utilitaire_camion,,1,2,6,3,6
202300005624,2023-10-23 23:05:00,2023,10,23,23,5,33,33063,Rue Ernest Renan,44.84969,-0.59198,Nuit avec éclairage allumé,En agglomération,Intersection en X,Pluie légère,Deux véhicules - côté,4,1,1,2,1,1,2,0,1,30,2,2,1,0,0,1,38.0,15.0,voiture,deux_roues,5,2,2,2,3
202300005624,2023-10-23 23:05:00,2023,10,23,23,5,33,33063,Rue Ernest Renan,44.84969,-0.59198,Nuit avec éclairage allumé,En agglomération,Intersection en X,Pluie légère,Deux véhicules - côté,4,1,1,2,1,1,2,0,1,30,2,2,1,0,0,1,38.0,15.0,voiture,deux_roues,5,2,2,2,3
202300005625,2023-09-21 11:25:00,2023,9,21,11,25,77,77014,FRANKLIN ROOSEVELT (AVENUE),48.41568,2.72084,Plein jour,En agglomération,Hors intersection,Pluie légère,Autre collision,3,3,2,0,1,1,2,9,1,50,1,2,1,0,0,1,89.0,,voiture,,1,2,1,2,6
202300005626,2023-10-23 07:08:00,2023,10,23,7,8,33,33192,Rue de Benedigues,44.77731,-0.59285,Nuit avec éclairage allumé,En agglomération,Giratoire,Pluie forte,Deux véhicules - côté,4,2,2,-1,1,1,2,0,1,50,2,2,1,0,0,1,27.0,22.0,voiture,deux_roues,5,2,6,3,3
202300005626,2023-10-23 07:08:00,2023,10,23,7,8,33,33192,Rue de Benedigues,44.77731,-0.59285,Nuit avec éclairage allumé,En agglomération,Giratoire,Pluie forte,Deux véhicules - côté,4,2,2,2,1,3,2,0,1,50,2,2,1,0,0,1,27.0,22.0,voiture,deux_roues,5,2,6,3,3
202300005627,2023-09-21 07:15:00,2023,9,21,7,15,77,77131,FLORNOY BERTRAND  (RUE),48.80953,3.08285,Crépuscule ou aube,En agglomération,Hors intersection,Pluie légère,Autre collision,4,2,2,0,1,1,2,0,1,30,1,2,1,0,0,1,23.0,,voiture,,2,2,1,2,6
202300005628,2023-06-16 07:10:00,2023,6,16,7,10,76,76540,Quai de Boisguilbert,49.44410107,1.07201242,Crépuscule ou aube,En agglomération,Intersection en T,Normale,Deux véhicules - côté,7,2,5,0,1,1,1,0,1,50,2,2,0,0,0,2,57.0,24.0,voiture,voiture,2,2,3,1,3
202300005628,2023-06-16 07:10:00,2023,6,16,7,10,76,76540,Quai de Boisguilbert,49.44410107,1.07201242,Crépuscule ou aube,En agglomération,Intersection en T,Normale,Deux véhicules - côté,7,2,2,0,1,1,1,0,1,50,2,2,0,0,0,2,57.0,24.0,voiture,voiture,2,2,3,1,3
202300005629,2023-09-21 09:40:00,2023,9,21,9,40,74,74012,EUROPE (AVENUE DE L'),46.178579,6.236726,Plein jour,En agglomération,Hors intersection,Normale,Deux véhicules - côté,4,2,2,0,2,1,1,0,1,50,2,2,1,0,0,1,39.0,43.0,voiture,deux_roues,1,2,1,1,3
202300005630,2023-10-23 08:49:00,2023,10,23,8,49,27,27681,BONNARD (RUE PIERRE),49.098,1.4892,Crépuscule ou aube,En agglomération,Hors intersection,Temps couvert,Autre collision,3,-1,2,1,1,1,1,0,4,30,1,1,0,0,0,1,43.0,,deux_roues,,2,2,1,8,6
202300005631,2023-09-20 14:50:00,2023,9,20,14,50,72,72181,FOUCAUDIERE (PONT DE LA),47.97461,0.19346,Plein jour,En agglomération,Autre intersection,Normale,Autre collision,4,2,2,0,1,1,1,0,1,50,1,2,1,0,0,1,23.0,,voiture,,1,2,9,1,6
202300005632,2023-10-23 19:25:00,2023,10,23,19,25,26,26362,Avenue Victor Hugo,44.92213,4.88659,Nuit avec éclairage allumé,En agglomération,Hors intersection,Normale,Autre collision,4,3,2,0,1,1,1,0,1,50,1,2,1,0,1,0,67.0,,transport_commun,,5,2,1,1,6
202300005633,2023-09-21 15:50:00,2023,9,21,15,50,71,71153,CRETES (PROMENADE DES),46.80895,4.39689,Plein jour,En agglomération,Hors intersection,Pluie forte,Autre collision,4,2,2,0,4,1,2,0,1,50,1,2,1,0,0,1,19.0,,voiture,,1,2,1,3,6
202300005634,2023-09-21 20:10:00,2023,9,21,20,10,69,69266,Rue Jean Voillot,45.75176402,4.91211802,Nuit sans éclairage public,En agglomération,Hors intersection,Pluie forte,Deux véhicules - frontale,4,1,1,2,1,1,2,0,1,30,2,2,1,0,0,1,46.0,49.0,transport_commun,deux_roues,3,2,1,3,1
202300005635,2023-09-21 16:20:00,2023,9,21,16,20,69,69266,Rue Frédéric Mistral,45.75561302,4.87621041,Plein jour,En agglomération,Intersection en X,Normale,Autre collision,4,2,2,0,1,1,1,0,1,50,1,2,1,0,0,1,22.0,,voiture,,1,2,2,1,6
202300005635,2023-09-21 16:20:00,2023,9,21,16,20,69,69266,Rue Frédéric Mistral,45.75561302,4.87621041,Plein jour,En agglomération,Intersection en X,Normale,Autre collision,4,2,4,2,1,1,1,0,1,50,1,2,1,0,0,1,22.0,,voiture,,1,2,2,1,6
202300005636,2023-10-23 22:45:00,2023,10,23,22,45,25,25056,OUEST BOULEVARD,47.21723,5.98587,Nuit sans éclairage public,Hors agglomération,Hors intersection,Pluie forte,Deux véhicules - frontale,2,2,2,0,1,3,2,0,1,70,2,2,1,0,1,0,54.0,32.0,utilitaire_camion,voiture,3,1,1,3,1
202300005637,2023-09-20 18:00:00,2023,9,20,18,0,67,67218,LYON (RTE DE),48.52877,7.710624,Plein jour,En agglomération,Hors intersection,Normale,Deux véhicules - côté,4,2,2,2,1,1,1,0,1,50,2,2,1,0,1,0,74.0,67.0,deux_roues,voiture,1,2,1,1,3
202300005638,2023-09-20 10:45:00,2023,9,20,10,45,67,67447,EUROPE (AVENUE DE L ),48.61323869,7.7163358,Plein jour,En agglomération,Intersection en T,Temps éblouissant,Deux véhicules - côté,4,2,4,3,1,1,1,5,1,50,2,2,1,0,0,1,41.0,22.0,deux_roues,voiture,1,2,3,7,3
202300005638,2023-09-20 10:45:00,2023,9,20,10,45,67,67447,EUROPE (AVENUE DE L ),48.61323869,7.7163358,Plein jour,En agglomération,Intersection en T,Temps éblouissant,Deux véhicules - côté,4,2,2,0,1,1,1,0,1,50,2,2,1,0,0,1,41.0,22.0,deux_roues,voiture,1,2,3,7,3
202300005639,2023-10-23 21:10:00,2023,10,23,21,10,18,18180,,47.040517,2.416402,Nuit sans éclairage public,Hors agglomération,Autre intersection,Normale,Autre collision,2,3,2,0,1,1,1,0,1,80,1,2,1,1,0,0,52.0,,utilitaire_camion,,3,1,9,1,6
202300005640,2023-09-21 09:45:00,2023,9,21,9,45,66,66136,,42.69324,2.90391,Plein jour,En agglomération,Intersection à plus de 4 branches,Normale,Autre collision,4,2,#VALEURMULTI,0,1,1,1,0,1,50,1,2,1,0,0,1,36.0,,voiture,,1,2,5,1,6
202300005641,2023-09-21 07:00:00,2023,9,21,7,0,66,66136,,42.73453746,2.88592279,Plein jour,En agglomération,Hors intersection,Normale,Deux véhicules - arrière,4,1,2,0,1,1,1,0,1,70,2,2,1,0,0,1,42.0,61.0,utilitaire_camion,voiture,1,2,1,1,2
202300005642,2023-09-21 18:10:00,2023,9,21,18,10,64,64445,CHAMPETIER DE RIBES,43.30458,-0.37714,Plein jour,En agglomération,Autre intersection,Pluie légère,Autre collision,4,2,2,0,1,1,2,9,1,50,1,2,1,0,0,1,63.0,,voiture,,1,2,9,2,6
202300005643,2023-10-23 19:20:00,2023,10,23,19,20,17,17415,DOUMER 2 A 143 /ROC.OUEST COURS PAUL,45.746237,-0.664578,Nuit avec éclairage allumé,En agglomération,Intersection en X,Pluie forte,Deux véhicules - côté,4,2,2,0,1,1,2,5,1,50,2,2,1,0,0,1,69.0,24.0,voiture,voiture,5,2,2,3,3
202300005643,2023-10-23 19:20:00,2023,10,23,19,20,17,17415,DOUMER 2 A 143 /ROC.OUEST COURS PAUL,45.746237,-0.664578,Nuit avec éclairage allumé,En agglomération,Intersection en X,Pluie forte,Deux véhicules - côté,4,2,2,0,1,1,2,5,1,50,2,2,1,0,0,1,69.0,24.0,voiture,voiture,5,2,2,3,3
202300005644,2023-09-21 13:00:00,2023,9,21,13,0,64,64041,MATACHOT,43.28089,-0.33287,Plein jour,En agglomération,Autre intersection,Pluie légère,Deux véhicules - frontale,4,2,2,0,1,1,2,9,1,50,2,2,1,0,0,1,58.0,16.0,voiture,deux_roues,1,2,9,2,1
202300005645,2023-09-19 17:08:00,2023,9,19,17,8,64,64102,MAUBEC (RUE),43.49794,-1.46761,Plein jour,En agglomération,Hors intersection,Normale,Autre collision,4,2,2,0,2,1,1,0,1,30,1,3,2,0,0,1,59.0,,utilitaire_camion,,1,2,1,1,6
202300005646,2023-10-13 15:45:00,2023,10,13,15,45,15,15014,Avenue du Général Milhaud,44.92156,2.43567,Plein jour,En agglomération,Giratoire,Normale,Deux véhicules - côté,4,-1,2,0,3,3,1,5,1,30,2,2,1,0,0,1,24.0,79.0,deux_roues,voiture,1,2,6,1,3
202300005647,2023-10-21 14:10:00,2023,10,21,14,10,13,13204,PIERRE ROCHE (RUE),43.3097,5.4015,Plein jour,En agglomération,Intersection en T,Normale,Deux véhicules - côté,4,-1,1,0,1,1,1,0,1,50,2,2,1,0,0,1,16.0,,deux_roues,voiture,1,2,3,1,3
202300005647,2023-10-21 14:10:00,2023,10,21,14,10,13,13204,PIERRE ROCHE (RUE),43.3097,5.4015,Plein jour,En agglomération,Intersection en T,Normale,Deux véhicules - côté,4,1,1,0,1,1,1,0,1,50,2,2,1,0,0,1,16.0,,deux_roues,voiture,1,2,3,1,3
202300005648,2023-09-21 20:11:00,2023,9,21,20,11,63,63032,NOELLET (AVENUE JEAN),45.7576,3.1028,Crépuscule ou aube,En agglomération,Hors intersection,Normale,Deux véhicules - côté,7,2,2,0,2,1,1,0,1,50,2,2,1,0,0,1,59.0,29.0,voiture,deux_roues,2,2,1,1,3
202300005649,2023-10-23 20:30:00,2023,10,23,20,30,06,06088,ANGLAIS (A PARTIR DU N° 351),43.67164,7.22438,Nuit avec éclairage allumé,En agglomération,Hors intersection,Normale,Deux véhicules - côté,7,3,6,0,1,1,1,0,1,50,2,2,1,1,0,0,54.0,21.0,voiture,deux_roues,5,2,1,1,3
202300005650,2023-10-23 11:30:00,2023,10,23,11,30,01,01053,RECAMIER ( RUE JULIETTE),46.21265,5.23958,Plein jour,En agglomération,Hors intersection,Pluie légère,Autre collision,4,-1,2,0,1,1,2,0,1,50,1,2,1,0,0,1,85.0,,voiture,,1,2,1,2,6
202300005651,2023-09-10 07:15:00,2023,9,10,7,15,62,62133,D46,50.412762,2.909866,Plein jour,En agglomération,Hors intersection,Normale,Sans collision,3,2,2,0,1,1,1,0,1,50,1,1,0,0,1,0,32.0,,deux_roues,,1,2,1,1,7
202300005652,2023-10-23 08:00:00,2023,10,23,8,0,75,75118,PORTE DE SAINT OUEN,48.900847,2.334437,Crépuscule ou aube,En agglomération,Hors intersection,Normale,Deux véhicules - côté,4,1,4,0,1,1,1,0,1,70,2,2,1,0,0,1,25.0,25.0,voiture,deux_roues,2,2,1,1,3
202300005653,2023-10-22 21:45:00,2023,10,22,21,45,75,75118,PORTE DE CLIGNANCOURT,48.901047,2.344,Nuit avec éclairage allumé,En agglomération,Hors intersection,Normale,Deux véhicules - arrière,4,1,4,0,1,1,1,0,1,70,2,4,3,0,0,1,33.0,43.0,voiture,voiture,5,2,1,1,2
202300005654,2023-10-22 19:15:00,2023,10,22,19,15,75,75120,PORTE DE BAGNOLET,48.866942,2.41322,Nuit avec éclairage non allumé,En agglomération,Hors intersection,Normale,Deux véhicules - côté,4,1,4,0,1,1,1,0,1,70,2,2,1,0,0,1,24.0,23.0,deux_roues,voiture,4,2,1,1,3
202300005655,2023-10-23 12:50:00,2023,10,23,12,50,75,75119,AVENUE DE LA PORTE DES LILAS,48.878169,2.409362,Plein jour,En agglomération,Intersection en X,Pluie légère,Deux véhicules - arrière,4,-1,6,3,1,1,2,0,1,30,2,3,2,0,0,1,48.0,49.0,transport_commun,utilitaire_camion,1,2,2,2,2
202300005655,2023-10-23 12:50:00,2023,10,23,12,50,75,75119,AVENUE DE LA PORTE DES LILAS,48.878169,2.409362,Plein jour,En agglomération,Intersection en X,Pluie légère,Deux véhicules - arrière,4,2,2,0,2,1,2,0,1,30,2,3,2,0,0,1,48.0,49.0,transport_commun,utilitaire_camion,1,2,2,2,2
202300005656,2023-10-23 18:25:00,2023,10,23,18,25,75,75119,AVENUE DE FLANDRE,48.88545,2.370203,Plein jour,En agglomération,Hors intersection,Pluie légère,Deux véhicules - arrière,4,1,2,0,1,1,2,0,1,30,2,2,1,0,0,1,27.0,,deux_roues,voiture,1,2,1,2,2
202300005657,2023-10-23 01:20:00,2023,10,23,1,20,75,75119,PLACE DE LA BATAILLE DE STALINGRAD,48.88324994,2.36913085,Nuit avec éclairage allumé,En agglomération,Place,Normale,Deux véhicules - frontale,4,3,0,0,1,1,1,0,1,30,2,2,1,0,0,1,21.0,60.0,deux_roues,voiture,5,2,7,1,1
202300005658,2023-10-23 13:20:00,2023,10,23,13,20,75,75118,RUE JOSEPH DE MAISTRE,48.888748,2.331806,Plein jour,En agglomération,Intersection en X,Pluie forte,Autre collision,4,1, -1,-1,1,1,2,0,1,-1,1,2,1,0,0,1,57.0,,voiture,,1,2,2,3,6
202300005658,2023-10-23 13:20:00,2023,10,23,13,20,75,75118,RUE JOSEPH DE MAISTRE,48.888748,2.331806,Plein jour,En agglomération,Intersection en X,Pluie forte,Autre collision,4,2,2,0,2,1,2,0,1,30,1,2,1,0,0,1,57.0,,voiture,,1,2,2,3,6
202300005659,2023-10-23 22:55:00,2023,10,23,22,55,75,75117,RUE DENIS POISSON,48.877134,2.287668,Nuit avec éclairage allumé,En agglomération,Hors intersection,Temps couvert,Sans collision,4,1,1,0,2,1,2,0,1,30,1,1,0,0,0,1,29.0,,deux_roues,,5,2,1,8,7
202300005660,2023-10-23 15:15:00,2023,10,23,15,15,75,75116,AVENUE PAUL DOUMER,48.860223,2.281057,Plein jour,En agglomération,Intersection en X,Pluie légère,Autre collision,4,-1,2,0,1,1,2,0,1,30,1,2,1,0,0,1,45.0,,voiture,,1,2,2,2,6
202300005660,2023-10-23 15:15:00,2023,10,23,15,15,75,75116,AVENUE PAUL DOUMER,48.860223,2.281057,Plein jour,En agglomération,Intersection en X,Pluie légère,Autre collision,4,1, -1,-1,1,1,2,0,1,-1,1,2,1,0,0,1,45.0,,voiture,,1,2,2,2,6
202300005661,2023-10-23 07:50:00,2023,10,23,7,50,75,75116,VOIE GEORGES POMPIDOU,48.843522,2.271174,Plein jour,En agglomération,Hors intersection,Temps couvert,Sans collision,4,1,1,1,1,1,1,-1,5,30,1,1,0,0,0,1,58.0,,deux_roues,,1,2,1,8,7
202300005662,2023-10-23 11:30:00,2023,10,23,11,30,75,75113,PORTE D ITALIE,48.815747,2.36070335,Plein jour,En agglomération,Intersection en X,Pluie légère,Deux véhicules - côté,4,1,1,0,2,1,2,0,1,30,2,2,1,0,0,1,46.0,60.0,deux_roues,voiture,1,2,2,2,3
202300005662,2023-10-23 11:30:00,2023,10,23,11,30,75,75113,PORTE D ITALIE,48.815747,2.36070335,Plein jour,En agglomération,Intersection en X,Pluie légère,Deux véhicules - côté,4,1,3,3,2,1,2,0,1,30,2,2,1,0,0,1,46.0,60.0,deux_roues,voiture,1,2,2,2,3
202300005663,2023-10-23 15:20:00,2023,10,23,15,20,75,75112,RUE DE CHARENTON,48.838997,2.389257,Plein jour,En agglomération,Intersection en X,Pluie légère,Deux véhicules - côté,4,2, -1,-1,1,1,2,0,1,-1,2,4,3,0,0,1,20.0,30.0,deux_roues,voiture,1,2,2,2,3
202300005663,2023-10-23 15:20:00,2023,10,23,15,20,75,75112,RUE DE CHARENTON,48.838997,2.389257,Plein jour,En agglomération,Intersection en X,Pluie légère,Deux véhicules - côté,4,2,2,3,1,1,2,0,1,30,2,4,3,0,0,1,20.0,30.0,deux_roues,voiture,1,2,2,2,3
202300005664,2023-10-23 19:40:00,2023,10,23,19,40,75,75107,PONT DE LA CONCORDE,48.862588,2.319064,Nuit avec éclairage allumé,En agglomération,Intersection en T,Pluie légère,Sans collision,4,2, -1,-1,1,1,2,0,1,-1,1,1,0,0,0,1,19.0,,deux_roues,,5,2,3,2,7
202300005664,2023-10-23 19:40:00,2023,10,23,19,40,75,75107,PONT DE LA CONCORDE,48.862588,2.319064,Nuit avec éclairage allumé,En agglomération,Intersection en T,Pluie légère,Sans collision,4,2,3,3,1,1,2,2,1,30,1,1,0,0,0,1,19.0,,deux_roues,,5,2,3,2,7
202300005665,2023-10-23 19:20:00,2023,10,23,19,20,75,75107,QUAI D ORSAY,48.862835,2.313436,Nuit avec éclairage allumé,En agglomération,Intersection en X,Pluie légère,Autre collision,4,2,4,1,1,1,2,0,1,30,1,2,1,0,0,1,65.0,,voiture,,5,2,2,2,6
202300005665,2023-10-23 19:20:00,2023,10,23,19,20,75,75107,QUAI D ORSAY,48.862835,2.313436,Nuit avec éclairage allumé,En agglomération,Intersection en X,Pluie légère,Autre collision,4,2,3,1,1,1,2,0,1,30,1,2,1,0,0,1,65.0,,voiture,,5,2,2,2,6
202300005666,2023-10-23 08:50:00,2023,10,23,8,50,75,75115,AVENUE DE BRETEUIL,48.846298,2.311916,Plein jour,En agglomération,Hors intersection,Normale,Deux véhicules - côté,4,1,1,0,1,1,1,0,1,30,2,2,1,0,0,1,45.0,33.0,voiture,deux_roues,1,2,1,1,3
202300005667,2023-10-18 12:10:00,2023,10,18,12,10,94,94080,Rue Raymond du Temple,48.846075,2.438223,Plein jour,En agglomération,Intersection en X,Pluie légère,Autre collision,4,1, -1,3,1,1,2,6,1,-1,1,2,1,1,0,0,42.0,,utilitaire_camion,,1,2,2,2,6
202300005667,2023-10-18 12:10:00,2023,10,18,12,10,94,94080,Rue Raymond du Temple,48.846075,2.438223,Plein jour,En agglomération,Intersection en X,Pluie légère,Autre collision,4,1,1,3,1,1,2,6,1,30,1,2,1,1,0,0,42.0,,utilitaire_camion,,1,2,2,2,6
202300005668,2023-10-23 06:35:00,2023,10,23,6,35,94,94078,2 Rue des Chataigniers,48.73426019,2.4624036,Nuit avec éclairage allumé,En agglomération,Hors intersection,Normale,Autre collision,4,2,2,0,1,1,1,0,1,50,1,2,1,0,0,1,53.0,,utilitaire_camion,,5,2,1,1,6
202300005669,2023-10-23 22:00:00,2023,10,23,22,0,94,94011,Avenue de Choisy,48.77072,2.476747,Nuit avec éclairage allumé,En agglomération,Intersection en T,Temps couvert,Deux véhicules - frontale,3,2,2,0,1,1,2,0,1,50,2,2,1,0,1,0,57.0,47.0,voiture,deux_roues,5,2,3,8,1