accident_id,datetime,annee,mois,jour,heure,minute,departement,commune_insee,adresse,latitude,longitude,luminosite,agglomeration,intersection,meteo,collision,catr,circ,nbv,vosp,prof,plan,surf,infra,situ,vma,nb_vehicules,nb_usagers,nb_indemnes,nb_tues,nb_blesses_hosp,nb_blesses_legers,age_cond_1,age_cond_2,veh_type_cond_1,veh_type_cond_2,lum_code,agg_code,int_code,atm_code,col_code
202300005744,2023-10-23 16:30:00,2023,10,23,16,30,95,95582,A115,48.97789,2.24081,Plein jour,Hors agglomération,Hors intersection,Pluie forte,Autre collision,1,3,2,0,1,3,2,0,1,130,1,2,1,0,0,1,44.0,,voiture,,1,1,1,3,6
202300005745,2023-10-23 01:15:00,2023,10,23,1,15,95,95252,A15,48.97622779,2.23643124,Nuit sans éclairage public,Hors agglomération,Hors intersection,Normale,Deux véhicules - arrière,1,1,3,0,2,2,1,9,1,110,2,2,1,0,0,1,34.0,,deux_roues,autre,3,1,1,1,2
202300005746,2023-10-22 02:20:00,2023,10,22,2,20,94,94022,A86,48.77610897,2.41417148,Nuit sans éclairage public,Hors agglomération,Hors intersection,Temps couvert,Autre collision,1,3,3,0,1,1,2,0,1,90,1,6,1,0,0,5,56.0,,voiture,,3,1,1,8,6
202300005747,2023-10-21 21:50:00,2023,10,21,21,50,94,94073,A86,48.77000825,2.38147652,Nuit sans éclairage public,Hors agglomération,Hors intersection,Pluie légère,Trois véhicules et plus - en chaîne,1,3,3,0,1,3,2,0,1,90,3,5,2,0,0,3,20.0,23.0,utilitaire_camion,voiture,3,1,1,2,4
202300005748,2023-10-21 02:15:00,2023,10,21,2,15,94,94073,A86,48.75424833,2.38105273,Nuit sans éclairage public,Hors agglomération,Hors intersection,Pluie légère,Trois véhicules et plus - en chaîne,1,-1,2,0,1,1,2,0,1,90,3,3,2,0,0,1,26.0,31.0,voiture,voiture,3,1,1,2,4
202300005749,2023-03-02 18:00:00,2023,3,2,18,0,14,14712,Rue de Rouen,49.179361,-0.196767,Plein jour,Hors agglomération,Hors intersection,Normale,Deux véhicules - arrière,3,2,2,0,2,1,1,0,1,80,2,2,1,0,0,1,42.0,33.0,voiture,utilitaire_camion,1,1,1,1,2
202300005750,2023-07-09 19:50:00,2023,7,9,19,50,13,13081,D113,43.483621,5.22386,Plein jour,En agglomération,Hors intersection,Normale,Deux véhicules - arrière,3,3,2,0,1,1,1,0,3,50,2,2,1,0,1,0,47.0,,deux_roues,,1,2,1,1,2
202300005751,2023-07-31 10:00:00,2023,7,31,10,0,13,13100,Av du Gal Goislard de Monsabert,43.790418,4.847159,Plein jour,En agglomération,Giratoire,Normale,Deux véhicules - côté,3,1,2,0,1,2,1,0,1,50,2,2,1,0,0,1,55.0,82.0,deux_roues,voiture,1,2,6,1,3
202300005752,2023-10-22 23:35:00,2023,10,22,23,35,974,97416,RN2 (1),-21.32818,55.47059,Nuit avec éclairage allumé,En agglomération,Giratoire,Normale,Deux véhicules - frontale,2,1,2,0,1,3,1,0,8,50,2,6,3,0,0,3,,29.0,voiture,voiture,5,2,6,1,1
202300005753,2023-10-21 18:50:00,2023,10,21,18,50,974,97411,VINH-SAN (BLD 1 DU PRINCE),-20.88808,55.44318,Nuit avec éclairage allumé,Hors agglomération,Hors intersection,Normale,Autre collision,2,3,2,0,1,1,1,2,1,70,3,4,1,0,0,3,21.0,28.0,utilitaire_camion,voiture,5,1,1,1,6
202300005754,2023-10-22 17:10:00,2023,10,22,17,10,974,97407,MARINE(BOULEVARD),-20.95113,55.28682,Plein jour,Hors agglomération,Hors intersection,Normale,Deux véhicules - côté,4,2,2,0,1,1,1,0,1,50,2,4,2,0,0,2,24.0,19.0,deux_roues,voiture,1,1,1,1,3
202300005755,2023-10-21 19:15:00,2023,10,21,19,15,974,97407,MASCAREIGNES(BOULEVARD),-20.94651,55.30432,Nuit avec éclairage allumé,En agglomération,Intersection en X,Normale,Deux véhicules - côté,4,2,0,0,1,1,1,0,1,70,2,4,2,0,0,2,50.0,48.0,autre,utilitaire_camion,5,2,2,1,3
202300005755,2023-10-21 19:15:00,2023,10,21,19,15,974,97407,MASCAREIGNES(BOULEVARD),-20.94651,55.30432,Nuit avec éclairage allumé,En agglomération,Intersection en X,Normale,Deux véhicules - côté,4,-1,2,0,1,1,1,0,1,70,2,4,2,0,0,2,50.0,48.0,autre,utilitaire_camion,5,2,2,1,3
202300005756,2023-10-07 22:50:00,2023,10,7,22,50,973,97302,BOUDINOT (AUGUSTE) CITE THEMIRE,4.93416393,-52.31922269,Nuit avec éclairage allumé,En agglomération,Hors intersection,Normale,Deux véhicules - arrière,4,2,2,0,1,1,1,0,1,50,2,2,1,0,0,1,,36.0,voiture,deux_roues,5,2,1,1,2
202300005757,2023-10-19 15:00:00,2023,10,19,15,0,973,97302,CABASSOU (ROUTE DE),4.91990455,-52.31946677,Plein jour,En agglomération,Hors intersection,Normale,Deux véhicules - arrière,3,2,2,0,1,1,1,0,1,50,2,2,1,0,0,1,43.0,,deux_roues,voiture,1,2,1,1,2
202300005758,2023-10-22 19:05:00,2023,10,22,19,5,69,69388,Rue Général Gouraud,45.7347,4.8528,Nuit avec éclairage allumé,En agglomération,Hors intersection,Normale,Deux véhicules - arrière,4,1,1,0,1,1,1,0,1,50,2,2,1,0,0,1,24.0,34.0,voiture,deux_roues,5,2,1,1,2
202300005759,2023-10-22 14:00:00,2023,10,22,14,0,69,69383,Cours Lafayette,45.76361197,4.85649066,Plein jour,En agglomération,Hors intersection,Normale,Deux véhicules - côté,4,1,1,2,1,1,1,0,5,30,2,2,1,0,0,1,42.0,59.0,deux_roues,voiture,1,2,1,1,3
202300005760,2023-10-22 02:30:00,2023,10,22,2,30,95,95450,DAGNAUDES (CHEMIN DES),49.01468,2.05773,Nuit avec éclairage allumé,En agglomération,Giratoire,Pluie légère,Sans collision,4,2,2,0,2,3,2,0,3,50,1,1,0,0,0,1,19.0,,voiture,,5,2,6,2,7
202300005761,2023-10-22 20:00:00,2023,10,22,20,0,91,91377,RUE DE PARIS,48.72453,2.26857,Nuit avec éclairage allumé,En agglomération,Giratoire,Normale,Deux véhicules - côté,4,1,3,1,1,1,2,0,1,50,2,2,1,0,0,1,21.0,33.0,voiture,voiture,5,2,6,1,3
202300005762,2023-10-20 07:30:00,2023,10,20,7,30,89,89387,EMILE ZOLA (RUE),48.19777,3.27311,Nuit avec éclairage allumé,En agglomération,Hors intersection,Temps couvert,Autre collision,4,2,2,0,2,1,2,6,8,50,1,2,1,0,0,1,29.0,,voiture,,5,2,1,8,6
202300005763,2023-10-22 05:19:00,2023,10,22,5,19,82,82033,3 bis chemin de Taillefer,44.07583,1.14152,Nuit sans éclairage public,Hors agglomération,Hors intersection,Normale,Autre collision,4,2,1,0,1,1,1,0,3,80,1,2,0,0,0,2,33.0,,voiture,,3,1,1,1,6
202300005764,2023-10-21 14:00:00,2023,10,21,14,0,81,81021,CD 612,43.516,2.372,Plein jour,Hors agglomération,Hors intersection,Normale,Autre collision,3,2,2,0,1,1,1,2,1,80,2,2,1,0,1,0,15.0,16.0,deux_roues,deux_roues,1,1,1,1,6
202300005765,2023-10-21 19:45:00,2023,10,21,19,45,80,80001,AMIENS (d'),50.10208,1.85509,Nuit avec éclairage allumé,En agglomération,Hors intersection,Pluie forte,Autre collision,3,3,4,0,1,1,2,0,1,50,1,2,1,0,1,0,43.0,,voiture,,5,2,1,3,6
202300005766,2023-10-04 20:00:00,2023,10,4,20,0,77,77373,AV CHARLES ROUXEL,48.79143067,2.6040494,Plein jour,En agglomération,Hors intersection,Normale,Deux véhicules - frontale,4,2,2,0,1,1,1,0,1,50,2,2,1,0,0,1,21.0,36.0,voiture,voiture,1,2,1,1,1
202300005767,2023-10-21 22:00:00,2023,10,21,22,0,77,77458,D207,48.18048,2.72155,Nuit sans éclairage public,Hors agglomération,Hors intersection,Pluie légère,Deux véhicules - frontale,3,2,2,0,2,2,2,0,1,70,2,7,3,0,1,3,57.0,59.0,voiture,voiture,3,1,1,2,1
202300005768,2023-10-22 19:20:00,2023,10,22,19,20,76,76599,Route de Lyons,49.43524,1.14633,Nuit avec éclairage non allumé,En agglomération,Giratoire,Normale,Deux véhicules - frontale,7,1,1,0,1,2,1,0,1,50,2,2,1,0,0,1,58.0,67.0,voiture,voiture,4,2,6,1,1
202300005768,2023-10-22 19:20:00,2023,10,22,19,20,76,76599,Route de Lyons,49.43524,1.14633,Nuit avec éclairage non allumé,En agglomération,Giratoire,Normale,Deux véhicules - frontale,7,2,2,0,1,1,1,0,1,50,2,2,1,0,0,1,58.0,67.0,voiture,voiture,4,2,6,1,1
202300005769,2023-10-22 14:35:00,2023,10,22,14,35,74,74118,18 AOUT (RUE DU),46.16642,6.19424,Plein jour,Hors agglomération,Hors intersection,Normale,Deux véhicules - frontale,3,2,2,0,2,4,1,0,1,80,2,5,4,1,0,0,25.0,35.0,voiture,deux_roues,1,1,1,1,1
202300005770,2023-10-21 17:15:00,2023,10,21,17,15,69,69115,Avenue Edouard Herriot,45.97866888,4.72618551,Plein jour,En agglomération,Hors intersection,Normale,Deux véhicules - côté,3,3,2,0,1,1,1,5,1,50,2,4,3,0,0,1,23.0,34.0,voiture,voiture,1,2,1,1,3
202300005771,2023-10-10 10:30:00,2023,10,10,10,30,68,68376,RD 430,47.809,7.301,Plein jour,Hors agglomération,Hors intersection,Normale,Deux véhicules - côté,3,3,2,0,1,1,1,0,1,110,2,4,3,0,0,1,37.0,19.0,voiture,voiture,1,1,1,1,3
202300005772,2023-10-22 09:30:00,2023,10,22,9,30,64,64335,NOVELLA,43.32302,-0.42073,Plein jour,Hors agglomération,Giratoire,Normale,Deux véhicules - côté,4,-1,2,0,1,2,1,0,1,50,2,2,1,0,0,1,17.0,71.0,deux_roues,voiture,1,1,6,1,3
202300005772,2023-10-22 09:30:00,2023,10,22,9,30,64,64335,NOVELLA,43.32302,-0.42073,Plein jour,Hors agglomération,Giratoire,Normale,Deux véhicules - côté,4,-1,2,0,1,2,1,0,1,50,2,2,1,0,0,1,17.0,71.0,deux_roues,voiture,1,1,6,1,3
202300005773,2023-10-22 21:50:00,2023,10,22,21,50,62,62498,D58E1,50.42986264,2.82247728,Nuit avec éclairage allumé,En agglomération,Autre intersection,Temps couvert,Deux véhicules - côté,3,2,2,0,1,1,2,0,1,50,2,2,1,0,0,1,16.0,23.0,deux_roues,voiture,5,2,9,8,3
202300005774,2023-10-22 10:15:00,2023,10,22,10,15,59,59560,LILLE ROUTE DE,50.56454,3.04134,Plein jour,En agglomération,Hors intersection,Temps couvert,Autre collision,7,2,2,1,1,1,1,0,8,50,1,2,1,0,0,1,16.0,,deux_roues,,1,2,1,8,6
202300005775,2023-10-23 02:21:00,2023,10,23,2,21,54,54382,rue Jacques Prévert,49.54213,5.80765,Nuit sans éclairage public,En agglomération,Hors intersection,Brouillard / fumée,Autre collision,3,2,2,0,1,1,1,0,1,50,1,2,0,0,0,2,19.0,,voiture,,3,2,1,5,6
202300005776,2023-10-22 11:10:00,2023,10,22,11,10,51,51454,CERISAIE (RUE),49.23051,4.05699,Plein jour,En agglomération,Hors intersection,Normale,Autre collision,4,2,0,3,1,1,1,6,6,-1,1,2,1,0,0,1,26.0,,deux_roues,,1,2,1,1,6
202300005777,2023-10-21 23:00:00,2023,10,21,23,0,51,51573,SOISSONS (ROUTE DE),49.253174,3.977506,Nuit sans éclairage public,En agglomération,Hors intersection,Pluie légère,Autre collision,4,2,2,0,3,3,2,0,1,50,1,3,2,0,0,1,37.0,,voiture,,3,2,1,2,6
202300005778,2023-10-22 11:35:00,2023,10,22,11,35,49,49328,rond point du general arnold,47.2629,-0.09041,Plein jour,En agglomération,Giratoire,Normale,Deux véhicules - côté,4,1,1,0,1,2,1,0,1,50,2,2,1,0,0,1,33.0,47.0,deux_roues,voiture,1,2,6,1,3
202300005778,2023-10-22 11:35:00,2023,10,22,11,35,49,49328,rond point du general arnold,47.2629,-0.09041,Plein jour,En agglomération,Giratoire,Normale,Deux véhicules - côté,4,2,4,0,1,1,1,0,1,50,2,2,1,0,0,1,33.0,47.0,deux_roues,voiture,1,2,6,1,3
202300005779,2023-10-11 13:30:00,2023,10,11,13,30,46,46042,PONT NEUF (OU PONT  DE CABESSUT),44.448745,1.443475,Plein jour,En agglomération,Giratoire,Normale,Autre collision,3,2,2,0,1,1,1,2,1,50,1,2,1,0,0,1,92.0,,voiture,,1,2,6,1,6
202300005780,2023-10-22 22:20:00,2023,10,22,22,20,43,43089,84 Avenue de la Bernarde,45.04767,3.85468,Nuit avec éclairage allumé,En agglomération,Hors intersection,Normale,Autre collision,3,-1,2,0,1,1,1,0,1,50,1,1,0,0,0,1,19.0,,voiture,,5,2,1,1,6
202300005781,2023-10-22 05:50:00,2023,10,22,5,50,35,35238,LESAGE,48.11724,-1.6776,Nuit avec éclairage allumé,En agglomération,Intersection à plus de 4 branches,Normale,Autre collision,4,1,1,0,1,1,2,0,1,30,1,2,1,0,0,1,43.0,,voiture,,5,2,5,1,6
202300005781,2023-10-22 05:50:00,2023,10,22,5,50,35,35238,LESAGE,48.11724,-1.6776,Nuit avec éclairage allumé,En agglomération,Intersection à plus de 4 branches,Normale,Autre collision,4,2,2,3,1,1,2,0,1,30,1,2,1,0,0,1,43.0,,voiture,,5,2,5,1,6
202300005782,2023-10-21 18:10:00,2023,10,21,18,10,35,35238,MULLER (CHARLES),48.09892439,-1.67130187,Crépuscule ou aube,En agglomération,Intersection en T,Temps couvert,Deux véhicules - côté,4,1,1,0,1,1,2,6,1,20,2,2,1,0,0,1,22.0,58.0,deux_roues,voiture,2,2,3,8,3
202300005782,2023-10-21 18:10:00,2023,10,21,18,10,35,35238,MULLER (CHARLES),48.09892439,-1.67130187,Crépuscule ou aube,En agglomération,Intersection en T,Temps couvert,Deux véhicules - côté,4,2,2,0,1,1,2,6,1,20,2,2,1,0,0,1,22.0,58.0,deux_roues,voiture,2,2,3,8,3
202300005783,2023-10-21 18:10:00,2023,10,21,18,10,31,31344,POINTIS INARD (ROUTE DE),43.097,0.76,Plein jour,Hors agglomération,Hors intersection,Normale,Deux véhicules - frontale,3,2,2,0,1,1,1,0,1,80,2,2,0,0,1,1,39.0,49.0,voiture,voiture,1,1,1,1,1
202300005784,2023-10-21 15:00:00,2023,10,21,15,0,27,27681,ROUTE DEPARTEMENTALE 313 Route de Magny,49.09832,1.50855,Plein jour,Hors agglomération,Hors intersection,Pluie légère,Sans collision,3,2,2,0,2,3,2,0,1,80,1,1,0,0,0,1,19.0,,voiture,,1,1,1,2,7
202300005785,2023-10-22 00:35:00,2023,10,22,0,35,27,27681,RELIGIEUSES (CHEMIN),49.07316,1.46875,Nuit sans éclairage public,Hors agglomération,Hors intersection,Pluie légère,Sans collision,9,2,2,0,1,3,2,0,1,50,1,4,0,0,0,4,23.0,,voiture,,3,1,1,2,7
202300005786,2023-10-21 01:00:00,2023,10,21,1,0,22,22113,TREBEURDEN (ROUTE DE),48.74617,-3.47977,Nuit sans éclairage public,Hors agglomération,Hors intersection,Pluie légère,Autre collision,4,2,2,0,2,1,2,0,3,50,1,1,0,0,0,1,23.0,,voiture,,3,1,1,2,6
202300005787,2023-10-22 14:50:00,2023,10,22,14,50,13,13071,QUICK (CD6),43.41438,5.34877,Plein jour,En agglomération,Hors intersection,Normale,Deux véhicules - côté,3,2,3,0,3,2,1,0,1,50,3,4,2,0,0,2,31.0,38.0,voiture,deux_roues,1,2,1,1,3
202300005788,2023-10-22 18:45:00,2023,10,22,18,45,13,13205,SAKAKINI (BOULEVARD),43.2957,5.4006,Crépuscule ou aube,En agglomération,Intersection en T,Normale,Deux véhicules - côté,4,1,2,0,1,1,1,0,8,50,2,2,0,0,1,1,86.0,32.0,voiture,deux_roues,2,2,3,1,3
202300005788,2023-10-22 18:45:00,2023,10,22,18,45,13,13205,SAKAKINI (BOULEVARD),43.2957,5.4006,Crépuscule ou aube,En agglomération,Intersection en T,Normale,Deux véhicules - côté,4,3,6,0,1,1,1,0,1,50,2,2,0,0,1,1,86.0,32.0,voiture,deux_roues,2,2,3,1,3
202300005789,2023-10-22 18:25:00,2023,10,22,18,25,13,13215,LYON (RUE DE),43.33552,5.36332,Crépuscule ou aube,En agglomération,Intersection en T,Normale,Deux véhicules - côté,4,2,2,0,2,1,1,0,1,50,2,2,1,0,0,1,28.0,32.0,deux_roues,voiture,2,2,3,1,3
202300005789,2023-10-22 18:25:00,2023,10,22,18,25,13,13215,LYON (RUE DE),43.33552,5.36332,Crépuscule ou aube,En agglomération,Intersection en T,Normale,Deux véhicules - côté,4,1,1,0,1,1,1,0,1,50,2,2,1,0,0,1,28.0,32.0,deux_roues,voiture,2,2,3,1,3
202300005790,2023-10-22 19:20:00,2023,10,22,19,20,13,13209,SCHLOESING (BOULEVARD),43.27089,5.40228,Crépuscule ou aube,En agglomération,Hors intersection,Normale,Autre collision,4,2,3,0,1,1,1,0,1,50,1,2,0,0,1,1,30.0,,deux_roues,,2,2,1,1,6
202300005791,2023-10-22 01:52:00,2023,10,22,1,52,13,13210,CAPELETTE (AVENUE DE LA),43.28177,5.40434,Nuit avec éclairage allumé,En agglomération,Hors intersection,Normale,Deux véhicules - frontale,4,2,2,0,1,1,1,0,1,50,2,2,0,0,0,2,22.0,23.0,voiture,voiture,5,2,1,1,1
202300005792,2023-02-08 15:50:00,2023,2,8,15,50,13,13212,SAINT JULIEN (AVENUE DE ),43.30614807,5.41991203,Plein jour,En agglomération,Hors intersection,Normale,Deux véhicules - côté,4,2,2,0,2,1,1,0,1,50,2,2,1,0,0,1,19.0,23.0,deux_roues,utilitaire_camion,1,2,1,1,3
202300005793,2023-02-10 09:15:00,2023,2,10,9,15,13,13047,D.5,43.56042,4.96287,Plein jour,Hors agglomération,Intersection en Y,Normale,Deux véhicules - côté,3,2,2,0,2,1,1,0,1,80,2,2,1,0,1,0,25.0,30.0,deux_roues,voiture,1,1,4,1,3
202300005793,2023-02-10 09:15:00,2023,2,10,9,15,13,13047,D.5,43.56042,4.96287,Plein jour,Hors agglomération,Intersection en Y,Normale,Deux véhicules - côté,3,2, -1,-1,1,1,1,0,1,-1,2,2,1,0,1,0,25.0,30.0,deux_roues,voiture,1,1,4,1,3
202300005794,2023-02-10 15:30:00,2023,2,10,15,30,11,11069,61 Avenue Georges Guille,43.22972668,2.3626399,Plein jour,En agglomération,Hors intersection,Normale,Deux véhicules - arrière,4,3,1,0,1,1,1,0,1,50,2,3,2,0,0,1,58.0,35.0,voiture,deux_roues,1,2,1,1,2
202300005795,2023-02-09 09:00:00,2023,2,9,9,0,10,10191,JEAN JAURES (RUE),48.3297,4.1,Plein jour,En agglomération,Giratoire,Normale,Deux véhicules - côté,4,4,1,0,1,1,1,0,1,50,2,2,1,0,0,1,49.0,17.0,voiture,deux_roues,1,2,6,1,3
202300005795,2023-02-09 09:00:00,2023,2,9,9,0,10,10191,JEAN JAURES (RUE),48.3297,4.1,Plein jour,En agglomération,Giratoire,Normale,Deux véhicules - côté,4,4,2,1,1,3,1,0,1,50,2,2,1,0,0,1,49.0,17.0,voiture,deux_roues,1,2,6,1,3
202300005796,2023-02-10 23:15:00,2023,2,10,23,15,07,07281,Avenue du 8 Mai,44.94654,4.85138,Nuit avec éclairage allumé,En agglomération,Hors intersection,Normale,Sans collision,3,3,2,0,1,1,1,0,1,50,1,1,0,0,0,1,48.0,,deux_roues,,5,2,1,1,7
202300005797,2023-02-08 22:15:00,2023,2,8,22,15,974,97416,HUBERT DE LISLE(BOULEVARD),-21.34059,55.46115,Nuit avec éclairage allumé,En agglomération,Giratoire,Normale,Deux véhicules - frontale,4,3,2,0,1,2,1,0,1,50,2,2,1,0,0,1,42.0,29.0,deux_roues,voiture,5,2,6,1,1
202300005797,2023-02-08 22:15:00,2023,2,8,22,15,974,97416,HUBERT DE LISLE(BOULEVARD),-21.34059,55.46115,Nuit avec éclairage allumé,En agglomération,Giratoire,Normale,Deux véhicules - frontale,4,2,2,0,1,1,1,0,1,50,2,2,1,0,0,1,42.0,29.0,deux_roues,voiture,5,2,6,1,1
202300005798,2023-02-09 08:20:00,2023,2,9,8,20,974,97416,RECHERCHANT(RUE ADRIEN),-21.28971,55.4861,Plein jour,Hors agglomération,Hors intersection,Temps éblouissant,Deux véhicules - côté,3,2,2,0,1,1,1,0,1,30,2,2,1,0,0,1,63.0,38.0,deux_roues,utilitaire_camion,1,1,1,7,3
202300005799,2023-02-09 17:46:00,2023,2,9,17,46,973,97302,MONTABO (ROUTE DE) 2,4.94327,-52.307,Crépuscule ou aube,En agglomération,Autre intersection,Temps couvert,Autre collision,3,2,1,2,1,1,2,0,1,50,2,2,1,0,0,1,,53.0,voiture,deux_roues,2,2,9,8,6
202300005800,2023-02-09 08:00:00,2023,2,9,8,0,973,97302,MONTABO (ROUTE DE) 1,4.92978,-52.29035,Plein jour,En agglomération,Intersection en T,Pluie légère,Deux véhicules - côté,3,2,2,0,1,1,2,0,5,50,2,2,1,0,0,1,33.0,35.0,voiture,deux_roues,1,2,3,2,3
202300005800,2023-02-09 08:00:00,2023,2,9,8,0,973,97302,MONTABO (ROUTE DE) 1,4.92978,-52.29035,Plein jour,En agglomération,Intersection en T,Pluie légère,Deux véhicules - côté,3,2,2,0,1,1,2,0,8,50,2,2,1,0,0,1,33.0,35.0,voiture,deux_roues,1,2,3,2,3
202300005801,2023-02-09 07:30:00,2023,2,9,7,30,973,97302,BADUEL (ROUTE DE),4.93513,-52.31218,Plein jour,En agglomération,Hors intersection,Normale,Autre collision,3,2,2,0,1,1,2,0,1,50,1,2,1,0,0,1,37.0,,voiture,,1,2,1,1,6
202300005802,2023-02-09 09:03:00,2023,2,9,9,3,69,69383,16 Rue Claudius Pionchon,45.76099,4.87086,Plein jour,En agglomération,Hors intersection,Normale,Autre collision,4,1,1,2,1,1,1,0,8,50,1,2,1,0,1,0,38.0,,utilitaire_camion,,1,2,1,1,6
202300005803,2023-02-09 15:35:00,2023,2,9,15,35,972,97209,RN9,14.6048,-61.04217,Plein jour,Hors agglomération,Hors intersection,Normale,Autre collision,2,1,2,0,1,1,1,9,1,70,1,2,0,0,1,1,55.0,,deux_roues,,1,1,1,1,6
202300005804,2023-02-07 07:10:00,2023,2,7,7,10,972,97209,SAINTE CATHERINE (BOULEVARD),14.61606,-61.05878,Plein jour,En agglomération,Hors intersection,Normale,Sans collision,3,1,1,0,2,1,1,0,1,30,2,2,1,0,0,1,37.0,39.0,voiture,deux_roues,1,2,1,1,7
202300005805,2023-02-09 11:22:00,2023,2,9,11,22,2A,2A004,NAPOLEON COURS AVANT BEVERINI,41.92227,8.73746,Plein jour,En agglomération,Hors intersection,Temps couvert,Deux véhicules - arrière,2,2,1,0,1,1,1,0,1,30,2,3,2,0,0,1,40.0,78.0,voiture,voiture,1,2,1,8,2
202300005806,2023-02-08 12:55:00,2023,2,8,12,55,91,91228,RUE DE L ECOLE,48.61997,2.43096,Plein jour,En agglomération,Hors intersection,Normale,Sans collision,4,2,2,0,1,1,1,0,1,50,1,1,0,0,0,1,45.0,,voiture,,1,2,1,1,7
202300005807,2023-02-08 19:24:00,2023,2,8,19,24,91,91228,RUE DE MONTESPAN,48.63624,2.43867,Nuit avec éclairage allumé,En agglomération,Giratoire,Normale,Autre collision,4,-1,2,0,1,1,1,0,1,50,2,2,1,0,0,1,20.0,35.0,voiture,deux_roues,5,2,6,1,6
202300005807,2023-02-08 19:24:00,2023,2,8,19,24,91,91228,RUE DE MONTESPAN,48.63624,2.43867,Nuit avec éclairage allumé,En agglomération,Giratoire,Normale,Autre collision,4,2,2,0,1,1,1,0,1,50,2,2,1,0,0,1,20.0,35.0,voiture,deux_roues,5,2,6,1,6
202300005808,2023-02-08 17:22:00,2023,2,8,17,22,87,87050,GARDE (RUE DE LA),45.88063,1.22626,Plein jour,En agglomération,Intersection en X,Normale,Deux véhicules - côté,3,2,2,0,1,2,1,0,1,50,2,2,1,0,0,1,37.0,76.0,voiture,voiture,1,2,2,1,3
202300005808,2023-02-08 17:22:00,2023,2,8,17,22,87,87050,GARDE (RUE DE LA),45.88063,1.22626,Plein jour,En agglomération,Intersection en X,Normale,Deux véhicules - côté,3,2,2,0,1,1,1,0,1,80,2,2,1,0,0,1,37.0,76.0,voiture,voiture,1,2,2,1,3
202300005809,2023-02-08 14:45:00,2023,2,8,14,45,87,87085,BUXEROLLES (RUE DE),45.86414,1.26386,Plein jour,En agglomération,Hors intersection,Normale,Autre collision,6,-1, -1,0,1,1,1,0,1,-1,1,3,1,0,0,2,56.0,,voiture,,1,2,1,1,6
202300005810,2023-02-09 13:45:00,2023,2,9,13,45,82,82121,Avenue Henri Dunant,44.00279,1.3598,Plein jour,En agglomération,Giratoire,Normale,Deux véhicules - côté,4,2,2,0,1,1,1,5,1,50,2,2,1,0,0,1,58.0,71.0,deux_roues,voiture,1,2,6,1,3
202300005811,2023-02-09 08:30:00,2023,2,9,8,30,81,81004,TEILLET (RTE DE),43.92066,2.17089,Plein jour,En agglomération,Hors intersection,Normale,Autre collision,3,2,2,0,1,1,1,0,1,50,1,2,1,0,0,1,48.0,,voiture,,1,2,1,1,6
202300005812,2023-02-03 08:15:00,2023,2,3,8,15,80,80021,JEAN MOULIN (RUE),49.87971,2.27542,Nuit avec éclairage allumé,En agglomération,Hors intersection,Pluie légère,Autre collision,4,2,2,0,1,1,2,0,1,50,1,2,1,0,0,1,20.0,,voiture,,5,2,1,2,6
202300005813,2023-02-09 20:15:00,2023,2,9,20,15,77,77243,D10,48.87549,2.70167,Nuit avec éclairage allumé,En agglomération,Intersection en Y,Normale,Deux véhicules - arrière,3,2,2,0,2,2,1,5,1,50,2,2,1,0,0,1,21.0,37.0,deux_roues,voiture,5,2,4,1,2
202300005813,2023-02-09 20:15:00,2023,2,9,20,15,77,77243,D10,48.87549,2.70167,Nuit avec éclairage allumé,En agglomération,Intersection en Y,Normale,Deux véhicules - arrière,3,2,2,0,2,3,1,5,1,50,2,2,1,0,0,1,21.0,37.0,deux_roues,voiture,5,2,4,1,2
202300005814,2023-02-09 08:50:00,2023,2,9,8,50,77,77186,D138,48.44005,2.72646,Crépuscule ou aube,Hors agglomération,Hors intersection,Normale,Deux véhicules - arrière,3,2,2,0,1,1,1,0,1,80,2,2,1,0,0,1,48.0,39.0,voiture,deux_roues,2,1,1,1,2
202300005815,2023-02-09 19:40:00,2023,2,9,19,40,76,76498,Avenue Jean Jaurès,49.42716,1.06461,Nuit avec éclairage allumé,En agglomération,Hors intersection,Normale,Autre collision,7,2,2,3,1,1,1,-1,1,50,1,2,1,0,0,1,54.0,,voiture,,5,2,1,1,6
202300005816,2023-02-08 14:50:00,2023,2,8,14,50,73,73065,N201 - VOIE RAPIDE URBAINE,45.59343,5.89579,Plein jour,Hors agglomération,Hors intersection,Normale,Deux véhicules - frontale,2,3,7,0,1,1,1,0,1,90,2,2,0,1,1,0,21.0,88.0,voiture,voiture,1,1,1,1,1
202300005817,2023-02-08 16:55:00,2023,2,8,16,55,73,73011,N90,45.66298,6.38701,Plein jour,Hors agglomération,Hors intersection,Temps éblouissant,Autre collision,2,1,1,0,2,1,1,3,1,50,1,2,1,1,0,0,77.0,,voiture,,1,1,1,7,6
202300005818,2023-02-09 19:05:00,2023,2,9,19,5,72,72181,WILBUR WRIGHT (RUE),48.009,0.1957,Nuit avec éclairage allumé,En agglomération,Hors intersection,Normale,Autre collision,4,-1,2,0,2,1,1,0,1,50,1,2,1,0,0,1,65.0,,deux_roues,,5,2,1,1,6
202300005819,2023-02-08 16:00:00,2023,2,8,16,0,69,69266,8 Rue Jules Kumer,45.76733,4.89072,Plein jour,En agglomération,Intersection en T,Normale,Autre collision,4,2,2,2,1,1,1,0,1,50,1,6,4,0,0,2,25.0,,voiture,,1,2,3,1,6
202300005819,2023-02-08 16:00:00,2023,2,8,16,0,69,69266,8 Rue Jules Kumer,45.76733,4.89072,Plein jour,En agglomération,Intersection en T,Normale,Autre collision,4,1,1,2,1,1,1,0,1,30,1,6,4,0,0,2,25.0,,voiture,,1,2,3,1,6