accident_id,datetime,annee,mois,jour,heure,minute,departement,commune_insee,adresse,latitude,longitude,luminosite,agglomeration,intersection,meteo,collision,catr,circ,nbv,vosp,prof,plan,surf,infra,situ,vma,nb_vehicules,nb_usagers,nb_indemnes,nb_tues,nb_blesses_hosp,nb_blesses_legers,age_cond_1,age_cond_2,veh_type_cond_1,veh_type_cond_2,lum_code,agg_code,int_code,atm_code,col_code
202300006030,2023-05-02 16:50:00,2023,5,2,16,50,51,51454,rue des Moulins,49.24466373,4.03345495,Plein jour,En agglomération,Intersection en T,Normale,Deux véhicules - arrière,4,1,1,2,1,1,1,0,1,-1,2,2,1,0,0,1,33.0,24.0,voiture,voiture,1,2,3,1,2
202300006031,2023-02-09 08:15:00,2023,2,9,8,15,75,75116,BOULEVARD SUCHET,48.85735877,2.26465613,Plein jour,En agglomération,Intersection en X,Normale,Sans collision,4,2,4,0,1,1,7,0,1,50,1,1,0,0,0,1,59.0,,deux_roues,,1,2,2,1,7
202300006031,2023-02-09 08:15:00,2023,2,9,8,15,75,75116,BOULEVARD SUCHET,48.85735877,2.26465613,Plein jour,En agglomération,Intersection en X,Normale,Sans collision,4,2,3,0,1,1,7,0,1,50,1,1,0,0,0,1,59.0,,deux_roues,,1,2,2,1,7
202300006032,2023-05-01 12:22:00,2023,5,1,12,22,51,51454,boulevard de la Paix,49.25506,4.04033,Plein jour,En agglomération,Intersection en X,Normale,Autre collision,4,2,3,0,1,1,1,0,1,50,1,2,1,0,1,0,31.0,,voiture,,1,2,2,1,6
202300006032,2023-05-01 12:22:00,2023,5,1,12,22,51,51454,boulevard de la Paix,49.25506,4.04033,Plein jour,En agglomération,Intersection en X,Normale,Autre collision,4,2,2,0,1,1,1,0,1,50,1,2,1,0,1,0,31.0,,voiture,,1,2,2,1,6
202300006033,2023-02-09 16:50:00,2023,2,9,16,50,75,75114,RUE DE LA SANTE,48.831572,2.341254,Plein jour,En agglomération,Intersection en T,Normale,Deux véhicules - côté,4,3, -1,0,1,1,1,0,1,30,2,2,1,0,0,1,45.0,16.0,voiture,deux_roues,1,2,3,1,3
202300006033,2023-02-09 16:50:00,2023,2,9,16,50,75,75114,RUE DE LA SANTE,48.831572,2.341254,Plein jour,En agglomération,Intersection en T,Normale,Deux véhicules - côté,4,1,1,0,1,1,1,8,1,30,2,2,1,0,0,1,45.0,16.0,voiture,deux_roues,1,2,3,1,3
202300006034,2023-04-30 18:25:00,2023,4,30,18,25,50,50129,MENDES FRANCE (BOULEVARD),49.63451,-1.6261,Plein jour,En agglomération,Intersection en X,Normale,Deux véhicules - côté,3,3,4,0,1,1,1,0,1,50,2,2,1,0,0,1,25.0,28.0,voiture,deux_roues,1,2,2,1,3
202300006034,2023-04-30 18:25:00,2023,4,30,18,25,50,50129,MENDES FRANCE (BOULEVARD),49.63451,-1.6261,Plein jour,En agglomération,Intersection en X,Normale,Deux véhicules - côté,3,2,2,0,1,1,1,0,1,50,2,2,1,0,0,1,25.0,28.0,voiture,deux_roues,1,2,2,1,3
202300006035,2023-02-07 12:55:00,2023,2,7,12,55,75,75114,PLACE DU VINGT CINQ AOUT 1944,48.822086,2.325317,Plein jour,En agglomération,Place,Normale,Deux véhicules - côté,4,1, -1,-1,1,1,1,0,1,-1,2,6,2,0,0,4,41.0,32.0,transport_commun,utilitaire_camion,1,2,7,1,3
202300006035,2023-02-07 12:55:00,2023,2,7,12,55,75,75114,PLACE DU VINGT CINQ AOUT 1944,48.822086,2.325317,Plein jour,En agglomération,Place,Normale,Deux véhicules - côté,4,2,8,0,1,1,1,0,1,30,2,6,2,0,0,4,41.0,32.0,transport_commun,utilitaire_camion,1,2,7,1,3
202300006036,2023-02-08 23:00:00,2023,2,8,23,0,75,75113,RUE EUGENE OUDINE,48.825248,2.373169,Nuit avec éclairage allumé,En agglomération,Hors intersection,Normale,Autre collision,4,-1,2,0,2,1,1,0,1,30,1,2,1,0,0,1,58.0,,voiture,,5,2,1,1,6
202300006037,2023-04-28 18:45:00,2023,4,28,18,45,49,49007,GEOFFRAY,47.45835,-0.54501,Crépuscule ou aube,En agglomération,Autre intersection,Normale,Deux véhicules - côté,4,3,4,2,1,1,1,0,1,30,2,2,1,0,0,1,31.0,22.0,voiture,deux_roues,2,2,9,1,3
202300006037,2023-04-28 18:45:00,2023,4,28,18,45,49,49007,GEOFFRAY,47.45835,-0.54501,Crépuscule ou aube,En agglomération,Autre intersection,Normale,Deux véhicules - côté,4,3,3,2,1,1,1,0,1,30,2,2,1,0,0,1,31.0,22.0,voiture,deux_roues,2,2,9,1,3
202300006038,2023-02-09 08:55:00,2023,2,9,8,55,75,75109,RUE DE LONDRES,48.87654114,2.33095497,Plein jour,En agglomération,Intersection en X,Normale,Autre collision,4,1,2,3,1,1,1,0,6,50,1,2,1,0,0,1,38.0,,deux_roues,,1,2,2,1,6
202300006038,2023-02-09 08:55:00,2023,2,9,8,55,75,75109,RUE DE LONDRES,48.87654114,2.33095497,Plein jour,En agglomération,Intersection en X,Normale,Autre collision,4,1,2,3,2,1,1,0,1,30,1,2,1,0,0,1,38.0,,deux_roues,,1,2,2,1,6
202300006039,2023-05-02 07:35:00,2023,5,2,7,35,47,47001,PAGANEL (RUE),44.19768,0.63299,Crépuscule ou aube,En agglomération,Autre intersection,Normale,Deux véhicules - côté,4,-1,0,0,1,2,1,0,1,30,2,2,1,0,0,1,69.0,17.0,voiture,deux_roues,2,2,9,1,3
202300006040,2023-02-09 08:55:00,2023,2,9,8,55,75,75109,RUE DE MONTHOLON,48.87659,2.345236,Plein jour,En agglomération,Hors intersection,Normale,Deux véhicules - côté,4,1,1,0,1,1,1,0,1,30,2,2,1,0,0,1,35.0,37.0,utilitaire_camion,deux_roues,1,2,1,1,3
202300006041,2023-05-02 16:30:00,2023,5,2,16,30,45,45284,52 Avenue Charles Péguy,47.90512,1.94499,Plein jour,En agglomération,Giratoire,Normale,Deux véhicules - côté,4,2,2,2,1,2,1,0,1,50,2,2,1,0,0,1,50.0,80.0,deux_roues,voiture,1,2,6,1,3
202300006042,2023-02-09 08:00:00,2023,2,9,8,0,93,93072,Rue d'Amiens / Rue Jean Durand,48.95246789,2.36920327,Plein jour,En agglomération,Intersection en X,Normale,Deux véhicules - côté,3,3,2,3,1,1,1,0,1,50,2,2,1,0,0,1,25.0,35.0,deux_roues,voiture,1,2,2,1,3
202300006042,2023-02-09 08:00:00,2023,2,9,8,0,93,93072,Rue d'Amiens / Rue Jean Durand,48.95246789,2.36920327,Plein jour,En agglomération,Intersection en X,Normale,Deux véhicules - côté,3,2,2,-1,1,1,1,0,1,-1,2,2,1,0,0,1,25.0,35.0,deux_roues,voiture,1,2,2,1,3
202300006043,2023-05-02 13:24:00,2023,5,2,13,24,45,45147,20 Rue André Dessaux,47.92734,1.89845,Plein jour,En agglomération,Intersection en X,Normale,Deux véhicules - frontale,4,2,3,0,2,1,1,0,1,50,2,2,1,0,1,0,21.0,33.0,deux_roues,voiture,1,2,2,1,1
202300006043,2023-05-02 13:24:00,2023,5,2,13,24,45,45147,20 Rue André Dessaux,47.92734,1.89845,Plein jour,En agglomération,Intersection en X,Normale,Deux véhicules - frontale,4,2,2,-1,1,1,1,0,1,50,2,2,1,0,1,0,21.0,33.0,deux_roues,voiture,1,2,2,1,1
202300006044,2023-02-08 14:15:00,2023,2,8,14,15,93,93006,5 Rue de la Noue,48.86424,2.42834,Plein jour,En agglomération,Hors intersection,Normale,Autre collision,4,2,2,0,1,1,1,0,1,30,1,1,0,0,0,1,21.0,,deux_roues,,1,2,1,1,6
202300006045,2023-05-02 11:45:00,2023,5,2,11,45,45,45232,parking Leclerc,47.84297,1.91675,Plein jour,En agglomération,Hors intersection,Normale,Autre collision,6,-1,0,0,1,1,1,0,1,20,1,2,1,0,0,1,,,voiture,,1,2,1,1,6
202300006046,2023-05-01 10:05:00,2023,5,1,10,5,45,45208,parking centre commercial ,47.99735,2.74196,Plein jour,En agglomération,Hors intersection,Normale,Autre collision,6,-1, -1,0,1,1,1,0,8,30,1,1,0,0,0,1,73.0,,voiture,,1,2,1,1,6
202300006047,2023-02-09 10:00:00,2023,2,9,10,0,93,93014,Boulevard du Temple,48.90278239,2.53132611,Plein jour,En agglomération,Hors intersection,Normale,Deux véhicules - côté,4,2,2,0,2,1,1,0,1,50,2,2,1,0,0,1,53.0,37.0,deux_roues,utilitaire_camion,1,2,1,1,3
202300006048,2023-02-09 09:20:00,2023,2,9,9,20,93,93005,Rue Edgar Degas,48.956507,2.495537,Plein jour,En agglomération,Hors intersection,Normale,Autre collision,4,2,2,0,1,1,1,0,1,50,1,2,1,0,0,1,21.0,,voiture,,1,2,1,1,6
202300006049,2023-05-01 17:45:00,2023,5,1,17,45,42,42218,Rue Docteur Poty,45.42048,4.38628,Crépuscule ou aube,En agglomération,Intersection en T,Normale,Deux véhicules - frontale,4,1,1,0,1,1,1,0,1,50,2,2,1,0,1,0,35.0,21.0,voiture,deux_roues,2,2,3,1,1
202300006049,2023-05-01 17:45:00,2023,5,1,17,45,42,42218,Rue Docteur Poty,45.42048,4.38628,Crépuscule ou aube,En agglomération,Intersection en T,Normale,Deux véhicules - frontale,4,2,2,0,2,1,1,0,1,50,2,2,1,0,1,0,35.0,21.0,voiture,deux_roues,2,2,3,1,1
202300006050,2023-02-09 19:30:00,2023,2,9,19,30,93,93001,Avenue Jean Jaurès,48.913361,2.402535,Nuit sans éclairage public,En agglomération,Hors intersection,Normale,Deux véhicules - côté,3,2,2,3,1,1,1,0,1,50,2,2,1,0,1,0,62.0,18.0,voiture,deux_roues,3,2,1,1,3
202300006051,2023-02-09 11:20:00,2023,2,9,11,20,93,93001,4bis Rue Waldeck Rochet,48.91468,2.3682,Plein jour,En agglomération,Hors intersection,Normale,Deux véhicules - frontale,4,2,2,0,1,1,1,0,1,30,2,2,1,0,0,1,16.0,21.0,deux_roues,utilitaire_camion,1,2,1,1,1
202300006052,2023-05-02 20:30:00,2023,5,2,20,30,37,37261,HEURTELOUP (BOULEVARD),47.39242,0.70039,Plein jour,En agglomération,Intersection en X,Normale,Trois véhicules et plus - collisions multiples,4,1,3,0,1,1,1,0,1,50,3,3,2,0,0,1,36.0,34.0,voiture,deux_roues,1,2,2,1,5
202300006052,2023-05-02 20:30:00,2023,5,2,20,30,37,37261,HEURTELOUP (BOULEVARD),47.39242,0.70039,Plein jour,En agglomération,Intersection en X,Normale,Trois véhicules et plus - collisions multiples,4,2,5,0,1,1,1,0,1,50,3,3,2,0,0,1,36.0,34.0,voiture,deux_roues,1,2,2,1,5
202300006053,2023-02-09 07:50:00,2023,2,9,7,50,93,93001,Rue du Clos Bénard,48.911598,2.386027,Plein jour,En agglomération,Hors intersection,Normale,Autre collision,4,1,1,0,1,1,1,0,1,30,1,2,1,0,0,1,,,voiture,,1,2,1,1,6
202300006054,2023-02-09 19:20:00,2023,2,9,19,20,92,92051,"VICTOR HUGO (BOULEVARD, N° 51 A 75 ET 62",48.89131587,2.27518782,Nuit avec éclairage allumé,En agglomération,Hors intersection,Normale,Deux véhicules - arrière,4,2,2,0,1,1,1,6,1,30,2,2,1,0,0,1,38.0,52.0,voiture,deux_roues,5,2,1,1,2
202300006055,2023-05-01 21:33:00,2023,5,1,21,33,37,37261,GIRAUDEAU (RUE),47.37973,0.67738,Nuit avec éclairage allumé,En agglomération,Intersection en X,Normale,Deux véhicules - côté,4,2,3,0,1,1,1,0,1,50,2,3,1,0,0,2,54.0,27.0,voiture,deux_roues,5,2,2,1,3
202300006055,2023-05-01 21:33:00,2023,5,1,21,33,37,37261,GIRAUDEAU (RUE),47.37973,0.67738,Nuit avec éclairage allumé,En agglomération,Intersection en X,Normale,Deux véhicules - côté,4,2,2,0,1,1,1,0,1,50,2,3,1,0,0,2,54.0,27.0,voiture,deux_roues,5,2,2,1,3
202300006056,2023-02-09 19:40:00,2023,2,9,19,40,92,92044,PDT WILSON(RUE)107A131 ET 110A130,48.8967631,2.28619024,Nuit avec éclairage allumé,En agglomération,Hors intersection,Normale,Autre collision,4,1,2,0,1,1,1,0,1,50,1,2,1,0,0,1,29.0,,utilitaire_camion,,5,2,1,1,6
202300006057,2023-05-02 19:50:00,2023,5,2,19,50,35,35238,LIBERTE (BD DE LA),48.11019524,-1.67779416,Crépuscule ou aube,En agglomération,Intersection en X,Normale,Autre collision,4,1,1,2,1,1,1,0,1,30,1,2,1,0,0,1,19.0,,voiture,,2,2,2,1,6
202300006057,2023-05-02 19:50:00,2023,5,2,19,50,35,35238,LIBERTE (BD DE LA),48.11019524,-1.67779416,Crépuscule ou aube,En agglomération,Intersection en X,Normale,Autre collision,4,2,2,0,1,1,1,0,1,30,1,2,1,0,0,1,19.0,,voiture,,2,2,2,1,6
202300006058,2023-02-08 22:00:00,2023,2,8,22,0,92,92036,CHANDON (AVENUE) (1/63),48.92412,2.29538,Nuit avec éclairage allumé,En agglomération,Intersection en X,Normale,Deux véhicules - côté,4,2,2,0,1,1,1,0,1,50,2,2,1,0,0,1,26.0,46.0,deux_roues,voiture,5,2,2,1,3
202300006059,2023-02-02 13:15:00,2023,2,2,13,15,92,92036,MARCEL PAUL (AVENUE) (2/50),48.933539,2.302461,Plein jour,En agglomération,Giratoire,Normale,Deux véhicules - côté,3,1, -1,-1,1,3,1,5,1,-1,2,2,1,1,0,0,19.0,53.0,deux_roues,utilitaire_camion,1,2,6,1,3
202300006059,2023-02-02 13:15:00,2023,2,2,13,15,92,92036,MARCEL PAUL (AVENUE) (2/50),48.933539,2.302461,Plein jour,En agglomération,Giratoire,Normale,Deux véhicules - côté,3,2,3,0,1,2,1,0,1,50,2,2,1,1,0,0,19.0,53.0,deux_roues,utilitaire_camion,1,2,6,1,3
202300006060,2023-05-02 18:10:00,2023,5,2,18,10,35,35238,BIGNON (DU),48.09684,-1.63522,Plein jour,En agglomération,Giratoire,Normale,Deux véhicules - côté,4,2,2,2,1,1,1,0,1,50,2,2,1,0,0,1,84.0,29.0,voiture,deux_roues,1,2,6,1,3
202300006060,2023-05-02 18:10:00,2023,5,2,18,10,35,35238,BIGNON (DU),48.09684,-1.63522,Plein jour,En agglomération,Giratoire,Normale,Deux véhicules - côté,4,2,2,0,1,3,1,0,1,50,2,2,1,0,0,1,84.0,29.0,voiture,deux_roues,1,2,6,1,3
202300006061,2023-02-09 19:00:00,2023,2,9,19,0,92,92026,PRÉSIDENT PAUL DOUMER (QUAI DU),48.89132,2.25795,Nuit avec éclairage allumé,En agglomération,Hors intersection,Normale,Deux véhicules - arrière,3,1,0,0,2,1,1,2,1,50,2,2,1,0,0,1,30.0,31.0,deux_roues,voiture,5,2,1,1,2
202300006062,2023-05-01 17:55:00,2023,5,1,17,55,34,34172,9 Rue du Faubourg de la Saunerie,43.606119,3.875658,Plein jour,En agglomération,Hors intersection,Normale,Autre collision,4,2,1,3,1,1,1,9,6,30,1,2,1,0,0,1,39.0,,deux_roues,,1,2,1,1,6
202300006063,2023-02-09 18:20:00,2023,2,9,18,20,92,92026,MARECHAL JOFFRE (QUAI DU),48.90019391,2.27373449,Nuit avec éclairage allumé,En agglomération,Hors intersection,Normale,Deux véhicules - côté,3,3,4,0,1,1,1,0,1,50,2,2,1,0,0,1,39.0,20.0,voiture,deux_roues,5,2,1,1,3
202300006064,2023-05-02 08:22:00,2023,5,2,8,22,29,29019,rue Mirabeau,48.407816,-4.487833,Plein jour,En agglomération,Hors intersection,Normale,Deux véhicules - côté,4,-1,2,0,1,1,1,0,1,50,2,2,1,0,0,1,24.0,14.0,voiture,deux_roues,1,2,1,1,3
202300006065,2023-02-09 12:15:00,2023,2,9,12,15,92,92012,BELLEVUE (RUE DE) 73/FIN - 80/FIN,48.83105877,2.23262116,Plein jour,En agglomération,Hors intersection,Normale,Deux véhicules - côté,4,2,2,0,1,1,1,0,1,50,2,2,1,0,0,1,26.0,43.0,deux_roues,deux_roues,1,2,1,1,3
202300006066,2023-02-09 11:00:00,2023,2,9,11,0,92,92004,DOCTEUR DERVAUX  ( QUAI DU ),48.90779,2.29221,Plein jour,En agglomération,Hors intersection,Normale,Deux véhicules - côté,3,1,2,0,1,1,1,0,1,50,2,3,1,0,0,2,19.0,24.0,utilitaire_camion,utilitaire_camion,1,2,1,1,3
202300006067,2023-02-09 17:30:00,2023,2,9,17,30,35,35333,Rue Amand de Léon des Ormeaux,47.919745,-1.429711,Plein jour,En agglomération,Intersection en T,Normale,Deux véhicules - côté,3,2,2,0,1,1,1,0,1,50,2,2,1,0,1,0,22.0,15.0,voiture,deux_roues,1,2,3,1,3
202300006067,2023-02-09 17:30:00,2023,2,9,17,30,35,35333,Rue Amand de Léon des Ormeaux,47.919745,-1.429711,Plein jour,En agglomération,Intersection en T,Normale,Deux véhicules - côté,3,2,2,0,1,1,1,0,1,50,2,2,1,0,1,0,22.0,15.0,voiture,deux_roues,1,2,3,1,3
202300006068,2023-02-10 07:10:00,2023,2,10,7,10,37,37077,22 Route de Mazieres,47.3497,0.44949,Nuit avec éclairage allumé,En agglomération,Intersection en Y,Normale,Trois véhicules et plus - collisions multiples,3,2,2,0,1,1,1,0,1,50,3,4,3,0,0,1,34.0,59.0,utilitaire_camion,utilitaire_camion,5,2,4,1,5
202300006068,2023-02-10 07:10:00,2023,2,10,7,10,37,37077,22 Route de Mazieres,47.3497,0.44949,Nuit avec éclairage allumé,En agglomération,Intersection en Y,Normale,Trois véhicules et plus - collisions multiples,3,2,1,0,4,1,1,0,1,50,3,4,3,0,0,1,34.0,59.0,utilitaire_camion,utilitaire_camion,5,2,4,1,5
202300006069,2023-02-09 16:30:00,2023,2,9,16,30,12,12300,départementale 1,44.38306,2.03383,Plein jour,Hors agglomération,Hors intersection,Temps éblouissant,Deux véhicules - frontale,3,2,3,0,1,1,1,8,1,70,2,2,1,0,1,0,31.0,77.0,utilitaire_camion,voiture,1,1,1,7,1
202300006070,2023-02-10 10:45:00,2023,2,10,10,45,44,44014,Land Jard,47.12154868,-1.49270833,Plein jour,Hors agglomération,Hors intersection,Normale,Deux véhicules - frontale,3,2,2,0,1,1,1,0,1,80,2,2,1,1,0,0,31.0,47.0,voiture,utilitaire_camion,1,1,1,1,1
202300006071,2023-05-02 18:40:00,2023,5,2,18,40,25,25056,,47.229323,5.996079,Plein jour,En agglomération,Place,Normale,Autre collision,4,2,2,0,1,3,1,0,6,50,1,2,1,0,0,1,68.0,,voiture,,1,2,7,1,6
202300006072,2023-02-10 07:25:00,2023,2,10,7,25,28,28088,66 Boulevard Jean-jaurès,48.066518,1.34602,Crépuscule ou aube,En agglomération,Hors intersection,Normale,Autre collision,4,2,2,0,1,1,1,0,1,50,1,2,1,1,0,0,23.0,,voiture,,2,2,1,1,6
202300006073,2023-02-09 19:30:00,2023,2,9,19,30,51,51559,D79,49.11393684,4.53695118,Nuit sans éclairage public,En agglomération,Hors intersection,Normale,Sans collision,3,2,2,0,1,1,1,0,8,80,1,2,0,0,0,2,20.0,,voiture,,3,2,1,1,7
202300006074,2023-05-02 17:00:00,2023,5,2,17,0,25,25056,TREMOLIERES RUE,47.254543,6.028496,Plein jour,En agglomération,Hors intersection,Normale,Autre collision,4,-1,2,0,1,1,1,0,1,50,1,2,1,0,0,1,40.0,,voiture,,1,2,1,1,6
202300006075,2023-05-02 11:20:00,2023,5,2,11,20,25,25056,MITTERAND AVENUE FRANCOIS,47.22318,5.98401,Plein jour,En agglomération,Passage à niveau,Normale,Autre collision,4,2,2,3,2,1,1,4,6,50,1,2,1,0,1,0,53.0,,transport_commun,,1,2,8,1,6
202300006076,2023-02-10 12:15:00,2023,2,10,12,15,26,26160,Avenue de la Croix des Mailles,45.199114,4.814699,Plein jour,En agglomération,Hors intersection,Normale,Deux véhicules - côté,2,2,2,0,2,1,1,0,1,-1,2,2,1,0,0,1,52.0,63.0,deux_roues,voiture,1,2,1,1,3
202300006077,2023-02-10 17:41:00,2023,2,10,17,41,68,68315,Route de Wuenheim,47.878876,7.221896,Crépuscule ou aube,En agglomération,Hors intersection,Normale,Autre collision,3,2,2,0,1,1,1,0,1,50,1,2,1,0,1,0,24.0,,voiture,,2,2,1,1,6
202300006078,2023-04-04 17:55:00,2023,4,4,17,55,19,19031,RIVET (AVENUE JEAN CHARLES),45.15052,1.49789,Plein jour,En agglomération,Hors intersection,Normale,Sans collision,3,2,2,0,1,1,1,0,1,50,1,1,0,0,0,1,19.0,,deux_roues,,1,2,1,1,7
202300006079,2023-02-09 22:10:00,2023,2,9,22,10,85,85153,20 Rue du Commandant Guilbaud,46.778742,-1.062884,Nuit avec éclairage allumé,En agglomération,Hors intersection,Normale,Autre collision,3,2,2,0,1,3,1,0,4,50,1,2,1,0,1,0,32.0,,voiture,,5,2,1,1,6
202300006080,2023-04-20 19:30:00,2023,4,20,19,30,19,19031,PARIS (AVENUE DE),45.16161,1.53273,Plein jour,En agglomération,Hors intersection,Normale,Deux véhicules - côté,4,1,1,2,1,1,1,6,1,20,2,2,1,0,1,0,23.0,62.0,deux_roues,deux_roues,1,2,1,1,3
202300006081,2023-02-09 18:40:00,2023,2,9,18,40,34,34095,M613,43.553416,3.787365,Nuit sans éclairage public,Hors agglomération,Hors intersection,Temps couvert,Trois véhicules et plus - collisions multiples,7,2,2,0,1,1,1,0,1,80,3,3,2,0,1,0,31.0,62.0,voiture,voiture,3,1,1,8,5
202300006082,2023-02-10 07:20:00,2023,2,10,7,20,91,91573,Avenue Louis Lachenal,48.610817,2.510789,Nuit avec éclairage allumé,En agglomération,Hors intersection,Normale,Autre collision,4,2,2,0,1,1,1,0,5,50,1,2,1,0,0,1,63.0,,voiture,,5,2,1,1,6
202300006083,2023-05-02 19:01:00,2023,5,2,19,1,17,17028,GRASSET   AVENUE EDMOND,46.13045,-1.08605,Plein jour,Hors agglomération,Intersection en T,Normale,Deux véhicules - côté,3,2,2,0,1,1,1,0,1,90,2,7,5,0,0,2,41.0,41.0,voiture,voiture,1,1,3,1,3
202300006083,2023-05-02 19:01:00,2023,5,2,19,1,17,17028,GRASSET   AVENUE EDMOND,46.13045,-1.08605,Plein jour,Hors agglomération,Intersection en T,Normale,Deux véhicules - côté,3,2,2,-1,1,1,1,5,1,70,2,7,5,0,0,2,41.0,41.0,voiture,voiture,1,1,3,1,3
202300006084,2023-02-10 08:00:00,2023,2,10,8,0,79,79079,,46.934005,-0.832674,Plein jour,Hors agglomération,Intersection en T,Normale,Deux véhicules - côté,3,2,3,3,3,1,1,5,1,80,2,2,1,0,1,0,23.0,75.0,deux_roues,voiture,1,1,3,1,3
202300006084,2023-02-10 08:00:00,2023,2,10,8,0,79,79079,,46.934005,-0.832674,Plein jour,Hors agglomération,Intersection en T,Normale,Deux véhicules - côté,3,2,2,0,1,1,1,5,1,80,2,2,1,0,1,0,23.0,75.0,deux_roues,voiture,1,1,3,1,3
202300006085,2023-05-01 18:30:00,2023,5,1,18,30,16,16015,LATTRE DE TASSIGNY (AVENUE DE),45.656789,0.170585,Plein jour,En agglomération,Hors intersection,Normale,Deux véhicules - frontale,4,2,2,-1,1,1,1,5,1,50,2,2,0,0,1,1,54.0,57.0,voiture,voiture,1,2,1,1,1
202300006086,2023-02-08 13:55:00,2023,2,8,13,55,11,11270,,42.86621,2.684467,Plein jour,Hors agglomération,Hors intersection,Normale,Autre collision,3,2,2,0,1,1,1,0,3,80,1,1,0,0,1,0,24.0,,utilitaire_camion,,1,1,1,1,6
202300006087,2023-05-02 20:20:00,2023,5,2,20,20,13,13103,BOULEVARD DU ROY RENE,43.63187,5.10002,Crépuscule ou aube,En agglomération,Intersection en X,Normale,Deux véhicules - côté,4,2,4,0,1,1,1,0,1,50,2,2,1,0,0,1,33.0,25.0,voiture,deux_roues,2,2,2,1,3
202300006087,2023-05-02 20:20:00,2023,5,2,20,20,13,13103,BOULEVARD DU ROY RENE,43.63187,5.10002,Crépuscule ou aube,En agglomération,Intersection en X,Normale,Deux véhicules - côté,4,2,3,0,2,1,1,0,8,50,2,2,1,0,0,1,33.0,25.0,voiture,deux_roues,2,2,2,1,3
202300006087,2023-05-02 20:20:00,2023,5,2,20,20,13,13103,BOULEVARD DU ROY RENE,43.63187,5.10002,Crépuscule ou aube,En agglomération,Intersection en X,Normale,Deux véhicules - côté,4,2,4,0,1,2,1,0,8,50,2,2,1,0,0,1,33.0,25.0,voiture,deux_roues,2,2,2,1,3
202300006088,2023-05-02 18:30:00,2023,5,2,18,30,13,13103,BOULEVARD DANTON,43.63586,5.08908,Plein jour,En agglomération,Hors intersection,Normale,Trois véhicules et plus - en chaîne,4,2,2,0,1,1,1,0,1,50,3,3,1,0,0,2,55.0,68.0,voiture,voiture,1,2,1,1,4
202300006089,2023-05-01 17:45:00,2023,5,1,17,45,13,13103,Avenue du 18 Juin 1940,43.62817376,5.11103986,Plein jour,Hors agglomération,Hors intersection,Normale,Trois véhicules et plus - en chaîne,4,2,2,0,1,1,1,0,1,50,4,5,3,0,0,2,23.0,46.0,voiture,voiture,1,1,1,1,4
202300006090,2023-05-03 00:35:00,2023,5,3,0,35,13,13208,PRADO (AVENUE DU),43.27075,5.38875,Nuit avec éclairage allumé,En agglomération,Hors intersection,Normale,Deux véhicules - côté,4,2,6,0,1,1,1,0,1,50,2,2,1,0,0,1,20.0,62.0,deux_roues,voiture,5,2,1,1,3
202300006091,2023-05-02 12:55:00,2023,5,2,12,55,13,13215,HENRI BARNIER (BOULEVARD),43.37319,5.35352,Plein jour,En agglomération,Hors intersection,Normale,Deux véhicules - côté,3,2,2,3,1,1,1,0,1,50,2,2,1,0,1,0,28.0,76.0,voiture,deux_roues,1,2,1,1,3
202300006092,2023-05-02 23:53:00,2023,5,2,23,53,13,13001,ROI RENE (BD DU),43.52401564,5.44998748,Nuit avec éclairage allumé,En agglomération,Hors intersection,Normale,Deux véhicules - côté,4,1,3,3,1,1,1,0,1,50,2,3,2,0,0,1,24.0,26.0,deux_roues,voiture,5,2,1,1,3
202300006093,2023-05-02 08:25:00,2023,5,2,8,25,07,07186,SAINT LOUIS (COURS),44.73513,4.59575,Crépuscule ou aube,En agglomération,Hors intersection,Normale,Autre collision,4,2,1,0,2,1,1,0,1,50,1,2,1,0,1,0,76.0,,voiture,,2,2,1,1,6
202300006094,2023-05-02 13:30:00,2023,5,2,13,30,06,06029,COTEAUX (AVENUE DES),43.56582,7.02154,Plein jour,En agglomération,Hors intersection,Normale,Deux véhicules - frontale,4,2,2,0,2,2,1,0,1,30,2,2,0,0,0,2,77.0,27.0,utilitaire_camion,voiture,1,2,1,1,1
202300006095,2023-05-02 08:45:00,2023,5,2,8,45,75,75112,BD PERIPHERIQUE INTERIEUR,48.835203,2.411409,Plein jour,En agglomération,Hors intersection,Normale,Deux véhicules - arrière,4,-1,4,0,1,1,1,0,1,70,2,2,1,0,0,1,33.0,59.0,deux_roues,deux_roues,1,2,1,1,2
202300006096,2023-05-02 07:05:00,2023,5,2,7,5,75,75120,BD PERIPHERIQUE EXTERIEUR,48.877377,2.409157,Plein jour,En agglomération,Hors intersection,Normale,Deux véhicules - arrière,4,1,4,0,1,1,1,1,1,70,2,3,2,0,0,1,28.0,42.0,utilitaire_camion,utilitaire_camion,1,2,1,1,2
202300006097,2023-05-02 22:10:00,2023,5,2,22,10,75,75118,AVENUE DE SAINT OUEN,48.890426,2.326589,Nuit avec éclairage allumé,En agglomération,Intersection en X,Normale,Deux véhicules - côté,4,2,3,1,2,1,1,0,1,30,2,2,1,0,0,1,28.0,54.0,deux_roues,voiture,5,2,2,1,3
202300006097,2023-05-02 22:10:00,2023,5,2,22,10,75,75118,AVENUE DE SAINT OUEN,48.890426,2.326589,Nuit avec éclairage allumé,En agglomération,Intersection en X,Normale,Deux véhicules - côté,4,1,1,0,1,1,1,0,1,30,2,2,1,0,0,1,28.0,54.0,deux_roues,voiture,5,2,2,1,3
202300006098,2023-05-02 19:45:00,2023,5,2,19,45,75,75118,RUE JACQUES CARTIER,48.894334,2.32988,Plein jour,En agglomération,Intersection en X,Normale,Autre collision,4,1, -1,0,1,1,1,0,1,30,1,2,1,0,0,1,35.0,,voiture,,1,2,2,1,6