accident_id,datetime,annee,mois,jour,heure,minute,departement,commune_insee,adresse,latitude,longitude,luminosite,agglomeration,intersection,meteo,collision,catr,circ,nbv,vosp,prof,plan,surf,infra,situ,vma,nb_vehicules,nb_usagers,nb_indemnes,nb_tues,nb_blesses_hosp,nb_blesses_legers,age_cond_1,age_cond_2,veh_type_cond_1,veh_type_cond_2,lum_code,agg_code,int_code,atm_code,col_code
202300006098,2023-05-02 19:45:00,2023,5,2,19,45,75,75118,RUE JACQUES CARTIER,48.894334,2.32988,Plein jour,En agglomération,Intersection en X,Normale,Autre collision,4,2,2,0,1,1,1,0,1,30,1,2,1,0,0,1,35.0,,voiture,,1,2,2,1,6
202300006099,2023-05-02 18:30:00,2023,5,2,18,30,75,75111,PLACE DE LA REPUBLIQUE,48.866718,2.365162,Plein jour,En agglomération,Intersection en T,Normale,Deux véhicules - côté,4,2, -1,0,1,1,1,0,1,30,2,2,1,0,0,1,38.0,67.0,deux_roues,voiture,1,2,3,1,3
202300006099,2023-05-02 18:30:00,2023,5,2,18,30,75,75111,PLACE DE LA REPUBLIQUE,48.866718,2.365162,Plein jour,En agglomération,Intersection en T,Normale,Deux véhicules - côté,4,2,5,1,1,1,1,0,1,30,2,2,1,0,0,1,38.0,67.0,deux_roues,voiture,1,2,3,1,3
202300006100,2023-05-02 13:20:00,2023,5,2,13,20,75,75111,RUE DE CHARONNE,48.855563,2.390129,Plein jour,En agglomération,Intersection en T,Normale,Autre collision,4,1, -1,0,1,1,1,0,1,30,1,2,1,0,0,1,21.0,,deux_roues,,1,2,3,1,6
202300006100,2023-05-02 13:20:00,2023,5,2,13,20,75,75111,RUE DE CHARONNE,48.855563,2.390129,Plein jour,En agglomération,Intersection en T,Normale,Autre collision,4,2,2,0,1,1,1,0,1,30,1,2,1,0,0,1,21.0,,deux_roues,,1,2,3,1,6
202300006101,2023-05-02 00:50:00,2023,5,2,0,50,75,75111,BOULEVARD VOLTAIRE,48.851645,2.390499,Nuit avec éclairage allumé,En agglomération,Intersection en T,Normale,Deux véhicules - côté,4,2,2,0,1,1,1,0,1,30,2,3,2,0,0,1,24.0,39.0,voiture,deux_roues,5,2,3,1,3
202300006101,2023-05-02 00:50:00,2023,5,2,0,50,75,75111,BOULEVARD VOLTAIRE,48.851645,2.390499,Nuit avec éclairage allumé,En agglomération,Intersection en T,Normale,Deux véhicules - côté,4,1, -1,0,1,1,1,0,1,30,2,3,2,0,0,1,24.0,39.0,voiture,deux_roues,5,2,3,1,3
202300006102,2023-05-01 19:40:00,2023,5,1,19,40,75,75109,RUE LA FAYETTE,48.87504164,2.340855,Plein jour,En agglomération,Intersection en X,Normale,Deux véhicules - côté,4,1,1,0,1,1,1,0,1,30,2,2,1,0,0,1,47.0,32.0,voiture,deux_roues,1,2,2,1,3
202300006102,2023-05-01 19:40:00,2023,5,1,19,40,75,75109,RUE LA FAYETTE,48.87504164,2.340855,Plein jour,En agglomération,Intersection en X,Normale,Deux véhicules - côté,4,1,1,3,1,1,1,0,1,30,2,2,1,0,0,1,47.0,32.0,voiture,deux_roues,1,2,2,1,3
202300006103,2023-05-02 16:55:00,2023,5,2,16,55,75,75108,COURS LA REINE,48.865005,2.313712,Plein jour,En agglomération,Intersection en X,Normale,Deux véhicules - arrière,4,1,1,0,1,1,1,0,1,30,2,2,1,0,0,1,23.0,56.0,voiture,deux_roues,1,2,2,1,2
202300006103,2023-05-02 16:55:00,2023,5,2,16,55,75,75108,COURS LA REINE,48.865005,2.313712,Plein jour,En agglomération,Intersection en X,Normale,Deux véhicules - arrière,4,2, -1,-1,1,1,1,0,1,-1,2,2,1,0,0,1,23.0,56.0,voiture,deux_roues,1,2,2,1,2
202300006104,2023-05-01 18:35:00,2023,5,1,18,35,75,75107,QUAI BRANLY,48.860632,2.295487,Plein jour,En agglomération,Intersection en X,Normale,Deux véhicules - côté,4,2, -1,-1,1,1,1,0,1,-1,2,3,2,0,0,1,22.0,23.0,deux_roues,deux_roues,1,2,2,1,3
202300006104,2023-05-01 18:35:00,2023,5,1,18,35,75,75107,QUAI BRANLY,48.860632,2.295487,Plein jour,En agglomération,Intersection en X,Normale,Deux véhicules - côté,4,2,1,-1,1,1,1,0,1,30,2,3,2,0,0,1,22.0,23.0,deux_roues,deux_roues,1,2,2,1,3
202300006105,2023-05-02 17:55:00,2023,5,2,17,55,75,75101,QUAI DE LA MEGISSERIE,48.857308,2.34692,Plein jour,En agglomération,Place,Normale,Deux véhicules - côté,4,1,4,3,1,1,1,0,1,30,2,2,1,0,0,1,21.0,44.0,deux_roues,voiture,1,2,7,1,3
202300006105,2023-05-02 17:55:00,2023,5,2,17,55,75,75101,QUAI DE LA MEGISSERIE,48.857308,2.34692,Plein jour,En agglomération,Place,Normale,Deux véhicules - côté,4,1,4,3,1,1,1,0,1,30,2,2,1,0,0,1,21.0,44.0,deux_roues,voiture,1,2,7,1,3
202300006106,2023-05-02 01:10:00,2023,5,2,1,10,94,94081,Rue Camille Blanc,48.78473027,2.39559594,Nuit avec éclairage allumé,En agglomération,Hors intersection,Normale,Deux véhicules - arrière,4,1,1,0,1,1,1,0,1,50,2,2,1,0,0,1,45.0,38.0,utilitaire_camion,voiture,5,2,1,1,2
202300006107,2023-05-02 19:15:00,2023,5,2,19,15,75,75112,Avenue Gallieni,48.846575,2.415859,Plein jour,En agglomération,Intersection en X,Normale,Deux véhicules - côté,4,3, -1,0,1,1,1,0,1,50,2,2,1,0,0,1,50.0,33.0,deux_roues,voiture,1,2,2,1,3
202300006107,2023-05-02 19:15:00,2023,5,2,19,15,75,75112,Avenue Gallieni,48.846575,2.415859,Plein jour,En agglomération,Intersection en X,Normale,Deux véhicules - côté,4,1,0,0,1,1,1,0,1,50,2,2,1,0,0,1,50.0,33.0,deux_roues,voiture,1,2,2,1,3
202300006108,2023-05-01 12:35:00,2023,5,1,12,35,94,94068,Avenue de l’Alma,48.78904808,2.49527004,Plein jour,En agglomération,Intersection en X,Normale,Deux véhicules - côté,3,2,4,1,1,2,1,0,1,30,2,2,1,0,0,1,32.0,30.0,deux_roues,voiture,1,2,2,1,3
202300006108,2023-05-01 12:35:00,2023,5,1,12,35,94,94068,Avenue de l’Alma,48.78904808,2.49527004,Plein jour,En agglomération,Intersection en X,Normale,Deux véhicules - côté,3,3,4,0,1,2,1,0,1,30,2,2,1,0,0,1,32.0,30.0,deux_roues,voiture,1,2,2,1,3
202300006109,2023-05-02 00:30:00,2023,5,2,0,30,94,94016,Avenue Aristide Briand,48.791289,2.320031,Nuit avec éclairage allumé,En agglomération,Hors intersection,Normale,Autre collision,3,3,4,0,1,1,1,0,1,50,1,2,1,0,1,0,,,utilitaire_camion,,5,2,1,1,6
202300006110,2023-05-02 19:00:00,2023,5,2,19,0,94,94041,Rue Lénine / Rue Molière,48.81570165,2.39351347,Plein jour,En agglomération,Intersection en X,Normale,Autre collision,3,1,2,0,1,1,1,0,8,50,1,2,1,0,0,1,31.0,,voiture,,1,2,2,1,6
202300006110,2023-05-02 19:00:00,2023,5,2,19,0,94,94041,Rue Lénine / Rue Molière,48.81570165,2.39351347,Plein jour,En agglomération,Intersection en X,Normale,Autre collision,3,1,1,0,1,1,1,0,8,-1,1,2,1,0,0,1,31.0,,voiture,,1,2,2,1,6
202300006111,2023-04-29 21:20:00,2023,4,29,21,20,94,94073,Rue du Bas Marin,48.75494376,2.38590565,Nuit avec éclairage allumé,En agglomération,Hors intersection,Normale,Deux véhicules - arrière,3,3,2,0,1,1,1,0,1,50,2,2,1,0,0,1,37.0,25.0,utilitaire_camion,voiture,5,2,1,1,2
202300006112,2023-05-01 12:00:00,2023,5,1,12,0,94,94060,Rue du Général de Gaulle,48.78086,2.57342,Plein jour,En agglomération,Intersection en T,Temps couvert,Deux véhicules - côté,3,3,4,0,1,1,1,5,1,50,2,2,1,0,0,1,28.0,53.0,utilitaire_camion,voiture,1,2,3,8,3
202300006112,2023-05-01 12:00:00,2023,5,1,12,0,94,94060,Rue du Général de Gaulle,48.78086,2.57342,Plein jour,En agglomération,Intersection en T,Temps couvert,Deux véhicules - côté,3,2,2,0,1,1,1,5,1,50,2,2,1,0,0,1,28.0,53.0,utilitaire_camion,voiture,1,2,3,8,3
202300006113,2023-05-02 14:56:00,2023,5,2,14,56,93,93059,Boulevard Pasteur / Boulevard Jean Mermoz,48.96572,2.36313,Plein jour,En agglomération,Intersection en X,Normale,Deux véhicules - frontale,3,3,4,-1,1,1,1,0,1,-1,2,2,1,0,0,1,64.0,42.0,voiture,deux_roues,1,2,2,1,1
202300006113,2023-05-02 14:56:00,2023,5,2,14,56,93,93059,Boulevard Pasteur / Boulevard Jean Mermoz,48.96572,2.36313,Plein jour,En agglomération,Intersection en X,Normale,Deux véhicules - frontale,3,2,2,0,1,1,1,0,1,50,2,2,1,0,0,1,64.0,42.0,voiture,deux_roues,1,2,2,1,1
202300006114,2023-05-02 18:45:00,2023,5,2,18,45,93,93066,Rue du Landy,48.91484855,2.34915644,Plein jour,En agglomération,Hors intersection,Normale,Deux véhicules - côté,3,2,2,2,1,1,1,0,5,50,2,2,1,0,0,1,59.0,21.0,deux_roues,utilitaire_camion,1,2,1,1,3
202300006115,2023-05-01 23:17:00,2023,5,1,23,17,93,93051,Boulevard du Ru de Nesles / Boulevard du Champy Richardets,48.8378,2.5819,Nuit avec éclairage allumé,En agglomération,Giratoire,Normale,Deux véhicules - côté,3,2,2,-1,1,1,1,0,1,-1,2,2,1,0,0,1,40.0,24.0,deux_roues,voiture,5,2,6,1,3
202300006115,2023-05-01 23:17:00,2023,5,1,23,17,93,93051,Boulevard du Ru de Nesles / Boulevard du Champy Richardets,48.8378,2.5819,Nuit avec éclairage allumé,En agglomération,Giratoire,Normale,Deux véhicules - côté,3,2,2,0,1,2,1,0,1,50,2,2,1,0,0,1,40.0,24.0,deux_roues,voiture,5,2,6,1,3
202300006116,2023-05-02 18:47:00,2023,5,2,18,47,93,93031,Route de Saint-leu / Rue Pierre Curie,48.94964142,2.34137937,Plein jour,En agglomération,Intersection en T,Normale,Deux véhicules - côté,3,2,2,0,1,1,1,0,1,50,2,2,1,0,0,1,42.0,45.0,deux_roues,deux_roues,1,2,3,1,3
202300006116,2023-05-02 18:47:00,2023,5,2,18,47,93,93031,Route de Saint-leu / Rue Pierre Curie,48.94964142,2.34137937,Plein jour,En agglomération,Intersection en T,Normale,Deux véhicules - côté,3,2,2,1,1,1,1,0,1,50,2,2,1,0,0,1,42.0,45.0,deux_roues,deux_roues,1,2,3,1,3
202300006117,2023-05-02 08:10:00,2023,5,2,8,10,93,93005,Rue Charles Gouppy,48.94161651,2.49845048,Plein jour,En agglomération,Hors intersection,Normale,Trois véhicules et plus - en chaîne,3,2,2,0,1,1,1,0,1,50,3,3,2,0,0,1,58.0,25.0,voiture,voiture,1,2,1,1,4
202300006118,2023-05-02 10:30:00,2023,5,2,10,30,92,92078,VERDUN (AVENUE) (N° PAIRS 40 A 90),48.934888,2.32485,Plein jour,En agglomération,Intersection en T,Normale,Deux véhicules - côté,3,1,6,1,1,1,1,0,1,50,2,2,1,0,0,1,68.0,47.0,voiture,deux_roues,1,2,3,1,3
202300006118,2023-05-02 10:30:00,2023,5,2,10,30,92,92078,VERDUN (AVENUE) (N° PAIRS 40 A 90),48.934888,2.32485,Plein jour,En agglomération,Intersection en T,Normale,Deux véhicules - côté,3,1,6,1,1,1,1,0,1,50,2,2,1,0,0,1,68.0,47.0,voiture,deux_roues,1,2,3,1,3
202300006119,2023-05-02 19:20:00,2023,5,2,19,20,92,92064,VAL D' OR,48.85964026,2.21530616,Plein jour,En agglomération,Hors intersection,Normale,Autre collision,4,-1,0,0,1,1,1,9,4,-1,1,2,1,0,0,1,13.0,,deux_roues,,1,2,1,1,6
202300006120,2023-05-02 17:59:00,2023,5,2,17,59,92,92049,BRIAND AVENUE ARISTIDE N°1 A 129,48.81114563,2.32640326,Plein jour,En agglomération,Place,Normale,Deux véhicules - côté,3,2,4,1,1,1,1,5,1,50,2,2,1,0,0,1,,21.0,voiture,deux_roues,1,2,7,1,3
202300006121,2023-05-02 13:04:00,2023,5,2,13,4,92,92049,BROSSOLETTE AVENUE PIERRE,48.8175,2.3079,Plein jour,En agglomération,Intersection en X,Normale,Deux véhicules - frontale,3,3,4,2,1,1,1,0,1,50,2,2,1,0,0,1,52.0,,deux_roues,deux_roues,1,2,2,1,1
202300006121,2023-05-02 13:04:00,2023,5,2,13,4,92,92049,BROSSOLETTE AVENUE PIERRE,48.8175,2.3079,Plein jour,En agglomération,Intersection en X,Normale,Deux véhicules - frontale,3,2,4,0,1,1,1,0,1,50,2,2,1,0,0,1,52.0,,deux_roues,deux_roues,1,2,2,1,1
202300006122,2023-05-02 08:32:00,2023,5,2,8,32,92,92049,BROSSOLETTE AVENUE PIERRE,48.81955258,2.31041998,Plein jour,En agglomération,Hors intersection,Normale,Autre collision,3,3,4,2,1,1,1,0,1,50,1,2,1,0,0,1,54.0,,deux_roues,,1,2,1,1,6
202300006123,2023-05-01 14:40:00,2023,5,1,14,40,92,92036,GABRIEL PERI (AVENUE) (101/129),48.92097,2.29498,Plein jour,En agglomération,Hors intersection,Pluie forte,Autre collision,3,2,2,0,1,1,2,0,1,50,1,2,1,0,0,1,23.0,,voiture,,1,2,1,3,6
202300006124,2023-04-28 14:45:00,2023,4,28,14,45,92,92036,MARCEL PAUL (AVENUE) (1/103),48.93350633,2.30243236,Plein jour,En agglomération,Giratoire,Normale,Deux véhicules - côté,3,2,0,0,1,1,1,0,1,50,2,2,1,0,0,1,29.0,71.0,deux_roues,voiture,1,2,6,1,3
202300006124,2023-04-28 14:45:00,2023,4,28,14,45,92,92036,MARCEL PAUL (AVENUE) (1/103),48.93350633,2.30243236,Plein jour,En agglomération,Giratoire,Normale,Deux véhicules - côté,3,1,2,0,1,1,1,0,1,50,2,2,1,0,0,1,29.0,71.0,deux_roues,voiture,1,2,6,1,3
202300006125,2023-05-02 20:05:00,2023,5,2,20,5,92,92024,VICTOR HUGO (BD),48.89794989,2.31125683,Crépuscule ou aube,En agglomération,Intersection en X,Normale,Deux véhicules - côté,3,2,3,0,1,1,1,0,1,50,2,2,1,0,0,1,26.0,62.0,deux_roues,voiture,2,2,2,1,3
202300006125,2023-05-02 20:05:00,2023,5,2,20,5,92,92024,VICTOR HUGO (BD),48.89794989,2.31125683,Crépuscule ou aube,En agglomération,Intersection en X,Normale,Deux véhicules - côté,3,1,3,0,1,1,1,0,1,50,2,2,1,0,0,1,26.0,62.0,deux_roues,voiture,2,2,2,1,3
202300006126,2023-05-02 10:25:00,2023,5,2,10,25,92,92002,ONZE NOVEMBRE (AVENUE DU),48.75066438,2.30676614,Plein jour,En agglomération,Hors intersection,Normale,Autre collision,4,2,2,0,1,1,1,0,4,50,1,2,1,0,0,1,27.0,,voiture,,1,2,1,1,6
202300006127,2023-05-02 12:30:00,2023,5,2,12,30,39,39130,,46.491538,5.83293,Plein jour,Hors agglomération,Hors intersection,Normale,Autre collision,3,2,2,0,2,3,1,0,3,80,1,1,0,0,1,0,51.0,,deux_roues,,1,1,1,1,6
202300006128,2023-07-12 16:35:00,2023,7,12,16,35,83,83001,A8 PK 148.400 Nord,43.5386027,6.83902845,Plein jour,Hors agglomération,Hors intersection,Normale,Autre collision,1,3,3,0,2,3,1,0,1,110,1,2,0,0,2,0,53.0,,deux_roues,,1,1,1,1,6
202300006129,2023-05-02 17:00:00,2023,5,2,17,0,22,22172,La Ville Martin,48.53748,-2.224174,Plein jour,Hors agglomération,Intersection en T,Normale,Deux véhicules - côté,3,2,2,0,1,1,1,0,1,80,2,2,1,0,1,0,83.0,20.0,voiture,deux_roues,1,1,3,1,3
202300006129,2023-05-02 17:00:00,2023,5,2,17,0,22,22172,La Ville Martin,48.53748,-2.224174,Plein jour,Hors agglomération,Intersection en T,Normale,Deux véhicules - côté,3,2,2,0,1,1,1,0,1,-1,2,2,1,0,1,0,83.0,20.0,voiture,deux_roues,1,1,3,1,3
202300006130,2023-07-09 19:55:00,2023,7,9,19,55,38,38170,A48,45.25318943,5.64832408,Plein jour,Hors agglomération,Hors intersection,Normale,Autre collision,1,1,3,3,1,1,1,0,1,110,1,1,0,0,0,1,40.0,,voiture,,1,1,1,1,6
202300006131,2023-04-30 19:55:00,2023,4,30,19,55,33,33138,3 Lieu Dit les Mougneaux,45.059468,-0.103673,Plein jour,Hors agglomération,Intersection en X,Normale,Deux véhicules - côté,3,2,2,0,1,1,1,0,1,80,2,2,1,0,1,0,43.0,41.0,voiture,voiture,1,1,2,1,3
202300006131,2023-04-30 19:55:00,2023,4,30,19,55,33,33138,3 Lieu Dit les Mougneaux,45.059468,-0.103673,Plein jour,Hors agglomération,Intersection en X,Normale,Deux véhicules - côté,3,2,2,0,1,2,1,0,1,80,2,2,1,0,1,0,43.0,41.0,voiture,voiture,1,1,2,1,3
202300006132,2023-05-02 15:00:00,2023,5,2,15,0,11,11067,,43.21902,2.845894,Plein jour,Hors agglomération,Intersection en X,Normale,Deux véhicules - côté,3,2,2,0,1,1,1,0,1,80,2,2,1,0,1,0,62.0,34.0,voiture,deux_roues,1,1,2,1,3
202300006132,2023-05-02 15:00:00,2023,5,2,15,0,11,11067,,43.21902,2.845894,Plein jour,Hors agglomération,Intersection en X,Normale,Deux véhicules - côté,3,2, -1,-1,1,1,1,5,1,-1,2,2,1,0,1,0,62.0,34.0,voiture,deux_roues,1,1,2,1,3
202300006133,2023-07-13 21:10:00,2023,7,13,21,10,988,98821,Route du Mont Mou/Rue du Bougainvillier,-22.122951,166.374646,Nuit avec éclairage allumé,En agglomération,Intersection en T,Normale,Deux véhicules - côté,4,3,2,0,1,1,1,5,1,30,2,4,1,1,1,1,39.0,53.0,utilitaire_camion,voiture,5,2,3,1,3
202300006133,2023-07-13 21:10:00,2023,7,13,21,10,988,98821,Route du Mont Mou/Rue du Bougainvillier,-22.122951,166.374646,Nuit avec éclairage allumé,En agglomération,Intersection en T,Normale,Deux véhicules - côté,4,2,2,-1,1,1,1,5,1,-1,2,4,1,1,1,1,39.0,53.0,utilitaire_camion,voiture,5,2,3,1,3
202300006134,2023-05-02 20:30:00,2023,5,2,20,30,54,54138,Rue Cote du Val,49.52703293,5.71932793,Crépuscule ou aube,Hors agglomération,Hors intersection,Normale,Autre collision,3,2,2,0,4,2,1,0,3,70,1,1,0,0,1,0,20.0,,deux_roues,,2,1,1,1,6
202300006135,2023-07-12 18:20:00,2023,7,12,18,20,971,97117,route de l'écluse,16.312087,-61.383963,Plein jour,Hors agglomération,Hors intersection,Normale,Autre collision,4,2,2,0,2,2,1,0,3,80,1,6,0,0,0,6,60.0,,voiture,,1,1,1,1,6
202300006136,2023-05-02 16:20:00,2023,5,2,16,20,974,97410,RN2,-21.052523,55.720274,Plein jour,Hors agglomération,Hors intersection,Normale,Deux véhicules - arrière,2,2,2,2,1,1,1,0,2,70,2,5,4,0,1,0,40.0,38.0,deux_roues,voiture,1,1,1,1,2
202300006137,2023-07-09 20:20:00,2023,7,9,20,20,33,33527,D216,44.527407,-1.017928,Plein jour,Hors agglomération,Hors intersection,Normale,Sans collision,3,2,2,0,1,1,1,0,3,80,1,2,0,0,2,0,56.0,,deux_roues,,1,1,1,1,7
202300006138,2023-11-25 08:25:00,2023,11,25,8,25,91,91027,AV JULES VALLES,48.69991,2.37579,Plein jour,En agglomération,Hors intersection,Normale,Autre collision,3,2,2,0,1,1,1,0,1,30,1,2,1,0,0,1,53.0,,voiture,,1,2,1,1,6
202300006139,2023-05-03 19:00:00,2023,5,3,19,0,59,59487,103 Rue du Bas,50.635435,2.890939,Plein jour,Hors agglomération,Intersection en X,Normale,Deux véhicules - côté,7,2,2,0,1,1,1,5,1,70,2,3,0,0,2,1,37.0,31.0,deux_roues,deux_roues,1,1,2,1,3
202300006139,2023-05-03 19:00:00,2023,5,3,19,0,59,59487,103 Rue du Bas,50.635435,2.890939,Plein jour,Hors agglomération,Intersection en X,Normale,Deux véhicules - côté,7,2,2,0,1,1,1,5,1,70,2,3,0,0,2,1,37.0,31.0,deux_roues,deux_roues,1,1,2,1,3
202300006140,2023-11-25 17:03:00,2023,11,25,17,3,86,86041,Rue Maurice Ravel,46.597808,0.353185,Plein jour,En agglomération,Intersection en T,Normale,Autre collision,4,2,2,0,1,1,1,0,1,30,1,2,1,1,0,0,44.0,,transport_commun,,1,2,3,1,6
202300006140,2023-11-25 17:03:00,2023,11,25,17,3,86,86041,Rue Maurice Ravel,46.597808,0.353185,Plein jour,En agglomération,Intersection en T,Normale,Autre collision,4,1,2,0,1,1,1,0,1,30,1,2,1,1,0,0,44.0,,transport_commun,,1,2,3,1,6
202300006141,2023-04-22 22:25:00,2023,4,22,22,25,34,34325,A75 PK 320+9691,43.411567,3.372245,Nuit sans éclairage public,Hors agglomération,Hors intersection,Normale,Deux véhicules - arrière,1,3,1,0,1,1,1,0,1,130,2,2,1,0,1,0,20.0,41.0,voiture,voiture,3,1,1,1,2
202300006142,2023-07-13 05:00:00,2023,7,13,5,0,91,91200,22 Rue de Bonniveau,48.532303,2.006853,Crépuscule ou aube,En agglomération,Hors intersection,Normale,Deux véhicules - côté,4,2,2,0,1,1,1,9,1,30,2,3,0,0,2,1,42.0,25.0,voiture,deux_roues,2,2,1,1,3
202300006143,2023-11-25 17:44:00,2023,11,25,17,44,84,84007,SOULIER (BD Denis),43.94235,4.81668,Plein jour,En agglomération,Intersection en T,Normale,Deux véhicules - côté,4,2,2,0,1,1,1,5,1,50,2,2,1,0,0,1,62.0,62.0,voiture,deux_roues,1,2,3,1,3
202300006143,2023-11-25 17:44:00,2023,11,25,17,44,84,84007,SOULIER (BD Denis),43.94235,4.81668,Plein jour,En agglomération,Intersection en T,Normale,Deux véhicules - côté,4,2,3,0,1,1,1,5,1,50,2,2,1,0,0,1,62.0,62.0,voiture,deux_roues,1,2,3,1,3
202300006144,2023-05-03 15:30:00,2023,5,3,15,30,62,62281,Route de Tournes,50.693909,1.671617,Plein jour,En agglomération,Hors intersection,Temps éblouissant,Autre collision,4,2,2,0,2,2,1,0,3,80,1,1,0,0,1,0,13.0,,deux_roues,,1,2,1,7,6
202300006145,2023-07-13 13:00:00,2023,7,13,13,0,83,83016,Dn8,43.186514,5.818226,Plein jour,Hors agglomération,Intersection en T,Normale,Deux véhicules - côté,3,2,2,0,1,1,1,0,1,80,2,2,1,0,1,0,77.0,19.0,voiture,deux_roues,1,1,3,1,3
202300006145,2023-07-13 13:00:00,2023,7,13,13,0,83,83016,Dn8,43.186514,5.818226,Plein jour,Hors agglomération,Intersection en T,Normale,Deux véhicules - côté,3,2, -1,-1,1,1,1,0,1,-1,2,2,1,0,1,0,77.0,19.0,voiture,deux_roues,1,1,3,1,3
202300006146,2023-03-10 17:05:00,2023,3,10,17,5,51,51029,Avenue de Sulzfeld,48.975098,4.031188,Plein jour,En agglomération,Hors intersection,Normale,Autre collision,3,2,2,0,1,1,1,0,1,50,1,2,1,0,0,1,83.0,,voiture,,1,2,1,1,6
202300006147,2023-11-25 06:45:00,2023,11,25,6,45,84,84007,CHARLES DE GAULLE,43.94087,4.79036,Crépuscule ou aube,En agglomération,Intersection en T,Normale,Deux véhicules - frontale,4,3,4,0,1,1,1,5,1,50,2,2,1,0,0,1,37.0,,voiture,voiture,2,2,3,1,1
202300006147,2023-11-25 06:45:00,2023,11,25,6,45,84,84007,CHARLES DE GAULLE,43.94087,4.79036,Crépuscule ou aube,En agglomération,Intersection en T,Normale,Deux véhicules - frontale,4,2,2,0,1,1,1,5,1,50,2,2,1,0,0,1,37.0,,voiture,voiture,2,2,3,1,1
202300006148,2023-05-02 11:33:00,2023,5,2,11,33,74,74208,Avenue rené raffort deruttet,45.923308,6.685599,Plein jour,En agglomération,Intersection en T,Normale,Deux véhicules - côté,3,2,2,0,2,1,1,5,1,50,2,2,1,0,1,0,73.0,51.0,deux_roues,voiture,1,2,3,1,3
202300006148,2023-05-02 11:33:00,2023,5,2,11,33,74,74208,Avenue rené raffort deruttet,45.923308,6.685599,Plein jour,En agglomération,Intersection en T,Normale,Deux véhicules - côté,3,2,2,0,2,1,1,5,1,50,2,2,1,0,1,0,73.0,51.0,deux_roues,voiture,1,2,3,1,3
202300006149,2023-07-13 14:58:00,2023,7,13,14,58,83,83053,Dn8,43.17508,5.827995,Plein jour,En agglomération,Hors intersection,Normale,Deux véhicules - frontale,3,2,1,0,3,1,1,0,1,50,2,4,1,0,2,1,48.0,74.0,voiture,voiture,1,2,1,1,1
202300006150,2023-11-25 02:05:00,2023,11,25,2,5,78,78372,GEORGES TATTEVIN,48.8651,2.08805,Nuit sans éclairage public,En agglomération,Hors intersection,Normale,Autre collision,3,2,2,0,1,3,2,0,1,50,1,2,0,0,0,2,18.0,,voiture,,3,2,1,1,6
202300006151,2023-05-02 21:00:00,2023,5,2,21,0,76,76315,D50,49.762138,0.621009,Crépuscule ou aube,Hors agglomération,Giratoire,Normale,Autre collision,3,2,2,0,1,1,1,0,1,80,1,1,0,0,1,0,33.0,,deux_roues,,2,1,6,1,6
202300006152,2023-11-24 17:35:00,2023,11,24,17,35,71,71153,ABATTOIRS (boulevard des),46.78777,4.44393,Nuit sans éclairage public,En agglomération,Autre intersection,Temps couvert,Autre collision,4,1,1,0,1,1,2,0,1,70,1,2,1,0,0,1,44.0,,voiture,,3,2,9,8,6
202300006153,2023-07-11 16:55:00,2023,7,11,16,55,83,83068,Route du Littoral,43.287652,6.602397,Plein jour,En agglomération,Intersection en X,Normale,Deux véhicules - côté,3,3,2,0,1,1,1,0,1,70,2,2,1,0,1,0,20.0,90.0,deux_roues,voiture,1,2,2,1,3
202300006153,2023-07-11 16:55:00,2023,7,11,16,55,83,83068,Route du Littoral,43.287652,6.602397,Plein jour,En agglomération,Intersection en X,Normale,Deux véhicules - côté,3,2,2,0,1,1,1,0,1,50,2,2,1,0,1,0,20.0,90.0,deux_roues,voiture,1,2,2,1,3
202300006154,2023-05-03 08:30:00,2023,5,3,8,30,2B,2B343,Diceppo,42.492811,9.473648,Plein jour,En agglomération,Hors intersection,Normale,Deux véhicules - arrière,2,2,2,0,1,1,1,0,1,70,2,4,3,0,0,1,48.0,46.0,voiture,voiture,1,2,1,1,2
202300006155,2023-11-25 06:00:00,2023,11,25,6,0,71,71445,RD673,46.78017,4.88327,Nuit sans éclairage public,Hors agglomération,Hors intersection,Normale,Deux véhicules - frontale,3,2,2,0,1,1,1,0,1,80,2,3,0,0,1,2,20.0,48.0,voiture,voiture,3,1,1,1,1
202300006156,2023-07-13 16:00:00,2023,7,13,16,0,06,06146,La Courbaisse (Arrêt de bus),43.925385,7.185724,Plein jour,En agglomération,Hors intersection,Normale,Deux véhicules - frontale,7,2,2,0,1,3,1,0,1,50,2,2,0,0,0,2,72.0,63.0,voiture,voiture,1,2,1,1,1
202300006157,2023-05-02 17:40:00,2023,5,2,17,40,80,80130,D211,49.890017,2.136347,Plein jour,Hors agglomération,Intersection en X,Normale,Deux véhicules - côté,3,2,2,0,2,2,1,0,1,80,2,2,1,0,1,0,89.0,32.0,voiture,deux_roues,1,1,2,1,3
202300006157,2023-05-02 17:40:00,2023,5,2,17,40,80,80130,D211,49.890017,2.136347,Plein jour,Hors agglomération,Intersection en X,Normale,Deux véhicules - côté,3,2,2,0,3,1,1,0,1,80,2,2,1,0,1,0,89.0,32.0,voiture,deux_roues,1,1,2,1,3
202300006158,2023-05-02 09:53:00,2023,5,2,9,53,82,82087,D68,44.158363,1.243987,Plein jour,Hors agglomération,Hors intersection,Normale,Autre collision,3,2,2,0,1,1,1,0,3,80,1,1,0,0,1,0,23.0,,voiture,,1,1,1,1,6
202300006159,2023-11-25 16:00:00,2023,11,25,16,0,69,69290,126 Route de Grenoble,45.71030411,4.97778611,Plein jour,En agglomération,Intersection en X,Normale,Deux véhicules - arrière,7,2,4,0,1,1,1,5,1,50,2,3,2,0,0,1,41.0,37.0,voiture,voiture,1,2,2,1,2