accident_id,datetime,annee,mois,jour,heure,minute,departement,commune_insee,adresse,latitude,longitude,luminosite,agglomeration,intersection,meteo,collision,catr,circ,nbv,vosp,prof,plan,surf,infra,situ,vma,nb_vehicules,nb_usagers,nb_indemnes,nb_tues,nb_blesses_hosp,nb_blesses_legers,age_cond_1,age_cond_2,veh_type_cond_1,veh_type_cond_2,lum_code,agg_code,int_code,atm_code,col_code
202300006159,2023-11-25 16:00:00,2023,11,25,16,0,69,69290,126 Route de Grenoble,45.71030411,4.97778611,Plein jour,En agglomération,Intersection en X,Normale,Deux véhicules - arrière,7,2,2,0,1,1,1,0,1,50,2,3,2,0,0,1,41.0,37.0,voiture,voiture,1,2,2,1,2
202300006160,2023-07-13 15:30:00,2023,7,13,15,30,03,03179,16 Rue du Docteur Chirol,46.297233,3.507412,Plein jour,En agglomération,Intersection en T,Normale,Deux véhicules - frontale,3,2,2,0,1,1,1,0,1,50,2,2,1,0,0,1,17.0,62.0,deux_roues,utilitaire_camion,1,2,3,1,1
202300006160,2023-07-13 15:30:00,2023,7,13,15,30,03,03179,16 Rue du Docteur Chirol,46.297233,3.507412,Plein jour,En agglomération,Intersection en T,Normale,Deux véhicules - frontale,3,-1,1,0,1,1,1,0,1,-1,2,2,1,0,0,1,17.0,62.0,deux_roues,utilitaire_camion,1,2,3,1,1
202300006161,2023-05-01 21:15:00,2023,5,1,21,15,69,69267,Route de Lancie,46.165506,4.700233,Nuit sans éclairage public,Hors agglomération,Hors intersection,Normale,Sans collision,3,2,2,0,1,1,1,0,1,80,1,2,1,0,1,0,37.0,,voiture,,3,1,1,1,7
202300006162,2023-11-20 17:45:00,2023,11,20,17,45,67,67462,EBERMUNSTER (RUE D),48.26956,7.45837,Nuit sans éclairage public,En agglomération,Hors intersection,Temps couvert,Autre collision,4,2,2,0,1,1,1,0,1,40,1,2,1,0,0,1,33.0,,utilitaire_camion,,3,2,1,8,6
202300006163,2023-07-12 23:00:00,2023,7,12,23,0,44,44035,5 Boulevard Jacques Demy,47.268146,-1.549437,Nuit avec éclairage allumé,En agglomération,Hors intersection,Normale,Sans collision,4,2,2,0,1,1,1,0,5,30,1,3,0,0,1,2,17.0,,deux_roues,,5,2,1,1,7
202300006164,2023-05-02 17:40:00,2023,5,2,17,40,42,42047,D53,45.861011,3.828456,Plein jour,Hors agglomération,Hors intersection,Normale,Deux véhicules - frontale,3,2,2,0,2,1,1,0,1,80,2,2,0,0,2,0,39.0,27.0,voiture,voiture,1,1,1,1,1
202300006165,2023-07-06 20:30:00,2023,7,6,20,30,44,44045,34 La Peille,47.276678,-1.855633,Plein jour,Hors agglomération,Hors intersection,Normale,Autre collision,4,2,2,0,1,1,1,0,1,50,1,1,0,0,1,0,44.0,,deux_roues,,1,1,1,1,6
202300006166,2023-11-24 17:52:00,2023,11,24,17,52,63,63300,CHATELGUYON-GUYON (ROUTE DE),45.90568679,3.09814185,Nuit sans éclairage public,Hors agglomération,Hors intersection,Pluie légère,Deux véhicules - arrière,3,2,2,0,2,1,2,0,1,50,2,3,0,0,0,3,28.0,45.0,voiture,voiture,3,1,1,2,2
202300006167,2023-05-02 18:45:00,2023,5,2,18,45,41,41126,Route d'Orbigny,47.259038,1.325666,Plein jour,Hors agglomération,Hors intersection,Normale,Deux véhicules - frontale,3,2,2,0,4,2,1,0,1,90,2,2,0,0,2,0,54.0,69.0,voiture,voiture,1,1,1,1,1
202300006168,2023-07-13 08:20:00,2023,7,13,8,20,17,17304,Rue du Petit Loubet,45.67896,-0.493178,Plein jour,Hors agglomération,Intersection en X,Normale,Deux véhicules - côté,3,2,2,0,1,1,1,0,1,80,2,2,1,0,1,0,71.0,19.0,voiture,deux_roues,1,1,2,1,3
202300006168,2023-07-13 08:20:00,2023,7,13,8,20,17,17304,Rue du Petit Loubet,45.67896,-0.493178,Plein jour,Hors agglomération,Intersection en X,Normale,Deux véhicules - côté,3,2,2,-1,1,1,1,5,1,80,2,2,1,0,1,0,71.0,19.0,voiture,deux_roues,1,1,2,1,3
202300006169,2023-05-01 14:40:00,2023,5,1,14,40,41,41132,Route de Saint-clair,47.342567,1.449155,Plein jour,Hors agglomération,Autre intersection,Normale,Autre collision,4,2,2,0,1,1,1,0,3,80,1,2,0,0,1,1,43.0,,voiture,,1,1,9,1,6
202300006170,2023-04-24 08:20:00,2023,4,24,8,20,33,33449,Avenue Blaise Pascal,44.8945975,-0.76823696,Plein jour,En agglomération,Hors intersection,Normale,Autre collision,4,2,2,0,1,1,1,0,1,50,1,2,1,0,0,1,65.0,,transport_commun,,1,2,1,1,6
202300006171,2023-11-25 01:43:00,2023,11,25,1,43,62,62573,D165,50.49528,2.91205,Nuit sans éclairage public,Hors agglomération,Hors intersection,Pluie forte,Deux véhicules - frontale,3,2,2,0,1,1,2,0,1,80,2,5,0,0,0,5,19.0,26.0,voiture,voiture,3,1,1,3,1
202300006172,2023-05-02 18:14:00,2023,5,2,18,14,39,39526,65 Rue de l’Abergement,47.039017,5.401698,Plein jour,En agglomération,Intersection en T,Normale,Deux véhicules - côté,4,2,2,-1,1,1,1,0,1,50,2,2,1,0,1,0,51.0,17.0,voiture,deux_roues,1,2,3,1,3
202300006172,2023-05-02 18:14:00,2023,5,2,18,14,39,39526,65 Rue de l’Abergement,47.039017,5.401698,Plein jour,En agglomération,Intersection en T,Normale,Deux véhicules - côté,4,2,2,1,1,1,1,0,1,50,2,2,1,0,1,0,51.0,17.0,voiture,deux_roues,1,2,3,1,3
202300006173,2023-11-25 02:50:00,2023,11,25,2,50,62,62119,Avenue du President Kennedy,50.53704,2.64915,Nuit avec éclairage allumé,En agglomération,Autre intersection,Pluie forte,Autre collision,4,3,2,0,1,3,2,0,8,50,1,4,0,0,3,1,18.0,,voiture,,5,2,9,3,6
202300006174,2023-07-11 13:50:00,2023,7,11,13,50,14,14228,1 Rue du General de Gaulle,49.296973,-0.375221,Plein jour,En agglomération,Intersection en X,Normale,Deux véhicules - côté,4,1,1,0,1,1,1,0,1,50,2,2,1,0,0,1,19.0,78.0,deux_roues,voiture,1,2,2,1,3
202300006174,2023-07-11 13:50:00,2023,7,11,13,50,14,14228,1 Rue du General de Gaulle,49.296973,-0.375221,Plein jour,En agglomération,Intersection en X,Normale,Deux véhicules - côté,4,1,1,0,1,1,1,0,1,50,2,2,1,0,0,1,19.0,78.0,deux_roues,voiture,1,2,2,1,3
202300006175,2023-05-02 14:30:00,2023,5,2,14,30,25,25527,D13,47.191927,5.807907,Plein jour,Hors agglomération,Hors intersection,Normale,Autre collision,3,2,2,0,1,2,1,0,3,80,1,1,0,0,1,0,74.0,,voiture,,1,1,1,1,6
202300006176,2023-07-12 17:00:00,2023,7,12,17,0,76,76610,Rue Jean Mermoz,49.628045,0.762423,Plein jour,En agglomération,Hors intersection,Normale,Deux véhicules - frontale,3,2,2,0,1,1,1,9,1,50,2,3,1,0,0,2,24.0,27.0,deux_roues,voiture,1,2,1,1,1
202300006177,2023-05-03 17:00:00,2023,5,3,17,0,29,29171,D785 - Ti Boutig,47.849174,-4.250014,Plein jour,Hors agglomération,Intersection en T,Normale,Deux véhicules - côté,3,2,2,0,1,1,1,5,1,70,2,2,1,0,0,1,21.0,35.0,deux_roues,voiture,1,1,3,1,3
202300006177,2023-05-03 17:00:00,2023,5,3,17,0,29,29171,D785 - Ti Boutig,47.849174,-4.250014,Plein jour,Hors agglomération,Intersection en T,Normale,Deux véhicules - côté,3,2,2,0,1,1,1,5,1,50,2,2,1,0,0,1,21.0,35.0,deux_roues,voiture,1,1,3,1,3
202300006178,2023-07-11 21:20:00,2023,7,11,21,20,69,69256,Autoroute 42,45.80086163,4.9276402,Crépuscule ou aube,Hors agglomération,Hors intersection,Normale,Deux véhicules - arrière,1,3,4,0,1,1,1,0,1,90,2,2,0,0,1,1,29.0,48.0,deux_roues,utilitaire_camion,2,1,1,1,2
202300006179,2023-11-16 18:50:00,2023,11,16,18,50,62,62041,Rue Abel Bergaigne,50.28663954,2.77731049,Nuit avec éclairage allumé,En agglomération,Intersection en Y,Pluie légère,Autre collision,4,1,1,0,1,1,2,0,1,50,1,2,1,0,0,1,70.0,,voiture,,5,2,4,2,6
202300006179,2023-11-16 18:50:00,2023,11,16,18,50,62,62041,Rue Abel Bergaigne,50.28663954,2.77731049,Nuit avec éclairage allumé,En agglomération,Intersection en Y,Pluie légère,Autre collision,4,2,2,0,1,2,2,0,1,50,1,2,1,0,0,1,70.0,,voiture,,5,2,4,2,6
202300006180,2023-05-03 15:30:00,2023,5,3,15,30,31,31275,D29,43.740057,1.025398,Plein jour,Hors agglomération,Hors intersection,Normale,Autre collision,3,2,2,0,1,2,1,0,1,80,1,1,0,0,1,0,55.0,,deux_roues,,1,1,1,1,6
202300006181,2023-11-25 16:35:00,2023,11,25,16,35,57,57487,FRESCATY (RUE DE ),49.08904472,6.14320278,Crépuscule ou aube,Hors agglomération,Hors intersection,Pluie légère,Deux véhicules - frontale,4,2,0,0,1,3,2,0,1,50,2,2,0,0,0,2,36.0,46.0,utilitaire_camion,voiture,2,1,1,2,1
202300006182,2023-07-12 11:50:00,2023,7,12,11,50,33,33122,AUTOROUTE A 63,44.7425,-0.708,Plein jour,Hors agglomération,Hors intersection,Pluie légère,Trois véhicules et plus - en chaîne,1,3,2,0,1,1,2,0,1,90,3,3,1,0,0,2,27.0,45.0,voiture,utilitaire_camion,1,1,1,2,4
202300006183,2023-05-02 19:15:00,2023,5,2,19,15,02,02352,,50.00266,3.270165,Plein jour,Hors agglomération,Autre intersection,Normale,Deux véhicules - côté,3,2,2,0,1,1,1,0,1,80,2,2,1,0,0,1,37.0,41.0,voiture,voiture,1,1,9,1,3
202300006184,2023-07-12 10:00:00,2023,7,12,10,0,94,94043,A6B,48.81449566,2.35556902,Plein jour,Hors agglomération,Hors intersection,Normale,Deux véhicules - frontale,1,2,2,0,1,1,1,1,1,70,2,2,1,0,0,1,,55.0,voiture,deux_roues,1,1,1,1,1
202300006185,2023-11-25 22:20:00,2023,11,25,22,20,54,54578,Boulevard du Marechal Foch,48.6773,6.15645,Nuit avec éclairage allumé,En agglomération,Giratoire,Temps couvert,Deux véhicules - côté,4,2,2,0,2,1,2,0,1,50,2,3,2,0,0,1,44.0,,voiture,voiture,5,2,6,8,3
202300006185,2023-11-25 22:20:00,2023,11,25,22,20,54,54578,Boulevard du Marechal Foch,48.6773,6.15645,Nuit avec éclairage allumé,En agglomération,Giratoire,Temps couvert,Deux véhicules - côté,4,2,2,0,1,1,2,0,1,50,2,3,2,0,0,1,44.0,,voiture,voiture,5,2,6,8,3
202300006186,2023-05-03 12:35:00,2023,5,3,12,35,58,58020,Beaugy,46.81783,3.394346,Plein jour,Hors agglomération,Hors intersection,Normale,Sans collision,3,2,2,0,1,2,1,0,1,70,1,1,0,0,0,1,30.0,,deux_roues,,1,1,1,1,7
202300006187,2023-05-02 08:10:00,2023,5,2,8,10,06,06023,"Route du Col de Brouis,",43.954429,7.514064,Plein jour,Hors agglomération,Autre intersection,Normale,Sans collision,3,2,2,0,2,2,1,0,1,80,1,1,0,0,0,1,53.0,,deux_roues,,1,1,9,1,7
202300006188,2023-11-25 18:54:00,2023,11,25,18,54,54,54395,Rue des Carmes,48.69132624,6.18066251,Nuit avec éclairage allumé,En agglomération,Hors intersection,Pluie légère,Deux véhicules - arrière,4,2,3,3,2,1,2,0,1,30,2,2,1,0,0,1,48.0,42.0,voiture,voiture,5,2,1,2,2
202300006189,2023-07-12 10:35:00,2023,7,12,10,35,92,92064,A13,48.83963957,2.19735978,Plein jour,Hors agglomération,Hors intersection,Normale,Deux véhicules - arrière,1,-1,3,0,1,1,1,0,1,110,2,2,1,0,0,1,24.0,57.0,voiture,utilitaire_camion,1,1,1,1,2
202300006190,2023-05-02 18:35:00,2023,5,2,18,35,64,64133,D938,43.225709,-0.250454,Plein jour,Hors agglomération,Giratoire,Normale,Deux véhicules - arrière,3,1,2,0,1,2,1,0,1,30,2,2,1,0,1,0,18.0,42.0,deux_roues,voiture,1,1,6,1,2
202300006191,2023-11-22 17:17:00,2023,11,22,17,17,54,54099,Rue Raymond Mondon,49.25005,5.941214,Crépuscule ou aube,En agglomération,Hors intersection,Pluie légère,Deux véhicules - côté,4,2,2,0,1,1,2,0,1,50,2,2,1,0,0,1,17.0,30.0,deux_roues,voiture,2,2,1,2,3
202300006192,2023-05-02 21:40:00,2023,5,2,21,40,16,16128,ROUTE DE PRESSAC,46.078135,0.551698,Nuit sans éclairage public,Hors agglomération,Hors intersection,Normale,Autre collision,3,2,2,0,1,1,1,0,3,80,1,1,0,1,0,0,62.0,,utilitaire_camion,,3,1,1,1,6
202300006193,2023-07-12 15:40:00,2023,7,12,15,40,93,93048,AUTOROUTE A3,48.87275,2.43539,Plein jour,Hors agglomération,Hors intersection,Normale,Deux véhicules - arrière,1,1,3,0,1,1,1,0,1,70,2,2,1,0,0,1,39.0,20.0,voiture,deux_roues,1,1,1,1,2
202300006194,2023-05-01 14:45:00,2023,5,1,14,45,07,07165,d578,44.93137727,4.48134899,Plein jour,Hors agglomération,Hors intersection,Normale,Deux véhicules - frontale,3,2,2,0,2,1,1,0,1,90,2,4,3,0,1,0,49.0,30.0,deux_roues,voiture,1,1,1,1,1
202300006195,2023-11-25 12:35:00,2023,11,25,12,35,49,49007,MONTAIGNE AVENUE,47.4665,-0.52504,Plein jour,En agglomération,Giratoire,Normale,Deux véhicules - côté,4,3,4,0,1,1,1,0,1,50,2,3,1,0,0,2,47.0,58.0,voiture,voiture,1,2,6,1,3
202300006195,2023-11-25 12:35:00,2023,11,25,12,35,49,49007,MONTAIGNE AVENUE,47.4665,-0.52504,Plein jour,En agglomération,Giratoire,Normale,Deux véhicules - côté,4,3,4,0,1,1,1,0,1,50,2,3,1,0,0,2,47.0,58.0,voiture,voiture,1,2,6,1,3
202300006196,2023-05-03 07:20:00,2023,5,3,7,20,53,53007,D32 - PK/PR 032.400,48.099805,-0.625985,Plein jour,Hors agglomération,Hors intersection,Normale,Deux véhicules - côté,3,2,2,0,3,2,1,0,1,80,2,2,1,0,1,0,49.0,43.0,deux_roues,voiture,1,1,1,1,3
202300006197,2023-11-24 14:25:00,2023,11,24,14,25,46,46042,ZOLA (RUE EMILE),44.45176,1.437,Plein jour,En agglomération,Hors intersection,Normale,Deux véhicules - arrière,4,1,2,0,1,1,2,0,1,30,2,2,1,0,0,1,78.0,56.0,deux_roues,voiture,1,2,1,1,2
202300006198,2023-04-21 15:10:00,2023,4,21,15,10,21,21016,D28d,47.358311,5.163295,Plein jour,Hors agglomération,Hors intersection,Normale,Sans collision,3,2,2,0,1,2,1,0,3,80,1,1,0,0,1,0,46.0,,deux_roues,,1,1,1,1,7
202300006199,2023-07-11 01:25:00,2023,7,11,1,25,93,93005,AUTOROUTE A1,48.95961163,2.46644694,Nuit sans éclairage public,Hors agglomération,Hors intersection,Normale,Trois véhicules et plus - collisions multiples,1,3,3,0,1,1,1,0,1,110,6,6,5,0,0,1,24.0,24.0,voiture,voiture,3,1,1,1,5
202300006200,2023-11-25 18:55:00,2023,11,25,18,55,45,45147,294 Rue Marcellin Berthelot,47.93985,1.91939,Nuit avec éclairage allumé,En agglomération,Intersection en Y,Normale,Deux véhicules - côté,4,2,2,0,1,1,1,0,1,50,2,2,1,0,0,1,48.0,25.0,voiture,deux_roues,5,2,4,1,3
202300006200,2023-11-25 18:55:00,2023,11,25,18,55,45,45147,294 Rue Marcellin Berthelot,47.93985,1.91939,Nuit avec éclairage allumé,En agglomération,Intersection en Y,Normale,Deux véhicules - côté,4,2,2,0,1,1,1,0,1,50,2,2,1,0,0,1,48.0,25.0,voiture,deux_roues,5,2,4,1,3
202300006201,2023-07-12 20:00:00,2023,7,12,20,0,77,77450,RN104,48.717276,2.599117,Crépuscule ou aube,Hors agglomération,Hors intersection,Normale,Deux véhicules - arrière,2,3,2,0,1,1,1,0,1,110,2,2,1,0,0,1,36.0,57.0,utilitaire_camion,voiture,2,1,1,1,2
202300006202,2023-05-01 09:05:00,2023,5,1,9,5,24,24547,Route des Fours à Chaux,45.116573,1.307367,Plein jour,En agglomération,Hors intersection,Normale,Deux véhicules - frontale,3,2,2,0,2,1,2,0,1,50,2,2,1,0,0,1,63.0,30.0,voiture,voiture,1,2,1,1,1
202300006203,2023-07-11 20:30:00,2023,7,11,20,30,77,77373,RN104,48.787242,2.617241,Crépuscule ou aube,Hors agglomération,Hors intersection,Normale,Deux véhicules - côté,2,-1,2,0,1,1,1,0,1,90,2,2,1,0,0,1,22.0,,deux_roues,voiture,2,1,1,1,3
202300006204,2023-11-25 12:35:00,2023,11,25,12,35,45,45232,Rue de Châteauroux-Boulevard Duhamel du Monceau ,47.8462,1.9276,Plein jour,En agglomération,Intersection en X,Normale,Deux véhicules - côté,4,3,2,1,1,4,1,0,1,30,2,2,0,0,0,2,54.0,22.0,voiture,voiture,1,2,2,1,3
202300006204,2023-11-25 12:35:00,2023,11,25,12,35,45,45232,Rue de Châteauroux-Boulevard Duhamel du Monceau ,47.8462,1.9276,Plein jour,En agglomération,Intersection en X,Normale,Deux véhicules - côté,4,2,2,1,1,1,1,0,1,30,2,2,0,0,0,2,54.0,22.0,voiture,voiture,1,2,2,1,3
202300006205,2023-04-26 17:15:00,2023,4,26,17,15,04,04209,D4085,44.200836,5.940063,Plein jour,En agglomération,Hors intersection,Normale,Deux véhicules - frontale,3,2,2,0,1,2,1,0,1,50,2,2,1,0,1,0,44.0,52.0,voiture,voiture,1,2,1,1,1
202300006206,2023-03-23 16:23:00,2023,3,23,16,23,75,75120,BOULEVARD DE BELLEVILLE,48.868091,2.381969,Plein jour,En agglomération,Hors intersection,Normale,Deux véhicules - côté,4,2,2,0,1,1,1,-1,6,30,2,2,1,0,0,1,19.0,20.0,deux_roues,deux_roues,1,2,1,1,3
202300006207,2023-05-03 14:25:00,2023,5,3,14,25,28,28120,D4,48.702985,1.160318,Plein jour,Hors agglomération,Hors intersection,Normale,Sans collision,3,2,2,0,1,2,1,0,3,70,2,2,1,0,1,0,63.0,,deux_roues,utilitaire_camion,1,1,1,1,7
202300006208,2023-11-25 10:32:00,2023,11,25,10,32,41,41269,POTERIE (RUE),47.794,1.06489,Plein jour,En agglomération,Hors intersection,Normale,Autre collision,4,-1,2,0,1,1,1,0,1,30,1,2,1,0,1,0,66.0,,utilitaire_camion,,1,2,1,1,6
202300006209,2023-04-29 23:00:00,2023,4,29,23,0,74,74012,MOLE (RUE DU),46.19742,6.23706,Nuit avec éclairage allumé,En agglomération,Intersection en X,Normale,Deux véhicules - frontale,4,2,2,0,1,1,1,0,1,30,2,2,1,0,1,0,15.0,33.0,deux_roues,deux_roues,5,2,2,1,1
202300006209,2023-04-29 23:00:00,2023,4,29,23,0,74,74012,MOLE (RUE DU),46.19742,6.23706,Nuit avec éclairage allumé,En agglomération,Intersection en X,Normale,Deux véhicules - frontale,4,2,2,0,1,1,1,0,1,30,2,2,1,0,1,0,15.0,33.0,deux_roues,deux_roues,5,2,2,1,1
202300006210,2023-05-03 11:00:00,2023,5,3,11,0,87,87117,Tramonteil,45.848517,1.754766,Plein jour,Hors agglomération,Hors intersection,Normale,Sans collision,3,2,2,0,2,1,1,0,1,90,1,1,0,0,1,0,64.0,,deux_roues,,1,1,1,1,7
202300006211,2023-04-26 02:00:00,2023,4,26,2,0,74,74012,ARVE (QUAI D'),46.18531,6.22602,Nuit sans éclairage public,En agglomération,Hors intersection,Normale,Deux véhicules - frontale,4,2,2,0,1,1,1,0,1,50,2,3,0,0,1,2,29.0,21.0,voiture,voiture,3,2,1,1,1
202300006212,2023-11-22 02:20:00,2023,11,22,2,20,37,37195,MAIRIE (RUE DE LA),47.38957196,0.66168487,Nuit avec éclairage allumé,En agglomération,Intersection en T,Normale,Deux véhicules - frontale,4,-1,#VALEURMULTI,0,1,1,1,0,1,50,2,2,1,0,0,1,58.0,,voiture,autre,5,2,3,1,1
202300006213,2023-05-02 20:45:00,2023,5,2,20,45,49,49301,N249,47.122023,-1.099598,Crépuscule ou aube,Hors agglomération,Autre intersection,Normale,Deux véhicules - frontale,2,3,4,0,1,4,1,9,1,80,2,2,1,1,0,0,31.0,50.0,utilitaire_camion,utilitaire_camion,2,1,9,1,1
202300006214,2023-03-23 08:20:00,2023,3,23,8,20,75,75117,BOULEVARD PEREIRE,48.882154,2.29168,Plein jour,En agglomération,Intersection en X,Temps couvert,Sans collision,4,1,1,0,1,1,2,0,1,30,1,1,0,0,0,1,23.0,,deux_roues,,1,2,2,8,7
202300006214,2023-03-23 08:20:00,2023,3,23,8,20,75,75117,BOULEVARD PEREIRE,48.882154,2.29168,Plein jour,En agglomération,Intersection en X,Temps couvert,Sans collision,4,-1, -1,0,1,1,2,0,1,30,1,1,0,0,0,1,23.0,,deux_roues,,1,2,2,8,7
202300006215,2023-04-25 07:30:00,2023,4,25,7,30,74,74123,,45.755367,6.299372,Plein jour,Hors agglomération,Hors intersection,Pluie légère,Deux véhicules - frontale,3,2,0,0,1,1,2,0,1,80,2,2,0,0,2,0,24.0,48.0,voiture,utilitaire_camion,1,1,1,2,1
202300006216,2023-05-03 14:35:00,2023,5,3,14,35,38,38249,A41,45.218982,5.818167,Plein jour,Hors agglomération,Hors intersection,Normale,Autre collision,1,3,2,0,1,1,1,0,1,110,1,1,0,1,0,0,61.0,,deux_roues,,1,1,1,1,6
202300006217,2023-03-23 08:00:00,2023,3,23,8,0,75,75117,AVENUE NIEL,48.879643,2.294708,Plein jour,En agglomération,Intersection en X,Normale,Autre collision,4,2,3,3,1,1,1,-1,6,30,1,2,1,0,0,1,28.0,,deux_roues,,1,2,2,1,6
202300006217,2023-03-23 08:00:00,2023,3,23,8,0,75,75117,AVENUE NIEL,48.879643,2.294708,Plein jour,En agglomération,Intersection en X,Normale,Autre collision,4,-1, -1,-1,1,1,1,-1,6,-1,1,2,1,0,0,1,28.0,,deux_roues,,1,2,2,1,6
202300006218,2023-03-16 07:10:00,2023,3,16,7,10,74,74224,Rue du champ laitier,46.069249,6.29897,Plein jour,En agglomération,Intersection en T,Normale,Autre collision,3,2,2,0,2,1,1,0,1,50,1,2,1,0,1,0,46.0,,utilitaire_camion,,1,2,3,1,6
202300006218,2023-03-16 07:10:00,2023,3,16,7,10,74,74224,Rue du champ laitier,46.069249,6.29897,Plein jour,En agglomération,Intersection en T,Normale,Autre collision,3,2, -1,-1,2,1,1,0,1,-1,1,2,1,0,1,0,46.0,,utilitaire_camion,,1,2,3,1,6
202300006219,2023-11-24 15:40:00,2023,11,24,15,40,37,37233,DUCLOS (AVENUE JACQUES),47.38116,0.73898,Plein jour,En agglomération,Hors intersection,Normale,Trois véhicules et plus - en chaîne,4,2,2,0,2,1,1,0,1,50,3,4,3,0,0,1,73.0,23.0,voiture,voiture,1,2,1,1,4
202300006220,2023-05-01 04:00:00,2023,5,1,4,0,30,30123,A9 PK 73+000,43.725285,4.175068,Nuit sans éclairage public,Hors agglomération,Hors intersection,Normale,Deux véhicules - arrière,1,2,3,0,1,1,1,0,1,130,2,3,1,0,0,2,22.0,39.0,voiture,voiture,3,1,1,1,2
202300006221,2023-03-23 15:05:00,2023,3,23,15,5,75,75116,RUE DE LA POMPE,48.86411955,2.27759778,Plein jour,En agglomération,Intersection en X,Normale,Deux véhicules - arrière,4,2, -1,0,1,1,1,0,1,30,2,2,1,0,0,1,18.0,,deux_roues,voiture,1,2,2,1,2
202300006221,2023-03-23 15:05:00,2023,3,23,15,5,75,75116,RUE DE LA POMPE,48.86411955,2.27759778,Plein jour,En agglomération,Intersection en X,Normale,Deux véhicules - arrière,4,2,2,0,1,1,1,0,1,30,2,2,1,0,0,1,18.0,,deux_roues,voiture,1,2,2,1,2
202300006222,2023-03-10 13:05:00,2023,3,10,13,5,74,74081,D1205,46.051068,6.588299,Plein jour,Hors agglomération,Intersection en X,Pluie légère,Deux véhicules - côté,3,2,2,0,1,1,2,5,1,70,2,3,1,0,0,2,55.0,23.0,utilitaire_camion,voiture,1,1,2,2,3
202300006222,2023-03-10 13:05:00,2023,3,10,13,5,74,74081,D1205,46.051068,6.588299,Plein jour,Hors agglomération,Intersection en X,Pluie légère,Deux véhicules - côté,3,2, -1,-1,1,1,2,0,1,-1,2,3,1,0,0,2,55.0,23.0,utilitaire_camion,voiture,1,1,2,2,3
202300006223,2023-11-25 12:35:00,2023,11,25,12,35,35,35238,CHATEAUBRIAND (QUAI),48.11021911,-1.67777941,Plein jour,En agglomération,Intersection en X,Normale,Deux véhicules - côté,4,1,1,2,1,1,1,0,1,30,2,2,1,0,0,1,30.0,36.0,deux_roues,voiture,1,2,2,1,3
202300006223,2023-11-25 12:35:00,2023,11,25,12,35,35,35238,CHATEAUBRIAND (QUAI),48.11021911,-1.67777941,Plein jour,En agglomération,Intersection en X,Normale,Deux véhicules - côté,4,1,1,2,1,1,1,0,1,30,2,2,1,0,0,1,30.0,36.0,deux_roues,voiture,1,2,2,1,3
202300006224,2023-03-22 21:30:00,2023,3,22,21,30,75,75116,AVENUE DU PRESIDENT WILSON,48.863791,2.290652,Nuit avec éclairage allumé,En agglomération,Intersection en X,Normale,Deux véhicules - côté,4,2,2,0,1,1,1,0,1,30,2,2,1,0,0,1,35.0,38.0,voiture,deux_roues,5,2,2,1,3
202300006224,2023-03-22 21:30:00,2023,3,22,21,30,75,75116,AVENUE DU PRESIDENT WILSON,48.863791,2.290652,Nuit avec éclairage allumé,En agglomération,Intersection en X,Normale,Deux véhicules - côté,4,2, -1,-1,1,1,1,0,1,-1,2,2,1,0,0,1,35.0,38.0,voiture,deux_roues,5,2,2,1,3
202300006225,2023-11-07 20:14:00,2023,11,7,20,14,35,35115,VERRERIE (AVENUE DE LA),48.36517,-1.18641,Nuit avec éclairage allumé,En agglomération,Hors intersection,Temps couvert,Deux véhicules - côté,4,2,2,0,2,1,2,0,1,50,2,2,1,0,0,1,46.0,36.0,deux_roues,utilitaire_camion,5,2,1,8,3
202300006226,2023-05-01 04:00:00,2023,5,1,4,0,987,98740,Tiputa,-14.975601,-147.623999,Nuit sans éclairage public,En agglomération,Hors intersection,Normale,Sans collision,4,2,2,0,1,1,1,0,1,50,1,1,0,0,0,1,33.0,,deux_roues,,3,2,1,1,7
202300006227,2023-04-28 22:30:00,2023,4,28,22,30,13,13026,CD 48 A,43.38354,5.16053,Nuit avec éclairage allumé,En agglomération,Intersection à plus de 4 branches,Normale,Deux véhicules - côté,3,2,2,0,1,1,1,0,1,50,2,2,1,0,0,1,34.0,17.0,voiture,deux_roues,5,2,5,1,3
202300006227,2023-04-28 22:30:00,2023,4,28,22,30,13,13026,CD 48 A,43.38354,5.16053,Nuit avec éclairage allumé,En agglomération,Intersection à plus de 4 branches,Normale,Deux véhicules - côté,3,2,2,0,1,2,1,0,1,50,2,2,1,0,0,1,34.0,17.0,voiture,deux_roues,5,2,5,1,3
202300006227,2023-04-28 22:30:00,2023,4,28,22,30,13,13026,CD 48 A,43.38354,5.16053,Nuit avec éclairage allumé,En agglomération,Intersection à plus de 4 branches,Normale,Deux véhicules - côté,3,1,1,0,1,1,1,0,1,50,2,2,1,0,0,1,34.0,17.0,voiture,deux_roues,5,2,5,1,3
202300006227,2023-04-28 22:30:00,2023,4,28,22,30,13,13026,CD 48 A,43.38354,5.16053,Nuit avec éclairage allumé,En agglomération,Intersection à plus de 4 branches,Normale,Deux véhicules - côté,3,1,1,0,1,1,1,0,1,50,2,2,1,0,0,1,34.0,17.0,voiture,deux_roues,5,2,5,1,3
202300006228,2023-03-22 19:10:00,2023,3,22,19,10,75,75114,RUE DU DEPART,48.841962,2.322659,Nuit avec éclairage allumé,En agglomération,Intersection en T,Normale,Autre collision,4,3,2,0,1,1,1,0,1,30,1,2,1,0,0,1,44.0,,voiture,,5,2,3,1,6