accident_id,datetime,annee,mois,jour,heure,minute,departement,commune_insee,adresse,latitude,longitude,luminosite,agglomeration,intersection,meteo,collision,catr,circ,nbv,vosp,prof,plan,surf,infra,situ,vma,nb_vehicules,nb_usagers,nb_indemnes,nb_tues,nb_blesses_hosp,nb_blesses_legers,age_cond_1,age_cond_2,veh_type_cond_1,veh_type_cond_2,lum_code,agg_code,int_code,atm_code,col_code
202300006228,2023-03-22 19:10:00,2023,3,22,19,10,75,75114,RUE DU DEPART,48.841962,2.322659,Nuit avec éclairage allumé,En agglomération,Intersection en T,Normale,Autre collision,4,3,4,0,1,2,1,0,1,30,1,2,1,0,0,1,44.0,,voiture,,5,2,3,1,6
202300006229,2023-11-25 11:20:00,2023,11,25,11,20,34,34172,VILLENEUVE-ANGOULEME (AVENUE DE,43.59519,3.86774,Plein jour,En agglomération,Hors intersection,Normale,Autre collision,4,1,1,0,1,1,1,0,4,30,1,2,1,0,0,1,80.0,,voiture,,1,2,1,1,6
202300006230,2023-04-29 14:15:00,2023,4,29,14,15,987,98747,Taravao route de la dorsale,-17.756,-148.736,Plein jour,Hors agglomération,Hors intersection,Normale,Autre collision,2,2,2,0,2,3,1,0,8,-1,1,1,0,1,0,0,36.0,,deux_roues,,1,1,1,1,6
202300006231,2023-03-22 11:38:00,2023,3,22,11,38,75,75114,BOULEVARD JOURDAN,48.82326,2.32554,Plein jour,En agglomération,Intersection en X,Pluie légère,Autre collision,4,3,4,0,1,1,2,0,1,30,1,2,1,0,1,0,35.0,,utilitaire_camion,,1,2,2,2,6
202300006231,2023-03-22 11:38:00,2023,3,22,11,38,75,75114,BOULEVARD JOURDAN,48.82326,2.32554,Plein jour,En agglomération,Intersection en X,Pluie légère,Autre collision,4,2, -1,-1,1,1,2,0,1,-1,1,2,1,0,1,0,35.0,,utilitaire_camion,,1,2,2,2,6
202300006232,2023-05-02 16:40:00,2023,5,2,16,40,77,77196,Rue Henri de Guenegaud,48.939419,2.744286,Plein jour,En agglomération,Hors intersection,Normale,Sans collision,4,3,2,0,1,1,1,0,1,50,1,1,0,0,0,1,41.0,,deux_roues,,1,2,1,1,7
202300006233,2023-11-25 16:46:00,2023,11,25,16,46,33,33162,Avenue du Taillan-Médoc,44.87712,-0.64236,Crépuscule ou aube,En agglomération,Intersection en X,Normale,Deux véhicules - côté,4,2,3,0,1,1,1,5,1,50,2,2,1,0,1,0,48.0,52.0,deux_roues,voiture,2,2,2,1,3
202300006233,2023-11-25 16:46:00,2023,11,25,16,46,33,33162,Avenue du Taillan-Médoc,44.87712,-0.64236,Crépuscule ou aube,En agglomération,Intersection en X,Normale,Deux véhicules - côté,4,2,2,0,1,1,1,5,1,50,2,2,1,0,1,0,48.0,52.0,deux_roues,voiture,2,2,2,1,3
202300006234,2023-03-22 19:49:00,2023,3,22,19,49,75,75107,RUE DE BELLECHASSE,48.859773,2.324335,Nuit avec éclairage allumé,En agglomération,Hors intersection,Normale,Deux véhicules - côté,4,1,1,0,1,1,1,0,1,30,2,3,2,0,0,1,60.0,32.0,voiture,deux_roues,5,2,1,1,3
202300006235,2023-05-03 08:30:00,2023,5,3,8,30,83,83071,D98,43.150018,6.282624,Plein jour,Hors agglomération,Hors intersection,Normale,Deux véhicules - arrière,3,2,3,0,1,1,1,0,1,90,2,2,0,0,0,2,36.0,61.0,voiture,voiture,1,1,1,1,2
202300006236,2023-07-10 08:00:00,2023,7,10,8,0,974,97411,EUCALYPTUS (ROUTE DES),-20.88517,55.43902,Plein jour,En agglomération,Hors intersection,Normale,Deux véhicules - arrière,3,-1,2,0,1,3,1,0,1,50,2,2,1,0,1,0,42.0,29.0,deux_roues,voiture,1,2,1,1,2
202300006237,2023-11-25 07:00:00,2023,11,25,7,0,33,33063,Quai Richelieu,44.83903408,-0.56775659,Nuit avec éclairage allumé,En agglomération,Hors intersection,Normale,Deux véhicules - côté,4,3,4,0,1,1,1,0,1,50,2,2,1,0,0,1,44.0,19.0,voiture,deux_roues,5,2,1,1,3
202300006238,2023-03-23 11:45:00,2023,3,23,11,45,75,75104,RUE DE RIVOLI,48.855083,2.361663,Plein jour,En agglomération,Intersection en T,Normale,Autre collision,4,2,3,1,1,1,1,0,5,30,1,1,0,0,0,1,62.0,,deux_roues,,1,2,3,1,6
202300006238,2023-03-23 11:45:00,2023,3,23,11,45,75,75104,RUE DE RIVOLI,48.855083,2.361663,Plein jour,En agglomération,Intersection en T,Normale,Autre collision,4,1,1,3,1,1,1,0,5,30,1,1,0,0,0,1,62.0,,deux_roues,,1,2,3,1,6
202300006239,2023-07-09 09:45:00,2023,7,9,9,45,974,97411,BOUGAINVILLEES (ROUTE DES),-20.89107,55.42121,Plein jour,En agglomération,Intersection en Y,Normale,Deux véhicules - côté,3,2,2,0,1,1,1,0,1,30,2,3,1,0,0,2,55.0,40.0,utilitaire_camion,deux_roues,1,2,4,1,3
202300006239,2023-07-09 09:45:00,2023,7,9,9,45,974,97411,BOUGAINVILLEES (ROUTE DES),-20.89107,55.42121,Plein jour,En agglomération,Intersection en Y,Normale,Deux véhicules - côté,3,2,2,0,3,1,1,0,1,30,2,3,1,0,0,2,55.0,40.0,utilitaire_camion,deux_roues,1,2,4,1,3
202300006240,2023-11-25 05:10:00,2023,11,25,5,10,30,30243,MOULIN (AVENUE J.),44.05901,4.09149,Nuit sans éclairage public,Hors agglomération,Hors intersection,Vent fort / tempête,Autre collision,3,2,2,0,1,1,1,0,1,80,1,1,0,0,1,0,35.0,,voiture,,3,1,1,6,6
202300006241,2023-05-02 18:47:00,2023,5,2,18,47,89,89350,autoroute A6 sens Lyon vers Paris,48.016238,3.144107,Plein jour,Hors agglomération,Hors intersection,Normale,Deux véhicules - arrière,1,3,7,0,1,1,1,0,1,130,2,3,2,0,1,0,33.0,44.0,utilitaire_camion,utilitaire_camion,1,1,1,1,2
202300006242,2023-03-23 10:00:00,2023,3,23,10,0,75,75109,RUE DE ROCHECHOUART,48.878424,2.345115,Plein jour,En agglomération,Intersection en X,Normale,Deux véhicules - côté,4,1,2,3,2,1,1,0,1,30,2,2,1,0,0,1,28.0,29.0,voiture,deux_roues,1,2,2,1,3
202300006242,2023-03-23 10:00:00,2023,3,23,10,0,75,75109,RUE DE ROCHECHOUART,48.878424,2.345115,Plein jour,En agglomération,Intersection en X,Normale,Deux véhicules - côté,4,1,2,2,2,1,1,0,1,30,2,2,1,0,0,1,28.0,29.0,voiture,deux_roues,1,2,2,1,3
202300006243,2023-05-02 12:45:00,2023,5,2,12,45,03,03104,D156,46.330187,2.802882,Plein jour,Hors agglomération,Hors intersection,Normale,Autre collision,3,2,1,0,2,3,1,0,3,90,1,1,0,0,1,0,36.0,,deux_roues,,1,1,1,1,6
202300006244,2023-07-11 06:55:00,2023,7,11,6,55,973,97302,FLAMBOYANTS (RUE DES),4.92460159,-52.31781185,Plein jour,En agglomération,Autre intersection,Normale,Deux véhicules - arrière,4,2,2,0,1,1,1,0,1,50,2,2,1,0,0,1,20.0,47.0,voiture,deux_roues,1,2,9,1,2
202300006245,2023-05-02 13:15:00,2023,5,2,13,15,38,38468,Route de Chanas,45.336498,4.815059,Plein jour,En agglomération,Intersection en X,Normale,Sans collision,3,2,2,0,1,1,1,0,1,50,1,1,0,0,1,0,16.0,,deux_roues,,1,2,2,1,7
202300006245,2023-05-02 13:15:00,2023,5,2,13,15,38,38468,Route de Chanas,45.336498,4.815059,Plein jour,En agglomération,Intersection en X,Normale,Sans collision,3,2,2,0,1,1,1,0,1,50,1,1,0,0,1,0,16.0,,deux_roues,,1,2,2,1,7
202300006246,2023-11-25 19:35:00,2023,11,25,19,35,27,27375,PARIS (CHAUSSEE DE),49.20691,1.18803,Nuit avec éclairage allumé,En agglomération,Intersection en T,Normale,Deux véhicules - côté,4,-1,2,0,1,1,1,0,1,30,2,2,1,0,0,1,51.0,44.0,voiture,voiture,5,2,3,1,3
202300006246,2023-11-25 19:35:00,2023,11,25,19,35,27,27375,PARIS (CHAUSSEE DE),49.20691,1.18803,Nuit avec éclairage allumé,En agglomération,Intersection en T,Normale,Deux véhicules - côté,4,2,2,0,2,1,1,0,1,50,2,2,1,0,0,1,51.0,44.0,voiture,voiture,5,2,3,1,3
202300006247,2023-03-22 17:00:00,2023,3,22,17,0,94,94081,Avenue Rouget de Lisle,48.78390329,2.39337373,Plein jour,En agglomération,Hors intersection,Temps couvert,Deux véhicules - arrière,3,3,4,3,1,1,1,0,1,50,2,2,1,0,0,1,49.0,54.0,voiture,voiture,1,2,1,8,2
202300006248,2023-07-11 00:15:00,2023,7,11,0,15,973,97302,TROUBIRAN (CHEMIN DE),4.93277168,-52.29674846,Nuit sans éclairage public,En agglomération,Hors intersection,Pluie légère,Deux véhicules - frontale,4,2,2,0,2,1,2,0,1,50,2,2,1,0,0,1,31.0,28.0,voiture,deux_roues,3,2,1,2,1
202300006249,2023-05-03 14:50:00,2023,5,3,14,50,07,07268,RD290,44.301862,4.594517,Plein jour,Hors agglomération,Hors intersection,Normale,Sans collision,3,-1,2,0,1,1,1,0,1,90,1,1,0,0,0,1,17.0,,deux_roues,,1,1,1,1,7
202300006250,2023-03-22 13:45:00,2023,3,22,13,45,94,94068,28 Avenue des Falonnières,48.78627,2.50367,Plein jour,En agglomération,Intersection en X,Normale,Deux véhicules - côté,4,2,2,0,1,1,1,0,1,30,2,2,1,0,0,1,21.0,71.0,utilitaire_camion,deux_roues,1,2,2,1,3
202300006251,2023-11-25 09:30:00,2023,11,25,9,30,22,22278,TREGUEUX (DE),48.50019,-2.75691,Plein jour,En agglomération,Hors intersection,Temps éblouissant,Deux véhicules - arrière,4,3,2,1,3,1,1,0,1,50,2,2,0,0,0,2,64.0,19.0,voiture,deux_roues,1,2,1,7,2
202300006252,2023-07-11 04:00:00,2023,7,11,4,0,69,69387,Avenue Tony Garnier,45.72983,4.82379,Nuit avec éclairage allumé,En agglomération,Intersection en T,Normale,Deux véhicules - frontale,4,2,2,0,1,1,1,0,1,30,2,2,1,0,0,1,25.0,36.0,voiture,voiture,5,2,3,1,1
202300006252,2023-07-11 04:00:00,2023,7,11,4,0,69,69387,Avenue Tony Garnier,45.72983,4.82379,Nuit avec éclairage allumé,En agglomération,Intersection en T,Normale,Deux véhicules - frontale,4,2,5,3,1,1,1,0,1,50,2,2,1,0,0,1,25.0,36.0,voiture,voiture,5,2,3,1,1
202300006253,2023-03-22 00:40:00,2023,3,22,0,40,94,94052,Boulevard Albert 1er,48.83554,2.49386,Nuit avec éclairage allumé,En agglomération,Intersection en X,Normale,Deux véhicules - côté,2,2,3,0,1,1,1,5,1,50,2,2,1,0,0,1,23.0,45.0,voiture,deux_roues,5,2,2,1,3
202300006253,2023-03-22 00:40:00,2023,3,22,0,40,94,94052,Boulevard Albert 1er,48.83554,2.49386,Nuit avec éclairage allumé,En agglomération,Intersection en X,Normale,Deux véhicules - côté,2,2,2,0,2,1,1,5,1,50,2,2,1,0,0,1,23.0,45.0,voiture,deux_roues,5,2,2,1,3
202300006254,2023-04-25 19:40:00,2023,4,25,19,40,33,33312,Rue de Landegrand,44.960304,-0.620974,Plein jour,En agglomération,Intersection en T,Temps couvert,Deux véhicules - côté,4,2,2,0,1,1,1,0,1,50,2,2,1,0,1,0,23.0,25.0,utilitaire_camion,utilitaire_camion,1,2,3,8,3
202300006255,2023-07-11 01:35:00,2023,7,11,1,35,972,97209,SOLEIL LEVANT (BOULEVARD DU),14.62378,-61.03898,Nuit avec éclairage allumé,En agglomération,Hors intersection,Pluie légère,Autre collision,3,2,2,0,2,2,2,0,1,50,1,1,0,0,0,1,21.0,,voiture,,5,2,1,2,6
202300006256,2023-11-25 19:30:00,2023,11,25,19,30,14,14715,Route d'Aguesseau,49.37249,0.12358,Nuit avec éclairage allumé,En agglomération,Hors intersection,Normale,Deux véhicules - arrière,3,2,2,0,1,1,1,0,1,70,2,3,1,0,0,2,22.0,40.0,voiture,voiture,5,2,1,1,2
202300006257,2023-07-11 21:45:00,2023,7,11,21,45,2B,2B033,11 - RT,42.66295,9.44204,Nuit avec éclairage non allumé,Hors agglomération,Hors intersection,Normale,Autre collision,2,3,2,0,1,1,1,0,1,50,1,2,1,0,0,1,32.0,,voiture,,4,1,1,1,6
202300006258,2023-11-25 02:40:00,2023,11,25,2,40,13,13071,RD 543,43.41951,5.36686,Nuit avec éclairage allumé,En agglomération,Hors intersection,Normale,Sans collision,3,2,2,0,1,3,1,0,3,50,1,1,0,0,1,0,25.0,,voiture,,5,2,1,1,7
202300006259,2023-06-05 18:00:00,2023,6,5,18,0,91,91201,BD HENRI BARBUSSE,48.66478,2.41955,Plein jour,En agglomération,Intersection en T,Normale,Autre collision,3,-1,2,0,1,1,1,0,1,50,1,2,1,0,0,1,36.0,,utilitaire_camion,,1,2,3,1,6
202300006259,2023-06-05 18:00:00,2023,6,5,18,0,91,91201,BD HENRI BARBUSSE,48.66478,2.41955,Plein jour,En agglomération,Intersection en T,Normale,Autre collision,3,-1,2,0,2,1,1,0,1,50,1,2,1,0,0,1,36.0,,utilitaire_camion,,1,2,3,1,6
202300006260,2023-03-22 19:08:00,2023,3,22,19,8,94,94046,18 Avenue de la Liberté,48.796121,2.431231,Nuit avec éclairage allumé,En agglomération,Hors intersection,Pluie légère,Autre collision,6,-1, -1,0,1,1,2,0,8,-1,1,4,3,0,0,1,,,voiture,,5,2,1,2,6
202300006261,2023-06-06 11:40:00,2023,6,6,11,40,91,91421,GARENNE (RUE DE LA),48.70047,2.4476,Plein jour,En agglomération,Hors intersection,Normale,Sans collision,4,2,1,0,1,1,1,0,4,30,1,2,0,0,0,2,69.0,,voiture,,1,2,1,1,7
202300006262,2023-03-23 13:30:00,2023,3,23,13,30,94,94011,Chemin de la Pompadour,48.76574,2.47619,Plein jour,En agglomération,Hors intersection,Normale,Autre collision,3,3,4,0,1,1,1,0,1,50,1,1,0,0,1,0,35.0,,deux_roues,,1,2,1,1,6
202300006263,2023-10-19 19:40:00,2023,10,19,19,40,13,13056,RAYETTES,43.41218,5.04337,Nuit avec éclairage allumé,En agglomération,Hors intersection,Pluie légère,Deux véhicules - côté,7,2,0,0,1,1,2,0,1,50,2,2,1,0,0,1,47.0,42.0,voiture,deux_roues,5,2,1,2,3
202300006264,2023-07-10 16:50:00,2023,7,10,16,50,971,97113,GRAND BAIE ( RN4),16.21921,-61.51526,Plein jour,Hors agglomération,Hors intersection,Normale,Trois véhicules et plus - en chaîne,2,1,2,0,1,1,1,0,1,90,4,5,4,0,0,1,36.0,56.0,voiture,voiture,1,1,1,1,4
202300006265,2023-06-04 22:00:00,2023,6,4,22,0,91,91027,AV FRANCOIS MITTERRAND,48.70194,2.37183,Crépuscule ou aube,En agglomération,Hors intersection,Normale,Deux véhicules - côté,3,2,4,0,1,1,1,0,1,50,2,2,1,0,0,1,21.0,21.0,deux_roues,voiture,2,2,1,1,3
202300006266,2023-03-23 12:20:00,2023,3,23,12,20,94,94022,Avenue Léon Gourdault,48.7624,2.4067,Plein jour,En agglomération,Intersection en T,Normale,Deux véhicules - côté,3,2,4,0,1,1,1,5,1,50,2,2,1,0,0,1,19.0,39.0,voiture,voiture,1,2,3,1,3
202300006266,2023-03-23 12:20:00,2023,3,23,12,20,94,94022,Avenue Léon Gourdault,48.7624,2.4067,Plein jour,En agglomération,Intersection en T,Normale,Deux véhicules - côté,3,2,4,0,1,1,1,5,1,50,2,2,1,0,0,1,19.0,39.0,voiture,voiture,1,2,3,1,3
202300006267,2023-07-11 18:45:00,2023,7,11,18,45,2A,2A004,GRANDVAL COURS PAIR,41.91810263,8.73362929,Plein jour,En agglomération,Hors intersection,Normale,Autre collision,4,2,2,0,2,1,1,0,1,50,1,2,0,0,0,2,20.0,,deux_roues,,1,2,1,1,6
202300006268,2023-11-25 23:30:00,2023,11,25,23,30,13,13208,PARADIS (RUE),43.27133,5.38613,Nuit avec éclairage allumé,En agglomération,Hors intersection,Normale,Deux véhicules - arrière,9,-1,2,0,1,1,1,0,1,50,2,2,0,0,1,0,45.0,,deux_roues,voiture,5,2,1,1,2
202300006269,2023-06-04 12:00:00,2023,6,4,12,0,91,91479,PL HENRI BARBUSSE,48.71358,2.36314,Plein jour,En agglomération,Hors intersection,Temps éblouissant,Autre collision,4,1,1,0,1,1,1,0,1,50,1,5,4,0,0,1,51.0,,utilitaire_camion,,1,2,1,7,6
202300006270,2023-07-10 18:45:00,2023,7,10,18,45,2A,2A004,MEZZAVIA ROUTE DE,41.95199,8.77819,Plein jour,En agglomération,Hors intersection,Normale,Deux véhicules - côté,2,2,2,0,1,1,1,0,1,50,2,3,1,0,0,2,36.0,20.0,voiture,deux_roues,1,2,1,1,3
202300006271,2023-11-25 09:30:00,2023,11,25,9,30,13,13005,GOUMS (AVENUE DES),43.29281,5.5634,Plein jour,En agglomération,Hors intersection,Normale,Deux véhicules - frontale,4,2,2,0,2,1,1,0,1,50,1,2,1,0,0,1,60.0,,voiture,,1,2,1,1,1
202300006272,2023-03-23 13:15:00,2023,3,23,13,15,94,94069,Rue du Maréchal Leclerc,48.81499,2.4615,Plein jour,En agglomération,Giratoire,Normale,Deux véhicules - arrière,3,1,1,0,1,1,1,0,1,30,2,2,1,0,1,0,75.0,65.0,deux_roues,deux_roues,1,2,6,1,2
202300006272,2023-03-23 13:15:00,2023,3,23,13,15,94,94069,Rue du Maréchal Leclerc,48.81499,2.4615,Plein jour,En agglomération,Giratoire,Normale,Deux véhicules - arrière,3,1,1,0,1,2,1,0,1,30,2,2,1,0,1,0,75.0,65.0,deux_roues,deux_roues,1,2,6,1,2
202300006273,2023-05-29 00:15:00,2023,5,29,0,15,91,91174,AV DU 8 MAI 1945,48.61091,2.45329,Nuit avec éclairage allumé,En agglomération,Intersection en T,Normale,Sans collision,3,2,2,0,1,1,1,0,1,50,1,1,0,1,0,0,34.0,,deux_roues,,5,2,3,1,7
202300006273,2023-05-29 00:15:00,2023,5,29,0,15,91,91174,AV DU 8 MAI 1945,48.61091,2.45329,Nuit avec éclairage allumé,En agglomération,Intersection en T,Normale,Sans collision,3,-1,1,0,1,1,1,0,1,50,1,1,0,1,0,0,34.0,,deux_roues,,5,2,3,1,7
202300006274,2023-07-11 17:00:00,2023,7,11,17,0,91,91692,CHAMPS LASNIERS (AVENUE),48.68683,2.16853,Plein jour,En agglomération,Hors intersection,Normale,Autre collision,4,2,2,0,1,1,1,0,1,30,1,2,1,0,0,1,,,voiture,,1,2,1,1,6
202300006275,2023-11-24 15:15:00,2023,11,24,15,15,06,06159,CONDAMINE (AVENUE DE LA),43.7215977,7.3342304,Plein jour,Hors agglomération,Hors intersection,Normale,Deux véhicules - frontale,7,2,2,0,2,1,1,0,1,50,2,3,0,0,0,3,20.0,45.0,voiture,utilitaire_camion,1,1,1,1,1
202300006276,2023-03-23 19:00:00,2023,3,23,19,0,93,93071,Boulevard Westinghouse,48.926927,2.520054,Nuit avec éclairage non allumé,En agglomération,Hors intersection,Pluie légère,Deux véhicules - côté,3,3,4,0,1,1,2,0,1,50,2,2,1,0,0,1,23.0,41.0,voiture,voiture,4,2,1,2,3
202300006277,2023-06-05 07:50:00,2023,6,5,7,50,91,91223,PASTEUR (BOULEVARD),48.42881,2.1418,Plein jour,En agglomération,Hors intersection,Temps éblouissant,Deux véhicules - frontale,4,2,2,0,1,1,1,0,1,30,2,4,0,0,0,4,40.0,22.0,voiture,voiture,1,2,1,7,1
202300006278,2023-03-23 12:30:00,2023,3,23,12,30,93,93070,Rue du Landy Prolongée,48.91791438,2.33060762,Plein jour,En agglomération,Autre intersection,Normale,Deux véhicules - arrière,4,3,2,0,1,1,1,0,1,50,2,2,1,0,0,1,36.0,25.0,deux_roues,voiture,1,2,9,1,2
202300006279,2023-07-10 19:50:00,2023,7,10,19,50,91,91477,PASTEUR (RUE),48.71535,2.24841,Plein jour,En agglomération,Intersection en X,Normale,Autre collision,4,1,2,0,1,2,1,9,1,30,1,3,1,1,0,1,58.0,,utilitaire_camion,,1,2,2,1,6
202300006279,2023-07-10 19:50:00,2023,7,10,19,50,91,91477,PASTEUR (RUE),48.71535,2.24841,Plein jour,En agglomération,Intersection en X,Normale,Autre collision,4,2,2,0,1,1,1,0,8,50,1,3,1,1,0,1,58.0,,utilitaire_camion,,1,2,2,1,6
202300006280,2023-11-01 18:30:00,2023,11,1,18,30,05,05061,TRAUNSTEIN (AVENUE DE),44.54249,6.05951,Nuit avec éclairage allumé,En agglomération,Intersection à plus de 4 branches,Pluie légère,Deux véhicules - côté,2,2,2,0,1,1,2,0,1,50,2,4,3,0,0,1,71.0,24.0,voiture,voiture,5,2,5,2,3
202300006280,2023-11-01 18:30:00,2023,11,1,18,30,05,05061,TRAUNSTEIN (AVENUE DE),44.54249,6.05951,Nuit avec éclairage allumé,En agglomération,Intersection à plus de 4 branches,Pluie légère,Deux véhicules - côté,2,2,2,0,1,1,2,0,1,50,2,4,3,0,0,1,71.0,24.0,voiture,voiture,5,2,5,2,3
202300006281,2023-03-21 12:20:00,2023,3,21,12,20,93,93053,Rue de Brément,48.88750224,2.46488422,Plein jour,En agglomération,Autre intersection,Normale,Deux véhicules - frontale,3,2,2,0,1,1,1,0,1,50,2,2,1,0,0,1,46.0,35.0,deux_roues,deux_roues,1,2,9,1,1
202300006282,2023-11-25 15:00:00,2023,11,25,15,0,04,04070,TAMPINET (PL. DU),44.091521,6.231373,Plein jour,En agglomération,Hors intersection,Temps éblouissant,Autre collision,4,1,2,0,1,2,1,0,1,50,1,2,1,0,0,1,23.0,,voiture,,1,2,1,7,6
202300006283,2023-07-10 12:45:00,2023,7,10,12,45,91,91657,RUE DE LA LONGUERAIE,48.715859,2.436731,Plein jour,En agglomération,Intersection en T,Normale,Deux véhicules - côté,4,2,2,0,1,1,1,0,1,50,2,2,1,0,0,1,20.0,33.0,voiture,deux_roues,1,2,3,1,3
202300006283,2023-07-10 12:45:00,2023,7,10,12,45,91,91657,RUE DE LA LONGUERAIE,48.715859,2.436731,Plein jour,En agglomération,Intersection en T,Normale,Deux véhicules - côté,4,2,1,0,1,1,1,0,1,50,2,2,1,0,0,1,20.0,33.0,voiture,deux_roues,1,2,3,1,3
202300006284,2023-06-02 19:10:00,2023,6,2,19,10,89,89024,JOFFRE (AVENUE),47.79838,3.55651,Plein jour,En agglomération,Intersection en X,Normale,Deux véhicules - côté,4,2,2,1,2,1,1,0,1,50,2,5,0,0,0,5,40.0,23.0,voiture,voiture,1,2,2,1,3
202300006284,2023-06-02 19:10:00,2023,6,2,19,10,89,89024,JOFFRE (AVENUE),47.79838,3.55651,Plein jour,En agglomération,Intersection en X,Normale,Deux véhicules - côté,4,2,2,0,1,1,1,0,1,50,2,5,0,0,0,5,40.0,23.0,voiture,voiture,1,2,2,1,3
202300006285,2023-03-23 23:05:00,2023,3,23,23,5,93,93048,Rue de Rosny / Rue Saint Antoine,48.865013,2.453648,Nuit avec éclairage allumé,En agglomération,Intersection en T,Pluie légère,Deux véhicules - frontale,4,2,2,0,1,1,2,0,1,50,2,2,1,0,0,1,22.0,,deux_roues,autre,5,2,3,2,1
202300006285,2023-03-23 23:05:00,2023,3,23,23,5,93,93048,Rue de Rosny / Rue Saint Antoine,48.865013,2.453648,Nuit avec éclairage allumé,En agglomération,Intersection en T,Pluie légère,Deux véhicules - frontale,4,2,2,0,1,1,2,0,1,50,2,2,1,0,0,1,22.0,,deux_roues,autre,5,2,3,2,1
202300006286,2023-07-06 14:11:00,2023,7,6,14,11,87,87085,PERRIN (RUE FRANCOIS),45.82674,1.23806,Plein jour,En agglomération,Intersection en T,Normale,Deux véhicules - côté,4,2,2,0,1,1,1,0,1,50,2,2,1,0,0,1,18.0,41.0,deux_roues,voiture,1,2,3,1,3
202300006286,2023-07-06 14:11:00,2023,7,6,14,11,87,87085,PERRIN (RUE FRANCOIS),45.82674,1.23806,Plein jour,En agglomération,Intersection en T,Normale,Deux véhicules - côté,4,2,2,0,1,1,1,0,1,50,2,2,1,0,0,1,18.0,41.0,deux_roues,voiture,1,2,3,1,3
202300006287,2023-11-24 23:00:00,2023,11,24,23,0,75,75112,BD PERIPHERIQUE EXTERIEUR,48.831344,2.404078,Nuit avec éclairage allumé,En agglomération,Hors intersection,Normale,Deux véhicules - arrière,4,1,4,0,1,1,1,1,1,70,2,2,1,0,0,1,53.0,23.0,voiture,utilitaire_camion,5,2,1,1,2
202300006288,2023-06-04 01:00:00,2023,6,4,1,0,88,88209,MOSELLE (RUE DE LA),48.19338,6.44157,Nuit avec éclairage allumé,En agglomération,Intersection en X,Normale,Deux véhicules - côté,3,2,2,0,1,1,1,0,1,50,2,2,1,0,1,0,34.0,16.0,voiture,deux_roues,5,2,2,1,3
202300006288,2023-06-04 01:00:00,2023,6,4,1,0,88,88209,MOSELLE (RUE DE LA),48.19338,6.44157,Nuit avec éclairage allumé,En agglomération,Intersection en X,Normale,Deux véhicules - côté,3,2,2,0,1,1,1,0,1,50,2,2,1,0,1,0,34.0,16.0,voiture,deux_roues,5,2,2,1,3
202300006289,2023-03-17 19:30:00,2023,3,17,19,30,93,93032,Avenue Jean Jaurès,48.88329579,2.52826765,Nuit avec éclairage allumé,En agglomération,Hors intersection,Pluie légère,Autre collision,3,2,2,0,2,1,2,0,4,50,1,3,2,0,0,1,35.0,,voiture,,5,2,1,2,6
202300006290,2023-07-10 10:35:00,2023,7,10,10,35,84,84007,C.De GAULLE (Rocade),43.93102,4.82563,Plein jour,En agglomération,Intersection en X,Normale,Autre collision,4,3,4,0,1,1,1,0,1,50,1,2,1,1,0,0,29.0,,utilitaire_camion,,1,2,2,1,6
202300006290,2023-07-10 10:35:00,2023,7,10,10,35,84,84007,C.De GAULLE (Rocade),43.93102,4.82563,Plein jour,En agglomération,Intersection en X,Normale,Autre collision,4,2,2,0,1,1,1,0,1,50,1,2,1,1,0,0,29.0,,utilitaire_camion,,1,2,2,1,6
202300006291,2023-06-03 13:54:00,2023,6,3,13,54,87,87085,BEAUBREUIL (PLACE DE),45.88029,1.29437,Plein jour,En agglomération,Hors intersection,Normale,Deux véhicules - arrière,6,-1, -1,0,1,1,1,0,1,30,2,2,1,0,0,1,55.0,38.0,deux_roues,voiture,1,2,1,1,2
202300006292,2023-03-23 07:50:00,2023,3,23,7,50,93,93031,Avenue Jean Jaurès,48.95411,2.31717,Plein jour,En agglomération,Hors intersection,Normale,Deux véhicules - frontale,3,2,2,0,1,1,1,0,1,50,2,2,0,0,0,2,23.0,48.0,voiture,voiture,1,2,1,1,1
202300006293,2023-07-11 08:25:00,2023,7,11,8,25,83,83137,INFANTERIE DE MARINE (AVE D'),43.11752,5.9359,Plein jour,En agglomération,Hors intersection,Normale,Autre collision,4,2,5,1,1,1,1,9,1,50,1,2,1,0,1,0,45.0,,deux_roues,,1,2,1,1,6
202300006294,2023-11-23 18:50:00,2023,11,23,18,50,75,75117,PORTE DE CLICHY,48.895031,2.306589,Nuit avec éclairage allumé,En agglomération,Hors intersection,Normale,Trois véhicules et plus - collisions multiples,4,1,4,0,1,1,1,0,1,70,4,4,2,0,0,2,23.0,47.0,voiture,deux_roues,5,2,1,1,5
202300006295,2023-03-22 16:05:00,2023,3,22,16,5,93,93010,Avenue Galliéni,48.906622,2.485638,Plein jour,En agglomération,Hors intersection,Normale,Deux véhicules - arrière,3,3,6,0,1,1,1,0,1,50,2,2,1,0,0,1,36.0,43.0,deux_roues,deux_roues,1,2,1,1,2
202300006296,2023-07-11 18:50:00,2023,7,11,18,50,83,83126,PACHA (CORNICHE MICHEL),43.09313,5.90691,Plein jour,En agglomération,Hors intersection,Normale,Deux véhicules - frontale,4,2,2,0,1,2,1,0,1,50,2,3,0,0,1,2,40.0,20.0,deux_roues,voiture,1,2,1,1,1