accident_id,datetime,annee,mois,jour,heure,minute,departement,commune_insee,adresse,latitude,longitude,luminosite,agglomeration,intersection,meteo,collision,catr,circ,nbv,vosp,prof,plan,surf,infra,situ,vma,nb_vehicules,nb_usagers,nb_indemnes,nb_tues,nb_blesses_hosp,nb_blesses_legers,age_cond_1,age_cond_2,veh_type_cond_1,veh_type_cond_2,lum_code,agg_code,int_code,atm_code,col_code
202300006297,2023-06-03 01:57:00,2023,6,3,1,57,87,87085,DUMAS (AVENUE GEORGES),45.82603,1.26801,Nuit avec éclairage allumé,En agglomération,Intersection en X,Normale,Deux véhicules - côté,2,3,5,0,2,1,1,5,1,50,2,3,2,0,0,1,22.0,39.0,deux_roues,voiture,5,2,2,1,3
202300006297,2023-06-03 01:57:00,2023,6,3,1,57,87,87085,DUMAS (AVENUE GEORGES),45.82603,1.26801,Nuit avec éclairage allumé,En agglomération,Intersection en X,Normale,Deux véhicules - côté,2,2,5,0,1,1,1,5,1,50,2,3,2,0,0,1,22.0,39.0,deux_roues,voiture,5,2,2,1,3
202300006298,2023-07-11 09:30:00,2023,7,11,9,30,83,83009,LIBERATION (AVENUE DE LA),43.138735,5.765282,Plein jour,En agglomération,Hors intersection,Normale,Deux véhicules - frontale,3,2,2,0,1,1,1,0,1,50,2,2,1,0,1,0,73.0,44.0,voiture,deux_roues,1,2,1,1,1
202300006299,2023-03-23 07:00:00,2023,3,23,7,0,93,93008,Chemin des Vignes / Rue Benoit Frachon,48.90056188,2.42881932,Crépuscule ou aube,En agglomération,Intersection en T,Pluie légère,Autre collision,4,2,2,0,1,1,2,0,1,50,2,2,1,0,0,1,22.0,21.0,deux_roues,voiture,2,2,3,2,6
202300006299,2023-03-23 07:00:00,2023,3,23,7,0,93,93008,Chemin des Vignes / Rue Benoit Frachon,48.90056188,2.42881932,Crépuscule ou aube,En agglomération,Intersection en T,Pluie légère,Autre collision,4,2,2,0,1,1,2,0,1,50,2,2,1,0,0,1,22.0,21.0,deux_roues,voiture,2,2,3,2,6
202300006300,2023-06-02 15:46:00,2023,6,2,15,46,87,87085,AUTOROUTE A20,45.85079,1.27624,Plein jour,Hors agglomération,Hors intersection,Normale,Trois véhicules et plus - en chaîne,1,3,2,0,2,1,1,0,1,90,3,3,2,0,0,1,29.0,84.0,deux_roues,voiture,1,1,1,1,4
202300006301,2023-11-23 10:24:00,2023,11,23,10,24,75,75114,AVENUE DU GENERAL LECLERC,48.82802,2.326949,Plein jour,En agglomération,Place,Normale,Autre collision,4,2,2,3,1,1,1,0,1,30,1,4,3,0,0,1,26.0,,utilitaire_camion,,1,2,7,1,6
202300006301,2023-11-23 10:24:00,2023,11,23,10,24,75,75114,AVENUE DU GENERAL LECLERC,48.82802,2.326949,Plein jour,En agglomération,Place,Normale,Autre collision,4,2,2,0,1,1,1,0,1,30,1,4,3,0,0,1,26.0,,utilitaire_camion,,1,2,7,1,6
202300006302,2023-03-23 19:00:00,2023,3,23,19,0,93,93005,Boulevard Marc Chagall,48.952608,2.497517,Crépuscule ou aube,En agglomération,Hors intersection,Pluie légère,Deux véhicules - arrière,3,3,2,0,1,1,2,0,1,50,2,2,1,0,0,1,37.0,42.0,deux_roues,utilitaire_camion,2,2,1,2,2
202300006303,2023-07-07 11:20:00,2023,7,7,11,20,83,83123,HUIDE (CHEMIN DE) N° IMPAIRS,43.125405,5.801215,Plein jour,En agglomération,Hors intersection,Normale,Autre collision,4,2,1,0,1,3,1,0,1,50,2,3,2,0,0,1,62.0,20.0,voiture,voiture,1,2,1,1,6
202300006304,2023-06-03 06:25:00,2023,6,3,6,25,86,86194,Boulevard Chasseigne,46.589393,0.346798,Crépuscule ou aube,En agglomération,Hors intersection,Normale,Deux véhicules - arrière,4,-1,4,0,1,1,1,0,1,50,2,2,1,0,0,1,22.0,19.0,voiture,deux_roues,2,2,1,1,2
202300006305,2023-11-25 16:00:00,2023,11,25,16,0,75,75105,BOULEVARD SAINT MICHEL,48.850621,2.342812,Plein jour,En agglomération,Intersection en X,Temps couvert,Autre collision,4,2,4,3,2,1,1,0,1,30,1,2,1,0,0,1,39.0,,deux_roues,,1,2,2,8,6
202300006305,2023-11-25 16:00:00,2023,11,25,16,0,75,75105,BOULEVARD SAINT MICHEL,48.850621,2.342812,Plein jour,En agglomération,Intersection en X,Temps couvert,Autre collision,4,1, -1,-1,1,1,1,0,1,-1,1,2,1,0,0,1,39.0,,deux_roues,,1,2,2,8,6
202300006306,2023-03-23 09:55:00,2023,3,23,9,55,92,92040,PDT ROOSEVELT (QUAI DU),48.83165,2.26239,Plein jour,En agglomération,Hors intersection,Normale,Deux véhicules - côté,3,2,2,1,1,1,1,0,3,50,2,2,1,0,0,1,28.0,52.0,deux_roues,voiture,1,2,1,1,3
202300006307,2023-07-11 11:00:00,2023,7,11,11,0,83,83061,RUE DU DOCTEUR LOUIS TURCAN,43.43358309,6.73921466,Plein jour,En agglomération,Hors intersection,Normale,Deux véhicules - frontale,4,2,2,0,2,3,1,0,1,50,2,2,1,1,0,0,23.0,57.0,deux_roues,voiture,1,2,1,1,1
202300006308,2023-06-06 15:20:00,2023,6,6,15,20,83,83137,BRUNET (AVE DE),43.13003,5.96245,Plein jour,En agglomération,Intersection en T,Normale,Deux véhicules - côté,4,1,1,0,3,1,1,0,1,50,2,3,1,0,1,1,17.0,40.0,deux_roues,voiture,1,2,3,1,3
202300006308,2023-06-06 15:20:00,2023,6,6,15,20,83,83137,BRUNET (AVE DE),43.13003,5.96245,Plein jour,En agglomération,Intersection en T,Normale,Deux véhicules - côté,4,2,1,0,1,1,1,0,1,50,2,3,1,0,1,1,17.0,40.0,deux_roues,voiture,1,2,3,1,3
202300006309,2023-03-23 08:02:00,2023,3,23,8,2,92,92026,SAINT DENIS BD (120 A 174 / 199 A 315),48.89791657,2.26342571,Plein jour,En agglomération,Hors intersection,Pluie légère,Autre collision,3,2,2,0,1,1,2,0,1,50,1,2,1,0,0,1,31.0,,voiture,,1,2,1,2,6
202300006310,2023-06-06 08:30:00,2023,6,6,8,30,83,83069,STRASBOURG (COURS DE),43.12183006,6.13105729,Plein jour,En agglomération,Hors intersection,Normale,Autre collision,4,2,2,0,2,1,1,0,1,30,1,2,1,0,0,1,27.0,,deux_roues,,1,2,1,1,6
202300006311,2023-11-25 07:48:00,2023,11,25,7,48,75,75120,AVENUE DE LA PORTE DE MONTREUIL,48.853529,2.410791,Crépuscule ou aube,En agglomération,Intersection en X,Normale,Deux véhicules - côté,4,1,2,0,1,1,1,0,1,50,2,2,1,0,0,1,47.0,42.0,utilitaire_camion,voiture,2,2,2,1,3
202300006311,2023-11-25 07:48:00,2023,11,25,7,48,75,75120,AVENUE DE LA PORTE DE MONTREUIL,48.853529,2.410791,Crépuscule ou aube,En agglomération,Intersection en X,Normale,Deux véhicules - côté,4,1,2,0,1,1,1,0,1,50,2,2,1,0,0,1,47.0,42.0,utilitaire_camion,voiture,2,2,2,1,3
202300006312,2023-07-11 17:45:00,2023,7,11,17,45,81,81018,RD 100,43.96477,2.24111,Plein jour,Hors agglomération,Hors intersection,Normale,Deux véhicules - frontale,3,2,1,0,2,3,1,0,1,80,2,2,0,0,1,1,56.0,45.0,utilitaire_camion,voiture,1,1,1,1,1
202300006313,2023-03-23 07:50:00,2023,3,23,7,50,92,92012,JEAN BAPTISTE CLEMENT (AVENUE) 49/FIN -,48.84237,2.23067,Plein jour,En agglomération,Hors intersection,Temps couvert,Autre collision,3,2,2,0,1,1,2,0,1,50,1,2,1,0,0,1,18.0,,deux_roues,,1,2,1,8,6
202300006314,2023-11-25 14:15:00,2023,11,25,14,15,75,75115,BOULEVARD DE GRENELLE,48.853635,2.289881,Plein jour,En agglomération,Hors intersection,Normale,Autre collision,4,1,1,1,1,1,1,0,1,30,1,2,1,0,0,1,,,utilitaire_camion,,1,2,1,1,6
202300006315,2023-06-05 17:30:00,2023,6,5,17,30,83,83061,D8,43.4222,6.70532,Plein jour,Hors agglomération,Hors intersection,Pluie légère,Deux véhicules - frontale,3,2,2,0,1,3,2,0,1,70,2,4,2,0,2,0,31.0,81.0,utilitaire_camion,voiture,1,1,1,2,1
202300006316,2023-01-20 13:00:00,2023,1,20,13,0,51,51531,D216,48.7715045,4.90179598,Plein jour,Hors agglomération,Hors intersection,Neige / grêle,Sans collision,3,2,2,0,1,1,7,0,8,80,1,1,0,0,0,1,34.0,,voiture,,1,1,1,4,7
202300006317,2023-07-11 14:00:00,2023,7,11,14,0,79,79329,,46.98083,-0.2142,Plein jour,En agglomération,Intersection en X,Normale,Deux véhicules - côté,4,2,2,0,1,1,1,0,1,50,2,2,1,0,0,1,58.0,16.0,utilitaire_camion,deux_roues,1,2,2,1,3
202300006317,2023-07-11 14:00:00,2023,7,11,14,0,79,79329,,46.98083,-0.2142,Plein jour,En agglomération,Intersection en X,Normale,Deux véhicules - côté,4,2,2,0,1,1,1,0,1,50,2,2,1,0,0,1,58.0,16.0,utilitaire_camion,deux_roues,1,2,2,1,3
202300006318,2023-11-25 07:00:00,2023,11,25,7,0,75,75115,PLACE D ALLERAY,48.836278,2.306511,Nuit avec éclairage allumé,En agglomération,Place,Normale,Autre collision,4,4,1,0,1,1,1,0,1,30,1,1,0,0,0,1,24.0,,deux_roues,,5,2,7,1,6
202300006318,2023-11-25 07:00:00,2023,11,25,7,0,75,75115,PLACE D ALLERAY,48.836278,2.306511,Nuit avec éclairage allumé,En agglomération,Place,Normale,Autre collision,4,2,2,3,1,1,1,0,1,30,1,1,0,0,0,1,24.0,,deux_roues,,5,2,7,1,6
202300006319,2023-06-06 18:20:00,2023,6,6,18,20,78,78502,SAINT GERMAIN (AVENUE DE),48.88032,2.10862,Plein jour,En agglomération,Hors intersection,Normale,Deux véhicules - côté,2,2,3,0,1,1,1,5,1,50,2,2,1,0,0,1,54.0,24.0,deux_roues,voiture,1,2,1,1,3
202300006320,2023-03-15 13:00:00,2023,3,15,13,0,91,91235,Av du Dr Louis Francois Fichez,48.639291,2.361892,Plein jour,En agglomération,Intersection en X,Normale,Deux véhicules - côté,3,2,2,0,1,1,1,5,1,-1,2,3,1,0,0,2,25.0,34.0,voiture,deux_roues,1,2,2,1,3
202300006320,2023-03-15 13:00:00,2023,3,15,13,0,91,91235,Av du Dr Louis Francois Fichez,48.639291,2.361892,Plein jour,En agglomération,Intersection en X,Normale,Deux véhicules - côté,3,3,2,0,1,1,1,5,1,-1,2,3,1,0,0,2,25.0,34.0,voiture,deux_roues,1,2,2,1,3
202300006321,2023-06-05 15:49:00,2023,6,5,15,49,78,78029,PLATEAU (RUE DU),48.96007,1.85959,Plein jour,En agglomération,Intersection en Y,Normale,Deux véhicules - côté,4,2,2,0,1,1,1,0,1,50,2,2,1,0,0,1,20.0,35.0,deux_roues,voiture,1,2,4,1,3
202300006321,2023-06-05 15:49:00,2023,6,5,15,49,78,78029,PLATEAU (RUE DU),48.96007,1.85959,Plein jour,En agglomération,Intersection en Y,Normale,Deux véhicules - côté,4,2,2,0,2,4,1,0,1,50,2,2,1,0,0,1,20.0,35.0,deux_roues,voiture,1,2,4,1,3
202300006322,2023-11-24 02:15:00,2023,11,24,2,15,75,75115,RUE DE LA CONVENTION,48.83724,2.296414,Nuit avec éclairage allumé,En agglomération,Intersection en X,Normale,Deux véhicules - côté,4,2,0,0,1,1,1,0,1,30,2,4,2,0,0,2,33.0,21.0,deux_roues,deux_roues,5,2,2,1,3
202300006322,2023-11-24 02:15:00,2023,11,24,2,15,75,75115,RUE DE LA CONVENTION,48.83724,2.296414,Nuit avec éclairage allumé,En agglomération,Intersection en X,Normale,Deux véhicules - côté,4,1,2,0,1,1,1,0,1,30,2,4,2,0,0,2,33.0,21.0,deux_roues,deux_roues,5,2,2,1,3
202300006323,2023-03-20 15:39:00,2023,3,20,15,39,06,06161,2040 Route Départementale 6007,43.631486,7.1346,Plein jour,En agglomération,Hors intersection,Normale,Deux véhicules - côté,3,2,2,0,1,1,1,0,1,50,2,3,2,0,0,1,21.0,47.0,voiture,deux_roues,1,2,1,1,3
202300006324,2023-07-11 16:25:00,2023,7,11,16,25,77,77143,D330,48.97549,2.86545,Plein jour,En agglomération,Intersection en X,Temps éblouissant,Sans collision,3,2,3,0,1,1,1,0,1,50,2,2,1,0,0,1,54.0,21.0,deux_roues,voiture,1,2,2,7,7
202300006324,2023-07-11 16:25:00,2023,7,11,16,25,77,77143,D330,48.97549,2.86545,Plein jour,En agglomération,Intersection en X,Temps éblouissant,Sans collision,3,2,2,0,1,1,1,0,1,50,2,2,1,0,0,1,54.0,21.0,deux_roues,voiture,1,2,2,7,7
202300006325,2023-07-11 19:30:00,2023,7,11,19,30,76,76484,Rue Emile Zola,49.346607,1.096,Plein jour,En agglomération,Intersection en T,Normale,Autre collision,7,2,2,0,1,2,1,0,1,30,1,2,1,0,0,1,,,autre,,1,2,3,1,6
202300006325,2023-07-11 19:30:00,2023,7,11,19,30,76,76484,Rue Emile Zola,49.346607,1.096,Plein jour,En agglomération,Intersection en T,Normale,Autre collision,7,2,2,0,1,3,1,0,1,30,1,2,1,0,0,1,,,autre,,1,2,3,1,6
202300006326,2023-11-24 23:10:00,2023,11,24,23,10,75,75114,BOULEVARD BRUNE,48.824651,2.319576,Nuit avec éclairage allumé,En agglomération,Intersection en X,Normale,Deux véhicules - arrière,4,1,8,0,1,1,1,0,1,50,2,2,1,0,0,1,28.0,40.0,deux_roues,voiture,5,2,2,1,2
202300006326,2023-11-24 23:10:00,2023,11,24,23,10,75,75114,BOULEVARD BRUNE,48.824651,2.319576,Nuit avec éclairage allumé,En agglomération,Intersection en X,Normale,Deux véhicules - arrière,4,1, -1,-1,1,1,1,0,1,50,2,2,1,0,0,1,28.0,40.0,deux_roues,voiture,5,2,2,1,2
202300006327,2023-01-20 15:00:00,2023,1,20,15,0,974,97412,Rue de la Passerelle,-21.375191,55.649657,Plein jour,Hors agglomération,Hors intersection,Normale,Autre collision,4,2,2,0,1,1,1,0,3,50,1,3,1,0,0,2,61.0,,voiture,,1,1,1,1,6
202300006328,2023-06-06 09:35:00,2023,6,6,9,35,77,77468,EGLISE (PLACE DE L'),48.85027,2.65322,Plein jour,En agglomération,Hors intersection,Temps éblouissant,Autre collision,4,1,1,0,1,2,1,0,1,30,1,2,1,0,1,0,37.0,,utilitaire_camion,,1,2,1,7,6
202300006329,2023-07-11 10:15:00,2023,7,11,10,15,69,69029,Boulevard Pinel,45.73512,4.88987,Plein jour,En agglomération,Intersection en T,Normale,Deux véhicules - côté,4,2,2,0,1,1,1,0,1,30,2,2,1,0,0,1,46.0,52.0,voiture,voiture,1,2,3,1,3
202300006329,2023-07-11 10:15:00,2023,7,11,10,15,69,69029,Boulevard Pinel,45.73512,4.88987,Plein jour,En agglomération,Intersection en T,Normale,Deux véhicules - côté,4,2,4,3,1,1,1,0,1,50,2,2,1,0,0,1,46.0,52.0,voiture,voiture,1,2,3,1,3
202300006330,2023-01-17 19:00:00,2023,1,17,19,0,972,97210,croix mission,14.606456,-60.894781,Nuit sans éclairage public,Hors agglomération,Hors intersection,Normale,Deux véhicules - frontale,2,-1,2,0,1,1,1,0,1,50,2,2,1,0,1,0,38.0,48.0,voiture,voiture,3,1,1,1,1
202300006331,2023-11-25 18:10:00,2023,11,25,18,10,75,75113,BOULEVARD KELLERMANN,48.820006,2.34709,Nuit avec éclairage allumé,En agglomération,Intersection en T,Normale,Deux véhicules - côté,4,2,6,1,1,1,1,0,1,50,2,2,1,0,0,1,30.0,56.0,voiture,deux_roues,5,2,3,1,3
202300006331,2023-11-25 18:10:00,2023,11,25,18,10,75,75113,BOULEVARD KELLERMANN,48.820006,2.34709,Nuit avec éclairage allumé,En agglomération,Intersection en T,Normale,Deux véhicules - côté,4,-1, -1,0,1,1,1,0,1,30,2,2,1,0,0,1,30.0,56.0,voiture,deux_roues,5,2,3,1,3
202300006332,2023-06-06 08:05:00,2023,6,6,8,5,77,77482,VC,48.37598,2.94481,Plein jour,En agglomération,Intersection en X,Normale,Deux véhicules - côté,3,2,2,0,1,1,1,5,1,50,2,2,1,0,1,0,17.0,48.0,deux_roues,voiture,1,2,2,1,3
202300006332,2023-06-06 08:05:00,2023,6,6,8,5,77,77482,VC,48.37598,2.94481,Plein jour,En agglomération,Intersection en X,Normale,Deux véhicules - côté,3,2,2,0,1,1,1,5,1,50,2,2,1,0,1,0,17.0,48.0,deux_roues,voiture,1,2,2,1,3
202300006333,2023-02-24 08:30:00,2023,2,24,8,30,86,86254,D729,46.391086,0.85134697,Plein jour,Hors agglomération,Hors intersection,Normale,Sans collision,3,2,2,0,1,1,2,0,3,90,2,2,1,0,1,0,49.0,58.0,voiture,transport_commun,1,1,1,1,7
202300006334,2023-07-10 16:15:00,2023,7,10,16,15,69,69091,Place Port du Bief,45.58073,4.77872,Plein jour,En agglomération,Hors intersection,Normale,Deux véhicules - côté,4,1,1,0,1,1,1,0,1,50,2,3,2,0,0,1,71.0,44.0,voiture,voiture,1,2,1,1,3
202300006335,2023-07-11 18:50:00,2023,7,11,18,50,67,67482,COLMAR (AVENUE DE),48.5533,7.74434,Plein jour,En agglomération,Passage à niveau,Normale,Autre collision,4,3,6,3,1,1,1,4,6,50,1,2,1,0,0,1,33.0,,transport_commun,,1,2,8,1,6
202300006336,2023-11-25 15:07:00,2023,11,25,15,7,75,75113,RUE DE TOLBIAC,48.825989,2.35365,Plein jour,En agglomération,Intersection en X,Normale,Deux véhicules - côté,4,2, -1,0,1,1,1,0,1,30,2,2,1,0,0,1,,25.0,voiture,deux_roues,1,2,2,1,3
202300006336,2023-11-25 15:07:00,2023,11,25,15,7,75,75113,RUE DE TOLBIAC,48.825989,2.35365,Plein jour,En agglomération,Intersection en X,Normale,Deux véhicules - côté,4,2,2,0,1,1,1,0,1,30,2,2,1,0,0,1,,25.0,voiture,deux_roues,1,2,2,1,3
202300006337,2023-03-23 22:20:00,2023,3,23,22,20,14,14475,A84,49.11841019,-0.5780297,Nuit sans éclairage public,Hors agglomération,Hors intersection,Pluie forte,Autre collision,1,3,4,0,1,1,2,0,3,130,1,2,0,0,1,1,29.0,,voiture,,3,1,1,3,6
202300006338,2023-06-05 09:55:00,2023,6,5,9,55,77,77255,VC GARE  (AVENUE DE LA ),48.50945,2.67944,Plein jour,Hors agglomération,Passage à niveau,Normale,Deux véhicules - côté,4,2,2,0,1,1,1,9,1,50,2,2,1,1,0,0,54.0,64.0,transport_commun,deux_roues,1,1,8,1,3
202300006338,2023-06-05 09:55:00,2023,6,5,9,55,77,77255,VC GARE  (AVENUE DE LA ),48.50945,2.67944,Plein jour,Hors agglomération,Passage à niveau,Normale,Deux véhicules - côté,4,-1,2,0,1,1,1,0,1,30,2,2,1,1,0,0,54.0,64.0,transport_commun,deux_roues,1,1,8,1,3
202300006339,2023-04-08 10:00:00,2023,4,8,10,0,74,74210,D35_,46.297122,6.453186,Plein jour,Hors agglomération,Intersection en X,Normale,Deux véhicules - côté,3,2,2,0,2,1,1,0,1,80,2,2,1,0,1,0,57.0,67.0,voiture,deux_roues,1,1,2,1,3
202300006339,2023-04-08 10:00:00,2023,4,8,10,0,74,74210,D35_,46.297122,6.453186,Plein jour,Hors agglomération,Intersection en X,Normale,Deux véhicules - côté,3,2, -1,-1,1,1,1,0,1,-1,2,2,1,0,1,0,57.0,67.0,voiture,deux_roues,1,1,2,1,3
202300006340,2023-07-11 07:30:00,2023,7,11,7,30,67,67204,STADE (RUE DU),48.6264,7.7697,Plein jour,En agglomération,Giratoire,Temps éblouissant,Deux véhicules - côté,4,2,2,0,1,1,1,0,1,50,2,2,1,0,0,1,57.0,20.0,voiture,deux_roues,1,2,6,7,3
202300006340,2023-07-11 07:30:00,2023,7,11,7,30,67,67204,STADE (RUE DU),48.6264,7.7697,Plein jour,En agglomération,Giratoire,Temps éblouissant,Deux véhicules - côté,4,2,2,0,1,1,1,0,1,50,2,2,1,0,0,1,57.0,20.0,voiture,deux_roues,1,2,6,7,3
202300006341,2023-03-23 15:30:00,2023,3,23,15,30,80,80792,6 Rue du Chateau d?Eau,50.071321,2.331352,Plein jour,Hors agglomération,Intersection en Y,Normale,Deux véhicules - frontale,3,2,2,0,1,2,1,0,1,-1,2,2,1,0,1,0,78.0,18.0,voiture,deux_roues,1,1,4,1,1
202300006341,2023-03-23 15:30:00,2023,3,23,15,30,80,80792,6 Rue du Chateau d?Eau,50.071321,2.331352,Plein jour,Hors agglomération,Intersection en Y,Normale,Deux véhicules - frontale,3,2, -1,-1,1,1,1,0,1,-1,2,2,1,0,1,0,78.0,18.0,voiture,deux_roues,1,1,4,1,1
202300006342,2023-12-07 14:40:00,2023,12,7,14,40,74,74012,MARCHES (PLACE DES),46.1913,6.2356,Plein jour,En agglomération,Place,Normale,Autre collision,6,-1, -1,0,1,1,1,9,8,30,1,1,0,0,0,1,72.0,,voiture,,1,2,7,1,6
202300006343,2023-06-06 07:30:00,2023,6,6,7,30,77,77014,GARE (PLACE DE LA),48.4159,2.72571,Plein jour,En agglomération,Hors intersection,Normale,Deux véhicules - côté,4,2,2,0,2,1,1,0,1,50,2,2,1,0,0,1,48.0,39.0,voiture,deux_roues,1,2,1,1,3
202300006344,2023-11-25 11:36:00,2023,11,25,11,36,75,75113,RUE BOBILLOT,48.825811,2.350362,Plein jour,En agglomération,Intersection à plus de 4 branches,Normale,Deux véhicules - côté,4,2,3,1,1,1,1,0,1,30,2,3,2,0,0,1,58.0,35.0,voiture,deux_roues,1,2,5,1,3
202300006344,2023-11-25 11:36:00,2023,11,25,11,36,75,75113,RUE BOBILLOT,48.825811,2.350362,Plein jour,En agglomération,Intersection à plus de 4 branches,Normale,Deux véhicules - côté,4,2,3,0,1,1,1,0,1,30,2,3,2,0,0,1,58.0,35.0,voiture,deux_roues,1,2,5,1,3
202300006345,2023-03-24 13:26:00,2023,3,24,13,26,71,71585,D19,46.842864,4.852653,Plein jour,Hors agglomération,Hors intersection,Pluie légère,Autre collision,3,2,2,0,1,3,2,0,3,80,1,1,0,0,1,0,19.0,,deux_roues,,1,1,1,2,6
202300006346,2023-07-10 18:55:00,2023,7,10,18,55,67,67482,LONDRES (RUE DE),48.5785,7.77308,Plein jour,En agglomération,Hors intersection,Normale,Deux véhicules - côté,4,2,2,2,1,1,1,0,5,50,2,2,1,0,1,0,22.0,20.0,deux_roues,voiture,1,2,1,1,3
202300006347,2023-06-06 23:02:00,2023,6,6,23,2,76,76540,Rue Henri Dunant,49.46076,1.13549,Nuit avec éclairage allumé,En agglomération,Intersection en X,Normale,Deux véhicules - frontale,4,2,2,0,1,1,1,-1,1,50,2,2,0,0,1,1,23.0,47.0,voiture,voiture,5,2,2,1,1
202300006347,2023-06-06 23:02:00,2023,6,6,23,2,76,76540,Rue Henri Dunant,49.46076,1.13549,Nuit avec éclairage allumé,En agglomération,Intersection en X,Normale,Deux véhicules - frontale,4,2,2,0,1,1,-1,0,-1,50,2,2,0,0,1,1,23.0,47.0,voiture,voiture,5,2,2,1,1
202300006348,2023-07-08 07:42:00,2023,7,8,7,42,66,66136,,42.66218,2.92157,Plein jour,En agglomération,Hors intersection,Normale,Deux véhicules - arrière,3,3,2,0,1,1,1,0,1,90,2,2,1,0,0,1,48.0,46.0,utilitaire_camion,voiture,1,2,1,1,2
202300006349,2023-03-14 21:15:00,2023,3,14,21,15,89,89074,10 Rue du Vau,48.31733,3.13192,Nuit sans éclairage public,En agglomération,Hors intersection,Normale,Deux véhicules - côté,4,2,2,0,1,1,2,0,1,50,2,2,1,0,0,1,27.0,26.0,voiture,voiture,3,2,1,1,3
202300006350,2023-11-25 02:00:00,2023,11,25,2,0,75,75112,AVENUE DU TREMBLAY,48.834062,2.454936,Nuit avec éclairage allumé,En agglomération,Intersection en Y,Normale,Deux véhicules - frontale,4,2,3,1,1,1,1,0,5,50,2,2,1,0,0,1,31.0,39.0,voiture,deux_roues,5,2,4,1,1
202300006350,2023-11-25 02:00:00,2023,11,25,2,0,75,75112,AVENUE DU TREMBLAY,48.834062,2.454936,Nuit avec éclairage allumé,En agglomération,Intersection en Y,Normale,Deux véhicules - frontale,4,-1, -1,-1,1,1,1,0,5,50,2,2,1,0,0,1,31.0,39.0,voiture,deux_roues,5,2,4,1,1
202300006351,2023-10-26 19:15:00,2023,10,26,19,15,50,50341,D974,49.487712,-1.381413,Nuit avec éclairage allumé,En agglomération,Intersection en T,Normale,Deux véhicules - côté,3,2,2,0,2,1,1,0,1,50,2,2,1,0,1,0,75.0,38.0,voiture,deux_roues,5,2,3,1,3
202300006351,2023-10-26 19:15:00,2023,10,26,19,15,50,50341,D974,49.487712,-1.381413,Nuit avec éclairage allumé,En agglomération,Intersection en T,Normale,Deux véhicules - côté,3,2,2,0,1,1,1,0,1,30,2,2,1,0,1,0,75.0,38.0,voiture,deux_roues,5,2,3,1,3
202300006352,2023-06-04 11:45:00,2023,6,4,11,45,76,76540,Route de Neufchâtel,49.4526,1.09977,Plein jour,En agglomération,Hors intersection,Normale,Deux véhicules - arrière,7,2,2,3,2,1,1,-1,1,50,2,3,2,0,0,1,25.0,89.0,voiture,voiture,1,2,1,1,2
202300006353,2023-07-07 09:28:00,2023,7,7,9,28,66,66136,,42.69116,2.88189,Plein jour,En agglomération,Intersection en T,Normale,Deux véhicules - côté,4,2,2,0,1,1,1,0,1,50,2,2,1,0,0,1,57.0,31.0,voiture,deux_roues,1,2,3,1,3
202300006353,2023-07-07 09:28:00,2023,7,7,9,28,66,66136,,42.69116,2.88189,Plein jour,En agglomération,Intersection en T,Normale,Deux véhicules - côté,4,1,1,0,1,1,1,0,1,50,2,2,1,0,0,1,57.0,31.0,voiture,deux_roues,1,2,3,1,3
202300006354,2023-11-24 17:50:00,2023,11,24,17,50,75,75110,RUE DU FAUBOURG SAINT MARTIN,48.871763,2.357184,Nuit avec éclairage allumé,En agglomération,Intersection en X,Normale,Autre collision,4,1, -1,-1,1,1,1,0,6,30,1,3,2,0,1,0,43.0,,utilitaire_camion,,5,2,2,1,6
202300006354,2023-11-24 17:50:00,2023,11,24,17,50,75,75110,RUE DU FAUBOURG SAINT MARTIN,48.871763,2.357184,Nuit avec éclairage allumé,En agglomération,Intersection en X,Normale,Autre collision,4,-1,2,3,2,1,1,0,6,30,1,3,2,0,1,0,43.0,,utilitaire_camion,,5,2,2,1,6
202300006355,2023-07-10 06:10:00,2023,7,10,6,10,64,64483,RD810,43.4017,-1.63696,Crépuscule ou aube,En agglomération,Intersection en T,Normale,Deux véhicules - arrière,3,2,0,0,1,1,1,5,1,50,2,2,1,0,0,1,56.0,24.0,voiture,voiture,2,2,3,1,2
202300006355,2023-07-10 06:10:00,2023,7,10,6,10,64,64483,RD810,43.4017,-1.63696,Crépuscule ou aube,En agglomération,Intersection en T,Normale,Deux véhicules - arrière,3,3,0,0,1,1,1,5,1,50,2,2,1,0,0,1,56.0,24.0,voiture,voiture,2,2,3,1,2
202300006356,2023-11-29 11:40:00,2023,11,29,11,40,971,97118,N1,16.178037,-61.594934,Plein jour,Hors agglomération,Hors intersection,Normale,Deux véhicules - arrière,2,3,4,0,1,1,1,0,1,90,2,2,1,0,1,0,35.0,49.0,deux_roues,utilitaire_camion,1,1,1,1,2
202300006357,2023-06-05 18:05:00,2023,6,5,18,5,76,76351,AUGUSTE BLANQUI (PONT),49.50047,0.16248,Plein jour,En agglomération,Intersection en Y,Normale,Deux véhicules - arrière,4,2,2,0,4,1,1,2,1,50,2,2,1,0,0,1,43.0,62.0,voiture,deux_roues,1,2,4,1,2
202300006357,2023-06-05 18:05:00,2023,6,5,18,5,76,76351,AUGUSTE BLANQUI (PONT),49.50047,0.16248,Plein jour,En agglomération,Intersection en Y,Normale,Deux véhicules - arrière,4,2,2,0,1,1,1,0,1,50,2,2,1,0,0,1,43.0,62.0,voiture,deux_roues,1,2,4,1,2
202300006358,2023-03-24 05:15:00,2023,3,24,5,15,68,68291,D8,47.843579,7.477398,Nuit sans éclairage public,Hors agglomération,Hors intersection,Pluie légère,Autre collision,3,2,2,0,1,1,2,0,3,80,1,1,0,1,0,0,45.0,,utilitaire_camion,,3,1,1,2,6