accident_id,datetime,annee,mois,jour,heure,minute,departement,commune_insee,adresse,latitude,longitude,luminosite,agglomeration,intersection,meteo,collision,catr,circ,nbv,vosp,prof,plan,surf,infra,situ,vma,nb_vehicules,nb_usagers,nb_indemnes,nb_tues,nb_blesses_hosp,nb_blesses_legers,age_cond_1,age_cond_2,veh_type_cond_1,veh_type_cond_2,lum_code,agg_code,int_code,atm_code,col_code
202300006575,2023-06-03 20:10:00,2023,6,3,20,10,51,51454,OSEILLE (RUE),49.24541,4.04141,Plein jour,En agglomération,Hors intersection,Normale,Deux véhicules - arrière,4,1,1,0,2,1,1,0,1,50,2,2,1,0,0,1,24.0,40.0,deux_roues,voiture,1,2,1,1,2
202300006576,2023-03-23 17:45:00,2023,3,23,17,45,91,91689,AUTOROUTE A6B,48.74166,2.32203,Plein jour,Hors agglomération,Hors intersection,Normale,Trois véhicules et plus - en chaîne,1,1,6,0,1,1,1,0,1,90,3,3,2,0,0,1,43.0,52.0,utilitaire_camion,voiture,1,1,1,1,4
202300006577,2023-07-11 11:00:00,2023,7,11,11,0,75,75118,RUE DE LA BARRIERE BLANCHE,48.889466,2.330392,Plein jour,En agglomération,Hors intersection,Normale,Deux véhicules - arrière,4,1,1,0,1,1,1,0,1,30,2,2,1,0,0,1,30.0,74.0,utilitaire_camion,deux_roues,1,2,1,1,2
202300006578,2023-09-28 09:40:00,2023,9,28,9,40,22,22113,VIARMES (QUAI DE),48.73198,-3.46494,Plein jour,En agglomération,Hors intersection,Normale,Deux véhicules - arrière,3,2,0,0,1,1,1,0,1,50,2,2,1,0,0,1,54.0,54.0,voiture,voiture,1,2,1,1,2
202300006579,2023-11-24 17:30:00,2023,11,24,17,30,26,26345,Route de Ste-Cécile,44.278392,4.861622,Crépuscule ou aube,Hors agglomération,Hors intersection,Normale,Deux véhicules - côté,3,2,2,0,1,1,1,0,1,80,2,4,0,0,2,2,42.0,34.0,voiture,utilitaire_camion,2,1,1,1,3
202300006580,2023-06-03 18:20:00,2023,6,3,18,20,51,51454,DANTON (RUE),49.27109,4.02485,Plein jour,En agglomération,Intersection en X,Normale,Deux véhicules - côté,4,2,2,0,1,1,1,0,1,50,2,3,2,0,0,1,75.0,40.0,voiture,deux_roues,1,2,2,1,3
202300006580,2023-06-03 18:20:00,2023,6,3,18,20,51,51454,DANTON (RUE),49.27109,4.02485,Plein jour,En agglomération,Intersection en X,Normale,Deux véhicules - côté,4,2,2,0,2,1,1,0,1,50,2,3,2,0,0,1,75.0,40.0,voiture,deux_roues,1,2,2,1,3
202300006581,2023-07-10 21:45:00,2023,7,10,21,45,75,75118,RUE MARX DORMOY,48.886835,2.359629,Nuit avec éclairage allumé,En agglomération,Intersection en T,Normale,Autre collision,4,1, -1,-1,1,1,1,0,1,-1,1,2,1,0,0,1,26.0,,deux_roues,,5,2,3,1,6
202300006581,2023-07-10 21:45:00,2023,7,10,21,45,75,75118,RUE MARX DORMOY,48.886835,2.359629,Nuit avec éclairage allumé,En agglomération,Intersection en T,Normale,Autre collision,4,2,2,0,1,1,1,0,1,30,1,2,1,0,0,1,26.0,,deux_roues,,5,2,3,1,6
202300006582,2023-03-23 13:30:00,2023,3,23,13,30,91,91340,AUTOROUTE A6,48.60277,2.438,Plein jour,Hors agglomération,Hors intersection,Normale,Trois véhicules et plus - en chaîne,1,3,3,0,1,1,1,0,1,110,3,3,2,0,0,1,,30.0,voiture,utilitaire_camion,1,1,1,1,4
202300006583,2023-07-10 13:00:00,2023,7,10,13,0,75,75116,AVENUE DE LA GRANDE ARMEE,48.874458,2.292283,Plein jour,En agglomération,Hors intersection,Normale,Autre collision,4,1,1,0,1,1,1,0,1,50,1,2,1,0,0,1,,,utilitaire_camion,,1,2,1,1,6
202300006584,2023-03-23 09:15:00,2023,3,23,9,15,94,94076,A6B,48.79309594,2.34508279,Plein jour,Hors agglomération,Hors intersection,Normale,Deux véhicules - côté,1,1,3,0,1,1,1,0,1,90,2,2,1,0,0,1,29.0,28.0,utilitaire_camion,deux_roues,1,1,1,1,3
202300006585,2023-03-23 07:55:00,2023,3,23,7,55,91,91064,RN 118,48.75018,2.22139,Crépuscule ou aube,Hors agglomération,Hors intersection,Temps couvert,Sans collision,2,3,4,0,2,1,2,0,1,90,1,1,0,0,0,1,52.0,,deux_roues,,2,1,1,8,7
202300006586,2023-06-05 10:35:00,2023,6,5,10,35,49,49007,ATLANTIQUE  AVENUE DE L',47.4679,-0.56558,Plein jour,En agglomération,Hors intersection,Normale,Trois véhicules et plus - collisions multiples,3,3,2,0,1,1,1,0,1,70,5,5,2,0,0,3,32.0,48.0,voiture,voiture,1,2,1,1,5
202300006587,2023-11-25 21:30:00,2023,11,25,21,30,58,58245,RD979,46.757769,3.638062,Nuit sans éclairage public,Hors agglomération,Hors intersection,Normale,Autre collision,3,2,2,0,1,1,1,0,3,90,1,1,0,0,0,1,73.0,,voiture,,3,1,1,1,6
202300006588,2023-11-27 21:52:00,2023,11,27,21,52,74,74012,AMOUREUX (RUE DES),46.1904,6.2345,Nuit avec éclairage allumé,En agglomération,Intersection en X,Pluie légère,Autre collision,4,1,2,0,1,1,2,0,1,50,1,2,1,0,0,1,35.0,,voiture,,5,2,2,2,6
202300006589,2023-03-23 06:25:00,2023,3,23,6,25,91,91286,AUTOROUTE A6,48.64795,2.38654,Nuit sans éclairage public,Hors agglomération,Hors intersection,Pluie légère,Deux véhicules - arrière,1,3,6,0,1,1,2,0,1,110,2,2,1,0,0,1,37.0,36.0,deux_roues,voiture,3,1,1,2,2
202300006590,2023-11-25 22:50:00,2023,11,25,22,50,14,14174,31 Rue du Pont Cel,48.85681,-0.55726,Nuit avec éclairage non allumé,En agglomération,Hors intersection,Normale,Autre collision,3,2,2,0,2,3,1,0,4,50,1,1,0,0,1,0,23.0,,deux_roues,,4,2,1,1,6
202300006591,2023-01-26 17:15:00,2023,1,26,17,15,91,91479,RTE DE FONTAINEBLEAU,48.72093,2.37066,Crépuscule ou aube,Hors agglomération,Hors intersection,Normale,Deux véhicules - arrière,2,3,4,0,1,1,1,1,1,70,2,2,1,0,0,1,74.0,37.0,voiture,deux_roues,2,1,1,1,2
202300006592,2023-07-11 10:50:00,2023,7,11,10,50,75,75115,RUE DE LA CONVENTION,48.845659,2.277874,Plein jour,En agglomération,Intersection en T,Normale,Deux véhicules - côté,4,2,2,0,1,1,1,0,1,30,2,3,1,0,0,2,60.0,21.0,voiture,deux_roues,1,2,3,1,3
202300006592,2023-07-11 10:50:00,2023,7,11,10,50,75,75115,RUE DE LA CONVENTION,48.845659,2.277874,Plein jour,En agglomération,Intersection en T,Normale,Deux véhicules - côté,4,1,1,0,1,1,1,0,1,30,2,3,1,0,0,2,60.0,21.0,voiture,deux_roues,1,2,3,1,3
202300006593,2023-03-23 05:00:00,2023,3,23,5,0,78,78423,A12 Y,48.784506,2.034096,Nuit sans éclairage public,Hors agglomération,Hors intersection,Normale,Autre collision,1,1,2,0,1,1,1,0,1,110,1,1,0,0,0,1,34.0,,voiture,,3,1,1,1,6
202300006594,2023-11-25 18:35:00,2023,11,25,18,35,18,18103,la Plaisance,47.104777,1.881602,Nuit sans éclairage public,Hors agglomération,Hors intersection,Normale,Sans collision,3,2,2,0,2,4,1,0,3,80,1,1,0,0,1,0,19.0,,voiture,,3,1,1,1,7
202300006595,2023-07-30 06:00:00,2023,7,30,6,0,75,75116,ALLEE DE LONGCHAMP,48.86369,2.240058,Crépuscule ou aube,En agglomération,Intersection à plus de 4 branches,Normale,Deux véhicules - arrière,4,2,2,0,1,1,1,0,1,50,2,2,1,0,0,1,41.0,,voiture,voiture,2,2,5,1,2
202300006595,2023-07-30 06:00:00,2023,7,30,6,0,75,75116,ALLEE DE LONGCHAMP,48.86369,2.240058,Crépuscule ou aube,En agglomération,Intersection à plus de 4 branches,Normale,Deux véhicules - arrière,4,1,1,0,1,1,1,0,1,50,2,2,1,0,0,1,41.0,,voiture,voiture,2,2,5,1,2
202300006596,2023-11-26 18:15:00,2023,11,26,18,15,18,18224,Le Grand Briou,47.168738,2.929182,Nuit sans éclairage public,Hors agglomération,Hors intersection,Normale,Sans collision,4,2,1,0,1,3,1,0,1,80,1,1,0,0,0,1,35.0,,deux_roues,,3,1,1,1,7
202300006597,2023-03-22 17:50:00,2023,3,22,17,50,92,92025,A86,48.92648547,2.23549596,Plein jour,Hors agglomération,Hors intersection,Normale,Trois véhicules et plus - collisions multiples,1,1,2,0,1,1,1,0,1,90,3,3,2,0,0,1,52.0,70.0,autre,voiture,1,1,1,1,5
202300006598,2023-06-05 12:45:00,2023,6,5,12,45,49,49007,ATLANTIQUE  AVENUE DE L',47.4693,-0.6004,Plein jour,Hors agglomération,Hors intersection,Normale,Deux véhicules - arrière,3,3,2,0,1,1,1,0,1,90,2,2,1,0,0,1,30.0,44.0,voiture,utilitaire_camion,1,1,1,1,2
202300006599,2023-11-25 10:30:00,2023,11,25,10,30,07,07143,Rue d?Arcoules,45.36331,4.754559,Plein jour,En agglomération,Hors intersection,Normale,Deux véhicules - frontale,3,2,2,0,1,1,1,0,1,-1,2,2,1,0,1,0,36.0,22.0,voiture,deux_roues,1,2,1,1,1
202300006600,2023-01-27 01:40:00,2023,1,27,1,40,59,59512,FOURMIES (BOULEVARD DE),50.67291,3.18662,Nuit avec éclairage allumé,En agglomération,Autre intersection,Normale,Deux véhicules - arrière,4,2,2,0,1,1,1,0,1,50,2,3,1,0,0,2,21.0,19.0,voiture,voiture,5,2,9,1,2
202300006601,2023-03-21 09:45:00,2023,3,21,9,45,78,78007,A13W,48.89827,2.00576,Plein jour,Hors agglomération,Hors intersection,Normale,Trois véhicules et plus - en chaîne,1,-1,2,0,2,1,1,0,1,90,4,4,3,0,0,1,74.0,43.0,voiture,voiture,1,1,1,1,4
202300006602,2023-12-07 18:35:00,2023,12,7,18,35,40,40279,SAINT-VINCENT DE PAUL (BD),43.7291,-1.0389,Nuit avec éclairage allumé,En agglomération,Hors intersection,Pluie légère,Autre collision,3,2,2,0,1,1,2,6,1,50,1,2,1,0,1,0,83.0,,voiture,,5,2,1,2,6
202300006603,2023-11-26 02:05:00,2023,11,26,2,5,63,63035,autoroute A 71 PR 365+300,45.968013,3.099968,Nuit sans éclairage public,Hors agglomération,Hors intersection,Normale,Autre collision,1,3,4,0,2,1,1,0,1,130,1,4,2,0,1,1,59.0,,voiture,,3,1,1,1,6
202300006604,2023-03-23 17:20:00,2023,3,23,17,20,93,93066,AUTOROUTE A1,48.90719,2.35851,Plein jour,Hors agglomération,Hors intersection,Normale,Trois véhicules et plus - en chaîne,1,3,8,0,1,1,1,1,1,90,4,5,3,0,0,2,26.0,47.0,utilitaire_camion,voiture,1,1,1,1,4
202300006605,2023-07-11 13:50:00,2023,7,11,13,50,75,75109,RUE LE PELETIER,48.875887,2.339857,Plein jour,En agglomération,Intersection en X,Normale,Autre collision,4,2, -1,0,1,1,1,0,1,30,2,2,1,0,0,1,25.0,55.0,utilitaire_camion,deux_roues,1,2,2,1,6
202300006605,2023-07-11 13:50:00,2023,7,11,13,50,75,75109,RUE LE PELETIER,48.875887,2.339857,Plein jour,En agglomération,Intersection en X,Normale,Autre collision,4,1,1,0,1,1,1,0,1,30,2,2,1,0,0,1,25.0,55.0,utilitaire_camion,deux_roues,1,2,2,1,6
202300006606,2023-03-23 20:50:00,2023,3,23,20,50,94,94028,Avenue Pierre Brossolette,48.78937,2.46545,Nuit avec éclairage allumé,En agglomération,Intersection en T,Pluie légère,Deux véhicules - côté,3,3,4,0,1,1,2,0,1,50,2,4,3,0,0,1,57.0,73.0,deux_roues,voiture,5,2,3,2,3
202300006606,2023-03-23 20:50:00,2023,3,23,20,50,94,94028,Avenue Pierre Brossolette,48.78937,2.46545,Nuit avec éclairage allumé,En agglomération,Intersection en T,Pluie légère,Deux véhicules - côté,3,1,1,0,1,1,2,0,1,-1,2,4,3,0,0,1,57.0,73.0,deux_roues,voiture,5,2,3,2,3
202300006607,2023-11-25 23:10:00,2023,11,25,23,10,63,63072,A89 - PK 447+500 - Sens LYON/CLERMONT-FERRAND,45.86955721,3.70821287,Nuit sans éclairage public,Hors agglomération,Hors intersection,Pluie légère,Sans collision,1,3,4,0,2,2,2,0,1,110,1,5,3,0,2,0,28.0,,voiture,,3,1,1,2,7
202300006608,2023-03-23 08:30:00,2023,3,23,8,30,93,93008,AUTOROUTE A86,48.91000889,2.44512121,Plein jour,Hors agglomération,Hors intersection,Normale,Deux véhicules - côté,1,3,6,0,1,1,1,1,1,90,2,2,1,0,0,1,53.0,39.0,voiture,utilitaire_camion,1,1,1,1,3
202300006609,2023-10-24 18:20:00,2023,10,24,18,20,73,73225,D12 Route des goulettes,45.537571,5.950183,Plein jour,En agglomération,Hors intersection,Normale,Deux véhicules - frontale,3,2,2,0,2,2,2,0,1,50,2,2,1,0,1,0,45.0,9.0,voiture,deux_roues,1,2,1,1,1
202300006610,2023-11-26 04:15:00,2023,11,26,4,15,971,97112,Ducos,15.88977,-61.304129,Nuit sans éclairage public,Hors agglomération,Hors intersection,Normale,Autre collision,3,2,2,0,2,2,1,0,1,70,1,1,0,0,1,0,26.0,,deux_roues,,3,1,1,1,6
202300006611,2023-06-05 06:55:00,2023,6,5,6,55,49,49007,DE LATTRE DE TASSIGNY,47.44824,-0.5386,Plein jour,En agglomération,Giratoire,Normale,Deux véhicules - côté,4,1,2,0,1,3,1,0,1,30,2,2,1,0,0,1,71.0,43.0,deux_roues,voiture,1,2,6,1,3
202300006611,2023-06-05 06:55:00,2023,6,5,6,55,49,49007,DE LATTRE DE TASSIGNY,47.44824,-0.5386,Plein jour,En agglomération,Giratoire,Normale,Deux véhicules - côté,4,2,4,0,1,3,1,0,1,30,2,2,1,0,0,1,71.0,43.0,deux_roues,voiture,1,2,6,1,3
202300006612,2023-03-22 09:00:00,2023,3,22,9,0,93,93007,AUTOROUTE A1,48.95422,2.45588,Plein jour,Hors agglomération,Hors intersection,Pluie légère,Deux véhicules - côté,1,3,8,0,1,1,2,0,1,110,2,2,1,0,0,1,40.0,24.0,deux_roues,voiture,1,1,1,2,3
202300006613,2023-02-20 15:25:00,2023,2,20,15,25,81,81311,,43.74950504,2.19757944,Plein jour,En agglomération,Hors intersection,Normale,Sans collision,3,2,2,-1,2,1,1,0,1,50,1,1,0,1,0,0,61.0,,deux_roues,,1,2,1,1,7
202300006614,2023-07-11 00:15:00,2023,7,11,0,15,75,75109,BOULEVARD DES CAPUCINES,48.869926,2.328001,Nuit avec éclairage allumé,En agglomération,Intersection en X,Normale,Autre collision,4,2,2,0,1,1,1,0,1,30,1,1,0,0,0,1,30.0,,deux_roues,,5,2,2,1,6
202300006614,2023-07-11 00:15:00,2023,7,11,0,15,75,75109,BOULEVARD DES CAPUCINES,48.869926,2.328001,Nuit avec éclairage allumé,En agglomération,Intersection en X,Normale,Autre collision,4,-1, -1,0,1,1,1,0,1,30,1,1,0,0,0,1,30.0,,deux_roues,,5,2,2,1,6
202300006615,2023-03-21 22:00:00,2023,3,21,22,0,95,95527, A1,48.99732912,2.5185583,Nuit sans éclairage public,Hors agglomération,Hors intersection,Normale,Trois véhicules et plus - en chaîne,1,3,6,0,1,1,1,0,1,110,3,3,2,0,0,1,31.0,39.0,voiture,voiture,3,1,1,1,4
202300006616,2023-11-25 18:00:00,2023,11,25,18,0,971,97115,route nationale 2,16.267666,-61.649641,Nuit avec éclairage allumé,Hors agglomération,Intersection en X,Normale,Deux véhicules - côté,2,2,2,0,1,1,1,0,1,80,2,3,1,1,0,1,74.0,31.0,voiture,deux_roues,5,1,2,1,3
202300006616,2023-11-25 18:00:00,2023,11,25,18,0,971,97115,route nationale 2,16.267666,-61.649641,Nuit avec éclairage allumé,Hors agglomération,Intersection en X,Normale,Deux véhicules - côté,2,2,2,0,1,1,1,0,1,80,2,3,1,1,0,1,74.0,31.0,voiture,deux_roues,5,1,2,1,3
202300006617,2023-06-04 18:10:00,2023,6,4,18,10,49,49246,CHAUVIN AVENUE,47.43347,-0.52971,Plein jour,En agglomération,Giratoire,Normale,Deux véhicules - côté,3,2,2,0,1,3,1,0,1,30,2,2,1,0,0,1,18.0,51.0,deux_roues,voiture,1,2,6,1,3
202300006617,2023-06-04 18:10:00,2023,6,4,18,10,49,49246,CHAUVIN AVENUE,47.43347,-0.52971,Plein jour,En agglomération,Giratoire,Normale,Deux véhicules - côté,3,2,2,0,1,2,1,0,1,30,2,2,1,0,0,1,18.0,51.0,deux_roues,voiture,1,2,6,1,3
202300006618,2023-07-11 00:51:00,2023,7,11,0,51,75,75107,AVENUE DE LA BOURDONNAIS,48.855791,2.302996,Nuit avec éclairage allumé,En agglomération,Intersection en T,Normale,Autre collision,4,2,2,3,1,1,1,-1,6,30,1,2,1,0,1,0,,,voiture,,5,2,3,1,6
202300006618,2023-07-11 00:51:00,2023,7,11,0,51,75,75107,AVENUE DE LA BOURDONNAIS,48.855791,2.302996,Nuit avec éclairage allumé,En agglomération,Intersection en T,Normale,Autre collision,4,2, -1,3,1,1,1,-1,6,30,1,2,1,0,1,0,,,voiture,,5,2,3,1,6
202300006619,2023-11-25 22:32:00,2023,11,25,22,32,977,97701,"RT 209, Lieu dit Saint Jean",17.91723412,-62.85441399,Nuit sans éclairage public,En agglomération,Giratoire,Normale,Deux véhicules - frontale,2,2,2,0,1,1,1,0,1,-1,2,2,1,0,1,0,20.0,24.0,deux_roues,deux_roues,3,2,6,1,1
202300006620,2023-03-22 07:00:00,2023,3,22,7,0,94,94015,A4,48.82945356,2.52827231,Plein jour,Hors agglomération,Hors intersection,Normale,Deux véhicules - arrière,1,-1,4,0,1,1,1,0,1,90,2,2,1,0,0,1,57.0,35.0,voiture,deux_roues,1,1,1,1,2
202300006621,2023-06-05 10:36:00,2023,6,5,10,36,47,47201,BENAZIE (RUE DE LA),44.19396,0.60707,Plein jour,En agglomération,Intersection en T,Normale,Deux véhicules - arrière,3,1,1,0,1,1,1,0,8,50,2,2,1,0,0,1,40.0,33.0,voiture,deux_roues,1,2,3,1,2
202300006621,2023-06-05 10:36:00,2023,6,5,10,36,47,47201,BENAZIE (RUE DE LA),44.19396,0.60707,Plein jour,En agglomération,Intersection en T,Normale,Deux véhicules - arrière,3,2,2,0,1,1,1,0,1,50,2,2,1,0,0,1,40.0,33.0,voiture,deux_roues,1,2,3,1,2
202300006622,2023-07-11 15:10:00,2023,7,11,15,10,75,75104,RUE SAINT ANTOINE,48.853742,2.365679,Plein jour,En agglomération,Intersection en X,Normale,Autre collision,4,1,1,0,1,1,1,0,5,30,1,2,1,0,0,1,21.0,,deux_roues,,1,2,2,1,6
202300006622,2023-07-11 15:10:00,2023,7,11,15,10,75,75104,RUE SAINT ANTOINE,48.853742,2.365679,Plein jour,En agglomération,Intersection en X,Normale,Autre collision,4,2,4,1,1,1,1,0,5,30,1,2,1,0,0,1,21.0,,deux_roues,,1,2,2,1,6
202300006623,2023-06-05 07:15:00,2023,6,5,7,15,44,44109,Route de Paris,47.26023,-1.49927,Plein jour,En agglomération,Hors intersection,Temps éblouissant,Autre collision,4,3,4,0,1,1,1,5,1,70,1,2,1,0,1,0,44.0,,voiture,,1,2,1,7,6
202300006624,2023-11-25 10:35:00,2023,11,25,10,35,977,97701,Route de Colombier,17.911255,-62.85244,Plein jour,En agglomération,Hors intersection,Normale,Sans collision,3,2,2,0,2,1,1,0,8,50,2,2,1,0,1,0,33.0,58.0,voiture,deux_roues,1,2,1,1,7
202300006625,2023-03-22 10:20:00,2023,3,22,10,20,54,54528,Rue de Verdun,48.6894,5.9006,Plein jour,En agglomération,Intersection en T,Normale,Deux véhicules - côté,3,2, -1,0,1,1,1,0,1,50,2,2,0,0,0,2,35.0,74.0,voiture,voiture,1,2,3,1,3
202300006625,2023-03-22 10:20:00,2023,3,22,10,20,54,54528,Rue de Verdun,48.6894,5.9006,Plein jour,En agglomération,Intersection en T,Normale,Deux véhicules - côté,3,2,2,0,1,1,1,0,1,50,2,2,0,0,0,2,35.0,74.0,voiture,voiture,1,2,3,1,3
202300006626,2023-07-11 09:45:00,2023,7,11,9,45,75,75101,RUE DE RIVOLI,48.862747,2.33538,Plein jour,En agglomération,Intersection en X,Normale,Deux véhicules - arrière,4,1,4,3,1,1,1,0,1,30,2,2,1,0,0,1,,45.0,deux_roues,deux_roues,1,2,2,1,2
202300006626,2023-07-11 09:45:00,2023,7,11,9,45,75,75101,RUE DE RIVOLI,48.862747,2.33538,Plein jour,En agglomération,Intersection en X,Normale,Deux véhicules - arrière,4,2,3,3,1,1,1,0,1,30,2,2,1,0,0,1,,45.0,deux_roues,deux_roues,1,2,2,1,2
202300006627,2023-06-05 19:10:00,2023,6,5,19,10,43,43157,Rue de la Ronzade,45.040549,3.879175,Plein jour,En agglomération,Hors intersection,Temps couvert,Sans collision,4,1,1,0,2,1,2,0,1,50,1,1,0,0,0,1,53.0,,deux_roues,,1,2,1,8,7
202300006628,2023-11-21 17:30:00,2023,11,21,17,30,977,97701,RT209,17.904109,-62.84773,Plein jour,En agglomération,Hors intersection,Normale,Deux véhicules - frontale,3,2,2,0,2,1,1,0,1,30,2,2,1,0,1,0,,27.0,voiture,deux_roues,1,2,1,1,1
202300006629,2023-03-22 15:30:00,2023,3,22,15,30,06,06029,HIBERT (BOULEVARD JEAN),43.54827,7.01008,Plein jour,En agglomération,Hors intersection,Normale,Autre collision,4,2,2,0,1,1,1,0,1,50,1,2,1,0,0,1,57.0,,deux_roues,,1,2,1,1,6
202300006630,2023-07-11 18:30:00,2023,7,11,18,30,94,94081,Impasse André Kommer,48.78288723,2.37676187,Plein jour,En agglomération,Hors intersection,Normale,Autre collision,4,2,2,0,1,1,1,0,1,30,1,2,1,0,0,1,56.0,,voiture,,1,2,1,1,6
202300006631,2023-05-08 19:50:00,2023,5,8,19,50,42,42218,Rue de la Chance,45.44039,4.40357,Plein jour,En agglomération,Intersection en X,Pluie légère,Deux véhicules - côté,4,1,1,0,1,1,2,0,1,50,2,2,1,0,0,1,16.0,,deux_roues,utilitaire_camion,1,2,2,2,3
202300006631,2023-05-08 19:50:00,2023,5,8,19,50,42,42218,Rue de la Chance,45.44039,4.40357,Plein jour,En agglomération,Intersection en X,Pluie légère,Deux véhicules - côté,4,1,1,0,1,1,2,0,1,50,2,2,1,0,0,1,16.0,,deux_roues,utilitaire_camion,1,2,2,2,3
202300006632,2023-07-11 15:40:00,2023,7,11,15,40,94,94081,GABRIEL PERI (R),48.78972796,2.40270406,Plein jour,En agglomération,Hors intersection,Normale,Autre collision,4,-1,0,0,1,1,1,9,1,50,1,2,1,0,0,1,60.0,,voiture,,1,2,1,1,6
202300006633,2023-11-26 01:05:00,2023,11,26,1,5,33,33199,Domaine de la Forge,44.604661,-1.1058,Nuit sans éclairage public,En agglomération,Hors intersection,Normale,Autre collision,4,2,2,0,1,1,1,0,1,50,1,1,0,0,1,0,25.0,,voiture,,3,2,1,1,6
202300006634,2023-07-11 09:40:00,2023,7,11,9,40,94,94041,Bd Paul Vaillant Couturier,48.81797813,2.39818635,Plein jour,En agglomération,Hors intersection,Normale,Autre collision,4,2,3,3,1,1,1,0,6,50,1,2,1,0,0,1,30.0,,transport_commun,,1,2,1,1,6
202300006635,2023-06-05 19:37:00,2023,6,5,19,37,42,42187,Boulevard Baron du Marais,46.04354,4.06772,Plein jour,En agglomération,Giratoire,Normale,Deux véhicules - côté,4,2,2,0,1,2,1,5,1,50,2,2,1,0,0,1,34.0,55.0,voiture,deux_roues,1,2,6,1,3
202300006635,2023-06-05 19:37:00,2023,6,5,19,37,42,42187,Boulevard Baron du Marais,46.04354,4.06772,Plein jour,En agglomération,Giratoire,Normale,Deux véhicules - côté,4,2,2,0,1,2,1,5,1,50,2,2,1,0,0,1,34.0,55.0,voiture,deux_roues,1,2,6,1,3
202300006635,2023-06-05 19:37:00,2023,6,5,19,37,42,42187,Boulevard Baron du Marais,46.04354,4.06772,Plein jour,En agglomération,Giratoire,Normale,Deux véhicules - côté,4,1,1,0,1,2,1,5,1,50,2,2,1,0,0,1,34.0,55.0,voiture,deux_roues,1,2,6,1,3
202300006636,2023-10-13 16:40:00,2023,10,13,16,40,32,32013,GUYNEMER,43.64657,0.58062,Plein jour,En agglomération,Intersection en T,Normale,Autre collision,4,2,2,0,1,1,1,0,1,50,1,2,1,0,0,1,22.0,,voiture,,1,2,3,1,6
202300006636,2023-10-13 16:40:00,2023,10,13,16,40,32,32013,GUYNEMER,43.64657,0.58062,Plein jour,En agglomération,Intersection en T,Normale,Autre collision,4,2,2,0,1,1,1,0,1,50,1,2,1,0,0,1,22.0,,voiture,,1,2,3,1,6
202300006637,2023-07-11 08:10:00,2023,7,11,8,10,94,94065,N186B,48.75378107,2.36232126,Plein jour,En agglomération,Hors intersection,Normale,Trois véhicules et plus - collisions multiples,2,1,2,0,1,1,1,0,1,70,3,3,1,0,0,2,39.0,21.0,voiture,voiture,1,2,1,1,5
202300006638,2023-06-05 08:30:00,2023,6,5,8,30,41,41018,BART (RUE JEAN),47.58934,1.30808,Plein jour,En agglomération,Intersection en T,Normale,Deux véhicules - frontale,4,2,2,0,1,1,1,0,1,30,2,2,1,0,1,0,42.0,34.0,voiture,deux_roues,1,2,3,1,1
202300006638,2023-06-05 08:30:00,2023,6,5,8,30,41,41018,BART (RUE JEAN),47.58934,1.30808,Plein jour,En agglomération,Intersection en T,Normale,Deux véhicules - frontale,4,2,2,0,1,1,1,0,1,50,2,2,1,0,1,0,42.0,34.0,voiture,deux_roues,1,2,3,1,1
202300006639,2023-03-22 12:50:00,2023,3,22,12,50,976,97611,doujani-Mouhindi Hassani (rue ),-12.79529,45.21617,Plein jour,En agglomération,Hors intersection,Normale,Autre collision,4,3,2,0,1,1,1,6,1,50,1,2,1,0,0,1,30.0,,deux_roues,,1,2,1,1,6
202300006640,2023-10-11 14:20:00,2023,10,11,14,20,17,17449,ALSACE LORRAINE RUE,45.943068,-0.8895874,Plein jour,En agglomération,Hors intersection,Normale,Autre collision,4,2,2,0,1,1,1,0,1,50,1,2,1,0,1,0,70.0,,voiture,,1,2,1,1,6
202300006641,2023-07-11 08:30:00,2023,7,11,8,30,94,94011,Av. du Maréchal Leclerc,48.77315,2.49084,Plein jour,En agglomération,Autre intersection,Normale,Deux véhicules - frontale,3,2,6,0,1,1,1,8,1,50,2,2,0,0,1,1,53.0,49.0,deux_roues,voiture,1,2,9,1,1
202300006641,2023-07-11 08:30:00,2023,7,11,8,30,94,94011,Av. du Maréchal Leclerc,48.77315,2.49084,Plein jour,En agglomération,Autre intersection,Normale,Deux véhicules - frontale,3,2,6,0,1,1,1,8,1,50,2,2,0,0,1,1,53.0,49.0,deux_roues,voiture,1,2,9,1,1
202300006642,2023-11-26 03:30:00,2023,11,26,3,30,37,37091,135 rue de Chenonceaux,47.33680606,1.0088625,Nuit sans éclairage public,Hors agglomération,Hors intersection,Brouillard / fumée,Autre collision,3,2,2,0,1,3,2,0,1,80,1,1,0,1,0,0,22.0,,voiture,,3,1,1,5,6
202300006643,2023-06-05 19:20:00,2023,6,5,19,20,37,37233,FARGES (AVENUE YVES),47.38673,0.74512,Plein jour,En agglomération,Hors intersection,Temps éblouissant,Deux véhicules - côté,4,1,1,0,1,3,1,5,1,50,2,2,1,0,0,1,55.0,49.0,voiture,deux_roues,1,2,1,7,3
202300006644,2023-08-19 01:10:00,2023,8,19,1,10,14,14118,N814,49.1967,-0.39616,Nuit avec éclairage non allumé,En agglomération,Hors intersection,Pluie légère,Autre collision,2,1,1,0,2,3,2,3,1,50,1,1,0,0,1,0,20.0,,voiture,,4,2,1,2,6