accident_id,datetime,annee,mois,jour,heure,minute,departement,commune_insee,adresse,latitude,longitude,luminosite,agglomeration,intersection,meteo,collision,catr,circ,nbv,vosp,prof,plan,surf,infra,situ,vma,nb_vehicules,nb_usagers,nb_indemnes,nb_tues,nb_blesses_hosp,nb_blesses_legers,age_cond_1,age_cond_2,veh_type_cond_1,veh_type_cond_2,lum_code,agg_code,int_code,atm_code,col_code
202300006792,2023-04-22 18:20:00,2023,4,22,18,20,62,62108,Rue du Docteur Victor Ménard,50.4046604,1.56316665,Plein jour,En agglomération,Intersection en X,Normale,Autre collision,4,2,2,0,1,1,1,6,1,50,1,12,2,0,9,1,76.0,,voiture,,1,2,2,1,6
202300006793,2023-06-06 08:33:00,2023,6,6,8,33,18,18279,62 avenue maréchal philippe leclerc de hauteclocque,47.20836,2.05175,Plein jour,En agglomération,Hors intersection,Normale,Deux véhicules - frontale,3,2,2,0,1,1,1,0,3,50,2,2,1,0,1,0,57.0,32.0,utilitaire_camion,deux_roues,1,2,1,1,1
202300006794,2023-11-25 02:45:00,2023,11,25,2,45,94,94017,A4,48.83020089,2.495767,Nuit sans éclairage public,Hors agglomération,Hors intersection,Normale,Autre collision,1,3,5,0,1,1,1,0,1,90,1,2,0,0,0,2,26.0,,voiture,,3,1,1,1,6
202300006795,2023-03-21 18:10:00,2023,3,21,18,10,63,63113,Rd-pt Brézet (Brézet/Blériot),45.78829375,3.13949883,Plein jour,En agglomération,Giratoire,Normale,Deux véhicules - côté,7,2,2,0,1,1,1,5,1,50,2,2,1,0,0,1,24.0,27.0,voiture,voiture,1,2,6,1,3
202300006795,2023-03-21 18:10:00,2023,3,21,18,10,63,63113,Rd-pt Brézet (Brézet/Blériot),45.78829375,3.13949883,Plein jour,En agglomération,Giratoire,Normale,Deux véhicules - côté,7,2,2,0,1,1,1,5,1,50,2,2,1,0,0,1,24.0,27.0,voiture,voiture,1,2,6,1,3
202300006796,2023-08-18 10:05:00,2023,8,18,10,5,06,06030,VALBONNE (ROUTE  DE),43.57827,7.01718,Plein jour,En agglomération,Hors intersection,Normale,Deux véhicules - côté,4,1,1,0,1,3,1,0,1,30,2,3,1,0,0,2,53.0,59.0,voiture,deux_roues,1,2,1,1,3
202300006797,2023-07-11 15:50:00,2023,7,11,15,50,56,56232,La Grae,47.677391,-2.126477,Plein jour,Hors agglomération,Intersection en X,Normale,Trois véhicules et plus - collisions multiples,3,2,2,0,2,1,1,5,1,70,3,7,4,0,3,0,83.0,54.0,voiture,voiture,1,1,2,1,5
202300006797,2023-07-11 15:50:00,2023,7,11,15,50,56,56232,La Grae,47.677391,-2.126477,Plein jour,Hors agglomération,Intersection en X,Normale,Trois véhicules et plus - collisions multiples,3,2,2,-1,1,1,1,0,1,-1,3,7,4,0,3,0,83.0,54.0,voiture,voiture,1,1,2,1,5
202300006798,2023-11-14 17:53:00,2023,11,14,17,53,74,74118,DEPORTES (ROUTE DES ),46.1821,6.23003,Crépuscule ou aube,En agglomération,Hors intersection,Pluie légère,Deux véhicules - arrière,4,2,2,3,1,3,2,2,1,50,2,2,1,0,0,1,33.0,34.0,utilitaire_camion,deux_roues,2,2,1,2,2
202300006799,2023-06-05 17:52:00,2023,6,5,17,52,18,18033,36 Rue Pasteur John Bost,47.11966,2.41265,Plein jour,En agglomération,Hors intersection,Normale,Autre collision,3,2,0,0,4,1,1,0,1,50,1,2,1,0,1,0,18.0,,voiture,,1,2,1,1,6
202300006800,2023-08-19 01:30:00,2023,8,19,1,30,06,06027,PLAGE BOULEVARD DE LA,43.650273,7.151256,Nuit avec éclairage allumé,En agglomération,Autre intersection,Normale,Autre collision,7,2,3,0,1,1,1,0,1,50,1,1,0,0,1,0,52.0,,deux_roues,,5,2,9,1,6
202300006801,2023-03-11 18:10:00,2023,3,11,18,10,59,59350,Avenue Beethoven,50.62052,3.03486,Plein jour,En agglomération,Hors intersection,Normale,Deux véhicules - arrière,7,1,2,3,1,1,1,0,1,50,2,2,1,0,0,1,45.0,26.0,voiture,voiture,1,2,1,1,2
202300006802,2023-10-20 20:15:00,2023,10,20,20,15,74,74208,Rn 205,45.9140441,6.71776573,Nuit sans éclairage public,Hors agglomération,Hors intersection,Pluie légère,Autre collision,2,4,2,0,1,2,2,9,2,90,1,1,0,0,0,1,32.0,,voiture,,3,1,1,2,6
202300006803,2023-11-24 20:00:00,2023,11,24,20,0,94,94065,N186,48.75372695,2.35565731,Nuit sans éclairage public,Hors agglomération,Hors intersection,Normale,Trois véhicules et plus - collisions multiples,2,3,3,0,1,1,1,0,1,90,3,3,2,0,0,1,19.0,40.0,deux_roues,voiture,3,1,1,1,5
202300006804,2023-07-11 18:30:00,2023,7,11,18,30,80,80019,D936,49.959953,1.909858,Plein jour,Hors agglomération,Hors intersection,Normale,Autre collision,3,2,2,0,1,1,1,0,1,-1,2,2,1,0,0,1,64.0,50.0,voiture,voiture,1,1,1,1,6
202300006805,2023-03-20 22:11:00,2023,3,20,22,11,52,52121,REPUBLIQUE (AVENUE),48.10079157,5.14476849,Nuit avec éclairage allumé,En agglomération,Hors intersection,Normale,Deux véhicules - frontale,3,2,2,1,1,1,1,0,1,50,2,2,1,0,1,0,21.0,21.0,voiture,deux_roues,5,2,1,1,1
202300006806,2023-08-17 22:40:00,2023,8,17,22,40,06,06123,MER AVENUE DE LA,43.65664,7.17858,Nuit avec éclairage allumé,En agglomération,Hors intersection,Normale,Trois véhicules et plus - collisions multiples,7,1,4,0,1,1,1,0,1,50,3,3,2,0,0,1,32.0,50.0,deux_roues,voiture,5,2,1,1,5
202300006807,2023-05-23 19:30:00,2023,5,23,19,30,15,15014,CARMES (RUE DES),44.923319,2.44036,Plein jour,En agglomération,Giratoire,Normale,Deux véhicules - arrière,4,-1,1,0,1,2,1,0,1,30,2,2,1,0,0,1,41.0,23.0,voiture,deux_roues,1,2,6,1,2
202300006807,2023-05-23 19:30:00,2023,5,23,19,30,15,15014,CARMES (RUE DES),44.923319,2.44036,Plein jour,En agglomération,Giratoire,Normale,Deux véhicules - arrière,4,2,2,0,2,3,1,0,1,30,2,2,1,0,0,1,41.0,23.0,voiture,deux_roues,1,2,6,1,2
202300006808,2023-11-17 15:55:00,2023,11,17,15,55,74,74012,AMOUREUX (RUE DES),46.19022,6.233,Plein jour,En agglomération,Giratoire,Normale,Deux véhicules - arrière,4,1,1,0,1,2,1,0,1,30,2,2,1,0,0,1,42.0,57.0,voiture,voiture,1,2,6,1,2
202300006809,2023-07-10 20:20:00,2023,7,10,20,20,65,65467,route du hautacam,42.982714,-0.037036,Crépuscule ou aube,Hors agglomération,Hors intersection,Normale,Autre collision,3,2,2,0,2,2,1,0,3,80,1,1,0,0,1,0,23.0,,deux_roues,,2,1,1,1,6
202300006810,2023-11-24 12:36:00,2023,11,24,12,36,987,98735,DESTREMEAU (RUE URANIE),17.54629,149.5,Plein jour,En agglomération,Hors intersection,Normale,Autre collision,2,1,2,0,1,1,1,0,1,50,2,2,1,0,1,0,51.0,53.0,deux_roues,transport_commun,1,2,1,1,6
202300006811,2023-07-11 22:30:00,2023,7,11,22,30,33,33193,Route de l?Ocean,45.434313,-1.150882,Nuit avec éclairage non allumé,Hors agglomération,Hors intersection,Normale,Autre collision,6,-1, -1,0,1,1,1,9,1,-1,1,1,0,0,1,0,17.0,,deux_roues,,4,1,1,1,6
202300006812,2023-03-22 16:00:00,2023,3,22,16,0,51,51454,rue des Crayères,49.24307,4.05831,Plein jour,En agglomération,Intersection en T,Normale,Autre collision,4,2,2,0,1,2,2,0,1,50,1,2,1,0,0,1,29.0,,voiture,,1,2,3,1,6
202300006812,2023-03-22 16:00:00,2023,3,22,16,0,51,51454,rue des Crayères,49.24307,4.05831,Plein jour,En agglomération,Intersection en T,Normale,Autre collision,4,1,2,-1,1,1,2,0,1,-1,1,2,1,0,0,1,29.0,,voiture,,1,2,3,1,6
202300006813,2023-08-16 09:31:00,2023,8,16,9,31,06,06027,JUIN BOULEVARD MARECHAL,43.661299,7.150676,Plein jour,En agglomération,Intersection en T,Normale,Autre collision,4,-1, -1,-1,1,1,1,0,1,-1,1,2,1,1,0,0,86.0,,voiture,,1,2,3,1,6
202300006813,2023-08-16 09:31:00,2023,8,16,9,31,06,06027,JUIN BOULEVARD MARECHAL,43.661299,7.150676,Plein jour,En agglomération,Intersection en T,Normale,Autre collision,4,1,2,0,1,1,1,9,1,30,1,2,1,1,0,0,86.0,,voiture,,1,2,3,1,6
202300006814,2023-11-17 16:45:00,2023,11,17,16,45,74,74012,THONON (ROUTE DE),46.19745,6.26719,Crépuscule ou aube,En agglomération,Hors intersection,Normale,Deux véhicules - arrière,4,2,3,0,1,1,1,0,1,50,2,2,1,0,0,1,34.0,41.0,deux_roues,voiture,2,2,1,1,2
202300006815,2023-07-10 20:30:00,2023,7,10,20,30,11,11116,D1118,43.244492,3.022517,Plein jour,Hors agglomération,Hors intersection,Normale,Sans collision,3,2,2,0,1,1,1,0,8,-1,1,1,0,1,0,0,46.0,,voiture,,1,1,1,1,7
202300006816,2023-11-24 08:45:00,2023,11,24,8,45,976,97611,tsoundzou-Mangadzia  Tsoundzou 2 (rue ),-12.815123,45.198113,Plein jour,Hors agglomération,Hors intersection,Normale,Deux véhicules - côté,2,2,2,0,2,4,1,0,8,50,2,2,1,0,0,1,26.0,27.0,deux_roues,deux_roues,1,1,1,1,3
202300006817,2023-08-13 14:06:00,2023,8,13,14,6,04,04070,chaffaut ( route du ),44.06244,6.1795,Plein jour,Hors agglomération,Intersection en Y,Normale,Autre collision,3,2,2,0,1,3,1,1,3,80,1,1,0,0,0,1,79.0,,voiture,,1,1,4,1,6
202300006817,2023-08-13 14:06:00,2023,8,13,14,6,04,04070,chaffaut ( route du ),44.06244,6.1795,Plein jour,Hors agglomération,Intersection en Y,Normale,Autre collision,3,-1,2,0,1,1,1,0,3,50,1,1,0,0,0,1,79.0,,voiture,,1,1,4,1,6
202300006818,2023-11-06 07:30:00,2023,11,6,7,30,54,54149,D27,49.44739,5.91872,Plein jour,Hors agglomération,Intersection en T,Temps couvert,Deux véhicules - arrière,3,2,2,0,1,1,1,0,1,80,2,2,1,0,0,1,32.0,48.0,utilitaire_camion,voiture,1,1,3,8,2
202300006818,2023-11-06 07:30:00,2023,11,6,7,30,54,54149,D27,49.44739,5.91872,Plein jour,Hors agglomération,Intersection en T,Temps couvert,Deux véhicules - arrière,3,2,2,0,1,1,1,0,1,80,2,2,1,0,0,1,32.0,48.0,utilitaire_camion,voiture,1,1,3,8,2
202300006819,2023-07-10 09:48:00,2023,7,10,9,48,11,11014,D31,43.194962,3.06952,Plein jour,Hors agglomération,Hors intersection,Normale,Deux véhicules - côté,3,2,2,0,1,1,1,0,1,80,2,3,2,0,1,0,29.0,39.0,voiture,deux_roues,1,1,1,1,3
202300006820,2023-10-28 20:51:00,2023,10,28,20,51,54,54096,D27,49.44664,5.90054,Nuit sans éclairage public,Hors agglomération,Hors intersection,Pluie légère,Sans collision,3,2,2,0,1,1,2,0,3,80,1,1,0,0,0,1,19.0,,voiture,,3,1,1,2,7
202300006821,2023-08-19 10:28:00,2023,8,19,10,28,03,03185,Rue Stephane Servant,46.33722,2.59996,Plein jour,En agglomération,Hors intersection,Normale,Autre collision,4,2,2,0,1,1,1,0,4,50,1,2,1,0,1,0,63.0,,voiture,,1,2,1,1,6
202300006822,2023-07-12 07:10:00,2023,7,12,7,10,12,12203,RD 999,43.978784,2.965053,Plein jour,Hors agglomération,Hors intersection,Normale,Autre collision,3,2,2,0,1,3,1,0,3,90,1,1,0,1,0,0,25.0,,deux_roues,,1,1,1,1,6
202300006823,2023-11-24 06:30:00,2023,11,24,6,30,974,97416,L'ENTRE DEUX(ROUTE DE),-21.30313,55.43065,Plein jour,En agglomération,Intersection en T,Normale,Deux véhicules - côté,3,2,2,0,1,1,1,0,1,50,2,2,1,0,0,1,30.0,32.0,deux_roues,voiture,1,2,3,1,3
202300006823,2023-11-24 06:30:00,2023,11,24,6,30,974,97416,L'ENTRE DEUX(ROUTE DE),-21.30313,55.43065,Plein jour,En agglomération,Intersection en T,Normale,Deux véhicules - côté,3,2,2,0,1,1,1,0,1,70,2,2,1,0,0,1,30.0,32.0,deux_roues,voiture,1,2,3,1,3
202300006824,2023-06-06 12:55:00,2023,6,6,12,55,13,13203,PLOMBIERES (BOULEVARD DES),43.3162,5.38359,Plein jour,En agglomération,Hors intersection,Normale,Deux véhicules - côté,4,1,2,0,1,1,1,0,1,50,2,3,1,0,0,2,,18.0,voiture,deux_roues,1,2,1,1,3
202300006825,2023-12-08 17:30:00,2023,12,8,17,30,971,97106,"Section Thomas, RN2",16.111081,-61.772577,Plein jour,Hors agglomération,Hors intersection,Normale,Deux véhicules - frontale,2,2,2,0,2,1,1,0,1,70,2,2,0,0,1,1,80.0,70.0,voiture,voiture,1,1,1,1,1
202300006826,2023-08-17 17:40:00,2023,8,17,17,40,75,75112,PORTE DE CHARENTON,48.828353,2.397596,Plein jour,En agglomération,Hors intersection,Normale,Deux véhicules - arrière,4,1,4,0,1,1,1,0,1,70,2,2,1,0,0,1,23.0,25.0,deux_roues,voiture,1,2,1,1,2
202300006827,2023-07-11 14:15:00,2023,7,11,14,15,42,42224,Rue du Feuillage,45.34304,4.424913,Plein jour,En agglomération,Hors intersection,Normale,Autre collision,3,2,2,0,1,2,1,0,1,50,1,1,0,0,0,1,58.0,,deux_roues,,1,2,1,1,6
202300006828,2023-05-31 08:15:00,2023,5,31,8,15,11,11262,18 Boulevard de 1830,43.19032,3.01784,Plein jour,En agglomération,Hors intersection,Normale,Autre collision,4,1,1,0,1,3,1,0,1,50,1,2,1,0,1,0,32.0,,voiture,,1,2,1,1,6
202300006829,2023-03-21 07:20:00,2023,3,21,7,20,51,51454,boulevard Joffre,49.2616,4.02929,Plein jour,En agglomération,Hors intersection,Normale,Trois véhicules et plus - en chaîne,4,3,6,0,1,1,1,-1,1,50,7,9,6,0,0,3,47.0,26.0,utilitaire_camion,utilitaire_camion,1,2,1,1,4
202300006830,2023-08-16 16:50:00,2023,8,16,16,50,75,75115,BOULEVARD PERIPHERIQUE EXTERIEUR,48.827973,2.290836,Plein jour,En agglomération,Hors intersection,Normale,Deux véhicules - arrière,4,1,3,0,1,1,1,0,1,70,2,2,1,0,0,1,22.0,22.0,utilitaire_camion,deux_roues,1,2,1,1,2
202300006831,2023-12-13 20:35:00,2023,12,13,20,35,13,13026,A55-Sens Marseille vers Martigues,43.38346,5.15308,Nuit sans éclairage public,Hors agglomération,Hors intersection,Normale,Deux véhicules - arrière,1,3,2,0,1,1,1,0,1,110,2,2,1,0,0,1,43.0,49.0,voiture,voiture,3,1,1,1,2
202300006832,2023-11-24 08:00:00,2023,11,24,8,0,974,97411,JAURES (BLD 2 JEAN),-20.89191,55.46759,Plein jour,En agglomération,Hors intersection,Normale,Deux véhicules - côté,2,1,3,0,1,1,1,0,1,50,2,2,1,0,0,1,59.0,26.0,voiture,deux_roues,1,2,1,1,3
202300006833,2023-07-10 19:00:00,2023,7,10,19,0,47,47052,Rue de Veyries,44.314691,0.088202,Plein jour,En agglomération,Intersection en X,Normale,Deux véhicules - côté,4,1,1,0,1,1,1,0,1,50,2,2,0,0,0,2,24.0,41.0,deux_roues,deux_roues,1,2,2,1,3
202300006833,2023-07-10 19:00:00,2023,7,10,19,0,47,47052,Rue de Veyries,44.314691,0.088202,Plein jour,En agglomération,Intersection en X,Normale,Deux véhicules - côté,4,1,1,0,1,1,1,0,1,50,2,2,0,0,0,2,24.0,41.0,deux_roues,deux_roues,1,2,2,1,3
202300006834,2023-11-20 08:30:00,2023,11,20,8,30,91,91114,RTE NATIONALE 6,48.684131,2.489325,Plein jour,Hors agglomération,Autre intersection,Normale,Sans collision,3,3,4,0,1,1,1,0,3,90,1,1,0,0,0,1,40.0,,voiture,,1,1,9,1,7
202300006835,2023-05-23 16:15:00,2023,5,23,16,15,11,11262,6 Rue D 'Alger,43.18584,3.01001,Plein jour,En agglomération,Intersection en X,Temps couvert,Deux véhicules - côté,4,1,#VALEURMULTI,0,1,1,1,0,1,30,2,3,2,0,0,1,22.0,16.0,voiture,deux_roues,1,2,2,8,3
202300006836,2023-03-22 22:55:00,2023,3,22,22,55,49,49099,RN 249,47.05966,-0.92413,Nuit sans éclairage public,Hors agglomération,Hors intersection,Pluie légère,Deux véhicules - arrière,2,3,4,0,1,1,2,0,1,110,2,2,1,0,0,1,69.0,40.0,utilitaire_camion,voiture,3,1,1,2,2
202300006837,2023-08-16 18:22:00,2023,8,16,18,22,75,75106,BOULEVARD SAINT GERMAIN,48.852285,2.338753,Plein jour,En agglomération,Intersection en T,Normale,Deux véhicules - arrière,4,1,4,3,1,1,1,0,1,30,2,2,1,0,0,1,39.0,22.0,deux_roues,deux_roues,1,2,3,1,2
202300006837,2023-08-16 18:22:00,2023,8,16,18,22,75,75106,BOULEVARD SAINT GERMAIN,48.852285,2.338753,Plein jour,En agglomération,Intersection en T,Normale,Deux véhicules - arrière,4,-1, -1,-1,1,1,1,0,1,30,2,2,1,0,0,1,39.0,22.0,deux_roues,deux_roues,1,2,3,1,2
202300006838,2023-11-24 16:00:00,2023,11,24,16,0,973,97302,BOULEVARD DES CITES,4.92071,-52.31717,Plein jour,En agglomération,Hors intersection,Normale,Sans collision,4,2,2,0,1,1,1,0,1,50,1,2,1,0,0,1,20.0,,deux_roues,,1,2,1,1,7
202300006839,2023-07-11 16:00:00,2023,7,11,16,0,34,34028,D908,43.59819,3.149772,Plein jour,Hors agglomération,Hors intersection,Normale,Deux véhicules - frontale,3,2,2,0,1,1,1,0,1,90,2,2,1,0,1,0,55.0,19.0,voiture,utilitaire_camion,1,1,1,1,1
202300006840,2023-03-22 01:54:00,2023,3,22,1,54,49,49007,BEAUSSIER BOULEVARD,47.47745,-0.59871,Nuit avec éclairage allumé,En agglomération,Hors intersection,Normale,Sans collision,4,3,4,0,1,1,1,0,1,30,1,1,0,0,0,1,26.0,,deux_roues,,5,2,1,1,7
202300006841,2023-11-24 17:00:00,2023,11,24,17,0,973,97302,MARINGOUINS (ROND-POINT),4.90768834,-52.3220678,Plein jour,En agglomération,Hors intersection,Normale,Sans collision,3,1,2,0,1,2,1,0,1,50,1,2,0,0,0,2,64.0,,deux_roues,,1,2,1,1,7
202300006842,2023-06-06 02:01:00,2023,6,6,2,1,10,10081,JEAN BAPTISTE COLBERT (RUE),48.31794,4.02224,Nuit avec éclairage allumé,En agglomération,Giratoire,Normale,Autre collision,4,2,2,0,1,2,1,0,1,50,1,3,0,0,0,3,24.0,,voiture,,5,2,6,1,6
202300006842,2023-06-06 02:01:00,2023,6,6,2,1,10,10081,JEAN BAPTISTE COLBERT (RUE),48.31794,4.02224,Nuit avec éclairage allumé,En agglomération,Giratoire,Normale,Autre collision,4,2,2,0,1,1,1,0,1,50,1,3,0,0,0,3,24.0,,voiture,,5,2,6,1,6
202300006843,2023-08-18 14:40:00,2023,8,18,14,40,75,75120,RUE SORBIER,48.865535,2.393295,Plein jour,En agglomération,Intersection en Y,Normale,Deux véhicules - côté,4,1, -1,-1,1,1,1,0,1,-1,2,2,1,0,0,1,67.0,16.0,voiture,deux_roues,1,2,4,1,3
202300006843,2023-08-18 14:40:00,2023,8,18,14,40,75,75120,RUE SORBIER,48.865535,2.393295,Plein jour,En agglomération,Intersection en Y,Normale,Deux véhicules - côté,4,2,2,1,2,1,1,0,1,30,2,2,1,0,0,1,67.0,16.0,voiture,deux_roues,1,2,4,1,3
202300006844,2023-12-18 17:45:00,2023,12,18,17,45,59,59009,Rue Jean Jaures,50.65574,3.13275,Nuit sans éclairage public,En agglomération,Autre intersection,Normale,Deux véhicules - frontale,7,3,1,-1,1,1,1,-1,1,-1,2,2,1,0,0,1,35.0,62.0,deux_roues,voiture,3,2,9,1,1
202300006845,2023-07-11 17:50:00,2023,7,11,17,50,31,31017,Coumanios,42.897908,0.698942,Plein jour,Hors agglomération,Hors intersection,Normale,Autre collision,2,2,2,0,1,2,1,0,8,80,1,6,0,0,2,4,60.0,,voiture,,1,1,1,1,6
202300006846,2023-06-06 15:00:00,2023,6,6,15,0,09,09122,20 (R.N.) COTE NORD DU TUNNEL,42.977849,1.62242,Plein jour,Hors agglomération,Hors intersection,Normale,Autre collision,2,1,2,0,1,2,1,0,1,80,1,1,0,0,0,1,38.0,,voiture,,1,1,1,1,6
202300006847,2023-11-24 10:30:00,2023,11,24,10,30,973,97302,14 ET 22 JUIN 1962,4.93341231,-52.32696962,Plein jour,En agglomération,Hors intersection,Pluie légère,Sans collision,4,2,2,0,1,1,2,0,1,50,1,2,1,0,0,1,77.0,,deux_roues,,1,2,1,2,7
202300006848,2023-08-18 16:40:00,2023,8,18,16,40,75,75119,BOULEVARD MACDONALD,48.896704,2.392254,Plein jour,En agglomération,Hors intersection,Normale,Autre collision,4,-1,0,3,3,1,1,6,8,-1,1,2,1,0,0,1,18.0,,voiture,,1,2,1,1,6
202300006849,2023-03-22 00:06:00,2023,3,22,0,6,49,49007,DESJARDIN,47.46796,-0.54651,Nuit avec éclairage allumé,En agglomération,Intersection en X,Normale,Deux véhicules - côté,4,1,1,0,1,1,1,0,1,30,2,3,2,0,0,1,41.0,17.0,voiture,deux_roues,5,2,2,1,3
202300006849,2023-03-22 00:06:00,2023,3,22,0,6,49,49007,DESJARDIN,47.46796,-0.54651,Nuit avec éclairage allumé,En agglomération,Intersection en X,Normale,Deux véhicules - côté,4,1,1,0,1,1,1,0,1,30,2,3,2,0,0,1,41.0,17.0,voiture,deux_roues,5,2,2,1,3
202300006850,2023-01-19 14:45:00,2023,1,19,14,45,92,92048,BANES (RUE) N° 3 A 19,48.8082154,2.2400672,Plein jour,En agglomération,Hors intersection,Normale,Deux véhicules - arrière,4,2,2,0,1,1,1,2,1,30,2,2,1,0,0,1,37.0,45.0,deux_roues,voiture,1,2,1,1,2
202300006851,2023-07-10 11:00:00,2023,7,10,11,0,02,02575,50 Rue Pasteur,49.840044,3.488588,Plein jour,En agglomération,Hors intersection,Normale,Autre collision,3,2,2,0,1,1,1,0,6,50,1,2,1,0,1,0,21.0,,utilitaire_camion,,1,2,1,1,6
202300006852,2023-06-06 09:00:00,2023,6,6,9,0,06,06069,CARNOT (BOULEVARD ET TRAVERSE),43.656689,6.922942,Plein jour,En agglomération,Hors intersection,Normale,Autre collision,3,2,2,0,1,1,1,9,8,30,1,2,1,0,1,0,29.0,,deux_roues,,1,2,1,1,6
202300006853,2023-08-17 21:50:00,2023,8,17,21,50,75,75119,AVENUE DE FLANDRE,48.889587,2.375267,Nuit avec éclairage allumé,En agglomération,Hors intersection,Normale,Autre collision,4,1,2,0,1,1,1,0,1,30,1,3,1,0,0,2,,,deux_roues,,5,2,1,1,6
202300006854,2023-12-21 14:50:00,2023,12,21,14,50,26,26369,rd 94,44.37683576,5.43228865,Plein jour,Hors agglomération,Hors intersection,Normale,Deux véhicules - frontale,3,2,2,0,1,3,1,0,1,70,2,3,0,0,0,3,78.0,18.0,voiture,voiture,1,1,1,1,1
202300006855,2023-11-24 08:00:00,2023,11,24,8,0,973,97302,ROUGET DE L ' ISLE,4.93989646,-52.32733369,Plein jour,En agglomération,Intersection en X,Normale,Deux véhicules - côté,4,2,2,0,1,1,1,0,1,50,2,2,1,0,0,1,44.0,20.0,voiture,deux_roues,1,2,2,1,3
202300006855,2023-11-24 08:00:00,2023,11,24,8,0,973,97302,ROUGET DE L ' ISLE,4.93989646,-52.32733369,Plein jour,En agglomération,Intersection en X,Normale,Deux véhicules - côté,4,1,1,0,1,1,1,0,1,50,2,2,1,0,0,1,44.0,20.0,voiture,deux_roues,1,2,2,1,3
202300006856,2023-03-22 20:28:00,2023,3,22,20,28,35,35238,PORTE ALMA,48.08176,-1.67616,Nuit sans éclairage public,En agglomération,Intersection en Y,Pluie légère,Deux véhicules - côté,2,1,1,0,1,1,2,0,1,50,2,2,1,0,0,1,24.0,30.0,voiture,voiture,3,2,4,2,3
202300006856,2023-03-22 20:28:00,2023,3,22,20,28,35,35238,PORTE ALMA,48.08176,-1.67616,Nuit sans éclairage public,En agglomération,Intersection en Y,Pluie légère,Deux véhicules - côté,2,1,1,0,1,4,2,3,1,50,2,2,1,0,0,1,24.0,30.0,voiture,voiture,3,2,4,2,3
202300006857,2023-08-18 14:35:00,2023,8,18,14,35,75,75117,BOULEVARD MALESHERBES,48.889012,2.304211,Plein jour,En agglomération,Intersection en T,Normale,Autre collision,4,2,5,3,1,1,1,-1,6,30,1,2,1,0,0,1,,,deux_roues,,1,2,3,1,6
202300006857,2023-08-18 14:35:00,2023,8,18,14,35,75,75117,BOULEVARD MALESHERBES,48.889012,2.304211,Plein jour,En agglomération,Intersection en T,Normale,Autre collision,4,1, -1,-1,1,1,1,-1,6,-1,1,2,1,0,0,1,,,deux_roues,,1,2,3,1,6
202300006858,2023-07-12 18:00:00,2023,7,12,18,0,14,14685,Route de Creully,49.244426,-0.460367,Plein jour,Hors agglomération,Intersection en T,Normale,Deux véhicules - côté,3,2,2,0,1,1,1,0,1,90,2,3,2,0,0,1,36.0,32.0,deux_roues,voiture,1,1,3,1,3
202300006858,2023-07-12 18:00:00,2023,7,12,18,0,14,14685,Route de Creully,49.244426,-0.460367,Plein jour,Hors agglomération,Intersection en T,Normale,Deux véhicules - côté,3,2,2,0,1,1,1,0,1,90,2,3,2,0,0,1,36.0,32.0,deux_roues,voiture,1,1,3,1,3
202300006859,2023-06-06 22:25:00,2023,6,6,22,25,06,06029,REPUBLIQUE (BOULEVARD DE LA),43.55778,7.02229,Nuit avec éclairage allumé,En agglomération,Intersection en X,Normale,Deux véhicules - frontale,4,1,1,0,1,1,1,0,1,30,2,2,1,0,1,0,20.0,21.0,voiture,deux_roues,5,2,2,1,1
202300006859,2023-06-06 22:25:00,2023,6,6,22,25,06,06029,REPUBLIQUE (BOULEVARD DE LA),43.55778,7.02229,Nuit avec éclairage allumé,En agglomération,Intersection en X,Normale,Deux véhicules - frontale,4,2,1,0,1,1,1,0,1,50,2,2,1,0,1,0,20.0,21.0,voiture,deux_roues,5,2,2,1,1
202300006860,2023-03-22 12:15:00,2023,3,22,12,15,35,35238,VERDUN (BD DE),48.11649886,-1.69082433,Plein jour,En agglomération,Hors intersection,Pluie légère,Deux véhicules - arrière,4,2,2,0,1,1,2,0,1,50,2,2,1,0,0,1,19.0,22.0,deux_roues,voiture,1,2,1,2,2
202300006861,2023-11-24 18:35:00,2023,11,24,18,35,69,69387,Avenue Félix Faure,45.75211,4.84679,Nuit avec éclairage allumé,En agglomération,Intersection en T,Pluie légère,Deux véhicules - côté,4,1,1,2,1,1,2,8,1,30,2,2,1,0,0,1,74.0,35.0,deux_roues,voiture,5,2,3,2,3
202300006861,2023-11-24 18:35:00,2023,11,24,18,35,69,69387,Avenue Félix Faure,45.75211,4.84679,Nuit avec éclairage allumé,En agglomération,Intersection en T,Pluie légère,Deux véhicules - côté,4,1,1,2,1,1,2,8,1,30,2,2,1,0,0,1,74.0,35.0,deux_roues,voiture,5,2,3,2,3
202300006862,2023-12-11 09:50:00,2023,12,11,9,50,94,94052,8bis Avenue de Joinville,48.83384,2.471967,Plein jour,En agglomération,Hors intersection,Normale,Trois véhicules et plus - en chaîne,3,-1,2,0,1,1,1,0,1,50,3,3,2,0,0,1,45.0,58.0,transport_commun,voiture,1,2,1,1,4
202300006863,2023-06-05 16:30:00,2023,6,5,16,30,06,06030,BORDE (AVENUE DE LA),43.5669648,6.9662707,Plein jour,En agglomération,Hors intersection,Pluie légère,Deux véhicules - côté,3,2,4,0,1,1,2,0,1,50,2,2,1,0,1,0,44.0,60.0,voiture,deux_roues,1,2,1,2,3
202300006864,2023-08-16 12:10:00,2023,8,16,12,10,75,75117,BOULEVARD DES BATIGNOLLES,48.881985,2.319191,Plein jour,En agglomération,Intersection en T,Normale,Trois véhicules et plus - collisions multiples,4,3,4,0,1,1,1,0,1,30,3,3,2,0,0,1,27.0,34.0,deux_roues,voiture,1,2,3,1,5