accident_id,datetime,annee,mois,jour,heure,minute,departement,commune_insee,adresse,latitude,longitude,luminosite,agglomeration,intersection,meteo,collision,catr,circ,nbv,vosp,prof,plan,surf,infra,situ,vma,nb_vehicules,nb_usagers,nb_indemnes,nb_tues,nb_blesses_hosp,nb_blesses_legers,age_cond_1,age_cond_2,veh_type_cond_1,veh_type_cond_2,lum_code,agg_code,int_code,atm_code,col_code
202300006864,2023-08-16 12:10:00,2023,8,16,12,10,75,75117,BOULEVARD DES BATIGNOLLES,48.881985,2.319191,Plein jour,En agglomération,Intersection en T,Normale,Trois véhicules et plus - collisions multiples,4,-1, -1,-1,1,1,1,0,1,30,3,3,2,0,0,1,27.0,34.0,deux_roues,voiture,1,2,3,1,5
202300006865,2023-07-12 17:10:00,2023,7,12,17,10,05,05132,Route des Combes,44.688793,6.136379,Plein jour,Hors agglomération,Hors intersection,Normale,Sans collision,3,2,2,0,2,1,1,0,3,80,1,5,0,0,0,5,19.0,,voiture,,1,1,1,1,7
202300006866,2023-03-21 21:54:00,2023,3,21,21,54,33,33522,Cours Maréchal Gallieni,44.81849,-0.60219,Nuit avec éclairage allumé,En agglomération,Giratoire,Normale,Deux véhicules - côté,4,2,3,2,1,1,1,0,1,50,2,2,1,0,0,1,40.0,27.0,voiture,deux_roues,5,2,6,1,3
202300006866,2023-03-21 21:54:00,2023,3,21,21,54,33,33522,Cours Maréchal Gallieni,44.81849,-0.60219,Nuit avec éclairage allumé,En agglomération,Giratoire,Normale,Deux véhicules - côté,4,3,5,1,1,1,1,0,1,50,2,2,1,0,0,1,40.0,27.0,voiture,deux_roues,5,2,6,1,3
202300006867,2023-11-06 19:20:00,2023,11,6,19,20,62,62239,Avenue Charles de Gaulle,50.92955,1.79793,Nuit avec éclairage allumé,En agglomération,Giratoire,Pluie légère,Autre collision,3,2,1,0,2,3,2,0,1,30,1,1,0,0,0,1,23.0,,voiture,,5,2,6,2,6
202300006867,2023-11-06 19:20:00,2023,11,6,19,20,62,62239,Avenue Charles de Gaulle,50.92955,1.79793,Nuit avec éclairage allumé,En agglomération,Giratoire,Pluie légère,Autre collision,3,2,1,-1,2,2,2,0,1,30,1,1,0,0,0,1,23.0,,voiture,,5,2,6,2,6
202300006868,2023-11-24 16:10:00,2023,11,24,16,10,69,69388,Rue de l'Eternité,45.741,4.8586,Plein jour,En agglomération,Intersection en Y,Normale,Autre collision,4,1,1,2,1,1,1,0,5,30,2,2,1,0,0,1,34.0,20.0,voiture,deux_roues,1,2,4,1,6
202300006868,2023-11-24 16:10:00,2023,11,24,16,10,69,69388,Rue de l'Eternité,45.741,4.8586,Plein jour,En agglomération,Intersection en Y,Normale,Autre collision,4,1,1,2,1,1,1,0,5,30,2,2,1,0,0,1,34.0,20.0,voiture,deux_roues,1,2,4,1,6
202300006869,2023-06-05 16:00:00,2023,6,5,16,0,06,06027,CANNES AVENUE DE (RN7),43.65078,7.14139,Plein jour,En agglomération,Hors intersection,Pluie légère,Sans collision,7,3,1,0,1,1,2,0,1,50,1,2,0,0,0,2,68.0,,deux_roues,,1,2,1,2,7
202300006870,2023-08-18 17:40:00,2023,8,18,17,40,75,75115,RUE LECOURBE,48.838605,2.289425,Plein jour,En agglomération,Intersection en X,Normale,Deux véhicules - côté,4,2,2,0,1,1,1,0,5,30,2,2,1,0,0,1,27.0,28.0,voiture,deux_roues,1,2,2,1,3
202300006870,2023-08-18 17:40:00,2023,8,18,17,40,75,75115,RUE LECOURBE,48.838605,2.289425,Plein jour,En agglomération,Intersection en X,Normale,Deux véhicules - côté,4,2,2,1,1,1,1,0,5,30,2,2,1,0,0,1,27.0,28.0,voiture,deux_roues,1,2,2,1,3
202300006871,2023-03-22 08:05:00,2023,3,22,8,5,28,28134,SAINT JEAN (RUE),48.73944,1.37083,Plein jour,En agglomération,Hors intersection,Pluie légère,Autre collision,4,2,2,0,1,1,2,0,1,30,1,2,1,0,0,1,45.0,,voiture,,1,2,1,2,6
202300006872,2023-07-12 07:45:00,2023,7,12,7,45,50,50589,Rue de la Carrière,48.600523,-1.436462,Plein jour,Hors agglomération,Intersection en X,Normale,Deux véhicules - côté,4,2,2,0,1,1,1,0,1,80,2,3,2,0,1,0,25.0,18.0,voiture,voiture,1,1,2,1,3
202300006873,2023-11-24 08:00:00,2023,11,24,8,0,972,97213,ROUTE DEPARTEMENTALE 14,14.61981,-61.00266,Plein jour,En agglomération,Hors intersection,Normale,Deux véhicules - arrière,3,2,2,0,1,1,1,0,1,50,2,2,1,0,0,1,40.0,24.0,voiture,voiture,1,2,1,1,2
202300006874,2023-08-16 23:50:00,2023,8,16,23,50,75,75114,RUE D ALESIA,48.832741,2.311509,Nuit avec éclairage allumé,En agglomération,Intersection en X,Normale,Deux véhicules - côté,4,1,3,1,1,1,1,0,1,30,2,3,2,0,0,1,48.0,28.0,voiture,deux_roues,5,2,2,1,3
202300006874,2023-08-16 23:50:00,2023,8,16,23,50,75,75114,RUE D ALESIA,48.832741,2.311509,Nuit avec éclairage allumé,En agglomération,Intersection en X,Normale,Deux véhicules - côté,4,1,3,0,1,1,1,0,1,30,2,3,2,0,0,1,48.0,28.0,voiture,deux_roues,5,2,2,1,3
202300006875,2023-06-06 10:40:00,2023,6,6,10,40,06,06004,MAS ENSOLEILLE AV.DU,43.58623,7.11793,Plein jour,En agglomération,Hors intersection,Normale,Autre collision,4,1,1,0,2,1,1,0,1,50,2,4,1,0,0,3,82.0,31.0,voiture,voiture,1,2,1,1,6
202300006876,2023-07-11 22:35:00,2023,7,11,22,35,18,18035,,47.112006,2.596743,Nuit sans éclairage public,Hors agglomération,Hors intersection,Normale,Deux véhicules - frontale,2,2,2,0,1,1,1,0,1,80,2,2,1,1,0,0,32.0,20.0,utilitaire_camion,utilitaire_camion,3,1,1,1,1
202300006877,2023-10-07 19:30:00,2023,10,7,19,30,42,42218,Rue Paul Bert,45.44076,4.38387,Nuit avec éclairage allumé,En agglomération,Intersection en T,Normale,Autre collision,4,1,1,0,1,1,1,0,1,50,1,2,1,0,1,0,21.0,,voiture,,5,2,3,1,6
202300006877,2023-10-07 19:30:00,2023,10,7,19,30,42,42218,Rue Paul Bert,45.44076,4.38387,Nuit avec éclairage allumé,En agglomération,Intersection en T,Normale,Autre collision,4,1,1,0,1,1,1,0,1,30,1,2,1,0,1,0,21.0,,voiture,,5,2,3,1,6
202300006878,2023-11-24 22:40:00,2023,11,24,22,40,69,69389,31 Rue Marietton,45.77539,4.80482,Nuit avec éclairage allumé,En agglomération,Hors intersection,Temps couvert,Autre collision,4,2,3,0,1,1,2,0,1,30,1,2,1,0,0,1,21.0,,voiture,,5,2,1,8,6
202300006879,2023-08-19 04:10:00,2023,8,19,4,10,75,75113,BOULEVARD ARAGO,48.834855,2.342662,Nuit avec éclairage allumé,En agglomération,Hors intersection,Normale,Autre collision,4,2,4,1,2,1,1,0,1,30,1,1,0,0,0,1,31.0,,deux_roues,,5,2,1,1,6
202300006880,2023-03-19 12:50:00,2023,3,19,12,50,22,22113,TREBEURDEN (ROUTE DE),48.74876,-3.48678,Plein jour,Hors agglomération,Intersection en T,Normale,Deux véhicules - frontale,4,2,1,0,1,1,1,0,1,50,2,3,0,0,0,3,20.0,48.0,voiture,voiture,1,1,3,1,1
202300006880,2023-03-19 12:50:00,2023,3,19,12,50,22,22113,TREBEURDEN (ROUTE DE),48.74876,-3.48678,Plein jour,Hors agglomération,Intersection en T,Normale,Deux véhicules - frontale,4,2,1,0,1,1,1,0,1,50,2,3,0,0,0,3,20.0,48.0,voiture,voiture,1,1,3,1,1
202300006881,2023-09-07 16:30:00,2023,9,7,16,30,01,01354,Rue de Genève,46.240043,6.032047,Plein jour,En agglomération,Hors intersection,Normale,Deux véhicules - côté,4,2,3,1,1,1,1,0,1,50,2,2,1,0,1,0,60.0,20.0,deux_roues,voiture,1,2,1,1,3
202300006882,2023-11-24 08:50:00,2023,11,24,8,50,69,69034,95 Quai Clemenceau,45.80928,4.84438,Plein jour,En agglomération,Hors intersection,Temps couvert,Deux véhicules - côté,7,2,2,2,1,1,1,0,1,50,2,2,1,0,1,0,57.0,47.0,voiture,deux_roues,1,2,1,8,3
202300006883,2023-06-02 18:00:00,2023,6,2,18,0,03,03095,Rue Antoinette Mizon,46.13638,3.45052,Plein jour,En agglomération,Intersection en X,Normale,Deux véhicules - arrière,4,2,2,0,2,1,1,0,1,50,2,2,0,0,0,2,15.0,17.0,deux_roues,deux_roues,1,2,2,1,2
202300006883,2023-06-02 18:00:00,2023,6,2,18,0,03,03095,Rue Antoinette Mizon,46.13638,3.45052,Plein jour,En agglomération,Intersection en X,Normale,Deux véhicules - arrière,4,2,2,0,1,1,1,0,1,50,2,2,0,0,0,2,15.0,17.0,deux_roues,deux_roues,1,2,2,1,2
202300006884,2023-07-11 19:34:00,2023,7,11,19,34,43,43257,N102,45.037601,3.757957,Plein jour,Hors agglomération,Intersection en T,Normale,Deux véhicules - côté,2,2,2,0,1,1,1,0,1,80,2,3,0,0,0,3,31.0,34.0,voiture,voiture,1,1,3,1,3
202300006884,2023-07-11 19:34:00,2023,7,11,19,34,43,43257,N102,45.037601,3.757957,Plein jour,Hors agglomération,Intersection en T,Normale,Deux véhicules - côté,2,2, -1,-1,1,1,1,5,1,-1,2,3,0,0,0,3,31.0,34.0,voiture,voiture,1,1,3,1,3
202300006885,2023-08-16 18:10:00,2023,8,16,18,10,75,75113,RUE NEUVE TOLBIAC,48.831817,2.379132,Plein jour,En agglomération,Intersection en T,Normale,Deux véhicules - frontale,4,2,3,3,1,1,1,0,1,30,2,2,1,0,0,1,37.0,36.0,voiture,deux_roues,1,2,3,1,1
202300006885,2023-08-16 18:10:00,2023,8,16,18,10,75,75113,RUE NEUVE TOLBIAC,48.831817,2.379132,Plein jour,En agglomération,Intersection en T,Normale,Deux véhicules - frontale,4,2, -1,3,1,1,1,0,1,30,2,2,1,0,0,1,37.0,36.0,voiture,deux_roues,1,2,3,1,1
202300006886,2023-11-24 14:50:00,2023,11,24,14,50,2A,2A004,MEZZAVIA ROUTE DE,41.949,8.76681,Plein jour,En agglomération,Hors intersection,Normale,Deux véhicules - côté,2,2,2,0,1,1,1,0,1,50,2,2,1,0,0,1,40.0,15.0,voiture,deux_roues,1,2,1,1,3
202300006887,2023-12-08 09:20:00,2023,12,8,9,20,91,91228,BD DES COQUIBUS,48.62483,2.43696,Plein jour,En agglomération,Intersection en X,Normale,Deux véhicules - arrière,3,2,2,0,1,1,1,0,1,50,2,2,1,0,0,1,29.0,60.0,deux_roues,voiture,1,2,2,1,2
202300006888,2023-03-22 13:25:00,2023,3,22,13,25,15,15012,RD 990,44.89341,2.45887,Plein jour,Hors agglomération,Intersection en T,Normale,Deux véhicules - arrière,3,2,2,0,1,1,1,0,1,90,2,5,2,0,0,3,37.0,28.0,voiture,voiture,1,1,3,1,2
202300006888,2023-03-22 13:25:00,2023,3,22,13,25,15,15012,RD 990,44.89341,2.45887,Plein jour,Hors agglomération,Intersection en T,Normale,Deux véhicules - arrière,3,2,2,0,1,1,1,0,1,70,2,5,2,0,0,3,37.0,28.0,voiture,voiture,1,1,3,1,2
202300006889,2023-06-02 13:50:00,2023,6,2,13,50,01,01053,VERNE (AVENUE JEAN MARIE ),46.19938,5.22599,Plein jour,En agglomération,Intersection en T,Normale,Deux véhicules - côté,4,2,2,0,1,1,1,0,1,50,2,2,1,0,0,1,19.0,18.0,voiture,deux_roues,1,2,3,1,3
202300006889,2023-06-02 13:50:00,2023,6,2,13,50,01,01053,VERNE (AVENUE JEAN MARIE ),46.19938,5.22599,Plein jour,En agglomération,Intersection en T,Normale,Deux véhicules - côté,4,2,2,1,1,1,1,0,1,50,2,2,1,0,0,1,19.0,18.0,voiture,deux_roues,1,2,3,1,3
202300006890,2023-08-18 20:15:00,2023,8,18,20,15,75,75112,AVENUE DE LA PORTE DE VINCENNES,48.846806,2.413151,Plein jour,En agglomération,Hors intersection,Normale,Trois véhicules et plus - en chaîne,4,2,6,3,1,1,1,0,1,50,3,6,4,0,0,2,42.0,68.0,voiture,voiture,1,2,1,1,4
202300006891,2023-10-08 17:50:00,2023,10,8,17,50,84,84022,d20,44.27824,4.998562,Nuit sans éclairage public,Hors agglomération,Giratoire,Normale,Deux véhicules - arrière,3,-1,2,0,1,2,1,0,1,80,2,2,1,0,0,1,46.0,,deux_roues,utilitaire_camion,3,1,6,1,2
202300006892,2023-07-11 16:00:00,2023,7,11,16,0,27,27377,D6,49.378964,1.521521,Plein jour,Hors agglomération,Hors intersection,Normale,Trois véhicules et plus - collisions multiples,3,2,2,0,1,2,1,0,8,80,3,3,1,0,0,2,28.0,72.0,voiture,voiture,1,1,1,1,5
202300006893,2023-11-24 07:45:00,2023,11,24,7,45,2A,2A004,CALVI  ROUTE,41.95305,8.78341,Plein jour,En agglomération,Hors intersection,Normale,Trois véhicules et plus - collisions multiples,3,2,2,0,1,1,1,0,1,50,3,3,2,0,1,0,47.0,42.0,deux_roues,voiture,1,2,1,1,5
202300006894,2023-03-22 14:45:00,2023,3,22,14,45,13,13103,ALLEE  DE SZENTENDRE,43.63360438,5.07646572,Plein jour,En agglomération,Giratoire,Normale,Deux véhicules - côté,4,4,2,0,1,3,1,9,1,50,2,2,1,0,0,1,45.0,59.0,deux_roues,voiture,1,2,6,1,3
202300006894,2023-03-22 14:45:00,2023,3,22,14,45,13,13103,ALLEE  DE SZENTENDRE,43.63360438,5.07646572,Plein jour,En agglomération,Giratoire,Normale,Deux véhicules - côté,4,2,1,0,1,3,1,0,8,50,2,2,1,0,0,1,45.0,59.0,deux_roues,voiture,1,2,6,1,3
202300006895,2023-08-18 18:13:00,2023,8,18,18,13,75,75120,RUE DES ORTEAUX,48.856934,2.3988,Plein jour,En agglomération,Intersection en T,Normale,Deux véhicules - côté,4,2, -1,-1,1,1,1,0,1,-1,2,2,1,0,0,1,33.0,41.0,voiture,deux_roues,1,2,3,1,3
202300006895,2023-08-18 18:13:00,2023,8,18,18,13,75,75120,RUE DES ORTEAUX,48.856934,2.3988,Plein jour,En agglomération,Intersection en T,Normale,Deux véhicules - côté,4,1,1,1,2,1,1,0,1,30,2,2,1,0,0,1,33.0,41.0,voiture,deux_roues,1,2,3,1,3
202300006896,2023-06-06 15:00:00,2023,6,6,15,0,75,75117,BOULEVARD BERTHIER,48.89206,2.307842,Plein jour,En agglomération,Hors intersection,Normale,Deux véhicules - côté,4,1,2,2,1,1,1,0,1,50,2,3,1,1,1,0,18.0,19.0,deux_roues,deux_roues,1,2,1,1,3
202300006897,2023-07-12 01:30:00,2023,7,12,1,30,27,27502,D54,48.830077,0.687525,Nuit sans éclairage public,Hors agglomération,Hors intersection,Normale,Autre collision,3,2,2,0,1,3,2,0,3,80,1,1,0,1,0,0,20.0,,voiture,,3,1,1,1,6
202300006898,2023-11-24 07:05:00,2023,11,24,7,5,2A,2A004,GEORGES POMPIDOU AVENUE,41.93082,8.75706,Plein jour,En agglomération,Hors intersection,Normale,Autre collision,2,1,2,0,2,1,1,0,1,50,1,2,1,0,1,0,27.0,,utilitaire_camion,,1,2,1,1,6
202300006899,2023-12-16 18:15:00,2023,12,16,18,15,35,35225,Pilleverte,48.433717,-1.931394,Nuit sans éclairage public,Hors agglomération,Intersection en X,Normale,Deux véhicules - côté,3,2,2,0,1,1,1,0,1,80,2,2,1,0,1,0,32.0,47.0,voiture,deux_roues,3,1,2,1,3
202300006899,2023-12-16 18:15:00,2023,12,16,18,15,35,35225,Pilleverte,48.433717,-1.931394,Nuit sans éclairage public,Hors agglomération,Intersection en X,Normale,Deux véhicules - côté,3,2,2,-1,3,3,1,0,1,80,2,2,1,0,1,0,32.0,47.0,voiture,deux_roues,3,1,2,1,3
202300006900,2023-03-22 13:30:00,2023,3,22,13,30,13,13212,RAMPAL (AVENUE),43.31788395,5.44555288,Plein jour,En agglomération,Intersection en X,Normale,Deux véhicules - côté,4,2,2,0,1,1,1,0,1,50,2,2,1,0,0,1,38.0,29.0,transport_commun,voiture,1,2,2,1,3
202300006900,2023-03-22 13:30:00,2023,3,22,13,30,13,13212,RAMPAL (AVENUE),43.31788395,5.44555288,Plein jour,En agglomération,Intersection en X,Normale,Deux véhicules - côté,4,2,1,0,1,1,1,0,1,50,2,2,1,0,0,1,38.0,29.0,transport_commun,voiture,1,2,2,1,3
202300006901,2023-08-17 21:40:00,2023,8,17,21,40,75,75112,BOULEVARD SOULT,48.842541,2.409859,Nuit avec éclairage allumé,En agglomération,Intersection en T,Normale,Deux véhicules - côté,4,3,4,1,1,1,1,0,5,50,2,2,1,0,0,1,52.0,20.0,voiture,deux_roues,5,2,3,1,3
202300006901,2023-08-17 21:40:00,2023,8,17,21,40,75,75112,BOULEVARD SOULT,48.842541,2.409859,Nuit avec éclairage allumé,En agglomération,Intersection en T,Normale,Deux véhicules - côté,4,1,1,0,1,1,1,0,5,30,2,2,1,0,0,1,52.0,20.0,voiture,deux_roues,5,2,3,1,3
202300006902,2023-11-24 18:30:00,2023,11,24,18,30,95,95427,JULES FERRY (RUE),48.95705,2.3346,Nuit avec éclairage allumé,En agglomération,Intersection en T,Normale,Deux véhicules - côté,4,2,2,0,1,1,1,0,1,50,2,2,1,0,0,1,43.0,30.0,voiture,deux_roues,5,2,3,1,3
202300006902,2023-11-24 18:30:00,2023,11,24,18,30,95,95427,JULES FERRY (RUE),48.95705,2.3346,Nuit avec éclairage allumé,En agglomération,Intersection en T,Normale,Deux véhicules - côté,4,2,2,0,2,1,1,0,1,50,2,2,1,0,0,1,43.0,30.0,voiture,deux_roues,5,2,3,1,3
202300006903,2023-12-30 12:35:00,2023,12,30,12,35,40,40313,Route de Pomiro,43.832453,-0.789707,Plein jour,Hors agglomération,Intersection en X,Normale,Deux véhicules - frontale,4,2,2,0,1,1,2,0,1,80,2,4,2,0,0,2,27.0,68.0,voiture,voiture,1,1,2,1,1
202300006903,2023-12-30 12:35:00,2023,12,30,12,35,40,40313,Route de Pomiro,43.832453,-0.789707,Plein jour,Hors agglomération,Intersection en X,Normale,Deux véhicules - frontale,4,2, -1,-1,-1,-1,-1,-1,-1,-1,2,4,2,0,0,2,27.0,68.0,voiture,voiture,1,1,2,1,1
202300006904,2023-12-19 16:55:00,2023,12,19,16,55,06,06018,Avenue Roumanille,43.617522,7.074476,Crépuscule ou aube,En agglomération,Hors intersection,Normale,Autre collision,4,2,2,0,1,1,1,0,1,50,1,2,1,0,0,1,47.0,,voiture,,2,2,1,1,6
202300006905,2023-06-06 00:15:00,2023,6,6,0,15,75,75105,QUAI DE MONTEBELLO,48.851432,2.350422,Nuit avec éclairage allumé,En agglomération,Intersection en T,Normale,Deux véhicules - côté,4,-1, -1,1,1,1,1,0,5,30,2,2,1,0,0,1,39.0,30.0,deux_roues,deux_roues,5,2,3,1,3
202300006905,2023-06-06 00:15:00,2023,6,6,0,15,75,75105,QUAI DE MONTEBELLO,48.851432,2.350422,Nuit avec éclairage allumé,En agglomération,Intersection en T,Normale,Deux véhicules - côté,4,2,2,1,1,1,1,0,5,30,2,2,1,0,0,1,39.0,30.0,deux_roues,deux_roues,5,2,3,1,3
202300006906,2023-03-22 11:40:00,2023,3,22,11,40,13,13203,GUIGOU (BOULEVARD),43.31,5.39,Plein jour,En agglomération,Hors intersection,Normale,Autre collision,4,1,1,0,1,1,1,0,1,50,1,2,1,0,0,1,,,utilitaire_camion,,1,2,1,1,6
202300006907,2023-07-11 09:55:00,2023,7,11,9,55,23,23168,RD 940 / PK 17,46.013446,1.851497,Plein jour,Hors agglomération,Hors intersection,Normale,Autre collision,3,2,2,0,1,2,1,0,3,90,1,1,0,0,1,0,42.0,,voiture,,1,1,1,1,6
202300006908,2023-08-16 19:05:00,2023,8,16,19,5,75,75112,BOULEVARD DIDEROT,48.84581,2.372451,Plein jour,En agglomération,Intersection en T,Normale,Deux véhicules - arrière,4,1,2,0,1,1,1,0,1,30,2,2,1,0,1,0,44.0,50.0,voiture,deux_roues,1,2,3,1,2
202300006908,2023-08-16 19:05:00,2023,8,16,19,5,75,75112,BOULEVARD DIDEROT,48.84581,2.372451,Plein jour,En agglomération,Intersection en T,Normale,Deux véhicules - arrière,4,-1, -1,-1,1,1,1,0,1,30,2,2,1,0,1,0,44.0,50.0,voiture,deux_roues,1,2,3,1,2
202300006909,2023-11-24 14:05:00,2023,11,24,14,5,95,95018,RESISTANCE (BOULEVARD DE LA),48.95045523,2.2243318,Plein jour,En agglomération,Intersection en T,Pluie légère,Deux véhicules - côté,4,2,2,0,1,1,2,0,1,50,2,2,1,0,0,1,23.0,24.0,voiture,deux_roues,1,2,3,2,3
202300006909,2023-11-24 14:05:00,2023,11,24,14,5,95,95018,RESISTANCE (BOULEVARD DE LA),48.95045523,2.2243318,Plein jour,En agglomération,Intersection en T,Pluie légère,Deux véhicules - côté,4,1,1,0,1,1,2,0,1,50,2,2,1,0,0,1,23.0,24.0,voiture,deux_roues,1,2,3,2,3
202300006910,2023-12-10 22:30:00,2023,12,10,22,30,988,98830,Pont de la Tiwaka,-20.86668,165.24988,Nuit sans éclairage public,Hors agglomération,Intersection en Y,Normale,Autre collision,3,2,2,0,1,1,1,2,3,90,1,1,0,0,1,0,23.0,,voiture,,3,1,4,1,6
202300006910,2023-12-10 22:30:00,2023,12,10,22,30,988,98830,Pont de la Tiwaka,-20.86668,165.24988,Nuit sans éclairage public,Hors agglomération,Intersection en Y,Normale,Autre collision,3,2,2,-1,-1,2,1,5,3,-1,1,1,0,0,1,0,23.0,,voiture,,3,1,4,1,6
202300006911,2023-03-22 03:50:00,2023,3,22,3,50,13,13211,JEAN MONDET (ROND POINT ),43.29,5.48118,Nuit avec éclairage allumé,En agglomération,Hors intersection,Normale,Sans collision,4,1,2,0,1,2,1,0,1,50,1,1,0,0,0,1,29.0,,deux_roues,,5,2,1,1,7
202300006912,2023-07-11 13:00:00,2023,7,11,13,0,987,98733,PK 10.500 C/MT Route du Lotissement TAAPUNA SOCIAL,-17.618,-149.549,Plein jour,Hors agglomération,Hors intersection,Normale,Sans collision,4,2,2,0,2,2,1,0,1,-1,1,1,0,1,0,0,45.0,,deux_roues,,1,1,1,1,7
202300006913,2023-06-05 12:15:00,2023,6,5,12,15,75,75106,BOULEVARD SAINT MICHEL,48.849222,2.342007,Plein jour,En agglomération,Hors intersection,Normale,Deux véhicules - côté,4,2,2,0,2,1,1,0,1,30,2,2,1,0,0,1,47.0,48.0,voiture,deux_roues,1,2,1,1,3
202300006914,2023-11-13 10:00:00,2023,11,13,10,0,74,74010,ALERY (GRANDE RUE D'),45.8988,6.1101,Plein jour,En agglomération,Hors intersection,Normale,Autre collision,4,2,2,0,2,2,2,0,1,50,1,2,1,0,0,1,20.0,,utilitaire_camion,,1,2,1,1,6
202300006915,2023-08-16 17:50:00,2023,8,16,17,50,75,75111,BOULEVARD RICHARD LENOIR,48.854776,2.369541,Plein jour,En agglomération,Intersection en Y,Normale,Autre collision,4,1, -1,0,1,1,1,9,1,30,1,2,1,0,0,1,22.0,,deux_roues,,1,2,4,1,6
202300006915,2023-08-16 17:50:00,2023,8,16,17,50,75,75111,BOULEVARD RICHARD LENOIR,48.854776,2.369541,Plein jour,En agglomération,Intersection en Y,Normale,Autre collision,4,-1, -1,-1,1,1,1,0,1,30,1,2,1,0,0,1,22.0,,deux_roues,,1,2,4,1,6
202300006916,2023-11-17 20:40:00,2023,11,17,20,40,91,91552,RTE DE CORBEIL,48.59458,2.26426,Nuit avec éclairage non allumé,En agglomération,Giratoire,Pluie légère,Autre collision,3,2,2,0,2,1,2,6,1,30,1,2,1,0,0,1,,,autre,,4,2,6,2,6
202300006916,2023-11-17 20:40:00,2023,11,17,20,40,91,91552,RTE DE CORBEIL,48.59458,2.26426,Nuit avec éclairage non allumé,En agglomération,Giratoire,Pluie légère,Autre collision,3,2,2,0,1,1,2,6,1,30,1,2,1,0,0,1,,,autre,,4,2,6,2,6
202300006917,2023-03-22 00:00:00,2023,3,22,0,0,13,13214,CLAUDE MONET (avenue),43.32545,5.39358,Nuit avec éclairage non allumé,En agglomération,Hors intersection,Normale,Autre collision,4,-1,1,0,1,1,1,0,1,50,2,2,1,0,0,1,24.0,19.0,voiture,voiture,4,2,1,1,6
202300006918,2023-06-06 16:10:00,2023,6,6,16,10,75,75119,AVENUE SIMON BOLIVAR,48.874413,2.383375,Plein jour,En agglomération,Hors intersection,Normale,Deux véhicules - frontale,4,2,2,1,2,1,1,0,1,30,2,2,1,0,0,1,26.0,50.0,deux_roues,utilitaire_camion,1,2,1,1,1
202300006919,2023-11-13 07:00:00,2023,11,13,7,0,74,74010,ANJOT (AVENUE DU CAPITAINE),45.8957,6.0901,Nuit avec éclairage allumé,En agglomération,Autre intersection,Pluie légère,Deux véhicules - arrière,4,-1,1,0,2,2,2,0,1,50,2,2,1,0,0,1,53.0,,deux_roues,voiture,5,2,9,2,2
202300006920,2023-11-23 10:39:00,2023,11,23,10,39,91,91667,CORBEIL (ROUTE),48.66572,2.33761,Plein jour,En agglomération,Hors intersection,Pluie légère,Autre collision,3,2,2,0,2,2,2,0,1,50,1,2,1,0,0,1,33.0,,voiture,,1,2,1,2,6
202300006921,2023-08-18 06:30:00,2023,8,18,6,30,75,75110,BOULEVARD DE LA CHAPELLE,48.884271,2.364651,Plein jour,En agglomération,Intersection en X,Normale,Deux véhicules - côté,4,1,3,1,1,1,1,0,5,30,2,2,1,0,0,1,26.0,,deux_roues,deux_roues,1,2,2,1,3
202300006921,2023-08-18 06:30:00,2023,8,18,6,30,75,75110,BOULEVARD DE LA CHAPELLE,48.884271,2.364651,Plein jour,En agglomération,Intersection en X,Normale,Deux véhicules - côté,4,1, -1,-1,1,1,1,0,5,-1,2,2,1,0,0,1,26.0,,deux_roues,deux_roues,1,2,2,1,3
202300006922,2023-03-22 08:00:00,2023,3,22,8,0,13,13001,RD9,43.50611,5.40272,Plein jour,Hors agglomération,Hors intersection,Normale,Deux véhicules - arrière,3,3,2,0,1,1,1,0,1,90,2,2,1,0,1,0,36.0,53.0,utilitaire_camion,deux_roues,1,1,1,1,2
202300006923,2023-06-06 14:30:00,2023,6,6,14,30,75,75119,RUE DE CRIMEE,48.879578,2.389505,Plein jour,En agglomération,Intersection en X,Normale,Autre collision,4,2,2,0,2,1,1,0,1,30,1,2,0,0,2,0,91.0,,voiture,,1,2,2,1,6
202300006923,2023-06-06 14:30:00,2023,6,6,14,30,75,75119,RUE DE CRIMEE,48.879578,2.389505,Plein jour,En agglomération,Intersection en X,Normale,Autre collision,4,1,2,0,2,1,1,0,1,30,1,2,0,0,2,0,91.0,,voiture,,1,2,2,1,6
202300006924,2023-07-11 15:15:00,2023,7,11,15,15,47,47238,"autoroute A.62, pk 117.400",44.18820409,0.53054579,Plein jour,Hors agglomération,Hors intersection,Normale,Trois véhicules et plus - en chaîne,1,3,2,0,1,1,1,0,1,130,3,8,4,0,1,3,26.0,62.0,utilitaire_camion,voiture,1,1,1,1,4
202300006925,2023-11-23 06:22:00,2023,11,23,6,22,91,91685,PERI (RUE GABRIEL),48.65757,2.30837,Nuit avec éclairage allumé,En agglomération,Hors intersection,Normale,Sans collision,3,2,2,0,2,1,1,0,8,50,1,1,0,0,1,0,22.0,,deux_roues,,5,2,1,1,7
202300006926,2023-08-16 17:39:00,2023,8,16,17,39,75,75109,RUE AUBER,48.871757,2.330566,Plein jour,En agglomération,Intersection en T,Normale,Autre collision,4,-1, -1,-1,1,1,1,0,1,30,1,2,1,0,0,1,34.0,,transport_commun,,1,2,3,1,6
202300006926,2023-08-16 17:39:00,2023,8,16,17,39,75,75109,RUE AUBER,48.871757,2.330566,Plein jour,En agglomération,Intersection en T,Normale,Autre collision,4,2,3,3,1,1,1,0,1,30,1,2,1,0,0,1,34.0,,transport_commun,,1,2,3,1,6