accident_id,datetime,annee,mois,jour,heure,minute,departement,commune_insee,adresse,latitude,longitude,luminosite,agglomeration,intersection,meteo,collision,catr,circ,nbv,vosp,prof,plan,surf,infra,situ,vma,nb_vehicules,nb_usagers,nb_indemnes,nb_tues,nb_blesses_hosp,nb_blesses_legers,age_cond_1,age_cond_2,veh_type_cond_1,veh_type_cond_2,lum_code,agg_code,int_code,atm_code,col_code
202300006927,2023-10-27 05:50:00,2023,10,27,5,50,74,74010,FRANCE (AVENUE)(SECTEUR 310),45.91039,6.1378,Nuit avec éclairage allumé,En agglomération,Intersection en X,Pluie légère,Deux véhicules - côté,4,1,4,2,1,1,2,5,1,50,2,3,0,0,3,0,31.0,42.0,voiture,voiture,5,2,2,2,3
202300006927,2023-10-27 05:50:00,2023,10,27,5,50,74,74010,FRANCE (AVENUE)(SECTEUR 310),45.91039,6.1378,Nuit avec éclairage allumé,En agglomération,Intersection en X,Pluie légère,Deux véhicules - côté,4,-1,4,0,1,1,2,0,1,50,2,3,0,0,3,0,31.0,42.0,voiture,voiture,5,2,2,2,3
202300006928,2023-03-22 10:07:00,2023,3,22,10,7,06,06088,VOIE RAPIDE,43.69,7.24,Plein jour,En agglomération,Hors intersection,Normale,Deux véhicules - côté,4,3,4,0,1,1,1,0,1,70,2,2,1,0,0,1,34.0,22.0,deux_roues,voiture,1,2,1,1,3
202300006929,2023-06-06 20:00:00,2023,6,6,20,0,75,75118,BOULEVARD PERIPHERIQUE INTERIEUR NORD  ,48.901036,2.353295,Plein jour,En agglomération,Hors intersection,Normale,Deux véhicules - côté,4,1,4,0,1,1,1,0,1,70,2,2,1,0,0,1,26.0,28.0,deux_roues,voiture,1,2,1,1,3
202300006930,2023-07-12 07:00:00,2023,7,12,7,0,77,77534,N36,48.635709,2.787462,Plein jour,En agglomération,Giratoire,Normale,Autre collision,2,-1,1,0,1,1,9,9,1,80,2,2,1,0,1,0,55.0,17.0,utilitaire_camion,deux_roues,1,2,6,1,6
202300006931,2023-11-05 02:30:00,2023,11,5,2,30,11,11262,,43.1779,2.96955,Nuit sans éclairage public,Hors agglomération,Hors intersection,Pluie légère,Sans collision,3,1,2,0,1,1,2,0,1,80,1,2,0,0,2,0,19.0,,voiture,,3,1,1,2,7
202300006932,2023-06-06 09:40:00,2023,6,6,9,40,75,75118,BOULEVARD ORNANO,48.896964,2.345183,Plein jour,En agglomération,Hors intersection,Normale,Autre collision,4,2,3,3,1,1,1,0,1,30,1,2,1,0,1,0,26.0,,deux_roues,,1,2,1,1,6
202300006933,2023-11-24 19:30:00,2023,11,24,19,30,91,91589,RUE DES ROSSAYS,48.673373,2.352631,Nuit avec éclairage allumé,En agglomération,Autre intersection,Normale,Deux véhicules - arrière,3,2,2,0,1,1,1,0,8,50,2,3,2,0,0,1,45.0,52.0,voiture,transport_commun,5,2,9,1,2
202300006933,2023-11-24 19:30:00,2023,11,24,19,30,91,91589,RUE DES ROSSAYS,48.673373,2.352631,Nuit avec éclairage allumé,En agglomération,Autre intersection,Normale,Deux véhicules - arrière,3,2,2,0,1,1,1,0,1,50,2,3,2,0,0,1,45.0,52.0,voiture,transport_commun,5,2,9,1,2
202300006934,2023-08-15 23:15:00,2023,8,15,23,15,75,75109,BOULEVARD POISSONNIERE,48.871492,2.343066,Nuit avec éclairage allumé,En agglomération,Intersection en X,Normale,Deux véhicules - côté,4,1,2,0,1,1,1,5,1,30,2,5,4,0,0,1,31.0,30.0,deux_roues,voiture,5,2,2,1,3
202300006934,2023-08-15 23:15:00,2023,8,15,23,15,75,75109,BOULEVARD POISSONNIERE,48.871492,2.343066,Nuit avec éclairage allumé,En agglomération,Intersection en X,Normale,Deux véhicules - côté,4,1,2,3,1,1,1,5,1,30,2,5,4,0,0,1,31.0,30.0,deux_roues,voiture,5,2,2,1,3
202300006935,2023-07-11 21:25:00,2023,7,11,21,25,66,66217,,42.608737,2.81301,Crépuscule ou aube,En agglomération,Hors intersection,Normale,Deux véhicules - frontale,3,2,2,0,2,1,1,0,1,50,2,2,1,0,0,1,22.0,17.0,voiture,deux_roues,2,2,1,1,1
202300006936,2023-03-21 21:30:00,2023,3,21,21,30,75,75118,PORTE DE LA CHAPELLE,48.900899,2.361608,Nuit avec éclairage allumé,En agglomération,Hors intersection,Normale,Deux véhicules - côté,4,1,4,0,1,1,1,0,1,70,2,2,1,0,0,1,31.0,,deux_roues,voiture,5,2,1,1,3
202300006937,2023-11-24 12:30:00,2023,11,24,12,30,91,91432,AV ARISTIDE BRIAND,48.70065,2.32467,Plein jour,En agglomération,Hors intersection,Normale,Sans collision,4,2,2,0,1,1,1,0,1,30,2,2,1,0,0,1,44.0,53.0,deux_roues,utilitaire_camion,1,2,1,1,7
202300006938,2023-06-06 00:15:00,2023,6,6,0,15,75,75118,BOULEVARD NEY,48.897733,2.337513,Nuit avec éclairage allumé,En agglomération,Intersection en X,Normale,Deux véhicules - côté,4,1,2,2,1,1,1,0,1,30,2,2,1,0,0,1,26.0,32.0,deux_roues,voiture,5,2,2,1,3
202300006938,2023-06-06 00:15:00,2023,6,6,0,15,75,75118,BOULEVARD NEY,48.897733,2.337513,Nuit avec éclairage allumé,En agglomération,Intersection en X,Normale,Deux véhicules - côté,4,-1, -1,0,1,1,1,0,1,30,2,2,1,0,0,1,26.0,32.0,deux_roues,voiture,5,2,2,1,3
202300006939,2023-08-27 17:45:00,2023,8,27,17,45,73,73257,D117 - PK 15+600 - PONT DE LA COMBE,45.4080193,6.49030223,Plein jour,Hors agglomération,Hors intersection,Pluie forte,Deux véhicules - côté,3,2,2,0,4,3,2,0,1,70,2,2,1,0,1,0,16.0,36.0,deux_roues,voiture,1,1,1,3,3
202300006940,2023-08-20 21:40:00,2023,8,20,21,40,75,75108,RUE DES MATHURINS,48.873307,2.324304,Nuit avec éclairage allumé,En agglomération,Intersection en X,Normale,Deux véhicules - côté,4,1,1,0,1,1,1,8,1,30,2,3,2,0,1,0,23.0,18.0,voiture,deux_roues,5,2,2,1,3
202300006940,2023-08-20 21:40:00,2023,8,20,21,40,75,75108,RUE DES MATHURINS,48.873307,2.324304,Nuit avec éclairage allumé,En agglomération,Intersection en X,Normale,Deux véhicules - côté,4,1,2,0,1,1,1,8,1,30,2,3,2,0,1,0,23.0,18.0,voiture,deux_roues,5,2,2,1,3
202300006941,2023-07-12 12:35:00,2023,7,12,12,35,83,83071,Route de Collobrieres,43.14759366,6.228493,Plein jour,En agglomération,Intersection en T,Normale,Deux véhicules - frontale,3,2,2,0,1,1,1,0,1,30,2,2,1,0,1,0,16.0,53.0,deux_roues,utilitaire_camion,1,2,3,1,1
202300006941,2023-07-12 12:35:00,2023,7,12,12,35,83,83071,Route de Collobrieres,43.14759366,6.228493,Plein jour,En agglomération,Intersection en T,Normale,Deux véhicules - frontale,3,-1, -1,-1,1,1,1,0,1,-1,2,2,1,0,1,0,16.0,53.0,deux_roues,utilitaire_camion,1,2,3,1,1
202300006942,2023-03-20 12:30:00,2023,3,20,12,30,75,75114,PORTE DE CHATILLON,48.822847,2.312865,Plein jour,En agglomération,Hors intersection,Normale,Deux véhicules - arrière,4,1,3,0,1,1,1,0,1,70,2,3,1,0,0,2,26.0,49.0,voiture,utilitaire_camion,1,2,1,1,2
202300006943,2023-08-22 13:20:00,2023,8,22,13,20,32,32207,D175,43.665078,0.662549,Plein jour,Hors agglomération,Hors intersection,Normale,Deux véhicules - côté,3,2,2,0,1,2,9,0,1,80,2,2,1,0,1,0,19.0,65.0,voiture,deux_roues,1,1,1,1,3
202300006944,2023-06-06 14:50:00,2023,6,6,14,50,75,75117,RUE DE COURCELLES,48.88009,2.302246,Plein jour,En agglomération,Intersection en T,Normale,Deux véhicules - côté,4,2,2,0,1,1,1,0,1,30,2,2,1,0,0,1,44.0,32.0,voiture,deux_roues,1,2,3,1,3
202300006944,2023-06-06 14:50:00,2023,6,6,14,50,75,75117,RUE DE COURCELLES,48.88009,2.302246,Plein jour,En agglomération,Intersection en T,Normale,Deux véhicules - côté,4,1,1,0,1,1,1,0,1,30,2,2,1,0,0,1,44.0,32.0,voiture,deux_roues,1,2,3,1,3
202300006945,2023-07-12 13:30:00,2023,7,12,13,30,06,06099,Avenue Alexandre Bottin,43.954904,6.899001,Plein jour,En agglomération,Hors intersection,Normale,Autre collision,3,2,2,0,1,1,1,0,8,50,1,1,0,0,0,1,73.0,,voiture,,1,2,1,1,6
202300006946,2023-08-16 00:08:00,2023,8,16,0,8,75,75108,PLACE SAINT AUGUSTIN,48.87488603,2.3198787,Nuit avec éclairage allumé,En agglomération,Place,Normale,Deux véhicules - côté,4,-1, -1,-1,1,1,1,0,5,30,2,3,1,0,0,2,62.0,19.0,voiture,deux_roues,5,2,7,1,3
202300006946,2023-08-16 00:08:00,2023,8,16,0,8,75,75108,PLACE SAINT AUGUSTIN,48.87488603,2.3198787,Nuit avec éclairage allumé,En agglomération,Place,Normale,Deux véhicules - côté,4,2,4,1,1,1,1,0,5,30,2,3,1,0,0,2,62.0,19.0,voiture,deux_roues,5,2,7,1,3
202300006947,2023-11-23 13:19:00,2023,11,23,13,19,87,87085,RN520,45.89093,1.2802,Plein jour,Hors agglomération,Intersection en X,Normale,Deux véhicules - arrière,2,2,2,0,1,1,1,5,1,50,2,3,2,0,0,1,72.0,42.0,voiture,voiture,1,1,2,1,2
202300006947,2023-11-23 13:19:00,2023,11,23,13,19,87,87085,RN520,45.89093,1.2802,Plein jour,Hors agglomération,Intersection en X,Normale,Deux véhicules - arrière,2,3,2,0,1,1,1,3,1,90,2,3,2,0,0,1,72.0,42.0,voiture,voiture,1,1,2,1,2
202300006948,2023-06-05 16:00:00,2023,6,5,16,0,75,75117,AVENUE MAC MAHON,48.87438,2.294949,Plein jour,En agglomération,Place,Normale,Deux véhicules - côté,4,2,2,2,1,1,1,0,1,30,2,2,1,0,0,1,67.0,55.0,voiture,deux_roues,1,2,7,1,3
202300006948,2023-06-05 16:00:00,2023,6,5,16,0,75,75117,AVENUE MAC MAHON,48.87438,2.294949,Plein jour,En agglomération,Place,Normale,Deux véhicules - côté,4,2,2,1,1,1,1,0,1,30,2,2,1,0,0,1,67.0,55.0,voiture,deux_roues,1,2,7,1,3
202300006949,2023-12-27 19:40:00,2023,12,27,19,40,40,40279,RESISTANCE (AVE DE LA),43.7333,-1.05,Nuit avec éclairage allumé,En agglomération,Hors intersection,Normale,Deux véhicules - côté,4,2,2,0,1,1,1,0,1,50,2,3,1,0,2,0,38.0,20.0,voiture,deux_roues,5,2,1,1,3
202300006950,2023-03-21 23:40:00,2023,3,21,23,40,75,75113,BOULEVARD AUGUSTE BLANQUI,48.831961,2.341067,Nuit avec éclairage allumé,En agglomération,Intersection en X,Normale,Deux véhicules - côté,4,1,3,0,2,1,1,0,1,30,2,5,4,0,0,1,29.0,56.0,utilitaire_camion,voiture,5,2,2,1,3
202300006950,2023-03-21 23:40:00,2023,3,21,23,40,75,75113,BOULEVARD AUGUSTE BLANQUI,48.831961,2.341067,Nuit avec éclairage allumé,En agglomération,Intersection en X,Normale,Deux véhicules - côté,4,2,6,0,4,1,1,0,1,30,2,5,4,0,0,1,29.0,56.0,utilitaire_camion,voiture,5,2,2,1,3
202300006951,2023-07-12 08:33:00,2023,7,12,8,33,26,26124,autoroute A7 PK 83.983 sens Nord-Sud,44.840899,4.863682,Plein jour,Hors agglomération,Hors intersection,Normale,Deux véhicules - arrière,1,3,3,0,1,1,1,0,1,130,2,5,3,0,1,1,48.0,43.0,voiture,utilitaire_camion,1,1,1,1,2
202300006952,2023-11-23 08:52:00,2023,11,23,8,52,87,87085,LECLERC (AVENUE DU GENERAL),45.84665,1.26099,Plein jour,En agglomération,Hors intersection,Normale,Deux véhicules - arrière,4,2,3,3,2,1,1,0,1,50,2,2,1,0,0,1,29.0,50.0,voiture,voiture,1,2,1,1,2
202300006953,2023-08-14 21:50:00,2023,8,14,21,50,75,75108,PLACE DE LA CONCORDE,48.866662,2.322014,Nuit avec éclairage allumé,En agglomération,Intersection en X,Temps couvert,Deux véhicules - côté,4,2, -1,-1,1,1,2,0,1,-1,2,3,2,0,0,1,19.0,20.0,voiture,voiture,5,2,2,8,3
202300006953,2023-08-14 21:50:00,2023,8,14,21,50,75,75108,PLACE DE LA CONCORDE,48.866662,2.322014,Nuit avec éclairage allumé,En agglomération,Intersection en X,Temps couvert,Deux véhicules - côté,4,2,8,0,1,1,2,0,1,30,2,3,2,0,0,1,19.0,20.0,voiture,voiture,5,2,2,8,3
202300006954,2023-11-25 19:00:00,2023,11,25,19,0,11,11262,35 Avenue d'Espagne,43.17088,2.99005,Nuit avec éclairage allumé,En agglomération,Intersection en T,Normale,Autre collision,4,2,2,0,1,1,1,2,4,50,1,2,1,0,0,1,24.0,,voiture,,5,2,3,1,6
202300006954,2023-11-25 19:00:00,2023,11,25,19,0,11,11262,35 Avenue d'Espagne,43.17088,2.99005,Nuit avec éclairage allumé,En agglomération,Intersection en T,Normale,Autre collision,4,2,1,0,1,1,1,9,1,30,1,2,1,0,0,1,24.0,,voiture,,5,2,3,1,6
202300006955,2023-06-05 15:14:00,2023,6,5,15,14,75,75117,RUE CARDINET,48.883263,2.30719,Plein jour,En agglomération,Intersection en T,Normale,Deux véhicules - arrière,4,2,2,1,1,1,1,0,1,30,2,3,1,0,0,2,16.0,35.0,deux_roues,deux_roues,1,2,3,1,2
202300006955,2023-06-05 15:14:00,2023,6,5,15,14,75,75117,RUE CARDINET,48.883263,2.30719,Plein jour,En agglomération,Intersection en T,Normale,Deux véhicules - arrière,4,2,4,0,1,1,1,0,1,30,2,3,1,0,0,2,16.0,35.0,deux_roues,deux_roues,1,2,3,1,2
202300006956,2023-03-21 08:40:00,2023,3,21,8,40,75,75112,QUAI DE BERCY,48.833511,2.382103,Plein jour,En agglomération,Intersection en X,Normale,Deux véhicules - côté,4,2, -1,-1,1,1,1,0,1,-1,2,3,1,0,0,2,39.0,45.0,voiture,deux_roues,1,2,2,1,3
202300006956,2023-03-21 08:40:00,2023,3,21,8,40,75,75112,QUAI DE BERCY,48.833511,2.382103,Plein jour,En agglomération,Intersection en X,Normale,Deux véhicules - côté,4,2,6,2,1,1,1,0,1,30,2,3,1,0,0,2,39.0,45.0,voiture,deux_roues,1,2,2,1,3
202300006957,2023-08-20 08:53:00,2023,8,20,8,53,75,75109,RUE DE PROVENCE,48.874197,2.328399,Plein jour,En agglomération,Intersection en X,Temps éblouissant,Autre collision,4,1,1,0,1,1,1,0,1,30,1,2,1,0,0,1,30.0,,voiture,,1,2,2,7,6
202300006957,2023-08-20 08:53:00,2023,8,20,8,53,75,75109,RUE DE PROVENCE,48.874197,2.328399,Plein jour,En agglomération,Intersection en X,Temps éblouissant,Autre collision,4,1,1,0,1,1,1,0,1,30,1,2,1,0,0,1,30.0,,voiture,,1,2,2,7,6
202300006958,2023-11-24 10:45:00,2023,11,24,10,45,84,84007,C.De GAULLE (Rocade),43.9364,4.83222,Plein jour,En agglomération,Hors intersection,Normale,Deux véhicules - côté,3,3,2,0,2,1,1,0,1,50,2,2,1,0,0,1,87.0,60.0,voiture,utilitaire_camion,1,2,1,1,3
202300006959,2023-12-27 18:15:00,2023,12,27,18,15,05,05061,EMILE DIDIER ( AV ),44.5642,6.0894,Nuit avec éclairage allumé,En agglomération,Hors intersection,Normale,Sans collision,2,-1,2,0,1,3,1,9,8,30,1,1,0,0,0,1,16.0,,deux_roues,,5,2,1,1,7
202300006960,2023-06-06 14:50:00,2023,6,6,14,50,75,75115,RUE DE VAUGIRARD,48.8404,2.30425,Plein jour,En agglomération,Intersection en X,Normale,Deux véhicules - côté,4,1,2,0,1,1,1,0,1,30,2,2,1,0,0,1,24.0,46.0,deux_roues,voiture,1,2,2,1,3
202300006960,2023-06-06 14:50:00,2023,6,6,14,50,75,75115,RUE DE VAUGIRARD,48.8404,2.30425,Plein jour,En agglomération,Intersection en X,Normale,Deux véhicules - côté,4,2,2,0,1,1,1,0,1,30,2,2,1,0,0,1,24.0,46.0,deux_roues,voiture,1,2,2,1,3
202300006961,2023-08-18 00:30:00,2023,8,18,0,30,75,75101,RUE DE TURBIGO,48.863705,2.348202,Nuit avec éclairage allumé,En agglomération,Intersection en Y,Normale,Deux véhicules - côté,4,1, -1,-1,1,1,1,0,1,-1,2,2,1,0,0,1,31.0,,deux_roues,voiture,5,2,4,1,3
202300006961,2023-08-18 00:30:00,2023,8,18,0,30,75,75101,RUE DE TURBIGO,48.863705,2.348202,Nuit avec éclairage allumé,En agglomération,Intersection en Y,Normale,Deux véhicules - côté,4,1,1,0,1,1,1,0,1,30,2,2,1,0,0,1,31.0,,deux_roues,voiture,5,2,4,1,3
202300006962,2023-03-21 02:50:00,2023,3,21,2,50,75,75115,RUE CASTAGNARY,48.833564,2.309216,Nuit avec éclairage allumé,En agglomération,Intersection en X,Normale,Deux véhicules - côté,4,1,2,2,1,1,1,0,1,30,2,2,1,0,0,1,27.0,41.0,voiture,deux_roues,5,2,2,1,3
202300006962,2023-03-21 02:50:00,2023,3,21,2,50,75,75115,RUE CASTAGNARY,48.833564,2.309216,Nuit avec éclairage allumé,En agglomération,Intersection en X,Normale,Deux véhicules - côté,4,2,3,0,1,1,1,0,1,30,2,2,1,0,0,1,27.0,41.0,voiture,deux_roues,5,2,2,1,3
202300006963,2023-07-09 19:40:00,2023,7,9,19,40,73,73099,D925 - Pont de Détrier,45.44044346,6.09604731,Plein jour,Hors agglomération,Hors intersection,Normale,Autre collision,3,2,2,0,3,3,1,2,3,80,1,1,0,0,1,0,49.0,,voiture,,1,1,1,1,6
202300006964,2023-12-19 20:30:00,2023,12,19,20,30,92,92060,EDOUARD HERRIOT (AVENUE) RD60,48.78236494,2.25911826,Nuit avec éclairage allumé,En agglomération,Intersection en X,Pluie légère,Deux véhicules - côté,4,2,2,0,1,1,2,0,1,30,2,2,0,0,1,1,23.0,36.0,deux_roues,transport_commun,5,2,2,2,3
202300006964,2023-12-19 20:30:00,2023,12,19,20,30,92,92060,EDOUARD HERRIOT (AVENUE) RD60,48.78236494,2.25911826,Nuit avec éclairage allumé,En agglomération,Intersection en X,Pluie légère,Deux véhicules - côté,4,2,2,0,2,1,2,0,1,30,2,2,0,0,1,1,23.0,36.0,deux_roues,transport_commun,5,2,2,2,3
202300006965,2023-11-23 16:11:00,2023,11,23,16,11,84,84007,BONPAS ( Pont)-MONTFAVET,43.89102,4.91632,Plein jour,Hors agglomération,Intersection en Y,Normale,Deux véhicules - côté,2,2,0,0,1,1,1,5,1,50,2,2,1,0,0,1,79.0,41.0,voiture,utilitaire_camion,1,1,4,1,3
202300006965,2023-11-23 16:11:00,2023,11,23,16,11,84,84007,BONPAS ( Pont)-MONTFAVET,43.89102,4.91632,Plein jour,Hors agglomération,Intersection en Y,Normale,Deux véhicules - côté,2,2,2,0,1,1,1,3,1,50,2,2,1,0,0,1,79.0,41.0,voiture,utilitaire_camion,1,1,4,1,3
202300006966,2023-03-21 16:00:00,2023,3,21,16,0,75,75116,RUE DE L ANNONCIATION,48.856724,2.279208,Plein jour,En agglomération,Hors intersection,Normale,Autre collision,4,1,1,0,1,1,1,0,1,30,1,2,1,0,0,1,60.0,,voiture,,1,2,1,1,6
202300006967,2023-07-13 08:55:00,2023,7,13,8,55,84,84019,Avenue Salvador Allende,44.288104,4.755728,Plein jour,En agglomération,Hors intersection,Normale,Autre collision,3,2,2,0,1,1,1,0,1,50,1,2,1,0,1,0,66.0,,voiture,,1,2,1,1,6
202300006968,2023-06-06 07:55:00,2023,6,6,7,55,75,75115,BOULEVARD PASTEUR,48.845123,2.311121,Plein jour,En agglomération,Intersection en X,Normale,Deux véhicules - arrière,4,-1,2,1,1,1,1,0,1,30,2,2,1,0,0,1,26.0,58.0,deux_roues,voiture,1,2,2,1,2
202300006968,2023-06-06 07:55:00,2023,6,6,7,55,75,75115,BOULEVARD PASTEUR,48.845123,2.311121,Plein jour,En agglomération,Intersection en X,Normale,Deux véhicules - arrière,4,-1,2,1,1,1,1,0,1,30,2,2,1,0,0,1,26.0,58.0,deux_roues,voiture,1,2,2,1,2
202300006969,2023-07-12 13:15:00,2023,7,12,13,15,38,38349,Rue des Granges,45.328239,4.781606,Plein jour,Hors agglomération,Intersection en X,Normale,Deux véhicules - côté,4,2,2,0,1,1,1,0,1,50,2,2,1,0,1,0,36.0,34.0,utilitaire_camion,deux_roues,1,1,2,1,3
202300006969,2023-07-12 13:15:00,2023,7,12,13,15,38,38349,Rue des Granges,45.328239,4.781606,Plein jour,Hors agglomération,Intersection en X,Normale,Deux véhicules - côté,4,2,2,0,1,1,1,0,1,70,2,2,1,0,1,0,36.0,34.0,utilitaire_camion,deux_roues,1,1,2,1,3
202300006970,2023-08-16 17:30:00,2023,8,16,17,30,75,75103,RUE DES ARCHIVES,48.861253,2.358206,Plein jour,En agglomération,Intersection en X,Normale,Deux véhicules - côté,4,1,1,0,1,1,1,0,1,30,2,4,0,0,0,4,22.0,26.0,deux_roues,deux_roues,1,2,2,1,3
202300006970,2023-08-16 17:30:00,2023,8,16,17,30,75,75103,RUE DES ARCHIVES,48.861253,2.358206,Plein jour,En agglomération,Intersection en X,Normale,Deux véhicules - côté,4,2,2,0,1,1,1,0,1,30,2,4,0,0,0,4,22.0,26.0,deux_roues,deux_roues,1,2,2,1,3
202300006971,2023-11-23 17:30:00,2023,11,23,17,30,83,83144,Rond point de l'Université,43.13660694,6.00025946,Nuit avec éclairage allumé,En agglomération,Autre intersection,Normale,Deux véhicules - côté,4,1,2,0,1,2,1,0,1,50,2,2,1,0,0,1,24.0,,deux_roues,voiture,5,2,9,1,3
202300006972,2023-03-21 13:39:00,2023,3,21,13,39,75,75114,RUE DE LA LEGION ETRANGERE,48.821782,2.325023,Plein jour,En agglomération,Intersection en X,Normale,Autre collision,4,2, -1,-1,1,1,1,0,1,-1,1,2,1,0,0,1,47.0,,voiture,,1,2,2,1,6
202300006972,2023-03-21 13:39:00,2023,3,21,13,39,75,75114,RUE DE LA LEGION ETRANGERE,48.821782,2.325023,Plein jour,En agglomération,Intersection en X,Normale,Autre collision,4,1,3,0,1,1,1,0,1,50,1,2,1,0,0,1,47.0,,voiture,,1,2,2,1,6
202300006973,2023-09-22 07:45:00,2023,9,22,7,45,19,19130,D1089,45.45651673,2.11570583,Plein jour,Hors agglomération,Hors intersection,Pluie légère,Deux véhicules - frontale,3,2,3,0,2,2,2,0,1,90,2,2,0,1,1,0,32.0,39.0,utilitaire_camion,voiture,1,1,1,2,1
202300006974,2023-06-06 01:50:00,2023,6,6,1,50,75,75115,QUAI DE GRENELLE,48.851697,2.285357,Nuit avec éclairage allumé,En agglomération,Intersection en T,Normale,Autre collision,4,-1, -1,0,1,1,1,0,1,30,1,2,1,0,0,1,,,deux_roues,,5,2,3,1,6
202300006974,2023-06-06 01:50:00,2023,6,6,1,50,75,75115,QUAI DE GRENELLE,48.851697,2.285357,Nuit avec éclairage allumé,En agglomération,Intersection en T,Normale,Autre collision,4,2,4,0,1,1,1,0,1,50,1,2,1,0,0,1,,,deux_roues,,5,2,3,1,6
202300006975,2023-08-16 10:08:00,2023,8,16,10,8,75,75103,RUE BEAUBOURG,48.861222,2.353493,Plein jour,En agglomération,Intersection en X,Normale,Autre collision,4,2, -1,1,1,1,1,0,1,30,1,2,1,0,0,1,32.0,,deux_roues,,1,2,2,1,6
202300006975,2023-08-16 10:08:00,2023,8,16,10,8,75,75103,RUE BEAUBOURG,48.861222,2.353493,Plein jour,En agglomération,Intersection en X,Normale,Autre collision,4,-1, -1,0,1,1,1,0,1,30,1,2,1,0,0,1,32.0,,deux_roues,,1,2,2,1,6
202300006976,2023-11-24 18:50:00,2023,11,24,18,50,83,83069,AVENUE RITONDALE LEOPOLD,43.11553492,6.1395101,Nuit avec éclairage allumé,En agglomération,Intersection en X,Normale,Deux véhicules - côté,3,3,4,0,1,1,1,0,1,50,2,2,0,0,0,2,41.0,64.0,voiture,voiture,5,2,2,1,3
202300006976,2023-11-24 18:50:00,2023,11,24,18,50,83,83069,AVENUE RITONDALE LEOPOLD,43.11553492,6.1395101,Nuit avec éclairage allumé,En agglomération,Intersection en X,Normale,Deux véhicules - côté,3,1,1,0,1,1,1,0,1,50,2,2,0,0,0,2,41.0,64.0,voiture,voiture,5,2,2,1,3
202300006977,2023-03-22 11:15:00,2023,3,22,11,15,75,75110,RUE DU FAUBOURG SAINT MARTIN,48.874896,2.359003,Plein jour,En agglomération,Intersection en Y,Pluie légère,Deux véhicules - côté,4,3,2,0,4,1,2,8,1,30,2,2,1,0,0,1,64.0,47.0,deux_roues,voiture,1,2,4,2,3
202300006977,2023-03-22 11:15:00,2023,3,22,11,15,75,75110,RUE DU FAUBOURG SAINT MARTIN,48.874896,2.359003,Plein jour,En agglomération,Intersection en Y,Pluie légère,Deux véhicules - côté,4,1,1,0,1,1,2,8,1,30,2,2,1,0,0,1,64.0,47.0,deux_roues,voiture,1,2,4,2,3
202300006978,2023-06-06 07:50:00,2023,6,6,7,50,75,75114,BOULEVARD BRUNE,48.826531,2.310956,Plein jour,En agglomération,Hors intersection,Normale,Deux véhicules - côté,4,3,0,1,1,1,1,0,5,50,2,2,1,0,0,1,39.0,20.0,deux_roues,voiture,1,2,1,1,3
202300006979,2023-06-27 18:20:00,2023,6,27,18,20,26,26235,route departementale 59,44.367981,4.654341,Plein jour,Hors agglomération,Hors intersection,Normale,Trois véhicules et plus - en chaîne,3,2,2,1,1,1,1,0,1,70,5,6,3,0,0,3,52.0,30.0,voiture,utilitaire_camion,1,1,1,1,4
202300006980,2023-10-31 19:00:00,2023,10,31,19,0,30,30269,departementale 983,44.106628,3.886081,Nuit avec éclairage allumé,En agglomération,Hors intersection,Normale,Deux véhicules - frontale,3,2,2,0,1,1,1,0,1,50,2,2,1,0,0,1,16.0,31.0,deux_roues,voiture,5,2,1,1,1
202300006981,2023-08-16 19:17:00,2023,8,16,19,17,94,94081,A86,48.77433,2.40512,Plein jour,Hors agglomération,Hors intersection,Normale,Deux véhicules - arrière,1,1,3,0,2,1,1,0,1,50,2,4,2,0,0,2,34.0,29.0,voiture,voiture,1,1,1,1,2
202300006982,2023-09-30 13:00:00,2023,9,30,13,0,976,97611,m'tsapere-Maeventana (rue),-12.78901,45.219269,Plein jour,En agglomération,Hors intersection,Normale,Autre collision,4,2,2,0,1,1,1,0,1,50,1,2,1,0,0,1,25.0,,voiture,,1,2,1,1,6
202300006983,2023-03-22 02:50:00,2023,3,22,2,50,75,75104,RUE DE LA CITE,48.85359506,2.34711528,Nuit avec éclairage allumé,En agglomération,,Normale,Sans collision,4,1, -1,-1,1,1,1,-1,5,-1,1,1,0,0,0,1,24.0,,deux_roues,,5,2,-1,1,7
202300006983,2023-03-22 02:50:00,2023,3,22,2,50,75,75104,RUE DE LA CITE,48.85359506,2.34711528,Nuit avec éclairage allumé,En agglomération,,Normale,Sans collision,4,1,3,1,1,1,1,-1,5,30,1,1,0,0,0,1,24.0,,deux_roues,,5,2,-1,1,7
202300006984,2023-06-05 12:15:00,2023,6,5,12,15,75,75114,AVENUE DU COLONEL HENRI ROL TANGUY,48.83405,2.332146,Plein jour,En agglomération,Place,Normale,Deux véhicules - arrière,4,1,3,1,1,1,1,0,1,30,2,2,1,0,0,1,26.0,24.0,voiture,deux_roues,1,2,7,1,2
202300006984,2023-06-05 12:15:00,2023,6,5,12,15,75,75114,AVENUE DU COLONEL HENRI ROL TANGUY,48.83405,2.332146,Plein jour,En agglomération,Place,Normale,Deux véhicules - arrière,4,2,6,0,1,1,1,0,1,30,2,2,1,0,0,1,26.0,24.0,voiture,deux_roues,1,2,7,1,2
202300006985,2023-07-12 12:35:00,2023,7,12,12,35,01,01187,Route des Lesines,45.973277,5.701459,Plein jour,En agglomération,Intersection en T,Pluie légère,Deux véhicules - frontale,3,2,2,0,1,3,2,0,1,50,2,2,0,0,0,2,26.0,43.0,voiture,voiture,1,2,3,2,1