accident_id,datetime,annee,mois,jour,heure,minute,departement,commune_insee,adresse,latitude,longitude,luminosite,agglomeration,intersection,meteo,collision,catr,circ,nbv,vosp,prof,plan,surf,infra,situ,vma,nb_vehicules,nb_usagers,nb_indemnes,nb_tues,nb_blesses_hosp,nb_blesses_legers,age_cond_1,age_cond_2,veh_type_cond_1,veh_type_cond_2,lum_code,agg_code,int_code,atm_code,col_code
202300007403,2023-09-21 18:15:00,2023,9,21,18,15,92,92002,MIRABEAU (RUE),48.74771059,2.29932368,Plein jour,En agglomération,Intersection en X,Normale,Autre collision,3,2,2,0,1,1,1,0,8,50,1,3,2,0,0,1,60.0,,voiture,,1,2,2,1,6
202300007403,2023-09-21 18:15:00,2023,9,21,18,15,92,92002,MIRABEAU (RUE),48.74771059,2.29932368,Plein jour,En agglomération,Intersection en X,Normale,Autre collision,3,2,2,0,1,1,1,0,1,50,1,3,2,0,0,1,60.0,,voiture,,1,2,2,1,6
202300007404,2023-09-21 12:00:00,2023,9,21,12,0,92,92002,BOIS DE VERRIERES (AVENUE DU),48.75657189,2.2816658,Plein jour,En agglomération,Intersection en T,Pluie légère,Deux véhicules - côté,4,2,2,1,1,1,2,0,1,50,2,3,1,0,0,2,42.0,41.0,voiture,utilitaire_camion,1,2,3,2,3
202300007404,2023-09-21 12:00:00,2023,9,21,12,0,92,92002,BOIS DE VERRIERES (AVENUE DU),48.75657189,2.2816658,Plein jour,En agglomération,Intersection en T,Pluie légère,Deux véhicules - côté,4,1, -1,-1,1,1,2,0,1,-1,2,3,1,0,0,2,42.0,41.0,voiture,utilitaire_camion,1,2,3,2,3
202300007405,2023-09-22 07:15:00,2023,9,22,7,15,2A,2A065,"Pont de chiuni, D81",42.1802579,8.61484382,Plein jour,Hors agglomération,Hors intersection,Pluie légère,Autre collision,3,-1,2,0,2,1,2,0,3,80,1,1,0,0,0,1,22.0,,voiture,,1,1,1,2,6
202300007406,2023-09-20 20:20:00,2023,9,20,20,20,06,06161,Route Départementale 6007,43.633353,7.134181,Nuit avec éclairage allumé,En agglomération,Hors intersection,Normale,Deux véhicules - côté,3,2,2,1,1,1,1,0,5,50,2,2,1,0,0,1,38.0,39.0,voiture,voiture,5,2,1,1,3
202300007407,2023-09-22 07:55:00,2023,9,22,7,55,974,97412,Rue Juliette Dodu,-21.378789,55.613293,Plein jour,En agglomération,Hors intersection,Normale,Deux véhicules - côté,4,2,2,0,1,1,1,0,1,50,2,2,1,0,0,1,50.0,41.0,voiture,voiture,1,2,1,1,3
202300007408,2023-09-22 10:15:00,2023,9,22,10,15,972,97212,les Deux Terres,14.701453,-61.013839,Plein jour,En agglomération,Hors intersection,Normale,Autre collision,3,2,2,0,1,2,1,0,3,80,1,1,0,0,0,1,33.0,,deux_roues,,1,2,1,1,6
202300007409,2023-09-21 17:30:00,2023,9,21,17,30,44,44051,Le Tertre,47.665449,-1.68932,Plein jour,Hors agglomération,Hors intersection,Normale,Deux véhicules - côté,4,2,2,0,2,2,1,0,1,50,2,2,1,0,1,0,17.0,26.0,deux_roues,voiture,1,1,1,1,3
202300007410,2023-09-21 10:00:00,2023,9,21,10,0,30,30334,,43.990703,4.42874,Plein jour,En agglomération,Intersection en T,Pluie légère,Sans collision,4,2,1,0,1,1,2,0,1,50,2,2,1,0,1,0,85.0,27.0,deux_roues,voiture,1,2,3,2,7
202300007410,2023-09-21 10:00:00,2023,9,21,10,0,30,30334,,43.990703,4.42874,Plein jour,En agglomération,Intersection en T,Pluie légère,Sans collision,4,2, -1,0,1,1,2,0,1,50,2,2,1,0,1,0,85.0,27.0,deux_roues,voiture,1,2,3,2,7
202300007411,2023-08-22 19:40:00,2023,8,22,19,40,91,91560,D35,48.675012,2.168072,Plein jour,Hors agglomération,Giratoire,Normale,Deux véhicules - côté,3,1,2,0,1,2,1,0,1,50,2,2,1,0,1,0,59.0,88.0,voiture,deux_roues,1,1,6,1,3
202300007412,2023-09-22 09:45:00,2023,9,22,9,45,56,56204,La Ville Bretonne,47.918323,-2.73029,Plein jour,Hors agglomération,Hors intersection,Normale,Autre collision,4,2,2,0,1,1,1,0,3,80,1,1,0,1,0,0,74.0,,voiture,,1,1,1,1,6
202300007413,2023-09-14 14:30:00,2023,9,14,14,30,67,67088,Dehlingen,48.98673,7.191389,Plein jour,En agglomération,Hors intersection,Normale,Sans collision,4,2,2,0,2,3,1,0,1,50,1,1,0,0,0,1,53.0,,deux_roues,,1,2,1,1,7
202300007414,2023-09-19 16:30:00,2023,9,19,16,30,2B,2B123,Intersection D 344 et rue du Renosu,42.017042,9.4042,Plein jour,En agglomération,Giratoire,Normale,Deux véhicules - côté,3,2,2,0,1,1,1,0,1,50,2,2,1,0,0,1,60.0,34.0,voiture,voiture,1,2,6,1,3
202300007415,2023-09-15 21:20:00,2023,9,15,21,20,80,80649,D32d,50.316655,1.630247,Nuit sans éclairage public,Hors agglomération,Intersection en X,Normale,Deux véhicules - côté,3,-1,1,0,1,2,1,0,1,70,2,3,2,0,1,0,54.0,78.0,deux_roues,voiture,3,1,2,1,3
202300007415,2023-09-15 21:20:00,2023,9,15,21,20,80,80649,D32d,50.316655,1.630247,Nuit sans éclairage public,Hors agglomération,Intersection en X,Normale,Deux véhicules - côté,3,1,1,0,1,1,1,0,1,70,2,3,2,0,1,0,54.0,78.0,deux_roues,voiture,3,1,2,1,3
202300007416,2023-09-21 20:50:00,2023,9,21,20,50,65,65161,N21,43.34513915,0.13458095,Nuit sans éclairage public,Hors agglomération,Hors intersection,Autre,Deux véhicules - arrière,2,2,2,0,1,1,2,0,1,80,2,3,0,0,0,3,23.0,19.0,utilitaire_camion,voiture,3,1,1,9,2
202300007417,2023-09-22 14:30:00,2023,9,22,14,30,63,63132,,45.617504,3.550301,Plein jour,Hors agglomération,Hors intersection,Pluie légère,Deux véhicules - côté,3,2,2,0,2,3,2,0,1,90,2,2,1,0,1,0,41.0,78.0,voiture,deux_roues,1,1,1,2,3
202300007418,2023-09-21 12:20:00,2023,9,21,12,20,49,49345,D120,47.286158,-0.520949,Plein jour,Hors agglomération,Autre intersection,Normale,Deux véhicules - côté,3,-1,2,0,4,3,1,0,1,80,2,2,1,0,1,0,70.0,53.0,voiture,utilitaire_camion,1,1,9,1,3
202300007418,2023-09-21 12:20:00,2023,9,21,12,20,49,49345,D120,47.286158,-0.520949,Plein jour,Hors agglomération,Autre intersection,Normale,Deux véhicules - côté,3,-1,2,0,1,4,1,0,1,50,2,2,1,0,1,0,70.0,53.0,voiture,utilitaire_camion,1,1,9,1,3
202300007419,2023-09-21 17:40:00,2023,9,21,17,40,34,34140,Avenue Ingarrigues,43.376462,3.177677,Plein jour,En agglomération,Autre intersection,Normale,Autre collision,3,3,2,0,1,3,2,0,1,50,1,2,1,0,1,0,35.0,,voiture,,1,2,9,1,6
202300007420,2023-09-21 09:56:00,2023,9,21,9,56,68,68138,16 Rue de Bettendorf,47.585586,7.259113,Plein jour,En agglomération,Hors intersection,Normale,Autre collision,3,2,2,0,1,1,1,0,1,50,1,2,1,0,1,0,88.0,,voiture,,1,2,1,1,6
202300007421,2023-09-22 09:20:00,2023,9,22,9,20,39,39470,,46.499017,6.099292,Plein jour,Hors agglomération,Hors intersection,Temps couvert,Deux véhicules - frontale,3,2,2,0,2,1,9,0,1,70,2,3,0,0,3,0,30.0,66.0,voiture,voiture,1,1,1,8,1
202300007422,2023-09-20 13:45:00,2023,9,20,13,45,44,44129,l'Île Bayon,47.3817909,-2.0516574,Plein jour,Hors agglomération,Hors intersection,Normale,Autre collision,4,2,2,0,1,1,1,0,3,80,1,1,0,0,1,0,58.0,,voiture,,1,1,1,1,6
202300007423,2023-09-21 20:05:00,2023,9,21,20,5,44,44146,12 Arche,47.77435576,-1.41385674,Crépuscule ou aube,Hors agglomération,Hors intersection,Pluie légère,Autre collision,3,2,2,0,1,3,2,0,8,80,1,2,1,0,1,0,20.0,,voiture,,2,1,1,2,6
202300007424,2023-09-19 19:55:00,2023,9,19,19,55,29,29235,rue Brizeux,48.406172,-4.391079,Nuit avec éclairage allumé,En agglomération,Intersection en Y,Pluie légère,Deux véhicules - côté,4,2,2,0,2,2,2,5,1,50,2,2,1,0,0,1,68.0,47.0,voiture,deux_roues,5,2,4,2,3
202300007425,2023-09-22 09:50:00,2023,9,22,9,50,29,29174,Route de Quelordan,47.872401,-4.240382,Plein jour,Hors agglomération,Hors intersection,Normale,Sans collision,3,2,2,0,2,1,2,0,1,-1,1,2,1,0,0,1,16.0,,deux_roues,,1,1,1,1,7
202300007426,2023-09-21 15:00:00,2023,9,21,15,0,03,03062,D35,46.183099,3.164964,Plein jour,En agglomération,Hors intersection,Pluie légère,Deux véhicules - frontale,3,2,2,0,3,3,2,0,1,50,2,4,3,0,0,1,29.0,44.0,voiture,voiture,1,2,1,2,1
202300007427,2023-09-22 11:45:00,2023,9,22,11,45,15,15074,N 122 ,44.931949,2.492545,Plein jour,Hors agglomération,Hors intersection,Pluie légère,Deux véhicules - frontale,2,2,2,0,1,2,2,0,1,70,2,2,1,0,0,1,35.0,43.0,voiture,voiture,1,1,1,2,1
202300007428,2023-09-20 23:45:00,2023,9,20,23,45,26,26113,D93,44.766481,5.330815,Nuit sans éclairage public,Hors agglomération,Hors intersection,Normale,Sans collision,3,2,2,0,1,2,1,0,3,80,1,1,0,0,0,1,72.0,,voiture,,3,1,1,1,7
202300007429,2023-09-22 03:40:00,2023,9,22,3,40,50,50273,Route de la Haye du Puits,49.292497,-1.521649,Nuit sans éclairage public,Hors agglomération,Hors intersection,Pluie forte,Deux véhicules - arrière,3,2,2,0,1,1,2,0,1,80,2,2,1,0,1,0,30.0,25.0,deux_roues,voiture,3,1,1,3,2
202300007430,2023-09-22 00:35:00,2023,9,22,0,35,18,18008,,46.952826,2.349079,Nuit sans éclairage public,Hors agglomération,Hors intersection,Pluie légère,Sans collision,3,2,2,0,1,2,2,0,3,80,1,1,0,1,0,0,23.0,,voiture,,3,1,1,2,7
202300007431,2023-09-18 15:00:00,2023,9,18,15,0,43,43051,Route de Saint-Agrève,45.055667,4.313464,Plein jour,En agglomération,Intersection en X,Normale,Deux véhicules - côté,3,2,2,0,1,1,1,9,1,50,2,2,1,0,1,0,72.0,35.0,deux_roues,voiture,1,2,2,1,3
202300007431,2023-09-18 15:00:00,2023,9,18,15,0,43,43051,Route de Saint-Agrève,45.055667,4.313464,Plein jour,En agglomération,Intersection en X,Normale,Deux véhicules - côté,3,2, -1,-1,1,1,1,0,1,-1,2,2,1,0,1,0,72.0,35.0,deux_roues,voiture,1,2,2,1,3
202300007432,2023-09-19 18:35:00,2023,9,19,18,35,36,36088,Chemin du Postillon,46.95174652,1.99873388,Plein jour,En agglomération,Intersection en T,Normale,Autre collision,4,2,2,0,1,1,1,0,1,50,2,2,1,0,0,1,9.0,59.0,deux_roues,utilitaire_camion,1,2,3,1,6
202300007432,2023-09-19 18:35:00,2023,9,19,18,35,36,36088,Chemin du Postillon,46.95174652,1.99873388,Plein jour,En agglomération,Intersection en T,Normale,Autre collision,4,2,2,-1,2,1,1,0,1,50,2,2,1,0,0,1,9.0,59.0,deux_roues,utilitaire_camion,1,2,3,1,6
202300007433,2023-09-20 22:42:00,2023,9,20,22,42,30,30307,,44.19419,4.043602,Nuit avec éclairage allumé,Hors agglomération,Hors intersection,Pluie forte,Autre collision,2,2,2,0,1,1,2,0,8,70,1,1,0,0,1,0,49.0,,voiture,,5,1,1,3,6
202300007434,2023-09-22 16:45:00,2023,9,22,16,45,30,30061,,43.934951,4.254504,Plein jour,Hors agglomération,Autre intersection,Normale,Autre collision,2,3,2,0,2,3,1,3,1,70,1,1,0,1,0,0,53.0,,voiture,,1,1,9,1,6
202300007435,2023-09-21 18:56:00,2023,9,21,18,56,48,48074,pk 13 D996,44.204374,3.336695,Plein jour,Hors agglomération,Hors intersection,Temps couvert,Autre collision,3,2,2,0,1,4,2,0,1,90,1,1,0,0,0,1,56.0,,voiture,,1,1,1,8,6
202300007436,2023-09-21 18:20:00,2023,9,21,18,20,63,63370,Autoroute A89,45.666321,2.682445,Plein jour,Hors agglomération,Autre intersection,Pluie légère,Sans collision,1,1,1,0,1,1,2,7,6,30,1,1,0,0,1,0,39.0,,deux_roues,,1,1,9,2,7
202300007437,2023-09-22 15:45:00,2023,9,22,15,45,06,06018,Chemin Neuf,43.6278,7.095461,Plein jour,En agglomération,Hors intersection,Normale,Autre collision,3,2,2,0,1,1,1,6,1,30,1,2,1,0,0,1,69.0,,voiture,,1,2,1,1,6
202300007438,2023-09-20 13:40:00,2023,9,20,13,40,68,68297,A35,47.605496,7.52944,Plein jour,Hors agglomération,Hors intersection,Normale,Deux véhicules - arrière,1,3,2,0,1,1,1,0,1,130,2,5,4,0,0,1,47.0,47.0,voiture,voiture,1,1,1,1,2
202300007439,2023-09-22 14:00:00,2023,9,22,14,0,30,30189,,43.806524,4.363106,Plein jour,Hors agglomération,Hors intersection,Normale,Trois véhicules et plus - collisions multiples,1,3,2,0,1,1,1,0,1,130,3,4,1,0,0,3,61.0,75.0,utilitaire_camion,voiture,1,1,1,1,5
202300007440,2023-09-21 13:40:00,2023,9,21,13,40,974,97422,112 Rue Raphael Douyère,-21.21323,55.552524,Plein jour,En agglomération,Hors intersection,Normale,Autre collision,3,2,2,0,1,2,1,0,1,50,2,2,1,0,1,0,18.0,61.0,deux_roues,utilitaire_camion,1,2,1,1,6
202300007441,2023-08-25 06:45:00,2023,8,25,6,45,83,83079,D98,43.212081,6.493499,Crépuscule ou aube,Hors agglomération,Intersection en T,Normale,Deux véhicules - côté,3,2,2,0,1,1,1,5,1,70,2,3,1,0,1,1,30.0,59.0,voiture,voiture,2,1,3,1,3
202300007441,2023-08-25 06:45:00,2023,8,25,6,45,83,83079,D98,43.212081,6.493499,Crépuscule ou aube,Hors agglomération,Intersection en T,Normale,Deux véhicules - côté,3,2,2,0,1,1,1,5,1,50,2,3,1,0,1,1,30.0,59.0,voiture,voiture,2,1,3,1,3
202300007442,2023-09-22 16:00:00,2023,9,22,16,0,13,13035,Route d?Orgon,43.708625,5.02794,Plein jour,Hors agglomération,Hors intersection,Temps éblouissant,Deux véhicules - frontale,3,2,2,0,1,2,1,0,1,80,2,3,1,2,0,0,90.0,43.0,voiture,voiture,1,1,1,7,1
202300007443,2023-09-04 08:00:00,2023,9,4,8,0,13,13027,D28,43.885295,4.864503,Crépuscule ou aube,En agglomération,Hors intersection,Normale,Deux véhicules - côté,3,1,2,0,1,1,1,5,1,50,2,2,1,0,0,1,43.0,42.0,voiture,deux_roues,2,2,1,1,3
202300007444,2023-09-22 09:30:00,2023,9,22,9,30,63,63284,avenue Roger Prat /chemin de la Quarte,45.8006,3.243005,Crépuscule ou aube,En agglomération,Giratoire,Normale,Deux véhicules - côté,4,1,1,0,1,2,1,9,1,50,2,2,1,0,0,1,31.0,44.0,deux_roues,utilitaire_camion,2,2,6,1,3
202300007444,2023-09-22 09:30:00,2023,9,22,9,30,63,63284,avenue Roger Prat /chemin de la Quarte,45.8006,3.243005,Crépuscule ou aube,En agglomération,Giratoire,Normale,Deux véhicules - côté,4,2, -1,-1,1,1,1,5,1,-1,2,2,1,0,0,1,31.0,44.0,deux_roues,utilitaire_camion,2,2,6,1,3
202300007445,2023-09-22 17:00:00,2023,9,22,17,0,38,38087,Avenue Léon Blum,45.581236,4.796814,Plein jour,En agglomération,Hors intersection,Pluie légère,Autre collision,3,2,2,0,1,3,2,0,1,50,1,2,1,0,1,0,33.0,,autre,,1,2,1,2,6
202300007446,2023-09-16 18:00:00,2023,9,16,18,0,07,07235,d116,44.808787,4.188956,Plein jour,En agglomération,Hors intersection,Pluie légère,Deux véhicules - frontale,3,2,2,0,2,3,2,0,1,50,2,4,3,0,1,0,69.0,23.0,voiture,voiture,1,2,1,2,1
202300007447,2023-09-07 16:20:00,2023,9,7,16,20,01,01249,Rue des Brotteaux,45.823231,4.966727,Plein jour,En agglomération,Intersection en T,Temps éblouissant,Deux véhicules - côté,4,2, -1,-1,2,1,1,0,1,-1,2,2,1,0,0,1,24.0,38.0,deux_roues,utilitaire_camion,1,2,3,7,3
202300007447,2023-09-07 16:20:00,2023,9,7,16,20,01,01249,Rue des Brotteaux,45.823231,4.966727,Plein jour,En agglomération,Intersection en T,Temps éblouissant,Deux véhicules - côté,4,2,2,0,1,1,1,0,1,50,2,2,1,0,0,1,24.0,38.0,deux_roues,utilitaire_camion,1,2,3,7,3
202300007448,2023-09-09 11:49:00,2023,9,9,11,49,69,69107,Route du Col,46.03609394,4.51972483,Plein jour,Hors agglomération,Hors intersection,Normale,Autre collision,3,2,2,0,2,3,1,0,1,80,1,1,0,0,0,1,58.0,,deux_roues,,1,1,1,1,6
202300007449,2023-09-20 19:15:00,2023,9,20,19,15,33,33243,Avenue du Général de Gaulle,44.90319,-0.221947,Plein jour,En agglomération,Giratoire,Normale,Deux véhicules - côté,3,2,2,0,1,1,1,0,1,50,2,2,1,0,0,1,26.0,52.0,deux_roues,voiture,1,2,6,1,3
202300007449,2023-09-20 19:15:00,2023,9,20,19,15,33,33243,Avenue du Général de Gaulle,44.90319,-0.221947,Plein jour,En agglomération,Giratoire,Normale,Deux véhicules - côté,3,2,2,-1,1,1,1,0,1,50,2,2,1,0,0,1,26.0,52.0,deux_roues,voiture,1,2,6,1,3
202300007450,2023-09-21 09:00:00,2023,9,21,9,0,50,50294,D352 PR 01.500,49.602742,-1.640825,Plein jour,Hors agglomération,Hors intersection,Normale,Deux véhicules - côté,3,2,2,0,1,2,2,0,1,80,2,2,0,0,1,1,38.0,29.0,voiture,voiture,1,1,1,1,3
202300007451,2023-09-22 19:00:00,2023,9,22,19,0,27,27412,D79,49.272019,1.123996,Crépuscule ou aube,Hors agglomération,Hors intersection,Normale,Autre collision,3,2,2,0,1,4,2,0,1,80,1,1,0,0,0,1,17.0,,deux_roues,,2,1,1,1,6
202300007452,2023-09-22 11:30:00,2023,9,22,11,30,60,60106,D37,49.38691161,2.45605803,Plein jour,Hors agglomération,Autre intersection,Pluie légère,Autre collision,3,-1,2,0,2,3,2,0,1,70,1,2,1,0,1,0,20.0,,voiture,,1,1,9,2,6
202300007453,2023-09-21 22:15:00,2023,9,21,22,15,02,02495,33 Avenue de Verdun,49.965963,4.053741,Nuit sans éclairage public,Hors agglomération,Hors intersection,Normale,Autre collision,3,2,2,0,2,2,2,0,3,80,1,1,0,0,1,0,24.0,,voiture,,3,1,1,1,6
202300007454,2023-09-21 13:40:00,2023,9,21,13,40,59,59531,2 Rue du Cateau,50.075547,3.530796,Plein jour,En agglomération,Hors intersection,Pluie forte,Autre collision,3,2,2,0,1,3,2,0,4,50,1,1,0,1,0,0,39.0,,deux_roues,,1,2,1,3,6
202300007455,2023-09-22 08:30:00,2023,9,22,8,30,59,59250,Fournes-en-Weppes,50.58434,2.907665,Plein jour,Hors agglomération,Giratoire,Normale,Deux véhicules - côté,2,2,2,0,1,1,1,0,1,90,2,2,1,0,0,1,29.0,32.0,deux_roues,utilitaire_camion,1,1,6,1,3
202300007456,2023-09-21 11:00:00,2023,9,21,11,0,13,13005,A52-Sens Toulon vers Pont de l'Etoile,43.3236,5.5981,Plein jour,Hors agglomération,Hors intersection,Normale,Deux véhicules - arrière,1,-1,0,0,1,1,1,9,1,70,2,3,1,0,0,2,78.0,59.0,voiture,utilitaire_camion,1,1,1,1,2
202300007457,2023-09-20 18:00:00,2023,9,20,18,0,13,13019,A51-Sens Marseille vers Aix en Provence,43.4213827,5.36970087,Plein jour,Hors agglomération,Hors intersection,Pluie légère,Deux véhicules - côté,1,1,3,0,1,1,2,0,1,90,2,4,2,0,0,2,24.0,49.0,voiture,voiture,1,1,1,2,3
202300007458,2023-09-21 07:10:00,2023,9,21,7,10,13,13028,A50,43.195996,5.645306,Crépuscule ou aube,Hors agglomération,Hors intersection,Pluie forte,Autre collision,1,3,3,0,2,1,2,9,1,110,1,1,0,0,0,1,35.0,,voiture,,2,1,1,3,6
202300007459,2023-09-06 18:00:00,2023,9,6,18,0,69,69256,Autoroute 42 ,45.80420156,4.92603372,Plein jour,Hors agglomération,Hors intersection,Normale,Deux véhicules - arrière,1,1,2,0,1,1,1,0,1,90,2,2,0,0,0,2,43.0,41.0,utilitaire_camion,voiture,1,1,1,1,2
202300007460,2023-09-21 06:49:00,2023,9,21,6,49,67,67482,M350,48.59696,7.74994,Crépuscule ou aube,En agglomération,Hors intersection,Normale,Deux véhicules - arrière,7,1,3,0,1,1,1,0,1,50,2,2,1,0,0,1,31.0,46.0,voiture,deux_roues,2,2,1,1,2
202300007461,2023-09-21 17:30:00,2023,9,21,17,30,91,91339,RN 104,48.62387,2.2661,Plein jour,Hors agglomération,Hors intersection,Normale,Trois véhicules et plus - collisions multiples,2,3,2,0,1,1,2,0,1,110,3,3,2,0,0,1,44.0,53.0,utilitaire_camion,voiture,1,1,1,1,5
202300007462,2023-09-21 15:40:00,2023,9,21,15,40,91,91136,AUTOROUTE A10,48.71073,2.28843,Plein jour,Hors agglomération,Hors intersection,Pluie légère,Autre collision,1,1,2,0,2,2,2,2,1,70,1,1,0,0,0,1,47.0,,voiture,,1,1,1,2,6
202300007463,2023-09-21 09:20:00,2023,9,21,9,20,91,91235,RN 104,48.626,2.353,Plein jour,Hors agglomération,Hors intersection,Pluie forte,Sans collision,2,-1,2,0,1,1,2,0,1,110,1,1,0,0,0,1,26.0,,deux_roues,,1,1,1,3,7
202300007464,2023-09-21 07:45:00,2023,9,21,7,45,91,91286,AUTOROUTE A6,48.65409,2.38047,Plein jour,Hors agglomération,Hors intersection,Pluie légère,Deux véhicules - côté,1,1,3,0,1,1,2,0,1,110,2,2,1,0,0,1,51.0,50.0,voiture,deux_roues,1,1,1,2,3
202300007465,2023-09-21 15:25:00,2023,9,21,15,25,78,78640,A86 EXT,48.777254,2.223418,Plein jour,Hors agglomération,Hors intersection,Pluie légère,Trois véhicules et plus - collisions multiples,1,1,3,0,1,1,2,0,1,90,3,3,1,0,0,2,62.0,62.0,voiture,voiture,1,1,1,2,5
202300007466,2023-09-21 09:00:00,2023,9,21,9,0,78,78217,A13,48.963053,1.833688,Plein jour,Hors agglomération,Hors intersection,Pluie forte,Autre collision,1,1,3,0,1,1,2,0,1,130,1,1,0,0,0,1,23.0,,voiture,,1,1,1,3,6
202300007467,2023-09-19 08:28:00,2023,9,19,8,28,78,78640,N118,48.784529,2.223155,Plein jour,Hors agglomération,Hors intersection,Normale,Deux véhicules - côté,2,1,3,0,1,1,1,0,1,90,2,2,1,0,0,1,31.0,51.0,voiture,deux_roues,1,1,1,1,3
202300007468,2023-09-21 19:00:00,2023,9,21,19,0,93,93029,AUTOROUTE A86,48.91636,2.42967,Plein jour,Hors agglomération,Hors intersection,Temps couvert,Deux véhicules - côté,1,3,3,0,1,2,2,1,2,90,2,2,1,0,0,1,26.0,55.0,deux_roues,voiture,1,1,1,8,3
202300007469,2023-09-21 16:45:00,2023,9,21,16,45,92,92036,AUTOROUTE A86,48.93897699,2.3024278,Plein jour,Hors agglomération,Hors intersection,Normale,Sans collision,1,1,2,0,2,1,2,0,1,50,1,1,0,0,0,1,50.0,,deux_roues,,1,1,1,1,7
202300007470,2023-09-21 11:30:00,2023,9,21,11,30,93,93027,AUTOROUTE A1,48.93557,2.40278,Plein jour,Hors agglomération,Hors intersection,Pluie forte,Trois véhicules et plus - en chaîne,1,3,3,0,1,1,2,0,1,90,4,4,2,0,0,2,55.0,29.0,voiture,voiture,1,1,1,3,4
202300007471,2023-09-21 10:00:00,2023,9,21,10,0,92,92036,AUTOROUTE A15,48.94364712,2.28775617,Plein jour,Hors agglomération,Hors intersection,Pluie forte,Deux véhicules - côté,1,3,10,0,4,3,2,2,1,90,2,2,1,0,0,1,23.0,51.0,voiture,voiture,1,1,1,3,3
202300007472,2023-09-21 08:45:00,2023,9,21,8,45,93,93010,AUTOROUTE A3,48.90759,2.47309,Plein jour,Hors agglomération,Hors intersection,Pluie forte,Autre collision,1,3,3,0,1,1,2,0,1,90,1,2,1,0,0,1,49.0,,utilitaire_camion,,1,1,1,3,6
202300007473,2023-09-21 21:25:00,2023,9,21,21,25,94,94069,A4,48.81720461,2.42851783,Nuit avec éclairage allumé,Hors agglomération,Hors intersection,Pluie légère,Autre collision,1,-1,4,0,1,1,2,0,1,90,1,1,0,0,1,0,36.0,,deux_roues,,5,1,1,2,6
202300007474,2023-09-21 09:40:00,2023,9,21,9,40,77,77337,A4,48.82994857,2.61980264,Plein jour,Hors agglomération,Hors intersection,Pluie forte,Deux véhicules - côté,1,1,3,0,1,1,4,0,1,110,2,2,1,0,1,0,56.0,50.0,deux_roues,voiture,1,1,1,3,3
202300007475,2023-09-21 09:00:00,2023,9,21,9,0,77,77294,N1104,48.97156364,2.57335321,Plein jour,Hors agglomération,Hors intersection,Pluie forte,Autre collision,1,3,4,0,1,1,2,0,1,90,3,4,0,0,0,4,45.0,22.0,voiture,utilitaire_camion,1,1,1,3,6
202300007476,2023-09-21 07:40:00,2023,9,21,7,40,94,94042,A4,48.82800728,2.4730466,Plein jour,Hors agglomération,Hors intersection,Pluie forte,Trois véhicules et plus - en chaîne,1,1,4,0,1,1,4,0,1,90,3,3,2,0,0,1,29.0,27.0,utilitaire_camion,voiture,1,1,1,3,4
202300007477,2023-06-19 07:50:00,2023,6,19,7,50,62,62826,D939,50.50823,1.61152,Plein jour,En agglomération,Giratoire,Normale,Deux véhicules - côté,3,2,2,2,1,1,1,9,1,50,2,2,1,0,0,1,23.0,15.0,voiture,deux_roues,1,2,6,1,3
202300007477,2023-06-19 07:50:00,2023,6,19,7,50,62,62826,D939,50.50823,1.61152,Plein jour,En agglomération,Giratoire,Normale,Deux véhicules - côté,3,2,2,0,1,1,1,9,8,50,2,2,1,0,0,1,23.0,15.0,voiture,deux_roues,1,2,6,1,3
202300007478,2023-09-19 19:50:00,2023,9,19,19,50,92,92049,GINOUX AV. HENRI N°1 A 95 ET 2 A 104,48.81915,2.32324,Plein jour,En agglomération,Hors intersection,Normale,Deux véhicules - arrière,3,1,3,3,1,1,1,0,1,50,2,5,3,0,0,2,38.0,,transport_commun,utilitaire_camion,1,2,1,1,2
202300007479,2023-09-20 06:00:00,2023,9,20,6,0,974,97416,AERODROME (CHEMIN DE L'),-21.30236,55.4237,Plein jour,En agglomération,Hors intersection,Normale,Sans collision,4,2,2,0,1,1,1,0,1,50,1,2,0,0,0,2,29.0,,deux_roues,,1,2,1,1,7
202300007480,2023-09-20 19:45:00,2023,9,20,19,45,974,97407,DAYOT(RUE),-20.94623,55.29195,Nuit avec éclairage allumé,En agglomération,Hors intersection,Normale,Autre collision,4,2,1,0,1,1,1,0,1,50,1,1,0,0,0,1,56.0,,deux_roues,,5,2,1,1,6
202300007481,2023-09-20 12:20:00,2023,9,20,12,20,974,97407,JACQUES PREVERT (RUE) RIVIERE DES GALETS,-20.94308,55.32896,Plein jour,En agglomération,Hors intersection,Normale,Deux véhicules - côté,2,2,2,1,1,1,1,0,5,50,2,2,1,0,0,1,46.0,25.0,deux_roues,voiture,1,2,1,1,3
202300007482,2023-09-20 14:33:00,2023,9,20,14,33,69,69387,Quai Charles de Gaulle,45.74781,4.8336,Plein jour,En agglomération,Passage à niveau,Normale,Deux véhicules - côté,4,1,2,3,1,1,1,4,6,50,2,2,1,0,0,1,26.0,38.0,deux_roues,transport_commun,1,2,8,1,3
202300007482,2023-09-20 14:33:00,2023,9,20,14,33,69,69387,Quai Charles de Gaulle,45.74781,4.8336,Plein jour,En agglomération,Passage à niveau,Normale,Deux véhicules - côté,4,2,1,1,1,1,1,4,6,30,2,2,1,0,0,1,26.0,38.0,deux_roues,transport_commun,1,2,8,1,3