accident_id,datetime,annee,mois,jour,heure,minute,departement,commune_insee,adresse,latitude,longitude,luminosite,agglomeration,intersection,meteo,collision,catr,circ,nbv,vosp,prof,plan,surf,infra,situ,vma,nb_vehicules,nb_usagers,nb_indemnes,nb_tues,nb_blesses_hosp,nb_blesses_legers,age_cond_1,age_cond_2,veh_type_cond_1,veh_type_cond_2,lum_code,agg_code,int_code,atm_code,col_code
202300007483,2023-09-20 07:00:00,2023,9,20,7,0,69,69386,20 Rue Masséna,45.7711,4.8539,Crépuscule ou aube,En agglomération,Intersection en X,Normale,Deux véhicules - côté,4,1,1,2,1,1,1,0,1,30,2,2,0,1,1,0,56.0,32.0,deux_roues,deux_roues,2,2,2,1,3
202300007483,2023-09-20 07:00:00,2023,9,20,7,0,69,69386,20 Rue Masséna,45.7711,4.8539,Crépuscule ou aube,En agglomération,Intersection en X,Normale,Deux véhicules - côté,4,1,1,2,1,1,1,0,1,30,2,2,0,1,1,0,56.0,32.0,deux_roues,deux_roues,2,2,2,1,3
202300007484,2023-09-20 19:55:00,2023,9,20,19,55,69,69389,7 Rue Marietton,45.77486,4.80752,Nuit avec éclairage allumé,En agglomération,Hors intersection,Normale,Autre collision,4,1,1,3,1,1,1,0,1,50,1,2,1,0,0,1,28.0,,deux_roues,,5,2,1,1,6
202300007485,2023-09-20 14:45:00,2023,9,20,14,45,2B,2B033,TOUTES RUES,42.67893,9.43872,Plein jour,En agglomération,Hors intersection,Normale,Deux véhicules - côté,4,2,2,0,1,1,1,0,1,50,2,2,1,0,0,1,15.0,55.0,deux_roues,voiture,1,2,1,1,3
202300007486,2023-09-20 08:25:00,2023,9,20,8,25,91,91421,NATIONALE 6 (CES POMPIDOU),48.69095,2.45396,Plein jour,En agglomération,Hors intersection,Normale,Trois véhicules et plus - collisions multiples,3,3,4,0,1,3,1,0,1,90,4,4,2,0,0,2,23.0,26.0,voiture,voiture,1,2,1,1,5
202300007487,2023-09-20 15:53:00,2023,9,20,15,53,91,91434,JEAN-PIERRE TIMBAUD (RUE),48.661255,2.359245,Plein jour,En agglomération,Hors intersection,Normale,Autre collision,4,2,2,0,1,1,1,0,1,50,1,2,1,0,0,1,54.0,,voiture,,1,2,1,1,6
202300007488,2023-09-20 07:55:00,2023,9,20,7,55,89,89387,VERDUN (BOULEVARD DE),48.20445,3.28981,Plein jour,En agglomération,Hors intersection,Normale,Deux véhicules - arrière,4,2,2,0,1,1,1,0,1,50,2,2,1,0,0,1,60.0,17.0,voiture,deux_roues,1,2,1,1,2
202300007489,2023-09-19 18:14:00,2023,9,19,18,14,30,30011,Route d'Aramon,43.94925,4.78793,Plein jour,Hors agglomération,Intersection en T,Normale,Deux véhicules - côté,3,2,2,0,1,1,1,5,1,70,2,3,1,0,1,1,41.0,87.0,deux_roues,voiture,1,1,3,1,3
202300007489,2023-09-19 18:14:00,2023,9,19,18,14,30,30011,Route d'Aramon,43.94925,4.78793,Plein jour,Hors agglomération,Intersection en T,Normale,Deux véhicules - côté,3,2,2,0,1,1,1,5,1,70,2,3,1,0,1,1,41.0,87.0,deux_roues,voiture,1,1,3,1,3
202300007490,2023-09-16 23:15:00,2023,9,16,23,15,83,83126,ORVES (AV ESTIENNE D'),43.11207,5.87781,Nuit avec éclairage allumé,En agglomération,Intersection en T,Normale,Deux véhicules - côté,3,3,2,0,2,1,1,0,1,50,2,2,0,0,0,2,21.0,21.0,deux_roues,voiture,5,2,3,1,3
202300007490,2023-09-16 23:15:00,2023,9,16,23,15,83,83126,ORVES (AV ESTIENNE D'),43.11207,5.87781,Nuit avec éclairage allumé,En agglomération,Intersection en T,Normale,Deux véhicules - côté,3,3,2,0,1,1,1,9,1,50,2,2,0,0,0,2,21.0,21.0,deux_roues,voiture,5,2,3,1,3
202300007491,2023-09-17 22:55:00,2023,9,17,22,55,83,83061,AVENUE DE PROVENCE,43.42648,6.75596,Nuit avec éclairage allumé,En agglomération,Giratoire,Normale,Deux véhicules - côté,3,2,2,0,1,1,1,0,1,50,2,3,1,0,0,2,22.0,40.0,deux_roues,voiture,5,2,6,1,3
202300007491,2023-09-17 22:55:00,2023,9,17,22,55,83,83061,AVENUE DE PROVENCE,43.42648,6.75596,Nuit avec éclairage allumé,En agglomération,Giratoire,Normale,Deux véhicules - côté,3,2,2,0,1,1,1,0,1,50,2,3,1,0,0,2,22.0,40.0,deux_roues,voiture,5,2,6,1,3
202300007492,2023-09-20 14:35:00,2023,9,20,14,35,78,78551,LYAUTEY (DU MARECHAL),48.89477,2.09718,Plein jour,En agglomération,Hors intersection,Normale,Deux véhicules - côté,3,1,0,1,1,1,1,0,1,50,2,2,1,0,0,1,38.0,58.0,voiture,deux_roues,1,2,1,1,3
202300007493,2023-09-20 12:30:00,2023,9,20,12,30,77,77330,CRECY (CHEMIN DE),48.927133,2.884128,Plein jour,En agglomération,Hors intersection,Normale,Deux véhicules - arrière,6,-1, -1,3,1,1,1,0,4,50,1,2,1,0,0,1,54.0,,voiture,,1,2,1,1,2
202300007494,2023-09-20 14:17:00,2023,9,20,14,17,77,77058,GENERAL DE GAULLE  (AVENUE DU),48.83784,2.70993,Plein jour,En agglomération,Hors intersection,Normale,Autre collision,4,2,2,0,1,1,1,0,1,50,1,2,1,0,0,1,39.0,,voiture,,1,2,1,1,6
202300007495,2023-09-20 20:40:00,2023,9,20,20,40,76,76540,Avenue de la Libération,49.42573,1.06861,Nuit sans éclairage public,En agglomération,Intersection en T,Normale,Deux véhicules - côté,7,2,2,3,1,1,1,-1,6,50,2,2,1,0,1,0,32.0,51.0,voiture,deux_roues,3,2,3,1,3
202300007495,2023-09-20 20:40:00,2023,9,20,20,40,76,76540,Avenue de la Libération,49.42573,1.06861,Nuit sans éclairage public,En agglomération,Intersection en T,Normale,Deux véhicules - côté,7,2,2,0,1,1,1,0,6,50,2,2,1,0,1,0,32.0,51.0,voiture,deux_roues,3,2,3,1,3
202300007496,2023-09-20 18:00:00,2023,9,20,18,0,76,76497,D418 (Bretelle),49.38409,1.04945,Plein jour,Hors agglomération,Hors intersection,Normale,Deux véhicules - arrière,7,1,2,0,2,2,1,3,1,90,2,3,0,0,0,3,29.0,28.0,voiture,voiture,1,1,1,1,2
202300007497,2023-09-20 08:15:00,2023,9,20,8,15,73,73008,D991 GRAND PORT (RONDEAU) AVENUE DU,45.700796,5.902385,Plein jour,En agglomération,Intersection en T,Normale,Deux véhicules - côté,3,2,2,0,1,1,1,0,4,50,2,2,1,0,1,0,32.0,32.0,voiture,deux_roues,1,2,3,1,3
202300007497,2023-09-20 08:15:00,2023,9,20,8,15,73,73008,D991 GRAND PORT (RONDEAU) AVENUE DU,45.700796,5.902385,Plein jour,En agglomération,Intersection en T,Normale,Deux véhicules - côté,3,2,2,-1,1,1,1,0,4,-1,2,2,1,0,1,0,32.0,32.0,voiture,deux_roues,1,2,3,1,3
202300007498,2023-09-19 18:15:00,2023,9,19,18,15,72,72181,DEMORIEUX (BD) ENTRE HUISNE ET RD-POINT,47.99296,0.18452,Plein jour,En agglomération,Giratoire,Normale,Deux véhicules - côté,4,1,1,0,1,2,1,5,6,50,2,2,1,0,0,1,53.0,36.0,deux_roues,voiture,1,2,6,1,3
202300007498,2023-09-19 18:15:00,2023,9,19,18,15,72,72181,DEMORIEUX (BD) ENTRE HUISNE ET RD-POINT,47.99296,0.18452,Plein jour,En agglomération,Giratoire,Normale,Deux véhicules - côté,4,-1,0,0,1,1,1,5,8,50,2,2,1,0,0,1,53.0,36.0,deux_roues,voiture,1,2,6,1,3
202300007499,2023-09-20 08:30:00,2023,9,20,8,30,71,71076,VERDUN (AVENUE),46.77655341,4.86013766,Plein jour,En agglomération,Hors intersection,Normale,Autre collision,4,2,2,0,1,1,1,-1,1,50,1,2,1,0,0,1,26.0,,voiture,,1,2,1,1,6
202300007500,2023-09-20 16:30:00,2023,9,20,16,30,69,69256,Avenue Gaston Monmousseau,45.77994,4.91018,Plein jour,En agglomération,Intersection en X,Normale,Deux véhicules - côté,4,2,2,0,1,1,1,0,1,30,2,2,1,0,0,1,54.0,21.0,voiture,deux_roues,1,2,2,1,3
202300007500,2023-09-20 16:30:00,2023,9,20,16,30,69,69256,Avenue Gaston Monmousseau,45.77994,4.91018,Plein jour,En agglomération,Intersection en X,Normale,Deux véhicules - côté,4,2,2,2,1,2,1,0,1,50,2,2,1,0,0,1,54.0,21.0,voiture,deux_roues,1,2,2,1,3
202300007501,2023-09-20 16:10:00,2023,9,20,16,10,69,69275,Avenue Franklin Roosevelt,45.76771,4.93663,Plein jour,En agglomération,Intersection en X,Normale,Deux véhicules - côté,7,2,3,2,1,1,1,0,1,50,2,2,0,0,2,0,22.0,42.0,voiture,deux_roues,1,2,2,1,3
202300007501,2023-09-20 16:10:00,2023,9,20,16,10,69,69275,Avenue Franklin Roosevelt,45.76771,4.93663,Plein jour,En agglomération,Intersection en X,Normale,Deux véhicules - côté,7,2,4,2,1,1,1,0,1,50,2,2,0,0,2,0,22.0,42.0,voiture,deux_roues,1,2,2,1,3
202300007502,2023-09-20 18:15:00,2023,9,20,18,15,69,69259,Route de Vienne,45.723567,4.85412093,Plein jour,En agglomération,Hors intersection,Normale,Deux véhicules - côté,4,2,2,2,1,1,1,0,1,50,2,2,1,0,1,0,25.0,19.0,voiture,deux_roues,1,2,1,1,3
202300007503,2023-09-19 20:00:00,2023,9,19,20,0,69,69259,Route de Vienne,45.71687668,4.85628833,Plein jour,En agglomération,Intersection en X,Normale,Deux véhicules - côté,4,1,2,0,1,3,1,0,1,50,2,2,1,0,0,1,,55.0,voiture,deux_roues,1,2,2,1,3
202300007503,2023-09-19 20:00:00,2023,9,19,20,0,69,69259,Route de Vienne,45.71687668,4.85628833,Plein jour,En agglomération,Intersection en X,Normale,Deux véhicules - côté,4,2,6,2,1,1,1,0,1,50,2,2,1,0,0,1,,55.0,voiture,deux_roues,1,2,2,1,3
202300007504,2023-09-20 10:10:00,2023,9,20,10,10,64,64260,CANETA (RUE DE),43.357354,-1.77631,Plein jour,En agglomération,Intersection en T,Normale,Deux véhicules - arrière,4,2,2,0,4,3,1,0,1,50,2,2,1,0,0,1,45.0,46.0,utilitaire_camion,voiture,1,2,3,1,2
202300007504,2023-09-20 10:10:00,2023,9,20,10,10,64,64260,CANETA (RUE DE),43.357354,-1.77631,Plein jour,En agglomération,Intersection en T,Normale,Deux véhicules - arrière,4,2,2,0,1,1,1,0,1,50,2,2,1,0,0,1,45.0,46.0,utilitaire_camion,voiture,1,2,3,1,2
202300007505,2023-09-20 17:50:00,2023,9,20,17,50,64,64445,ORLEANS D',43.29899,-0.37286,Plein jour,En agglomération,Hors intersection,Normale,Autre collision,4,2,2,0,1,1,1,0,1,50,1,2,1,0,0,1,,,deux_roues,,1,2,1,1,6
202300007506,2023-09-20 14:50:00,2023,9,20,14,50,64,64284,8 MAI 1945 DU,43.29291,-0.41055,Plein jour,En agglomération,Hors intersection,Normale,Deux véhicules - arrière,3,2,2,0,1,1,1,0,1,70,2,2,1,0,0,1,59.0,55.0,voiture,voiture,1,2,1,1,2
202300007507,2023-09-20 10:00:00,2023,9,20,10,0,64,64284,18 JUIN 1940 DU,43.29335129,-0.41141063,Plein jour,Hors agglomération,Hors intersection,Normale,Autre collision,3,2,2,0,1,1,1,0,1,70,2,2,1,0,0,1,39.0,67.0,utilitaire_camion,deux_roues,1,1,1,1,6
202300007508,2023-09-20 08:30:00,2023,9,20,8,30,64,64445,UNIVERSITE DE L',43.31125,-0.3634,Plein jour,En agglomération,Hors intersection,Temps éblouissant,Deux véhicules - côté,4,3,3,0,1,1,1,0,5,50,2,2,1,0,0,1,32.0,52.0,voiture,deux_roues,1,2,1,7,3
202300007509,2023-09-20 09:45:00,2023,9,20,9,45,63,63300,VIRLOGEUX (AVENUE),45.8902,3.1184,Plein jour,En agglomération,Hors intersection,Normale,Autre collision,3,-1,2,0,2,1,1,0,1,50,1,2,1,1,0,0,31.0,,voiture,,1,2,1,1,6
202300007510,2023-09-20 07:50:00,2023,9,20,7,50,63,63113,Lafayette / Paulines,45.7734,3.0924,Plein jour,En agglomération,Intersection en X,Normale,Deux véhicules - côté,4,1,2,0,1,1,1,0,1,30,2,3,0,0,0,3,42.0,47.0,voiture,voiture,1,2,2,1,3
202300007510,2023-09-20 07:50:00,2023,9,20,7,50,63,63113,Lafayette / Paulines,45.7734,3.0924,Plein jour,En agglomération,Intersection en X,Normale,Deux véhicules - côté,4,1,3,0,1,3,1,0,1,30,2,3,0,0,0,3,42.0,47.0,voiture,voiture,1,2,2,1,3
202300007511,2023-09-20 07:50:00,2023,9,20,7,50,63,63113,rue abbé Prevost,45.79349,3.07842,Crépuscule ou aube,En agglomération,Intersection en X,Normale,Autre collision,4,2,2,-1,1,1,1,0,1,30,1,2,1,0,0,1,54.0,,voiture,,2,2,2,1,6
202300007511,2023-09-20 07:50:00,2023,9,20,7,50,63,63113,rue abbé Prevost,45.79349,3.07842,Crépuscule ou aube,En agglomération,Intersection en X,Normale,Autre collision,4,2,1,0,2,1,1,0,1,30,1,2,1,0,0,1,54.0,,voiture,,2,2,2,1,6
202300007512,2023-09-20 08:50:00,2023,9,20,8,50,62,62193,Rue Descartes,50.95385,1.860194,Plein jour,En agglomération,Hors intersection,Pluie légère,Autre collision,4,-1,0,0,1,1,2,0,4,50,1,2,1,0,0,1,50.0,,voiture,,1,2,1,2,6
202300007513,2023-09-20 13:35:00,2023,9,20,13,35,61,61001,D27 PR1+350,48.43477,0.11293,Plein jour,En agglomération,Giratoire,Normale,Deux véhicules - côté,3,2,2,0,2,1,1,0,1,30,2,2,1,0,0,1,16.0,42.0,deux_roues,voiture,1,2,6,1,3
202300007513,2023-09-20 13:35:00,2023,9,20,13,35,61,61001,D27 PR1+350,48.43477,0.11293,Plein jour,En agglomération,Giratoire,Normale,Deux véhicules - côté,3,2,2,0,1,3,1,0,1,50,2,2,1,0,0,1,16.0,42.0,deux_roues,voiture,1,2,6,1,3
202300007514,2023-09-20 07:50:00,2023,9,20,7,50,61,61001,D2,48.43908,0.07471,Plein jour,En agglomération,Intersection en T,Normale,Deux véhicules - côté,3,2,2,0,1,1,1,0,1,50,2,2,1,0,1,0,22.0,49.0,voiture,deux_roues,1,2,3,1,3
202300007514,2023-09-20 07:50:00,2023,9,20,7,50,61,61001,D2,48.43908,0.07471,Plein jour,En agglomération,Intersection en T,Normale,Deux véhicules - côté,3,2, -1,-1,1,1,1,0,1,30,2,2,1,0,1,0,22.0,49.0,voiture,deux_roues,1,2,3,1,3
202300007515,2023-10-22 05:57:00,2023,10,22,5,57,06,06083,"SOLEIL (PROMENADE DU, N° 850 A 960)",43.772985,7.499787,Nuit avec éclairage allumé,En agglomération,Hors intersection,Normale,Sans collision,3,-1,2,0,1,1,1,0,1,50,1,1,0,0,1,0,22.0,,deux_roues,,5,2,1,1,7
202300007516,2023-10-22 16:45:00,2023,10,22,16,45,06,06004,R.N.98 BORD DE MER SIESTA,43.604639,7.125518,Plein jour,Hors agglomération,Hors intersection,Normale,Deux véhicules - frontale,3,2,2,0,1,1,1,0,1,50,2,3,0,0,0,3,57.0,72.0,voiture,voiture,1,1,1,1,1
202300007517,2023-10-06 16:07:00,2023,10,6,16,7,04,04112,SAVELS (AV. DES),43.82693,5.78119,Plein jour,En agglomération,Hors intersection,Normale,Deux véhicules - côté,4,2,2,0,1,1,1,0,1,50,2,2,1,0,0,1,32.0,20.0,voiture,deux_roues,1,2,1,1,3
202300007518,2023-10-22 04:37:00,2023,10,22,4,37,01,01053,POINCARE ( RUE RAYMOND),46.21033,5.22212,Nuit avec éclairage allumé,En agglomération,Hors intersection,Normale,Autre collision,4,1,1,0,1,3,1,0,4,50,1,5,3,0,0,2,18.0,,voiture,,5,2,1,1,6
202300007519,2023-10-22 12:50:00,2023,10,22,12,50,75,75120,PORTE DES LILAS,48.872376,2.412504,Plein jour,En agglomération,Hors intersection,Normale,Trois véhicules et plus - collisions multiples,4,1,4,0,1,1,1,1,1,70,3,4,2,0,0,2,27.0,47.0,voiture,voiture,1,2,1,1,5
202300007520,2023-10-22 13:15:00,2023,10,22,13,15,75,75116,PORTE D AUTEUIL,48.844967,2.255002,Plein jour,En agglomération,Hors intersection,Normale,Deux véhicules - côté,4,1,4,0,1,1,1,0,1,70,2,2,1,0,0,1,34.0,37.0,deux_roues,utilitaire_camion,1,2,1,1,3
202300007521,2023-10-21 18:40:00,2023,10,21,18,40,75,75113,PORTE D ITALIE,48.817318,2.366127,Nuit avec éclairage allumé,En agglomération,Hors intersection,Pluie légère,Deux véhicules - arrière,4,1,4,0,1,1,2,0,1,70,2,2,1,0,0,1,27.0,37.0,voiture,voiture,5,2,1,2,2
202300007522,2023-10-20 17:30:00,2023,10,20,17,30,75,75113,PORTE D IVRY,48.820273,2.37556,Plein jour,En agglomération,Hors intersection,Normale,Deux véhicules - côté,4,1,4,0,1,1,2,0,1,70,2,2,1,0,0,1,51.0,23.0,voiture,deux_roues,1,2,1,1,3
202300007523,2023-10-20 13:40:00,2023,10,20,13,40,75,75117,PORTE DE CLICHY,48.896462,2.310057,Plein jour,En agglomération,Hors intersection,Pluie légère,Deux véhicules - arrière,4,1,4,0,1,1,2,0,1,70,2,2,1,0,0,1,27.0,64.0,utilitaire_camion,voiture,1,2,1,2,2
202300007524,2023-10-21 05:52:00,2023,10,21,5,52,75,75118,RUE DE LA CHAPELLE,48.897854,2.359105,Nuit sans éclairage public,En agglomération,Hors intersection,Normale,Autre collision,4,2,5,3,1,1,1,8,1,30,1,2,1,1,0,0,68.0,,utilitaire_camion,,3,2,1,1,6
202300007525,2023-10-22 12:15:00,2023,10,22,12,15,75,75117,BOULEVARD GOUVION SAINT CYR,48.882262,2.286022,Plein jour,En agglomération,Intersection en T,Normale,Autre collision,4,1,1,0,1,1,1,0,1,30,1,2,1,0,0,1,57.0,,voiture,,1,2,3,1,6
202300007525,2023-10-22 12:15:00,2023,10,22,12,15,75,75117,BOULEVARD GOUVION SAINT CYR,48.882262,2.286022,Plein jour,En agglomération,Intersection en T,Normale,Autre collision,4,-1, -1,0,1,1,1,0,1,30,1,2,1,0,0,1,57.0,,voiture,,1,2,3,1,6
202300007526,2023-10-21 17:00:00,2023,10,21,17,0,75,75117,BOULEVARD DE DOUAUMONT,48.896248,2.310003,Plein jour,En agglomération,Intersection à plus de 4 branches,Vent fort / tempête,Trois véhicules et plus - collisions multiples,4,1,2,0,1,1,2,0,1,30,4,4,3,0,0,1,25.0,41.0,voiture,voiture,1,2,5,6,5
202300007526,2023-10-21 17:00:00,2023,10,21,17,0,75,75117,BOULEVARD DE DOUAUMONT,48.896248,2.310003,Plein jour,En agglomération,Intersection à plus de 4 branches,Vent fort / tempête,Trois véhicules et plus - collisions multiples,4,1,2,0,1,1,2,0,1,30,4,4,3,0,0,1,25.0,41.0,voiture,voiture,1,2,5,6,5
202300007527,2023-10-22 20:10:00,2023,10,22,20,10,75,75116,ALLEE DE LONGCHAMP,48.874949,2.27113,Nuit avec éclairage allumé,En agglomération,Intersection en X,Normale,Deux véhicules - côté,4,2,8,0,1,1,1,0,1,50,2,3,2,0,0,1,55.0,29.0,voiture,deux_roues,5,2,2,1,3
202300007527,2023-10-22 20:10:00,2023,10,22,20,10,75,75116,ALLEE DE LONGCHAMP,48.874949,2.27113,Nuit avec éclairage allumé,En agglomération,Intersection en X,Normale,Deux véhicules - côté,4,2,8,0,1,1,1,0,1,50,2,3,2,0,0,1,55.0,29.0,voiture,deux_roues,5,2,2,1,3
202300007528,2023-10-22 16:55:00,2023,10,22,16,55,75,75116,RUE DE L ASSOMPTION,48.855853,2.264758,Plein jour,En agglomération,Intersection en T,Normale,Autre collision,4,1,1,0,1,1,1,0,1,30,1,2,1,0,0,1,46.0,,voiture,,1,2,3,1,6
202300007528,2023-10-22 16:55:00,2023,10,22,16,55,75,75116,RUE DE L ASSOMPTION,48.855853,2.264758,Plein jour,En agglomération,Intersection en T,Normale,Autre collision,4,1,1,0,1,1,1,0,1,30,1,2,1,0,0,1,46.0,,voiture,,1,2,3,1,6
202300007529,2023-10-21 20:20:00,2023,10,21,20,20,75,75116,CHAUSSEE LA MUETTE,48.85817,2.274299,Nuit avec éclairage allumé,En agglomération,Intersection en X,Pluie légère,Autre collision,4,2,2,0,1,1,2,0,1,50,1,2,1,0,0,1,52.0,,voiture,,5,2,2,2,6
202300007529,2023-10-21 20:20:00,2023,10,21,20,20,75,75116,CHAUSSEE LA MUETTE,48.85817,2.274299,Nuit avec éclairage allumé,En agglomération,Intersection en X,Pluie légère,Autre collision,4,2, -1,-1,1,1,2,0,1,-1,1,2,1,0,0,1,52.0,,voiture,,5,2,2,2,6
202300007530,2023-10-21 15:30:00,2023,10,21,15,30,75,75116,ALLEE DE LONGCHAMP,48.874922,2.271112,Plein jour,En agglomération,Intersection en X,Pluie légère,Deux véhicules - côté,4,2,2,0,1,1,2,0,1,50,2,2,1,0,0,1,43.0,52.0,voiture,voiture,1,2,2,2,3
202300007530,2023-10-21 15:30:00,2023,10,21,15,30,75,75116,ALLEE DE LONGCHAMP,48.874922,2.271112,Plein jour,En agglomération,Intersection en X,Pluie légère,Deux véhicules - côté,4,2, -1,-1,1,1,2,0,1,-1,2,2,1,0,0,1,43.0,52.0,voiture,voiture,1,2,2,2,3
202300007531,2023-10-22 03:20:00,2023,10,22,3,20,75,75113,BOULEVARD DU GENERAL JEAN SIMON,48.825217,2.380391,Nuit avec éclairage allumé,En agglomération,Hors intersection,Temps couvert,Autre collision,4,1,2,0,1,3,2,0,1,50,1,1,0,0,0,1,26.0,,voiture,,5,2,1,8,6
202300007532,2023-10-22 00:20:00,2023,10,22,0,20,75,75107,QUAI D ORSAY,48.862588,2.310411,Nuit avec éclairage allumé,En agglomération,Intersection en X,Normale,Deux véhicules - côté,4,2,2,0,1,1,2,0,1,30,2,2,1,0,0,1,41.0,27.0,voiture,deux_roues,5,2,2,1,3
202300007532,2023-10-22 00:20:00,2023,10,22,0,20,75,75107,QUAI D ORSAY,48.862588,2.310411,Nuit avec éclairage allumé,En agglomération,Intersection en X,Normale,Deux véhicules - côté,4,1,4,0,1,1,2,5,1,30,2,2,1,0,0,1,41.0,27.0,voiture,deux_roues,5,2,2,1,3
202300007533,2023-10-22 16:35:00,2023,10,22,16,35,75,75110,BOULEVARD DE LA VILLETTE,48.880981,2.370073,Plein jour,En agglomération,Hors intersection,Normale,Deux véhicules - côté,4,3,4,1,1,1,1,0,1,25,2,2,1,0,0,1,23.0,37.0,deux_roues,voiture,1,2,1,1,3
202300007534,2023-10-22 15:55:00,2023,10,22,15,55,75,75110,RUE DES PETITES ECURIES,48.873908,2.349562,Plein jour,En agglomération,Hors intersection,Normale,Autre collision,4,1,2,2,1,1,1,0,1,30,1,2,1,0,0,1,18.0,,deux_roues,,1,2,1,1,6
202300007535,2023-10-20 18:30:00,2023,10,20,18,30,75,75108,AVENUE DE FRIEDLAND,48.874154,2.298921,Plein jour,En agglomération,Intersection en X,Normale,Autre collision,4,2,4,0,1,1,1,0,1,50,1,2,1,0,0,1,43.0,,voiture,,1,2,2,1,6
202300007535,2023-10-20 18:30:00,2023,10,20,18,30,75,75108,AVENUE DE FRIEDLAND,48.874154,2.298921,Plein jour,En agglomération,Intersection en X,Normale,Autre collision,4,1,1,0,1,1,1,0,1,30,1,2,1,0,0,1,43.0,,voiture,,1,2,2,1,6
202300007536,2023-10-21 23:23:00,2023,10,21,23,23,75,75107,PONT D IENA,48.85906346,2.29326189,Nuit avec éclairage allumé,En agglomération,Intersection en T,Pluie légère,Autre collision,4,2, -1,-1,1,1,2,0,1,-1,1,3,1,0,0,1,,,voiture,,5,2,3,2,6
202300007536,2023-10-21 23:23:00,2023,10,21,23,23,75,75107,PONT D IENA,48.85906346,2.29326189,Nuit avec éclairage allumé,En agglomération,Intersection en T,Pluie légère,Autre collision,4,2,4,0,1,1,2,2,1,30,1,3,1,0,0,1,,,voiture,,5,2,3,2,6
202300007537,2023-10-22 17:20:00,2023,10,22,17,20,75,75102,BOULEVARD DE SEBASTOPOL,48.864411,2.351528,Plein jour,En agglomération,Intersection en X,Normale,Deux véhicules - côté,4,1,3,1,1,1,1,0,1,30,2,2,1,0,0,1,42.0,37.0,deux_roues,deux_roues,1,2,2,1,3
202300007537,2023-10-22 17:20:00,2023,10,22,17,20,75,75102,BOULEVARD DE SEBASTOPOL,48.864411,2.351528,Plein jour,En agglomération,Intersection en X,Normale,Deux véhicules - côté,4,1,3,1,1,1,1,0,1,30,2,2,1,0,0,1,42.0,37.0,deux_roues,deux_roues,1,2,2,1,3
202300007538,2023-10-22 13:10:00,2023,10,22,13,10,94,94073,Rue de la Résistance,48.757281,2.38808,Plein jour,En agglomération,Hors intersection,Normale,Autre collision,4,2,2,0,1,1,1,0,1,50,1,3,2,0,0,1,41.0,,voiture,,1,2,1,1,6
202300007539,2023-10-22 04:40:00,2023,10,22,4,40,94,94033,Rue Gambetta,48.85024,2.46472,Nuit avec éclairage allumé,En agglomération,Hors intersection,Pluie légère,Autre collision,4,1,1,0,1,1,2,0,1,30,1,1,0,0,0,1,56.0,,voiture,,5,2,1,2,6
202300007540,2023-10-21 22:20:00,2023,10,21,22,20,94,94033,Avenue de Lattre de Tassigny,48.85711,2.49183,Nuit avec éclairage allumé,En agglomération,Hors intersection,Pluie forte,Deux véhicules - côté,3,3,0,0,1,1,2,0,1,50,2,2,1,0,1,0,52.0,65.0,voiture,deux_roues,5,2,1,3,3
202300007541,2023-10-22 18:50:00,2023,10,22,18,50,93,93077,Rue Saint Louis / Avenue Masséna,48.88963,2.50139,Nuit avec éclairage allumé,En agglomération,Giratoire,Normale,Autre collision,4,2,2,0,1,3,1,0,1,50,1,2,1,0,0,1,,,voiture,,5,2,6,1,6
202300007541,2023-10-22 18:50:00,2023,10,22,18,50,93,93077,Rue Saint Louis / Avenue Masséna,48.88963,2.50139,Nuit avec éclairage allumé,En agglomération,Giratoire,Normale,Autre collision,4,1,1,0,1,3,1,0,1,50,1,2,1,0,0,1,,,voiture,,5,2,6,1,6
202300007542,2023-10-22 11:55:00,2023,10,22,11,55,93,93055,Avenue du Général Leclerc,48.899037,2.407865,Plein jour,En agglomération,Hors intersection,Normale,Deux véhicules - côté,3,2,2,1,2,1,2,1,5,50,2,3,0,0,1,2,23.0,22.0,deux_roues,deux_roues,1,2,1,1,3
202300007543,2023-10-22 20:10:00,2023,10,22,20,10,93,93048,Rue Franklin,48.86310703,2.4440271,Nuit avec éclairage allumé,En agglomération,Hors intersection,Normale,Deux véhicules - côté,4,2,2,0,1,1,1,9,1,50,2,2,1,0,0,1,29.0,51.0,voiture,deux_roues,5,2,1,1,3
202300007544,2023-10-22 17:15:00,2023,10,22,17,15,93,93048,Rue Jean Lolive,48.86713,2.42917,Plein jour,En agglomération,Hors intersection,Normale,Deux véhicules - frontale,4,2,2,0,1,1,1,0,1,31,2,3,2,0,1,0,44.0,15.0,voiture,autre,1,2,1,1,1
202300007545,2023-10-22 22:20:00,2023,10,22,22,20,93,93029,Rue de la Station / Rue de la République,48.9262,2.42579,Nuit avec éclairage allumé,En agglomération,Intersection en T,Normale,Deux véhicules - côté,4,2,3,2,1,1,1,0,1,50,2,2,1,0,0,1,22.0,31.0,voiture,deux_roues,5,2,3,1,3
202300007545,2023-10-22 22:20:00,2023,10,22,22,20,93,93029,Rue de la Station / Rue de la République,48.9262,2.42579,Nuit avec éclairage allumé,En agglomération,Intersection en T,Normale,Deux véhicules - côté,4,2,2,1,1,1,1,0,1,50,2,2,1,0,0,1,22.0,31.0,voiture,deux_roues,5,2,3,1,3
202300007546,2023-10-22 20:40:00,2023,10,22,20,40,93,93010,GALLIENI (AV.) DE 111 A 175,48.906412,2.483173,Nuit avec éclairage allumé,En agglomération,Hors intersection,Normale,Deux véhicules - arrière,3,2,4,0,1,1,1,0,1,50,2,4,1,0,0,3,38.0,,voiture,voiture,5,2,1,1,2