accident_id,datetime,annee,mois,jour,heure,minute,departement,commune_insee,adresse,latitude,longitude,luminosite,agglomeration,intersection,meteo,collision,catr,circ,nbv,vosp,prof,plan,surf,infra,situ,vma,nb_vehicules,nb_usagers,nb_indemnes,nb_tues,nb_blesses_hosp,nb_blesses_legers,age_cond_1,age_cond_2,veh_type_cond_1,veh_type_cond_2,lum_code,agg_code,int_code,atm_code,col_code
202300007547,2023-10-22 11:30:00,2023,10,22,11,30,93,93008,Avenue Paul Vaillant - Couturier,48.90955,2.44572,Plein jour,En agglomération,Giratoire,Temps couvert,Deux véhicules - côté,3,3,3,0,1,1,2,0,1,50,2,2,1,0,0,1,45.0,16.0,voiture,deux_roues,1,2,6,8,3
202300007548,2023-10-22 20:30:00,2023,10,22,20,30,92,92036,MARCEL PAUL (AVENUE) (1/103),48.93362127,2.30274975,Nuit avec éclairage allumé,En agglomération,Hors intersection,Normale,Deux véhicules - côté,4,-1,2,0,1,1,1,0,1,50,2,2,1,0,0,1,41.0,52.0,voiture,deux_roues,5,2,1,1,3
202300007549,2023-10-22 14:35:00,2023,10,22,14,35,92,92012,GEORGES SOREL (RUE),48.83493049,2.24090838,Plein jour,En agglomération,Hors intersection,Normale,Sans collision,4,2,1,0,1,1,1,6,4,50,1,1,0,0,0,1,14.0,,deux_roues,,1,2,1,1,7
202300007550,2023-10-23 04:49:00,2023,10,23,4,49,83,83061,Gare de Péage du Capitou,43.469405,6.7308,Nuit sans éclairage public,Hors agglomération,Hors intersection,Normale,Sans collision,1,3,0,0,1,1,1,7,1,70,1,4,1,1,2,0,47.0,,utilitaire_camion,,3,1,1,1,7
202300007551,2023-10-11 18:53:00,2023,10,11,18,53,974,97422,101 Rue Hubert Delisle,-21.282544,55.51947,Nuit avec éclairage allumé,En agglomération,Intersection en T,Normale,Deux véhicules - côté,3,1, -1,-1,2,1,1,0,1,-1,2,2,1,0,0,1,,48.0,voiture,deux_roues,5,2,3,1,3
202300007551,2023-10-11 18:53:00,2023,10,11,18,53,974,97422,101 Rue Hubert Delisle,-21.282544,55.51947,Nuit avec éclairage allumé,En agglomération,Intersection en T,Normale,Deux véhicules - côté,3,2,2,0,1,1,1,0,1,50,2,2,1,0,0,1,,48.0,voiture,deux_roues,5,2,3,1,3
202300007552,2023-10-23 10:00:00,2023,10,23,10,0,06,06095,23 Avenue de Peygros,43.635131,6.865549,Plein jour,En agglomération,Hors intersection,Temps couvert,Deux véhicules - arrière,4,2,2,0,1,1,1,0,1,30,2,2,1,0,1,0,62.0,19.0,voiture,deux_roues,1,2,1,8,2
202300007553,2023-10-23 17:50:00,2023,10,23,17,50,58,58044,La Giraffe,47.491232,2.921001,Plein jour,Hors agglomération,Hors intersection,Pluie légère,Deux véhicules - frontale,3,2,2,0,4,2,2,0,1,70,2,2,0,0,1,1,22.0,47.0,voiture,voiture,1,1,1,2,1
202300007554,2023-10-23 08:50:00,2023,10,23,8,50,50,50095,Rue de Carbonnel,49.07648,-1.173531,Crépuscule ou aube,En agglomération,Hors intersection,Temps couvert,Autre collision,3,2,2,0,1,1,1,0,1,50,1,2,1,0,0,1,57.0,,voiture,,2,2,1,8,6
202300007555,2023-10-22 10:15:00,2023,10,22,10,15,51,51002,D11,48.990778,3.82174,Plein jour,Hors agglomération,Hors intersection,Pluie légère,Deux véhicules - frontale,3,2,2,0,1,1,2,0,1,90,2,2,1,0,1,0,29.0,35.0,voiture,voiture,1,1,1,2,1
202300007556,2023-03-22 18:30:00,2023,3,22,18,30,19,19063,,45.13837056,1.58181667,Crépuscule ou aube,En agglomération,Hors intersection,Normale,Deux véhicules - frontale,4,2,1,0,2,3,1,0,1,50,2,2,1,0,1,0,14.0,43.0,deux_roues,deux_roues,2,2,1,1,1
202300007557,2023-10-22 19:35:00,2023,10,22,19,35,56,56140,Le Petit Resto,47.949983,-2.792459,Nuit sans éclairage public,Hors agglomération,Hors intersection,Pluie légère,Autre collision,3,2,2,0,1,1,2,0,1,80,1,2,1,0,0,1,47.0,,deux_roues,,3,1,1,2,6
202300007558,2023-10-22 20:00:00,2023,10,22,20,0,32,32160,N124,43.605575,1.07607,Nuit sans éclairage public,Hors agglomération,Hors intersection,Normale,Deux véhicules - arrière,2,3,2,0,1,1,1,0,1,110,2,2,1,0,1,0,71.0,51.0,voiture,utilitaire_camion,3,1,1,1,2
202300007559,2023-10-22 10:42:00,2023,10,22,10,42,11,11397,D3,43.206071,2.430612,Plein jour,En agglomération,Intersection en Y,Normale,Deux véhicules - côté,3,1, -1,-1,1,2,1,5,1,50,2,5,4,0,1,0,65.0,30.0,deux_roues,voiture,1,2,4,1,3
202300007559,2023-10-22 10:42:00,2023,10,22,10,42,11,11397,D3,43.206071,2.430612,Plein jour,En agglomération,Intersection en Y,Normale,Deux véhicules - côté,3,1,1,0,1,1,1,5,1,50,2,5,4,0,1,0,65.0,30.0,deux_roues,voiture,1,2,4,1,3
202300007560,2023-10-22 21:00:00,2023,10,22,21,0,63,63397,D82,45.629045,2.690685,Nuit sans éclairage public,Hors agglomération,Hors intersection,Temps couvert,Autre collision,3,2,2,0,1,2,1,0,8,90,1,1,0,0,1,0,25.0,,utilitaire_camion,,3,1,1,8,6
202300007561,2023-10-23 10:40:00,2023,10,23,10,40,63,63409,D26,45.536501,3.044507,Plein jour,Hors agglomération,Hors intersection,Normale,Autre collision,3,2,2,0,1,3,2,0,3,90,1,1,0,0,1,0,20.0,,voiture,,1,1,1,1,6
202300007562,2023-10-23 19:52:00,2023,10,23,19,52,68,68011,D34,47.783202,7.146327,Nuit sans éclairage public,Hors agglomération,Hors intersection,Pluie légère,Autre collision,3,2,2,0,1,1,2,0,3,80,1,1,0,1,0,0,69.0,,utilitaire_camion,,3,1,1,2,6
202300007563,2023-10-22 13:15:00,2023,10,22,13,15,68,68126,45 Rue de Hésingue,47.565429,7.527024,Plein jour,En agglomération,Hors intersection,Normale,Deux véhicules - frontale,4,2,2,0,1,1,1,0,1,30,2,2,1,0,0,1,15.0,63.0,deux_roues,deux_roues,1,2,1,1,1
202300007564,2023-10-22 13:05:00,2023,10,22,13,5,22,22085,D20,48.821047,-3.188613,Plein jour,Hors agglomération,Hors intersection,Normale,Sans collision,3,2,2,0,1,3,1,0,3,80,1,1,0,0,1,0,58.0,,voiture,,1,1,1,1,7
202300007565,2023-10-07 17:25:00,2023,10,7,17,25,29,29177,Langue,48.43227565,-4.69461896,Plein jour,Hors agglomération,Intersection en T,Normale,Deux véhicules - frontale,3,2,2,0,1,1,1,5,1,80,2,2,0,0,1,1,21.0,53.0,voiture,voiture,1,1,3,1,1
202300007565,2023-10-07 17:25:00,2023,10,7,17,25,29,29177,Langue,48.43227565,-4.69461896,Plein jour,Hors agglomération,Intersection en T,Normale,Deux véhicules - frontale,3,2,2,0,1,1,1,0,1,80,2,2,0,0,1,1,21.0,53.0,voiture,voiture,1,1,3,1,1
202300007566,2023-10-20 10:25:00,2023,10,20,10,25,29,29174,Trelluant,47.89751099,-4.3090853,Crépuscule ou aube,Hors agglomération,Hors intersection,Pluie légère,Deux véhicules - arrière,3,2,2,0,1,1,2,0,1,80,2,2,1,0,0,1,50.0,44.0,deux_roues,utilitaire_camion,2,1,1,2,2
202300007567,2023-10-22 11:54:00,2023,10,22,11,54,03,03038,D1,46.327391,3.242667,Plein jour,Hors agglomération,Intersection en T,Normale,Deux véhicules - côté,3,2,2,0,1,1,1,0,1,90,2,2,1,0,0,1,34.0,64.0,voiture,voiture,1,1,3,1,3
202300007567,2023-10-22 11:54:00,2023,10,22,11,54,03,03038,D1,46.327391,3.242667,Plein jour,Hors agglomération,Intersection en T,Normale,Deux véhicules - côté,3,2,2,0,1,1,1,0,8,90,2,2,1,0,0,1,34.0,64.0,voiture,voiture,1,1,3,1,3
202300007568,2023-10-23 13:30:00,2023,10,23,13,30,03,03257,N7,46.220786,3.665062,Plein jour,Hors agglomération,Hors intersection,Temps couvert,Autre collision,2,3,2,0,2,1,2,0,2,110,1,2,1,1,0,0,62.0,,utilitaire_camion,,1,1,1,8,6
202300007569,2023-10-23 08:00:00,2023,10,23,8,0,03,03170,Meillers,46.516366,3.094604,Crépuscule ou aube,Hors agglomération,Hors intersection,Pluie forte,Autre collision,3,2,2,0,1,1,2,0,3,90,1,2,1,0,0,1,20.0,,voiture,,2,1,1,3,6
202300007570,2023-10-22 17:30:00,2023,10,22,17,30,01,01183,Rue des Charmes,46.110561,4.791085,Plein jour,En agglomération,Hors intersection,Normale,Autre collision,4,2,2,0,2,1,1,0,1,50,1,2,0,0,1,1,13.0,,deux_roues,,1,2,1,1,6
202300007571,2023-10-23 13:40:00,2023,10,23,13,40,58,58232,D978,47.003831,3.416448,Plein jour,Hors agglomération,Hors intersection,Pluie légère,Deux véhicules - arrière,3,2,2,0,2,1,2,8,1,50,2,2,1,1,0,0,45.0,80.0,utilitaire_camion,voiture,1,1,1,2,2
202300007572,2023-10-22 09:45:00,2023,10,22,9,45,72,72198,les Biards,48.07055665,0.14041901,Plein jour,Hors agglomération,Intersection en X,Normale,Deux véhicules - côté,3,2,1,0,1,1,1,5,1,90,2,2,0,0,1,1,83.0,40.0,voiture,voiture,1,1,2,1,3
202300007572,2023-10-22 09:45:00,2023,10,22,9,45,72,72198,les Biards,48.07055665,0.14041901,Plein jour,Hors agglomération,Intersection en X,Normale,Deux véhicules - côté,3,2,1,0,1,1,1,5,1,90,2,2,0,0,1,1,83.0,40.0,voiture,voiture,1,1,2,1,3
202300007573,2023-10-22 23:30:00,2023,10,22,23,30,72,72109,D310,48.20457,-0.09896,Nuit sans éclairage public,Hors agglomération,Hors intersection,Normale,Autre collision,3,2,2,0,1,1,1,0,8,90,1,1,0,1,0,0,21.0,,voiture,,3,1,1,1,6
202300007574,2023-10-22 14:00:00,2023,10,22,14,0,14,14057,3845 Route de Bourguebus,49.115755,-0.259776,Plein jour,Hors agglomération,Intersection en T,Normale,Deux véhicules - côté,3,2,2,0,1,1,1,0,1,80,2,2,1,0,1,0,24.0,75.0,voiture,deux_roues,1,1,3,1,3
202300007574,2023-10-22 14:00:00,2023,10,22,14,0,14,14057,3845 Route de Bourguebus,49.115755,-0.259776,Plein jour,Hors agglomération,Intersection en T,Normale,Deux véhicules - côté,3,2,2,0,1,1,1,0,8,80,2,2,1,0,1,0,24.0,75.0,voiture,deux_roues,1,1,3,1,3
202300007575,2023-10-22 14:45:00,2023,10,22,14,45,43,43211,Route de Confolent,45.251447,4.148412,Plein jour,Hors agglomération,Hors intersection,Normale,Sans collision,3,2,2,0,2,4,1,0,1,70,1,1,0,0,1,0,16.0,,deux_roues,,1,1,1,1,7
202300007576,2023-10-21 10:28:00,2023,10,21,10,28,43,43186,6 Route de la Teyssonneyre,44.980638,4.09569,Plein jour,Hors agglomération,Hors intersection,Normale,Deux véhicules - arrière,4,2,2,0,1,1,1,0,1,80,2,2,1,0,1,0,47.0,53.0,deux_roues,deux_roues,1,1,1,1,2
202300007577,2023-10-21 19:35:00,2023,10,21,19,35,36,36215,,46.87670087,2.08023806,Nuit sans éclairage public,Hors agglomération,Hors intersection,Normale,Sans collision,3,2,2,0,1,3,1,0,1,80,1,4,0,0,0,4,24.0,,voiture,,3,1,1,1,7
202300007578,2023-10-22 21:55:00,2023,10,22,21,55,36,36064,Fourches,46.826616,1.814246,Nuit sans éclairage public,Hors agglomération,Hors intersection,Normale,Sans collision,4,2,2,0,1,1,1,0,3,80,1,1,0,0,0,1,29.0,,voiture,,3,1,1,1,7
202300007579,2023-10-21 17:50:00,2023,10,21,17,50,23,23130,Montepinaud,46.435018,1.765537,Crépuscule ou aube,Hors agglomération,Hors intersection,Normale,Deux véhicules - frontale,3,2,2,0,1,2,1,0,1,90,2,2,0,0,1,1,53.0,32.0,voiture,voiture,2,1,1,1,1
202300007580,2023-10-23 14:20:00,2023,10,23,14,20,10,10162,A5,48.212227,4.243426,Plein jour,Hors agglomération,Hors intersection,Normale,Sans collision,1,1,2,0,1,3,2,0,1,50,1,1,0,0,1,0,41.0,,deux_roues,,1,1,1,1,7
202300007581,2023-10-23 08:30:00,2023,10,23,8,30,10,10045,A5,48.170895,4.468522,Plein jour,Hors agglomération,Hors intersection,Normale,Deux véhicules - arrière,1,1,2,0,1,1,1,0,1,130,2,4,3,0,1,0,27.0,61.0,utilitaire_camion,utilitaire_camion,1,1,1,1,2
202300007582,2023-10-10 08:30:00,2023,10,10,8,30,35,35208,rue de rennes,48.00007614,-1.6671887,Crépuscule ou aube,En agglomération,Hors intersection,Temps couvert,Autre collision,4,2,2,1,1,1,1,0,1,50,1,2,1,0,0,1,57.0,,voiture,,2,2,1,8,6
202300007583,2023-10-23 19:30:00,2023,10,23,19,30,95,95250,BEAUMONT (AVENUE DE),49.103434,2.509172,Nuit avec éclairage allumé,En agglomération,Hors intersection,Pluie légère,Autre collision,4,3,2,0,2,1,2,5,1,50,1,4,3,0,0,1,37.0,,voiture,,5,2,1,2,6
202300007584,2023-10-20 15:40:00,2023,10,20,15,40,68,68386,1 rue de mulhouse,47.72077,7.388574,Plein jour,En agglomération,Hors intersection,Temps couvert,Sans collision,3,2,2,0,2,2,2,0,4,40,1,1,0,0,0,1,19.0,,voiture,,1,2,1,8,7
202300007585,2023-10-22 17:22:00,2023,10,22,17,22,987,98729,Temae,-17.577,-150.202,Plein jour,Hors agglomération,Hors intersection,Normale,Deux véhicules - côté,2,2,2,0,2,2,1,0,1,60,2,6,4,1,1,0,58.0,26.0,voiture,deux_roues,1,1,1,1,3
202300007586,2023-10-12 07:00:00,2023,10,12,7,0,974,97415,Route du Théâtre,-21.04478126,55.22984147,Crépuscule ou aube,En agglomération,Intersection en T,Temps éblouissant,Deux véhicules - côté,3,3,2,0,2,1,1,5,1,50,2,2,1,0,1,0,71.0,64.0,voiture,deux_roues,2,2,3,7,3
202300007586,2023-10-12 07:00:00,2023,10,12,7,0,974,97415,Route du Théâtre,-21.04478126,55.22984147,Crépuscule ou aube,En agglomération,Intersection en T,Temps éblouissant,Deux véhicules - côté,3,2, -1,-1,1,1,1,5,1,-1,2,2,1,0,1,0,71.0,64.0,voiture,deux_roues,2,2,3,7,3
202300007587,2023-10-19 07:50:00,2023,10,19,7,50,29,29234,RN165,47.84313849,-3.49936854,Nuit sans éclairage public,Hors agglomération,Hors intersection,Pluie légère,Deux véhicules - arrière,2,3,2,0,1,1,2,0,1,110,2,3,2,0,1,0,28.0,21.0,voiture,utilitaire_camion,3,1,1,2,2
202300007588,2023-10-21 15:51:00,2023,10,21,15,51,28,28113,Route de Prouais,48.678076,1.541278,Plein jour,Hors agglomération,Hors intersection,Temps couvert,Deux véhicules - frontale,3,2,2,0,1,1,2,0,1,70,2,3,0,0,2,1,20.0,66.0,voiture,voiture,1,1,1,8,1
202300007589,2023-10-22 10:50:00,2023,10,22,10,50,77,77453,6 route departementale 605,48.527264,2.756518,Plein jour,En agglomération,Autre intersection,Temps couvert,Deux véhicules - côté,3,2,2,0,1,1,1,0,1,50,2,5,3,0,1,1,70.0,67.0,voiture,utilitaire_camion,1,2,9,8,3
202300007590,2023-10-22 05:26:00,2023,10,22,5,26,13,13076,D73e,43.800711,5.003953,Nuit sans éclairage public,Hors agglomération,Intersection en X,Normale,Deux véhicules - frontale,3,2,2,0,2,3,1,0,3,80,1,1,0,0,1,0,24.0,,voiture,,3,1,2,1,1
202300007590,2023-10-22 05:26:00,2023,10,22,5,26,13,13076,D73e,43.800711,5.003953,Nuit sans éclairage public,Hors agglomération,Intersection en X,Normale,Deux véhicules - frontale,3,2, -1,-1,1,1,1,0,1,-1,1,1,0,0,1,0,24.0,,voiture,,3,1,2,1,1
202300007591,2023-10-18 19:00:00,2023,10,18,19,0,67,67506,Route de Strasbourg,48.667484,7.71944,Nuit avec éclairage allumé,En agglomération,Intersection en T,Pluie forte,Deux véhicules - côté,7,2,2,2,1,1,2,2,1,40,2,2,1,0,0,1,49.0,46.0,deux_roues,voiture,5,2,3,3,3
202300007591,2023-10-18 19:00:00,2023,10,18,19,0,67,67506,Route de Strasbourg,48.667484,7.71944,Nuit avec éclairage allumé,En agglomération,Intersection en T,Pluie forte,Deux véhicules - côté,7,2, -1,-1,1,1,2,2,1,-1,2,2,1,0,0,1,49.0,46.0,deux_roues,voiture,5,2,3,3,3
202300007592,2023-10-22 17:39:00,2023,10,22,17,39,54,54335,D70,48.638893,6.45074,Plein jour,Hors agglomération,Hors intersection,Normale,Autre collision,3,2,2,0,1,1,1,0,1,80,1,1,0,0,1,0,45.0,,voiture,,1,1,1,1,6
202300007593,2023-10-22 11:40:00,2023,10,22,11,40,63,63247,Route Départementale 5,45.566513,2.948649,Plein jour,Hors agglomération,Hors intersection,Normale,Deux véhicules - arrière,3,2,2,0,2,1,2,0,1,90,2,2,1,0,1,0,80.0,67.0,voiture,deux_roues,1,1,1,1,2
202300007594,2023-10-20 16:00:00,2023,10,20,16,0,47,47157,route de bordeaux - parking leclerc,44.51301,0.134164,Plein jour,Hors agglomération,Autre intersection,Pluie légère,Autre collision,6,-1, -1,0,1,1,2,9,8,30,1,2,1,0,1,0,63.0,,utilitaire_camion,,1,1,9,2,6
202300007595,2023-10-22 17:45:00,2023,10,22,17,45,33,33539,D20,44.869466,-0.310664,Plein jour,Hors agglomération,Hors intersection,Normale,Autre collision,3,2,2,0,1,1,1,0,3,90,1,1,0,0,1,0,62.0,,deux_roues,,1,1,1,1,6
202300007596,2023-10-22 10:00:00,2023,10,22,10,0,60,60213,N330,49.111026,2.722701,Plein jour,Hors agglomération,Autre intersection,Pluie légère,Trois véhicules et plus - en chaîne,2,2,2,0,1,1,2,0,1,80,3,3,2,0,0,1,25.0,29.0,voiture,voiture,1,1,9,2,4
202300007597,2023-10-22 11:45:00,2023,10,22,11,45,59,59465,Route ers l'étang du flaquet,50.124007,3.592637,Plein jour,Hors agglomération,Hors intersection,Normale,Sans collision,4,-1,2,0,1,1,1,0,1,50,2,2,1,0,1,0,17.0,53.0,deux_roues,deux_roues,1,1,1,1,7
202300007598,2023-10-22 19:25:00,2023,10,22,19,25,69,69277,Rocade Est,45.7317,4.97908,Nuit sans éclairage public,Hors agglomération,Hors intersection,Normale,Autre collision,2,3,4,0,1,1,1,0,1,70,1,2,1,0,1,0,33.0,,voiture,,3,1,1,1,6
202300007599,2023-10-22 01:00:00,2023,10,22,1,0,69,69296,Autoroute 7,45.65133,4.83613,Nuit sans éclairage public,Hors agglomération,Hors intersection,Normale,Trois véhicules et plus - en chaîne,1,3,6,0,1,1,1,0,1,110,4,8,2,0,2,4,28.0,26.0,utilitaire_camion,voiture,3,1,1,1,4
202300007600,2023-10-22 02:52:00,2023,10,22,2,52,94,94037,A6A,48.81658529,2.33656859,Nuit avec éclairage allumé,Hors agglomération,Hors intersection,Pluie légère,Autre collision,1,-1,4,0,2,3,2,1,1,50,1,1,0,0,0,1,33.0,,voiture,,5,1,1,2,6
202300007601,2023-10-21 05:40:00,2023,10,21,5,40,91,91661,AUTOROUTE A10,48.69581,2.23516,Nuit sans éclairage public,Hors agglomération,Hors intersection,Normale,Deux véhicules - frontale,1,3,2,0,2,1,2,0,1,110,2,2,1,1,0,0,42.0,51.0,voiture,utilitaire_camion,3,1,1,1,1
202300007602,2023-10-22 06:00:00,2023,10,22,6,0,92,92036,AUTOROUTE A15,48.94364712,2.28775617,Nuit sans éclairage public,Hors agglomération,Hors intersection,Pluie légère,Deux véhicules - arrière,1,3,4,0,1,1,2,2,1,110,2,2,1,0,0,1,22.0,22.0,voiture,voiture,3,1,1,2,2
202300007603,2023-10-22 04:30:00,2023,10,22,4,30,95,95060,A115,49.04211,2.18871,Nuit sans éclairage public,Hors agglomération,Hors intersection,Pluie légère,Autre collision,1,3,2,0,1,1,2,0,3,90,1,2,0,0,0,2,20.0,,voiture,,3,1,1,2,6
202300007604,2023-10-22 02:35:00,2023,10,22,2,35,92,92036,AUTOROUTE A15,48.94920532,2.28069842,Nuit sans éclairage public,Hors agglomération,Hors intersection,Pluie légère,Trois véhicules et plus - collisions multiples,1,3,4,0,1,1,2,2,1,90,4,6,3,0,0,3,25.0,21.0,voiture,voiture,3,1,1,2,5
202300007605,2023-10-21 23:00:00,2023,10,21,23,0,95,95582,A15,48.96296926,2.265324,Nuit sans éclairage public,Hors agglomération,Hors intersection,Pluie forte,Autre collision,1,1,2,0,1,2,2,0,1,50,1,2,1,0,0,1,21.0,,voiture,,3,1,1,3,6
202300007606,2023-10-22 06:45:00,2023,10,22,6,45,77,77122,RN104,48.64574262,2.55287143,Nuit sans éclairage public,Hors agglomération,Hors intersection,Normale,Trois véhicules et plus - en chaîne,2,1,4,0,1,1,1,0,1,110,3,3,1,0,0,2,25.0,23.0,voiture,voiture,3,1,1,1,4
202300007607,2023-06-16 07:24:00,2023,6,16,7,24,972,97209,RD 41 (ROCADE),14.61486,-61.07584,Plein jour,Hors agglomération,Hors intersection,Normale,Trois véhicules et plus - en chaîne,3,3,4,0,2,1,1,0,1,60,3,4,2,0,0,2,51.0,33.0,voiture,voiture,1,1,1,1,4
202300007608,2023-06-10 17:50:00,2023,6,10,17,50,972,97203,11 Rue du Docteur Morestin_,14.869051,-61.118837,Plein jour,En agglomération,Hors intersection,Normale,Sans collision,2,2,2,0,1,1,1,0,1,30,1,1,0,0,1,0,37.0,,deux_roues,,1,2,1,1,7
202300007609,2023-06-09 15:10:00,2023,6,9,15,10,972,97210,Boulevard des Fusillés,14.616361,-60.901975,Plein jour,En agglomération,Hors intersection,Normale,Autre collision,6,-1,0,0,1,1,1,0,3,50,1,4,2,2,0,0,44.0,,utilitaire_camion,,1,2,1,1,6
202300007610,2023-07-25 12:20:00,2023,7,25,12,20,13,13112,A7 PK 248.500,43.542953,5.225378,Plein jour,Hors agglomération,Hors intersection,Normale,Deux véhicules - côté,1,3,2,0,1,1,1,0,1,130,2,3,1,0,0,2,58.0,63.0,voiture,utilitaire_camion,1,1,1,1,3
202300007611,2023-07-08 19:10:00,2023,7,8,19,10,13,13028,WILSON (AVENUE PRESIDENT),43.18214,5.61441,Plein jour,En agglomération,Hors intersection,Normale,Autre collision,4,2,2,0,1,1,1,0,1,30,1,3,2,0,0,1,19.0,,voiture,,1,2,1,1,6
202300007612,2023-06-28 18:50:00,2023,6,28,18,50,14,14700,2 Route d'Étréham,49.302079,-0.800486,Plein jour,Hors agglomération,Intersection en X,Normale,Deux véhicules - côté,3,2,2,0,3,1,1,5,1,90,2,2,1,0,0,1,23.0,58.0,voiture,deux_roues,1,1,2,1,3
202300007612,2023-06-28 18:50:00,2023,6,28,18,50,14,14700,2 Route d'Étréham,49.302079,-0.800486,Plein jour,Hors agglomération,Intersection en X,Normale,Deux véhicules - côté,3,2,2,-1,1,1,1,0,1,50,2,2,1,0,0,1,23.0,58.0,voiture,deux_roues,1,1,2,1,3
202300007613,2023-06-27 13:00:00,2023,6,27,13,0,14,14180,Route de Putange,48.856636,-0.229477,Plein jour,Hors agglomération,Hors intersection,Normale,Trois véhicules et plus - en chaîne,3,2,2,0,2,1,1,0,1,70,3,4,2,0,1,1,27.0,53.0,voiture,voiture,1,1,1,1,4
202300007614,2023-07-28 19:10:00,2023,7,28,19,10,14,14366,14 Boulevard Sainte Anne,49.143408,0.227966,Plein jour,En agglomération,Hors intersection,Normale,Deux véhicules - arrière,4,3,2,0,1,1,1,0,1,50,2,2,1,0,0,1,26.0,20.0,deux_roues,voiture,1,2,1,1,2
202300007615,2023-07-18 15:30:00,2023,7,18,15,30,14,14712,2 Rue du Maréchal Leclerc,49.177934,-0.221819,Plein jour,En agglomération,Hors intersection,Normale,Autre collision,4,2,2,0,1,1,1,0,1,50,1,3,2,0,0,1,79.0,,voiture,,1,2,1,1,6
202300007616,2023-07-11 17:30:00,2023,7,11,17,30,14,14473,1200 Route de Lisieux,49.11451,0.042033,Plein jour,Hors agglomération,Hors intersection,Normale,Autre collision,3,2,2,0,1,2,1,0,1,90,1,1,0,0,0,1,38.0,,utilitaire_camion,,1,1,1,1,6
202300007617,2023-10-21 04:00:00,2023,10,21,4,0,974,97416,THOREZ (CHEMIN MAURICE),-21.27151,55.47413,Nuit sans éclairage public,Hors agglomération,Hors intersection,Normale,Sans collision,3,2,2,0,2,1,1,0,3,70,1,3,1,0,0,2,19.0,,voiture,,3,1,1,1,7
202300007618,2023-10-21 11:45:00,2023,10,21,11,45,974,97411,DODU 2 (RUE JULIETTE),-20.88049,55.45194,Plein jour,En agglomération,Intersection en X,Temps couvert,Deux véhicules - côté,4,1,1,0,1,1,1,0,1,50,2,8,1,0,2,5,44.0,54.0,transport_commun,voiture,1,2,2,8,3
202300007618,2023-10-21 11:45:00,2023,10,21,11,45,974,97411,DODU 2 (RUE JULIETTE),-20.88049,55.45194,Plein jour,En agglomération,Intersection en X,Temps couvert,Deux véhicules - côté,4,2,2,3,2,1,1,0,1,50,2,8,1,0,2,5,44.0,54.0,transport_commun,voiture,1,2,2,8,3
202300007619,2023-10-06 08:55:00,2023,10,6,8,55,973,97302,BARTHELEMY (RENE),4.93616011,-52.33242989,Plein jour,En agglomération,Hors intersection,Normale,Deux véhicules - côté,4,2,2,0,1,1,1,0,1,50,2,2,1,0,0,1,32.0,20.0,voiture,deux_roues,1,2,1,1,3
202300007620,2023-10-21 00:40:00,2023,10,21,0,40,973,97302,ROUTE NATIONALE 1,4.90444,-52.32388,Nuit avec éclairage allumé,Hors agglomération,Hors intersection,Normale,Deux véhicules - arrière,2,1,2,0,1,1,1,0,8,90,2,2,1,0,0,1,36.0,24.0,voiture,voiture,5,1,1,1,2
202300007621,2023-10-20 08:45:00,2023,10,20,8,45,973,97302,ZEPHIR (ROCADE),4.93477,-52.30857,Plein jour,En agglomération,Hors intersection,Normale,Deux véhicules - côté,3,2,2,0,1,1,1,0,1,50,2,2,1,0,0,1,38.0,13.0,voiture,deux_roues,1,2,1,1,3
202300007622,2023-10-22 01:15:00,2023,10,22,1,15,69,69386,Cours Lafayette,45.76371099,4.8580645,Nuit avec éclairage allumé,En agglomération,Intersection en T,Normale,Autre collision,4,1,2,3,1,1,1,0,1,50,2,2,1,0,0,1,23.0,,deux_roues,voiture,5,2,3,1,6
202300007622,2023-10-22 01:15:00,2023,10,22,1,15,69,69386,Cours Lafayette,45.76371099,4.8580645,Nuit avec éclairage allumé,En agglomération,Intersection en T,Normale,Autre collision,4,1,1,2,1,1,1,0,1,50,2,2,1,0,0,1,23.0,,deux_roues,voiture,5,2,3,1,6
202300007623,2023-10-21 05:40:00,2023,10,21,5,40,69,69387,Avenue Jean Jaurès,45.7267,4.83085,Nuit avec éclairage allumé,En agglomération,Intersection en T,Normale,Deux véhicules - côté,4,2,3,2,1,1,1,0,1,50,2,2,0,0,0,2,29.0,42.0,voiture,voiture,5,2,3,1,3
202300007623,2023-10-21 05:40:00,2023,10,21,5,40,69,69387,Avenue Jean Jaurès,45.7267,4.83085,Nuit avec éclairage allumé,En agglomération,Intersection en T,Normale,Deux véhicules - côté,4,2,4,2,1,1,1,0,1,50,2,2,0,0,0,2,29.0,42.0,voiture,voiture,5,2,3,1,3
202300007624,2023-10-21 06:35:00,2023,10,21,6,35,2B,2B033,FRANCOIS VITTORI,42.67713,9.43892,Crépuscule ou aube,En agglomération,Autre intersection,Normale,Deux véhicules - frontale,4,3,2,0,2,1,1,0,1,50,1,2,1,0,1,0,84.0,,voiture,,2,2,9,1,1