accident_id,datetime,annee,mois,jour,heure,minute,departement,commune_insee,adresse,latitude,longitude,luminosite,agglomeration,intersection,meteo,collision,catr,circ,nbv,vosp,prof,plan,surf,infra,situ,vma,nb_vehicules,nb_usagers,nb_indemnes,nb_tues,nb_blesses_hosp,nb_blesses_legers,age_cond_1,age_cond_2,veh_type_cond_1,veh_type_cond_2,lum_code,agg_code,int_code,atm_code,col_code
202300007625,2023-10-20 22:15:00,2023,10,20,22,15,971,97101,PATRICK SAINT ELOI ( AVENUE ),16.25313,-61.52429,Nuit avec éclairage allumé,En agglomération,Hors intersection,Temps couvert,Autre collision,4,1,2,0,1,1,2,0,8,50,1,1,0,0,0,1,20.0,,voiture,,5,2,1,8,6
202300007626,2023-10-21 11:40:00,2023,10,21,11,40,91,91549,REGIMENT NORMANDIE-NIEMEN (AVENUE DU),48.637491,2.330457,Plein jour,En agglomération,Intersection en T,Normale,Deux véhicules - côté,3,1,1,0,1,1,1,0,8,50,2,2,1,0,0,1,58.0,32.0,voiture,voiture,1,2,3,1,3
202300007626,2023-10-21 11:40:00,2023,10,21,11,40,91,91549,REGIMENT NORMANDIE-NIEMEN (AVENUE DU),48.637491,2.330457,Plein jour,En agglomération,Intersection en T,Normale,Deux véhicules - côté,3,2,2,0,1,1,1,0,1,50,2,2,1,0,0,1,58.0,32.0,voiture,voiture,1,2,3,1,3
202300007627,2023-10-21 20:15:00,2023,10,21,20,15,91,91421,CHARLES DE GAULLE (AVENUE),48.6963,2.45635,Nuit avec éclairage allumé,En agglomération,Hors intersection,Pluie forte,Autre collision,4,2,2,0,1,1,2,0,1,50,1,2,1,0,0,1,59.0,,voiture,,5,2,1,3,6
202300007628,2023-10-20 15:50:00,2023,10,20,15,50,91,91223,SAINT MICHEL (BOULEVARD),48.44931,2.17147,Plein jour,En agglomération,Intersection en X,Pluie légère,Deux véhicules - côté,4,2,2,0,1,1,2,0,1,50,2,2,1,0,0,1,25.0,43.0,utilitaire_camion,deux_roues,1,2,2,2,3
202300007629,2023-10-20 08:25:00,2023,10,20,8,25,91,91223,COQUERIVE (RUE DE),48.43517,2.16771,Plein jour,En agglomération,Intersection en T,Temps couvert,Deux véhicules - côté,3,2,2,0,1,1,2,2,1,50,2,4,3,0,0,1,48.0,68.0,utilitaire_camion,voiture,1,2,3,8,3
202300007629,2023-10-20 08:25:00,2023,10,20,8,25,91,91223,COQUERIVE (RUE DE),48.43517,2.16771,Plein jour,En agglomération,Intersection en T,Temps couvert,Deux véhicules - côté,3,1,2,0,2,4,2,0,1,50,2,4,3,0,0,1,48.0,68.0,utilitaire_camion,voiture,1,2,3,8,3
202300007630,2023-10-16 12:45:00,2023,10,16,12,45,89,89338,FONTAINE D'AZON (RUE DE LA),48.21747,3.2826,Plein jour,En agglomération,Hors intersection,Normale,Deux véhicules - frontale,3,2,1,0,1,1,1,0,1,50,2,2,1,0,1,0,42.0,60.0,voiture,transport_commun,1,2,1,1,1
202300007631,2023-10-21 15:26:00,2023,10,21,15,26,85,85191,29 Rue du président de gaulle,46.67142,-1.42361,Plein jour,En agglomération,Hors intersection,Normale,Autre collision,4,2,2,0,1,1,1,0,1,50,1,2,1,0,1,0,43.0,,voiture,,1,2,1,1,6
202300007632,2023-10-21 12:30:00,2023,10,21,12,30,83,83137,SAINT ROCH (AVE),43.1292735,5.92107508,Plein jour,En agglomération,Hors intersection,Normale,Deux véhicules - côté,3,2,2,0,1,1,1,0,1,50,2,2,1,0,0,1,74.0,,deux_roues,voiture,1,2,1,1,3
202300007633,2023-10-20 18:33:00,2023,10,20,18,33,78,78418,JULES VERNE (ALLEE),48.93049,2.14242,Nuit avec éclairage allumé,En agglomération,Hors intersection,Temps couvert,Autre collision,4,2,0,0,1,1,1,0,1,50,1,1,0,0,0,1,36.0,,voiture,,5,2,1,8,6
202300007634,2023-10-20 19:50:00,2023,10,20,19,50,77,77305,D605,48.38898,2.959746,Nuit avec éclairage non allumé,En agglomération,Hors intersection,Pluie forte,Autre collision,3,2,4,0,1,1,2,2,1,50,1,2,1,0,1,0,63.0,,utilitaire_camion,,4,2,1,3,6
202300007635,2023-10-21 03:30:00,2023,10,21,3,30,77,77389,D606,48.50942,2.65797,Nuit sans éclairage public,Hors agglomération,Hors intersection,Pluie légère,Deux véhicules - arrière,3,2,3,0,1,1,2,0,1,70,2,2,0,0,1,1,71.0,20.0,voiture,voiture,3,1,1,2,2
202300007636,2023-10-21 06:00:00,2023,10,21,6,0,76,76498,Rue Leon Maletra,49.429874,1.067594,Nuit avec éclairage allumé,En agglomération,Intersection en X,Pluie légère,Deux véhicules - côté,4,1,1,0,1,1,2,0,1,50,2,2,1,0,0,1,51.0,,voiture,voiture,5,2,2,2,3
202300007636,2023-10-21 06:00:00,2023,10,21,6,0,76,76498,Rue Leon Maletra,49.429874,1.067594,Nuit avec éclairage allumé,En agglomération,Intersection en X,Pluie légère,Deux véhicules - côté,4,2,2,0,1,1,2,0,1,50,2,2,1,0,0,1,51.0,,voiture,voiture,5,2,2,2,3
202300007637,2023-10-21 06:10:00,2023,10,21,6,10,76,76565,ROUEN (ROUTE DE),49.8823,1.06783,Nuit sans éclairage public,Hors agglomération,Hors intersection,Temps couvert,Autre collision,2,2,3,0,2,3,2,0,1,80,1,2,1,0,1,0,24.0,,voiture,,3,1,1,8,6
202300007638,2023-10-22 00:00:00,2023,10,22,0,0,73,73008,D991 MARLIOZ AVENUE DE,45.67519,5.90855,Nuit avec éclairage allumé,En agglomération,Intersection en T,Normale,Deux véhicules - côté,3,2,2,0,1,1,1,0,1,50,2,2,1,0,0,1,16.0,32.0,deux_roues,voiture,5,2,3,1,3
202300007638,2023-10-22 00:00:00,2023,10,22,0,0,73,73008,D991 MARLIOZ AVENUE DE,45.67519,5.90855,Nuit avec éclairage allumé,En agglomération,Intersection en T,Normale,Deux véhicules - côté,3,2,2,2,1,1,1,0,1,50,2,2,1,0,0,1,16.0,32.0,deux_roues,voiture,5,2,3,1,3
202300007639,2023-10-20 07:50:00,2023,10,20,7,50,69,69264,Rue Ampere,45.98858,4.72174,Plein jour,En agglomération,Hors intersection,Temps couvert,Autre collision,4,2,2,2,1,1,2,2,1,50,1,2,1,0,0,1,36.0,,voiture,,1,2,1,8,6
202300007640,2023-10-21 22:30:00,2023,10,21,22,30,69,69199,Rue Pasteur,45.70635,4.8564,Nuit sans éclairage public,En agglomération,Intersection en X,Normale,Deux véhicules - côté,4,1,1,0,1,1,1,0,1,30,2,2,1,0,0,1,29.0,,voiture,voiture,3,2,2,1,3
202300007640,2023-10-21 22:30:00,2023,10,21,22,30,69,69199,Rue Pasteur,45.70635,4.8564,Nuit sans éclairage public,En agglomération,Intersection en X,Normale,Deux véhicules - côté,4,1,1,2,1,1,1,0,1,30,2,2,1,0,0,1,29.0,,voiture,voiture,3,2,2,1,3
202300007641,2023-10-21 00:55:00,2023,10,21,0,55,68,68166,RD 430,47.781402,7.329725,Nuit avec éclairage allumé,Hors agglomération,Intersection en X,Pluie légère,Deux véhicules - arrière,3,4,4,3,1,1,2,0,8,50,2,3,1,0,0,2,32.0,22.0,voiture,voiture,5,1,2,2,2
202300007641,2023-10-21 00:55:00,2023,10,21,0,55,68,68166,RD 430,47.781402,7.329725,Nuit avec éclairage allumé,Hors agglomération,Intersection en X,Pluie légère,Deux véhicules - arrière,3,3,3,0,1,1,2,0,1,50,2,3,1,0,0,2,32.0,22.0,voiture,voiture,5,1,2,2,2
202300007642,2023-10-21 17:30:00,2023,10,21,17,30,67,67482,CANONNIERS (RUE DES),48.55445,7.76593,Plein jour,En agglomération,Hors intersection,Normale,Deux véhicules - arrière,4,2,4,0,1,1,1,5,1,50,2,3,1,0,0,2,26.0,49.0,deux_roues,voiture,1,2,1,1,2
202300007643,2023-10-21 18:45:00,2023,10,21,18,45,64,64284,CORPS FRANC POMMIES,43.2924,-0.39841,Plein jour,En agglomération,Hors intersection,Normale,Sans collision,4,3,4,0,1,1,1,0,1,50,1,2,1,0,0,1,22.0,,deux_roues,,1,2,1,1,7
202300007644,2023-10-20 17:35:00,2023,10,20,17,35,62,62215,Rue Cyprien Quinet,50.49133,2.96987,Plein jour,En agglomération,Hors intersection,Normale,Autre collision,4,2,2,0,1,1,1,0,1,50,1,2,1,0,1,0,,,autre,,1,2,1,1,6
202300007645,2023-10-21 12:20:00,2023,10,21,12,20,54,54547,route de Mirecourt,48.66216,6.18852,Plein jour,En agglomération,Hors intersection,Normale,Deux véhicules - côté,4,2,2,1,1,1,1,-1,1,50,2,2,1,0,0,1,40.0,19.0,voiture,deux_roues,1,2,1,1,3
202300007646,2023-10-21 08:30:00,2023,10,21,8,30,54,54547,RD 674,48.67037,6.19251,Plein jour,Hors agglomération,Autre intersection,Temps couvert,Autre collision,7,1,3,0,1,1,1,0,1,70,1,2,0,0,0,2,21.0,,voiture,,1,1,9,8,6
202300007647,2023-10-21 12:03:00,2023,10,21,12,3,51,51454,PONSARDIN (RUE),49.25097,4.04067,Plein jour,En agglomération,Intersection en X,Normale,Deux véhicules - côté,4,2, -1,-1,1,1,1,0,1,-1,2,1,0,0,0,1,34.0,,deux_roues,,1,2,2,1,3
202300007647,2023-10-21 12:03:00,2023,10,21,12,3,51,51454,PONSARDIN (RUE),49.25097,4.04067,Plein jour,En agglomération,Intersection en X,Normale,Deux véhicules - côté,4,-1,1,0,1,1,1,0,1,50,2,1,0,0,0,1,34.0,,deux_roues,,1,2,2,1,3
202300007648,2023-10-20 19:20:00,2023,10,20,19,20,51,51454,EPERNAY (AVENUE D') COTE IMPAIR,49.23191,4.01416,Nuit avec éclairage allumé,En agglomération,Intersection en X,Normale,Deux véhicules - frontale,4,2,2,0,1,1,2,0,1,50,2,2,1,0,1,0,47.0,44.0,voiture,deux_roues,5,2,2,1,1
202300007648,2023-10-20 19:20:00,2023,10,20,19,20,51,51454,EPERNAY (AVENUE D') COTE IMPAIR,49.23191,4.01416,Nuit avec éclairage allumé,En agglomération,Intersection en X,Normale,Deux véhicules - frontale,4,2,2,0,1,1,2,0,1,50,2,2,1,0,1,0,47.0,44.0,voiture,deux_roues,5,2,2,1,1
202300007649,2023-10-21 18:44:00,2023,10,21,18,44,51,51242,GENERAL LECLERC (RUE DU),48.96563,4.31656,Crépuscule ou aube,En agglomération,Hors intersection,Normale,Sans collision,4,2,0,0,1,4,1,0,1,50,1,1,0,0,0,1,24.0,,deux_roues,,2,2,1,1,7
202300007650,2023-10-21 16:14:00,2023,10,21,16,14,49,49007,SAINT AUBIN,47.46864,-0.55229,Plein jour,En agglomération,Hors intersection,Pluie légère,Autre collision,4,-1,1,0,1,1,2,6,8,20,1,2,0,0,0,1,,,deux_roues,,1,2,1,2,6
202300007651,2023-10-21 07:22:00,2023,10,21,7,22,49,49007,RD 323,47.46974,-0.5921,Nuit sans éclairage public,Hors agglomération,Hors intersection,Normale,Autre collision,3,3,2,0,1,1,2,0,1,90,1,1,0,0,0,1,38.0,,voiture,,3,1,1,1,6
202300007652,2023-10-21 05:22:00,2023,10,21,5,22,49,49246,,47.43115,-0.50737,Nuit avec éclairage non allumé,En agglomération,Hors intersection,Normale,Autre collision,4,1,3,0,2,2,2,0,1,70,1,1,0,0,0,1,20.0,,voiture,,4,2,1,1,6
202300007653,2023-10-21 18:26:00,2023,10,21,18,26,45,45234,Pont René Thinat,47.90037495,1.91987953,Crépuscule ou aube,En agglomération,Intersection en T,Pluie forte,Deux véhicules - côté,4,1,1,0,1,1,2,0,1,50,2,4,3,0,0,1,36.0,58.0,voiture,deux_roues,2,2,3,3,3
202300007653,2023-10-21 18:26:00,2023,10,21,18,26,45,45234,Pont René Thinat,47.90037495,1.91987953,Crépuscule ou aube,En agglomération,Intersection en T,Pluie forte,Deux véhicules - côté,4,4,5,0,1,2,2,0,1,50,2,4,3,0,0,1,36.0,58.0,voiture,deux_roues,2,2,3,3,3
202300007654,2023-10-21 12:10:00,2023,10,21,12,10,45,45234,11 Rue du Faubourg Bannier,47.90834,1.90105,Plein jour,En agglomération,Hors intersection,Normale,Autre collision,4,2,2,0,1,1,1,0,1,50,1,2,1,0,0,1,42.0,,voiture,,1,2,1,1,6
202300007655,2023-10-20 11:40:00,2023,10,20,11,40,45,45004,D163 PR 1 + 830,47.990436,2.766386,Plein jour,En agglomération,Autre intersection,Normale,Deux véhicules - côté,3,2,2,0,1,1,1,9,1,50,2,2,1,0,0,1,18.0,24.0,deux_roues,voiture,1,2,9,1,3
202300007656,2023-10-17 07:50:00,2023,10,17,7,50,44,44132,96 Boulevard de Saint-Nazaire,47.25554,-2.31292,Crépuscule ou aube,En agglomération,Hors intersection,Normale,Trois véhicules et plus - en chaîne,4,3,3,1,1,1,1,6,1,50,3,3,2,0,0,1,20.0,56.0,voiture,deux_roues,2,2,1,1,4
202300007657,2023-10-21 09:10:00,2023,10,21,9,10,35,35238,,48.081,-1.69662,Plein jour,Hors agglomération,Hors intersection,Pluie forte,Trois véhicules et plus - en chaîne,2,3,4,0,2,1,2,0,1,90,3,4,2,0,0,2,38.0,26.0,voiture,utilitaire_camion,1,1,1,3,4
202300007658,2023-10-21 12:00:00,2023,10,21,12,0,35,35238,RN136,48.08200453,-1.69726431,Plein jour,Hors agglomération,Hors intersection,Pluie forte,Deux véhicules - arrière,2,3,5,0,1,1,2,2,1,90,2,2,1,0,0,1,51.0,24.0,voiture,voiture,1,1,1,3,2
202300007659,2023-10-21 04:38:00,2023,10,21,4,38,28,28085,ARAGO (RUE FRANCOIS),48.43787,1.52113,Nuit sans éclairage public,Hors agglomération,Hors intersection,Pluie légère,Autre collision,3,3,0,0,1,1,2,0,3,90,1,2,0,0,1,1,19.0,,voiture,,3,1,1,2,6
202300007660,2023-10-21 10:00:00,2023,10,21,10,0,22,22113,ARMOR (BOULEVARD D'),48.74663,-3.46182,Plein jour,En agglomération,Autre intersection,Pluie légère,Deux véhicules - côté,3,-1,1,0,1,2,2,5,1,50,2,3,2,0,0,1,23.0,30.0,voiture,voiture,1,2,9,2,3
202300007660,2023-10-21 10:00:00,2023,10,21,10,0,22,22113,ARMOR (BOULEVARD D'),48.74663,-3.46182,Plein jour,En agglomération,Autre intersection,Pluie légère,Deux véhicules - côté,3,2, -1,0,1,1,2,0,1,-1,2,3,2,0,0,1,23.0,30.0,voiture,voiture,1,2,9,2,3
202300007661,2023-10-21 11:40:00,2023,10,21,11,40,17,17415,RECOUVRANCE BOULEVARD DE,45.75385,-0.65643,Plein jour,En agglomération,Autre intersection,Pluie légère,Autre collision,6,-1, -1,0,2,1,2,9,8,50,1,2,1,0,0,1,89.0,,voiture,,1,2,9,2,6
202300007662,2023-10-21 22:00:00,2023,10,21,22,0,13,13206,LIEUTAUD (COURS),43.29113465,5.38317372,Nuit avec éclairage allumé,En agglomération,Intersection en X,Normale,Deux véhicules - côté,4,1,0,0,4,1,1,0,1,50,2,2,1,0,0,1,23.0,29.0,voiture,deux_roues,5,2,2,1,3
202300007662,2023-10-21 22:00:00,2023,10,21,22,0,13,13206,LIEUTAUD (COURS),43.29113465,5.38317372,Nuit avec éclairage allumé,En agglomération,Intersection en X,Normale,Deux véhicules - côté,4,2,2,0,1,1,1,0,1,50,2,2,1,0,0,1,23.0,29.0,voiture,deux_roues,5,2,2,1,3
202300007663,2023-10-20 22:50:00,2023,10,20,22,50,13,13215,SAINT ANTOINE (AVENUE DE),43.38314,5.35827,Nuit avec éclairage allumé,En agglomération,Hors intersection,Normale,Autre collision,4,2,2,0,1,1,1,0,1,50,1,4,0,0,0,4,24.0,,voiture,,5,2,1,1,6
202300007664,2023-10-21 07:30:00,2023,10,21,7,30,13,13216,RABELAIS (RUE),43.35922,5.33282,Crépuscule ou aube,En agglomération,Intersection en X,Normale,Deux véhicules - côté,4,2,1,0,1,1,1,0,1,50,2,3,1,0,0,2,,49.0,voiture,voiture,2,2,2,1,3
202300007664,2023-10-21 07:30:00,2023,10,21,7,30,13,13216,RABELAIS (RUE),43.35922,5.33282,Crépuscule ou aube,En agglomération,Intersection en X,Normale,Deux véhicules - côté,4,2,1,0,2,1,1,0,1,50,2,3,1,0,0,2,,49.0,voiture,voiture,2,2,2,1,3
202300007665,2023-10-21 14:40:00,2023,10,21,14,40,13,13005,CIOTAT (ROUTE DE LA RN559),43.28365,5.58319,Plein jour,Hors agglomération,Hors intersection,Normale,Deux véhicules - frontale,3,2,2,0,1,1,1,5,1,80,1,1,0,0,0,1,23.0,,deux_roues,,1,1,1,1,1
202300007666,2023-10-21 15:10:00,2023,10,21,15,10,13,13001,ALLUMETTES (RUE DES),43.52466,5.4399,Plein jour,En agglomération,Hors intersection,Normale,Sans collision,4,2,2,0,2,1,1,0,1,30,2,2,0,0,0,2,53.0,41.0,deux_roues,deux_roues,1,2,1,1,7
202300007667,2023-10-21 15:49:00,2023,10,21,15,49,11,11069,,43.20646,2.3667,Plein jour,En agglomération,Hors intersection,Normale,Autre collision,4,2,2,0,2,1,1,6,1,30,1,2,1,0,1,0,,,deux_roues,,1,2,1,1,6
202300007668,2023-10-20 13:20:00,2023,10,20,13,20,07,07102,MALRAUX (Rue André),44.92743,4.86407,Plein jour,En agglomération,Hors intersection,Normale,Deux véhicules - côté,4,-1,1,0,1,3,1,0,1,50,2,2,1,0,0,1,55.0,17.0,voiture,deux_roues,1,2,1,1,3
202300007669,2023-10-21 17:24:00,2023,10,21,17,24,06,06088,DELVALLE (RUE PROF.),43.72082,7.28372,Plein jour,En agglomération,Hors intersection,Normale,Deux véhicules - frontale,4,1,2,0,1,1,1,0,1,50,2,3,2,1,0,0,57.0,77.0,voiture,voiture,1,2,1,1,1
202300007670,2023-10-21 15:15:00,2023,10,21,15,15,75,75120,PORTE DE MONTREUIL,48.855447,2.413826,Plein jour,En agglomération,Hors intersection,Temps couvert,Trois véhicules et plus - collisions multiples,4,1,4,0,1,1,2,0,1,70,3,4,3,0,1,0,53.0,90.0,utilitaire_camion,voiture,1,2,1,8,5
202300007671,2023-10-20 20:45:00,2023,10,20,20,45,75,75120,AVENUE GAMBETTA,48.864974,2.395557,Nuit avec éclairage allumé,En agglomération,Intersection en T,Pluie légère,Autre collision,4,2,2,1,2,1,2,0,1,50,1,2,1,0,0,1,25.0,,deux_roues,,5,2,3,2,6
202300007671,2023-10-20 20:45:00,2023,10,20,20,45,75,75120,AVENUE GAMBETTA,48.864974,2.395557,Nuit avec éclairage allumé,En agglomération,Intersection en T,Pluie légère,Autre collision,4,1, -1,0,1,2,2,0,1,30,1,2,1,0,0,1,25.0,,deux_roues,,5,2,3,2,6
202300007672,2023-10-21 13:48:00,2023,10,21,13,48,75,75119,AVENUE JEAN JAURES,48.886629,2.384844,Plein jour,En agglomération,Intersection en X,Pluie légère,Deux véhicules - arrière,4,4,4,1,1,1,2,-1,5,30,2,3,2,0,0,1,30.0,27.0,voiture,deux_roues,1,2,2,2,2
202300007672,2023-10-21 13:48:00,2023,10,21,13,48,75,75119,AVENUE JEAN JAURES,48.886629,2.384844,Plein jour,En agglomération,Intersection en X,Pluie légère,Deux véhicules - arrière,4,2, -1,-1,1,1,2,-1,5,-1,2,3,2,0,0,1,30.0,27.0,voiture,deux_roues,1,2,2,2,2
202300007673,2023-10-20 23:35:00,2023,10,20,23,35,75,75119,RUE DE LA CLOTURE,48.897327,2.392608,Nuit avec éclairage allumé,En agglomération,Intersection en Y,Pluie légère,Deux véhicules - frontale,4,1, -1,0,1,1,2,0,1,30,2,2,1,0,0,1,23.0,55.0,deux_roues,deux_roues,5,2,4,2,1
202300007673,2023-10-20 23:35:00,2023,10,20,23,35,75,75119,RUE DE LA CLOTURE,48.897327,2.392608,Nuit avec éclairage allumé,En agglomération,Intersection en Y,Pluie légère,Deux véhicules - frontale,4,2,0,0,1,1,2,0,1,30,2,2,1,0,0,1,23.0,55.0,deux_roues,deux_roues,5,2,4,2,1
202300007674,2023-10-20 19:30:00,2023,10,20,19,30,75,75115,QUAI DE GRENELLE,48.850653,2.284024,Nuit avec éclairage non allumé,En agglomération,Intersection en X,Pluie forte,Deux véhicules - côté,4,-1, -1,-1,1,1,2,0,1,30,2,3,2,0,0,1,19.0,46.0,deux_roues,voiture,4,2,2,3,3
202300007674,2023-10-20 19:30:00,2023,10,20,19,30,75,75115,QUAI DE GRENELLE,48.850653,2.284024,Nuit avec éclairage non allumé,En agglomération,Intersection en X,Pluie forte,Deux véhicules - côté,4,2,4,0,1,1,2,0,1,30,2,3,2,0,0,1,19.0,46.0,deux_roues,voiture,4,2,2,3,3
202300007675,2023-10-21 14:40:00,2023,10,21,14,40,75,75114,BOULEVARD ARAGO,48.834525,2.334987,Plein jour,En agglomération,Hors intersection,Normale,Deux véhicules - côté,4,2,4,1,1,1,1,0,1,30,2,2,1,0,0,1,31.0,26.0,voiture,deux_roues,1,2,1,1,3
202300007676,2023-10-20 16:30:00,2023,10,20,16,30,75,75114,BOULEVARD ARAGO,48.83445,2.333449,Plein jour,En agglomération,Intersection en Y,Pluie légère,Autre collision,4,2,4,1,1,1,2,0,5,30,1,2,0,0,0,2,22.0,,deux_roues,,1,2,4,2,6
202300007676,2023-10-20 16:30:00,2023,10,20,16,30,75,75114,BOULEVARD ARAGO,48.83445,2.333449,Plein jour,En agglomération,Intersection en Y,Pluie légère,Autre collision,4,1, -1,0,1,3,2,0,5,30,1,2,0,0,0,2,22.0,,deux_roues,,1,2,4,2,6
202300007677,2023-10-21 19:45:00,2023,10,21,19,45,75,75113,BOULEVARD AUGUSTE BLANQUI,48.831269,2.342498,Nuit avec éclairage allumé,En agglomération,Hors intersection,Pluie forte,Autre collision,4,1,2,1,2,1,2,0,1,30,1,2,1,0,0,1,24.0,,deux_roues,,5,2,1,3,6
202300007678,2023-10-21 12:10:00,2023,10,21,12,10,75,75113,RUE CHARCOT,48.830347,2.37043,Plein jour,En agglomération,Intersection en X,Temps couvert,Autre collision,4,1, -1,-1,1,1,1,0,1,-1,1,1,0,0,0,1,28.0,,voiture,,1,2,2,8,6
202300007678,2023-10-21 12:10:00,2023,10,21,12,10,75,75113,RUE CHARCOT,48.830347,2.37043,Plein jour,En agglomération,Intersection en X,Temps couvert,Autre collision,4,1,2,2,2,1,1,0,1,30,1,1,0,0,0,1,28.0,,voiture,,1,2,2,8,6
202300007679,2023-10-21 05:50:00,2023,10,21,5,50,75,75114,BOULEVARD JOURDAN,48.822235,2.330387,Nuit avec éclairage allumé,En agglomération,Intersection en X,Normale,Deux véhicules - arrière,4,2,6,3,2,1,2,0,1,30,2,2,1,0,0,1,21.0,,voiture,voiture,5,2,2,1,2
202300007679,2023-10-21 05:50:00,2023,10,21,5,50,75,75114,BOULEVARD JOURDAN,48.822235,2.330387,Nuit avec éclairage allumé,En agglomération,Intersection en X,Normale,Deux véhicules - arrière,4,2,2,0,1,1,2,0,1,30,2,2,1,0,0,1,21.0,,voiture,voiture,5,2,2,1,2
202300007680,2023-10-21 09:55:00,2023,10,21,9,55,75,75110,IMPASSE MARTINI,48.870075,2.355647,Plein jour,En agglomération,Hors intersection,Pluie légère,Autre collision,4,2,1,0,2,1,2,0,1,30,1,2,1,0,0,1,38.0,,voiture,,1,2,1,2,6
202300007681,2023-10-21 03:30:00,2023,10,21,3,30,75,75108,RUE DE COURCELLES,48.879134,2.303156,Nuit avec éclairage allumé,En agglomération,Intersection à plus de 4 branches,Pluie légère,Sans collision,4,2,4,0,1,1,2,0,1,30,1,1,0,0,0,1,30.0,,deux_roues,,5,2,5,2,7
202300007681,2023-10-21 03:30:00,2023,10,21,3,30,75,75108,RUE DE COURCELLES,48.879134,2.303156,Nuit avec éclairage allumé,En agglomération,Intersection à plus de 4 branches,Pluie légère,Sans collision,4,2,2,0,1,1,2,0,1,30,1,1,0,0,0,1,30.0,,deux_roues,,5,2,5,2,7
202300007682,2023-10-21 00:25:00,2023,10,21,0,25,75,75108,AVENUE DE WAGRAM,48.876342,2.296922,Nuit avec éclairage allumé,En agglomération,Intersection en T,Pluie légère,Deux véhicules - arrière,4,2,4,0,1,1,2,0,1,50,2,2,1,0,0,1,,38.0,utilitaire_camion,voiture,5,2,3,2,2
202300007682,2023-10-21 00:25:00,2023,10,21,0,25,75,75108,AVENUE DE WAGRAM,48.876342,2.296922,Nuit avec éclairage allumé,En agglomération,Intersection en T,Pluie légère,Deux véhicules - arrière,4,1, -1,-1,1,1,2,0,1,-1,2,2,1,0,0,1,,38.0,utilitaire_camion,voiture,5,2,3,2,2
202300007683,2023-10-20 21:04:00,2023,10,20,21,4,75,75107,QUAI D ORSAY,48.862898,2.317681,Nuit avec éclairage allumé,En agglomération,Hors intersection,Pluie légère,Deux véhicules - arrière,4,-1,2,1,1,1,2,0,1,30,2,2,1,0,0,1,50.0,26.0,deux_roues,deux_roues,5,2,1,2,2
202300007684,2023-10-21 19:45:00,2023,10,21,19,45,75,75102,RUE MONTMARTRE,48.869125,2.343204,Nuit avec éclairage allumé,En agglomération,Intersection en Y,Pluie légère,Deux véhicules - côté,4,1, -1,0,1,1,2,-1,6,30,2,2,1,0,0,1,30.0,34.0,deux_roues,voiture,5,2,4,2,3
202300007684,2023-10-21 19:45:00,2023,10,21,19,45,75,75102,RUE MONTMARTRE,48.869125,2.343204,Nuit avec éclairage allumé,En agglomération,Intersection en Y,Pluie légère,Deux véhicules - côté,4,1, -1,1,1,1,2,-1,6,30,2,2,1,0,0,1,30.0,34.0,deux_roues,voiture,5,2,4,2,3
202300007685,2023-10-21 09:30:00,2023,10,21,9,30,75,75102,RUE SAINT MARC,48.870399,2.340925,Plein jour,En agglomération,Intersection en X,Normale,Sans collision,4,1,1,0,1,1,1,0,1,30,1,2,1,0,0,1,33.0,,deux_roues,,1,2,2,1,7
202300007685,2023-10-21 09:30:00,2023,10,21,9,30,75,75102,RUE SAINT MARC,48.870399,2.340925,Plein jour,En agglomération,Intersection en X,Normale,Sans collision,4,1,0,0,1,1,1,0,1,30,1,2,1,0,0,1,33.0,,deux_roues,,1,2,2,1,7
202300007686,2023-10-21 16:50:00,2023,10,21,16,50,94,94042,Avenue du Général Galliéni,48.820154,2.476024,Plein jour,En agglomération,Autre intersection,Temps couvert,Deux véhicules - côté,3,2,4,0,1,1,2,5,1,50,2,3,1,0,0,2,48.0,16.0,voiture,deux_roues,1,2,9,8,3
202300007687,2023-10-21 19:10:00,2023,10,21,19,10,94,94065,N186B,48.75379,2.36348,Nuit avec éclairage allumé,Hors agglomération,Hors intersection,Pluie légère,Deux véhicules - côté,2,1,2,0,1,1,2,0,1,70,2,2,1,0,0,1,20.0,27.0,deux_roues,voiture,5,1,1,2,3
202300007688,2023-10-21 08:51:00,2023,10,21,8,51,94,94073,8 Rue Louis Duperrey,48.76836,2.39152,Plein jour,En agglomération,Hors intersection,Normale,Autre collision,4,2,2,0,2,1,1,0,1,50,1,1,0,0,0,1,46.0,,voiture,,1,2,1,1,6
202300007689,2023-10-21 03:10:00,2023,10,21,3,10,94,94017,Av. Henri-Marie le Boursicaud,48.81525,2.52278,Nuit sans éclairage public,En agglomération,Hors intersection,Temps couvert,Autre collision,3,2,2,0,2,2,2,0,1,50,1,3,2,0,0,1,24.0,,voiture,,3,2,1,8,6
202300007690,2023-10-21 16:30:00,2023,10,21,16,30,93,93066,Rue Danielle Casanova / Rue Taittinger,48.92881778,2.36242674,Plein jour,En agglomération,Intersection en X,Normale,Deux véhicules - arrière,4,2,2,0,1,1,1,0,1,50,2,5,2,0,0,3,20.0,36.0,voiture,voiture,1,2,2,1,2
202300007690,2023-10-21 16:30:00,2023,10,21,16,30,93,93066,Rue Danielle Casanova / Rue Taittinger,48.92881778,2.36242674,Plein jour,En agglomération,Intersection en X,Normale,Deux véhicules - arrière,4,1,1,0,1,1,1,0,1,-1,2,5,2,0,0,3,20.0,36.0,voiture,voiture,1,2,2,1,2