accident_id,datetime,annee,mois,jour,heure,minute,departement,commune_insee,adresse,latitude,longitude,luminosite,agglomeration,intersection,meteo,collision,catr,circ,nbv,vosp,prof,plan,surf,infra,situ,vma,nb_vehicules,nb_usagers,nb_indemnes,nb_tues,nb_blesses_hosp,nb_blesses_legers,age_cond_1,age_cond_2,veh_type_cond_1,veh_type_cond_2,lum_code,agg_code,int_code,atm_code,col_code
202300008052,2023-06-07 07:40:00,2023,6,7,7,40,24,24551,les bouilloux,45.422601,0.935458,Plein jour,Hors agglomération,Intersection en T,Normale,Deux véhicules - côté,3,2,2,0,1,1,1,0,1,-1,2,2,1,0,1,0,30.0,61.0,voiture,voiture,1,1,3,1,3
202300008053,2023-06-07 08:50:00,2023,6,7,8,50,85,85254,RD 960B,46.78772,-0.78069,Plein jour,Hors agglomération,Hors intersection,Normale,Deux véhicules - frontale,3,2,2,0,1,1,1,0,1,-1,2,2,1,0,1,0,18.0,46.0,deux_roues,voiture,1,1,1,1,1
202300008054,2023-04-29 17:15:00,2023,4,29,17,15,64,64445,14 JUILLET DU,43.28734,-0.38022,Plein jour,En agglomération,Hors intersection,Pluie légère,Sans collision,4,2,2,0,1,1,2,0,1,50,1,2,0,0,0,2,16.0,,deux_roues,,1,2,1,2,7
202300008055,2023-06-06 18:40:00,2023,6,6,18,40,17,17337,D126,45.970675,-1.289102,Plein jour,En agglomération,Hors intersection,Normale,Sans collision,3,2,2,0,1,1,1,0,3,50,1,1,0,1,0,0,26.0,,deux_roues,,1,2,1,1,7
202300008056,2023-11-24 08:59:00,2023,11,24,8,59,45,45068,D2007 PR 17 + 385,48.013263,2.739327,Plein jour,Hors agglomération,Hors intersection,Pluie légère,Trois véhicules et plus - en chaîne,3,2,2,0,1,1,2,0,1,70,4,6,4,0,0,2,73.0,20.0,voiture,voiture,1,1,1,2,4
202300008057,2023-07-11 00:20:00,2023,7,11,0,20,91,91161,AUTOROUTE A6,48.71331,2.30857,Nuit sans éclairage public,Hors agglomération,Hors intersection,Normale,Deux véhicules - arrière,1,1,3,0,1,1,1,0,1,110,2,3,2,0,0,1,19.0,48.0,voiture,voiture,3,1,1,1,2
202300008058,2023-04-29 15:48:00,2023,4,29,15,48,64,64335,JEAN JAURES,43.31711,-0.42968,Plein jour,En agglomération,Autre intersection,Pluie légère,Deux véhicules - frontale,4,2,3,3,1,1,2,0,1,50,2,5,2,0,0,3,26.0,54.0,voiture,voiture,1,2,9,2,1
202300008059,2023-11-24 19:10:00,2023,11,24,19,10,44,44109,11 Rue de Bréa,47.21092,-1.56597,Nuit avec éclairage allumé,En agglomération,Hors intersection,Normale,Autre collision,4,1,1,0,1,1,1,0,1,30,1,2,1,0,0,1,21.0,,voiture,,5,2,1,1,6
202300008060,2023-06-06 20:15:00,2023,6,6,20,15,87,87153,lieu dit ladrat,45.834768,1.747089,Plein jour,Hors agglomération,Hors intersection,Normale,Deux véhicules - frontale,4,2,2,0,2,2,1,0,1,90,2,2,1,0,1,0,17.0,63.0,deux_roues,voiture,1,1,1,1,1
202300008061,2023-04-29 11:43:00,2023,4,29,11,43,64,64445,MOUROT,43.2991,-0.37183,Plein jour,En agglomération,Intersection en T,Pluie légère,Autre collision,4,1,1,0,1,1,2,0,1,50,1,2,1,0,0,1,68.0,,voiture,,1,2,3,2,6
202300008061,2023-04-29 11:43:00,2023,4,29,11,43,64,64445,MOUROT,43.2991,-0.37183,Plein jour,En agglomération,Intersection en T,Pluie légère,Autre collision,4,2,2,0,1,1,2,0,1,50,1,2,1,0,0,1,68.0,,voiture,,1,2,3,2,6
202300008062,2023-11-24 20:20:00,2023,11,24,20,20,37,37214,MOTTE (PONT DE LA),47.39405893,0.64713907,Nuit avec éclairage allumé,Hors agglomération,Hors intersection,Normale,Deux véhicules - côté,7,3,2,0,3,1,1,2,1,90,2,2,1,0,0,1,32.0,35.0,voiture,voiture,5,1,1,1,3
202300008063,2023-04-30 19:10:00,2023,4,30,19,10,64,64122,GUYNEMER (RUE),43.47332,-1.56383,Plein jour,En agglomération,Hors intersection,Normale,Sans collision,4,1,1,0,2,1,1,0,1,30,1,2,1,0,0,1,69.0,,deux_roues,,1,2,1,1,7
202300008064,2023-11-24 11:15:00,2023,11,24,11,15,37,37122,GAMARD (RUE),47.35031,0.66263,Plein jour,En agglomération,Hors intersection,Normale,Sans collision,4,2,2,3,1,1,1,0,6,50,1,1,0,0,0,1,52.0,,deux_roues,,1,2,1,1,7
202300008065,2023-04-30 02:55:00,2023,4,30,2,55,64,64102,LESSEPS (QUAI DE),43.49736,-1.47774,Nuit avec éclairage non allumé,En agglomération,Hors intersection,Normale,Sans collision,4,2,2,0,1,1,1,0,1,50,1,2,0,0,0,2,18.0,,deux_roues,,4,2,1,1,7
202300008066,2023-06-06 15:20:00,2023,6,6,15,20,95,95394,103 THERESE LETHIAS (RUE),49.05534638,2.17159688,Plein jour,En agglomération,Hors intersection,Normale,Deux véhicules - côté,4,2,2,0,1,1,1,5,1,-1,2,2,1,0,0,1,24.0,,voiture,voiture,1,2,1,1,3
202300008067,2023-07-11 16:45:00,2023,7,11,16,45,92,92036,A86,48.93452516,2.26967584,Plein jour,Hors agglomération,Hors intersection,Normale,Deux véhicules - arrière,1,1,2,0,1,1,1,9,1,90,2,2,1,0,0,1,39.0,58.0,deux_roues,utilitaire_camion,1,1,1,1,2
202300008068,2023-11-24 12:15:00,2023,11,24,12,15,37,37208,GRANDMONT (RUE DE),47.36554,0.71535,Plein jour,En agglomération,Hors intersection,Normale,Deux véhicules - arrière,4,1,1,0,1,3,1,0,1,50,2,3,2,0,0,1,34.0,49.0,voiture,voiture,1,2,1,1,2
202300008069,2023-05-31 06:45:00,2023,5,31,6,45,973,97307,115 rue léon gontran damas,4.850723,-52.32724,Crépuscule ou aube,En agglomération,Hors intersection,Temps éblouissant,Autre collision,4,2,2,0,1,3,1,0,1,50,1,2,1,0,1,0,36.0,,voiture,,2,2,1,7,6
202300008070,2023-04-30 20:55:00,2023,4,30,20,55,62,62400,D86,50.47361,2.58016,Plein jour,En agglomération,Hors intersection,Normale,Trois véhicules et plus - collisions multiples,3,2,2,0,2,3,1,0,1,50,3,4,0,2,2,0,26.0,54.0,deux_roues,deux_roues,1,2,1,1,5
202300008071,2023-11-24 07:10:00,2023,11,24,7,10,37,37214,DE GAULLE (BD CHARLES),47.41814,0.66528,Nuit avec éclairage allumé,En agglomération,Intersection en Y,Pluie légère,Deux véhicules - côté,4,2,4,1,1,1,2,0,5,50,2,2,1,0,0,1,52.0,59.0,deux_roues,voiture,5,2,4,2,3
202300008071,2023-11-24 07:10:00,2023,11,24,7,10,37,37214,DE GAULLE (BD CHARLES),47.41814,0.66528,Nuit avec éclairage allumé,En agglomération,Intersection en Y,Pluie légère,Deux véhicules - côté,4,1,1,0,1,1,2,0,5,50,2,2,1,0,0,1,52.0,59.0,deux_roues,voiture,5,2,4,2,3
202300008072,2023-06-07 18:00:00,2023,6,7,18,0,34,34337,5 Chemin du Boulidou,43.525729,3.83985,Plein jour,Hors agglomération,Hors intersection,Normale,Deux véhicules - côté,7,2,2,1,1,1,1,0,1,80,2,3,0,0,1,2,25.0,25.0,deux_roues,deux_roues,1,1,1,1,3
202300008073,2023-06-06 17:00:00,2023,6,6,17,0,78,78455,Rue de Chevreloup,48.837451,2.068692,Plein jour,En agglomération,Hors intersection,Normale,Sans collision,4,2,2,0,2,2,1,0,1,30,1,1,0,0,1,0,40.0,,deux_roues,,1,2,1,1,7
202300008074,2023-11-24 17:40:00,2023,11,24,17,40,35,35238,ROOSEVELT (BD FRANKLIN),48.0959,-1.6615,Crépuscule ou aube,En agglomération,Intersection en X,Normale,Deux véhicules - côté,4,2,2,2,1,1,1,0,1,30,2,2,1,0,0,1,43.0,81.0,deux_roues,voiture,2,2,2,1,3
202300008074,2023-11-24 17:40:00,2023,11,24,17,40,35,35238,ROOSEVELT (BD FRANKLIN),48.0959,-1.6615,Crépuscule ou aube,En agglomération,Intersection en X,Normale,Deux véhicules - côté,4,2,2,2,1,1,1,0,1,30,2,2,1,0,0,1,43.0,81.0,deux_roues,voiture,2,2,2,1,3
202300008075,2023-04-29 18:05:00,2023,4,29,18,5,54,54274,RD 674,48.67357,6.19616,Plein jour,Hors agglomération,Hors intersection,Normale,Trois véhicules et plus - en chaîne,7,3,2,0,1,1,1,0,1,70,4,14,12,0,0,2,27.0,42.0,voiture,voiture,1,1,1,1,4
202300008076,2023-07-11 20:15:00,2023,7,11,20,15,95,95018,A15,48.96209,2.26724,Plein jour,Hors agglomération,Hors intersection,Normale,Deux véhicules - arrière,1,3,5,0,1,1,1,0,1,110,2,3,0,0,0,3,26.0,59.0,voiture,utilitaire_camion,1,1,1,1,2
202300008077,2023-11-24 07:55:00,2023,11,24,7,55,35,35238,RN136,48.08089355,-1.67097867,Nuit sans éclairage public,Hors agglomération,Hors intersection,Normale,Trois véhicules et plus - collisions multiples,2,3,4,0,1,1,1,0,1,90,3,3,2,0,0,1,17.0,49.0,deux_roues,voiture,3,1,1,1,5
202300008078,2023-04-28 21:55:00,2023,4,28,21,55,45,45068,7 Rue Roger Salengro,48.012929,2.718023,Nuit avec éclairage allumé,En agglomération,Hors intersection,Normale,Deux véhicules - côté,3,2,2,0,1,1,1,0,1,50,2,3,0,0,0,3,45.0,21.0,voiture,deux_roues,5,2,1,1,3
202300008079,2023-05-29 16:15:00,2023,5,29,16,15,82,82025,A20 PK 427+000,43.939501,1.321449,Plein jour,Hors agglomération,Hors intersection,Normale,Trois véhicules et plus - en chaîne,1,3,2,0,1,1,1,3,1,110,3,5,4,0,0,1,36.0,21.0,voiture,voiture,1,1,1,1,4
202300008080,2023-11-24 07:45:00,2023,11,24,7,45,33,33192,Rue d'Ornon,44.76581,-0.63922,Crépuscule ou aube,En agglomération,Giratoire,Normale,Deux véhicules - côté,4,2,2,0,1,1,1,0,1,50,2,2,1,0,0,1,30.0,25.0,utilitaire_camion,deux_roues,2,2,6,1,3
202300008080,2023-11-24 07:45:00,2023,11,24,7,45,33,33192,Rue d'Ornon,44.76581,-0.63922,Crépuscule ou aube,En agglomération,Giratoire,Normale,Deux véhicules - côté,4,2,2,-1,1,1,1,9,1,-1,2,2,1,0,0,1,30.0,25.0,utilitaire_camion,deux_roues,2,2,6,1,3
202300008081,2023-07-11 18:00:00,2023,7,11,18,0,93,93066,AUTOROUTE A1,48.91934,2.35742,Plein jour,Hors agglomération,Hors intersection,Normale,Deux véhicules - arrière,1,3,4,0,1,1,1,0,1,90,2,2,1,0,0,1,20.0,48.0,voiture,utilitaire_camion,1,1,1,1,2
202300008082,2023-04-30 04:30:00,2023,4,30,4,30,38,38185,PLACE HUBERT DUBEDOUT,45.19232,5.72043,Nuit avec éclairage allumé,En agglomération,Intersection à plus de 4 branches,Normale,Deux véhicules - côté,7,2,2,1,1,1,1,5,1,50,2,3,1,0,0,2,46.0,18.0,voiture,deux_roues,5,2,5,1,3
202300008082,2023-04-30 04:30:00,2023,4,30,4,30,38,38185,PLACE HUBERT DUBEDOUT,45.19232,5.72043,Nuit avec éclairage allumé,En agglomération,Intersection à plus de 4 branches,Normale,Deux véhicules - côté,7,2,1,1,1,1,1,2,1,50,2,3,1,0,0,2,46.0,18.0,voiture,deux_roues,5,2,5,1,3
202300008083,2023-06-07 03:03:00,2023,6,7,3,3,17,17219,"RD 123, PR 03.000",45.824523,-1.044881,Nuit sans éclairage public,Hors agglomération,Hors intersection,Normale,Deux véhicules - frontale,3,2,2,0,1,2,1,0,1,80,2,2,1,1,0,0,58.0,57.0,voiture,utilitaire_camion,3,1,1,1,1
202300008084,2023-11-23 13:00:00,2023,11,23,13,0,33,33032,AVE SAINT-EXUPERY,44.90302,-0.5132,Plein jour,En agglomération,Hors intersection,Normale,Autre collision,4,3,2,0,2,1,1,9,1,30,1,1,0,0,0,1,15.0,,deux_roues,,1,2,1,1,6
202300008085,2023-04-30 17:10:00,2023,4,30,17,10,37,37261,MEFFRE (PLACE),47.38043,0.69928,Plein jour,En agglomération,Hors intersection,Normale,Autre collision,4,2,2,0,1,1,1,0,1,50,1,2,1,0,0,1,28.0,,voiture,,1,2,1,1,6
202300008086,2023-06-06 20:17:00,2023,6,6,20,17,42,42009,Route de Biterne - Les Grands prés,45.771164,4.043323,Crépuscule ou aube,En agglomération,Hors intersection,Normale,Deux véhicules - frontale,3,2,2,0,1,1,1,0,1,50,2,2,1,0,1,0,24.0,57.0,voiture,utilitaire_camion,2,2,1,1,1
202300008087,2023-11-24 17:15:00,2023,11,24,17,15,31,31555,RUE HENRI DESBALS,43.5903,1.420204,Nuit avec éclairage allumé,En agglomération,Hors intersection,Pluie légère,Autre collision,4,-1,2,0,1,3,2,5,1,30,1,2,1,0,0,1,42.0,,voiture,,5,2,1,2,6
202300008088,2023-04-30 15:45:00,2023,4,30,15,45,35,35238,FREVILLE (AVENUE HENRI),48.08669,-1.675,Plein jour,En agglomération,Intersection en X,Normale,Deux véhicules - côté,4,2,3,0,1,1,1,5,1,50,2,4,3,0,0,1,82.0,55.0,voiture,voiture,1,2,2,1,3
202300008088,2023-04-30 15:45:00,2023,4,30,15,45,35,35238,FREVILLE (AVENUE HENRI),48.08669,-1.675,Plein jour,En agglomération,Intersection en X,Normale,Deux véhicules - côté,4,-1,3,2,1,1,1,0,1,30,2,4,3,0,0,1,82.0,55.0,voiture,voiture,1,2,2,1,3
202300008089,2023-06-06 23:50:00,2023,6,6,23,50,77,77192,N36,48.701498,2.828465,Nuit sans éclairage public,Hors agglomération,Hors intersection,Normale,Deux véhicules - frontale,2,2,2,0,1,1,1,0,1,80,2,2,0,0,2,0,70.0,43.0,voiture,voiture,3,1,1,1,1
202300008090,2023-07-10 20:20:00,2023,7,10,20,20,95,95018,AUTOROUTE A15,48.96209,2.26724,Plein jour,Hors agglomération,Hors intersection,Normale,Trois véhicules et plus - collisions multiples,1,3,8,0,1,1,1,0,1,110,5,5,3,0,0,2,25.0,30.0,voiture,voiture,1,1,1,1,5
202300008091,2023-04-30 18:10:00,2023,4,30,18,10,33,33249,Quai Elisabeth Dupeyron,44.86863,-0.53773,Plein jour,En agglomération,Hors intersection,Normale,Deux véhicules - côté,4,1,1,0,1,1,1,0,1,30,2,2,1,0,0,1,60.0,59.0,transport_commun,deux_roues,1,2,1,1,3
202300008092,2023-06-06 17:45:00,2023,6,6,17,45,91,91661,Avenue de la Plesse,48.693874,2.237616,Plein jour,Hors agglomération,Hors intersection,Temps éblouissant,Deux véhicules - frontale,3,2,2,0,1,1,1,0,1,50,2,2,1,1,0,0,53.0,37.0,deux_roues,utilitaire_camion,1,1,1,7,1
202300008093,2023-11-24 19:40:00,2023,11,24,19,40,29,29232,Boulevard Louis le Guennec,47.98306669,-4.11074257,Nuit sans éclairage public,En agglomération,Hors intersection,Normale,Trois véhicules et plus - collisions multiples,3,1,3,0,1,1,1,3,1,50,5,7,6,0,0,1,22.0,24.0,voiture,voiture,3,2,1,1,5
202300008094,2023-04-30 17:53:00,2023,4,30,17,53,33,33063,Cours de Verdun,44.84721,-0.57669,Plein jour,En agglomération,Intersection en T,Normale,Autre collision,4,2,4,3,1,1,1,0,1,30,1,2,1,0,0,1,53.0,,transport_commun,,1,2,3,1,6
202300008094,2023-04-30 17:53:00,2023,4,30,17,53,33,33063,Cours de Verdun,44.84721,-0.57669,Plein jour,En agglomération,Intersection en T,Normale,Autre collision,4,2,2,-1,1,1,1,0,1,30,1,2,1,0,0,1,53.0,,transport_commun,,1,2,3,1,6
202300008095,2023-06-06 23:26:00,2023,6,6,23,26,05,05052,d902,44.6862397,6.6983076,Nuit sans éclairage public,Hors agglomération,Hors intersection,Normale,Autre collision,3,2,2,0,1,2,1,0,3,80,1,1,0,1,0,0,23.0,,deux_roues,,3,1,1,1,6
202300008096,2023-11-24 18:45:00,2023,11,24,18,45,29,29019,rue Général Paulet,48.42257538,-4.47700816,Nuit avec éclairage allumé,Hors agglomération,Hors intersection,Normale,Deux véhicules - arrière,3,3,4,0,1,1,1,0,1,50,2,2,1,0,0,1,54.0,32.0,voiture,voiture,5,1,1,1,2
202300008097,2023-07-11 09:40:00,2023,7,11,9,40,93,93064,AUTOROUTE A86,48.88339239,2.46986931,Plein jour,Hors agglomération,Hors intersection,Normale,Deux véhicules - côté,1,3,4,0,1,1,1,0,1,90,2,2,1,0,0,1,57.0,31.0,voiture,deux_roues,1,1,1,1,3
202300008098,2023-04-30 10:00:00,2023,4,30,10,0,33,33063,Passage Bernard Jabouin,44.85802,-0.58779,Plein jour,En agglomération,Intersection en X,Normale,Deux véhicules - côté,4,1,1,0,1,1,1,0,1,30,2,2,1,0,0,1,23.0,66.0,deux_roues,utilitaire_camion,1,2,2,1,3
202300008098,2023-04-30 10:00:00,2023,4,30,10,0,33,33063,Passage Bernard Jabouin,44.85802,-0.58779,Plein jour,En agglomération,Intersection en X,Normale,Deux véhicules - côté,4,1,1,2,1,1,1,0,1,30,2,2,1,0,0,1,23.0,66.0,deux_roues,utilitaire_camion,1,2,2,1,3
202300008099,2023-06-07 17:00:00,2023,6,7,17,0,05,05178,Route de Gap,44.373717,5.928497,Plein jour,Hors agglomération,Hors intersection,Normale,Deux véhicules - côté,3,2,2,0,1,3,1,0,3,90,2,2,0,0,0,2,18.0,40.0,voiture,voiture,1,1,1,1,3
202300008100,2023-11-22 17:15:00,2023,11,22,17,15,29,29019,30 quai Commandant Malbert,48.380677,-4.48772,Plein jour,En agglomération,Hors intersection,Normale,Deux véhicules - côté,4,2,2,0,1,1,1,0,1,30,2,2,1,0,0,1,27.0,22.0,voiture,deux_roues,1,2,1,1,3
202300008101,2023-04-30 07:55:00,2023,4,30,7,55,31,31555,VA007644 EMPALOT A620 Sortie 24,43.57538,1.44057,Plein jour,En agglomération,Hors intersection,Temps couvert,Autre collision,1,1,3,0,1,2,2,0,1,90,1,3,0,0,0,3,20.0,,voiture,,1,2,1,8,6
202300008102,2023-06-06 18:00:00,2023,6,6,18,0,89,89387,,48.21243,3.26448,Plein jour,En agglomération,Hors intersection,Normale,Deux véhicules - arrière,3,2,2,0,1,1,1,5,1,50,2,3,2,0,0,1,24.0,49.0,voiture,voiture,1,2,1,1,2
202300008103,2023-11-20 17:33:00,2023,11,20,17,33,29,29019,chemin de Kerlossouarn,48.449407,-4.494245,Plein jour,Hors agglomération,Intersection en T,Pluie légère,Deux véhicules - arrière,3,2,1,0,1,1,2,0,1,50,2,2,1,0,0,1,29.0,55.0,utilitaire_camion,voiture,1,1,3,2,2
202300008103,2023-11-20 17:33:00,2023,11,20,17,33,29,29019,chemin de Kerlossouarn,48.449407,-4.494245,Plein jour,Hors agglomération,Intersection en T,Pluie légère,Deux véhicules - arrière,3,2,2,0,1,1,2,0,1,80,2,2,1,0,0,1,29.0,55.0,utilitaire_camion,voiture,1,1,3,2,2
202300008104,2023-04-30 03:15:00,2023,4,30,3,15,28,28134,PARIS (ROUTE DE),48.74774,1.4012,Nuit sans éclairage public,En agglomération,Hors intersection,Normale,Autre collision,4,2,1,0,2,3,1,0,4,50,1,1,0,0,1,0,32.0,,deux_roues,,3,2,1,1,6
202300008105,2023-07-11 09:20:00,2023,7,11,9,20,93,93010,AUTOROUTE A3,48.90722835,2.47254249,Plein jour,Hors agglomération,Hors intersection,Normale,Trois véhicules et plus - collisions multiples,1,1,6,0,1,1,1,0,1,70,3,3,2,0,0,1,55.0,32.0,deux_roues,utilitaire_camion,1,1,1,1,5
202300008106,2023-06-05 04:55:00,2023,6,5,4,55,67,67400,D264,48.975485,7.937686,Crépuscule ou aube,Hors agglomération,Hors intersection,Normale,Sans collision,3,2,2,0,2,1,1,0,1,80,1,1,0,0,1,0,50.0,,deux_roues,,2,1,1,1,7
202300008107,2023-11-24 17:40:00,2023,11,24,17,40,27,27229,SAINT SAUVEUR (RUE),49.028027,1.143645,Nuit avec éclairage allumé,En agglomération,Hors intersection,Normale,Autre collision,4,2,0,0,2,1,1,0,1,50,1,2,1,0,0,1,48.0,,voiture,,5,2,1,1,6
202300008108,2023-04-29 16:45:00,2023,4,29,16,45,27,27681,HUGO (AVENUE VICTOR),49.09246,1.48176,Plein jour,En agglomération,Hors intersection,Normale,Deux véhicules - côté,4,1,1,0,1,1,1,0,1,50,2,3,1,0,0,2,38.0,81.0,voiture,voiture,1,2,1,1,3
202300008109,2023-11-24 13:13:00,2023,11,24,13,13,27,27229,DUC DE BOUILLON (RUE DU),49.02675,1.14821,Plein jour,En agglomération,Hors intersection,Normale,Autre collision,4,1,1,0,1,1,1,0,1,50,1,2,1,0,0,1,21.0,,voiture,,1,2,1,1,6
202300008110,2023-07-10 18:00:00,2023,7,10,18,0,93,93078,AUTOROUTE A104,48.95789816,2.53055763,Plein jour,Hors agglomération,Hors intersection,Normale,Deux véhicules - côté,1,3,3,0,1,1,1,0,1,90,2,2,1,0,0,1,21.0,34.0,voiture,voiture,1,1,1,1,3
202300008111,2023-06-07 13:00:00,2023,6,7,13,0,69,69009,Route de Saint Bernard,45.94395906,4.72602745,Plein jour,En agglomération,Intersection en T,Normale,Deux véhicules - côté,3,2,2,0,1,1,1,0,1,70,2,2,1,0,1,0,26.0,42.0,voiture,deux_roues,1,2,3,1,3
202300008111,2023-06-07 13:00:00,2023,6,7,13,0,69,69009,Route de Saint Bernard,45.94395906,4.72602745,Plein jour,En agglomération,Intersection en T,Normale,Deux véhicules - côté,3,2,2,0,1,1,1,0,1,50,2,2,1,0,1,0,26.0,42.0,voiture,deux_roues,1,2,3,1,3
202300008112,2023-04-30 14:10:00,2023,4,30,14,10,27,27229,FORET (RUE DE LA),49.00945,1.15611,Plein jour,En agglomération,Hors intersection,Normale,Deux véhicules - arrière,4,2,2,0,1,2,1,0,1,50,2,2,1,0,0,1,25.0,57.0,voiture,voiture,1,2,1,1,2
202300008113,2023-06-05 13:45:00,2023,6,5,13,45,69,69295,670 Route de Chuzelles,45.605752,4.879861,Plein jour,En agglomération,Hors intersection,Normale,Sans collision,4,2,2,0,2,3,1,0,1,50,1,1,0,1,0,0,65.0,,autre,,1,2,1,1,7
202300008114,2023-05-01 00:15:00,2023,5,1,0,15,26,26198,Route de Chateauneuf,44.53251,4.73765,Nuit sans éclairage public,Hors agglomération,Giratoire,Normale,Autre collision,2,2,5,0,1,1,1,0,1,50,1,2,1,0,0,1,24.0,,voiture,,3,1,6,1,6
202300008114,2023-05-01 00:15:00,2023,5,1,0,15,26,26198,Route de Chateauneuf,44.53251,4.73765,Nuit sans éclairage public,Hors agglomération,Giratoire,Normale,Autre collision,2,2,1,0,1,1,1,0,1,80,1,2,1,0,0,1,24.0,,voiture,,3,1,6,1,6
202300008115,2023-11-24 09:15:00,2023,11,24,9,15,27,27229,FOCH (AVENUE DU MARECHAL),49.02344,1.13728,Plein jour,En agglomération,Hors intersection,Pluie légère,Trois véhicules et plus - en chaîne,4,-1,2,0,1,1,2,0,1,50,3,3,2,0,0,1,43.0,19.0,voiture,utilitaire_camion,1,2,1,2,4
202300008116,2023-07-11 07:25:00,2023,7,11,7,25,93,93051,A4,48.83515238,2.57609455,Plein jour,Hors agglomération,Hors intersection,Normale,Deux véhicules - arrière,1,3,4,0,1,1,1,0,1,110,2,3,1,0,0,2,33.0,34.0,utilitaire_camion,voiture,1,1,1,1,2
202300008117,2023-06-05 08:30:00,2023,6,5,8,30,79,79049,,46.790746,-0.430334,Plein jour,Hors agglomération,Hors intersection,Normale,Sans collision,3,2,2,0,1,3,1,0,3,80,1,1,0,0,1,0,62.0,,deux_roues,,1,1,1,1,7
202300008118,2023-04-30 11:20:00,2023,4,30,11,20,26,26198,Avenue d'Espoulette,44.55392,4.76085,Plein jour,En agglomération,Hors intersection,Normale,Autre collision,4,2,2,0,1,1,1,0,1,50,1,2,1,0,1,0,86.0,,voiture,,1,2,1,1,6
202300008119,2023-11-24 08:50:00,2023,11,24,8,50,27,27229,VERNON (RUE DE),49.03118,1.15991,Crépuscule ou aube,En agglomération,Hors intersection,Pluie légère,Deux véhicules - arrière,4,2,0,0,2,1,2,0,1,50,2,2,0,0,0,2,21.0,45.0,voiture,voiture,2,2,1,2,2
202300008120,2023-04-29 11:40:00,2023,4,29,11,40,22,22113,SAINT MARC (RUE DE),48.73455,-3.4443,Plein jour,En agglomération,Hors intersection,Normale,Deux véhicules - arrière,4,4,1,2,1,3,1,5,5,50,2,2,1,0,1,0,64.0,76.0,voiture,deux_roues,1,2,1,1,2
202300008121,2023-06-06 11:45:00,2023,6,6,11,45,86,86078,Rue Duplessis,46.147971,0.293874,Plein jour,En agglomération,Hors intersection,Normale,Sans collision,4,1,1,0,2,1,1,0,4,50,2,3,1,0,0,2,70.0,15.0,voiture,deux_roues,1,2,1,1,7
202300008122,2023-07-11 05:25:00,2023,7,11,5,25,77,77372,A104,48.888994,2.667469,Nuit sans éclairage public,Hors agglomération,Hors intersection,Normale,Deux véhicules - arrière,1,3,3,0,1,1,1,0,1,90,3,3,2,0,0,1,27.0,45.0,utilitaire_camion,utilitaire_camion,3,1,1,1,2
202300008123,2023-11-24 07:50:00,2023,11,24,7,50,27,27229,SAINT LEGER (RUE DU FAUBOURG),49.03288,1.15547,Nuit avec éclairage allumé,En agglomération,Hors intersection,Pluie légère,Deux véhicules - côté,4,-1,2,0,1,1,2,0,1,50,2,3,2,0,0,1,46.0,22.0,voiture,voiture,5,2,1,2,3
202300008124,2023-03-26 06:26:00,2023,3,26,6,26,38,38544,D46A,45.50169,4.89334,Nuit sans éclairage public,Hors agglomération,Hors intersection,Pluie légère,Autre collision,3,2,2,0,2,3,2,0,8,90,1,1,0,0,1,0,24.0,,voiture,,3,1,1,2,6
202300008125,2023-04-30 01:51:00,2023,4,30,1,51,18,18033,Boulevard de l'Avenir,47.07977,2.38216,Nuit avec éclairage allumé,En agglomération,Intersection en X,Normale,Deux véhicules - côté,4,2,4,0,1,1,1,5,1,50,2,5,4,0,0,1,50.0,33.0,autre,voiture,5,2,2,1,3
202300008125,2023-04-30 01:51:00,2023,4,30,1,51,18,18033,Boulevard de l'Avenir,47.07977,2.38216,Nuit avec éclairage allumé,En agglomération,Intersection en X,Normale,Deux véhicules - côté,4,2,3,0,1,1,1,0,1,50,2,5,4,0,0,1,50.0,33.0,autre,voiture,5,2,2,1,3
202300008126,2023-11-24 08:50:00,2023,11,24,8,50,25,25056,VESOUL RUE DE (inf 52),47.25417,6.0152,Plein jour,En agglomération,Hors intersection,Pluie légère,Autre collision,3,2,3,0,2,1,2,0,1,50,1,2,1,0,1,0,20.0,,voiture,,1,2,1,2,6
202300008127,2023-06-06 19:15:00,2023,6,6,19,15,85,85071,577 Rue de saint-gilles,46.75719,-1.85279,Plein jour,En agglomération,Intersection en T,Normale,Deux véhicules - frontale,3,2,2,0,1,1,1,5,1,50,2,3,2,0,1,0,59.0,63.0,voiture,voiture,1,2,3,1,1
202300008127,2023-06-06 19:15:00,2023,6,6,19,15,85,85071,577 Rue de saint-gilles,46.75719,-1.85279,Plein jour,En agglomération,Intersection en T,Normale,Deux véhicules - frontale,3,2, -1,-1,1,1,1,0,1,-1,2,3,2,0,1,0,59.0,63.0,voiture,voiture,1,2,3,1,1
202300008128,2023-04-30 05:50:00,2023,4,30,5,50,15,15014,RD 920,44.910299,2.451631,Nuit avec éclairage allumé,En agglomération,Hors intersection,Pluie légère,Autre collision,3,2,2,0,1,3,2,0,3,70,1,2,1,0,1,0,28.0,,voiture,,5,2,1,2,6
202300008129,2023-07-05 07:56:00,2023,7,5,7,56,49,49099,CARNOT (RUE SADI),47.06317,-0.86567,Plein jour,En agglomération,Hors intersection,Temps éblouissant,Autre collision,4,1,2,0,1,1,1,0,6,50,1,2,1,0,1,0,58.0,,voiture,,1,2,1,7,6