accident_id,datetime,annee,mois,jour,heure,minute,departement,commune_insee,adresse,latitude,longitude,luminosite,agglomeration,intersection,meteo,collision,catr,circ,nbv,vosp,prof,plan,surf,infra,situ,vma,nb_vehicules,nb_usagers,nb_indemnes,nb_tues,nb_blesses_hosp,nb_blesses_legers,age_cond_1,age_cond_2,veh_type_cond_1,veh_type_cond_2,lum_code,agg_code,int_code,atm_code,col_code
202300008130,2023-06-07 08:45:00,2023,6,7,8,45,49,49035,D126,47.415144,-0.645919,Plein jour,Hors agglomération,Hors intersection,Normale,Sans collision,3,-1,2,0,1,2,1,0,3,90,1,1,0,1,0,0,57.0,,deux_roues,,1,1,1,1,7
202300008131,2023-04-30 02:16:00,2023,4,30,2,16,11,11069,1 Boulevard Jules Guesde,43.20847,2.33194,Nuit avec éclairage allumé,En agglomération,Autre intersection,Pluie légère,Deux véhicules - côté,4,4,2,0,1,1,2,0,1,50,2,2,1,0,0,1,23.0,,voiture,voiture,5,2,9,2,3
202300008131,2023-04-30 02:16:00,2023,4,30,2,16,11,11069,1 Boulevard Jules Guesde,43.20847,2.33194,Nuit avec éclairage allumé,En agglomération,Autre intersection,Pluie légère,Deux véhicules - côté,4,2,2,-1,1,1,2,0,1,-1,2,2,1,0,0,1,23.0,,voiture,voiture,5,2,9,2,3
202300008132,2023-06-06 07:00:00,2023,6,6,7,0,61,61141,D2,48.460838,0.029037,Plein jour,Hors agglomération,Hors intersection,Normale,Deux véhicules - côté,3,2,2,0,1,1,1,0,1,90,2,2,1,0,0,1,60.0,31.0,deux_roues,utilitaire_camion,1,1,1,1,3
202300008133,2023-04-30 11:48:00,2023,4,30,11,48,10,10387,LOMBARDS (AVENUE),48.272899,4.076847,Plein jour,En agglomération,Hors intersection,Normale,Sans collision,4,2,2,0,1,1,1,0,1,50,1,1,0,0,0,1,48.0,,deux_roues,,1,2,1,1,7
202300008134,2023-11-25 01:55:00,2023,11,25,1,55,13,13206,BRETEUIL (RUE),43.28943,5.37616,Nuit avec éclairage allumé,En agglomération,Intersection en X,Vent fort / tempête,Deux véhicules - arrière,4,1,1,0,2,1,1,0,1,50,1,2,1,0,0,1,,,voiture,,5,2,2,6,2
202300008134,2023-11-25 01:55:00,2023,11,25,1,55,13,13206,BRETEUIL (RUE),43.28943,5.37616,Nuit avec éclairage allumé,En agglomération,Intersection en X,Vent fort / tempête,Deux véhicules - arrière,4,1,0,0,1,1,1,0,1,50,1,2,1,0,0,1,,,voiture,,5,2,2,6,2
202300008135,2023-06-05 00:05:00,2023,6,5,0,5,22,22149,20 Rue des Camélias,48.278192,-2.894174,Nuit sans éclairage public,En agglomération,Hors intersection,Normale,Autre collision,4,2,2,0,1,1,1,0,8,50,1,1,0,0,1,0,45.0,,voiture,,3,2,1,1,6
202300008136,2023-05-08 20:00:00,2023,5,8,20,0,85,85194,GABARET (AVENUE ALCIDE),46.4961,-1.7741,Plein jour,En agglomération,Hors intersection,Normale,Sans collision,4,2,0,0,1,1,1,0,1,50,1,1,0,0,1,0,55.0,,deux_roues,,1,2,1,1,7
202300008137,2023-04-30 09:50:00,2023,4,30,9,50,07,07102,MONTGOLFIER (RUE),44.93306,4.87367,Plein jour,En agglomération,Intersection en X,Normale,Deux véhicules - côté,4,2,2,0,1,1,1,0,1,50,2,3,1,0,0,2,51.0,17.0,voiture,deux_roues,1,2,2,1,3
202300008137,2023-04-30 09:50:00,2023,4,30,9,50,07,07102,MONTGOLFIER (RUE),44.93306,4.87367,Plein jour,En agglomération,Intersection en X,Normale,Deux véhicules - côté,4,2,2,0,1,1,1,0,8,50,2,3,1,0,0,2,51.0,17.0,voiture,deux_roues,1,2,2,1,3
202300008138,2023-11-24 21:30:00,2023,11,24,21,30,13,13211,RAOUL FOLLEREAU (AV),43.29391976,5.44493745,Nuit avec éclairage allumé,En agglomération,Hors intersection,Normale,Deux véhicules - côté,4,2,2,1,1,2,1,0,1,50,2,2,1,0,0,1,63.0,32.0,voiture,utilitaire_camion,5,2,1,1,3
202300008139,2023-06-07 12:00:00,2023,6,7,12,0,27,27343,RD57 Pr 18.500 vers EVREUX,49.062704,1.365416,Plein jour,Hors agglomération,Hors intersection,Temps éblouissant,Deux véhicules - frontale,3,2,2,0,1,1,1,0,1,-1,2,2,1,1,0,0,30.0,52.0,deux_roues,voiture,1,1,1,7,1
202300008140,2023-04-30 12:40:00,2023,4,30,12,40,06,06029,OXFORD (BOULEVARD D'),43.56491,7.02636,Plein jour,En agglomération,Intersection en T,Pluie légère,Deux véhicules - côté,4,2,2,0,2,1,2,0,1,30,2,2,1,0,0,1,33.0,41.0,voiture,voiture,1,2,3,2,3
202300008140,2023-04-30 12:40:00,2023,4,30,12,40,06,06029,OXFORD (BOULEVARD D'),43.56491,7.02636,Plein jour,En agglomération,Intersection en T,Pluie légère,Deux véhicules - côté,4,2,2,0,1,1,2,0,1,30,2,2,1,0,0,1,33.0,41.0,voiture,voiture,1,2,3,2,3
202300008141,2023-07-10 14:45:00,2023,7,10,14,45,974,97416,RN1,-21.31088,55.43498,Plein jour,Hors agglomération,Hors intersection,Normale,Deux véhicules - arrière,2,3,4,0,1,1,1,0,1,110,2,2,1,0,0,1,29.0,46.0,deux_roues,utilitaire_camion,1,1,1,1,2
202300008142,2023-11-24 15:35:00,2023,11,24,15,35,13,13213,POILUS (AVENUE DES),43.32262,5.45707,Plein jour,En agglomération,Hors intersection,Normale,Deux véhicules - frontale,4,2,2,0,1,1,1,0,1,30,2,2,1,0,0,1,52.0,45.0,voiture,deux_roues,1,2,1,1,1
202300008143,2023-04-30 20:05:00,2023,4,30,20,5,75,75120,PORTE DES LILAS,48.872376,2.412504,Crépuscule ou aube,En agglomération,Hors intersection,Normale,Deux véhicules - côté,4,1,4,0,1,1,1,1,1,70,2,2,1,0,0,1,51.0,49.0,deux_roues,voiture,2,2,1,1,3
202300008144,2023-06-07 05:15:00,2023,6,7,5,15,27,27599,RD 6015 PR 14. 200,49.150093,1.381059,Plein jour,Hors agglomération,Hors intersection,Normale,Sans collision,3,2,2,0,1,1,1,0,1,70,3,3,2,0,1,0,,19.0,utilitaire_camion,deux_roues,1,1,1,1,7
202300008145,2023-11-24 10:15:00,2023,11,24,10,15,13,13206,GOUFFE (COURS),43.28591,5.38796,Plein jour,En agglomération,Intersection en X,Normale,Deux véhicules - côté,4,1,1,0,1,1,1,0,1,50,2,2,1,0,0,1,57.0,,deux_roues,voiture,1,2,2,1,3
202300008145,2023-11-24 10:15:00,2023,11,24,10,15,13,13206,GOUFFE (COURS),43.28591,5.38796,Plein jour,En agglomération,Intersection en X,Normale,Deux véhicules - côté,4,2,2,0,1,1,1,0,1,50,2,2,1,0,0,1,57.0,,deux_roues,voiture,1,2,2,1,3
202300008146,2023-04-29 19:20:00,2023,4,29,19,20,75,75115,BD PERIPHERIQUE INTERIEUR,48.834927,2.266773,Plein jour,En agglomération,Hors intersection,Normale,Deux véhicules - côté,4,1,4,0,1,1,1,0,1,70,2,2,1,0,0,1,26.0,,deux_roues,voiture,1,2,1,1,3
202300008147,2023-11-24 10:40:00,2023,11,24,10,40,13,13202,ROBERT SCHUMANN (AVENUE),43.30127,5.36614,Plein jour,En agglomération,Hors intersection,Normale,Deux véhicules - frontale,4,1,2,0,1,1,1,0,1,50,1,2,1,0,0,1,26.0,,utilitaire_camion,,1,2,1,1,1
202300008148,2023-04-30 07:35:00,2023,4,30,7,35,75,75120,RUE DES MARAICHERS,48.855152,2.406141,Plein jour,En agglomération,Hors intersection,Normale,Deux véhicules - côté,4,2,2,0,1,2,1,0,1,30,2,2,1,0,0,1,52.0,73.0,voiture,deux_roues,1,2,1,1,3
202300008149,2023-06-04 19:00:00,2023,6,4,19,0,76,76610,D131e,49.62521438,0.78907907,Plein jour,Hors agglomération,Giratoire,Normale,Trois véhicules et plus - en chaîne,3,2,3,0,1,1,1,5,1,80,3,5,2,0,1,2,57.0,47.0,voiture,voiture,1,1,6,1,4
202300008150,2023-04-30 15:40:00,2023,4,30,15,40,75,75119,AVENUE SIMON BOLIVAR,48.874661,2.383008,Plein jour,En agglomération,Hors intersection,Normale,Autre collision,4,2,2,0,2,1,1,0,1,30,1,2,1,0,0,1,27.0,,voiture,,1,2,1,1,6
202300008151,2023-11-23 00:50:00,2023,11,23,0,50,13,13207,SAINTE (RUE),43.29167,5.37202,Nuit avec éclairage allumé,En agglomération,Hors intersection,Normale,Deux véhicules - arrière,4,1,1,0,1,1,1,0,1,50,2,2,1,0,0,1,44.0,28.0,voiture,deux_roues,5,2,1,1,2
202300008152,2023-07-10 17:25:00,2023,7,10,17,25,973,97302,ROUTE NATIONALE 3,4.92882,-52.3292,Plein jour,Hors agglomération,Hors intersection,Normale,Deux véhicules - côté,2,2,2,0,1,1,1,0,1,50,2,2,1,0,1,0,38.0,44.0,deux_roues,voiture,1,1,1,1,3
202300008153,2023-04-30 05:43:00,2023,4,30,5,43,75,75119,AVENUE JEAN JAURES,48.882956,2.370613,Nuit avec éclairage allumé,En agglomération,Intersection en T,Normale,Autre collision,4,2,4,1,1,1,1,0,5,30,1,1,0,0,0,1,22.0,,deux_roues,,5,2,3,1,6
202300008153,2023-04-30 05:43:00,2023,4,30,5,43,75,75119,AVENUE JEAN JAURES,48.882956,2.370613,Nuit avec éclairage allumé,En agglomération,Intersection en T,Normale,Autre collision,4,1,2,1,1,1,1,0,5,30,1,1,0,0,0,1,22.0,,deux_roues,,5,2,3,1,6
202300008154,2023-06-06 16:30:00,2023,6,6,16,30,60,60589,Rue Louis Saint Just,49.242834,2.470894,Plein jour,En agglomération,Hors intersection,Normale,Trois véhicules et plus - en chaîne,6,-1, -1,0,1,2,1,0,8,30,3,3,2,0,1,0,53.0,38.0,deux_roues,deux_roues,1,2,1,1,4
202300008155,2023-11-24 09:30:00,2023,11,24,9,30,13,13001,BONAPARTE NAPOLEON(AV),43.52749765,5.44275557,Plein jour,En agglomération,Hors intersection,Normale,Deux véhicules - côté,4,2,3,3,1,1,1,0,6,50,2,2,0,0,0,2,33.0,36.0,transport_commun,deux_roues,1,2,1,1,3
202300008156,2023-04-30 19:10:00,2023,4,30,19,10,75,75118,RUE RIQUET,48.889926,2.363085,Plein jour,En agglomération,Intersection en X,Temps couvert,Autre collision,4,1,1,0,1,1,1,0,1,30,1,2,1,0,0,1,59.0,,deux_roues,,1,2,2,8,6
202300008156,2023-04-30 19:10:00,2023,4,30,19,10,75,75118,RUE RIQUET,48.889926,2.363085,Plein jour,En agglomération,Intersection en X,Temps couvert,Autre collision,4,1,2,0,1,1,1,6,1,30,1,2,1,0,0,1,59.0,,deux_roues,,1,2,2,8,6
202300008157,2023-06-07 08:30:00,2023,6,7,8,30,02,02495,Route Departementale 1043,49.959928,4.013392,Plein jour,Hors agglomération,Intersection en X,Normale,Deux véhicules - côté,3,4,2,0,3,1,1,5,1,70,2,2,1,0,1,0,62.0,38.0,voiture,deux_roues,1,1,2,1,3
202300008157,2023-06-07 08:30:00,2023,6,7,8,30,02,02495,Route Departementale 1043,49.959928,4.013392,Plein jour,Hors agglomération,Intersection en X,Normale,Deux véhicules - côté,3,2,1,0,1,1,1,0,1,80,2,2,1,0,1,0,62.0,38.0,voiture,deux_roues,1,1,2,1,3
202300008158,2023-11-22 20:40:00,2023,11,22,20,40,12,12202,SALABRU (CHEMIN DE),44.36029,2.56358,Nuit sans éclairage public,En agglomération,Hors intersection,Pluie légère,Autre collision,4,2,2,0,2,1,2,0,1,30,1,4,2,0,0,2,20.0,,voiture,,3,2,1,2,6
202300008159,2023-04-30 01:50:00,2023,4,30,1,50,75,75117,AVENUE DE WAGRAM,48.881552,2.300695,Nuit avec éclairage allumé,En agglomération,Intersection en X,Normale,Deux véhicules - côté,4,2,2,0,1,1,1,8,1,30,2,4,2,0,0,2,64.0,24.0,voiture,deux_roues,5,2,2,1,3
202300008159,2023-04-30 01:50:00,2023,4,30,1,50,75,75117,AVENUE DE WAGRAM,48.881552,2.300695,Nuit avec éclairage allumé,En agglomération,Intersection en X,Normale,Deux véhicules - côté,4,2,2,0,1,1,1,8,1,30,2,4,2,0,0,2,64.0,24.0,voiture,deux_roues,5,2,2,1,3
202300008160,2023-06-16 07:55:00,2023,6,16,7,55,973,97302,MARINGOUINS (ROND-POINT),4.90699,-52.32227,Plein jour,En agglomération,Giratoire,Normale,Deux véhicules - côté,2,1,2,0,1,2,1,3,1,50,2,3,2,0,0,1,27.0,35.0,deux_roues,voiture,1,2,6,1,3
202300008161,2023-11-24 12:30:00,2023,11,24,12,30,10,10387,COLONEL DRIANT (RUE DU),48.29478,4.068,Plein jour,En agglomération,Hors intersection,Temps couvert,Autre collision,4,2,4,0,1,1,1,0,1,50,2,2,1,0,0,1,59.0,19.0,voiture,deux_roues,1,2,1,8,6
202300008162,2023-04-30 22:12:00,2023,4,30,22,12,75,75115,AVENUE EMILE ZOLA,48.846397,2.283171,Nuit avec éclairage allumé,En agglomération,Intersection en X,Normale,Deux véhicules - côté,4,2,2,0,1,1,1,0,1,30,2,2,1,0,0,1,60.0,45.0,deux_roues,deux_roues,5,2,2,1,3
202300008162,2023-04-30 22:12:00,2023,4,30,22,12,75,75115,AVENUE EMILE ZOLA,48.846397,2.283171,Nuit avec éclairage allumé,En agglomération,Intersection en X,Normale,Deux véhicules - côté,4,1,1,0,1,1,1,0,1,30,2,2,1,0,0,1,60.0,45.0,deux_roues,deux_roues,5,2,2,1,3
202300008163,2023-06-06 18:15:00,2023,6,6,18,15,13,13211,A50-Sens Aubagne vers Marseille,43.2929,5.4696,Plein jour,Hors agglomération,Hors intersection,Normale,Deux véhicules - arrière,1,1,3,0,1,1,1,0,1,90,3,3,2,0,0,1,38.0,38.0,voiture,utilitaire_camion,1,1,1,1,2
202300008164,2023-11-22 14:35:00,2023,11,22,14,35,10,10387,LIEUTENANT PIERRE MURARD (RUE),48.30349,4.05814,Plein jour,En agglomération,Hors intersection,Normale,Sans collision,4,2,2,0,1,1,2,0,1,50,1,1,0,0,0,1,46.0,,deux_roues,,1,2,1,1,7
202300008165,2023-04-30 16:05:00,2023,4,30,16,5,75,75113,AVENUE D ITALIE,48.829388,2.35632,Plein jour,En agglomération,Hors intersection,Normale,Deux véhicules - arrière,4,3,6,1,1,1,1,0,5,30,2,3,2,0,0,1,29.0,27.0,deux_roues,deux_roues,1,2,1,1,2
202300008166,2023-11-24 03:50:00,2023,11,24,3,50,09,09122,LABARRE,42.98637,1.61558,Nuit sans éclairage public,En agglomération,Hors intersection,Normale,Autre collision,3,3,1,0,1,2,1,0,8,70,1,2,1,0,1,0,37.0,,utilitaire_camion,,3,2,1,1,6
202300008167,2023-06-05 22:10:00,2023,6,5,22,10,13,13211,A50-Sens Marseille vers Aubagne,43.29344,5.45678,Nuit sans éclairage public,Hors agglomération,Hors intersection,Normale,Deux véhicules - arrière,1,3,3,0,3,3,2,2,1,90,2,3,2,0,0,1,26.0,21.0,voiture,voiture,3,1,1,1,2
202300008168,2023-04-30 18:45:00,2023,4,30,18,45,75,75112,QUAI DE BERCY,48.841276,2.373387,Plein jour,En agglomération,Hors intersection,Normale,Deux véhicules - côté,4,1,3,0,1,1,1,0,1,50,2,2,1,0,0,1,34.0,25.0,deux_roues,deux_roues,1,2,1,1,3
202300008169,2023-11-24 16:20:00,2023,11,24,16,20,06,06069,SEMARD (AVENUE PIERRE),43.6565,6.92808,Plein jour,En agglomération,Hors intersection,Normale,Deux véhicules - côté,3,-1,1,0,2,1,1,0,1,50,2,2,1,0,0,1,38.0,33.0,voiture,deux_roues,1,2,1,1,3
202300008170,2023-04-30 00:20:00,2023,4,30,0,20,75,75112,AVENUE LEDRU ROLLIN,48.849615,2.374283,Nuit avec éclairage allumé,En agglomération,Intersection en T,Normale,Deux véhicules - côté,4,2,2,0,1,1,1,0,1,30,2,2,1,0,0,1,31.0,37.0,deux_roues,voiture,5,2,3,1,3
202300008170,2023-04-30 00:20:00,2023,4,30,0,20,75,75112,AVENUE LEDRU ROLLIN,48.849615,2.374283,Nuit avec éclairage allumé,En agglomération,Intersection en T,Normale,Deux véhicules - côté,4,-1, -1,0,1,1,1,0,1,30,2,2,1,0,0,1,31.0,37.0,deux_roues,voiture,5,2,3,1,3
202300008171,2023-06-05 07:25:00,2023,6,5,7,25,13,13213,A507 sens Marseille - Aubagne,43.32673,5.42048,Plein jour,Hors agglomération,Hors intersection,Normale,Deux véhicules - arrière,1,3,2,0,4,1,1,1,1,70,2,2,1,0,0,1,53.0,26.0,deux_roues,utilitaire_camion,1,1,1,1,2
202300008172,2023-11-24 19:55:00,2023,11,24,19,55,75,75115,PORTE DE VERSAILLES,48.828061,2.290946,Nuit avec éclairage allumé,En agglomération,Hors intersection,Normale,Deux véhicules - arrière,4,1,3,0,1,1,1,0,1,70,2,2,1,0,0,1,44.0,20.0,deux_roues,voiture,5,2,1,1,2
202300008173,2023-04-30 14:50:00,2023,4,30,14,50,75,75103,RUE ROGER VERLOMME,48.856826,2.365998,Plein jour,En agglomération,Intersection en X,Normale,Deux véhicules - côté,4,1,1,0,1,1,1,0,1,30,2,3,1,0,0,2,41.0,49.0,voiture,deux_roues,1,2,2,1,3
202300008173,2023-04-30 14:50:00,2023,4,30,14,50,75,75103,RUE ROGER VERLOMME,48.856826,2.365998,Plein jour,En agglomération,Intersection en X,Normale,Deux véhicules - côté,4,1,1,0,1,1,1,0,1,30,2,3,1,0,0,2,41.0,49.0,voiture,deux_roues,1,2,2,1,3
202300008174,2023-07-10 15:00:00,2023,7,10,15,0,69,69387,Cours Gambetta,45.75556,4.84186,Plein jour,En agglomération,Hors intersection,Normale,Deux véhicules - frontale,4,2,4,3,1,1,1,0,1,30,2,2,1,0,0,1,53.0,17.0,voiture,deux_roues,1,2,1,1,1
202300008175,2023-11-23 20:00:00,2023,11,23,20,0,75,75116,PORTE DE PASSY,48.859377,2.262867,Nuit avec éclairage allumé,En agglomération,Hors intersection,Normale,Trois véhicules et plus - en chaîne,4,-1,4,0,1,1,1,0,1,70,3,4,3,0,0,1,28.0,41.0,voiture,deux_roues,5,2,1,1,4
202300008176,2023-04-30 04:40:00,2023,4,30,4,40,75,75101,QUAI FRANCOIS MITTERRAND,48.859066,2.339087,Nuit avec éclairage allumé,En agglomération,Hors intersection,Normale,Autre collision,4,1,0,0,1,1,1,0,1,50,1,3,2,0,0,1,20.0,,utilitaire_camion,,5,2,1,1,6
202300008177,2023-06-05 08:00:00,2023,6,5,8,0,67,67152,M35,48.52485,7.66392,Plein jour,Hors agglomération,Hors intersection,Normale,Trois véhicules et plus - en chaîne,7,3,2,0,1,1,1,0,1,90,4,5,2,0,0,3,65.0,42.0,voiture,voiture,1,1,1,1,4
202300008178,2023-11-23 20:19:00,2023,11,23,20,19,75,75118,PORTE DE LA CHAPELLE,48.900802,2.369807,Nuit avec éclairage allumé,En agglomération,Hors intersection,Normale,Deux véhicules - arrière,4,1,6,0,1,1,1,0,1,70,2,2,1,0,0,1,25.0,30.0,deux_roues,voiture,5,2,1,1,2
202300008179,2023-04-30 07:11:00,2023,4,30,7,11,94,94060,Rue du Général de Gaulle,48.78722,2.56254,Crépuscule ou aube,Hors agglomération,Hors intersection,Normale,Deux véhicules - arrière,3,3,4,0,2,1,1,0,1,70,2,4,1,0,0,3,,32.0,autre,voiture,2,1,1,1,2
202300008180,2023-06-06 09:30:00,2023,6,6,9,30,91,91471,RN 118,48.71209,2.18333,Plein jour,Hors agglomération,Hors intersection,Normale,Deux véhicules - arrière,2,1,2,0,2,2,1,0,1,90,2,2,1,0,0,1,53.0,49.0,deux_roues,utilitaire_camion,1,1,1,1,2
202300008181,2023-11-24 08:30:00,2023,11,24,8,30,75,75112,AVENUE DAUMESNIL,48.835932,2.405657,Plein jour,En agglomération,Intersection en T,Normale,Autre collision,4,2,4,1,1,1,1,0,1,30,1,2,1,0,0,1,60.0,,voiture,,1,2,3,1,6
202300008181,2023-11-24 08:30:00,2023,11,24,8,30,75,75112,AVENUE DAUMESNIL,48.835932,2.405657,Plein jour,En agglomération,Intersection en T,Normale,Autre collision,4,1, -1,-1,1,1,1,0,1,30,1,2,1,0,0,1,60.0,,voiture,,1,2,3,1,6
202300008182,2023-04-29 20:20:00,2023,4,29,20,20,94,94034,Avenue de la Paix,48.75912,2.32946,Crépuscule ou aube,En agglomération,Hors intersection,Normale,Deux véhicules - frontale,4,2,2,0,1,1,1,0,1,50,2,2,1,0,0,1,40.0,26.0,voiture,deux_roues,2,2,1,1,1
202300008183,2023-06-06 09:30:00,2023,6,6,9,30,92,92002,AUTOROUTE A10,48.73068,2.30871,Plein jour,Hors agglomération,Hors intersection,Normale,Deux véhicules - arrière,1,3,3,0,1,1,1,0,1,110,2,2,1,0,0,1,29.0,58.0,voiture,deux_roues,1,1,1,1,2
202300008184,2023-07-10 07:45:00,2023,7,10,7,45,972,97209,LOUIS DOMERGUE (AVENUE),14.62002,-61.04891,Plein jour,En agglomération,Hors intersection,Normale,Deux véhicules - côté,4,2,2,0,1,1,1,0,1,30,2,2,1,0,0,1,45.0,55.0,deux_roues,voiture,1,2,1,1,3
202300008185,2023-11-23 22:43:00,2023,11,23,22,43,75,75116,PLACE DE VARSOVIE,48.860414,2.291153,Nuit avec éclairage allumé,En agglomération,Place,Normale,Deux véhicules - frontale,4,2,2,1,1,1,1,0,1,30,2,2,0,0,0,2,41.0,39.0,deux_roues,deux_roues,5,2,7,1,1
202300008185,2023-11-23 22:43:00,2023,11,23,22,43,75,75116,PLACE DE VARSOVIE,48.860414,2.291153,Nuit avec éclairage allumé,En agglomération,Place,Normale,Deux véhicules - frontale,4,2,5,1,1,1,1,2,1,30,2,2,0,0,0,2,41.0,39.0,deux_roues,deux_roues,5,2,7,1,1
202300008186,2023-04-30 17:45:00,2023,4,30,17,45,93,93073,Rue des Buissons,48.99092,2.52421,Plein jour,Hors agglomération,Hors intersection,Normale,Trois véhicules et plus - collisions multiples,4,3,4,0,1,1,1,1,1,30,3,4,2,0,0,2,20.0,21.0,voiture,voiture,1,1,1,1,5
202300008187,2023-11-24 18:30:00,2023,11,24,18,30,75,75120,AVENUE DU PROFESSEUR ANDRE LEMIERE,48.858724,2.414744,Nuit avec éclairage allumé,En agglomération,Intersection en T,Normale,Deux véhicules - côté,4,2,3,0,1,1,1,0,1,50,2,2,1,0,0,1,25.0,28.0,deux_roues,voiture,5,2,3,1,3
202300008187,2023-11-24 18:30:00,2023,11,24,18,30,75,75120,AVENUE DU PROFESSEUR ANDRE LEMIERE,48.858724,2.414744,Nuit avec éclairage allumé,En agglomération,Intersection en T,Normale,Deux véhicules - côté,4,1, -1,-1,1,1,1,0,1,50,2,2,1,0,0,1,25.0,28.0,deux_roues,voiture,5,2,3,1,3
202300008188,2023-06-06 08:15:00,2023,6,6,8,15,91,91228,AUTOROUTE A6,48.6302,2.40974,Plein jour,Hors agglomération,Hors intersection,Normale,Deux véhicules - côté,1,1,3,0,1,1,1,0,1,110,2,2,1,0,0,1,37.0,21.0,voiture,deux_roues,1,1,1,1,3
202300008189,2023-04-30 22:45:00,2023,4,30,22,45,93,93066,Avenue Romain Rolland,48.93912,2.3797752,Nuit avec éclairage allumé,En agglomération,Hors intersection,Normale,Deux véhicules - côté,4,2,2,0,1,1,1,0,1,50,2,3,1,0,0,2,33.0,23.0,voiture,voiture,5,2,1,1,3
202300008190,2023-07-10 13:31:00,2023,7,10,13,31,2B,2B033,TOUTES RUES,42.67,9.44,Plein jour,En agglomération,Intersection en X,Normale,Deux véhicules - côté,4,-1,1,0,3,1,1,0,1,50,2,2,1,0,0,1,64.0,42.0,voiture,voiture,1,2,2,1,3
202300008190,2023-07-10 13:31:00,2023,7,10,13,31,2B,2B033,TOUTES RUES,42.67,9.44,Plein jour,En agglomération,Intersection en X,Normale,Deux véhicules - côté,4,-1,0,0,3,1,1,0,1,50,2,2,1,0,0,1,64.0,42.0,voiture,voiture,1,2,2,1,3
202300008191,2023-11-24 18:05:00,2023,11,24,18,5,75,75120,BOULEVARD MORTIER,48.870558,2.408813,Nuit avec éclairage allumé,En agglomération,Intersection en T,Normale,Deux véhicules - côté,4,3,4,3,1,1,1,0,1,50,2,2,1,0,0,1,75.0,35.0,voiture,utilitaire_camion,5,2,3,1,3
202300008191,2023-11-24 18:05:00,2023,11,24,18,5,75,75120,BOULEVARD MORTIER,48.870558,2.408813,Nuit avec éclairage allumé,En agglomération,Intersection en T,Normale,Deux véhicules - côté,4,-1, -1,-1,1,1,1,0,1,50,2,2,1,0,0,1,75.0,35.0,voiture,utilitaire_camion,5,2,3,1,3
202300008192,2023-04-30 20:45:00,2023,4,30,20,45,93,93055,Avenue Jean Lolive / Rue Honoré d’Estienne d’Orves,48.89176,2.40643,Nuit avec éclairage allumé,En agglomération,Intersection en T,Normale,Deux véhicules - côté,3,2,2,0,1,1,1,0,8,30,2,2,1,0,0,1,38.0,50.0,voiture,deux_roues,5,2,3,1,3
202300008192,2023-04-30 20:45:00,2023,4,30,20,45,93,93055,Avenue Jean Lolive / Rue Honoré d’Estienne d’Orves,48.89176,2.40643,Nuit avec éclairage allumé,En agglomération,Intersection en T,Normale,Deux véhicules - côté,3,3,4,1,1,1,1,0,5,30,2,2,1,0,0,1,38.0,50.0,voiture,deux_roues,5,2,3,1,3
202300008193,2023-06-05 01:10:00,2023,6,5,1,10,91,91553,RN 104,48.62933,2.48327,Nuit sans éclairage public,Hors agglomération,Autre intersection,Normale,Deux véhicules - arrière,2,1,4,0,2,1,1,0,1,90,2,7,0,0,0,7,30.0,20.0,voiture,voiture,3,1,9,1,2
202300008194,2023-04-30 18:35:00,2023,4,30,18,35,93,93006,16 Rue Descartes,48.86978083,2.42619485,Plein jour,En agglomération,Hors intersection,Normale,Autre collision,4,2,2,0,1,1,1,0,4,30,1,2,1,0,0,1,,,deux_roues,,1,2,1,1,6
202300008195,2023-11-24 15:00:00,2023,11,24,15,0,75,75119,AVENUE DE LA PORTE CHAUMONT,48.886075,2.398245,Plein jour,En agglomération,Intersection en X,Normale,Deux véhicules - frontale,4,2,2,0,1,1,2,0,1,30,2,3,2,0,0,1,33.0,84.0,deux_roues,voiture,1,2,2,1,1
202300008195,2023-11-24 15:00:00,2023,11,24,15,0,75,75119,AVENUE DE LA PORTE CHAUMONT,48.886075,2.398245,Plein jour,En agglomération,Intersection en X,Normale,Deux véhicules - frontale,4,2,2,0,1,1,2,0,1,30,2,3,2,0,0,1,33.0,84.0,deux_roues,voiture,1,2,2,1,1
202300008196,2023-06-06 08:40:00,2023,6,6,8,40,92,92036,RN315 W,48.93557975,2.30154336,Plein jour,Hors agglomération,Hors intersection,Normale,Deux véhicules - côté,2,1,1,0,1,1,1,0,1,70,2,2,1,0,0,1,35.0,21.0,deux_roues,voiture,1,1,1,1,3
202300008197,2023-04-30 19:00:00,2023,4,30,19,0,93,93001,Rue de la Nouvelle France / Rue Mendel Kalmenson,48.91346,2.38631,Plein jour,En agglomération,Intersection en T,Normale,Deux véhicules - côté,4,1,1,0,1,1,1,0,1,50,2,3,1,0,0,2,50.0,21.0,voiture,deux_roues,1,2,3,1,3
202300008198,2023-11-24 19:30:00,2023,11,24,19,30,75,75116,PLACE DE COLOMBIE,48.86321,2.268552,Nuit sans éclairage public,En agglomération,Intersection en T,Normale,Deux véhicules - côté,4,1,6,0,1,1,1,0,1,30,2,2,1,0,0,1,27.0,32.0,deux_roues,voiture,3,2,3,1,3
202300008198,2023-11-24 19:30:00,2023,11,24,19,30,75,75116,PLACE DE COLOMBIE,48.86321,2.268552,Nuit sans éclairage public,En agglomération,Intersection en T,Normale,Deux véhicules - côté,4,1,2,0,1,1,1,0,1,30,2,2,1,0,0,1,27.0,32.0,deux_roues,voiture,3,2,3,1,3