accident_id,datetime,annee,mois,jour,heure,minute,departement,commune_insee,adresse,latitude,longitude,luminosite,agglomeration,intersection,meteo,collision,catr,circ,nbv,vosp,prof,plan,surf,infra,situ,vma,nb_vehicules,nb_usagers,nb_indemnes,nb_tues,nb_blesses_hosp,nb_blesses_legers,age_cond_1,age_cond_2,veh_type_cond_1,veh_type_cond_2,lum_code,agg_code,int_code,atm_code,col_code
202300008199,2023-06-06 07:10:00,2023,6,6,7,10,92,92064,A13,48.83958871,2.2007699,Plein jour,Hors agglomération,Hors intersection,Normale,Trois véhicules et plus - collisions multiples,1,1,3,0,1,1,1,0,1,110,3,3,2,0,0,1,64.0,51.0,voiture,deux_roues,1,1,1,1,5
202300008200,2023-04-30 15:44:00,2023,4,30,15,44,92,92078,MARECHAL LECLERC (AVENUE) (N° IMPAIRS),48.938244,2.32415,Plein jour,En agglomération,Hors intersection,Normale,Deux véhicules - frontale,3,3,2,0,1,1,1,5,1,50,2,2,1,0,0,1,50.0,20.0,voiture,voiture,1,2,1,1,1
202300008201,2023-11-24 12:20:00,2023,11,24,12,20,75,75116,PLACE DE LA PORTE DE SAINT CLOUD,48.83840342,2.25696078,Plein jour,En agglomération,Place,Normale,Deux véhicules - côté,4,2,1,0,1,3,1,0,1,30,2,2,1,0,0,1,42.0,37.0,transport_commun,deux_roues,1,2,7,1,3
202300008201,2023-11-24 12:20:00,2023,11,24,12,20,75,75116,PLACE DE LA PORTE DE SAINT CLOUD,48.83840342,2.25696078,Plein jour,En agglomération,Place,Normale,Deux véhicules - côté,4,1,1,0,1,3,1,0,1,30,2,2,1,0,0,1,42.0,37.0,transport_commun,deux_roues,1,2,7,1,3
202300008202,2023-04-30 09:30:00,2023,4,30,9,30,92,92044,ANA. FRANCE(RUE)1A75 ET 2A72,48.89129479,2.28579193,Plein jour,En agglomération,Intersection en X,Normale,Sans collision,4,1,2,0,1,2,1,0,4,50,1,1,0,0,1,0,23.0,,deux_roues,,1,2,2,1,7
202300008202,2023-04-30 09:30:00,2023,4,30,9,30,92,92044,ANA. FRANCE(RUE)1A75 ET 2A72,48.89129479,2.28579193,Plein jour,En agglomération,Intersection en X,Normale,Sans collision,4,2, -1,-1,1,1,1,5,1,-1,1,1,0,0,1,0,23.0,,deux_roues,,1,2,2,1,7
202300008203,2023-07-10 09:03:00,2023,7,10,9,3,971,97101,GRAND CAMP(SECTION),16.25063,-61.53247,Plein jour,Hors agglomération,Hors intersection,Normale,Deux véhicules - arrière,3,1,2,0,1,1,1,6,1,50,2,4,3,0,0,1,52.0,28.0,voiture,voiture,1,1,1,1,2
202300008204,2023-11-24 11:30:00,2023,11,24,11,30,75,75115,RUE DE VAUGIRARD,48.844665,2.318606,Plein jour,En agglomération,Hors intersection,Normale,Autre collision,4,2,0,1,1,1,1,0,5,30,1,2,0,0,0,1,,,deux_roues,,1,2,1,1,6
202300008205,2023-04-30 20:50:00,2023,4,30,20,50,92,92026,SAINT-DENIS BD DE (01 A 197 / 02 A 118),48.89814,2.26402,Crépuscule ou aube,En agglomération,Hors intersection,Normale,Deux véhicules - côté,3,2,2,0,1,1,1,0,1,50,2,2,1,0,0,1,45.0,28.0,voiture,transport_commun,2,2,1,1,3
202300008206,2023-06-05 13:30:00,2023,6,5,13,30,78,78007,A13 Y,48.898719,2.005721,Plein jour,Hors agglomération,Hors intersection,Normale,Trois véhicules et plus - en chaîne,1,1,2,0,2,1,1,0,1,110,5,6,2,0,0,3,27.0,,utilitaire_camion,voiture,1,1,1,1,4
202300008207,2023-07-08 23:00:00,2023,7,8,23,0,971,97107,GERMAIN ST RUF (AVENUE ),16.05068355,-61.56260043,Nuit avec éclairage allumé,En agglomération,Hors intersection,Normale,Autre collision,2,1,1,3,1,1,1,0,1,50,1,1,0,0,1,0,33.0,,deux_roues,,5,2,1,1,6
202300008208,2023-04-28 17:36:00,2023,4,28,17,36,13,13001,A5116CD-Aix-Centre vers A51-Marseille,43.51837,5.433,Plein jour,Hors agglomération,Hors intersection,Normale,Trois véhicules et plus - en chaîne,2,-1,2,0,1,1,1,0,1,70,4,4,3,0,0,1,23.0,21.0,voiture,voiture,1,1,1,1,4
202300008209,2023-06-05 18:30:00,2023,6,5,18,30,95,95218,A15,49.03544363,2.09728717,Plein jour,Hors agglomération,Hors intersection,Normale,Deux véhicules - arrière,1,3,4,0,1,1,1,0,1,90,2,2,1,0,0,1,21.0,27.0,voiture,deux_roues,1,1,1,1,2
202300008210,2023-11-22 17:40:00,2023,11,22,17,40,75,75114,PLACE DENFERT ROCHEREAU,48.833695,2.33192,Nuit sans éclairage public,En agglomération,Intersection en X,Normale,Deux véhicules - côté,4,2,4,3,1,1,1,0,1,30,2,3,2,0,0,1,47.0,41.0,deux_roues,voiture,3,2,2,1,3
202300008210,2023-11-22 17:40:00,2023,11,22,17,40,75,75114,PLACE DENFERT ROCHEREAU,48.833695,2.33192,Nuit sans éclairage public,En agglomération,Intersection en X,Normale,Deux véhicules - côté,4,1,3,0,1,1,1,0,1,30,2,3,2,0,0,1,47.0,41.0,deux_roues,voiture,3,2,2,1,3
202300008211,2023-07-09 19:15:00,2023,7,9,19,15,95,95428,D124,48.99851,2.32208,Plein jour,En agglomération,Hors intersection,Normale,Deux véhicules - arrière,3,2,2,0,1,1,1,0,1,50,2,2,1,0,0,1,42.0,15.0,voiture,deux_roues,1,2,1,1,2
202300008212,2023-04-06 21:45:00,2023,4,6,21,45,69,69259,Boulevard Urbain Sud,45.68527591,4.87794394,Nuit sans éclairage public,Hors agglomération,Hors intersection,Normale,Autre collision,7,3,4,0,1,1,1,0,1,90,1,4,3,0,1,0,21.0,,voiture,,3,1,1,1,6
202300008213,2023-06-05 16:30:00,2023,6,5,16,30,93,93010,AUTOROUTE A3,48.90625339,2.47214056,Plein jour,Hors agglomération,Hors intersection,Normale,Deux véhicules - côté,1,3,6,0,1,1,1,0,1,90,2,2,1,0,1,0,24.0,28.0,voiture,deux_roues,1,1,1,1,3
202300008214,2023-04-30 08:15:00,2023,4,30,8,15,91,91468,AUTOROUTE A6,48.57519,2.46595,Plein jour,Hors agglomération,Hors intersection,Normale,Sans collision,1,1,3,0,2,1,1,0,1,110,1,2,1,0,0,1,,,voiture,,1,1,1,1,7
202300008215,2023-11-24 18:15:00,2023,11,24,18,15,75,75113,AVENUE CLAUDE REGAUD,48.821574,2.372481,Nuit avec éclairage allumé,En agglomération,Intersection en X,Normale,Autre collision,4,2,1,0,1,1,1,0,1,30,1,2,1,0,0,1,33.0,,voiture,,5,2,2,1,6
202300008215,2023-11-24 18:15:00,2023,11,24,18,15,75,75113,AVENUE CLAUDE REGAUD,48.821574,2.372481,Nuit avec éclairage allumé,En agglomération,Intersection en X,Normale,Autre collision,4,2,2,0,1,1,1,6,1,30,1,2,1,0,0,1,33.0,,voiture,,5,2,2,1,6
202300008216,2023-06-04 21:30:00,2023,6,4,21,30,95,95527,A1,48.99732912,2.5185583,Plein jour,Hors agglomération,Autre intersection,Normale,Deux véhicules - côté,1,3,3,0,1,1,1,0,1,110,2,3,1,0,0,2,25.0,36.0,utilitaire_camion,voiture,1,1,9,1,3
202300008217,2023-04-30 05:15:00,2023,4,30,5,15,94,94034,A6A,48.75769527,2.33590151,Nuit sans éclairage public,Hors agglomération,Hors intersection,Normale,Deux véhicules - arrière,1,1,3,0,1,1,1,0,2,110,2,3,1,0,0,2,28.0,54.0,voiture,utilitaire_camion,3,1,1,1,2
202300008218,2023-11-24 00:40:00,2023,11,24,0,40,75,75113,AVENUE D ITALIE,48.819137,2.359575,Nuit avec éclairage allumé,En agglomération,Intersection en T,Normale,Autre collision,4,1,2,3,1,1,1,6,1,30,1,1,0,0,0,1,19.0,,voiture,,5,2,3,1,6
202300008218,2023-11-24 00:40:00,2023,11,24,0,40,75,75113,AVENUE D ITALIE,48.819137,2.359575,Nuit avec éclairage allumé,En agglomération,Intersection en T,Normale,Autre collision,4,3, -1,-1,1,1,1,0,1,30,1,1,0,0,0,1,19.0,,voiture,,5,2,3,1,6
202300008219,2023-04-30 03:40:00,2023,4,30,3,40,91,91477,AUTOROUTE A10,48.71839,2.25622,Nuit sans éclairage public,Hors agglomération,Hors intersection,Normale,Autre collision,1,1,2,0,2,3,1,0,1,50,1,2,0,0,0,2,39.0,,deux_roues,,3,1,1,1,6
202300008220,2023-07-10 13:20:00,2023,7,10,13,20,95,95555,D14,48.96415792,2.28866994,Plein jour,En agglomération,Intersection en X,Normale,Deux véhicules - arrière,3,3,2,0,1,1,1,9,1,50,2,2,1,0,0,1,40.0,38.0,voiture,utilitaire_camion,1,2,2,1,2
202300008220,2023-07-10 13:20:00,2023,7,10,13,20,95,95555,D14,48.96415792,2.28866994,Plein jour,En agglomération,Intersection en X,Normale,Deux véhicules - arrière,3,2,2,-1,1,1,1,0,1,-1,2,2,1,0,0,1,40.0,38.0,voiture,utilitaire_camion,1,2,2,1,2
202300008221,2023-11-23 22:00:00,2023,11,23,22,0,75,75113,AVENUE DES GOBELINS,48.83434,2.35354,Nuit avec éclairage allumé,En agglomération,Intersection en T,Normale,Deux véhicules - arrière,4,2,4,3,2,1,1,0,1,30,2,2,1,0,0,1,22.0,50.0,voiture,deux_roues,5,2,3,1,2
202300008221,2023-11-23 22:00:00,2023,11,23,22,0,75,75113,AVENUE DES GOBELINS,48.83434,2.35354,Nuit avec éclairage allumé,En agglomération,Intersection en T,Normale,Deux véhicules - arrière,4,1, -1,-1,1,1,1,0,1,-1,2,2,1,0,0,1,22.0,50.0,voiture,deux_roues,5,2,3,1,2
202300008222,2023-06-03 23:50:00,2023,6,3,23,50,95,95277,A3,48.96973,2.48227,Nuit sans éclairage public,Hors agglomération,Hors intersection,Normale,Autre collision,1,3,4,0,1,1,1,0,1,90,3,3,2,0,1,0,21.0,,voiture,voiture,3,1,1,1,6
202300008223,2023-04-29 23:55:00,2023,4,29,23,55,77,77384,AUTOROUTE A5A,48.5967,2.61,Nuit sans éclairage public,Hors agglomération,Hors intersection,Normale,Deux véhicules - arrière,1,-1,3,0,1,1,1,0,1,110,2,2,0,0,0,2,20.0,23.0,voiture,voiture,3,1,1,1,2
202300008224,2023-07-09 16:10:00,2023,7,9,16,10,95,95197,CONCORDE (RUE DE LA),48.96573,2.317772,Plein jour,En agglomération,Hors intersection,Normale,Autre collision,4,1,1,0,1,1,1,9,8,30,1,1,0,0,1,0,35.0,,voiture,,1,2,1,1,6
202300008225,2023-06-03 20:00:00,2023,6,3,20,0,93,93027,AUTOROUTE A1,48.93720852,2.40978107,Plein jour,Hors agglomération,Hors intersection,Normale,Autre collision,1,1,2,0,2,1,1,0,1,70,1,2,1,0,1,0,26.0,,voiture,,1,1,1,1,6
202300008226,2023-11-24 08:50:00,2023,11,24,8,50,75,75111,RUE DE CHARONNE,48.853591,2.380406,Plein jour,En agglomération,Intersection en T,Normale,Autre collision,4,1, -1,-1,1,1,1,0,1,30,1,2,1,0,0,1,36.0,,deux_roues,,1,2,3,1,6
202300008226,2023-11-24 08:50:00,2023,11,24,8,50,75,75111,RUE DE CHARONNE,48.853591,2.380406,Plein jour,En agglomération,Intersection en T,Normale,Autre collision,4,1,2,0,1,1,1,0,1,30,1,2,1,0,0,1,36.0,,deux_roues,,1,2,3,1,6
202300008227,2023-04-29 22:44:00,2023,4,29,22,44,94,94038,A6A,48.78809908,2.34493544,Nuit avec éclairage non allumé,Hors agglomération,Hors intersection,Normale,Trois véhicules et plus - en chaîne,1,1,3,0,1,1,1,0,1,90,3,3,2,0,0,1,26.0,35.0,voiture,voiture,4,1,1,1,4
202300008228,2023-06-06 20:05:00,2023,6,6,20,5,94,94022,A86,48.77568996,2.41313841,Plein jour,Hors agglomération,Hors intersection,Normale,Trois véhicules et plus - en chaîne,1,3,3,0,1,1,1,0,1,90,3,3,0,0,0,3,49.0,22.0,utilitaire_camion,voiture,1,1,1,1,4
202300008229,2023-11-24 01:30:00,2023,11,24,1,30,75,75111,RUE SEDAINE,48.855469,2.370525,Nuit avec éclairage allumé,En agglomération,Intersection en T,Pluie légère,Deux véhicules - arrière,4,1, -1,-1,1,1,2,0,1,30,2,2,1,0,0,1,35.0,69.0,voiture,deux_roues,5,2,3,2,2
202300008229,2023-11-24 01:30:00,2023,11,24,1,30,75,75111,RUE SEDAINE,48.855469,2.370525,Nuit avec éclairage allumé,En agglomération,Intersection en T,Pluie légère,Deux véhicules - arrière,4,1,1,0,2,1,2,9,1,30,2,2,1,0,0,1,35.0,69.0,voiture,deux_roues,5,2,3,2,2
202300008230,2023-07-09 15:30:00,2023,7,9,15,30,95,95555,D15,48.97108326,2.29290247,Plein jour,En agglomération,Hors intersection,Normale,Deux véhicules - frontale,3,2,2,0,1,1,1,0,1,30,2,3,2,0,1,0,38.0,29.0,deux_roues,utilitaire_camion,1,2,1,1,1
202300008231,2023-06-06 12:10:00,2023,6,6,12,10,94,94002,A86,48.7761544,2.42762751,Plein jour,Hors agglomération,Hors intersection,Normale,Deux véhicules - arrière,1,-1,3,0,1,1,1,0,1,90,2,2,1,0,0,1,31.0,24.0,voiture,deux_roues,1,1,1,1,2
202300008232,2023-04-30 02:40:00,2023,4,30,2,40,93,93066,AUTOROUTE A1,48.91598,2.35784,Nuit avec éclairage allumé,Hors agglomération,Hors intersection,Normale,Deux véhicules - arrière,1,3,4,0,1,1,1,1,1,90,2,6,1,0,0,5,39.0,43.0,voiture,voiture,5,1,1,1,2
202300008233,2023-11-24 17:20:00,2023,11,24,17,20,75,75110,RUE LA FAYETTE,48.88064,2.362017,Crépuscule ou aube,En agglomération,Intersection en T,Normale,Deux véhicules - frontale,4,1, -1,-1,1,1,2,0,5,30,2,2,1,0,0,1,57.0,45.0,voiture,deux_roues,2,2,3,1,1
202300008233,2023-11-24 17:20:00,2023,11,24,17,20,75,75110,RUE LA FAYETTE,48.88064,2.362017,Crépuscule ou aube,En agglomération,Intersection en T,Normale,Deux véhicules - frontale,4,4,4,1,1,1,2,0,5,30,2,2,1,0,0,1,57.0,45.0,voiture,deux_roues,2,2,3,1,1
202300008234,2023-07-10 18:45:00,2023,7,10,18,45,95,95582,JEAN MOULIN (RUE),48.980028,2.243219,Plein jour,En agglomération,Intersection en T,Normale,Deux véhicules - côté,4,2,2,0,1,1,1,0,1,50,2,2,1,0,0,1,60.0,72.0,deux_roues,voiture,1,2,3,1,3
202300008234,2023-07-10 18:45:00,2023,7,10,18,45,95,95582,JEAN MOULIN (RUE),48.980028,2.243219,Plein jour,En agglomération,Intersection en T,Normale,Deux véhicules - côté,4,2,2,0,1,1,1,0,1,50,2,2,1,0,0,1,60.0,72.0,deux_roues,voiture,1,2,3,1,3
202300008235,2023-06-06 10:15:00,2023,6,6,10,15,77,77294,A104,48.96069827,2.61897152,Plein jour,Hors agglomération,Hors intersection,Normale,Autre collision,1,-1,3,0,1,1,1,0,1,90,3,3,2,0,0,1,43.0,32.0,utilitaire_camion,voiture,1,1,1,1,6
202300008236,2023-11-24 01:00:00,2023,11,24,1,0,75,75108,BOULEVARD MALESHERBES,48.87378269,2.32057983,Nuit avec éclairage allumé,En agglomération,Intersection en T,Normale,Autre collision,4,2,4,1,1,1,1,0,5,50,1,1,0,0,0,1,27.0,,deux_roues,,5,2,3,1,6
202300008236,2023-11-24 01:00:00,2023,11,24,1,0,75,75108,BOULEVARD MALESHERBES,48.87378269,2.32057983,Nuit avec éclairage allumé,En agglomération,Intersection en T,Normale,Autre collision,4,-1, -1,-1,1,1,1,0,5,50,1,1,0,0,0,1,27.0,,deux_roues,,5,2,3,1,6
202300008237,2023-06-06 09:00:00,2023,6,6,9,0,94,94022,A86,48.77323814,2.39995477,Plein jour,Hors agglomération,Hors intersection,Normale,Deux véhicules - arrière,1,-1,3,0,1,1,1,0,1,90,2,2,1,0,0,1,20.0,35.0,voiture,deux_roues,1,1,1,1,2
202300008238,2023-04-30 01:40:00,2023,4,30,1,40,93,93078,AUTOROUTE A104,48.96569101,2.55693444,Nuit sans éclairage public,Hors agglomération,Hors intersection,Normale,Deux véhicules - arrière,1,3,8,0,1,1,1,0,1,110,2,2,1,0,0,1,36.0,47.0,voiture,voiture,3,1,1,1,2
202300008239,2023-07-10 08:38:00,2023,7,10,8,38,87,87085,AEROPORT LIMOGES BELLEGARDE (AVENUE DE),45.861092,1.172945,Plein jour,Hors agglomération,Hors intersection,Normale,Autre collision,3,2,2,0,2,1,1,0,1,80,2,2,1,0,0,1,67.0,23.0,deux_roues,utilitaire_camion,1,1,1,1,6
202300008240,2023-11-24 01:30:00,2023,11,24,1,30,75,75108,RUE DE LISBONNE,48.877744,2.315594,Nuit avec éclairage allumé,En agglomération,Intersection en X,Pluie légère,Deux véhicules - côté,4,1,1,0,2,1,2,0,1,30,2,2,1,0,0,1,45.0,49.0,voiture,voiture,5,2,2,2,3
202300008240,2023-11-24 01:30:00,2023,11,24,1,30,75,75108,RUE DE LISBONNE,48.877744,2.315594,Nuit avec éclairage allumé,En agglomération,Intersection en X,Pluie légère,Deux véhicules - côté,4,1,1,0,1,1,2,9,1,50,2,2,1,0,0,1,45.0,49.0,voiture,voiture,5,2,2,2,3
202300008241,2023-06-06 07:00:00,2023,6,6,7,0,93,93051,A4,48.83642302,2.55202737,Plein jour,Hors agglomération,Hors intersection,Normale,Deux véhicules - côté,1,-1,3,0,1,1,1,0,1,110,2,2,1,0,0,1,33.0,44.0,utilitaire_camion,deux_roues,1,1,1,1,3
202300008242,2023-07-08 23:10:00,2023,7,8,23,10,87,87085,LIAISON SUD ( voie de),45.81742,1.2528,Nuit avec éclairage allumé,En agglomération,Intersection en X,Normale,Deux véhicules - côté,2,3,4,0,1,1,1,5,1,50,2,2,1,0,0,1,27.0,20.0,voiture,voiture,5,2,2,1,3
202300008242,2023-07-08 23:10:00,2023,7,8,23,10,87,87085,LIAISON SUD ( voie de),45.81742,1.2528,Nuit avec éclairage allumé,En agglomération,Intersection en X,Normale,Deux véhicules - côté,2,3,5,0,1,1,1,5,1,50,2,2,1,0,0,1,27.0,20.0,voiture,voiture,5,2,2,1,3
202300008243,2023-11-23 07:30:00,2023,11,23,7,30,94,94052,Boulevard de Strasbourg,48.84335,2.48598,Plein jour,En agglomération,Hors intersection,Normale,Trois véhicules et plus - en chaîne,3,2,2,0,1,1,1,0,1,50,3,4,1,0,0,3,20.0,57.0,voiture,voiture,1,2,1,1,4
202300008244,2023-02-27 17:45:00,2023,2,27,17,45,74,74010,Rue de malaz,45.882305,6.099515,Crépuscule ou aube,En agglomération,Hors intersection,Normale,Autre collision,4,2,2,0,1,1,1,0,1,50,1,2,1,0,1,0,63.0,,voiture,,2,2,1,1,6
202300008245,2023-02-24 01:10:00,2023,2,24,1,10,74,74250,Avenue du mont blanc,46.0731,6.394797,Nuit avec éclairage non allumé,En agglomération,Giratoire,Normale,Autre collision,3,2,2,0,1,3,1,5,1,50,1,4,0,0,2,2,24.0,,voiture,,4,2,6,1,6
202300008246,2023-07-08 15:40:00,2023,7,8,15,40,87,87085,LECLERC (AVENUE DU GENERAL),45.8518,1.26472,Plein jour,En agglomération,Intersection en X,Normale,Deux véhicules - côté,4,3,5,0,1,1,1,5,1,50,2,2,0,0,0,2,73.0,29.0,voiture,deux_roues,1,2,2,1,3
202300008246,2023-07-08 15:40:00,2023,7,8,15,40,87,87085,LECLERC (AVENUE DU GENERAL),45.8518,1.26472,Plein jour,En agglomération,Intersection en X,Normale,Deux véhicules - côté,4,3,5,0,2,1,1,5,1,50,2,2,0,0,0,2,73.0,29.0,voiture,deux_roues,1,2,2,1,3
202300008247,2023-11-24 20:00:00,2023,11,24,20,0,94,94073,Avenue de Fontainebleau,48.76292775,2.36845232,Nuit avec éclairage allumé,En agglomération,Autre intersection,Normale,Deux véhicules - côté,3,-1,0,0,1,1,1,0,1,50,2,3,2,0,0,1,56.0,32.0,voiture,deux_roues,5,2,9,1,3
202300008247,2023-11-24 20:00:00,2023,11,24,20,0,94,94073,Avenue de Fontainebleau,48.76292775,2.36845232,Nuit avec éclairage allumé,En agglomération,Autre intersection,Normale,Deux véhicules - côté,3,-1,0,0,1,1,1,0,1,50,2,3,2,0,0,1,56.0,32.0,voiture,deux_roues,5,2,9,1,3
202300008248,2023-07-07 12:17:00,2023,7,7,12,17,87,87065,EYMOUTIERS (RUE D'),45.81848,1.29536,Plein jour,En agglomération,Hors intersection,Normale,Deux véhicules - arrière,3,3,2,0,2,1,1,5,1,50,2,2,1,0,0,1,23.0,57.0,voiture,deux_roues,1,2,1,1,2
202300008249,2023-03-30 18:10:00,2023,3,30,18,10,74,74225,Rue de Verdun,45.85652,5.94412,Plein jour,En agglomération,Hors intersection,Normale,Autre collision,3,2,2,0,1,1,1,0,1,50,1,2,1,0,0,1,36.0,,voiture,,1,2,1,1,6
202300008250,2023-11-24 20:00:00,2023,11,24,20,0,94,94028,Avenue de Verdun,48.79928,2.46628,Nuit avec éclairage allumé,En agglomération,Autre intersection,Normale,Deux véhicules - côté,3,1,1,3,2,1,1,-1,6,50,2,4,2,0,0,2,42.0,42.0,transport_commun,voiture,5,2,9,1,3
202300008251,2023-03-26 06:30:00,2023,3,26,6,30,74,74282,462 Chemin de l?Étang,46.040457,6.245105,Crépuscule ou aube,Hors agglomération,Hors intersection,Normale,Autre collision,6,-1, -1,0,1,1,6,0,8,50,1,2,1,0,0,1,26.0,,voiture,,2,1,1,1,6
202300008252,2023-11-24 16:07:00,2023,11,24,16,7,94,94077,Cours de Verdun,48.74036,2.40914,Plein jour,Hors agglomération,Autre intersection,Pluie légère,Deux véhicules - côté,3,-1,2,1,1,1,2,9,1,50,2,3,2,0,0,1,88.0,57.0,voiture,deux_roues,1,1,9,2,3
202300008253,2023-07-09 01:22:00,2023,7,9,1,22,84,84007,LYON (route de ),43.95013,4.82015,Nuit avec éclairage allumé,En agglomération,Place,Normale,Deux véhicules - arrière,4,2,5,0,1,1,1,0,1,50,2,5,1,0,1,3,21.0,21.0,voiture,voiture,5,2,7,1,2
202300008253,2023-07-09 01:22:00,2023,7,9,1,22,84,84007,LYON (route de ),43.95013,4.82015,Nuit avec éclairage allumé,En agglomération,Place,Normale,Deux véhicules - arrière,4,3,4,0,1,1,1,0,1,50,2,5,1,0,1,3,21.0,21.0,voiture,voiture,5,2,7,1,2
202300008254,2023-03-13 14:00:00,2023,3,13,14,0,74,74010,Avenue des vieux moulins (Seynod),45.889762,6.114927,Plein jour,En agglomération,Hors intersection,Normale,Deux véhicules - côté,4,2,2,0,1,1,1,0,1,50,2,2,1,0,1,0,54.0,37.0,deux_roues,voiture,1,2,1,1,3
202300008255,2023-03-05 20:25:00,2023,3,5,20,25,74,74188,route du lac,46.209678,6.720731,Nuit sans éclairage public,Hors agglomération,Hors intersection,Normale,Autre collision,3,2,2,0,1,2,1,0,3,80,1,2,0,0,1,1,24.0,,voiture,,3,1,1,1,6
202300008256,2023-11-24 19:42:00,2023,11,24,19,42,94,94071,Rue de Champigny,48.77444,2.51095,Nuit avec éclairage allumé,En agglomération,Giratoire,Normale,Deux véhicules - côté,3,2,2,0,1,1,1,9,1,50,2,2,1,0,0,1,21.0,43.0,deux_roues,voiture,5,2,6,1,3
202300008256,2023-11-24 19:42:00,2023,11,24,19,42,94,94071,Rue de Champigny,48.77444,2.51095,Nuit avec éclairage allumé,En agglomération,Giratoire,Normale,Deux véhicules - côté,3,2,2,0,1,2,1,9,1,50,2,2,1,0,0,1,21.0,43.0,deux_roues,voiture,5,2,6,1,3
202300008257,2023-03-01 17:00:00,2023,3,1,17,0,74,74263,Sciez,46.329306,6.381308,Plein jour,En agglomération,Autre intersection,Normale,Deux véhicules - frontale,6,-1, -1,0,1,1,1,0,1,50,2,2,1,0,1,0,36.0,43.0,voiture,deux_roues,1,2,9,1,1
202300008258,2023-11-24 19:05:00,2023,11,24,19,5,94,94002,Quai Blanqui,48.81452962,2.41119843,Nuit avec éclairage allumé,En agglomération,Autre intersection,Normale,Deux véhicules - côté,3,-1,1,0,1,1,1,0,1,50,2,2,1,0,0,1,26.0,52.0,deux_roues,voiture,5,2,9,1,3
202300008258,2023-11-24 19:05:00,2023,11,24,19,5,94,94002,Quai Blanqui,48.81452962,2.41119843,Nuit avec éclairage allumé,En agglomération,Autre intersection,Normale,Deux véhicules - côté,3,2,1,0,1,1,1,0,1,50,2,2,1,0,0,1,26.0,52.0,deux_roues,voiture,5,2,9,1,3
202300008259,2023-06-05 19:25:00,2023,6,5,19,25,75,75112,BD PERIPHERIQUE EXTERIEUR,48.832542,2.406109,Plein jour,En agglomération,Hors intersection,Normale,Deux véhicules - côté,4,1,4,0,1,1,1,0,1,70,2,2,1,0,0,1,20.0,33.0,voiture,deux_roues,1,2,1,1,3
202300008260,2023-11-24 08:25:00,2023,11,24,8,25,93,93073,Avenue Henri Barbusse / Dixieme Avenue,48.96159,2.57065,Plein jour,En agglomération,Intersection en X,Normale,Deux véhicules - côté,4,2,2,0,1,1,1,5,1,50,2,3,2,0,0,1,20.0,64.0,deux_roues,voiture,1,2,2,1,3
202300008260,2023-11-24 08:25:00,2023,11,24,8,25,93,93073,Avenue Henri Barbusse / Dixieme Avenue,48.96159,2.57065,Plein jour,En agglomération,Intersection en X,Normale,Deux véhicules - côté,4,2,2,0,1,1,1,5,1,50,2,3,2,0,0,1,20.0,64.0,deux_roues,voiture,1,2,2,1,3
202300008261,2023-06-05 08:10:00,2023,6,5,8,10,75,75112,BD PERIPHERIQUE INTERIEUR,48.830927,2.402991,Plein jour,En agglomération,Hors intersection,Normale,Deux véhicules - arrière,4,1,4,0,1,1,1,0,1,70,2,2,1,0,0,1,26.0,43.0,voiture,voiture,1,2,1,1,2
202300008262,2023-07-07 00:30:00,2023,7,7,0,30,83,83118,ROUTE DE LA CORNICHE,43.41791864,6.82560052,Nuit avec éclairage allumé,En agglomération,Hors intersection,Normale,Deux véhicules - côté,3,2,2,0,1,1,1,0,1,50,2,6,5,0,1,0,18.0,18.0,utilitaire_camion,deux_roues,5,2,1,1,3
202300008263,2023-11-22 20:45:00,2023,11,22,20,45,93,93078,Avenue du Général Leclerc / Rue de Touraine,48.94809406,2.56120727,Nuit avec éclairage allumé,En agglomération,Intersection en X,Normale,Deux véhicules - côté,4,2,2,0,1,1,1,0,1,50,2,4,2,0,0,2,24.0,23.0,voiture,voiture,5,2,2,1,3
202300008263,2023-11-22 20:45:00,2023,11,22,20,45,93,93078,Avenue du Général Leclerc / Rue de Touraine,48.94809406,2.56120727,Nuit avec éclairage allumé,En agglomération,Intersection en X,Normale,Deux véhicules - côté,4,1,1,0,1,1,1,0,1,50,2,4,2,0,0,2,24.0,23.0,voiture,voiture,5,2,2,1,3
202300008264,2023-11-24 21:10:00,2023,11,24,21,10,93,93072,Avenue de Stalingrad / Rue Pierre Curie,48.95946,2.39877,Nuit avec éclairage allumé,En agglomération,Intersection en T,Normale,Deux véhicules - côté,3,1,1,0,1,1,1,0,1,-1,2,2,1,0,0,1,38.0,,deux_roues,utilitaire_camion,5,2,3,1,3
202300008264,2023-11-24 21:10:00,2023,11,24,21,10,93,93072,Avenue de Stalingrad / Rue Pierre Curie,48.95946,2.39877,Nuit avec éclairage allumé,En agglomération,Intersection en T,Normale,Deux véhicules - côté,3,2,4,3,1,1,1,0,1,50,2,2,1,0,0,1,38.0,,deux_roues,utilitaire_camion,5,2,3,1,3
202300008265,2023-06-05 16:36:00,2023,6,5,16,36,75,75109,RUE DE CHATEAUDUN,48.876058,2.33713,Plein jour,En agglomération,Intersection en X,Normale,Deux véhicules - côté,4,2,2,3,1,1,1,0,1,30,2,7,6,0,0,1,40.0,49.0,voiture,voiture,1,2,2,1,3
202300008265,2023-06-05 16:36:00,2023,6,5,16,36,75,75109,RUE DE CHATEAUDUN,48.876058,2.33713,Plein jour,En agglomération,Intersection en X,Normale,Deux véhicules - côté,4,1,1,0,2,1,1,0,1,30,2,7,6,0,0,1,40.0,49.0,voiture,voiture,1,2,2,1,3