accident_id,datetime,annee,mois,jour,heure,minute,departement,commune_insee,adresse,latitude,longitude,luminosite,agglomeration,intersection,meteo,collision,catr,circ,nbv,vosp,prof,plan,surf,infra,situ,vma,nb_vehicules,nb_usagers,nb_indemnes,nb_tues,nb_blesses_hosp,nb_blesses_legers,age_cond_1,age_cond_2,veh_type_cond_1,veh_type_cond_2,lum_code,agg_code,int_code,atm_code,col_code
202300008266,2023-07-06 15:40:00,2023,7,6,15,40,80,80021,FRANCS MURIERS (RUE DES),49.89668,2.30038,Plein jour,En agglomération,Hors intersection,Normale,Autre collision,4,2,4,0,1,1,1,0,1,30,1,2,1,0,0,1,69.0,,voiture,,1,2,1,1,6
202300008267,2023-11-24 15:05:00,2023,11,24,15,5,93,93064,Avenue du Général de Gaulle / A3,48.88591087,2.47265875,Plein jour,En agglomération,Intersection en X,Normale,Deux véhicules - côté,1,1,3,0,1,1,2,3,1,50,2,2,1,0,0,1,43.0,29.0,voiture,deux_roues,1,2,2,1,3
202300008267,2023-11-24 15:05:00,2023,11,24,15,5,93,93064,Avenue du Général de Gaulle / A3,48.88591087,2.47265875,Plein jour,En agglomération,Intersection en X,Normale,Deux véhicules - côté,1,3,2,0,1,1,2,0,1,50,2,2,1,0,0,1,43.0,29.0,voiture,deux_roues,1,2,2,1,3
202300008268,2023-06-05 14:30:00,2023,6,5,14,30,75,75118,RUE MARX DORMOY,48.886105,2.359525,Plein jour,En agglomération,Intersection en T,Normale,Autre collision,4,1,1,1,1,1,1,0,1,30,1,2,1,0,0,1,57.0,,deux_roues,,1,2,3,1,6
202300008268,2023-06-05 14:30:00,2023,6,5,14,30,75,75118,RUE MARX DORMOY,48.886105,2.359525,Plein jour,En agglomération,Intersection en T,Normale,Autre collision,4,2,2,0,1,1,1,8,1,30,1,2,1,0,0,1,57.0,,deux_roues,,1,2,3,1,6
202300008269,2023-11-24 15:10:00,2023,11,24,15,10,93,93055,Avenue du Général Leclerc,48.90171,2.41359,Plein jour,En agglomération,Hors intersection,Temps couvert,Autre collision,3,2,2,0,1,1,1,0,1,50,1,2,1,0,0,1,45.0,,deux_roues,,1,2,1,8,6
202300008270,2023-11-24 11:10:00,2023,11,24,11,10,93,93051,Rue des 4 Saisons,48.84727777,2.54884066,Plein jour,En agglomération,Hors intersection,Normale,Autre collision,4,2,2,0,4,1,1,0,1,30,1,2,1,0,1,0,19.0,,voiture,,1,2,1,1,6
202300008271,2023-06-05 10:00:00,2023,6,5,10,0,75,75118,RUE ORDENER,48.892524,2.34431,Plein jour,En agglomération,Intersection en X,Normale,Deux véhicules - frontale,4,1,1,1,1,1,1,0,1,30,2,2,1,0,0,1,34.0,24.0,voiture,deux_roues,1,2,2,1,1
202300008271,2023-06-05 10:00:00,2023,6,5,10,0,75,75118,RUE ORDENER,48.892524,2.34431,Plein jour,En agglomération,Intersection en X,Normale,Deux véhicules - frontale,4,2,4,2,1,1,1,0,1,30,2,2,1,0,0,1,34.0,24.0,voiture,deux_roues,1,2,2,1,1
202300008272,2023-11-24 12:05:00,2023,11,24,12,5,93,93010,Rue Roger Salengro,48.89601606,2.47716781,Plein jour,En agglomération,Hors intersection,Temps couvert,Autre collision,4,1,1,0,1,1,1,0,1,30,1,2,1,0,0,1,48.0,,utilitaire_camion,,1,2,1,8,6
202300008273,2023-06-05 09:20:00,2023,6,5,9,20,75,75116,AVENUE DE L HIPPODROME,48.858548,2.244879,Plein jour,En agglomération,Intersection en X,Normale,Deux véhicules - arrière,4,2,2,0,1,1,1,0,1,50,2,3,1,0,0,2,57.0,27.0,voiture,deux_roues,1,2,2,1,2
202300008273,2023-06-05 09:20:00,2023,6,5,9,20,75,75116,AVENUE DE L HIPPODROME,48.858548,2.244879,Plein jour,En agglomération,Intersection en X,Normale,Deux véhicules - arrière,4,-1, -1,0,1,1,1,0,1,50,2,3,1,0,0,2,57.0,27.0,voiture,deux_roues,1,2,2,1,2
202300008274,2023-11-22 10:05:00,2023,11,22,10,5,93,93007,Avenue Paul Vaillant Couturier,48.929138,2.478983,Plein jour,En agglomération,Hors intersection,Normale,Deux véhicules - côté,3,2,2,0,1,1,1,0,1,50,2,2,0,0,0,2,61.0,24.0,voiture,voiture,1,2,1,1,3
202300008275,2023-07-10 16:20:00,2023,7,10,16,20,78,78638,D 922,49.01989,1.95909,Plein jour,Hors agglomération,Intersection en T,Normale,Deux véhicules - arrière,3,-1,1,0,1,1,1,0,1,70,2,2,1,0,0,1,25.0,31.0,voiture,utilitaire_camion,1,1,3,1,2
202300008275,2023-07-10 16:20:00,2023,7,10,16,20,78,78638,D 922,49.01989,1.95909,Plein jour,Hors agglomération,Intersection en T,Normale,Deux véhicules - arrière,3,-1,1,0,2,2,1,5,1,50,2,2,1,0,0,1,25.0,31.0,voiture,utilitaire_camion,1,1,3,1,2
202300008276,2023-12-26 17:45:00,2023,12,26,17,45,50,50218,MARECHAL LECLERC (AV DU),48.83794,-1.58646,Nuit avec éclairage allumé,En agglomération,Autre intersection,Pluie légère,Autre collision,3,2,2,0,2,1,2,0,1,50,1,2,1,0,0,1,23.0,,deux_roues,,5,2,9,2,6
202300008277,2023-11-22 10:05:00,2023,11,22,10,5,93,93007,Avenue Paul Vaillant Couturier / Avenue de Bel-abbès,48.929013,2.478158,Plein jour,En agglomération,Intersection en X,Normale,Autre collision,3,2,2,0,1,1,1,0,1,-1,1,2,1,0,0,1,61.0,,voiture,,1,2,2,1,6
202300008277,2023-11-22 10:05:00,2023,11,22,10,5,93,93007,Avenue Paul Vaillant Couturier / Avenue de Bel-abbès,48.929013,2.478158,Plein jour,En agglomération,Intersection en X,Normale,Autre collision,3,2,2,-1,1,1,1,0,1,-1,1,2,1,0,0,1,61.0,,voiture,,1,2,2,1,6
202300008278,2023-12-30 15:45:00,2023,12,30,15,45,13,13210,ROMAIN ROLLAND (BOULEVARD),43.27753,5.420408,Plein jour,En agglomération,Intersection en X,Normale,Autre collision,4,4,3,0,1,1,1,5,1,50,1,2,1,0,0,1,19.0,,voiture,,1,2,2,1,6
202300008278,2023-12-30 15:45:00,2023,12,30,15,45,13,13210,ROMAIN ROLLAND (BOULEVARD),43.27753,5.420408,Plein jour,En agglomération,Intersection en X,Normale,Autre collision,4,2,2,0,2,1,1,5,1,50,1,2,1,0,0,1,19.0,,voiture,,1,2,2,1,6
202300008279,2023-06-04 16:15:00,2023,6,4,16,15,75,75116,ROUTE D AUTEUIL AUX LACS,48.851203,2.253295,Plein jour,En agglomération,Hors intersection,Normale,Deux véhicules - côté,4,2,2,0,1,1,1,0,1,30,2,2,1,0,0,1,,47.0,voiture,deux_roues,1,2,1,1,3
202300008280,2023-11-24 15:11:00,2023,11,24,15,11,92,92046,DE STALINGRAD,48.81394486,2.28851885,Plein jour,En agglomération,Hors intersection,Pluie légère,Autre collision,3,1,4,1,1,1,2,0,1,50,1,3,1,0,0,2,19.0,,voiture,,1,2,1,2,6
202300008281,2023-07-10 20:45:00,2023,7,10,20,45,69,69264,Boulevard Burdeau,45.99706,4.73013,Plein jour,En agglomération,Autre intersection,Normale,Autre collision,3,2,4,2,1,1,1,0,1,-1,1,2,1,0,0,1,,,utilitaire_camion,,1,2,9,1,6
202300008282,2023-06-05 11:40:00,2023,6,5,11,40,75,75115,RUE DU THEATRE,48.84811,2.290123,Plein jour,En agglomération,Intersection en X,Normale,Deux véhicules - côté,4,1,1,1,1,1,1,0,1,30,2,2,1,0,0,1,31.0,31.0,utilitaire_camion,deux_roues,1,2,2,1,3
202300008282,2023-06-05 11:40:00,2023,6,5,11,40,75,75115,RUE DU THEATRE,48.84811,2.290123,Plein jour,En agglomération,Intersection en X,Normale,Deux véhicules - côté,4,1,1,1,1,1,1,0,1,30,2,2,1,0,0,1,31.0,31.0,utilitaire_camion,deux_roues,1,2,2,1,3
202300008283,2023-12-06 16:00:00,2023,12,6,16,0,92,92063,POMPIDOU (AVENUE DU PRESIDENT),48.87038834,2.1964716,Plein jour,En agglomération,Hors intersection,Normale,Deux véhicules - côté,4,2,2,0,1,1,2,0,1,50,2,2,1,0,0,1,47.0,31.0,voiture,deux_roues,1,2,1,1,3
202300008284,2023-12-09 20:25:00,2023,12,9,20,25,92,92004,VICTOIRES  ( PLACE DES  ),48.91066274,2.29088567,Nuit avec éclairage allumé,En agglomération,Hors intersection,Pluie légère,Deux véhicules - côté,4,-1,2,0,1,1,2,0,1,50,2,2,1,0,0,1,24.0,20.0,voiture,deux_roues,5,2,1,2,3
202300008285,2023-03-22 14:45:00,2023,3,22,14,45,54,54206,RD 148 PK 6,48.52360407,6.53742313,Plein jour,Hors agglomération,Hors intersection,Normale,Deux véhicules - côté,3,2,2,0,2,1,1,0,1,80,2,2,1,0,1,0,59.0,25.0,deux_roues,voiture,1,1,1,1,3
202300008286,2023-07-10 17:30:00,2023,7,10,17,30,67,67482,GARE (PLACE DE LA),48.5843,7.7361,Plein jour,En agglomération,Hors intersection,Normale,Autre collision,4,2,2,0,1,1,1,0,8,50,1,2,1,0,0,1,25.0,,utilitaire_camion,,1,2,1,1,6
202300008287,2023-06-05 09:50:00,2023,6,5,9,50,75,75112,RUE DE BERCY,48.837375,2.38271,Plein jour,En agglomération,Hors intersection,Normale,Deux véhicules - côté,4,1,1,1,1,1,1,0,1,30,2,2,1,0,0,1,51.0,21.0,deux_roues,voiture,1,2,1,1,3
202300008288,2023-11-23 17:00:00,2023,11,23,17,0,92,92063,COLMAR (AVENUE DE),48.88687591,2.17031658,Crépuscule ou aube,En agglomération,Autre intersection,Normale,Deux véhicules - côté,3,2,0,0,1,1,1,0,1,50,2,2,1,0,0,1,19.0,30.0,voiture,deux_roues,2,2,9,1,3
202300008289,2023-03-22 16:30:00,2023,3,22,16,30,72,72310,D313,48.030827,0.187529,Plein jour,Hors agglomération,Hors intersection,Pluie légère,Deux véhicules - frontale,3,3,4,0,1,1,2,0,1,90,2,2,0,1,0,1,31.0,88.0,voiture,voiture,1,1,1,2,1
202300008290,2023-12-14 18:55:00,2023,12,14,18,55,92,92004,LAURENT-CELY  ( AVENUE ),48.91637682,2.30807863,Nuit avec éclairage allumé,En agglomération,Hors intersection,Normale,Deux véhicules - arrière,3,-1,1,0,1,1,1,0,1,50,2,2,1,0,0,1,23.0,23.0,voiture,deux_roues,5,2,1,1,2
202300008291,2023-07-10 14:40:00,2023,7,10,14,40,67,67482,RHIN (AVENUE DU),48.57291,7.75935,Plein jour,En agglomération,Hors intersection,Normale,Autre collision,4,3,2,0,2,1,1,1,1,50,1,1,0,0,0,1,44.0,,voiture,,1,2,1,1,6
202300008292,2023-07-06 17:36:00,2023,7,6,17,36,66,66136,,42.69016156,2.90819049,Plein jour,En agglomération,Hors intersection,Normale,Autre collision,4,2,2,0,1,1,1,0,1,50,1,2,1,0,0,1,17.0,,deux_roues,,1,2,1,1,6
202300008293,2023-12-22 18:30:00,2023,12,22,18,30,92,92009,JEAN JAURES ( RUE ),48.91247506,2.26162076,Nuit avec éclairage non allumé,En agglomération,Giratoire,Normale,Deux véhicules - frontale,4,-1,1,0,1,1,1,0,1,50,2,2,1,0,0,1,15.0,25.0,deux_roues,voiture,4,2,6,1,1
202300008293,2023-12-22 18:30:00,2023,12,22,18,30,92,92009,JEAN JAURES ( RUE ),48.91247506,2.26162076,Nuit avec éclairage non allumé,En agglomération,Giratoire,Normale,Deux véhicules - frontale,4,-1,1,0,1,1,1,0,1,50,2,2,1,0,0,1,15.0,25.0,deux_roues,voiture,4,2,6,1,1
202300008294,2023-06-05 18:05:00,2023,6,5,18,5,75,75111,RUE DU CHEMIN VERT,48.858127,2.371947,Plein jour,En agglomération,Intersection en T,Normale,Deux véhicules - côté,4,1,1,1,1,1,1,0,1,30,2,2,1,0,0,1,34.0,32.0,deux_roues,voiture,1,2,3,1,3
202300008294,2023-06-05 18:05:00,2023,6,5,18,5,75,75111,RUE DU CHEMIN VERT,48.858127,2.371947,Plein jour,En agglomération,Intersection en T,Normale,Deux véhicules - côté,4,1,1,0,1,1,1,0,1,30,2,2,1,0,0,1,34.0,32.0,deux_roues,voiture,1,2,3,1,3
202300008295,2023-03-21 18:05:00,2023,3,21,18,5,36,36123,,46.82118999,1.20929539,Plein jour,En agglomération,Intersection en X,Normale,Deux véhicules - côté,3,2,2,0,1,2,1,0,1,50,2,2,1,0,1,0,31.0,69.0,voiture,deux_roues,1,2,2,1,3
202300008295,2023-03-21 18:05:00,2023,3,21,18,5,36,36123,,46.82118999,1.20929539,Plein jour,En agglomération,Intersection en X,Normale,Deux véhicules - côté,3,2,2,-1,1,1,1,0,1,30,2,2,1,0,1,0,31.0,69.0,voiture,deux_roues,1,2,2,1,3
202300008296,2023-11-24 19:30:00,2023,11,24,19,30,92,92051,"CHARLES DE GAULLE (AVENUE,N°118 A 192 +",48.88241036,2.26756167,Nuit avec éclairage allumé,En agglomération,Intersection en T,Normale,Trois véhicules et plus - en chaîne,2,1,4,0,1,1,1,8,1,50,3,7,5,0,0,2,52.0,62.0,voiture,voiture,5,2,3,1,4
202300008296,2023-11-24 19:30:00,2023,11,24,19,30,92,92051,"CHARLES DE GAULLE (AVENUE,N°118 A 192 +",48.88241036,2.26756167,Nuit avec éclairage allumé,En agglomération,Intersection en T,Normale,Trois véhicules et plus - en chaîne,2,-1,1,0,1,1,1,0,8,50,3,7,5,0,0,2,52.0,62.0,voiture,voiture,5,2,3,1,4
202300008297,2023-12-26 08:00:00,2023,12,26,8,0,42,42323,Rue du 19 Mars 1962,45.561506,4.286406,Plein jour,En agglomération,Intersection en T,Normale,Autre collision,3,2,2,-1,1,1,1,0,1,-1,1,2,1,0,1,0,54.0,,voiture,,1,2,3,1,6
202300008297,2023-12-26 08:00:00,2023,12,26,8,0,42,42323,Rue du 19 Mars 1962,45.561506,4.286406,Plein jour,En agglomération,Intersection en T,Normale,Autre collision,3,2,2,0,1,1,1,0,1,50,1,2,1,0,1,0,54.0,,voiture,,1,2,3,1,6
202300008298,2023-07-10 14:00:00,2023,7,10,14,0,64,64373,LOUIS BARTHOU,43.2768,-0.35693,Plein jour,En agglomération,Intersection en T,Normale,Deux véhicules - côté,4,2,3,1,1,1,1,0,1,50,2,2,1,0,0,1,77.0,10.0,voiture,deux_roues,1,2,3,1,3
202300008298,2023-07-10 14:00:00,2023,7,10,14,0,64,64373,LOUIS BARTHOU,43.2768,-0.35693,Plein jour,En agglomération,Intersection en T,Normale,Deux véhicules - côté,4,2,3,1,1,1,1,0,1,50,2,2,1,0,0,1,77.0,10.0,voiture,deux_roues,1,2,3,1,3
202300008299,2023-06-05 12:17:00,2023,6,5,12,17,75,75111,AVENUE LEDRU ROLLIN,48.853269,2.377276,Plein jour,En agglomération,Intersection en X,Normale,Deux véhicules - frontale,4,2,2,0,1,1,1,5,1,30,2,2,1,0,1,0,31.0,56.0,voiture,deux_roues,1,2,2,1,1
202300008299,2023-06-05 12:17:00,2023,6,5,12,17,75,75111,AVENUE LEDRU ROLLIN,48.853269,2.377276,Plein jour,En agglomération,Intersection en X,Normale,Deux véhicules - frontale,4,-1,3,0,1,1,1,0,1,30,2,2,1,0,1,0,31.0,56.0,voiture,deux_roues,1,2,2,1,1
202300008300,2023-03-22 17:40:00,2023,3,22,17,40,40,40194,Route de Tartas,43.716694,-0.842503,Plein jour,Hors agglomération,Intersection en T,Normale,Deux véhicules - côté,3,2,2,0,2,3,1,0,1,80,2,2,1,0,1,0,15.0,74.0,deux_roues,voiture,1,1,3,1,3
202300008300,2023-03-22 17:40:00,2023,3,22,17,40,40,40194,Route de Tartas,43.716694,-0.842503,Plein jour,Hors agglomération,Intersection en T,Normale,Deux véhicules - côté,3,-1, -1,-1,1,1,1,9,1,-1,2,2,1,0,1,0,15.0,74.0,deux_roues,voiture,1,1,3,1,3
202300008301,2023-11-24 07:40:00,2023,11,24,7,40,92,92035,Général de Gaulle  ( avenue du ),48.90676468,2.25565624,Crépuscule ou aube,En agglomération,Hors intersection,Normale,Deux véhicules - arrière,3,2,2,0,1,1,1,0,8,50,2,2,1,0,0,1,37.0,44.0,voiture,voiture,2,2,1,1,2
202300008302,2023-11-03 23:55:00,2023,11,3,23,55,58,58024,D958,47.137717,3.606815,Nuit sans éclairage public,Hors agglomération,Hors intersection,Pluie légère,Autre collision,3,2,2,0,1,2,2,0,1,90,2,3,2,0,1,0,18.0,18.0,voiture,voiture,3,1,1,2,6
202300008303,2023-07-10 20:16:00,2023,7,10,20,16,63,63113,Palissy/Blériot,45.78808,3.13919,Plein jour,En agglomération,Giratoire,Normale,Deux véhicules - côté,7,1,1,-1,1,1,1,5,1,-1,2,2,1,0,0,1,25.0,17.0,voiture,deux_roues,1,2,6,1,3
202300008303,2023-07-10 20:16:00,2023,7,10,20,16,63,63113,Palissy/Blériot,45.78808,3.13919,Plein jour,En agglomération,Giratoire,Normale,Deux véhicules - côté,7,4,4,0,1,2,1,0,1,50,2,2,1,0,0,1,25.0,17.0,voiture,deux_roues,1,2,6,1,3
202300008304,2023-03-23 07:55:00,2023,3,23,7,55,17,17223,D739,45.869588,-0.204626,Plein jour,Hors agglomération,Hors intersection,Pluie légère,Sans collision,3,2,2,0,1,1,2,0,3,80,1,2,0,1,0,1,24.0,,voiture,,1,1,1,2,7
202300008305,2023-06-05 12:15:00,2023,6,5,12,15,75,75111,AVENUE PARMENTIER,48.868641,2.372086,Plein jour,En agglomération,Intersection en T,Normale,Deux véhicules - côté,4,2,4,1,1,1,1,0,1,30,2,2,1,0,0,1,28.0,22.0,deux_roues,deux_roues,1,2,3,1,3
202300008305,2023-06-05 12:15:00,2023,6,5,12,15,75,75111,AVENUE PARMENTIER,48.868641,2.372086,Plein jour,En agglomération,Intersection en T,Normale,Deux véhicules - côté,4,1,1,1,1,1,1,0,1,30,2,2,1,0,0,1,28.0,22.0,deux_roues,deux_roues,1,2,3,1,3
202300008306,2023-12-21 07:10:00,2023,12,21,7,10,54,54458,RD7,48.612172,6.828561,Crépuscule ou aube,Hors agglomération,Hors intersection,Pluie forte,Deux véhicules - arrière,3,2,2,0,1,1,2,0,1,80,2,2,1,0,1,0,27.0,31.0,deux_roues,voiture,2,1,1,3,2
202300008307,2023-11-24 16:15:00,2023,11,24,16,15,92,92024,VICTOR HUGO (BD),48.89992074,2.31444485,Plein jour,En agglomération,Intersection en T,Normale,Deux véhicules - côté,3,2,3,0,1,1,1,0,1,30,2,2,1,0,0,1,58.0,44.0,deux_roues,voiture,1,2,3,1,3
202300008307,2023-11-24 16:15:00,2023,11,24,16,15,92,92024,VICTOR HUGO (BD),48.89992074,2.31444485,Plein jour,En agglomération,Intersection en T,Normale,Deux véhicules - côté,3,2,3,0,1,1,1,0,1,50,2,2,1,0,0,1,58.0,44.0,deux_roues,voiture,1,2,3,1,3
202300008308,2023-07-10 07:40:00,2023,7,10,7,40,63,63075,VILLARS (AVENUE DE),45.77543,3.05692,Plein jour,En agglomération,Hors intersection,Normale,Deux véhicules - côté,4,2,2,0,2,1,1,0,1,50,2,2,1,0,0,1,26.0,38.0,voiture,deux_roues,1,2,1,1,3
202300008309,2023-12-28 19:05:00,2023,12,28,19,5,30,30011,6580 (RD),43.95596907,4.75553298,Nuit avec éclairage allumé,Hors agglomération,Hors intersection,Normale,Sans collision,3,2,2,0,4,3,1,0,3,50,1,1,0,0,0,1,35.0,,deux_roues,,5,1,1,1,7
202300008310,2023-03-19 18:00:00,2023,3,19,18,0,37,37083,D82,47.2554732,0.84147334,Crépuscule ou aube,En agglomération,Giratoire,Normale,Deux véhicules - côté,3,4,1,0,1,1,1,5,1,50,2,2,1,0,0,1,16.0,75.0,deux_roues,voiture,2,2,6,1,3
202300008310,2023-03-19 18:00:00,2023,3,19,18,0,37,37083,D82,47.2554732,0.84147334,Crépuscule ou aube,En agglomération,Giratoire,Normale,Deux véhicules - côté,3,2,2,0,1,1,1,5,1,50,2,2,1,0,0,1,16.0,75.0,deux_roues,voiture,2,2,6,1,3
202300008311,2023-07-10 14:15:00,2023,7,10,14,15,59,59220,FLANDRE RUE DE,50.588712,3.077832,Plein jour,En agglomération,Hors intersection,Normale,Autre collision,4,2,2,0,1,1,1,0,1,50,1,2,1,0,0,1,,,voiture,,1,2,1,1,6
202300008312,2023-06-05 18:20:00,2023,6,5,18,20,75,75108,PLACE DE LA CONCORDE,48.865906,2.319907,Plein jour,En agglomération,Intersection à plus de 4 branches,Normale,Deux véhicules - côté,4,1,3,1,1,1,1,0,1,30,2,2,1,0,0,1,57.0,28.0,voiture,deux_roues,1,2,5,1,3
202300008312,2023-06-05 18:20:00,2023,6,5,18,20,75,75108,PLACE DE LA CONCORDE,48.865906,2.319907,Plein jour,En agglomération,Intersection à plus de 4 branches,Normale,Deux véhicules - côté,4,1,4,3,1,2,1,9,1,30,2,2,1,0,0,1,57.0,28.0,voiture,deux_roues,1,2,5,1,3
202300008313,2023-11-24 21:32:00,2023,11,24,21,32,92,92012,JEAN JAURES (BOULEVARD) 217/FIN - 210/FI,48.83087106,2.24509925,Nuit avec éclairage allumé,En agglomération,Hors intersection,Normale,Deux véhicules - côté,3,2,2,0,1,1,1,0,1,50,2,2,1,0,0,1,21.0,29.0,voiture,deux_roues,5,2,1,1,3
202300008314,2023-12-22 18:55:00,2023,12,22,18,55,30,30189,ALLENDE SALVADOR (RUE),43.8198,4.3555,Nuit avec éclairage allumé,En agglomération,Hors intersection,Normale,Deux véhicules - côté,4,1,2,0,1,1,1,0,1,50,2,2,0,0,0,2,62.0,45.0,deux_roues,deux_roues,5,2,1,1,3
202300008315,2023-07-10 06:50:00,2023,7,10,6,50,59,59295,RD642,50.73863023,2.5334851,Crépuscule ou aube,Hors agglomération,Hors intersection,Normale,Deux véhicules - frontale,3,2,2,0,1,1,1,0,1,80,2,2,1,0,1,0,37.0,33.0,utilitaire_camion,voiture,2,1,1,1,1
202300008316,2023-03-23 17:00:00,2023,3,23,17,0,72,72386,"A11, PK 162+100, sens Paris-province",48.050478,0.299351,Plein jour,Hors agglomération,Hors intersection,Pluie légère,Deux véhicules - arrière,1,3,3,3,1,1,2,8,6,110,2,3,1,0,1,1,24.0,26.0,voiture,utilitaire_camion,1,1,1,2,2
202300008317,2023-11-24 08:05:00,2023,11,24,8,5,92,92012,ESCUDIER (RUE) 1/47 - 2/38,48.84333903,2.2363565,Plein jour,En agglomération,Autre intersection,Normale,Autre collision,4,1,1,0,1,1,1,0,1,-1,1,2,1,0,0,1,51.0,,utilitaire_camion,,1,2,9,1,6
202300008318,2023-06-05 17:30:00,2023,6,5,17,30,75,75104,QUAI DE LA CORSE,48.855674,2.348322,Plein jour,En agglomération,Intersection à plus de 4 branches,Normale,Sans collision,4,1,1,0,1,1,1,0,1,30,2,2,1,0,0,1,61.0,49.0,deux_roues,deux_roues,1,2,5,1,7
202300008318,2023-06-05 17:30:00,2023,6,5,17,30,75,75104,QUAI DE LA CORSE,48.855674,2.348322,Plein jour,En agglomération,Intersection à plus de 4 branches,Normale,Sans collision,4,1,3,1,1,1,1,0,1,30,2,2,1,0,0,1,61.0,49.0,deux_roues,deux_roues,1,2,5,1,7
202300008319,2023-07-10 10:20:00,2023,7,10,10,20,58,58194,MARECHAL LECLERC,47.00085,3.15658,Plein jour,En agglomération,Hors intersection,Normale,Deux véhicules - arrière,4,2,2,0,1,1,1,0,1,50,2,3,2,0,0,1,58.0,62.0,voiture,voiture,1,2,1,1,2
202300008320,2023-11-24 11:20:00,2023,11,24,11,20,57,57592,D43b,48.829346,7.018751,Plein jour,Hors agglomération,Intersection en T,Normale,Autre collision,3,2,2,0,2,1,1,0,3,80,1,1,0,0,0,1,21.0,,voiture,,1,1,3,1,6
202300008320,2023-11-24 11:20:00,2023,11,24,11,20,57,57592,D43b,48.829346,7.018751,Plein jour,Hors agglomération,Intersection en T,Normale,Autre collision,3,2,2,0,1,1,1,0,8,80,1,1,0,0,0,1,21.0,,voiture,,1,1,3,1,6
202300008321,2023-06-05 09:55:00,2023,6,5,9,55,75,75104,RUE DE RIVOLI,48.855545,2.359691,Plein jour,En agglomération,Intersection à plus de 4 branches,Normale,Sans collision,4,1,1,0,1,1,1,0,5,30,1,1,0,0,0,1,81.0,,deux_roues,,1,2,5,1,7
202300008321,2023-06-05 09:55:00,2023,6,5,9,55,75,75104,RUE DE RIVOLI,48.855545,2.359691,Plein jour,En agglomération,Intersection à plus de 4 branches,Normale,Sans collision,4,4,4,1,1,1,1,0,5,30,1,1,0,0,0,1,81.0,,deux_roues,,1,2,5,1,7
202300008322,2023-12-29 09:18:00,2023,12,29,9,18,05,05061,FOREST ( RUE DU ),44.56993,6.09099,Plein jour,En agglomération,Intersection en T,Normale,Autre collision,4,2,2,0,2,1,1,0,1,50,1,2,1,0,0,1,31.0,,voiture,,1,2,3,1,6
202300008322,2023-12-29 09:18:00,2023,12,29,9,18,05,05061,FOREST ( RUE DU ),44.56993,6.09099,Plein jour,En agglomération,Intersection en T,Normale,Autre collision,4,2,2,0,1,1,1,0,1,50,1,2,1,0,0,1,31.0,,voiture,,1,2,3,1,6
202300008323,2023-07-10 09:00:00,2023,7,10,9,0,56,56121,RUE LOUIS GUIGUEN,47.75573,-3.35479,Plein jour,En agglomération,Intersection en X,Normale,Deux véhicules - côté,4,4,2,1,1,4,1,0,5,30,2,2,1,0,0,1,32.0,30.0,voiture,deux_roues,1,2,2,1,3
202300008323,2023-07-10 09:00:00,2023,7,10,9,0,56,56121,RUE LOUIS GUIGUEN,47.75573,-3.35479,Plein jour,En agglomération,Intersection en X,Normale,Deux véhicules - côté,4,2,2,3,1,1,1,5,1,30,2,2,1,0,0,1,32.0,30.0,voiture,deux_roues,1,2,2,1,3
202300008324,2023-03-23 08:30:00,2023,3,23,8,30,13,13044,ROUTE DÉPARTEMENTALE 69,43.6204,5.040616,Plein jour,Hors agglomération,Autre intersection,Normale,Deux véhicules - côté,3,2,2,0,1,1,1,0,1,80,2,2,1,0,1,0,38.0,58.0,utilitaire_camion,utilitaire_camion,1,1,9,1,3
202300008325,2023-11-25 10:35:00,2023,11,25,10,35,28,28398,Autoroute A11 PK 101+400,48.236729,1.05237,Plein jour,Hors agglomération,Hors intersection,Normale,Sans collision,1,3,3,0,1,1,1,0,3,130,1,2,0,0,1,1,75.0,,voiture,,1,1,1,1,7
202300008326,2023-12-07 12:54:00,2023,12,7,12,54,63,63419,Lieu Dit la Prade,46.13975,2.942324,Plein jour,Hors agglomération,Hors intersection,Normale,Deux véhicules - frontale,4,2,2,0,2,1,1,0,1,80,2,2,1,0,0,1,58.0,41.0,voiture,voiture,1,1,1,1,1
202300008327,2023-06-05 07:50:00,2023,6,5,7,50,75,75101,RUE DE RIVOLI,48.86011,2.34361,Plein jour,En agglomération,Intersection en X,Normale,Deux véhicules - côté,4,2,1,2,1,1,1,0,5,30,2,2,1,0,0,1,27.0,27.0,deux_roues,deux_roues,1,2,2,1,3
202300008327,2023-06-05 07:50:00,2023,6,5,7,50,75,75101,RUE DE RIVOLI,48.86011,2.34361,Plein jour,En agglomération,Intersection en X,Normale,Deux véhicules - côté,4,2,3,1,1,1,1,0,5,30,2,2,1,0,0,1,27.0,27.0,deux_roues,deux_roues,1,2,2,1,3
202300008328,2023-07-08 17:27:00,2023,7,8,17,27,56,56121,LANVEUR ( ET PL. DE ),47.744045,-3.39182,Plein jour,En agglomération,Intersection en T,Normale,Deux véhicules - frontale,4,2,2,0,1,1,1,0,1,30,2,2,1,0,0,1,20.0,56.0,deux_roues,voiture,1,2,3,1,1
202300008328,2023-07-08 17:27:00,2023,7,8,17,27,56,56121,LANVEUR ( ET PL. DE ),47.744045,-3.39182,Plein jour,En agglomération,Intersection en T,Normale,Deux véhicules - frontale,4,2,2,0,1,3,1,0,1,30,2,2,1,0,0,1,20.0,56.0,deux_roues,voiture,1,2,3,1,1
202300008329,2023-07-08 15:25:00,2023,7,8,15,25,52,52121,RD 674,48.12806,5.19138,Plein jour,Hors agglomération,Hors intersection,Normale,Sans collision,3,2,2,0,1,1,1,0,3,90,1,1,0,0,0,1,53.0,,voiture,,1,1,1,1,7