accident_id,datetime,annee,mois,jour,heure,minute,departement,commune_insee,adresse,latitude,longitude,luminosite,agglomeration,intersection,meteo,collision,catr,circ,nbv,vosp,prof,plan,surf,infra,situ,vma,nb_vehicules,nb_usagers,nb_indemnes,nb_tues,nb_blesses_hosp,nb_blesses_legers,age_cond_1,age_cond_2,veh_type_cond_1,veh_type_cond_2,lum_code,agg_code,int_code,atm_code,col_code
202300008330,2023-07-10 23:15:00,2023,7,10,23,15,51,51058,JACOB (RUE FRANÇOIS),49.220073,4.00545,Nuit avec éclairage allumé,En agglomération,Hors intersection,Normale,Autre collision,4,2,2,1,1,1,1,0,1,50,1,1,0,0,1,0,24.0,,deux_roues,,5,2,1,1,6
202300008331,2023-09-15 10:20:00,2023,9,15,10,20,62,62108,Rue de la Division Leclerc,50.40526,1.56351,Plein jour,En agglomération,Intersection en T,Normale,Autre collision,4,1,1,0,1,1,1,6,4,20,1,2,1,0,1,0,43.0,,voiture,,1,2,3,1,6
202300008331,2023-09-15 10:20:00,2023,9,15,10,20,62,62108,Rue de la Division Leclerc,50.40526,1.56351,Plein jour,En agglomération,Intersection en T,Normale,Autre collision,4,1,1,0,2,1,1,6,4,30,1,2,1,0,1,0,43.0,,voiture,,1,2,3,1,6
202300008332,2023-11-25 16:30:00,2023,11,25,16,30,974,97412,Rond point goyave,-21.372833,55.620732,Plein jour,En agglomération,Giratoire,Normale,Autre collision,2,2,1,0,1,3,1,0,1,50,1,2,1,0,0,1,64.0,,voiture,,1,2,6,1,6
202300008333,2023-03-20 20:10:00,2023,3,20,20,10,79,79003,,46.262909,-0.415764,Nuit sans éclairage public,Hors agglomération,Hors intersection,Normale,Deux véhicules - arrière,1,3,4,0,1,1,1,0,1,130,2,2,1,0,1,0,41.0,51.0,voiture,utilitaire_camion,3,1,1,1,2
202300008334,2023-07-10 14:30:00,2023,7,10,14,30,51,51454,DE GAULLE (AVENUE DU GENERAL),49.245529,4.017895,Plein jour,En agglomération,Intersection en X,Normale,Deux véhicules - frontale,4,2,3,0,2,1,1,5,1,50,2,2,1,0,1,0,32.0,19.0,deux_roues,voiture,1,2,2,1,1
202300008334,2023-07-10 14:30:00,2023,7,10,14,30,51,51454,DE GAULLE (AVENUE DU GENERAL),49.245529,4.017895,Plein jour,En agglomération,Intersection en X,Normale,Deux véhicules - frontale,4,2, -1,-1,1,1,1,0,1,-1,2,2,1,0,1,0,32.0,19.0,deux_roues,voiture,1,2,2,1,1
202300008335,2023-12-23 05:20:00,2023,12,23,5,20,39,39431,,46.585068,5.629,Nuit sans éclairage public,Hors agglomération,Hors intersection,Pluie légère,Sans collision,3,2,2,0,1,2,2,0,3,80,1,4,0,0,1,3,41.0,,voiture,,3,1,1,2,7
202300008336,2023-06-05 01:10:00,2023,6,5,1,10,94,94003,Avenue Paul Vaillant-couturier,48.79915816,2.34484291,Nuit avec éclairage allumé,En agglomération,Hors intersection,Normale,Autre collision,3,2,3,0,2,1,1,0,4,50,1,3,0,0,0,3,22.0,,voiture,,5,2,1,1,6
202300008337,2023-03-23 02:35:00,2023,3,23,2,35,06,06149,A8 PK 202.600 - Chaussée Nord,43.734081,7.316498,Nuit sans éclairage public,Hors agglomération,Hors intersection,Normale,Autre collision,1,3,4,0,2,3,1,0,1,110,1,1,0,0,0,1,61.0,,deux_roues,,3,1,1,1,6
202300008338,2023-07-09 21:38:00,2023,7,9,21,38,49,49007,SAINT JACQUES,47.47383,-0.57551,Plein jour,En agglomération,Intersection en X,Normale,Deux véhicules - côté,4,-1,2,0,2,1,1,0,1,30,2,2,1,0,0,1,46.0,21.0,voiture,deux_roues,1,2,2,1,3
202300008338,2023-07-09 21:38:00,2023,7,9,21,38,49,49007,SAINT JACQUES,47.47383,-0.57551,Plein jour,En agglomération,Intersection en X,Normale,Deux véhicules - côté,4,2,2,0,1,1,1,0,1,30,2,2,1,0,0,1,46.0,21.0,voiture,deux_roues,1,2,2,1,3
202300008339,2023-11-25 07:45:00,2023,11,25,7,45,01,01153,D984c,46.306267,6.047359,Crépuscule ou aube,Hors agglomération,Hors intersection,Normale,Deux véhicules - frontale,3,2,2,0,4,1,2,0,1,80,2,4,1,0,3,0,21.0,26.0,voiture,voiture,2,1,1,1,1
202300008340,2023-07-09 20:22:00,2023,7,9,20,22,49,49015,MENDES FRANCE AVENUE PIERRE,47.500048,-0.583577,Plein jour,En agglomération,Hors intersection,Normale,Autre collision,4,2,4,3,1,1,1,0,1,30,1,1,0,0,0,1,42.0,,voiture,,1,2,1,1,6
202300008341,2023-06-04 17:30:00,2023,6,4,17,30,94,94038,Avenue du Général Leclerc,48.77362,2.33455,Plein jour,En agglomération,Hors intersection,Normale,Autre collision,3,2,2,0,2,3,1,0,1,50,1,1,0,0,0,1,26.0,,deux_roues,,1,2,1,1,6
202300008342,2023-12-30 10:20:00,2023,12,30,10,20,87,87206,route nationale 145,46.183878,1.210363,Plein jour,Hors agglomération,Hors intersection,Normale,Sans collision,2,2,2,0,1,1,2,0,8,80,1,4,3,0,1,0,19.0,,voiture,,1,1,1,1,7
202300008343,2023-07-10 00:35:00,2023,7,10,0,35,44,44184,Route de la Côte d'Amour,47.25725,-2.26969,Nuit sans éclairage public,En agglomération,Hors intersection,Normale,Sans collision,4,3,2,0,1,3,1,0,1,50,1,2,0,0,1,1,23.0,,deux_roues,,3,2,1,1,7
202300008344,2023-03-15 06:30:00,2023,3,15,6,30,45,45316,D948 PR 14 + 725,47.937748,2.387665,Crépuscule ou aube,Hors agglomération,Hors intersection,Temps couvert,Deux véhicules - frontale,3,2,2,0,1,1,1,0,1,90,2,3,1,0,2,0,34.0,43.0,voiture,utilitaire_camion,2,1,1,8,1
202300008345,2023-11-23 18:45:00,2023,11,23,18,45,2B,2B009,T50,42.120298,9.485997,Nuit sans éclairage public,Hors agglomération,Hors intersection,Normale,Deux véhicules - côté,2,2,2,0,1,3,1,0,1,80,2,2,1,0,0,1,64.0,50.0,voiture,voiture,3,1,1,1,3
202300008346,2023-03-23 13:30:00,2023,3,23,13,30,06,06070,RD 2,43.807353,6.891253,Plein jour,Hors agglomération,Hors intersection,Normale,Sans collision,3,2,2,0,1,2,1,0,3,80,1,1,0,1,0,0,29.0,,deux_roues,,1,1,1,1,7
202300008347,2023-12-16 11:30:00,2023,12,16,11,30,01,01249,Rue Joseph Carre,45.825039,4.954067,Plein jour,En agglomération,Intersection en T,Normale,Deux véhicules - côté,3,2,2,0,1,1,1,0,1,50,2,2,1,0,0,1,71.0,65.0,deux_roues,voiture,1,2,3,1,3
202300008347,2023-12-16 11:30:00,2023,12,16,11,30,01,01249,Rue Joseph Carre,45.825039,4.954067,Plein jour,En agglomération,Intersection en T,Normale,Deux véhicules - côté,3,1, -1,-1,1,1,1,0,1,-1,2,2,1,0,0,1,71.0,65.0,deux_roues,voiture,1,2,3,1,3
202300008348,2023-06-04 12:10:00,2023,6,4,12,10,94,94033,Boulevard de Verdun,48.85272207,2.47140911,Plein jour,En agglomération,Autre intersection,Normale,Deux véhicules - frontale,3,2,1,0,1,1,1,0,1,50,2,3,1,0,2,0,58.0,26.0,voiture,deux_roues,1,2,9,1,1
202300008348,2023-06-04 12:10:00,2023,6,4,12,10,94,94033,Boulevard de Verdun,48.85272207,2.47140911,Plein jour,En agglomération,Autre intersection,Normale,Deux véhicules - frontale,3,2,1,-1,1,1,1,0,1,-1,2,3,1,0,2,0,58.0,26.0,voiture,deux_roues,1,2,9,1,1
202300008349,2023-07-10 13:55:00,2023,7,10,13,55,37,37214,MENARDIERE (RUE DE LA),47.41891,0.66879,Plein jour,En agglomération,Intersection en X,Normale,Deux véhicules - côté,4,2,2,0,1,1,1,0,1,50,2,2,1,0,0,1,59.0,59.0,voiture,deux_roues,1,2,2,1,3
202300008349,2023-07-10 13:55:00,2023,7,10,13,55,37,37214,MENARDIERE (RUE DE LA),47.41891,0.66879,Plein jour,En agglomération,Intersection en X,Normale,Deux véhicules - côté,4,2,2,0,1,1,1,0,1,50,2,2,1,0,0,1,59.0,59.0,voiture,deux_roues,1,2,2,1,3
202300008350,2023-11-24 13:15:00,2023,11,24,13,15,19,19186,Le Don,45.16348654,1.90990019,Plein jour,Hors agglomération,Hors intersection,Normale,Autre collision,4,2,2,0,2,2,9,0,3,80,1,2,0,0,2,0,78.0,,voiture,,1,1,1,1,6
202300008351,2023-07-10 09:00:00,2023,7,10,9,0,37,37261,ENTRAIGUES (RUE D'),47.38665,0.68008,Plein jour,En agglomération,Intersection en X,Normale,Deux véhicules - côté,4,2,1,1,1,1,1,0,1,30,2,2,1,0,0,1,25.0,23.0,deux_roues,voiture,1,2,2,1,3
202300008351,2023-07-10 09:00:00,2023,7,10,9,0,37,37261,ENTRAIGUES (RUE D'),47.38665,0.68008,Plein jour,En agglomération,Intersection en X,Normale,Deux véhicules - côté,4,1,1,0,1,1,1,0,1,30,2,2,1,0,0,1,25.0,23.0,deux_roues,voiture,1,2,2,1,3
202300008352,2023-10-27 20:00:00,2023,10,27,20,0,74,74118,EUROPE (AVENUE DE L'),46.17,6.24,Nuit avec éclairage allumé,En agglomération,Hors intersection,Pluie légère,Autre collision,4,-1,2,0,1,1,2,0,1,50,1,3,2,0,0,1,22.0,,voiture,,5,2,1,2,6
202300008353,2023-03-22 11:28:00,2023,3,22,11,28,06,06075,2722 Avenue Felix Faure,43.82703,7.25945,Plein jour,Hors agglomération,Hors intersection,Normale,Deux véhicules - côté,7,2,2,0,1,2,1,0,1,50,2,2,1,0,1,0,30.0,67.0,deux_roues,voiture,1,1,1,1,3
202300008354,2023-06-04 20:50:00,2023,6,4,20,50,94,94028,rue Dominique Duvauchelle,48.76882667,2.46000939,Crépuscule ou aube,En agglomération,Hors intersection,Normale,Deux véhicules - frontale,4,2,2,0,2,4,1,0,1,50,2,2,1,0,1,0,28.0,28.0,deux_roues,voiture,2,2,1,1,1
202300008355,2023-07-08 05:00:00,2023,7,8,5,0,35,35288,PONT ROBERT (LIEU DIT LE),48.65083,-1.96316,Crépuscule ou aube,Hors agglomération,Hors intersection,Normale,Sans collision,4,2,2,0,1,3,1,0,1,80,1,1,0,1,0,0,26.0,,voiture,,2,1,1,1,7
202300008356,2023-11-22 16:45:00,2023,11,22,16,45,56,56053,Kerzio,47.742606,-2.572437,Crépuscule ou aube,Hors agglomération,Hors intersection,Normale,Deux véhicules - arrière,3,2,2,0,4,1,1,0,1,80,2,2,1,0,1,0,25.0,82.0,utilitaire_camion,deux_roues,2,1,1,1,2
202300008357,2023-11-25 15:30:00,2023,11,25,15,30,76,76304,Route de Goderville,49.652066,0.432632,Plein jour,En agglomération,Hors intersection,Normale,Sans collision,3,2,2,0,1,1,1,0,1,30,1,1,0,0,0,1,65.0,,deux_roues,,1,2,1,1,7
202300008358,2023-06-04 07:20:00,2023,6,4,7,20,94,94054,Avenue Guy Môquet,48.742107,2.393732,Plein jour,En agglomération,Hors intersection,Normale,Autre collision,4,2,1,0,1,1,1,0,1,50,1,1,0,0,0,1,33.0,,voiture,,1,2,1,1,6
202300008359,2023-07-10 15:55:00,2023,7,10,15,55,35,35055,LOGES (RUE DES),48.08762,-1.62558,Plein jour,En agglomération,Intersection en T,Normale,Deux véhicules - côté,4,2,3,0,1,1,1,0,1,50,2,3,2,0,0,1,27.0,36.0,voiture,voiture,1,2,3,1,3
202300008359,2023-07-10 15:55:00,2023,7,10,15,55,35,35055,LOGES (RUE DES),48.08762,-1.62558,Plein jour,En agglomération,Intersection en T,Normale,Deux véhicules - côté,4,2,2,0,1,1,1,0,1,50,2,3,2,0,0,1,27.0,36.0,voiture,voiture,1,2,3,1,3
202300008360,2023-10-29 20:20:00,2023,10,29,20,20,74,74070,D1005,46.285853,6.264267,Nuit sans éclairage public,Hors agglomération,Hors intersection,Temps couvert,Trois véhicules et plus - collisions multiples,3,2,2,0,1,1,1,0,1,80,3,4,2,0,1,1,22.0,53.0,voiture,deux_roues,3,1,1,8,5
202300008361,2023-03-22 18:50:00,2023,3,22,18,50,67,67268,M83,48.490366,7.675517,Nuit avec éclairage allumé,En agglomération,Intersection en X,Normale,Deux véhicules - côté,7,2,2,0,1,1,1,5,5,-1,2,2,1,0,0,1,54.0,86.0,voiture,voiture,5,2,2,1,3
202300008361,2023-03-22 18:50:00,2023,3,22,18,50,67,67268,M83,48.490366,7.675517,Nuit avec éclairage allumé,En agglomération,Intersection en X,Normale,Deux véhicules - côté,7,3,4,0,1,1,1,5,1,50,2,2,1,0,0,1,54.0,86.0,voiture,voiture,5,2,2,1,3
202300008362,2023-11-24 23:40:00,2023,11,24,23,40,2A,2A085,T40,41.913128,8.883235,Nuit sans éclairage public,Hors agglomération,Hors intersection,Normale,Autre collision,2,2,3,0,2,3,1,0,3,80,1,1,0,0,1,0,18.0,,voiture,,3,1,1,1,6
202300008363,2023-07-09 22:04:00,2023,7,9,22,4,35,35238,TROIS CROIX (BD DES),48.12787,-1.68337,Plein jour,En agglomération,Intersection en X,Normale,Deux véhicules - frontale,4,3,5,2,4,1,1,5,1,50,2,3,2,0,1,0,56.0,25.0,voiture,deux_roues,1,2,2,1,1
202300008363,2023-07-09 22:04:00,2023,7,9,22,4,35,35238,TROIS CROIX (BD DES),48.12787,-1.68337,Plein jour,En agglomération,Intersection en X,Normale,Deux véhicules - frontale,4,3,5,1,2,1,1,5,1,50,2,3,2,0,1,0,56.0,25.0,voiture,deux_roues,1,2,2,1,1
202300008364,2023-06-05 19:10:00,2023,6,5,19,10,94,94055,Route de Provins,48.7955099,2.55022884,Plein jour,En agglomération,Intersection en T,Normale,Deux véhicules - côté,3,2,4,0,1,1,1,0,1,50,2,2,1,0,0,1,31.0,52.0,deux_roues,voiture,1,2,3,1,3
202300008364,2023-06-05 19:10:00,2023,6,5,19,10,94,94055,Route de Provins,48.7955099,2.55022884,Plein jour,En agglomération,Intersection en T,Normale,Deux véhicules - côté,3,2,2,0,1,1,1,0,1,50,2,2,1,0,0,1,31.0,52.0,deux_roues,voiture,1,2,3,1,3
202300008365,2023-03-22 15:50:00,2023,3,22,15,50,38,38059,Route des Angonnes,45.139296,5.7772,Plein jour,En agglomération,Place,Normale,Autre collision,4,-1,2,0,2,1,1,9,8,50,1,2,1,0,0,1,45.0,,utilitaire_camion,,1,2,7,1,6
202300008366,2023-10-24 10:40:00,2023,10,24,10,40,74,74012,CHARCOT (RUE J.B.),46.1864,6.2476,Plein jour,En agglomération,Hors intersection,Pluie forte,Deux véhicules - arrière,4,3,1,1,1,1,2,0,1,50,2,3,2,0,0,1,39.0,36.0,voiture,voiture,1,2,1,3,2
202300008367,2023-07-08 18:00:00,2023,7,8,18,0,34,34032,ROUTE DE BEDARIEUX (RD.909),43.35547,3.22194,Plein jour,En agglomération,Intersection en X,Normale,Deux véhicules - côté,4,-1,2,0,1,1,1,0,1,50,2,2,1,0,1,0,61.0,35.0,deux_roues,voiture,1,2,2,1,3
202300008367,2023-07-08 18:00:00,2023,7,8,18,0,34,34032,ROUTE DE BEDARIEUX (RD.909),43.35547,3.22194,Plein jour,En agglomération,Intersection en X,Normale,Deux véhicules - côté,4,2,2,0,1,1,1,0,1,50,2,2,1,0,1,0,61.0,35.0,deux_roues,voiture,1,2,2,1,3
202300008367,2023-07-08 18:00:00,2023,7,8,18,0,34,34032,ROUTE DE BEDARIEUX (RD.909),43.35547,3.22194,Plein jour,En agglomération,Intersection en X,Normale,Deux véhicules - côté,4,2,2,0,1,1,1,0,1,50,2,2,1,0,1,0,61.0,35.0,deux_roues,voiture,1,2,2,1,3
202300008368,2023-11-25 07:40:00,2023,11,25,7,40,89,89255,D976,48.305053,3.216258,Crépuscule ou aube,Hors agglomération,Hors intersection,Normale,Autre collision,3,2,2,0,1,1,1,0,3,90,1,2,0,0,2,0,31.0,,voiture,,2,1,1,1,6
202300008369,2023-10-10 10:20:00,2023,10,10,10,20,74,74010,CREUSES (ROUTE DES)     (SECTEUR 630),45.8924,6.0913,Plein jour,En agglomération,Hors intersection,Normale,Autre collision,6,-1,0,0,1,1,1,9,8,30,1,3,2,0,1,0,52.0,,voiture,,1,2,1,1,6
202300008370,2023-07-07 21:57:00,2023,7,7,21,57,34,34032,48 Avenue Camille Saint Saens,43.34251,3.22139,Nuit avec éclairage allumé,En agglomération,Intersection en X,Normale,Deux véhicules - côté,4,2,2,0,1,1,1,0,1,50,2,2,1,0,0,1,53.0,32.0,voiture,deux_roues,5,2,2,1,3
202300008370,2023-07-07 21:57:00,2023,7,7,21,57,34,34032,48 Avenue Camille Saint Saens,43.34251,3.22139,Nuit avec éclairage allumé,En agglomération,Intersection en X,Normale,Deux véhicules - côté,4,2, -1,-1,1,1,1,0,1,-1,2,2,1,0,0,1,53.0,32.0,voiture,deux_roues,5,2,2,1,3
202300008371,2023-03-22 19:40:00,2023,3,22,19,40,38,38158,rue du vercors,45.161736,5.74439,Nuit avec éclairage allumé,En agglomération,Giratoire,Normale,Deux véhicules - côté,7,1,2,2,1,1,1,0,1,50,2,2,1,0,1,0,31.0,46.0,deux_roues,voiture,5,2,6,1,3
202300008372,2023-06-04 20:45:00,2023,6,4,20,45,94,94053, CUVETTE DE CHAMPLAIN,48.78694,2.56257,Plein jour,En agglomération,Hors intersection,Normale,Deux véhicules - côté,3,1,1,0,2,1,1,0,1,70,2,2,1,0,0,1,20.0,,deux_roues,utilitaire_camion,1,2,1,1,3
202300008373,2023-07-07 12:40:00,2023,7,7,12,40,34,34032,Avenue Pierre Mendès-france,43.34178,3.2438,Plein jour,En agglomération,Hors intersection,Normale,Sans collision,4,2,2,0,2,1,1,0,1,50,1,1,0,0,1,0,71.0,,deux_roues,,1,2,1,1,7
202300008374,2023-10-10 09:30:00,2023,10,10,9,30,74,74010,RHONE (AVENUE DU),45.90019,6.11595,Plein jour,En agglomération,Giratoire,Normale,Autre collision,4,-1,1,0,1,1,1,0,1,30,1,2,1,0,1,0,27.0,,voiture,,1,2,6,1,6
202300008374,2023-10-10 09:30:00,2023,10,10,9,30,74,74010,RHONE (AVENUE DU),45.90019,6.11595,Plein jour,En agglomération,Giratoire,Normale,Autre collision,4,-1,1,0,1,1,1,9,1,30,1,2,1,0,1,0,27.0,,voiture,,1,2,6,1,6
202300008375,2023-11-24 11:15:00,2023,11,24,11,15,89,89189,D23,48.292402,3.253713,Plein jour,Hors agglomération,Hors intersection,Normale,Deux véhicules - frontale,3,2,2,0,1,1,1,0,1,80,2,4,1,3,0,0,34.0,30.0,voiture,utilitaire_camion,1,1,1,1,1
202300008376,2023-07-07 16:30:00,2023,7,7,16,30,33,33318,Avenue de Saige,44.78782,-0.63593,Plein jour,En agglomération,Hors intersection,Normale,Deux véhicules - frontale,4,2,3,2,2,2,1,2,1,50,2,2,0,0,0,2,35.0,47.0,voiture,voiture,1,2,1,1,1
202300008377,2023-03-22 16:50:00,2023,3,22,16,50,01,01213,,45.942802,5.309827,Plein jour,Hors agglomération,Intersection en X,Normale,Autre collision,3,2,2,0,1,1,1,0,1,80,1,1,0,1,0,0,26.0,,deux_roues,,1,1,2,1,6
202300008377,2023-03-22 16:50:00,2023,3,22,16,50,01,01213,,45.942802,5.309827,Plein jour,Hors agglomération,Intersection en X,Normale,Autre collision,3,2,2,0,1,2,1,0,1,80,1,1,0,1,0,0,26.0,,deux_roues,,1,1,2,1,6
202300008378,2023-10-09 00:05:00,2023,10,9,0,5,74,74010,FRANCE (AVENUE)(SECTEUR 310),45.9105,6.13779,Nuit sans éclairage public,En agglomération,Intersection en X,Normale,Deux véhicules - côté,3,2,5,0,1,1,1,0,1,50,2,3,0,0,3,0,42.0,31.0,voiture,voiture,3,2,2,1,3
202300008378,2023-10-09 00:05:00,2023,10,9,0,5,74,74010,FRANCE (AVENUE)(SECTEUR 310),45.9105,6.13779,Nuit sans éclairage public,En agglomération,Intersection en X,Normale,Deux véhicules - côté,3,2,3,0,1,1,1,0,1,50,2,3,0,0,3,0,42.0,31.0,voiture,voiture,3,2,2,1,3
202300008379,2023-06-05 18:30:00,2023,6,5,18,30,93,93071,Avenue John Fitzgerald Kennedy,48.9383,2.51334,Plein jour,En agglomération,Autre intersection,Normale,Deux véhicules - frontale,3,2,2,0,1,1,1,0,1,50,2,2,1,0,0,1,49.0,20.0,voiture,deux_roues,1,2,9,1,1
202300008380,2023-07-10 15:45:00,2023,7,10,15,45,33,33529,CAZAUX (BD DE),44.608533,-1.131796,Plein jour,Hors agglomération,Hors intersection,Normale,Deux véhicules - arrière,3,2,2,0,1,1,1,0,1,80,2,2,1,0,0,1,50.0,31.0,utilitaire_camion,utilitaire_camion,1,1,1,1,2
202300008381,2023-03-22 12:45:00,2023,3,22,12,45,69,69040,29 Avenue de Lanessan,45.79401,4.793708,Plein jour,En agglomération,Hors intersection,Normale,Deux véhicules - côté,7,2,2,0,1,1,1,0,1,50,2,2,1,0,1,0,38.0,39.0,deux_roues,voiture,1,2,1,1,3
202300008382,2023-06-13 08:45:00,2023,6,13,8,45,28,28218,TASSIGNY (RUE DE LATTRE DE),48.4359,1.45349,Plein jour,En agglomération,Hors intersection,Normale,Autre collision,3,2,2,0,1,1,1,0,1,50,1,2,1,0,1,0,45.0,,voiture,,1,2,1,1,6
202300008383,2023-10-20 00:15:00,2023,10,20,0,15,09,09122,PREFECTURE (RUE DE LA),42.96691,1.60596,Nuit avec éclairage allumé,En agglomération,Hors intersection,Pluie forte,Autre collision,4,2,0,0,1,1,2,0,4,50,1,2,1,0,1,0,19.0,,voiture,,5,2,1,3,6
202300008384,2023-11-24 16:25:00,2023,11,24,16,25,68,68062,D419,47.628582,7.221472,Crépuscule ou aube,En agglomération,Intersection en T,Pluie légère,Deux véhicules - côté,3,2,2,0,1,1,2,5,1,80,2,2,1,0,1,0,25.0,79.0,voiture,voiture,2,2,3,2,3
202300008384,2023-11-24 16:25:00,2023,11,24,16,25,68,68062,D419,47.628582,7.221472,Crépuscule ou aube,En agglomération,Intersection en T,Pluie légère,Deux véhicules - côté,3,2, -1,-1,1,1,2,0,1,-1,2,2,1,0,1,0,25.0,79.0,voiture,voiture,2,2,3,2,3
202300008385,2023-07-10 09:00:00,2023,7,10,9,0,27,27229,CONCHES (ROUTE DE),49.01889,1.1183,Plein jour,En agglomération,Intersection en Y,Normale,Deux véhicules - côté,4,2,2,1,1,1,1,0,1,50,2,2,1,0,0,1,59.0,56.0,deux_roues,voiture,1,2,4,1,3
202300008385,2023-07-10 09:00:00,2023,7,10,9,0,27,27229,CONCHES (ROUTE DE),49.01889,1.1183,Plein jour,En agglomération,Intersection en Y,Normale,Deux véhicules - côté,4,2,2,0,1,1,1,0,1,50,2,2,1,0,0,1,59.0,56.0,deux_roues,voiture,1,2,4,1,3
202300008386,2023-06-02 19:30:00,2023,6,2,19,30,93,93070,Rue Charles Schmidt / Rue Mathieu,48.90299,2.334,Plein jour,En agglomération,Intersection en T,Normale,Deux véhicules - frontale,4,2,2,2,1,1,1,6,1,30,2,3,1,0,0,2,54.0,15.0,voiture,deux_roues,1,2,3,1,1
202300008386,2023-06-02 19:30:00,2023,6,2,19,30,93,93070,Rue Charles Schmidt / Rue Mathieu,48.90299,2.334,Plein jour,En agglomération,Intersection en T,Normale,Deux véhicules - frontale,4,1,1,-1,1,1,1,6,1,-1,2,3,1,0,0,2,54.0,15.0,voiture,deux_roues,1,2,3,1,1
202300008387,2023-09-04 18:45:00,2023,9,4,18,45,70,70550,BRIAND (RUE ARISTIDE) ,47.622926,6.160628,Plein jour,En agglomération,Hors intersection,Temps éblouissant,Autre collision,2,2,2,1,1,1,1,0,1,30,1,2,1,0,0,1,39.0,,voiture,,1,2,1,7,6
202300008388,2023-11-25 17:36:00,2023,11,25,17,36,25,25012,D47,46.953573,6.453996,Nuit sans éclairage public,Hors agglomération,Hors intersection,Neige / grêle,Autre collision,3,2,2,0,2,1,5,0,3,80,1,1,0,1,0,0,32.0,,voiture,,3,1,1,4,6
202300008389,2023-03-22 11:15:00,2023,3,22,11,15,22,22174,Intersection D16 D14,48.595828,-2.32865,Plein jour,Hors agglomération,Intersection en X,Normale,Deux véhicules - côté,3,2,2,0,1,1,1,0,1,80,2,3,1,0,1,1,55.0,36.0,voiture,voiture,1,1,2,1,3
202300008389,2023-03-22 11:15:00,2023,3,22,11,15,22,22174,Intersection D16 D14,48.595828,-2.32865,Plein jour,Hors agglomération,Intersection en X,Normale,Deux véhicules - côté,3,2,2,0,1,1,1,0,1,80,2,3,1,0,1,1,55.0,36.0,voiture,voiture,1,1,2,1,3
202300008390,2023-06-05 15:50:00,2023,6,5,15,50,93,93048,Rue de Paris,48.85608425,2.42505742,Plein jour,En agglomération,Hors intersection,Normale,Deux véhicules - côté,3,2,2,0,1,1,1,0,1,30,2,2,1,0,0,1,32.0,46.0,utilitaire_camion,deux_roues,1,2,1,1,3
202300008391,2023-11-23 16:50:00,2023,11,23,16,50,29,29239,D58,48.70231445,-3.98912757,Plein jour,Hors agglomération,Hors intersection,Normale,Deux véhicules - frontale,3,2,2,0,1,1,1,0,1,80,2,2,0,0,0,2,76.0,66.0,voiture,voiture,1,1,1,1,1
202300008392,2023-07-10 18:30:00,2023,7,10,18,30,25,25056,chemin des journaux,47.219574,6.013228,Plein jour,En agglomération,Hors intersection,Normale,Deux véhicules - côté,4,2,2,0,1,1,1,0,1,50,2,4,2,0,0,2,60.0,19.0,deux_roues,voiture,1,2,1,1,3
202300008393,2023-03-13 18:10:00,2023,3,13,18,10,69,69290,Autoroute 46,45.69327754,4.96905355,Plein jour,Hors agglomération,Hors intersection,Normale,Autre collision,1,3,6,0,1,1,1,0,1,90,2,2,1,0,0,1,63.0,23.0,utilitaire_camion,voiture,1,1,1,1,6
202300008394,2023-09-22 09:25:00,2023,9,22,9,25,14,14258,79 Avenue d'Hastings,48.902908,-0.204062,Plein jour,En agglomération,Giratoire,Pluie légère,Deux véhicules - côté,3,1,1,0,3,3,2,5,1,90,2,2,1,0,0,1,79.0,20.0,voiture,voiture,1,2,6,2,3
202300008394,2023-09-22 09:25:00,2023,9,22,9,25,14,14258,79 Avenue d'Hastings,48.902908,-0.204062,Plein jour,En agglomération,Giratoire,Pluie légère,Deux véhicules - côté,3,2,2,0,1,1,2,5,1,30,2,2,1,0,0,1,79.0,20.0,voiture,voiture,1,2,6,2,3
202300008395,2023-07-10 18:15:00,2023,7,10,18,15,25,25056,PLANCON RUE GABRIEL,47.232312,6.0140073,Plein jour,En agglomération,Hors intersection,Normale,Deux véhicules - arrière,4,2,2,0,2,1,1,0,1,50,2,2,1,0,0,1,28.0,24.0,voiture,deux_roues,1,2,1,1,2
202300008396,2023-11-24 12:30:00,2023,11,24,12,30,01,01263,1089 Rue de Macon,46.08913,4.75484,Plein jour,En agglomération,Intersection en T,Normale,Deux véhicules - frontale,3,2,1,0,1,4,1,0,1,30,2,2,0,0,0,2,36.0,35.0,voiture,voiture,1,2,3,1,1
202300008396,2023-11-24 12:30:00,2023,11,24,12,30,01,01263,1089 Rue de Macon,46.08913,4.75484,Plein jour,En agglomération,Intersection en T,Normale,Deux véhicules - frontale,3,2,1,0,2,1,1,0,1,30,2,2,0,0,0,2,36.0,35.0,voiture,voiture,1,2,3,1,1
202300008397,2023-06-05 09:00:00,2023,6,5,9,0,93,93029,Rue Auguste Blanqui,48.92063773,2.45667482,Plein jour,En agglomération,Intersection en T,Normale,Deux véhicules - côté,4,2,2,0,1,1,1,0,1,50,2,2,1,0,0,1,27.0,39.0,voiture,deux_roues,1,2,3,1,3
202300008397,2023-06-05 09:00:00,2023,6,5,9,0,93,93029,Rue Auguste Blanqui,48.92063773,2.45667482,Plein jour,En agglomération,Intersection en T,Normale,Deux véhicules - côté,4,2,2,0,1,1,1,0,1,50,2,2,1,0,0,1,27.0,39.0,voiture,deux_roues,1,2,3,1,3