accident_id,datetime,annee,mois,jour,heure,minute,departement,commune_insee,adresse,latitude,longitude,luminosite,agglomeration,intersection,meteo,collision,catr,circ,nbv,vosp,prof,plan,surf,infra,situ,vma,nb_vehicules,nb_usagers,nb_indemnes,nb_tues,nb_blesses_hosp,nb_blesses_legers,age_cond_1,age_cond_2,veh_type_cond_1,veh_type_cond_2,lum_code,agg_code,int_code,atm_code,col_code
202300008471,2023-07-10 14:10:00,2023,7,10,14,10,75,75116,RUE JEAN DE LA FONTAINE,48.848537,2.265356,Plein jour,En agglomération,Hors intersection,Normale,Autre collision,4,1,2,0,1,1,1,0,1,30,1,2,1,0,0,1,40.0,,voiture,,1,2,1,1,6
202300008472,2023-10-02 15:20:00,2023,10,2,15,20,44,44092,Le Petit Marais,47.68872,-1.874907,Plein jour,Hors agglomération,Intersection en T,Normale,Deux véhicules - côté,3,2,2,0,1,1,1,5,1,70,2,2,1,0,1,0,22.0,53.0,voiture,deux_roues,1,1,3,1,3
202300008472,2023-10-02 15:20:00,2023,10,2,15,20,44,44092,Le Petit Marais,47.68872,-1.874907,Plein jour,Hors agglomération,Intersection en T,Normale,Deux véhicules - côté,3,2,2,0,1,1,1,0,1,80,2,2,1,0,1,0,22.0,53.0,voiture,deux_roues,1,1,3,1,3
202300008473,2023-06-02 11:32:00,2023,6,2,11,32,60,60024,N31,49.403266,2.675986,Plein jour,Hors agglomération,Intersection en X,Normale,Deux véhicules - côté,2,2,3,0,1,1,1,0,1,80,2,2,0,0,1,1,29.0,22.0,voiture,voiture,1,1,2,1,3
202300008473,2023-06-02 11:32:00,2023,6,2,11,32,60,60024,N31,49.403266,2.675986,Plein jour,Hors agglomération,Intersection en X,Normale,Deux véhicules - côté,2,2,2,0,2,2,1,0,1,80,2,2,0,0,1,1,29.0,22.0,voiture,voiture,1,1,2,1,3
202300008474,2023-08-16 11:30:00,2023,8,16,11,30,12,12043,D888,44.28453671,2.54443377,Plein jour,Hors agglomération,Intersection en T,Normale,Deux véhicules - arrière,3,2,2,0,1,1,1,0,1,90,2,2,1,0,1,0,45.0,50.0,deux_roues,voiture,1,1,3,1,2
202300008474,2023-08-16 11:30:00,2023,8,16,11,30,12,12043,D888,44.28453671,2.54443377,Plein jour,Hors agglomération,Intersection en T,Normale,Deux véhicules - arrière,3,2,2,0,1,1,1,0,1,80,2,2,1,0,1,0,45.0,50.0,deux_roues,voiture,1,1,3,1,2
202300008475,2023-07-10 20:15:00,2023,7,10,20,15,75,75115,RUE PEGOUD,48.835406,2.266885,Plein jour,En agglomération,Intersection à plus de 4 branches,Normale,Deux véhicules - arrière,4,1, -1,-1,1,1,1,0,1,-1,2,2,1,0,0,1,39.0,39.0,voiture,utilitaire_camion,1,2,5,1,2
202300008475,2023-07-10 20:15:00,2023,7,10,20,15,75,75115,RUE PEGOUD,48.835406,2.266885,Plein jour,En agglomération,Intersection à plus de 4 branches,Normale,Deux véhicules - arrière,4,1,2,1,1,2,1,1,1,30,2,2,1,0,0,1,39.0,39.0,voiture,utilitaire_camion,1,2,5,1,2
202300008476,2023-12-28 18:35:00,2023,12,28,18,35,59,59244,A2,50.165995,3.174468,Nuit sans éclairage public,Hors agglomération,Hors intersection,Normale,Deux véhicules - côté,1,1,2,0,1,1,1,0,1,130,2,2,1,0,0,1,42.0,50.0,utilitaire_camion,voiture,3,1,1,1,3
202300008477,2023-06-05 19:10:00,2023,6,5,19,10,01,01434,D61,45.99085,5.0969,Plein jour,Hors agglomération,Hors intersection,Normale,Autre collision,3,2,2,0,1,1,1,0,3,80,1,1,0,0,1,0,23.0,,voiture,,1,1,1,1,6
202300008478,2023-03-22 16:00:00,2023,3,22,16,0,94,94028,A86,48.77702802,2.43912685,Plein jour,Hors agglomération,Hors intersection,Normale,Trois véhicules et plus - en chaîne,1,1,2,0,1,1,1,0,1,90,3,3,2,0,0,1,49.0,24.0,voiture,utilitaire_camion,1,1,1,1,4
202300008479,2023-07-10 19:45:00,2023,7,10,19,45,75,75114,RUE PERNETY,48.833405,2.319037,Plein jour,En agglomération,Hors intersection,Normale,Autre collision,4,1,1,0,1,1,1,0,1,30,1,2,1,0,0,1,35.0,,voiture,,1,2,1,1,6
202300008480,2023-11-23 19:50:00,2023,11,23,19,50,11,11426,CD 620 - PR 29 + 700,43.277237,2.428375,Nuit sans éclairage public,Hors agglomération,Hors intersection,Normale,Deux véhicules - frontale,3,2,2,0,1,1,1,0,1,80,2,2,0,0,1,1,51.0,41.0,voiture,voiture,3,1,1,1,1
202300008481,2023-12-28 22:29:00,2023,12,28,22,29,13,13014,Boulevard Denis Padovani,43.472885,5.165232,Nuit avec éclairage allumé,En agglomération,Hors intersection,Normale,Deux véhicules - frontale,4,2,2,0,1,2,1,0,4,50,1,1,0,0,1,0,33.0,,deux_roues,,5,2,1,1,1
202300008482,2023-08-16 19:40:00,2023,8,16,19,40,12,12133,Route Départementale 911 Les Caumettes,44.290758,2.571037,Plein jour,Hors agglomération,Intersection en X,Normale,Deux véhicules - côté,3,2,2,0,2,1,1,0,1,90,2,6,4,0,1,1,26.0,18.0,utilitaire_camion,voiture,1,1,2,1,3
202300008482,2023-08-16 19:40:00,2023,8,16,19,40,12,12133,Route Départementale 911 Les Caumettes,44.290758,2.571037,Plein jour,Hors agglomération,Intersection en X,Normale,Deux véhicules - côté,3,2,2,0,1,1,1,0,1,80,2,6,4,0,1,1,26.0,18.0,utilitaire_camion,voiture,1,1,2,1,3
202300008483,2023-01-03 14:55:00,2023,1,3,14,55,45,45187,D961 PR 21 + 950,47.866563,2.478269,Plein jour,Hors agglomération,Hors intersection,Normale,Autre collision,3,2,2,0,1,1,1,0,3,90,1,1,0,0,0,1,57.0,,voiture,,1,1,1,1,6
202300008484,2023-06-06 11:45:00,2023,6,6,11,45,71,71477,Route de la Croix Racot,46.636251,4.408693,Plein jour,Hors agglomération,Hors intersection,Normale,Autre collision,4,2,2,0,1,3,1,0,1,80,2,2,1,0,1,0,16.0,68.0,deux_roues,voiture,1,1,1,1,6
202300008485,2023-07-09 10:20:00,2023,7,9,10,20,75,75114,RUE D ALESIA,48.830104,2.320417,Plein jour,En agglomération,Intersection en T,Normale,Deux véhicules - frontale,4,1,1,0,1,1,1,0,1,30,2,2,1,0,0,1,53.0,,deux_roues,deux_roues,1,2,3,1,1
202300008485,2023-07-09 10:20:00,2023,7,9,10,20,75,75114,RUE D ALESIA,48.830104,2.320417,Plein jour,En agglomération,Intersection en T,Normale,Deux véhicules - frontale,4,2,3,0,1,1,1,9,1,30,2,2,1,0,0,1,53.0,,deux_roues,deux_roues,1,2,3,1,1
202300008486,2023-08-19 10:00:00,2023,8,19,10,0,46,46045,D19,44.453557,1.819439,Plein jour,Hors agglomération,Hors intersection,Normale,Autre collision,3,2,2,0,2,3,1,0,3,80,1,1,0,0,1,0,80.0,,voiture,,1,1,1,1,6
202300008487,2023-06-06 05:15:00,2023,6,6,5,15,40,40304,Avenue de Bordeaux,43.664631,-1.403375,Nuit avec éclairage allumé,En agglomération,Hors intersection,Normale,Sans collision,4,2,2,0,1,3,1,0,3,50,1,1,0,0,1,0,26.0,,deux_roues,,5,2,1,1,7
202300008488,2023-12-30 17:46:00,2023,12,30,17,46,13,13106,A7-Sens Lyon vers Marseille,43.3897,5.351,Nuit sans éclairage public,Hors agglomération,Hors intersection,Normale,Deux véhicules - arrière,1,3,4,0,2,1,1,0,1,90,2,2,1,0,0,1,26.0,27.0,voiture,voiture,3,1,1,1,2
202300008489,2023-11-25 10:30:00,2023,11,25,10,30,63,63284,chemin de la Banche,45.788931,3.225469,Plein jour,En agglomération,Hors intersection,Pluie légère,Deux véhicules - frontale,9,2,2,0,4,3,2,0,5,50,2,2,1,0,0,1,25.0,61.0,deux_roues,deux_roues,1,2,1,2,1
202300008490,2023-03-21 17:13:00,2023,3,21,17,13,38,38185,COURS LA FONTAINE,45.18786,5.72508,Plein jour,En agglomération,Hors intersection,Normale,Deux véhicules - frontale,7,1,3,1,1,1,1,0,1,30,2,2,1,0,0,1,32.0,32.0,deux_roues,deux_roues,1,2,1,1,1
202300008491,2023-07-10 08:25:00,2023,7,10,8,25,75,75113,BOULEVARD MASSENA,48.818883,2.359539,Plein jour,En agglomération,Intersection en X,Normale,Deux véhicules - côté,4,-1,1,0,1,1,1,0,1,30,2,2,1,0,0,1,30.0,29.0,utilitaire_camion,deux_roues,1,2,2,1,3
202300008491,2023-07-10 08:25:00,2023,7,10,8,25,75,75113,BOULEVARD MASSENA,48.818883,2.359539,Plein jour,En agglomération,Intersection en X,Normale,Deux véhicules - côté,4,1,1,1,1,1,1,0,1,30,2,2,1,0,0,1,30.0,29.0,utilitaire_camion,deux_roues,1,2,2,1,3
202300008492,2023-06-06 15:45:00,2023,6,6,15,45,42,42166,188 Rue de la Prévoté,45.991308,4.098415,Plein jour,En agglomération,Hors intersection,Normale,Sans collision,3,2,2,0,2,1,1,0,1,30,1,1,0,0,1,0,64.0,,deux_roues,,1,2,1,1,7
202300008493,2023-11-24 19:40:00,2023,11,24,19,40,86,86074,RN149,46.654316,0.113962,Nuit sans éclairage public,Hors agglomération,Hors intersection,Normale,Autre collision,2,2,2,0,2,1,1,0,1,80,1,2,1,1,0,0,68.0,,voiture,,3,1,1,1,6
202300008494,2023-08-18 17:50:00,2023,8,18,17,50,46,46247,route de saint-projet,44.333027,1.76425,Plein jour,En agglomération,Intersection en X,Normale,Deux véhicules - côté,3,2,2,0,1,1,1,0,1,50,2,6,3,0,0,3,40.0,23.0,voiture,voiture,1,2,2,1,3
202300008494,2023-08-18 17:50:00,2023,8,18,17,50,46,46247,route de saint-projet,44.333027,1.76425,Plein jour,En agglomération,Intersection en X,Normale,Deux véhicules - côté,3,-1, -1,-1,-1,-1,-1,-1,-1,-1,2,6,3,0,0,3,40.0,23.0,voiture,voiture,1,2,2,1,3
202300008495,2023-03-21 09:05:00,2023,3,21,9,5,27,27299,BRIAND (AVENUE ARISTIDE),49.04397,1.16053,Plein jour,En agglomération,Hors intersection,Temps couvert,Autre collision,4,2,2,0,1,1,1,0,1,30,1,2,1,0,0,1,23.0,,voiture,,1,2,1,8,6
202300008496,2023-07-10 21:35:00,2023,7,10,21,35,75,75112,AVENUE LEDRU ROLLIN,48.851303,2.376148,Nuit avec éclairage allumé,En agglomération,Intersection en X,Normale,Deux véhicules - côté,4,2,2,0,1,1,1,0,1,30,2,2,1,0,0,1,23.0,28.0,voiture,autre,5,2,2,1,3
202300008496,2023-07-10 21:35:00,2023,7,10,21,35,75,75112,AVENUE LEDRU ROLLIN,48.851303,2.376148,Nuit avec éclairage allumé,En agglomération,Intersection en X,Normale,Deux véhicules - côté,4,2,2,0,1,1,1,0,1,30,2,2,1,0,0,1,23.0,28.0,voiture,autre,5,2,2,1,3
202300008497,2023-11-20 14:35:00,2023,11,20,14,35,64,64430,Rue du Moulin,43.48664,-0.77034,Plein jour,En agglomération,Hors intersection,Normale,Autre collision,4,2,2,0,1,1,1,0,1,30,1,2,1,0,1,0,,,voiture,,1,2,1,1,6
202300008498,2023-06-06 12:15:00,2023,6,6,12,15,31,31065,Place Edmond Lassalle,43.378973,1.177689,Plein jour,En agglomération,Hors intersection,Normale,Autre collision,4,1,1,0,1,1,1,0,1,30,1,3,1,0,0,2,32.0,,voiture,,1,2,1,1,6
202300008499,2023-03-20 07:40:00,2023,3,20,7,40,68,68224,Rue Léon Jouhaux,47.74808,7.30393,Crépuscule ou aube,En agglomération,Hors intersection,Normale,Autre collision,4,2,2,0,1,3,1,0,1,50,1,2,1,0,1,0,42.0,,voiture,,2,2,1,1,6
202300008500,2023-08-16 19:58:00,2023,8,16,19,58,46,46268,D653,44.467923,1.544872,Crépuscule ou aube,Hors agglomération,Intersection en Y,Normale,Deux véhicules - côté,3,2,2,0,1,3,1,0,1,80,2,2,1,0,0,1,24.0,59.0,voiture,deux_roues,2,1,4,1,3
202300008500,2023-08-16 19:58:00,2023,8,16,19,58,46,46268,D653,44.467923,1.544872,Crépuscule ou aube,Hors agglomération,Intersection en Y,Normale,Deux véhicules - côté,3,2, -1,-1,-1,-1,-1,-1,-1,-1,2,2,1,0,0,1,24.0,59.0,voiture,deux_roues,2,1,4,1,3
202300008501,2023-07-10 17:30:00,2023,7,10,17,30,75,75112,AVENUE DU GENERAL MICHEL BIZOT,48.83911,2.40414,Plein jour,En agglomération,Hors intersection,Normale,Autre collision,4,2,2,0,1,1,1,0,1,30,2,3,2,0,0,1,54.0,35.0,voiture,voiture,1,2,1,1,6
202300008502,2023-08-19 05:10:00,2023,8,19,5,10,41,41059,Les Colleries,47.439749,1.371201,Nuit sans éclairage public,Hors agglomération,Hors intersection,Normale,Autre collision,3,2,2,0,1,3,1,0,3,80,1,1,0,0,1,0,22.0,,voiture,,3,1,1,1,6
202300008503,2023-11-22 12:15:00,2023,11,22,12,15,29,29181,ZA de Saint-Eloy (Zone industrielle),48.47846789,-4.28707768,Plein jour,Hors agglomération,Giratoire,Normale,Deux véhicules - côté,3,1,2,0,1,1,1,0,1,50,2,2,1,0,1,0,15.0,51.0,deux_roues,voiture,1,1,6,1,3
202300008503,2023-11-22 12:15:00,2023,11,22,12,15,29,29181,ZA de Saint-Eloy (Zone industrielle),48.47846789,-4.28707768,Plein jour,Hors agglomération,Giratoire,Normale,Deux véhicules - côté,3,1,2,0,1,1,1,0,1,90,2,2,1,0,1,0,15.0,51.0,deux_roues,voiture,1,1,6,1,3
202300008504,2023-07-10 15:00:00,2023,7,10,15,0,75,75112,COURS DE VINCENNES,48.847522,2.402182,Plein jour,En agglomération,Hors intersection,Normale,Deux véhicules - arrière,4,2,6,0,1,1,1,0,1,50,2,2,1,0,0,1,49.0,52.0,utilitaire_camion,voiture,1,2,1,1,2
202300008505,2023-06-05 18:10:00,2023,6,5,18,10,01,01143,D1005,46.414577,6.061122,Plein jour,Hors agglomération,Hors intersection,Normale,Trois véhicules et plus - collisions multiples,3,2,2,0,1,3,1,0,1,70,3,3,2,0,1,0,26.0,30.0,deux_roues,deux_roues,1,1,1,1,5
202300008506,2023-12-30 20:50:00,2023,12,30,20,50,50,50129,ATLANTIQUE (BOULEVARD DE L'),49.62093,-1.64228,Nuit avec éclairage allumé,En agglomération,Intersection en T,Normale,Deux véhicules - côté,3,2,0,0,1,1,2,5,1,70,2,4,2,0,0,2,48.0,27.0,voiture,voiture,5,2,3,1,3
202300008506,2023-12-30 20:50:00,2023,12,30,20,50,50,50129,ATLANTIQUE (BOULEVARD DE L'),49.62093,-1.64228,Nuit avec éclairage allumé,En agglomération,Intersection en T,Normale,Deux véhicules - côté,3,2,0,0,4,1,2,5,1,50,2,4,2,0,0,2,48.0,27.0,voiture,voiture,5,2,3,1,3
202300008507,2023-03-21 23:20:00,2023,3,21,23,20,69,69387,Rue de l'Epargne,45.74543051,4.85094589,Nuit avec éclairage allumé,En agglomération,Intersection en Y,Normale,Deux véhicules - côté,4,2,2,2,1,1,1,0,1,50,2,2,1,0,1,0,44.0,28.0,voiture,deux_roues,5,2,4,1,3
202300008507,2023-03-21 23:20:00,2023,3,21,23,20,69,69387,Rue de l'Epargne,45.74543051,4.85094589,Nuit avec éclairage allumé,En agglomération,Intersection en Y,Normale,Deux véhicules - côté,4,1,1,0,1,1,1,0,1,30,2,2,1,0,1,0,44.0,28.0,voiture,deux_roues,5,2,4,1,3
202300008508,2023-08-20 16:00:00,2023,8,20,16,0,22,22349,7 Route de Morlaix,48.691768,-3.554,Plein jour,Hors agglomération,Hors intersection,Normale,Deux véhicules - côté,3,2,2,0,2,4,1,0,1,50,2,3,1,0,1,1,44.0,44.0,utilitaire_camion,deux_roues,1,1,1,1,3
202300008509,2023-06-04 19:10:00,2023,6,4,19,10,17,17222,D105,46.242596,-1.121635,Plein jour,Hors agglomération,Hors intersection,Normale,Sans collision,3,2,2,0,1,1,1,0,3,80,1,1,0,0,1,0,43.0,,deux_roues,,1,1,1,1,7
202300008510,2023-07-10 08:50:00,2023,7,10,8,50,75,75110,RUE LA FAYETTE,48.880616,2.362031,Plein jour,En agglomération,Intersection en X,Normale,Deux véhicules - côté,4,1,0,0,2,1,1,0,1,30,2,2,1,0,0,1,24.0,30.0,deux_roues,deux_roues,1,2,2,1,3
202300008510,2023-07-10 08:50:00,2023,7,10,8,50,75,75110,RUE LA FAYETTE,48.880616,2.362031,Plein jour,En agglomération,Intersection en X,Normale,Deux véhicules - côté,4,2,4,1,1,1,1,0,1,30,2,2,1,0,0,1,24.0,30.0,deux_roues,deux_roues,1,2,2,1,3
202300008511,2023-11-25 01:00:00,2023,11,25,1,0,22,22008,D793,48.418386,-2.107852,Nuit sans éclairage public,Hors agglomération,Hors intersection,Normale,Deux véhicules - côté,3,2,2,0,1,1,1,0,1,80,2,3,1,1,1,0,51.0,30.0,voiture,voiture,3,1,1,1,3
202300008512,2023-08-11 13:20:00,2023,8,11,13,20,22,22046,RD792,48.22999,-2.563677,Plein jour,Hors agglomération,Hors intersection,Normale,Autre collision,3,2,2,0,1,3,1,0,3,80,1,2,1,0,0,1,66.0,,voiture,,1,1,1,1,6
202300008513,2023-12-31 22:50:00,2023,12,31,22,50,94,94002,Rue Etienne Dolet,48.798789,2.42342,Nuit avec éclairage allumé,En agglomération,Intersection en X,Pluie légère,Deux véhicules - côté,3,2,2,0,1,1,2,0,1,50,2,2,1,0,0,1,22.0,53.0,voiture,voiture,5,2,2,2,3
202300008513,2023-12-31 22:50:00,2023,12,31,22,50,94,94002,Rue Etienne Dolet,48.798789,2.42342,Nuit avec éclairage allumé,En agglomération,Intersection en X,Pluie légère,Deux véhicules - côté,3,2,2,0,1,1,2,5,1,30,2,2,1,0,0,1,22.0,53.0,voiture,voiture,5,2,2,2,3
202300008514,2023-07-10 09:20:00,2023,7,10,9,20,75,75108,AVENUE HOCHE,48.875789,2.299586,Plein jour,En agglomération,Hors intersection,Normale,Deux véhicules - côté,4,2,2,0,1,1,1,0,1,30,2,2,1,0,0,1,40.0,34.0,utilitaire_camion,deux_roues,1,2,1,1,3
202300008515,2023-03-21 20:15:00,2023,3,21,20,15,69,69383,Rue Duguesclin,45.76357133,4.84830739,Nuit avec éclairage allumé,En agglomération,Intersection en X,Normale,Deux véhicules - côté,4,1,1,2,1,1,1,0,1,30,2,2,1,0,0,1,32.0,23.0,deux_roues,voiture,5,2,2,1,3
202300008515,2023-03-21 20:15:00,2023,3,21,20,15,69,69383,Rue Duguesclin,45.76357133,4.84830739,Nuit avec éclairage allumé,En agglomération,Intersection en X,Normale,Deux véhicules - côté,4,1,1,2,1,1,1,0,1,50,2,2,1,0,0,1,32.0,23.0,deux_roues,voiture,5,2,2,1,3
202300008516,2023-06-05 13:00:00,2023,6,5,13,0,14,14120,Autoroute des Estuaires,49.050605,-0.741982,Plein jour,Hors agglomération,Hors intersection,Normale,Deux véhicules - arrière,1,3,2,0,1,1,1,0,1,130,2,3,2,0,1,0,76.0,41.0,voiture,voiture,1,1,1,1,2
202300008517,2023-08-19 18:10:00,2023,8,19,18,10,39,39160,,46.782125,5.446759,Plein jour,Hors agglomération,Hors intersection,Normale,Autre collision,3,2,2,0,1,1,1,0,1,80,1,1,0,0,1,0,50.0,,voiture,,1,1,1,1,6
202300008518,2023-07-10 18:30:00,2023,7,10,18,30,75,75101,RUE DE TURBIGO,48.864441,2.351535,Plein jour,En agglomération,Intersection en X,Normale,Autre collision,4,1,5,0,1,1,1,0,1,30,1,2,1,0,0,1,77.0,,voiture,,1,2,2,1,6
202300008518,2023-07-10 18:30:00,2023,7,10,18,30,75,75101,RUE DE TURBIGO,48.864441,2.351535,Plein jour,En agglomération,Intersection en X,Normale,Autre collision,4,2,4,1,1,1,1,0,1,30,1,2,1,0,0,1,77.0,,voiture,,1,2,2,1,6
202300008519,2023-12-26 18:15:00,2023,12,26,18,15,92,92024,JEAN JAURES (BD) DE (111 A 159),48.90746,2.30019,Nuit avec éclairage allumé,Hors agglomération,Hors intersection,Normale,Deux véhicules - côté,3,1,4,1,1,1,1,0,1,50,2,2,1,0,0,1,30.0,25.0,deux_roues,deux_roues,5,1,1,1,3
202300008520,2023-08-16 19:50:00,2023,8,16,19,50,39,39535,,46.861494,5.669708,Plein jour,Hors agglomération,Hors intersection,Temps éblouissant,Sans collision,3,2,2,0,1,1,1,0,3,80,1,1,0,0,1,0,17.0,,deux_roues,,1,1,1,7,7
202300008521,2023-03-21 11:05:00,2023,3,21,11,5,69,69383,Rue Feuillat,45.75433,4.87716,Plein jour,En agglomération,Hors intersection,Normale,Deux véhicules - arrière,4,1,3,1,1,1,1,0,1,30,2,3,2,0,0,1,25.0,65.0,deux_roues,voiture,1,2,1,1,2
202300008522,2023-07-10 17:00:00,2023,7,10,17,0,94,94081,Avenue Eugène Pelletan,48.79266332,2.38662395,Plein jour,En agglomération,Hors intersection,Normale,Autre collision,3,1,2,0,1,1,1,0,1,50,1,2,1,0,0,1,,,voiture,,1,2,1,1,6
202300008523,2023-11-24 07:10:00,2023,11,24,7,10,13,13215,A7-Sens Lyon vers Marseille,43.3493,5.3693,Crépuscule ou aube,Hors agglomération,Hors intersection,Normale,Deux véhicules - arrière,1,-1,3,0,1,1,1,0,1,90,2,2,1,0,0,1,66.0,36.0,voiture,voiture,2,1,1,1,2
202300008524,2023-06-02 11:24:00,2023,6,2,11,24,71,71215,20 Route de Virey,46.87338,4.935141,Plein jour,En agglomération,Intersection en T,Normale,Deux véhicules - côté,4,2,2,0,1,1,1,0,1,50,2,2,1,0,1,0,15.0,55.0,deux_roues,voiture,1,2,3,1,3
202300008525,2023-08-19 06:38:00,2023,8,19,6,38,25,25351,D41,47.179942,6.692433,Crépuscule ou aube,Hors agglomération,Hors intersection,Normale,Autre collision,3,2,2,0,1,1,1,0,3,90,1,2,1,0,1,0,37.0,,voiture,,2,1,1,1,6
202300008526,2023-07-10 14:00:00,2023,7,10,14,0,94,94043,19 Avenue de Fontainebleau,48.814674,2.360912,Plein jour,En agglomération,Hors intersection,Normale,Deux véhicules - côté,3,1,4,3,1,1,1,0,1,50,2,2,1,0,0,1,37.0,47.0,voiture,deux_roues,1,2,1,1,3
202300008527,2023-06-03 15:50:00,2023,6,3,15,50,57,57623,Départementale 96,48.619261,7.088504,Plein jour,Hors agglomération,Hors intersection,Normale,Sans collision,3,2,2,0,2,1,1,0,3,80,1,1,0,0,1,0,52.0,,deux_roues,,1,1,1,1,7
202300008528,2023-03-21 08:00:00,2023,3,21,8,0,69,69383,Avenue Lacassagne,45.74936,4.8767,Crépuscule ou aube,En agglomération,Intersection en T,Normale,Deux véhicules - frontale,4,1,1,2,1,1,1,0,1,30,2,2,1,0,0,1,24.0,60.0,deux_roues,deux_roues,2,2,3,1,1
202300008528,2023-03-21 08:00:00,2023,3,21,8,0,69,69383,Avenue Lacassagne,45.74936,4.8767,Crépuscule ou aube,En agglomération,Intersection en T,Normale,Deux véhicules - frontale,4,1,1,3,1,1,1,0,1,30,2,2,1,0,0,1,24.0,60.0,deux_roues,deux_roues,2,2,3,1,1
202300008529,2023-11-23 13:50:00,2023,11,23,13,50,13,13071,A55-Sens Martigues vers Marseille,43.39251174,5.27676698,Plein jour,Hors agglomération,Hors intersection,Normale,Deux véhicules - arrière,1,-1,2,0,1,1,1,0,1,110,2,2,1,0,1,0,61.0,32.0,utilitaire_camion,utilitaire_camion,1,1,1,1,2
202300008530,2023-12-31 19:17:00,2023,12,31,19,17,38,38434,Route de la Vallée,45.519774,5.537592,Nuit sans éclairage public,Hors agglomération,Hors intersection,Normale,Trois véhicules et plus - collisions multiples,3,2,2,0,1,1,2,0,1,80,3,9,3,0,2,4,19.0,33.0,voiture,voiture,3,1,1,1,5
202300008531,2023-08-19 05:45:00,2023,8,19,5,45,25,25470,Route départementale 663,47.446977,6.613544,Crépuscule ou aube,Hors agglomération,Hors intersection,Normale,Deux véhicules - côté,3,2,2,0,2,3,1,0,1,90,2,2,1,0,1,0,19.0,51.0,deux_roues,utilitaire_camion,2,1,1,1,3
202300008532,2023-07-10 19:45:00,2023,7,10,19,45,94,94041,HENRI POURCHASSE (QU),48.808446,2.407745,Plein jour,En agglomération,Intersection en T,Normale,Autre collision,3,-1,2,0,1,1,1,0,1,50,1,2,1,0,0,1,34.0,,voiture,,1,2,3,1,6
202300008532,2023-07-10 19:45:00,2023,7,10,19,45,94,94041,HENRI POURCHASSE (QU),48.808446,2.407745,Plein jour,En agglomération,Intersection en T,Normale,Autre collision,3,1,1,0,1,1,1,0,1,50,1,2,1,0,0,1,34.0,,voiture,,1,2,3,1,6
202300008533,2023-12-30 19:00:00,2023,12,30,19,0,64,64123,Avenue des Chaisiers,43.47392151,-1.11543855,Nuit sans éclairage public,Hors agglomération,Hors intersection,Normale,Sans collision,3,2,2,0,1,1,2,0,1,80,1,1,0,0,1,0,64.0,,utilitaire_camion,,3,1,1,1,7
202300008534,2023-11-21 21:50:00,2023,11,21,21,50,83,83090,A50,43.12514105,5.87488639,Nuit avec éclairage allumé,Hors agglomération,Hors intersection,Normale,Autre collision,1,3,3,0,1,2,1,0,1,110,1,2,1,0,0,1,23.0,,voiture,,5,1,1,1,6
202300008535,2023-08-20 19:15:00,2023,8,20,19,15,44,44220,,47.191594,-1.914475,Plein jour,Hors agglomération,Hors intersection,Normale,Autre collision,3,2,2,0,1,1,1,0,3,80,2,3,0,0,1,2,42.0,25.0,deux_roues,deux_roues,1,1,1,1,6
202300008536,2023-03-21 18:30:00,2023,3,21,18,30,2B,2B033,CITE AURORE,42.68135,9.4405,Plein jour,En agglomération,Intersection en T,Normale,Deux véhicules - arrière,4,2,2,0,1,1,1,0,8,50,2,2,1,0,0,1,15.0,,deux_roues,utilitaire_camion,1,2,3,1,2
202300008536,2023-03-21 18:30:00,2023,3,21,18,30,2B,2B033,CITE AURORE,42.68135,9.4405,Plein jour,En agglomération,Intersection en T,Normale,Deux véhicules - arrière,4,2,2,0,2,1,1,0,8,50,2,2,1,0,0,1,15.0,,deux_roues,utilitaire_camion,1,2,3,1,2
202300008537,2023-07-10 19:20:00,2023,7,10,19,20,94,94073,rdpt des halles,48.75949598,2.37090064,Plein jour,Hors agglomération,Hors intersection,Normale,Autre collision,4,1,2,0,1,1,1,0,1,50,1,2,1,0,0,1,68.0,,voiture,,1,1,1,1,6
202300008538,2023-06-06 11:55:00,2023,6,6,11,55,59,59384,Route de Landrecies,50.128846,3.749417,Plein jour,Hors agglomération,Intersection en X,Normale,Deux véhicules - côté,3,2,2,0,1,1,1,5,1,80,2,3,2,0,1,0,37.0,55.0,voiture,voiture,1,1,2,1,3
202300008538,2023-06-06 11:55:00,2023,6,6,11,55,59,59384,Route de Landrecies,50.128846,3.749417,Plein jour,Hors agglomération,Intersection en X,Normale,Deux véhicules - côté,3,2,2,0,1,1,1,5,1,50,2,3,2,0,1,0,37.0,55.0,voiture,voiture,1,1,2,1,3
202300008539,2023-08-18 11:20:00,2023,8,18,11,20,35,35010,N176,48.558972,-1.696916,Plein jour,Hors agglomération,Hors intersection,Normale,Sans collision,2,3,4,0,1,1,1,0,8,110,1,1,0,0,1,0,83.0,,voiture,,1,1,1,1,7
202300008540,2023-07-10 20:20:00,2023,7,10,20,20,94,94011,Avenue du 19 Mars 1962,48.774851,2.489868,Plein jour,En agglomération,Autre intersection,Normale,Deux véhicules - côté,3,3,2,0,1,1,1,0,1,50,2,2,1,0,0,1,29.0,28.0,deux_roues,voiture,1,2,9,1,3
202300008541,2023-11-24 18:30:00,2023,11,24,18,30,33,33080,AUTOROUTE A 62,44.75170374,-0.54212004,Nuit sans éclairage public,Hors agglomération,Hors intersection,Pluie légère,Deux véhicules - arrière,1,3,4,0,1,1,2,0,1,110,2,2,1,0,0,1,18.0,43.0,voiture,voiture,3,1,1,2,2