accident_id,datetime,annee,mois,jour,heure,minute,departement,commune_insee,adresse,latitude,longitude,luminosite,agglomeration,intersection,meteo,collision,catr,circ,nbv,vosp,prof,plan,surf,infra,situ,vma,nb_vehicules,nb_usagers,nb_indemnes,nb_tues,nb_blesses_hosp,nb_blesses_legers,age_cond_1,age_cond_2,veh_type_cond_1,veh_type_cond_2,lum_code,agg_code,int_code,atm_code,col_code
202300008542,2023-12-27 20:58:00,2023,12,27,20,58,60,60505,D1017,49.152226,2.54812,Nuit avec éclairage allumé,En agglomération,Autre intersection,Pluie légère,Deux véhicules - côté,3,2,2,0,1,1,2,0,1,50,2,3,1,0,0,2,42.0,47.0,voiture,voiture,5,2,9,2,3
202300008543,2023-06-06 17:55:00,2023,6,6,17,55,56,56061,PR 29 - RD773,47.744151,-2.118668,Plein jour,Hors agglomération,Hors intersection,Normale,Autre collision,3,2,2,0,1,1,1,0,3,80,1,1,0,0,0,1,17.0,,deux_roues,,1,1,1,1,6
202300008544,2023-03-21 09:55:00,2023,3,21,9,55,971,97101,Secteur Pont de la Gabarre,16.25326,-61.5469,Plein jour,Hors agglomération,Autre intersection,Normale,Deux véhicules - arrière,2,3,3,0,1,1,1,0,1,90,2,2,1,0,0,1,40.0,24.0,autre,deux_roues,1,1,9,1,2
202300008545,2023-08-19 03:00:00,2023,8,19,3,0,29,29204,KER EOL,48.514723,-4.231081,Nuit sans éclairage public,Hors agglomération,Hors intersection,Pluie légère,Sans collision,4,2,2,0,1,2,2,0,3,80,1,1,0,1,0,0,38.0,,voiture,,3,1,1,2,7
202300008546,2023-07-09 02:55:00,2023,7,9,2,55,94,94041,Avenue Georges Gosnat,48.81482,2.39087,Nuit avec éclairage allumé,En agglomération,Autre intersection,Normale,Deux véhicules - frontale,3,2,2,0,2,1,1,2,1,50,2,2,1,0,0,1,,23.0,voiture,voiture,5,2,9,1,1
202300008547,2023-08-19 17:00:00,2023,8,19,17,0,29,29024,53 Route de Lannouënnec,48.262998,-3.592111,Plein jour,Hors agglomération,Hors intersection,Normale,Autre collision,4,2,2,0,2,1,1,0,3,80,1,1,0,0,1,0,35.0,,voiture,,1,1,1,1,6
202300008548,2023-06-06 08:30:00,2023,6,6,8,30,56,56061,Avenue des Archers,47.767678,-2.130408,Plein jour,En agglomération,Hors intersection,Normale,Autre collision,4,2,2,0,2,2,1,0,1,50,1,2,1,0,0,1,73.0,,transport_commun,,1,2,1,1,6
202300008549,2023-03-21 12:35:00,2023,3,21,12,35,91,91161,RTE DE LONGJUMEAU,48.712885,2.297977,Plein jour,En agglomération,Hors intersection,Normale,Deux véhicules - côté,3,2,0,0,1,1,1,0,1,50,2,2,1,0,0,1,29.0,46.0,voiture,deux_roues,1,2,1,1,3
202300008550,2023-12-31 23:10:00,2023,12,31,23,10,78,78073,N12Y,48.797566,2.015271,Nuit sans éclairage public,Hors agglomération,Hors intersection,Normale,Deux véhicules - côté,2,-1,2,0,1,1,2,0,1,110,2,4,2,0,1,1,51.0,36.0,voiture,voiture,3,1,1,1,3
202300008551,2023-11-23 18:50:00,2023,11,23,18,50,59,59646,ROUTE NATIONALE 356,50.66838,3.11448,Nuit sans éclairage public,Hors agglomération,Hors intersection,Normale,Trois véhicules et plus - en chaîne,2,1,4,0,1,1,1,0,1,70,4,4,3,0,0,1,36.0,46.0,voiture,voiture,3,1,1,1,4
202300008552,2023-08-16 20:45:00,2023,8,16,20,45,29,29117,La Gare,48.570183,-4.512094,Crépuscule ou aube,En agglomération,Giratoire,Normale,Deux véhicules - frontale,3,1,2,0,1,1,1,0,1,50,2,2,1,0,1,0,58.0,53.0,voiture,deux_roues,2,2,6,1,1
202300008553,2023-07-10 20:25:00,2023,7,10,20,25,93,93055,Avenue Jean Lolive / Rue Etienne Marcel,48.89175,2.40497,Plein jour,En agglomération,Intersection en X,Normale,Autre collision,3,1,1,1,1,1,1,0,1,30,1,2,0,0,0,1,,,deux_roues,,1,2,2,1,6
202300008553,2023-07-10 20:25:00,2023,7,10,20,25,93,93055,Avenue Jean Lolive / Rue Etienne Marcel,48.89175,2.40497,Plein jour,En agglomération,Intersection en X,Normale,Autre collision,3,3,3,1,1,1,1,0,1,30,1,2,0,0,0,1,,,deux_roues,,1,2,2,1,6
202300008554,2023-06-05 16:00:00,2023,6,5,16,0,82,82026,route départementale 115,44.056401,1.6707,Plein jour,Hors agglomération,Intersection en Y,Normale,Deux véhicules - frontale,3,3,1,0,1,2,1,0,1,70,2,2,1,0,1,0,43.0,58.0,voiture,deux_roues,1,1,4,1,1
202300008554,2023-06-05 16:00:00,2023,6,5,16,0,82,82026,route départementale 115,44.056401,1.6707,Plein jour,Hors agglomération,Intersection en Y,Normale,Deux véhicules - frontale,3,2,2,0,1,3,1,0,1,70,2,2,1,0,1,0,43.0,58.0,voiture,deux_roues,1,1,4,1,1
202300008555,2023-08-02 22:40:00,2023,8,2,22,40,73,73099,D925,45.440486,6.096033,Nuit sans éclairage public,Hors agglomération,Hors intersection,Pluie légère,Autre collision,3,2,2,0,1,3,2,2,3,80,1,1,0,0,1,0,24.0,,voiture,,3,1,1,2,6
202300008556,2023-03-20 18:00:00,2023,3,20,18,0,91,91345,RUE MICHEL DE GAILLARD,48.697695,2.29013,Plein jour,En agglomération,Hors intersection,Normale,Deux véhicules - côté,4,2,2,0,1,1,1,0,1,50,2,2,1,0,0,1,31.0,29.0,voiture,deux_roues,1,2,1,1,3
202300008557,2023-07-10 21:15:00,2023,7,10,21,15,93,93007,Rue d’Altrincham Sandwell,48.94772882,2.4484019,Plein jour,En agglomération,Hors intersection,Normale,Deux véhicules - frontale,4,2,2,0,1,1,1,0,1,50,2,2,1,0,0,1,32.0,28.0,voiture,deux_roues,1,2,1,1,1
202300008558,2023-08-16 11:20:00,2023,8,16,11,20,29,29171,D53,47.82124265,-4.27988291,Plein jour,Hors agglomération,Hors intersection,Normale,Trois véhicules et plus - collisions multiples,3,2,2,0,1,1,1,0,1,80,3,3,1,0,1,1,66.0,73.0,voiture,voiture,1,1,1,1,5
202300008559,2023-06-05 10:20:00,2023,6,5,10,20,11,11358,,42.829858,2.211825,Plein jour,Hors agglomération,Hors intersection,Normale,Deux véhicules - côté,3,2,3,0,1,2,1,1,1,50,2,2,1,0,1,0,93.0,70.0,voiture,deux_roues,1,1,1,1,3
202300008560,2023-11-24 08:50:00,2023,11,24,8,50,91,91216,AUTOROUTE A6,48.6852,2.32742,Plein jour,Hors agglomération,Hors intersection,Normale,Trois véhicules et plus - en chaîne,1,1,3,0,2,1,1,0,1,110,3,3,2,0,0,1,22.0,29.0,voiture,deux_roues,1,1,1,1,4
202300008561,2023-07-10 02:00:00,2023,7,10,2,0,93,93066,Avenue du Président Wilson,48.92726011,2.35679933,Nuit avec éclairage allumé,En agglomération,Hors intersection,Normale,Autre collision,4,3,4,0,1,3,1,2,1,50,1,3,0,0,0,3,19.0,,voiture,,5,2,1,1,6
202300008562,2023-06-18 06:30:00,2023,6,18,6,30,91,91216,AUTOROUTE A6,48.683433,2.328926,Plein jour,Hors agglomération,Hors intersection,Normale,Deux véhicules - arrière,1,3,6,0,2,1,2,0,1,110,2,2,1,0,0,1,27.0,53.0,voiture,voiture,1,1,1,1,2
202300008563,2023-08-17 10:55:00,2023,8,17,10,55,31,31107,Route de l'Arize,43.29469,1.215971,Plein jour,En agglomération,Giratoire,Normale,Deux véhicules - côté,3,1,2,0,1,1,1,0,1,50,2,2,1,0,1,0,62.0,62.0,voiture,deux_roues,1,2,6,1,3
202300008564,2023-07-10 18:54:00,2023,7,10,18,54,92,92051,"BINEAU (BOULEVARD, N°53 A 131 ET 52 A 13",48.88919986,2.27313459,Plein jour,En agglomération,Hors intersection,Normale,Autre collision,3,1,2,1,1,1,1,0,8,50,1,1,0,0,0,1,24.0,,voiture,,1,2,1,1,6
202300008565,2023-06-03 03:10:00,2023,6,3,3,10,71,71187,Rue des Pinsons,46.746948,4.517999,Nuit sans éclairage public,Hors agglomération,Hors intersection,Normale,Autre collision,4,2,2,0,1,1,1,1,3,80,1,2,1,0,1,0,18.0,,deux_roues,,3,1,1,1,6
202300008566,2023-03-21 11:20:00,2023,3,21,11,20,91,91434,HENRI BARBUSSE (AVENUE),48.65419,2.34942,Plein jour,En agglomération,Intersection en X,Normale,Deux véhicules - côté,4,2,2,0,1,1,1,0,1,50,2,3,1,0,0,2,27.0,48.0,deux_roues,voiture,1,2,2,1,3
202300008566,2023-03-21 11:20:00,2023,3,21,11,20,91,91434,HENRI BARBUSSE (AVENUE),48.65419,2.34942,Plein jour,En agglomération,Intersection en X,Normale,Deux véhicules - côté,4,2,2,0,1,1,1,0,1,50,2,3,1,0,0,2,27.0,48.0,deux_roues,voiture,1,2,2,1,3
202300008567,2023-08-19 15:45:00,2023,8,19,15,45,31,31145,Avenue de la Gare,43.306835,1.531261,Plein jour,En agglomération,Hors intersection,Normale,Autre collision,3,2,2,0,1,1,1,0,1,50,1,1,0,0,1,0,38.0,,deux_roues,,1,2,1,1,6
202300008568,2023-11-24 18:40:00,2023,11,24,18,40,92,92025,A86,48.9244141,2.23084474,Nuit sans éclairage public,Hors agglomération,Hors intersection,Normale,Deux véhicules - côté,1,3,2,0,1,1,1,0,1,90,2,2,1,0,0,1,31.0,39.0,utilitaire_camion,deux_roues,3,1,1,1,3
202300008569,2023-07-09 18:19:00,2023,7,9,18,19,92,92025,PRESIDENT SALVADOR ALLENDE (RUE DU),48.92221322,2.23554906,Plein jour,En agglomération,Hors intersection,Normale,Deux véhicules - frontale,4,2,2,0,1,1,1,0,1,30,2,3,2,0,0,1,21.0,25.0,voiture,deux_roues,1,2,1,1,1
202300008570,2023-06-04 14:50:00,2023,6,4,14,50,63,63430,Route de Baruptel (Pont),45.846234,3.512841,Plein jour,En agglomération,Hors intersection,Normale,Autre collision,4,2,2,0,1,2,1,0,8,50,1,3,1,0,1,1,19.0,,voiture,,1,2,1,1,6
202300008571,2023-08-18 20:00:00,2023,8,18,20,0,31,31574,D820,43.442098,1.415657,Crépuscule ou aube,Hors agglomération,Giratoire,Temps éblouissant,Autre collision,3,1,2,0,1,2,1,5,4,70,1,1,0,0,1,0,52.0,,deux_roues,,2,1,6,7,6
202300008572,2023-08-20 18:35:00,2023,8,20,18,35,18,18096,45 Les Tournis,47.194426,2.142034,Plein jour,En agglomération,Hors intersection,Normale,Autre collision,3,2,2,0,1,1,1,0,3,50,1,2,0,1,0,1,21.0,,voiture,,1,2,1,1,6
202300008573,2023-03-17 18:20:00,2023,3,17,18,20,91,91228,MONTESPAN (RUE DE),48.63267,2.43517,Crépuscule ou aube,En agglomération,Hors intersection,Pluie légère,Deux véhicules - côté,4,-1,2,0,1,1,2,0,1,50,2,2,1,0,0,1,47.0,35.0,voiture,voiture,2,2,1,2,3
202300008574,2023-07-10 03:29:00,2023,7,10,3,29,92,92024,REPUBLIQUE (PLACE DE LA),48.90338406,2.31280178,Nuit avec éclairage allumé,En agglomération,Hors intersection,Normale,Sans collision,4,2,1,0,1,1,1,0,1,30,1,1,0,0,1,0,35.0,,deux_roues,,5,2,1,1,7
202300008575,2023-11-24 17:35:00,2023,11,24,17,35,93,93010,AUTOROUTE A3,48.89213,2.47323,Nuit sans éclairage public,Hors agglomération,Hors intersection,Normale,Deux véhicules - arrière,1,3,5,0,1,1,1,0,1,90,2,2,1,0,0,1,21.0,63.0,deux_roues,voiture,3,1,1,1,2
202300008576,2023-06-05 19:30:00,2023,6,5,19,30,12,12288,RD840 virage du prefet,44.44941048,2.4262113,Plein jour,Hors agglomération,Hors intersection,Normale,Autre collision,3,2,2,0,2,3,1,0,3,30,1,1,0,0,0,1,44.0,,voiture,,1,1,1,1,6
202300008577,2023-08-19 14:35:00,2023,8,19,14,35,38,38189,D53A,45.636074,5.061334,Plein jour,Hors agglomération,Intersection en X,Temps éblouissant,Deux véhicules - côté,3,2,2,0,1,3,1,0,1,50,2,2,1,0,1,0,41.0,29.0,voiture,deux_roues,1,1,2,7,3
202300008577,2023-08-19 14:35:00,2023,8,19,14,35,38,38189,D53A,45.636074,5.061334,Plein jour,Hors agglomération,Intersection en X,Temps éblouissant,Deux véhicules - côté,3,2,2,0,1,1,1,5,1,50,2,2,1,0,1,0,41.0,29.0,voiture,deux_roues,1,1,2,7,3
202300008578,2023-07-10 10:10:00,2023,7,10,10,10,92,92007,HUGO (AVENUE VICTOR),48.80480311,2.32221127,Plein jour,En agglomération,Hors intersection,Normale,Deux véhicules - côté,3,2,3,1,1,1,1,0,1,50,2,2,1,0,0,1,28.0,35.0,utilitaire_camion,deux_roues,1,2,1,1,3
202300008579,2023-03-20 17:30:00,2023,3,20,17,30,91,91223,REPUBLIQUE (RUE DE LA),48.4332,2.16719,Plein jour,En agglomération,Hors intersection,Normale,Autre collision,4,2,2,0,1,1,1,0,1,50,1,2,1,0,0,1,48.0,,voiture,,1,2,1,1,6
202300008580,2023-11-24 06:35:00,2023,11,24,6,35,95,95277,D170 ,48.97697542,2.47517467,Nuit sans éclairage public,Hors agglomération,Hors intersection,Normale,Deux véhicules - arrière,3,3,0,0,1,1,1,0,1,90,2,2,1,0,0,1,36.0,52.0,utilitaire_camion,voiture,3,1,1,1,2
202300008581,2023-06-06 06:50:00,2023,6,6,6,50,68,68025,D432,47.480959,7.291038,Plein jour,Hors agglomération,Intersection en X,Normale,Deux véhicules - côté,3,2,2,0,1,1,1,0,1,80,2,2,1,0,0,1,47.0,48.0,deux_roues,voiture,1,1,2,1,3
202300008581,2023-06-06 06:50:00,2023,6,6,6,50,68,68025,D432,47.480959,7.291038,Plein jour,Hors agglomération,Intersection en X,Normale,Deux véhicules - côté,3,2,2,0,1,1,1,0,8,30,2,2,1,0,0,1,47.0,48.0,deux_roues,voiture,1,1,2,1,3
202300008582,2023-11-23 05:00:00,2023,11,23,5,0,95,95241,N104,49.04997,2.431,Nuit sans éclairage public,Hors agglomération,Hors intersection,Normale,Autre collision,2,3,2,0,1,1,1,0,1,90,1,1,0,0,0,1,24.0,,voiture,,3,1,1,1,6
202300008583,2023-06-06 14:45:00,2023,6,6,14,45,68,68155,50 Rue de la Promenade,48.091879,7.296848,Plein jour,En agglomération,Hors intersection,Normale,Autre collision,4,2,2,0,1,1,1,0,1,30,1,1,0,1,0,0,70.0,,deux_roues,,1,2,1,1,6
202300008584,2023-07-11 10:00:00,2023,7,11,10,0,60,60180,D133,49.520883,1.930032,Plein jour,En agglomération,Intersection en X,Normale,Deux véhicules - côté,3,2,2,0,1,1,1,5,1,50,2,6,5,0,1,0,45.0,33.0,voiture,voiture,1,2,2,1,3
202300008584,2023-07-11 10:00:00,2023,7,11,10,0,60,60180,D133,49.520883,1.930032,Plein jour,En agglomération,Intersection en X,Normale,Deux véhicules - côté,3,2, -1,-1,1,1,1,0,1,-1,2,6,5,0,1,0,45.0,33.0,voiture,voiture,1,2,2,1,3
202300008585,2023-08-19 22:05:00,2023,8,19,22,5,38,38012,D592,45.60967,5.609679,Nuit sans éclairage public,Hors agglomération,Hors intersection,Normale,Autre collision,3,2,2,0,1,1,1,0,1,80,3,7,1,1,1,4,22.0,25.0,voiture,deux_roues,3,1,1,1,6
202300008586,2023-03-18 16:00:00,2023,3,18,16,0,77,77296,AV JEAN JAURES,48.62738,2.58036,Plein jour,En agglomération,Intersection en X,Pluie légère,Deux véhicules - arrière,4,-1,2,0,1,1,2,0,1,30,2,3,1,0,0,2,76.0,,voiture,voiture,1,2,2,2,2
202300008586,2023-03-18 16:00:00,2023,3,18,16,0,77,77296,AV JEAN JAURES,48.62738,2.58036,Plein jour,En agglomération,Intersection en X,Pluie légère,Deux véhicules - arrière,4,-1,0,0,1,1,2,0,1,30,2,3,1,0,0,2,76.0,,voiture,voiture,1,2,2,2,2
202300008587,2023-08-06 11:50:00,2023,8,6,11,50,22,22266,D790,48.251062,-3.304642,Plein jour,Hors agglomération,Intersection en T,Normale,Deux véhicules - côté,3,2,2,0,1,1,1,0,1,70,2,7,6,0,1,0,64.0,26.0,voiture,voiture,1,1,3,1,3
202300008587,2023-08-06 11:50:00,2023,8,6,11,50,22,22266,D790,48.251062,-3.304642,Plein jour,Hors agglomération,Intersection en T,Normale,Deux véhicules - côté,3,2,2,0,1,1,1,0,1,-1,2,7,6,0,1,0,64.0,26.0,voiture,voiture,1,1,3,1,3
202300008588,2023-06-05 11:35:00,2023,6,5,11,35,38,38439,D525,45.366635,6.026444,Plein jour,Hors agglomération,Intersection en T,Temps éblouissant,Deux véhicules - frontale,3,2,2,0,2,2,1,0,1,90,2,2,1,0,1,0,77.0,59.0,voiture,deux_roues,1,1,3,7,1
202300008588,2023-06-05 11:35:00,2023,6,5,11,35,38,38439,D525,45.366635,6.026444,Plein jour,Hors agglomération,Intersection en T,Temps éblouissant,Deux véhicules - frontale,3,2,2,0,2,1,1,0,1,50,2,2,1,0,1,0,77.0,59.0,voiture,deux_roues,1,1,3,7,1
202300008589,2023-08-19 10:00:00,2023,8,19,10,0,38,38043,Route de Charavines,45.444969,5.534068,Plein jour,En agglomération,Intersection en T,Normale,Deux véhicules - côté,3,2,2,0,1,1,1,0,1,30,2,2,1,0,1,0,69.0,21.0,deux_roues,deux_roues,1,2,3,1,3
202300008589,2023-08-19 10:00:00,2023,8,19,10,0,38,38043,Route de Charavines,45.444969,5.534068,Plein jour,En agglomération,Intersection en T,Normale,Deux véhicules - côté,3,2,2,0,2,1,1,0,1,50,2,2,1,0,1,0,69.0,21.0,deux_roues,deux_roues,1,2,3,1,3
202300008590,2023-07-11 13:55:00,2023,7,11,13,55,85,85137,coq joyeux,46.537152,-0.862851,Plein jour,Hors agglomération,Intersection en Y,Normale,Deux véhicules - côté,3,2,2,0,1,3,1,0,1,80,2,2,1,1,0,0,54.0,28.0,deux_roues,utilitaire_camion,1,1,4,1,3
202300008590,2023-07-11 13:55:00,2023,7,11,13,55,85,85137,coq joyeux,46.537152,-0.862851,Plein jour,Hors agglomération,Intersection en Y,Normale,Deux véhicules - côté,3,2, -1,-1,-1,1,1,0,1,-1,2,2,1,1,0,0,54.0,28.0,deux_roues,utilitaire_camion,1,1,4,1,3
202300008591,2023-11-24 17:40:00,2023,11,24,17,40,94,94069,A4,48.81739242,2.43622472,Crépuscule ou aube,Hors agglomération,Hors intersection,Normale,Deux véhicules - côté,1,-1,4,0,1,1,1,0,1,90,2,2,1,0,0,1,33.0,28.0,utilitaire_camion,deux_roues,2,1,1,1,3
202300008592,2023-03-21 14:50:00,2023,3,21,14,50,77,77296,D402,48.63014,2.61773,Plein jour,Hors agglomération,Intersection en T,Normale,Deux véhicules - frontale,3,2,2,0,1,1,1,0,1,80,2,2,1,0,0,1,36.0,22.0,voiture,utilitaire_camion,1,1,3,1,1
202300008592,2023-03-21 14:50:00,2023,3,21,14,50,77,77296,D402,48.63014,2.61773,Plein jour,Hors agglomération,Intersection en T,Normale,Deux véhicules - frontale,3,2,2,-1,1,1,-1,-1,-1,80,2,2,1,0,0,1,36.0,22.0,voiture,utilitaire_camion,1,1,3,1,1
202300008593,2023-06-05 18:45:00,2023,6,5,18,45,38,38422,D111,45.149319,5.864235,Plein jour,Hors agglomération,Hors intersection,Normale,Autre collision,3,2,2,0,2,3,1,0,1,90,1,1,0,0,1,0,59.0,,deux_roues,,1,1,1,1,6
202300008594,2023-07-10 16:00:00,2023,7,10,16,0,40,40065,Boulevard du Docteur Junqua,43.642722,-1.428067,Plein jour,En agglomération,Intersection en T,Temps éblouissant,Deux véhicules - côté,4,2, -1,-1,-1,-1,-1,-1,-1,-1,2,2,1,0,1,0,30.0,18.0,voiture,deux_roues,1,2,3,7,3
202300008594,2023-07-10 16:00:00,2023,7,10,16,0,40,40065,Boulevard du Docteur Junqua,43.642722,-1.428067,Plein jour,En agglomération,Intersection en T,Temps éblouissant,Deux véhicules - côté,4,2,2,0,1,1,1,0,1,50,2,2,1,0,1,0,30.0,18.0,voiture,deux_roues,1,2,3,7,3
202300008595,2023-08-17 17:55:00,2023,8,17,17,55,38,38082,Route de Vers Ars,45.443648,5.513227,Plein jour,Hors agglomération,Hors intersection,Normale,Trois véhicules et plus - collisions multiples,3,2,2,0,1,3,1,0,1,70,3,4,3,1,0,0,40.0,61.0,deux_roues,voiture,1,1,1,1,5
202300008596,2023-12-29 19:03:00,2023,12,29,19,3,973,97302,ZEPHIR (ROCADE),4.93797,-52.30633,Nuit avec éclairage allumé,En agglomération,Intersection en T,Normale,Deux véhicules - côté,3,2,2,0,1,1,1,0,1,50,2,2,1,0,0,1,30.0,23.0,deux_roues,voiture,5,2,3,1,3
202300008596,2023-12-29 19:03:00,2023,12,29,19,3,973,97302,ZEPHIR (ROCADE),4.93797,-52.30633,Nuit avec éclairage allumé,En agglomération,Intersection en T,Normale,Deux véhicules - côté,3,2,2,0,1,1,1,0,1,50,2,2,1,0,0,1,30.0,23.0,deux_roues,voiture,5,2,3,1,3
202300008597,2023-06-05 17:20:00,2023,6,5,17,20,38,38543,D1075,45.647071,5.491083,Plein jour,Hors agglomération,Hors intersection,Normale,Deux véhicules - frontale,3,2,2,0,1,1,1,0,1,70,2,2,1,0,1,0,49.0,62.0,deux_roues,voiture,1,1,1,1,1
202300008598,2023-11-22 08:30:00,2023,11,22,8,30,976,97611,passamanty-Vahibé ( route ),-12.79870638,45.20204544,Plein jour,Hors agglomération,Hors intersection,Normale,Trois véhicules et plus - collisions multiples,3,2,2,0,2,1,1,0,1,50,3,3,2,0,1,0,46.0,24.0,voiture,deux_roues,1,1,1,1,5
202300008599,2023-08-18 19:45:00,2023,8,18,19,45,15,15130,D990,45.063518,3.239207,Crépuscule ou aube,Hors agglomération,Intersection en X,Normale,Deux véhicules - côté,3,2,2,0,1,1,1,0,8,90,2,2,1,0,0,1,53.0,18.0,utilitaire_camion,voiture,2,1,2,1,3
202300008599,2023-08-18 19:45:00,2023,8,18,19,45,15,15130,D990,45.063518,3.239207,Crépuscule ou aube,Hors agglomération,Intersection en X,Normale,Deux véhicules - côté,3,-1,2,0,1,1,1,0,1,90,2,2,1,0,0,1,53.0,18.0,utilitaire_camion,voiture,2,1,2,1,3
202300008600,2023-07-10 15:30:00,2023,7,10,15,30,68,68331,carrefour D415/D208,48.043013,7.470533,Plein jour,Hors agglomération,Intersection en T,Normale,Deux véhicules - côté,3,2,2,0,1,1,1,0,1,80,2,3,1,0,0,2,66.0,27.0,deux_roues,voiture,1,1,3,1,3
202300008600,2023-07-10 15:30:00,2023,7,10,15,30,68,68331,carrefour D415/D208,48.043013,7.470533,Plein jour,Hors agglomération,Intersection en T,Normale,Deux véhicules - côté,3,2,2,0,1,1,1,0,1,80,2,3,1,0,0,2,66.0,27.0,deux_roues,voiture,1,1,3,1,3
202300008601,2023-03-20 15:00:00,2023,3,20,15,0,77,77288,D606,48.5340628,2.6546029,Plein jour,En agglomération,Intersection en X,Normale,Autre collision,3,3,4,0,1,1,1,0,1,50,3,3,2,0,0,1,42.0,57.0,utilitaire_camion,deux_roues,1,2,2,1,6
202300008601,2023-03-20 15:00:00,2023,3,20,15,0,77,77288,D606,48.5340628,2.6546029,Plein jour,En agglomération,Intersection en X,Normale,Autre collision,3,-1,2,0,1,1,1,0,8,50,3,3,2,0,0,1,42.0,57.0,utilitaire_camion,deux_roues,1,2,2,1,6
202300008602,2023-06-04 17:15:00,2023,6,4,17,15,02,02003,1 Rue du Jury,49.353014,3.420131,Plein jour,En agglomération,Hors intersection,Normale,Autre collision,3,2,2,0,2,3,1,0,3,-1,1,1,0,0,1,0,19.0,,deux_roues,,1,2,1,1,6
202300008603,2023-11-22 10:45:00,2023,11,22,10,45,974,97416,LORION(RUE LUC),-21.33731,55.47007,Plein jour,En agglomération,Hors intersection,Normale,Autre collision,4,2,2,0,2,1,1,0,1,50,1,2,0,0,0,2,39.0,,deux_roues,,1,2,1,1,6
202300008604,2023-08-18 21:40:00,2023,8,18,21,40,15,15092,RD922,45.41912,2.50056,Nuit sans éclairage public,Hors agglomération,Hors intersection,Normale,Autre collision,3,2,1,0,2,2,1,0,1,90,1,1,0,0,1,0,36.0,,deux_roues,,3,1,1,1,6
202300008605,2023-12-28 04:10:00,2023,12,28,4,10,972,97209,BEAUSEJOUR JAMBETTE (ROUTE DE ),14.63963,-61.04151,Nuit avec éclairage allumé,Hors agglomération,Hors intersection,Normale,Autre collision,3,-1,2,0,2,1,1,0,1,50,1,2,0,0,1,1,23.0,,voiture,,5,1,1,1,6
202300008606,2023-07-10 23:45:00,2023,7,10,23,45,10,10363,Route Departementale 671,48.22386134,4.1361781,Nuit sans éclairage public,Hors agglomération,Hors intersection,Normale,Deux véhicules - frontale,3,2,2,0,1,1,1,0,1,90,2,2,1,1,0,0,57.0,71.0,utilitaire_camion,voiture,3,1,1,1,1
202300008607,2023-06-06 10:10:00,2023,6,6,10,10,03,03112,D223,46.215246,3.211543,Plein jour,Hors agglomération,Hors intersection,Normale,Deux véhicules - frontale,3,2,2,0,2,2,1,0,1,90,2,2,0,0,1,1,37.0,44.0,voiture,utilitaire_camion,1,1,1,1,1
202300008608,2023-03-20 11:40:00,2023,3,20,11,40,74,74281,THONON (AVENUE DE),46.38,6.508,Plein jour,Hors agglomération,Hors intersection,Normale,Deux véhicules - frontale,3,2,0,0,1,1,1,2,1,50,2,2,0,0,0,2,63.0,29.0,voiture,utilitaire_camion,1,1,1,1,1
202300008609,2023-11-23 17:50:00,2023,11,23,17,50,974,97411,DIGUE (ROUTE),-20.89223,55.46989,Plein jour,En agglomération,Hors intersection,Normale,Autre collision,4,1,1,0,1,1,1,0,1,50,1,2,1,0,0,1,51.0,,transport_commun,,1,2,1,1,6
202300008610,2023-07-08 04:45:00,2023,7,8,4,45,972,97221,D7,14.526237,-60.988899,Nuit avec éclairage allumé,Hors agglomération,Giratoire,Pluie légère,Autre collision,3,2,2,0,1,2,2,0,1,80,1,1,0,0,1,0,33.0,,deux_roues,,5,1,6,2,6
202300008611,2023-08-15 12:10:00,2023,8,15,12,10,01,01314,Grande Rue de la Cotiere,45.99707,5.281366,Plein jour,En agglomération,Giratoire,Temps couvert,Sans collision,3,1,1,0,1,3,2,0,1,50,1,1,0,0,0,1,55.0,,deux_roues,,1,2,6,8,7
202300008612,2023-06-05 15:20:00,2023,6,5,15,20,15,15104,D151 ,44.720782,2.246747,Plein jour,Hors agglomération,Hors intersection,Normale,Autre collision,3,-1,2,0,1,1,2,0,3,90,1,1,0,0,1,0,71.0,,voiture,,1,1,1,1,6
202300008613,2023-12-30 08:35:00,2023,12,30,8,35,87,87050,CAMPANELLE (RUE),45.89242,1.249,Crépuscule ou aube,Hors agglomération,Hors intersection,Brouillard / fumée,Deux véhicules - frontale,3,2,2,0,1,1,9,0,1,80,2,2,1,0,0,1,53.0,66.0,utilitaire_camion,voiture,2,1,1,5,1
202300008614,2023-07-05 06:50:00,2023,7,5,6,50,84,84056,Route de Courthézon,44.110792,4.895112,Plein jour,Hors agglomération,Hors intersection,Normale,Deux véhicules - frontale,3,2,2,0,1,1,1,0,1,70,2,2,0,0,0,2,27.0,58.0,voiture,voiture,1,1,1,1,1
202300008615,2023-06-05 13:30:00,2023,6,5,13,30,06,06090,Route de Tanneron,43.563828,6.908287,Plein jour,Hors agglomération,Hors intersection,Normale,Autre collision,3,-1,2,0,2,3,1,0,1,80,1,1,0,0,0,1,18.0,,deux_roues,,1,1,1,1,6
202300008616,2023-08-19 11:15:00,2023,8,19,11,15,70,70507,Grande Rue,47.447561,6.032985,Plein jour,Hors agglomération,Hors intersection,Normale,Deux véhicules - côté,3,2,2,0,2,1,1,0,1,80,2,2,1,1,0,0,40.0,75.0,utilitaire_camion,deux_roues,1,1,1,1,3