accident_id,datetime,annee,mois,jour,heure,minute,departement,commune_insee,adresse,latitude,longitude,luminosite,agglomeration,intersection,meteo,collision,catr,circ,nbv,vosp,prof,plan,surf,infra,situ,vma,nb_vehicules,nb_usagers,nb_indemnes,nb_tues,nb_blesses_hosp,nb_blesses_legers,age_cond_1,age_cond_2,veh_type_cond_1,veh_type_cond_2,lum_code,agg_code,int_code,atm_code,col_code
202300008617,2023-11-22 18:10:00,2023,11,22,18,10,974,97411,SAINT-FRANCOIS (BOULEVARD DE),-20.89766,55.46254,Plein jour,En agglomération,Intersection en Y,Normale,Deux véhicules - côté,3,2,2,0,2,3,1,0,1,50,2,3,1,0,0,2,43.0,51.0,deux_roues,voiture,1,2,4,1,3
202300008617,2023-11-22 18:10:00,2023,11,22,18,10,974,97411,SAINT-FRANCOIS (BOULEVARD DE),-20.89766,55.46254,Plein jour,En agglomération,Intersection en Y,Normale,Deux véhicules - côté,3,2,2,0,1,1,1,0,1,50,2,3,1,0,0,2,43.0,51.0,deux_roues,voiture,1,2,4,1,3
202300008618,2023-06-05 20:30:00,2023,6,5,20,30,09,09324,laborie,43.053712,1.650181,Crépuscule ou aube,Hors agglomération,Hors intersection,Pluie forte,Sans collision,4,2,2,0,1,1,2,0,8,50,1,1,0,0,1,0,27.0,,deux_roues,,2,1,1,3,7
202300008619,2023-07-10 16:00:00,2023,7,10,16,0,26,26116,A7,44.434343,4.746324,Plein jour,Hors agglomération,Hors intersection,Normale,Deux véhicules - arrière,1,3,3,0,2,1,1,0,1,130,2,3,2,0,0,1,62.0,47.0,voiture,utilitaire_camion,1,1,1,1,2
202300008620,2023-12-30 17:30:00,2023,12,30,17,30,76,76351,MICHEL FERE (QUAI),49.48928,0.11114,Nuit avec éclairage allumé,En agglomération,Giratoire,Pluie forte,Sans collision,4,2,1,2,1,1,2,0,1,50,1,1,0,0,0,1,36.0,,deux_roues,,5,2,6,3,7
202300008621,2023-03-20 19:10:00,2023,3,20,19,10,72,72181,BROSSOLETTE PIERRE (BD) N° IMP,47.97883,0.20531,Nuit avec éclairage allumé,En agglomération,Hors intersection,Normale,Trois véhicules et plus - en chaîne,4,3,2,0,1,1,1,0,1,70,3,6,5,0,0,1,43.0,19.0,utilitaire_camion,voiture,5,2,1,1,4
202300008622,2023-08-16 12:30:00,2023,8,16,12,30,26,26162,RD 538,45.299037,5.039753,Plein jour,Hors agglomération,Autre intersection,Normale,Sans collision,3,2,2,0,1,1,1,0,3,80,1,4,2,0,1,1,22.0,,voiture,,1,1,9,1,7
202300008623,2023-06-05 16:05:00,2023,6,5,16,5,24,24159,Route du Docteur Piotay,45.128804,0.230799,Plein jour,Hors agglomération,Hors intersection,Normale,Deux véhicules - frontale,3,2,2,0,2,1,1,0,1,90,2,2,1,0,1,0,18.0,29.0,utilitaire_camion,deux_roues,1,1,1,1,1
202300008624,2023-07-11 07:30:00,2023,7,11,7,30,12,12169,Naucelle (Gare),44.192198,2.364362,Plein jour,Hors agglomération,Hors intersection,Normale,Deux véhicules - arrière,2,3,4,0,1,1,1,0,1,110,2,6,1,0,2,3,24.0,56.0,voiture,utilitaire_camion,1,1,1,1,2
202300008625,2023-03-20 16:05:00,2023,3,20,16,5,72,72181,MESSIAEN OLIVIER (AV) PAIRS,48.0144,0.16211,Plein jour,En agglomération,Giratoire,Normale,Autre collision,3,-1,2,0,1,3,1,0,1,50,1,1,0,0,0,1,51.0,,deux_roues,,1,2,6,1,6
202300008625,2023-03-20 16:05:00,2023,3,20,16,5,72,72181,MESSIAEN OLIVIER (AV) PAIRS,48.0144,0.16211,Plein jour,En agglomération,Giratoire,Normale,Autre collision,3,1,2,0,2,3,1,1,1,50,1,1,0,0,0,1,51.0,,deux_roues,,1,2,6,1,6
202300008626,2023-12-31 06:43:00,2023,12,31,6,43,76,76341,BELLEVUE,49.51192,0.19938,Nuit avec éclairage allumé,En agglomération,Giratoire,Pluie forte,Sans collision,3,-1,2,0,1,1,2,0,1,50,1,1,0,0,0,1,69.0,,deux_roues,,5,2,6,3,7
202300008626,2023-12-31 06:43:00,2023,12,31,6,43,76,76341,BELLEVUE,49.51192,0.19938,Nuit avec éclairage allumé,En agglomération,Giratoire,Pluie forte,Sans collision,3,2,2,0,1,1,2,0,1,50,1,1,0,0,0,1,69.0,,deux_roues,,5,2,6,3,7
202300008627,2023-11-23 21:35:00,2023,11,23,21,35,69,69387,Avenue Tony Garnier,45.7315,4.8239,Nuit avec éclairage allumé,En agglomération,Passage à niveau,Normale,Deux véhicules - côté,4,2,#VALEURMULTI,3,1,1,1,4,6,50,2,5,4,0,0,1,21.0,58.0,voiture,transport_commun,5,2,8,1,3
202300008628,2023-08-12 15:00:00,2023,8,12,15,0,26,26148,Route de Beaurepaire,45.274009,5.034986,Plein jour,Hors agglomération,Intersection en X,Normale,Deux véhicules - côté,3,2,2,0,3,2,1,0,1,80,2,2,1,0,1,0,54.0,87.0,deux_roues,voiture,1,1,2,1,3
202300008628,2023-08-12 15:00:00,2023,8,12,15,0,26,26148,Route de Beaurepaire,45.274009,5.034986,Plein jour,Hors agglomération,Intersection en X,Normale,Deux véhicules - côté,3,2,2,0,1,1,1,0,1,80,2,2,1,0,1,0,54.0,87.0,deux_roues,voiture,1,1,2,1,3
202300008629,2023-07-08 14:20:00,2023,7,8,14,20,65,65270,Route départementale 5,43.214861,0.171554,Plein jour,En agglomération,Hors intersection,Normale,Autre collision,3,2,2,0,1,1,1,0,3,50,1,1,0,0,1,0,27.0,,voiture,,1,2,1,1,6
202300008630,2023-03-20 12:05:00,2023,3,20,12,5,72,72181,PATTON GENERAL RTE BAUGE A CHEMIN RONDE,48.028,0.175,Plein jour,Hors agglomération,Autre intersection,Normale,Autre collision,3,3,4,0,1,1,1,9,1,90,1,1,0,0,0,1,79.0,,voiture,,1,1,9,1,6
202300008631,2023-06-06 16:30:00,2023,6,6,16,30,85,85280,D205,46.85163,-1.90707,Plein jour,Hors agglomération,Hors intersection,Normale,Deux véhicules - frontale,3,2,0,0,1,1,1,0,1,80,2,8,0,1,3,4,76.0,26.0,voiture,voiture,1,1,1,1,1
202300008632,2023-08-17 19:30:00,2023,8,17,19,30,58,58079,Route de Surgy,47.468708,3.520573,Crépuscule ou aube,En agglomération,Hors intersection,Normale,Autre collision,3,2,2,0,1,1,1,0,3,50,1,1,0,0,0,1,25.0,,voiture,,2,2,1,1,6
202300008633,2023-07-10 13:34:00,2023,7,10,13,34,57,57721,Haut Pont,48.781039,7.245363,Plein jour,En agglomération,Hors intersection,Normale,Deux véhicules - frontale,3,2,2,0,2,1,1,0,1,70,2,2,1,0,1,0,40.0,63.0,voiture,utilitaire_camion,1,2,1,1,1
202300008634,2023-12-30 08:00:00,2023,12,30,8,0,76,76447,RD 31,49.54715,0.18896,Crépuscule ou aube,En agglomération,Giratoire,Normale,Deux véhicules - côté,3,2,2,0,1,1,1,0,1,50,2,2,1,0,0,1,85.0,58.0,voiture,deux_roues,2,2,6,1,3
202300008634,2023-12-30 08:00:00,2023,12,30,8,0,76,76447,RD 31,49.54715,0.18896,Crépuscule ou aube,En agglomération,Giratoire,Normale,Deux véhicules - côté,3,-1,2,0,1,1,1,0,1,50,2,2,1,0,0,1,85.0,58.0,voiture,deux_roues,2,2,6,1,3
202300008635,2023-08-20 11:44:00,2023,8,20,11,44,58,58223,chatenay,47.037462,3.553734,Plein jour,Hors agglomération,Hors intersection,Normale,Autre collision,3,2,2,0,2,1,1,0,3,90,1,1,0,0,1,0,33.0,,voiture,,1,1,1,1,6
202300008636,2023-11-23 06:50:00,2023,11,23,6,50,69,69387,Rue Pré Gaudry,45.73823,4.8376,Nuit avec éclairage allumé,En agglomération,Intersection en X,Normale,Autre collision,4,2,2,2,1,1,1,0,1,30,1,2,1,0,0,1,77.0,,voiture,,5,2,2,1,6
202300008637,2023-03-21 20:55:00,2023,3,21,20,55,69,69264,Rue d’Anse,45.98506,4.71808,Nuit avec éclairage allumé,En agglomération,Hors intersection,Normale,Autre collision,3,2,2,0,1,1,1,0,1,30,1,2,1,0,0,1,54.0,,deux_roues,,5,2,1,1,6
202300008638,2023-06-04 18:00:00,2023,6,4,18,0,28,28098,route nationale 12,48.752857,1.460254,Plein jour,Hors agglomération,Hors intersection,Normale,Deux véhicules - côté,2,3,0,0,1,1,1,0,1,110,2,4,2,0,1,1,20.0,32.0,voiture,voiture,1,1,1,1,3
202300008639,2023-07-10 18:25:00,2023,7,10,18,25,19,19063,RD 921 / RD162,45.157802,1.601129,Plein jour,Hors agglomération,Intersection en T,Normale,Deux véhicules - côté,3,2, -1,-1,1,1,1,0,1,90,2,2,1,0,1,0,19.0,68.0,deux_roues,utilitaire_camion,1,1,3,1,3
202300008639,2023-07-10 18:25:00,2023,7,10,18,25,19,19063,RD 921 / RD162,45.157802,1.601129,Plein jour,Hors agglomération,Intersection en T,Normale,Deux véhicules - côté,3,2,2,0,1,1,1,0,1,90,2,2,1,0,1,0,19.0,68.0,deux_roues,utilitaire_camion,1,1,3,1,3
202300008640,2023-08-17 11:30:00,2023,8,17,11,30,58,58177,D161,47.143741,3.871232,Plein jour,Hors agglomération,Hors intersection,Normale,Autre collision,3,2,2,0,2,1,1,0,1,80,2,2,1,0,1,0,59.0,54.0,deux_roues,deux_roues,1,1,1,1,6
202300008641,2023-12-30 17:30:00,2023,12,30,17,30,76,76351,VOLTAIRE,49.48999,0.10355,Nuit avec éclairage allumé,En agglomération,Intersection en T,Normale,Autre collision,4,2,1,0,1,1,1,0,1,50,1,2,1,0,0,1,49.0,,voiture,,5,2,3,1,6
202300008641,2023-12-30 17:30:00,2023,12,30,17,30,76,76351,VOLTAIRE,49.48999,0.10355,Nuit avec éclairage allumé,En agglomération,Intersection en T,Normale,Autre collision,4,2,1,0,1,1,1,0,1,50,1,2,1,0,0,1,49.0,,voiture,,5,2,3,1,6
202300008642,2023-11-23 10:15:00,2023,11,23,10,15,972,97209,BISHOP (Avenue Maurice),14.60607,-61.05889,Plein jour,En agglomération,Hors intersection,Normale,Deux véhicules - arrière,2,1,4,0,1,1,1,9,1,50,2,2,0,0,1,0,71.0,,deux_roues,voiture,1,2,1,1,2
202300008643,2023-03-20 17:25:00,2023,3,20,17,25,69,69264,173 Rue Thimonnier,45.99865,4.71405,Plein jour,En agglomération,Hors intersection,Normale,Autre collision,4,1,1,0,1,1,1,0,1,50,1,2,1,0,0,1,21.0,,voiture,,1,2,1,1,6
202300008644,2023-07-04 09:20:00,2023,7,4,9,20,19,19123,rond point Simone VEIL,45.168996,1.560152,Plein jour,En agglomération,Giratoire,Normale,Deux véhicules - côté,4,1,2,0,1,2,1,0,1,50,2,2,1,0,1,0,75.0,67.0,deux_roues,voiture,1,2,6,1,3
202300008645,2023-06-06 12:15:00,2023,6,6,12,15,30,30161,,44.02066,4.10464,Plein jour,Hors agglomération,Hors intersection,Normale,Autre collision,3,2,2,0,1,1,1,0,3,80,1,2,0,0,2,0,22.0,,utilitaire_camion,,1,1,1,1,6
202300008646,2023-12-30 00:05:00,2023,12,30,0,5,14,14366,Route d'Orbec,49.13634,0.24041,Nuit avec éclairage allumé,En agglomération,Hors intersection,Normale,Autre collision,3,3,2,0,1,1,1,0,1,50,1,1,0,0,1,0,20.0,,deux_roues,,5,2,1,1,6
202300008647,2023-08-17 18:10:00,2023,8,17,18,10,58,58088,D977,47.012486,3.202874,Plein jour,Hors agglomération,Hors intersection,Normale,Deux véhicules - côté,3,3,0,0,1,1,1,5,1,70,2,3,1,0,0,2,68.0,41.0,deux_roues,voiture,1,1,1,1,3
202300008648,2023-07-10 21:39:00,2023,7,10,21,39,77,77325,Rue d'Henrien,48.423183,3.248946,Crépuscule ou aube,En agglomération,Hors intersection,Normale,Sans collision,4,2,2,0,1,1,1,0,1,50,1,2,1,0,0,1,18.0,,deux_roues,,2,2,1,1,7
202300008649,2023-03-21 14:00:00,2023,3,21,14,0,69,69259,34 Boulevard Marcel Sembat,45.71385,4.8783,Plein jour,En agglomération,Hors intersection,Normale,Deux véhicules - frontale,4,2,2,2,1,1,1,0,1,50,2,2,1,0,0,1,55.0,74.0,voiture,voiture,1,2,1,1,1
202300008650,2023-12-29 18:45:00,2023,12,29,18,45,92,92026,GAMBETTA,48.89435,2.24903,Nuit avec éclairage allumé,En agglomération,Hors intersection,Normale,Sans collision,3,1,3,2,1,2,1,0,1,50,1,1,0,0,1,0,47.0,,deux_roues,,5,2,1,1,7
202300008651,2023-06-05 12:00:00,2023,6,5,12,0,988,98825,"RT1, en face du motel de Tia",-21.14951,164.87821,Plein jour,Hors agglomération,Intersection en T,Normale,Deux véhicules - côté,2,2,2,-1,-1,1,1,-1,1,-1,2,3,2,0,1,0,77.0,61.0,utilitaire_camion,voiture,1,1,3,1,3
202300008651,2023-06-05 12:00:00,2023,6,5,12,0,988,98825,"RT1, en face du motel de Tia",-21.14951,164.87821,Plein jour,Hors agglomération,Intersection en T,Normale,Deux véhicules - côté,2,2,2,0,1,1,1,5,1,110,2,3,2,0,1,0,77.0,61.0,utilitaire_camion,voiture,1,1,3,1,3
202300008652,2023-11-23 17:00:00,2023,11,23,17,0,69,69389,Quai du Commerce,45.78054,4.80905,Nuit avec éclairage allumé,En agglomération,Intersection en X,Normale,Deux véhicules - côté,4,2,3,1,1,1,1,0,1,30,2,5,2,0,0,3,37.0,33.0,utilitaire_camion,voiture,5,2,2,1,3
202300008653,2023-07-11 02:45:00,2023,7,11,2,45,76,76360,Rue du Pont Rouge,49.75136,1.09905,Nuit sans éclairage public,Hors agglomération,Hors intersection,Normale,Autre collision,3,2,2,0,1,2,1,0,3,80,1,4,0,0,1,3,21.0,,voiture,,3,1,1,1,6
202300008654,2023-08-17 11:50:00,2023,8,17,11,50,58,58303,Boulevard Camille Dagonneau,47.019099,3.14798,Plein jour,En agglomération,Hors intersection,Normale,Deux véhicules - côté,3,3,1,2,1,1,1,0,5,50,2,2,1,0,0,1,23.0,23.0,voiture,deux_roues,1,2,1,1,3
202300008655,2023-03-20 19:30:00,2023,3,20,19,30,67,67447,Carrefour des quatre vents,48.60449,7.7474,Crépuscule ou aube,En agglomération,Intersection en T,Normale,Deux véhicules - côté,7,2,4,0,2,1,1,0,1,50,2,2,1,0,0,1,21.0,31.0,voiture,deux_roues,2,2,3,1,3
202300008655,2023-03-20 19:30:00,2023,3,20,19,30,67,67447,Carrefour des quatre vents,48.60449,7.7474,Crépuscule ou aube,En agglomération,Intersection en T,Normale,Deux véhicules - côté,7,2,4,0,1,1,1,0,1,50,2,2,1,0,0,1,21.0,31.0,voiture,deux_roues,2,2,3,1,3
202300008656,2023-07-11 10:00:00,2023,7,11,10,0,2B,2B305,D 131,42.721267,9.451729,Plein jour,En agglomération,Hors intersection,Normale,Deux véhicules - côté,3,2,2,0,2,1,1,0,1,50,2,2,1,0,0,1,56.0,64.0,voiture,deux_roues,1,2,1,1,3
202300008657,2023-06-05 22:30:00,2023,6,5,22,30,988,98832,Touaourou (Tribu),-22.23256,167.004611,Nuit sans éclairage public,Hors agglomération,Hors intersection,Pluie légère,Sans collision,4,2,2,0,1,3,2,0,3,-1,1,3,2,0,1,0,50.0,,utilitaire_camion,,3,1,1,2,7
202300008658,2023-11-22 09:45:00,2023,11,22,9,45,69,69389,Avenue Joannès Masset,45.77354,4.80042,Plein jour,En agglomération,Intersection en Y,Temps couvert,Autre collision,4,1,1,2,1,4,1,0,1,30,1,2,1,0,0,1,57.0,,utilitaire_camion,,1,2,4,8,6
202300008658,2023-11-22 09:45:00,2023,11,22,9,45,69,69389,Avenue Joannès Masset,45.77354,4.80042,Plein jour,En agglomération,Intersection en Y,Temps couvert,Autre collision,4,2,2,2,1,3,1,0,1,30,1,2,1,0,0,1,57.0,,utilitaire_camion,,1,2,4,8,6
202300008659,2023-12-06 11:55:00,2023,12,6,11,55,57,57269,Rue Galla,49.302398,6.214882,Plein jour,En agglomération,Hors intersection,Normale,Deux véhicules - côté,4,2,2,0,1,1,1,0,1,50,2,2,0,0,0,2,88.0,39.0,deux_roues,utilitaire_camion,1,2,1,1,3
202300008660,2023-08-20 11:30:00,2023,8,20,11,30,58,58095,2 Rue Marèchal Foch,46.828094,3.460095,Plein jour,En agglomération,Hors intersection,Normale,Deux véhicules - côté,4,1,1,0,2,2,1,0,1,20,2,2,1,0,0,1,51.0,68.0,voiture,deux_roues,1,2,1,1,3
202300008661,2023-07-11 09:11:00,2023,7,11,9,11,19,19274,autoroute A89 - PK 182+800,45.1694029,1.46646792,Plein jour,Hors agglomération,Hors intersection,Normale,Sans collision,1,1,2,0,1,2,1,2,8,90,1,1,0,0,0,1,50.0,,utilitaire_camion,,1,1,1,1,7
202300008662,2023-03-17 22:30:00,2023,3,17,22,30,67,67482,MELANIE (RUE),48.60298,7.79258,Nuit avec éclairage allumé,En agglomération,Hors intersection,Normale,Autre collision,4,1,2,0,1,3,1,5,8,50,1,1,0,0,0,1,59.0,,utilitaire_camion,,5,2,1,1,6
202300008663,2023-06-03 19:50:00,2023,6,3,19,50,974,97422,Chemin Notre Dame de la Salette,-21.238322,55.520541,Nuit avec éclairage allumé,En agglomération,Hors intersection,Normale,Sans collision,4,2,2,0,1,1,1,0,1,50,1,1,0,0,1,0,31.0,,deux_roues,,5,2,1,1,7
202300008664,2023-11-23 06:50:00,2023,11,23,6,50,69,69382,16 Quai Perrache,45.74498492,4.82721716,Nuit avec éclairage allumé,En agglomération,Hors intersection,Normale,Sans collision,4,2,2,1,1,1,1,8,5,30,1,1,0,0,1,0,43.0,,deux_roues,,5,2,1,1,7
202300008665,2023-07-10 19:10:00,2023,7,10,19,10,41,41002,A85,47.295487,1.243794,Plein jour,Hors agglomération,Hors intersection,Normale,Deux véhicules - côté,1,3,2,0,2,2,1,0,1,130,2,2,1,0,0,1,85.0,60.0,voiture,voiture,1,1,1,1,3
202300008666,2023-12-30 10:10:00,2023,12,30,10,10,34,34237,départementale 15,43.50076,3.30269,Plein jour,Hors agglomération,Hors intersection,Normale,Deux véhicules - côté,3,2,2,0,1,1,1,0,1,-1,2,2,1,0,0,1,22.0,78.0,voiture,voiture,1,1,1,1,3
202300008667,2023-08-17 14:50:00,2023,8,17,14,50,58,58151,11 Rue Clémence Bonde,46.895804,3.466771,Plein jour,En agglomération,Hors intersection,Normale,Deux véhicules - frontale,3,2,2,0,1,1,1,0,1,50,2,3,2,0,1,0,71.0,28.0,voiture,utilitaire_camion,1,2,1,1,1
202300008668,2023-06-05 01:30:00,2023,6,5,1,30,978,97801,"RD 208, les Terres Basses",18.068759,-63.12139,Nuit avec éclairage allumé,Hors agglomération,Hors intersection,Normale,Autre collision,3,2,2,0,2,3,1,0,3,50,1,3,1,0,2,0,19.0,,voiture,,5,1,1,1,6
202300008669,2023-11-23 13:00:00,2023,11,23,13,0,971,97105,MAURICE MARIE-CLAIRE(RUE),15.99609521,-61.73097074,Plein jour,En agglomération,Hors intersection,Normale,Autre collision,4,1,1,0,1,1,1,9,6,30,1,2,1,0,0,1,36.0,,deux_roues,,1,2,1,1,6
202300008670,2023-03-20 09:45:00,2023,3,20,9,45,66,66136,,42.69696,2.90556,Plein jour,En agglomération,Hors intersection,Normale,Deux véhicules - côté,4,2,2,0,1,1,1,0,1,50,2,2,1,0,1,0,27.0,77.0,deux_roues,voiture,1,2,1,1,3
202300008671,2023-07-10 18:30:00,2023,7,10,18,30,11,11165,,42.872286,2.153977,Plein jour,Hors agglomération,Hors intersection,Normale,Sans collision,3,2,2,0,2,1,1,0,3,80,1,1,0,0,1,0,29.0,,deux_roues,,1,1,1,1,7
202300008672,2023-08-21 02:50:00,2023,8,21,2,50,66,66024,Bretelle d'accès D618/D900,42.516935,2.830374,Nuit sans éclairage public,En agglomération,Hors intersection,Normale,Autre collision,3,1,1,0,2,3,1,0,3,50,1,1,0,0,1,0,42.0,,voiture,,3,2,1,1,6
202300008673,2023-12-30 18:30:00,2023,12,30,18,30,988,98805,Col de Tonghoué (Arrêt de bus),-22.18969,166.481444,Crépuscule ou aube,Hors agglomération,Hors intersection,Normale,Deux véhicules - frontale,2,2,2,0,2,3,1,0,1,70,2,2,1,0,0,1,52.0,24.0,voiture,utilitaire_camion,2,1,1,1,1
202300008674,2023-07-11 12:30:00,2023,7,11,12,30,42,42262,Route de Rozier,45.393334,4.178525,Plein jour,Hors agglomération,Hors intersection,Normale,Autre collision,7,2,2,0,1,1,1,0,1,70,1,1,0,0,1,0,61.0,,voiture,,1,1,1,1,6
202300008675,2023-03-16 06:15:00,2023,3,16,6,15,63,63103,RD 227,45.91289339,3.08069676,Nuit sans éclairage public,Hors agglomération,Hors intersection,Normale,Sans collision,3,2,1,0,2,1,1,0,3,70,1,1,0,0,1,0,53.0,,voiture,,3,1,1,1,7
202300008676,2023-11-22 09:00:00,2023,11,22,9,0,95,95539,JEAN MOULIN (AVENUE),48.9948941,2.36513972,Plein jour,En agglomération,Hors intersection,Normale,Autre collision,4,2,2,0,1,3,1,0,1,50,1,2,1,0,1,0,26.0,,voiture,,1,2,1,1,6
202300008677,2023-06-04 20:45:00,2023,6,4,20,45,971,97121,RN2,16.205964,-61.780586,Nuit sans éclairage public,Hors agglomération,Hors intersection,Normale,Deux véhicules - frontale,2,2,2,0,1,3,1,0,1,70,2,4,1,0,1,2,47.0,61.0,voiture,voiture,3,1,1,1,1
202300008678,2023-08-21 14:45:00,2023,8,21,14,45,54,54206,Rue du Haut Meix,48.5242507,6.55021191,Plein jour,Hors agglomération,Hors intersection,Normale,Autre collision,4,2,2,0,1,2,1,0,8,80,1,1,0,1,0,0,33.0,,voiture,,1,1,1,1,6
202300008679,2023-12-30 08:00:00,2023,12,30,8,0,986,98613,RT1 Mata'Utu ,-13.281824,-176.176299,Plein jour,En agglomération,Hors intersection,Normale,Deux véhicules - côté,2,2,2,0,1,1,1,0,1,30,2,2,1,0,0,1,37.0,58.0,voiture,voiture,1,2,1,1,3
202300008680,2023-07-17 09:50:00,2023,7,17,9,50,72,72180,20 Rue Châtelaine,48.351671,0.370203,Plein jour,En agglomération,Hors intersection,Normale,Sans collision,4,2,2,0,1,1,1,0,1,30,1,1,0,1,0,0,86.0,,voiture,,1,2,1,1,7
202300008681,2023-11-23 17:15:00,2023,11,23,17,15,91,91689,RUE DES AVERNAISES,48.73654,2.34798,Nuit avec éclairage allumé,En agglomération,Giratoire,Normale,Deux véhicules - arrière,3,1,2,0,1,1,1,0,1,50,2,2,1,0,1,0,43.0,44.0,utilitaire_camion,deux_roues,5,2,6,1,2
202300008682,2023-03-19 14:27:00,2023,3,19,14,27,63,63113,FLAUBERT/ Oradou/Schuman,45.76452,3.12553,Plein jour,En agglomération,Intersection à plus de 4 branches,Normale,Deux véhicules - côté,7,3,5,0,1,1,1,5,1,50,2,2,1,0,0,1,24.0,46.0,voiture,voiture,1,2,5,1,3
202300008682,2023-03-19 14:27:00,2023,3,19,14,27,63,63113,FLAUBERT/ Oradou/Schuman,45.76452,3.12553,Plein jour,En agglomération,Intersection à plus de 4 branches,Normale,Deux véhicules - côté,7,2,5,0,1,1,1,5,1,50,2,2,1,0,0,1,24.0,46.0,voiture,voiture,1,2,5,1,3
202300008683,2023-06-06 08:30:00,2023,6,6,8,30,91,91318,D17,48.516617,2.268079,Plein jour,En agglomération,Hors intersection,Normale,Deux véhicules - côté,3,2,2,0,1,1,1,0,1,-1,2,2,1,0,0,1,69.0,25.0,voiture,deux_roues,1,2,1,1,3
202300008684,2023-07-10 21:30:00,2023,7,10,21,30,39,39432,Place de la Liberte,47.223528,5.501779,Plein jour,En agglomération,Intersection en T,Normale,Deux véhicules - côté,3,2,2,0,1,2,1,0,1,50,2,2,1,0,1,0,15.0,26.0,deux_roues,voiture,1,2,3,1,3
202300008684,2023-07-10 21:30:00,2023,7,10,21,30,39,39432,Place de la Liberte,47.223528,5.501779,Plein jour,En agglomération,Intersection en T,Normale,Deux véhicules - côté,3,2,2,-1,2,2,1,0,1,-1,2,2,1,0,1,0,15.0,26.0,deux_roues,voiture,1,2,3,1,3
202300008685,2023-12-30 17:40:00,2023,12,30,17,40,77,77029,D211,48.637659,2.862754,Nuit sans éclairage public,Hors agglomération,Hors intersection,Normale,Autre collision,3,2,2,0,1,1,2,0,1,-1,1,3,1,0,2,0,72.0,,voiture,,3,1,1,1,6
202300008686,2023-06-05 18:55:00,2023,6,5,18,55,11,11433,D620,43.304106,2.475105,Plein jour,Hors agglomération,Hors intersection,Normale,Autre collision,3,2,2,0,1,1,1,0,8,-1,1,1,0,0,1,0,44.0,,voiture,,1,1,1,1,6
202300008687,2023-07-11 09:25:00,2023,7,11,9,25,44,44007,,47.637114,-1.970201,Plein jour,Hors agglomération,Hors intersection,Normale,Sans collision,3,2,2,0,1,1,1,0,1,80,1,1,0,0,1,0,16.0,,utilitaire_camion,,1,1,1,1,7
202300008688,2023-08-17 18:38:00,2023,8,17,18,38,72,72111,lieu dit la grande grouas,48.081082,0.017654,Plein jour,Hors agglomération,Intersection en X,Normale,Deux véhicules - côté,3,2,2,0,1,1,1,0,1,80,2,2,1,0,1,0,41.0,18.0,voiture,deux_roues,1,1,2,1,3
202300008688,2023-08-17 18:38:00,2023,8,17,18,38,72,72111,lieu dit la grande grouas,48.081082,0.017654,Plein jour,Hors agglomération,Intersection en X,Normale,Deux véhicules - côté,3,2,2,0,4,3,1,0,1,80,2,2,1,0,1,0,41.0,18.0,voiture,deux_roues,1,1,2,1,3
202300008689,2023-11-22 20:30:00,2023,11,22,20,30,91,91433,R.D.20,48.45802,2.17706,Nuit sans éclairage public,En agglomération,Giratoire,Temps couvert,Deux véhicules - arrière,3,2,1,0,1,3,1,5,1,50,2,3,2,0,0,1,76.0,49.0,voiture,voiture,3,2,6,8,2
202300008689,2023-11-22 20:30:00,2023,11,22,20,30,91,91433,R.D.20,48.45802,2.17706,Nuit sans éclairage public,En agglomération,Giratoire,Temps couvert,Deux véhicules - arrière,3,3,4,0,1,1,1,9,1,50,2,3,2,0,0,1,76.0,49.0,voiture,voiture,3,2,6,8,2
202300008690,2023-07-09 17:15:00,2023,7,9,17,15,29,29163,D785,48.5241384,-3.86919123,Plein jour,Hors agglomération,Hors intersection,Normale,Sans collision,3,2,2,0,1,1,1,0,3,80,1,1,0,0,1,0,83.0,,voiture,,1,1,1,1,7
202300008691,2023-06-06 13:15:00,2023,6,6,13,15,84,84078,N7,44.229895,4.712663,Plein jour,Hors agglomération,Hors intersection,Normale,Deux véhicules - côté,2,2,2,0,1,1,1,0,1,80,2,2,1,0,1,0,63.0,31.0,voiture,utilitaire_camion,1,1,1,1,3
202300008692,2023-08-20 11:30:00,2023,8,20,11,30,06,06086,Route de Turini,43.976857,7.392486,Plein jour,Hors agglomération,Hors intersection,Normale,Sans collision,3,2,2,0,2,3,1,0,1,70,1,2,0,0,2,0,69.0,,deux_roues,,1,1,1,1,7
202300008693,2023-03-18 09:35:00,2023,3,18,9,35,60,60159,Place du Général De Gaulle,49.418,2.82955,Plein jour,En agglomération,Hors intersection,Normale,Deux véhicules - arrière,4,1,1,0,1,1,1,0,1,30,2,2,1,0,0,1,14.0,28.0,deux_roues,utilitaire_camion,1,2,1,1,2
202300008694,2023-11-22 18:00:00,2023,11,22,18,0,88,88484,CD417,48.1174,6.3658,Nuit avec éclairage non allumé,En agglomération,Hors intersection,Normale,Autre collision,4,2,2,0,1,1,1,9,1,50,1,2,1,0,1,0,33.0,,utilitaire_camion,,4,2,1,1,6
202300008695,2023-08-19 07:25:00,2023,8,19,7,25,14,14005,Route de Paris,49.122141,-0.126868,Plein jour,Hors agglomération,Hors intersection,Normale,Autre collision,3,2,3,0,1,1,1,0,3,80,1,1,0,0,1,0,22.0,,voiture,,1,1,1,1,6