accident_id,datetime,annee,mois,jour,heure,minute,departement,commune_insee,adresse,latitude,longitude,luminosite,agglomeration,intersection,meteo,collision,catr,circ,nbv,vosp,prof,plan,surf,infra,situ,vma,nb_vehicules,nb_usagers,nb_indemnes,nb_tues,nb_blesses_hosp,nb_blesses_legers,age_cond_1,age_cond_2,veh_type_cond_1,veh_type_cond_2,lum_code,agg_code,int_code,atm_code,col_code
202300008975,2023-08-17 16:20:00,2023,8,17,16,20,48,48065,,44.21577,3.528977,Plein jour,Hors agglomération,Hors intersection,Temps éblouissant,Deux véhicules - frontale,3,2,2,0,2,3,1,0,1,90,2,2,1,0,1,0,53.0,48.0,utilitaire_camion,deux_roues,1,1,1,7,1
202300008976,2023-10-13 16:17:00,2023,10,13,16,17,06,06069,CAPUCINS (CHEMIN ET IMPASSE DES),43.65212,6.92987,Plein jour,En agglomération,Hors intersection,Normale,Autre collision,4,2,2,0,2,4,1,0,1,50,1,2,0,0,1,1,20.0,,deux_roues,,1,2,1,1,6
202300008977,2023-12-31 05:50:00,2023,12,31,5,50,971,97101,RN1 ROCADE DE CHAUVEL,16.23599,-61.5232,Crépuscule ou aube,Hors agglomération,Hors intersection,Normale,Deux véhicules - arrière,2,1,2,0,1,1,1,9,1,90,2,3,1,0,0,2,37.0,20.0,voiture,voiture,2,1,1,1,2
202300008978,2023-07-10 17:05:00,2023,7,10,17,5,91,91228,AUTOROUTE A6,48.62418,2.41915,Plein jour,Hors agglomération,Hors intersection,Normale,Trois véhicules et plus - en chaîne,1,1,3,0,1,1,1,0,1,110,4,5,2,0,0,3,60.0,37.0,voiture,utilitaire_camion,1,1,1,1,4
202300008979,2023-03-20 17:05:00,2023,3,20,17,5,93,93057,Avenue Aristide Briand,48.9076692,2.4933292,Plein jour,En agglomération,Hors intersection,Normale,Autre collision,3,3,6,3,1,1,1,0,6,50,1,2,1,0,0,1,44.0,,deux_roues,,1,2,1,1,6
202300008980,2023-06-04 12:00:00,2023,6,4,12,0,54,54431,Rue du Bois le Prêtre,48.92157,6.04018,Plein jour,Hors agglomération,Autre intersection,Normale,Deux véhicules - côté,9,2,2,1,1,1,1,0,5,50,2,2,0,0,0,2,61.0,58.0,deux_roues,deux_roues,1,1,9,1,3
202300008981,2023-08-19 03:50:00,2023,8,19,3,50,48,48070,D985,44.798341,3.626063,Nuit sans éclairage public,Hors agglomération,Hors intersection,Normale,Autre collision,3,2,2,0,1,1,1,0,1,70,1,1,0,0,1,0,23.0,,voiture,,3,1,1,1,6
202300008982,2023-12-31 02:50:00,2023,12,31,2,50,971,97113,GRAND BAIE ( RN4),16.21822,-61.51276,Nuit avec éclairage allumé,Hors agglomération,Hors intersection,Normale,Sans collision,4,3,4,0,1,1,9,0,1,50,1,1,0,0,0,1,58.0,,deux_roues,,5,1,1,1,7
202300008983,2023-11-21 10:20:00,2023,11,21,10,20,06,06069,GRAND CHENE (CHEMIN DU),43.66667,6.91667,Plein jour,En agglomération,Hors intersection,Normale,Autre collision,4,2,1,0,1,1,1,0,1,50,1,1,0,0,0,1,34.0,,voiture,,1,2,1,1,6
202300008984,2023-07-10 19:00:00,2023,7,10,19,0,91,91161,AUTOROUTE A6,48.69896,2.31265,Plein jour,Hors agglomération,Hors intersection,Normale,Deux véhicules - arrière,1,1,3,0,1,1,1,0,1,110,2,3,1,0,0,2,44.0,41.0,voiture,voiture,1,1,1,1,2
202300008985,2023-12-31 14:57:00,2023,12,31,14,57,2A,2A004,DIAMANT I RCE AV PASCAL ROSSINI,41.91695202,8.73679563,Plein jour,En agglomération,Hors intersection,Normale,Deux véhicules - côté,4,-1,2,0,1,1,1,0,1,50,2,2,1,0,0,1,33.0,29.0,voiture,deux_roues,1,2,1,1,3
202300008986,2023-08-16 11:30:00,2023,8,16,11,30,08,08218,,49.8692,4.843415,Plein jour,Hors agglomération,Hors intersection,Normale,Deux véhicules - côté,3,2,2,0,3,3,1,0,1,-1,2,2,1,0,1,0,64.0,38.0,utilitaire_camion,deux_roues,1,1,1,1,3
202300008987,2023-11-22 09:35:00,2023,11,22,9,35,06,06027,ALPES AVENUE DES,43.6622,7.13222,Plein jour,En agglomération,Hors intersection,Normale,Autre collision,7,2,5,0,1,1,1,0,1,50,1,3,2,0,0,1,30.0,,voiture,,1,2,1,1,6
202300008988,2023-03-21 16:25:00,2023,3,21,16,25,92,92033,DIX NEUF JANVIER,48.849986,2.197777,Plein jour,En agglomération,Intersection en T,Normale,Deux véhicules - côté,4,2,2,0,2,1,1,0,1,30,2,3,1,0,0,2,42.0,16.0,voiture,deux_roues,1,2,3,1,3
202300008988,2023-03-21 16:25:00,2023,3,21,16,25,92,92033,DIX NEUF JANVIER,48.849986,2.197777,Plein jour,En agglomération,Intersection en T,Normale,Deux véhicules - côté,4,2,2,0,2,1,1,0,1,30,2,3,1,0,0,2,42.0,16.0,voiture,deux_roues,1,2,3,1,3
202300008989,2023-07-10 16:40:00,2023,7,10,16,40,91,91377,RN20,48.72988,2.30042,Plein jour,En agglomération,Intersection en X,Normale,Deux véhicules - arrière,3,3,6,0,1,1,1,0,8,70,2,2,1,0,0,1,28.0,20.0,utilitaire_camion,voiture,1,2,2,1,2
202300008989,2023-07-10 16:40:00,2023,7,10,16,40,91,91377,RN20,48.72988,2.30042,Plein jour,En agglomération,Intersection en X,Normale,Deux véhicules - arrière,3,3,6,0,1,1,1,0,1,50,2,2,1,0,0,1,28.0,20.0,utilitaire_camion,voiture,1,2,2,1,2
202300008990,2023-08-20 17:30:00,2023,8,20,17,30,88,88426,Rue du Ballon d'Alsace,47.836645,6.834548,Plein jour,En agglomération,Hors intersection,Normale,Sans collision,3,2,2,0,2,2,1,0,8,80,1,1,0,0,1,0,51.0,,deux_roues,,1,2,1,1,7
202300008991,2023-12-30 17:55:00,2023,12,30,17,55,95,95280,D47A,49.01118077,2.48385832,Crépuscule ou aube,En agglomération,Place,Normale,Deux véhicules - côté,3,2,2,0,2,1,1,0,1,50,2,2,1,0,1,0,21.0,18.0,deux_roues,utilitaire_camion,2,2,7,1,3
202300008992,2023-03-21 02:40:00,2023,3,21,2,40,92,92051,"CHARLES DE GAULLE (AVENUE,N°118 A 192 +",48.88263572,2.26741299,Nuit sans éclairage public,En agglomération,Hors intersection,Normale,Autre collision,2,1,3,0,1,1,1,5,1,50,1,1,0,0,0,1,40.0,,deux_roues,,3,2,1,1,6
202300008993,2023-11-23 11:30:00,2023,11,23,11,30,06,06004,VAUTRIN BD DU GENERAL,43.583953,7.11819,Plein jour,Hors agglomération,Hors intersection,Normale,Autre collision,3,1,1,0,2,3,1,2,1,50,1,2,0,0,1,1,26.0,,voiture,,1,1,1,1,6
202300008994,2023-07-10 18:30:00,2023,7,10,18,30,91,91286,AUTOROUTE A6,48.65744,2.37643,Plein jour,Hors agglomération,Hors intersection,Normale,Deux véhicules - côté,1,1,3,0,1,1,1,0,1,90,2,2,1,0,0,1,30.0,64.0,deux_roues,voiture,1,1,1,1,3
202300008995,2023-08-16 12:15:00,2023,8,16,12,15,68,68252,RD83,48.153382,7.374594,Plein jour,Hors agglomération,Hors intersection,Normale,Deux véhicules - arrière,3,1,2,0,1,1,1,0,1,110,2,2,1,0,0,1,65.0,63.0,deux_roues,utilitaire_camion,1,1,1,1,2
202300008996,2023-12-31 18:20:00,2023,12,31,18,20,95,95428,CHARLES DE GAULLE (AVENUE DE),48.973495,2.310835,Nuit avec éclairage allumé,En agglomération,Hors intersection,Normale,Autre collision,3,2,2,0,1,1,1,0,1,50,1,2,1,0,0,1,50.0,,voiture,,5,2,1,1,6
202300008997,2023-03-21 07:06:00,2023,3,21,7,6,92,92050,FONTANOT RUE DES TROIS,48.89567167,2.22208411,Plein jour,En agglomération,Intersection en T,Pluie légère,Autre collision,4,2,2,0,1,1,2,0,1,50,1,2,1,0,0,1,54.0,,voiture,,1,2,3,2,6
202300008997,2023-03-21 07:06:00,2023,3,21,7,6,92,92050,FONTANOT RUE DES TROIS,48.89567167,2.22208411,Plein jour,En agglomération,Intersection en T,Pluie légère,Autre collision,4,2, -1,-1,2,1,2,0,1,-1,1,2,1,0,0,1,54.0,,voiture,,1,2,3,2,6
202300008998,2023-11-22 18:30:00,2023,11,22,18,30,05,05061,COMMANDANT DUMONT ( AVENUE),44.56902,6.08331,Nuit avec éclairage allumé,En agglomération,Hors intersection,Normale,Trois véhicules et plus - en chaîne,2,2,2,0,1,1,1,0,1,50,3,3,2,0,0,1,60.0,29.0,voiture,voiture,5,2,1,1,4
202300008999,2023-07-09 12:03:00,2023,7,9,12,3,78,78498,A13,48.905727,2.005148,Plein jour,Hors agglomération,Hors intersection,Pluie légère,Trois véhicules et plus - collisions multiples,1,3,3,0,2,1,2,0,1,110,3,6,5,0,0,1,31.0,48.0,voiture,voiture,1,1,1,2,5
202300009000,2023-08-20 13:38:00,2023,8,20,13,38,10,10240,A5,48.271354,3.936056,Plein jour,Hors agglomération,Hors intersection,Normale,Autre collision,1,2,2,0,1,1,1,9,3,130,1,3,0,0,1,2,53.0,,voiture,,1,1,1,1,6
202300009001,2023-12-30 11:35:00,2023,12,30,11,35,84,84087,GAULLE (AVENUE CHARLES DE),44.136,4.804,Plein jour,En agglomération,Autre intersection,Temps éblouissant,Autre collision,3,2,3,0,1,1,1,0,8,50,1,2,1,0,0,1,58.0,,voiture,,1,2,9,7,6
202300009002,2023-07-08 19:17:00,2023,7,8,19,17,78,78498,A13,48.91444,2.00557,Plein jour,Hors agglomération,Hors intersection,Normale,Deux véhicules - côté,1,-1,3,0,2,1,1,0,1,90,2,4,3,0,1,0,23.0,27.0,voiture,deux_roues,1,1,1,1,3
202300009003,2023-11-22 07:44:00,2023,11,22,7,44,05,05061,GEORGES POMPIDOU ( BD),44.55636,6.07923,Plein jour,En agglomération,Hors intersection,Normale,Autre collision,4,3,3,0,1,1,1,9,1,50,1,2,1,0,0,1,18.0,,deux_roues,,1,2,1,1,6
202300009004,2023-08-18 17:10:00,2023,8,18,17,10,24,24086,combe longue,44.794544,1.135175,Plein jour,Hors agglomération,Hors intersection,Normale,Sans collision,3,2,2,0,1,2,1,0,3,80,1,1,0,0,0,1,32.0,,deux_roues,,1,1,1,1,7
202300009005,2023-03-21 17:15:00,2023,3,21,17,15,92,92026,GEORGES CLEMENCEAU,48.90282815,2.27320218,Plein jour,En agglomération,Hors intersection,Normale,Deux véhicules - côté,3,2,2,1,1,1,1,0,1,50,2,2,1,0,0,1,24.0,27.0,deux_roues,voiture,1,2,1,1,3
202300009006,2023-07-08 01:50:00,2023,7,8,1,50,78,78322,RN12,48.78705,2.14857,Nuit sans éclairage public,Hors agglomération,Hors intersection,Normale,Autre collision,2,1,3,0,2,1,1,9,1,90,1,1,0,0,0,1,41.0,,utilitaire_camion,,3,1,1,1,6
202300009007,2023-12-31 18:40:00,2023,12,31,18,40,83,83034,AVENUE DE FONT BRUN,43.08537,6.09948,Nuit avec éclairage allumé,En agglomération,Autre intersection,Normale,Deux véhicules - frontale,3,2,2,0,2,1,1,0,1,50,2,2,1,0,0,1,42.0,19.0,voiture,deux_roues,5,2,9,1,1
202300009007,2023-12-31 18:40:00,2023,12,31,18,40,83,83034,AVENUE DE FONT BRUN,43.08537,6.09948,Nuit avec éclairage allumé,En agglomération,Autre intersection,Normale,Deux véhicules - frontale,3,2, -1,-1,1,1,1,0,1,-1,2,2,1,0,0,1,42.0,19.0,voiture,deux_roues,5,2,9,1,1
202300009008,2023-11-20 18:30:00,2023,11,20,18,30,03,03310,Avenue des Célestins,46.1225,3.42797,Nuit avec éclairage allumé,En agglomération,Hors intersection,Pluie légère,Autre collision,3,2,2,0,1,1,2,0,1,50,1,2,1,0,1,0,38.0,,voiture,,5,2,1,2,6
202300009009,2023-07-10 02:43:00,2023,7,10,2,43,95,95572,A15,49.03327,2.11153,Nuit sans éclairage public,Hors agglomération,Hors intersection,Normale,Deux véhicules - frontale,1,1,4,0,2,2,1,0,1,30,2,2,0,0,1,1,31.0,44.0,deux_roues,voiture,3,1,1,1,1
202300009010,2023-08-21 04:51:00,2023,8,21,4,51,45,45036,A77 PR 54 + 511,47.766618,2.715769,Nuit sans éclairage public,Hors agglomération,Hors intersection,Normale,Sans collision,1,3,4,0,1,1,1,0,3,130,1,5,1,0,0,4,20.0,,voiture,,3,1,1,1,7
202300009011,2023-03-20 07:40:00,2023,3,20,7,40,92,92025,GABRIEL PERI (RUE),48.92314448,2.25123435,Plein jour,En agglomération,Hors intersection,Normale,Autre collision,3,2,3,0,1,1,1,0,1,30,1,2,1,0,1,0,43.0,,voiture,,1,2,1,1,6
202300009012,2023-12-30 09:45:00,2023,12,30,9,45,83,83069,SERE DE RIVIERE (RUE),43.11836,6.12234,Plein jour,En agglomération,Hors intersection,Normale,Deux véhicules - côté,4,2,2,0,4,1,1,0,1,50,2,2,1,0,0,1,17.0,69.0,deux_roues,voiture,1,2,1,1,3
202300009013,2023-07-10 09:15:00,2023,7,10,9,15,94,94069,A4,48.81743988,2.42118259,Plein jour,Hors agglomération,Hors intersection,Normale,Deux véhicules - arrière,1,1,0,0,2,1,1,0,1,50,2,2,1,0,0,1,51.0,31.0,voiture,deux_roues,1,1,1,1,2
202300009014,2023-08-19 11:30:00,2023,8,19,11,30,03,03104,"Autoroute A71, PK307+200, sens 1",46.348949,2.840331,Plein jour,Hors agglomération,Hors intersection,Normale,Deux véhicules - arrière,1,3,4,0,1,1,1,0,1,130,2,2,1,0,1,0,29.0,58.0,deux_roues,voiture,1,1,1,1,2
202300009015,2023-11-23 17:45:00,2023,11,23,17,45,75,75117,PORTE D ASNIERES,48.89261,2.302462,Crépuscule ou aube,En agglomération,Hors intersection,Normale,Deux véhicules - côté,4,1,4,0,1,1,1,0,1,70,2,2,1,0,0,1,24.0,41.0,voiture,deux_roues,2,2,1,1,3
202300009016,2023-03-21 11:05:00,2023,3,21,11,5,92,92019,RENOIR AUGUSTE (ALLEE),48.76505788,2.26496726,Plein jour,En agglomération,Hors intersection,Normale,Autre collision,4,2,2,0,2,1,1,0,1,30,1,2,1,0,0,1,31.0,,utilitaire_camion,,1,2,1,1,6
202300009017,2023-08-20 13:45:00,2023,8,20,13,45,65,65389,A64 ,43.10667,0.466034,Plein jour,Hors agglomération,Hors intersection,Normale,Autre collision,1,3,2,0,1,1,1,0,3,130,1,1,0,0,1,0,74.0,,voiture,,1,1,1,1,6
202300009018,2023-12-31 07:55:00,2023,12,31,7,55,78,78502,BELLEVUE (RUE DE),48.8774,2.10648,Crépuscule ou aube,En agglomération,Intersection en T,Pluie légère,Deux véhicules - côté,2,1,2,0,2,3,2,0,1,50,2,2,1,0,1,0,50.0,54.0,deux_roues,voiture,2,2,3,2,3
202300009018,2023-12-31 07:55:00,2023,12,31,7,55,78,78502,BELLEVUE (RUE DE),48.8774,2.10648,Crépuscule ou aube,En agglomération,Intersection en T,Pluie légère,Deux véhicules - côté,2,2,4,0,2,1,2,0,1,70,2,2,1,0,1,0,50.0,54.0,deux_roues,voiture,2,2,3,2,3
202300009019,2023-03-21 06:35:00,2023,3,21,6,35,92,92019,SULLY PRU'DHOMME (AVENUE),48.77357,2.28669,Crépuscule ou aube,En agglomération,Hors intersection,Pluie légère,Deux véhicules - frontale,3,2,2,0,2,3,2,0,1,50,2,2,0,0,0,2,23.0,23.0,voiture,voiture,2,2,1,2,1
202300009020,2023-11-23 08:20:00,2023,11,23,8,20,75,75115,PORTE D ISSY,48.835142,2.269365,Plein jour,En agglomération,Hors intersection,Pluie légère,Trois véhicules et plus - en chaîne,4,1,4,0,1,1,2,0,1,70,4,4,3,0,0,1,24.0,30.0,utilitaire_camion,deux_roues,1,2,1,2,4
202300009021,2023-12-31 19:45:00,2023,12,31,19,45,78,78015,RD POINT RD55/TRIEL/ANDRESY,48.980332,2.049466,Nuit sans éclairage public,Hors agglomération,Hors intersection,Normale,Deux véhicules - frontale,3,2,2,0,1,1,1,9,1,70,2,2,1,0,0,1,24.0,,voiture,voiture,3,1,1,1,1
202300009022,2023-03-21 07:05:00,2023,3,21,7,5,92,92004,DOCTEUR DERVAUX  ( QUAI DU ),48.9110459,2.2985217,Crépuscule ou aube,En agglomération,Intersection en X,Normale,Deux véhicules - côté,3,1,0,0,1,1,1,0,1,50,2,2,1,0,0,1,35.0,37.0,voiture,utilitaire_camion,2,2,2,1,3
202300009022,2023-03-21 07:05:00,2023,3,21,7,5,92,92004,DOCTEUR DERVAUX  ( QUAI DU ),48.9110459,2.2985217,Crépuscule ou aube,En agglomération,Intersection en X,Normale,Deux véhicules - côté,3,2,2,0,1,1,1,0,1,50,2,2,1,0,0,1,35.0,37.0,voiture,utilitaire_camion,2,2,2,1,3
202300009023,2023-08-20 18:55:00,2023,8,20,18,55,18,18148,,47.204048,2.03519,Plein jour,Hors agglomération,Hors intersection,Normale,Trois véhicules et plus - en chaîne,1,3,2,0,1,1,1,0,1,130,3,8,6,0,0,2,36.0,,voiture,voiture,1,1,1,1,4
202300009024,2023-03-21 05:10:00,2023,3,21,5,10,92,92014,GENERAL LECLERC (AV.) (1 A 55BIS - 2 A 4,48.77888,2.31781,Nuit avec éclairage allumé,En agglomération,Hors intersection,Pluie légère,Autre collision,3,1,2,0,2,1,2,0,1,50,1,1,0,0,0,1,59.0,,voiture,,5,2,1,2,6
202300009025,2023-12-29 09:27:00,2023,12,29,9,27,77,77132,AV ROBERT SCHUMAN,48.87183649,2.79765769,Plein jour,En agglomération,Hors intersection,Normale,Deux véhicules - arrière,4,2,2,0,1,1,1,0,1,50,2,2,1,0,0,1,,31.0,voiture,transport_commun,1,2,1,1,2
202300009026,2023-11-22 22:40:00,2023,11,22,22,40,75,75113,PORTE D IVRY,48.818263,2.369457,Nuit avec éclairage allumé,En agglomération,Hors intersection,Normale,Autre collision,4,1,4,0,1,1,1,0,1,70,2,4,3,0,0,1,35.0,67.0,deux_roues,voiture,5,2,1,1,6
202300009027,2023-08-20 06:07:00,2023,8,20,6,7,35,35353,les Petites Hayes,48.12117235,-1.774638,Crépuscule ou aube,Hors agglomération,Giratoire,Brouillard / fumée,Autre collision,3,1,1,0,1,2,1,0,3,80,1,5,1,0,1,3,22.0,,voiture,,2,1,6,5,6
202300009028,2023-12-31 23:15:00,2023,12,31,23,15,77,77464,CLAYE  (RUE DE  ),48.89318817,2.70829866,Nuit avec éclairage allumé,En agglomération,Hors intersection,Normale,Deux véhicules - frontale,3,2,2,0,2,1,2,0,1,50,2,2,1,0,0,1,47.0,34.0,voiture,voiture,5,2,1,1,1
202300009029,2023-03-22 06:10:00,2023,3,22,6,10,06,06114,Quai de la Banquiere,43.739782,7.287611,Crépuscule ou aube,En agglomération,Hors intersection,Normale,Deux véhicules - frontale,4,2,2,0,1,3,1,0,1,30,2,2,1,0,0,1,41.0,25.0,deux_roues,voiture,2,2,1,1,1
202300009030,2023-08-16 04:00:00,2023,8,16,4,0,78,78455,D307,48.842574,2.057538,Nuit avec éclairage allumé,En agglomération,Hors intersection,Normale,Sans collision,3,3,0,0,1,1,1,1,1,90,1,1,0,0,0,1,20.0,,deux_roues,,5,2,1,1,7
202300009031,2023-03-22 15:50:00,2023,3,22,15,50,83,83148,Autoroute A 8,43.40549979,6.41098891,Plein jour,Hors agglomération,Hors intersection,Temps éblouissant,Deux véhicules - arrière,1,3,4,0,1,1,1,0,1,130,2,3,1,0,1,1,46.0,,voiture,,1,1,1,7,2
202300009032,2023-12-30 20:15:00,2023,12,30,20,15,76,76259,LEBORGNE ( RUE CHARLES),49.756,0.376,Nuit avec éclairage allumé,En agglomération,Intersection en T,Normale,Deux véhicules - frontale,4,2,2,0,1,1,1,5,1,30,2,2,1,0,1,0,76.0,19.0,voiture,deux_roues,5,2,3,1,1
202300009032,2023-12-30 20:15:00,2023,12,30,20,15,76,76259,LEBORGNE ( RUE CHARLES),49.756,0.376,Nuit avec éclairage allumé,En agglomération,Intersection en T,Normale,Deux véhicules - frontale,4,2,2,0,1,1,1,0,1,30,2,2,1,0,1,0,76.0,19.0,voiture,deux_roues,5,2,3,1,1
202300009033,2023-03-22 11:30:00,2023,3,22,11,30,28,28103,Rue Saint Michel,47.994556,1.229042,Plein jour,En agglomération,Autre intersection,Temps couvert,Autre collision,4,-1,0,0,1,1,1,0,8,-1,1,2,1,1,0,0,23.0,,utilitaire_camion,,1,2,9,8,6
202300009034,2023-08-17 20:15:00,2023,8,17,20,15,34,34153,D986,43.732647,3.793298,Plein jour,Hors agglomération,Hors intersection,Normale,Trois véhicules et plus - collisions multiples,3,2,2,0,1,1,1,0,1,70,4,7,6,1,0,0,25.0,25.0,voiture,deux_roues,1,1,1,1,5
202300009035,2023-12-31 17:00:00,2023,12,31,17,0,72,72181,PREMARTINE (RUE) N° IMP 185 ET >,48.00892,0.21976,Plein jour,En agglomération,Intersection en T,Normale,Deux véhicules - côté,4,2,2,0,1,1,1,0,1,50,2,2,1,0,0,1,19.0,22.0,voiture,voiture,1,2,3,1,3
202300009035,2023-12-31 17:00:00,2023,12,31,17,0,72,72181,PREMARTINE (RUE) N° IMP 185 ET >,48.00892,0.21976,Plein jour,En agglomération,Intersection en T,Normale,Deux véhicules - côté,4,2,2,0,1,1,1,0,1,50,2,2,1,0,0,1,19.0,22.0,voiture,voiture,1,2,3,1,3
202300009036,2023-03-21 22:00:00,2023,3,21,22,0,972,97222,d1,14.691267,-60.950968,Nuit sans éclairage public,Hors agglomération,Hors intersection,Normale,Deux véhicules - frontale,3,2,2,0,2,2,1,0,1,70,2,2,1,0,1,0,37.0,28.0,voiture,deux_roues,3,1,1,1,1
202300009037,2023-08-18 21:00:00,2023,8,18,21,0,06,06152,Route du Parc,43.613246,7.045609,Nuit sans éclairage public,Hors agglomération,Hors intersection,Normale,Deux véhicules - arrière,3,1,2,0,1,1,1,0,1,70,2,2,1,0,0,1,34.0,25.0,deux_roues,voiture,3,1,1,1,2
202300009038,2023-12-31 18:30:00,2023,12,31,18,30,66,66136,Avenue de GRANDE-BRETAGNE,42.69881,2.87777,Nuit avec éclairage allumé,En agglomération,Intersection en X,Normale,Deux véhicules - côté,3,2,2,0,1,1,1,0,1,50,2,2,1,0,1,0,17.0,51.0,deux_roues,voiture,5,2,2,1,3
202300009038,2023-12-31 18:30:00,2023,12,31,18,30,66,66136,Avenue de GRANDE-BRETAGNE,42.69881,2.87777,Nuit avec éclairage allumé,En agglomération,Intersection en X,Normale,Deux véhicules - côté,3,3,2,0,1,1,1,0,1,50,2,2,1,0,1,0,17.0,51.0,deux_roues,voiture,5,2,2,1,3
202300009039,2023-08-19 11:30:00,2023,8,19,11,30,06,06152,Route de Biot,43.643055,7.050176,Plein jour,Hors agglomération,Hors intersection,Normale,Deux véhicules - côté,3,2,2,0,2,1,1,0,1,50,2,2,1,0,1,0,50.0,54.0,deux_roues,voiture,1,1,1,1,3
202300009040,2023-03-14 14:55:00,2023,3,14,14,55,974,97414,RN5,-21.284636,55.42256,Plein jour,Hors agglomération,Hors intersection,Normale,Autre collision,2,2,2,0,1,1,1,0,1,70,1,2,1,0,1,0,46.0,,deux_roues,,1,1,1,1,6
202300009041,2023-12-26 17:40:00,2023,12,26,17,40,62,62197,D341,50.48819,2.46441,Nuit avec éclairage allumé,En agglomération,Autre intersection,Normale,Deux véhicules - arrière,3,2,2,0,1,1,1,0,1,50,2,3,1,0,1,1,67.0,36.0,voiture,voiture,5,2,9,1,2
202300009042,2023-03-22 06:00:00,2023,3,22,6,0,44,44051,,47.6395608,-1.6535067,Nuit sans éclairage public,Hors agglomération,Hors intersection,Temps couvert,Sans collision,2,3,4,0,1,1,2,0,3,110,1,2,0,0,1,1,38.0,,utilitaire_camion,,3,1,1,8,7
202300009043,2023-08-19 16:15:00,2023,8,19,16,15,66,66195,,42.67872314,2.79681176,Plein jour,Hors agglomération,Hors intersection,Normale,Sans collision,4,2,2,0,1,1,1,0,3,-1,1,1,0,0,1,0,64.0,,deux_roues,,1,1,1,1,7
202300009044,2023-12-31 15:15:00,2023,12,31,15,15,62,62510,D58,50.42157818,2.80032382,Plein jour,En agglomération,Hors intersection,Pluie légère,Autre collision,3,1,0,0,4,3,2,9,8,50,1,1,0,1,0,0,54.0,,voiture,,1,2,1,2,6
202300009045,2023-03-21 13:23:00,2023,3,21,13,23,47,47233,Avenue de Graveyron,44.53109,0.09454,Plein jour,En agglomération,Hors intersection,Normale,Autre collision,3,2,2,0,1,1,1,5,1,50,1,2,1,0,1,0,83.0,,voiture,,1,2,1,1,6
202300009046,2023-08-12 19:20:00,2023,8,12,19,20,90,90076,A36,47.645297,6.907868,Plein jour,Hors agglomération,Hors intersection,Normale,Sans collision,1,1,2,0,1,1,1,0,2,110,1,1,0,0,0,1,29.0,,deux_roues,,1,1,1,1,7
202300009047,2023-12-30 11:40:00,2023,12,30,11,40,59,59220,EGALITE RUE DE L,50.584212,3.08302,Plein jour,En agglomération,Autre intersection,Normale,Deux véhicules - côté,4,-1, -1,0,1,1,1,9,1,30,2,2,1,0,0,1,20.0,52.0,voiture,voiture,1,2,9,1,3
202300009048,2023-03-21 11:15:00,2023,3,21,11,15,95,95026,RD 909,49.14950377,2.37959152,Plein jour,Hors agglomération,Hors intersection,Pluie légère,Trois véhicules et plus - collisions multiples,3,2,2,0,1,2,2,0,1,70,3,3,1,0,0,2,32.0,60.0,voiture,voiture,1,1,1,2,5
202300009049,2023-08-20 21:20:00,2023,8,20,21,20,06,06088,"a8, PK192+450, sens CANNES-NICE",43.711506,7.212669,Nuit sans éclairage public,Hors agglomération,Hors intersection,Normale,Deux véhicules - côté,1,3,6,0,2,2,1,0,1,90,2,4,2,2,0,0,28.0,52.0,deux_roues,voiture,3,1,1,1,3
202300009050,2023-12-31 14:40:00,2023,12,31,14,40,56,56260,DE LATTRE DE TASSIGNY(AVENUE DU MARECHAL,47.64625,-2.75907,Plein jour,En agglomération,Hors intersection,Normale,Deux véhicules - côté,4,2,2,0,1,1,1,0,1,50,2,2,1,0,1,0,54.0,15.0,voiture,deux_roues,1,2,1,1,3
202300009051,2023-03-22 13:00:00,2023,3,22,13,0,76,76315,Départementale 71,49.73882259,0.68840504,Plein jour,Hors agglomération,Intersection en X,Pluie légère,Deux véhicules - côté,3,2,2,0,1,1,2,0,1,80,2,2,1,0,1,0,21.0,25.0,deux_roues,voiture,1,1,2,2,3
202300009051,2023-03-22 13:00:00,2023,3,22,13,0,76,76315,Départementale 71,49.73882259,0.68840504,Plein jour,Hors agglomération,Intersection en X,Pluie légère,Deux véhicules - côté,3,2,2,0,1,1,2,0,1,80,2,2,1,0,1,0,21.0,25.0,deux_roues,voiture,1,1,2,2,3
202300009052,2023-08-19 15:20:00,2023,8,19,15,20,06,06088,"A8, PK 186+500 sens CANNES-NICE",43.67519,7.19715,Plein jour,Hors agglomération,Hors intersection,Normale,Deux véhicules - arrière,1,3,3,0,1,1,1,3,1,50,2,7,5,0,0,2,47.0,34.0,voiture,voiture,1,1,1,1,2
202300009053,2023-12-31 20:10:00,2023,12,31,20,10,47,47001,RIQUET (RUE PIERRE-PAUL DE),44.21102,0.64289,Nuit avec éclairage allumé,En agglomération,Hors intersection,Pluie légère,Deux véhicules - côté,4,2,2,0,1,1,2,0,1,50,2,2,1,0,0,1,58.0,18.0,voiture,deux_roues,5,2,1,2,3
202300009054,2023-03-22 13:00:00,2023,3,22,13,0,2A,2A139,Capo di lecci,41.68397,9.30763,Plein jour,En agglomération,Hors intersection,Normale,Autre collision,4,-1,2,0,2,1,1,0,1,50,1,2,1,0,0,1,63.0,,voiture,,1,2,1,1,6
202300009055,2023-08-20 21:00:00,2023,8,20,21,0,86,86066,A10,46.808015,0.513708,Crépuscule ou aube,Hors agglomération,Hors intersection,Normale,Deux véhicules - arrière,1,3,2,0,1,1,1,0,1,130,2,6,4,0,0,2,28.0,45.0,voiture,voiture,2,1,1,1,2