accident_id,datetime,annee,mois,jour,heure,minute,departement,commune_insee,adresse,latitude,longitude,luminosite,agglomeration,intersection,meteo,collision,catr,circ,nbv,vosp,prof,plan,surf,infra,situ,vma,nb_vehicules,nb_usagers,nb_indemnes,nb_tues,nb_blesses_hosp,nb_blesses_legers,age_cond_1,age_cond_2,veh_type_cond_1,veh_type_cond_2,lum_code,agg_code,int_code,atm_code,col_code
202300009271,2023-08-19 00:00:00,2023,8,19,0,0,49,49301,D158,47.08904903,-1.03638321,Nuit sans éclairage public,Hors agglomération,Hors intersection,Normale,Autre collision,3,2,2,0,1,2,1,0,3,80,1,3,2,0,1,0,20.0,,voiture,,3,1,1,1,6
202300009272,2023-09-19 18:00:00,2023,9,19,18,0,19,19031,ROCHE (RUE MARCELIN),45.16492,1.531,Plein jour,En agglomération,Hors intersection,Normale,Trois véhicules et plus - collisions multiples,4,1,2,0,1,1,1,0,1,50,4,4,3,0,1,0,55.0,38.0,deux_roues,voiture,1,2,1,1,5
202300009273,2023-03-18 20:23:00,2023,3,18,20,23,87,87085,FOCH (RUE DU MARECHAL),45.84464,1.23082,Nuit avec éclairage allumé,En agglomération,Giratoire,Normale,Sans collision,4,2,2,0,1,1,1,0,4,50,1,1,0,0,1,0,32.0,,deux_roues,,5,2,6,1,7
202300009273,2023-03-18 20:23:00,2023,3,18,20,23,87,87085,FOCH (RUE DU MARECHAL),45.84464,1.23082,Nuit avec éclairage allumé,En agglomération,Giratoire,Normale,Sans collision,4,2,2,0,1,1,1,0,1,50,1,1,0,0,1,0,32.0,,deux_roues,,5,2,6,1,7
202300009274,2023-03-20 12:15:00,2023,3,20,12,15,85,85191,RD37 Rue abbé pierre arnaud,46.67961,-1.42161,Plein jour,En agglomération,Intersection en T,Normale,Autre collision,3,2,0,0,1,1,1,0,1,30,1,2,1,0,1,0,53.0,,utilitaire_camion,,1,2,3,1,6
202300009274,2023-03-20 12:15:00,2023,3,20,12,15,85,85191,RD37 Rue abbé pierre arnaud,46.67961,-1.42161,Plein jour,En agglomération,Intersection en T,Normale,Autre collision,3,2,2,0,1,1,1,0,1,30,1,2,1,0,1,0,53.0,,utilitaire_camion,,1,2,3,1,6
202300009275,2023-09-20 12:00:00,2023,9,20,12,0,13,13103,CHEMIN DU QUINTIN,43.63489,5.09029,Plein jour,En agglomération,Intersection en X,Normale,Deux véhicules - côté,4,2,2,1,4,1,1,0,1,50,2,2,1,0,0,1,17.0,48.0,deux_roues,voiture,1,2,2,1,3
202300009275,2023-09-20 12:00:00,2023,9,20,12,0,13,13103,CHEMIN DU QUINTIN,43.63489,5.09029,Plein jour,En agglomération,Intersection en X,Normale,Deux véhicules - côté,4,2,2,1,1,1,1,2,1,50,2,2,1,0,0,1,17.0,48.0,deux_roues,voiture,1,2,2,1,3
202300009276,2023-03-20 19:32:00,2023,3,20,19,32,79,79191,,46.32942,-0.45392,Nuit avec éclairage allumé,En agglomération,Intersection en T,Normale,Deux véhicules - arrière,4,2,2,0,1,1,1,0,1,50,2,2,0,0,2,0,22.0,54.0,deux_roues,deux_roues,5,2,3,1,2
202300009276,2023-03-20 19:32:00,2023,3,20,19,32,79,79191,,46.32942,-0.45392,Nuit avec éclairage allumé,En agglomération,Intersection en T,Normale,Deux véhicules - arrière,4,1,1,-1,1,1,1,0,1,-1,2,2,0,0,2,0,22.0,54.0,deux_roues,deux_roues,5,2,3,1,2
202300009277,2023-09-20 21:07:00,2023,9,20,21,7,13,13211,EMMANUEL ALLARD (RUE),43.29005188,5.44103025,Nuit avec éclairage allumé,En agglomération,Intersection en T,Pluie légère,Deux véhicules - arrière,4,2,0,0,1,1,2,0,1,50,2,2,1,0,0,1,21.0,,voiture,voiture,5,2,3,2,2
202300009277,2023-09-20 21:07:00,2023,9,20,21,7,13,13211,EMMANUEL ALLARD (RUE),43.29005188,5.44103025,Nuit avec éclairage allumé,En agglomération,Intersection en T,Pluie légère,Deux véhicules - arrière,4,1,1,0,1,1,2,0,1,50,2,2,1,0,0,1,21.0,,voiture,voiture,5,2,3,2,2
202300009278,2023-03-16 08:10:00,2023,3,16,8,10,73,73011,CAMPING (AVENUE DU),45.6772713,6.39516771,Plein jour,En agglomération,Intersection en T,Normale,Deux véhicules - côté,4,1,1,2,1,1,1,-1,1,30,2,2,1,0,1,0,30.0,47.0,voiture,deux_roues,1,2,3,1,3
202300009278,2023-03-16 08:10:00,2023,3,16,8,10,73,73011,CAMPING (AVENUE DU),45.6772713,6.39516771,Plein jour,En agglomération,Intersection en T,Normale,Deux véhicules - côté,4,1,1,0,1,2,1,0,1,30,2,2,1,0,1,0,30.0,47.0,voiture,deux_roues,1,2,3,1,3
202300009279,2023-09-20 11:50:00,2023,9,20,11,50,13,13203,DOCTEUR LÉON PERRIN (RUE),43.315,5.389,Plein jour,En agglomération,Intersection en X,Temps couvert,Deux véhicules - frontale,4,1,3,3,1,1,2,0,1,50,1,2,1,0,0,1,22.0,,voiture,,1,2,2,8,1
202300009279,2023-09-20 11:50:00,2023,9,20,11,50,13,13203,DOCTEUR LÉON PERRIN (RUE),43.315,5.389,Plein jour,En agglomération,Intersection en X,Temps couvert,Deux véhicules - frontale,4,1,3,0,1,1,2,0,1,50,1,2,1,0,0,1,22.0,,voiture,,1,2,2,8,1
202300009280,2023-03-20 17:03:00,2023,3,20,17,3,64,64445,LEON BERARD,43.31322,-0.36887,Plein jour,En agglomération,Giratoire,Normale,Deux véhicules - côté,4,1,1,0,1,1,1,0,1,50,2,2,1,0,0,1,53.0,45.0,voiture,deux_roues,1,2,6,1,3
202300009280,2023-03-20 17:03:00,2023,3,20,17,3,64,64445,LEON BERARD,43.31322,-0.36887,Plein jour,En agglomération,Giratoire,Normale,Deux véhicules - côté,4,1,6,0,1,2,1,0,1,50,2,2,1,0,0,1,53.0,45.0,voiture,deux_roues,1,2,6,1,3
202300009281,2023-03-20 00:10:00,2023,3,20,0,10,64,64102,SAINT LEON (ROND POINT),43.48783,-1.48233,Nuit avec éclairage allumé,En agglomération,Autre intersection,Normale,Autre collision,3,-1,2,0,1,1,1,5,1,50,1,1,0,0,0,1,32.0,,deux_roues,,5,2,9,1,6
202300009282,2023-09-20 07:30:00,2023,9,20,7,30,13,13216,RUISSEAU MI (RUE),43.35016,5.34874,Plein jour,En agglomération,Hors intersection,Normale,Deux véhicules - arrière,4,2,2,0,1,1,1,1,1,50,2,3,1,0,0,2,60.0,39.0,utilitaire_camion,voiture,1,2,1,1,2
202300009283,2023-09-19 21:58:00,2023,9,19,21,58,13,13206,ROME (RUE DE),43.29087,5.38093,Nuit avec éclairage allumé,En agglomération,Autre intersection,Normale,Deux véhicules - côté,4,2,4,3,1,1,1,0,1,50,2,2,1,0,1,0,28.0,18.0,deux_roues,deux_roues,5,2,9,1,3
202300009283,2023-09-19 21:58:00,2023,9,19,21,58,13,13206,ROME (RUE DE),43.29087,5.38093,Nuit avec éclairage allumé,En agglomération,Autre intersection,Normale,Deux véhicules - côté,4,2,3,0,1,1,1,9,1,50,2,2,1,0,1,0,28.0,18.0,deux_roues,deux_roues,5,2,9,1,3
202300009284,2023-09-20 18:50:00,2023,9,20,18,50,12,12145,TARRAL JEAN (BOULEVARD),44.09636568,3.06255296,Plein jour,En agglomération,Intersection en X,Normale,Deux véhicules - côté,4,2,2,0,2,2,1,0,1,30,2,2,1,0,1,0,54.0,19.0,deux_roues,voiture,1,2,2,1,3
202300009284,2023-09-20 18:50:00,2023,9,20,18,50,12,12145,TARRAL JEAN (BOULEVARD),44.09636568,3.06255296,Plein jour,En agglomération,Intersection en X,Normale,Deux véhicules - côté,4,2,2,0,1,3,1,0,1,50,2,2,1,0,1,0,54.0,19.0,deux_roues,voiture,1,2,2,1,3
202300009285,2023-09-19 18:45:00,2023,9,19,18,45,10,10340,AUXERRE (ROUTE ),48.26146469,4.03488708,Plein jour,En agglomération,Hors intersection,Normale,Trois véhicules et plus - en chaîne,2,2,4,0,1,1,1,0,1,50,3,3,1,0,0,2,64.0,21.0,voiture,utilitaire_camion,1,2,1,1,4
202300009286,2023-09-15 09:00:00,2023,9,15,9,0,06,06088,NAPOLEON III (BD),43.674526,7.221089,Plein jour,En agglomération,Autre intersection,Normale,Deux véhicules - côté,4,2,2,0,2,1,1,0,1,50,2,3,1,0,1,1,78.0,57.0,deux_roues,voiture,1,2,9,1,3
202300009287,2023-09-19 08:08:00,2023,9,19,8,8,06,06012,GUYNEMER (BOULEVARD),43.750462,7.430422,Plein jour,En agglomération,Hors intersection,Normale,Deux véhicules - côté,3,2,2,0,2,1,1,0,1,50,2,2,0,1,0,1,24.0,85.0,deux_roues,deux_roues,1,2,1,1,3
202300009288,2023-09-20 12:15:00,2023,9,20,12,15,06,06069,SAINT LAURENT (AVENUE),43.67992,6.95438,Plein jour,En agglomération,Hors intersection,Temps couvert,Deux véhicules - frontale,4,2,1,0,1,1,1,0,1,50,2,2,1,0,0,1,36.0,29.0,voiture,voiture,1,2,1,8,1
202300009289,2023-09-20 07:40:00,2023,9,20,7,40,06,06029,BROUSSAILLES (AVENUE DES),43.56576,7.00653,Crépuscule ou aube,En agglomération,Autre intersection,Normale,Deux véhicules - côté,4,2,2,0,1,1,1,0,1,50,2,2,1,0,0,1,40.0,24.0,deux_roues,voiture,2,2,9,1,3
202300009289,2023-09-20 07:40:00,2023,9,20,7,40,06,06029,BROUSSAILLES (AVENUE DES),43.56576,7.00653,Crépuscule ou aube,En agglomération,Autre intersection,Normale,Deux véhicules - côté,4,2,2,0,1,3,1,0,1,50,2,2,1,0,0,1,40.0,24.0,deux_roues,voiture,2,2,9,1,3
202300009290,2023-09-18 11:30:00,2023,9,18,11,30,03,03094,Rue de Boutiron,46.14695,3.42661,Plein jour,Hors agglomération,Hors intersection,Normale,Deux véhicules - côté,3,2,1,0,2,1,1,0,1,50,2,2,1,0,1,0,43.0,30.0,deux_roues,voiture,1,1,1,1,3
202300009291,2023-09-19 17:45:00,2023,9,19,17,45,75,75112,PORTE DE VINCENNES,48.843158,2.413707,Plein jour,En agglomération,Hors intersection,Normale,Deux véhicules - côté,4,1,4,0,1,1,1,0,1,70,2,2,1,0,0,1,47.0,23.0,deux_roues,voiture,1,2,1,1,3
202300009292,2023-09-20 16:39:00,2023,9,20,16,39,75,75113,BD PERIPHERIQUE INTERIEUR,48.817045,2.348402,Plein jour,En agglomération,Hors intersection,Normale,Trois véhicules et plus - collisions multiples,4,1,3,0,1,3,1,9,1,70,3,3,1,0,2,0,53.0,27.0,voiture,deux_roues,1,2,1,1,5
202300009293,2023-09-19 13:50:00,2023,9,19,13,50,75,75114,BOULEVARD PERIPHERIQUE INTERIEUR SUD,48.819228,2.329614,Plein jour,En agglomération,Intersection en Y,Normale,Deux véhicules - côté,4,-1,2,0,1,1,1,0,1,50,2,2,1,0,1,0,28.0,51.0,deux_roues,voiture,1,2,4,1,3
202300009293,2023-09-19 13:50:00,2023,9,19,13,50,75,75114,BOULEVARD PERIPHERIQUE INTERIEUR SUD,48.819228,2.329614,Plein jour,En agglomération,Intersection en Y,Normale,Deux véhicules - côté,4,-1, -1,0,1,1,1,0,1,70,2,2,1,0,1,0,28.0,51.0,deux_roues,voiture,1,2,4,1,3
202300009294,2023-09-19 17:50:00,2023,9,19,17,50,75,75120,BOULEVARD MORTIER,48.872067,2.408485,Plein jour,En agglomération,Hors intersection,Normale,Autre collision,4,1,4,1,2,1,1,0,5,50,1,2,0,0,0,2,43.0,,deux_roues,,1,2,1,1,6
202300009295,2023-09-19 14:40:00,2023,9,19,14,40,75,75120,AVENUE GAMBETTA,48.869693,2.402636,Plein jour,En agglomération,Intersection en T,Normale,Autre collision,4,2,2,2,2,1,1,0,1,30,1,2,1,0,0,1,61.0,,voiture,,1,2,3,1,6
202300009295,2023-09-19 14:40:00,2023,9,19,14,40,75,75120,AVENUE GAMBETTA,48.869693,2.402636,Plein jour,En agglomération,Intersection en T,Normale,Autre collision,4,-1, -1,0,1,1,1,0,1,30,1,2,1,0,0,1,61.0,,voiture,,1,2,3,1,6
202300009296,2023-09-20 06:05:00,2023,9,20,6,5,75,75118,RUE DU MONT CENIS,48.891215,2.343662,Nuit sans éclairage public,En agglomération,Intersection en T,Normale,Autre collision,4,1, -1,-1,1,1,1,0,1,30,1,1,0,0,0,1,27.0,,voiture,,3,2,3,1,6
202300009296,2023-09-20 06:05:00,2023,9,20,6,5,75,75118,RUE DU MONT CENIS,48.891215,2.343662,Nuit sans éclairage public,En agglomération,Intersection en T,Normale,Autre collision,4,1,0,0,2,1,1,0,1,30,1,1,0,0,0,1,27.0,,voiture,,3,2,3,1,6
202300009297,2023-09-20 13:20:00,2023,9,20,13,20,75,75117,BOULEVARD DU FORT DE VAUX,48.893217,2.302572,Plein jour,En agglomération,Hors intersection,Normale,Deux véhicules - côté,4,1,1,0,1,1,1,0,4,30,2,2,1,0,0,1,21.0,50.0,deux_roues,voiture,1,2,1,1,3
202300009298,2023-09-19 17:15:00,2023,9,19,17,15,75,75116,ALLEE DE LA REINE MARGUERITE,48.86629,2.247151,Plein jour,En agglomération,Hors intersection,Normale,Deux véhicules - frontale,4,3,3,0,1,1,1,0,1,50,2,2,1,0,0,1,63.0,47.0,deux_roues,deux_roues,1,2,1,1,1
202300009299,2023-09-20 14:45:00,2023,9,20,14,45,75,75113,BOULEVARD VINCENT AURIOL,48.832705,2.362211,Plein jour,En agglomération,Intersection en T,Normale,Deux véhicules - côté,4,3,4,3,1,1,1,0,1,30,2,2,0,0,0,2,25.0,23.0,deux_roues,deux_roues,1,2,3,1,3
202300009299,2023-09-20 14:45:00,2023,9,20,14,45,75,75113,BOULEVARD VINCENT AURIOL,48.832705,2.362211,Plein jour,En agglomération,Intersection en T,Normale,Deux véhicules - côté,4,2,2,2,1,1,1,0,1,30,2,2,0,0,0,2,25.0,23.0,deux_roues,deux_roues,1,2,3,1,3
202300009300,2023-09-20 01:45:00,2023,9,20,1,45,75,75113,BOULEVARD VINCENT AURIOL,48.834015,2.364705,Nuit sans éclairage public,En agglomération,Intersection en T,Normale,Autre collision,4,1,2,1,2,1,1,0,1,30,1,1,0,0,0,1,39.0,,voiture,,3,2,3,1,6
202300009300,2023-09-20 01:45:00,2023,9,20,1,45,75,75113,BOULEVARD VINCENT AURIOL,48.834015,2.364705,Nuit sans éclairage public,En agglomération,Intersection en T,Normale,Autre collision,4,1, -1,-1,1,1,1,0,1,30,1,1,0,0,0,1,39.0,,voiture,,3,2,3,1,6
202300009301,2023-09-20 14:55:00,2023,9,20,14,55,75,75112,AVENUE DE LA PORTE DE CHARENTON,48.830798,2.399482,Plein jour,En agglomération,Intersection en Y,Normale,Deux véhicules - côté,4,2,2,1,1,1,1,9,5,30,2,2,1,0,0,1,13.0,64.0,deux_roues,utilitaire_camion,1,2,4,1,3
202300009301,2023-09-20 14:55:00,2023,9,20,14,55,75,75112,AVENUE DE LA PORTE DE CHARENTON,48.830798,2.399482,Plein jour,En agglomération,Intersection en Y,Normale,Deux véhicules - côté,4,2, -1,-1,1,1,1,0,5,30,2,2,1,0,0,1,13.0,64.0,deux_roues,utilitaire_camion,1,2,4,1,3
202300009302,2023-09-20 15:10:00,2023,9,20,15,10,75,75112,AVENUE DU POLYGONE,48.835115,2.431382,Plein jour,En agglomération,Place,Normale,Deux véhicules - frontale,4,2,2,0,1,3,1,0,1,30,2,2,1,0,0,1,73.0,56.0,voiture,deux_roues,1,2,7,1,1
202300009303,2023-09-19 20:50:00,2023,9,19,20,50,75,75112,QUAI DE LA RAPEE,48.843396,2.370712,Nuit avec éclairage allumé,En agglomération,Intersection en X,Normale,Deux véhicules - frontale,4,-1, -1,1,1,1,1,0,5,30,2,2,0,0,2,0,29.0,33.0,deux_roues,deux_roues,5,2,2,1,1
202300009303,2023-09-19 20:50:00,2023,9,19,20,50,75,75112,QUAI DE LA RAPEE,48.843396,2.370712,Nuit avec éclairage allumé,En agglomération,Intersection en X,Normale,Deux véhicules - frontale,4,2,4,1,1,1,1,0,5,30,2,2,0,0,2,0,29.0,33.0,deux_roues,deux_roues,5,2,2,1,1
202300009304,2023-09-19 15:20:00,2023,9,19,15,20,75,75112,AVENUE LEDRU ROLLIN,48.849613,2.374287,Plein jour,En agglomération,Intersection en X,Normale,Autre collision,4,2,2,0,1,1,1,0,1,30,2,3,2,0,0,1,19.0,34.0,deux_roues,voiture,1,2,2,1,6
202300009304,2023-09-19 15:20:00,2023,9,19,15,20,75,75112,AVENUE LEDRU ROLLIN,48.849613,2.374287,Plein jour,En agglomération,Intersection en X,Normale,Autre collision,4,-1, -1,0,1,1,1,0,1,30,2,3,2,0,0,1,19.0,34.0,deux_roues,voiture,1,2,2,1,6
202300009305,2023-09-20 16:00:00,2023,9,20,16,0,75,75111,BOULEVARD RICHARD LENOIR,48.864008,2.370676,Plein jour,En agglomération,Intersection en T,Normale,Deux véhicules - côté,4,3,2,0,1,1,1,0,1,30,2,2,1,0,0,1,25.0,22.0,deux_roues,utilitaire_camion,1,2,3,1,3
202300009305,2023-09-20 16:00:00,2023,9,20,16,0,75,75111,BOULEVARD RICHARD LENOIR,48.864008,2.370676,Plein jour,En agglomération,Intersection en T,Normale,Deux véhicules - côté,4,1, -1,-1,1,1,1,0,1,30,2,2,1,0,0,1,25.0,22.0,deux_roues,utilitaire_camion,1,2,3,1,3
202300009306,2023-09-20 12:55:00,2023,9,20,12,55,75,75112,RUE DU FAUBOURG SAINT ANTOINE,48.850357,2.381348,Plein jour,En agglomération,Intersection en T,Normale,Autre collision,4,1, -1,-1,1,1,1,0,1,30,1,2,1,0,0,1,76.0,,voiture,,1,2,3,1,6
202300009306,2023-09-20 12:55:00,2023,9,20,12,55,75,75112,RUE DU FAUBOURG SAINT ANTOINE,48.850357,2.381348,Plein jour,En agglomération,Intersection en T,Normale,Autre collision,4,2,2,1,1,1,1,0,1,30,1,2,1,0,0,1,76.0,,voiture,,1,2,3,1,6
202300009307,2023-09-20 10:25:00,2023,9,20,10,25,75,75111,BOULEVARD VOLTAIRE,48.852166,2.389745,Plein jour,En agglomération,Intersection en T,Temps couvert,Autre collision,4,2,4,1,1,1,1,0,1,30,1,2,1,0,0,1,37.0,,voiture,,1,2,3,8,6
202300009307,2023-09-20 10:25:00,2023,9,20,10,25,75,75111,BOULEVARD VOLTAIRE,48.852166,2.389745,Plein jour,En agglomération,Intersection en T,Temps couvert,Autre collision,4,1, -1,-1,1,1,1,0,1,30,1,2,1,0,0,1,37.0,,voiture,,1,2,3,8,6
202300009308,2023-09-20 13:32:00,2023,9,20,13,32,75,75110,PLACE DU COLONEL FABIEN,48.87765983,2.37001115,Plein jour,En agglomération,Place,Normale,Deux véhicules - frontale,4,-1, -1,-1,1,1,1,0,1,30,2,2,1,0,1,0,52.0,50.0,deux_roues,utilitaire_camion,1,2,7,1,1
202300009308,2023-09-20 13:32:00,2023,9,20,13,32,75,75110,PLACE DU COLONEL FABIEN,48.87765983,2.37001115,Plein jour,En agglomération,Place,Normale,Deux véhicules - frontale,4,1,1,0,1,2,1,0,1,30,2,2,1,0,1,0,52.0,50.0,deux_roues,utilitaire_camion,1,2,7,1,1
202300009309,2023-09-20 12:50:00,2023,9,20,12,50,94,94068,4 Boulevard du Général Giraud,48.79872,2.47368,Plein jour,En agglomération,Hors intersection,Normale,Autre collision,4,2,2,0,1,3,1,0,1,30,1,2,1,0,1,0,35.0,,deux_roues,,1,2,1,1,6
202300009310,2023-10-10 09:15:00,2023,10,10,9,15,94,94046,Avenue du Professeur Cadiot,48.80383,2.4331,Plein jour,En agglomération,Hors intersection,Normale,Deux véhicules - côté,3,2,4,0,1,1,1,8,1,50,2,2,1,0,0,1,66.0,29.0,deux_roues,deux_roues,1,2,1,1,3
202300009311,2023-09-18 17:50:00,2023,9,18,17,50,94,94011,Avenue du Bicentenaire 1789 1989,48.76578,2.48876,Plein jour,En agglomération,Giratoire,Pluie légère,Deux véhicules - côté,4,1, -1,0,1,1,2,0,1,-1,2,2,1,0,1,0,40.0,59.0,voiture,deux_roues,1,2,6,2,3
202300009311,2023-09-18 17:50:00,2023,9,18,17,50,94,94011,Avenue du Bicentenaire 1789 1989,48.76578,2.48876,Plein jour,En agglomération,Giratoire,Pluie légère,Deux véhicules - côté,4,-1,2,0,1,3,2,0,1,50,2,2,1,0,1,0,40.0,59.0,voiture,deux_roues,1,2,6,2,3
202300009312,2023-09-20 11:05:00,2023,9,20,11,5,94,94022,Avenue Léon Gourdault,48.76304,2.40618,Plein jour,En agglomération,Hors intersection,Normale,Deux véhicules - côté,3,-1,1,2,1,1,1,0,5,30,2,2,1,0,0,1,30.0,17.0,voiture,deux_roues,1,2,1,1,3
202300009313,2023-09-20 10:00:00,2023,9,20,10,0,94,94002,63 Rue Victor Hugo,48.804139,2.422153,Plein jour,En agglomération,Autre intersection,Normale,Autre collision,4,2,2,0,1,1,1,9,1,50,1,4,1,0,0,3,27.0,,voiture,,1,2,9,1,6
202300009314,2023-09-20 22:20:00,2023,9,20,22,20,93,93071,Avenue du Commandant Charcot / Avenue John Fitzgerald Kennedy,48.93635,2.51532,Nuit avec éclairage allumé,En agglomération,Intersection à plus de 4 branches,Normale,Deux véhicules - côté,3,2,4,0,1,3,1,5,1,50,2,2,1,0,0,1,28.0,52.0,deux_roues,voiture,5,2,5,1,3
202300009314,2023-09-20 22:20:00,2023,9,20,22,20,93,93071,Avenue du Commandant Charcot / Avenue John Fitzgerald Kennedy,48.93635,2.51532,Nuit avec éclairage allumé,En agglomération,Intersection à plus de 4 branches,Normale,Deux véhicules - côté,3,3,2,1,1,1,1,5,5,50,2,2,1,0,0,1,28.0,52.0,deux_roues,voiture,5,2,5,1,3
202300009315,2023-09-20 18:00:00,2023,9,20,18,0,93,93053,Avenue du 18 Avril 1944,48.88627,2.456891,Plein jour,En agglomération,Hors intersection,Normale,Deux véhicules - côté,4,2,2,0,1,1,1,0,1,30,2,2,1,0,0,1,22.0,20.0,voiture,deux_roues,1,2,1,1,3
202300009316,2023-09-20 09:00:00,2023,9,20,9,0,93,93051,Route de Neuilly / Rue de la Plaine,48.8516,2.53393,Plein jour,En agglomération,Intersection en T,Normale,Deux véhicules - côté,3,2,2,0,1,1,1,0,1,-1,2,2,1,0,0,1,27.0,22.0,voiture,deux_roues,1,2,3,1,3
202300009316,2023-09-20 09:00:00,2023,9,20,9,0,93,93051,Route de Neuilly / Rue de la Plaine,48.8516,2.53393,Plein jour,En agglomération,Intersection en T,Normale,Deux véhicules - côté,3,2,3,0,1,1,1,2,1,50,2,2,1,0,0,1,27.0,22.0,voiture,deux_roues,1,2,3,1,3
202300009317,2023-09-20 10:00:00,2023,9,20,10,0,93,93048,Rue de Stalingrad / Rue Molière,48.85765,2.44408,Plein jour,En agglomération,Intersection à plus de 4 branches,Normale,Deux véhicules - côté,4,1,1,2,1,1,1,0,1,-1,2,2,1,0,0,1,51.0,16.0,voiture,autre,1,2,5,1,3
202300009317,2023-09-20 10:00:00,2023,9,20,10,0,93,93048,Rue de Stalingrad / Rue Molière,48.85765,2.44408,Plein jour,En agglomération,Intersection à plus de 4 branches,Normale,Deux véhicules - côté,4,2,2,0,1,1,1,0,1,30,2,2,1,0,0,1,51.0,16.0,voiture,autre,1,2,5,1,3
202300009318,2023-09-20 18:10:00,2023,9,20,18,10,93,93029,Avenue Henri Barbusse,48.91800537,2.44756159,Plein jour,En agglomération,Hors intersection,Normale,Deux véhicules - frontale,3,2,2,0,1,1,1,0,1,50,2,2,1,0,0,1,58.0,22.0,voiture,deux_roues,1,2,1,1,1
202300009319,2023-09-20 18:28:00,2023,9,20,18,28,92,92075,VICTOR HUGO (AVENUE),48.82405063,2.28994846,Plein jour,En agglomération,Hors intersection,Normale,Autre collision,4,2,1,0,1,1,1,0,1,50,1,2,1,0,0,1,25.0,,voiture,,1,2,1,1,6
202300009320,2023-09-20 12:50:00,2023,9,20,12,50,92,92064,REPUBLIQUE,48.85039,2.21344,Plein jour,En agglomération,Hors intersection,Normale,Deux véhicules - côté,3,2,2,0,1,1,1,0,1,50,2,2,1,0,1,0,61.0,63.0,deux_roues,voiture,1,2,1,1,3
202300009321,2023-09-20 12:26:00,2023,9,20,12,26,92,92064,ALPHONSE MOGUEZ,48.85331907,2.21760454,Plein jour,En agglomération,Hors intersection,Normale,Sans collision,4,-1,0,3,2,1,1,2,5,-1,1,1,0,0,0,1,49.0,,deux_roues,,1,2,1,1,7
202300009322,2023-09-20 13:10:00,2023,9,20,13,10,92,92063,RICHELIEU (BOULEVARD),48.86974,2.1853,Plein jour,En agglomération,Hors intersection,Normale,Deux véhicules - arrière,3,2,2,0,1,1,1,0,1,50,2,2,1,0,0,1,41.0,28.0,utilitaire_camion,deux_roues,1,2,1,1,2
202300009323,2023-09-20 11:25:00,2023,9,20,11,25,92,92063,MONTBRISON (RUE DU LIEUTENANT COLONEL DE,48.86120701,2.19570833,Plein jour,En agglomération,Autre intersection,Normale,Deux véhicules - arrière,4,2,2,0,1,1,1,6,1,50,2,2,1,0,0,1,63.0,37.0,utilitaire_camion,deux_roues,1,2,9,1,2
202300009324,2023-09-20 14:45:00,2023,9,20,14,45,92,92050,JOILIOT CURIE F. ET IRENE AVENUE N°IMPAI,48.89144158,2.2078684,Plein jour,En agglomération,Hors intersection,Normale,Autre collision,3,3,4,0,1,1,1,9,1,50,1,2,1,0,0,1,47.0,,utilitaire_camion,,1,2,1,1,6
202300009325,2023-09-20 16:20:00,2023,9,20,16,20,92,92040,HOCHE (ALLEE),48.82349949,2.2696774,Plein jour,En agglomération,Hors intersection,Normale,Sans collision,4,1,1,2,1,1,1,0,4,30,1,2,1,0,0,1,40.0,,deux_roues,,1,2,1,1,7
202300009326,2023-10-02 15:30:00,2023,10,2,15,30,92,92036,MARCEL PAUL (AVENUE) (1/103),48.94263,2.30295,Plein jour,En agglomération,Intersection en T,Normale,Sans collision,3,2,2,0,1,1,1,0,4,50,1,1,0,0,0,1,37.0,,deux_roues,,1,2,3,1,7
202300009326,2023-10-02 15:30:00,2023,10,2,15,30,92,92036,MARCEL PAUL (AVENUE) (1/103),48.94263,2.30295,Plein jour,En agglomération,Intersection en T,Normale,Sans collision,3,2,2,0,1,1,1,0,4,50,1,1,0,0,0,1,37.0,,deux_roues,,1,2,3,1,7
202300009327,2023-09-18 20:00:00,2023,9,18,20,0,92,92036,BAS (RUE DES) (78   +),48.91937762,2.2900182,Plein jour,En agglomération,Hors intersection,Normale,Deux véhicules - arrière,3,2,4,0,1,1,1,0,1,50,2,3,2,0,0,1,31.0,48.0,voiture,voiture,1,2,1,1,2
202300009328,2023-09-20 12:30:00,2023,9,20,12,30,92,92026,COLOMBES,48.90190039,2.2561976,Plein jour,En agglomération,Intersection en T,Normale,Deux véhicules - arrière,3,2,2,0,1,1,1,0,1,50,2,2,1,0,0,1,54.0,29.0,voiture,deux_roues,1,2,3,1,2
202300009328,2023-09-20 12:30:00,2023,9,20,12,30,92,92026,COLOMBES,48.90190039,2.2561976,Plein jour,En agglomération,Intersection en T,Normale,Deux véhicules - arrière,3,1,1,2,1,1,1,0,1,50,2,2,1,0,0,1,54.0,29.0,voiture,deux_roues,1,2,3,1,2
202300009329,2023-09-17 20:03:00,2023,9,17,20,3,92,92025,HENRI BARBUSSE (AV),48.91937483,2.25266978,Crépuscule ou aube,En agglomération,Hors intersection,Normale,Deux véhicules - côté,3,2,2,0,1,1,1,0,1,50,2,3,2,1,0,0,21.0,21.0,deux_roues,voiture,2,2,1,1,3
202300009330,2023-09-19 23:19:00,2023,9,19,23,19,92,92046,CAMELINAT,48.8169421,2.29406744,Nuit avec éclairage allumé,En agglomération,Intersection en X,Normale,Deux véhicules - frontale,3,1,2,1,1,1,1,0,1,50,2,4,3,0,0,1,44.0,33.0,deux_roues,voiture,5,2,2,1,1
202300009330,2023-09-19 23:19:00,2023,9,19,23,19,92,92046,CAMELINAT,48.8169421,2.29406744,Nuit avec éclairage allumé,En agglomération,Intersection en X,Normale,Deux véhicules - frontale,3,1,2,1,1,1,1,0,1,50,2,4,3,0,0,1,44.0,33.0,deux_roues,voiture,5,2,2,1,1