accident_id,datetime,annee,mois,jour,heure,minute,departement,commune_insee,adresse,latitude,longitude,luminosite,agglomeration,intersection,meteo,collision,catr,circ,nbv,vosp,prof,plan,surf,infra,situ,vma,nb_vehicules,nb_usagers,nb_indemnes,nb_tues,nb_blesses_hosp,nb_blesses_legers,age_cond_1,age_cond_2,veh_type_cond_1,veh_type_cond_2,lum_code,agg_code,int_code,atm_code,col_code
202300009331,2023-09-20 17:45:00,2023,9,20,17,45,91,91086,Rue des Trois Parts,48.614328,2.368997,Plein jour,En agglomération,Hors intersection,Normale,Deux véhicules - côté,4,2,2,0,1,1,1,0,1,50,2,3,1,0,1,1,45.0,38.0,deux_roues,voiture,1,2,1,1,3
202300009332,2023-09-17 18:00:00,2023,9,17,18,0,21,21485,A38,47.336474,4.969404,Plein jour,Hors agglomération,Hors intersection,Normale,Trois véhicules et plus - en chaîne,1,1,2,0,1,1,1,0,1,110,4,4,3,0,0,1,53.0,87.0,voiture,voiture,1,1,1,1,4
202300009333,2023-09-21 14:10:00,2023,9,21,14,10,87,87122,A20,46.050905,1.357691,Plein jour,Hors agglomération,Hors intersection,Pluie forte,Autre collision,1,3,2,0,2,1,2,0,3,110,1,2,0,0,1,1,85.0,,voiture,,1,1,1,3,6
202300009334,2023-09-20 21:30:00,2023,9,20,21,30,24,24139,A89,45.147845,0.631456,Nuit sans éclairage public,Hors agglomération,Hors intersection,Normale,Deux véhicules - frontale,1,3,2,0,2,1,1,0,1,110,2,2,0,1,0,1,62.0,52.0,voiture,utilitaire_camion,3,1,1,1,1
202300009335,2023-09-01 03:45:00,2023,9,1,3,45,95,95352,D316,49.106691,2.426444,Nuit sans éclairage public,Hors agglomération,Hors intersection,Pluie légère,Autre collision,3,3,3,0,1,1,2,0,3,80,1,1,0,0,1,0,20.0,,voiture,,3,1,1,2,6
202300009336,2023-09-15 17:09:00,2023,9,15,17,9,56,56028,Le Huet,47.667803,-2.31253,Plein jour,Hors agglomération,Intersection en X,Normale,Deux véhicules - frontale,3,2,2,0,2,4,1,0,1,80,2,2,1,0,1,0,56.0,16.0,voiture,deux_roues,1,1,2,1,1
202300009336,2023-09-15 17:09:00,2023,9,15,17,9,56,56028,Le Huet,47.667803,-2.31253,Plein jour,Hors agglomération,Intersection en X,Normale,Deux véhicules - frontale,3,2,2,-1,1,1,1,0,1,-1,2,2,1,0,1,0,56.0,16.0,voiture,deux_roues,1,1,2,1,1
202300009337,2023-09-14 17:05:00,2023,9,14,17,5,76,76034,Rue de Chamacourt,49.723075,1.150389,Plein jour,Hors agglomération,Intersection en T,Normale,Deux véhicules - frontale,3,2,2,0,1,2,1,0,1,-1,2,3,2,0,1,0,42.0,92.0,voiture,voiture,1,1,3,1,1
202300009337,2023-09-14 17:05:00,2023,9,14,17,5,76,76034,Rue de Chamacourt,49.723075,1.150389,Plein jour,Hors agglomération,Intersection en T,Normale,Deux véhicules - frontale,3,2, -1,-1,1,2,1,0,1,-1,2,3,2,0,1,0,42.0,92.0,voiture,voiture,1,1,3,1,1
202300009338,2023-09-17 19:00:00,2023,9,17,19,0,69,69209,Route de la Clayette,46.260809,4.400625,Crépuscule ou aube,Hors agglomération,Hors intersection,Normale,Trois véhicules et plus - collisions multiples,3,2,2,0,1,3,1,0,1,80,3,5,2,0,2,1,23.0,50.0,voiture,voiture,2,1,1,1,5
202300009339,2023-06-16 08:35:00,2023,6,16,8,35,61,61369,D962,48.646528,-0.621577,Plein jour,En agglomération,Hors intersection,Normale,Autre collision,3,2,2,0,1,1,1,9,1,50,1,2,1,0,0,1,75.0,,voiture,,1,2,1,1,6
202300009340,2023-09-20 23:50:00,2023,9,20,23,50,61,61153,D924,48.718135,-0.076797,Nuit sans éclairage public,Hors agglomération,Hors intersection,Pluie légère,Autre collision,3,3,2,0,1,1,2,0,1,110,1,1,0,0,1,0,48.0,,utilitaire_camion,,3,1,1,2,6
202300009341,2023-09-19 18:00:00,2023,9,19,18,0,55,55533,Rue de Tusey,48.612711,5.669299,Plein jour,En agglomération,Hors intersection,Normale,Deux véhicules - côté,3,2,2,0,1,1,1,0,1,50,2,3,2,0,1,0,24.0,18.0,voiture,deux_roues,1,2,1,1,3
202300009342,2023-09-21 10:25:00,2023,9,21,10,25,12,12026,Avenue Claude Salles,44.395489,2.765003,Plein jour,Hors agglomération,Intersection en T,Normale,Trois véhicules et plus - collisions multiples,2,2,2,0,1,1,1,0,1,90,3,3,1,0,1,1,29.0,39.0,utilitaire_camion,voiture,1,1,3,1,5
202300009342,2023-09-21 10:25:00,2023,9,21,10,25,12,12026,Avenue Claude Salles,44.395489,2.765003,Plein jour,Hors agglomération,Intersection en T,Normale,Trois véhicules et plus - collisions multiples,2,2,2,0,1,1,1,0,1,80,3,3,1,0,1,1,29.0,39.0,utilitaire_camion,voiture,1,1,3,1,5
202300009343,2023-09-20 14:15:00,2023,9,20,14,15,46,46253,Lieu Dit l?Estampe,44.684842,1.485697,Plein jour,Hors agglomération,Hors intersection,Normale,Sans collision,3,2,2,0,1,1,1,0,8,80,1,1,0,0,1,0,78.0,,voiture,,1,1,1,1,7
202300009344,2023-09-21 06:50:00,2023,9,21,6,50,29,29079,Kerveguen Huella,48.63858,-3.925644,Nuit sans éclairage public,Hors agglomération,Hors intersection,Pluie légère,Autre collision,4,2,2,0,1,1,2,0,1,80,1,2,1,1,0,0,37.0,,voiture,,3,1,1,2,6
202300009345,2023-09-21 17:00:00,2023,9,21,17,0,15,15268,RD 20,44.857044,2.246146,Plein jour,Hors agglomération,Hors intersection,Pluie légère,Autre collision,3,2,2,0,2,2,2,0,8,90,1,2,1,1,0,0,74.0,,utilitaire_camion,,1,1,1,2,6
202300009346,2023-09-08 00:10:00,2023,9,8,0,10,06,06079,av de la mer,43.533346,6.946239,Nuit avec éclairage allumé,En agglomération,Hors intersection,Normale,Autre collision,3,2,2,0,1,1,1,0,4,50,1,1,0,0,1,0,53.0,,deux_roues,,5,2,1,1,6
202300009347,2023-09-21 08:00:00,2023,9,21,8,0,50,50093,Lieu Dit Hotel Caudel,49.088137,-1.26305,Plein jour,Hors agglomération,Hors intersection,Pluie légère,Sans collision,3,2,3,0,4,3,2,0,1,80,1,1,0,0,0,1,15.0,,deux_roues,,1,1,1,2,7
202300009348,2023-09-20 08:30:00,2023,9,20,8,30,43,43163,D 503,45.243878,4.430537,Plein jour,Hors agglomération,Hors intersection,Normale,Deux véhicules - frontale,3,2,2,0,2,1,1,0,1,90,2,2,1,0,1,0,32.0,34.0,voiture,utilitaire_camion,1,1,1,1,1
202300009349,2023-09-20 18:27:00,2023,9,20,18,27,40,40273,1110 Route de l'Adour,43.521189,-1.382056,Plein jour,Hors agglomération,Intersection en T,Normale,Deux véhicules - arrière,3,2,2,0,1,1,1,0,1,70,2,2,1,0,1,0,26.0,17.0,voiture,deux_roues,1,1,3,1,2
202300009349,2023-09-20 18:27:00,2023,9,20,18,27,40,40273,1110 Route de l'Adour,43.521189,-1.382056,Plein jour,Hors agglomération,Intersection en T,Normale,Deux véhicules - arrière,3,-1, -1,-1,-1,-1,-1,-1,-1,-1,2,2,1,0,1,0,26.0,17.0,voiture,deux_roues,1,1,3,1,2
202300009350,2023-09-19 19:35:00,2023,9,19,19,35,85,85006,16 Route de saint-paul,46.778909,-1.7649763,Plein jour,Hors agglomération,Hors intersection,Normale,Autre collision,3,2,2,0,1,1,1,0,3,70,1,3,2,0,0,1,41.0,,utilitaire_camion,,1,1,1,1,6
202300009351,2023-09-13 09:30:00,2023,9,13,9,30,37,37280,La Henauderie,47.103594,0.856998,Plein jour,Hors agglomération,Hors intersection,Normale,Deux véhicules - frontale,3,2,2,0,3,1,1,0,1,80,2,4,2,0,2,0,28.0,30.0,voiture,voiture,1,1,1,1,1
202300009352,2023-08-24 16:15:00,2023,8,24,16,15,08,08283,D987,49.621776,4.611983,Plein jour,Hors agglomération,Hors intersection,Normale,Autre collision,3,2,2,0,1,1,1,0,1,80,2,2,0,0,0,2,87.0,57.0,voiture,voiture,1,1,1,1,6
202300009353,2023-09-21 08:59:00,2023,9,21,8,59,974,97415,27 Rue Joseph Hubert - Saint Gilles Les Hauts,-21.047239,55.267236,Plein jour,En agglomération,Hors intersection,Normale,Deux véhicules - frontale,3,2,2,0,1,1,1,0,1,50,2,3,1,0,0,2,35.0,52.0,utilitaire_camion,voiture,1,2,1,1,1
202300009354,2023-09-20 14:40:00,2023,9,20,14,40,68,68242,A 35 PK 77.700,47.97891893,7.37421155,Plein jour,Hors agglomération,Hors intersection,Normale,Deux véhicules - arrière,1,1,2,0,1,1,1,0,1,130,2,3,1,0,1,1,70.0,53.0,utilitaire_camion,utilitaire_camion,1,1,1,1,2
202300009355,2023-09-20 12:55:00,2023,9,20,12,55,31,31424,Route de Lamasquère,43.536874,1.280427,Plein jour,Hors agglomération,Hors intersection,Normale,Deux véhicules - frontale,3,2,2,0,1,2,1,0,1,80,2,2,1,0,1,0,36.0,40.0,voiture,voiture,1,1,1,1,1
202300009356,2023-09-21 07:20:00,2023,9,21,7,20,55,55122,avenue de verdun,48.758947,5.583329,Plein jour,En agglomération,Intersection en X,Normale,Deux véhicules - côté,3,2,2,0,2,1,1,5,1,50,2,6,5,0,0,1,25.0,60.0,voiture,voiture,1,2,2,1,3
202300009356,2023-09-21 07:20:00,2023,9,21,7,20,55,55122,avenue de verdun,48.758947,5.583329,Plein jour,En agglomération,Intersection en X,Normale,Deux véhicules - côté,3,2,2,0,1,1,1,5,1,50,2,6,5,0,0,1,25.0,60.0,voiture,voiture,1,2,2,1,3
202300009357,2023-09-20 21:00:00,2023,9,20,21,0,06,06104,"A8, PK 214+300 , sens FRANCE-ITALIE",43.76106,7.44666,Nuit sans éclairage public,Hors agglomération,Intersection en Y,Pluie légère,Deux véhicules - arrière,1,1,2,0,1,1,2,3,1,50,2,2,1,0,0,1,45.0,57.0,deux_roues,utilitaire_camion,3,1,4,2,2
202300009357,2023-09-20 21:00:00,2023,9,20,21,0,06,06104,"A8, PK 214+300 , sens FRANCE-ITALIE",43.76106,7.44666,Nuit sans éclairage public,Hors agglomération,Intersection en Y,Pluie légère,Deux véhicules - arrière,1,1,2,0,1,1,2,3,1,50,2,2,1,0,0,1,45.0,57.0,deux_roues,utilitaire_camion,3,1,4,2,2
202300009358,2023-09-21 00:00:00,2023,9,21,0,0,34,34135,A9 point kilométrique 170+314,43.277924,3.184276,Nuit sans éclairage public,Hors agglomération,Hors intersection,Normale,Deux véhicules - arrière,1,3,3,0,2,1,1,0,1,130,2,2,1,0,1,0,55.0,61.0,utilitaire_camion,voiture,3,1,1,1,2
202300009359,2023-09-21 17:40:00,2023,9,21,17,40,976,97617,route de coconi,-12.798499,45.128961,Plein jour,Hors agglomération,Hors intersection,Normale,Deux véhicules - frontale,3,2,2,0,1,2,1,0,1,70,2,2,1,0,1,0,22.0,37.0,transport_commun,deux_roues,1,1,1,1,1
202300009360,2023-09-21 09:10:00,2023,9,21,9,10,91,91111,A10 PK 008.200 DIRECTION PARIS,48.623107,2.135427,Plein jour,Hors agglomération,Autre intersection,Pluie forte,Deux véhicules - côté,1,3,4,0,2,1,3,0,1,110,2,2,1,0,1,0,53.0,37.0,utilitaire_camion,voiture,1,1,9,3,3
202300009361,2023-09-19 12:15:00,2023,9,19,12,15,988,98817,Rue de la Tribu de Saint Louis/RPS1,-22.231775,166.545938,Plein jour,En agglomération,Intersection en X,Pluie forte,Deux véhicules - côté,3,2,2,0,1,1,2,5,1,50,2,3,2,0,1,0,19.0,45.0,deux_roues,voiture,1,2,2,3,3
202300009361,2023-09-19 12:15:00,2023,9,19,12,15,988,98817,Rue de la Tribu de Saint Louis/RPS1,-22.231775,166.545938,Plein jour,En agglomération,Intersection en X,Pluie forte,Deux véhicules - côté,3,2,2,-1,-1,1,2,5,1,-1,2,3,2,0,1,0,19.0,45.0,deux_roues,voiture,1,2,2,3,3
202300009362,2023-09-20 17:55:00,2023,9,20,17,55,971,97117,Route d?Angerville,16.305468,-61.429261,Crépuscule ou aube,Hors agglomération,Hors intersection,Normale,Deux véhicules - côté,3,2,2,0,2,1,1,0,1,-1,2,2,1,0,0,1,20.0,35.0,voiture,deux_roues,2,1,1,1,3
202300009363,2023-09-16 21:45:00,2023,9,16,21,45,91,91482,D24,48.651255,2.032827,Nuit sans éclairage public,Hors agglomération,Place,Normale,Autre collision,3,2,2,0,1,1,1,0,5,80,3,4,2,0,0,2,53.0,15.0,voiture,deux_roues,3,1,7,1,6
202300009364,2023-09-20 09:25:00,2023,9,20,9,25,78,78575,74 Avenue du Général Leclerc,48.706642,2.062608,Plein jour,En agglomération,Hors intersection,Normale,Deux véhicules - arrière,3,2,2,0,1,1,1,0,1,50,2,3,1,0,0,2,65.0,21.0,voiture,voiture,1,2,1,1,2
202300009365,2023-09-16 16:20:00,2023,9,16,16,20,67,67104,Fort de Schoenenbourg,48.968717,7.909083,Plein jour,Hors agglomération,Hors intersection,Normale,Sans collision,4,-1,1,0,2,2,9,0,8,30,1,1,0,1,0,0,86.0,,voiture,,1,1,1,1,7
202300009366,2023-09-21 02:50:00,2023,9,21,2,50,54,54053,Route d'Einville,48.673379,6.525187,Nuit avec éclairage non allumé,En agglomération,Hors intersection,Normale,Autre collision,3,2,2,0,2,3,1,0,3,50,1,1,0,1,0,0,36.0,,deux_roues,,4,2,1,1,6
202300009367,2023-09-20 18:50:00,2023,9,20,18,50,57,57032,Rue du Bois le Prêtre,49.074903,6.07478,Plein jour,En agglomération,Hors intersection,Normale,Trois véhicules et plus - en chaîne,7,2,2,0,1,1,1,0,1,50,3,3,2,0,0,1,35.0,24.0,voiture,voiture,1,2,1,1,4
202300009368,2023-09-14 18:00:00,2023,9,14,18,0,69,69040,Chemin du Tronchon,45.80151302,4.78500085,Crépuscule ou aube,En agglomération,Giratoire,Normale,Autre collision,4,2,2,0,1,3,1,0,1,50,2,2,1,0,0,1,74.0,42.0,voiture,deux_roues,2,2,6,1,6
202300009369,2023-09-21 17:52:00,2023,9,21,17,52,64,64422,Boulevard Francois Mitterrand,43.184538,-0.622128,Plein jour,En agglomération,Giratoire,Pluie forte,Deux véhicules - côté,3,1,1,2,1,2,2,0,1,50,2,2,1,0,0,1,68.0,49.0,voiture,deux_roues,1,2,6,3,3
202300009370,2023-09-13 10:00:00,2023,9,13,10,0,33,33243,Cours Tourny,44.913045,-0.240632,Plein jour,En agglomération,Hors intersection,Normale,Autre collision,4,3,2,0,1,1,1,0,1,30,1,2,1,0,1,0,43.0,,voiture,,1,2,1,1,6
202300009371,2023-09-21 07:30:00,2023,9,21,7,30,14,14258,D658,48.902894,-0.204079,Crépuscule ou aube,En agglomération,Giratoire,Temps couvert,Autre collision,3,2,1,0,2,1,2,5,1,50,1,3,0,1,0,2,78.0,,voiture,,2,2,6,8,6
202300009371,2023-09-21 07:30:00,2023,9,21,7,30,14,14258,D658,48.902894,-0.204079,Crépuscule ou aube,En agglomération,Giratoire,Temps couvert,Autre collision,3,2,2,0,1,1,2,5,1,50,1,3,0,1,0,2,78.0,,voiture,,2,2,6,8,6
202300009372,2023-09-20 08:24:00,2023,9,20,8,24,59,59256,M145,50.56426,3.126941,Crépuscule ou aube,Hors agglomération,Hors intersection,Temps couvert,Deux véhicules - côté,7,2,2,2,1,1,1,0,1,70,2,2,1,0,0,1,59.0,27.0,voiture,deux_roues,2,1,1,8,3
202300009373,2023-09-19 19:17:00,2023,9,19,19,17,59,59256,Rue du Mont de Sainghin,50.582169,3.131869,Plein jour,En agglomération,Hors intersection,Normale,Deux véhicules - côté,4,2,2,0,1,1,1,0,1,50,2,2,1,0,0,1,53.0,29.0,voiture,utilitaire_camion,1,2,1,1,3
202300009374,2023-09-20 01:10:00,2023,9,20,1,10,69,69290,Autoroute 43,45.71444528,4.94418,Nuit sans éclairage public,Hors agglomération,Hors intersection,Normale,Autre collision,1,3,6,0,1,1,1,8,1,90,1,1,0,0,1,0,32.0,,deux_roues,,3,1,1,1,6
202300009375,2023-09-15 22:30:00,2023,9,15,22,30,59,59599,ROUTE DEPARTEMENTALE 656,50.69555,3.14783,Nuit avec éclairage allumé,Hors agglomération,Hors intersection,Normale,Trois véhicules et plus - en chaîne,7,-1,4,0,1,1,1,0,1,70,3,3,2,0,0,1,22.0,32.0,deux_roues,voiture,5,1,1,1,4
202300009376,2023-09-19 08:10:00,2023,9,19,8,10,59,59350,ROUTE NATIONALE 356,50.62184,3.08303,Plein jour,Hors agglomération,Hors intersection,Normale,Trois véhicules et plus - collisions multiples,2,-1,5,0,1,1,1,0,1,70,3,3,2,0,1,0,37.0,27.0,utilitaire_camion,voiture,1,1,1,1,5
202300009377,2023-09-20 17:50:00,2023,9,20,17,50,75,75113,A6B,48.81630481,2.36078148,Plein jour,Hors agglomération,Hors intersection,Normale,Deux véhicules - côté,1,1,2,0,1,1,1,1,1,70,2,2,1,0,1,0,25.0,22.0,voiture,deux_roues,1,1,1,1,3
202300009378,2023-09-20 16:10:00,2023,9,20,16,10,78,78321,RN12 INT,48.798681,1.915179,Plein jour,Hors agglomération,Hors intersection,Normale,Autre collision,2,-1,2,0,1,1,1,1,1,90,1,1,0,0,0,1,41.0,,voiture,,1,1,1,1,6
202300009379,2023-09-20 08:54:00,2023,9,20,8,54,92,92012,A13,48.84817532,2.23384674,Plein jour,Hors agglomération,Hors intersection,Normale,Deux véhicules - arrière,1,1,4,0,1,1,1,1,1,70,2,2,1,0,0,1,38.0,43.0,deux_roues,utilitaire_camion,1,1,1,1,2
202300009380,2023-09-20 17:50:00,2023,9,20,17,50,93,93053,AUTOROUTE A86,48.90368296,2.4666784,Plein jour,Hors agglomération,Hors intersection,Normale,Deux véhicules - arrière,1,1,2,0,1,1,1,0,1,70,2,2,1,0,0,1,22.0,54.0,voiture,voiture,1,1,1,1,2
202300009381,2023-04-29 23:59:00,2023,4,29,23,59,82,82033,SAINT AIGNAN (ROUTE DE) ,44.0235,1.08078,Nuit sans éclairage public,Hors agglomération,Hors intersection,Pluie légère,Autre collision,3,2,2,0,2,1,2,2,8,80,1,2,0,0,2,0,31.0,,voiture,,3,1,1,2,6
202300009382,2023-04-18 19:35:00,2023,4,18,19,35,82,82033,Route de Lafrançaise d45,44.05771,1.13074,Plein jour,Hors agglomération,Hors intersection,Normale,Autre collision,3,2,2,0,1,1,1,0,3,70,1,1,0,0,1,0,75.0,,voiture,,1,1,1,1,6
202300009383,2023-04-15 04:42:00,2023,4,15,4,42,82,82115,Route de Vaissac,44.01916,1.583737,Nuit sans éclairage public,Hors agglomération,Hors intersection,Pluie légère,Autre collision,3,2,2,0,2,3,2,0,3,80,1,1,0,0,1,0,50.0,,voiture,,3,1,1,2,6
202300009384,2023-09-19 11:00:00,2023,9,19,11,0,974,97416,LORION(RUE LUC),-21.33052,55.47241,Plein jour,En agglomération,Hors intersection,Normale,Autre collision,4,2,4,0,2,1,1,0,1,50,1,2,1,0,0,1,70.0,,voiture,,1,2,1,1,6
202300009385,2023-09-18 20:35:00,2023,9,18,20,35,974,97416,BANK (BOULEVARD),-21.33031,55.47375,Nuit avec éclairage allumé,En agglomération,Hors intersection,Normale,Autre collision,2,2,2,0,1,1,1,0,1,50,1,2,1,0,0,1,20.0,,voiture,,5,2,1,1,6
202300009386,2023-09-19 06:15:00,2023,9,19,6,15,974,97411,JAURES (BLD 1 JEAN),-20.88988,55.45285,Plein jour,En agglomération,Autre intersection,Normale,Deux véhicules - côté,2,1,3,0,1,1,1,0,1,70,2,2,0,0,0,2,23.0,34.0,voiture,voiture,1,2,9,1,3
202300009386,2023-09-19 06:15:00,2023,9,19,6,15,974,97411,JAURES (BLD 1 JEAN),-20.88988,55.45285,Plein jour,En agglomération,Autre intersection,Normale,Deux véhicules - côté,2,1,3,0,1,1,1,0,1,70,2,2,0,0,0,2,23.0,34.0,voiture,voiture,1,2,9,1,3
202300009387,2023-09-19 08:15:00,2023,9,19,8,15,973,97302,FELIX EBOUE(ROCADE),4.92958409,-52.31511086,Plein jour,En agglomération,Intersection en X,Normale,Deux véhicules - côté,3,2,2,0,1,1,1,9,1,50,2,3,2,0,0,1,29.0,,voiture,voiture,1,2,2,1,3
202300009387,2023-09-19 08:15:00,2023,9,19,8,15,973,97302,FELIX EBOUE(ROCADE),4.92958409,-52.31511086,Plein jour,En agglomération,Intersection en X,Normale,Deux véhicules - côté,3,2,2,0,1,1,1,9,1,50,2,3,2,0,0,1,29.0,,voiture,voiture,1,2,2,1,3
202300009388,2023-09-19 06:57:00,2023,9,19,6,57,973,97302,EAU-LISETTE (CITE),4.92912,-52.32115,Plein jour,En agglomération,Intersection en T,Normale,Deux véhicules - côté,4,2,2,0,1,1,1,0,1,50,2,2,0,0,0,2,15.0,51.0,deux_roues,voiture,1,2,3,1,3
202300009389,2023-09-18 22:10:00,2023,9,18,22,10,973,97302,LIBERTE (AVENUE DE LA),4.93670793,-52.32780308,Nuit avec éclairage allumé,En agglomération,Intersection en T,Normale,Trois véhicules et plus - collisions multiples,4,1,1,0,1,1,1,0,1,50,3,5,1,0,0,4,19.0,20.0,voiture,voiture,5,2,3,1,5
202300009389,2023-09-18 22:10:00,2023,9,18,22,10,973,97302,LIBERTE (AVENUE DE LA),4.93670793,-52.32780308,Nuit avec éclairage allumé,En agglomération,Intersection en T,Normale,Trois véhicules et plus - collisions multiples,4,1,1,0,1,1,1,0,1,50,3,5,1,0,0,4,19.0,20.0,voiture,voiture,5,2,3,1,5
202300009390,2023-09-18 20:33:00,2023,9,18,20,33,973,97302,MONT LUCAS  2 (CITE),4.92458,-52.30016,Nuit avec éclairage allumé,En agglomération,Hors intersection,Normale,Autre collision,4,2,2,0,1,1,1,0,1,50,1,2,0,0,0,2,,,,,5,2,1,1,6
202300009391,2023-09-19 14:40:00,2023,9,19,14,40,69,69387,Boulevard des Tchécoslovaques,45.74177,4.857,Plein jour,En agglomération,Hors intersection,Normale,Trois véhicules et plus - en chaîne,4,3,3,3,1,1,1,0,1,50,3,4,3,0,0,1,36.0,26.0,voiture,utilitaire_camion,1,2,1,1,4
202300009392,2023-09-19 09:40:00,2023,9,19,9,40,69,69383,Boulevard Marius Vivier-Merle,45.76093,4.85788,Plein jour,En agglomération,Autre intersection,Normale,Autre collision,4,1,1,3,1,1,1,0,1,30,1,2,1,0,0,1,39.0,,voiture,,1,2,9,1,6
202300009392,2023-09-19 09:40:00,2023,9,19,9,40,69,69383,Boulevard Marius Vivier-Merle,45.76093,4.85788,Plein jour,En agglomération,Autre intersection,Normale,Autre collision,4,1,1,3,1,1,1,0,1,30,1,2,1,0,0,1,39.0,,voiture,,1,2,9,1,6
202300009393,2023-09-19 07:48:00,2023,9,19,7,48,972,97209,BISHOP (Avenue Maurice),14.6139,-61.0516,Plein jour,Hors agglomération,Giratoire,Normale,Deux véhicules - côté,2,2,2,0,1,2,1,2,1,50,2,9,2,0,1,6,52.0,31.0,transport_commun,voiture,1,1,6,1,3
202300009393,2023-09-19 07:48:00,2023,9,19,7,48,972,97209,BISHOP (Avenue Maurice),14.6139,-61.0516,Plein jour,Hors agglomération,Giratoire,Normale,Deux véhicules - côté,2,1,1,3,1,3,1,2,6,50,2,9,2,0,1,6,52.0,31.0,transport_commun,voiture,1,1,6,1,3
202300009394,2023-09-19 14:25:00,2023,9,19,14,25,2B,2B033,ROUTE ROYALE,42.67736,9.43394,Plein jour,En agglomération,Intersection en T,Normale,Deux véhicules - arrière,3,2,2,0,2,1,1,0,1,30,2,2,1,0,0,1,51.0,24.0,deux_roues,voiture,1,2,3,1,2
202300009394,2023-09-19 14:25:00,2023,9,19,14,25,2B,2B033,ROUTE ROYALE,42.67736,9.43394,Plein jour,En agglomération,Intersection en T,Normale,Deux véhicules - arrière,3,2,2,0,1,1,1,0,1,30,2,2,1,0,0,1,51.0,24.0,deux_roues,voiture,1,2,3,1,2
202300009395,2023-09-19 06:15:00,2023,9,19,6,15,971,97113,Section Port Blanc,16.23193666,-61.45603895,Plein jour,Hors agglomération,Hors intersection,Normale,Deux véhicules - côté,4,-1,2,0,2,2,1,0,1,80,2,2,1,0,0,1,49.0,45.0,utilitaire_camion,voiture,1,1,1,1,3
202300009396,2023-09-19 00:30:00,2023,9,19,0,30,971,97101,RN1-  HAUTEUR DE SORTIE LAURICISQUE,16.25289,-61.53329,Nuit avec éclairage allumé,Hors agglomération,Autre intersection,Normale,Deux véhicules - arrière,2,-1,0,0,1,1,1,0,1,90,2,3,1,0,0,2,35.0,32.0,utilitaire_camion,utilitaire_camion,5,1,9,1,2
202300009397,2023-09-19 13:25:00,2023,9,19,13,25,91,91201,BD HENRI BARBUSSE,48.665039,2.419089,Plein jour,En agglomération,Hors intersection,Normale,Autre collision,3,2,2,0,1,1,1,9,1,50,1,2,1,0,0,1,36.0,,utilitaire_camion,,1,2,1,1,6
202300009398,2023-09-19 07:25:00,2023,9,19,7,25,91,91223,MAI 1945 (AVENUE DU 8),48.4374,2.16303,Plein jour,En agglomération,Hors intersection,Normale,Autre collision,3,2,2,0,2,1,1,0,1,50,1,2,1,0,0,1,21.0,,voiture,,1,2,1,1,6
202300009399,2023-09-18 12:31:00,2023,9,18,12,31,87,87085,FRACHON ( ave Benoit),45.85064,1.2983,Plein jour,En agglomération,Hors intersection,Normale,Sans collision,3,2,3,0,2,1,1,2,1,50,1,1,0,0,0,1,18.0,,deux_roues,,1,2,1,1,7
202300009400,2023-09-19 10:52:00,2023,9,19,10,52,85,85194,Boulevard du vendée globe,46.50202,-1.75908,Plein jour,En agglomération,Giratoire,Temps couvert,Deux véhicules - côté,4,2,2,0,1,1,2,5,1,50,2,3,1,0,1,1,83.0,81.0,voiture,deux_roues,1,2,6,8,3
202300009401,2023-09-13 17:00:00,2023,9,13,17,0,84,84035,VERDUN (AVENUE DE),43.83156,5.03928,Plein jour,En agglomération,Autre intersection,Normale,Deux véhicules - arrière,4,2,3,0,1,1,1,5,1,50,2,4,2,0,1,1,60.0,75.0,voiture,voiture,1,2,9,1,2
202300009402,2023-09-19 14:42:00,2023,9,19,14,42,83,83090,RESISTANCE (AVE DE LA),43.1332,5.84608,Plein jour,En agglomération,Intersection en T,Normale,Deux véhicules - arrière,3,2, -1,-1,1,1,1,0,1,-1,2,2,1,0,0,1,26.0,53.0,voiture,deux_roues,1,2,3,1,2
202300009402,2023-09-19 14:42:00,2023,9,19,14,42,83,83090,RESISTANCE (AVE DE LA),43.1332,5.84608,Plein jour,En agglomération,Intersection en T,Normale,Deux véhicules - arrière,3,2,2,0,1,1,1,0,1,50,2,2,1,0,0,1,26.0,53.0,voiture,deux_roues,1,2,3,1,2
202300009403,2023-09-19 20:20:00,2023,9,19,20,20,77,77243,JACQUES LEPAIRE  (RUE   ),48.87818,2.70148,Nuit avec éclairage allumé,En agglomération,Giratoire,Normale,Deux véhicules - côté,3,3,1,0,2,1,1,0,1,50,2,2,1,0,0,1,29.0,20.0,deux_roues,deux_roues,5,2,6,1,3
202300009403,2023-09-19 20:20:00,2023,9,19,20,20,77,77243,JACQUES LEPAIRE  (RUE   ),48.87818,2.70148,Nuit avec éclairage allumé,En agglomération,Giratoire,Normale,Deux véhicules - côté,3,2,0,0,1,1,1,0,1,50,2,2,1,0,0,1,29.0,20.0,deux_roues,deux_roues,5,2,6,1,3
202300009404,2023-09-18 14:00:00,2023,9,18,14,0,76,76329,RD 487,49.54495,0.49486,Plein jour,Hors agglomération,Hors intersection,Pluie légère,Deux véhicules - frontale,3,2,2,0,2,1,2,0,1,80,2,3,2,0,1,0,20.0,19.0,utilitaire_camion,utilitaire_camion,1,1,1,2,1