accident_id,datetime,annee,mois,jour,heure,minute,departement,commune_insee,adresse,latitude,longitude,luminosite,agglomeration,intersection,meteo,collision,catr,circ,nbv,vosp,prof,plan,surf,infra,situ,vma,nb_vehicules,nb_usagers,nb_indemnes,nb_tues,nb_blesses_hosp,nb_blesses_legers,age_cond_1,age_cond_2,veh_type_cond_1,veh_type_cond_2,lum_code,agg_code,int_code,atm_code,col_code
202300009472,2023-10-22 15:00:00,2023,10,22,15,0,55,55496,pk 30 D964,48.714978,5.610516,Plein jour,Hors agglomération,Hors intersection,Normale,Deux véhicules - frontale,3,2,2,0,1,1,1,0,3,90,1,2,0,0,0,2,58.0,,voiture,,1,1,1,1,1
202300009473,2023-10-21 13:15:00,2023,10,21,13,15,01,01386,D20a,45.885778,5.347681,Plein jour,Hors agglomération,Intersection en T,Normale,Deux véhicules - arrière,3,2,2,0,1,1,1,0,1,70,2,2,1,0,1,0,22.0,51.0,deux_roues,voiture,1,1,3,1,2
202300009473,2023-10-21 13:15:00,2023,10,21,13,15,01,01386,D20a,45.885778,5.347681,Plein jour,Hors agglomération,Intersection en T,Normale,Deux véhicules - arrière,3,-1, -1,0,1,1,1,0,1,30,2,2,1,0,1,0,22.0,51.0,deux_roues,voiture,1,1,3,1,2
202300009474,2023-10-21 21:50:00,2023,10,21,21,50,69,69140,Route de Chazay,45.893555,4.699981,Nuit avec éclairage allumé,Hors agglomération,Hors intersection,Normale,Trois véhicules et plus - collisions multiples,3,2,2,0,1,2,1,0,1,50,3,7,2,0,3,2,71.0,63.0,voiture,voiture,5,1,1,1,5
202300009475,2023-10-22 11:45:00,2023,10,22,11,45,31,31291,62 Avenue de Bouconne,43.604619,1.223109,Plein jour,En agglomération,Intersection en T,Normale,Deux véhicules - côté,3,2,2,1,1,1,1,0,5,50,2,2,1,0,0,1,56.0,85.0,voiture,deux_roues,1,2,3,1,3
202300009475,2023-10-22 11:45:00,2023,10,22,11,45,31,31291,62 Avenue de Bouconne,43.604619,1.223109,Plein jour,En agglomération,Intersection en T,Normale,Deux véhicules - côté,3,-1,2,0,1,1,1,0,5,-1,2,2,1,0,0,1,56.0,85.0,voiture,deux_roues,1,2,3,1,3
202300009476,2023-10-22 14:50:00,2023,10,22,14,50,64,64315,D802,43.300931,-0.427807,Plein jour,Hors agglomération,Hors intersection,Normale,Autre collision,3,2,2,0,1,1,1,0,1,70,1,1,0,0,0,1,76.0,,voiture,,1,1,1,1,6
202300009477,2023-10-21 11:25:00,2023,10,21,11,25,14,14040,2 Route du Pont Roch,49.266873,-0.743954,Plein jour,Hors agglomération,Intersection en X,Pluie légère,Deux véhicules - côté,3,2,2,0,4,4,2,0,1,90,2,2,1,0,0,1,29.0,73.0,voiture,voiture,1,1,2,2,3
202300009477,2023-10-21 11:25:00,2023,10,21,11,25,14,14040,2 Route du Pont Roch,49.266873,-0.743954,Plein jour,Hors agglomération,Intersection en X,Pluie légère,Deux véhicules - côté,3,2,2,0,4,2,2,0,1,90,2,2,1,0,0,1,29.0,73.0,voiture,voiture,1,1,2,2,3
202300009478,2023-10-21 21:30:00,2023,10,21,21,30,22,22136,Belle Joie,48.20527,-2.755508,Nuit sans éclairage public,Hors agglomération,Autre intersection,Pluie légère,Deux véhicules - frontale,4,2,2,0,1,1,2,0,1,80,2,3,0,1,1,1,18.0,18.0,voiture,voiture,3,1,9,2,1
202300009479,2023-10-20 18:32:00,2023,10,20,18,32,13,13215,A7-Sens Marseille vers Lyon,43.34994821,5.36891233,Crépuscule ou aube,Hors agglomération,Hors intersection,Normale,Deux véhicules - arrière,1,-1,3,0,1,1,1,0,1,130,4,4,2,0,0,2,43.0,43.0,voiture,voiture,2,1,1,1,2
202300009480,2023-10-20 04:00:00,2023,10,20,4,0,13,13210,A507 sens Marseille - Aubagne,43.28425,5.403,Nuit sans éclairage public,Hors agglomération,Hors intersection,Pluie légère,Autre collision,1,1,3,0,1,1,2,0,1,70,1,2,1,0,0,1,60.0,,voiture,,3,1,1,2,6
202300009481,2023-09-18 08:00:00,2023,9,18,8,0,69,69382,Route de Métropole 6,45.75087618,4.82290372,Plein jour,Hors agglomération,Hors intersection,Normale,Sans collision,7,3,6,0,1,1,1,0,1,70,1,1,0,0,0,1,31.0,,voiture,,1,1,1,1,7
202300009482,2023-10-21 16:40:00,2023,10,21,16,40,33,33318,AUTOROUTE A 63,44.78742,-0.62397,Plein jour,Hors agglomération,Hors intersection,Normale,Autre collision,1,1,2,0,2,2,2,3,1,50,1,1,0,0,0,1,31.0,,voiture,,1,1,1,1,6
202300009483,2023-10-21 11:50:00,2023,10,21,11,50,91,91689,AUTOROUTE A6B,48.74468,2.32288,Plein jour,Hors agglomération,Hors intersection,Normale,Deux véhicules - arrière,1,2,3,0,1,1,1,0,1,90,2,2,1,0,0,1,30.0,18.0,voiture,voiture,1,1,1,1,2
202300009484,2023-10-20 12:00:00,2023,10,20,12,0,91,91661,RD 188 CHEVREUSE,48.69671,2.21463,Plein jour,Hors agglomération,Hors intersection,Temps couvert,Deux véhicules - côté,3,3,2,0,1,1,2,0,1,90,2,2,1,0,0,1,44.0,63.0,voiture,voiture,1,1,1,8,3
202300009485,2023-10-21 07:10:00,2023,10,21,7,10,92,92050,A14,48.90183264,2.20286349,Nuit sans éclairage public,Hors agglomération,Hors intersection,Normale,Deux véhicules - arrière,1,-1,1,0,2,1,2,0,1,70,2,2,1,0,0,1,83.0,45.0,voiture,deux_roues,3,1,1,1,2
202300009486,2023-10-21 17:08:00,2023,10,21,17,8,95,95572,N184,49.03385054,2.11133838,Plein jour,Hors agglomération,Hors intersection,Normale,Deux véhicules - côté,2,1,2,0,1,1,2,0,1,90,2,3,0,1,0,2,44.0,43.0,voiture,deux_roues,1,1,1,1,3
202300009487,2023-10-21 17:15:00,2023,10,21,17,15,93,93013,AUTOROUTE A1,48.94036,2.42343,Plein jour,Hors agglomération,Hors intersection,Temps couvert,Trois véhicules et plus - en chaîne,1,3,4,0,1,1,2,0,1,90,4,7,3,0,0,4,55.0,31.0,voiture,voiture,1,1,1,8,4
202300009488,2023-10-21 01:25:00,2023,10,21,1,25,93,93051,A4,48.836465,2.547832,Nuit sans éclairage public,Hors agglomération,Hors intersection,Pluie légère,Autre collision,1,1,3,0,1,1,2,0,1,110,2,3,1,0,0,2,40.0,48.0,utilitaire_camion,voiture,3,1,1,2,6
202300009489,2023-10-20 22:45:00,2023,10,20,22,45,94,94073,A86,48.76906913,2.37939164,Nuit sans éclairage public,Hors agglomération,Hors intersection,Pluie légère,Autre collision,1,1,3,0,1,1,2,0,1,70,1,1,0,0,0,1,53.0,,voiture,,3,1,1,2,6
202300009490,2023-08-21 08:38:00,2023,8,21,8,38,87,87075,MARS 1962 (RUE DU 19),45.80841,1.2253,Plein jour,En agglomération,Hors intersection,Normale,Autre collision,4,3,2,0,1,1,1,0,1,50,1,1,0,0,0,1,18.0,,deux_roues,,1,2,1,1,6
202300009491,2023-08-20 11:10:00,2023,8,20,11,10,78,78138,POISSY (AVENUE DE),48.969307,2.032331,Plein jour,Hors agglomération,Hors intersection,Normale,Autre collision,3,-1,2,0,1,1,1,9,4,70,1,2,1,0,0,1,,,autre,,1,1,1,1,6
202300009492,2023-08-21 09:20:00,2023,8,21,9,20,45,45234,Avenue Roger Secrétain,47.88621,1.89647,Plein jour,En agglomération,Hors intersection,Normale,Deux véhicules - côté,4,3,4,0,1,1,1,0,1,50,2,2,1,0,0,1,54.0,21.0,deux_roues,voiture,1,2,1,1,3
202300009493,2023-08-21 01:41:00,2023,8,21,1,41,13,13203,NATIONAL (BOULEVARD),43.31281,5.37573,Nuit avec éclairage allumé,En agglomération,Intersection en T,Normale,Deux véhicules - frontale,4,2, -1,-1,1,1,1,0,1,-1,2,3,0,0,1,2,29.0,37.0,voiture,deux_roues,5,2,3,1,1
202300009493,2023-08-21 01:41:00,2023,8,21,1,41,13,13203,NATIONAL (BOULEVARD),43.31281,5.37573,Nuit avec éclairage allumé,En agglomération,Intersection en T,Normale,Deux véhicules - frontale,4,1,2,0,1,1,1,2,1,50,2,3,0,0,1,2,29.0,37.0,voiture,deux_roues,5,2,3,1,1
202300009494,2023-10-20 11:00:00,2023,10,20,11,0,988,98818,RUE LUCIEN HERVOUET,-22.2363,166.44951,Plein jour,En agglomération,Hors intersection,Normale,Trois véhicules et plus - en chaîne,4,2,2,0,1,1,1,0,1,50,3,3,2,0,0,1,46.0,38.0,voiture,utilitaire_camion,1,2,1,1,4
202300009495,2023-10-20 17:00:00,2023,10,20,17,0,69,69388,Rue Professeur Joseph Nicolas,45.73213,4.88077,Plein jour,En agglomération,Intersection en X,Pluie légère,Autre collision,4,2,4,2,1,1,2,0,1,50,1,2,1,0,0,1,24.0,,voiture,,1,2,2,2,6
202300009495,2023-10-20 17:00:00,2023,10,20,17,0,69,69388,Rue Professeur Joseph Nicolas,45.73213,4.88077,Plein jour,En agglomération,Intersection en X,Pluie légère,Autre collision,4,2,2,0,1,1,2,0,1,30,1,2,1,0,0,1,24.0,,voiture,,1,2,2,2,6
202300009496,2023-10-20 18:00:00,2023,10,20,18,0,972,97213,AUTOROUTE A1,14.618,-61.03215,Nuit sans éclairage public,Hors agglomération,Hors intersection,Normale,Deux véhicules - arrière,1,1,2,0,1,1,1,0,1,90,2,2,1,0,0,1,43.0,29.0,voiture,voiture,3,1,1,1,2
202300009497,2023-10-20 06:50:00,2023,10,20,6,50,972,97209,ARAWAKS (AVENUE DES),14.6165,-61.0448,Plein jour,En agglomération,Hors intersection,Pluie légère,Deux véhicules - arrière,4,2,2,0,2,3,2,0,1,50,2,2,0,0,0,2,24.0,44.0,voiture,voiture,1,2,1,2,2
202300009498,2023-10-20 17:35:00,2023,10,20,17,35,69,69384,Place Marcel Bertone,45.77758,4.83485,Crépuscule ou aube,En agglomération,Intersection en X,Normale,Deux véhicules - côté,4,1,1,0,1,1,1,0,1,30,2,2,1,0,0,1,21.0,22.0,deux_roues,voiture,2,2,2,1,3
202300009498,2023-10-20 17:35:00,2023,10,20,17,35,69,69384,Place Marcel Bertone,45.77758,4.83485,Crépuscule ou aube,En agglomération,Intersection en X,Normale,Deux véhicules - côté,4,1,1,0,1,1,1,0,1,30,2,2,1,0,0,1,21.0,22.0,deux_roues,voiture,2,2,2,1,3
202300009499,2023-10-18 07:35:00,2023,10,18,7,35,69,69034,Montée de la Boucle,45.78273149,4.83672432,Crépuscule ou aube,En agglomération,Hors intersection,Normale,Deux véhicules - arrière,4,1,2,1,2,1,1,0,1,50,2,2,0,0,0,2,20.0,34.0,voiture,utilitaire_camion,2,2,1,1,2
202300009500,2023-10-20 19:50:00,2023,10,20,19,50,95,95539,D301,48.99732,2.36062,Nuit sans éclairage public,En agglomération,Hors intersection,Temps couvert,Deux véhicules - arrière,3,3,2,0,1,1,1,0,1,90,2,2,0,0,1,1,33.0,54.0,voiture,voiture,3,2,1,8,2
202300009501,2023-10-19 12:06:00,2023,10,19,12,6,95,95555,PARMENTIER (RUE),48.96790978,2.28082216,Plein jour,En agglomération,Hors intersection,Normale,Deux véhicules - frontale,4,1,1,0,1,1,1,0,1,30,2,2,1,0,0,1,12.0,16.0,deux_roues,deux_roues,1,2,1,1,1
202300009502,2023-10-19 20:05:00,2023,10,19,20,5,89,89387,LIBERTE (BOULEVARD DE LA ),48.19142,3.27654,Nuit avec éclairage allumé,En agglomération,Intersection en X,Pluie légère,Deux véhicules - côté,4,2,2,0,2,1,2,0,1,30,2,2,1,0,0,1,58.0,27.0,voiture,utilitaire_camion,5,2,2,2,3
202300009502,2023-10-19 20:05:00,2023,10,19,20,5,89,89387,LIBERTE (BOULEVARD DE LA ),48.19142,3.27654,Nuit avec éclairage allumé,En agglomération,Intersection en X,Pluie légère,Deux véhicules - côté,4,2,2,0,2,1,2,5,1,30,2,2,1,0,0,1,58.0,27.0,voiture,utilitaire_camion,5,2,2,2,3
202300009503,2023-10-19 14:06:00,2023,10,19,14,6,87,87085,PUY IMBERT (RUE DU),45.83887,1.27864,Plein jour,En agglomération,Hors intersection,Pluie légère,Deux véhicules - frontale,4,2,2,0,2,1,2,0,1,30,2,2,1,0,0,1,49.0,17.0,deux_roues,voiture,1,2,1,2,1
202300009504,2023-10-19 19:55:00,2023,10,19,19,55,84,84007,neuf peyres (chemin des),43.9419,4.83121,Plein jour,En agglomération,Hors intersection,Temps couvert,Sans collision,4,2,2,0,1,2,2,0,3,30,1,3,2,0,0,1,20.0,,voiture,,1,2,1,8,7
202300009505,2023-10-19 08:30:00,2023,10,19,8,30,83,83126,CARMILLE ( AV DU GENERAL),43.09713525,5.88828027,Plein jour,En agglomération,Intersection en T,Temps couvert,Deux véhicules - côté,4,-1,1,0,1,1,1,0,1,50,2,2,1,0,1,0,76.0,76.0,deux_roues,voiture,1,2,3,8,3
202300009505,2023-10-19 08:30:00,2023,10,19,8,30,83,83126,CARMILLE ( AV DU GENERAL),43.09713525,5.88828027,Plein jour,En agglomération,Intersection en T,Temps couvert,Deux véhicules - côté,4,2,2,0,2,2,1,0,1,50,2,2,1,0,1,0,76.0,76.0,deux_roues,voiture,1,2,3,8,3
202300009506,2023-10-20 07:45:00,2023,10,20,7,45,82,82121,GASSERAS (AVENUE DE),44.01757,1.32032,Crépuscule ou aube,En agglomération,Intersection en X,Normale,Deux véhicules - côté,4,2,2,0,1,1,2,0,1,50,2,2,1,0,1,0,67.0,17.0,voiture,deux_roues,2,2,2,1,3
202300009506,2023-10-20 07:45:00,2023,10,20,7,45,82,82121,GASSERAS (AVENUE DE),44.01757,1.32032,Crépuscule ou aube,En agglomération,Intersection en X,Normale,Deux véhicules - côté,4,2,2,0,1,1,2,0,1,50,2,2,1,0,1,0,67.0,17.0,voiture,deux_roues,2,2,2,1,3
202300009507,2023-10-18 19:10:00,2023,10,18,19,10,80,80131,COMMANDANT JAN (RUE DU),49.84451,2.39706,Crépuscule ou aube,En agglomération,Hors intersection,Pluie légère,Deux véhicules - arrière,4,2,2,0,1,1,2,0,1,50,2,3,2,0,0,1,49.0,53.0,voiture,voiture,2,2,1,2,2
202300009508,2023-10-20 08:25:00,2023,10,20,8,25,78,78401,GENERAL LECLERC (AVENUE DU ),49.011572,1.906922,Crépuscule ou aube,En agglomération,Hors intersection,Pluie légère,Deux véhicules - arrière,3,3,4,0,1,1,2,0,1,50,2,2,1,0,0,1,26.0,,voiture,voiture,2,2,1,2,2
202300009509,2023-10-20 23:20:00,2023,10,20,23,20,77,77479,RUE DE TORCY,48.86911,2.64598,Nuit avec éclairage allumé,En agglomération,Hors intersection,Pluie légère,Deux véhicules - frontale,4,2,2,0,1,1,2,0,1,50,2,3,1,0,1,1,45.0,21.0,voiture,deux_roues,5,2,1,2,1
202300009510,2023-10-06 15:30:00,2023,10,6,15,30,77,77249,AV DES HYVERNEAUX,48.7394,2.60738,Plein jour,En agglomération,Hors intersection,Normale,Autre collision,4,2,0,0,1,1,1,0,8,50,3,3,2,0,0,1,92.0,86.0,voiture,voiture,1,2,1,1,6
202300009511,2023-10-19 14:00:00,2023,10,19,14,0,76,76351,INGOUVILLE (RUE),49.49742,0.10949,Plein jour,En agglomération,Intersection en X,Normale,Autre collision,4,1,2,0,1,1,1,0,1,50,1,3,1,0,0,2,57.0,,voiture,,1,2,2,1,6
202300009511,2023-10-19 14:00:00,2023,10,19,14,0,76,76351,INGOUVILLE (RUE),49.49742,0.10949,Plein jour,En agglomération,Intersection en X,Normale,Autre collision,4,2,4,2,2,1,1,0,1,50,1,3,1,0,0,2,57.0,,voiture,,1,2,2,1,6
202300009512,2023-10-19 17:05:00,2023,10,19,17,5,72,72181,JACOBINS (QUINCONCE DES),48.00871,0.20298,Plein jour,En agglomération,Hors intersection,Normale,Autre collision,4,1,1,0,1,1,1,9,8,30,1,1,0,0,0,1,63.0,,voiture,,1,2,1,1,6
202300009513,2023-10-19 09:00:00,2023,10,19,9,0,72,72181,OYON ALEXANDRE (BD),47.99505,0.1878,Plein jour,En agglomération,Hors intersection,Normale,Autre collision,4,-1,1,0,1,1,2,0,4,30,1,2,1,0,0,1,31.0,,deux_roues,,1,2,1,1,6
202300009514,2023-10-19 07:00:00,2023,10,19,7,0,72,72181,BONNETABLE (RTE) N° IMP,48.02078,0.22614,Nuit avec éclairage allumé,En agglomération,Autre intersection,Pluie légère,Deux véhicules - côté,4,2,2,0,1,1,2,0,1,50,2,2,1,0,0,1,55.0,28.0,voiture,deux_roues,5,2,9,2,3
202300009515,2023-10-20 11:15:00,2023,10,20,11,15,71,71040,MACON (ROUTE DE),46.68650815,4.39066647,Plein jour,En agglomération,Intersection en T,Normale,Deux véhicules - côté,3,2,2,-1,1,1,1,0,1,-1,2,4,0,0,0,4,29.0,80.0,voiture,voiture,1,2,3,1,3
202300009515,2023-10-20 11:15:00,2023,10,20,11,15,71,71040,MACON (ROUTE DE),46.68650815,4.39066647,Plein jour,En agglomération,Intersection en T,Normale,Deux véhicules - côté,3,2,2,0,1,1,1,0,1,50,2,4,0,0,0,4,29.0,80.0,voiture,voiture,1,2,3,1,3
202300009516,2023-10-20 17:30:00,2023,10,20,17,30,71,71076,PARIS (AVENUE DE),46.80697,4.84404,Plein jour,En agglomération,Autre intersection,Pluie légère,Autre collision,3,3,5,0,1,1,2,0,1,50,1,2,1,1,0,0,25.0,,voiture,,1,2,9,2,6
202300009517,2023-10-19 15:45:00,2023,10,19,15,45,69,69029,Avenue du 8 Mai 1945,45.72755,4.91559,Plein jour,En agglomération,Hors intersection,Normale,Autre collision,4,2,2,3,1,1,2,0,1,50,1,2,1,0,0,1,21.0,,voiture,,1,2,1,1,6
202300009518,2023-10-19 12:15:00,2023,10,19,12,15,69,69029,Avenue Franklin Roosvelt,45.73066,4.91737,Plein jour,En agglomération,Intersection en X,Pluie forte,Deux véhicules - frontale,4,2,2,3,1,1,2,0,1,50,2,2,1,0,0,1,37.0,39.0,voiture,utilitaire_camion,1,2,2,3,1
202300009518,2023-10-19 12:15:00,2023,10,19,12,15,69,69029,Avenue Franklin Roosvelt,45.73066,4.91737,Plein jour,En agglomération,Intersection en X,Pluie forte,Deux véhicules - frontale,4,2,2,3,1,1,2,0,1,50,2,2,1,0,0,1,37.0,39.0,voiture,utilitaire_camion,1,2,2,3,1
202300009519,2023-07-28 10:05:00,2023,7,28,10,5,69,69091,Avenue Youri Gagarine,45.60195,4.77039,Plein jour,En agglomération,Intersection en X,Normale,Deux véhicules - côté,7,2,4,0,1,1,1,0,1,50,2,2,0,0,0,2,40.0,48.0,voiture,voiture,1,2,2,1,3
202300009519,2023-07-28 10:05:00,2023,7,28,10,5,69,69091,Avenue Youri Gagarine,45.60195,4.77039,Plein jour,En agglomération,Intersection en X,Normale,Deux véhicules - côté,7,2,2,0,1,1,1,0,1,50,2,2,0,0,0,2,40.0,48.0,voiture,voiture,1,2,2,1,3
202300009520,2023-10-20 10:50:00,2023,10,20,10,50,67,67043,PERIGUEUX (AVENUE DE),48.614841,7.742139,Plein jour,En agglomération,Hors intersection,Pluie forte,Autre collision,7,2,2,0,4,3,2,8,1,30,1,2,1,0,0,1,66.0,,voiture,,1,2,1,3,6
202300009521,2023-10-20 11:30:00,2023,10,20,11,30,66,66136,,42.69416,2.85022,Plein jour,Hors agglomération,Giratoire,Normale,Deux véhicules - côté,2,1,2,0,1,2,1,0,1,30,2,2,1,0,0,1,62.0,62.0,deux_roues,voiture,1,1,6,1,3
202300009521,2023-10-20 11:30:00,2023,10,20,11,30,66,66136,,42.69416,2.85022,Plein jour,Hors agglomération,Giratoire,Normale,Deux véhicules - côté,2,3,4,0,1,1,1,0,1,50,2,2,1,0,0,1,62.0,62.0,deux_roues,voiture,1,1,6,1,3
202300009522,2023-10-19 18:25:00,2023,10,19,18,25,64,64129,GASTON PHOEBUS,43.29841,-0.38672,Crépuscule ou aube,En agglomération,Hors intersection,Pluie légère,Deux véhicules - côté,4,2,2,0,2,1,2,0,5,50,2,3,2,0,0,1,31.0,47.0,deux_roues,voiture,2,2,1,2,3
202300009523,2023-10-10 08:50:00,2023,10,10,8,50,64,64445,PAIX,43.31644,-0.33955,Plein jour,En agglomération,Intersection en X,Normale,Deux véhicules - côté,4,2,2,0,1,1,1,0,1,50,2,2,1,0,0,1,27.0,58.0,voiture,deux_roues,1,2,2,1,3
202300009523,2023-10-10 08:50:00,2023,10,10,8,50,64,64445,PAIX,43.31644,-0.33955,Plein jour,En agglomération,Intersection en X,Normale,Deux véhicules - côté,4,2,2,0,1,1,1,0,1,50,2,2,1,0,0,1,27.0,58.0,voiture,deux_roues,1,2,2,1,3
202300009524,2023-10-17 21:45:00,2023,10,17,21,45,62,62510,Rue Hoche,50.41706,2.77183,Nuit avec éclairage allumé,En agglomération,Hors intersection,Normale,Deux véhicules - côté,4,2,2,0,1,1,1,0,3,50,2,1,0,0,0,1,36.0,,voiture,,5,2,1,1,3
202300009525,2023-10-20 07:50:00,2023,10,20,7,50,62,62263,Avenue de l'Hippodrome,50.29224696,2.72809607,Crépuscule ou aube,En agglomération,Hors intersection,Pluie forte,Autre collision,4,2,2,0,1,1,2,0,1,50,1,2,1,0,0,1,49.0,,voiture,,2,2,1,3,6
202300009526,2023-10-20 21:10:00,2023,10,20,21,10,60,60057,Rue d'Amiens,49.43725,2.08774,Nuit avec éclairage allumé,En agglomération,Hors intersection,Normale,Deux véhicules - arrière,4,2,3,2,2,1,2,0,5,50,2,3,2,0,1,0,35.0,39.0,deux_roues,voiture,5,2,1,1,2
202300009527,2023-10-20 19:30:00,2023,10,20,19,30,59,59378,CLEMENCEAU BLVD (N°168-294),50.66207,3.09644,Nuit avec éclairage allumé,En agglomération,Intersection en T,Temps couvert,Deux véhicules - côté,7,2,8,0,1,1,2,2,1,50,2,5,1,0,0,4,20.0,23.0,voiture,voiture,5,2,3,8,3
202300009527,2023-10-20 19:30:00,2023,10,20,19,30,59,59378,CLEMENCEAU BLVD (N°168-294),50.66207,3.09644,Nuit avec éclairage allumé,En agglomération,Intersection en T,Temps couvert,Deux véhicules - côté,7,1,3,0,1,1,2,0,1,70,2,5,1,0,0,4,20.0,23.0,voiture,voiture,5,2,3,8,3
202300009528,2023-10-20 07:00:00,2023,10,20,7,0,59,59350,DUNKERQUE AVENUE DE,50.63426,3.03057,Nuit avec éclairage allumé,En agglomération,Hors intersection,Pluie légère,Autre collision,4,2,2,1,1,1,2,0,5,50,2,2,1,0,0,1,61.0,52.0,voiture,deux_roues,5,2,1,2,6
202300009529,2023-10-20 08:00:00,2023,10,20,8,0,59,59509,FERRER (RUE FRANCISCO),50.40504,3.10687,Crépuscule ou aube,En agglomération,Hors intersection,Pluie légère,Autre collision,4,2,2,0,1,1,2,0,1,50,1,2,1,0,1,0,32.0,,voiture,,2,2,1,2,6
202300009530,2023-10-19 11:35:00,2023,10,19,11,35,59,59390,COMPIEGNE (RUE),50.33756,3.19095,Plein jour,En agglomération,Intersection en T,Normale,Deux véhicules - côté,4,1,1,0,1,1,1,0,1,50,2,2,1,0,1,0,9.0,47.0,deux_roues,utilitaire_camion,1,2,3,1,3
202300009530,2023-10-19 11:35:00,2023,10,19,11,35,59,59390,COMPIEGNE (RUE),50.33756,3.19095,Plein jour,En agglomération,Intersection en T,Normale,Deux véhicules - côté,4,1,1,0,1,1,1,0,1,50,2,2,1,0,1,0,9.0,47.0,deux_roues,utilitaire_camion,1,2,3,1,3
202300009531,2023-10-19 19:00:00,2023,10,19,19,0,58,58194,GUSTAVE MATHIEU,46.98623,3.14496,Nuit avec éclairage allumé,En agglomération,Hors intersection,Pluie légère,Trois véhicules et plus - collisions multiples,4,2,2,0,1,1,2,0,1,50,1,1,0,0,0,1,80.0,,voiture,,5,2,1,2,5
202300009532,2023-10-18 19:05:00,2023,10,18,19,5,57,57757,Nations (Avenue),49.35513,6.18241,Nuit avec éclairage allumé,En agglomération,Hors intersection,Pluie forte,Autre collision,3,2,2,0,1,1,2,0,1,50,1,2,1,0,0,1,63.0,,voiture,,5,2,1,3,6
202300009533,2023-10-16 12:40:00,2023,10,16,12,40,56,56260,KERANGUEN(GIRATOIRE DE),47.659373,-2.794118,Plein jour,En agglomération,Giratoire,Normale,Deux véhicules - côté,4,1,2,0,2,1,1,5,1,30,2,2,1,0,1,0,56.0,37.0,deux_roues,voiture,1,2,6,1,3
202300009534,2023-10-20 14:20:00,2023,10,20,14,20,56,56162,SAINTE  ANNE (RUE),47.73749,-3.42306,Plein jour,En agglomération,Hors intersection,Pluie légère,Autre collision,4,2,2,0,3,1,2,0,4,30,1,1,0,0,0,1,53.0,,voiture,,1,2,1,2,6
202300009535,2023-10-20 08:10:00,2023,10,20,8,10,56,56098,STOSSKOPF ( AV. INGEN.-GAL ),47.7504,-3.3398,Crépuscule ou aube,En agglomération,Hors intersection,Pluie légère,Deux véhicules - frontale,4,2,2,0,1,1,2,0,1,50,2,2,0,0,0,2,57.0,48.0,voiture,voiture,2,2,1,2,1
202300009536,2023-10-18 07:30:00,2023,10,18,7,30,55,55029,REPUBLIQUE ( PLACE DE LA ),48.77326297,5.16618449,Crépuscule ou aube,En agglomération,Giratoire,Normale,Deux véhicules - côté,4,1,1,0,1,2,1,5,1,50,2,2,1,0,0,1,41.0,17.0,voiture,deux_roues,2,2,6,1,3
202300009537,2023-10-19 16:10:00,2023,10,19,16,10,54,54395,Place de la République,48.68873406,6.17561996,Plein jour,En agglomération,Hors intersection,Pluie forte,Autre collision,9,1,1,0,1,2,2,0,1,-1,1,2,1,1,0,0,25.0,,transport_commun,,1,2,1,3,6
202300009538,2023-10-20 08:50:00,2023,10,20,8,50,51,51454,rue Raoul Dufy,49.225503,4.014265,Plein jour,En agglomération,Intersection en T,Pluie forte,Autre collision,4,2,2,0,1,1,2,0,1,30,1,2,1,0,0,1,39.0,,voiture,,1,2,3,3,6
202300009538,2023-10-20 08:50:00,2023,10,20,8,50,51,51454,rue Raoul Dufy,49.225503,4.014265,Plein jour,En agglomération,Intersection en T,Pluie forte,Autre collision,4,2, -1,-1,1,1,2,-1,1,-1,1,2,1,0,0,1,39.0,,voiture,,1,2,3,3,6
202300009539,2023-10-20 08:25:00,2023,10,20,8,25,51,51573,PERI (RUE GABRIEL),49.245678,3.997428,Crépuscule ou aube,En agglomération,Hors intersection,Pluie forte,Autre collision,4,2,2,0,1,1,2,0,1,50,1,2,1,0,0,1,19.0,,voiture,,2,2,1,3,6
202300009540,2023-10-20 08:00:00,2023,10,20,8,0,51,51454,boulevard Dieu Lumière,49.2393,4.03873,Nuit avec éclairage allumé,En agglomération,Intersection en Y,Pluie forte,Deux véhicules - côté,4,1,1,0,1,2,2,0,1,50,2,2,1,0,1,0,19.0,56.0,deux_roues,utilitaire_camion,5,2,4,3,3
202300009540,2023-10-20 08:00:00,2023,10,20,8,0,51,51454,boulevard Dieu Lumière,49.2393,4.03873,Nuit avec éclairage allumé,En agglomération,Intersection en Y,Pluie forte,Deux véhicules - côté,4,1,1,1,1,1,2,5,5,50,2,2,1,0,1,0,19.0,56.0,deux_roues,utilitaire_camion,5,2,4,3,3
202300009541,2023-10-20 07:30:00,2023,10,20,7,30,51,51573,VINGT NEUF AOUT 44 (AVENUE DU),49.24795,3.99706,Nuit avec éclairage allumé,En agglomération,Hors intersection,Pluie forte,Autre collision,4,2,2,1,1,1,2,0,1,50,1,2,1,0,0,1,66.0,,voiture,,5,2,1,3,6
202300009542,2023-10-19 17:15:00,2023,10,19,17,15,51,51454,LECLERC (BOULEVARD DU GENERAL),49.25312,4.02192,Plein jour,En agglomération,Hors intersection,Normale,Autre collision,4,2,3,0,1,1,1,0,1,50,1,2,1,0,0,1,46.0,,utilitaire_camion,,1,2,1,1,6
202300009543,2023-10-19 08:09:00,2023,10,19,8,9,51,51454,ARNOULD (BOULEVARD CHARLES),49.26024,4.00893,Crépuscule ou aube,En agglomération,Hors intersection,Normale,Trois véhicules et plus - en chaîne,4,2,1,0,1,1,1,0,1,50,3,3,2,0,0,1,22.0,57.0,voiture,voiture,2,2,1,1,4