accident_id,datetime,annee,mois,jour,heure,minute,departement,commune_insee,adresse,latitude,longitude,luminosite,agglomeration,intersection,meteo,collision,catr,circ,nbv,vosp,prof,plan,surf,infra,situ,vma,nb_vehicules,nb_usagers,nb_indemnes,nb_tues,nb_blesses_hosp,nb_blesses_legers,age_cond_1,age_cond_2,veh_type_cond_1,veh_type_cond_2,lum_code,agg_code,int_code,atm_code,col_code
202300009738,2023-08-02 07:30:00,2023,8,2,7,30,34,34150,D51,43.346357,3.506441,Plein jour,Hors agglomération,Hors intersection,Normale,Deux véhicules - arrière,3,2,2,0,1,1,1,0,1,-1,2,2,1,0,1,0,14.0,47.0,deux_roues,voiture,1,1,1,1,2
202300009739,2023-02-05 02:10:00,2023,2,5,2,10,77,77495,D346,48.5575,2.61132,Nuit avec éclairage allumé,Hors agglomération,Hors intersection,Normale,Deux véhicules - frontale,3,2,2,0,1,1,1,0,1,90,2,4,1,0,3,0,21.0,22.0,voiture,voiture,5,1,1,1,1
202300009740,2023-10-21 10:00:00,2023,10,21,10,0,25,25320,D9,46.778345,6.303341,Plein jour,Hors agglomération,Hors intersection,Normale,Deux véhicules - frontale,3,-1,2,0,1,2,2,0,1,90,2,4,1,0,2,1,30.0,57.0,voiture,voiture,1,1,1,1,1
202300009741,2023-02-06 10:50:00,2023,2,6,10,50,77,77048,D40D / D104,48.32073,2.6953,Plein jour,Hors agglomération,Intersection en X,Normale,Deux véhicules - côté,3,2,2,0,1,1,1,5,1,70,2,2,1,0,0,1,32.0,21.0,deux_roues,utilitaire_camion,1,1,2,1,3
202300009741,2023-02-06 10:50:00,2023,2,6,10,50,77,77048,D40D / D104,48.32073,2.6953,Plein jour,Hors agglomération,Intersection en X,Normale,Deux véhicules - côté,3,2,2,0,1,1,1,5,1,50,2,2,1,0,0,1,32.0,21.0,deux_roues,utilitaire_camion,1,1,2,1,3
202300009742,2023-02-03 14:00:00,2023,2,3,14,0,76,76351,MONT GAILLARD (AVENUE DU),49.52558,0.11537,Plein jour,En agglomération,Intersection en X,Normale,Deux véhicules - côté,4,1,1,0,2,1,1,4,1,50,2,2,1,0,1,0,28.0,16.0,voiture,deux_roues,1,2,2,1,3
202300009742,2023-02-03 14:00:00,2023,2,3,14,0,76,76351,MONT GAILLARD (AVENUE DU),49.52558,0.11537,Plein jour,En agglomération,Intersection en X,Normale,Deux véhicules - côté,4,2,2,0,1,1,1,0,1,30,2,2,1,0,1,0,28.0,16.0,voiture,deux_roues,1,2,2,1,3
202300009743,2023-10-20 14:20:00,2023,10,20,14,20,44,44154,,47.277482,-2.164993,Plein jour,Hors agglomération,Hors intersection,Pluie légère,Trois véhicules et plus - collisions multiples,3,4,3,0,1,1,2,2,1,70,3,4,1,0,1,2,74.0,23.0,voiture,voiture,1,1,1,2,5
202300009744,2023-02-06 11:50:00,2023,2,6,11,50,76,76114,GAMBETTA LEON (RUE),49.57081,0.47046,Plein jour,En agglomération,Hors intersection,Normale,Deux véhicules - arrière,3,1,1,0,1,1,1,0,1,50,2,2,1,0,0,1,50.0,64.0,utilitaire_camion,deux_roues,1,2,1,1,2
202300009745,2023-10-20 18:15:00,2023,10,20,18,15,29,29139,Tourquelennec,48.307333,-4.024569,Plein jour,Hors agglomération,Intersection en X,Pluie forte,Deux véhicules - côté,4,2,2,0,2,1,2,5,1,80,2,2,1,0,1,0,42.0,17.0,voiture,deux_roues,1,1,2,3,3
202300009745,2023-10-20 18:15:00,2023,10,20,18,15,29,29139,Tourquelennec,48.307333,-4.024569,Plein jour,Hors agglomération,Intersection en X,Pluie forte,Deux véhicules - côté,4,2,2,0,4,1,2,5,1,80,2,2,1,0,1,0,42.0,17.0,voiture,deux_roues,1,1,2,3,3
202300009746,2023-10-21 04:10:00,2023,10,21,4,10,70,70408,D475,47.27872919,5.58338284,Nuit sans éclairage public,Hors agglomération,Hors intersection,Temps couvert,Deux véhicules - frontale,3,2,2,0,1,1,1,0,1,90,2,2,1,1,0,0,22.0,40.0,voiture,utilitaire_camion,3,1,1,8,1
202300009747,2023-02-06 19:40:00,2023,2,6,19,40,69,69290,17 Rue de Provence,45.69423297,4.92367165,Nuit avec éclairage allumé,En agglomération,Intersection en T,Normale,Trois véhicules et plus - collisions multiples,4,2,3,0,1,1,1,0,1,50,3,3,1,0,0,2,47.0,33.0,voiture,voiture,5,2,3,1,5
202300009747,2023-02-06 19:40:00,2023,2,6,19,40,69,69290,17 Rue de Provence,45.69423297,4.92367165,Nuit avec éclairage allumé,En agglomération,Intersection en T,Normale,Trois véhicules et plus - collisions multiples,4,2,2,0,1,1,1,0,1,50,3,3,1,0,0,2,47.0,33.0,voiture,voiture,5,2,3,1,5
202300009748,2023-02-06 13:45:00,2023,2,6,13,45,69,69259,Boulevard Irène Joliot Curie,45.71745,4.87653,Plein jour,En agglomération,Hors intersection,Normale,Sans collision,4,1,1,0,2,1,1,1,1,50,1,1,0,0,0,1,26.0,,utilitaire_camion,,1,2,1,1,7
202300009749,2023-10-21 13:40:00,2023,10,21,13,40,58,58295,Hameau le Bouchat,47.323851,2.945296,Plein jour,En agglomération,Hors intersection,Pluie légère,Autre collision,4,2,2,0,1,1,2,0,3,50,1,2,0,0,1,1,17.0,,deux_roues,,1,2,1,2,6
202300009750,2023-02-04 18:00:00,2023,2,4,18,0,67,67519,LA WANTZENAU (ROUTE DE),48.65090575,7.80647278,Crépuscule ou aube,Hors agglomération,Hors intersection,Normale,Trois véhicules et plus - collisions multiples,7,2,2,0,1,2,1,0,1,70,3,4,3,0,0,1,39.0,40.0,voiture,voiture,2,1,1,1,5
202300009751,2023-02-04 10:30:00,2023,2,4,10,30,67,67482,PAUL ELUARD (RUE),48.59125,7.69326,Plein jour,En agglomération,Hors intersection,Normale,Deux véhicules - côté,4,2,2,0,1,1,2,9,8,50,2,2,1,0,0,1,53.0,47.0,deux_roues,voiture,1,2,1,1,3
202300009752,2023-02-05 10:30:00,2023,2,5,10,30,66,66136,,42.68721,2.901811,Plein jour,En agglomération,Intersection en X,Normale,Autre collision,4,2,#VALEURMULTI,0,1,1,1,0,1,30,1,2,1,0,0,1,84.0,,voiture,,1,2,2,1,6
202300009753,2023-02-05 19:34:00,2023,2,5,19,34,65,65440,PAU (ROND POINT DE),43.237647,0.042139,Nuit avec éclairage allumé,En agglomération,Giratoire,Normale,Deux véhicules - arrière,3,1,1,0,1,1,1,0,1,70,2,3,0,0,0,3,80.0,58.0,voiture,utilitaire_camion,5,2,6,1,2
202300009754,2023-02-06 19:00:00,2023,2,6,19,0,64,64102,Avenue du 14 Avril 1814,43.5019,-1.4574,Nuit avec éclairage allumé,En agglomération,Hors intersection,Normale,Trois véhicules et plus - collisions multiples,4,2,2,0,1,2,1,0,1,50,3,3,2,0,0,1,72.0,65.0,voiture,voiture,5,2,1,1,5
202300009755,2023-02-06 09:45:00,2023,2,6,9,45,64,64102,Pont Henri Grenet,43.49718,-1.48312,Plein jour,En agglomération,Hors intersection,Normale,Autre collision,4,3,4,1,1,1,1,2,1,50,1,2,1,0,0,1,66.0,,voiture,,1,2,1,1,6
202300009756,2023-02-05 07:06:00,2023,2,5,7,6,63,63113,MENAT (RUE ANTOINE),45.779,3.07603,Plein jour,En agglomération,Hors intersection,Normale,Autre collision,4,2,2,0,1,1,1,0,1,50,1,2,1,0,0,1,22.0,,voiture,,1,2,1,1,6
202300009757,2023-01-27 12:15:00,2023,1,27,12,15,62,62193,Avenue Roger Salengro,50.94477,1.82693,Plein jour,En agglomération,Hors intersection,Temps couvert,Autre collision,4,2,2,0,1,1,1,0,4,50,1,3,1,0,0,2,78.0,,voiture,,1,2,1,8,6
202300009758,2023-02-05 11:10:00,2023,2,5,11,10,62,62108,D317,50.40832,1.59183,Plein jour,En agglomération,Hors intersection,Normale,Deux véhicules - arrière,3,2,1,0,1,1,9,8,1,50,2,2,1,0,0,1,16.0,61.0,deux_roues,voiture,1,2,1,1,2
202300009759,2023-02-06 18:55:00,2023,2,6,18,55,59,59616,FERDINAND DERVAUX (RUE),50.45901,3.56927,Nuit avec éclairage allumé,En agglomération,Autre intersection,Normale,Autre collision,4,2,1,0,1,2,1,0,1,50,1,2,1,0,1,0,20.0,,voiture,,5,2,9,1,6
202300009760,2023-02-06 07:35:00,2023,2,6,7,35,59,59512,LANNOY (RUE DE),50.68345,3.19234,Nuit avec éclairage allumé,En agglomération,Hors intersection,Normale,Autre collision,4,2,0,0,1,1,1,6,1,30,1,2,1,0,0,1,52.0,,voiture,,5,2,1,1,6
202300009761,2023-02-06 19:05:00,2023,2,6,19,5,59,59378,CHATEAU D'EAU CHEMIN DU,50.65513,3.102,Nuit avec éclairage allumé,En agglomération,Intersection en T,Normale,Autre collision,4,2,2,0,1,1,1,0,1,50,1,2,1,0,1,0,,,voiture,,5,2,3,1,6
202300009761,2023-02-06 19:05:00,2023,2,6,19,5,59,59378,CHATEAU D'EAU CHEMIN DU,50.65513,3.102,Nuit avec éclairage allumé,En agglomération,Intersection en T,Normale,Autre collision,4,2,2,0,1,1,1,0,1,50,1,2,1,0,1,0,,,voiture,,5,2,3,1,6
202300009762,2023-01-19 16:20:00,2023,1,19,16,20,59,59271,PETITE-SYNTHE - AVENUE,51.01595956,2.31440306,Plein jour,En agglomération,Autre intersection,Temps éblouissant,Autre collision,3,-1,2,0,1,1,1,6,1,50,1,3,1,0,2,0,50.0,,voiture,,1,2,9,7,6
202300009763,2023-02-05 16:10:00,2023,2,5,16,10,58,58194,AMIRAL JACQUINOT,46.98306,3.18322,Plein jour,En agglomération,Hors intersection,Normale,Deux véhicules - frontale,4,-1,0,0,1,1,1,0,8,30,1,1,0,0,0,1,17.0,,deux_roues,,1,2,1,1,1
202300009764,2023-02-04 02:40:00,2023,2,4,2,40,57,57757,KUNTZIG (RUE DE),49.35202,6.21937,Nuit sans éclairage public,Hors agglomération,Hors intersection,Normale,Autre collision,3,2,2,0,1,3,1,0,3,80,1,1,0,0,0,1,52.0,,voiture,,3,1,1,1,6
202300009765,2023-02-04 01:25:00,2023,2,4,1,25,57,57019,USINE (RUE DE L'),49.26253,6.12213,Nuit sans éclairage public,Hors agglomération,Hors intersection,Pluie légère,Sans collision,3,2,2,0,1,1,2,0,1,70,1,1,0,0,1,0,28.0,,voiture,,3,1,1,2,7
202300009766,2023-02-05 17:45:00,2023,2,5,17,45,54,54395,ADAM  (RUE SIGISBERT),48.6998,6.1828,Nuit avec éclairage allumé,En agglomération,Intersection en T,Pluie légère,Deux véhicules - côté,4,1,1,0,1,1,2,2,1,30,2,3,2,0,0,1,31.0,42.0,deux_roues,deux_roues,5,2,3,2,3
202300009766,2023-02-05 17:45:00,2023,2,5,17,45,54,54395,ADAM  (RUE SIGISBERT),48.6998,6.1828,Nuit avec éclairage allumé,En agglomération,Intersection en T,Pluie légère,Deux véhicules - côté,4,1, -1,2,1,1,2,-1,1,30,2,3,2,0,0,1,31.0,42.0,deux_roues,deux_roues,5,2,3,2,3
202300009767,2023-02-04 17:50:00,2023,2,4,17,50,54,54526,boulevard du millénaire,48.68162,6.21587,Nuit avec éclairage allumé,En agglomération,Intersection en X,Normale,Autre collision,7,2,4,0,1,1,2,0,1,50,1,3,2,0,0,1,34.0,,voiture,,5,2,2,1,6
202300009767,2023-02-04 17:50:00,2023,2,4,17,50,54,54526,boulevard du millénaire,48.68162,6.21587,Nuit avec éclairage allumé,En agglomération,Intersection en X,Normale,Autre collision,7,2,2,0,1,1,2,0,1,50,1,3,2,0,0,1,34.0,,voiture,,5,2,2,1,6
202300009768,2023-02-06 21:44:00,2023,2,6,21,44,54,54580,D26,49.469416,5.916561,Nuit avec éclairage allumé,En agglomération,Intersection en Y,Normale,Deux véhicules - côté,3,2,2,0,2,1,1,0,1,50,2,4,1,0,0,3,20.0,39.0,voiture,voiture,5,2,4,1,3
202300009768,2023-02-06 21:44:00,2023,2,6,21,44,54,54580,D26,49.469416,5.916561,Nuit avec éclairage allumé,En agglomération,Intersection en Y,Normale,Deux véhicules - côté,3,2,2,0,1,1,1,0,1,50,2,4,1,0,0,3,20.0,39.0,voiture,voiture,5,2,4,1,3
202300009769,2023-02-06 13:50:00,2023,2,6,13,50,51,51454,avenue de Champagne,49.23419381,4.04005587,Plein jour,En agglomération,Hors intersection,Normale,Deux véhicules - arrière,4,1,3,0,1,1,1,0,1,70,2,3,2,0,0,1,67.0,33.0,voiture,utilitaire_camion,1,2,1,1,2
202300009770,2023-02-06 10:40:00,2023,2,6,10,40,51,51172,Place de la Fraternité,49.21477,4.05082,Plein jour,En agglomération,Giratoire,Normale,Deux véhicules - arrière,3,1,2,0,1,2,1,0,1,50,2,2,1,0,0,1,30.0,43.0,voiture,voiture,1,2,6,1,2
202300009771,2023-02-04 17:45:00,2023,2,4,17,45,49,49099,FERRIE (AVENUE GUSTAVE),47.06554,-0.85371,Plein jour,En agglomération,Hors intersection,Normale,Sans collision,4,2,2,0,1,1,1,0,3,50,1,1,0,0,1,0,62.0,,voiture,,1,2,1,1,7
202300009772,2023-02-06 19:45:00,2023,2,6,19,45,45,45285,61 Rue Charles Beauhaire,47.91158,1.87765,Nuit avec éclairage allumé,En agglomération,Intersection en T,Normale,Deux véhicules - arrière,4,2,2,0,1,1,1,0,1,50,2,2,1,0,0,1,33.0,22.0,deux_roues,voiture,5,2,3,1,2
202300009772,2023-02-06 19:45:00,2023,2,6,19,45,45,45285,61 Rue Charles Beauhaire,47.91158,1.87765,Nuit avec éclairage allumé,En agglomération,Intersection en T,Normale,Deux véhicules - arrière,4,1,1,0,1,1,1,0,1,50,2,2,1,0,0,1,33.0,22.0,deux_roues,voiture,5,2,3,1,2
202300009773,2023-02-05 22:24:00,2023,2,5,22,24,45,45068,63bis Rue du Gâtinais,48.01111,2.70798,Nuit avec éclairage allumé,En agglomération,Intersection en X,Normale,Deux véhicules - frontale,3,2,2,0,1,1,1,0,1,50,2,4,2,0,0,2,25.0,21.0,voiture,voiture,5,2,2,1,1
202300009773,2023-02-05 22:24:00,2023,2,5,22,24,45,45068,63bis Rue du Gâtinais,48.01111,2.70798,Nuit avec éclairage allumé,En agglomération,Intersection en X,Normale,Deux véhicules - frontale,3,2,2,-1,1,1,1,0,1,50,2,4,2,0,0,2,25.0,21.0,voiture,voiture,5,2,2,1,1
202300009774,2023-02-05 18:55:00,2023,2,5,18,55,45,45208,134 Rue la Liberation 23 Aout 1944,47.99287751,2.71977416,Nuit avec éclairage allumé,En agglomération,Intersection en X,Normale,Deux véhicules - côté,4,2,2,0,1,1,1,0,1,50,2,4,2,0,1,1,24.0,61.0,autre,voiture,5,2,2,1,3
202300009774,2023-02-05 18:55:00,2023,2,5,18,55,45,45208,134 Rue la Liberation 23 Aout 1944,47.99287751,2.71977416,Nuit avec éclairage allumé,En agglomération,Intersection en X,Normale,Deux véhicules - côté,4,2,2,0,1,1,1,0,1,50,2,4,2,0,1,1,24.0,61.0,autre,voiture,5,2,2,1,3
202300009775,2023-02-06 08:15:00,2023,2,6,8,15,44,44190,130 Boulevard des Pas Enchantés,47.21085,-1.49883,Plein jour,En agglomération,Hors intersection,Normale,Autre collision,4,2,0,0,1,1,1,0,1,50,1,2,1,0,0,1,38.0,,voiture,,1,2,1,1,6
202300009776,2023-02-06 21:30:00,2023,2,6,21,30,37,37261,MARECHAL JUIN (BD),47.40995,0.70328,Nuit avec éclairage allumé,En agglomération,Hors intersection,Normale,Deux véhicules - arrière,4,3,4,0,1,1,1,0,1,50,2,3,2,0,0,1,27.0,19.0,voiture,voiture,5,2,1,1,2
202300009777,2023-02-06 07:48:00,2023,2,6,7,48,37,37233,LOIRE (LEVEE DE LA),47.39698,0.70679,Crépuscule ou aube,En agglomération,Intersection en T,Normale,Autre collision,4,2,2,0,2,1,1,0,1,50,1,2,1,0,0,1,55.0,,voiture,,2,2,3,1,6
202300009777,2023-02-06 07:48:00,2023,2,6,7,48,37,37233,LOIRE (LEVEE DE LA),47.39698,0.70679,Crépuscule ou aube,En agglomération,Intersection en T,Normale,Autre collision,4,2,2,0,1,1,1,0,1,50,1,2,1,0,0,1,55.0,,voiture,,2,2,3,1,6
202300009778,2023-02-06 13:25:00,2023,2,6,13,25,35,35051,ALLIES (BOULEVARD DES),48.13074004,-1.62101179,Plein jour,En agglomération,Hors intersection,Normale,Autre collision,4,2,4,3,1,1,1,0,1,50,1,2,1,0,0,1,24.0,,voiture,,1,2,1,1,6
202300009779,2023-02-05 22:30:00,2023,2,5,22,30,34,34032,7 Avenue Colonel d'Ornano,43.33895,3.2101,Nuit avec éclairage allumé,En agglomération,Hors intersection,Normale,Autre collision,4,2,2,0,1,1,1,0,1,50,1,2,1,0,0,1,44.0,,deux_roues,,5,2,1,1,6
202300009780,2023-02-05 06:45:00,2023,2,5,6,45,33,33200,Avenue de Magudas,44.85871,-0.67286,Nuit sans éclairage public,En agglomération,Giratoire,Normale,Deux véhicules - côté,4,3,2,2,1,1,1,0,1,50,2,6,2,0,0,4,43.0,35.0,voiture,voiture,3,2,6,1,3
202300009780,2023-02-05 06:45:00,2023,2,5,6,45,33,33200,Avenue de Magudas,44.85871,-0.67286,Nuit sans éclairage public,En agglomération,Giratoire,Normale,Deux véhicules - côté,4,2,2,0,1,1,1,0,1,50,2,6,2,0,0,4,43.0,35.0,voiture,voiture,3,2,6,1,3
202300009781,2023-02-06 16:20:00,2023,2,6,16,20,30,30007,MOULIN (GRAND' RUE JEAN),44.12452,4.0736,Plein jour,En agglomération,Intersection en T,Temps couvert,Sans collision,4,2,2,0,1,1,1,0,1,50,1,1,0,0,0,1,54.0,,deux_roues,,1,2,3,8,7
202300009781,2023-02-06 16:20:00,2023,2,6,16,20,30,30007,MOULIN (GRAND' RUE JEAN),44.12452,4.0736,Plein jour,En agglomération,Intersection en T,Temps couvert,Sans collision,4,2,2,0,1,1,1,0,1,50,1,1,0,0,0,1,54.0,,deux_roues,,1,2,3,8,7
202300009782,2023-02-06 16:30:00,2023,2,6,16,30,27,27681,CLEMENCEAU (PONT),49.09490887,1.48602963,Plein jour,En agglomération,Hors intersection,Normale,Deux véhicules - arrière,3,2,2,0,1,1,1,2,1,50,2,2,1,0,0,1,17.0,25.0,deux_roues,utilitaire_camion,1,2,1,1,2
202300009783,2023-02-06 06:10:00,2023,2,6,6,10,25,25462,ROCADE G.POMPIDOU (DU 25 A LA FIN),46.90004,6.33593,Nuit avec éclairage allumé,En agglomération,Autre intersection,Normale,Autre collision,2,2,2,0,1,3,9,5,1,80,1,2,1,0,1,0,42.0,,voiture,,5,2,9,1,6
202300009784,2023-02-05 19:20:00,2023,2,5,19,20,25,25462,BESANCON (RUE DE),46.91837,6.34396,Nuit avec éclairage allumé,En agglomération,Intersection à plus de 4 branches,Neige / grêle,Deux véhicules - côté,4,1,1,-1,1,1,5,5,1,50,2,3,1,0,0,2,73.0,44.0,voiture,voiture,5,2,5,4,3
202300009784,2023-02-05 19:20:00,2023,2,5,19,20,25,25462,BESANCON (RUE DE),46.91837,6.34396,Nuit avec éclairage allumé,En agglomération,Intersection à plus de 4 branches,Neige / grêle,Deux véhicules - côté,4,2,2,0,1,1,5,0,1,50,2,3,1,0,0,2,73.0,44.0,voiture,voiture,5,2,5,4,3
202300009785,2023-02-03 20:22:00,2023,2,3,20,22,21,21540,Rue Docteur Schmitt,47.324073,5.073706,Nuit avec éclairage allumé,En agglomération,Hors intersection,Normale,Autre collision,4,-1,2,0,1,1,1,0,1,50,1,2,1,0,1,0,23.0,,voiture,,5,2,1,1,6
202300009786,2023-02-03 19:45:00,2023,2,3,19,45,19,19031,ESTIENNE D'ORVES (BOULEVARD D'),45.16604,1.51986,Nuit avec éclairage allumé,En agglomération,Intersection en X,Normale,Deux véhicules - côté,4,2,3,0,1,1,1,0,1,50,2,2,1,0,0,1,25.0,,deux_roues,voiture,5,2,2,1,3
202300009786,2023-02-03 19:45:00,2023,2,3,19,45,19,19031,ESTIENNE D'ORVES (BOULEVARD D'),45.16604,1.51986,Nuit avec éclairage allumé,En agglomération,Intersection en X,Normale,Deux véhicules - côté,4,2,3,0,1,1,1,0,1,50,2,2,1,0,0,1,25.0,,deux_roues,voiture,5,2,2,1,3
202300009787,2023-02-06 08:27:00,2023,2,6,8,27,17,17306,ROCHEFORT (DE)  (AVENUE),45.63998,-1.02494,Plein jour,En agglomération,Hors intersection,Normale,Deux véhicules - arrière,3,1,1,0,1,1,1,5,1,50,2,2,1,0,0,1,74.0,32.0,voiture,voiture,1,2,1,1,2
202300009788,2023-02-06 21:40:00,2023,2,6,21,40,14,14118,Boulevard Henri Becquerel,49.2118,-0.358,Nuit avec éclairage allumé,En agglomération,Hors intersection,Normale,Autre collision,3,-1,2,0,1,1,1,0,1,50,1,1,0,0,0,1,27.0,,voiture,,5,2,1,1,6
202300009789,2023-02-03 18:05:00,2023,2,3,18,5,30,30032,,43.79280001,4.58557159,Crépuscule ou aube,Hors agglomération,Hors intersection,Normale,Deux véhicules - frontale,3,2,2,0,1,2,1,0,1,80,2,2,0,1,0,1,38.0,24.0,voiture,deux_roues,2,1,1,1,1
202300009790,2023-01-16 00:15:00,2023,1,16,0,15,30,30032,Quai de la Paix,43.8064,4.6362,Nuit avec éclairage allumé,En agglomération,Hors intersection,Normale,Deux véhicules - côté,4,1,1,0,1,1,1,0,1,50,2,4,0,0,0,4,20.0,32.0,voiture,voiture,5,2,1,1,3
202300009791,2023-02-06 19:30:00,2023,2,6,19,30,13,13002,CANTON VERT (AVENUE DU),43.34062035,5.47308258,Nuit avec éclairage allumé,En agglomération,Hors intersection,Normale,Sans collision,4,2,2,0,2,1,1,0,1,50,2,2,1,0,1,0,53.0,29.0,voiture,deux_roues,5,2,1,1,7
202300009792,2023-02-06 15:00:00,2023,2,6,15,0,13,13201,CONSOLAT (RUE)     47 A 155,43.30065,5.38837,Plein jour,En agglomération,Intersection en T,Normale,Deux véhicules - côté,4,1,2,0,2,1,1,0,1,50,2,2,1,0,0,1,50.0,19.0,utilitaire_camion,deux_roues,1,2,3,1,3
202300009792,2023-02-06 15:00:00,2023,2,6,15,0,13,13201,CONSOLAT (RUE)     47 A 155,43.30065,5.38837,Plein jour,En agglomération,Intersection en T,Normale,Deux véhicules - côté,4,1,1,0,1,1,1,0,1,50,2,2,1,0,0,1,50.0,19.0,utilitaire_camion,deux_roues,1,2,3,1,3
202300009793,2023-02-06 11:10:00,2023,2,6,11,10,13,13002,,43.33938329,5.48415861,Plein jour,En agglomération,Giratoire,Normale,Deux véhicules - côté,3,2,2,0,2,1,1,0,1,50,2,2,1,0,1,0,67.0,64.0,voiture,deux_roues,1,2,6,1,3
202300009793,2023-02-06 11:10:00,2023,2,6,11,10,13,13002,,43.33938329,5.48415861,Plein jour,En agglomération,Giratoire,Normale,Deux véhicules - côté,3,2,2,0,2,1,1,0,1,50,2,2,1,0,1,0,67.0,64.0,voiture,deux_roues,1,2,6,1,3
202300009794,2023-02-06 07:57:00,2023,2,6,7,57,13,13213,LEPRINCE RINGUIET (rue),43.344,5.44218,Crépuscule ou aube,En agglomération,Hors intersection,Normale,Deux véhicules - côté,4,2,2,0,1,1,2,0,1,50,2,3,2,0,0,1,21.0,50.0,voiture,voiture,2,2,1,1,3
202300009795,2023-02-06 17:00:00,2023,2,6,17,0,13,13001,GAMBETTA (COURS),43.52162,5.45848,Plein jour,En agglomération,Hors intersection,Normale,Deux véhicules - côté,4,2,2,1,1,1,1,9,1,50,2,2,1,0,1,0,18.0,68.0,deux_roues,voiture,1,2,1,1,3
202300009796,2023-02-06 08:30:00,2023,2,6,8,30,04,04112,,43.83358123,5.78648439,Plein jour,En agglomération,Hors intersection,Temps couvert,Autre collision,4,2,2,0,1,1,2,0,1,30,1,2,1,0,0,1,33.0,,voiture,,1,2,1,8,6
202300009797,2023-02-06 08:50:00,2023,2,6,8,50,01,01053,PIGNIER ( rue François ),46.22022,5.24465,Plein jour,En agglomération,Giratoire,Normale,Autre collision,4,2,2,0,1,1,1,9,1,50,1,2,1,0,1,0,26.0,,voiture,,1,2,6,1,6
202300009798,2023-02-06 16:10:00,2023,2,6,16,10,75,75119,PORTE DE PANTIN,48.886514,2.397054,Plein jour,En agglomération,Hors intersection,Normale,Deux véhicules - arrière,4,1,4,0,1,1,1,0,1,70,2,2,1,0,0,1,24.0,46.0,deux_roues,utilitaire_camion,1,2,1,1,2
202300009799,2023-02-06 07:40:00,2023,2,6,7,40,75,75116,PORTE DE SAINT CLOUD,48.835112,2.25999,Plein jour,En agglomération,Hors intersection,Normale,Deux véhicules - arrière,4,1,4,0,1,1,1,0,1,70,2,2,1,0,0,1,58.0,54.0,voiture,utilitaire_camion,1,2,1,1,2
202300009800,2023-02-06 08:00:00,2023,2,6,8,0,75,75116,ECHANGEUR MUETTE,48.864239,2.266641,Plein jour,En agglomération,Hors intersection,Normale,Deux véhicules - arrière,4,1,4,0,1,1,1,0,1,70,2,2,1,0,0,1,45.0,27.0,deux_roues,voiture,1,2,1,1,2
202300009801,2023-02-07 09:05:00,2023,2,7,9,5,75,75120,AVENUE GAMBETTA,48.864126,2.392272,Plein jour,En agglomération,Intersection en T,Normale,Autre collision,4,2,3,1,2,1,1,-1,5,30,1,1,0,0,0,1,36.0,,deux_roues,,1,2,3,1,6
202300009801,2023-02-07 09:05:00,2023,2,7,9,5,75,75120,AVENUE GAMBETTA,48.864126,2.392272,Plein jour,En agglomération,Intersection en T,Normale,Autre collision,4,1, -1,-1,1,1,1,-1,5,-1,1,1,0,0,0,1,36.0,,deux_roues,,1,2,3,1,6
202300009802,2023-02-07 22:05:00,2023,2,7,22,5,75,75119,AVENUE DE FLANDRE,48.88438,2.369209,Nuit avec éclairage allumé,En agglomération,Intersection en X,Normale,Autre collision,4,1, -1,0,1,1,1,6,1,30,1,2,1,0,0,1,,,deux_roues,,5,2,2,1,6
202300009802,2023-02-07 22:05:00,2023,2,7,22,5,75,75119,AVENUE DE FLANDRE,48.88438,2.369209,Nuit avec éclairage allumé,En agglomération,Intersection en X,Normale,Autre collision,4,1, -1,0,1,1,1,6,1,30,1,2,1,0,0,1,,,deux_roues,,5,2,2,1,6
202300009803,2023-02-07 22:30:00,2023,2,7,22,30,75,75118,RUE ORDENER,48.893372,2.338261,Nuit avec éclairage allumé,En agglomération,Intersection en X,Normale,Deux véhicules - côté,4,1,2,0,1,1,1,0,1,30,2,2,1,0,0,1,30.0,68.0,deux_roues,deux_roues,5,2,2,1,3
202300009803,2023-02-07 22:30:00,2023,2,7,22,30,75,75118,RUE ORDENER,48.893372,2.338261,Nuit avec éclairage allumé,En agglomération,Intersection en X,Normale,Deux véhicules - côté,4,2,2,0,1,1,1,0,1,30,2,2,1,0,0,1,30.0,68.0,deux_roues,deux_roues,5,2,2,1,3
202300009804,2023-02-07 08:35:00,2023,2,7,8,35,75,75117,BOULEVARD PEREIRE,48.887736,2.312558,Plein jour,En agglomération,Intersection en Y,Normale,Autre collision,4,-1,2,1,1,1,1,-1,5,30,1,2,1,0,0,1,42.0,,deux_roues,,1,2,4,1,6
202300009804,2023-02-07 08:35:00,2023,2,7,8,35,75,75117,BOULEVARD PEREIRE,48.887736,2.312558,Plein jour,En agglomération,Intersection en Y,Normale,Autre collision,4,1, -1,-1,1,1,1,-1,5,-1,1,2,1,0,0,1,42.0,,deux_roues,,1,2,4,1,6
202300009805,2023-02-07 13:45:00,2023,2,7,13,45,75,75115,RUE DE VAUGIRARD,48.842312,2.310553,Plein jour,En agglomération,Intersection en T,Normale,Deux véhicules - côté,4,1, -1,-1,1,1,1,-1,5,-1,2,2,1,0,0,1,82.0,28.0,voiture,deux_roues,1,2,3,1,3
202300009805,2023-02-07 13:45:00,2023,2,7,13,45,75,75115,RUE DE VAUGIRARD,48.842312,2.310553,Plein jour,En agglomération,Intersection en T,Normale,Deux véhicules - côté,4,1,1,1,1,1,1,-1,5,30,2,2,1,0,0,1,82.0,28.0,voiture,deux_roues,1,2,3,1,3