accident_id,datetime,annee,mois,jour,heure,minute,departement,commune_insee,adresse,latitude,longitude,luminosite,agglomeration,intersection,meteo,collision,catr,circ,nbv,vosp,prof,plan,surf,infra,situ,vma,nb_vehicules,nb_usagers,nb_indemnes,nb_tues,nb_blesses_hosp,nb_blesses_legers,age_cond_1,age_cond_2,veh_type_cond_1,veh_type_cond_2,lum_code,agg_code,int_code,atm_code,col_code
202300010079,2023-11-23 10:00:00,2023,11,23,10,0,75,75119,PLACE DE LA BATAILLE DE STALINGRAD,48.882806,2.370305,Plein jour,En agglomération,Intersection à plus de 4 branches,Pluie légère,Deux véhicules - arrière,4,2,6,0,1,3,2,0,1,30,2,2,1,0,0,1,50.0,39.0,utilitaire_camion,deux_roues,1,2,5,2,2
202300010080,2023-05-30 14:30:00,2023,5,30,14,30,50,50493,route du village pestour,48.798203,-1.478251,Plein jour,En agglomération,Intersection en Y,Normale,Sans collision,3,2,1,0,2,3,1,0,1,50,1,1,0,0,0,1,58.0,,deux_roues,,1,2,4,1,7
202300010080,2023-05-30 14:30:00,2023,5,30,14,30,50,50493,route du village pestour,48.798203,-1.478251,Plein jour,En agglomération,Intersection en Y,Normale,Sans collision,3,2, -1,-1,2,1,1,0,1,-1,1,1,0,0,0,1,58.0,,deux_roues,,1,2,4,1,7
202300010081,2023-11-23 16:03:00,2023,11,23,16,3,75,75117,BOULEVARD PEREIRE,48.8863,2.300582,Plein jour,En agglomération,Intersection en T,Temps couvert,Deux véhicules - côté,4,1,1,0,1,1,1,0,1,30,2,2,1,0,0,1,37.0,38.0,voiture,voiture,1,2,3,8,3
202300010081,2023-11-23 16:03:00,2023,11,23,16,3,75,75117,BOULEVARD PEREIRE,48.8863,2.300582,Plein jour,En agglomération,Intersection en T,Temps couvert,Deux véhicules - côté,4,1,1,0,1,1,1,0,1,30,2,2,1,0,0,1,37.0,38.0,voiture,voiture,1,2,3,8,3
202300010082,2023-06-04 23:00:00,2023,6,4,23,0,37,37123,L'Aurore,47.36655002,0.37259102,Nuit sans éclairage public,Hors agglomération,Hors intersection,Normale,Autre collision,3,2,2,0,1,1,1,0,1,80,1,1,0,0,1,0,56.0,,deux_roues,,3,1,1,1,6
202300010083,2023-11-23 10:20:00,2023,11,23,10,20,75,75117,RUE JOUFFROY D ABBANS,48.882336,2.302088,Plein jour,En agglomération,Hors intersection,Temps couvert,Deux véhicules - arrière,4,2,2,0,1,1,2,0,1,30,2,2,1,0,0,1,30.0,34.0,voiture,deux_roues,1,2,1,8,2
202300010084,2023-06-03 17:00:00,2023,6,3,17,0,86,86153,Route de Poitiers,46.406333,0.694668,Plein jour,En agglomération,Hors intersection,Normale,Sans collision,2,2,1,0,1,1,1,0,3,50,1,1,0,1,0,0,79.0,,voiture,,1,2,1,1,7
202300010085,2023-11-22 16:55:00,2023,11,22,16,55,75,75116,AVENUE FOCH,48.872619,2.279397,Crépuscule ou aube,En agglomération,Hors intersection,Normale,Deux véhicules - côté,4,2,4,1,1,1,1,0,1,30,2,2,1,0,0,1,58.0,43.0,voiture,deux_roues,2,2,1,1,3
202300010086,2023-06-04 07:30:00,2023,6,4,7,30,2A,2A211,T40,41.764934,8.950821,Plein jour,Hors agglomération,Hors intersection,Normale,Autre collision,2,2,2,0,1,3,2,0,3,80,1,1,0,0,0,1,33.0,,deux_roues,,1,1,1,1,6
202300010087,2023-11-23 22:00:00,2023,11,23,22,0,75,75115,VILLA SAINT CHARLES,48.845844,2.283688,Nuit avec éclairage allumé,En agglomération,Hors intersection,Normale,Autre collision,4,2,1,0,1,1,1,0,1,30,1,2,1,0,0,1,16.0,,voiture,,5,2,1,1,6
202300010088,2023-11-22 11:30:00,2023,11,22,11,30,75,75115,QUAI BRANLY,48.855888,2.289786,Plein jour,En agglomération,Hors intersection,Normale,Deux véhicules - côté,4,2,2,0,1,1,1,0,1,50,2,2,1,0,0,1,58.0,23.0,transport_commun,deux_roues,1,2,1,1,3
202300010089,2023-06-03 17:10:00,2023,6,3,17,10,38,38336,D4G,45.492623,4.828566,Plein jour,Hors agglomération,Intersection en T,Normale,Deux véhicules - côté,3,2,2,0,1,1,1,0,1,70,2,2,1,0,0,1,44.0,47.0,voiture,deux_roues,1,1,3,1,3
202300010089,2023-06-03 17:10:00,2023,6,3,17,10,38,38336,D4G,45.492623,4.828566,Plein jour,Hors agglomération,Intersection en T,Normale,Deux véhicules - côté,3,2,2,0,1,1,1,0,1,70,2,2,1,0,0,1,44.0,47.0,voiture,deux_roues,1,1,3,1,3
202300010090,2023-11-22 19:30:00,2023,11,22,19,30,75,75115,BOULEVARD DU MONTPARNASSE,48.845075,2.320046,Crépuscule ou aube,En agglomération,Intersection à plus de 4 branches,Normale,Autre collision,4,-1,1,0,1,1,1,0,1,30,1,2,1,0,0,1,62.0,,deux_roues,,2,2,5,1,6
202300010090,2023-11-22 19:30:00,2023,11,22,19,30,75,75115,BOULEVARD DU MONTPARNASSE,48.845075,2.320046,Crépuscule ou aube,En agglomération,Intersection à plus de 4 branches,Normale,Autre collision,4,2, -1,-1,1,1,1,0,1,-1,1,2,1,0,0,1,62.0,,deux_roues,,2,2,5,1,6
202300010091,2023-11-22 19:00:00,2023,11,22,19,0,75,75115,VILLA THORETON,48.838233,2.283693,Crépuscule ou aube,En agglomération,Hors intersection,Normale,Sans collision,4,-1,1,0,1,1,1,0,1,30,1,1,0,0,0,1,17.0,,deux_roues,,2,2,1,1,7
202300010092,2023-06-05 13:20:00,2023,6,5,13,20,86,86128,Rue du Stade,46.81863,0.331757,Plein jour,En agglomération,Intersection en X,Normale,Deux véhicules - côté,3,2,2,0,1,1,1,5,1,50,2,3,1,0,2,0,16.0,32.0,deux_roues,voiture,1,2,2,1,3
202300010092,2023-06-05 13:20:00,2023,6,5,13,20,86,86128,Rue du Stade,46.81863,0.331757,Plein jour,En agglomération,Intersection en X,Normale,Deux véhicules - côté,3,2,2,0,1,1,1,0,1,50,2,3,1,0,2,0,16.0,32.0,deux_roues,voiture,1,2,2,1,3
202300010093,2023-11-23 13:50:00,2023,11,23,13,50,75,75114,BOULEVARD BRUNE,48.823681,2.323172,Plein jour,En agglomération,Intersection en X,Normale,Trois véhicules et plus - collisions multiples,4,2,2,0,1,1,1,0,1,50,3,3,2,0,0,1,37.0,39.0,deux_roues,voiture,1,2,2,1,5
202300010093,2023-11-23 13:50:00,2023,11,23,13,50,75,75114,BOULEVARD BRUNE,48.823681,2.323172,Plein jour,En agglomération,Intersection en X,Normale,Trois véhicules et plus - collisions multiples,4,2,8,1,1,1,1,0,1,50,3,3,2,0,0,1,37.0,39.0,deux_roues,voiture,1,2,2,1,5
202300010094,2023-11-23 17:35:00,2023,11,23,17,35,75,75111,RUE DES TAILLANDIERS,48.853669,2.375565,Nuit avec éclairage allumé,En agglomération,Hors intersection,Temps couvert,Autre collision,4,1,1,0,1,1,1,0,1,30,1,2,1,0,0,1,47.0,,voiture,,5,2,1,8,6
202300010095,2023-06-04 18:45:00,2023,6,4,18,45,66,66190,,42.86007,2.966223,Plein jour,Hors agglomération,Hors intersection,Normale,Trois véhicules et plus - collisions multiples,1,3,3,0,1,1,1,0,1,130,3,6,5,0,0,1,72.0,30.0,voiture,voiture,1,1,1,1,5
202300010096,2023-11-23 15:35:00,2023,11,23,15,35,75,75111,RUE DU FAUBOURG SAINT ANTOINE,48.852825,2.371052,Plein jour,En agglomération,Hors intersection,Normale,Deux véhicules - côté,4,2,4,1,1,1,1,0,1,30,2,2,1,0,0,1,34.0,68.0,utilitaire_camion,deux_roues,1,2,1,1,3
202300010097,2023-06-03 14:35:00,2023,6,3,14,35,66,66144,,42.643918,2.861145,Plein jour,Hors agglomération,Hors intersection,Normale,Deux véhicules - côté,1,2,3,0,1,1,1,0,1,130,2,4,2,0,1,1,35.0,40.0,voiture,voiture,1,1,1,1,3
202300010098,2023-11-23 06:40:00,2023,11,23,6,40,75,75111,AVENUE PARMENTIER,48.868618,2.372085,Nuit avec éclairage allumé,En agglomération,Intersection en T,Normale,Deux véhicules - côté,4,2,4,2,1,1,1,0,5,30,2,2,1,0,0,1,29.0,59.0,utilitaire_camion,deux_roues,5,2,3,1,3
202300010098,2023-11-23 06:40:00,2023,11,23,6,40,75,75111,AVENUE PARMENTIER,48.868618,2.372085,Nuit avec éclairage allumé,En agglomération,Intersection en T,Normale,Deux véhicules - côté,4,1,2,2,2,1,1,0,5,30,2,2,1,0,0,1,29.0,59.0,utilitaire_camion,deux_roues,5,2,3,1,3
202300010099,2023-11-23 20:00:00,2023,11,23,20,0,75,75108,AVENUE DES CHAMPS ELYSEES,48.867089,2.31604,Nuit avec éclairage allumé,En agglomération,Intersection en T,Normale,Autre collision,4,1,4,3,1,1,1,0,1,50,1,2,1,0,0,1,70.0,,deux_roues,,5,2,3,1,6
202300010099,2023-11-23 20:00:00,2023,11,23,20,0,75,75108,AVENUE DES CHAMPS ELYSEES,48.867089,2.31604,Nuit avec éclairage allumé,En agglomération,Intersection en T,Normale,Autre collision,4,1, -1,-1,1,1,1,0,1,-1,1,2,1,0,0,1,70.0,,deux_roues,,5,2,3,1,6
202300010100,2023-06-04 11:55:00,2023,6,4,11,55,52,52114,D65,47.98106,4.893873,Plein jour,Hors agglomération,Intersection en X,Normale,Deux véhicules - côté,3,2,2,0,1,1,1,0,1,90,2,2,1,0,1,0,43.0,66.0,voiture,voiture,1,1,2,1,3
202300010100,2023-06-04 11:55:00,2023,6,4,11,55,52,52114,D65,47.98106,4.893873,Plein jour,Hors agglomération,Intersection en X,Normale,Deux véhicules - côté,3,2,2,0,-1,-1,1,-1,1,80,2,2,1,0,1,0,43.0,66.0,voiture,voiture,1,1,2,1,3
202300010101,2023-11-23 09:40:00,2023,11,23,9,40,75,75108,RUE MARBEUF,48.867234,2.301927,Plein jour,En agglomération,Intersection en X,Pluie légère,Deux véhicules - côté,4,1, -1,-1,1,1,2,0,1,-1,2,2,1,0,1,0,59.0,46.0,voiture,deux_roues,1,2,2,2,3
202300010101,2023-11-23 09:40:00,2023,11,23,9,40,75,75108,RUE MARBEUF,48.867234,2.301927,Plein jour,En agglomération,Intersection en X,Pluie légère,Deux véhicules - côté,4,2,2,0,1,1,2,0,1,30,2,2,1,0,1,0,59.0,46.0,voiture,deux_roues,1,2,2,2,3
202300010102,2023-06-04 19:40:00,2023,6,4,19,40,95,95052,D922,49.146749,2.299506,Plein jour,Hors agglomération,Hors intersection,Temps éblouissant,Deux véhicules - frontale,3,2,2,0,2,1,1,0,5,70,2,2,0,1,0,1,39.0,72.0,deux_roues,voiture,1,1,1,7,1
202300010103,2023-11-22 13:30:00,2023,11,22,13,30,94,94028,Rue Emmanuel Chabrier,48.7778,2.46259,Plein jour,En agglomération,Intersection en X,Normale,Deux véhicules - côté,4,2,6,0,1,1,1,0,1,50,2,3,2,0,0,1,29.0,53.0,voiture,utilitaire_camion,1,2,2,1,3
202300010103,2023-11-22 13:30:00,2023,11,22,13,30,94,94028,Rue Emmanuel Chabrier,48.7778,2.46259,Plein jour,En agglomération,Intersection en X,Normale,Deux véhicules - côté,4,2,4,0,2,1,1,0,1,50,2,3,2,0,0,1,29.0,53.0,voiture,utilitaire_camion,1,2,2,1,3
202300010104,2023-12-30 04:00:00,2023,12,30,4,0,13,13206,BRETEUIL (RUE),43.28634,5.37743,Nuit sans éclairage public,En agglomération,Hors intersection,Normale,Deux véhicules - arrière,4,1,1,0,2,1,1,0,1,50,2,3,2,0,0,1,35.0,,voiture,voiture,3,2,1,1,2
202300010105,2023-11-22 09:35:00,2023,11,22,9,35,94,94028,Avenue François Mitterrand,48.76959,2.46441,Plein jour,En agglomération,Hors intersection,Normale,Deux véhicules - côté,4,2,2,0,1,1,1,0,1,50,2,3,2,0,0,1,23.0,60.0,voiture,deux_roues,1,2,1,1,3
202300010106,2023-12-29 23:30:00,2023,12,29,23,30,13,13047,LAVALDUC CHEMIN DE,43.47461,4.97766,Nuit sans éclairage public,Hors agglomération,Intersection en Y,Normale,Deux véhicules - frontale,3,2,2,0,1,3,1,0,1,80,2,2,1,0,0,1,18.0,42.0,voiture,voiture,3,1,4,1,1
202300010106,2023-12-29 23:30:00,2023,12,29,23,30,13,13047,LAVALDUC CHEMIN DE,43.47461,4.97766,Nuit sans éclairage public,Hors agglomération,Intersection en Y,Normale,Deux véhicules - frontale,3,2, -1,-1,1,1,1,5,1,-1,2,2,1,0,0,1,18.0,42.0,voiture,voiture,3,1,4,1,1
202300010107,2023-06-05 09:03:00,2023,6,5,9,3,57,57469,D38,48.856887,6.959141,Plein jour,Hors agglomération,Hors intersection,Normale,Autre collision,3,2,2,0,1,1,1,0,8,80,1,1,0,1,0,0,65.0,,voiture,,1,1,1,1,6
202300010108,2023-11-22 22:30:00,2023,11,22,22,30,94,94022,Avenue Léon Gourdault,48.76418974,2.40546727,Nuit avec éclairage allumé,En agglomération,Autre intersection,Normale,Deux véhicules - côté,3,1,2,0,1,1,1,0,1,50,2,3,2,0,0,1,52.0,30.0,voiture,deux_roues,5,2,9,1,3
202300010108,2023-11-22 22:30:00,2023,11,22,22,30,94,94022,Avenue Léon Gourdault,48.76418974,2.40546727,Nuit avec éclairage allumé,En agglomération,Autre intersection,Normale,Deux véhicules - côté,3,1,2,0,1,1,1,0,1,50,2,3,2,0,0,1,52.0,30.0,voiture,deux_roues,5,2,9,1,3
202300010109,2023-12-30 23:36:00,2023,12,30,23,36,06,06155,LIBERTE AV.DE LA,43.566078,7.070203,Nuit avec éclairage allumé,En agglomération,Intersection en T,Normale,Deux véhicules - côté,3,2,2,0,1,1,1,0,1,50,2,2,0,1,1,0,17.0,56.0,deux_roues,deux_roues,5,2,3,1,3
202300010109,2023-12-30 23:36:00,2023,12,30,23,36,06,06155,LIBERTE AV.DE LA,43.566078,7.070203,Nuit avec éclairage allumé,En agglomération,Intersection en T,Normale,Deux véhicules - côté,3,-1,2,0,1,1,1,0,1,50,2,2,0,1,1,0,17.0,56.0,deux_roues,deux_roues,5,2,3,1,3
202300010110,2023-11-23 11:25:00,2023,11,23,11,25,94,94079,Rue Jean Jaurès,48.82793,2.53012,Plein jour,En agglomération,Autre intersection,Pluie légère,Autre collision,6,-1, -1,0,1,1,2,0,8,30,1,2,1,0,0,1,34.0,,voiture,,1,2,9,2,6
202300010111,2023-12-30 22:46:00,2023,12,30,22,46,75,75106,CARREFOUR ODEON,48.85227964,2.33873069,Nuit avec éclairage allumé,En agglomération,Intersection en T,Normale,Autre collision,4,1,2,3,1,1,1,0,1,30,1,2,1,0,0,1,58.0,,voiture,,5,2,3,1,6
202300010111,2023-12-30 22:46:00,2023,12,30,22,46,75,75106,CARREFOUR ODEON,48.85227964,2.33873069,Nuit avec éclairage allumé,En agglomération,Intersection en T,Normale,Autre collision,4,2,2,1,1,1,1,0,1,30,1,2,1,0,0,1,58.0,,voiture,,5,2,3,1,6
202300010112,2023-05-30 12:40:00,2023,5,30,12,40,71,71195,"A6, PK 364+400 sens L/P",46.506761,4.907726,Plein jour,Hors agglomération,Hors intersection,Normale,Autre collision,1,3,5,0,1,1,1,0,1,130,1,2,1,0,1,0,58.0,,utilitaire_camion,,1,1,1,1,6
202300010113,2023-12-30 05:15:00,2023,12,30,5,15,75,75120,AVENUE DU DOCTEUR GLEY,48.877994,2.40951,Nuit avec éclairage allumé,En agglomération,Intersection en X,Normale,Deux véhicules - côté,4,1,2,0,1,1,1,0,1,30,2,2,1,0,0,1,37.0,52.0,voiture,voiture,5,2,2,1,3
202300010113,2023-12-30 05:15:00,2023,12,30,5,15,75,75120,AVENUE DU DOCTEUR GLEY,48.877994,2.40951,Nuit avec éclairage allumé,En agglomération,Intersection en X,Normale,Deux véhicules - côté,4,3, -1,-1,1,1,1,0,1,-1,2,2,1,0,0,1,37.0,52.0,voiture,voiture,5,2,2,1,3
202300010114,2023-11-23 07:45:00,2023,11,23,7,45,94,94004,Av du Mal de Lattre de Tassigny,48.7328,2.52205,Crépuscule ou aube,Hors agglomération,Hors intersection,Normale,Trois véhicules et plus - en chaîne,2,2,4,1,1,1,1,6,1,70,4,4,3,0,0,1,33.0,54.0,voiture,voiture,2,1,1,1,4
202300010115,2023-11-23 10:50:00,2023,11,23,10,50,94,94002,Allée Jean-baptiste Preux,48.77903,2.42554,Crépuscule ou aube,Hors agglomération,Giratoire,Normale,Autre collision,4,2,2,0,1,1,2,9,1,50,1,2,0,0,0,2,34.0,,voiture,,2,1,6,1,6
202300010116,2023-12-30 16:15:00,2023,12,30,16,15,75,75119,AVENUE DE FLANDRE,48.886643,2.372011,Plein jour,En agglomération,Hors intersection,Normale,Deux véhicules - côté,4,1,3,3,1,1,2,-1,6,30,2,2,1,0,0,1,51.0,46.0,voiture,deux_roues,1,2,1,1,3
202300010117,2023-11-23 18:15:00,2023,11,23,18,15,93,93046,Chemin de la Mare au Chanvre,48.92961177,2.54050586,Nuit avec éclairage allumé,En agglomération,Hors intersection,Normale,Autre collision,4,2,2,0,1,1,1,0,1,30,1,2,1,0,0,1,49.0,,voiture,,5,2,1,1,6
202300010118,2023-06-02 17:20:00,2023,6,2,17,20,85,85209,Route de fontenay le comte,46.52595,-0.997588,Plein jour,En agglomération,Hors intersection,Normale,Trois véhicules et plus - collisions multiples,3,2,2,0,1,1,1,0,1,50,3,6,3,0,0,3,79.0,69.0,voiture,voiture,1,2,1,1,5
202300010119,2023-12-30 15:40:00,2023,12,30,15,40,75,75111,RUE RAMPON,48.866277,2.367427,Plein jour,En agglomération,Intersection en X,Normale,Deux véhicules - côté,4,1,1,0,1,1,1,0,1,30,2,2,1,0,0,1,26.0,42.0,voiture,deux_roues,1,2,2,1,3
202300010119,2023-12-30 15:40:00,2023,12,30,15,40,75,75111,RUE RAMPON,48.866277,2.367427,Plein jour,En agglomération,Intersection en X,Normale,Deux véhicules - côté,4,1,1,0,1,1,1,0,1,30,2,2,1,0,0,1,26.0,42.0,voiture,deux_roues,1,2,2,1,3
202300010120,2023-04-22 11:15:00,2023,4,22,11,15,88,88075,Rue Mougel Bey,48.006244,6.874303,Plein jour,En agglomération,Intersection en T,Normale,Deux véhicules - frontale,3,1, -1,-1,1,1,1,5,1,-1,2,2,1,0,0,1,66.0,45.0,voiture,deux_roues,1,2,3,1,1
202300010120,2023-04-22 11:15:00,2023,4,22,11,15,88,88075,Rue Mougel Bey,48.006244,6.874303,Plein jour,En agglomération,Intersection en T,Normale,Deux véhicules - frontale,3,2,3,0,1,1,1,0,1,50,2,2,1,0,0,1,66.0,45.0,voiture,deux_roues,1,2,3,1,1
202300010121,2023-11-23 09:45:00,2023,11,23,9,45,92,92064,MARCEL DASSAULT,48.85953344,2.22421771,Plein jour,En agglomération,Hors intersection,Pluie légère,Deux véhicules - côté,3,3,4,0,1,1,2,0,1,50,2,2,1,0,0,1,30.0,61.0,deux_roues,voiture,1,2,1,2,3
202300010122,2023-06-04 16:14:00,2023,6,4,16,14,974,97404,Rue Lambert,-21.256557,55.374275,Plein jour,En agglomération,Hors intersection,Normale,Autre collision,4,2,2,1,1,1,1,0,1,-1,1,2,1,0,1,0,20.0,,deux_roues,,1,2,1,1,6
202300010123,2023-12-30 16:10:00,2023,12,30,16,10,75,75110,RUE LA FAYETTE,48.878524,2.354048,Plein jour,En agglomération,Intersection à plus de 4 branches,Normale,Deux véhicules - côté,4,2,4,0,2,1,1,0,5,30,2,2,1,0,0,1,21.0,,deux_roues,voiture,1,2,5,1,3
202300010123,2023-12-30 16:10:00,2023,12,30,16,10,75,75110,RUE LA FAYETTE,48.878524,2.354048,Plein jour,En agglomération,Intersection à plus de 4 branches,Normale,Deux véhicules - côté,4,2,4,1,2,1,1,0,5,30,2,2,1,0,0,1,21.0,,deux_roues,voiture,1,2,5,1,3
202300010124,2023-07-09 13:05:00,2023,7,9,13,5,976,97611,kaweni-Poste ( rue de la ),-12.77166,45.22306,Plein jour,En agglomération,Intersection en T,Normale,Deux véhicules - côté,2,2,2,0,1,1,1,0,1,50,2,2,1,0,0,1,34.0,27.0,voiture,deux_roues,1,2,3,1,3
202300010124,2023-07-09 13:05:00,2023,7,9,13,5,976,97611,kaweni-Poste ( rue de la ),-12.77166,45.22306,Plein jour,En agglomération,Intersection en T,Normale,Deux véhicules - côté,2,2,2,0,1,1,1,0,1,30,2,2,1,0,0,1,34.0,27.0,voiture,deux_roues,1,2,3,1,3
202300010125,2023-11-23 18:45:00,2023,11,23,18,45,92,92051,"BINEAU (BOULEVARD, N°133 A 217 ET 134 A",48.89234567,2.26893461,Nuit avec éclairage allumé,En agglomération,Intersection en X,Normale,Deux véhicules - côté,3,2,8,1,1,1,1,0,8,50,2,2,1,0,0,1,24.0,25.0,deux_roues,voiture,5,2,2,1,3
202300010125,2023-11-23 18:45:00,2023,11,23,18,45,92,92051,"BINEAU (BOULEVARD, N°133 A 217 ET 134 A",48.89234567,2.26893461,Nuit avec éclairage allumé,En agglomération,Intersection en X,Normale,Deux véhicules - côté,3,2,2,0,1,1,1,0,8,50,2,2,1,0,0,1,24.0,25.0,deux_roues,voiture,5,2,2,1,3
202300010126,2023-06-04 17:20:00,2023,6,4,17,20,26,26337,Autoroute A7,44.717286,4.785517,Plein jour,Hors agglomération,Hors intersection,Temps couvert,Deux véhicules - côté,1,3,3,0,1,1,1,0,1,130,2,3,2,0,1,0,54.0,48.0,voiture,utilitaire_camion,1,1,1,8,3
202300010127,2023-12-30 14:45:00,2023,12,30,14,45,75,75108,RUE MARBEUF,48.867963,2.302797,Plein jour,En agglomération,Intersection en X,Normale,Autre collision,4,1, -1,-1,1,1,1,0,1,-1,1,2,1,0,0,1,59.0,,utilitaire_camion,,1,2,2,1,6
202300010127,2023-12-30 14:45:00,2023,12,30,14,45,75,75108,RUE MARBEUF,48.867963,2.302797,Plein jour,En agglomération,Intersection en X,Normale,Autre collision,4,1,2,1,1,1,1,0,1,30,1,2,1,0,0,1,59.0,,utilitaire_camion,,1,2,2,1,6
202300010128,2023-07-09 13:00:00,2023,7,9,13,0,974,97411,MONTAGNE (ROUTE DE LA),-20.88784,55.44097,Plein jour,Hors agglomération,Hors intersection,Normale,Trois véhicules et plus - collisions multiples,3,2,2,0,2,3,1,0,1,80,3,3,0,0,0,3,57.0,41.0,utilitaire_camion,voiture,1,1,1,1,5
202300010129,2023-11-23 13:50:00,2023,11,23,13,50,92,92026,VERDUN (DE 62 A FIN),48.90042737,2.26079598,Plein jour,En agglomération,Intersection en X,Normale,Deux véhicules - côté,3,-1,3,0,1,1,1,0,1,50,2,2,1,0,0,1,29.0,82.0,deux_roues,voiture,1,2,2,1,3
202300010129,2023-11-23 13:50:00,2023,11,23,13,50,92,92026,VERDUN (DE 62 A FIN),48.90042737,2.26079598,Plein jour,En agglomération,Intersection en X,Normale,Deux véhicules - côté,3,2,3,0,1,1,1,0,1,50,2,2,1,0,0,1,29.0,82.0,deux_roues,voiture,1,2,2,1,3
202300010130,2023-12-30 17:15:00,2023,12,30,17,15,94,94028,Avenue du Chemin-de-mesly,48.78410529,2.45985147,Crépuscule ou aube,En agglomération,Hors intersection,Normale,Deux véhicules - arrière,4,1,1,0,1,1,1,0,1,50,2,3,2,0,0,1,29.0,52.0,utilitaire_camion,utilitaire_camion,2,2,1,1,2
202300010131,2023-07-09 12:10:00,2023,7,9,12,10,974,97407,VERGES(AVENUE),-20.93956,55.30443,Plein jour,En agglomération,Hors intersection,Normale,Deux véhicules - arrière,4,2,2,0,1,1,1,0,1,50,2,3,0,0,0,3,61.0,54.0,voiture,voiture,1,2,1,1,2
202300010132,2023-05-27 11:50:00,2023,5,27,11,50,26,26106,A7,44.646292,4.792571,Plein jour,Hors agglomération,Hors intersection,Normale,Trois véhicules et plus - en chaîne,1,3,3,0,1,1,1,0,1,130,4,8,7,0,1,0,31.0,33.0,voiture,voiture,1,1,1,1,4
202300010133,2023-11-22 07:50:00,2023,11,22,7,50,35,35088,37 Boulevard de la Gare,47.981427,-1.582353,Nuit avec éclairage allumé,En agglomération,Intersection en X,Normale,Deux véhicules - côté,4,2,2,0,1,1,1,0,1,30,2,2,1,0,1,0,57.0,24.0,deux_roues,utilitaire_camion,5,2,2,1,3
202300010133,2023-11-22 07:50:00,2023,11,22,7,50,35,35088,37 Boulevard de la Gare,47.981427,-1.582353,Nuit avec éclairage allumé,En agglomération,Intersection en X,Normale,Deux véhicules - côté,4,2,2,2,1,1,1,0,1,30,2,2,1,0,1,0,57.0,24.0,deux_roues,utilitaire_camion,5,2,2,1,3
202300010134,2023-12-30 13:35:00,2023,12,30,13,35,94,94019,Rue de Sucy,48.78993,2.52225,Plein jour,En agglomération,Hors intersection,Temps couvert,Deux véhicules - arrière,3,2,2,0,1,1,1,0,1,50,2,4,2,0,0,2,37.0,42.0,voiture,voiture,1,2,1,8,2
202300010135,2023-06-04 19:45:00,2023,6,4,19,45,86,86268,La Nivardière,46.518272,0.538766,Plein jour,Hors agglomération,Hors intersection,Normale,Sans collision,3,2,2,0,1,4,1,0,1,80,1,1,0,0,1,0,21.0,,voiture,,1,1,1,1,7
202300010136,2023-07-08 16:15:00,2023,7,8,16,15,974,97407,19 MARS 1946(AVENUE DU),-20.94976,55.2979,Plein jour,En agglomération,Hors intersection,Normale,Deux véhicules - côté,4,2,2,0,1,1,1,0,1,50,2,3,2,0,0,1,9.0,33.0,deux_roues,utilitaire_camion,1,2,1,1,3
202300010137,2023-11-23 15:25:00,2023,11,23,15,25,17,17373,,46.156289,-0.959745,Plein jour,Hors agglomération,Hors intersection,Temps couvert,Sans collision,3,2,2,0,1,2,1,0,1,80,1,1,0,0,0,1,20.0,,voiture,,1,1,1,8,7
202300010138,2023-06-04 09:20:00,2023,6,4,9,20,21,21463,autoroute A6 pk 248.700 sens Paris - Lyon,47.355919,4.435798,Plein jour,Hors agglomération,Hors intersection,Normale,Autre collision,1,3,2,0,1,1,1,0,3,130,1,1,0,0,0,1,74.0,,voiture,,1,1,1,1,6
202300010139,2023-12-30 13:50:00,2023,12,30,13,50,93,93053,Rue Condorcet / Rue Marcellin Berthelot,48.88902,2.45677,Plein jour,En agglomération,Intersection en T,Normale,Autre collision,4,1,2,0,1,1,1,0,1,30,1,4,3,0,0,1,52.0,,voiture,,1,2,3,1,6
202300010139,2023-12-30 13:50:00,2023,12,30,13,50,93,93053,Rue Condorcet / Rue Marcellin Berthelot,48.88902,2.45677,Plein jour,En agglomération,Intersection en T,Normale,Autre collision,4,1,1,-1,1,1,1,0,1,-1,1,4,3,0,0,1,52.0,,voiture,,1,2,3,1,6
202300010140,2023-07-08 11:20:00,2023,7,8,11,20,973,97302,MONTABO (ROUTE DE) 1,4.94437459,-52.309843,Plein jour,En agglomération,Intersection en X,Normale,Deux véhicules - côté,3,-1,2,0,1,1,1,9,1,50,2,2,0,0,0,2,33.0,30.0,utilitaire_camion,deux_roues,1,2,2,1,3
202300010140,2023-07-08 11:20:00,2023,7,8,11,20,973,97302,MONTABO (ROUTE DE) 1,4.94437459,-52.309843,Plein jour,En agglomération,Intersection en X,Normale,Deux véhicules - côté,3,2,2,0,1,1,1,0,1,50,2,2,0,0,0,2,33.0,30.0,utilitaire_camion,deux_roues,1,2,2,1,3
202300010141,2023-11-23 21:00:00,2023,11,23,21,0,57,57592,D43,48.83091,7.019877,Nuit avec éclairage allumé,En agglomération,Hors intersection,Pluie légère,Deux véhicules - arrière,3,2,2,0,1,1,2,0,1,50,2,4,3,0,0,1,52.0,27.0,voiture,voiture,5,2,1,2,2