accident_id,datetime,annee,mois,jour,heure,minute,departement,commune_insee,adresse,latitude,longitude,luminosite,agglomeration,intersection,meteo,collision,catr,circ,nbv,vosp,prof,plan,surf,infra,situ,vma,nb_vehicules,nb_usagers,nb_indemnes,nb_tues,nb_blesses_hosp,nb_blesses_legers,age_cond_1,age_cond_2,veh_type_cond_1,veh_type_cond_2,lum_code,agg_code,int_code,atm_code,col_code
202300010215,2023-11-14 09:30:00,2023,11,14,9,30,76,76312,Route de Dieppe,49.492166,1.689094,Plein jour,En agglomération,Hors intersection,Pluie légère,Deux véhicules - frontale,3,2,2,0,1,1,2,0,1,50,2,2,1,0,1,0,84.0,27.0,voiture,utilitaire_camion,1,2,1,2,1
202300010216,2023-11-24 07:40:00,2023,11,24,7,40,03,03194,D43,46.170971,3.086316,Crépuscule ou aube,Hors agglomération,Hors intersection,Brouillard / fumée,Deux véhicules - frontale,3,2,2,0,1,1,2,0,1,90,2,2,1,1,0,0,18.0,32.0,deux_roues,voiture,2,1,1,5,1
202300010217,2023-12-31 05:30:00,2023,12,31,5,30,79,79195,,46.889413,-0.60758,Nuit sans éclairage public,Hors agglomération,Hors intersection,Normale,Sans collision,2,3,4,0,1,1,2,0,3,110,1,1,0,1,0,0,32.0,,voiture,,3,1,1,1,7
202300010218,2023-06-04 09:25:00,2023,6,4,9,25,56,56141,Ty Planche,47.81747,-2.87709,Plein jour,Hors agglomération,Intersection en T,Normale,Deux véhicules - côté,3,2,2,0,1,1,1,0,1,80,2,7,0,0,7,0,19.0,21.0,voiture,voiture,1,1,3,1,3
202300010218,2023-06-04 09:25:00,2023,6,4,9,25,56,56141,Ty Planche,47.81747,-2.87709,Plein jour,Hors agglomération,Intersection en T,Normale,Deux véhicules - côté,3,2,2,-1,1,1,1,0,1,80,2,7,0,0,7,0,19.0,21.0,voiture,voiture,1,1,3,1,3
202300010219,2023-07-09 09:25:00,2023,7,9,9,25,33,33529,HUGO (RUE VICTOR),44.63301,-1.14902,Plein jour,En agglomération,Intersection en T,Normale,Deux véhicules - côté,4,2,2,0,1,2,1,0,1,50,2,2,1,0,1,0,81.0,61.0,voiture,deux_roues,1,2,3,1,3
202300010219,2023-07-09 09:25:00,2023,7,9,9,25,33,33529,HUGO (RUE VICTOR),44.63301,-1.14902,Plein jour,En agglomération,Intersection en T,Normale,Deux véhicules - côté,4,2,2,0,1,3,1,0,1,50,2,2,1,0,1,0,81.0,61.0,voiture,deux_roues,1,2,3,1,3
202300010220,2023-06-05 17:40:00,2023,6,5,17,40,56,56034,48 Rue Saint Cornely,47.58601,-3.085629,Plein jour,En agglomération,Hors intersection,Normale,Sans collision,3,3,2,0,1,1,1,0,4,50,1,1,0,1,0,0,65.0,,deux_roues,,1,2,1,1,7
202300010221,2023-11-07 06:30:00,2023,11,7,6,30,37,37223,CD 749,47.5146694,0.28643847,Nuit sans éclairage public,Hors agglomération,Hors intersection,Normale,Autre collision,3,2,2,0,2,3,2,0,3,80,1,1,0,0,0,1,37.0,,voiture,,3,1,1,1,6
202300010222,2023-12-30 19:30:00,2023,12,30,19,30,2A,2A362,D 168A,41.692347,9.358109,Nuit avec éclairage allumé,Hors agglomération,Autre intersection,Normale,Deux véhicules - frontale,3,2,2,0,2,2,2,9,1,70,2,2,1,0,0,1,33.0,19.0,deux_roues,voiture,5,1,9,1,1
202300010223,2023-07-09 10:20:00,2023,7,9,10,20,32,32013,Route de Pessan,43.63987,0.59836,Plein jour,En agglomération,Hors intersection,Normale,Deux véhicules - côté,3,2,2,0,1,1,1,0,1,50,2,2,1,0,1,0,57.0,84.0,deux_roues,voiture,1,2,1,1,3
202300010224,2023-11-24 20:00:00,2023,11,24,20,0,37,37050,Rue de la Turpetière,47.325203,0.703645,Nuit sans éclairage public,En agglomération,Hors intersection,Pluie légère,Sans collision,4,2,2,0,2,1,2,0,1,50,1,1,0,0,1,0,67.0,,deux_roues,,3,2,1,2,7
202300010225,2023-06-04 17:15:00,2023,6,4,17,15,56,56022,Kernabessec,47.779396,-2.916843,Plein jour,Hors agglomération,Hors intersection,Normale,Autre collision,3,2,2,0,3,2,1,0,3,80,1,1,0,0,1,0,48.0,,deux_roues,,1,1,1,1,6
202300010226,2023-12-30 09:30:00,2023,12,30,9,30,63,63131,D20,45.847673,3.34523,Plein jour,Hors agglomération,Hors intersection,Normale,Autre collision,3,2,2,0,2,1,1,0,3,90,1,2,1,0,1,0,35.0,,voiture,,1,1,1,1,6
202300010227,2023-06-04 18:10:00,2023,6,4,18,10,59,59262,D139,50.805521,2.661612,Plein jour,Hors agglomération,Hors intersection,Normale,Sans collision,3,2,2,0,1,2,1,0,1,80,1,2,1,0,1,0,49.0,,deux_roues,,1,1,1,1,7
202300010228,2023-07-08 17:45:00,2023,7,8,17,45,30,30007,SAINT JEAN DU PIN,44.12151,4.06054,Plein jour,En agglomération,Hors intersection,Normale,Deux véhicules - frontale,3,2,0,0,2,4,1,0,1,50,2,2,0,0,1,1,41.0,65.0,voiture,voiture,1,2,1,1,1
202300010229,2023-11-07 13:55:00,2023,11,7,13,55,49,49378,le perray,47.30555,-0.035384,Plein jour,Hors agglomération,Hors intersection,Pluie forte,Deux véhicules - arrière,3,2,2,0,2,1,2,0,1,80,2,2,1,0,0,1,26.0,35.0,voiture,voiture,1,1,1,3,2
202300010230,2023-07-09 19:05:00,2023,7,9,19,5,29,29232,Route de Rosporden,47.990352,-4.06497696,Plein jour,Hors agglomération,Hors intersection,Normale,Sans collision,3,2,2,0,2,2,1,0,1,50,1,1,0,0,0,1,22.0,,deux_roues,,1,1,1,1,7
202300010231,2023-11-24 09:57:00,2023,11,24,9,57,30,30145,2 Rue de l'Hotel de Ville,43.915663,4.507082,Plein jour,En agglomération,Hors intersection,Normale,Deux véhicules - frontale,4,-1,2,0,2,1,1,0,1,50,2,4,0,0,0,4,84.0,27.0,voiture,voiture,1,2,1,1,1
202300010232,2023-06-03 18:32:00,2023,6,3,18,32,59,59110,Route de la Colme,50.94900748,2.31299758,Plein jour,Hors agglomération,Intersection en X,Normale,Deux véhicules - côté,3,2,2,0,1,1,1,0,1,70,2,2,1,0,1,0,31.0,20.0,voiture,voiture,1,1,2,1,3
202300010232,2023-06-03 18:32:00,2023,6,3,18,32,59,59110,Route de la Colme,50.94900748,2.31299758,Plein jour,Hors agglomération,Intersection en X,Normale,Deux véhicules - côté,3,2,2,0,1,1,1,0,1,-1,2,2,1,0,1,0,31.0,20.0,voiture,voiture,1,1,2,1,3
202300010233,2023-12-31 12:05:00,2023,12,31,12,5,46,46128,Rue Robertie,44.778994,1.725949,Plein jour,En agglomération,Hors intersection,Pluie légère,Autre collision,4,1,1,0,2,1,2,0,3,50,1,2,1,0,1,0,66.0,,voiture,,1,2,1,2,6
202300010234,2023-06-04 18:00:00,2023,6,4,18,0,74,74241,126 Route des Salles,46.120719,6.488532,Plein jour,Hors agglomération,Hors intersection,Normale,Sans collision,4,2,2,0,2,2,1,0,1,80,1,1,0,0,0,1,41.0,,deux_roues,,1,1,1,1,7
202300010235,2023-12-30 13:35:00,2023,12,30,13,35,41,41106,7 Rue François Blache,47.606695,2.025036,Plein jour,En agglomération,Hors intersection,Normale,Deux véhicules - frontale,3,2,2,0,1,1,1,9,1,30,2,2,1,0,0,1,50.0,75.0,voiture,deux_roues,1,2,1,1,1
202300010236,2023-07-09 19:40:00,2023,7,9,19,40,26,26198,Rue André Ducatez,44.55817,4.74349,Plein jour,En agglomération,Hors intersection,Normale,Deux véhicules - côté,4,2,2,0,1,1,1,0,1,50,2,4,1,0,0,3,19.0,,voiture,voiture,1,2,1,1,3
202300010237,2023-05-29 19:30:00,2023,5,29,19,30,67,67308,Rue du Loh,48.926348,8.151898,Plein jour,En agglomération,Hors intersection,Normale,Sans collision,4,2,2,0,1,1,1,0,1,50,1,1,0,0,1,0,37.0,,deux_roues,,1,2,1,1,7
202300010238,2023-12-31 01:45:00,2023,12,31,1,45,15,15119,RN122 ,45.246796,3.185682,Nuit avec éclairage allumé,Hors agglomération,Hors intersection,Normale,Autre collision,2,2,2,0,1,1,1,0,3,80,1,3,2,0,0,1,26.0,,voiture,,5,1,1,1,6
202300010239,2023-11-24 07:10:00,2023,11,24,7,10,48,48050,D998,44.335755,3.592288,Crépuscule ou aube,Hors agglomération,Hors intersection,Normale,Autre collision,3,2,2,0,2,1,1,0,3,90,1,2,1,0,0,1,32.0,,voiture,,2,1,1,1,6
202300010240,2023-07-08 10:45:00,2023,7,8,10,45,16,16102,BASSE SAINT MARTIN (RUE),45.68718,-0.34012,Plein jour,En agglomération,Hors intersection,Normale,Autre collision,6,-1, -1,0,1,1,1,9,1,30,1,2,1,0,0,1,66.0,,voiture,,1,2,1,1,6
202300010241,2023-06-04 12:30:00,2023,6,4,12,30,76,76560,D7,49.41238,1.173456,Plein jour,Hors agglomération,Hors intersection,Normale,Sans collision,7,2,2,0,2,2,1,0,3,80,1,1,0,0,1,0,53.0,,deux_roues,,1,1,1,1,7
202300010242,2023-06-04 16:15:00,2023,6,4,16,15,76,76367,D90,49.5084623,1.04616612,Plein jour,Hors agglomération,Hors intersection,Normale,Autre collision,7,2,2,0,1,1,1,0,1,80,1,3,1,0,0,2,76.0,,voiture,,1,1,1,1,6
202300010243,2023-11-23 07:18:00,2023,11,23,7,18,08,08302,3 Rue Jean Mermoz,49.885395,4.740493,Nuit avec éclairage allumé,En agglomération,Intersection en X,Temps couvert,Deux véhicules - côté,3,2,2,0,4,1,2,0,1,30,2,2,1,0,1,0,85.0,22.0,voiture,deux_roues,5,2,2,8,3
202300010243,2023-11-23 07:18:00,2023,11,23,7,18,08,08302,3 Rue Jean Mermoz,49.885395,4.740493,Nuit avec éclairage allumé,En agglomération,Intersection en X,Temps couvert,Deux véhicules - côté,3,2,2,0,1,1,2,5,1,50,2,2,1,0,1,0,85.0,22.0,voiture,deux_roues,5,2,2,8,3
202300010244,2023-12-31 15:40:00,2023,12,31,15,40,66,66167,,42.465021,2.034037,Plein jour,En agglomération,Hors intersection,Normale,Deux véhicules - frontale,2,2,2,0,2,3,1,0,1,50,2,3,0,0,0,3,76.0,38.0,voiture,voiture,1,2,1,1,1
202300010245,2023-07-09 19:00:00,2023,7,9,19,0,13,13211,BARASSE,43.2847,5.48691,Plein jour,En agglomération,Hors intersection,Normale,Trois véhicules et plus - en chaîne,9,2,2,0,1,1,1,0,1,50,4,5,0,0,0,5,21.0,33.0,voiture,voiture,1,2,1,1,4
202300010246,2023-06-03 19:10:00,2023,6,3,19,10,76,76377,509 Route de Neufchatel,49.490863,1.14319,Plein jour,En agglomération,Hors intersection,Normale,Deux véhicules - côté,7,2,2,3,1,1,1,-1,1,50,2,4,3,0,1,0,65.0,45.0,deux_roues,voiture,1,2,1,1,3
202300010247,2023-12-30 10:45:00,2023,12,30,10,45,83,83095,Route départementale 60 PK 41.750 sens croissant,43.56039,6.02879,Plein jour,Hors agglomération,Hors intersection,Normale,Autre collision,3,2,2,0,1,2,1,0,3,80,1,2,0,0,1,1,28.0,,deux_roues,,1,1,1,1,6
202300010248,2023-06-04 14:25:00,2023,6,4,14,25,2A,2A269,Favona,41.777925,9.394282,Plein jour,Hors agglomération,Hors intersection,Pluie légère,Autre collision,2,2,2,0,1,3,2,0,3,50,1,2,0,0,2,0,43.0,,utilitaire_camion,,1,1,1,2,6
202300010249,2023-11-24 08:05:00,2023,11,24,8,5,69,69111,Route du Pont de Nizy,45.90455,4.58021,Plein jour,Hors agglomération,Hors intersection,Normale,Trois véhicules et plus - collisions multiples,3,2,2,2,1,1,1,0,1,70,3,4,1,1,0,2,37.0,35.0,utilitaire_camion,utilitaire_camion,1,1,1,1,5
202300010250,2023-07-08 15:58:00,2023,7,8,15,58,13,13207,Corniche John Fitzgérald Kennedy,43.28605,5.35116,Plein jour,En agglomération,Intersection en T,Normale,Autre collision,4,-1,2,0,1,1,1,0,1,50,2,3,2,0,1,0,26.0,34.0,voiture,deux_roues,1,2,3,1,6
202300010250,2023-07-08 15:58:00,2023,7,8,15,58,13,13207,Corniche John Fitzgérald Kennedy,43.28605,5.35116,Plein jour,En agglomération,Intersection en T,Normale,Autre collision,4,1,1,0,1,1,1,0,8,50,2,3,2,0,1,0,26.0,34.0,voiture,deux_roues,1,2,3,1,6
202300010251,2023-12-30 23:10:00,2023,12,30,23,10,60,60604,D315 PR 04,49.680347,1.888447,Nuit sans éclairage public,Hors agglomération,Hors intersection,Vent fort / tempête,Sans collision,3,2,2,0,2,2,1,0,8,80,1,2,0,0,0,2,20.0,,voiture,,3,1,1,6,7
202300010252,2023-06-05 16:35:00,2023,6,5,16,35,2B,2B077,Route du village,42.468908,9.478701,Plein jour,Hors agglomération,Hors intersection,Temps couvert,Deux véhicules - frontale,4,2,2,0,2,2,2,0,1,80,2,2,1,0,0,1,49.0,18.0,voiture,utilitaire_camion,1,1,1,8,1
202300010253,2023-12-31 04:12:00,2023,12,31,4,12,23,23008,Avenue d'Auvergne,45.956707,2.181693,Nuit sans éclairage public,En agglomération,Hors intersection,Pluie forte,Autre collision,3,2,2,0,2,3,2,0,3,50,1,1,0,1,0,0,20.0,,voiture,,3,2,1,3,6
202300010254,2023-11-22 18:15:00,2023,11,22,18,15,34,34123,rue romaine,43.620654,3.801334,Nuit avec éclairage allumé,En agglomération,Autre intersection,Normale,Autre collision,4,2,2,0,4,1,1,6,6,-1,1,2,1,0,0,1,55.0,,voiture,,5,2,9,1,6
202300010255,2023-07-09 02:25:00,2023,7,9,2,25,13,13204,FRANÇOISE DUPARC (BOULEVARD),43.30169,5.40067,Nuit avec éclairage allumé,En agglomération,Intersection en T,Normale,Deux véhicules - côté,4,2,5,0,1,1,1,0,1,50,2,2,1,0,1,0,25.0,21.0,deux_roues,voiture,5,2,3,1,3
202300010255,2023-07-09 02:25:00,2023,7,9,2,25,13,13204,FRANÇOISE DUPARC (BOULEVARD),43.30169,5.40067,Nuit avec éclairage allumé,En agglomération,Intersection en T,Normale,Deux véhicules - côté,4,1,1,0,1,1,1,0,1,50,2,2,1,0,1,0,25.0,21.0,deux_roues,voiture,5,2,3,1,3
202300010256,2023-06-03 12:20:00,2023,6,3,12,20,80,80127,D1015,50.03567,1.479249,Plein jour,Hors agglomération,Hors intersection,Normale,Deux véhicules - côté,3,2,2,0,1,1,1,0,1,50,2,3,1,0,1,1,,40.0,autre,deux_roues,1,1,1,1,3
202300010257,2023-12-10 16:15:00,2023,12,10,16,15,33,33159,RD 137,45.206473,-0.582533,Plein jour,Hors agglomération,Hors intersection,Pluie légère,Sans collision,3,2,2,0,1,1,2,0,8,80,1,3,1,0,1,1,21.0,,voiture,,1,1,1,2,7
202300010258,2023-06-04 21:15:00,2023,6,4,21,15,80,80703,Hameau de Guemicourt,49.808839,1.739987,Plein jour,Hors agglomération,Hors intersection,Normale,Sans collision,3,2,2,0,1,1,1,0,1,80,1,1,0,0,1,0,16.0,,deux_roues,,1,1,1,1,7
202300010259,2023-11-23 16:20:00,2023,11,23,16,20,978,97801,R CHARLES TONDU,18.063585,-63.090936,Plein jour,En agglomération,Hors intersection,Normale,Deux véhicules - arrière,3,2,2,0,1,1,1,0,1,50,2,2,1,0,1,0,76.0,17.0,voiture,deux_roues,1,2,1,1,2
202300010260,2023-07-08 22:32:00,2023,7,8,22,32,13,13212,GILLET (BOULEVARD),43.31258376,5.41456703,Nuit avec éclairage allumé,En agglomération,Hors intersection,Normale,Deux véhicules - côté,4,1,4,0,1,1,1,0,1,50,2,4,3,1,0,0,46.0,65.0,deux_roues,voiture,5,2,1,1,3
202300010261,2023-12-30 03:00:00,2023,12,30,3,0,973,97311,PK 244 + 700,5.48764975,-53.99195552,Nuit sans éclairage public,Hors agglomération,Hors intersection,Pluie légère,Sans collision,2,2,2,0,2,1,2,0,3,80,1,1,0,0,1,0,42.0,,voiture,,3,1,1,2,7
202300010262,2023-06-04 00:08:00,2023,6,4,0,8,82,82127,Route de Cartou,44.18648006,1.10058162,Nuit sans éclairage public,Hors agglomération,Hors intersection,Normale,Deux véhicules - frontale,3,2,2,0,1,1,1,0,1,80,2,5,0,1,1,3,24.0,47.0,voiture,voiture,3,1,1,1,1
202300010263,2023-07-09 11:20:00,2023,7,9,11,20,06,06069,GOBY (RUE PAUL),43.6603947,6.9234133,Plein jour,En agglomération,Hors intersection,Normale,Autre collision,4,1,1,0,2,2,1,0,1,30,1,2,1,0,0,1,44.0,,voiture,,1,2,1,1,6
202300010264,2023-12-31 13:10:00,2023,12,31,13,10,95,95177,DIEPPE (ROUTE DE),49.12043703,2.01078773,Plein jour,Hors agglomération,Hors intersection,Normale,Autre collision,3,2,2,0,1,1,1,0,3,50,1,2,0,0,1,1,23.0,,voiture,,1,1,1,1,6
202300010265,2023-06-02 02:30:00,2023,6,2,2,30,32,32365,D12,43.342401,0.6823,Nuit sans éclairage public,Hors agglomération,Hors intersection,Normale,Autre collision,3,2,2,0,1,1,1,0,3,80,1,1,0,0,1,0,27.0,,voiture,,3,1,1,1,6
202300010266,2023-11-11 10:30:00,2023,11,11,10,30,33,33099,9 Route de Latresne,44.812202,-0.478013,Plein jour,En agglomération,Hors intersection,Normale,Deux véhicules - côté,3,2,2,0,1,1,1,0,1,30,2,2,1,0,0,1,18.0,,deux_roues,voiture,1,2,1,1,3
202300010267,2023-12-31 13:46:00,2023,12,31,13,46,66,66190,D11 pk 2+800,42.811679,2.934551,Plein jour,Hors agglomération,Hors intersection,Normale,Sans collision,3,2,2,0,1,1,1,0,1,80,1,1,0,0,1,0,40.0,,voiture,,1,1,1,1,7
202300010268,2023-07-08 17:00:00,2023,7,8,17,0,06,06069,Chemin du Collet de Saint Marc,43.640727,6.961997,Plein jour,En agglomération,Hors intersection,Normale,Trois véhicules et plus - collisions multiples,4,2,2,0,2,1,1,0,1,30,3,4,2,0,0,2,55.0,33.0,voiture,deux_roues,1,2,1,1,5
202300010269,2023-12-30 22:30:00,2023,12,30,22,30,83,83065,D 559,43.23365807,6.57452631,Nuit sans éclairage public,Hors agglomération,Hors intersection,Normale,Deux véhicules - côté,3,2,2,0,1,1,1,0,1,70,2,2,1,0,1,0,17.0,16.0,deux_roues,deux_roues,3,1,1,1,3
202300010270,2023-11-24 14:05:00,2023,11,24,14,5,77,77148,Place du Champivert,49.090682,3.069225,Plein jour,En agglomération,Hors intersection,Normale,Deux véhicules - côté,3,2,2,0,1,1,2,0,1,50,2,2,1,0,1,0,16.0,36.0,deux_roues,voiture,1,2,1,1,3
202300010271,2023-12-30 15:00:00,2023,12,30,15,0,13,13027,Avenue Jean Bouin,43.877441,4.868998,Plein jour,En agglomération,Hors intersection,Normale,Sans collision,9,2,2,0,2,1,1,0,1,30,1,1,0,0,1,0,16.0,,deux_roues,,1,2,1,1,7
202300010272,2023-06-03 14:45:00,2023,6,3,14,45,11,11259,Avenue de la République,43.279674,2.230418,Plein jour,En agglomération,Intersection en Y,Normale,Deux véhicules - frontale,3,2,2,0,1,3,1,0,1,30,2,2,1,0,1,0,10.0,23.0,deux_roues,voiture,1,2,4,1,1
202300010272,2023-06-03 14:45:00,2023,6,3,14,45,11,11259,Avenue de la République,43.279674,2.230418,Plein jour,En agglomération,Intersection en Y,Normale,Deux véhicules - frontale,3,2, -1,-1,2,1,1,0,1,-1,2,2,1,0,1,0,10.0,23.0,deux_roues,voiture,1,2,4,1,1
202300010273,2023-06-04 21:30:00,2023,6,4,21,30,71,71419,juste avant le 116 route de Louhans,46.745511,5.246007,Nuit avec éclairage allumé,En agglomération,Hors intersection,Normale,Autre collision,3,2,2,0,2,3,1,0,3,50,1,1,0,0,0,1,42.0,,voiture,,5,2,1,1,6
202300010274,2023-12-30 16:30:00,2023,12,30,16,30,69,69051,Route de Mornant,45.634008,4.642764,Plein jour,En agglomération,Intersection en Y,Normale,Sans collision,3,2,2,0,2,4,1,0,1,50,1,1,0,0,1,0,67.0,,deux_roues,,1,2,4,1,7
202300010274,2023-12-30 16:30:00,2023,12,30,16,30,69,69051,Route de Mornant,45.634008,4.642764,Plein jour,En agglomération,Intersection en Y,Normale,Sans collision,3,2,2,0,2,2,1,0,1,-1,1,1,0,0,1,0,67.0,,deux_roues,,1,2,4,1,7
202300010275,2023-07-08 13:15:00,2023,7,8,13,15,05,05023,Route de Gap,44.888444,6.626279,Plein jour,En agglomération,Hors intersection,Normale,Deux véhicules - côté,2,2,2,0,1,1,1,0,1,70,2,5,4,0,0,1,41.0,29.0,voiture,voiture,1,2,1,1,3
202300010276,2023-11-24 08:39:00,2023,11,24,8,39,77,77318,D231 PK 037+400,48.779822,2.891743,Plein jour,Hors agglomération,Hors intersection,Normale,Deux véhicules - frontale,3,2,2,0,1,1,2,0,1,80,2,2,1,0,0,1,31.0,36.0,deux_roues,voiture,1,1,1,1,1
202300010277,2023-12-30 18:45:00,2023,12,30,18,45,69,69296,Route de Chasses sur Rhone,45.64812821,4.83397235,Nuit sans éclairage public,Hors agglomération,Hors intersection,Normale,Deux véhicules - frontale,3,2,2,2,1,1,1,0,1,70,2,2,0,1,1,0,24.0,55.0,voiture,voiture,3,1,1,1,1
202300010278,2023-06-04 18:00:00,2023,6,4,18,0,71,71383,Route nationale 6,46.426359,4.877372,Plein jour,En agglomération,Intersection en T,Normale,Autre collision,3,2,2,0,1,1,1,0,1,50,1,3,2,0,1,0,52.0,,voiture,,1,2,3,1,6
202300010278,2023-06-04 18:00:00,2023,6,4,18,0,71,71383,Route nationale 6,46.426359,4.877372,Plein jour,En agglomération,Intersection en T,Normale,Autre collision,3,1,2,0,1,1,1,0,8,30,1,3,2,0,1,0,52.0,,voiture,,1,2,3,1,6
202300010279,2023-07-09 11:55:00,2023,7,9,11,55,75,75116,PORTE MAILLOT,48.877655,2.280344,Plein jour,En agglomération,Hors intersection,Pluie légère,Deux véhicules - côté,4,1,4,0,1,1,2,0,1,70,2,2,1,0,0,1,28.0,23.0,deux_roues,voiture,1,2,1,2,3
202300010280,2023-12-30 15:15:00,2023,12,30,15,15,65,65210,Station de ski de Luz Ardiden (Centre sportif),42.885048,-0.061541,Plein jour,Hors agglomération,Hors intersection,Normale,Autre collision,3,2,2,0,2,3,1,0,1,50,1,2,1,0,1,0,56.0,,transport_commun,,1,1,1,1,6
202300010281,2023-11-21 18:25:00,2023,11,21,18,25,91,91200,Rue de Rambouillet,48.534738,2.00169,Nuit avec éclairage allumé,En agglomération,Giratoire,Pluie légère,Autre collision,3,2,2,0,1,1,2,0,1,50,1,2,1,0,0,1,62.0,,voiture,,5,2,6,2,6
202300010282,2023-07-08 08:40:00,2023,7,8,8,40,75,75119,PORTE DE LA VILLETTE,48.898624,2.393336,Plein jour,En agglomération,Hors intersection,Normale,Deux véhicules - côté,4,1,4,0,1,1,1,0,1,70,2,2,1,0,0,1,35.0,62.0,voiture,voiture,1,2,1,1,3
202300010283,2023-08-18 20:00:00,2023,8,18,20,0,50,50041,1 Le Pont des Sablons,49.595399,-1.817674,Plein jour,Hors agglomération,Hors intersection,Temps couvert,Sans collision,3,2,1,0,2,3,2,0,3,80,1,1,0,0,1,0,18.0,,deux_roues,,1,1,1,8,7
202300010284,2023-06-04 17:00:00,2023,6,4,17,0,71,71494,D906,46.408977,4.875741,Plein jour,En agglomération,Intersection en X,Normale,Deux véhicules - frontale,3,2,2,0,1,1,1,5,1,50,2,3,2,1,0,0,77.0,76.0,voiture,voiture,1,2,2,1,1
202300010284,2023-06-04 17:00:00,2023,6,4,17,0,71,71494,D906,46.408977,4.875741,Plein jour,En agglomération,Intersection en X,Normale,Deux véhicules - frontale,3,2,2,0,1,1,1,0,1,50,2,3,2,1,0,0,77.0,76.0,voiture,voiture,1,2,2,1,1
202300010285,2023-12-30 17:48:00,2023,12,30,17,48,85,85035,RD 38,46.645801,-1.889288,Nuit sans éclairage public,Hors agglomération,Hors intersection,Normale,Deux véhicules - côté,3,2,2,0,1,1,1,0,1,80,2,2,1,0,1,0,60.0,46.0,voiture,deux_roues,3,1,1,1,3
202300010286,2023-11-23 14:00:00,2023,11,23,14,0,04,04245,Avenue des Farigoules,43.876033,5.843866,Plein jour,En agglomération,Intersection en T,Temps éblouissant,Autre collision,3,2,2,3,2,1,1,0,1,30,1,3,2,0,1,0,86.0,,voiture,,1,2,3,7,6
202300010286,2023-11-23 14:00:00,2023,11,23,14,0,04,04245,Avenue des Farigoules,43.876033,5.843866,Plein jour,En agglomération,Intersection en T,Temps éblouissant,Autre collision,3,2,2,0,1,1,1,0,8,30,1,3,2,0,1,0,86.0,,voiture,,1,2,3,7,6
202300010287,2023-07-07 09:20:00,2023,7,7,9,20,75,75117,PORTE DE SAINT OUEN,48.900488,2.322065,Plein jour,En agglomération,Hors intersection,Normale,Trois véhicules et plus - en chaîne,4,1,4,0,1,1,1,0,1,70,3,3,2,0,0,1,49.0,49.0,deux_roues,voiture,1,2,1,1,4
202300010288,2023-12-30 10:50:00,2023,12,30,10,50,49,49294,D963,47.47159,-0.693512,Plein jour,Hors agglomération,Hors intersection,Pluie légère,Deux véhicules - frontale,3,2,2,0,1,1,2,0,1,70,2,2,1,0,1,0,45.0,46.0,voiture,voiture,1,1,1,2,1
202300010289,2023-06-04 11:30:00,2023,6,4,11,30,71,71397,route de pont sur grosne,46.392001,4.634546,Plein jour,Hors agglomération,Intersection en T,Normale,Deux véhicules - arrière,3,2,2,0,1,1,1,0,1,80,2,2,1,0,0,1,57.0,43.0,voiture,deux_roues,1,1,3,1,2
202300010289,2023-06-04 11:30:00,2023,6,4,11,30,71,71397,route de pont sur grosne,46.392001,4.634546,Plein jour,Hors agglomération,Intersection en T,Normale,Deux véhicules - arrière,3,-1, -1,0,1,1,1,0,1,-1,2,2,1,0,0,1,57.0,43.0,voiture,deux_roues,1,1,3,1,2
202300010290,2023-08-19 08:20:00,2023,8,19,8,20,14,14465,9 Rue de l'Auberge,49.252306,-0.63542,Plein jour,Hors agglomération,Intersection en T,Normale,Deux véhicules - arrière,3,2,2,1,2,1,1,0,1,70,2,2,1,1,0,0,36.0,74.0,voiture,deux_roues,1,1,3,1,2
202300010290,2023-08-19 08:20:00,2023,8,19,8,20,14,14465,9 Rue de l'Auberge,49.252306,-0.63542,Plein jour,Hors agglomération,Intersection en T,Normale,Deux véhicules - arrière,3,2,2,-1,2,1,1,0,1,-1,2,2,1,1,0,0,36.0,74.0,voiture,deux_roues,1,1,3,1,2
202300010291,2023-06-02 15:05:00,2023,6,2,15,5,63,63430,Avenue Joseph Claussat,45.85349,3.550676,Plein jour,En agglomération,Hors intersection,Normale,Sans collision,3,2,2,0,2,3,1,0,4,50,1,1,0,0,1,0,64.0,,deux_roues,,1,2,1,1,7
202300010292,2023-11-24 17:40:00,2023,11,24,17,40,21,21292,Avenue du General de Gaulle,47.239582,5.222953,Nuit avec éclairage non allumé,En agglomération,Hors intersection,Pluie légère,Autre collision,3,2,2,0,1,1,2,6,1,50,1,2,1,0,1,0,,,voiture,,4,2,1,2,6
202300010293,2023-08-20 19:00:00,2023,8,20,19,0,14,14409,41 Boulevard Kennedy,49.281902,-0.209089,Plein jour,En agglomération,Intersection en T,Normale,Autre collision,4,2,#VALEURMULTI,0,1,1,1,0,1,50,1,1,0,0,1,0,38.0,,deux_roues,,1,2,3,1,6
202300010294,2023-07-07 09:15:00,2023,7,7,9,15,75,75120,PORTE DE MONTREUIL,48.861712,2.413697,Plein jour,En agglomération,Hors intersection,Normale,Trois véhicules et plus - collisions multiples,4,1,4,0,1,1,1,0,1,70,3,3,2,0,0,1,40.0,35.0,utilitaire_camion,deux_roues,1,2,1,1,5