accident_id,datetime,annee,mois,jour,heure,minute,departement,commune_insee,adresse,latitude,longitude,luminosite,agglomeration,intersection,meteo,collision,catr,circ,nbv,vosp,prof,plan,surf,infra,situ,vma,nb_vehicules,nb_usagers,nb_indemnes,nb_tues,nb_blesses_hosp,nb_blesses_legers,age_cond_1,age_cond_2,veh_type_cond_1,veh_type_cond_2,lum_code,agg_code,int_code,atm_code,col_code
202300010363,2023-07-09 07:00:00,2023,7,9,7,0,75,75116,PLACE CHARLES DE GAULLE,48.87401,2.294192,Crépuscule ou aube,En agglomération,Place,Normale,Deux véhicules - frontale,4,-1,6,0,1,1,1,0,1,50,2,2,1,0,0,1,38.0,22.0,voiture,deux_roues,2,2,7,1,1
202300010363,2023-07-09 07:00:00,2023,7,9,7,0,75,75116,PLACE CHARLES DE GAULLE,48.87401,2.294192,Crépuscule ou aube,En agglomération,Place,Normale,Deux véhicules - frontale,4,1,5,0,1,2,1,0,1,50,2,2,1,0,0,1,38.0,22.0,voiture,deux_roues,2,2,7,1,1
202300010364,2023-08-11 09:30:00,2023,8,11,9,30,62,62589,D341,50.36071648,2.66888022,Plein jour,Hors agglomération,Hors intersection,Normale,Deux véhicules - arrière,3,2,2,0,2,1,1,0,1,70,2,2,1,0,1,0,76.0,48.0,voiture,deux_roues,1,1,1,1,2
202300010365,2023-06-03 14:00:00,2023,6,3,14,0,38,38065,D73,45.457286,5.451118,Plein jour,Hors agglomération,Intersection en Y,Normale,Trois véhicules et plus - collisions multiples,3,2,2,0,1,1,1,0,1,90,3,5,0,0,0,5,35.0,58.0,voiture,voiture,1,1,4,1,5
202300010365,2023-06-03 14:00:00,2023,6,3,14,0,38,38065,D73,45.457286,5.451118,Plein jour,Hors agglomération,Intersection en Y,Normale,Trois véhicules et plus - collisions multiples,3,2,2,0,1,3,1,0,1,50,3,5,0,0,0,5,35.0,58.0,voiture,voiture,1,1,4,1,5
202300010366,2023-03-19 19:30:00,2023,3,19,19,30,55,55236,,49.11646633,5.41642928,Nuit sans éclairage public,Hors agglomération,Hors intersection,Pluie légère,Sans collision,3,2,2,0,1,1,2,0,3,90,1,4,0,1,3,0,37.0,,voiture,,3,1,1,2,7
202300010367,2023-11-22 22:40:00,2023,11,22,22,40,92,92002,N385,48.76010678,2.28064495,Nuit sans éclairage public,Hors agglomération,Hors intersection,Normale,Deux véhicules - côté,2,3,4,0,1,1,1,0,1,90,2,2,1,0,0,1,36.0,46.0,voiture,voiture,3,1,1,1,3
202300010368,2023-12-28 05:35:00,2023,12,28,5,35,84,84031,Chemin de Carpentras à Malemort,44.04194,5.0976,Nuit sans éclairage public,Hors agglomération,Intersection en T,Normale,Sans collision,4,2,2,0,1,1,1,0,1,50,1,2,1,0,1,0,19.0,,voiture,,3,1,3,1,7
202300010368,2023-12-28 05:35:00,2023,12,28,5,35,84,84031,Chemin de Carpentras à Malemort,44.04194,5.0976,Nuit sans éclairage public,Hors agglomération,Intersection en T,Normale,Sans collision,4,2,2,0,1,1,1,0,1,50,1,2,1,0,1,0,19.0,,voiture,,3,1,3,1,7
202300010369,2023-07-08 16:00:00,2023,7,8,16,0,75,75108,RUE FRANCOIS 1ER,48.866853,2.306434,Plein jour,En agglomération,Intersection en X,Normale,Autre collision,4,2, -1,0,1,1,1,0,4,-1,1,2,1,0,0,1,55.0,,deux_roues,,1,2,2,1,6
202300010369,2023-07-08 16:00:00,2023,7,8,16,0,75,75108,RUE FRANCOIS 1ER,48.866853,2.306434,Plein jour,En agglomération,Intersection en X,Normale,Autre collision,4,2,2,0,1,1,1,0,4,30,1,2,1,0,0,1,55.0,,deux_roues,,1,2,2,1,6
202300010370,2023-06-04 11:20:00,2023,6,4,11,20,02,02226,D1,49.342279,3.3233,Plein jour,Hors agglomération,Hors intersection,Normale,Autre collision,3,3,4,0,1,3,1,0,8,110,1,1,0,0,1,0,65.0,,voiture,,1,1,1,1,6
202300010371,2023-08-21 09:15:00,2023,8,21,9,15,59,59336,Grand Rue,50.278151,3.038605,Plein jour,En agglomération,Intersection en T,Normale,Deux véhicules - frontale,3,2,2,0,2,1,1,0,1,50,2,2,1,0,0,1,69.0,34.0,voiture,deux_roues,1,2,3,1,1
202300010371,2023-08-21 09:15:00,2023,8,21,9,15,59,59336,Grand Rue,50.278151,3.038605,Plein jour,En agglomération,Intersection en T,Normale,Deux véhicules - frontale,3,2, -1,-1,1,1,1,0,1,-1,2,2,1,0,0,1,69.0,34.0,voiture,deux_roues,1,2,3,1,1
202300010372,2023-11-22 20:10:00,2023,11,22,20,10,94,94076,A6B,48.7908173,2.34457243,Nuit sans éclairage public,Hors agglomération,Hors intersection,Normale,Deux véhicules - côté,1,-1,3,0,2,1,1,0,1,90,2,2,1,0,0,1,35.0,73.0,utilitaire_camion,voiture,3,1,1,1,3
202300010373,2023-03-16 08:20:00,2023,3,16,8,20,52,52448,PONT VICTOR HUGO,48.63884,4.95949,Crépuscule ou aube,En agglomération,Hors intersection,Normale,Autre collision,4,2,2,0,2,1,1,0,8,50,2,2,1,0,0,1,30.0,14.0,voiture,deux_roues,2,2,1,1,6
202300010374,2023-12-27 06:10:00,2023,12,27,6,10,84,84007,C.De GAULLE (Rocade),43.93612,4.7818,Nuit avec éclairage allumé,En agglomération,Intersection en T,Normale,Deux véhicules - arrière,3,3,4,0,1,1,1,5,1,50,2,2,1,0,0,1,46.0,40.0,utilitaire_camion,voiture,5,2,3,1,2
202300010374,2023-12-27 06:10:00,2023,12,27,6,10,84,84007,C.De GAULLE (Rocade),43.93612,4.7818,Nuit avec éclairage allumé,En agglomération,Intersection en T,Normale,Deux véhicules - arrière,3,2,2,0,1,1,1,5,1,50,2,2,1,0,0,1,46.0,40.0,utilitaire_camion,voiture,5,2,3,1,2
202300010375,2023-08-16 10:55:00,2023,8,16,10,55,59,59523,Rue des Sapins,50.585828,3.13438,Plein jour,En agglomération,Giratoire,Normale,Autre collision,4,3,2,0,1,1,1,0,8,-1,1,1,0,0,1,0,42.0,,deux_roues,,1,2,6,1,6
202300010376,2023-07-09 19:30:00,2023,7,9,19,30,94,94081,Quai Jules Guesde,48.78885,2.42114,Plein jour,En agglomération,Hors intersection,Normale,Deux véhicules - frontale,3,2,2,0,1,3,1,0,1,50,2,5,4,0,0,1,65.0,33.0,voiture,utilitaire_camion,1,2,1,1,1
202300010377,2023-11-22 18:27:00,2023,11,22,18,27,94,94038,A6A,48.77342126,2.34590575,Nuit sans éclairage public,Hors agglomération,Hors intersection,Normale,Deux véhicules - arrière,1,3,3,0,1,1,1,0,1,90,2,2,1,0,0,1,45.0,25.0,deux_roues,voiture,3,1,1,1,2
202300010378,2023-06-03 19:45:00,2023,6,3,19,45,03,03257,34 Route du Breuil,46.226692,3.645294,Plein jour,Hors agglomération,Hors intersection,Normale,Deux véhicules - côté,3,2,2,0,1,1,1,0,1,90,2,3,1,0,0,2,23.0,61.0,voiture,voiture,1,1,1,1,3
202300010379,2023-12-28 14:45:00,2023,12,28,14,45,83,83062,SALENGRO (AVENUE ROGER),43.12798844,6.0136081,Plein jour,En agglomération,Giratoire,Normale,Deux véhicules - arrière,4,2,2,0,1,3,1,5,8,50,2,2,1,0,1,0,49.0,28.0,transport_commun,deux_roues,1,2,6,1,2
202300010379,2023-12-28 14:45:00,2023,12,28,14,45,83,83062,SALENGRO (AVENUE ROGER),43.12798844,6.0136081,Plein jour,En agglomération,Giratoire,Normale,Deux véhicules - arrière,4,2,2,0,1,1,1,9,1,50,2,2,1,0,1,0,49.0,28.0,transport_commun,deux_roues,1,2,6,1,2
202300010380,2023-08-19 22:00:00,2023,8,19,22,0,13,13071,A55-Sens Martigues vers Marseille,43.38953,5.30359,Nuit sans éclairage public,Hors agglomération,Hors intersection,Normale,Deux véhicules - arrière,1,1,3,0,1,1,1,0,1,110,2,4,0,0,0,4,61.0,34.0,voiture,voiture,3,1,1,1,2
202300010381,2023-03-20 19:15:00,2023,3,20,19,15,51,51230,Rue Maurice Cerveaux,49.04053588,3.95682961,Plein jour,En agglomération,Intersection en X,Normale,Deux véhicules - côté,4,1,2,0,2,1,1,5,1,50,2,2,1,0,1,0,37.0,24.0,deux_roues,voiture,1,2,2,1,3
202300010381,2023-03-20 19:15:00,2023,3,20,19,15,51,51230,Rue Maurice Cerveaux,49.04053588,3.95682961,Plein jour,En agglomération,Intersection en X,Normale,Deux véhicules - côté,4,1,2,0,1,1,1,5,1,50,2,2,1,0,1,0,37.0,24.0,deux_roues,voiture,1,2,2,1,3
202300010382,2023-07-09 22:05:00,2023,7,9,22,5,94,94078,Rue du Chemin de Fer,48.72308169,2.44462189,Nuit avec éclairage allumé,En agglomération,Intersection en T,Normale,Deux véhicules - côté,4,1,1,0,1,1,1,0,1,50,2,2,1,0,1,0,24.0,9.0,voiture,deux_roues,5,2,3,1,3
202300010383,2023-11-23 17:54:00,2023,11,23,17,54,92,92064,A13,48.83784916,2.18980923,Nuit sans éclairage public,Hors agglomération,Hors intersection,Normale,Deux véhicules - arrière,1,1,3,0,1,1,1,0,1,110,2,2,1,0,0,1,38.0,50.0,voiture,utilitaire_camion,3,1,1,1,2
202300010384,2023-03-19 12:35:00,2023,3,19,12,35,50,50129,HOULET (CHEMIN),49.634,-1.558,Plein jour,Hors agglomération,Hors intersection,Normale,Sans collision,9,2,1,0,1,1,9,0,1,50,1,1,0,0,1,0,28.0,,deux_roues,,1,1,1,1,7
202300010385,2023-08-17 01:20:00,2023,8,17,1,20,13,13117,A7-Sens Marseille vers Lyon,43.47175,5.23461,Nuit sans éclairage public,Hors agglomération,Hors intersection,Normale,Deux véhicules - arrière,1,1,2,0,1,3,1,0,1,110,2,2,1,0,0,1,60.0,19.0,utilitaire_camion,voiture,3,1,1,1,2
202300010386,2023-11-28 19:00:00,2023,11,28,19,0,78,78640,MARCEL DASSAULT (RUE),48.78604,2.21031,Nuit avec éclairage allumé,En agglomération,Hors intersection,Normale,Deux véhicules - côté,4,4,5,1,1,1,1,0,6,50,2,2,1,0,1,0,58.0,20.0,deux_roues,utilitaire_camion,5,2,1,1,3
202300010387,2023-06-02 09:45:00,2023,6,2,9,45,03,03275,D945,46.537964,3.209714,Plein jour,Hors agglomération,Hors intersection,Normale,Deux véhicules - arrière,3,2,2,0,1,1,1,0,1,90,2,3,1,0,1,1,26.0,41.0,utilitaire_camion,voiture,1,1,1,1,2
202300010388,2023-11-23 13:15:00,2023,11,23,13,15,92,92036,A86,48.935952,2.28705609,Plein jour,Hors agglomération,Hors intersection,Normale,Deux véhicules - arrière,1,2,4,0,1,1,1,0,2,90,2,2,1,0,0,1,65.0,65.0,utilitaire_camion,voiture,1,1,1,1,2
202300010389,2023-07-09 16:15:00,2023,7,9,16,15,94,94041,Rue Jean le Galleu,48.81058,2.38,Plein jour,En agglomération,Autre intersection,Normale,Deux véhicules - frontale,3,2,2,0,1,1,1,0,1,50,2,3,2,0,0,1,21.0,23.0,voiture,utilitaire_camion,1,2,9,1,1
202300010389,2023-07-09 16:15:00,2023,7,9,16,15,94,94041,Rue Jean le Galleu,48.81058,2.38,Plein jour,En agglomération,Autre intersection,Normale,Deux véhicules - frontale,3,2,2,0,1,1,1,0,1,50,2,3,2,0,0,1,21.0,23.0,voiture,utilitaire_camion,1,2,9,1,1
202300010390,2023-12-27 19:00:00,2023,12,27,19,0,77,77288,ALMONT (BOULEVARD DE L'),48.54438,2.67797,Nuit avec éclairage allumé,En agglomération,Hors intersection,Normale,Deux véhicules - côté,4,2,2,0,1,1,1,0,1,50,2,3,2,0,0,1,,19.0,deux_roues,voiture,5,2,1,1,3
202300010391,2023-08-16 05:59:00,2023,8,16,5,59,13,13005,A50-Sens Marseille vers Aubagne,43.28550061,5.52777093,Crépuscule ou aube,Hors agglomération,Hors intersection,Normale,Deux véhicules - arrière,1,1,3,0,1,1,1,0,1,90,2,5,1,0,0,4,56.0,,voiture,voiture,2,1,1,1,2
202300010392,2023-03-20 12:00:00,2023,3,20,12,0,37,37122,RD 86 DE MONTS à TOURS,47.3345,0.66476,Plein jour,En agglomération,Hors intersection,Normale,Trois véhicules et plus - en chaîne,4,2,2,0,1,1,1,0,1,50,3,4,2,0,0,2,54.0,27.0,voiture,utilitaire_camion,1,2,1,1,4
202300010393,2023-07-09 17:20:00,2023,7,9,17,20,93,93070,Rue Albert Dhalenne,48.91403882,2.33292403,Plein jour,En agglomération,Hors intersection,Normale,Deux véhicules - côté,3,3,2,3,1,1,1,0,1,50,2,2,1,0,0,1,28.0,48.0,voiture,deux_roues,1,2,1,1,3
202300010394,2023-11-23 07:20:00,2023,11,23,7,20,78,78646,RN12,48.791272,2.072068,Nuit sans éclairage public,Hors agglomération,Hors intersection,Pluie légère,Trois véhicules et plus - en chaîne,2,1,3,0,1,1,2,0,1,110,3,3,0,0,0,3,32.0,55.0,voiture,voiture,3,1,1,2,4
202300010395,2023-03-20 07:20:00,2023,3,20,7,20,37,37122,PAPIN (RUE DENIS),47.35639,0.65446,Plein jour,En agglomération,Hors intersection,Normale,Autre collision,4,2,2,0,1,1,1,0,4,50,1,1,0,0,0,1,53.0,,voiture,,1,2,1,1,6
202300010396,2023-07-09 17:00:00,2023,7,9,17,0,93,93066,Avenue du Colonel Fabien,48.94522484,2.35195234,Plein jour,En agglomération,Hors intersection,Normale,Autre collision,3,3,2,3,1,1,1,0,1,50,1,1,0,0,0,1,49.0,,voiture,,1,2,1,1,6
202300010397,2023-12-29 21:30:00,2023,12,29,21,30,77,77335,RN3 (ROUTE NATIONALE),48.95894229,2.83335686,Nuit sans éclairage public,Hors agglomération,Hors intersection,Pluie légère,Sans collision,2,1,1,0,1,1,2,0,1,90,2,2,1,0,1,0,23.0,49.0,voiture,deux_roues,3,1,1,2,7
202300010398,2023-08-12 13:47:00,2023,8,12,13,47,13,13212,A507 sens Marseille - Aubagne,43.29657,5.42481,Plein jour,Hors agglomération,Hors intersection,Normale,Trois véhicules et plus - en chaîne,1,1,3,0,1,1,1,1,1,70,4,4,3,0,0,1,25.0,58.0,voiture,voiture,1,1,1,1,4
202300010399,2023-06-03 18:00:00,2023,6,3,18,0,01,01454,D1504,45.709772,5.719591,Plein jour,Hors agglomération,Intersection en T,Temps couvert,Trois véhicules et plus - collisions multiples,3,2,2,0,1,3,2,0,1,70,3,8,7,0,1,0,35.0,37.0,voiture,deux_roues,1,1,3,8,5
202300010399,2023-06-03 18:00:00,2023,6,3,18,0,01,01454,D1504,45.709772,5.719591,Plein jour,Hors agglomération,Intersection en T,Temps couvert,Trois véhicules et plus - collisions multiples,3,2,2,0,2,1,1,0,8,80,3,8,7,0,1,0,35.0,37.0,voiture,deux_roues,1,1,3,8,5
202300010400,2023-11-23 07:20:00,2023,11,23,7,20,78,78090,A13,48.970419,1.894521,Crépuscule ou aube,Hors agglomération,Hors intersection,Pluie légère,Trois véhicules et plus - en chaîne,1,1,3,0,1,1,2,0,1,110,3,4,3,0,0,1,55.0,47.0,utilitaire_camion,utilitaire_camion,2,1,1,2,4
202300010401,2023-03-19 16:05:00,2023,3,19,16,5,37,37261,RN 76 - Route de St Avertin,47.3646,0.70775,Plein jour,En agglomération,Hors intersection,Pluie légère,Trois véhicules et plus - collisions multiples,4,2,4,0,1,1,2,0,1,50,3,3,2,0,0,1,68.0,57.0,voiture,voiture,1,2,1,2,5
202300010402,2023-07-09 19:00:00,2023,7,9,19,0,93,93031,Avenue de la République / Rue Gounod,48.94793248,2.33856417,Plein jour,En agglomération,Intersection en T,Normale,Deux véhicules - côté,3,2,2,0,1,1,1,0,1,50,2,3,1,0,0,2,39.0,29.0,deux_roues,voiture,1,2,3,1,3
202300010402,2023-07-09 19:00:00,2023,7,9,19,0,93,93031,Avenue de la République / Rue Gounod,48.94793248,2.33856417,Plein jour,En agglomération,Intersection en T,Normale,Deux véhicules - côté,3,3,4,0,1,1,1,4,6,50,2,3,1,0,0,2,39.0,29.0,deux_roues,voiture,1,2,3,1,3
202300010403,2023-08-19 13:40:00,2023,8,19,13,40,33,33075,ROCADE A 630,44.88827683,-0.58809847,Plein jour,Hors agglomération,Hors intersection,Normale,Deux véhicules - côté,1,3,7,0,1,1,1,3,1,90,2,2,1,0,0,1,43.0,50.0,voiture,deux_roues,1,1,1,1,3
202300010404,2023-12-28 22:35:00,2023,12,28,22,35,72,72181,CHANZY (RUE)  N° IMP 1 A 71 BIS,48.00389,0.20262,Nuit avec éclairage allumé,En agglomération,Giratoire,Normale,Deux véhicules - côté,4,-1,2,1,2,3,1,0,1,50,2,2,1,0,0,1,29.0,22.0,voiture,deux_roues,5,2,6,1,3
202300010404,2023-12-28 22:35:00,2023,12,28,22,35,72,72181,CHANZY (RUE)  N° IMP 1 A 71 BIS,48.00389,0.20262,Nuit avec éclairage allumé,En agglomération,Giratoire,Normale,Deux véhicules - côté,4,-1,2,0,1,3,1,0,1,50,2,2,1,0,0,1,29.0,22.0,voiture,deux_roues,5,2,6,1,3
202300010405,2023-03-20 20:50:00,2023,3,20,20,50,36,36063,,46.81656465,1.740008,Nuit sans éclairage public,Hors agglomération,Hors intersection,Normale,Deux véhicules - arrière,3,3,4,0,1,1,1,0,1,90,2,3,1,0,0,2,42.0,18.0,voiture,voiture,3,1,1,1,2
202300010406,2023-07-09 02:14:00,2023,7,9,2,14,92,92023,GENERAL DE GAULLE (AVENUE DU),48.7933,2.27083,Nuit avec éclairage allumé,En agglomération,Hors intersection,Normale,Deux véhicules - frontale,3,2,2,0,1,1,1,0,1,50,2,5,1,0,0,4,80.0,,voiture,voiture,5,2,1,1,1
202300010407,2023-11-23 14:50:00,2023,11,23,14,50,93,93027,AUTOROUTE A1,48.93559831,2.40348051,Plein jour,Hors agglomération,Hors intersection,Normale,Trois véhicules et plus - collisions multiples,1,3,6,0,1,1,1,0,1,90,3,6,3,0,0,3,45.0,33.0,voiture,voiture,1,1,1,1,5
202300010408,2023-06-02 17:50:00,2023,6,2,17,50,01,01115,Route du Logis Neuf,46.255671,5.061428,Plein jour,En agglomération,Intersection en T,Normale,Deux véhicules - côté,3,2,2,1,1,1,1,0,1,50,2,4,3,0,1,0,75.0,31.0,voiture,deux_roues,1,2,3,1,3
202300010408,2023-06-02 17:50:00,2023,6,2,17,50,01,01115,Route du Logis Neuf,46.255671,5.061428,Plein jour,En agglomération,Intersection en T,Normale,Deux véhicules - côté,3,2,2,0,1,1,1,0,1,50,2,4,3,0,1,0,75.0,31.0,voiture,deux_roues,1,2,3,1,3
202300010409,2023-08-16 14:45:00,2023,8,16,14,45,33,33013,ROUTE NATIONALE 89,44.86874,-0.50193,Plein jour,Hors agglomération,Hors intersection,Normale,Trois véhicules et plus - en chaîne,2,3,5,0,2,1,1,3,1,50,4,7,6,0,0,1,51.0,22.0,voiture,voiture,1,1,1,1,4
202300010410,2023-03-20 08:40:00,2023,3,20,8,40,33,33063,Rue de Caudéran,44.84555845,-0.59453738,Plein jour,En agglomération,Intersection en Y,Normale,Autre collision,4,2,2,0,1,1,1,9,1,30,1,2,1,0,1,0,86.0,,voiture,,1,2,4,1,6
202300010410,2023-03-20 08:40:00,2023,3,20,8,40,33,33063,Rue de Caudéran,44.84555845,-0.59453738,Plein jour,En agglomération,Intersection en Y,Normale,Autre collision,4,1,2,0,1,1,1,0,1,30,1,2,1,0,1,0,86.0,,voiture,,1,2,4,1,6
202300010411,2023-11-23 07:00:00,2023,11,23,7,0,93,93063,AUTOROUTE A3,48.87661,2.44332,Nuit sans éclairage public,Hors agglomération,Hors intersection,Normale,Deux véhicules - côté,1,3,3,1,1,1,1,0,1,90,2,2,1,0,0,1,24.0,21.0,voiture,utilitaire_camion,3,1,1,1,3
202300010412,2023-07-09 05:40:00,2023,7,9,5,40,35,35002,Lieu Dit le Gripail,48.005874,-1.512921,Crépuscule ou aube,Hors agglomération,Hors intersection,Normale,Deux véhicules - frontale,3,2,2,0,1,3,1,0,1,80,2,5,4,0,1,0,20.0,23.0,voiture,voiture,2,1,1,1,1
202300010413,2023-06-03 23:45:00,2023,6,3,23,45,70,70256,La Grande Croix,47.761022,6.637105,Nuit sans éclairage public,Hors agglomération,Hors intersection,Normale,Deux véhicules - frontale,3,2,2,0,3,2,1,0,1,80,2,3,1,0,0,2,22.0,28.0,voiture,voiture,3,1,1,1,1
202300010414,2023-08-13 06:56:00,2023,8,13,6,56,59,59350,ROUTE NATIONALE 356,50.64121298,3.09214746,Crépuscule ou aube,Hors agglomération,Hors intersection,Normale,Deux véhicules - arrière,2,1,2,0,1,1,1,0,1,70,2,2,1,0,0,1,22.0,21.0,voiture,voiture,2,1,1,1,2
202300010415,2023-12-29 01:15:00,2023,12,29,1,15,69,69290,Rue de l'Egalité,45.68965,4.94677,Nuit avec éclairage allumé,En agglomération,Intersection en T,Temps couvert,Deux véhicules - côté,4,3,0,0,1,1,1,0,1,50,2,3,1,0,0,2,36.0,22.0,voiture,voiture,5,2,3,8,3
202300010415,2023-12-29 01:15:00,2023,12,29,1,15,69,69290,Rue de l'Egalité,45.68965,4.94677,Nuit avec éclairage allumé,En agglomération,Intersection en T,Temps couvert,Deux véhicules - côté,4,3,0,0,1,1,1,0,1,50,2,3,1,0,0,2,36.0,22.0,voiture,voiture,5,2,3,8,3
202300010416,2023-07-09 13:40:00,2023,7,9,13,40,974,97415,RN1,-20.978791,55.295509,Plein jour,Hors agglomération,Hors intersection,Normale,Autre collision,2,3,3,0,1,1,1,0,1,110,1,2,1,0,1,0,29.0,,voiture,,1,1,1,1,6
202300010417,2023-03-20 11:00:00,2023,3,20,11,0,31,31555,CHE DE FENOUILLET,43.64156984,1.41694129,Plein jour,En agglomération,Hors intersection,Normale,Deux véhicules - arrière,4,2,2,0,1,1,1,0,1,50,2,2,1,0,1,0,40.0,32.0,deux_roues,utilitaire_camion,1,2,1,1,2
202300010418,2023-11-22 09:10:00,2023,11,22,9,10,95,95607,A115,49.01246621,2.22204119,Plein jour,Hors agglomération,Hors intersection,Normale,Deux véhicules - arrière,1,3,4,0,1,1,1,0,1,110,2,2,1,0,0,1,23.0,33.0,utilitaire_camion,voiture,1,1,1,1,2
202300010419,2023-08-12 23:10:00,2023,8,12,23,10,59,59360,AUTOROUTE A25,50.61936479,3.00541766,Nuit sans éclairage public,Hors agglomération,Hors intersection,Normale,Deux véhicules - arrière,1,1,3,0,1,1,1,0,1,90,2,2,1,0,1,0,20.0,48.0,voiture,voiture,3,1,1,1,2
202300010420,2023-12-28 17:45:00,2023,12,28,17,45,68,68066,Rue d'Altkirch,48.070331,7.341011,Nuit avec éclairage allumé,En agglomération,Giratoire,Normale,Autre collision,4,4,2,0,2,4,1,9,1,50,1,2,1,0,1,0,74.0,,voiture,,5,2,6,1,6
202300010420,2023-12-28 17:45:00,2023,12,28,17,45,68,68066,Rue d'Altkirch,48.070331,7.341011,Nuit avec éclairage allumé,En agglomération,Giratoire,Normale,Autre collision,4,4,2,0,2,4,1,9,1,50,1,2,1,0,1,0,74.0,,voiture,,5,2,6,1,6
202300010421,2023-06-04 09:10:00,2023,6,4,9,10,66,66045,rd 619 catllar,42.63478,2.417491,Plein jour,Hors agglomération,Intersection en T,Normale,Deux véhicules - côté,3,2,2,0,2,1,1,0,6,30,2,2,1,0,0,1,40.0,36.0,voiture,deux_roues,1,1,3,1,3
202300010421,2023-06-04 09:10:00,2023,6,4,9,10,66,66045,rd 619 catllar,42.63478,2.417491,Plein jour,Hors agglomération,Intersection en T,Normale,Deux véhicules - côté,3,2,2,-1,4,1,1,0,8,-1,2,2,1,0,0,1,40.0,36.0,voiture,deux_roues,1,1,3,1,3
202300010422,2023-06-26 16:40:00,2023,6,26,16,40,43,43108,Route de ,45.30046096,3.7618534,Plein jour,Hors agglomération,Hors intersection,Normale,Deux véhicules - frontale,3,2,2,0,2,2,1,0,1,90,2,4,0,0,0,4,19.0,39.0,voiture,voiture,1,1,1,1,1
202300010423,2023-03-20 08:15:00,2023,3,20,8,15,30,30007,Quai Boissier de Sauvages,44.12687,4.07354,Plein jour,En agglomération,Giratoire,Normale,Deux véhicules - côté,4,1,2,0,1,2,1,0,1,50,2,2,1,0,0,1,31.0,76.0,deux_roues,voiture,1,2,6,1,3
202300010423,2023-03-20 08:15:00,2023,3,20,8,15,30,30007,Quai Boissier de Sauvages,44.12687,4.07354,Plein jour,En agglomération,Giratoire,Normale,Deux véhicules - côté,4,2,2,0,1,3,1,0,1,50,2,2,1,0,0,1,31.0,76.0,deux_roues,voiture,1,2,6,1,3
202300010424,2023-08-20 04:30:00,2023,8,20,4,30,91,91689,A6,48.74373,2.32256,Nuit sans éclairage public,Hors agglomération,Hors intersection,Normale,Deux véhicules - arrière,1,1,3,0,2,1,1,0,1,110,2,2,1,0,0,1,,51.0,voiture,voiture,3,1,1,1,2
202300010425,2023-11-22 06:18:00,2023,11,22,6,18,95,95424,A15,48.99026895,2.19614983,Nuit sans éclairage public,Hors agglomération,Hors intersection,Normale,Trois véhicules et plus - en chaîne,1,3,8,0,1,1,1,0,1,110,3,4,2,0,0,2,23.0,28.0,voiture,utilitaire_camion,3,1,1,1,4
202300010426,2023-07-09 10:30:00,2023,7,9,10,30,68,68250,Orschwihr,47.934731,7.233918,Plein jour,Hors agglomération,Hors intersection,Normale,Sans collision,4,2,2,0,2,2,1,0,3,-1,1,1,0,0,1,0,63.0,,utilitaire_camion,,1,1,1,1,7
202300010427,2023-06-05 06:45:00,2023,6,5,6,45,54,54193,D3,48.90041334,5.96082153,Plein jour,Hors agglomération,Hors intersection,Normale,Autre collision,3,2,2,0,1,1,1,0,3,80,1,1,0,0,1,0,24.0,,voiture,,1,1,1,1,6
202300010428,2023-12-29 19:25:00,2023,12,29,19,25,62,62525,D928,50.73265,2.2515,Nuit sans éclairage public,Hors agglomération,Hors intersection,Pluie légère,Deux véhicules - côté,3,2,2,0,1,1,2,0,1,80,2,3,0,0,3,0,21.0,23.0,voiture,voiture,3,1,1,2,3
202300010429,2023-07-10 08:00:00,2023,7,10,8,0,974,97412,Naationale 1002,-21.372833,55.620786,Plein jour,Hors agglomération,Giratoire,Normale,Autre collision,2,3,4,0,4,3,1,6,1,70,1,2,1,0,0,1,66.0,,voiture,,1,1,6,1,6
202300010430,2023-03-19 17:55:00,2023,3,19,17,55,28,28404,DUC DE GUISE (RUE DU),48.71754,1.38733,Plein jour,En agglomération,Autre intersection,Normale,Deux véhicules - côté,4,2,2,0,1,1,1,0,1,50,2,3,1,0,1,1,25.0,26.0,autre,voiture,1,2,9,1,3
202300010431,2023-08-19 18:20:00,2023,8,19,18,20,91,91086,RN 104,48.62363,2.38918,Plein jour,Hors agglomération,Hors intersection,Normale,Trois véhicules et plus - en chaîne,2,-1,2,0,1,1,1,0,1,110,3,3,2,0,0,1,67.0,41.0,voiture,voiture,1,1,1,1,4
202300010432,2023-11-23 17:45:00,2023,11,23,17,45,77,77121,A4,48.83231629,2.66676002,Nuit sans éclairage public,Hors agglomération,Hors intersection,Normale,Deux véhicules - côté,1,3,3,0,1,1,1,0,1,110,2,2,1,0,0,1,33.0,,deux_roues,voiture,3,1,1,1,3
202300010433,2023-12-30 00:15:00,2023,12,30,0,15,62,62032,D51,50.40637,2.76656,Nuit avec éclairage non allumé,En agglomération,Autre intersection,Normale,Autre collision,3,2,1,0,1,1,2,0,1,50,1,3,2,0,0,1,19.0,,voiture,,4,2,9,1,6
202300010434,2023-08-19 12:50:00,2023,8,19,12,50,91,91136,AUTOROUTE A10,48.711879,2.284928,Plein jour,Hors agglomération,Hors intersection,Pluie légère,Sans collision,1,1,2,0,1,3,2,0,1,70,1,1,0,0,0,1,60.0,,voiture,,1,1,1,2,7