accident_id,datetime,annee,mois,jour,heure,minute,departement,commune_insee,adresse,latitude,longitude,luminosite,agglomeration,intersection,meteo,collision,catr,circ,nbv,vosp,prof,plan,surf,infra,situ,vma,nb_vehicules,nb_usagers,nb_indemnes,nb_tues,nb_blesses_hosp,nb_blesses_legers,age_cond_1,age_cond_2,veh_type_cond_1,veh_type_cond_2,lum_code,agg_code,int_code,atm_code,col_code
202300010510,2023-12-30 00:38:00,2023,12,30,0,38,35,35238,LIBERTE (BD DE LA),48.10743,-1.67452,Nuit avec éclairage allumé,En agglomération,Intersection en T,Normale,Deux véhicules - côté,4,2,2,2,1,1,1,0,1,30,2,2,1,0,1,0,18.0,23.0,voiture,deux_roues,5,2,3,1,3
202300010510,2023-12-30 00:38:00,2023,12,30,0,38,35,35238,LIBERTE (BD DE LA),48.10743,-1.67452,Nuit avec éclairage allumé,En agglomération,Intersection en T,Normale,Deux véhicules - côté,4,3,4,3,1,1,1,0,1,30,2,2,1,0,1,0,18.0,23.0,voiture,deux_roues,5,2,3,1,3
202300010511,2023-08-18 20:30:00,2023,8,18,20,30,93,93066,AUTOROUTE A1,48.92963775,2.36322463,Plein jour,Hors agglomération,Hors intersection,Normale,Deux véhicules - arrière,1,1,2,0,2,1,1,0,1,50,2,2,1,0,0,1,35.0,,voiture,voiture,1,1,1,1,2
202300010512,2023-03-20 08:55:00,2023,3,20,8,55,75,75119,AVENUE JEAN JAURES,48.88655992,2.38461524,Plein jour,En agglomération,Intersection en T,Normale,Deux véhicules - arrière,4,2,4,3,1,1,1,0,1,30,2,2,1,0,0,1,39.0,32.0,deux_roues,deux_roues,1,2,3,1,2
202300010512,2023-03-20 08:55:00,2023,3,20,8,55,75,75119,AVENUE JEAN JAURES,48.88655992,2.38461524,Plein jour,En agglomération,Intersection en T,Normale,Deux véhicules - arrière,4,1, -1,-1,1,1,1,0,1,-1,2,2,1,0,0,1,39.0,32.0,deux_roues,deux_roues,1,2,3,1,2
202300010513,2023-11-21 09:30:00,2023,11,21,9,30,84,84007,AMANDIER (Avenue de l'),43.9378,4.84944,Plein jour,En agglomération,Intersection en X,Normale,Autre collision,4,2,2,0,1,1,1,0,1,50,1,2,1,0,0,1,69.0,,voiture,,1,2,2,1,6
202300010513,2023-11-21 09:30:00,2023,11,21,9,30,84,84007,AMANDIER (Avenue de l'),43.9378,4.84944,Plein jour,En agglomération,Intersection en X,Normale,Autre collision,4,2,2,0,1,1,1,0,1,50,1,2,1,0,0,1,69.0,,voiture,,1,2,2,1,6
202300010514,2023-06-04 18:45:00,2023,6,4,18,45,40,40217,3598 Route de Luë,44.321768,-1.037846,Plein jour,Hors agglomération,Hors intersection,Normale,Autre collision,3,-1,2,0,1,3,1,0,8,80,1,1,0,1,0,0,40.0,,deux_roues,,1,1,1,1,6
202300010515,2023-08-18 19:35:00,2023,8,18,19,35,92,92036,AUTOROUTE A86,48.93594318,2.31910014,Plein jour,Hors agglomération,Hors intersection,Normale,Deux véhicules - arrière,1,3,3,0,4,3,1,0,1,90,2,2,1,0,0,1,41.0,42.0,voiture,deux_roues,1,1,1,1,2
202300010516,2023-12-29 06:20:00,2023,12,29,6,20,35,35238,VERDUN (BD DE),48.1187,-1.6889,Nuit avec éclairage allumé,En agglomération,Intersection en T,Pluie légère,Autre collision,4,2,3,0,3,1,2,0,4,50,1,1,0,0,0,1,22.0,,voiture,,5,2,3,2,6
202300010516,2023-12-29 06:20:00,2023,12,29,6,20,35,35238,VERDUN (BD DE),48.1187,-1.6889,Nuit avec éclairage allumé,En agglomération,Intersection en T,Pluie légère,Autre collision,4,1,2,0,3,1,2,0,4,50,1,1,0,0,0,1,22.0,,voiture,,5,2,3,2,6
202300010517,2023-07-10 08:20:00,2023,7,10,8,20,82,82126,Route du Causse,44.169727,1.584762,Plein jour,Hors agglomération,Autre intersection,Temps éblouissant,Trois véhicules et plus - collisions multiples,3,2,2,0,2,1,1,0,1,50,3,6,4,0,1,1,51.0,77.0,voiture,voiture,1,1,9,7,5
202300010518,2023-11-21 16:00:00,2023,11,21,16,0,84,84007,MORIERES (Route de ),43.95246,4.84239,Plein jour,En agglomération,Hors intersection,Normale,Deux véhicules - frontale,3,2,2,0,1,1,1,0,1,80,2,2,1,0,0,1,,51.0,voiture,deux_roues,1,2,1,1,1
202300010519,2023-08-18 19:00:00,2023,8,18,19,0,93,93027,AUTOROUTE A1,48.93726,2.41041,Plein jour,Hors agglomération,Hors intersection,Normale,Deux véhicules - arrière,1,3,3,0,1,1,1,0,1,90,2,2,1,0,0,1,23.0,44.0,deux_roues,voiture,1,1,1,1,2
202300010520,2023-06-02 07:50:00,2023,6,2,7,50,40,40284,Avenue de Terreblanque,43.661725,-1.287525,Crépuscule ou aube,En agglomération,Autre intersection,Normale,Deux véhicules - côté,4,2,1,0,1,1,1,0,1,50,2,2,1,0,1,0,70.0,65.0,voiture,deux_roues,2,2,9,1,3
202300010521,2023-03-19 20:30:00,2023,3,19,20,30,75,75117,AVENUE DE WAGRAM,48.88155431,2.30070502,Nuit avec éclairage allumé,En agglomération,Intersection en X,Normale,Deux véhicules - frontale,4,2,1,0,1,1,1,8,1,30,2,4,2,0,0,2,58.0,43.0,voiture,voiture,5,2,2,1,1
202300010521,2023-03-19 20:30:00,2023,3,19,20,30,75,75117,AVENUE DE WAGRAM,48.88155431,2.30070502,Nuit avec éclairage allumé,En agglomération,Intersection en X,Normale,Deux véhicules - frontale,4,2, -1,-1,1,1,1,0,1,-1,2,4,2,0,0,2,58.0,43.0,voiture,voiture,5,2,2,1,1
202300010522,2023-12-29 18:30:00,2023,12,29,18,30,34,34129,PEROLS D132 (AVENUE DE),43.56325,3.92155,Nuit sans éclairage public,Hors agglomération,Hors intersection,Normale,Deux véhicules - frontale,3,2,3,1,1,1,1,0,1,50,2,2,1,0,0,1,41.0,,deux_roues,voiture,3,1,1,1,1
202300010523,2023-11-22 19:00:00,2023,11,22,19,0,78,78481,CHARLES DE GAULLE (AVENUE),48.89022,2.10368,Nuit avec éclairage allumé,En agglomération,Hors intersection,Normale,Autre collision,3,1,1,0,1,1,1,0,1,30,1,2,1,0,0,1,40.0,,voiture,,5,2,1,1,6
202300010524,2023-07-08 20:45:00,2023,7,8,20,45,65,65045,Aucun,43.004569,-0.212667,Crépuscule ou aube,Hors agglomération,Hors intersection,Normale,Autre collision,3,2,2,0,2,1,1,0,1,80,1,1,0,0,1,0,62.0,,deux_roues,,2,1,1,1,6
202300010525,2023-08-18 16:45:00,2023,8,18,16,45,93,93007,AUTOROUTE A3,48.93389,2.48076,Plein jour,Hors agglomération,Hors intersection,Normale,Trois véhicules et plus - en chaîne,1,3,3,0,1,1,1,0,1,110,3,4,3,0,0,1,46.0,75.0,voiture,voiture,1,1,1,1,4
202300010526,2023-12-29 21:07:00,2023,12,29,21,7,33,33281,Avenue Marcel Dassault,44.84353,-0.6729,Nuit avec éclairage allumé,En agglomération,Intersection en X,Brouillard / fumée,Deux véhicules - côté,1,2,3,0,3,1,2,2,1,50,2,2,1,0,1,0,,47.0,voiture,voiture,5,2,2,5,3
202300010526,2023-12-29 21:07:00,2023,12,29,21,7,33,33281,Avenue Marcel Dassault,44.84353,-0.6729,Nuit avec éclairage allumé,En agglomération,Intersection en X,Brouillard / fumée,Deux véhicules - côté,1,1,3,0,3,1,2,3,1,50,2,2,1,0,1,0,,47.0,voiture,voiture,5,2,2,5,3
202300010527,2023-03-18 21:30:00,2023,3,18,21,30,75,75117,AVENUE DES TERNES,48.881216,2.288644,Nuit avec éclairage allumé,En agglomération,Hors intersection,Normale,Deux véhicules - arrière,4,2,4,0,1,1,1,0,1,30,2,2,1,0,0,1,27.0,29.0,voiture,deux_roues,5,2,1,1,2
202300010528,2023-06-03 14:50:00,2023,6,3,14,50,40,40233,Route de Dax,43.628613,-1.023515,Plein jour,Hors agglomération,Hors intersection,Normale,Deux véhicules - côté,3,2,2,0,3,2,1,0,1,80,2,5,3,0,0,2,36.0,65.0,voiture,voiture,1,1,1,1,3
202300010529,2023-07-09 12:15:00,2023,7,9,12,15,11,11302,route départementale 117,42.813403,2.32393,Plein jour,Hors agglomération,Hors intersection,Normale,Sans collision,3,2,2,0,1,1,1,0,1,80,1,1,0,0,1,0,59.0,,deux_roues,,1,1,1,1,7
202300010530,2023-11-22 10:46:00,2023,11,22,10,46,78,78642,MALRAUX BD ANDRE,48.982482,1.969681,Plein jour,En agglomération,Intersection en T,Normale,Deux véhicules - côté,3,2,2,0,1,1,1,8,1,50,2,3,1,1,0,1,57.0,71.0,utilitaire_camion,voiture,1,2,3,1,3
202300010530,2023-11-22 10:46:00,2023,11,22,10,46,78,78642,MALRAUX BD ANDRE,48.982482,1.969681,Plein jour,En agglomération,Intersection en T,Normale,Deux véhicules - côté,3,2, -1,-1,1,1,1,0,1,-1,2,3,1,1,0,1,57.0,71.0,utilitaire_camion,voiture,1,2,3,1,3
202300010531,2023-08-18 00:50:00,2023,8,18,0,50,93,93013,AUTOROUTE A1,48.94234,2.4322,Nuit sans éclairage public,Hors agglomération,Hors intersection,Normale,Deux véhicules - arrière,1,3,4,0,1,2,1,1,1,90,2,3,1,0,0,2,23.0,30.0,voiture,voiture,3,1,1,1,2
202300010532,2023-12-30 00:04:00,2023,12,30,0,4,29,29232,2bis Rue Haute,47.99005526,-4.11050243,Nuit avec éclairage allumé,En agglomération,Hors intersection,Normale,Autre collision,3,2,4,0,1,1,1,0,1,50,1,2,1,0,0,1,,,voiture,,5,2,1,1,6
202300010533,2023-07-07 11:00:00,2023,7,7,11,0,71,71379,Route du Moulin,46.59458,5.324995,Plein jour,Hors agglomération,Hors intersection,Normale,Sans collision,4,2,2,0,2,4,1,0,3,80,1,1,0,0,1,0,63.0,,deux_roues,,1,1,1,1,7
202300010534,2023-03-19 21:58:00,2023,3,19,21,58,75,75116,RUE DE LA POMPE,48.864115,2.277584,Nuit avec éclairage allumé,En agglomération,Intersection en T,Normale,Autre collision,4,2,4,0,1,1,1,0,1,30,1,2,1,0,0,1,,,voiture,,5,2,3,1,6
202300010534,2023-03-19 21:58:00,2023,3,19,21,58,75,75116,RUE DE LA POMPE,48.864115,2.277584,Nuit avec éclairage allumé,En agglomération,Intersection en T,Normale,Autre collision,4,2,2,0,1,1,1,0,1,30,1,2,1,0,0,1,,,voiture,,5,2,3,1,6
202300010535,2023-06-05 16:04:00,2023,6,5,16,4,85,85006,l'hommelet,46.784777,-1.733029,Plein jour,Hors agglomération,Intersection en X,Normale,Deux véhicules - côté,3,2,2,0,1,2,1,0,1,80,2,3,2,0,1,0,22.0,27.0,voiture,utilitaire_camion,1,1,2,1,3
202300010535,2023-06-05 16:04:00,2023,6,5,16,4,85,85006,l'hommelet,46.784777,-1.733029,Plein jour,Hors agglomération,Intersection en X,Normale,Deux véhicules - côté,3,2, -1,-1,-1,1,1,0,1,-1,2,3,2,0,1,0,22.0,27.0,voiture,utilitaire_camion,1,1,2,1,3
202300010536,2023-08-17 11:50:00,2023,8,17,11,50,95,95277,A3,48.973777,2.486815,Plein jour,Hors agglomération,Autre intersection,Normale,Deux véhicules - frontale,1,1,4,0,2,3,1,0,1,70,2,2,1,0,0,1,40.0,36.0,voiture,voiture,1,1,9,1,1
202300010537,2023-07-07 05:00:00,2023,7,7,5,0,76,76252,D22,50.022692,1.384964,Crépuscule ou aube,Hors agglomération,Hors intersection,Normale,Sans collision,3,2,2,0,1,1,1,0,8,80,1,1,0,0,1,0,37.0,,voiture,,2,1,1,1,7
202300010538,2023-11-22 10:05:00,2023,11,22,10,5,77,77251,ALL DU TRAIT D'UNION,48.617286,2.543415,Plein jour,En agglomération,Giratoire,Normale,Deux véhicules - côté,4,2,2,0,1,1,1,0,1,30,2,2,1,0,1,0,37.0,46.0,voiture,deux_roues,1,2,6,1,3
202300010538,2023-11-22 10:05:00,2023,11,22,10,5,77,77251,ALL DU TRAIT D'UNION,48.617286,2.543415,Plein jour,En agglomération,Giratoire,Normale,Deux véhicules - côté,4,2,4,0,1,1,1,0,1,50,2,2,1,0,1,0,37.0,46.0,voiture,deux_roues,1,2,6,1,3
202300010539,2023-03-20 18:30:00,2023,3,20,18,30,75,75115,BOULEVARD DE GRENELLE,48.848024,2.301549,Crépuscule ou aube,En agglomération,Place,Normale,Deux véhicules - arrière,4,1,2,0,1,2,1,0,1,30,2,2,1,0,0,1,,26.0,deux_roues,deux_roues,2,2,7,1,2
202300010539,2023-03-20 18:30:00,2023,3,20,18,30,75,75115,BOULEVARD DE GRENELLE,48.848024,2.301549,Crépuscule ou aube,En agglomération,Place,Normale,Deux véhicules - arrière,4,1, -1,-1,1,1,1,0,1,-1,2,2,1,0,0,1,,26.0,deux_roues,deux_roues,2,2,7,1,2
202300010540,2023-11-22 03:50:00,2023,11,22,3,50,72,72181,MIROIR (RUE DU),47.99257,0.19759,Nuit avec éclairage allumé,En agglomération,Hors intersection,Normale,Autre collision,4,2,2,0,1,1,1,0,1,50,1,1,0,0,0,1,28.0,,voiture,,5,2,1,1,6
202300010541,2023-07-09 06:35:00,2023,7,9,6,35,49,49167,LD  le Pavé,47.365223,-0.453143,Plein jour,Hors agglomération,Hors intersection,Normale,Sans collision,3,3,0,0,1,2,1,0,3,70,1,2,0,0,1,1,20.0,,voiture,,1,1,1,1,7
202300010542,2023-08-15 21:30:00,2023,8,15,21,30,93,93005,AUTOROUTE A1,48.96199218,2.46989183,Nuit sans éclairage public,Hors agglomération,Hors intersection,Normale,Trois véhicules et plus - collisions multiples,1,-1,8,0,1,1,1,0,1,110,3,3,2,0,0,1,27.0,41.0,deux_roues,voiture,3,1,1,1,5
202300010543,2023-06-03 14:00:00,2023,6,3,14,0,27,27323,Route de la Daviere,48.907523,0.540229,Plein jour,Hors agglomération,Intersection en X,Normale,Deux véhicules - côté,4,2,2,0,1,1,1,0,1,80,2,4,3,0,1,0,26.0,61.0,voiture,utilitaire_camion,1,1,2,1,3
202300010543,2023-06-03 14:00:00,2023,6,3,14,0,27,27323,Route de la Daviere,48.907523,0.540229,Plein jour,Hors agglomération,Intersection en X,Normale,Deux véhicules - côté,4,2,2,-1,1,1,1,0,1,-1,2,4,3,0,1,0,26.0,61.0,voiture,utilitaire_camion,1,1,2,1,3
202300010544,2023-12-29 11:50:00,2023,12,29,11,50,25,25462,ROCADE G.POMPIDOU (DU 25 A LA FIN),46.90135,6.34846,Plein jour,En agglomération,Giratoire,Temps couvert,Deux véhicules - arrière,2,2,2,0,1,3,2,0,1,50,2,3,2,0,0,1,40.0,22.0,voiture,voiture,1,2,6,8,2
202300010545,2023-11-17 18:30:00,2023,11,17,18,30,69,69266,Avenue Roger Salengro,45.77878,4.88002,Nuit avec éclairage allumé,En agglomération,Hors intersection,Normale,Autre collision,4,2,2,0,1,1,1,0,1,30,1,1,0,0,0,1,31.0,,deux_roues,,5,2,1,1,6
202300010546,2023-07-09 16:45:00,2023,7,9,16,45,12,12270,le merdans,44.335688,3.064464,Plein jour,Hors agglomération,Intersection en T,Normale,Deux véhicules - côté,2,2,2,0,1,3,1,5,1,90,2,2,1,0,1,0,22.0,63.0,deux_roues,voiture,1,1,3,1,3
202300010546,2023-07-09 16:45:00,2023,7,9,16,45,12,12270,le merdans,44.335688,3.064464,Plein jour,Hors agglomération,Intersection en T,Normale,Deux véhicules - côté,2,2,2,0,2,1,1,3,1,50,2,2,1,0,1,0,22.0,63.0,deux_roues,voiture,1,1,3,1,3
202300010547,2023-03-20 07:45:00,2023,3,20,7,45,75,75115,RUE DES QUATRE FRERES PEIGNOT,48.846408,2.283175,Plein jour,En agglomération,Intersection en X,Normale,Deux véhicules - côté,4,2,1,0,1,1,1,0,1,30,2,2,1,0,0,1,14.0,38.0,deux_roues,voiture,1,2,2,1,3
202300010547,2023-03-20 07:45:00,2023,3,20,7,45,75,75115,RUE DES QUATRE FRERES PEIGNOT,48.846408,2.283175,Plein jour,En agglomération,Intersection en X,Normale,Deux véhicules - côté,4,1,1,0,1,1,1,0,1,30,2,2,1,0,0,1,14.0,38.0,deux_roues,voiture,1,2,2,1,3
202300010548,2023-06-04 08:00:00,2023,6,4,8,0,28,28124,D313.16,48.766276,1.158643,Plein jour,Hors agglomération,Hors intersection,Normale,Autre collision,3,2,2,0,1,3,1,0,1,80,1,4,0,0,3,1,19.0,,voiture,,1,1,1,1,6
202300010549,2023-12-29 19:35:00,2023,12,29,19,35,13,13214,ROLAND DORGELES (BOULEVARD),43.34706,5.37869,Nuit avec éclairage allumé,En agglomération,Hors intersection,Normale,Trois véhicules et plus - en chaîne,4,1,1,0,1,1,1,0,4,50,2,3,1,0,1,1,22.0,43.0,voiture,voiture,5,2,1,1,4
202300010550,2023-07-09 17:19:00,2023,7,9,17,19,42,42334,Route du Chene,45.848652,4.331145,Plein jour,Hors agglomération,Hors intersection,Normale,Autre collision,3,2,2,0,2,2,1,0,3,80,1,1,0,1,0,0,28.0,,voiture,,1,1,1,1,6
202300010551,2023-08-20 08:45:00,2023,8,20,8,45,77,77363,A104,48.92468643,2.62950739,Plein jour,Hors agglomération,Hors intersection,Normale,Deux véhicules - arrière,1,1,2,0,2,1,1,0,1,90,2,6,1,0,1,4,36.0,25.0,voiture,voiture,1,1,1,1,2
202300010552,2023-11-22 18:30:00,2023,11,22,18,30,69,69266,Rue Henri Legay,45.75213,4.9161,Nuit avec éclairage allumé,En agglomération,Intersection en X,Normale,Autre collision,4,2,2,0,1,1,1,0,1,50,2,2,1,0,0,1,26.0,21.0,deux_roues,voiture,5,2,2,1,6
202300010553,2023-03-20 13:45:00,2023,3,20,13,45,75,75113,BOULEVARD DE L HOPITAL,48.839898,2.361761,Plein jour,En agglomération,Intersection en Y,Normale,Deux véhicules - côté,4,2,4,2,2,1,1,0,1,30,2,2,1,0,0,1,28.0,73.0,deux_roues,voiture,1,2,4,1,3
202300010553,2023-03-20 13:45:00,2023,3,20,13,45,75,75113,BOULEVARD DE L HOPITAL,48.839898,2.361761,Plein jour,En agglomération,Intersection en Y,Normale,Deux véhicules - côté,4,2,4,3,2,1,1,0,1,30,2,2,1,0,0,1,28.0,73.0,deux_roues,voiture,1,2,4,1,3
202300010554,2023-11-21 18:10:00,2023,11,21,18,10,69,69029,Avenue Louis Mouillard,45.72583117,4.93594398,Nuit avec éclairage allumé,En agglomération,Hors intersection,Normale,Autre collision,4,3,4,0,1,1,2,0,1,50,1,1,0,0,0,1,67.0,,utilitaire_camion,,5,2,1,1,6
202300010555,2023-12-29 23:30:00,2023,12,29,23,30,13,13208,pointe rouge (ave),43.24543,5.37323,Nuit avec éclairage allumé,En agglomération,Hors intersection,Normale,Deux véhicules - arrière,4,2,2,0,1,1,1,0,1,50,2,2,0,0,0,1,31.0,,deux_roues,deux_roues,5,2,1,1,2
202300010556,2023-08-19 20:40:00,2023,8,19,20,40,94,94046,A86,48.81070243,2.44917546,Crépuscule ou aube,Hors agglomération,Hors intersection,Normale,Deux véhicules - côté,1,3,4,0,1,1,1,0,1,90,2,2,1,0,0,1,42.0,51.0,voiture,deux_roues,2,1,1,1,3
202300010557,2023-05-14 14:50:00,2023,5,14,14,50,17,17236,La Basquette,45.343308,-0.563017,Plein jour,Hors agglomération,Hors intersection,Normale,Deux véhicules - frontale,3,2,2,0,3,2,1,0,1,80,2,4,3,0,1,0,59.0,60.0,voiture,voiture,1,1,1,1,1
202300010558,2023-07-10 14:00:00,2023,7,10,14,0,42,42252,D1089,45.790158,3.909638,Plein jour,Hors agglomération,Hors intersection,Normale,Deux véhicules - frontale,3,2,3,0,1,1,1,0,1,80,2,6,0,0,1,5,83.0,30.0,voiture,voiture,1,1,1,1,1
202300010559,2023-11-21 08:00:00,2023,11,21,8,0,69,69290,73 Rue Aristide Briand,45.69617,4.92664,Plein jour,En agglomération,Hors intersection,Pluie légère,Deux véhicules - côté,7,2,2,0,1,1,2,0,1,50,2,2,1,0,1,0,44.0,44.0,voiture,deux_roues,1,2,1,2,3
202300010560,2023-08-18 19:40:00,2023,8,18,19,40,94,94011,N406,48.76122778,2.49120678,Plein jour,Hors agglomération,Hors intersection,Normale,Deux véhicules - côté,2,3,3,0,1,1,1,0,1,90,2,2,1,0,0,1,38.0,21.0,utilitaire_camion,deux_roues,1,1,1,1,3
202300010561,2023-03-19 22:30:00,2023,3,19,22,30,75,75111,AVENUE DE LA REPUBLIQUE,48.86674503,2.36679733,Nuit avec éclairage allumé,En agglomération,Intersection en X,Normale,Deux véhicules - côté,4,2,2,0,1,1,1,0,1,30,2,2,1,0,0,1,25.0,29.0,voiture,deux_roues,5,2,2,1,3
202300010561,2023-03-19 22:30:00,2023,3,19,22,30,75,75111,AVENUE DE LA REPUBLIQUE,48.86674503,2.36679733,Nuit avec éclairage allumé,En agglomération,Intersection en X,Normale,Deux véhicules - côté,4,1, -1,-1,1,1,1,0,1,-1,2,2,1,0,0,1,25.0,29.0,voiture,deux_roues,5,2,2,1,3
202300010562,2023-07-09 17:30:00,2023,7,9,17,30,44,44088,,47.114595,-1.396058,Plein jour,Hors agglomération,Hors intersection,Normale,Deux véhicules - arrière,3,-1,2,0,1,1,1,0,1,80,2,2,1,1,0,0,31.0,35.0,voiture,deux_roues,1,1,1,1,2
202300010563,2023-08-18 19:30:00,2023,8,18,19,30,93,93051,A4,48.83522527,2.57472356,Plein jour,Hors agglomération,Hors intersection,Normale,Deux véhicules - arrière,1,1,3,0,1,1,1,0,1,90,2,2,1,0,0,1,24.0,36.0,voiture,utilitaire_camion,1,1,1,1,2
202300010564,2023-06-03 21:35:00,2023,6,3,21,35,17,17091,73 Rue Pierre Loti,46.305049,-1.093976,Crépuscule ou aube,En agglomération,Hors intersection,Normale,Deux véhicules - frontale,3,2,2,0,1,1,1,0,1,30,2,3,2,0,0,1,42.0,60.0,utilitaire_camion,utilitaire_camion,2,2,1,1,1
202300010565,2023-11-22 18:50:00,2023,11,22,18,50,64,64189,PETIT BOIS (ALLEE DU),43.37783,-1.66368,Nuit avec éclairage allumé,En agglomération,Intersection en X,Normale,Deux véhicules - côté,4,2,2,0,1,1,1,0,1,30,2,2,1,0,0,1,60.0,50.0,utilitaire_camion,voiture,5,2,2,1,3
202300010565,2023-11-22 18:50:00,2023,11,22,18,50,64,64189,PETIT BOIS (ALLEE DU),43.37783,-1.66368,Nuit avec éclairage allumé,En agglomération,Intersection en X,Normale,Deux véhicules - côté,4,2,0,0,1,1,1,0,1,30,2,2,1,0,0,1,60.0,50.0,utilitaire_camion,voiture,5,2,2,1,3
202300010566,2023-03-20 08:40:00,2023,3,20,8,40,75,75108,RUE DES MATHURINS,48.873427,2.322416,Plein jour,En agglomération,Intersection en X,Normale,Autre collision,4,1, -1,-1,1,1,1,0,1,-1,1,2,1,0,0,1,,,deux_roues,,1,2,2,1,6
202300010566,2023-03-20 08:40:00,2023,3,20,8,40,75,75108,RUE DES MATHURINS,48.873427,2.322416,Plein jour,En agglomération,Intersection en X,Normale,Autre collision,4,-1,1,0,1,1,1,0,1,30,1,2,1,0,0,1,,,deux_roues,,1,2,2,1,6
202300010567,2023-12-28 15:30:00,2023,12,28,15,30,13,13206,BRETEUIL (RUE),43.29228,5.37501,Plein jour,En agglomération,Hors intersection,Temps couvert,Autre collision,4,1,2,0,1,1,1,0,1,50,1,2,1,0,0,1,27.0,,voiture,,1,2,1,8,6
202300010568,2023-07-07 19:13:00,2023,7,7,19,13,29,29105,Rue du General Weygand,48.513633,-4.067235,Plein jour,En agglomération,Hors intersection,Normale,Deux véhicules - côté,4,2,1,0,1,1,1,0,1,50,2,2,1,0,0,1,19.0,19.0,deux_roues,voiture,1,2,1,1,3
202300010569,2023-08-18 18:40:00,2023,8,18,18,40,93,93051,A4,48.83620546,2.5559632,Plein jour,Hors agglomération,Hors intersection,Normale,Deux véhicules - côté,1,-1,4,0,1,1,1,0,1,110,2,2,1,0,0,1,71.0,39.0,voiture,utilitaire_camion,1,1,1,1,3
202300010570,2023-05-28 15:20:00,2023,5,28,15,20,87,87199,La Roudarie,45.77107,0.845894,Plein jour,Hors agglomération,Hors intersection,Normale,Sans collision,3,2,2,0,1,1,1,0,3,90,1,1,0,0,1,0,66.0,,voiture,,1,1,1,1,7
202300010571,2023-12-27 19:30:00,2023,12,27,19,30,12,12013,RUAU BAS LIEU-DIT,44.54884,2.29578,Nuit sans éclairage public,Hors agglomération,Hors intersection,Normale,Autre collision,3,2,2,0,1,1,1,0,1,90,1,2,1,0,1,0,33.0,,voiture,,3,1,1,1,6
202300010572,2023-11-22 20:40:00,2023,11,22,20,40,64,64024,HAUSQUETTE (RUE DE),43.49671976,-1.50929779,Nuit avec éclairage allumé,En agglomération,Giratoire,Normale,Deux véhicules - arrière,4,1,2,0,1,1,1,0,1,50,2,3,2,0,0,1,25.0,52.0,voiture,voiture,5,2,6,1,2
202300010572,2023-11-22 20:40:00,2023,11,22,20,40,64,64024,HAUSQUETTE (RUE DE),43.49671976,-1.50929779,Nuit avec éclairage allumé,En agglomération,Giratoire,Normale,Deux véhicules - arrière,4,2,2,0,1,1,1,0,1,50,2,3,2,0,0,1,25.0,52.0,voiture,voiture,5,2,6,1,2
202300010573,2023-03-19 20:10:00,2023,3,19,20,10,75,75108,RUE DE CONSTANTINOPLE,48.880659,2.318324,Nuit avec éclairage allumé,En agglomération,Intersection en Y,Normale,Deux véhicules - côté,4,1,1,0,1,1,1,0,1,30,2,2,1,0,0,1,58.0,18.0,voiture,deux_roues,5,2,4,1,3
202300010573,2023-03-19 20:10:00,2023,3,19,20,10,75,75108,RUE DE CONSTANTINOPLE,48.880659,2.318324,Nuit avec éclairage allumé,En agglomération,Intersection en Y,Normale,Deux véhicules - côté,4,1,1,0,1,1,1,0,1,30,2,2,1,0,0,1,58.0,18.0,voiture,deux_roues,5,2,4,1,3
202300010574,2023-07-09 20:00:00,2023,7,9,20,0,02,02135,Rue du 8 Mai 1945,49.957992,3.838284,Plein jour,Hors agglomération,Hors intersection,Normale,Deux véhicules - frontale,3,2,2,0,1,2,1,0,1,80,2,3,1,0,0,2,22.0,24.0,voiture,voiture,1,1,1,1,1
202300010575,2023-08-18 14:00:00,2023,8,18,14,0,94,94028,A86,48.78269366,2.44086088,Plein jour,Hors agglomération,Hors intersection,Normale,Trois véhicules et plus - collisions multiples,1,-1,4,0,1,1,1,0,1,90,3,3,2,0,0,1,32.0,27.0,deux_roues,utilitaire_camion,1,1,1,1,5
202300010576,2023-11-22 13:10:00,2023,11,22,13,10,64,64024,BAYONNE (AVENUE DE),43.48289,-1.50417,Plein jour,En agglomération,Hors intersection,Normale,Sans collision,3,2,4,3,1,1,1,0,1,50,1,1,0,0,0,1,15.0,,deux_roues,,1,2,1,1,7
202300010577,2023-06-03 12:25:00,2023,6,3,12,25,30,30259,D981,44.103308,4.12903,Plein jour,Hors agglomération,Intersection en T,Normale,Deux véhicules - côté,3,2,2,0,3,3,1,0,1,80,2,2,0,0,1,1,51.0,64.0,deux_roues,voiture,1,1,3,1,3
202300010577,2023-06-03 12:25:00,2023,6,3,12,25,30,30259,D981,44.103308,4.12903,Plein jour,Hors agglomération,Intersection en T,Normale,Deux véhicules - côté,3,2, -1,0,1,2,1,0,1,-1,2,2,0,0,1,1,51.0,64.0,deux_roues,voiture,1,1,3,1,3
202300010578,2023-12-28 23:45:00,2023,12,28,23,45,75,75112,AVENUE LEDRU ROLLIN,48.848855,2.37297,Nuit sans éclairage public,En agglomération,Hors intersection,Normale,Deux véhicules - côté,4,2,2,0,1,1,1,0,1,30,2,3,2,0,0,1,42.0,32.0,voiture,deux_roues,3,2,1,1,3
202300010579,2023-03-20 10:25:00,2023,3,20,10,25,75,75102,BOULEVARD SAINT DENIS,48.869337,2.354244,Plein jour,En agglomération,Intersection en X,Normale,Autre collision,4,1,4,0,1,1,1,0,1,30,1,1,0,0,0,1,49.0,,deux_roues,,1,2,2,1,6