accident_id,datetime,annee,mois,jour,heure,minute,departement,commune_insee,adresse,latitude,longitude,luminosite,agglomeration,intersection,meteo,collision,catr,circ,nbv,vosp,prof,plan,surf,infra,situ,vma,nb_vehicules,nb_usagers,nb_indemnes,nb_tues,nb_blesses_hosp,nb_blesses_legers,age_cond_1,age_cond_2,veh_type_cond_1,veh_type_cond_2,lum_code,agg_code,int_code,atm_code,col_code
202300010579,2023-03-20 10:25:00,2023,3,20,10,25,75,75102,BOULEVARD SAINT DENIS,48.869337,2.354244,Plein jour,En agglomération,Intersection en X,Normale,Autre collision,4,2,4,0,1,1,1,0,1,30,1,1,0,0,0,1,49.0,,deux_roues,,1,2,2,1,6
202300010580,2023-08-17 16:00:00,2023,8,17,16,0,77,77517,RN104,48.9066654,2.63983324,Plein jour,Hors agglomération,Hors intersection,Normale,Deux véhicules - côté,1,1,3,0,1,1,1,0,1,110,2,2,1,0,0,1,22.0,26.0,voiture,voiture,1,1,1,1,3
202300010581,2023-07-10 11:30:00,2023,7,10,11,30,02,02610,D6,49.386556,3.277262,Plein jour,Hors agglomération,Hors intersection,Normale,Trois véhicules et plus - collisions multiples,3,2,2,0,1,1,1,0,1,80,3,3,1,0,0,2,45.0,19.0,voiture,deux_roues,1,1,1,1,5
202300010582,2023-06-03 12:00:00,2023,6,3,12,0,48,48094,le Villaret,44.271987,3.225655,Plein jour,Hors agglomération,Hors intersection,Normale,Autre collision,3,2,2,0,1,1,1,0,1,90,1,1,0,0,1,0,17.0,,deux_roues,,1,1,1,1,6
202300010583,2023-11-22 08:55:00,2023,11,22,8,55,63,63113,Parlette / RM2009-Jean Moulin,45.77686,3.11753,Plein jour,En agglomération,Intersection en X,Pluie légère,Deux véhicules - côté,7,3,5,-1,1,1,2,5,1,50,2,2,1,0,1,0,47.0,16.0,utilitaire_camion,deux_roues,1,2,2,2,3
202300010583,2023-11-22 08:55:00,2023,11,22,8,55,63,63113,Parlette / RM2009-Jean Moulin,45.77686,3.11753,Plein jour,En agglomération,Intersection en X,Pluie légère,Deux véhicules - côté,7,2,2,0,1,3,2,0,1,30,2,2,1,0,1,0,47.0,16.0,utilitaire_camion,deux_roues,1,2,2,2,3
202300010584,2023-03-20 10:15:00,2023,3,20,10,15,94,94068,Quai du Port au Fouarre,48.7892202,2.4785623,Plein jour,En agglomération,Hors intersection,Normale,Deux véhicules - arrière,4,1,2,0,1,1,1,0,1,30,2,2,1,0,1,0,56.0,83.0,deux_roues,voiture,1,2,1,1,2
202300010585,2023-12-29 10:25:00,2023,12,29,10,25,75,75118,BOULEVARD NEY,48.897923,2.338361,Plein jour,En agglomération,Intersection en T,Normale,Deux véhicules - côté,4,1,2,1,1,1,1,0,5,30,2,2,1,0,0,1,,29.0,voiture,deux_roues,1,2,3,1,3
202300010585,2023-12-29 10:25:00,2023,12,29,10,25,75,75118,BOULEVARD NEY,48.897923,2.338361,Plein jour,En agglomération,Intersection en T,Normale,Deux véhicules - côté,4,1, -1,-1,1,1,1,0,5,-1,2,2,1,0,0,1,,29.0,voiture,deux_roues,1,2,3,1,3
202300010586,2023-07-09 15:10:00,2023,7,9,15,10,02,02095,6 Route de Seboncourt,49.980677,3.458249,Plein jour,En agglomération,Hors intersection,Normale,Deux véhicules - côté,3,2,2,0,1,1,1,0,1,50,2,3,1,0,0,2,,45.0,voiture,voiture,1,2,1,1,3
202300010587,2023-05-22 14:30:00,2023,5,22,14,30,88,88089,2016 Chemin Departemental 60,48.18238,6.799555,Plein jour,Hors agglomération,Hors intersection,Pluie forte,Deux véhicules - côté,3,2,2,0,1,2,2,0,1,80,2,3,2,0,1,0,34.0,68.0,utilitaire_camion,voiture,1,1,1,3,3
202300010588,2023-07-08 18:30:00,2023,7,8,18,30,02,02305,D967,49.186977,3.51202,Plein jour,Hors agglomération,Hors intersection,Normale,Sans collision,3,2,2,0,2,2,1,0,8,80,1,1,0,0,1,0,53.0,,voiture,,1,1,1,1,7
202300010589,2023-12-29 00:00:00,2023,12,29,0,0,75,75117,AVENUE DE LA PORTE DE CHAMPERRET,48.886158,2.287435,Nuit avec éclairage allumé,En agglomération,Hors intersection,Normale,Sans collision,4,1,2,0,1,1,1,0,1,30,1,1,0,0,0,1,30.0,,deux_roues,,5,2,1,1,7
202300010590,2023-11-22 07:20:00,2023,11,22,7,20,63,63113,MEUNIERS (RUE DES),45.7661,3.10468,Crépuscule ou aube,En agglomération,Hors intersection,Pluie légère,Deux véhicules - frontale,4,2,2,0,1,1,2,0,1,50,3,3,2,0,0,1,22.0,46.0,autre,voiture,2,2,1,2,1
202300010591,2023-06-04 18:30:00,2023,6,4,18,30,52,52197,grande rue  (Broncourt),47.758876,5.658222,Plein jour,Hors agglomération,Hors intersection,Normale,Deux véhicules - frontale,3,2,2,0,1,2,1,0,1,80,2,2,1,0,1,0,15.0,57.0,deux_roues,voiture,1,1,1,1,1
202300010592,2023-03-20 16:50:00,2023,3,20,16,50,94,94073,Rue de la Couture du Moulin,48.76414,2.38354,Plein jour,En agglomération,Hors intersection,Normale,Autre collision,4,2,0,0,1,1,1,0,1,50,1,2,1,0,0,1,29.0,,voiture,,1,2,1,1,6
202300010593,2023-04-27 11:59:00,2023,4,27,11,59,88,88409,RUE DE LAFORÊT,48.02699,6.65708,Plein jour,Hors agglomération,Intersection en Y,Normale,Sans collision,4,2,1,0,2,1,1,0,8,50,1,1,0,0,1,0,23.0,,utilitaire_camion,,1,1,4,1,7
202300010594,2023-12-29 04:41:00,2023,12,29,4,41,75,75116,RUE DE LA POMPE,48.866968,2.280415,Nuit avec éclairage allumé,En agglomération,Hors intersection,Normale,Autre collision,4,2,2,0,1,1,1,0,1,30,1,1,0,0,0,1,28.0,,voiture,,5,2,1,1,6
202300010595,2023-07-10 08:10:00,2023,7,10,8,10,15,15012,D920,44.841493,2.479756,Plein jour,Hors agglomération,Hors intersection,Normale,Trois véhicules et plus - en chaîne,3,2,2,0,1,3,1,0,1,90,3,3,2,0,1,0,23.0,56.0,voiture,utilitaire_camion,1,1,1,1,4
202300010596,2023-11-17 11:15:00,2023,11,17,11,15,62,62587,Rue Victor Hugo,50.428253,2.934708,Plein jour,En agglomération,Intersection en Y,Normale,Sans collision,4,2,0,0,1,1,1,0,1,50,2,2,1,0,0,1,34.0,18.0,utilitaire_camion,voiture,1,2,4,1,7
202300010596,2023-11-17 11:15:00,2023,11,17,11,15,62,62587,Rue Victor Hugo,50.428253,2.934708,Plein jour,En agglomération,Intersection en Y,Normale,Sans collision,4,2,0,0,1,1,1,0,1,50,2,2,1,0,0,1,34.0,18.0,utilitaire_camion,voiture,1,2,4,1,7
202300010597,2023-12-29 03:42:00,2023,12,29,3,42,75,75115,RUE SAINT CHARLES,48.837595,2.277677,Nuit avec éclairage allumé,En agglomération,Hors intersection,Normale,Autre collision,4,1,1,0,1,1,1,0,1,30,1,1,0,0,0,1,32.0,,voiture,,5,2,1,1,6
202300010598,2023-06-03 16:35:00,2023,6,3,16,35,88,88437,Grande Rue,48.280423,6.316591,Plein jour,En agglomération,Hors intersection,Normale,Deux véhicules - frontale,3,2,2,0,1,2,1,0,1,50,2,2,1,0,0,1,45.0,43.0,deux_roues,utilitaire_camion,1,2,1,1,1
202300010599,2023-03-20 12:00:00,2023,3,20,12,0,94,94055,Avenue Wladimir d'Ormesson,48.78683,2.54288,Plein jour,En agglomération,Hors intersection,Normale,Deux véhicules - arrière,3,2,2,0,1,1,1,0,1,50,2,2,1,0,0,1,24.0,28.0,voiture,deux_roues,1,2,1,1,2
202300010600,2023-04-17 17:00:00,2023,4,17,17,0,88,88415,rue de la Moselotte,48.01996526,6.6143167,Plein jour,En agglomération,Hors intersection,Normale,Deux véhicules - côté,4,2,2,0,1,2,1,0,1,50,2,4,1,0,1,2,17.0,16.0,deux_roues,deux_roues,1,2,1,1,3
202300010601,2023-07-09 19:50:00,2023,7,9,19,50,01,01454,D1504,45.708745,5.72083,Plein jour,Hors agglomération,Intersection en Y,Normale,Deux véhicules - frontale,3,2,2,0,1,3,1,1,1,80,2,2,1,1,0,0,42.0,22.0,voiture,deux_roues,1,1,4,1,1
202300010601,2023-07-09 19:50:00,2023,7,9,19,50,01,01454,D1504,45.708745,5.72083,Plein jour,Hors agglomération,Intersection en Y,Normale,Deux véhicules - frontale,3,1,2,0,2,1,1,0,1,80,2,2,1,1,0,0,42.0,22.0,voiture,deux_roues,1,1,4,1,1
202300010602,2023-11-22 03:20:00,2023,11,22,3,20,62,62457,Chemin du Souvenir Francais,50.45204,2.54143,Nuit avec éclairage allumé,En agglomération,Hors intersection,Temps couvert,Autre collision,4,1,1,0,2,3,2,0,8,30,1,3,1,1,1,0,28.0,,voiture,,5,2,1,8,6
202300010603,2023-03-03 07:50:00,2023,3,3,7,50,14,14728,Rue saint Julien,49.27420647,-0.73973199,Plein jour,Hors agglomération,Hors intersection,Normale,Deux véhicules - arrière,3,-1,2,0,3,1,1,0,1,80,2,2,1,0,1,0,18.0,21.0,deux_roues,deux_roues,1,1,1,1,2
202300010604,2023-12-29 20:00:00,2023,12,29,20,0,75,75114,RUE RAYMOND LOSSERAND,48.828768,2.307671,Nuit avec éclairage allumé,En agglomération,Intersection en X,Pluie légère,Deux véhicules - côté,4,1,1,0,1,1,2,0,1,30,2,3,1,0,0,2,31.0,,deux_roues,utilitaire_camion,5,2,2,2,3
202300010604,2023-12-29 20:00:00,2023,12,29,20,0,75,75114,RUE RAYMOND LOSSERAND,48.828768,2.307671,Nuit avec éclairage allumé,En agglomération,Intersection en X,Pluie légère,Deux véhicules - côté,4,2,2,0,1,1,2,0,1,30,2,3,1,0,0,2,31.0,,deux_roues,utilitaire_camion,5,2,2,2,3
202300010605,2023-03-19 11:30:00,2023,3,19,11,30,94,94018,Avenue de Gravelle / Rue de Valmy,48.82835949,2.40497321,Plein jour,En agglomération,Intersection en T,Temps couvert,Deux véhicules - côté,4,1,1,-1,1,1,2,0,1,-1,2,2,1,0,0,1,52.0,,deux_roues,deux_roues,1,2,3,8,3
202300010605,2023-03-19 11:30:00,2023,3,19,11,30,94,94018,Avenue de Gravelle / Rue de Valmy,48.82835949,2.40497321,Plein jour,En agglomération,Intersection en T,Temps couvert,Deux véhicules - côté,4,-1,1,0,1,1,2,0,1,50,2,2,1,0,0,1,52.0,,deux_roues,deux_roues,1,2,3,8,3
202300010606,2023-07-10 08:30:00,2023,7,10,8,30,85,85151,RD149,46.98365,-0.933639,Plein jour,Hors agglomération,Autre intersection,Temps couvert,Deux véhicules - arrière,3,2,2,0,2,1,1,0,1,70,2,2,1,0,1,0,46.0,45.0,utilitaire_camion,deux_roues,1,1,9,8,2
202300010607,2023-06-03 19:45:00,2023,6,3,19,45,18,18103,,47.110283,1.886773,Plein jour,Hors agglomération,Hors intersection,Normale,Autre collision,1,3,2,0,1,2,1,0,3,130,1,1,0,0,1,0,37.0,,deux_roues,,1,1,1,1,6
202300010608,2023-11-22 21:20:00,2023,11,22,21,20,59,59599,CALAIS (RUE DE),50.71641,3.15135,Nuit avec éclairage allumé,En agglomération,Hors intersection,Normale,Autre collision,4,2,2,0,1,1,1,0,1,50,2,3,2,0,0,1,26.0,,utilitaire_camion,voiture,5,2,1,1,6
202300010609,2023-08-13 17:25:00,2023,8,13,17,25,65,65286,CHATEAU FORT,43.09778,-0.04851,Plein jour,En agglomération,Hors intersection,Normale,Autre collision,4,1,1,0,2,1,1,0,4,50,1,3,1,0,1,1,59.0,,voiture,,1,2,1,1,6
202300010610,2023-07-09 18:35:00,2023,7,9,18,35,58,58003,Pierre-Ecrite,47.188845,4.217573,Plein jour,Hors agglomération,Hors intersection,Normale,Deux véhicules - côté,4,2,2,0,2,2,1,0,1,80,2,2,1,0,1,0,,60.0,utilitaire_camion,deux_roues,1,1,1,1,3
202300010611,2023-12-28 23:13:00,2023,12,28,23,13,75,75108,AVENUE DE MARIGNY,48.867788,2.313853,Nuit avec éclairage allumé,En agglomération,Intersection en X,Normale,Deux véhicules - côté,4,-1,1,0,1,1,1,0,1,50,2,2,1,0,0,1,38.0,24.0,voiture,deux_roues,5,2,2,1,3
202300010611,2023-12-28 23:13:00,2023,12,28,23,13,75,75108,AVENUE DE MARIGNY,48.867788,2.313853,Nuit avec éclairage allumé,En agglomération,Intersection en X,Normale,Deux véhicules - côté,4,-1,1,0,1,1,1,0,1,50,2,2,1,0,0,1,38.0,24.0,voiture,deux_roues,5,2,2,1,3
202300010612,2023-03-20 13:35:00,2023,3,20,13,35,93,93046,Avenue du Maréchal Leclerc,48.920525,2.540092,Plein jour,En agglomération,Hors intersection,Normale,Deux véhicules - arrière,3,3,4,0,1,1,1,0,1,50,2,3,2,0,0,1,38.0,30.0,utilitaire_camion,voiture,1,2,1,1,2
202300010613,2023-06-03 03:40:00,2023,6,3,3,40,17,17016,D700,45.531542,-0.310729,Nuit sans éclairage public,Hors agglomération,Hors intersection,Normale,Deux véhicules - frontale,3,2,2,0,1,1,1,0,1,80,2,2,1,0,1,0,46.0,62.0,utilitaire_camion,voiture,3,1,1,1,1
202300010614,2023-11-22 18:00:00,2023,11,22,18,0,59,59279,LOISEL (CHEMIN DE),50.773742,3.14536071,Crépuscule ou aube,En agglomération,Hors intersection,Normale,Deux véhicules - frontale,4,2,2,0,2,2,1,0,1,50,2,2,1,0,0,1,26.0,54.0,utilitaire_camion,voiture,2,2,1,1,1
202300010615,2023-05-26 13:34:00,2023,5,26,13,34,74,74010,ALERY (GRANDE RUE D'),45.89872232,6.11062802,Plein jour,En agglomération,Intersection en T,Normale,Deux véhicules - arrière,4,2,2,0,2,1,1,0,1,50,2,2,1,0,0,1,77.0,52.0,voiture,deux_roues,1,2,3,1,2
202300010615,2023-05-26 13:34:00,2023,5,26,13,34,74,74010,ALERY (GRANDE RUE D'),45.89872232,6.11062802,Plein jour,En agglomération,Intersection en T,Normale,Deux véhicules - arrière,4,-1,2,0,1,1,1,0,1,50,2,2,1,0,0,1,77.0,52.0,voiture,deux_roues,1,2,3,1,2
202300010616,2023-07-09 16:10:00,2023,7,9,16,10,66,66024,,42.53849,2.845716,Plein jour,Hors agglomération,Hors intersection,Normale,Deux véhicules - frontale,4,2,2,0,1,1,1,0,1,80,2,3,0,2,0,1,74.0,53.0,voiture,deux_roues,1,1,1,1,1
202300010617,2023-12-29 17:35:00,2023,12,29,17,35,75,75101,RUE CAMBON,48.867984,2.326659,Nuit avec éclairage allumé,En agglomération,Hors intersection,Normale,Deux véhicules - côté,4,1,1,0,1,1,1,0,1,30,2,2,1,0,0,1,31.0,51.0,deux_roues,voiture,5,2,1,1,3
202300010618,2023-03-20 13:00:00,2023,3,20,13,0,93,93066,Rue André Campra,48.919256,2.353884,Plein jour,En agglomération,Hors intersection,Normale,Autre collision,4,2,2,0,1,1,1,0,1,30,1,2,1,0,0,1,55.0,,voiture,,1,2,1,1,6
202300010619,2023-11-22 14:00:00,2023,11,22,14,0,59,59512,EPEULE (RUE DE L'),50.6906,3.16222,Plein jour,En agglomération,Hors intersection,Normale,Autre collision,4,2,2,0,1,1,1,0,1,50,1,2,1,0,1,0,54.0,,voiture,,1,2,1,1,6
202300010620,2023-06-05 09:05:00,2023,6,5,9,5,69,69033,Montée de la Vigourette,45.852239,4.87256,Plein jour,En agglomération,Intersection en T,Normale,Autre collision,4,2,2,0,1,1,1,0,1,30,1,3,1,0,0,2,60.0,,transport_commun,,1,2,3,1,6
202300010620,2023-06-05 09:05:00,2023,6,5,9,5,69,69033,Montée de la Vigourette,45.852239,4.87256,Plein jour,En agglomération,Intersection en T,Normale,Autre collision,4,2,2,0,2,3,1,0,1,50,1,3,1,0,0,2,60.0,,transport_commun,,1,2,3,1,6
202300010621,2023-07-09 13:30:00,2023,7,9,13,30,72,72376,Lieu dit La Vetière axe D33,47.896823,0.47601342,Plein jour,Hors agglomération,Hors intersection,Normale,Deux véhicules - frontale,3,2,2,0,1,3,1,0,1,90,2,3,0,0,1,2,55.0,21.0,voiture,voiture,1,1,1,1,1
202300010622,2023-05-25 00:51:00,2023,5,25,0,51,74,74010,OUEST (BOULEVARD),45.9046,6.0895,Nuit sans éclairage public,Hors agglomération,Hors intersection,Normale,Deux véhicules - frontale,3,1,2,2,1,1,1,0,1,80,2,3,0,0,2,1,30.0,45.0,voiture,voiture,3,1,1,1,1
202300010623,2023-03-20 10:15:00,2023,3,20,10,15,93,93048,Rue de Rosny,48.86714492,2.45668083,Plein jour,En agglomération,Hors intersection,Normale,Deux véhicules - côté,3,2,2,1,1,1,1,0,5,50,2,2,1,0,1,0,41.0,44.0,voiture,deux_roues,1,2,1,1,3
202300010624,2023-12-29 00:20:00,2023,12,29,0,20,94,94068,Rue du Chemin Vert,48.80082,2.47078,Nuit avec éclairage allumé,En agglomération,Hors intersection,Normale,Deux véhicules - arrière,4,1,2,0,1,2,1,0,1,30,2,2,1,0,0,1,35.0,46.0,voiture,voiture,5,2,1,1,2
202300010625,2023-11-22 07:50:00,2023,11,22,7,50,59,59328,HIPPODROME AV DE L N°237 AU389,50.65154,3.02269,Plein jour,En agglomération,Autre intersection,Normale,Autre collision,4,2,3,0,2,1,1,9,1,50,1,2,1,0,0,1,33.0,,voiture,,1,2,9,1,6
202300010626,2023-01-15 17:50:00,2023,1,15,17,50,60,60107,Rue du Grand Air,49.360912,2.42506,Nuit avec éclairage allumé,En agglomération,Giratoire,Normale,Sans collision,4,2,2,0,1,3,1,0,1,50,1,1,0,0,0,1,16.0,,deux_roues,,5,2,6,1,7
202300010627,2023-07-09 05:20:00,2023,7,9,5,20,72,72300,Route de Saint Etienne du Narais,48.002385,0.40393,Crépuscule ou aube,Hors agglomération,Hors intersection,Normale,Deux véhicules - arrière,3,2,2,0,1,1,1,0,1,90,2,2,1,0,1,0,24.0,35.0,voiture,deux_roues,2,1,1,1,2
202300010628,2023-03-20 13:00:00,2023,3,20,13,0,93,93007,212 Avenue du 8 Mai 1945,48.952838,2.442308,Plein jour,En agglomération,Hors intersection,Normale,Autre collision,3,2,4,3,1,1,1,0,1,50,1,2,1,0,1,0,,,utilitaire_camion,,1,2,1,1,6
202300010629,2023-06-05 14:00:00,2023,6,5,14,0,21,21054,autoroute A31 PK 000+100 (sens Sud/Nord),47.018701,4.869583,Plein jour,Hors agglomération,Hors intersection,Normale,Deux véhicules - arrière,1,3,3,0,1,1,1,0,1,130,2,2,1,0,0,1,43.0,32.0,deux_roues,utilitaire_camion,1,1,1,1,2
202300010630,2023-12-29 20:25:00,2023,12,29,20,25,94,94041,Avenue Pierre Sémard,48.8211,2.37914,Nuit avec éclairage allumé,En agglomération,Hors intersection,Pluie légère,Autre collision,3,1,2,0,1,1,2,0,1,50,1,2,1,0,0,1,47.0,,utilitaire_camion,,5,2,1,2,6
202300010631,2023-07-10 13:50:00,2023,7,10,13,50,14,14431,1 Rue Henri Dunant,49.07302,-0.069103,Plein jour,En agglomération,Hors intersection,Normale,Autre collision,3,2,2,0,1,1,1,0,1,50,1,2,1,0,0,1,52.0,,voiture,,1,2,1,1,6
202300010632,2023-11-19 10:35:00,2023,11,19,10,35,59,59017,DE MUN  (RUE ALBERT ),50.68,2.8866,Plein jour,En agglomération,Autre intersection,Pluie légère,Autre collision,4,2,2,1,2,1,2,2,1,30,2,2,1,0,1,0,35.0,49.0,voiture,deux_roues,1,2,9,2,6
202300010633,2023-05-27 12:45:00,2023,5,27,12,45,50,50603,Rue du Pont,49.042464,-1.554866,Plein jour,Hors agglomération,Autre intersection,Normale,Deux véhicules - côté,3,3,1,0,2,3,1,3,1,80,2,2,1,0,1,0,52.0,83.0,deux_roues,voiture,1,1,9,1,3
202300010633,2023-05-27 12:45:00,2023,5,27,12,45,50,50603,Rue du Pont,49.042464,-1.554866,Plein jour,Hors agglomération,Autre intersection,Normale,Deux véhicules - côté,3,2,1,0,1,1,1,0,1,80,2,2,1,0,1,0,52.0,83.0,deux_roues,voiture,1,1,9,1,3
202300010634,2023-03-23 21:25:00,2023,3,23,21,25,92,92075,JACQUES JEZEQUEL (AVENUE),48.8199,2.2906,Nuit avec éclairage allumé,En agglomération,Giratoire,Normale,Sans collision,3,2,4,2,1,1,1,9,1,30,1,1,0,0,0,1,35.0,,deux_roues,,5,2,6,1,7
202300010635,2023-06-03 20:45:00,2023,6,3,20,45,21,21606,A31 aire de serrigny vers Beaune,47.073806,4.923002,Plein jour,Hors agglomération,Hors intersection,Normale,Autre collision,1,-1,3,0,1,1,1,0,1,50,2,2,1,0,0,1,81.0,,voiture,utilitaire_camion,1,1,1,1,6
202300010636,2023-11-22 14:25:00,2023,11,22,14,25,57,57463,ANDRE MAGINOT (BOULEVARD),49.116918,6.184973,Plein jour,En agglomération,Hors intersection,Normale,Deux véhicules - frontale,4,3,0,1,1,2,1,9,5,-1,2,2,1,0,0,1,,16.0,utilitaire_camion,deux_roues,1,2,1,1,1
202300010637,2023-04-19 20:20:00,2023,4,19,20,20,73,73008,FORESTIER GENERAUX BOULEVARD,45.70315754,5.90649846,Plein jour,En agglomération,Autre intersection,Normale,Deux véhicules - arrière,4,2,2,0,1,1,1,0,1,50,2,2,1,0,0,1,23.0,17.0,voiture,deux_roues,1,2,9,1,2
202300010638,2023-12-28 20:10:00,2023,12,28,20,10,94,94028,Avenue du Maréchal Foch,48.78561,2.43641,Nuit avec éclairage allumé,En agglomération,Hors intersection,Normale,Deux véhicules - côté,3,2,4,0,1,1,1,0,1,50,2,6,5,0,0,1,32.0,50.0,deux_roues,voiture,5,2,1,1,3
202300010639,2023-03-20 18:20:00,2023,3,20,18,20,92,92063,CREVEL DUVAL (RUE),48.88237,2.19157,Plein jour,En agglomération,Hors intersection,Normale,Deux véhicules - arrière,4,1,1,0,1,1,1,0,1,50,2,3,1,0,0,2,46.0,20.0,deux_roues,utilitaire_camion,1,2,1,1,2
202300010640,2023-07-09 19:10:00,2023,7,9,19,10,50,50389,Route de l?Abbaye,49.012788,-1.36152,Plein jour,Hors agglomération,Intersection en X,Normale,Deux véhicules - côté,3,2,2,0,1,1,1,0,1,80,2,6,5,0,0,1,90.0,44.0,voiture,voiture,1,1,2,1,3
202300010640,2023-07-09 19:10:00,2023,7,9,19,10,50,50389,Route de l?Abbaye,49.012788,-1.36152,Plein jour,Hors agglomération,Intersection en X,Normale,Deux véhicules - côté,3,2, -1,-1,1,1,1,0,1,80,2,6,5,0,0,1,90.0,44.0,voiture,voiture,1,1,2,1,3
202300010641,2023-06-04 00:10:00,2023,6,4,0,10,11,11262,"Autoroute A9, PK 192.000 snes ESPAGNE / FRANCE",43.163651,2.994976,Nuit sans éclairage public,Hors agglomération,Hors intersection,Normale,Autre collision,1,3,4,0,1,1,1,0,1,130,1,1,0,0,1,0,77.0,,voiture,,3,1,1,1,6
202300010642,2023-04-04 17:15:00,2023,4,4,17,15,73,73225,D201,45.52583302,5.95517635,Plein jour,En agglomération,Hors intersection,Normale,Deux véhicules - arrière,3,2,2,2,1,1,1,9,1,50,2,2,1,0,0,1,37.0,42.0,utilitaire_camion,voiture,1,2,1,1,2
202300010643,2023-11-22 09:30:00,2023,11,22,9,30,51,51454,INTERMARCHE (BOULEVARD WILSON),49.241722,4.017348,Plein jour,En agglomération,Hors intersection,Normale,Deux véhicules - côté,4,1,1,1,1,1,1,0,1,50,2,2,1,0,0,1,22.0,54.0,deux_roues,voiture,1,2,1,1,3
202300010644,2023-12-29 17:35:00,2023,12,29,17,35,94,94017,Avenue du Général de Gaulle,48.82389,2.49721,Nuit avec éclairage allumé,En agglomération,Hors intersection,Pluie légère,Trois véhicules et plus - collisions multiples,3,2,4,0,1,1,2,0,1,50,3,3,2,0,0,1,48.0,34.0,voiture,deux_roues,5,2,1,2,5
202300010645,2023-03-20 17:50:00,2023,3,20,17,50,92,92050,JOFFRE MARECHAL AVENUE DU,48.88543,2.1945,Plein jour,En agglomération,Hors intersection,Normale,Autre collision,4,1,1,0,1,2,1,9,1,-1,1,2,1,0,0,1,62.0,,voiture,,1,2,1,1,6
202300010646,2023-07-10 09:37:00,2023,7,10,9,37,60,60667,,49.276754,2.718394,Plein jour,Hors agglomération,Intersection en X,Normale,Deux véhicules - frontale,3,2,2,0,1,1,1,0,1,80,2,2,0,0,0,2,43.0,74.0,voiture,voiture,1,1,2,1,1
202300010646,2023-07-10 09:37:00,2023,7,10,9,37,60,60667,,49.276754,2.718394,Plein jour,Hors agglomération,Intersection en X,Normale,Deux véhicules - frontale,3,2, -1,-1,1,1,1,0,1,-1,2,2,0,0,0,2,43.0,74.0,voiture,voiture,1,1,2,1,1
202300010647,2023-11-18 00:59:00,2023,11,18,0,59,47,47323,ROL TANGUY,44.40903182,0.73558291,Nuit avec éclairage non allumé,En agglomération,Giratoire,Temps couvert,Sans collision,3,2,2,0,1,1,1,0,8,50,1,1,0,0,1,0,55.0,,deux_roues,,4,2,6,8,7
202300010647,2023-11-18 00:59:00,2023,11,18,0,59,47,47323,ROL TANGUY,44.40903182,0.73558291,Nuit avec éclairage non allumé,En agglomération,Giratoire,Temps couvert,Sans collision,3,2,2,0,1,1,1,0,1,50,1,1,0,0,1,0,55.0,,deux_roues,,4,2,6,8,7
202300010648,2023-04-04 15:26:00,2023,4,4,15,26,73,73084,D1006,45.5073482,6.0236147,Plein jour,Hors agglomération,Intersection en X,Normale,Deux véhicules - côté,3,2,2,2,1,1,1,0,1,80,2,2,1,0,1,0,85.0,45.0,deux_roues,voiture,1,1,2,1,3
202300010648,2023-04-04 15:26:00,2023,4,4,15,26,73,73084,D1006,45.5073482,6.0236147,Plein jour,Hors agglomération,Intersection en X,Normale,Deux véhicules - côté,3,2,2,0,2,3,1,2,1,80,2,2,1,0,1,0,85.0,45.0,deux_roues,voiture,1,1,2,1,3
202300010649,2023-06-04 18:00:00,2023,6,4,18,0,83,83097,autoroute A8 PK44+300 direction AIX-EN-PROVENCE,43.47974484,5.72693735,Plein jour,Hors agglomération,Hors intersection,Pluie légère,Deux véhicules - côté,1,1,3,0,1,1,3,0,2,90,2,5,2,0,0,3,51.0,29.0,voiture,voiture,1,1,1,2,3
202300010650,2023-03-20 16:30:00,2023,3,20,16,30,92,92044,ALSACE (RUE) N°1 A 17 ET 2 A 18,48.889918,2.292477,Plein jour,En agglomération,Intersection en X,Normale,Autre collision,4,2,3,0,1,1,1,0,1,50,1,2,1,0,0,1,36.0,,utilitaire_camion,,1,2,2,1,6
202300010651,2023-12-29 13:50:00,2023,12,29,13,50,93,93070,Avenue Gabriel Péri /  Rue Louis Blanc,48.90683,2.33208,Plein jour,En agglomération,Intersection à plus de 4 branches,Normale,Deux véhicules - côté,3,2,2,1,1,1,1,0,1,50,2,2,1,0,1,0,26.0,32.0,voiture,deux_roues,1,2,5,1,3
202300010651,2023-12-29 13:50:00,2023,12,29,13,50,93,93070,Avenue Gabriel Péri /  Rue Louis Blanc,48.90683,2.33208,Plein jour,En agglomération,Intersection à plus de 4 branches,Normale,Deux véhicules - côté,3,2,2,0,1,1,1,0,1,-1,2,2,1,0,1,0,26.0,32.0,voiture,deux_roues,1,2,5,1,3
202300010652,2023-11-21 17:41:00,2023,11,21,17,41,41,41018,MOULIN (RUE JEAN),47.58738,1.32817,Crépuscule ou aube,En agglomération,Hors intersection,Pluie légère,Deux véhicules - arrière,4,1,1,3,4,1,2,0,1,50,2,2,1,0,0,1,42.0,42.0,voiture,deux_roues,2,2,1,2,2
202300010653,2023-07-10 11:50:00,2023,7,10,11,50,64,64321,Chemin de Passabet,43.439062,-0.298004,Plein jour,En agglomération,Intersection en X,Normale,Deux véhicules - côté,4,2,2,0,1,1,1,0,1,50,2,3,1,0,2,0,15.0,42.0,deux_roues,voiture,1,2,2,1,3