accident_id,datetime,annee,mois,jour,heure,minute,departement,commune_insee,adresse,latitude,longitude,luminosite,agglomeration,intersection,meteo,collision,catr,circ,nbv,vosp,prof,plan,surf,infra,situ,vma,nb_vehicules,nb_usagers,nb_indemnes,nb_tues,nb_blesses_hosp,nb_blesses_legers,age_cond_1,age_cond_2,veh_type_cond_1,veh_type_cond_2,lum_code,agg_code,int_code,atm_code,col_code
202300010654,2023-08-15 07:45:00,2023,8,15,7,45,976,97611,doujani-Mosquée de doujani ( rue de la ),-12.79519,45.21389,Plein jour,En agglomération,Intersection en T,Normale,Deux véhicules - côté,4,-1,2,0,1,1,1,0,1,50,2,2,1,0,0,1,46.0,30.0,voiture,deux_roues,1,2,3,1,3
202300010655,2023-06-03 13:50:00,2023,6,3,13,50,83,83089,AUTOROUTE A8 51+000,43.47212122,5.81924772,Plein jour,Hors agglomération,Hors intersection,Normale,Deux véhicules - arrière,1,3,3,0,2,1,1,0,1,90,2,2,1,0,0,1,61.0,49.0,voiture,voiture,1,1,1,1,2
202300010656,2023-03-20 19:10:00,2023,3,20,19,10,92,92036,avenue d'Argenteuil,48.93885223,2.25653708,Nuit avec éclairage allumé,En agglomération,Hors intersection,Normale,Deux véhicules - côté,3,2,4,0,1,1,1,0,1,50,2,2,1,0,0,1,49.0,23.0,deux_roues,utilitaire_camion,5,2,1,1,3
202300010657,2023-12-29 20:10:00,2023,12,29,20,10,93,93014,Chemin des Postes / Avenue de Sévigné,48.91275519,2.5400612,Nuit avec éclairage allumé,En agglomération,Intersection en X,Pluie légère,Deux véhicules - côté,3,1,1,0,4,1,2,0,1,50,2,2,1,0,0,1,58.0,37.0,utilitaire_camion,voiture,5,2,2,2,3
202300010657,2023-12-29 20:10:00,2023,12,29,20,10,93,93014,Chemin des Postes / Avenue de Sévigné,48.91275519,2.5400612,Nuit avec éclairage allumé,En agglomération,Intersection en X,Pluie légère,Deux véhicules - côté,3,3,2,0,4,1,2,0,1,50,2,2,1,0,0,1,58.0,37.0,utilitaire_camion,voiture,5,2,2,2,3
202300010658,2023-07-08 12:30:00,2023,7,8,12,30,43,43020,Route de Lamure,45.321073,4.130945,Plein jour,Hors agglomération,Hors intersection,Normale,Deux véhicules - frontale,4,2,2,0,1,1,1,0,1,50,2,2,1,0,1,0,34.0,70.0,voiture,voiture,1,1,1,1,1
202300010659,2023-08-11 19:32:00,2023,8,11,19,32,972,97209,PAUL NARDAL  (PLACE),14.61389,-61.07311,Nuit sans éclairage public,En agglomération,Hors intersection,Normale,Autre collision,3,2,1,0,1,1,1,0,1,50,1,2,0,0,0,1,,,voiture,,3,2,1,1,6
202300010660,2023-11-22 18:00:00,2023,11,22,18,0,38,38185,BERRIAT (COURS)            100-93 A 148-,45.18857,5.71068,Nuit avec éclairage allumé,En agglomération,Autre intersection,Normale,Deux véhicules - côté,4,2,2,3,1,1,1,4,6,30,2,2,1,0,0,1,48.0,40.0,transport_commun,deux_roues,5,2,9,1,3
202300010661,2023-03-20 20:20:00,2023,3,20,20,20,92,92024,MARTRE (RUE) DE (59 A 109)   (58 A 120),48.90321,2.30601,Nuit avec éclairage allumé,En agglomération,Hors intersection,Normale,Trois véhicules et plus - collisions multiples,3,1,3,0,1,1,2,0,1,50,3,3,2,0,0,1,38.0,55.0,deux_roues,voiture,5,2,1,1,5
202300010662,2023-12-29 12:15:00,2023,12,29,12,15,93,93005,Rue Calmette et Guerin,48.95203,2.516178,Plein jour,En agglomération,Autre intersection,Normale,Deux véhicules - côté,4,2,2,0,1,1,1,0,1,50,2,3,1,0,0,2,49.0,20.0,voiture,voiture,1,2,9,1,3
202300010663,2023-06-03 12:15:00,2023,6,3,12,15,69,69115,Autoroute 6 ,45.974553,4.733723,Plein jour,Hors agglomération,Hors intersection,Normale,Deux véhicules - arrière,1,3,6,0,1,1,1,9,1,130,2,3,2,0,1,0,66.0,57.0,deux_roues,voiture,1,1,1,1,2
202300010664,2023-11-22 15:50:00,2023,11,22,15,50,37,37261,EUROPE (AVENUE DE L'),47.42281,0.68569,Plein jour,En agglomération,Intersection en X,Normale,Deux véhicules - côté,4,2,2,0,1,1,1,0,8,30,2,2,1,0,0,1,29.0,56.0,voiture,transport_commun,1,2,2,1,3
202300010664,2023-11-22 15:50:00,2023,11,22,15,50,37,37261,EUROPE (AVENUE DE L'),47.42281,0.68569,Plein jour,En agglomération,Intersection en X,Normale,Deux véhicules - côté,4,2,2,3,1,1,1,0,8,40,2,2,1,0,0,1,29.0,56.0,voiture,transport_commun,1,2,2,1,3
202300010665,2023-07-09 06:25:00,2023,7,9,6,25,10,10332,Rue des Charmottes,48.275258,4.183056,Crépuscule ou aube,En agglomération,Hors intersection,Normale,Autre collision,4,2,2,0,1,2,1,0,1,50,1,1,0,0,1,0,19.0,,voiture,,2,2,1,1,6
202300010666,2023-08-15 12:45:00,2023,8,15,12,45,2B,2B033,TOUTES RUES,42.70262,9.45213,Plein jour,En agglomération,Intersection en X,Normale,Deux véhicules - côté,4,1,1,0,1,1,1,0,1,50,2,3,0,0,0,3,31.0,18.0,voiture,deux_roues,1,2,2,1,3
202300010666,2023-08-15 12:45:00,2023,8,15,12,45,2B,2B033,TOUTES RUES,42.70262,9.45213,Plein jour,En agglomération,Intersection en X,Normale,Deux véhicules - côté,4,2,1,0,1,1,1,0,1,50,2,3,0,0,0,3,31.0,18.0,voiture,deux_roues,1,2,2,1,3
202300010667,2023-12-29 13:36:00,2023,12,29,13,36,93,93001,Avenue Victor Hugo,48.90660199,2.37577297,Plein jour,En agglomération,Hors intersection,Normale,Sans collision,3,2,5,3,2,1,1,0,1,50,1,2,1,0,0,1,40.0,,voiture,,1,2,1,1,7
202300010668,2023-06-05 08:15:00,2023,6,5,8,15,60,60482,D118,49.13942356,2.48860376,Crépuscule ou aube,En agglomération,Hors intersection,Normale,Autre collision,3,2,2,0,3,3,1,0,1,30,1,2,1,0,0,1,55.0,,voiture,,2,2,1,1,6
202300010669,2023-11-22 12:15:00,2023,11,22,12,15,37,37261,PALISSY (RUE BERNARD),47.39355,0.693,Plein jour,En agglomération,Hors intersection,Normale,Autre collision,4,2,1,0,1,1,1,0,1,30,1,2,0,0,0,2,14.0,,deux_roues,,1,2,1,1,6
202300010670,2023-03-20 16:40:00,2023,3,20,16,40,92,92024,GENERAL LECLERC (BD DU) (9 A 59)   (4 A,48.9013,2.31524,Plein jour,En agglomération,Intersection en X,Normale,Deux véhicules - côté,3,2,4,2,1,1,2,0,1,50,2,2,1,0,0,1,39.0,37.0,deux_roues,voiture,1,2,2,1,3
202300010670,2023-03-20 16:40:00,2023,3,20,16,40,92,92024,GENERAL LECLERC (BD DU) (9 A 59)   (4 A,48.9013,2.31524,Plein jour,En agglomération,Intersection en X,Normale,Deux véhicules - côté,3,1,4,0,1,1,1,0,1,50,2,2,1,0,0,1,39.0,37.0,deux_roues,voiture,1,2,2,1,3
202300010671,2023-08-15 02:35:00,2023,8,15,2,35,971,97113,RN4 - SECTION RIVIERA,16.21893,-61.50346,Nuit sans éclairage public,Hors agglomération,Hors intersection,Normale,Deux véhicules - frontale,2,2,3,0,1,1,1,0,1,50,2,3,0,0,2,1,32.0,44.0,voiture,voiture,3,1,1,1,1
202300010672,2023-07-09 17:35:00,2023,7,9,17,35,53,53188,44 Rue de l'Aubinière,47.796289,-1.057675,Plein jour,En agglomération,Hors intersection,Normale,Deux véhicules - frontale,3,2,2,0,1,1,1,0,1,50,2,4,2,0,1,1,75.0,60.0,voiture,voiture,1,2,1,1,1
202300010673,2023-12-29 18:20:00,2023,12,29,18,20,92,92046,GABRIEL PERI,48.81931737,2.30448537,Nuit avec éclairage allumé,En agglomération,Intersection en T,Temps couvert,Deux véhicules - côté,3,2,2,0,1,1,2,0,1,50,2,2,1,0,0,1,53.0,20.0,deux_roues,deux_roues,5,2,3,8,3
202300010673,2023-12-29 18:20:00,2023,12,29,18,20,92,92046,GABRIEL PERI,48.81931737,2.30448537,Nuit avec éclairage allumé,En agglomération,Intersection en T,Temps couvert,Deux véhicules - côté,3,1,1,0,1,1,2,0,1,50,2,2,1,0,0,1,53.0,20.0,deux_roues,deux_roues,5,2,3,8,3
202300010674,2023-03-20 05:10:00,2023,3,20,5,10,92,92023,GENERAL DE GAULLE (AVENUE DU),48.78919,2.26089,Nuit avec éclairage allumé,En agglomération,Hors intersection,Normale,Autre collision,3,2,2,0,1,1,1,0,1,50,1,1,0,0,0,1,54.0,,deux_roues,,5,2,1,1,6
202300010675,2023-07-09 15:50:00,2023,7,9,15,50,53,53267,La couture,48.025122,-0.44574,Plein jour,Hors agglomération,Hors intersection,Normale,Sans collision,3,2,2,0,1,1,1,0,3,80,1,1,0,0,1,0,63.0,,voiture,,1,1,1,1,7
202300010676,2023-11-22 19:15:00,2023,11,22,19,15,35,35334,RN136,48.1432,-1.58703,Nuit sans éclairage public,Hors agglomération,Hors intersection,Normale,Deux véhicules - arrière,2,3,6,0,1,1,1,0,1,90,2,3,1,0,0,2,48.0,30.0,voiture,voiture,3,1,1,1,2
202300010677,2023-08-14 16:25:00,2023,8,14,16,25,971,97101,Aeroport Pole Caraibe,16.27577,-61.51947,Plein jour,Hors agglomération,Hors intersection,Normale,Deux véhicules - frontale,4,-1,1,0,2,3,1,0,1,70,2,2,1,0,0,1,42.0,43.0,voiture,voiture,1,1,1,1,1
202300010678,2023-06-03 12:45:00,2023,6,3,12,45,987,98724,District de Fare - Marina de Fare,-16.752,-150.997,Plein jour,Hors agglomération,Hors intersection,Normale,Deux véhicules - frontale,3,2,2,0,1,3,1,0,1,60,2,3,1,0,2,0,40.0,34.0,deux_roues,voiture,1,1,1,1,1
202300010679,2023-12-29 10:27:00,2023,12,29,10,27,92,92073,SELLIER (BOULEVARD HENRI),48.86502119,2.21922129,Plein jour,En agglomération,Hors intersection,Normale,Deux véhicules - côté,3,1,2,0,2,3,1,0,1,50,2,2,1,0,1,0,64.0,56.0,deux_roues,voiture,1,2,1,1,3
202300010680,2023-03-20 20:40:00,2023,3,20,20,40,92,92012,REPUBLIQUE (BOULEVARD DE LA) 79/FIN - 76,48.8332235,2.24526376,Nuit avec éclairage allumé,En agglomération,Hors intersection,Pluie légère,Sans collision,3,-1,0,0,1,1,2,0,4,-1,1,1,0,0,0,1,15.0,,deux_roues,,5,2,1,2,7
202300010681,2023-11-20 11:50:00,2023,11,20,11,50,34,34301,BOSC (QUAI DE),43.40907,3.69463,Plein jour,En agglomération,Hors intersection,Normale,Autre collision,4,1,2,0,1,1,1,0,1,30,1,2,1,0,0,1,43.0,,voiture,,1,2,1,1,6
202300010682,2023-08-15 21:40:00,2023,8,15,21,40,95,95197,D928,48.96019,2.32695,Nuit avec éclairage allumé,En agglomération,Autre intersection,Normale,Deux véhicules - côté,3,2,2,0,1,1,1,0,1,50,2,2,1,0,0,1,22.0,30.0,voiture,deux_roues,5,2,9,1,3
202300010683,2023-12-29 12:55:00,2023,12,29,12,55,92,92051,"ROULE (AVENUE DU, N° 29 A 91 ET 30 A 86)",48.8827161,2.27651596,Plein jour,En agglomération,Hors intersection,Normale,Deux véhicules - côté,4,3,2,0,1,1,1,0,1,50,2,2,1,0,0,1,28.0,60.0,deux_roues,utilitaire_camion,1,2,1,1,3
202300010684,2023-05-26 19:58:00,2023,5,26,19,58,987,98733,PK19,-17.668476,-149.592977,Nuit avec éclairage allumé,En agglomération,Hors intersection,Normale,Deux véhicules - frontale,2,2,2,1,1,1,1,0,1,60,2,2,0,0,1,1,30.0,24.0,deux_roues,deux_roues,5,2,1,1,1
202300010685,2023-07-09 08:45:00,2023,7,9,8,45,40,40175,D 30,43.835719,-0.370231,Plein jour,Hors agglomération,Hors intersection,Normale,Trois véhicules et plus - collisions multiples,3,2,2,0,1,1,1,0,1,80,3,8,3,0,1,4,29.0,40.0,voiture,voiture,1,1,1,1,5
202300010686,2023-08-16 01:00:00,2023,8,16,1,0,95,95476,D915,49.07529,2.07681,Nuit sans éclairage public,Hors agglomération,Hors intersection,Normale,Autre collision,3,3,0,0,1,1,1,0,1,70,1,1,0,0,0,1,25.0,,deux_roues,,3,1,1,1,6
202300010687,2023-03-20 13:40:00,2023,3,20,13,40,92,92012,EDOUARD VAILLANT (AVENUE) 57/FIN - 58/FI,48.83554,2.24946,Plein jour,En agglomération,Intersection en X,Normale,Deux véhicules - frontale,3,2,4,0,1,1,1,0,1,50,2,3,1,0,0,2,65.0,52.0,voiture,deux_roues,1,2,2,1,1
202300010687,2023-03-20 13:40:00,2023,3,20,13,40,92,92012,EDOUARD VAILLANT (AVENUE) 57/FIN - 58/FI,48.83554,2.24946,Plein jour,En agglomération,Intersection en X,Normale,Deux véhicules - frontale,3,2,2,0,1,1,1,0,1,50,2,3,1,0,0,2,65.0,52.0,voiture,deux_roues,1,2,2,1,1
202300010688,2023-11-22 18:05:00,2023,11,22,18,5,34,34172,MOULARES (CHEMIN DE,43.5983,3.89331,Nuit avec éclairage allumé,En agglomération,Hors intersection,Normale,Deux véhicules - arrière,4,2,3,0,1,1,1,0,1,30,2,2,1,0,0,1,49.0,45.0,voiture,voiture,5,2,1,1,2
202300010689,2023-07-09 15:15:00,2023,7,9,15,15,24,24484,Route de Fayard,45.118298,0.87612,Plein jour,Hors agglomération,Hors intersection,Normale,Sans collision,4,2,2,0,1,1,1,0,1,80,1,1,0,0,1,0,62.0,,deux_roues,,1,1,1,1,7
202300010690,2023-12-29 15:15:00,2023,12,29,15,15,92,92044,ED.VAILLANT(RUE) 47A73 ET 50A78,48.89452823,2.29033493,Plein jour,En agglomération,Intersection en T,Temps couvert,Deux véhicules - côté,4,1,2,1,1,1,1,0,5,50,2,2,1,0,0,1,21.0,22.0,deux_roues,voiture,1,2,3,8,3
202300010690,2023-12-29 15:15:00,2023,12,29,15,15,92,92044,ED.VAILLANT(RUE) 47A73 ET 50A78,48.89452823,2.29033493,Plein jour,En agglomération,Intersection en T,Temps couvert,Deux véhicules - côté,4,1,1,0,1,1,1,0,1,50,2,2,1,0,0,1,21.0,22.0,deux_roues,voiture,1,2,3,8,3
202300010691,2023-07-07 16:00:00,2023,7,7,16,0,28,28203,d920,48.462365,1.208861,Plein jour,Hors agglomération,Hors intersection,Normale,Autre collision,3,2,2,0,1,1,1,0,3,80,1,1,0,0,1,0,22.0,,voiture,,1,1,1,1,6
202300010692,2023-11-22 17:30:00,2023,11,22,17,30,33,33318,11bis Avenue Pierre Wiehn,44.80152,-0.63122,Plein jour,En agglomération,Hors intersection,Normale,Deux véhicules - côté,4,2,2,0,1,1,1,0,1,50,2,2,1,0,0,1,25.0,51.0,deux_roues,voiture,1,2,1,1,3
202300010693,2023-05-26 13:20:00,2023,5,26,13,20,987,98733,PK 23.500,-17.706399,-149.583921,Plein jour,En agglomération,Hors intersection,Normale,Autre collision,2,2,2,1,1,1,1,0,5,60,1,2,1,0,1,0,38.0,,utilitaire_camion,,1,2,1,1,6
202300010694,2023-08-14 17:15:00,2023,8,14,17,15,91,91421,NATIONALE 6 (GLACIERE),48.70307,2.44369,Plein jour,Hors agglomération,Hors intersection,Pluie légère,Sans collision,3,3,4,0,1,1,2,0,1,90,1,5,0,0,1,4,20.0,,voiture,,1,1,1,2,7
202300010695,2023-03-14 23:37:00,2023,3,14,23,37,92,92004,AULAGNIER ( QUAI ),48.91407,2.30991,Nuit avec éclairage allumé,En agglomération,Intersection en T,Normale,Autre collision,3,-1,2,0,1,1,1,0,1,50,2,2,1,0,0,1,,28.0,autre,deux_roues,5,2,3,1,6
202300010695,2023-03-14 23:37:00,2023,3,14,23,37,92,92004,AULAGNIER ( QUAI ),48.91407,2.30991,Nuit avec éclairage allumé,En agglomération,Intersection en T,Normale,Autre collision,3,1,2,0,1,1,1,0,1,50,2,2,1,0,0,1,,28.0,autre,deux_roues,5,2,3,1,6
202300010696,2023-12-28 12:57:00,2023,12,28,12,57,92,92025,ESTIENNE D'ORVES (RUE),48.90938305,2.2318992,Plein jour,En agglomération,Hors intersection,Temps couvert,Deux véhicules - côté,4,2,2,0,1,1,1,0,1,50,2,2,1,0,0,1,19.0,34.0,deux_roues,voiture,1,2,1,8,3
202300010697,2023-08-15 14:15:00,2023,8,15,14,15,83,83061,AVENUE GÉNÉRAL NORBERT RIERA,43.448082,6.748624,Plein jour,En agglomération,Hors intersection,Normale,Sans collision,4,2,2,0,2,1,1,0,1,50,1,1,0,1,0,0,36.0,,deux_roues,,1,2,1,1,7
202300010698,2023-03-19 19:45:00,2023,3,19,19,45,83,83049,D97,43.244634,6.084864,Nuit sans éclairage public,En agglomération,Hors intersection,Normale,Autre collision,3,2,2,0,1,1,2,0,3,50,1,1,0,0,0,1,40.0,,voiture,,3,2,1,1,6
202300010699,2023-07-09 12:20:00,2023,7,9,12,20,30,30307,N106,44.169777,4.051176,Plein jour,Hors agglomération,Intersection en T,Normale,Deux véhicules - côté,2,2,1,0,1,1,1,5,1,80,2,2,0,0,0,2,54.0,74.0,voiture,voiture,1,1,3,1,3
202300010699,2023-07-09 12:20:00,2023,7,9,12,20,30,30307,N106,44.169777,4.051176,Plein jour,Hors agglomération,Intersection en T,Normale,Deux véhicules - côté,2,2, -1,-1,1,1,1,0,1,-1,2,2,0,0,0,2,54.0,74.0,voiture,voiture,1,1,3,1,3
202300010700,2023-05-06 08:40:00,2023,5,6,8,40,987,98733,Grottes de Maraa,-17.74649,-149.564781,Plein jour,En agglomération,Hors intersection,Normale,Deux véhicules - côté,2,2,2,2,1,1,1,0,1,60,2,2,1,0,1,0,56.0,22.0,voiture,deux_roues,1,2,1,1,3
202300010701,2023-11-22 08:20:00,2023,11,22,8,20,33,33529,CAZAUX (BD DE) DU 02 ET +,44.60921,-1.13223,Plein jour,En agglomération,Hors intersection,Normale,Trois véhicules et plus - en chaîne,3,2,2,0,1,1,1,0,1,50,3,4,3,0,0,1,28.0,65.0,utilitaire_camion,voiture,1,2,1,1,4
202300010702,2023-12-29 14:15:00,2023,12,29,14,15,92,92023,GENERAL DE GAULLE (AVENUE DU) N°2 A 132,48.79284049,2.26980105,Plein jour,En agglomération,Hors intersection,Normale,Deux véhicules - côté,3,1,2,0,1,1,1,0,1,50,2,2,1,0,1,0,41.0,45.0,voiture,deux_roues,1,2,1,1,3
202300010703,2023-08-14 21:25:00,2023,8,14,21,25,77,77501,RTE DE MORET,48.34001,2.8463,Nuit avec éclairage allumé,Hors agglomération,Hors intersection,Normale,Autre collision,3,2,2,0,1,3,1,0,8,70,1,1,0,0,1,0,63.0,,voiture,,5,1,1,1,6
202300010704,2023-07-08 15:45:00,2023,7,8,15,45,88,88454,Route de Vaudéville,48.240724,6.537552,Plein jour,Hors agglomération,Hors intersection,Normale,Sans collision,4,2,2,0,1,2,9,0,1,80,1,1,0,0,1,0,35.0,,deux_roues,,1,1,1,1,7
202300010705,2023-11-21 15:50:00,2023,11,21,15,50,31,31555,BD DE MARENGO,43.61066,1.45701,Plein jour,En agglomération,Hors intersection,Normale,Autre collision,4,1,3,2,1,1,1,0,1,50,1,2,1,0,1,0,57.0,,voiture,,1,2,1,1,6
202300010706,2023-12-26 11:30:00,2023,12,26,11,30,86,86190,Lieu Dit la Baudiere,46.345632,0.721056,Plein jour,Hors agglomération,Hors intersection,Normale,Sans collision,3,2,2,0,1,1,1,0,1,80,1,2,1,0,0,1,63.0,,voiture,,1,1,1,1,7
202300010707,2023-06-05 08:54:00,2023,6,5,8,54,971,97108,Lieu Dit Girard,15.912109,-61.21346,Plein jour,En agglomération,Hors intersection,Normale,Sans collision,4,2,2,0,1,1,1,0,8,50,1,1,0,1,0,0,80.0,,voiture,,1,2,1,1,7
202300010708,2023-03-20 18:40:00,2023,3,20,18,40,62,62647,D123,50.380591,2.105159,Plein jour,En agglomération,Hors intersection,Pluie légère,Deux véhicules - frontale,3,2,2,0,2,4,2,0,1,50,2,4,0,0,1,3,46.0,41.0,voiture,voiture,1,2,1,2,1
202300010709,2023-08-15 06:45:00,2023,8,15,6,45,74,74298,COLLINE (ROUTE DE LA ),46.186784,6.257519,Plein jour,En agglomération,Giratoire,Normale,Deux véhicules - côté,4,2,2,0,2,1,1,5,1,50,2,2,1,0,0,1,34.0,43.0,deux_roues,voiture,1,2,6,1,3
202300010709,2023-08-15 06:45:00,2023,8,15,6,45,74,74298,COLLINE (ROUTE DE LA ),46.186784,6.257519,Plein jour,En agglomération,Giratoire,Normale,Deux véhicules - côté,4,2,2,0,2,1,1,5,1,50,2,2,1,0,0,1,34.0,43.0,deux_roues,voiture,1,2,6,1,3
202300010710,2023-07-09 21:15:00,2023,7,9,21,15,39,39159,,46.88272,5.586265,Crépuscule ou aube,Hors agglomération,Hors intersection,Normale,Deux véhicules - arrière,1,3,4,0,1,1,1,0,1,130,2,3,1,0,0,2,80.0,32.0,voiture,utilitaire_camion,2,1,1,1,2
202300010711,2023-12-29 04:10:00,2023,12,29,4,10,2A,2A348,RD 70,42.151975,8.753872,Nuit sans éclairage public,Hors agglomération,Hors intersection,Normale,Autre collision,3,2,2,0,2,3,1,0,8,80,1,2,0,0,1,1,24.0,,voiture,,3,1,1,1,6
202300010712,2023-03-21 15:15:00,2023,3,21,15,15,62,62196,D139,50.47578391,1.72789322,Plein jour,En agglomération,Hors intersection,Autre,Autre collision,3,2,2,0,1,1,2,0,3,50,1,1,0,0,1,0,17.0,,voiture,,1,2,1,9,6
202300010713,2023-11-21 13:35:00,2023,11,21,13,35,29,29019,rue Edouard Corbière,48.39178,-4.47419,Plein jour,En agglomération,Intersection en X,Normale,Autre collision,4,2,2,0,3,1,1,0,1,50,1,2,1,0,1,0,47.0,,voiture,,1,2,2,1,6
202300010713,2023-11-21 13:35:00,2023,11,21,13,35,29,29019,rue Edouard Corbière,48.39178,-4.47419,Plein jour,En agglomération,Intersection en X,Normale,Autre collision,4,2,2,0,1,1,1,0,1,50,1,2,1,0,1,0,47.0,,voiture,,1,2,2,1,6
202300010714,2023-12-30 17:40:00,2023,12,30,17,40,28,28022,Route Departementale 939,48.487487,1.391435,Nuit sans éclairage public,Hors agglomération,Hors intersection,Pluie légère,Sans collision,3,2,2,0,1,1,2,0,8,80,1,1,0,0,1,0,39.0,,utilitaire_camion,,3,1,1,2,7
202300010715,2023-08-15 16:00:00,2023,8,15,16,0,64,64335,D817,43.34286,-0.41273,Plein jour,Hors agglomération,Hors intersection,Normale,Deux véhicules - arrière,3,2,2,0,1,1,1,0,1,80,2,4,1,0,0,3,19.0,23.0,voiture,voiture,1,1,1,1,2
202300010716,2023-07-09 19:00:00,2023,7,9,19,0,69,69385,60 Avenue Général Eisenhower,45.7511906,4.78148847,Crépuscule ou aube,En agglomération,Hors intersection,Normale,Deux véhicules - frontale,4,2,3,2,1,1,1,0,1,50,2,3,1,0,0,2,24.0,27.0,voiture,deux_roues,2,2,1,1,1
202300010717,2023-03-21 17:50:00,2023,3,21,17,50,40,40167,D315 PK 19 +275,44.247293,-0.557325,Plein jour,Hors agglomération,Hors intersection,Normale,Sans collision,3,2,2,0,1,1,1,0,3,80,1,1,0,1,0,0,42.0,,voiture,,1,1,1,1,7
202300010718,2023-06-03 19:30:00,2023,6,3,19,30,972,97224,route de jambette beauséjour,14.649585,-61.043043,Nuit sans éclairage public,En agglomération,Hors intersection,Normale,Deux véhicules - frontale,3,2,2,0,3,2,1,0,1,50,2,4,0,0,1,3,23.0,25.0,voiture,voiture,3,2,1,1,1
202300010719,2023-11-22 19:00:00,2023,11,22,19,0,28,28332,KENNEDY (AVENUE DU PRESIDENT),48.72787,1.38923,Nuit avec éclairage allumé,En agglomération,Intersection en Y,Normale,Deux véhicules - frontale,2,2,2,0,1,1,1,0,1,50,2,2,1,0,0,1,22.0,26.0,deux_roues,voiture,5,2,4,1,1
202300010719,2023-11-22 19:00:00,2023,11,22,19,0,28,28332,KENNEDY (AVENUE DU PRESIDENT),48.72787,1.38923,Nuit avec éclairage allumé,En agglomération,Intersection en Y,Normale,Deux véhicules - frontale,2,2,2,0,1,1,1,0,1,80,2,2,1,0,0,1,22.0,26.0,deux_roues,voiture,5,2,4,1,1
202300010720,2023-12-29 14:45:00,2023,12,29,14,45,86,86170,Route Nationale N°147,46.331001,0.811376,Plein jour,En agglomération,Intersection en X,Normale,Deux véhicules - côté,2,2,2,0,2,1,1,5,1,50,2,2,1,0,0,1,43.0,21.0,voiture,voiture,1,2,2,1,3
202300010720,2023-12-29 14:45:00,2023,12,29,14,45,86,86170,Route Nationale N°147,46.331001,0.811376,Plein jour,En agglomération,Intersection en X,Normale,Deux véhicules - côté,2,2, -1,-1,2,3,1,5,1,50,2,2,1,0,0,1,43.0,21.0,voiture,voiture,1,2,2,1,3
202300010721,2023-08-15 08:45:00,2023,8,15,8,45,64,64445,DIDIER DAURAT,43.33113,-0.3796,Plein jour,En agglomération,Intersection en X,Temps couvert,Deux véhicules - côté,4,2,2,0,1,1,1,0,1,50,2,2,1,0,0,1,78.0,20.0,voiture,deux_roues,1,2,2,8,3
202300010721,2023-08-15 08:45:00,2023,8,15,8,45,64,64445,DIDIER DAURAT,43.33113,-0.3796,Plein jour,En agglomération,Intersection en X,Temps couvert,Deux véhicules - côté,4,3,2,0,1,1,1,0,1,50,2,2,1,0,0,1,78.0,20.0,voiture,deux_roues,1,2,2,8,3
202300010722,2023-11-22 18:00:00,2023,11,22,18,0,28,28134,VIEUX PRE (RUE DU),48.73206,1.36477,Crépuscule ou aube,En agglomération,Hors intersection,Normale,Autre collision,3,2,2,0,1,1,1,0,1,30,1,2,1,0,1,0,51.0,,deux_roues,,2,2,1,1,6
202300010723,2023-05-21 08:58:00,2023,5,21,8,58,06,06004,"A8, PK 172.000 voie nord",43.603299,7.083306,Plein jour,Hors agglomération,Hors intersection,Normale,Trois véhicules et plus - en chaîne,1,3,3,0,1,1,1,0,1,110,3,4,3,0,0,1,23.0,31.0,voiture,voiture,1,1,1,1,4
202300010724,2023-03-20 18:20:00,2023,3,20,18,20,35,35193,,48.238062,-1.709978,Plein jour,Hors agglomération,Intersection en T,Normale,Deux véhicules - arrière,3,2,2,0,2,1,1,0,1,80,2,2,1,0,1,0,62.0,33.0,voiture,deux_roues,1,1,3,1,2
202300010724,2023-03-20 18:20:00,2023,3,20,18,20,35,35193,,48.238062,-1.709978,Plein jour,Hors agglomération,Intersection en T,Normale,Deux véhicules - arrière,3,2,2,0,1,2,1,0,1,80,2,2,1,0,1,0,62.0,33.0,voiture,deux_roues,1,1,3,1,2
202300010725,2023-08-15 09:16:00,2023,8,15,9,16,64,64445,BOSQUET,43.2972,-0.36643,Plein jour,En agglomération,Hors intersection,Normale,Deux véhicules - arrière,4,-1,2,0,1,1,1,0,1,30,2,2,1,0,0,1,73.0,22.0,voiture,deux_roues,1,2,1,1,2
202300010726,2023-11-22 09:45:00,2023,11,22,9,45,28,28134,BOIS SABOT (RUE DU),48.73682,1.36194,Crépuscule ou aube,En agglomération,Hors intersection,Normale,Autre collision,4,2,2,0,1,1,1,9,1,50,1,3,2,0,0,1,60.0,,voiture,,2,2,1,1,6
202300010727,2023-03-20 21:15:00,2023,3,20,21,15,89,89239,rue de l'industrie,48.186093,3.318143,Nuit sans éclairage public,En agglomération,Intersection en Y,Normale,Autre collision,4,2,2,0,1,3,1,0,4,70,1,1,0,0,1,0,31.0,,deux_roues,,3,2,4,1,6
202300010727,2023-03-20 21:15:00,2023,3,20,21,15,89,89239,rue de l'industrie,48.186093,3.318143,Nuit sans éclairage public,En agglomération,Intersection en Y,Normale,Autre collision,4,2,2,-1,1,2,-1,0,8,50,1,1,0,0,1,0,31.0,,deux_roues,,3,2,4,1,6
202300010728,2023-07-09 17:45:00,2023,7,9,17,45,90,90080,A36,47.65643,6.939235,Plein jour,Hors agglomération,Hors intersection,Normale,Deux véhicules - arrière,1,3,2,0,1,1,1,0,1,130,2,4,3,0,0,1,34.0,54.0,voiture,voiture,1,1,1,1,2