accident_id,datetime,annee,mois,jour,heure,minute,departement,commune_insee,adresse,latitude,longitude,luminosite,agglomeration,intersection,meteo,collision,catr,circ,nbv,vosp,prof,plan,surf,infra,situ,vma,nb_vehicules,nb_usagers,nb_indemnes,nb_tues,nb_blesses_hosp,nb_blesses_legers,age_cond_1,age_cond_2,veh_type_cond_1,veh_type_cond_2,lum_code,agg_code,int_code,atm_code,col_code
202300010729,2023-06-05 08:01:00,2023,6,5,8,1,33,33199,Cours de Verdun,44.63625,-1.080726,Plein jour,En agglomération,Intersection en X,Normale,Deux véhicules - côté,3,2,2,0,1,1,1,0,1,50,2,2,1,0,1,0,43.0,49.0,voiture,deux_roues,1,2,2,1,3
202300010729,2023-06-05 08:01:00,2023,6,5,8,1,33,33199,Cours de Verdun,44.63625,-1.080726,Plein jour,En agglomération,Intersection en X,Normale,Deux véhicules - côté,3,2,2,-1,1,1,1,0,1,-1,2,2,1,0,1,0,43.0,49.0,voiture,deux_roues,1,2,2,1,3
202300010730,2023-12-14 17:10:00,2023,12,14,17,10,22,22225,N12 PR82+0500,48.5407,-3.07137,Crépuscule ou aube,Hors agglomération,Hors intersection,Normale,Trois véhicules et plus - en chaîne,2,3,2,0,1,1,2,0,1,110,5,6,3,0,0,3,23.0,39.0,utilitaire_camion,voiture,2,1,1,1,4
202300010731,2023-03-21 00:55:00,2023,3,21,0,55,62,62129,D7,50.11772214,2.81561953,Nuit sans éclairage public,Hors agglomération,Hors intersection,Normale,Sans collision,3,2,2,0,2,3,2,0,8,80,1,1,0,1,0,0,19.0,,voiture,,3,1,1,1,7
202300010732,2023-07-09 21:50:00,2023,7,9,21,50,27,27518,A 131,49.451361,0.544553,Crépuscule ou aube,Hors agglomération,Hors intersection,Normale,Autre collision,1,1,2,0,1,3,1,3,3,130,1,1,0,0,1,0,21.0,,voiture,,2,1,1,1,6
202300010733,2023-08-15 23:15:00,2023,8,15,23,15,64,64125,CUMBA (AVENUE),43.44668,-1.58,Nuit avec éclairage allumé,En agglomération,Intersection en T,Normale,Deux véhicules - côté,3,2,2,0,2,1,1,0,1,30,2,3,2,1,0,0,39.0,45.0,deux_roues,voiture,5,2,3,1,3
202300010733,2023-08-15 23:15:00,2023,8,15,23,15,64,64125,CUMBA (AVENUE),43.44668,-1.58,Nuit avec éclairage allumé,En agglomération,Intersection en T,Normale,Deux véhicules - côté,3,2,2,0,2,1,1,0,1,50,2,3,2,1,0,0,39.0,45.0,deux_roues,voiture,5,2,3,1,3
202300010734,2023-11-21 17:35:00,2023,11,21,17,35,27,27229,GAMBETTA (BOULEVARD),49.01875,1.1442,Nuit avec éclairage allumé,En agglomération,Hors intersection,Pluie légère,Trois véhicules et plus - collisions multiples,4,-1,3,0,2,1,2,0,1,50,4,4,2,0,0,2,60.0,42.0,voiture,voiture,5,2,1,2,5
202300010735,2023-06-04 17:25:00,2023,6,4,17,25,77,77322,D26e,49.070881,2.618185,Plein jour,Hors agglomération,Hors intersection,Normale,Deux véhicules - côté,3,2,2,0,2,2,1,0,1,80,2,2,1,0,1,0,34.0,,deux_roues,voiture,1,1,1,1,3
202300010736,2023-03-20 17:50:00,2023,3,20,17,50,56,56123,Ville Es Braies,47.687146,-2.338564,Plein jour,Hors agglomération,Hors intersection,Normale,Deux véhicules - frontale,3,2,2,0,3,3,1,0,1,80,2,2,1,0,1,0,40.0,23.0,voiture,deux_roues,1,1,1,1,1
202300010737,2023-07-09 00:45:00,2023,7,9,0,45,84,84087,A9,44.098434,4.78858,Nuit sans éclairage public,Hors agglomération,Hors intersection,Normale,Deux véhicules - arrière,1,-1,2,0,1,2,1,0,1,130,2,3,1,0,1,1,58.0,45.0,voiture,voiture,3,1,1,1,2
202300010738,2023-08-10 07:35:00,2023,8,10,7,35,62,62193,Boulevard Léon Gambetta,50.94707,1.84826,Plein jour,En agglomération,Intersection en X,Temps éblouissant,Deux véhicules - frontale,4,2,2,1,1,1,1,0,1,50,2,2,1,0,0,1,52.0,52.0,deux_roues,voiture,1,2,2,7,1
202300010738,2023-08-10 07:35:00,2023,8,10,7,35,62,62193,Boulevard Léon Gambetta,50.94707,1.84826,Plein jour,En agglomération,Intersection en X,Temps éblouissant,Deux véhicules - frontale,4,1,1,0,1,1,1,0,1,50,2,2,1,0,0,1,52.0,52.0,deux_roues,voiture,1,2,2,7,1
202300010739,2023-03-20 19:15:00,2023,3,20,19,15,79,79063,,47.002668,-0.367291,Nuit sans éclairage public,Hors agglomération,Hors intersection,Normale,Sans collision,3,2,2,0,1,1,1,0,1,80,1,1,0,0,0,1,21.0,,deux_roues,,3,1,1,1,7
202300010740,2023-06-04 09:00:00,2023,6,4,9,0,77,77264,D201,48.697996,2.963471,Plein jour,Hors agglomération,Hors intersection,Normale,Sans collision,3,2,2,0,2,1,1,0,1,80,1,1,0,1,0,0,64.0,,deux_roues,,1,1,1,1,7
202300010741,2023-07-10 04:30:00,2023,7,10,4,30,13,13001,A8,43.523496,5.408431,Nuit sans éclairage public,Hors agglomération,Hors intersection,Normale,Deux véhicules - arrière,1,1,3,0,4,1,1,0,1,90,2,4,2,0,1,1,28.0,49.0,utilitaire_camion,utilitaire_camion,3,1,1,1,2
202300010742,2023-08-15 18:50:00,2023,8,15,18,50,62,62160,D236,50.71697,1.59291,Plein jour,En agglomération,Intersection en T,Temps éblouissant,Deux véhicules - côté,3,2,2,1,1,1,1,0,5,50,2,4,3,0,1,0,72.0,25.0,deux_roues,voiture,1,2,3,7,3
202300010742,2023-08-15 18:50:00,2023,8,15,18,50,62,62160,D236,50.71697,1.59291,Plein jour,En agglomération,Intersection en T,Temps éblouissant,Deux véhicules - côté,3,2,3,0,4,1,1,0,5,50,2,4,3,0,1,0,72.0,25.0,deux_roues,voiture,1,2,3,7,3
202300010743,2023-11-21 17:35:00,2023,11,21,17,35,22,22187,CHANOINE GUINARD (QUAI DU),48.52415,-2.74781,Nuit sans éclairage public,En agglomération,Place,Temps couvert,Autre collision,4,2,2,0,1,1,2,0,1,50,1,2,1,0,0,1,90.0,,voiture,,3,2,7,8,6
202300010744,2023-03-20 21:00:00,2023,3,20,21,0,11,11397,D3,43.203186,2.430752,Nuit avec éclairage allumé,En agglomération,Hors intersection,Normale,Deux véhicules - frontale,3,2,2,0,1,1,1,0,1,50,2,2,0,0,2,0,34.0,40.0,voiture,voiture,5,2,1,1,1
202300010745,2023-06-04 16:10:00,2023,6,4,16,10,77,77480,D107,48.445493,2.883106,Plein jour,Hors agglomération,Hors intersection,Normale,Deux véhicules - frontale,3,2,2,0,1,3,1,0,3,80,1,1,0,0,1,0,29.0,,deux_roues,,1,1,1,1,1
202300010746,2023-08-15 08:00:00,2023,8,15,8,0,62,62035,Rue Frederic Joliot Curie,50.53104537,2.60472679,Plein jour,En agglomération,Hors intersection,Normale,Autre collision,4,2,2,0,1,2,1,0,3,50,1,1,0,1,0,0,72.0,,voiture,,1,2,1,1,6
202300010747,2023-12-30 10:05:00,2023,12,30,10,5,71,71052,autroute A6,46.592888,4.896571,Plein jour,Hors agglomération,Hors intersection,Normale,Trois véhicules et plus - en chaîne,1,3,3,0,1,1,1,0,1,130,5,15,14,0,0,1,38.0,56.0,voiture,voiture,1,1,1,1,4
202300010748,2023-07-09 17:40:00,2023,7,9,17,40,13,13112,A7 - PK 252.000 - SENS SUD NORD,43.512985,5.233183,Plein jour,Hors agglomération,Hors intersection,Normale,Deux véhicules - arrière,1,-1,2,0,1,1,1,0,1,-1,2,5,3,0,0,2,20.0,34.0,voiture,voiture,1,1,1,1,2
202300010749,2023-03-21 14:50:00,2023,3,21,14,50,34,34284,84 Grand'Rue,43.488015,2.763024,Plein jour,En agglomération,Hors intersection,Temps couvert,Deux véhicules - côté,3,2,2,0,1,1,1,0,1,50,2,2,1,0,1,0,51.0,51.0,deux_roues,voiture,1,2,1,8,3
202300010750,2023-12-30 19:20:00,2023,12,30,19,20,30,30334,Avenue des Cévennes,44.014727,4.414455,Nuit avec éclairage allumé,En agglomération,Hors intersection,Normale,Autre collision,3,2,2,0,1,2,1,0,1,50,1,2,1,0,0,1,54.0,,voiture,,5,2,1,1,6
202300010751,2023-05-27 13:50:00,2023,5,27,13,50,2B,2B313,Moriani Plage,42.369178,9.529706,Plein jour,En agglomération,Hors intersection,Normale,Deux véhicules - frontale,2,2,2,0,1,1,1,0,1,50,2,3,2,0,1,0,59.0,76.0,voiture,voiture,1,2,1,1,1
202300010752,2023-08-14 11:50:00,2023,8,14,11,50,61,61169,VC,48.731924,-0.58335,Plein jour,En agglomération,Intersection en X,Normale,Deux véhicules - côté,4,2,2,1,1,1,1,0,1,50,2,2,1,0,0,1,41.0,44.0,deux_roues,voiture,1,2,2,1,3
202300010752,2023-08-14 11:50:00,2023,8,14,11,50,61,61169,VC,48.731924,-0.58335,Plein jour,En agglomération,Intersection en X,Normale,Deux véhicules - côté,4,2,2,1,2,1,1,0,1,50,2,2,1,0,0,1,41.0,44.0,deux_roues,voiture,1,2,2,1,3
202300010753,2023-03-21 07:55:00,2023,3,21,7,55,29,29212,route de Guilers,48.38101,-4.576117,Crépuscule ou aube,Hors agglomération,Intersection en X,Normale,Deux véhicules - côté,4,2,2,0,1,1,1,5,1,80,2,2,0,0,1,1,62.0,56.0,voiture,deux_roues,2,1,2,1,3
202300010753,2023-03-21 07:55:00,2023,3,21,7,55,29,29212,route de Guilers,48.38101,-4.576117,Crépuscule ou aube,Hors agglomération,Intersection en X,Normale,Deux véhicules - côté,4,2,2,0,2,1,1,5,1,70,2,2,0,0,1,1,62.0,56.0,voiture,deux_roues,2,1,2,1,3
202300010754,2023-11-22 15:30:00,2023,11,22,15,30,13,13117,SALYENS ( AVENUE DES ),43.44398,5.25176,Plein jour,En agglomération,Intersection en T,Normale,Deux véhicules - frontale,4,2,2,0,2,1,1,0,1,50,1,6,1,0,0,5,49.0,,transport_commun,,1,2,3,1,1
202300010754,2023-11-22 15:30:00,2023,11,22,15,30,13,13117,SALYENS ( AVENUE DES ),43.44398,5.25176,Plein jour,En agglomération,Intersection en T,Normale,Deux véhicules - frontale,4,2,3,3,1,1,1,5,1,50,1,6,1,0,0,5,49.0,,transport_commun,,1,2,3,1,1
202300010755,2023-07-09 23:55:00,2023,7,9,23,55,33,33229,D106,44.778092,-1.018354,Nuit sans éclairage public,Hors agglomération,Giratoire,Normale,Autre collision,3,3,2,0,1,3,1,5,1,110,1,4,3,0,1,0,28.0,,voiture,,3,1,6,1,6
202300010755,2023-07-09 23:55:00,2023,7,9,23,55,33,33229,D106,44.778092,-1.018354,Nuit sans éclairage public,Hors agglomération,Giratoire,Normale,Autre collision,3,2,2,-1,1,3,1,5,1,110,1,4,3,0,1,0,28.0,,voiture,,3,1,6,1,6
202300010756,2023-06-04 23:30:00,2023,6,4,23,30,2B,2B042,Route des Marines de Borgo,42.578702,9.509976,Nuit avec éclairage allumé,Hors agglomération,Hors intersection,Normale,Autre collision,3,2,2,1,1,2,1,0,3,70,1,1,0,0,1,0,38.0,,voiture,,5,1,1,1,6
202300010757,2023-12-29 09:00:00,2023,12,29,9,0,30,30331,Route départementale 6086,44.125037,4.614547,Plein jour,Hors agglomération,Hors intersection,Normale,Deux véhicules - côté,3,3,2,0,1,1,1,0,1,80,2,2,1,0,1,0,90.0,59.0,voiture,utilitaire_camion,1,1,1,1,3
202300010758,2023-08-10 13:45:00,2023,8,10,13,45,61,61466,C11,48.7369,-0.5413,Plein jour,En agglomération,Hors intersection,Normale,Deux véhicules - frontale,4,2,2,0,1,1,1,0,1,50,2,2,0,0,1,1,50.0,52.0,voiture,voiture,1,2,1,1,1
202300010759,2023-07-04 19:27:00,2023,7,4,19,27,78,78009,A10,48.47696,1.912984,Plein jour,Hors agglomération,Hors intersection,Pluie légère,Autre collision,1,3,3,0,1,1,2,0,3,130,1,1,0,0,1,0,47.0,,voiture,,1,1,1,2,6
202300010760,2023-12-29 23:38:00,2023,12,29,23,38,37,37153,A10,47.49031628,0.82009077,Nuit avec éclairage allumé,Hors agglomération,Hors intersection,Normale,Autre collision,1,3,0,0,1,1,1,7,1,70,1,1,0,0,1,0,28.0,,voiture,,5,1,1,1,6
202300010761,2023-06-05 12:40:00,2023,6,5,12,40,2A,2A247,rue maréchal leclerc,41.591439,9.278158,Nuit avec éclairage allumé,En agglomération,Hors intersection,Normale,Autre collision,2,1,1,0,2,1,1,0,1,50,1,2,1,0,1,0,22.0,,voiture,,5,2,1,1,6
202300010762,2023-08-06 18:38:00,2023,8,6,18,38,59,59392,DIX-NEUF MARS 1962 (AVENUE DU),50.275462,3.982227,Plein jour,En agglomération,Hors intersection,Normale,Sans collision,3,3,3,3,3,2,1,2,8,50,1,2,0,2,0,0,51.0,,voiture,,1,2,1,1,7
202300010763,2023-11-22 15:00:00,2023,11,22,15,0,13,13210,ELIE WIESEL (BD),43.27146324,5.42199915,Plein jour,En agglomération,Intersection en X,Normale,Deux véhicules - côté,4,3,6,0,1,1,1,5,1,50,2,2,1,0,1,0,21.0,34.0,deux_roues,voiture,1,2,2,1,3
202300010763,2023-11-22 15:00:00,2023,11,22,15,0,13,13210,ELIE WIESEL (BD),43.27146324,5.42199915,Plein jour,En agglomération,Intersection en X,Normale,Deux véhicules - côté,4,2,3,0,2,1,1,5,1,50,2,2,1,0,1,0,21.0,34.0,deux_roues,voiture,1,2,2,1,3
202300010764,2023-03-21 16:20:00,2023,3,21,16,20,38,38434,D73,45.514625,5.525179,Plein jour,Hors agglomération,Intersection en T,Normale,Deux véhicules - côté,3,2,2,0,1,1,1,0,1,80,2,2,1,0,1,0,70.0,36.0,deux_roues,utilitaire_camion,1,1,3,1,3
202300010764,2023-03-21 16:20:00,2023,3,21,16,20,38,38434,D73,45.514625,5.525179,Plein jour,Hors agglomération,Intersection en T,Normale,Deux véhicules - côté,3,2,2,0,1,1,1,0,1,80,2,2,1,0,1,0,70.0,36.0,deux_roues,utilitaire_camion,1,1,3,1,3
202300010765,2023-06-03 13:45:00,2023,6,3,13,45,48,48135,Chemin Départemental 906,44.420149,3.93222,Plein jour,Hors agglomération,Hors intersection,Normale,Autre collision,3,2,2,0,1,3,1,0,3,90,1,1,0,0,1,0,43.0,,deux_roues,,1,1,1,1,6
202300010766,2023-07-08 16:00:00,2023,7,8,16,0,987,98733,"PK 29.00, RT1, Hauteur du panneau fin agglomération PAEA",-17.746561,-149.56461,Plein jour,En agglomération,Hors intersection,Normale,Deux véhicules - frontale,2,2,2,0,1,1,1,0,1,60,2,3,2,0,1,0,66.0,39.0,voiture,transport_commun,1,2,1,1,1
202300010767,2023-11-22 12:50:00,2023,11,22,12,50,13,13210,ELIE WIESEL (BD),43.27495721,5.42487596,Plein jour,En agglomération,Hors intersection,Normale,Deux véhicules - arrière,4,1,0,0,1,1,1,0,1,50,2,2,1,0,1,0,89.0,40.0,voiture,voiture,1,2,1,1,2
202300010768,2023-12-30 13:50:00,2023,12,30,13,50,89,89076,"RD 129, PK 1+130",48.013446,3.681396,Plein jour,Hors agglomération,Hors intersection,Normale,Deux véhicules - côté,3,2,2,0,1,2,1,0,1,90,2,3,1,0,0,2,44.0,23.0,voiture,voiture,1,1,1,1,3
202300010769,2023-03-21 15:00:00,2023,3,21,15,0,50,50639,Rue du Général de Gaulle,48.836253,-1.221054,Plein jour,En agglomération,Hors intersection,Normale,Autre collision,6,2, -1,0,1,1,1,0,1,30,1,2,1,0,0,1,52.0,,voiture,,1,2,1,1,6
202300010770,2023-08-15 21:45:00,2023,8,15,21,45,38,38185,AVENUE PAUL VERLAINE,45.16236,5.71499,Nuit avec éclairage allumé,En agglomération,Hors intersection,Normale,Deux véhicules - côté,4,2,5,2,1,1,1,0,1,50,2,8,5,0,0,3,43.0,44.0,voiture,voiture,5,2,1,1,3
202300010771,2023-11-21 16:04:00,2023,11,21,16,4,13,13205,EUGENE PIERRE (BOULEVARD),43.29765,5.39055,Plein jour,En agglomération,Intersection en X,Normale,Deux véhicules - côté,4,2,2,0,2,1,1,0,1,50,2,2,1,0,1,0,,38.0,autre,deux_roues,1,2,2,1,3
202300010771,2023-11-21 16:04:00,2023,11,21,16,4,13,13205,EUGENE PIERRE (BOULEVARD),43.29765,5.39055,Plein jour,En agglomération,Intersection en X,Normale,Deux véhicules - côté,4,1,1,0,2,1,1,0,1,50,2,2,1,0,1,0,,38.0,autre,deux_roues,1,2,2,1,3
202300010772,2023-06-03 17:45:00,2023,6,3,17,45,34,34143,Allee Raimond Roger Trencavel,43.448771,3.606552,Plein jour,Hors agglomération,Intersection en T,Normale,Autre collision,3,3,1,0,1,2,1,5,3,80,1,2,1,0,1,0,38.0,,voiture,,1,1,3,1,6
202300010772,2023-06-03 17:45:00,2023,6,3,17,45,34,34143,Allee Raimond Roger Trencavel,43.448771,3.606552,Plein jour,Hors agglomération,Intersection en T,Normale,Autre collision,3,2, -1,-1,1,1,1,5,1,-1,1,2,1,0,1,0,38.0,,voiture,,1,1,3,1,6
202300010773,2023-07-09 17:50:00,2023,7,9,17,50,2A,2A288,CD 859,41.538121,9.176309,Plein jour,Hors agglomération,Hors intersection,Normale,Deux véhicules - frontale,3,2,2,0,2,1,1,0,1,80,2,5,0,0,3,2,19.0,34.0,voiture,voiture,1,1,1,1,1
202300010774,2023-12-30 13:39:00,2023,12,30,13,39,61,61479,D2,48.664006,-0.077579,Plein jour,Hors agglomération,Hors intersection,Normale,Deux véhicules - frontale,3,2,2,0,2,1,1,0,1,90,2,4,2,0,1,1,46.0,66.0,voiture,voiture,1,1,1,1,1
202300010775,2023-03-20 22:40:00,2023,3,20,22,40,18,18126,,46.917265,2.411284,Nuit sans éclairage public,Hors agglomération,Hors intersection,Normale,Deux véhicules - frontale,3,2,2,0,1,1,1,0,1,90,2,2,1,1,0,0,37.0,57.0,utilitaire_camion,voiture,3,1,1,1,1
202300010776,2023-07-10 09:23:00,2023,7,10,9,23,66,66011,85 Avenue Jean Jaurès,42.60584813,2.89349869,Plein jour,En agglomération,Hors intersection,Temps éblouissant,Autre collision,3,2,2,0,1,2,1,0,1,50,1,2,1,0,1,0,90.0,,voiture,,1,2,1,7,6
202300010777,2023-12-30 07:45:00,2023,12,30,7,45,55,55462,D331,48.99915253,5.65364252,Crépuscule ou aube,Hors agglomération,Hors intersection,Normale,Sans collision,3,2,2,0,2,1,1,0,3,90,1,1,0,0,0,1,22.0,,voiture,,2,1,1,1,7
202300010778,2023-11-20 17:00:00,2023,11,20,17,0,13,13206,BRETEUIL (RUE),43.29177,5.3753,Plein jour,En agglomération,Intersection en T,Normale,Deux véhicules - côté,4,-1,2,0,1,1,1,0,1,50,2,2,1,0,0,1,23.0,54.0,voiture,deux_roues,1,2,3,1,3
202300010778,2023-11-20 17:00:00,2023,11,20,17,0,13,13206,BRETEUIL (RUE),43.29177,5.3753,Plein jour,En agglomération,Intersection en T,Normale,Deux véhicules - côté,4,-1,1,0,1,1,1,0,1,50,2,2,1,0,0,1,23.0,54.0,voiture,deux_roues,1,2,3,1,3
202300010779,2023-08-14 23:30:00,2023,8,14,23,30,34,34172,EUCALYPTUS (RUE DES),43.62267661,3.85458648,Nuit avec éclairage allumé,En agglomération,Intersection en T,Normale,Deux véhicules - frontale,4,2,2,0,2,1,1,0,1,30,2,2,1,0,0,1,,36.0,voiture,deux_roues,5,2,3,1,1
202300010779,2023-08-14 23:30:00,2023,8,14,23,30,34,34172,EUCALYPTUS (RUE DES),43.62267661,3.85458648,Nuit avec éclairage allumé,En agglomération,Intersection en T,Normale,Deux véhicules - frontale,4,2,2,0,1,1,1,0,1,30,2,2,1,0,0,1,,36.0,voiture,deux_roues,5,2,3,1,1
202300010780,2023-06-03 18:40:00,2023,6,3,18,40,34,34213,RD2E5,43.471063,3.681182,Plein jour,Hors agglomération,Intersection en T,Normale,Deux véhicules - frontale,3,2,1,0,2,1,1,0,1,80,2,3,2,0,0,1,17.0,52.0,deux_roues,voiture,1,1,3,1,1
202300010780,2023-06-03 18:40:00,2023,6,3,18,40,34,34213,RD2E5,43.471063,3.681182,Plein jour,Hors agglomération,Intersection en T,Normale,Deux véhicules - frontale,3,2, -1,-1,1,2,1,0,1,-1,2,3,2,0,0,1,17.0,52.0,deux_roues,voiture,1,1,3,1,1
202300010781,2023-03-20 14:15:00,2023,3,20,14,15,10,10295,D671,48.08138,4.384537,Plein jour,Hors agglomération,Hors intersection,Normale,Deux véhicules - frontale,3,2,2,0,1,1,1,0,1,80,2,3,0,0,2,1,73.0,80.0,voiture,voiture,1,1,1,1,1
202300010782,2023-11-23 01:35:00,2023,11,23,1,35,11,11069,3 Place du Général de Gaulle,43.21026,2.35277,Nuit avec éclairage allumé,En agglomération,Hors intersection,Normale,Sans collision,4,1,2,0,2,3,1,0,1,50,1,3,2,0,0,1,25.0,,voiture,,5,2,1,1,7
202300010783,2023-08-15 12:40:00,2023,8,15,12,40,34,34003,Avenue de la Butte,43.29133,3.51469,Plein jour,En agglomération,Hors intersection,Normale,Deux véhicules - arrière,4,1,2,-1,1,1,1,5,1,-1,2,3,2,0,0,1,79.0,20.0,voiture,deux_roues,1,2,1,1,2
202300010784,2023-12-29 17:20:00,2023,12,29,17,20,12,12026,Avenue Claude Salles,44.393756,2.777613,Nuit avec éclairage allumé,En agglomération,Hors intersection,Normale,Trois véhicules et plus - en chaîne,2,2,2,0,1,1,1,0,1,50,3,3,2,0,1,0,24.0,46.0,voiture,voiture,5,2,1,1,4
202300010785,2023-07-09 13:00:00,2023,7,9,13,0,34,34143,RD 613,43.43909273,3.62463559,Plein jour,Hors agglomération,Hors intersection,Normale,Trois véhicules et plus - collisions multiples,3,2,2,0,1,1,1,0,1,80,3,5,1,1,0,3,84.0,43.0,voiture,voiture,1,1,1,1,5
202300010786,2023-06-04 15:40:00,2023,6,4,15,40,34,34327,8 Chemin des 4 Coins,43.656159,3.96217,Plein jour,En agglomération,Intersection en T,Normale,Deux véhicules - frontale,7,2,2,0,1,1,1,0,1,50,2,2,0,0,1,1,27.0,71.0,deux_roues,voiture,1,2,3,1,1
202300010786,2023-06-04 15:40:00,2023,6,4,15,40,34,34327,8 Chemin des 4 Coins,43.656159,3.96217,Plein jour,En agglomération,Intersection en T,Normale,Deux véhicules - frontale,7,2, -1,-1,1,3,1,0,1,-1,2,2,0,0,1,1,27.0,71.0,deux_roues,voiture,1,2,3,1,1
202300010787,2023-03-21 12:30:00,2023,3,21,12,30,53,53121,route des rabelais,48.415359,-0.340126,Plein jour,En agglomération,Hors intersection,Normale,Deux véhicules - frontale,4,-1,2,0,1,1,1,0,1,50,2,4,0,0,3,1,54.0,36.0,voiture,voiture,1,2,1,1,1
202300010788,2023-12-12 09:00:00,2023,12,12,9,0,34,34332,Boulevard de la Liberte,43.310924,3.418685,Plein jour,En agglomération,Intersection en T,Normale,Deux véhicules - côté,4,2,2,0,1,1,1,0,1,50,2,2,1,0,0,1,33.0,43.0,voiture,voiture,1,2,3,1,3
202300010788,2023-12-12 09:00:00,2023,12,12,9,0,34,34332,Boulevard de la Liberte,43.310924,3.418685,Plein jour,En agglomération,Intersection en T,Normale,Deux véhicules - côté,4,2, -1,-1,1,1,1,0,1,-1,2,2,1,0,0,1,33.0,43.0,voiture,voiture,1,2,3,1,3
202300010789,2023-07-09 17:50:00,2023,7,9,17,50,83,83035,5471Route des Hauts du Camp,43.255135,5.758746,Plein jour,Hors agglomération,Intersection en T,Temps éblouissant,Deux véhicules - frontale,3,3,2,0,1,1,1,0,1,80,2,3,0,0,1,2,19.0,88.0,voiture,voiture,1,1,3,7,1
202300010789,2023-07-09 17:50:00,2023,7,9,17,50,83,83035,5471Route des Hauts du Camp,43.255135,5.758746,Plein jour,Hors agglomération,Intersection en T,Temps éblouissant,Deux véhicules - frontale,3,2,2,0,3,1,9,0,1,-1,2,3,0,0,1,2,19.0,88.0,voiture,voiture,1,1,3,7,1
202300010790,2023-08-15 19:45:00,2023,8,15,19,45,33,33529,RD 1250 (OUSTALET - BONNEVAL),44.61483,-1.14306,Plein jour,Hors agglomération,Hors intersection,Normale,Trois véhicules et plus - en chaîne,2,2,2,0,1,1,1,0,1,80,3,3,2,0,0,1,36.0,20.0,voiture,voiture,1,1,1,1,4
202300010791,2023-11-21 19:30:00,2023,11,21,19,30,10,10387,GAMBETTA (RUE),48.29771,4.06709,Nuit avec éclairage allumé,En agglomération,Intersection en Y,Pluie légère,Deux véhicules - côté,4,2,2,0,1,1,2,5,1,50,2,6,4,0,0,2,73.0,,voiture,voiture,5,2,4,2,3
202300010791,2023-11-21 19:30:00,2023,11,21,19,30,10,10387,GAMBETTA (RUE),48.29771,4.06709,Nuit avec éclairage allumé,En agglomération,Intersection en Y,Pluie légère,Deux véhicules - côté,4,2,2,0,1,1,2,0,1,50,2,6,4,0,0,2,73.0,,voiture,voiture,5,2,4,2,3
202300010792,2023-12-30 16:35:00,2023,12,30,16,35,68,68216,29 Rue Principale,47.511378,7.215984,Plein jour,En agglomération,Hors intersection,Normale,Sans collision,3,2,2,0,1,2,1,0,4,50,1,1,0,0,0,1,32.0,,voiture,,1,2,1,1,7
202300010793,2023-06-04 17:45:00,2023,6,4,17,45,13,13015,D6b,43.423565,5.388772,Plein jour,En agglomération,Hors intersection,Pluie forte,Deux véhicules - frontale,3,-1,2,0,1,2,2,0,1,50,2,4,0,0,0,4,44.0,38.0,voiture,voiture,1,2,1,3,1
202300010794,2023-08-14 16:55:00,2023,8,14,16,55,17,17415,FENETRE RUE DE LA,45.755354,-0.634508,Plein jour,En agglomération,Autre intersection,Normale,Sans collision,4,2,2,3,1,1,1,9,8,-1,1,1,0,0,1,0,67.0,,voiture,,1,2,9,1,7
202300010795,2023-07-09 21:10:00,2023,7,9,21,10,83,83042,D558,43.256584,6.532118,Crépuscule ou aube,En agglomération,Giratoire,Normale,Deux véhicules - frontale,3,2,2,0,1,3,1,0,1,70,2,2,1,1,0,0,42.0,33.0,deux_roues,voiture,2,2,6,1,1
202300010796,2023-03-20 20:15:00,2023,3,20,20,15,27,27019,pk 37 N12,48.678519,0.799076,Nuit sans éclairage public,Hors agglomération,Intersection en X,Normale,Deux véhicules - côté,2,2,2,0,1,1,1,0,1,80,2,2,1,0,0,1,52.0,61.0,voiture,deux_roues,3,1,2,1,3
202300010796,2023-03-20 20:15:00,2023,3,20,20,15,27,27019,pk 37 N12,48.678519,0.799076,Nuit sans éclairage public,Hors agglomération,Intersection en X,Normale,Deux véhicules - côté,2,2,2,-1,4,1,1,0,1,80,2,2,1,0,0,1,52.0,61.0,voiture,deux_roues,3,1,2,1,3
202300010797,2023-11-21 17:45:00,2023,11,21,17,45,10,10387,ST DOMINIQUE (MAIL),48.29474,4.08261,Nuit avec éclairage allumé,En agglomération,Intersection en T,Normale,Deux véhicules - côté,4,2,4,1,1,1,1,5,1,50,2,2,1,0,0,1,,21.0,utilitaire_camion,deux_roues,5,2,3,1,3
202300010797,2023-11-21 17:45:00,2023,11,21,17,45,10,10387,ST DOMINIQUE (MAIL),48.29474,4.08261,Nuit avec éclairage allumé,En agglomération,Intersection en T,Normale,Deux véhicules - côté,4,2,4,1,1,1,1,0,1,50,2,2,1,0,0,1,,21.0,utilitaire_camion,deux_roues,5,2,3,1,3
202300010798,2023-12-14 17:00:00,2023,12,14,17,0,70,70405,N57,47.496995,6.109557,Nuit sans éclairage public,Hors agglomération,Hors intersection,Pluie légère,Deux véhicules - frontale,2,2,2,0,1,1,2,0,1,80,2,2,1,1,0,0,31.0,21.0,utilitaire_camion,voiture,3,1,1,2,1
202300010799,2023-06-03 22:00:00,2023,6,3,22,0,13,13041,rue Franklin,43.456233,5.469128,Nuit avec éclairage allumé,En agglomération,Autre intersection,Normale,Autre collision,4,2,2,0,2,2,1,0,1,50,1,3,1,0,1,1,30.0,,voiture,,5,2,9,1,6