accident_id,datetime,annee,mois,jour,heure,minute,departement,commune_insee,adresse,latitude,longitude,luminosite,agglomeration,intersection,meteo,collision,catr,circ,nbv,vosp,prof,plan,surf,infra,situ,vma,nb_vehicules,nb_usagers,nb_indemnes,nb_tues,nb_blesses_hosp,nb_blesses_legers,age_cond_1,age_cond_2,veh_type_cond_1,veh_type_cond_2,lum_code,agg_code,int_code,atm_code,col_code
202300011144,2023-08-14 07:20:00,2023,8,14,7,20,93,93001,Avenue de la République / Avenue Jean Jaurès,48.90384184,2.39176333,Plein jour,En agglomération,Intersection en X,Normale,Deux véhicules - frontale,3,2,3,3,1,1,1,0,1,50,2,2,1,0,0,1,44.0,24.0,utilitaire_camion,voiture,1,2,2,1,1
202300011144,2023-08-14 07:20:00,2023,8,14,7,20,93,93001,Avenue de la République / Avenue Jean Jaurès,48.90384184,2.39176333,Plein jour,En agglomération,Intersection en X,Normale,Deux véhicules - frontale,3,3,2,1,1,1,1,0,1,50,2,2,1,0,0,1,44.0,24.0,utilitaire_camion,voiture,1,2,2,1,1
202300011145,2023-09-18 07:35:00,2023,9,18,7,35,92,92004,REDOUTE ( AVENUE DE LA  ),48.92816044,2.27709621,Crépuscule ou aube,En agglomération,Intersection en X,Normale,Autre collision,3,1,2,2,1,1,1,0,4,50,1,3,0,0,1,2,22.0,,voiture,,2,2,2,1,6
202300011145,2023-09-18 07:35:00,2023,9,18,7,35,92,92004,REDOUTE ( AVENUE DE LA  ),48.92816044,2.27709621,Crépuscule ou aube,En agglomération,Intersection en X,Normale,Autre collision,3,2,2,0,1,1,1,0,8,50,1,3,0,0,1,2,22.0,,voiture,,2,2,2,1,6
202300011146,2023-03-19 18:30:00,2023,3,19,18,30,94,94017,Avenue du Général de Gaulle,48.82723,2.52077,Crépuscule ou aube,En agglomération,Hors intersection,Normale,Deux véhicules - arrière,3,2,3,0,2,1,1,0,1,50,2,2,1,0,0,1,50.0,40.0,voiture,voiture,2,2,1,1,2
202300011147,2023-08-13 18:45:00,2023,8,13,18,45,93,93001,Avenue Victor Hugo,48.91185545,2.37966324,Plein jour,En agglomération,Autre intersection,Normale,Deux véhicules - côté,3,2,2,0,1,1,1,5,1,50,2,2,1,0,0,1,22.0,27.0,voiture,deux_roues,1,2,9,1,3
202300011148,2023-09-20 08:20:00,2023,9,20,8,20,974,97415,D2,-20.971553,55.308593,Plein jour,Hors agglomération,Hors intersection,Normale,Trois véhicules et plus - collisions multiples,3,2,2,1,1,3,1,0,1,80,3,4,3,1,0,0,71.0,42.0,voiture,voiture,1,1,1,1,5
202300011149,2023-08-13 09:35:00,2023,8,13,9,35,92,92075,ERNEST LAVAL (RUE),48.82053608,2.29018718,Plein jour,En agglomération,Hors intersection,Normale,Autre collision,3,2,2,2,1,1,1,0,1,50,1,2,0,0,0,2,22.0,,voiture,,1,2,1,1,6
202300011150,2023-03-19 16:30:00,2023,3,19,16,30,93,93055,Avenue du Général Leclerc,48.89864,2.40711,Plein jour,En agglomération,Hors intersection,Normale,Deux véhicules - côté,3,3,4,0,1,1,1,0,1,30,2,2,1,0,0,1,51.0,35.0,voiture,deux_roues,1,2,1,1,3
202300011151,2023-09-10 06:40:00,2023,9,10,6,40,16,16150,RN 141 PK 102,45.672663,-0.262363,Nuit sans éclairage public,Hors agglomération,Hors intersection,Normale,Autre collision,2,3,4,0,1,1,1,0,3,110,1,1,0,0,1,0,60.0,,voiture,,3,1,1,1,6
202300011152,2023-08-14 04:07:00,2023,8,14,4,7,92,92063,ALBERT 1ER (AVENUE),48.88144154,2.1785506,Nuit avec éclairage allumé,En agglomération,Hors intersection,Normale,Autre collision,4,1,1,0,1,1,9,8,1,50,1,2,0,0,2,0,25.0,,deux_roues,,5,2,1,1,6
202300011153,2023-03-19 17:00:00,2023,3,19,17,0,93,93053,Rue de Brément,48.88750576,2.46492177,Plein jour,En agglomération,Hors intersection,Normale,Autre collision,3,2,3,0,1,1,1,0,1,50,1,2,1,0,0,1,42.0,,voiture,,1,2,1,1,6
202300011154,2023-08-14 10:00:00,2023,8,14,10,0,92,92040,PDT ROOSEVELT (QUAI DU),48.83410422,2.2648555,Plein jour,En agglomération,Hors intersection,Normale,Deux véhicules - arrière,3,2,4,0,1,1,1,0,1,50,2,2,1,0,0,1,49.0,33.0,voiture,voiture,1,2,1,1,2
202300011155,2023-09-19 12:50:00,2023,9,19,12,50,22,22311,RD 768,48.530162,-2.227135,Plein jour,Hors agglomération,Hors intersection,Normale,Sans collision,3,-1,2,0,1,1,1,0,1,-1,1,2,1,0,1,0,74.0,,voiture,,1,1,1,1,7
202300011156,2023-03-19 14:40:00,2023,3,19,14,40,93,93050,8 Rue du Raincy,48.874278,2.52694,Plein jour,En agglomération,Hors intersection,Normale,Deux véhicules - arrière,4,2,2,0,1,1,1,0,1,50,2,2,1,0,0,1,37.0,45.0,voiture,voiture,1,2,1,1,2
202300011157,2023-09-20 10:15:00,2023,9,20,10,15,21,21452,pk 37 A31,47.262526,5.125698,Plein jour,Hors agglomération,Hors intersection,Normale,Sans collision,1,3,2,0,1,1,1,0,3,130,1,1,0,0,1,0,59.0,,utilitaire_camion,,1,1,1,1,7
202300011158,2023-08-15 19:30:00,2023,8,15,19,30,62,62271,D190,50.628973,2.175626,Plein jour,Hors agglomération,Hors intersection,Normale,Deux véhicules - côté,3,2,2,0,2,2,1,0,8,80,2,2,1,0,1,0,46.0,20.0,deux_roues,utilitaire_camion,1,1,1,1,3
202300011159,2023-03-18 23:35:00,2023,3,18,23,35,93,93046,Avenue Aristide Briand,48.912985,2.523465,Nuit avec éclairage allumé,En agglomération,Hors intersection,Normale,Trois véhicules et plus - en chaîne,3,2,4,0,1,1,1,0,1,50,3,3,2,0,0,1,,23.0,voiture,voiture,5,2,1,1,4
202300011160,2023-08-15 20:20:00,2023,8,15,20,20,86,86272,Route de Rettel,46.827346,0.471491,Plein jour,Hors agglomération,Hors intersection,Normale,Deux véhicules - côté,3,2,2,0,1,1,1,0,1,80,2,2,1,0,0,1,49.0,47.0,voiture,deux_roues,1,1,1,1,3
202300011161,2023-09-20 08:15:00,2023,9,20,8,15,83,83130,A57,43.195619,6.040614,Plein jour,Hors agglomération,Hors intersection,Normale,Deux véhicules - côté,1,1,2,0,1,1,2,0,1,90,2,3,2,0,0,1,49.0,42.0,voiture,deux_roues,1,1,1,1,3
202300011162,2023-03-18 22:35:00,2023,3,18,22,35,93,93063,Rue des Noyers,48.87802,2.43528,Nuit avec éclairage allumé,En agglomération,Hors intersection,Normale,Autre collision,4,2,2,0,1,1,1,0,1,50,1,2,1,0,0,1,62.0,,voiture,,5,2,1,1,6
202300011163,2023-08-14 09:30:00,2023,8,14,9,30,95,95052,42 EDOUARD BOURCHY (RUE),49.142237,2.289803,Plein jour,En agglomération,Hors intersection,Normale,Autre collision,4,1,1,0,1,1,1,0,1,30,1,2,1,0,0,1,56.0,,voiture,,1,2,1,1,6
202300011164,2023-09-19 20:00:00,2023,9,19,20,0,974,97412,Route de la Grande Corniche,-21.371884,55.591523,Nuit sans éclairage public,Hors agglomération,Hors intersection,Normale,Sans collision,2,2,3,0,1,1,1,0,3,80,1,2,1,0,1,0,42.0,,deux_roues,,3,1,1,1,7
202300011165,2023-03-19 10:45:00,2023,3,19,10,45,92,92024,VICTOR HUGO (BD),48.89710016,2.31014907,Plein jour,En agglomération,Hors intersection,Pluie légère,Deux véhicules - côté,3,1,2,1,1,1,2,0,1,50,2,2,1,0,0,1,41.0,32.0,voiture,deux_roues,1,2,1,2,3
202300011166,2023-08-15 18:24:00,2023,8,15,18,24,95,95529,GRATELEUX (RUE DU),49.16799802,2.21885741,Plein jour,Hors agglomération,Giratoire,Normale,Deux véhicules - côté,4,2,2,0,2,3,1,0,1,50,2,3,0,0,0,3,55.0,64.0,voiture,voiture,1,1,6,1,3
202300011167,2023-08-16 13:50:00,2023,8,16,13,50,06,06161,200 avenue lattre de tassigny,43.640594,7.138259,Plein jour,En agglomération,Hors intersection,Normale,Sans collision,4,2,2,1,1,1,1,0,1,50,1,1,0,0,1,0,31.0,,deux_roues,,1,2,1,1,7
202300011168,2023-09-19 05:40:00,2023,9,19,5,40,972,97222,Augrain,14.669749,-60.958044,Nuit avec éclairage non allumé,Hors agglomération,Intersection en X,Normale,Autre collision,2,2,2,0,2,1,1,5,1,80,1,2,1,1,0,0,59.0,,voiture,,4,1,2,1,6
202300011168,2023-09-19 05:40:00,2023,9,19,5,40,972,97222,Augrain,14.669749,-60.958044,Nuit avec éclairage non allumé,Hors agglomération,Intersection en X,Normale,Autre collision,2,2, -1,-1,-1,-1,-1,-1,-1,-1,1,2,1,1,0,0,59.0,,voiture,,4,1,2,1,6
202300011169,2023-03-19 15:50:00,2023,3,19,15,50,92,92014,GALOIS (AVENUE),48.77678339,2.31626585,Plein jour,En agglomération,Hors intersection,Normale,Autre collision,3,2,2,0,1,1,1,0,4,50,1,2,1,0,1,0,81.0,,voiture,,1,2,1,1,6
202300011170,2023-08-16 07:15:00,2023,8,16,7,15,35,35286,rue des marais,48.39500093,-1.65214956,Plein jour,En agglomération,Hors intersection,Normale,Autre collision,3,2,2,0,1,1,1,0,3,50,1,1,0,1,0,0,19.0,,voiture,,1,2,1,1,6
202300011171,2023-03-19 16:50:00,2023,3,19,16,50,35,35123,17 Rue des Croix de Roche,48.004015,-1.841186,Plein jour,En agglomération,Hors intersection,Normale,Autre collision,3,2,2,0,1,3,1,0,4,50,1,1,0,0,0,1,17.0,,deux_roues,,1,2,1,1,6
202300011172,2023-08-15 20:30:00,2023,8,15,20,30,88,88115,Route du Plafond - RD 60 - PK 14.000,48.16399,6.909113,Plein jour,Hors agglomération,Hors intersection,Normale,Autre collision,3,2,2,0,1,2,1,0,3,80,1,1,0,1,0,0,19.0,,deux_roues,,1,1,1,1,6
202300011173,2023-09-06 08:20:00,2023,9,6,8,20,67,67117,D1004,48.766995,7.316809,Plein jour,Hors agglomération,Intersection en Y,Temps éblouissant,Deux véhicules - arrière,3,3,0,0,2,1,1,5,1,80,2,2,1,0,1,0,51.0,66.0,voiture,deux_roues,1,1,4,7,2
202300011173,2023-09-06 08:20:00,2023,9,6,8,20,67,67117,D1004,48.766995,7.316809,Plein jour,Hors agglomération,Intersection en Y,Temps éblouissant,Deux véhicules - arrière,3,2, -1,-1,2,2,1,5,1,80,2,2,1,0,1,0,51.0,66.0,voiture,deux_roues,1,1,4,7,2
202300011174,2023-03-19 15:30:00,2023,3,19,15,30,35,35126,23 Chauvignac,47.9528,-1.784055,Plein jour,Hors agglomération,Hors intersection,Normale,Autre collision,4,2,2,0,1,2,1,0,3,50,1,1,0,0,1,0,40.0,,deux_roues,,1,1,1,1,6
202300011175,2023-08-16 09:30:00,2023,8,16,9,30,35,35338,Lieu Dit la Favrie,48.058678,-1.278845,Plein jour,Hors agglomération,Hors intersection,Normale,Deux véhicules - frontale,4,2,2,0,3,2,1,2,1,80,2,2,1,1,0,0,18.0,14.0,voiture,deux_roues,1,1,1,1,1
202300011176,2023-09-20 02:30:00,2023,9,20,2,30,51,51422,Rue de la Gare,49.218378,3.931255,Nuit sans éclairage public,En agglomération,Intersection en T,Normale,Autre collision,3,2,2,0,1,1,1,0,1,50,1,2,0,0,1,1,20.0,,voiture,,3,2,3,1,6
202300011176,2023-09-20 02:30:00,2023,9,20,2,30,51,51422,Rue de la Gare,49.218378,3.931255,Nuit sans éclairage public,En agglomération,Intersection en T,Normale,Autre collision,3,2, -1,-1,1,2,1,0,1,-1,1,2,0,0,1,1,20.0,,voiture,,3,2,3,1,6
202300011177,2023-03-20 12:15:00,2023,3,20,12,15,95,95116,RD 924,49.161211,2.338602,Plein jour,Hors agglomération,Hors intersection,Temps couvert,Deux véhicules - côté,3,2,2,0,1,1,1,0,1,50,2,2,1,0,0,1,64.0,75.0,deux_roues,voiture,1,1,1,8,3
202300011178,2023-08-15 02:40:00,2023,8,15,2,40,83,83036,Boulevard de l'Eau Blanche,43.181875,6.536388,Nuit avec éclairage allumé,En agglomération,Hors intersection,Normale,Autre collision,4,1,1,0,1,3,1,0,1,50,1,1,0,0,1,0,18.0,,voiture,,5,2,1,1,6
202300011179,2023-03-19 15:43:00,2023,3,19,15,43,21,21638,A31 PK 071.500,47.53123895,5.19905176,Plein jour,Hors agglomération,Autre intersection,Pluie forte,Autre collision,1,1,3,0,2,1,2,0,1,130,1,2,1,0,0,1,30.0,,voiture,,1,1,9,3,6
202300011180,2023-08-14 15:15:00,2023,8,14,15,15,35,35098,RN137,47.77338,-1.7053,Plein jour,Hors agglomération,Hors intersection,Normale,Autre collision,2,3,4,0,1,2,1,0,3,110,1,1,0,0,0,1,75.0,,voiture,,1,1,1,1,6
202300011181,2023-09-20 10:40:00,2023,9,20,10,40,33,33314,Rue Jeanne d'Arc,45.202255,-0.748315,Plein jour,En agglomération,Intersection en X,Normale,Deux véhicules - frontale,4,1,1,0,1,1,1,0,1,50,2,2,1,0,0,1,44.0,68.0,transport_commun,deux_roues,1,2,2,1,1
202300011181,2023-09-20 10:40:00,2023,9,20,10,40,33,33314,Rue Jeanne d'Arc,45.202255,-0.748315,Plein jour,En agglomération,Intersection en X,Normale,Deux véhicules - frontale,4,2,2,0,1,1,1,0,1,50,2,2,1,0,0,1,44.0,68.0,transport_commun,deux_roues,1,2,2,1,1
202300011182,2023-03-20 08:40:00,2023,3,20,8,40,52,52282,A5,47.979415,5.134043,Plein jour,Hors agglomération,Hors intersection,Brouillard / fumée,Sans collision,1,3,4,0,1,1,1,0,1,130,1,1,0,0,0,1,60.0,,deux_roues,,1,1,1,5,7
202300011183,2023-08-15 01:10:00,2023,8,15,1,10,91,91665,Route de Nozay,48.66246,2.255931,Nuit avec éclairage non allumé,En agglomération,Giratoire,Normale,Sans collision,4,2,2,0,2,1,1,0,1,50,1,1,0,0,0,1,21.0,,voiture,,4,2,6,1,7
202300011184,2023-09-16 19:00:00,2023,9,16,19,0,11,11436,Lieu dit Ripaud,43.040979,2.833958,Crépuscule ou aube,Hors agglomération,Intersection en Y,Normale,Autre collision,3,2,2,0,1,1,9,0,1,80,1,1,0,0,1,0,50.0,,deux_roues,,2,1,4,1,6
202300011184,2023-09-16 19:00:00,2023,9,16,19,0,11,11436,Lieu dit Ripaud,43.040979,2.833958,Crépuscule ou aube,Hors agglomération,Intersection en Y,Normale,Autre collision,3,2, -1,-1,1,1,9,0,1,-1,1,1,0,0,1,0,50.0,,deux_roues,,2,1,4,1,6
202300011185,2023-03-20 09:30:00,2023,3,20,9,30,52,52432,"PK127.000, autoroute A31, sens DIJON/NANCY",47.95399,5.368994,Plein jour,Hors agglomération,Hors intersection,Normale,Sans collision,1,3,4,0,1,1,1,0,1,130,1,3,2,0,0,1,37.0,,voiture,,1,1,1,1,7
202300011186,2023-08-16 15:15:00,2023,8,16,15,15,62,62677,D124,50.337552,2.049884,Plein jour,Hors agglomération,Hors intersection,Normale,Deux véhicules - frontale,3,2,2,0,1,3,1,9,1,70,2,2,1,0,1,0,32.0,39.0,voiture,utilitaire_camion,1,1,1,1,1
202300011187,2023-09-20 12:40:00,2023,9,20,12,40,49,49140,D145,47.19103536,0.01700161,Plein jour,Hors agglomération,Hors intersection,Normale,Deux véhicules - côté,3,2,2,0,2,1,9,0,1,80,2,2,1,0,1,0,29.0,25.0,deux_roues,utilitaire_camion,1,1,1,1,3
202300011188,2023-03-19 18:25:00,2023,3,19,18,25,14,14061,Le Bourg Bures les Monts (Bures-les-Monts),48.94846361,-0.96747165,Plein jour,Hors agglomération,Hors intersection,Normale,Deux véhicules - frontale,3,2,2,0,1,1,1,0,1,80,2,3,2,0,1,0,36.0,65.0,voiture,voiture,1,1,1,1,1
202300011189,2023-08-15 19:10:00,2023,8,15,19,10,51,51416,Chemin du Moulin de la Ville,48.956323,3.692817,Plein jour,Hors agglomération,Hors intersection,Normale,Deux véhicules - frontale,4,2,2,0,1,1,1,0,1,80,2,2,1,0,1,0,30.0,9.0,deux_roues,deux_roues,1,1,1,1,1
202300011190,2023-09-19 11:37:00,2023,9,19,11,37,12,12208,D999,43.946856,2.908223,Plein jour,Hors agglomération,Hors intersection,Normale,Deux véhicules - frontale,3,2,2,0,2,1,1,0,1,90,2,2,0,0,0,2,71.0,23.0,voiture,voiture,1,1,1,1,1
202300011191,2023-03-16 14:30:00,2023,3,16,14,30,87,87020,autoroute A20 PR171+295 SUD/NORD,45.928468,1.303639,Plein jour,Hors agglomération,Hors intersection,Normale,Deux véhicules - arrière,1,3,4,0,4,2,1,0,2,90,2,2,1,0,0,1,29.0,,voiture,autre,1,1,1,1,2
202300011192,2023-08-15 08:06:00,2023,8,15,8,6,59,59528,30 Rue Camille Desmoulins,50.205545,3.407425,Plein jour,En agglomération,Intersection en Y,Temps éblouissant,Deux véhicules - côté,3,2,2,0,2,2,1,0,1,50,2,2,1,0,1,0,45.0,32.0,deux_roues,voiture,1,2,4,7,3
202300011192,2023-08-15 08:06:00,2023,8,15,8,6,59,59528,30 Rue Camille Desmoulins,50.205545,3.407425,Plein jour,En agglomération,Intersection en Y,Temps éblouissant,Deux véhicules - côté,3,2,2,-1,1,2,1,0,1,50,2,2,1,0,1,0,45.0,32.0,deux_roues,voiture,1,2,4,7,3
202300011193,2023-03-16 17:10:00,2023,3,16,17,10,34,34270,2260 Route de Sete,43.563278,3.850145,Plein jour,Hors agglomération,Hors intersection,Normale,Deux véhicules - côté,7,2,2,0,1,1,1,0,1,80,2,2,1,0,1,0,56.0,27.0,voiture,deux_roues,1,1,1,1,3
202300011194,2023-09-16 14:50:00,2023,9,16,14,50,34,34031,D612a,43.333388,3.424129,Plein jour,Hors agglomération,Hors intersection,Normale,Deux véhicules - frontale,3,2,2,0,1,1,1,0,1,90,2,3,2,0,0,1,23.0,31.0,voiture,voiture,1,1,1,1,1
202300011195,2023-08-15 22:40:00,2023,8,15,22,40,56,56214,la Saline,47.525359,-2.844923,Nuit sans éclairage public,Hors agglomération,Hors intersection,Normale,Deux véhicules - arrière,3,2,2,0,2,1,1,0,1,80,2,3,2,1,0,0,41.0,52.0,voiture,deux_roues,3,1,1,1,2
202300011196,2023-03-19 16:00:00,2023,3,19,16,0,62,62440,Rue du Cimetière,50.108992,3.04126,Plein jour,En agglomération,Hors intersection,Normale,Autre collision,4,1,2,0,2,1,1,0,1,50,1,5,0,0,2,3,20.0,,voiture,,1,2,1,1,6
202300011197,2023-09-20 17:55:00,2023,9,20,17,55,34,34018,D909,43.496145,3.187988,Plein jour,Hors agglomération,Hors intersection,Temps couvert,Sans collision,3,2,2,0,2,2,2,0,3,80,1,4,1,0,1,2,35.0,,voiture,,1,1,1,8,7
202300011198,2023-07-30 04:45:00,2023,7,30,4,45,2B,2B150,Route Territoriale 30,42.584567,8.831221,Nuit sans éclairage public,Hors agglomération,Hors intersection,Normale,Sans collision,2,2,2,0,2,2,1,0,1,80,1,1,0,0,1,0,25.0,,deux_roues,,3,1,1,1,7
202300011199,2023-03-19 18:25:00,2023,3,19,18,25,56,56177,Lann Miséricorde,47.761772,-2.966148,Plein jour,Hors agglomération,Hors intersection,Normale,Deux véhicules - frontale,4,2,2,0,3,3,1,0,1,80,2,3,2,0,1,0,57.0,36.0,deux_roues,voiture,1,1,1,1,1
202300011200,2023-09-19 16:00:00,2023,9,19,16,0,68,68082,Rue des Platanes,47.867451,7.342526,Plein jour,En agglomération,Intersection en T,Normale,Deux véhicules - frontale,4,2,2,0,1,1,1,0,1,50,2,3,0,0,2,1,46.0,24.0,voiture,voiture,1,2,3,1,1
202300011200,2023-09-19 16:00:00,2023,9,19,16,0,68,68082,Rue des Platanes,47.867451,7.342526,Plein jour,En agglomération,Intersection en T,Normale,Deux véhicules - frontale,4,2,2,0,1,3,1,0,1,50,2,3,0,0,2,1,46.0,24.0,voiture,voiture,1,2,3,1,1
202300011201,2023-03-19 16:15:00,2023,3,19,16,15,78,78192,D928,48.929274,1.613338,Plein jour,Hors agglomération,Hors intersection,Normale,Trois véhicules et plus - collisions multiples,3,2,2,0,1,1,1,0,1,-1,4,5,0,0,1,4,40.0,27.0,voiture,voiture,1,1,1,1,5
202300011202,2023-09-19 17:01:00,2023,9,19,17,1,25,25245,D104,47.208709,6.053617,Plein jour,Hors agglomération,Intersection en X,Normale,Deux véhicules - arrière,3,2,2,0,1,1,1,0,1,90,2,2,1,0,1,0,46.0,47.0,voiture,deux_roues,1,1,2,1,2
202300011202,2023-09-19 17:01:00,2023,9,19,17,1,25,25245,D104,47.208709,6.053617,Plein jour,Hors agglomération,Intersection en X,Normale,Deux véhicules - arrière,3,-1, -1,-1,-1,-1,-1,-1,-1,-1,2,2,1,0,1,0,46.0,47.0,voiture,deux_roues,1,1,2,1,2
202300011203,2023-03-19 23:35:00,2023,3,19,23,35,79,79185,,46.275183,-0.241334,Nuit sans éclairage public,Hors agglomération,Hors intersection,Normale,Sans collision,3,2,3,0,3,1,1,0,3,90,1,3,1,0,1,1,26.0,,voiture,,3,1,1,1,7
202300011204,2023-03-20 10:30:00,2023,3,20,10,30,89,89005,Place de Clermont Tonnerre,47.775304,4.163577,Plein jour,En agglomération,Hors intersection,Normale,Autre collision,4,2,2,0,2,1,1,0,1,50,1,2,1,1,0,0,35.0,,utilitaire_camion,,1,2,1,1,6
202300011205,2023-09-18 19:20:00,2023,9,18,19,20,35,35299,les champs élus,48.641828,-1.93921,Plein jour,Hors agglomération,Intersection en T,Normale,Deux véhicules - frontale,4,2,2,0,1,1,1,0,1,80,2,2,1,0,1,0,67.0,54.0,utilitaire_camion,deux_roues,1,1,3,1,1
202300011205,2023-09-18 19:20:00,2023,9,18,19,20,35,35299,les champs élus,48.641828,-1.93921,Plein jour,Hors agglomération,Intersection en T,Normale,Deux véhicules - frontale,4,2,2,0,1,1,1,0,1,80,2,2,1,0,1,0,67.0,54.0,utilitaire_camion,deux_roues,1,1,3,1,1
202300011206,2023-09-17 05:32:00,2023,9,17,5,32,31,31109,D81,43.240232,0.8002,Nuit sans éclairage public,Hors agglomération,Hors intersection,Normale,Autre collision,3,2,2,0,1,2,1,0,1,80,1,1,0,0,1,0,53.0,,voiture,,3,1,1,1,6
202300011207,2023-03-18 15:00:00,2023,3,18,15,0,34,34085,D15,43.456299,3.268991,Plein jour,Hors agglomération,Hors intersection,Temps couvert,Deux véhicules - frontale,3,2,2,0,1,2,1,0,1,80,2,3,2,0,1,0,31.0,92.0,voiture,voiture,1,1,1,8,1
202300011208,2023-09-19 16:27:00,2023,9,19,16,27,01,01269,Rue du Docteur Mercier,46.153772,5.604744,Plein jour,En agglomération,Intersection en X,Normale,Deux véhicules - arrière,3,1,1,0,1,1,1,0,1,50,2,2,1,0,0,1,16.0,58.0,deux_roues,voiture,1,2,2,1,2
202300011208,2023-09-19 16:27:00,2023,9,19,16,27,01,01269,Rue du Docteur Mercier,46.153772,5.604744,Plein jour,En agglomération,Intersection en X,Normale,Deux véhicules - arrière,3,1,1,0,1,1,1,0,1,50,2,2,1,0,0,1,16.0,58.0,deux_roues,voiture,1,2,2,1,2
202300011209,2023-03-16 09:50:00,2023,3,16,9,50,34,34130,2 Rue des Granges,43.522678,3.198674,Plein jour,Hors agglomération,Hors intersection,Normale,Sans collision,4,2,2,0,2,1,1,0,1,50,1,1,0,0,1,0,53.0,,deux_roues,,1,1,1,1,7
202300011210,2023-03-19 19:10:00,2023,3,19,19,10,25,25321,Rue du Bois de Ban,47.074795,6.688002,Nuit sans éclairage public,Hors agglomération,Hors intersection,Pluie forte,Autre collision,3,2,2,0,2,2,2,0,3,80,1,3,0,0,1,2,37.0,,voiture,,3,1,1,3,6
202300011211,2023-09-20 07:45:00,2023,9,20,7,45,01,01134,D51c,46.282902,4.875242,Plein jour,Hors agglomération,Hors intersection,Temps éblouissant,Deux véhicules - frontale,3,2,1,0,1,3,1,0,1,80,2,2,0,0,1,1,30.0,55.0,voiture,voiture,1,1,1,7,1
202300011212,2023-03-19 10:15:00,2023,3,19,10,15,29,29074,Route de Kermat,48.486718,-3.995665,Plein jour,En agglomération,Giratoire,Normale,Deux véhicules - côté,3,1,2,0,1,1,1,5,1,50,2,3,2,0,1,0,23.0,76.0,voiture,deux_roues,1,2,6,1,3
202300011212,2023-03-19 10:15:00,2023,3,19,10,15,29,29074,Route de Kermat,48.486718,-3.995665,Plein jour,En agglomération,Giratoire,Normale,Deux véhicules - côté,3,1,2,0,1,1,1,5,1,50,2,3,2,0,1,0,23.0,76.0,voiture,deux_roues,1,2,6,1,3
202300011213,2023-09-19 15:00:00,2023,9,19,15,0,01,01108,rte du suran,46.37290048,5.36460042,Plein jour,Hors agglomération,Hors intersection,Normale,Autre collision,3,2,2,0,2,2,1,0,3,80,1,2,0,0,2,0,59.0,,voiture,,1,1,1,1,6
202300011214,2023-03-20 16:30:00,2023,3,20,16,30,38,38517,Avenue de la Gare,45.298619,5.485182,Plein jour,En agglomération,Hors intersection,Normale,Autre collision,3,2,2,0,1,1,1,0,1,50,1,2,1,0,0,1,27.0,,voiture,,1,2,1,1,6
202300011215,2023-09-20 11:00:00,2023,9,20,11,0,70,70467,16 Avenue Michel Leroy,47.889045,6.271989,Plein jour,En agglomération,Intersection en Y,Normale,Autre collision,4,2,2,0,1,3,1,0,1,50,1,3,2,0,1,0,73.0,,voiture,,1,2,4,1,6
202300011215,2023-09-20 11:00:00,2023,9,20,11,0,70,70467,16 Avenue Michel Leroy,47.889045,6.271989,Plein jour,En agglomération,Intersection en Y,Normale,Autre collision,4,2, -1,-1,1,1,1,0,1,-1,1,3,2,0,1,0,73.0,,voiture,,1,2,4,1,6
202300011216,2023-03-20 14:00:00,2023,3,20,14,0,58,58180,Nataloup,47.23524,4.033957,Plein jour,Hors agglomération,Hors intersection,Normale,Deux véhicules - frontale,3,2,2,0,1,1,1,0,1,80,2,2,1,0,1,0,61.0,73.0,deux_roues,voiture,1,1,1,1,1
202300011217,2023-09-20 18:50:00,2023,9,20,18,50,54,54359,RD 9 ,48.50506868,6.36478543,Crépuscule ou aube,Hors agglomération,Hors intersection,Normale,Autre collision,3,2,2,0,2,1,1,0,3,80,1,2,0,0,1,1,32.0,,utilitaire_camion,,2,1,1,1,6
202300011218,2023-03-03 07:50:00,2023,3,3,7,50,14,14582,D103,49.06824294,0.17406464,Plein jour,Hors agglomération,Hors intersection,Normale,Autre collision,3,2,2,0,1,1,1,0,3,80,1,1,0,0,1,0,26.0,,voiture,,1,1,1,1,6
202300011219,2023-03-20 07:20:00,2023,3,20,7,20,14,14455,Route de la Ballière,48.995009,-0.360221,Crépuscule ou aube,Hors agglomération,Hors intersection,Normale,Autre collision,4,2,2,0,1,1,1,0,3,90,1,1,0,0,1,0,30.0,,voiture,,2,1,1,1,6
202300011220,2023-09-20 07:30:00,2023,9,20,7,30,06,06079,99 Avenue Auguste Renoir,43.52724,6.925424,Plein jour,En agglomération,Hors intersection,Normale,Autre collision,4,2,2,0,1,3,1,0,4,50,1,1,0,0,0,1,37.0,,deux_roues,,1,2,1,1,6
202300011221,2023-09-18 16:30:00,2023,9,18,16,30,07,07005,d107,44.56125,4.597467,Plein jour,Hors agglomération,Hors intersection,Normale,Deux véhicules - frontale,3,2,2,0,1,1,1,0,1,90,2,2,0,0,2,0,63.0,70.0,voiture,voiture,1,1,1,1,1
202300011222,2023-03-17 18:45:00,2023,3,17,18,45,50,50378,le clos Dumont,48.976217,-1.241176,Crépuscule ou aube,Hors agglomération,Intersection en X,Normale,Deux véhicules - côté,3,2,2,0,1,1,1,0,1,80,2,3,2,0,0,1,71.0,65.0,voiture,voiture,2,1,2,1,3