accident_id,datetime,annee,mois,jour,heure,minute,departement,commune_insee,adresse,latitude,longitude,luminosite,agglomeration,intersection,meteo,collision,catr,circ,nbv,vosp,prof,plan,surf,infra,situ,vma,nb_vehicules,nb_usagers,nb_indemnes,nb_tues,nb_blesses_hosp,nb_blesses_legers,age_cond_1,age_cond_2,veh_type_cond_1,veh_type_cond_2,lum_code,agg_code,int_code,atm_code,col_code
202300011296,2023-06-18 01:20:00,2023,6,18,1,20,75,75118,RUE ORDENER,48.892392,2.345061,Nuit avec éclairage allumé,En agglomération,Intersection en X,Normale,Deux véhicules - côté,4,2,2,0,1,1,1,0,1,30,2,2,1,0,0,1,28.0,33.0,voiture,deux_roues,5,2,2,1,3
202300011297,2023-06-17 20:43:00,2023,6,17,20,43,75,75110,RUE DE LA GRANGE AUX BELLES,48.876003,2.368358,Plein jour,En agglomération,Intersection en X,Normale,Autre collision,4,1, -1,-1,1,1,1,0,1,-1,1,2,1,0,0,1,,,voiture,,1,2,2,1,6
202300011297,2023-06-17 20:43:00,2023,6,17,20,43,75,75110,RUE DE LA GRANGE AUX BELLES,48.876003,2.368358,Plein jour,En agglomération,Intersection en X,Normale,Autre collision,4,2,3,1,2,1,1,0,1,30,1,2,1,0,0,1,,,voiture,,1,2,2,1,6
202300011298,2023-06-16 19:30:00,2023,6,16,19,30,75,75118,BOULEVARD DE ROCHECHOUART,48.882987,2.344095,Plein jour,En agglomération,Hors intersection,Normale,Deux véhicules - arrière,4,1,4,1,1,1,1,0,5,30,2,2,1,0,0,1,51.0,22.0,deux_roues,deux_roues,1,2,1,1,2
202300011299,2023-06-16 11:02:00,2023,6,16,11,2,75,75118,RUE DE LA CHAPELLE,48.890837,2.359964,Plein jour,En agglomération,Autre intersection,Normale,Autre collision,4,1,1,1,1,1,1,0,1,30,1,2,1,0,0,1,23.0,,utilitaire_camion,,1,2,9,1,6
202300011299,2023-06-16 11:02:00,2023,6,16,11,2,75,75118,RUE DE LA CHAPELLE,48.890837,2.359964,Plein jour,En agglomération,Autre intersection,Normale,Autre collision,4,2,6,3,1,1,1,0,1,30,1,2,1,0,0,1,23.0,,utilitaire_camion,,1,2,9,1,6
202300011300,2023-06-15 15:45:00,2023,6,15,15,45,75,75117,BOULEVARD MALESHERBES,48.884709,2.307827,Plein jour,En agglomération,Intersection en T,Normale,Autre collision,4,2,4,2,1,1,1,0,1,30,1,2,1,0,0,1,45.0,,utilitaire_camion,,1,2,3,1,6
202300011300,2023-06-15 15:45:00,2023,6,15,15,45,75,75117,BOULEVARD MALESHERBES,48.884709,2.307827,Plein jour,En agglomération,Intersection en T,Normale,Autre collision,4,1,1,0,1,1,1,0,1,30,1,2,1,0,0,1,45.0,,utilitaire_camion,,1,2,3,1,6
202300011301,2023-06-15 01:00:00,2023,6,15,1,0,75,75117,AVENUE DE CLICHY,48.889124,2.322747,Nuit avec éclairage allumé,En agglomération,Intersection en X,Normale,Autre collision,4,2,2,0,1,1,1,0,1,30,1,1,0,0,0,1,33.0,,deux_roues,,5,2,2,1,6
202300011301,2023-06-15 01:00:00,2023,6,15,1,0,75,75117,AVENUE DE CLICHY,48.889124,2.322747,Nuit avec éclairage allumé,En agglomération,Intersection en X,Normale,Autre collision,4,1,1,-1,1,1,1,0,1,-1,1,1,0,0,0,1,33.0,,deux_roues,,5,2,2,1,6
202300011302,2023-06-17 16:45:00,2023,6,17,16,45,75,75116,RUE CHANEZ,48.84691,2.259672,Plein jour,En agglomération,Hors intersection,Pluie forte,Autre collision,4,1,1,0,1,1,2,0,1,30,1,2,1,0,0,1,33.0,,voiture,,1,2,1,3,6
202300011303,2023-06-16 02:07:00,2023,6,16,2,7,75,75116,AVENUE DE NEW YORK,48.86024324,2.29048052,Nuit avec éclairage allumé,En agglomération,Intersection en X,Normale,Deux véhicules - côté,4,2,4,0,1,1,1,0,1,30,2,2,1,0,0,1,38.0,50.0,voiture,deux_roues,5,2,2,1,3
202300011303,2023-06-16 02:07:00,2023,6,16,2,7,75,75116,AVENUE DE NEW YORK,48.86024324,2.29048052,Nuit avec éclairage allumé,En agglomération,Intersection en X,Normale,Deux véhicules - côté,4,2,4,0,1,2,1,0,1,30,2,2,1,0,0,1,38.0,50.0,voiture,deux_roues,5,2,2,1,3
202300011304,2023-06-13 21:00:00,2023,6,13,21,0,75,75116,AVENUE DE LA PORTE DE SAINT CLOUD,48.83869,2.25395,Plein jour,En agglomération,Intersection en X,Normale,Deux véhicules - arrière,4,4,3,0,1,1,1,0,1,30,2,2,1,0,0,1,33.0,54.0,voiture,deux_roues,1,2,2,1,2
202300011304,2023-06-13 21:00:00,2023,6,13,21,0,75,75116,AVENUE DE LA PORTE DE SAINT CLOUD,48.83869,2.25395,Plein jour,En agglomération,Intersection en X,Normale,Deux véhicules - arrière,4,1,3,0,1,1,1,0,1,30,2,2,1,0,0,1,33.0,54.0,voiture,deux_roues,1,2,2,1,2
202300011305,2023-06-13 20:35:00,2023,6,13,20,35,75,75116,RUE D AUTEUIL,48.847528,2.269105,Plein jour,En agglomération,Intersection en T,Normale,Autre collision,4,2,2,0,1,1,1,0,1,30,1,2,1,0,0,1,24.0,,voiture,,1,2,3,1,6
202300011305,2023-06-13 20:35:00,2023,6,13,20,35,75,75116,RUE D AUTEUIL,48.847528,2.269105,Plein jour,En agglomération,Intersection en T,Normale,Autre collision,4,1,1,0,1,1,1,0,1,30,1,2,1,0,0,1,24.0,,voiture,,1,2,3,1,6
202300011306,2023-06-17 18:20:00,2023,6,17,18,20,75,75115,RUE LINOIS,48.84732,2.284732,Plein jour,En agglomération,Hors intersection,Normale,Deux véhicules - arrière,4,-1,2,1,1,1,1,0,1,50,2,2,1,0,0,1,26.0,25.0,deux_roues,deux_roues,1,2,1,1,2
202300011307,2023-06-17 02:12:00,2023,6,17,2,12,75,75115,BOULEVARD LEFEBVRE,48.831178,2.291885,Nuit avec éclairage allumé,En agglomération,Intersection en T,Normale,Autre collision,4,2,1,1,2,1,1,0,1,50,1,3,2,0,0,1,16.0,,deux_roues,,5,2,3,1,6
202300011307,2023-06-17 02:12:00,2023,6,17,2,12,75,75115,BOULEVARD LEFEBVRE,48.831178,2.291885,Nuit avec éclairage allumé,En agglomération,Intersection en T,Normale,Autre collision,4,1, -1,0,1,1,1,0,1,-1,1,3,2,0,0,1,16.0,,deux_roues,,5,2,3,1,6
202300011308,2023-06-16 16:50:00,2023,6,16,16,50,75,75115,RUE DE VOUILLE,48.835119,2.30379,Plein jour,En agglomération,Intersection en T,Normale,Autre collision,4,1,1,1,1,1,1,0,1,30,1,2,1,0,0,1,50.0,,deux_roues,,1,2,3,1,6
202300011308,2023-06-16 16:50:00,2023,6,16,16,50,75,75115,RUE DE VOUILLE,48.835119,2.30379,Plein jour,En agglomération,Intersection en T,Normale,Autre collision,4,2,3,0,1,1,1,0,1,30,1,2,1,0,0,1,50.0,,deux_roues,,1,2,3,1,6
202300011309,2023-06-16 00:30:00,2023,6,16,0,30,75,75115,QUAI DE GRENELLE,48.853702,2.28768,Nuit avec éclairage allumé,En agglomération,Intersection en T,Normale,Deux véhicules - frontale,4,1,1,0,1,1,1,0,5,30,2,2,1,0,0,1,28.0,24.0,deux_roues,deux_roues,5,2,3,1,1
202300011309,2023-06-16 00:30:00,2023,6,16,0,30,75,75115,QUAI DE GRENELLE,48.853702,2.28768,Nuit avec éclairage allumé,En agglomération,Intersection en T,Normale,Deux véhicules - frontale,4,2,2,1,1,1,1,0,5,30,2,2,1,0,0,1,28.0,24.0,deux_roues,deux_roues,5,2,3,1,1
202300011310,2023-06-15 09:15:00,2023,6,15,9,15,75,75115,BOULEVARD VICTOR,48.834291,2.283909,Plein jour,En agglomération,Intersection en X,Normale,Autre collision,4,1,3,1,1,1,1,0,5,30,1,2,0,0,0,2,31.0,,deux_roues,,1,2,2,1,6
202300011310,2023-06-15 09:15:00,2023,6,15,9,15,75,75115,BOULEVARD VICTOR,48.834291,2.283909,Plein jour,En agglomération,Intersection en X,Normale,Autre collision,4,1, -1,0,1,1,1,0,5,-1,1,2,0,0,0,2,31.0,,deux_roues,,1,2,2,1,6
202300011311,2023-06-17 19:30:00,2023,6,17,19,30,75,75113,BOULEVARD DU GENERAL JEAN SIMON,48.826199,2.383317,Plein jour,En agglomération,Hors intersection,Normale,Deux véhicules - arrière,4,3,4,0,1,1,1,0,1,50,2,2,1,0,0,1,69.0,31.0,voiture,deux_roues,1,2,1,1,2
202300011312,2023-06-16 00:35:00,2023,6,16,0,35,75,75113,AVENUE DE FRANCE,48.833646,2.373606,Nuit avec éclairage allumé,En agglomération,Intersection en T,Normale,Deux véhicules - frontale,4,2,1,0,1,1,1,0,1,30,2,2,1,0,0,1,34.0,,deux_roues,voiture,5,2,3,1,1
202300011312,2023-06-16 00:35:00,2023,6,16,0,35,75,75113,AVENUE DE FRANCE,48.833646,2.373606,Nuit avec éclairage allumé,En agglomération,Intersection en T,Normale,Deux véhicules - frontale,4,-1, -1,0,1,1,1,0,1,30,2,2,1,0,0,1,34.0,,deux_roues,voiture,5,2,3,1,1
202300011313,2023-06-17 20:43:00,2023,6,17,20,43,75,75110,RUE DE LA GRANGE AUX BELLES,48.87601,2.368323,Plein jour,En agglomération,Intersection en X,Normale,Autre collision,4,1, -1,0,1,1,1,0,1,-1,1,2,1,0,0,1,,,voiture,,1,2,2,1,6
202300011313,2023-06-17 20:43:00,2023,6,17,20,43,75,75110,RUE DE LA GRANGE AUX BELLES,48.87601,2.368323,Plein jour,En agglomération,Intersection en X,Normale,Autre collision,4,2,3,1,2,1,1,0,1,30,1,2,1,0,0,1,,,voiture,,1,2,2,1,6
202300011314,2023-06-15 15:10:00,2023,6,15,15,10,75,75110,QUAI DE JEMMAPES,48.873252,2.364217,Plein jour,En agglomération,Intersection en X,Normale,Autre collision,4,1,1,-1,1,1,1,0,1,-1,1,2,1,0,1,0,20.0,,utilitaire_camion,,1,2,2,1,6
202300011314,2023-06-15 15:10:00,2023,6,15,15,10,75,75110,QUAI DE JEMMAPES,48.873252,2.364217,Plein jour,En agglomération,Intersection en X,Normale,Autre collision,4,1,1,0,1,1,1,0,1,30,1,2,1,0,1,0,20.0,,utilitaire_camion,,1,2,2,1,6
202300011315,2023-06-14 23:09:00,2023,6,14,23,9,75,75110,QUAI DE JEMMAPES,48.86883,2.367648,Nuit avec éclairage allumé,En agglomération,Intersection en X,Normale,Sans collision,4,1,2,0,1,1,1,0,1,30,1,1,0,0,0,1,33.0,,deux_roues,,5,2,2,1,7
202300011315,2023-06-14 23:09:00,2023,6,14,23,9,75,75110,QUAI DE JEMMAPES,48.86883,2.367648,Nuit avec éclairage allumé,En agglomération,Intersection en X,Normale,Sans collision,4,2,2,1,1,1,1,0,1,30,1,1,0,0,0,1,33.0,,deux_roues,,5,2,2,1,7
202300011316,2023-06-18 10:15:00,2023,6,18,10,15,75,75109,RUE DE LA CHAUSSEE D ANTIN,48.875263,2.332308,Plein jour,En agglomération,Intersection en X,Normale,Deux véhicules - côté,4,2,3,1,1,1,1,0,1,30,2,2,1,0,0,1,59.0,25.0,voiture,deux_roues,1,2,2,1,3
202300011316,2023-06-18 10:15:00,2023,6,18,10,15,75,75109,RUE DE LA CHAUSSEE D ANTIN,48.875263,2.332308,Plein jour,En agglomération,Intersection en X,Normale,Deux véhicules - côté,4,2,2,1,1,1,1,0,1,30,2,2,1,0,0,1,59.0,25.0,voiture,deux_roues,1,2,2,1,3
202300011317,2023-06-14 19:30:00,2023,6,14,19,30,75,75109,RUE SCRIBE,48.87021,2.32989,Plein jour,En agglomération,Intersection en X,Normale,Deux véhicules - arrière,4,2,3,0,1,1,1,0,1,30,2,5,3,0,0,2,60.0,50.0,voiture,voiture,1,2,2,1,2
202300011317,2023-06-14 19:30:00,2023,6,14,19,30,75,75109,RUE SCRIBE,48.87021,2.32989,Plein jour,En agglomération,Intersection en X,Normale,Deux véhicules - arrière,4,1,1,0,1,1,1,0,1,30,2,5,3,0,0,2,60.0,50.0,voiture,voiture,1,2,2,1,2
202300011318,2023-06-16 13:50:00,2023,6,16,13,50,75,75108,PLACE DE LA CONCORDE,48.865864,2.319853,Plein jour,En agglomération,Place,Normale,Deux véhicules - côté,4,4,3,0,1,1,1,0,1,50,2,2,1,0,0,1,66.0,34.0,voiture,deux_roues,1,2,7,1,3
202300011318,2023-06-16 13:50:00,2023,6,16,13,50,75,75108,PLACE DE LA CONCORDE,48.865864,2.319853,Plein jour,En agglomération,Place,Normale,Deux véhicules - côté,4,4,4,3,1,1,1,0,1,50,2,2,1,0,0,1,66.0,34.0,voiture,deux_roues,1,2,7,1,3
202300011319,2023-06-16 11:33:00,2023,6,16,11,33,75,75108,PLACE DE LA CONCORDE,48.865869,2.319902,Plein jour,En agglomération,Intersection en X,Normale,Deux véhicules - côté,4,2,8,0,2,1,1,0,1,50,2,2,1,0,0,1,22.0,52.0,deux_roues,voiture,1,2,2,1,3
202300011319,2023-06-16 11:33:00,2023,6,16,11,33,75,75108,PLACE DE LA CONCORDE,48.865869,2.319902,Plein jour,En agglomération,Intersection en X,Normale,Deux véhicules - côté,4,1,5,3,1,1,1,0,1,30,2,2,1,0,0,1,22.0,52.0,deux_roues,voiture,1,2,2,1,3
202300011320,2023-06-17 13:03:00,2023,6,17,13,3,75,75107,BOULEVARD DES INVALIDES,48.847974,2.316146,Plein jour,En agglomération,Intersection en X,Normale,Sans collision,4,2,5,1,1,1,1,0,5,30,1,1,0,0,0,1,20.0,,deux_roues,,1,2,2,1,7
202300011320,2023-06-17 13:03:00,2023,6,17,13,3,75,75107,BOULEVARD DES INVALIDES,48.847974,2.316146,Plein jour,En agglomération,Intersection en X,Normale,Sans collision,4,-1, -1,-1,1,1,1,0,5,-1,1,1,0,0,0,1,20.0,,deux_roues,,1,2,2,1,7
202300011321,2023-06-16 08:50:00,2023,6,16,8,50,75,75114,RUE PIERRE LAROUSSE,48.828663,2.3147,Plein jour,En agglomération,Hors intersection,Normale,Autre collision,4,1,1,1,1,1,1,0,1,30,1,2,1,0,0,1,41.0,,deux_roues,,1,2,1,1,6
202300011322,2023-06-16 09:00:00,2023,6,16,9,0,75,75107,RUE DE L UNIVERSITE,48.86113948,2.30547819,Plein jour,En agglomération,Intersection en X,Normale,Deux véhicules - côté,4,1,1,1,1,1,1,0,5,30,2,2,1,0,0,1,22.0,53.0,deux_roues,deux_roues,1,2,2,1,3
202300011322,2023-06-16 09:00:00,2023,6,16,9,0,75,75107,RUE DE L UNIVERSITE,48.86113948,2.30547819,Plein jour,En agglomération,Intersection en X,Normale,Deux véhicules - côté,4,1,1,0,1,1,1,0,5,30,2,2,1,0,0,1,22.0,53.0,deux_roues,deux_roues,1,2,2,1,3
202300011323,2023-06-16 10:15:00,2023,6,16,10,15,75,75104,QUAI DES CELESTINS,48.851357,2.362285,Plein jour,En agglomération,Intersection en T,Normale,Sans collision,4,4,4,1,1,1,1,0,5,30,1,1,0,0,0,1,50.0,,deux_roues,,1,2,3,1,7
202300011323,2023-06-16 10:15:00,2023,6,16,10,15,75,75104,QUAI DES CELESTINS,48.851357,2.362285,Plein jour,En agglomération,Intersection en T,Normale,Sans collision,4,4,2,2,1,1,1,0,1,30,1,1,0,0,0,1,50.0,,deux_roues,,1,2,3,1,7
202300011324,2023-06-15 09:20:00,2023,6,15,9,20,75,75109,BOULEVARD DE CLICHY,48.884097,2.330821,Plein jour,En agglomération,Intersection en T,Normale,Sans collision,4,1,2,0,1,1,1,0,1,30,1,1,0,0,0,1,29.0,,deux_roues,,1,2,3,1,7
202300011324,2023-06-15 09:20:00,2023,6,15,9,20,75,75109,BOULEVARD DE CLICHY,48.884097,2.330821,Plein jour,En agglomération,Intersection en T,Normale,Sans collision,4,1,1,0,1,1,1,0,1,30,1,1,0,0,0,1,29.0,,deux_roues,,1,2,3,1,7
202300011325,2023-06-14 17:40:00,2023,6,14,17,40,75,75101,RUE DE RICHELIEU,48.865612,2.336622,Plein jour,En agglomération,Intersection en X,Normale,Deux véhicules - côté,4,1,2,3,1,1,1,0,1,30,2,3,1,0,0,2,23.0,34.0,deux_roues,voiture,1,2,2,1,3
202300011325,2023-06-14 17:40:00,2023,6,14,17,40,75,75101,RUE DE RICHELIEU,48.865612,2.336622,Plein jour,En agglomération,Intersection en X,Normale,Deux véhicules - côté,4,1,1,2,1,1,1,0,1,30,2,3,1,0,0,2,23.0,34.0,deux_roues,voiture,1,2,2,1,3
202300011326,2023-06-14 11:22:00,2023,6,14,11,22,75,75104,BOULEVARD DE SEBASTOPOL,48.860581,2.349376,Plein jour,En agglomération,Intersection en X,Normale,Deux véhicules - côté,4,1,5,1,1,1,1,0,1,30,2,2,1,0,0,1,17.0,62.0,deux_roues,voiture,1,2,2,1,3
202300011326,2023-06-14 11:22:00,2023,6,14,11,22,75,75104,BOULEVARD DE SEBASTOPOL,48.860581,2.349376,Plein jour,En agglomération,Intersection en X,Normale,Deux véhicules - côté,4,2,1,3,1,1,1,6,1,30,2,2,1,0,0,1,17.0,62.0,deux_roues,voiture,1,2,2,1,3
202300011327,2023-06-14 04:50:00,2023,6,14,4,50,75,75104,BOULEVARD DU PALAIS,48.854338,2.344919,Nuit avec éclairage allumé,En agglomération,Intersection en X,Normale,Sans collision,4,2,2,0,1,1,1,0,1,30,1,1,0,0,0,1,46.0,,deux_roues,,5,2,2,1,7
202300011327,2023-06-14 04:50:00,2023,6,14,4,50,75,75104,BOULEVARD DU PALAIS,48.854338,2.344919,Nuit avec éclairage allumé,En agglomération,Intersection en X,Normale,Sans collision,4,-1, -1,0,1,1,1,0,1,30,1,1,0,0,0,1,46.0,,deux_roues,,5,2,2,1,7
202300011328,2023-04-26 15:20:00,2023,4,26,15,20,32,32156,D2,43.525729,0.458143,Plein jour,Hors agglomération,Intersection en T,Normale,Deux véhicules - côté,3,2,2,0,1,1,1,0,1,80,2,2,1,0,1,0,53.0,17.0,voiture,deux_roues,1,1,3,1,3
202300011328,2023-04-26 15:20:00,2023,4,26,15,20,32,32156,D2,43.525729,0.458143,Plein jour,Hors agglomération,Intersection en T,Normale,Deux véhicules - côté,3,2,2,0,2,1,1,0,1,-1,2,2,1,0,1,0,53.0,17.0,voiture,deux_roues,1,1,3,1,3
202300011329,2023-06-14 16:00:00,2023,6,14,16,0,60,60676,15 Rue de Dives le Franc,49.560595,2.947379,Plein jour,En agglomération,Hors intersection,Normale,Sans collision,3,2,2,0,3,3,1,0,1,50,1,1,0,0,1,0,76.0,,deux_roues,,1,2,1,1,7
202300011330,2023-09-09 23:45:00,2023,9,9,23,45,976,97611,kaweni-Kaweni nord ( Z I ),-12.76926,45.22404,Nuit avec éclairage non allumé,En agglomération,Hors intersection,Normale,Sans collision,2,2,2,0,1,1,9,0,1,50,1,1,0,0,1,0,36.0,,deux_roues,,4,2,1,1,7
202300011331,2023-09-18 10:20:00,2023,9,18,10,20,69,69386,Rue Vendôme,45.76803,4.8454,Plein jour,En agglomération,Intersection en X,Pluie forte,Deux véhicules - côté,4,1,1,0,1,1,2,0,1,50,2,2,1,0,1,0,28.0,28.0,deux_roues,voiture,1,2,2,3,3
202300011331,2023-09-18 10:20:00,2023,9,18,10,20,69,69386,Rue Vendôme,45.76803,4.8454,Plein jour,En agglomération,Intersection en X,Pluie forte,Deux véhicules - côté,4,1,1,2,1,1,2,0,5,50,2,2,1,0,1,0,28.0,28.0,deux_roues,voiture,1,2,2,3,3
202300011332,2023-09-18 12:00:00,2023,9,18,12,0,69,69383,Cours Lafayette,45.7636,4.85526,Plein jour,En agglomération,Intersection en X,Pluie légère,Autre collision,4,1,2,2,1,1,2,0,1,50,2,2,1,0,0,1,35.0,56.0,deux_roues,voiture,1,2,2,2,6
202300011332,2023-09-18 12:00:00,2023,9,18,12,0,69,69383,Cours Lafayette,45.7636,4.85526,Plein jour,En agglomération,Intersection en X,Pluie légère,Autre collision,4,1,1,0,1,1,2,0,1,30,2,2,1,0,0,1,35.0,56.0,deux_roues,voiture,1,2,2,2,6
202300011333,2023-09-18 09:50:00,2023,9,18,9,50,69,69381,2 Place Rouville,45.76962,4.82506,Plein jour,En agglomération,Hors intersection,Pluie légère,Autre collision,4,2,2,2,2,1,2,0,1,30,1,2,1,0,0,1,50.0,,utilitaire_camion,,1,2,1,2,6
202300011334,2023-09-17 23:40:00,2023,9,17,23,40,971,97101,RN5-BOISRIPEAUX,16.28952,-61.50406,Nuit sans éclairage public,Hors agglomération,Hors intersection,Normale,Sans collision,2,2,4,0,1,1,1,0,1,110,1,3,1,0,0,2,26.0,,voiture,,3,1,1,1,7
202300011335,2023-09-18 18:30:00,2023,9,18,18,30,95,95197,PAUL FLEURY (AVENUE),48.96986014,2.31668293,Plein jour,En agglomération,Intersection en X,Normale,Autre collision,3,2,2,0,1,2,1,0,1,50,2,2,1,0,0,1,23.0,29.0,deux_roues,voiture,1,2,2,1,6
202300011335,2023-09-18 18:30:00,2023,9,18,18,30,95,95197,PAUL FLEURY (AVENUE),48.96986014,2.31668293,Plein jour,En agglomération,Intersection en X,Normale,Autre collision,3,2,2,0,1,1,1,0,1,50,2,2,1,0,0,1,23.0,29.0,deux_roues,voiture,1,2,2,1,6
202300011336,2023-09-18 08:30:00,2023,9,18,8,30,95,95210,COUSSAYE (RUE DE LA),48.96441,2.30466,Plein jour,En agglomération,Hors intersection,Normale,Autre collision,4,2,2,0,1,1,1,0,1,50,1,2,1,0,0,1,33.0,,voiture,,1,2,1,1,6
202300011337,2023-09-18 23:30:00,2023,9,18,23,30,91,91097,RUE DU VIEUX PONT,48.68806,2.53348,Nuit avec éclairage allumé,En agglomération,Hors intersection,Normale,Sans collision,3,1,1,0,1,1,1,2,1,30,1,1,0,0,0,1,43.0,,voiture,,5,2,1,1,7
202300011338,2023-09-14 17:20:00,2023,9,14,17,20,91,91027,RTE DE FONTAINEBLEAU,48.699643,2.371832,Plein jour,En agglomération,Hors intersection,Normale,Deux véhicules - côté,3,2,4,0,1,1,1,1,1,70,2,2,1,0,0,1,32.0,48.0,deux_roues,voiture,1,2,1,1,3
202300011339,2023-09-18 20:30:00,2023,9,18,20,30,91,91223,PORTEREAUX (SENTE DES),48.428018,2.151903,Crépuscule ou aube,En agglomération,Hors intersection,Pluie légère,Deux véhicules - arrière,4,2,2,0,1,1,2,0,1,30,2,2,1,0,0,1,21.0,56.0,voiture,voiture,2,2,1,2,2
202300011340,2023-09-16 15:00:00,2023,9,16,15,0,89,89387,PIERRE DE COUBERTIN (AVENUE),48.19544,3.30166,Plein jour,En agglomération,Intersection en X,Normale,Deux véhicules - côté,4,2,2,0,1,1,1,0,1,50,2,4,3,0,0,1,62.0,62.0,voiture,voiture,1,2,2,1,3
202300011340,2023-09-16 15:00:00,2023,9,16,15,0,89,89387,PIERRE DE COUBERTIN (AVENUE),48.19544,3.30166,Plein jour,En agglomération,Intersection en X,Normale,Deux véhicules - côté,4,2,2,0,1,1,1,0,1,50,2,4,3,0,0,1,62.0,62.0,voiture,voiture,1,2,2,1,3
202300011341,2023-09-08 13:25:00,2023,9,8,13,25,89,89346,GENERAL DE BILLY ( RUE ),47.80338,3.53564,Plein jour,En agglomération,Giratoire,Normale,Deux véhicules - côté,4,2,2,1,1,1,1,0,5,50,2,2,1,0,0,1,14.0,64.0,deux_roues,voiture,1,2,6,1,3
202300011341,2023-09-08 13:25:00,2023,9,8,13,25,89,89346,GENERAL DE BILLY ( RUE ),47.80338,3.53564,Plein jour,En agglomération,Giratoire,Normale,Deux véhicules - côté,4,2,2,0,1,1,1,0,1,50,2,2,1,0,0,1,14.0,64.0,deux_roues,voiture,1,2,6,1,3
202300011342,2023-09-16 23:21:00,2023,9,16,23,21,87,87085,NEXON (RUE DE),45.81693,1.26132,Nuit avec éclairage allumé,En agglomération,Hors intersection,Normale,Autre collision,3,2,2,0,1,1,1,0,1,50,1,2,0,0,0,2,26.0,,voiture,,5,2,1,1,6
202300011343,2023-09-18 12:20:00,2023,9,18,12,20,81,81004,CENTRE VILLE,43.91898,2.10925,Plein jour,En agglomération,Hors intersection,Normale,Deux véhicules - côté,6,-1,0,0,1,1,1,0,1,30,2,2,1,0,1,0,76.0,58.0,deux_roues,voiture,1,2,1,1,3
202300011344,2023-09-12 09:30:00,2023,9,12,9,30,80,80021,VALLEE (RUE DE LA ),49.89183,2.30944,Plein jour,En agglomération,Hors intersection,Normale,Autre collision,4,-1,2,0,1,1,1,0,1,50,1,2,1,0,0,1,18.0,,voiture,,1,2,1,1,6
202300011345,2023-09-07 00:30:00,2023,9,7,0,30,80,80021,JULES FERRY (CHAUSSEE),49.87723,2.34202,Nuit avec éclairage allumé,En agglomération,Hors intersection,Normale,Autre collision,4,2,2,0,1,1,1,0,1,50,2,2,1,0,0,1,33.0,50.0,deux_roues,voiture,5,2,1,1,6
202300011346,2023-09-17 11:35:00,2023,9,17,11,35,76,76351,FRISSARD (QUAI),49.48967,0.12468,Plein jour,En agglomération,Intersection en T,Normale,Sans collision,4,2,2,0,1,1,2,0,1,50,1,1,0,0,1,0,68.0,,deux_roues,,1,2,3,1,7
202300011346,2023-09-17 11:35:00,2023,9,17,11,35,76,76351,FRISSARD (QUAI),49.48967,0.12468,Plein jour,En agglomération,Intersection en T,Normale,Sans collision,4,2,2,0,1,1,2,0,1,50,1,1,0,0,1,0,68.0,,deux_roues,,1,2,3,1,7
202300011347,2023-09-15 17:40:00,2023,9,15,17,40,76,76447,ANCIENNE HUILERIE (PLACE),49.544512,0.187861,Plein jour,En agglomération,Hors intersection,Normale,Autre collision,4,1,0,0,1,1,1,0,1,-1,1,2,1,0,0,1,63.0,,voiture,,1,2,1,1,6
202300011348,2023-09-15 16:45:00,2023,9,15,16,45,76,76447,RD 489,49.53966202,0.20851065,Plein jour,Hors agglomération,Hors intersection,Normale,Deux véhicules - arrière,3,3,4,0,1,1,1,0,1,90,2,2,1,0,0,1,34.0,21.0,voiture,deux_roues,1,1,1,1,2
202300011349,2023-09-18 11:40:00,2023,9,18,11,40,72,72181,FRESNELLERIE BD DE LA N° IMP,47.96981,0.20614,Plein jour,En agglomération,Autre intersection,Pluie légère,Autre collision,4,2,2,0,1,1,2,0,1,50,1,3,1,0,0,2,77.0,,voiture,,1,2,9,2,6
202300011350,2023-09-18 15:10:00,2023,9,18,15,10,69,69266,Rue Alexis Perroncel,45.77480246,4.87406835,Plein jour,En agglomération,Intersection en X,Normale,Deux véhicules - côté,4,1,1,2,1,1,1,0,1,50,2,2,1,0,1,0,51.0,22.0,voiture,deux_roues,1,2,2,1,3
202300011350,2023-09-18 15:10:00,2023,9,18,15,10,69,69266,Rue Alexis Perroncel,45.77480246,4.87406835,Plein jour,En agglomération,Intersection en X,Normale,Deux véhicules - côté,4,1,1,2,1,1,1,0,1,50,2,2,1,0,1,0,51.0,22.0,voiture,deux_roues,1,2,2,1,3
202300011351,2023-09-18 22:30:00,2023,9,18,22,30,69,69264,Avenue Theodore Braun,45.97911,4.73903,Nuit avec éclairage allumé,En agglomération,Hors intersection,Pluie légère,Autre collision,3,2,2,0,1,1,2,0,1,70,1,2,1,0,1,0,21.0,,voiture,,5,2,1,2,6
202300011352,2023-09-17 16:20:00,2023,9,17,16,20,69,69029,Avenue Franklin Roosevelt,45.73777,4.89581,Plein jour,En agglomération,Hors intersection,Normale,Deux véhicules - côté,4,2,4,1,1,1,1,0,1,50,2,2,1,0,0,1,22.0,47.0,deux_roues,deux_roues,1,2,1,1,3
202300011353,2023-09-15 09:34:00,2023,9,15,9,34,67,67462,GENERAL CASTELNAU (BOULEVARD DU),48.26098,7.45713,Plein jour,En agglomération,Hors intersection,Temps éblouissant,Deux véhicules - côté,4,2,2,0,1,1,1,0,1,40,2,2,1,0,1,0,75.0,49.0,deux_roues,voiture,1,2,1,7,3
202300011354,2023-09-17 06:35:00,2023,9,17,6,35,62,62033,D917,50.45285,2.87563,Crépuscule ou aube,En agglomération,Hors intersection,Normale,Autre collision,3,2,3,0,1,1,1,0,1,70,1,1,0,1,0,0,34.0,,voiture,,2,2,1,1,6