accident_id,datetime,annee,mois,jour,heure,minute,departement,commune_insee,adresse,latitude,longitude,luminosite,agglomeration,intersection,meteo,collision,catr,circ,nbv,vosp,prof,plan,surf,infra,situ,vma,nb_vehicules,nb_usagers,nb_indemnes,nb_tues,nb_blesses_hosp,nb_blesses_legers,age_cond_1,age_cond_2,veh_type_cond_1,veh_type_cond_2,lum_code,agg_code,int_code,atm_code,col_code
202300011435,2023-02-07 16:30:00,2023,2,7,16,30,49,49160,D723,47.408868,-0.942646,Plein jour,Hors agglomération,Intersection en T,Temps éblouissant,Deux véhicules - côté,3,2,2,0,1,1,1,0,1,90,2,2,1,0,1,0,72.0,48.0,deux_roues,voiture,1,1,3,7,3
202300011435,2023-02-07 16:30:00,2023,2,7,16,30,49,49160,D723,47.408868,-0.942646,Plein jour,Hors agglomération,Intersection en T,Temps éblouissant,Deux véhicules - côté,3,-1, -1,-1,1,1,1,0,1,-1,2,2,1,0,1,0,72.0,48.0,deux_roues,voiture,1,1,3,7,3
202300011436,2023-10-19 14:10:00,2023,10,19,14,10,78,78640,A86 INT,48.780536,2.180044,Plein jour,Hors agglomération,Autre intersection,Normale,Autre collision,1,1,3,0,1,1,1,0,1,90,1,1,0,0,0,1,28.0,,voiture,,1,1,9,1,6
202300011437,2023-02-07 18:00:00,2023,2,7,18,0,12,12208,D50,43.98208466,2.90252388,Nuit sans éclairage public,Hors agglomération,Hors intersection,Normale,Deux véhicules - frontale,3,2,2,0,2,3,1,0,1,90,2,2,0,0,2,0,41.0,48.0,voiture,voiture,3,1,1,1,1
202300011438,2023-02-08 14:30:00,2023,2,8,14,30,46,46028,D 803,44.931874,1.757469,Plein jour,Hors agglomération,Hors intersection,Normale,Autre collision,3,2,2,0,3,1,1,0,1,70,1,1,0,1,0,0,77.0,,deux_roues,,1,1,1,1,6
202300011439,2023-10-19 08:25:00,2023,10,19,8,25,78,78545,A12 Y,48.810346,2.055613,Plein jour,Hors agglomération,Hors intersection,Pluie légère,Trois véhicules et plus - en chaîne,1,1,4,0,1,1,2,0,1,110,3,3,1,0,0,2,61.0,44.0,voiture,voiture,1,1,1,2,4
202300011440,2023-02-01 21:40:00,2023,2,1,21,40,47,47179,Avenue de la Gare,44.484761,0.943483,Nuit avec éclairage allumé,En agglomération,Hors intersection,Normale,Sans collision,3,2,2,0,1,1,1,0,4,50,1,1,0,0,1,0,18.0,,deux_roues,,5,2,1,1,7
202300011441,2023-02-06 20:10:00,2023,2,6,20,10,34,34079,4 Rue Descartes,43.634938,3.433995,Nuit avec éclairage allumé,En agglomération,Hors intersection,Normale,Sans collision,4,2,2,0,1,1,1,0,1,-1,1,2,0,0,1,1,43.0,,voiture,,5,2,1,1,7
202300011442,2023-10-19 08:00:00,2023,10,19,8,0,78,78090,A13,48.970326,1.902646,Plein jour,Hors agglomération,Hors intersection,Pluie légère,Trois véhicules et plus - collisions multiples,1,1,2,0,1,1,2,0,1,130,3,3,0,0,0,3,28.0,45.0,utilitaire_camion,voiture,1,1,1,2,5
202300011443,2023-02-07 15:30:00,2023,2,7,15,30,22,22250,pont neuf,48.701253,-3.160374,Plein jour,En agglomération,Hors intersection,Normale,Autre collision,3,2,2,0,1,1,1,2,1,50,1,2,1,0,1,0,67.0,,voiture,,1,2,1,1,6
202300011444,2023-02-07 17:00:00,2023,2,7,17,0,29,29259,Lieu Dit Penarth,48.683538,-3.959091,Plein jour,En agglomération,Hors intersection,Normale,Sans collision,4,-1,2,0,2,1,1,9,8,30,1,2,1,1,0,0,77.0,,voiture,,1,2,1,1,7
202300011445,2023-10-18 20:45:00,2023,10,18,20,45,78,78466,A13,48.91954,2.004711,Nuit sans éclairage public,Hors agglomération,Hors intersection,Pluie légère,Trois véhicules et plus - en chaîne,1,1,2,0,4,1,2,0,1,110,3,3,2,0,0,1,48.0,50.0,utilitaire_camion,utilitaire_camion,3,1,1,2,4
202300011446,2023-02-07 08:00:00,2023,2,7,8,0,29,29044,D60 PR 4+400,48.22265,-4.171548,Crépuscule ou aube,Hors agglomération,Hors intersection,Autre,Sans collision,3,2,2,0,1,1,1,0,8,80,1,1,0,0,1,0,15.0,,deux_roues,,2,1,1,9,7
202300011447,2023-02-05 17:50:00,2023,2,5,17,50,84,84123,CD 30 route de st christol,44.064705,5.469668,Plein jour,Hors agglomération,Hors intersection,Normale,Sans collision,3,2,2,0,1,3,1,0,3,80,1,1,0,0,1,0,53.0,,deux_roues,,1,1,1,1,7
202300011448,2023-10-18 17:18:00,2023,10,18,17,18,78,78640,N118,48.778668,2.222551,Crépuscule ou aube,Hors agglomération,Hors intersection,Pluie légère,Deux véhicules - côté,2,1,2,0,1,1,2,0,1,110,2,2,1,0,0,1,21.0,51.0,deux_roues,voiture,2,1,1,2,3
202300011449,2023-10-20 14:15:00,2023,10,20,14,15,93,93053,AUTOROUTE A3,48.88065,2.45189,Plein jour,Hors agglomération,Hors intersection,Normale,Trois véhicules et plus - en chaîne,1,3,4,0,1,1,1,0,1,90,3,3,2,0,0,1,30.0,22.0,voiture,voiture,1,1,1,1,4
202300011450,2023-02-06 06:32:00,2023,2,6,6,32,66,66125,,42.561163,2.2879111,Nuit sans éclairage public,Hors agglomération,Hors intersection,Normale,Autre collision,2,2,2,0,1,1,1,0,3,80,1,16,12,0,0,4,25.0,,transport_commun,,3,1,1,1,6
202300011451,2023-02-07 11:15:00,2023,2,7,11,15,06,06103,14 Avenue Philippe Corniglion,44.011691,7.307552,Plein jour,En agglomération,Intersection en X,Normale,Autre collision,7,2,2,0,1,1,1,0,1,30,1,2,1,0,1,0,69.0,,voiture,,1,2,2,1,6
202300011451,2023-02-07 11:15:00,2023,2,7,11,15,06,06103,14 Avenue Philippe Corniglion,44.011691,7.307552,Plein jour,En agglomération,Intersection en X,Normale,Autre collision,7,1,1,-1,4,1,1,0,1,-1,1,2,1,0,1,0,69.0,,voiture,,1,2,2,1,6
202300011452,2023-10-20 09:45:00,2023,10,20,9,45,92,92036,AUTOROUTE A15,48.94920532,2.28069842,Plein jour,Hors agglomération,Hors intersection,Pluie légère,Deux véhicules - arrière,1,3,4,0,1,1,2,2,1,110,2,2,1,0,0,1,26.0,40.0,voiture,deux_roues,1,1,1,2,2
202300011453,2023-01-14 16:00:00,2023,1,14,16,0,14,14098,D83,49.20497674,-0.51028369,Plein jour,Hors agglomération,Hors intersection,Pluie légère,Deux véhicules - frontale,3,2,2,0,4,2,2,0,1,80,2,2,1,0,1,0,66.0,33.0,voiture,voiture,1,1,1,2,1
202300011454,2023-02-05 16:30:00,2023,2,5,16,30,07,07193,ROUTE DE PRUNET,44.579407,4.279926,Plein jour,Hors agglomération,Hors intersection,Normale,Deux véhicules - frontale,3,2,2,0,2,3,1,0,1,90,2,2,1,0,1,0,52.0,16.0,voiture,deux_roues,1,1,1,1,1
202300011455,2023-02-08 06:00:00,2023,2,8,6,0,27,27125,Rue Jules Quatrenoix,49.190181,0.752349,Nuit avec éclairage allumé,En agglomération,Hors intersection,Temps couvert,Autre collision,3,2,2,0,1,1,1,0,3,50,1,1,0,0,1,0,26.0,,voiture,,5,2,1,8,6
202300011456,2023-10-20 06:55:00,2023,10,20,6,55,93,93027,AUTOROUTE A86,48.92739,2.40738,Nuit sans éclairage public,Hors agglomération,Hors intersection,Pluie forte,Trois véhicules et plus - en chaîne,1,3,3,0,1,1,2,0,1,90,3,3,2,0,0,1,21.0,26.0,utilitaire_camion,voiture,3,1,1,3,4
202300011457,2023-01-15 20:15:00,2023,1,15,20,15,87,87028,RD 942,46.23093,0.919794,Nuit sans éclairage public,Hors agglomération,Hors intersection,Autre,Autre collision,3,2,2,0,2,3,2,0,3,80,1,3,1,0,2,0,19.0,,voiture,,3,1,1,9,6
202300011458,2023-10-19 22:10:00,2023,10,19,22,10,92,92036,AUTOROUTE A15,48.94815749,2.28119607,Nuit sans éclairage public,Hors agglomération,Hors intersection,Pluie légère,Trois véhicules et plus - collisions multiples,1,3,4,0,1,1,2,2,1,90,4,5,4,0,0,1,25.0,45.0,voiture,voiture,3,1,1,2,5
202300011459,2023-02-08 11:20:00,2023,2,8,11,20,68,68266,Rue de Munchhouse,47.892305,7.376032,Plein jour,Hors agglomération,Autre intersection,Normale,Deux véhicules - côté,1,3,2,0,1,1,1,0,8,130,2,3,0,2,1,0,31.0,84.0,utilitaire_camion,utilitaire_camion,1,1,9,1,3
202300011459,2023-02-08 11:20:00,2023,2,8,11,20,68,68266,Rue de Munchhouse,47.892305,7.376032,Plein jour,Hors agglomération,Autre intersection,Normale,Deux véhicules - côté,1,2,2,0,1,1,1,0,1,80,2,3,0,2,1,0,31.0,84.0,utilitaire_camion,utilitaire_camion,1,1,9,1,3
202300011460,2023-02-06 18:57:00,2023,2,6,18,57,73,73151,A41,45.471813,6.017224,Nuit sans éclairage public,Hors agglomération,Hors intersection,Normale,Deux véhicules - arrière,1,3,4,0,1,1,1,0,2,130,2,3,1,0,0,2,38.0,55.0,utilitaire_camion,utilitaire_camion,3,1,1,1,2
202300011461,2023-02-06 02:40:00,2023,2,6,2,40,01,01274,Autoroute A40 - PK 115+200 - sens GENEVE-MACON,46.160847,5.652444,Nuit sans éclairage public,Hors agglomération,Hors intersection,Normale,Autre collision,1,3,4,0,1,2,1,9,3,110,2,2,1,0,1,0,21.0,27.0,voiture,voiture,3,1,1,1,6
202300011462,2023-10-19 04:25:00,2023,10,19,4,25,93,93063,AUTOROUTE A3,48.87973,2.44963,Nuit sans éclairage public,Hors agglomération,Hors intersection,Normale,Trois véhicules et plus - collisions multiples,1,3,4,0,2,1,1,0,1,90,3,4,2,0,2,0,27.0,54.0,utilitaire_camion,voiture,3,1,1,1,5
202300011463,2023-02-04 05:02:00,2023,2,4,5,2,01,01373,A40 PK 123+300 direction GENEVE,46.127395,5.565844,Nuit sans éclairage public,Hors agglomération,Hors intersection,Normale,Deux véhicules - côté,1,3,4,0,1,1,1,0,1,110,2,3,2,0,0,1,35.0,61.0,voiture,utilitaire_camion,3,1,1,1,3
202300011464,2023-10-20 06:10:00,2023,10,20,6,10,77,77146,A4,48.83225661,2.66501136,Nuit sans éclairage public,Hors agglomération,Hors intersection,Pluie légère,Autre collision,1,3,6,0,1,1,2,0,1,110,3,3,2,0,0,1,48.0,38.0,voiture,voiture,3,1,1,2,6
202300011465,2023-02-08 16:40:00,2023,2,8,16,40,37,37003,Grande Allée de Jumeaux (Chemin),47.376471,1.041105,Plein jour,Hors agglomération,Intersection en X,Normale,Deux véhicules - côté,4,2,2,0,1,1,1,0,1,50,2,5,2,0,1,2,53.0,24.0,utilitaire_camion,utilitaire_camion,1,1,2,1,3
202300011465,2023-02-08 16:40:00,2023,2,8,16,40,37,37003,Grande Allée de Jumeaux (Chemin),47.376471,1.041105,Plein jour,Hors agglomération,Intersection en X,Normale,Deux véhicules - côté,4,2,2,0,1,1,1,0,1,80,2,5,2,0,1,2,53.0,24.0,utilitaire_camion,utilitaire_camion,1,1,2,1,3
202300011466,2023-02-05 06:15:00,2023,2,5,6,15,59,59010,Autoroute A26,50.163484,3.103981,Nuit sans éclairage public,Hors agglomération,Hors intersection,Pluie forte,Trois véhicules et plus - collisions multiples,1,3,4,0,1,1,2,0,2,130,3,6,5,0,1,0,24.0,77.0,voiture,voiture,3,1,1,3,5
202300011467,2023-08-20 22:58:00,2023,8,20,22,58,69,69386,Quai Charles de Gaulle,45.77678961,4.84378919,Nuit avec éclairage allumé,En agglomération,Hors intersection,Normale,Deux véhicules - frontale,4,1,2,0,1,1,1,0,1,50,2,5,3,0,0,2,,36.0,voiture,voiture,5,2,1,1,1
202300011468,2023-02-08 06:45:00,2023,2,8,6,45,973,97305,Route Nationale 1,4.989607,-52.448859,Plein jour,Hors agglomération,Hors intersection,Normale,Deux véhicules - côté,2,2,2,0,1,1,1,0,1,80,2,3,1,1,0,1,40.0,48.0,utilitaire_camion,deux_roues,1,1,1,1,3
202300011469,2023-02-07 22:10:00,2023,2,7,22,10,37,37088,RD 751 - lieu dit les Vauclous,47.198208,0.092067,Nuit sans éclairage public,Hors agglomération,Hors intersection,Normale,Autre collision,3,2,2,0,1,2,1,0,3,90,1,2,0,1,1,0,27.0,,voiture,,3,1,1,1,6
202300011470,2023-08-20 05:20:00,2023,8,20,5,20,69,69387,Avenue Jean Jaurès,45.7451,4.84185,Nuit avec éclairage allumé,En agglomération,Intersection en X,Normale,Deux véhicules - côté,4,1,3,3,1,1,1,0,1,50,2,4,3,0,0,1,19.0,52.0,deux_roues,voiture,5,2,2,1,3
202300011470,2023-08-20 05:20:00,2023,8,20,5,20,69,69387,Avenue Jean Jaurès,45.7451,4.84185,Nuit avec éclairage allumé,En agglomération,Intersection en X,Normale,Deux véhicules - côté,4,2,3,2,1,1,1,0,1,30,2,4,3,0,0,1,19.0,52.0,deux_roues,voiture,5,2,2,1,3
202300011471,2023-02-07 15:50:00,2023,2,7,15,50,2B,2B029,lieu dit piazze,42.689291,9.378411,Plein jour,En agglomération,Hors intersection,Normale,Deux véhicules - frontale,3,2,2,0,2,3,1,0,1,30,2,3,2,0,0,1,70.0,72.0,voiture,voiture,1,2,1,1,1
202300011472,2023-02-08 16:40:00,2023,2,8,16,40,2A,2A247,RT10,41.637569,9.293956,Plein jour,Hors agglomération,Hors intersection,Pluie légère,Trois véhicules et plus - collisions multiples,2,2,2,0,1,1,2,0,1,80,3,4,0,0,2,2,38.0,64.0,voiture,voiture,1,1,1,2,5
202300011473,2023-08-20 01:10:00,2023,8,20,1,10,77,77379,29 EME DRAGONS (PLACE DU),48.565509,3.300588,Nuit avec éclairage allumé,Hors agglomération,Intersection en T,Normale,Deux véhicules - frontale,4,2,2,0,1,1,1,0,1,50,2,3,2,0,0,1,22.0,71.0,voiture,voiture,5,1,3,1,1
202300011473,2023-08-20 01:10:00,2023,8,20,1,10,77,77379,29 EME DRAGONS (PLACE DU),48.565509,3.300588,Nuit avec éclairage allumé,Hors agglomération,Intersection en T,Normale,Deux véhicules - frontale,4,2,2,0,1,1,1,0,1,50,2,3,2,0,0,1,22.0,71.0,voiture,voiture,5,1,3,1,1
202300011474,2023-02-05 13:00:00,2023,2,5,13,0,34,34299,30 Avenue Georges Pompidou,43.26906824,3.27500671,Plein jour,En agglomération,Giratoire,Normale,Sans collision,4,1,1,0,1,3,1,0,1,-1,1,1,0,0,1,0,49.0,,deux_roues,,1,2,6,1,7
202300011475,2023-02-05 08:30:00,2023,2,5,8,30,83,83104,D3,43.58995,5.748103,Crépuscule ou aube,Hors agglomération,Hors intersection,Normale,Sans collision,3,2,2,0,2,3,1,0,3,-1,1,4,2,0,1,1,,,voiture,,2,1,1,1,7
202300011476,2023-08-20 21:27:00,2023,8,20,21,27,74,74008,MARTINIERE (RUE DE LA),46.19937,6.22544,Nuit avec éclairage allumé,En agglomération,Intersection en T,Normale,Deux véhicules - frontale,4,1,1,0,1,1,1,0,1,50,2,2,0,0,0,2,23.0,83.0,voiture,voiture,5,2,3,1,1
202300011476,2023-08-20 21:27:00,2023,8,20,21,27,74,74008,MARTINIERE (RUE DE LA),46.19937,6.22544,Nuit avec éclairage allumé,En agglomération,Intersection en T,Normale,Deux véhicules - frontale,4,2,2,0,1,1,1,0,1,50,2,2,0,0,0,2,23.0,83.0,voiture,voiture,5,2,3,1,1
202300011477,2023-02-08 16:45:00,2023,2,8,16,45,73,73284,D117,45.47027,6.522581,Plein jour,Hors agglomération,Hors intersection,Normale,Deux véhicules - frontale,3,2,2,0,2,1,1,0,1,80,2,2,0,0,0,2,37.0,35.0,voiture,utilitaire_camion,1,1,1,1,1
202300011478,2023-08-20 02:20:00,2023,8,20,2,20,69,69259,Rue Francisco Ferrer,45.72123,4.89078,Nuit avec éclairage allumé,En agglomération,Intersection en X,Normale,Deux véhicules - côté,4,2,2,0,1,1,1,0,1,50,2,6,4,0,0,2,22.0,26.0,voiture,voiture,5,2,2,1,3
202300011478,2023-08-20 02:20:00,2023,8,20,2,20,69,69259,Rue Francisco Ferrer,45.72123,4.89078,Nuit avec éclairage allumé,En agglomération,Intersection en X,Normale,Deux véhicules - côté,4,2,2,0,1,1,1,0,1,50,2,6,4,0,0,2,22.0,26.0,voiture,voiture,5,2,2,1,3
202300011479,2023-02-07 16:55:00,2023,2,7,16,55,73,73006,N90,45.550119,6.625599,Crépuscule ou aube,Hors agglomération,Hors intersection,Normale,Trois véhicules et plus - collisions multiples,2,2,2,0,2,3,1,0,1,80,4,6,1,0,3,2,47.0,56.0,voiture,voiture,2,1,1,1,5
202300011480,2023-08-19 19:55:00,2023,8,19,19,55,65,65440,MARCADIEU (PLACE),43.23141312,0.0841763,Plein jour,En agglomération,Hors intersection,Normale,Autre collision,4,2,2,0,1,1,1,0,1,50,1,2,1,0,0,1,82.0,,voiture,,1,2,1,1,6
202300011481,2023-02-07 16:55:00,2023,2,7,16,55,33,33366,D10e1,45.008952,-0.420189,Plein jour,Hors agglomération,Hors intersection,Normale,Deux véhicules - frontale,3,2,2,0,2,2,1,0,1,80,2,4,1,0,0,3,74.0,35.0,voiture,voiture,1,1,1,1,1
202300011482,2023-08-19 14:05:00,2023,8,19,14,5,35,35238,TOULLIER,48.10939,-1.67396,Plein jour,En agglomération,Intersection en X,Normale,Deux véhicules - côté,4,2,2,2,1,1,1,0,1,50,2,2,1,0,0,1,61.0,24.0,deux_roues,deux_roues,1,2,2,1,3
202300011482,2023-08-19 14:05:00,2023,8,19,14,5,35,35238,TOULLIER,48.10939,-1.67396,Plein jour,En agglomération,Intersection en X,Normale,Deux véhicules - côté,4,1,1,0,1,1,1,6,1,20,2,2,1,0,0,1,61.0,24.0,deux_roues,deux_roues,1,2,2,1,3
202300011483,2023-02-08 01:00:00,2023,2,8,1,0,44,44172,146 Route de Paris,47.2660638,-1.4872473,Nuit avec éclairage allumé,En agglomération,Hors intersection,Normale,Deux véhicules - arrière,4,4,4,0,1,1,1,5,1,70,2,2,0,1,1,0,26.0,64.0,voiture,voiture,5,2,1,1,2
202300011484,2023-02-07 17:10:00,2023,2,7,17,10,29,29124,Rue de la Libération,48.572738,-4.316554,Crépuscule ou aube,En agglomération,Giratoire,Normale,Deux véhicules - côté,4,1,2,0,2,1,1,0,1,50,2,2,1,0,0,1,52.0,66.0,deux_roues,voiture,2,2,6,1,3
202300011485,2023-06-03 11:10:00,2023,6,3,11,10,19,19275,R.D. 45,45.53843901,2.32655883,Plein jour,En agglomération,Intersection en Y,Normale,Deux véhicules - arrière,3,2,2,0,2,3,1,0,1,50,2,2,1,0,0,1,48.0,56.0,voiture,voiture,1,2,4,1,2
202300011485,2023-06-03 11:10:00,2023,6,3,11,10,19,19275,R.D. 45,45.53843901,2.32655883,Plein jour,En agglomération,Intersection en Y,Normale,Deux véhicules - arrière,3,2,2,0,1,4,1,0,1,50,2,2,1,0,0,1,48.0,56.0,voiture,voiture,1,2,4,1,2
202300011486,2023-02-08 15:20:00,2023,2,8,15,20,59,59482,Rue de Warneton,50.713504,2.99919,Plein jour,En agglomération,Hors intersection,Normale,Autre collision,7,2,2,0,1,1,1,9,1,30,1,2,1,0,0,1,32.0,,voiture,,1,2,1,1,6
202300011487,2023-02-07 18:20:00,2023,2,7,18,20,13,13081,A7-Sens Lyon vers Marseille,43.48881066,5.24058515,Crépuscule ou aube,Hors agglomération,Hors intersection,Normale,Deux véhicules - côté,1,1,3,0,1,1,1,0,1,110,2,3,1,0,0,2,46.0,35.0,utilitaire_camion,voiture,2,1,1,1,3
202300011488,2023-02-02 20:10:00,2023,2,2,20,10,69,69297,Autoroute 47,45.58805,4.7874,Nuit avec éclairage allumé,Hors agglomération,Autre intersection,Normale,Deux véhicules - côté,1,3,4,0,1,1,1,2,1,90,2,2,1,0,0,1,42.0,19.0,utilitaire_camion,voiture,5,1,9,1,3
202300011489,2023-07-24 01:25:00,2023,7,24,1,25,13,13040,D96 - PK.23.100,43.466189,5.544995,Nuit sans éclairage public,Hors agglomération,Hors intersection,Normale,Deux véhicules - frontale,3,2,2,0,2,4,1,0,1,80,2,5,0,0,5,0,21.0,54.0,voiture,voiture,3,1,1,1,1
202300011490,2023-02-05 12:15:00,2023,2,5,12,15,57,57672,Autoroute A31,49.39335,6.11054,Plein jour,Hors agglomération,Hors intersection,Normale,Deux véhicules - arrière,1,3,4,0,1,1,1,0,1,110,2,2,1,0,0,1,22.0,58.0,voiture,utilitaire_camion,1,1,1,1,2
202300011491,2023-02-07 14:50:00,2023,2,7,14,50,91,91589,AUTOROUTE A6,48.67395,2.3426,Plein jour,Hors agglomération,Hors intersection,Normale,Deux véhicules - arrière,1,3,6,0,1,1,1,0,1,110,2,2,1,0,0,1,32.0,22.0,voiture,voiture,1,1,1,1,2
202300011492,2023-10-19 05:50:00,2023,10,19,5,50,974,97416,ENTRE DEUX (CHEMIN) CD26,-21.29732,55.43975,Crépuscule ou aube,Hors agglomération,Hors intersection,Normale,Sans collision,3,2,2,0,1,1,1,0,1,70,1,1,0,0,0,1,41.0,,deux_roues,,2,1,1,1,7
202300011493,2023-02-07 18:59:00,2023,2,7,18,59,78,78466,A13,48.928364,1.989032,Nuit sans éclairage public,Hors agglomération,Hors intersection,Normale,Trois véhicules et plus - en chaîne,1,1,3,0,1,1,1,0,1,130,4,5,4,0,0,1,49.0,58.0,voiture,voiture,3,1,1,1,4
202300011494,2023-10-19 07:15:00,2023,10,19,7,15,69,69386,Rue Louis Blanc,45.76458,4.84689,Nuit avec éclairage allumé,En agglomération,Intersection en X,Pluie forte,Deux véhicules - frontale,4,1,1,2,1,1,2,0,1,30,2,2,1,0,0,1,49.0,57.0,voiture,deux_roues,5,2,2,3,1
202300011494,2023-10-19 07:15:00,2023,10,19,7,15,69,69386,Rue Louis Blanc,45.76458,4.84689,Nuit avec éclairage allumé,En agglomération,Intersection en X,Pluie forte,Deux véhicules - frontale,4,1,1,2,1,1,2,0,1,30,2,2,1,0,0,1,49.0,57.0,voiture,deux_roues,5,2,2,3,1
202300011495,2023-02-07 18:30:00,2023,2,7,18,30,78,78640,RN12 INT,48.781593,2.167368,Nuit sans éclairage public,Hors agglomération,Hors intersection,Normale,Deux véhicules - côté,2,-1,3,0,1,1,1,0,1,90,2,2,1,0,0,1,42.0,32.0,utilitaire_camion,voiture,3,1,1,1,3
202300011496,2023-02-07 09:05:00,2023,2,7,9,5,92,92023,RN385,48.77653794,2.23443726,Plein jour,Hors agglomération,Hors intersection,Normale,Autre collision,2,1,3,0,1,1,1,0,1,90,2,2,1,0,0,1,26.0,29.0,voiture,deux_roues,1,1,1,1,6
202300011497,2023-02-07 08:05:00,2023,2,7,8,5,92,92064,A13,48.83978058,2.20456477,Crépuscule ou aube,Hors agglomération,Hors intersection,Normale,Sans collision,1,1,3,0,1,1,1,0,1,70,1,1,0,0,0,1,50.0,,deux_roues,,2,1,1,1,7
202300011498,2023-10-19 06:20:00,2023,10,19,6,20,69,69388,Rue Feuillat,45.74378,4.87436,Nuit avec éclairage non allumé,En agglomération,Hors intersection,Pluie légère,Deux véhicules - frontale,4,1,1,2,1,1,2,0,1,30,2,2,1,0,0,1,58.0,51.0,deux_roues,voiture,4,2,1,2,1
202300011499,2023-10-19 20:20:00,2023,10,19,20,20,69,69384,47 Rue Philippe de Lassalle,45.78046,4.82053,Nuit avec éclairage allumé,En agglomération,Hors intersection,Pluie légère,Autre collision,4,2,2,0,1,1,2,0,1,30,1,1,0,0,1,0,76.0,,deux_roues,,5,2,1,2,6
202300011500,2023-02-06 17:00:00,2023,2,6,17,0,92,92050,A86,48.90687,2.21143,Nuit avec éclairage allumé,Hors agglomération,Hors intersection,Normale,Trois véhicules et plus - en chaîne,1,1,4,0,1,1,1,1,1,90,3,6,1,0,0,5,22.0,37.0,voiture,voiture,5,1,1,1,4
202300011501,2023-10-18 13:10:00,2023,10,18,13,10,69,69389,Rue Gorge de Loup,45.76942,4.80096,Plein jour,En agglomération,Intersection en X,Pluie légère,Deux véhicules - côté,4,2,2,0,1,1,2,0,1,30,2,2,1,0,0,1,20.0,66.0,deux_roues,voiture,1,2,2,2,3
202300011501,2023-10-18 13:10:00,2023,10,18,13,10,69,69389,Rue Gorge de Loup,45.76942,4.80096,Plein jour,En agglomération,Intersection en X,Pluie légère,Deux véhicules - côté,4,2,2,0,1,1,2,0,1,30,2,2,1,0,0,1,20.0,66.0,deux_roues,voiture,1,2,2,2,3
202300011502,2023-02-06 20:30:00,2023,2,6,20,30,75,75105,RUE DES ECOLES,48.849918,2.343608,Nuit avec éclairage allumé,En agglomération,Intersection en X,Normale,Autre collision,4,1, -1,-1,1,1,1,0,1,-1,1,2,1,0,0,1,43.0,,voiture,,5,2,2,1,6
202300011502,2023-02-06 20:30:00,2023,2,6,20,30,75,75105,RUE DES ECOLES,48.849918,2.343608,Nuit avec éclairage allumé,En agglomération,Intersection en X,Normale,Autre collision,4,2,2,0,1,1,1,0,1,30,1,2,1,0,0,1,43.0,,voiture,,5,2,2,1,6
202300011503,2023-02-06 19:00:00,2023,2,6,19,0,75,75120,RUE DES PYRENEES,48.859622,2.401553,Nuit avec éclairage allumé,En agglomération,Hors intersection,Normale,Autre collision,4,2,1,0,2,1,1,0,1,30,1,2,1,0,0,1,20.0,,deux_roues,,5,2,1,1,6
202300011504,2023-10-19 21:54:00,2023,10,19,21,54,2B,2B033,AV DE LA LIBERATION,42.68394,9.44472,Nuit avec éclairage allumé,En agglomération,Autre intersection,Normale,Deux véhicules - côté,4,-1,1,0,1,1,1,0,8,50,2,3,1,0,0,2,17.0,37.0,deux_roues,voiture,5,2,9,1,3
202300011505,2023-02-06 09:40:00,2023,2,6,9,40,75,75117,AVENUE DE WAGRAM,48.876949,2.297244,Plein jour,En agglomération,Hors intersection,Normale,Deux véhicules - côté,4,2,6,1,2,1,1,-1,5,30,2,3,2,0,0,1,30.0,63.0,voiture,deux_roues,1,2,1,1,3
202300011506,2023-10-19 16:25:00,2023,10,19,16,25,971,97113,MONTAUBAN (SECTEUR),16.21335592,-61.5007782,Plein jour,En agglomération,Hors intersection,Normale,Autre collision,3,2,2,0,1,1,1,6,1,50,1,2,1,0,0,1,68.0,,voiture,,1,2,1,1,6
202300011507,2023-02-06 10:20:00,2023,2,6,10,20,75,75116,AVENUE GEORGES MANDEL,48.863307,2.283416,Plein jour,En agglomération,Hors intersection,Normale,Deux véhicules - côté,4,3,4,0,1,1,1,0,1,30,2,2,1,0,0,1,51.0,35.0,utilitaire_camion,voiture,1,2,1,1,3
202300011508,2023-10-19 15:35:00,2023,10,19,15,35,971,97101,RN11,16.27675,-61.52171,Plein jour,Hors agglomération,Hors intersection,Pluie forte,Autre collision,2,3,2,0,1,2,2,0,1,110,1,1,0,0,0,1,25.0,,utilitaire_camion,,1,1,1,3,6
202300011509,2023-02-06 13:45:00,2023,2,6,13,45,75,75115,RUE DE SEVRES,48.84611,2.314235,Plein jour,En agglomération,Intersection en T,Normale,Autre collision,4,-1, -1,-1,1,1,1,0,1,-1,1,2,0,0,0,2,42.0,,deux_roues,,1,2,3,1,6
202300011509,2023-02-06 13:45:00,2023,2,6,13,45,75,75115,RUE DE SEVRES,48.84611,2.314235,Plein jour,En agglomération,Intersection en T,Normale,Autre collision,4,2,2,0,1,1,1,0,1,30,1,2,0,0,0,2,42.0,,deux_roues,,1,2,3,1,6
202300011510,2023-10-19 08:10:00,2023,10,19,8,10,971,97113,RN4 - SECTION RIVIERA,16.20911,-61.47114,Plein jour,Hors agglomération,Hors intersection,Normale,Deux véhicules - côté,2,1,2,1,1,1,1,0,1,70,2,2,1,0,0,1,41.0,72.0,voiture,deux_roues,1,1,1,1,3