accident_id,datetime,annee,mois,jour,heure,minute,departement,commune_insee,adresse,latitude,longitude,luminosite,agglomeration,intersection,meteo,collision,catr,circ,nbv,vosp,prof,plan,surf,infra,situ,vma,nb_vehicules,nb_usagers,nb_indemnes,nb_tues,nb_blesses_hosp,nb_blesses_legers,age_cond_1,age_cond_2,veh_type_cond_1,veh_type_cond_2,lum_code,agg_code,int_code,atm_code,col_code
202300011511,2023-10-14 13:30:00,2023,10,14,13,30,971,97101,PROVIDENCE,16.2716,-61.51673,Plein jour,En agglomération,Autre intersection,Autre,Autre collision,6,-1,0,0,1,1,1,0,8,-1,1,2,1,0,0,1,74.0,,voiture,,1,2,9,9,6
202300011512,2023-02-06 09:50:00,2023,2,6,9,50,75,75115,AVENUE DE LA PORTE DE SEVRES,48.836045,2.278178,Plein jour,En agglomération,Intersection en X,Normale,Autre collision,4,1,2,0,1,1,1,0,1,30,3,3,2,0,0,1,29.0,24.0,deux_roues,voiture,1,2,2,1,6
202300011512,2023-02-06 09:50:00,2023,2,6,9,50,75,75115,AVENUE DE LA PORTE DE SEVRES,48.836045,2.278178,Plein jour,En agglomération,Intersection en X,Normale,Autre collision,4,3, -1,-1,1,1,1,0,1,-1,3,3,2,0,0,1,29.0,24.0,deux_roues,voiture,1,2,2,1,6
202300011513,2023-10-19 18:15:00,2023,10,19,18,15,95,95585,FERNAND LEGER (RUE),48.99323,2.38297,Plein jour,En agglomération,Intersection en T,Normale,Deux véhicules - côté,4,-1,2,0,2,1,1,0,1,50,2,2,1,0,1,0,57.0,16.0,voiture,deux_roues,1,2,3,1,3
202300011513,2023-10-19 18:15:00,2023,10,19,18,15,95,95585,FERNAND LEGER (RUE),48.99323,2.38297,Plein jour,En agglomération,Intersection en T,Normale,Deux véhicules - côté,4,-1,2,0,2,1,1,0,1,50,2,2,1,0,1,0,57.0,16.0,voiture,deux_roues,1,2,3,1,3
202300011514,2023-02-05 17:45:00,2023,2,5,17,45,75,75115,RUE DE LOURMEL,48.843764,2.286359,Plein jour,En agglomération,Intersection en X,Normale,Deux véhicules - côté,4,1,1,0,1,1,1,-1,5,30,2,3,1,0,0,2,41.0,22.0,voiture,deux_roues,1,2,2,1,3
202300011514,2023-02-05 17:45:00,2023,2,5,17,45,75,75115,RUE DE LOURMEL,48.843764,2.286359,Plein jour,En agglomération,Intersection en X,Normale,Deux véhicules - côté,4,1,2,1,1,1,1,-1,5,30,2,3,1,0,0,2,41.0,22.0,voiture,deux_roues,1,2,2,1,3
202300011515,2023-10-19 07:50:00,2023,10,19,7,50,91,91339,AV GEORGES BOILLOT,48.62584,2.25957,Crépuscule ou aube,En agglomération,Hors intersection,Temps couvert,Autre collision,4,1,1,0,3,2,2,2,1,30,1,2,1,0,0,1,65.0,,voiture,,2,2,1,8,6
202300011516,2023-02-05 14:55:00,2023,2,5,14,55,75,75114,AVENUE PAUL VAILLANT COUTURIER,48.816778,2.334941,Plein jour,En agglomération,Intersection en X,Normale,Deux véhicules - côté,4,2,3,0,1,1,1,0,1,30,2,2,1,0,0,1,,21.0,voiture,deux_roues,1,2,2,1,3
202300011516,2023-02-05 14:55:00,2023,2,5,14,55,75,75114,AVENUE PAUL VAILLANT COUTURIER,48.816778,2.334941,Plein jour,En agglomération,Intersection en X,Normale,Deux véhicules - côté,4,1,1,0,1,1,1,0,1,30,2,2,1,0,0,1,,21.0,voiture,deux_roues,1,2,2,1,3
202300011517,2023-10-18 22:47:00,2023,10,18,22,47,91,91425,RTE DEPARTEMENTALE 133,48.64701,2.27664,Nuit avec éclairage allumé,En agglomération,Hors intersection,Pluie légère,Deux véhicules - arrière,3,2,2,2,1,1,2,0,1,50,2,3,1,0,0,2,41.0,32.0,voiture,voiture,5,2,1,2,2
202300011518,2023-02-06 16:30:00,2023,2,6,16,30,75,75113,AVENUE DE FRANCE,48.832663,2.374604,Plein jour,En agglomération,Intersection en T,Normale,Deux véhicules - côté,4,2,3,1,1,1,1,0,1,30,2,2,1,0,0,1,51.0,53.0,voiture,deux_roues,1,2,3,1,3
202300011518,2023-02-06 16:30:00,2023,2,6,16,30,75,75113,AVENUE DE FRANCE,48.832663,2.374604,Plein jour,En agglomération,Intersection en T,Normale,Deux véhicules - côté,4,1, -1,-1,1,1,1,0,1,-1,2,2,1,0,0,1,51.0,53.0,voiture,deux_roues,1,2,3,1,3
202300011519,2023-02-06 09:10:00,2023,2,6,9,10,75,75113,QUAI FRANCOIS MAURIAC,48.832948,2.378733,Plein jour,En agglomération,Intersection en T,Normale,Deux véhicules - arrière,4,2,2,0,1,1,1,0,1,30,2,2,1,0,0,1,29.0,27.0,voiture,deux_roues,1,2,3,1,2
202300011519,2023-02-06 09:10:00,2023,2,6,9,10,75,75113,QUAI FRANCOIS MAURIAC,48.832948,2.378733,Plein jour,En agglomération,Intersection en T,Normale,Deux véhicules - arrière,4,1,2,2,2,1,1,0,1,30,2,2,1,0,0,1,29.0,27.0,voiture,deux_roues,1,2,3,1,2
202300011520,2023-10-18 15:00:00,2023,10,18,15,0,89,89387,SENIGALLIA (AVENUE DE),48.187,3.285,Plein jour,En agglomération,Autre intersection,Pluie légère,Autre collision,4,2,2,0,1,1,2,0,1,50,1,3,1,0,0,2,81.0,,voiture,,1,2,9,2,6
202300011521,2023-02-06 07:50:00,2023,2,6,7,50,75,75112,AVENUE DU GENERAL MICHEL BIZOT,48.834653,2.400763,Nuit avec éclairage allumé,En agglomération,Intersection à plus de 4 branches,Normale,Trois véhicules et plus - collisions multiples,4,2,2,0,1,1,1,0,1,30,3,3,2,0,0,1,55.0,52.0,voiture,deux_roues,5,2,5,1,5
202300011521,2023-02-06 07:50:00,2023,2,6,7,50,75,75112,AVENUE DU GENERAL MICHEL BIZOT,48.834653,2.400763,Nuit avec éclairage allumé,En agglomération,Intersection à plus de 4 branches,Normale,Trois véhicules et plus - collisions multiples,4,1, -1,-1,1,1,1,0,1,-1,3,3,2,0,0,1,55.0,52.0,voiture,deux_roues,5,2,5,1,5
202300011522,2023-10-18 12:15:00,2023,10,18,12,15,89,89387,PONT NEUF (BOULEVARD DU),48.204,3.271,Plein jour,En agglomération,Intersection en T,Normale,Autre collision,4,1,1,2,4,1,1,0,5,50,2,2,1,0,0,1,17.0,43.0,deux_roues,voiture,1,2,3,1,6
202300011522,2023-10-18 12:15:00,2023,10,18,12,15,89,89387,PONT NEUF (BOULEVARD DU),48.204,3.271,Plein jour,En agglomération,Intersection en T,Normale,Autre collision,4,2,1,0,1,3,1,0,5,50,2,2,1,0,0,1,17.0,43.0,deux_roues,voiture,1,2,3,1,6
202300011523,2023-02-06 16:50:00,2023,2,6,16,50,75,75111,AVENUE PARMENTIER,48.861148,2.377883,Plein jour,En agglomération,Intersection en T,Normale,Deux véhicules - côté,4,-1,2,0,1,1,1,0,1,30,2,2,1,0,0,1,23.0,40.0,voiture,deux_roues,1,2,3,1,3
202300011523,2023-02-06 16:50:00,2023,2,6,16,50,75,75111,AVENUE PARMENTIER,48.861148,2.377883,Plein jour,En agglomération,Intersection en T,Normale,Deux véhicules - côté,4,2, -1,-1,1,1,1,0,1,-1,2,2,1,0,0,1,23.0,40.0,voiture,deux_roues,1,2,3,1,3
202300011524,2023-02-06 08:03:00,2023,2,6,8,3,75,75110,RUE LA FAYETTE,48.87852,2.354044,Crépuscule ou aube,En agglomération,Intersection en X,Normale,Deux véhicules - côté,4,2,4,3,2,1,1,0,1,30,2,2,1,0,0,1,33.0,57.0,deux_roues,voiture,2,2,2,1,3
202300011524,2023-02-06 08:03:00,2023,2,6,8,3,75,75110,RUE LA FAYETTE,48.87852,2.354044,Crépuscule ou aube,En agglomération,Intersection en X,Normale,Deux véhicules - côté,4,2,2,0,2,1,1,0,1,30,2,2,1,0,0,1,33.0,57.0,deux_roues,voiture,2,2,2,1,3
202300011525,2023-10-18 19:00:00,2023,10,18,19,0,87,87085,BRIAND (RUE ARISTIDE),45.83733,1.2664,Crépuscule ou aube,En agglomération,Intersection en T,Normale,Deux véhicules - côté,4,4,3,0,1,2,1,0,1,50,2,2,1,0,0,1,32.0,28.0,voiture,voiture,2,2,3,1,3
202300011525,2023-10-18 19:00:00,2023,10,18,19,0,87,87085,BRIAND (RUE ARISTIDE),45.83733,1.2664,Crépuscule ou aube,En agglomération,Intersection en T,Normale,Deux véhicules - côté,4,2,2,0,1,1,1,0,1,50,2,2,1,0,0,1,32.0,28.0,voiture,voiture,2,2,3,1,3
202300011526,2023-02-06 12:30:00,2023,2,6,12,30,75,75107,QUAI D ORSAY,48.862371,2.309654,Plein jour,En agglomération,Intersection en T,Normale,Sans collision,4,1, -1,-1,1,1,1,-1,5,-1,1,1,0,0,0,1,16.0,,deux_roues,,1,2,3,1,7
202300011526,2023-02-06 12:30:00,2023,2,6,12,30,75,75107,QUAI D ORSAY,48.862371,2.309654,Plein jour,En agglomération,Intersection en T,Normale,Sans collision,4,2,5,1,1,1,1,-1,5,30,1,1,0,0,0,1,16.0,,deux_roues,,1,2,3,1,7
202300011527,2023-10-18 18:23:00,2023,10,18,18,23,87,87085,ARMAND (AVE Z.A.C,45.86743,1.26903,Plein jour,En agglomération,Hors intersection,Normale,Deux véhicules - arrière,4,3,4,0,2,1,2,0,1,50,2,2,1,0,0,1,35.0,40.0,voiture,voiture,1,2,1,1,2
202300011528,2023-02-06 01:45:00,2023,2,6,1,45,75,75102,BOULEVARD DES ITALIENS,48.871978,2.339998,Nuit avec éclairage allumé,En agglomération,Intersection en X,Normale,Autre collision,4,2,2,0,1,2,1,0,1,30,1,1,0,0,0,1,29.0,,deux_roues,,5,2,2,1,6
202300011528,2023-02-06 01:45:00,2023,2,6,1,45,75,75102,BOULEVARD DES ITALIENS,48.871978,2.339998,Nuit avec éclairage allumé,En agglomération,Intersection en X,Normale,Autre collision,4,1, -1,-1,1,1,1,0,1,-1,1,1,0,0,0,1,29.0,,deux_roues,,5,2,2,1,6
202300011529,2023-10-18 17:24:00,2023,10,18,17,24,87,87065,BOISSEUIL (RUE DE),45.79577,1.3267,Plein jour,Hors agglomération,Hors intersection,Normale,Sans collision,4,2,2,0,1,2,2,0,1,70,1,1,0,0,0,1,18.0,,deux_roues,,1,1,1,1,7
202300011530,2023-02-06 16:58:00,2023,2,6,16,58,94,94078,Rue Thimonnier / Rue Guynemer,48.750826,2.446788,Plein jour,En agglomération,Intersection en X,Normale,Deux véhicules - côté,4,2,2,0,1,1,1,0,1,50,2,4,2,0,0,2,30.0,44.0,voiture,transport_commun,1,2,2,1,3
202300011531,2023-02-06 08:10:00,2023,2,6,8,10,94,94077,Avenue Victor Hugo,48.7325,2.41824,Crépuscule ou aube,En agglomération,Intersection en X,Normale,Deux véhicules - côté,4,2,2,0,1,1,-1,9,-1,-1,2,2,1,0,0,1,56.0,57.0,voiture,deux_roues,2,2,2,1,3
202300011531,2023-02-06 08:10:00,2023,2,6,8,10,94,94077,Avenue Victor Hugo,48.7325,2.41824,Crépuscule ou aube,En agglomération,Intersection en X,Normale,Deux véhicules - côté,4,2,2,0,1,1,1,5,1,50,2,2,1,0,0,1,56.0,57.0,voiture,deux_roues,2,2,2,1,3
202300011532,2023-10-18 11:07:00,2023,10,18,11,7,87,87085,BAUDIN ( AVENUE) (VC),45.81198739,1.24345027,Plein jour,En agglomération,Hors intersection,Pluie légère,Autre collision,2,3,4,0,1,1,2,0,1,30,1,2,1,0,0,1,26.0,,voiture,,1,2,1,2,6
202300011533,2023-02-06 15:35:00,2023,2,6,15,35,94,94070,Route de PARIS,48.719882,2.566347,Plein jour,En agglomération,Autre intersection,Normale,Deux véhicules - côté,2,2,4,0,1,1,1,5,1,-1,2,2,1,0,1,0,32.0,29.0,voiture,deux_roues,1,2,9,1,3
202300011533,2023-02-06 15:35:00,2023,2,6,15,35,94,94070,Route de PARIS,48.719882,2.566347,Plein jour,En agglomération,Autre intersection,Normale,Deux véhicules - côté,2,2,2,0,1,1,1,5,1,-1,2,2,1,0,1,0,32.0,29.0,voiture,deux_roues,1,2,9,1,3
202300011533,2023-02-06 15:35:00,2023,2,6,15,35,94,94070,Route de PARIS,48.719882,2.566347,Plein jour,En agglomération,Autre intersection,Normale,Deux véhicules - côté,2,2,2,0,1,1,1,5,1,50,2,2,1,0,1,0,32.0,29.0,voiture,deux_roues,1,2,9,1,3
202300011534,2023-10-18 13:39:00,2023,10,18,13,39,87,87085,ROUGET DE LISLE (RUE),45.8162,1.27928,Plein jour,En agglomération,Giratoire,Normale,Sans collision,4,2,2,0,1,1,2,5,1,50,1,1,0,0,0,1,31.0,,deux_roues,,1,2,6,1,7
202300011534,2023-10-18 13:39:00,2023,10,18,13,39,87,87085,ROUGET DE LISLE (RUE),45.8162,1.27928,Plein jour,En agglomération,Giratoire,Normale,Sans collision,4,1,2,0,1,2,2,0,1,50,1,1,0,0,0,1,31.0,,deux_roues,,1,2,6,1,7
202300011535,2023-02-06 11:30:00,2023,2,6,11,30,93,93078,Avenue Georges Clémenceau,48.96084017,2.5562489,Plein jour,En agglomération,Giratoire,Normale,Deux véhicules - arrière,3,3,4,0,1,3,1,0,1,50,2,2,1,0,0,1,51.0,31.0,voiture,voiture,1,2,6,1,2
202300011536,2023-10-18 12:19:00,2023,10,18,12,19,87,87075,BOULEAUX (RUE DES),45.80365,1.18883,Plein jour,Hors agglomération,Intersection en T,Normale,Autre collision,4,2,2,0,2,2,2,0,1,70,1,1,0,0,1,0,19.0,,deux_roues,,1,1,3,1,6
202300011536,2023-10-18 12:19:00,2023,10,18,12,19,87,87075,BOULEAUX (RUE DES),45.80365,1.18883,Plein jour,Hors agglomération,Intersection en T,Normale,Autre collision,4,2,2,0,2,2,2,0,1,70,1,1,0,0,1,0,19.0,,deux_roues,,1,1,3,1,6
202300011537,2023-02-06 12:35:00,2023,2,6,12,35,93,93077,Avenue Gustave Rodet / Avenue du General Leclerc,48.88569,2.51182,Plein jour,En agglomération,Intersection en X,Temps éblouissant,Deux véhicules - côté,4,1,1,0,1,1,1,0,1,50,2,2,1,0,0,1,35.0,33.0,voiture,deux_roues,1,2,2,7,3
202300011537,2023-02-06 12:35:00,2023,2,6,12,35,93,93077,Avenue Gustave Rodet / Avenue du General Leclerc,48.88569,2.51182,Plein jour,En agglomération,Intersection en X,Temps éblouissant,Deux véhicules - côté,4,1,2,0,1,1,1,0,1,50,2,2,1,0,0,1,35.0,33.0,voiture,deux_roues,1,2,2,7,3
202300011538,2023-02-06 09:30:00,2023,2,6,9,30,93,93053,Rue de Brément / Rue Pierre Brossolette,48.8891,2.45484,Plein jour,En agglomération,Intersection en T,Normale,Autre collision,3,3,4,0,1,1,1,0,1,50,1,2,1,0,0,1,44.0,,voiture,,1,2,3,1,6
202300011538,2023-02-06 09:30:00,2023,2,6,9,30,93,93053,Rue de Brément / Rue Pierre Brossolette,48.8891,2.45484,Plein jour,En agglomération,Intersection en T,Normale,Autre collision,3,1,1,-1,1,1,1,0,1,-1,1,2,1,0,0,1,44.0,,voiture,,1,2,3,1,6
202300011539,2023-02-06 20:45:00,2023,2,6,20,45,93,93074,Rue de Meaux,48.93493,2.56887,Nuit avec éclairage allumé,En agglomération,Hors intersection,Normale,Deux véhicules - côté,3,2,2,1,1,1,1,0,1,50,2,2,1,0,0,1,38.0,21.0,voiture,deux_roues,5,2,1,1,3
202300011540,2023-02-06 09:45:00,2023,2,6,9,45,92,92075,JACQUES JEZEQUEL (AVENUE),48.81871,2.29169,Plein jour,En agglomération,Intersection en X,Normale,Deux véhicules - côté,3,2,2,0,1,1,1,0,1,30,2,2,1,0,0,1,41.0,24.0,deux_roues,voiture,1,2,2,1,3
202300011540,2023-02-06 09:45:00,2023,2,6,9,45,92,92075,JACQUES JEZEQUEL (AVENUE),48.81871,2.29169,Plein jour,En agglomération,Intersection en X,Normale,Deux véhicules - côté,3,1,1,3,1,1,1,0,1,30,2,2,1,0,0,1,41.0,24.0,deux_roues,voiture,1,2,2,1,3
202300011541,2023-02-06 11:50:00,2023,2,6,11,50,92,92064,FRANCIS CHAVETON,48.85943,2.20961,Plein jour,En agglomération,Hors intersection,Normale,Autre collision,4,2,2,0,1,1,1,0,1,50,1,1,0,0,0,1,54.0,,deux_roues,,1,2,1,1,6
202300011542,2023-10-18 16:54:00,2023,10,18,16,54,84,84035,VIGNERES-RD98 (ROUTE DES),43.86317,5.02108,Plein jour,Hors agglomération,Hors intersection,Temps couvert,Deux véhicules - arrière,3,-1,2,0,1,1,2,2,1,80,2,3,1,0,0,2,32.0,14.0,voiture,deux_roues,1,1,1,8,2
202300011543,2023-02-06 20:37:00,2023,2,6,20,37,92,92049,JAURES AVENUE JEAN N°53 A FIN,48.81186965,2.30385929,Nuit avec éclairage allumé,En agglomération,Hors intersection,Normale,Deux véhicules - côté,4,2,2,0,1,1,1,0,1,30,2,2,1,0,0,1,46.0,,deux_roues,utilitaire_camion,5,2,1,1,3
202300011544,2023-02-06 16:50:00,2023,2,6,16,50,92,92040,PONT D ISSY,48.82985459,2.26079777,Plein jour,En agglomération,Intersection en X,Normale,Deux véhicules - côté,3,1,3,1,2,1,1,2,5,30,2,2,1,0,0,1,58.0,66.0,deux_roues,voiture,1,2,2,1,3
202300011544,2023-02-06 16:50:00,2023,2,6,16,50,92,92040,PONT D ISSY,48.82985459,2.26079777,Plein jour,En agglomération,Intersection en X,Normale,Deux véhicules - côté,3,1,3,1,2,2,1,2,1,30,2,2,1,0,0,1,58.0,66.0,deux_roues,voiture,1,2,2,1,3
202300011545,2023-10-19 06:50:00,2023,10,19,6,50,83,83137,PONT DE BOIS (CHEMIN DU),43.13196,5.90431,Nuit avec éclairage allumé,En agglomération,Giratoire,Normale,Deux véhicules - côté,4,1,1,0,1,2,1,0,1,50,2,2,1,0,1,0,58.0,59.0,deux_roues,voiture,5,2,6,1,3
202300011545,2023-10-19 06:50:00,2023,10,19,6,50,83,83137,PONT DE BOIS (CHEMIN DU),43.13196,5.90431,Nuit avec éclairage allumé,En agglomération,Giratoire,Normale,Deux véhicules - côté,4,1,2,0,1,2,1,0,1,50,2,2,1,0,1,0,58.0,59.0,deux_roues,voiture,5,2,6,1,3
202300011545,2023-10-19 06:50:00,2023,10,19,6,50,83,83137,PONT DE BOIS (CHEMIN DU),43.13196,5.90431,Nuit avec éclairage allumé,En agglomération,Giratoire,Normale,Deux véhicules - côté,4,2,2,0,1,1,1,0,1,50,2,2,1,0,1,0,58.0,59.0,deux_roues,voiture,5,2,6,1,3
202300011546,2023-02-06 20:05:00,2023,2,6,20,5,92,92025,STALINGRAD (AV DE),48.931725,2.266606,Nuit sans éclairage public,En agglomération,Intersection en T,Normale,Deux véhicules - frontale,3,2,4,0,1,1,1,0,1,50,2,2,1,0,1,0,30.0,44.0,utilitaire_camion,deux_roues,3,2,3,1,1
202300011546,2023-02-06 20:05:00,2023,2,6,20,5,92,92025,STALINGRAD (AV DE),48.931725,2.266606,Nuit sans éclairage public,En agglomération,Intersection en T,Normale,Deux véhicules - frontale,3,2,2,0,1,1,1,0,1,50,2,2,1,0,1,0,30.0,44.0,utilitaire_camion,deux_roues,3,2,3,1,1
202300011547,2023-02-06 12:25:00,2023,2,6,12,25,92,92025,STALINGRAD (AV DE),48.928282,2.270236,Plein jour,En agglomération,Intersection en T,Normale,Deux véhicules - côté,3,2,2,0,1,1,1,0,1,50,2,3,2,0,0,1,28.0,30.0,deux_roues,voiture,1,2,3,1,3
202300011547,2023-02-06 12:25:00,2023,2,6,12,25,92,92025,STALINGRAD (AV DE),48.928282,2.270236,Plein jour,En agglomération,Intersection en T,Normale,Deux véhicules - côté,3,1,1,0,1,1,1,0,1,30,2,3,2,0,0,1,28.0,30.0,deux_roues,voiture,1,2,3,1,3
202300011548,2023-10-18 22:21:00,2023,10,18,22,21,83,83137,JOFFRE (BD MARECHAL),43.12346,5.94811,Nuit avec éclairage allumé,En agglomération,Intersection en X,Normale,Deux véhicules - côté,3,2,2,0,2,1,1,0,1,50,2,3,1,0,0,2,19.0,22.0,voiture,deux_roues,5,2,2,1,3
202300011548,2023-10-18 22:21:00,2023,10,18,22,21,83,83137,JOFFRE (BD MARECHAL),43.12346,5.94811,Nuit avec éclairage allumé,En agglomération,Intersection en X,Normale,Deux véhicules - côté,3,2,2,0,1,1,1,0,1,50,2,3,1,0,0,2,19.0,22.0,voiture,deux_roues,5,2,2,1,3
202300011549,2023-02-06 10:30:00,2023,2,6,10,30,92,92023,COQUELICOTS (RUE DES),48.79213,2.25944,Plein jour,En agglomération,Intersection en X,Normale,Deux véhicules - côté,4,-1,2,0,1,1,1,0,1,30,2,2,1,0,0,1,87.0,70.0,deux_roues,voiture,1,2,2,1,3
202300011549,2023-02-06 10:30:00,2023,2,6,10,30,92,92023,COQUELICOTS (RUE DES),48.79213,2.25944,Plein jour,En agglomération,Intersection en X,Normale,Deux véhicules - côté,4,1,2,2,1,1,1,0,1,30,2,2,1,0,0,1,87.0,70.0,deux_roues,voiture,1,2,2,1,3
202300011550,2023-10-17 18:10:00,2023,10,17,18,10,83,83137,JUIN (AVE ALPHONSE),43.12033726,5.94728708,Plein jour,En agglomération,Intersection en X,Normale,Deux véhicules - côté,4,1,4,3,1,1,1,0,1,50,2,2,1,0,0,1,27.0,37.0,deux_roues,utilitaire_camion,1,2,2,1,3
202300011550,2023-10-17 18:10:00,2023,10,17,18,10,83,83137,JUIN (AVE ALPHONSE),43.12033726,5.94728708,Plein jour,En agglomération,Intersection en X,Normale,Deux véhicules - côté,4,1,2,0,1,1,1,0,1,50,2,2,1,0,0,1,27.0,37.0,deux_roues,utilitaire_camion,1,2,2,1,3
202300011551,2023-02-06 19:20:00,2023,2,6,19,20,92,92012,YVES KERMEN (RUE) 51/FIN - 40/FIN,48.82970989,2.2357741,Crépuscule ou aube,En agglomération,Hors intersection,Normale,Sans collision,4,2,2,0,1,1,1,0,4,50,1,1,0,0,0,1,27.0,,deux_roues,,2,2,1,1,7
202300011552,2023-10-17 20:30:00,2023,10,17,20,30,78,78133,MANTES (ROUTE DE),48.90964,2.03433,Nuit avec éclairage allumé,En agglomération,Autre intersection,Normale,Deux véhicules - côté,6,-1, -1,0,1,1,1,0,8,30,2,2,1,0,0,1,22.0,21.0,voiture,voiture,5,2,9,1,3
202300011553,2023-02-04 15:50:00,2023,2,4,15,50,62,62812,Rue de Cloquant,50.624665,2.065467,Plein jour,En agglomération,Hors intersection,Normale,Autre collision,4,2,2,0,2,1,1,0,1,50,1,2,1,0,0,1,16.0,,deux_roues,,1,2,1,1,6
202300011554,2023-02-04 21:00:00,2023,2,4,21,0,988,98812,RT1,-20.56283,164.28656,Nuit sans éclairage public,En agglomération,Hors intersection,Normale,Autre collision,2,2,2,0,1,1,1,0,3,50,1,2,1,0,1,0,51.0,,utilitaire_camion,,3,2,1,1,6
202300011555,2023-02-07 06:00:00,2023,2,7,6,0,77,77235,PK 58.700 - AUTOROUTE A4,48.982414,3.079433,Nuit sans éclairage public,Hors agglomération,Hors intersection,Normale,Deux véhicules - arrière,1,3,2,0,2,1,1,0,1,130,2,3,1,0,0,2,26.0,33.0,voiture,utilitaire_camion,3,1,1,1,2
202300011556,2023-01-21 04:45:00,2023,1,21,4,45,51,51592,D1,49.101114,3.740394,Nuit sans éclairage public,Hors agglomération,Hors intersection,Normale,Sans collision,3,2,2,0,1,1,1,0,3,80,1,1,0,0,1,0,21.0,,voiture,,3,1,1,1,7
202300011557,2023-02-06 16:05:00,2023,2,6,16,5,59,59067,Rue du 16 Septembre 1944,50.969103,2.435843,Plein jour,En agglomération,Hors intersection,Normale,Autre collision,4,2,2,0,2,1,1,0,1,30,1,2,1,0,1,0,27.0,,voiture,,1,2,1,1,6
202300011558,2023-10-19 13:30:00,2023,10,19,13,30,77,77284,D603,48.9574,2.89691,Plein jour,En agglomération,Hors intersection,Temps éblouissant,Autre collision,3,1,2,0,1,1,1,0,1,50,1,1,0,0,0,1,51.0,,deux_roues,,1,2,1,7,6
202300011559,2023-02-03 19:10:00,2023,2,3,19,10,71,71578,Route Nationale (Clux),46.963627,5.173863,Nuit avec éclairage allumé,En agglomération,Hors intersection,Normale,Trois véhicules et plus - collisions multiples,3,2,2,0,1,1,1,0,1,70,3,6,2,0,0,4,25.0,40.0,autre,voiture,5,2,1,1,5
202300011560,2023-10-18 14:50:00,2023,10,18,14,50,76,76351,FRERE CONSTANCE,49.49022105,0.10063836,Plein jour,En agglomération,Intersection en T,Pluie légère,Autre collision,4,2,2,0,1,1,2,0,1,50,1,2,1,0,0,1,88.0,,voiture,,1,2,3,2,6
202300011560,2023-10-18 14:50:00,2023,10,18,14,50,76,76351,FRERE CONSTANCE,49.49022105,0.10063836,Plein jour,En agglomération,Intersection en T,Pluie légère,Autre collision,4,3, -1,-1,1,1,2,0,1,-1,1,2,1,0,0,1,88.0,,voiture,,1,2,3,2,6
202300011561,2023-02-05 06:00:00,2023,2,5,6,0,62,62717,D939,50.366841,2.371062,Nuit sans éclairage public,Hors agglomération,Hors intersection,Normale,Deux véhicules - arrière,3,1,4,0,1,1,2,0,1,110,2,3,1,0,1,1,29.0,27.0,voiture,voiture,3,1,1,1,2
202300011562,2023-02-06 16:15:00,2023,2,6,16,15,91,91600,Route Forestière de Soisy (Chemin),48.659427,2.456077,Plein jour,Hors agglomération,Hors intersection,Normale,Sans collision,5,-1,2,0,1,1,1,0,3,50,1,1,0,0,1,0,18.0,,deux_roues,,1,1,1,1,7
202300011563,2023-10-13 15:10:00,2023,10,13,15,10,71,71270,Carf rue des Lilas-rue des Anémones,46.30976,4.82687,Plein jour,En agglomération,Intersection en X,Normale,Deux véhicules - côté,4,-1,#VALEURMULTI,0,1,1,1,0,1,50,2,2,1,0,0,1,14.0,59.0,deux_roues,voiture,1,2,2,1,3
202300011564,2023-02-07 08:45:00,2023,2,7,8,45,2B,2B319,Penticchie,42.430946,9.523392,Plein jour,Hors agglomération,Hors intersection,Normale,Trois véhicules et plus - en chaîne,2,2,2,0,1,1,1,0,1,80,3,3,2,0,0,1,25.0,46.0,voiture,voiture,1,1,1,1,4
202300011565,2023-02-06 21:35:00,2023,2,6,21,35,11,11255,,43.18517272,2.92986638,Crépuscule ou aube,Hors agglomération,Hors intersection,Normale,Deux véhicules - arrière,3,2,1,0,1,1,1,0,1,80,2,4,3,0,1,0,19.0,18.0,voiture,deux_roues,2,1,1,1,2
202300011566,2023-10-19 08:10:00,2023,10,19,8,10,71,71059,R.D 290,46.79074,4.4811,Plein jour,Hors agglomération,Hors intersection,Temps couvert,Sans collision,3,3,2,0,4,4,2,0,3,70,1,2,0,0,0,2,33.0,,voiture,,1,1,1,8,7
202300011567,2023-02-07 10:15:00,2023,2,7,10,15,89,89419,Avenue du Général de Gaulle,47.721666,3.313205,Plein jour,En agglomération,Autre intersection,Temps éblouissant,Autre collision,6,-1, -1,0,1,1,1,0,8,-1,1,2,1,0,1,0,68.0,,voiture,,1,2,9,7,6
202300011568,2023-10-18 14:00:00,2023,10,18,14,0,71,71076,134 EME RI  (RUE),46.78974,4.84317,Plein jour,En agglomération,Hors intersection,Normale,Deux véhicules - côté,4,3,4,0,1,1,1,0,1,50,2,2,1,0,0,1,77.0,39.0,voiture,deux_roues,1,2,1,1,3
202300011569,2023-02-06 17:15:00,2023,2,6,17,15,35,35039,Clos de la Hache,48.107352,-1.484656,Plein jour,En agglomération,Hors intersection,Normale,Deux véhicules - côté,4,2,2,0,1,1,1,0,1,50,2,2,1,0,1,0,41.0,54.0,voiture,deux_roues,1,2,1,1,3
202300011570,2023-02-04 14:45:00,2023,2,4,14,45,35,35096,L?Epine,48.0634,-1.36489,Plein jour,Hors agglomération,Intersection en T,Normale,Deux véhicules - frontale,3,2,2,0,1,2,1,0,1,80,2,2,1,0,0,1,93.0,33.0,voiture,voiture,1,1,3,1,1
202300011570,2023-02-04 14:45:00,2023,2,4,14,45,35,35096,L?Epine,48.0634,-1.36489,Plein jour,Hors agglomération,Intersection en T,Normale,Deux véhicules - frontale,3,2,2,0,1,3,1,0,1,80,2,2,1,0,0,1,93.0,33.0,voiture,voiture,1,1,3,1,1