accident_id,datetime,annee,mois,jour,heure,minute,departement,commune_insee,adresse,latitude,longitude,luminosite,agglomeration,intersection,meteo,collision,catr,circ,nbv,vosp,prof,plan,surf,infra,situ,vma,nb_vehicules,nb_usagers,nb_indemnes,nb_tues,nb_blesses_hosp,nb_blesses_legers,age_cond_1,age_cond_2,veh_type_cond_1,veh_type_cond_2,lum_code,agg_code,int_code,atm_code,col_code
202300011571,2023-02-06 22:45:00,2023,2,6,22,45,35,35116,zone artisanale de la folleville,48.583957,-1.832351,Nuit sans éclairage public,Hors agglomération,Hors intersection,Normale,Autre collision,3,2,2,0,1,1,1,0,1,70,1,1,0,1,0,0,24.0,,deux_roues,,3,1,1,1,6
202300011572,2023-10-20 01:15:00,2023,10,20,1,15,69,69264,Avenue de l’Europe,45.99506,4.74152,Nuit avec éclairage allumé,En agglomération,Giratoire,Pluie forte,Autre collision,3,1,2,0,1,2,2,9,8,70,1,1,0,0,0,1,27.0,,voiture,,5,2,6,3,6
202300011572,2023-10-20 01:15:00,2023,10,20,1,15,69,69264,Avenue de l’Europe,45.99506,4.74152,Nuit avec éclairage allumé,En agglomération,Giratoire,Pluie forte,Autre collision,3,2,2,0,1,1,2,9,8,50,1,1,0,0,0,1,27.0,,voiture,,5,2,6,3,6
202300011573,2023-02-05 05:45:00,2023,2,5,5,45,29,29017,Rue de Plourin,48.47827,-4.716053,Nuit sans éclairage public,En agglomération,Hors intersection,Normale,Autre collision,3,2,2,0,2,3,1,0,3,50,1,2,1,0,0,1,19.0,,voiture,,3,2,1,1,6
202300011574,2023-02-06 14:18:00,2023,2,6,14,18,29,29190,Route de Brest,48.358238,-4.70776,Plein jour,Hors agglomération,Intersection en T,Normale,Deux véhicules - arrière,3,2,2,0,1,1,1,5,1,80,2,3,1,0,0,2,53.0,29.0,voiture,utilitaire_camion,1,1,3,1,2
202300011574,2023-02-06 14:18:00,2023,2,6,14,18,29,29190,Route de Brest,48.358238,-4.70776,Plein jour,Hors agglomération,Intersection en T,Normale,Deux véhicules - arrière,3,2,2,-1,1,1,1,5,1,-1,2,3,1,0,0,2,53.0,29.0,voiture,utilitaire_camion,1,1,3,1,2
202300011575,2023-10-18 10:20:00,2023,10,18,10,20,69,69290,Route de Lyon,45.7047,4.91286,Plein jour,En agglomération,Autre intersection,Pluie légère,Deux véhicules - arrière,7,2,2,0,1,1,2,0,1,30,2,2,1,0,0,1,19.0,42.0,deux_roues,voiture,1,2,9,2,2
202300011576,2023-02-06 17:50:00,2023,2,6,17,50,02,02173,22 Place du Brouage,49.614846,3.21393,Plein jour,En agglomération,Giratoire,Normale,Deux véhicules - côté,4,1,2,0,1,2,1,5,1,50,2,2,1,0,1,0,43.0,20.0,deux_roues,voiture,1,2,6,1,3
202300011577,2023-10-18 11:15:00,2023,10,18,11,15,69,69388,Avenue Jean Mermoz,45.73068,4.88673,Plein jour,En agglomération,Hors intersection,Pluie légère,Deux véhicules - arrière,4,2,4,3,1,1,2,5,1,50,2,4,3,0,0,1,38.0,36.0,voiture,utilitaire_camion,1,2,1,2,2
202300011578,2023-02-06 14:36:00,2023,2,6,14,36,83,83011,Route de Claviers,43.61819,6.557497,Plein jour,Hors agglomération,Autre intersection,Normale,Deux véhicules - côté,3,2,1,0,2,1,1,0,1,50,2,2,0,0,1,1,53.0,81.0,voiture,voiture,1,1,9,1,3
202300011578,2023-02-06 14:36:00,2023,2,6,14,36,83,83011,Route de Claviers,43.61819,6.557497,Plein jour,Hors agglomération,Autre intersection,Normale,Deux véhicules - côté,3,2,1,0,3,1,1,0,1,50,2,2,0,0,1,1,53.0,81.0,voiture,voiture,1,1,9,1,3
202300011579,2023-10-18 18:50:00,2023,10,18,18,50,67,67482,CHARLES PEGUY (RUE),48.58657,7.70368,Crépuscule ou aube,En agglomération,Intersection en T,Pluie forte,Deux véhicules - côté,4,2,2,0,1,1,2,0,1,30,2,3,2,0,0,1,53.0,27.0,voiture,voiture,2,2,3,3,3
202300011579,2023-10-18 18:50:00,2023,10,18,18,50,67,67482,CHARLES PEGUY (RUE),48.58657,7.70368,Crépuscule ou aube,En agglomération,Intersection en T,Pluie forte,Deux véhicules - côté,4,2,2,2,1,1,2,0,1,30,2,3,2,0,0,1,53.0,27.0,voiture,voiture,2,2,3,3,3
202300011580,2023-02-07 02:20:00,2023,2,7,2,20,45,45148,D2007 PR 8 + 944,48.084229,2.769172,Nuit sans éclairage public,En agglomération,Hors intersection,Normale,Autre collision,3,2,4,0,1,1,1,0,3,90,1,1,0,0,1,0,20.0,,voiture,,3,2,1,1,6
202300011581,2023-10-18 17:15:00,2023,10,18,17,15,67,67482,ANCIENNE ECOLE (RUE DE L ),48.561578,7.763755,Plein jour,En agglomération,Hors intersection,Pluie légère,Autre collision,4,2,2,0,1,1,2,0,1,50,1,5,3,0,0,2,25.0,,voiture,,1,2,1,2,6
202300011582,2023-01-11 19:15:00,2023,1,11,19,15,64,64282,route des cimes,43.419419,-1.414146,Nuit sans éclairage public,Hors agglomération,Hors intersection,Pluie légère,Deux véhicules - frontale,3,2,1,0,2,3,2,0,1,90,2,4,3,0,1,0,31.0,34.0,voiture,voiture,3,1,1,2,1
202300011583,2023-02-06 20:50:00,2023,2,6,20,50,18,18204,,46.935287,2.551768,Nuit sans éclairage public,Hors agglomération,Hors intersection,Normale,Sans collision,3,2,2,0,2,1,1,0,3,80,1,1,0,0,1,0,52.0,,voiture,,3,1,1,1,7
202300011584,2023-10-17 20:10:00,2023,10,17,20,10,67,67043,MAIRES SCHAUB (RUE DES),48.61443,7.76393,Nuit avec éclairage allumé,En agglomération,Autre intersection,Normale,Deux véhicules - côté,4,2,2,0,1,1,1,9,1,50,2,2,1,0,0,1,19.0,29.0,voiture,deux_roues,5,2,9,1,3
202300011585,2023-02-07 11:45:00,2023,2,7,11,45,07,07295,RD120,44.816748,4.602585,Plein jour,Hors agglomération,Hors intersection,Normale,Sans collision,3,2,2,0,1,3,2,0,8,90,1,1,0,0,0,1,21.0,,voiture,,1,1,1,1,7
202300011586,2023-02-07 09:50:00,2023,2,7,9,50,04,04001,RN 85,44.052546,6.15185,Plein jour,Hors agglomération,Hors intersection,Autre,Autre collision,2,2,2,0,1,1,7,0,8,80,1,1,0,1,0,0,65.0,,voiture,,1,1,1,9,6
202300011587,2023-10-19 20:50:00,2023,10,19,20,50,62,62771,Avenue de la Fosse 4,50.41797,2.86679,Nuit avec éclairage allumé,En agglomération,Intersection en X,Normale,Autre collision,4,2,2,0,1,1,2,5,1,50,2,2,1,0,0,1,58.0,22.0,deux_roues,voiture,5,2,2,1,6
202300011587,2023-10-19 20:50:00,2023,10,19,20,50,62,62771,Avenue de la Fosse 4,50.41797,2.86679,Nuit avec éclairage allumé,En agglomération,Intersection en X,Normale,Autre collision,4,2,2,0,1,1,2,5,1,50,2,2,1,0,0,1,58.0,22.0,deux_roues,voiture,5,2,2,1,6
202300011588,2023-02-06 16:40:00,2023,2,6,16,40,85,85095,58 Rue de l'océan,46.869177,-1.759272,Plein jour,En agglomération,Hors intersection,Normale,Deux véhicules - côté,3,2,2,0,1,1,1,0,1,30,2,2,1,0,0,1,11.0,84.0,deux_roues,voiture,1,2,1,1,3
202300011589,2023-10-19 20:41:00,2023,10,19,20,41,62,62637,Rue des 80 Fusillés,50.47065,2.98432,Nuit avec éclairage allumé,En agglomération,Hors intersection,Normale,Deux véhicules - côté,4,3,2,0,1,1,1,0,1,50,2,2,1,0,1,0,35.0,64.0,deux_roues,utilitaire_camion,5,2,1,1,3
202300011590,2023-02-06 16:50:00,2023,2,6,16,50,87,87151,D15,45.680355,1.292996,Plein jour,Hors agglomération,Hors intersection,Normale,Autre collision,3,2,2,0,2,2,1,0,3,80,1,2,1,0,1,0,21.0,,voiture,,1,1,1,1,6
202300011591,2023-02-07 08:15:00,2023,2,7,8,15,30,30083,Route du Grau du Roi,43.719753,4.223417,Plein jour,Hors agglomération,Hors intersection,Normale,Autre collision,3,2,2,0,1,1,2,0,3,80,1,1,0,0,1,0,37.0,,voiture,,1,1,1,1,6
202300011592,2023-10-18 10:05:00,2023,10,18,10,5,62,62193,Rue de Toul,50.94069472,1.84536213,Plein jour,En agglomération,Hors intersection,Normale,Deux véhicules - arrière,4,2,2,0,1,1,1,0,1,50,2,2,1,0,0,1,38.0,17.0,voiture,deux_roues,1,2,1,1,2
202300011593,2023-02-07 06:30:00,2023,2,7,6,30,34,34240,A709 pk 005+300,43.642224,3.974008,Nuit sans éclairage public,Hors agglomération,Hors intersection,Pluie forte,Trois véhicules et plus - en chaîne,1,3,5,0,1,1,2,0,1,90,3,3,2,0,1,0,38.0,36.0,voiture,deux_roues,3,1,1,3,4
202300011594,2023-10-19 22:35:00,2023,10,19,22,35,62,62400,D86,50.46967785,2.57193768,Nuit sans éclairage public,En agglomération,Hors intersection,Temps couvert,Sans collision,3,2,2,0,1,1,1,0,1,50,1,4,3,0,0,1,21.0,,voiture,,3,2,1,8,7
202300011595,2023-10-19 15:30:00,2023,10,19,15,30,59,59346,COUTURIER PAUL-VAILLANT RUE,50.61418,3.11302,Plein jour,En agglomération,Hors intersection,Normale,Autre collision,4,2,1,3,1,1,1,9,1,30,1,2,0,0,0,2,34.0,,voiture,,1,2,1,1,6
202300011596,2023-02-07 10:15:00,2023,2,7,10,15,988,98821,Rue du Notou,-22.119582,166.367538,Plein jour,En agglomération,Hors intersection,Normale,Autre collision,4,2,2,0,3,1,1,0,1,-1,1,2,1,1,0,0,60.0,,utilitaire_camion,,1,2,1,1,6
202300011597,2023-02-06 18:00:00,2023,2,6,18,0,45,45229,1 Rue de Montbouy,47.850132,2.747827,Crépuscule ou aube,Hors agglomération,Intersection en X,Normale,Deux véhicules - côté,3,2,2,0,1,1,1,0,1,80,2,8,0,0,2,6,21.0,70.0,voiture,voiture,2,1,2,1,3
202300011597,2023-02-06 18:00:00,2023,2,6,18,0,45,45229,1 Rue de Montbouy,47.850132,2.747827,Crépuscule ou aube,Hors agglomération,Intersection en X,Normale,Deux véhicules - côté,3,2,2,0,1,1,1,0,1,90,2,8,0,0,2,6,21.0,70.0,voiture,voiture,2,1,2,1,3
202300011598,2023-10-18 21:10:00,2023,10,18,21,10,56,56098,73 Avenue Ambroise Croizat,47.77522,-3.34622,Nuit avec éclairage allumé,En agglomération,Intersection en T,Pluie légère,Sans collision,3,2,2,0,1,1,2,5,1,50,1,1,0,0,0,1,27.0,,deux_roues,,5,2,3,2,7
202300011598,2023-10-18 21:10:00,2023,10,18,21,10,56,56098,73 Avenue Ambroise Croizat,47.77522,-3.34622,Nuit avec éclairage allumé,En agglomération,Intersection en T,Pluie légère,Sans collision,3,2,2,0,1,1,2,5,1,50,1,1,0,0,0,1,27.0,,deux_roues,,5,2,3,2,7
202300011599,2023-02-06 16:30:00,2023,2,6,16,30,68,68309,60 Rue Poincaré,47.66348,7.44578,Plein jour,En agglomération,Hors intersection,Normale,Deux véhicules - arrière,3,2,2,0,1,1,1,0,1,50,2,2,1,0,0,1,16.0,34.0,deux_roues,voiture,1,2,1,1,2
202300011600,2023-10-18 20:25:00,2023,10,18,20,25,56,56121,Rue amiral de Spitz,47.76334,-3.37016,Nuit sans éclairage public,En agglomération,Hors intersection,Pluie légère,Sans collision,4,2,2,0,1,2,2,0,1,30,1,1,0,0,0,1,58.0,,deux_roues,,3,2,1,2,7
202300011601,2023-01-31 17:30:00,2023,1,31,17,30,69,69121,73 Route de Lyon,45.85498885,4.68118503,Nuit avec éclairage allumé,En agglomération,Autre intersection,Normale,Autre collision,3,2,2,0,1,1,1,8,8,50,1,2,1,0,0,1,48.0,,voiture,,5,2,9,1,6
202300011602,2023-02-06 09:10:00,2023,2,6,9,10,69,69204,Chemin du Grand Revoyet,45.695985,4.807227,Plein jour,En agglomération,Giratoire,Normale,Deux véhicules - côté,4,1,1,0,1,1,1,5,1,50,2,2,1,0,1,0,36.0,31.0,deux_roues,voiture,1,2,6,1,3
202300011603,2023-10-18 18:16:00,2023,10,18,18,16,56,56121,Rue René Lote,47.77234,-3.40456,Plein jour,En agglomération,Hors intersection,Normale,Deux véhicules - arrière,4,2,2,0,1,1,2,0,1,50,2,3,2,0,0,1,39.0,37.0,voiture,voiture,1,2,1,1,2
202300011604,2023-02-05 08:45:00,2023,2,5,8,45,69,69204,16 Route du Millénaire,45.67300376,4.78897461,Plein jour,En agglomération,Hors intersection,Normale,Deux véhicules - frontale,7,2,2,0,1,1,1,0,1,50,2,2,0,0,0,2,42.0,24.0,voiture,voiture,1,2,1,1,1
202300011605,2023-02-04 11:37:00,2023,2,4,11,37,09,09108,1 la materette,43.021714,1.366392,Plein jour,Hors agglomération,Hors intersection,Normale,Autre collision,3,2,2,0,1,1,1,0,3,70,1,1,0,0,1,0,80.0,,voiture,,1,1,1,1,6
202300011606,2023-10-19 22:20:00,2023,10,19,22,20,54,54395,Rue Alfred Krug,48.68213,6.20309,Nuit avec éclairage allumé,En agglomération,Hors intersection,Pluie légère,Autre collision,4,2,2,0,1,1,2,0,1,50,1,3,2,0,0,1,26.0,,utilitaire_camion,,5,2,1,2,6
202300011607,2023-02-05 18:30:00,2023,2,5,18,30,44,44094,Quai des Mariniers ,47.29434565,-1.38331309,Nuit avec éclairage allumé,Hors agglomération,Hors intersection,Normale,Sans collision,3,2,2,0,1,2,1,0,1,50,1,2,1,0,0,1,25.0,,deux_roues,,5,1,1,1,7
202300011608,2023-02-05 15:30:00,2023,2,5,15,30,60,60024,D60,49.408404,2.681694,Plein jour,Hors agglomération,Hors intersection,Normale,Sans collision,3,2,2,0,3,3,1,0,1,90,1,2,1,0,0,1,64.0,,deux_roues,,1,1,1,1,7
202300011609,2023-10-18 13:40:00,2023,10,18,13,40,54,54395,Rue Jeanne d'Arc,48.68894,6.17018,Plein jour,En agglomération,Hors intersection,Normale,Autre collision,4,1,3,1,1,1,1,0,4,50,1,2,1,0,0,1,23.0,,deux_roues,,1,2,1,1,6
202300011610,2023-02-06 09:00:00,2023,2,6,9,0,59,59636,ROUTE DEPARTEMENTALE 652,50.68203,3.06081,Plein jour,Hors agglomération,Hors intersection,Normale,Autre collision,7,-1,4,0,1,1,9,0,1,90,2,2,1,0,1,0,38.0,25.0,deux_roues,voiture,1,1,1,1,6
202300011611,2023-02-06 08:30:00,2023,2,6,8,30,91,91340,RN 104,48.60835,2.4352,Plein jour,Hors agglomération,Hors intersection,Normale,Deux véhicules - côté,2,1,3,0,1,1,1,0,1,50,2,2,1,0,0,1,22.0,53.0,voiture,voiture,1,1,1,1,3
202300011612,2023-10-19 06:50:00,2023,10,19,6,50,54,54580,RUE DE VERDUN,49.46501,5.93347,Nuit sans éclairage public,En agglomération,Intersection en Y,Normale,Deux véhicules - côté,3,2,2,0,2,2,1,0,1,50,2,2,1,0,0,1,52.0,48.0,deux_roues,voiture,3,2,4,1,3
202300011612,2023-10-19 06:50:00,2023,10,19,6,50,54,54580,RUE DE VERDUN,49.46501,5.93347,Nuit sans éclairage public,En agglomération,Intersection en Y,Normale,Deux véhicules - côté,3,2,2,0,2,1,1,0,1,50,2,2,1,0,0,1,52.0,48.0,deux_roues,voiture,3,2,4,1,3
202300011613,2023-02-06 10:45:00,2023,2,6,10,45,78,78571,A13,48.873995,2.02405,Plein jour,Hors agglomération,Hors intersection,Normale,Autre collision,1,1,2,0,1,1,1,0,1,110,1,1,0,0,0,1,38.0,,voiture,,1,1,1,1,6
202300011614,2023-10-18 21:20:00,2023,10,18,21,20,51,51454,BUIRETTE (RUE),49.25452,4.02538,Nuit avec éclairage allumé,En agglomération,Intersection en X,Pluie légère,Autre collision,4,1,0,0,1,1,2,0,1,30,1,2,1,0,0,1,43.0,,utilitaire_camion,,5,2,2,2,6
202300011614,2023-10-18 21:20:00,2023,10,18,21,20,51,51454,BUIRETTE (RUE),49.25452,4.02538,Nuit avec éclairage allumé,En agglomération,Intersection en X,Pluie légère,Autre collision,4,1,0,0,1,1,2,0,1,30,1,2,1,0,0,1,43.0,,utilitaire_camion,,5,2,2,2,6
202300011615,2023-02-06 07:50:00,2023,2,6,7,50,78,78206,A13,48.945517,1.948973,Crépuscule ou aube,Hors agglomération,Hors intersection,Normale,Deux véhicules - arrière,1,1,3,0,1,1,1,0,1,130,2,2,1,0,0,1,42.0,20.0,utilitaire_camion,voiture,2,1,1,1,2
202300011616,2023-10-18 11:40:00,2023,10,18,11,40,50,50129,LANSONNEUR (RUE LOUIS),49.61981,-1.62029,Plein jour,En agglomération,Hors intersection,Pluie forte,Deux véhicules - frontale,4,2,2,0,1,2,2,0,1,50,2,3,1,0,0,2,30.0,49.0,voiture,utilitaire_camion,1,2,1,3,1
202300011617,2023-02-05 13:47:00,2023,2,5,13,47,92,92036,A86,48.93408555,2.27788505,Plein jour,Hors agglomération,Hors intersection,Normale,Trois véhicules et plus - en chaîne,1,1,2,0,1,1,1,0,1,90,3,3,2,0,0,1,38.0,32.0,voiture,voiture,1,1,1,1,4
202300011618,2023-10-16 08:20:00,2023,10,16,8,20,50,50129,LECLERC (RUE DU GENERAL),49.64748,-1.65086,Plein jour,En agglomération,Intersection en X,Normale,Deux véhicules - côté,4,2,2,0,1,1,1,5,1,50,2,2,1,0,0,1,50.0,21.0,voiture,deux_roues,1,2,2,1,3
202300011618,2023-10-16 08:20:00,2023,10,16,8,20,50,50129,LECLERC (RUE DU GENERAL),49.64748,-1.65086,Plein jour,En agglomération,Intersection en X,Normale,Deux véhicules - côté,4,2,2,0,1,1,1,5,1,50,2,2,1,0,0,1,50.0,21.0,voiture,deux_roues,1,2,2,1,3
202300011619,2023-02-04 11:50:00,2023,2,4,11,50,93,93027,AUTOROUTE A86,48.9247,2.39135,Plein jour,Hors agglomération,Hors intersection,Pluie légère,Deux véhicules - arrière,1,1,4,0,1,1,2,0,1,90,2,4,2,0,0,2,48.0,24.0,voiture,voiture,1,1,1,2,2
202300011620,2023-10-18 16:35:00,2023,10,18,16,35,49,49007,ROMANERIE BOULEVARD,47.48599,-0.51193,Plein jour,En agglomération,Hors intersection,Pluie légère,Autre collision,4,3,4,0,1,1,2,0,1,50,1,2,1,0,0,1,55.0,,voiture,,1,2,1,2,6
202300011621,2023-10-27 07:45:00,2023,10,27,7,45,47,47001,GAMBETTA (COURS),44.20025,0.61188,Nuit avec éclairage allumé,En agglomération,Intersection en X,Pluie forte,Deux véhicules - côté,3,2,5,0,1,1,2,0,1,50,2,2,1,0,0,1,42.0,32.0,voiture,deux_roues,5,2,2,3,3
202300011621,2023-10-27 07:45:00,2023,10,27,7,45,47,47001,GAMBETTA (COURS),44.20025,0.61188,Nuit avec éclairage allumé,En agglomération,Intersection en X,Pluie forte,Deux véhicules - côté,3,2,2,-1,1,1,2,0,1,-1,2,2,1,0,0,1,42.0,32.0,voiture,deux_roues,5,2,2,3,3
202300011622,2023-10-20 16:50:00,2023,10,20,16,50,47,47001,BARBUSSE (AV. HENRI),44.20546098,0.62859071,Plein jour,En agglomération,Intersection en T,Pluie légère,Autre collision,4,-1,2,1,1,1,2,0,1,50,1,2,1,0,0,1,39.0,,voiture,,1,2,3,2,6
202300011622,2023-10-20 16:50:00,2023,10,20,16,50,47,47001,BARBUSSE (AV. HENRI),44.20546098,0.62859071,Plein jour,En agglomération,Intersection en T,Pluie légère,Autre collision,4,1,1,0,1,1,2,0,8,30,1,2,1,0,0,1,39.0,,voiture,,1,2,3,2,6
202300011623,2023-02-04 20:45:00,2023,2,4,20,45,94,94017,A4,48.82664869,2.5137924,Nuit avec éclairage allumé,Hors agglomération,Hors intersection,Normale,Trois véhicules et plus - en chaîne,1,3,4,0,1,1,1,1,1,90,4,8,7,0,1,0,34.0,33.0,voiture,voiture,5,1,1,1,4
202300011624,2023-10-19 14:50:00,2023,10,19,14,50,45,45147,RUE LOUIS LABONNE,47.9266,1.9077,Plein jour,En agglomération,Hors intersection,Normale,Autre collision,4,1,1,0,1,1,1,0,1,50,1,2,1,0,0,1,50.0,,voiture,,1,2,1,1,6
202300011625,2023-02-04 18:40:00,2023,2,4,18,40,94,94028,N406,48.78200276,2.44056815,Nuit sans éclairage public,Hors agglomération,Hors intersection,Pluie légère,Trois véhicules et plus - en chaîne,2,1,2,0,1,1,2,0,1,90,3,5,4,0,0,1,43.0,50.0,voiture,voiture,3,1,1,2,4
202300011626,2023-10-10 10:40:00,2023,10,10,10,40,42,42187,Boulevard Baron du Marais,46.04356,4.06763,Plein jour,En agglomération,Giratoire,Normale,Deux véhicules - côté,4,-1,2,0,1,2,1,0,1,50,2,2,1,0,1,0,15.0,62.0,deux_roues,voiture,1,2,6,1,3
202300011626,2023-10-10 10:40:00,2023,10,10,10,40,42,42187,Boulevard Baron du Marais,46.04356,4.06763,Plein jour,En agglomération,Giratoire,Normale,Deux véhicules - côté,4,-1,2,0,1,1,1,0,1,50,2,2,1,0,1,0,15.0,62.0,deux_roues,voiture,1,2,6,1,3
202300011627,2023-02-05 06:00:00,2023,2,5,6,0,73,73011,N90,45.66123,6.38316,Nuit sans éclairage public,Hors agglomération,Hors intersection,Normale,Autre collision,2,3,5,0,1,1,1,0,1,90,1,2,1,0,1,0,20.0,,voiture,,3,1,1,1,6
202300011628,2023-02-05 22:15:00,2023,2,5,22,15,974,97411,DORO (CHEMIN),-20.92239,55.40272,Nuit sans éclairage public,Hors agglomération,Autre intersection,Normale,Sans collision,4,2,2,0,2,3,1,9,1,70,1,1,0,0,0,1,31.0,,deux_roues,,3,1,9,1,7
202300011629,2023-02-05 16:30:00,2023,2,5,16,30,974,97411,DIGUE (ROUTE),-20.89186,55.4706,Plein jour,En agglomération,Hors intersection,Normale,Deux véhicules - côté,4,2,2,0,2,1,1,0,1,50,2,2,1,0,0,1,27.0,37.0,transport_commun,deux_roues,1,2,1,1,3
202300011630,2023-10-19 12:00:00,2023,10,19,12,0,37,37261,MAGINOT (AV. ANDRE),47.4186,0.69269,Plein jour,En agglomération,Giratoire,Normale,Sans collision,4,2,2,0,1,3,1,9,3,30,1,2,0,0,0,2,22.0,,deux_roues,,1,2,6,1,7
202300011630,2023-10-19 12:00:00,2023,10,19,12,0,37,37261,MAGINOT (AV. ANDRE),47.4186,0.69269,Plein jour,En agglomération,Giratoire,Normale,Sans collision,4,1,1,1,1,3,1,9,3,30,1,2,0,0,0,2,22.0,,deux_roues,,1,2,6,1,7
202300011631,2023-02-05 14:45:00,2023,2,5,14,45,974,97411,NOTRE DAME DE LA TRINITE (BOULEVARD),-20.89647,55.46698,Plein jour,En agglomération,Hors intersection,Normale,Deux véhicules - côté,4,2,2,0,2,4,1,0,1,50,2,2,1,0,0,1,17.0,26.0,deux_roues,voiture,1,2,1,1,3
202300011632,2023-10-19 08:45:00,2023,10,19,8,45,37,37261,ALOUETTE (AVENUE),47.3638,0.69952,Plein jour,En agglomération,Hors intersection,Normale,Autre collision,4,3,4,0,1,3,2,0,1,50,1,1,0,0,0,1,50.0,,voiture,,1,2,1,1,6
202300011633,2023-10-19 07:50:00,2023,10,19,7,50,37,37261,PORTILLON (QUAI DE),47.40095,0.68492,Plein jour,En agglomération,Hors intersection,Pluie légère,Deux véhicules - arrière,4,2,2,0,2,1,2,0,1,50,2,2,1,0,0,1,17.0,50.0,deux_roues,utilitaire_camion,1,2,1,2,2
202300011634,2023-02-05 10:30:00,2023,2,5,10,30,974,97411,DORET 1 (BOULEVARD),-20.8901,55.46148,Plein jour,En agglomération,Hors intersection,Normale,Autre collision,4,-1,0,2,1,1,1,6,5,50,1,1,0,0,0,1,41.0,,deux_roues,,1,2,1,1,6
202300011635,2023-02-04 23:20:00,2023,2,4,23,20,973,97309,TIGRE (ROUTE DU),4.91356487,-52.30847239,Nuit sans éclairage public,Hors agglomération,Hors intersection,Pluie forte,Deux véhicules - frontale,3,2,2,0,1,4,2,0,1,50,2,2,0,0,1,1,19.0,43.0,voiture,utilitaire_camion,3,1,1,3,1
202300011636,2023-10-19 13:00:00,2023,10,19,13,0,35,35238,FOUGERES (RUE DE),48.12755,-1.65134,Plein jour,En agglomération,Giratoire,Pluie forte,Sans collision,4,2,2,1,1,1,2,0,1,30,2,2,1,0,0,1,32.0,23.0,voiture,deux_roues,1,2,6,3,7
202300011637,2023-02-05 15:30:00,2023,2,5,15,30,972,97209,CHATEAUBOEUF (ROUTE DE),14.62045,-61.04345,Plein jour,En agglomération,Hors intersection,Normale,Deux véhicules - frontale,3,-1,2,0,2,3,1,0,1,50,2,2,0,0,2,0,49.0,17.0,voiture,deux_roues,1,2,1,1,1
202300011638,2023-02-04 13:20:00,2023,2,4,13,20,972,97209,ABBE LAVIGNE (AVENUE),14.612398,-61.07171,Plein jour,En agglomération,Hors intersection,Normale,Autre collision,4,-1,2,0,1,1,1,0,1,50,1,2,1,0,0,1,28.0,,voiture,,1,2,1,1,6
202300011639,2023-10-19 10:35:00,2023,10,19,10,35,35,35051,LONGCHAMPS (PORTE DES),48.14168294,-1.62781656,Plein jour,Hors agglomération,Hors intersection,Pluie légère,Autre collision,3,3,4,0,1,1,2,0,3,90,1,1,0,0,0,1,20.0,,voiture,,1,1,1,2,6
202300011640,2023-01-25 08:45:00,2023,1,25,8,45,69,69149,34 Rue Narcisse Bertholey,45.71555552,4.80471163,Plein jour,En agglomération,Hors intersection,Normale,Sans collision,4,1,1,0,2,1,1,0,1,30,1,1,0,0,0,1,68.0,,deux_roues,,1,2,1,1,7
202300011641,2023-02-04 18:10:00,2023,2,4,18,10,69,69389,10bis Rue Saint Simon,45.7794,4.79914,Crépuscule ou aube,En agglomération,Hors intersection,Normale,Deux véhicules - côté,4,2,2,0,1,1,1,0,1,50,2,2,1,0,1,0,45.0,27.0,voiture,deux_roues,2,2,1,1,3
202300011642,2023-10-19 07:45:00,2023,10,19,7,45,35,35238,PAYS-BAS (AVENUE DES),48.08661,-1.66107,Crépuscule ou aube,En agglomération,Giratoire,Temps couvert,Deux véhicules - arrière,4,2,2,0,1,2,2,0,1,30,2,2,1,0,0,1,19.0,42.0,deux_roues,utilitaire_camion,2,2,6,8,2
202300011643,2023-02-05 04:51:00,2023,2,5,4,51,90,90010,FRANCE BOULEVARD ANATOLE ),47.639473,6.839239,Nuit avec éclairage non allumé,En agglomération,Hors intersection,Pluie légère,Sans collision,4,3,2,0,1,3,2,0,3,50,1,2,0,0,2,0,26.0,,voiture,,4,2,1,2,7
202300011644,2023-10-18 20:15:00,2023,10,18,20,15,35,35238,VERN (DE),48.09294,-1.64758,Nuit avec éclairage allumé,En agglomération,Autre intersection,Pluie légère,Autre collision,4,2,2,0,1,1,2,0,1,30,1,2,1,0,0,1,,,voiture,,5,2,9,2,6
202300011644,2023-10-18 20:15:00,2023,10,18,20,15,35,35238,VERN (DE),48.09294,-1.64758,Nuit avec éclairage allumé,En agglomération,Autre intersection,Pluie légère,Autre collision,4,2,4,1,1,1,2,0,1,30,1,2,1,0,0,1,,,voiture,,5,2,9,2,6
202300011645,2023-02-05 04:20:00,2023,2,5,4,20,76,76484,D18 E,49.34553641,1.07718945,Nuit avec éclairage allumé,Hors agglomération,Giratoire,Normale,Autre collision,7,3,4,0,1,1,1,0,1,70,1,1,0,1,0,0,47.0,,voiture,,5,1,6,1,6
202300011646,2023-10-18 08:15:00,2023,10,18,8,15,34,34108,RD 612,43.42068,3.73614,Crépuscule ou aube,Hors agglomération,Hors intersection,Normale,Trois véhicules et plus - collisions multiples,3,2,2,0,1,1,2,0,1,80,3,3,2,1,0,0,30.0,61.0,voiture,utilitaire_camion,2,1,1,1,5
202300011647,2023-02-05 02:15:00,2023,2,5,2,15,76,76540,Avenue de Bretagne,49.43329,1.08529,Nuit avec éclairage allumé,En agglomération,Intersection en X,Normale,Deux véhicules - côté,7,2,4,3,1,1,1,-1,1,50,2,4,2,0,0,2,32.0,23.0,voiture,voiture,5,2,2,1,3