accident_id,datetime,annee,mois,jour,heure,minute,departement,commune_insee,adresse,latitude,longitude,luminosite,agglomeration,intersection,meteo,collision,catr,circ,nbv,vosp,prof,plan,surf,infra,situ,vma,nb_vehicules,nb_usagers,nb_indemnes,nb_tues,nb_blesses_hosp,nb_blesses_legers,age_cond_1,age_cond_2,veh_type_cond_1,veh_type_cond_2,lum_code,agg_code,int_code,atm_code,col_code
202300011647,2023-02-05 02:15:00,2023,2,5,2,15,76,76540,Avenue de Bretagne,49.43329,1.08529,Nuit avec éclairage allumé,En agglomération,Intersection en X,Normale,Deux véhicules - côté,7,2,2,0,1,1,1,0,1,30,2,4,2,0,0,2,32.0,23.0,voiture,voiture,5,2,2,1,3
202300011648,2023-02-05 12:30:00,2023,2,5,12,30,69,69259,16 Allée Picard,45.70700984,4.86515327,Plein jour,En agglomération,Hors intersection,Normale,Deux véhicules - arrière,4,2,2,0,1,1,1,0,1,50,2,2,0,0,0,2,44.0,33.0,voiture,voiture,1,2,1,1,2
202300011649,2023-02-05 08:37:00,2023,2,5,8,37,59,59367,CATINAT (RUE),50.67363581,3.20262194,Plein jour,En agglomération,Hors intersection,Temps couvert,Sans collision,4,2,2,0,1,1,2,0,4,50,1,1,0,0,1,0,27.0,,voiture,,1,2,1,8,7
202300011650,2023-10-19 19:35:00,2023,10,19,19,35,33,33063,Rue Lucien Faure,44.86593,-0.5611,Nuit avec éclairage allumé,En agglomération,Intersection en X,Pluie légère,Deux véhicules - côté,4,2,4,0,1,1,2,5,1,50,2,2,1,0,0,1,76.0,27.0,voiture,deux_roues,5,2,2,2,3
202300011650,2023-10-19 19:35:00,2023,10,19,19,35,33,33063,Rue Lucien Faure,44.86593,-0.5611,Nuit avec éclairage allumé,En agglomération,Intersection en X,Pluie légère,Deux véhicules - côté,4,3,7,0,1,1,2,5,1,50,2,2,1,0,0,1,76.0,27.0,voiture,deux_roues,5,2,2,2,3
202300011651,2023-02-05 14:30:00,2023,2,5,14,30,59,59009,FUSILLES RUE DES DU N° 2-110,50.61906,3.14224,Plein jour,En agglomération,Intersection en X,Normale,Deux véhicules - côté,7,2,2,0,1,1,1,0,1,50,2,4,3,0,0,1,25.0,26.0,voiture,autre,1,2,2,1,3
202300011651,2023-02-05 14:30:00,2023,2,5,14,30,59,59009,FUSILLES RUE DES DU N° 2-110,50.61906,3.14224,Plein jour,En agglomération,Intersection en X,Normale,Deux véhicules - côté,7,2,3,0,1,1,1,0,1,50,2,4,3,0,0,1,25.0,26.0,voiture,autre,1,2,2,1,3
202300011652,2023-10-19 17:35:00,2023,10,19,17,35,33,33063,Boulevard du Président Wilson,44.83771,-0.59909,Crépuscule ou aube,En agglomération,Intersection en T,Normale,Deux véhicules - côté,4,3,4,1,1,1,1,0,1,50,2,2,1,0,1,0,48.0,14.0,voiture,deux_roues,2,2,3,1,3
202300011652,2023-10-19 17:35:00,2023,10,19,17,35,33,33063,Boulevard du Président Wilson,44.83771,-0.59909,Crépuscule ou aube,En agglomération,Intersection en T,Normale,Deux véhicules - côté,4,1,1,0,1,1,1,0,1,50,2,2,1,0,1,0,48.0,14.0,voiture,deux_roues,2,2,3,1,3
202300011653,2023-02-05 13:05:00,2023,2,5,13,5,51,51230,Rue Gallice,49.04121104,3.95319253,Plein jour,En agglomération,Hors intersection,Normale,Deux véhicules - côté,4,1,2,0,1,1,1,5,1,50,2,2,1,0,1,0,24.0,37.0,deux_roues,voiture,1,2,1,1,3
202300011654,2023-10-10 14:45:00,2023,10,10,14,45,29,29254,RN12,48.58699116,-3.8478934,Plein jour,Hors agglomération,Hors intersection,Normale,Autre collision,2,1,2,0,3,2,1,0,1,90,1,4,0,0,0,4,18.0,,voiture,,1,1,1,1,6
202300011655,2023-02-03 18:20:00,2023,2,3,18,20,50,50129,SALENGRO (RUE ROGER),49.62902,-1.64118,Crépuscule ou aube,En agglomération,Autre intersection,Normale,Deux véhicules - côté,4,2,2,0,1,1,1,0,1,50,2,2,1,0,0,1,36.0,16.0,voiture,deux_roues,2,2,9,1,3
202300011656,2023-02-05 02:15:00,2023,2,5,2,15,45,45169,10 Rue Pierre et Marie Curie,47.90067,1.85099,Nuit sans éclairage public,En agglomération,Intersection en Y,Normale,Deux véhicules - côté,4,2,2,0,2,2,2,0,1,50,2,3,0,0,1,2,41.0,49.0,voiture,voiture,3,2,4,1,3
202300011656,2023-02-05 02:15:00,2023,2,5,2,15,45,45169,10 Rue Pierre et Marie Curie,47.90067,1.85099,Nuit sans éclairage public,En agglomération,Intersection en Y,Normale,Deux véhicules - côté,4,2,2,-1,1,2,2,0,1,-1,2,3,0,0,1,2,41.0,49.0,voiture,voiture,3,2,4,1,3
202300011657,2023-10-19 12:03:00,2023,10,19,12,3,29,29019,avenue Victor Le Gorgeu,48.410203,-4.514802,Plein jour,En agglomération,Intersection en X,Normale,Deux véhicules - côté,4,3,3,0,1,1,1,0,1,50,2,3,1,0,0,2,43.0,31.0,voiture,utilitaire_camion,1,2,2,1,3
202300011657,2023-10-19 12:03:00,2023,10,19,12,3,29,29019,avenue Victor Le Gorgeu,48.410203,-4.514802,Plein jour,En agglomération,Intersection en X,Normale,Deux véhicules - côté,4,2,3,0,1,1,1,0,1,50,2,3,1,0,0,2,43.0,31.0,voiture,utilitaire_camion,1,2,2,1,3
202300011658,2023-02-05 03:50:00,2023,2,5,3,50,37,37195,PERIPHERIQUE OUEST,47.3769,0.65231,Nuit sans éclairage public,Hors agglomération,Hors intersection,Normale,Deux véhicules - frontale,7,1,1,0,2,3,1,3,1,90,2,3,0,0,0,3,37.0,20.0,voiture,voiture,3,1,1,1,1
202300011659,2023-10-19 07:25:00,2023,10,19,7,25,29,29019,avenue de l'Ecole Navale,48.373521,-4.525603,Nuit sans éclairage public,En agglomération,Intersection en T,Pluie légère,Deux véhicules - côté,4,2,2,0,1,1,2,0,1,50,2,2,1,0,0,1,47.0,23.0,voiture,deux_roues,3,2,3,2,3
202300011659,2023-10-19 07:25:00,2023,10,19,7,25,29,29019,avenue de l'Ecole Navale,48.373521,-4.525603,Nuit sans éclairage public,En agglomération,Intersection en T,Pluie légère,Deux véhicules - côté,4,2,2,0,1,1,2,0,1,50,2,2,1,0,0,1,47.0,23.0,voiture,deux_roues,3,2,3,2,3
202300011660,2023-02-04 16:40:00,2023,2,4,16,40,34,34172,527 Avenue Saint Clément,43.61805,3.84405,Plein jour,En agglomération,Intersection en T,Normale,Deux véhicules - côté,4,2, -1,0,1,1,1,0,1,-1,2,2,1,0,1,0,45.0,36.0,voiture,deux_roues,1,2,3,1,3
202300011660,2023-02-04 16:40:00,2023,2,4,16,40,34,34172,527 Avenue Saint Clément,43.61805,3.84405,Plein jour,En agglomération,Intersection en T,Normale,Deux véhicules - côté,4,-1,1,0,2,1,1,0,1,50,2,2,1,0,1,0,45.0,36.0,voiture,deux_roues,1,2,3,1,3
202300011661,2023-02-04 16:45:00,2023,2,4,16,45,31,31483,14bis Av du Pdt Francois Mitterrand,43.10964,0.72945,Plein jour,En agglomération,Hors intersection,Normale,Autre collision,3,2,0,1,1,1,1,0,4,-1,1,2,0,0,1,1,26.0,,deux_roues,,1,2,1,1,6
202300011662,2023-10-18 16:35:00,2023,10,18,16,35,28,28070,D823,48.46879,1.51855,Plein jour,Hors agglomération,Hors intersection,Pluie forte,Deux véhicules - côté,3,-1,2,0,1,1,2,0,1,50,2,2,0,0,0,2,35.0,41.0,voiture,voiture,1,1,1,3,3
202300011663,2023-10-19 18:10:00,2023,10,19,18,10,27,27701,RD6015,49.2515,1.1851,Plein jour,Hors agglomération,Autre intersection,Pluie légère,Autre collision,3,1,3,0,2,3,2,9,1,70,1,2,1,0,1,0,30.0,,voiture,,1,1,9,2,6
202300011664,2023-02-04 20:50:00,2023,2,4,20,50,25,25462,ROCADE G.POMPIDOU ( DE 0 A 6),46.904964,6.33033,Nuit avec éclairage allumé,Hors agglomération,Hors intersection,Pluie légère,Deux véhicules - frontale,2,2,2,0,1,1,2,0,1,80,2,3,0,0,0,3,33.0,49.0,voiture,voiture,5,1,1,2,1
202300011665,2023-10-19 08:15:00,2023,10,19,8,15,27,27701,VILLAGE (CHAUSSEE DU),49.261556,1.207388,Plein jour,En agglomération,Hors intersection,Pluie forte,Autre collision,4,-1,2,0,1,1,2,0,1,50,1,1,0,0,0,1,63.0,,voiture,,1,2,1,3,6
202300011666,2023-02-02 23:30:00,2023,2,2,23,30,22,22187,VIEUX MOULIN (RUE DU),48.52352,-2.7528,Nuit sans éclairage public,En agglomération,Hors intersection,Normale,Autre collision,3,2,2,0,1,1,1,0,1,50,1,1,0,0,1,0,24.0,,deux_roues,,3,2,1,1,6
202300011667,2023-10-19 05:40:00,2023,10,19,5,40,26,26362,Avenue de la Libération,44.905,4.884,Nuit avec éclairage allumé,En agglomération,Hors intersection,Pluie légère,Deux véhicules - côté,4,1,1,0,2,2,2,0,1,30,2,2,1,0,0,1,48.0,37.0,deux_roues,utilitaire_camion,5,2,1,2,3
202300011668,2023-02-03 19:45:00,2023,2,3,19,45,13,13202,ANTHOINE (RUE D'),43.3165,5.36842,Nuit avec éclairage allumé,En agglomération,Intersection en X,Normale,Deux véhicules - côté,4,1,1,0,1,1,1,8,1,50,2,4,2,0,0,2,19.0,60.0,voiture,voiture,5,2,2,1,3
202300011668,2023-02-03 19:45:00,2023,2,3,19,45,13,13202,ANTHOINE (RUE D'),43.3165,5.36842,Nuit avec éclairage allumé,En agglomération,Intersection en X,Normale,Deux véhicules - côté,4,1,0,0,1,1,1,8,1,50,2,4,2,0,0,2,19.0,60.0,voiture,voiture,5,2,2,1,3
202300011669,2023-10-19 13:15:00,2023,10,19,13,15,25,25056,OUEST BOULEVARD,47.25391,5.99002,Plein jour,En agglomération,Hors intersection,Pluie légère,Deux véhicules - arrière,2,3,4,0,1,1,2,0,1,90,2,2,0,0,0,2,32.0,20.0,voiture,voiture,1,2,1,2,2
202300011670,2023-02-05 15:50:00,2023,2,5,15,50,13,13213,SAINT JUST (AVENUE DE),43.31522866,5.4036259,Plein jour,En agglomération,Hors intersection,Normale,Trois véhicules et plus - collisions multiples,4,2,3,0,1,1,1,0,1,50,3,4,1,0,0,3,39.0,88.0,voiture,voiture,1,2,1,1,5
202300011671,2023-10-19 10:40:00,2023,10,19,10,40,25,25056,CHAR  RUE RENE,47.217484,5.949541,Plein jour,En agglomération,Hors intersection,Pluie légère,Deux véhicules - côté,4,2,3,0,1,1,2,0,1,50,2,2,1,0,0,1,25.0,41.0,voiture,voiture,1,2,1,2,3
202300011672,2023-02-05 13:30:00,2023,2,5,13,30,13,13212,POILUS (AVENUE DES),43.31392389,5.46293117,Plein jour,En agglomération,Hors intersection,Normale,Autre collision,3,2,2,0,1,1,1,0,1,50,2,3,2,0,1,0,41.0,42.0,voiture,deux_roues,1,2,1,1,6
202300011673,2023-10-18 14:03:00,2023,10,18,14,3,19,19272,Chammard (Quai),45.26786606,1.77233827,Plein jour,En agglomération,Hors intersection,Pluie légère,Sans collision,3,1,2,0,1,3,2,0,1,30,1,1,0,0,0,1,16.0,,deux_roues,,1,2,1,2,7
202300011674,2023-02-05 11:50:00,2023,2,5,11,50,13,13208,ALAIN SAVARY (ROND-POINT),43.246161,5.39458622,Plein jour,En agglomération,Giratoire,Normale,Deux véhicules - côté,4,1,2,0,1,3,1,0,1,50,2,2,1,0,0,1,66.0,60.0,voiture,deux_roues,1,2,6,1,3
202300011675,2023-02-05 14:30:00,2023,2,5,14,30,07,07019,LAZUEL ( ROUTE DE ),44.62603,4.37883,Plein jour,En agglomération,Hors intersection,Normale,Autre collision,3,2,2,0,2,1,1,0,1,50,1,1,0,0,1,0,35.0,,deux_roues,,1,2,1,1,6
202300011676,2023-02-05 19:00:00,2023,2,5,19,0,06,06069,ROTHSCHILD (BOULEVARD ALICE DE),43.663709,6.927576,Nuit avec éclairage allumé,En agglomération,Intersection en Y,Pluie légère,Autre collision,3,2,2,0,2,2,2,0,1,50,1,2,1,0,0,1,24.0,,voiture,,5,2,4,2,6
202300011676,2023-02-05 19:00:00,2023,2,5,19,0,06,06069,ROTHSCHILD (BOULEVARD ALICE DE),43.663709,6.927576,Nuit avec éclairage allumé,En agglomération,Intersection en Y,Pluie légère,Autre collision,3,2,2,0,1,1,2,0,1,50,1,2,1,0,0,1,24.0,,voiture,,5,2,4,2,6
202300011677,2023-10-20 00:35:00,2023,10,20,0,35,13,13205,JEAN MOULIN (BOULEVARD),43.28678478,5.39988935,Nuit avec éclairage allumé,En agglomération,Autre intersection,Pluie légère,Autre collision,4,2,4,0,1,1,2,9,1,50,2,2,0,0,0,2,44.0,30.0,voiture,voiture,5,2,9,2,6
202300011678,2023-02-05 05:25:00,2023,2,5,5,25,01,01053,LECLERC (BVD  MARECHAL COTE PAIR),46.20656,5.21972,Nuit avec éclairage allumé,En agglomération,Hors intersection,Normale,Deux véhicules - frontale,4,2,3,0,1,1,1,0,1,50,2,2,1,1,0,0,23.0,40.0,voiture,deux_roues,5,2,1,1,1
202300011679,2023-02-03 22:20:00,2023,2,3,22,20,91,91687,GENERAL DE GAULLE (AVENUE DU),48.67953,2.38124,Nuit avec éclairage allumé,En agglomération,Hors intersection,Normale,Deux véhicules - côté,3,3,4,0,1,1,1,0,1,50,2,2,1,0,0,1,,17.0,autre,deux_roues,5,2,1,1,3
202300011680,2023-02-03 09:45:00,2023,2,3,9,45,13,13028,QUINET (RUE EDGARD),43.17514,5.61004,Plein jour,En agglomération,Hors intersection,Normale,Autre collision,4,-1,1,0,1,1,1,0,1,30,1,2,1,0,0,1,37.0,,utilitaire_camion,,1,2,1,1,6
202300011681,2023-10-19 23:30:00,2023,10,19,23,30,13,13205,VERDUN (RUE DE),43.2965,5.39758,Nuit avec éclairage allumé,En agglomération,Autre intersection,Pluie forte,Deux véhicules - frontale,4,1,1,0,1,1,2,0,1,50,1,3,2,0,1,0,19.0,,voiture,,5,2,9,3,1
202300011682,2023-02-04 16:15:00,2023,2,4,16,15,988,98818,RUE JULES FERRY/AVENUE JAMES COOK,-22.26752,166.43739,Plein jour,En agglomération,Intersection en X,Normale,Deux véhicules - côté,4,1,2,0,1,1,1,5,1,50,2,4,2,0,0,2,29.0,41.0,utilitaire_camion,utilitaire_camion,1,2,2,1,3
202300011682,2023-02-04 16:15:00,2023,2,4,16,15,988,98818,RUE JULES FERRY/AVENUE JAMES COOK,-22.26752,166.43739,Plein jour,En agglomération,Intersection en X,Normale,Deux véhicules - côté,4,1,2,0,1,1,1,5,1,50,2,4,2,0,0,2,29.0,41.0,utilitaire_camion,utilitaire_camion,1,2,2,1,3
202300011683,2023-02-04 13:00:00,2023,2,4,13,0,976,97611,convalescence/vetivers-Seize Villas ( ru,-12.77814,45.21931,Plein jour,En agglomération,Autre intersection,Pluie forte,Autre collision,4,2,2,0,1,1,2,9,1,45,1,2,1,0,0,1,50.0,,voiture,,1,2,9,3,6
202300011684,2023-10-19 11:30:00,2023,10,19,11,30,13,13209,RAYMOND TEISSERE (RUE),43.27342998,5.39885805,Plein jour,En agglomération,Hors intersection,Normale,Deux véhicules - frontale,4,1,2,0,1,1,1,8,1,50,1,1,0,0,1,0,39.0,,deux_roues,,1,2,1,1,1
202300011685,2023-02-04 07:20:00,2023,2,4,7,20,973,97309,TIGRE (ROUTE DU),4.91520569,-52.31077239,Plein jour,En agglomération,Intersection en T,Normale,Deux véhicules - côté,3,2,2,0,1,1,1,0,1,50,2,2,1,0,0,1,22.0,70.0,voiture,deux_roues,1,2,3,1,3
202300011685,2023-02-04 07:20:00,2023,2,4,7,20,973,97309,TIGRE (ROUTE DU),4.91520569,-52.31077239,Plein jour,En agglomération,Intersection en T,Normale,Deux véhicules - côté,3,2,2,0,1,1,1,0,1,50,2,2,1,0,0,1,22.0,70.0,voiture,deux_roues,1,2,3,1,3
202300011686,2023-10-18 20:00:00,2023,10,18,20,0,10,10343,DIJON (RUE DE),48.2674,4.089,Nuit avec éclairage allumé,En agglomération,Hors intersection,Pluie légère,Sans collision,4,2,2,0,1,1,2,0,1,50,1,2,0,0,0,2,24.0,,deux_roues,,5,2,1,2,7
202300011687,2023-02-04 12:30:00,2023,2,4,12,30,972,97209,CHATEAUBOEUF (ROUTE DE),14.61451,-61.05131,Plein jour,En agglomération,Intersection en T,Normale,Deux véhicules - côté,1,1,4,3,1,1,1,3,1,50,2,2,1,0,0,1,29.0,26.0,deux_roues,voiture,1,2,3,1,3
202300011687,2023-02-04 12:30:00,2023,2,4,12,30,972,97209,CHATEAUBOEUF (ROUTE DE),14.61451,-61.05131,Plein jour,En agglomération,Intersection en T,Normale,Deux véhicules - côté,1,2,2,0,1,1,1,3,1,50,2,2,1,0,0,1,29.0,26.0,deux_roues,voiture,1,2,3,1,3
202300011688,2023-10-17 17:40:00,2023,10,17,17,40,09,09122,ESPAGNE (ROUTE D'),42.94786,1.62633,Plein jour,En agglomération,Hors intersection,Normale,Autre collision,3,2,2,1,1,1,1,0,8,50,1,1,0,0,0,1,58.0,,voiture,,1,2,1,1,6
202300011689,2023-02-03 16:50:00,2023,2,3,16,50,2A,2A004,ROUTE DU STILETTO,41.94567,8.77024,Plein jour,En agglomération,Hors intersection,Normale,Deux véhicules - arrière,3,2,2,0,2,1,1,0,1,50,2,2,1,0,0,1,48.0,20.0,voiture,utilitaire_camion,1,2,1,1,2
202300011690,2023-10-19 17:20:00,2023,10,19,17,20,06,06069,Route de PLASCASSIER,43.652355,6.951565,Plein jour,Hors agglomération,Hors intersection,Pluie légère,Deux véhicules - côté,3,2,2,0,1,1,2,0,1,50,2,3,2,0,0,1,27.0,72.0,voiture,voiture,1,1,1,2,3
202300011691,2023-02-04 18:15:00,2023,2,4,18,15,81,81004,TEYSSIER (AV DU COLONEL),43.92492,2.15064,Crépuscule ou aube,En agglomération,Hors intersection,Normale,Deux véhicules - côté,4,2,3,0,1,1,1,0,1,50,2,2,1,0,0,1,76.0,29.0,deux_roues,voiture,2,2,1,1,3
202300011692,2023-10-16 10:05:00,2023,10,16,10,5,06,06069,PAGNOL (BOULEVARD MARCEL),43.645307,6.943649,Plein jour,En agglomération,Hors intersection,Normale,Trois véhicules et plus - en chaîne,4,2,2,0,1,1,1,0,1,50,3,3,2,0,0,1,30.0,41.0,voiture,utilitaire_camion,1,2,1,1,4
202300011693,2023-02-03 16:20:00,2023,2,3,16,20,74,74133,CHATELET (RUE DU),46.19054445,6.21144294,Plein jour,En agglomération,Intersection en T,Normale,Deux véhicules - côté,4,2,2,0,1,1,1,0,1,50,2,2,1,0,0,1,61.0,67.0,voiture,deux_roues,1,2,3,1,3
202300011693,2023-02-03 16:20:00,2023,2,3,16,20,74,74133,CHATELET (RUE DU),46.19054445,6.21144294,Plein jour,En agglomération,Intersection en T,Normale,Deux véhicules - côté,4,2,2,0,1,1,1,0,1,50,2,2,1,0,0,1,61.0,67.0,voiture,deux_roues,1,2,3,1,3
202300011694,2023-02-04 20:15:00,2023,2,4,20,15,71,71306,CLUNY (RUE DE),46.6738,4.37389,Nuit avec éclairage allumé,En agglomération,Intersection en X,Normale,Deux véhicules - frontale,4,2,3,-1,1,1,1,5,1,-1,2,6,3,0,0,3,20.0,26.0,voiture,voiture,5,2,2,1,1
202300011694,2023-02-04 20:15:00,2023,2,4,20,15,71,71306,CLUNY (RUE DE),46.6738,4.37389,Nuit avec éclairage allumé,En agglomération,Intersection en X,Normale,Deux véhicules - frontale,4,2,2,-1,1,1,1,5,1,50,2,6,3,0,0,3,20.0,26.0,voiture,voiture,5,2,2,1,1
202300011694,2023-02-04 20:15:00,2023,2,4,20,15,71,71306,CLUNY (RUE DE),46.6738,4.37389,Nuit avec éclairage allumé,En agglomération,Intersection en X,Normale,Deux véhicules - frontale,4,2,2,0,1,1,1,5,1,50,2,6,3,0,0,3,20.0,26.0,voiture,voiture,5,2,2,1,1
202300011695,2023-10-19 11:50:00,2023,10,19,11,50,04,04070,MARCOUX ( rte de ),44.10705,6.25766,Plein jour,Hors agglomération,Hors intersection,Normale,Deux véhicules - frontale,3,-1,2,0,1,3,1,0,1,90,2,2,0,1,0,1,68.0,59.0,voiture,voiture,1,1,1,1,1
202300011696,2023-02-03 17:55:00,2023,2,3,17,55,71,71486,8 MAI 1945 (RUE),46.64878,4.36598,Crépuscule ou aube,En agglomération,Intersection en T,Normale,Deux véhicules - côté,4,2, -1,-1,1,3,1,0,1,50,2,2,0,0,0,2,60.0,48.0,utilitaire_camion,voiture,2,2,3,1,3
202300011696,2023-02-03 17:55:00,2023,2,3,17,55,71,71486,8 MAI 1945 (RUE),46.64878,4.36598,Crépuscule ou aube,En agglomération,Intersection en T,Normale,Deux véhicules - côté,4,2,2,0,1,1,1,0,1,50,2,2,0,0,0,2,60.0,48.0,utilitaire_camion,voiture,2,2,3,1,3
202300011697,2023-10-19 17:47:00,2023,10,19,17,47,75,75120,BD PERIPHERIQUE INTERIEUR,48.871428,2.413002,Nuit avec éclairage allumé,En agglomération,Hors intersection,Pluie légère,Deux véhicules - côté,4,1,4,0,1,1,2,0,1,70,2,2,1,0,1,0,38.0,55.0,voiture,deux_roues,5,2,1,2,3
202300011698,2023-01-30 14:00:00,2023,1,30,14,0,69,69266,92 Cours André Philip,45.77235382,4.86639037,Plein jour,En agglomération,Giratoire,Temps couvert,Autre collision,4,2,2,0,1,1,1,0,1,50,2,2,1,0,0,1,37.0,26.0,utilitaire_camion,deux_roues,1,2,6,8,6
202300011699,2023-02-03 18:16:00,2023,2,3,18,16,68,68166,Rue d'Illzach,47.79055,7.34325,Nuit avec éclairage allumé,En agglomération,Hors intersection,Normale,Autre collision,4,2,0,0,1,1,1,0,1,30,1,2,1,0,1,0,55.0,,utilitaire_camion,,5,2,1,1,6
202300011700,2023-10-19 14:05:00,2023,10,19,14,5,75,75112,BD PERIPHERIQUE EXTERIEUR,48.828642,2.398889,Plein jour,En agglomération,Hors intersection,Normale,Trois véhicules et plus - collisions multiples,4,1,4,0,1,1,1,0,1,70,3,3,1,0,0,2,27.0,50.0,voiture,deux_roues,1,2,1,1,5
202300011701,2023-02-04 18:40:00,2023,2,4,18,40,65,65440,Rue Saint-jean,43.238439,0.081873,Plein jour,En agglomération,Intersection en X,Normale,Deux véhicules - arrière,3,2,2,0,1,1,1,0,1,50,2,3,2,0,0,1,50.0,,voiture,voiture,1,2,2,1,2
202300011701,2023-02-04 18:40:00,2023,2,4,18,40,65,65440,Rue Saint-jean,43.238439,0.081873,Plein jour,En agglomération,Intersection en X,Normale,Deux véhicules - arrière,3,2,2,0,1,1,1,0,1,50,2,3,2,0,0,1,50.0,,voiture,voiture,1,2,2,1,2
202300011702,2023-10-19 07:50:00,2023,10,19,7,50,75,75120,PORTE DE BAGNOLET,48.863502,2.413408,Nuit avec éclairage allumé,En agglomération,Hors intersection,Pluie légère,Deux véhicules - arrière,4,1,4,0,1,1,2,0,1,70,2,2,1,0,0,1,22.0,,deux_roues,utilitaire_camion,5,2,1,2,2
202300011703,2023-02-03 16:39:00,2023,2,3,16,39,65,65286,Boulevard de la Grotte,43.09945,-0.0455,Plein jour,En agglomération,Giratoire,Normale,Autre collision,4,2,2,0,1,3,1,0,1,50,1,3,2,0,1,0,40.0,,voiture,,1,2,6,1,6
202300011704,2023-02-04 12:30:00,2023,2,4,12,30,64,64445,20 rue monseigneur Campo,43.32076,-0.345,Plein jour,En agglomération,Autre intersection,Normale,Autre collision,4,2,2,0,1,1,1,9,1,50,1,2,1,0,0,1,44.0,,voiture,,1,2,9,1,6
202300011705,2023-02-04 21:30:00,2023,2,4,21,30,62,62826,Boulevard Daloz,50.51869,1.58587,Nuit avec éclairage allumé,En agglomération,Intersection en X,Normale,Deux véhicules - côté,4,2,2,0,1,1,1,0,1,50,2,7,5,0,2,0,35.0,20.0,deux_roues,voiture,5,2,2,1,3
202300011705,2023-02-04 21:30:00,2023,2,4,21,30,62,62826,Boulevard Daloz,50.51869,1.58587,Nuit avec éclairage allumé,En agglomération,Intersection en X,Normale,Deux véhicules - côté,4,1,1,0,1,1,1,0,1,50,2,7,5,0,2,0,35.0,20.0,deux_roues,voiture,5,2,2,1,3
202300011706,2023-10-18 07:45:00,2023,10,18,7,45,75,75120,PORTE DE VINCENNES,48.847428,2.41456,Crépuscule ou aube,En agglomération,Hors intersection,Pluie légère,Deux véhicules - côté,4,1,4,0,1,1,2,0,1,70,2,2,1,0,0,1,36.0,48.0,voiture,deux_roues,2,2,1,2,3
202300011707,2023-02-04 19:25:00,2023,2,4,19,25,59,59599,GAND (RUE DE),50.73695,3.16218,Nuit avec éclairage allumé,En agglomération,Intersection en X,Normale,Sans collision,4,2,2,0,1,1,1,0,1,50,2,2,1,0,0,1,24.0,51.0,deux_roues,voiture,5,2,2,1,7
202300011707,2023-02-04 19:25:00,2023,2,4,19,25,59,59599,GAND (RUE DE),50.73695,3.16218,Nuit avec éclairage allumé,En agglomération,Intersection en X,Normale,Sans collision,4,2,2,0,1,1,1,9,1,30,2,2,1,0,0,1,24.0,51.0,deux_roues,voiture,5,2,2,1,7
202300011708,2023-02-04 05:15:00,2023,2,4,5,15,59,59271,RD 601,51.02326988,2.30754465,Nuit sans éclairage public,Hors agglomération,Hors intersection,Temps couvert,Autre collision,3,3,4,0,1,1,2,0,3,70,1,2,0,1,1,0,20.0,,voiture,,3,1,1,8,6
202300011709,2023-10-19 15:05:00,2023,10,19,15,5,75,75117,BD PERIPHERIQUE INTERIEUR ,48.882612,2.283497,Plein jour,En agglomération,Hors intersection,Normale,Trois véhicules et plus - collisions multiples,4,1,4,0,1,3,1,0,1,70,4,5,2,0,0,3,34.0,43.0,voiture,deux_roues,1,2,1,1,5
202300011710,2023-02-04 22:10:00,2023,2,4,22,10,51,51454,rue Chanzy,49.252137,4.032208,Nuit avec éclairage allumé,En agglomération,Intersection en X,Normale,Deux véhicules - côté,4,2,2,3,1,1,1,-1,1,50,2,2,1,0,0,1,39.0,40.0,deux_roues,voiture,5,2,2,1,3
202300011710,2023-02-04 22:10:00,2023,2,4,22,10,51,51454,rue Chanzy,49.252137,4.032208,Nuit avec éclairage allumé,En agglomération,Intersection en X,Normale,Deux véhicules - côté,4,1,2,2,1,1,1,0,1,-1,2,2,1,0,0,1,39.0,40.0,deux_roues,voiture,5,2,2,1,3
202300011711,2023-10-17 09:00:00,2023,10,17,9,0,75,75116,RUE DE BOULAINVILLIERS,48.855157,2.275296,Plein jour,En agglomération,Intersection en T,Normale,Deux véhicules - côté,4,1,1,0,2,1,1,6,1,30,2,2,1,0,1,0,38.0,38.0,deux_roues,voiture,1,2,3,1,3
202300011711,2023-10-17 09:00:00,2023,10,17,9,0,75,75116,RUE DE BOULAINVILLIERS,48.855157,2.275296,Plein jour,En agglomération,Intersection en T,Normale,Deux véhicules - côté,4,1,1,0,1,1,9,6,1,30,2,2,1,0,1,0,38.0,38.0,deux_roues,voiture,1,2,3,1,3
202300011712,2023-01-30 16:40:00,2023,1,30,16,40,38,38179,RUE DU MOIRON,45.18518,5.79873,Plein jour,Hors agglomération,Autre intersection,Normale,Sans collision,4,-1,0,0,1,1,9,9,8,30,1,1,0,0,1,0,22.0,,autre,,1,1,9,1,7
202300011713,2023-02-04 19:15:00,2023,2,4,19,15,33,33063,Boulevard Alienor d'Aquitaine,44.87528,-0.56466,Nuit avec éclairage allumé,En agglomération,Hors intersection,Normale,Deux véhicules - arrière,4,3,4,0,1,1,1,0,1,70,2,5,4,0,0,1,61.0,21.0,voiture,voiture,5,2,1,1,2
202300011714,2023-10-19 10:30:00,2023,10,19,10,30,75,75119,RUE MANIN,48.8843315,2.39129609,Plein jour,En agglomération,Intersection en T,Normale,Autre collision,4,1, -1,-1,1,1,1,0,4,30,1,2,1,0,1,0,38.0,,voiture,,1,2,3,1,6
202300011714,2023-10-19 10:30:00,2023,10,19,10,30,75,75119,RUE MANIN,48.8843315,2.39129609,Plein jour,En agglomération,Intersection en T,Normale,Autre collision,4,2,2,0,1,1,1,1,4,30,1,2,1,0,1,0,38.0,,voiture,,1,2,3,1,6