accident_id,datetime,annee,mois,jour,heure,minute,departement,commune_insee,adresse,latitude,longitude,luminosite,agglomeration,intersection,meteo,collision,catr,circ,nbv,vosp,prof,plan,surf,infra,situ,vma,nb_vehicules,nb_usagers,nb_indemnes,nb_tues,nb_blesses_hosp,nb_blesses_legers,age_cond_1,age_cond_2,veh_type_cond_1,veh_type_cond_2,lum_code,agg_code,int_code,atm_code,col_code
202300011974,2023-07-08 03:15:00,2023,7,8,3,15,47,47001,GAMBETTA (COURS),44.20136,0.61206,Nuit avec éclairage allumé,En agglomération,Intersection en T,Normale,Deux véhicules - côté,3,2,4,0,1,1,2,0,1,50,2,2,1,0,0,1,36.0,36.0,voiture,voiture,5,2,3,1,3
202300011974,2023-07-08 03:15:00,2023,7,8,3,15,47,47001,GAMBETTA (COURS),44.20136,0.61206,Nuit avec éclairage allumé,En agglomération,Intersection en T,Normale,Deux véhicules - côté,3,1,1,2,2,1,2,0,1,30,2,2,1,0,0,1,36.0,36.0,voiture,voiture,5,2,3,1,3
202300011975,2023-08-16 15:30:00,2023,8,16,15,30,87,87012,rn 147 pk,46.076156,1.09638,Plein jour,Hors agglomération,Hors intersection,Normale,Deux véhicules - frontale,2,2,2,0,1,1,1,0,1,80,2,3,0,0,3,0,81.0,42.0,voiture,voiture,1,1,1,1,1
202300011976,2023-11-21 13:20:00,2023,11,21,13,20,65,65426,D14,43.217982,0.222602,Plein jour,Hors agglomération,Intersection en X,Pluie légère,Deux véhicules - côté,3,2,2,0,1,1,2,0,1,80,2,2,1,0,1,0,67.0,25.0,voiture,utilitaire_camion,1,1,2,2,3
202300011976,2023-11-21 13:20:00,2023,11,21,13,20,65,65426,D14,43.217982,0.222602,Plein jour,Hors agglomération,Intersection en X,Pluie légère,Deux véhicules - côté,3,2, -1,-1,2,1,2,0,1,80,2,2,1,0,1,0,67.0,25.0,voiture,utilitaire_camion,1,1,2,2,3
202300011977,2023-06-04 12:40:00,2023,6,4,12,40,81,81105,la Frégère,43.785461,2.035709,Plein jour,Hors agglomération,Hors intersection,Temps éblouissant,Deux véhicules - frontale,4,-1,2,0,2,2,1,0,1,50,2,3,0,0,1,2,59.0,17.0,voiture,deux_roues,1,1,1,7,1
202300011978,2023-07-08 13:20:00,2023,7,8,13,20,45,45068,3 Avenue du Général Leclerc,48.00666662,2.73939988,Plein jour,En agglomération,Hors intersection,Normale,Deux véhicules - arrière,4,2,3,0,1,1,1,0,1,50,2,3,2,0,0,1,31.0,67.0,voiture,voiture,1,2,1,1,2
202300011979,2023-11-21 08:10:00,2023,11,21,8,10,66,66141,Chemin de la Poudriere,42.731505,2.909548,Plein jour,En agglomération,Hors intersection,Normale,Autre collision,4,2,2,0,1,3,1,0,1,50,1,2,1,0,0,1,34.0,,voiture,,1,2,1,1,6
202300011980,2023-06-05 18:55:00,2023,6,5,18,55,87,87129,vc1,45.830186,1.423008,Plein jour,Hors agglomération,Hors intersection,Normale,Deux véhicules - frontale,4,2,2,0,2,3,1,0,1,80,2,2,1,0,1,0,16.0,18.0,deux_roues,utilitaire_camion,1,1,1,1,1
202300011981,2023-07-07 18:05:00,2023,7,7,18,5,44,44184,387 Route de la Côte d'Amour,47.25883,-2.27763,Plein jour,En agglomération,Hors intersection,Normale,Deux véhicules - frontale,4,3,2,1,1,1,1,0,1,50,2,2,1,1,0,0,41.0,22.0,voiture,deux_roues,1,2,1,1,1
202300011982,2023-09-16 14:31:00,2023,9,16,14,31,57,57235,D918,49.290255,6.482309,Plein jour,Hors agglomération,Intersection en T,Normale,Deux véhicules - frontale,3,2,2,0,1,1,1,5,1,80,2,2,1,0,1,0,45.0,19.0,deux_roues,voiture,1,1,3,1,1
202300011982,2023-09-16 14:31:00,2023,9,16,14,31,57,57235,D918,49.290255,6.482309,Plein jour,Hors agglomération,Intersection en T,Normale,Deux véhicules - frontale,3,2,2,0,1,1,1,5,1,80,2,2,1,0,1,0,45.0,19.0,deux_roues,voiture,1,1,3,1,1
202300011983,2023-06-04 11:10:00,2023,6,4,11,10,79,79184,,46.353496,-0.118484,Plein jour,Hors agglomération,Intersection en X,Temps éblouissant,Deux véhicules - côté,3,2,2,0,2,2,1,0,1,80,2,2,1,0,1,0,64.0,25.0,deux_roues,voiture,1,1,2,7,3
202300011983,2023-06-04 11:10:00,2023,6,4,11,10,79,79184,,46.353496,-0.118484,Plein jour,Hors agglomération,Intersection en X,Temps éblouissant,Deux véhicules - côté,3,2, -1,-1,4,1,1,0,1,-1,2,2,1,0,1,0,64.0,25.0,deux_roues,voiture,1,1,2,7,3
202300011984,2023-06-03 17:35:00,2023,6,3,17,35,17,17308,RD 123,45.859591,-0.977011,Plein jour,Hors agglomération,Hors intersection,Normale,Sans collision,3,2,2,0,1,1,1,0,3,90,1,1,0,0,1,0,78.0,,deux_roues,,1,1,1,1,7
202300011985,2023-11-22 19:40:00,2023,11,22,19,40,76,76655,Place de l'Hotel de Ville,49.868879,0.713167,Nuit avec éclairage allumé,En agglomération,Place,Normale,Deux véhicules - côté,6,-1, -1,0,1,1,1,0,1,50,2,2,1,0,0,1,31.0,31.0,deux_roues,voiture,5,2,7,1,3
202300011986,2023-08-15 18:50:00,2023,8,15,18,50,978,97801,RN7,18.086796,-63.066078,Crépuscule ou aube,En agglomération,Intersection en T,Normale,Deux véhicules - arrière,2,2,2,0,2,1,1,0,1,50,2,2,1,0,0,1,17.0,41.0,deux_roues,voiture,2,2,3,1,2
202300011986,2023-08-15 18:50:00,2023,8,15,18,50,978,97801,RN7,18.086796,-63.066078,Crépuscule ou aube,En agglomération,Intersection en T,Normale,Deux véhicules - arrière,2,2, -1,-1,1,1,1,0,1,-1,2,2,1,0,0,1,17.0,41.0,deux_roues,voiture,2,2,3,1,2
202300011987,2023-07-08 04:30:00,2023,7,8,4,30,44,44109,58bis Rue de Coulmiers,47.22371,-1.53813,Nuit avec éclairage allumé,En agglomération,Intersection en T,Normale,Deux véhicules - côté,4,2,0,0,2,1,1,0,1,30,2,4,2,0,0,2,20.0,54.0,voiture,voiture,5,2,3,1,3
202300011987,2023-07-08 04:30:00,2023,7,8,4,30,44,44109,58bis Rue de Coulmiers,47.22371,-1.53813,Nuit avec éclairage allumé,En agglomération,Intersection en T,Normale,Deux véhicules - côté,4,1,0,0,1,1,1,0,1,30,2,4,2,0,0,2,20.0,54.0,voiture,voiture,5,2,3,1,3
202300011988,2023-11-22 11:45:00,2023,11,22,11,45,80,80318,Rue Roger Godard,50.015075,2.080855,Plein jour,En agglomération,Hors intersection,Normale,Autre collision,3,2,2,0,1,1,1,0,1,50,1,2,1,0,1,0,29.0,,voiture,,1,2,1,1,6
202300011989,2023-07-08 18:44:00,2023,7,8,18,44,43,43002,Avenue de Bonneville,45.05071192,3.8825891,Plein jour,En agglomération,Hors intersection,Normale,Deux véhicules - côté,3,2,2,1,1,3,1,0,6,50,2,2,1,0,1,0,73.0,63.0,voiture,deux_roues,1,2,1,1,3
202300011990,2023-06-04 17:40:00,2023,6,4,17,40,33,33553,Rue de l'Ancienne Commanderie,45.02799,-0.441722,Plein jour,En agglomération,Hors intersection,Normale,Autre collision,4,2,2,0,1,1,1,0,1,50,1,1,0,1,0,0,42.0,,deux_roues,,1,2,1,1,6
202300011991,2023-05-23 12:40:00,2023,5,23,12,40,42,42218,Rue de Chavassieux,45.44405815,4.36975569,Plein jour,En agglomération,Hors intersection,Normale,Autre collision,4,2,2,0,2,3,1,0,1,50,1,2,1,0,0,1,67.0,,voiture,,1,2,1,1,6
202300011992,2023-11-23 18:55:00,2023,11,23,18,55,63,63227,,45.681194,3.216183,Nuit sans éclairage public,Hors agglomération,Hors intersection,Normale,Deux véhicules - frontale,3,2,2,0,1,2,1,0,1,90,2,2,1,0,1,0,37.0,20.0,voiture,deux_roues,3,1,1,1,1
202300011993,2023-08-16 04:45:00,2023,8,16,4,45,13,13044,D19,43.607486,5.056586,Nuit sans éclairage public,Hors agglomération,Hors intersection,Normale,Deux véhicules - frontale,3,2,2,0,1,1,1,0,1,70,2,2,1,0,0,1,48.0,47.0,voiture,utilitaire_camion,3,1,1,1,1
202300011994,2023-06-04 04:20:00,2023,6,4,4,20,33,33085,41 Route de la Lande,44.768469,-0.460023,Nuit sans éclairage public,Hors agglomération,Hors intersection,Normale,Autre collision,3,2,2,0,1,3,1,0,3,80,1,1,0,0,0,1,21.0,,voiture,,3,1,1,1,6
202300011995,2023-07-08 10:40:00,2023,7,8,10,40,41,41018,BROSSELETTE (AVENUE PIERRE),47.56926,1.33876,Plein jour,En agglomération,Intersection en X,Normale,Deux véhicules - frontale,4,2,2,0,1,2,1,0,1,50,2,2,1,0,1,0,19.0,77.0,deux_roues,voiture,1,2,2,1,1
202300011995,2023-07-08 10:40:00,2023,7,8,10,40,41,41018,BROSSELETTE (AVENUE PIERRE),47.56926,1.33876,Plein jour,En agglomération,Intersection en X,Normale,Deux véhicules - frontale,4,2,2,0,1,1,1,0,1,50,2,2,1,0,1,0,19.0,77.0,deux_roues,voiture,1,2,2,1,1
202300011996,2023-11-23 07:00:00,2023,11,23,7,0,61,61167,D12 PR12+940,48.841926,0.50845,Nuit avec éclairage allumé,En agglomération,Hors intersection,Pluie légère,Autre collision,3,2,2,0,1,1,2,0,1,50,2,2,1,0,1,0,41.0,47.0,utilitaire_camion,utilitaire_camion,5,2,1,2,6
202300011997,2023-05-26 21:25:00,2023,5,26,21,25,33,33233,la Maillerie,45.108324,-0.359675,Plein jour,Hors agglomération,Hors intersection,Normale,Sans collision,4,2,2,0,1,1,1,0,1,80,1,1,0,0,1,0,33.0,,voiture,,1,1,1,1,7
202300011998,2023-07-07 18:50:00,2023,7,7,18,50,41,41018,GAMBETTA (AVENUE),47.584,1.322,Plein jour,En agglomération,Autre intersection,Normale,Autre collision,4,2,3,1,1,1,1,0,1,50,1,2,1,0,0,1,95.0,,voiture,,1,2,9,1,6
202300011999,2023-07-08 15:10:00,2023,7,8,15,10,38,38185,Allée des Deux Mondes,45.16727,5.72673,Plein jour,En agglomération,Intersection en X,Normale,Deux véhicules - côté,7,-1,2,0,1,1,1,0,1,50,2,3,1,0,0,2,31.0,32.0,voiture,voiture,1,2,2,1,3
202300011999,2023-07-08 15:10:00,2023,7,8,15,10,38,38185,Allée des Deux Mondes,45.16727,5.72673,Plein jour,En agglomération,Intersection en X,Normale,Deux véhicules - côté,7,2, -1,-1,1,1,1,5,1,-1,2,3,1,0,0,2,31.0,32.0,voiture,voiture,1,2,2,1,3
202300012000,2023-11-23 08:00:00,2023,11,23,8,0,61,61457,D12 PR 3+679,48.790619,0.596791,Plein jour,Hors agglomération,Intersection en X,Pluie légère,Deux véhicules - côté,3,2,4,0,2,1,2,0,1,70,2,6,0,0,4,2,42.0,24.0,voiture,utilitaire_camion,1,1,2,2,3
202300012000,2023-11-23 08:00:00,2023,11,23,8,0,61,61457,D12 PR 3+679,48.790619,0.596791,Plein jour,Hors agglomération,Intersection en X,Pluie légère,Deux véhicules - côté,3,2,2,0,1,1,2,0,1,70,2,6,0,0,4,2,42.0,24.0,voiture,utilitaire_camion,1,1,2,2,3
202300012001,2023-07-08 22:30:00,2023,7,8,22,30,35,35238,PAYS-BAS (AVENUE DES),48.08347,-1.66092,Nuit avec éclairage allumé,En agglomération,Intersection en T,Normale,Autre collision,4,2,2,1,1,1,1,5,8,50,1,1,0,0,0,1,64.0,,voiture,,5,2,3,1,6
202300012001,2023-07-08 22:30:00,2023,7,8,22,30,35,35238,PAYS-BAS (AVENUE DES),48.08347,-1.66092,Nuit avec éclairage allumé,En agglomération,Intersection en T,Normale,Autre collision,4,3,2,2,1,1,1,5,8,50,1,1,0,0,0,1,64.0,,voiture,,5,2,3,1,6
202300012002,2023-08-16 05:30:00,2023,8,16,5,30,30,30344,A9,43.75116,4.217382,Crépuscule ou aube,Hors agglomération,Hors intersection,Normale,Trois véhicules et plus - collisions multiples,1,1,3,0,1,1,1,0,1,130,4,5,4,0,1,0,49.0,70.0,utilitaire_camion,deux_roues,2,1,1,1,5
202300012003,2023-06-04 16:15:00,2023,6,4,16,15,61,61433,D2,48.499033,-0.026865,Plein jour,Hors agglomération,Hors intersection,Normale,Deux véhicules - côté,3,2,2,0,1,1,1,0,1,90,2,2,1,0,0,1,72.0,67.0,voiture,voiture,1,1,1,1,3
202300012004,2023-11-23 12:10:00,2023,11,23,12,10,22,22029,Canac'h Bernard,48.344898,-3.08343,Plein jour,Hors agglomération,Hors intersection,Temps couvert,Deux véhicules - côté,3,2,2,0,2,3,2,0,1,80,2,2,1,0,1,0,30.0,46.0,voiture,utilitaire_camion,1,1,1,8,3
202300012005,2023-06-04 16:40:00,2023,6,4,16,40,56,56176,lieu dit kerispert,47.64041,-2.958916,Plein jour,Hors agglomération,Hors intersection,Normale,Deux véhicules - côté,3,2,2,0,1,3,1,0,1,80,2,2,1,0,1,0,24.0,53.0,voiture,deux_roues,1,1,1,1,3
202300012006,2023-08-15 15:30:00,2023,8,15,15,30,971,97116,Boulevard Toussaint Louverture,16.355556,-61.455953,Plein jour,Hors agglomération,Hors intersection,Normale,Deux véhicules - frontale,2,2,2,0,2,2,1,0,1,80,2,2,1,0,1,0,30.0,26.0,deux_roues,voiture,1,1,1,1,1
202300012007,2023-11-22 17:00:00,2023,11,22,17,0,22,22251,Rue Alexandre Ruellan,48.572651,-2.819184,Crépuscule ou aube,En agglomération,Hors intersection,Temps éblouissant,Autre collision,4,2,2,0,1,1,1,0,1,50,1,2,1,0,1,0,47.0,,voiture,,2,2,1,7,6
202300012008,2023-06-04 12:15:00,2023,6,4,12,15,29,29066,D56,48.063949,-4.201162,Plein jour,Hors agglomération,Hors intersection,Temps éblouissant,Deux véhicules - frontale,3,2,2,0,2,1,1,0,1,70,2,2,1,0,0,1,20.0,71.0,deux_roues,voiture,1,1,1,7,1
202300012009,2023-11-22 17:45:00,2023,11,22,17,45,29,29004,coator,47.939803,-3.671231,Crépuscule ou aube,Hors agglomération,Hors intersection,Temps couvert,Autre collision,4,2,2,0,1,1,2,0,1,80,1,2,1,0,1,0,53.0,,utilitaire_camion,,2,1,1,8,6
202300012010,2023-07-08 10:20:00,2023,7,8,10,20,35,35238,RN136,48.1069894,-1.7172119,Plein jour,En agglomération,Hors intersection,Normale,Trois véhicules et plus - en chaîne,2,3,4,0,1,1,1,0,1,90,4,13,12,0,0,1,32.0,32.0,utilitaire_camion,voiture,1,2,1,1,4
202300012011,2023-06-02 14:57:00,2023,6,2,14,57,22,22259,Zone Commerciale Les 4 Routes,48.447269,-2.075939,Plein jour,En agglomération,Hors intersection,Temps éblouissant,Autre collision,6,-1, -1,0,1,1,1,9,1,50,1,2,1,0,1,0,67.0,,voiture,,1,2,1,7,6
202300012012,2023-08-15 08:40:00,2023,8,15,8,40,971,97107,RN 1 - Boulevard de Bananier,16.001505,-61.600672,Plein jour,En agglomération,Intersection en T,Temps couvert,Autre collision,2,2,2,0,1,1,1,0,3,50,1,2,1,0,0,1,20.0,,voiture,,1,2,3,8,6
202300012012,2023-08-15 08:40:00,2023,8,15,8,40,971,97107,RN 1 - Boulevard de Bananier,16.001505,-61.600672,Plein jour,En agglomération,Intersection en T,Temps couvert,Autre collision,2,2, -1,-1,1,1,1,0,3,-1,1,2,1,0,0,1,20.0,,voiture,,1,2,3,8,6
202300012013,2023-11-22 09:15:00,2023,11,22,9,15,29,29105,Moulin aux Prêtres,48.51581803,-4.05374394,Plein jour,En agglomération,Giratoire,Normale,Deux véhicules - côté,3,1,2,0,1,1,1,5,1,50,2,2,1,0,0,1,76.0,63.0,voiture,deux_roues,1,2,6,1,3
202300012013,2023-11-22 09:15:00,2023,11,22,9,15,29,29105,Moulin aux Prêtres,48.51581803,-4.05374394,Plein jour,En agglomération,Giratoire,Normale,Deux véhicules - côté,3,1,2,0,1,1,1,5,8,-1,2,2,1,0,0,1,76.0,63.0,voiture,deux_roues,1,2,6,1,3
202300012014,2023-07-08 09:45:00,2023,7,8,9,45,34,34172,Passage Soixante Quinze,43.599849,3.866673,Plein jour,En agglomération,Hors intersection,Normale,Deux véhicules - côté,4,2,2,0,1,1,1,0,1,30,2,2,1,0,0,1,36.0,57.0,deux_roues,voiture,1,2,1,1,3
202300012015,2023-06-03 15:30:00,2023,6,3,15,30,22,22178,D2.7,48.688588,-3.023118,Plein jour,Hors agglomération,Intersection en T,Normale,Deux véhicules - frontale,3,2,2,0,1,2,1,0,1,80,2,3,0,1,0,2,71.0,33.0,voiture,deux_roues,1,1,3,1,1
202300012015,2023-06-03 15:30:00,2023,6,3,15,30,22,22178,D2.7,48.688588,-3.023118,Plein jour,Hors agglomération,Intersection en T,Normale,Deux véhicules - frontale,3,2,2,0,1,1,1,0,1,80,2,3,0,1,0,2,71.0,33.0,voiture,deux_roues,1,1,3,1,1
202300012016,2023-08-16 10:30:00,2023,8,16,10,30,2B,2B332,T30,42.609209,9.139885,Plein jour,Hors agglomération,Hors intersection,Normale,Deux véhicules - frontale,2,2,2,0,1,1,1,0,1,80,2,3,0,1,1,1,34.0,41.0,voiture,utilitaire_camion,1,1,1,1,1
202300012017,2023-04-15 16:45:00,2023,4,15,16,45,84,84133,Route de Mirabeau,43.726413,5.558524,Plein jour,Hors agglomération,Hors intersection,Normale,Deux véhicules - côté,3,2,2,0,2,2,1,0,1,80,2,2,0,0,0,2,36.0,67.0,voiture,voiture,1,1,1,1,3
202300012018,2023-07-08 14:40:00,2023,7,8,14,40,33,33039,Avenue Lucien Lerousseau,44.80777,-0.55651,Plein jour,En agglomération,Intersection en X,Normale,Deux véhicules - côté,4,1,2,0,1,1,1,0,1,50,2,2,1,0,0,1,30.0,63.0,deux_roues,voiture,1,2,2,1,3
202300012018,2023-07-08 14:40:00,2023,7,8,14,40,33,33039,Avenue Lucien Lerousseau,44.80777,-0.55651,Plein jour,En agglomération,Intersection en X,Normale,Deux véhicules - côté,4,2, -1,0,1,1,1,0,1,30,2,2,1,0,0,1,30.0,63.0,deux_roues,voiture,1,2,2,1,3
202300012019,2023-08-16 08:30:00,2023,8,16,8,30,2B,2B169,T30,42.462252,9.2062,Plein jour,En agglomération,Hors intersection,Normale,Deux véhicules - arrière,2,2,2,0,1,2,1,0,4,50,1,2,1,0,0,1,51.0,,voiture,,1,2,1,1,2
202300012020,2023-11-22 07:00:00,2023,11,22,7,0,72,72115,zone artisanale epinettes loir,47.679677,0.470256,Crépuscule ou aube,Hors agglomération,Hors intersection,Normale,Deux véhicules - côté,3,2,2,0,1,1,2,0,1,90,2,2,0,0,1,1,35.0,33.0,voiture,voiture,2,1,1,1,3
202300012021,2023-06-03 18:55:00,2023,6,3,18,55,22,22210,Route de Ploubazlanec,48.791493,-3.045992,Plein jour,Hors agglomération,Intersection en T,Temps éblouissant,Deux véhicules - arrière,3,2,2,0,4,1,1,0,1,70,2,3,1,0,1,1,25.0,76.0,deux_roues,voiture,1,1,3,7,2
202300012021,2023-06-03 18:55:00,2023,6,3,18,55,22,22210,Route de Ploubazlanec,48.791493,-3.045992,Plein jour,Hors agglomération,Intersection en T,Temps éblouissant,Deux véhicules - arrière,3,1, -1,-1,1,1,1,0,1,-1,2,3,1,0,1,1,25.0,76.0,deux_roues,voiture,1,1,3,7,2
202300012022,2023-07-08 11:20:00,2023,7,8,11,20,29,29039,64 Avenue de la Gare,47.877173,-3.919388,Plein jour,En agglomération,Hors intersection,Normale,Deux véhicules - côté,4,2,2,2,2,1,1,0,1,50,2,4,3,0,1,0,39.0,53.0,voiture,deux_roues,1,2,1,1,3
202300012023,2023-08-15 17:40:00,2023,8,15,17,40,2B,2B182,RT30 - San Vincensu,42.638347,8.982707,Plein jour,Hors agglomération,Hors intersection,Normale,Deux véhicules - côté,2,2,2,0,1,1,1,0,1,80,2,2,1,0,1,0,41.0,40.0,deux_roues,voiture,1,1,1,1,3
202300012024,2023-11-22 14:45:00,2023,11,22,14,45,72,72346,13 place du Marché,47.889395,0.027297,Plein jour,En agglomération,Hors intersection,Normale,Autre collision,3,2,2,0,1,2,1,6,1,-1,1,2,1,0,1,0,73.0,,utilitaire_camion,,1,2,1,1,6
202300012025,2023-07-08 05:25:00,2023,7,8,5,25,25,25056,FRANCK RUE ANNE,47.25459,6.04718,Crépuscule ou aube,En agglomération,Hors intersection,Normale,Autre collision,4,2,1,0,1,1,1,0,1,50,1,1,0,0,0,1,21.0,,voiture,,2,2,1,1,6
202300012026,2023-06-02 10:00:00,2023,6,2,10,0,62,62366,Rue du Calvaire,50.40908755,2.5688653,Plein jour,Hors agglomération,Hors intersection,Normale,Deux véhicules - frontale,4,2,2,0,1,3,1,0,1,80,2,2,1,0,1,0,35.0,42.0,voiture,deux_roues,1,1,1,1,1
202300012027,2023-05-31 02:40:00,2023,5,31,2,40,62,62867,A16,50.785644,1.666778,Nuit sans éclairage public,Hors agglomération,Hors intersection,Normale,Autre collision,1,3,2,0,1,1,1,0,1,130,1,1,0,0,1,0,30.0,,voiture,,3,1,1,1,6
202300012028,2023-08-16 19:30:00,2023,8,16,19,30,34,34033,D34,43.746599,4.091549,Plein jour,Hors agglomération,Hors intersection,Normale,Deux véhicules - frontale,3,2,2,0,1,3,1,0,1,80,2,2,1,1,0,0,48.0,20.0,utilitaire_camion,voiture,1,1,1,1,1
202300012029,2023-07-08 10:00:00,2023,7,8,10,0,13,13117,CRAPONNE ( RUE ADAM DE ),43.43886,5.26139,Plein jour,En agglomération,Intersection en T,Normale,Autre collision,4,-1,2,0,2,1,1,0,8,50,1,2,1,0,0,1,19.0,,voiture,,1,2,3,1,6
202300012029,2023-07-08 10:00:00,2023,7,8,10,0,13,13117,CRAPONNE ( RUE ADAM DE ),43.43886,5.26139,Plein jour,En agglomération,Intersection en T,Normale,Autre collision,4,2,2,0,1,3,1,9,1,50,1,2,1,0,0,1,19.0,,voiture,,1,2,3,1,6
202300012030,2023-11-22 17:55:00,2023,11,22,17,55,18,18054,,46.883794,2.766066,Crépuscule ou aube,Hors agglomération,Hors intersection,Normale,Trois véhicules et plus - en chaîne,3,2,2,0,2,1,1,0,1,90,5,6,5,0,0,1,21.0,51.0,utilitaire_camion,utilitaire_camion,2,1,1,1,4
202300012031,2023-06-04 07:10:00,2023,6,4,7,10,59,59563,N2,50.1687,3.95349,Plein jour,Hors agglomération,Hors intersection,Normale,Deux véhicules - arrière,2,2,2,0,2,1,1,0,3,80,2,2,1,0,1,0,58.0,24.0,deux_roues,voiture,1,1,1,1,2
202300012032,2023-08-12 16:00:00,2023,8,12,16,0,83,83071,D559 A,43.128536,6.21279,Plein jour,Hors agglomération,Intersection en T,Normale,Deux véhicules - côté,3,2,2,0,1,1,1,0,1,80,2,2,1,0,1,0,31.0,75.0,deux_roues,voiture,1,1,3,1,3
202300012032,2023-08-12 16:00:00,2023,8,12,16,0,83,83071,D559 A,43.128536,6.21279,Plein jour,Hors agglomération,Intersection en T,Normale,Deux véhicules - côté,3,2, -1,-1,1,1,1,0,1,-1,2,2,1,0,1,0,31.0,75.0,deux_roues,voiture,1,1,3,1,3
202300012033,2023-06-04 20:20:00,2023,6,4,20,20,13,13071,A7-Sens Marseille vers Lyon,43.40428488,5.31541488,Crépuscule ou aube,Hors agglomération,Hors intersection,Pluie forte,Deux véhicules - arrière,1,1,2,0,1,1,2,0,3,110,1,3,2,0,0,1,76.0,,voiture,,2,1,1,3,2
202300012034,2023-07-08 10:50:00,2023,7,8,10,50,13,13103,RTE DE PELISSANNE-RD 572,43.62914023,5.12994491,Plein jour,Hors agglomération,Hors intersection,Normale,Deux véhicules - arrière,3,2,2,0,1,1,1,0,1,80,2,5,4,0,1,0,35.0,57.0,deux_roues,voiture,1,1,1,1,2
202300012035,2023-11-22 23:10:00,2023,11,22,23,10,43,43018,D589,45.00535,3.766336,Nuit sans éclairage public,Hors agglomération,Hors intersection,Normale,Autre collision,3,2,2,0,1,3,1,0,1,90,1,4,0,0,4,0,22.0,,voiture,,3,1,1,1,6
202300012036,2023-06-04 13:38:00,2023,6,4,13,38,92,92002,A10,48.73209658,2.31101274,Plein jour,Hors agglomération,Hors intersection,Normale,Deux véhicules - arrière,1,3,3,0,1,1,1,0,1,90,2,2,1,0,0,1,53.0,22.0,voiture,voiture,1,1,1,1,2
202300012037,2023-07-08 01:20:00,2023,7,8,1,20,13,13210,SAINT JEAN (BOULEVARD),43.27998058,5.40960108,Nuit avec éclairage non allumé,En agglomération,Hors intersection,Normale,Deux véhicules - côté,4,2,3,0,1,1,1,5,1,50,2,3,2,0,0,1,67.0,24.0,voiture,voiture,4,2,1,1,3
202300012038,2023-11-22 09:30:00,2023,11,22,9,30,21,21416,19 Grande Rue,47.399166,5.317254,Plein jour,En agglomération,Intersection en X,Normale,Autre collision,4,1,1,0,1,2,1,0,1,50,1,2,1,0,1,0,82.0,,voiture,,1,2,2,1,6
202300012038,2023-11-22 09:30:00,2023,11,22,9,30,21,21416,19 Grande Rue,47.399166,5.317254,Plein jour,En agglomération,Intersection en X,Normale,Autre collision,4,1, -1,-1,1,1,1,0,1,-1,1,2,1,0,1,0,82.0,,voiture,,1,2,2,1,6
202300012039,2023-06-04 06:17:00,2023,6,4,6,17,91,91645,RN 385,48.75992,2.25677,Plein jour,Hors agglomération,Hors intersection,Normale,Sans collision,2,1,2,0,1,1,1,0,1,90,1,1,0,0,0,1,23.0,,voiture,,1,1,1,1,7
202300012040,2023-08-16 04:05:00,2023,8,16,4,5,83,83101,Route des Plages Rd93,43.247438,6.647726,Nuit sans éclairage public,Hors agglomération,Hors intersection,Normale,Deux véhicules - côté,3,2,2,2,1,1,1,0,1,70,2,4,3,0,1,0,20.0,23.0,voiture,voiture,3,1,1,1,3
202300012041,2023-07-08 17:27:00,2023,7,8,17,27,10,10357,GENERAL DE GAULLE (RUE DU),48.2987,4.115,Plein jour,En agglomération,Hors intersection,Temps éblouissant,Deux véhicules - frontale,4,2,2,0,1,1,1,0,1,50,2,2,1,0,0,1,64.0,66.0,deux_roues,voiture,1,2,1,7,1
202300012042,2023-11-22 19:30:00,2023,11,22,19,30,04,04094,D4,43.800023,5.832775,Nuit sans éclairage public,Hors agglomération,Hors intersection,Normale,Deux véhicules - frontale,3,2,2,0,1,1,1,0,1,80,2,2,1,0,0,1,66.0,56.0,voiture,voiture,3,1,1,1,1
202300012043,2023-07-03 08:12:00,2023,7,3,8,12,05,05061,PROVENCE (AVENUE DE),44.54276221,6.05954736,Plein jour,En agglomération,Hors intersection,Normale,Deux véhicules - frontale,4,2,2,1,2,1,1,0,5,30,2,2,0,0,0,2,76.0,55.0,deux_roues,deux_roues,1,2,1,1,1
202300012044,2023-08-16 06:45:00,2023,8,16,6,45,68,68352,Voie Romaine,48.014401,7.537994,Plein jour,En agglomération,Hors intersection,Normale,Deux véhicules - côté,3,2,2,2,1,1,1,0,1,30,2,2,1,0,0,1,59.0,63.0,voiture,deux_roues,1,2,1,1,3
202300012045,2023-11-22 17:45:00,2023,11,22,17,45,27,27198,RD 140,48.880652,1.057901,Nuit sans éclairage public,Hors agglomération,Autre intersection,Normale,Deux véhicules - arrière,3,2,2,0,1,1,1,0,1,80,2,2,1,1,0,0,32.0,16.0,voiture,deux_roues,3,1,9,1,2
202300012046,2023-07-07 15:00:00,2023,7,7,15,0,04,04112,DEPARTEMENTALE 4096,43.83791,5.80485,Plein jour,En agglomération,Hors intersection,Normale,Sans collision,3,2,3,0,1,1,1,0,1,50,1,1,0,0,0,1,61.0,,deux_roues,,1,2,1,1,7
202300012047,2023-06-04 12:01:00,2023,6,4,12,1,78,78455,A13,48.858979,2.050774,Plein jour,Hors agglomération,Hors intersection,Normale,Trois véhicules et plus - collisions multiples,1,-1,2,0,1,1,1,0,1,110,7,11,9,0,0,2,31.0,40.0,voiture,voiture,1,1,1,1,5