accident_id,datetime,annee,mois,jour,heure,minute,departement,commune_insee,adresse,latitude,longitude,luminosite,agglomeration,intersection,meteo,collision,catr,circ,nbv,vosp,prof,plan,surf,infra,situ,vma,nb_vehicules,nb_usagers,nb_indemnes,nb_tues,nb_blesses_hosp,nb_blesses_legers,age_cond_1,age_cond_2,veh_type_cond_1,veh_type_cond_2,lum_code,agg_code,int_code,atm_code,col_code
202300012048,2023-08-16 07:54:00,2023,8,16,7,54,54,54303,D590,48.53950443,6.57824635,Plein jour,Hors agglomération,Giratoire,Brouillard / fumée,Deux véhicules - arrière,3,2,2,0,1,2,1,0,1,70,2,2,1,0,1,0,19.0,37.0,voiture,deux_roues,1,1,6,5,2
202300012049,2023-11-23 13:50:00,2023,11,23,13,50,28,28280,Rue de la Fuye,48.324007,0.812141,Plein jour,En agglomération,Intersection à plus de 4 branches,Normale,Deux véhicules - côté,3,2,2,0,1,1,1,0,1,50,2,2,1,0,0,1,60.0,52.0,voiture,deux_roues,1,2,5,1,3
202300012049,2023-11-23 13:50:00,2023,11,23,13,50,28,28280,Rue de la Fuye,48.324007,0.812141,Plein jour,En agglomération,Intersection à plus de 4 branches,Normale,Deux véhicules - côté,3,2, -1,-1,1,1,1,0,1,-1,2,2,1,0,0,1,60.0,52.0,voiture,deux_roues,1,2,5,1,3
202300012050,2023-07-08 13:45:00,2023,7,8,13,45,75,75118,AVENUE DE LA PORTE DE SAINT OUEN,48.900468,2.330182,Plein jour,En agglomération,Hors intersection,Normale,Deux véhicules - côté,4,-1,2,0,1,1,1,0,1,30,2,2,1,0,0,1,49.0,30.0,utilitaire_camion,voiture,1,2,1,1,3
202300012051,2023-07-08 08:45:00,2023,7,8,8,45,75,75117,AVENUE DE LA GRANDE ARMEE,48.877099,2.285174,Plein jour,En agglomération,Hors intersection,Normale,Sans collision,4,2,8,0,1,1,1,0,1,50,1,1,0,0,0,1,25.0,,deux_roues,,1,2,1,1,7
202300012052,2023-06-04 20:00:00,2023,6,4,20,0,92,92078,AUTOROUTE A86,48.93020885,2.32579343,Plein jour,Hors agglomération,Hors intersection,Normale,Trois véhicules et plus - en chaîne,1,1,6,0,2,3,1,0,1,70,3,3,2,0,0,1,,27.0,autre,voiture,1,1,1,1,4
202300012053,2023-08-15 18:07:00,2023,8,15,18,7,54,54176,Chemin de Rémonville,48.63981424,6.46867275,Plein jour,Hors agglomération,Hors intersection,Normale,Deux véhicules - frontale,4,2,1,0,1,1,1,0,1,50,2,2,1,0,1,0,19.0,34.0,deux_roues,voiture,1,1,1,1,1
202300012054,2023-11-08 17:15:00,2023,11,8,17,15,06,06152,ROND POINT DES BOUILLIDES,43.616604,7.038136,Nuit avec éclairage allumé,Hors agglomération,Giratoire,Normale,Deux véhicules - arrière,3,3,4,0,1,2,1,0,1,70,2,2,1,0,1,0,43.0,57.0,deux_roues,voiture,5,1,6,1,2
202300012055,2023-08-14 17:50:00,2023,8,14,17,50,73,73114,D909,45.839874,6.507079,Plein jour,Hors agglomération,Hors intersection,Normale,Sans collision,3,2,2,0,2,2,1,0,8,80,1,1,0,0,1,0,55.0,,deux_roues,,1,1,1,1,7
202300012056,2023-07-08 15:00:00,2023,7,8,15,0,75,75116,PLACE DE LA PORTE DE PASSY,48.857358,2.264689,Plein jour,En agglomération,Intersection en X,Normale,Deux véhicules - côté,4,2, -1,-1,1,1,1,0,1,-1,2,2,1,0,0,1,27.0,76.0,voiture,voiture,1,2,2,1,3
202300012056,2023-07-08 15:00:00,2023,7,8,15,0,75,75116,PLACE DE LA PORTE DE PASSY,48.857358,2.264689,Plein jour,En agglomération,Intersection en X,Normale,Deux véhicules - côté,4,4, -1,0,1,1,1,0,1,30,2,2,1,0,0,1,27.0,76.0,voiture,voiture,1,2,2,1,3
202300012057,2023-11-21 19:55:00,2023,11,21,19,55,33,33527,A660 PK017+800,44.61398486,-1.04812682,Nuit sans éclairage public,Hors agglomération,Hors intersection,Normale,Deux véhicules - arrière,1,3,4,0,1,1,1,0,2,130,2,2,1,0,0,1,35.0,24.0,voiture,utilitaire_camion,3,1,1,1,2
202300012058,2023-06-04 19:00:00,2023,6,4,19,0,94,94073,A86,48.77093879,2.38756083,Plein jour,Hors agglomération,Hors intersection,Normale,Trois véhicules et plus - collisions multiples,1,-1,3,0,1,1,1,1,1,90,4,4,3,0,0,1,30.0,28.0,voiture,voiture,1,1,1,1,5
202300012059,2023-08-11 16:29:00,2023,8,11,16,29,01,01160,Route de Meyrin,46.2447,6.093695,Plein jour,En agglomération,Hors intersection,Normale,Deux véhicules - arrière,4,2,2,0,1,1,1,0,1,50,2,2,1,0,1,0,86.0,36.0,voiture,voiture,1,2,1,1,2
202300012060,2023-07-08 08:10:00,2023,7,8,8,10,75,75116,RUE JEAN DE LA FONTAINE,48.8487678,2.265691,Plein jour,En agglomération,Intersection en T,Normale,Autre collision,4,1, -1,0,1,1,1,0,1,-1,1,1,0,0,0,1,26.0,,voiture,,1,2,3,1,6
202300012060,2023-07-08 08:10:00,2023,7,8,8,10,75,75116,RUE JEAN DE LA FONTAINE,48.8487678,2.265691,Plein jour,En agglomération,Intersection en T,Normale,Autre collision,4,1,1,0,1,1,1,0,1,30,1,1,0,0,0,1,26.0,,voiture,,1,2,3,1,6
202300012061,2023-11-23 11:22:00,2023,11,23,11,22,69,69019,Autoroute 6,46.10146995,4.75160136,Plein jour,Hors agglomération,Hors intersection,Normale,Deux véhicules - arrière,1,3,6,0,1,1,1,0,1,130,2,3,2,0,1,0,27.0,48.0,voiture,voiture,1,1,1,1,2
202300012062,2023-06-03 15:10:00,2023,6,3,15,10,94,94018,A4,48.82535841,2.39214184,Plein jour,Hors agglomération,Hors intersection,Normale,Deux véhicules - arrière,1,3,5,0,1,1,1,0,1,90,2,2,1,0,0,1,48.0,22.0,voiture,deux_roues,1,1,1,1,2
202300012063,2023-07-08 20:38:00,2023,7,8,20,38,75,75113,QUAI D AUSTERLITZ,48.843076,2.366609,Plein jour,En agglomération,Hors intersection,Normale,Autre collision,4,1,2,0,1,1,1,0,1,30,1,2,1,0,0,1,43.0,,deux_roues,,1,2,1,1,6
202300012064,2023-08-16 11:50:00,2023,8,16,11,50,60,60695,1 Rue de la Duchesse de Chartres,49.199949,2.491441,Plein jour,En agglomération,Hors intersection,Normale,Sans collision,4,-1,2,0,1,1,1,0,1,50,1,1,0,0,0,1,49.0,,deux_roues,,1,2,1,1,7
202300012065,2023-11-22 17:20:00,2023,11,22,17,20,973,97305,877 Route Nationale 1,4.959644,-52.431689,Plein jour,Hors agglomération,Hors intersection,Normale,Deux véhicules - côté,2,2,2,0,1,1,1,0,1,80,2,2,1,0,1,0,71.0,53.0,voiture,deux_roues,1,1,1,1,3
202300012066,2023-07-08 17:00:00,2023,7,8,17,0,75,75113,QUAI D AUSTERLITZ,48.838179,2.372994,Plein jour,En agglomération,Intersection en T,Normale,Deux véhicules - côté,4,2, -1,1,1,1,1,0,5,-1,2,2,1,0,0,1,51.0,21.0,voiture,deux_roues,1,2,3,1,3
202300012066,2023-07-08 17:00:00,2023,7,8,17,0,75,75113,QUAI D AUSTERLITZ,48.838179,2.372994,Plein jour,En agglomération,Intersection en T,Normale,Deux véhicules - côté,4,2,2,1,1,1,1,0,5,30,2,2,1,0,0,1,51.0,21.0,voiture,deux_roues,1,2,3,1,3
202300012067,2023-06-03 18:30:00,2023,6,3,18,30,93,93048,Bd Paul Vaillant Couturier / Boulevard Henri Barbusse,48.86560697,2.44378075,Plein jour,En agglomération,Place,Normale,Autre collision,3,2,2,1,2,1,1,0,5,-1,1,1,0,0,0,1,23.0,,voiture,,1,2,7,1,6
202300012067,2023-06-03 18:30:00,2023,6,3,18,30,93,93048,Bd Paul Vaillant Couturier / Boulevard Henri Barbusse,48.86560697,2.44378075,Plein jour,En agglomération,Place,Normale,Autre collision,3,2,2,1,1,1,1,9,5,30,1,1,0,0,0,1,23.0,,voiture,,1,2,7,1,6
202300012068,2023-11-17 08:05:00,2023,11,17,8,5,33,33535,Avenue de Branne,44.826348,-0.454573,Crépuscule ou aube,Hors agglomération,Hors intersection,Normale,Trois véhicules et plus - collisions multiples,3,2,2,0,1,1,1,0,1,70,3,3,1,0,2,0,50.0,20.0,voiture,voiture,2,1,1,1,5
202300012069,2023-06-03 04:30:00,2023,6,3,4,30,93,93032,Rue de la Mare,48.87580721,2.55353554,Crépuscule ou aube,En agglomération,Hors intersection,Normale,Autre collision,4,1,1,0,1,1,1,0,1,50,1,1,0,0,0,1,35.0,,voiture,,2,2,1,1,6
202300012070,2023-07-08 05:40:00,2023,7,8,5,40,75,75111,AVENUE PHILIPPE AUGUSTE,48.85356,2.392712,Nuit sans éclairage public,En agglomération,Intersection en X,Normale,Autre collision,4,-1,2,0,1,1,1,0,1,30,1,1,0,0,1,0,29.0,,deux_roues,,3,2,2,1,6
202300012070,2023-07-08 05:40:00,2023,7,8,5,40,75,75111,AVENUE PHILIPPE AUGUSTE,48.85356,2.392712,Nuit sans éclairage public,En agglomération,Intersection en X,Normale,Autre collision,4,1, -1,0,1,1,1,0,1,-1,1,1,0,0,1,0,29.0,,deux_roues,,3,2,2,1,6
202300012071,2023-08-15 18:30:00,2023,8,15,18,30,59,59396,D961,50.27457636,3.81622553,Plein jour,Hors agglomération,Hors intersection,Normale,Autre collision,3,2,2,0,1,1,1,0,3,70,1,5,0,0,0,5,38.0,,voiture,,1,1,1,1,6
202300012072,2023-06-03 21:30:00,2023,6,3,21,30,06,06012,PRINCE RAINIER III (AVENUE),43.751541,7.430152,Nuit avec éclairage allumé,En agglomération,Hors intersection,Normale,Deux véhicules - côté,3,2,2,0,2,1,1,0,1,50,2,3,1,0,2,0,45.0,39.0,utilitaire_camion,deux_roues,5,2,1,1,3
202300012073,2023-07-08 10:34:00,2023,7,8,10,34,75,75107,BOULEVARD DES INVALIDES,48.848273,2.315705,Plein jour,En agglomération,Intersection en T,Normale,Autre collision,4,2,4,0,1,1,1,0,1,30,1,2,1,0,1,0,47.0,,voiture,,1,2,3,1,6
202300012073,2023-07-08 10:34:00,2023,7,8,10,34,75,75107,BOULEVARD DES INVALIDES,48.848273,2.315705,Plein jour,En agglomération,Intersection en T,Normale,Autre collision,4,2,2,0,1,1,1,0,1,30,1,2,1,0,1,0,47.0,,voiture,,1,2,3,1,6
202300012074,2023-11-21 15:00:00,2023,11,21,15,0,84,84119,Route d'Avignon,43.955228,4.923543,Plein jour,En agglomération,Hors intersection,Autre,Deux véhicules - arrière,3,2,2,0,2,1,1,0,1,30,2,2,1,0,0,1,35.0,,deux_roues,autre,1,2,1,9,2
202300012075,2023-06-03 20:50:00,2023,6,3,20,50,974,97407,JACQUES DUCLOS (RUE) - RIVIERE DES GAL  ,-20.96304,55.32012,Nuit avec éclairage allumé,En agglomération,Hors intersection,Normale,Autre collision,4,2,0,0,1,1,1,0,1,50,1,2,1,0,0,1,61.0,,voiture,,5,2,1,1,6
202300012076,2023-08-14 17:20:00,2023,8,14,17,20,13,13071,A55-Sens Martigues vers Marseille,43.38073534,5.31560451,Plein jour,Hors agglomération,Hors intersection,Normale,Deux véhicules - côté,1,1,2,0,2,1,1,0,1,110,2,2,1,0,0,1,,24.0,voiture,voiture,1,1,1,1,3
202300012077,2023-10-30 22:40:00,2023,10,30,22,40,13,13081,D55,43.499873,5.232748,Nuit sans éclairage public,Hors agglomération,Autre intersection,Pluie forte,Sans collision,3,2,2,0,1,1,4,0,1,90,1,1,0,0,1,0,68.0,,voiture,,3,1,9,3,7
202300012078,2023-07-07 12:39:00,2023,7,7,12,39,75,75101,BOULEVARD DE LA MADELEINE,48.86985,2.32806,Plein jour,En agglomération,Intersection en X,Normale,Deux véhicules - côté,4,2,6,3,1,1,1,0,5,30,2,2,1,0,0,1,33.0,,deux_roues,voiture,1,2,2,1,3
202300012078,2023-07-07 12:39:00,2023,7,7,12,39,75,75101,BOULEVARD DE LA MADELEINE,48.86985,2.32806,Plein jour,En agglomération,Intersection en X,Normale,Deux véhicules - côté,4,1,1,0,1,1,1,0,1,30,2,2,1,0,0,1,33.0,,deux_roues,voiture,1,2,2,1,3
202300012079,2023-06-03 15:15:00,2023,6,3,15,15,69,69388,Rue Professeur Beauvisage,45.73158,4.87392,Plein jour,En agglomération,Intersection en X,Normale,Deux véhicules - côté,4,2,3,3,1,1,1,0,1,50,2,2,1,0,0,1,27.0,22.0,voiture,voiture,1,2,2,1,3
202300012079,2023-06-03 15:15:00,2023,6,3,15,15,69,69388,Rue Professeur Beauvisage,45.73158,4.87392,Plein jour,En agglomération,Intersection en X,Normale,Deux véhicules - côté,4,2,3,3,1,1,1,0,1,50,2,2,1,0,0,1,27.0,22.0,voiture,voiture,1,2,2,1,3
202300012080,2023-07-07 05:55:00,2023,7,7,5,55,75,75104,PLACE DU CHATELET,48.857184,2.347337,Plein jour,En agglomération,Intersection en T,Normale,Deux véhicules - côté,4,1,5,1,1,1,1,0,1,30,2,2,1,0,0,1,29.0,76.0,deux_roues,voiture,1,2,3,1,3
202300012080,2023-07-07 05:55:00,2023,7,7,5,55,75,75104,PLACE DU CHATELET,48.857184,2.347337,Plein jour,En agglomération,Intersection en T,Normale,Deux véhicules - côté,4,1,4,3,1,1,1,0,1,30,2,2,1,0,0,1,29.0,76.0,deux_roues,voiture,1,2,3,1,3
202300012081,2023-11-07 17:15:00,2023,11,7,17,15,86,86294,D40,46.618259,0.167658,Plein jour,Hors agglomération,Intersection en X,Normale,Deux véhicules - côté,3,2,2,0,1,2,1,0,1,80,2,4,3,0,0,1,64.0,31.0,voiture,voiture,1,1,2,1,3
202300012081,2023-11-07 17:15:00,2023,11,7,17,15,86,86294,D40,46.618259,0.167658,Plein jour,Hors agglomération,Intersection en X,Normale,Deux véhicules - côté,3,2,2,0,1,2,1,0,1,80,2,4,3,0,0,1,64.0,31.0,voiture,voiture,1,1,2,1,3
202300012082,2023-06-03 09:35:00,2023,6,3,9,35,69,69386,Rue Michel Rambaud,45.76907,4.8605,Plein jour,En agglomération,Intersection en X,Temps éblouissant,Deux véhicules - côté,4,1,3,2,1,1,1,0,1,50,2,2,1,0,0,1,30.0,18.0,voiture,voiture,1,2,2,7,3
202300012082,2023-06-03 09:35:00,2023,6,3,9,35,69,69386,Rue Michel Rambaud,45.76907,4.8605,Plein jour,En agglomération,Intersection en X,Temps éblouissant,Deux véhicules - côté,4,1,2,0,1,1,1,0,1,50,2,2,1,0,0,1,30.0,18.0,voiture,voiture,1,2,2,7,3
202300012083,2023-11-23 04:20:00,2023,11,23,4,20,72,72264,13 Avenue Joël le Theule,47.839018,-0.325327,Nuit avec éclairage allumé,En agglomération,Hors intersection,Pluie légère,Autre collision,3,3,2,0,2,2,2,0,4,-1,1,1,0,0,1,0,20.0,,voiture,,5,2,1,2,6
202300012084,2023-08-11 17:10:00,2023,8,11,17,10,59,59462,AUTOROUTE A1,50.51276968,3.03211786,Plein jour,Hors agglomération,Hors intersection,Normale,Deux véhicules - arrière,1,1,3,0,1,1,1,0,1,130,2,2,1,0,0,1,19.0,64.0,voiture,voiture,1,1,1,1,2
202300012085,2023-07-07 02:10:00,2023,7,7,2,10,75,75104,QUAI DE LA CORSE,48.85618,2.346474,Nuit avec éclairage allumé,En agglomération,Intersection en X,Normale,Deux véhicules - côté,4,2,3,1,1,1,1,8,1,30,2,2,1,0,0,1,40.0,23.0,voiture,deux_roues,5,2,2,1,3
202300012085,2023-07-07 02:10:00,2023,7,7,2,10,75,75104,QUAI DE LA CORSE,48.85618,2.346474,Nuit avec éclairage allumé,En agglomération,Intersection en X,Normale,Deux véhicules - côté,4,1,1,0,1,1,1,8,1,30,2,2,1,0,0,1,40.0,23.0,voiture,deux_roues,5,2,2,1,3
202300012086,2023-06-03 00:25:00,2023,6,3,0,25,95,95680,D970,49.01377977,2.41339803,Nuit sans éclairage public,Hors agglomération,Hors intersection,Normale,Deux véhicules - frontale,3,2,2,0,1,1,1,0,1,80,2,3,1,0,0,2,27.0,22.0,utilitaire_camion,utilitaire_camion,3,1,1,1,1
202300012087,2023-11-22 05:30:00,2023,11,22,5,30,72,72336,Avenue Jean Monnet,47.838301,-0.296127,Nuit sans éclairage public,Hors agglomération,Giratoire,Normale,Deux véhicules - frontale,3,1,1,0,1,2,1,5,1,-1,2,2,1,0,1,0,18.0,64.0,deux_roues,voiture,3,1,6,1,1
202300012088,2023-07-08 12:55:00,2023,7,8,12,55,94,94068,CHEVALIER (R),48.789196,2.503619,Plein jour,En agglomération,Intersection en X,Normale,Deux véhicules - côté,4,1,1,0,1,1,1,0,1,30,2,2,1,0,0,1,64.0,32.0,deux_roues,utilitaire_camion,1,2,2,1,3
202300012088,2023-07-08 12:55:00,2023,7,8,12,55,94,94068,CHEVALIER (R),48.789196,2.503619,Plein jour,En agglomération,Intersection en X,Normale,Deux véhicules - côté,4,2,2,0,1,1,1,0,1,30,2,2,1,0,0,1,64.0,32.0,deux_roues,utilitaire_camion,1,2,2,1,3
202300012089,2023-06-03 14:20:00,2023,6,3,14,20,91,91377,RUE AMPERE,48.72096,2.27268,Plein jour,En agglomération,Giratoire,Normale,Deux véhicules - côté,3,4,0,0,1,2,1,5,1,50,2,2,1,0,0,1,47.0,26.0,voiture,deux_roues,1,2,6,1,3
202300012089,2023-06-03 14:20:00,2023,6,3,14,20,91,91377,RUE AMPERE,48.72096,2.27268,Plein jour,En agglomération,Giratoire,Normale,Deux véhicules - côté,3,2,2,0,1,2,1,0,1,50,2,2,1,0,0,1,47.0,26.0,voiture,deux_roues,1,2,6,1,3
202300012090,2023-07-08 18:30:00,2023,7,8,18,30,94,94046,Rue de la Convention,48.813378,2.446783,Plein jour,En agglomération,Intersection en X,Normale,Deux véhicules - côté,4,2,0,0,1,1,1,0,1,50,2,2,0,0,0,2,33.0,25.0,voiture,voiture,1,2,2,1,3
202300012091,2023-08-14 18:15:00,2023,8,14,18,15,94,94038,A6B,48.7772797,2.34594496,Plein jour,Hors agglomération,Hors intersection,Normale,Trois véhicules et plus - en chaîne,1,1,3,0,1,1,1,0,1,110,3,3,2,0,0,1,32.0,57.0,voiture,voiture,1,1,1,1,4
202300012092,2023-11-20 16:50:00,2023,11,20,16,50,80,80685,CD 34 (route d'Amiens),49.706623,2.776709,Plein jour,En agglomération,Giratoire,Pluie légère,Deux véhicules - frontale,3,2,1,0,1,3,2,0,1,50,2,7,6,0,0,1,23.0,39.0,voiture,voiture,1,2,6,2,1
202300012093,2023-06-03 15:40:00,2023,6,3,15,40,91,91421,CORBEIL (ROUTE DE),48.71012,2.44175,Plein jour,En agglomération,Intersection en T,Normale,Deux véhicules - côté,3,2,2,0,1,1,1,0,1,50,2,3,2,0,0,1,45.0,43.0,voiture,voiture,1,2,3,1,3
202300012093,2023-06-03 15:40:00,2023,6,3,15,40,91,91421,CORBEIL (ROUTE DE),48.71012,2.44175,Plein jour,En agglomération,Intersection en T,Normale,Deux véhicules - côté,3,1,1,0,1,1,1,0,1,50,2,3,2,0,0,1,45.0,43.0,voiture,voiture,1,2,3,1,3
202300012094,2023-07-08 14:40:00,2023,7,8,14,40,94,94037,Rue Albert Guilpin,48.81644,2.34935,Plein jour,En agglomération,Hors intersection,Normale,Deux véhicules - frontale,4,2,2,0,1,1,1,0,1,50,2,3,2,0,0,1,24.0,31.0,voiture,deux_roues,1,2,1,1,1
202300012095,2023-10-26 07:00:00,2023,10,26,7,0,67,67218,M35,48.53262,7.69756,Crépuscule ou aube,Hors agglomération,Hors intersection,Pluie légère,Deux véhicules - côté,7,-1,3,0,1,1,2,0,1,90,2,2,1,0,0,1,56.0,45.0,voiture,utilitaire_camion,2,1,1,2,3
202300012096,2023-06-01 13:40:00,2023,6,1,13,40,86,86066,Avenue Robert Schuman,46.81303,0.5442,Plein jour,En agglomération,Giratoire,Normale,Deux véhicules - côté,3,1,1,0,1,2,1,5,1,30,2,2,1,0,0,1,60.0,36.0,deux_roues,voiture,1,2,6,1,3
202300012096,2023-06-01 13:40:00,2023,6,1,13,40,86,86066,Avenue Robert Schuman,46.81303,0.5442,Plein jour,En agglomération,Giratoire,Normale,Deux véhicules - côté,3,2,2,0,1,2,1,5,1,30,2,2,1,0,0,1,60.0,36.0,deux_roues,voiture,1,2,6,1,3
202300012097,2023-07-08 13:00:00,2023,7,8,13,0,94,94076,PARIS (AV DE),48.80560546,2.36377998,Plein jour,En agglomération,Hors intersection,Normale,Deux véhicules - côté,3,1,4,0,1,1,1,0,1,50,2,2,1,0,0,1,30.0,46.0,deux_roues,voiture,1,2,1,1,3
202300012098,2023-08-14 15:03:00,2023,8,14,15,3,94,94003,A6A,48.80488154,2.34201558,Plein jour,Hors agglomération,Hors intersection,Normale,Trois véhicules et plus - collisions multiples,1,1,3,0,4,1,1,0,1,50,3,3,2,0,0,1,29.0,25.0,deux_roues,voiture,1,1,1,1,5
202300012099,2023-11-22 18:30:00,2023,11,22,18,30,91,91617,RN 104,48.6347,2.5353,Nuit sans éclairage public,Hors agglomération,Hors intersection,Normale,Deux véhicules - arrière,2,4,2,0,1,1,1,0,1,90,2,3,2,0,0,1,61.0,48.0,voiture,voiture,3,1,1,1,2
202300012100,2023-07-08 02:00:00,2023,7,8,2,0,94,94022,2 Avenue Victor Hugo,48.76695,2.41485,Nuit avec éclairage allumé,En agglomération,Hors intersection,Normale,Deux véhicules - côté,3,1,1,0,1,1,1,0,1,50,2,2,1,0,0,1,27.0,27.0,voiture,deux_roues,5,2,1,1,3
202300012101,2023-05-31 16:20:00,2023,5,31,16,20,83,83009,BEAUSSET (ROUTE DU),43.152474,5.76377,Plein jour,Hors agglomération,Hors intersection,Normale,Deux véhicules - arrière,3,2,2,0,1,1,1,0,1,50,2,3,1,0,0,2,82.0,57.0,voiture,voiture,1,1,1,1,2
202300012102,2023-11-22 08:30:00,2023,11,22,8,30,91,91659,AUTOROUTE A6,48.58408,2.4552,Plein jour,Hors agglomération,Hors intersection,Normale,Deux véhicules - côté,1,2,3,0,1,1,1,0,1,110,2,2,1,0,0,1,30.0,25.0,deux_roues,utilitaire_camion,1,1,1,1,3
202300012103,2023-07-07 20:45:00,2023,7,7,20,45,94,94002,Rue Nelson Mandela,48.78418,2.42362,Crépuscule ou aube,En agglomération,Hors intersection,Temps éblouissant,Autre collision,4,2,1,0,1,1,1,0,1,50,1,2,1,0,0,1,57.0,,voiture,,2,2,1,7,6
202300012104,2023-08-13 23:43:00,2023,8,13,23,43,77,77251,AUTOROUTE A5A,48.6086,2.57868,Nuit sans éclairage public,Hors agglomération,Hors intersection,Normale,Deux véhicules - arrière,1,2,3,0,1,1,1,0,1,110,2,4,1,0,0,3,27.0,47.0,voiture,voiture,3,1,1,1,2
202300012105,2023-06-02 20:56:00,2023,6,2,20,56,83,83129,PERTUADE (CHEMIN DE LA),43.11019,5.83786,Plein jour,En agglomération,Autre intersection,Normale,Deux véhicules - frontale,4,2,1,0,2,2,1,0,1,30,2,2,1,0,1,0,40.0,17.0,voiture,deux_roues,1,2,9,1,1
202300012106,2023-11-22 07:52:00,2023,11,22,7,52,78,78646,RN12,48.7912,2.071901,Plein jour,Hors agglomération,Hors intersection,Normale,Trois véhicules et plus - collisions multiples,2,-1,3,0,1,1,1,0,1,110,3,3,2,0,1,0,38.0,53.0,deux_roues,deux_roues,1,1,1,1,5
202300012107,2023-07-08 18:15:00,2023,7,8,18,15,93,93064,Rue du Général Leclerc,48.86826562,2.49189792,Plein jour,En agglomération,Hors intersection,Normale,Deux véhicules - arrière,3,1,1,2,1,1,1,0,1,50,2,2,1,0,0,1,17.0,37.0,deux_roues,voiture,1,2,1,1,2
202300012108,2023-06-03 18:25:00,2023,6,3,18,25,78,78650,MONTESSON (ROUTE DE),48.90268,2.13688,Plein jour,En agglomération,Intersection en X,Normale,Deux véhicules - frontale,3,2,2,0,1,1,1,0,1,50,2,2,1,0,1,0,26.0,25.0,deux_roues,voiture,1,2,2,1,1
202300012108,2023-06-03 18:25:00,2023,6,3,18,25,78,78650,MONTESSON (ROUTE DE),48.90268,2.13688,Plein jour,En agglomération,Intersection en X,Normale,Deux véhicules - frontale,3,2,2,0,1,1,1,0,1,50,2,2,1,0,1,0,26.0,25.0,deux_roues,voiture,1,2,2,1,1
202300012109,2023-11-21 18:05:00,2023,11,21,18,5,78,78291,A13,48.965153,1.759841,Nuit sans éclairage public,Hors agglomération,Hors intersection,Pluie légère,Deux véhicules - arrière,1,3,3,0,1,1,2,0,1,110,2,3,1,0,0,2,42.0,64.0,voiture,voiture,3,1,1,2,2
202300012110,2023-11-21 14:00:00,2023,11,21,14,0,78,78640,RN12 EXT,48.781214,2.170323,Plein jour,Hors agglomération,Hors intersection,Pluie légère,Autre collision,2,-1,3,0,2,3,2,0,1,110,1,1,0,0,0,1,27.0,,voiture,,1,1,1,2,6
202300012111,2023-07-08 12:00:00,2023,7,8,12,0,93,93046,Avenue Léon Blum / Boulevard Marx Dormoy,48.91025,2.52762,Plein jour,En agglomération,Intersection en X,Normale,Deux véhicules - côté,3,3,2,2,1,1,1,0,1,50,2,3,1,0,1,1,31.0,15.0,voiture,deux_roues,1,2,2,1,3
202300012111,2023-07-08 12:00:00,2023,7,8,12,0,93,93046,Avenue Léon Blum / Boulevard Marx Dormoy,48.91025,2.52762,Plein jour,En agglomération,Intersection en X,Normale,Deux véhicules - côté,3,3,2,2,1,1,1,4,1,50,2,3,1,0,1,1,31.0,15.0,voiture,deux_roues,1,2,2,1,3
202300012112,2023-06-03 19:55:00,2023,6,3,19,55,78,78638,CLOS (RUE DU),49.003925,1.9666547,Plein jour,En agglomération,Intersection en X,Normale,Deux véhicules - côté,4,1,1,0,1,1,1,9,1,30,2,2,1,0,0,1,43.0,16.0,voiture,deux_roues,1,2,2,1,3
202300012112,2023-06-03 19:55:00,2023,6,3,19,55,78,78638,CLOS (RUE DU),49.003925,1.9666547,Plein jour,En agglomération,Intersection en X,Normale,Deux véhicules - côté,4,1,0,0,1,1,1,9,1,30,2,2,1,0,0,1,43.0,16.0,voiture,deux_roues,1,2,2,1,3
202300012113,2023-07-08 19:30:00,2023,7,8,19,30,93,93029,Avenue Henri Barbusse,48.92072962,2.45324136,Plein jour,En agglomération,Hors intersection,Normale,Deux véhicules - côté,3,2,2,0,1,1,1,0,1,50,2,2,1,0,1,0,30.0,26.0,voiture,deux_roues,1,2,1,1,3
202300012114,2023-08-13 02:07:00,2023,8,13,2,7,94,94043,A6B,48.81308429,2.35419577,Nuit avec éclairage allumé,Hors agglomération,Hors intersection,Normale,Deux véhicules - arrière,1,3,2,0,1,1,1,1,1,50,2,7,6,0,0,1,33.0,39.0,voiture,voiture,5,1,1,1,2
202300012115,2023-11-21 07:30:00,2023,11,21,7,30,78,78238,A13,48.970015,1.869791,Nuit avec éclairage allumé,Hors agglomération,Hors intersection,Pluie forte,Trois véhicules et plus - en chaîne,1,1,3,0,1,1,2,0,1,110,4,4,0,0,0,4,28.0,52.0,utilitaire_camion,voiture,5,1,1,3,4
202300012116,2023-07-07 22:00:00,2023,7,7,22,0,93,93027,Avenue Paul Vaillant Couturier,48.92029,2.41025,Nuit avec éclairage non allumé,En agglomération,Hors intersection,Normale,Autre collision,3,3,2,0,1,1,1,0,1,50,1,3,2,0,0,1,55.0,,voiture,,4,2,1,1,6
202300012117,2023-11-21 11:05:00,2023,11,21,11,5,92,92047,A13,48.83462607,2.17191184,Plein jour,Hors agglomération,Hors intersection,Pluie légère,Autre collision,1,1,3,0,1,1,2,0,1,110,1,1,0,0,0,1,49.0,,deux_roues,,1,1,1,2,6
202300012118,2023-08-13 01:40:00,2023,8,13,1,40,94,94038,A6A,48.77633175,2.34605055,Nuit sans éclairage public,Hors agglomération,Hors intersection,Normale,Deux véhicules - arrière,1,-1,3,0,1,1,1,0,1,110,2,2,1,0,0,1,,42.0,voiture,voiture,3,1,1,1,2