accident_id,datetime,annee,mois,jour,heure,minute,departement,commune_insee,adresse,latitude,longitude,luminosite,agglomeration,intersection,meteo,collision,catr,circ,nbv,vosp,prof,plan,surf,infra,situ,vma,nb_vehicules,nb_usagers,nb_indemnes,nb_tues,nb_blesses_hosp,nb_blesses_legers,age_cond_1,age_cond_2,veh_type_cond_1,veh_type_cond_2,lum_code,agg_code,int_code,atm_code,col_code
202300012119,2023-07-08 12:38:00,2023,7,8,12,38,92,92075,RAYMOND MARCHERON (RUE),48.8181927,2.28459567,Plein jour,En agglomération,Autre intersection,Normale,Sans collision,3,-1,2,0,2,1,1,0,1,50,1,1,0,0,0,1,29.0,,deux_roues,,1,2,9,1,7
202300012120,2023-11-22 09:15:00,2023,11,22,9,15,93,93010,AUTOROUTE A3,48.90138002,2.47016001,Plein jour,Hors agglomération,Hors intersection,Normale,Deux véhicules - côté,1,1,3,0,1,1,1,0,1,70,2,2,1,0,0,1,36.0,26.0,deux_roues,voiture,1,1,1,1,3
202300012121,2023-06-03 12:30:00,2023,6,3,12,30,77,77186,D138,48.43968,2.72727,Plein jour,Hors agglomération,Hors intersection,Normale,Trois véhicules et plus - en chaîne,3,2,2,0,1,1,1,0,1,90,3,4,2,0,0,2,25.0,65.0,voiture,voiture,1,1,1,1,4
202300012122,2023-07-08 17:32:00,2023,7,8,17,32,92,92064,MARCEL DASSAULT,48.85411804,2.22257406,Plein jour,En agglomération,Intersection en T,Normale,Deux véhicules - côté,3,2,2,0,1,1,1,0,1,50,2,3,1,0,1,1,43.0,19.0,deux_roues,deux_roues,1,2,3,1,3
202300012122,2023-07-08 17:32:00,2023,7,8,17,32,92,92064,MARCEL DASSAULT,48.85411804,2.22257406,Plein jour,En agglomération,Intersection en T,Normale,Deux véhicules - côté,3,1,1,0,1,1,1,0,1,50,2,3,1,0,1,1,43.0,19.0,deux_roues,deux_roues,1,2,3,1,3
202300012123,2023-12-28 17:18:00,2023,12,28,17,18,43,43041,Rue de Genebret,45.0508,3.90863,Crépuscule ou aube,En agglomération,Autre intersection,Normale,Deux véhicules - côté,4,2,2,0,2,1,1,0,1,-1,2,2,1,0,0,1,70.0,71.0,voiture,deux_roues,2,2,9,1,3
202300012124,2023-06-03 23:00:00,2023,6,3,23,0,76,76681,Rue Pierre Corneille,49.423341,1.089779,Nuit avec éclairage allumé,En agglomération,Intersection en T,Normale,Deux véhicules - frontale,7,2,2,0,1,1,1,-1,1,30,2,2,1,0,0,1,56.0,60.0,voiture,voiture,5,2,3,1,1
202300012125,2023-07-08 05:45:00,2023,7,8,5,45,92,92048,CROIX DU VAL (RUE DE LA),48.81258763,2.24003948,Crépuscule ou aube,En agglomération,Hors intersection,Pluie légère,Sans collision,4,1,1,0,1,1,2,0,1,30,1,1,0,0,0,1,24.0,,deux_roues,,2,2,1,2,7
202300012126,2023-06-14 20:10:00,2023,6,14,20,10,94,94034,A86,48.75842,2.32572,Plein jour,Hors agglomération,Hors intersection,Normale,Trois véhicules et plus - en chaîne,1,2,3,0,1,1,1,1,1,70,5,5,3,0,0,2,42.0,22.0,voiture,voiture,1,1,1,1,4
202300012127,2023-11-22 07:00:00,2023,11,22,7,0,93,93005,AUTOROUTE A3,48.94684,2.47625,Nuit sans éclairage public,Hors agglomération,Hors intersection,Normale,Trois véhicules et plus - en chaîne,1,3,3,0,1,1,1,0,1,90,3,3,2,0,0,1,22.0,32.0,deux_roues,utilitaire_camion,3,1,1,1,4
202300012128,2023-12-23 07:06:00,2023,12,23,7,6,37,37233,DUCLOS (AVENUE JACQUES),47.377524,0.716063,Nuit avec éclairage allumé,En agglomération,Hors intersection,Normale,Autre collision,4,2,3,3,1,1,1,5,1,50,1,4,3,1,0,0,42.0,,voiture,,5,2,1,1,6
202300012129,2023-08-14 19:00:00,2023,8,14,19,0,93,93013,AUTOROUTE A1,48.94239,2.43039,Plein jour,Hors agglomération,Hors intersection,Pluie forte,Autre collision,1,1,4,0,2,3,2,3,1,70,1,1,0,0,0,1,18.0,,voiture,,1,1,1,3,6
202300012130,2023-06-03 18:55:00,2023,6,3,18,55,72,72181,BEETHOVEN (ALLEE),47.96992,0.2086,Plein jour,En agglomération,Hors intersection,Normale,Deux véhicules - côté,4,2,0,0,1,1,1,0,1,50,2,2,1,0,0,1,12.0,60.0,deux_roues,voiture,1,2,1,1,3
202300012131,2023-07-08 10:15:00,2023,7,8,10,15,92,92040,ROUGET DE L'ISLE,48.82896352,2.26428616,Plein jour,En agglomération,Intersection en X,Normale,Deux véhicules - frontale,3,2,4,1,1,1,1,9,1,30,2,2,1,0,0,1,44.0,41.0,voiture,deux_roues,1,2,2,1,1
202300012132,2023-11-22 18:13:00,2023,11,22,18,13,77,77337,A4.Y,48.8302764,2.61245605,Nuit sans éclairage public,Hors agglomération,Hors intersection,Normale,Deux véhicules - arrière,1,-1,3,0,1,1,1,0,1,110,2,3,1,0,0,2,20.0,22.0,voiture,voiture,3,1,1,1,2
202300012133,2023-08-14 06:55:00,2023,8,14,6,55,93,93064,AUTOROUTE A86,48.86256315,2.48291334,Crépuscule ou aube,Hors agglomération,Hors intersection,Normale,Deux véhicules - côté,1,3,6,0,1,1,1,0,1,90,2,2,1,0,0,1,60.0,60.0,utilitaire_camion,utilitaire_camion,2,1,1,1,3
202300012134,2023-12-27 19:50:00,2023,12,27,19,50,35,35238,PATTON (AVENUE DU GENERAL SIR GEORGES),48.135031,-1.659642,Nuit avec éclairage allumé,En agglomération,Intersection en X,Pluie légère,Deux véhicules - arrière,4,3,2,2,1,1,2,5,1,-1,2,7,2,0,0,5,46.0,,transport_commun,voiture,5,2,2,2,2
202300012134,2023-12-27 19:50:00,2023,12,27,19,50,35,35238,PATTON (AVENUE DU GENERAL SIR GEORGES),48.135031,-1.659642,Nuit avec éclairage allumé,En agglomération,Intersection en X,Pluie légère,Deux véhicules - arrière,4,3,4,3,2,1,2,5,1,30,2,7,2,0,0,5,46.0,,transport_commun,voiture,5,2,2,2,2
202300012135,2023-09-22 19:00:00,2023,9,22,19,0,74,74012,DUPRAZ (RUE DU CP CHARLES),46.19155,6.23536,Crépuscule ou aube,En agglomération,Hors intersection,Pluie forte,Deux véhicules - côté,4,2,0,0,1,1,2,0,1,30,2,2,1,0,0,1,16.0,78.0,deux_roues,voiture,2,2,1,3,3
202300012136,2023-07-09 10:45:00,2023,7,9,10,45,40,40296,Avenue des Tucs,43.695927,-1.430566,Plein jour,En agglomération,Intersection en T,Normale,Deux véhicules - côté,3,-1, -1,1,1,1,1,9,5,50,2,2,1,0,0,1,35.0,32.0,voiture,deux_roues,1,2,3,1,3
202300012136,2023-07-09 10:45:00,2023,7,9,10,45,40,40296,Avenue des Tucs,43.695927,-1.430566,Plein jour,En agglomération,Intersection en T,Normale,Deux véhicules - côté,3,2, -1,-1,1,1,1,0,5,50,2,2,1,0,0,1,35.0,32.0,voiture,deux_roues,1,2,3,1,3
202300012137,2023-06-03 13:45:00,2023,6,3,13,45,72,72095,BALLON (RTE DE),48.04189,0.21417,Plein jour,Hors agglomération,Intersection en X,Normale,Deux véhicules - côté,3,2,2,0,2,1,1,0,1,70,2,5,2,0,0,3,19.0,72.0,voiture,voiture,1,1,2,1,3
202300012137,2023-06-03 13:45:00,2023,6,3,13,45,72,72095,BALLON (RTE DE),48.04189,0.21417,Plein jour,Hors agglomération,Intersection en X,Normale,Deux véhicules - côté,3,2, -1,-1,1,1,-1,0,1,-1,2,5,2,0,0,3,19.0,72.0,voiture,voiture,1,1,2,1,3
202300012138,2023-08-13 23:40:00,2023,8,13,23,40,93,93007,AUTOROUTE A3,48.93750165,2.47995195,Nuit sans éclairage public,Hors agglomération,Hors intersection,Normale,Deux véhicules - arrière,1,1,6,0,1,1,1,0,1,110,2,3,1,0,0,2,59.0,,voiture,voiture,3,1,1,1,2
202300012139,2023-12-28 12:50:00,2023,12,28,12,50,33,33281,Rue Raoul Amat,44.8442,-0.64491,Plein jour,En agglomération,Intersection en X,Normale,Autre collision,4,2,2,1,1,1,2,5,8,50,1,2,1,0,1,0,61.0,,voiture,,1,2,2,1,6
202300012139,2023-12-28 12:50:00,2023,12,28,12,50,33,33281,Rue Raoul Amat,44.8442,-0.64491,Plein jour,En agglomération,Intersection en X,Normale,Autre collision,4,1,1,1,1,1,2,0,1,30,1,2,1,0,1,0,61.0,,voiture,,1,2,2,1,6
202300012140,2023-07-08 20:50:00,2023,7,8,20,50,62,62265,D341,50.64770761,2.21944781,Plein jour,Hors agglomération,Hors intersection,Normale,Sans collision,3,2,2,0,2,3,1,0,3,80,2,2,1,0,1,0,30.0,26.0,deux_roues,deux_roues,1,1,1,1,7
202300012141,2023-08-13 22:00:00,2023,8,13,22,0,93,93006,AUTOROUTE A3,48.86611228,2.41541368,Nuit sans éclairage public,Hors agglomération,Hors intersection,Normale,Deux véhicules - arrière,1,1,2,0,2,1,1,0,1,50,2,2,1,0,0,1,31.0,25.0,utilitaire_camion,voiture,3,1,1,1,2
202300012142,2023-08-27 12:09:00,2023,8,27,12,9,74,74309,2360 Route de bellegarde,46.11349,6.007612,Plein jour,Hors agglomération,Intersection à plus de 4 branches,Temps couvert,Autre collision,3,2,2,0,1,1,2,0,8,70,3,3,2,0,1,0,22.0,68.0,deux_roues,voiture,1,1,5,8,6
202300012142,2023-08-27 12:09:00,2023,8,27,12,9,74,74309,2360 Route de bellegarde,46.11349,6.007612,Plein jour,Hors agglomération,Intersection à plus de 4 branches,Temps couvert,Autre collision,3,2, -1,-1,1,1,2,0,1,-1,3,3,2,0,1,0,22.0,68.0,deux_roues,voiture,1,1,5,8,6
202300012143,2023-06-03 16:46:00,2023,6,3,16,46,69,69029,Boulevard de l'Université,45.72338,4.91878,Plein jour,En agglomération,Autre intersection,Normale,Deux véhicules - côté,7,2,5,0,1,1,1,0,1,50,2,2,1,0,0,1,27.0,31.0,deux_roues,voiture,1,2,9,1,3
202300012144,2023-07-08 22:20:00,2023,7,8,22,20,62,62644,D193E1,50.648974,2.141867,Nuit avec éclairage non allumé,En agglomération,Hors intersection,Normale,Sans collision,3,2,2,0,1,1,1,0,1,50,1,1,0,0,1,0,24.0,,voiture,,4,2,1,1,7
202300012145,2023-12-28 20:50:00,2023,12,28,20,50,31,31555,BD SILVIO TRENTIN,43.625638,1.431044,Nuit avec éclairage non allumé,En agglomération,Intersection en X,Normale,Deux véhicules - côté,4,2,2,0,1,1,1,0,1,50,2,2,1,0,0,1,,57.0,voiture,voiture,4,2,2,1,3
202300012145,2023-12-28 20:50:00,2023,12,28,20,50,31,31555,BD SILVIO TRENTIN,43.625638,1.431044,Nuit avec éclairage non allumé,En agglomération,Intersection en X,Normale,Deux véhicules - côté,4,-1,0,0,1,1,1,0,1,50,2,2,1,0,0,1,,57.0,voiture,voiture,4,2,2,1,3
202300012146,2023-07-09 06:50:00,2023,7,9,6,50,22,22065,23 Rue d'Armor,48.606486,-3.014749,Plein jour,En agglomération,Hors intersection,Normale,Sans collision,4,2,2,0,1,1,1,8,3,50,1,1,0,0,1,0,16.0,,deux_roues,,1,2,1,1,7
202300012147,2023-06-03 12:00:00,2023,6,3,12,0,69,69029,Route de Genas,45.74684862,4.92440663,Plein jour,En agglomération,Hors intersection,Normale,Autre collision,7,2,2,3,1,1,1,0,6,50,1,2,1,0,1,0,36.0,,voiture,,1,2,1,1,6
202300012148,2023-08-27 06:40:00,2023,8,27,6,40,74,74309,2461 route de bellegarde,46.112938,6.003113,Crépuscule ou aube,Hors agglomération,Hors intersection,Pluie forte,Deux véhicules - frontale,3,2,2,0,1,1,2,0,1,80,2,2,1,0,0,1,30.0,38.0,voiture,voiture,2,1,1,3,1
202300012149,2023-08-11 14:55:00,2023,8,11,14,55,988,98818,RUE TARAGNAT/RUE DE LA SEINE,-22.27687,166.45763,Plein jour,En agglomération,Intersection en X,Normale,Deux véhicules - côté,4,2,2,0,2,1,1,0,1,50,2,3,1,0,0,2,74.0,18.0,voiture,voiture,1,2,2,1,3
202300012149,2023-08-11 14:55:00,2023,8,11,14,55,988,98818,RUE TARAGNAT/RUE DE LA SEINE,-22.27687,166.45763,Plein jour,En agglomération,Intersection en X,Normale,Deux véhicules - côté,4,2,2,0,2,1,1,0,1,50,2,3,1,0,0,2,74.0,18.0,voiture,voiture,1,2,2,1,3
202300012150,2023-12-21 19:20:00,2023,12,21,19,20,18,18033,Boulevard de Strasbourg,47.081617,2.40211,Nuit avec éclairage allumé,En agglomération,Hors intersection,Normale,Autre collision,4,-1,2,0,1,1,1,0,1,50,1,2,1,0,1,0,44.0,,voiture,,5,2,1,1,6
202300012151,2023-08-12 01:30:00,2023,8,12,1,30,987,98735,DESTREMEAU (RUE BLOC STATION TIPAERUI),-17.54634,-149.58053,Nuit avec éclairage allumé,En agglomération,Place,Normale,Autre collision,4,2,5,0,1,1,1,5,8,50,1,1,0,1,0,0,33.0,,deux_roues,,5,2,7,1,6
202300012152,2023-08-13 08:00:00,2023,8,13,8,0,14,14047,19 Rue Royale,49.277446,-0.708569,Plein jour,En agglomération,Hors intersection,Normale,Deux véhicules - côté,4,1,1,0,1,1,1,0,1,50,2,2,1,0,0,1,40.0,26.0,deux_roues,voiture,1,2,1,1,3
202300012153,2023-07-08 18:10:00,2023,7,8,18,10,22,22004,"RD767, PR 40+474, SENS GUINGAMP LANNION",48.646478,-3.32786,Plein jour,Hors agglomération,Hors intersection,Normale,Sans collision,3,3,2,0,1,1,1,0,3,110,1,1,0,0,1,0,40.0,,voiture,,1,1,1,1,7
202300012154,2023-06-02 20:10:00,2023,6,2,20,10,67,67482,FRANÇOIS MITTERRAND (AVENUE),48.58497,7.69438,Plein jour,En agglomération,Intersection en T,Normale,Deux véhicules - côté,4,1,3,1,1,1,1,0,5,50,2,2,1,0,0,1,37.0,13.0,voiture,deux_roues,1,2,3,1,3
202300012154,2023-06-02 20:10:00,2023,6,2,20,10,67,67482,FRANÇOIS MITTERRAND (AVENUE),48.58497,7.69438,Plein jour,En agglomération,Intersection en T,Normale,Deux véhicules - côté,4,1,1,0,1,1,1,0,1,30,2,2,1,0,0,1,37.0,13.0,voiture,deux_roues,1,2,3,1,3
202300012155,2023-12-28 17:00:00,2023,12,28,17,0,17,17415,GUILLET MAILLET 1-65,45.746994,-0.628381,Plein jour,En agglomération,Hors intersection,Normale,Autre collision,4,2,2,0,1,1,1,0,1,50,1,2,1,0,1,0,59.0,,voiture,,1,2,1,1,6
202300012156,2023-08-13 07:00:00,2023,8,13,7,0,976,97611,mamoudzou centre-Commandant Passot (Plac,-12.782265,45.2337882,Plein jour,En agglomération,Hors intersection,Normale,Autre collision,4,4,1,3,1,2,1,9,1,20,1,2,1,0,0,1,45.0,,voiture,,1,2,1,1,6
202300012157,2023-12-28 18:30:00,2023,12,28,18,30,15,15012,RD 320,44.902558,2.457336,Nuit avec éclairage allumé,En agglomération,Hors intersection,Normale,Autre collision,3,2,2,0,1,1,1,0,1,30,1,2,1,0,1,0,69.0,,voiture,,5,2,1,1,6
202300012158,2023-06-02 20:15:00,2023,6,2,20,15,67,67180,HAGUENAU (ROUTE DE),48.78649981,7.8116709,Crépuscule ou aube,Hors agglomération,Hors intersection,Temps éblouissant,Deux véhicules - arrière,3,2,2,0,1,1,1,0,1,70,2,2,1,1,0,0,68.0,32.0,voiture,deux_roues,2,1,1,7,2
202300012159,2023-08-13 20:30:00,2023,8,13,20,30,974,97416,RN3 (ANCIENNE ROUTE),-21.30013,55.50227,Nuit sans éclairage public,Hors agglomération,Hors intersection,Normale,Autre collision,4,2,2,0,2,2,1,0,1,50,1,3,1,0,2,0,31.0,,deux_roues,,3,1,1,1,6
202300012160,2023-07-08 17:40:00,2023,7,8,17,40,62,62397,D215E4,50.869763,1.873915,Plein jour,En agglomération,Hors intersection,Normale,Autre collision,3,2,2,0,1,1,1,9,4,50,1,1,0,0,1,0,75.0,,deux_roues,,1,2,1,1,6
202300012161,2023-08-09 07:25:00,2023,8,9,7,25,14,14474,D613,49.138126,-0.006877,Plein jour,Hors agglomération,Hors intersection,Pluie légère,Autre collision,3,3,2,0,1,2,2,0,1,110,1,1,0,0,1,0,33.0,,voiture,,1,1,1,2,6
202300012162,2023-07-09 14:10:00,2023,7,9,14,10,30,30288,1434 Route Nationale,44.201201,4.626623,Plein jour,En agglomération,Hors intersection,Normale,Autre collision,2,2,2,0,1,1,1,0,3,50,1,1,0,0,1,0,74.0,,voiture,,1,2,1,1,6
202300012163,2023-12-28 10:25:00,2023,12,28,10,25,15,15012,RD 990,44.89744,2.468352,Plein jour,En agglomération,Intersection en T,Normale,Deux véhicules - côté,3,2,2,0,1,1,1,9,8,50,2,2,1,0,0,1,56.0,26.0,voiture,voiture,1,2,3,1,3
202300012163,2023-12-28 10:25:00,2023,12,28,10,25,15,15012,RD 990,44.89744,2.468352,Plein jour,En agglomération,Intersection en T,Normale,Deux véhicules - côté,3,2,2,0,1,1,1,0,1,50,2,2,1,0,0,1,56.0,26.0,voiture,voiture,1,2,3,1,3
202300012164,2023-08-13 16:30:00,2023,8,13,16,30,974,97411,JAURES (BOULEVARD JEAN),-20.8932,55.46972,Plein jour,En agglomération,Hors intersection,Normale,Trois véhicules et plus - en chaîne,2,1,3,0,1,1,1,0,1,70,3,4,2,0,0,2,22.0,41.0,voiture,voiture,1,2,1,1,4
202300012165,2023-08-13 09:50:00,2023,8,13,9,50,974,97411,NONGE (AVENUE EUDOXIE),-20.89863,55.49591,Plein jour,En agglomération,Hors intersection,Normale,Autre collision,4,2,2,0,1,3,1,0,1,50,1,1,0,0,0,1,60.0,,voiture,,1,2,1,1,6
202300012166,2023-11-21 11:15:00,2023,11,21,11,15,974,97416,RN03,-21.33061,55.4687,Plein jour,Hors agglomération,Hors intersection,Normale,Trois véhicules et plus - collisions multiples,2,3,5,0,2,1,1,0,1,110,3,3,0,0,0,3,25.0,69.0,voiture,voiture,1,1,1,1,5
202300012167,2023-07-08 16:15:00,2023,7,8,16,15,19,19234,,45.32126266,1.5689131,Plein jour,Hors agglomération,Intersection en T,Normale,Deux véhicules - côté,3,2,0,0,2,1,1,9,1,90,2,2,1,1,0,0,55.0,69.0,deux_roues,voiture,1,1,3,1,3
202300012167,2023-07-08 16:15:00,2023,7,8,16,15,19,19234,,45.32126266,1.5689131,Plein jour,Hors agglomération,Intersection en T,Normale,Deux véhicules - côté,3,2, -1,-1,1,1,1,0,1,90,2,2,1,1,0,0,55.0,69.0,deux_roues,voiture,1,1,3,1,3
202300012168,2023-12-27 16:35:00,2023,12,27,16,35,14,14333,CD 580,49.41289,0.26936,Plein jour,Hors agglomération,Giratoire,Normale,Deux véhicules - côté,1,1,2,0,2,3,1,3,1,50,2,3,2,0,0,1,56.0,66.0,voiture,deux_roues,1,1,6,1,3
202300012168,2023-12-27 16:35:00,2023,12,27,16,35,14,14333,CD 580,49.41289,0.26936,Plein jour,Hors agglomération,Giratoire,Normale,Deux véhicules - côté,1,1,2,0,1,2,1,3,1,50,2,3,2,0,0,1,56.0,66.0,voiture,deux_roues,1,1,6,1,3
202300012169,2023-06-03 06:50:00,2023,6,3,6,50,59,59360,DOUMER PAUL RUE,50.5991,3.03863,Plein jour,En agglomération,Hors intersection,Normale,Deux véhicules - arrière,7,2,2,0,1,1,1,0,1,50,2,2,1,0,1,0,40.0,22.0,transport_commun,voiture,1,2,1,1,2
202300012170,2023-08-13 01:25:00,2023,8,13,1,25,973,97302,VOLTAIRE(AVENUE),4.94153,-52.3258,Nuit avec éclairage allumé,En agglomération,Hors intersection,Normale,Deux véhicules - côté,4,1,2,0,1,1,1,0,1,50,2,1,0,0,0,1,44.0,,voiture,,5,2,1,1,3
202300012171,2023-12-28 17:15:00,2023,12,28,17,15,13,13054,8 MAI 1945 (AV DU ),43.41756,5.22797,Nuit avec éclairage non allumé,En agglomération,Hors intersection,Normale,Autre collision,4,2,2,0,1,1,1,9,1,50,1,4,2,0,0,2,36.0,,voiture,,4,2,1,1,6
202300012172,2023-11-21 07:00:00,2023,11,21,7,0,974,97416,RN3 (2),-21.31433,55.49343,Plein jour,Hors agglomération,Hors intersection,Normale,Deux véhicules - arrière,2,1,2,0,1,1,1,0,1,110,2,2,1,0,0,1,32.0,54.0,voiture,voiture,1,1,1,1,2
202300012173,2023-08-13 14:45:00,2023,8,13,14,45,972,97209,RD 13,14.63188,-61.03947,Plein jour,Hors agglomération,Autre intersection,Normale,Autre collision,3,2,1,0,1,2,1,0,1,50,1,1,0,0,0,1,70.0,,voiture,,1,1,9,1,6
202300012174,2023-07-09 12:15:00,2023,7,9,12,15,65,65002,rn 21,43.14401,-0.025717,Plein jour,En agglomération,Intersection en T,Normale,Deux véhicules - côté,2,2,2,2,1,1,1,0,1,50,2,6,4,0,2,0,38.0,43.0,voiture,deux_roues,1,2,3,1,3
202300012174,2023-07-09 12:15:00,2023,7,9,12,15,65,65002,rn 21,43.14401,-0.025717,Plein jour,En agglomération,Intersection en T,Normale,Deux véhicules - côté,2,2,2,0,1,1,1,0,1,50,2,6,4,0,2,0,38.0,43.0,voiture,deux_roues,1,2,3,1,3
202300012175,2023-12-28 10:40:00,2023,12,28,10,40,13,13201,CANEBIERE     70 A FIN,43.2974,5.38137,Plein jour,En agglomération,Autre intersection,Normale,Autre collision,4,2,4,3,1,1,1,-1,6,30,1,2,1,0,0,1,39.0,,transport_commun,,1,2,9,1,6
202300012176,2023-06-02 16:20:00,2023,6,2,16,20,59,59527,CARNOT SADI RUE,50.66523,3.05966,Plein jour,En agglomération,Intersection en T,Normale,Deux véhicules - côté,7,2,2,0,1,1,1,0,1,50,2,2,1,0,0,1,23.0,62.0,voiture,deux_roues,1,2,3,1,3
202300012176,2023-06-02 16:20:00,2023,6,2,16,20,59,59527,CARNOT SADI RUE,50.66523,3.05966,Plein jour,En agglomération,Intersection en T,Normale,Deux véhicules - côté,7,2,2,0,1,1,1,0,1,50,2,2,1,0,0,1,23.0,62.0,voiture,deux_roues,1,2,3,1,3
202300012177,2023-08-13 04:50:00,2023,8,13,4,50,2B,2B120,Route du Village,42.654331,9.441167,Nuit avec éclairage allumé,Hors agglomération,Hors intersection,Normale,Sans collision,2,-1,4,0,1,1,1,0,1,50,1,1,0,0,0,1,22.0,,deux_roues,,5,1,1,1,7
202300012178,2023-11-21 08:30:00,2023,11,21,8,30,974,97411,RIVIERE DES PLUIES (ROUTE DE LA),-20.90222,55.50307,Plein jour,En agglomération,Giratoire,Normale,Deux véhicules - arrière,2,-1,2,0,1,1,1,0,1,50,2,2,1,0,0,1,60.0,43.0,deux_roues,voiture,1,2,6,1,2
202300012178,2023-11-21 08:30:00,2023,11,21,8,30,974,97411,RIVIERE DES PLUIES (ROUTE DE LA),-20.90222,55.50307,Plein jour,En agglomération,Giratoire,Normale,Deux véhicules - arrière,2,1,2,0,1,1,1,0,1,50,2,2,1,0,0,1,60.0,43.0,deux_roues,voiture,1,2,6,1,2
202300012179,2023-12-28 05:00:00,2023,12,28,5,0,13,13215,COMMANDERIE (CHEMIN),43.34206643,5.36207707,Nuit avec éclairage allumé,En agglomération,Intersection en T,Normale,Deux véhicules - côté,4,2,2,0,1,1,1,0,1,50,2,2,1,0,1,0,68.0,,deux_roues,voiture,5,2,3,1,3
202300012179,2023-12-28 05:00:00,2023,12,28,5,0,13,13215,COMMANDERIE (CHEMIN),43.34206643,5.36207707,Nuit avec éclairage allumé,En agglomération,Intersection en T,Normale,Deux véhicules - côté,4,2,2,0,2,1,1,0,1,50,2,2,1,0,1,0,68.0,,deux_roues,voiture,5,2,3,1,3
202300012180,2023-06-02 20:00:00,2023,6,2,20,0,59,59350,PASTEUR LOUIS BOULEVARD,50.62985,3.08233,Plein jour,Hors agglomération,Hors intersection,Normale,Deux véhicules - arrière,7,1,3,0,2,2,1,0,1,70,2,2,1,0,1,0,57.0,31.0,voiture,deux_roues,1,1,1,1,2
202300012181,2023-07-08 15:50:00,2023,7,8,15,50,89,89380,,48.078918,3.089816,Plein jour,Hors agglomération,Intersection en X,Normale,Deux véhicules - côté,3,2,2,0,1,1,1,5,1,80,2,5,4,0,0,1,56.0,50.0,voiture,voiture,1,1,2,1,3
202300012181,2023-07-08 15:50:00,2023,7,8,15,50,89,89380,,48.078918,3.089816,Plein jour,Hors agglomération,Intersection en X,Normale,Deux véhicules - côté,3,1,1,-1,1,2,1,5,1,-1,2,5,4,0,0,1,56.0,50.0,voiture,voiture,1,1,2,1,3
202300012182,2023-08-12 12:15:00,2023,8,12,12,15,86,86066,D725,46.824567,0.620234,Plein jour,Hors agglomération,Hors intersection,Pluie légère,Sans collision,3,2,2,0,1,1,2,0,1,90,1,5,2,0,0,3,22.0,,transport_commun,,1,1,1,2,7
202300012183,2023-11-20 09:30:00,2023,11,20,9,30,974,97409,BRAS DES CHEVRETTES (chemin),-20.95701,55.62527,Plein jour,En agglomération,Hors intersection,Normale,Deux véhicules - côté,3,-1,2,0,1,1,1,0,1,70,2,2,1,0,0,1,43.0,36.0,deux_roues,voiture,1,2,1,1,3
202300012184,2023-12-28 09:20:00,2023,12,28,9,20,13,13204,CHARTREUX (AVENUE DES),43.30473,5.39881,Plein jour,En agglomération,Hors intersection,Temps couvert,Trois véhicules et plus - en chaîne,4,1,1,0,1,1,1,0,1,50,2,2,1,0,0,1,26.0,29.0,voiture,voiture,1,2,1,8,4
202300012185,2023-07-09 06:05:00,2023,7,9,6,5,46,46231,D 811,44.505665,1.151086,Crépuscule ou aube,Hors agglomération,Hors intersection,Normale,Autre collision,3,2,2,0,2,1,1,0,3,80,1,1,0,0,1,0,20.0,,deux_roues,,2,1,1,1,6
202300012186,2023-08-13 08:05:00,2023,8,13,8,5,85,85194,17 Rue Roland Moreno,46.488156,-1.7414765,Plein jour,En agglomération,Hors intersection,Normale,Sans collision,4,2,2,0,1,1,1,0,1,30,1,1,0,0,1,0,20.0,,deux_roues,,1,2,1,1,7
202300012187,2023-06-03 19:00:00,2023,6,3,19,0,59,59043,LILLE (ROUTE DE),50.72837,2.77167,Plein jour,Hors agglomération,Intersection en T,Normale,Deux véhicules - côté,3,2,2,0,1,3,1,0,1,70,2,3,2,0,1,0,28.0,18.0,deux_roues,voiture,1,1,3,1,3
202300012187,2023-06-03 19:00:00,2023,6,3,19,0,59,59043,LILLE (ROUTE DE),50.72837,2.77167,Plein jour,Hors agglomération,Intersection en T,Normale,Deux véhicules - côté,3,2,2,2,1,2,1,0,1,70,2,3,2,0,1,0,28.0,18.0,deux_roues,voiture,1,1,3,1,3
202300012188,2023-12-28 08:20:00,2023,12,28,8,20,13,13208,BENEDETTI (RUE DE),43.277303,5.394606,Plein jour,En agglomération,Hors intersection,Normale,Deux véhicules - frontale,4,1,1,1,2,1,1,0,5,50,2,2,1,0,1,0,23.0,34.0,voiture,deux_roues,1,2,1,1,1
202300012189,2023-07-08 19:20:00,2023,7,8,19,20,29,29208,Langonéry,48.495386,-4.688249,Plein jour,Hors agglomération,Hors intersection,Normale,Deux véhicules - arrière,3,2,2,0,1,3,1,0,1,80,2,2,1,1,0,0,22.0,68.0,voiture,voiture,1,1,1,1,2
202300012190,2023-06-03 21:40:00,2023,6,3,21,40,54,54395,rond point Marcel Brot,48.67717509,6.20538443,Crépuscule ou aube,En agglomération,Autre intersection,Normale,Autre collision,4,1,2,0,1,3,1,9,3,50,1,1,0,0,0,1,52.0,,voiture,,2,2,9,1,6
202300012191,2023-08-12 11:40:00,2023,8,12,11,40,83,83141,D 1555(SORTIE VILLAGE VERS DRAGUIGNAN),43.51476629,6.47644629,Plein jour,Hors agglomération,Hors intersection,Normale,Autre collision,3,3,4,0,1,1,1,0,1,50,2,2,0,0,0,1,,59.0,autre,deux_roues,1,1,1,1,6
202300012192,2023-11-21 13:34:00,2023,11,21,13,34,973,97302,ESTREES (AVENUE D'),4.94077,-52.32368,Plein jour,En agglomération,Intersection en T,Normale,Deux véhicules - côté,3,2,2,0,1,1,1,9,1,50,2,3,1,0,0,2,17.0,28.0,deux_roues,voiture,1,2,3,1,3