accident_id,datetime,annee,mois,jour,heure,minute,departement,commune_insee,adresse,latitude,longitude,luminosite,agglomeration,intersection,meteo,collision,catr,circ,nbv,vosp,prof,plan,surf,infra,situ,vma,nb_vehicules,nb_usagers,nb_indemnes,nb_tues,nb_blesses_hosp,nb_blesses_legers,age_cond_1,age_cond_2,veh_type_cond_1,veh_type_cond_2,lum_code,agg_code,int_code,atm_code,col_code
202300012192,2023-11-21 13:34:00,2023,11,21,13,34,973,97302,ESTREES (AVENUE D'),4.94077,-52.32368,Plein jour,En agglomération,Intersection en T,Normale,Deux véhicules - côté,3,2,2,0,1,1,1,0,1,50,2,3,1,0,0,2,17.0,28.0,deux_roues,voiture,1,2,3,1,3
202300012193,2023-07-09 09:40:00,2023,7,9,9,40,02,02543,D973,49.161684,3.281039,Plein jour,Hors agglomération,Hors intersection,Normale,Autre collision,3,2,2,0,2,2,1,0,3,80,1,1,0,1,0,0,32.0,,deux_roues,,1,1,1,1,6
202300012194,2023-08-12 12:15:00,2023,8,12,12,15,83,83050,KOENIG(AVENUE DU MARECHAL),43.52492261,6.50832412,Plein jour,Hors agglomération,Giratoire,Normale,Deux véhicules - côté,4,2,2,0,1,1,1,0,1,50,2,2,1,0,1,0,64.0,61.0,deux_roues,voiture,1,1,6,1,3
202300012195,2023-12-27 17:00:00,2023,12,27,17,0,13,13215,HENRI BARNIER (BOULEVARD),43.36977,5.34567,Crépuscule ou aube,En agglomération,Hors intersection,Normale,Deux véhicules - arrière,7,2,2,0,2,1,1,0,1,50,2,4,2,0,0,2,55.0,72.0,voiture,voiture,2,2,1,1,2
202300012196,2023-06-02 17:20:00,2023,6,2,17,20,54,54149,D27,49.44725,5.91864,Plein jour,Hors agglomération,Intersection en T,Normale,Deux véhicules - côté,3,2,2,0,1,2,1,0,1,80,2,2,1,0,0,1,24.0,74.0,voiture,deux_roues,1,1,3,1,3
202300012196,2023-06-02 17:20:00,2023,6,2,17,20,54,54149,D27,49.44725,5.91864,Plein jour,Hors agglomération,Intersection en T,Normale,Deux véhicules - côté,3,2,2,0,1,3,1,0,1,80,2,2,1,0,0,1,24.0,74.0,voiture,deux_roues,1,1,3,1,3
202300012197,2023-11-20 22:55:00,2023,11,20,22,55,973,97302,FELIX EBOUE(ROCADE),4.93102508,-52.31328017,Nuit sans éclairage public,En agglomération,Intersection en X,Normale,Sans collision,3,2,2,0,1,1,1,0,1,50,1,1,0,0,0,1,41.0,,deux_roues,,3,2,2,1,7
202300012197,2023-11-20 22:55:00,2023,11,20,22,55,973,97302,FELIX EBOUE(ROCADE),4.93102508,-52.31328017,Nuit sans éclairage public,En agglomération,Intersection en X,Normale,Sans collision,3,2, -1,-1,1,1,1,0,1,-1,1,1,0,0,0,1,41.0,,deux_roues,,3,2,2,1,7
202300012198,2023-07-08 22:25:00,2023,7,8,22,25,54,54325,D133,48.43787339,6.38089265,Nuit sans éclairage public,Hors agglomération,Hors intersection,Normale,Sans collision,3,2,2,0,3,1,1,0,1,80,1,2,1,0,1,0,23.0,,deux_roues,,3,1,1,1,7
202300012199,2023-08-13 06:40:00,2023,8,13,6,40,82,82121,1270 route de molières,44.05022,1.35889,Crépuscule ou aube,En agglomération,Hors intersection,Normale,Autre collision,3,2,2,0,1,1,1,0,1,70,1,2,0,0,0,2,34.0,,utilitaire_camion,,2,2,1,1,6
202300012200,2023-06-03 06:14:00,2023,6,3,6,14,51,51454,POMMERY (BOULEVARD),49.253345,4.054149,Plein jour,En agglomération,Intersection en X,Normale,Autre collision,4,2,2,0,1,1,1,0,4,50,1,1,0,0,0,1,26.0,,voiture,,1,2,2,1,6
202300012200,2023-06-03 06:14:00,2023,6,3,6,14,51,51454,POMMERY (BOULEVARD),49.253345,4.054149,Plein jour,En agglomération,Intersection en X,Normale,Autre collision,4,2,2,0,1,1,1,0,8,50,1,1,0,0,0,1,26.0,,voiture,,1,2,2,1,6
202300012201,2023-12-24 21:15:00,2023,12,24,21,15,12,12305,PIMPEU LIEU-DIT,44.55917,2.21937,Nuit avec éclairage allumé,Hors agglomération,Giratoire,Normale,Deux véhicules - côté,3,2,2,0,1,2,1,0,1,90,2,3,0,0,0,3,65.0,32.0,voiture,voiture,5,1,6,1,3
202300012202,2023-07-08 18:05:00,2023,7,8,18,5,72,72072,Chemin de la Poupetterie,47.808781,0.198779,Plein jour,Hors agglomération,Hors intersection,Normale,Sans collision,3,2,2,0,1,1,1,0,1,-1,1,1,0,0,1,0,22.0,,deux_roues,,1,1,1,1,7
202300012203,2023-08-13 14:10:00,2023,8,13,14,10,79,79329,,46.99196,-0.2171,Plein jour,En agglomération,Hors intersection,Normale,Sans collision,4,2,2,0,1,1,1,9,1,50,1,1,0,0,0,1,22.0,,deux_roues,,1,2,1,1,7
202300012204,2023-11-21 20:22:00,2023,11,21,20,22,69,69386,Rue Garibaldi,45.77125,4.84988,Nuit avec éclairage allumé,En agglomération,Intersection en T,Normale,Deux véhicules - côté,4,1,1,2,1,1,1,0,1,30,2,2,1,0,0,1,48.0,21.0,voiture,deux_roues,5,2,3,1,3
202300012204,2023-11-21 20:22:00,2023,11,21,20,22,69,69386,Rue Garibaldi,45.77125,4.84988,Nuit avec éclairage allumé,En agglomération,Intersection en T,Normale,Deux véhicules - côté,4,2,4,3,1,1,1,0,1,50,2,2,1,0,0,1,48.0,21.0,voiture,deux_roues,5,2,3,1,3
202300012205,2023-06-25 03:15:00,2023,6,25,3,15,06,06105,Chemin du Romanil,43.688849,7.042987,Nuit sans éclairage public,En agglomération,Hors intersection,Normale,Autre collision,4,-1,2,0,2,3,1,0,1,50,1,3,1,0,2,0,19.0,,voiture,,3,2,1,1,6
202300012206,2023-06-02 17:45:00,2023,6,2,17,45,50,50129,EAUX (CHASSE A),49.63638,-1.57188,Plein jour,En agglomération,Hors intersection,Normale,Deux véhicules - frontale,4,2,2,0,1,2,1,0,1,30,2,4,3,0,1,0,20.0,49.0,deux_roues,voiture,1,2,1,1,1
202300012207,2023-08-13 16:45:00,2023,8,13,16,45,79,79081,,46.34221,-0.38233,Plein jour,En agglomération,Hors intersection,Normale,Autre collision,6,-1, -1,0,1,1,1,0,1,30,1,2,1,0,1,0,45.0,,voiture,,1,2,1,1,6
202300012208,2023-07-09 00:05:00,2023,7,9,0,5,50,50086,Route du Hameau Valognes,49.611739,-1.403031,Nuit sans éclairage public,Hors agglomération,Hors intersection,Normale,Autre collision,3,2,1,0,2,2,2,0,3,80,1,1,0,0,1,0,22.0,,voiture,,3,1,1,1,6
202300012209,2023-11-21 12:15:00,2023,11,21,12,15,972,97213,ROUTE NATIONALE 1,14.62279,-60.98974,Plein jour,En agglomération,Place,Normale,Deux véhicules - côté,2,1,1,0,1,1,1,0,1,70,2,2,1,0,1,0,55.0,32.0,voiture,voiture,1,2,7,1,3
202300012210,2023-08-13 08:38:00,2023,8,13,8,38,77,77237,D10,48.843955,2.749072,Plein jour,Hors agglomération,Hors intersection,Normale,Deux véhicules - arrière,3,2,2,0,1,1,1,0,1,70,2,2,1,0,0,1,60.0,,deux_roues,autre,1,1,1,1,2
202300012211,2023-07-09 04:17:00,2023,7,9,4,17,60,60129,Hameau Belle Hourde,49.522314,3.027274,Nuit avec éclairage allumé,En agglomération,Hors intersection,Normale,Sans collision,3,2,2,0,1,2,1,0,8,-1,1,1,0,0,1,0,17.0,,deux_roues,,5,2,1,1,7
202300012212,2023-06-03 19:05:00,2023,6,3,19,5,49,49007,BICHON PLACE,47.4784,-0.5646,Plein jour,En agglomération,Intersection en X,Normale,Deux véhicules - côté,4,1,2,3,1,1,1,0,1,30,2,2,1,0,1,0,15.0,32.0,deux_roues,utilitaire_camion,1,2,2,1,3
202300012212,2023-06-03 19:05:00,2023,6,3,19,5,49,49007,BICHON PLACE,47.4784,-0.5646,Plein jour,En agglomération,Intersection en X,Normale,Deux véhicules - côté,4,-1,1,0,1,1,1,0,1,30,2,2,1,0,1,0,15.0,32.0,deux_roues,utilitaire_camion,1,2,2,1,3
202300012213,2023-12-28 17:05:00,2023,12,28,17,5,06,06088,ARSON (RUE),43.7004573,7.2865733,Nuit avec éclairage allumé,En agglomération,Intersection en X,Normale,Deux véhicules - côté,4,1,3,3,1,1,1,0,1,50,2,2,1,0,0,1,79.0,32.0,deux_roues,voiture,5,2,2,1,3
202300012213,2023-12-28 17:05:00,2023,12,28,17,5,06,06088,ARSON (RUE),43.7004573,7.2865733,Nuit avec éclairage allumé,En agglomération,Intersection en X,Normale,Deux véhicules - côté,4,1,2,0,1,1,1,0,1,50,2,2,1,0,0,1,79.0,32.0,deux_roues,voiture,5,2,2,1,3
202300012214,2023-08-12 18:47:00,2023,8,12,18,47,76,76114,MARTYRS DE LA RESISTANCE (RUE DES),49.57349,0.47737,Plein jour,En agglomération,Hors intersection,Normale,Autre collision,3,2,2,0,1,1,1,0,1,30,1,2,1,0,0,1,33.0,,voiture,,1,2,1,1,6
202300012215,2023-07-08 05:35:00,2023,7,8,5,35,60,60030,D927,49.35804846,2.10045146,Crépuscule ou aube,Hors agglomération,Hors intersection,Normale,Deux véhicules - frontale,3,2,2,0,1,1,1,0,1,80,2,3,0,0,1,2,24.0,62.0,voiture,voiture,2,1,1,1,1
202300012216,2023-06-03 07:50:00,2023,6,3,7,50,49,49246,GALLIENI AVENUE,47.4337,-0.52967,Plein jour,En agglomération,Giratoire,Temps éblouissant,Deux véhicules - côté,3,1,1,0,1,1,1,0,1,30,2,2,1,0,1,0,52.0,40.0,voiture,deux_roues,1,2,6,7,3
202300012216,2023-06-03 07:50:00,2023,6,3,7,50,49,49246,GALLIENI AVENUE,47.4337,-0.52967,Plein jour,En agglomération,Giratoire,Temps éblouissant,Deux véhicules - côté,3,2,1,2,1,3,1,0,1,30,2,2,1,0,1,0,52.0,40.0,voiture,deux_roues,1,2,6,7,3
202300012217,2023-11-19 18:10:00,2023,11,19,18,10,972,97209,BOUILLE (RUE),14.60418,-61.06518,Nuit avec éclairage allumé,En agglomération,Hors intersection,Normale,Trois véhicules et plus - collisions multiples,4,3,4,3,1,1,1,0,1,30,3,4,1,0,1,1,20.0,54.0,voiture,deux_roues,5,2,1,1,5
202300012218,2023-12-27 18:30:00,2023,12,27,18,30,75,75114,PORTE DE CHATILLON,48.822561,2.314169,Nuit avec éclairage allumé,En agglomération,Hors intersection,Normale,Deux véhicules - côté,4,1,3,0,1,1,1,0,1,70,2,2,1,0,0,1,29.0,60.0,deux_roues,utilitaire_camion,5,2,1,1,3
202300012219,2023-07-09 13:40:00,2023,7,9,13,40,53,53255,RD 143,48.11001,-0.337121,Plein jour,Hors agglomération,Hors intersection,Normale,Sans collision,3,2,2,0,1,2,1,0,1,80,1,1,0,0,1,0,28.0,,deux_roues,,1,1,1,1,7
202300012220,2023-08-13 19:30:00,2023,8,13,19,30,71,71270,LIBERTE (RUE DE LA),46.32299302,4.81172175,Plein jour,En agglomération,Hors intersection,Pluie forte,Deux véhicules - frontale,3,3,2,0,1,1,2,9,1,50,2,4,0,0,0,4,22.0,63.0,autre,voiture,1,2,1,3,1
202300012221,2023-06-02 12:30:00,2023,6,2,12,30,47,47215,AV DE SAINT ANTOINE,44.36227,0.70399,Plein jour,Hors agglomération,Hors intersection,Normale,Deux véhicules - arrière,4,2,4,1,1,1,1,0,1,50,2,3,2,0,0,1,29.0,74.0,voiture,voiture,1,1,1,1,2
202300012222,2023-11-22 00:05:00,2023,11,22,0,5,95,95203,ROGER SALENGRO (PLACE),48.9899,2.27641,Nuit avec éclairage allumé,En agglomération,Giratoire,Pluie légère,Autre collision,4,2,2,0,1,1,2,8,1,50,1,1,0,0,1,0,19.0,,deux_roues,,5,2,6,2,6
202300012222,2023-11-22 00:05:00,2023,11,22,0,5,95,95203,ROGER SALENGRO (PLACE),48.9899,2.27641,Nuit avec éclairage allumé,En agglomération,Giratoire,Pluie légère,Autre collision,4,2,2,0,1,3,2,8,4,50,1,1,0,0,1,0,19.0,,deux_roues,,5,2,6,2,6
202300012223,2023-12-28 11:40:00,2023,12,28,11,40,75,75117,RUE AMPERE,48.885204,2.305584,Plein jour,En agglomération,Hors intersection,Temps couvert,Deux véhicules - côté,4,2,2,0,1,1,1,0,1,30,2,3,2,0,0,1,33.0,25.0,deux_roues,voiture,1,2,1,8,3
202300012224,2023-07-09 10:00:00,2023,7,9,10,0,40,40309,avenue du 11 novembre 1918,43.789526,-0.714801,Plein jour,En agglomération,Intersection en X,Normale,Deux véhicules - côté,3,2,2,0,1,1,1,5,1,50,2,2,1,0,1,0,61.0,82.0,deux_roues,voiture,1,2,2,1,3
202300012224,2023-07-09 10:00:00,2023,7,9,10,0,40,40309,avenue du 11 novembre 1918,43.789526,-0.714801,Plein jour,En agglomération,Intersection en X,Normale,Deux véhicules - côté,3,-1, -1,-1,-1,-1,-1,-1,-1,-1,2,2,1,0,1,0,61.0,82.0,deux_roues,voiture,1,2,2,1,3
202300012225,2023-06-03 10:00:00,2023,6,3,10,0,45,45285,124 Rue Charles Beauhaire,47.91424,1.87088,Plein jour,En agglomération,Hors intersection,Normale,Deux véhicules - côté,4,2,2,0,1,1,1,0,1,50,2,2,1,0,0,1,26.0,18.0,voiture,deux_roues,1,2,1,1,3
202300012226,2023-08-13 04:00:00,2023,8,13,4,0,69,69266,Boulevard Laurent Bonnevay,45.78765,4.8819,Nuit sans éclairage public,En agglomération,Hors intersection,Normale,Autre collision,4,2,4,0,1,1,1,9,1,50,1,6,5,0,0,1,33.0,,voiture,,3,2,1,1,6
202300012227,2023-12-28 20:30:00,2023,12,28,20,30,75,75115,BOULEVARD DE VAUGIRARD,48.840892,2.316595,Nuit avec éclairage allumé,En agglomération,Hors intersection,Normale,Deux véhicules - côté,4,1,2,3,1,1,1,0,1,30,2,2,1,0,0,1,30.0,20.0,deux_roues,voiture,5,2,1,1,3
202300012228,2023-07-08 19:50:00,2023,7,8,19,50,24,24002,D69 - PK 9+600,45.307493,0.734711,Plein jour,Hors agglomération,Hors intersection,Normale,Autre collision,3,2,2,0,2,3,1,0,3,80,1,1,0,0,1,0,31.0,,deux_roues,,1,1,1,1,6
202300012229,2023-11-05 23:40:00,2023,11,5,23,40,95,95598,D928,48.990937,2.289383,Nuit avec éclairage allumé,En agglomération,Intersection en X,Normale,Deux véhicules - côté,3,1,1,0,1,1,1,0,1,50,2,3,2,0,0,1,22.0,,voiture,voiture,5,2,2,1,3
202300012229,2023-11-05 23:40:00,2023,11,5,23,40,95,95598,D928,48.990937,2.289383,Nuit avec éclairage allumé,En agglomération,Intersection en X,Normale,Deux véhicules - côté,3,-1,0,0,1,1,1,0,1,50,2,3,2,0,0,1,22.0,,voiture,voiture,5,2,2,1,3
202300012230,2023-08-13 22:00:00,2023,8,13,22,0,69,69264,Boulevard Louis Blanc,45.98864,4.72163,Nuit avec éclairage allumé,En agglomération,Intersection en X,Normale,Deux véhicules - côté,4,2,3,3,4,1,1,0,1,50,2,2,1,0,0,1,43.0,20.0,voiture,voiture,5,2,2,1,3
202300012230,2023-08-13 22:00:00,2023,8,13,22,0,69,69264,Boulevard Louis Blanc,45.98864,4.72163,Nuit avec éclairage allumé,En agglomération,Intersection en X,Normale,Deux véhicules - côté,4,1,1,0,1,1,1,0,1,30,2,2,1,0,0,1,43.0,20.0,voiture,voiture,5,2,2,1,3
202300012231,2023-12-28 18:50:00,2023,12,28,18,50,75,75115,RUE CAMBRONNE,48.847782,2.301582,Nuit avec éclairage allumé,En agglomération,Place,Normale,Autre collision,4,1, -1,-1,1,1,1,0,1,-1,1,2,1,0,0,1,62.0,,voiture,,5,2,7,1,6
202300012231,2023-12-28 18:50:00,2023,12,28,18,50,75,75115,RUE CAMBRONNE,48.847782,2.301582,Nuit avec éclairage allumé,En agglomération,Place,Normale,Autre collision,4,2,2,0,1,1,1,0,1,30,1,2,1,0,0,1,62.0,,voiture,,5,2,7,1,6
202300012232,2023-06-03 19:30:00,2023,6,3,19,30,44,44162,Route de Vannes,47.25167,-1.62159,Plein jour,En agglomération,Giratoire,Normale,Deux véhicules - arrière,2,1,2,0,3,1,1,3,1,30,2,3,0,0,0,3,36.0,56.0,voiture,voiture,1,2,6,1,2
202300012232,2023-06-03 19:30:00,2023,6,3,19,30,44,44162,Route de Vannes,47.25167,-1.62159,Plein jour,En agglomération,Giratoire,Normale,Deux véhicules - arrière,2,1,3,0,1,2,1,5,1,30,2,3,0,0,0,3,36.0,56.0,voiture,voiture,1,2,6,1,2
202300012233,2023-07-05 05:45:00,2023,7,5,5,45,24,24311,Rue du Pavé,45.53306,0.662667,Crépuscule ou aube,En agglomération,Autre intersection,Normale,Deux véhicules - côté,3,2,2,0,2,1,1,0,1,50,2,2,1,0,1,0,34.0,24.0,voiture,deux_roues,2,2,9,1,3
202300012234,2023-11-20 12:45:00,2023,11,20,12,45,91,91552,RTE NATIONALE 20,48.60151,2.24697,Plein jour,En agglomération,Intersection en Y,Normale,Autre collision,3,1,2,0,1,1,1,0,1,70,1,1,0,0,0,1,45.0,,voiture,,1,2,4,1,6
202300012234,2023-11-20 12:45:00,2023,11,20,12,45,91,91552,RTE NATIONALE 20,48.60151,2.24697,Plein jour,En agglomération,Intersection en Y,Normale,Autre collision,3,1,1,0,1,3,1,0,1,50,1,1,0,0,0,1,45.0,,voiture,,1,2,4,1,6
202300012235,2023-07-08 16:08:00,2023,7,8,16,8,24,24026,PR 39+150 mètres (sens croissant),45.195466,0.87985,Plein jour,Hors agglomération,Hors intersection,Temps éblouissant,Autre collision,3,2,2,0,1,2,1,0,3,80,1,1,0,0,1,0,27.0,,deux_roues,,1,1,1,7,6
202300012236,2023-08-13 20:10:00,2023,8,13,20,10,69,69199,Avenue Jean Jaurès,45.71079,4.85511,Plein jour,En agglomération,Hors intersection,Pluie légère,Autre collision,7,2,2,0,1,1,2,0,1,50,1,3,2,0,0,1,36.0,,utilitaire_camion,,1,2,1,2,6
202300012237,2023-06-03 15:45:00,2023,6,3,15,45,38,38421,JULES VALLES (AVENUE),45.17657,5.75234,Plein jour,En agglomération,Intersection en T,Normale,Deux véhicules - côté,7,2,2,0,1,1,1,0,1,50,2,2,1,0,0,1,17.0,37.0,deux_roues,voiture,1,2,3,1,3
202300012237,2023-06-03 15:45:00,2023,6,3,15,45,38,38421,JULES VALLES (AVENUE),45.17657,5.75234,Plein jour,En agglomération,Intersection en T,Normale,Deux véhicules - côté,7,2,2,0,1,1,1,0,1,50,2,2,1,0,0,1,17.0,37.0,deux_roues,voiture,1,2,3,1,3
202300012238,2023-12-28 06:00:00,2023,12,28,6,0,75,75115,RUE DE LA CROIX NIVERT,48.843614,2.295743,Nuit avec éclairage allumé,En agglomération,Intersection en X,Normale,Deux véhicules - côté,4,2,2,0,1,1,1,0,1,30,2,2,1,0,0,1,36.0,52.0,utilitaire_camion,voiture,5,2,2,1,3
202300012238,2023-12-28 06:00:00,2023,12,28,6,0,75,75115,RUE DE LA CROIX NIVERT,48.843614,2.295743,Nuit avec éclairage allumé,En agglomération,Intersection en X,Normale,Deux véhicules - côté,4,1,1,0,1,1,1,0,1,30,2,2,1,0,0,1,36.0,52.0,utilitaire_camion,voiture,5,2,2,1,3
202300012239,2023-08-13 18:00:00,2023,8,13,18,0,65,65440,Boulevard Henri IV,43.23553,0.0563,Plein jour,En agglomération,Hors intersection,Normale,Autre collision,4,2,2,2,1,1,1,6,1,50,1,2,1,0,0,1,,,voiture,,1,2,1,1,6
202300012240,2023-11-21 08:40:00,2023,11,21,8,40,91,91191,François Mitterrand (Avenue),48.722664,2.466076,Plein jour,En agglomération,Autre intersection,Pluie légère,Deux véhicules - côté,4,3,2,1,1,1,2,9,1,30,2,2,1,0,0,1,31.0,41.0,voiture,deux_roues,1,2,9,2,3
202300012241,2023-07-09 01:35:00,2023,7,9,1,35,04,04149,D4096,44.016336,5.92707,Nuit avec éclairage non allumé,Hors agglomération,Autre intersection,Normale,Deux véhicules - frontale,3,2,2,0,2,1,1,0,1,70,2,4,1,0,1,2,23.0,41.0,voiture,utilitaire_camion,4,1,9,1,1
202300012242,2023-12-28 15:15:00,2023,12,28,15,15,75,75107,RUE DE CONSTANTINE,48.859945,2.314836,Plein jour,En agglomération,Intersection en X,Normale,Deux véhicules - côté,4,-1, -1,-1,1,1,1,0,1,-1,2,2,1,0,0,1,35.0,18.0,utilitaire_camion,deux_roues,1,2,2,1,3
202300012242,2023-12-28 15:15:00,2023,12,28,15,15,75,75107,RUE DE CONSTANTINE,48.859945,2.314836,Plein jour,En agglomération,Intersection en X,Normale,Deux véhicules - côté,4,1,2,1,1,1,1,0,1,30,2,2,1,0,0,1,35.0,18.0,utilitaire_camion,deux_roues,1,2,2,1,3
202300012243,2023-06-02 16:50:00,2023,6,2,16,50,37,37261,MARMOUTIER (QUAI DE),47.40272,0.72189,Plein jour,En agglomération,Hors intersection,Temps éblouissant,Deux véhicules - côté,4,2,2,0,1,1,1,0,1,50,2,5,4,0,0,1,33.0,40.0,voiture,voiture,1,2,1,7,3
202300012244,2023-08-13 17:57:00,2023,8,13,17,57,59,59122,ILE DE FRANCE (RUE D'),50.16162,3.25757,Plein jour,En agglomération,Giratoire,Normale,Deux véhicules - côté,4,2,2,0,1,1,1,0,1,50,2,2,1,0,1,0,24.0,15.0,voiture,deux_roues,1,2,6,1,3
202300012244,2023-08-13 17:57:00,2023,8,13,17,57,59,59122,ILE DE FRANCE (RUE D'),50.16162,3.25757,Plein jour,En agglomération,Giratoire,Normale,Deux véhicules - côté,4,2,2,0,1,1,1,0,1,50,2,2,1,0,1,0,24.0,15.0,voiture,deux_roues,1,2,6,1,3
202300012245,2023-07-08 14:20:00,2023,7,8,14,20,85,85047,Chemin de la Poilière,46.7947259,-1.83546245,Plein jour,Hors agglomération,Intersection en X,Normale,Deux véhicules - côté,4,-1, -1,-1,1,1,1,0,1,-1,2,2,1,0,1,0,21.0,17.0,voiture,deux_roues,1,1,2,1,3
202300012245,2023-07-08 14:20:00,2023,7,8,14,20,85,85047,Chemin de la Poilière,46.7947259,-1.83546245,Plein jour,Hors agglomération,Intersection en X,Normale,Deux véhicules - côté,4,2,2,0,1,1,1,0,1,80,2,2,1,0,1,0,21.0,17.0,voiture,deux_roues,1,1,2,1,3
202300012246,2023-11-21 19:20:00,2023,11,21,19,20,91,91479,RTE DE FONTAINEBLEAU,48.711622,2.371114,Nuit avec éclairage allumé,En agglomération,Intersection en Y,Normale,Deux véhicules - côté,3,3,4,0,1,1,1,0,1,50,2,2,1,0,1,0,51.0,34.0,voiture,deux_roues,5,2,4,1,3
202300012246,2023-11-21 19:20:00,2023,11,21,19,20,91,91479,RTE DE FONTAINEBLEAU,48.711622,2.371114,Nuit avec éclairage allumé,En agglomération,Intersection en Y,Normale,Deux véhicules - côté,3,1,1,0,1,1,1,0,1,50,2,2,1,0,1,0,51.0,34.0,voiture,deux_roues,5,2,4,1,3
202300012247,2023-12-27 20:40:00,2023,12,27,20,40,94,94081,Avenue Ernest Havet,48.78781,2.40256,Nuit avec éclairage allumé,En agglomération,Intersection en X,Pluie légère,Deux véhicules - côté,4,2,#VALEURMULTI,0,1,1,2,0,1,50,2,3,2,0,1,0,42.0,42.0,deux_roues,voiture,5,2,2,2,3
202300012248,2023-08-13 17:55:00,2023,8,13,17,55,51,51454,MATHIEU (RUE LEON) DU N°1 A 49 ET DU N°2,49.24042,4.00994,Plein jour,En agglomération,Hors intersection,Normale,Deux véhicules - côté,4,1,1,1,2,1,1,0,1,50,2,2,1,0,0,1,24.0,50.0,deux_roues,voiture,1,2,1,1,3
202300012249,2023-06-03 22:45:00,2023,6,3,22,45,35,35238,SERGENT MAGINOT (AVENUE),48.10993018,-1.655505,Nuit avec éclairage allumé,En agglomération,Intersection en X,Normale,Deux véhicules - côté,4,1,2,2,1,1,1,5,1,50,2,2,1,0,0,1,49.0,24.0,deux_roues,voiture,5,2,2,1,3
202300012249,2023-06-03 22:45:00,2023,6,3,22,45,35,35238,SERGENT MAGINOT (AVENUE),48.10993018,-1.655505,Nuit avec éclairage allumé,En agglomération,Intersection en X,Normale,Deux véhicules - côté,4,2,3,2,1,1,1,5,1,50,2,2,1,0,0,1,49.0,24.0,deux_roues,voiture,5,2,2,1,3
202300012250,2023-07-08 05:45:00,2023,7,8,5,45,27,27251,1309 Route de Bernay,49.091572,0.669599,Crépuscule ou aube,Hors agglomération,Hors intersection,Normale,Deux véhicules - côté,3,2,2,0,1,1,1,0,1,80,2,2,1,0,0,1,48.0,26.0,utilitaire_camion,voiture,2,1,1,1,3
202300012251,2023-12-28 18:37:00,2023,12,28,18,37,94,94041,DANIELLE CASANOVA (AV),48.813907,2.384566,Nuit avec éclairage allumé,En agglomération,Hors intersection,Normale,Autre collision,3,2,2,0,1,1,1,0,4,50,1,2,1,0,0,1,42.0,,deux_roues,,5,2,1,1,6
202300012252,2023-08-13 08:50:00,2023,8,13,8,50,45,45234,24 Rue Royale,47.89921,1.90417,Plein jour,En agglomération,Hors intersection,Normale,Deux véhicules - côté,4,1,1,1,1,1,1,0,1,50,2,2,1,0,0,1,22.0,68.0,deux_roues,voiture,1,2,1,1,3
202300012253,2023-11-20 18:20:00,2023,11,20,18,20,91,91479,RUE DU DOCTEUR CHARCOT,48.70376,2.35354,Nuit avec éclairage allumé,En agglomération,Intersection en X,Pluie légère,Deux véhicules - côté,4,2,2,0,1,1,2,0,1,50,2,3,2,0,0,1,54.0,25.0,voiture,deux_roues,5,2,2,2,3
202300012253,2023-11-20 18:20:00,2023,11,20,18,20,91,91479,RUE DU DOCTEUR CHARCOT,48.70376,2.35354,Nuit avec éclairage allumé,En agglomération,Intersection en X,Pluie légère,Deux véhicules - côté,4,1,2,0,1,1,2,0,1,50,2,3,2,0,0,1,54.0,25.0,voiture,deux_roues,5,2,2,2,3
202300012254,2023-06-03 01:20:00,2023,6,3,1,20,34,34301,12 Avenue Antoine de Saint Exupéry,43.4129,3.66457,Nuit avec éclairage allumé,En agglomération,Hors intersection,Normale,Deux véhicules - frontale,4,2,2,0,1,1,1,0,1,50,2,2,1,0,1,0,22.0,18.0,voiture,deux_roues,5,2,1,1,1
202300012255,2023-07-08 19:10:00,2023,7,8,19,10,30,30062,Rue André Hebrard,43.7861,4.2022,Plein jour,En agglomération,Intersection en X,Normale,Deux véhicules - côté,4,2, -1,0,1,1,1,0,1,-1,2,2,1,0,1,0,36.0,69.0,voiture,deux_roues,1,2,2,1,3
202300012255,2023-07-08 19:10:00,2023,7,8,19,10,30,30062,Rue André Hebrard,43.7861,4.2022,Plein jour,En agglomération,Intersection en X,Normale,Deux véhicules - côté,4,2,2,0,1,1,1,0,1,30,2,2,1,0,1,0,36.0,69.0,voiture,deux_roues,1,2,2,1,3
202300012256,2023-08-13 18:30:00,2023,8,13,18,30,44,44215,,47.1815,-1.50213,Plein jour,Hors agglomération,Hors intersection,Normale,Sans collision,2,1,2,0,1,3,1,0,3,70,1,2,0,0,0,2,20.0,,voiture,,1,1,1,1,7
202300012257,2023-12-28 09:55:00,2023,12,28,9,55,93,93078,Avenue Roger Salengro,48.95464,2.53785,Plein jour,En agglomération,Hors intersection,Normale,Autre collision,4,1,1,0,1,1,1,0,4,50,1,2,1,0,0,1,89.0,,voiture,,1,2,1,1,6
202300012258,2023-11-21 05:42:00,2023,11,21,5,42,87,87085,GIFFARD (RUE HENRI),45.87009,1.2698,Nuit avec éclairage allumé,En agglomération,Hors intersection,Pluie légère,Autre collision,4,3,6,3,2,1,2,0,1,50,1,2,1,0,1,0,32.0,,voiture,,5,2,1,2,6
202300012259,2023-06-03 20:00:00,2023,6,3,20,0,34,34172,37 Rue de la Figairasse,43.6054149,3.85372147,Plein jour,En agglomération,Intersection en T,Normale,Deux véhicules - côté,4,2, -1,0,1,3,1,0,1,30,2,2,1,0,0,1,30.0,,deux_roues,utilitaire_camion,1,2,3,1,3