accident_id,datetime,annee,mois,jour,heure,minute,departement,commune_insee,adresse,latitude,longitude,luminosite,agglomeration,intersection,meteo,collision,catr,circ,nbv,vosp,prof,plan,surf,infra,situ,vma,nb_vehicules,nb_usagers,nb_indemnes,nb_tues,nb_blesses_hosp,nb_blesses_legers,age_cond_1,age_cond_2,veh_type_cond_1,veh_type_cond_2,lum_code,agg_code,int_code,atm_code,col_code
202300012259,2023-06-03 20:00:00,2023,6,3,20,0,34,34172,37 Rue de la Figairasse,43.6054149,3.85372147,Plein jour,En agglomération,Intersection en T,Normale,Deux véhicules - côté,4,2,2,0,1,1,1,0,1,30,2,2,1,0,0,1,30.0,,deux_roues,utilitaire_camion,1,2,3,1,3
202300012260,2023-07-08 19:30:00,2023,7,8,19,30,38,38449,Autoroute A43 de Chambéry à Lyon,45.647318,5.125079,Plein jour,Hors agglomération,Hors intersection,Normale,Deux véhicules - côté,1,3,3,0,1,1,1,0,1,130,2,2,1,0,1,0,18.0,38.0,voiture,deux_roues,1,1,1,1,3
202300012261,2023-08-13 18:25:00,2023,8,13,18,25,43,43157,Rue Charles Rocher,45.03955,3.88046,Plein jour,En agglomération,Intersection en T,Normale,Deux véhicules - frontale,4,1,1,0,1,1,1,0,1,50,2,2,1,0,0,1,67.0,30.0,voiture,deux_roues,1,2,3,1,1
202300012261,2023-08-13 18:25:00,2023,8,13,18,25,43,43157,Rue Charles Rocher,45.03955,3.88046,Plein jour,En agglomération,Intersection en T,Normale,Deux véhicules - frontale,4,3,2,0,1,1,1,0,1,50,2,2,1,0,0,1,67.0,30.0,voiture,deux_roues,1,2,3,1,1
202300012262,2023-12-27 18:20:00,2023,12,27,18,20,93,93073,Avenue du General Pouderoux / Rue Charles Cros,48.96704,2.56797,Nuit avec éclairage allumé,En agglomération,Intersection en X,Normale,Deux véhicules - côté,3,2,2,0,1,1,1,0,1,50,2,2,1,0,0,1,26.0,20.0,deux_roues,voiture,5,2,2,1,3
202300012262,2023-12-27 18:20:00,2023,12,27,18,20,93,93073,Avenue du General Pouderoux / Rue Charles Cros,48.96704,2.56797,Nuit avec éclairage allumé,En agglomération,Intersection en X,Normale,Deux véhicules - côté,3,2,4,0,2,1,1,0,1,50,2,2,1,0,0,1,26.0,20.0,deux_roues,voiture,5,2,2,1,3
202300012263,2023-06-03 21:40:00,2023,6,3,21,40,33,33039,Boulevard Jean-Jacques Bosc,44.81699,-0.54849,Nuit avec éclairage allumé,En agglomération,Intersection en X,Temps couvert,Deux véhicules - côté,4,2,2,0,1,1,2,5,1,50,2,2,1,0,0,1,29.0,19.0,voiture,voiture,5,2,2,8,3
202300012263,2023-06-03 21:40:00,2023,6,3,21,40,33,33039,Boulevard Jean-Jacques Bosc,44.81699,-0.54849,Nuit avec éclairage allumé,En agglomération,Intersection en X,Temps couvert,Deux véhicules - côté,4,2,4,0,1,1,2,5,1,50,2,2,1,0,0,1,29.0,19.0,voiture,voiture,5,2,2,8,3
202300012264,2023-07-30 11:30:00,2023,7,30,11,30,38,38053,TRIBUNAL,45.5866,5.2776,Plein jour,En agglomération,Hors intersection,Normale,Autre collision,4,2,1,0,1,1,1,0,1,50,1,2,1,0,0,1,66.0,,voiture,,1,2,1,1,6
202300012265,2023-07-08 18:00:00,2023,7,8,18,0,988,98817,AVENUE DES DEUX BAIES/RUE DES MORATIA,-22.21992,166.48994,Crépuscule ou aube,En agglomération,Giratoire,Pluie légère,Autre collision,3,2,2,-1,-1,1,2,5,1,-1,1,3,1,0,0,2,,,utilitaire_camion,,2,2,6,2,6
202300012265,2023-07-08 18:00:00,2023,7,8,18,0,988,98817,AVENUE DES DEUX BAIES/RUE DES MORATIA,-22.21992,166.48994,Crépuscule ou aube,En agglomération,Giratoire,Pluie légère,Autre collision,3,3,2,0,1,1,2,5,1,50,1,3,1,0,0,2,,,utilitaire_camion,,2,2,6,2,6
202300012266,2023-06-03 12:15:00,2023,6,3,12,15,33,33063,Boulevard Alfred Daney,44.86725,-0.57251,Plein jour,En agglomération,Hors intersection,Normale,Deux véhicules - côté,4,3,4,3,1,1,1,0,1,50,2,2,1,0,0,1,39.0,61.0,voiture,deux_roues,1,2,1,1,3
202300012267,2023-11-20 18:05:00,2023,11,20,18,5,84,84007,MARSEILLE (Route)-MONTFAVET,43.90223,4.89443,Crépuscule ou aube,Hors agglomération,Hors intersection,Normale,Trois véhicules et plus - en chaîne,2,3,4,0,2,1,1,0,1,90,4,6,3,0,0,3,51.0,19.0,voiture,voiture,2,1,1,1,4
202300012268,2023-07-08 19:50:00,2023,7,8,19,50,77,77005,D418,48.908821,2.710233,Plein jour,Hors agglomération,Hors intersection,Normale,Deux véhicules - arrière,3,2,2,0,1,1,1,0,1,80,2,3,0,0,0,3,16.0,27.0,deux_roues,deux_roues,1,1,1,1,2
202300012269,2023-12-28 14:40:00,2023,12,28,14,40,92,92050,BOUVETS BOULEVARD DES,48.89686,2.22403,Plein jour,En agglomération,Intersection en X,Normale,Deux véhicules - côté,4,1,2,0,1,1,1,0,1,50,2,2,1,0,0,1,23.0,19.0,voiture,deux_roues,1,2,2,1,3
202300012269,2023-12-28 14:40:00,2023,12,28,14,40,92,92050,BOUVETS BOULEVARD DES,48.89686,2.22403,Plein jour,En agglomération,Intersection en X,Normale,Deux véhicules - côté,4,2,2,0,1,1,1,0,1,50,2,2,1,0,0,1,23.0,19.0,voiture,deux_roues,1,2,2,1,3
202300012270,2023-08-12 14:10:00,2023,8,12,14,10,33,33529,BISCAROSSE (AVE) DUNE VERS BISCA,44.5867,-1.2051,Plein jour,Hors agglomération,Hors intersection,Normale,Deux véhicules - frontale,3,2,2,1,1,1,1,0,1,50,2,7,1,0,2,4,43.0,30.0,voiture,voiture,1,1,1,1,1
202300012271,2023-07-07 22:10:00,2023,7,7,22,10,91,91249,Rue du Ruisseau,48.619612,2.080075,Nuit avec éclairage non allumé,Hors agglomération,Hors intersection,Normale,Deux véhicules - frontale,3,1,1,0,2,3,1,0,1,80,2,2,1,0,0,1,22.0,43.0,voiture,deux_roues,4,1,1,1,1
202300012272,2023-08-12 17:44:00,2023,8,12,17,44,31,31555,AV MAURICE MAGRE,43.576307,1.383149,Plein jour,En agglomération,Hors intersection,Normale,Deux véhicules - côté,4,2,2,0,1,1,1,0,1,50,2,2,1,0,1,0,25.0,36.0,voiture,deux_roues,1,2,1,1,3
202300012273,2023-06-03 01:30:00,2023,6,3,1,30,33,33318,Avenue du Haut Lévèque,44.794,-0.65785,Nuit sans éclairage public,En agglomération,Hors intersection,Normale,Deux véhicules - frontale,4,2,3,2,2,3,2,2,1,50,2,6,5,0,0,1,28.0,46.0,voiture,utilitaire_camion,3,2,1,1,1
202300012274,2023-11-19 16:16:00,2023,11,19,16,16,84,84007,MARSEILLE (Route de ),43.90592,4.89098,Plein jour,En agglomération,Hors intersection,Normale,Deux véhicules - arrière,2,3,4,0,1,1,1,0,1,90,2,3,1,0,1,1,67.0,70.0,voiture,voiture,1,2,1,1,2
202300012275,2023-12-28 20:20:00,2023,12,28,20,20,92,92012,ANDRE MORIZET (AVENUE) 1/47 - 2/52,48.8350074,2.24128246,Nuit avec éclairage allumé,En agglomération,Intersection en X,Normale,Deux véhicules - côté,3,2,2,0,1,1,1,0,1,50,2,3,2,0,0,1,41.0,39.0,voiture,utilitaire_camion,5,2,2,1,3
202300012275,2023-12-28 20:20:00,2023,12,28,20,20,92,92012,ANDRE MORIZET (AVENUE) 1/47 - 2/52,48.8350074,2.24128246,Nuit avec éclairage allumé,En agglomération,Intersection en X,Normale,Deux véhicules - côté,3,2,2,0,1,1,1,0,1,50,2,3,2,0,0,1,41.0,39.0,voiture,utilitaire_camion,5,2,2,1,3
202300012276,2023-07-06 21:10:00,2023,7,6,21,10,66,66008,,42.54481,3.036593,Crépuscule ou aube,En agglomération,Intersection en T,Normale,Autre collision,4,2, -1,-1,1,1,1,0,8,30,1,2,1,0,0,1,22.0,,voiture,,2,2,3,1,6
202300012276,2023-07-06 21:10:00,2023,7,6,21,10,66,66008,,42.54481,3.036593,Crépuscule ou aube,En agglomération,Intersection en T,Normale,Autre collision,4,2,2,1,1,1,1,0,4,50,1,2,1,0,0,1,22.0,,voiture,,2,2,3,1,6
202300012277,2023-08-13 05:25:00,2023,8,13,5,25,29,29039,Place de l'Eglise,47.888716,-3.90178,Nuit avec éclairage non allumé,En agglomération,Giratoire,Normale,Autre collision,4,2,2,0,3,1,1,9,8,50,1,1,0,0,0,1,27.0,,voiture,,4,2,6,1,6
202300012278,2023-06-03 10:59:00,2023,6,3,10,59,27,27229,COCHEREL (RUE DE),49.020658,1.181701,Plein jour,En agglomération,Hors intersection,Normale,Deux véhicules - côté,4,1,0,0,1,2,1,0,1,70,2,2,1,0,0,1,40.0,41.0,voiture,voiture,1,2,1,1,3
202300012279,2023-07-07 19:10:00,2023,7,7,19,10,66,66008,,42.551382,2.997293,Plein jour,Hors agglomération,Giratoire,Normale,Deux véhicules - côté,3,1,2,0,1,2,1,0,1,50,2,2,1,0,0,1,64.0,19.0,deux_roues,voiture,1,1,6,1,3
202300012280,2023-12-29 20:10:00,2023,12,29,20,10,66,66172,,42.70289619,2.86487818,Nuit sans éclairage public,Hors agglomération,Hors intersection,Normale,Autre collision,1,3,6,0,1,1,1,0,1,130,1,4,0,1,1,2,22.0,,voiture,,3,1,1,1,6
202300012281,2023-07-05 18:00:00,2023,7,5,18,0,34,34127,201 Route de Mauguio,43.648117,4.068943,Plein jour,En agglomération,Hors intersection,Normale,Sans collision,3,2,2,0,1,3,1,0,3,30,1,1,0,0,1,0,77.0,,voiture,,1,2,1,1,7
202300012282,2023-11-19 01:11:00,2023,11,19,1,11,84,84007,FOLIE (Avenue de la),43.9469,4.82858,Nuit avec éclairage allumé,En agglomération,Giratoire,Normale,Deux véhicules - côté,4,2,2,0,1,1,1,5,1,50,2,3,1,0,0,2,37.0,25.0,voiture,deux_roues,5,2,6,1,3
202300012282,2023-11-19 01:11:00,2023,11,19,1,11,84,84007,FOLIE (Avenue de la),43.9469,4.82858,Nuit avec éclairage allumé,En agglomération,Giratoire,Normale,Deux véhicules - côté,4,2,2,0,1,1,1,5,1,50,2,3,1,0,0,2,37.0,25.0,voiture,deux_roues,5,2,6,1,3
202300012283,2023-12-29 11:15:00,2023,12,29,11,15,22,22311,14 Rue des Tilleuls,48.545489,-2.229635,Plein jour,En agglomération,Hors intersection,Normale,Deux véhicules - côté,3,2,2,0,1,1,1,0,1,30,2,2,1,0,0,1,70.0,69.0,voiture,deux_roues,1,2,1,1,3
202300012284,2023-06-02 14:35:00,2023,6,2,14,35,26,26198,TEIL (Route du),44.55537,4.719969,Plein jour,Hors agglomération,Hors intersection,Normale,Trois véhicules et plus - en chaîne,2,2,2,0,2,1,1,2,1,70,3,5,4,0,0,1,53.0,65.0,voiture,voiture,1,1,1,1,4
202300012285,2023-07-07 19:10:00,2023,7,7,19,10,84,84054,Route d'Apt,43.912601,5.073713,Plein jour,Hors agglomération,Hors intersection,Normale,Autre collision,3,2,2,0,1,1,1,0,3,80,1,1,0,0,1,0,26.0,,voiture,,1,1,1,1,6
202300012286,2023-11-20 07:55:00,2023,11,20,7,55,83,83144,FARNOUS (IMP /  RUE J.),43.13698,5.98229,Plein jour,En agglomération,Hors intersection,Normale,Autre collision,4,1,1,0,1,1,1,0,1,30,1,2,1,0,0,1,22.0,,utilitaire_camion,,1,2,1,1,6
202300012287,2023-12-29 12:40:00,2023,12,29,12,40,17,17015,D114,45.560627,-0.859492,Plein jour,Hors agglomération,Hors intersection,Pluie forte,Autre collision,3,2,2,0,1,1,2,0,8,80,1,1,0,0,1,0,33.0,,voiture,,1,1,1,3,6
202300012288,2023-08-12 12:20:00,2023,8,12,12,20,18,18279,,47.249876,2.060307,Plein jour,Hors agglomération,Hors intersection,Pluie légère,Autre collision,3,2,2,0,1,1,2,0,1,80,5,9,5,0,0,4,36.0,33.0,voiture,voiture,1,1,1,2,6
202300012289,2023-06-03 23:50:00,2023,6,3,23,50,22,22187,SURCOUF (RUE),48.53727,-2.72104,Nuit sans éclairage public,En agglomération,Hors intersection,Normale,Autre collision,4,2,2,0,1,1,1,0,1,50,1,1,0,0,0,1,43.0,,voiture,,3,2,1,1,6
202300012290,2023-06-30 20:50:00,2023,6,30,20,50,84,84036,route du THOR,43.926749,4.94845,Plein jour,En agglomération,Intersection en X,Temps éblouissant,Deux véhicules - côté,3,2,1,0,1,1,1,0,1,50,2,3,1,0,2,0,16.0,36.0,deux_roues,voiture,1,2,2,7,3
202300012290,2023-06-30 20:50:00,2023,6,30,20,50,84,84036,route du THOR,43.926749,4.94845,Plein jour,En agglomération,Intersection en X,Temps éblouissant,Deux véhicules - côté,3,2, -1,-1,1,1,1,-1,1,-1,2,3,1,0,2,0,16.0,36.0,deux_roues,voiture,1,2,2,7,3
202300012291,2023-11-18 16:25:00,2023,11,18,16,25,83,83137,OLLIVIER (RUE EMILE),43.11988,5.94376,Plein jour,En agglomération,Hors intersection,Normale,Deux véhicules - frontale,4,2,2,0,1,1,1,0,1,50,2,3,0,0,1,2,21.0,94.0,voiture,voiture,1,2,1,1,1
202300012292,2023-12-29 15:00:00,2023,12,29,15,0,41,41040,D957,47.679316,1.218066,Plein jour,Hors agglomération,Hors intersection,Normale,Deux véhicules - côté,3,2,2,0,1,1,1,0,1,80,2,4,0,0,0,4,74.0,65.0,voiture,voiture,1,1,1,1,3
202300012293,2023-06-03 02:10:00,2023,6,3,2,10,18,18279,Route du Village d’En Haut,47.236643,2.116123,Nuit sans éclairage public,Hors agglomération,Hors intersection,Normale,Autre collision,4,2,2,0,2,1,1,0,3,50,1,2,0,0,0,2,25.0,,voiture,,3,1,1,1,6
202300012294,2023-08-13 20:36:00,2023,8,13,20,36,17,17300,BEL AIR RUE,46.167794,-1.167352,Plein jour,En agglomération,Hors intersection,Normale,Sans collision,4,1,1,0,1,1,1,0,1,50,1,3,1,0,2,0,,,voiture,,1,2,1,1,7
202300012295,2023-07-09 13:34:00,2023,7,9,13,34,06,06146,M2205,43.918608,7.189457,Plein jour,Hors agglomération,Hors intersection,Normale,Autre collision,7,2,2,0,1,3,1,0,1,80,1,1,0,0,0,1,62.0,,deux_roues,,1,1,1,1,6
202300012296,2023-11-15 13:30:00,2023,11,15,13,30,83,83123,DEUXIEME SPAHIS (AVENUE DU),43.12015367,5.80287832,Plein jour,En agglomération,Hors intersection,Normale,Deux véhicules - côté,4,3,2,0,1,1,1,0,1,50,2,2,1,0,1,0,59.0,49.0,voiture,deux_roues,1,2,1,1,3
202300012297,2023-06-03 21:50:00,2023,6,3,21,50,17,17306,HEDDE (AVENUE DANIEL),45.63699,-1.028429,Crépuscule ou aube,En agglomération,Hors intersection,Normale,Deux véhicules - côté,4,3,2,2,1,1,1,0,1,30,2,2,1,0,0,1,17.0,30.0,deux_roues,voiture,2,2,1,1,3
202300012298,2023-07-08 02:10:00,2023,7,8,2,10,13,13066,D26,43.872921,4.915514,Nuit sans éclairage public,Hors agglomération,Autre intersection,Normale,Sans collision,3,2,2,0,1,1,1,0,3,80,1,2,1,0,1,0,30.0,,voiture,,3,1,9,1,7
202300012299,2023-08-12 15:15:00,2023,8,12,15,15,14,14302,Route de Villers,49.289812,0.078699,Plein jour,Hors agglomération,Intersection en X,Normale,Sans collision,3,2,2,0,3,1,1,0,1,70,2,2,1,0,0,1,63.0,60.0,deux_roues,voiture,1,1,2,1,7
202300012299,2023-08-12 15:15:00,2023,8,12,15,15,14,14302,Route de Villers,49.289812,0.078699,Plein jour,Hors agglomération,Intersection en X,Normale,Sans collision,3,2,2,0,3,1,1,0,1,70,2,2,1,0,0,1,63.0,60.0,deux_roues,voiture,1,1,2,1,7
202300012300,2023-08-13 18:25:00,2023,8,13,18,25,13,13216,ANDRÉ ROUSSIN (AVENUE),43.36177,5.3395,Plein jour,En agglomération,Hors intersection,Normale,Sans collision,7,1,0,0,2,1,1,0,1,50,1,2,0,0,0,2,30.0,,deux_roues,,1,2,1,1,7
202300012301,2023-06-03 11:25:00,2023,6,3,11,25,14,14118,Boulevard des Baladas,49.17177,-0.37687,Plein jour,En agglomération,Hors intersection,Normale,Deux véhicules - côté,4,2,4,0,1,1,1,0,1,50,2,3,1,0,0,2,64.0,34.0,voiture,voiture,1,2,1,1,3
202300012302,2023-12-28 21:14:00,2023,12,28,21,14,37,37266,"Autoroute 85, Péage de Veigné, sens ANGERS-VIERZON",47.31187612,0.7346034,Nuit avec éclairage allumé,Hors agglomération,Hors intersection,Temps couvert,Deux véhicules - arrière,1,3,0,0,1,1,2,7,1,70,2,4,1,0,1,2,,23.0,voiture,voiture,5,1,1,8,2
202300012303,2023-11-21 17:45:00,2023,11,21,17,45,77,77284,D360,48.957564,2.875926,Nuit avec éclairage allumé,En agglomération,Intersection en X,Pluie légère,Autre collision,3,2,4,0,1,1,2,2,1,50,1,2,1,0,0,1,61.0,,voiture,,5,2,2,2,6
202300012303,2023-11-21 17:45:00,2023,11,21,17,45,77,77284,D360,48.957564,2.875926,Nuit avec éclairage allumé,En agglomération,Intersection en X,Pluie légère,Autre collision,3,1,3,0,1,1,2,0,1,50,1,2,1,0,0,1,61.0,,voiture,,5,2,2,2,6
202300012304,2023-07-07 18:55:00,2023,7,7,18,55,21,21138,D905,47.204788,5.324681,Crépuscule ou aube,Hors agglomération,Intersection en T,Temps éblouissant,Deux véhicules - côté,3,2,2,0,1,1,1,5,1,90,2,2,1,0,1,0,17.0,74.0,deux_roues,utilitaire_camion,2,1,3,7,3
202300012304,2023-07-07 18:55:00,2023,7,7,18,55,21,21138,D905,47.204788,5.324681,Crépuscule ou aube,Hors agglomération,Intersection en T,Temps éblouissant,Deux véhicules - côté,3,2,2,0,1,1,1,5,1,90,2,2,1,0,1,0,17.0,74.0,deux_roues,utilitaire_camion,2,1,3,7,3
202300012305,2023-12-29 09:50:00,2023,12,29,9,50,62,62207,D901E1,50.45419771,1.75529373,Plein jour,En agglomération,Hors intersection,Pluie forte,Autre collision,3,2,2,0,1,1,2,0,4,50,1,1,0,0,1,0,64.0,,voiture,,1,2,1,3,6
202300012306,2023-06-02 17:00:00,2023,6,2,17,0,13,13043,GAL RAOUL SALAN (AV DU ),43.3965,5.21961,Plein jour,En agglomération,Hors intersection,Normale,Deux véhicules - frontale,4,2,2,1,1,2,1,0,1,30,2,2,0,0,0,2,29.0,45.0,voiture,voiture,1,2,1,1,1
202300012307,2023-08-12 16:40:00,2023,8,12,16,40,13,13028,CD 559 (CHEMIN DEPARTEMENTAL°,43.18536075,5.66173972,Plein jour,En agglomération,Intersection en X,Normale,Deux véhicules - côté,3,2,0,0,1,2,1,0,1,30,2,3,1,0,2,0,21.0,47.0,deux_roues,voiture,1,2,2,1,3
202300012307,2023-08-12 16:40:00,2023,8,12,16,40,13,13028,CD 559 (CHEMIN DEPARTEMENTAL°,43.18536075,5.66173972,Plein jour,En agglomération,Intersection en X,Normale,Deux véhicules - côté,3,3,2,0,2,1,1,5,1,50,2,3,1,0,2,0,21.0,47.0,deux_roues,voiture,1,2,2,1,3
202300012308,2023-12-29 05:00:00,2023,12,29,5,0,89,89367,D9 lieu dit  le deffand,47.625488,3.295341,Nuit sans éclairage public,Hors agglomération,Hors intersection,Pluie légère,Autre collision,3,2,2,0,1,1,2,0,3,90,1,1,0,0,1,0,19.0,,voiture,,3,1,1,2,6
202300012309,2023-07-08 15:00:00,2023,7,8,15,0,68,68296,Rue de la Gare,48.22746,7.380672,Plein jour,Hors agglomération,Intersection en X,Normale,Deux véhicules - côté,3,2,2,0,1,1,1,0,1,80,2,2,1,0,1,0,75.0,39.0,deux_roues,voiture,1,1,2,1,3
202300012309,2023-07-08 15:00:00,2023,7,8,15,0,68,68296,Rue de la Gare,48.22746,7.380672,Plein jour,Hors agglomération,Intersection en X,Normale,Deux véhicules - côté,3,2, -1,-1,1,1,1,0,1,-1,2,2,1,0,1,0,75.0,39.0,deux_roues,voiture,1,1,2,1,3
202300012310,2023-08-13 18:17:00,2023,8,13,18,17,06,06004,NICE(RN.7) AV.ET RTE DE,43.606144,7.123598,Plein jour,En agglomération,Hors intersection,Normale,Deux véhicules - arrière,3,2,2,0,1,1,1,0,1,50,2,2,1,0,1,0,25.0,49.0,voiture,deux_roues,1,2,1,1,2
202300012311,2023-06-03 08:00:00,2023,6,3,8,0,13,13004,AV DES ALYSCAMPS,43.67423046,4.63227691,Plein jour,En agglomération,Hors intersection,Normale,Autre collision,4,2,4,0,2,1,1,0,1,50,1,3,1,0,1,1,50.0,,deux_roues,,1,2,1,1,6
202300012312,2023-11-21 19:30:00,2023,11,21,19,30,77,77438,D217B,48.8496,2.67774,Nuit avec éclairage allumé,En agglomération,Intersection en X,Pluie légère,Deux véhicules - frontale,3,2,2,0,1,1,2,6,1,50,2,4,2,0,0,2,45.0,31.0,voiture,voiture,5,2,2,2,1
202300012312,2023-11-21 19:30:00,2023,11,21,19,30,77,77438,D217B,48.8496,2.67774,Nuit avec éclairage allumé,En agglomération,Intersection en X,Pluie légère,Deux véhicules - frontale,3,2,2,0,1,1,2,9,1,50,2,4,2,0,0,2,45.0,31.0,voiture,voiture,5,2,2,2,1
202300012313,2023-07-07 08:50:00,2023,7,7,8,50,67,67028,D212,48.355893,7.606251,Plein jour,Hors agglomération,Hors intersection,Normale,Autre collision,3,2,2,0,1,1,1,0,3,80,1,1,0,0,1,0,74.0,,voiture,,1,1,1,1,6
202300012314,2023-12-19 17:50:00,2023,12,19,17,50,22,22207,rue de la gare,48.610796,-3.471884,Nuit avec éclairage allumé,En agglomération,Hors intersection,Pluie légère,Deux véhicules - frontale,4,2,2,0,2,1,2,0,1,30,2,2,1,0,1,0,71.0,17.0,voiture,deux_roues,5,2,1,2,1
202300012315,2023-08-13 18:05:00,2023,8,13,18,5,04,04070,verdun ( avenue de ),44.08805,6.22166,Plein jour,En agglomération,Hors intersection,Normale,Deux véhicules - côté,4,2,1,0,1,1,1,0,1,50,2,2,0,0,1,1,25.0,48.0,deux_roues,voiture,1,2,1,1,3
202300012316,2023-07-08 19:30:00,2023,7,8,19,30,03,03165,22-24 Place de l'Eglise,46.072836,3.66835,Plein jour,En agglomération,Hors intersection,Normale,Autre collision,4,2,2,0,2,1,1,0,1,50,2,2,1,0,0,1,23.0,47.0,voiture,deux_roues,1,2,1,1,6
202300012317,2023-11-21 09:37:00,2023,11,21,9,37,77,77131,D402,48.81499,3.08226,Plein jour,En agglomération,Autre intersection,Pluie légère,Autre collision,3,2,2,0,1,1,2,0,1,50,1,2,1,1,0,0,62.0,,utilitaire_camion,,1,2,9,2,6
202300012318,2023-12-29 04:47:00,2023,12,29,4,47,25,25139,D48,47.014048,6.380026,Nuit sans éclairage public,Hors agglomération,Hors intersection,Pluie légère,Autre collision,3,2,2,0,1,1,2,0,3,80,1,4,0,1,0,3,52.0,,voiture,,3,1,1,2,6
202300012319,2023-06-03 06:45:00,2023,6,3,6,45,13,13001,ST HILAIRE (CH),43.47908,5.39396,Plein jour,Hors agglomération,Giratoire,Normale,Deux véhicules - arrière,3,2,2,1,1,1,1,5,1,50,2,2,1,0,0,1,37.0,29.0,utilitaire_camion,utilitaire_camion,1,1,6,1,2
202300012319,2023-06-03 06:45:00,2023,6,3,6,45,13,13001,ST HILAIRE (CH),43.47908,5.39396,Plein jour,Hors agglomération,Giratoire,Normale,Deux véhicules - arrière,3,2,4,0,1,1,1,5,1,50,2,2,1,0,0,1,37.0,29.0,utilitaire_camion,utilitaire_camion,1,1,6,1,2
202300012319,2023-06-03 06:45:00,2023,6,3,6,45,13,13001,ST HILAIRE (CH),43.47908,5.39396,Plein jour,Hors agglomération,Giratoire,Normale,Deux véhicules - arrière,3,2,1,0,1,1,1,5,1,50,2,2,1,0,0,1,37.0,29.0,utilitaire_camion,utilitaire_camion,1,1,6,1,2
202300012320,2023-08-03 21:15:00,2023,8,3,21,15,03,03185,Avenue des Guineberts,46.33695,2.58729,Crépuscule ou aube,En agglomération,Giratoire,Normale,Deux véhicules - côté,3,2,1,0,1,2,1,5,1,50,2,2,1,0,0,1,74.0,71.0,voiture,deux_roues,2,2,6,1,3
202300012320,2023-08-03 21:15:00,2023,8,3,21,15,03,03185,Avenue des Guineberts,46.33695,2.58729,Crépuscule ou aube,En agglomération,Giratoire,Normale,Deux véhicules - côté,3,2,2,1,1,2,1,5,1,50,2,2,1,0,0,1,74.0,71.0,voiture,deux_roues,2,2,6,1,3
202300012321,2023-11-20 12:00:00,2023,11,20,12,0,76,76351,LOUIS BLANC,49.507101,0.128483,Plein jour,En agglomération,Giratoire,Pluie légère,Autre collision,4,2,2,0,4,1,2,0,1,50,1,2,1,0,0,1,90.0,,voiture,,1,2,6,2,6
202300012321,2023-11-20 12:00:00,2023,11,20,12,0,76,76351,LOUIS BLANC,49.507101,0.128483,Plein jour,En agglomération,Giratoire,Pluie légère,Autre collision,4,1,2,0,1,3,2,0,1,50,1,2,1,0,0,1,90.0,,voiture,,1,2,6,2,6
202300012322,2023-06-03 12:30:00,2023,6,3,12,30,06,06088,VEIL (AV. SIMONE),43.689242,7.201129,Plein jour,En agglomération,Hors intersection,Normale,Deux véhicules - côté,4,3,4,0,1,1,1,0,3,70,2,2,1,0,1,0,35.0,23.0,voiture,voiture,1,2,1,1,3
202300012323,2023-12-28 15:30:00,2023,12,28,15,30,44,44005,42 Rue de Pornic,47.116602,-1.946753,Plein jour,En agglomération,Intersection en T,Normale,Deux véhicules - côté,3,2,1,0,1,1,1,5,1,50,2,3,1,0,2,0,16.0,20.0,deux_roues,voiture,1,2,3,1,3
202300012323,2023-12-28 15:30:00,2023,12,28,15,30,44,44005,42 Rue de Pornic,47.116602,-1.946753,Plein jour,En agglomération,Intersection en T,Normale,Deux véhicules - côté,3,2,1,0,1,1,1,0,1,50,2,3,1,0,2,0,16.0,20.0,deux_roues,voiture,1,2,3,1,3
202300012324,2023-07-09 11:45:00,2023,7,9,11,45,38,38548,351 Avenue des Bains,45.067526,5.547938,Plein jour,En agglomération,Hors intersection,Normale,Autre collision,4,2,1,0,1,1,1,9,8,50,1,2,1,0,1,0,90.0,,voiture,,1,2,1,1,6
202300012325,2023-08-13 11:20:00,2023,8,13,11,20,75,75119,RUE DE L OURCQ,48.890279,2.382684,Plein jour,En agglomération,Intersection en X,Normale,Autre collision,4,1, -1,-1,1,1,1,0,1,-1,1,2,1,0,0,1,44.0,,voiture,,1,2,2,1,6
202300012325,2023-08-13 11:20:00,2023,8,13,11,20,75,75119,RUE DE L OURCQ,48.890279,2.382684,Plein jour,En agglomération,Intersection en X,Normale,Autre collision,4,2,1,0,1,1,1,0,1,30,1,2,1,0,0,1,44.0,,voiture,,1,2,2,1,6
202300012326,2023-06-03 04:20:00,2023,6,3,4,20,05,05023,SYLVESTRE (RUE JOSEPH),44.88541,6.633904,Nuit avec éclairage allumé,En agglomération,Hors intersection,Normale,Autre collision,3,2,2,0,1,2,1,0,4,30,1,1,0,0,0,1,20.0,,voiture,,5,2,1,1,6
202300012327,2023-11-21 08:35:00,2023,11,21,8,35,76,76217,BERIGNY (BOULEVARD),49.92,1.08,Nuit avec éclairage non allumé,En agglomération,Autre intersection,Pluie forte,Autre collision,6,-1, -1,0,1,2,2,0,1,50,1,2,1,0,1,0,76.0,,voiture,,4,2,9,3,6
202300012328,2023-12-27 22:28:00,2023,12,27,22,28,44,44126,6 Rue de la Croix Mouraud,47.137899,-2.19196,Nuit avec éclairage non allumé,En agglomération,Giratoire,Normale,Autre collision,3,2,2,0,1,1,2,0,1,50,1,2,0,0,0,2,17.0,,deux_roues,,4,2,6,1,6
202300012329,2023-07-08 17:45:00,2023,7,8,17,45,07,07127,Route du Puy,44.658275,4.307606,Plein jour,En agglomération,Hors intersection,Normale,Autre collision,2,2,2,0,1,1,1,0,3,-1,1,3,0,0,1,2,31.0,,voiture,,1,2,1,1,6