accident_id,datetime,annee,mois,jour,heure,minute,departement,commune_insee,adresse,latitude,longitude,luminosite,agglomeration,intersection,meteo,collision,catr,circ,nbv,vosp,prof,plan,surf,infra,situ,vma,nb_vehicules,nb_usagers,nb_indemnes,nb_tues,nb_blesses_hosp,nb_blesses_legers,age_cond_1,age_cond_2,veh_type_cond_1,veh_type_cond_2,lum_code,agg_code,int_code,atm_code,col_code
202300012330,2023-08-13 11:40:00,2023,8,13,11,40,75,75116,PORTE DAUPHINE,48.87329,2.272378,Plein jour,En agglomération,Hors intersection,Normale,Autre collision,4,2,2,0,1,1,1,0,1,50,1,3,2,0,1,0,29.0,,voiture,,1,2,1,1,6
202300012331,2023-11-21 09:30:00,2023,11,21,9,30,72,72181,NATIONS UNIES (BD DES),47.99538,0.22742,Plein jour,En agglomération,Autre intersection,Temps couvert,Deux véhicules - côté,4,2,2,0,1,1,2,0,1,50,2,2,1,0,0,1,36.0,18.0,voiture,deux_roues,1,2,9,8,3
202300012332,2023-06-03 13:35:00,2023,6,3,13,35,75,75119,BD PERIPHERIQUE EXTERIEUR,48.879766,2.407328,Plein jour,En agglomération,Hors intersection,Normale,Deux véhicules - côté,4,1,4,0,1,1,1,0,1,70,2,3,1,0,0,2,51.0,37.0,deux_roues,voiture,1,2,1,1,3
202300012333,2023-07-09 06:30:00,2023,7,9,6,30,86,86074,D21,46.586168,0.112975,Crépuscule ou aube,Hors agglomération,Hors intersection,Normale,Autre collision,3,2,2,0,1,1,1,0,3,90,1,2,0,1,1,0,29.0,,voiture,,2,1,1,1,6
202300012334,2023-08-13 15:40:00,2023,8,13,15,40,75,75115,RUE GASTON DE CAILLAVET,48.848975,2.284572,Plein jour,En agglomération,Hors intersection,Normale,Autre collision,4,2,2,0,1,1,1,0,1,30,1,2,1,0,0,1,76.0,,voiture,,1,2,1,1,6
202300012335,2023-12-26 08:12:00,2023,12,26,8,12,14,14057,Route de Bourguebus,49.11936,-0.225606,Crépuscule ou aube,Hors agglomération,Hors intersection,Normale,Autre collision,3,2,2,0,1,1,1,0,3,80,1,1,0,0,0,1,21.0,,voiture,,2,1,1,1,6
202300012336,2023-11-21 07:45:00,2023,11,21,7,45,72,72181,KLOTZ HENRI-PIERRE (AV),48.02028,0.16202,Crépuscule ou aube,En agglomération,Autre intersection,Temps couvert,Deux véhicules - arrière,4,1,2,0,1,1,2,5,1,50,2,2,1,0,0,1,24.0,30.0,voiture,voiture,2,2,9,8,2
202300012337,2023-08-12 13:20:00,2023,8,12,13,20,75,75112,AVENUE DE GRAVELLE,48.824787,2.415596,Plein jour,En agglomération,Hors intersection,Normale,Autre collision,4,2,2,0,1,1,1,0,1,30,1,1,0,0,0,1,92.0,,voiture,,1,2,1,1,6
202300012338,2023-06-02 21:45:00,2023,6,2,21,45,75,75112,BD PERIPHERIQUE EXTERIEUR,48.827141,2.39103,Nuit avec éclairage allumé,En agglomération,Hors intersection,Normale,Deux véhicules - côté,4,1,2,0,1,2,1,0,1,50,2,2,1,0,0,1,34.0,40.0,deux_roues,utilitaire_camion,5,2,1,1,3
202300012339,2023-07-07 19:50:00,2023,7,7,19,50,85,85113,50 Chemin du grand pas,46.725565,-2.368192,Plein jour,En agglomération,Hors intersection,Normale,Deux véhicules - frontale,4,2,2,0,1,2,1,0,1,-1,2,2,1,0,0,1,15.0,49.0,deux_roues,voiture,1,2,1,1,1
202300012340,2023-07-08 19:15:00,2023,7,8,19,15,22,22208,rue de la libération,48.307733,-1.999276,Plein jour,Hors agglomération,Hors intersection,Normale,Sans collision,4,2,2,0,1,2,1,0,3,80,1,1,0,0,1,0,61.0,,deux_roues,,1,1,1,1,7
202300012341,2023-11-21 17:50:00,2023,11,21,17,50,71,71306,GENERAL DE GAULLE (QUAI DU),46.67546,4.36339,Crépuscule ou aube,En agglomération,Hors intersection,Normale,Autre collision,4,2,2,0,1,1,1,0,1,50,1,2,1,0,0,1,68.0,,voiture,,2,2,1,1,6
202300012342,2023-08-13 03:30:00,2023,8,13,3,30,75,75111,RUE SAINT MAUR,48.863062,2.379321,Nuit avec éclairage allumé,En agglomération,Intersection en X,Normale,Deux véhicules - côté,4,1,1,2,1,1,1,0,1,30,2,2,1,0,0,1,46.0,20.0,voiture,deux_roues,5,2,2,1,3
202300012342,2023-08-13 03:30:00,2023,8,13,3,30,75,75111,RUE SAINT MAUR,48.863062,2.379321,Nuit avec éclairage allumé,En agglomération,Intersection en X,Normale,Deux véhicules - côté,4,1,1,2,1,1,1,0,1,30,2,2,1,0,0,1,46.0,20.0,voiture,deux_roues,5,2,2,1,3
202300012343,2023-12-27 15:40:00,2023,12,27,15,40,21,21685,Rue de Montbard,47.679276,4.524034,Plein jour,En agglomération,Intersection en X,Normale,Deux véhicules - frontale,3,2,2,0,1,2,1,0,1,50,2,2,1,0,0,1,20.0,32.0,voiture,deux_roues,1,2,2,1,1
202300012343,2023-12-27 15:40:00,2023,12,27,15,40,21,21685,Rue de Montbard,47.679276,4.524034,Plein jour,En agglomération,Intersection en X,Normale,Deux véhicules - frontale,3,2,2,0,1,1,1,0,1,50,2,2,1,0,0,1,20.0,32.0,voiture,deux_roues,1,2,2,1,1
202300012344,2023-06-02 14:20:00,2023,6,2,14,20,75,75118,PORTE DE CLIGNANCOURT,48.900954,2.346667,Plein jour,En agglomération,Hors intersection,Normale,Trois véhicules et plus - en chaîne,4,1,4,0,1,1,1,0,1,70,3,3,2,0,0,1,37.0,30.0,deux_roues,deux_roues,1,2,1,1,4
202300012345,2023-07-08 23:45:00,2023,7,8,23,45,27,27458,D321,49.328639,1.231488,Nuit sans éclairage public,Hors agglomération,Hors intersection,Normale,Deux véhicules - arrière,3,2,2,0,4,1,1,0,1,80,2,2,1,0,1,0,52.0,,voiture,voiture,3,1,1,1,2
202300012346,2023-11-20 16:00:00,2023,11,20,16,0,71,71270,HERITAN (RUE DE L'),46.30687,4.82933,Plein jour,En agglomération,Hors intersection,Normale,Autre collision,4,2,2,3,1,1,1,0,1,30,1,2,1,0,1,0,60.0,,transport_commun,,1,2,1,1,6
202300012347,2023-08-12 23:45:00,2023,8,12,23,45,75,75119,AVENUE CORENTIN CARIOU,48.895471,2.383141,Nuit avec éclairage allumé,En agglomération,Hors intersection,Normale,Deux véhicules - côté,4,2,2,0,1,1,1,0,1,30,2,2,1,0,0,1,36.0,35.0,deux_roues,voiture,5,2,1,1,3
202300012348,2023-12-28 23:00:00,2023,12,28,23,0,21,21114,Rue des Forges,47.648443,4.275476,Nuit avec éclairage allumé,En agglomération,Hors intersection,Pluie légère,Autre collision,3,2,2,0,1,1,2,0,1,50,1,3,2,1,0,0,25.0,,voiture,,5,2,1,2,6
202300012349,2023-07-08 23:50:00,2023,7,8,23,50,60,60342,D62F,49.296038,2.451748,Nuit sans éclairage public,En agglomération,Autre intersection,Normale,Autre collision,3,1,2,0,2,3,1,3,1,70,1,2,0,0,2,0,22.0,,voiture,,3,2,9,1,6
202300012350,2023-06-02 09:30:00,2023,6,2,9,30,75,75113,PORTE D ITALIE,48.816224,2.363941,Plein jour,En agglomération,Hors intersection,Normale,Deux véhicules - arrière,4,1,4,0,1,2,1,0,1,70,2,2,1,0,0,1,61.0,39.0,utilitaire_camion,deux_roues,1,2,1,1,2
202300012351,2023-12-28 18:50:00,2023,12,28,18,50,85,85127,chemin des grandes plantes,46.403554,-1.499773,Nuit sans éclairage public,En agglomération,Hors intersection,Pluie légère,Autre collision,4,1,1,0,4,3,2,0,3,50,1,1,0,0,1,0,19.0,,voiture,,3,2,1,2,6
202300012352,2023-11-20 17:40:00,2023,11,20,17,40,71,71076,HUGO (AVENUE VICTOR HUGO),46.78219,4.8448,Nuit avec éclairage allumé,En agglomération,Intersection en T,Normale,Deux véhicules - côté,4,1,2,2,1,1,1,0,1,50,2,2,1,0,0,1,14.0,34.0,deux_roues,voiture,5,2,3,1,3
202300012352,2023-11-20 17:40:00,2023,11,20,17,40,71,71076,HUGO (AVENUE VICTOR HUGO),46.78219,4.8448,Nuit avec éclairage allumé,En agglomération,Intersection en T,Normale,Deux véhicules - côté,4,1,1,0,1,1,1,0,1,50,2,2,1,0,0,1,14.0,34.0,deux_roues,voiture,5,2,3,1,3
202300012353,2023-08-13 18:45:00,2023,8,13,18,45,75,75116,PONT D IENA,48.86017401,2.29151845,Plein jour,En agglomération,Hors intersection,Normale,Deux véhicules - côté,4,2,4,0,1,1,1,0,1,30,2,3,2,0,0,1,30.0,23.0,voiture,deux_roues,1,2,1,1,3
202300012354,2023-06-28 15:05:00,2023,6,28,15,5,59,59249,Rue Xavier Clavon,50.016133,4.039113,Plein jour,En agglomération,Hors intersection,Normale,Autre collision,3,2,2,0,1,3,1,0,1,50,1,2,1,0,0,1,,,deux_roues,,1,2,1,1,6
202300012355,2023-05-31 12:50:00,2023,5,31,12,50,75,75117,BD PERIPHERIQUE EXTERIEUR,48.881911,2.282727,Plein jour,En agglomération,Hors intersection,Normale,Deux véhicules - arrière,4,1,4,0,1,1,1,0,1,70,2,3,1,0,0,2,20.0,34.0,utilitaire_camion,deux_roues,1,2,1,1,2
202300012356,2023-08-13 20:05:00,2023,8,13,20,5,94,94054,Route Charles Tillon,48.74478,2.38632,Crépuscule ou aube,En agglomération,Hors intersection,Normale,Deux véhicules - côté,3,2,2,0,1,2,1,0,1,50,2,2,1,0,0,1,33.0,33.0,deux_roues,voiture,2,2,1,1,3
202300012357,2023-07-08 13:55:00,2023,7,8,13,55,59,59400,Rue du Rinchon,50.644616,2.652588,Plein jour,En agglomération,Hors intersection,Normale,Deux véhicules - côté,4,2,2,0,1,1,1,0,1,50,2,2,1,0,1,0,40.0,49.0,voiture,deux_roues,1,2,1,1,3
202300012358,2023-12-15 17:58:00,2023,12,15,17,58,37,37139,D3,47.42730609,0.55045228,Nuit sans éclairage public,Hors agglomération,Intersection en X,Normale,Trois véhicules et plus - collisions multiples,3,2,2,0,1,1,1,0,1,70,3,3,1,0,0,2,20.0,47.0,voiture,voiture,3,1,2,1,5
202300012358,2023-12-15 17:58:00,2023,12,15,17,58,37,37139,D3,47.42730609,0.55045228,Nuit sans éclairage public,Hors agglomération,Intersection en X,Normale,Trois véhicules et plus - collisions multiples,3,2,2,0,1,1,1,0,1,80,3,3,1,0,0,2,20.0,47.0,voiture,voiture,3,1,2,1,5
202300012359,2023-11-21 17:45:00,2023,11,21,17,45,69,69266,Rue Frédéric Fays,45.7579556,4.90766754,Nuit avec éclairage allumé,En agglomération,Passage à niveau,Temps couvert,Deux véhicules - côté,4,2,2,3,1,1,2,4,6,50,2,3,1,0,2,0,20.0,30.0,voiture,transport_commun,5,2,8,8,3
202300012359,2023-11-21 17:45:00,2023,11,21,17,45,69,69266,Rue Frédéric Fays,45.7579556,4.90766754,Nuit avec éclairage allumé,En agglomération,Passage à niveau,Temps couvert,Deux véhicules - côté,4,1,1,3,1,1,2,4,8,50,2,3,1,0,2,0,20.0,30.0,voiture,transport_commun,5,2,8,8,3
202300012360,2023-12-28 00:45:00,2023,12,28,0,45,30,30249,D40,43.808692,4.231705,Nuit sans éclairage public,Hors agglomération,Giratoire,Normale,Sans collision,3,2,2,0,1,1,1,0,1,80,1,1,0,0,1,0,54.0,,deux_roues,,3,1,6,1,7
202300012361,2023-06-03 19:50:00,2023,6,3,19,50,75,75115,QUAI DE GRENELLE,48.849971,2.282455,Plein jour,En agglomération,Hors intersection,Normale,Deux véhicules - côté,4,2,3,1,1,1,1,0,1,30,2,3,2,0,0,1,32.0,53.0,voiture,deux_roues,1,2,1,1,3
202300012362,2023-08-12 23:30:00,2023,8,12,23,30,93,93077,Grande Rue / Rue de Neuilly,48.88288,2.51378,Nuit avec éclairage non allumé,En agglomération,Intersection en X,Normale,Trois véhicules et plus - en chaîne,3,2,2,0,1,1,1,0,1,50,3,5,4,0,0,1,33.0,29.0,voiture,voiture,4,2,2,1,4
202300012362,2023-08-12 23:30:00,2023,8,12,23,30,93,93077,Grande Rue / Rue de Neuilly,48.88288,2.51378,Nuit avec éclairage non allumé,En agglomération,Intersection en X,Normale,Trois véhicules et plus - en chaîne,3,2,2,0,1,1,1,0,1,-1,3,5,4,0,0,1,33.0,29.0,voiture,voiture,4,2,2,1,4
202300012363,2023-12-28 00:45:00,2023,12,28,0,45,30,30085,D3,43.968272,4.479235,Nuit sans éclairage public,Hors agglomération,Hors intersection,Normale,Autre collision,3,2,2,0,2,1,1,0,3,80,1,1,0,0,1,0,38.0,,voiture,,3,1,1,1,6
202300012364,2023-11-20 12:55:00,2023,11,20,12,55,69,69290,99 Route de Lyon,45.71110479,4.9021711,Plein jour,En agglomération,Intersection en X,Normale,Deux véhicules - côté,7,2,6,3,1,1,1,0,1,50,2,2,1,1,0,0,59.0,35.0,deux_roues,utilitaire_camion,1,2,2,1,3
202300012364,2023-11-20 12:55:00,2023,11,20,12,55,69,69290,99 Route de Lyon,45.71110479,4.9021711,Plein jour,En agglomération,Intersection en X,Normale,Deux véhicules - côté,7,2,5,3,1,1,1,0,1,50,2,2,1,1,0,0,59.0,35.0,deux_roues,utilitaire_camion,1,2,2,1,3
202300012365,2023-07-08 15:15:00,2023,7,8,15,15,91,91432,AUTOROUTE A6,48.691,2.322,Plein jour,Hors agglomération,Hors intersection,Normale,Trois véhicules et plus - en chaîne,1,-1,3,0,2,1,1,0,1,110,4,7,2,0,0,5,21.0,24.0,voiture,voiture,1,1,1,1,4
202300012366,2023-06-03 10:23:00,2023,6,3,10,23,75,75114,RUE VERCINGETORIX,48.832418,2.311017,Plein jour,En agglomération,Hors intersection,Normale,Autre collision,4,1,1,0,1,1,1,0,1,30,1,2,1,0,0,1,38.0,,voiture,,1,2,1,1,6
202300012367,2023-12-29 05:20:00,2023,12,29,5,20,08,08015,Rue du Marais,49.849695,4.311185,Nuit sans éclairage public,Hors agglomération,Hors intersection,Pluie légère,Autre collision,4,2,2,0,1,3,2,0,8,80,1,1,0,1,0,0,33.0,,utilitaire_camion,,3,1,1,2,6
202300012368,2023-11-21 23:00:00,2023,11,21,23,0,67,67482,RHIN TORTU (RUE DU),48.55324,7.75774,Nuit avec éclairage allumé,En agglomération,Hors intersection,Normale,Autre collision,4,2,2,0,1,1,1,0,3,50,1,2,1,0,0,1,36.0,,voiture,,5,2,1,1,6
202300012369,2023-08-13 15:30:00,2023,8,13,15,30,92,92025,EDGARD QUINET (BD),48.92565332,2.24724931,Plein jour,En agglomération,Intersection en X,Normale,Deux véhicules - côté,3,1,1,0,1,1,1,0,1,30,2,2,1,0,1,0,22.0,20.0,deux_roues,voiture,1,2,2,1,3
202300012369,2023-08-13 15:30:00,2023,8,13,15,30,92,92025,EDGARD QUINET (BD),48.92565332,2.24724931,Plein jour,En agglomération,Intersection en X,Normale,Deux véhicules - côté,3,2,2,0,1,1,1,0,1,30,2,2,1,0,1,0,22.0,20.0,deux_roues,voiture,1,2,2,1,3
202300012370,2023-12-29 09:00:00,2023,12,29,9,0,13,13051,D15,43.582155,5.099469,Plein jour,Hors agglomération,Hors intersection,Normale,Autre collision,3,2,2,0,1,2,1,0,3,-1,1,2,1,0,1,0,19.0,,voiture,,1,1,1,1,6
202300012371,2023-07-08 13:05:00,2023,7,8,13,5,92,92036,A86,48.93513721,2.26665421,Plein jour,Hors agglomération,Hors intersection,Normale,Trois véhicules et plus - en chaîne,1,-1,2,0,1,1,1,0,1,90,3,4,3,0,0,1,27.0,59.0,voiture,voiture,1,1,1,1,4
202300012372,2023-06-03 18:15:00,2023,6,3,18,15,75,75112,RUE DU FAUBOURG SAINT ANTOINE,48.849803,2.386567,Plein jour,En agglomération,Hors intersection,Normale,Sans collision,4,2,4,0,1,1,1,0,1,30,2,4,2,0,0,2,34.0,32.0,transport_commun,utilitaire_camion,1,2,1,1,7
202300012373,2023-08-15 12:30:00,2023,8,15,12,30,2A,2A065,Route Départementale 81,42.133877,8.598347,Plein jour,Hors agglomération,Hors intersection,Normale,Deux véhicules - côté,3,2,2,0,1,2,1,0,1,80,2,2,0,0,1,1,46.0,36.0,deux_roues,deux_roues,1,1,1,1,3
202300012374,2023-11-21 18:15:00,2023,11,21,18,15,67,67482,OBERHAUSBERGEN (ROUTE D ),48.59178,7.72091,Nuit avec éclairage allumé,En agglomération,Intersection en X,Pluie légère,Autre collision,4,2,4,0,1,1,2,0,1,50,1,2,1,0,1,0,62.0,,voiture,,5,2,2,2,6
202300012374,2023-11-21 18:15:00,2023,11,21,18,15,67,67482,OBERHAUSBERGEN (ROUTE D ),48.59178,7.72091,Nuit avec éclairage allumé,En agglomération,Intersection en X,Pluie légère,Autre collision,4,2,0,0,1,1,2,0,1,50,1,2,1,0,1,0,62.0,,voiture,,5,2,2,2,6
202300012375,2023-07-07 21:25:00,2023,7,7,21,25,78,78043,A12 W,48.82734,2.078,Plein jour,Hors agglomération,Hors intersection,Normale,Deux véhicules - arrière,1,3,8,3,1,1,1,0,8,110,2,2,1,1,0,0,36.0,30.0,utilitaire_camion,voiture,1,1,1,1,2
202300012376,2023-12-28 06:30:00,2023,12,28,6,30,69,69019,Autoroute 6,46.095332,4.746673,Nuit avec éclairage allumé,Hors agglomération,Hors intersection,Normale,Deux véhicules - arrière,1,3,6,0,1,1,1,0,1,130,2,5,4,0,0,1,29.0,41.0,voiture,utilitaire_camion,5,1,1,1,2
202300012377,2023-08-15 15:30:00,2023,8,15,15,30,974,97404,183 Chemin le Cap,-21.246525,55.385538,Plein jour,Hors agglomération,Hors intersection,Normale,Deux véhicules - côté,3,2,2,0,2,2,1,0,1,80,2,2,1,0,1,0,28.0,42.0,deux_roues,voiture,1,1,1,1,3
202300012378,2023-06-02 21:15:00,2023,6,2,21,15,75,75108,PLACE DU GENERAL BROCARD,48.878014,2.305161,Crépuscule ou aube,En agglomération,Place,Normale,Deux véhicules - côté,4,4,5,0,1,1,1,0,1,30,2,2,0,0,0,2,34.0,26.0,deux_roues,deux_roues,2,2,7,1,3
202300012379,2023-11-21 10:10:00,2023,11,21,10,10,67,67482,EGLISE ROUGE (RUE DE L ),48.59608,7.74629,Plein jour,En agglomération,Hors intersection,Normale,Deux véhicules - côté,4,2,4,1,1,1,1,9,5,50,2,2,1,0,0,1,30.0,40.0,deux_roues,voiture,1,2,1,1,3
202300012380,2023-07-08 07:30:00,2023,7,8,7,30,93,93053,AUTOROUTE A3,48.89707199,2.46965129,Plein jour,Hors agglomération,Hors intersection,Normale,Deux véhicules - arrière,1,3,3,0,1,1,1,0,1,90,2,2,1,0,0,1,19.0,47.0,deux_roues,voiture,1,1,1,1,2
202300012381,2023-08-14 17:13:00,2023,8,14,17,13,28,28380,D939,48.41516,1.580186,Plein jour,Hors agglomération,Hors intersection,Normale,Sans collision,3,2,2,0,1,3,1,0,8,80,1,2,0,0,1,1,60.0,,voiture,,1,1,1,1,7
202300012382,2023-08-31 17:45:00,2023,8,31,17,45,78,78537,A10,48.556714,1.938346,Plein jour,Hors agglomération,Hors intersection,Normale,Deux véhicules - arrière,1,3,4,0,1,1,2,0,8,130,2,2,1,0,1,0,60.0,53.0,utilitaire_camion,voiture,1,1,1,1,2
202300012383,2023-06-03 04:07:00,2023,6,3,4,7,75,75108,PLACE DE LA CONCORDE,48.864089,2.320196,Nuit avec éclairage allumé,En agglomération,Place,Normale,Sans collision,4,2,2,1,1,1,1,5,1,30,1,1,0,0,0,1,34.0,,deux_roues,,5,2,7,1,7
202300012383,2023-06-03 04:07:00,2023,6,3,4,7,75,75108,PLACE DE LA CONCORDE,48.864089,2.320196,Nuit avec éclairage allumé,En agglomération,Place,Normale,Sans collision,4,1,2,1,1,1,1,5,1,30,1,1,0,0,0,1,34.0,,deux_roues,,5,2,7,1,7
202300012384,2023-11-21 10:21:00,2023,11,21,10,21,66,66136,PIA (TRAVERSE DE),42.70835,2.89463,Plein jour,En agglomération,Intersection en T,Normale,Deux véhicules - côté,4,1,1,0,1,1,1,0,1,50,2,2,0,1,0,1,55.0,86.0,voiture,deux_roues,1,2,3,1,3
202300012384,2023-11-21 10:21:00,2023,11,21,10,21,66,66136,PIA (TRAVERSE DE),42.70835,2.89463,Plein jour,En agglomération,Intersection en T,Normale,Deux véhicules - côté,4,2,2,0,1,1,1,0,1,50,2,2,0,1,0,1,55.0,86.0,voiture,deux_roues,1,2,3,1,3
202300012385,2023-08-15 16:05:00,2023,8,15,16,5,06,06046,98 Route d'Aspremont,43.764005,7.228966,Plein jour,Hors agglomération,Autre intersection,Normale,Deux véhicules - frontale,7,2,2,0,1,1,1,0,1,50,2,2,1,0,0,1,51.0,29.0,voiture,deux_roues,1,1,9,1,1
202300012386,2023-12-28 22:35:00,2023,12,28,22,35,974,97421,103 RD52,-21.033883,55.533121,Nuit avec éclairage allumé,En agglomération,Hors intersection,Normale,Autre collision,4,2,2,0,2,1,1,0,4,50,1,4,0,0,0,4,26.0,,voiture,,5,2,1,1,6
202300012387,2023-07-08 05:10:00,2023,7,8,5,10,95,95527,A3,48.98424459,2.50466824,Crépuscule ou aube,Hors agglomération,Hors intersection,Normale,Trois véhicules et plus - collisions multiples,1,3,8,0,1,1,1,0,1,90,4,4,3,0,0,1,39.0,33.0,voiture,voiture,2,1,1,1,5
202300012388,2023-06-03 19:15:00,2023,6,3,19,15,75,75107,RUE DE GRENELLE,48.854448,2.325841,Plein jour,En agglomération,Intersection en Y,Normale,Autre collision,4,2,4,1,1,1,1,0,1,30,1,2,1,0,0,1,21.0,,deux_roues,,1,2,4,1,6
202300012388,2023-06-03 19:15:00,2023,6,3,19,15,75,75107,RUE DE GRENELLE,48.854448,2.325841,Plein jour,En agglomération,Intersection en Y,Normale,Autre collision,4,1,1,2,1,1,1,0,1,30,1,2,1,0,0,1,21.0,,deux_roues,,1,2,4,1,6
202300012389,2023-08-13 17:30:00,2023,8,13,17,30,84,84071,D29,43.845361,5.145679,Plein jour,En agglomération,Hors intersection,Normale,Deux véhicules - frontale,3,2,2,0,1,1,1,0,1,50,2,2,1,0,1,0,76.0,15.0,voiture,deux_roues,1,2,1,1,1
202300012390,2023-11-18 12:05:00,2023,11,18,12,5,66,66136,,42.70142,2.89377,Plein jour,En agglomération,Intersection en T,Normale,Deux véhicules - côté,4,2,#VALEURMULTI,0,1,1,1,0,1,50,2,2,1,0,0,1,68.0,44.0,deux_roues,voiture,1,2,3,1,3
202300012391,2023-12-26 13:25:00,2023,12,26,13,25,28,28064,D21,48.805125,1.492724,Plein jour,Hors agglomération,Hors intersection,Pluie légère,Sans collision,3,2,2,0,3,1,2,0,3,80,1,1,0,0,1,0,41.0,,deux_roues,,1,1,1,2,7
202300012392,2023-07-08 00:55:00,2023,7,8,0,55,93,93053,AUTOROUTE A103,48.88865176,2.47259966,Nuit sans éclairage public,Hors agglomération,Hors intersection,Normale,Autre collision,1,1,2,0,1,3,1,0,1,70,1,2,0,0,0,2,22.0,,deux_roues,,3,1,1,1,6
202300012393,2023-06-03 19:20:00,2023,6,3,19,20,75,75104,QUAI DE L HOTEL DE VILLE,48.854071,2.355744,Plein jour,En agglomération,Intersection en T,Normale,Deux véhicules - côté,4,2,4,0,1,1,1,0,1,30,2,2,1,0,0,1,27.0,20.0,deux_roues,voiture,1,2,3,1,3
202300012393,2023-06-03 19:20:00,2023,6,3,19,20,75,75104,QUAI DE L HOTEL DE VILLE,48.854071,2.355744,Plein jour,En agglomération,Intersection en T,Normale,Deux véhicules - côté,4,1,1,0,1,1,1,0,1,30,2,2,1,0,0,1,27.0,20.0,deux_roues,voiture,1,2,3,1,3
202300012394,2023-08-14 08:50:00,2023,8,14,8,50,44,44224,,47.50093,-1.71651,Plein jour,Hors agglomération,Hors intersection,Normale,Deux véhicules - côté,2,2,2,0,1,1,1,0,1,80,2,2,1,0,0,1,68.0,26.0,voiture,deux_roues,1,1,1,1,3
202300012395,2023-11-21 08:20:00,2023,11,21,8,20,64,64445,TOURASSE,43.30833,-0.33915,Plein jour,En agglomération,Giratoire,Pluie légère,Deux véhicules - arrière,4,2,2,0,1,1,2,0,1,50,2,2,1,0,0,1,72.0,45.0,voiture,voiture,1,2,6,2,2
202300012396,2023-07-07 07:00:00,2023,7,7,7,0,95,95277,A3,48.97380877,2.48839259,Plein jour,Hors agglomération,Hors intersection,Normale,Deux véhicules - arrière,1,3,4,0,1,1,1,0,1,90,2,2,1,0,0,1,38.0,41.0,utilitaire_camion,deux_roues,1,1,1,1,2
202300012397,2023-12-25 19:10:00,2023,12,25,19,10,77,77376,D54a,48.933024,2.762135,Nuit sans éclairage public,Hors agglomération,Hors intersection,Normale,Deux véhicules - côté,3,2,2,0,1,2,1,0,3,80,2,3,1,0,0,2,52.0,25.0,voiture,voiture,3,1,1,1,3
202300012398,2023-08-15 00:50:00,2023,8,15,0,50,30,30326,D6580,44.007879,4.734802,Nuit sans éclairage public,Hors agglomération,Giratoire,Normale,Sans collision,3,2,1,0,1,3,1,9,1,80,1,1,0,0,1,0,33.0,,deux_roues,,3,1,6,1,7
202300012399,2023-06-03 02:10:00,2023,6,3,2,10,75,75104,AVENUE VICTORIA,48.857298,2.349615,Nuit avec éclairage allumé,En agglomération,Intersection en Y,Normale,Autre collision,4,1,2,0,1,1,1,0,1,30,1,2,1,0,0,1,48.0,,voiture,,5,2,4,1,6
202300012399,2023-06-03 02:10:00,2023,6,3,2,10,75,75104,AVENUE VICTORIA,48.857298,2.349615,Nuit avec éclairage allumé,En agglomération,Intersection en Y,Normale,Autre collision,4,1,2,1,1,1,1,0,1,30,1,2,1,0,0,1,48.0,,voiture,,5,2,4,1,6
202300012400,2023-11-21 06:05:00,2023,11,21,6,5,64,64445,COMBATTANTS D' INDOCHINE DES,43.31826733,-0.37837923,Nuit avec éclairage allumé,En agglomération,Giratoire,Pluie forte,Deux véhicules - arrière,4,1,2,0,1,2,2,9,1,50,2,2,1,0,0,1,26.0,31.0,voiture,deux_roues,5,2,6,3,2
202300012401,2023-07-07 16:30:00,2023,7,7,16,30,94,94033,A86,48.8552845,2.48933585,Plein jour,Hors agglomération,Hors intersection,Normale,Deux véhicules - frontale,1,3,3,0,1,1,1,0,1,90,2,2,1,0,0,1,22.0,,deux_roues,voiture,1,1,1,1,1
202300012402,2023-08-13 23:45:00,2023,8,13,23,45,83,83092,Route de Pignans,43.307165,6.25011,Nuit sans éclairage public,Hors agglomération,Hors intersection,Normale,Autre collision,3,2,2,0,1,1,1,0,1,80,1,2,1,0,1,0,22.0,,voiture,,3,1,1,1,6
202300012403,2023-12-29 10:30:00,2023,12,29,10,30,83,83030,D12,43.365001,6.095406,Plein jour,Hors agglomération,Intersection en T,Normale,Deux véhicules - côté,3,2,2,0,1,3,1,0,1,80,2,2,1,0,0,1,53.0,80.0,deux_roues,voiture,1,1,3,1,3
202300012403,2023-12-29 10:30:00,2023,12,29,10,30,83,83030,D12,43.365001,6.095406,Plein jour,Hors agglomération,Intersection en T,Normale,Deux véhicules - côté,3,2,2,0,1,1,1,0,1,50,2,2,1,0,0,1,53.0,80.0,deux_roues,voiture,1,1,3,1,3
202300012404,2023-06-02 19:30:00,2023,6,2,19,30,75,75101,RUE DE RIVOLI,48.860964,2.340841,Crépuscule ou aube,En agglomération,Intersection en X,Normale,Autre collision,4,1,3,1,1,1,1,0,5,30,1,2,1,0,0,1,23.0,,deux_roues,,2,2,2,1,6
202300012404,2023-06-02 19:30:00,2023,6,2,19,30,75,75101,RUE DE RIVOLI,48.860964,2.340841,Crépuscule ou aube,En agglomération,Intersection en X,Normale,Autre collision,4,2,4,1,1,1,1,0,5,30,1,2,1,0,0,1,23.0,,deux_roues,,2,2,2,1,6
202300012405,2023-11-21 18:48:00,2023,11,21,18,48,64,64125,BAYONNE (AVENUE DE),43.44866,-1.57147,Nuit avec éclairage allumé,En agglomération,Hors intersection,Pluie légère,Trois véhicules et plus - en chaîne,3,2,3,0,1,1,2,0,1,50,4,4,2,0,0,2,40.0,44.0,utilitaire_camion,utilitaire_camion,5,2,1,2,4