accident_id,datetime,annee,mois,jour,heure,minute,departement,commune_insee,adresse,latitude,longitude,luminosite,agglomeration,intersection,meteo,collision,catr,circ,nbv,vosp,prof,plan,surf,infra,situ,vma,nb_vehicules,nb_usagers,nb_indemnes,nb_tues,nb_blesses_hosp,nb_blesses_legers,age_cond_1,age_cond_2,veh_type_cond_1,veh_type_cond_2,lum_code,agg_code,int_code,atm_code,col_code
202300012406,2023-08-15 14:40:00,2023,8,15,14,40,56,56165,,47.91892,-2.40461,Plein jour,Hors agglomération,Hors intersection,Normale,Autre collision,2,3,4,0,2,2,1,0,3,110,1,3,0,2,1,0,84.0,,voiture,,1,1,1,1,6
202300012407,2023-06-03 17:43:00,2023,6,3,17,43,94,94069,Avenue Saint Maurice du Valais,48.81561665,2.46172848,Plein jour,En agglomération,Hors intersection,Normale,Autre collision,3,2,4,0,2,1,1,0,3,50,1,1,0,0,0,1,64.0,,deux_roues,,1,2,1,1,6
202300012408,2023-07-06 11:50:00,2023,7,6,11,50,76,76540,Rue de la Roche,49.44514,1.10337,Plein jour,En agglomération,Intersection en X,Normale,Autre collision,4,1,1,0,1,1,1,-1,1,30,1,2,1,0,1,0,56.0,,voiture,,1,2,2,1,6
202300012408,2023-07-06 11:50:00,2023,7,6,11,50,76,76540,Rue de la Roche,49.44514,1.10337,Plein jour,En agglomération,Intersection en X,Normale,Autre collision,4,1,1,0,1,1,1,-1,1,30,1,2,1,0,1,0,56.0,,voiture,,1,2,2,1,6
202300012409,2023-12-27 22:01:00,2023,12,27,22,1,26,26362,autoroute A 7 pk 074.300 sens sud nord,44.901856,4.875518,Nuit sans éclairage public,Hors agglomération,Hors intersection,Normale,Deux véhicules - arrière,1,1,3,0,1,1,1,3,1,130,2,6,4,0,1,1,48.0,27.0,utilitaire_camion,voiture,3,1,1,1,2
202300012410,2023-12-28 19:30:00,2023,12,28,19,30,71,71150,D906,46.228719,4.786016,Nuit avec éclairage allumé,Hors agglomération,Hors intersection,Normale,Autre collision,3,2,3,0,2,1,1,0,3,90,1,1,0,0,1,0,81.0,,voiture,,5,1,1,1,6
202300012411,2023-07-07 21:20:00,2023,7,7,21,20,54,54395,Place Henri Mengin,48.68931,6.18335,Crépuscule ou aube,En agglomération,Hors intersection,Normale,Autre collision,4,-1,2,3,1,1,1,0,4,20,1,2,1,0,0,1,,,deux_roues,,2,2,1,1,6
202300012412,2023-08-14 12:15:00,2023,8,14,12,15,56,56032,La Motte,47.96214,-2.270694,Plein jour,Hors agglomération,Hors intersection,Normale,Deux véhicules - frontale,3,2,2,0,1,1,1,0,1,70,2,3,1,0,2,0,36.0,33.0,voiture,voiture,1,1,1,1,1
202300012413,2023-06-03 15:25:00,2023,6,3,15,25,94,94044,20 Avenue Descartes,48.740296,2.486343,Plein jour,En agglomération,Hors intersection,Temps éblouissant,Deux véhicules - côté,3,2,2,0,1,1,1,0,1,50,2,3,2,0,1,0,23.0,24.0,voiture,deux_roues,1,2,1,7,3
202300012414,2023-11-21 18:00:00,2023,11,21,18,0,64,64122,MARCEL DASSAULT (BD),43.45377,-1.55391,Nuit avec éclairage allumé,En agglomération,Hors intersection,Pluie forte,Trois véhicules et plus - en chaîne,3,2,3,0,1,1,2,0,1,50,3,4,3,0,0,1,32.0,53.0,voiture,voiture,5,2,1,3,4
202300012415,2023-07-07 18:40:00,2023,7,7,18,40,25,25388,Rue Jacques Foillet,47.50025,6.81119,Plein jour,En agglomération,Hors intersection,Normale,Autre collision,4,-1,2,0,1,1,1,9,8,30,1,2,1,0,0,1,44.0,,voiture,,1,2,1,1,6
202300012416,2023-12-29 02:30:00,2023,12,29,2,30,73,73081,23 Rue amédée v,45.68236,6.137393,Nuit avec éclairage non allumé,En agglomération,Hors intersection,Normale,Autre collision,3,2,2,0,2,3,1,0,4,50,1,5,0,0,2,3,25.0,,voiture,,4,2,1,1,6
202300012417,2023-06-03 20:42:00,2023,6,3,20,42,94,94068,121 Boulevard de Champigny,48.80696244,2.5089477,Plein jour,En agglomération,Hors intersection,Normale,Deux véhicules - côté,3,2,2,0,2,1,1,0,1,30,2,2,1,0,0,1,22.0,62.0,deux_roues,utilitaire_camion,1,2,1,1,3
202300012418,2023-11-20 17:30:00,2023,11,20,17,30,64,64122,VOLTAIRE (IMPASSE - AVENUE),43.47641,-1.55098,Crépuscule ou aube,En agglomération,Hors intersection,Pluie légère,Sans collision,4,1,1,0,1,1,2,0,1,50,1,1,0,0,0,1,16.0,,deux_roues,,2,2,1,2,7
202300012419,2023-08-14 17:00:00,2023,8,14,17,0,80,80228,Rue Georges Doudoux,50.252875,1.621014,Plein jour,En agglomération,Intersection en T,Normale,Deux véhicules - côté,3,2,2,0,1,1,1,0,1,50,2,5,2,0,0,3,38.0,17.0,voiture,voiture,1,2,3,1,3
202300012419,2023-08-14 17:00:00,2023,8,14,17,0,80,80228,Rue Georges Doudoux,50.252875,1.621014,Plein jour,En agglomération,Intersection en T,Normale,Deux véhicules - côté,3,1,2,0,4,1,1,0,1,50,2,5,2,0,0,3,38.0,17.0,voiture,voiture,1,2,3,1,3
202300012420,2023-12-29 11:40:00,2023,12,29,11,40,38,38344,Rue Claude Bernard,45.360702,4.802651,Plein jour,En agglomération,Hors intersection,Normale,Autre collision,4,2,2,0,1,3,1,0,1,30,1,2,1,0,1,0,51.0,,utilitaire_camion,,1,2,1,1,6
202300012421,2023-07-07 13:45:00,2023,7,7,13,45,93,93071,Avenue John Fitzgerald Kennedy / Allée des Peupliers,48.9333,2.51616,Plein jour,En agglomération,Intersection en X,Normale,Deux véhicules - frontale,3,2,2,0,1,1,1,0,1,50,2,3,1,0,0,2,33.0,9.0,voiture,deux_roues,1,2,2,1,1
202300012421,2023-07-07 13:45:00,2023,7,7,13,45,93,93071,Avenue John Fitzgerald Kennedy / Allée des Peupliers,48.9333,2.51616,Plein jour,En agglomération,Intersection en X,Normale,Deux véhicules - frontale,3,2,2,0,1,1,1,0,1,50,2,3,1,0,0,2,33.0,9.0,voiture,deux_roues,1,2,2,1,1
202300012422,2023-08-14 14:30:00,2023,8,14,14,30,65,65039,D918,42.937983,0.340362,Plein jour,Hors agglomération,Hors intersection,Normale,Sans collision,3,2,2,0,2,4,1,0,1,70,1,1,0,0,0,1,28.0,,deux_roues,,1,1,1,1,7
202300012423,2023-11-21 08:43:00,2023,11,21,8,43,63,63113,JOUHAUX (BD LEON),45.7935,3.1177,Plein jour,En agglomération,Hors intersection,Pluie légère,Deux véhicules - arrière,7,3,4,0,1,1,2,0,1,50,2,2,1,0,0,1,38.0,45.0,voiture,voiture,1,2,1,2,2
202300012424,2023-12-28 18:20:00,2023,12,28,18,20,69,69009,633 Route de Villefranche,45.94278,4.715468,Nuit avec éclairage allumé,En agglomération,Hors intersection,Normale,Autre collision,3,2,2,0,1,1,1,0,1,50,1,1,0,0,0,1,80.0,,voiture,,5,2,1,1,6
202300012425,2023-08-14 14:01:00,2023,8,14,14,1,11,11165,Route départementale 117,42.875913,2.157695,Plein jour,Hors agglomération,Hors intersection,Normale,Autre collision,3,2,2,0,2,2,1,0,3,80,1,1,0,0,1,0,22.0,,deux_roues,,1,1,1,1,6
202300012426,2023-07-05 10:10:00,2023,7,5,10,10,63,63113,CLEMENTEL /Quinet,45.80004,3.1113,Plein jour,En agglomération,Intersection en X,Normale,Deux véhicules - côté,7,1,2,0,1,1,1,0,1,50,2,2,1,0,0,1,52.0,26.0,voiture,utilitaire_camion,1,2,2,1,3
202300012426,2023-07-05 10:10:00,2023,7,5,10,10,63,63113,CLEMENTEL /Quinet,45.80004,3.1113,Plein jour,En agglomération,Intersection en X,Normale,Deux véhicules - côté,7,2,7,0,1,1,1,0,1,50,2,2,1,0,0,1,52.0,26.0,voiture,utilitaire_camion,1,2,2,1,3
202300012427,2023-06-03 16:00:00,2023,6,3,16,0,94,94033,Avenue Parmentier,48.85506278,2.45628226,Plein jour,En agglomération,Hors intersection,Normale,Autre collision,4,2,2,0,2,1,1,0,1,50,2,2,1,0,0,1,84.0,44.0,voiture,deux_roues,1,2,1,1,6
202300012428,2023-12-24 05:55:00,2023,12,24,5,55,85,85092,Avenue du maréchal juin,46.467795,-0.829853,Crépuscule ou aube,En agglomération,Hors intersection,Normale,Autre collision,3,2,2,0,2,1,1,0,1,50,1,2,1,0,1,0,25.0,,voiture,,2,2,1,1,6
202300012429,2023-07-04 10:14:00,2023,7,4,10,14,66,66136,Rue Paul RUBENS,42.69587,2.917,Plein jour,En agglomération,Hors intersection,Normale,Autre collision,4,2,2,0,1,1,1,0,1,50,1,2,1,0,1,0,83.0,,voiture,,1,2,1,1,6
202300012430,2023-11-17 00:27:00,2023,11,17,0,27,62,62193,N216,50.97276167,1.89313531,Nuit avec éclairage allumé,Hors agglomération,Hors intersection,Normale,Autre collision,9,3,4,0,1,1,2,0,2,70,1,7,1,2,1,3,30.0,,utilitaire_camion,,5,1,1,1,6
202300012431,2023-12-29 18:40:00,2023,12,29,18,40,60,60500,Centre commercial Les Portes du Valois (Galerie marchande),49.097096,2.749892,Nuit avec éclairage allumé,En agglomération,Hors intersection,Pluie légère,Deux véhicules - frontale,6,1,2,0,1,1,2,0,8,50,1,2,0,0,0,2,46.0,,voiture,,5,2,1,2,1
202300012432,2023-06-03 19:30:00,2023,6,3,19,30,94,94028,Av du Mal de Lattre de Tassigny,48.798002,2.455888,Plein jour,En agglomération,Autre intersection,Normale,Deux véhicules - arrière,3,2,0,0,1,1,1,6,1,50,2,3,1,0,0,2,23.0,54.0,voiture,voiture,1,2,9,1,2
202300012433,2023-06-21 22:20:00,2023,6,21,22,20,13,13056,REPUBLIQUE,43.40553,5.05492,Nuit avec éclairage allumé,En agglomération,Hors intersection,Normale,Autre collision,7,1,1,0,1,1,1,0,3,30,1,3,1,0,0,2,19.0,,deux_roues,,5,2,1,1,6
202300012434,2023-08-14 18:30:00,2023,8,14,18,30,63,63045,lieu-dit Chez Barrioux,45.789911,3.460178,Plein jour,Hors agglomération,Intersection en X,Temps couvert,Deux véhicules - côté,3,2,2,0,1,1,2,5,1,90,2,6,4,0,2,0,62.0,28.0,autre,voiture,1,1,2,8,3
202300012434,2023-08-14 18:30:00,2023,8,14,18,30,63,63045,lieu-dit Chez Barrioux,45.789911,3.460178,Plein jour,Hors agglomération,Intersection en X,Temps couvert,Deux véhicules - côté,3,2,1,0,1,1,2,5,1,90,2,6,4,0,2,0,62.0,28.0,autre,voiture,1,1,2,8,3
202300012435,2023-12-28 10:40:00,2023,12,28,10,40,59,59092,Rue Henri Bocquet,50.281132,3.320644,Plein jour,En agglomération,Hors intersection,Normale,Autre collision,4,1,1,0,1,1,1,0,1,50,1,2,1,0,0,1,,,voiture,,1,2,1,1,6
202300012436,2023-11-21 08:10:00,2023,11,21,8,10,61,61001,D438,48.44297,0.09916,Plein jour,En agglomération,Hors intersection,Pluie légère,Deux véhicules - arrière,3,2,2,2,1,1,2,0,1,50,2,2,1,0,0,1,27.0,43.0,voiture,voiture,1,2,1,2,2
202300012437,2023-06-03 12:00:00,2023,6,3,12,0,94,94028,Avenue de la France Libre,48.7783,2.45521,Plein jour,En agglomération,Hors intersection,Normale,Autre collision,4,2,2,0,1,1,1,0,1,30,1,2,1,0,0,1,59.0,,voiture,,1,2,1,1,6
202300012438,2023-07-07 12:45:00,2023,7,7,12,45,973,97302,MATOURY (RUE),4.92666,-52.32054,Plein jour,En agglomération,Hors intersection,Normale,Autre collision,3,2,2,0,1,1,1,0,1,50,1,1,0,0,1,0,74.0,,deux_roues,,1,2,1,1,6
202300012439,2023-08-14 16:45:00,2023,8,14,16,45,63,63146,Route de la Forestille,45.705471,3.419623,Plein jour,Hors agglomération,Hors intersection,Normale,Autre collision,3,2,2,0,1,2,1,0,8,90,1,3,0,1,0,2,37.0,,voiture,,1,1,1,1,6
202300012440,2023-12-27 12:30:00,2023,12,27,12,30,13,13005,A52-Sens Pont de l'Etoile vers Toulon,43.28555079,5.58582502,Plein jour,Hors agglomération,Hors intersection,Normale,Sans collision,1,1,2,0,1,2,1,3,1,70,1,1,0,0,0,1,28.0,,voiture,,1,1,1,1,7
202300012441,2023-11-21 10:00:00,2023,11,21,10,0,59,59512,JOUFFROY (RUE),50.68354,3.1851,Plein jour,En agglomération,Hors intersection,Normale,Autre collision,4,1,1,0,1,1,1,6,1,50,1,2,1,0,0,1,56.0,,voiture,,1,2,1,1,6
202300012442,2023-07-07 08:00:00,2023,7,7,8,0,973,97302,BADUEL (ROUTE DE),4.92838,-52.29354,Plein jour,En agglomération,Hors intersection,Pluie légère,Deux véhicules - côté,3,2,1,0,1,1,2,0,1,50,2,2,1,0,1,0,27.0,55.0,voiture,deux_roues,1,2,1,2,3
202300012443,2023-06-03 17:45:00,2023,6,3,17,45,94,94017,Boulevard Gabriel Péri,48.8193,2.5022,Plein jour,En agglomération,Intersection à plus de 4 branches,Normale,Autre collision,3,2,2,0,1,1,1,0,1,50,1,2,1,0,0,1,68.0,,voiture,,1,2,5,1,6
202300012443,2023-06-03 17:45:00,2023,6,3,17,45,94,94017,Boulevard Gabriel Péri,48.8193,2.5022,Plein jour,En agglomération,Intersection à plus de 4 branches,Normale,Autre collision,3,1,2,0,1,1,1,0,1,50,1,2,1,0,0,1,68.0,,voiture,,1,2,5,1,6
202300012444,2023-08-15 09:10:00,2023,8,15,9,10,61,61159,D31 PR28+800,48.662442,0.392707,Plein jour,Hors agglomération,Hors intersection,Normale,Deux véhicules - frontale,3,2,2,0,1,1,1,0,1,80,2,2,1,0,1,0,21.0,56.0,utilitaire_camion,utilitaire_camion,1,1,1,1,1
202300012445,2023-11-20 12:20:00,2023,11,20,12,20,54,54099,RD 138,49.25542456,5.99783062,Plein jour,Hors agglomération,Hors intersection,Pluie forte,Sans collision,3,2,2,0,1,1,2,0,8,80,1,1,0,0,1,0,38.0,,voiture,,1,1,1,3,7
202300012446,2023-12-28 15:25:00,2023,12,28,15,25,92,92002,AUTOROUTE A86,48.76298539,2.30430529,Plein jour,Hors agglomération,Hors intersection,Normale,Trois véhicules et plus - en chaîne,1,1,2,0,1,1,1,1,1,70,4,4,3,0,1,0,30.0,36.0,utilitaire_camion,utilitaire_camion,1,1,1,1,4
202300012447,2023-07-07 02:15:00,2023,7,7,2,15,973,97302,ZEPHIR (ROCADE),4.93592763,-52.30779111,Nuit avec éclairage allumé,En agglomération,Hors intersection,Normale,Deux véhicules - frontale,3,2,2,0,1,1,1,0,1,50,2,3,0,0,0,3,55.0,22.0,voiture,voiture,5,2,1,1,1
202300012448,2023-06-03 10:48:00,2023,6,3,10,48,94,94017,1 Rue du Panorama,48.81747,2.51595,Plein jour,En agglomération,Intersection en T,Normale,Deux véhicules - frontale,4,1,1,0,1,1,1,0,1,30,2,2,1,0,0,1,36.0,53.0,voiture,voiture,1,2,3,1,1
202300012449,2023-08-14 23:25:00,2023,8,14,23,25,49,49123,D347,47.23677431,-0.11212893,Nuit sans éclairage public,Hors agglomération,Hors intersection,Normale,Sans collision,3,2,2,0,1,1,1,0,3,80,1,5,0,0,0,5,19.0,,voiture,,3,1,1,1,7
202300012450,2023-11-21 08:33:00,2023,11,21,8,33,53,53130,GUE D'ORGER ( RUE DU ),48.06185,-0.78097,Plein jour,En agglomération,Intersection en T,Normale,Deux véhicules - côté,4,2,2,0,2,3,1,0,1,50,2,2,1,0,1,0,50.0,51.0,transport_commun,deux_roues,1,2,3,1,3
202300012450,2023-11-21 08:33:00,2023,11,21,8,33,53,53130,GUE D'ORGER ( RUE DU ),48.06185,-0.78097,Plein jour,En agglomération,Intersection en T,Normale,Deux véhicules - côté,4,2,2,0,2,2,1,0,1,50,2,2,1,0,1,0,50.0,51.0,transport_commun,deux_roues,1,2,3,1,3
202300012451,2023-12-28 15:35:00,2023,12,28,15,35,91,91286,AUTOROUTE A6,48.65198,2.38268,Plein jour,Hors agglomération,Hors intersection,Temps couvert,Deux véhicules - côté,1,1,3,0,1,1,1,0,1,110,2,2,1,0,0,1,31.0,43.0,voiture,deux_roues,1,1,1,8,3
202300012452,2023-07-07 09:45:00,2023,7,7,9,45,69,69383,69 Boulevard Marius Vivier-Merle,45.75618,4.85895,Plein jour,En agglomération,Intersection en X,Normale,Deux véhicules - côté,4,2,2,3,1,1,1,0,6,50,2,2,1,0,1,0,55.0,23.0,voiture,deux_roues,1,2,2,1,3
202300012452,2023-07-07 09:45:00,2023,7,7,9,45,69,69383,69 Boulevard Marius Vivier-Merle,45.75618,4.85895,Plein jour,En agglomération,Intersection en X,Normale,Deux véhicules - côté,4,2,2,3,1,1,1,0,6,30,2,2,1,0,1,0,55.0,23.0,voiture,deux_roues,1,2,2,1,3
202300012453,2023-08-14 14:30:00,2023,8,14,14,30,12,12006,D 25 intersection D56 - Lieu-dit La Capelle Farcel,44.14147,2.651101,Plein jour,Hors agglomération,Intersection en X,Normale,Deux véhicules - arrière,3,2,2,0,1,1,1,0,1,90,2,2,1,0,0,1,15.0,74.0,deux_roues,voiture,1,1,2,1,2
202300012453,2023-08-14 14:30:00,2023,8,14,14,30,12,12006,D 25 intersection D56 - Lieu-dit La Capelle Farcel,44.14147,2.651101,Plein jour,Hors agglomération,Intersection en X,Normale,Deux véhicules - arrière,3,2,2,0,1,1,1,0,1,90,2,2,1,0,0,1,15.0,74.0,deux_roues,voiture,1,1,2,1,2
202300012454,2023-06-02 23:50:00,2023,6,2,23,50,93,93027,Rue de Crèvecoeur / Boulevard Pasteur,48.91956766,2.38265052,Nuit avec éclairage allumé,En agglomération,Intersection en X,Normale,Deux véhicules - arrière,3,2,2,-1,1,1,1,0,1,-1,2,2,1,0,0,1,28.0,,deux_roues,voiture,5,2,2,1,2
202300012454,2023-06-02 23:50:00,2023,6,2,23,50,93,93027,Rue de Crèvecoeur / Boulevard Pasteur,48.91956766,2.38265052,Nuit avec éclairage allumé,En agglomération,Intersection en X,Normale,Deux véhicules - arrière,3,2,2,0,1,1,1,0,1,50,2,2,1,0,0,1,28.0,,deux_roues,voiture,5,2,2,1,2
202300012455,2023-11-16 15:05:00,2023,11,16,15,5,50,50218,VENDEENS (AV DES),48.82971,-1.56726,Plein jour,En agglomération,Giratoire,Normale,Deux véhicules - côté,3,2,2,0,2,1,1,5,1,50,2,2,1,0,0,1,32.0,50.0,voiture,deux_roues,1,2,6,1,3
202300012455,2023-11-16 15:05:00,2023,11,16,15,5,50,50218,VENDEENS (AV DES),48.82971,-1.56726,Plein jour,En agglomération,Giratoire,Normale,Deux véhicules - côté,3,2,2,0,2,1,1,5,1,50,2,2,1,0,0,1,32.0,50.0,voiture,deux_roues,1,2,6,1,3
202300012456,2023-12-28 02:50:00,2023,12,28,2,50,78,78238,A13,48.96964,1.86721,Nuit sans éclairage public,Hors agglomération,Hors intersection,Normale,Deux véhicules - arrière,1,-1,3,0,1,1,1,0,1,130,2,5,3,0,0,2,32.0,31.0,voiture,voiture,3,1,1,1,2
202300012457,2023-08-15 15:20:00,2023,8,15,15,20,46,46068,RD 8,44.464324,1.748478,Plein jour,Hors agglomération,Hors intersection,Normale,Deux véhicules - frontale,3,2,2,0,3,4,1,9,1,80,2,3,2,0,1,0,16.0,38.0,deux_roues,voiture,1,1,1,1,1
202300012458,2023-11-17 15:00:00,2023,11,17,15,0,49,49099,RICHARD (BOULEVARD GUSTAVE),47.06224,-0.88056,Plein jour,En agglomération,Intersection en X,Normale,Autre collision,4,1,1,0,1,1,1,0,1,30,1,2,1,0,0,1,40.0,,utilitaire_camion,,1,2,2,1,6
202300012458,2023-11-17 15:00:00,2023,11,17,15,0,49,49099,RICHARD (BOULEVARD GUSTAVE),47.06224,-0.88056,Plein jour,En agglomération,Intersection en X,Normale,Autre collision,4,2,2,0,2,1,1,0,1,50,1,2,1,0,0,1,40.0,,utilitaire_camion,,1,2,2,1,6
202300012459,2023-06-03 16:30:00,2023,6,3,16,30,93,93030,Avenue Louis Larivière / Rue Emile Zola,48.95369,2.41637,Plein jour,En agglomération,Intersection en X,Normale,Deux véhicules - côté,3,2,2,0,1,1,1,0,1,50,2,2,1,0,0,1,47.0,43.0,deux_roues,voiture,1,2,2,1,3
202300012459,2023-06-03 16:30:00,2023,6,3,16,30,93,93030,Avenue Louis Larivière / Rue Emile Zola,48.95369,2.41637,Plein jour,En agglomération,Intersection en X,Normale,Deux véhicules - côté,3,1,1,0,1,1,1,0,1,50,2,2,1,0,0,1,47.0,43.0,deux_roues,voiture,1,2,2,1,3
202300012460,2023-12-28 19:40:00,2023,12,28,19,40,93,93010,AUTOROUTE A3,48.88983,2.47343,Nuit avec éclairage non allumé,Hors agglomération,Hors intersection,Normale,Deux véhicules - arrière,1,1,4,0,1,1,1,0,1,70,2,3,1,0,0,2,26.0,22.0,voiture,deux_roues,4,1,1,1,2
202300012461,2023-07-07 16:25:00,2023,7,7,16,25,972,97209,RD 41 (ROCADE),14.61631,-61.05659,Plein jour,Hors agglomération,Hors intersection,Normale,Trois véhicules et plus - en chaîne,3,1,2,0,2,1,1,0,1,90,3,8,7,0,0,1,20.0,43.0,voiture,voiture,1,1,1,1,4
202300012462,2023-12-28 16:15:00,2023,12,28,16,15,92,92036,AUTOROUTE A86,48.93837004,2.30014011,Plein jour,Hors agglomération,Hors intersection,Normale,Autre collision,1,3,3,0,1,1,1,0,1,90,2,2,1,0,0,1,50.0,20.0,voiture,deux_roues,1,1,1,1,6
202300012463,2023-07-06 21:00:00,2023,7,6,21,0,972,97209,CHATEAUBOEUF (ROUTE DE),14.62045,-61.04345,Nuit avec éclairage allumé,En agglomération,Hors intersection,Normale,Autre collision,3,-1,2,0,1,1,1,0,1,50,1,2,1,0,1,0,37.0,,utilitaire_camion,,5,2,1,1,6
202300012464,2023-11-21 07:45:00,2023,11,21,7,45,49,49007,HAUTE DES BANCHAIS,47.48375,-0.51352,Crépuscule ou aube,En agglomération,Intersection en X,Normale,Autre collision,4,1,1,0,1,1,2,0,1,30,2,2,1,0,0,1,16.0,22.0,deux_roues,deux_roues,2,2,2,1,6
202300012464,2023-11-21 07:45:00,2023,11,21,7,45,49,49007,HAUTE DES BANCHAIS,47.48375,-0.51352,Crépuscule ou aube,En agglomération,Intersection en X,Normale,Autre collision,4,2,2,0,1,1,2,0,1,30,2,2,1,0,0,1,16.0,22.0,deux_roues,deux_roues,2,2,2,1,6
202300012465,2023-06-03 21:50:00,2023,6,3,21,50,93,93057,Avenue Aristide Briand,48.90995507,2.50798613,Nuit avec éclairage allumé,En agglomération,Hors intersection,Normale,Deux véhicules - arrière,3,3,4,3,1,1,1,0,6,50,2,2,1,0,1,0,,44.0,voiture,deux_roues,5,2,1,1,2
202300012466,2023-08-14 19:15:00,2023,8,14,19,15,29,29228,Route de la Pointe du Raz,48.02896148,-4.62804083,Plein jour,Hors agglomération,Intersection en T,Normale,Deux véhicules - côté,3,2,2,0,2,1,1,0,1,70,2,5,4,0,1,0,43.0,73.0,deux_roues,voiture,1,1,3,1,3
202300012466,2023-08-14 19:15:00,2023,8,14,19,15,29,29228,Route de la Pointe du Raz,48.02896148,-4.62804083,Plein jour,Hors agglomération,Intersection en T,Normale,Deux véhicules - côté,3,1,1,0,1,1,1,0,1,70,2,5,4,0,1,0,43.0,73.0,deux_roues,voiture,1,1,3,1,3
202300012467,2023-07-07 12:30:00,2023,7,7,12,30,69,69382,13 Quai Jean Moulin,45.76568,4.83798,Plein jour,En agglomération,Hors intersection,Normale,Deux véhicules - arrière,4,2,4,3,1,1,1,0,6,50,2,2,1,0,0,1,30.0,48.0,deux_roues,voiture,1,2,1,1,2
202300012468,2023-12-28 18:10:00,2023,12,28,18,10,95,95212,AUTOROUTE A1,49.03336862,2.5402969,Nuit avec éclairage non allumé,Hors agglomération,Hors intersection,Normale,Autre collision,1,3,3,0,1,1,1,0,1,110,2,3,1,0,0,2,47.0,72.0,utilitaire_camion,voiture,4,1,1,1,6
202300012469,2023-08-14 19:35:00,2023,8,14,19,35,02,02474,D3090,49.692342,3.281372,Plein jour,Hors agglomération,Hors intersection,Normale,Sans collision,3,2,2,0,1,2,9,0,1,80,1,1,0,0,0,1,38.0,,deux_roues,,1,1,1,1,7
202300012470,2023-11-21 14:05:00,2023,11,21,14,5,45,45234,42 Boulevard Alexandre Martin,47.90577517,1.9098241,Plein jour,En agglomération,Intersection en T,Pluie légère,Deux véhicules - côté,4,1,3,3,1,1,2,5,1,50,2,3,2,0,0,1,42.0,33.0,voiture,utilitaire_camion,1,2,3,2,3
202300012470,2023-11-21 14:05:00,2023,11,21,14,5,45,45234,42 Boulevard Alexandre Martin,47.90577517,1.9098241,Plein jour,En agglomération,Intersection en T,Pluie légère,Deux véhicules - côté,4,2,3,3,1,1,2,0,1,50,2,3,2,0,0,1,42.0,33.0,voiture,utilitaire_camion,1,2,3,2,3
202300012471,2023-06-03 09:20:00,2023,6,3,9,20,93,93008,Avenue Henri Barbusse / Rue de la République,48.90761014,2.42582299,Plein jour,En agglomération,Intersection en X,Normale,Deux véhicules - côté,3,2,4,0,1,1,1,0,8,50,2,2,1,0,0,1,36.0,26.0,voiture,voiture,1,2,2,1,3
202300012471,2023-06-03 09:20:00,2023,6,3,9,20,93,93008,Avenue Henri Barbusse / Rue de la République,48.90761014,2.42582299,Plein jour,En agglomération,Intersection en X,Normale,Deux véhicules - côté,3,3,2,0,1,1,1,0,8,50,2,2,1,0,0,1,36.0,26.0,voiture,voiture,1,2,2,1,3
202300012472,2023-07-07 12:55:00,2023,7,7,12,55,69,69384,Place Marcel Bertone,45.77762,4.8348,Plein jour,En agglomération,Intersection en X,Normale,Deux véhicules - frontale,4,1,1,0,1,1,1,0,1,30,2,2,0,0,0,2,22.0,44.0,deux_roues,transport_commun,1,2,2,1,1
202300012472,2023-07-07 12:55:00,2023,7,7,12,55,69,69384,Place Marcel Bertone,45.77762,4.8348,Plein jour,En agglomération,Intersection en X,Normale,Deux véhicules - frontale,4,1,1,2,1,1,1,9,1,30,2,2,0,0,0,2,22.0,44.0,deux_roues,transport_commun,1,2,2,1,1
202300012473,2023-08-15 11:20:00,2023,8,15,11,20,15,15267,D120,44.932686,2.34983,Plein jour,Hors agglomération,Intersection en X,Normale,Deux véhicules - côté,3,2,2,0,2,1,1,0,1,90,2,2,1,0,1,0,30.0,90.0,utilitaire_camion,voiture,1,1,2,1,3
202300012473,2023-08-15 11:20:00,2023,8,15,11,20,15,15267,D120,44.932686,2.34983,Plein jour,Hors agglomération,Intersection en X,Normale,Deux véhicules - côté,3,2,2,0,1,1,1,0,1,90,2,2,1,0,1,0,30.0,90.0,utilitaire_camion,voiture,1,1,2,1,3
202300012474,2023-11-21 08:17:00,2023,11,21,8,17,45,45232,D2271,47.840339,1.877389,Crépuscule ou aube,Hors agglomération,Autre intersection,Pluie légère,Deux véhicules - arrière,3,3,4,0,1,1,2,0,1,50,2,2,1,0,0,1,19.0,26.0,voiture,utilitaire_camion,2,1,9,2,2
202300012475,2023-06-03 18:19:00,2023,6,3,18,19,92,92078,JEAN JAURES (RUE) (N°PAIRS),48.93277,2.32536,Plein jour,En agglomération,Hors intersection,Normale,Deux véhicules - arrière,3,2,2,0,1,1,1,0,1,50,2,3,1,0,0,2,63.0,23.0,deux_roues,voiture,1,2,1,1,2
202300012476,2023-12-28 12:10:00,2023,12,28,12,10,92,92036,AUTOROUTE A15,48.93788866,2.29766722,Plein jour,Hors agglomération,Hors intersection,Normale,Trois véhicules et plus - collisions multiples,1,1,1,0,1,1,1,0,1,70,4,8,2,0,0,6,43.0,32.0,voiture,voiture,1,1,1,1,5