accident_id,datetime,annee,mois,jour,heure,minute,departement,commune_insee,adresse,latitude,longitude,luminosite,agglomeration,intersection,meteo,collision,catr,circ,nbv,vosp,prof,plan,surf,infra,situ,vma,nb_vehicules,nb_usagers,nb_indemnes,nb_tues,nb_blesses_hosp,nb_blesses_legers,age_cond_1,age_cond_2,veh_type_cond_1,veh_type_cond_2,lum_code,agg_code,int_code,atm_code,col_code
202300012477,2023-07-07 10:50:00,2023,7,7,10,50,69,69149,Rue Fleury,45.71553,4.8074,Plein jour,En agglomération,Intersection en T,Normale,Deux véhicules - côté,4,1,1,2,2,1,1,0,1,50,2,2,1,0,0,1,63.0,60.0,voiture,deux_roues,1,2,3,1,3
202300012477,2023-07-07 10:50:00,2023,7,7,10,50,69,69149,Rue Fleury,45.71553,4.8074,Plein jour,En agglomération,Intersection en T,Normale,Deux véhicules - côté,4,1,1,0,2,1,1,0,1,30,2,2,1,0,0,1,63.0,60.0,voiture,deux_roues,1,2,3,1,3
202300012478,2023-11-20 16:15:00,2023,11,20,16,15,45,45286,35 Rue du General de Gaulle,47.892334,1.918015,Plein jour,En agglomération,Hors intersection,Normale,Deux véhicules - côté,4,2,2,1,1,1,1,0,5,50,2,2,1,0,0,1,32.0,27.0,voiture,deux_roues,1,2,1,1,3
202300012479,2023-06-03 01:11:00,2023,6,3,1,11,92,92046,VINCENT MORIS (RUE),48.82115613,2.30839759,Nuit avec éclairage allumé,En agglomération,Hors intersection,Normale,Sans collision,4,1,1,0,1,1,1,0,1,30,1,1,0,0,1,0,45.0,,deux_roues,,5,2,1,1,7
202300012480,2023-08-13 11:20:00,2023,8,13,11,20,01,01388,route départementale 975,46.468931,5.076338,Plein jour,Hors agglomération,Intersection en T,Normale,Deux véhicules - arrière,3,2,2,0,1,1,1,0,1,80,2,4,3,0,0,1,63.0,27.0,voiture,voiture,1,1,3,1,2
202300012480,2023-08-13 11:20:00,2023,8,13,11,20,01,01388,route départementale 975,46.468931,5.076338,Plein jour,Hors agglomération,Intersection en T,Normale,Deux véhicules - arrière,3,2,2,0,1,1,1,0,1,80,2,4,3,0,0,1,63.0,27.0,voiture,voiture,1,1,3,1,2
202300012481,2023-07-09 21:00:00,2023,7,9,21,0,11,11262,106 Avenue de Bordeaux,43.18176,2.98142,Nuit avec éclairage allumé,En agglomération,Hors intersection,Normale,Autre collision,4,2,2,0,1,1,1,9,1,50,2,2,1,0,0,1,37.0,26.0,voiture,deux_roues,5,2,1,1,6
202300012482,2023-07-07 15:40:00,2023,7,7,15,40,2A,2A004,MEZZAVIA ROUTE DE,41.94623,8.76081,Plein jour,En agglomération,Hors intersection,Normale,Deux véhicules - côté,2,2,2,0,2,1,1,0,1,50,2,3,1,0,0,2,29.0,17.0,voiture,deux_roues,1,2,1,1,3
202300012483,2023-11-21 07:40:00,2023,11,21,7,40,45,45004,D163 PR 5 + 962,47.98521,2.8185,Plein jour,Hors agglomération,Hors intersection,Normale,Sans collision,3,2,2,0,1,1,2,0,1,80,1,1,0,0,0,1,18.0,,voiture,,1,1,1,1,7
202300012484,2023-08-11 19:25:00,2023,8,11,19,25,26,26099,Route départementale 231,44.369307,4.891094,Plein jour,Hors agglomération,Hors intersection,Normale,Autre collision,3,2,2,0,1,2,1,0,3,80,1,1,0,0,1,0,41.0,,deux_roues,,1,1,1,1,6
202300012485,2023-06-03 12:40:00,2023,6,3,12,40,92,92073,BRIAND (BOULEVARD ARISTIDE),48.86751,2.22694,Plein jour,En agglomération,Intersection en T,Normale,Deux véhicules - côté,4,1,1,0,1,1,1,0,1,30,2,2,1,0,0,1,47.0,46.0,deux_roues,deux_roues,1,2,3,1,3
202300012485,2023-06-03 12:40:00,2023,6,3,12,40,92,92073,BRIAND (BOULEVARD ARISTIDE),48.86751,2.22694,Plein jour,En agglomération,Intersection en T,Normale,Deux véhicules - côté,4,2,2,0,1,1,1,0,1,30,2,2,1,0,0,1,47.0,46.0,deux_roues,deux_roues,1,2,3,1,3
202300012486,2023-12-27 15:50:00,2023,12,27,15,50,976,97611,m'tsapere-Stade (Boulevard du),-12.78434,45.22387,Plein jour,En agglomération,Hors intersection,Normale,Deux véhicules - côté,4,3,2,0,1,1,1,0,4,50,2,2,1,0,0,1,36.0,35.0,deux_roues,voiture,1,2,1,1,3
202300012487,2023-08-14 17:50:00,2023,8,14,17,50,54,54400,D 913,48.896464,6.226093,Plein jour,Hors agglomération,Hors intersection,Normale,Autre collision,3,2,2,0,1,1,2,9,3,80,1,1,0,0,1,0,21.0,,utilitaire_camion,,1,1,1,1,6
202300012488,2023-07-06 09:00:00,2023,7,6,9,0,95,95598,D928,48.98104436,2.30220973,Plein jour,En agglomération,Hors intersection,Normale,Deux véhicules - arrière,3,1,2,0,1,1,1,0,1,30,2,2,1,0,0,1,48.0,55.0,utilitaire_camion,voiture,1,2,1,1,2
202300012489,2023-11-21 12:10:00,2023,11,21,12,10,44,44184,31 Route de Saint-Marc,47.25464,-2.25994,Plein jour,En agglomération,Hors intersection,Normale,Autre collision,4,2,2,0,2,1,1,0,1,50,2,3,2,0,1,0,81.0,30.0,voiture,utilitaire_camion,1,2,1,1,6
202300012490,2023-12-27 12:50:00,2023,12,27,12,50,976,97611,kaweni-Centrale EDM (rue de la ),-12.76161,45.22624,Plein jour,En agglomération,Hors intersection,Normale,Autre collision,2,2,2,-1,1,1,1,0,1,-1,1,2,1,0,0,1,45.0,,utilitaire_camion,,1,2,1,1,6
202300012491,2023-06-03 13:30:00,2023,6,3,13,30,92,92050,PICASSO PABLO AVENUE,48.89017265,2.21906018,Plein jour,En agglomération,Hors intersection,Normale,Deux véhicules - arrière,4,2,2,0,1,1,1,0,1,50,2,3,2,0,0,1,43.0,26.0,voiture,deux_roues,1,2,1,1,2
202300012492,2023-07-30 15:45:00,2023,7,30,15,45,06,06138,Avenue de Lérins,43.516335,6.93741,Plein jour,En agglomération,Intersection en T,Normale,Deux véhicules - côté,3,2,2,0,2,1,1,0,1,50,2,2,1,0,0,1,32.0,28.0,deux_roues,voiture,1,2,3,1,3
202300012492,2023-07-30 15:45:00,2023,7,30,15,45,06,06138,Avenue de Lérins,43.516335,6.93741,Plein jour,En agglomération,Intersection en T,Normale,Deux véhicules - côté,3,2,2,-1,2,1,1,0,1,50,2,2,1,0,0,1,32.0,28.0,deux_roues,voiture,1,2,3,1,3
202300012493,2023-12-27 00:50:00,2023,12,27,0,50,974,97411,CANAL (CHEMIN DU GRAND),-20.9058,55.4981,Nuit avec éclairage allumé,En agglomération,Autre intersection,Normale,Autre collision,4,2,2,0,2,1,1,9,1,30,1,4,2,0,0,2,23.0,,voiture,,5,2,9,1,6
202300012494,2023-11-21 18:15:00,2023,11,21,18,15,41,41018,INDUSTRIE (BOULEVARD DE L'),47.60154,1.32142,Nuit avec éclairage allumé,En agglomération,Hors intersection,Pluie légère,Autre collision,4,2,2,0,1,1,2,0,1,50,2,5,4,0,0,1,19.0,37.0,voiture,voiture,5,2,1,2,6
202300012495,2023-08-14 11:00:00,2023,8,14,11,0,50,50200,Le Nomen,48.670545,-0.794481,Plein jour,Hors agglomération,Hors intersection,Normale,Deux véhicules - côté,3,2,2,0,4,2,1,0,1,80,2,2,1,0,0,1,26.0,54.0,deux_roues,utilitaire_camion,1,1,1,1,3
202300012496,2023-06-03 19:20:00,2023,6,3,19,20,92,92012,SILLY (RUE DE) 89/FIN - 90/FIN,48.84136,2.23131,Plein jour,En agglomération,Intersection en X,Normale,Deux véhicules - frontale,3,2,2,0,1,1,1,0,1,50,2,3,2,0,0,1,53.0,35.0,deux_roues,voiture,1,2,2,1,1
202300012496,2023-06-03 19:20:00,2023,6,3,19,20,92,92012,SILLY (RUE DE) 89/FIN - 90/FIN,48.84136,2.23131,Plein jour,En agglomération,Intersection en X,Normale,Deux véhicules - frontale,3,2,2,0,1,1,1,9,1,50,2,3,2,0,0,1,53.0,35.0,deux_roues,voiture,1,2,2,1,1
202300012497,2023-12-25 03:30:00,2023,12,25,3,30,974,97407,COMMUNE DE PARIS (AVENUE),-20.94453,55.29259,Nuit avec éclairage allumé,En agglomération,Autre intersection,Normale,Deux véhicules - frontale,4,1,1,0,1,1,1,0,1,50,2,2,0,0,2,0,26.0,20.0,deux_roues,deux_roues,5,2,9,1,1
202300012498,2023-07-07 08:20:00,2023,7,7,8,20,91,91657,RUE DE LA LONGUERAIE,48.72059,2.44055,Plein jour,En agglomération,Intersection en T,Normale,Deux véhicules - côté,4,1,1,0,1,1,1,0,1,50,2,2,1,0,0,1,34.0,36.0,voiture,deux_roues,1,2,3,1,3
202300012498,2023-07-07 08:20:00,2023,7,7,8,20,91,91657,RUE DE LA LONGUERAIE,48.72059,2.44055,Plein jour,En agglomération,Intersection en T,Normale,Deux véhicules - côté,4,2,0,0,1,1,1,0,1,50,2,2,1,0,0,1,34.0,36.0,voiture,deux_roues,1,2,3,1,3
202300012499,2023-08-15 09:20:00,2023,8,15,9,20,60,60511,D934,49.59978786,2.96953878,Plein jour,Hors agglomération,Intersection en T,Temps éblouissant,Deux véhicules - frontale,3,2,2,0,1,1,1,0,1,80,2,2,0,0,0,2,20.0,47.0,voiture,voiture,1,1,3,7,1
202300012499,2023-08-15 09:20:00,2023,8,15,9,20,60,60511,D934,49.59978786,2.96953878,Plein jour,Hors agglomération,Intersection en T,Temps éblouissant,Deux véhicules - frontale,3,2, -1,-1,1,1,1,0,1,-1,2,2,0,0,0,2,20.0,47.0,voiture,voiture,1,1,3,7,1
202300012500,2023-06-02 22:40:00,2023,6,2,22,40,92,92012,DANJOU (RUE) 17/FIN - 20/FIN,48.83344,2.24807,Nuit avec éclairage allumé,En agglomération,Hors intersection,Normale,Deux véhicules - arrière,4,1,1,0,1,1,1,0,1,50,2,2,1,0,0,1,,33.0,voiture,deux_roues,5,2,1,1,2
202300012501,2023-12-25 02:40:00,2023,12,25,2,40,974,97407,19 MARS 1946(AVENUE DU),-20.94979,55.29571,Nuit avec éclairage allumé,En agglomération,Autre intersection,Normale,Deux véhicules - frontale,4,-1,1,0,1,2,1,0,4,30,2,3,2,0,1,0,23.0,,voiture,deux_roues,5,2,9,1,1
202300012502,2023-08-14 14:30:00,2023,8,14,14,30,45,45265,2153 Route de Merinville,48.10555597,2.94861674,Plein jour,Hors agglomération,Autre intersection,Normale,Autre collision,4,2,2,0,1,2,1,0,8,70,1,1,0,0,1,0,31.0,,deux_roues,,1,1,9,1,6
202300012503,2023-07-07 12:45:00,2023,7,7,12,45,91,91286,R.N. 7,48.66315,2.400347,Plein jour,En agglomération,Giratoire,Normale,Deux véhicules - arrière,3,3,4,0,1,1,1,0,1,50,2,2,1,0,0,1,33.0,25.0,deux_roues,voiture,1,2,6,1,2
202300012504,2023-12-27 19:20:00,2023,12,27,19,20,973,97302,ZEPHIR (ROCADE),4.93765,-52.30668,Nuit sans éclairage public,En agglomération,Hors intersection,Normale,Autre collision,3,2,2,0,1,1,1,0,1,50,2,2,1,0,0,1,67.0,58.0,deux_roues,voiture,3,2,1,1,6
202300012505,2023-08-14 14:20:00,2023,8,14,14,20,18,18203,,46.569977,2.361326,Plein jour,Hors agglomération,Hors intersection,Normale,Autre collision,3,2,2,0,2,3,1,2,3,80,1,2,0,0,2,0,71.0,,voiture,,1,1,1,1,6
202300012506,2023-11-21 18:00:00,2023,11,21,18,0,38,38185,Rue de Bretagne,45.15872,5.71382,Crépuscule ou aube,En agglomération,Autre intersection,Pluie légère,Autre collision,4,2,3,0,1,1,2,0,1,50,1,2,1,0,0,1,56.0,,voiture,,2,2,9,2,6
202300012507,2023-04-13 08:10:00,2023,4,13,8,10,13,13088,A55-Sens Martigues vers Marseille,43.38,5.22,Plein jour,Hors agglomération,Hors intersection,Normale,Deux véhicules - arrière,1,1,2,0,1,1,1,0,1,110,3,3,2,0,1,0,23.0,37.0,voiture,voiture,1,1,1,1,2
202300012508,2023-07-07 15:20:00,2023,7,7,15,20,86,86194,D162,46.55318,0.30971,Plein jour,En agglomération,Intersection en X,Normale,Deux véhicules - côté,3,2,2,0,1,1,1,0,1,50,2,2,1,0,0,1,67.0,72.0,voiture,voiture,1,2,2,1,3
202300012508,2023-07-07 15:20:00,2023,7,7,15,20,86,86194,D162,46.55318,0.30971,Plein jour,En agglomération,Intersection en X,Normale,Deux véhicules - côté,3,2,4,0,1,1,1,0,1,50,2,2,1,0,0,1,67.0,72.0,voiture,voiture,1,2,2,1,3
202300012509,2023-08-14 11:45:00,2023,8,14,11,45,16,16362,nougerede,45.392212,0.229812,Plein jour,Hors agglomération,Hors intersection,Normale,Autre collision,4,-1,2,0,2,1,1,0,8,80,1,1,0,0,0,1,49.0,,utilitaire_camion,,1,1,1,1,6
202300012510,2023-12-27 20:00:00,2023,12,27,20,0,69,69383,Rue Feuillat,45.75266,4.87689,Nuit avec éclairage allumé,En agglomération,Hors intersection,Normale,Sans collision,4,2,2,2,1,1,1,0,5,30,2,2,1,0,0,1,22.0,23.0,utilitaire_camion,deux_roues,5,2,1,1,7
202300012511,2023-07-07 20:40:00,2023,7,7,20,40,85,85191,RD 948,46.69217,-1.47119,Plein jour,Hors agglomération,Hors intersection,Temps éblouissant,Autre collision,3,2,0,0,1,1,1,0,1,110,1,1,0,1,0,0,34.0,,voiture,,1,1,1,7,6
202300012512,2023-11-21 17:44:00,2023,11,21,17,44,38,38421,AVENUE DU DOYEN LOUIS WEIL,45.18734,5.7581,Nuit avec éclairage allumé,En agglomération,Intersection en T,Pluie légère,Autre collision,4,2,2,0,1,1,2,0,1,30,1,3,2,0,1,0,18.0,,voiture,,5,2,3,2,6
202300012512,2023-11-21 17:44:00,2023,11,21,17,44,38,38421,AVENUE DU DOYEN LOUIS WEIL,45.18734,5.7581,Nuit avec éclairage allumé,En agglomération,Intersection en T,Pluie légère,Autre collision,4,2,2,0,1,1,2,0,1,30,1,3,2,0,1,0,18.0,,voiture,,5,2,3,2,6
202300012513,2023-06-01 22:40:00,2023,6,1,22,40,13,13056,A55-Sens Martigues vers Marseille,43.40796,5.03716,Nuit sans éclairage public,Hors agglomération,Hors intersection,Normale,Autre collision,1,3,2,0,2,1,1,0,1,90,3,4,3,0,1,0,34.0,47.0,voiture,voiture,3,1,1,1,6
202300012514,2023-08-14 17:00:00,2023,8,14,17,0,07,07096,la pleine du coulet,44.860103,4.560147,Plein jour,Hors agglomération,Hors intersection,Normale,Deux véhicules - côté,3,3,2,0,1,3,1,0,1,90,2,2,1,0,0,1,26.0,48.0,voiture,deux_roues,1,1,1,1,3
202300012515,2023-12-27 15:10:00,2023,12,27,15,10,69,69149,Avenue Edmond,45.71586,4.81551,Plein jour,En agglomération,Hors intersection,Normale,Autre collision,4,2,4,0,1,1,1,0,1,30,1,2,1,0,0,1,48.0,,deux_roues,,1,2,1,1,6
202300012516,2023-07-07 13:55:00,2023,7,7,13,55,83,83137,DE LATTRE DE TASSIGNY (AVE MARECHAL),43.11379,5.93974,Plein jour,En agglomération,Hors intersection,Normale,Autre collision,4,2,2,0,1,1,1,0,1,50,1,2,1,0,0,1,82.0,,voiture,,1,2,1,1,6
202300012517,2023-08-15 12:15:00,2023,8,15,12,15,85,85021,RD86,47.049253,-1.266622,Plein jour,En agglomération,Intersection en Y,Normale,Autre collision,3,2,1,0,1,3,1,5,1,50,1,1,0,1,0,0,72.0,,deux_roues,,1,2,4,1,6
202300012517,2023-08-15 12:15:00,2023,8,15,12,15,85,85021,RD86,47.049253,-1.266622,Plein jour,En agglomération,Intersection en Y,Normale,Autre collision,3,2, -1,-1,1,2,1,0,1,-1,1,1,0,1,0,0,72.0,,deux_roues,,1,2,4,1,6
202300012518,2023-05-24 11:40:00,2023,5,24,11,40,69,69256,Autoroute 42 ,45.80222,4.92677,Plein jour,Hors agglomération,Hors intersection,Normale,Deux véhicules - côté,1,3,6,0,1,1,1,0,1,70,2,2,1,0,0,1,48.0,31.0,utilitaire_camion,voiture,1,1,1,1,3
202300012519,2023-12-27 05:45:00,2023,12,27,5,45,971,97101,ACHILLE RENE BOISNEUF (RUE),16.26976,-61.50615,Nuit avec éclairage allumé,En agglomération,Intersection en T,Normale,Deux véhicules - côté,3,2,2,0,1,1,1,0,1,50,2,2,1,0,0,1,61.0,63.0,deux_roues,utilitaire_camion,5,2,3,1,3
202300012519,2023-12-27 05:45:00,2023,12,27,5,45,971,97101,ACHILLE RENE BOISNEUF (RUE),16.26976,-61.50615,Nuit avec éclairage allumé,En agglomération,Intersection en T,Normale,Deux véhicules - côté,3,1,1,0,1,1,1,0,1,50,2,2,1,0,0,1,61.0,63.0,deux_roues,utilitaire_camion,5,2,3,1,3
202300012520,2023-11-21 08:30:00,2023,11,21,8,30,38,38053,ALPES,45.58536,5.2709,Plein jour,En agglomération,Intersection en T,Pluie légère,Deux véhicules - côté,3,1,2,0,1,1,2,0,1,50,2,2,1,0,0,1,35.0,35.0,voiture,voiture,1,2,3,2,3
202300012520,2023-11-21 08:30:00,2023,11,21,8,30,38,38053,ALPES,45.58536,5.2709,Plein jour,En agglomération,Intersection en T,Pluie légère,Deux véhicules - côté,3,2,1,0,1,1,2,0,1,50,2,2,1,0,0,1,35.0,35.0,voiture,voiture,1,2,3,2,3
202300012521,2023-07-06 17:55:00,2023,7,6,17,55,83,83069,AVENUE RITONDALE LEOPOLD,43.11778,6.14618,Plein jour,Hors agglomération,Hors intersection,Normale,Trois véhicules et plus - en chaîne,3,3,4,0,1,1,1,0,1,90,3,3,2,0,1,0,30.0,25.0,voiture,deux_roues,1,1,1,1,4
202300012522,2023-11-21 10:15:00,2023,11,21,10,15,37,37208,GRANDMONT (RUE DE),47.36522,0.71521,Plein jour,En agglomération,Hors intersection,Normale,Autre collision,4,1,2,0,2,3,1,0,4,50,1,1,0,0,0,1,18.0,,deux_roues,,1,2,1,1,6
202300012523,2023-06-03 20:00:00,2023,6,3,20,0,92,92019,RN 385 INT,48.7652226,2.24538423,Plein jour,Hors agglomération,Hors intersection,Normale,Deux véhicules - côté,2,1,2,0,1,1,1,0,1,90,2,2,1,0,0,1,49.0,55.0,voiture,deux_roues,1,1,1,1,3
202300012524,2023-08-15 15:47:00,2023,8,15,15,47,85,85135,Rue des flandres dunkerque,46.523523,-1.204374,Plein jour,Hors agglomération,Intersection en X,Normale,Deux véhicules - côté,4,2,2,0,1,1,1,0,1,50,2,3,2,0,1,0,20.0,16.0,voiture,deux_roues,1,1,2,1,3
202300012524,2023-08-15 15:47:00,2023,8,15,15,47,85,85135,Rue des flandres dunkerque,46.523523,-1.204374,Plein jour,Hors agglomération,Intersection en X,Normale,Deux véhicules - côté,4,2, -1,-1,1,2,1,0,1,-1,2,3,2,0,1,0,20.0,16.0,voiture,deux_roues,1,1,2,1,3
202300012525,2023-12-24 02:50:00,2023,12,24,2,50,971,97113,GRAND BAIE ( RN4),16.21808,-61.50896,Nuit avec éclairage allumé,Hors agglomération,Hors intersection,Normale,Deux véhicules - frontale,2,-1,2,0,1,1,1,9,1,70,2,5,0,1,4,0,67.0,38.0,voiture,voiture,5,1,1,1,1
202300012526,2023-07-07 17:03:00,2023,7,7,17,3,78,78650,PRISE D'EAU (AVENUE DE LA),48.89649,2.12174,Plein jour,En agglomération,Intersection en X,Normale,Deux véhicules - côté,3,2,4,0,1,1,1,0,1,50,2,3,2,0,1,0,45.0,49.0,voiture,deux_roues,1,2,2,1,3
202300012526,2023-07-07 17:03:00,2023,7,7,17,3,78,78650,PRISE D'EAU (AVENUE DE LA),48.89649,2.12174,Plein jour,En agglomération,Intersection en X,Normale,Deux véhicules - côté,3,2,2,0,1,1,1,0,1,50,2,3,2,0,1,0,45.0,49.0,voiture,deux_roues,1,2,2,1,3
202300012527,2023-08-15 12:10:00,2023,8,15,12,10,27,27056,Rue de Lisieux,49.090689,0.594131,Plein jour,En agglomération,Intersection en T,Normale,Autre collision,4,2,2,0,1,1,1,0,1,30,1,2,1,0,1,0,82.0,,voiture,,1,2,3,1,6
202300012527,2023-08-15 12:10:00,2023,8,15,12,10,27,27056,Rue de Lisieux,49.090689,0.594131,Plein jour,En agglomération,Intersection en T,Normale,Autre collision,4,2,2,-1,1,1,1,0,1,30,1,2,1,0,1,0,82.0,,voiture,,1,2,3,1,6
202300012528,2023-12-26 12:50:00,2023,12,26,12,50,95,95598,D109,48.98344,2.29387,Plein jour,En agglomération,Hors intersection,Pluie légère,Deux véhicules - arrière,3,1,1,0,1,2,2,0,1,50,2,3,1,0,0,2,24.0,59.0,voiture,voiture,1,2,1,2,2
202300012529,2023-11-21 09:05:00,2023,11,21,9,5,35,35051,ROCH (LIEU-DIT LA PREE SAINT),48.12687308,-1.61540598,Plein jour,Hors agglomération,Hors intersection,Normale,Trois véhicules et plus - en chaîne,4,2,2,3,1,1,2,0,1,50,3,4,3,0,0,1,20.0,20.0,voiture,utilitaire_camion,1,1,1,1,4
202300012530,2023-06-03 16:05:00,2023,6,3,16,5,91,91645,N385,48.75987838,2.26783991,Plein jour,Hors agglomération,Hors intersection,Normale,Autre collision,2,3,0,0,3,1,1,0,1,90,2,5,1,0,0,4,24.0,57.0,voiture,voiture,1,1,1,1,6
202300012531,2023-07-06 21:12:00,2023,7,6,21,12,78,78551,REPUBLIQUE (DE LA),48.89877,2.09109,Crépuscule ou aube,En agglomération,Intersection en X,Normale,Deux véhicules - côté,4,-1,1,0,1,1,1,0,1,50,2,2,1,0,0,1,20.0,48.0,voiture,deux_roues,2,2,2,1,3
202300012531,2023-07-06 21:12:00,2023,7,6,21,12,78,78551,REPUBLIQUE (DE LA),48.89877,2.09109,Crépuscule ou aube,En agglomération,Intersection en X,Normale,Deux véhicules - côté,4,2,3,0,1,1,1,0,1,50,2,2,1,0,0,1,20.0,48.0,voiture,deux_roues,2,2,2,1,3
202300012532,2023-08-15 03:51:00,2023,8,15,3,51,27,27376,38 Route de Saint Georges Motel,48.801875,1.328359,Nuit sans éclairage public,En agglomération,Intersection en Y,Normale,Autre collision,4,2,2,0,1,1,1,0,1,-1,1,1,0,0,1,0,20.0,,deux_roues,,3,2,4,1,6
202300012532,2023-08-15 03:51:00,2023,8,15,3,51,27,27376,38 Route de Saint Georges Motel,48.801875,1.328359,Nuit sans éclairage public,En agglomération,Intersection en Y,Normale,Autre collision,4,2,2,0,1,2,1,5,1,50,1,1,0,0,1,0,20.0,,deux_roues,,3,2,4,1,6
202300012533,2023-11-20 18:15:00,2023,11,20,18,15,35,35238,MANIEZ (AVENUE JULES),48.09816,-1.69989,Nuit avec éclairage allumé,En agglomération,Hors intersection,Pluie légère,Autre collision,4,3,2,3,2,1,2,0,1,30,1,2,1,0,0,1,27.0,,voiture,,5,2,1,2,6
202300012534,2023-07-07 19:40:00,2023,7,7,19,40,77,77307,D934,48.87812,2.74483,Plein jour,En agglomération,Intersection en X,Normale,Deux véhicules - côté,3,3,2,0,2,1,1,9,1,50,2,2,1,0,0,1,36.0,39.0,deux_roues,voiture,1,2,2,1,3
202300012534,2023-07-07 19:40:00,2023,7,7,19,40,77,77307,D934,48.87812,2.74483,Plein jour,En agglomération,Intersection en X,Normale,Deux véhicules - côté,3,3,2,0,2,1,1,0,1,50,2,2,1,0,0,1,36.0,39.0,deux_roues,voiture,1,2,2,1,3
202300012535,2023-12-27 19:45:00,2023,12,27,19,45,91,91228,RTE NATIONALE 7,48.63067,2.43915,Nuit sans éclairage public,En agglomération,Hors intersection,Temps couvert,Trois véhicules et plus - en chaîne,3,3,4,0,1,1,1,0,1,90,3,5,2,0,0,3,44.0,28.0,voiture,voiture,3,2,1,8,4
202300012536,2023-06-03 15:45:00,2023,6,3,15,45,94,94034,A86,48.76101392,2.31812717,Plein jour,Hors agglomération,Hors intersection,Normale,Trois véhicules et plus - en chaîne,1,3,2,0,1,1,1,1,1,70,3,4,3,0,0,1,,34.0,voiture,voiture,1,1,1,1,4
202300012537,2023-08-14 16:10:00,2023,8,14,16,10,30,30061,D936,43.907818,4.272995,Plein jour,Hors agglomération,Hors intersection,Normale,Deux véhicules - côté,3,2,2,0,1,3,1,0,1,80,2,2,1,0,1,0,56.0,57.0,voiture,deux_roues,1,1,1,1,3
202300012538,2023-12-26 17:10:00,2023,12,26,17,10,87,87085,BEAUBREUIL (PLACE DE),45.88061,1.29156,Plein jour,En agglomération,Hors intersection,Normale,Deux véhicules - côté,6,-1, -1,0,1,1,1,0,8,50,2,3,2,0,0,1,27.0,48.0,voiture,voiture,1,2,1,1,3
202300012539,2023-07-07 09:00:00,2023,7,7,9,0,77,77058,MARIE CURIE  (AVENUE),48.831967,2.698871,Plein jour,Hors agglomération,Hors intersection,Normale,Deux véhicules - arrière,3,2,2,0,1,1,1,0,1,80,2,3,2,0,0,1,87.0,71.0,voiture,voiture,1,1,1,1,2
202300012540,2023-11-21 17:00:00,2023,11,21,17,0,34,34172,RABELAIS (BOULEVARD),43.6006,3.87936,Crépuscule ou aube,En agglomération,Intersection en X,Normale,Deux véhicules - côté,4,1,1,0,1,1,1,0,1,30,2,3,2,0,0,1,19.0,28.0,deux_roues,voiture,2,2,2,1,3
202300012540,2023-11-21 17:00:00,2023,11,21,17,0,34,34172,RABELAIS (BOULEVARD),43.6006,3.87936,Crépuscule ou aube,En agglomération,Intersection en X,Normale,Deux véhicules - côté,4,2,2,0,1,1,1,0,1,30,2,3,2,0,0,1,19.0,28.0,deux_roues,voiture,2,2,2,1,3
202300012541,2023-06-03 13:33:00,2023,6,3,13,33,91,91589,AUTOROUTE A6,48.6784,2.3359,Plein jour,Hors agglomération,Hors intersection,Normale,Trois véhicules et plus - en chaîne,1,-1,3,0,1,1,1,0,1,110,3,3,2,0,0,1,22.0,30.0,voiture,voiture,1,1,1,1,4
202300012542,2023-08-15 12:00:00,2023,8,15,12,0,33,33527,A660,44.615144,-0.988405,Plein jour,Hors agglomération,Hors intersection,Normale,Deux véhicules - arrière,1,3,4,0,1,1,1,0,1,130,2,2,1,0,0,1,23.0,22.0,utilitaire_camion,deux_roues,1,1,1,1,2
202300012543,2023-07-07 21:45:00,2023,7,7,21,45,76,76484,Route des Essarts,49.34318313,1.07347369,Crépuscule ou aube,Hors agglomération,Hors intersection,Normale,Autre collision,7,2,2,0,1,1,1,0,1,80,1,1,0,0,1,0,32.0,,deux_roues,,2,1,1,1,6
202300012544,2023-12-27 09:00:00,2023,12,27,9,0,86,86194,Rue de Vouneuil,46.55988,0.306102,Plein jour,En agglomération,Autre intersection,Normale,Deux véhicules - frontale,4,2,1,0,2,3,1,0,1,30,2,2,1,0,0,1,,43.0,voiture,voiture,1,2,9,1,1
202300012545,2023-11-21 16:00:00,2023,11,21,16,0,34,34172,CHASSEURS (RUE DES),43.59736,3.86417,Plein jour,En agglomération,Hors intersection,Normale,Autre collision,4,3,2,0,1,3,1,0,1,50,1,2,1,0,0,1,35.0,,voiture,,1,2,1,1,6
202300012546,2023-08-12 18:00:00,2023,8,12,18,0,987,98715,route puurai en sortant de la RDO,-17.584,-149.56,Crépuscule ou aube,Hors agglomération,Hors intersection,Normale,Sans collision,2,1,1,0,2,3,1,0,3,30,1,1,0,0,1,0,41.0,,deux_roues,,2,1,1,1,7
202300012547,2023-06-03 10:35:00,2023,6,3,10,35,91,91534,RN 118,48.73964,2.18078,Plein jour,Hors agglomération,Hors intersection,Normale,Sans collision,2,-1,2,0,1,1,1,0,3,110,1,1,0,0,0,1,61.0,,voiture,,1,1,1,1,7
202300012548,2023-07-07 03:36:00,2023,7,7,3,36,76,76540,Boulevard de l'Europe,49.43456065,1.07646865,Nuit avec éclairage allumé,En agglomération,Intersection en X,Normale,Deux véhicules - côté,7,2,3,0,1,1,1,-1,1,50,2,2,1,1,0,0,49.0,23.0,utilitaire_camion,deux_roues,5,2,2,1,3
202300012548,2023-07-07 03:36:00,2023,7,7,3,36,76,76540,Boulevard de l'Europe,49.43456065,1.07646865,Nuit avec éclairage allumé,En agglomération,Intersection en X,Normale,Deux véhicules - côté,7,2,4,3,1,1,1,-1,1,50,2,2,1,1,0,0,49.0,23.0,utilitaire_camion,deux_roues,5,2,2,1,3