accident_id,datetime,annee,mois,jour,heure,minute,departement,commune_insee,adresse,latitude,longitude,luminosite,agglomeration,intersection,meteo,collision,catr,circ,nbv,vosp,prof,plan,surf,infra,situ,vma,nb_vehicules,nb_usagers,nb_indemnes,nb_tues,nb_blesses_hosp,nb_blesses_legers,age_cond_1,age_cond_2,veh_type_cond_1,veh_type_cond_2,lum_code,agg_code,int_code,atm_code,col_code
202300012549,2023-12-23 07:15:00,2023,12,23,7,15,77,77305,BRAY (ROUTE DE),48.38271,2.97234,Nuit sans éclairage public,En agglomération,Hors intersection,Pluie légère,Deux véhicules - arrière,3,2,2,0,1,1,2,0,1,70,2,2,1,0,1,0,77.0,20.0,voiture,deux_roues,3,2,1,2,2
202300012550,2023-08-15 13:10:00,2023,8,15,13,10,38,38285,rd526,45.034988,5.974631,Plein jour,Hors agglomération,Hors intersection,Normale,Autre collision,3,2,2,0,2,3,1,0,3,80,1,1,0,0,1,0,51.0,,deux_roues,,1,1,1,1,6
202300012551,2023-11-21 12:50:00,2023,11,21,12,50,34,34129,GARE (ROND POINT DE LA),43.56816,3.90339,Plein jour,En agglomération,Giratoire,Normale,Deux véhicules - arrière,4,1,2,0,1,2,1,5,1,50,2,2,1,0,0,1,52.0,33.0,deux_roues,deux_roues,1,2,6,1,2
202300012551,2023-11-21 12:50:00,2023,11,21,12,50,34,34129,GARE (ROND POINT DE LA),43.56816,3.90339,Plein jour,En agglomération,Giratoire,Normale,Deux véhicules - arrière,4,2,2,0,1,3,1,0,1,50,2,2,1,0,0,1,52.0,33.0,deux_roues,deux_roues,1,2,6,1,2
202300012552,2023-06-03 07:35:00,2023,6,3,7,35,77,77251,AUTOROUTE A5A,48.61843,2.55341,Plein jour,Hors agglomération,Hors intersection,Normale,Deux véhicules - arrière,1,1,3,0,1,1,1,0,1,110,2,2,1,0,0,1,33.0,33.0,voiture,voiture,1,1,1,1,2
202300012553,2023-07-06 18:00:00,2023,7,6,18,0,73,73087,D1006 LYON (ROUTE DE),45.55996,5.89709,Plein jour,En agglomération,Hors intersection,Normale,Autre collision,3,2,2,0,1,1,1,0,1,50,1,2,1,0,0,1,73.0,,voiture,,1,2,1,1,6
202300012554,2023-08-14 20:45:00,2023,8,14,20,45,11,11262,51 Résidence le Hameau de la Plage (np),43.156111,3.160125,Nuit avec éclairage allumé,En agglomération,Hors intersection,Normale,Autre collision,4,2,2,0,1,2,1,0,1,50,1,3,2,0,1,0,21.0,,voiture,,5,2,1,1,6
202300012555,2023-12-27 01:00:00,2023,12,27,1,0,77,77445,ROUTOIRES (AVENUE DES),48.59197,2.59147,Nuit avec éclairage allumé,Hors agglomération,Hors intersection,Normale,Deux véhicules - frontale,4,2,2,0,1,1,1,0,1,70,2,2,1,0,1,0,,22.0,voiture,deux_roues,5,1,1,1,1
202300012556,2023-11-20 15:22:00,2023,11,20,15,22,34,34172,TOULOUSE (AVENUE DE,43.58878,3.85312,Plein jour,En agglomération,Hors intersection,Normale,Deux véhicules - frontale,4,2,3,0,2,3,1,0,1,50,2,3,0,0,0,3,68.0,25.0,voiture,voiture,1,2,1,1,1
202300012557,2023-07-06 19:55:00,2023,7,6,19,55,73,73065,CROIX ROUGE (RUE DE LA),45.5979,5.91754,Plein jour,En agglomération,Hors intersection,Normale,Trois véhicules et plus - collisions multiples,4,-1,2,0,1,1,1,0,1,50,1,1,0,1,0,0,24.0,,deux_roues,,1,2,1,1,5
202300012558,2023-06-03 11:27:00,2023,6,3,11,27,78,78140,A13,48.957784,1.934499,Plein jour,Hors agglomération,Hors intersection,Normale,Deux véhicules - arrière,1,1,3,0,1,1,1,0,1,130,2,2,1,0,0,1,25.0,50.0,voiture,voiture,1,1,1,1,2
202300012559,2023-08-14 23:30:00,2023,8,14,23,30,60,60138,Aire du Péage de Chamant (Aire de repos),49.215516,2.627897,Nuit avec éclairage allumé,Hors agglomération,Autre intersection,Normale,Autre collision,1,3,0,0,1,1,1,7,1,70,1,3,0,1,2,0,51.0,,voiture,,5,1,9,1,6
202300012560,2023-12-26 21:30:00,2023,12,26,21,30,76,76351,ANDREI SAKHAROV (RUE),49.50484,0.17179,Nuit avec éclairage allumé,En agglomération,Intersection en T,Normale,Deux véhicules - côté,4,2,2,0,1,1,1,0,1,50,2,2,1,0,0,1,44.0,40.0,voiture,voiture,5,2,3,1,3
202300012560,2023-12-26 21:30:00,2023,12,26,21,30,76,76351,ANDREI SAKHAROV (RUE),49.50484,0.17179,Nuit avec éclairage allumé,En agglomération,Intersection en T,Normale,Deux véhicules - côté,4,2,2,0,1,1,1,0,1,50,2,2,1,0,0,1,44.0,40.0,voiture,voiture,5,2,3,1,3
202300012561,2023-06-03 07:33:00,2023,6,3,7,33,78,78043,A12 W,48.840057,2.092784,Plein jour,Hors agglomération,Hors intersection,Normale,Autre collision,1,-1,4,0,2,3,1,0,1,90,1,1,0,0,0,1,33.0,,voiture,,1,1,1,1,6
202300012562,2023-07-07 13:45:00,2023,7,7,13,45,71,71153,CAVELL (RUE EDITH),46.80043,4.42097,Plein jour,En agglomération,Intersection en X,Normale,Deux véhicules - côté,4,2,2,0,2,1,1,5,1,50,2,2,1,0,0,1,59.0,16.0,voiture,deux_roues,1,2,2,1,3
202300012562,2023-07-07 13:45:00,2023,7,7,13,45,71,71153,CAVELL (RUE EDITH),46.80043,4.42097,Plein jour,En agglomération,Intersection en X,Normale,Deux véhicules - côté,4,1,2,0,1,1,1,5,1,50,2,2,1,0,0,1,59.0,16.0,voiture,deux_roues,1,2,2,1,3
202300012563,2023-11-21 18:10:00,2023,11,21,18,10,33,33249,Avenue Carnot,44.86449,-0.51848,Nuit avec éclairage allumé,En agglomération,Hors intersection,Normale,Deux véhicules - côté,4,2,4,1,1,1,1,1,1,50,2,2,1,0,0,1,25.0,,voiture,voiture,5,2,1,1,3
202300012564,2023-12-22 17:10:00,2023,12,22,17,10,72,72181,PREMARTINE (RUE) N° IMP 43 A 181,48.00832,0.20962,Crépuscule ou aube,En agglomération,Hors intersection,Normale,Deux véhicules - arrière,4,2,0,0,1,1,1,0,1,50,2,2,1,0,0,1,19.0,22.0,voiture,voiture,2,2,1,1,2
202300012565,2023-08-14 12:40:00,2023,8,14,12,40,37,37141,1 Les Petits Gars,47.296775,1.053041,Plein jour,Hors agglomération,Intersection en X,Normale,Deux véhicules - côté,4,2,2,0,1,1,1,0,1,80,2,3,1,0,0,2,30.0,28.0,voiture,voiture,1,1,2,1,3
202300012565,2023-08-14 12:40:00,2023,8,14,12,40,37,37141,1 Les Petits Gars,47.296775,1.053041,Plein jour,Hors agglomération,Intersection en X,Normale,Deux véhicules - côté,4,2,2,0,2,1,1,0,1,80,2,3,1,0,0,2,30.0,28.0,voiture,voiture,1,1,2,1,3
202300012566,2023-11-20 17:40:00,2023,11,20,17,40,33,33249,Rue Edouard Herriot - Arrêt de bus,44.87014,-0.51751,Nuit sans éclairage public,En agglomération,Hors intersection,Pluie légère,Autre collision,4,2,2,0,1,1,2,0,1,30,1,2,1,0,0,1,34.0,,voiture,,3,2,1,2,6
202300012567,2023-07-07 12:15:00,2023,7,7,12,15,71,71076,SABATIER (RUE PAUL),46.8124,4.85542,Plein jour,En agglomération,Hors intersection,Normale,Deux véhicules - côté,4,2,2,0,1,1,1,0,1,50,2,2,1,1,0,0,33.0,24.0,deux_roues,voiture,1,2,1,1,3
202300012568,2023-12-27 08:05:00,2023,12,27,8,5,72,72181,LOUIS BLANC (QUAI),48.0093,0.1955,Nuit avec éclairage allumé,En agglomération,Giratoire,Normale,Deux véhicules - côté,4,2,0,0,1,1,1,0,1,50,2,2,1,0,0,1,33.0,54.0,voiture,deux_roues,5,2,6,1,3
202300012569,2023-12-27 14:27:00,2023,12,27,14,27,71,71076,Rue Philibert Léon Couturier,46.78067752,4.85178259,Plein jour,En agglomération,Hors intersection,Normale,Autre collision,4,1,0,0,1,1,1,0,8,50,1,1,0,0,0,1,57.0,,utilitaire_camion,,1,2,1,1,6
202300012570,2023-08-14 14:20:00,2023,8,14,14,20,37,37079,Le Fossé Fourrier,47.340789,1.036754,Plein jour,Hors agglomération,Intersection en X,Normale,Deux véhicules - côté,4,2,2,0,1,1,1,0,1,50,2,2,1,0,1,0,19.0,52.0,voiture,deux_roues,1,1,2,1,3
202300012571,2023-06-03 05:00:00,2023,6,3,5,0,93,93048,AUTOROUTE A3,48.87013196,2.43074208,Nuit sans éclairage public,Hors agglomération,Hors intersection,Normale,Deux véhicules - arrière,1,1,4,0,1,1,1,1,1,70,2,2,0,0,0,2,22.0,40.0,voiture,voiture,3,1,1,1,2
202300012572,2023-11-21 16:30:00,2023,11,21,16,30,29,29232,Bali Frañs Dieub,48.01012,-4.09587,Plein jour,En agglomération,Hors intersection,Normale,Deux véhicules - côté,4,2,2,0,1,1,1,0,1,50,2,2,1,0,0,1,20.0,52.0,deux_roues,utilitaire_camion,1,2,1,1,3
202300012573,2023-07-07 19:20:00,2023,7,7,19,20,69,69264,Avenue de l’Europe,45.99797,4.7343,Plein jour,En agglomération,Giratoire,Temps couvert,Deux véhicules - frontale,3,1,2,0,1,2,1,0,1,50,2,2,1,0,1,0,15.0,44.0,deux_roues,voiture,1,2,6,8,1
202300012573,2023-07-07 19:20:00,2023,7,7,19,20,69,69264,Avenue de l’Europe,45.99797,4.7343,Plein jour,En agglomération,Giratoire,Temps couvert,Deux véhicules - frontale,3,2,4,0,1,2,1,0,1,50,2,2,1,0,1,0,15.0,44.0,deux_roues,voiture,1,2,6,8,1
202300012574,2023-12-26 18:25:00,2023,12,26,18,25,69,69290,Boulevard François Reymond,45.69682,4.94176,Nuit avec éclairage allumé,En agglomération,Giratoire,Normale,Deux véhicules - côté,4,1,1,0,1,2,1,5,1,50,2,2,0,0,0,2,37.0,32.0,voiture,voiture,5,2,6,1,3
202300012574,2023-12-26 18:25:00,2023,12,26,18,25,69,69290,Boulevard François Reymond,45.69682,4.94176,Nuit avec éclairage allumé,En agglomération,Giratoire,Normale,Deux véhicules - côté,4,1,1,0,1,1,1,0,1,20,2,2,0,0,0,2,37.0,32.0,voiture,voiture,5,2,6,1,3
202300012575,2023-06-02 21:40:00,2023,6,2,21,40,91,91223,GUETTARD (RUE J.E.),48.44479,2.16639,Crépuscule ou aube,En agglomération,Hors intersection,Normale,Autre collision,4,2,2,0,1,1,1,0,1,50,1,2,1,0,0,1,24.0,,voiture,,2,2,1,1,6
202300012576,2023-08-15 05:00:00,2023,8,15,5,0,2B,2B289,ROUTE TERRITORIALE 20,42.357581,9.17169,Nuit sans éclairage public,Hors agglomération,Hors intersection,Normale,Deux véhicules - frontale,2,2,2,0,2,3,1,0,3,80,1,2,1,0,1,0,51.0,,voiture,,3,1,1,1,1
202300012577,2023-07-07 07:30:00,2023,7,7,7,30,69,69199,Rue Parmentier,45.70553,4.85993,Plein jour,En agglomération,Intersection en X,Normale,Deux véhicules - côté,4,2,2,0,2,1,1,0,1,30,2,3,1,0,0,2,34.0,,voiture,voiture,1,2,2,1,3
202300012577,2023-07-07 07:30:00,2023,7,7,7,30,69,69199,Rue Parmentier,45.70553,4.85993,Plein jour,En agglomération,Intersection en X,Normale,Deux véhicules - côté,4,2,2,2,1,1,1,0,1,30,2,3,1,0,0,2,34.0,,voiture,voiture,1,2,2,1,3
202300012578,2023-12-27 19:15:00,2023,12,27,19,15,67,67482,ILL (RUE DE L ),48.61142,7.78105,Nuit avec éclairage allumé,En agglomération,Intersection en X,Normale,Autre collision,4,2,3,1,1,3,1,0,1,50,1,2,1,0,0,1,,,voiture,,5,2,2,1,6
202300012578,2023-12-27 19:15:00,2023,12,27,19,15,67,67482,ILL (RUE DE L ),48.61142,7.78105,Nuit avec éclairage allumé,En agglomération,Intersection en X,Normale,Autre collision,4,2,3,0,1,1,1,5,1,50,1,2,1,0,0,1,,,voiture,,5,2,2,1,6
202300012579,2023-11-21 07:45:00,2023,11,21,7,45,28,28134,ROND POINT DU GENERAL LECLERC,48.74218,1.387467,Nuit avec éclairage allumé,En agglomération,Giratoire,Pluie légère,Autre collision,2,2,2,0,1,3,2,0,1,50,1,1,0,0,0,1,22.0,,voiture,,5,2,6,2,6
202300012580,2023-06-01 20:50:00,2023,6,1,20,50,75,75120,RUE DE GUEBRIANT,48.873123,2.409459,Plein jour,En agglomération,Intersection en T,Normale,Deux véhicules - frontale,4,-1, -1,1,1,1,1,0,5,30,2,2,1,0,0,1,41.0,,deux_roues,deux_roues,1,2,3,1,1
202300012580,2023-06-01 20:50:00,2023,6,1,20,50,75,75120,RUE DE GUEBRIANT,48.873123,2.409459,Plein jour,En agglomération,Intersection en T,Normale,Deux véhicules - frontale,4,1, -1,1,1,1,1,0,5,30,2,2,1,0,0,1,41.0,,deux_roues,deux_roues,1,2,3,1,1
202300012581,2023-12-26 15:00:00,2023,12,26,15,0,64,64102,,43.498143,-1.482268,Plein jour,En agglomération,Hors intersection,Normale,Deux véhicules - arrière,4,2,4,0,1,1,1,2,1,50,2,2,1,0,0,1,28.0,17.0,voiture,deux_roues,1,2,1,1,2
202300012582,2023-08-15 12:15:00,2023,8,15,12,15,05,05116,RD38,44.679334,6.602762,Plein jour,Hors agglomération,Intersection en T,Normale,Deux véhicules - côté,3,1,2,0,2,1,1,0,1,80,2,3,1,0,0,2,29.0,56.0,utilitaire_camion,deux_roues,1,1,3,1,3
202300012582,2023-08-15 12:15:00,2023,8,15,12,15,05,05116,RD38,44.679334,6.602762,Plein jour,Hors agglomération,Intersection en T,Normale,Deux véhicules - côté,3,2,2,0,2,1,1,0,1,50,2,3,1,0,0,2,29.0,56.0,utilitaire_camion,deux_roues,1,1,3,1,3
202300012583,2023-06-01 15:30:00,2023,6,1,15,30,13,13108,GAMBETTA (BOULEVARD),43.80481,4.6626,Plein jour,En agglomération,Hors intersection,Normale,Autre collision,4,2,1,0,1,1,1,9,8,30,1,2,1,0,1,0,35.0,,utilitaire_camion,,1,2,1,1,6
202300012584,2023-07-06 18:50:00,2023,7,6,18,50,69,69029,15 Rue des Paquerettes,45.75048,4.90114,Plein jour,En agglomération,Intersection en X,Normale,Deux véhicules - frontale,4,2,2,0,1,1,1,0,1,50,2,2,1,0,0,1,36.0,21.0,deux_roues,voiture,1,2,2,1,1
202300012584,2023-07-06 18:50:00,2023,7,6,18,50,69,69029,15 Rue des Paquerettes,45.75048,4.90114,Plein jour,En agglomération,Intersection en X,Normale,Deux véhicules - frontale,4,1,1,0,1,1,1,0,1,50,2,2,1,0,0,1,36.0,21.0,deux_roues,voiture,1,2,2,1,1
202300012585,2023-11-20 18:05:00,2023,11,20,18,5,28,28404,BRUXELLES (RUE DE),48.71621,1.3684,Nuit avec éclairage allumé,En agglomération,Autre intersection,Temps couvert,Trois véhicules et plus - collisions multiples,4,2,2,0,1,1,2,9,8,30,3,5,3,0,0,2,23.0,20.0,voiture,voiture,5,2,9,8,5
202300012586,2023-12-27 19:00:00,2023,12,27,19,0,63,63113,JAURES (BD JEAN),45.7679,3.08418,Nuit avec éclairage allumé,En agglomération,Hors intersection,Normale,Deux véhicules - côté,4,-1,2,2,1,1,1,0,1,50,2,2,1,0,0,1,20.0,48.0,deux_roues,voiture,5,2,1,1,3
202300012587,2023-07-08 00:50:00,2023,7,8,0,50,67,67218,DENIS PAPIN (RUE),48.511725,7.707165,Nuit sans éclairage public,En agglomération,Hors intersection,Normale,Autre collision,4,2,2,0,1,1,1,0,1,50,1,1,0,0,1,0,46.0,,utilitaire_camion,,3,2,1,1,6
202300012588,2023-06-02 16:45:00,2023,6,2,16,45,976,97611,m'tsapere-Nationale 2 (route),-12.7919093,45.22137344,Plein jour,En agglomération,Hors intersection,Normale,Deux véhicules - frontale,2,2, -1,-1,1,1,1,0,1,-1,2,2,1,0,1,0,24.0,38.0,deux_roues,deux_roues,1,2,1,1,1
202300012589,2023-08-15 13:02:00,2023,8,15,13,2,05,05139,"D937 Défilé de la Souloise, Tunnel",44.747175,5.885949,Plein jour,Hors agglomération,Hors intersection,Normale,Deux véhicules - frontale,3,2,2,0,2,1,1,0,1,80,2,3,2,1,0,0,39.0,79.0,deux_roues,voiture,1,1,1,1,1
202300012590,2023-08-19 12:20:00,2023,8,19,12,20,13,13074,rd96,43.646258,5.590373,Plein jour,En agglomération,Giratoire,Normale,Autre collision,3,2,2,0,1,1,1,0,3,70,1,1,0,0,1,0,59.0,,voiture,,1,2,6,1,6
202300012591,2023-12-28 23:38:00,2023,12,28,23,38,59,59378,BAROEUL AVENUE DU,50.65297,3.10954,Nuit avec éclairage allumé,En agglomération,Hors intersection,Normale,Deux véhicules - arrière,7,1,1,0,2,1,1,0,1,50,2,2,1,0,0,1,39.0,24.0,voiture,voiture,5,2,1,1,2
202300012592,2023-07-07 11:00:00,2023,7,7,11,0,67,67482,ANVERS (BOULEVARD D ),48.58401,7.77486,Plein jour,En agglomération,Intersection en T,Normale,Deux véhicules - côté,4,2,2,1,1,1,1,0,5,50,2,2,1,0,0,1,37.0,79.0,voiture,deux_roues,1,2,3,1,3
202300012592,2023-07-07 11:00:00,2023,7,7,11,0,67,67482,ANVERS (BOULEVARD D ),48.58401,7.77486,Plein jour,En agglomération,Intersection en T,Normale,Deux véhicules - côté,4,2,2,0,1,1,1,0,5,50,2,2,1,0,0,1,37.0,79.0,voiture,deux_roues,1,2,3,1,3
202300012593,2023-11-21 14:00:00,2023,11,21,14,0,27,27681,SAINT LAZARE (RUE),49.096537,1.475788,Plein jour,En agglomération,Intersection en T,Normale,Deux véhicules - côté,4,2,2,0,1,1,1,0,1,50,2,4,3,0,0,1,19.0,79.0,voiture,voiture,1,2,3,1,3
202300012593,2023-11-21 14:00:00,2023,11,21,14,0,27,27681,SAINT LAZARE (RUE),49.096537,1.475788,Plein jour,En agglomération,Intersection en T,Normale,Deux véhicules - côté,4,2,2,0,1,1,1,0,1,50,2,4,3,0,0,1,19.0,79.0,voiture,voiture,1,2,3,1,3
202300012594,2023-08-15 11:45:00,2023,8,15,11,45,03,03187,D21,46.350949,3.456981,Plein jour,Hors agglomération,Hors intersection,Normale,Sans collision,3,2,2,0,1,1,2,0,3,90,1,1,0,0,1,0,37.0,,deux_roues,,1,1,1,1,7
202300012595,2023-07-07 18:30:00,2023,7,7,18,30,64,64445,LILAS DES,43.312,-0.342,Plein jour,En agglomération,Hors intersection,Vent fort / tempête,Deux véhicules - frontale,4,-1,2,0,1,1,2,0,1,50,2,2,0,0,0,2,52.0,66.0,voiture,voiture,1,2,1,6,1
202300012596,2023-08-15 17:50:00,2023,8,15,17,50,07,07324,voie sud,45.054187,4.815412,Plein jour,Hors agglomération,Hors intersection,Normale,Sans collision,4,2,2,0,1,3,1,0,1,70,1,1,0,0,1,0,27.0,,deux_roues,,1,1,1,1,7
202300012597,2023-11-21 08:30:00,2023,11,21,8,30,26,26362,FAVENTINES ROND POINT,44.92444564,4.90370315,Plein jour,En agglomération,Giratoire,Normale,Deux véhicules - côté,4,-1,2,0,1,1,1,0,1,50,2,2,1,0,0,1,56.0,17.0,utilitaire_camion,deux_roues,1,2,6,1,3
202300012597,2023-11-21 08:30:00,2023,11,21,8,30,26,26362,FAVENTINES ROND POINT,44.92444564,4.90370315,Plein jour,En agglomération,Giratoire,Normale,Deux véhicules - côté,4,-1,1,0,1,1,1,0,1,50,2,2,1,0,0,1,56.0,17.0,utilitaire_camion,deux_roues,1,2,6,1,3
202300012598,2023-12-26 18:20:00,2023,12,26,18,20,59,59527,LECLERC RUE DU GENERAL,50.65609,3.04894,Nuit avec éclairage allumé,En agglomération,Intersection en X,Normale,Trois véhicules et plus - en chaîne,7,3,4,0,2,1,1,0,1,50,3,4,2,0,0,2,16.0,71.0,voiture,voiture,5,2,2,1,4
202300012598,2023-12-26 18:20:00,2023,12,26,18,20,59,59527,LECLERC RUE DU GENERAL,50.65609,3.04894,Nuit avec éclairage allumé,En agglomération,Intersection en X,Normale,Trois véhicules et plus - en chaîne,7,1,2,0,2,1,1,0,1,50,3,4,2,0,0,2,16.0,71.0,voiture,voiture,5,2,2,1,4
202300012599,2023-06-02 16:25:00,2023,6,2,16,25,973,97302,MONTABO (ROUTE DE) 1,4.9439212,-52.30821759,Plein jour,En agglomération,Autre intersection,Normale,Deux véhicules - arrière,3,3,0,0,1,1,1,0,1,50,2,2,1,0,0,1,31.0,21.0,voiture,deux_roues,1,2,9,1,2
202300012599,2023-06-02 16:25:00,2023,6,2,16,25,973,97302,MONTABO (ROUTE DE) 1,4.9439212,-52.30821759,Plein jour,En agglomération,Autre intersection,Normale,Deux véhicules - arrière,3,3,2,0,1,1,1,0,1,50,2,2,1,0,0,1,31.0,21.0,voiture,deux_roues,1,2,9,1,2
202300012600,2023-06-15 07:40:00,2023,6,15,7,40,64,64445,ROYALE,43.2945,-0.37091,Plein jour,En agglomération,Hors intersection,Normale,Autre collision,4,1,1,0,1,1,1,9,1,50,1,2,1,0,0,1,37.0,,voiture,,1,2,1,1,6
202300012601,2023-08-14 15:20:00,2023,8,14,15,20,86,86050,RN 149,46.659345,-0.03003,Plein jour,Hors agglomération,Hors intersection,Normale,Deux véhicules - frontale,2,2,2,0,1,1,1,0,1,80,2,5,0,1,4,0,72.0,72.0,voiture,utilitaire_camion,1,1,1,1,1
202300012602,2023-06-02 19:50:00,2023,6,2,19,50,69,69383,24 Rue Julien,45.75254,4.88826,Plein jour,En agglomération,Intersection en X,Normale,Deux véhicules - côté,4,1,1,2,1,1,1,0,1,30,2,2,0,0,0,2,21.0,26.0,voiture,voiture,1,2,2,1,3
202300012602,2023-06-02 19:50:00,2023,6,2,19,50,69,69383,24 Rue Julien,45.75254,4.88826,Plein jour,En agglomération,Intersection en X,Normale,Deux véhicules - côté,4,1,1,2,1,1,1,0,1,30,2,2,0,0,0,2,21.0,26.0,voiture,voiture,1,2,2,1,3
202300012603,2023-11-21 07:40:00,2023,11,21,7,40,22,22113,PARK NEVEZ (AVENUE DE),48.72977012,-3.44297871,Nuit sans éclairage public,En agglomération,Autre intersection,Normale,Deux véhicules - côté,4,2,2,0,1,2,1,0,1,50,2,3,1,0,0,2,56.0,41.0,transport_commun,voiture,3,2,9,1,3
202300012603,2023-11-21 07:40:00,2023,11,21,7,40,22,22113,PARK NEVEZ (AVENUE DE),48.72977012,-3.44297871,Nuit sans éclairage public,En agglomération,Autre intersection,Normale,Deux véhicules - côté,4,-1,1,0,1,3,1,9,1,50,2,3,1,0,0,2,56.0,41.0,transport_commun,voiture,3,2,9,1,3
202300012604,2023-12-23 02:40:00,2023,12,23,2,40,59,59569,RD 500,50.37255,3.12137,Nuit sans éclairage public,Hors agglomération,Hors intersection,Normale,Deux véhicules - frontale,3,2,2,0,1,2,1,0,1,90,2,4,0,0,4,0,41.0,19.0,voiture,voiture,3,1,1,1,1
202300012605,2023-07-06 15:50:00,2023,7,6,15,50,64,64102,CASTERA (RUE DU MOULIN),43.48837,-1.45964,Plein jour,En agglomération,Hors intersection,Normale,Deux véhicules - arrière,4,2,4,0,3,1,1,0,1,50,2,2,1,0,0,1,23.0,47.0,voiture,voiture,1,2,1,1,2
202300012606,2023-06-02 13:35:00,2023,6,2,13,35,69,69381,3 Rue de la Martinière,45.76823432,4.82848686,Plein jour,En agglomération,Hors intersection,Normale,Deux véhicules - côté,4,1,1,2,1,1,1,0,1,30,2,2,1,0,0,1,,31.0,voiture,deux_roues,1,2,1,1,3
202300012607,2023-07-07 15:30:00,2023,7,7,15,30,63,63113,AGRICULTURE (AVENUE DE L'),45.7791,3.1217,Plein jour,En agglomération,Hors intersection,Pluie forte,Sans collision,7,3,6,0,1,1,2,0,1,50,1,1,0,0,0,1,17.0,,deux_roues,,1,2,1,3,7
202300012608,2023-11-20 07:50:00,2023,11,20,7,50,19,19031,MARGERIT (RUE ROBERT),45.14669,1.47233,Plein jour,En agglomération,Hors intersection,Normale,Autre collision,4,2,2,0,1,1,1,0,1,50,1,2,1,0,0,1,31.0,,voiture,,1,2,1,1,6
202300012609,2023-08-14 19:45:00,2023,8,14,19,45,33,33417,D6,44.971736,-0.8797,Plein jour,Hors agglomération,Hors intersection,Normale,Deux véhicules - frontale,3,2,2,0,1,3,1,0,1,80,2,4,0,2,2,0,21.0,26.0,voiture,voiture,1,1,1,1,1
202300012610,2023-12-27 18:20:00,2023,12,27,18,20,51,51454,COURCELLES (RUE DE) DU 1 AU 97 ET 2 A 22,49.25933,4.02042,Nuit avec éclairage allumé,En agglomération,Intersection en X,Normale,Deux véhicules - frontale,4,2,2,0,1,1,1,0,1,50,2,2,1,0,0,1,57.0,26.0,voiture,deux_roues,5,2,2,1,1
202300012610,2023-12-27 18:20:00,2023,12,27,18,20,51,51454,COURCELLES (RUE DE) DU 1 AU 97 ET 2 A 22,49.25933,4.02042,Nuit avec éclairage allumé,En agglomération,Intersection en X,Normale,Deux véhicules - frontale,4,2,2,0,1,1,1,0,1,50,2,2,1,0,0,1,57.0,26.0,voiture,deux_roues,5,2,2,1,1
202300012611,2023-06-02 06:15:00,2023,6,2,6,15,69,69152,15 Rue Emile Zola,45.70512,4.81945,Crépuscule ou aube,En agglomération,Hors intersection,Normale,Autre collision,4,2,2,1,1,1,1,0,1,50,1,1,0,0,0,1,57.0,,voiture,,2,2,1,1,6
202300012612,2023-11-19 01:35:00,2023,11,19,1,35,19,19031,GALLIENI (AVENUE),45.16167,1.51899,Nuit avec éclairage non allumé,En agglomération,Hors intersection,Normale,Autre collision,4,-1,2,0,1,1,1,0,4,50,1,1,0,0,1,0,27.0,,deux_roues,,4,2,1,1,6
202300012613,2023-07-07 14:30:00,2023,7,7,14,30,63,63113,BREZET (AVENUE),45.77917,3.14836,Plein jour,Hors agglomération,Hors intersection,Normale,Deux véhicules - côté,7,2,2,2,1,1,1,0,1,50,2,2,1,0,1,0,53.0,20.0,deux_roues,voiture,1,1,1,1,3
202300012614,2023-08-15 14:00:00,2023,8,15,14,0,33,33128,Route de Goulée,45.33416,-0.919461,Plein jour,Hors agglomération,Hors intersection,Normale,Autre collision,3,2,2,0,1,1,1,0,3,80,1,1,0,0,1,0,68.0,,voiture,,1,1,1,1,6
202300012615,2023-12-27 15:05:00,2023,12,27,15,5,46,46191,GRANDE RUE,44.49546,1.39417,Plein jour,Hors agglomération,Hors intersection,Normale,Autre collision,3,2,2,0,1,1,1,0,3,80,1,1,0,0,1,0,78.0,,voiture,,1,1,1,1,6
202300012616,2023-06-02 11:35:00,2023,6,2,11,35,971,97120,DUGOMMIER,16.23728,-61.53228,Plein jour,En agglomération,Hors intersection,Normale,Autre collision,4,1,1,0,2,1,1,0,1,30,1,2,1,0,1,0,68.0,,utilitaire_camion,,1,2,1,1,6
202300012617,2023-11-21 18:22:00,2023,11,21,18,22,17,17415,Départementale  137,45.71878,-0.63621,Nuit sans éclairage public,Hors agglomération,Intersection en Y,Normale,Deux véhicules - frontale,3,2,2,0,1,1,1,0,1,50,2,2,1,0,1,0,18.0,71.0,deux_roues,voiture,3,1,4,1,1
202300012617,2023-11-21 18:22:00,2023,11,21,18,22,17,17415,Départementale  137,45.71878,-0.63621,Nuit sans éclairage public,Hors agglomération,Intersection en Y,Normale,Deux véhicules - frontale,3,2,2,0,1,1,1,5,1,50,2,2,1,0,1,0,18.0,71.0,deux_roues,voiture,3,1,4,1,1
202300012618,2023-08-15 14:10:00,2023,8,15,14,10,85,85189,465 Chemin des essarts,46.764512,-1.880636,Plein jour,Hors agglomération,Hors intersection,Normale,Deux véhicules - côté,4,2,2,0,1,1,1,0,1,80,2,3,2,0,1,0,38.0,21.0,deux_roues,voiture,1,1,1,1,3
202300012619,2023-07-07 10:40:00,2023,7,7,10,40,63,63113,ITALIE (AVENUE DE L'),45.77920435,3.09592634,Plein jour,En agglomération,Intersection en X,Normale,Deux véhicules - côté,4,-1,1,2,1,1,1,0,1,30,2,3,2,0,0,1,52.0,27.0,voiture,voiture,1,2,2,1,3