accident_id,datetime,annee,mois,jour,heure,minute,departement,commune_insee,adresse,latitude,longitude,luminosite,agglomeration,intersection,meteo,collision,catr,circ,nbv,vosp,prof,plan,surf,infra,situ,vma,nb_vehicules,nb_usagers,nb_indemnes,nb_tues,nb_blesses_hosp,nb_blesses_legers,age_cond_1,age_cond_2,veh_type_cond_1,veh_type_cond_2,lum_code,agg_code,int_code,atm_code,col_code
202300012619,2023-07-07 10:40:00,2023,7,7,10,40,63,63113,ITALIE (AVENUE DE L'),45.77920435,3.09592634,Plein jour,En agglomération,Intersection en X,Normale,Deux véhicules - côté,4,1,2,2,1,1,1,0,1,50,2,3,2,0,0,1,52.0,27.0,voiture,voiture,1,2,2,1,3
202300012620,2023-06-02 12:50:00,2023,6,2,12,50,971,97105,GOUVERNEUR DU LYON (AVE),16.0022316,-61.73790693,Plein jour,En agglomération,Intersection en T,Normale,Deux véhicules - côté,2,2,2,0,2,1,1,0,8,50,2,2,1,0,1,0,37.0,32.0,voiture,deux_roues,1,2,3,1,3
202300012620,2023-06-02 12:50:00,2023,6,2,12,50,971,97105,GOUVERNEUR DU LYON (AVE),16.0022316,-61.73790693,Plein jour,En agglomération,Intersection en T,Normale,Deux véhicules - côté,2,2,2,0,1,1,1,0,1,50,2,2,1,0,1,0,37.0,32.0,voiture,deux_roues,1,2,3,1,3
202300012621,2023-08-15 16:30:00,2023,8,15,16,30,85,85019,Rue du pont caillaud (Saligny),46.807874,-1.4236266,Plein jour,En agglomération,Hors intersection,Normale,Autre collision,4,2,2,0,2,1,1,0,1,50,1,1,0,0,0,1,71.0,,deux_roues,,1,2,1,1,6
202300012622,2023-12-27 07:20:00,2023,12,27,7,20,45,45208,1 Place Mirabeau,47.99827,2.73298,Nuit avec éclairage allumé,En agglomération,Intersection en T,Normale,Deux véhicules - arrière,4,1,1,0,1,1,1,0,1,30,2,4,2,0,0,2,56.0,47.0,transport_commun,utilitaire_camion,5,2,3,1,2
202300012622,2023-12-27 07:20:00,2023,12,27,7,20,45,45208,1 Place Mirabeau,47.99827,2.73298,Nuit avec éclairage allumé,En agglomération,Intersection en T,Normale,Deux véhicules - arrière,4,-1,4,3,1,1,1,0,1,30,2,4,2,0,0,2,56.0,47.0,transport_commun,utilitaire_camion,5,2,3,1,2
202300012623,2023-11-21 17:50:00,2023,11,21,17,50,14,14079,45 Avenue Michel d'Ornano,49.33861,0.028205,Nuit avec éclairage allumé,En agglomération,Hors intersection,Normale,Autre collision,3,2,2,0,1,1,2,6,1,50,1,3,2,0,0,1,82.0,,voiture,,5,2,1,1,6
202300012624,2023-07-04 17:40:00,2023,7,4,17,40,63,63113,Rue du Ressort /allée des Tilleuls,45.78767081,3.11248899,Plein jour,En agglomération,Intersection en X,Normale,Deux véhicules - côté,4,1,1,0,1,1,1,0,1,30,2,2,1,0,0,1,33.0,35.0,voiture,deux_roues,1,2,2,1,3
202300012624,2023-07-04 17:40:00,2023,7,4,17,40,63,63113,Rue du Ressort /allée des Tilleuls,45.78767081,3.11248899,Plein jour,En agglomération,Intersection en X,Normale,Deux véhicules - côté,4,2,2,0,1,1,1,0,1,30,2,2,1,0,0,1,33.0,35.0,voiture,deux_roues,1,2,2,1,3
202300012625,2023-08-15 12:45:00,2023,8,15,12,45,22,22176,Rue du Centre,48.446511,-2.746732,Plein jour,En agglomération,Intersection en T,Normale,Autre collision,3,-1,1,0,2,1,1,0,4,50,1,1,0,0,1,0,82.0,,voiture,,1,2,3,1,6
202300012625,2023-08-15 12:45:00,2023,8,15,12,45,22,22176,Rue du Centre,48.446511,-2.746732,Plein jour,En agglomération,Intersection en T,Normale,Autre collision,3,2,1,0,2,1,1,0,4,-1,1,1,0,0,1,0,82.0,,voiture,,1,2,3,1,6
202300012626,2023-12-27 16:15:00,2023,12,27,16,15,37,37261,DANIEL MAYER,47.41859,0.69274,Plein jour,En agglomération,Hors intersection,Normale,Deux véhicules - côté,4,1,2,2,1,2,1,5,1,50,2,2,1,0,0,1,38.0,57.0,deux_roues,voiture,1,2,1,1,3
202300012627,2023-11-21 18:00:00,2023,11,21,18,0,14,14118,19 Rue de la Pigacière,49.188011,-0.358513,Nuit avec éclairage allumé,En agglomération,Hors intersection,Pluie légère,Autre collision,4,2,2,0,2,1,2,0,1,50,1,2,1,0,1,0,21.0,,voiture,,5,2,1,2,6
202300012628,2023-06-02 16:30:00,2023,6,2,16,30,95,95428,CHESNEAUX (RUE DES),48.98219562,2.3154223,Plein jour,En agglomération,Intersection en T,Normale,Deux véhicules - côté,4,2,2,0,2,1,1,0,1,50,2,4,2,0,0,2,,39.0,voiture,transport_commun,1,2,3,1,3
202300012628,2023-06-02 16:30:00,2023,6,2,16,30,95,95428,CHESNEAUX (RUE DES),48.98219562,2.3154223,Plein jour,En agglomération,Intersection en T,Normale,Deux véhicules - côté,4,2,1,0,1,1,1,0,1,50,2,4,2,0,0,2,,39.0,voiture,transport_commun,1,2,3,1,3
202300012629,2023-06-09 12:30:00,2023,6,9,12,30,59,59009,DE VIGNY ALFRED RUE,50.65554,3.14671,Plein jour,En agglomération,Hors intersection,Normale,Deux véhicules - côté,4,2,2,0,1,1,1,0,1,50,2,2,1,0,0,1,28.0,,voiture,voiture,1,2,1,1,3
202300012630,2023-08-13 17:30:00,2023,8,13,17,30,27,27016,Rue de Penthièvre,49.244837,1.396927,Plein jour,En agglomération,Hors intersection,Normale,Deux véhicules - arrière,9,1,1,0,1,1,1,0,1,50,2,4,2,0,0,2,16.0,21.0,deux_roues,deux_roues,1,2,1,1,2
202300012631,2023-12-26 19:30:00,2023,12,26,19,30,34,34032,HEMINGWAY ERNEST (BLD),43.36419,3.22512,Nuit sans éclairage public,En agglomération,Hors intersection,Normale,Deux véhicules - côté,4,2,2,0,1,1,1,0,1,50,2,2,1,0,1,0,18.0,41.0,deux_roues,voiture,3,2,1,1,3
202300012632,2023-11-20 17:02:00,2023,11,20,17,2,14,14327,D515,49.202541,-0.323816,Crépuscule ou aube,En agglomération,Hors intersection,Normale,Deux véhicules - frontale,3,3,4,0,2,2,2,0,1,50,2,4,3,0,0,1,24.0,40.0,voiture,voiture,2,2,1,1,1
202300012633,2023-07-06 20:50:00,2023,7,6,20,50,59,59350,MARCEAU RUE,50.62654,3.11012,Plein jour,En agglomération,Intersection en X,Normale,Deux véhicules - côté,7,1,0,1,1,1,1,0,1,50,2,2,1,0,0,1,28.0,17.0,voiture,deux_roues,1,2,2,1,3
202300012633,2023-07-06 20:50:00,2023,7,6,20,50,59,59350,MARCEAU RUE,50.62654,3.11012,Plein jour,En agglomération,Intersection en X,Normale,Deux véhicules - côté,7,2,1,2,1,1,1,0,1,50,2,2,1,0,0,1,28.0,17.0,voiture,deux_roues,1,2,2,1,3
202300012634,2023-12-25 04:10:00,2023,12,25,4,10,31,31555,ROND-POINT JOSEPH SAUVEUR,43.57867,1.39385,Nuit avec éclairage allumé,En agglomération,Hors intersection,Normale,Sans collision,4,1,2,1,1,1,2,5,8,50,1,1,0,0,1,0,19.0,,deux_roues,,5,2,1,1,7
202300012635,2023-08-14 18:45:00,2023,8,14,18,45,76,76057,avenue du président kennedy,49.549597,0.942403,Plein jour,En agglomération,Hors intersection,Normale,Deux véhicules - côté,3,2,1,0,2,2,1,0,1,50,2,2,0,0,1,1,70.0,22.0,voiture,voiture,1,2,1,1,3
202300012636,2023-06-02 16:40:00,2023,6,2,16,40,91,91421,NOUZET (RUE DU),48.70716,2.44189,Plein jour,En agglomération,Hors intersection,Normale,Deux véhicules - côté,4,1,2,0,2,1,1,0,1,50,2,2,1,0,1,0,21.0,32.0,voiture,deux_roues,1,2,1,1,3
202300012637,2023-11-21 07:50:00,2023,11,21,7,50,13,13054,SAINT PIERRE (CHE ),43.41219,5.20709,Plein jour,En agglomération,Hors intersection,Normale,Autre collision,4,2,2,0,1,1,1,0,1,50,1,2,1,0,0,1,,,voiture,,1,2,1,1,6
202300012638,2023-07-07 12:20:00,2023,7,7,12,20,57,57306,LIBERTE (ESPLANADE DE LA),49.32918,6.06601,Plein jour,En agglomération,Hors intersection,Normale,Autre collision,3,3,0,0,1,1,1,6,1,50,1,2,1,0,1,0,42.0,,voiture,,1,2,1,1,6
202300012639,2023-08-12 05:23:00,2023,8,12,5,23,13,13043,A55-Sens Martigues vers Marseille,43.39145,5.25972,Nuit sans éclairage public,Hors agglomération,Hors intersection,Normale,Sans collision,1,1,2,0,1,1,1,0,3,110,1,4,1,0,0,3,,,utilitaire_camion,,3,1,1,1,7
202300012640,2023-07-07 19:30:00,2023,7,7,19,30,57,57660,SCHOENECK(RUE DE)DU PONT AUTOROUTE AU PO,49.2107,6.93272,Plein jour,En agglomération,Autre intersection,Normale,Deux véhicules - côté,4,2,2,0,2,1,1,0,1,50,2,2,0,0,2,0,25.0,25.0,deux_roues,voiture,1,2,9,1,3
202300012641,2023-06-03 00:20:00,2023,6,3,0,20,91,91326,COUR DE FRANCE (AVENUE DE LA),48.68858,2.3713,Nuit avec éclairage allumé,En agglomération,Autre intersection,Normale,Deux véhicules - côté,3,2,2,0,2,1,1,0,1,50,2,4,2,0,1,1,46.0,17.0,voiture,deux_roues,5,2,9,1,3
202300012641,2023-06-03 00:20:00,2023,6,3,0,20,91,91326,COUR DE FRANCE (AVENUE DE LA),48.68858,2.3713,Nuit avec éclairage allumé,En agglomération,Autre intersection,Normale,Deux véhicules - côté,3,2,2,0,2,1,1,0,1,50,2,4,2,0,1,1,46.0,17.0,voiture,deux_roues,5,2,9,1,3
202300012642,2023-11-21 22:00:00,2023,11,21,22,0,13,13211,POMME (BOULEVARD DE LA ),43.29276202,5.45725133,Nuit avec éclairage allumé,En agglomération,Intersection en T,Normale,Deux véhicules - côté,4,2,5,1,1,1,1,0,1,50,2,2,1,0,0,1,60.0,32.0,deux_roues,voiture,5,2,3,1,3
202300012642,2023-11-21 22:00:00,2023,11,21,22,0,13,13211,POMME (BOULEVARD DE LA ),43.29276202,5.45725133,Nuit avec éclairage allumé,En agglomération,Intersection en T,Normale,Deux véhicules - côté,4,2,2,0,1,1,1,0,8,50,2,2,1,0,0,1,60.0,32.0,deux_roues,voiture,5,2,3,1,3
202300012643,2023-12-27 15:20:00,2023,12,27,15,20,25,25462,ROCADE G.POMPIDOU (DU 25 A LA FIN),46.90012,6.33858,Plein jour,En agglomération,Hors intersection,Normale,Trois véhicules et plus - en chaîne,2,2,2,0,2,1,1,0,1,50,3,7,5,0,0,2,30.0,30.0,voiture,voiture,1,2,1,1,4
202300012644,2023-08-13 01:10:00,2023,8,13,1,10,95,95018,A15,48.95956,2.27285,Nuit sans éclairage public,Hors agglomération,Hors intersection,Normale,Trois véhicules et plus - en chaîne,1,3,4,0,1,1,1,0,1,110,3,4,3,0,0,1,38.0,,voiture,voiture,3,1,1,1,4
202300012645,2023-06-01 17:40:00,2023,6,1,17,40,91,91223,PARIS (AVENUE DE),48.437396,2.163841,Plein jour,En agglomération,Hors intersection,Normale,Autre collision,4,2,2,0,1,1,1,0,1,50,1,2,1,0,1,0,53.0,,utilitaire_camion,,1,2,1,1,6
202300012646,2023-11-21 11:50:00,2023,11,21,11,50,13,13214,GIBBES (CHEMIN DE),43.32592,5.38349,Plein jour,En agglomération,Hors intersection,Normale,Autre collision,4,2,2,0,1,1,1,0,1,50,1,2,0,0,0,2,33.0,,voiture,,1,2,1,1,6
202300012647,2023-12-27 10:00:00,2023,12,27,10,0,13,13201,ATHENES (BOULEVARD D'),43.30264,5.37983,Plein jour,En agglomération,Hors intersection,Normale,Deux véhicules - côté,4,1,2,0,1,1,1,1,1,50,2,2,1,0,0,1,21.0,52.0,deux_roues,voiture,1,2,1,1,3
202300012648,2023-07-06 12:45:00,2023,7,6,12,45,54,54395,Rue des Tiercelins,48.6915,6.1921,Plein jour,En agglomération,Hors intersection,Normale,Deux véhicules - côté,4,1,1,2,1,1,1,0,5,30,2,2,1,0,0,1,45.0,24.0,utilitaire_camion,deux_roues,1,2,1,1,3
202300012649,2023-08-13 20:00:00,2023,8,13,20,0,94,94028,A86,48.79871719,2.44499982,Plein jour,Hors agglomération,Hors intersection,Normale,Deux véhicules - arrière,1,-1,3,0,1,1,1,0,1,90,2,3,1,0,0,2,39.0,19.0,deux_roues,voiture,1,1,1,1,2
202300012650,2023-11-20 15:26:00,2023,11,20,15,26,13,13215,MADRAGUE VILLE (chemin de la),43.34031,5.35373,Plein jour,En agglomération,Hors intersection,Normale,Deux véhicules - frontale,4,2,2,0,1,2,1,0,1,50,1,1,0,1,0,0,26.0,,deux_roues,,1,2,1,1,1
202300012651,2023-06-02 07:51:00,2023,6,2,7,51,87,87075,COURRIERES (AVENUE DES),45.82059,1.20862,Plein jour,En agglomération,Hors intersection,Normale,Deux véhicules - arrière,4,2,2,0,1,1,1,5,1,50,2,3,2,0,0,1,19.0,60.0,voiture,voiture,1,2,1,1,2
202300012652,2023-12-26 12:20:00,2023,12,26,12,20,13,13202,DAMES (BOULEVARD DES),43.30177,5.37258,Plein jour,En agglomération,Hors intersection,Normale,Deux véhicules - côté,4,2,4,0,2,1,1,0,1,50,2,2,1,0,1,0,47.0,25.0,voiture,deux_roues,1,2,1,1,3
202300012653,2023-06-01 16:19:00,2023,6,1,16,19,87,87085,EUROPE (CARREFOUR DE L'),45.86175,1.27492,Plein jour,En agglomération,Giratoire,Pluie forte,Sans collision,4,2,2,0,2,3,2,5,1,50,1,1,0,0,0,1,18.0,,deux_roues,,1,2,6,3,7
202300012653,2023-06-01 16:19:00,2023,6,1,16,19,87,87085,EUROPE (CARREFOUR DE L'),45.86175,1.27492,Plein jour,En agglomération,Giratoire,Pluie forte,Sans collision,4,1,2,0,2,2,2,5,1,50,1,1,0,0,0,1,18.0,,deux_roues,,1,2,6,3,7
202300012654,2023-08-12 10:13:00,2023,8,12,10,13,988,98818,RUE VARIN/ROUTE DE LA BAIE DES DAMES,-22.23523,166.43766,Plein jour,En agglomération,Intersection en T,Normale,Sans collision,4,2,2,-1,-1,1,1,-1,3,-1,1,2,1,1,0,0,66.0,,voiture,,1,2,3,1,7
202300012654,2023-08-12 10:13:00,2023,8,12,10,13,988,98818,RUE VARIN/ROUTE DE LA BAIE DES DAMES,-22.23523,166.43766,Plein jour,En agglomération,Intersection en T,Normale,Sans collision,4,2,2,0,2,3,1,9,3,50,1,2,1,1,0,0,66.0,,voiture,,1,2,3,1,7
202300012655,2023-07-06 10:30:00,2023,7,6,10,30,54,54395,Rue Raymond Poincaré,48.69039137,6.17299139,Plein jour,En agglomération,Intersection en T,Normale,Autre collision,4,1,2,2,1,1,1,2,1,30,1,2,1,0,0,1,53.0,,voiture,,1,2,3,1,6
202300012655,2023-07-06 10:30:00,2023,7,6,10,30,54,54395,Rue Raymond Poincaré,48.69039137,6.17299139,Plein jour,En agglomération,Intersection en T,Normale,Autre collision,4,1,3,2,1,1,1,2,1,30,1,2,1,0,0,1,53.0,,voiture,,1,2,3,1,6
202300012656,2023-11-11 00:35:00,2023,11,11,0,35,13,13028,Rond Point DULAC/ROVARCH,43.19185,5.60509,Nuit avec éclairage allumé,En agglomération,Giratoire,Normale,Deux véhicules - côté,4,1,2,0,1,2,1,0,1,50,2,2,1,0,0,1,32.0,19.0,utilitaire_camion,voiture,5,2,6,1,3
202300012656,2023-11-11 00:35:00,2023,11,11,0,35,13,13028,Rond Point DULAC/ROVARCH,43.19185,5.60509,Nuit avec éclairage allumé,En agglomération,Giratoire,Normale,Deux véhicules - côté,4,3,2,0,1,1,1,5,1,50,2,2,1,0,0,1,32.0,19.0,utilitaire_camion,voiture,5,2,6,1,3
202300012657,2023-12-27 16:35:00,2023,12,27,16,35,75,75119,AVENUE DE FLANDRE,48.89195,2.378654,Plein jour,En agglomération,Hors intersection,Normale,Autre collision,4,1,0,0,1,1,1,0,1,30,1,2,1,0,0,1,32.0,,utilitaire_camion,,1,2,1,1,6
202300012658,2023-05-29 22:43:00,2023,5,29,22,43,86,86194,Place Charles Martel,46.59056,0.33922,Nuit avec éclairage allumé,En agglomération,Intersection à plus de 4 branches,Normale,Deux véhicules - côté,4,-1,2,0,1,2,1,5,1,50,2,2,1,0,0,1,36.0,21.0,voiture,voiture,5,2,5,1,3
202300012658,2023-05-29 22:43:00,2023,5,29,22,43,86,86194,Place Charles Martel,46.59056,0.33922,Nuit avec éclairage allumé,En agglomération,Intersection à plus de 4 branches,Normale,Deux véhicules - côté,4,2,3,0,1,2,1,5,1,-1,2,2,1,0,0,1,36.0,21.0,voiture,voiture,5,2,5,1,3
202300012659,2023-08-12 03:55:00,2023,8,12,3,55,988,98818,AVENUE JAMES COOK,-22.25846,166.39346,Nuit sans éclairage public,En agglomération,Intersection en T,Normale,Autre collision,4,2,2,0,2,3,1,0,3,50,1,3,2,0,1,0,24.0,,utilitaire_camion,,3,2,3,1,6
202300012659,2023-08-12 03:55:00,2023,8,12,3,55,988,98818,AVENUE JAMES COOK,-22.25846,166.39346,Nuit sans éclairage public,En agglomération,Intersection en T,Normale,Autre collision,4,2,2,-1,-1,1,1,-1,3,-1,1,3,2,0,1,0,24.0,,utilitaire_camion,,3,2,3,1,6
202300012660,2023-11-20 15:15:00,2023,11,20,15,15,13,13001,PETIT MOULIN (RTE DU),43.50896988,5.32965201,Plein jour,Hors agglomération,Hors intersection,Normale,Autre collision,3,2,2,0,1,1,1,9,3,80,1,2,0,0,0,2,27.0,,utilitaire_camion,,1,1,1,1,6
202300012661,2023-07-06 08:20:00,2023,7,6,8,20,54,54395,Boulevard Jean Jaurès,48.68279846,6.17750823,Plein jour,En agglomération,Hors intersection,Normale,Deux véhicules - côté,4,1,1,0,1,1,1,0,1,50,2,2,1,0,0,1,50.0,39.0,deux_roues,voiture,1,2,1,1,3
202300012662,2023-12-27 21:18:00,2023,12,27,21,18,75,75117,Avenue de Wagram,48.884244,2.302669,Nuit avec éclairage allumé,En agglomération,Intersection en X,Pluie légère,Deux véhicules - frontale,4,2, -1,-1,1,1,2,0,1,-1,2,2,1,0,1,0,53.0,32.0,utilitaire_camion,deux_roues,5,2,2,2,1
202300012662,2023-12-27 21:18:00,2023,12,27,21,18,75,75117,Avenue de Wagram,48.884244,2.302669,Nuit avec éclairage allumé,En agglomération,Intersection en X,Pluie légère,Deux véhicules - frontale,4,2,4,0,1,1,2,0,1,30,2,2,1,0,1,0,53.0,32.0,utilitaire_camion,deux_roues,5,2,2,2,1
202300012663,2023-11-20 13:50:00,2023,11,20,13,50,11,11069,6 Rue Jean Francois Champollion,43.21217,2.32697,Plein jour,En agglomération,Hors intersection,Normale,Deux véhicules - côté,4,2,2,0,1,1,1,0,1,50,2,2,1,0,0,1,56.0,50.0,voiture,deux_roues,1,2,1,1,3
202300012664,2023-08-12 10:15:00,2023,8,12,10,15,69,69388,80 Avenue Général Frère,45.7317239,4.87618403,Plein jour,En agglomération,Intersection en X,Normale,Deux véhicules - côté,4,2,2,2,1,1,1,0,5,50,2,2,1,0,0,1,,29.0,voiture,deux_roues,1,2,2,1,3
202300012664,2023-08-12 10:15:00,2023,8,12,10,15,69,69388,80 Avenue Général Frère,45.7317239,4.87618403,Plein jour,En agglomération,Intersection en X,Normale,Deux véhicules - côté,4,2,2,2,1,1,1,0,5,30,2,2,1,0,0,1,,29.0,voiture,deux_roues,1,2,2,1,3
202300012665,2023-05-31 04:40:00,2023,5,31,4,40,86,86194,D910,46.602793,0.327141,Nuit avec éclairage allumé,En agglomération,Intersection à plus de 4 branches,Normale,Autre collision,3,2,2,0,1,1,1,5,1,50,3,3,1,0,0,2,34.0,34.0,voiture,voiture,5,2,5,1,6
202300012665,2023-05-31 04:40:00,2023,5,31,4,40,86,86194,D910,46.602793,0.327141,Nuit avec éclairage allumé,En agglomération,Intersection à plus de 4 branches,Normale,Autre collision,3,3,0,0,1,1,1,5,1,50,3,3,1,0,0,2,34.0,34.0,voiture,voiture,5,2,5,1,6
202300012666,2023-12-26 19:15:00,2023,12,26,19,15,75,75114,AVENUE DU MAINE,48.83234642,2.32503533,Nuit avec éclairage allumé,En agglomération,Intersection en Y,Pluie légère,Sans collision,4,2,4,3,1,1,2,0,1,30,1,1,0,0,1,0,57.0,,deux_roues,,5,2,4,2,7
202300012666,2023-12-26 19:15:00,2023,12,26,19,15,75,75114,AVENUE DU MAINE,48.83234642,2.32503533,Nuit avec éclairage allumé,En agglomération,Intersection en Y,Pluie légère,Sans collision,4,1, -1,-1,1,1,2,0,1,-1,1,1,0,0,1,0,57.0,,deux_roues,,5,2,4,2,7
202300012667,2023-07-06 12:00:00,2023,7,6,12,0,51,51454,BRIAND (PLACE ARISTIDE),49.25768,4.03886,Plein jour,En agglomération,Giratoire,Normale,Deux véhicules - côté,4,-1,1,1,1,1,1,0,1,30,2,2,1,0,0,1,64.0,40.0,deux_roues,voiture,1,2,6,1,3
202300012667,2023-07-06 12:00:00,2023,7,6,12,0,51,51454,BRIAND (PLACE ARISTIDE),49.25768,4.03886,Plein jour,En agglomération,Giratoire,Normale,Deux véhicules - côté,4,-1,3,0,1,1,1,0,1,30,2,2,1,0,0,1,64.0,40.0,deux_roues,voiture,1,2,6,1,3
202300012668,2023-11-20 08:50:00,2023,11,20,8,50,11,11069,JOLIOT CURIE -BD IRENE FREDERIC- PAIRS,43.21328,2.37051,Plein jour,En agglomération,Hors intersection,Normale,Autre collision,4,2,2,0,1,1,1,0,1,30,1,2,1,0,0,1,,,voiture,,1,2,1,1,6
202300012669,2023-08-12 20:10:00,2023,8,12,20,10,972,97213,AUTOROUTE A1,14.61806,-61.03047,Nuit avec éclairage allumé,Hors agglomération,Hors intersection,Pluie légère,Sans collision,1,3,8,3,2,1,2,3,1,90,1,1,0,0,0,1,71.0,,voiture,,5,1,1,2,7
202300012670,2023-07-07 22:24:00,2023,7,7,22,24,49,49353,PERREYEUX,47.45537,-0.5119,Nuit sans éclairage public,En agglomération,Hors intersection,Normale,Sans collision,3,1,2,0,2,3,1,0,1,70,1,1,0,0,1,0,35.0,,voiture,,3,2,1,1,7
202300012671,2023-06-02 12:30:00,2023,6,2,12,30,83,83062,FABRI DE PEIRESC (AVENUE),43.13884,6.02771,Plein jour,En agglomération,Intersection en T,Normale,Deux véhicules - côté,4,3,2,0,1,1,1,0,1,50,2,3,1,0,1,1,15.0,54.0,deux_roues,voiture,1,2,3,1,3
202300012671,2023-06-02 12:30:00,2023,6,2,12,30,83,83062,FABRI DE PEIRESC (AVENUE),43.13884,6.02771,Plein jour,En agglomération,Intersection en T,Normale,Deux véhicules - côté,4,-1, -1,-1,1,1,1,0,1,-1,2,3,1,0,1,1,15.0,54.0,deux_roues,voiture,1,2,3,1,3
202300012672,2023-12-27 00:05:00,2023,12,27,0,5,75,75107,QUAI BRANLY,48.862201,2.299324,Nuit avec éclairage allumé,En agglomération,Hors intersection,Normale,Deux véhicules - frontale,4,2,2,1,1,1,1,0,5,30,2,2,1,0,0,1,19.0,37.0,deux_roues,deux_roues,5,2,1,1,1
202300012673,2023-06-02 10:40:00,2023,6,2,10,40,83,83137,VICTOIRE DU 8 MAI 1945 (AVE DE LA),43.13097351,5.9363308,Plein jour,En agglomération,Hors intersection,Normale,Autre collision,4,-1,2,0,1,1,1,0,1,30,1,2,1,0,0,1,,,autre,,1,2,1,1,6
202300012674,2023-08-12 21:53:00,2023,8,12,21,53,2B,2B033,Avenue Sampiero Corso,42.676059,9.444297,Nuit avec éclairage allumé,En agglomération,Hors intersection,Normale,Deux véhicules - arrière,2,3,2,0,1,1,1,0,1,50,2,2,1,0,0,1,21.0,19.0,voiture,deux_roues,5,2,1,1,2
202300012675,2023-11-20 17:24:00,2023,11,20,17,24,10,10060,ROCADE OUEST,48.25267,4.10866,Nuit sans éclairage public,Hors agglomération,Hors intersection,Pluie légère,Trois véhicules et plus - en chaîne,3,2,2,0,1,1,2,0,1,90,3,3,2,0,0,1,19.0,24.0,voiture,voiture,3,1,1,2,4
202300012676,2023-07-06 19:38:00,2023,7,6,19,38,49,49246,CHAUVIN AVENUE,47.43347,-0.52957,Plein jour,En agglomération,Giratoire,Normale,Deux véhicules - côté,3,2,1,2,1,1,1,0,1,50,2,2,1,0,0,1,61.0,18.0,voiture,deux_roues,1,2,6,1,3
202300012677,2023-12-27 06:00:00,2023,12,27,6,0,75,75104,RUE DE RIVOLI,48.857538,2.351296,Nuit avec éclairage allumé,En agglomération,Intersection en X,Normale,Deux véhicules - côté,4,1,3,3,1,1,1,0,5,30,2,2,1,0,0,1,50.0,24.0,voiture,deux_roues,5,2,2,1,3
202300012677,2023-12-27 06:00:00,2023,12,27,6,0,75,75104,RUE DE RIVOLI,48.857538,2.351296,Nuit avec éclairage allumé,En agglomération,Intersection en X,Normale,Deux véhicules - côté,4,2,5,1,1,1,1,0,5,30,2,2,1,0,0,1,50.0,24.0,voiture,deux_roues,5,2,2,1,3
202300012678,2023-05-27 17:30:00,2023,5,27,17,30,83,83061,AVENUE DU HUIT MAI 1945,43.42404475,6.73008531,Plein jour,En agglomération,Hors intersection,Normale,Autre collision,3,2,2,0,1,1,1,0,1,50,1,2,1,0,1,0,67.0,,voiture,,1,2,1,1,6
202300012679,2023-11-20 18:10:00,2023,11,20,18,10,10,10387,MAJOR GENERAL VANIER (AVENUE),48.30679,4.07022,Nuit avec éclairage allumé,En agglomération,Hors intersection,Pluie légère,Autre collision,4,1,4,1,1,1,2,6,1,30,1,2,1,0,0,1,30.0,,voiture,,5,2,1,2,6
202300012680,2023-07-06 14:35:00,2023,7,6,14,35,49,49007,RD 323,47.46957,-0.59457,Plein jour,Hors agglomération,Hors intersection,Normale,Deux véhicules - côté,3,3,2,0,1,1,1,0,1,90,2,2,1,0,0,1,19.0,50.0,utilitaire_camion,voiture,1,1,1,1,3
202300012681,2023-06-02 13:05:00,2023,6,2,13,5,78,78418,HUIT MAI 1945 (RUE DU),48.91198,2.14649,Plein jour,En agglomération,Giratoire,Normale,Deux véhicules - côté,4,1,1,0,1,2,1,0,1,50,2,2,1,0,0,1,23.0,49.0,deux_roues,voiture,1,2,6,1,3
202300012681,2023-06-02 13:05:00,2023,6,2,13,5,78,78418,HUIT MAI 1945 (RUE DU),48.91198,2.14649,Plein jour,En agglomération,Giratoire,Normale,Deux véhicules - côté,4,2,2,0,1,1,1,0,1,50,2,2,1,0,0,1,23.0,49.0,deux_roues,voiture,1,2,6,1,3
202300012682,2023-08-12 14:20:00,2023,8,12,14,20,971,97113,RN4 - SECTION RIVIERA,16.20899,-61.47082,Plein jour,Hors agglomération,Intersection en Y,Pluie légère,Deux véhicules - côté,2,2,2,0,1,2,2,0,1,70,2,2,1,0,0,1,32.0,62.0,deux_roues,voiture,1,1,4,2,3
202300012682,2023-08-12 14:20:00,2023,8,12,14,20,971,97113,RN4 - SECTION RIVIERA,16.20899,-61.47082,Plein jour,Hors agglomération,Intersection en Y,Pluie légère,Deux véhicules - côté,2,2,1,0,2,1,2,0,8,50,2,2,1,0,0,1,32.0,62.0,deux_roues,voiture,1,1,4,2,3
202300012683,2023-12-27 21:05:00,2023,12,27,21,5,94,94081,Avenue Youri Gagarine,48.78608,2.39186,Nuit avec éclairage allumé,En agglomération,Passage à niveau,Pluie légère,Deux véhicules - frontale,3,2,4,3,1,1,2,4,1,50,2,5,2,0,1,2,28.0,45.0,voiture,voiture,5,2,8,2,1
202300012683,2023-12-27 21:05:00,2023,12,27,21,5,94,94081,Avenue Youri Gagarine,48.78608,2.39186,Nuit avec éclairage allumé,En agglomération,Passage à niveau,Pluie légère,Deux véhicules - frontale,3,2,2,0,1,1,2,4,1,50,2,5,2,0,1,2,28.0,45.0,voiture,voiture,5,2,8,2,1
202300012684,2023-07-07 23:20:00,2023,7,7,23,20,47,47031,RN21,44.17193,0.61546,Nuit avec éclairage allumé,Hors agglomération,Hors intersection,Pluie légère,Deux véhicules - frontale,2,2,2,0,1,1,2,2,1,70,2,2,1,0,0,1,51.0,49.0,voiture,voiture,5,1,1,2,1