accident_id,datetime,annee,mois,jour,heure,minute,departement,commune_insee,adresse,latitude,longitude,luminosite,agglomeration,intersection,meteo,collision,catr,circ,nbv,vosp,prof,plan,surf,infra,situ,vma,nb_vehicules,nb_usagers,nb_indemnes,nb_tues,nb_blesses_hosp,nb_blesses_legers,age_cond_1,age_cond_2,veh_type_cond_1,veh_type_cond_2,lum_code,agg_code,int_code,atm_code,col_code
202300012753,2023-03-19 10:20:00,2023,3,19,10,20,988,98818,MARCELLIN LACABANNE/ROUTE DE L'ANSE VATA,-22.29368,166.44642,Plein jour,En agglomération,Intersection en T,Pluie légère,Deux véhicules - côté,4,2,2,0,1,1,2,6,1,50,2,3,2,0,0,1,46.0,25.0,deux_roues,voiture,1,2,3,2,3
202300012754,2023-06-02 14:00:00,2023,6,2,14,0,64,64445,HONORE BARADAT,43.3048,-0.36523,Plein jour,En agglomération,Hors intersection,Normale,Deux véhicules - arrière,4,2,2,0,1,1,1,0,1,50,2,2,1,0,0,1,18.0,78.0,deux_roues,voiture,1,2,1,1,2
202300012755,2023-12-26 13:00:00,2023,12,26,13,0,972,97226,AVENUE NELSON MANDELA,14.432818,-60.879656,Plein jour,En agglomération,Intersection en T,Normale,Deux véhicules - frontale,4,-1, -1,-1,-1,-1,-1,-1,-1,-1,2,2,1,0,1,0,39.0,53.0,deux_roues,voiture,1,2,3,1,1
202300012755,2023-12-26 13:00:00,2023,12,26,13,0,972,97226,AVENUE NELSON MANDELA,14.432818,-60.879656,Plein jour,En agglomération,Intersection en T,Normale,Deux véhicules - frontale,4,2,2,0,1,1,1,0,1,50,2,2,1,0,1,0,39.0,53.0,deux_roues,voiture,1,2,3,1,1
202300012756,2023-07-07 13:25:00,2023,7,7,13,25,13,13103,AVENUE CABRIER - GASTON,43.64103882,5.10140569,Plein jour,En agglomération,Hors intersection,Normale,Deux véhicules - côté,4,1,1,0,1,1,1,0,1,50,2,2,1,0,0,1,45.0,55.0,voiture,deux_roues,1,2,1,1,3
202300012757,2023-08-11 08:08:00,2023,8,11,8,8,65,65440,PRADEAU (PROMENADE DU),43.23237,0.06521,Plein jour,En agglomération,Intersection à plus de 4 branches,Normale,Deux véhicules - côté,4,2,2,0,1,1,1,5,1,30,2,4,3,0,1,0,25.0,67.0,voiture,voiture,1,2,5,1,3
202300012757,2023-08-11 08:08:00,2023,8,11,8,8,65,65440,PRADEAU (PROMENADE DU),43.23237,0.06521,Plein jour,En agglomération,Intersection à plus de 4 branches,Normale,Deux véhicules - côté,4,2,4,0,1,1,1,5,8,50,2,4,3,0,1,0,25.0,67.0,voiture,voiture,1,2,5,1,3
202300012758,2023-03-17 16:40:00,2023,3,17,16,40,976,97611,m'tsapere-M'tsapéré- M'tsangani ( rue ),-12.7942,45.2184,Plein jour,En agglomération,Hors intersection,Pluie légère,Deux véhicules - frontale,2,2,2,0,1,1,2,9,1,45,2,2,1,0,0,1,24.0,61.0,deux_roues,voiture,1,2,1,2,1
202300012759,2023-11-21 13:25:00,2023,11,21,13,25,75,75115,RUE DE JAVEL,48.843768,2.28639,Plein jour,En agglomération,Intersection en X,Pluie légère,Deux véhicules - côté,4,1,1,0,1,1,2,0,1,30,2,2,0,0,0,1,81.0,,deux_roues,utilitaire_camion,1,2,2,2,3
202300012759,2023-11-21 13:25:00,2023,11,21,13,25,75,75115,RUE DE JAVEL,48.843768,2.28639,Plein jour,En agglomération,Intersection en X,Pluie légère,Deux véhicules - côté,4,1,2,1,1,1,2,0,1,30,2,2,0,0,0,1,81.0,,deux_roues,utilitaire_camion,1,2,2,2,3
202300012760,2023-06-02 19:50:00,2023,6,2,19,50,64,64024,BAYONNE (AVENUE DE),43.48224,-1.50623,Plein jour,En agglomération,Hors intersection,Normale,Deux véhicules - côté,3,1,1,0,1,1,1,0,1,30,2,2,1,0,0,1,19.0,39.0,deux_roues,voiture,1,2,1,1,3
202300012761,2023-08-11 17:20:00,2023,8,11,17,20,64,64445,CHAMPETIER DE RIBES,43.30447,-0.377243,Plein jour,En agglomération,Hors intersection,Normale,Autre collision,4,2,2,0,1,1,1,0,1,50,1,2,1,1,0,0,36.0,,voiture,,1,2,1,1,6
202300012762,2023-05-28 15:45:00,2023,5,28,15,45,12,12202,FRANCOIS MAHOUX (RUE),44.35039,2.57947,Plein jour,En agglomération,Intersection en T,Normale,Autre collision,4,1,1,0,2,1,1,0,4,30,1,2,1,0,1,0,92.0,,voiture,,1,2,3,1,6
202300012762,2023-05-28 15:45:00,2023,5,28,15,45,12,12202,FRANCOIS MAHOUX (RUE),44.35039,2.57947,Plein jour,En agglomération,Intersection en T,Normale,Autre collision,4,1,1,0,2,1,1,0,4,30,1,2,1,0,1,0,92.0,,voiture,,1,2,3,1,6
202300012763,2023-03-19 04:30:00,2023,3,19,4,30,974,97411,RN2/043,-20.89396,55.50199,Nuit avec éclairage allumé,Hors agglomération,Autre intersection,Normale,Autre collision,2,1,3,0,1,3,1,9,1,90,1,3,0,0,0,3,19.0,,voiture,,5,1,9,1,6
202300012764,2023-12-27 23:50:00,2023,12,27,23,50,76,76584,A28,49.747348,1.478026,Nuit sans éclairage public,Hors agglomération,Hors intersection,Normale,Sans collision,1,3,2,0,2,1,1,0,3,130,1,1,0,0,0,1,23.0,,voiture,,3,1,1,1,7
202300012765,2023-11-21 19:30:00,2023,11,21,19,30,75,75114,AVENUE ERNEST REYER,48.822406,2.323901,Nuit avec éclairage allumé,En agglomération,Intersection en T,Normale,Deux véhicules - arrière,4,-1,2,0,1,1,2,0,1,30,2,2,1,0,0,1,30.0,47.0,voiture,deux_roues,5,2,3,1,2
202300012765,2023-11-21 19:30:00,2023,11,21,19,30,75,75114,AVENUE ERNEST REYER,48.822406,2.323901,Nuit avec éclairage allumé,En agglomération,Intersection en T,Normale,Deux véhicules - arrière,4,1, -1,0,1,1,2,0,1,30,2,2,1,0,0,1,30.0,47.0,voiture,deux_roues,5,2,3,1,2
202300012766,2023-06-01 16:45:00,2023,6,1,16,45,64,64102,SABALCE (CHEMIN DE),43.49265,-1.49123,Plein jour,En agglomération,Hors intersection,Normale,Deux véhicules - arrière,4,2,2,0,1,1,1,0,1,50,2,3,2,0,0,1,49.0,20.0,voiture,deux_roues,1,2,1,1,2
202300012767,2023-08-12 14:20:00,2023,8,12,14,20,64,64122,"""KENNEDY (AVENUE DU PRESIDENT J,F)""",43.46102,-1.54886,Plein jour,En agglomération,Hors intersection,Normale,Deux véhicules - côté,4,2,2,0,2,1,1,9,1,50,2,2,1,0,0,1,39.0,63.0,voiture,deux_roues,1,2,1,1,3
202300012768,2023-07-06 20:45:00,2023,7,6,20,45,11,11069,,43.21277,2.32674,Crépuscule ou aube,En agglomération,Intersection en X,Normale,Deux véhicules - côté,4,2,2,0,1,1,1,0,1,50,2,3,1,0,0,2,23.0,83.0,voiture,voiture,2,2,2,1,3
202300012769,2023-03-18 17:10:00,2023,3,18,17,10,973,97302,CABASSOU (ROUTE DE),4.91719,-52.31248,Plein jour,En agglomération,Hors intersection,Normale,Deux véhicules - côté,3,2,2,0,1,1,1,0,1,50,2,2,1,0,0,1,40.0,34.0,deux_roues,utilitaire_camion,1,2,1,1,3
202300012770,2023-11-21 09:39:00,2023,11,21,9,39,75,75113,BOULEVARD DU GENERAL JEAN SIMON,48.825717,2.38193,Plein jour,En agglomération,Intersection en X,Pluie légère,Deux véhicules - côté,4,1,2,0,1,3,2,0,1,30,2,2,1,0,0,1,38.0,36.0,deux_roues,utilitaire_camion,1,2,2,2,3
202300012770,2023-11-21 09:39:00,2023,11,21,9,39,75,75113,BOULEVARD DU GENERAL JEAN SIMON,48.825717,2.38193,Plein jour,En agglomération,Intersection en X,Pluie légère,Deux véhicules - côté,4,2,2,0,1,3,2,0,1,50,2,2,1,0,0,1,38.0,36.0,deux_roues,utilitaire_camion,1,2,2,2,3
202300012771,2023-08-12 18:00:00,2023,8,12,18,0,62,62160,Rue de Solferino,50.71946,1.597316,Plein jour,En agglomération,Giratoire,Normale,Autre collision,4,1,2,3,1,1,1,0,1,50,1,2,0,0,0,2,18.0,,deux_roues,,1,2,6,1,6
202300012772,2023-12-26 16:06:00,2023,12,26,16,6,14,14389,A84,49.0638,-0.684628,Plein jour,Hors agglomération,Hors intersection,Temps couvert,Trois véhicules et plus - collisions multiples,1,3,2,0,1,1,1,0,1,130,4,6,5,0,0,1,53.0,28.0,voiture,voiture,1,1,1,8,5
202300012773,2023-07-07 03:45:00,2023,7,7,3,45,10,10387,PIERRE BROSSOLETTE (RUE),48.287724,4.077193,Nuit avec éclairage allumé,En agglomération,Intersection en X,Normale,Deux véhicules - côté,4,1,1,0,1,1,1,0,1,50,2,3,0,0,1,2,26.0,22.0,voiture,voiture,5,2,2,1,3
202300012773,2023-07-07 03:45:00,2023,7,7,3,45,10,10387,PIERRE BROSSOLETTE (RUE),48.287724,4.077193,Nuit avec éclairage allumé,En agglomération,Intersection en X,Normale,Deux véhicules - côté,4,2,2,0,2,1,1,0,1,50,2,3,0,0,1,2,26.0,22.0,voiture,voiture,5,2,2,1,3
202300012774,2023-11-21 09:40:00,2023,11,21,9,40,75,75113,QUAI D AUSTERLITZ,48.83936,2.371432,Plein jour,En agglomération,Hors intersection,Pluie légère,Deux véhicules - côté,4,2,5,1,1,1,2,0,5,30,2,2,1,0,0,1,38.0,36.0,voiture,deux_roues,1,2,1,2,3
202300012775,2023-03-18 19:27:00,2023,3,18,19,27,972,97209,RD 41 (ROCADE),14.61358,-61.05417,Crépuscule ou aube,Hors agglomération,Hors intersection,Pluie légère,Trois véhicules et plus - en chaîne,3,-1,4,0,2,3,2,2,1,90,3,3,2,0,1,0,36.0,28.0,voiture,voiture,2,1,1,2,4
202300012776,2023-07-06 22:00:00,2023,7,6,22,0,07,07281,C.D.533,44.93732,4.78978,Nuit sans éclairage public,Hors agglomération,Hors intersection,Pluie légère,Sans collision,3,2,2,0,2,2,2,0,8,90,1,4,2,0,0,2,28.0,,voiture,,3,1,1,2,7
202300012777,2023-12-24 13:20:00,2023,12,24,13,20,56,56198,Rue Saint Eutrope,48.078566,-2.769853,Plein jour,Hors agglomération,Intersection en T,Normale,Autre collision,3,2,2,0,1,1,1,0,3,80,1,1,0,0,1,0,62.0,,voiture,,1,1,3,1,6
202300012777,2023-12-24 13:20:00,2023,12,24,13,20,56,56198,Rue Saint Eutrope,48.078566,-2.769853,Plein jour,Hors agglomération,Intersection en T,Normale,Autre collision,3,2,2,-1,1,1,1,0,3,-1,1,1,0,0,1,0,62.0,,voiture,,1,1,3,1,6
202300012778,2023-06-02 16:50:00,2023,6,2,16,50,60,60057,Rue d'Amiens,49.440014,2.089459,Plein jour,En agglomération,Intersection en T,Normale,Deux véhicules - côté,4,2,2,0,2,1,1,0,1,50,2,2,1,0,0,1,84.0,36.0,voiture,deux_roues,1,2,3,1,3
202300012778,2023-06-02 16:50:00,2023,6,2,16,50,60,60057,Rue d'Amiens,49.440014,2.089459,Plein jour,En agglomération,Intersection en T,Normale,Deux véhicules - côté,4,2, -1,-1,1,1,1,5,1,-1,2,2,1,0,0,1,84.0,36.0,voiture,deux_roues,1,2,3,1,3
202300012779,2023-11-20 18:15:00,2023,11,20,18,15,75,75112,AVENUE DAUMESNIL,48.834419,2.409877,Nuit avec éclairage allumé,En agglomération,Intersection en T,Pluie légère,Autre collision,4,1,1,0,1,1,2,6,1,30,1,2,1,0,0,1,60.0,,voiture,,5,2,3,2,6
202300012779,2023-11-20 18:15:00,2023,11,20,18,15,75,75112,AVENUE DAUMESNIL,48.834419,2.409877,Nuit avec éclairage allumé,En agglomération,Intersection en T,Pluie légère,Autre collision,4,1, -1,-1,1,1,2,0,1,30,1,2,1,0,0,1,60.0,,voiture,,5,2,3,2,6
202300012780,2023-07-07 06:32:00,2023,7,7,6,32,06,06088,TURIN (RTE DE),43.7326,7.2903,Plein jour,En agglomération,Autre intersection,Normale,Autre collision,6,1,5,0,1,1,1,0,2,50,1,1,0,0,1,0,26.0,,deux_roues,,1,2,9,1,6
202300012781,2023-12-26 18:05:00,2023,12,26,18,5,2B,2B043,Lavasina,42.755485,9.466969,Nuit avec éclairage allumé,Hors agglomération,Autre intersection,Normale,Deux véhicules - frontale,3,2,2,0,2,1,1,0,1,80,2,2,1,0,0,1,37.0,66.0,deux_roues,voiture,5,1,9,1,1
202300012782,2023-06-02 22:45:00,2023,6,2,22,45,59,59378,FORT RUE DU,50.688274,3.112669,Nuit avec éclairage allumé,En agglomération,Intersection en T,Normale,Deux véhicules - côté,7,2,2,0,1,1,1,0,4,50,2,2,1,0,0,1,76.0,19.0,voiture,deux_roues,5,2,3,1,3
202300012782,2023-06-02 22:45:00,2023,6,2,22,45,59,59378,FORT RUE DU,50.688274,3.112669,Nuit avec éclairage allumé,En agglomération,Intersection en T,Normale,Deux véhicules - côté,7,2,2,0,1,1,1,0,4,50,2,2,1,0,0,1,76.0,19.0,voiture,deux_roues,5,2,3,1,3
202300012783,2023-08-12 14:15:00,2023,8,12,14,15,59,59350,MONTAIGNE RUE DE,50.62038,3.06304,Plein jour,En agglomération,Hors intersection,Normale,Autre collision,4,1,1,0,1,1,1,0,1,30,1,2,1,0,1,0,18.0,,voiture,,1,2,1,1,6
202300012784,2023-11-21 07:45:00,2023,11,21,7,45,75,75110,BOULEVARD DE LA VILLETTE,48.881492,2.370055,Crépuscule ou aube,En agglomération,Intersection en X,Pluie légère,Deux véhicules - côté,4,1,3,2,1,1,2,0,1,30,2,2,1,0,0,1,68.0,53.0,deux_roues,voiture,2,2,2,2,3
202300012784,2023-11-21 07:45:00,2023,11,21,7,45,75,75110,BOULEVARD DE LA VILLETTE,48.881492,2.370055,Crépuscule ou aube,En agglomération,Intersection en X,Pluie légère,Deux véhicules - côté,4,1,3,2,1,3,2,0,1,30,2,2,1,0,0,1,68.0,53.0,deux_roues,voiture,2,2,2,2,3
202300012785,2023-12-28 18:25:00,2023,12,28,18,25,47,47209,Route de Saint Arnaud,44.243347,0.678577,Nuit sans éclairage public,Hors agglomération,Hors intersection,Normale,Deux véhicules - frontale,3,2,2,0,1,1,1,0,1,80,2,2,1,0,0,1,48.0,30.0,voiture,deux_roues,3,1,1,1,1
202300012786,2023-03-17 22:30:00,2023,3,17,22,30,972,97209,RELIGIEUSES (ROUTE DES),14.6157,-61.0583,Nuit avec éclairage allumé,En agglomération,Intersection en T,Normale,Deux véhicules - frontale,3,2,2,0,2,1,1,0,1,30,2,2,1,0,1,0,21.0,29.0,voiture,utilitaire_camion,5,2,3,1,1
202300012786,2023-03-17 22:30:00,2023,3,17,22,30,972,97209,RELIGIEUSES (ROUTE DES),14.6157,-61.0583,Nuit avec éclairage allumé,En agglomération,Intersection en T,Normale,Deux véhicules - frontale,3,2,2,0,1,1,1,0,1,50,2,2,1,0,1,0,21.0,29.0,voiture,utilitaire_camion,5,2,3,1,1
202300012787,2023-06-01 18:20:00,2023,6,1,18,20,56,56162,LARMOR (ROUTE DE),47.72945,-3.41682,Plein jour,Hors agglomération,Hors intersection,Normale,Autre collision,4,2,2,1,1,1,1,0,5,30,2,2,1,0,1,0,65.0,73.0,deux_roues,deux_roues,1,1,1,1,6
202300012788,2023-08-12 13:51:00,2023,8,12,13,51,56,56121,Rue Monistrol,47.7333,-3.3854,Plein jour,En agglomération,Giratoire,Normale,Sans collision,4,2,2,0,1,2,8,5,1,50,1,2,1,0,0,1,62.0,,deux_roues,,1,2,6,1,7
202300012789,2023-12-26 11:00:00,2023,12,26,11,0,38,38075,Route du Grésivaudan,45.470535,5.990507,Plein jour,Hors agglomération,Intersection à plus de 4 branches,Normale,Deux véhicules - côté,3,2,2,0,1,1,1,5,1,80,2,2,1,0,0,1,22.0,24.0,deux_roues,voiture,1,1,5,1,3
202300012789,2023-12-26 11:00:00,2023,12,26,11,0,38,38075,Route du Grésivaudan,45.470535,5.990507,Plein jour,Hors agglomération,Intersection à plus de 4 branches,Normale,Deux véhicules - côté,3,2,2,0,1,1,1,0,1,50,2,2,1,0,0,1,22.0,24.0,deux_roues,voiture,1,1,5,1,3
202300012790,2023-11-21 10:10:00,2023,11,21,10,10,75,75108,AVENUE GEORGE V,48.870074,2.300994,Plein jour,En agglomération,Intersection en X,Pluie légère,Deux véhicules - arrière,4,2,4,0,1,1,2,0,1,30,2,2,1,0,0,1,33.0,44.0,utilitaire_camion,utilitaire_camion,1,2,2,2,2
202300012790,2023-11-21 10:10:00,2023,11,21,10,10,75,75108,AVENUE GEORGE V,48.870074,2.300994,Plein jour,En agglomération,Intersection en X,Pluie légère,Deux véhicules - arrière,4,-1,2,0,1,1,2,0,1,30,2,2,1,0,0,1,33.0,44.0,utilitaire_camion,utilitaire_camion,1,2,2,2,2
202300012791,2023-03-18 20:45:00,2023,3,18,20,45,69,69385,Place Docteur Schweitzer,45.75614,4.78687,Nuit avec éclairage allumé,En agglomération,Hors intersection,Normale,Autre collision,6,-1,0,0,1,1,1,0,1,30,1,2,1,0,0,1,,,voiture,,5,2,1,1,6
202300012792,2023-06-01 14:12:00,2023,6,1,14,12,56,56098,DJIBAOU (RUE  JEAN-MARIE ),47.77804,-3.35285,Plein jour,En agglomération,Autre intersection,Normale,Deux véhicules - côté,4,2,2,0,1,1,1,0,1,50,2,3,0,0,0,3,85.0,41.0,voiture,utilitaire_camion,1,2,9,1,3
202300012793,2023-08-11 17:25:00,2023,8,11,17,25,54,54167,RD909,48.671,5.93301,Plein jour,Hors agglomération,Hors intersection,Temps éblouissant,Deux véhicules - arrière,3,2,2,0,2,1,1,0,1,80,2,2,1,0,1,0,36.0,66.0,utilitaire_camion,deux_roues,1,1,1,7,2
202300012794,2023-11-20 16:15:00,2023,11,20,16,15,75,75104,VOIE GEORGES POMPIDOU,48.856685,2.348897,Crépuscule ou aube,En agglomération,Hors intersection,Normale,Autre collision,4,-1,1,0,1,1,1,6,5,30,1,2,1,0,0,1,48.0,,deux_roues,,2,2,1,1,6
202300012795,2023-03-19 01:00:00,2023,3,19,1,0,95,95572,Rue de Paris,49.04127,2.11293,Nuit avec éclairage allumé,En agglomération,Hors intersection,Pluie légère,Autre collision,3,2,2,1,1,1,2,0,1,50,1,2,1,0,1,0,29.0,,voiture,,5,2,1,2,6
202300012796,2023-12-28 08:30:00,2023,12,28,8,30,84,84020,D900,43.866419,5.31381,Plein jour,Hors agglomération,Hors intersection,Temps couvert,Deux véhicules - côté,3,2,2,0,2,2,2,0,1,80,2,4,0,0,2,2,65.0,25.0,voiture,voiture,1,1,1,8,3
202300012797,2023-06-02 18:40:00,2023,6,2,18,40,54,54395,Boulevard Lobau,48.68174,6.19769,Plein jour,En agglomération,Hors intersection,Normale,Deux véhicules - arrière,4,2,4,0,1,1,1,0,1,50,2,2,1,0,0,1,40.0,22.0,voiture,voiture,1,2,1,1,2
202300012798,2023-08-12 16:00:00,2023,8,12,16,0,51,51454,BONAPARTE (AVENUE DU GENERAL),49.23123,4.00684,Plein jour,En agglomération,Hors intersection,Normale,Deux véhicules - côté,4,-1,2,0,2,1,1,1,4,50,2,3,2,0,0,1,78.0,34.0,voiture,deux_roues,1,2,1,1,3
202300012799,2023-11-21 08:12:00,2023,11,21,8,12,94,94028,Avenue de Verdun,48.79374,2.46127,Plein jour,En agglomération,Autre intersection,Pluie légère,Deux véhicules - côté,3,2,2,0,1,1,2,0,1,50,2,3,1,0,0,2,49.0,43.0,transport_commun,voiture,1,2,9,2,3
202300012799,2023-11-21 08:12:00,2023,11,21,8,12,94,94028,Avenue de Verdun,48.79374,2.46127,Plein jour,En agglomération,Autre intersection,Pluie légère,Deux véhicules - côté,3,3,2,0,1,1,2,0,1,50,2,3,1,0,0,2,49.0,43.0,transport_commun,voiture,1,2,9,2,3
202300012800,2023-06-01 14:15:00,2023,6,1,14,15,54,54547,Route de Mirecourt,48.66054902,6.18743777,Plein jour,Hors agglomération,Hors intersection,Normale,Deux véhicules - arrière,4,1,4,0,1,1,1,0,1,50,2,2,1,0,0,1,73.0,36.0,deux_roues,voiture,1,1,1,1,2
202300012801,2023-03-18 18:15:00,2023,3,18,18,15,91,91687,COMMANDANT BARRE (AVENUE DU),48.661397,2.364201,Plein jour,En agglomération,Hors intersection,Normale,Deux véhicules - arrière,4,2,2,0,1,1,1,0,1,50,2,3,1,0,0,2,63.0,41.0,voiture,voiture,1,2,1,1,2
202300012802,2023-12-28 09:30:00,2023,12,28,9,30,03,03138,Place de la République,46.246404,3.63553,Plein jour,En agglomération,Intersection en X,Pluie légère,Autre collision,3,1,2,0,1,1,2,0,1,50,1,2,1,0,1,0,70.0,,voiture,,1,2,2,2,6
202300012802,2023-12-28 09:30:00,2023,12,28,9,30,03,03138,Place de la République,46.246404,3.63553,Plein jour,En agglomération,Intersection en X,Pluie légère,Autre collision,3,2,2,0,1,1,2,0,1,50,1,2,1,0,1,0,70.0,,voiture,,1,2,2,2,6
202300012803,2023-08-12 15:50:00,2023,8,12,15,50,50,50147,ECLUSE CHETTE,49.05522,-1.44548,Plein jour,En agglomération,Hors intersection,Normale,Deux véhicules - côté,4,2,2,0,4,1,1,0,1,50,2,2,1,0,0,1,19.0,15.0,voiture,deux_roues,1,2,1,1,3
202300012804,2023-11-21 07:20:00,2023,11,21,7,20,94,94028,Av du Mal de Lattre de Tassigny,48.80181555,2.44847354,Crépuscule ou aube,En agglomération,Hors intersection,Pluie légère,Deux véhicules - arrière,3,1,3,0,1,3,2,0,1,50,2,2,1,0,0,1,22.0,39.0,utilitaire_camion,utilitaire_camion,2,2,1,2,2
202300012805,2023-12-26 17:30:00,2023,12,26,17,30,03,03060,Route de Saint-pourçain,46.157035,3.393402,Nuit avec éclairage allumé,En agglomération,Giratoire,Normale,Autre collision,3,3,1,0,1,2,1,0,8,50,1,1,0,0,1,0,71.0,,voiture,,5,2,6,1,6
202300012806,2023-03-17 17:00:00,2023,3,17,17,0,91,91027,RUE HENRI GOURMELIN,48.7164,2.39321,Plein jour,En agglomération,Hors intersection,Normale,Deux véhicules - arrière,4,-1,3,0,1,1,1,0,1,50,2,2,1,0,0,1,19.0,29.0,voiture,utilitaire_camion,1,2,1,1,2
202300012807,2023-05-31 18:30:00,2023,5,31,18,30,54,54439,Avenue Charles de Gaulle,48.70471824,6.24936193,Plein jour,En agglomération,Hors intersection,Temps éblouissant,Trois véhicules et plus - en chaîne,4,2,2,0,1,1,1,0,1,50,3,4,3,0,0,1,29.0,47.0,voiture,voiture,1,2,1,7,4
202300012808,2023-08-12 13:28:00,2023,8,12,13,28,49,49007,ONZE NOVEMBRE 1918 AVENUE,47.47129,-0.5468,Plein jour,En agglomération,Intersection en X,Normale,Deux véhicules - côté,4,2,2,2,1,1,1,0,1,50,2,2,1,0,0,1,46.0,57.0,deux_roues,voiture,1,2,2,1,3
202300012808,2023-08-12 13:28:00,2023,8,12,13,28,49,49007,ONZE NOVEMBRE 1918 AVENUE,47.47129,-0.5468,Plein jour,En agglomération,Intersection en X,Normale,Deux véhicules - côté,4,2,6,3,1,1,1,0,1,50,2,2,1,0,0,1,46.0,57.0,deux_roues,voiture,1,2,2,1,3
202300012809,2023-11-21 13:00:00,2023,11,21,13,0,94,94018,Rue de Paris,48.82148,2.41377,Plein jour,En agglomération,Hors intersection,Pluie légère,Autre collision,3,2,4,2,1,1,2,9,1,50,1,2,1,0,0,1,,,voiture,,1,2,1,2,6
202300012810,2023-03-17 10:40:00,2023,3,17,10,40,83,83062,DRAGUIGNAN (AVENUE DE),43.14203,6.03634,Plein jour,Hors agglomération,Autre intersection,Normale,Deux véhicules - arrière,3,1,1,0,1,3,1,2,1,50,2,2,1,0,0,1,48.0,57.0,deux_roues,utilitaire_camion,1,1,9,1,2
202300012811,2023-12-27 15:20:00,2023,12,27,15,20,15,15163,RD 45,44.869565,2.376325,Plein jour,En agglomération,Intersection en T,Temps éblouissant,Deux véhicules - frontale,3,2,2,0,2,1,1,0,1,50,2,2,1,0,1,0,27.0,63.0,voiture,deux_roues,1,2,3,7,1
202300012811,2023-12-27 15:20:00,2023,12,27,15,20,15,15163,RD 45,44.869565,2.376325,Plein jour,En agglomération,Intersection en T,Temps éblouissant,Deux véhicules - frontale,3,2,2,0,1,1,1,0,1,50,2,2,1,0,1,0,27.0,63.0,voiture,deux_roues,1,2,3,7,1
202300012812,2023-05-31 15:55:00,2023,5,31,15,55,54,54547,RM 674,48.664665,6.189884,Plein jour,En agglomération,Hors intersection,Normale,Deux véhicules - arrière,4,2,4,0,1,1,1,0,1,70,2,4,2,0,0,2,25.0,42.0,transport_commun,voiture,1,2,1,1,2
202300012813,2023-08-12 19:15:00,2023,8,12,19,15,44,44109,123 Route de Sainte Luce,47.23459,-1.52045,Plein jour,En agglomération,Hors intersection,Normale,Deux véhicules - côté,4,2,0,0,1,1,1,0,8,50,2,2,1,0,1,0,12.0,35.0,deux_roues,deux_roues,1,2,1,1,3
202300012814,2023-03-17 17:50:00,2023,3,17,17,50,78,78609,CD 28,49.016016,1.910404,Plein jour,Hors agglomération,Intersection à plus de 4 branches,Normale,Deux véhicules - côté,3,1,1,0,1,2,1,0,1,50,2,2,0,1,0,1,30.0,55.0,deux_roues,voiture,1,1,5,1,3
202300012814,2023-03-17 17:50:00,2023,3,17,17,50,78,78609,CD 28,49.016016,1.910404,Plein jour,Hors agglomération,Intersection à plus de 4 branches,Normale,Deux véhicules - côté,3,3,2,0,4,2,1,5,1,70,2,2,0,1,0,1,30.0,55.0,deux_roues,voiture,1,1,5,1,3
202300012815,2023-05-31 08:45:00,2023,5,31,8,45,54,54498,RD 674,48.71461,6.25291,Plein jour,En agglomération,Hors intersection,Normale,Deux véhicules - arrière,4,2,2,2,1,1,1,0,1,50,2,2,1,0,0,1,36.0,24.0,voiture,voiture,1,2,1,1,2
202300012816,2023-11-21 19:00:00,2023,11,21,19,0,93,93066,Rue Ambroise Croizat,48.9308038,2.35010626,Crépuscule ou aube,En agglomération,Place,Normale,Trois véhicules et plus - collisions multiples,3,3,1,0,1,1,1,0,1,50,3,3,1,0,0,2,39.0,49.0,voiture,voiture,2,2,7,1,5
202300012817,2023-12-28 11:54:00,2023,12,28,11,54,01,01232,960 Route de Bourg-en-bresse,46.331369,5.251272,Plein jour,Hors agglomération,Hors intersection,Normale,Deux véhicules - frontale,3,2,2,0,1,3,1,0,1,80,2,2,0,1,0,1,53.0,42.0,utilitaire_camion,voiture,1,1,1,1,1
202300012818,2023-06-02 17:15:00,2023,6,2,17,15,54,54323,DE LATTRE DE TASSIGNY (PLACE),49.51468,5.77038,Plein jour,En agglomération,Hors intersection,Normale,Autre collision,4,2,2,0,1,1,1,0,3,50,1,1,0,0,0,1,53.0,,voiture,,1,2,1,1,6
202300012819,2023-03-18 17:55:00,2023,3,18,17,55,76,76540,Quai Cavelier de la Salle,49.43804,1.08293,Plein jour,En agglomération,Intersection en T,Pluie légère,Deux véhicules - côté,4,2,4,0,1,1,2,-1,1,50,2,2,1,0,0,1,66.0,37.0,deux_roues,voiture,1,2,3,2,3
202300012819,2023-03-18 17:55:00,2023,3,18,17,55,76,76540,Quai Cavelier de la Salle,49.43804,1.08293,Plein jour,En agglomération,Intersection en T,Pluie légère,Deux véhicules - côté,4,2,2,0,1,1,2,0,1,50,2,2,1,0,0,1,66.0,37.0,deux_roues,voiture,1,2,3,2,3
202300012820,2023-08-12 15:40:00,2023,8,12,15,40,35,35238,LORIENT (DE),48.10578,-1.73313,Plein jour,En agglomération,Intersection en T,Normale,Deux véhicules - frontale,2,2,2,0,1,1,1,0,1,50,2,4,2,0,0,2,47.0,24.0,voiture,voiture,1,2,3,1,1
202300012820,2023-08-12 15:40:00,2023,8,12,15,40,35,35238,LORIENT (DE),48.10578,-1.73313,Plein jour,En agglomération,Intersection en T,Normale,Deux véhicules - frontale,2,3,4,0,1,1,1,0,1,50,2,4,2,0,0,2,47.0,24.0,voiture,voiture,1,2,3,1,1