accident_id,datetime,annee,mois,jour,heure,minute,departement,commune_insee,adresse,latitude,longitude,luminosite,agglomeration,intersection,meteo,collision,catr,circ,nbv,vosp,prof,plan,surf,infra,situ,vma,nb_vehicules,nb_usagers,nb_indemnes,nb_tues,nb_blesses_hosp,nb_blesses_legers,age_cond_1,age_cond_2,veh_type_cond_1,veh_type_cond_2,lum_code,agg_code,int_code,atm_code,col_code
202300012821,2023-12-28 18:14:00,2023,12,28,18,14,73,73128,Route de Mognard,45.73667484,5.93950778,Nuit sans éclairage public,Hors agglomération,Hors intersection,Normale,Autre collision,4,2,2,0,1,1,1,0,3,30,1,3,1,0,0,2,22.0,,voiture,,3,1,1,1,6
202300012822,2023-05-31 08:05:00,2023,5,31,8,5,52,52125,RD 619,48.0904,5.14565,Plein jour,En agglomération,Hors intersection,Normale,Deux véhicules - côté,3,2,2,0,1,1,1,0,1,50,2,2,1,0,0,1,33.0,51.0,utilitaire_camion,deux_roues,1,2,1,1,3
202300012823,2023-11-21 17:45:00,2023,11,21,17,45,93,93050,Boulevard du Marechal Foch / Rue Villebois Mareuil,48.85521,2.52459,Nuit avec éclairage allumé,En agglomération,Intersection en T,Pluie légère,Deux véhicules - côté,3,3,4,3,1,1,2,0,1,50,2,2,1,0,0,1,47.0,,deux_roues,autre,5,2,3,2,3
202300012823,2023-11-21 17:45:00,2023,11,21,17,45,93,93050,Boulevard du Marechal Foch / Rue Villebois Mareuil,48.85521,2.52459,Nuit avec éclairage allumé,En agglomération,Intersection en T,Pluie légère,Deux véhicules - côté,3,2,2,-1,1,1,2,0,1,-1,2,2,1,0,0,1,47.0,,deux_roues,autre,5,2,3,2,3
202300012824,2023-03-18 11:30:00,2023,3,18,11,30,69,69199,Rue Emile Zola,45.71074,4.86261,Plein jour,En agglomération,Intersection en X,Normale,Deux véhicules - côté,4,2,2,0,1,1,1,0,1,30,2,2,1,0,0,1,38.0,29.0,utilitaire_camion,voiture,1,2,2,1,3
202300012824,2023-03-18 11:30:00,2023,3,18,11,30,69,69199,Rue Emile Zola,45.71074,4.86261,Plein jour,En agglomération,Intersection en X,Normale,Deux véhicules - côté,4,2,2,0,1,1,1,0,1,30,2,2,1,0,0,1,38.0,29.0,utilitaire_camion,voiture,1,2,2,1,3
202300012825,2023-07-07 03:40:00,2023,7,7,3,40,34,34108,RD 600,43.4413,3.71684,Nuit sans éclairage public,Hors agglomération,Hors intersection,Normale,Sans collision,3,2,2,0,1,1,1,0,3,70,1,5,1,0,1,3,25.0,,voiture,,3,1,1,1,7
202300012826,2023-06-02 18:00:00,2023,6,2,18,0,51,51454,DE GAULLE (AVENUE DU GENERAL),49.24563,4.01771,Plein jour,En agglomération,Hors intersection,Normale,Autre collision,4,2,0,0,1,1,1,0,6,50,1,2,1,0,0,1,42.0,,voiture,,1,2,1,1,6
202300012827,2023-12-28 07:10:00,2023,12,28,7,10,08,08311,D19,49.574017,5.043583,Nuit sans éclairage public,Hors agglomération,Hors intersection,Normale,Deux véhicules - frontale,3,2,2,0,2,1,1,0,1,80,2,2,1,1,0,0,20.0,23.0,voiture,deux_roues,3,1,1,1,1
202300012828,2023-03-17 15:50:00,2023,3,17,15,50,67,67180,KLEBER (RUE),48.80459,7.78223,Plein jour,En agglomération,Autre intersection,Normale,Deux véhicules - côté,4,2,0,0,1,1,1,0,1,30,2,2,1,0,1,0,42.0,58.0,deux_roues,voiture,1,2,9,1,3
202300012829,2023-11-21 07:40:00,2023,11,21,7,40,93,93031,Rue de Paris / Rue du Général Julien,48.95322578,2.31201712,Crépuscule ou aube,En agglomération,Intersection en T,Pluie légère,Autre collision,4,2,2,-1,1,1,2,0,1,-1,1,2,1,0,0,1,40.0,,voiture,,2,2,3,2,6
202300012829,2023-11-21 07:40:00,2023,11,21,7,40,93,93031,Rue de Paris / Rue du Général Julien,48.95322578,2.31201712,Crépuscule ou aube,En agglomération,Intersection en T,Pluie légère,Autre collision,4,2,2,0,1,1,2,0,1,50,1,2,1,0,0,1,40.0,,voiture,,2,2,3,2,6
202300012830,2023-06-02 16:20:00,2023,6,2,16,20,51,51454,NATIONALE (AVENUE) LA NEUVILLETTE,49.28738,4.00719,Plein jour,En agglomération,Hors intersection,Normale,Deux véhicules - arrière,4,2,1,0,1,1,1,0,1,50,2,2,1,0,0,1,32.0,21.0,utilitaire_camion,voiture,1,2,1,1,2
202300012831,2023-08-12 20:50:00,2023,8,12,20,50,33,33522,Rue Jean Mette,44.816,-0.58983,Plein jour,En agglomération,Intersection en X,Normale,Deux véhicules - côté,4,2,2,0,1,1,1,0,1,50,2,2,1,0,1,0,,27.0,voiture,deux_roues,1,2,2,1,3
202300012831,2023-08-12 20:50:00,2023,8,12,20,50,33,33522,Rue Jean Mette,44.816,-0.58983,Plein jour,En agglomération,Intersection en X,Normale,Deux véhicules - côté,4,1,1,2,1,1,1,0,1,50,2,2,1,0,1,0,,27.0,voiture,deux_roues,1,2,2,1,3
202300012832,2023-03-18 15:40:00,2023,3,18,15,40,64,64348,DIDIER DAURAT,43.33358,-0.37969,Plein jour,En agglomération,Hors intersection,Normale,Deux véhicules - côté,4,2,4,1,1,1,1,0,5,50,2,2,1,0,0,1,69.0,21.0,voiture,autre,1,2,1,1,3
202300012833,2023-12-28 16:00:00,2023,12,28,16,0,08,08457,Rue de la Suine,49.795187,4.638178,Plein jour,En agglomération,Hors intersection,Normale,Deux véhicules - côté,4,2,2,0,1,1,1,0,1,50,2,2,1,0,1,0,45.0,74.0,voiture,deux_roues,1,2,1,1,3
202300012834,2023-06-02 17:25:00,2023,6,2,17,25,51,51454,CHENIER (RUE ANDRE),49.21456,4.02507,Plein jour,En agglomération,Hors intersection,Normale,Deux véhicules - côté,4,2,2,0,2,3,1,0,1,30,2,2,1,0,0,1,28.0,10.0,voiture,deux_roues,1,2,1,1,3
202300012835,2023-08-12 18:00:00,2023,8,12,18,0,32,32013,ROCADE (RN 124 EST),43.663,0.599,Plein jour,Hors agglomération,Hors intersection,Normale,Deux véhicules - côté,2,-1,2,0,3,1,1,0,1,80,2,2,0,0,0,2,69.0,51.0,voiture,voiture,1,1,1,1,3
202300012836,2023-11-21 14:37:00,2023,11,21,14,37,93,93027,Avenue Paul Vaillant Couturier / Rue Rateau,48.92481204,2.41489358,Plein jour,En agglomération,Intersection en X,Pluie légère,Deux véhicules - arrière,3,2,2,0,1,1,2,0,1,50,2,3,1,0,0,2,21.0,35.0,deux_roues,voiture,1,2,2,2,2
202300012836,2023-11-21 14:37:00,2023,11,21,14,37,93,93027,Avenue Paul Vaillant Couturier / Rue Rateau,48.92481204,2.41489358,Plein jour,En agglomération,Intersection en X,Pluie légère,Deux véhicules - arrière,3,2,4,0,1,1,2,0,8,50,2,3,1,0,0,2,21.0,35.0,deux_roues,voiture,1,2,2,2,2
202300012837,2023-03-18 12:00:00,2023,3,18,12,0,64,64237,GELOS DE,43.28482,-0.37794,Plein jour,En agglomération,Intersection en T,Normale,Deux véhicules - côté,4,2,2,0,1,1,1,0,1,50,2,2,1,0,0,1,59.0,41.0,deux_roues,voiture,1,2,3,1,3
202300012837,2023-03-18 12:00:00,2023,3,18,12,0,64,64237,GELOS DE,43.28482,-0.37794,Plein jour,En agglomération,Intersection en T,Normale,Deux véhicules - côté,4,2,2,0,1,1,1,0,8,50,2,2,1,0,0,1,59.0,41.0,deux_roues,voiture,1,2,3,1,3
202300012838,2023-12-26 17:40:00,2023,12,26,17,40,35,35189,Rue de Coupigné,48.151746,-1.719863,Nuit avec éclairage allumé,En agglomération,Hors intersection,Normale,Deux véhicules - frontale,4,2,2,0,1,2,1,0,1,80,2,2,1,0,0,1,25.0,32.0,voiture,voiture,5,2,1,1,1
202300012839,2023-08-12 23:10:00,2023,8,12,23,10,31,31555,SEYSSES (RTE DE) DU 296 AU 403,43.57919,1.42345,Nuit avec éclairage allumé,En agglomération,Hors intersection,Normale,Deux véhicules - frontale,4,2,2,0,1,1,1,9,1,30,2,2,1,0,1,0,35.0,41.0,voiture,deux_roues,5,2,1,1,1
202300012840,2023-06-02 13:50:00,2023,6,2,13,50,51,51454,CHAMPAGNE   (  AVENUE DE),49.2301,4.03488,Plein jour,En agglomération,Hors intersection,Normale,Trois véhicules et plus - en chaîne,4,1,2,0,2,1,1,0,1,50,3,5,3,0,0,2,26.0,61.0,voiture,voiture,1,2,1,1,4
202300012841,2023-03-18 18:55:00,2023,3,18,18,55,64,64102,NAVARRE (AVENUE HENRI DE),43.51107,-1.44169,Plein jour,En agglomération,Hors intersection,Pluie légère,Deux véhicules - frontale,3,2,2,0,1,1,2,8,1,50,2,2,1,0,0,1,38.0,47.0,voiture,utilitaire_camion,1,2,1,2,1
202300012842,2023-12-25 16:00:00,2023,12,25,16,0,01,01032,autoroute A42 PK 023+000,45.863607,5.151531,Crépuscule ou aube,Hors agglomération,Hors intersection,Normale,Autre collision,1,3,3,0,2,1,1,0,1,130,1,1,0,0,1,0,23.0,,voiture,,2,1,1,1,6
202300012843,2023-11-21 08:52:00,2023,11,21,8,52,93,93072,Boulevard Maxime Gorki / Rue Pelletier,48.95393,2.38405,Plein jour,En agglomération,Intersection en T,Pluie légère,Deux véhicules - côté,3,2,2,0,1,1,2,0,1,50,2,2,1,0,0,1,30.0,35.0,voiture,voiture,1,2,3,2,3
202300012843,2023-11-21 08:52:00,2023,11,21,8,52,93,93072,Boulevard Maxime Gorki / Rue Pelletier,48.95393,2.38405,Plein jour,En agglomération,Intersection en T,Pluie légère,Deux véhicules - côté,3,1,1,-1,1,1,2,0,1,-1,2,2,1,0,0,1,30.0,35.0,voiture,voiture,1,2,3,2,3
202300012844,2023-08-12 19:30:00,2023,8,12,19,30,31,31555,RTE DE LAUNAGUET,43.64293,1.43906,Plein jour,En agglomération,Autre intersection,Normale,Deux véhicules - côté,7,2,2,1,1,1,1,0,1,50,2,2,1,0,0,1,33.0,32.0,deux_roues,voiture,1,2,9,1,3
202300012845,2023-12-27 19:30:00,2023,12,27,19,30,987,98724,district de fare,-16.711296,-151.035345,Nuit avec éclairage allumé,En agglomération,Hors intersection,Normale,Autre collision,2,2,2,0,1,1,1,0,3,-1,1,1,0,0,0,1,30.0,,voiture,,5,2,1,1,6
202300012846,2023-03-17 16:50:00,2023,3,17,16,50,64,64140,DOUANE (QUAI DE LA),43.52236,-1.48967,Plein jour,En agglomération,Intersection en X,Normale,Deux véhicules - côté,4,2,2,0,1,1,1,0,1,50,2,2,1,0,0,1,57.0,82.0,deux_roues,voiture,1,2,2,1,3
202300012846,2023-03-17 16:50:00,2023,3,17,16,50,64,64140,DOUANE (QUAI DE LA),43.52236,-1.48967,Plein jour,En agglomération,Intersection en X,Normale,Deux véhicules - côté,4,2,2,0,1,1,1,0,1,50,2,2,1,0,0,1,57.0,82.0,deux_roues,voiture,1,2,2,1,3
202300012847,2023-11-21 07:30:00,2023,11,21,7,30,93,93047,Rue du Général de Gaulle / Avenue Victor Hugo,48.89929,2.56345,Nuit sans éclairage public,En agglomération,Intersection en T,Pluie légère,Autre collision,4,2,2,0,1,1,2,0,1,50,1,3,1,0,0,2,56.0,,utilitaire_camion,,3,2,3,2,6
202300012847,2023-11-21 07:30:00,2023,11,21,7,30,93,93047,Rue du Général de Gaulle / Avenue Victor Hugo,48.89929,2.56345,Nuit sans éclairage public,En agglomération,Intersection en T,Pluie légère,Autre collision,4,2,2,0,1,1,2,0,1,50,1,3,1,0,0,2,56.0,,utilitaire_camion,,3,2,3,2,6
202300012848,2023-08-12 02:25:00,2023,8,12,2,25,31,31555,MINIMES (AV DES) DU 1AU 178,43.61847,1.4365,Nuit avec éclairage allumé,En agglomération,Hors intersection,Normale,Deux véhicules - côté,4,2,2,1,1,1,1,0,1,50,2,2,1,0,0,1,50.0,,deux_roues,deux_roues,5,2,1,1,3
202300012849,2023-06-02 07:40:00,2023,6,2,7,40,49,49099,RONTARDIERE (BOULEVARD DE LA),47.05826,-0.85616,Plein jour,En agglomération,Giratoire,Normale,Deux véhicules - arrière,3,3,0,0,2,1,1,0,1,70,2,2,1,0,0,1,18.0,59.0,deux_roues,voiture,1,2,6,1,2
202300012849,2023-06-02 07:40:00,2023,6,2,7,40,49,49099,RONTARDIERE (BOULEVARD DE LA),47.05826,-0.85616,Plein jour,En agglomération,Giratoire,Normale,Deux véhicules - arrière,3,2,2,0,1,1,1,0,1,50,2,2,1,0,0,1,18.0,59.0,deux_roues,voiture,1,2,6,1,2
202300012850,2023-03-18 14:10:00,2023,3,18,14,10,54,54395,SAINT DIZIER (RUE 82 ET 113 A FIN),48.68684,6.18538,Plein jour,En agglomération,Intersection en X,Normale,Deux véhicules - côté,4,1, -1,0,1,1,1,0,1,50,2,2,1,0,0,1,24.0,27.0,voiture,transport_commun,1,2,2,1,3
202300012850,2023-03-18 14:10:00,2023,3,18,14,10,54,54395,SAINT DIZIER (RUE 82 ET 113 A FIN),48.68684,6.18538,Plein jour,En agglomération,Intersection en X,Normale,Deux véhicules - côté,4,1,3,3,1,1,1,0,1,50,2,2,1,0,0,1,24.0,27.0,voiture,transport_commun,1,2,2,1,3
202300012851,2023-12-25 21:10:00,2023,12,25,21,10,987,98747,PK48+300 RT2 Faaone,-17.756,-148.736,Nuit sans éclairage public,Hors agglomération,Hors intersection,Pluie légère,Autre collision,2,2,2,0,1,3,2,0,3,60,1,3,0,1,1,1,22.0,,voiture,,3,1,1,2,6
202300012852,2023-11-21 18:00:00,2023,11,21,18,0,93,93007,Avenue de la République,48.936011,2.466684,Nuit avec éclairage allumé,En agglomération,Hors intersection,Pluie légère,Autre collision,4,2,2,0,1,1,2,0,1,30,1,2,1,0,0,1,31.0,,utilitaire_camion,,5,2,1,2,6
202300012853,2023-08-11 03:00:00,2023,8,11,3,0,28,28134,DE GAULLE (RUE DU GENERAL),48.73652,1.37001,Nuit avec éclairage allumé,En agglomération,Hors intersection,Normale,Sans collision,4,1,1,0,1,1,1,8,4,30,1,2,1,0,0,1,21.0,,voiture,,5,2,1,1,7
202300012854,2023-06-01 14:00:00,2023,6,1,14,0,49,49007,ATLANTIQUE  AVENUE DE L',47.46906,-0.60798,Plein jour,Hors agglomération,Hors intersection,Normale,Deux véhicules - arrière,3,3,2,0,1,1,1,0,1,90,2,2,1,0,0,1,63.0,54.0,voiture,voiture,1,1,1,1,2
202300012855,2023-11-21 19:00:00,2023,11,21,19,0,93,93055,Avenue Jean Jaurès,48.909798,2.398825,Nuit sans éclairage public,En agglomération,Hors intersection,Pluie légère,Sans collision,3,2,2,0,1,1,2,9,1,50,1,1,0,0,0,1,33.0,,deux_roues,,3,2,1,2,7
202300012856,2023-03-18 22:30:00,2023,3,18,22,30,37,37195,CHER (LEVEE DU),47.37484,0.64588,Nuit avec éclairage allumé,En agglomération,Hors intersection,Normale,Deux véhicules - frontale,4,2,1,0,1,3,1,0,1,50,2,3,2,0,0,1,30.0,20.0,voiture,voiture,5,2,1,1,1
202300012857,2023-12-27 21:30:00,2023,12,27,21,30,988,98802,RPS4,-21.85655,166.04415,Nuit sans éclairage public,Hors agglomération,Hors intersection,Normale,Sans collision,3,2,2,0,1,1,1,0,3,90,1,2,0,0,1,1,22.0,,voiture,,3,1,1,1,7
202300012858,2023-08-11 20:10:00,2023,8,11,20,10,27,27681,CROQUET (SENTE DU),49.08223,1.4983,Plein jour,En agglomération,Intersection en T,Pluie légère,Deux véhicules - côté,4,2,1,0,2,1,2,0,1,50,2,2,1,0,0,1,19.0,25.0,voiture,voiture,1,2,3,2,3
202300012858,2023-08-11 20:10:00,2023,8,11,20,10,27,27681,CROQUET (SENTE DU),49.08223,1.4983,Plein jour,En agglomération,Intersection en T,Pluie légère,Deux véhicules - côté,4,-1,1,0,2,1,2,0,1,50,2,2,1,0,0,1,19.0,25.0,voiture,voiture,1,2,3,2,3
202300012859,2023-06-02 10:40:00,2023,6,2,10,40,49,49007,PAJOTIN,47.46433,-0.53137,Plein jour,En agglomération,Giratoire,Normale,Deux véhicules - côté,4,4,2,0,1,3,1,0,1,30,2,2,1,0,0,1,21.0,43.0,deux_roues,voiture,1,2,6,1,3
202300012859,2023-06-02 10:40:00,2023,6,2,10,40,49,49007,PAJOTIN,47.46433,-0.53137,Plein jour,En agglomération,Giratoire,Normale,Deux véhicules - côté,4,4,2,0,1,3,1,0,1,30,2,2,1,0,0,1,21.0,43.0,deux_roues,voiture,1,2,6,1,3
202300012860,2023-03-18 16:25:00,2023,3,18,16,25,29,29019,rue Auguste Kervern,48.40312,-4.48881,Plein jour,En agglomération,Hors intersection,Temps couvert,Deux véhicules - arrière,4,-1,2,0,1,1,1,0,1,50,2,2,1,0,0,1,26.0,33.0,utilitaire_camion,deux_roues,1,2,1,8,2
202300012861,2023-08-02 13:10:00,2023,8,2,13,10,18,18279,Place Salvador Allende,47.2262,2.08476,Plein jour,En agglomération,Hors intersection,Normale,Sans collision,4,2,0,0,1,3,2,0,4,50,1,1,0,0,0,1,78.0,,voiture,,1,2,1,1,7
202300012862,2023-12-23 15:40:00,2023,12,23,15,40,973,97304,Avenue Gaston Monnerville,5.17213,-52.650261,Plein jour,En agglomération,Giratoire,Normale,Autre collision,3,2,2,0,1,1,1,9,1,50,1,2,1,0,0,1,46.0,,voiture,,1,2,6,1,6
202300012863,2023-06-01 21:47:00,2023,6,1,21,47,49,49007,,47.47961,-0.55168,Crépuscule ou aube,En agglomération,Hors intersection,Normale,Sans collision,3,3,2,0,1,1,1,0,1,50,1,3,1,0,0,2,22.0,,voiture,,2,2,1,1,7
202300012864,2023-11-21 15:15:00,2023,11,21,15,15,92,92078,GALLIENI (BD) (1 A 79 ET 22 A 102),48.93389791,2.33273931,Nuit avec éclairage allumé,En agglomération,Intersection en T,Normale,Deux véhicules - côté,4,1,2,0,1,1,1,1,8,25,2,4,1,0,1,2,22.0,44.0,voiture,voiture,5,2,3,1,3
202300012865,2023-03-18 16:30:00,2023,3,18,16,30,25,25462,REMPARTS,46.90257,6.35432,Plein jour,En agglomération,Hors intersection,Normale,Autre collision,4,1,1,0,2,1,1,0,1,50,1,2,1,0,0,1,52.0,,voiture,,1,2,1,1,6
202300012866,2023-08-12 15:40:00,2023,8,12,15,40,18,18033,Place de Juranville,47.08307,2.38886,Plein jour,En agglomération,Place,Temps couvert,Autre collision,4,1,2,0,1,1,1,0,6,50,1,2,1,0,0,1,83.0,,voiture,,1,2,7,8,6
202300012867,2023-06-01 16:34:00,2023,6,1,16,34,49,49246,D952,47.43361,-0.47719,Plein jour,Hors agglomération,Hors intersection,Normale,Autre collision,3,2,2,0,1,1,1,5,1,50,1,1,0,0,1,0,46.0,,deux_roues,,1,1,1,1,6
202300012868,2023-12-22 21:15:00,2023,12,22,21,15,971,97128,Marly,16.278036,-61.340045,Nuit avec éclairage allumé,Hors agglomération,Hors intersection,Normale,Deux véhicules - frontale,4,2,2,0,2,1,1,0,1,50,2,2,1,0,1,0,22.0,41.0,voiture,deux_roues,5,1,1,1,1
202300012869,2023-11-21 08:00:00,2023,11,21,8,0,92,92075,CARREFOUR DE L'INSURRECTION,48.82028378,2.29062492,Plein jour,En agglomération,Giratoire,Pluie légère,Deux véhicules - côté,3,2,12,0,3,2,2,5,1,50,2,2,1,0,0,1,58.0,55.0,deux_roues,voiture,1,2,6,2,3
202300012870,2023-03-17 13:15:00,2023,3,17,13,15,21,21054,FOCH (BOULEVARD MARECHAL),47.027654,4.838566,Plein jour,En agglomération,Intersection en T,Normale,Autre collision,4,-1,2,0,1,1,1,0,1,-1,1,2,1,0,0,1,41.0,,voiture,,1,2,3,1,6
202300012870,2023-03-17 13:15:00,2023,3,17,13,15,21,21054,FOCH (BOULEVARD MARECHAL),47.027654,4.838566,Plein jour,En agglomération,Intersection en T,Normale,Autre collision,4,1,3,0,1,1,1,0,1,50,1,2,1,0,0,1,41.0,,voiture,,1,2,3,1,6
202300012871,2023-08-10 15:10:00,2023,8,10,15,10,18,18033,Rue Jean Jacques Rousseau,47.07939,2.38957,Plein jour,En agglomération,Intersection en T,Normale,Deux véhicules - côté,4,2,1,1,1,1,1,0,1,50,2,2,1,0,1,0,72.0,52.0,deux_roues,voiture,1,2,3,1,3
202300012871,2023-08-10 15:10:00,2023,8,10,15,10,18,18033,Rue Jean Jacques Rousseau,47.07939,2.38957,Plein jour,En agglomération,Intersection en T,Normale,Deux véhicules - côté,4,1,2,0,1,1,1,0,1,50,2,2,1,0,1,0,72.0,52.0,deux_roues,voiture,1,2,3,1,3
202300012872,2023-06-02 12:10:00,2023,6,2,12,10,44,44184,113bis Boulevard Pierre de Maupertuis,47.28226,-2.2276,Plein jour,En agglomération,Hors intersection,Normale,Deux véhicules - arrière,4,2,2,0,1,1,1,0,1,30,2,2,1,0,0,1,63.0,63.0,transport_commun,deux_roues,1,2,1,1,2
202300012873,2023-12-19 11:30:00,2023,12,19,11,30,30,30211,Rue du Parc,43.834113,4.499819,Plein jour,En agglomération,Intersection en Y,Normale,Sans collision,3,2,2,0,1,1,1,0,3,50,1,1,0,0,1,0,50.0,,voiture,,1,2,4,1,7
202300012873,2023-12-19 11:30:00,2023,12,19,11,30,30,30211,Rue du Parc,43.834113,4.499819,Plein jour,En agglomération,Intersection en Y,Normale,Sans collision,3,2, -1,-1,1,1,1,0,3,-1,1,1,0,0,1,0,50.0,,voiture,,1,2,4,1,7
202300012874,2023-03-18 07:17:00,2023,3,18,7,17,18,18279,,47.197914,2.09173,Plein jour,Hors agglomération,Hors intersection,Normale,Deux véhicules - frontale,3,2,2,0,2,3,8,9,1,70,2,2,1,0,0,1,36.0,26.0,voiture,utilitaire_camion,1,1,1,1,1
202300012875,2023-11-21 12:30:00,2023,11,21,12,30,92,92063,RICHELIEU (BOULEVARD),48.87057,2.18423,Plein jour,En agglomération,Intersection en T,Pluie légère,Deux véhicules - côté,3,2,2,0,2,1,2,0,1,50,2,2,1,0,0,1,,17.0,voiture,deux_roues,1,2,3,2,3
202300012875,2023-11-21 12:30:00,2023,11,21,12,30,92,92063,RICHELIEU (BOULEVARD),48.87057,2.18423,Plein jour,En agglomération,Intersection en T,Pluie légère,Deux véhicules - côté,3,1,1,0,1,1,2,0,1,50,2,2,1,0,0,1,,17.0,voiture,deux_roues,1,2,3,2,3
202300012876,2023-08-12 10:50:00,2023,8,12,10,50,17,17415,GAUTIER RUE,45.74092,-0.62245,Plein jour,En agglomération,Giratoire,Pluie légère,Deux véhicules - côté,3,2,2,0,1,1,2,5,1,50,2,2,1,0,0,1,78.0,,deux_roues,voiture,1,2,6,2,3
202300012876,2023-08-12 10:50:00,2023,8,12,10,50,17,17415,GAUTIER RUE,45.74092,-0.62245,Plein jour,En agglomération,Giratoire,Pluie légère,Deux véhicules - côté,3,1,1,0,1,1,2,0,1,50,2,2,1,0,0,1,78.0,,deux_roues,voiture,1,2,6,2,3
202300012877,2023-03-17 17:55:00,2023,3,17,17,55,17,17415,DUFAURE AVENUE JULES,45.748622,-0.609956,Plein jour,En agglomération,Hors intersection,Normale,Trois véhicules et plus - en chaîne,4,2,2,0,2,1,1,0,1,50,3,3,0,0,0,3,20.0,40.0,utilitaire_camion,voiture,1,2,1,1,4
202300012878,2023-11-21 08:55:00,2023,11,21,8,55,92,92048,GARDES (ROUTE DES) N° 2 A 12,48.81877297,2.24018276,Plein jour,En agglomération,Hors intersection,Pluie légère,Autre collision,3,-1,2,0,2,1,2,0,4,50,1,2,1,0,0,1,49.0,,voiture,,1,2,1,2,6
202300012879,2023-12-27 16:05:00,2023,12,27,16,5,84,84003,D3 - le jonquier,43.855218,5.352831,Plein jour,Hors agglomération,Hors intersection,Temps éblouissant,Deux véhicules - frontale,3,2,2,0,1,4,2,0,1,80,2,5,0,0,0,5,45.0,41.0,voiture,voiture,1,1,1,7,1
202300012880,2023-11-20 00:35:00,2023,11,20,0,35,92,92036,GENERAL DE GAULLE (AVENUE) (PAIRS),48.93426476,2.3175289,Nuit avec éclairage allumé,En agglomération,Hors intersection,Normale,Autre collision,3,3,0,0,1,1,1,0,1,50,1,2,0,0,1,1,28.0,,voiture,,5,2,1,1,6
202300012881,2023-06-02 15:20:00,2023,6,2,15,20,43,43157,88 (ROUTE NATIONALE),45.00415,3.87869,Plein jour,Hors agglomération,Intersection en T,Normale,Deux véhicules - arrière,3,2,2,0,2,3,1,0,1,80,2,3,1,0,0,2,25.0,62.0,voiture,voiture,1,1,3,1,2
202300012881,2023-06-02 15:20:00,2023,6,2,15,20,43,43157,88 (ROUTE NATIONALE),45.00415,3.87869,Plein jour,Hors agglomération,Intersection en T,Normale,Deux véhicules - arrière,3,2,2,0,2,2,1,0,1,50,2,3,1,0,0,2,25.0,62.0,voiture,voiture,1,1,3,1,2
202300012882,2023-03-18 01:35:00,2023,3,18,1,35,13,13212,CHARLES KADDOUZ (RUE),43.31497969,5.43345659,Nuit avec éclairage allumé,En agglomération,Intersection en T,Normale,Deux véhicules - arrière,4,2,2,1,1,1,1,0,1,50,2,4,1,0,0,3,36.0,22.0,voiture,voiture,5,2,3,1,2
202300012882,2023-03-18 01:35:00,2023,3,18,1,35,13,13212,CHARLES KADDOUZ (RUE),43.31497969,5.43345659,Nuit avec éclairage allumé,En agglomération,Intersection en T,Normale,Deux véhicules - arrière,4,2,0,0,1,1,1,0,1,30,2,4,1,0,0,3,36.0,22.0,voiture,voiture,5,2,3,1,2
202300012883,2023-12-28 12:05:00,2023,12,28,12,5,13,13022,D559,43.226037,5.538096,Plein jour,En agglomération,Hors intersection,Normale,Deux véhicules - frontale,3,2,2,0,2,2,1,0,1,50,2,3,1,0,1,1,25.0,63.0,deux_roues,voiture,1,2,1,1,1
202300012884,2023-11-21 19:27:00,2023,11,21,19,27,92,92012,EDOUARD VAILLANT (AVENUE) - DEBUT/55 - C,48.8341154,2.24482995,Nuit avec éclairage allumé,En agglomération,Hors intersection,Pluie légère,Autre collision,3,1,3,0,1,1,2,9,1,50,1,2,1,0,1,0,25.0,,voiture,,5,2,1,2,6
202300012885,2023-03-18 23:12:00,2023,3,18,23,12,10,10081,JEAN MERMOZ (RUE),48.31209,4.03666,Nuit avec éclairage allumé,En agglomération,Hors intersection,Temps couvert,Sans collision,4,2,2,0,1,1,2,0,1,50,1,1,0,0,0,1,28.0,,deux_roues,,5,2,1,8,7
202300012886,2023-06-02 11:10:00,2023,6,2,11,10,38,38516,RANDON (AV. MAL),45.20106,5.74195,Plein jour,En agglomération,Autre intersection,Normale,Deux véhicules - arrière,7,2,6,1,1,2,1,5,1,50,2,2,1,0,1,0,23.0,67.0,voiture,deux_roues,1,2,9,1,2
202300012886,2023-06-02 11:10:00,2023,6,2,11,10,38,38516,RANDON (AV. MAL),45.20106,5.74195,Plein jour,En agglomération,Autre intersection,Normale,Deux véhicules - arrière,7,2,4,1,1,1,1,0,1,50,2,2,1,0,1,0,23.0,67.0,voiture,deux_roues,1,2,9,1,2
202300012887,2023-11-21 14:00:00,2023,11,21,14,0,92,92012,ANDRE MORIZET (AVENUE) 1/47 - 2/52,48.83551969,2.24000931,Plein jour,En agglomération,Hors intersection,Normale,Autre collision,3,2,2,0,1,1,1,0,1,30,1,2,1,0,0,1,57.0,,voiture,,1,2,1,1,6
202300012888,2023-03-18 18:10:00,2023,3,18,18,10,05,05061,PATAC (BARREAU DE),44.53917196,6.0710299,Plein jour,Hors agglomération,Hors intersection,Normale,Autre collision,4,2,2,0,2,3,1,2,1,50,1,2,0,0,0,2,50.0,,voiture,,1,1,1,1,6
202300012889,2023-11-21 14:10:00,2023,11,21,14,10,92,92004,MARNE   ( AVENUE DE LA ),48.90970454,2.28676665,Plein jour,En agglomération,Hors intersection,Pluie légère,Deux véhicules - frontale,3,-1,2,0,1,1,2,0,1,50,2,2,1,0,0,1,48.0,17.0,voiture,deux_roues,1,2,1,2,1
202300012890,2023-03-15 17:10:00,2023,3,15,17,10,75,75113,AVENUE DES GOBELINS,48.83320096,2.35435456,Plein jour,En agglomération,Intersection en T,Normale,Autre collision,4,2,4,3,2,1,1,0,1,30,1,3,2,0,0,1,47.0,,utilitaire_camion,,1,2,3,1,6