accident_id,datetime,annee,mois,jour,heure,minute,departement,commune_insee,adresse,latitude,longitude,luminosite,agglomeration,intersection,meteo,collision,catr,circ,nbv,vosp,prof,plan,surf,infra,situ,vma,nb_vehicules,nb_usagers,nb_indemnes,nb_tues,nb_blesses_hosp,nb_blesses_legers,age_cond_1,age_cond_2,veh_type_cond_1,veh_type_cond_2,lum_code,agg_code,int_code,atm_code,col_code
202300012890,2023-03-15 17:10:00,2023,3,15,17,10,75,75113,AVENUE DES GOBELINS,48.83320096,2.35435456,Plein jour,En agglomération,Intersection en T,Normale,Autre collision,4,1,1,1,1,1,1,0,1,30,1,3,2,0,0,1,47.0,,utilitaire_camion,,1,2,3,1,6
202300012891,2023-06-02 14:24:00,2023,6,2,14,24,37,37261,FOUQUET (RUE JEHAN),47.38634,0.68403,Plein jour,En agglomération,Intersection en X,Normale,Deux véhicules - côté,4,1,1,0,1,1,1,0,1,30,2,4,3,0,0,1,50.0,28.0,voiture,voiture,1,2,2,1,3
202300012891,2023-06-02 14:24:00,2023,6,2,14,24,37,37261,FOUQUET (RUE JEHAN),47.38634,0.68403,Plein jour,En agglomération,Intersection en X,Normale,Deux véhicules - côté,4,1,1,0,1,1,1,0,1,30,2,4,3,0,0,1,50.0,28.0,voiture,voiture,1,2,2,1,3
202300012892,2023-12-27 21:30:00,2023,12,27,21,30,14,14658,Rue du Vieux Château,48.81291647,-1.02104314,Nuit sans éclairage public,Hors agglomération,Hors intersection,Vent fort / tempête,Autre collision,3,2,2,0,1,2,2,0,3,80,1,5,0,0,2,3,19.0,,voiture,,3,1,1,6,6
202300012893,2023-11-21 08:52:00,2023,11,21,8,52,92,92009,RAOUL NORRLING ( RUE ),48.90531996,2.26426435,Plein jour,En agglomération,Intersection en X,Pluie légère,Deux véhicules - côté,4,-1,2,0,1,1,2,0,1,50,2,2,1,0,0,1,,50.0,utilitaire_camion,deux_roues,1,2,2,2,3
202300012893,2023-11-21 08:52:00,2023,11,21,8,52,92,92009,RAOUL NORRLING ( RUE ),48.90531996,2.26426435,Plein jour,En agglomération,Intersection en X,Pluie légère,Deux véhicules - côté,4,-1,2,0,1,1,2,0,1,50,2,2,1,0,0,1,,50.0,utilitaire_camion,deux_roues,1,2,2,2,3
202300012894,2023-03-18 11:06:00,2023,3,18,11,6,75,75120,RUE DE BELLEVILLE,48.872553,2.378521,Plein jour,En agglomération,Intersection en T,Normale,Autre collision,4,1, -1,-1,1,1,1,0,4,-1,1,2,1,1,0,0,20.0,,utilitaire_camion,,1,2,3,1,6
202300012894,2023-03-18 11:06:00,2023,3,18,11,6,75,75120,RUE DE BELLEVILLE,48.872553,2.378521,Plein jour,En agglomération,Intersection en T,Normale,Autre collision,4,2,2,3,2,1,1,0,4,30,1,2,1,1,0,0,20.0,,utilitaire_camion,,1,2,3,1,6
202300012895,2023-06-01 16:30:00,2023,6,1,16,30,37,37233,DUCLOS (AVENUE JACQUES),47.3804,0.73014,Plein jour,En agglomération,Hors intersection,Normale,Deux véhicules - côté,4,2,2,0,1,1,1,0,1,50,2,2,1,0,0,1,22.0,36.0,voiture,deux_roues,1,2,1,1,3
202300012896,2023-12-19 14:45:00,2023,12,19,14,45,56,56178,Quai des Récollets,48.071326,-2.9653,Plein jour,En agglomération,Hors intersection,Pluie légère,Autre collision,4,2,2,0,1,1,2,0,1,50,1,2,1,0,1,0,80.0,,voiture,,1,2,1,2,6
202300012897,2023-03-18 07:01:00,2023,3,18,7,1,75,75104,QUAI HENRI IV,48.850825,2.361459,Plein jour,En agglomération,Intersection en X,Normale,Deux véhicules - côté,4,1,3,0,1,1,2,0,1,30,2,4,1,0,1,2,38.0,40.0,utilitaire_camion,voiture,1,2,2,1,3
202300012897,2023-03-18 07:01:00,2023,3,18,7,1,75,75104,QUAI HENRI IV,48.850825,2.361459,Plein jour,En agglomération,Intersection en X,Normale,Deux véhicules - côté,4,2,3,3,1,1,2,0,1,30,2,4,1,0,1,2,38.0,40.0,utilitaire_camion,voiture,1,2,2,1,3
202300012898,2023-12-24 13:15:00,2023,12,24,13,15,22,22067,D54,48.5542,-3.17639,Plein jour,Hors agglomération,Hors intersection,Temps couvert,Deux véhicules - arrière,3,2,2,0,2,1,1,0,1,70,2,2,1,0,1,0,50.0,68.0,deux_roues,voiture,1,1,1,8,2
202300012899,2023-06-02 11:30:00,2023,6,2,11,30,35,35238,MALAKOFF (PONT),48.10672,-1.6931,Plein jour,En agglomération,Intersection en T,Normale,Deux véhicules - côté,4,1, -1,2,1,1,1,0,5,30,2,2,1,0,0,1,78.0,16.0,voiture,deux_roues,1,2,3,1,3
202300012899,2023-06-02 11:30:00,2023,6,2,11,30,35,35238,MALAKOFF (PONT),48.10672,-1.6931,Plein jour,En agglomération,Intersection en T,Normale,Deux véhicules - côté,4,2,2,1,1,1,1,0,5,50,2,2,1,0,0,1,78.0,16.0,voiture,deux_roues,1,2,3,1,3
202300012900,2023-11-21 15:15:00,2023,11,21,15,15,63,63345,D778/D5,45.715993,2.994236,Plein jour,Hors agglomération,Intersection en X,Pluie légère,Deux véhicules - côté,3,2,2,-1,1,1,2,0,1,-1,2,2,0,0,0,2,41.0,41.0,voiture,voiture,1,1,2,2,3
202300012900,2023-11-21 15:15:00,2023,11,21,15,15,63,63345,D778/D5,45.715993,2.994236,Plein jour,Hors agglomération,Intersection en X,Pluie légère,Deux véhicules - côté,3,2,2,0,1,1,2,0,1,80,2,2,0,0,0,2,41.0,41.0,voiture,voiture,1,1,2,2,3
202300012901,2023-03-18 17:15:00,2023,3,18,17,15,75,75117,AVENUE DE WAGRAM,48.881559,2.300701,Plein jour,En agglomération,Intersection en X,Normale,Deux véhicules - côté,4,2,0,0,1,1,1,0,1,30,2,2,1,0,0,1,30.0,67.0,voiture,deux_roues,1,2,2,1,3
202300012901,2023-03-18 17:15:00,2023,3,18,17,15,75,75117,AVENUE DE WAGRAM,48.881559,2.300701,Plein jour,En agglomération,Intersection en X,Normale,Deux véhicules - côté,4,2,2,0,1,1,1,0,1,30,2,2,1,0,0,1,30.0,67.0,voiture,deux_roues,1,2,2,1,3
202300012902,2023-12-28 12:25:00,2023,12,28,12,25,59,59029,Place du General de Gaulle,50.4793,3.204517,Plein jour,En agglomération,Place,Normale,Deux véhicules - côté,4,2,2,0,1,1,1,0,1,50,2,3,2,0,1,0,17.0,76.0,deux_roues,voiture,1,2,7,1,3
202300012903,2023-06-01 08:23:00,2023,6,1,8,23,34,34301,695 Avenue des Eaux Blanches,43.419443,3.713282,Plein jour,En agglomération,Autre intersection,Normale,Deux véhicules - frontale,4,2,2,0,1,1,1,0,1,50,2,2,1,0,1,0,22.0,48.0,voiture,deux_roues,1,2,9,1,1
202300012904,2023-11-22 03:00:00,2023,11,22,3,0,976,97610,Route Nationale 1 - Koungou,-12.744796,45.222859,Nuit avec éclairage allumé,En agglomération,Hors intersection,Normale,Deux véhicules - frontale,2,2,2,0,2,3,1,0,1,50,2,2,1,1,0,0,27.0,20.0,utilitaire_camion,deux_roues,5,2,1,1,1
202300012905,2023-03-18 11:45:00,2023,3,18,11,45,75,75116,ALLEE DES FORTIFICATIONS,48.852707,2.259855,Plein jour,En agglomération,Hors intersection,Normale,Autre collision,4,2,2,0,1,1,1,0,1,30,1,1,0,0,0,1,26.0,,deux_roues,,1,2,1,1,6
202300012906,2023-12-27 13:25:00,2023,12,27,13,25,33,33249,AUTOROUTE A 10,44.88788887,-0.50517155,Plein jour,Hors agglomération,Hors intersection,Temps éblouissant,Deux véhicules - arrière,1,3,8,0,1,1,1,0,1,90,2,3,2,0,0,1,29.0,53.0,voiture,voiture,1,1,1,7,2
202300012907,2023-03-18 01:25:00,2023,3,18,1,25,75,75116,AVENUE DE NEW YORK,48.864096,2.299466,Nuit avec éclairage allumé,En agglomération,Intersection en T,Normale,Deux véhicules - côté,4,2,0,3,2,1,1,1,1,50,2,2,0,0,0,2,23.0,43.0,deux_roues,deux_roues,5,2,3,1,3
202300012907,2023-03-18 01:25:00,2023,3,18,1,25,75,75116,AVENUE DE NEW YORK,48.864096,2.299466,Nuit avec éclairage allumé,En agglomération,Intersection en T,Normale,Deux véhicules - côté,4,1, -1,-1,1,1,1,0,1,-1,2,2,0,0,0,2,23.0,43.0,deux_roues,deux_roues,5,2,3,1,3
202300012908,2023-08-01 16:10:00,2023,8,1,16,10,01,01325,D22,45.960011,5.148854,Plein jour,Hors agglomération,Intersection en X,Normale,Deux véhicules - côté,3,2,2,0,1,1,1,0,1,80,2,3,2,0,0,1,31.0,66.0,utilitaire_camion,voiture,1,1,2,1,3
202300012908,2023-08-01 16:10:00,2023,8,1,16,10,01,01325,D22,45.960011,5.148854,Plein jour,Hors agglomération,Intersection en X,Normale,Deux véhicules - côté,3,2,2,0,3,1,1,0,1,80,2,3,2,0,0,1,31.0,66.0,utilitaire_camion,voiture,1,1,2,1,3
202300012909,2023-06-02 21:10:00,2023,6,2,21,10,33,33281,Avenue Bon Air,44.81936,-0.64922,Crépuscule ou aube,En agglomération,Hors intersection,Normale,Deux véhicules - frontale,4,2,3,1,1,1,1,0,1,50,2,2,1,0,0,1,18.0,24.0,voiture,voiture,2,2,1,1,1
202300012910,2023-11-21 19:40:00,2023,11,21,19,40,67,67535,D712,48.939606,7.390527,Nuit sans éclairage public,Hors agglomération,Hors intersection,Normale,Sans collision,3,2,2,0,2,2,2,0,3,80,1,2,0,0,1,1,51.0,,voiture,,3,1,1,1,7
202300012911,2023-03-17 22:00:00,2023,3,17,22,0,75,75116,QUAI LOUIS BLERIOT,48.847151,2.274479,Nuit avec éclairage allumé,En agglomération,Intersection en X,Pluie légère,Deux véhicules - arrière,4,1,1,0,1,1,2,0,1,50,2,3,2,0,0,1,45.0,20.0,voiture,voiture,5,2,2,2,2
202300012911,2023-03-17 22:00:00,2023,3,17,22,0,75,75116,QUAI LOUIS BLERIOT,48.847151,2.274479,Nuit avec éclairage allumé,En agglomération,Intersection en X,Pluie légère,Deux véhicules - arrière,4,-1,2,0,1,1,2,0,1,50,2,3,2,0,0,1,45.0,20.0,voiture,voiture,5,2,2,2,2
202300012912,2023-12-26 09:49:00,2023,12,26,9,49,59,59560,AUTOROUTE A1,50.53404,3.04827,Plein jour,Hors agglomération,Hors intersection,Normale,Trois véhicules et plus - en chaîne,1,-1,3,0,1,1,1,0,1,110,4,4,3,0,0,1,59.0,72.0,utilitaire_camion,voiture,1,1,1,1,4
202300012913,2023-10-23 18:35:00,2023,10,23,18,35,06,06149,36 Boulevard Général de Gaulle,43.737472,7.309034,Crépuscule ou aube,En agglomération,Hors intersection,Normale,Deux véhicules - frontale,7,2,2,0,1,1,1,0,1,50,2,2,1,0,0,1,34.0,23.0,deux_roues,utilitaire_camion,2,2,1,1,1
202300012914,2023-03-18 19:20:00,2023,3,18,19,20,75,75112,ROUTE DE LA PYRAMIDE,48.829582,2.451057,Nuit avec éclairage allumé,En agglomération,Hors intersection,Normale,Deux véhicules - côté,4,2,2,0,1,1,1,0,1,50,2,2,1,0,0,1,46.0,25.0,voiture,deux_roues,5,2,1,1,3
202300012915,2023-12-26 12:50:00,2023,12,26,12,50,78,78402,A13,48.965169,1.763263,Plein jour,Hors agglomération,Hors intersection,Normale,Deux véhicules - arrière,1,1,4,0,1,1,1,0,1,110,2,2,1,0,0,1,22.0,45.0,voiture,utilitaire_camion,1,1,1,1,2
202300012916,2023-03-18 13:30:00,2023,3,18,13,30,75,75112,BOULEVARD DIDEROT,48.847291,2.385978,Plein jour,En agglomération,Hors intersection,Normale,Deux véhicules - côté,4,2,4,2,1,1,1,0,1,30,2,2,1,0,0,1,57.0,27.0,voiture,deux_roues,1,2,1,1,3
202300012917,2023-11-22 09:40:00,2023,11,22,9,40,31,31022,42 Route de Fronton,43.670417,1.427777,Plein jour,En agglomération,Hors intersection,Normale,Deux véhicules - côté,7,2,2,0,1,1,1,0,1,50,2,2,1,0,1,0,16.0,55.0,deux_roues,voiture,1,2,1,1,3
202300012918,2023-12-26 04:40:00,2023,12,26,4,40,93,93064,AUTOROUTE A86,48.87859,2.47631,Nuit sans éclairage public,Hors agglomération,Autre intersection,Normale,Autre collision,1,1,3,0,2,1,1,3,1,50,1,1,0,0,0,1,24.0,,voiture,,3,1,9,1,6
202300012919,2023-03-18 03:20:00,2023,3,18,3,20,75,75111,RUE DU FAUBOURG SAINT ANTOINE,48.850102,2.384715,Nuit avec éclairage allumé,En agglomération,Intersection en X,Normale,Deux véhicules - côté,4,2,2,0,1,1,2,-1,5,30,2,2,1,0,0,1,,27.0,voiture,deux_roues,5,2,2,1,3
202300012919,2023-03-18 03:20:00,2023,3,18,3,20,75,75111,RUE DU FAUBOURG SAINT ANTOINE,48.850102,2.384715,Nuit avec éclairage allumé,En agglomération,Intersection en X,Normale,Deux véhicules - côté,4,2,2,1,1,1,2,-1,5,30,2,2,1,0,0,1,,27.0,voiture,deux_roues,5,2,2,1,3
202300012920,2023-11-20 18:30:00,2023,11,20,18,30,68,68295,D201,48.020207,7.380715,Nuit sans éclairage public,En agglomération,Autre intersection,Pluie légère,Deux véhicules - côté,3,2,2,0,1,1,2,0,1,50,2,2,1,0,0,1,17.0,51.0,deux_roues,voiture,3,2,9,2,3
202300012920,2023-11-20 18:30:00,2023,11,20,18,30,68,68295,D201,48.020207,7.380715,Nuit sans éclairage public,En agglomération,Autre intersection,Pluie légère,Deux véhicules - côté,3,2,2,0,1,1,2,0,1,50,2,2,1,0,0,1,17.0,51.0,deux_roues,voiture,3,2,9,2,3
202300012921,2023-03-18 10:20:00,2023,3,18,10,20,75,75109,BOULEVARD DE ROCHECHOUART,48.882652,2.343686,Plein jour,En agglomération,Hors intersection,Normale,Autre collision,4,1,1,1,1,1,1,-1,5,20,1,2,1,0,0,1,43.0,,deux_roues,,1,2,1,1,6
202300012922,2023-12-27 03:45:00,2023,12,27,3,45,77,77175,A5b,48.64598426,2.62308483,Nuit sans éclairage public,Hors agglomération,Hors intersection,Normale,Trois véhicules et plus - collisions multiples,1,-1,2,0,1,1,1,0,1,110,3,3,0,0,0,3,40.0,41.0,voiture,voiture,3,1,1,1,5
202300012923,2023-11-22 15:30:00,2023,11,22,15,30,83,83086,D1555,43.473609,6.537187,Plein jour,Hors agglomération,Hors intersection,Normale,Deux véhicules - côté,3,3,4,0,1,1,1,0,1,90,2,2,1,0,1,0,46.0,49.0,voiture,deux_roues,1,1,1,1,3
202300012924,2023-03-17 21:55:00,2023,3,17,21,55,75,75108,AVENUE HOCHE,48.875967,2.300241,Nuit avec éclairage allumé,En agglomération,Hors intersection,Pluie légère,Deux véhicules - côté,4,2,2,0,1,1,2,0,1,30,2,2,1,0,0,1,59.0,44.0,voiture,deux_roues,5,2,1,2,3
202300012925,2023-06-28 07:10:00,2023,6,28,7,10,32,32382,RD 939 - PK 18+330,43.730887,0.376968,Plein jour,Hors agglomération,Hors intersection,Normale,Autre collision,3,2,2,0,1,1,1,0,3,80,1,1,0,0,1,0,47.0,,voiture,,1,1,1,1,6
202300012926,2023-11-22 07:30:00,2023,11,22,7,30,58,58261,D33,47.392929,2.980894,Crépuscule ou aube,Hors agglomération,Hors intersection,Autre,Deux véhicules - arrière,3,2,2,0,3,1,2,0,1,70,2,2,1,0,1,0,21.0,16.0,voiture,deux_roues,2,1,1,9,2
202300012927,2023-03-18 15:45:00,2023,3,18,15,45,94,94044,Avenue Descartes,48.740528,2.484288,Plein jour,En agglomération,Hors intersection,Pluie légère,Deux véhicules - frontale,3,2,2,0,1,2,2,0,1,50,2,2,0,0,0,2,63.0,56.0,voiture,voiture,1,2,1,2,1
202300012928,2023-12-25 12:00:00,2023,12,25,12,0,974,97407,14 JUILLET 1789(AVENUE DU),-20.93258,55.29453,Plein jour,En agglomération,Hors intersection,Normale,Autre collision,4,2,2,0,1,1,1,9,1,50,1,1,0,0,1,0,27.0,,deux_roues,,1,2,1,1,6
202300012929,2023-03-18 10:15:00,2023,3,18,10,15,94,94052,168 Grande Rue Charles de Gaulle,48.8382135,2.49124525,Plein jour,En agglomération,Autre intersection,Normale,Autre collision,4,1,1,0,2,1,1,0,1,30,1,2,1,0,1,0,68.0,,voiture,,1,2,9,1,6
202300012930,2023-09-17 19:05:00,2023,9,17,19,5,75,75120,BOULEVARD PERIPHERIQUE,48.848263,2.414947,Crépuscule ou aube,En agglomération,Hors intersection,Normale,Deux véhicules - côté,4,1,4,0,1,1,1,0,1,70,2,3,1,0,0,2,35.0,44.0,voiture,deux_roues,2,2,1,1,3
202300012931,2023-03-17 14:20:00,2023,3,17,14,20,94,94079,Boulevard Jean Monnet,48.832264,2.533758,Plein jour,En agglomération,Hors intersection,Normale,Deux véhicules - côté,4,3,3,0,1,1,1,0,1,50,2,2,1,0,0,1,50.0,49.0,voiture,deux_roues,1,2,1,1,3
202300012932,2023-09-18 20:20:00,2023,9,18,20,20,75,75119,RUE DE CRIMEE,48.89525,2.37196,Nuit avec éclairage allumé,En agglomération,Intersection en X,Pluie légère,Deux véhicules - côté,4,3,4,0,1,1,2,0,1,30,2,2,1,0,0,1,37.0,46.0,deux_roues,voiture,5,2,2,2,3
202300012932,2023-09-18 20:20:00,2023,9,18,20,20,75,75119,RUE DE CRIMEE,48.89525,2.37196,Nuit avec éclairage allumé,En agglomération,Intersection en X,Pluie légère,Deux véhicules - côté,4,2,2,0,1,1,2,0,1,30,2,2,1,0,0,1,37.0,46.0,deux_roues,voiture,5,2,2,2,3
202300012933,2023-12-26 11:10:00,2023,12,26,11,10,973,97302,GRANT (CITE),4.94848,-52.30453,Plein jour,En agglomération,Hors intersection,Normale,Deux véhicules - frontale,4,2,2,0,2,2,1,0,1,50,2,2,1,0,0,1,36.0,67.0,voiture,voiture,1,2,1,1,1
202300012934,2023-03-18 12:42:00,2023,3,18,12,42,94,94076,99 Rue de Chevilly,48.78230686,2.35532874,Plein jour,En agglomération,Hors intersection,Normale,Autre collision,4,-1,1,0,1,1,1,0,1,50,1,2,1,0,0,1,22.0,,voiture,,1,2,1,1,6
202300012935,2023-09-17 22:30:00,2023,9,17,22,30,75,75119,AVENUE DE LA PORTE DE PANTIN,48.889879,2.396631,Nuit avec éclairage allumé,En agglomération,Intersection en X,Pluie légère,Deux véhicules - arrière,4,1,4,0,1,1,2,9,1,30,2,2,1,0,0,1,34.0,,deux_roues,voiture,5,2,2,2,2
202300012935,2023-09-17 22:30:00,2023,9,17,22,30,75,75119,AVENUE DE LA PORTE DE PANTIN,48.889879,2.396631,Nuit avec éclairage allumé,En agglomération,Intersection en X,Pluie légère,Deux véhicules - arrière,4,1, -1,-1,1,1,2,0,1,-1,2,2,1,0,0,1,34.0,,deux_roues,voiture,5,2,2,2,2
202300012936,2023-03-18 13:50:00,2023,3,18,13,50,94,94028,Rue René Arcos,48.777823,2.464735,Plein jour,En agglomération,Hors intersection,Normale,Deux véhicules - côté,4,3,4,0,1,1,1,0,8,50,2,2,1,0,0,1,28.0,30.0,voiture,deux_roues,1,2,1,1,3
202300012937,2023-12-26 00:20:00,2023,12,26,0,20,973,97302,LEBLOND (ROND POINT),4.92162285,-52.32992738,Nuit avec éclairage allumé,Hors agglomération,Hors intersection,Normale,Deux véhicules - côté,2,1,2,0,1,4,1,0,1,90,2,4,1,0,0,3,25.0,48.0,voiture,utilitaire_camion,5,1,1,1,3
202300012938,2023-09-18 08:40:00,2023,9,18,8,40,75,75118,RUE DE LA CHAPELLE,48.896612,2.3597574,Plein jour,En agglomération,Hors intersection,Temps couvert,Autre collision,4,2,4,0,1,1,1,8,1,30,1,2,1,0,0,1,20.0,,deux_roues,,1,2,1,8,6
202300012939,2023-03-18 19:32:00,2023,3,18,19,32,92,92073,WASHINGTON (BOULEVARD),48.87383,2.21762,Nuit avec éclairage allumé,En agglomération,Hors intersection,Pluie légère,Sans collision,3,3,2,0,2,2,2,0,2,50,1,1,0,0,0,1,17.0,,deux_roues,,5,2,1,2,7
202300012940,2023-09-18 08:00:00,2023,9,18,8,0,75,75118,BOULEVARD BARBES,48.883853,2.349473,Plein jour,En agglomération,Intersection en X,Normale,Deux véhicules - côté,4,2,4,3,1,1,1,0,1,30,2,3,2,0,0,1,31.0,61.0,deux_roues,voiture,1,2,2,1,3
202300012940,2023-09-18 08:00:00,2023,9,18,8,0,75,75118,BOULEVARD BARBES,48.883853,2.349473,Plein jour,En agglomération,Intersection en X,Normale,Deux véhicules - côté,4,1,2,1,1,1,1,0,1,30,2,3,2,0,0,1,31.0,61.0,deux_roues,voiture,1,2,2,1,3
202300012941,2023-03-18 20:35:00,2023,3,18,20,35,92,92049,DORMOY AVENUE MARX N°102 A FIN,48.81061192,2.30895415,Nuit avec éclairage allumé,En agglomération,Intersection en T,Normale,Deux véhicules - côté,3,2,2,0,1,1,1,0,1,50,2,2,1,0,0,1,44.0,29.0,voiture,deux_roues,5,2,3,1,3
202300012941,2023-03-18 20:35:00,2023,3,18,20,35,92,92049,DORMOY AVENUE MARX N°102 A FIN,48.81061192,2.30895415,Nuit avec éclairage allumé,En agglomération,Intersection en T,Normale,Deux véhicules - côté,3,1,1,0,1,1,1,0,1,50,2,2,1,0,0,1,44.0,29.0,voiture,deux_roues,5,2,3,1,3
202300012942,2023-12-25 21:23:00,2023,12,25,21,23,973,97302,BADUEL (ROUTE DE),4.92879,-52.29928,Nuit avec éclairage allumé,En agglomération,Autre intersection,Normale,Deux véhicules - côté,3,-1,2,0,1,1,1,0,1,50,2,2,1,0,0,1,21.0,21.0,deux_roues,voiture,5,2,9,1,3
202300012943,2023-09-18 17:05:00,2023,9,18,17,5,75,75117,AVENUE DES TERNES,48.878982,2.292772,Plein jour,En agglomération,Intersection en T,Pluie légère,Autre collision,4,3,2,0,1,1,2,0,1,30,1,2,1,0,0,1,60.0,,voiture,,1,2,3,2,6
202300012943,2023-09-18 17:05:00,2023,9,18,17,5,75,75117,AVENUE DES TERNES,48.878982,2.292772,Plein jour,En agglomération,Intersection en T,Pluie légère,Autre collision,4,1, -1,-1,1,1,2,0,1,30,1,2,1,0,0,1,60.0,,voiture,,1,2,3,2,6
202300012944,2023-03-18 14:00:00,2023,3,18,14,0,92,92044,LOUIS ROUQUIER(RUE)47A111 ET 50A104,48.891011,2.287358,Plein jour,En agglomération,Intersection en X,Normale,Autre collision,4,1,1,0,1,1,1,0,1,50,1,2,1,0,0,1,71.0,,utilitaire_camion,,1,2,2,1,6
202300012945,2023-12-25 19:57:00,2023,12,25,19,57,973,97302,FLAMBOYANTS (RUE DES),4.92579745,-52.31563926,Nuit avec éclairage allumé,En agglomération,Autre intersection,Normale,Autre collision,4,2,2,0,1,1,1,0,1,50,1,3,1,0,0,2,52.0,,utilitaire_camion,,5,2,9,1,6
202300012946,2023-09-17 13:30:00,2023,9,17,13,30,75,75116,QUAI SAINT EXUPERY,48.837837,2.265288,Plein jour,En agglomération,Hors intersection,Normale,Deux véhicules - côté,4,1,3,1,1,1,1,0,1,30,2,2,1,0,0,1,21.0,59.0,voiture,deux_roues,1,2,1,1,3
202300012947,2023-03-19 06:05:00,2023,3,19,6,5,80,80047,D20,50.025732,2.667103,Nuit sans éclairage public,Hors agglomération,Hors intersection,Brouillard / fumée,Autre collision,3,2,2,0,3,3,2,0,3,80,1,3,0,0,1,2,23.0,,voiture,,3,1,1,5,6
202300012948,2023-09-18 10:30:00,2023,9,18,10,30,75,75115,BOULEVARD LEFEBVRE,48.829718,2.295714,Plein jour,En agglomération,Intersection en X,Normale,Autre collision,4,1,2,0,1,1,1,0,1,50,1,2,1,0,0,1,85.0,,voiture,,1,2,2,1,6
202300012948,2023-09-18 10:30:00,2023,9,18,10,30,75,75115,BOULEVARD LEFEBVRE,48.829718,2.295714,Plein jour,En agglomération,Intersection en X,Normale,Autre collision,4,1, -1,-1,1,1,1,0,1,30,1,2,1,0,0,1,85.0,,voiture,,1,2,2,1,6
202300012949,2023-03-18 11:45:00,2023,3,18,11,45,2A,2A064,Route territoriale 40,41.843894,8.964565,Plein jour,Hors agglomération,Hors intersection,Normale,Deux véhicules - arrière,2,2,2,0,1,1,1,0,1,90,2,3,1,0,1,1,41.0,65.0,utilitaire_camion,voiture,1,1,1,1,2
202300012950,2023-12-26 12:40:00,2023,12,26,12,40,972,97209,EAUX DECOUPEES (CHEMIN DES),14.60806,-61.05515,Plein jour,Hors agglomération,Intersection en X,Normale,Autre collision,4,1,1,0,2,2,1,0,1,30,1,2,1,0,0,1,51.0,,voiture,,1,1,2,1,6
202300012950,2023-12-26 12:40:00,2023,12,26,12,40,972,97209,EAUX DECOUPEES (CHEMIN DES),14.60806,-61.05515,Plein jour,Hors agglomération,Intersection en X,Normale,Autre collision,4,-1, -1,-1,-1,-1,-1,-1,-1,-1,1,2,1,0,0,1,51.0,,voiture,,1,1,2,1,6
202300012951,2023-09-18 09:20:00,2023,9,18,9,20,75,75115,ESPLANADE HENRI DE FRANCE,48.838183,2.270645,Plein jour,En agglomération,Intersection en X,Normale,Trois véhicules et plus - collisions multiples,4,1,2,0,1,2,1,0,1,50,3,3,2,0,0,1,41.0,41.0,deux_roues,utilitaire_camion,1,2,2,1,5
202300012951,2023-09-18 09:20:00,2023,9,18,9,20,75,75115,ESPLANADE HENRI DE FRANCE,48.838183,2.270645,Plein jour,En agglomération,Intersection en X,Normale,Trois véhicules et plus - collisions multiples,4,1, -1,-1,1,3,1,0,1,30,3,3,2,0,0,1,41.0,41.0,deux_roues,utilitaire_camion,1,2,2,1,5
202300012952,2023-03-19 11:30:00,2023,3,19,11,30,42,42120,Route de Saint Jean,45.992167,3.996929,Plein jour,Hors agglomération,Intersection en X,Normale,Deux véhicules - côté,3,2,2,0,1,1,1,5,1,70,2,4,3,0,1,0,41.0,20.0,voiture,deux_roues,1,1,2,1,3
202300012952,2023-03-19 11:30:00,2023,3,19,11,30,42,42120,Route de Saint Jean,45.992167,3.996929,Plein jour,Hors agglomération,Intersection en X,Normale,Deux véhicules - côté,3,2,2,0,2,3,1,5,1,80,2,4,3,0,1,0,41.0,20.0,voiture,deux_roues,1,1,2,1,3
202300012953,2023-12-25 21:30:00,2023,12,25,21,30,972,97209,BISHOP (Avenue Maurice),14.61322433,-61.05248551,Nuit avec éclairage allumé,En agglomération,Hors intersection,Normale,Deux véhicules - frontale,2,3,0,0,1,1,1,0,1,50,2,3,1,0,1,1,38.0,,deux_roues,deux_roues,5,2,1,1,1
202300012954,2023-03-18 22:50:00,2023,3,18,22,50,31,31480,D18,43.545064,1.628879,Nuit sans éclairage public,Hors agglomération,Hors intersection,Pluie légère,Autre collision,3,2,2,0,1,1,2,0,3,80,1,1,0,0,1,0,28.0,,voiture,,3,1,1,2,6
202300012955,2023-09-18 13:30:00,2023,9,18,13,30,75,75111,BOULEVARD DE MENILMONTANT,48.858437,2.389436,Plein jour,En agglomération,Intersection en X,Normale,Deux véhicules - côté,4,3,4,1,1,2,1,0,1,30,2,2,1,0,0,1,50.0,42.0,deux_roues,voiture,1,2,2,1,3
202300012955,2023-09-18 13:30:00,2023,9,18,13,30,75,75111,BOULEVARD DE MENILMONTANT,48.858437,2.389436,Plein jour,En agglomération,Intersection en X,Normale,Deux véhicules - côté,4,1,1,1,2,1,1,0,1,30,2,2,1,0,0,1,50.0,42.0,deux_roues,voiture,1,2,2,1,3
202300012956,2023-12-26 20:10:00,2023,12,26,20,10,69,69202,Route de la Libération,45.72814,4.77894,Nuit avec éclairage allumé,En agglomération,Intersection en X,Normale,Autre collision,7,3,1,0,1,1,7,0,1,50,1,1,0,0,1,0,16.0,,deux_roues,,5,2,2,1,6