accident_id,datetime,annee,mois,jour,heure,minute,departement,commune_insee,adresse,latitude,longitude,luminosite,agglomeration,intersection,meteo,collision,catr,circ,nbv,vosp,prof,plan,surf,infra,situ,vma,nb_vehicules,nb_usagers,nb_indemnes,nb_tues,nb_blesses_hosp,nb_blesses_legers,age_cond_1,age_cond_2,veh_type_cond_1,veh_type_cond_2,lum_code,agg_code,int_code,atm_code,col_code
202300013110,2023-03-16 06:50:00,2023,3,16,6,50,971,97113,RN4 - SECTION RIVIERA,16.21768,-61.49367,Plein jour,Hors agglomération,Hors intersection,Normale,Deux véhicules - côté,2,2,3,0,1,1,1,0,1,70,2,2,1,0,0,1,36.0,54.0,voiture,voiture,1,1,1,1,3
202300013111,2023-03-17 17:35:00,2023,3,17,17,35,95,95680,Boulevard Salvador Allende,49.004034,2.392614,Plein jour,En agglomération,Hors intersection,Normale,Autre collision,4,2,2,0,1,1,1,0,1,50,1,2,1,0,0,1,40.0,,voiture,,1,2,1,1,6
202300013112,2023-09-15 17:50:00,2023,9,15,17,50,54,54197,Autoroute A 33,48.621356,6.189576,Plein jour,Hors agglomération,Hors intersection,Normale,Trois véhicules et plus - en chaîne,1,3, -1,0,2,3,1,3,6,90,3,4,1,0,0,3,52.0,36.0,voiture,voiture,1,1,1,1,4
202300013113,2023-03-17 09:00:00,2023,3,17,9,0,91,91421,REPUBLIQUE (AVENUE DE LA),48.699,2.469,Plein jour,En agglomération,Hors intersection,Normale,Autre collision,3,2,2,0,1,1,1,0,1,30,1,2,1,0,0,1,30.0,,deux_roues,,1,2,1,1,6
202300013114,2023-09-18 19:39:00,2023,9,18,19,39,33,33192,ROCADE A 630,44.78926,-0.61985,Plein jour,Hors agglomération,Hors intersection,Normale,Autre collision,1,3,6,0,1,3,2,3,1,70,2,3,0,0,0,3,33.0,49.0,voiture,utilitaire_camion,1,1,1,1,6
202300013115,2023-03-17 20:35:00,2023,3,17,20,35,91,91687,COMMANDANT BARRE (AVENUE DU),48.6603,2.3683,Nuit avec éclairage allumé,En agglomération,Intersection en T,Pluie forte,Deux véhicules - côté,4,2,2,0,1,1,2,0,1,50,2,2,1,0,0,1,26.0,28.0,deux_roues,utilitaire_camion,5,2,3,3,3
202300013115,2023-03-17 20:35:00,2023,3,17,20,35,91,91687,COMMANDANT BARRE (AVENUE DU),48.6603,2.3683,Nuit avec éclairage allumé,En agglomération,Intersection en T,Pluie forte,Deux véhicules - côté,4,2,2,0,1,1,2,0,1,50,2,2,1,0,0,1,26.0,28.0,deux_roues,utilitaire_camion,5,2,3,3,3
202300013116,2023-09-14 22:10:00,2023,9,14,22,10,59,59082,ROUTE NATIONALE 225,50.95953,2.40478,Nuit sans éclairage public,Hors agglomération,Hors intersection,Normale,Autre collision,2,3,4,0,1,1,1,0,1,110,1,2,1,1,0,0,25.0,,voiture,,3,1,1,1,6
202300013117,2023-03-16 16:35:00,2023,3,16,16,35,91,91433,MALADRERIE (RUE DE LA)     CD17,48.44925,2.18784,Plein jour,En agglomération,Hors intersection,Normale,Autre collision,3,2,2,0,1,1,1,0,1,50,1,2,1,0,0,1,57.0,,voiture,,1,2,1,1,6
202300013118,2023-09-15 18:05:00,2023,9,15,18,5,59,59124,AUTOROUTE A27,50.60408,3.27445,Plein jour,Hors agglomération,Hors intersection,Normale,Sans collision,1,3,4,0,1,1,1,0,3,110,1,1,0,1,0,0,18.0,,voiture,,1,1,1,1,7
202300013119,2023-03-17 19:00:00,2023,3,17,19,0,84,84035,VERDUN (AVENUE DE),43.83277,5.04035,Nuit avec éclairage allumé,En agglomération,Intersection en X,Normale,Deux véhicules - frontale,4,1,1,0,1,1,1,0,1,50,2,2,1,0,0,1,47.0,29.0,voiture,deux_roues,5,2,2,1,1
202300013119,2023-03-17 19:00:00,2023,3,17,19,0,84,84035,VERDUN (AVENUE DE),43.83277,5.04035,Nuit avec éclairage allumé,En agglomération,Intersection en X,Normale,Deux véhicules - frontale,4,2,3,0,1,1,1,0,1,50,2,2,1,0,0,1,47.0,29.0,voiture,deux_roues,5,2,2,1,1
202300013120,2023-09-18 08:49:00,2023,9,18,8,49,91,91345,AUTOROUTE A6,48.68994,2.32358,Plein jour,Hors agglomération,Hors intersection,Normale,Deux véhicules - côté,1,1,3,0,1,1,1,0,1,110,2,2,1,0,0,1,52.0,35.0,deux_roues,voiture,1,1,1,1,3
202300013121,2023-03-16 11:10:00,2023,3,16,11,10,78,78551,RN 184,48.93958,2.09586,Plein jour,Hors agglomération,Intersection en X,Normale,Deux véhicules - côté,2,2,4,0,1,1,1,0,1,70,2,2,0,0,0,2,45.0,44.0,voiture,voiture,1,1,2,1,3
202300013121,2023-03-16 11:10:00,2023,3,16,11,10,78,78551,RN 184,48.93958,2.09586,Plein jour,Hors agglomération,Intersection en X,Normale,Deux véhicules - côté,2,2,4,0,1,1,1,0,1,70,2,2,0,0,0,2,45.0,44.0,voiture,voiture,1,1,2,1,3
202300013122,2023-09-18 17:10:00,2023,9,18,17,10,92,92050,A86,48.91244562,2.21780957,Plein jour,Hors agglomération,Hors intersection,Pluie légère,Trois véhicules et plus - collisions multiples,1,1,3,0,1,1,2,0,1,90,4,4,3,0,1,0,31.0,57.0,voiture,voiture,1,1,1,2,5
202300013123,2023-03-15 06:00:00,2023,3,15,6,0,77,77373,RN 4,48.7731,2.61672,Nuit sans éclairage public,Hors agglomération,Hors intersection,Normale,Deux véhicules - côté,2,3,0,0,1,1,1,0,1,90,2,2,1,0,1,0,41.0,60.0,deux_roues,utilitaire_camion,3,1,1,1,3
202300013124,2023-09-17 18:00:00,2023,9,17,18,0,92,92036,A86,48.93615747,2.28919347,Plein jour,Hors agglomération,Hors intersection,Normale,Deux véhicules - arrière,1,-1,2,0,1,1,1,0,1,90,2,3,2,0,1,0,42.0,44.0,deux_roues,voiture,1,1,1,1,2
202300013125,2023-03-17 11:55:00,2023,3,17,11,55,77,77384,D57,48.60471,2.64618,Plein jour,Hors agglomération,Hors intersection,Normale,Deux véhicules - frontale,3,2,2,0,1,1,1,0,1,80,2,2,1,1,0,0,44.0,25.0,voiture,transport_commun,1,1,1,1,1
202300013126,2023-09-17 00:38:00,2023,9,17,0,38,92,92048,N118,48.80962829,2.21206164,Nuit sans éclairage public,Hors agglomération,Hors intersection,Normale,Deux véhicules - côté,2,3,6,0,3,2,1,0,1,90,2,3,2,0,0,1,25.0,23.0,voiture,deux_roues,3,1,1,1,3
202300013127,2023-09-16 17:00:00,2023,9,16,17,0,78,78321,RN12 INT,48.79855,1.915058,Plein jour,Hors agglomération,Hors intersection,Normale,Deux véhicules - arrière,2,3,3,0,1,1,1,0,1,110,2,4,1,0,1,2,41.0,63.0,voiture,voiture,1,1,1,1,2
202300013128,2023-09-18 18:00:00,2023,9,18,18,0,93,93063,AUTOROUTE A3,48.87391673,2.43718835,Plein jour,Hors agglomération,Hors intersection,Normale,Trois véhicules et plus - en chaîne,1,3,8,0,1,1,1,0,1,90,4,4,3,0,0,1,47.0,60.0,utilitaire_camion,voiture,1,1,1,1,4
202300013129,2023-03-17 19:00:00,2023,3,17,19,0,76,76157,Cote de Canteleu,49.44515,1.04208,Crépuscule ou aube,En agglomération,Intersection en T,Normale,Deux véhicules - côté,7,2,2,3,2,1,1,0,1,50,2,4,2,0,0,2,30.0,28.0,voiture,voiture,2,2,3,1,3
202300013129,2023-03-17 19:00:00,2023,3,17,19,0,76,76157,Cote de Canteleu,49.44515,1.04208,Crépuscule ou aube,En agglomération,Intersection en T,Normale,Deux véhicules - côté,7,2,2,0,1,1,1,0,1,50,2,4,2,0,0,2,30.0,28.0,voiture,voiture,2,2,3,1,3
202300013130,2023-09-18 08:00:00,2023,9,18,8,0,95,95582,A15,48.969467,2.250208,Plein jour,Hors agglomération,Hors intersection,Normale,Deux véhicules - arrière,1,3,6,0,1,1,1,0,1,90,2,2,1,0,0,1,38.0,54.0,deux_roues,voiture,1,1,1,1,2
202300013131,2023-03-16 16:25:00,2023,3,16,16,25,76,76351,GABRIEL PERI,49.4939,0.11834,Plein jour,En agglomération,Intersection en X,Normale,Deux véhicules - côté,4,1,1,1,1,1,1,0,1,50,2,2,1,0,0,1,17.0,42.0,deux_roues,voiture,1,2,2,1,3
202300013131,2023-03-16 16:25:00,2023,3,16,16,25,76,76351,GABRIEL PERI,49.4939,0.11834,Plein jour,En agglomération,Intersection en X,Normale,Deux véhicules - côté,4,1,1,0,1,1,1,0,1,50,2,2,1,0,0,1,17.0,42.0,deux_roues,voiture,1,2,2,1,3
202300013132,2023-09-18 08:30:00,2023,9,18,8,30,93,93008,AUTOROUTE A86,48.90844,2.45082,Plein jour,Hors agglomération,Hors intersection,Normale,Deux véhicules - côté,1,3,3,0,1,1,1,1,1,90,2,2,1,0,0,1,23.0,45.0,deux_roues,voiture,1,1,1,1,3
202300013133,2023-03-17 07:25:00,2023,3,17,7,25,72,72181,LOUIS BLANC (QUAI),48.0094,0.19557,Crépuscule ou aube,En agglomération,Giratoire,Normale,Deux véhicules - frontale,4,3,4,1,1,1,1,0,1,50,2,2,1,0,0,1,33.0,54.0,deux_roues,voiture,2,2,6,1,1
202300013133,2023-03-17 07:25:00,2023,3,17,7,25,72,72181,LOUIS BLANC (QUAI),48.0094,0.19557,Crépuscule ou aube,En agglomération,Giratoire,Normale,Deux véhicules - frontale,4,2,2,1,1,1,1,0,1,50,2,2,1,0,0,1,33.0,54.0,deux_roues,voiture,2,2,6,1,1
202300013134,2023-09-18 07:30:00,2023,9,18,7,30,93,93064,AUTOROUTE A86,48.88318367,2.47202095,Plein jour,Hors agglomération,Hors intersection,Normale,Deux véhicules - côté,1,3,2,0,1,1,1,0,1,90,2,2,1,0,0,1,51.0,42.0,utilitaire_camion,deux_roues,1,1,1,1,3
202300013135,2023-03-17 09:45:00,2023,3,17,9,45,71,71306,ALOUETTES (AVENUE DES),46.68313,4.36138,Plein jour,En agglomération,Hors intersection,Normale,Deux véhicules - arrière,4,2,2,0,1,1,1,0,1,50,2,3,2,0,0,1,86.0,56.0,voiture,voiture,1,2,1,1,2
202300013136,2023-09-17 03:30:00,2023,9,17,3,30,93,93027,AUTOROUTE A1,48.93399243,2.38993411,Nuit avec éclairage allumé,Hors agglomération,Autre intersection,Normale,Deux véhicules - arrière,1,3,10,0,1,1,1,0,1,110,2,5,2,0,0,3,19.0,,voiture,voiture,5,1,9,1,2
202300013137,2023-03-17 16:00:00,2023,3,17,16,0,69,69264,Avenue Saint-Exupery,45.99114,4.71345,Plein jour,En agglomération,Hors intersection,Normale,Autre collision,4,1,1,3,1,1,1,0,4,50,1,2,1,0,1,0,13.0,,deux_roues,,1,2,1,1,6
202300013138,2023-09-18 14:20:00,2023,9,18,14,20,77,77468,A104,48.85191141,2.66193581,Plein jour,Hors agglomération,Hors intersection,Normale,Deux véhicules - arrière,1,3,6,0,2,1,1,0,1,90,2,3,2,0,0,1,60.0,56.0,voiture,voiture,1,1,1,1,2
202300013139,2023-03-16 12:30:00,2023,3,16,12,30,67,67482,HAGUENAU (PLACE DE),48.59167,7.74142,Plein jour,En agglomération,Place,Normale,Deux véhicules - côté,4,1,3,1,1,2,1,5,1,50,2,2,1,0,1,0,21.0,53.0,voiture,voiture,1,2,7,1,3
202300013140,2023-09-18 10:00:00,2023,9,18,10,0,94,94017,A4,48.82953894,2.49806034,Plein jour,Hors agglomération,Hors intersection,Normale,Deux véhicules - côté,1,-1,4,0,1,1,1,0,1,90,2,2,1,0,0,1,38.0,33.0,voiture,deux_roues,1,1,1,1,3
202300013141,2023-03-16 18:42:00,2023,3,16,18,42,66,66136,,42.70775,2.88633,Crépuscule ou aube,En agglomération,Intersection en X,Normale,Deux véhicules - frontale,4,2,2,-1,1,1,1,5,8,-1,2,2,1,0,0,1,23.0,27.0,voiture,voiture,2,2,2,1,1
202300013141,2023-03-16 18:42:00,2023,3,16,18,42,66,66136,,42.70775,2.88633,Crépuscule ou aube,En agglomération,Intersection en X,Normale,Deux véhicules - frontale,4,2,4,0,1,1,1,0,1,50,2,2,1,0,0,1,23.0,27.0,voiture,voiture,2,2,2,1,1
202300013142,2023-09-17 22:20:00,2023,9,17,22,20,94,94028,A86 INT,48.78839103,2.44007985,Nuit sans éclairage public,Hors agglomération,Hors intersection,Pluie légère,Deux véhicules - arrière,1,1,3,0,1,1,2,0,1,90,2,2,1,0,0,1,43.0,36.0,deux_roues,voiture,3,1,1,2,2
202300013143,2023-03-16 13:20:00,2023,3,16,13,20,66,66136,,42.68242,2.85621,Plein jour,Hors agglomération,Hors intersection,Normale,Deux véhicules - arrière,3,3,2,0,1,1,1,0,1,90,2,2,1,0,0,1,63.0,53.0,utilitaire_camion,utilitaire_camion,1,1,1,1,2
202300013144,2023-06-22 19:15:00,2023,6,22,19,15,33,33318,Avenue Marc Desbats,44.80426,-0.62547,Plein jour,En agglomération,Giratoire,Temps éblouissant,Deux véhicules - côté,4,2,2,2,1,2,1,5,1,30,2,2,1,0,0,1,69.0,19.0,utilitaire_camion,deux_roues,1,2,6,7,3
202300013144,2023-06-22 19:15:00,2023,6,22,19,15,33,33318,Avenue Marc Desbats,44.80426,-0.62547,Plein jour,En agglomération,Giratoire,Temps éblouissant,Deux véhicules - côté,4,2,2,2,1,1,1,5,1,50,2,2,1,0,0,1,69.0,19.0,utilitaire_camion,deux_roues,1,2,6,7,3
202300013145,2023-03-16 07:51:00,2023,3,16,7,51,66,66136,,42.66252,2.92135,Crépuscule ou aube,Hors agglomération,Hors intersection,Normale,Trois véhicules et plus - en chaîne,3,3,4,0,1,1,1,0,1,90,3,3,2,0,0,1,20.0,29.0,voiture,voiture,2,1,1,1,4
202300013146,2023-05-30 17:45:00,2023,5,30,17,45,14,14011,2208 Route d'Anctoville,49.09436,-0.699164,Plein jour,Hors agglomération,Hors intersection,Normale,Autre collision,3,2,2,0,2,2,1,0,3,80,1,1,0,0,1,0,41.0,,voiture,,1,1,1,1,6
202300013147,2023-03-17 15:15:00,2023,3,17,15,15,64,64024,BAYONNE (AVENUE DE),43.4824,-1.50517,Plein jour,En agglomération,Intersection en T,Normale,Autre collision,4,1,1,0,1,1,1,0,6,30,1,2,1,0,0,1,46.0,,voiture,,1,2,3,1,6
202300013147,2023-03-17 15:15:00,2023,3,17,15,15,64,64024,BAYONNE (AVENUE DE),43.4824,-1.50517,Plein jour,En agglomération,Intersection en T,Normale,Autre collision,4,2,1,0,1,1,1,0,1,30,1,2,1,0,0,1,46.0,,voiture,,1,2,3,1,6
202300013148,2023-09-16 16:05:00,2023,9,16,16,5,976,97611,m'tsapere-Mosquée Maevantana (ruelle ),-12.78767,45.2186,Plein jour,En agglomération,Hors intersection,Pluie légère,Deux véhicules - côté,4,2, -1,-1,1,1,2,0,1,-1,2,3,2,0,0,1,38.0,54.0,deux_roues,voiture,1,2,1,2,3
202300013149,2023-03-17 10:58:00,2023,3,17,10,58,64,64140,FOIX (AV LOUIS DE),43.52574,-1.49385,Plein jour,En agglomération,Hors intersection,Normale,Sans collision,4,2,2,0,1,1,1,0,1,50,1,1,0,0,0,1,57.0,,deux_roues,,1,2,1,1,7
202300013150,2023-03-16 10:12:00,2023,3,16,10,12,63,63113,FONTGIEVE (RUE),45.78126336,3.07485491,Plein jour,En agglomération,Hors intersection,Normale,Deux véhicules - côté,4,2,2,0,1,1,1,0,1,30,2,2,1,0,0,1,66.0,29.0,voiture,deux_roues,1,2,1,1,3
202300013151,2023-09-17 02:30:00,2023,9,17,2,30,973,97302,BRASSE (LIEUTENANT),4.93585,-52.33455,Nuit avec éclairage allumé,En agglomération,Intersection en X,Normale,Deux véhicules - côté,4,1,1,0,1,1,1,0,1,50,2,5,3,0,0,2,43.0,34.0,voiture,voiture,5,2,2,1,3
202300013151,2023-09-17 02:30:00,2023,9,17,2,30,973,97302,BRASSE (LIEUTENANT),4.93585,-52.33455,Nuit avec éclairage allumé,En agglomération,Intersection en X,Normale,Deux véhicules - côté,4,1,1,0,1,1,1,0,1,50,2,5,3,0,0,2,43.0,34.0,voiture,voiture,5,2,2,1,3
202300013152,2023-03-17 16:00:00,2023,3,17,16,0,59,59599,GRAMME (CHAUSSEE),50.736983,3.168552,Plein jour,En agglomération,Hors intersection,Normale,Autre collision,7,2,4,0,1,1,1,0,1,50,1,2,1,0,0,1,25.0,,voiture,,1,2,1,1,6
202300013153,2023-09-16 18:50:00,2023,9,16,18,50,972,97213,ROUTE NATIONALE 1,14.63844,-60.97718,Nuit sans éclairage public,Hors agglomération,Hors intersection,Normale,Deux véhicules - arrière,2,1,2,0,1,1,1,0,1,90,2,7,5,0,0,2,21.0,49.0,voiture,voiture,3,1,1,1,2
202300013154,2023-03-17 16:45:00,2023,3,17,16,45,58,58194,COLBERT,46.99357,3.15949,Plein jour,En agglomération,Intersection en T,Normale,Deux véhicules - côté,4,1,1,0,1,1,1,0,1,50,2,3,2,0,0,1,18.0,87.0,deux_roues,voiture,1,2,3,1,3
202300013154,2023-03-17 16:45:00,2023,3,17,16,45,58,58194,COLBERT,46.99357,3.15949,Plein jour,En agglomération,Intersection en T,Normale,Deux véhicules - côté,4,2,2,0,1,1,1,0,1,50,2,3,2,0,0,1,18.0,87.0,deux_roues,voiture,1,2,3,1,3
202300013155,2023-09-17 15:45:00,2023,9,17,15,45,972,97209,SOLEIL LEVANT (BOULEVARD DU),14.61903,-61.03899,Plein jour,Hors agglomération,Hors intersection,Normale,Autre collision,3,1,4,0,2,2,1,0,1,50,1,2,1,0,0,1,41.0,,voiture,,1,1,1,1,6
202300013156,2023-03-16 21:45:00,2023,3,16,21,45,57,57672,VINGTIEME CORPS (BOULEVARD DU),49.3621,6.16304,Nuit avec éclairage allumé,En agglomération,Hors intersection,Normale,Autre collision,4,2,2,0,1,1,1,0,1,50,1,2,1,0,0,1,22.0,,voiture,,5,2,1,1,6
202300013157,2023-09-17 17:10:00,2023,9,17,17,10,69,69385,23 Quai de Bondy,45.76533439,4.82906325,Plein jour,En agglomération,Autre intersection,Normale,Deux véhicules - côté,4,1,1,1,1,1,1,0,5,30,2,2,1,0,0,1,58.0,48.0,deux_roues,voiture,1,2,9,1,3
202300013158,2023-03-17 22:11:00,2023,3,17,22,11,54,54304,QUATRE VENTS (AVENUE DES),48.6991,6.1366,Nuit avec éclairage allumé,En agglomération,Hors intersection,Pluie légère,Deux véhicules - frontale,4,2,2,0,2,4,2,0,1,50,2,3,0,0,0,3,59.0,26.0,voiture,voiture,5,2,1,2,1
202300013159,2023-09-17 17:13:00,2023,9,17,17,13,2B,2B033,AV DE LA LIBERATION,42.68489,9.445,Plein jour,En agglomération,Intersection en T,Normale,Deux véhicules - côté,4,2,2,0,2,1,1,2,1,50,2,2,1,0,0,1,20.0,40.0,deux_roues,voiture,1,2,3,1,3
202300013159,2023-09-17 17:13:00,2023,9,17,17,13,2B,2B033,AV DE LA LIBERATION,42.68489,9.445,Plein jour,En agglomération,Intersection en T,Normale,Deux véhicules - côté,4,2,2,0,1,1,1,0,1,50,2,2,1,0,0,1,20.0,40.0,deux_roues,voiture,1,2,3,1,3
202300013160,2023-03-17 19:40:00,2023,3,17,19,40,54,54395,STRASBOURG (AVENUE DE),48.67868,6.19733,Nuit avec éclairage allumé,En agglomération,Intersection en X,Normale,Deux véhicules - côté,4,1,1,0,1,1,1,0,1,30,2,2,1,0,0,1,59.0,37.0,deux_roues,voiture,5,2,2,1,3
202300013160,2023-03-17 19:40:00,2023,3,17,19,40,54,54395,STRASBOURG (AVENUE DE),48.67868,6.19733,Nuit avec éclairage allumé,En agglomération,Intersection en X,Normale,Deux véhicules - côté,4,2, -1,3,1,1,1,0,1,50,2,2,1,0,0,1,59.0,37.0,deux_roues,voiture,5,2,2,1,3
202300013161,2023-09-17 12:20:00,2023,9,17,12,20,971,97120,HANNE (BOULEVARD),16.23994,-61.53206,Plein jour,En agglomération,Intersection en X,Normale,Deux véhicules - côté,3,3,2,0,1,1,1,5,1,50,2,3,1,0,0,2,61.0,81.0,deux_roues,voiture,1,2,2,1,3
202300013161,2023-09-17 12:20:00,2023,9,17,12,20,971,97120,HANNE (BOULEVARD),16.23994,-61.53206,Plein jour,En agglomération,Intersection en X,Normale,Deux véhicules - côté,3,3,2,0,1,1,1,5,1,50,2,3,1,0,0,2,61.0,81.0,deux_roues,voiture,1,2,2,1,3
202300013162,2023-03-16 16:55:00,2023,3,16,16,55,54,54578,MALRAUX (AVENUE ANDRE),48.66965459,6.14806563,Plein jour,En agglomération,Intersection en T,Normale,Deux véhicules - arrière,4,2,2,0,1,1,1,0,1,30,2,5,4,0,1,0,25.0,77.0,voiture,voiture,1,2,3,1,2
202300013162,2023-03-16 16:55:00,2023,3,16,16,55,54,54578,MALRAUX (AVENUE ANDRE),48.66965459,6.14806563,Plein jour,En agglomération,Intersection en T,Normale,Deux véhicules - arrière,4,2, -1,-1,1,1,1,0,1,50,2,5,4,0,1,0,25.0,77.0,voiture,voiture,1,2,3,1,2
202300013163,2023-09-17 11:00:00,2023,9,17,11,0,971,97113,Section Port Blanc,16.22382,-61.4646,Plein jour,Hors agglomération,Hors intersection,Normale,Deux véhicules - côté,4,-1,2,0,1,1,1,0,1,70,2,5,0,0,0,5,41.0,55.0,voiture,voiture,1,1,1,1,3
202300013164,2023-03-15 07:51:00,2023,3,15,7,51,52,52121,ASHTON UNDER LYNE (AVENUE D'),48.09291,5.13704,Plein jour,En agglomération,Hors intersection,Normale,Deux véhicules - arrière,4,2,2,0,1,1,1,0,1,50,2,2,1,0,0,1,57.0,16.0,voiture,deux_roues,1,2,1,1,2
202300013165,2023-09-08 00:10:00,2023,9,8,0,10,971,97113,RN4 - SECTION RIVIERA,16.21844167,-61.50571883,Nuit avec éclairage allumé,Hors agglomération,Intersection en T,Normale,Deux véhicules - côté,2,2,2,0,1,1,1,0,1,70,2,3,2,0,0,1,30.0,36.0,voiture,voiture,5,1,3,1,3
202300013165,2023-09-08 00:10:00,2023,9,8,0,10,971,97113,RN4 - SECTION RIVIERA,16.21844167,-61.50571883,Nuit avec éclairage allumé,Hors agglomération,Intersection en T,Normale,Deux véhicules - côté,2,2,2,0,1,1,1,0,1,70,2,3,2,0,0,1,30.0,36.0,voiture,voiture,5,1,3,1,3
202300013166,2023-03-17 23:40:00,2023,3,17,23,40,51,51431,D40,49.01792,3.95019,Nuit sans éclairage public,Hors agglomération,Hors intersection,Normale,Sans collision,3,2,2,0,1,1,2,0,3,80,1,1,0,0,0,1,50.0,,voiture,,3,1,1,1,7
202300013167,2023-09-17 21:00:00,2023,9,17,21,0,77,77111,BD DU GRAND FOSSE,48.865931,2.764445,Nuit avec éclairage allumé,En agglomération,Hors intersection,Normale,Autre collision,4,1,2,0,1,2,1,5,1,50,1,3,2,0,0,1,,,voiture,,5,2,1,1,6
202300013168,2023-03-16 08:35:00,2023,3,16,8,35,50,50129,NORTHEIM (AVENUE DE),49.64348,-1.58077,Plein jour,En agglomération,Hors intersection,Normale,Trois véhicules et plus - collisions multiples,4,2,2,0,1,1,1,0,1,50,3,4,3,0,0,1,49.0,34.0,voiture,voiture,1,2,1,1,5
202300013169,2023-09-16 17:20:00,2023,9,16,17,20,77,77186,ANDRE MAGINOT (BOULEVARD),48.4076,2.6875,Plein jour,En agglomération,Hors intersection,Normale,Deux véhicules - côté,3,2,0,0,1,1,1,0,1,50,2,3,1,0,0,2,32.0,76.0,deux_roues,voiture,1,2,1,1,3
202300013170,2023-03-16 08:30:00,2023,3,16,8,30,50,50129,NORMANDIE (AVENUE DE),49.626973,-1.63658,Plein jour,En agglomération,Intersection en X,Pluie légère,Deux véhicules - arrière,4,3,4,0,1,1,2,8,1,50,2,2,1,0,1,0,55.0,,deux_roues,voiture,1,2,2,2,2
202300013170,2023-03-16 08:30:00,2023,3,16,8,30,50,50129,NORMANDIE (AVENUE DE),49.626973,-1.63658,Plein jour,En agglomération,Intersection en X,Pluie légère,Deux véhicules - arrière,4,2,2,0,1,1,2,8,1,50,2,2,1,0,1,0,55.0,,deux_roues,voiture,1,2,2,2,2
202300013171,2023-09-15 11:00:00,2023,9,15,11,0,68,68376,SAINT CLOUD (RUE DU),47.81126,7.3372,Plein jour,En agglomération,Hors intersection,Normale,Autre collision,6,-1, -1,0,1,1,1,9,8,-1,1,2,1,0,0,1,51.0,,deux_roues,,1,2,1,1,6
202300013172,2023-03-16 18:33:00,2023,3,16,18,33,49,49007,BEDIER BOULEVARD,47.45119,-0.54775,Plein jour,En agglomération,Hors intersection,Normale,Autre collision,4,2,4,0,1,1,1,0,1,-1,1,2,1,0,0,1,18.0,,voiture,,1,2,1,1,6
202300013173,2023-03-17 08:40:00,2023,3,17,8,40,45,45075,8 Rue d'Ingré,47.891646,1.840047,Plein jour,En agglomération,Hors intersection,Normale,Autre collision,4,2,2,0,1,1,1,0,1,30,1,2,1,0,0,1,40.0,,voiture,,1,2,1,1,6
202300013174,2023-09-17 20:28:00,2023,9,17,20,28,63,63164,PONT (RUE DU),45.8269,3.1411,Nuit avec éclairage allumé,En agglomération,Intersection en T,Normale,Deux véhicules - côté,7,2,2,0,1,1,1,0,1,50,2,2,1,0,0,1,31.0,18.0,voiture,deux_roues,5,2,3,1,3
202300013174,2023-09-17 20:28:00,2023,9,17,20,28,63,63164,PONT (RUE DU),45.8269,3.1411,Nuit avec éclairage allumé,En agglomération,Intersection en T,Normale,Deux véhicules - côté,7,2,2,1,1,1,1,0,1,50,2,2,1,0,0,1,31.0,18.0,voiture,deux_roues,5,2,3,1,3
202300013175,2023-03-17 11:00:00,2023,3,17,11,0,45,45004,69 Rue Marchais Muraille,47.99117,2.76907,Plein jour,En agglomération,Hors intersection,Normale,Autre collision,4,2,2,0,1,1,1,0,1,50,1,2,1,0,0,1,26.0,,voiture,,1,2,1,1,6
202300013176,2023-09-16 10:25:00,2023,9,16,10,25,62,62765,Avenue Charles de Gaulle,50.74421,2.25448,Plein jour,En agglomération,Hors intersection,Normale,Autre collision,4,2,2,0,1,1,1,0,1,50,1,2,1,0,0,1,,,voiture,,1,2,1,1,6
202300013177,2023-03-17 12:30:00,2023,3,17,12,30,38,38151,COURS JEAN JAURÈS,45.15012,5.70609,Plein jour,En agglomération,Hors intersection,Normale,Deux véhicules - frontale,7,2,6,1,1,1,1,0,1,30,2,2,1,0,0,1,51.0,21.0,voiture,deux_roues,1,2,1,1,1
202300013178,2023-09-17 21:35:00,2023,9,17,21,35,62,62083,Rue de Versailles,50.45384,2.6189,Nuit avec éclairage allumé,En agglomération,Intersection en X,Normale,Deux véhicules - côté,4,2,2,0,2,1,1,0,1,50,2,4,0,0,0,4,44.0,21.0,voiture,voiture,5,2,2,1,3
202300013178,2023-09-17 21:35:00,2023,9,17,21,35,62,62083,Rue de Versailles,50.45384,2.6189,Nuit avec éclairage allumé,En agglomération,Intersection en X,Normale,Deux véhicules - côté,4,2,2,0,1,1,1,0,1,50,2,4,0,0,0,4,44.0,21.0,voiture,voiture,5,2,2,1,3
202300013179,2023-03-17 10:00:00,2023,3,17,10,0,37,37214,DE GAULLE (BD CHARLES),47.42919,0.64879,Plein jour,En agglomération,Hors intersection,Normale,Trois véhicules et plus - en chaîne,3,1,3,2,1,1,1,0,1,50,3,3,1,0,0,2,35.0,40.0,voiture,utilitaire_camion,1,2,1,1,4
202300013180,2023-09-17 18:50:00,2023,9,17,18,50,62,62186,D166,50.4542,2.72103,Plein jour,En agglomération,Intersection en T,Temps couvert,Autre collision,3,2,2,0,1,1,1,0,1,50,2,2,1,0,0,1,,18.0,deux_roues,deux_roues,1,2,3,8,6
202300013180,2023-09-17 18:50:00,2023,9,17,18,50,62,62186,D166,50.4542,2.72103,Plein jour,En agglomération,Intersection en T,Temps couvert,Autre collision,3,2,0,0,1,1,1,0,1,50,2,2,1,0,0,1,,18.0,deux_roues,deux_roues,1,2,3,8,6
202300013181,2023-03-17 17:05:00,2023,3,17,17,5,35,35238,LIBERTE (BD DE LA),48.10741,-1.67785,Plein jour,En agglomération,Intersection en X,Normale,Deux véhicules - côté,4,2,2,0,1,1,1,0,1,30,2,3,2,0,0,1,30.0,59.0,voiture,transport_commun,1,2,2,1,3