accident_id,datetime,annee,mois,jour,heure,minute,departement,commune_insee,adresse,latitude,longitude,luminosite,agglomeration,intersection,meteo,collision,catr,circ,nbv,vosp,prof,plan,surf,infra,situ,vma,nb_vehicules,nb_usagers,nb_indemnes,nb_tues,nb_blesses_hosp,nb_blesses_legers,age_cond_1,age_cond_2,veh_type_cond_1,veh_type_cond_2,lum_code,agg_code,int_code,atm_code,col_code
202300013181,2023-03-17 17:05:00,2023,3,17,17,5,35,35238,LIBERTE (BD DE LA),48.10741,-1.67785,Plein jour,En agglomération,Intersection en X,Normale,Deux véhicules - côté,4,3,2,3,1,1,1,0,1,50,2,3,2,0,0,1,30.0,59.0,voiture,transport_commun,1,2,2,1,3
202300013182,2023-09-17 10:55:00,2023,9,17,10,55,62,62457,D86,50.44757,2.52965,Plein jour,En agglomération,Giratoire,Normale,Deux véhicules - côté,3,-1,2,0,1,1,1,5,1,30,2,2,1,0,0,1,75.0,57.0,voiture,deux_roues,1,2,6,1,3
202300013182,2023-09-17 10:55:00,2023,9,17,10,55,62,62457,D86,50.44757,2.52965,Plein jour,En agglomération,Giratoire,Normale,Deux véhicules - côté,3,2,2,0,2,1,1,0,1,30,2,2,1,0,0,1,75.0,57.0,voiture,deux_roues,1,2,6,1,3
202300013183,2023-09-16 21:30:00,2023,9,16,21,30,62,62643,Rue des Peupliers,50.70007,1.5868,Nuit avec éclairage allumé,En agglomération,Hors intersection,Normale,Deux véhicules - frontale,4,2,2,0,1,3,1,0,1,50,2,3,2,0,0,1,30.0,,deux_roues,voiture,5,2,1,1,1
202300013184,2023-03-18 01:50:00,2023,3,18,1,50,33,33063,Rue Yves Glotin,44.89243454,-0.54691046,Nuit avec éclairage allumé,En agglomération,Hors intersection,Pluie légère,Autre collision,4,2,2,0,1,2,2,0,4,50,1,2,1,0,0,1,49.0,,voiture,,5,2,1,2,6
202300013185,2023-03-17 23:25:00,2023,3,17,23,25,33,33063,Rue du Tondu,44.8292,-0.58727,Nuit avec éclairage allumé,En agglomération,Hors intersection,Pluie légère,Autre collision,4,1,1,0,1,1,2,0,4,30,1,2,1,0,0,1,45.0,,voiture,,5,2,1,2,6
202300013186,2023-09-15 15:30:00,2023,9,15,15,30,60,60057,Rue des Déportés,49.42506,2.07185,Plein jour,En agglomération,Hors intersection,Normale,Deux véhicules - côté,4,1,1,0,2,1,1,9,4,50,2,2,1,0,0,1,42.0,52.0,deux_roues,deux_roues,1,2,1,1,3
202300013187,2023-03-17 08:40:00,2023,3,17,8,40,33,33522,Chemin de Leysotte,44.80081,-0.57595,Plein jour,En agglomération,Hors intersection,Normale,Deux véhicules - côté,4,2,2,0,1,1,1,0,1,30,2,2,1,0,0,1,36.0,23.0,deux_roues,voiture,1,2,1,1,3
202300013188,2023-09-17 19:20:00,2023,9,17,19,20,59,59350,DOREZ BARTHELEMY PLACE,50.61813,3.04948,Plein jour,En agglomération,Hors intersection,Normale,Deux véhicules - côté,7,1,1,0,1,1,1,0,1,50,2,2,1,0,0,1,18.0,18.0,voiture,deux_roues,1,2,1,1,3
202300013189,2023-03-17 03:45:00,2023,3,17,3,45,33,33550,Avenue Maréchal de Lattre de Tassigny,44.77693,-0.55346,Nuit sans éclairage public,En agglomération,Hors intersection,Normale,Autre collision,4,2,2,0,1,3,1,0,3,50,1,2,1,0,1,0,31.0,,voiture,,3,2,1,1,6
202300013190,2023-09-17 17:15:00,2023,9,17,17,15,58,58194,DOCKS,46.99315,3.14885,Plein jour,En agglomération,Autre intersection,Normale,Deux véhicules - arrière,4,2,2,0,1,1,1,0,1,50,2,2,1,0,0,1,41.0,90.0,deux_roues,voiture,1,2,9,1,2
202300013191,2023-09-17 12:05:00,2023,9,17,12,5,42,42207,Boulevard de la Grande Terre,45.47721,4.53669,Plein jour,En agglomération,Autre intersection,Normale,Deux véhicules - côté,4,2,2,0,1,1,1,5,1,50,2,2,1,0,1,0,71.0,25.0,deux_roues,voiture,1,2,9,1,3
202300013191,2023-09-17 12:05:00,2023,9,17,12,5,42,42207,Boulevard de la Grande Terre,45.47721,4.53669,Plein jour,En agglomération,Autre intersection,Normale,Deux véhicules - côté,4,2,2,0,1,1,1,5,1,50,2,2,1,0,1,0,71.0,25.0,deux_roues,voiture,1,2,9,1,3
202300013192,2023-03-17 11:30:00,2023,3,17,11,30,31,31555,BD SILVIO TRENTIN,43.62689,1.43355,Plein jour,En agglomération,Hors intersection,Normale,Deux véhicules - côté,4,3,1,1,1,1,1,6,1,30,2,3,2,0,0,1,,93.0,autre,voiture,1,2,1,1,3
202300013193,2023-09-17 22:45:00,2023,9,17,22,45,35,35238,VALLES (JULES),48.10501447,-1.70815408,Nuit avec éclairage allumé,En agglomération,Giratoire,Normale,Deux véhicules - côté,4,2,2,2,1,1,1,0,1,30,2,2,1,0,0,1,20.0,73.0,deux_roues,voiture,5,2,6,1,3
202300013193,2023-09-17 22:45:00,2023,9,17,22,45,35,35238,VALLES (JULES),48.10501447,-1.70815408,Nuit avec éclairage allumé,En agglomération,Giratoire,Normale,Deux véhicules - côté,4,2,2,2,1,2,1,0,1,30,2,2,1,0,0,1,20.0,73.0,deux_roues,voiture,5,2,6,1,3
202300013194,2023-03-16 10:40:00,2023,3,16,10,40,31,31555,Chemin des Etroits,43.54742315,1.43928409,Plein jour,En agglomération,Hors intersection,Normale,Deux véhicules - arrière,7,2,4,0,1,1,1,0,1,50,2,2,1,0,1,0,36.0,38.0,voiture,deux_roues,1,2,1,1,2
202300013195,2023-09-17 11:15:00,2023,9,17,11,15,35,35238,,48.08261855,-1.69690222,Plein jour,Hors agglomération,Hors intersection,Normale,Sans collision,3,3,4,0,2,3,2,0,1,90,1,1,0,0,0,1,35.0,,deux_roues,,1,1,1,1,7
202300013196,2023-03-16 07:55:00,2023,3,16,7,55,31,31555,AV DE RANGUEIL,43.5696,1.46486,Crépuscule ou aube,En agglomération,Hors intersection,Normale,Autre collision,4,2,2,0,1,1,1,0,1,30,1,2,0,0,0,2,23.0,,voiture,,2,2,1,1,6
202300013197,2023-09-17 02:10:00,2023,9,17,2,10,33,33529,CHENES VERTS (AVE DES),44.63423,-1.19372,Nuit avec éclairage allumé,En agglomération,Hors intersection,Normale,Autre collision,4,2,2,0,2,2,1,0,3,50,1,5,1,0,1,3,21.0,,voiture,,5,2,1,1,6
202300013198,2023-03-17 13:30:00,2023,3,17,13,30,26,26198,Rue Roland Barthes,44.54618,4.73202,Plein jour,En agglomération,Hors intersection,Normale,Autre collision,4,2,2,0,1,1,1,0,1,50,1,2,1,0,0,1,59.0,,utilitaire_camion,,1,2,1,1,6
202300013199,2023-09-17 10:30:00,2023,9,17,10,30,31,31555,LARDENNE (AV DE) DU 1AU 84,43.59215,1.39964,Plein jour,En agglomération,Hors intersection,Normale,Deux véhicules - côté,4,2,3,0,1,1,1,5,1,50,2,2,1,0,1,0,43.0,24.0,voiture,deux_roues,1,2,1,1,3
202300013200,2023-03-16 13:30:00,2023,3,16,13,30,19,19031,PASTEUR (AVENUE),45.16769693,1.53144479,Plein jour,En agglomération,Intersection en X,Normale,Deux véhicules - arrière,4,2,2,0,1,1,1,0,1,50,2,2,1,0,0,1,30.0,70.0,deux_roues,voiture,1,2,2,1,2
202300013200,2023-03-16 13:30:00,2023,3,16,13,30,19,19031,PASTEUR (AVENUE),45.16769693,1.53144479,Plein jour,En agglomération,Intersection en X,Normale,Deux véhicules - arrière,4,2,2,0,1,1,1,0,1,50,2,2,1,0,0,1,30.0,70.0,deux_roues,voiture,1,2,2,1,2
202300013201,2023-09-17 04:50:00,2023,9,17,4,50,29,29232,Rond-Point de Koad Bili,48.03159,-4.08393,Nuit sans éclairage public,Hors agglomération,Autre intersection,Normale,Autre collision,2,1,1,0,1,3,1,3,3,50,1,2,1,0,0,1,77.0,,voiture,,3,1,9,1,6
202300013202,2023-03-17 16:40:00,2023,3,17,16,40,17,17415,JEAN RUE DU DOCTEUR,45.73714,-0.615243,Plein jour,En agglomération,Hors intersection,Normale,Deux véhicules - côté,3,2,2,0,1,1,1,0,1,50,2,2,1,0,1,0,32.0,36.0,deux_roues,voiture,1,2,1,1,3
202300013203,2023-09-17 19:38:00,2023,9,17,19,38,28,28404,NUISEMENT (RUE DE),48.71866,1.37556,Crépuscule ou aube,En agglomération,Giratoire,Normale,Deux véhicules - côté,4,2,2,0,1,1,1,0,1,50,2,3,2,0,0,1,19.0,18.0,voiture,voiture,2,2,6,1,3
202300013204,2023-03-15 13:50:00,2023,3,15,13,50,14,14366,2 Boulevard Sainte Anne,49.143703,0.22903,Plein jour,En agglomération,Giratoire,Normale,Deux véhicules - côté,4,1,2,0,1,1,1,5,1,50,2,2,1,0,0,1,44.0,69.0,deux_roues,voiture,1,2,6,1,3
202300013204,2023-03-15 13:50:00,2023,3,15,13,50,14,14366,2 Boulevard Sainte Anne,49.143703,0.22903,Plein jour,En agglomération,Giratoire,Normale,Deux véhicules - côté,4,2,2,0,2,1,1,0,1,50,2,2,1,0,0,1,44.0,69.0,deux_roues,voiture,1,2,6,1,3
202300013205,2023-09-17 20:35:00,2023,9,17,20,35,25,25388,BOIS BOURGEOIS (RUE DU),47.5129,6.78897,Nuit avec éclairage allumé,En agglomération,Hors intersection,Normale,Autre collision,4,2,2,0,2,2,1,0,1,50,1,1,0,0,0,1,34.0,,voiture,,5,2,1,1,6
202300013206,2023-03-17 17:21:00,2023,3,17,17,21,14,14327,Le Grand Parc,49.19798,-0.33333,Plein jour,En agglomération,Giratoire,Normale,Deux véhicules - côté,4,4, -1,1,1,2,2,5,1,50,2,2,1,0,1,0,68.0,34.0,voiture,deux_roues,1,2,6,1,3
202300013206,2023-03-17 17:21:00,2023,3,17,17,21,14,14327,Le Grand Parc,49.19798,-0.33333,Plein jour,En agglomération,Giratoire,Normale,Deux véhicules - côté,4,4,2,1,1,2,2,5,1,50,2,2,1,0,1,0,68.0,34.0,voiture,deux_roues,1,2,6,1,3
202300013207,2023-09-17 09:30:00,2023,9,17,9,30,16,16015,BORDEAUX (ROUTE DE N° IMPAIRS),45.64316,0.13622,Plein jour,En agglomération,Giratoire,Normale,Deux véhicules - arrière,4,2,2,0,1,1,1,5,1,50,2,2,1,0,0,1,,17.0,voiture,deux_roues,1,2,6,1,2
202300013207,2023-09-17 09:30:00,2023,9,17,9,30,16,16015,BORDEAUX (ROUTE DE N° IMPAIRS),45.64316,0.13622,Plein jour,En agglomération,Giratoire,Normale,Deux véhicules - arrière,4,3, -1,-1,1,1,1,5,1,-1,2,2,1,0,0,1,,17.0,voiture,deux_roues,1,2,6,1,2
202300013208,2023-03-17 20:30:00,2023,3,17,20,30,13,13106,8 MAI 1945 (AVENUE DU),43.39025,5.36273,Nuit avec éclairage allumé,En agglomération,Intersection en T,Normale,Deux véhicules - côté,4,2,2,0,1,1,1,0,1,50,2,3,2,0,0,1,18.0,27.0,deux_roues,voiture,5,2,3,1,3
202300013208,2023-03-17 20:30:00,2023,3,17,20,30,13,13106,8 MAI 1945 (AVENUE DU),43.39025,5.36273,Nuit avec éclairage allumé,En agglomération,Intersection en T,Normale,Deux véhicules - côté,4,2, -1,-1,1,1,1,0,1,-1,2,3,2,0,0,1,18.0,27.0,deux_roues,voiture,5,2,3,1,3
202300013209,2023-09-17 13:50:00,2023,9,17,13,50,13,13212,CAMPANULES (CHEMIN DES),43.30041988,5.44842219,Plein jour,En agglomération,Hors intersection,Normale,Deux véhicules - frontale,4,-1,1,0,1,1,1,0,1,50,2,2,1,0,0,1,30.0,16.0,voiture,deux_roues,1,2,1,1,1
202300013210,2023-02-13 13:40:00,2023,2,13,13,40,13,13039,VENTILLON (zone du),43.47797003,4.90643779,Plein jour,Hors agglomération,Hors intersection,Normale,Deux véhicules - arrière,4,2,2,0,1,1,1,0,3,50,2,3,2,0,0,1,32.0,28.0,voiture,utilitaire_camion,1,1,1,1,2
202300013211,2023-09-15 08:00:00,2023,9,15,8,0,13,13028,DULAC (AVENUE GUILLAUME),43.20145,5.62255,Plein jour,En agglomération,Hors intersection,Normale,Deux véhicules - arrière,4,2,2,0,1,1,1,0,1,50,2,2,1,0,1,0,16.0,71.0,deux_roues,voiture,1,2,1,1,2
202300013212,2023-03-17 19:10:00,2023,3,17,19,10,13,13208,MENDES FRANCE (AVENUE),43.25569928,5.37651984,Crépuscule ou aube,En agglomération,Hors intersection,Normale,Deux véhicules - côté,4,2,4,0,1,1,1,0,1,50,2,3,2,0,1,0,21.0,52.0,voiture,deux_roues,2,2,1,1,3
202300013213,2023-09-17 12:30:00,2023,9,17,12,30,07,07281,C.D.533,44.93669,4.81979,Plein jour,Hors agglomération,Hors intersection,Normale,Sans collision,3,2,2,0,2,3,1,0,3,90,1,2,1,0,0,1,22.0,,deux_roues,,1,1,1,1,7
202300013214,2023-03-17 15:15:00,2023,3,17,15,15,13,13201,CANEBIERE    81 A FIN,43.29891,5.38499,Plein jour,En agglomération,Hors intersection,Normale,Deux véhicules - côté,4,1,3,1,2,1,1,0,1,50,2,2,1,0,0,1,38.0,36.0,deux_roues,utilitaire_camion,1,2,1,1,3
202300013215,2023-09-17 12:00:00,2023,9,17,12,0,75,75120,PORTE DES LILAS,48.874745,2.410543,Plein jour,En agglomération,Hors intersection,Normale,Deux véhicules - arrière,4,1,4,0,1,1,1,1,1,70,2,2,1,0,0,1,38.0,54.0,deux_roues,voiture,1,2,1,1,2
202300013216,2023-03-17 13:30:00,2023,3,17,13,30,13,13211,JEAN LOMBARD (AVENUE),43.289,5.432,Plein jour,En agglomération,Hors intersection,Normale,Trois véhicules et plus - en chaîne,4,2,5,0,1,1,1,0,1,50,3,3,2,0,0,1,58.0,32.0,deux_roues,utilitaire_camion,1,2,1,1,4
202300013217,2023-09-16 13:25:00,2023,9,16,13,25,75,75120,PORTE DES LILAS,48.873182,2.411905,Plein jour,En agglomération,Hors intersection,Normale,Deux véhicules - arrière,4,1,4,0,1,1,1,1,1,70,2,2,1,0,0,1,27.0,26.0,voiture,deux_roues,1,2,1,1,2
202300013218,2023-03-17 08:00:00,2023,3,17,8,0,11,11069,500 Boulevard Denis Papin,43.207735,2.318123,Plein jour,En agglomération,Autre intersection,Vent fort / tempête,Deux véhicules - côté,4,1,2,0,1,2,1,0,1,50,2,2,1,0,0,1,37.0,37.0,deux_roues,voiture,1,2,9,6,3
202300013219,2023-09-17 17:20:00,2023,9,17,17,20,75,75120,RUE DES PYRENEES,48.855745,2.405169,Plein jour,En agglomération,Hors intersection,Normale,Autre collision,4,2,2,1,1,1,1,0,1,30,1,2,1,0,0,1,32.0,,transport_commun,,1,2,1,1,6
202300013220,2023-03-17 04:20:00,2023,3,17,4,20,11,11069,2 Chemin de Saint Salvy,43.22444,2.34562,Nuit avec éclairage allumé,En agglomération,Intersection en X,Normale,Autre collision,4,2,2,-1,1,1,1,0,1,-1,1,1,0,0,0,1,29.0,,voiture,,5,2,2,1,6
202300013220,2023-03-17 04:20:00,2023,3,17,4,20,11,11069,2 Chemin de Saint Salvy,43.22444,2.34562,Nuit avec éclairage allumé,En agglomération,Intersection en X,Normale,Autre collision,4,2,2,0,1,1,1,0,1,50,1,1,0,0,0,1,29.0,,voiture,,5,2,2,1,6
202300013221,2023-09-17 01:20:00,2023,9,17,1,20,75,75120,AVENUE GAMBETTA,48.863478,2.389827,Nuit avec éclairage allumé,En agglomération,Hors intersection,Normale,Deux véhicules - côté,4,2,3,1,2,1,1,0,5,30,2,2,1,0,0,1,,35.0,voiture,deux_roues,5,2,1,1,3
202300013222,2023-03-16 22:35:00,2023,3,16,22,35,11,11069,4 Boulevard Barbès,43.21023536,2.35238314,Nuit avec éclairage allumé,En agglomération,Hors intersection,Normale,Autre collision,4,1,2,0,1,3,1,0,1,50,1,1,0,0,0,1,20.0,,voiture,,5,2,1,1,6
202300013223,2023-09-17 16:45:00,2023,9,17,16,45,75,75114,RUE DE L OUEST,48.833715,2.31498,Plein jour,En agglomération,Intersection en X,Normale,Autre collision,4,1, -1,-1,1,1,1,0,1,-1,1,2,1,0,0,1,50.0,,deux_roues,,1,2,2,1,6
202300013223,2023-09-17 16:45:00,2023,9,17,16,45,75,75114,RUE DE L OUEST,48.833715,2.31498,Plein jour,En agglomération,Intersection en X,Normale,Autre collision,4,1,1,1,1,1,1,0,1,30,1,2,1,0,0,1,50.0,,deux_roues,,1,2,2,1,6
202300013224,2023-03-17 19:30:00,2023,3,17,19,30,10,10387,Cours Jacquin,48.30396,4.07939,Nuit avec éclairage allumé,En agglomération,Hors intersection,Normale,Deux véhicules - arrière,4,-1,2,0,1,1,1,0,1,50,2,5,4,0,0,1,19.0,69.0,voiture,voiture,5,2,1,1,2
202300013225,2023-09-16 22:35:00,2023,9,16,22,35,75,75113,AVENUE D ITALIE,48.827386,2.356889,Nuit avec éclairage allumé,En agglomération,Intersection en T,Normale,Deux véhicules - côté,4,2,6,1,2,1,1,0,1,30,2,2,1,0,0,1,,26.0,deux_roues,deux_roues,5,2,3,1,3
202300013225,2023-09-16 22:35:00,2023,9,16,22,35,75,75113,AVENUE D ITALIE,48.827386,2.356889,Nuit avec éclairage allumé,En agglomération,Intersection en T,Normale,Deux véhicules - côté,4,1,1,0,1,1,1,0,1,30,2,2,1,0,0,1,,26.0,deux_roues,deux_roues,5,2,3,1,3
202300013226,2023-03-17 13:58:00,2023,3,17,13,58,10,10325,BERTHELIN DE ROSIERES (RUE),48.26076,4.06373,Plein jour,En agglomération,Intersection en X,Normale,Deux véhicules - côté,4,2,2,0,1,1,1,0,1,50,2,2,1,0,1,0,59.0,41.0,deux_roues,voiture,1,2,2,1,3
202300013226,2023-03-17 13:58:00,2023,3,17,13,58,10,10325,BERTHELIN DE ROSIERES (RUE),48.26076,4.06373,Plein jour,En agglomération,Intersection en X,Normale,Deux véhicules - côté,4,2,0,0,1,1,1,0,1,50,2,2,1,0,1,0,59.0,41.0,deux_roues,voiture,1,2,2,1,3
202300013227,2023-09-17 09:30:00,2023,9,17,9,30,75,75112,ROUTE DE LA PYRAMIDE,48.831044,2.448881,Plein jour,En agglomération,Hors intersection,Normale,Deux véhicules - côté,4,2,2,1,1,1,1,0,5,30,2,2,1,0,0,1,55.0,62.0,deux_roues,voiture,1,2,1,1,3
202300013228,2023-03-16 14:15:00,2023,3,16,14,15,10,10333,,48.28393,4.0398,Plein jour,Hors agglomération,Autre intersection,Normale,Deux véhicules - côté,3,1,2,0,1,1,1,0,1,110,2,2,1,0,0,1,25.0,61.0,voiture,voiture,1,1,9,1,3
202300013229,2023-09-16 21:55:00,2023,9,16,21,55,75,75110,RUE DE SAINT QUENTIN,48.878984,2.355784,Nuit avec éclairage allumé,En agglomération,Intersection en X,Normale,Deux véhicules - frontale,4,2, -1,0,1,1,1,0,1,30,2,2,1,0,0,1,31.0,44.0,voiture,voiture,5,2,2,1,1
202300013229,2023-09-16 21:55:00,2023,9,16,21,55,75,75110,RUE DE SAINT QUENTIN,48.878984,2.355784,Nuit avec éclairage allumé,En agglomération,Intersection en X,Normale,Deux véhicules - frontale,4,1, -1,0,1,1,1,0,1,30,2,2,1,0,0,1,31.0,44.0,voiture,voiture,5,2,2,1,1
202300013230,2023-03-16 12:41:00,2023,3,16,12,41,10,10357,HENRI BARBUSSE (RUE),48.29958017,4.11137044,Plein jour,En agglomération,Intersection en X,Normale,Deux véhicules - côté,3,2,3,2,2,1,1,0,1,50,2,3,2,0,0,1,38.0,29.0,voiture,voiture,1,2,2,1,3
202300013230,2023-03-16 12:41:00,2023,3,16,12,41,10,10357,HENRI BARBUSSE (RUE),48.29958017,4.11137044,Plein jour,En agglomération,Intersection en X,Normale,Deux véhicules - côté,3,2,2,0,1,1,1,0,1,50,2,3,2,0,0,1,38.0,29.0,voiture,voiture,1,2,2,1,3
202300013231,2023-09-17 01:30:00,2023,9,17,1,30,75,75107,QUAI D ORSAY,48.862826,2.313466,Nuit avec éclairage allumé,En agglomération,Intersection en X,Normale,Autre collision,4,2, -1,-1,1,1,1,2,1,-1,1,2,1,0,1,0,58.0,,deux_roues,,5,2,2,1,6
202300013231,2023-09-17 01:30:00,2023,9,17,1,30,75,75107,QUAI D ORSAY,48.862826,2.313466,Nuit avec éclairage allumé,En agglomération,Intersection en X,Normale,Autre collision,4,2,3,1,1,1,1,0,1,30,1,2,1,0,1,0,58.0,,deux_roues,,5,2,2,1,6
202300013232,2023-03-17 17:16:00,2023,3,17,17,16,06,06088,VAUBAN (R. MARECHAL),43.70041,7.28643,Plein jour,En agglomération,Hors intersection,Normale,Autre collision,4,1,1,0,1,1,1,0,1,30,1,2,1,0,1,0,44.0,,voiture,,1,2,1,1,6
202300013233,2023-09-17 16:45:00,2023,9,17,16,45,75,75107,PORT DE LA BOURDONNAIS,48.861022,2.29487,Plein jour,En agglomération,Hors intersection,Normale,Sans collision,4,2,1,0,1,1,1,0,1,30,1,1,0,0,0,1,15.0,,deux_roues,,1,2,1,1,7
202300013234,2023-03-17 16:00:00,2023,3,17,16,0,06,06159,ALBERT 1ER (AVENUE),43.7058,7.3107,Plein jour,En agglomération,Autre intersection,Normale,Autre collision,4,2,2,0,1,1,1,9,8,50,1,2,0,0,0,2,18.0,,deux_roues,,1,2,9,1,6
202300013235,2023-09-16 02:15:00,2023,9,16,2,15,75,75104,PLACE DE LA BASTILLE,48.85293,2.368507,Nuit avec éclairage allumé,En agglomération,Place,Normale,Autre collision,4,3,4,0,1,1,1,0,5,30,1,2,1,0,1,0,,,voiture,,5,2,7,1,6
202300013236,2023-03-17 07:48:00,2023,3,17,7,48,06,06069,SEMARD - LA GARE (AVENUE PIERRE),43.654958,6.9274,Plein jour,En agglomération,Hors intersection,Normale,Deux véhicules - côté,3,2,1,0,2,1,1,0,1,50,2,2,1,0,0,1,47.0,36.0,voiture,deux_roues,1,2,1,1,3
202300013237,2023-03-17 09:30:00,2023,3,17,9,30,06,06004,ESTEREL AV.DE L',43.5702,7.10972,Plein jour,En agglomération,Intersection en Y,Normale,Autre collision,4,1,1,0,2,1,1,0,1,50,1,3,1,0,2,0,,,voiture,,1,2,4,1,6
202300013237,2023-03-17 09:30:00,2023,3,17,9,30,06,06004,ESTEREL AV.DE L',43.5702,7.10972,Plein jour,En agglomération,Intersection en Y,Normale,Autre collision,4,1,1,0,1,1,1,0,1,50,1,3,1,0,2,0,,,voiture,,1,2,4,1,6
202300013238,2023-09-17 00:50:00,2023,9,17,0,50,94,94074,Avenue Henri Barbusse,48.7646,2.44185,Nuit avec éclairage allumé,En agglomération,Intersection en T,Normale,Trois véhicules et plus - collisions multiples,2,3,0,0,1,1,1,0,1,50,4,7,1,0,1,5,38.0,28.0,voiture,voiture,5,2,3,1,5
202300013238,2023-09-17 00:50:00,2023,9,17,0,50,94,94074,Avenue Henri Barbusse,48.7646,2.44185,Nuit avec éclairage allumé,En agglomération,Intersection en T,Normale,Trois véhicules et plus - collisions multiples,2,1, -1,0,1,1,1,0,1,-1,4,7,1,0,1,5,38.0,28.0,voiture,voiture,5,2,3,1,5
202300013239,2023-03-16 18:10:00,2023,3,16,18,10,75,75116,PORTE D AUTEUIL,48.850649,2.252218,Nuit avec éclairage allumé,En agglomération,Hors intersection,Normale,Deux véhicules - côté,4,1,4,0,1,1,1,0,1,70,2,2,1,0,0,1,25.0,26.0,voiture,deux_roues,5,2,1,1,3
202300013240,2023-09-17 18:30:00,2023,9,17,18,30,94,94043,Avenue de Fontainebleau,48.81133104,2.36197861,Plein jour,En agglomération,Hors intersection,Normale,Deux véhicules - côté,3,2,4,3,1,1,1,0,1,50,2,3,1,0,0,2,29.0,23.0,deux_roues,voiture,1,2,1,1,3
202300013241,2023-03-15 18:50:00,2023,3,15,18,50,75,75114,PORTE DE VANVES,48.824292,2.30637,Nuit avec éclairage allumé,En agglomération,Hors intersection,Normale,Trois véhicules et plus - collisions multiples,4,1,3,0,1,1,1,0,1,70,3,3,2,0,0,1,26.0,56.0,voiture,deux_roues,5,2,1,1,5
202300013242,2023-09-16 03:10:00,2023,9,16,3,10,94,94022,D5,48.77315778,2.40174678,Nuit avec éclairage allumé,En agglomération,Autre intersection,Normale,Trois véhicules et plus - en chaîne,3,1,3,0,1,1,1,0,1,50,3,3,2,0,0,1,25.0,28.0,utilitaire_camion,voiture,5,2,9,1,4
202300013243,2023-03-15 13:50:00,2023,3,15,13,50,75,75114,PORTE DE VANVES,48.825225,2.30219,Plein jour,En agglomération,Hors intersection,Normale,Deux véhicules - arrière,4,1,3,0,1,1,1,0,1,70,2,2,1,0,0,1,41.0,26.0,voiture,voiture,1,2,1,1,2
202300013244,2023-09-17 16:40:00,2023,9,17,16,40,93,93070,Rue Charles Schmidt,48.90580736,2.33239272,Plein jour,En agglomération,Hors intersection,Normale,Autre collision,4,2,2,0,2,1,1,0,1,50,1,2,1,0,1,0,36.0,,voiture,,1,2,1,1,6
202300013245,2023-03-16 20:50:00,2023,3,16,20,50,75,75117,BOULEVARD PERIPHERIQUE EXTERIEUR OUEST,48.886122,2.288028,Nuit avec éclairage allumé,En agglomération,Intersection en X,Normale,Sans collision,4,1,2,0,2,1,1,0,1,50,1,1,0,0,1,0,36.0,,deux_roues,,5,2,2,1,7
202300013245,2023-03-16 20:50:00,2023,3,16,20,50,75,75117,BOULEVARD PERIPHERIQUE EXTERIEUR OUEST,48.886122,2.288028,Nuit avec éclairage allumé,En agglomération,Intersection en X,Normale,Sans collision,4,2, -1,-1,1,1,1,0,1,-1,1,1,0,0,1,0,36.0,,deux_roues,,5,2,2,1,7
202300013246,2023-09-17 15:30:00,2023,9,17,15,30,93,93031,Avenue de la République / Villa Magnier,48.95,2.328,Plein jour,En agglomération,Intersection en T,Normale,Deux véhicules - côté,3,2,2,0,1,1,-1,0,-1,-1,2,2,1,0,0,1,22.0,22.0,deux_roues,voiture,1,2,3,1,3
202300013246,2023-09-17 15:30:00,2023,9,17,15,30,93,93031,Avenue de la République / Villa Magnier,48.95,2.328,Plein jour,En agglomération,Intersection en T,Normale,Deux véhicules - côté,3,3,4,3,1,1,1,0,1,50,2,2,1,0,0,1,22.0,22.0,deux_roues,voiture,1,2,3,1,3
202300013247,2023-03-17 11:35:00,2023,3,17,11,35,75,75120,RUE DE LAGNY,48.848927,2.406566,Plein jour,En agglomération,Intersection en X,Normale,Deux véhicules - côté,4,2,2,1,1,1,1,0,1,30,2,2,1,0,0,1,27.0,65.0,deux_roues,voiture,1,2,2,1,3
202300013247,2023-03-17 11:35:00,2023,3,17,11,35,75,75120,RUE DE LAGNY,48.848927,2.406566,Plein jour,En agglomération,Intersection en X,Normale,Deux véhicules - côté,4,2,2,3,1,1,1,0,1,30,2,2,1,0,0,1,27.0,65.0,deux_roues,voiture,1,2,2,1,3
202300013248,2023-09-16 16:40:00,2023,9,16,16,40,93,93007,Rue de la Victoire / Avenue Charles Floquet,48.94052587,2.4463436,Plein jour,En agglomération,Intersection en X,Normale,Deux véhicules - côté,4,2,2,1,1,1,1,0,1,50,2,2,1,0,0,1,27.0,23.0,voiture,deux_roues,1,2,2,1,3
202300013248,2023-09-16 16:40:00,2023,9,16,16,40,93,93007,Rue de la Victoire / Avenue Charles Floquet,48.94052587,2.4463436,Plein jour,En agglomération,Intersection en X,Normale,Deux véhicules - côté,4,2,2,0,1,1,1,0,1,50,2,2,1,0,0,1,27.0,23.0,voiture,deux_roues,1,2,2,1,3
202300013249,2023-03-17 19:55:00,2023,3,17,19,55,75,75117,AVENUE DE WAGRAM,48.883275,2.301943,Nuit avec éclairage allumé,En agglomération,Intersection en X,Pluie légère,Deux véhicules - côté,4,-1,2,0,1,1,2,0,1,30,2,3,1,0,0,2,53.0,46.0,deux_roues,voiture,5,2,2,2,3
202300013249,2023-03-17 19:55:00,2023,3,17,19,55,75,75117,AVENUE DE WAGRAM,48.883275,2.301943,Nuit avec éclairage allumé,En agglomération,Intersection en X,Pluie légère,Deux véhicules - côté,4,2, -1,-1,1,1,2,0,1,-1,2,3,1,0,0,2,53.0,46.0,deux_roues,voiture,5,2,2,2,3