accident_id,datetime,annee,mois,jour,heure,minute,departement,commune_insee,adresse,latitude,longitude,luminosite,agglomeration,intersection,meteo,collision,catr,circ,nbv,vosp,prof,plan,surf,infra,situ,vma,nb_vehicules,nb_usagers,nb_indemnes,nb_tues,nb_blesses_hosp,nb_blesses_legers,age_cond_1,age_cond_2,veh_type_cond_1,veh_type_cond_2,lum_code,agg_code,int_code,atm_code,col_code
202300013250,2023-09-17 21:50:00,2023,9,17,21,50,93,93005,Boulevard Marc Chagall / Chemin du Moulin de la Ville,48.95304,2.50263,Nuit sans éclairage public,En agglomération,Intersection en X,Pluie forte,Deux véhicules - côté,3,2,2,0,1,1,2,0,1,50,2,2,1,0,0,1,23.0,28.0,deux_roues,voiture,3,2,2,3,3
202300013250,2023-09-17 21:50:00,2023,9,17,21,50,93,93005,Boulevard Marc Chagall / Chemin du Moulin de la Ville,48.95304,2.50263,Nuit sans éclairage public,En agglomération,Intersection en X,Pluie forte,Deux véhicules - côté,3,2,4,1,1,1,2,0,1,50,2,2,1,0,0,1,23.0,28.0,deux_roues,voiture,3,2,2,3,3
202300013251,2023-09-17 16:05:00,2023,9,17,16,5,92,92076,LA CELLE SAINT CLOUD,48.84684933,2.161915,Plein jour,En agglomération,Hors intersection,Normale,Autre collision,4,-1,0,3,2,1,9,6,3,20,1,2,1,0,0,1,12.0,,deux_roues,,1,2,1,1,6
202300013252,2023-03-17 13:45:00,2023,3,17,13,45,75,75115,RUE LECOURBE,48.840502,2.295767,Plein jour,En agglomération,Intersection en X,Normale,Autre collision,4,1, -1,-1,1,1,1,0,1,-1,1,2,1,0,0,1,,,deux_roues,,1,2,2,1,6
202300013252,2023-03-17 13:45:00,2023,3,17,13,45,75,75115,RUE LECOURBE,48.840502,2.295767,Plein jour,En agglomération,Intersection en X,Normale,Autre collision,4,2,1,0,1,1,1,0,1,30,1,2,1,0,0,1,,,deux_roues,,1,2,2,1,6
202300013253,2023-09-16 22:35:00,2023,9,16,22,35,92,92033,DIX NEUF JANVIER,48.84984625,2.18446174,Nuit avec éclairage allumé,En agglomération,Hors intersection,Normale,Autre collision,4,2,2,0,1,1,1,0,1,50,1,1,0,1,0,0,39.0,,deux_roues,,5,2,1,1,6
202300013254,2023-09-17 09:50:00,2023,9,17,9,50,92,92073,VERDUN (RUE DE) N° 78 A 164,48.87786,2.2343,Plein jour,En agglomération,Hors intersection,Normale,Deux véhicules - côté,4,2,2,1,1,1,1,0,1,50,2,2,1,0,0,1,43.0,24.0,voiture,deux_roues,1,2,1,1,3
202300013255,2023-09-17 07:20:00,2023,9,17,7,20,92,92026,COLOMBES,48.90088604,2.25634371,Crépuscule ou aube,En agglomération,Hors intersection,Normale,Deux véhicules - côté,3,2,3,3,1,1,1,0,1,50,2,3,2,0,0,1,,37.0,voiture,voiture,2,2,1,1,3
202300013256,2023-09-16 22:30:00,2023,9,16,22,30,974,97415,Route Nationale 1,-20.96640553,55.2991848,Nuit sans éclairage public,Hors agglomération,Hors intersection,Normale,Autre collision,2,3,4,0,1,1,1,0,1,110,1,2,1,0,1,0,23.0,,voiture,,3,1,1,1,6
202300013257,2023-09-17 20:00:00,2023,9,17,20,0,51,51094,RD 15,48.739663,4.713564,Nuit sans éclairage public,Hors agglomération,Hors intersection,Normale,Sans collision,3,2,2,0,1,1,1,0,1,80,1,1,0,0,1,0,37.0,,deux_roues,,3,1,1,1,7
202300013258,2023-09-16 17:45:00,2023,9,16,17,45,01,01450,Chemin de Chatillon la Palud,45.940661,5.227035,Plein jour,Hors agglomération,Hors intersection,Normale,Deux véhicules - frontale,4,2,2,0,1,4,1,0,1,80,2,2,1,0,1,0,61.0,20.0,voiture,deux_roues,1,1,1,1,1
202300013259,2023-09-17 01:30:00,2023,9,17,1,30,988,98810,RT1,-20.66792,164.39285,Nuit avec éclairage allumé,En agglomération,Hors intersection,Normale,Sans collision,2,2,2,0,1,1,1,0,3,50,1,1,0,0,1,0,20.0,,voiture,,5,2,1,1,7
202300013260,2023-09-14 11:50:00,2023,9,14,11,50,974,97422,Rue du Général de Gaulle,-21.276453,55.520841,Plein jour,En agglomération,Intersection en X,Normale,Deux véhicules - frontale,4,2,2,0,1,1,1,0,1,50,2,2,1,0,0,1,16.0,81.0,deux_roues,voiture,1,2,2,1,1
202300013260,2023-09-14 11:50:00,2023,9,14,11,50,974,97422,Rue du Général de Gaulle,-21.276453,55.520841,Plein jour,En agglomération,Intersection en X,Normale,Deux véhicules - frontale,4,2,2,0,3,1,1,5,1,50,2,2,1,0,0,1,16.0,81.0,deux_roues,voiture,1,2,2,1,1
202300013261,2023-09-16 15:30:00,2023,9,16,15,30,974,97412,13 Rue des Bosquets,-21.380051,55.649373,Plein jour,En agglomération,Hors intersection,Normale,Autre collision,4,2,2,0,1,1,1,0,1,50,1,2,1,0,1,0,20.0,,voiture,,1,2,1,1,6
202300013262,2023-09-18 10:35:00,2023,9,18,10,35,52,52147,A31 PK105.480,47.83699651,5.23052044,Plein jour,Hors agglomération,Hors intersection,Normale,Deux véhicules - arrière,1,3,6,0,1,1,1,0,1,130,2,3,1,0,0,2,52.0,56.0,utilitaire_camion,voiture,1,1,1,1,2
202300013263,2023-09-14 22:50:00,2023,9,14,22,50,62,62338,D169,50.63346456,2.80435691,Nuit sans éclairage public,Hors agglomération,Intersection en X,Normale,Deux véhicules - côté,3,2,2,0,1,1,1,0,1,80,2,2,1,0,0,1,50.0,57.0,voiture,voiture,3,1,2,1,3
202300013263,2023-09-14 22:50:00,2023,9,14,22,50,62,62338,D169,50.63346456,2.80435691,Nuit sans éclairage public,Hors agglomération,Intersection en X,Normale,Deux véhicules - côté,3,2,2,0,1,1,1,0,1,80,2,2,1,0,0,1,50.0,57.0,voiture,voiture,3,1,2,1,3
202300013264,2023-09-15 16:20:00,2023,9,15,16,20,74,74026,Route de choisy,45.970407,6.052147,Plein jour,En agglomération,Hors intersection,Normale,Deux véhicules - arrière,3,2,2,0,1,1,1,0,1,50,2,2,1,0,1,0,14.0,59.0,deux_roues,voiture,1,2,1,1,2
202300013265,2023-09-17 17:35:00,2023,9,17,17,35,04,04033,d900,44.43946,6.36968,Plein jour,Hors agglomération,Hors intersection,Normale,Sans collision,3,2,2,0,4,2,1,0,1,80,1,1,0,0,1,0,40.0,,deux_roues,,1,1,1,1,7
202300013266,2023-09-17 08:00:00,2023,9,17,8,0,56,56070,La Ville Conan,47.9119423,-2.5812864,Crépuscule ou aube,Hors agglomération,Hors intersection,Pluie légère,Autre collision,3,2,2,0,2,2,2,0,1,80,1,3,2,0,1,0,18.0,,voiture,,2,1,1,2,6
202300013267,2023-09-12 14:25:00,2023,9,12,14,25,76,76272,Rue Edouard Loisel,49.813086,0.850287,Plein jour,En agglomération,Autre intersection,Normale,Autre collision,3,2,2,0,1,1,1,0,1,50,1,2,1,0,0,1,68.0,,voiture,,1,2,9,1,6
202300013268,2023-09-18 12:50:00,2023,9,18,12,50,80,80133,Cabane Bambou (Restaurant),50.242762,1.953673,Plein jour,Hors agglomération,Intersection en X,Pluie légère,Deux véhicules - arrière,3,2,2,0,1,1,2,0,1,70,2,4,2,1,0,1,27.0,40.0,voiture,utilitaire_camion,1,1,2,2,2
202300013268,2023-09-18 12:50:00,2023,9,18,12,50,80,80133,Cabane Bambou (Restaurant),50.242762,1.953673,Plein jour,Hors agglomération,Intersection en X,Pluie légère,Deux véhicules - arrière,3,2,2,0,1,1,2,0,1,-1,2,4,2,1,0,1,27.0,40.0,voiture,utilitaire_camion,1,1,2,2,2
202300013269,2023-09-16 21:39:00,2023,9,16,21,39,33,33207,29 Avenue du Lac,44.922527,-0.376899,Nuit avec éclairage allumé,En agglomération,Hors intersection,Normale,Sans collision,4,2,2,0,1,1,1,0,1,30,1,1,0,0,1,0,46.0,,deux_roues,,5,2,1,1,7
202300013270,2023-09-18 06:45:00,2023,9,18,6,45,33,33046,N524,44.3379,-0.234597,Crépuscule ou aube,Hors agglomération,Hors intersection,Normale,Autre collision,2,2,2,0,1,1,1,0,3,80,1,1,0,0,1,0,58.0,,voiture,,2,1,1,1,6
202300013271,2023-09-18 02:00:00,2023,9,18,2,0,81,81051,Route de Salettes,43.964511,1.928562,Nuit sans éclairage public,Hors agglomération,Hors intersection,Pluie légère,Autre collision,4,2,2,0,1,2,2,0,3,80,1,1,0,1,0,0,75.0,,voiture,,3,1,1,2,6
202300013272,2023-09-18 00:00:00,2023,9,18,0,0,11,11006,Route départementale 40 pk 9+ 800,43.008331,2.73559,Nuit sans éclairage public,Hors agglomération,Hors intersection,Normale,Autre collision,3,2,2,0,1,1,1,0,8,80,1,1,0,0,1,0,22.0,,voiture,,3,1,1,1,6
202300013273,2023-09-11 16:45:00,2023,9,11,16,45,49,49358,D145,47.194583,0.004077,Plein jour,Hors agglomération,Hors intersection,Normale,Sans collision,3,2,2,0,2,2,1,0,1,80,2,2,1,0,1,0,24.0,36.0,deux_roues,deux_roues,1,1,1,1,7
202300013274,2023-09-17 17:30:00,2023,9,17,17,30,42,42138,Route de Bellegarde,45.646957,4.359285,Plein jour,Hors agglomération,Hors intersection,Normale,Autre collision,3,2,2,0,2,2,1,0,1,80,1,1,0,0,1,0,34.0,,deux_roues,,1,1,1,1,6
202300013275,2023-09-18 11:00:00,2023,9,18,11,0,46,46316,D6,44.606877,1.327457,Plein jour,Hors agglomération,Intersection en X,Normale,Deux véhicules - côté,3,-1,2,0,1,1,1,0,1,80,2,2,1,0,0,1,72.0,52.0,voiture,voiture,1,1,2,1,3
202300013275,2023-09-18 11:00:00,2023,9,18,11,0,46,46316,D6,44.606877,1.327457,Plein jour,Hors agglomération,Intersection en X,Normale,Deux véhicules - côté,3,2, -1,-1,1,1,1,0,1,-1,2,2,1,0,0,1,72.0,52.0,voiture,voiture,1,1,2,1,3
202300013276,2023-09-14 20:10:00,2023,9,14,20,10,47,47070,la courtine,44.49266934,0.89250209,Nuit sans éclairage public,Hors agglomération,Hors intersection,Normale,Sans collision,3,2,2,0,1,1,1,0,8,80,1,1,0,1,0,0,72.0,,voiture,,3,1,1,1,7
202300013277,2023-09-16 21:00:00,2023,9,16,21,0,86,86281,Rue du Gué,46.700252,0.287543,Nuit sans éclairage public,En agglomération,Hors intersection,Normale,Autre collision,4,2,2,0,1,1,1,0,4,30,1,1,0,0,1,0,26.0,,deux_roues,,3,2,1,1,6
202300013278,2023-09-18 07:15:00,2023,9,18,7,15,68,68365,D83,48.054227,7.311286,Nuit avec éclairage allumé,Hors agglomération,Giratoire,Pluie forte,Deux véhicules - arrière,3,2,2,0,1,2,2,0,1,50,2,2,1,0,1,0,40.0,56.0,voiture,deux_roues,5,1,6,3,2
202300013278,2023-09-18 07:15:00,2023,9,18,7,15,68,68365,D83,48.054227,7.311286,Nuit avec éclairage allumé,Hors agglomération,Giratoire,Pluie forte,Deux véhicules - arrière,3,2,2,0,1,3,2,5,1,80,2,2,1,0,1,0,40.0,56.0,voiture,deux_roues,5,1,6,3,2
202300013279,2023-09-17 23:50:00,2023,9,17,23,50,44,44199,,47.739515,-1.297465,Nuit sans éclairage public,En agglomération,Giratoire,Normale,Autre collision,3,2,2,0,1,1,1,5,1,50,1,1,0,0,1,0,60.0,,voiture,,3,2,6,1,6
202300013280,2023-09-13 14:15:00,2023,9,13,14,15,38,38184,Rue Vers Vaulx,45.660697,5.080383,Plein jour,En agglomération,Hors intersection,Pluie légère,Deux véhicules - frontale,4,2,2,0,1,4,2,0,1,70,2,5,0,0,4,1,50.0,31.0,utilitaire_camion,voiture,1,2,1,2,1
202300013281,2023-09-17 17:50:00,2023,9,17,17,50,15,15101,N122,45.114238,2.81913,Plein jour,Hors agglomération,Hors intersection,Normale,Autre collision,2,2,2,0,1,1,1,0,1,80,1,1,0,0,1,0,69.0,,deux_roues,,1,1,1,1,6
202300013282,2023-09-18 14:15:00,2023,9,18,14,15,70,70245,N57,47.926744,6.429416,Plein jour,Hors agglomération,Intersection en X,Normale,Deux véhicules - côté,2,2,2,0,1,1,1,0,1,80,2,2,1,0,1,0,26.0,67.0,voiture,voiture,1,1,2,1,3
202300013282,2023-09-18 14:15:00,2023,9,18,14,15,70,70245,N57,47.926744,6.429416,Plein jour,Hors agglomération,Intersection en X,Normale,Deux véhicules - côté,2,2,2,0,2,1,1,0,1,70,2,2,1,0,1,0,26.0,67.0,voiture,voiture,1,1,2,1,3
202300013283,2023-09-18 13:45:00,2023,9,18,13,45,66,66034,,42.6406465,2.40395665,Plein jour,Hors agglomération,Hors intersection,Normale,Autre collision,3,2,2,0,2,2,1,0,1,80,1,1,0,0,1,0,16.0,,deux_roues,,1,1,1,1,6
202300013284,2023-09-17 19:15:00,2023,9,17,19,15,64,64062,RD920,43.117275,-0.438402,Crépuscule ou aube,Hors agglomération,Hors intersection,Pluie légère,Deux véhicules - frontale,3,2,2,0,1,1,2,0,1,80,2,3,0,0,2,1,24.0,52.0,voiture,voiture,2,1,1,2,1
202300013285,2023-09-16 09:09:00,2023,9,16,9,9,73,73270,Rue hortense mancini,45.567812,6.153325,Plein jour,En agglomération,Intersection en X,Temps éblouissant,Autre collision,4,2,2,0,1,1,1,0,1,50,1,2,1,0,0,1,58.0,,voiture,,1,2,2,7,6
202300013285,2023-09-16 09:09:00,2023,9,16,9,9,73,73270,Rue hortense mancini,45.567812,6.153325,Plein jour,En agglomération,Intersection en X,Temps éblouissant,Autre collision,4,2,2,0,2,1,1,0,1,50,1,2,1,0,0,1,58.0,,voiture,,1,2,2,7,6
202300013286,2023-09-14 21:24:00,2023,9,14,21,24,10,10033,D4,48.21491209,4.69531721,Nuit sans éclairage public,Hors agglomération,Hors intersection,Normale,Autre collision,3,2,2,0,2,1,1,0,1,80,1,1,0,0,1,0,37.0,,voiture,,3,1,1,1,6
202300013287,2023-09-16 14:00:00,2023,9,16,14,0,40,40062,Piste de la Sabliere,43.910677,-0.561915,Plein jour,Hors agglomération,Intersection en T,Normale,Deux véhicules - frontale,3,2,2,0,4,1,1,0,1,80,2,4,1,0,0,3,26.0,46.0,voiture,voiture,1,1,3,1,1
202300013287,2023-09-16 14:00:00,2023,9,16,14,0,40,40062,Piste de la Sabliere,43.910677,-0.561915,Plein jour,Hors agglomération,Intersection en T,Normale,Deux véhicules - frontale,3,-1, -1,-1,-1,-1,-1,-1,-1,-1,2,4,1,0,0,3,26.0,46.0,voiture,voiture,1,1,3,1,1
202300013288,2023-09-17 18:10:00,2023,9,17,18,10,17,17241,D158e1,45.206678,-0.157777,Plein jour,En agglomération,Intersection en T,Pluie légère,Deux véhicules - côté,3,2,2,0,1,1,2,5,1,50,2,4,0,0,1,3,18.0,64.0,voiture,voiture,1,2,3,2,3
202300013288,2023-09-17 18:10:00,2023,9,17,18,10,17,17241,D158e1,45.206678,-0.157777,Plein jour,En agglomération,Intersection en T,Pluie légère,Deux véhicules - côté,3,2,2,-1,1,1,2,5,1,50,2,4,0,0,1,3,18.0,64.0,voiture,voiture,1,2,3,2,3
202300013289,2023-09-17 05:20:00,2023,9,17,5,20,987,98734,PK 36+300,-17.712127,-149.506143,Plein jour,Hors agglomération,Hors intersection,Normale,Autre collision,2,2,2,0,1,1,1,0,3,60,1,1,0,0,1,0,40.0,,deux_roues,,1,1,1,1,6
202300013290,2023-09-18 04:15:00,2023,9,18,4,15,77,77165,Autoroute A5 pk20+150 direction PARIS,48.486804,2.851467,Nuit sans éclairage public,Hors agglomération,Hors intersection,Normale,Deux véhicules - arrière,1,3,3,0,1,1,2,0,1,130,2,2,0,1,0,1,75.0,37.0,voiture,utilitaire_camion,3,1,1,1,2
202300013291,2023-09-05 19:00:00,2023,9,5,19,0,95,95430,D9,49.07553158,2.27643371,Plein jour,Hors agglomération,Hors intersection,Normale,Deux véhicules - côté,3,2,2,0,1,1,1,0,1,70,2,2,0,0,0,2,33.0,50.0,voiture,voiture,1,1,1,1,3
202300013292,2023-09-16 18:30:00,2023,9,16,18,30,40,40209,A 63 plate forme péage ONDRES,43.54145227,-1.43485032,Plein jour,Hors agglomération,Autre intersection,Normale,Deux véhicules - côté,1,1,3,0,1,1,1,3,1,50,2,2,1,0,0,1,19.0,46.0,voiture,voiture,1,1,9,1,3
202300013293,2023-09-17 21:00:00,2023,9,17,21,0,988,98808,Tribu de Ho,-21.16849,165.5292,Nuit sans éclairage public,Hors agglomération,Hors intersection,Normale,Autre collision,4,2,2,0,1,1,2,0,1,-1,1,2,1,1,0,0,22.0,,voiture,,3,1,1,1,6
202300013294,2023-09-15 19:25:00,2023,9,15,19,25,77,77077,4 Ruelle a la Jacquenne,48.995092,2.892973,Nuit avec éclairage allumé,En agglomération,Hors intersection,Normale,Autre collision,4,2,2,0,1,1,1,0,1,50,1,1,0,0,1,0,69.0,,voiture,,5,2,1,1,6
202300013295,2023-09-18 19:05:00,2023,9,18,19,5,77,77315,Avenue du Marechal Foch,48.88979,2.827939,Crépuscule ou aube,En agglomération,Intersection en T,Normale,Deux véhicules - côté,3,2,2,0,1,1,1,0,1,50,2,2,1,0,1,0,49.0,25.0,deux_roues,voiture,2,2,3,1,3
202300013295,2023-09-18 19:05:00,2023,9,18,19,5,77,77315,Avenue du Marechal Foch,48.88979,2.827939,Crépuscule ou aube,En agglomération,Intersection en T,Normale,Deux véhicules - côté,3,2,2,0,1,3,1,0,1,50,2,2,1,0,1,0,49.0,25.0,deux_roues,voiture,2,2,3,1,3
202300013296,2023-09-18 08:50:00,2023,9,18,8,50,95,95139,D14,49.1842777,1.73182598,Plein jour,En agglomération,Hors intersection,Autre,Deux véhicules - côté,3,2,2,0,2,1,1,0,1,50,2,2,1,0,0,1,39.0,54.0,voiture,deux_roues,1,2,1,9,3
202300013297,2023-09-17 13:45:00,2023,9,17,13,45,2B,2B257,"route de Calvi, D81",42.66277,9.27896,Plein jour,Hors agglomération,Hors intersection,Normale,Deux véhicules - frontale,3,2,2,0,2,4,1,0,1,80,2,3,0,0,0,3,63.0,53.0,voiture,voiture,1,1,1,1,1
202300013298,2023-02-03 17:00:00,2023,2,3,17,0,15,15014,Avenue du General Milhaud,44.92279,2.43782,Plein jour,En agglomération,Hors intersection,Normale,Autre collision,4,2,2,0,2,1,1,0,1,30,1,3,2,0,1,0,66.0,,voiture,,1,2,1,1,6
202300013299,2023-02-04 09:10:00,2023,2,4,9,10,13,13204,MARÉCHAL JUIN (BOULEVARD),43.3117634,5.40367751,Plein jour,En agglomération,Hors intersection,Normale,Autre collision,4,2,4,0,1,2,1,0,4,50,1,4,0,0,4,0,23.0,,deux_roues,,1,2,1,1,6
202300013300,2023-02-03 13:00:00,2023,2,3,13,0,13,13205,SAKAKINI (BOULEVARD),43.2924,5.4,Plein jour,En agglomération,Intersection en Y,Normale,Deux véhicules - côté,4,3,4,0,1,1,1,0,8,50,2,2,1,0,1,0,16.0,23.0,deux_roues,voiture,1,2,4,1,3
202300013300,2023-02-03 13:00:00,2023,2,3,13,0,13,13205,SAKAKINI (BOULEVARD),43.2924,5.4,Plein jour,En agglomération,Intersection en Y,Normale,Deux véhicules - côté,4,2,2,0,1,1,1,9,8,50,2,2,1,0,1,0,16.0,23.0,deux_roues,voiture,1,2,4,1,3
202300013301,2023-02-04 03:00:00,2023,2,4,3,0,11,11069,19 Boulevard Omer Sarraut,43.21644,2.35151,Nuit avec éclairage allumé,En agglomération,Hors intersection,Normale,Autre collision,4,1,2,0,1,1,1,0,1,50,1,2,1,0,1,0,23.0,,voiture,,5,2,1,1,6
202300013302,2023-02-04 04:00:00,2023,2,4,4,0,10,10081,JEAN JAURES (AVENUE),48.31079,4.03969,Nuit avec éclairage allumé,En agglomération,Hors intersection,Temps couvert,Sans collision,4,2,2,3,1,1,1,0,4,30,1,1,0,0,0,1,34.0,,voiture,,5,2,1,8,7
202300013303,2023-02-04 00:10:00,2023,2,4,0,10,10,10362,NOES (RUE DES),48.29704,4.05998,Nuit avec éclairage allumé,En agglomération,Hors intersection,Normale,Autre collision,4,2,2,0,1,1,1,0,1,50,1,1,0,0,1,0,38.0,,deux_roues,,5,2,1,1,6
202300013304,2023-01-20 18:50:00,2023,1,20,18,50,05,05061,VALSERRES ( RUE DE ),44.5548772,6.07899338,Nuit avec éclairage allumé,En agglomération,Hors intersection,Normale,Deux véhicules - arrière,4,2,2,0,2,3,1,0,1,50,2,2,1,0,0,1,22.0,89.0,voiture,deux_roues,5,2,1,1,2
202300013305,2023-02-03 13:15:00,2023,2,3,13,15,05,05061,STADE ( RUE  DU ),44.54817,6.0673,Plein jour,En agglomération,Hors intersection,Normale,Autre collision,4,2,2,0,1,1,1,0,1,50,1,2,1,0,1,0,23.0,,voiture,,1,2,1,1,6
202300013306,2023-02-03 07:20:00,2023,2,3,7,20,05,05061,JEAN MACE ( RUE ),44.56294,6.07698,Nuit avec éclairage allumé,En agglomération,Intersection en X,Normale,Deux véhicules - côté,4,2,2,0,4,1,1,0,1,50,2,2,0,0,0,2,31.0,59.0,voiture,voiture,5,2,2,1,3
202300013306,2023-02-03 07:20:00,2023,2,3,7,20,05,05061,JEAN MACE ( RUE ),44.56294,6.07698,Nuit avec éclairage allumé,En agglomération,Intersection en X,Normale,Deux véhicules - côté,4,1,1,0,1,1,1,2,1,50,2,2,0,0,0,2,31.0,59.0,voiture,voiture,5,2,2,1,3
202300013307,2023-02-05 19:00:00,2023,2,5,19,0,75,75112,PORTE DE CHARENTON,48.828471,2.397418,Nuit avec éclairage allumé,En agglomération,Hors intersection,Normale,Trois véhicules et plus - collisions multiples,4,1,4,0,1,1,1,0,1,70,4,4,3,0,0,1,36.0,40.0,deux_roues,deux_roues,5,2,1,1,5
202300013308,2023-02-05 15:00:00,2023,2,5,15,0,75,75118,PORTE DE LA CHAPELLE,48.900869,2.364336,Plein jour,En agglomération,Intersection en Y,Normale,Deux véhicules - arrière,4,1, -1,-1,1,1,1,0,1,-1,2,2,1,0,0,1,21.0,22.0,voiture,deux_roues,1,2,4,1,2
202300013308,2023-02-05 15:00:00,2023,2,5,15,0,75,75118,PORTE DE LA CHAPELLE,48.900869,2.364336,Plein jour,En agglomération,Intersection en Y,Normale,Deux véhicules - arrière,4,1,6,0,1,1,1,0,1,70,2,2,1,0,0,1,21.0,22.0,voiture,deux_roues,1,2,4,1,2
202300013309,2023-02-04 14:00:00,2023,2,4,14,0,75,75114,PORTE D ORLEANS,48.819228,2.329614,Plein jour,En agglomération,Hors intersection,Normale,Deux véhicules - côté,4,1,2,0,1,1,2,0,1,70,2,2,1,0,0,1,22.0,41.0,deux_roues,utilitaire_camion,1,2,1,1,3
202300013310,2023-02-05 01:22:00,2023,2,5,1,22,75,75114,RUE D ALESIA,48.831821,2.314114,Nuit avec éclairage allumé,En agglomération,Intersection en X,Normale,Deux véhicules - côté,4,1,1,0,1,1,1,8,1,30,2,6,0,0,0,6,21.0,35.0,voiture,voiture,5,2,2,1,3
202300013310,2023-02-05 01:22:00,2023,2,5,1,22,75,75114,RUE D ALESIA,48.831821,2.314114,Nuit avec éclairage allumé,En agglomération,Intersection en X,Normale,Deux véhicules - côté,4,1,1,0,1,1,1,0,1,30,2,6,0,0,0,6,21.0,35.0,voiture,voiture,5,2,2,1,3
202300013311,2023-02-05 19:15:00,2023,2,5,19,15,75,75117,RUE LEGENDRE,48.88434,2.314575,Nuit avec éclairage allumé,En agglomération,Intersection en T,Normale,Deux véhicules - côté,4,2, -1,-1,1,1,1,0,1,-1,2,3,2,0,0,1,25.0,32.0,voiture,deux_roues,5,2,3,1,3
202300013311,2023-02-05 19:15:00,2023,2,5,19,15,75,75117,RUE LEGENDRE,48.88434,2.314575,Nuit avec éclairage allumé,En agglomération,Intersection en T,Normale,Deux véhicules - côté,4,1,1,0,1,1,1,0,1,30,2,3,2,0,0,1,25.0,32.0,voiture,deux_roues,5,2,3,1,3
202300013312,2023-02-04 11:20:00,2023,2,4,11,20,75,75117,AVENUE DE VILLIERS,48.883813,2.304682,Plein jour,En agglomération,Intersection en X,Pluie légère,Autre collision,4,2,2,2,1,1,2,-1,5,30,1,2,1,0,0,1,24.0,,deux_roues,,1,2,2,2,6
202300013312,2023-02-04 11:20:00,2023,2,4,11,20,75,75117,AVENUE DE VILLIERS,48.883813,2.304682,Plein jour,En agglomération,Intersection en X,Pluie légère,Autre collision,4,2, -1,-1,1,1,2,-1,5,-1,1,2,1,0,0,1,24.0,,deux_roues,,1,2,2,2,6
202300013313,2023-02-05 00:00:00,2023,2,5,0,0,75,75112,QUAI DE BERCY,48.828947,2.387717,Nuit avec éclairage allumé,En agglomération,Hors intersection,Normale,Deux véhicules - arrière,4,1,3,0,1,1,1,0,1,50,2,2,1,0,0,1,33.0,,deux_roues,voiture,5,2,1,1,2
202300013314,2023-02-05 01:20:00,2023,2,5,1,20,75,75110,BOULEVARD DE MAGENTA,48.87497,2.357338,Nuit avec éclairage allumé,En agglomération,Intersection en X,Normale,Autre collision,4,2,4,3,1,1,1,-1,6,30,1,2,1,0,1,0,50.0,,transport_commun,,5,2,2,1,6
202300013314,2023-02-05 01:20:00,2023,2,5,1,20,75,75110,BOULEVARD DE MAGENTA,48.87497,2.357338,Nuit avec éclairage allumé,En agglomération,Intersection en X,Normale,Autre collision,4,2,0,3,1,1,1,-1,6,30,1,2,1,0,1,0,50.0,,transport_commun,,5,2,2,1,6
202300013315,2023-02-04 22:50:00,2023,2,4,22,50,75,75109,RUE LE PELETIER,48.875066,2.339505,Nuit avec éclairage allumé,En agglomération,Intersection en X,Normale,Deux véhicules - côté,4,1, -1,-1,1,1,1,0,1,-1,2,2,1,0,0,1,35.0,,deux_roues,voiture,5,2,2,1,3
202300013315,2023-02-04 22:50:00,2023,2,4,22,50,75,75109,RUE LE PELETIER,48.875066,2.339505,Nuit avec éclairage allumé,En agglomération,Intersection en X,Normale,Deux véhicules - côté,4,1,1,0,1,1,1,0,1,50,2,2,1,0,0,1,35.0,,deux_roues,voiture,5,2,2,1,3
202300013316,2023-02-04 14:00:00,2023,2,4,14,0,75,75117,RUE DE ROME,48.885662,2.316816,Plein jour,En agglomération,Intersection en X,Normale,Trois véhicules et plus - collisions multiples,4,2,2,1,1,1,2,0,1,30,3,3,2,0,0,1,25.0,38.0,voiture,deux_roues,1,2,2,1,5
202300013316,2023-02-04 14:00:00,2023,2,4,14,0,75,75117,RUE DE ROME,48.885662,2.316816,Plein jour,En agglomération,Intersection en X,Normale,Trois véhicules et plus - collisions multiples,4,1,1,1,1,1,2,0,1,30,3,3,2,0,0,1,25.0,38.0,voiture,deux_roues,1,2,2,1,5
202300013317,2023-02-05 16:05:00,2023,2,5,16,5,93,93077,Rue du Parc / Rue de la Prévoyance,48.88107,2.52627,Plein jour,En agglomération,Intersection en X,Normale,Deux véhicules - côté,4,1,1,0,1,1,1,0,1,50,2,2,1,0,0,1,46.0,22.0,deux_roues,voiture,1,2,2,1,3
202300013317,2023-02-05 16:05:00,2023,2,5,16,5,93,93077,Rue du Parc / Rue de la Prévoyance,48.88107,2.52627,Plein jour,En agglomération,Intersection en X,Normale,Deux véhicules - côté,4,1,1,0,1,1,1,0,1,30,2,2,1,0,0,1,46.0,22.0,deux_roues,voiture,1,2,2,1,3
202300013318,2023-02-05 15:30:00,2023,2,5,15,30,93,93029,Avenue Henri Barbusse / Avenue Cappechi,48.91640382,2.44415358,Plein jour,En agglomération,Intersection en T,Normale,Deux véhicules - côté,3,2,2,0,1,1,1,0,1,30,2,3,2,0,0,1,27.0,27.0,deux_roues,voiture,1,2,3,1,3