accident_id,datetime,annee,mois,jour,heure,minute,departement,commune_insee,adresse,latitude,longitude,luminosite,agglomeration,intersection,meteo,collision,catr,circ,nbv,vosp,prof,plan,surf,infra,situ,vma,nb_vehicules,nb_usagers,nb_indemnes,nb_tues,nb_blesses_hosp,nb_blesses_legers,age_cond_1,age_cond_2,veh_type_cond_1,veh_type_cond_2,lum_code,agg_code,int_code,atm_code,col_code
202300013467,2023-02-04 18:15:00,2023,2,4,18,15,91,91434,AUTOROUTE A6,48.6698,2.34955,Nuit sans éclairage public,Hors agglomération,Hors intersection,Normale,Deux véhicules - côté,1,1,3,0,4,1,2,0,1,110,2,2,1,0,0,1,53.0,36.0,voiture,deux_roues,3,1,1,1,3
202300013468,2023-02-04 10:00:00,2023,2,4,10,0,94,94037,A6A,48.81567897,2.33682579,Plein jour,Hors agglomération,Hors intersection,Pluie légère,Trois véhicules et plus - en chaîne,1,1,6,0,1,1,2,1,1,70,3,4,3,0,0,1,58.0,60.0,voiture,utilitaire_camion,1,1,1,2,4
202300013469,2023-10-20 14:15:00,2023,10,20,14,15,31,31571,D20,43.597266,1.77029,Plein jour,Hors agglomération,Intersection en X,Temps couvert,Deux véhicules - frontale,3,2,2,0,1,1,1,5,1,80,2,2,0,0,0,2,24.0,58.0,utilitaire_camion,utilitaire_camion,1,1,2,8,1
202300013469,2023-10-20 14:15:00,2023,10,20,14,15,31,31571,D20,43.597266,1.77029,Plein jour,Hors agglomération,Intersection en X,Temps couvert,Deux véhicules - frontale,3,2,2,0,1,1,1,5,1,80,2,2,0,0,0,2,24.0,58.0,utilitaire_camion,utilitaire_camion,1,1,2,8,1
202300013470,2023-02-04 00:33:00,2023,2,4,0,33,78,78646,RN12,48.792408,2.073354,Nuit sans éclairage public,Hors agglomération,Hors intersection,Normale,Autre collision,2,1,3,0,1,2,1,0,1,110,1,1,0,0,0,1,36.0,,voiture,,3,1,1,1,6
202300013471,2023-10-10 22:20:00,2023,10,10,22,20,84,84081,Autoroute A7,43.925655,4.913313,Nuit sans éclairage public,Hors agglomération,Hors intersection,Normale,Autre collision,1,3,3,0,2,1,1,0,1,130,1,1,0,0,0,1,27.0,,voiture,,3,1,1,1,6
202300013472,2023-02-03 21:50:00,2023,2,3,21,50,92,92062,RN1014 W,48.88818802,2.24926628,Nuit avec éclairage allumé,Hors agglomération,Hors intersection,Normale,Trois véhicules et plus - en chaîne,2,1,3,0,1,1,1,1,1,70,3,4,1,0,0,3,,28.0,voiture,voiture,5,1,1,1,4
202300013473,2023-02-04 15:00:00,2023,2,4,15,0,93,93066,AUTOROUTE A1,48.92207,2.35707,Plein jour,Hors agglomération,Hors intersection,Pluie légère,Trois véhicules et plus - collisions multiples,1,1,8,0,1,1,2,0,1,90,4,4,3,0,0,1,45.0,66.0,voiture,voiture,1,1,1,2,5
202300013474,2023-10-20 04:00:00,2023,10,20,4,0,62,62426,A1,50.23576564,2.85470444,Nuit avec éclairage non allumé,Hors agglomération,Hors intersection,Pluie légère,Trois véhicules et plus - en chaîne,1,3,3,0,2,1,2,0,1,130,4,7,4,0,0,3,31.0,22.0,utilitaire_camion,voiture,4,1,1,2,4
202300013475,2023-02-04 14:50:00,2023,2,4,14,50,95,95127,A15,49.04122122,2.08079948,Plein jour,Hors agglomération,Hors intersection,Normale,Trois véhicules et plus - en chaîne,1,3,8,0,1,1,1,0,1,90,3,4,2,0,0,2,21.0,80.0,voiture,voiture,1,1,1,1,4
202300013476,2023-02-04 14:00:00,2023,2,4,14,0,93,93027,BDL,48.92684,2.40341,Plein jour,Hors agglomération,Hors intersection,Pluie légère,Autre collision,1,1,2,0,1,2,2,2,1,50,1,1,0,0,0,1,30.0,,voiture,,1,1,1,2,6
202300013477,2023-10-20 18:10:00,2023,10,20,18,10,988,98803,RT3,-21.461177,165.488091,Nuit sans éclairage public,Hors agglomération,Hors intersection,Normale,Deux véhicules - frontale,2,2,2,0,1,1,1,0,1,90,2,4,2,0,0,2,33.0,38.0,voiture,voiture,3,1,1,1,1
202300013478,2023-02-04 04:40:00,2023,2,4,4,40,95,95018,A15,48.95967623,2.27188361,Nuit sans éclairage public,Hors agglomération,Hors intersection,Normale,Deux véhicules - arrière,1,3,6,0,1,1,1,0,1,90,2,2,1,0,0,1,35.0,54.0,voiture,voiture,3,1,1,1,2
202300013479,2023-10-19 15:30:00,2023,10,19,15,30,973,97311,2200 Avenue Gaston Monnerville,5.493087,-54.009508,Plein jour,En agglomération,Hors intersection,Normale,Deux véhicules - frontale,2,2,2,0,1,1,1,0,1,50,2,2,1,0,0,1,15.0,41.0,deux_roues,voiture,1,2,1,1,1
202300013480,2023-02-03 19:50:00,2023,2,3,19,50,95,95277,A3,48.97369139,2.48648286,Nuit sans éclairage public,Hors agglomération,Hors intersection,Normale,Trois véhicules et plus - en chaîne,1,1,2,0,2,2,1,0,1,90,3,3,0,0,0,3,37.0,33.0,voiture,voiture,3,1,1,1,4
202300013481,2023-02-03 23:20:00,2023,2,3,23,20,06,06030,SADI CARNOT (BOULEVARD),43.57283,7.01639,Nuit avec éclairage allumé,En agglomération,Hors intersection,Normale,Autre collision,4,2,2,0,2,1,1,0,1,30,1,2,1,0,0,1,49.0,,voiture,,5,2,1,1,6
202300013482,2023-10-20 08:48:00,2023,10,20,8,48,971,97106,N2,16.16105,-61.774294,Plein jour,En agglomération,Hors intersection,Normale,Deux véhicules - côté,2,2,2,0,1,1,1,0,1,50,2,5,4,0,0,1,29.0,52.0,voiture,voiture,1,2,1,1,3
202300013483,2023-02-02 13:24:00,2023,2,2,13,24,51,51108,Rue Emile Schmit,48.96771902,4.35806125,Plein jour,En agglomération,Hors intersection,Temps couvert,Autre collision,4,2,2,0,1,1,1,0,1,50,1,2,1,0,0,1,47.0,,voiture,,1,2,1,8,6
202300013484,2023-02-03 09:20:00,2023,2,3,9,20,988,98818,ROND POINT PAPEETE,-22.24653,166.4479,Plein jour,En agglomération,Giratoire,Normale,Deux véhicules - arrière,4,2,2,0,1,2,1,0,1,50,2,3,2,0,0,1,45.0,47.0,voiture,transport_commun,1,2,6,1,2
202300013484,2023-02-03 09:20:00,2023,2,3,9,20,988,98818,ROND POINT PAPEETE,-22.24653,166.4479,Plein jour,En agglomération,Giratoire,Normale,Deux véhicules - arrière,4,2,2,0,1,2,1,0,1,50,2,3,2,0,0,1,45.0,47.0,voiture,transport_commun,1,2,6,1,2
202300013485,2023-10-19 10:30:00,2023,10,19,10,30,972,97228,N1,14.804934,-61.009564,Plein jour,Hors agglomération,Hors intersection,Normale,Deux véhicules - frontale,2,2,2,0,3,3,1,0,1,80,2,5,4,1,0,0,21.0,55.0,deux_roues,utilitaire_camion,1,1,1,1,1
202300013486,2023-02-03 11:30:00,2023,2,3,11,30,974,97411,DORET 1 (BOULEVARD),-20.89016,55.46145,Plein jour,En agglomération,Giratoire,Normale,Deux véhicules - côté,2,-1,6,0,1,1,1,0,1,50,2,2,1,0,0,1,41.0,29.0,voiture,deux_roues,1,2,6,1,3
202300013486,2023-02-03 11:30:00,2023,2,3,11,30,974,97411,DORET 1 (BOULEVARD),-20.89016,55.46145,Plein jour,En agglomération,Giratoire,Normale,Deux véhicules - côté,2,-1,2,0,1,2,1,0,1,50,2,2,1,0,0,1,41.0,29.0,voiture,deux_roues,1,2,6,1,3
202300013487,2023-02-02 07:20:00,2023,2,2,7,20,974,97411,PARIS (RUE DE),-20.88551,55.45099,Plein jour,En agglomération,Autre intersection,Normale,Deux véhicules - côté,4,-1,3,0,1,3,1,0,8,30,2,6,2,0,0,4,51.0,47.0,transport_commun,utilitaire_camion,1,2,9,1,3
202300013488,2023-10-19 14:27:00,2023,10,19,14,27,91,91111,D97,48.62108,2.116992,Plein jour,En agglomération,Intersection en X,Normale,Deux véhicules - côté,3,3,2,2,1,1,1,0,1,80,2,2,1,0,1,0,46.0,51.0,voiture,deux_roues,1,2,2,1,3
202300013488,2023-10-19 14:27:00,2023,10,19,14,27,91,91111,D97,48.62108,2.116992,Plein jour,En agglomération,Intersection en X,Normale,Deux véhicules - côté,3,-1, -1,-1,-1,-1,-1,-1,-1,-1,2,2,1,0,1,0,46.0,51.0,voiture,deux_roues,1,2,2,1,3
202300013489,2023-02-02 17:25:00,2023,2,2,17,25,974,97407,ROUTE DU SACRE COEUR,-20.95301,55.30693,Plein jour,Hors agglomération,Autre intersection,Pluie légère,Deux véhicules - arrière,2,2,3,0,1,1,2,0,1,70,2,2,1,0,0,1,54.0,59.0,voiture,voiture,1,1,9,2,2
202300013490,2023-09-23 10:45:00,2023,9,23,10,45,66,66180,,42.7736,3.012732,Plein jour,En agglomération,Hors intersection,Normale,Autre collision,3,2,2,0,1,1,1,0,1,50,1,2,1,0,1,0,53.0,,transport_commun,,1,2,1,1,6
202300013491,2023-02-03 18:20:00,2023,2,3,18,20,973,97302,FELIX EBOUE(ROCADE),4.93041,-52.31408,Crépuscule ou aube,En agglomération,Autre intersection,Pluie légère,Deux véhicules - côté,3,2,1,2,1,1,2,9,1,50,2,2,1,0,0,1,38.0,48.0,deux_roues,voiture,2,2,9,2,3
202300013492,2023-02-03 09:45:00,2023,2,3,9,45,973,97302,HEDER (place),4.94144761,-52.33238161,Plein jour,En agglomération,Hors intersection,Normale,Autre collision,4,1,2,0,1,1,2,0,1,30,1,2,1,0,1,0,54.0,,voiture,,1,2,1,1,6
202300013493,2023-10-19 19:40:00,2023,10,19,19,40,13,13081,D21,43.493402,5.214354,Nuit sans éclairage public,Hors agglomération,Hors intersection,Pluie légère,Trois véhicules et plus - collisions multiples,3,3,4,0,2,1,2,3,1,90,3,3,1,0,0,2,25.0,22.0,voiture,voiture,3,1,1,2,5
202300013494,2023-02-03 17:15:00,2023,2,3,17,15,69,69386,Avenue Maréchal Foch,45.77247,4.84311,Plein jour,En agglomération,Intersection en X,Normale,Trois véhicules et plus - en chaîne,4,2,2,2,1,1,1,0,1,50,3,4,3,0,0,1,22.0,30.0,deux_roues,voiture,1,2,2,1,4
202300013494,2023-02-03 17:15:00,2023,2,3,17,15,69,69386,Avenue Maréchal Foch,45.77247,4.84311,Plein jour,En agglomération,Intersection en X,Normale,Trois véhicules et plus - en chaîne,4,2,2,3,1,1,1,0,1,50,3,4,3,0,0,1,22.0,30.0,deux_roues,voiture,1,2,2,1,4
202300013495,2023-02-03 10:15:00,2023,2,3,10,15,69,69387,64 Rue de Marseille,45.75022,4.83911,Plein jour,En agglomération,Hors intersection,Normale,Deux véhicules - côté,4,1,1,2,1,1,1,0,1,30,2,5,4,0,0,1,35.0,51.0,voiture,utilitaire_camion,1,2,1,1,3
202300013496,2023-02-03 20:30:00,2023,2,3,20,30,69,69034,Chemin  Petit,45.80413,4.86027,Nuit avec éclairage allumé,En agglomération,Hors intersection,Normale,Autre collision,4,2,2,1,1,1,1,0,1,30,1,2,1,0,0,1,26.0,,voiture,,5,2,1,1,6
202300013497,2023-10-17 08:22:00,2023,10,17,8,22,13,13041,D6,43.457712,5.463556,Plein jour,Hors agglomération,Hors intersection,Normale,Trois véhicules et plus - en chaîne,3,3,2,0,1,1,1,0,1,90,3,3,0,0,0,3,40.0,39.0,voiture,voiture,1,1,1,1,4
202300013498,2023-02-03 05:45:00,2023,2,3,5,45,69,69202,33 Boulevard de l'Europe,45.74744,4.79659,Nuit avec éclairage allumé,En agglomération,Hors intersection,Normale,Autre collision,4,2,2,1,1,1,1,0,1,50,1,2,0,0,0,2,22.0,,voiture,,5,2,1,1,6
202300013499,2023-02-03 10:20:00,2023,2,3,10,20,971,97120,MORTENOL,16.24095,-61.53018,Plein jour,En agglomération,Hors intersection,Normale,Autre collision,4,2,2,0,1,2,1,0,1,30,1,2,1,0,0,1,82.0,,voiture,,1,2,1,1,6
202300013500,2023-10-20 17:25:00,2023,10,20,17,25,25,25032,Route de Rougemont,47.377811,6.377939,Plein jour,En agglomération,Hors intersection,Temps couvert,Trois véhicules et plus - en chaîne,3,2,2,0,1,1,1,0,1,50,3,3,2,0,0,1,53.0,63.0,voiture,voiture,1,2,1,8,4
202300013501,2023-02-03 19:15:00,2023,2,3,19,15,95,95585,Boulevard du Docteur Galvani,48.99616119,2.37127125,Nuit avec éclairage allumé,En agglomération,Intersection en T,Normale,Autre collision,4,2,2,0,1,1,1,0,1,30,1,3,2,0,1,0,68.0,,voiture,,5,2,3,1,6
202300013501,2023-02-03 19:15:00,2023,2,3,19,15,95,95585,Boulevard du Docteur Galvani,48.99616119,2.37127125,Nuit avec éclairage allumé,En agglomération,Intersection en T,Normale,Autre collision,4,2,2,0,1,1,1,0,1,30,1,3,2,0,1,0,68.0,,voiture,,5,2,3,1,6
202300013502,2023-10-18 13:00:00,2023,10,18,13,0,68,68265,Rue de Mulhouse,47.650242,7.37795,Plein jour,En agglomération,Intersection en Y,Pluie légère,Sans collision,3,2,2,0,1,3,2,0,1,50,1,1,0,0,0,1,44.0,,deux_roues,,1,2,4,2,7
202300013502,2023-10-18 13:00:00,2023,10,18,13,0,68,68265,Rue de Mulhouse,47.650242,7.37795,Plein jour,En agglomération,Intersection en Y,Pluie légère,Sans collision,3,2, -1,-1,1,1,2,0,1,-1,1,1,0,0,0,1,44.0,,deux_roues,,1,2,4,2,7
202300013503,2023-02-03 09:00:00,2023,2,3,9,0,91,91645,PARON (RUE DE),48.74614,2.26683,Plein jour,En agglomération,Autre intersection,Temps couvert,Deux véhicules - côté,4,1,1,0,1,1,1,0,1,30,2,2,1,0,0,1,67.0,15.0,voiture,deux_roues,1,2,9,8,3
202300013504,2023-02-03 00:05:00,2023,2,3,0,5,91,91174,RUE DE PARIS,48.6044,2.46828,Nuit avec éclairage allumé,En agglomération,Hors intersection,Normale,Deux véhicules - côté,3,2,2,0,1,1,1,0,1,50,2,3,1,0,0,2,24.0,29.0,voiture,deux_roues,5,2,1,1,3
202300013505,2023-10-18 09:30:00,2023,10,18,9,30,67,67300,2 Route Industrielle de la Hardt,48.537309,7.501334,Plein jour,En agglomération,Intersection en T,Normale,Deux véhicules - arrière,4,2,2,0,1,1,1,0,1,50,2,2,1,0,0,1,36.0,85.0,voiture,deux_roues,1,2,3,1,2
202300013505,2023-10-18 09:30:00,2023,10,18,9,30,67,67300,2 Route Industrielle de la Hardt,48.537309,7.501334,Plein jour,En agglomération,Intersection en T,Normale,Deux véhicules - arrière,4,2, -1,-1,1,1,1,0,1,50,2,2,1,0,0,1,36.0,85.0,voiture,deux_roues,1,2,3,1,2
202300013506,2023-02-02 07:52:00,2023,2,2,7,52,87,87065,AUTOROUTE A20,45.80815,1.29909,Plein jour,En agglomération,Intersection en T,Normale,Deux véhicules - arrière,1,1,1,0,2,3,1,3,1,50,2,2,1,0,0,1,57.0,37.0,deux_roues,voiture,1,2,3,1,2
202300013506,2023-02-02 07:52:00,2023,2,2,7,52,87,87065,AUTOROUTE A20,45.80815,1.29909,Plein jour,En agglomération,Intersection en T,Normale,Deux véhicules - arrière,1,2,2,0,1,1,1,0,1,50,2,2,1,0,0,1,57.0,37.0,deux_roues,voiture,1,2,3,1,2
202300013507,2023-02-01 11:21:00,2023,2,1,11,21,87,87085,SAINT MARTIAL (QUAI),45.82188,1.2641,Plein jour,En agglomération,Intersection en T,Pluie légère,Deux véhicules - côté,2,1,1,0,2,1,2,0,1,30,2,2,1,0,0,1,70.0,71.0,voiture,voiture,1,2,3,2,3
202300013507,2023-02-01 11:21:00,2023,2,1,11,21,87,87085,SAINT MARTIAL (QUAI),45.82188,1.2641,Plein jour,En agglomération,Intersection en T,Pluie légère,Deux véhicules - côté,2,4,5,0,1,1,2,0,1,50,2,2,1,0,0,1,70.0,71.0,voiture,voiture,1,2,3,2,3
202300013508,2023-10-19 10:15:00,2023,10,19,10,15,57,57645,Voie Romaine,49.19835654,6.14952207,Plein jour,Hors agglomération,Place,Normale,Autre collision,6,-1,0,0,1,1,1,0,1,30,1,2,1,0,0,1,77.0,,voiture,,1,1,7,1,6
202300013509,2023-02-02 13:30:00,2023,2,2,13,30,84,84007,COLCHESTER (Avenue de),43.94183,4.82742,Plein jour,En agglomération,Hors intersection,Normale,Deux véhicules - frontale,4,2,2,0,1,1,1,0,1,50,2,3,1,0,2,0,81.0,17.0,voiture,deux_roues,1,2,1,1,1
202300013510,2023-10-20 14:20:00,2023,10,20,14,20,57,57155,D603,49.111938,6.373599,Plein jour,Hors agglomération,Hors intersection,Temps couvert,Deux véhicules - frontale,3,2,2,0,4,1,2,0,1,80,2,2,1,1,0,0,69.0,24.0,voiture,utilitaire_camion,1,1,1,8,1
202300013511,2023-10-20 07:30:00,2023,10,20,7,30,57,57620,Rue de Briey,49.195229,5.998245,Nuit avec éclairage allumé,En agglomération,Hors intersection,Pluie forte,Autre collision,3,2,2,0,2,1,2,6,1,30,1,3,2,0,0,1,53.0,,voiture,,5,2,1,3,6
202300013512,2023-02-03 19:23:00,2023,2,3,19,23,83,83126,RABIN(ROND POINT YITZHAK,43.11161,5.8632,Nuit avec éclairage allumé,En agglomération,Hors intersection,Normale,Deux véhicules - frontale,3,2,2,3,1,1,1,9,6,50,2,3,1,1,0,1,34.0,34.0,deux_roues,transport_commun,5,2,1,1,1
202300013513,2023-02-03 21:30:00,2023,2,3,21,30,83,83061,AVENUE MARÉCHAL DE LATTRE DE TASSIGNY,43.431799,6.751452,Nuit avec éclairage allumé,En agglomération,Hors intersection,Normale,Autre collision,4,2,2,0,1,1,1,0,1,50,1,2,0,0,1,1,36.0,,deux_roues,,5,2,1,1,6
202300013514,2023-01-22 02:40:00,2023,1,22,2,40,80,80001,PORT (du),50.112752,1.824151,Nuit avec éclairage allumé,En agglomération,Hors intersection,Autre,Autre collision,4,2,0,0,1,3,2,9,4,50,1,4,1,0,1,2,33.0,,voiture,,5,2,1,9,6
202300013515,2023-10-20 16:40:00,2023,10,20,16,40,26,26235,Chemin de Sérignan,44.361595,4.679806,Plein jour,Hors agglomération,Intersection en X,Pluie forte,Deux véhicules - côté,3,2,2,0,1,1,2,0,1,80,2,3,2,0,1,0,56.0,48.0,voiture,voiture,1,1,2,3,3
202300013515,2023-10-20 16:40:00,2023,10,20,16,40,26,26235,Chemin de Sérignan,44.361595,4.679806,Plein jour,Hors agglomération,Intersection en X,Pluie forte,Deux véhicules - côté,3,2,2,0,1,1,2,5,1,70,2,3,2,0,1,0,56.0,48.0,voiture,voiture,1,1,2,3,3
202300013516,2023-02-03 14:15:00,2023,2,3,14,15,78,78440,GYMNASE PIERRE DE COUBERTIN,48.996869,1.913191,Plein jour,En agglomération,Giratoire,Normale,Deux véhicules - côté,3,1,2,0,1,2,2,0,1,50,2,2,1,0,0,1,37.0,54.0,voiture,utilitaire_camion,1,2,6,1,3
202300013516,2023-02-03 14:15:00,2023,2,3,14,15,78,78440,GYMNASE PIERRE DE COUBERTIN,48.996869,1.913191,Plein jour,En agglomération,Giratoire,Normale,Deux véhicules - côté,3,3, -1,0,1,2,2,0,1,50,2,2,1,0,0,1,37.0,54.0,voiture,utilitaire_camion,1,2,6,1,3
202300013517,2023-02-03 17:40:00,2023,2,3,17,40,77,77139,RUE AIME FLUTTAZ,48.91247,2.59513,Nuit avec éclairage allumé,En agglomération,Hors intersection,Normale,Deux véhicules - côté,4,2,2,0,1,1,1,0,1,50,2,2,1,0,0,1,20.0,49.0,deux_roues,voiture,5,2,1,1,3
202300013518,2023-10-19 08:30:00,2023,10,19,8,30,69,69175,Route Départementale 389,45.79814594,4.58848475,Plein jour,Hors agglomération,Intersection en T,Pluie légère,Deux véhicules - côté,3,2,2,0,1,1,2,0,1,80,2,2,1,0,0,1,33.0,23.0,voiture,deux_roues,1,1,3,2,3
202300013518,2023-10-19 08:30:00,2023,10,19,8,30,69,69175,Route Départementale 389,45.79814594,4.58848475,Plein jour,Hors agglomération,Intersection en T,Pluie légère,Deux véhicules - côté,3,2,2,0,1,1,2,0,1,-1,2,2,1,0,0,1,33.0,23.0,voiture,deux_roues,1,1,3,2,3
202300013519,2023-02-03 07:50:00,2023,2,3,7,50,77,77350,D471 / D350,48.75637611,2.70515746,Crépuscule ou aube,Hors agglomération,Intersection en T,Normale,Deux véhicules - côté,3,4,5,0,1,1,1,5,1,90,2,2,1,0,0,1,27.0,50.0,deux_roues,voiture,2,1,3,1,3
202300013519,2023-02-03 07:50:00,2023,2,3,7,50,77,77350,D471 / D350,48.75637611,2.70515746,Crépuscule ou aube,Hors agglomération,Intersection en T,Normale,Deux véhicules - côté,3,2,2,-1,1,1,1,5,1,-1,2,2,1,0,0,1,27.0,50.0,deux_roues,voiture,2,1,3,1,3
202300013520,2023-02-03 05:40:00,2023,2,3,5,40,77,77210,D605,48.425113,2.908064,Crépuscule ou aube,Hors agglomération,Hors intersection,Normale,Deux véhicules - frontale,3,2,2,0,1,1,1,0,1,90,2,2,0,0,0,2,44.0,44.0,voiture,voiture,2,1,1,1,1
202300013521,2023-02-04 00:30:00,2023,2,4,0,30,77,77209,D35A,48.86079,2.69399,Nuit sans éclairage public,En agglomération,Hors intersection,Normale,Sans collision,3,1,1,0,2,2,1,0,1,30,1,1,0,0,0,1,27.0,,deux_roues,,3,2,1,1,7
202300013522,2023-10-19 10:02:00,2023,10,19,10,2,81,81039,Place de la Mairie,43.751428,1.907989,Plein jour,En agglomération,Intersection en T,Normale,Autre collision,3,2,2,0,1,3,1,0,1,50,1,2,1,0,1,0,89.0,,voiture,,1,2,3,1,6
202300013522,2023-10-19 10:02:00,2023,10,19,10,2,81,81039,Place de la Mairie,43.751428,1.907989,Plein jour,En agglomération,Intersection en T,Normale,Autre collision,3,2, -1,-1,1,2,1,0,1,50,1,2,1,0,1,0,89.0,,voiture,,1,2,3,1,6
202300013523,2023-02-03 06:25:00,2023,2,3,6,25,73,73065,D211 rue de Montagny,45.59903,5.92487,Nuit sans éclairage public,Hors agglomération,Hors intersection,Normale,Autre collision,3,2,2,0,2,2,1,0,1,80,1,2,1,0,1,0,41.0,,voiture,,3,1,1,1,6
202300013524,2023-02-03 13:25:00,2023,2,3,13,25,72,72181,OYON ALEXANDRE (BD),47.99419,0.19238,Plein jour,En agglomération,Hors intersection,Normale,Autre collision,4,2,2,0,1,1,1,0,1,50,1,2,1,0,0,1,47.0,,utilitaire_camion,,1,2,1,1,6
202300013525,2023-02-03 20:20:00,2023,2,3,20,20,69,69029,36 Avenue Franklin Roosevelt,45.73752227,4.89632204,Nuit avec éclairage allumé,En agglomération,Intersection en T,Normale,Deux véhicules - frontale,4,2,2,0,1,1,1,0,1,30,2,3,0,0,0,3,25.0,34.0,voiture,voiture,5,2,3,1,1
202300013525,2023-02-03 20:20:00,2023,2,3,20,20,69,69029,36 Avenue Franklin Roosevelt,45.73752227,4.89632204,Nuit avec éclairage allumé,En agglomération,Intersection en T,Normale,Deux véhicules - frontale,4,2,4,1,1,1,1,0,1,50,2,3,0,0,0,3,25.0,34.0,voiture,voiture,5,2,3,1,1
202300013526,2023-10-20 15:21:00,2023,10,20,15,21,81,81031,D622,43.6287971,2.4171976,Plein jour,Hors agglomération,Hors intersection,Pluie légère,Trois véhicules et plus - collisions multiples,3,2,2,0,2,2,2,0,1,90,3,3,0,1,1,1,73.0,51.0,voiture,utilitaire_camion,1,1,1,2,5
202300013527,2023-02-03 12:45:00,2023,2,3,12,45,69,69259,11 Avenue Marcel Paul,45.70063,4.88132,Plein jour,En agglomération,Intersection en T,Normale,Deux véhicules - arrière,4,2,2,0,1,2,1,6,1,50,2,3,2,0,0,1,22.0,38.0,voiture,voiture,1,2,3,1,2
202300013527,2023-02-03 12:45:00,2023,2,3,12,45,69,69259,11 Avenue Marcel Paul,45.70063,4.88132,Plein jour,En agglomération,Intersection en T,Normale,Deux véhicules - arrière,4,2,2,0,1,1,1,0,1,30,2,3,2,0,0,1,22.0,38.0,voiture,voiture,1,2,3,1,2
202300013528,2023-10-19 20:00:00,2023,10,19,20,0,19,19098,D1120,45.17611058,1.85624602,Nuit sans éclairage public,Hors agglomération,Hors intersection,Pluie forte,Deux véhicules - frontale,3,2,3,0,2,2,2,0,1,70,2,2,0,0,2,0,51.0,43.0,voiture,voiture,3,1,1,3,1
202300013529,2023-02-02 11:10:00,2023,2,2,11,10,66,66136,,42.69785916,2.93596208,Plein jour,En agglomération,Hors intersection,Normale,Autre collision,4,2,2,0,1,1,1,0,1,50,1,2,1,0,0,1,,,voiture,,1,2,1,1,6
202300013530,2023-10-19 21:00:00,2023,10,19,21,0,19,19101,Avenue du Mas,45.249679,1.784356,Nuit avec éclairage allumé,Hors agglomération,Hors intersection,Pluie légère,Sans collision,3,2,2,0,2,3,2,0,8,90,1,1,0,0,0,1,19.0,,voiture,,5,1,1,2,7
202300013531,2023-02-02 08:50:00,2023,2,2,8,50,66,66141,,42.729331,2.91641,Plein jour,Hors agglomération,Giratoire,Normale,Deux véhicules - côté,4,2,2,0,1,1,1,0,1,50,2,2,1,0,0,1,60.0,38.0,utilitaire_camion,deux_roues,1,1,6,1,3
202300013532,2023-02-03 19:10:00,2023,2,3,19,10,64,64545,RD810,43.37449,-1.679,Nuit avec éclairage allumé,En agglomération,Autre intersection,Normale,Deux véhicules - côté,3,2,2,0,1,1,1,9,1,70,2,2,1,0,0,1,66.0,27.0,voiture,deux_roues,5,2,9,1,3
202300013533,2023-02-02 07:45:00,2023,2,2,7,45,64,64122,22 Avenue de Verdun,43.481768,-1.556359,Crépuscule ou aube,En agglomération,Hors intersection,Normale,Autre collision,4,2,2,0,2,1,1,0,1,30,1,1,0,0,0,1,19.0,,deux_roues,,2,2,1,1,6
202300013534,2023-10-19 11:28:00,2023,10,19,11,28,19,19098,D1120,45.17611058,1.85624602,Plein jour,Hors agglomération,Hors intersection,Pluie légère,Deux véhicules - frontale,3,2,3,0,2,2,2,0,1,70,2,3,0,0,3,0,25.0,44.0,voiture,utilitaire_camion,1,1,1,2,1
202300013535,2023-02-03 18:20:00,2023,2,3,18,20,62,62133,D46,50.413627,2.908149,Nuit avec éclairage allumé,En agglomération,Hors intersection,Normale,Sans collision,3,2,2,0,1,1,1,0,1,70,1,1,0,1,0,0,39.0,,deux_roues,,5,2,1,1,7
202300013536,2023-02-03 09:30:00,2023,2,3,9,30,61,61001,PLANCHES (CHEMIN DES),48.438,0.06627,Plein jour,En agglomération,Hors intersection,Normale,Sans collision,4,1,1,0,1,1,1,0,1,30,1,1,0,0,0,1,24.0,,voiture,,1,2,1,1,7
202300013537,2023-10-19 19:05:00,2023,10,19,19,5,33,33104,D1215,44.974453,-0.823889,Nuit sans éclairage public,Hors agglomération,Hors intersection,Pluie forte,Autre collision,3,2,2,0,1,1,2,0,1,80,1,1,0,0,1,0,52.0,,voiture,,3,1,1,3,6
202300013538,2023-02-03 07:29:00,2023,2,3,7,29,60,60057,Boulevard de l'Assaut,49.43486393,2.08885074,Nuit avec éclairage allumé,En agglomération,Hors intersection,Pluie légère,Deux véhicules - côté,4,1,4,3,1,1,2,0,8,50,2,2,1,0,0,1,53.0,27.0,voiture,autre,5,2,1,2,3
202300013539,2023-02-03 08:45:00,2023,2,3,8,45,59,59512,DOUAI (BOULEVARD DE),50.68126,3.16792,Plein jour,En agglomération,Passage à niveau,Normale,Deux véhicules - côté,7,2,2,3,1,1,9,4,6,40,2,3,2,0,0,1,42.0,35.0,transport_commun,voiture,1,2,8,1,3
202300013539,2023-02-03 08:45:00,2023,2,3,8,45,59,59512,DOUAI (BOULEVARD DE),50.68126,3.16792,Plein jour,En agglomération,Passage à niveau,Normale,Deux véhicules - côté,7,2,5,0,1,1,1,4,6,50,2,3,2,0,0,1,42.0,35.0,transport_commun,voiture,1,2,8,1,3
202300013540,2023-01-30 07:30:00,2023,1,30,7,30,59,59009,RECHERCHE RUE DE LA,50.64925,3.15834,Nuit avec éclairage allumé,En agglomération,Hors intersection,Normale,Autre collision,4,2,2,0,1,1,1,0,1,50,1,2,1,0,0,1,23.0,,voiture,,5,2,1,1,6