accident_id,datetime,annee,mois,jour,heure,minute,departement,commune_insee,adresse,latitude,longitude,luminosite,agglomeration,intersection,meteo,collision,catr,circ,nbv,vosp,prof,plan,surf,infra,situ,vma,nb_vehicules,nb_usagers,nb_indemnes,nb_tues,nb_blesses_hosp,nb_blesses_legers,age_cond_1,age_cond_2,veh_type_cond_1,veh_type_cond_2,lum_code,agg_code,int_code,atm_code,col_code
202300013607,2023-10-17 15:40:00,2023,10,17,15,40,54,54273,Rue de Verdun,49.16478,5.86541,Plein jour,En agglomération,Intersection en X,Temps éblouissant,Autre collision,3,2, -1,2,1,1,1,0,1,50,1,2,1,0,1,0,85.0,,voiture,,1,2,2,7,6
202300013607,2023-10-17 15:40:00,2023,10,17,15,40,54,54273,Rue de Verdun,49.16478,5.86541,Plein jour,En agglomération,Intersection en X,Temps éblouissant,Autre collision,3,2, -1,0,1,1,1,0,1,50,1,2,1,0,1,0,85.0,,voiture,,1,2,2,7,6
202300013608,2023-10-18 18:50:00,2023,10,18,18,50,51,51454,VAL DE VESLE (BOULEVARD),49.22993,4.06638,Nuit avec éclairage allumé,En agglomération,Hors intersection,Pluie légère,Deux véhicules - frontale,4,2,2,2,1,3,2,0,1,50,2,2,1,0,0,1,18.0,56.0,voiture,voiture,5,2,1,2,1
202300013609,2023-10-17 08:14:00,2023,10,17,8,14,49,49246,PASTEUR,47.42868,-0.52771,Plein jour,En agglomération,Intersection en X,Normale,Deux véhicules - côté,3,2,2,0,1,1,1,0,1,30,2,2,1,0,0,1,49.0,20.0,utilitaire_camion,deux_roues,1,2,2,1,3
202300013609,2023-10-17 08:14:00,2023,10,17,8,14,49,49246,PASTEUR,47.42868,-0.52771,Plein jour,En agglomération,Intersection en X,Normale,Deux véhicules - côté,3,2,2,0,1,1,1,0,1,50,2,2,1,0,0,1,49.0,20.0,utilitaire_camion,deux_roues,1,2,2,1,3
202300013610,2023-10-17 14:05:00,2023,10,17,14,5,49,49007,DE LATTRE DE TASSIGNY,47.45257,-0.54055,Plein jour,En agglomération,Intersection en X,Normale,Autre collision,4,3,4,0,1,1,1,0,1,50,2,2,1,0,0,1,39.0,52.0,deux_roues,utilitaire_camion,1,2,2,1,6
202300013610,2023-10-17 14:05:00,2023,10,17,14,5,49,49007,DE LATTRE DE TASSIGNY,47.45257,-0.54055,Plein jour,En agglomération,Intersection en X,Normale,Autre collision,4,3, -1,-1,1,2,1,0,1,-1,2,2,1,0,0,1,39.0,52.0,deux_roues,utilitaire_camion,1,2,2,1,6
202300013611,2023-10-17 07:35:00,2023,10,17,7,35,49,49015,ETANG ROUTE,47.51389,-0.61568,Plein jour,En agglomération,Intersection en T,Normale,Deux véhicules - frontale,4,2,2,0,1,1,1,0,1,50,2,2,1,0,0,1,23.0,33.0,voiture,deux_roues,1,2,3,1,1
202300013611,2023-10-17 07:35:00,2023,10,17,7,35,49,49015,ETANG ROUTE,47.51389,-0.61568,Plein jour,En agglomération,Intersection en T,Normale,Deux véhicules - frontale,4,2, -1,-1,1,1,1,0,1,-1,2,2,1,0,0,1,23.0,33.0,voiture,deux_roues,1,2,3,1,1
202300013612,2023-10-18 12:20:00,2023,10,18,12,20,47,47001,BARBUSSE (AV. HENRI),44.20655,0.63626,Plein jour,En agglomération,Hors intersection,Pluie légère,Deux véhicules - arrière,4,2,2,0,1,1,2,0,1,50,2,2,1,0,0,1,49.0,25.0,voiture,deux_roues,1,2,1,2,2
202300013613,2023-10-17 13:10:00,2023,10,17,13,10,46,46042,Côte de la Marchande,44.41217,1.46776,Plein jour,Hors agglomération,Hors intersection,Normale,Deux véhicules - côté,3,2,2,0,1,2,1,0,1,80,2,2,1,0,0,1,70.0,51.0,voiture,utilitaire_camion,1,1,1,1,3
202300013614,2023-10-18 09:10:00,2023,10,18,9,10,45,45004,Rue de Couleuvreux,47.98660637,2.7691108,Plein jour,En agglomération,Giratoire,Normale,Deux véhicules - côté,4,1,1,0,1,1,1,9,8,50,2,2,1,0,0,1,69.0,23.0,voiture,voiture,1,2,6,1,3
202300013615,2023-10-18 12:20:00,2023,10,18,12,20,37,37261,MIRABEAU (PONT),47.39778,0.6995,Plein jour,En agglomération,Intersection en X,Pluie légère,Deux véhicules - côté,4,2,4,0,2,1,2,5,1,50,2,4,3,0,0,1,34.0,31.0,voiture,voiture,1,2,2,2,3
202300013615,2023-10-18 12:20:00,2023,10,18,12,20,37,37261,MIRABEAU (PONT),47.39778,0.6995,Plein jour,En agglomération,Intersection en X,Pluie légère,Deux véhicules - côté,4,2,2,0,2,1,2,5,1,50,2,4,3,0,0,1,34.0,31.0,voiture,voiture,1,2,2,2,3
202300013616,2023-10-18 18:05:00,2023,10,18,18,5,35,35055,BONNIN ANDRE (AVENUE),48.08681853,-1.61594778,Plein jour,En agglomération,Hors intersection,Normale,Autre collision,4,2,2,0,1,1,1,0,1,30,1,2,1,0,0,1,19.0,,voiture,,1,2,1,1,6
202300013617,2023-10-18 09:00:00,2023,10,18,9,0,35,35281,TILLION (AVENUE GERMAINE),48.09441,-1.70568,Plein jour,En agglomération,Intersection en T,Pluie forte,Deux véhicules - côté,4,2,2,0,1,1,2,0,1,30,2,4,0,0,0,4,26.0,36.0,voiture,voiture,1,2,3,3,3
202300013617,2023-10-18 09:00:00,2023,10,18,9,0,35,35281,TILLION (AVENUE GERMAINE),48.09441,-1.70568,Plein jour,En agglomération,Intersection en T,Pluie forte,Deux véhicules - côté,4,3,6,3,1,1,2,0,1,30,2,4,0,0,0,4,26.0,36.0,voiture,voiture,1,2,3,3,3
202300013618,2023-10-18 08:05:00,2023,10,18,8,5,35,35238,ROOSEVELT (BD FRANKLIN),48.09725,-1.6578,Crépuscule ou aube,En agglomération,Intersection à plus de 4 branches,Pluie forte,Deux véhicules - côté,4,2,2,0,2,1,2,0,1,30,2,2,1,0,1,0,30.0,33.0,deux_roues,utilitaire_camion,2,2,5,3,3
202300013618,2023-10-18 08:05:00,2023,10,18,8,5,35,35238,ROOSEVELT (BD FRANKLIN),48.09725,-1.6578,Crépuscule ou aube,En agglomération,Intersection à plus de 4 branches,Pluie forte,Deux véhicules - côté,4,2,2,1,2,1,2,0,1,30,2,2,1,0,1,0,30.0,33.0,deux_roues,utilitaire_camion,2,2,5,3,3
202300013619,2023-10-18 21:07:00,2023,10,18,21,7,33,33522,Rue Pacaris,44.79659,-0.57948,Nuit avec éclairage allumé,En agglomération,Giratoire,Normale,Deux véhicules - arrière,4,2,2,0,1,1,1,0,1,50,2,2,1,0,0,1,22.0,56.0,voiture,voiture,5,2,6,1,2
202300013619,2023-10-18 21:07:00,2023,10,18,21,7,33,33522,Rue Pacaris,44.79659,-0.57948,Nuit avec éclairage allumé,En agglomération,Giratoire,Normale,Deux véhicules - arrière,4,2,2,0,1,1,1,0,1,50,2,2,1,0,0,1,22.0,56.0,voiture,voiture,5,2,6,1,2
202300013620,2023-10-18 06:43:00,2023,10,18,6,43,33,33249,Chemin de Lissandre,44.86356005,-0.53715698,Nuit avec éclairage allumé,En agglomération,Hors intersection,Pluie légère,Deux véhicules - côté,4,2,2,1,1,1,2,5,1,30,2,2,1,0,0,1,43.0,44.0,utilitaire_camion,deux_roues,5,2,1,2,3
202300013621,2023-10-18 07:45:00,2023,10,18,7,45,25,25462,ARMEE DE L'EST (AVENUE DE L'),46.89416,6.3645,Crépuscule ou aube,En agglomération,Intersection en T,Temps couvert,Deux véhicules - frontale,2,2,2,0,1,1,1,0,8,50,2,2,1,0,0,1,42.0,33.0,transport_commun,deux_roues,2,2,3,8,1
202300013621,2023-10-18 07:45:00,2023,10,18,7,45,25,25462,ARMEE DE L'EST (AVENUE DE L'),46.89416,6.3645,Crépuscule ou aube,En agglomération,Intersection en T,Temps couvert,Deux véhicules - frontale,2,2,2,0,1,1,1,5,1,50,2,2,1,0,0,1,42.0,33.0,transport_commun,deux_roues,2,2,3,8,1
202300013622,2023-10-18 15:00:00,2023,10,18,15,0,13,13103,CRS HUGO - VICTOR,43.64149,5.09704,Plein jour,En agglomération,Intersection en T,Normale,Autre collision,4,1,1,1,1,1,1,0,1,30,1,2,1,0,1,0,43.0,,utilitaire_camion,,1,2,3,1,6
202300013622,2023-10-18 15:00:00,2023,10,18,15,0,13,13103,CRS HUGO - VICTOR,43.64149,5.09704,Plein jour,En agglomération,Intersection en T,Normale,Autre collision,4,1,0,0,1,1,1,0,1,30,1,2,1,0,1,0,43.0,,utilitaire_camion,,1,2,3,1,6
202300013623,2023-10-18 21:40:00,2023,10,18,21,40,13,13211,MAZENODE (AVENUE),43.28994,5.42612,Nuit avec éclairage allumé,En agglomération,Intersection en X,Normale,Deux véhicules - côté,4,-1,2,0,1,1,1,0,1,50,2,2,0,0,0,2,28.0,28.0,voiture,deux_roues,5,2,2,1,3
202300013623,2023-10-18 21:40:00,2023,10,18,21,40,13,13211,MAZENODE (AVENUE),43.28994,5.42612,Nuit avec éclairage allumé,En agglomération,Intersection en X,Normale,Deux véhicules - côté,4,-1,4,0,1,1,1,0,1,50,2,2,0,0,0,2,28.0,28.0,voiture,deux_roues,5,2,2,1,3
202300013624,2023-10-18 19:30:00,2023,10,18,19,30,13,13075,FREDERIC MISTRAL (AVE),43.35051137,5.47091228,Crépuscule ou aube,En agglomération,Hors intersection,Normale,Deux véhicules - arrière,4,2,2,0,1,1,1,5,1,50,2,2,1,0,0,1,32.0,68.0,voiture,voiture,2,2,1,1,2
202300013625,2023-10-18 11:00:00,2023,10,18,11,0,13,13215,MADRAGUE VILLE (chemin de la),43.32605,5.36119,Plein jour,En agglomération,Intersection en Y,Normale,Autre collision,4,1,1,0,1,1,1,0,1,50,1,2,1,0,0,1,49.0,,transport_commun,,1,2,4,1,6
202300013625,2023-10-18 11:00:00,2023,10,18,11,0,13,13215,MADRAGUE VILLE (chemin de la),43.32605,5.36119,Plein jour,En agglomération,Intersection en Y,Normale,Autre collision,4,2,2,0,1,1,1,0,1,50,1,2,1,0,0,1,49.0,,transport_commun,,1,2,4,1,6
202300013626,2023-10-18 23:40:00,2023,10,18,23,40,11,11069,,43.22308,2.36002,Nuit avec éclairage allumé,En agglomération,Intersection en T,Normale,Deux véhicules - côté,3,2,2,-1,1,1,1,0,1,-1,2,2,0,0,0,2,69.0,65.0,voiture,utilitaire_camion,5,2,3,1,3
202300013626,2023-10-18 23:40:00,2023,10,18,23,40,11,11069,,43.22308,2.36002,Nuit avec éclairage allumé,En agglomération,Intersection en T,Normale,Deux véhicules - côté,3,2,2,0,1,1,1,5,1,50,2,2,0,0,0,2,69.0,65.0,voiture,utilitaire_camion,5,2,3,1,3
202300013627,2023-10-18 14:40:00,2023,10,18,14,40,06,06069,SANTON (CHEMIN DU),43.639496,6.9494787,Plein jour,En agglomération,Intersection en T,Pluie légère,Trois véhicules et plus - en chaîne,4,2,2,3,2,3,2,5,1,50,3,4,2,0,0,2,,36.0,utilitaire_camion,voiture,1,2,3,2,4
202300013627,2023-10-18 14:40:00,2023,10,18,14,40,06,06069,SANTON (CHEMIN DU),43.639496,6.9494787,Plein jour,En agglomération,Intersection en T,Pluie légère,Trois véhicules et plus - en chaîne,4,2,2,0,1,3,2,0,1,50,3,4,2,0,0,2,,36.0,utilitaire_camion,voiture,1,2,3,2,4
202300013628,2023-10-18 11:50:00,2023,10,18,11,50,06,06004,Boulevard Albert 1er,43.5792418,7.1220162,Plein jour,En agglomération,Hors intersection,Temps couvert,Autre collision,4,1,2,0,1,1,1,0,6,50,1,2,1,0,1,0,38.0,,voiture,,1,2,1,8,6
202300013629,2023-10-18 11:10:00,2023,10,18,11,10,04,04070,GAMBETTA (BD),44.087,6.22831,Plein jour,En agglomération,Hors intersection,Normale,Autre collision,4,-1,2,0,1,1,1,0,1,50,2,2,1,0,1,0,,58.0,voiture,deux_roues,1,2,1,1,6
202300013630,2023-10-18 17:45:00,2023,10,18,17,45,01,01053,avenue de bad kreuznach,46.2145,5.2429,Plein jour,En agglomération,Hors intersection,Pluie légère,Deux véhicules - arrière,4,2,4,0,1,1,2,0,1,50,2,3,1,0,1,1,19.0,25.0,deux_roues,voiture,1,2,1,2,2
202300013631,2023-10-18 09:50:00,2023,10,18,9,50,75,75119,AVENUE DE FLANDRE,48.886466,2.371428,Plein jour,En agglomération,Hors intersection,Normale,Autre collision,4,1,0,1,1,1,1,-1,5,30,1,2,1,0,0,1,25.0,,deux_roues,,1,2,1,1,6
202300013632,2023-10-18 18:50:00,2023,10,18,18,50,75,75116,RUE LE MAROIS,48.83879398,2.26132751,Nuit avec éclairage allumé,En agglomération,Intersection en T,Pluie légère,Deux véhicules - côté,4,1, -1,-1,1,1,2,0,1,-1,2,2,1,0,0,1,67.0,62.0,voiture,deux_roues,5,2,3,2,3
202300013632,2023-10-18 18:50:00,2023,10,18,18,50,75,75116,RUE LE MAROIS,48.83879398,2.26132751,Nuit avec éclairage allumé,En agglomération,Intersection en T,Pluie légère,Deux véhicules - côté,4,1,1,0,1,1,2,0,1,30,2,2,1,0,0,1,67.0,62.0,voiture,deux_roues,5,2,3,2,3
202300013633,2023-10-18 10:20:00,2023,10,18,10,20,75,75115,RUE DE LA CROIX NIVERT,48.84119,2.291805,Plein jour,En agglomération,Intersection en X,Normale,Deux véhicules - côté,4,2,2,0,1,1,1,0,1,30,2,2,1,0,0,1,39.0,24.0,voiture,deux_roues,1,2,2,1,3
202300013633,2023-10-18 10:20:00,2023,10,18,10,20,75,75115,RUE DE LA CROIX NIVERT,48.84119,2.291805,Plein jour,En agglomération,Intersection en X,Normale,Deux véhicules - côté,4,1,0,0,1,1,1,0,1,30,2,2,1,0,0,1,39.0,24.0,voiture,deux_roues,1,2,2,1,3
202300013634,2023-10-18 15:00:00,2023,10,18,15,0,75,75113,BOULEVARD KELLERMANN,48.821013,2.350756,Plein jour,En agglomération,Intersection en X,Pluie forte,Autre collision,4,2,4,0,2,1,2,0,4,50,1,2,1,0,0,1,,,deux_roues,,1,2,2,3,6
202300013634,2023-10-18 15:00:00,2023,10,18,15,0,75,75113,BOULEVARD KELLERMANN,48.821013,2.350756,Plein jour,En agglomération,Intersection en X,Pluie forte,Autre collision,4,2, -1,-1,1,1,2,0,4,-1,1,2,1,0,0,1,,,deux_roues,,1,2,2,3,6
202300013635,2023-10-18 20:25:00,2023,10,18,20,25,75,75111,RUE DU CHEMIN VERT,48.857792,2.370931,Nuit avec éclairage allumé,En agglomération,Intersection en X,Normale,Autre collision,4,2,4,1,1,1,2,0,1,30,1,2,1,0,0,1,24.0,,deux_roues,,5,2,2,1,6
202300013635,2023-10-18 20:25:00,2023,10,18,20,25,75,75111,RUE DU CHEMIN VERT,48.857792,2.370931,Nuit avec éclairage allumé,En agglomération,Intersection en X,Normale,Autre collision,4,1,1,0,2,1,2,0,1,30,1,2,1,0,0,1,24.0,,deux_roues,,5,2,2,1,6
202300013636,2023-10-18 12:00:00,2023,10,18,12,0,75,75120,BOULEVARD DE CHARONNE,48.857702,2.392276,Plein jour,En agglomération,Hors intersection,Normale,Autre collision,4,3,1,0,1,1,1,0,1,30,1,2,1,0,0,1,,,deux_roues,,1,2,1,1,6
202300013637,2023-10-18 17:30:00,2023,10,18,17,30,75,75110,BOULEVARD DE STRASBOURG,48.870612,2.355016,Plein jour,En agglomération,Intersection en T,Pluie légère,Autre collision,4,1,4,1,1,1,2,-1,5,30,1,2,1,0,0,1,,,deux_roues,,1,2,3,2,6
202300013637,2023-10-18 17:30:00,2023,10,18,17,30,75,75110,BOULEVARD DE STRASBOURG,48.870612,2.355016,Plein jour,En agglomération,Intersection en T,Pluie légère,Autre collision,4,-1, -1,-1,1,1,2,-1,5,-1,1,2,1,0,0,1,,,deux_roues,,1,2,3,2,6
202300013638,2023-10-18 17:10:00,2023,10,18,17,10,75,75110,BOULEVARD DE MAGENTA,48.868495,2.362983,Crépuscule ou aube,En agglomération,Place,Pluie légère,Deux véhicules - arrière,4,2,7,2,1,1,2,-1,5,30,2,3,2,0,0,1,56.0,45.0,voiture,deux_roues,2,2,7,2,2
202300013638,2023-10-18 17:10:00,2023,10,18,17,10,75,75110,BOULEVARD DE MAGENTA,48.868495,2.362983,Crépuscule ou aube,En agglomération,Place,Pluie légère,Deux véhicules - arrière,4,2, -1,-1,1,1,2,-1,5,-1,2,3,2,0,0,1,56.0,45.0,voiture,deux_roues,2,2,7,2,2
202300013639,2023-10-18 13:10:00,2023,10,18,13,10,75,75110,BOULEVARD DE STRASBOURG,48.870605,2.355001,Plein jour,En agglomération,Intersection en T,Pluie légère,Deux véhicules - côté,4,1,3,1,1,1,2,-1,5,30,2,2,1,0,0,1,30.0,33.0,deux_roues,voiture,1,2,3,2,3
202300013639,2023-10-18 13:10:00,2023,10,18,13,10,75,75110,BOULEVARD DE STRASBOURG,48.870605,2.355001,Plein jour,En agglomération,Intersection en T,Pluie légère,Deux véhicules - côté,4,1,2,1,1,1,2,-1,5,30,2,2,1,0,0,1,30.0,33.0,deux_roues,voiture,1,2,3,2,3
202300013640,2023-10-18 09:10:00,2023,10,18,9,10,75,75110,RUE DU FAUBOURG SAINT MARTIN,48.876804,2.361025,Plein jour,En agglomération,Hors intersection,Normale,Autre collision,4,2,4,1,2,1,1,0,1,30,1,2,1,0,0,1,51.0,,deux_roues,,1,2,1,1,6
202300013641,2023-10-18 19:50:00,2023,10,18,19,50,75,75109,RUE LA FAYETTE,48.873624,2.335346,Nuit avec éclairage allumé,En agglomération,Intersection en X,Pluie légère,Autre collision,4,1, -1,-1,1,1,2,0,1,-1,1,2,1,0,0,1,,,voiture,,5,2,2,2,6
202300013641,2023-10-18 19:50:00,2023,10,18,19,50,75,75109,RUE LA FAYETTE,48.873624,2.335346,Nuit avec éclairage allumé,En agglomération,Intersection en X,Pluie légère,Autre collision,4,1,2,0,1,1,2,0,1,30,1,2,1,0,0,1,,,voiture,,5,2,2,2,6
202300013642,2023-10-18 14:20:00,2023,10,18,14,20,75,75109,RUE DE LA CHAUSSEE D ANTIN,48.875261,2.332291,Plein jour,En agglomération,Intersection en X,Pluie forte,Autre collision,4,1,3,1,1,1,3,0,1,30,1,2,1,0,0,1,91.0,,voiture,,1,2,2,3,6
202300013642,2023-10-18 14:20:00,2023,10,18,14,20,75,75109,RUE DE LA CHAUSSEE D ANTIN,48.875261,2.332291,Plein jour,En agglomération,Intersection en X,Pluie forte,Autre collision,4,1,2,2,1,1,3,0,1,30,1,2,1,0,0,1,91.0,,voiture,,1,2,2,3,6
202300013643,2023-10-17 10:20:00,2023,10,17,10,20,75,75107,AVENUE DE VILLARS,48.85177393,2.313844,Plein jour,En agglomération,Intersection en X,Normale,Trois véhicules et plus - en chaîne,4,2,2,0,1,1,1,0,1,30,3,3,1,0,0,2,52.0,26.0,transport_commun,utilitaire_camion,1,2,2,1,4
202300013643,2023-10-17 10:20:00,2023,10,17,10,20,75,75107,AVENUE DE VILLARS,48.85177393,2.313844,Plein jour,En agglomération,Intersection en X,Normale,Trois véhicules et plus - en chaîne,4,-1, -1,-1,1,1,1,0,1,30,3,3,1,0,0,2,52.0,26.0,transport_commun,utilitaire_camion,1,2,2,1,4
202300013644,2023-10-18 18:50:00,2023,10,18,18,50,94,94074,Avenue Henri Barbusse,48.77125,2.44026,Plein jour,En agglomération,Hors intersection,Pluie légère,Deux véhicules - arrière,2,2,2,0,1,1,2,0,1,50,2,2,1,0,1,0,20.0,56.0,utilitaire_camion,utilitaire_camion,1,2,1,2,2
202300013645,2023-10-18 09:40:00,2023,10,18,9,40,94,94078,Place Pierre Semard,48.729242,2.44713,Plein jour,En agglomération,Hors intersection,Normale,Deux véhicules - côté,4,2,4,0,1,1,1,0,6,50,2,2,1,0,0,1,23.0,49.0,utilitaire_camion,transport_commun,1,2,1,1,3
202300013646,2023-10-18 07:35:00,2023,10,18,7,35,94,94074,Rue Salvador Allende,48.751357,2.461364,Nuit avec éclairage allumé,En agglomération,Hors intersection,Normale,Deux véhicules - arrière,3,2,2,0,1,1,1,0,1,50,2,2,1,0,0,1,38.0,29.0,voiture,voiture,5,2,1,1,2
202300013647,2023-10-18 19:00:00,2023,10,18,19,0,94,94033,Avenue du Maréchal Joffre,48.85333,2.47588,Nuit avec éclairage allumé,En agglomération,Hors intersection,Pluie légère,Autre collision,3,3,2,0,2,1,2,0,1,30,1,2,1,0,0,1,17.0,,deux_roues,,5,2,1,2,6
202300013648,2023-10-18 12:35:00,2023,10,18,12,35,94,94028,Route de Choisy,48.77701508,2.44166724,Plein jour,En agglomération,Hors intersection,Normale,Deux véhicules - arrière,3,1,0,0,1,1,1,0,1,50,2,2,0,0,0,2,22.0,58.0,utilitaire_camion,voiture,1,2,1,1,2
202300013649,2023-10-18 05:05:00,2023,10,18,5,5,94,94028,Rue Monfray,48.79126,2.46526,Nuit sans éclairage public,En agglomération,Hors intersection,Normale,Autre collision,6,-1, -1,0,1,1,1,9,6,30,1,1,0,0,0,1,38.0,,voiture,,3,2,1,1,6
202300013650,2023-10-18 08:40:00,2023,10,18,8,40,94,94071,Rue de Villeneuve,48.7667,2.50886,Plein jour,En agglomération,Hors intersection,Normale,Deux véhicules - côté,3,2,2,0,1,1,1,0,1,50,2,2,0,0,0,2,56.0,33.0,voiture,voiture,1,2,1,1,3
202300013651,2023-04-28 14:47:00,2023,4,28,14,47,37,37228,A85,47.256893,0.162553,Plein jour,Hors agglomération,Hors intersection,Normale,Deux véhicules - arrière,1,3,2,0,1,1,1,0,1,130,2,2,1,0,0,1,50.0,24.0,utilitaire_camion,voiture,1,1,1,1,2
202300013652,2023-10-18 12:40:00,2023,10,18,12,40,93,93078,Boulevard Robert Ballanger,48.95629216,2.54134427,Plein jour,En agglomération,Hors intersection,Temps couvert,Trois véhicules et plus - en chaîne,3,2,3,0,1,1,1,0,1,50,3,5,4,0,0,1,33.0,46.0,utilitaire_camion,voiture,1,2,1,8,4
202300013653,2023-04-16 19:20:00,2023,4,16,19,20,56,56033,D773,47.820633,-2.124041,Plein jour,Hors agglomération,Intersection en X,Normale,Deux véhicules - côté,3,2,2,0,1,1,1,0,1,80,2,4,2,0,0,2,39.0,50.0,voiture,voiture,1,1,2,1,3
202300013653,2023-04-16 19:20:00,2023,4,16,19,20,56,56033,D773,47.820633,-2.124041,Plein jour,Hors agglomération,Intersection en X,Normale,Deux véhicules - côté,3,2,2,0,1,1,1,0,1,80,2,4,2,0,0,2,39.0,50.0,voiture,voiture,1,1,2,1,3
202300013654,2023-10-18 12:40:00,2023,10,18,12,40,93,93066,Rue Paul Eluard,48.94145,2.34243,Plein jour,En agglomération,Hors intersection,Pluie légère,Trois véhicules et plus - collisions multiples,3,2,3,0,1,1,2,0,1,50,3,3,2,0,0,1,30.0,47.0,deux_roues,voiture,1,2,1,2,5
202300013655,2023-04-29 03:30:00,2023,4,29,3,30,56,56002,,47.5558,-2.49632,Nuit sans éclairage public,Hors agglomération,Hors intersection,Normale,Autre collision,2,3,4,0,2,1,1,0,1,110,1,4,1,0,1,2,19.0,,voiture,,3,1,1,1,6
202300013656,2023-10-18 20:00:00,2023,10,18,20,0,93,93064,Rue Laënnec,48.877417,2.499015,Nuit avec éclairage allumé,En agglomération,Hors intersection,Pluie légère,Autre collision,4,2,2,0,2,1,2,0,1,50,1,1,0,0,0,1,76.0,,voiture,,5,2,1,2,6
202300013657,2023-04-28 13:00:00,2023,4,28,13,0,76,76232,Rue des Wagands,49.797292,0.471425,Plein jour,En agglomération,Hors intersection,Temps couvert,Sans collision,4,2,2,0,1,1,1,0,1,50,1,1,0,1,0,0,70.0,,voiture,,1,2,1,8,7
202300013658,2023-10-18 19:18:00,2023,10,18,19,18,93,93031,Avenue Joffre,48.96007,2.29869,Nuit avec éclairage allumé,En agglomération,Hors intersection,Pluie légère,Deux véhicules - côté,3,1,2,0,1,1,2,0,4,50,2,2,1,0,0,1,24.0,13.0,deux_roues,deux_roues,5,2,1,2,3
202300013659,2023-04-29 16:10:00,2023,4,29,16,10,76,76524,D50,49.751402,0.866324,Plein jour,En agglomération,Intersection en X,Normale,Deux véhicules - côté,3,2,2,0,1,1,1,0,1,50,2,3,1,0,1,1,18.0,20.0,deux_roues,voiture,1,2,2,1,3
202300013659,2023-04-29 16:10:00,2023,4,29,16,10,76,76524,D50,49.751402,0.866324,Plein jour,En agglomération,Intersection en X,Normale,Deux véhicules - côté,3,2,2,0,1,1,1,0,1,50,2,3,1,0,1,1,18.0,20.0,deux_roues,voiture,1,2,2,1,3
202300013660,2023-10-18 07:10:00,2023,10,18,7,10,93,93029,STALINGRAD (DE),48.91722,2.419676,Nuit avec éclairage allumé,En agglomération,Hors intersection,Pluie légère,Deux véhicules - frontale,3,1,2,0,1,1,2,0,1,50,2,2,1,0,0,1,58.0,67.0,voiture,deux_roues,5,2,1,2,1
202300013661,2023-04-29 02:17:00,2023,4,29,2,17,80,80271,Rue d'Ecosse,50.012259,3.119039,Nuit sans éclairage public,En agglomération,Hors intersection,Normale,Sans collision,4,2,2,0,1,1,1,0,1,50,1,2,0,0,2,0,44.0,,deux_roues,,3,2,1,1,7
202300013662,2023-10-17 16:40:00,2023,10,17,16,40,93,93029,Avenue Henri Barbusse,48.92298,2.45779,Plein jour,En agglomération,Hors intersection,Normale,Deux véhicules - côté,3,2,2,0,1,1,1,0,1,30,2,2,1,0,1,0,19.0,60.0,voiture,deux_roues,1,2,1,1,3
202300013663,2023-04-29 09:40:00,2023,4,29,9,40,65,65129,Route du Comminges,43.293153,0.518289,Plein jour,En agglomération,Hors intersection,Normale,Deux véhicules - arrière,3,2,2,0,1,1,1,0,1,70,2,3,2,0,1,0,46.0,26.0,deux_roues,deux_roues,1,2,1,1,2
202300013664,2023-10-17 10:30:00,2023,10,17,10,30,93,93029,Avenue Henri Barbusse / Rue du Docteur Albert Schweitzer,48.9234,2.45931,Plein jour,En agglomération,Intersection en T,Normale,Deux véhicules - arrière,3,2,3,3,1,1,1,0,1,50,2,3,2,0,0,1,17.0,52.0,deux_roues,voiture,1,2,3,1,2
202300013664,2023-10-17 10:30:00,2023,10,17,10,30,93,93029,Avenue Henri Barbusse / Rue du Docteur Albert Schweitzer,48.9234,2.45931,Plein jour,En agglomération,Intersection en T,Normale,Deux véhicules - arrière,3,1,1,0,1,1,1,0,1,-1,2,3,2,0,0,1,17.0,52.0,deux_roues,voiture,1,2,3,1,2
202300013665,2023-04-28 18:30:00,2023,4,28,18,30,81,81128,Lacrouzette,43.65604435,2.36735031,Plein jour,Hors agglomération,Intersection en Y,Normale,Deux véhicules - frontale,3,2,2,0,1,1,1,0,1,80,2,2,1,0,1,0,27.0,46.0,voiture,deux_roues,1,1,4,1,1
202300013665,2023-04-28 18:30:00,2023,4,28,18,30,81,81128,Lacrouzette,43.65604435,2.36735031,Plein jour,Hors agglomération,Intersection en Y,Normale,Deux véhicules - frontale,3,2,1,-1,2,1,1,0,1,-1,2,2,1,0,1,0,27.0,46.0,voiture,deux_roues,1,1,4,1,1
202300013666,2023-10-18 11:20:00,2023,10,18,11,20,92,92063,RICHELIEU (BOULEVARD),48.86959032,2.1854724,Plein jour,En agglomération,Hors intersection,Normale,Autre collision,3,-1,2,0,1,1,1,0,1,50,2,2,1,0,0,1,,35.0,voiture,deux_roues,1,2,1,1,6
202300013667,2023-04-28 17:00:00,2023,4,28,17,0,11,11262,,43.163507,3.051517,Plein jour,Hors agglomération,Hors intersection,Normale,Sans collision,3,2,2,0,1,1,1,0,3,80,1,1,0,1,0,0,86.0,,voiture,,1,1,1,1,7
202300013668,2023-04-29 01:15:00,2023,4,29,1,15,63,63003,D65,45.5675852,3.71462591,Nuit sans éclairage public,Hors agglomération,Hors intersection,Pluie forte,Autre collision,3,2,2,0,2,3,2,0,3,90,1,4,2,0,0,2,20.0,,voiture,,3,1,1,3,6