accident_id,datetime,annee,mois,jour,heure,minute,departement,commune_insee,adresse,latitude,longitude,luminosite,agglomeration,intersection,meteo,collision,catr,circ,nbv,vosp,prof,plan,surf,infra,situ,vma,nb_vehicules,nb_usagers,nb_indemnes,nb_tues,nb_blesses_hosp,nb_blesses_legers,age_cond_1,age_cond_2,veh_type_cond_1,veh_type_cond_2,lum_code,agg_code,int_code,atm_code,col_code
202300013669,2023-10-18 10:30:00,2023,10,18,10,30,92,92051,"CHARLES DE GAULLE (AVENUE,N°118 A 192 +",48.88330756,2.26485443,Plein jour,En agglomération,Hors intersection,Normale,Trois véhicules et plus - collisions multiples,2,1,3,0,1,1,1,8,1,50,3,3,2,0,0,1,64.0,60.0,voiture,deux_roues,1,2,1,1,5
202300013670,2023-04-28 21:45:00,2023,4,28,21,45,63,63453,80 Avenue Jacques Duclos,45.786164,3.283961,Nuit avec éclairage allumé,En agglomération,Hors intersection,Normale,Autre collision,3,2,2,0,1,1,1,0,3,50,1,1,0,1,0,0,49.0,,deux_roues,,5,2,1,1,6
202300013671,2023-10-18 03:00:00,2023,10,18,3,0,92,92051,"CHARLES DE GAULLE (AVENUE, N° 18 A 116)",48.87955016,2.27702683,Nuit avec éclairage allumé,En agglomération,Hors intersection,Normale,Deux véhicules - arrière,2,1,2,0,1,1,1,0,1,50,2,4,1,0,0,3,46.0,40.0,voiture,voiture,5,2,1,1,2
202300013672,2023-04-29 13:25:00,2023,4,29,13,25,46,46317,Combarele,44.81034293,1.74710408,Plein jour,Hors agglomération,Hors intersection,Pluie légère,Sans collision,3,2,2,0,2,3,2,0,3,80,1,1,0,0,0,1,49.0,,deux_roues,,1,1,1,2,7
202300013673,2023-10-18 18:55:00,2023,10,18,18,55,92,92048,rue du PETIT CLAMART,48.78203474,2.22628579,Crépuscule ou aube,En agglomération,Hors intersection,Pluie légère,Deux véhicules - côté,3,2,3,0,1,1,2,0,1,50,2,2,1,0,0,1,30.0,34.0,voiture,deux_roues,2,2,1,2,3
202300013674,2023-04-29 13:40:00,2023,4,29,13,40,29,29273,Rue de la Plaine,48.694374,-4.0346,Plein jour,Hors agglomération,Autre intersection,Normale,Deux véhicules - côté,3,2,2,0,2,1,1,0,1,50,2,2,1,0,1,0,26.0,37.0,voiture,deux_roues,1,1,9,1,3
202300013675,2023-10-18 08:50:00,2023,10,18,8,50,92,92035,Raymond Ridel ( rue ),48.90493509,2.2536571,Plein jour,En agglomération,Intersection en X,Temps couvert,Deux véhicules - côté,4,1,1,0,1,1,2,0,1,50,2,2,1,0,0,1,33.0,41.0,deux_roues,voiture,1,2,2,8,3
202300013675,2023-10-18 08:50:00,2023,10,18,8,50,92,92035,Raymond Ridel ( rue ),48.90493509,2.2536571,Plein jour,En agglomération,Intersection en X,Temps couvert,Deux véhicules - côté,4,1,1,0,1,1,2,9,1,50,2,2,1,0,0,1,33.0,41.0,deux_roues,voiture,1,2,2,8,3
202300013676,2023-04-29 10:40:00,2023,4,29,10,40,31,31143,D33l,43.05789,0.635329,Plein jour,Hors agglomération,Hors intersection,Pluie légère,Sans collision,3,2,2,0,1,3,2,0,8,80,1,1,0,0,0,1,18.0,,deux_roues,,1,1,1,2,7
202300013677,2023-10-18 17:05:00,2023,10,18,17,5,92,92012,GENERAL LECLERC (AVENUE DU) 35/FIN - 60/,48.83070344,2.23440921,Crépuscule ou aube,En agglomération,Hors intersection,Pluie légère,Deux véhicules - arrière,3,1,4,0,1,1,2,0,1,50,2,2,1,0,0,1,,42.0,utilitaire_camion,voiture,2,2,1,2,2
202300013678,2023-04-28 20:00:00,2023,4,28,20,0,38,38343,Route du Bugey,45.54304,5.66227,Crépuscule ou aube,Hors agglomération,Intersection en X,Normale,Deux véhicules - frontale,3,2,2,0,1,1,1,0,1,80,2,3,0,0,0,3,31.0,18.0,voiture,voiture,2,1,2,1,1
202300013678,2023-04-28 20:00:00,2023,4,28,20,0,38,38343,Route du Bugey,45.54304,5.66227,Crépuscule ou aube,Hors agglomération,Intersection en X,Normale,Deux véhicules - frontale,3,2,2,0,1,1,1,0,1,80,2,3,0,0,0,3,31.0,18.0,voiture,voiture,2,1,2,1,1
202300013679,2023-10-18 13:55:00,2023,10,18,13,55,92,92012,EDOUARD VAILLANT (AVENUE) 57/FIN - 58/FI,48.83368543,2.24398792,Plein jour,En agglomération,Hors intersection,Pluie légère,Deux véhicules - côté,3,2,2,0,2,1,2,1,1,50,2,2,1,0,0,1,30.0,31.0,voiture,deux_roues,1,2,1,2,3
202300013680,2023-04-28 13:30:00,2023,4,28,13,30,15,15187,4 Rue Baptiste Rozières,45.040141,3.070139,Plein jour,En agglomération,Hors intersection,Normale,Deux véhicules - frontale,4,2,2,0,2,1,1,0,8,50,2,2,1,0,1,0,47.0,56.0,deux_roues,voiture,1,2,1,1,1
202300013681,2023-10-18 12:30:00,2023,10,18,12,30,92,92012,GEORGES GORSE (QUAI),48.82607,2.23311,Plein jour,En agglomération,Intersection en X,Temps couvert,Trois véhicules et plus - en chaîne,3,1,0,0,1,1,1,0,1,50,3,4,3,0,0,1,45.0,,deux_roues,utilitaire_camion,1,2,2,8,4
202300013681,2023-10-18 12:30:00,2023,10,18,12,30,92,92012,GEORGES GORSE (QUAI),48.82607,2.23311,Plein jour,En agglomération,Intersection en X,Temps couvert,Trois véhicules et plus - en chaîne,3,1,0,1,1,1,1,0,1,50,3,4,3,0,0,1,45.0,,deux_roues,utilitaire_camion,1,2,2,8,4
202300013682,2023-04-28 14:45:00,2023,4,28,14,45,01,01374,intersection chemin des bordes - RD 1075,46.118611,5.29732,Plein jour,Hors agglomération,Intersection en X,Normale,Deux véhicules - côté,3,2,2,0,1,1,1,0,1,80,2,3,1,0,2,0,27.0,71.0,voiture,voiture,1,1,2,1,3
202300013682,2023-04-28 14:45:00,2023,4,28,14,45,01,01374,intersection chemin des bordes - RD 1075,46.118611,5.29732,Plein jour,Hors agglomération,Intersection en X,Normale,Deux véhicules - côté,3,2,2,0,1,1,1,0,1,80,2,3,1,0,2,0,27.0,71.0,voiture,voiture,1,1,2,1,3
202300013683,2023-10-17 22:00:00,2023,10,17,22,0,92,92004,AULAGNIER ( QUAI ),48.91309373,2.30692363,Nuit sans éclairage public,En agglomération,Hors intersection,Normale,Deux véhicules - arrière,3,-1,3,0,1,1,1,0,1,50,2,3,2,0,0,1,21.0,36.0,deux_roues,voiture,3,2,1,1,2
202300013684,2023-04-28 11:35:00,2023,4,28,11,35,70,70567,D96,47.545879,6.649298,Plein jour,Hors agglomération,Intersection en T,Pluie légère,Deux véhicules - côté,3,2,2,0,1,1,2,0,1,80,2,2,0,0,0,2,74.0,19.0,voiture,voiture,1,1,3,2,3
202300013684,2023-04-28 11:35:00,2023,4,28,11,35,70,70567,D96,47.545879,6.649298,Plein jour,Hors agglomération,Intersection en T,Pluie légère,Deux véhicules - côté,3,2, -1,-1,1,1,2,0,1,-1,2,2,0,0,0,2,74.0,19.0,voiture,voiture,1,1,3,2,3
202300013685,2023-10-18 06:30:00,2023,10,18,6,30,92,92002,ADOLPHE PAJEAUD (RUE),48.74022403,2.28017235,Nuit avec éclairage allumé,En agglomération,Hors intersection,Pluie légère,Deux véhicules - côté,3,1,1,0,1,1,2,0,1,50,2,2,0,0,0,2,55.0,36.0,voiture,voiture,5,2,1,2,3
202300013686,2023-04-29 16:35:00,2023,4,29,16,35,54,54018,D643,49.278082,5.875211,Plein jour,Hors agglomération,Hors intersection,Normale,Trois véhicules et plus - collisions multiples,3,2,2,0,1,1,1,0,1,80,3,4,1,1,2,0,41.0,43.0,deux_roues,deux_roues,1,1,1,1,5
202300013687,2023-04-28 15:40:00,2023,4,28,15,40,72,72071,Rue Oscar Moneris,47.687919,0.450273,Plein jour,Hors agglomération,Hors intersection,Normale,Deux véhicules - frontale,3,2,2,0,1,1,1,0,1,70,2,3,1,0,1,1,24.0,20.0,voiture,voiture,1,1,1,1,1
202300013688,2023-10-19 08:00:00,2023,10,19,8,0,60,60590,D901,49.537554,1.997795,Crépuscule ou aube,Hors agglomération,Intersection en T,Temps couvert,Trois véhicules et plus - en chaîne,3,2,2,0,2,1,2,5,1,80,3,3,2,0,0,1,27.0,31.0,voiture,voiture,2,1,3,8,4
202300013688,2023-10-19 08:00:00,2023,10,19,8,0,60,60590,D901,49.537554,1.997795,Crépuscule ou aube,Hors agglomération,Intersection en T,Temps couvert,Trois véhicules et plus - en chaîne,3,2, -1,-1,1,1,1,0,1,-1,3,3,2,0,0,1,27.0,31.0,voiture,voiture,2,1,3,8,4
202300013689,2023-04-24 16:15:00,2023,4,24,16,15,14,14716,720 Route des Vallées,49.18206924,-0.72347546,Plein jour,Hors agglomération,Intersection en X,Normale,Deux véhicules - frontale,3,2,2,0,1,1,1,0,1,80,2,2,1,0,0,1,16.0,34.0,deux_roues,voiture,1,1,2,1,1
202300013689,2023-04-24 16:15:00,2023,4,24,16,15,14,14716,720 Route des Vallées,49.18206924,-0.72347546,Plein jour,Hors agglomération,Intersection en X,Normale,Deux véhicules - frontale,3,2,2,0,1,1,1,0,1,80,2,2,1,0,0,1,16.0,34.0,deux_roues,voiture,1,1,2,1,1
202300013690,2023-09-10 19:20:00,2023,9,10,19,20,60,60387,Rue du Chauffour,49.577572,1.963227,Crépuscule ou aube,En agglomération,Hors intersection,Normale,Deux véhicules - côté,4,1,2,0,2,1,1,0,1,50,2,2,1,0,1,0,42.0,,deux_roues,autre,2,2,1,1,3
202300013691,2023-10-19 10:40:00,2023,10,19,10,40,63,63116,117 Avenue Etienne Clémentel,45.982263,3.08808,Plein jour,En agglomération,Hors intersection,Pluie forte,Autre collision,3,2,2,0,1,1,2,0,1,30,1,2,1,0,0,1,77.0,,voiture,,1,2,1,3,6
202300013692,2023-04-28 18:25:00,2023,4,28,18,25,50,50378,D51,48.976471,-1.241241,Plein jour,Hors agglomération,Intersection en X,Normale,Deux véhicules - côté,3,2,2,0,1,1,1,0,1,80,2,2,1,0,0,1,23.0,87.0,deux_roues,voiture,1,1,2,1,3
202300013692,2023-04-28 18:25:00,2023,4,28,18,25,50,50378,D51,48.976471,-1.241241,Plein jour,Hors agglomération,Intersection en X,Normale,Deux véhicules - côté,3,2,2,0,1,1,1,0,1,80,2,2,1,0,0,1,23.0,87.0,deux_roues,voiture,1,1,2,1,3
202300013693,2023-03-08 22:30:00,2023,3,8,22,30,40,40185,RD 111,43.595708,-0.367248,Nuit sans éclairage public,Hors agglomération,Intersection en Y,Pluie forte,Sans collision,3,2,2,0,1,1,2,0,1,80,1,1,0,0,1,0,31.0,,voiture,,3,1,4,3,7
202300013693,2023-03-08 22:30:00,2023,3,8,22,30,40,40185,RD 111,43.595708,-0.367248,Nuit sans éclairage public,Hors agglomération,Intersection en Y,Pluie forte,Sans collision,3,-1, -1,-1,-1,-1,-1,-1,-1,-1,1,1,0,0,1,0,31.0,,voiture,,3,1,4,3,7
202300013694,2023-10-18 16:25:00,2023,10,18,16,25,64,64410,Avenue du lac,43.378458,-0.602692,Plein jour,En agglomération,Intersection en T,Normale,Trois véhicules et plus - collisions multiples,3,2,2,2,1,2,1,0,5,50,4,4,1,0,1,2,61.0,73.0,deux_roues,deux_roues,1,2,3,1,5
202300013694,2023-10-18 16:25:00,2023,10,18,16,25,64,64410,Avenue du lac,43.378458,-0.602692,Plein jour,En agglomération,Intersection en T,Normale,Trois véhicules et plus - collisions multiples,3,1, -1,-1,1,2,1,0,1,-1,4,4,1,0,1,2,61.0,73.0,deux_roues,deux_roues,1,2,3,1,5
202300013695,2023-04-29 06:15:00,2023,4,29,6,15,40,40197,D 38 - route des plages,44.036887,-0.962934,Nuit sans éclairage public,Hors agglomération,Hors intersection,Normale,Autre collision,3,2,2,0,1,1,1,0,1,80,2,3,0,0,0,3,31.0,19.0,voiture,voiture,3,1,1,1,6
202300013696,2023-04-29 02:25:00,2023,4,29,2,25,40,40062,CD 38,43.917537,-0.601555,Nuit sans éclairage public,En agglomération,Hors intersection,Normale,Autre collision,3,2,2,0,1,1,1,0,1,50,1,1,0,0,1,0,21.0,,deux_roues,,3,2,1,1,6
202300013697,2023-10-18 07:08:00,2023,10,18,7,8,01,01288,D984,46.199958,5.94988,Nuit sans éclairage public,Hors agglomération,Intersection en T,Temps couvert,Deux véhicules - frontale,3,2,2,0,2,1,1,0,1,80,2,2,1,1,0,0,20.0,44.0,voiture,deux_roues,3,1,3,8,1
202300013697,2023-10-18 07:08:00,2023,10,18,7,8,01,01288,D984,46.199958,5.94988,Nuit sans éclairage public,Hors agglomération,Intersection en T,Temps couvert,Deux véhicules - frontale,3,2,3,0,2,1,1,0,1,80,2,2,1,1,0,0,20.0,44.0,voiture,deux_roues,3,1,3,8,1
202300013698,2023-04-29 15:10:00,2023,4,29,15,10,85,85280,RD948,46.874854,-1.947879,Plein jour,Hors agglomération,Hors intersection,Normale,Trois véhicules et plus - collisions multiples,3,2,2,0,1,1,1,0,1,70,3,4,2,0,1,1,83.0,71.0,voiture,voiture,1,1,1,1,5
202300013699,2023-10-18 17:15:00,2023,10,18,17,15,22,22020,N12 PK 06.000,48.29252,-2.21602,Plein jour,Hors agglomération,Hors intersection,Pluie légère,Autre collision,2,3,2,0,1,1,8,3,3,110,1,5,4,0,0,1,47.0,,voiture,,1,1,1,2,6
202300013700,2023-04-28 15:20:00,2023,4,28,15,20,30,30106,RD 982,43.979406,3.927999,Plein jour,Hors agglomération,Hors intersection,Normale,Deux véhicules - côté,3,2,2,0,2,1,1,0,1,80,2,2,1,0,0,1,83.0,70.0,voiture,deux_roues,1,1,1,1,3
202300013701,2023-10-18 18:45:00,2023,10,18,18,45,974,97413,N1a,-21.231689,55.296487,Nuit avec éclairage allumé,En agglomération,Hors intersection,Normale,Deux véhicules - côté,2,2,2,0,1,1,1,0,1,50,2,2,1,0,1,0,52.0,39.0,deux_roues,voiture,5,2,1,1,3
202300013702,2023-04-29 19:30:00,2023,4,29,19,30,08,08095,10 Route d?Omont,49.574539,4.710458,Plein jour,En agglomération,Hors intersection,Normale,Autre collision,3,2,2,0,4,3,1,0,3,50,1,1,0,0,1,0,20.0,,deux_roues,,1,2,1,1,6
202300013703,2023-10-11 10:10:00,2023,10,11,10,10,85,85109,15 Avenue des Sables,46.867644,-1.024958,Plein jour,En agglomération,Hors intersection,Pluie légère,Sans collision,4,2,2,0,2,1,2,0,1,50,1,1,0,0,0,1,17.0,,deux_roues,,1,2,1,2,7
202300013704,2023-04-29 15:45:00,2023,4,29,15,45,08,08203,RD 28,49.68385,4.654952,Plein jour,Hors agglomération,Hors intersection,Normale,Sans collision,3,2,2,0,2,3,1,0,3,80,1,2,0,1,0,1,21.0,,deux_roues,,1,1,1,1,7
202300013705,2023-04-28 09:54:00,2023,4,28,9,54,57,57119,Route nationale 4 - PK 020+050,48.730266,7.07056,Plein jour,Hors agglomération,Hors intersection,Pluie légère,Deux véhicules - arrière,2,3,2,0,1,1,2,0,1,100,2,2,1,0,1,0,50.0,50.0,utilitaire_camion,transport_commun,1,1,1,2,2
202300013706,2023-04-26 07:15:00,2023,4,26,7,15,13,13114,Route de Berre,43.545908,5.333852,Crépuscule ou aube,Hors agglomération,Hors intersection,Temps éblouissant,Deux véhicules - frontale,3,2,2,0,1,1,1,0,1,80,2,2,1,0,0,1,27.0,68.0,voiture,voiture,2,1,1,7,1
202300013707,2023-04-29 17:30:00,2023,4,29,17,30,988,98825,RT1,-21.209409,164.89205,Plein jour,Hors agglomération,Hors intersection,Normale,Autre collision,2,2,2,0,1,1,1,0,3,110,1,1,0,0,1,0,49.0,,utilitaire_camion,,1,1,1,1,6
202300013708,2023-10-19 08:10:00,2023,10,19,8,10,62,62870,D901,50.393418,1.727257,Crépuscule ou aube,Hors agglomération,Hors intersection,Pluie légère,Deux véhicules - frontale,3,2,2,0,1,1,2,0,1,80,2,4,3,0,0,1,27.0,59.0,voiture,utilitaire_camion,2,1,1,2,1
202300013709,2023-04-29 05:15:00,2023,4,29,5,15,973,97305,Chemin Departemental 5,5.004356,-52.46226,Nuit avec éclairage allumé,En agglomération,Intersection en T,Normale,Deux véhicules - arrière,2,2,1,0,1,1,1,5,1,50,2,2,0,0,1,1,26.0,30.0,voiture,deux_roues,5,2,3,1,2
202300013709,2023-04-29 05:15:00,2023,4,29,5,15,973,97305,Chemin Departemental 5,5.004356,-52.46226,Nuit avec éclairage allumé,En agglomération,Intersection en T,Normale,Deux véhicules - arrière,2,2, -1,-1,1,1,1,0,1,-1,2,2,0,0,1,1,26.0,30.0,voiture,deux_roues,5,2,3,1,2
202300013710,2023-10-18 11:00:00,2023,10,18,11,0,77,77182,7 Avenue de la Maison Blanche,48.78178,3.296,Plein jour,En agglomération,Hors intersection,Normale,Autre collision,6,2,2,0,1,1,1,0,1,-1,1,2,1,0,0,1,32.0,,utilitaire_camion,,1,2,1,1,6
202300013711,2023-04-29 03:40:00,2023,4,29,3,40,971,97107,Poirier,16.087898,-61.563123,Nuit avec éclairage non allumé,Hors agglomération,Hors intersection,Pluie légère,Autre collision,2,2,2,3,1,1,2,0,3,80,1,4,1,0,0,3,23.0,,voiture,,4,1,1,2,6
202300013712,2023-10-19 04:10:00,2023,10,19,4,10,95,95056,D85,49.090281,2.368683,Nuit avec éclairage non allumé,En agglomération,Intersection en X,Normale,Deux véhicules - côté,3,2,2,0,3,1,1,0,1,50,2,2,1,0,0,1,20.0,24.0,voiture,voiture,4,2,2,1,3
202300013712,2023-10-19 04:10:00,2023,10,19,4,10,95,95056,D85,49.090281,2.368683,Nuit avec éclairage non allumé,En agglomération,Intersection en X,Normale,Deux véhicules - côté,3,2,2,-1,1,1,1,0,1,-1,2,2,1,0,0,1,20.0,24.0,voiture,voiture,4,2,2,1,3
202300013713,2023-04-29 17:35:00,2023,4,29,17,35,45,45082,D11 PR 10 + 471,47.883247,2.198553,Plein jour,Hors agglomération,Intersection en X,Normale,Deux véhicules - côté,3,2,2,0,1,1,1,0,1,90,2,2,1,0,1,0,62.0,24.0,deux_roues,voiture,1,1,2,1,3
202300013713,2023-04-29 17:35:00,2023,4,29,17,35,45,45082,D11 PR 10 + 471,47.883247,2.198553,Plein jour,Hors agglomération,Intersection en X,Normale,Deux véhicules - côté,3,2,2,-1,1,1,1,0,1,-1,2,2,1,0,1,0,62.0,24.0,deux_roues,voiture,1,1,2,1,3
202300013714,2023-04-28 22:55:00,2023,4,28,22,55,77,77504,D218,48.287219,2.86534,Nuit sans éclairage public,Hors agglomération,Hors intersection,Normale,Sans collision,3,2,2,0,2,1,1,0,3,90,1,2,0,0,0,2,19.0,,voiture,,3,1,1,1,7
202300013715,2023-10-18 17:00:00,2023,10,18,17,0,56,56061,Rue du Relais Postal,47.763287,-2.129867,Plein jour,En agglomération,Hors intersection,Pluie légère,Autre collision,4,2,2,0,3,1,2,0,1,30,1,1,0,0,1,0,44.0,,utilitaire_camion,,1,2,1,2,6
202300013716,2023-10-19 07:55:00,2023,10,19,7,55,82,82165,Route du Gers,44.067985,0.869272,Crépuscule ou aube,Hors agglomération,Hors intersection,Normale,Deux véhicules - côté,3,2,2,0,1,1,2,0,1,70,2,2,1,0,1,0,15.0,37.0,deux_roues,voiture,2,1,1,1,3
202300013717,2023-10-18 20:15:00,2023,10,18,20,15,33,33490,Cours Georges Mandel,45.430639,-1.035086,Nuit avec éclairage allumé,En agglomération,Intersection en T,Normale,Deux véhicules - côté,3,2,2,0,1,1,1,0,1,30,2,3,2,0,1,0,69.0,18.0,voiture,deux_roues,5,2,3,1,3
202300013717,2023-10-18 20:15:00,2023,10,18,20,15,33,33490,Cours Georges Mandel,45.430639,-1.035086,Nuit avec éclairage allumé,En agglomération,Intersection en T,Normale,Deux véhicules - côté,3,2, -1,-1,1,1,1,0,1,30,2,3,2,0,1,0,69.0,18.0,voiture,deux_roues,5,2,3,1,3
202300013718,2023-04-28 16:33:00,2023,4,28,16,33,30,30156,D135,43.875018,4.443307,Plein jour,En agglomération,Hors intersection,Normale,Deux véhicules - frontale,3,2,2,0,1,2,1,0,1,80,2,2,1,0,1,0,29.0,64.0,voiture,voiture,1,2,1,1,1
202300013719,2023-07-27 18:50:00,2023,7,27,18,50,81,81288,Route de Carcassonne,43.439305,2.034918,Plein jour,Hors agglomération,Intersection en T,Normale,Deux véhicules - côté,3,2,2,0,1,1,1,9,1,80,2,3,1,0,2,0,59.0,15.0,voiture,deux_roues,1,1,3,1,3
202300013719,2023-07-27 18:50:00,2023,7,27,18,50,81,81288,Route de Carcassonne,43.439305,2.034918,Plein jour,Hors agglomération,Intersection en T,Normale,Deux véhicules - côté,3,2, -1,-1,3,4,1,5,1,80,2,3,1,0,2,0,59.0,15.0,voiture,deux_roues,1,1,3,1,3
202300013720,2023-04-29 13:10:00,2023,4,29,13,10,83,83101,Route des Plages,43.248551,6.646656,Plein jour,Hors agglomération,Hors intersection,Normale,Deux véhicules - côté,3,2,2,0,2,1,1,0,1,70,2,3,2,0,1,0,72.0,56.0,deux_roues,voiture,1,1,1,1,3
202300013721,2023-10-19 06:30:00,2023,10,19,6,30,11,11195,,43.277947,1.979749,Nuit sans éclairage public,Hors agglomération,Intersection en X,Pluie légère,Deux véhicules - arrière,3,2,2,0,1,1,2,0,1,80,2,2,1,0,1,0,23.0,45.0,voiture,deux_roues,3,1,2,2,2
202300013721,2023-10-19 06:30:00,2023,10,19,6,30,11,11195,,43.277947,1.979749,Nuit sans éclairage public,Hors agglomération,Intersection en X,Pluie légère,Deux véhicules - arrière,3,2,2,-1,1,1,2,0,1,-1,2,2,1,0,1,0,23.0,45.0,voiture,deux_roues,3,1,2,2,2
202300013722,2023-04-29 00:20:00,2023,4,29,0,20,38,38468,Autoroute A7 PK021.000 sens Nord / Sud,45.343308,4.807806,Nuit sans éclairage public,Hors agglomération,Hors intersection,Normale,Trois véhicules et plus - collisions multiples,1,1,3,0,1,1,1,0,1,130,4,5,1,0,2,2,33.0,81.0,voiture,voiture,3,1,1,1,5
202300013723,2023-10-18 10:10:00,2023,10,18,10,10,63,63258,Lieu Dit Giroux Gare,45.692425,3.594595,Plein jour,En agglomération,Hors intersection,Temps couvert,Deux véhicules - frontale,3,2,2,0,1,3,1,0,1,50,2,2,0,0,2,0,83.0,65.0,voiture,voiture,1,2,1,8,1
202300013724,2023-04-28 22:00:00,2023,4,28,22,0,89,89067,,47.983384,3.335558,Nuit sans éclairage public,Hors agglomération,Hors intersection,Normale,Deux véhicules - frontale,3,2,3,0,1,1,1,0,1,90,2,2,1,1,0,0,38.0,53.0,voiture,utilitaire_camion,3,1,1,1,1
202300013725,2023-10-10 22:15:00,2023,10,10,22,15,49,49125,D69,47.214423,-0.277834,Nuit sans éclairage public,Hors agglomération,Hors intersection,Normale,Autre collision,3,2,2,0,1,1,1,0,8,90,1,2,1,0,0,1,19.0,,deux_roues,,3,1,1,1,6
202300013726,2023-04-29 05:00:00,2023,4,29,5,0,68,68063,Faubourg de Belfort,47.796139,7.172856,Crépuscule ou aube,En agglomération,Intersection en T,Normale,Deux véhicules - frontale,3,2,2,0,1,1,1,0,1,50,2,2,1,0,0,1,24.0,23.0,voiture,voiture,2,2,3,1,1
202300013726,2023-04-29 05:00:00,2023,4,29,5,0,68,68063,Faubourg de Belfort,47.796139,7.172856,Crépuscule ou aube,En agglomération,Intersection en T,Normale,Deux véhicules - frontale,3,2, -1,-1,1,1,1,0,1,-1,2,2,1,0,0,1,24.0,23.0,voiture,voiture,2,2,3,1,1
202300013727,2023-04-29 15:00:00,2023,4,29,15,0,26,26173,Route de la Barberolle,44.970389,5.110896,Plein jour,Hors agglomération,Hors intersection,Normale,Autre collision,4,2,2,0,1,1,1,0,3,50,1,1,0,0,1,0,22.0,,voiture,,1,1,1,1,6
202300013728,2023-04-28 22:05:00,2023,4,28,22,5,26,26367,D538,44.376447,5.104566,Nuit sans éclairage public,Hors agglomération,Hors intersection,Normale,Autre collision,3,2,2,0,2,3,1,8,8,80,1,2,0,0,0,2,22.0,,voiture,,3,1,1,1,6
202300013729,2023-10-18 14:47:00,2023,10,18,14,47,22,22152,D786,48.770182,-3.268616,Plein jour,Hors agglomération,Hors intersection,Pluie légère,Deux véhicules - côté,3,2,2,0,2,3,2,0,1,80,2,2,1,0,1,0,58.0,75.0,utilitaire_camion,voiture,1,1,1,2,3
202300013730,2023-04-29 15:40:00,2023,4,29,15,40,01,01043,277 Chemin de Grange Debout,45.832567,5.003495,Plein jour,En agglomération,Hors intersection,Normale,Sans collision,4,1,1,1,1,3,1,0,1,50,1,1,0,0,1,0,40.0,,deux_roues,,1,2,1,1,7
202300013731,2023-10-18 16:15:00,2023,10,18,16,15,25,25127,D464,47.20236,6.82214,Plein jour,Hors agglomération,Hors intersection,Normale,Autre collision,3,2,2,0,1,2,1,0,3,90,1,1,0,0,1,0,43.0,,voiture,,1,1,1,1,6
202300013732,2023-04-29 12:35:00,2023,4,29,12,35,01,01187,d55,46.108667,5.69514,Plein jour,Hors agglomération,Intersection en T,Pluie légère,Deux véhicules - frontale,3,2,2,0,1,1,2,0,1,80,2,2,1,0,0,1,44.0,45.0,deux_roues,voiture,1,1,3,2,1
202300013732,2023-04-29 12:35:00,2023,4,29,12,35,01,01187,d55,46.108667,5.69514,Plein jour,Hors agglomération,Intersection en T,Pluie légère,Deux véhicules - frontale,3,2,3,0,1,1,2,0,1,80,2,2,1,0,0,1,44.0,45.0,deux_roues,voiture,1,1,3,2,1
202300013733,2023-04-28 15:30:00,2023,4,28,15,30,69,69206,110 Rue de l’Industrie,46.053539,4.720688,Plein jour,En agglomération,Hors intersection,Normale,Deux véhicules - côté,6,-1,0,0,1,1,1,0,1,30,2,2,1,0,1,0,62.0,14.0,voiture,deux_roues,1,2,1,1,3
202300013734,2023-10-16 07:45:00,2023,10,16,7,45,38,38094,D502,45.485378,5.206041,Crépuscule ou aube,Hors agglomération,Hors intersection,Normale,Deux véhicules - frontale,3,2,2,0,2,1,1,0,1,90,2,2,1,0,1,0,19.0,77.0,voiture,voiture,2,1,1,1,1
202300013735,2023-04-28 18:55:00,2023,4,28,18,55,31,31451,38 Avenue de Castelnaudary,43.455283,1.997259,Plein jour,En agglomération,Hors intersection,Normale,Autre collision,3,2,2,1,1,1,1,0,1,50,1,2,0,0,0,2,17.0,,deux_roues,,1,2,1,1,6
202300013736,2023-10-19 09:26:00,2023,10,19,9,26,26,26238,226 Route de Gap,44.389296,5.200819,Plein jour,Hors agglomération,Hors intersection,Temps couvert,Autre collision,3,2,2,0,1,3,2,0,3,80,1,2,0,1,1,0,76.0,,voiture,,1,1,1,8,6
202300013737,2023-04-28 19:42:00,2023,4,28,19,42,33,33393,206 avenue de Paris,44.97352,-0.21558,Plein jour,En agglomération,Intersection en Y,Normale,Autre collision,3,2,2,0,1,1,1,0,3,50,1,1,0,1,0,0,41.0,,deux_roues,,1,2,4,1,6
202300013737,2023-04-28 19:42:00,2023,4,28,19,42,33,33393,206 avenue de Paris,44.97352,-0.21558,Plein jour,En agglomération,Intersection en Y,Normale,Autre collision,3,2,2,0,1,1,1,0,3,50,1,1,0,1,0,0,41.0,,deux_roues,,1,2,4,1,6
202300013738,2023-04-28 17:00:00,2023,4,28,17,0,14,14488,38 Rue de l'Yser,49.274679,-0.25319,Plein jour,En agglomération,Intersection en T,Normale,Deux véhicules - arrière,3,2,2,0,1,1,1,0,1,50,2,2,1,0,1,0,57.0,25.0,deux_roues,voiture,1,2,3,1,2