accident_id,datetime,annee,mois,jour,heure,minute,departement,commune_insee,adresse,latitude,longitude,luminosite,agglomeration,intersection,meteo,collision,catr,circ,nbv,vosp,prof,plan,surf,infra,situ,vma,nb_vehicules,nb_usagers,nb_indemnes,nb_tues,nb_blesses_hosp,nb_blesses_legers,age_cond_1,age_cond_2,veh_type_cond_1,veh_type_cond_2,lum_code,agg_code,int_code,atm_code,col_code
202300013738,2023-04-28 17:00:00,2023,4,28,17,0,14,14488,38 Rue de l'Yser,49.274679,-0.25319,Plein jour,En agglomération,Intersection en T,Normale,Deux véhicules - arrière,3,2,2,-1,1,1,1,0,1,50,2,2,1,0,1,0,57.0,25.0,deux_roues,voiture,1,2,3,1,2
202300013739,2023-04-29 06:00:00,2023,4,29,6,0,35,35287,Pointe du Decolle,48.641962,-2.114262,Crépuscule ou aube,En agglomération,Autre intersection,Temps couvert,Autre collision,6,-1, -1,0,1,1,1,0,8,-1,1,3,2,1,0,0,19.0,,voiture,,2,2,9,8,6
202300013740,2023-04-28 22:45:00,2023,4,28,22,45,27,27188,D321,49.29906,1.07864,Nuit sans éclairage public,Hors agglomération,Autre intersection,Normale,Autre collision,3,2,2,0,1,1,1,0,1,70,1,2,1,0,0,1,18.0,,voiture,,3,1,9,1,6
202300013741,2023-04-27 13:35:00,2023,4,27,13,35,83,83126,A50,43.11976,5.864349,Plein jour,Hors agglomération,Hors intersection,Normale,Deux véhicules - côté,1,1,4,0,1,1,1,0,1,90,2,2,1,0,0,1,54.0,35.0,voiture,utilitaire_camion,1,1,1,1,3
202300013742,2023-04-27 07:15:00,2023,4,27,7,15,33,33318,ROCADE A 630,44.7882,-0.63334,Plein jour,Hors agglomération,Hors intersection,Normale,Autre collision,1,3,6,0,1,1,1,0,1,90,1,1,0,0,0,1,43.0,,deux_roues,,1,1,1,1,6
202300013743,2023-04-27 19:29:00,2023,4,27,19,29,94,94034,A6B,48.75247446,2.33047185,Plein jour,Hors agglomération,Hors intersection,Normale,Deux véhicules - côté,1,1,3,0,1,1,2,0,1,110,2,2,1,0,0,1,31.0,36.0,voiture,utilitaire_camion,1,1,1,1,3
202300013744,2023-04-27 20:30:00,2023,4,27,20,30,91,91521,RN 104,48.634653,2.400793,Crépuscule ou aube,Hors agglomération,Hors intersection,Pluie légère,Deux véhicules - arrière,2,3,2,0,1,1,2,0,1,70,2,2,1,0,0,1,24.0,,voiture,voiture,2,1,1,2,2
202300013745,2023-04-27 17:30:00,2023,4,27,17,30,91,91553,RN 104,48.62849,2.4806,Plein jour,Hors agglomération,Hors intersection,Pluie légère,Deux véhicules - côté,2,1,4,0,2,1,2,0,1,90,2,2,1,0,0,1,,46.0,autre,voiture,1,1,1,2,3
202300013746,2023-04-27 14:17:00,2023,4,27,14,17,91,91692,RN 118,48.68628,2.18985,Plein jour,Hors agglomération,Hors intersection,Normale,Deux véhicules - arrière,2,1,2,0,2,1,1,0,1,90,2,2,1,0,0,1,35.0,71.0,voiture,voiture,1,1,1,1,2
202300013747,2023-04-27 20:20:00,2023,4,27,20,20,78,78640,N118,48.772875,2.225378,Plein jour,Hors agglomération,Hors intersection,Pluie légère,Deux véhicules - arrière,2,1,2,0,1,1,2,0,1,90,2,2,1,0,0,1,38.0,34.0,voiture,voiture,1,1,1,2,2
202300013748,2023-04-27 20:25:00,2023,4,27,20,25,78,78007,A13,48.90101,2.005071,Crépuscule ou aube,Hors agglomération,Hors intersection,Pluie légère,Sans collision,1,1,2,0,2,2,2,0,1,110,1,1,0,0,0,1,43.0,,voiture,,2,1,1,2,7
202300013749,2023-04-27 22:15:00,2023,4,27,22,15,93,93064,AUTOROUTE A3,48.88398,2.46943,Nuit sans éclairage public,Hors agglomération,Hors intersection,Pluie légère,Deux véhicules - arrière,1,3,2,0,1,2,2,0,1,90,2,2,1,0,0,1,39.0,,voiture,voiture,3,1,1,2,2
202300013750,2023-04-27 19:00:00,2023,4,27,19,0,95,95042,N104,49.06299,2.3258,Plein jour,Hors agglomération,Hors intersection,Pluie légère,Sans collision,2,1,1,0,3,3,2,3,3,50,1,1,0,0,0,1,66.0,,voiture,,1,1,1,2,7
202300013751,2023-04-27 13:35:00,2023,4,27,13,35,93,93010,AUTOROUTE A3,48.88897465,2.47422427,Plein jour,Hors agglomération,Hors intersection,Normale,Sans collision,1,1,2,0,1,1,1,0,1,70,1,1,0,0,0,1,24.0,,deux_roues,,1,1,1,1,7
202300013752,2023-04-26 22:00:00,2023,4,26,22,0,93,93007,AUTOROUTE A1,48.94925302,2.44676549,Nuit sans éclairage public,Hors agglomération,Hors intersection,Pluie légère,Deux véhicules - côté,1,3,8,0,1,1,2,0,2,110,2,4,2,0,0,2,42.0,38.0,utilitaire_camion,voiture,3,1,1,2,3
202300013753,2023-04-26 17:40:00,2023,4,26,17,40,93,93053,AUTOROUTE A86,48.90443,2.46555,Plein jour,Hors agglomération,Hors intersection,Normale,Deux véhicules - côté,1,3,2,0,1,1,1,0,2,90,2,2,1,0,0,1,33.0,51.0,autre,deux_roues,1,1,1,1,3
202300013754,2023-04-27 16:15:00,2023,4,27,16,15,77,77018,A4,48.835672,2.808302,Plein jour,Hors agglomération,Hors intersection,Normale,Trois véhicules et plus - collisions multiples,1,3,3,0,1,1,1,0,1,130,2,4,1,0,0,3,20.0,24.0,voiture,voiture,1,1,1,1,5
202300013755,2023-04-27 13:50:00,2023,4,27,13,50,94,94073,A86,48.75710948,2.38389571,Plein jour,Hors agglomération,Hors intersection,Normale,Deux véhicules - côté,1,3,2,0,1,3,1,0,1,90,2,2,1,0,0,1,25.0,46.0,voiture,voiture,1,1,1,1,3
202300013756,2023-04-27 10:00:00,2023,4,27,10,0,75,75112,A86 EXT,48.81771331,2.45475769,Plein jour,Hors agglomération,Hors intersection,Normale,Deux véhicules - arrière,1,1,2,0,1,1,1,0,1,90,2,3,2,0,0,1,27.0,42.0,utilitaire_camion,utilitaire_camion,1,1,1,1,2
202300013757,2023-04-27 22:00:00,2023,4,27,22,0,47,47146,D242,44.430928,0.654293,Nuit sans éclairage public,En agglomération,Intersection en X,Normale,Deux véhicules - arrière,3,-1,2,0,1,1,1,0,1,50,2,5,3,0,1,1,19.0,27.0,voiture,voiture,3,2,2,1,2
202300013757,2023-04-27 22:00:00,2023,4,27,22,0,47,47146,D242,44.430928,0.654293,Nuit sans éclairage public,En agglomération,Intersection en X,Normale,Deux véhicules - arrière,3,2,2,-1,1,1,1,0,1,-1,2,5,3,0,1,1,19.0,27.0,voiture,voiture,3,2,2,1,2
202300013758,2023-04-27 18:12:00,2023,4,27,18,12,86,86092,les varennes du moulin à vent,46.924678,0.600736,Plein jour,En agglomération,Hors intersection,Normale,Autre collision,6,-1, -1,0,1,1,1,0,1,50,1,2,1,0,1,0,42.0,,voiture,,1,2,1,1,6
202300013759,2023-04-27 14:00:00,2023,4,27,14,0,13,13078,Route de Carteau,43.378663,4.840914,Plein jour,Hors agglomération,Intersection en Y,Normale,Deux véhicules - côté,4,2, -1,-1,1,1,1,0,1,-1,2,3,0,0,2,1,22.0,21.0,voiture,voiture,1,1,4,1,3
202300013759,2023-04-27 14:00:00,2023,4,27,14,0,13,13078,Route de Carteau,43.378663,4.840914,Plein jour,Hors agglomération,Intersection en Y,Normale,Deux véhicules - côté,4,2,2,0,1,1,1,0,1,50,2,3,0,0,2,1,22.0,21.0,voiture,voiture,1,1,4,1,3
202300013760,2023-04-28 14:30:00,2023,4,28,14,30,67,67430,CARREFOUR D203-D253,48.344613,7.38277,Plein jour,Hors agglomération,Intersection en Y,Pluie légère,Deux véhicules - frontale,3,2,2,0,2,1,2,0,1,70,2,2,0,0,2,0,37.0,58.0,voiture,utilitaire_camion,1,1,4,2,1
202300013760,2023-04-28 14:30:00,2023,4,28,14,30,67,67430,CARREFOUR D203-D253,48.344613,7.38277,Plein jour,Hors agglomération,Intersection en Y,Pluie légère,Deux véhicules - frontale,3,2, -1,-1,2,1,2,0,1,70,2,2,0,0,2,0,37.0,58.0,voiture,utilitaire_camion,1,1,4,2,1
202300013761,2023-04-28 08:30:00,2023,4,28,8,30,972,97207,Quartier Syndic,14.582448,-60.95719,Plein jour,En agglomération,Hors intersection,Normale,Trois véhicules et plus - collisions multiples,4,2,2,0,1,1,1,0,1,50,3,3,2,0,1,0,18.0,52.0,deux_roues,voiture,1,2,1,1,5
202300013762,2023-04-27 22:30:00,2023,4,27,22,30,63,63225,37 Rue des Noisetiers,45.614385,2.546076,Nuit avec éclairage non allumé,En agglomération,Hors intersection,Normale,Autre collision,3,2,2,0,2,1,1,0,1,50,1,1,0,0,1,0,40.0,,voiture,,4,2,1,1,6
202300013763,2023-04-26 19:10:00,2023,4,26,19,10,29,29068,N12,48.524136,-3.990109,Plein jour,Hors agglomération,Hors intersection,Normale,Autre collision,2,3,4,0,1,1,1,2,1,110,1,2,0,0,0,2,21.0,,voiture,,1,1,1,1,6
202300013764,2023-04-26 18:45:00,2023,4,26,18,45,30,30273,,44.2859,4.581234,Plein jour,Hors agglomération,Intersection en Y,Normale,Deux véhicules - côté,3,2, -1,-1,1,3,1,0,1,50,2,2,1,0,1,0,21.0,52.0,voiture,deux_roues,1,1,4,1,3
202300013764,2023-04-26 18:45:00,2023,4,26,18,45,30,30273,,44.2859,4.581234,Plein jour,Hors agglomération,Intersection en Y,Normale,Deux véhicules - côté,3,-1,2,0,1,1,1,0,1,80,2,2,1,0,1,0,21.0,52.0,voiture,deux_roues,1,1,4,1,3
202300013765,2023-04-28 14:50:00,2023,4,28,14,50,79,79166,,46.202869,-0.437586,Plein jour,Hors agglomération,Hors intersection,Normale,Sans collision,3,2,2,0,1,2,1,0,1,80,1,1,0,1,0,0,55.0,,deux_roues,,1,1,1,1,7
202300013766,2023-04-26 22:45:00,2023,4,26,22,45,31,31056,M924,43.670495,1.359408,Nuit sans éclairage public,En agglomération,Hors intersection,Normale,Autre collision,2,3,4,0,1,3,1,0,1,70,1,2,0,0,2,0,61.0,,deux_roues,,3,2,1,1,6
202300013767,2023-04-27 22:45:00,2023,4,27,22,45,69,69168,596 Quai Pierre Dupont,45.84481,4.835197,Nuit avec éclairage allumé,En agglomération,Intersection en T,Normale,Deux véhicules - frontale,7,2,5,1,1,1,1,8,1,50,2,2,1,1,0,0,23.0,67.0,voiture,deux_roues,5,2,3,1,1
202300013767,2023-04-27 22:45:00,2023,4,27,22,45,69,69168,596 Quai Pierre Dupont,45.84481,4.835197,Nuit avec éclairage allumé,En agglomération,Intersection en T,Normale,Deux véhicules - frontale,7,4,2,0,1,1,1,2,1,20,2,2,1,1,0,0,23.0,67.0,voiture,deux_roues,5,2,3,1,1
202300013768,2023-04-27 15:40:00,2023,4,27,15,40,32,32125,RN 124,43.791334,0.102562,Plein jour,Hors agglomération,Hors intersection,Normale,Autre collision,2,2,2,0,1,1,1,0,3,80,1,1,0,0,1,0,52.0,,voiture,,1,1,1,1,6
202300013769,2023-04-27 12:00:00,2023,4,27,12,0,32,32160,Avenue Charles de Gaulle,43.613347,1.085935,Plein jour,En agglomération,Intersection en Y,Normale,Deux véhicules - côté,3,2,2,0,1,1,1,0,1,50,2,3,1,0,0,2,33.0,65.0,voiture,deux_roues,1,2,4,1,3
202300013769,2023-04-27 12:00:00,2023,4,27,12,0,32,32160,Avenue Charles de Gaulle,43.613347,1.085935,Plein jour,En agglomération,Intersection en Y,Normale,Deux véhicules - côté,3,2,2,0,1,1,1,0,1,50,2,3,1,0,0,2,33.0,65.0,voiture,deux_roues,1,2,4,1,3
202300013770,2023-04-28 18:35:00,2023,4,28,18,35,12,12244,Avenue du Pont du Tarn,44.053733,2.900224,Plein jour,En agglomération,Hors intersection,Normale,Autre collision,3,2,2,0,2,3,1,8,1,30,1,1,0,1,0,0,52.0,,deux_roues,,1,2,1,1,6
202300013771,2023-04-27 15:24:00,2023,4,27,15,24,22,22220,Laizot Uhellan,48.255477,-3.266695,Plein jour,Hors agglomération,Hors intersection,Normale,Sans collision,4,2,2,0,1,1,6,0,1,80,1,1,0,0,0,1,17.0,,deux_roues,,1,1,1,1,7
202300013772,2023-04-27 10:30:00,2023,4,27,10,30,31,31584,D32,43.879815,1.484227,Plein jour,Hors agglomération,Hors intersection,Normale,Autre collision,3,2,2,0,1,1,8,0,1,80,1,2,0,0,2,0,51.0,,voiture,,1,1,1,1,6
202300013773,2023-04-27 18:15:00,2023,4,27,18,15,84,84030,Route de Modène,44.108427,5.114087,Plein jour,En agglomération,Hors intersection,Normale,Trois véhicules et plus - collisions multiples,3,2,2,0,1,1,1,2,1,50,3,3,2,0,1,0,18.0,80.0,deux_roues,voiture,1,2,1,1,5
202300013774,2023-04-26 09:30:00,2023,4,26,9,30,15,15138,RD 3,45.13358,2.832853,Plein jour,Hors agglomération,Hors intersection,Temps couvert,Deux véhicules - côté,3,2,2,0,2,1,1,0,1,90,2,2,1,0,0,1,74.0,44.0,voiture,deux_roues,1,1,1,8,3
202300013775,2023-04-28 11:55:00,2023,4,28,11,55,58,58283,D180,47.309434,3.503437,Plein jour,Hors agglomération,Hors intersection,Normale,Sans collision,3,2,2,0,2,1,1,0,3,80,1,1,0,0,0,1,68.0,,deux_roues,,1,1,1,1,7
202300013776,2023-04-27 19:05:00,2023,4,27,19,5,66,66096,,42.771663,2.668752,Plein jour,Hors agglomération,Hors intersection,Temps éblouissant,Sans collision,3,2,2,0,1,3,1,0,1,80,1,1,0,1,0,0,46.0,,deux_roues,,1,1,1,7,7
202300013777,2023-04-22 22:00:00,2023,4,22,22,0,72,72300,Impasse de Paris,48.029571,0.371501,Nuit sans éclairage public,En agglomération,Autre intersection,Normale,Deux véhicules - côté,3,2,1,0,1,1,1,0,1,50,2,2,1,0,1,0,29.0,40.0,voiture,deux_roues,3,2,9,1,3
202300013778,2023-04-28 13:35:00,2023,4,28,13,35,06,06067,1225 Route de Menton,43.785694,7.45119,Plein jour,Hors agglomération,Hors intersection,Normale,Deux véhicules - côté,3,2,2,0,2,3,1,0,1,80,2,2,1,0,1,0,20.0,39.0,deux_roues,utilitaire_camion,1,1,1,1,3
202300013779,2023-04-28 10:30:00,2023,4,28,10,30,05,05045,Route de Gap,44.532566,6.45318,Plein jour,Hors agglomération,Hors intersection,Normale,Trois véhicules et plus - collisions multiples,2,2,3,0,2,1,1,0,1,80,4,10,2,0,4,4,49.0,26.0,voiture,voiture,1,1,1,1,5
202300013780,2023-04-28 17:40:00,2023,4,28,17,40,09,09323,chemin des oiseaux,43.09888,1.759331,Plein jour,Hors agglomération,Autre intersection,Normale,Deux véhicules - frontale,4,-1,1,0,1,2,1,0,8,50,2,2,1,0,1,0,18.0,69.0,deux_roues,voiture,1,1,9,1,1
202300013781,2023-04-28 12:15:00,2023,4,28,12,15,60,60651,Rue de la Fosse,49.2566295,2.2600674,Plein jour,En agglomération,Hors intersection,Normale,Sans collision,4,2,2,0,1,1,1,9,1,50,1,1,0,0,1,0,17.0,,deux_roues,,1,2,1,1,7
202300013782,2023-04-28 15:50:00,2023,4,28,15,50,64,64495,D255,43.38063,-1.539502,Plein jour,Hors agglomération,Hors intersection,Normale,Deux véhicules - côté,3,2,2,0,2,3,1,0,1,80,2,2,1,0,1,0,45.0,31.0,voiture,deux_roues,1,1,1,1,3
202300013783,2023-04-28 07:30:00,2023,4,28,7,30,40,40197,5 Rue Victor Duruy,44.034781,-0.914279,Crépuscule ou aube,En agglomération,Intersection en X,Normale,Deux véhicules - côté,4,-1,2,0,1,1,1,0,1,50,2,4,0,0,0,4,53.0,22.0,voiture,voiture,2,2,2,1,3
202300013783,2023-04-28 07:30:00,2023,4,28,7,30,40,40197,5 Rue Victor Duruy,44.034781,-0.914279,Crépuscule ou aube,En agglomération,Intersection en X,Normale,Deux véhicules - côté,4,-1, -1,-1,-1,-1,-1,-1,-1,-1,2,4,0,0,0,4,53.0,22.0,voiture,voiture,2,2,2,1,3
202300013784,2023-04-07 14:00:00,2023,4,7,14,0,27,27398,D133,49.098332,0.633559,Plein jour,Hors agglomération,Hors intersection,Normale,Autre collision,3,2,2,0,1,2,1,0,3,80,1,1,0,0,1,0,48.0,,deux_roues,,1,1,1,1,6
202300013785,2023-03-15 18:00:00,2023,3,15,18,0,978,97801,RN7 - la savane,18.086159,-63.06618,Crépuscule ou aube,En agglomération,Hors intersection,Normale,Deux véhicules - arrière,3,2,2,0,2,1,1,0,1,50,2,2,1,0,0,1,24.0,51.0,deux_roues,voiture,2,2,1,1,2
202300013786,2023-04-28 16:15:00,2023,4,28,16,15,13,13037,Route Departementale 19,43.56630398,5.22430614,Plein jour,Hors agglomération,Hors intersection,Normale,Sans collision,3,2,2,2,4,3,1,0,8,80,1,1,0,0,1,0,24.0,,voiture,,1,1,1,1,7
202300013787,2023-04-28 06:00:00,2023,4,28,6,0,13,13086,autoroute A52 pk 18 sens nord,43.3462,5.615001,Crépuscule ou aube,Hors agglomération,Hors intersection,Normale,Autre collision,1,3,3,0,1,1,1,0,1,130,2,2,1,0,0,1,28.0,34.0,voiture,voiture,2,1,1,1,6
202300013788,2023-04-28 13:30:00,2023,4,28,13,30,21,21684,autoroute A31 PK 002+000,47.035086,4.880623,Plein jour,Hors agglomération,Hors intersection,Normale,Deux véhicules - arrière,1,3,2,0,1,1,1,0,1,130,2,2,1,0,0,1,35.0,32.0,utilitaire_camion,utilitaire_camion,1,1,1,1,2
202300013789,2023-04-27 14:15:00,2023,4,27,14,15,988,98821,VE2,-22.129018,166.33584,Plein jour,Hors agglomération,Intersection en Y,Normale,Deux véhicules - frontale,1,1,1,-1,1,1,1,-1,1,-1,2,2,1,0,1,0,27.0,68.0,deux_roues,utilitaire_camion,1,1,4,1,1
202300013789,2023-04-27 14:15:00,2023,4,27,14,15,988,98821,VE2,-22.129018,166.33584,Plein jour,Hors agglomération,Intersection en Y,Normale,Deux véhicules - frontale,1,2,2,0,1,1,1,0,1,90,2,2,1,0,1,0,27.0,68.0,deux_roues,utilitaire_camion,1,1,4,1,1
202300013790,2023-04-28 16:45:00,2023,4,28,16,45,95,95409,D301,49.04892,2.331371,Plein jour,Hors agglomération,Hors intersection,Normale,Deux véhicules - côté,3,1,1,0,1,1,1,3,1,90,2,4,3,0,0,1,26.0,45.0,voiture,deux_roues,1,1,1,1,3
202300013791,2023-04-22 03:00:00,2023,4,22,3,0,34,34017,D613,43.476969,3.456531,Nuit sans éclairage public,Hors agglomération,Intersection en T,Normale,Sans collision,3,2,2,0,1,1,1,0,3,80,1,2,1,0,0,1,25.0,,voiture,,3,1,3,1,7
202300013791,2023-04-22 03:00:00,2023,4,22,3,0,34,34017,D613,43.476969,3.456531,Nuit sans éclairage public,Hors agglomération,Intersection en T,Normale,Sans collision,3,2,2,0,1,1,1,0,3,-1,1,2,1,0,0,1,25.0,,voiture,,3,1,3,1,7
202300013792,2023-04-28 04:30:00,2023,4,28,4,30,83,83104,Route de Jouques,43.612683,5.750892,Nuit sans éclairage public,Hors agglomération,Intersection en T,Normale,Sans collision,3,2,2,0,1,1,1,0,1,70,1,1,0,0,1,0,24.0,,deux_roues,,3,1,3,1,7
202300013792,2023-04-28 04:30:00,2023,4,28,4,30,83,83104,Route de Jouques,43.612683,5.750892,Nuit sans éclairage public,Hors agglomération,Intersection en T,Normale,Sans collision,3,2, -1,-1,1,1,1,0,1,-1,1,1,0,0,1,0,24.0,,deux_roues,,3,1,3,1,7
202300013793,2023-04-24 17:10:00,2023,4,24,17,10,04,04197,D4096 av marcel paul,43.784261,5.769142,Plein jour,En agglomération,Intersection en X,Normale,Trois véhicules et plus - collisions multiples,3,2,2,0,2,1,1,0,1,50,3,5,4,0,0,1,25.0,31.0,voiture,voiture,1,2,2,1,5
202300013793,2023-04-24 17:10:00,2023,4,24,17,10,04,04197,D4096 av marcel paul,43.784261,5.769142,Plein jour,En agglomération,Intersection en X,Normale,Trois véhicules et plus - collisions multiples,3,2,2,0,2,1,1,0,8,50,3,5,4,0,0,1,25.0,31.0,voiture,voiture,1,2,2,1,5
202300013794,2023-04-27 09:00:00,2023,4,27,9,0,13,13081,Avenue Joseph Cugnot,43.478304,5.233998,Plein jour,En agglomération,Hors intersection,Normale,Autre collision,4,2,2,0,1,1,1,0,1,50,1,2,1,0,0,1,50.0,,voiture,,1,2,1,1,6
202300013795,2023-04-28 10:30:00,2023,4,28,10,30,68,68012,Route de Thann,47.781977,7.131178,Plein jour,Hors agglomération,Hors intersection,Pluie légère,Deux véhicules - frontale,3,2,2,0,1,2,2,0,1,-1,2,2,0,0,0,2,27.0,58.0,voiture,voiture,1,1,1,2,1
202300013796,2023-04-26 17:40:00,2023,4,26,17,40,67,67046,Rue des Maçons,48.761677,7.861302,Plein jour,En agglomération,Intersection en T,Normale,Deux véhicules - côté,4,2,2,0,1,1,1,0,1,50,2,2,1,0,0,1,16.0,21.0,deux_roues,voiture,1,2,3,1,3
202300013796,2023-04-26 17:40:00,2023,4,26,17,40,67,67046,Rue des Maçons,48.761677,7.861302,Plein jour,En agglomération,Intersection en T,Normale,Deux véhicules - côté,4,2,2,0,1,1,1,9,1,50,2,2,1,0,0,1,16.0,21.0,deux_roues,voiture,1,2,3,1,3
202300013797,2023-04-22 13:04:00,2023,4,22,13,4,67,67046,Rue du Moulin,48.771525,7.855933,Plein jour,En agglomération,Intersection en X,Normale,Deux véhicules - côté,4,2,2,0,1,1,1,0,1,50,2,5,2,0,1,2,25.0,21.0,voiture,voiture,1,2,2,1,3
202300013798,2023-04-27 21:40:00,2023,4,27,21,40,42,42175,Route de Balbigny,45.810645,4.217334,Nuit sans éclairage public,Hors agglomération,Hors intersection,Normale,Autre collision,3,2,2,0,1,4,1,0,3,80,1,1,0,1,0,0,23.0,,voiture,,3,1,1,1,6
202300013799,2023-04-27 20:25:00,2023,4,27,20,25,26,26004,Rue Marc Seguin,44.9885,4.978255,Crépuscule ou aube,En agglomération,Giratoire,Normale,Deux véhicules - côté,4,-1,1,0,1,1,1,0,1,50,2,2,1,0,0,1,41.0,71.0,deux_roues,voiture,2,2,6,1,3
202300013800,2023-04-26 18:30:00,2023,4,26,18,30,69,69019,Route Départementale 337,46.120618,4.738272,Plein jour,En agglomération,Hors intersection,Normale,Deux véhicules - côté,3,2,2,1,2,1,1,0,1,70,2,2,1,0,0,1,68.0,42.0,deux_roues,voiture,1,2,1,1,3
202300013801,2023-04-26 08:43:00,2023,4,26,8,43,81,81037,voie de Jaladieu,43.618804,2.531855,Plein jour,Hors agglomération,Hors intersection,Pluie légère,Autre collision,4,2,2,0,2,3,2,0,3,-1,1,2,0,0,1,1,52.0,,utilitaire_camion,,1,1,1,2,6
202300013802,2023-04-24 17:18:00,2023,4,24,17,18,86,86062,12 Rue des Frênes,46.643004,0.356282,Plein jour,En agglomération,Hors intersection,Normale,Deux véhicules - côté,4,2,2,0,1,1,1,0,1,50,2,2,1,0,1,0,35.0,54.0,voiture,deux_roues,1,2,1,1,3
202300013803,2023-04-28 10:40:00,2023,4,28,10,40,33,33243,216 Avenue du Maréchal Foch,44.926879,-0.239561,Plein jour,En agglomération,Hors intersection,Normale,Autre collision,3,2,2,0,1,1,1,9,1,50,1,2,1,0,1,0,75.0,,utilitaire_camion,,1,2,1,1,6
202300013804,2023-04-28 10:45:00,2023,4,28,10,45,60,60370,Rue de Gournay,49.256658,2.108989,Plein jour,En agglomération,Intersection en T,Pluie légère,Trois véhicules et plus - en chaîne,3,2,2,0,1,1,2,0,1,50,3,3,1,0,0,2,37.0,69.0,voiture,voiture,1,2,3,2,4
202300013804,2023-04-28 10:45:00,2023,4,28,10,45,60,60370,Rue de Gournay,49.256658,2.108989,Plein jour,En agglomération,Intersection en T,Pluie légère,Trois véhicules et plus - en chaîne,3,2, -1,-1,1,1,2,0,1,-1,3,3,1,0,0,2,37.0,69.0,voiture,voiture,1,2,3,2,4
202300013805,2023-04-27 18:55:00,2023,4,27,18,55,59,59435,Rue d'Ouvignies,50.516877,3.228243,Plein jour,Hors agglomération,Hors intersection,Normale,Trois véhicules et plus - collisions multiples,4,2,2,0,1,1,1,0,1,50,8,8,1,1,2,4,55.0,80.0,deux_roues,voiture,1,1,1,1,5
202300013806,2023-02-17 23:20:00,2023,2,17,23,20,74,74128,,46.151156,6.320153,Nuit sans éclairage public,Hors agglomération,Hors intersection,Normale,Deux véhicules - frontale,3,2,2,0,1,1,1,0,1,70,2,2,0,1,1,0,22.0,37.0,voiture,voiture,3,1,1,1,1
202300013807,2023-02-16 22:30:00,2023,2,16,22,30,74,74208,Avenue du docteur jacques arnaud,45.939501,6.70747,Nuit avec éclairage allumé,En agglomération,Place,Normale,Sans collision,3,2,2,0,1,1,1,0,3,50,1,4,1,0,0,3,16.0,,voiture,,5,2,7,1,7
202300013808,2023-02-14 16:08:00,2023,2,14,16,8,74,74002,A41,45.81911,6.013105,Plein jour,Hors agglomération,Hors intersection,Normale,Deux véhicules - arrière,1,3,4,0,1,1,1,9,1,130,2,2,1,0,0,1,29.0,73.0,voiture,voiture,1,1,1,1,2
202300013809,2023-02-12 04:30:00,2023,2,12,4,30,74,74112,D3508,45.935867,6.10217,Nuit sans éclairage public,Hors agglomération,Hors intersection,Normale,Autre collision,3,3,4,0,2,3,1,0,1,90,1,2,1,0,1,0,38.0,,utilitaire_camion,,3,1,1,1,6
202300013810,2023-02-05 11:40:00,2023,2,5,11,40,74,74155,D26,46.293193,6.538163,Plein jour,Hors agglomération,Hors intersection,Normale,Deux véhicules - côté,3,2,2,0,1,1,2,2,1,80,2,2,1,0,0,1,21.0,47.0,voiture,voiture,1,1,1,1,3
202300013811,2023-02-02 07:55:00,2023,2,2,7,55,74,74012,FERRY (AVENUE JULES),46.19246,6.23704,Plein jour,En agglomération,Hors intersection,Normale,Deux véhicules - arrière,4,2,2,1,1,1,1,0,5,50,2,3,2,0,0,1,59.0,49.0,deux_roues,voiture,1,2,1,1,2
202300013812,2023-04-26 16:55:00,2023,4,26,16,55,78,78517,MUGUET (RUE DU),48.64463,1.84026,Plein jour,En agglomération,Hors intersection,Normale,Autre collision,4,-1,2,0,1,1,1,0,1,50,1,2,1,0,0,1,64.0,,voiture,,1,2,1,1,6
202300013813,2023-04-26 17:37:00,2023,4,26,17,37,72,72181,FRESNAYE ROGER DE LA (RUE),47.97532,0.21667,Plein jour,En agglomération,Hors intersection,Normale,Autre collision,4,-1,2,0,1,1,1,0,1,50,1,2,1,0,0,1,26.0,,voiture,,1,2,1,1,6
202300013814,2023-04-20 20:19:00,2023,4,20,20,19,29,29019,rue Claude Farrère,48.416173,-4.491866,Plein jour,En agglomération,Hors intersection,Normale,Autre collision,4,-1,2,0,2,1,1,0,1,50,1,2,1,0,0,1,,,autre,,1,2,1,1,6
202300013815,2023-01-31 19:05:00,2023,1,31,19,5,40,40281,ROCADE SUD RD 824,43.86855,-0.51536,Nuit sans éclairage public,Hors agglomération,Hors intersection,Normale,Sans collision,3,2,2,0,1,1,1,0,3,80,1,1,0,1,0,0,90.0,,voiture,,3,1,1,1,7
202300013816,2023-04-26 18:50:00,2023,4,26,18,50,974,97411,JAURES (BOULEVARD JEAN),-20.88995,55.46224,Nuit avec éclairage non allumé,En agglomération,Hors intersection,Normale,Autre collision,4,1,2,0,1,1,1,0,1,50,1,1,0,0,0,1,34.0,,deux_roues,,4,2,1,1,6
202300013817,2023-04-26 20:25:00,2023,4,26,20,25,69,69387,Avenue Berthelot,45.74071738,4.85580699,Plein jour,En agglomération,Hors intersection,Normale,Autre collision,4,1,3,3,1,1,1,0,1,50,1,1,0,0,0,1,53.0,,utilitaire_camion,,1,2,1,1,6