accident_id,datetime,annee,mois,jour,heure,minute,departement,commune_insee,adresse,latitude,longitude,luminosite,agglomeration,intersection,meteo,collision,catr,circ,nbv,vosp,prof,plan,surf,infra,situ,vma,nb_vehicules,nb_usagers,nb_indemnes,nb_tues,nb_blesses_hosp,nb_blesses_legers,age_cond_1,age_cond_2,veh_type_cond_1,veh_type_cond_2,lum_code,agg_code,int_code,atm_code,col_code
202300013818,2023-04-26 17:15:00,2023,4,26,17,15,69,69383,Rue Feuillat,45.75494,4.87732,Plein jour,En agglomération,Intersection en T,Normale,Deux véhicules - arrière,4,2,2,2,1,1,1,0,1,30,2,2,1,0,0,1,23.0,30.0,deux_roues,voiture,1,2,3,1,2
202300013818,2023-04-26 17:15:00,2023,4,26,17,15,69,69383,Rue Feuillat,45.75494,4.87732,Plein jour,En agglomération,Intersection en T,Normale,Deux véhicules - arrière,4,2,3,0,1,1,1,0,1,30,2,2,1,0,0,1,23.0,30.0,deux_roues,voiture,1,2,3,1,2
202300013819,2023-04-26 16:55:00,2023,4,26,16,55,972,97213,AUTOROUTE A1,14.61799,-61.03117,Crépuscule ou aube,Hors agglomération,Hors intersection,Pluie légère,Deux véhicules - arrière,1,1,3,0,1,1,2,0,1,90,2,2,0,0,0,2,19.0,51.0,voiture,voiture,2,1,1,2,2
202300013820,2023-04-26 16:45:00,2023,4,26,16,45,972,97213,ACAJOU PROLONGEE,14.6295863,-61.0212811,Plein jour,Hors agglomération,Hors intersection,Pluie légère,Deux véhicules - côté,4,2,2,0,1,1,2,0,1,50,2,2,1,0,0,1,53.0,56.0,voiture,voiture,1,1,1,2,3
202300013821,2023-04-25 19:00:00,2023,4,25,19,0,972,97209,RD 41 (ROCADE),14.61357,-61.07012,Nuit sans éclairage public,En agglomération,Hors intersection,Pluie forte,Autre collision,3,2,4,0,1,2,2,0,1,60,1,3,1,0,0,2,59.0,,voiture,,3,2,1,3,6
202300013822,2023-04-25 20:40:00,2023,4,25,20,40,69,69385,107 Avenue Barthélémy Buyer,45.76254,4.80227,Plein jour,En agglomération,Hors intersection,Normale,Deux véhicules - côté,4,2,2,0,1,1,1,0,1,50,2,2,1,0,0,1,31.0,23.0,deux_roues,voiture,1,2,1,1,3
202300013823,2023-04-26 09:21:00,2023,4,26,9,21,2A,2A004,CANNES CITE RUE DES CANNES,41.93419,8.742,Plein jour,En agglomération,Intersection en X,Normale,Deux véhicules - côté,4,2,2,0,1,1,1,0,1,50,2,2,1,0,0,1,50.0,74.0,voiture,voiture,1,2,2,1,3
202300013823,2023-04-26 09:21:00,2023,4,26,9,21,2A,2A004,CANNES CITE RUE DES CANNES,41.93419,8.742,Plein jour,En agglomération,Intersection en X,Normale,Deux véhicules - côté,4,2,2,0,1,1,1,0,1,50,2,2,1,0,0,1,50.0,74.0,voiture,voiture,1,2,2,1,3
202300013824,2023-04-25 15:00:00,2023,4,25,15,0,91,91549,LIERS (RUE DE),48.630049,2.332354,Plein jour,En agglomération,Hors intersection,Normale,Deux véhicules - côté,4,2,2,0,1,1,1,0,1,50,2,3,2,0,0,1,80.0,78.0,voiture,voiture,1,2,1,1,3
202300013825,2023-04-26 23:55:00,2023,4,26,23,55,91,91432,RUE PIERRE BOURDAN,48.69419,2.33098,Nuit sans éclairage public,En agglomération,Hors intersection,Normale,Sans collision,4,2,0,0,1,1,2,0,1,50,1,3,1,0,0,2,18.0,,voiture,,3,2,1,1,7
202300013826,2023-04-26 13:55:00,2023,4,26,13,55,91,91479,AV DE VERDUN,48.705613,2.360386,Plein jour,En agglomération,Intersection en T,Normale,Deux véhicules - côté,3,2,2,0,1,1,1,0,1,50,2,6,5,0,0,1,44.0,58.0,voiture,deux_roues,1,2,3,1,3
202300013826,2023-04-26 13:55:00,2023,4,26,13,55,91,91479,AV DE VERDUN,48.705613,2.360386,Plein jour,En agglomération,Intersection en T,Normale,Deux véhicules - côté,3,-1,1,0,1,1,1,0,8,50,2,6,5,0,0,1,44.0,58.0,voiture,deux_roues,1,2,3,1,3
202300013827,2023-04-26 09:30:00,2023,4,26,9,30,87,87085,LATTRE-DE-TASSIGNY (AVENUE DU MARECHAL),45.82528,1.27249,Plein jour,En agglomération,Hors intersection,Pluie légère,Sans collision,3,4,4,0,1,1,2,0,1,50,1,1,0,0,0,1,43.0,,deux_roues,,1,2,1,2,7
202300013828,2023-04-25 23:19:00,2023,4,25,23,19,87,87085,SABLARD (AVENUE DE),45.82846,1.28288,Nuit avec éclairage allumé,En agglomération,Intersection en T,Pluie légère,Deux véhicules - côté,4,2,2,0,2,1,2,0,1,50,2,3,1,0,0,2,59.0,41.0,voiture,voiture,5,2,3,2,3
202300013828,2023-04-25 23:19:00,2023,4,25,23,19,87,87085,SABLARD (AVENUE DE),45.82846,1.28288,Nuit avec éclairage allumé,En agglomération,Intersection en T,Pluie légère,Deux véhicules - côté,4,1,2,0,1,1,2,0,1,50,2,3,1,0,0,2,59.0,41.0,voiture,voiture,5,2,3,2,3
202300013829,2023-04-26 07:41:00,2023,4,26,7,41,87,87085,TOULOUSE (RUE DE),45.8105,1.28447,Crépuscule ou aube,En agglomération,Intersection en T,Pluie légère,Deux véhicules - côté,4,2,2,0,1,1,2,5,1,50,2,2,1,0,1,0,53.0,58.0,voiture,deux_roues,2,2,3,2,3
202300013829,2023-04-26 07:41:00,2023,4,26,7,41,87,87085,TOULOUSE (RUE DE),45.8105,1.28447,Crépuscule ou aube,En agglomération,Intersection en T,Pluie légère,Deux véhicules - côté,4,3,4,0,1,1,2,5,1,50,2,2,1,0,1,0,53.0,58.0,voiture,deux_roues,2,2,3,2,3
202300013830,2023-03-31 04:30:00,2023,3,31,4,30,84,84007,C.De GAULLE (Rocade),43.93016,4.78411,Nuit avec éclairage allumé,En agglomération,Giratoire,Normale,Deux véhicules - côté,4,3,4,0,1,1,1,0,1,50,2,2,0,0,1,1,29.0,26.0,voiture,voiture,5,2,6,1,3
202300013830,2023-03-31 04:30:00,2023,3,31,4,30,84,84007,C.De GAULLE (Rocade),43.93016,4.78411,Nuit avec éclairage allumé,En agglomération,Giratoire,Normale,Deux véhicules - côté,4,2,2,0,1,1,1,0,1,50,2,2,0,0,1,1,29.0,26.0,voiture,voiture,5,2,6,1,3
202300013831,2023-04-26 07:30:00,2023,4,26,7,30,83,83137,RAMEAU (RUE JP),43.11845,5.94281,Plein jour,En agglomération,Giratoire,Normale,Deux véhicules - arrière,4,1,2,0,1,1,1,0,1,30,2,2,1,0,0,1,20.0,38.0,voiture,deux_roues,1,2,6,1,2
202300013831,2023-04-26 07:30:00,2023,4,26,7,30,83,83137,RAMEAU (RUE JP),43.11845,5.94281,Plein jour,En agglomération,Giratoire,Normale,Deux véhicules - arrière,4,1,2,0,1,1,1,0,1,30,2,2,1,0,0,1,20.0,38.0,voiture,deux_roues,1,2,6,1,2
202300013832,2023-04-26 08:20:00,2023,4,26,8,20,77,77306,D.471,48.59127,2.68917,Plein jour,Hors agglomération,Intersection en X,Normale,Deux véhicules - côté,3,2,2,0,1,1,1,0,1,90,2,2,1,1,0,0,19.0,37.0,utilitaire_camion,deux_roues,1,1,2,1,3
202300013832,2023-04-26 08:20:00,2023,4,26,8,20,77,77306,D.471,48.59127,2.68917,Plein jour,Hors agglomération,Intersection en X,Normale,Deux véhicules - côté,3,2,2,0,1,1,1,0,1,80,2,2,1,1,0,0,19.0,37.0,utilitaire_camion,deux_roues,1,1,2,1,3
202300013833,2023-04-26 13:00:00,2023,4,26,13,0,76,76575,Rue de l'Industrie,49.37963,1.10936,Plein jour,En agglomération,Hors intersection,Normale,Trois véhicules et plus - collisions multiples,4,2,2,0,1,1,1,0,1,50,3,8,3,0,0,5,54.0,51.0,voiture,voiture,1,2,1,1,5
202300013834,2023-04-25 17:00:00,2023,4,25,17,0,76,76351,GUSTAVE FLAUBERT,49.497924,0.111588,Plein jour,En agglomération,Intersection en X,Normale,Autre collision,4,1,2,0,1,1,1,0,1,50,1,2,1,0,0,1,50.0,,voiture,,1,2,2,1,6
202300013834,2023-04-25 17:00:00,2023,4,25,17,0,76,76351,GUSTAVE FLAUBERT,49.497924,0.111588,Plein jour,En agglomération,Intersection en X,Normale,Autre collision,4,1,1,0,1,1,1,0,1,50,1,2,1,0,0,1,50.0,,voiture,,1,2,2,1,6
202300013835,2023-04-26 20:06:00,2023,4,26,20,6,72,72181,PARC DES EXPOSITIONS (AV DU),47.95687,0.20253,Plein jour,En agglomération,Hors intersection,Normale,Sans collision,3,3,2,0,1,1,1,0,1,50,1,1,0,0,0,1,38.0,,deux_roues,,1,2,1,1,7
202300013836,2023-04-25 14:55:00,2023,4,25,14,55,72,72181,JAURES JEAN (AV) N° IMP 35 A 179,47.9915,0.20567,Plein jour,En agglomération,Intersection en T,Normale,Deux véhicules - côté,4,1,1,0,1,1,1,0,1,30,2,2,1,0,0,1,,20.0,voiture,deux_roues,1,2,3,1,3
202300013836,2023-04-25 14:55:00,2023,4,25,14,55,72,72181,JAURES JEAN (AV) N° IMP 35 A 179,47.9915,0.20567,Plein jour,En agglomération,Intersection en T,Normale,Deux véhicules - côté,4,3,2,1,1,1,1,0,1,50,2,2,1,0,0,1,,20.0,voiture,deux_roues,1,2,3,1,3
202300013837,2023-04-26 06:10:00,2023,4,26,6,10,69,69266,Boulevard de la Bataille de Stalingrad,45.77935,4.85949,Crépuscule ou aube,En agglomération,Hors intersection,Normale,Deux véhicules - arrière,4,2,5,0,1,1,1,0,1,50,2,3,1,0,0,2,47.0,36.0,deux_roues,deux_roues,2,2,1,1,2
202300013838,2023-04-26 08:30:00,2023,4,26,8,30,69,69276,Route Départementale 312                  ,45.66889,4.84659,Plein jour,Hors agglomération,Intersection en Y,Normale,Deux véhicules - côté,7,2,2,2,1,1,1,0,5,80,2,3,2,0,0,1,45.0,44.0,deux_roues,voiture,1,1,4,1,3
202300013838,2023-04-26 08:30:00,2023,4,26,8,30,69,69276,Route Départementale 312                  ,45.66889,4.84659,Plein jour,Hors agglomération,Intersection en Y,Normale,Deux véhicules - côté,7,2,2,0,1,1,1,0,1,50,2,3,2,0,0,1,45.0,44.0,deux_roues,voiture,1,1,4,1,3
202300013839,2023-04-20 17:56:00,2023,4,20,17,56,68,68066,Rue de Riquewihr,48.08965,7.33274,Plein jour,En agglomération,Intersection en T,Normale,Deux véhicules - côté,4,2,2,0,1,1,1,0,1,50,2,3,2,0,1,0,35.0,45.0,voiture,deux_roues,1,2,3,1,3
202300013839,2023-04-20 17:56:00,2023,4,20,17,56,68,68066,Rue de Riquewihr,48.08965,7.33274,Plein jour,En agglomération,Intersection en T,Normale,Deux véhicules - côté,4,2,2,0,1,1,1,0,1,50,2,3,2,0,1,0,35.0,45.0,voiture,deux_roues,1,2,3,1,3
202300013840,2023-04-26 12:15:00,2023,4,26,12,15,67,67482,TOREAU (RUE),48.59344,7.779114,Plein jour,En agglomération,Hors intersection,Normale,Deux véhicules - côté,4,2,4,1,1,1,1,0,1,50,2,2,1,0,1,0,44.0,20.0,voiture,deux_roues,1,2,1,1,3
202300013841,2023-04-24 23:57:00,2023,4,24,23,57,66,66136,,42.697565,2.8615,Nuit sans éclairage public,Hors agglomération,Hors intersection,Normale,Autre collision,3,3,0,0,4,1,1,0,3,110,1,1,0,0,1,0,40.0,,voiture,,3,1,1,1,6
202300013842,2023-04-23 07:40:00,2023,4,23,7,40,64,64122,GOLF (AVENUE - IMPASSE),43.4901,-1.54662,Plein jour,En agglomération,Hors intersection,Normale,Autre collision,4,2,2,0,2,2,1,0,1,30,1,1,0,0,1,0,59.0,,deux_roues,,1,2,1,1,6
202300013843,2023-04-25 19:00:00,2023,4,25,19,0,64,64024,CINQ CANTONS (RUE DES),43.49342,-1.52814,Plein jour,En agglomération,Giratoire,Normale,Deux véhicules - arrière,4,2,2,0,1,1,1,0,1,30,2,2,1,0,0,1,30.0,71.0,voiture,voiture,1,2,6,1,2
202300013844,2023-04-26 08:00:00,2023,4,26,8,0,59,59426,TOURCOING (RUE DE),50.74532,3.15992,Plein jour,En agglomération,Hors intersection,Normale,Autre collision,4,2,2,0,1,1,1,0,1,30,1,1,0,0,0,1,20.0,,voiture,,1,2,1,1,6
202300013845,2023-04-26 10:00:00,2023,4,26,10,0,59,59512,COQ FRANCAIS (RUE DU),50.68555,3.18167,Plein jour,En agglomération,Intersection en T,Normale,Deux véhicules - côté,4,1,1,2,1,1,1,0,5,50,2,2,1,0,0,1,36.0,20.0,deux_roues,voiture,1,2,3,1,3
202300013845,2023-04-26 10:00:00,2023,4,26,10,0,59,59512,COQ FRANCAIS (RUE DU),50.68555,3.18167,Plein jour,En agglomération,Intersection en T,Normale,Deux véhicules - côté,4,1,1,0,1,1,1,0,5,50,2,2,1,0,0,1,36.0,20.0,deux_roues,voiture,1,2,3,1,3
202300013846,2023-04-23 15:50:00,2023,4,23,15,50,57,57019,VIEIL AMNEVILLE (RUE DU),49.26137,6.13031,Plein jour,En agglomération,Hors intersection,Pluie forte,Autre collision,3,2,2,0,1,1,2,0,1,70,1,4,0,0,1,3,23.0,,voiture,,1,2,1,3,6
202300013847,2023-04-25 14:55:00,2023,4,25,14,55,54,54547,Rue du Morvan,48.649227,6.15075,Plein jour,En agglomération,Giratoire,Pluie légère,Autre collision,4,2,2,0,1,1,2,0,1,30,1,2,1,0,1,0,47.0,,voiture,,1,2,6,2,6
202300013847,2023-04-25 14:55:00,2023,4,25,14,55,54,54547,Rue du Morvan,48.649227,6.15075,Plein jour,En agglomération,Giratoire,Pluie légère,Autre collision,4,2,2,0,1,2,2,0,1,50,1,2,1,0,1,0,47.0,,voiture,,1,2,6,2,6
202300013848,2023-04-25 08:15:00,2023,4,25,8,15,38,38185,RUE RAYMOND PITET,45.15991,5.71376,Plein jour,En agglomération,Intersection en T,Temps couvert,Deux véhicules - frontale,4,2,7,1,1,1,2,0,1,50,2,4,3,0,0,1,33.0,18.0,voiture,deux_roues,1,2,3,8,1
202300013848,2023-04-25 08:15:00,2023,4,25,8,15,38,38185,RUE RAYMOND PITET,45.15991,5.71376,Plein jour,En agglomération,Intersection en T,Temps couvert,Deux véhicules - frontale,4,2,6,1,1,3,2,0,1,50,2,4,3,0,0,1,33.0,18.0,voiture,deux_roues,1,2,3,8,1
202300013849,2023-04-26 06:05:00,2023,4,26,6,5,35,35238,SAINT-BRIEUC (DE),48.1165,-1.70983,Nuit avec éclairage allumé,En agglomération,Intersection en X,Normale,Deux véhicules - frontale,4,2,4,0,1,1,1,5,1,50,2,2,1,0,0,1,66.0,24.0,voiture,voiture,5,2,2,1,1
202300013849,2023-04-26 06:05:00,2023,4,26,6,5,35,35238,SAINT-BRIEUC (DE),48.1165,-1.70983,Nuit avec éclairage allumé,En agglomération,Intersection en X,Normale,Deux véhicules - frontale,4,2,4,0,1,1,1,5,1,50,2,2,1,0,0,1,66.0,24.0,voiture,voiture,5,2,2,1,1
202300013850,2023-04-26 14:00:00,2023,4,26,14,0,35,35150,MARTRAY (RUE DU),48.36775,-1.2188,Plein jour,En agglomération,Intersection en X,Temps couvert,Deux véhicules - côté,3,2,2,0,2,1,1,0,1,50,2,2,1,0,0,1,16.0,39.0,deux_roues,voiture,1,2,2,8,3
202300013850,2023-04-26 14:00:00,2023,4,26,14,0,35,35150,MARTRAY (RUE DU),48.36775,-1.2188,Plein jour,En agglomération,Intersection en X,Temps couvert,Deux véhicules - côté,3,2,2,0,2,1,1,5,1,50,2,2,1,0,0,1,16.0,39.0,deux_roues,voiture,1,2,2,8,3
202300013851,2023-04-26 08:35:00,2023,4,26,8,35,34,34108,14c Avenue des Vignerons,43.44487,3.75111,Plein jour,En agglomération,Intersection en T,Normale,Deux véhicules - frontale,4,2, -1,-1,1,1,1,0,1,-1,2,3,0,0,1,2,21.0,31.0,deux_roues,voiture,1,2,3,1,1
202300013851,2023-04-26 08:35:00,2023,4,26,8,35,34,34108,14c Avenue des Vignerons,43.44487,3.75111,Plein jour,En agglomération,Intersection en T,Normale,Deux véhicules - frontale,4,2,1,0,1,1,1,0,1,50,2,3,0,0,1,2,21.0,31.0,deux_roues,voiture,1,2,3,1,1
202300013852,2023-04-24 09:45:00,2023,4,24,9,45,34,34032,49 Avenue Jean Moulin,43.34751,3.22108,Plein jour,En agglomération,Intersection en T,Normale,Deux véhicules - frontale,4,1,1,0,1,1,1,0,1,50,2,2,1,0,1,0,59.0,20.0,deux_roues,voiture,1,2,3,1,1
202300013852,2023-04-24 09:45:00,2023,4,24,9,45,34,34032,49 Avenue Jean Moulin,43.34751,3.22108,Plein jour,En agglomération,Intersection en T,Normale,Deux véhicules - frontale,4,2,2,0,1,1,1,0,1,50,2,2,1,0,1,0,59.0,20.0,deux_roues,voiture,1,2,3,1,1
202300013853,2023-04-26 19:30:00,2023,4,26,19,30,33,33063,Rue Lucien Faure,44.86747,-0.56336,Plein jour,En agglomération,Hors intersection,Pluie légère,Deux véhicules - arrière,4,4,6,0,1,1,2,0,1,50,2,2,1,0,0,1,38.0,42.0,voiture,voiture,1,2,1,2,2
202300013854,2023-04-26 17:30:00,2023,4,26,17,30,13,13209,COL DE LA GINESTE D559,43.24623,5.44583,Plein jour,Hors agglomération,Hors intersection,Normale,Deux véhicules - frontale,3,2,2,0,2,3,1,0,1,70,2,3,2,0,1,0,20.0,79.0,deux_roues,voiture,1,1,1,1,1
202300013855,2023-04-26 15:45:00,2023,4,26,15,45,13,13206,BEL AIR (RUE),43.2896,5.38221,Plein jour,En agglomération,Intersection en X,Normale,Deux véhicules - côté,4,1,1,0,1,1,1,0,1,50,2,3,1,0,0,2,58.0,54.0,deux_roues,voiture,1,2,2,1,3
202300013855,2023-04-26 15:45:00,2023,4,26,15,45,13,13206,BEL AIR (RUE),43.2896,5.38221,Plein jour,En agglomération,Intersection en X,Normale,Deux véhicules - côté,4,1,1,0,1,1,1,0,1,50,2,3,1,0,0,2,58.0,54.0,deux_roues,voiture,1,2,2,1,3
202300013856,2023-04-26 15:15:00,2023,4,26,15,15,13,13214,DANIEL CASANOVA (BOULEVARD),43.326,5.374,Plein jour,En agglomération,Hors intersection,Normale,Autre collision,4,2,2,0,1,1,1,0,1,50,1,3,2,0,0,1,66.0,,voiture,,1,2,1,1,6
202300013857,2023-04-26 11:50:00,2023,4,26,11,50,13,13206,BEL AIR (RUE),43.2896,5.38221,Plein jour,En agglomération,Intersection en X,Normale,Deux véhicules - côté,4,1,1,0,4,1,1,0,1,50,2,2,1,0,0,1,22.0,66.0,voiture,deux_roues,1,2,2,1,3
202300013857,2023-04-26 11:50:00,2023,4,26,11,50,13,13206,BEL AIR (RUE),43.2896,5.38221,Plein jour,En agglomération,Intersection en X,Normale,Deux véhicules - côté,4,1,1,0,1,1,1,0,1,50,2,2,1,0,0,1,22.0,66.0,voiture,deux_roues,1,2,2,1,3
202300013858,2023-04-26 11:55:00,2023,4,26,11,55,09,09225,LOUMET RUE DE,43.11163,1.61182,Plein jour,En agglomération,Intersection en X,Normale,Deux véhicules - côté,4,1,1,0,1,1,1,0,1,50,2,2,1,0,0,1,17.0,42.0,deux_roues,voiture,1,2,2,1,3
202300013858,2023-04-26 11:55:00,2023,4,26,11,55,09,09225,LOUMET RUE DE,43.11163,1.61182,Plein jour,En agglomération,Intersection en X,Normale,Deux véhicules - côté,4,2,2,0,1,1,1,0,1,50,2,2,1,0,0,1,17.0,42.0,deux_roues,voiture,1,2,2,1,3
202300013859,2023-04-26 17:35:00,2023,4,26,17,35,06,06088,CORNICHE FLEURIE (AV. DE LA),43.68326,7.211185,Plein jour,En agglomération,Autre intersection,Normale,Autre collision,4,2,2,0,2,1,1,0,1,30,1,2,1,0,0,1,31.0,,voiture,,1,2,9,1,6
202300013860,2023-04-26 15:15:00,2023,4,26,15,15,75,75114,PORTE D ORLEANS,48.817721,2.333999,Plein jour,En agglomération,Intersection en Y,Normale,Deux véhicules - arrière,4,1,1,0,1,1,2,0,1,50,2,2,1,0,0,1,,44.0,utilitaire_camion,deux_roues,1,2,4,1,2
202300013860,2023-04-26 15:15:00,2023,4,26,15,15,75,75114,PORTE D ORLEANS,48.817721,2.333999,Plein jour,En agglomération,Intersection en Y,Normale,Deux véhicules - arrière,4,1,2,0,1,1,2,0,1,70,2,2,1,0,0,1,,44.0,utilitaire_camion,deux_roues,1,2,4,1,2
202300013861,2023-04-26 12:10:00,2023,4,26,12,10,75,75112,ECHANGEUR BERCY,48.82678093,2.39018887,Plein jour,En agglomération,Intersection en Y,Normale,Deux véhicules - côté,4,1,4,0,1,1,1,0,1,70,2,2,1,0,0,1,36.0,32.0,deux_roues,voiture,1,2,4,1,3
202300013861,2023-04-26 12:10:00,2023,4,26,12,10,75,75112,ECHANGEUR BERCY,48.82678093,2.39018887,Plein jour,En agglomération,Intersection en Y,Normale,Deux véhicules - côté,4,1,2,0,1,3,1,0,1,50,2,2,1,0,0,1,36.0,32.0,deux_roues,voiture,1,2,4,1,3
202300013862,2023-04-26 11:41:00,2023,4,26,11,41,75,75112,BOULEVARD PONIATOWSKI,48.831843,2.397727,Plein jour,En agglomération,Intersection en X,Normale,Trois véhicules et plus - collisions multiples,4,2,4,0,1,1,1,0,1,30,3,9,5,0,0,4,26.0,44.0,utilitaire_camion,deux_roues,1,2,2,1,5
202300013862,2023-04-26 11:41:00,2023,4,26,11,41,75,75112,BOULEVARD PONIATOWSKI,48.831843,2.397727,Plein jour,En agglomération,Intersection en X,Normale,Trois véhicules et plus - collisions multiples,4,2,4,0,1,1,1,0,1,30,3,9,5,0,0,4,26.0,44.0,utilitaire_camion,deux_roues,1,2,2,1,5
202300013863,2023-04-26 07:10:00,2023,4,26,7,10,75,75120,RUE CHARLES CROS,48.876972,2.408671,Plein jour,En agglomération,Intersection en T,Normale,Autre collision,4,1,3,0,1,1,1,0,1,30,1,2,1,0,1,0,45.0,,transport_commun,,1,2,3,1,6
202300013863,2023-04-26 07:10:00,2023,4,26,7,10,75,75120,RUE CHARLES CROS,48.876972,2.408671,Plein jour,En agglomération,Intersection en T,Normale,Autre collision,4,1,1,3,1,1,1,0,1,30,1,2,1,0,1,0,45.0,,transport_commun,,1,2,3,1,6
202300013864,2023-04-26 19:15:00,2023,4,26,19,15,75,75120,AVENUE GAMBETTA,48.863474,2.389843,Plein jour,En agglomération,Hors intersection,Normale,Sans collision,4,2,2,1,2,1,1,0,5,30,1,1,0,0,0,1,29.0,,deux_roues,,1,2,1,1,7
202300013865,2023-04-26 08:20:00,2023,4,26,8,20,75,75119,BOULEVARD SERURIER,48.878353,2.403427,Plein jour,En agglomération,Intersection en T,Normale,Deux véhicules - côté,4,1,1,1,1,1,1,0,1,30,2,2,1,0,0,1,37.0,25.0,voiture,deux_roues,1,2,3,1,3
202300013865,2023-04-26 08:20:00,2023,4,26,8,20,75,75119,BOULEVARD SERURIER,48.878353,2.403427,Plein jour,En agglomération,Intersection en T,Normale,Deux véhicules - côté,4,2,2,1,2,1,1,0,5,30,2,2,1,0,0,1,37.0,25.0,voiture,deux_roues,1,2,3,1,3
202300013866,2023-04-26 12:30:00,2023,4,26,12,30,75,75118,BOULEVARD DE LA CHAPELLE,48.884516,2.363692,Plein jour,En agglomération,Hors intersection,Normale,Deux véhicules - côté,4,1,3,1,1,1,1,0,5,30,2,2,1,0,0,1,26.0,37.0,deux_roues,deux_roues,1,2,1,1,3
202300013867,2023-04-26 18:30:00,2023,4,26,18,30,75,75117,RUE DE COURCELLES,48.886466,2.295772,Plein jour,En agglomération,Intersection en X,Normale,Deux véhicules - côté,4,2, -1,0,1,1,1,0,1,30,2,3,2,0,0,1,52.0,27.0,deux_roues,deux_roues,1,2,2,1,3
202300013867,2023-04-26 18:30:00,2023,4,26,18,30,75,75117,RUE DE COURCELLES,48.886466,2.295772,Plein jour,En agglomération,Intersection en X,Normale,Deux véhicules - côté,4,2,5,0,1,1,1,0,1,30,2,3,2,0,0,1,52.0,27.0,deux_roues,deux_roues,1,2,2,1,3
202300013868,2023-04-26 18:05:00,2023,4,26,18,5,75,75115,RUE DE CASABLANCA,48.838728,2.289491,Plein jour,En agglomération,Intersection en T,Normale,Autre collision,4,-1, -1,0,1,1,1,0,1,30,1,2,1,0,0,1,67.0,,voiture,,1,2,3,1,6
202300013868,2023-04-26 18:05:00,2023,4,26,18,5,75,75115,RUE DE CASABLANCA,48.838728,2.289491,Plein jour,En agglomération,Intersection en T,Normale,Autre collision,4,1,1,0,1,1,1,0,1,30,1,2,1,0,0,1,67.0,,voiture,,1,2,3,1,6
202300013869,2023-04-25 03:05:00,2023,4,25,3,5,75,75115,PLACE DES MARTYRS DE LA RESISTANCE,48.83514,2.277844,Nuit avec éclairage allumé,En agglomération,Hors intersection,Pluie légère,Autre collision,4,1,2,0,1,1,2,0,1,30,1,2,1,0,0,1,28.0,,voiture,,5,2,1,2,6
202300013870,2023-04-26 08:55:00,2023,4,26,8,55,75,75114,BOULEVARD DE PORT ROYAL,48.838389,2.342093,Plein jour,En agglomération,Intersection en T,Normale,Deux véhicules - côté,4,1,5,3,1,1,1,0,6,30,2,2,1,0,0,1,28.0,24.0,deux_roues,transport_commun,1,2,3,1,3
202300013870,2023-04-26 08:55:00,2023,4,26,8,55,75,75114,BOULEVARD DE PORT ROYAL,48.838389,2.342093,Plein jour,En agglomération,Intersection en T,Normale,Deux véhicules - côté,4,-1, -1,3,1,1,1,0,1,30,2,2,1,0,0,1,28.0,24.0,deux_roues,transport_commun,1,2,3,1,3
202300013871,2023-04-26 16:30:00,2023,4,26,16,30,75,75111,AVENUE DE LA REPUBLIQUE,48.865826,2.371559,Plein jour,En agglomération,Intersection en T,Normale,Deux véhicules - côté,4,2,4,1,1,1,1,0,5,30,2,2,1,0,0,1,55.0,34.0,voiture,deux_roues,1,2,3,1,3
202300013871,2023-04-26 16:30:00,2023,4,26,16,30,75,75111,AVENUE DE LA REPUBLIQUE,48.865826,2.371559,Plein jour,En agglomération,Intersection en T,Normale,Deux véhicules - côté,4,2, -1,1,1,1,1,0,5,30,2,2,1,0,0,1,55.0,34.0,voiture,deux_roues,1,2,3,1,3
202300013872,2023-04-26 14:30:00,2023,4,26,14,30,75,75110,BOULEVARD DE LA VILLETTE,48.884215,2.365352,Plein jour,En agglomération,Hors intersection,Normale,Autre collision,4,1,1,1,1,1,1,0,5,30,1,2,1,0,0,1,24.0,,deux_roues,,1,2,1,1,6
202300013873,2023-04-26 14:05:00,2023,4,26,14,5,75,75109,BOULEVARD HAUSSMANN,48.873074,2.332287,Plein jour,En agglomération,Hors intersection,Normale,Deux véhicules - arrière,4,1,3,0,1,1,1,0,1,50,2,5,4,0,0,1,28.0,43.0,voiture,voiture,1,2,1,1,2
202300013874,2023-04-26 20:00:00,2023,4,26,20,0,75,75107,AVENUE DE LA BOURDONNAIS,48.858645,2.298595,Plein jour,En agglomération,Intersection en X,Normale,Sans collision,4,2,2,0,1,1,1,0,1,30,1,1,0,0,0,1,23.0,,deux_roues,,1,2,2,1,7
202300013874,2023-04-26 20:00:00,2023,4,26,20,0,75,75107,AVENUE DE LA BOURDONNAIS,48.858645,2.298595,Plein jour,En agglomération,Intersection en X,Normale,Sans collision,4,-1, -1,0,1,1,1,0,1,30,1,1,0,0,0,1,23.0,,deux_roues,,1,2,2,1,7
202300013875,2023-04-25 18:35:00,2023,4,25,18,35,94,94078,Rue de Paris / Rue de l'Orme Sainte Marie,48.738828,2.446656,Plein jour,En agglomération,Intersection en T,Normale,Autre collision,2,3,4,0,1,1,1,0,1,50,1,2,1,0,0,1,24.0,,voiture,,1,2,3,1,6
202300013875,2023-04-25 18:35:00,2023,4,25,18,35,94,94078,Rue de Paris / Rue de l'Orme Sainte Marie,48.738828,2.446656,Plein jour,En agglomération,Intersection en T,Normale,Autre collision,2,2,2,0,1,1,1,0,1,-1,1,2,1,0,0,1,24.0,,voiture,,1,2,3,1,6
202300013876,2023-04-25 15:30:00,2023,4,25,15,30,94,94019,Square Auguste Comte,48.80184894,2.5474543,Plein jour,En agglomération,Hors intersection,Normale,Trois véhicules et plus - collisions multiples,4,2,2,0,1,1,1,9,8,50,3,3,2,0,0,1,33.0,20.0,deux_roues,voiture,1,2,1,1,5