accident_id,datetime,annee,mois,jour,heure,minute,departement,commune_insee,adresse,latitude,longitude,luminosite,agglomeration,intersection,meteo,collision,catr,circ,nbv,vosp,prof,plan,surf,infra,situ,vma,nb_vehicules,nb_usagers,nb_indemnes,nb_tues,nb_blesses_hosp,nb_blesses_legers,age_cond_1,age_cond_2,veh_type_cond_1,veh_type_cond_2,lum_code,agg_code,int_code,atm_code,col_code
202300013877,2023-04-26 21:21:00,2023,4,26,21,21,94,94004,Avenue Charles de Gaulle,48.75666,2.498,Nuit avec éclairage allumé,En agglomération,Hors intersection,Pluie légère,Deux véhicules - côté,4,3,1,0,1,1,2,0,1,30,2,2,1,0,0,1,,35.0,autre,deux_roues,5,2,1,2,3
202300013878,2023-04-26 15:35:00,2023,4,26,15,35,93,93071,Avenue Salvador Allende / Rue Frederic Joliot Curie,48.947555,2.527106,Plein jour,En agglomération,Intersection en T,Normale,Deux véhicules - côté,4,1,1,0,2,1,1,0,1,30,2,3,2,0,0,1,52.0,40.0,voiture,voiture,1,2,3,1,3
202300013878,2023-04-26 15:35:00,2023,4,26,15,35,93,93071,Avenue Salvador Allende / Rue Frederic Joliot Curie,48.947555,2.527106,Plein jour,En agglomération,Intersection en T,Normale,Deux véhicules - côté,4,2,2,0,1,1,1,0,1,50,2,3,2,0,0,1,52.0,40.0,voiture,voiture,1,2,3,1,3
202300013879,2023-04-07 11:55:00,2023,4,7,11,55,93,93066,Avenue du Président Wilson,48.91021,2.3577,Plein jour,En agglomération,Hors intersection,Normale,Trois véhicules et plus - collisions multiples,3,1,2,3,1,1,1,0,1,50,3,3,2,0,1,0,58.0,66.0,deux_roues,utilitaire_camion,1,2,1,1,5
202300013880,2023-04-26 18:15:00,2023,4,26,18,15,93,93055,Rue Jules Auffret,48.88626463,2.41056078,Plein jour,En agglomération,Hors intersection,Normale,Autre collision,3,2,2,0,2,1,1,0,1,50,2,2,1,0,0,1,38.0,12.0,deux_roues,deux_roues,1,2,1,1,6
202300013881,2023-04-26 14:30:00,2023,4,26,14,30,93,93048,Avenue du Président Wilson / Rue de la Solidarité,48.85307817,2.43884171,Plein jour,En agglomération,Intersection en X,Pluie légère,Autre collision,3,2,2,0,1,1,2,0,1,30,2,3,0,0,0,3,24.0,29.0,deux_roues,deux_roues,1,2,2,2,6
202300013881,2023-04-26 14:30:00,2023,4,26,14,30,93,93048,Avenue du Président Wilson / Rue de la Solidarité,48.85307817,2.43884171,Plein jour,En agglomération,Intersection en X,Pluie légère,Autre collision,3,1,2,0,1,1,2,0,1,30,2,3,0,0,0,3,24.0,29.0,deux_roues,deux_roues,1,2,2,2,6
202300013882,2023-04-26 07:40:00,2023,4,26,7,40,93,93048,Avenue du Colonel Fabien / Boulevard de la Boissière,48.878,2.45714,Crépuscule ou aube,En agglomération,Intersection à plus de 4 branches,Normale,Deux véhicules - côté,3,2,2,2,1,3,1,5,1,50,2,2,1,0,0,1,45.0,55.0,deux_roues,voiture,2,2,5,1,3
202300013882,2023-04-26 07:40:00,2023,4,26,7,40,93,93048,Avenue du Colonel Fabien / Boulevard de la Boissière,48.878,2.45714,Crépuscule ou aube,En agglomération,Intersection à plus de 4 branches,Normale,Deux véhicules - côté,3,2,2,-1,1,1,1,0,1,-1,2,2,1,0,0,1,45.0,55.0,deux_roues,voiture,2,2,5,1,3
202300013883,2023-08-12 08:20:00,2023,8,12,8,20,17,17333,MOCQUERIES (AVENUE),45.60214,-0.99342,Plein jour,En agglomération,Giratoire,Temps couvert,Deux véhicules - côté,4,1,1,0,1,1,1,0,1,30,2,2,1,0,0,1,70.0,70.0,voiture,deux_roues,1,2,6,8,3
202300013883,2023-08-12 08:20:00,2023,8,12,8,20,17,17333,MOCQUERIES (AVENUE),45.60214,-0.99342,Plein jour,En agglomération,Giratoire,Temps couvert,Deux véhicules - côté,4,2,2,0,1,1,1,0,1,30,2,2,1,0,0,1,70.0,70.0,voiture,deux_roues,1,2,6,8,3
202300013884,2023-08-12 22:00:00,2023,8,12,22,0,13,13054,FIGUERES (RUE DES ),43.42114481,5.20776728,Nuit avec éclairage allumé,En agglomération,Intersection en X,Normale,Deux véhicules - côté,4,2,2,0,1,1,1,0,1,50,2,5,4,0,0,1,18.0,41.0,voiture,voiture,5,2,2,1,3
202300013884,2023-08-12 22:00:00,2023,8,12,22,0,13,13054,FIGUERES (RUE DES ),43.42114481,5.20776728,Nuit avec éclairage allumé,En agglomération,Intersection en X,Normale,Deux véhicules - côté,4,2,2,0,1,1,1,0,1,50,2,5,4,0,0,1,18.0,41.0,voiture,voiture,5,2,2,1,3
202300013885,2023-08-12 03:20:00,2023,8,12,3,20,13,13208,MENDES FRANCE (AVENUE),43.24998,5.37533,Nuit avec éclairage allumé,En agglomération,Hors intersection,Normale,Autre collision,4,1,2,0,1,1,1,0,1,50,1,2,0,0,0,2,25.0,,deux_roues,,5,2,1,1,6
202300013886,2023-08-12 00:57:00,2023,8,12,0,57,13,13213,NOTRE DAME DE CONSOLATION,43.33543,5.43296,Nuit avec éclairage allumé,En agglomération,Hors intersection,Normale,Deux véhicules - côté,4,3,2,0,2,1,1,0,1,50,2,2,1,0,1,0,27.0,45.0,deux_roues,voiture,5,2,1,1,3
202300013887,2023-08-12 14:00:00,2023,8,12,14,0,13,13005,BOYER (AVENUE ANTIDE),43.29492,5.56204,Plein jour,En agglomération,Hors intersection,Normale,Deux véhicules - côté,3,2,2,0,1,1,1,0,1,50,2,2,0,0,0,2,39.0,36.0,voiture,deux_roues,1,2,1,1,3
202300013888,2023-08-13 01:25:00,2023,8,13,1,25,11,11262,14 Avenue de Bordeaux,43.18209,2.99055,Nuit avec éclairage allumé,En agglomération,Hors intersection,Normale,Deux véhicules - arrière,4,2,2,0,4,1,1,2,1,50,2,2,0,0,2,0,27.0,19.0,deux_roues,deux_roues,5,2,1,1,2
202300013889,2023-08-08 08:00:00,2023,8,8,8,0,05,05061,PIERRE ET MARIE CURIE ( BD),44.561203,6.084397,Plein jour,En agglomération,Hors intersection,Normale,Deux véhicules - côté,4,2,3,0,1,1,1,0,1,50,2,2,1,0,0,1,21.0,58.0,deux_roues,deux_roues,1,2,1,1,3
202300013890,2023-08-10 21:05:00,2023,8,10,21,5,75,75118,PORTE DE LA CHAPELLE,48.90088492,2.36386299,Plein jour,En agglomération,Intersection en Y,Normale,Deux véhicules - côté,4,1,2,0,1,1,1,0,1,50,2,5,3,0,0,2,25.0,23.0,deux_roues,utilitaire_camion,1,2,4,1,3
202300013890,2023-08-10 21:05:00,2023,8,10,21,5,75,75118,PORTE DE LA CHAPELLE,48.90088492,2.36386299,Plein jour,En agglomération,Intersection en Y,Normale,Deux véhicules - côté,4,1,4,0,1,1,1,0,1,70,2,5,3,0,0,2,25.0,23.0,deux_roues,utilitaire_camion,1,2,4,1,3
202300013891,2023-08-12 17:40:00,2023,8,12,17,40,75,75113,AVENUE D ITALIE,48.819915,2.359218,Plein jour,En agglomération,Hors intersection,Normale,Autre collision,4,-1, -1,3,1,1,1,0,4,30,1,2,1,0,0,1,34.0,,voiture,,1,2,1,1,6
202300013892,2023-08-12 06:20:00,2023,8,12,6,20,75,75118,AVENUE DE LA PORTE D AUBERVILLIERS,48.90038888,2.37039685,Crépuscule ou aube,En agglomération,Place,Pluie légère,Deux véhicules - arrière,4,1,2,0,2,1,2,0,1,30,2,2,1,0,0,1,31.0,,voiture,voiture,2,2,7,2,2
202300013892,2023-08-12 06:20:00,2023,8,12,6,20,75,75118,AVENUE DE LA PORTE D AUBERVILLIERS,48.90038888,2.37039685,Crépuscule ou aube,En agglomération,Place,Pluie légère,Deux véhicules - arrière,4,1, -1,-1,1,1,2,0,1,-1,2,2,1,0,0,1,31.0,,voiture,voiture,2,2,7,2,2
202300013893,2023-08-12 00:03:00,2023,8,12,0,3,75,75114,RUE D ALESIA,48.827846,2.329133,Nuit avec éclairage allumé,En agglomération,Intersection en T,Pluie légère,Sans collision,4,1, -1,-1,1,1,2,0,5,-1,1,1,0,0,0,1,39.0,,deux_roues,,5,2,3,2,7
202300013893,2023-08-12 00:03:00,2023,8,12,0,3,75,75114,RUE D ALESIA,48.827846,2.329133,Nuit avec éclairage allumé,En agglomération,Intersection en T,Pluie légère,Sans collision,4,2,2,1,1,1,2,0,5,30,1,1,0,0,0,1,39.0,,deux_roues,,5,2,3,2,7
202300013894,2023-08-12 17:40:00,2023,8,12,17,40,75,75111,AVENUE DE LA REPUBLIQUE,48.865917,2.371111,Plein jour,En agglomération,Hors intersection,Normale,Autre collision,4,2,2,0,1,1,1,0,1,30,1,2,0,0,0,2,45.0,,transport_commun,,1,2,1,1,6
202300013895,2023-08-12 08:50:00,2023,8,12,8,50,75,75110,BOULEVARD DE LA VILLETTE,48.878435,2.370104,Plein jour,En agglomération,Place,Pluie légère,Trois véhicules et plus - en chaîne,4,3,2,0,1,1,2,0,1,30,4,5,4,0,0,1,43.0,34.0,deux_roues,utilitaire_camion,1,2,7,2,4
202300013895,2023-08-12 08:50:00,2023,8,12,8,50,75,75110,BOULEVARD DE LA VILLETTE,48.878435,2.370104,Plein jour,En agglomération,Place,Pluie légère,Trois véhicules et plus - en chaîne,4,1,3,0,1,2,2,0,1,30,4,5,4,0,0,1,43.0,34.0,deux_roues,utilitaire_camion,1,2,7,2,4
202300013896,2023-08-02 21:20:00,2023,8,2,21,20,75,75108,AVENUE FRANKLIN D ROOSEVELT,48.870101,2.310055,Crépuscule ou aube,En agglomération,Hors intersection,Normale,Deux véhicules - arrière,4,1,1,1,1,1,1,0,1,30,2,2,1,0,0,1,19.0,29.0,utilitaire_camion,deux_roues,2,2,1,1,2
202300013897,2023-08-12 04:10:00,2023,8,12,4,10,75,75104,RUE DU RENARD,48.85985,2.352738,Nuit avec éclairage allumé,En agglomération,Intersection en T,Pluie forte,Autre collision,4,1, -1,-1,1,1,2,0,5,-1,1,1,0,0,0,1,37.0,,voiture,,5,2,3,3,6
202300013897,2023-08-12 04:10:00,2023,8,12,4,10,75,75104,RUE DU RENARD,48.85985,2.352738,Nuit avec éclairage allumé,En agglomération,Intersection en T,Pluie forte,Autre collision,4,1,2,3,1,1,2,0,5,30,1,1,0,0,0,1,37.0,,voiture,,5,2,3,3,6
202300013898,2023-08-11 09:43:00,2023,8,11,9,43,75,75101,RUE DE RIVOLI,48.862464,2.336255,Plein jour,En agglomération,Intersection en T,Normale,Deux véhicules - côté,4,1,1,0,1,1,1,0,1,30,2,3,2,0,0,1,40.0,44.0,voiture,deux_roues,1,2,3,1,3
202300013898,2023-08-11 09:43:00,2023,8,11,9,43,75,75101,RUE DE RIVOLI,48.862464,2.336255,Plein jour,En agglomération,Intersection en T,Normale,Deux véhicules - côté,4,1,3,3,1,1,1,0,1,30,2,3,2,0,0,1,40.0,44.0,voiture,deux_roues,1,2,3,1,3
202300013899,2023-07-07 09:00:00,2023,7,7,9,0,06,06069,Pénétrante,43.641067,6.935652,Plein jour,Hors agglomération,Hors intersection,Normale,Autre collision,3,3,1,0,1,1,1,3,1,50,1,1,0,0,0,1,46.0,,deux_roues,,1,1,1,1,6
202300013900,2023-07-05 22:50:00,2023,7,5,22,50,75,75113,BD PERIPHERIQUE INTERIEUR,48.820798,2.376664,Nuit avec éclairage allumé,En agglomération,Intersection en Y,Normale,Sans collision,4,1,4,0,1,1,1,0,1,70,1,1,0,0,0,1,35.0,,deux_roues,,5,2,4,1,7
202300013900,2023-07-05 22:50:00,2023,7,5,22,50,75,75113,BD PERIPHERIQUE INTERIEUR,48.820798,2.376664,Nuit avec éclairage allumé,En agglomération,Intersection en Y,Normale,Sans collision,4,1,2,0,1,3,1,0,1,50,1,1,0,0,0,1,35.0,,deux_roues,,5,2,4,1,7
202300013901,2023-08-12 18:45:00,2023,8,12,18,45,93,93066,Rue Ambroise Croizat / Rue Charles Christofle,48.93014,2.35066,Plein jour,En agglomération,Intersection en T,Normale,Deux véhicules - arrière,3,2,3,0,1,1,1,0,1,50,2,4,2,0,0,2,35.0,25.0,voiture,voiture,1,2,3,1,2
202300013901,2023-08-12 18:45:00,2023,8,12,18,45,93,93066,Rue Ambroise Croizat / Rue Charles Christofle,48.93014,2.35066,Plein jour,En agglomération,Intersection en T,Normale,Deux véhicules - arrière,3,2,2,0,1,1,1,0,1,-1,2,4,2,0,0,2,35.0,25.0,voiture,voiture,1,2,3,1,2
202300013902,2023-07-07 13:10:00,2023,7,7,13,10,75,75101,souterrain halles,48.860567,2.348132,Nuit avec éclairage allumé,En agglomération,Hors intersection,Normale,Autre collision,4,1,2,0,1,3,1,1,1,30,1,2,0,0,1,1,23.0,,deux_roues,,5,2,1,1,6
202300013903,2023-08-12 20:15:00,2023,8,12,20,15,93,93071,Avenue Lucie Aubrac / Avenue Henri Barbusse,48.93346,2.54304,Plein jour,En agglomération,Giratoire,Normale,Sans collision,3,1,2,0,1,2,1,0,1,50,1,1,0,0,1,0,25.0,,deux_roues,,1,2,6,1,7
202300013903,2023-08-12 20:15:00,2023,8,12,20,15,93,93071,Avenue Lucie Aubrac / Avenue Henri Barbusse,48.93346,2.54304,Plein jour,En agglomération,Giratoire,Normale,Sans collision,3,2,2,0,1,1,1,0,1,-1,1,1,0,0,1,0,25.0,,deux_roues,,1,2,6,1,7
202300013904,2023-07-07 11:55:00,2023,7,7,11,55,75,75106,RUE DU CHERCHE MIDI,48.85023,2.32718,Plein jour,En agglomération,Intersection en X,Normale,Autre collision,4,1, -1,-1,1,1,1,0,1,-1,1,2,0,0,0,2,30.0,,deux_roues,,1,2,2,1,6
202300013904,2023-07-07 11:55:00,2023,7,7,11,55,75,75106,RUE DU CHERCHE MIDI,48.85023,2.32718,Plein jour,En agglomération,Intersection en X,Normale,Autre collision,4,1,2,2,1,1,1,0,1,30,1,2,0,0,0,2,30.0,,deux_roues,,1,2,2,1,6
202300013905,2023-08-11 23:40:00,2023,8,11,23,40,93,93047,Rue du Général de Gaulle,48.89937,2.5603,Nuit avec éclairage allumé,En agglomération,Hors intersection,Normale,Deux véhicules - frontale,4,2,2,0,1,1,1,0,1,50,2,3,2,0,0,1,38.0,21.0,voiture,voiture,5,2,1,1,1
202300013906,2023-07-07 18:30:00,2023,7,7,18,30,75,75116,AVENUE DES NATIONS UNIES,48.861711,2.291615,Plein jour,En agglomération,Hors intersection,Normale,Deux véhicules - arrière,4,2,3,0,2,1,1,0,1,30,2,2,1,0,0,1,20.0,68.0,voiture,voiture,1,2,1,1,2
202300013907,2023-07-06 16:30:00,2023,7,6,16,30,75,75116,PLACE DU GENERAL STEFANIK,48.839755,2.255753,Plein jour,En agglomération,Place,Normale,Autre collision,4,-1, -1,0,1,1,1,0,1,30,1,2,1,0,0,1,31.0,,voiture,,1,2,7,1,6
202300013907,2023-07-06 16:30:00,2023,7,6,16,30,75,75116,PLACE DU GENERAL STEFANIK,48.839755,2.255753,Plein jour,En agglomération,Place,Normale,Autre collision,4,1,1,0,1,1,1,0,1,30,1,2,1,0,0,1,31.0,,voiture,,1,2,7,1,6
202300013908,2023-08-12 21:20:00,2023,8,12,21,20,92,92022,SALENGRO (AVENUE ROGER),48.81737186,2.19610155,Crépuscule ou aube,En agglomération,Hors intersection,Temps couvert,Sans collision,3,2,4,1,1,1,1,0,1,50,1,1,0,0,0,1,64.0,,deux_roues,,2,2,1,8,7
202300013909,2023-07-07 20:00:00,2023,7,7,20,0,75,75114,BOULEVARD JOURDAN,48.820004,2.339803,Plein jour,En agglomération,Hors intersection,Normale,Deux véhicules - côté,4,1,8,0,1,1,1,0,1,30,2,2,0,0,0,2,27.0,35.0,deux_roues,deux_roues,1,2,1,1,3
202300013910,2023-07-07 20:40:00,2023,7,7,20,40,75,75112,ROUTE DAUPHINE,48.830033,2.439532,Plein jour,En agglomération,Hors intersection,Normale,Deux véhicules - arrière,4,-1,1,1,1,1,1,0,5,30,2,2,0,0,0,2,29.0,30.0,deux_roues,deux_roues,1,2,1,1,2
202300013911,2023-08-13 17:23:00,2023,8,13,17,23,84,84088,Avenue René Char,43.997649,5.069252,Plein jour,En agglomération,Hors intersection,Normale,Deux véhicules - frontale,4,2,2,0,1,1,1,0,1,50,2,4,1,0,1,2,20.0,35.0,voiture,voiture,1,2,1,1,1
202300013912,2023-07-07 17:05:00,2023,7,7,17,5,75,75111,AVENUE PHILIPPE AUGUSTE,48.8523658,2.393442,Plein jour,En agglomération,Autre intersection,Normale,Deux véhicules - arrière,4,2,2,0,1,1,1,0,1,30,2,2,1,0,0,1,67.0,33.0,voiture,voiture,1,2,9,1,2
202300013912,2023-07-07 17:05:00,2023,7,7,17,5,75,75111,AVENUE PHILIPPE AUGUSTE,48.8523658,2.393442,Plein jour,En agglomération,Autre intersection,Normale,Deux véhicules - arrière,4,-1, -1,-1,1,1,1,0,1,-1,2,2,1,0,0,1,67.0,33.0,voiture,voiture,1,2,9,1,2
202300013913,2023-08-13 22:00:00,2023,8,13,22,0,27,27256,pk 6 D554,48.938944,1.232373,Nuit sans éclairage public,Hors agglomération,Intersection en T,Normale,Deux véhicules - côté,3,2,2,0,1,1,1,0,1,80,2,2,1,0,1,0,32.0,21.0,autre,deux_roues,3,1,3,1,3
202300013913,2023-08-13 22:00:00,2023,8,13,22,0,27,27256,pk 6 D554,48.938944,1.232373,Nuit sans éclairage public,Hors agglomération,Intersection en T,Normale,Deux véhicules - côté,3,2,2,0,1,1,1,0,1,-1,2,2,1,0,1,0,32.0,21.0,autre,deux_roues,3,1,3,1,3
202300013914,2023-08-14 02:20:00,2023,8,14,2,20,12,12073,D641,44.221265,2.588128,Nuit sans éclairage public,Hors agglomération,Hors intersection,Normale,Autre collision,3,2,2,0,1,3,1,0,3,90,1,1,0,0,1,0,19.0,,utilitaire_camion,,3,1,1,1,6
202300013915,2023-07-07 04:30:00,2023,7,7,4,30,75,75111,BOULEVARD VOLTAIRE,48.851623,2.390508,Nuit avec éclairage non allumé,En agglomération,Intersection en T,Normale,Deux véhicules - frontale,4,3,2,0,1,1,1,0,1,30,2,4,3,0,0,1,29.0,28.0,voiture,voiture,4,2,3,1,1
202300013915,2023-07-07 04:30:00,2023,7,7,4,30,75,75111,BOULEVARD VOLTAIRE,48.851623,2.390508,Nuit avec éclairage non allumé,En agglomération,Intersection en T,Normale,Deux véhicules - frontale,4,1, -1,-1,1,1,1,0,1,30,2,4,3,0,0,1,29.0,28.0,voiture,voiture,4,2,3,1,1
202300013916,2023-08-13 05:00:00,2023,8,13,5,0,63,63178,A75 pk 29+110,45.5632013,3.25726455,Nuit sans éclairage public,Hors agglomération,Hors intersection,Normale,Deux véhicules - arrière,1,3,4,0,1,3,1,0,1,90,2,2,1,0,1,0,33.0,27.0,voiture,voiture,3,1,1,1,2
202300013917,2023-07-07 08:45:00,2023,7,7,8,45,75,75110,PLACE DULCIE SEPTEMBER,48.880617,2.362027,Plein jour,En agglomération,Autre intersection,Temps éblouissant,Deux véhicules - côté,4,2, -1,-1,2,1,1,0,1,-1,2,2,1,0,0,1,26.0,32.0,deux_roues,deux_roues,1,2,9,7,3
202300013917,2023-07-07 08:45:00,2023,7,7,8,45,75,75110,PLACE DULCIE SEPTEMBER,48.880617,2.362027,Plein jour,En agglomération,Autre intersection,Temps éblouissant,Deux véhicules - côté,4,2,5,1,2,1,1,0,5,30,2,2,1,0,0,1,26.0,32.0,deux_roues,deux_roues,1,2,9,7,3
202300013918,2023-08-13 05:58:00,2023,8,13,5,58,51,51518,D944,49.309925,3.984738,Plein jour,Hors agglomération,Intersection en T,Normale,Sans collision,3,2,2,0,1,1,1,5,1,70,1,1,0,0,1,0,25.0,,voiture,,1,1,3,1,7
202300013918,2023-08-13 05:58:00,2023,8,13,5,58,51,51518,D944,49.309925,3.984738,Plein jour,Hors agglomération,Intersection en T,Normale,Sans collision,3,2, -1,-1,1,1,1,5,1,-1,1,1,0,0,1,0,25.0,,voiture,,1,1,3,1,7
202300013919,2023-07-07 08:20:00,2023,7,7,8,20,75,75108,BOULEVARD MALESHERBES,48.880094,2.31346,Plein jour,En agglomération,Hors intersection,Normale,Trois véhicules et plus - collisions multiples,4,2,4,1,1,1,1,0,1,30,3,3,1,0,0,2,33.0,43.0,utilitaire_camion,deux_roues,1,2,1,1,5
202300013920,2023-08-14 14:40:00,2023,8,14,14,40,56,56219,La Ville au Vent,47.772687,-2.530042,Plein jour,Hors agglomération,Intersection en T,Normale,Deux véhicules - frontale,3,2,2,0,1,1,1,0,1,80,2,6,1,0,2,3,34.0,42.0,voiture,voiture,1,1,3,1,1
202300013920,2023-08-14 14:40:00,2023,8,14,14,40,56,56219,La Ville au Vent,47.772687,-2.530042,Plein jour,Hors agglomération,Intersection en T,Normale,Deux véhicules - frontale,3,2,2,-1,1,1,1,0,1,-1,2,6,1,0,2,3,34.0,42.0,voiture,voiture,1,1,3,1,1
202300013921,2023-07-06 09:38:00,2023,7,6,9,38,75,75107,BOULEVARD DES INVALIDES,48.848259,2.315773,Plein jour,En agglomération,Intersection en T,Normale,Deux véhicules - côté,4,2,2,3,1,1,1,0,1,30,2,2,1,0,0,1,53.0,52.0,voiture,utilitaire_camion,1,2,3,1,3
202300013921,2023-07-06 09:38:00,2023,7,6,9,38,75,75107,BOULEVARD DES INVALIDES,48.848259,2.315773,Plein jour,En agglomération,Intersection en T,Normale,Deux véhicules - côté,4,2,2,3,1,1,1,0,1,30,2,2,1,0,0,1,53.0,52.0,voiture,utilitaire_camion,1,2,3,1,3
202300013922,2023-08-14 08:20:00,2023,8,14,8,20,65,65388,Route du Pla d?Adet,42.82789043,0.28753281,Plein jour,Hors agglomération,Hors intersection,Normale,Autre collision,3,2,2,0,2,3,9,0,3,80,1,1,0,0,0,1,23.0,,deux_roues,,1,1,1,1,6
202300013923,2023-08-13 18:48:00,2023,8,13,18,48,65,65258,15 Rue Bellevue,43.122138,0.38995,Plein jour,En agglomération,Intersection en Y,Normale,Autre collision,3,2,2,0,1,1,1,0,1,50,1,1,0,0,0,1,18.0,,voiture,,1,2,4,1,6
202300013923,2023-08-13 18:48:00,2023,8,13,18,48,65,65258,15 Rue Bellevue,43.122138,0.38995,Plein jour,En agglomération,Intersection en Y,Normale,Autre collision,3,2,3,-1,2,1,1,0,1,50,1,1,0,0,0,1,18.0,,voiture,,1,2,4,1,6
202300013924,2023-07-07 17:21:00,2023,7,7,17,21,75,75102,BOULEVARD DE SEBASTOPOL,48.864447,2.351547,Plein jour,En agglomération,Intersection en X,Normale,Deux véhicules - frontale,4,2,5,1,1,1,1,0,1,30,2,2,0,0,0,2,31.0,72.0,deux_roues,deux_roues,1,2,2,1,1
202300013924,2023-07-07 17:21:00,2023,7,7,17,21,75,75102,BOULEVARD DE SEBASTOPOL,48.864447,2.351547,Plein jour,En agglomération,Intersection en X,Normale,Deux véhicules - frontale,4,2,4,1,1,1,1,0,1,30,2,2,0,0,0,2,31.0,72.0,deux_roues,deux_roues,1,2,2,1,1
202300013925,2023-08-13 18:00:00,2023,8,13,18,0,32,32148,N124,43.616209,0.933559,Plein jour,Hors agglomération,Hors intersection,Normale,Deux véhicules - frontale,2,2,2,0,2,1,1,0,1,80,2,3,0,0,3,0,63.0,66.0,voiture,voiture,1,1,1,1,1
202300013926,2023-07-07 11:40:00,2023,7,7,11,40,75,75101,BOULEVARD DE LA MADELEINE,48.869685,2.326639,Plein jour,En agglomération,Intersection en T,Normale,Deux véhicules - côté,4,2,5,0,1,1,1,0,6,30,2,2,1,0,0,1,59.0,73.0,utilitaire_camion,deux_roues,1,2,3,1,3
202300013926,2023-07-07 11:40:00,2023,7,7,11,40,75,75101,BOULEVARD DE LA MADELEINE,48.869685,2.326639,Plein jour,En agglomération,Intersection en T,Normale,Deux véhicules - côté,4,1,1,0,1,1,1,0,1,30,2,2,1,0,0,1,59.0,73.0,utilitaire_camion,deux_roues,1,2,3,1,3
202300013927,2023-08-12 06:00:00,2023,8,12,6,0,11,11008,,42.977368,2.26328,Crépuscule ou aube,Hors agglomération,Hors intersection,Normale,Autre collision,3,2,2,0,1,3,1,0,3,80,1,1,0,0,1,0,21.0,,voiture,,2,1,1,1,6
202300013928,2023-07-06 20:00:00,2023,7,6,20,0,75,75104,RUE SAINT ANTOINE,48.853447,2.367167,Plein jour,En agglomération,Intersection en X,Normale,Autre collision,4,1,1,0,1,1,1,0,5,30,1,2,1,0,0,1,29.0,,deux_roues,,1,2,2,1,6
202300013928,2023-07-06 20:00:00,2023,7,6,20,0,75,75104,RUE SAINT ANTOINE,48.853447,2.367167,Plein jour,En agglomération,Intersection en X,Normale,Autre collision,4,2,4,1,1,1,1,0,5,30,1,2,1,0,0,1,29.0,,deux_roues,,1,2,2,1,6
202300013929,2023-08-13 17:50:00,2023,8,13,17,50,61,61063,D924,48.704046,-0.378513,Plein jour,Hors agglomération,Intersection en T,Normale,Deux véhicules - côté,3,1,1,0,3,3,1,0,1,90,2,4,3,0,1,0,43.0,86.0,voiture,voiture,1,1,3,1,3
202300013929,2023-08-13 17:50:00,2023,8,13,17,50,61,61063,D924,48.704046,-0.378513,Plein jour,Hors agglomération,Intersection en T,Normale,Deux véhicules - côté,3,2,2,0,1,3,1,0,1,90,2,4,3,0,1,0,43.0,86.0,voiture,voiture,1,1,3,1,3
202300013930,2023-06-27 12:55:00,2023,6,27,12,55,94,94081,Rue Ansèlme Rondenay,48.77867509,2.39766216,Plein jour,En agglomération,Hors intersection,Normale,Deux véhicules - arrière,4,2,2,0,1,1,1,0,1,50,2,2,1,0,0,1,,42.0,voiture,voiture,1,2,1,1,2
202300013931,2023-07-07 22:25:00,2023,7,7,22,25,94,94076,Avenue de Paris,48.806709,2.363273,Nuit avec éclairage allumé,En agglomération,Hors intersection,Normale,Deux véhicules - côté,3,2,4,3,1,1,1,0,1,50,2,2,0,0,0,2,33.0,22.0,voiture,deux_roues,5,2,1,1,3
202300013932,2023-08-14 08:50:00,2023,8,14,8,50,12,12160,D907,44.197909,3.189356,Plein jour,Hors agglomération,Intersection en T,Pluie légère,Deux véhicules - côté,3,2,2,0,2,3,2,0,1,90,2,2,1,0,1,0,30.0,31.0,deux_roues,voiture,1,1,3,2,3
202300013932,2023-08-14 08:50:00,2023,8,14,8,50,12,12160,D907,44.197909,3.189356,Plein jour,Hors agglomération,Intersection en T,Pluie légère,Deux véhicules - côté,3,2,2,0,2,2,2,0,1,90,2,2,1,0,1,0,30.0,31.0,deux_roues,voiture,1,1,3,2,3
202300013933,2023-08-14 02:54:00,2023,8,14,2,54,12,12066,D57,44.390276,2.41726,Nuit sans éclairage public,Hors agglomération,Hors intersection,Normale,Autre collision,3,2,2,0,2,4,1,0,3,90,1,2,1,0,0,1,18.0,,voiture,,3,1,1,1,6
202300013934,2023-07-06 19:00:00,2023,7,6,19,0,94,94043,CHARLES GIDE (AV),48.80664,2.35142,Plein jour,En agglomération,Intersection en T,Normale,Deux véhicules - côté,3,2,2,1,1,1,1,0,1,50,2,2,1,0,0,1,36.0,26.0,deux_roues,voiture,1,2,3,1,3
202300013934,2023-07-06 19:00:00,2023,7,6,19,0,94,94043,CHARLES GIDE (AV),48.80664,2.35142,Plein jour,En agglomération,Intersection en T,Normale,Deux véhicules - côté,3,-1, -1,0,1,1,1,0,1,-1,2,2,1,0,0,1,36.0,26.0,deux_roues,voiture,1,2,3,1,3
202300013935,2023-08-12 11:25:00,2023,8,12,11,25,39,39500,55 Rue de la République,46.935646,5.87745,Plein jour,En agglomération,Hors intersection,Normale,Autre collision,3,2,2,0,1,1,1,0,1,50,1,2,1,0,1,0,84.0,,voiture,,1,2,1,1,6
202300013936,2023-06-15 20:00:00,2023,6,15,20,0,94,94076,Boulevard Maxime Gorki,48.794354,2.369051,Plein jour,En agglomération,Hors intersection,Normale,Trois véhicules et plus - en chaîne,3,2,4,0,2,1,1,0,1,50,3,3,2,0,0,1,35.0,41.0,voiture,deux_roues,1,2,1,1,4