accident_id,datetime,annee,mois,jour,heure,minute,departement,commune_insee,adresse,latitude,longitude,luminosite,agglomeration,intersection,meteo,collision,catr,circ,nbv,vosp,prof,plan,surf,infra,situ,vma,nb_vehicules,nb_usagers,nb_indemnes,nb_tues,nb_blesses_hosp,nb_blesses_legers,age_cond_1,age_cond_2,veh_type_cond_1,veh_type_cond_2,lum_code,agg_code,int_code,atm_code,col_code
202300014094,2023-07-08 15:00:00,2023,7,8,15,0,58,58180,Route de Saulieu,47.217021,4.034616,Plein jour,Hors agglomération,Hors intersection,Normale,Deux véhicules - côté,3,2,2,0,1,4,1,0,1,80,2,2,1,0,1,0,56.0,59.0,deux_roues,utilitaire_camion,1,1,1,1,3
202300014095,2023-07-29 07:20:00,2023,7,29,7,20,79,79185,,46.318032,-0.252148,Plein jour,Hors agglomération,Hors intersection,Pluie forte,Sans collision,3,2,2,0,4,3,2,0,3,80,1,1,0,0,1,0,22.0,,voiture,,1,1,1,3,7
202300014096,2023-10-27 06:50:00,2023,10,27,6,50,27,27578,D840,48.806581,0.921392,Crépuscule ou aube,En agglomération,Intersection en X,Normale,Deux véhicules - côté,3,2,1,0,2,1,1,9,1,80,2,2,0,0,0,2,37.0,53.0,voiture,utilitaire_camion,2,2,2,1,3
202300014096,2023-10-27 06:50:00,2023,10,27,6,50,27,27578,D840,48.806581,0.921392,Crépuscule ou aube,En agglomération,Intersection en X,Normale,Deux véhicules - côté,3,2,2,0,1,1,1,0,1,80,2,2,0,0,0,2,37.0,53.0,voiture,utilitaire_camion,2,2,2,1,3
202300014097,2023-07-08 18:00:00,2023,7,8,18,0,58,58179,D126,47.179672,3.757555,Plein jour,Hors agglomération,Hors intersection,Normale,Sans collision,3,2,2,0,1,1,1,0,3,80,1,1,0,0,0,1,55.0,,deux_roues,,1,1,1,1,7
202300014098,2023-06-01 21:10:00,2023,6,1,21,10,02,02408,,49.56978,3.60806,Plein jour,En agglomération,Hors intersection,Temps éblouissant,Autre collision,4,2,2,0,1,1,1,0,1,50,1,2,1,0,1,0,31.0,,voiture,,1,2,1,7,6
202300014099,2023-08-13 05:07:00,2023,8,13,5,7,2A,2A139,Pont de l'Oso,41.66602915,9.30652231,Crépuscule ou aube,Hors agglomération,Hors intersection,Normale,Deux véhicules - frontale,2,2,2,0,1,1,1,2,1,50,2,2,1,0,0,1,26.0,51.0,voiture,utilitaire_camion,2,1,1,1,1
202300014100,2023-05-30 04:05:00,2023,5,30,4,5,01,01289,DOMBES (ALLEE DES),46.18341,5.19503,Nuit sans éclairage public,Hors agglomération,Hors intersection,Normale,Autre collision,3,2,2,0,1,2,1,0,3,70,1,1,0,0,1,0,49.0,,voiture,,3,1,1,1,6
202300014101,2023-07-07 16:05:00,2023,7,7,16,5,72,72090,La Maison Dieu,48.054842,0.481811,Plein jour,Hors agglomération,Hors intersection,Temps éblouissant,Deux véhicules - frontale,3,2,3,0,1,1,1,0,1,90,2,2,1,0,0,1,30.0,29.0,voiture,utilitaire_camion,1,1,1,7,1
202300014102,2023-11-22 09:15:00,2023,11,22,9,15,28,28405,route nationale 12,48.74873,1.269122,Plein jour,Hors agglomération,Intersection en X,Temps éblouissant,Deux véhicules - côté,2,1,0,0,1,1,2,0,1,110,2,2,1,0,0,1,54.0,70.0,utilitaire_camion,voiture,1,1,2,7,3
202300014102,2023-11-22 09:15:00,2023,11,22,9,15,28,28405,route nationale 12,48.74873,1.269122,Plein jour,Hors agglomération,Intersection en X,Temps éblouissant,Deux véhicules - côté,2,1,0,0,1,1,2,0,1,110,2,2,1,0,0,1,54.0,70.0,utilitaire_camion,voiture,1,1,2,7,3
202300014103,2023-08-13 18:50:00,2023,8,13,18,50,2B,2B283,RT 10,41.885909,9.394153,Plein jour,Hors agglomération,Hors intersection,Normale,Trois véhicules et plus - collisions multiples,2,2,2,0,2,1,1,0,1,80,3,4,2,0,0,2,52.0,23.0,voiture,deux_roues,1,1,1,1,5
202300014104,2023-07-08 13:25:00,2023,7,8,13,25,50,50109,Rue de la Gare,48.918971,-1.430925,Plein jour,En agglomération,Hors intersection,Normale,Deux véhicules - côté,3,2,2,0,2,1,1,0,1,50,2,2,1,0,1,0,33.0,79.0,voiture,voiture,1,2,1,1,3
202300014105,2023-06-01 08:50:00,2023,6,1,8,50,75,75117,PORTE DE CHAMPERRET,48.885809,2.288302,Plein jour,En agglomération,Hors intersection,Normale,Deux véhicules - arrière,4,1,4,0,1,1,1,0,1,70,2,2,1,0,0,1,39.0,54.0,deux_roues,voiture,1,2,1,1,2
202300014106,2023-11-08 11:07:00,2023,11,8,11,7,67,67506,Rue du Général Leclerc,48.669278,7.710353,Plein jour,En agglomération,Hors intersection,Normale,Deux véhicules - arrière,7,2,2,0,1,1,1,0,1,50,2,2,1,1,0,0,20.0,86.0,voiture,voiture,1,2,1,1,2
202300014107,2023-07-08 13:35:00,2023,7,8,13,35,64,64185,N134 PR 99+910,42.938812,-0.600053,Plein jour,Hors agglomération,Hors intersection,Normale,Sans collision,2,2,2,0,1,2,1,0,1,30,1,2,1,0,1,0,32.0,,deux_roues,,1,1,1,1,7
202300014108,2023-08-13 03:00:00,2023,8,13,3,0,2B,2B318,Parc Galea (Attraction),42.432354,9.522566,Nuit avec éclairage allumé,Hors agglomération,Autre intersection,Normale,Deux véhicules - côté,2,2,2,0,1,1,1,0,1,80,2,3,2,0,0,1,29.0,21.0,utilitaire_camion,voiture,5,1,9,1,3
202300014109,2023-06-02 03:27:00,2023,6,2,3,27,75,75107,QUAI VOLTAIRE,48.859533,2.329291,Nuit avec éclairage allumé,En agglomération,Intersection en X,Normale,Autre collision,4,1,3,1,1,1,1,0,1,30,1,1,0,0,0,1,25.0,,deux_roues,,5,2,2,1,6
202300014109,2023-06-02 03:27:00,2023,6,2,3,27,75,75107,QUAI VOLTAIRE,48.859533,2.329291,Nuit avec éclairage allumé,En agglomération,Intersection en X,Normale,Autre collision,4,1,3,0,1,1,1,0,1,30,1,1,0,0,0,1,25.0,,deux_roues,,5,2,2,1,6
202300014110,2023-11-22 09:25:00,2023,11,22,9,25,51,51507,A4,49.090225,4.977107,Plein jour,Hors agglomération,Hors intersection,Normale,Deux véhicules - côté,1,3,2,0,2,2,2,0,1,130,2,2,1,0,0,1,52.0,48.0,utilitaire_camion,voiture,1,1,1,1,3
202300014111,2023-08-13 14:35:00,2023,8,13,14,35,80,80205,D3,49.996609,2.039874,Plein jour,Hors agglomération,Hors intersection,Normale,Deux véhicules - frontale,3,2,2,0,1,1,1,0,1,80,2,2,0,0,1,1,38.0,40.0,voiture,voiture,1,1,1,1,1
202300014112,2023-07-07 21:20:00,2023,7,7,21,20,10,10375,D619,48.280337,4.190319,Crépuscule ou aube,Hors agglomération,Hors intersection,Normale,Autre collision,3,2,2,0,1,1,1,0,1,90,3,4,0,0,1,3,40.0,19.0,voiture,voiture,2,1,1,1,6
202300014113,2023-06-01 07:40:00,2023,6,1,7,40,75,75110,BOULEVARD DE STRASBOURG,48.8706,2.354953,Plein jour,En agglomération,Intersection en T,Normale,Deux véhicules - côté,4,1,5,1,1,1,1,-1,5,30,2,2,1,1,0,0,59.0,48.0,deux_roues,utilitaire_camion,1,2,3,1,3
202300014113,2023-06-01 07:40:00,2023,6,1,7,40,75,75110,BOULEVARD DE STRASBOURG,48.8706,2.354953,Plein jour,En agglomération,Intersection en T,Normale,Deux véhicules - côté,4,1,1,0,1,1,1,-1,5,30,2,2,1,1,0,0,59.0,48.0,deux_roues,utilitaire_camion,1,2,3,1,3
202300014114,2023-08-12 15:55:00,2023,8,12,15,55,65,65116,RD 113,42.894045,0.324397,Plein jour,Hors agglomération,Hors intersection,Normale,Autre collision,3,2,2,0,2,3,1,0,3,80,1,1,0,0,1,0,40.0,,deux_roues,,1,1,1,1,6
202300014115,2023-11-21 09:30:00,2023,11,21,9,30,60,60138,Autoroute A1 PK 46+400,49.2280612,2.65154171,Plein jour,Hors agglomération,Hors intersection,Normale,Sans collision,1,3,4,0,1,1,1,0,3,130,1,1,0,0,1,0,34.0,,voiture,,1,1,1,1,7
202300014116,2023-07-06 08:25:00,2023,7,6,8,25,36,36154,Avenue de la Font Pie VII,46.58251643,1.53226286,Plein jour,En agglomération,Intersection en X,Temps éblouissant,Deux véhicules - côté,3,2,2,0,1,1,1,0,1,30,2,2,1,0,0,1,36.0,46.0,voiture,deux_roues,1,2,2,7,3
202300014116,2023-07-06 08:25:00,2023,7,6,8,25,36,36154,Avenue de la Font Pie VII,46.58251643,1.53226286,Plein jour,En agglomération,Intersection en X,Temps éblouissant,Deux véhicules - côté,3,2,2,-1,1,1,1,0,1,30,2,2,1,0,0,1,36.0,46.0,voiture,deux_roues,1,2,2,7,3
202300014117,2023-06-02 13:02:00,2023,6,2,13,2,75,75113,RUE DE LA GLACIERE,48.831692,2.344386,Plein jour,En agglomération,Intersection en T,Normale,Autre collision,4,-1, -1,0,1,1,1,0,1,30,1,2,1,0,0,1,88.0,,voiture,,1,2,3,1,6
202300014117,2023-06-02 13:02:00,2023,6,2,13,2,75,75113,RUE DE LA GLACIERE,48.831692,2.344386,Plein jour,En agglomération,Intersection en T,Normale,Autre collision,4,2,2,0,1,1,1,0,1,30,1,2,1,0,0,1,88.0,,voiture,,1,2,3,1,6
202300014118,2023-08-11 19:10:00,2023,8,11,19,10,65,65464,rue du Moulin,43.145564,0.115072,Plein jour,En agglomération,Intersection en T,Temps éblouissant,Autre collision,3,2,2,0,1,1,1,9,8,50,1,1,0,0,1,0,48.0,,voiture,,1,2,3,7,6
202300014118,2023-08-11 19:10:00,2023,8,11,19,10,65,65464,rue du Moulin,43.145564,0.115072,Plein jour,En agglomération,Intersection en T,Temps éblouissant,Autre collision,3,2,1,-1,1,1,1,0,8,50,1,1,0,0,1,0,48.0,,voiture,,1,2,3,7,6
202300014119,2023-11-22 12:30:00,2023,11,22,12,30,974,97424,RN5,-21.151541,55.473758,Plein jour,Hors agglomération,Hors intersection,Normale,Sans collision,2,2,2,0,2,2,1,0,1,80,1,1,0,0,0,1,29.0,,deux_roues,,1,1,1,1,7
202300014120,2023-08-12 15:00:00,2023,8,12,15,0,63,63319,D996,45.54568485,3.93462834,Plein jour,Hors agglomération,Hors intersection,Normale,Sans collision,3,3,2,0,2,2,1,0,1,90,1,1,0,0,1,0,55.0,,deux_roues,,1,1,1,1,7
202300014121,2023-07-04 13:57:00,2023,7,4,13,57,21,21317,D959,47.54652443,5.12240291,Plein jour,Hors agglomération,Intersection en Y,Normale,Deux véhicules - côté,3,2,2,0,1,1,1,0,1,90,2,2,1,0,1,0,72.0,19.0,deux_roues,voiture,1,1,4,1,3
202300014121,2023-07-04 13:57:00,2023,7,4,13,57,21,21317,D959,47.54652443,5.12240291,Plein jour,Hors agglomération,Intersection en Y,Normale,Deux véhicules - côté,3,2,2,-1,1,1,1,0,1,-1,2,2,1,0,1,0,72.0,19.0,deux_roues,voiture,1,1,4,1,3
202300014122,2023-06-02 10:20:00,2023,6,2,10,20,75,75106,QUAI DE CONTI,48.857159,2.338609,Plein jour,En agglomération,Intersection en T,Normale,Deux véhicules - arrière,4,1,1,0,1,1,1,0,1,30,2,2,1,0,0,1,46.0,40.0,voiture,deux_roues,1,2,3,1,2
202300014122,2023-06-02 10:20:00,2023,6,2,10,20,75,75106,QUAI DE CONTI,48.857159,2.338609,Plein jour,En agglomération,Intersection en T,Normale,Deux véhicules - arrière,4,1,4,0,1,1,1,0,1,30,2,2,1,0,0,1,46.0,40.0,voiture,deux_roues,1,2,3,1,2
202300014123,2023-08-12 11:00:00,2023,8,12,11,0,61,61207,D277,48.301881,0.551977,Plein jour,Hors agglomération,Hors intersection,Normale,Autre collision,3,2,2,0,1,3,1,0,3,80,1,1,0,0,1,0,56.0,,deux_roues,,1,1,1,1,6
202300014124,2023-11-21 17:12:00,2023,11,21,17,12,973,97305,"RN1, PK14",4.933481,-52.402532,Plein jour,Hors agglomération,Hors intersection,Normale,Deux véhicules - côté,2,2,2,0,1,1,1,0,1,80,2,4,2,1,1,0,53.0,38.0,voiture,deux_roues,1,1,1,1,3
202300014125,2023-06-26 16:30:00,2023,6,26,16,30,40,40217,D43,44.343239,-1.016876,Plein jour,Hors agglomération,Intersection en T,Normale,Deux véhicules - côté,3,-1,2,1,1,1,1,0,5,-1,2,2,1,0,1,0,27.0,15.0,utilitaire_camion,deux_roues,1,1,3,1,3
202300014125,2023-06-26 16:30:00,2023,6,26,16,30,40,40217,D43,44.343239,-1.016876,Plein jour,Hors agglomération,Intersection en T,Normale,Deux véhicules - côté,3,2,2,-1,1,1,1,0,5,-1,2,2,1,0,1,0,27.0,15.0,utilitaire_camion,deux_roues,1,1,3,1,3
202300014126,2023-08-13 18:30:00,2023,8,13,18,30,39,39306,,46.632966,5.547629,Plein jour,Hors agglomération,Hors intersection,Normale,Autre collision,3,2,2,0,2,4,1,0,3,80,1,2,1,0,1,0,32.0,,voiture,,1,1,1,1,6
202300014127,2023-06-02 07:40:00,2023,6,2,7,40,75,75106,RUE D ASSAS,48.848968,2.328742,Crépuscule ou aube,En agglomération,Intersection en X,Normale,Deux véhicules - arrière,4,-1, -1,0,1,1,1,0,1,30,2,2,1,0,0,1,57.0,43.0,utilitaire_camion,transport_commun,2,2,2,1,2
202300014127,2023-06-02 07:40:00,2023,6,2,7,40,75,75106,RUE D ASSAS,48.848968,2.328742,Crépuscule ou aube,En agglomération,Intersection en X,Normale,Deux véhicules - arrière,4,2,2,0,1,1,1,0,1,30,2,2,1,0,0,1,57.0,43.0,utilitaire_camion,transport_commun,2,2,2,1,2
202300014128,2023-11-11 16:10:00,2023,11,11,16,10,978,97801,R CHARLES TONDU,18.063585,-63.090936,Plein jour,En agglomération,Hors intersection,Normale,Autre collision,3,2,2,0,1,1,1,0,1,50,1,3,2,1,0,0,24.0,,deux_roues,,1,2,1,1,6
202300014129,2023-08-12 10:44:00,2023,8,12,10,44,25,25287,D673,47.20631,5.896504,Plein jour,Hors agglomération,Hors intersection,Normale,Autre collision,3,3,2,0,1,1,1,0,1,110,1,1,0,0,1,0,25.0,,voiture,,1,1,1,1,6
202300014130,2023-07-08 11:40:00,2023,7,8,11,40,24,24484,rd6089,45.122566,0.873199,Plein jour,Hors agglomération,Intersection en T,Normale,Deux véhicules - côté,3,2,2,0,1,2,1,0,1,80,2,2,1,0,1,0,65.0,30.0,voiture,deux_roues,1,1,3,1,3
202300014130,2023-07-08 11:40:00,2023,7,8,11,40,24,24484,rd6089,45.122566,0.873199,Plein jour,Hors agglomération,Intersection en T,Normale,Deux véhicules - côté,3,2, -1,-1,1,1,1,0,1,-1,2,2,1,0,1,0,65.0,30.0,voiture,deux_roues,1,1,3,1,3
202300014131,2023-06-01 08:30:00,2023,6,1,8,30,75,75120,RUE EVARISTE GALOIS,48.874086,2.413048,Plein jour,En agglomération,Intersection en X,Normale,Deux véhicules - frontale,4,1,2,0,1,1,1,0,1,30,2,2,1,0,1,0,48.0,43.0,voiture,deux_roues,1,2,2,1,1
202300014131,2023-06-01 08:30:00,2023,6,1,8,30,75,75120,RUE EVARISTE GALOIS,48.874086,2.413048,Plein jour,En agglomération,Intersection en X,Normale,Deux véhicules - frontale,4,1,5,1,1,1,1,0,1,30,2,2,1,0,1,0,48.0,43.0,voiture,deux_roues,1,2,2,1,1
202300014132,2023-08-10 12:00:00,2023,8,10,12,0,35,35284,D137,48.612413,-1.981857,Plein jour,Hors agglomération,Hors intersection,Normale,Deux véhicules - arrière,3,3,6,0,1,1,1,0,1,90,2,2,1,0,1,0,33.0,32.0,deux_roues,voiture,1,1,1,1,2
202300014133,2023-11-22 09:15:00,2023,11,22,9,15,95,95177,PIERRE ET MARIE CURIE (RUE),49.115312,2.019269,Plein jour,En agglomération,Hors intersection,Normale,Deux véhicules - frontale,4,2,2,0,1,2,1,0,1,50,2,2,1,0,0,1,31.0,24.0,transport_commun,voiture,1,2,1,1,1
202300014134,2023-07-07 19:15:00,2023,7,7,19,15,85,85154,RD 89,46.679182,-0.856258,Plein jour,Hors agglomération,Hors intersection,Normale,Deux véhicules - côté,3,2,2,0,1,1,1,0,1,80,2,2,1,0,0,1,31.0,30.0,voiture,voiture,1,1,1,1,3
202300014135,2023-06-02 14:10:00,2023,6,2,14,10,75,75119,PLACE MARCEL ACHARD,48.873687,2.3765,Plein jour,En agglomération,Hors intersection,Normale,Autre collision,4,-1,0,3,1,1,1,6,1,-1,1,2,1,0,0,1,19.0,,deux_roues,,1,2,1,1,6
202300014136,2023-08-09 23:35:00,2023,8,9,23,35,35,35132,Route de la Fresnais,48.611775,-1.842817,Nuit sans éclairage public,Hors agglomération,Hors intersection,Normale,Autre collision,3,2,2,0,1,1,1,9,1,50,1,2,0,0,2,0,55.0,,deux_roues,,3,1,1,1,6
202300014137,2023-11-21 15:00:00,2023,11,21,15,0,34,34057,720 Route de Nimes,43.637566,3.929586,Plein jour,En agglomération,Hors intersection,Normale,Deux véhicules - côté,3,3,2,0,1,1,1,0,1,50,2,2,1,0,0,1,36.0,33.0,voiture,deux_roues,1,2,1,1,3
202300014138,2023-06-02 11:00:00,2023,6,2,11,0,75,75117,AVENUE DES TERNES,48.879736,2.289492,Plein jour,En agglomération,Intersection en T,Normale,Deux véhicules - côté,4,2,4,0,1,1,1,0,1,30,2,2,1,0,0,1,,32.0,voiture,deux_roues,1,2,3,1,3
202300014138,2023-06-02 11:00:00,2023,6,2,11,0,75,75117,AVENUE DES TERNES,48.879736,2.289492,Plein jour,En agglomération,Intersection en T,Normale,Deux véhicules - côté,4,-1, -1,0,1,1,1,0,1,30,2,2,1,0,0,1,,32.0,voiture,deux_roues,1,2,3,1,3
202300014139,2023-07-06 16:15:00,2023,7,6,16,15,87,87199,D901,45.75905,0.851226,Plein jour,Hors agglomération,Intersection en X,Normale,Trois véhicules et plus - collisions multiples,3,2,2,0,2,1,1,0,1,-1,3,7,3,0,1,3,44.0,78.0,voiture,voiture,1,1,2,1,5
202300014139,2023-07-06 16:15:00,2023,7,6,16,15,87,87199,D901,45.75905,0.851226,Plein jour,Hors agglomération,Intersection en X,Normale,Trois véhicules et plus - collisions multiples,3,-1, -1,-1,1,1,-1,0,1,-1,3,7,3,0,1,3,44.0,78.0,voiture,voiture,1,1,2,1,5
202300014140,2023-11-21 21:50:00,2023,11,21,21,50,81,81143,Route de La Bouriette,43.532041,2.100599,Nuit sans éclairage public,Hors agglomération,Hors intersection,Normale,Deux véhicules - arrière,3,2,2,0,1,1,1,0,1,80,2,2,1,0,1,0,47.0,58.0,voiture,deux_roues,3,1,1,1,2
202300014141,2023-06-01 22:20:00,2023,6,1,22,20,75,75116,AVENUE PRUDHON,48.859214,2.268998,Nuit avec éclairage allumé,En agglomération,Hors intersection,Normale,Autre collision,4,2,2,0,1,1,1,0,1,30,1,1,0,0,0,1,35.0,,deux_roues,,5,2,1,1,6
202300014142,2023-08-12 18:15:00,2023,8,12,18,15,29,29176,D107,48.10657384,-4.24542335,Plein jour,Hors agglomération,Hors intersection,Temps couvert,Autre collision,3,2,2,0,2,2,1,0,3,80,1,3,2,0,1,0,29.0,,voiture,,1,1,1,8,6
202300014143,2023-11-21 12:20:00,2023,11,21,12,20,81,81138,RD 30,43.8221195,2.0417364,Plein jour,Hors agglomération,Hors intersection,Pluie légère,Autre collision,3,2,2,0,2,2,2,0,3,90,1,1,0,0,1,0,81.0,,voiture,,1,1,1,2,6
202300014144,2023-07-07 10:30:00,2023,7,7,10,30,30,30003,D979,43.558325,4.182933,Plein jour,En agglomération,Intersection en X,Normale,Deux véhicules - côté,3,2,2,0,1,1,1,0,1,50,2,2,1,0,0,1,22.0,56.0,voiture,deux_roues,1,2,2,1,3
202300014144,2023-07-07 10:30:00,2023,7,7,10,30,30,30003,D979,43.558325,4.182933,Plein jour,En agglomération,Intersection en X,Normale,Deux véhicules - côté,3,2, -1,0,1,2,1,0,1,-1,2,2,1,0,0,1,22.0,56.0,voiture,deux_roues,1,2,2,1,3
202300014145,2023-07-08 06:50:00,2023,7,8,6,50,48,48037,chemin de l'église,44.513986,3.64634,Crépuscule ou aube,En agglomération,Hors intersection,Normale,Autre collision,4,1,1,0,1,1,1,0,3,50,1,1,0,1,0,0,61.0,,voiture,,2,2,1,1,6
202300014146,2023-06-02 16:00:00,2023,6,2,16,0,75,75116,RUE SPONTINI,48.86826,2.277377,Plein jour,En agglomération,Intersection en X,Normale,Deux véhicules - côté,4,-1, -1,0,1,1,1,0,1,30,2,2,1,0,0,1,47.0,37.0,deux_roues,voiture,1,2,2,1,3
202300014146,2023-06-02 16:00:00,2023,6,2,16,0,75,75116,RUE SPONTINI,48.86826,2.277377,Plein jour,En agglomération,Intersection en X,Normale,Deux véhicules - côté,4,1,1,0,1,1,1,0,1,30,2,2,1,0,0,1,47.0,37.0,deux_roues,voiture,1,2,2,1,3
202300014147,2023-08-12 16:00:00,2023,8,12,16,0,31,31391,Place du Pré Commun,43.112658,0.934069,Plein jour,En agglomération,Giratoire,Normale,Deux véhicules - côté,3,1,1,0,1,2,1,5,1,-1,2,2,1,0,1,0,59.0,51.0,voiture,deux_roues,1,2,6,1,3
202300014147,2023-08-12 16:00:00,2023,8,12,16,0,31,31391,Place du Pré Commun,43.112658,0.934069,Plein jour,En agglomération,Giratoire,Normale,Deux véhicules - côté,3,2,1,0,1,3,1,5,1,50,2,2,1,0,1,0,59.0,51.0,voiture,deux_roues,1,2,6,1,3
202300014148,2023-11-22 17:00:00,2023,11,22,17,0,31,31188,Route de Fonsorbes,43.54613,1.204344,Plein jour,Hors agglomération,Hors intersection,Normale,Deux véhicules - frontale,3,2,2,0,1,3,1,0,1,80,2,3,0,0,2,1,64.0,32.0,voiture,voiture,1,1,1,1,1
202300014149,2023-06-02 16:10:00,2023,6,2,16,10,75,75116,AVENUE FOCH,48.872494,2.282906,Plein jour,En agglomération,Hors intersection,Normale,Deux véhicules - côté,4,2,4,0,1,1,1,0,1,50,2,2,1,0,0,1,49.0,65.0,voiture,voiture,1,2,1,1,3
202300014150,2023-07-03 17:00:00,2023,7,3,17,0,52,52119,Chaudenay,47.81746546,5.49101035,Plein jour,Hors agglomération,Intersection en T,Normale,Deux véhicules - côté,2,3,2,0,1,1,1,0,1,80,2,2,1,0,0,1,62.0,44.0,voiture,voiture,1,1,3,1,3
202300014150,2023-07-03 17:00:00,2023,7,3,17,0,52,52119,Chaudenay,47.81746546,5.49101035,Plein jour,Hors agglomération,Intersection en T,Normale,Deux véhicules - côté,2,2,2,0,1,1,1,0,1,80,2,2,1,0,0,1,62.0,44.0,voiture,voiture,1,1,3,1,3
202300014151,2023-08-11 18:30:00,2023,8,11,18,30,31,31071,Route du Chateau  92 Lieu dit BONET,43.342805,1.159343,Plein jour,Hors agglomération,Intersection en T,Normale,Deux véhicules - côté,3,2,2,0,1,1,1,0,1,80,2,3,2,0,1,0,69.0,29.0,voiture,voiture,1,1,3,1,3
202300014151,2023-08-11 18:30:00,2023,8,11,18,30,31,31071,Route du Chateau  92 Lieu dit BONET,43.342805,1.159343,Plein jour,Hors agglomération,Intersection en T,Normale,Deux véhicules - côté,3,-1,2,0,1,1,1,0,1,-1,2,3,2,0,1,0,69.0,29.0,voiture,voiture,1,1,3,1,3
202300014152,2023-11-22 08:30:00,2023,11,22,8,30,33,33535,D936,44.839195,-0.4899,Plein jour,En agglomération,Giratoire,Normale,Deux véhicules - côté,3,2,2,0,1,2,1,0,1,-1,2,2,1,0,0,1,41.0,22.0,voiture,deux_roues,1,2,6,1,3
202300014152,2023-11-22 08:30:00,2023,11,22,8,30,33,33535,D936,44.839195,-0.4899,Plein jour,En agglomération,Giratoire,Normale,Deux véhicules - côté,3,2,2,-1,1,1,1,0,1,50,2,2,1,0,0,1,41.0,22.0,voiture,deux_roues,1,2,6,1,3
202300014153,2023-08-12 15:50:00,2023,8,12,15,50,01,01229,Route de Guelin,46.329438,5.162233,Plein jour,Hors agglomération,Hors intersection,Normale,Sans collision,4,2,2,0,1,3,1,0,1,80,1,1,0,0,0,1,15.0,,deux_roues,,1,1,1,1,7
202300014154,2023-07-07 07:59:00,2023,7,7,7,59,30,30020,D135,43.749801,4.304789,Plein jour,Hors agglomération,Hors intersection,Normale,Deux véhicules - côté,3,2,2,0,1,1,1,0,1,80,2,2,1,0,1,0,43.0,38.0,deux_roues,voiture,1,1,1,1,3
202300014155,2023-06-02 13:24:00,2023,6,2,13,24,75,75116,AVENUE THEOPHILE GAUTIER,48.849936,2.272229,Plein jour,En agglomération,Intersection en X,Normale,Deux véhicules - côté,4,2,2,0,1,1,1,0,1,30,2,2,1,0,0,1,24.0,52.0,utilitaire_camion,deux_roues,1,2,2,1,3
202300014155,2023-06-02 13:24:00,2023,6,2,13,24,75,75116,AVENUE THEOPHILE GAUTIER,48.849936,2.272229,Plein jour,En agglomération,Intersection en X,Normale,Deux véhicules - côté,4,-1, -1,0,1,1,1,0,1,30,2,2,1,0,0,1,24.0,52.0,utilitaire_camion,deux_roues,1,2,2,1,3
202300014156,2023-08-12 18:00:00,2023,8,12,18,0,26,26063,Route de Séderon,44.301002,5.29541,Plein jour,Hors agglomération,Hors intersection,Normale,Sans collision,3,2,2,0,2,2,1,0,1,80,1,1,0,0,1,0,60.0,,deux_roues,,1,1,1,1,7
202300014157,2023-07-02 01:20:00,2023,7,2,1,20,988,98805,VE2,-22.224316,166.467816,Nuit avec éclairage non allumé,Hors agglomération,Hors intersection,Normale,Autre collision,1,3,4,0,1,3,1,3,1,70,1,2,1,0,1,0,31.0,,voiture,,4,1,1,1,6
202300014158,2023-11-21 07:59:00,2023,11,21,7,59,22,22070,Rue de Cadolan,48.555712,-3.149595,Crépuscule ou aube,En agglomération,Hors intersection,Pluie légère,Autre collision,4,2,2,0,3,3,2,0,1,50,1,4,3,0,0,1,16.0,,voiture,,2,2,1,2,6
202300014159,2023-05-31 07:35:00,2023,5,31,7,35,75,75116,ROUTE DES TRIBUNES,48.861806,2.230303,Plein jour,En agglomération,Hors intersection,Normale,Deux véhicules - arrière,4,2,2,1,1,1,1,0,5,30,2,2,0,0,0,2,30.0,43.0,deux_roues,deux_roues,1,2,1,1,2
202300014160,2023-08-13 12:00:00,2023,8,13,12,0,26,26165,26 Avenue joseph combier,44.770765,4.841752,Plein jour,En agglomération,Hors intersection,Normale,Deux véhicules - côté,2,2,2,0,1,1,1,0,8,50,2,2,1,0,0,1,25.0,17.0,voiture,deux_roues,1,2,1,1,3
202300014161,2023-07-04 17:00:00,2023,7,4,17,0,973,97309,Rue des Pionniers,4.915731,-52.281913,Plein jour,En agglomération,Intersection en T,Normale,Sans collision,4,1, -1,-1,1,1,1,0,1,-1,2,2,1,0,1,0,11.0,73.0,deux_roues,voiture,1,2,3,1,7
202300014161,2023-07-04 17:00:00,2023,7,4,17,0,973,97309,Rue des Pionniers,4.915731,-52.281913,Plein jour,En agglomération,Intersection en T,Normale,Sans collision,4,2,2,0,1,1,1,0,1,50,2,2,1,0,1,0,11.0,73.0,deux_roues,voiture,1,2,3,1,7
202300014162,2023-11-21 15:09:00,2023,11,21,15,9,62,62609,D937,50.37220297,2.74194981,Plein jour,Hors agglomération,Hors intersection,Temps couvert,Deux véhicules - côté,3,2,2,0,2,1,2,0,1,80,2,4,2,1,1,0,39.0,28.0,utilitaire_camion,voiture,1,1,1,8,3
202300014163,2023-06-02 16:45:00,2023,6,2,16,45,75,75115,RUE DE LA CONVENTION,48.838779,2.293014,Plein jour,En agglomération,Hors intersection,Normale,Deux véhicules - arrière,4,2,0,0,1,1,1,0,1,30,2,1,0,0,0,1,42.0,,utilitaire_camion,,1,2,1,1,2
202300014164,2023-07-07 16:40:00,2023,7,7,16,40,91,91045,départementale 191,48.51659,2.381995,Plein jour,Hors agglomération,Hors intersection,Normale,Deux véhicules - côté,3,3,2,0,1,2,1,0,1,70,2,2,1,0,1,0,46.0,23.0,voiture,deux_roues,1,1,1,1,3