accident_id,datetime,annee,mois,jour,heure,minute,departement,commune_insee,adresse,latitude,longitude,luminosite,agglomeration,intersection,meteo,collision,catr,circ,nbv,vosp,prof,plan,surf,infra,situ,vma,nb_vehicules,nb_usagers,nb_indemnes,nb_tues,nb_blesses_hosp,nb_blesses_legers,age_cond_1,age_cond_2,veh_type_cond_1,veh_type_cond_2,lum_code,agg_code,int_code,atm_code,col_code
202300014165,2023-08-13 18:15:00,2023,8,13,18,15,05,05045,N94,44.529923,6.42877,Plein jour,Hors agglomération,Intersection en T,Normale,Deux véhicules - frontale,2,2,2,0,2,1,1,0,1,80,2,5,4,1,0,0,30.0,28.0,deux_roues,voiture,1,1,3,1,1
202300014165,2023-08-13 18:15:00,2023,8,13,18,15,05,05045,N94,44.529923,6.42877,Plein jour,Hors agglomération,Intersection en T,Normale,Deux véhicules - frontale,2,2,2,0,2,1,1,0,1,80,2,5,4,1,0,0,30.0,28.0,deux_roues,voiture,1,1,3,1,1
202300014166,2023-11-21 14:50:00,2023,11,21,14,50,13,13215,A55-Sens Marseille vers Martigues,43.34591,5.34576,Plein jour,Hors agglomération,Hors intersection,Normale,Deux véhicules - arrière,1,-1,3,0,2,3,1,0,2,90,2,2,1,0,0,1,47.0,16.0,voiture,voiture,1,1,1,1,2
202300014167,2023-06-02 15:30:00,2023,6,2,15,30,75,75115,RUE SAINT CHARLES,48.844754,2.283894,Plein jour,En agglomération,Intersection en X,Normale,Sans collision,4,-1, -1,0,1,1,1,0,1,30,1,1,0,0,0,1,44.0,,deux_roues,,1,2,2,1,7
202300014167,2023-06-02 15:30:00,2023,6,2,15,30,75,75115,RUE SAINT CHARLES,48.844754,2.283894,Plein jour,En agglomération,Intersection en X,Normale,Sans collision,4,1,1,0,1,1,1,0,1,30,1,1,0,0,0,1,44.0,,deux_roues,,1,2,2,1,7
202300014168,2023-08-12 20:00:00,2023,8,12,20,0,60,60123,D61,49.55951645,2.31877891,Plein jour,Hors agglomération,Hors intersection,Normale,Sans collision,3,2,2,0,1,1,1,0,1,80,1,2,0,0,1,1,49.0,,deux_roues,,1,1,1,1,7
202300014169,2023-07-07 06:35:00,2023,7,7,6,35,973,97360,Route de Maiman,5.176473,-54.324753,Crépuscule ou aube,Hors agglomération,Hors intersection,Temps éblouissant,Deux véhicules - côté,4,2,2,0,1,1,1,0,1,70,2,4,2,0,1,1,40.0,33.0,deux_roues,utilitaire_camion,2,1,1,7,3
202300014170,2023-11-20 11:50:00,2023,11,20,11,50,67,67482,Bretelle sortie autoroute,48.57045,7.73167,Plein jour,Hors agglomération,Hors intersection,Pluie légère,Sans collision,7,1,2,0,2,2,8,0,1,50,1,1,0,0,0,1,55.0,,deux_roues,,1,1,1,2,7
202300014171,2023-06-02 14:15:00,2023,6,2,14,15,75,75115,PLACE DES INSURGES DE VARSOVIE,48.827499,2.292124,Plein jour,En agglomération,Place,Normale,Deux véhicules - côté,4,1,2,0,1,1,1,0,1,50,2,2,1,0,0,1,56.0,41.0,deux_roues,voiture,1,2,7,1,3
202300014172,2023-07-08 02:50:00,2023,7,8,2,50,38,38530,A43,45.628054,5.170033,Nuit sans éclairage public,Hors agglomération,Hors intersection,Normale,Autre collision,1,3,3,0,1,1,1,0,1,130,2,2,1,0,1,0,50.0,22.0,utilitaire_camion,voiture,3,1,1,1,6
202300014173,2023-11-21 00:40:00,2023,11,21,0,40,33,33063,ROCADE A 630,44.88489799,-0.5600962,Nuit avec éclairage non allumé,Hors agglomération,Hors intersection,Pluie légère,Deux véhicules - frontale,1,1,1,0,3,3,2,3,1,50,2,2,1,0,0,1,32.0,33.0,voiture,voiture,4,1,1,2,1
202300014174,2023-06-02 13:50:00,2023,6,2,13,50,75,75115,AVENUE DE LA PORTE DE SEVRES,48.834973,2.277581,Plein jour,En agglomération,Hors intersection,Normale,Sans collision,4,2,4,1,1,1,1,0,1,30,1,1,0,0,0,1,49.0,,deux_roues,,1,2,1,1,7
202300014175,2023-08-13 11:30:00,2023,8,13,11,30,07,07039,D578,45.060775,4.661894,Plein jour,Hors agglomération,Hors intersection,Normale,Autre collision,3,2,2,0,1,3,1,0,3,90,1,1,0,0,1,0,48.0,,deux_roues,,1,1,1,1,6
202300014176,2023-07-08 18:15:00,2023,7,8,18,15,988,98808,Paraouyé (Tribu),-21.27844,165.65406,Nuit sans éclairage public,Hors agglomération,Hors intersection,Normale,Autre collision,3,2,2,0,1,4,1,0,1,-1,1,2,0,0,2,0,39.0,,voiture,,3,1,1,1,6
202300014177,2023-06-01 18:30:00,2023,6,1,18,30,75,75114,AVENUE PAUL APPELL,48.821542,2.327935,Plein jour,En agglomération,Hors intersection,Normale,Sans collision,4,2,4,0,1,1,1,0,1,30,1,1,0,0,0,1,6.0,,deux_roues,,1,2,1,1,7
202300014178,2023-08-13 02:15:00,2023,8,13,2,15,24,24253,Rue Pierre Degail,45.450351,0.451679,Nuit avec éclairage allumé,En agglomération,Hors intersection,Normale,Autre collision,3,1,1,0,2,1,1,9,1,-1,1,2,1,0,1,0,20.0,,voiture,,5,2,1,1,6
202300014179,2023-11-21 09:00:00,2023,11,21,9,0,91,91689,AUTOROUTE A6,48.7271,2.31367,Plein jour,Hors agglomération,Hors intersection,Pluie légère,Deux véhicules - côté,1,3,3,0,1,1,2,0,1,110,2,2,1,0,0,1,58.0,29.0,voiture,deux_roues,1,1,1,2,3
202300014180,2023-07-08 11:00:00,2023,7,8,11,0,988,98811,RPN2,-21.026758,164.985552,Plein jour,Hors agglomération,Hors intersection,Normale,Deux véhicules - frontale,3,2,2,0,2,1,1,0,1,90,2,3,1,0,0,2,61.0,59.0,voiture,voiture,1,1,1,1,1
202300014181,2023-08-11 09:20:00,2023,8,11,9,20,87,87176,D19a1,45.656738,1.314733,Plein jour,Hors agglomération,Hors intersection,Normale,Sans collision,3,2,2,0,2,2,1,0,8,80,1,1,0,0,1,0,71.0,,deux_roues,,1,1,1,1,7
202300014182,2023-06-02 21:10:00,2023,6,2,21,10,75,75112,BOULEVARD DE PICPUS,48.844815,2.402028,Crépuscule ou aube,En agglomération,Place,Normale,Deux véhicules - frontale,4,-1,2,1,1,1,1,0,5,30,2,2,1,0,0,1,23.0,33.0,deux_roues,deux_roues,2,2,7,1,1
202300014182,2023-06-02 21:10:00,2023,6,2,21,10,75,75112,BOULEVARD DE PICPUS,48.844815,2.402028,Crépuscule ou aube,En agglomération,Place,Normale,Deux véhicules - frontale,4,-1, -1,1,1,1,1,0,1,30,2,2,1,0,0,1,23.0,33.0,deux_roues,deux_roues,2,2,7,1,1
202300014183,2023-11-20 22:55:00,2023,11,20,22,55,91,91434,AUTOROUTE A6,48.66761,2.35698,Nuit sans éclairage public,Hors agglomération,Hors intersection,Normale,Deux véhicules - arrière,1,-1,3,0,2,3,1,0,1,110,2,2,1,0,0,1,25.0,48.0,voiture,voiture,3,1,1,1,2
202300014184,2023-07-03 08:10:00,2023,7,3,8,10,29,29005,450 Route de Quimperlé,47.86044218,-3.59990651,Plein jour,En agglomération,Hors intersection,Normale,Deux véhicules - côté,3,3,2,0,1,1,1,0,1,50,2,2,1,0,1,0,19.0,51.0,utilitaire_camion,voiture,1,2,1,1,3
202300014185,2023-08-13 11:50:00,2023,8,13,11,50,30,30140,,44.03479,3.823199,Plein jour,Hors agglomération,Hors intersection,Normale,Deux véhicules - frontale,3,2,2,0,2,3,1,0,1,80,2,4,3,0,1,0,25.0,49.0,deux_roues,voiture,1,1,1,1,1
202300014186,2023-08-13 17:15:00,2023,8,13,17,15,08,08102,,49.603257,4.314741,Plein jour,Hors agglomération,Hors intersection,Normale,Sans collision,3,2,2,0,1,2,1,0,3,80,1,1,0,0,1,0,51.0,,deux_roues,,1,1,1,1,7
202300014187,2023-06-02 14:25:00,2023,6,2,14,25,75,75108,RUE DE ROME,48.88198,2.320514,Plein jour,En agglomération,Intersection en X,Normale,Deux véhicules - côté,4,-1, -1,0,1,1,1,0,1,50,2,2,1,0,0,1,67.0,55.0,utilitaire_camion,deux_roues,1,2,2,1,3
202300014187,2023-06-02 14:25:00,2023,6,2,14,25,75,75108,RUE DE ROME,48.88198,2.320514,Plein jour,En agglomération,Intersection en X,Normale,Deux véhicules - côté,4,1,2,3,1,1,1,0,1,50,2,2,1,0,0,1,67.0,55.0,utilitaire_camion,deux_roues,1,2,2,1,3
202300014188,2023-11-20 21:15:00,2023,11,20,21,15,91,91161,AUTOROUTE A6,48.69803,2.31396,Nuit sans éclairage public,Hors agglomération,Hors intersection,Pluie légère,Deux véhicules - arrière,1,2,3,0,1,1,2,0,1,110,2,5,2,0,0,3,38.0,67.0,voiture,voiture,3,1,1,2,2
202300014189,2023-07-07 17:15:00,2023,7,7,17,15,45,45253,D927 PR 7 + 5,48.1688569,2.16728239,Plein jour,Hors agglomération,Autre intersection,Normale,Trois véhicules et plus - en chaîne,3,2,2,0,1,3,1,0,1,90,5,8,4,0,2,2,52.0,39.0,deux_roues,utilitaire_camion,1,1,9,1,4
202300014190,2023-06-02 03:51:00,2023,6,2,3,51,75,75108,PLACE DE LA CONCORDE,48.866781,2.322095,Nuit avec éclairage allumé,En agglomération,Intersection en X,Normale,Deux véhicules - côté,4,-1, -1,0,1,1,1,0,1,30,2,2,1,0,0,1,30.0,62.0,deux_roues,voiture,5,2,2,1,3
202300014190,2023-06-02 03:51:00,2023,6,2,3,51,75,75108,PLACE DE LA CONCORDE,48.866781,2.322095,Nuit avec éclairage allumé,En agglomération,Intersection en X,Normale,Deux véhicules - côté,4,2,6,0,1,1,1,0,1,50,2,2,1,0,0,1,30.0,62.0,deux_roues,voiture,5,2,2,1,3
202300014191,2023-08-13 17:44:00,2023,8,13,17,44,13,13069,Route de Salon,43.629296,5.133362,Plein jour,Hors agglomération,Hors intersection,Normale,Deux véhicules - frontale,3,2,2,0,1,1,1,0,1,80,2,2,1,1,0,0,24.0,59.0,voiture,deux_roues,1,1,1,1,1
202300014192,2023-11-20 13:50:00,2023,11,20,13,50,92,92004,RN315 W,48.91719011,2.30784188,Plein jour,Hors agglomération,Hors intersection,Normale,Deux véhicules - arrière,2,-1,1,0,1,1,1,0,1,70,2,5,1,0,0,4,32.0,58.0,voiture,voiture,1,1,1,1,2
202300014193,2023-07-01 14:45:00,2023,7,1,14,45,77,77344,N330,49.052741,2.786255,Plein jour,Hors agglomération,Intersection en X,Normale,Trois véhicules et plus - collisions multiples,2,2,2,0,1,1,1,0,1,80,3,3,2,0,0,1,51.0,23.0,voiture,voiture,1,1,2,1,5
202300014193,2023-07-01 14:45:00,2023,7,1,14,45,77,77344,N330,49.052741,2.786255,Plein jour,Hors agglomération,Intersection en X,Normale,Trois véhicules et plus - collisions multiples,2,2,2,0,1,1,1,0,1,70,3,3,2,0,0,1,51.0,23.0,voiture,voiture,1,1,2,1,5
202300014194,2023-06-01 11:20:00,2023,6,1,11,20,75,75108,RUE D ARTOIS,48.873703,2.306497,Plein jour,En agglomération,Intersection en X,Normale,Autre collision,4,-1, -1,0,1,1,1,0,1,30,1,2,1,0,1,0,56.0,,utilitaire_camion,,1,2,2,1,6
202300014194,2023-06-01 11:20:00,2023,6,1,11,20,75,75108,RUE D ARTOIS,48.873703,2.306497,Plein jour,En agglomération,Intersection en X,Normale,Autre collision,4,1,1,0,1,1,1,0,4,30,1,2,1,0,1,0,56.0,,utilitaire_camion,,1,2,2,1,6
202300014195,2023-11-21 20:15:00,2023,11,21,20,15,95,95218,A15,49.03589387,2.09570646,Nuit sans éclairage public,Hors agglomération,Hors intersection,Pluie légère,Deux véhicules - arrière,1,3,4,0,1,1,2,0,1,90,2,2,1,0,0,1,23.0,51.0,voiture,voiture,3,1,1,2,2
202300014196,2023-07-07 18:00:00,2023,7,7,18,0,77,77095,D54,48.962525,2.75068,Plein jour,Hors agglomération,Hors intersection,Normale,Deux véhicules - frontale,3,2,2,0,1,1,1,0,1,80,2,3,1,0,1,1,21.0,30.0,voiture,voiture,1,1,1,1,1
202300014197,2023-06-02 16:10:00,2023,6,2,16,10,75,75101,RUE MOLIERE,48.864483,2.334966,Plein jour,En agglomération,Intersection en X,Normale,Autre collision,4,2,6,3,1,1,1,0,1,30,1,2,1,0,0,1,25.0,,voiture,,1,2,2,1,6
202300014197,2023-06-02 16:10:00,2023,6,2,16,10,75,75101,RUE MOLIERE,48.864483,2.334966,Plein jour,En agglomération,Intersection en X,Normale,Autre collision,4,1,1,0,2,1,1,0,6,30,1,2,1,0,0,1,25.0,,voiture,,1,2,2,1,6
202300014198,2023-11-21 18:45:00,2023,11,21,18,45,95,95604,A1,49.10594,2.55131,Nuit sans éclairage public,Hors agglomération,Hors intersection,Pluie légère,Trois véhicules et plus - en chaîne,1,3,3,0,1,1,2,0,1,130,3,3,2,0,0,1,56.0,22.0,voiture,voiture,3,1,1,2,4
202300014199,2023-07-07 16:30:00,2023,7,7,16,30,34,34090,RM65,43.659675,3.938731,Plein jour,Hors agglomération,Hors intersection,Normale,Deux véhicules - côté,7,2,2,0,1,2,1,0,8,70,2,2,1,0,1,0,38.0,49.0,deux_roues,voiture,1,1,1,1,3
202300014200,2023-08-12 00:07:00,2023,8,12,0,7,86,86007,A10,46.912175,0.526537,Nuit sans éclairage public,Hors agglomération,Hors intersection,Normale,Deux véhicules - arrière,1,3,2,0,1,1,1,0,1,130,2,5,2,0,1,2,47.0,19.0,voiture,voiture,3,1,1,1,2
202300014201,2023-06-01 16:55:00,2023,6,1,16,55,75,75101,RUE DE RIVOLI,48.858537,2.34823,Plein jour,En agglomération,Intersection en X,Normale,Deux véhicules - côté,4,1,4,1,1,1,1,0,5,30,2,2,1,0,0,1,27.0,,deux_roues,deux_roues,1,2,2,1,3
202300014201,2023-06-01 16:55:00,2023,6,1,16,55,75,75101,RUE DE RIVOLI,48.858537,2.34823,Plein jour,En agglomération,Intersection en X,Normale,Deux véhicules - côté,4,1,2,1,1,1,1,0,5,30,2,2,1,0,0,1,27.0,,deux_roues,deux_roues,1,2,2,1,3
202300014202,2023-11-21 19:40:00,2023,11,21,19,40,93,93027,AUTOROUTE A1,48.93412,2.38391,Nuit sans éclairage public,Hors agglomération,Hors intersection,Pluie légère,Deux véhicules - arrière,1,1,3,0,1,3,2,0,1,70,2,2,1,0,0,1,26.0,57.0,voiture,voiture,3,1,1,2,2
202300014203,2023-07-08 17:20:00,2023,7,8,17,20,84,84054,Route de Petit Palais,43.876296,5.078084,Plein jour,Hors agglomération,Hors intersection,Normale,Deux véhicules - frontale,3,2,2,0,1,1,1,0,1,80,2,2,1,0,1,0,89.0,72.0,deux_roues,voiture,1,1,1,1,1
202300014204,2023-11-21 09:15:00,2023,11,21,9,15,93,93010,AUTOROUTE A3,48.90389,2.47134,Plein jour,Hors agglomération,Hors intersection,Pluie légère,Sans collision,1,3,3,0,1,1,2,0,1,90,1,1,0,0,0,1,33.0,,deux_roues,,1,1,1,2,7
202300014205,2023-06-01 09:13:00,2023,6,1,9,13,75,75104,RUE DES DEUX PONTS,48.851832,2.356547,Plein jour,En agglomération,Intersection en X,Normale,Autre collision,4,-1, -1,1,1,1,1,0,5,30,1,2,1,0,0,1,27.0,,deux_roues,,1,2,2,1,6
202300014205,2023-06-01 09:13:00,2023,6,1,9,13,75,75104,RUE DES DEUX PONTS,48.851832,2.356547,Plein jour,En agglomération,Intersection en X,Normale,Autre collision,4,1,1,1,1,1,1,0,5,30,1,2,1,0,0,1,27.0,,deux_roues,,1,2,2,1,6
202300014206,2023-08-13 02:40:00,2023,8,13,2,40,17,17226,A10 PK 416.600,45.94012,-0.559186,Nuit sans éclairage public,Hors agglomération,Hors intersection,Normale,Deux véhicules - arrière,1,3,4,0,1,1,1,2,1,130,2,6,4,0,1,1,29.0,57.0,voiture,voiture,3,1,1,1,2
202300014207,2023-07-08 08:50:00,2023,7,8,8,50,83,83068,D 14,43.26905,6.53753,Plein jour,Hors agglomération,Hors intersection,Normale,Deux véhicules - arrière,3,2,1,0,1,1,1,0,1,70,2,2,1,0,1,0,55.0,62.0,voiture,deux_roues,1,1,1,1,2
202300014208,2023-08-12 10:50:00,2023,8,12,10,50,59,59244,autoroute A2 PK 026.200 sens Bruxelles - Paris,50.1564198,3.15777822,Plein jour,Hors agglomération,Hors intersection,Normale,Sans collision,1,3,2,0,1,1,1,0,1,130,1,1,0,0,1,0,54.0,,deux_roues,,1,1,1,1,7
202300014209,2023-05-31 09:58:00,2023,5,31,9,58,75,75104,QUAI DE L HOTEL DE VILLE,48.853322,2.3578,Plein jour,En agglomération,Intersection en X,Normale,Sans collision,4,2,2,0,1,1,1,0,1,30,1,1,0,0,0,1,56.0,,deux_roues,,1,2,2,1,7
202300014209,2023-05-31 09:58:00,2023,5,31,9,58,75,75104,QUAI DE L HOTEL DE VILLE,48.853322,2.3578,Plein jour,En agglomération,Intersection en X,Normale,Sans collision,4,1,1,0,1,1,1,0,1,30,1,1,0,0,0,1,56.0,,deux_roues,,1,2,2,1,7
202300014210,2023-11-21 09:05:00,2023,11,21,9,5,93,93066,AUTOROUTE A1,48.93376,2.3809,Plein jour,Hors agglomération,Hors intersection,Pluie légère,Trois véhicules et plus - collisions multiples,1,3,5,0,1,1,2,0,1,90,3,3,1,0,0,2,40.0,25.0,voiture,deux_roues,1,1,1,2,5
202300014211,2023-07-07 12:45:00,2023,7,7,12,45,71,71399,place des halles,46.289998,4.17717,Plein jour,En agglomération,Intersection en T,Normale,Autre collision,4,-1, -1,0,1,1,1,0,1,-1,1,2,1,0,0,1,47.0,,voiture,,1,2,3,1,6
202300014211,2023-07-07 12:45:00,2023,7,7,12,45,71,71399,place des halles,46.289998,4.17717,Plein jour,En agglomération,Intersection en T,Normale,Autre collision,4,2,2,0,1,1,1,0,8,50,1,2,1,0,0,1,47.0,,voiture,,1,2,3,1,6
202300014212,2023-11-21 05:15:00,2023,11,21,5,15,95,95212,A1,49.02389297,2.53550291,Nuit sans éclairage public,Hors agglomération,Hors intersection,Pluie légère,Autre collision,1,1,3,0,1,3,2,3,1,50,1,1,0,0,0,1,21.0,,voiture,,3,1,1,2,6
202300014213,2023-07-07 22:19:00,2023,7,7,22,19,67,67205,D37,48.674031,7.77423,Nuit sans éclairage public,Hors agglomération,Hors intersection,Normale,Autre collision,3,2,2,0,1,1,1,9,1,70,1,1,0,0,1,0,51.0,,deux_roues,,3,1,1,1,6
202300014214,2023-08-13 06:30:00,2023,8,13,6,30,988,98823,RT3/VU2,-21.07449,165.40245,Plein jour,En agglomération,Intersection en T,Normale,Autre collision,2,2,2,0,1,1,1,0,3,50,1,4,0,0,2,2,19.0,,utilitaire_camion,,1,2,3,1,6
202300014214,2023-08-13 06:30:00,2023,8,13,6,30,988,98823,RT3/VU2,-21.07449,165.40245,Plein jour,En agglomération,Intersection en T,Normale,Autre collision,2,2,2,-1,-1,1,1,-1,1,-1,1,4,0,0,2,2,19.0,,utilitaire_camion,,1,2,3,1,6
202300014215,2023-08-13 04:00:00,2023,8,13,4,0,988,98819,FERNHILL - RPN7,-20.36195,164.42373,Crépuscule ou aube,Hors agglomération,Hors intersection,Normale,Autre collision,3,2,2,0,1,3,1,0,3,50,1,1,0,0,1,0,29.0,,voiture,,2,1,1,1,6
202300014216,2023-05-30 12:00:00,2023,5,30,12,0,75,75104,BOULEVARD HENRI IV,48.851054,2.362285,Plein jour,En agglomération,Intersection en X,Normale,Deux véhicules - côté,4,2,4,0,1,1,1,0,1,30,2,2,1,0,0,1,90.0,80.0,voiture,deux_roues,1,2,2,1,3
202300014216,2023-05-30 12:00:00,2023,5,30,12,0,75,75104,BOULEVARD HENRI IV,48.851054,2.362285,Plein jour,En agglomération,Intersection en X,Normale,Deux véhicules - côté,4,2,4,0,1,1,1,0,1,30,2,2,1,0,0,1,90.0,80.0,voiture,deux_roues,1,2,2,1,3
202300014217,2023-11-21 00:40:00,2023,11,21,0,40,93,93078,AUTOROUTE A104,48.96346,2.52181,Nuit sans éclairage public,Hors agglomération,Hors intersection,Pluie légère,Sans collision,1,3,6,0,1,2,2,0,2,90,1,1,0,0,1,0,37.0,,deux_roues,,3,1,1,2,7
202300014218,2023-08-13 08:15:00,2023,8,13,8,15,971,97111,caféière,16.325813,-61.766424,Plein jour,Hors agglomération,Hors intersection,Normale,Autre collision,3,2,2,0,2,3,1,0,3,-1,1,1,0,0,1,0,31.0,,deux_roues,,1,1,1,1,6
202300014219,2023-11-21 14:10:00,2023,11,21,14,10,77,77121,A104,48.83562025,2.66525863,Plein jour,Hors agglomération,Hors intersection,Pluie légère,Autre collision,1,1,2,0,1,3,2,0,1,70,1,1,0,0,0,1,32.0,,voiture,,1,1,1,2,6
202300014220,2023-07-08 10:45:00,2023,7,8,10,45,57,57663,Rue Lucie Aubrac,49.237461,6.164516,Plein jour,En agglomération,Intersection en T,Normale,Deux véhicules - côté,4,2,2,0,1,1,1,0,1,50,2,2,0,0,2,0,22.0,75.0,deux_roues,voiture,1,2,3,1,3
202300014221,2023-06-02 18:55:00,2023,6,2,18,55,94,94081,Avenue Paul Vaillant Couturier,48.79475,2.39707,Plein jour,En agglomération,Hors intersection,Normale,Deux véhicules - frontale,3,2,2,0,1,1,1,0,1,50,2,2,1,0,1,0,23.0,44.0,deux_roues,voiture,1,2,1,1,1
202300014222,2023-11-21 07:40:00,2023,11,21,7,40,77,77372,A104,48.87593751,2.66912639,Plein jour,Hors agglomération,Hors intersection,Pluie légère,Deux véhicules - arrière,1,3,4,0,1,1,2,0,1,90,2,2,1,0,0,1,24.0,32.0,utilitaire_camion,utilitaire_camion,1,1,1,2,2
202300014223,2023-07-07 08:45:00,2023,7,7,8,45,26,26179,D532,45.060915,4.905629,Plein jour,Hors agglomération,Hors intersection,Normale,Deux véhicules - côté,3,2,1,0,1,1,1,0,1,80,2,2,1,0,0,1,43.0,18.0,utilitaire_camion,deux_roues,1,1,1,1,3
202300014224,2023-08-11 19:40:00,2023,8,11,19,40,77,77023,D38,49.016429,2.882629,Plein jour,En agglomération,Intersection en X,Pluie légère,Deux véhicules - côté,3,2,2,0,1,1,2,0,1,50,2,5,2,0,0,3,22.0,23.0,voiture,voiture,1,2,2,2,3
202300014224,2023-08-11 19:40:00,2023,8,11,19,40,77,77023,D38,49.016429,2.882629,Plein jour,En agglomération,Intersection en X,Pluie légère,Deux véhicules - côté,3,2,2,0,1,1,2,0,1,50,2,5,2,0,0,3,22.0,23.0,voiture,voiture,1,2,2,2,3
202300014225,2023-06-02 14:05:00,2023,6,2,14,5,94,94058,98 Boulevard d'Alsace-lorraine,48.85078,2.50384,Plein jour,Hors agglomération,Intersection en T,Normale,Deux véhicules - côté,3,2,4,0,1,1,1,0,1,50,2,2,1,0,0,1,27.0,28.0,deux_roues,voiture,1,1,3,1,3
202300014225,2023-06-02 14:05:00,2023,6,2,14,5,94,94058,98 Boulevard d'Alsace-lorraine,48.85078,2.50384,Plein jour,Hors agglomération,Intersection en T,Normale,Deux véhicules - côté,3,1, -1,0,1,1,1,0,1,-1,2,2,1,0,0,1,27.0,28.0,deux_roues,voiture,1,1,3,1,3
202300014226,2023-07-07 18:25:00,2023,7,7,18,25,01,01276,Rue du pont de jons,45.81432,5.085683,Plein jour,Hors agglomération,Hors intersection,Normale,Trois véhicules et plus - en chaîne,3,2,2,0,1,4,1,0,1,80,3,3,2,0,1,0,33.0,30.0,voiture,voiture,1,1,1,1,4
202300014227,2023-06-01 23:40:00,2023,6,1,23,40,94,94041,Quai Marcel Boyer,48.82217919,2.39282615,Nuit avec éclairage allumé,En agglomération,Intersection en T,Normale,Autre collision,3,2,2,0,1,1,1,0,8,50,1,1,0,0,0,1,38.0,,deux_roues,,5,2,3,1,6
202300014227,2023-06-01 23:40:00,2023,6,1,23,40,94,94041,Quai Marcel Boyer,48.82217919,2.39282615,Nuit avec éclairage allumé,En agglomération,Intersection en T,Normale,Autre collision,3,1,1,0,1,3,1,0,1,50,1,1,0,0,0,1,38.0,,deux_roues,,5,2,3,1,6
202300014228,2023-11-20 17:40:00,2023,11,20,17,40,77,77121,A4,48.83189783,2.67415376,Nuit sans éclairage public,Hors agglomération,Hors intersection,Pluie légère,Autre collision,1,1,3,0,1,1,2,0,1,110,3,4,2,0,0,2,38.0,37.0,voiture,voiture,3,1,1,2,6
202300014229,2023-08-13 10:29:00,2023,8,13,10,29,77,77470,29 Rue de Provins,48.739018,2.767493,Plein jour,En agglomération,Hors intersection,Normale,Trois véhicules et plus - collisions multiples,4,2,2,0,2,1,1,0,1,50,5,5,0,0,2,3,23.0,66.0,deux_roues,deux_roues,1,2,1,1,5
202300014230,2023-07-03 14:45:00,2023,7,3,14,45,81,81271,Route de Montauban,43.777102,1.675227,Plein jour,En agglomération,Hors intersection,Normale,Autre collision,4,2,2,0,1,1,1,0,3,50,1,2,0,0,1,1,76.0,,voiture,,1,2,1,1,6
202300014231,2023-06-02 19:30:00,2023,6,2,19,30,94,94065,Rue Mondétour,48.75625946,2.34657562,Plein jour,En agglomération,Hors intersection,Normale,Autre collision,4,1,1,0,1,1,1,0,4,50,1,2,1,0,0,1,20.0,,voiture,,1,2,1,1,6
202300014232,2023-11-20 08:10:00,2023,11,20,8,10,94,94004,N19,48.75940121,2.50031751,Plein jour,Hors agglomération,Hors intersection,Normale,Deux véhicules - arrière,2,3,4,0,1,1,1,0,1,70,2,2,1,0,0,1,43.0,48.0,voiture,utilitaire_camion,1,1,1,1,2
202300014233,2023-07-08 11:30:00,2023,7,8,11,30,31,31318,D10F,43.217926,0.96618,Plein jour,Hors agglomération,Hors intersection,Normale,Sans collision,3,2,2,0,2,4,1,0,1,80,1,1,0,0,1,0,69.0,,deux_roues,,1,1,1,1,7
202300014234,2023-08-12 22:45:00,2023,8,12,22,45,83,83035,Route des Sources,43.19723,5.763273,Nuit sans éclairage public,Hors agglomération,Hors intersection,Normale,Deux véhicules - frontale,3,2,2,0,4,3,1,0,1,80,2,3,1,1,1,0,47.0,58.0,voiture,deux_roues,3,1,1,1,1
202300014235,2023-06-02 13:05:00,2023,6,2,13,5,94,94033,MARECHAL DE LATTRE DE TAS,48.8583,2.49131,Plein jour,En agglomération,Hors intersection,Normale,Sans collision,3,3,0,0,1,1,1,0,1,50,1,1,0,0,0,1,32.0,,deux_roues,,1,2,1,1,7
202300014236,2023-11-20 06:50:00,2023,11,20,6,50,77,77083,A4.W,48.83100751,2.60627873,Nuit avec éclairage non allumé,Hors agglomération,Hors intersection,Pluie légère,Deux véhicules - arrière,1,3,6,0,1,1,2,0,1,110,2,2,1,0,0,1,55.0,41.0,deux_roues,voiture,4,1,1,2,2
202300014237,2023-07-07 16:35:00,2023,7,7,16,35,44,44210,Boulevard de l'Atlantique,47.289557,-2.209368,Plein jour,En agglomération,Autre intersection,Normale,Autre collision,4,2,2,0,2,1,1,0,1,50,1,2,1,0,1,0,44.0,,voiture,,1,2,9,1,6
202300014238,2023-08-13 10:29:00,2023,8,13,10,29,05,05122,RN 94,44.755404,6.575038,Plein jour,Hors agglomération,Hors intersection,Normale,Deux véhicules - côté,2,2,2,0,1,1,1,9,1,80,2,5,4,0,1,0,40.0,43.0,deux_roues,voiture,1,1,1,1,3
202300014239,2023-06-02 15:00:00,2023,6,2,15,0,94,94028,D1,48.78279,2.45952,Plein jour,Hors agglomération,Hors intersection,Normale,Deux véhicules - arrière,3,3,4,0,1,1,1,0,1,70,2,2,1,1,0,0,79.0,44.0,voiture,voiture,1,1,1,1,2
202300014240,2023-07-08 08:30:00,2023,7,8,8,30,29,29021,Lieu-Dit Lanveur,48.64461555,-4.34379928,Plein jour,Hors agglomération,Hors intersection,Normale,Autre collision,3,2,2,0,1,2,1,0,3,80,1,1,0,1,0,0,64.0,,voiture,,1,1,1,1,6