accident_id,datetime,annee,mois,jour,heure,minute,departement,commune_insee,adresse,latitude,longitude,luminosite,agglomeration,intersection,meteo,collision,catr,circ,nbv,vosp,prof,plan,surf,infra,situ,vma,nb_vehicules,nb_usagers,nb_indemnes,nb_tues,nb_blesses_hosp,nb_blesses_legers,age_cond_1,age_cond_2,veh_type_cond_1,veh_type_cond_2,lum_code,agg_code,int_code,atm_code,col_code
202300014241,2023-11-19 03:49:00,2023,11,19,3,49,94,94022,A86,48.77610897,2.41417148,Nuit sans éclairage public,Hors agglomération,Hors intersection,Pluie légère,Trois véhicules et plus - en chaîne,1,3,3,0,1,4,2,2,1,90,3,3,2,0,1,0,49.0,60.0,voiture,utilitaire_camion,3,1,1,2,4
202300014242,2023-08-13 14:20:00,2023,8,13,14,20,73,73296,D902,45.5210257,6.91343844,Plein jour,Hors agglomération,Intersection en Y,Normale,Deux véhicules - côté,3,2,2,0,2,1,1,0,1,80,2,3,1,0,0,2,56.0,63.0,voiture,deux_roues,1,1,4,1,3
202300014242,2023-08-13 14:20:00,2023,8,13,14,20,73,73296,D902,45.5210257,6.91343844,Plein jour,Hors agglomération,Intersection en Y,Normale,Deux véhicules - côté,3,2,2,0,2,3,1,0,1,80,2,3,1,0,0,2,56.0,63.0,voiture,deux_roues,1,1,4,1,3
202300014243,2023-06-02 17:05:00,2023,6,2,17,5,94,94004,Avenue du Général Leclerc,48.74840561,2.50904278,Plein jour,En agglomération,Intersection en Y,Normale,Deux véhicules - arrière,4,1,1,0,2,1,1,0,1,50,2,2,1,0,0,1,22.0,19.0,voiture,voiture,1,2,4,1,2
202300014243,2023-06-02 17:05:00,2023,6,2,17,5,94,94004,Avenue du Général Leclerc,48.74840561,2.50904278,Plein jour,En agglomération,Intersection en Y,Normale,Deux véhicules - arrière,4,2,2,0,2,1,1,0,1,50,2,2,1,0,0,1,22.0,19.0,voiture,voiture,1,2,4,1,2
202300014244,2023-07-08 16:50:00,2023,7,8,16,50,59,59619,D932,50.24027402,3.7111729,Plein jour,Hors agglomération,Hors intersection,Normale,Deux véhicules - frontale,3,2,2,0,1,1,1,0,1,80,2,3,1,0,0,2,21.0,52.0,voiture,deux_roues,1,1,1,1,1
202300014245,2023-09-21 23:50:00,2023,9,21,23,50,74,74133,GENEVE (RUE DE),46.191467,6.213514,Nuit avec éclairage allumé,En agglomération,Hors intersection,Pluie forte,Deux véhicules - côté,3,2,2,0,1,1,2,0,1,30,2,2,1,0,1,0,21.0,41.0,deux_roues,voiture,5,2,1,3,3
202300014246,2023-07-07 09:46:00,2023,7,7,9,46,13,13211,,43.29148,5.45135,Plein jour,Hors agglomération,Hors intersection,Normale,Autre collision,1,3,3,0,1,1,1,0,1,70,1,1,0,0,0,1,27.0,,voiture,,1,1,1,1,6
202300014247,2023-08-12 22:40:00,2023,8,12,22,40,26,26271,Route du Dauphiné,45.02492296,4.86823729,Nuit sans éclairage public,Hors agglomération,Hors intersection,Normale,Deux véhicules - côté,2,2,2,0,1,1,1,0,1,80,2,4,2,0,0,2,26.0,52.0,voiture,voiture,3,1,1,1,3
202300014248,2023-06-02 19:36:00,2023,6,2,19,36,93,93078,46 Boulevard Robert Ballanger,48.95223891,2.52908975,Plein jour,En agglomération,Hors intersection,Normale,Deux véhicules - côté,3,2,2,0,1,1,1,0,1,50,2,3,2,0,0,1,21.0,54.0,deux_roues,voiture,1,2,1,1,3
202300014249,2023-09-19 18:00:00,2023,9,19,18,0,74,74012,ILE DE FRANCE (RUE DE L'),46.19028,6.24971,Plein jour,En agglomération,Hors intersection,Normale,Autre collision,4,2,2,2,1,1,1,9,1,50,2,2,1,0,0,1,54.0,42.0,voiture,utilitaire_camion,1,2,1,1,6
202300014250,2023-07-04 20:04:00,2023,7,4,20,4,13,13106,A7-Sens Lyon vers Marseille,43.3887,5.3509,Plein jour,Hors agglomération,Hors intersection,Normale,Deux véhicules - arrière,1,-1,4,0,1,1,1,0,1,90,3,3,1,0,0,2,31.0,56.0,voiture,voiture,1,1,1,1,2
202300014251,2023-08-25 12:00:00,2023,8,25,12,0,74,74186,route d'annecy,45.863921,6.057882,Plein jour,Hors agglomération,Hors intersection,Normale,Autre collision,3,2,2,0,2,3,1,1,3,80,1,1,0,0,0,1,39.0,,utilitaire_camion,,1,1,1,1,6
202300014252,2023-08-12 12:39:00,2023,8,12,12,39,69,69131,Route des Monts du Lyonnais,45.688375,4.674232,Plein jour,En agglomération,Hors intersection,Pluie légère,Deux véhicules - côté,3,2,2,2,1,1,2,0,1,50,2,4,3,0,1,0,53.0,50.0,voiture,deux_roues,1,2,1,2,3
202300014253,2023-06-01 18:24:00,2023,6,1,18,24,93,93005,Boulebard Kennedy / Chemin de Savigny,48.946136,2.51510739,Plein jour,En agglomération,Intersection en T,Normale,Autre collision,3,2,2,1,1,1,1,0,1,50,2,2,1,0,0,1,43.0,14.0,voiture,deux_roues,1,2,3,1,6
202300014253,2023-06-01 18:24:00,2023,6,1,18,24,93,93005,Boulebard Kennedy / Chemin de Savigny,48.946136,2.51510739,Plein jour,En agglomération,Intersection en T,Normale,Autre collision,3,2,2,1,1,1,1,0,1,50,2,2,1,0,0,1,43.0,14.0,voiture,deux_roues,1,2,3,1,6
202300014254,2023-06-14 20:15:00,2023,6,14,20,15,13,13005,A50-Sens Marseille vers Aubagne,43.26866461,5.58800697,Crépuscule ou aube,Hors agglomération,Hors intersection,Pluie légère,Autre collision,1,1,2,0,1,2,2,0,1,110,1,1,0,0,0,1,43.0,,voiture,,2,1,1,2,6
202300014255,2023-08-11 14:25:00,2023,8,11,14,25,65,65295,1 Avenue de Saint sauveur,42.873149,-0.003508,Plein jour,En agglomération,Hors intersection,Normale,Deux véhicules - côté,3,-1,2,0,2,1,1,0,1,50,2,2,1,0,0,1,61.0,52.0,deux_roues,deux_roues,1,2,1,1,3
202300014256,2023-08-23 16:00:00,2023,8,23,16,0,74,74225,D910,45.884325,5.934827,Plein jour,Hors agglomération,Hors intersection,Normale,Deux véhicules - frontale,3,2,2,0,1,3,1,0,1,50,2,3,1,0,2,0,54.0,32.0,utilitaire_camion,voiture,1,1,1,1,1
202300014257,2023-07-06 22:20:00,2023,7,6,22,20,69,69296,Autoroute 7,45.64494,4.83059,Nuit sans éclairage public,Hors agglomération,Hors intersection,Normale,Deux véhicules - arrière,1,3,6,0,1,1,1,0,2,130,2,2,0,0,0,2,19.0,21.0,deux_roues,deux_roues,3,1,1,1,2
202300014258,2023-08-17 18:45:00,2023,8,17,18,45,74,74105,Avenue des Voirons,46.303489,6.30259,Plein jour,En agglomération,Intersection en T,Normale,Deux véhicules - côté,3,2,2,0,1,1,1,5,1,50,2,2,1,0,1,0,25.0,36.0,voiture,deux_roues,1,2,3,1,3
202300014258,2023-08-17 18:45:00,2023,8,17,18,45,74,74105,Avenue des Voirons,46.303489,6.30259,Plein jour,En agglomération,Intersection en T,Normale,Deux véhicules - côté,3,2, -1,-1,1,1,1,0,1,-1,2,2,1,0,1,0,25.0,36.0,voiture,deux_roues,1,2,3,1,3
202300014259,2023-05-26 20:45:00,2023,5,26,20,45,93,93053,Place Jeanne d’Arc / Rue de Brément,48.89006105,2.45297012,Plein jour,En agglomération,Intersection en X,Normale,Deux véhicules - côté,3,3,4,0,1,1,1,0,8,50,2,2,1,0,1,0,35.0,22.0,voiture,deux_roues,1,2,2,1,3
202300014259,2023-05-26 20:45:00,2023,5,26,20,45,93,93053,Place Jeanne d’Arc / Rue de Brément,48.89006105,2.45297012,Plein jour,En agglomération,Intersection en X,Normale,Deux véhicules - côté,3,3,4,0,1,1,1,8,8,50,2,2,1,0,1,0,35.0,22.0,voiture,deux_roues,1,2,2,1,3
202300014260,2023-07-07 16:35:00,2023,7,7,16,35,33,33550,ROCADE A 630,44.78161,-0.5826,Plein jour,Hors agglomération,Hors intersection,Normale,Deux véhicules - arrière,1,3,8,0,1,1,1,0,1,90,2,3,2,0,0,1,40.0,57.0,deux_roues,utilitaire_camion,1,1,1,1,2
202300014261,2023-08-12 15:50:00,2023,8,12,15,50,85,85113,9 Rue jean yole,46.719887,-2.349257,Plein jour,En agglomération,Hors intersection,Normale,Deux véhicules - côté,4,2,2,0,1,1,1,0,1,50,2,2,1,0,0,1,28.0,49.0,deux_roues,deux_roues,1,2,1,1,3
202300014262,2023-06-02 19:10:00,2023,6,2,19,10,93,93057,Chemin de Halage,48.91287706,2.50048726,Plein jour,En agglomération,Hors intersection,Normale,Deux véhicules - frontale,4,2,1,1,1,1,1,0,5,30,2,2,1,0,0,1,49.0,,deux_roues,deux_roues,1,2,1,1,1
202300014263,2023-07-07 16:05:00,2023,7,7,16,5,33,33063,ROCADE A 630,44.88070806,-0.54144144,Plein jour,Hors agglomération,Hors intersection,Normale,Deux véhicules - arrière,1,3,6,0,2,1,1,2,1,70,2,3,2,0,0,1,35.0,36.0,voiture,utilitaire_camion,1,1,1,1,2
202300014264,2023-07-20 18:05:00,2023,7,20,18,5,74,74002,pont du chêne,45.825226,6.043103,Plein jour,Hors agglomération,Hors intersection,Normale,Deux véhicules - côté,3,2,2,0,1,3,1,0,1,80,2,3,2,0,1,0,54.0,24.0,deux_roues,voiture,1,1,1,1,3
202300014265,2023-08-12 13:19:00,2023,8,12,13,19,35,35343,La Richardais,47.851834,-1.559002,Plein jour,Hors agglomération,Intersection en X,Normale,Deux véhicules - côté,3,2,2,0,1,1,1,0,1,80,2,3,1,0,1,1,54.0,28.0,deux_roues,voiture,1,1,2,1,3
202300014265,2023-08-12 13:19:00,2023,8,12,13,19,35,35343,La Richardais,47.851834,-1.559002,Plein jour,Hors agglomération,Intersection en X,Normale,Deux véhicules - côté,3,2,2,0,4,1,1,0,8,80,2,3,1,0,1,1,54.0,28.0,deux_roues,voiture,1,1,2,1,3
202300014266,2023-07-07 08:00:00,2023,7,7,8,0,59,59508,AUTOROUTE A22,50.74601,3.14149,Plein jour,Hors agglomération,Hors intersection,Normale,Autre collision,1,-1,5,0,1,1,1,0,1,50,1,1,0,0,1,0,60.0,,deux_roues,,1,1,1,1,6
202300014267,2023-06-01 20:30:00,2023,6,1,20,30,93,93005,Boulevard Marc Chagall,48.95249,2.49688,Plein jour,En agglomération,Hors intersection,Normale,Autre collision,3,3,4,0,1,1,1,0,1,50,1,2,1,0,0,1,,,deux_roues,,1,2,1,1,6
202300014268,2023-06-16 18:00:00,2023,6,16,18,0,74,74042,1676 Route de bouverat,46.064527,6.437379,Plein jour,En agglomération,Hors intersection,Temps éblouissant,Deux véhicules - côté,4,2,2,0,1,3,1,0,1,50,2,2,1,0,1,0,12.0,40.0,deux_roues,voiture,1,2,1,7,3
202300014269,2023-07-04 15:35:00,2023,7,4,15,35,62,62193, A16,50.93473655,1.89503283,Plein jour,Hors agglomération,Hors intersection,Normale,Autre collision,1,3,6,0,1,1,1,0,1,130,1,2,1,1,0,0,,,utilitaire_camion,,1,1,1,1,6
202300014270,2023-07-28 18:35:00,2023,7,28,18,35,76,76057,Route de Fresquiennes,49.544899,0.972086,Plein jour,Hors agglomération,Intersection en Y,Normale,Deux véhicules - frontale,3,2,2,0,1,2,1,0,1,80,2,2,0,0,0,2,60.0,51.0,voiture,utilitaire_camion,1,1,4,1,1
202300014270,2023-07-28 18:35:00,2023,7,28,18,35,76,76057,Route de Fresquiennes,49.544899,0.972086,Plein jour,Hors agglomération,Intersection en Y,Normale,Deux véhicules - frontale,3,2, -1,-1,1,2,1,0,1,-1,2,2,0,0,0,2,60.0,51.0,voiture,utilitaire_camion,1,1,4,1,1
202300014271,2023-05-31 18:50:00,2023,5,31,18,50,92,92063,BONAPARTE (AVENUE NAPOLEON) SUD,48.87266303,2.16338038,Plein jour,En agglomération,Hors intersection,Normale,Autre collision,3,1,1,0,1,1,1,0,1,50,1,4,0,0,0,4,18.0,,deux_roues,,1,2,1,1,6
202300014272,2023-07-07 03:37:00,2023,7,7,3,37,94,94034,A6A,48.75331485,2.33176301,Nuit sans éclairage public,Hors agglomération,Hors intersection,Normale,Autre collision,1,1,3,0,1,1,1,0,1,90,1,2,0,0,0,2,23.0,,voiture,,3,1,1,1,6
202300014273,2023-08-12 17:25:00,2023,8,12,17,25,62,62318,D940,50.53783161,1.62363068,Plein jour,Hors agglomération,Hors intersection,Normale,Autre collision,3,2,2,1,1,1,1,0,1,80,1,2,1,1,0,0,51.0,,utilitaire_camion,,1,1,1,1,6
202300014274,2023-06-01 12:00:00,2023,6,1,12,0,74,74042,route départementale 1205,46.072293,6.426256,Plein jour,En agglomération,Hors intersection,Normale,Trois véhicules et plus - en chaîne,3,2,2,0,1,1,1,0,1,50,3,3,2,0,0,1,42.0,35.0,voiture,utilitaire_camion,1,2,1,1,4
202300014275,2023-06-02 05:30:00,2023,6,2,5,30,92,92050,GRANDS PRES RUE DES,48.91046304,2.21421719,Crépuscule ou aube,En agglomération,Autre intersection,Normale,Autre collision,4,-1,1,0,1,1,1,0,8,30,1,2,1,0,0,1,64.0,,voiture,,2,2,9,1,6
202300014276,2023-07-07 00:05:00,2023,7,7,0,5,91,91534,RN 118,48.73849,2.17867,Nuit sans éclairage public,Hors agglomération,Hors intersection,Normale,Deux véhicules - arrière,2,1,2,0,1,1,1,0,3,110,2,2,0,0,0,2,56.0,33.0,voiture,voiture,3,1,1,1,2
202300014277,2023-06-02 19:20:00,2023,6,2,19,20,92,92020,DIVISION LECLERC AVENUE DE LA,48.798125,2.28296,Plein jour,En agglomération,Giratoire,Normale,Autre collision,4,2,2,0,2,1,1,0,1,50,1,1,0,0,0,1,54.0,,deux_roues,,1,2,6,1,6
202300014278,2023-08-11 00:45:00,2023,8,11,0,45,67,67447,DONON (RUE DU),48.60974,7.74463,Nuit avec éclairage allumé,En agglomération,Intersection en T,Normale,Deux véhicules - côté,4,2,1,0,1,1,1,5,1,30,2,4,3,1,0,0,34.0,20.0,deux_roues,voiture,5,2,3,1,3
202300014278,2023-08-11 00:45:00,2023,8,11,0,45,67,67447,DONON (RUE DU),48.60974,7.74463,Nuit avec éclairage allumé,En agglomération,Intersection en T,Normale,Deux véhicules - côté,4,2,1,0,1,1,1,0,1,30,2,4,3,1,0,0,34.0,20.0,deux_roues,voiture,5,2,3,1,3
202300014279,2023-07-17 18:20:00,2023,7,17,18,20,14,14258,3 Rue de Rugles,48.894333,-0.18791,Plein jour,En agglomération,Intersection en X,Normale,Deux véhicules - côté,4,2,2,0,1,1,1,0,1,50,2,3,2,0,0,1,23.0,62.0,voiture,deux_roues,1,2,2,1,3
202300014280,2023-07-06 22:55:00,2023,7,6,22,55,91,91345,AUTOROUTE A6,48.68702,2.32608,Nuit sans éclairage public,Hors agglomération,Hors intersection,Normale,Deux véhicules - arrière,1,1,3,0,2,1,1,0,1,110,2,2,1,0,0,1,51.0,49.0,utilitaire_camion,voiture,3,1,1,1,2
202300014281,2023-07-07 11:13:00,2023,7,7,11,13,78,78133,A14,48.908182,2.051426,Plein jour,Hors agglomération,Hors intersection,Normale,Autre collision,1,-1,3,0,1,1,1,0,1,110,1,1,0,0,1,0,65.0,,deux_roues,,1,1,1,1,6
202300014282,2023-02-27 13:30:00,2023,2,27,13,30,38,38421,AVENUE AMBROISE CROIZAT,45.18381,5.75435,Plein jour,En agglomération,Intersection en X,Normale,Deux véhicules - côté,7,2,1,1,1,3,1,0,5,50,2,2,1,0,0,1,34.0,36.0,utilitaire_camion,deux_roues,1,2,2,1,3
202300014282,2023-02-27 13:30:00,2023,2,27,13,30,38,38421,AVENUE AMBROISE CROIZAT,45.18381,5.75435,Plein jour,En agglomération,Intersection en X,Normale,Deux véhicules - côté,7,-1,1,0,1,3,1,0,1,50,2,2,1,0,0,1,34.0,36.0,utilitaire_camion,deux_roues,1,2,2,1,3
202300014283,2023-06-02 12:00:00,2023,6,2,12,0,92,92044,PDT WILSON(RUE) 2A24 ET 1A21,48.89061272,2.29173392,Plein jour,En agglomération,Intersection en Y,Normale,Deux véhicules - arrière,4,2, -1,-1,1,1,1,5,1,-1,2,2,1,0,0,1,,33.0,voiture,deux_roues,1,2,4,1,2
202300014283,2023-06-02 12:00:00,2023,6,2,12,0,92,92044,PDT WILSON(RUE) 2A24 ET 1A21,48.89061272,2.29173392,Plein jour,En agglomération,Intersection en Y,Normale,Deux véhicules - arrière,4,2,2,0,1,1,1,0,1,50,2,2,1,0,0,1,,33.0,voiture,deux_roues,1,2,4,1,2
202300014284,2023-06-12 23:30:00,2023,6,12,23,30,69,69271,Rocade Est,45.72836,4.97676,Nuit sans éclairage public,Hors agglomération,Hors intersection,Normale,Deux véhicules - arrière,2,3,4,0,1,1,1,0,1,90,2,2,1,0,0,1,54.0,42.0,voiture,utilitaire_camion,3,1,1,1,2
202300014285,2023-07-07 10:28:00,2023,7,7,10,28,92,92047,A13,48.83488984,2.17313111,Plein jour,Hors agglomération,Hors intersection,Normale,Autre collision,1,-1,3,0,1,1,1,0,1,110,2,2,1,0,0,1,35.0,49.0,utilitaire_camion,deux_roues,1,1,1,1,6
202300014286,2023-08-12 09:10:00,2023,8,12,9,10,988,98818,RUE DE METZ/ROUTE DE L'ANSE VATA,-22.2771,166.44781,Plein jour,En agglomération,Intersection en T,Normale,Deux véhicules - côté,4,1,2,0,2,1,1,0,1,50,2,2,1,0,0,1,70.0,30.0,deux_roues,voiture,1,2,3,1,3
202300014286,2023-08-12 09:10:00,2023,8,12,9,10,988,98818,RUE DE METZ/ROUTE DE L'ANSE VATA,-22.2771,166.44781,Plein jour,En agglomération,Intersection en T,Normale,Deux véhicules - côté,4,2,2,0,1,1,1,0,1,50,2,2,1,0,0,1,70.0,30.0,deux_roues,voiture,1,2,3,1,3
202300014287,2023-06-01 16:45:00,2023,6,1,16,45,92,92036,GABRIEL PERI (AVENUE) (147/177),48.92422,2.29457,Plein jour,Hors agglomération,Hors intersection,Normale,Deux véhicules - frontale,3,2,2,0,1,1,1,0,1,50,2,2,1,0,0,1,19.0,36.0,voiture,deux_roues,1,1,1,1,1
202300014288,2023-06-02 10:11:00,2023,6,2,10,11,92,92012,ANDRE MORIZET (AVENUE) - 49/FIN - 54/FIN,48.83699462,2.23630518,Plein jour,En agglomération,Hors intersection,Normale,Sans collision,3,2,0,3,1,1,1,0,6,30,1,1,0,0,0,1,49.0,,deux_roues,,1,2,1,1,7
202300014289,2023-08-11 18:07:00,2023,8,11,18,7,974,97411,RIVIERE DES PLUIES (ROUTE DE LA),-20.90249,55.50279,Crépuscule ou aube,En agglomération,Autre intersection,Temps couvert,Sans collision,2,-1,2,0,1,1,2,0,8,50,1,1,0,0,1,0,43.0,,deux_roues,,2,2,9,8,7
202300014290,2023-11-19 20:15:00,2023,11,19,20,15,30,30351,JACOB,43.975125,4.782559,Nuit avec éclairage allumé,En agglomération,Autre intersection,Normale,Deux véhicules - côté,3,1,1,0,1,1,1,0,1,50,2,4,3,0,0,1,29.0,24.0,voiture,deux_roues,5,2,9,1,3
202300014291,2023-07-06 23:55:00,2023,7,6,23,55,92,92076,A13,48.83169441,2.14920613,Nuit avec éclairage allumé,Hors agglomération,Hors intersection,Normale,Deux véhicules - côté,1,1,3,0,1,1,1,0,1,110,2,3,1,0,0,2,52.0,,deux_roues,voiture,5,1,1,1,3
202300014292,2023-06-03 01:10:00,2023,6,3,1,10,14,14710,Route des Veines,48.897972,-0.344537,Nuit sans éclairage public,Hors agglomération,Hors intersection,Normale,Autre collision,3,2,2,0,1,2,1,0,3,80,1,1,0,0,1,0,35.0,,voiture,,3,1,1,1,6
202300014293,2023-11-15 07:15:00,2023,11,15,7,15,973,97302,MERE THERESA (rue),4.92553476,-52.31280541,Plein jour,En agglomération,Hors intersection,Normale,Autre collision,4,2,2,0,1,1,1,0,1,50,1,1,0,0,0,1,54.0,,deux_roues,,1,2,1,1,6
202300014294,2023-08-11 08:00:00,2023,8,11,8,0,974,97407,ROUTE DU SACRE COEUR,-20.95364,55.30819,Plein jour,Hors agglomération,Autre intersection,Normale,Deux véhicules - côté,4,2,2,0,1,1,1,0,1,30,2,2,1,0,0,1,21.0,39.0,voiture,deux_roues,1,1,9,1,3
202300014295,2023-07-07 18:45:00,2023,7,7,18,45,92,92078,AUTOROUTE A86,48.9311293,2.32352796,Plein jour,Hors agglomération,Hors intersection,Normale,Deux véhicules - côté,1,3,6,0,1,1,1,9,1,90,2,2,1,0,0,1,29.0,60.0,deux_roues,voiture,1,1,1,1,3
202300014296,2023-11-15 09:28:00,2023,11,15,9,28,973,97302,EBOUE (ROCADE FELIX),4.92733,-52.3195,Plein jour,En agglomération,Hors intersection,Pluie légère,Deux véhicules - arrière,3,2,2,0,1,1,2,8,1,50,2,2,0,0,0,1,27.0,,voiture,deux_roues,1,2,1,2,2
202300014297,2023-06-01 15:15:00,2023,6,1,15,15,62,62492,D108,50.46384,1.984096,Plein jour,Hors agglomération,Hors intersection,Normale,Sans collision,3,2,2,0,1,1,1,0,1,80,1,1,0,0,1,0,24.0,,deux_roues,,1,1,1,1,7
202300014298,2023-11-15 08:10:00,2023,11,15,8,10,973,97302,BADUEL (ROND POINT DE),4.93334176,-52.30968547,Plein jour,En agglomération,Hors intersection,Normale,Sans collision,3,2,2,0,1,1,1,0,1,50,2,3,1,0,0,2,87.0,75.0,deux_roues,deux_roues,1,2,1,1,7
202300014299,2023-07-07 18:30:00,2023,7,7,18,30,93,93027,AUTOROUTE A1,48.93386,2.38603,Plein jour,Hors agglomération,Hors intersection,Normale,Deux véhicules - côté,1,3,6,0,1,1,1,0,1,90,2,2,1,0,0,1,24.0,56.0,deux_roues,voiture,1,1,1,1,3
202300014300,2023-08-10 21:50:00,2023,8,10,21,50,972,97213,ROUTE NATIONALE 1,14.62498,-60.9841,Nuit sans éclairage public,Hors agglomération,Hors intersection,Normale,Autre collision,2,2,4,0,1,3,1,0,1,90,1,4,2,0,0,2,49.0,,voiture,,3,1,1,1,6
202300014301,2023-11-20 16:55:00,2023,11,20,16,55,69,69388,Rue des Serpollières,45.732,4.864,Crépuscule ou aube,En agglomération,Intersection en X,Normale,Deux véhicules - côté,4,1,1,0,1,1,1,0,1,30,2,2,1,0,0,1,72.0,43.0,voiture,voiture,2,2,2,1,3
202300014301,2023-11-20 16:55:00,2023,11,20,16,55,69,69388,Rue des Serpollières,45.732,4.864,Crépuscule ou aube,En agglomération,Intersection en X,Normale,Deux véhicules - côté,4,1,1,0,1,1,1,0,1,30,2,2,1,0,0,1,72.0,43.0,voiture,voiture,2,2,2,1,3
202300014302,2023-08-11 22:25:00,2023,8,11,22,25,69,69389,107 Rue Marietton,45.77589,4.79544,Nuit avec éclairage allumé,En agglomération,Intersection en Y,Normale,Deux véhicules - côté,4,2,5,0,1,1,1,0,1,30,2,2,1,0,1,0,29.0,36.0,voiture,deux_roues,5,2,4,1,3
202300014302,2023-08-11 22:25:00,2023,8,11,22,25,69,69389,107 Rue Marietton,45.77589,4.79544,Nuit avec éclairage allumé,En agglomération,Intersection en Y,Normale,Deux véhicules - côté,4,2,2,0,1,1,1,0,1,30,2,2,1,0,1,0,29.0,36.0,voiture,deux_roues,5,2,4,1,3
202300014303,2023-11-20 00:30:00,2023,11,20,0,30,69,69388,Rue de Narvik,45.72928,4.88517,Nuit avec éclairage allumé,En agglomération,Intersection en T,Normale,Autre collision,4,2,2,0,1,1,1,0,4,30,1,1,0,0,1,0,20.0,,voiture,,5,2,3,1,6
202300014304,2023-07-07 07:20:00,2023,7,7,7,20,95,95018,A15,48.95758,2.27564,Plein jour,Hors agglomération,Hors intersection,Normale,Trois véhicules et plus - en chaîne,1,3,8,0,2,1,1,0,1,110,3,3,2,0,0,1,32.0,81.0,voiture,voiture,1,1,1,1,4
202300014305,2023-06-03 01:50:00,2023,6,3,1,50,66,66137,,42.471653,2.863183,Nuit sans éclairage public,Hors agglomération,Hors intersection,Normale,Trois véhicules et plus - collisions multiples,1,1,3,0,2,1,1,0,1,110,4,9,5,0,0,4,58.0,24.0,voiture,voiture,3,1,1,1,5
202300014306,2023-11-20 14:15:00,2023,11,20,14,15,69,69034,74 Avenue Général de Gaulle,45.808,4.85613,Plein jour,En agglomération,Hors intersection,Normale,Autre collision,4,2,2,0,1,1,1,0,1,50,1,2,1,0,0,1,22.0,,voiture,,1,2,1,1,6
202300014307,2023-08-11 12:00:00,2023,8,11,12,0,69,69202,112 Route de la Libération,45.72293885,4.78023247,Plein jour,Hors agglomération,Intersection en T,Normale,Deux véhicules - arrière,7,2,2,0,1,1,1,0,1,50,2,3,2,0,0,1,58.0,31.0,voiture,voiture,1,1,3,1,2
202300014307,2023-08-11 12:00:00,2023,8,11,12,0,69,69202,112 Route de la Libération,45.72293885,4.78023247,Plein jour,Hors agglomération,Intersection en T,Normale,Deux véhicules - arrière,7,4,3,1,2,1,1,0,1,50,2,3,2,0,0,1,58.0,31.0,voiture,voiture,1,1,3,1,2
202300014308,2023-07-06 22:35:00,2023,7,6,22,35,93,93006,AUTOROUTE A3,48.86575,2.42124,Nuit sans éclairage public,Hors agglomération,Hors intersection,Normale,Deux véhicules - côté,1,3,4,0,2,1,1,0,1,90,2,2,1,0,0,1,31.0,24.0,deux_roues,voiture,3,1,1,1,3
202300014309,2023-07-06 14:30:00,2023,7,6,14,30,95,95500,A15,49.03831,2.087934,Plein jour,Hors agglomération,Hors intersection,Normale,Sans collision,1,1,2,0,2,1,1,0,1,70,1,1,0,0,0,1,58.0,,voiture,,1,1,1,1,7
202300014310,2023-06-02 18:15:00,2023,6,2,18,15,67,67317,31 Rue Principale,48.305995,7.339709,Plein jour,En agglomération,Intersection en T,Normale,Autre collision,3,2,2,0,2,1,1,0,1,30,1,2,1,0,0,1,37.0,,voiture,,1,2,3,1,6
202300014310,2023-06-02 18:15:00,2023,6,2,18,15,67,67317,31 Rue Principale,48.305995,7.339709,Plein jour,En agglomération,Intersection en T,Normale,Autre collision,3,2, -1,-1,2,1,1,0,1,30,1,2,1,0,0,1,37.0,,voiture,,1,2,3,1,6
202300014311,2023-11-20 16:40:00,2023,11,20,16,40,2A,2A004,NAPOLEON COURS AVANT BEVERINI,41.92108,8.73734,Plein jour,En agglomération,Intersection en X,Normale,Deux véhicules - côté,2,2,2,0,1,1,1,0,1,30,2,2,1,0,0,1,26.0,48.0,voiture,deux_roues,1,2,2,1,3
202300014311,2023-11-20 16:40:00,2023,11,20,16,40,2A,2A004,NAPOLEON COURS AVANT BEVERINI,41.92108,8.73734,Plein jour,En agglomération,Intersection en X,Normale,Deux véhicules - côté,2,-1,2,0,2,1,1,0,1,30,2,2,1,0,0,1,26.0,48.0,voiture,deux_roues,1,2,2,1,3
202300014312,2023-08-11 08:40:00,2023,8,11,8,40,69,69149,133 Avenue de l'Aqueduc de Beaunant,45.72437,4.78063,Plein jour,En agglomération,Intersection en X,Normale,Deux véhicules - côté,7,2,3,2,1,1,1,0,1,50,2,2,1,0,0,1,40.0,30.0,voiture,voiture,1,2,2,1,3
202300014312,2023-08-11 08:40:00,2023,8,11,8,40,69,69149,133 Avenue de l'Aqueduc de Beaunant,45.72437,4.78063,Plein jour,En agglomération,Intersection en X,Normale,Deux véhicules - côté,7,2,3,1,1,1,1,0,1,50,2,2,1,0,0,1,40.0,30.0,voiture,voiture,1,2,2,1,3
202300014313,2023-06-02 12:10:00,2023,6,2,12,10,974,97412,Rue Jean de Cambiaire,-21.35956763,55.5965656,Plein jour,Hors agglomération,Hors intersection,Pluie légère,Autre collision,3,2,2,0,1,3,2,0,1,80,1,1,0,0,0,1,32.0,,deux_roues,,1,1,1,2,6
202300014314,2023-07-06 05:15:00,2023,7,6,5,15,93,93066,AUTOROUTE A1,48.92705786,2.35713065,Plein jour,Hors agglomération,Hors intersection,Normale,Autre collision,1,3,3,0,3,3,1,2,1,90,1,1,0,0,0,1,35.0,,voiture,,1,1,1,1,6