accident_id,datetime,annee,mois,jour,heure,minute,departement,commune_insee,adresse,latitude,longitude,luminosite,agglomeration,intersection,meteo,collision,catr,circ,nbv,vosp,prof,plan,surf,infra,situ,vma,nb_vehicules,nb_usagers,nb_indemnes,nb_tues,nb_blesses_hosp,nb_blesses_legers,age_cond_1,age_cond_2,veh_type_cond_1,veh_type_cond_2,lum_code,agg_code,int_code,atm_code,col_code
202300014382,2023-03-17 21:45:00,2023,3,17,21,45,93,93029,Rue Fernand Péna,48.91526101,2.43200451,Nuit avec éclairage allumé,En agglomération,Hors intersection,Normale,Autre collision,4,2,2,0,1,1,2,0,1,50,1,2,1,0,1,0,45.0,,voiture,,5,2,1,1,6
202300014383,2023-08-11 00:45:00,2023,8,11,0,45,69,69275,Chemin des Pépinières,45.78295,4.95388,Nuit sans éclairage public,En agglomération,Giratoire,Normale,Autre collision,4,1,2,0,1,3,1,0,1,50,1,1,0,0,0,1,45.0,,voiture,,3,2,6,1,6
202300014383,2023-08-11 00:45:00,2023,8,11,0,45,69,69275,Chemin des Pépinières,45.78295,4.95388,Nuit sans éclairage public,En agglomération,Giratoire,Normale,Autre collision,4,2,2,0,2,2,1,9,1,50,1,1,0,0,0,1,45.0,,voiture,,3,2,6,1,6
202300014384,2023-07-06 08:00:00,2023,7,6,8,0,2A,2A004,SEBASTIANU COSTA BD,41.941765,8.748614,Plein jour,En agglomération,Hors intersection,Normale,Autre collision,4,1,2,3,1,1,1,0,1,50,1,2,0,0,0,2,68.0,,voiture,,1,2,1,1,6
202300014385,2023-03-17 22:15:00,2023,3,17,22,15,93,93008,Rue de Paris,48.90196515,2.46003896,Nuit avec éclairage allumé,En agglomération,Autre intersection,Pluie légère,Deux véhicules - côté,3,3,4,3,1,1,2,0,1,50,2,2,1,0,0,1,23.0,46.0,deux_roues,voiture,5,2,9,2,3
202300014386,2023-11-19 07:10:00,2023,11,19,7,10,76,76351,GRAVILLE (BD DE),49.49048,0.14934,Nuit avec éclairage allumé,En agglomération,Hors intersection,Normale,Deux véhicules - arrière,4,2,4,1,1,1,1,0,1,50,2,2,1,0,0,1,22.0,19.0,voiture,voiture,5,2,1,1,2
202300014387,2023-07-05 12:00:00,2023,7,5,12,0,95,95427,JEAN MERMOZ (RUE),48.97411,2.34014,Plein jour,En agglomération,Hors intersection,Normale,Autre collision,4,1,1,0,1,1,1,0,1,50,1,2,0,0,0,2,40.0,,deux_roues,,1,2,1,1,6
202300014388,2023-06-03 01:40:00,2023,6,3,1,40,58,58223,Grandchamp,47.041612,3.571281,Nuit sans éclairage public,Hors agglomération,Hors intersection,Normale,Deux véhicules - côté,3,2,2,0,1,1,1,0,1,90,2,3,1,0,0,2,24.0,19.0,voiture,voiture,3,1,1,1,3
202300014389,2023-08-11 03:00:00,2023,8,11,3,0,69,69199,Place Georges Girardet,45.70562807,4.85322862,Nuit avec éclairage allumé,En agglomération,Hors intersection,Normale,Deux véhicules - frontale,4,2,2,0,2,1,1,0,4,50,2,4,3,0,0,1,20.0,,voiture,voiture,5,2,1,1,1
202300014390,2023-03-16 18:00:00,2023,3,16,18,0,92,92050,CLEMENCEAU GEORGES AVENUE N° PAIR,48.8853339,2.22361028,Plein jour,En agglomération,Hors intersection,Normale,Autre collision,3,1,3,2,1,1,1,0,1,50,1,2,1,0,0,1,37.0,,deux_roues,,1,2,1,1,6
202300014391,2023-07-06 11:30:00,2023,7,6,11,30,95,95510,N14,49.05835025,2.00296909,Plein jour,Hors agglomération,Hors intersection,Normale,Autre collision,2,1,1,0,2,3,1,0,1,50,1,4,0,0,1,3,17.0,,voiture,,1,1,1,1,6
202300014392,2023-03-17 15:45:00,2023,3,17,15,45,92,92049,GAMBETTA AVENUE LEON N° IMPAIRS,48.81434236,2.3210831,Plein jour,En agglomération,Hors intersection,Normale,Sans collision,3,2,2,0,1,1,1,0,1,30,1,1,0,0,0,1,17.0,,deux_roues,,1,2,1,1,7
202300014393,2023-08-10 14:58:00,2023,8,10,14,58,68,68224,WALLACH (BOULEVARD ALFRED),47.74007,7.34143,Plein jour,En agglomération,Hors intersection,Normale,Deux véhicules - côté,4,2,2,0,1,1,1,0,1,50,2,2,1,1,0,0,45.0,60.0,voiture,deux_roues,1,2,1,1,3
202300014394,2023-11-20 08:48:00,2023,11,20,8,48,74,74281,CONTOURNEMENT,46.36166,6.49074,Plein jour,Hors agglomération,Hors intersection,Normale,Trois véhicules et plus - en chaîne,3,1,2,0,1,1,1,0,1,90,3,3,1,0,0,2,65.0,44.0,voiture,voiture,1,1,1,1,4
202300014395,2023-03-17 15:55:00,2023,3,17,15,55,92,92040,GAMBETTA (BOULEVARD),48.82731,2.27786,Plein jour,En agglomération,Hors intersection,Normale,Deux véhicules - arrière,3,2,2,2,1,1,1,0,1,30,2,2,1,0,0,1,26.0,73.0,utilitaire_camion,voiture,1,2,1,1,2
202300014396,2023-06-03 07:40:00,2023,6,3,7,40,14,14371,2780 Route de Saint-Pierre-en-Auge,48.993777,0.11838,Plein jour,Hors agglomération,Hors intersection,Normale,Sans collision,3,2,2,0,2,2,1,0,3,80,1,3,0,0,2,1,20.0,,voiture,,1,1,1,1,7
202300014397,2023-08-07 19:42:00,2023,8,7,19,42,68,68066,MULHOUSE (RUE DE),48.07066,7.3411,Plein jour,En agglomération,Autre intersection,Normale,Deux véhicules - frontale,4,2,2,0,1,1,1,0,1,50,2,2,1,0,1,0,30.0,59.0,voiture,transport_commun,1,2,9,1,1
202300014398,2023-03-16 12:08:00,2023,3,16,12,8,92,92036,INDUSTRIE (RUE DEL'),48.932049,2.310725,Plein jour,En agglomération,Hors intersection,Normale,Autre collision,4,2,2,0,1,1,1,0,1,50,2,2,1,0,0,1,24.0,55.0,voiture,deux_roues,1,2,1,1,6
202300014399,2023-11-19 16:04:00,2023,11,19,16,4,72,72181,Robert Jarry (Bd),47.998,0.189,Plein jour,En agglomération,Autre intersection,Normale,Deux véhicules - côté,4,1,2,0,1,2,1,5,1,50,2,2,1,0,0,1,47.0,16.0,voiture,deux_roues,1,2,9,1,3
202300014400,2023-07-05 19:10:00,2023,7,5,19,10,87,87050,BUXEROLLES (ROUTE DE),45.87684,1.24366,Plein jour,En agglomération,Hors intersection,Normale,Deux véhicules - arrière,4,2,2,0,1,1,1,0,1,50,2,2,1,0,0,1,66.0,55.0,deux_roues,voiture,1,2,1,1,2
202300014401,2023-08-11 13:30:00,2023,8,11,13,30,67,67482,RHIN (AVENUE DU),48.57271,7.75994,Plein jour,En agglomération,Hors intersection,Normale,Deux véhicules - arrière,4,3,4,1,1,1,1,0,1,50,2,2,1,0,0,1,25.0,28.0,voiture,voiture,1,2,1,1,2
202300014402,2023-06-01 16:40:00,2023,6,1,16,40,14,14456,Route des Pédouze,49.122192,-0.131487,Plein jour,Hors agglomération,Intersection en T,Normale,Deux véhicules - frontale,3,2,2,0,2,1,1,0,1,90,2,2,0,0,0,2,27.0,77.0,utilitaire_camion,voiture,1,1,3,1,1
202300014402,2023-06-01 16:40:00,2023,6,1,16,40,14,14456,Route des Pédouze,49.122192,-0.131487,Plein jour,Hors agglomération,Intersection en T,Normale,Deux véhicules - frontale,3,4,2,0,1,1,1,0,1,30,2,2,0,0,0,2,27.0,77.0,utilitaire_camion,voiture,1,1,3,1,1
202300014403,2023-07-06 17:10:00,2023,7,6,17,10,85,85191,AQUITAINE AVENUE ALIENOR D' (SECTEUR 310,46.68675,-1.42996,Plein jour,En agglomération,Hors intersection,Normale,Deux véhicules - arrière,3,2,4,1,1,1,1,0,1,50,2,2,1,0,1,0,29.0,35.0,deux_roues,voiture,1,2,1,1,2
202300014404,2023-03-15 21:10:00,2023,3,15,21,10,92,92025,GENERAL LECLERC (PLACE DU),48.922682,2.252581,Nuit avec éclairage allumé,En agglomération,Intersection en T,Normale,Deux véhicules - côté,3,1,1,0,1,1,1,0,1,30,2,2,1,0,0,1,37.0,19.0,utilitaire_camion,deux_roues,5,2,3,1,3
202300014404,2023-03-15 21:10:00,2023,3,15,21,10,92,92025,GENERAL LECLERC (PLACE DU),48.922682,2.252581,Nuit avec éclairage allumé,En agglomération,Intersection en T,Normale,Deux véhicules - côté,3,2,2,0,1,1,1,0,1,30,2,2,1,0,0,1,37.0,19.0,utilitaire_camion,deux_roues,5,2,3,1,3
202300014405,2023-11-20 09:35:00,2023,11,20,9,35,69,69271,72 Avenue du Progrès,45.72996423,4.96370385,Crépuscule ou aube,En agglomération,Hors intersection,Brouillard / fumée,Deux véhicules - côté,4,2,2,2,1,1,1,0,5,50,2,2,1,0,0,1,38.0,42.0,utilitaire_camion,deux_roues,2,2,1,5,3
202300014406,2023-08-11 14:55:00,2023,8,11,14,55,67,67180,DEPUTE HALLEZ (CHEMIN DU),48.79633,7.77023,Plein jour,En agglomération,Autre intersection,Normale,Deux véhicules - côté,4,2,2,0,1,1,1,0,1,50,2,2,1,0,1,0,21.0,16.0,voiture,deux_roues,1,2,9,1,3
202300014407,2023-03-17 23:25:00,2023,3,17,23,25,92,92024,GEORGES COURTELINE (RUE),48.904657,2.30963141,Nuit avec éclairage allumé,En agglomération,Intersection en T,Pluie légère,Sans collision,3,1,1,0,1,1,2,0,1,30,1,1,0,0,0,1,33.0,,deux_roues,,5,2,3,2,7
202300014407,2023-03-17 23:25:00,2023,3,17,23,25,92,92024,GEORGES COURTELINE (RUE),48.904657,2.30963141,Nuit avec éclairage allumé,En agglomération,Intersection en T,Pluie légère,Sans collision,3,1,1,0,1,1,2,0,8,30,1,1,0,0,0,1,33.0,,deux_roues,,5,2,3,2,7
202300014408,2023-08-09 08:40:00,2023,8,9,8,40,64,64445,CATHERINE DE BOURBON,43.32499,-0.35727,Plein jour,En agglomération,Hors intersection,Normale,Deux véhicules - côté,4,2,2,0,1,1,1,0,1,50,2,2,1,0,0,1,43.0,51.0,voiture,voiture,1,2,1,1,3
202300014409,2023-07-06 22:30:00,2023,7,6,22,30,83,83137,LECLERC (AVE GENERAL),43.1257,5.92832,Nuit avec éclairage allumé,En agglomération,Hors intersection,Temps couvert,Trois véhicules et plus - collisions multiples,4,2,6,3,1,1,1,0,1,50,3,3,2,0,0,1,31.0,61.0,deux_roues,voiture,5,2,1,8,5
202300014410,2023-06-02 17:10:00,2023,6,2,17,10,50,50074,Rue des Pélerins,48.726345,-1.192167,Plein jour,Hors agglomération,Intersection en Y,Normale,Deux véhicules - côté,3,2,2,0,4,1,1,5,1,-1,2,2,1,0,0,1,23.0,58.0,deux_roues,utilitaire_camion,1,1,4,1,3
202300014410,2023-06-02 17:10:00,2023,6,2,17,10,50,50074,Rue des Pélerins,48.726345,-1.192167,Plein jour,Hors agglomération,Intersection en Y,Normale,Deux véhicules - côté,3,2, -1,-1,1,2,1,0,1,-1,2,2,1,0,0,1,23.0,58.0,deux_roues,utilitaire_camion,1,1,4,1,3
202300014411,2023-03-17 10:25:00,2023,3,17,10,25,92,92012,POINT DU JOUR (QUAI DU),48.8316,2.25824,Plein jour,En agglomération,Hors intersection,Normale,Deux véhicules - frontale,3,-1,1,2,2,1,1,0,1,50,2,2,1,0,0,1,35.0,58.0,deux_roues,deux_roues,1,2,1,1,1
202300014412,2023-11-20 10:15:00,2023,11,20,10,15,64,64445,ALSACE LORRAINE D',43.3055,-0.37455,Plein jour,En agglomération,Intersection en X,Normale,Deux véhicules - côté,4,2,2,0,1,1,1,0,1,50,2,2,1,0,0,1,38.0,54.0,voiture,deux_roues,1,2,2,1,3
202300014412,2023-11-20 10:15:00,2023,11,20,10,15,64,64445,ALSACE LORRAINE D',43.3055,-0.37455,Plein jour,En agglomération,Intersection en X,Normale,Deux véhicules - côté,4,2, -1,-1,1,1,1,0,1,-1,2,2,1,0,0,1,38.0,54.0,voiture,deux_roues,1,2,2,1,3
202300014413,2023-08-11 15:15:00,2023,8,11,15,15,64,64102,PLANTOUN (AVENUE),43.49502,-1.45746,Plein jour,En agglomération,Hors intersection,Normale,Deux véhicules - arrière,4,2,2,1,1,1,1,0,1,30,2,2,0,0,0,2,24.0,62.0,deux_roues,deux_roues,1,2,1,1,2
202300014414,2023-03-17 19:40:00,2023,3,17,19,40,92,92002,ADOLPHE PAJEAUD (RUE),48.741586,2.28433415,Nuit avec éclairage allumé,En agglomération,Giratoire,Pluie forte,Deux véhicules - côté,3,-1,1,0,1,1,2,5,1,50,2,2,1,0,0,1,25.0,47.0,deux_roues,voiture,5,2,6,3,3
202300014414,2023-03-17 19:40:00,2023,3,17,19,40,92,92002,ADOLPHE PAJEAUD (RUE),48.741586,2.28433415,Nuit avec éclairage allumé,En agglomération,Giratoire,Pluie forte,Deux véhicules - côté,3,-1,1,0,1,1,2,0,1,50,2,2,1,0,0,1,25.0,47.0,deux_roues,voiture,5,2,6,3,3
202300014415,2023-07-01 02:38:00,2023,7,1,2,38,83,83098,PLAINES (CHEMIN DES),43.113991,6.036872,Nuit sans éclairage public,Hors agglomération,Hors intersection,Normale,Autre collision,4,2,1,0,1,1,1,0,3,50,1,1,0,1,0,0,58.0,,deux_roues,,3,1,1,1,6
202300014416,2023-06-02 19:00:00,2023,6,2,19,0,90,90065,Route du Ballon d?Alsace,47.798368,6.839397,Plein jour,Hors agglomération,Hors intersection,Normale,Sans collision,3,2,2,0,2,3,1,2,8,80,1,1,0,0,1,0,30.0,,deux_roues,,1,1,1,1,7
202300014417,2023-11-19 14:55:00,2023,11,19,14,55,64,64269,D817,43.30786,-0.30769,Plein jour,En agglomération,Giratoire,Temps éblouissant,Sans collision,3,2,2,0,1,2,8,0,1,50,1,2,0,0,0,2,60.0,,deux_roues,,1,2,6,7,7
202300014418,2023-03-17 12:45:00,2023,3,17,12,45,24,24463,Lieu dit les  fourches,45.347093,1.085908,Plein jour,Hors agglomération,Hors intersection,Normale,Deux véhicules - frontale,4,2,1,0,1,1,1,0,1,-1,2,2,1,0,0,1,56.0,17.0,voiture,deux_roues,1,1,1,1,1
202300014419,2023-07-31 22:33:00,2023,7,31,22,33,63,63014,MARGERIDE (AVENUE DE LA),45.75973,3.12294,Nuit avec éclairage allumé,En agglomération,Intersection en X,Normale,Trois véhicules et plus - en chaîne,7,3,4,1,1,1,1,0,1,50,3,4,3,0,0,1,27.0,61.0,voiture,voiture,5,2,2,1,4
202300014419,2023-07-31 22:33:00,2023,7,31,22,33,63,63014,MARGERIDE (AVENUE DE LA),45.75973,3.12294,Nuit avec éclairage allumé,En agglomération,Intersection en X,Normale,Trois véhicules et plus - en chaîne,7,2,2,0,1,1,1,5,1,30,3,4,3,0,0,1,27.0,61.0,voiture,voiture,5,2,2,1,4
202300014420,2023-06-01 07:40:00,2023,6,1,7,40,60,60044,Rue du Général Leclerc,49.300669,2.332385,Plein jour,En agglomération,Hors intersection,Normale,Autre collision,3,2,2,0,1,1,1,0,1,50,1,2,1,0,0,1,45.0,,voiture,,1,2,1,1,6
202300014421,2023-06-03 23:25:00,2023,6,3,23,25,83,83069,GAMBETTA (AVENUE),43.11803021,6.12859172,Nuit avec éclairage allumé,En agglomération,Hors intersection,Normale,Sans collision,4,2,2,0,1,1,1,5,1,50,2,2,0,0,0,1,,15.0,deux_roues,deux_roues,5,2,1,1,7
202300014422,2023-11-18 18:15:00,2023,11,18,18,15,64,64125,BIARRITZ (AVENUE DE),43.4539,-1.57371,Nuit sans éclairage public,En agglomération,Autre intersection,Normale,Deux véhicules - arrière,3,2,2,0,2,1,1,0,1,50,2,2,1,0,0,1,72.0,28.0,voiture,deux_roues,3,2,9,1,2
202300014423,2023-02-22 19:00:00,2023,2,22,19,0,95,95313,A16,49.11835546,2.25256335,Nuit sans éclairage public,Hors agglomération,Hors intersection,Pluie légère,Deux véhicules - côté,1,3,4,0,1,1,2,0,3,110,2,2,1,0,0,1,,19.0,voiture,voiture,3,1,1,2,3
202300014424,2023-08-11 08:35:00,2023,8,11,8,35,63,63113,Jean Bapt Dumas / Blanzat,45.78714535,3.08465034,Plein jour,En agglomération,Intersection en X,Normale,Autre collision,4,2,2,0,1,1,1,0,1,30,1,2,1,0,0,1,33.0,,voiture,,1,2,2,1,6
202300014424,2023-08-11 08:35:00,2023,8,11,8,35,63,63113,Jean Bapt Dumas / Blanzat,45.78714535,3.08465034,Plein jour,En agglomération,Intersection en X,Normale,Autre collision,4,2,3,0,1,1,1,0,1,50,1,2,1,0,0,1,33.0,,voiture,,1,2,2,1,6
202300014425,2023-08-11 09:10:00,2023,8,11,9,10,60,60057,,49.4421777,2.09380209,Plein jour,En agglomération,Autre intersection,Normale,Deux véhicules - côté,6,-1, -1,0,1,1,1,9,8,30,2,2,1,0,0,1,58.0,65.0,deux_roues,voiture,1,2,9,1,3
202300014426,2023-11-20 12:25:00,2023,11,20,12,25,64,64024,PLAGES (BOULEVARD DES),43.5088,-1.53137,Plein jour,En agglomération,Hors intersection,Pluie légère,Deux véhicules - côté,4,2,2,0,1,1,2,0,1,50,2,2,1,0,0,1,73.0,55.0,voiture,transport_commun,1,2,1,2,3
202300014427,2023-03-16 07:40:00,2023,3,16,7,40,37,37188,D109,47.062025,0.559831,Crépuscule ou aube,Hors agglomération,Giratoire,Normale,Deux véhicules - côté,3,1,1,0,1,2,1,5,1,80,2,2,1,0,0,1,46.0,45.0,deux_roues,voiture,2,1,6,1,3
202300014428,2023-06-03 07:14:00,2023,6,3,7,14,45,45195,1 Route d’Athouas,48.104537,2.188092,Plein jour,En agglomération,Intersection en Y,Normale,Deux véhicules - côté,3,-1,2,0,1,1,1,0,1,50,2,2,1,0,1,0,47.0,17.0,voiture,deux_roues,1,2,4,1,3
202300014428,2023-06-03 07:14:00,2023,6,3,7,14,45,45195,1 Route d’Athouas,48.104537,2.188092,Plein jour,En agglomération,Intersection en Y,Normale,Deux véhicules - côté,3,-1,2,0,1,1,1,0,1,50,2,2,1,0,1,0,47.0,17.0,voiture,deux_roues,1,2,4,1,3
202300014429,2023-07-04 16:10:00,2023,7,4,16,10,78,78361,RUE NATIONALE,48.997495,1.668901,Plein jour,Hors agglomération,Hors intersection,Normale,Deux véhicules - frontale,3,2,2,0,1,1,1,0,1,50,2,3,0,0,3,0,71.0,64.0,voiture,voiture,1,1,1,1,1
202300014430,2023-03-09 11:44:00,2023,3,9,11,44,86,86153,Route de Bouresse,46.404827,0.695781,Plein jour,En agglomération,Hors intersection,Normale,Sans collision,3,2,2,0,4,1,1,0,4,50,1,1,0,0,0,1,14.0,,deux_roues,,1,2,1,1,7
202300014431,2023-08-11 08:12:00,2023,8,11,8,12,59,59350,SAINT SEBASTIEN RUE,50.64731316,3.05984025,Plein jour,En agglomération,Intersection en T,Normale,Autre collision,4,1, -1,0,1,1,1,9,1,30,1,2,1,0,0,1,24.0,,voiture,,1,2,3,1,6
202300014431,2023-08-11 08:12:00,2023,8,11,8,12,59,59350,SAINT SEBASTIEN RUE,50.64731316,3.05984025,Plein jour,En agglomération,Intersection en T,Normale,Autre collision,4,1,1,0,1,1,1,9,1,30,1,2,1,0,0,1,24.0,,voiture,,1,2,3,1,6
202300014432,2023-03-18 10:00:00,2023,3,18,10,0,38,38199,Route de Bérardier,45.507482,4.921092,Plein jour,Hors agglomération,Hors intersection,Normale,Autre collision,3,2,2,0,1,2,1,2,3,70,1,2,0,0,2,0,16.0,,deux_roues,,1,1,1,1,6
202300014433,2023-11-20 09:20:00,2023,11,20,9,20,62,62895,D165,50.48758,2.86511,Plein jour,Hors agglomération,Hors intersection,Normale,Trois véhicules et plus - en chaîne,3,3,2,0,1,1,2,0,1,80,3,3,0,0,2,1,25.0,50.0,utilitaire_camion,voiture,1,1,1,1,4
202300014434,2023-08-10 08:40:00,2023,8,10,8,40,56,56121,ROBELIN (RUE),47.74164,-3.38179,Plein jour,En agglomération,Hors intersection,Normale,Trois véhicules et plus - collisions multiples,4,1,1,0,1,1,1,0,1,30,3,3,2,0,0,1,60.0,48.0,voiture,utilitaire_camion,1,2,1,1,5
202300014435,2023-03-18 09:55:00,2023,3,18,9,55,95,95487,Avenue Jacques Vogt,49.154079,2.270324,Plein jour,En agglomération,Hors intersection,Temps éblouissant,Autre collision,3,2,2,0,1,1,1,0,1,50,1,2,1,0,0,1,74.0,,voiture,,1,2,1,7,6
202300014436,2023-05-15 14:00:00,2023,5,15,14,0,73,73255,Rue de la Crouze / Rte des Grands Prés,45.346958,6.303084,Plein jour,Hors agglomération,Intersection en T,Normale,Deux véhicules - côté,4,2,3,0,2,2,1,5,1,-1,2,2,1,0,1,0,23.0,56.0,deux_roues,voiture,1,1,3,1,3
202300014436,2023-05-15 14:00:00,2023,5,15,14,0,73,73255,Rue de la Crouze / Rte des Grands Prés,45.346958,6.303084,Plein jour,Hors agglomération,Intersection en T,Normale,Deux véhicules - côté,4,2,2,0,1,1,1,0,1,-1,2,2,1,0,1,0,23.0,56.0,deux_roues,voiture,1,1,3,1,3
202300014437,2023-11-16 11:50:00,2023,11,16,11,50,62,62427,Chemin de Noyelles,50.40106055,2.97791255,Plein jour,En agglomération,Autre intersection,Pluie légère,Deux véhicules - côté,4,2,2,0,1,4,2,9,1,50,2,3,0,0,0,3,41.0,40.0,voiture,voiture,1,2,9,2,3
202300014438,2023-08-10 11:15:00,2023,8,10,11,15,54,54578,Avenue Paul Muller,48.66684,6.14588,Plein jour,En agglomération,Hors intersection,Normale,Deux véhicules - frontale,4,2,3,0,2,1,1,0,1,70,2,3,2,0,0,1,58.0,37.0,voiture,utilitaire_camion,1,2,1,1,1
202300014439,2023-03-18 10:30:00,2023,3,18,10,30,68,68143,27 Rue du Général De Gaulle,48.110501,7.42318,Plein jour,En agglomération,Hors intersection,Normale,Autre collision,3,2,2,0,1,1,1,0,1,50,1,2,1,0,1,0,77.0,,voiture,,1,2,1,1,6
202300014440,2023-08-10 08:40:00,2023,8,10,8,40,54,54184,Avenue de Saulxures,48.70546,6.2455,Plein jour,En agglomération,Hors intersection,Normale,Autre collision,4,2,2,0,1,1,1,0,1,50,1,2,1,0,0,1,72.0,,voiture,,1,2,1,1,6
202300014441,2023-07-06 18:15:00,2023,7,6,18,15,77,77479,CHE DU GUE DE LAUNAY,48.87688405,2.64914598,Plein jour,Hors agglomération,Intersection en T,Normale,Deux véhicules - côté,4,2,2,0,1,1,1,0,1,50,2,2,1,0,1,0,26.0,41.0,voiture,deux_roues,1,1,3,1,3
202300014441,2023-07-06 18:15:00,2023,7,6,18,15,77,77479,CHE DU GUE DE LAUNAY,48.87688405,2.64914598,Plein jour,Hors agglomération,Intersection en T,Normale,Deux véhicules - côté,4,2,2,0,1,1,1,0,1,50,2,2,1,0,1,0,26.0,41.0,voiture,deux_roues,1,1,3,1,3
202300014442,2023-11-20 08:00:00,2023,11,20,8,0,62,62193,Avenue Yervant Toumaniantz,50.95335,1.88857,Plein jour,En agglomération,Hors intersection,Pluie forte,Deux véhicules - frontale,4,1,2,1,1,1,2,6,1,30,2,2,1,0,0,1,20.0,12.0,utilitaire_camion,deux_roues,1,2,1,3,1
202300014443,2023-06-02 21:40:00,2023,6,2,21,40,10,10268,D919,48.494455,3.523425,Plein jour,Hors agglomération,Autre intersection,Normale,Autre collision,4,1,2,0,2,3,1,0,3,80,1,4,0,1,2,1,19.0,,voiture,,1,1,9,1,6
202300014444,2023-03-14 14:30:00,2023,3,14,14,30,26,26353,Autoroute A7 Péage Montélimar-Nord (Embranchement d'autoroute),44.669454,4.795071,Plein jour,Hors agglomération,Hors intersection,Normale,Sans collision,1,3,4,0,1,1,1,7,8,70,1,2,1,0,0,1,80.0,,voiture,,1,1,1,1,7
202300014445,2023-08-11 03:40:00,2023,8,11,3,40,50,50129,LUCET (RUE),49.62396,-1.61593,Nuit avec éclairage allumé,En agglomération,Hors intersection,Normale,Autre collision,4,2,2,0,2,2,1,0,1,50,1,1,0,0,0,1,20.0,,voiture,,5,2,1,1,6
202300014446,2023-03-18 00:12:00,2023,3,18,0,12,62,62579,D35,50.183219,2.669549,Nuit sans éclairage public,Hors agglomération,Hors intersection,Pluie légère,Autre collision,3,2,2,0,1,1,2,0,3,80,1,1,0,1,0,0,30.0,,voiture,,3,1,1,2,6
202300014447,2023-11-20 08:00:00,2023,11,20,8,0,61,61001,D438,48.43418,0.09402,Plein jour,En agglomération,Giratoire,Normale,Deux véhicules - côté,3,2,2,2,1,2,1,0,1,50,2,2,0,0,0,2,26.0,52.0,voiture,utilitaire_camion,1,2,6,1,3
202300014447,2023-11-20 08:00:00,2023,11,20,8,0,61,61001,D438,48.43418,0.09402,Plein jour,En agglomération,Giratoire,Normale,Deux véhicules - côté,3,2, -1,0,1,3,1,0,1,30,2,2,0,0,0,2,26.0,52.0,voiture,utilitaire_camion,1,2,6,1,3
202300014448,2023-06-02 17:20:00,2023,6,2,17,20,07,07089,175 Chemin Rural de Font Aube,45.306809,4.740381,Plein jour,Hors agglomération,Hors intersection,Normale,Autre collision,4,2,2,0,3,1,1,0,1,30,1,1,0,0,1,0,16.0,,voiture,,1,1,1,1,6
202300014449,2023-08-10 12:45:00,2023,8,10,12,45,49,49099,VIEILLE ROUTE DU MAY,47.09279,-0.84421,Plein jour,Hors agglomération,Hors intersection,Normale,Deux véhicules - côté,4,2,2,0,1,1,1,0,1,70,2,2,1,0,0,1,19.0,47.0,voiture,deux_roues,1,1,1,1,3
202300014450,2023-07-06 09:45:00,2023,7,6,9,45,76,76540,Boulevard de l'Europe,49.42816,1.081,Plein jour,En agglomération,Intersection en X,Normale,Deux véhicules - côté,4,2,4,3,1,1,1,-1,1,50,2,2,1,0,0,1,38.0,45.0,utilitaire_camion,voiture,1,2,2,1,3
202300014451,2023-03-18 15:14:00,2023,3,18,15,14,51,51386,D375,48.806242,3.53852,Plein jour,Hors agglomération,Hors intersection,Normale,Sans collision,3,2,2,0,2,2,1,0,3,80,1,1,0,0,1,0,46.0,,deux_roues,,1,1,1,1,7
202300014452,2023-08-10 15:35:00,2023,8,10,15,35,49,49353,PARMENTIER,47.452371,-0.514011,Plein jour,En agglomération,Hors intersection,Normale,Sans collision,4,2,2,0,1,1,1,0,1,50,2,2,1,0,0,1,45.0,38.0,utilitaire_camion,deux_roues,1,2,1,1,7
202300014453,2023-01-15 00:50:00,2023,1,15,0,50,78,78291,D113,48.964385,1.760044,Nuit sans éclairage public,Hors agglomération,Hors intersection,Pluie légère,Autre collision,3,2,2,0,1,1,2,0,1,80,1,1,0,0,1,0,29.0,,voiture,,3,1,1,2,6
202300014454,2023-06-02 18:20:00,2023,6,2,18,20,30,30276,,43.607999,4.193591,Plein jour,Hors agglomération,Hors intersection,Normale,Autre collision,3,3,0,0,1,1,1,2,3,90,1,1,0,1,0,0,74.0,,utilitaire_camion,,1,1,1,1,6
202300014455,2023-03-18 19:45:00,2023,3,18,19,45,79,79277,,47.051485,-0.223042,Nuit sans éclairage public,Hors agglomération,Hors intersection,Normale,Autre collision,3,2,2,0,1,3,2,2,3,80,1,1,0,1,0,0,39.0,,deux_roues,,3,1,1,1,6
202300014456,2023-08-10 13:39:00,2023,8,10,13,39,49,49007,CUL D'ANON CHEMIN,47.47604,-0.51525,Plein jour,En agglomération,Hors intersection,Normale,Sans collision,4,2,2,0,1,1,1,0,1,50,2,2,1,0,0,1,57.0,20.0,utilitaire_camion,deux_roues,1,2,1,1,7
202300014457,2023-07-06 12:05:00,2023,7,6,12,5,74,74012,ETREMBIERES (ROUTE D'),46.18918,6.23298,Plein jour,En agglomération,Hors intersection,Normale,Deux véhicules - arrière,4,2,2,0,2,1,1,0,1,50,2,2,1,0,0,1,36.0,35.0,voiture,voiture,1,2,1,1,2
202300014458,2023-03-17 11:00:00,2023,3,17,11,0,65,65258,Rue des Résistants,43.113852,0.384371,Plein jour,En agglomération,Hors intersection,Temps éblouissant,Autre collision,3,2,2,0,1,1,1,2,1,50,1,2,1,0,1,0,45.0,,utilitaire_camion,,1,2,1,7,6