accident_id,datetime,annee,mois,jour,heure,minute,departement,commune_insee,adresse,latitude,longitude,luminosite,agglomeration,intersection,meteo,collision,catr,circ,nbv,vosp,prof,plan,surf,infra,situ,vma,nb_vehicules,nb_usagers,nb_indemnes,nb_tues,nb_blesses_hosp,nb_blesses_legers,age_cond_1,age_cond_2,veh_type_cond_1,veh_type_cond_2,lum_code,agg_code,int_code,atm_code,col_code
202300014459,2023-08-11 21:40:00,2023,8,11,21,40,37,37050,RD 37,47.33083373,0.67848659,Crépuscule ou aube,Hors agglomération,Hors intersection,Pluie légère,Sans collision,7,3,4,0,1,3,2,0,3,90,1,1,0,0,0,1,28.0,,voiture,,2,1,1,2,7
202300014460,2023-11-19 22:39:00,2023,11,19,22,39,59,59512,DUNKERQUE (QUAI DE),50.7047492,3.16707993,Nuit avec éclairage allumé,Hors agglomération,Hors intersection,Pluie légère,Trois véhicules et plus - collisions multiples,7,1,4,0,1,1,2,0,1,50,5,6,4,0,0,2,39.0,19.0,voiture,voiture,5,1,1,2,5
202300014461,2023-06-03 02:45:00,2023,6,3,2,45,08,08468,2 Pre du Seigneur,49.776927,4.458674,Nuit sans éclairage public,Hors agglomération,Hors intersection,Normale,Autre collision,3,2,2,0,1,1,1,0,3,80,1,1,0,0,1,0,55.0,,voiture,,3,1,1,1,6
202300014462,2023-03-18 15:45:00,2023,3,18,15,45,69,69214,Route du Bancillon,46.003788,4.342212,Plein jour,Hors agglomération,Hors intersection,Normale,Autre collision,3,2,2,0,2,2,1,0,3,80,1,1,0,0,1,0,54.0,,deux_roues,,1,1,1,1,6
202300014463,2023-06-01 14:10:00,2023,6,1,14,10,973,97309,Route de Montjoly,4.91435018,-52.27418125,Plein jour,En agglomération,Hors intersection,Normale,Autre collision,3,2,2,0,1,1,1,0,1,70,1,2,1,0,0,1,49.0,,voiture,,1,2,1,1,6
202300014464,2023-11-21 01:10:00,2023,11,21,1,10,59,59350,ROYALE RUE,50.64212,3.05644,Nuit avec éclairage allumé,En agglomération,Intersection en X,Normale,Autre collision,4,1,1,0,1,1,1,0,1,30,2,2,1,0,1,0,20.0,,deux_roues,voiture,5,2,2,1,6
202300014464,2023-11-21 01:10:00,2023,11,21,1,10,59,59350,ROYALE RUE,50.64212,3.05644,Nuit avec éclairage allumé,En agglomération,Intersection en X,Normale,Autre collision,4,2,2,0,1,1,1,0,1,30,2,2,1,0,1,0,20.0,,deux_roues,voiture,5,2,2,1,6
202300014465,2023-08-11 22:15:00,2023,8,11,22,15,37,37261,ALOUETTE (AVENUE),47.36414,0.7037,Nuit avec éclairage allumé,En agglomération,Intersection en T,Normale,Deux véhicules - côté,4,1,2,0,4,2,1,0,1,50,2,4,2,0,0,2,23.0,19.0,voiture,voiture,5,2,3,1,3
202300014465,2023-08-11 22:15:00,2023,8,11,22,15,37,37261,ALOUETTE (AVENUE),47.36414,0.7037,Nuit avec éclairage allumé,En agglomération,Intersection en T,Normale,Deux véhicules - côté,4,2,4,0,1,1,1,0,1,50,2,4,2,0,0,2,23.0,19.0,voiture,voiture,5,2,3,1,3
202300014466,2023-07-05 17:55:00,2023,7,5,17,55,74,74012,SALEVE (RUE DU),46.19252,6.22877,Plein jour,En agglomération,Hors intersection,Normale,Deux véhicules - côté,4,2,2,0,1,1,1,0,1,50,2,3,2,0,0,1,49.0,32.0,voiture,voiture,1,2,1,1,3
202300014467,2023-08-11 13:45:00,2023,8,11,13,45,37,37261,PREUILLY (BOULEVARD),47.39345,0.67191,Plein jour,En agglomération,Intersection en X,Normale,Deux véhicules - côté,4,2,3,0,1,1,1,5,1,50,2,2,1,0,0,1,55.0,71.0,voiture,deux_roues,1,2,2,1,3
202300014468,2023-03-17 21:00:00,2023,3,17,21,0,49,49248,la peurière,47.760813,-1.202724,Nuit sans éclairage public,Hors agglomération,Hors intersection,Normale,Autre collision,4,2,1,0,1,1,1,0,1,80,1,2,1,0,1,0,25.0,,voiture,,3,1,1,1,6
202300014469,2023-06-03 04:50:00,2023,6,3,4,50,01,01049,autoroute A42,45.8354,5.034758,Nuit sans éclairage public,Hors agglomération,Hors intersection,Normale,Autre collision,1,3,3,0,1,1,1,0,1,130,1,2,1,1,0,0,51.0,,utilitaire_camion,,3,1,1,1,6
202300014470,2023-07-06 14:10:00,2023,7,6,14,10,69,69259,Allée des Savoies,45.7172,4.85963,Plein jour,En agglomération,Hors intersection,Normale,Deux véhicules - frontale,4,1,2,0,1,1,1,0,1,50,2,2,1,0,0,1,41.0,41.0,voiture,voiture,1,2,1,1,1
202300014471,2023-11-17 15:15:00,2023,11,17,15,15,59,59509,MARTYRS DE LA RESISTANCE (AVENUE DES),50.41485,3.10766,Plein jour,En agglomération,Hors intersection,Temps couvert,Trois véhicules et plus - en chaîne,3,2,2,0,1,1,2,0,1,50,3,4,2,0,0,2,74.0,53.0,voiture,voiture,1,2,1,8,4
202300014472,2023-08-11 18:30:00,2023,8,11,18,30,33,33063,Quai des Chartrons,44.85246,-0.56766,Plein jour,En agglomération,Hors intersection,Normale,Deux véhicules - arrière,4,3,4,0,1,1,1,8,1,50,2,2,1,0,1,0,41.0,32.0,voiture,deux_roues,1,2,1,1,2
202300014473,2023-08-11 12:15:00,2023,8,11,12,15,33,33529,RD 1250 (OUSTALET - BONNEVAL),44.61835,-1.12618,Plein jour,Hors agglomération,Hors intersection,Normale,Deux véhicules - côté,2,2,2,0,1,1,1,0,1,80,2,2,1,0,0,1,62.0,55.0,deux_roues,utilitaire_camion,1,1,1,1,3
202300014474,2023-03-17 16:46:00,2023,3,17,16,46,49,49183,2 Rue du Genêt,47.510553,-0.983344,Plein jour,En agglomération,Hors intersection,Pluie légère,Autre collision,3,2,2,0,2,3,2,0,4,50,1,1,0,0,1,0,34.0,,voiture,,1,2,1,2,6
202300014475,2023-06-02 19:15:00,2023,6,2,19,15,68,68278,57 Rue de Habsheim,47.744792,7.412258,Plein jour,En agglomération,Hors intersection,Normale,Deux véhicules - côté,3,2,2,0,1,1,1,0,1,50,2,2,1,0,0,1,51.0,36.0,voiture,deux_roues,1,2,1,1,3
202300014476,2023-07-05 12:15:00,2023,7,5,12,15,69,69259,Boulevard Irène Joliot Curie,45.711,4.88253,Plein jour,En agglomération,Autre intersection,Normale,Autre collision,4,2,4,1,1,1,1,9,1,50,1,2,1,0,0,1,25.0,,voiture,,1,2,9,1,6
202300014477,2023-11-18 04:55:00,2023,11,18,4,55,59,59122,PARIS (AVENUE DE),50.16789,3.2299,Nuit avec éclairage non allumé,En agglomération,Intersection en X,Pluie légère,Deux véhicules - côté,3,2,1,0,1,1,2,5,1,50,2,2,1,0,0,1,33.0,62.0,voiture,voiture,4,2,2,2,3
202300014477,2023-11-18 04:55:00,2023,11,18,4,55,59,59122,PARIS (AVENUE DE),50.16789,3.2299,Nuit avec éclairage non allumé,En agglomération,Intersection en X,Pluie légère,Deux véhicules - côté,3,2,1,0,1,1,2,9,1,50,2,2,1,0,0,1,33.0,62.0,voiture,voiture,4,2,2,2,3
202300014478,2023-08-11 19:30:00,2023,8,11,19,30,31,31555,AV LUCIEN BAROUX,43.58937,1.47881,Plein jour,En agglomération,Giratoire,Normale,Deux véhicules - côté,4,1,1,0,1,1,1,0,1,30,2,2,1,0,0,1,23.0,51.0,deux_roues,voiture,1,2,6,1,3
202300014478,2023-08-11 19:30:00,2023,8,11,19,30,31,31555,AV LUCIEN BAROUX,43.58937,1.47881,Plein jour,En agglomération,Giratoire,Normale,Deux véhicules - côté,4,1,1,0,1,1,1,0,1,30,2,2,1,0,0,1,23.0,51.0,deux_roues,voiture,1,2,6,1,3
202300014479,2023-03-17 16:22:00,2023,3,17,16,22,44,44142,18 Chez Genicot,47.036179,-1.417349,Plein jour,Hors agglomération,Intersection en X,Pluie légère,Autre collision,3,2,2,0,1,1,2,0,3,80,2,3,2,0,1,0,38.0,59.0,voiture,voiture,1,1,2,2,6
202300014479,2023-03-17 16:22:00,2023,3,17,16,22,44,44142,18 Chez Genicot,47.036179,-1.417349,Plein jour,Hors agglomération,Intersection en X,Pluie légère,Autre collision,3,2,2,0,1,1,2,0,1,80,2,3,2,0,1,0,38.0,59.0,voiture,voiture,1,1,2,2,6
202300014480,2023-11-20 05:50:00,2023,11,20,5,50,51,51454,BOIS D'AMOUR (RUE DU),49.25796,4.00554,Nuit avec éclairage allumé,En agglomération,Hors intersection,Normale,Sans collision,4,2,2,0,1,1,1,0,3,50,1,1,0,0,0,1,24.0,,voiture,,5,2,1,1,7
202300014481,2023-07-06 08:30:00,2023,7,6,8,30,67,67447,HAUSBERGEN (ROUTE DE),48.60733,7.72273,Plein jour,En agglomération,Hors intersection,Normale,Autre collision,7,2,2,0,1,1,1,0,1,50,1,2,1,0,1,0,22.0,,voiture,,1,2,1,1,6
202300014482,2023-06-03 11:40:00,2023,6,3,11,40,37,37185,D1,47.442892,0.994764,Plein jour,En agglomération,Giratoire,Normale,Autre collision,3,-1,2,0,1,1,1,0,1,50,1,1,0,0,1,0,54.0,,deux_roues,,1,2,6,1,6
202300014482,2023-06-03 11:40:00,2023,6,3,11,40,37,37185,D1,47.442892,0.994764,Plein jour,En agglomération,Giratoire,Normale,Autre collision,3,-1,2,0,1,1,1,0,1,50,1,1,0,0,1,0,54.0,,deux_roues,,1,2,6,1,6
202300014483,2023-08-10 00:30:00,2023,8,10,0,30,31,31555,BOULINGRIN,43.595,1.45194,Nuit avec éclairage allumé,En agglomération,Hors intersection,Normale,Autre collision,4,1,3,0,1,2,1,0,1,30,3,3,2,0,1,0,22.0,27.0,voiture,deux_roues,5,2,1,1,6
202300014484,2023-03-18 10:30:00,2023,3,18,10,30,38,38261,grande rue,45.677176,5.469665,Plein jour,En agglomération,Hors intersection,Normale,Autre collision,3,2,2,0,1,1,1,0,1,30,1,2,1,0,1,0,74.0,,voiture,,1,2,1,1,6
202300014485,2023-11-20 17:29:00,2023,11,20,17,29,51,51230,HUIT MAI 1945 (AVENUE DU),49.029727,3.953556,Crépuscule ou aube,En agglomération,Hors intersection,Temps couvert,Autre collision,4,2,1,0,1,1,1,5,1,50,1,2,1,0,1,0,71.0,,voiture,,2,2,1,8,6
202300014486,2023-06-02 21:35:00,2023,6,2,21,35,77,77420,D41,49.04050768,2.71581478,Plein jour,Hors agglomération,Hors intersection,Normale,Autre collision,3,2,2,0,1,2,1,0,3,-1,1,1,0,0,1,0,49.0,,voiture,,1,1,1,1,6
202300014487,2023-08-11 11:00:00,2023,8,11,11,0,13,13054,ANTOINE DE SAINT EXUPERY (RUE ),43.41701,5.21883,Plein jour,En agglomération,Hors intersection,Normale,Deux véhicules - frontale,4,2,2,0,1,1,1,0,1,50,2,2,1,0,0,1,50.0,19.0,voiture,voiture,1,2,1,1,1
202300014488,2023-07-05 17:30:00,2023,7,5,17,30,67,67180,RD263,48.88467,7.82755,Plein jour,Hors agglomération,Hors intersection,Normale,Deux véhicules - frontale,3,3,2,0,1,1,1,0,1,80,2,2,0,1,1,0,63.0,50.0,voiture,transport_commun,1,1,1,1,1
202300014489,2023-03-18 12:30:00,2023,3,18,12,30,15,15202,D922,45.12355,2.41269,Plein jour,Hors agglomération,Hors intersection,Normale,Deux véhicules - frontale,3,2,2,0,2,1,2,0,1,90,2,2,1,0,1,0,76.0,55.0,voiture,voiture,1,1,1,1,1
202300014490,2023-11-18 18:15:00,2023,11,18,18,15,50,50129,INDUSTRIES (RUE DES),49.63286,-1.58835,Plein jour,En agglomération,Autre intersection,Pluie légère,Autre collision,6,2, -1,0,1,1,2,0,8,50,1,2,1,0,0,1,31.0,,voiture,,1,2,9,2,6
202300014491,2023-06-02 02:20:00,2023,6,2,2,20,95,95212,D165,49.036468,2.564127,Nuit sans éclairage public,Hors agglomération,Hors intersection,Normale,Sans collision,3,2,2,0,1,1,1,0,8,80,1,1,0,0,1,0,37.0,,deux_roues,,3,1,1,1,7
202300014492,2023-07-04 17:00:00,2023,7,4,17,0,66,66136,Boulevard Georges Clemenceau,42.70082,2.89169,Plein jour,En agglomération,Intersection en T,Normale,Autre collision,4,1,1,0,1,1,1,0,1,50,1,2,1,0,0,1,30.0,,voiture,,1,2,3,1,6
202300014492,2023-07-04 17:00:00,2023,7,4,17,0,66,66136,Boulevard Georges Clemenceau,42.70082,2.89169,Plein jour,En agglomération,Intersection en T,Normale,Autre collision,4,2,2,3,1,1,1,0,1,50,1,2,1,0,0,1,30.0,,voiture,,1,2,3,1,6
202300014493,2023-08-11 19:47:00,2023,8,11,19,47,13,13216,FENOUIL (BOULEVARD),43.35805,5.32082,Plein jour,En agglomération,Hors intersection,Normale,Deux véhicules - côté,4,3,2,0,1,1,1,0,1,50,2,2,1,0,0,1,20.0,30.0,voiture,voiture,1,2,1,1,3
202300014494,2023-11-20 17:25:00,2023,11,20,17,25,49,49007,RD 323,47.46899,-0.58739,Plein jour,Hors agglomération,Hors intersection,Pluie légère,Deux véhicules - arrière,3,1,2,0,1,3,2,0,1,70,2,2,1,0,0,1,37.0,25.0,voiture,voiture,1,1,1,2,2
202300014495,2023-03-16 14:00:00,2023,3,16,14,0,01,01263,Avenue du Marquet,46.08062631,4.76908967,Plein jour,En agglomération,Intersection en T,Normale,Deux véhicules - côté,3,2,2,0,2,1,1,0,1,50,2,3,2,0,0,1,43.0,,voiture,voiture,1,2,3,1,3
202300014495,2023-03-16 14:00:00,2023,3,16,14,0,01,01263,Avenue du Marquet,46.08062631,4.76908967,Plein jour,En agglomération,Intersection en T,Normale,Deux véhicules - côté,3,2,2,0,1,1,1,0,1,50,2,3,2,0,0,1,43.0,,voiture,voiture,1,2,3,1,3
202300014496,2023-12-22 18:28:00,2023,12,22,18,28,56,56083,POMPIDOU ( AVENUE GEORGES ),47.80253,-3.26526,Nuit avec éclairage allumé,En agglomération,Hors intersection,Normale,Sans collision,4,2,2,0,2,1,1,0,1,50,1,1,0,0,0,1,59.0,,deux_roues,,5,2,1,1,7
202300014497,2023-06-02 13:15:00,2023,6,2,13,15,91,91338,Rue du Couvent,48.64383,2.075531,Plein jour,En agglomération,Hors intersection,Normale,Deux véhicules - arrière,4,2,2,0,2,1,1,0,1,50,2,2,1,0,1,0,41.0,35.0,voiture,deux_roues,1,2,1,1,2
202300014498,2023-08-11 19:45:00,2023,8,11,19,45,13,13208,MONTREDON (AVENUE DE),43.24138772,5.36843039,Plein jour,En agglomération,Hors intersection,Normale,Autre collision,4,2,2,0,1,1,1,9,1,50,1,2,1,0,0,1,28.0,,deux_roues,,1,2,1,1,6
202300014499,2023-11-20 17:00:00,2023,11,20,17,0,49,49015,DE GAULLE AVENUE DU GENERAL,47.503,-0.59192,Plein jour,En agglomération,Hors intersection,Normale,Deux véhicules - côté,4,2,2,2,1,2,1,0,1,50,2,2,1,0,0,1,12.0,52.0,deux_roues,utilitaire_camion,1,2,1,1,3
202300014500,2023-07-06 11:01:00,2023,7,6,11,1,63,63075,ROYAT (AVENUE DE),45.77572765,3.06715965,Plein jour,En agglomération,Intersection en Y,Normale,Autre collision,7,2,2,0,1,2,1,6,1,50,1,2,1,0,0,1,24.0,,utilitaire_camion,,1,2,4,1,6
202300014500,2023-07-06 11:01:00,2023,7,6,11,1,63,63075,ROYAT (AVENUE DE),45.77572765,3.06715965,Plein jour,En agglomération,Intersection en Y,Normale,Autre collision,7,2,2,3,1,1,1,6,1,50,1,2,1,0,0,1,24.0,,utilitaire_camion,,1,2,4,1,6
202300014501,2023-03-18 04:45:00,2023,3,18,4,45,26,26165,Route de fiancey,44.80618523,4.8554155,Nuit sans éclairage public,En agglomération,Hors intersection,Normale,Deux véhicules - arrière,2,2,1,0,1,1,1,0,1,50,2,2,1,0,1,0,28.0,23.0,voiture,deux_roues,3,2,1,1,2
202300014502,2023-12-26 14:30:00,2023,12,26,14,30,54,54575,D26B,49.48041,5.85916,Plein jour,Hors agglomération,Hors intersection,Temps couvert,Autre collision,3,2,2,0,2,2,2,0,3,80,1,1,0,0,0,1,46.0,,voiture,,1,1,1,8,6
202300014503,2023-06-08 15:20:00,2023,6,8,15,20,62,62193,Rue de Tunis,50.94483,1.82953,Plein jour,En agglomération,Hors intersection,Normale,Autre collision,4,2,2,0,1,2,1,0,1,50,1,2,1,0,0,1,22.0,,voiture,,1,2,1,1,6
202300014504,2023-11-20 15:44:00,2023,11,20,15,44,49,49353,JEAN JAURES RUE,47.44063,-0.48947,Plein jour,En agglomération,Giratoire,Normale,Sans collision,4,2,2,0,1,1,1,0,1,50,1,1,0,0,0,1,22.0,,deux_roues,,1,2,6,1,7
202300014504,2023-11-20 15:44:00,2023,11,20,15,44,49,49353,JEAN JAURES RUE,47.44063,-0.48947,Plein jour,En agglomération,Giratoire,Normale,Sans collision,4,2,2,0,1,1,1,0,1,50,1,1,0,0,0,1,22.0,,deux_roues,,1,2,6,1,7
202300014505,2023-05-29 09:55:00,2023,5,29,9,55,34,34154,3 Chemin du Bosc Viel,43.603986,3.998348,Plein jour,Hors agglomération,Intersection en T,Normale,Deux véhicules - arrière,3,2,2,0,1,1,1,0,1,70,2,2,1,0,1,0,58.0,22.0,voiture,deux_roues,1,1,3,1,2
202300014505,2023-05-29 09:55:00,2023,5,29,9,55,34,34154,3 Chemin du Bosc Viel,43.603986,3.998348,Plein jour,Hors agglomération,Intersection en T,Normale,Deux véhicules - arrière,3,2,2,0,1,1,1,0,1,-1,2,2,1,0,1,0,58.0,22.0,voiture,deux_roues,1,1,3,1,2
202300014506,2023-02-20 17:24:00,2023,2,20,17,24,06,06079,325 Avenue Janvier Passero,43.549482,6.938412,Plein jour,En agglomération,Hors intersection,Normale,Deux véhicules - côté,4,2,2,0,1,1,1,9,8,30,2,2,1,0,1,0,47.0,73.0,deux_roues,voiture,1,2,1,1,3
202300014507,2023-07-05 11:15:00,2023,7,5,11,15,54,54395,Rue de Villers,48.6844418,6.16604984,Plein jour,En agglomération,Hors intersection,Normale,Deux véhicules - arrière,4,1,1,0,1,1,1,9,1,30,2,2,1,0,0,1,58.0,50.0,utilitaire_camion,voiture,1,2,1,1,2
202300014508,2023-06-02 16:50:00,2023,6,2,16,50,34,34057,RM65,43.643265,3.896059,Plein jour,Hors agglomération,Hors intersection,Normale,Deux véhicules - frontale,7,2,2,0,1,2,1,0,1,70,2,2,0,0,1,1,39.0,69.0,deux_roues,voiture,1,1,1,1,1
202300014509,2023-12-21 16:00:00,2023,12,21,16,0,49,49007,AYRAULT,47.47723,-0.55334,Plein jour,En agglomération,Hors intersection,Temps couvert,Deux véhicules - côté,4,3,4,0,1,1,1,0,1,50,2,3,2,0,0,1,46.0,52.0,voiture,voiture,1,2,1,8,3
202300014510,2023-11-20 13:30:00,2023,11,20,13,30,49,49007,BOQUEL,47.48538,-0.55372,Plein jour,En agglomération,Giratoire,Normale,Deux véhicules - côté,4,2,2,2,1,1,2,0,1,30,2,2,1,0,0,1,49.0,57.0,voiture,voiture,1,2,6,1,3
202300014510,2023-11-20 13:30:00,2023,11,20,13,30,49,49007,BOQUEL,47.48538,-0.55372,Plein jour,En agglomération,Giratoire,Normale,Deux véhicules - côté,4,2,2,2,1,1,2,0,1,30,2,2,1,0,0,1,49.0,57.0,voiture,voiture,1,2,6,1,3
202300014511,2023-07-05 17:45:00,2023,7,5,17,45,54,54280,Rue d'Arly,49.22555,6.01642,Plein jour,En agglomération,Autre intersection,Normale,Autre collision,4,2,2,0,1,1,1,0,1,50,1,2,1,0,0,1,28.0,,utilitaire_camion,,1,2,9,1,6
202300014512,2023-12-21 16:45:00,2023,12,21,16,45,44,44109,4 Boulevard Guy Mollet,47.24592,-1.55531,Plein jour,En agglomération,Hors intersection,Normale,Sans collision,4,2,2,0,1,1,1,0,1,50,1,1,0,1,0,0,43.0,,deux_roues,,1,2,1,1,7
202300014513,2023-11-18 23:35:00,2023,11,18,23,35,45,45338,39 Rue de la Surandière,47.98078,2.68669,Nuit sans éclairage public,Hors agglomération,Hors intersection,Pluie légère,Autre collision,4,2,2,0,1,1,2,0,3,50,1,2,1,0,0,1,37.0,,voiture,,3,1,1,2,6
202300014514,2023-06-02 20:50:00,2023,6,2,20,50,06,06157,place antony mars 06140,43.721913,7.114423,Crépuscule ou aube,En agglomération,Intersection en T,Normale,Deux véhicules - côté,4,1,1,-1,1,1,1,0,1,-1,2,2,1,0,1,0,18.0,20.0,deux_roues,voiture,2,2,3,1,3
202300014514,2023-06-02 20:50:00,2023,6,2,20,50,06,06157,place antony mars 06140,43.721913,7.114423,Crépuscule ou aube,En agglomération,Intersection en T,Normale,Deux véhicules - côté,4,2,2,0,1,3,1,0,1,30,2,2,1,0,1,0,18.0,20.0,deux_roues,voiture,2,2,3,1,3
202300014515,2023-03-17 19:05:00,2023,3,17,19,5,45,45059,D2157 PR 11 + 11,47.934754,1.763467,Nuit avec éclairage allumé,En agglomération,Hors intersection,Pluie légère,Deux véhicules - frontale,3,2,2,0,1,1,2,0,1,50,2,2,1,0,1,0,44.0,44.0,deux_roues,voiture,5,2,1,2,1
202300014516,2023-11-19 01:07:00,2023,11,19,1,7,45,45068,2 Rue Nelson Mandela,48.01318,2.72875,Nuit sans éclairage public,En agglomération,Hors intersection,Pluie légère,Autre collision,4,2,2,0,1,3,2,2,4,50,1,2,1,0,0,1,50.0,,voiture,,3,2,1,2,6
202300014517,2023-03-17 22:45:00,2023,3,17,22,45,18,18073,,46.897347,2.295509,Nuit sans éclairage public,Hors agglomération,Hors intersection,Brouillard / fumée,Sans collision,4,2,2,0,2,2,2,2,1,80,1,2,1,0,0,1,31.0,,utilitaire_camion,,3,1,1,5,7
202300014518,2023-12-26 21:18:00,2023,12,26,21,18,37,37233,MOTTE (RUE DE LA),47.38610351,0.76058328,Nuit avec éclairage allumé,En agglomération,Hors intersection,Normale,Deux véhicules - côté,4,2,2,0,1,1,1,0,1,50,2,2,1,0,0,1,32.0,,voiture,voiture,5,2,1,1,3
202300014519,2023-11-20 17:20:00,2023,11,20,17,20,41,41269,TUILERIE (RUE DE LA),47.79048,1.07342,Crépuscule ou aube,En agglomération,Hors intersection,Normale,Deux véhicules - côté,4,-1,2,0,1,1,1,0,1,50,2,2,1,0,0,1,72.0,48.0,utilitaire_camion,autre,2,2,1,1,3
202300014520,2023-03-18 08:30:00,2023,3,18,8,30,10,10351,Rue du Poncelat,48.431279,3.680377,Plein jour,Hors agglomération,Hors intersection,Normale,Deux véhicules - côté,3,2,2,0,1,1,1,0,1,80,2,2,1,0,1,0,23.0,56.0,voiture,voiture,1,1,1,1,3
202300014521,2023-12-23 05:35:00,2023,12,23,5,35,34,34032,ROUTE DE BEDARIEUX (RD.909),43.38177,3.2227,Nuit sans éclairage public,Hors agglomération,Hors intersection,Normale,Deux véhicules - frontale,3,2,2,0,1,3,1,0,1,90,2,2,0,1,0,1,48.0,51.0,voiture,voiture,3,1,1,1,1
202300014522,2023-03-18 04:15:00,2023,3,18,4,15,10,10106,D951,48.45965094,3.41335982,Nuit sans éclairage public,Hors agglomération,Hors intersection,Normale,Sans collision,3,2,2,0,1,1,1,0,3,80,1,1,0,0,0,1,32.0,,voiture,,3,1,1,1,7
202300014523,2023-11-17 14:07:00,2023,11,17,14,7,41,41018,CHAILLES (LEVEE DE),47.57428,1.32344,Plein jour,En agglomération,Hors intersection,Normale,Autre collision,3,2,2,0,1,1,1,0,3,50,1,2,1,0,1,0,24.0,,deux_roues,,1,2,1,1,6
202300014524,2023-07-05 13:30:00,2023,7,5,13,30,52,52448,FRACHON (AVENUE BENOIT),48.64425,4.95939,Plein jour,En agglomération,Hors intersection,Normale,Autre collision,4,-1,2,1,1,3,1,0,1,50,2,3,1,0,0,2,22.0,16.0,voiture,deux_roues,1,2,1,1,6
202300014525,2023-06-03 09:05:00,2023,6,3,9,5,13,13100,"D99, PK 21+305",43.79602,4.803793,Plein jour,Hors agglomération,Hors intersection,Normale,Deux véhicules - côté,3,2,2,0,1,1,1,0,1,80,2,2,0,0,0,2,51.0,29.0,voiture,voiture,1,1,1,1,3
202300014526,2023-12-22 19:30:00,2023,12,22,19,30,34,34032,LAZARE JOSEPH (AV),43.333746,3.223159,Nuit sans éclairage public,En agglomération,Hors intersection,Normale,Sans collision,4,2,2,0,1,3,1,0,1,50,1,1,0,1,0,0,51.0,,deux_roues,,3,2,1,1,7
202300014527,2023-03-18 14:30:00,2023,3,18,14,30,07,07296,Avenue de l'Espinasse,44.581233,4.391876,Plein jour,Hors agglomération,Intersection en X,Normale,Deux véhicules - côté,3,2,2,0,1,1,1,0,1,70,2,2,1,0,0,1,55.0,27.0,deux_roues,voiture,1,1,2,1,3
202300014527,2023-03-18 14:30:00,2023,3,18,14,30,07,07296,Avenue de l'Espinasse,44.581233,4.391876,Plein jour,Hors agglomération,Intersection en X,Normale,Deux véhicules - côté,3,2, -1,-1,1,1,1,0,1,-1,2,2,1,0,0,1,55.0,27.0,deux_roues,voiture,1,1,2,1,3
202300014528,2023-06-16 20:50:00,2023,6,16,20,50,49,49099,Lieu dit la Savardière,47.08996,-0.84231,Plein jour,Hors agglomération,Intersection en X,Normale,Deux véhicules - côté,4,2,2,0,1,1,1,0,1,50,2,2,1,0,0,1,42.0,17.0,voiture,deux_roues,1,1,2,1,3
202300014528,2023-06-16 20:50:00,2023,6,16,20,50,49,49099,Lieu dit la Savardière,47.08996,-0.84231,Plein jour,Hors agglomération,Intersection en X,Normale,Deux véhicules - côté,4,2,2,0,1,1,1,0,1,50,2,2,1,0,0,1,42.0,17.0,voiture,deux_roues,1,1,2,1,3
202300014529,2023-11-20 13:46:00,2023,11,20,13,46,40,40281,ROCADE SUD (RD 824),43.8665,-0.50963,Plein jour,Hors agglomération,Hors intersection,Normale,Trois véhicules et plus - collisions multiples,3,2,2,0,1,3,1,0,1,80,3,3,2,1,0,0,53.0,64.0,utilitaire_camion,voiture,1,1,1,1,5
202300014530,2023-06-03 05:30:00,2023,6,3,5,30,25,25198,42 Grande Rue,47.536069,6.67715,Crépuscule ou aube,En agglomération,Hors intersection,Normale,Autre collision,3,2,2,0,2,2,1,0,3,50,1,3,0,0,1,2,20.0,,voiture,,2,2,1,1,6
202300014531,2023-11-20 14:00:00,2023,11,20,14,0,38,38185,REYNOARD (AV. M.),45.16402,5.72878,Plein jour,En agglomération,Autre intersection,Normale,Autre collision,7,1,3,1,1,1,1,5,5,50,1,2,1,0,0,1,21.0,,deux_roues,,1,2,9,1,6
202300014532,2023-12-28 07:00:00,2023,12,28,7,0,29,29019,rue Amiral Romain-Desfossés,48.426067,-4.477547,Nuit avec éclairage allumé,En agglomération,Giratoire,Normale,Deux véhicules - côté,4,2,2,0,1,3,1,0,1,50,2,2,0,0,0,2,43.0,31.0,voiture,deux_roues,5,2,6,1,3
202300014532,2023-12-28 07:00:00,2023,12,28,7,0,29,29019,rue Amiral Romain-Desfossés,48.426067,-4.477547,Nuit avec éclairage allumé,En agglomération,Giratoire,Normale,Deux véhicules - côté,4,2,4,3,1,3,1,0,1,50,2,2,0,0,0,2,43.0,31.0,voiture,deux_roues,5,2,6,1,3
202300014533,2023-06-03 09:30:00,2023,6,3,9,30,71,71275,8 Rue de la Chenale,46.275512,4.041938,Plein jour,En agglomération,Hors intersection,Normale,Deux véhicules - côté,3,2,2,0,1,1,1,0,1,50,2,2,1,0,0,1,69.0,71.0,utilitaire_camion,deux_roues,1,2,1,1,3
202300014534,2023-03-17 21:38:00,2023,3,17,21,38,17,17366,Route de Chamadelle D260,45.121302,-0.090015,Nuit sans éclairage public,Hors agglomération,Hors intersection,Normale,Autre collision,3,2,2,0,1,1,1,0,3,80,1,4,0,0,0,4,44.0,,voiture,,3,1,1,1,6
202300014535,2023-07-05 19:00:00,2023,7,5,19,0,49,49007,BERGSON,47.44515,-0.56237,Plein jour,En agglomération,Hors intersection,Normale,Deux véhicules - côté,4,2,2,0,1,1,1,0,1,30,2,2,1,0,0,1,39.0,41.0,voiture,voiture,1,2,1,1,3