accident_id,datetime,annee,mois,jour,heure,minute,departement,commune_insee,adresse,latitude,longitude,luminosite,agglomeration,intersection,meteo,collision,catr,circ,nbv,vosp,prof,plan,surf,infra,situ,vma,nb_vehicules,nb_usagers,nb_indemnes,nb_tues,nb_blesses_hosp,nb_blesses_legers,age_cond_1,age_cond_2,veh_type_cond_1,veh_type_cond_2,lum_code,agg_code,int_code,atm_code,col_code
202300014536,2023-11-20 07:35:00,2023,11,20,7,35,37,37261,MARECHAL JUIN (BD),47.41224,0.70295,Plein jour,En agglomération,Hors intersection,Normale,Autre collision,4,2,5,0,1,1,1,0,1,50,1,2,1,0,0,1,56.0,,voiture,,1,2,1,1,6
202300014537,2023-03-17 21:00:00,2023,3,17,21,0,87,87105,Rue du Stade,45.724649,1.6144,Nuit avec éclairage allumé,En agglomération,Hors intersection,Normale,Autre collision,4,2,1,0,1,1,1,0,4,50,1,1,0,0,1,0,15.0,,deux_roues,,5,2,1,1,6
202300014538,2023-06-02 19:54:00,2023,6,2,19,54,21,21390,D974,47.27928635,5.0070185,Plein jour,En agglomération,Giratoire,Normale,Deux véhicules - frontale,7,3,4,0,1,1,1,0,1,70,2,3,2,0,1,0,28.0,41.0,voiture,deux_roues,1,2,6,1,1
202300014539,2023-07-05 12:30:00,2023,7,5,12,30,49,49007,AYRAULT,47.47737,-0.55323,Plein jour,En agglomération,Intersection en X,Normale,Deux véhicules - côté,4,3,6,2,1,1,1,0,1,50,2,3,2,0,0,1,85.0,55.0,voiture,voiture,1,2,2,1,3
202300014539,2023-07-05 12:30:00,2023,7,5,12,30,49,49007,AYRAULT,47.47737,-0.55323,Plein jour,En agglomération,Intersection en X,Normale,Deux véhicules - côté,4,1,1,2,1,1,1,0,1,50,2,3,2,0,0,1,85.0,55.0,voiture,voiture,1,2,2,1,3
202300014540,2023-12-27 00:35:00,2023,12,27,0,35,15,15014,Avenue du 4 Septembre,44.922564,2.434894,Nuit avec éclairage allumé,En agglomération,Hors intersection,Normale,Autre collision,4,2,2,0,2,1,1,0,1,50,1,1,0,0,0,1,25.0,,voiture,,5,2,1,1,6
202300014541,2023-06-02 09:20:00,2023,6,2,9,20,68,68063,D1066,47.795355,7.158596,Plein jour,Hors agglomération,Giratoire,Normale,Deux véhicules - côté,3,3,4,0,1,1,1,0,1,70,2,2,1,0,0,1,64.0,71.0,deux_roues,voiture,1,1,6,1,3
202300014542,2023-11-20 17:30:00,2023,11,20,17,30,35,35238,N136,48.11161,-1.71847,Nuit sans éclairage public,Hors agglomération,Hors intersection,Pluie légère,Trois véhicules et plus - en chaîne,2,3,6,0,4,1,2,0,1,90,5,7,6,0,0,1,19.0,31.0,voiture,voiture,3,1,1,2,4
202300014543,2023-03-17 16:30:00,2023,3,17,16,30,37,37204,D48,47.538282,0.631456,Plein jour,Hors agglomération,Intersection en X,Pluie légère,Deux véhicules - côté,3,2,2,0,1,1,2,0,1,80,2,4,0,0,0,4,19.0,34.0,voiture,utilitaire_camion,1,1,2,2,3
202300014543,2023-03-17 16:30:00,2023,3,17,16,30,37,37204,D48,47.538282,0.631456,Plein jour,Hors agglomération,Intersection en X,Pluie légère,Deux véhicules - côté,3,2,1,0,1,1,2,5,1,80,2,4,0,0,0,4,19.0,34.0,voiture,utilitaire_camion,1,1,2,2,3
202300014544,2023-07-06 08:00:00,2023,7,6,8,0,47,47001,JAURES (AV. JEAN),44.19499,0.6425,Plein jour,En agglomération,Intersection en T,Normale,Deux véhicules - côté,3,2,4,1,1,1,1,5,1,50,2,2,1,0,0,1,40.0,55.0,voiture,deux_roues,1,2,3,1,3
202300014544,2023-07-06 08:00:00,2023,7,6,8,0,47,47001,JAURES (AV. JEAN),44.19499,0.6425,Plein jour,En agglomération,Intersection en T,Normale,Deux véhicules - côté,3,2,2,2,1,1,1,5,1,50,2,2,1,0,0,1,40.0,55.0,voiture,deux_roues,1,2,3,1,3
202300014545,2023-06-03 12:50:00,2023,6,3,12,50,54,54318,Avenue Eugène Lerebourg,48.752829,6.06146,Plein jour,En agglomération,Hors intersection,Normale,Sans collision,4,4,2,2,1,2,1,-1,1,20,1,2,1,1,0,0,65.0,,voiture,,1,2,1,1,7
202300014546,2023-12-26 15:50:00,2023,12,26,15,50,13,13054,SIGNORE (BD DE LA ),43.4211,5.20777,Crépuscule ou aube,En agglomération,Intersection en X,Normale,Deux véhicules - côté,4,2,2,0,1,1,1,5,1,50,2,3,1,0,0,2,71.0,51.0,voiture,utilitaire_camion,2,2,2,1,3
202300014546,2023-12-26 15:50:00,2023,12,26,15,50,13,13054,SIGNORE (BD DE LA ),43.4211,5.20777,Crépuscule ou aube,En agglomération,Intersection en X,Normale,Deux véhicules - côté,4,2,2,0,1,1,1,5,1,50,2,3,1,0,0,2,71.0,51.0,voiture,utilitaire_camion,2,2,2,1,3
202300014547,2023-11-20 16:05:00,2023,11,20,16,5,35,35238,ARMORIQUE (BD D'),48.13061,-1.67641,Plein jour,En agglomération,Intersection en T,Temps couvert,Deux véhicules - côté,4,3,4,1,1,1,1,0,1,50,2,2,1,0,0,1,,21.0,utilitaire_camion,deux_roues,1,2,3,8,3
202300014547,2023-11-20 16:05:00,2023,11,20,16,5,35,35238,ARMORIQUE (BD D'),48.13061,-1.67641,Plein jour,En agglomération,Intersection en T,Temps couvert,Deux véhicules - côté,4,2,2,0,1,1,1,0,1,30,2,2,1,0,0,1,,21.0,utilitaire_camion,deux_roues,1,2,3,8,3
202300014548,2023-03-14 12:05:00,2023,3,14,12,5,88,88516,Rue de la Voivre,48.203368,5.96468,Plein jour,En agglomération,Intersection en Y,Normale,Deux véhicules - côté,4,2,2,0,1,1,1,0,1,50,2,3,2,0,1,0,15.0,30.0,deux_roues,voiture,1,2,4,1,3
202300014548,2023-03-14 12:05:00,2023,3,14,12,5,88,88516,Rue de la Voivre,48.203368,5.96468,Plein jour,En agglomération,Intersection en Y,Normale,Deux véhicules - côté,4,2, -1,-1,1,1,1,0,1,-1,2,3,2,0,1,0,15.0,30.0,deux_roues,voiture,1,2,4,1,3
202300014549,2023-07-06 18:50:00,2023,7,6,18,50,45,45234,Pont George V,47.89634,1.90437,Plein jour,En agglomération,Passage à niveau,Normale,Deux véhicules - frontale,4,2,2,3,1,1,1,4,6,30,2,2,1,1,0,0,39.0,51.0,transport_commun,deux_roues,1,2,8,1,1
202300014550,2023-06-03 10:10:00,2023,6,3,10,10,01,01249,Route du Mas Rillier,45.846159,4.935935,Plein jour,Hors agglomération,Intersection en T,Normale,Sans collision,3,2,2,0,1,1,1,0,3,80,1,2,1,0,0,1,29.0,,voiture,,1,1,3,1,7
202300014550,2023-06-03 10:10:00,2023,6,3,10,10,01,01249,Route du Mas Rillier,45.846159,4.935935,Plein jour,Hors agglomération,Intersection en T,Normale,Sans collision,3,2,2,0,1,1,1,0,3,80,1,2,1,0,0,1,29.0,,voiture,,1,1,3,1,7
202300014551,2023-11-20 23:40:00,2023,11,20,23,40,33,33063,Bretelle de sortie A630 E4 via Cours Charles Bricaud,44.8859,-0.5612,Nuit sans éclairage public,En agglomération,Hors intersection,Pluie légère,Deux véhicules - frontale,1,1,2,0,1,3,2,3,1,50,2,2,1,0,0,1,33.0,32.0,voiture,voiture,3,2,1,2,1
202300014552,2023-12-25 16:05:00,2023,12,25,16,5,13,13210,PAUL CLAUDEL (BOULEVARD),43.26819,5.41863,Crépuscule ou aube,En agglomération,Hors intersection,Temps éblouissant,Autre collision,4,1,2,0,2,3,1,0,1,50,1,5,2,0,2,1,54.0,,voiture,,2,2,1,7,6
202300014553,2023-07-06 13:12:00,2023,7,6,13,12,45,45004,D2107 PR 2 + 10,47.97600637,2.73334446,Plein jour,En agglomération,Hors intersection,Normale,Autre collision,3,2,2,0,1,1,1,0,1,50,1,2,1,0,1,0,91.0,,voiture,,1,2,1,1,6
202300014554,2023-03-17 08:35:00,2023,3,17,8,35,987,98745,PK 0.9 Coté Montagne - RC Ouest - Secteur Patio,-16.62,-151.496,Plein jour,En agglomération,Hors intersection,Normale,Deux véhicules - frontale,2,2,2,0,1,2,1,0,1,-1,2,5,4,0,1,0,19.0,43.0,deux_roues,voiture,1,2,1,1,1
202300014555,2023-11-20 17:42:00,2023,11,20,17,42,32,32013,FRANCOIS MITTERAND (Rue),43.65961,0.58933,Nuit avec éclairage allumé,En agglomération,Hors intersection,Pluie légère,Deux véhicules - côté,4,2,2,0,1,2,2,0,1,30,2,2,1,0,1,0,31.0,26.0,voiture,deux_roues,5,2,1,2,3
202300014556,2023-12-22 18:35:00,2023,12,22,18,35,11,11262,12 Boulevard Gambetta,43.18241,3.00728,Nuit avec éclairage allumé,En agglomération,Hors intersection,Normale,Deux véhicules - côté,4,2,2,0,1,1,1,0,1,50,2,2,1,0,0,1,21.0,21.0,utilitaire_camion,deux_roues,5,2,1,1,3
202300014557,2023-03-16 18:40:00,2023,3,16,18,40,987,98745,PATIO devant creperie de TAHAA (magasin RONALD),-16.62,-151.496,Nuit avec éclairage allumé,En agglomération,Hors intersection,Normale,Deux véhicules - arrière,2,2,2,0,1,3,1,0,1,50,2,2,1,0,1,0,42.0,52.0,voiture,deux_roues,5,2,1,1,2
202300014558,2023-07-05 19:00:00,2023,7,5,19,0,43,43041,9 Cote de Tireboeuf,45.04959376,3.90612792,Plein jour,En agglomération,Hors intersection,Normale,Deux véhicules - arrière,3,2,2,0,2,1,1,0,1,50,2,4,3,0,0,1,33.0,18.0,voiture,deux_roues,1,2,1,1,2
202300014559,2023-06-03 11:30:00,2023,6,3,11,30,14,14680,4 Route des Hauts Vents,49.298683,-0.735767,Plein jour,Hors agglomération,Hors intersection,Normale,Deux véhicules - frontale,3,2,2,0,1,1,1,0,1,80,2,2,1,0,1,0,68.0,40.0,voiture,deux_roues,1,1,1,1,1
202300014560,2023-03-17 23:15:00,2023,3,17,23,15,67,67506,Autoroute A4 - PK 472.800 à PK 472.900- Sens de circulation PARIS vers STRASBOURG,48.678228,7.734096,Nuit sans éclairage public,Hors agglomération,Hors intersection,Normale,Autre collision,1,3,4,0,1,1,1,0,1,110,1,4,3,0,0,1,19.0,,voiture,,3,1,1,1,6
202300014561,2023-11-20 16:35:00,2023,11,20,16,35,31,31555,CHE CASSAING,43.6166,1.47295,Plein jour,En agglomération,Hors intersection,Temps couvert,Autre collision,4,2,2,0,1,1,2,0,1,50,1,2,1,0,1,0,24.0,,voiture,,1,2,1,8,6
202300014562,2023-12-25 16:26:00,2023,12,25,16,26,10,10387,JULIEN GREE (RUE),48.282,4.0908,Plein jour,En agglomération,Intersection en X,Normale,Deux véhicules - côté,4,2,2,0,1,1,1,0,1,50,2,2,1,0,0,1,91.0,36.0,voiture,utilitaire_camion,1,2,2,1,3
202300014562,2023-12-25 16:26:00,2023,12,25,16,26,10,10387,JULIEN GREE (RUE),48.282,4.0908,Plein jour,En agglomération,Intersection en X,Normale,Deux véhicules - côté,4,2,2,0,1,1,1,0,1,50,2,2,1,0,0,1,91.0,36.0,voiture,utilitaire_camion,1,2,2,1,3
202300014563,2023-06-02 15:00:00,2023,6,2,15,0,56,56152,Route de Sauzon,47.349204,-3.160694,Plein jour,En agglomération,Intersection en Y,Normale,Deux véhicules - côté,3,2,2,0,2,2,1,5,1,50,2,2,1,0,1,0,76.0,50.0,voiture,deux_roues,1,2,4,1,3
202300014563,2023-06-02 15:00:00,2023,6,2,15,0,56,56152,Route de Sauzon,47.349204,-3.160694,Plein jour,En agglomération,Intersection en Y,Normale,Deux véhicules - côté,3,1,1,-1,2,2,1,0,1,50,2,2,1,0,1,0,76.0,50.0,voiture,deux_roues,1,2,4,1,3
202300014564,2023-03-18 10:00:00,2023,3,18,10,0,13,13058,D5,43.749676,4.832997,Plein jour,Hors agglomération,Hors intersection,Normale,Autre collision,3,2,2,1,2,4,1,0,3,80,1,1,0,0,1,0,25.0,,voiture,,1,1,1,1,6
202300014565,2023-07-06 11:20:00,2023,7,6,11,20,37,37261,STENDHAL (AVENUE),47.36821,0.70884,Plein jour,En agglomération,Hors intersection,Normale,Deux véhicules - arrière,4,1,1,1,1,1,1,9,1,50,2,2,1,0,0,1,36.0,54.0,voiture,voiture,1,2,1,1,2
202300014566,2023-11-20 09:56:00,2023,11,20,9,56,27,27229,DUNANT (RUE HENRI),49.02881,1.17426,Plein jour,En agglomération,Hors intersection,Normale,Deux véhicules - côté,4,2,0,0,1,1,1,0,1,50,2,2,1,0,0,1,51.0,42.0,voiture,deux_roues,1,2,1,1,3
202300014567,2023-06-02 07:45:00,2023,6,2,7,45,22,22081,Rue des Vergers,48.487017,-2.640865,Plein jour,En agglomération,Hors intersection,Normale,Sans collision,4,2,2,0,1,1,1,9,4,50,1,1,0,0,1,0,52.0,,deux_roues,,1,2,1,1,7
202300014568,2023-12-26 05:55:00,2023,12,26,5,55,07,07102,Chemin des MULETS,44.92346,4.85992,Nuit avec éclairage allumé,Hors agglomération,Giratoire,Normale,Autre collision,3,2,1,0,1,1,1,5,1,70,1,2,1,0,0,1,60.0,,voiture,,5,1,6,1,6
202300014569,2023-07-03 11:30:00,2023,7,3,11,30,35,35288,CHATEAUBRIAND (BOULEVARD),48.65899,-1.99418,Plein jour,En agglomération,Hors intersection,Normale,Autre collision,3,2,2,2,1,1,1,0,1,50,1,3,1,1,0,1,81.0,,voiture,,1,2,1,1,6
202300014570,2023-03-17 22:10:00,2023,3,17,22,10,11,11262,Autoroute A9 - PK 187.000,43.175326,3.031197,Nuit sans éclairage public,Hors agglomération,Autre intersection,Normale,Deux véhicules - arrière,1,-1,3,0,1,1,1,9,2,130,2,4,3,0,0,1,26.0,,utilitaire_camion,,3,1,9,1,2
202300014571,2023-06-02 08:20:00,2023,6,2,8,20,35,35194,D794,48.1514,-1.25972,Plein jour,Hors agglomération,Intersection en T,Normale,Autre collision,3,2,2,0,1,1,1,0,8,80,1,1,0,0,1,0,18.0,,voiture,,1,1,3,1,6
202300014571,2023-06-02 08:20:00,2023,6,2,8,20,35,35194,D794,48.1514,-1.25972,Plein jour,Hors agglomération,Intersection en T,Normale,Autre collision,3,2,2,0,2,3,1,0,8,80,1,1,0,0,1,0,18.0,,voiture,,1,1,3,1,6
202300014572,2023-11-20 15:47:00,2023,11,20,15,47,17,17291,NATIONALE  ROUTE,46.17374,-1.114883,Plein jour,Hors agglomération,Hors intersection,Normale,Trois véhicules et plus - en chaîne,2,3,3,0,1,1,1,0,1,70,3,3,1,0,0,2,49.0,54.0,voiture,voiture,1,1,1,1,4
202300014573,2023-06-30 00:30:00,2023,6,30,0,30,35,35241,RANCE (BARRAGE DE LA),48.61740165,-2.02786011,Nuit sans éclairage public,Hors agglomération,Hors intersection,Normale,Deux véhicules - arrière,3,3,4,0,1,1,1,0,1,70,2,2,1,0,1,0,31.0,44.0,voiture,deux_roues,3,1,1,1,2
202300014574,2023-03-18 14:50:00,2023,3,18,14,50,13,13021,D9,43.343902,5.169743,Plein jour,Hors agglomération,Hors intersection,Normale,Autre collision,3,3,2,0,2,3,1,0,1,110,1,1,0,1,0,0,34.0,,deux_roues,,1,1,1,1,6
202300014575,2023-12-22 02:20:00,2023,12,22,2,20,06,06069,ROUQUIER (BOULEVARD EMMANUEL),43.64246,6.94222,Nuit sans éclairage public,En agglomération,Hors intersection,Normale,Autre collision,4,3,2,0,1,3,1,9,1,50,1,4,2,0,0,2,19.0,,voiture,,3,2,1,1,6
202300014576,2023-06-01 19:40:00,2023,6,1,19,40,69,69199,Route Départementale 383 ,45.71606,4.84713,Plein jour,Hors agglomération,Hors intersection,Normale,Deux véhicules - arrière,7,3,8,0,1,1,1,0,1,50,2,2,1,0,0,1,35.0,21.0,utilitaire_camion,voiture,1,1,1,1,2
202300014577,2023-11-16 17:27:00,2023,11,16,17,27,16,16102,HUGO (AVENUE VICTOR),45.68881399,-0.31583548,Crépuscule ou aube,En agglomération,Hors intersection,Pluie légère,Deux véhicules - arrière,3,2,2,0,1,1,2,0,1,50,2,2,1,0,1,0,23.0,49.0,deux_roues,utilitaire_camion,2,2,1,2,2
202300014578,2023-07-05 19:40:00,2023,7,5,19,40,34,34172,455 Rue de l'Industrie,43.586938,3.883274,Plein jour,En agglomération,Hors intersection,Normale,Deux véhicules - côté,4,2,2,0,1,1,1,0,1,30,2,2,1,0,1,0,,45.0,voiture,deux_roues,1,2,1,1,3
202300014579,2023-12-26 12:20:00,2023,12,26,12,20,04,04070,ALPILLES (CH. DES),44.0813889,6.20583,Plein jour,En agglomération,Autre intersection,Normale,Autre collision,4,-1,1,0,1,1,9,0,1,50,1,1,0,0,0,1,31.0,,deux_roues,,1,2,9,1,6
202300014580,2023-03-18 12:45:00,2023,3,18,12,45,78,78470,RD 176,48.579276,1.818581,Plein jour,Hors agglomération,Intersection en X,Pluie légère,Deux véhicules - côté,3,2,2,0,1,1,2,0,1,80,2,2,1,0,0,1,19.0,83.0,utilitaire_camion,utilitaire_camion,1,1,2,2,3
202300014580,2023-03-18 12:45:00,2023,3,18,12,45,78,78470,RD 176,48.579276,1.818581,Plein jour,Hors agglomération,Intersection en X,Pluie légère,Deux véhicules - côté,3,2,2,0,1,1,2,0,1,80,2,2,1,0,0,1,19.0,83.0,utilitaire_camion,utilitaire_camion,1,1,2,2,3
202300014581,2023-11-19 18:40:00,2023,11,19,18,40,13,13071,POURRANQUE ( CHEMIN DE LA ),43.41491,5.29784,Nuit sans éclairage public,En agglomération,Hors intersection,Normale,Deux véhicules - frontale,4,2,2,0,1,1,1,0,1,50,2,2,1,0,0,1,46.0,24.0,voiture,voiture,3,2,1,1,1
202300014582,2023-12-26 12:15:00,2023,12,26,12,15,75,75118,PORTE DE SAINT OUEN,48.900701,2.334452,Plein jour,En agglomération,Hors intersection,Normale,Deux véhicules - arrière,4,1,4,0,1,1,1,0,1,70,2,3,2,0,0,1,38.0,61.0,voiture,voiture,1,2,1,1,2
202300014583,2023-11-20 14:45:00,2023,11,20,14,45,13,13213,FRÉDÉRIC MISTRAL (AVENUE),43.3234386,5.45376226,Plein jour,En agglomération,Hors intersection,Normale,Deux véhicules - arrière,4,2,3,0,1,1,1,0,1,50,2,2,1,0,0,1,17.0,24.0,deux_roues,voiture,1,2,1,1,2
202300014584,2023-03-17 14:30:00,2023,3,17,14,30,38,38003,D519,45.32715,4.875333,Plein jour,Hors agglomération,Intersection en X,Normale,Deux véhicules - côté,3,2,2,0,1,1,1,0,1,80,2,4,1,0,1,2,80.0,21.0,voiture,voiture,1,1,2,1,3
202300014584,2023-03-17 14:30:00,2023,3,17,14,30,38,38003,D519,45.32715,4.875333,Plein jour,Hors agglomération,Intersection en X,Normale,Deux véhicules - côté,3,2,2,0,3,1,1,0,1,80,2,4,1,0,1,2,80.0,21.0,voiture,voiture,1,1,2,1,3
202300014585,2023-04-29 09:15:00,2023,4,29,9,15,38,38336,A7   32.870 A 35.680,45.47256,4.83295,Plein jour,Hors agglomération,Autre intersection,Temps couvert,Deux véhicules - arrière,1,1,3,0,1,1,2,0,1,110,2,3,1,0,0,2,32.0,58.0,voiture,voiture,1,1,9,8,2
202300014586,2023-03-17 19:40:00,2023,3,17,19,40,61,61433,D2 PR10+480,48.488681,-0.017761,Nuit sans éclairage public,Hors agglomération,Hors intersection,Normale,Autre collision,3,2,2,0,3,2,1,0,3,90,1,1,0,0,1,0,26.0,,voiture,,3,1,1,1,6
202300014587,2023-11-20 08:45:00,2023,11,20,8,45,13,13208,PIERRE GUERRE (ROND-POINT),43.25,5.38,Plein jour,En agglomération,Autre intersection,Normale,Autre collision,4,-1,2,0,1,3,1,9,1,50,2,2,1,0,0,1,36.0,,deux_roues,deux_roues,1,2,9,1,6
202300014588,2023-12-25 17:00:00,2023,12,25,17,0,75,75115,PORTE BRANCION,48.825912,2.298574,Plein jour,En agglomération,Hors intersection,Normale,Autre collision,4,1,2,0,1,2,1,0,1,50,1,7,3,0,0,4,29.0,,voiture,,1,2,1,1,6
202300014589,2023-05-09 05:29:00,2023,5,9,5,29,69,69266,Route Départementale 383,45.76147,4.90973,Nuit avec éclairage non allumé,Hors agglomération,Hors intersection,Normale,Autre collision,7,3,6,0,1,3,1,0,1,70,1,1,0,1,0,0,51.0,,voiture,,4,1,1,1,6
202300014590,2023-11-19 09:40:00,2023,11,19,9,40,10,10387,CHARMILLES (MAIL DES),48.3009,4.08727,Plein jour,En agglomération,Hors intersection,Normale,Sans collision,4,1,4,1,1,1,2,0,1,50,1,1,0,0,0,1,38.0,,voiture,,1,2,1,1,7
202300014591,2023-07-01 10:15:00,2023,7,1,10,15,34,34032,28 Impasse Anne Frank,43.33643,3.24382,Plein jour,En agglomération,Intersection en T,Pluie forte,Deux véhicules - frontale,4,2,2,0,1,1,2,0,8,50,2,5,1,0,1,3,48.0,48.0,voiture,voiture,1,2,3,3,1
202300014591,2023-07-01 10:15:00,2023,7,1,10,15,34,34032,28 Impasse Anne Frank,43.33643,3.24382,Plein jour,En agglomération,Intersection en T,Pluie forte,Deux véhicules - frontale,4,2,3,0,1,2,2,0,1,50,2,5,1,0,1,3,48.0,48.0,voiture,voiture,1,2,3,3,1
202300014592,2023-03-18 05:20:00,2023,3,18,5,20,60,60103,route nationale 31,49.416669,2.239838,Nuit sans éclairage public,Hors agglomération,Hors intersection,Normale,Autre collision,2,3,2,0,1,1,2,0,1,110,1,3,0,0,1,2,29.0,,voiture,,3,1,1,1,6
202300014593,2023-06-02 07:27:00,2023,6,2,7,27,33,33063,ROCADE A 630,44.8846,-0.5612,Plein jour,Hors agglomération,Hors intersection,Normale,Sans collision,1,1,1,0,2,3,1,3,1,70,1,1,0,0,0,1,66.0,,deux_roues,,1,1,1,1,7
202300014594,2023-11-18 17:26:00,2023,11,18,17,26,10,10387,CHOMEDEY DE MAISONNEUVE (AVE),48.30685,4.07033,Nuit avec éclairage allumé,En agglomération,Hors intersection,Pluie forte,Autre collision,4,1,0,0,1,1,2,0,1,30,1,2,1,0,0,1,25.0,,voiture,,5,2,1,3,6
202300014595,2023-12-25 13:30:00,2023,12,25,13,30,75,75120,PORTE DE MONTREUIL,48.859033,2.41411,Plein jour,En agglomération,Hors intersection,Normale,Deux véhicules - arrière,4,1,4,0,1,1,1,0,1,70,2,2,1,0,0,1,25.0,70.0,deux_roues,voiture,1,2,1,1,2
202300014596,2023-03-17 20:05:00,2023,3,17,20,5,80,80561,1 Avenue Paul Doumer,49.647872,2.570672,Nuit avec éclairage allumé,En agglomération,Hors intersection,Pluie légère,Autre collision,3,2,2,0,2,1,2,0,1,50,1,3,1,0,0,2,59.0,,voiture,,5,2,1,2,6
202300014597,2023-07-06 09:05:00,2023,7,6,9,5,33,33063,Boulevard Alfred Daney,44.875,-0.5542,Plein jour,En agglomération,Intersection en T,Normale,Deux véhicules - côté,4,2,4,2,1,1,1,0,1,50,2,2,1,0,1,0,55.0,26.0,deux_roues,voiture,1,2,3,1,3
202300014597,2023-07-06 09:05:00,2023,7,6,9,5,33,33063,Boulevard Alfred Daney,44.875,-0.5542,Plein jour,En agglomération,Intersection en T,Normale,Deux véhicules - côté,4,2,2,0,1,1,1,0,1,50,2,2,1,0,1,0,55.0,26.0,deux_roues,voiture,1,2,3,1,3
202300014598,2023-11-20 08:00:00,2023,11,20,8,0,06,06069,MARIGARDE (ROUTE DE LA),43.654914,6.938912,Plein jour,En agglomération,Hors intersection,Normale,Sans collision,3,2,2,0,1,1,9,0,1,50,1,1,0,0,0,1,15.0,,deux_roues,,1,2,1,1,7
202300014599,2023-05-31 07:55:00,2023,5,31,7,55,33,33013,ROUTE NATIONALE 89,44.86644201,-0.48696846,Plein jour,Hors agglomération,Hors intersection,Normale,Trois véhicules et plus - en chaîne,2,3,4,0,1,1,1,0,1,90,3,3,1,0,0,2,24.0,33.0,voiture,utilitaire_camion,1,1,1,1,4
202300014600,2023-07-06 10:15:00,2023,7,6,10,15,32,32013,SAMBRE ET MEUSE (AVENUE),43.64745,0.59764,Plein jour,En agglomération,Hors intersection,Normale,Sans collision,4,2,1,0,1,1,1,0,4,50,1,1,0,0,0,1,24.0,,deux_roues,,1,2,1,1,7
202300014601,2023-03-18 11:30:00,2023,3,18,11,30,59,59524,M41,50.57229157,2.88567252,Plein jour,Hors agglomération,Intersection en T,Normale,Deux véhicules - frontale,7,2,2,0,1,4,1,5,1,80,2,2,1,1,0,0,41.0,38.0,utilitaire_camion,deux_roues,1,1,3,1,1
202300014601,2023-03-18 11:30:00,2023,3,18,11,30,59,59524,M41,50.57229157,2.88567252,Plein jour,Hors agglomération,Intersection en T,Normale,Deux véhicules - frontale,7,2,2,0,1,1,1,5,1,80,2,2,1,1,0,0,41.0,38.0,utilitaire_camion,deux_roues,1,1,3,1,1
202300014602,2023-12-26 01:20:00,2023,12,26,1,20,75,75119,AVENUE DE FLANDRE,48.892317,2.379133,Nuit avec éclairage allumé,En agglomération,Intersection en X,Normale,Deux véhicules - arrière,4,1,3,1,1,1,1,0,1,30,2,2,1,0,0,1,20.0,,deux_roues,utilitaire_camion,5,2,2,1,2
202300014602,2023-12-26 01:20:00,2023,12,26,1,20,75,75119,AVENUE DE FLANDRE,48.892317,2.379133,Nuit avec éclairage allumé,En agglomération,Intersection en X,Normale,Deux véhicules - arrière,4,1,1,0,1,1,1,0,1,30,2,2,1,0,0,1,20.0,,deux_roues,utilitaire_camion,5,2,2,1,2
202300014603,2023-07-06 10:16:00,2023,7,6,10,16,29,29232,Route de Penvern,48.0309,-4.09832,Plein jour,Hors agglomération,Hors intersection,Normale,Deux véhicules - côté,3,3,4,0,1,3,1,0,1,90,2,2,0,0,0,2,27.0,52.0,voiture,voiture,1,1,1,1,3
202300014604,2023-11-20 09:55:00,2023,11,20,9,55,05,05061,PROVENCE (AVENUE DE),44.525792,6.048391,Plein jour,En agglomération,Intersection en T,Normale,Deux véhicules - côté,2,2,2,0,1,1,1,5,1,50,2,4,3,0,0,1,40.0,76.0,utilitaire_camion,voiture,1,2,3,1,3
202300014604,2023-11-20 09:55:00,2023,11,20,9,55,05,05061,PROVENCE (AVENUE DE),44.525792,6.048391,Plein jour,En agglomération,Intersection en T,Normale,Deux véhicules - côté,2,2,2,0,1,1,1,5,1,50,2,4,3,0,0,1,40.0,76.0,utilitaire_camion,voiture,1,2,3,1,3
202300014605,2023-03-14 16:57:00,2023,3,14,16,57,13,13207,Tunnel Joliette Marseille vers Aubagne,43.2911,5.3659,Plein jour,Hors agglomération,Hors intersection,Normale,Autre collision,4,-1,2,0,1,1,1,0,1,50,2,2,1,0,0,1,23.0,39.0,deux_roues,voiture,1,1,1,1,6
202300014606,2023-12-26 19:55:00,2023,12,26,19,55,75,75115,RUE VASCO DE GAMA,48.837881,2.281776,Nuit avec éclairage allumé,En agglomération,Intersection en X,Pluie légère,Autre collision,4,1,1,0,1,1,2,0,1,30,1,2,0,0,0,1,,,voiture,,5,2,2,2,6
202300014606,2023-12-26 19:55:00,2023,12,26,19,55,75,75115,RUE VASCO DE GAMA,48.837881,2.281776,Nuit avec éclairage allumé,En agglomération,Intersection en X,Pluie légère,Autre collision,4,1,1,0,1,1,2,0,1,30,1,2,0,0,0,1,,,voiture,,5,2,2,2,6
202300014607,2023-11-20 12:10:00,2023,11,20,12,10,03,03185,Avenue du Canal du Berry,46.35184,2.59678,Plein jour,En agglomération,Autre intersection,Normale,Deux véhicules - frontale,4,1,2,0,1,1,1,0,4,30,2,2,1,0,0,1,24.0,29.0,voiture,deux_roues,1,2,9,1,1
202300014608,2023-07-05 07:12:00,2023,7,5,7,12,29,29039,Route de Melgven - Vc 32,47.87777,-3.8492,Plein jour,En agglomération,Autre intersection,Normale,Deux véhicules - côté,4,2,2,0,3,1,1,0,1,50,2,3,1,0,0,2,60.0,20.0,utilitaire_camion,deux_roues,1,2,9,1,3
202300014609,2023-06-02 17:57:00,2023,6,2,17,57,94,94038,A6B,48.77431145,2.34553563,Plein jour,Hors agglomération,Hors intersection,Normale,Deux véhicules - côté,1,-1,3,0,1,1,1,0,1,90,2,2,1,0,0,1,29.0,46.0,utilitaire_camion,deux_roues,1,1,1,1,3