accident_id,datetime,annee,mois,jour,heure,minute,departement,commune_insee,adresse,latitude,longitude,luminosite,agglomeration,intersection,meteo,collision,catr,circ,nbv,vosp,prof,plan,surf,infra,situ,vma,nb_vehicules,nb_usagers,nb_indemnes,nb_tues,nb_blesses_hosp,nb_blesses_legers,age_cond_1,age_cond_2,veh_type_cond_1,veh_type_cond_2,lum_code,agg_code,int_code,atm_code,col_code
202300014680,2023-12-27 19:30:00,2023,12,27,19,30,76,76476,Rue des Communes,49.536489,0.601727,Nuit avec éclairage allumé,En agglomération,Intersection en X,Autre,Deux véhicules - côté,4,2,2,0,1,1,2,0,1,50,2,2,1,0,1,0,19.0,15.0,deux_roues,deux_roues,5,2,2,9,3
202300014681,2023-06-02 17:45:00,2023,6,2,17,45,77,77258,A4.W,48.830839,2.634812,Plein jour,Hors agglomération,Hors intersection,Normale,Deux véhicules - arrière,1,-1,5,0,1,1,1,0,1,110,2,5,1,0,0,4,40.0,44.0,utilitaire_camion,voiture,1,1,1,1,2
202300014682,2023-03-16 10:30:00,2023,3,16,10,30,974,97407,ROUTE DU SACRE COEUR,-20.9569,55.314,Plein jour,En agglomération,Autre intersection,Normale,Deux véhicules - côté,4,2,2,1,1,1,1,0,1,50,2,2,1,0,0,1,28.0,21.0,deux_roues,voiture,1,2,9,1,3
202300014683,2023-11-20 18:50:00,2023,11,20,18,50,93,93055,Avenue Jean Lolive,48.89158,2.40528,Nuit avec éclairage allumé,En agglomération,Intersection en X,Normale,Autre collision,3,3,3,1,1,1,2,5,1,30,1,2,0,0,0,2,24.0,,deux_roues,,5,2,2,1,6
202300014683,2023-11-20 18:50:00,2023,11,20,18,50,93,93055,Avenue Jean Lolive,48.89158,2.40528,Nuit avec éclairage allumé,En agglomération,Intersection en X,Normale,Autre collision,3,1,1,2,1,1,2,0,1,-1,1,2,0,0,0,2,24.0,,deux_roues,,5,2,2,1,6
202300014684,2023-03-16 13:30:00,2023,3,16,13,30,973,97302,MADELEINE (ROUTE DE LA),4.92265,-52.3234,Plein jour,En agglomération,Hors intersection,Normale,Deux véhicules - côté,3,2,2,0,1,1,1,0,1,50,2,2,1,0,0,1,39.0,64.0,deux_roues,utilitaire_camion,1,2,1,1,3
202300014685,2023-12-25 19:10:00,2023,12,25,19,10,57,57028,D1,49.209839,6.210237,Nuit sans éclairage public,Hors agglomération,Giratoire,Pluie légère,Autre collision,3,3,2,0,1,3,2,0,3,90,1,2,1,0,1,0,76.0,,voiture,,3,1,6,2,6
202300014686,2023-11-20 16:45:00,2023,11,20,16,45,93,93046,Boulevard Gutenberg / Avenue Vauban,48.91295808,2.51840734,Crépuscule ou aube,En agglomération,Intersection en X,Pluie légère,Autre collision,4,2,2,0,1,1,2,0,1,50,1,2,1,0,0,1,19.0,,voiture,,2,2,2,2,6
202300014686,2023-11-20 16:45:00,2023,11,20,16,45,93,93046,Boulevard Gutenberg / Avenue Vauban,48.91295808,2.51840734,Crépuscule ou aube,En agglomération,Intersection en X,Pluie légère,Autre collision,4,2,2,0,1,1,2,0,1,50,1,2,1,0,0,1,19.0,,voiture,,2,2,2,2,6
202300014687,2023-03-16 08:35:00,2023,3,16,8,35,973,97302,BADUEL (ROUTE DE),4.93083,-52.30561,Plein jour,En agglomération,Hors intersection,Normale,Deux véhicules - arrière,3,2,2,0,1,1,1,0,1,50,2,3,1,0,0,2,45.0,25.0,voiture,deux_roues,1,2,1,1,2
202300014688,2023-11-20 21:30:00,2023,11,20,21,30,93,93031,Route d'Argenteuil / Rue de Marseille,48.960886,2.293431,Nuit avec éclairage allumé,En agglomération,Intersection en T,Normale,Deux véhicules - frontale,3,2,2,0,1,1,2,0,1,50,2,2,1,0,0,1,24.0,51.0,voiture,transport_commun,5,2,3,1,1
202300014688,2023-11-20 21:30:00,2023,11,20,21,30,93,93031,Route d'Argenteuil / Rue de Marseille,48.960886,2.293431,Nuit avec éclairage allumé,En agglomération,Intersection en T,Normale,Deux véhicules - frontale,3,2,2,0,1,1,2,0,1,50,2,2,1,0,0,1,24.0,51.0,voiture,transport_commun,5,2,3,1,1
202300014689,2023-06-02 12:45:00,2023,6,2,12,45,94,94073,A86,48.75910401,2.38383813,Plein jour,Hors agglomération,Hors intersection,Normale,Deux véhicules - arrière,1,3,2,0,1,1,1,0,1,90,2,2,1,0,0,1,49.0,43.0,deux_roues,utilitaire_camion,1,1,1,1,2
202300014690,2023-11-05 18:35:00,2023,11,5,18,35,11,11059,route departementale 623,43.160721,2.113178,Nuit sans éclairage public,Hors agglomération,Autre intersection,Normale,Deux véhicules - arrière,3,2,2,0,1,1,1,0,1,80,2,3,1,0,0,2,18.0,36.0,voiture,voiture,3,1,9,1,2
202300014691,2023-03-16 07:30:00,2023,3,16,7,30,973,97302,,4.9293,-52.2961,Plein jour,En agglomération,Hors intersection,Normale,Deux véhicules - côté,3,2,2,0,1,1,1,0,1,50,2,2,1,0,0,1,37.0,37.0,deux_roues,voiture,1,2,1,1,3
202300014692,2023-08-25 03:00:00,2023,8,25,3,0,11,11410,25 Avenue Jean Jaurès,43.257839,2.412438,Nuit sans éclairage public,En agglomération,Hors intersection,Normale,Autre collision,3,2,2,0,1,3,1,0,4,30,1,1,0,0,1,0,18.0,,deux_roues,,3,2,1,1,6
202300014693,2023-06-02 00:50:00,2023,6,2,0,50,77,77337,RN104,48.82922,2.61576,Nuit sans éclairage public,Hors agglomération,Hors intersection,Normale,Autre collision,2,-1,2,0,1,2,1,0,1,70,1,1,0,0,0,1,26.0,,deux_roues,,3,1,1,1,6
202300014694,2023-11-20 20:29:00,2023,11,20,20,29,93,93031,Avenue Salvador Allende,48.956308,2.30855,Nuit avec éclairage allumé,En agglomération,Hors intersection,Pluie légère,Deux véhicules - frontale,3,2,4,0,1,1,2,0,1,50,2,2,1,0,1,0,23.0,23.0,autre,autre,5,2,1,2,1
202300014695,2023-03-16 16:20:00,2023,3,16,16,20,69,69388,21 Rue Joseph Chapelle,45.73524,4.86707,Plein jour,En agglomération,Hors intersection,Normale,Autre collision,4,1,1,0,1,1,1,0,1,50,1,1,0,0,0,1,76.0,,voiture,,1,2,1,1,6
202300014696,2023-09-18 00:29:00,2023,9,18,0,29,06,06143,la Peïruo,43.943314,7.014309,Nuit sans éclairage public,En agglomération,Hors intersection,Normale,Autre collision,5,2,2,0,2,1,1,0,8,50,1,1,0,0,0,1,34.0,,voiture,,3,2,1,1,6
202300014697,2023-11-20 12:40:00,2023,11,20,12,40,93,93079,Avenue de la Division Leclerc,48.95768,2.34492,Plein jour,En agglomération,Hors intersection,Normale,Deux véhicules - arrière,3,3,2,0,1,1,1,0,1,50,2,2,1,0,1,0,45.0,22.0,voiture,deux_roues,1,2,1,1,2
202300014698,2023-05-31 15:19:00,2023,5,31,15,19,987,98735,PRINCE HINOI (AVENUE),-17.53389403,-149.56137429,Plein jour,En agglomération,Hors intersection,Normale,Autre collision,4,3,4,0,1,1,1,0,1,30,1,3,0,0,1,2,41.0,,deux_roues,,1,2,1,1,6
202300014699,2023-12-26 09:40:00,2023,12,26,9,40,85,85223,A83 pk 076.400,46.537034,-1.079434,Plein jour,Hors agglomération,Hors intersection,Normale,Autre collision,1,1,2,0,2,3,2,0,3,130,1,4,1,0,1,2,18.0,,voiture,,1,1,1,1,6
202300014700,2023-03-16 07:55:00,2023,3,16,7,55,69,69383,68 Rue Ferdinand Buisson,45.74979,4.88985,Plein jour,En agglomération,Intersection en T,Normale,Deux véhicules - côté,4,1,1,2,1,1,1,0,1,30,2,2,1,0,0,1,45.0,28.0,voiture,deux_roues,1,2,3,1,3
202300014701,2023-06-01 09:20:00,2023,6,1,9,20,974,97416,RN03,-21.32945,55.4708,Plein jour,Hors agglomération,Autre intersection,Normale,Sans collision,2,1,2,0,2,1,1,0,1,110,1,1,0,0,0,1,41.0,,deux_roues,,1,1,9,1,7
202300014702,2023-11-20 18:45:00,2023,11,20,18,45,93,93008,Rue Carnot,48.90661,2.44987,Nuit sans éclairage public,En agglomération,Hors intersection,Pluie légère,Autre collision,4,1,1,0,1,1,2,6,1,30,1,2,1,0,0,1,62.0,,voiture,,3,2,1,2,6
202300014703,2023-09-17 14:35:00,2023,9,17,14,35,88,88196,PK 28.300 RD417 route d'Epinal,48.072513,6.841275,Plein jour,Hors agglomération,Hors intersection,Normale,Deux véhicules - frontale,3,2,2,1,2,1,1,0,1,70,3,4,1,0,1,2,77.0,66.0,voiture,voiture,1,1,1,1,1
202300014704,2023-03-13 19:20:00,2023,3,13,19,20,69,69389,74 Rue de Saint-Cyr,45.78425128,4.80839207,Nuit avec éclairage allumé,En agglomération,Hors intersection,Pluie légère,Autre collision,4,2,2,0,1,1,2,0,1,50,1,2,1,0,0,1,59.0,,deux_roues,,5,2,1,2,6
202300014705,2023-06-01 13:30:00,2023,6,1,13,30,974,97407,SIMON PERNIC (RUE) ,-20.94646,55.31001,Plein jour,En agglomération,Hors intersection,Normale,Deux véhicules - frontale,4,2,2,0,1,3,1,0,1,50,2,2,1,0,0,1,35.0,53.0,deux_roues,utilitaire_camion,1,2,1,1,1
202300014706,2023-11-20 02:00:00,2023,11,20,2,0,93,93007,Avenue Paul Vaillant Couturier / Rue Pierre Sémard,48.92932669,2.47993316,Nuit avec éclairage allumé,En agglomération,Intersection en X,Normale,Deux véhicules - côté,3,2,2,0,1,1,1,0,1,50,2,2,1,0,0,1,,46.0,voiture,voiture,5,2,2,1,3
202300014706,2023-11-20 02:00:00,2023,11,20,2,0,93,93007,Avenue Paul Vaillant Couturier / Rue Pierre Sémard,48.92932669,2.47993316,Nuit avec éclairage allumé,En agglomération,Intersection en X,Normale,Deux véhicules - côté,3,2,2,0,1,1,1,0,1,50,2,2,1,0,0,1,,46.0,voiture,voiture,5,2,2,1,3
202300014707,2023-03-16 08:30:00,2023,3,16,8,30,2B,2B120,11 - RT,42.64779,9.44028,Plein jour,Hors agglomération,Hors intersection,Normale,Deux véhicules - côté,2,3,2,0,1,1,1,0,1,70,2,2,1,0,0,1,41.0,39.0,deux_roues,voiture,1,1,1,1,3
202300014708,2023-09-17 10:50:00,2023,9,17,10,50,57,57443,N52,49.209737,6.126772,Plein jour,En agglomération,Hors intersection,Normale,Deux véhicules - côté,2,3,0,0,1,1,1,0,1,90,2,3,2,0,1,0,69.0,41.0,deux_roues,utilitaire_camion,1,2,1,1,3
202300014709,2023-12-27 10:20:00,2023,12,27,10,20,41,41167,D952,47.466016,1.095162,Plein jour,Hors agglomération,Hors intersection,Normale,Trois véhicules et plus - collisions multiples,3,2,2,0,1,1,1,0,1,80,3,5,0,1,0,4,71.0,20.0,voiture,voiture,1,1,1,1,5
202300014710,2023-11-11 19:45:00,2023,11,11,19,45,92,92049,MARNE AVENUE DE LA,48.8137093,2.30490196,Nuit avec éclairage allumé,En agglomération,Hors intersection,Normale,Sans collision,4,2,0,0,1,1,2,0,1,50,1,1,0,0,0,1,38.0,,deux_roues,,5,2,1,1,7
202300014711,2023-06-01 15:20:00,2023,6,1,15,20,69,69383,52 Avenue Maréchal de Saxe,45.75803,4.84615,Plein jour,En agglomération,Hors intersection,Normale,Deux véhicules - arrière,4,1,1,3,1,1,1,0,1,50,2,3,2,0,0,1,57.0,38.0,voiture,utilitaire_camion,1,2,1,1,2
202300014712,2023-03-09 17:45:00,2023,3,9,17,45,91,91514,CD 33,48.6712,2.52609,Plein jour,Hors agglomération,Hors intersection,Pluie légère,Sans collision,3,2,2,0,2,2,3,0,4,70,1,2,0,0,0,2,33.0,,voiture,,1,1,1,2,7
202300014713,2023-06-01 17:30:00,2023,6,1,17,30,972,97209,RD 41 (ROCADE),14.60913,-61.06675,Crépuscule ou aube,Hors agglomération,Hors intersection,Normale,Deux véhicules - arrière,3,1,2,0,1,1,1,0,1,70,2,2,0,0,0,2,25.0,49.0,voiture,voiture,2,1,1,1,2
202300014714,2023-11-20 11:30:00,2023,11,20,11,30,92,92049,BROSSOLETTE AVENUE PIERRE,48.8128,2.30166,Plein jour,En agglomération,Intersection en T,Normale,Deux véhicules - côté,3,2,4,1,1,1,1,0,5,50,2,2,1,0,0,1,30.0,64.0,deux_roues,voiture,1,2,3,1,3
202300014714,2023-11-20 11:30:00,2023,11,20,11,30,92,92049,BROSSOLETTE AVENUE PIERRE,48.8128,2.30166,Plein jour,En agglomération,Intersection en T,Normale,Deux véhicules - côté,3,1,1,0,1,1,1,0,5,30,2,2,1,0,0,1,30.0,64.0,deux_roues,voiture,1,2,3,1,3
202300014715,2023-12-23 18:20:00,2023,12,23,18,20,26,26216,1140 Route de Saint Uze,45.19105,4.89494,Nuit sans éclairage public,Hors agglomération,Hors intersection,Pluie légère,Autre collision,3,2,2,0,2,2,2,0,1,70,1,2,1,0,1,0,26.0,,voiture,,3,1,1,2,6
202300014716,2023-09-18 08:10:00,2023,9,18,8,10,07,07015,PK 28 D86,45.132573,4.80227,Plein jour,Hors agglomération,Hors intersection,Pluie forte,Trois véhicules et plus - collisions multiples,3,2,2,0,1,1,3,0,1,90,3,3,0,0,0,3,56.0,41.0,voiture,voiture,1,1,1,3,5
202300014717,2023-03-15 21:38:00,2023,3,15,21,38,91,91223,PARIS (AVENUE DE),48.43983,2.16877,Nuit avec éclairage allumé,En agglomération,Hors intersection,Normale,Sans collision,4,2,1,0,1,1,1,0,1,50,1,1,0,0,1,0,52.0,,deux_roues,,5,2,1,1,7
202300014718,2023-03-15 17:55:00,2023,3,15,17,55,83,83137,GASQUET (AVE JOSEPH DE 1 A 1423,43.1252,5.9667,Plein jour,En agglomération,Hors intersection,Normale,Autre collision,4,2,2,0,1,1,1,0,1,50,1,2,1,0,0,1,53.0,,voiture,,1,2,1,1,6
202300014719,2023-06-01 17:41:00,2023,6,1,17,41,69,69034,112 Quai Clémenceau,45.81152,4.84602,Plein jour,En agglomération,Hors intersection,Normale,Deux véhicules - côté,7,2,2,2,1,3,1,0,1,50,2,2,1,0,0,1,71.0,16.0,voiture,deux_roues,1,2,1,1,3
202300014720,2023-11-20 09:25:00,2023,11,20,9,25,75,75115,Boulevard Gallieni,48.82973149,2.2673808,Plein jour,En agglomération,Intersection en T,Normale,Deux véhicules - côté,4,2,2,0,1,1,1,0,1,50,2,2,1,0,0,1,46.0,34.0,voiture,utilitaire_camion,1,2,3,1,3
202300014720,2023-11-20 09:25:00,2023,11,20,9,25,75,75115,Boulevard Gallieni,48.82973149,2.2673808,Plein jour,En agglomération,Intersection en T,Normale,Deux véhicules - côté,4,2,2,0,1,1,1,0,1,30,2,2,1,0,0,1,46.0,34.0,voiture,utilitaire_camion,1,2,3,1,3
202300014721,2023-09-17 10:35:00,2023,9,17,10,35,65,65059,Place des Vignaux,43.066203,0.149367,Plein jour,En agglomération,Intersection en T,Normale,Autre collision,4,1,1,0,1,1,1,0,1,50,1,2,1,0,1,0,82.0,,voiture,,1,2,3,1,6
202300014721,2023-09-17 10:35:00,2023,9,17,10,35,65,65059,Place des Vignaux,43.066203,0.149367,Plein jour,En agglomération,Intersection en T,Normale,Autre collision,4,2,2,-1,1,1,1,0,1,50,1,2,1,0,1,0,82.0,,voiture,,1,2,3,1,6
202300014722,2023-12-26 16:40:00,2023,12,26,16,40,41,41010,Rue de Buissay,47.854163,1.002803,Plein jour,En agglomération,Autre intersection,Normale,Deux véhicules - côté,4,2,2,0,1,3,1,0,1,-1,2,2,1,0,0,1,73.0,13.0,voiture,deux_roues,1,2,9,1,3
202300014723,2023-06-01 10:10:00,2023,6,1,10,10,69,69385,Rue Joliot Curie,45.75444,4.78216,Plein jour,En agglomération,Intersection en X,Normale,Deux véhicules - côté,4,2,4,2,2,1,1,0,1,30,2,2,1,0,1,0,27.0,23.0,deux_roues,voiture,1,2,2,1,3
202300014723,2023-06-01 10:10:00,2023,6,1,10,10,69,69385,Rue Joliot Curie,45.75444,4.78216,Plein jour,En agglomération,Intersection en X,Normale,Deux véhicules - côté,4,2,3,0,2,1,1,5,1,30,2,2,1,0,1,0,27.0,23.0,deux_roues,voiture,1,2,2,1,3
202300014724,2023-11-20 18:50:00,2023,11,20,18,50,92,92025,CHARLES DE GAULLE (BD),48.91904197,2.22299731,Nuit sans éclairage public,En agglomération,Intersection en X,Pluie légère,Autre collision,1,1,4,0,1,1,2,3,1,50,1,2,1,0,1,0,47.0,,deux_roues,,3,2,2,2,6
202300014724,2023-11-20 18:50:00,2023,11,20,18,50,92,92025,CHARLES DE GAULLE (BD),48.91904197,2.22299731,Nuit sans éclairage public,En agglomération,Intersection en X,Pluie légère,Autre collision,1,1,4,0,1,1,2,0,1,50,1,2,1,0,1,0,47.0,,deux_roues,,3,2,2,2,6
202300014725,2023-09-16 23:50:00,2023,9,16,23,50,09,09003,D117,42.919302,1.891322,Nuit sans éclairage public,Hors agglomération,Autre intersection,Normale,Autre collision,3,2,2,0,2,4,1,0,1,80,1,2,1,0,0,1,32.0,,voiture,,3,1,9,1,6
202300014726,2023-09-18 01:45:00,2023,9,18,1,45,86,86062,Rue des Sables,46.646195,0.368042,Nuit sans éclairage public,En agglomération,Giratoire,Normale,Sans collision,4,1,1,0,1,2,1,0,1,50,1,1,0,0,1,0,47.0,,deux_roues,,3,2,6,1,7
202300014727,2023-12-22 17:35:00,2023,12,22,17,35,67,67435,D8,48.917444,7.085946,Nuit sans éclairage public,Hors agglomération,Intersection en T,Normale,Deux véhicules - arrière,3,2,2,0,1,1,2,0,1,80,2,2,1,0,0,1,34.0,62.0,voiture,voiture,3,1,3,1,2
202300014727,2023-12-22 17:35:00,2023,12,22,17,35,67,67435,D8,48.917444,7.085946,Nuit sans éclairage public,Hors agglomération,Intersection en T,Normale,Deux véhicules - arrière,3,2, -1,-1,1,1,2,0,1,-1,2,2,1,0,0,1,34.0,62.0,voiture,voiture,3,1,3,1,2
202300014728,2023-11-18 23:45:00,2023,11,18,23,45,92,92025,STALINGRAD (AV DE),48.93201,2.26635,Nuit avec éclairage allumé,En agglomération,Hors intersection,Pluie légère,Autre collision,3,2,4,0,1,1,2,0,1,50,1,2,1,0,1,0,33.0,,voiture,,5,2,1,2,6
202300014729,2023-05-30 21:45:00,2023,5,30,21,45,971,97101,RN1-  HAUTEUR DE SORTIE LAURICISQUE,16.25315935,-61.5442729,Nuit sans éclairage public,Hors agglomération,Hors intersection,Normale,Deux véhicules - côté,2,2,4,0,1,1,1,0,1,90,2,2,1,0,0,1,28.0,24.0,voiture,voiture,3,1,1,1,3
202300014730,2023-03-16 13:30:00,2023,3,16,13,30,77,77249,RTE DE MAISON BLANCHE,48.75,2.6125,Plein jour,Hors agglomération,Hors intersection,Normale,Sans collision,4,1,1,0,1,3,1,9,3,30,1,1,0,0,0,1,47.0,,deux_roues,,1,1,1,1,7
202300014731,2023-09-14 17:00:00,2023,9,14,17,0,85,85112,la brochetiere,46.554112,-1.765299,Plein jour,Hors agglomération,Hors intersection,Temps éblouissant,Sans collision,3,2,2,0,3,1,1,0,8,80,1,1,0,1,0,0,71.0,,deux_roues,,1,1,1,7,7
202300014732,2023-06-01 15:30:00,2023,6,1,15,30,95,95277,D970,49.00573,2.42707,Plein jour,Hors agglomération,Hors intersection,Normale,Deux véhicules - frontale,3,2,2,0,1,1,1,0,1,70,2,2,0,0,0,2,81.0,39.0,voiture,voiture,1,1,1,1,1
202300014733,2023-11-20 10:20:00,2023,11,20,10,20,92,92024,CLICHY (QUAI DE) DE (8 A 60),48.90844989,2.30021238,Plein jour,En agglomération,Intersection en X,Normale,Deux véhicules - côté,3,1,2,0,1,1,1,0,1,50,2,2,1,0,0,1,,23.0,voiture,deux_roues,1,2,2,1,3
202300014733,2023-11-20 10:20:00,2023,11,20,10,20,92,92024,CLICHY (QUAI DE) DE (8 A 60),48.90844989,2.30021238,Plein jour,En agglomération,Intersection en X,Normale,Deux véhicules - côté,3,1,2,0,1,1,1,0,1,50,2,2,1,0,0,1,,23.0,voiture,deux_roues,1,2,2,1,3
202300014734,2023-12-27 16:04:00,2023,12,27,16,4,71,71263,Rue du Jura,46.633058,5.25147,Plein jour,Hors agglomération,Hors intersection,Normale,Deux véhicules - frontale,3,2,2,0,1,1,1,0,1,90,2,3,1,0,2,0,69.0,17.0,voiture,deux_roues,1,1,1,1,1
202300014735,2023-09-18 09:20:00,2023,9,18,9,20,85,85113,9 Rue neptune,46.723866,-2.344481,Plein jour,En agglomération,Hors intersection,Normale,Autre collision,4,2,2,0,2,1,2,8,1,50,1,1,0,0,0,1,77.0,,deux_roues,,1,2,1,1,6
202300014736,2023-03-15 16:50:00,2023,3,15,16,50,77,77495,D306,48.57202,2.62156,Plein jour,Hors agglomération,Hors intersection,Normale,Trois véhicules et plus - en chaîne,3,2,3,0,1,1,1,0,1,70,3,3,2,0,0,1,23.0,58.0,voiture,voiture,1,1,1,1,4
202300014737,2023-11-07 21:50:00,2023,11,7,21,50,92,92036,PIERRE DE COUBERTIN  ( BD ),48.92926369,2.28446531,Nuit avec éclairage allumé,En agglomération,Intersection en X,Normale,Deux véhicules - côté,3,2,2,0,1,1,1,0,1,50,2,2,1,0,0,1,57.0,32.0,voiture,deux_roues,5,2,2,1,3
202300014737,2023-11-07 21:50:00,2023,11,7,21,50,92,92036,PIERRE DE COUBERTIN  ( BD ),48.92926369,2.28446531,Nuit avec éclairage allumé,En agglomération,Intersection en X,Normale,Deux véhicules - côté,3,2,4,0,1,1,1,0,1,50,2,2,1,0,0,1,57.0,32.0,voiture,deux_roues,5,2,2,1,3
202300014738,2023-03-16 13:35:00,2023,3,16,13,35,76,76351,JULES DELAMARE,49.49144,0.1612,Plein jour,En agglomération,Intersection en Y,Normale,Deux véhicules - côté,3,1,1,0,3,3,1,0,1,50,2,2,1,0,0,1,40.0,34.0,deux_roues,voiture,1,2,4,1,3
202300014738,2023-03-16 13:35:00,2023,3,16,13,35,76,76351,JULES DELAMARE,49.49144,0.1612,Plein jour,En agglomération,Intersection en Y,Normale,Deux véhicules - côté,3,2,3,0,1,2,1,0,1,50,2,2,1,0,0,1,40.0,34.0,deux_roues,voiture,1,2,4,1,3
202300014739,2023-12-26 15:40:00,2023,12,26,15,40,71,71243,D112,46.465221,5.321503,Plein jour,Hors agglomération,Hors intersection,Normale,Deux véhicules - côté,3,2,2,0,2,1,1,0,1,90,2,2,1,0,1,0,57.0,20.0,voiture,autre,1,1,1,1,3
202300014740,2023-05-30 00:30:00,2023,5,30,0,30,91,91174,D446,48.61065,2.44896,Nuit avec éclairage non allumé,En agglomération,Hors intersection,Normale,Deux véhicules - frontale,3,2,2,0,1,1,1,0,1,70,2,2,1,0,0,1,27.0,21.0,voiture,voiture,4,2,1,1,1
202300014741,2023-11-18 20:10:00,2023,11,18,20,10,63,63345,D942,45.743164,2.955,Nuit sans éclairage public,Hors agglomération,Hors intersection,Normale,Deux véhicules - arrière,3,2,2,0,2,1,2,0,1,90,2,3,2,0,0,1,56.0,43.0,voiture,voiture,3,1,1,1,2
202300014742,2023-09-17 21:45:00,2023,9,17,21,45,60,60346,Avenue de la Libération,49.149884,2.442637,Nuit avec éclairage allumé,En agglomération,Autre intersection,Pluie forte,Autre collision,3,2,1,0,1,1,2,0,1,30,1,2,1,0,0,1,47.0,,voiture,,5,2,9,3,6
202300014743,2023-03-15 07:45:00,2023,3,15,7,45,76,76351,FLEURUS (DE),49.49262,0.1375,Plein jour,En agglomération,Intersection en X,Pluie légère,Deux véhicules - côté,4,2,2,0,1,1,2,0,1,50,2,2,1,0,0,1,22.0,36.0,deux_roues,voiture,1,2,2,2,3
202300014743,2023-03-15 07:45:00,2023,3,15,7,45,76,76351,FLEURUS (DE),49.49262,0.1375,Plein jour,En agglomération,Intersection en X,Pluie légère,Deux véhicules - côté,4,2,2,0,1,1,2,0,1,50,2,2,1,0,0,1,22.0,36.0,deux_roues,voiture,1,2,2,2,3
202300014744,2023-12-27 19:30:00,2023,12,27,19,30,71,71218,Le Belvedere,46.311357,4.350032,Nuit sans éclairage public,Hors agglomération,Hors intersection,Normale,Autre collision,3,2,2,0,2,2,2,2,3,80,1,1,0,1,0,0,35.0,,voiture,,3,1,1,1,6
202300014745,2023-06-01 18:05:00,2023,6,1,18,5,89,89342,,48.2218,3.27106,Plein jour,Hors agglomération,Intersection en X,Normale,Deux véhicules - arrière,3,2,2,0,1,1,1,0,1,70,2,4,1,0,0,3,24.0,28.0,utilitaire_camion,voiture,1,1,2,1,2
202300014745,2023-06-01 18:05:00,2023,6,1,18,5,89,89342,,48.2218,3.27106,Plein jour,Hors agglomération,Intersection en X,Normale,Deux véhicules - arrière,3,2,2,0,1,1,1,0,1,70,2,4,1,0,0,3,24.0,28.0,utilitaire_camion,voiture,1,1,2,1,2
202300014746,2023-11-20 17:30:00,2023,11,20,17,30,54,54113,D674,48.74003465,6.33505046,Nuit sans éclairage public,Hors agglomération,Hors intersection,Pluie légère,Deux véhicules - frontale,3,2,2,0,1,1,2,0,1,80,2,3,0,0,1,2,22.0,71.0,voiture,voiture,3,1,1,2,1
202300014747,2023-09-18 17:00:00,2023,9,18,17,0,60,60009,Rue de la Chapelle,49.40765,2.131197,Plein jour,En agglomération,Intersection en T,Pluie légère,Deux véhicules - frontale,4,-1, -1,-1,1,1,2,0,1,-1,2,3,0,0,0,3,21.0,49.0,voiture,voiture,1,2,3,2,1
202300014747,2023-09-18 17:00:00,2023,9,18,17,0,60,60009,Rue de la Chapelle,49.40765,2.131197,Plein jour,En agglomération,Intersection en T,Pluie légère,Deux véhicules - frontale,4,2,2,0,1,3,2,0,1,50,2,3,0,0,0,3,21.0,49.0,voiture,voiture,1,2,3,2,1
202300014748,2023-03-16 19:55:00,2023,3,16,19,55,73,73008,D50 / D991,45.68555,5.91003,Nuit avec éclairage allumé,En agglomération,Giratoire,Normale,Deux véhicules - côté,3,2,2,0,1,2,1,0,1,50,2,2,1,0,0,1,19.0,62.0,deux_roues,transport_commun,5,2,6,1,3
202300014748,2023-03-16 19:55:00,2023,3,16,19,55,73,73008,D50 / D991,45.68555,5.91003,Nuit avec éclairage allumé,En agglomération,Giratoire,Normale,Deux véhicules - côté,3,1,1,2,1,2,1,0,1,50,2,2,1,0,0,1,19.0,62.0,deux_roues,transport_commun,5,2,6,1,3
202300014749,2023-12-27 12:45:00,2023,12,27,12,45,61,61293,D8,48.520118,0.562191,Plein jour,Hors agglomération,Intersection en T,Normale,Deux véhicules - côté,3,2,2,0,2,1,1,0,1,70,2,2,0,0,2,0,31.0,23.0,deux_roues,deux_roues,1,1,3,1,3
202300014749,2023-12-27 12:45:00,2023,12,27,12,45,61,61293,D8,48.520118,0.562191,Plein jour,Hors agglomération,Intersection en T,Normale,Deux véhicules - côté,3,2,2,0,4,3,1,0,1,50,2,2,0,0,2,0,31.0,23.0,deux_roues,deux_roues,1,1,3,1,3
202300014750,2023-05-31 14:20:00,2023,5,31,14,20,87,87085,AUTOROUTE A20,45.89472,1.29376,Plein jour,Hors agglomération,Hors intersection,Normale,Deux véhicules - arrière,1,1,2,0,1,1,1,3,1,70,2,2,1,0,0,1,45.0,40.0,voiture,utilitaire_camion,1,1,1,1,2
202300014751,2023-09-17 00:50:00,2023,9,17,0,50,13,13202,Tunnel Joliette Marseille vers Aubagne,43.3022,5.36465,Nuit avec éclairage allumé,Hors agglomération,Hors intersection,Normale,Sans collision,7,-1,2,0,1,1,1,1,1,50,1,2,0,0,0,2,38.0,,deux_roues,,5,1,1,1,7
202300014752,2023-11-21 08:30:00,2023,11,21,8,30,95,95205,D316,49.025533,2.387091,Crépuscule ou aube,Hors agglomération,Intersection en Y,Pluie légère,Deux véhicules - frontale,3,2,2,0,1,1,2,5,6,90,2,2,1,0,1,0,27.0,15.0,voiture,deux_roues,2,1,4,2,1