accident_id,datetime,annee,mois,jour,heure,minute,departement,commune_insee,adresse,latitude,longitude,luminosite,agglomeration,intersection,meteo,collision,catr,circ,nbv,vosp,prof,plan,surf,infra,situ,vma,nb_vehicules,nb_usagers,nb_indemnes,nb_tues,nb_blesses_hosp,nb_blesses_legers,age_cond_1,age_cond_2,veh_type_cond_1,veh_type_cond_2,lum_code,agg_code,int_code,atm_code,col_code
202300014752,2023-11-21 08:30:00,2023,11,21,8,30,95,95205,D316,49.025533,2.387091,Crépuscule ou aube,Hors agglomération,Intersection en Y,Pluie légère,Deux véhicules - frontale,3,2,2,-1,1,1,2,0,1,-1,2,2,1,0,1,0,27.0,15.0,voiture,deux_roues,2,1,4,2,1
202300014753,2023-03-16 07:45:00,2023,3,16,7,45,72,72181,RUAUDIN (RUE) N° PAIRS 74 A 190,47.9802,0.2166,Plein jour,En agglomération,Intersection en T,Normale,Deux véhicules - côté,4,3,2,0,1,1,1,0,1,50,2,2,1,0,0,1,34.0,40.0,voiture,deux_roues,1,2,3,1,3
202300014753,2023-03-16 07:45:00,2023,3,16,7,45,72,72181,RUAUDIN (RUE) N° PAIRS 74 A 190,47.9802,0.2166,Plein jour,En agglomération,Intersection en T,Normale,Deux véhicules - côté,4,2,2,0,1,1,1,9,1,50,2,2,1,0,0,1,34.0,40.0,voiture,deux_roues,1,2,3,1,3
202300014754,2023-11-20 16:05:00,2023,11,20,16,5,85,85092,4 Rue de grissais,46.46551,-0.817022,Plein jour,En agglomération,Hors intersection,Normale,Deux véhicules - frontale,4,2,2,1,1,1,1,0,1,20,2,2,1,0,1,0,16.0,61.0,deux_roues,transport_commun,1,2,1,1,1
202300014755,2023-09-16 21:40:00,2023,9,16,21,40,69,69029,Boulevard Périphérique Laurent Bonnevay,45.74247364,4.90562873,Nuit avec éclairage allumé,Hors agglomération,Autre intersection,Normale,Deux véhicules - arrière,7,3,8,0,1,1,1,0,1,70,2,3,1,0,0,2,20.0,22.0,voiture,voiture,5,1,9,1,2
202300014756,2023-05-26 17:03:00,2023,5,26,17,3,87,87085,LIAISON SUD ( voie de),45.81098,1.25688,Plein jour,En agglomération,Hors intersection,Normale,Autre collision,4,3,4,0,1,1,1,0,1,50,2,2,1,0,0,1,54.0,34.0,voiture,deux_roues,1,2,1,1,6
202300014757,2023-12-27 12:49:00,2023,12,27,12,49,49,49362,Boulevard Saint-vincent,47.222913,-0.061879,Plein jour,En agglomération,Intersection en X,Normale,Deux véhicules - côté,3,2,2,0,4,1,1,0,1,50,2,3,2,0,1,0,67.0,36.0,voiture,utilitaire_camion,1,2,2,1,3
202300014757,2023-12-27 12:49:00,2023,12,27,12,49,49,49362,Boulevard Saint-vincent,47.222913,-0.061879,Plein jour,En agglomération,Intersection en X,Normale,Deux véhicules - côté,3,2,2,0,1,1,1,0,1,50,2,3,2,0,1,0,67.0,36.0,voiture,utilitaire_camion,1,2,2,1,3
202300014758,2023-03-15 20:25:00,2023,3,15,20,25,72,72181,SAVORGNAN DE BRAZZA (AV) N° PAIRS,48.0143,0.22143,Nuit avec éclairage allumé,En agglomération,Intersection en X,Normale,Deux véhicules - côté,4,2,2,0,1,1,1,0,1,50,2,4,3,0,0,1,29.0,27.0,voiture,voiture,5,2,2,1,3
202300014758,2023-03-15 20:25:00,2023,3,15,20,25,72,72181,SAVORGNAN DE BRAZZA (AV) N° PAIRS,48.0143,0.22143,Nuit avec éclairage allumé,En agglomération,Intersection en X,Normale,Deux véhicules - côté,4,2,2,0,1,1,1,0,1,50,2,4,3,0,0,1,29.0,27.0,voiture,voiture,5,2,2,1,3
202300014759,2023-09-15 00:40:00,2023,9,15,0,40,67,67482,M35,48.57043,7.73176,Nuit sans éclairage public,En agglomération,Autre intersection,Normale,Autre collision,7,-1,2,0,1,3,1,3,3,50,1,2,1,0,0,1,36.0,,voiture,,3,2,9,1,6
202300014760,2023-11-20 16:45:00,2023,11,20,16,45,11,11095,A61 PK 343+350,43.179309,2.583643,Plein jour,Hors agglomération,Hors intersection,Normale,Deux véhicules - frontale,1,3,2,0,1,1,1,9,1,130,2,2,0,1,1,0,55.0,52.0,utilitaire_camion,utilitaire_camion,1,1,1,1,1
202300014761,2023-05-29 21:06:00,2023,5,29,21,6,87,87085,FRAUD (RUE DU),45.85474,1.20413,Plein jour,Hors agglomération,Hors intersection,Normale,Autre collision,4,2,2,0,1,2,1,0,1,80,1,2,0,1,0,1,24.0,,voiture,,1,1,1,1,6
202300014762,2023-12-26 03:50:00,2023,12,26,3,50,86,86211,Lieu-dit la Borichère,46.258924,0.341855,Nuit sans éclairage public,Hors agglomération,Hors intersection,Normale,Autre collision,3,2,2,0,1,1,1,0,3,80,1,1,0,0,1,0,29.0,,voiture,,3,1,1,1,6
202300014763,2023-03-15 19:22:00,2023,3,15,19,22,72,72181,DURAND GEORGES (AV) N° IMP 313 ET plus,47.96577,0.22043,Crépuscule ou aube,En agglomération,Intersection en Y,Normale,Deux véhicules - côté,4,-1,2,0,1,3,1,0,5,50,2,2,1,0,0,1,30.0,34.0,deux_roues,voiture,2,2,4,1,3
202300014763,2023-03-15 19:22:00,2023,3,15,19,22,72,72181,DURAND GEORGES (AV) N° IMP 313 ET plus,47.96577,0.22043,Crépuscule ou aube,En agglomération,Intersection en Y,Normale,Deux véhicules - côté,4,-1,2,1,1,3,1,0,5,30,2,2,1,0,0,1,30.0,34.0,deux_roues,voiture,2,2,4,1,3
202300014764,2023-09-12 18:40:00,2023,9,12,18,40,67,67152,M35,48.52784,7.6879,Plein jour,Hors agglomération,Hors intersection,Normale,Autre collision,7,3,2,0,1,1,1,0,1,90,1,1,0,0,0,1,48.0,,utilitaire_camion,,1,1,1,1,6
202300014765,2023-05-27 17:35:00,2023,5,27,17,35,87,87085,CAMBUSES (Avenue des),45.89054,1.27852,Plein jour,En agglomération,Hors intersection,Normale,Autre collision,4,2,2,0,1,3,1,0,1,50,1,1,0,0,0,1,22.0,,deux_roues,,1,2,1,1,6
202300014766,2023-11-19 15:50:00,2023,11,19,15,50,06,06161,2507 Route Départementale 6007,43.627274,7.13265,Plein jour,En agglomération,Autre intersection,Normale,Deux véhicules - côté,3,2,2,0,1,1,1,0,1,50,2,3,2,0,0,1,65.0,61.0,deux_roues,voiture,1,2,9,1,3
202300014767,2023-12-27 04:15:00,2023,12,27,4,15,68,68377,Rue de Hirsingue,47.620202,7.27367,Nuit sans éclairage public,Hors agglomération,Hors intersection,Normale,Sans collision,4,2,2,0,1,1,1,0,1,50,1,1,0,1,0,0,64.0,,voiture,,3,1,1,1,7
202300014768,2023-03-15 19:45:00,2023,3,15,19,45,71,71040,MARCEL GUEUGNEAU (RUE),46.69921,4.3927,Nuit avec éclairage allumé,En agglomération,Hors intersection,Normale,Autre collision,3,2,2,0,1,1,1,0,1,50,1,2,1,0,0,1,32.0,,voiture,,5,2,1,1,6
202300014769,2023-09-12 14:40:00,2023,9,12,14,40,67,67482,M352,48.57095,7.73496,Plein jour,Hors agglomération,Hors intersection,Normale,Deux véhicules - arrière,7,2,0,0,1,1,1,0,1,70,2,4,2,0,0,2,28.0,49.0,voiture,voiture,1,1,1,1,2
202300014770,2023-05-26 15:56:00,2023,5,26,15,56,87,87085,PERRIN (RUE FRANCOIS),45.82647,1.23721,Plein jour,En agglomération,Hors intersection,Normale,Deux véhicules - arrière,4,2,2,0,1,1,1,0,1,50,2,3,0,0,0,3,80.0,20.0,voiture,voiture,1,2,1,1,2
202300014771,2023-12-27 00:15:00,2023,12,27,0,15,29,29277,Vern Ar Plantec,48.41441062,-4.09525636,Nuit sans éclairage public,Hors agglomération,Hors intersection,Pluie légère,Sans collision,3,2,2,0,1,1,2,0,1,80,1,1,0,0,0,1,43.0,,voiture,,3,1,1,2,7
202300014772,2023-11-21 12:30:00,2023,11,21,12,30,974,97404,Avenue Raymond Barre,-21.26637,55.368497,Plein jour,En agglomération,Intersection en T,Normale,Deux véhicules - frontale,3,2,2,0,1,1,1,0,1,50,2,2,1,0,1,0,48.0,27.0,voiture,deux_roues,1,2,3,1,1
202300014772,2023-11-21 12:30:00,2023,11,21,12,30,974,97404,Avenue Raymond Barre,-21.26637,55.368497,Plein jour,En agglomération,Intersection en T,Normale,Deux véhicules - frontale,3,2, -1,-1,1,1,1,5,1,-1,2,2,1,0,1,0,48.0,27.0,voiture,deux_roues,1,2,3,1,1
202300014773,2023-03-16 08:10:00,2023,3,16,8,10,69,69264,Rue Jeanne Jugan,45.9929,4.70726,Plein jour,En agglomération,Intersection en T,Normale,Autre collision,3,2,2,0,1,1,1,0,1,50,2,2,1,0,1,0,49.0,48.0,deux_roues,voiture,1,2,3,1,6
202300014773,2023-03-16 08:10:00,2023,3,16,8,10,69,69264,Rue Jeanne Jugan,45.9929,4.70726,Plein jour,En agglomération,Intersection en T,Normale,Autre collision,3,2,2,0,1,1,1,0,1,50,2,2,1,0,1,0,49.0,48.0,deux_roues,voiture,1,2,3,1,6
202300014774,2023-06-02 01:00:00,2023,6,2,1,0,85,85191,85 Rue du maréchal joffre,46.66637,-1.42454,Nuit avec éclairage allumé,En agglomération,Hors intersection,Normale,Sans collision,4,2,2,0,2,1,1,0,1,30,1,1,0,0,0,1,23.0,,deux_roues,,5,2,1,1,7
202300014775,2023-03-16 07:45:00,2023,3,16,7,45,67,67482,LYON (BOULEVARD DE),48.57738,7.73127,Plein jour,En agglomération,Hors intersection,Normale,Autre collision,4,1,3,3,1,1,1,8,1,50,1,2,1,0,0,1,59.0,,deux_roues,,1,2,1,1,6
202300014776,2023-11-20 18:45:00,2023,11,20,18,45,60,60176,63 Rue Henri Laroche,49.225429,2.904599,Nuit avec éclairage allumé,En agglomération,Hors intersection,Pluie légère,Autre collision,4,2,2,0,1,1,2,0,1,50,1,3,1,0,0,2,61.0,,voiture,,5,2,1,2,6
202300014777,2023-12-27 17:10:00,2023,12,27,17,10,02,02780,,49.3614531,3.39632777,Crépuscule ou aube,Hors agglomération,Hors intersection,Normale,Deux véhicules - frontale,2,2,2,0,1,3,1,0,1,80,2,3,0,1,2,0,65.0,48.0,voiture,voiture,2,1,1,1,1
202300014778,2023-06-01 09:20:00,2023,6,1,9,20,83,83090,NATIONALE 8 (ROUTE),43.13474,5.859,Plein jour,En agglomération,Giratoire,Normale,Autre collision,3,2,2,0,1,3,1,0,1,50,1,2,1,0,0,1,73.0,,deux_roues,,1,2,6,1,6
202300014779,2023-11-20 12:30:00,2023,11,20,12,30,50,50214,A84,48.921741,-1.08159,Plein jour,Hors agglomération,Hors intersection,Pluie forte,Autre collision,1,3,3,0,2,1,2,0,1,130,1,1,0,0,1,0,57.0,,utilitaire_camion,,1,1,1,3,6
202300014780,2023-03-14 19:00:00,2023,3,14,19,0,66,66136,,42.726211,2.89244,Crépuscule ou aube,En agglomération,Hors intersection,Normale,Deux véhicules - arrière,4,2,2,0,1,1,1,0,1,50,2,2,1,0,0,1,28.0,34.0,deux_roues,voiture,2,2,1,1,2
202300014781,2023-03-14 14:17:00,2023,3,14,14,17,66,66136,ARGELES SUR MER AVENUE D',42.68151,2.9105,Plein jour,En agglomération,Hors intersection,Normale,Autre collision,4,3,4,0,1,1,1,0,1,50,1,2,1,0,1,0,68.0,,voiture,,1,2,1,1,6
202300014782,2023-12-27 10:45:00,2023,12,27,10,45,14,14478,8 Rue des Augustines,49.022128,0.40507,Plein jour,En agglomération,Hors intersection,Normale,Deux véhicules - arrière,4,1,1,0,1,1,1,0,1,30,2,2,1,0,0,1,44.0,46.0,deux_roues,voiture,1,2,1,1,2
202300014783,2023-09-17 18:15:00,2023,9,17,18,15,33,33474,AUTOROUTE A 62,44.672009,-0.475206,Plein jour,Hors agglomération,Hors intersection,Normale,Trois véhicules et plus - en chaîne,1,3,4,0,1,1,1,0,1,130,5,13,12,0,0,1,54.0,55.0,voiture,voiture,1,1,1,1,4
202300014784,2023-11-18 14:40:00,2023,11,18,14,40,62,62207,D901E1,50.449669,1.75056,Plein jour,Hors agglomération,Intersection en T,Pluie légère,Deux véhicules - côté,3,2,2,0,1,1,2,0,1,70,2,2,1,0,0,1,16.0,58.0,deux_roues,utilitaire_camion,1,1,3,2,3
202300014784,2023-11-18 14:40:00,2023,11,18,14,40,62,62207,D901E1,50.449669,1.75056,Plein jour,Hors agglomération,Intersection en T,Pluie légère,Deux véhicules - côté,3,2,2,0,1,1,2,0,8,50,2,2,1,0,0,1,16.0,58.0,deux_roues,utilitaire_camion,1,1,3,2,3
202300014785,2023-05-27 16:15:00,2023,5,27,16,15,83,83126,LONDRES (AV DE),43.109183,5.857514,Plein jour,En agglomération,Giratoire,Normale,Deux véhicules - arrière,3,1,4,0,2,3,1,0,1,50,2,3,2,0,1,0,34.0,74.0,utilitaire_camion,voiture,1,2,6,1,2
202300014785,2023-05-27 16:15:00,2023,5,27,16,15,83,83126,LONDRES (AV DE),43.109183,5.857514,Plein jour,En agglomération,Giratoire,Normale,Deux véhicules - arrière,3,1,2,0,2,3,1,0,8,50,2,3,2,0,1,0,34.0,74.0,utilitaire_camion,voiture,1,2,6,1,2
202300014786,2023-03-14 11:47:00,2023,3,14,11,47,66,66136,,42.701621,2.8997,Plein jour,En agglomération,Intersection en T,Normale,Deux véhicules - côté,4,1,1,0,1,1,1,0,1,50,2,2,1,0,0,1,68.0,37.0,voiture,deux_roues,1,2,3,1,3
202300014786,2023-03-14 11:47:00,2023,3,14,11,47,66,66136,,42.701621,2.8997,Plein jour,En agglomération,Intersection en T,Normale,Deux véhicules - côté,4,2,2,0,1,1,1,0,1,50,2,2,1,0,0,1,68.0,37.0,voiture,deux_roues,1,2,3,1,3
202300014787,2023-09-17 18:50:00,2023,9,17,18,50,94,94003,A6A,48.79951772,2.34247635,Plein jour,Hors agglomération,Hors intersection,Normale,Autre collision,1,1,3,0,1,1,1,0,1,70,1,1,0,0,0,1,37.0,,deux_roues,,1,1,1,1,6
202300014788,2023-11-20 22:10:00,2023,11,20,22,10,41,41238,route de monplaisir,47.890442,0.821432,Nuit sans éclairage public,Hors agglomération,Hors intersection,Pluie légère,Autre collision,3,2,2,0,1,3,2,0,1,70,1,3,1,0,0,2,18.0,,voiture,,3,1,1,2,6
202300014789,2023-12-27 14:00:00,2023,12,27,14,0,60,60471,Rue du Faubourg d'Amiens,49.584497,2.995368,Plein jour,En agglomération,Intersection en T,Normale,Deux véhicules - frontale,4,2,2,0,2,1,1,0,1,50,2,2,1,0,1,0,26.0,21.0,voiture,deux_roues,1,2,3,1,1
202300014789,2023-12-27 14:00:00,2023,12,27,14,0,60,60471,Rue du Faubourg d'Amiens,49.584497,2.995368,Plein jour,En agglomération,Intersection en T,Normale,Deux véhicules - frontale,4,2, -1,-1,1,1,1,0,1,-1,2,2,1,0,1,0,26.0,21.0,voiture,deux_roues,1,2,3,1,1
202300014790,2023-05-26 10:38:00,2023,5,26,10,38,80,80021,PAIX (AVENUE DE LA),49.91166,2.30106,Plein jour,En agglomération,Intersection en X,Temps éblouissant,Autre collision,4,2, -1,-1,1,1,1,0,1,-1,1,2,1,0,0,1,35.0,,voiture,,1,2,2,7,6
202300014790,2023-05-26 10:38:00,2023,5,26,10,38,80,80021,PAIX (AVENUE DE LA),49.91166,2.30106,Plein jour,En agglomération,Intersection en X,Temps éblouissant,Autre collision,4,-1,2,0,1,1,1,0,1,50,1,2,1,0,0,1,35.0,,voiture,,1,2,2,7,6
202300014791,2023-03-16 00:45:00,2023,3,16,0,45,64,64445,JEAN MERMOZ,43.3105,-0.37708,Nuit avec éclairage allumé,En agglomération,Hors intersection,Normale,Autre collision,4,-1,2,0,1,1,1,0,4,50,1,1,0,0,0,1,44.0,,voiture,,5,2,1,1,6
202300014792,2023-12-24 11:00:00,2023,12,24,11,0,64,64059,RD 817,43.281392,-0.241849,Plein jour,Hors agglomération,Hors intersection,Temps éblouissant,Deux véhicules - côté,3,2,2,0,1,1,1,0,1,90,2,2,1,0,0,1,67.0,45.0,deux_roues,utilitaire_camion,1,1,1,7,3
202300014793,2023-05-30 08:20:00,2023,5,30,8,20,80,80489,GENERAL GALLIENI (RUE DU ),49.86904,2.35563,Plein jour,En agglomération,Intersection en X,Normale,Deux véhicules - côté,4,2,2,0,1,1,1,0,1,50,2,2,1,0,1,0,60.0,25.0,deux_roues,voiture,1,2,2,1,3
202300014793,2023-05-30 08:20:00,2023,5,30,8,20,80,80489,GENERAL GALLIENI (RUE DU ),49.86904,2.35563,Plein jour,En agglomération,Intersection en X,Normale,Deux véhicules - côté,4,2,2,0,1,1,1,0,1,50,2,2,1,0,1,0,60.0,25.0,deux_roues,voiture,1,2,2,1,3
202300014794,2023-09-17 13:55:00,2023,9,17,13,55,94,94034,A86,48.75895409,2.32434215,Plein jour,Hors agglomération,Hors intersection,Normale,Trois véhicules et plus - collisions multiples,1,3,4,0,1,1,1,1,1,70,4,5,2,0,0,3,28.0,27.0,voiture,voiture,1,1,1,1,5
202300014795,2023-11-21 13:20:00,2023,11,21,13,20,19,19002,D1089,45.610615,2.414809,Plein jour,Hors agglomération,Intersection en T,Pluie légère,Trois véhicules et plus - collisions multiples,3,2,2,0,3,1,2,0,1,90,3,4,1,0,2,1,26.0,32.0,voiture,voiture,1,1,3,2,5
202300014795,2023-11-21 13:20:00,2023,11,21,13,20,19,19002,D1089,45.610615,2.414809,Plein jour,Hors agglomération,Intersection en T,Pluie légère,Trois véhicules et plus - collisions multiples,3,2, -1,-1,1,1,2,5,1,-1,3,4,1,0,2,1,26.0,32.0,voiture,voiture,1,1,3,2,5
202300014796,2023-03-15 16:36:00,2023,3,15,16,36,63,63113,BERTHELOT / A.Menat,45.77874487,3.07204396,Plein jour,En agglomération,Intersection en X,Normale,Trois véhicules et plus - en chaîne,4,2,2,0,1,1,1,5,1,50,4,4,1,0,0,3,33.0,44.0,voiture,voiture,1,2,2,1,4
202300014796,2023-03-15 16:36:00,2023,3,15,16,36,63,63113,BERTHELOT / A.Menat,45.77874487,3.07204396,Plein jour,En agglomération,Intersection en X,Normale,Trois véhicules et plus - en chaîne,4,2,3,-1,1,1,1,5,1,-1,4,4,1,0,0,3,33.0,44.0,voiture,voiture,1,2,2,1,4
202300014797,2023-12-16 03:15:00,2023,12,16,3,15,16,16304,13 Rue de la Trache,45.685458,-0.288105,Nuit avec éclairage non allumé,En agglomération,Hors intersection,Brouillard / fumée,Autre collision,3,2,2,0,1,2,1,0,4,30,1,1,0,0,1,0,34.0,,voiture,,4,2,1,5,6
202300014798,2023-05-28 17:35:00,2023,5,28,17,35,80,80001,Boulevard de la République,50.10918,1.83946,Plein jour,En agglomération,Hors intersection,Normale,Autre collision,3,3,2,0,1,1,1,0,1,50,1,2,0,0,1,1,23.0,,deux_roues,,1,2,1,1,6
202300014799,2023-09-16 17:15:00,2023,9,16,17,15,94,94021,A6B,48.76918213,2.34391194,Plein jour,Hors agglomération,Hors intersection,Normale,Autre collision,1,1,2,0,1,2,1,0,2,70,1,1,0,0,1,0,33.0,,utilitaire_camion,,1,1,1,1,6
202300014800,2023-11-21 18:30:00,2023,11,21,18,30,32,32414,D3,43.670704,-0.060285,Nuit sans éclairage public,Hors agglomération,Autre intersection,Normale,Deux véhicules - frontale,3,2,2,0,1,1,1,0,1,80,2,2,0,0,0,2,28.0,71.0,voiture,voiture,3,1,9,1,1
202300014801,2023-03-07 10:00:00,2023,3,7,10,0,62,62525,D942,50.74566,2.2336,Plein jour,Hors agglomération,Hors intersection,Pluie légère,Autre collision,3,1,0,0,1,1,2,0,1,110,1,2,1,0,0,1,48.0,,utilitaire_camion,,1,1,1,2,6
202300014802,2023-06-01 18:30:00,2023,6,1,18,30,78,78005,KASTLER (RUE ALFRED),48.96917,2.07307,Plein jour,En agglomération,Hors intersection,Temps éblouissant,Autre collision,4,1,1,0,1,1,1,0,1,30,1,2,1,0,0,1,20.0,,utilitaire_camion,,1,2,1,7,6
202300014803,2023-12-27 10:50:00,2023,12,27,10,50,04,04187,D19,43.97543,6.389183,Plein jour,Hors agglomération,Hors intersection,Normale,Autre collision,3,2,2,0,1,2,7,0,3,70,1,3,0,0,3,0,38.0,,voiture,,1,1,1,1,6
202300014804,2023-11-21 19:18:00,2023,11,21,19,18,71,71182,D981,46.800985,4.752177,Nuit sans éclairage public,Hors agglomération,Intersection en T,Pluie légère,Deux véhicules - côté,3,2,2,0,4,1,2,0,1,80,2,2,1,0,0,1,42.0,22.0,voiture,deux_roues,3,1,3,2,3
202300014804,2023-11-21 19:18:00,2023,11,21,19,18,71,71182,D981,46.800985,4.752177,Nuit sans éclairage public,Hors agglomération,Intersection en T,Pluie légère,Deux véhicules - côté,3,2,2,0,1,1,2,0,8,50,2,2,1,0,0,1,42.0,22.0,voiture,deux_roues,3,1,3,2,3
202300014805,2023-03-16 08:30:00,2023,3,16,8,30,61,61006,Voie Communale,48.732452,-0.025123,Plein jour,En agglomération,Intersection en T,Normale,Deux véhicules - côté,4,2,2,2,1,1,1,0,1,50,2,2,1,0,0,1,45.0,23.0,voiture,voiture,1,2,3,1,3
202300014805,2023-03-16 08:30:00,2023,3,16,8,30,61,61006,Voie Communale,48.732452,-0.025123,Plein jour,En agglomération,Intersection en T,Normale,Deux véhicules - côté,4,2,2,0,1,1,1,0,1,50,2,2,1,0,0,1,45.0,23.0,voiture,voiture,1,2,3,1,3
202300014806,2023-09-16 21:00:00,2023,9,16,21,0,93,93006,AUTOROUTE A3,48.86690246,2.42530059,Nuit avec éclairage allumé,Hors agglomération,Hors intersection,Normale,Deux véhicules - arrière,1,3,8,0,2,3,1,0,1,90,2,5,4,0,0,1,26.0,77.0,voiture,voiture,5,1,1,1,2
202300014807,2023-09-16 22:00:00,2023,9,16,22,0,93,93008,AUTOROUTE A86,48.91351503,2.43444657,Nuit avec éclairage allumé,Hors agglomération,Hors intersection,Normale,Sans collision,1,3,3,0,1,1,1,1,1,90,1,1,0,0,0,1,20.0,,deux_roues,,5,1,1,1,7
202300014808,2023-03-16 16:30:00,2023,3,16,16,30,60,60057,Avenue Corot,49.42712991,2.10257077,Plein jour,En agglomération,Hors intersection,Normale,Deux véhicules - arrière,4,2,2,0,1,1,1,0,1,50,2,2,1,0,0,1,24.0,20.0,voiture,voiture,1,2,1,1,2
202300014809,2023-12-25 17:40:00,2023,12,25,17,40,27,27445,D181,49.251039,1.673727,Nuit avec éclairage allumé,Hors agglomération,Hors intersection,Pluie légère,Deux véhicules - côté,3,2,2,0,1,1,2,0,1,80,2,2,0,0,1,1,44.0,76.0,voiture,voiture,5,1,1,2,3
202300014810,2023-11-20 15:15:00,2023,11,20,15,15,63,63350,chemin des pres bas a viquery,45.71761,3.236549,Plein jour,Hors agglomération,Hors intersection,Normale,Sans collision,9,2,1,0,1,1,1,0,8,-1,1,3,2,0,0,1,17.0,,voiture,,1,1,1,1,7
202300014811,2023-06-01 18:15:00,2023,6,1,18,15,77,77209,D217BIS,48.85393,2.69071,Plein jour,Hors agglomération,Intersection en X,Normale,Deux véhicules - côté,3,2,2,0,1,1,1,0,1,50,2,2,1,0,0,1,20.0,45.0,voiture,voiture,1,1,2,1,3
202300014811,2023-06-01 18:15:00,2023,6,1,18,15,77,77209,D217BIS,48.85393,2.69071,Plein jour,Hors agglomération,Intersection en X,Normale,Deux véhicules - côté,3,-1,2,-1,1,1,1,0,1,-1,2,2,1,0,0,1,20.0,45.0,voiture,voiture,1,1,2,1,3
202300014812,2023-09-15 10:10:00,2023,9,15,10,10,95,95351,N104,49.03851501,2.48434782,Plein jour,Hors agglomération,Hors intersection,Normale,Deux véhicules - arrière,2,3,1,0,1,1,1,0,1,110,2,2,1,0,0,1,30.0,28.0,utilitaire_camion,utilitaire_camion,1,1,1,1,2
202300014813,2023-12-26 18:33:00,2023,12,26,18,33,28,28121,2154,48.095215,1.865176,Nuit sans éclairage public,Hors agglomération,Giratoire,Normale,Sans collision,3,2,1,0,1,1,1,0,1,70,1,1,0,0,1,0,33.0,,deux_roues,,3,1,6,1,7
202300014814,2023-03-16 20:20:00,2023,3,16,20,20,59,59350,FAUBOURG DES POSTES RUE,50.61483,3.04826,Nuit avec éclairage allumé,En agglomération,Intersection en T,Normale,Deux véhicules - côté,7,2,2,0,1,1,1,0,1,30,2,2,1,0,1,0,,40.0,voiture,deux_roues,5,2,3,1,3
202300014814,2023-03-16 20:20:00,2023,3,16,20,20,59,59350,FAUBOURG DES POSTES RUE,50.61483,3.04826,Nuit avec éclairage allumé,En agglomération,Intersection en T,Normale,Deux véhicules - côté,7,1,1,0,1,1,1,0,1,30,2,2,1,0,1,0,,40.0,voiture,deux_roues,5,2,3,1,3
202300014815,2023-11-20 08:35:00,2023,11,20,8,35,38,38180,Chemin de Lemps,45.388761,5.305474,Plein jour,Hors agglomération,Intersection en X,Normale,Deux véhicules - côté,4,2,2,0,1,1,1,0,1,80,2,2,1,0,0,1,43.0,53.0,voiture,voiture,1,1,2,1,3
202300014815,2023-11-20 08:35:00,2023,11,20,8,35,38,38180,Chemin de Lemps,45.388761,5.305474,Plein jour,Hors agglomération,Intersection en X,Normale,Deux véhicules - côté,4,2,2,0,1,1,1,0,1,80,2,2,1,0,0,1,43.0,53.0,voiture,voiture,1,1,2,1,3
202300014816,2023-11-21 16:50:00,2023,11,21,16,50,70,70245,D83,47.906296,6.452086,Crépuscule ou aube,Hors agglomération,Hors intersection,Pluie légère,Autre collision,3,2,2,0,1,3,2,0,8,80,1,1,0,1,0,0,60.0,,voiture,,2,1,1,2,6
202300014817,2023-09-16 20:30:00,2023,9,16,20,30,94,94069,A4,48.81728543,2.43173439,Nuit avec éclairage non allumé,Hors agglomération,Hors intersection,Normale,Deux véhicules - côté,1,3,4,0,1,1,1,0,1,90,2,2,1,0,0,1,50.0,26.0,voiture,deux_roues,4,1,1,1,3
202300014818,2023-03-16 19:20:00,2023,3,16,19,20,59,59009,FUSILLES RUE DES DU N°9 AU N° 121,50.61514391,3.15447624,Crépuscule ou aube,En agglomération,Intersection en X,Normale,Deux véhicules - côté,7,2,2,0,1,1,1,0,1,50,2,2,1,0,1,0,47.0,42.0,deux_roues,voiture,2,2,2,1,3
202300014818,2023-03-16 19:20:00,2023,3,16,19,20,59,59009,FUSILLES RUE DES DU N°9 AU N° 121,50.61514391,3.15447624,Crépuscule ou aube,En agglomération,Intersection en X,Normale,Deux véhicules - côté,7,2,3,0,1,1,1,0,1,50,2,2,1,0,1,0,47.0,42.0,deux_roues,voiture,2,2,2,1,3
202300014819,2023-06-01 13:45:00,2023,6,1,13,45,77,77268,D93,48.85986,2.81075,Plein jour,En agglomération,Hors intersection,Normale,Deux véhicules - arrière,3,2,2,0,1,1,1,0,1,50,2,2,1,0,0,1,34.0,47.0,voiture,voiture,1,2,1,1,2
202300014820,2023-11-21 19:10:00,2023,11,21,19,10,06,06023,Pont Charabot,43.938288,7.513323,Nuit avec éclairage allumé,En agglomération,Hors intersection,Normale,Sans collision,4,4,1,0,1,1,1,2,1,50,1,1,0,0,0,1,31.0,,deux_roues,,5,2,1,1,7
202300014821,2023-03-15 12:00:00,2023,3,15,12,0,56,56121,42 Boulevard Eugène Cosmao-Dumanoir,47.75424,-3.36624,Plein jour,En agglomération,Intersection en Y,Normale,Autre collision,4,-1,2,0,1,1,1,0,1,30,1,2,1,0,0,1,42.0,,voiture,,1,2,4,1,6
202300014821,2023-03-15 12:00:00,2023,3,15,12,0,56,56121,42 Boulevard Eugène Cosmao-Dumanoir,47.75424,-3.36624,Plein jour,En agglomération,Intersection en Y,Normale,Autre collision,4,-1,2,0,1,1,1,0,1,30,1,2,1,0,0,1,42.0,,voiture,,1,2,4,1,6