accident_id,datetime,annee,mois,jour,heure,minute,departement,commune_insee,adresse,latitude,longitude,luminosite,agglomeration,intersection,meteo,collision,catr,circ,nbv,vosp,prof,plan,surf,infra,situ,vma,nb_vehicules,nb_usagers,nb_indemnes,nb_tues,nb_blesses_hosp,nb_blesses_legers,age_cond_1,age_cond_2,veh_type_cond_1,veh_type_cond_2,lum_code,agg_code,int_code,atm_code,col_code
202300015102,2023-09-16 17:30:00,2023,9,16,17,30,30,30081,,44.15091,4.69584,Plein jour,Hors agglomération,Hors intersection,Temps couvert,Deux véhicules - frontale,3,2,2,0,1,1,2,0,1,80,2,4,0,0,3,1,66.0,17.0,voiture,voiture,1,1,1,8,1
202300015103,2023-12-22 16:40:00,2023,12,22,16,40,38,38389,D53,45.594161,5.060062,Plein jour,Hors agglomération,Hors intersection,Normale,Sans collision,3,2,2,0,1,1,2,0,3,80,1,1,0,0,1,0,38.0,,voiture,,1,1,1,1,7
202300015104,2023-09-10 09:40:00,2023,9,10,9,40,83,83073,Dn7,43.393296,6.319821,Plein jour,En agglomération,Autre intersection,Normale,Deux véhicules - côté,3,2,0,0,1,1,1,9,1,50,2,2,1,0,1,0,69.0,45.0,voiture,deux_roues,1,2,9,1,3
202300015105,2023-12-26 08:15:00,2023,12,26,8,15,26,26289,Route de Crest,44.694696,5.168488,Crépuscule ou aube,Hors agglomération,Hors intersection,Normale,Deux véhicules - frontale,3,2,2,0,1,3,1,0,1,80,2,3,0,0,1,2,29.0,73.0,utilitaire_camion,voiture,2,1,1,1,1
202300015106,2023-09-16 01:20:00,2023,9,16,1,20,91,91617,Route nationale 6,48.64635,2.533808,Nuit avec éclairage non allumé,Hors agglomération,Hors intersection,Normale,Deux véhicules - côté,2,2,0,0,1,1,1,0,1,90,2,2,1,0,1,0,53.0,56.0,voiture,deux_roues,4,1,1,1,3
202300015107,2023-12-21 15:00:00,2023,12,21,15,0,06,06103,Avenue Philippe Corniglion,44.012926,7.308944,Plein jour,En agglomération,Hors intersection,Normale,Deux véhicules - côté,7,2,2,0,1,1,1,0,1,30,2,2,1,0,0,1,52.0,56.0,voiture,voiture,1,2,1,1,3
202300015108,2023-09-16 20:00:00,2023,9,16,20,0,19,19002,,45.599912,2.402594,Crépuscule ou aube,Hors agglomération,Intersection en T,Normale,Deux véhicules - frontale,3,2,2,0,2,1,1,5,1,90,2,2,1,0,1,0,17.0,27.0,deux_roues,voiture,2,1,3,1,1
202300015108,2023-09-16 20:00:00,2023,9,16,20,0,19,19002,,45.599912,2.402594,Crépuscule ou aube,Hors agglomération,Intersection en T,Normale,Deux véhicules - frontale,3,2, -1,-1,1,1,1,0,1,-1,2,2,1,0,1,0,17.0,27.0,deux_roues,voiture,2,1,3,1,1
202300015109,2023-12-20 18:15:00,2023,12,20,18,15,14,14578,D579,49.369457,0.204795,Nuit sans éclairage public,Hors agglomération,Intersection en T,Pluie légère,Deux véhicules - côté,3,1,1,0,1,2,2,5,1,80,2,3,0,0,0,3,79.0,29.0,voiture,voiture,3,1,3,2,3
202300015109,2023-12-20 18:15:00,2023,12,20,18,15,14,14578,D579,49.369457,0.204795,Nuit sans éclairage public,Hors agglomération,Intersection en T,Pluie légère,Deux véhicules - côté,3,2,1,0,1,2,2,5,1,80,2,3,0,0,0,3,79.0,29.0,voiture,voiture,3,1,3,2,3
202300015110,2023-09-16 21:40:00,2023,9,16,21,40,56,56066,Moulin Trancher,48.142949,-3.533628,Nuit sans éclairage public,Hors agglomération,Hors intersection,Normale,Autre collision,3,2,2,0,1,2,1,0,1,80,1,2,1,1,0,0,52.0,,voiture,,3,1,1,1,6
202300015111,2023-12-23 16:02:00,2023,12,23,16,2,14,14369,Route de l'Embranchement,49.166395,-0.883327,Plein jour,Hors agglomération,Hors intersection,Temps éblouissant,Deux véhicules - arrière,3,2,2,0,1,1,1,0,5,80,2,2,1,0,1,0,52.0,67.0,voiture,deux_roues,1,1,1,7,2
202300015112,2023-09-16 10:45:00,2023,9,16,10,45,56,56179,Lieu Dit Sapin En Gam,47.84476,-3.409796,Plein jour,Hors agglomération,Hors intersection,Normale,Deux véhicules - frontale,3,2,2,0,1,3,2,0,1,80,2,2,0,0,1,1,58.0,55.0,voiture,voiture,1,1,1,1,1
202300015113,2023-12-25 18:30:00,2023,12,25,18,30,60,60508,Rue Saint Pierre,49.300442,2.653863,Nuit avec éclairage allumé,En agglomération,Intersection en T,Normale,Deux véhicules - frontale,3,2,2,0,1,1,2,0,1,50,1,3,1,0,0,2,18.0,,voiture,,5,2,3,1,1
202300015113,2023-12-25 18:30:00,2023,12,25,18,30,60,60508,Rue Saint Pierre,49.300442,2.653863,Nuit avec éclairage allumé,En agglomération,Intersection en T,Normale,Deux véhicules - frontale,3,2, -1,-1,1,1,2,0,1,-1,1,3,1,0,0,2,18.0,,voiture,,5,2,3,1,1
202300015114,2023-09-17 16:05:00,2023,9,17,16,5,76,76367,D90,49.516656,1.069858,Plein jour,Hors agglomération,Hors intersection,Pluie légère,Autre collision,7,2,2,0,1,3,2,0,8,70,1,1,0,0,1,0,23.0,,voiture,,1,1,1,2,6
202300015115,2023-12-26 13:10:00,2023,12,26,13,10,64,64391,1161 Route de Mauléon,43.257714,-0.85475,Plein jour,Hors agglomération,Hors intersection,Normale,Deux véhicules - côté,3,2,2,0,3,3,1,0,1,80,2,2,1,0,1,0,30.0,50.0,deux_roues,voiture,1,1,1,1,3
202300015116,2023-09-17 17:20:00,2023,9,17,17,20,65,65054,D77,43.046123,0.343838,Plein jour,Hors agglomération,Hors intersection,Normale,Sans collision,3,2,2,0,2,2,1,0,1,90,1,1,0,0,0,1,22.0,,deux_roues,,1,1,1,1,7
202300015117,2023-12-26 07:45:00,2023,12,26,7,45,73,73074,D1006,45.42781617,6.27828226,Plein jour,Hors agglomération,Hors intersection,Autre,Deux véhicules - arrière,3,2,2,0,1,3,7,0,1,80,2,2,1,0,1,0,26.0,58.0,voiture,voiture,1,1,1,9,2
202300015118,2023-09-16 18:35:00,2023,9,16,18,35,89,89370,38 Rue de la République,48.179196,3.094043,Crépuscule ou aube,En agglomération,Hors intersection,Normale,Autre collision,3,2,2,0,1,1,1,0,1,30,1,2,1,0,1,0,51.0,,voiture,,2,2,1,1,6
202300015119,2023-12-17 10:30:00,2023,12,17,10,30,16,16028,Avenue de l?Europe,45.478088,-0.155932,Plein jour,En agglomération,Intersection en T,Normale,Deux véhicules - côté,3,2,2,0,1,1,1,0,1,50,2,3,1,0,2,0,68.0,55.0,voiture,utilitaire_camion,1,2,3,1,3
202300015119,2023-12-17 10:30:00,2023,12,17,10,30,16,16028,Avenue de l?Europe,45.478088,-0.155932,Plein jour,En agglomération,Intersection en T,Normale,Deux véhicules - côté,3,2, -1,-1,1,1,1,0,1,-1,2,3,1,0,2,0,68.0,55.0,voiture,utilitaire_camion,1,2,3,1,3
202300015120,2023-09-17 16:10:00,2023,9,17,16,10,61,61181,Place de la Libération,48.795284,0.29706,Plein jour,En agglomération,Hors intersection,Normale,Autre collision,6,-1, -1,0,1,1,1,9,1,50,1,7,4,0,0,3,47.0,,voiture,,1,2,1,1,6
202300015121,2023-12-25 22:40:00,2023,12,25,22,40,23,23086,Lascaux,46.039708,2.073734,Nuit avec éclairage allumé,Hors agglomération,Autre intersection,Temps couvert,Sans collision,3,2,2,0,1,1,1,0,3,90,1,1,0,1,0,0,54.0,,voiture,,5,1,9,8,7
202300015122,2023-09-16 19:20:00,2023,9,16,19,20,61,61474,D113,48.775385,0.04181,Plein jour,Hors agglomération,Hors intersection,Normale,Autre collision,3,2,2,0,1,4,1,0,3,90,1,3,2,0,0,1,36.0,,voiture,,1,1,1,1,6
202300015123,2023-12-25 15:53:00,2023,12,25,15,53,87,87040,avenue de Pont de la prairie,45.710673,1.599195,Plein jour,En agglomération,Hors intersection,Normale,Sans collision,3,2,2,0,2,1,1,0,1,50,1,1,0,0,0,1,19.0,,deux_roues,,1,2,1,1,7
202300015124,2023-09-15 09:50:00,2023,9,15,9,50,47,47168,Boulevard Clemenceau,44.600403,0.360156,Plein jour,En agglomération,Giratoire,Normale,Autre collision,3,3,3,0,4,3,1,5,1,50,1,2,1,0,0,1,85.0,,voiture,,1,2,6,1,6
202300015125,2023-12-24 07:15:00,2023,12,24,7,15,30,30075,2260 Route de Nimes,43.819482,4.294269,Crépuscule ou aube,Hors agglomération,Hors intersection,Normale,Sans collision,3,2,2,3,1,1,1,0,6,70,1,1,0,0,1,0,23.0,,voiture,,2,1,1,1,7
202300015126,2023-09-17 11:55:00,2023,9,17,11,55,34,34096,D909,43.575292,3.171058,Plein jour,Hors agglomération,Hors intersection,Pluie forte,Deux véhicules - côté,3,2,3,0,2,1,2,0,1,-1,2,2,0,0,2,0,51.0,36.0,voiture,utilitaire_camion,1,1,1,3,3
202300015127,2023-12-24 13:50:00,2023,12,24,13,50,64,64233,A65 - PR117.400,43.56262093,-0.29675478,Plein jour,Hors agglomération,Autre intersection,Normale,Autre collision,1,3,2,0,2,3,1,3,3,130,1,2,1,0,0,1,44.0,,voiture,,1,1,9,1,6
202300015128,2023-09-16 22:00:00,2023,9,16,22,0,68,68258,Allée Robert Schuman,47.843025,7.27841,Nuit avec éclairage allumé,Hors agglomération,Intersection en Y,Normale,Sans collision,4,2,2,0,1,3,1,0,3,50,1,1,0,0,1,0,16.0,,deux_roues,,5,1,4,1,7
202300015128,2023-09-16 22:00:00,2023,9,16,22,0,68,68258,Allée Robert Schuman,47.843025,7.27841,Nuit avec éclairage allumé,Hors agglomération,Intersection en Y,Normale,Sans collision,4,2, -1,-1,1,1,1,0,3,-1,1,1,0,0,1,0,16.0,,deux_roues,,5,1,4,1,7
202300015129,2023-12-25 22:00:00,2023,12,25,22,0,988,98833,RPN5,-21.561995,165.831939,Nuit sans éclairage public,Hors agglomération,Hors intersection,Normale,Autre collision,3,2,2,0,2,2,1,0,3,70,1,4,0,0,0,4,47.0,,utilitaire_camion,,3,1,1,1,6
202300015130,2023-09-16 07:15:00,2023,9,16,7,15,22,22199,Kervégan,48.816352,-3.150115,Crépuscule ou aube,Hors agglomération,Hors intersection,Pluie légère,Autre collision,3,2,2,0,2,2,2,0,1,80,2,2,0,0,1,1,25.0,43.0,utilitaire_camion,voiture,2,1,1,2,6
202300015131,2023-09-16 19:31:00,2023,9,16,19,31,39,39088,,46.627482,5.489126,Plein jour,Hors agglomération,Hors intersection,Normale,Sans collision,3,2,2,0,1,1,1,0,8,90,1,1,0,0,1,0,58.0,,deux_roues,,1,1,1,1,7
202300015132,2023-12-23 11:45:00,2023,12,23,11,45,974,97415,N1A,-21.045774,55.222038,Plein jour,Hors agglomération,Giratoire,Normale,Trois véhicules et plus - collisions multiples,2,-1,1,2,1,2,1,0,1,50,3,3,1,0,1,1,37.0,45.0,deux_roues,transport_commun,1,1,6,1,5
202300015133,2023-09-17 19:20:00,2023,9,17,19,20,25,25175,D120,47.255571,6.413757,Crépuscule ou aube,Hors agglomération,Hors intersection,Normale,Autre collision,3,2,2,0,1,1,1,0,3,80,1,1,0,0,1,0,44.0,,deux_roues,,2,1,1,1,6
202300015134,2023-12-24 17:10:00,2023,12,24,17,10,974,97420,Rue Desprez,-20.905985,55.607815,Plein jour,En agglomération,Hors intersection,Normale,Deux véhicules - côté,4,1,1,0,1,1,1,0,1,50,2,2,0,0,1,1,22.0,38.0,deux_roues,voiture,1,2,1,1,3
202300015135,2023-09-16 23:50:00,2023,9,16,23,50,44,44022,23 Rue de Bretagne,47.054562,-1.183798,Nuit sans éclairage public,En agglomération,Hors intersection,Normale,Autre collision,3,2,2,0,1,1,1,9,4,50,1,2,1,0,1,0,16.0,,voiture,,3,2,1,1,6
202300015136,2023-12-25 01:45:00,2023,12,25,1,45,971,97119,Beauplan N8,16.404409,-61.466317,Nuit avec éclairage allumé,Hors agglomération,Hors intersection,Normale,Deux véhicules - arrière,2,2,2,0,3,1,1,0,1,70,2,3,1,1,0,1,43.0,25.0,voiture,utilitaire_camion,5,1,1,1,2
202300015137,2023-09-17 06:40:00,2023,9,17,6,40,29,29162,Route de Kerflouz,48.21850743,-3.97601936,Nuit sans éclairage public,Hors agglomération,Hors intersection,Pluie légère,Autre collision,2,3,4,0,2,3,2,3,3,110,1,3,0,0,0,3,20.0,,voiture,,3,1,1,2,6
202300015138,2023-12-25 13:30:00,2023,12,25,13,30,978,97801,R CHARLES TONDU,18.063585,-63.090936,Plein jour,En agglomération,Hors intersection,Normale,Sans collision,4,2,2,0,1,1,1,0,1,50,1,1,0,1,0,0,60.0,,deux_roues,,1,2,1,1,7
202300015139,2023-09-16 07:25:00,2023,9,16,7,25,38,38511,Route Nationale 90,45.356175,5.953732,Crépuscule ou aube,Hors agglomération,Hors intersection,Normale,Deux véhicules - frontale,3,2,2,1,2,1,1,0,1,70,2,2,0,0,0,2,19.0,34.0,voiture,voiture,2,1,1,1,1
202300015140,2023-12-25 06:00:00,2023,12,25,6,0,971,97107,Route Nationale N . 1,16.061413,-61.566272,Crépuscule ou aube,Hors agglomération,Hors intersection,Normale,Deux véhicules - frontale,2,2,2,0,1,1,1,0,1,80,2,3,1,0,2,0,60.0,31.0,voiture,deux_roues,2,1,1,1,1
202300015141,2023-09-17 10:59:00,2023,9,17,10,59,38,38229,Avenue du Vercors,45.20734,5.768375,Plein jour,En agglomération,Hors intersection,Normale,Autre collision,4,2,3,1,1,3,1,0,5,50,1,4,3,0,0,1,51.0,,transport_commun,,1,2,1,1,6
202300015142,2023-12-24 23:45:00,2023,12,24,23,45,971,97124,Rue Frederic Etienne,16.04121,-61.69597,Nuit sans éclairage public,En agglomération,Hors intersection,Normale,Autre collision,4,2,2,0,2,1,1,0,1,50,1,2,1,0,1,0,38.0,,voiture,,3,2,1,1,6
202300015143,2023-09-17 14:25:00,2023,9,17,14,25,02,02748,,49.095677,3.608978,Plein jour,Hors agglomération,Hors intersection,Normale,Deux véhicules - côté,3,2,2,0,2,1,1,0,1,80,2,2,1,0,1,0,47.0,42.0,deux_roues,utilitaire_camion,1,1,1,1,3
202300015144,2023-12-22 18:00:00,2023,12,22,18,0,21,21515,13 Boulevard du Grand Marché,47.309158,5.100583,Nuit avec éclairage allumé,En agglomération,Hors intersection,Normale,Autre collision,6,-1, -1,0,1,1,1,0,1,30,1,2,1,0,0,1,24.0,,voiture,,5,2,1,1,6
202300015145,2023-09-17 10:30:00,2023,9,17,10,30,03,03044,la Courie,46.055487,3.356162,Plein jour,Hors agglomération,Hors intersection,Normale,Autre collision,3,2,2,0,2,3,1,0,3,90,1,1,0,1,0,0,72.0,,deux_roues,,1,1,1,1,6
202300015146,2023-12-24 15:45:00,2023,12,24,15,45,2B,2B148,Strada Di Corti,42.517003,9.43533,Plein jour,Hors agglomération,Hors intersection,Normale,Deux véhicules - arrière,2,3,2,0,2,1,1,0,1,80,2,2,1,0,1,0,26.0,33.0,deux_roues,voiture,1,1,1,1,2
202300015147,2023-09-16 11:30:00,2023,9,16,11,30,03,03136,D745,46.30751,2.446346,Plein jour,Hors agglomération,Giratoire,Pluie légère,Sans collision,3,2,2,0,2,3,2,0,1,90,1,1,0,0,1,0,69.0,,deux_roues,,1,1,6,2,7
202300015148,2023-12-26 09:00:00,2023,12,26,9,0,66,66164,Avenue de la Mourére,42.768151,2.876626,Plein jour,En agglomération,Hors intersection,Temps éblouissant,Deux véhicules - côté,4,-1,2,0,1,1,1,9,1,50,2,2,0,1,0,1,82.0,86.0,voiture,deux_roues,1,2,1,7,3
202300015149,2023-09-17 04:15:00,2023,9,17,4,15,50,50290,route de saint-loup,48.657202,-1.269173,Nuit sans éclairage public,Hors agglomération,Hors intersection,Normale,Autre collision,3,2,2,0,2,2,1,0,3,80,1,2,1,0,1,0,19.0,,voiture,,3,1,1,1,6
202300015150,2023-12-25 18:00:00,2023,12,25,18,0,66,66065,,42.62365993,2.97846437,Nuit sans éclairage public,Hors agglomération,Hors intersection,Normale,Deux véhicules - arrière,3,2,2,0,1,1,1,0,1,-1,2,2,1,0,1,0,17.0,22.0,deux_roues,voiture,3,1,1,1,2
202300015151,2023-09-17 08:43:00,2023,9,17,8,43,60,60431,D1032,49.57604343,3.03769209,Plein jour,Hors agglomération,Hors intersection,Normale,Deux véhicules - côté,3,2,2,0,1,1,1,0,1,80,2,3,0,1,2,0,63.0,32.0,voiture,deux_roues,1,1,1,1,3
202300015152,2023-12-23 17:15:00,2023,12,23,17,15,66,66037,Avenue Joseph Sauvy,42.704959,3.011392,Plein jour,En agglomération,Hors intersection,Normale,Autre collision,4,2,2,0,1,1,1,0,1,50,1,2,1,0,0,1,27.0,,utilitaire_camion,,1,2,1,1,6
202300015153,2023-09-14 17:40:00,2023,9,14,17,40,36,36248,14 Route d'Ardentes,46.819999,1.924337,Crépuscule ou aube,En agglomération,Hors intersection,Normale,Autre collision,3,2,2,0,1,1,1,0,1,50,1,2,1,0,1,0,44.0,,deux_roues,,2,2,1,1,6
202300015154,2023-12-14 10:40:00,2023,12,14,10,40,30,30042,Route de Bagard,44.05166699,4.03277636,Plein jour,Hors agglomération,Intersection en T,Normale,Deux véhicules - frontale,3,2,2,0,4,2,1,0,1,70,2,2,1,0,0,1,78.0,58.0,voiture,deux_roues,1,1,3,1,1
202300015154,2023-12-14 10:40:00,2023,12,14,10,40,30,30042,Route de Bagard,44.05166699,4.03277636,Plein jour,Hors agglomération,Intersection en T,Normale,Deux véhicules - frontale,3,-1, -1,-1,1,3,1,0,1,-1,2,2,1,0,0,1,78.0,58.0,voiture,deux_roues,1,1,3,1,1
202300015155,2023-09-17 08:00:00,2023,9,17,8,0,16,16106,LA PELLETIERE,46.037333,0.633613,Crépuscule ou aube,Hors agglomération,Hors intersection,Normale,Autre collision,3,2,2,0,1,1,1,0,3,90,1,1,0,0,1,0,21.0,,voiture,,2,1,1,1,6
202300015156,2023-12-24 17:30:00,2023,12,24,17,30,38,38374,D522,45.657338,5.318348,Nuit sans éclairage public,Hors agglomération,Hors intersection,Normale,Deux véhicules - côté,3,2,2,0,1,1,2,0,1,80,2,2,1,0,0,1,31.0,,deux_roues,voiture,3,1,1,1,3
202300015157,2023-12-24 11:15:00,2023,12,24,11,15,32,32307,32 Rue d?Etigny,43.609827,0.591456,Plein jour,En agglomération,Hors intersection,Normale,Deux véhicules - côté,3,2,2,0,1,1,1,0,1,50,2,2,1,1,0,0,33.0,70.0,voiture,voiture,1,2,1,1,3
202300015158,2023-09-16 13:30:00,2023,9,16,13,30,16,16158,Chemin du Plantier,45.581818,0.428209,Plein jour,Hors agglomération,Hors intersection,Normale,Deux véhicules - frontale,9,2,1,0,2,2,9,0,1,80,2,3,2,0,1,0,47.0,29.0,utilitaire_camion,deux_roues,1,1,1,1,1
202300015159,2023-12-26 10:55:00,2023,12,26,10,55,29,29022,place Charles de Gaulle,48.27554599,-4.59450318,Plein jour,En agglomération,Intersection en T,Normale,Autre collision,3,1,1,0,1,1,2,5,1,50,1,2,1,0,0,1,47.0,,voiture,,1,2,3,1,6
202300015159,2023-12-26 10:55:00,2023,12,26,10,55,29,29022,place Charles de Gaulle,48.27554599,-4.59450318,Plein jour,En agglomération,Intersection en T,Normale,Autre collision,3,2, -1,-1,1,1,1,0,1,-1,1,2,1,0,0,1,47.0,,voiture,,1,2,3,1,6
202300015160,2023-09-17 07:20:00,2023,9,17,7,20,24,24410,départementale 83,45.482852,0.736148,Crépuscule ou aube,Hors agglomération,Hors intersection,Temps couvert,Autre collision,3,2,2,0,1,1,1,0,3,80,1,2,0,0,1,1,20.0,,voiture,,2,1,1,8,6
202300015161,2023-12-26 19:30:00,2023,12,26,19,30,60,60542,D12,49.407675,2.17672,Nuit sans éclairage public,Hors agglomération,Intersection en X,Pluie légère,Deux véhicules - côté,3,2,2,1,1,1,2,0,1,80,2,5,0,0,0,5,32.0,30.0,voiture,voiture,3,1,2,2,3
202300015161,2023-12-26 19:30:00,2023,12,26,19,30,60,60542,D12,49.407675,2.17672,Nuit sans éclairage public,Hors agglomération,Intersection en X,Pluie légère,Deux véhicules - côté,3,2, -1,-1,1,1,2,0,1,-1,2,5,0,0,0,5,32.0,30.0,voiture,voiture,3,1,2,2,3
202300015162,2023-09-16 17:30:00,2023,9,16,17,30,28,28405,route nationale 12,48.748528,1.269227,Plein jour,Hors agglomération,Autre intersection,Normale,Deux véhicules - arrière,2,3,0,0,1,1,1,0,1,110,2,5,4,0,1,0,26.0,34.0,voiture,deux_roues,1,1,9,1,2
202300015163,2023-09-16 02:15:00,2023,9,16,2,15,87,87174,croix d'arfeuille,45.76325,1.418748,Nuit sans éclairage public,Hors agglomération,Hors intersection,Normale,Autre collision,3,2,2,0,2,3,1,0,3,80,1,1,0,0,0,1,29.0,,voiture,,3,1,1,1,6
202300015164,2023-12-26 13:56:00,2023,12,26,13,56,60,60009,Avenue Rhin et Danube,49.407312,2.115099,Plein jour,En agglomération,Intersection en T,Temps couvert,Deux véhicules - frontale,3,3,0,0,1,1,1,0,1,50,2,2,1,0,0,1,80.0,22.0,voiture,voiture,1,2,3,8,1
202300015164,2023-12-26 13:56:00,2023,12,26,13,56,60,60009,Avenue Rhin et Danube,49.407312,2.115099,Plein jour,En agglomération,Intersection en T,Temps couvert,Deux véhicules - frontale,3,2, -1,-1,1,1,1,0,1,-1,2,2,1,0,0,1,80.0,22.0,voiture,voiture,1,2,3,8,1
202300015165,2023-09-16 16:30:00,2023,9,16,16,30,08,08015,D34,49.845676,4.318131,Plein jour,Hors agglomération,Hors intersection,Pluie légère,Deux véhicules - frontale,3,2,1,0,1,1,2,0,1,80,2,2,1,0,1,0,15.0,39.0,deux_roues,voiture,1,1,1,2,1
202300015166,2023-09-16 15:00:00,2023,9,16,15,0,08,08071,,49.81168667,4.46076157,Plein jour,Hors agglomération,Hors intersection,Normale,Autre collision,3,2,1,0,1,4,1,0,1,80,3,3,1,0,1,1,43.0,18.0,voiture,deux_roues,1,1,1,1,6
202300015167,2023-12-26 09:10:00,2023,12,26,9,10,80,80306,D930,49.653127,2.68075,Plein jour,Hors agglomération,Intersection en X,Normale,Deux véhicules - côté,3,2,2,0,2,1,1,0,1,80,2,4,3,0,0,1,46.0,57.0,utilitaire_camion,voiture,1,1,2,1,3
202300015167,2023-12-26 09:10:00,2023,12,26,9,10,80,80306,D930,49.653127,2.68075,Plein jour,Hors agglomération,Intersection en X,Normale,Deux véhicules - côté,3,-1, -1,-1,-1,-1,1,0,1,-1,2,4,3,0,0,1,46.0,57.0,utilitaire_camion,voiture,1,1,2,1,3
202300015168,2023-09-16 13:00:00,2023,9,16,13,0,31,31424,D50,43.544346,1.28774,Plein jour,Hors agglomération,Hors intersection,Normale,Autre collision,3,2,2,0,1,1,1,0,3,80,1,2,1,0,1,0,44.0,,voiture,,1,1,1,1,6
202300015169,2023-12-24 21:15:00,2023,12,24,21,15,13,13106,A7-Sens Marseille vers Lyon,43.39071033,5.35120523,Nuit sans éclairage public,Hors agglomération,Hors intersection,Normale,Deux véhicules - arrière,1,-1,3,0,3,1,1,0,1,90,2,2,1,0,0,1,,66.0,voiture,voiture,3,1,1,1,2
202300015170,2023-09-16 09:50:00,2023,9,16,9,50,978,97801,rn7,18.083925,-63.025252,Plein jour,Hors agglomération,Hors intersection,Normale,Autre collision,2,2,2,0,2,3,1,0,3,70,1,1,0,0,1,0,40.0,,utilitaire_camion,,1,1,1,1,6
202300015171,2023-12-21 16:35:00,2023,12,21,16,35,67,67152,,48.52451,7.69577,Plein jour,Hors agglomération,Hors intersection,Pluie légère,Deux véhicules - arrière,7,1,3,0,1,1,2,0,1,90,2,3,2,0,0,1,34.0,23.0,voiture,voiture,1,1,1,2,2
202300015172,2023-09-17 20:40:00,2023,9,17,20,40,21,21347,"A6, PK 306+900, sens LYON vers PARIS",46.99856801,4.85883607,Nuit sans éclairage public,Hors agglomération,Hors intersection,Normale,Deux véhicules - arrière,1,1,3,0,1,1,1,0,1,130,2,2,1,0,0,1,28.0,19.0,voiture,voiture,3,1,1,1,2
202300015173,2023-09-16 22:45:00,2023,9,16,22,45,13,13032,Route des Milles,43.54973,5.366596,Nuit sans éclairage public,Hors agglomération,Hors intersection,Normale,Deux véhicules - arrière,3,2,2,0,2,1,1,0,1,70,2,2,0,0,0,2,31.0,62.0,deux_roues,deux_roues,3,1,1,1,2
202300015174,2023-12-25 16:38:00,2023,12,25,16,38,33,33281,ROCADE A 630,44.85484813,-0.6641372,Plein jour,Hors agglomération,Hors intersection,Normale,Autre collision,1,3,6,0,1,1,1,3,1,90,1,2,0,0,0,2,24.0,,voiture,,1,1,1,1,6
202300015175,2023-09-16 16:30:00,2023,9,16,16,30,34,34146,Autoroute A9 - PK 80+500,43.696797,4.094338,Plein jour,Hors agglomération,Hors intersection,Normale,Deux véhicules - arrière,1,3,3,0,1,1,1,0,1,130,2,3,2,0,0,1,54.0,,voiture,voiture,1,1,1,1,2
202300015176,2023-12-25 16:30:00,2023,12,25,16,30,91,91286,AUTOROUTE A6,48.65609,2.37864,Plein jour,Hors agglomération,Hors intersection,Normale,Autre collision,1,2,3,0,1,1,1,0,1,110,2,3,2,0,0,1,38.0,68.0,voiture,voiture,1,1,1,1,6
202300015177,2023-09-16 12:50:00,2023,9,16,12,50,33,33199,Allée de Bordeaux,44.625282,-1.05531,Plein jour,En agglomération,Intersection en T,Normale,Deux véhicules - côté,3,2,2,1,1,1,1,0,1,50,2,2,1,0,0,1,45.0,21.0,deux_roues,voiture,1,2,3,1,3
202300015177,2023-09-16 12:50:00,2023,9,16,12,50,33,33199,Allée de Bordeaux,44.625282,-1.05531,Plein jour,En agglomération,Intersection en T,Normale,Deux véhicules - côté,3,2,2,-1,1,1,1,0,1,50,2,2,1,0,0,1,45.0,21.0,deux_roues,voiture,1,2,3,1,3
202300015178,2023-12-25 16:10:00,2023,12,25,16,10,93,93005,AUTOROUTE A3,48.95598293,2.47342937,Plein jour,Hors agglomération,Hors intersection,Normale,Deux véhicules - côté,1,3,3,0,1,1,2,0,1,90,2,2,1,0,0,1,50.0,42.0,voiture,utilitaire_camion,1,1,1,1,3
202300015179,2023-09-17 07:00:00,2023,9,17,7,0,45,45062,D97 PR 9 + 260,47.97079479,1.92963673,Crépuscule ou aube,Hors agglomération,Hors intersection,Normale,Deux véhicules - frontale,3,2,2,0,1,3,1,0,1,90,2,3,0,0,1,2,20.0,56.0,voiture,voiture,2,1,1,1,1
202300015180,2023-09-15 19:44:00,2023,9,15,19,44,45,45082,83 Grande Rue du Port,47.860088,2.223251,Plein jour,En agglomération,Hors intersection,Normale,Autre collision,4,2,2,0,3,1,1,0,4,50,1,2,1,0,1,0,21.0,,voiture,,1,2,1,1,6
202300015181,2023-12-25 18:30:00,2023,12,25,18,30,77,77517,RN104,48.90769383,2.63891275,Nuit sans éclairage public,Hors agglomération,Hors intersection,Pluie légère,Trois véhicules et plus - collisions multiples,1,1,3,0,2,1,2,0,1,110,3,3,2,0,0,1,43.0,32.0,voiture,voiture,3,1,1,2,5
202300015182,2023-09-17 12:50:00,2023,9,17,12,50,13,13048,45 Boulevard de la République,43.637116,5.639001,Plein jour,En agglomération,Hors intersection,Normale,Deux véhicules - côté,3,2,2,0,1,1,1,0,1,30,2,2,1,0,1,0,68.0,55.0,deux_roues,deux_roues,1,2,1,1,3