accident_id,datetime,annee,mois,jour,heure,minute,departement,commune_insee,adresse,latitude,longitude,luminosite,agglomeration,intersection,meteo,collision,catr,circ,nbv,vosp,prof,plan,surf,infra,situ,vma,nb_vehicules,nb_usagers,nb_indemnes,nb_tues,nb_blesses_hosp,nb_blesses_legers,age_cond_1,age_cond_2,veh_type_cond_1,veh_type_cond_2,lum_code,agg_code,int_code,atm_code,col_code
202300015307,2023-02-03 13:10:00,2023,2,3,13,10,05,05029,Route d’Orcières,44.642755,6.166935,Plein jour,Hors agglomération,Hors intersection,Temps éblouissant,Deux véhicules - frontale,3,2,2,0,1,1,1,0,1,70,2,4,3,0,0,1,51.0,33.0,voiture,voiture,1,1,1,7,1
202300015308,2023-01-19 17:35:00,2023,1,19,17,35,09,09070,rn 20 - PK65+200,42.777322,1.696379,Plein jour,Hors agglomération,Hors intersection,Pluie légère,Trois véhicules et plus - en chaîne,2,2,2,0,1,1,3,0,1,80,3,7,2,0,3,2,22.0,63.0,voiture,voiture,1,1,1,2,4
202300015309,2023-02-04 00:50:00,2023,2,4,0,50,60,60626,D915,49.375933,1.752931,Nuit sans éclairage public,Hors agglomération,Hors intersection,Normale,Autre collision,3,2,2,0,1,1,1,0,1,80,1,2,1,0,1,0,41.0,,voiture,,3,1,1,1,6
202300015310,2023-01-31 08:30:00,2023,1,31,8,30,16,16292,D911,46.049214,0.198601,Crépuscule ou aube,Hors agglomération,Hors intersection,Normale,Autre collision,3,2,2,0,1,1,2,0,3,80,1,2,0,0,1,1,60.0,,voiture,,2,1,1,1,6
202300015311,2023-02-03 12:23:00,2023,2,3,12,23,85,85206,D949,46.46272,-1.31872,Plein jour,Hors agglomération,Hors intersection,Normale,Sans collision,3,2,2,0,1,1,1,0,3,80,1,1,0,0,1,0,78.0,,voiture,,1,1,1,1,7
202300015312,2023-01-31 17:15:00,2023,1,31,17,15,85,85047,VC 190 rue Carnot,46.854459,-1.895765,Plein jour,En agglomération,Autre intersection,Normale,Autre collision,4,2,2,2,1,1,1,0,5,50,2,2,1,0,0,1,15.0,67.0,deux_roues,voiture,1,2,9,1,6
202300015313,2023-02-03 23:20:00,2023,2,3,23,20,30,30147,D982,44.021999,4.040823,Nuit sans éclairage public,Hors agglomération,Hors intersection,Normale,Deux véhicules - côté,3,2,2,0,1,2,1,0,1,80,2,2,0,0,2,0,20.0,20.0,voiture,voiture,3,1,1,1,3
202300015314,2023-02-03 18:15:00,2023,2,3,18,15,08,08338,,49.40893134,4.4691224,Nuit sans éclairage public,Hors agglomération,Hors intersection,Pluie légère,Autre collision,3,2,2,0,1,3,2,0,3,80,1,1,0,0,0,1,27.0,,voiture,,3,1,1,2,6
202300015315,2023-02-03 20:35:00,2023,2,3,20,35,30,30347,RD135,43.723289,4.269862,Nuit sans éclairage public,Hors agglomération,Hors intersection,Normale,Deux véhicules - frontale,3,2,2,0,1,1,1,0,1,80,2,2,0,0,0,2,55.0,30.0,voiture,voiture,3,1,1,1,1
202300015316,2023-02-02 11:50:00,2023,2,2,11,50,13,13050,Route d’Avignon,43.656915,5.257629,Plein jour,Hors agglomération,Hors intersection,Temps éblouissant,Deux véhicules - côté,3,2,2,0,1,3,1,0,1,80,2,2,1,0,1,0,56.0,85.0,utilitaire_camion,voiture,1,1,1,7,3
202300015317,2023-02-03 21:10:00,2023,2,3,21,10,60,60299,A16 PK 94+300 B/P,49.620817,2.209235,Nuit sans éclairage public,Hors agglomération,Hors intersection,Normale,Deux véhicules - arrière,1,3,4,0,1,1,1,0,1,130,2,3,2,1,0,0,31.0,33.0,voiture,utilitaire_camion,3,1,1,1,2
202300015318,2023-02-04 17:55:00,2023,2,4,17,55,53,53201,A81,48.094248,-0.857019,Plein jour,Hors agglomération,Hors intersection,Normale,Deux véhicules - arrière,1,3,4,0,1,1,1,0,1,130,2,2,1,1,0,0,24.0,31.0,deux_roues,utilitaire_camion,1,1,1,1,2
202300015319,2023-02-04 03:30:00,2023,2,4,3,30,21,21347,"Autoroute A6, PK 306.400",47.002566,4.860742,Nuit sans éclairage public,Hors agglomération,Hors intersection,Normale,Trois véhicules et plus - en chaîne,1,3,4,0,1,1,1,0,1,130,3,3,1,0,1,1,66.0,54.0,utilitaire_camion,utilitaire_camion,3,1,1,1,4
202300015320,2023-02-03 12:40:00,2023,2,3,12,40,95,95604,RD 317,49.09884758,2.53137231,Plein jour,Hors agglomération,Hors intersection,Normale,Trois véhicules et plus - collisions multiples,3,2,4,0,1,1,1,0,1,80,3,3,2,0,0,1,51.0,36.0,utilitaire_camion,utilitaire_camion,1,1,1,1,5
202300015321,2023-02-04 15:25:00,2023,2,4,15,25,988,98804,RPN3/RM15- INTERSECTION NAKÉTY SAINT LOUIS,-21.548949,166.038795,Plein jour,Hors agglomération,Intersection en T,Temps couvert,Trois véhicules et plus - collisions multiples,3,2,2,0,1,1,1,0,1,-1,3,3,2,0,1,0,65.0,25.0,voiture,deux_roues,1,1,3,8,5
202300015321,2023-02-04 15:25:00,2023,2,4,15,25,988,98804,RPN3/RM15- INTERSECTION NAKÉTY SAINT LOUIS,-21.548949,166.038795,Plein jour,Hors agglomération,Intersection en T,Temps couvert,Trois véhicules et plus - collisions multiples,3,2,2,-1,-1,1,1,-1,1,-1,3,3,2,0,1,0,65.0,25.0,voiture,deux_roues,1,1,3,8,5
202300015322,2023-02-04 06:35:00,2023,2,4,6,35,971,97112,Beaurenom,15.880901,-61.310229,Plein jour,En agglomération,Hors intersection,Normale,Autre collision,2,2,2,0,1,1,2,0,4,50,1,2,1,1,0,0,71.0,,voiture,,1,2,1,1,6
202300015323,2023-02-03 19:20:00,2023,2,3,19,20,971,97121,Lieu Dit Baillargent,16.258325,-61.806011,Nuit sans éclairage public,Hors agglomération,Hors intersection,Normale,Autre collision,2,2,2,0,2,2,1,0,3,70,1,3,2,0,1,0,20.0,,voiture,,3,1,1,1,6
202300015324,2023-02-02 12:30:00,2023,2,2,12,30,971,97124,Route de Morin,16.004247,-61.704451,Plein jour,En agglomération,Hors intersection,Normale,Sans collision,3,2,2,0,2,2,1,0,3,50,1,2,0,1,0,1,74.0,,voiture,,1,2,1,1,7
202300015325,2023-02-04 10:45:00,2023,2,4,10,45,18,18207,50 Route de Rosières,46.978256,2.248921,Plein jour,En agglomération,Hors intersection,Normale,Autre collision,3,2,2,0,1,1,1,0,1,50,1,2,1,0,0,1,68.0,,voiture,,1,2,1,1,6
202300015326,2023-02-04 18:40:00,2023,2,4,18,40,66,66017,,42.8366041,3.03846,Nuit sans éclairage public,Hors agglomération,Hors intersection,Vent fort / tempête,Autre collision,3,2,2,0,1,1,1,0,1,80,1,2,1,1,0,0,45.0,,utilitaire_camion,,3,1,1,6,6
202300015327,2023-02-04 15:40:00,2023,2,4,15,40,21,21390,54 Rue du Carre,47.277746,4.985079,Plein jour,En agglomération,Intersection en T,Normale,Deux véhicules - côté,4,2,2,0,1,1,1,0,1,30,2,2,0,0,0,2,17.0,22.0,deux_roues,deux_roues,1,2,3,1,3
202300015327,2023-02-04 15:40:00,2023,2,4,15,40,21,21390,54 Rue du Carre,47.277746,4.985079,Plein jour,En agglomération,Intersection en T,Normale,Deux véhicules - côté,4,2,2,0,1,1,1,0,1,-1,2,2,0,0,0,2,17.0,22.0,deux_roues,deux_roues,1,2,3,1,3
202300015328,2023-02-03 18:55:00,2023,2,3,18,55,68,68028,Route de Selestat,48.205597,7.373457,Nuit avec éclairage allumé,En agglomération,Hors intersection,Normale,Deux véhicules - frontale,4,2,2,0,1,2,1,0,1,50,2,2,1,0,0,1,59.0,60.0,voiture,voiture,5,2,1,1,1
202300015329,2023-02-03 20:45:00,2023,2,3,20,45,73,73317,D123 - Route du mont bisanne,45.74614036,6.53680701,Nuit sans éclairage public,Hors agglomération,Hors intersection,Normale,Deux véhicules - côté,3,2,2,0,2,2,1,0,1,80,2,6,2,0,0,4,38.0,35.0,voiture,voiture,3,1,1,1,3
202300015330,2023-02-03 20:40:00,2023,2,3,20,40,31,31263,Route de Muret,43.419917,1.376154,Nuit sans éclairage public,Hors agglomération,Hors intersection,Normale,Deux véhicules - frontale,3,2,2,0,1,1,1,0,1,80,2,2,1,0,1,0,47.0,59.0,voiture,utilitaire_camion,3,1,1,1,1
202300015331,2023-02-04 17:00:00,2023,2,4,17,0,19,19038,Hautefage,45.267317,1.73695,Plein jour,Hors agglomération,Hors intersection,Normale,Deux véhicules - côté,3,2,2,0,3,3,1,0,1,90,2,2,1,0,1,0,29.0,34.0,deux_roues,utilitaire_camion,1,1,1,1,3
202300015332,2023-02-04 10:12:00,2023,2,4,10,12,35,35257,62Rue d'Antrain,48.415188,-1.378682,Plein jour,En agglomération,Hors intersection,Normale,Autre collision,4,2,2,1,2,1,2,0,1,50,1,1,0,1,0,0,39.0,,deux_roues,,1,2,1,1,6
202300015333,2023-02-04 11:20:00,2023,2,4,11,20,27,27070,D316,49.303468,1.497746,Plein jour,Hors agglomération,Hors intersection,Normale,Deux véhicules - arrière,3,2,2,0,1,1,1,0,1,80,2,3,2,1,0,0,19.0,69.0,voiture,deux_roues,1,1,1,1,2
202300015334,2023-02-03 03:41:00,2023,2,3,3,41,13,13071,A7-Sens Marseille vers Lyon,43.40365,5.30842,Nuit sans éclairage public,Hors agglomération,Hors intersection,Normale,Deux véhicules - arrière,1,1,2,0,1,1,1,0,1,110,2,5,3,0,0,2,33.0,21.0,voiture,voiture,3,1,1,1,2
202300015335,2023-02-03 19:11:00,2023,2,3,19,11,83,83137,A57,43.12334,5.95911,Nuit avec éclairage allumé,Hors agglomération,Hors intersection,Normale,Trois véhicules et plus - en chaîne,1,1,6,0,1,1,1,0,1,70,3,3,1,0,1,1,47.0,32.0,voiture,voiture,5,1,1,1,4
202300015336,2023-02-03 14:20:00,2023,2,3,14,20,69,69259,Boulevard Périphérique Laurent Bonnevay,45.71768,4.86286,Plein jour,Hors agglomération,Hors intersection,Normale,Trois véhicules et plus - en chaîne,7,3,6,0,1,1,1,0,1,70,4,4,3,0,0,1,64.0,50.0,voiture,voiture,1,1,1,1,4
202300015337,2023-02-03 18:00:00,2023,2,3,18,0,91,91471,RN 118,48.698134,2.192247,Nuit sans éclairage public,Hors agglomération,Hors intersection,Normale,Sans collision,2,3,4,0,2,1,2,0,1,90,1,1,0,0,0,1,30.0,,voiture,,3,1,1,1,7
202300015338,2023-02-03 14:12:00,2023,2,3,14,12,91,91659,AUTOROUTE A6,48.58284,2.45698,Plein jour,Hors agglomération,Hors intersection,Normale,Sans collision,1,1,3,0,1,1,1,0,1,110,1,1,0,0,0,1,41.0,,voiture,,1,1,1,1,7
202300015339,2023-02-03 02:20:00,2023,2,3,2,20,91,91161,AUTOROUTE A6,48.719897,2.310716,Nuit sans éclairage public,Hors agglomération,Hors intersection,Normale,Deux véhicules - arrière,1,1,3,0,1,1,1,0,1,110,2,5,2,0,0,3,,38.0,voiture,voiture,3,1,1,1,2
202300015340,2023-02-03 18:30:00,2023,2,3,18,30,95,95018, A15,48.95528809,2.27796417,Nuit sans éclairage public,Hors agglomération,Hors intersection,Normale,Deux véhicules - côté,1,3,8,0,1,1,1,0,1,90,2,2,1,0,0,1,,34.0,voiture,deux_roues,3,1,1,1,3
202300015341,2023-02-03 17:10:00,2023,2,3,17,10,95,95582,A115,48.97648,2.2415,Crépuscule ou aube,Hors agglomération,Hors intersection,Normale,Autre collision,1,3,4,0,1,3,1,0,1,70,1,1,0,0,0,1,20.0,,deux_roues,,2,1,1,1,6
202300015342,2023-02-02 19:45:00,2023,2,2,19,45,93,93078,AUTOROUTE A104,48.96208,2.5464,Nuit sans éclairage public,Hors agglomération,Hors intersection,Normale,Trois véhicules et plus - en chaîne,1,3,6,0,1,1,1,0,1,110,3,3,1,0,0,2,26.0,69.0,voiture,voiture,3,1,1,1,4
202300015343,2023-02-01 07:50:00,2023,2,1,7,50,95,95572, A15,49.03421791,2.10199934,Plein jour,Hors agglomération,Hors intersection,Normale,Deux véhicules - arrière,1,3,8,0,2,1,1,0,1,90,2,2,1,0,0,1,21.0,21.0,voiture,voiture,1,1,1,1,2
202300015344,2023-02-02 10:10:00,2023,2,2,10,10,76,76351,HUIT MAI 1945 (AVENUE DU),49.51362,0.1637,Plein jour,En agglomération,Hors intersection,Normale,Autre collision,4,2,2,1,1,1,1,0,1,50,1,2,1,0,1,0,49.0,,voiture,,1,2,1,1,6
202300015345,2023-02-02 13:00:00,2023,2,2,13,0,974,97416,ANCIENNE RN 1,-21.323,55.44509,Plein jour,Hors agglomération,Place,Normale,Deux véhicules - côté,4,2,2,0,1,1,1,0,1,50,2,3,2,0,0,1,55.0,46.0,transport_commun,voiture,1,1,7,1,3
202300015346,2023-02-01 16:10:00,2023,2,1,16,10,974,97416,RN1 (ROUTE NATIONALE),-21.32693,55.45054,Plein jour,En agglomération,Autre intersection,Normale,Deux véhicules - arrière,2,1,1,0,2,1,1,3,1,90,2,2,1,0,0,1,49.0,61.0,voiture,deux_roues,1,2,9,1,2
202300015347,2023-02-03 00:30:00,2023,2,3,0,30,69,69387,Boulevard Chambaud de la Bruyère,45.72277,4.84237,Nuit avec éclairage non allumé,En agglomération,Intersection en X,Normale,Autre collision,4,2,6,1,1,1,1,0,1,50,1,4,0,0,1,3,20.0,,voiture,,4,2,2,1,6
202300015347,2023-02-03 00:30:00,2023,2,3,0,30,69,69387,Boulevard Chambaud de la Bruyère,45.72277,4.84237,Nuit avec éclairage non allumé,En agglomération,Intersection en X,Normale,Autre collision,4,2,4,0,1,1,1,0,1,50,1,4,0,0,1,3,20.0,,voiture,,4,2,2,1,6
202300015348,2023-02-02 17:50:00,2023,2,2,17,50,69,69387,Avenue Jean Jaurès,45.72777,4.83158,Plein jour,En agglomération,Hors intersection,Normale,Autre collision,4,2,2,2,1,1,1,0,1,50,2,2,0,0,0,2,41.0,34.0,deux_roues,deux_roues,1,2,1,1,6
202300015349,2023-02-02 09:55:00,2023,2,2,9,55,69,69383,33 Avenue Félix Faure,45.75281718,4.85221906,Plein jour,En agglomération,Intersection en T,Normale,Deux véhicules - côté,4,1,1,2,1,1,1,0,1,30,2,2,1,0,0,1,43.0,25.0,transport_commun,voiture,1,2,3,1,3
202300015349,2023-02-02 09:55:00,2023,2,2,9,55,69,69383,33 Avenue Félix Faure,45.75281718,4.85221906,Plein jour,En agglomération,Intersection en T,Normale,Deux véhicules - côté,4,1,1,3,1,1,1,0,6,30,2,2,1,0,0,1,43.0,25.0,transport_commun,voiture,1,2,3,1,3
202300015350,2023-02-01 09:45:00,2023,2,1,9,45,69,69388,228 Avenue Berthelot,45.74,4.8577,Plein jour,En agglomération,Intersection en T,Normale,Autre collision,4,1,4,3,1,1,1,0,1,50,1,2,1,0,0,1,20.0,,utilitaire_camion,,1,2,3,1,6
202300015350,2023-02-01 09:45:00,2023,2,1,9,45,69,69388,228 Avenue Berthelot,45.74,4.8577,Plein jour,En agglomération,Intersection en T,Normale,Autre collision,4,1,1,2,1,1,1,0,1,30,1,2,1,0,0,1,20.0,,utilitaire_camion,,1,2,3,1,6
202300015351,2023-02-01 12:45:00,2023,2,1,12,45,972,97209,GENERAL DE GAULLE (BLD DU),14.60767,-61.0697,Plein jour,En agglomération,Hors intersection,Normale,Deux véhicules - côté,2,1,2,0,1,1,1,9,1,30,2,2,1,0,0,1,55.0,30.0,voiture,deux_roues,1,2,1,1,3
202300015352,2023-02-02 11:50:00,2023,2,2,11,50,69,69389,Rue Frère Benoit,45.76378,4.79547,Plein jour,En agglomération,Intersection en T,Normale,Autre collision,4,2,4,0,1,1,1,0,1,50,1,2,1,0,0,1,,,voiture,,1,2,3,1,6
202300015352,2023-02-02 11:50:00,2023,2,2,11,50,69,69389,Rue Frère Benoit,45.76378,4.79547,Plein jour,En agglomération,Intersection en T,Normale,Autre collision,4,2,4,0,1,1,1,0,1,30,1,2,1,0,0,1,,,voiture,,1,2,3,1,6
202300015353,2023-02-02 08:45:00,2023,2,2,8,45,69,69382,Quai Maréchal Joffre,45.75265528,4.82460873,Plein jour,En agglomération,Intersection en T,Normale,Deux véhicules - côté,4,1,1,2,1,1,1,0,1,50,2,2,1,0,0,1,50.0,40.0,utilitaire_camion,deux_roues,1,2,3,1,3
202300015353,2023-02-02 08:45:00,2023,2,2,8,45,69,69382,Quai Maréchal Joffre,45.75265528,4.82460873,Plein jour,En agglomération,Intersection en T,Normale,Deux véhicules - côté,4,1,2,3,1,1,1,0,1,50,2,2,1,0,0,1,50.0,40.0,utilitaire_camion,deux_roues,1,2,3,1,3
202300015354,2023-02-01 21:15:00,2023,2,1,21,15,69,69389,76 Rue Pierre Audry,45.763,4.8075,Nuit avec éclairage allumé,En agglomération,Autre intersection,Normale,Deux véhicules - côté,4,2,2,2,2,1,1,0,4,30,2,3,2,0,0,1,27.0,29.0,deux_roues,voiture,5,2,9,1,3
202300015355,2023-02-01 08:35:00,2023,2,1,8,35,69,69381,2 Rue Terme,45.76811,4.8321,Plein jour,En agglomération,Intersection en T,Normale,Deux véhicules - côté,4,1,1,2,1,1,1,0,1,30,2,2,1,0,1,0,32.0,63.0,deux_roues,deux_roues,1,2,3,1,3
202300015355,2023-02-01 08:35:00,2023,2,1,8,35,69,69381,2 Rue Terme,45.76811,4.8321,Plein jour,En agglomération,Intersection en T,Normale,Deux véhicules - côté,4,2,2,0,1,1,1,0,1,30,2,2,1,0,1,0,32.0,63.0,deux_roues,deux_roues,1,2,3,1,3
202300015356,2023-02-02 13:05:00,2023,2,2,13,5,2B,2B120,11 - RT,42.66076,9.44228,Plein jour,Hors agglomération,Hors intersection,Normale,Deux véhicules - côté,2,3,1,0,1,1,1,0,1,70,2,2,0,0,0,2,21.0,19.0,deux_roues,voiture,1,1,1,1,3
202300015357,2023-02-02 08:50:00,2023,2,2,8,50,95,95277,Avenue de la Concorde,48.996905,2.419503,Plein jour,En agglomération,Giratoire,Normale,Autre collision,3,2,2,0,1,1,1,0,1,50,2,4,2,0,0,2,63.0,21.0,voiture,voiture,1,2,6,1,6
202300015357,2023-02-02 08:50:00,2023,2,2,8,50,95,95277,Avenue de la Concorde,48.996905,2.419503,Plein jour,En agglomération,Giratoire,Normale,Autre collision,3,3,2,0,1,1,1,0,4,50,2,4,2,0,0,2,63.0,21.0,voiture,voiture,1,2,6,1,6
202300015358,2023-02-02 11:15:00,2023,2,2,11,15,91,91339,RUE DE LA DIVISION LECLERC,48.62622,2.26262,Plein jour,En agglomération,Intersection en T,Normale,Deux véhicules - côté,2,1,0,0,1,1,1,0,1,50,2,2,0,0,0,2,58.0,23.0,voiture,utilitaire_camion,1,2,3,1,3
202300015358,2023-02-02 11:15:00,2023,2,2,11,15,91,91339,RUE DE LA DIVISION LECLERC,48.62622,2.26262,Plein jour,En agglomération,Intersection en T,Normale,Deux véhicules - côté,2,2,2,0,1,1,1,0,1,50,2,2,0,0,0,2,58.0,23.0,voiture,utilitaire_camion,1,2,3,1,3
202300015359,2023-02-02 20:49:00,2023,2,2,20,49,91,91691,CONCY(RUE),48.7137,2.48909,Nuit avec éclairage allumé,En agglomération,Hors intersection,Normale,Deux véhicules - côté,4,2,2,0,2,1,1,0,1,30,2,3,2,0,1,0,19.0,33.0,deux_roues,utilitaire_camion,5,2,1,1,3
202300015360,2023-01-31 12:05:00,2023,1,31,12,5,91,91174,AV DU 8 MAI 1945,48.61167,2.45317,Plein jour,En agglomération,Hors intersection,Normale,Trois véhicules et plus - en chaîne,4,2,2,0,1,1,1,0,1,50,3,7,3,0,0,4,40.0,35.0,voiture,voiture,1,2,1,1,4
202300015361,2023-02-02 07:49:00,2023,2,2,7,49,87,87050,TEXONNIERAS (RUE DE),45.86161,1.22012,Crépuscule ou aube,Hors agglomération,Hors intersection,Normale,Autre collision,3,2,2,0,1,2,1,0,1,80,1,1,0,0,0,1,19.0,,voiture,,2,1,1,1,6
202300015362,2023-02-01 14:41:00,2023,2,1,14,41,87,87085,PERRIN (RUE FRANCOIS),45.82958,1.24863,Plein jour,En agglomération,Hors intersection,Normale,Autre collision,4,2,2,0,1,1,1,0,1,50,1,2,1,0,1,0,31.0,,deux_roues,,1,2,1,1,6
202300015363,2023-01-31 19:31:00,2023,1,31,19,31,87,87085,ISLE (RUE D'),45.8247,1.23457,Nuit avec éclairage allumé,En agglomération,Intersection en X,Pluie forte,Deux véhicules - côté,4,2,2,0,1,1,2,0,1,30,2,2,1,0,0,1,27.0,24.0,voiture,voiture,5,2,2,3,3
202300015363,2023-01-31 19:31:00,2023,1,31,19,31,87,87085,ISLE (RUE D'),45.8247,1.23457,Nuit avec éclairage allumé,En agglomération,Intersection en X,Pluie forte,Deux véhicules - côté,4,2,2,0,1,1,2,0,1,30,2,2,1,0,0,1,27.0,24.0,voiture,voiture,5,2,2,3,3
202300015364,2023-02-01 17:45:00,2023,2,1,17,45,83,83129,MER (AVENUE DE LA) N° PAIRS,43.1034866,5.81915992,Crépuscule ou aube,En agglomération,Hors intersection,Normale,Autre collision,6,-1, -1,3,1,1,1,9,6,30,1,2,1,0,1,0,73.0,,voiture,,2,2,1,1,6
202300015365,2023-02-02 07:10:00,2023,2,2,7,10,77,77251,D306,48.617508,2.568695,Nuit avec éclairage allumé,Hors agglomération,Intersection en X,Normale,Deux véhicules - frontale,3,2,2,0,1,1,1,5,1,50,2,3,1,0,0,2,33.0,38.0,voiture,voiture,5,1,2,1,1
202300015365,2023-02-02 07:10:00,2023,2,2,7,10,77,77251,D306,48.617508,2.568695,Nuit avec éclairage allumé,Hors agglomération,Intersection en X,Normale,Deux véhicules - frontale,3,2,4,0,1,1,1,5,1,70,2,3,1,0,0,2,33.0,38.0,voiture,voiture,5,1,2,1,1
202300015366,2023-02-02 08:05:00,2023,2,2,8,5,77,77186,D138 / D606,48.474722,2.678764,Crépuscule ou aube,Hors agglomération,Giratoire,Normale,Autre collision,3,2,2,0,1,1,1,5,1,80,1,1,0,0,1,0,43.0,,deux_roues,,2,1,6,1,6
202300015366,2023-02-02 08:05:00,2023,2,2,8,5,77,77186,D138 / D606,48.474722,2.678764,Crépuscule ou aube,Hors agglomération,Giratoire,Normale,Autre collision,3,2,2,-1,1,1,1,5,1,-1,1,1,0,0,1,0,43.0,,deux_roues,,2,1,6,1,6
202300015367,2023-02-02 18:20:00,2023,2,2,18,20,76,76322,Boulevard de Verdun,49.41567,1.05305,Nuit avec éclairage allumé,En agglomération,Giratoire,Normale,Trois véhicules et plus - en chaîne,7,2,2,-1,1,1,1,0,1,50,3,3,1,0,0,2,30.0,26.0,voiture,voiture,5,2,6,1,4
202300015367,2023-02-02 18:20:00,2023,2,2,18,20,76,76322,Boulevard de Verdun,49.41567,1.05305,Nuit avec éclairage allumé,En agglomération,Giratoire,Normale,Trois véhicules et plus - en chaîne,7,2,2,0,1,1,1,-1,1,50,3,3,1,0,0,2,30.0,26.0,voiture,voiture,5,2,6,1,4
202300015368,2023-01-25 12:25:00,2023,1,25,12,25,76,76319,N138,49.350953,1.024584,Plein jour,Hors agglomération,Hors intersection,Normale,Sans collision,2,3,4,0,1,2,1,0,3,90,1,1,0,0,0,1,22.0,,voiture,,1,1,1,1,7
202300015369,2023-02-02 17:00:00,2023,2,2,17,0,74,74012,VALLEES (ROUTE DES),46.1933,6.24286,Plein jour,En agglomération,Hors intersection,Normale,Autre collision,3,2,2,0,1,1,1,0,1,50,1,2,1,0,1,0,37.0,,voiture,,1,2,1,1,6
202300015370,2023-02-02 17:45:00,2023,2,2,17,45,73,73008,D991,45.67207,5.90845,Nuit avec éclairage allumé,En agglomération,Intersection en T,Normale,Deux véhicules - côté,3,2,2,2,1,1,1,5,1,50,2,2,1,0,0,1,32.0,19.0,voiture,deux_roues,5,2,3,1,3
202300015370,2023-02-02 17:45:00,2023,2,2,17,45,73,73008,D991,45.67207,5.90845,Nuit avec éclairage allumé,En agglomération,Intersection en T,Normale,Deux véhicules - côté,3,2,2,0,2,2,1,5,1,50,2,2,1,0,0,1,32.0,19.0,voiture,deux_roues,5,2,3,1,3
202300015371,2023-02-01 15:38:00,2023,2,1,15,38,72,72181,MAILLETS (RUE DES) IMP 37 A 159,48.01442014,0.20981133,Plein jour,En agglomération,Hors intersection,Normale,Autre collision,4,1,2,1,1,1,1,0,5,30,1,1,0,1,0,0,68.0,,voiture,,1,2,1,1,6
202300015372,2023-02-01 02:40:00,2023,2,1,2,40,71,71270,NEUF CLES (BOULEVARD DES),46.30784,4.82065,Nuit avec éclairage allumé,En agglomération,Intersection en X,Normale,Sans collision,4,2,3,-1,1,1,2,5,1,50,1,2,0,0,1,1,20.0,,voiture,,5,2,2,1,7
202300015372,2023-02-01 02:40:00,2023,2,1,2,40,71,71270,NEUF CLES (BOULEVARD DES),46.30784,4.82065,Nuit avec éclairage allumé,En agglomération,Intersection en X,Normale,Sans collision,4,-1,2,0,1,1,2,5,1,50,1,2,0,0,1,1,20.0,,voiture,,5,2,2,1,7
202300015373,2023-02-02 20:50:00,2023,2,2,20,50,69,69266,Avenue Roger Salengro,45.78280636,4.89022605,Nuit avec éclairage allumé,En agglomération,Hors intersection,Normale,Trois véhicules et plus - en chaîne,4,2,2,3,1,1,1,0,1,50,3,3,1,0,0,2,44.0,37.0,voiture,voiture,5,2,1,1,4
202300015374,2023-02-02 21:30:00,2023,2,2,21,30,69,69259,21 Rue Carnot,45.70342,4.88055,Nuit avec éclairage allumé,En agglomération,Hors intersection,Normale,Autre collision,4,1,1,2,1,1,1,0,1,50,1,2,1,0,0,1,49.0,,voiture,,5,2,1,1,6
202300015375,2023-02-01 18:50:00,2023,2,1,18,50,67,67447,BISCHWILLER (ROUTE DE),48.60275557,7.74599433,Nuit avec éclairage allumé,En agglomération,Hors intersection,Normale,Deux véhicules - côté,7,2,2,0,1,1,1,0,1,30,2,2,1,0,0,1,33.0,60.0,utilitaire_camion,deux_roues,5,2,1,1,3
202300015376,2023-01-31 16:36:00,2023,1,31,16,36,66,66136,,42.695271,2.9022,Plein jour,En agglomération,Intersection en X,Normale,Trois véhicules et plus - en chaîne,4,1, -1,-1,1,1,1,0,8,-1,3,5,2,0,0,3,28.0,40.0,voiture,voiture,1,2,2,1,4
202300015376,2023-01-31 16:36:00,2023,1,31,16,36,66,66136,,42.695271,2.9022,Plein jour,En agglomération,Intersection en X,Normale,Trois véhicules et plus - en chaîne,4,2,2,0,1,1,1,0,1,50,3,5,2,0,0,3,28.0,40.0,voiture,voiture,1,2,2,1,4
202300015377,2023-02-02 21:11:00,2023,2,2,21,11,64,64348,JEAN MERMOZ,43.32254,-0.37929,Nuit avec éclairage allumé,En agglomération,Hors intersection,Normale,Deux véhicules - côté,4,2,2,2,1,1,1,0,1,50,2,2,1,0,1,0,22.0,23.0,deux_roues,voiture,5,2,1,1,3
202300015378,2023-02-02 09:25:00,2023,2,2,9,25,64,64445,OLOF PALME,43.33541,-0.36176,Plein jour,Hors agglomération,Hors intersection,Temps éblouissant,Trois véhicules et plus - en chaîne,4,2,2,0,1,1,1,0,1,70,4,5,2,0,0,3,77.0,38.0,voiture,voiture,1,1,1,7,4
202300015379,2023-02-02 08:30:00,2023,2,2,8,30,64,64024,10bis Rue de Dous Bos,43.489745,-1.502998,Plein jour,En agglomération,Hors intersection,Normale,Deux véhicules - arrière,4,2,2,0,1,1,1,0,1,30,2,4,2,0,0,2,41.0,27.0,utilitaire_camion,voiture,1,2,1,1,2
202300015380,2023-02-01 09:00:00,2023,2,1,9,0,64,64102,17 LORRAINE (BOULEVARD D'ALSACE),43.49469,-1.4685,Plein jour,En agglomération,Hors intersection,Normale,Sans collision,4,2,2,0,1,1,1,0,1,30,1,1,0,0,0,1,19.0,,deux_roues,,1,2,1,1,7
202300015381,2023-02-01 07:50:00,2023,2,1,7,50,64,64140,SAINT GOBAIN (QUAI),43.51689,-1.48875,Crépuscule ou aube,En agglomération,Hors intersection,Normale,Trois véhicules et plus - collisions multiples,3,2,2,0,1,1,1,0,1,50,3,3,2,0,0,1,45.0,26.0,deux_roues,voiture,2,2,1,1,5