accident_id,datetime,annee,mois,jour,heure,minute,departement,commune_insee,adresse,latitude,longitude,luminosite,agglomeration,intersection,meteo,collision,catr,circ,nbv,vosp,prof,plan,surf,infra,situ,vma,nb_vehicules,nb_usagers,nb_indemnes,nb_tues,nb_blesses_hosp,nb_blesses_legers,age_cond_1,age_cond_2,veh_type_cond_1,veh_type_cond_2,lum_code,agg_code,int_code,atm_code,col_code
202300015382,2023-02-02 08:20:00,2023,2,2,8,20,60,60057,Rue de Calais,49.4368,2.08444,Plein jour,En agglomération,Hors intersection,Normale,Autre collision,4,2,2,0,1,1,1,0,6,50,1,2,1,0,0,1,21.0,,voiture,,1,2,1,1,6
202300015383,2023-02-02 12:00:00,2023,2,2,12,0,59,59599,GAMBETTA (BOULEVARD),50.70544,3.16016,Plein jour,En agglomération,Intersection en X,Normale,Deux véhicules - côté,7,2,2,0,1,1,1,0,1,50,2,3,1,0,0,2,40.0,28.0,utilitaire_camion,voiture,1,2,2,1,3
202300015383,2023-02-02 12:00:00,2023,2,2,12,0,59,59599,GAMBETTA (BOULEVARD),50.70544,3.16016,Plein jour,En agglomération,Intersection en X,Normale,Deux véhicules - côté,7,2,5,0,1,1,1,8,1,50,2,3,1,0,0,2,40.0,28.0,utilitaire_camion,voiture,1,2,2,1,3
202300015384,2023-02-02 20:20:00,2023,2,2,20,20,59,59350,JACQUET EUGENE RUE N°IMPAIRS,50.63737496,3.08402002,Nuit avec éclairage allumé,En agglomération,Hors intersection,Normale,Deux véhicules - côté,4,2,4,1,1,1,1,0,5,30,2,2,1,0,0,1,17.0,38.0,deux_roues,voiture,5,2,1,1,3
202300015385,2023-01-31 08:30:00,2023,1,31,8,30,59,59009,HEM RUE D,50.65074,3.16061,Plein jour,En agglomération,Hors intersection,Normale,Deux véhicules - arrière,7,3,0,0,1,1,1,0,1,50,2,2,1,0,1,0,21.0,18.0,voiture,deux_roues,1,2,1,1,2
202300015386,2023-01-24 11:00:00,2023,1,24,11,0,59,59183,CAMBON PAUL - BOULEVARD,51.043692,2.404205,Plein jour,En agglomération,Autre intersection,Normale,Autre collision,4,2,3,3,1,1,1,6,1,50,1,2,1,0,0,1,64.0,,voiture,,1,2,9,1,6
202300015387,2023-02-02 11:44:00,2023,2,2,11,44,54,54174,Avenue du Maréchal Joffre,48.66719,5.8539,Plein jour,Hors agglomération,Intersection en T,Temps couvert,Deux véhicules - arrière,3,2,2,0,1,1,1,0,1,80,2,3,1,0,0,2,74.0,18.0,voiture,voiture,1,1,3,8,2
202300015387,2023-02-02 11:44:00,2023,2,2,11,44,54,54174,Avenue du Maréchal Joffre,48.66719,5.8539,Plein jour,Hors agglomération,Intersection en T,Temps couvert,Deux véhicules - arrière,3,2,2,0,1,1,1,0,1,80,2,3,1,0,0,2,74.0,18.0,voiture,voiture,1,1,3,8,2
202300015388,2023-02-03 00:05:00,2023,2,3,0,5,51,51454,rue de Chevigné,49.25626,4.04892,Nuit avec éclairage allumé,En agglomération,Hors intersection,Normale,Sans collision,4,2,0,0,1,1,2,0,1,50,1,1,0,0,0,1,52.0,,voiture,,5,2,1,1,7
202300015389,2023-01-30 15:25:00,2023,1,30,15,25,50,50129,VAL DE SAIRE (RUE DU),49.63904,-1.60628,Plein jour,En agglomération,Intersection en T,Normale,Deux véhicules - côté,4,2,2,0,1,1,1,0,1,50,2,2,1,0,1,0,21.0,19.0,deux_roues,voiture,1,2,3,1,3
202300015389,2023-01-30 15:25:00,2023,1,30,15,25,50,50129,VAL DE SAIRE (RUE DU),49.63904,-1.60628,Plein jour,En agglomération,Intersection en T,Normale,Deux véhicules - côté,4,2,2,0,1,1,1,0,1,30,2,2,1,0,1,0,21.0,19.0,deux_roues,voiture,1,2,3,1,3
202300015390,2023-02-01 08:54:00,2023,2,1,8,54,49,49007,BRESSIGNY,47.46716,-0.54942,Plein jour,En agglomération,Intersection en T,Normale,Deux véhicules - côté,4,1,2,2,1,1,1,0,5,30,2,2,1,0,0,1,56.0,37.0,voiture,deux_roues,1,2,3,1,3
202300015390,2023-02-01 08:54:00,2023,2,1,8,54,49,49007,BRESSIGNY,47.46716,-0.54942,Plein jour,En agglomération,Intersection en T,Normale,Deux véhicules - côté,4,1,1,0,1,1,1,0,5,30,2,2,1,0,0,1,56.0,37.0,voiture,deux_roues,1,2,3,1,3
202300015391,2023-02-02 12:48:00,2023,2,2,12,48,45,45208,12 Rue de Triqueti,47.99876,2.73246,Plein jour,En agglomération,Hors intersection,Normale,Autre collision,4,1,1,0,1,1,1,8,1,30,1,2,1,0,0,1,36.0,,utilitaire_camion,,1,2,1,1,6
202300015392,2023-02-02 21:20:00,2023,2,2,21,20,44,44190,57 Rue du Douet,47.19926,-1.50799,Nuit avec éclairage allumé,En agglomération,Intersection en X,Normale,Deux véhicules - côté,4,2,0,0,1,1,1,0,1,50,2,3,1,0,1,1,29.0,19.0,voiture,voiture,5,2,2,1,3
202300015392,2023-02-02 21:20:00,2023,2,2,21,20,44,44190,57 Rue du Douet,47.19926,-1.50799,Nuit avec éclairage allumé,En agglomération,Intersection en X,Normale,Deux véhicules - côté,4,2,4,0,1,1,1,5,1,30,2,3,1,0,1,1,29.0,19.0,voiture,voiture,5,2,2,1,3
202300015393,2023-02-02 22:20:00,2023,2,2,22,20,42,42044,Rue James Jackson,45.39887,4.33979,Nuit avec éclairage allumé,En agglomération,Hors intersection,Normale,Autre collision,7,2,1,0,1,3,1,0,4,50,1,1,0,0,0,1,46.0,,voiture,,5,2,1,1,6
202300015394,2023-02-01 17:30:00,2023,2,1,17,30,38,38563,KOFLER (BOULEVARD E.),45.36133,5.59864,Plein jour,En agglomération,Giratoire,Normale,Autre collision,4,2,3,0,2,1,1,0,1,50,1,2,1,0,1,0,40.0,,voiture,,1,2,6,1,6
202300015395,2023-02-02 11:20:00,2023,2,2,11,20,38,38185,BOULEVARD JEAN PAIN,45.1858,5.7334,Plein jour,En agglomération,Intersection en T,Normale,Autre collision,4,3,4,0,1,1,1,0,1,30,1,2,1,0,1,0,29.0,,utilitaire_camion,,1,2,3,1,6
202300015395,2023-02-02 11:20:00,2023,2,2,11,20,38,38185,BOULEVARD JEAN PAIN,45.1858,5.7334,Plein jour,En agglomération,Intersection en T,Normale,Autre collision,4,1,2,2,1,1,1,0,1,30,1,2,1,0,1,0,29.0,,utilitaire_camion,,1,2,3,1,6
202300015396,2023-02-02 16:30:00,2023,2,2,16,30,35,35278,GAULLE (RUE DU GAL DE),48.1417,-1.68665,Plein jour,Hors agglomération,Hors intersection,Normale,Deux véhicules - arrière,4,2,2,3,1,1,1,9,1,50,2,3,2,0,0,1,38.0,33.0,transport_commun,utilitaire_camion,1,1,1,1,2
202300015397,2023-02-02 08:40:00,2023,2,2,8,40,35,35238,BOUZAT (DOYEN ALBERT),48.12829,-1.63861,Plein jour,En agglomération,Intersection en T,Normale,Autre collision,4,2,5,2,1,1,1,0,1,30,1,3,2,0,0,1,44.0,,voiture,,1,2,3,1,6
202300015397,2023-02-02 08:40:00,2023,2,2,8,40,35,35238,BOUZAT (DOYEN ALBERT),48.12829,-1.63861,Plein jour,En agglomération,Intersection en T,Normale,Autre collision,4,2,2,0,1,1,1,6,1,20,1,3,2,0,0,1,44.0,,voiture,,1,2,3,1,6
202300015398,2023-02-02 12:10:00,2023,2,2,12,10,34,34172,Avenue Ernest Hemingway,43.63647,3.83157,Plein jour,En agglomération,Giratoire,Normale,Deux véhicules - arrière,7,3,2,0,1,3,1,0,1,50,2,2,1,0,0,1,39.0,53.0,deux_roues,voiture,1,2,6,1,2
202300015399,2023-10-19 08:30:00,2023,10,19,8,30,06,06032,liaison marquet,43.727435,7.412314,Plein jour,En agglomération,Hors intersection,Pluie légère,Autre collision,9,2,2,0,2,2,2,0,1,50,1,1,0,0,1,0,35.0,,deux_roues,,1,2,1,2,6
202300015400,2023-02-01 18:30:00,2023,2,1,18,30,33,33281,Avenue Montesquieu,44.84638122,-0.63506824,Nuit avec éclairage allumé,En agglomération,Intersection en T,Normale,Deux véhicules - côté,4,2,2,2,1,1,1,-1,1,50,2,2,1,0,0,1,34.0,37.0,deux_roues,voiture,5,2,3,1,3
202300015400,2023-02-01 18:30:00,2023,2,1,18,30,33,33281,Avenue Montesquieu,44.84638122,-0.63506824,Nuit avec éclairage allumé,En agglomération,Intersection en T,Normale,Deux véhicules - côté,4,2,2,2,1,1,1,-1,1,50,2,2,1,0,0,1,34.0,37.0,deux_roues,voiture,5,2,3,1,3
202300015401,2023-02-02 17:25:00,2023,2,2,17,25,33,33529,CAZAUX (BD DE) DU 02 ET +,44.61694809,-1.13757312,Plein jour,Hors agglomération,Giratoire,Normale,Autre collision,2,2,2,0,1,3,1,0,1,50,1,3,2,0,0,1,76.0,,voiture,,1,1,6,1,6
202300015402,2023-10-18 16:30:00,2023,10,18,16,30,64,64362,d14,43.33999,-1.076242,Plein jour,Hors agglomération,Hors intersection,Normale,Deux véhicules - frontale,3,2,2,0,2,2,1,0,1,-1,2,2,0,0,1,1,60.0,34.0,utilitaire_camion,utilitaire_camion,1,1,1,1,1
202300015403,2023-02-01 21:05:00,2023,2,1,21,5,33,33529,PORT (RUE DU),44.63625117,-1.14453077,Nuit avec éclairage allumé,En agglomération,Hors intersection,Normale,Deux véhicules - frontale,4,2,2,0,1,1,1,0,1,50,2,2,1,0,0,1,22.0,17.0,voiture,deux_roues,5,2,1,1,1
202300015404,2023-10-19 07:10:00,2023,10,19,7,10,18,18197,26 Rue Henri Barbusse,46.723164,2.501793,Nuit avec éclairage allumé,En agglomération,Hors intersection,Temps couvert,Autre collision,4,1,1,0,1,1,2,0,1,30,1,2,1,1,0,0,20.0,,voiture,,5,2,1,8,6
202300015405,2023-02-01 15:40:00,2023,2,1,15,40,33,33529,LECLERC (AVE DU GAL),44.64837,-1.15288,Plein jour,En agglomération,Giratoire,Normale,Deux véhicules - côté,3,3,2,1,1,2,1,0,1,50,2,2,1,0,1,0,36.0,75.0,deux_roues,voiture,1,2,6,1,3
202300015406,2023-02-02 17:35:00,2023,2,2,17,35,32,32013,MARNE (AVENUE DE LA),43.64926,0.59651,Plein jour,En agglomération,Hors intersection,Normale,Autre collision,3,2,3,0,1,1,1,0,1,50,1,2,1,0,0,1,67.0,,voiture,,1,2,1,1,6
202300015407,2023-10-18 15:40:00,2023,10,18,15,40,36,36018,Rue Albert Chichery,46.638189,1.061763,Plein jour,En agglomération,Intersection en X,Pluie légère,Trois véhicules et plus - collisions multiples,3,2,2,0,2,1,2,0,1,50,3,4,3,0,1,0,78.0,23.0,voiture,voiture,1,2,2,2,5
202300015407,2023-10-18 15:40:00,2023,10,18,15,40,36,36018,Rue Albert Chichery,46.638189,1.061763,Plein jour,En agglomération,Intersection en X,Pluie légère,Trois véhicules et plus - collisions multiples,3,2,2,-1,2,1,2,0,1,50,3,4,3,0,1,0,78.0,23.0,voiture,voiture,1,2,2,2,5
202300015408,2023-02-02 16:10:00,2023,2,2,16,10,31,31555,BD DE L EMBOUCHURE,43.61612651,1.43647045,Plein jour,En agglomération,Hors intersection,Normale,Autre collision,4,1,1,0,1,1,1,0,1,50,2,2,1,0,1,0,56.0,18.0,deux_roues,deux_roues,1,2,1,1,6
202300015409,2023-02-02 11:55:00,2023,2,2,11,55,29,29232,Place Louis Armand,47.994222,-4.09224,Plein jour,En agglomération,Hors intersection,Normale,Autre collision,6,-1, -1,0,1,1,1,0,1,30,1,2,1,0,0,1,67.0,,voiture,,1,2,1,1,6
202300015410,2023-10-18 07:50:00,2023,10,18,7,50,40,40001,Coste de Lariou,43.694966,-0.274084,Nuit sans éclairage public,En agglomération,Hors intersection,Pluie légère,Deux véhicules - arrière,4,2,2,0,2,1,2,0,1,70,2,2,1,0,0,1,20.0,18.0,voiture,deux_roues,3,2,1,2,2
202300015411,2023-02-02 17:20:00,2023,2,2,17,20,28,28404,MARTIN LUTHER KING (RUE),48.71988,1.34183,Plein jour,En agglomération,Hors intersection,Normale,Deux véhicules - côté,3,2,3,0,2,1,1,0,1,50,2,2,1,0,0,1,20.0,19.0,voiture,deux_roues,1,2,1,1,3
202300015412,2023-10-17 20:50:00,2023,10,17,20,50,40,40163,avenue des grands lacs,44.261091,-0.991988,Nuit sans éclairage public,Hors agglomération,Hors intersection,Normale,Sans collision,3,2,2,0,1,2,1,0,8,80,1,1,0,0,1,0,61.0,,voiture,,3,1,1,1,7
202300015413,2023-02-02 12:05:00,2023,2,2,12,5,25,25056,CORVEE RUE DE LA,47.25748,6.04193,Plein jour,En agglomération,Passage à niveau,Temps couvert,Deux véhicules - côté,4,2,2,0,2,1,1,4,6,50,2,2,1,0,0,1,49.0,71.0,transport_commun,voiture,1,2,8,8,3
202300015413,2023-02-02 12:05:00,2023,2,2,12,5,25,25056,CORVEE RUE DE LA,47.25748,6.04193,Plein jour,En agglomération,Passage à niveau,Temps couvert,Deux véhicules - côté,4,1,1,0,2,1,1,4,6,20,2,2,1,0,0,1,49.0,71.0,transport_commun,voiture,1,2,8,8,3
202300015414,2023-02-01 17:24:00,2023,2,1,17,24,22,22278,RN12,48.50478,-2.73257,Plein jour,Hors agglomération,Hors intersection,Normale,Deux véhicules - arrière,2,3,4,0,1,1,1,0,1,90,2,2,0,0,1,1,61.0,34.0,voiture,voiture,1,1,1,1,2
202300015415,2023-10-18 17:00:00,2023,10,18,17,0,24,24520,Route d'Alsace,44.912604,1.20719,Plein jour,Hors agglomération,Hors intersection,Pluie légère,Deux véhicules - côté,3,2,2,0,3,2,2,0,1,70,2,2,1,0,1,0,22.0,52.0,voiture,voiture,1,1,1,2,3
202300015416,2023-02-02 07:30:00,2023,2,2,7,30,21,21355,CHICAGO (DE) (BOULEVARD),47.300397,5.059999,Crépuscule ou aube,En agglomération,Intersection en T,Normale,Deux véhicules - côté,4,3,4,0,1,1,1,0,1,50,2,2,0,1,0,1,37.0,26.0,deux_roues,voiture,2,2,3,1,3
202300015416,2023-02-02 07:30:00,2023,2,2,7,30,21,21355,CHICAGO (DE) (BOULEVARD),47.300397,5.059999,Crépuscule ou aube,En agglomération,Intersection en T,Normale,Deux véhicules - côté,4,2,2,0,1,1,1,0,1,50,2,2,0,1,0,1,37.0,26.0,deux_roues,voiture,2,2,3,1,3
202300015417,2023-02-01 06:50:00,2023,2,1,6,50,19,19031,LISSAC (ROUTE DE),45.134286,1.475273,Nuit sans éclairage public,En agglomération,Intersection en T,Normale,Sans collision,3,2,2,0,2,1,2,0,1,50,2,2,1,0,0,1,76.0,53.0,voiture,deux_roues,3,2,3,1,7
202300015417,2023-02-01 06:50:00,2023,2,1,6,50,19,19031,LISSAC (ROUTE DE),45.134286,1.475273,Nuit sans éclairage public,En agglomération,Intersection en T,Normale,Sans collision,3,2, -1,-1,1,1,1,0,1,-1,2,2,1,0,0,1,76.0,53.0,voiture,deux_roues,3,2,3,1,7
202300015418,2023-09-13 16:20:00,2023,9,13,16,20,85,85234,57 Route de la caillauderie,46.774943,-2.033399,Plein jour,En agglomération,Hors intersection,Normale,Sans collision,4,2,2,0,1,1,1,0,1,30,4,4,3,0,0,1,73.0,30.0,voiture,utilitaire_camion,1,2,1,1,7
202300015419,2023-02-02 22:05:00,2023,2,2,22,5,17,17300,JOFFRE   BOULEVARD (79 et 18),46.15801,-1.14217,Nuit avec éclairage allumé,En agglomération,Intersection en X,Normale,Deux véhicules - frontale,4,2,5,0,1,1,1,0,1,30,2,6,4,0,1,1,19.0,22.0,voiture,voiture,5,2,2,1,1
202300015419,2023-02-02 22:05:00,2023,2,2,22,5,17,17300,JOFFRE   BOULEVARD (79 et 18),46.15801,-1.14217,Nuit avec éclairage allumé,En agglomération,Intersection en X,Normale,Deux véhicules - frontale,4,2,3,0,1,1,1,0,1,30,2,6,4,0,1,1,19.0,22.0,voiture,voiture,5,2,2,1,1
202300015420,2023-10-18 14:45:00,2023,10,18,14,45,87,87154,Avenue Gay Lussac,45.887801,0.886792,Plein jour,En agglomération,Hors intersection,Pluie forte,Deux véhicules - frontale,3,2,2,0,2,1,2,0,1,50,2,3,0,0,0,3,23.0,63.0,voiture,voiture,1,2,1,3,1
202300015421,2023-02-02 20:15:00,2023,2,2,20,15,14,14271,21 Route d'Harcourt,49.14962,-0.37206,Nuit avec éclairage allumé,En agglomération,Hors intersection,Normale,Autre collision,3,2,2,0,1,1,1,0,1,50,1,2,1,0,0,1,56.0,,voiture,,5,2,1,1,6
202300015422,2023-10-19 08:57:00,2023,10,19,8,57,37,37143,14 Route de Bléré,47.13858262,0.79588652,Plein jour,En agglomération,Hors intersection,Normale,Autre collision,3,2,2,0,1,1,1,0,4,50,1,1,0,0,1,0,77.0,,voiture,,1,2,1,1,6
202300015423,2023-02-02 19:10:00,2023,2,2,19,10,13,13117,BERNARDE (AUBERGE LA) RN 113,43.47405,5.22857,Nuit sans éclairage public,Hors agglomération,Autre intersection,Normale,Deux véhicules - côté,3,2,2,0,1,1,1,0,1,50,2,2,1,0,0,1,42.0,16.0,voiture,deux_roues,3,1,9,1,3
202300015424,2023-10-18 07:40:00,2023,10,18,7,40,24,24226,Route de Bergerac,44.851762,0.029655,Nuit avec éclairage allumé,En agglomération,Hors intersection,Pluie légère,Autre collision,3,2,2,0,1,1,2,6,1,50,1,2,1,0,1,0,30.0,,voiture,,5,2,1,2,6
202300015425,2023-02-01 16:30:00,2023,2,1,16,30,13,13054,COMBATTANTS AFN 52 62 (AV DES ),43.40101,5.22578,Plein jour,En agglomération,Intersection en T,Normale,Deux véhicules - côté,4,2,2,0,1,1,1,5,1,50,2,2,1,0,1,0,32.0,20.0,utilitaire_camion,deux_roues,1,2,3,1,3
202300015425,2023-02-01 16:30:00,2023,2,1,16,30,13,13054,COMBATTANTS AFN 52 62 (AV DES ),43.40101,5.22578,Plein jour,En agglomération,Intersection en T,Normale,Deux véhicules - côté,4,2,2,0,1,1,1,5,1,50,2,2,1,0,1,0,32.0,20.0,utilitaire_camion,deux_roues,1,2,3,1,3
202300015426,2023-02-02 08:45:00,2023,2,2,8,45,13,13206,DELPHES (AVENUE DE),43.28413,5.38753,Plein jour,En agglomération,Hors intersection,Normale,Deux véhicules - côté,4,1,1,0,2,1,1,0,1,50,2,2,1,0,0,1,25.0,65.0,voiture,deux_roues,1,2,1,1,3
202300015427,2023-10-05 08:00:00,2023,10,5,8,0,24,24189,Conterie Est,44.881152,0.182337,Plein jour,Hors agglomération,Autre intersection,Normale,Deux véhicules - côté,3,2,2,0,2,1,1,0,1,-1,2,2,1,0,1,0,17.0,60.0,deux_roues,voiture,1,1,9,1,3
202300015428,2023-01-02 09:15:00,2023,1,2,9,15,13,13207,Corniche John Fitzgérald Kennedy,43.28838,5.35309,Plein jour,En agglomération,Hors intersection,Normale,Deux véhicules - frontale,4,2,2,0,1,1,1,0,1,50,2,2,1,0,0,1,56.0,19.0,deux_roues,voiture,1,2,1,1,1
202300015429,2023-02-02 21:15:00,2023,2,2,21,15,06,06088,DURANTE (AV.),43.70282,7.26236,Nuit avec éclairage allumé,En agglomération,Autre intersection,Normale,Deux véhicules - côté,4,1,2,0,1,1,1,9,1,50,2,2,0,0,0,2,30.0,61.0,deux_roues,deux_roues,5,2,9,1,3
202300015430,2023-10-18 16:45:00,2023,10,18,16,45,91,91649,D26,48.561611,2.354286,Plein jour,Hors agglomération,Hors intersection,Pluie légère,Deux véhicules - frontale,3,2,2,0,1,1,2,0,1,80,2,3,2,0,1,0,66.0,46.0,utilitaire_camion,voiture,1,1,1,2,1
202300015431,2023-02-02 08:15:00,2023,2,2,8,15,06,06069,PEGOMAS (ROUTE DE),43.638304,6.933609,Plein jour,En agglomération,Hors intersection,Normale,Deux véhicules - arrière,3,2,2,0,1,1,1,0,1,50,2,2,1,0,0,1,19.0,52.0,deux_roues,voiture,1,2,1,1,2
202300015432,2023-10-19 17:20:00,2023,10,19,17,20,06,06030,A8,43.583624,7.02271,Plein jour,Hors agglomération,Hors intersection,Pluie légère,Trois véhicules et plus - collisions multiples,1,1,3,0,2,2,2,0,1,90,3,4,3,0,0,1,40.0,46.0,utilitaire_camion,utilitaire_camion,1,1,1,2,5
202300015433,2023-02-02 09:45:00,2023,2,2,9,45,06,06123,GERBAULT ALAIN PROMENADE,43.6566,7.17968,Plein jour,En agglomération,Intersection en Y,Normale,Deux véhicules - côté,4,1,1,0,1,1,1,0,1,50,2,2,1,0,1,0,75.0,67.0,voiture,deux_roues,1,2,4,1,3
202300015433,2023-02-02 09:45:00,2023,2,2,9,45,06,06123,GERBAULT ALAIN PROMENADE,43.6566,7.17968,Plein jour,En agglomération,Intersection en Y,Normale,Deux véhicules - côté,4,2,2,1,1,2,1,0,1,20,2,2,1,0,1,0,75.0,67.0,voiture,deux_roues,1,2,4,1,3
202300015434,2023-10-18 16:38:00,2023,10,18,16,38,13,13032,d18 route de loqui,43.566485,5.346898,Plein jour,Hors agglomération,Hors intersection,Temps couvert,Deux véhicules - côté,3,2,2,1,1,1,1,8,8,80,2,2,1,0,1,0,42.0,17.0,utilitaire_camion,deux_roues,1,1,1,8,3
202300015435,2023-01-31 16:15:00,2023,1,31,16,15,03,03101,Rue du Stade,46.3573,2.53716,Plein jour,En agglomération,Giratoire,Normale,Deux véhicules - côté,3,2,2,0,1,1,1,9,1,50,2,2,1,0,0,1,21.0,43.0,deux_roues,voiture,1,2,6,1,3
202300015435,2023-01-31 16:15:00,2023,1,31,16,15,03,03101,Rue du Stade,46.3573,2.53716,Plein jour,En agglomération,Giratoire,Normale,Deux véhicules - côté,3,2,2,0,1,1,1,9,1,50,2,2,1,0,0,1,21.0,43.0,deux_roues,voiture,1,2,6,1,3
202300015436,2023-02-02 17:20:00,2023,2,2,17,20,92,92073,BAC (RUE DU),48.86923132,2.22999474,Plein jour,En agglomération,Hors intersection,Normale,Autre collision,4,2,2,0,1,1,1,0,1,50,1,2,1,0,0,1,34.0,,utilitaire_camion,,1,2,1,1,6
202300015437,2023-10-19 12:45:00,2023,10,19,12,45,68,68118,153 Rue du Général de Gaulle,47.721322,7.418341,Plein jour,En agglomération,Hors intersection,Pluie légère,Deux véhicules - frontale,3,3,2,0,1,2,2,0,1,50,2,2,1,0,0,1,32.0,26.0,utilitaire_camion,deux_roues,1,2,1,2,1
202300015438,2023-01-31 13:00:00,2023,1,31,13,0,75,75114,BOULEVARD PERIPHERIQUE EXTERIEUR SUD,48.816449,2.342122,Plein jour,En agglomération,Intersection en Y,Normale,Trois véhicules et plus - collisions multiples,4,1,2,0,1,1,1,0,1,70,3,4,3,0,0,1,55.0,50.0,deux_roues,voiture,1,2,4,1,5
202300015438,2023-01-31 13:00:00,2023,1,31,13,0,75,75114,BOULEVARD PERIPHERIQUE EXTERIEUR SUD,48.816449,2.342122,Plein jour,En agglomération,Intersection en Y,Normale,Trois véhicules et plus - collisions multiples,4,1,1,0,1,1,1,0,1,70,3,4,3,0,0,1,55.0,50.0,deux_roues,voiture,1,2,4,1,5
202300015439,2023-10-15 13:55:00,2023,10,15,13,55,13,13076,"A7, PK 208+400 direction MARSEILLE",43.830889,5.012233,Plein jour,Hors agglomération,Hors intersection,Normale,Deux véhicules - arrière,1,3,3,0,1,2,1,0,1,130,2,3,1,0,1,1,41.0,81.0,voiture,voiture,1,1,1,1,2
202300015440,2023-02-01 12:40:00,2023,2,1,12,40,75,75120,PORTE DE MONTREUIL,48.855428,2.414051,Plein jour,En agglomération,Hors intersection,Normale,Deux véhicules - arrière,4,1,4,0,1,1,1,0,1,70,2,2,1,0,0,1,51.0,56.0,voiture,deux_roues,1,2,1,1,2
202300015441,2023-10-19 07:15:00,2023,10,19,7,15,60,60482,D924a,49.159411,2.516341,Crépuscule ou aube,Hors agglomération,Hors intersection,Normale,Deux véhicules - côté,3,2,2,0,1,1,2,0,1,70,2,2,0,0,1,1,20.0,50.0,voiture,voiture,2,1,1,1,3
202300015442,2023-02-02 12:00:00,2023,2,2,12,0,75,75119,BOULEVARD MACDONALD,48.898299,2.386144,Plein jour,En agglomération,Intersection en X,Normale,Deux véhicules - côté,4,1,1,0,1,3,1,-1,5,30,2,2,1,0,0,1,64.0,40.0,deux_roues,voiture,1,2,2,1,3
202300015442,2023-02-02 12:00:00,2023,2,2,12,0,75,75119,BOULEVARD MACDONALD,48.898299,2.386144,Plein jour,En agglomération,Intersection en X,Normale,Deux véhicules - côté,4,2, -1,-1,1,1,1,-1,5,-1,2,2,1,0,0,1,64.0,40.0,deux_roues,voiture,1,2,2,1,3
202300015443,2023-10-17 07:50:00,2023,10,17,7,50,973,97305,Route Nationale 1,4.946617,-52.420299,Plein jour,Hors agglomération,Hors intersection,Normale,Deux véhicules - côté,2,-1,2,0,1,1,1,0,1,80,2,2,1,0,1,0,43.0,28.0,deux_roues,deux_roues,1,1,1,1,3
202300015444,2023-10-19 08:20:00,2023,10,19,8,20,77,77082,D47,48.603868,2.805612,Crépuscule ou aube,Hors agglomération,Hors intersection,Pluie légère,Deux véhicules - frontale,3,2,2,0,1,1,2,0,1,80,2,2,0,0,1,1,30.0,20.0,voiture,voiture,2,1,1,2,1
202300015445,2023-10-18 11:15:00,2023,10,18,11,15,2B,2B298,D238,42.678791,9.315977,Plein jour,Hors agglomération,Hors intersection,Normale,Deux véhicules - frontale,3,2,1,0,1,3,2,0,1,50,2,2,1,0,1,0,31.0,71.0,utilitaire_camion,voiture,1,1,1,1,1
202300015446,2023-09-14 16:35:00,2023,9,14,16,35,06,06142,D2204,43.848027,7.363278,Plein jour,En agglomération,Hors intersection,Normale,Autre collision,3,2,2,0,2,3,1,0,3,50,1,1,0,0,1,0,31.0,,deux_roues,,1,2,1,1,6
202300015447,2023-10-19 18:08:00,2023,10,19,18,8,25,25350,D663,47.462886,6.681962,Nuit sans éclairage public,Hors agglomération,Hors intersection,Pluie légère,Autre collision,3,2,2,0,2,2,2,0,8,90,1,1,0,0,1,0,18.0,,voiture,,3,1,1,2,6
202300015448,2023-10-19 07:30:00,2023,10,19,7,30,68,68298,Rue Kroeber Imlin,48.244757,7.179887,Crépuscule ou aube,En agglomération,Intersection en X,Pluie légère,Autre collision,3,2,2,0,1,1,2,0,1,50,1,2,1,0,0,1,27.0,,utilitaire_camion,,2,2,2,2,6
202300015448,2023-10-19 07:30:00,2023,10,19,7,30,68,68298,Rue Kroeber Imlin,48.244757,7.179887,Crépuscule ou aube,En agglomération,Intersection en X,Pluie légère,Autre collision,3,2, -1,-1,1,1,2,0,1,-1,1,2,1,0,0,1,27.0,,utilitaire_camion,,2,2,2,2,6
202300015449,2023-10-19 15:45:00,2023,10,19,15,45,68,68189,9 Rue d'Appenwihr,48.023375,7.411469,Plein jour,En agglomération,Hors intersection,Pluie légère,Autre collision,3,2,2,0,1,1,2,0,1,50,1,2,1,0,0,1,66.0,,voiture,,1,2,1,2,6
202300015450,2023-10-18 16:30:00,2023,10,18,16,30,57,57206,Route Nationale 52,49.282742,6.125543,Plein jour,Hors agglomération,Giratoire,Normale,Deux véhicules - côté,2,4,2,0,1,1,1,0,1,90,2,2,1,0,1,0,56.0,36.0,deux_roues,voiture,1,1,6,1,3
202300015451,2023-10-18 19:55:00,2023,10,18,19,55,38,38071,Avenue Louis Colmard,45.08246,5.731226,Nuit avec éclairage allumé,En agglomération,Hors intersection,Pluie légère,Sans collision,4,2,2,0,1,1,2,0,1,50,1,1,0,1,0,0,19.0,,deux_roues,,5,2,1,2,7
202300015452,2023-10-18 23:55:00,2023,10,18,23,55,38,38486,109 Avenue de Claix,45.14518,5.676769,Nuit avec éclairage non allumé,Hors agglomération,Hors intersection,Pluie forte,Sans collision,7,2,2,0,2,2,2,0,1,70,1,4,3,0,1,0,21.0,,voiture,,4,1,1,3,7