accident_id,datetime,annee,mois,jour,heure,minute,departement,commune_insee,adresse,latitude,longitude,luminosite,agglomeration,intersection,meteo,collision,catr,circ,nbv,vosp,prof,plan,surf,infra,situ,vma,nb_vehicules,nb_usagers,nb_indemnes,nb_tues,nb_blesses_hosp,nb_blesses_legers,age_cond_1,age_cond_2,veh_type_cond_1,veh_type_cond_2,lum_code,agg_code,int_code,atm_code,col_code
202300015453,2023-10-18 17:45:00,2023,10,18,17,45,60,60157,Rue de la Croix Picard,49.380599,2.410727,Plein jour,En agglomération,Intersection en T,Pluie légère,Autre collision,4,2, -1,-1,1,1,2,0,1,-1,1,1,0,0,0,1,18.0,,deux_roues,,1,2,3,2,6
202300015453,2023-10-18 17:45:00,2023,10,18,17,45,60,60157,Rue de la Croix Picard,49.380599,2.410727,Plein jour,En agglomération,Intersection en T,Pluie légère,Autre collision,4,1,1,0,1,1,8,0,1,30,1,1,0,0,0,1,18.0,,deux_roues,,1,2,3,2,6
202300015454,2023-10-16 14:27:00,2023,10,16,14,27,57,57672,Autoroute A31,49.3482577,6.16371632,Plein jour,Hors agglomération,Hors intersection,Normale,Deux véhicules - arrière,1,3,4,0,1,1,1,0,1,110,2,2,0,0,0,2,56.0,25.0,voiture,voiture,1,1,1,1,2
202300015455,2023-10-18 08:55:00,2023,10,18,8,55,33,33249,ROUTE NATIONALE 230,44.88082209,-0.51066577,Plein jour,Hors agglomération,Hors intersection,Pluie forte,Sans collision,2,3,6,0,1,1,2,0,1,90,1,1,0,0,0,1,25.0,,deux_roues,,1,1,1,3,7
202300015456,2023-10-18 06:13:00,2023,10,18,6,13,33,33397,AUTOROUTE A 10,44.914017,-0.480853,Nuit avec éclairage allumé,Hors agglomération,Hors intersection,Pluie légère,Trois véhicules et plus - en chaîne,1,3,6,0,1,1,2,0,1,110,3,3,1,0,0,2,39.0,49.0,voiture,voiture,5,1,1,2,4
202300015457,2023-10-18 07:42:00,2023,10,18,7,42,91,91434,AUTOROUTE A6,48.66829,2.35401,Nuit sans éclairage public,Hors agglomération,Hors intersection,Temps couvert,Deux véhicules - arrière,1,2,3,0,1,1,1,0,1,110,2,5,1,0,0,4,34.0,43.0,voiture,voiture,3,1,1,8,2
202300015458,2023-10-18 09:00:00,2023,10,18,9,0,94,94003,A6A,48.80193886,2.34201599,Plein jour,Hors agglomération,Hors intersection,Normale,Trois véhicules et plus - collisions multiples,1,-1,3,0,2,1,1,0,1,50,3,3,2,0,0,1,38.0,54.0,deux_roues,voiture,1,1,1,1,5
202300015459,2023-10-17 19:35:00,2023,10,17,19,35,78,78640,N118,48.782318,2.223139,Nuit sans éclairage public,Hors agglomération,Hors intersection,Normale,Deux véhicules - côté,2,2,2,0,1,1,1,0,1,90,2,2,1,0,0,1,51.0,41.0,deux_roues,voiture,3,1,1,1,3
202300015460,2023-10-17 08:30:00,2023,10,17,8,30,78,78571,A13,48.867415,2.033212,Plein jour,Hors agglomération,Hors intersection,Normale,Deux véhicules - côté,1,1,2,0,1,1,1,0,2,110,2,2,1,0,0,1,31.0,24.0,voiture,deux_roues,1,1,1,1,3
202300015461,2023-10-17 08:30:00,2023,10,17,8,30,78,78646,RN12 INT,48.783697,2.158476,Crépuscule ou aube,Hors agglomération,Hors intersection,Normale,Sans collision,2,-1,2,0,1,1,1,0,1,90,1,1,0,0,0,1,58.0,,deux_roues,,2,1,1,1,7
202300015462,2023-10-18 14:30:00,2023,10,18,14,30,93,93006,AUTOROUTE A3,48.86628,2.41456,Plein jour,Hors agglomération,Hors intersection,Pluie forte,Deux véhicules - arrière,1,1,2,0,1,1,2,0,1,70,2,6,3,0,0,3,33.0,31.0,utilitaire_camion,voiture,1,1,1,3,2
202300015463,2023-10-18 14:00:00,2023,10,18,14,0,94,94033,A86,48.84919697,2.49125102,Plein jour,Hors agglomération,Hors intersection,Pluie légère,Deux véhicules - arrière,1,3,3,0,1,1,2,0,1,90,2,2,1,0,0,1,19.0,47.0,voiture,deux_roues,1,1,1,2,2
202300015464,2023-10-18 11:15:00,2023,10,18,11,15,94,94073,A86,48.7704672,2.38375781,Plein jour,Hors agglomération,Hors intersection,Normale,Deux véhicules - arrière,1,1,3,0,1,1,1,0,1,90,2,2,1,0,0,1,29.0,44.0,deux_roues,utilitaire_camion,1,1,1,1,2
202300015465,2023-10-18 08:20:00,2023,10,18,8,20,94,94028,A86,48.78530834,2.44039875,Plein jour,Hors agglomération,Hors intersection,Normale,Deux véhicules - arrière,1,1,2,0,1,1,1,0,1,90,2,2,1,0,0,1,24.0,36.0,utilitaire_camion,voiture,1,1,1,1,2
202300015466,2023-10-18 07:40:00,2023,10,18,7,40,77,77083,A4.W,48.83372592,2.59108543,Crépuscule ou aube,Hors agglomération,Hors intersection,Normale,Trois véhicules et plus - collisions multiples,1,1,3,0,1,1,2,0,1,110,5,5,4,0,0,1,47.0,28.0,utilitaire_camion,voiture,2,1,1,1,5
202300015467,2023-08-14 12:45:00,2023,8,14,12,45,973,97302,RABAN (ROUTE DE),4.93658411,-52.31502369,Plein jour,En agglomération,Hors intersection,Normale,Sans collision,4,2,2,0,1,1,1,0,4,50,1,1,0,0,0,1,26.0,,voiture,,1,2,1,1,7
202300015468,2023-05-05 09:06:00,2023,5,5,9,6,41,41212,PATTE D'OIE (rond point),47.56189,1.37272,Plein jour,En agglomération,Giratoire,Pluie légère,Trois véhicules et plus - collisions multiples,4,1,2,0,1,2,2,9,1,50,3,5,4,0,0,1,40.0,26.0,voiture,voiture,1,2,6,2,5
202300015469,2023-04-13 16:00:00,2023,4,13,16,0,13,13103,RN 113,43.64045497,5.06564132,Plein jour,Hors agglomération,Hors intersection,Normale,Deux véhicules - frontale,3,2,2,0,1,1,1,8,1,50,2,2,1,0,0,1,39.0,91.0,utilitaire_camion,voiture,1,1,1,1,1
202300015470,2023-07-22 23:20:00,2023,7,22,23,20,13,13056,MARITIME (bld),43.40344,5.02547,Nuit sans éclairage public,Hors agglomération,Hors intersection,Normale,Autre collision,4,2,2,0,1,1,1,0,1,50,1,3,2,0,1,0,31.0,,voiture,,3,1,1,1,6
202300015471,2023-08-18 16:50:00,2023,8,18,16,50,13,13026,JAI (plage du),43.40411,5.14648,Plein jour,En agglomération,Hors intersection,Normale,Autre collision,4,2,2,0,1,1,1,0,1,30,1,2,1,0,0,1,19.0,,voiture,,1,2,1,1,6
202300015472,2023-06-09 18:25:00,2023,6,9,18,25,92,92078,JEAN GIRAUDOUX (SQUARE),48.93698458,2.32766725,Plein jour,En agglomération,Autre intersection,Normale,Autre collision,4,-1,0,0,1,1,1,6,8,-1,1,3,1,0,0,2,,,deux_roues,,1,2,9,1,6
202300015473,2023-10-16 17:40:00,2023,10,16,17,40,976,97611,kaweni-Kaweni nord ( Z I ),-12.75653,45.23331,Plein jour,En agglomération,Hors intersection,Normale,Deux véhicules - côté,2,-1,2,0,2,1,1,0,1,50,2,2,1,0,0,1,17.0,53.0,deux_roues,deux_roues,1,2,1,1,3
202300015474,2023-10-17 17:50:00,2023,10,17,17,50,974,97411,GRENADIERS (CHEMIN DES),-20.91399,55.47749,Plein jour,En agglomération,Hors intersection,Normale,Autre collision,4,2,2,0,2,2,1,0,8,50,1,1,0,0,0,1,16.0,,deux_roues,,1,2,1,1,6
202300015475,2023-10-17 07:40:00,2023,10,17,7,40,973,97302,RABAN (ROUTE DE),4.92666461,-52.31393874,Plein jour,En agglomération,Hors intersection,Normale,Deux véhicules - frontale,4,2,2,0,1,1,1,0,1,50,2,2,1,0,0,1,31.0,18.0,voiture,deux_roues,1,2,1,1,1
202300015476,2023-10-11 07:10:00,2023,10,11,7,10,973,97302,MANDELA  (BOULEVARD),4.94126322,-52.32696623,Plein jour,En agglomération,Intersection en X,Normale,Deux véhicules - côté,4,1,2,0,1,1,1,0,1,50,2,2,1,0,1,0,57.0,14.0,voiture,deux_roues,1,2,2,1,3
202300015476,2023-10-11 07:10:00,2023,10,11,7,10,973,97302,MANDELA  (BOULEVARD),4.94126322,-52.32696623,Plein jour,En agglomération,Intersection en X,Normale,Deux véhicules - côté,4,2,2,0,1,1,1,0,1,50,2,2,1,0,1,0,57.0,14.0,voiture,deux_roues,1,2,2,1,3
202300015477,2023-10-17 09:20:00,2023,10,17,9,20,972,97213,AUTOROUTE A1,14.61824,-61.0341,Plein jour,Hors agglomération,Hors intersection,Normale,Deux véhicules - arrière,1,3,1,0,1,1,1,0,1,90,2,2,1,0,0,1,23.0,40.0,voiture,voiture,1,1,1,1,2
202300015478,2023-10-11 13:40:00,2023,10,11,13,40,972,97209,DIDIER (CHEMIN DEPARTEMENTAL N°45 DE),14.61855,-61.07972,Plein jour,En agglomération,Hors intersection,Normale,Deux véhicules - côté,4,2,2,0,2,1,1,0,1,50,2,2,1,0,0,1,26.0,58.0,deux_roues,voiture,1,2,1,1,3
202300015479,2023-10-16 14:40:00,2023,10,16,14,40,972,97209,REDOUTE (ROUTE DE LA),14.61771,-61.0618,Plein jour,En agglomération,Autre intersection,Normale,Deux véhicules - côté,2,-1,2,0,2,4,1,0,1,50,2,2,1,0,0,1,65.0,49.0,voiture,deux_roues,1,2,9,1,3
202300015480,2023-10-17 07:20:00,2023,10,17,7,20,971,97101,DUGAZON,16.2517139,-61.51903331,Plein jour,En agglomération,Intersection en Y,Normale,Deux véhicules - côté,3,2,1,0,1,1,1,0,1,50,2,2,1,0,0,1,35.0,46.0,voiture,deux_roues,1,2,4,1,3
202300015480,2023-10-17 07:20:00,2023,10,17,7,20,971,97101,DUGAZON,16.2517139,-61.51903331,Plein jour,En agglomération,Intersection en Y,Normale,Deux véhicules - côté,3,2,0,0,1,1,1,0,1,50,2,2,1,0,0,1,35.0,46.0,voiture,deux_roues,1,2,4,1,3
202300015481,2023-10-16 06:05:00,2023,10,16,6,5,971,97101,CHAUVEL,16.23869,-61.52634,Plein jour,En agglomération,Autre intersection,Normale,Trois véhicules et plus - en chaîne,3,2,2,0,1,1,1,9,1,50,3,3,1,0,1,1,37.0,55.0,voiture,transport_commun,1,2,9,1,4
202300015482,2023-10-17 09:00:00,2023,10,17,9,0,95,95277,D170,48.97473,2.48645,Plein jour,Hors agglomération,Hors intersection,Normale,Deux véhicules - arrière,3,1,1,0,1,1,1,0,1,90,2,2,1,0,0,1,41.0,54.0,voiture,voiture,1,1,1,1,2
202300015483,2023-10-16 19:20:00,2023,10,16,19,20,95,95427,D193E,48.97731578,2.36465693,Crépuscule ou aube,En agglomération,Hors intersection,Normale,Autre collision,3,2,2,0,1,1,1,0,1,30,1,2,1,0,0,1,41.0,,voiture,,2,2,1,1,6
202300015484,2023-10-17 13:46:00,2023,10,17,13,46,95,95018,RETHONDES (RUE DE),48.94637,2.22963,Plein jour,En agglomération,Hors intersection,Normale,Autre collision,4,1,1,0,1,1,1,0,1,30,1,2,1,0,0,1,54.0,,voiture,,1,2,1,1,6
202300015485,2023-10-17 11:30:00,2023,10,17,11,30,91,91027,AV ARISTIDE BRIAND,48.70598,2.39122,Plein jour,En agglomération,Hors intersection,Normale,Deux véhicules - arrière,3,3,3,0,4,1,1,0,1,50,2,2,1,0,0,1,45.0,73.0,voiture,voiture,1,2,1,1,2
202300015486,2023-10-17 08:45:00,2023,10,17,8,45,91,91589,RUE DES PALOMBES,48.697588,2.354561,Plein jour,En agglomération,Hors intersection,Normale,Autre collision,4,-1,0,0,1,1,1,0,1,50,1,2,1,0,0,1,52.0,,voiture,,1,2,1,1,6
202300015487,2023-10-17 04:40:00,2023,10,17,4,40,91,91326,COUR DE FRANCE (AVENUE DE LA),48.69132,2.370748,Nuit avec éclairage allumé,En agglomération,Intersection en X,Normale,Trois véhicules et plus - en chaîne,3,3,4,1,1,1,1,0,1,50,3,4,3,0,0,1,66.0,39.0,voiture,utilitaire_camion,5,2,2,1,4
202300015488,2023-09-12 18:20:00,2023,9,12,18,20,91,91174,BD JEAN JAURES,48.60873,2.46397,Crépuscule ou aube,En agglomération,Intersection en X,Pluie légère,Trois véhicules et plus - en chaîne,3,2,2,0,2,1,2,0,1,50,5,8,5,0,0,3,21.0,45.0,voiture,voiture,2,2,2,2,4
202300015488,2023-09-12 18:20:00,2023,9,12,18,20,91,91174,BD JEAN JAURES,48.60873,2.46397,Crépuscule ou aube,En agglomération,Intersection en X,Pluie légère,Trois véhicules et plus - en chaîne,3,2,2,0,2,1,2,0,1,50,5,8,5,0,0,3,21.0,45.0,voiture,voiture,2,2,2,2,4
202300015489,2023-10-17 12:30:00,2023,10,17,12,30,87,87085,FOUGERAS (RUE DE),45.86656514,1.2932,Plein jour,En agglomération,Intersection en T,Normale,Deux véhicules - côté,3,4,6,0,1,1,1,0,1,50,2,2,1,0,0,1,24.0,11.0,utilitaire_camion,deux_roues,1,2,3,1,3
202300015489,2023-10-17 12:30:00,2023,10,17,12,30,87,87085,FOUGERAS (RUE DE),45.86656514,1.2932,Plein jour,En agglomération,Intersection en T,Normale,Deux véhicules - côté,3,2,2,0,1,1,1,0,1,50,2,2,1,0,0,1,24.0,11.0,utilitaire_camion,deux_roues,1,2,3,1,3
202300015490,2023-10-08 19:56:00,2023,10,8,19,56,87,87065,CHURCHILL (AVENUE WINSTON-),45.80265,1.33062,Crépuscule ou aube,Hors agglomération,Hors intersection,Normale,Sans collision,3,2,2,0,1,4,1,0,1,90,1,1,0,0,1,0,19.0,,deux_roues,,2,1,1,1,7
202300015491,2023-10-16 16:17:00,2023,10,16,16,17,86,86194,Rue de la pierre levée,46.574384,0.361556,Plein jour,En agglomération,Hors intersection,Normale,Deux véhicules - frontale,4,2,2,0,1,1,1,0,1,30,2,2,1,0,1,0,60.0,32.0,deux_roues,voiture,1,2,1,1,1
202300015492,2023-10-16 16:35:00,2023,10,16,16,35,84,84087,FOURCHESVIEILLES (AVENUE),44.14617,4.80389,Plein jour,En agglomération,Intersection en T,Normale,Deux véhicules - côté,4,2,1,0,1,1,1,0,1,50,2,2,1,0,0,1,54.0,30.0,utilitaire_camion,deux_roues,1,2,3,1,3
202300015492,2023-10-16 16:35:00,2023,10,16,16,35,84,84087,FOURCHESVIEILLES (AVENUE),44.14617,4.80389,Plein jour,En agglomération,Intersection en T,Normale,Deux véhicules - côté,4,2,1,0,1,1,1,0,1,50,2,2,1,0,0,1,54.0,30.0,utilitaire_camion,deux_roues,1,2,3,1,3
202300015493,2023-09-22 11:05:00,2023,9,22,11,5,30,30351,Place Jean Jaures,43.9639,4.7979,Plein jour,En agglomération,Intersection en X,Normale,Autre collision,4,1,1,0,1,1,1,0,1,30,1,2,1,0,1,0,56.0,,voiture,,1,2,2,1,6
202300015493,2023-09-22 11:05:00,2023,9,22,11,5,30,30351,Place Jean Jaures,43.9639,4.7979,Plein jour,En agglomération,Intersection en X,Normale,Autre collision,4,1,1,0,1,1,1,0,1,30,1,2,1,0,1,0,56.0,,voiture,,1,2,2,1,6
202300015494,2023-10-16 15:15:00,2023,10,16,15,15,84,84007,LESCURE (IMPASSE),43.93422,4.80239,Plein jour,En agglomération,Intersection en T,Normale,Deux véhicules - côté,4,1,1,0,1,1,1,0,1,50,2,2,1,0,0,1,31.0,20.0,voiture,deux_roues,1,2,3,1,3
202300015494,2023-10-16 15:15:00,2023,10,16,15,15,84,84007,LESCURE (IMPASSE),43.93422,4.80239,Plein jour,En agglomération,Intersection en T,Normale,Deux véhicules - côté,4,2,2,0,1,1,1,0,1,50,2,2,1,0,0,1,31.0,20.0,voiture,deux_roues,1,2,3,1,3
202300015495,2023-10-16 16:27:00,2023,10,16,16,27,82,82121,VOLTAIRE (RUE),44.03776,1.3609,Plein jour,En agglomération,Autre intersection,Normale,Autre collision,4,2,3,0,1,1,1,0,1,50,1,2,1,0,1,0,39.0,,voiture,,1,2,9,1,6
202300015496,2023-10-17 16:20:00,2023,10,17,16,20,81,81004,GAMBETTA (AV),43.924556,2.1483077,Plein jour,En agglomération,Giratoire,Normale,Autre collision,4,2,2,0,1,2,1,0,1,50,1,2,1,0,1,0,84.0,,voiture,,1,2,6,1,6
202300015497,2023-10-13 18:37:00,2023,10,13,18,37,80,80021,ALSACE LORRAINE (BOULEVARD D'),49.89043,2.30627,Crépuscule ou aube,En agglomération,Hors intersection,Normale,Deux véhicules - frontale,4,3,2,0,1,1,1,0,5,50,2,2,1,0,0,1,45.0,22.0,voiture,deux_roues,2,2,1,1,1
202300015498,2023-10-17 13:40:00,2023,10,17,13,40,77,77111,D934,48.8781,2.76195,Plein jour,En agglomération,Hors intersection,Normale,Deux véhicules - arrière,3,-1,2,0,1,1,1,0,1,50,2,2,1,0,0,1,52.0,51.0,utilitaire_camion,deux_roues,1,2,1,1,2
202300015499,2023-10-17 11:20:00,2023,10,17,11,20,77,77209,DEUX CHATEAUX (AVENUE DES ),48.85391,2.69071,Plein jour,Hors agglomération,Intersection en T,Normale,Deux véhicules - côté,3,-1,2,0,1,1,1,0,1,50,2,2,1,0,0,1,45.0,24.0,voiture,voiture,1,1,3,1,3
202300015499,2023-10-17 11:20:00,2023,10,17,11,20,77,77209,DEUX CHATEAUX (AVENUE DES ),48.85391,2.69071,Plein jour,Hors agglomération,Intersection en T,Normale,Deux véhicules - côté,3,-1,2,0,1,1,1,0,1,50,2,2,1,0,0,1,45.0,24.0,voiture,voiture,1,1,3,1,3
202300015500,2023-10-17 07:00:00,2023,10,17,7,0,77,77243,D221,48.88065233,2.704871,Nuit avec éclairage allumé,En agglomération,Hors intersection,Normale,Autre collision,3,1,1,0,3,1,1,0,1,50,1,2,1,0,0,1,33.0,,voiture,,5,2,1,1,6
202300015501,2023-10-17 11:10:00,2023,10,17,11,10,76,76640,Rue aux Saulniers,49.2835,1.03823,Plein jour,En agglomération,Intersection en X,Normale,Deux véhicules - frontale,4,2,2,0,1,1,1,0,1,30,2,2,1,0,0,1,69.0,33.0,voiture,deux_roues,1,2,2,1,1
202300015501,2023-10-17 11:10:00,2023,10,17,11,10,76,76640,Rue aux Saulniers,49.2835,1.03823,Plein jour,En agglomération,Intersection en X,Normale,Deux véhicules - frontale,4,2,2,0,1,1,1,0,1,30,2,2,1,0,0,1,69.0,33.0,voiture,deux_roues,1,2,2,1,1
202300015502,2023-10-10 11:00:00,2023,10,10,11,0,76,76540,Boulevard de l'Yser,49.44837,1.1005,Plein jour,En agglomération,Intersection en X,Normale,Autre collision,7,1,1,0,1,1,1,0,1,50,1,2,1,0,0,1,54.0,,voiture,,1,2,2,1,6
202300015502,2023-10-10 11:00:00,2023,10,10,11,0,76,76540,Boulevard de l'Yser,49.44837,1.1005,Plein jour,En agglomération,Intersection en X,Normale,Autre collision,7,2,2,3,1,1,1,-1,1,50,1,2,1,0,0,1,54.0,,voiture,,1,2,2,1,6
202300015503,2023-08-20 21:30:00,2023,8,20,21,30,76,76231,Rue de la République,49.29072,0.99989,Crépuscule ou aube,En agglomération,Intersection en X,Normale,Deux véhicules - côté,7,2,2,0,1,1,1,0,1,50,2,3,2,0,1,0,35.0,28.0,deux_roues,voiture,2,2,2,1,3
202300015503,2023-08-20 21:30:00,2023,8,20,21,30,76,76231,Rue de la République,49.29072,0.99989,Crépuscule ou aube,En agglomération,Intersection en X,Normale,Deux véhicules - côté,7,2,2,0,1,1,1,0,1,50,2,3,2,0,1,0,35.0,28.0,deux_roues,voiture,2,2,2,1,3
202300015504,2023-10-10 15:45:00,2023,10,10,15,45,76,76552,CARROUSEL ( RUE DU ),49.514489,0.068508,Plein jour,En agglomération,Hors intersection,Normale,Sans collision,4,2,2,0,2,3,1,0,1,50,1,1,0,0,0,1,48.0,,deux_roues,,1,2,1,1,7
202300015505,2023-10-16 16:15:00,2023,10,16,16,15,76,76351,GUSTAVE NICOLLE,49.492517,0.148463,Plein jour,En agglomération,Intersection en X,Normale,Deux véhicules - côté,4,2,4,2,1,1,1,0,1,50,2,2,1,0,0,1,14.0,67.0,deux_roues,voiture,1,2,2,1,3
202300015505,2023-10-16 16:15:00,2023,10,16,16,15,76,76351,GUSTAVE NICOLLE,49.492517,0.148463,Plein jour,En agglomération,Intersection en X,Normale,Deux véhicules - côté,4,2,5,2,1,1,1,0,1,50,2,2,1,0,0,1,14.0,67.0,deux_roues,voiture,1,2,2,1,3
202300015506,2023-10-13 19:10:00,2023,10,13,19,10,72,72181,VOLTAIRE (RUE) N° IMP 1 A 113,48.01203,0.19082,Nuit avec éclairage allumé,En agglomération,Autre intersection,Normale,Deux véhicules - arrière,4,2,2,0,1,1,1,0,1,50,2,2,1,0,0,1,21.0,23.0,voiture,deux_roues,5,2,9,1,2
202300015507,2023-10-16 17:00:00,2023,10,16,17,0,72,72003,SPAY (RTE DE),47.94148,0.15815,Plein jour,Hors agglomération,Autre intersection,Normale,Sans collision,3,2,2,0,1,2,1,0,1,50,1,1,0,0,0,1,17.0,,deux_roues,,1,1,9,1,7
202300015508,2023-10-17 22:00:00,2023,10,17,22,0,71,71076,AVENUE Pierre MENDES FRANCE,46.774,4.84,Nuit avec éclairage allumé,En agglomération,Hors intersection,Normale,Deux véhicules - frontale,4,2,2,0,2,4,1,0,4,50,1,1,0,0,0,1,19.0,,voiture,,5,2,1,1,1
202300015509,2023-10-17 17:45:00,2023,10,17,17,45,71,71475,LYON (ROUTE DE ),46.76358,4.84257,Plein jour,En agglomération,Hors intersection,Normale,Deux véhicules - côté,4,-1,2,0,1,1,1,0,1,50,2,3,2,0,0,1,23.0,36.0,voiture,deux_roues,1,2,1,1,3
202300015510,2023-10-17 20:35:00,2023,10,17,20,35,69,69264,Route de Frans,45.98401,4.74348,Nuit avec éclairage allumé,En agglomération,Giratoire,Normale,Autre collision,3,2,3,0,1,2,1,0,1,50,2,2,1,0,0,1,17.0,,deux_roues,voiture,5,2,6,1,6
202300015510,2023-10-17 20:35:00,2023,10,17,20,35,69,69264,Route de Frans,45.98401,4.74348,Nuit avec éclairage allumé,En agglomération,Giratoire,Normale,Autre collision,3,1,2,0,1,1,1,0,1,50,2,2,1,0,0,1,17.0,,deux_roues,voiture,5,2,6,1,6
202300015511,2023-10-16 20:55:00,2023,10,16,20,55,69,69259,Rue du Professeur Roux,45.71742506,4.85923941,Nuit sans éclairage public,En agglomération,Autre intersection,Normale,Autre collision,7,3,6,0,1,3,1,0,1,70,1,3,0,0,1,2,33.0,,voiture,,3,2,9,1,6
202300015512,2023-10-16 12:50:00,2023,10,16,12,50,69,69290,208 Route de Grenoble,45.71525,4.96337,Plein jour,En agglomération,Intersection en T,Normale,Deux véhicules - côté,7,2,4,0,1,1,1,0,4,50,2,3,2,0,0,1,55.0,18.0,voiture,deux_roues,1,2,3,1,3
202300015512,2023-10-16 12:50:00,2023,10,16,12,50,69,69290,208 Route de Grenoble,45.71525,4.96337,Plein jour,En agglomération,Intersection en T,Normale,Deux véhicules - côté,7,1,1,0,1,1,1,0,4,30,2,3,2,0,0,1,55.0,18.0,voiture,deux_roues,1,2,3,1,3
202300015513,2023-10-12 08:40:00,2023,10,12,8,40,68,68376,SAULE (RUE DU),47.82313,7.34021,Plein jour,En agglomération,Hors intersection,Temps éblouissant,Autre collision,4,2,2,0,1,1,1,9,8,50,1,2,1,0,1,0,48.0,,voiture,,1,2,1,7,6
202300015514,2023-10-16 16:42:00,2023,10,16,16,42,67,67482,JEAN MERMOZ (RUE),48.54687,7.77102,Plein jour,En agglomération,Hors intersection,Normale,Deux véhicules - arrière,4,2,4,1,1,1,1,0,1,30,2,2,1,0,1,0,28.0,20.0,voiture,deux_roues,1,2,1,1,2
202300015515,2023-10-16 08:40:00,2023,10,16,8,40,66,66136,,42.69246,2.87966,Plein jour,En agglomération,Giratoire,Normale,Deux véhicules - côté,4,1,1,1,1,2,1,0,1,50,2,2,1,0,0,1,58.0,43.0,voiture,deux_roues,1,2,6,1,3
202300015515,2023-10-16 08:40:00,2023,10,16,8,40,66,66136,,42.69246,2.87966,Plein jour,En agglomération,Giratoire,Normale,Deux véhicules - côté,4,2,2,0,1,1,1,0,1,50,2,2,1,0,0,1,58.0,43.0,voiture,deux_roues,1,2,6,1,3
202300015516,2023-10-17 18:27:00,2023,10,17,18,27,65,65440,Bd du Mal de Lattre de Tassigny,43.2281,0.0565,Plein jour,En agglomération,Intersection en X,Normale,Deux véhicules - côté,3,2,2,0,1,1,1,5,1,50,2,3,1,0,1,1,77.0,21.0,voiture,voiture,1,2,2,1,3
202300015516,2023-10-17 18:27:00,2023,10,17,18,27,65,65440,Bd du Mal de Lattre de Tassigny,43.2281,0.0565,Plein jour,En agglomération,Intersection en X,Normale,Deux véhicules - côté,3,2,2,0,1,1,1,5,1,50,2,3,1,0,1,1,77.0,21.0,voiture,voiture,1,2,2,1,3
202300015517,2023-10-17 09:30:00,2023,10,17,9,30,64,64445,GOLDA MEIR,43.31009,-0.36093,Plein jour,En agglomération,Hors intersection,Normale,Autre collision,4,2,2,0,1,1,1,0,1,50,1,1,0,0,0,1,59.0,,voiture,,1,2,1,1,6
202300015518,2023-10-16 13:40:00,2023,10,16,13,40,64,64335,SANTOS-DUMONT,43.32305,-0.42058,Plein jour,En agglomération,Giratoire,Normale,Deux véhicules - côté,4,1,2,0,1,2,1,5,8,50,2,2,1,0,1,0,61.0,73.0,deux_roues,voiture,1,2,6,1,3
202300015518,2023-10-16 13:40:00,2023,10,16,13,40,64,64335,SANTOS-DUMONT,43.32305,-0.42058,Plein jour,En agglomération,Giratoire,Normale,Deux véhicules - côté,4,2,4,0,1,3,1,9,1,50,2,2,1,0,1,0,61.0,73.0,deux_roues,voiture,1,2,6,1,3
202300015519,2023-10-09 18:30:00,2023,10,9,18,30,64,64445,PAIX,43.32148,-0.36111,Plein jour,En agglomération,Hors intersection,Normale,Deux véhicules - côté,4,2,2,0,1,1,1,0,1,50,2,3,2,0,0,1,61.0,37.0,deux_roues,voiture,1,2,1,1,3
202300015520,2023-10-17 11:00:00,2023,10,17,11,0,64,64102,LEGION TCHEQUE (AVENUE DE LA),43.49367,-1.49162,Plein jour,En agglomération,Giratoire,Normale,Deux véhicules - côté,4,1,2,0,1,2,1,0,1,50,2,2,1,0,0,1,81.0,77.0,voiture,deux_roues,1,2,6,1,3
202300015521,2023-10-16 19:10:00,2023,10,16,19,10,64,64102,PAULMY (AVENUE DES ALLEES),43.49163,-1.48117,Plein jour,En agglomération,Hors intersection,Normale,Sans collision,4,3,6,3,1,1,1,0,6,50,1,1,0,0,0,1,18.0,,deux_roues,,1,2,1,1,7
202300015522,2023-10-16 18:30:00,2023,10,16,18,30,64,64102,ARITXAGUE (BD D'),43.46646,-1.49486,Plein jour,En agglomération,Giratoire,Normale,Trois véhicules et plus - en chaîne,3,3,2,0,3,1,1,0,1,50,3,3,0,0,0,3,28.0,40.0,voiture,voiture,1,2,6,1,4
202300015522,2023-10-16 18:30:00,2023,10,16,18,30,64,64102,ARITXAGUE (BD D'),43.46646,-1.49486,Plein jour,En agglomération,Giratoire,Normale,Trois véhicules et plus - en chaîne,3,1,2,0,1,3,1,0,1,50,3,3,0,0,0,3,28.0,40.0,voiture,voiture,1,2,6,1,4
202300015523,2023-10-16 17:28:00,2023,10,16,17,28,64,64024,BIARRITZ (AVENUE DE),43.48031,-1.52622,Plein jour,En agglomération,Intersection en T,Normale,Deux véhicules - côté,4,2,2,0,1,1,1,0,5,50,2,2,1,0,0,1,46.0,65.0,voiture,deux_roues,1,2,3,1,3
202300015523,2023-10-16 17:28:00,2023,10,16,17,28,64,64024,BIARRITZ (AVENUE DE),43.48031,-1.52622,Plein jour,En agglomération,Intersection en T,Normale,Deux véhicules - côté,4,2,2,0,1,1,1,0,1,50,2,2,1,0,0,1,46.0,65.0,voiture,deux_roues,1,2,3,1,3
202300015524,2023-09-23 19:00:00,2023,9,23,19,0,62,62624,Avenue de la République,50.41391,2.9867,Plein jour,En agglomération,Hors intersection,Normale,Deux véhicules - côté,4,3,2,0,1,1,1,0,1,70,2,2,1,0,0,1,32.0,51.0,deux_roues,voiture,1,2,1,1,3
202300015525,2023-10-08 07:20:00,2023,10,8,7,20,62,62498,Rue Léon Blum,50.4426526,2.80252236,Plein jour,En agglomération,Intersection en X,Normale,Autre collision,4,-1,2,0,1,1,1,9,4,50,1,4,3,1,0,0,20.0,,voiture,,1,2,2,1,6