accident_id,datetime,annee,mois,jour,heure,minute,departement,commune_insee,adresse,latitude,longitude,luminosite,agglomeration,intersection,meteo,collision,catr,circ,nbv,vosp,prof,plan,surf,infra,situ,vma,nb_vehicules,nb_usagers,nb_indemnes,nb_tues,nb_blesses_hosp,nb_blesses_legers,age_cond_1,age_cond_2,veh_type_cond_1,veh_type_cond_2,lum_code,agg_code,int_code,atm_code,col_code
202300015672,2023-04-21 17:50:00,2023,4,21,17,50,16,16383,21 rue de la Faye,45.775643,0.175471,Plein jour,En agglomération,Hors intersection,Normale,Autre collision,4,2,2,0,1,1,1,0,3,30,1,1,0,0,1,0,26.0,,deux_roues,,1,2,1,1,6
202300015673,2023-04-26 11:00:00,2023,4,26,11,0,04,04135,d952,43.846097,6.203227,Plein jour,Hors agglomération,Hors intersection,Normale,Sans collision,3,2,2,0,1,2,1,2,8,80,1,1,0,0,1,0,70.0,,voiture,,1,1,1,1,7
202300015674,2023-04-26 08:17:00,2023,4,26,8,17,85,85234,Chemin de la parée verte,46.75863,-1.98319,Plein jour,Hors agglomération,Hors intersection,Normale,Autre collision,4,2,2,0,1,3,1,0,3,-1,1,1,0,0,1,0,53.0,,voiture,,1,1,1,1,6
202300015675,2023-04-27 08:00:00,2023,4,27,8,0,85,85025,RD23,46.93646,-1.175995,Plein jour,Hors agglomération,Hors intersection,Pluie légère,Deux véhicules - frontale,3,-1,2,0,1,1,2,0,1,80,2,2,0,1,0,1,25.0,22.0,voiture,voiture,1,1,1,2,1
202300015676,2023-04-26 10:00:00,2023,4,26,10,0,27,27049,Rue du Bois des Forges,49.006651,0.675724,Plein jour,En agglomération,Intersection en X,Normale,Deux véhicules - côté,4,2,2,0,1,1,1,5,1,50,2,2,1,0,1,0,43.0,17.0,voiture,deux_roues,1,2,2,1,3
202300015676,2023-04-26 10:00:00,2023,4,26,10,0,27,27049,Rue du Bois des Forges,49.006651,0.675724,Plein jour,En agglomération,Intersection en X,Normale,Deux véhicules - côté,4,2,2,-1,1,1,1,0,1,50,2,2,1,0,1,0,43.0,17.0,voiture,deux_roues,1,2,2,1,3
202300015677,2023-04-25 09:55:00,2023,4,25,9,55,17,17385,Le Cuchas,45.94971,-1.328418,Plein jour,Hors agglomération,Hors intersection,Temps couvert,Deux véhicules - frontale,3,2,2,0,1,1,1,0,1,80,2,4,1,0,1,2,29.0,58.0,voiture,voiture,1,1,1,8,1
202300015678,2023-04-25 21:50:00,2023,4,25,21,50,17,17065,D5,45.988244,-0.953563,Nuit sans éclairage public,En agglomération,Intersection en X,Temps couvert,Deux véhicules - frontale,3,2,2,0,1,1,2,0,1,80,2,3,2,1,0,0,37.0,49.0,deux_roues,voiture,3,2,2,8,1
202300015678,2023-04-25 21:50:00,2023,4,25,21,50,17,17065,D5,45.988244,-0.953563,Nuit sans éclairage public,En agglomération,Intersection en X,Temps couvert,Deux véhicules - frontale,3,2,2,-1,1,1,2,5,1,80,2,3,2,1,0,0,37.0,49.0,deux_roues,voiture,3,2,2,8,1
202300015679,2023-04-17 14:15:00,2023,4,17,14,15,30,30245,,43.857,4.1883,Plein jour,Hors agglomération,Intersection en T,Normale,Deux véhicules - côté,3,2,2,0,1,1,1,0,1,-1,2,2,1,1,0,0,72.0,86.0,voiture,deux_roues,1,1,3,1,3
202300015679,2023-04-17 14:15:00,2023,4,17,14,15,30,30245,,43.857,4.1883,Plein jour,Hors agglomération,Intersection en T,Normale,Deux véhicules - côté,3,2, -1,0,1,1,1,0,1,80,2,2,1,1,0,0,72.0,86.0,voiture,deux_roues,1,1,3,1,3
202300015680,2023-04-26 15:15:00,2023,4,26,15,15,88,88285,D13,48.242131,5.893607,Plein jour,Hors agglomération,Intersection en X,Normale,Deux véhicules - côté,3,2,2,0,1,1,1,0,1,80,2,3,1,0,1,1,73.0,31.0,voiture,utilitaire_camion,1,1,2,1,3
202300015680,2023-04-26 15:15:00,2023,4,26,15,15,88,88285,D13,48.242131,5.893607,Plein jour,Hors agglomération,Intersection en X,Normale,Deux véhicules - côté,3,2, -1,-1,1,1,1,5,1,-1,2,3,1,0,1,1,73.0,31.0,voiture,utilitaire_camion,1,1,2,1,3
202300015680,2023-04-26 15:15:00,2023,4,26,15,15,88,88285,D13,48.242131,5.893607,Plein jour,Hors agglomération,Intersection en X,Normale,Deux véhicules - côté,3,2, -1,-1,1,1,1,5,1,-1,2,3,1,0,1,1,73.0,31.0,voiture,utilitaire_camion,1,1,2,1,3
202300015681,2023-04-26 15:18:00,2023,4,26,15,18,974,97410,RN2,-21.043772,55.716149,Plein jour,En agglomération,Hors intersection,Normale,Autre collision,2,2,2,2,1,1,1,0,1,50,1,2,1,1,0,0,56.0,,utilitaire_camion,,1,2,1,1,6
202300015682,2023-04-25 17:10:00,2023,4,25,17,10,31,31028,intersection D52C et D52,43.216651,0.880634,Plein jour,En agglomération,Intersection en X,Normale,Deux véhicules - côté,3,1,1,0,1,1,1,0,1,50,2,2,1,0,0,1,41.0,15.0,utilitaire_camion,deux_roues,1,2,2,1,3
202300015682,2023-04-25 17:10:00,2023,4,25,17,10,31,31028,intersection D52C et D52,43.216651,0.880634,Plein jour,En agglomération,Intersection en X,Normale,Deux véhicules - côté,3,1,1,0,1,1,1,0,1,-1,2,2,1,0,0,1,41.0,15.0,utilitaire_camion,deux_roues,1,2,2,1,3
202300015683,2023-04-27 10:30:00,2023,4,27,10,30,77,77295,Autoroute A5 pk09+470,48.569192,2.754271,Plein jour,Hors agglomération,Hors intersection,Normale,Autre collision,1,2,3,0,1,1,1,2,2,130,1,2,0,0,2,0,70.0,,voiture,,1,1,1,1,6
202300015684,2023-04-25 21:40:00,2023,4,25,21,40,34,34333,D612 PR 15+56,43.475221,3.770757,Crépuscule ou aube,Hors agglomération,Hors intersection,Pluie légère,Trois véhicules et plus - collisions multiples,3,2,2,0,1,1,2,0,1,90,3,6,3,0,0,3,71.0,39.0,voiture,voiture,2,1,1,2,5
202300015685,2023-04-26 18:23:00,2023,4,26,18,23,06,06018,Route des Chappes,43.615039,7.080482,Plein jour,Hors agglomération,Giratoire,Normale,Autre collision,3,3,4,0,1,1,1,0,1,70,1,1,0,0,0,1,16.0,,deux_roues,,1,1,6,1,6
202300015686,2023-04-26 17:40:00,2023,4,26,17,40,42,42279,Route de Saint-Etienne,45.507215,4.264444,Plein jour,En agglomération,Intersection en X,Normale,Deux véhicules - côté,3,2,2,0,1,1,1,0,1,50,2,2,1,0,0,1,85.0,19.0,voiture,voiture,1,2,2,1,3
202300015686,2023-04-26 17:40:00,2023,4,26,17,40,42,42279,Route de Saint-Etienne,45.507215,4.264444,Plein jour,En agglomération,Intersection en X,Normale,Deux véhicules - côté,3,2,2,0,1,1,1,0,1,50,2,2,1,0,0,1,85.0,19.0,voiture,voiture,1,2,2,1,3
202300015687,2023-04-26 21:35:00,2023,4,26,21,35,78,78466,D154,48.932223,1.973644,Nuit sans éclairage public,En agglomération,Hors intersection,Normale,Deux véhicules - côté,3,2,0,0,2,1,1,0,1,50,2,2,1,0,1,0,26.0,34.0,voiture,deux_roues,3,2,1,1,3
202300015688,2023-04-16 10:00:00,2023,4,16,10,0,38,38382,A 48,45.237698,5.661778,Plein jour,Hors agglomération,Hors intersection,Normale,Trois véhicules et plus - en chaîne,1,3,3,0,1,1,1,8,1,90,3,3,2,0,1,0,45.0,84.0,voiture,voiture,1,1,1,1,4
202300015689,2023-04-27 11:05:00,2023,4,27,11,5,45,45093,A10 PR 83 + 151,48.038481,1.84006,Plein jour,Hors agglomération,Hors intersection,Normale,Trois véhicules et plus - en chaîne,1,3,6,0,1,1,1,0,1,130,4,9,7,0,0,2,75.0,45.0,voiture,voiture,1,1,1,1,4
202300015690,2023-04-25 18:35:00,2023,4,25,18,35,38,38348,A43- PK 039.000,45.57278558,5.31433793,Plein jour,Hors agglomération,Hors intersection,Normale,Deux véhicules - côté,1,1,3,0,1,2,1,0,1,130,2,2,1,0,0,1,23.0,52.0,deux_roues,voiture,1,1,1,1,3
202300015691,2023-04-25 11:50:00,2023,4,25,11,50,987,98725,Route ceinture est Atima,-17.507396,-149.483757,Plein jour,En agglomération,Intersection en T,Normale,Deux véhicules - côté,2,2,2,0,1,1,1,5,1,50,2,2,1,0,1,0,30.0,51.0,deux_roues,voiture,1,2,3,1,3
202300015691,2023-04-25 11:50:00,2023,4,25,11,50,987,98725,Route ceinture est Atima,-17.507396,-149.483757,Plein jour,En agglomération,Intersection en T,Normale,Deux véhicules - côté,2,2,2,0,4,4,1,5,1,50,2,2,1,0,1,0,30.0,51.0,deux_roues,voiture,1,2,3,1,3
202300015692,2023-04-25 02:00:00,2023,4,25,2,0,987,98733,RT1 PK 27 MARAA,-17.736843,-149.577597,Nuit avec éclairage allumé,En agglomération,Hors intersection,Normale,Deux véhicules - frontale,2,2,2,1,1,1,1,0,1,60,2,3,0,0,1,2,47.0,40.0,voiture,voiture,5,2,1,1,1
202300015693,2023-04-27 10:00:00,2023,4,27,10,0,988,98811,RPN2,-21.024249,164.987215,Plein jour,Hors agglomération,Hors intersection,Normale,Sans collision,3,2,2,0,2,4,1,0,3,-1,1,1,0,0,0,1,27.0,,voiture,,1,1,1,1,7
202300015694,2023-04-27 12:45:00,2023,4,27,12,45,976,97607,Route nationale 2 - IRONI BE -,-12.834105,45.188838,Plein jour,Hors agglomération,Hors intersection,Normale,Deux véhicules - côté,2,2,2,0,3,3,1,0,1,70,2,2,1,0,1,0,48.0,54.0,deux_roues,utilitaire_camion,1,1,1,1,3
202300015695,2023-04-23 20:45:00,2023,4,23,20,45,971,97125,N4,16.259813,-61.295385,Nuit avec éclairage allumé,Hors agglomération,Hors intersection,Normale,Deux véhicules - côté,2,2,2,0,1,1,1,0,1,80,2,3,1,0,1,1,33.0,41.0,voiture,voiture,5,1,1,1,3
202300015696,2023-04-23 06:20:00,2023,4,23,6,20,971,97115,Rue du Pont,16.268001,-61.631021,Crépuscule ou aube,En agglomération,Hors intersection,Normale,Deux véhicules - frontale,3,2,2,0,2,2,1,0,1,50,2,2,0,0,1,1,29.0,49.0,voiture,voiture,2,2,1,1,1
202300015697,2023-04-22 07:30:00,2023,4,22,7,30,978,97801,R DE HOLLANDE,18.066754,-63.083684,Crépuscule ou aube,En agglomération,Hors intersection,Normale,Autre collision,2,1,1,0,1,1,1,0,1,50,1,2,0,1,0,1,70.0,,voiture,,2,2,1,1,6
202300015698,2023-04-25 18:00:00,2023,4,25,18,0,28,28160,D939,48.407625,1.640632,Plein jour,Hors agglomération,Intersection en X,Normale,Deux véhicules - côté,3,2,2,0,1,1,1,0,1,80,2,3,1,0,1,1,31.0,69.0,voiture,voiture,1,1,2,1,3
202300015698,2023-04-25 18:00:00,2023,4,25,18,0,28,28160,D939,48.407625,1.640632,Plein jour,Hors agglomération,Intersection en X,Normale,Deux véhicules - côté,3,2,2,0,1,1,1,0,1,80,2,3,1,0,1,1,31.0,69.0,voiture,voiture,1,1,2,1,3
202300015699,2023-04-25 13:00:00,2023,4,25,13,0,45,45229,D2007 PR 37 + 623,47.836733,2.744836,Plein jour,Hors agglomération,Hors intersection,Normale,Autre collision,3,2,3,0,1,1,1,0,3,90,1,1,0,0,0,1,52.0,,voiture,,1,1,1,1,6
202300015700,2023-04-25 13:05:00,2023,4,25,13,5,66,66210,,42.646033,2.778865,Plein jour,Hors agglomération,Giratoire,Normale,Sans collision,3,2,1,0,1,3,2,0,1,80,1,1,0,0,1,0,75.0,,deux_roues,,1,1,6,1,7
202300015701,2023-04-26 11:35:00,2023,4,26,11,35,34,34213,D600,43.473197,3.687029,Plein jour,Hors agglomération,Hors intersection,Normale,Deux véhicules - frontale,3,2,3,0,1,1,1,0,1,80,2,2,0,0,1,1,30.0,55.0,voiture,voiture,1,1,1,1,1
202300015702,2023-04-27 18:24:00,2023,4,27,18,24,34,34272,RD110,43.667051,4.105283,Plein jour,Hors agglomération,Hors intersection,Normale,Deux véhicules - frontale,3,2,2,0,1,3,1,0,1,70,2,2,0,1,1,0,28.0,47.0,voiture,voiture,1,1,1,1,1
202300015703,2023-04-26 18:00:00,2023,4,26,18,0,84,84132,D31,43.935484,5.029796,Plein jour,Hors agglomération,Intersection en X,Normale,Deux véhicules - côté,3,2,2,0,1,1,1,0,8,80,2,2,1,0,1,0,28.0,47.0,voiture,voiture,1,1,2,1,3
202300015703,2023-04-26 18:00:00,2023,4,26,18,0,84,84132,D31,43.935484,5.029796,Plein jour,Hors agglomération,Intersection en X,Normale,Deux véhicules - côté,3,1, -1,-1,1,1,1,0,1,-1,2,2,1,0,1,0,28.0,47.0,voiture,voiture,1,1,2,1,3
202300015704,2023-04-27 12:10:00,2023,4,27,12,10,83,83108,D64,43.332225,5.996346,Plein jour,Hors agglomération,Hors intersection,Normale,Deux véhicules - côté,3,2,2,0,1,1,1,0,1,80,2,4,2,0,1,1,54.0,62.0,utilitaire_camion,voiture,1,1,1,1,3
202300015705,2023-04-27 12:00:00,2023,4,27,12,0,73,73232,D902 - Lieu-dit la petite viclaire,45.6065072,6.84976459,Plein jour,Hors agglomération,Hors intersection,Normale,Autre collision,3,2,2,0,1,2,1,0,1,80,1,1,0,0,1,0,21.0,,deux_roues,,1,1,1,1,6
202300015706,2023-04-24 18:30:00,2023,4,24,18,30,07,07138,Cote de ville,44.5925,4.426675,Plein jour,Hors agglomération,Hors intersection,Normale,Deux véhicules - côté,2,2,2,0,2,2,1,0,1,80,2,2,1,0,1,0,53.0,59.0,voiture,deux_roues,1,1,1,1,3
202300015707,2023-04-24 17:25:00,2023,4,24,17,25,69,69040,84 Avenue de Lanessan,45.798203,4.789116,Plein jour,En agglomération,Intersection en T,Normale,Deux véhicules - côté,7,2,2,0,1,1,1,0,1,50,2,2,1,0,1,0,54.0,28.0,voiture,deux_roues,1,2,3,1,3
202300015707,2023-04-24 17:25:00,2023,4,24,17,25,69,69040,84 Avenue de Lanessan,45.798203,4.789116,Plein jour,En agglomération,Intersection en T,Normale,Deux véhicules - côté,7,2,2,0,1,1,1,0,1,30,2,2,1,0,1,0,54.0,28.0,voiture,deux_roues,1,2,3,1,3
202300015708,2023-04-24 12:30:00,2023,4,24,12,30,33,33326,D137 PR 42+100,45.315385,-0.576675,Plein jour,Hors agglomération,Hors intersection,Normale,Deux véhicules - frontale,3,2,2,0,2,3,1,0,1,80,2,3,0,0,2,1,27.0,62.0,utilitaire_camion,voiture,1,1,1,1,1
202300015709,2023-04-27 14:13:00,2023,4,27,14,13,29,29022,chemin des douaniers,48.25940543,-4.56116607,Plein jour,En agglomération,Hors intersection,Brouillard / fumée,Deux véhicules - frontale,3,2,2,0,2,2,8,0,1,50,2,2,0,0,0,2,40.0,38.0,utilitaire_camion,voiture,1,2,1,5,1
202300015710,2023-04-26 17:30:00,2023,4,26,17,30,22,22081,8b Rue de Bel Orient,48.512329,-2.66824,Plein jour,En agglomération,Intersection en T,Normale,Trois véhicules et plus - collisions multiples,3,2,2,0,1,1,1,0,1,50,3,3,2,0,1,0,76.0,20.0,voiture,deux_roues,1,2,3,1,5
202300015710,2023-04-26 17:30:00,2023,4,26,17,30,22,22081,8b Rue de Bel Orient,48.512329,-2.66824,Plein jour,En agglomération,Intersection en T,Normale,Trois véhicules et plus - collisions multiples,3,2,2,0,1,1,1,0,1,-1,3,3,2,0,1,0,76.0,20.0,voiture,deux_roues,1,2,3,1,5
202300015711,2023-04-27 11:45:00,2023,4,27,11,45,76,76057,Rue Jean-baptiste Lamarck,49.539072,0.957243,Plein jour,En agglomération,Hors intersection,Normale,Autre collision,4,2,2,0,1,1,1,0,1,30,1,2,1,0,1,0,28.0,,utilitaire_camion,,1,2,1,1,6
202300015712,2023-04-04 19:50:00,2023,4,4,19,50,59,59586,Rue du Paradis,50.53910829,3.161906,Crépuscule ou aube,Hors agglomération,Intersection en T,Normale,Deux véhicules - côté,3,-1,2,0,1,1,1,0,1,50,2,2,1,0,0,1,20.0,28.0,deux_roues,voiture,2,1,3,1,3
202300015712,2023-04-04 19:50:00,2023,4,4,19,50,59,59586,Rue du Paradis,50.53910829,3.161906,Crépuscule ou aube,Hors agglomération,Intersection en T,Normale,Deux véhicules - côté,3,2, -1,-1,1,1,1,0,1,-1,2,2,1,0,0,1,20.0,28.0,deux_roues,voiture,2,1,3,1,3
202300015713,2023-04-24 16:55:00,2023,4,24,16,55,83,83137,A50,43.126299,5.887313,Plein jour,Hors agglomération,Hors intersection,Normale,Deux véhicules - côté,1,3,6,0,1,1,1,0,1,70,2,2,1,0,0,1,30.0,34.0,voiture,deux_roues,1,1,1,1,3
202300015714,2023-04-26 18:10:00,2023,4,26,18,10,91,91689,AUTOROUTE A6,48.72384,2.31244,Plein jour,Hors agglomération,Hors intersection,Normale,Deux véhicules - arrière,1,1,3,0,1,1,1,0,1,110,2,2,1,0,0,1,28.0,48.0,voiture,deux_roues,1,1,1,1,2
202300015715,2023-04-26 16:25:00,2023,4,26,16,25,91,91434,AUTOROUTE A6,48.66987,2.34952,Plein jour,Hors agglomération,Hors intersection,Normale,Deux véhicules - côté,1,1,3,0,3,1,1,0,1,110,2,2,1,0,0,1,26.0,36.0,utilitaire_camion,deux_roues,1,1,1,1,3
202300015716,2023-04-26 08:03:00,2023,4,26,8,3,91,91687,AUTOROUTE A6,48.6616,2.37,Plein jour,Hors agglomération,Hors intersection,Normale,Deux véhicules - arrière,1,1,3,0,1,1,1,0,1,110,2,2,1,0,0,1,26.0,22.0,deux_roues,voiture,1,1,1,1,2
202300015717,2023-04-25 16:50:00,2023,4,25,16,50,974,97411,JAURES (BOULEVARD JEAN),-20.900887,55.48698664,Plein jour,En agglomération,Autre intersection,Pluie légère,Deux véhicules - côté,2,1,2,2,1,2,2,0,1,30,2,2,1,0,0,1,22.0,52.0,voiture,deux_roues,1,2,9,2,3
202300015718,2023-04-25 16:50:00,2023,4,25,16,50,974,97411,VINH-SAN (BLD 1 DU PRINCE),-20.88738,55.44108,Plein jour,En agglomération,Hors intersection,Normale,Autre collision,2,1,1,0,3,2,2,0,1,70,1,1,0,0,1,0,20.0,,voiture,,1,2,1,1,6
202300015719,2023-04-25 16:25:00,2023,4,25,16,25,974,97411,VINH-SAN (BLD 2 DU PRINCE),-20.88738,55.44108,Plein jour,En agglomération,Hors intersection,Pluie légère,Autre collision,2,1,1,0,2,2,2,0,1,50,1,3,0,0,1,2,37.0,,voiture,,1,2,1,2,6
202300015720,2023-04-25 17:30:00,2023,4,25,17,30,973,97302,BADUEL (ROUTE DE),4.92880993,-52.29827696,Plein jour,En agglomération,Hors intersection,Normale,Trois véhicules et plus - collisions multiples,3,2,2,0,1,1,1,0,1,50,3,4,3,0,0,1,39.0,22.0,utilitaire_camion,deux_roues,1,2,1,1,5
202300015721,2023-04-25 15:30:00,2023,4,25,15,30,973,97302,TROUBIRAN (CHEMIN DE),4.9268971,-52.30349216,Plein jour,En agglomération,Intersection en X,Pluie légère,Deux véhicules - frontale,4,2,2,0,1,1,2,0,1,50,2,2,1,0,1,0,34.0,39.0,voiture,deux_roues,1,2,2,2,1
202300015721,2023-04-25 15:30:00,2023,4,25,15,30,973,97302,TROUBIRAN (CHEMIN DE),4.9268971,-52.30349216,Plein jour,En agglomération,Intersection en X,Pluie légère,Deux véhicules - frontale,4,2,2,0,1,1,2,0,1,50,2,2,1,0,1,0,34.0,39.0,voiture,deux_roues,1,2,2,2,1
202300015722,2023-04-25 08:58:00,2023,4,25,8,58,69,69387,Rue de l'Université,45.75073,4.83945,Plein jour,En agglomération,Intersection en X,Normale,Autre collision,4,1,1,0,1,1,1,0,1,30,1,2,1,0,0,1,32.0,,deux_roues,,1,2,2,1,6
202300015722,2023-04-25 08:58:00,2023,4,25,8,58,69,69387,Rue de l'Université,45.75073,4.83945,Plein jour,En agglomération,Intersection en X,Normale,Autre collision,4,1,3,3,1,1,1,0,1,30,1,2,1,0,0,1,32.0,,deux_roues,,1,2,2,1,6
202300015723,2023-04-25 11:45:00,2023,4,25,11,45,972,97209,ARAWAKS (AVENUE DES),14.61785,-61.04229,Plein jour,En agglomération,Hors intersection,Normale,Deux véhicules - côté,4,2,2,0,2,1,1,0,1,50,2,2,1,0,0,1,23.0,67.0,autre,voiture,1,2,1,1,3
202300015724,2023-04-25 23:20:00,2023,4,25,23,20,69,69382,Quai Jean Moulin,45.76501,4.83813,Nuit avec éclairage allumé,En agglomération,Intersection en X,Normale,Deux véhicules - côté,4,1,1,0,1,1,1,0,1,30,2,3,0,0,0,3,22.0,26.0,voiture,voiture,5,2,2,1,3
202300015724,2023-04-25 23:20:00,2023,4,25,23,20,69,69382,Quai Jean Moulin,45.76501,4.83813,Nuit avec éclairage allumé,En agglomération,Intersection en X,Normale,Deux véhicules - côté,4,1,2,3,1,1,1,0,1,50,2,3,0,0,0,3,22.0,26.0,voiture,voiture,5,2,2,1,3
202300015725,2023-04-25 17:55:00,2023,4,25,17,55,69,69388,Rue de l'Epargne,45.74173,4.86032,Plein jour,En agglomération,Hors intersection,Normale,Autre collision,4,1,3,0,1,1,1,0,1,30,1,2,1,0,0,1,20.0,,voiture,,1,2,1,1,6
202300015726,2023-04-25 12:25:00,2023,4,25,12,25,69,69034,Rue Coste,45.78625,4.83376,Plein jour,En agglomération,Intersection en T,Normale,Deux véhicules - côté,4,2,2,0,1,1,1,0,1,50,2,2,0,0,0,2,34.0,44.0,voiture,voiture,1,2,3,1,3
202300015726,2023-04-25 12:25:00,2023,4,25,12,25,69,69034,Rue Coste,45.78625,4.83376,Plein jour,En agglomération,Intersection en T,Normale,Deux véhicules - côté,4,1,2,3,1,1,1,0,1,50,2,2,0,0,0,2,34.0,44.0,voiture,voiture,1,2,3,1,3
202300015727,2023-04-25 19:10:00,2023,4,25,19,10,971,97101,Frédéric JALTON,16.2766,-61.50112,Nuit avec éclairage allumé,En agglomération,Autre intersection,Normale,Deux véhicules - côté,3,-1,2,0,1,1,1,0,1,50,2,3,2,0,0,1,30.0,37.0,deux_roues,voiture,5,2,9,1,3
202300015728,2023-04-25 08:10:00,2023,4,25,8,10,2A,2A004,BEL HORIZONTE RCE AV DU MONT THABOR,41.93435,8.75507,Plein jour,En agglomération,Hors intersection,Normale,Autre collision,4,2,2,0,2,1,1,0,1,50,1,2,1,0,0,1,17.0,,deux_roues,,1,2,1,1,6
202300015729,2023-04-25 20:20:00,2023,4,25,20,20,95,95280, ARTHUR MELIN (RUE),49.0401,2.47149,Plein jour,En agglomération,Intersection en X,Normale,Deux véhicules - côté,4,1,1,0,1,1,1,9,1,50,2,3,1,0,0,2,21.0,,voiture,voiture,1,2,2,1,3
202300015729,2023-04-25 20:20:00,2023,4,25,20,20,95,95280, ARTHUR MELIN (RUE),49.0401,2.47149,Plein jour,En agglomération,Intersection en X,Normale,Deux véhicules - côté,4,1,1,0,4,1,1,9,1,50,2,3,1,0,0,2,21.0,,voiture,voiture,1,2,2,1,3
202300015730,2023-04-25 09:00:00,2023,4,25,9,0,95,95277,D370,48.98542,2.43859,Plein jour,En agglomération,Hors intersection,Pluie légère,Deux véhicules - arrière,3,3,3,0,2,1,2,9,1,30,2,2,1,0,0,1,33.0,19.0,voiture,voiture,1,2,1,2,2
202300015731,2023-04-25 09:10:00,2023,4,25,9,10,91,91027,PL HENRI DEUDON,48.70915,2.38709,Plein jour,En agglomération,Intersection en X,Normale,Deux véhicules - côté,4,2,2,0,1,1,1,0,1,30,2,5,3,0,0,2,71.0,32.0,voiture,voiture,1,2,2,1,3
202300015731,2023-04-25 09:10:00,2023,4,25,9,10,91,91027,PL HENRI DEUDON,48.70915,2.38709,Plein jour,En agglomération,Intersection en X,Normale,Deux véhicules - côté,4,1,1,0,1,1,1,0,1,30,2,5,3,0,0,2,71.0,32.0,voiture,voiture,1,2,2,1,3
202300015732,2023-04-21 21:38:00,2023,4,21,21,38,87,87085,VANTEAUX (BOULEVARD DE),45.82117,1.23966,Nuit avec éclairage allumé,En agglomération,Hors intersection,Normale,Deux véhicules - côté,4,3,4,0,2,1,1,0,1,50,2,2,1,0,1,0,22.0,43.0,deux_roues,voiture,5,2,1,1,3
202300015733,2023-03-20 12:50:00,2023,3,20,12,50,84,84007,EISENHOWER (Avenue),43.93774,4.79662,Plein jour,En agglomération,Hors intersection,Normale,Deux véhicules - côté,4,2,2,0,1,1,1,0,1,30,2,2,1,0,0,1,16.0,77.0,deux_roues,voiture,1,2,1,1,3
202300015734,2023-04-25 05:00:00,2023,4,25,5,0,83,83069,LECLERC (AVENUE MARECHAL),43.11858,6.11772,Nuit avec éclairage allumé,En agglomération,Hors intersection,Normale,Sans collision,4,2,2,0,1,1,1,0,1,50,1,1,0,0,0,1,25.0,,deux_roues,,5,2,1,1,7
202300015735,2023-04-25 19:40:00,2023,4,25,19,40,78,78372,VERSAILLES (ROUTE DE),48.87196,2.10373,Plein jour,En agglomération,Hors intersection,Temps couvert,Deux véhicules - côté,2,3,0,0,2,2,1,0,1,50,2,2,1,0,1,0,25.0,36.0,deux_roues,voiture,1,2,1,8,3
202300015736,2023-04-25 09:07:00,2023,4,25,9,7,76,76157,A150,49.45808,1.04709,Plein jour,Hors agglomération,Hors intersection,Normale,Trois véhicules et plus - collisions multiples,1,3,4,0,2,1,1,0,1,90,4,4,3,0,1,0,55.0,51.0,voiture,deux_roues,1,1,1,1,5
202300015737,2023-04-25 09:35:00,2023,4,25,9,35,76,76540,Rue du Renard,49.45194,1.06896,Plein jour,En agglomération,Intersection en X,Normale,Deux véhicules - côté,4,2,0,3,2,1,1,0,1,30,2,2,1,0,1,0,20.0,20.0,deux_roues,voiture,1,2,2,1,3
202300015737,2023-04-25 09:35:00,2023,4,25,9,35,76,76540,Rue du Renard,49.45194,1.06896,Plein jour,En agglomération,Intersection en X,Normale,Deux véhicules - côté,4,2,2,0,2,1,1,0,1,30,2,2,1,0,1,0,20.0,20.0,deux_roues,voiture,1,2,2,1,3
202300015738,2023-04-24 16:25:00,2023,4,24,16,25,72,72181,CHANZY (RUE) N° PAIRS 36 A N° 138,47.99979,0.20301,Plein jour,En agglomération,Autre intersection,Normale,Deux véhicules - arrière,4,1,1,1,1,1,1,0,1,50,2,2,1,0,0,1,57.0,67.0,utilitaire_camion,utilitaire_camion,1,2,9,1,2
202300015739,2023-04-24 16:15:00,2023,4,24,16,15,69,69256,Avenue du 8 Mai 1945,45.78716,4.91772,Plein jour,En agglomération,Intersection en X,Normale,Deux véhicules - arrière,4,2,2,0,1,1,1,0,1,50,2,3,2,0,0,1,35.0,35.0,voiture,voiture,1,2,2,1,2
202300015739,2023-04-24 16:15:00,2023,4,24,16,15,69,69256,Avenue du 8 Mai 1945,45.78716,4.91772,Plein jour,En agglomération,Intersection en X,Normale,Deux véhicules - arrière,4,2,2,0,1,1,1,0,1,50,2,3,2,0,0,1,35.0,35.0,voiture,voiture,1,2,2,1,2
202300015740,2023-04-26 00:20:00,2023,4,26,0,20,69,69259,Avenue de la République,45.70609,4.87621,Nuit avec éclairage allumé,En agglomération,Intersection en X,Normale,Deux véhicules - arrière,4,2,2,2,2,1,1,0,8,50,2,3,2,0,0,1,60.0,40.0,utilitaire_camion,voiture,5,2,2,1,2
202300015740,2023-04-26 00:20:00,2023,4,26,0,20,69,69259,Avenue de la République,45.70609,4.87621,Nuit avec éclairage allumé,En agglomération,Intersection en X,Normale,Deux véhicules - arrière,4,2,2,0,1,1,1,0,1,50,2,3,2,0,0,1,60.0,40.0,utilitaire_camion,voiture,5,2,2,1,2
202300015741,2023-04-25 22:12:00,2023,4,25,22,12,69,69259,Boulevard Yves Farge,45.69542781,4.85920682,Nuit avec éclairage allumé,En agglomération,Intersection en X,Normale,Deux véhicules - côté,7,2,2,0,1,1,1,0,1,50,2,3,2,0,0,1,28.0,46.0,voiture,deux_roues,5,2,2,1,3