accident_id,datetime,annee,mois,jour,heure,minute,departement,commune_insee,adresse,latitude,longitude,luminosite,agglomeration,intersection,meteo,collision,catr,circ,nbv,vosp,prof,plan,surf,infra,situ,vma,nb_vehicules,nb_usagers,nb_indemnes,nb_tues,nb_blesses_hosp,nb_blesses_legers,age_cond_1,age_cond_2,veh_type_cond_1,veh_type_cond_2,lum_code,agg_code,int_code,atm_code,col_code
202300015801,2023-04-25 20:00:00,2023,4,25,20,0,93,93048,Rue Molière,48.85816711,2.44203266,Plein jour,En agglomération,Hors intersection,Normale,Autre collision,4,1,1,0,1,1,1,0,1,30,1,2,1,0,0,1,37.0,,utilitaire_camion,,1,2,1,1,6
202300015802,2023-06-15 16:04:00,2023,6,15,16,4,15,15014,PONT ROUGE (BOULEVARD DU),44.927291,2.448217,Plein jour,En agglomération,Hors intersection,Normale,Deux véhicules - arrière,4,-1,2,0,1,1,1,0,1,30,2,2,1,0,0,1,80.0,80.0,voiture,deux_roues,1,2,1,1,2
202300015803,2023-04-25 08:00:00,2023,4,25,8,0,93,93010,Avenue Jean Moulin / Rue Germaine Tillion,48.9124,2.47953,Plein jour,En agglomération,Intersection en T,Pluie légère,Deux véhicules - côté,4,2,2,0,1,1,2,0,1,50,2,2,1,0,0,1,29.0,32.0,voiture,voiture,1,2,3,2,3
202300015803,2023-04-25 08:00:00,2023,4,25,8,0,93,93010,Avenue Jean Moulin / Rue Germaine Tillion,48.9124,2.47953,Plein jour,En agglomération,Intersection en T,Pluie légère,Deux véhicules - côté,4,1,1,-1,1,1,2,0,1,-1,2,2,1,0,0,1,29.0,32.0,voiture,voiture,1,2,3,2,3
202300015804,2023-07-06 19:10:00,2023,7,6,19,10,14,14118,17 Avenue de la Côte de Nacre,49.19836,-0.3601,Plein jour,En agglomération,Intersection en X,Normale,Deux véhicules - côté,4,2,1,0,1,1,1,9,1,50,2,2,1,0,0,1,31.0,45.0,utilitaire_camion,deux_roues,1,2,2,1,3
202300015804,2023-07-06 19:10:00,2023,7,6,19,10,14,14118,17 Avenue de la Côte de Nacre,49.19836,-0.3601,Plein jour,En agglomération,Intersection en X,Normale,Deux véhicules - côté,4,2,1,0,2,1,1,9,1,50,2,2,1,0,0,1,31.0,45.0,utilitaire_camion,deux_roues,1,2,2,1,3
202300015805,2023-04-24 23:50:00,2023,4,24,23,50,93,93008,Rue Carnot / gare routière,48.90657,2.45,Nuit avec éclairage allumé,En agglomération,Autre intersection,Pluie légère,Autre collision,4,1,1,3,1,3,2,9,6,20,1,2,1,0,0,1,37.0,,transport_commun,,5,2,9,2,6
202300015806,2023-04-25 21:10:00,2023,4,25,21,10,93,93007,Avenue Aristide Briand / Rue Victor Hugo,48.945,2.4498,Nuit avec éclairage allumé,En agglomération,Intersection en X,Normale,Deux véhicules - côté,3,2,2,0,1,1,1,0,1,50,2,2,1,0,0,1,22.0,55.0,voiture,deux_roues,5,2,2,1,3
202300015806,2023-04-25 21:10:00,2023,4,25,21,10,93,93007,Avenue Aristide Briand / Rue Victor Hugo,48.945,2.4498,Nuit avec éclairage allumé,En agglomération,Intersection en X,Normale,Deux véhicules - côté,3,1,1,-1,1,1,1,0,1,-1,2,2,1,0,0,1,22.0,55.0,voiture,deux_roues,5,2,2,1,3
202300015807,2023-07-05 18:15:00,2023,7,5,18,15,14,14167,Route de Cabourg,49.19145,-0.29928,Plein jour,En agglomération,Giratoire,Normale,Deux véhicules - côté,3,1,1,0,1,2,1,5,1,30,2,2,1,0,1,0,36.0,34.0,deux_roues,voiture,1,2,6,1,3
202300015807,2023-07-05 18:15:00,2023,7,5,18,15,14,14167,Route de Cabourg,49.19145,-0.29928,Plein jour,En agglomération,Giratoire,Normale,Deux véhicules - côté,3,2,2,0,1,2,1,5,1,30,2,2,1,0,1,0,36.0,34.0,deux_roues,voiture,1,2,6,1,3
202300015808,2023-04-25 13:15:00,2023,4,25,13,15,93,93001,Avenue Victor Hugo,48.91315512,2.38036931,Plein jour,En agglomération,Hors intersection,Normale,Deux véhicules - côté,3,2,4,1,1,1,1,0,1,30,2,2,1,0,0,1,,32.0,autre,deux_roues,1,2,1,1,3
202300015809,2023-07-06 12:40:00,2023,7,6,12,40,14,14101,N814,49.17323,-0.42984,Plein jour,Hors agglomération,Hors intersection,Normale,Trois véhicules et plus - collisions multiples,2,1,2,0,1,1,1,0,6,110,4,4,2,0,0,2,35.0,24.0,voiture,voiture,1,1,1,1,5
202300015810,2023-04-25 18:20:00,2023,4,25,18,20,92,92040,CAMILLE DESMOULINS,48.8291378,2.26383001,Plein jour,En agglomération,Intersection en X,Normale,Autre collision,3,2,4,3,1,1,1,0,1,30,1,2,1,0,0,1,27.0,,voiture,,1,2,2,1,6
202300015810,2023-04-25 18:20:00,2023,4,25,18,20,92,92040,CAMILLE DESMOULINS,48.8291378,2.26383001,Plein jour,En agglomération,Intersection en X,Normale,Autre collision,3,2,2,0,1,1,1,0,1,30,1,2,1,0,0,1,27.0,,voiture,,1,2,2,1,6
202300015811,2023-04-25 16:40:00,2023,4,25,16,40,92,92012,ALPHONSE LE GALLO (QUAI) 1/34,48.83468,2.22594,Plein jour,En agglomération,Hors intersection,Normale,Deux véhicules - arrière,3,-1,4,0,1,1,1,0,1,50,2,2,1,0,0,1,45.0,44.0,voiture,voiture,1,2,1,1,2
202300015812,2023-07-04 08:45:00,2023,7,4,8,45,13,13077,RN 568,43.41455,4.9871,Plein jour,En agglomération,Giratoire,Normale,Autre collision,2,2,2,0,1,1,1,0,8,50,1,3,1,0,0,2,46.0,,voiture,,1,2,6,1,6
202300015812,2023-07-04 08:45:00,2023,7,4,8,45,13,13077,RN 568,43.41455,4.9871,Plein jour,En agglomération,Giratoire,Normale,Autre collision,2,1,2,0,1,2,1,0,1,50,1,3,1,0,0,2,46.0,,voiture,,1,2,6,1,6
202300015813,2023-04-25 19:40:00,2023,4,25,19,40,13,13117,A7-Sens Lyon vers Marseille,43.44617245,5.24263165,Plein jour,Hors agglomération,Hors intersection,Normale,Deux véhicules - arrière,1,1,3,0,1,1,1,0,1,90,3,5,1,0,0,4,65.0,47.0,voiture,voiture,1,1,1,1,2
202300015814,2023-07-06 19:05:00,2023,7,6,19,5,13,13213,CHATEAU GOMBERT CHEMIN,43.34524,5.42384,Plein jour,En agglomération,Intersection en T,Normale,Autre collision,4,2,2,0,1,1,1,0,1,50,2,5,0,0,0,5,31.0,34.0,deux_roues,voiture,1,2,3,1,6
202300015814,2023-07-06 19:05:00,2023,7,6,19,5,13,13213,CHATEAU GOMBERT CHEMIN,43.34524,5.42384,Plein jour,En agglomération,Intersection en T,Normale,Autre collision,4,-1,1,0,1,1,1,0,8,50,2,5,0,0,0,5,31.0,34.0,deux_roues,voiture,1,2,3,1,6
202300015815,2023-04-24 08:00:00,2023,4,24,8,0,13,13071,A7-Sens Marseille vers Lyon,43.40456,5.31667,Plein jour,Hors agglomération,Hors intersection,Normale,Trois véhicules et plus - en chaîne,1,1,3,0,1,1,1,0,1,110,3,3,2,0,0,1,38.0,28.0,utilitaire_camion,voiture,1,1,1,1,4
202300015816,2023-07-06 13:00:00,2023,7,6,13,0,13,13214,CLAUDE MONET (avenue),43.32507306,5.39393405,Plein jour,En agglomération,Hors intersection,Normale,Deux véhicules - arrière,4,2,2,0,1,1,1,0,1,30,2,4,1,0,0,3,23.0,33.0,voiture,voiture,1,2,1,1,2
202300015817,2023-07-06 01:30:00,2023,7,6,1,30,13,13209,RAYMOND TEISSERE (RUE),43.27254,5.3997,Nuit avec éclairage allumé,En agglomération,Hors intersection,Normale,Autre collision,4,2, -1,0,1,1,1,0,1,30,1,2,0,0,1,1,23.0,,deux_roues,,5,2,1,1,6
202300015818,2023-07-06 10:30:00,2023,7,6,10,30,13,13028,SAINT JEAN (AVENUE DE),43.18869088,5.6305468,Plein jour,En agglomération,Hors intersection,Normale,Autre collision,4,2,2,0,1,1,1,0,1,50,1,2,1,0,0,1,63.0,,voiture,,1,2,1,1,6
202300015819,2023-07-05 13:33:00,2023,7,5,13,33,10,10387,PIERRE BROSSOLETTE (RUE),48.29019,4.07595,Plein jour,En agglomération,Intersection en T,Temps couvert,Deux véhicules - côté,4,2,2,0,1,1,1,0,1,50,2,3,2,0,0,1,23.0,65.0,voiture,voiture,1,2,3,8,3
202300015819,2023-07-05 13:33:00,2023,7,5,13,33,10,10387,PIERRE BROSSOLETTE (RUE),48.29019,4.07595,Plein jour,En agglomération,Intersection en T,Temps couvert,Deux véhicules - côté,4,2,4,0,1,1,1,0,1,50,2,3,2,0,0,1,23.0,65.0,voiture,voiture,1,2,3,8,3
202300015820,2023-07-06 16:40:00,2023,7,6,16,40,06,06069,ROUQUIER (BOULEVARD EMMANUEL),43.64196,6.94255,Plein jour,En agglomération,Hors intersection,Normale,Autre collision,4,2,2,0,1,1,1,0,1,50,1,1,0,0,0,1,64.0,,voiture,,1,2,1,1,6
202300015821,2023-07-05 17:10:00,2023,7,5,17,10,06,06069,CHENES (CHEMIN DES),43.6408,6.91714,Plein jour,En agglomération,Intersection en T,Normale,Deux véhicules - côté,4,2,2,0,1,1,1,0,1,50,2,3,1,0,2,0,44.0,26.0,deux_roues,voiture,1,2,3,1,3
202300015821,2023-07-05 17:10:00,2023,7,5,17,10,06,06069,CHENES (CHEMIN DES),43.6408,6.91714,Plein jour,En agglomération,Intersection en T,Normale,Deux véhicules - côté,4,2,2,0,1,1,1,0,1,50,2,3,1,0,2,0,44.0,26.0,deux_roues,voiture,1,2,3,1,3
202300015822,2023-07-06 07:00:00,2023,7,6,7,0,02,02738,8 Avenue André Boulloche,49.657943,3.316161,Plein jour,En agglomération,Intersection en X,Normale,Deux véhicules - côté,4,1,1,0,1,1,1,0,1,50,2,2,1,0,0,1,57.0,69.0,deux_roues,voiture,1,2,2,1,3
202300015822,2023-07-06 07:00:00,2023,7,6,7,0,02,02738,8 Avenue André Boulloche,49.657943,3.316161,Plein jour,En agglomération,Intersection en X,Normale,Deux véhicules - côté,4,1,2,0,1,1,1,0,1,50,2,2,1,0,0,1,57.0,69.0,deux_roues,voiture,1,2,2,1,3
202300015823,2023-07-06 14:40:00,2023,7,6,14,40,75,75113,PORTE D ITALIE,48.816833,2.364982,Plein jour,En agglomération,Hors intersection,Normale,Autre collision,4,-1,3,0,1,1,1,0,1,70,1,1,0,0,0,1,44.0,,deux_roues,,1,2,1,1,6
202300015824,2023-07-06 16:00:00,2023,7,6,16,0,75,75118,AVENUE DE LA PORTE DE CLIGNANCOURT,48.901237,2.344249,Plein jour,En agglomération,Intersection en X,Normale,Deux véhicules - côté,4,2,8,1,1,1,1,0,1,30,2,2,1,0,0,1,24.0,49.0,deux_roues,utilitaire_camion,1,2,2,1,3
202300015824,2023-07-06 16:00:00,2023,7,6,16,0,75,75118,AVENUE DE LA PORTE DE CLIGNANCOURT,48.901237,2.344249,Plein jour,En agglomération,Intersection en X,Normale,Deux véhicules - côté,4,1,4,1,1,1,1,0,1,30,2,2,1,0,0,1,24.0,49.0,deux_roues,utilitaire_camion,1,2,2,1,3
202300015825,2023-08-08 11:00:00,2023,8,8,11,0,13,13210,PAUL CLAUDEL (BOULEVARD),43.2693,5.42094,Plein jour,En agglomération,Intersection à plus de 4 branches,Normale,Deux véhicules - frontale,4,3,4,0,1,1,1,0,1,50,2,3,0,0,0,3,31.0,31.0,voiture,voiture,1,2,5,1,1
202300015825,2023-08-08 11:00:00,2023,8,8,11,0,13,13210,PAUL CLAUDEL (BOULEVARD),43.2693,5.42094,Plein jour,En agglomération,Intersection à plus de 4 branches,Normale,Deux véhicules - frontale,4,2,2,0,1,1,1,0,1,50,2,3,0,0,0,3,31.0,31.0,voiture,voiture,1,2,5,1,1
202300015826,2023-07-06 13:40:00,2023,7,6,13,40,75,75101,PONT NEUF,48.8584475,2.342505,Plein jour,En agglomération,Intersection en X,Normale,Deux véhicules - frontale,4,2,4,2,1,1,1,0,1,30,2,2,1,0,1,0,26.0,44.0,deux_roues,deux_roues,1,2,2,1,1
202300015826,2023-07-06 13:40:00,2023,7,6,13,40,75,75101,PONT NEUF,48.8584475,2.342505,Plein jour,En agglomération,Intersection en X,Normale,Deux véhicules - frontale,4,1,4,3,1,1,1,0,1,30,2,2,1,0,1,0,26.0,44.0,deux_roues,deux_roues,1,2,2,1,1
202300015827,2023-08-10 14:00:00,2023,8,10,14,0,13,13204,FRANÇOISE DUPARC (BOULEVARD),43.30132,5.40089,Plein jour,En agglomération,Hors intersection,Normale,Deux véhicules - arrière,4,2,4,0,1,1,1,0,1,50,2,2,1,0,1,0,21.0,60.0,voiture,voiture,1,2,1,1,2
202300015828,2023-07-05 19:15:00,2023,7,5,19,15,75,75118,BOULEVARD PERIPHERIQUE EXTERIEUR NORD  ,48.901076,2.345273,Plein jour,En agglomération,Hors intersection,Normale,Deux véhicules - arrière,4,3,4,0,1,1,1,0,1,70,2,3,2,1,0,0,47.0,35.0,deux_roues,utilitaire_camion,1,2,1,1,2
202300015829,2023-08-07 09:45:00,2023,8,7,9,45,07,07019,GEORGES COUDERC (RUE),44.61671,4.39001,Plein jour,En agglomération,Autre intersection,Normale,Autre collision,4,2,1,0,2,2,1,5,1,30,1,2,1,0,0,1,87.0,,voiture,,1,2,9,1,6
202300015830,2023-07-03 23:06:00,2023,7,3,23,6,75,75108,AVENUE DE WAGRAM,48.875144,2.296017,Nuit avec éclairage allumé,En agglomération,Intersection en X,Normale,Autre collision,4,2,7,3,2,1,1,0,1,30,1,5,3,1,0,1,53.0,,voiture,,5,2,2,1,6
202300015830,2023-07-03 23:06:00,2023,7,3,23,6,75,75108,AVENUE DE WAGRAM,48.875144,2.296017,Nuit avec éclairage allumé,En agglomération,Intersection en X,Normale,Autre collision,4,2,3,2,1,1,1,0,1,30,1,5,3,1,0,1,53.0,,voiture,,5,2,2,1,6
202300015831,2023-07-06 17:00:00,2023,7,6,17,0,75,75120,AVENUE GAMBETTA,48.864964,2.395548,Plein jour,En agglomération,Intersection en X,Normale,Deux véhicules - côté,4,3,2,1,3,1,1,0,5,30,2,2,1,0,0,1,61.0,28.0,voiture,deux_roues,1,2,2,1,3
202300015831,2023-07-06 17:00:00,2023,7,6,17,0,75,75120,AVENUE GAMBETTA,48.864964,2.395548,Plein jour,En agglomération,Intersection en X,Normale,Deux véhicules - côté,4,1,0,0,1,1,1,0,5,30,2,2,1,0,0,1,61.0,28.0,voiture,deux_roues,1,2,2,1,3
202300015832,2023-08-08 19:50:00,2023,8,8,19,50,06,06004,767 Chemin des Quatre Chemins,43.603075,7.114012,Plein jour,En agglomération,Hors intersection,Normale,Autre collision,4,2,2,0,1,1,1,0,1,50,1,4,2,0,1,1,41.0,,voiture,,1,2,1,1,6
202300015833,2023-07-06 00:15:00,2023,7,6,0,15,75,75120,AVENUE DE LA PORTE DES LILAS,48.87778,2.4082,Nuit avec éclairage allumé,En agglomération,Intersection en X,Normale,Autre collision,4,1,3,3,1,1,1,0,6,50,1,1,0,0,1,0,27.0,,deux_roues,,5,2,2,1,6
202300015833,2023-07-06 00:15:00,2023,7,6,0,15,75,75120,AVENUE DE LA PORTE DES LILAS,48.87778,2.4082,Nuit avec éclairage allumé,En agglomération,Intersection en X,Normale,Autre collision,4,-1, -1,3,1,1,1,0,1,50,1,1,0,0,1,0,27.0,,deux_roues,,5,2,2,1,6
202300015834,2023-08-11 14:30:00,2023,8,11,14,30,75,75114,BD PERIPHERIQUE EXTERIEUR,48.822268,2.315459,Plein jour,En agglomération,Hors intersection,Normale,Deux véhicules - arrière,4,1,3,0,1,1,1,0,1,70,2,2,1,0,0,1,41.0,32.0,voiture,utilitaire_camion,1,2,1,1,2
202300015835,2023-07-06 20:00:00,2023,7,6,20,0,75,75117,AVENUE DES TERNES,48.87853,2.294223,Plein jour,En agglomération,Intersection en X,Normale,Deux véhicules - côté,4,2,3,3,1,1,1,0,1,30,2,2,1,0,1,0,65.0,63.0,voiture,deux_roues,1,2,2,1,3
202300015835,2023-07-06 20:00:00,2023,7,6,20,0,75,75117,AVENUE DES TERNES,48.87853,2.294223,Plein jour,En agglomération,Intersection en X,Normale,Deux véhicules - côté,4,2,3,3,1,1,1,0,1,30,2,2,1,0,1,0,65.0,63.0,voiture,deux_roues,1,2,2,1,3
202300015836,2023-08-11 15:20:00,2023,8,11,15,20,75,75119,AVENUE JEAN JAURES,48.888789,2.393107,Plein jour,En agglomération,Intersection en T,Normale,Deux véhicules - côté,4,2,4,1,2,1,1,0,5,30,2,3,2,0,0,1,33.0,43.0,deux_roues,voiture,1,2,3,1,3
202300015836,2023-08-11 15:20:00,2023,8,11,15,20,75,75119,AVENUE JEAN JAURES,48.888789,2.393107,Plein jour,En agglomération,Intersection en T,Normale,Deux véhicules - côté,4,-1, -1,-1,1,1,1,0,5,30,2,3,2,0,0,1,33.0,43.0,deux_roues,voiture,1,2,3,1,3
202300015837,2023-07-06 20:30:00,2023,7,6,20,30,75,75117,AVENUE DE LA PORTE DE CLICHY,48.894453,2.313479,Crépuscule ou aube,En agglomération,Intersection en X,Normale,Deux véhicules - côté,4,1,3,2,1,1,1,0,1,50,2,2,1,0,0,1,58.0,47.0,voiture,deux_roues,2,2,2,1,3
202300015837,2023-07-06 20:30:00,2023,7,6,20,30,75,75117,AVENUE DE LA PORTE DE CLICHY,48.894453,2.313479,Crépuscule ou aube,En agglomération,Intersection en X,Normale,Deux véhicules - côté,4,-1, -1,0,1,1,1,0,1,50,2,2,1,0,0,1,58.0,47.0,voiture,deux_roues,2,2,2,1,3
202300015838,2023-07-06 17:55:00,2023,7,6,17,55,75,75117,RUE GUSTAVE CHARPENTIER,48.879549,2.280875,Plein jour,En agglomération,Intersection en Y,Normale,Autre collision,4,-1, -1,0,1,1,1,0,1,30,1,2,1,0,0,1,66.0,,voiture,,1,2,4,1,6
202300015838,2023-07-06 17:55:00,2023,7,6,17,55,75,75117,RUE GUSTAVE CHARPENTIER,48.879549,2.280875,Plein jour,En agglomération,Intersection en Y,Normale,Autre collision,4,1,1,0,1,1,1,0,1,30,1,2,1,0,0,1,66.0,,voiture,,1,2,4,1,6
202300015839,2023-08-11 14:30:00,2023,8,11,14,30,75,75119,RUE ARMAND CARREL,48.88259,2.37973,Plein jour,En agglomération,Intersection en X,Normale,Autre collision,4,-1, -1,-1,1,1,1,0,1,30,1,3,2,0,0,1,27.0,,voiture,,1,2,2,1,6
202300015839,2023-08-11 14:30:00,2023,8,11,14,30,75,75119,RUE ARMAND CARREL,48.88259,2.37973,Plein jour,En agglomération,Intersection en X,Normale,Autre collision,4,2,2,1,1,1,1,0,1,30,1,3,2,0,0,1,27.0,,voiture,,1,2,2,1,6
202300015840,2023-07-06 12:00:00,2023,7,6,12,0,75,75117,RUE CARDINET,48.889105,2.31614,Plein jour,En agglomération,Intersection en T,Normale,Deux véhicules - côté,4,-1, -1,0,1,1,1,0,1,30,2,2,1,0,0,1,24.0,35.0,utilitaire_camion,deux_roues,1,2,3,1,3
202300015840,2023-07-06 12:00:00,2023,7,6,12,0,75,75117,RUE CARDINET,48.889105,2.31614,Plein jour,En agglomération,Intersection en T,Normale,Deux véhicules - côté,4,-1,2,0,1,1,1,0,1,30,2,2,1,0,0,1,24.0,35.0,utilitaire_camion,deux_roues,1,2,3,1,3
202300015841,2023-07-06 11:00:00,2023,7,6,11,0,75,75117,RUE DE LA JONQUIERE,48.893456,2.325375,Plein jour,En agglomération,Intersection en X,Normale,Autre collision,4,-1, -1,0,1,1,1,0,1,30,1,2,1,0,0,1,69.0,,voiture,,1,2,2,1,6
202300015841,2023-07-06 11:00:00,2023,7,6,11,0,75,75117,RUE DE LA JONQUIERE,48.893456,2.325375,Plein jour,En agglomération,Intersection en X,Normale,Autre collision,4,1,1,0,1,1,1,0,1,30,1,2,1,0,0,1,69.0,,voiture,,1,2,2,1,6
202300015842,2023-08-11 09:50:00,2023,8,11,9,50,75,75119,RUE BOURET,48.88172,2.373793,Plein jour,En agglomération,Intersection en T,Normale,Deux véhicules - côté,4,-1, -1,-1,1,1,1,0,1,30,2,2,1,0,0,1,30.0,51.0,deux_roues,utilitaire_camion,1,2,3,1,3
202300015842,2023-08-11 09:50:00,2023,8,11,9,50,75,75119,RUE BOURET,48.88172,2.373793,Plein jour,En agglomération,Intersection en T,Normale,Deux véhicules - côté,4,1,0,0,2,1,1,0,1,30,2,2,1,0,0,1,30.0,51.0,deux_roues,utilitaire_camion,1,2,3,1,3
202300015843,2023-07-05 19:45:00,2023,7,5,19,45,75,75117,BOULEVARD DU FORT DE VAUX,48.893306,2.30283,Plein jour,En agglomération,Hors intersection,Normale,Deux véhicules - côté,4,1,1,0,1,1,1,0,1,30,2,3,2,0,0,1,28.0,25.0,deux_roues,utilitaire_camion,1,2,1,1,3
202300015844,2023-08-11 22:25:00,2023,8,11,22,25,75,75116,QUAI LOUIS BLERIOT,48.847163,2.274442,Nuit avec éclairage allumé,En agglomération,Intersection en X,Pluie légère,Deux véhicules - côté,4,-1, -1,-1,1,1,2,0,1,30,2,2,1,0,0,1,42.0,23.0,voiture,deux_roues,5,2,2,2,3
202300015844,2023-08-11 22:25:00,2023,8,11,22,25,75,75116,QUAI LOUIS BLERIOT,48.847163,2.274442,Nuit avec éclairage allumé,En agglomération,Intersection en X,Pluie légère,Deux véhicules - côté,4,1,1,0,1,1,2,0,1,30,2,2,1,0,0,1,42.0,23.0,voiture,deux_roues,5,2,2,2,3
202300015845,2023-07-06 16:25:00,2023,7,6,16,25,75,75116,AVENUE KLEBER,48.864984,2.288665,Plein jour,En agglomération,Intersection en X,Normale,Deux véhicules - côté,4,2,2,0,1,1,1,0,1,30,2,2,1,0,0,1,17.0,45.0,deux_roues,voiture,1,2,2,1,3
202300015845,2023-07-06 16:25:00,2023,7,6,16,25,75,75116,AVENUE KLEBER,48.864984,2.288665,Plein jour,En agglomération,Intersection en X,Normale,Deux véhicules - côté,4,1,1,0,1,1,1,0,1,30,2,2,1,0,0,1,17.0,45.0,deux_roues,voiture,1,2,2,1,3
202300015846,2023-08-11 15:24:00,2023,8,11,15,24,75,75116,AVENUE DES NATIONS UNIES,48.86182,2.291655,Plein jour,En agglomération,Hors intersection,Normale,Deux véhicules - côté,4,2,3,0,2,1,1,0,1,30,2,2,1,0,0,1,36.0,57.0,deux_roues,voiture,1,2,1,1,3
202300015847,2023-07-06 10:05:00,2023,7,6,10,5,75,75115,PLACE FALGUIERE,48.836228,2.310173,Plein jour,En agglomération,Place,Normale,Deux véhicules - côté,4,-1, -1,0,1,1,1,0,1,30,2,2,1,0,0,1,44.0,44.0,deux_roues,voiture,1,2,7,1,3
202300015847,2023-07-06 10:05:00,2023,7,6,10,5,75,75115,PLACE FALGUIERE,48.836228,2.310173,Plein jour,En agglomération,Place,Normale,Deux véhicules - côté,4,-1,1,0,1,1,1,0,1,30,2,2,1,0,0,1,44.0,44.0,deux_roues,voiture,1,2,7,1,3
202300015848,2023-08-10 19:10:00,2023,8,10,19,10,75,75116,AVENUE DE L HIPPODROME,48.857831,2.250238,Plein jour,En agglomération,Intersection en X,Normale,Deux véhicules - arrière,4,2,2,0,1,1,1,0,1,50,2,2,1,0,0,1,43.0,26.0,deux_roues,voiture,1,2,2,1,2
202300015848,2023-08-10 19:10:00,2023,8,10,19,10,75,75116,AVENUE DE L HIPPODROME,48.857831,2.250238,Plein jour,En agglomération,Intersection en X,Normale,Deux véhicules - arrière,4,1, -1,0,1,1,1,0,1,-1,2,2,1,0,0,1,43.0,26.0,deux_roues,voiture,1,2,2,1,2
202300015849,2023-07-05 02:45:00,2023,7,5,2,45,75,75114,AVENUE DU MAINE,48.838354,2.322294,Nuit avec éclairage allumé,En agglomération,Intersection en T,Normale,Deux véhicules - arrière,4,3,1,0,1,1,2,0,1,50,2,2,1,0,0,1,25.0,51.0,deux_roues,voiture,5,2,3,1,2
202300015849,2023-07-05 02:45:00,2023,7,5,2,45,75,75114,AVENUE DU MAINE,48.838354,2.322294,Nuit avec éclairage allumé,En agglomération,Intersection en T,Normale,Deux véhicules - arrière,4,1,3,2,1,1,2,0,1,50,2,2,1,0,0,1,25.0,51.0,deux_roues,voiture,5,2,3,1,2
202300015850,2023-08-11 19:50:00,2023,8,11,19,50,75,75113,RUE BOUSSINGAULT,48.824128,2.344528,Plein jour,En agglomération,Intersection en X,Pluie légère,Deux véhicules - côté,4,2,1,0,1,3,2,0,1,30,2,2,1,0,1,0,17.0,23.0,deux_roues,voiture,1,2,2,2,3
202300015850,2023-08-11 19:50:00,2023,8,11,19,50,75,75113,RUE BOUSSINGAULT,48.824128,2.344528,Plein jour,En agglomération,Intersection en X,Pluie légère,Deux véhicules - côté,4,2,0,0,1,2,2,0,1,30,2,2,1,0,1,0,17.0,23.0,deux_roues,voiture,1,2,2,2,3
202300015851,2023-07-06 12:00:00,2023,7,6,12,0,75,75113,BOULEVARD DE L HOPITAL,48.839946,2.361742,Plein jour,En agglomération,Intersection en Y,Normale,Deux véhicules - côté,4,4,4,0,2,1,1,0,1,30,2,2,1,0,0,1,35.0,,deux_roues,voiture,1,2,4,1,3
202300015851,2023-07-06 12:00:00,2023,7,6,12,0,75,75113,BOULEVARD DE L HOPITAL,48.839946,2.361742,Plein jour,En agglomération,Intersection en Y,Normale,Deux véhicules - côté,4,-1, -1,0,1,1,1,0,1,30,2,2,1,0,0,1,35.0,,deux_roues,voiture,1,2,4,1,3
202300015852,2023-08-10 05:45:00,2023,8,10,5,45,94,94041,Boulevard de Stalingrad,48.8059449,2.37568308,Plein jour,En agglomération,Intersection en T,Normale,Deux véhicules - frontale,3,1,2,0,1,1,1,0,1,50,2,2,1,0,0,1,21.0,59.0,deux_roues,voiture,1,2,3,1,1
202300015852,2023-08-10 05:45:00,2023,8,10,5,45,94,94041,Boulevard de Stalingrad,48.8059449,2.37568308,Plein jour,En agglomération,Intersection en T,Normale,Deux véhicules - frontale,3,2,1,0,1,1,1,0,1,50,2,2,1,0,0,1,21.0,59.0,deux_roues,voiture,1,2,3,1,1
202300015853,2023-11-20 08:05:00,2023,11,20,8,5,83,83107,D8,43.361105,6.673363,Plein jour,Hors agglomération,Intersection en T,Normale,Deux véhicules - côté,3,2,2,0,1,1,1,0,1,80,2,2,1,0,1,0,21.0,32.0,deux_roues,voiture,1,1,3,1,3
202300015853,2023-11-20 08:05:00,2023,11,20,8,5,83,83107,D8,43.361105,6.673363,Plein jour,Hors agglomération,Intersection en T,Normale,Deux véhicules - côté,3,2,2,0,1,1,1,0,1,50,2,2,1,0,1,0,21.0,32.0,deux_roues,voiture,1,1,3,1,3
202300015854,2023-07-05 07:30:00,2023,7,5,7,30,75,75113,AVENUE DE LA PORTE D IVRY,48.820258,2.371826,Plein jour,En agglomération,Intersection en T,Normale,Deux véhicules - côté,4,2,3,0,1,1,1,0,1,30,2,3,2,0,0,1,43.0,32.0,utilitaire_camion,deux_roues,1,2,3,1,3
202300015854,2023-07-05 07:30:00,2023,7,5,7,30,75,75113,AVENUE DE LA PORTE D IVRY,48.820258,2.371826,Plein jour,En agglomération,Intersection en T,Normale,Deux véhicules - côté,4,2,4,0,1,1,1,0,1,30,2,3,2,0,0,1,43.0,32.0,utilitaire_camion,deux_roues,1,2,3,1,3
202300015855,2023-11-21 10:10:00,2023,11,21,10,10,42,42285,Route de Montbrison,45.575765,4.117502,Plein jour,Hors agglomération,Intersection en X,Normale,Deux véhicules - côté,3,2,2,0,2,1,2,5,1,70,2,2,1,0,1,0,81.0,69.0,voiture,voiture,1,1,2,1,3
202300015855,2023-11-21 10:10:00,2023,11,21,10,10,42,42285,Route de Montbrison,45.575765,4.117502,Plein jour,Hors agglomération,Intersection en X,Normale,Deux véhicules - côté,3,2,1,0,1,1,2,0,1,80,2,2,1,0,1,0,81.0,69.0,voiture,voiture,1,1,2,1,3
202300015856,2023-08-11 08:00:00,2023,8,11,8,0,94,94078,Rue de Paris,48.7332,2.4468,Plein jour,En agglomération,Hors intersection,Normale,Deux véhicules - arrière,2,2,4,0,1,1,1,0,4,50,2,2,1,0,0,1,27.0,31.0,utilitaire_camion,utilitaire_camion,1,2,1,1,2