accident_id,datetime,annee,mois,jour,heure,minute,departement,commune_insee,adresse,latitude,longitude,luminosite,agglomeration,intersection,meteo,collision,catr,circ,nbv,vosp,prof,plan,surf,infra,situ,vma,nb_vehicules,nb_usagers,nb_indemnes,nb_tues,nb_blesses_hosp,nb_blesses_legers,age_cond_1,age_cond_2,veh_type_cond_1,veh_type_cond_2,lum_code,agg_code,int_code,atm_code,col_code
202300015857,2023-07-06 17:10:00,2023,7,6,17,10,75,75112,COURS DE VINCENNES,48.8468934,2.41139,Plein jour,En agglomération,Intersection en X,Normale,Deux véhicules - arrière,4,2,3,3,1,1,1,0,1,30,2,2,1,0,0,1,22.0,44.0,deux_roues,utilitaire_camion,1,2,2,1,2
202300015857,2023-07-06 17:10:00,2023,7,6,17,10,75,75112,COURS DE VINCENNES,48.8468934,2.41139,Plein jour,En agglomération,Intersection en X,Normale,Deux véhicules - arrière,4,-1, -1,3,1,1,1,0,1,30,2,2,1,0,0,1,22.0,44.0,deux_roues,utilitaire_camion,1,2,2,1,2
202300015858,2023-11-21 04:25:00,2023,11,21,4,25,07,07040,D534,45.03184903,4.70582596,Nuit sans éclairage public,Hors agglomération,Hors intersection,Normale,Autre collision,3,2,2,0,2,3,2,0,8,90,1,3,1,0,1,1,33.0,,voiture,,3,1,1,1,6
202300015859,2023-07-06 02:40:00,2023,7,6,2,40,75,75112,QUAI DE BERCY,48.836702,2.378291,Nuit avec éclairage allumé,En agglomération,Hors intersection,Normale,Deux véhicules - arrière,4,1,3,0,1,1,1,0,1,50,2,2,1,0,1,0,39.0,51.0,deux_roues,voiture,5,2,1,1,2
202300015860,2023-11-21 10:30:00,2023,11,21,10,30,64,64422,Rue Justice,43.19222,-0.607413,Plein jour,En agglomération,Hors intersection,Pluie légère,Autre collision,4,2,1,0,3,2,2,0,4,50,1,2,1,0,1,0,22.0,,voiture,,1,2,1,2,6
202300015861,2023-08-10 21:41:00,2023,8,10,21,41,94,94078,Avenue de Melun,48.724339,2.445046,Nuit sans éclairage public,En agglomération,Hors intersection,Normale,Deux véhicules - côté,2,2,4,0,1,1,1,0,1,50,2,2,0,0,0,2,45.0,35.0,voiture,voiture,3,2,1,1,3
202300015862,2023-07-05 12:23:00,2023,7,5,12,23,75,75108,VOIE GEORGES POMPIDOU,48.864657,2.303798,Plein jour,En agglomération,Intersection en Y,Temps couvert,Deux véhicules - arrière,4,1,4,0,1,1,1,0,1,50,2,2,1,0,0,1,33.0,,deux_roues,voiture,1,2,4,8,2
202300015862,2023-07-05 12:23:00,2023,7,5,12,23,75,75108,VOIE GEORGES POMPIDOU,48.864657,2.303798,Plein jour,En agglomération,Intersection en Y,Temps couvert,Deux véhicules - arrière,4,3,2,0,2,1,1,1,1,50,2,2,1,0,0,1,33.0,,deux_roues,voiture,1,2,4,8,2
202300015863,2023-11-20 15:00:00,2023,11,20,15,0,85,85092,35 Rue du port,46.4637606,-0.80085396,Plein jour,En agglomération,Hors intersection,Normale,Autre collision,4,2,2,0,1,1,1,0,1,50,1,2,1,0,1,0,73.0,,voiture,,1,2,1,1,6
202300015864,2023-07-05 21:00:00,2023,7,5,21,0,75,75107,QUAI D ORSAY,48.862906,2.317676,Plein jour,En agglomération,Hors intersection,Normale,Deux véhicules - côté,4,1,2,1,1,1,1,0,1,30,2,2,1,0,0,1,65.0,54.0,voiture,deux_roues,1,2,1,1,3
202300015865,2023-07-05 13:37:00,2023,7,5,13,37,75,75107,AVENUE DU MARECHAL GALLIENI,48.860966,2.31499,Plein jour,En agglomération,Intersection en X,Normale,Deux véhicules - côté,4,2,4,1,1,1,1,0,1,30,2,2,1,0,0,1,42.0,29.0,voiture,deux_roues,1,2,2,1,3
202300015865,2023-07-05 13:37:00,2023,7,5,13,37,75,75107,AVENUE DU MARECHAL GALLIENI,48.860966,2.31499,Plein jour,En agglomération,Intersection en X,Normale,Deux véhicules - côté,4,2,2,0,1,1,1,0,1,30,2,2,1,0,0,1,42.0,29.0,voiture,deux_roues,1,2,2,1,3
202300015866,2023-11-20 18:45:00,2023,11,20,18,45,22,22339,D2,48.46929,-2.0602,Nuit sans éclairage public,Hors agglomération,Intersection en X,Pluie légère,Deux véhicules - frontale,2,3,2,0,4,2,2,3,1,110,2,4,3,0,1,0,26.0,87.0,voiture,voiture,3,1,2,2,1
202300015866,2023-11-20 18:45:00,2023,11,20,18,45,22,22339,D2,48.46929,-2.0602,Nuit sans éclairage public,Hors agglomération,Intersection en X,Pluie légère,Deux véhicules - frontale,2,2,2,0,1,1,2,0,1,80,2,4,3,0,1,0,26.0,87.0,voiture,voiture,3,1,2,2,1
202300015867,2023-08-11 00:05:00,2023,8,11,0,5,94,94028,DEPARTEMENTALE(VOIE),48.79583,2.44246,Nuit avec éclairage non allumé,En agglomération,Hors intersection,Normale,Deux véhicules - côté,3,1,1,0,1,1,1,3,1,70,2,4,1,0,0,3,35.0,,voiture,voiture,4,2,1,1,3
202300015868,2023-07-06 06:24:00,2023,7,6,6,24,75,75103,PLACE DE LA REPUBLIQUE,48.86651,2.364788,Plein jour,En agglomération,Place,Normale,Deux véhicules - côté,4,2,7,0,1,1,1,0,1,30,2,2,1,0,0,1,33.0,28.0,deux_roues,voiture,1,2,7,1,3
202300015868,2023-07-06 06:24:00,2023,7,6,6,24,75,75103,PLACE DE LA REPUBLIQUE,48.86651,2.364788,Plein jour,En agglomération,Place,Normale,Deux véhicules - côté,4,2,6,1,1,1,1,0,1,30,2,2,1,0,0,1,33.0,28.0,deux_roues,voiture,1,2,7,1,3
202300015869,2023-11-19 19:00:00,2023,11,19,19,0,35,35309,Rue du Stade,48.375958,-1.563975,Nuit sans éclairage public,Hors agglomération,Hors intersection,Pluie légère,Autre collision,3,2,2,0,1,1,2,0,3,80,1,3,2,0,0,1,22.0,,voiture,,3,1,1,2,6
202300015870,2023-07-05 20:00:00,2023,7,5,20,0,75,75103,RUE SAINT MARTIN,48.869007,2.355595,Plein jour,En agglomération,Intersection en T,Normale,Sans collision,4,1,2,1,1,1,1,0,1,30,1,1,0,0,0,1,17.0,,deux_roues,,1,2,3,1,7
202300015870,2023-07-05 20:00:00,2023,7,5,20,0,75,75103,RUE SAINT MARTIN,48.869007,2.355595,Plein jour,En agglomération,Intersection en T,Normale,Sans collision,4,1,3,3,1,1,1,0,1,30,1,1,0,0,0,1,17.0,,deux_roues,,1,2,3,1,7
202300015871,2023-07-04 07:40:00,2023,7,4,7,40,94,94081,Av du President Salvador Allende,48.79,2.41,Crépuscule ou aube,En agglomération,Place,Normale,Autre collision,6,-1,0,0,1,1,1,0,8,-1,1,2,1,0,0,1,37.0,,voiture,,2,2,7,1,6
202300015872,2023-11-20 16:20:00,2023,11,20,16,20,60,60339,D9,49.497155,2.211353,Crépuscule ou aube,En agglomération,Intersection en X,Pluie légère,Deux véhicules - frontale,3,2,2,0,1,1,2,0,1,50,2,2,0,0,0,2,50.0,31.0,voiture,voiture,2,2,2,2,1
202300015872,2023-11-20 16:20:00,2023,11,20,16,20,60,60339,D9,49.497155,2.211353,Crépuscule ou aube,En agglomération,Intersection en X,Pluie légère,Deux véhicules - frontale,3,2, -1,-1,1,1,2,0,1,-1,2,2,0,0,0,2,50.0,31.0,voiture,voiture,2,2,2,2,1
202300015873,2023-11-18 17:10:00,2023,11,18,17,10,62,62281,A16,50.70043842,1.63367595,Crépuscule ou aube,Hors agglomération,Hors intersection,Pluie légère,Autre collision,1,3,1,0,2,3,2,0,1,70,1,2,1,0,1,0,44.0,,voiture,,2,1,1,2,6
202300015874,2023-08-11 18:30:00,2023,8,11,18,30,94,94018,Rue de Paris,48.8247,2.40883,Plein jour,En agglomération,Intersection en X,Pluie légère,Deux véhicules - frontale,3,2,4,0,1,1,2,0,1,30,2,2,1,0,0,1,28.0,23.0,deux_roues,utilitaire_camion,1,2,2,2,1
202300015874,2023-08-11 18:30:00,2023,8,11,18,30,94,94018,Rue de Paris,48.8247,2.40883,Plein jour,En agglomération,Intersection en X,Pluie légère,Deux véhicules - frontale,3,2,4,0,1,1,2,0,1,30,2,2,1,0,0,1,28.0,23.0,deux_roues,utilitaire_camion,1,2,2,2,1
202300015875,2023-07-06 17:00:00,2023,7,6,17,0,94,94078,Rue de Paris,48.735585,2.446849,Plein jour,En agglomération,Intersection en T,Normale,Deux véhicules - côté,2,2,2,0,1,1,1,0,1,50,2,2,0,0,0,2,39.0,36.0,voiture,deux_roues,1,2,3,1,3
202300015875,2023-07-06 17:00:00,2023,7,6,17,0,94,94078,Rue de Paris,48.735585,2.446849,Plein jour,En agglomération,Intersection en T,Normale,Deux véhicules - côté,2,-1, -1,0,1,1,1,0,1,-1,2,2,0,0,0,2,39.0,36.0,voiture,deux_roues,1,2,3,1,3
202300015876,2023-11-20 16:00:00,2023,11,20,16,0,59,59586,57 Rue de l'Hardiniere,50.534128,3.19597,Plein jour,En agglomération,Hors intersection,Temps couvert,Deux véhicules - côté,3,2,2,0,1,1,2,9,1,30,2,2,1,0,0,1,55.0,15.0,voiture,deux_roues,1,2,1,8,3
202300015877,2023-07-05 17:12:00,2023,7,5,17,12,94,94042,Avenue Guy Môquet,48.82283,2.47251,Plein jour,En agglomération,Intersection en X,Normale,Deux véhicules - côté,4,1,1,0,1,1,1,5,1,30,2,2,0,0,0,2,21.0,33.0,utilitaire_camion,utilitaire_camion,1,2,2,1,3
202300015877,2023-07-05 17:12:00,2023,7,5,17,12,94,94042,Avenue Guy Môquet,48.82283,2.47251,Plein jour,En agglomération,Intersection en X,Normale,Deux véhicules - côté,4,2,2,0,1,1,1,5,1,30,2,2,0,0,0,2,21.0,33.0,utilitaire_camion,utilitaire_camion,1,2,2,1,3
202300015878,2023-08-11 19:25:00,2023,8,11,19,25,94,94028,Voie DEPARTEMENTALE,48.77242,2.46231,Crépuscule ou aube,En agglomération,Hors intersection,Pluie légère,Autre collision,3,1,1,0,2,1,2,8,1,70,1,2,1,0,0,1,27.0,,utilitaire_camion,,2,2,1,2,6
202300015879,2023-06-29 08:00:00,2023,6,29,8,0,94,94058,Boulevard d'Alsace-lorraine,48.850771,2.50309,Plein jour,En agglomération,Intersection en T,Normale,Deux véhicules - côté,3,3,5,0,1,1,1,0,1,50,2,2,1,0,0,1,36.0,68.0,deux_roues,voiture,1,2,3,1,3
202300015879,2023-06-29 08:00:00,2023,6,29,8,0,94,94058,Boulevard d'Alsace-lorraine,48.850771,2.50309,Plein jour,En agglomération,Intersection en T,Normale,Deux véhicules - côté,3,1,2,0,1,1,1,0,1,50,2,2,1,0,0,1,36.0,68.0,deux_roues,voiture,1,2,3,1,3
202300015880,2023-08-11 14:50:00,2023,8,11,14,50,93,93055,Avenue Édouard Vaillant,48.90237814,2.3932755,Plein jour,En agglomération,Hors intersection,Normale,Autre collision,3,2,2,1,1,1,1,-1,5,25,1,2,1,0,0,1,40.0,,deux_roues,,1,2,1,1,6
202300015881,2023-11-20 10:00:00,2023,11,20,10,0,13,13106,A7-Sens Marseille vers Lyon,43.39071033,5.35120523,Plein jour,Hors agglomération,Hors intersection,Normale,Deux véhicules - arrière,1,1,3,0,1,1,1,0,1,90,2,2,1,0,0,1,30.0,43.0,voiture,voiture,1,1,1,1,2
202300015882,2023-07-04 16:25:00,2023,7,4,16,25,94,94042,Avenue du Général Galliéni,48.820138,2.475473,Plein jour,En agglomération,Hors intersection,Pluie légère,Deux véhicules - arrière,3,2,4,0,1,1,2,0,1,30,2,2,1,0,0,1,38.0,19.0,utilitaire_camion,voiture,1,2,1,2,2
202300015883,2023-08-11 19:00:00,2023,8,11,19,0,92,92046,DE STALINGRAD,48.81506,2.28292,Plein jour,En agglomération,Hors intersection,Pluie légère,Deux véhicules - côté,3,2,2,0,1,1,2,0,1,50,2,2,0,0,0,2,72.0,46.0,deux_roues,deux_roues,1,2,1,2,3
202300015884,2023-07-06 18:30:00,2023,7,6,18,30,94,94028,Rue Jean Jaurès,48.78796476,2.43575397,Plein jour,En agglomération,Hors intersection,Normale,Deux véhicules - frontale,3,2,4,1,1,1,1,6,5,50,2,2,0,0,0,2,42.0,46.0,deux_roues,deux_roues,1,2,1,1,1
202300015885,2023-08-11 15:25:00,2023,8,11,15,25,35,35046,D248,47.872569,-2.05071,Plein jour,Hors agglomération,Intersection en T,Pluie forte,Deux véhicules - côté,3,2,2,0,1,1,2,0,1,80,2,2,1,0,1,0,26.0,71.0,deux_roues,utilitaire_camion,1,1,3,3,3
202300015885,2023-08-11 15:25:00,2023,8,11,15,25,35,35046,D248,47.872569,-2.05071,Plein jour,Hors agglomération,Intersection en T,Pluie forte,Deux véhicules - côté,3,2,2,-1,1,1,2,0,1,80,2,2,1,0,1,0,26.0,71.0,deux_roues,utilitaire_camion,1,1,3,3,3
202300015886,2023-08-12 17:00:00,2023,8,12,17,0,2B,2B121,"D81b, lieu dit Ferraghiola",42.45584,8.673019,Plein jour,Hors agglomération,Hors intersection,Normale,Sans collision,3,2,2,0,1,2,1,0,1,80,1,1,0,0,0,1,30.0,,deux_roues,,1,1,1,1,7
202300015887,2023-07-05 15:30:00,2023,7,5,15,30,94,94028,HALPERN.(AVENUE BERNARD),48.77944,2.45918,Plein jour,Hors agglomération,Hors intersection,Normale,Trois véhicules et plus - collisions multiples,3,1,4,0,1,1,1,0,1,90,3,3,2,0,0,1,49.0,59.0,voiture,voiture,1,1,1,1,5
202300015888,2023-11-20 18:00:00,2023,11,20,18,0,91,91161,AUTOROUTE A6,48.70224,2.30766,Nuit sans éclairage public,Hors agglomération,Hors intersection,Pluie légère,Deux véhicules - côté,1,1,3,0,1,1,2,0,1,110,2,2,1,0,0,1,23.0,21.0,utilitaire_camion,deux_roues,3,1,1,2,3
202300015889,2023-08-12 13:30:00,2023,8,12,13,30,2A,2A065,Rue Martinetti,42.134123,8.594248,Plein jour,En agglomération,Hors intersection,Normale,Autre collision,4,2,2,0,1,1,1,0,1,50,1,2,1,0,1,0,68.0,,voiture,,1,2,1,1,6
202300015890,2023-07-05 12:30:00,2023,7,5,12,30,94,94017,Rue Benoit Frachon,48.818914,2.522481,Plein jour,En agglomération,Hors intersection,Normale,Deux véhicules - arrière,4,2,2,0,2,1,1,0,1,50,2,2,0,0,0,2,18.0,22.0,deux_roues,voiture,1,2,1,1,2
202300015891,2023-08-12 20:50:00,2023,8,12,20,50,91,91340,D446,48.611225,2.434362,Crépuscule ou aube,Hors agglomération,Hors intersection,Normale,Sans collision,3,3,0,0,1,1,1,0,1,90,1,1,0,0,0,1,21.0,,deux_roues,,2,1,1,1,7
202300015892,2023-11-20 02:14:00,2023,11,20,2,14,94,94034,A86,48.75609704,2.34121956,Nuit avec éclairage allumé,Hors agglomération,Hors intersection,Normale,Deux véhicules - côté,1,-1,4,0,1,3,1,0,1,70,2,2,1,0,0,1,45.0,35.0,utilitaire_camion,voiture,5,1,1,1,3
202300015893,2023-07-05 14:05:00,2023,7,5,14,5,94,94002,Rue de Rome,48.78845,2.42885,Plein jour,En agglomération,Hors intersection,Normale,Deux véhicules - côté,4,2,2,0,1,1,1,0,1,50,2,2,1,0,0,1,34.0,51.0,deux_roues,voiture,1,2,1,1,3
202300015894,2023-08-11 21:33:00,2023,8,11,21,33,95,95487,D78,49.149373,2.279647,Nuit avec éclairage allumé,En agglomération,Hors intersection,Pluie légère,Autre collision,3,2,2,0,1,1,2,9,1,50,1,2,1,0,0,1,38.0,,voiture,,5,2,1,2,6
202300015895,2023-07-06 18:10:00,2023,7,6,18,10,93,93055,Avenue Jean Lolive,48.89386664,2.41659818,Plein jour,En agglomération,Hors intersection,Normale,Autre collision,3,2,2,1,1,1,1,0,1,50,2,2,1,0,0,1,24.0,23.0,deux_roues,voiture,1,2,1,1,6
202300015896,2023-11-20 00:57:00,2023,11,20,0,57,92,92019,RN 385 Extèrieure,48.76754609,2.2442129,Nuit avec éclairage non allumé,Hors agglomération,Hors intersection,Normale,Deux véhicules - côté,2,-1,3,0,1,2,1,0,1,90,2,2,0,0,0,2,39.0,52.0,voiture,voiture,4,1,1,1,3
202300015897,2023-08-11 21:45:00,2023,8,11,21,45,21,21676,pk228.600 autoroute A6 sens PARIS LYON,47.463626,4.248898,Nuit sans éclairage public,Hors agglomération,Hors intersection,Normale,Sans collision,1,3,2,0,1,1,1,0,3,-1,1,5,3,0,2,0,48.0,,voiture,,3,1,1,1,7
202300015898,2023-07-06 05:00:00,2023,7,6,5,0,93,93053,Allée Joséphine,48.89583255,2.46259626,Crépuscule ou aube,En agglomération,Hors intersection,Normale,Autre collision,4,1,1,0,1,1,1,0,1,50,1,1,0,0,0,1,34.0,,voiture,,2,2,1,1,6
202300015899,2023-08-12 14:15:00,2023,8,12,14,15,22,22228,RN12,48.54942,-3.44061,Plein jour,Hors agglomération,Hors intersection,Normale,Autre collision,2,3,4,0,1,1,1,2,3,110,1,4,0,0,1,3,60.0,,voiture,,1,1,1,1,6
202300015900,2023-11-20 20:00:00,2023,11,20,20,0,92,92036,AUTOROUTE A15,48.94355783,2.28738079,Nuit sans éclairage public,Hors agglomération,Hors intersection,Pluie légère,Autre collision,1,1,1,0,2,2,2,0,1,50,1,1,0,0,0,1,32.0,,voiture,,3,1,1,2,6
202300015901,2023-06-28 10:10:00,2023,6,28,10,10,92,92046,GUY MOQUET (RUE),48.81477264,2.29698792,Plein jour,En agglomération,Intersection en X,Normale,Autre collision,3,2,3,0,1,1,1,0,1,50,1,2,1,0,0,1,59.0,,voiture,,1,2,2,1,6
202300015901,2023-06-28 10:10:00,2023,6,28,10,10,92,92046,GUY MOQUET (RUE),48.81477264,2.29698792,Plein jour,En agglomération,Intersection en X,Normale,Autre collision,3,2,3,0,1,1,1,9,1,50,1,2,1,0,0,1,59.0,,voiture,,1,2,2,1,6
202300015902,2023-11-16 20:10:00,2023,11,16,20,10,95,95018,A15,48.95182,2.28002,Nuit sans éclairage public,Hors agglomération,Hors intersection,Pluie légère,Deux véhicules - côté,1,3,4,0,1,1,2,0,1,110,2,2,1,0,0,1,59.0,46.0,voiture,deux_roues,3,1,1,2,3
202300015903,2023-07-29 17:35:00,2023,7,29,17,35,974,97413,N1,-21.187253,55.296968,Plein jour,Hors agglomération,Hors intersection,Normale,Autre collision,2,3,2,0,1,1,1,0,2,110,1,1,0,0,1,0,20.0,,deux_roues,,1,1,1,1,6
202300015904,2023-07-03 21:40:00,2023,7,3,21,40,92,92063,HOPITAL STELL (BOULEVARD DE L'),48.87864396,2.18639749,Crépuscule ou aube,En agglomération,Intersection en T,Normale,Deux véhicules - arrière,4,2,2,0,1,1,1,0,1,50,2,4,1,0,0,3,40.0,30.0,voiture,voiture,2,2,3,1,2
202300015904,2023-07-03 21:40:00,2023,7,3,21,40,92,92063,HOPITAL STELL (BOULEVARD DE L'),48.87864396,2.18639749,Crépuscule ou aube,En agglomération,Intersection en T,Normale,Deux véhicules - arrière,4,2,4,0,1,1,1,0,1,50,2,4,1,0,0,3,40.0,30.0,voiture,voiture,2,2,3,1,2
202300015905,2023-08-12 15:00:00,2023,8,12,15,0,38,38456,route de corps,44.817068,5.866163,Plein jour,Hors agglomération,Hors intersection,Normale,Sans collision,3,2,2,0,2,2,1,0,1,80,1,1,0,1,0,0,27.0,,deux_roues,,1,1,1,1,7
202300015906,2023-11-20 17:55:00,2023,11,20,17,55,94,94022,A86,48.7764277,2.41579932,Nuit sans éclairage public,Hors agglomération,Hors intersection,Pluie légère,Sans collision,1,3,3,0,1,1,2,0,1,90,1,1,0,0,0,1,25.0,,deux_roues,,3,1,1,2,7
202300015907,2023-08-12 18:15:00,2023,8,12,18,15,62,62214,D52,50.65025224,1.70590247,Plein jour,En agglomération,Hors intersection,Normale,Autre collision,3,2,2,0,1,1,1,0,1,80,1,1,0,0,0,1,20.0,,deux_roues,,1,2,1,1,6
202300015908,2023-07-06 09:05:00,2023,7,6,9,5,92,92026,BOULEVARD CIRCULAIRE,48.89204,2.24599,Plein jour,En agglomération,Hors intersection,Normale,Autre collision,3,2,3,1,1,1,1,0,5,25,1,2,1,0,0,1,29.0,,deux_roues,,1,2,1,1,6
202300015909,2023-08-12 11:40:00,2023,8,12,11,40,59,59135,Rue Bollaert le Gavrian,50.80187,2.481861,Plein jour,En agglomération,Intersection en T,Normale,Sans collision,3,2,2,0,1,1,1,0,1,50,1,1,0,0,1,0,23.0,,deux_roues,,1,2,3,1,7
202300015909,2023-08-12 11:40:00,2023,8,12,11,40,59,59135,Rue Bollaert le Gavrian,50.80187,2.481861,Plein jour,En agglomération,Intersection en T,Normale,Sans collision,3,2,2,0,1,1,1,0,1,50,1,1,0,0,1,0,23.0,,deux_roues,,1,2,3,1,7
202300015910,2023-07-06 12:30:00,2023,7,6,12,30,92,92025,CHARLES DE GAULLE (BD),48.91842496,2.22390801,Plein jour,En agglomération,Autre intersection,Normale,Deux véhicules - côté,1,1,3,0,1,3,1,3,1,50,2,2,1,0,0,1,43.0,20.0,utilitaire_camion,voiture,1,2,9,1,3
202300015911,2023-11-20 07:50:00,2023,11,20,7,50,77,77258,A4.W,48.83029831,2.628491,Plein jour,Hors agglomération,Hors intersection,Normale,Trois véhicules et plus - en chaîne,1,1,5,0,1,1,1,0,1,110,3,3,2,0,0,1,46.0,54.0,voiture,utilitaire_camion,1,1,1,1,4
202300015912,2023-08-12 15:00:00,2023,8,12,15,0,76,76302,100 Route du Hameau de Versailles,49.644555,0.37897,Plein jour,En agglomération,Hors intersection,Normale,Deux véhicules - côté,4,2,2,0,1,3,1,0,1,-1,2,2,1,0,1,0,42.0,25.0,voiture,deux_roues,1,2,1,1,3
202300015913,2023-07-05 00:01:00,2023,7,5,0,1,92,92025,GABRIEL PERI (RUE),48.9189314,2.24073386,Nuit avec éclairage allumé,En agglomération,Intersection en T,Pluie légère,Deux véhicules - côté,3,2,2,0,1,1,2,0,1,30,2,3,2,0,0,1,25.0,51.0,deux_roues,voiture,5,2,3,2,3
202300015913,2023-07-05 00:01:00,2023,7,5,0,1,92,92025,GABRIEL PERI (RUE),48.9189314,2.24073386,Nuit avec éclairage allumé,En agglomération,Intersection en T,Pluie légère,Deux véhicules - côté,3,1,1,0,1,1,2,0,1,30,2,3,2,0,0,1,25.0,51.0,deux_roues,voiture,5,2,3,2,3
202300015914,2023-07-06 03:20:00,2023,7,6,3,20,92,92012,REINE (ROUTE DE LA) 82/FIN - 107TER/FIN,48.84047,2.23162,Nuit avec éclairage allumé,En agglomération,Intersection en X,Normale,Deux véhicules - côté,3,3,0,0,1,1,1,0,1,50,2,3,1,0,0,2,27.0,52.0,voiture,voiture,5,2,2,1,3
202300015914,2023-07-06 03:20:00,2023,7,6,3,20,92,92012,REINE (ROUTE DE LA) 82/FIN - 107TER/FIN,48.84047,2.23162,Nuit avec éclairage allumé,En agglomération,Intersection en X,Normale,Deux véhicules - côté,3,2,0,0,1,1,1,0,1,50,2,3,1,0,0,2,27.0,52.0,voiture,voiture,5,2,2,1,3
202300015915,2023-11-18 22:10:00,2023,11,18,22,10,94,94073,A86,48.77011469,2.38223272,Nuit sans éclairage public,Hors agglomération,Hors intersection,Pluie légère,Trois véhicules et plus - en chaîne,1,3,3,0,1,3,2,0,1,90,4,4,3,0,0,1,23.0,53.0,voiture,deux_roues,3,1,1,2,4
202300015916,2023-08-12 08:00:00,2023,8,12,8,0,80,80190,D925,50.085634,1.661596,Plein jour,Hors agglomération,Hors intersection,Normale,Deux véhicules - côté,3,3,2,0,2,1,1,0,1,80,2,3,2,0,1,0,23.0,67.0,voiture,voiture,1,1,1,1,3
202300015917,2023-07-06 16:25:00,2023,7,6,16,25,92,92007,RAVERA (AVENUE HENRI) N° 111 A 217 ET 10,48.80598874,2.31372401,Plein jour,En agglomération,Intersection en X,Normale,Deux véhicules - côté,3,2,#VALEURMULTI,2,1,1,1,0,1,50,2,2,1,0,0,1,16.0,76.0,deux_roues,utilitaire_camion,1,2,2,1,3
202300015918,2023-08-12 12:39:00,2023,8,12,12,39,82,82151,D80,44.304898,0.930625,Plein jour,Hors agglomération,Hors intersection,Normale,Deux véhicules - frontale,3,2,2,0,1,1,1,0,1,80,2,2,1,0,0,1,58.0,48.0,deux_roues,voiture,1,1,1,1,1
202300015919,2023-08-11 19:20:00,2023,8,11,19,20,33,33490,50 Rue du Général de Gaulle,45.432793,-1.044288,Plein jour,En agglomération,Hors intersection,Normale,Autre collision,4,2,2,0,1,1,1,0,1,50,1,1,0,0,1,0,75.0,,voiture,,1,2,1,1,6
202300015920,2023-07-05 10:40:00,2023,7,5,10,40,92,92036,GRESILLONS ( AVENUE DES  ),48.9202,2.31519,Plein jour,En agglomération,Hors intersection,Normale,Deux véhicules - côté,3,2,2,0,1,1,1,0,1,50,2,2,1,0,0,1,32.0,62.0,deux_roues,utilitaire_camion,1,2,1,1,3
202300015921,2023-11-18 10:50:00,2023,11,18,10,50,974,97416,REBECCA (CHEMIN STEPHEN),-21.31407,55.47179,Plein jour,En agglomération,Hors intersection,Normale,Autre collision,4,2,2,0,1,1,1,0,1,30,1,3,0,0,0,3,28.0,,voiture,,1,2,1,1,6
202300015922,2023-08-12 13:20:00,2023,8,12,13,20,63,63091,1 rue de la source,45.422703,3.282938,Plein jour,Hors agglomération,Hors intersection,Normale,Autre collision,3,2,2,0,1,1,1,0,3,90,1,1,0,0,1,0,60.0,,voiture,,1,1,1,1,6
202300015923,2023-06-26 15:21:00,2023,6,26,15,21,91,91235,D296,48.635231,2.357946,Plein jour,Hors agglomération,Hors intersection,Normale,Deux véhicules - côté,3,2,2,0,1,1,1,0,1,70,2,2,1,0,1,0,32.0,25.0,deux_roues,voiture,1,1,1,1,3
202300015924,2023-08-03 18:30:00,2023,8,3,18,30,49,49378,81 Route de Longué,47.339464,-0.069098,Plein jour,Hors agglomération,Hors intersection,Pluie légère,Deux véhicules - arrière,3,2,2,0,1,1,2,0,1,90,2,2,1,0,1,0,86.0,64.0,voiture,utilitaire_camion,1,1,1,2,2
202300015925,2023-08-11 16:00:00,2023,8,11,16,0,46,46311,Chemin de Lasmarie-Haute,44.881954,2.040281,Plein jour,Hors agglomération,Hors intersection,Normale,Sans collision,3,2,2,0,2,3,9,0,3,80,1,1,0,0,1,0,47.0,,deux_roues,,1,1,1,1,7
202300015926,2023-06-29 00:20:00,2023,6,29,0,20,91,91086,Rue du Canal,48.620683,2.374495,Nuit avec éclairage allumé,En agglomération,Hors intersection,Normale,Deux véhicules - frontale,4,2,2,0,1,1,1,0,1,50,2,2,0,0,0,2,29.0,44.0,voiture,voiture,5,2,1,1,1
202300015927,2023-11-19 14:15:00,2023,11,19,14,15,973,97302,CABASSOU (CITE),4.92059356,-52.31608741,Plein jour,En agglomération,Hors intersection,Normale,Deux véhicules - côté,4,2,2,0,1,1,1,0,1,50,2,2,1,0,0,1,63.0,12.0,voiture,deux_roues,1,2,1,1,3
202300015928,2023-07-03 22:30:00,2023,7,3,22,30,17,17278,Intersection de la D142 et de la rue du bois des cordes,45.714046,-0.808804,Nuit sans éclairage public,Hors agglomération,Intersection en Y,Normale,Deux véhicules - côté,3,2,2,0,1,2,1,0,1,80,2,2,1,0,1,0,,25.0,voiture,deux_roues,3,1,4,1,3
202300015928,2023-07-03 22:30:00,2023,7,3,22,30,17,17278,Intersection de la D142 et de la rue du bois des cordes,45.714046,-0.808804,Nuit sans éclairage public,Hors agglomération,Intersection en Y,Normale,Deux véhicules - côté,3,2,2,-1,1,1,1,5,1,50,2,2,1,0,1,0,,25.0,voiture,deux_roues,3,1,4,1,3
202300015929,2023-08-10 16:00:00,2023,8,10,16,0,86,86286,D347,46.840646,0.160326,Plein jour,Hors agglomération,Intersection en X,Normale,Deux véhicules - côté,3,2,2,0,1,1,1,0,1,90,2,3,1,0,1,1,60.0,85.0,utilitaire_camion,voiture,1,1,2,1,3