accident_id,datetime,annee,mois,jour,heure,minute,departement,commune_insee,adresse,latitude,longitude,luminosite,agglomeration,intersection,meteo,collision,catr,circ,nbv,vosp,prof,plan,surf,infra,situ,vma,nb_vehicules,nb_usagers,nb_indemnes,nb_tues,nb_blesses_hosp,nb_blesses_legers,age_cond_1,age_cond_2,veh_type_cond_1,veh_type_cond_2,lum_code,agg_code,int_code,atm_code,col_code
202300016143,2023-11-19 13:25:00,2023,11,19,13,25,75,75112,RUE DE RAMBOUILLET,48.844829,2.382951,Plein jour,En agglomération,Intersection en X,Normale,Deux véhicules - frontale,4,1,1,0,1,1,1,0,1,30,2,2,1,0,0,1,36.0,46.0,deux_roues,deux_roues,1,2,2,1,1
202300016143,2023-11-19 13:25:00,2023,11,19,13,25,75,75112,RUE DE RAMBOUILLET,48.844829,2.382951,Plein jour,En agglomération,Intersection en X,Normale,Deux véhicules - frontale,4,2,2,0,1,1,1,0,1,30,2,2,1,0,0,1,36.0,46.0,deux_roues,deux_roues,1,2,2,1,1
202300016144,2023-08-09 16:55:00,2023,8,9,16,55,87,87048,RD 11,45.79549,1.2632,Plein jour,Hors agglomération,Intersection en T,Normale,Trois véhicules et plus - collisions multiples,4,2,2,0,1,1,1,0,1,80,3,5,2,0,0,3,21.0,36.0,voiture,voiture,1,1,3,1,5
202300016144,2023-08-09 16:55:00,2023,8,9,16,55,87,87048,RD 11,45.79549,1.2632,Plein jour,Hors agglomération,Intersection en T,Normale,Trois véhicules et plus - collisions multiples,4,2,2,0,1,1,1,0,1,80,3,5,2,0,0,3,21.0,36.0,voiture,voiture,1,1,3,1,5
202300016145,2023-05-31 23:10:00,2023,5,31,23,10,75,75118,BOULEVARD BARBES,48.888347,2.349589,Nuit avec éclairage allumé,En agglomération,Intersection en T,Normale,Deux véhicules - côté,4,1,2,3,1,1,1,0,5,30,2,2,1,0,0,1,52.0,36.0,voiture,deux_roues,5,2,3,1,3
202300016145,2023-05-31 23:10:00,2023,5,31,23,10,75,75118,BOULEVARD BARBES,48.888347,2.349589,Nuit avec éclairage allumé,En agglomération,Intersection en T,Normale,Deux véhicules - côté,4,1,1,0,1,1,1,1,5,30,2,2,1,0,0,1,52.0,36.0,voiture,deux_roues,5,2,3,1,3
202300016146,2023-07-06 07:25:00,2023,7,6,7,25,89,89337,,47.739504,3.657836,Plein jour,Hors agglomération,Hors intersection,Normale,Deux véhicules - frontale,3,2,2,0,1,1,1,0,3,-1,2,2,1,0,0,1,19.0,49.0,voiture,voiture,1,1,1,1,1
202300016147,2023-11-19 06:20:00,2023,11,19,6,20,94,94046,Avenue de la République,48.80079,2.43116,Nuit avec éclairage allumé,En agglomération,Hors intersection,Pluie légère,Autre collision,3,2,2,0,1,2,2,0,4,50,1,1,0,0,0,1,29.0,,voiture,,5,2,1,2,6
202300016148,2023-08-09 23:23:00,2023,8,9,23,23,87,87085,DEPREZ (RUE MARCEL),45.80258,1.28002,Nuit avec éclairage allumé,En agglomération,Hors intersection,Normale,Sans collision,4,2,2,0,1,1,1,0,1,50,1,1,0,0,0,1,17.0,,deux_roues,,5,2,1,1,7
202300016149,2023-06-01 08:30:00,2023,6,1,8,30,75,75116,ROUTE DE LA MUETTE A NEUILLY,48.87253,2.264428,Plein jour,En agglomération,Intersection en X,Normale,Deux véhicules - côté,4,-1, -1,0,1,1,1,0,1,50,2,2,1,0,0,1,33.0,52.0,deux_roues,voiture,1,2,2,1,3
202300016149,2023-06-01 08:30:00,2023,6,1,8,30,75,75116,ROUTE DE LA MUETTE A NEUILLY,48.87253,2.264428,Plein jour,En agglomération,Intersection en X,Normale,Deux véhicules - côté,4,2,4,0,1,1,1,0,6,50,2,2,1,0,0,1,33.0,52.0,deux_roues,voiture,1,2,2,1,3
202300016150,2023-07-07 09:00:00,2023,7,7,9,0,54,54343,D907,48.8498805,5.80421984,Plein jour,Hors agglomération,Intersection en X,Temps éblouissant,Deux véhicules - côté,3,2,2,0,1,1,1,0,1,80,2,3,1,0,2,0,29.0,44.0,voiture,voiture,1,1,2,7,3
202300016150,2023-07-07 09:00:00,2023,7,7,9,0,54,54343,D907,48.8498805,5.80421984,Plein jour,Hors agglomération,Intersection en X,Temps éblouissant,Deux véhicules - côté,3,2, -1,-1,1,1,1,0,1,80,2,3,1,0,2,0,29.0,44.0,voiture,voiture,1,1,2,7,3
202300016151,2023-11-19 19:15:00,2023,11,19,19,15,94,94022,Avenue Léon Gourdault,48.763536,2.406256,Nuit avec éclairage allumé,En agglomération,Autre intersection,Normale,Deux véhicules - côté,3,1,3,0,1,1,1,0,1,50,2,4,3,0,0,1,13.0,35.0,deux_roues,voiture,5,2,9,1,3
202300016152,2023-08-09 14:38:00,2023,8,9,14,38,87,87085,VALOINE (ROND-POINT DE LA),45.80395,1.29174,Plein jour,En agglomération,Giratoire,Normale,Deux véhicules - arrière,4,2,2,0,1,1,1,5,1,50,2,3,2,0,0,1,56.0,58.0,voiture,deux_roues,1,2,6,1,2
202300016152,2023-08-09 14:38:00,2023,8,9,14,38,87,87085,VALOINE (ROND-POINT DE LA),45.80395,1.29174,Plein jour,En agglomération,Giratoire,Normale,Deux véhicules - arrière,4,1,2,0,1,2,1,5,1,50,2,3,2,0,0,1,56.0,58.0,voiture,deux_roues,1,2,6,1,2
202300016153,2023-07-07 15:30:00,2023,7,7,15,30,03,03139,D182 PK9+800,45.999257,3.828156,Plein jour,Hors agglomération,Hors intersection,Normale,Sans collision,3,2,2,0,2,3,9,0,1,90,1,1,0,0,0,1,23.0,,deux_roues,,1,1,1,1,7
202300016154,2023-06-01 17:45:00,2023,6,1,17,45,75,75115,RUE DE LOURMEL,48.843778,2.286348,Plein jour,En agglomération,Intersection en X,Normale,Deux véhicules - côté,4,1,1,1,1,1,1,0,1,30,2,3,2,0,0,1,46.0,19.0,deux_roues,voiture,1,2,2,1,3
202300016154,2023-06-01 17:45:00,2023,6,1,17,45,75,75115,RUE DE LOURMEL,48.843778,2.286348,Plein jour,En agglomération,Intersection en X,Normale,Deux véhicules - côté,4,-1,1,1,1,1,1,0,1,30,2,3,2,0,0,1,46.0,19.0,deux_roues,voiture,1,2,2,1,3
202300016155,2023-08-09 07:55:00,2023,8,9,7,55,86,86158,Rue des Entreprises,46.611665,0.313861,Plein jour,En agglomération,Hors intersection,Normale,Deux véhicules - arrière,4,-1,2,0,1,1,1,0,1,50,2,2,1,0,0,1,26.0,19.0,deux_roues,utilitaire_camion,1,2,1,1,2
202300016156,2023-07-07 17:00:00,2023,7,7,17,0,63,63226,D1,45.75866429,3.2340877,Plein jour,Hors agglomération,Hors intersection,Normale,Deux véhicules - frontale,3,2,2,0,1,2,1,0,1,65,3,3,1,0,2,0,58.0,,voiture,voiture,1,1,1,1,1
202300016157,2023-05-31 17:40:00,2023,5,31,17,40,75,75114,RUE DE RIDDER,48.832084,2.310475,Plein jour,En agglomération,Intersection en T,Normale,Autre collision,4,1, -1,0,1,1,1,0,1,30,1,2,1,0,0,1,68.0,,voiture,,1,2,3,1,6
202300016157,2023-05-31 17:40:00,2023,5,31,17,40,75,75114,RUE DE RIDDER,48.832084,2.310475,Plein jour,En agglomération,Intersection en T,Normale,Autre collision,4,1,1,0,1,1,1,0,1,30,1,2,1,0,0,1,68.0,,voiture,,1,2,3,1,6
202300016158,2023-08-10 08:30:00,2023,8,10,8,30,78,78498,QUARANTE SOUS ROUTE DE,48.91718,2.0126,Plein jour,Hors agglomération,Hors intersection,Normale,Deux véhicules - côté,3,1,3,0,1,2,1,0,1,70,2,2,1,0,0,1,64.0,23.0,voiture,deux_roues,1,1,1,1,3
202300016159,2023-11-18 20:20:00,2023,11,18,20,20,94,94079,Boulevard de Friedberg,48.83491,2.54726,Nuit avec éclairage allumé,En agglomération,Intersection en X,Pluie légère,Deux véhicules - côté,3,2,2,0,1,1,2,0,1,50,2,6,5,0,0,1,23.0,50.0,voiture,voiture,5,2,2,2,3
202300016159,2023-11-18 20:20:00,2023,11,18,20,20,94,94079,Boulevard de Friedberg,48.83491,2.54726,Nuit avec éclairage allumé,En agglomération,Intersection en X,Pluie légère,Deux véhicules - côté,3,2,2,0,1,1,2,0,1,50,2,6,5,0,0,1,23.0,50.0,voiture,voiture,5,2,2,2,3
202300016160,2023-07-07 16:20:00,2023,7,7,16,20,73,73290,D1006,45.21502703,6.95503601,Plein jour,Hors agglomération,Hors intersection,Normale,Sans collision,3,2,2,0,2,2,1,0,1,80,1,1,0,0,1,0,67.0,,deux_roues,,1,1,1,1,7
202300016161,2023-05-31 14:00:00,2023,5,31,14,0,75,75114,BOULEVARD RASPAIL,48.841471,2.329755,Plein jour,En agglomération,Intersection en T,Normale,Autre collision,4,2,4,3,1,1,1,0,1,30,1,2,1,0,0,1,21.0,,voiture,,1,2,3,1,6
202300016161,2023-05-31 14:00:00,2023,5,31,14,0,75,75114,BOULEVARD RASPAIL,48.841471,2.329755,Plein jour,En agglomération,Intersection en T,Normale,Autre collision,4,1, -1,0,1,1,1,0,1,30,1,2,1,0,0,1,21.0,,voiture,,1,2,3,1,6
202300016162,2023-07-06 19:25:00,2023,7,6,19,25,09,09241,D23,42.848037,1.542657,Plein jour,Hors agglomération,Hors intersection,Normale,Sans collision,3,2,2,0,2,1,1,0,1,80,1,1,0,0,1,0,21.0,,deux_roues,,1,1,1,1,7
202300016163,2023-08-10 06:00:00,2023,8,10,6,0,76,76486,D132,49.31499087,0.98608625,Nuit sans éclairage public,Hors agglomération,Hors intersection,Normale,Autre collision,7,2,2,0,2,4,1,0,3,70,1,1,0,0,0,1,55.0,,utilitaire_camion,,3,1,1,1,6
202300016164,2023-11-19 17:35:00,2023,11,19,17,35,94,94018,Rue de Paris,48.82799,2.40351,Nuit avec éclairage allumé,En agglomération,Hors intersection,Normale,Deux véhicules - arrière,3,2,2,2,1,1,1,0,5,50,2,2,1,0,0,1,10.0,44.0,deux_roues,voiture,5,2,1,1,2
202300016165,2023-06-01 20:25:00,2023,6,1,20,25,75,75113,QUAI D AUSTERLITZ,48.840153,2.370349,Plein jour,En agglomération,Hors intersection,Normale,Autre collision,4,2,5,1,1,1,1,0,5,30,1,2,1,0,0,1,19.0,,deux_roues,,1,2,1,1,6
202300016166,2023-06-12 12:45:00,2023,6,12,12,45,17,17119,Route de Saujon,45.634278,-0.876133,Plein jour,Hors agglomération,Intersection en X,Normale,Sans collision,3,2,2,0,1,1,1,0,3,80,1,1,0,0,1,0,53.0,,deux_roues,,1,1,2,1,7
202300016166,2023-06-12 12:45:00,2023,6,12,12,45,17,17119,Route de Saujon,45.634278,-0.876133,Plein jour,Hors agglomération,Intersection en X,Normale,Sans collision,3,2,2,-1,1,1,1,5,3,80,1,1,0,0,1,0,53.0,,deux_roues,,1,1,2,1,7
202300016167,2023-11-19 10:00:00,2023,11,19,10,0,93,93071,Avenue Alfred Nobel,48.933086,2.511732,Plein jour,En agglomération,Autre intersection,Temps éblouissant,Autre collision,4,2,2,0,2,1,2,5,1,50,1,3,1,0,0,2,53.0,,voiture,,1,2,9,7,6
202300016168,2023-06-01 19:40:00,2023,6,1,19,40,75,75112,PONT D AUSTERLITZ,48.84539841,2.36680269,Plein jour,En agglomération,Hors intersection,Normale,Deux véhicules - côté,4,2,2,0,1,3,1,0,1,30,2,2,1,0,0,1,38.0,31.0,deux_roues,voiture,1,2,1,1,3
202300016169,2023-07-06 19:45:00,2023,7,6,19,45,85,85208,RD6,46.812255,-1.366121,Plein jour,Hors agglomération,Hors intersection,Normale,Deux véhicules - côté,3,2,2,0,2,1,1,0,1,80,2,2,1,0,1,0,18.0,41.0,deux_roues,utilitaire_camion,1,1,1,1,3
202300016170,2023-06-01 18:30:00,2023,6,1,18,30,75,75112,AVENUE LEDRU ROLLIN,48.84733,2.370261,Plein jour,En agglomération,Hors intersection,Normale,Deux véhicules - arrière,4,1,4,1,1,1,1,0,5,30,2,2,0,0,0,2,63.0,31.0,deux_roues,deux_roues,1,2,1,1,2
202300016171,2023-11-19 17:42:00,2023,11,19,17,42,93,93066,Route de la Courneuve,48.93267472,2.3748881,Nuit avec éclairage allumé,En agglomération,Hors intersection,Pluie légère,Deux véhicules - arrière,3,3,4,0,1,1,2,2,1,50,2,5,1,0,0,4,22.0,43.0,voiture,voiture,5,2,1,2,2
202300016172,2023-08-09 17:54:00,2023,8,9,17,54,76,76351,RENE COTY,49.49644167,0.11013454,Plein jour,En agglomération,Intersection à plus de 4 branches,Normale,Sans collision,4,1,2,0,1,1,1,0,8,50,1,1,0,0,0,1,58.0,,deux_roues,,1,2,5,1,7
202300016172,2023-08-09 17:54:00,2023,8,9,17,54,76,76351,RENE COTY,49.49644167,0.11013454,Plein jour,En agglomération,Intersection à plus de 4 branches,Normale,Sans collision,4,2,2,0,1,1,1,0,8,50,1,1,0,0,0,1,58.0,,deux_roues,,1,2,5,1,7
202300016172,2023-08-09 17:54:00,2023,8,9,17,54,76,76351,RENE COTY,49.49644167,0.11013454,Plein jour,En agglomération,Intersection à plus de 4 branches,Normale,Sans collision,4,1,2,0,1,1,1,0,1,50,1,1,0,0,0,1,58.0,,deux_roues,,1,2,5,1,7
202300016172,2023-08-09 17:54:00,2023,8,9,17,54,76,76351,RENE COTY,49.49644167,0.11013454,Plein jour,En agglomération,Intersection à plus de 4 branches,Normale,Sans collision,4,-1,4,0,1,1,1,0,8,50,1,1,0,0,0,1,58.0,,deux_roues,,1,2,5,1,7
202300016173,2023-06-01 09:10:00,2023,6,1,9,10,75,75110,PLACE FRANZ LISZT,48.877631,2.351555,Plein jour,En agglomération,Intersection en T,Normale,Autre collision,4,1,1,0,1,1,1,0,1,30,1,1,0,0,0,1,32.0,,utilitaire_camion,,1,2,3,1,6
202300016173,2023-06-01 09:10:00,2023,6,1,9,10,75,75110,PLACE FRANZ LISZT,48.877631,2.351555,Plein jour,En agglomération,Intersection en T,Normale,Autre collision,4,1,1,0,1,1,1,0,1,30,1,1,0,0,0,1,32.0,,utilitaire_camion,,1,2,3,1,6
202300016174,2023-07-01 14:45:00,2023,7,1,14,45,22,22067,Rue de Callac,48.550089,-3.170967,Plein jour,En agglomération,Intersection en T,Normale,Trois véhicules et plus - collisions multiples,3,2,2,0,1,1,1,0,1,50,3,7,5,0,0,2,53.0,25.0,voiture,voiture,1,2,3,1,5
202300016174,2023-07-01 14:45:00,2023,7,1,14,45,22,22067,Rue de Callac,48.550089,-3.170967,Plein jour,En agglomération,Intersection en T,Normale,Trois véhicules et plus - collisions multiples,3,2,2,0,1,1,1,0,1,50,3,7,5,0,0,2,53.0,25.0,voiture,voiture,1,2,3,1,5
202300016175,2023-11-19 05:45:00,2023,11,19,5,45,93,93066,Avenue du Stade de France / Rue des Bretons,48.92101,2.36158,Nuit avec éclairage allumé,En agglomération,Intersection en X,Normale,Deux véhicules - côté,4,3,2,0,1,1,1,5,1,50,2,3,2,0,0,1,60.0,20.0,utilitaire_camion,voiture,5,2,2,1,3
202300016175,2023-11-19 05:45:00,2023,11,19,5,45,93,93066,Avenue du Stade de France / Rue des Bretons,48.92101,2.36158,Nuit avec éclairage allumé,En agglomération,Intersection en X,Normale,Deux véhicules - côté,4,2,4,0,1,1,1,5,1,50,2,3,2,0,0,1,60.0,20.0,utilitaire_camion,voiture,5,2,2,1,3
202300016176,2023-05-31 18:00:00,2023,5,31,18,0,75,75109,RUE CHARRAS,48.874214,2.329769,Plein jour,En agglomération,Intersection en T,Normale,Autre collision,4,1, -1,1,1,1,1,0,1,30,1,2,1,0,0,1,32.0,,voiture,,1,2,3,1,6
202300016176,2023-05-31 18:00:00,2023,5,31,18,0,75,75109,RUE CHARRAS,48.874214,2.329769,Plein jour,En agglomération,Intersection en T,Normale,Autre collision,4,1,1,0,1,1,1,0,1,30,1,2,1,0,0,1,32.0,,voiture,,1,2,3,1,6
202300016177,2023-07-07 05:15:00,2023,7,7,5,15,80,80204,"AUTOROUTE A1, PK 135+000",50.009835,2.866389,Crépuscule ou aube,Hors agglomération,Hors intersection,Normale,Deux véhicules - frontale,1,-1,3,0,1,1,1,0,1,130,2,3,1,0,0,2,31.0,39.0,utilitaire_camion,voiture,2,1,1,1,1
202300016178,2023-08-08 12:00:00,2023,8,8,12,0,76,76351,GUSTAVE NICOLLE,49.49167,0.14635,Plein jour,En agglomération,Intersection en T,Normale,Deux véhicules - côté,4,2,4,2,1,1,1,0,5,50,2,4,3,1,0,0,47.0,44.0,deux_roues,utilitaire_camion,1,2,3,1,3
202300016178,2023-08-08 12:00:00,2023,8,8,12,0,76,76351,GUSTAVE NICOLLE,49.49167,0.14635,Plein jour,En agglomération,Intersection en T,Normale,Deux véhicules - côté,4,2,1,0,1,1,1,0,8,30,2,4,3,1,0,0,47.0,44.0,deux_roues,utilitaire_camion,1,2,3,1,3
202300016179,2023-08-09 12:50:00,2023,8,9,12,50,72,72181,ROUMANIE (RUE DE),47.99666,0.23461,Plein jour,En agglomération,Autre intersection,Normale,Autre collision,4,-1,0,0,1,1,1,0,4,50,1,1,0,0,0,1,48.0,,deux_roues,,1,2,9,1,6
202300016180,2023-11-19 00:40:00,2023,11,19,0,40,93,93055,Avenue Jean Lolive / Rue Auger,48.890842,2.400882,Nuit avec éclairage allumé,En agglomération,Intersection en T,Pluie légère,Deux véhicules - arrière,3,1,1,0,1,1,2,0,1,50,2,3,2,0,0,1,37.0,42.0,voiture,deux_roues,5,2,3,2,2
202300016180,2023-11-19 00:40:00,2023,11,19,0,40,93,93055,Avenue Jean Lolive / Rue Auger,48.890842,2.400882,Nuit avec éclairage allumé,En agglomération,Intersection en T,Pluie légère,Deux véhicules - arrière,3,2,2,0,1,1,2,0,1,50,2,3,2,0,0,1,37.0,42.0,voiture,deux_roues,5,2,3,2,2
202300016181,2023-07-06 18:50:00,2023,7,6,18,50,13,13117,A7-Sens Marseille vers Lyon,43.44991,5.23968,Plein jour,Hors agglomération,Hors intersection,Normale,Deux véhicules - arrière,1,1,2,0,1,1,1,0,1,110,2,3,1,0,0,2,22.0,25.0,voiture,voiture,1,1,1,1,2
202300016182,2023-05-31 20:40:00,2023,5,31,20,40,75,75102,RUE D ABOUKIR,48.868583,2.349719,Crépuscule ou aube,En agglomération,Intersection en T,Normale,Deux véhicules - côté,4,1,2,1,1,1,1,0,1,30,2,3,2,0,0,1,29.0,48.0,deux_roues,utilitaire_camion,2,2,3,1,3
202300016182,2023-05-31 20:40:00,2023,5,31,20,40,75,75102,RUE D ABOUKIR,48.868583,2.349719,Crépuscule ou aube,En agglomération,Intersection en T,Normale,Deux véhicules - côté,4,1,1,0,2,1,1,0,1,30,2,3,2,0,0,1,29.0,48.0,deux_roues,utilitaire_camion,2,2,3,1,3
202300016183,2023-08-10 20:15:00,2023,8,10,20,15,67,67482,FREDERIC RIFF (RUE),48.60882,7.7824,Plein jour,En agglomération,Hors intersection,Normale,Sans collision,4,2,2,0,1,1,1,0,1,30,1,1,0,0,0,1,53.0,,deux_roues,,1,2,1,1,7
202300016184,2023-07-05 19:40:00,2023,7,5,19,40,13,13071,A7-Sens Marseille vers Lyon,43.40491,5.31886,Plein jour,Hors agglomération,Hors intersection,Normale,Deux véhicules - arrière,1,1,3,0,1,1,1,0,1,110,2,2,1,0,0,1,22.0,27.0,voiture,voiture,1,1,1,1,2
202300016185,2023-11-19 12:30:00,2023,11,19,12,30,93,93032,Avenue Paul Vaillant Couturier / Avenue Massenet,48.87239012,2.55379787,Plein jour,En agglomération,Intersection en T,Normale,Autre collision,3,1,1,-1,1,1,1,0,1,-1,1,1,0,0,0,1,82.0,,voiture,,1,2,3,1,6
202300016185,2023-11-19 12:30:00,2023,11,19,12,30,93,93032,Avenue Paul Vaillant Couturier / Avenue Massenet,48.87239012,2.55379787,Plein jour,En agglomération,Intersection en T,Normale,Autre collision,3,2,2,0,1,1,1,0,1,50,1,1,0,0,0,1,82.0,,voiture,,1,2,3,1,6
202300016186,2023-05-31 20:05:00,2023,5,31,20,5,75,75104,RUE SAINT ANTOINE,48.853955,2.364765,Plein jour,En agglomération,Intersection en T,Normale,Deux véhicules - côté,4,1,1,0,1,1,1,0,5,30,2,2,1,0,0,1,44.0,68.0,deux_roues,deux_roues,1,2,3,1,3
202300016186,2023-05-31 20:05:00,2023,5,31,20,5,75,75104,RUE SAINT ANTOINE,48.853955,2.364765,Plein jour,En agglomération,Intersection en T,Normale,Deux véhicules - côté,4,1,1,1,1,1,1,0,5,30,2,2,1,0,0,1,44.0,68.0,deux_roues,deux_roues,1,2,3,1,3
202300016187,2023-07-05 18:45:00,2023,7,5,18,45,13,13071,A7-Sens Lyon vers Marseille,43.40557,5.32134,Plein jour,Hors agglomération,Hors intersection,Normale,Deux véhicules - arrière,1,1,3,0,2,1,1,0,1,110,2,2,1,0,1,0,30.0,30.0,voiture,voiture,1,1,1,1,2
202300016188,2023-08-10 16:00:00,2023,8,10,16,0,67,67267,MARECHAL FOCH (RUE DU),48.55747,7.68294,Plein jour,En agglomération,Hors intersection,Normale,Trois véhicules et plus - collisions multiples,7,2,2,0,1,1,1,0,1,50,3,4,2,0,0,2,24.0,54.0,voiture,voiture,1,2,1,1,5
202300016189,2023-05-31 16:25:00,2023,5,31,16,25,75,75101,RUE DU LOUVRE,48.863892,2.342379,Plein jour,En agglomération,Intersection en X,Normale,Autre collision,4,-1,1,0,1,1,1,0,1,30,1,2,1,0,0,1,,,deux_roues,,1,2,2,1,6
202300016189,2023-05-31 16:25:00,2023,5,31,16,25,75,75101,RUE DU LOUVRE,48.863892,2.342379,Plein jour,En agglomération,Intersection en X,Normale,Autre collision,4,2,3,0,1,1,1,0,1,30,1,2,1,0,0,1,,,deux_roues,,1,2,2,1,6
202300016190,2023-07-04 01:25:00,2023,7,4,1,25,67,67482,M35,48.58693,7.72743,Nuit sans éclairage public,Hors agglomération,Autre intersection,Normale,Autre collision,7,3,4,0,1,1,1,0,8,70,1,1,0,0,0,1,20.0,,voiture,,3,1,9,1,6
202300016191,2023-08-10 16:24:00,2023,8,10,16,24,67,67482,LA ROCHELLE (RUE DE),48.5104,7.77237,Plein jour,Hors agglomération,Hors intersection,Normale,Deux véhicules - arrière,7,2,2,0,1,1,1,0,1,80,2,2,1,0,0,1,23.0,23.0,utilitaire_camion,deux_roues,1,1,1,1,2
202300016192,2023-06-01 20:13:00,2023,6,1,20,13,94,94074,6 Rue du Colonel Fabien,48.74804314,2.4662298,Plein jour,En agglomération,Hors intersection,Pluie légère,Autre collision,4,2,2,0,1,1,2,0,1,50,1,2,1,0,0,1,76.0,,voiture,,1,2,1,2,6
202300016193,2023-07-06 18:07:00,2023,7,6,18,7,33,33063,ROCADE A 630,44.88691113,-0.56942225,Plein jour,Hors agglomération,Hors intersection,Normale,Deux véhicules - arrière,1,3,6,0,2,1,1,2,1,70,2,3,2,0,0,1,29.0,28.0,voiture,deux_roues,1,1,1,1,2
202300016194,2023-08-09 17:40:00,2023,8,9,17,40,67,67482,REUSS (ALLEE),48.54487,7.76916,Plein jour,En agglomération,Hors intersection,Normale,Deux véhicules - côté,4,3,2,0,1,1,1,0,1,50,2,3,2,0,0,1,10.0,33.0,deux_roues,voiture,1,2,1,1,3
202300016195,2023-06-01 16:45:00,2023,6,1,16,45,94,94058,Avenue Lamartine,48.85099548,2.49728204,Plein jour,En agglomération,Hors intersection,Normale,,4,1,1,0,1,1,1,0,1,30,2,2,1,0,0,1,28.0,38.0,utilitaire_camion,deux_roues,1,2,1,1,-1
202300016196,2023-11-19 20:42:00,2023,11,19,20,42,92,92046,RAYMOND DAVID,48.81723929,2.29470205,Nuit avec éclairage allumé,En agglomération,Intersection en X,Autre,Deux véhicules - côté,3,2,4,1,1,1,2,0,1,50,2,2,1,0,0,1,49.0,26.0,deux_roues,deux_roues,5,2,2,9,3
202300016196,2023-11-19 20:42:00,2023,11,19,20,42,92,92046,RAYMOND DAVID,48.81723929,2.29470205,Nuit avec éclairage allumé,En agglomération,Intersection en X,Autre,Deux véhicules - côté,3,2,4,1,1,1,2,0,1,50,2,2,1,0,0,1,49.0,26.0,deux_roues,deux_roues,5,2,2,9,3
202300016197,2023-07-06 18:33:00,2023,7,6,18,33,94,94034,A86,48.7581323,2.32682889,Plein jour,Hors agglomération,Hors intersection,Normale,Trois véhicules et plus - en chaîne,1,3,2,0,1,1,1,0,1,90,4,4,2,0,0,2,24.0,53.0,voiture,voiture,1,1,1,1,4
202300016198,2023-08-10 11:30:00,2023,8,10,11,30,64,64483,LARRAMENDY PIERRE (AVENUE),43.383,-1.659,Plein jour,En agglomération,Intersection en X,Normale,Deux véhicules - côté,4,-1,2,0,1,1,1,0,1,50,2,2,1,0,0,1,17.0,38.0,deux_roues,voiture,1,2,2,1,3
202300016198,2023-08-10 11:30:00,2023,8,10,11,30,64,64483,LARRAMENDY PIERRE (AVENUE),43.383,-1.659,Plein jour,En agglomération,Intersection en X,Normale,Deux véhicules - côté,4,2, -1,-1,1,1,1,0,1,-1,2,2,1,0,0,1,17.0,38.0,deux_roues,voiture,1,2,2,1,3
202300016199,2023-07-06 18:40:00,2023,7,6,18,40,91,91174,RN 104,48.62384,2.46862,Plein jour,Hors agglomération,Hors intersection,Normale,Deux véhicules - côté,2,3,3,0,1,1,1,0,1,110,2,2,1,0,0,1,32.0,18.0,voiture,deux_roues,1,1,1,1,3
202300016200,2023-05-31 15:50:00,2023,5,31,15,50,94,94011,Route de Stains / Route de l’Ile Barbiere,48.78244318,2.49508899,Plein jour,En agglomération,Intersection en X,Normale,Deux véhicules - côté,3,2,2,0,1,1,1,0,1,50,2,2,1,0,0,1,41.0,,deux_roues,utilitaire_camion,1,2,2,1,3
202300016200,2023-05-31 15:50:00,2023,5,31,15,50,94,94011,Route de Stains / Route de l’Ile Barbiere,48.78244318,2.49508899,Plein jour,En agglomération,Intersection en X,Normale,Deux véhicules - côté,3,2,4,0,1,1,1,0,1,-1,2,2,1,0,0,1,41.0,,deux_roues,utilitaire_camion,1,2,2,1,3
202300016201,2023-11-19 15:20:00,2023,11,19,15,20,92,92051,DUC D'ORLEANS (PLACE DU),48.88975386,2.27633339,Plein jour,En agglomération,Hors intersection,Normale,Deux véhicules - côté,4,2,2,0,1,1,1,0,1,50,2,3,2,0,0,1,25.0,58.0,deux_roues,utilitaire_camion,1,2,1,1,3
202300016202,2023-08-10 18:55:00,2023,8,10,18,55,64,64125,SOUHARA (RUE),43.44413,-1.57558,Plein jour,Hors agglomération,Hors intersection,Normale,Deux véhicules - frontale,4,2,2,0,1,1,1,0,1,50,2,2,1,0,1,0,67.0,67.0,deux_roues,voiture,1,1,1,1,1
202300016203,2023-05-30 19:40:00,2023,5,30,19,40,94,94079,8 Boulevard de Strasbourg,48.82446632,2.54415706,Plein jour,En agglomération,Giratoire,Normale,Deux véhicules - côté,4,1,1,0,2,2,1,9,1,30,2,2,1,0,0,1,30.0,34.0,deux_roues,voiture,1,2,6,1,3
202300016204,2023-07-06 13:05:00,2023,7,6,13,5,94,94038,A6A,48.77319669,2.34566363,Plein jour,Hors agglomération,Hors intersection,Normale,Trois véhicules et plus - collisions multiples,1,3,6,0,1,1,1,0,1,90,4,5,2,0,0,3,43.0,23.0,utilitaire_camion,utilitaire_camion,1,1,1,1,5
202300016205,2023-11-19 14:30:00,2023,11,19,14,30,92,92004,CONCORDE ( RUE DE LA ),48.91092215,2.29184908,Plein jour,En agglomération,Intersection en X,Normale,Deux véhicules - côté,3,1,3,0,1,1,1,0,1,50,2,2,1,0,0,1,21.0,,deux_roues,voiture,1,2,2,1,3
202300016205,2023-11-19 14:30:00,2023,11,19,14,30,92,92004,CONCORDE ( RUE DE LA ),48.91092215,2.29184908,Plein jour,En agglomération,Intersection en X,Normale,Deux véhicules - côté,3,2,3,0,1,1,1,0,1,50,2,2,1,0,0,1,21.0,,deux_roues,voiture,1,2,2,1,3