accident_id,datetime,annee,mois,jour,heure,minute,departement,commune_insee,adresse,latitude,longitude,luminosite,agglomeration,intersection,meteo,collision,catr,circ,nbv,vosp,prof,plan,surf,infra,situ,vma,nb_vehicules,nb_usagers,nb_indemnes,nb_tues,nb_blesses_hosp,nb_blesses_legers,age_cond_1,age_cond_2,veh_type_cond_1,veh_type_cond_2,lum_code,agg_code,int_code,atm_code,col_code
202300016206,2023-08-10 14:40:00,2023,8,10,14,40,59,59431,HOUCKE (AVENUE JULES),50.679061,2.836961,Plein jour,Hors agglomération,Intersection en T,Normale,Deux véhicules - côté,3,2,1,0,1,1,1,0,1,80,2,3,2,0,1,0,19.0,48.0,utilitaire_camion,deux_roues,1,1,3,1,3
202300016206,2023-08-10 14:40:00,2023,8,10,14,40,59,59431,HOUCKE (AVENUE JULES),50.679061,2.836961,Plein jour,Hors agglomération,Intersection en T,Normale,Deux véhicules - côté,3,2,1,0,1,1,1,5,1,80,2,3,2,0,1,0,19.0,48.0,utilitaire_camion,deux_roues,1,1,3,1,3
202300016207,2023-05-31 16:20:00,2023,5,31,16,20,94,94017,Rue Diderot,48.81302,2.48953,Plein jour,En agglomération,Intersection en T,Normale,Deux véhicules - côté,4,1,1,0,1,1,1,0,1,30,2,2,1,0,0,1,24.0,40.0,utilitaire_camion,deux_roues,1,2,3,1,3
202300016208,2023-07-06 10:04:00,2023,7,6,10,4,94,94034,A86,48.75938138,2.32309048,Plein jour,Hors agglomération,Hors intersection,Normale,Deux véhicules - arrière,1,3,0,0,1,1,1,1,1,70,2,2,1,0,0,1,27.0,51.0,voiture,voiture,1,1,1,1,2
202300016209,2023-11-19 15:35:00,2023,11,19,15,35,17,17389,1a Rue de Saintonge,45.844414,-0.8691,Plein jour,Hors agglomération,Hors intersection,Normale,Sans collision,3,2,2,0,1,3,1,0,3,80,1,1,0,0,1,0,25.0,,voiture,,1,1,1,1,7
202300016210,2023-08-10 17:30:00,2023,8,10,17,30,54,54575,D26B,49.47356,5.83049,Plein jour,En agglomération,Hors intersection,Normale,Autre collision,3,2,2,0,1,1,1,0,3,50,1,1,0,0,0,1,59.0,,voiture,,1,2,1,1,6
202300016211,2023-07-05 20:09:00,2023,7,5,20,9,91,91645,N385,48.7597123,2.26475667,Plein jour,Hors agglomération,Hors intersection,Normale,Deux véhicules - arrière,2,3,4,0,1,1,1,0,1,90,2,2,1,0,0,1,57.0,26.0,voiture,voiture,1,1,1,1,2
202300016212,2023-06-01 17:40:00,2023,6,1,17,40,93,93066,Avenue Paul Vaillant-couturier / Rue Lesne,48.93129,2.364,Plein jour,En agglomération,Intersection en T,Normale,Deux véhicules - côté,4,1,1,0,1,1,1,0,1,30,2,2,1,0,0,1,44.0,52.0,voiture,deux_roues,1,2,3,1,3
202300016212,2023-06-01 17:40:00,2023,6,1,17,40,93,93066,Avenue Paul Vaillant-couturier / Rue Lesne,48.93129,2.364,Plein jour,En agglomération,Intersection en T,Normale,Deux véhicules - côté,4,2,2,1,1,1,1,0,1,50,2,2,1,0,0,1,44.0,52.0,voiture,deux_roues,1,2,3,1,3
202300016213,2023-11-19 15:50:00,2023,11,19,15,50,35,35085,6 Avenue des Prunus,48.41338,-1.742411,Plein jour,En agglomération,Intersection en T,Normale,Deux véhicules - côté,4,-1, -1,-1,1,3,1,0,1,50,2,2,1,0,0,1,18.0,25.0,voiture,deux_roues,1,2,3,1,3
202300016213,2023-11-19 15:50:00,2023,11,19,15,50,35,35085,6 Avenue des Prunus,48.41338,-1.742411,Plein jour,En agglomération,Intersection en T,Normale,Deux véhicules - côté,4,2,2,0,2,1,1,0,1,50,2,2,1,0,0,1,18.0,25.0,voiture,deux_roues,1,2,3,1,3
202300016214,2023-08-10 16:30:00,2023,8,10,16,30,51,51454,MAISON BLANCHE (RUE) DU N° 75 A FIN ET N,49.23585,4.02575,Plein jour,En agglomération,Hors intersection,Normale,Deux véhicules - arrière,4,2,2,0,1,1,1,0,1,50,2,2,1,0,0,1,43.0,27.0,utilitaire_camion,voiture,1,2,1,1,2
202300016215,2023-06-01 06:45:00,2023,6,1,6,45,93,93053,Rue de Brément / Rue Parmentier,48.88823597,2.45997782,Plein jour,En agglomération,Intersection en T,Normale,Deux véhicules - côté,3,2,2,0,1,1,1,0,1,50,2,2,1,0,0,1,42.0,24.0,voiture,utilitaire_camion,1,2,3,1,3
202300016215,2023-06-01 06:45:00,2023,6,1,6,45,93,93053,Rue de Brément / Rue Parmentier,48.88823597,2.45997782,Plein jour,En agglomération,Intersection en T,Normale,Deux véhicules - côté,3,1,1,0,1,1,1,0,1,50,2,2,1,0,0,1,42.0,24.0,voiture,utilitaire_camion,1,2,3,1,3
202300016216,2023-08-10 10:00:00,2023,8,10,10,0,51,51454,MARTYRS DE LA RESISTANCE (PLACE),49.2545,4.03527,Plein jour,En agglomération,Intersection en Y,Normale,Autre collision,4,3,1,1,1,1,1,9,4,50,1,1,0,0,0,1,39.0,,voiture,,1,2,4,1,6
202300016216,2023-08-10 10:00:00,2023,8,10,10,0,51,51454,MARTYRS DE LA RESISTANCE (PLACE),49.2545,4.03527,Plein jour,En agglomération,Intersection en Y,Normale,Autre collision,4,1, -1,-1,1,2,-1,-1,-1,-1,1,1,0,0,0,1,39.0,,voiture,,1,2,4,1,6
202300016216,2023-08-10 10:00:00,2023,8,10,10,0,51,51454,MARTYRS DE LA RESISTANCE (PLACE),49.2545,4.03527,Plein jour,En agglomération,Intersection en Y,Normale,Autre collision,4,2, -1,-1,1,1,1,-1,1,-1,1,1,0,0,0,1,39.0,,voiture,,1,2,4,1,6
202300016217,2023-07-06 07:55:00,2023,7,6,7,55,92,92072,N118,48.81757294,2.21630638,Plein jour,Hors agglomération,Hors intersection,Normale,Trois véhicules et plus - collisions multiples,2,-1,3,0,3,1,1,0,1,70,4,4,2,0,0,2,31.0,40.0,voiture,voiture,1,1,1,1,5
202300016218,2023-06-01 03:50:00,2023,6,1,3,50,93,93053,Rue de Paris,48.89970431,2.44864911,Nuit avec éclairage allumé,En agglomération,Hors intersection,Normale,Autre collision,3,3,4,3,1,1,1,9,6,50,1,1,0,0,0,1,26.0,,voiture,,5,2,1,1,6
202300016219,2023-08-09 11:30:00,2023,8,9,11,30,42,42071,Route de Commelle,46.0222,4.0842,Plein jour,En agglomération,Hors intersection,Normale,Autre collision,3,2,2,0,1,1,1,0,1,50,1,2,1,0,1,0,74.0,,voiture,,1,2,1,1,6
202300016220,2023-07-06 10:35:00,2023,7,6,10,35,95,95277,A3,48.98129,2.49859,Plein jour,Hors agglomération,Hors intersection,Normale,Deux véhicules - arrière,1,3,4,0,1,1,1,0,1,90,2,4,1,0,0,3,48.0,47.0,voiture,utilitaire_camion,1,1,1,1,2
202300016221,2023-08-10 17:40:00,2023,8,10,17,40,37,37261,SEBASTOPOL (RUE),47.38863,0.68461,Plein jour,En agglomération,Intersection en T,Normale,Deux véhicules - côté,4,1,1,1,1,1,1,0,1,50,2,2,0,0,0,2,27.0,27.0,voiture,voiture,1,2,3,1,3
202300016221,2023-08-10 17:40:00,2023,8,10,17,40,37,37261,SEBASTOPOL (RUE),47.38863,0.68461,Plein jour,En agglomération,Intersection en T,Normale,Deux véhicules - côté,4,1,1,1,1,1,1,0,1,50,2,2,0,0,0,2,27.0,27.0,voiture,voiture,1,2,3,1,3
202300016222,2023-06-01 18:50:00,2023,6,1,18,50,93,93050,Avenue Jean Jaures / Avenue Jean Stéphan,48.86487,2.55528,Plein jour,En agglomération,Intersection en T,Normale,Deux véhicules - côté,3,3,4,0,1,1,1,0,1,50,2,2,1,0,0,1,37.0,,voiture,voiture,1,2,3,1,3
202300016222,2023-06-01 18:50:00,2023,6,1,18,50,93,93050,Avenue Jean Jaures / Avenue Jean Stéphan,48.86487,2.55528,Plein jour,En agglomération,Intersection en T,Normale,Deux véhicules - côté,3,2,2,0,1,1,1,0,1,50,2,2,1,0,0,1,37.0,,voiture,voiture,1,2,3,1,3
202300016223,2023-07-05 16:20:00,2023,7,5,16,20,93,93008,AUTOROUTE A86,48.90620241,2.459907,Plein jour,Hors agglomération,Hors intersection,Normale,Deux véhicules - côté,1,3,4,0,1,1,1,0,1,90,2,2,1,0,0,1,21.0,31.0,voiture,deux_roues,1,1,1,1,3
202300016224,2023-08-09 13:45:00,2023,8,9,13,45,34,34301,D'AUGIER PREVOT (RUE),43.40992,3.68837,Plein jour,En agglomération,Hors intersection,Normale,Deux véhicules - côté,4,2,1,0,2,1,1,0,1,50,2,5,4,0,0,1,62.0,27.0,voiture,deux_roues,1,2,1,1,3
202300016225,2023-03-15 11:00:00,2023,3,15,11,0,35,35238,VOLCLAIR (BD LOUIS),48.08840597,-1.66758567,Plein jour,En agglomération,Intersection en X,Normale,Deux véhicules - côté,4,3,2,0,1,1,1,5,1,50,2,2,1,0,0,1,49.0,46.0,deux_roues,voiture,1,2,2,1,3
202300016225,2023-03-15 11:00:00,2023,3,15,11,0,35,35238,VOLCLAIR (BD LOUIS),48.08840597,-1.66758567,Plein jour,En agglomération,Intersection en X,Normale,Deux véhicules - côté,4,3,2,2,1,1,1,5,1,50,2,2,1,0,0,1,49.0,46.0,deux_roues,voiture,1,2,2,1,3
202300016226,2023-06-01 16:55:00,2023,6,1,16,55,93,93049,Avenue Daniel Perdrigé / Avenue des Fauvettes,48.87363434,2.50884494,Plein jour,En agglomération,Intersection en X,Normale,Deux véhicules - côté,4,2,2,0,1,1,1,0,1,50,2,2,1,0,0,1,25.0,53.0,utilitaire_camion,deux_roues,1,2,2,1,3
202300016226,2023-06-01 16:55:00,2023,6,1,16,55,93,93049,Avenue Daniel Perdrigé / Avenue des Fauvettes,48.87363434,2.50884494,Plein jour,En agglomération,Intersection en X,Normale,Deux véhicules - côté,4,2,2,-1,1,1,1,0,1,-1,2,2,1,0,0,1,25.0,53.0,utilitaire_camion,deux_roues,1,2,2,1,3
202300016227,2023-07-04 23:15:00,2023,7,4,23,15,93,93007,AUTOROUTE A3,48.92328565,2.4807592,Nuit sans éclairage public,Hors agglomération,Autre intersection,Pluie forte,Deux véhicules - arrière,1,3,3,0,1,1,3,0,2,110,2,3,1,0,0,2,20.0,29.0,utilitaire_camion,voiture,3,1,9,3,2
202300016228,2023-08-04 16:55:00,2023,8,4,16,55,34,34301,MOULIN JEAN (RUE),43.41069,3.68673,Plein jour,En agglomération,Hors intersection,Normale,Autre collision,4,1,1,0,2,1,1,0,8,50,1,2,1,0,0,1,52.0,,voiture,,1,2,1,1,6
202300016229,2023-03-15 09:45:00,2023,3,15,9,45,35,35238,RN136,48.08058,-1.67918,Plein jour,Hors agglomération,Hors intersection,Normale,Deux véhicules - côté,2,1,2,0,1,1,1,3,1,50,2,2,1,0,0,1,63.0,22.0,voiture,voiture,1,1,1,1,3
202300016230,2023-11-19 18:45:00,2023,11,19,18,45,03,03286,RD53,46.517886,3.435888,Nuit sans éclairage public,Hors agglomération,Hors intersection,Pluie légère,Deux véhicules - frontale,3,2,2,0,1,1,2,0,1,50,2,28,26,0,0,2,30.0,22.0,transport_commun,voiture,3,1,1,2,1
202300016231,2023-07-04 09:30:00,2023,7,4,9,30,93,93066,AUTOROUTE A1,48.91936344,2.35754643,Plein jour,Hors agglomération,Autre intersection,Normale,Trois véhicules et plus - collisions multiples,1,3,8,0,1,1,1,0,1,90,3,3,2,0,0,1,26.0,46.0,utilitaire_camion,utilitaire_camion,1,1,9,1,5
202300016232,2023-05-31 18:50:00,2023,5,31,18,50,93,93032,Rue Hippolyte Pina / Rue Paul Vaillant Couturier,48.87449125,2.55195788,Plein jour,En agglomération,Intersection à plus de 4 branches,Normale,Trois véhicules et plus - collisions multiples,3,2,2,0,1,1,1,0,1,50,4,4,3,0,0,1,33.0,33.0,voiture,deux_roues,1,2,5,1,5
202300016232,2023-05-31 18:50:00,2023,5,31,18,50,93,93032,Rue Hippolyte Pina / Rue Paul Vaillant Couturier,48.87449125,2.55195788,Plein jour,En agglomération,Intersection à plus de 4 branches,Normale,Trois véhicules et plus - collisions multiples,3,2,2,0,1,1,1,0,1,50,4,4,3,0,0,1,33.0,33.0,voiture,deux_roues,1,2,5,1,5
202300016233,2023-08-11 01:23:00,2023,8,11,1,23,34,34172,LODEVE (AVENUE DE,43.6133,3.84183,Nuit avec éclairage allumé,En agglomération,Hors intersection,Normale,Autre collision,4,2,6,1,1,1,1,0,1,50,1,5,4,0,1,0,51.0,,voiture,,5,2,1,1,6
202300016234,2023-03-15 19:05:00,2023,3,15,19,5,33,33063,Rue Albert,44.85575,-0.57942,Plein jour,En agglomération,Hors intersection,Normale,Autre collision,4,2,2,0,1,1,1,0,3,30,1,1,0,0,0,1,62.0,,voiture,,1,2,1,1,6
202300016235,2023-11-19 15:30:00,2023,11,19,15,30,56,56122,La Noë Mennais,47.986193,-2.391425,Plein jour,Hors agglomération,Hors intersection,Temps couvert,Sans collision,4,2,2,0,4,2,1,0,3,80,1,2,1,1,0,0,22.0,,voiture,,1,1,1,8,7
202300016236,2023-07-06 17:40:00,2023,7,6,17,40,94,94028,A86,48.7849558,2.44038353,Plein jour,Hors agglomération,Hors intersection,Normale,Deux véhicules - côté,1,-1,4,0,1,1,1,0,1,90,2,2,1,0,0,1,39.0,28.0,voiture,deux_roues,1,1,1,1,3
202300016237,2023-06-01 08:30:00,2023,6,1,8,30,93,93008,Avenue Karl Marx,48.90522539,2.44190779,Plein jour,En agglomération,Hors intersection,Normale,Autre collision,4,1,1,0,3,1,1,1,3,30,1,2,1,0,0,1,29.0,,voiture,,1,2,1,1,6
202300016238,2023-08-09 16:00:00,2023,8,9,16,0,34,34172,CELLENEUVE A SAINT HILAIRE (RUE DE),43.60563,3.8298,Plein jour,En agglomération,Hors intersection,Normale,Autre collision,4,2,2,0,1,1,1,0,1,50,2,2,1,0,0,1,27.0,,deux_roues,voiture,1,2,1,1,6
202300016239,2023-11-19 16:50:00,2023,11,19,16,50,71,71132,N70,46.615562,4.274014,Crépuscule ou aube,Hors agglomération,Hors intersection,Normale,Autre collision,2,3,2,0,1,4,1,8,1,50,1,2,0,0,1,1,85.0,,voiture,,2,1,1,1,6
202300016240,2023-03-15 12:10:00,2023,3,15,12,10,33,33063,Rue Terrasson,44.820505,-0.573457,Plein jour,En agglomération,Intersection en T,Normale,Deux véhicules - côté,4,1,1,2,1,1,1,-1,1,30,2,2,1,0,1,0,15.0,59.0,deux_roues,voiture,1,2,3,1,3
202300016240,2023-03-15 12:10:00,2023,3,15,12,10,33,33063,Rue Terrasson,44.820505,-0.573457,Plein jour,En agglomération,Intersection en T,Normale,Deux véhicules - côté,4,1,1,2,1,1,1,-1,1,30,2,2,1,0,1,0,15.0,59.0,deux_roues,voiture,1,2,3,1,3
202300016241,2023-07-06 11:15:00,2023,7,6,11,15,93,93051,A4,48.83550949,2.5693073,Plein jour,Hors agglomération,Hors intersection,Normale,Deux véhicules - côté,1,1,4,0,1,1,1,0,1,110,2,3,1,0,0,2,26.0,65.0,utilitaire_camion,voiture,1,1,1,1,3
202300016242,2023-05-31 20:10:00,2023,5,31,20,10,93,93007,Rue Jean Pierre Timbaud,48.94179,2.44968,Plein jour,En agglomération,Hors intersection,Normale,Autre collision,4,2,2,0,1,1,1,0,3,50,1,6,0,0,3,3,18.0,,voiture,,1,2,1,1,6
202300016243,2023-08-09 13:00:00,2023,8,9,13,0,29,29019,RD 205,48.37798,-4.54553,Plein jour,En agglomération,Autre intersection,Normale,Sans collision,4,3,4,0,1,3,1,0,1,50,2,2,1,0,0,1,47.0,59.0,voiture,deux_roues,1,2,9,1,7
202300016244,2023-11-19 18:55:00,2023,11,19,18,55,89,89460,18 Route de Montereau,48.3429,3.0497,Nuit sans éclairage public,Hors agglomération,Hors intersection,Normale,Autre collision,3,3,1,0,2,1,1,0,8,70,1,3,1,0,2,0,36.0,,voiture,,3,1,1,1,6
202300016245,2023-07-05 04:00:00,2023,7,5,4,0,94,94069,A4,48.81713893,2.44226193,Nuit sans éclairage public,Hors agglomération,Hors intersection,Normale,Deux véhicules - arrière,1,1,5,0,1,1,1,3,1,90,2,2,1,0,0,1,22.0,53.0,voiture,voiture,3,1,1,1,2
202300016246,2023-03-14 15:30:00,2023,3,14,15,30,33,33200,Avenue de Magudas,44.85871,-0.67293,Plein jour,En agglomération,Giratoire,Normale,Deux véhicules - arrière,4,3,2,2,1,1,1,5,1,50,2,2,1,0,0,1,52.0,53.0,utilitaire_camion,deux_roues,1,2,6,1,2
202300016246,2023-03-14 15:30:00,2023,3,14,15,30,33,33200,Avenue de Magudas,44.85871,-0.67293,Plein jour,En agglomération,Giratoire,Normale,Deux véhicules - arrière,4,2,2,1,1,1,1,0,1,50,2,2,1,0,0,1,52.0,53.0,utilitaire_camion,deux_roues,1,2,6,1,2
202300016247,2023-05-31 18:08:00,2023,5,31,18,8,92,92064,ROYALE,48.842396,2.218874,Plein jour,En agglomération,Hors intersection,Normale,Sans collision,4,1,0,0,2,1,1,0,1,50,1,1,0,0,0,1,18.0,,deux_roues,,1,2,1,1,7
202300016248,2023-08-10 14:00:00,2023,8,10,14,0,27,27375,CHURCHILL (AVENUE WINSTON),49.22573,1.16807,Plein jour,En agglomération,Hors intersection,Normale,Deux véhicules - côté,4,-1,2,3,1,1,1,9,1,50,2,2,1,0,0,1,26.0,33.0,deux_roues,voiture,1,2,1,1,3
202300016249,2023-07-05 20:05:00,2023,7,5,20,5,95,95063,MICHEL CARRE (RUE),48.92717,2.22795,Plein jour,En agglomération,Hors intersection,Normale,Autre collision,4,2,2,0,1,1,1,0,1,30,1,2,1,0,0,1,21.0,,voiture,,1,2,1,1,6
202300016250,2023-11-19 22:30:00,2023,11,19,22,30,63,63233,32 Rue de la Poste,46.178003,2.809416,Nuit sans éclairage public,En agglomération,Hors intersection,Pluie légère,Deux véhicules - frontale,3,2,2,0,2,1,2,0,1,50,2,3,0,0,3,0,30.0,54.0,voiture,voiture,3,2,1,2,1
202300016251,2023-03-14 08:50:00,2023,3,14,8,50,33,33522,Avenue de l'Université,44.80184,-0.59798,Plein jour,En agglomération,Hors intersection,Normale,Autre collision,4,3,4,1,1,1,2,0,1,50,1,2,1,0,0,1,36.0,,deux_roues,,1,2,1,1,6
202300016252,2023-06-01 08:45:00,2023,6,1,8,45,92,92051,RICHARD WALLACE (BOULEVARD),48.87484,2.25231,Plein jour,En agglomération,Intersection en T,Temps éblouissant,Deux véhicules - côté,4,2,#VALEURMULTI,0,1,1,1,0,1,50,2,2,1,0,0,1,55.0,53.0,voiture,deux_roues,1,2,3,7,3
202300016253,2023-11-19 10:30:00,2023,11,19,10,30,61,61443,D268,48.740917,-0.630102,Plein jour,Hors agglomération,Hors intersection,Normale,Autre collision,3,2,2,0,2,1,1,0,3,80,1,1,0,0,0,1,43.0,,voiture,,1,1,1,1,6
202300016254,2023-08-09 17:45:00,2023,8,9,17,45,25,25462,HALLE,46.90497,6.35496,Plein jour,En agglomération,Intersection en T,Normale,Deux véhicules - arrière,4,2,2,0,1,1,1,0,8,50,2,2,1,0,0,1,65.0,81.0,voiture,deux_roues,1,2,3,1,2
202300016254,2023-08-09 17:45:00,2023,8,9,17,45,25,25462,HALLE,46.90497,6.35496,Plein jour,En agglomération,Intersection en T,Normale,Deux véhicules - arrière,4,1,2,0,1,1,1,0,1,30,2,2,1,0,0,1,65.0,81.0,voiture,deux_roues,1,2,3,1,2
202300016255,2023-07-05 13:40:00,2023,7,5,13,40,976,97611,Boulevard Halidi Selemani,-12.77895,45.22656,Plein jour,En agglomération,Hors intersection,Normale,Deux véhicules - côté,4,2,2,0,2,1,1,0,1,50,2,2,1,0,0,1,34.0,52.0,deux_roues,voiture,1,2,1,1,3
202300016256,2023-03-15 20:15:00,2023,3,15,20,15,33,33529,DE GAULLE ( AVE CHARLES) 01 AU 85,44.63744,-1.12524,Nuit avec éclairage allumé,En agglomération,Hors intersection,Normale,Deux véhicules - arrière,3,2,2,1,1,1,1,0,1,30,2,2,1,0,0,1,53.0,35.0,voiture,deux_roues,5,2,1,1,2
202300016257,2023-06-01 15:00:00,2023,6,1,15,0,92,92050,RD 914,48.89974136,2.21995939,Plein jour,Hors agglomération,Hors intersection,Normale,Deux véhicules - arrière,3,2,0,0,1,1,1,0,1,50,2,2,0,0,0,2,34.0,22.0,voiture,voiture,1,1,1,1,2
202300016258,2023-07-05 22:50:00,2023,7,5,22,50,974,97411,JAURES (BLD 1 JEAN),-20.89010201,55.46469748,Nuit avec éclairage allumé,En agglomération,Hors intersection,Normale,Autre collision,2,3,6,0,1,1,1,0,1,50,1,1,0,1,0,0,37.0,,deux_roues,,5,2,1,1,6
202300016259,2023-11-20 16:30:00,2023,11,20,16,30,55,55008,D618 PK2.500,49.239877,5.665056,Plein jour,Hors agglomération,Hors intersection,Pluie légère,Deux véhicules - frontale,3,2,2,0,2,1,2,0,1,90,2,2,0,1,1,0,27.0,70.0,voiture,voiture,1,1,1,2,1
202300016260,2023-08-10 11:25:00,2023,8,10,11,25,25,25056,CHOPIN RUE FREDERIC,47.262011,6.040483,Plein jour,En agglomération,Intersection en X,Normale,Autre collision,4,3,2,2,1,1,1,0,1,50,1,2,1,0,0,1,35.0,,voiture,,1,2,2,1,6
202300016260,2023-08-10 11:25:00,2023,8,10,11,25,25,25056,CHOPIN RUE FREDERIC,47.262011,6.040483,Plein jour,En agglomération,Intersection en X,Normale,Autre collision,4,2, -1,0,1,1,1,0,1,-1,1,2,1,0,0,1,35.0,,voiture,,1,2,2,1,6
202300016261,2023-07-03 10:00:00,2023,7,3,10,0,974,97411,RN2/091,-20.88541,55.47363,Plein jour,Hors agglomération,Autre intersection,Normale,Autre collision,2,1,3,0,1,1,1,0,1,70,1,2,1,0,1,0,30.0,,voiture,,1,1,9,1,6
202300016262,2023-03-15 15:15:00,2023,3,15,15,15,33,33529,RAMOND (RUE CLEMENT),44.63086,-1.14523,Plein jour,En agglomération,Intersection en T,Normale,Deux véhicules - côté,4,2,2,0,1,1,1,0,1,50,2,2,1,0,0,1,53.0,13.0,voiture,deux_roues,1,2,3,1,3
202300016262,2023-03-15 15:15:00,2023,3,15,15,15,33,33529,RAMOND (RUE CLEMENT),44.63086,-1.14523,Plein jour,En agglomération,Intersection en T,Normale,Deux véhicules - côté,4,1,1,0,1,1,1,0,1,50,2,2,1,0,0,1,53.0,13.0,voiture,deux_roues,1,2,3,1,3
202300016263,2023-06-01 07:30:00,2023,6,1,7,30,92,92050,FONDRIERES RUE DES,48.89398,2.1817,Plein jour,En agglomération,Hors intersection,Normale,Deux véhicules - arrière,4,2,2,0,1,1,1,0,1,50,2,3,2,0,0,1,30.0,43.0,transport_commun,voiture,1,2,1,1,2
202300016264,2023-11-15 12:30:00,2023,11,15,12,30,12,12171,RD 901,44.533357,2.409557,Plein jour,Hors agglomération,Hors intersection,Normale,Deux véhicules - côté,3,2,2,0,1,1,1,0,1,90,2,2,1,0,0,1,51.0,76.0,utilitaire_camion,voiture,1,1,1,1,3
202300016265,2023-08-09 11:55:00,2023,8,9,11,55,17,17415,route nationale 141,45.73332,-0.61226,Plein jour,Hors agglomération,Hors intersection,Normale,Deux véhicules - arrière,2,3,4,0,1,1,1,0,1,110,2,4,2,0,0,2,19.0,69.0,voiture,voiture,1,1,1,1,2
202300016266,2023-03-14 18:10:00,2023,3,14,18,10,31,31555,ALL DE BELLEFONTAINE,43.56572968,1.39942378,Plein jour,En agglomération,Hors intersection,Autre,Autre collision,4,2,2,0,1,1,2,0,1,30,1,2,1,0,0,1,,,voiture,,1,2,1,9,6
202300016267,2023-07-05 19:30:00,2023,7,5,19,30,973,97302,MANGO (ROUTE),4.93077014,-52.31644392,Nuit sans éclairage public,En agglomération,Hors intersection,Pluie légère,Deux véhicules - frontale,4,2,2,0,1,1,2,0,1,50,2,3,1,0,0,2,,22.0,deux_roues,deux_roues,3,2,1,2,1
202300016268,2023-11-19 21:30:00,2023,11,19,21,30,46,46320,Avenue de Montagnac - D662,44.472256,1.683998,Nuit sans éclairage public,En agglomération,Hors intersection,Normale,Autre collision,3,2,2,0,1,2,1,0,1,50,1,1,0,0,0,1,29.0,,deux_roues,,3,2,1,1,6
202300016269,2023-05-31 21:05:00,2023,5,31,21,5,92,92040,VICTOR CRESSON (AVENUE) DU 01 AU 27,48.82341461,2.2709164,Plein jour,En agglomération,Hors intersection,Normale,Deux véhicules - côté,3,1,2,0,1,1,1,0,1,30,2,2,1,0,0,1,23.0,39.0,deux_roues,deux_roues,1,2,1,1,3
202300016270,2023-07-05 15:37:00,2023,7,5,15,37,973,97302,RABAN (ROUTE DE),4.93133132,-52.3131448,Plein jour,En agglomération,Hors intersection,Normale,Autre collision,4,2,2,0,1,1,1,0,4,50,1,1,0,0,0,1,,,,,1,2,1,1,6
202300016271,2023-08-10 03:25:00,2023,8,10,3,25,13,13103,RN 113,43.64,4.96,Nuit sans éclairage public,Hors agglomération,Hors intersection,Normale,Deux véhicules - arrière,3,2,2,0,1,1,1,0,1,80,2,2,0,0,0,2,43.0,40.0,voiture,voiture,3,1,1,1,2
202300016272,2023-11-19 18:30:00,2023,11,19,18,30,47,47052,Chemin du Bas Lanin,44.29867944,0.09824964,Nuit sans éclairage public,Hors agglomération,Hors intersection,Normale,Deux véhicules - frontale,3,2,2,0,2,1,1,0,1,80,2,4,0,0,2,2,84.0,52.0,voiture,deux_roues,3,1,1,1,1
202300016273,2023-07-05 07:45:00,2023,7,5,7,45,973,97302,BADUEL (ROUTE DE),4.93038,-52.30481,Plein jour,En agglomération,Hors intersection,Normale,Autre collision,3,2,2,2,1,1,1,0,3,50,1,2,0,0,0,2,29.0,,deux_roues,,1,2,1,1,6
202300016274,2023-05-31 20:11:00,2023,5,31,20,11,92,92040,PAIX (AVENUE DE LA),48.81736431,2.27372042,Plein jour,En agglomération,Intersection en X,Normale,Deux véhicules - frontale,3,2,1,0,1,1,1,0,1,30,2,3,1,0,0,2,40.0,43.0,voiture,deux_roues,1,2,2,1,1
202300016274,2023-05-31 20:11:00,2023,5,31,20,11,92,92040,PAIX (AVENUE DE LA),48.81736431,2.27372042,Plein jour,En agglomération,Intersection en X,Normale,Deux véhicules - frontale,3,2,2,0,1,1,1,0,1,50,2,3,1,0,0,2,40.0,43.0,voiture,deux_roues,1,2,2,1,1
202300016275,2023-08-10 14:15:00,2023,8,10,14,15,13,13214,SAINT JOSEPH (CHEMIN DE),43.34364,5.38533,Plein jour,En agglomération,Intersection en T,Normale,Deux véhicules - côté,3,2, -1,-1,1,1,1,0,1,-1,2,2,1,0,1,0,67.0,21.0,voiture,deux_roues,1,2,3,1,3
202300016275,2023-08-10 14:15:00,2023,8,10,14,15,13,13214,SAINT JOSEPH (CHEMIN DE),43.34364,5.38533,Plein jour,En agglomération,Intersection en T,Normale,Deux véhicules - côté,3,3,0,0,1,1,1,0,1,50,2,2,1,0,1,0,67.0,21.0,voiture,deux_roues,1,2,3,1,3
202300016276,2023-07-05 07:00:00,2023,7,5,7,0,973,97302,MONTABO (ROUTE DE) 3,4.93938,-52.30093,Plein jour,En agglomération,Hors intersection,Normale,Deux véhicules - arrière,3,2,2,2,1,1,1,0,1,50,2,3,2,0,0,1,20.0,59.0,voiture,deux_roues,1,2,1,1,2
202300016277,2023-11-17 19:30:00,2023,11,17,19,30,34,34284,Avenue de la Gare,43.486883,2.772988,Nuit avec éclairage allumé,En agglomération,Hors intersection,Normale,Deux véhicules - frontale,3,2,2,0,2,2,1,0,1,50,2,2,1,0,0,1,55.0,21.0,voiture,voiture,5,2,1,1,1
202300016278,2023-05-28 18:35:00,2023,5,28,18,35,92,92036,PIERRE TIMBAUD (RUE) (1/45),48.933369,2.300625,Plein jour,En agglomération,Hors intersection,Normale,Autre collision,3,1,1,0,1,1,1,0,1,30,2,2,1,0,0,1,15.0,34.0,deux_roues,deux_roues,1,2,1,1,6