accident_id,datetime,annee,mois,jour,heure,minute,departement,commune_insee,adresse,latitude,longitude,luminosite,agglomeration,intersection,meteo,collision,catr,circ,nbv,vosp,prof,plan,surf,infra,situ,vma,nb_vehicules,nb_usagers,nb_indemnes,nb_tues,nb_blesses_hosp,nb_blesses_legers,age_cond_1,age_cond_2,veh_type_cond_1,veh_type_cond_2,lum_code,agg_code,int_code,atm_code,col_code
202300016279,2023-03-13 10:15:00,2023,3,13,10,15,27,27684,COCHEREL (RUE DE),49.016033,1.186902,Plein jour,En agglomération,Hors intersection,Normale,Deux véhicules - arrière,4,2,2,0,1,1,1,0,1,50,2,2,1,0,0,1,32.0,20.0,utilitaire_camion,deux_roues,1,2,1,1,2
202300016280,2023-07-05 02:40:00,2023,7,5,2,40,973,97309,TIGRE (ROUTE DU),4.91356,-52.30845,Nuit sans éclairage public,En agglomération,Hors intersection,Pluie légère,Sans collision,3,2,2,0,1,2,2,0,1,50,1,1,0,0,0,1,23.0,,deux_roues,,3,2,1,2,7
202300016281,2023-11-20 08:50:00,2023,11,20,8,50,44,44036,Rte de Saint Aubin des Chateaux,47.713014,-1.399341,Plein jour,Hors agglomération,Hors intersection,Normale,Autre collision,3,2,2,0,1,1,2,0,3,80,1,1,0,0,1,0,41.0,,voiture,,1,1,1,1,6
202300016282,2023-08-09 17:00:00,2023,8,9,17,0,13,13004,RTE N570 AVIGNON STES MARIES,43.71932,4.64668,Plein jour,Hors agglomération,Hors intersection,Normale,Deux véhicules - côté,3,2,2,0,1,1,1,0,1,80,2,5,3,0,0,2,55.0,23.0,voiture,voiture,1,1,1,1,3
202300016283,2023-06-01 10:00:00,2023,6,1,10,0,92,92026,SAINT DENIS BD (120 A 174 / 199 A 315),48.90442187,2.27874738,Plein jour,En agglomération,Autre intersection,Normale,Deux véhicules - côté,3,2,2,0,1,1,1,0,1,50,2,2,1,0,0,1,68.0,75.0,voiture,deux_roues,1,2,9,1,3
202300016284,2023-11-11 21:30:00,2023,11,11,21,30,29,29150,Lieu Dit Mescleo,47.80178475,-3.61345663,Nuit sans éclairage public,Hors agglomération,Hors intersection,Pluie forte,Autre collision,3,2,2,0,1,1,2,0,3,80,1,2,0,0,1,1,18.0,,voiture,,3,1,1,3,6
202300016285,2023-07-05 15:30:00,2023,7,5,15,30,69,69388,Avenue Jean Mermoz,45.73331,4.87917,Plein jour,En agglomération,Intersection en X,Normale,Deux véhicules - côté,4,2,3,3,1,1,1,0,1,50,2,2,1,0,0,1,21.0,24.0,voiture,deux_roues,1,2,2,1,3
202300016285,2023-07-05 15:30:00,2023,7,5,15,30,69,69388,Avenue Jean Mermoz,45.73331,4.87917,Plein jour,En agglomération,Intersection en X,Normale,Deux véhicules - côté,4,2,4,3,1,1,1,0,1,50,2,2,1,0,0,1,21.0,24.0,voiture,deux_roues,1,2,2,1,3
202300016286,2023-08-10 09:30:00,2023,8,10,9,30,11,11069,36 Avenue du Général Leclerc,43.21,2.3645,Plein jour,En agglomération,Hors intersection,Normale,Deux véhicules - arrière,4,1,2,0,2,1,1,0,1,50,2,2,1,0,0,1,90.0,33.0,voiture,voiture,1,2,1,1,2
202300016287,2023-05-31 17:30:00,2023,5,31,17,30,92,92025,BELLEVUE (RUE DE),48.918124,2.230784,Plein jour,En agglomération,Intersection en X,Normale,Autre collision,4,1,1,0,1,1,1,0,1,30,1,2,1,0,0,1,,,voiture,,1,2,2,1,6
202300016287,2023-05-31 17:30:00,2023,5,31,17,30,92,92025,BELLEVUE (RUE DE),48.918124,2.230784,Plein jour,En agglomération,Intersection en X,Normale,Autre collision,4,1,1,0,1,1,1,6,1,30,1,2,1,0,0,1,,,voiture,,1,2,2,1,6
202300016288,2023-07-05 04:30:00,2023,7,5,4,30,69,69386,Rue Bossuet,45.76798628,4.85236217,Nuit avec éclairage allumé,En agglomération,Hors intersection,Normale,Sans collision,4,1,1,2,1,1,1,0,1,30,1,1,0,0,0,1,20.0,,deux_roues,,5,2,1,1,7
202300016289,2023-11-20 16:35:00,2023,11,20,16,35,26,26167,160 Avenue de la Gare,44.614948,5.454462,Plein jour,En agglomération,Hors intersection,Normale,Autre collision,4,2,2,0,1,2,1,0,1,30,1,3,2,0,1,0,47.0,,voiture,,1,2,1,1,6
202300016290,2023-08-08 08:05:00,2023,8,8,8,5,75,75119,PORTE D AUBERVILLIERS,48.900495,2.373846,Plein jour,En agglomération,Hors intersection,Normale,Deux véhicules - arrière,4,3,4,0,1,1,1,0,1,70,2,2,1,0,0,1,34.0,,deux_roues,voiture,1,2,1,1,2
202300016291,2023-03-15 07:05:00,2023,3,15,7,5,26,26198,Boulevard de l'Europe,44.54594,4.75567,Plein jour,En agglomération,Giratoire,Normale,Deux véhicules - côté,4,2,2,0,1,1,1,0,1,-1,2,2,1,0,1,0,46.0,19.0,voiture,deux_roues,1,2,6,1,3
202300016291,2023-03-15 07:05:00,2023,3,15,7,5,26,26198,Boulevard de l'Europe,44.54594,4.75567,Plein jour,En agglomération,Giratoire,Normale,Deux véhicules - côté,4,2,2,0,2,1,1,0,1,50,2,2,1,0,1,0,46.0,19.0,voiture,deux_roues,1,2,6,1,3
202300016292,2023-07-05 07:15:00,2023,7,5,7,15,972,97209,RD 41 (ROCADE),14.61446,-61.05033,Plein jour,Hors agglomération,Hors intersection,Normale,Sans collision,1,-1,2,0,2,1,1,0,1,90,1,1,0,0,0,1,72.0,,voiture,,1,1,1,1,7
202300016293,2023-06-01 08:06:00,2023,6,1,8,6,92,92023,GENERAL DE GAULLE (AVENUE DU),48.78456,2.24955,Plein jour,En agglomération,Hors intersection,Temps éblouissant,Autre collision,3,1,2,0,1,1,1,0,1,50,1,2,1,0,0,1,61.0,,voiture,,1,2,1,7,6
202300016294,2023-11-18 10:00:00,2023,11,18,10,0,06,06112,9 Route d'Opio,43.672894,7.004846,Plein jour,En agglomération,Hors intersection,Normale,Autre collision,3,2,2,0,1,2,1,2,1,50,1,1,0,0,1,0,40.0,,deux_roues,,1,2,1,1,6
202300016295,2023-06-01 16:00:00,2023,6,1,16,0,92,92019,DIVISION LECLERC (AVENUE DE LA),48.76215142,2.28573024,Plein jour,En agglomération,Hors intersection,Normale,Sans collision,3,1,2,1,1,1,1,0,8,30,1,1,0,0,0,1,41.0,,deux_roues,,1,2,1,1,7
202300016296,2023-08-10 17:10:00,2023,8,10,17,10,75,75120,BOULEVARD DAVOUT,48.862422,2.409178,Plein jour,En agglomération,Intersection en T,Normale,Deux véhicules - arrière,4,2,2,0,1,1,1,0,1,30,2,2,1,0,0,1,25.0,25.0,voiture,deux_roues,1,2,3,1,2
202300016296,2023-08-10 17:10:00,2023,8,10,17,10,75,75120,BOULEVARD DAVOUT,48.862422,2.409178,Plein jour,En agglomération,Intersection en T,Normale,Deux véhicules - arrière,4,2, -1,-1,1,1,1,0,1,30,2,2,1,0,0,1,25.0,25.0,voiture,deux_roues,1,2,3,1,2
202300016297,2023-07-05 08:30:00,2023,7,5,8,30,2B,2B353,CAP - ROUTE DU CAP,42.7144,9.45478,Plein jour,Hors agglomération,Hors intersection,Normale,Deux véhicules - côté,3,2,2,0,2,1,1,0,1,50,2,2,1,0,1,0,73.0,43.0,voiture,deux_roues,1,1,1,1,3
202300016298,2023-03-14 10:50:00,2023,3,14,10,50,26,26198,Route de Saint Paul,44.54511,4.74894,Plein jour,En agglomération,Intersection en Y,Normale,Deux véhicules - arrière,4,2,2,0,1,1,1,0,1,50,2,2,1,0,0,1,30.0,54.0,voiture,deux_roues,1,2,4,1,2
202300016298,2023-03-14 10:50:00,2023,3,14,10,50,26,26198,Route de Saint Paul,44.54511,4.74894,Plein jour,En agglomération,Intersection en Y,Normale,Deux véhicules - arrière,4,2,2,0,1,1,1,0,1,50,2,2,1,0,0,1,30.0,54.0,voiture,deux_roues,1,2,4,1,2
202300016299,2023-11-18 12:50:00,2023,11,18,12,50,14,14614,205 route de Notre Dame,49.230392,-0.961626,Plein jour,Hors agglomération,Hors intersection,Pluie forte,Autre collision,3,2,2,0,1,1,3,0,3,80,1,3,1,0,2,0,35.0,,voiture,,1,1,1,3,6
202300016300,2023-08-10 16:00:00,2023,8,10,16,0,75,75117,AVENUE DE SAINT OUEN,48.8921,2.327114,Plein jour,En agglomération,Hors intersection,Normale,Deux véhicules - côté,4,4,3,2,1,1,1,0,1,30,2,2,1,0,0,1,33.0,51.0,deux_roues,voiture,1,2,1,1,3
202300016301,2023-06-01 14:40:00,2023,6,1,14,40,92,92071,HOUDAN (RUE),48.77883,2.28746,Plein jour,En agglomération,Autre intersection,Normale,Deux véhicules - arrière,3,2,2,1,1,1,1,0,1,30,2,2,1,0,0,1,35.0,43.0,deux_roues,deux_roues,1,2,9,1,2
202300016302,2023-07-05 10:58:00,2023,7,5,10,58,971,97101,CARAQUE,16.25239714,-61.48979187,Plein jour,Hors agglomération,Hors intersection,Normale,Deux véhicules - frontale,3,-1,2,0,1,1,1,0,1,80,2,2,1,0,0,1,22.0,21.0,voiture,voiture,1,1,1,1,1
202300016303,2023-03-15 19:15:00,2023,3,15,19,15,17,17300,BILLAUD-VARENNE   AVENUE,46.15199,-1.12275,Crépuscule ou aube,En agglomération,Hors intersection,Normale,Sans collision,4,-1,2,0,1,4,1,0,1,30,1,1,0,0,0,1,6.0,,deux_roues,,2,2,1,1,7
202300016304,2023-11-19 14:00:00,2023,11,19,14,0,40,40164,D224,44.110122,-0.272845,Plein jour,Hors agglomération,Hors intersection,Normale,Sans collision,3,2,2,0,1,1,1,0,3,80,1,1,0,1,0,0,36.0,,voiture,,1,1,1,1,7
202300016305,2023-07-05 07:53:00,2023,7,5,7,53,971,97120,LAURICISQUE,16.25084,-61.54716,Plein jour,En agglomération,Autre intersection,Normale,Autre collision,3,2,2,0,1,1,1,0,1,30,1,2,1,0,0,1,58.0,,utilitaire_camion,,1,2,9,1,6
202300016306,2023-05-31 20:28:00,2023,5,31,20,28,92,92036,GRESILLONS ( AVENUE DES  ),48.91550204,2.3025839,Plein jour,En agglomération,Hors intersection,Normale,Autre collision,3,-1,1,0,1,1,1,0,1,50,1,2,1,0,0,1,50.0,,voiture,,1,2,1,1,6
202300016307,2023-03-15 19:05:00,2023,3,15,19,5,13,13210,ELLEON (AVENUE),43.28355622,5.44292157,Nuit avec éclairage allumé,En agglomération,Hors intersection,Normale,Autre collision,4,2,2,0,1,1,1,0,1,50,1,2,1,0,1,0,,,voiture,,5,2,1,1,6
202300016308,2023-08-09 22:25:00,2023,8,9,22,25,75,75117,BOULEVARD DU BOIS LE PRETRE,48.898916,2.322361,Nuit avec éclairage allumé,En agglomération,Intersection en X,Normale,Deux véhicules - côté,4,3,4,2,1,1,1,0,1,30,2,2,1,0,0,1,50.0,35.0,transport_commun,voiture,5,2,2,1,3
202300016308,2023-08-09 22:25:00,2023,8,9,22,25,75,75117,BOULEVARD DU BOIS LE PRETRE,48.898916,2.322361,Nuit avec éclairage allumé,En agglomération,Intersection en X,Normale,Deux véhicules - côté,4,1, -1,-1,1,1,1,0,1,30,2,2,1,0,0,1,50.0,35.0,transport_commun,voiture,5,2,2,1,3
202300016309,2023-11-17 15:00:00,2023,11,17,15,0,04,04088,Chemin des Tourettes,43.965824,5.806661,Plein jour,Hors agglomération,Hors intersection,Normale,Sans collision,4,2,2,0,2,1,1,0,8,80,1,1,0,1,0,0,55.0,,deux_roues,,1,1,1,1,7
202300016310,2023-06-01 13:40:00,2023,6,1,13,40,39,39461,,46.769221,6.05957,Plein jour,Hors agglomération,Hors intersection,Normale,Autre collision,3,2,2,0,1,2,1,0,8,80,1,2,0,0,1,1,38.0,,voiture,,1,1,1,1,6
202300016311,2023-07-03 03:40:00,2023,7,3,3,40,971,97107,DUMANOIR ( ALLEE ),16.0401,-61.5664,Nuit avec éclairage allumé,En agglomération,Intersection en T,Normale,Autre collision,2,2,2,0,1,1,1,2,1,50,1,2,0,0,2,0,31.0,,voiture,,5,2,3,1,6
202300016311,2023-07-03 03:40:00,2023,7,3,3,40,971,97107,DUMANOIR ( ALLEE ),16.0401,-61.5664,Nuit avec éclairage allumé,En agglomération,Intersection en T,Normale,Autre collision,2,2,2,0,1,1,1,0,1,50,1,2,0,0,2,0,31.0,,voiture,,5,2,3,1,6
202300016312,2023-08-10 18:40:00,2023,8,10,18,40,75,75115,BOULEVARD PASTEUR,48.84299,2.312807,Plein jour,En agglomération,Intersection en X,Normale,Deux véhicules - côté,4,-1,1,1,1,1,1,0,1,30,2,2,1,0,0,1,71.0,25.0,voiture,deux_roues,1,2,2,1,3
202300016312,2023-08-10 18:40:00,2023,8,10,18,40,75,75115,BOULEVARD PASTEUR,48.84299,2.312807,Plein jour,En agglomération,Intersection en X,Normale,Deux véhicules - côté,4,2,2,-1,1,1,1,0,1,-1,2,2,1,0,0,1,71.0,25.0,voiture,deux_roues,1,2,2,1,3
202300016313,2023-03-15 07:15:00,2023,3,15,7,15,13,13207,PASTEUR (AVENUE),43.29086,5.35911,Plein jour,En agglomération,Intersection en T,Normale,Autre collision,4,1,0,0,1,1,1,0,8,50,1,2,1,0,0,1,29.0,,voiture,,1,2,3,1,6
202300016313,2023-03-15 07:15:00,2023,3,15,7,15,13,13207,PASTEUR (AVENUE),43.29086,5.35911,Plein jour,En agglomération,Intersection en T,Normale,Autre collision,4,2,1,0,1,1,1,0,1,50,1,2,1,0,0,1,29.0,,voiture,,1,2,3,1,6
202300016314,2023-11-17 17:55:00,2023,11,17,17,55,85,85008,départementale 747,46.623461,-1.442428,Nuit sans éclairage public,Hors agglomération,Hors intersection,Pluie légère,Deux véhicules - arrière,3,3,0,0,2,1,2,0,1,90,2,2,1,0,0,1,72.0,38.0,voiture,deux_roues,3,1,1,2,2
202300016315,2023-07-05 23:50:00,2023,7,5,23,50,95,95268,D84,48.96078,2.40118,Nuit avec éclairage allumé,En agglomération,Autre intersection,Normale,Deux véhicules - côté,3,3,2,0,1,2,1,0,1,50,2,3,2,0,0,1,41.0,,deux_roues,voiture,5,2,9,1,3
202300016316,2023-08-09 16:16:00,2023,8,9,16,16,75,75114,RUE RAYMOND LOSSERAND,48.830951,2.312295,Plein jour,En agglomération,Intersection en X,Normale,Autre collision,4,1, -1,-1,1,1,1,0,1,30,1,2,0,0,0,2,63.0,,deux_roues,,1,2,2,1,6
202300016316,2023-08-09 16:16:00,2023,8,9,16,16,75,75114,RUE RAYMOND LOSSERAND,48.830951,2.312295,Plein jour,En agglomération,Intersection en X,Normale,Autre collision,4,1,1,0,1,1,1,0,1,30,1,2,0,0,0,2,63.0,,deux_roues,,1,2,2,1,6
202300016317,2023-03-12 10:15:00,2023,3,12,10,15,12,12202,DE LATTRE DE TASSIGNY (BOULEVARD),44.34782,2.56799,Plein jour,En agglomération,Intersection en Y,Normale,Autre collision,4,2,2,0,2,2,1,5,1,30,1,2,1,0,1,0,68.0,,voiture,,1,2,4,1,6
202300016317,2023-03-12 10:15:00,2023,3,12,10,15,12,12202,DE LATTRE DE TASSIGNY (BOULEVARD),44.34782,2.56799,Plein jour,En agglomération,Intersection en Y,Normale,Autre collision,4,2,2,0,2,1,1,0,1,30,1,2,1,0,1,0,68.0,,voiture,,1,2,4,1,6
202300016318,2023-07-04 20:10:00,2023,7,4,20,10,95,95680,D10,49.00624,2.40081,Crépuscule ou aube,En agglomération,Hors intersection,Pluie forte,Autre collision,3,2,2,0,1,1,2,0,1,50,1,2,1,0,1,0,27.0,,voiture,,2,2,1,3,6
202300016319,2023-08-10 14:35:00,2023,8,10,14,35,75,75108,AVENUE MARCEAU,48.867531,2.299411,Plein jour,En agglomération,Intersection en X,Normale,Autre collision,4,2,4,0,2,1,1,0,4,30,1,1,0,0,0,1,43.0,,voiture,,1,2,2,1,6
202300016319,2023-08-10 14:35:00,2023,8,10,14,35,75,75108,AVENUE MARCEAU,48.867531,2.299411,Plein jour,En agglomération,Intersection en X,Normale,Autre collision,4,2,2,0,1,1,1,0,4,30,1,1,0,0,0,1,43.0,,voiture,,1,2,2,1,6
202300016320,2023-11-19 19:15:00,2023,11,19,19,15,52,52455,9 Rue Jean Jaures,48.201,5.57843,Nuit avec éclairage allumé,En agglomération,Hors intersection,Pluie légère,Autre collision,3,2,2,0,2,1,2,0,1,50,1,3,2,0,1,0,55.0,,voiture,,5,2,1,2,6
202300016321,2023-05-31 08:45:00,2023,5,31,8,45,51,51141,Avenue du Docteur Justin Jolly,48.834288,4.518652,Plein jour,En agglomération,Intersection en X,Temps éblouissant,Deux véhicules - côté,4,2,2,0,1,1,1,0,1,50,2,2,1,0,0,1,36.0,47.0,voiture,voiture,1,2,2,7,3
202300016321,2023-05-31 08:45:00,2023,5,31,8,45,51,51141,Avenue du Docteur Justin Jolly,48.834288,4.518652,Plein jour,En agglomération,Intersection en X,Temps éblouissant,Deux véhicules - côté,4,2, -1,-1,1,1,1,0,1,-1,2,2,1,0,0,1,36.0,47.0,voiture,voiture,1,2,2,7,3
202300016322,2023-03-14 12:05:00,2023,3,14,12,5,11,11069,4 Boulevard Barbès,43.2102,2.35243,Plein jour,En agglomération,Hors intersection,Pluie légère,Sans collision,4,-1,2,0,1,1,2,0,1,50,1,1,0,0,0,1,19.0,,deux_roues,,1,2,1,2,7
202300016323,2023-06-02 00:15:00,2023,6,2,0,15,01,01378,Rroute Départementale 84,45.826168,5.149884,Nuit sans éclairage public,Hors agglomération,Hors intersection,Normale,Sans collision,3,2,2,0,1,1,1,0,3,80,1,1,0,0,1,0,24.0,,voiture,,3,1,1,1,7
202300016324,2023-11-19 19:20:00,2023,11,19,19,20,08,08185,,49.980787,4.689363,Nuit avec éclairage allumé,En agglomération,Hors intersection,Normale,Autre collision,3,2,2,0,1,1,1,0,4,50,1,1,0,0,1,0,19.0,,voiture,,5,2,1,1,6
202300016325,2023-07-05 16:20:00,2023,7,5,16,20,95,95427,D311,48.97613976,2.34781265,Plein jour,En agglomération,Intersection en T,Normale,Deux véhicules - côté,3,-1, -1,0,1,1,1,0,1,30,2,3,1,0,0,2,38.0,12.0,voiture,deux_roues,1,2,3,1,3
202300016325,2023-07-05 16:20:00,2023,7,5,16,20,95,95427,D311,48.97613976,2.34781265,Plein jour,En agglomération,Intersection en T,Normale,Deux véhicules - côté,3,2,2,0,1,1,1,0,1,30,2,3,1,0,0,2,38.0,12.0,voiture,deux_roues,1,2,3,1,3
202300016326,2023-08-10 18:05:00,2023,8,10,18,5,75,75104,RUE BOUTAREL,48.852447,2.354851,Plein jour,En agglomération,Intersection en T,Normale,Deux véhicules - arrière,4,1,1,0,1,1,1,0,1,30,2,3,2,0,0,1,46.0,29.0,utilitaire_camion,deux_roues,1,2,3,1,2
202300016326,2023-08-10 18:05:00,2023,8,10,18,5,75,75104,RUE BOUTAREL,48.852447,2.354851,Plein jour,En agglomération,Intersection en T,Normale,Deux véhicules - arrière,4,1,1,0,1,1,1,0,1,30,2,3,2,0,0,1,46.0,29.0,utilitaire_camion,deux_roues,1,2,3,1,2
202300016327,2023-05-25 23:40:00,2023,5,25,23,40,84,84088,route de velleron,44.000733,5.011954,Nuit avec éclairage non allumé,Hors agglomération,Giratoire,Normale,Deux véhicules - frontale,3,2,2,0,1,2,1,0,1,70,1,1,0,0,1,0,30.0,,deux_roues,,4,1,6,1,1
202300016328,2023-03-14 16:23:00,2023,3,14,16,23,10,10333,AUXERRE (ROUTE),48.27826165,4.06604648,Plein jour,En agglomération,Hors intersection,Pluie légère,Deux véhicules - arrière,3,2,2,0,1,1,2,0,1,50,2,2,1,0,0,1,65.0,57.0,voiture,voiture,1,2,1,2,2
202300016329,2023-08-10 16:00:00,2023,8,10,16,0,94,94041,Rue Maurice Gunsbourg,48.81425,2.40781,Plein jour,En agglomération,Hors intersection,Normale,Autre collision,4,1,1,0,1,1,1,0,4,30,1,1,0,0,0,1,58.0,,voiture,,1,2,1,1,6
202300016330,2023-06-01 15:30:00,2023,6,1,15,30,05,05027,D902,44.82623,6.728396,Plein jour,Hors agglomération,Hors intersection,Normale,Sans collision,3,2,2,0,2,2,1,0,3,80,1,1,0,0,1,0,44.0,,deux_roues,,1,1,1,1,7
202300016331,2023-11-19 22:48:00,2023,11,19,22,48,49,49228,Route de Saumur (Noyant),47.505863,0.11063,Nuit sans éclairage public,Hors agglomération,Intersection en T,Normale,Deux véhicules - côté,3,2,2,0,1,1,1,0,1,90,2,2,1,0,1,0,42.0,24.0,utilitaire_camion,voiture,3,1,3,1,3
202300016331,2023-11-19 22:48:00,2023,11,19,22,48,49,49228,Route de Saumur (Noyant),47.505863,0.11063,Nuit sans éclairage public,Hors agglomération,Intersection en T,Normale,Deux véhicules - côté,3,2,2,0,1,1,1,5,1,90,2,2,1,0,1,0,42.0,24.0,utilitaire_camion,voiture,3,1,3,1,3
202300016332,2023-07-01 10:20:00,2023,7,1,10,20,85,85194,VENDEE GLOBE (BOULEVARD DU),46.49541,-1.752005,Plein jour,En agglomération,Giratoire,Normale,Deux véhicules - côté,4,1,2,2,1,2,1,0,5,50,2,2,1,0,1,0,58.0,73.0,voiture,deux_roues,1,2,6,1,3
202300016332,2023-07-01 10:20:00,2023,7,1,10,20,85,85194,VENDEE GLOBE (BOULEVARD DU),46.49541,-1.752005,Plein jour,En agglomération,Giratoire,Normale,Deux véhicules - côté,4,2,2,0,1,1,1,0,5,50,2,2,1,0,1,0,58.0,73.0,voiture,deux_roues,1,2,6,1,3
202300016333,2023-03-14 13:15:00,2023,3,14,13,15,10,10387,FAUBOURG CRONCELS (RUE DU),48.28231,4.07942,Plein jour,En agglomération,Hors intersection,Pluie forte,Autre collision,4,2,3,0,1,1,2,0,1,50,2,2,1,0,0,1,33.0,75.0,voiture,voiture,1,2,1,3,6
202300016334,2023-08-10 14:15:00,2023,8,10,14,15,94,94073,Avenue du Luxembourg,48.756144,2.373559,Plein jour,Hors agglomération,Hors intersection,Normale,Deux véhicules - frontale,6,-1,0,0,1,1,1,0,1,30,2,2,1,0,0,1,32.0,48.0,voiture,voiture,1,1,1,1,1
202300016335,2023-06-01 10:30:00,2023,6,1,10,30,972,97222,59 Route du Port,14.669613,-60.94328,Plein jour,En agglomération,Hors intersection,Normale,Deux véhicules - côté,3,2,2,0,1,1,1,0,1,50,2,3,1,0,2,0,36.0,28.0,voiture,deux_roues,1,2,1,1,3
202300016336,2023-11-20 10:50:00,2023,11,20,10,50,76,76489,RN 1029,49.474148,0.269465,Plein jour,Hors agglomération,Hors intersection,Pluie légère,Autre collision,2,3,2,0,2,3,2,2,1,90,1,2,1,1,0,0,29.0,,voiture,,1,1,1,2,6
202300016337,2023-07-04 18:01:00,2023,7,4,18,1,78,78643,ORGEVAL ROUTE D',48.95887,1.98028,Plein jour,Hors agglomération,Giratoire,Normale,Trois véhicules et plus - collisions multiples,3,1,2,0,1,2,1,0,1,70,3,3,2,0,0,1,24.0,56.0,deux_roues,voiture,1,1,6,1,5
202300016338,2023-08-09 21:15:00,2023,8,9,21,15,94,94065,Avenue Charles Lindbergh,48.755827,2.346297,Plein jour,En agglomération,Hors intersection,Normale,Trois véhicules et plus - en chaîne,3,3,2,0,1,1,1,0,1,50,3,3,2,0,1,0,28.0,31.0,deux_roues,voiture,1,2,1,1,4
202300016339,2023-03-14 13:29:00,2023,3,14,13,29,10,10387,GEORGES POMPIDOU (RUE),48.28842,4.08083,Plein jour,En agglomération,Giratoire,Pluie légère,Deux véhicules - côté,4,-1,2,1,1,1,2,9,5,50,2,2,1,0,0,1,71.0,60.0,deux_roues,voiture,1,2,6,2,3
202300016339,2023-03-14 13:29:00,2023,3,14,13,29,10,10387,GEORGES POMPIDOU (RUE),48.28842,4.08083,Plein jour,En agglomération,Giratoire,Pluie légère,Deux véhicules - côté,4,-1,2,0,1,1,2,0,5,50,2,2,1,0,0,1,71.0,60.0,deux_roues,voiture,1,2,6,2,3
202300016340,2023-11-17 15:55:00,2023,11,17,15,55,34,34113,"Autotoute A9, PK 117.500, sens Sud Nord",43.50564,3.735909,Plein jour,Hors agglomération,Hors intersection,Normale,Deux véhicules - côté,1,3,3,0,1,1,1,0,1,130,2,2,1,0,0,1,66.0,30.0,utilitaire_camion,voiture,1,1,1,1,3
202300016341,2023-06-01 17:50:00,2023,6,1,17,50,01,01322,Montee des Balmes,45.939361,4.80098,Plein jour,Hors agglomération,Intersection en Y,Normale,Deux véhicules - côté,3,2,2,0,3,1,1,0,1,70,2,2,1,0,0,1,85.0,57.0,voiture,deux_roues,1,1,4,1,3
202300016341,2023-06-01 17:50:00,2023,6,1,17,50,01,01322,Montee des Balmes,45.939361,4.80098,Plein jour,Hors agglomération,Intersection en Y,Normale,Deux véhicules - côté,3,2,2,0,2,2,1,0,1,70,2,2,1,0,0,1,85.0,57.0,voiture,deux_roues,1,1,4,1,3
202300016342,2023-08-10 06:15:00,2023,8,10,6,15,94,94022,Avenue Anatole France,48.7566629,2.41410103,Crépuscule ou aube,En agglomération,Hors intersection,Normale,Deux véhicules - frontale,4,2,2,0,1,1,1,0,1,50,2,2,0,0,0,2,41.0,22.0,utilitaire_camion,voiture,2,2,1,1,1
202300016343,2023-07-05 12:35:00,2023,7,5,12,35,77,77284,ROOSEVELT (AV.DU PDT),48.957139,2.898718,Plein jour,En agglomération,Hors intersection,Normale,Autre collision,3,3,0,0,1,1,1,0,1,50,1,2,1,0,1,0,80.0,,voiture,,1,2,1,1,6
202300016344,2023-03-15 22:59:00,2023,3,15,22,59,75,75113,BOULEVARD PERIPHERIQUE INTERIEUR,48.819066,2.371901,Nuit avec éclairage allumé,En agglomération,Hors intersection,Normale,Deux véhicules - côté,4,1,4,3,1,1,1,1,1,70,2,4,2,0,0,2,49.0,36.0,utilitaire_camion,voiture,5,2,1,1,3
202300016345,2023-06-01 08:19:00,2023,6,1,8,19,01,01143,Avenue des Voirons,46.348505,6.137018,Plein jour,En agglomération,Giratoire,Normale,Deux véhicules - côté,3,2,1,0,1,2,1,0,1,50,2,2,1,0,1,0,45.0,67.0,deux_roues,voiture,1,2,6,1,3
202300016346,2023-07-05 10:50:00,2023,7,5,10,50,77,77284,GRAND CERF (RUE DU),48.95864,2.88004,Plein jour,En agglomération,Hors intersection,Normale,Deux véhicules - arrière,4,-1,0,3,1,1,1,6,1,20,1,2,1,0,0,1,21.0,,utilitaire_camion,,1,2,1,1,2
202300016347,2023-08-10 08:15:00,2023,8,10,8,15,93,93066,Avenue Roger Sémat,48.94850831,2.35760915,Plein jour,En agglomération,Hors intersection,Normale,Trois véhicules et plus - collisions multiples,3,3,4,0,1,1,1,0,1,50,3,3,2,0,0,1,47.0,,deux_roues,utilitaire_camion,1,2,1,1,5
202300016348,2023-11-19 17:22:00,2023,11,19,17,22,971,97103,Bd du Marquisat du Houelbourg,16.240369,-61.587438,Plein jour,En agglomération,Hors intersection,Normale,Deux véhicules - côté,2,2,2,0,1,1,1,0,1,70,2,5,0,0,0,4,52.0,,voiture,voiture,1,2,1,1,3
202300016349,2023-07-04 21:40:00,2023,7,4,21,40,76,76305,RD 6015,49.51215,0.22191,Nuit sans éclairage public,Hors agglomération,Hors intersection,Pluie forte,Sans collision,3,3,0,0,2,2,3,0,1,90,1,1,0,0,0,1,41.0,,voiture,,3,1,1,3,7
202300016350,2023-08-10 15:10:00,2023,8,10,15,10,93,93055,Rue du Pré Saint Gervais,48.889296,2.403407,Plein jour,En agglomération,Hors intersection,Normale,Deux véhicules - côté,4,2,2,3,1,1,1,0,1,30,2,2,1,0,1,0,10.0,33.0,deux_roues,transport_commun,1,2,1,1,3
202300016351,2023-03-15 11:38:00,2023,3,15,11,38,75,75118,AVENUE DE SAINT OUEN,48.891333,2.326889,Plein jour,En agglomération,Intersection en X,Normale,Deux véhicules - côté,4,2,4,1,2,1,1,0,5,30,2,2,1,0,0,1,61.0,31.0,utilitaire_camion,deux_roues,1,2,2,1,3
202300016351,2023-03-15 11:38:00,2023,3,15,11,38,75,75118,AVENUE DE SAINT OUEN,48.891333,2.326889,Plein jour,En agglomération,Intersection en X,Normale,Deux véhicules - côté,4,1, -1,-1,1,1,1,0,5,-1,2,2,1,0,0,1,61.0,31.0,utilitaire_camion,deux_roues,1,2,2,1,3