accident_id,datetime,annee,mois,jour,heure,minute,departement,commune_insee,adresse,latitude,longitude,luminosite,agglomeration,intersection,meteo,collision,catr,circ,nbv,vosp,prof,plan,surf,infra,situ,vma,nb_vehicules,nb_usagers,nb_indemnes,nb_tues,nb_blesses_hosp,nb_blesses_legers,age_cond_1,age_cond_2,veh_type_cond_1,veh_type_cond_2,lum_code,agg_code,int_code,atm_code,col_code
202300016352,2023-05-30 15:35:00,2023,5,30,15,35,67,67485,d64,48.634781,7.624337,Plein jour,Hors agglomération,Intersection en Y,Normale,Deux véhicules - frontale,3,2,2,0,1,1,1,0,1,80,2,2,1,0,1,0,76.0,62.0,voiture,deux_roues,1,1,4,1,1
202300016352,2023-05-30 15:35:00,2023,5,30,15,35,67,67485,d64,48.634781,7.624337,Plein jour,Hors agglomération,Intersection en Y,Normale,Deux véhicules - frontale,3,2, -1,-1,1,1,1,0,1,80,2,2,1,0,1,0,76.0,62.0,voiture,deux_roues,1,1,4,1,1
202300016353,2023-11-20 16:30:00,2023,11,20,16,30,95,95604,D317,49.104823,2.531834,Crépuscule ou aube,Hors agglomération,Hors intersection,Pluie forte,Deux véhicules - frontale,3,2,2,0,1,1,2,0,5,80,2,2,1,0,0,1,51.0,24.0,utilitaire_camion,voiture,2,1,1,3,1
202300016354,2023-06-27 19:30:00,2023,6,27,19,30,68,68224,BOURTZWILLER (PONT DE),47.76342134,7.32502699,Plein jour,En agglomération,Hors intersection,Normale,Sans collision,4,2,4,0,1,1,1,0,1,50,1,1,0,1,0,0,47.0,,deux_roues,,1,2,1,1,7
202300016355,2023-05-30 17:20:00,2023,5,30,17,20,67,67293,Minversheim,48.771383,7.626041,Plein jour,Hors agglomération,Hors intersection,Normale,Deux véhicules - côté,3,2,2,0,1,4,1,0,1,80,2,2,1,0,0,1,35.0,36.0,voiture,voiture,1,1,1,1,3
202300016356,2023-08-10 13:15:00,2023,8,10,13,15,93,93055,Rue Delizy / Rue Victor Hugo,48.8932682,2.40964879,Plein jour,En agglomération,Intersection en X,Normale,Deux véhicules - arrière,3,2,4,2,1,1,1,0,1,50,2,3,2,0,0,1,40.0,30.0,voiture,deux_roues,1,2,2,1,2
202300016356,2023-08-10 13:15:00,2023,8,10,13,15,93,93055,Rue Delizy / Rue Victor Hugo,48.8932682,2.40964879,Plein jour,En agglomération,Intersection en X,Normale,Deux véhicules - arrière,3,2,3,0,1,1,1,0,1,-1,2,3,2,0,0,1,40.0,30.0,voiture,deux_roues,1,2,2,1,2
202300016357,2023-06-09 20:27:00,2023,6,9,20,27,68,68066,INGERSHEIM (ROUTE D'),48.087162,7.326501,Plein jour,En agglomération,Autre intersection,Normale,Autre collision,4,-1,0,0,1,1,1,9,8,30,1,2,1,0,0,1,63.0,,voiture,,1,2,9,1,6
202300016358,2023-03-15 20:25:00,2023,3,15,20,25,75,75106,QUAI MALAQUAIS,48.85785869,2.33623624,Nuit sans éclairage public,En agglomération,Intersection en T,Normale,Deux véhicules - frontale,4,1, -1,-1,1,1,1,0,1,-1,2,2,1,0,0,1,54.0,79.0,deux_roues,voiture,3,2,3,1,1
202300016358,2023-03-15 20:25:00,2023,3,15,20,25,75,75106,QUAI MALAQUAIS,48.85785869,2.33623624,Nuit sans éclairage public,En agglomération,Intersection en T,Normale,Deux véhicules - frontale,4,1,2,0,1,1,1,0,1,30,2,2,1,0,0,1,54.0,79.0,deux_roues,voiture,3,2,3,1,1
202300016359,2023-11-08 09:50:00,2023,11,8,9,50,60,60138,Autoroute A1 - PK 045.000 - Sens L/P,49.22059268,2.63725519,Plein jour,Hors agglomération,Hors intersection,Normale,Deux véhicules - arrière,1,-1,3,0,1,1,1,0,1,130,2,3,2,0,1,0,68.0,41.0,voiture,utilitaire_camion,1,1,1,1,2
202300016360,2023-08-10 00:25:00,2023,8,10,0,25,93,93008,Chemin des Vignes,48.89859,2.43586,Nuit sans éclairage public,En agglomération,Hors intersection,Normale,Sans collision,4,2,2,0,1,2,1,0,3,50,1,1,0,0,0,1,21.0,,deux_roues,,3,2,1,1,7
202300016361,2023-06-02 08:05:00,2023,6,2,8,5,01,01354,Rue Germaine Tillion,46.240307,6.033758,Plein jour,En agglomération,Giratoire,Normale,Deux véhicules - côté,4,1,1,1,1,1,1,0,5,80,2,2,1,0,1,0,,38.0,voiture,deux_roues,1,2,6,1,3
202300016362,2023-07-04 20:09:00,2023,7,4,20,9,67,67482,CRANACH (RUE),48.56555,7.71772,Plein jour,En agglomération,Passage à niveau,Normale,Deux véhicules - côté,4,3,3,3,1,1,1,4,6,30,2,3,2,0,0,1,24.0,56.0,deux_roues,transport_commun,1,2,8,1,3
202300016363,2023-03-15 12:15:00,2023,3,15,12,15,75,75114,BOULEVARD BRUNE,48.825768,2.314409,Plein jour,En agglomération,Hors intersection,Normale,Sans collision,4,1,4,1,1,1,1,0,5,30,1,1,0,0,0,1,31.0,,deux_roues,,1,2,1,1,7
202300016364,2023-08-10 17:15:00,2023,8,10,17,15,93,93045,Rue de Paris / Rue des Bruyères,48.87897927,2.41300524,Plein jour,En agglomération,Intersection à plus de 4 branches,Normale,Autre collision,3,2,2,0,1,1,1,0,1,30,1,2,0,0,0,2,28.0,,deux_roues,,1,2,5,1,6
202300016364,2023-08-10 17:15:00,2023,8,10,17,15,93,93045,Rue de Paris / Rue des Bruyères,48.87897927,2.41300524,Plein jour,En agglomération,Intersection à plus de 4 branches,Normale,Autre collision,3,2,3,3,1,1,1,0,1,30,1,2,0,0,0,2,28.0,,deux_roues,,1,2,5,1,6
202300016365,2023-11-19 10:03:00,2023,11,19,10,3,77,77069,D637,48.457535,2.588329,Plein jour,Hors agglomération,Autre intersection,Normale,Deux véhicules - côté,3,2,2,0,1,1,1,0,1,90,2,3,0,0,1,2,54.0,51.0,voiture,voiture,1,1,9,1,3
202300016366,2023-06-02 08:17:00,2023,6,2,8,17,06,06140,Route de Saint Cezaire,43.63788,6.838619,Plein jour,En agglomération,Hors intersection,Normale,Deux véhicules - côté,3,2,2,0,1,1,1,0,1,30,2,2,1,1,0,0,21.0,23.0,deux_roues,voiture,1,2,1,1,3
202300016367,2023-07-04 07:58:00,2023,7,4,7,58,67,67462,DOCTEUR CH. HOUILLON (AVENUE DU),48.26287,7.45914,Plein jour,En agglomération,Hors intersection,Normale,Autre collision,4,2,2,0,1,1,1,0,1,40,2,2,1,0,0,1,10.0,23.0,deux_roues,voiture,1,2,1,1,6
202300016368,2023-03-15 09:40:00,2023,3,15,9,40,75,75113,BOULEVARD DE L HOPITAL,48.83885283,2.36099303,Plein jour,En agglomération,Intersection en Y,Normale,Deux véhicules - côté,4,2,4,0,2,1,1,9,1,30,2,2,1,0,0,1,52.0,29.0,voiture,deux_roues,1,2,4,1,3
202300016368,2023-03-15 09:40:00,2023,3,15,9,40,75,75113,BOULEVARD DE L HOPITAL,48.83885283,2.36099303,Plein jour,En agglomération,Intersection en Y,Normale,Deux véhicules - côté,4,1,1,0,1,1,1,0,1,30,2,2,1,0,0,1,52.0,29.0,voiture,deux_roues,1,2,4,1,3
202300016369,2023-05-23 23:45:00,2023,5,23,23,45,59,59307,43 Route de Bourbourg,50.870778,2.198975,Nuit sans éclairage public,Hors agglomération,Hors intersection,Normale,Autre collision,3,2,2,0,1,2,1,0,3,80,1,1,0,0,0,1,48.0,,utilitaire_camion,,3,1,1,1,6
202300016370,2023-11-19 08:00:00,2023,11,19,8,0,988,98819,Route de MANGHINE 1,-20.392161,164.4138336,Plein jour,Hors agglomération,Hors intersection,Normale,Sans collision,3,2,2,0,1,4,1,0,8,110,1,1,0,0,1,0,57.0,,utilitaire_camion,,1,1,1,1,7
202300016371,2023-07-05 16:25:00,2023,7,5,16,25,63,63113,FONTGIEVE (RUE),45.78072,3.07657,Plein jour,En agglomération,Intersection en X,Pluie légère,Autre collision,4,-1,3,0,1,1,2,0,1,30,1,2,1,0,0,1,28.0,,voiture,,1,2,2,2,6
202300016371,2023-07-05 16:25:00,2023,7,5,16,25,63,63113,FONTGIEVE (RUE),45.78072,3.07657,Plein jour,En agglomération,Intersection en X,Pluie légère,Autre collision,4,2,2,0,1,1,2,0,1,30,1,2,1,0,0,1,28.0,,voiture,,1,2,2,2,6
202300016372,2023-08-09 03:10:00,2023,8,9,3,10,93,93010,Pont de Bondy,48.90478941,2.47035108,Nuit avec éclairage allumé,En agglomération,Hors intersection,Normale,Autre collision,3,3,6,0,1,1,1,2,8,50,1,3,1,0,1,1,,,voiture,,5,2,1,1,6
202300016373,2023-05-28 17:45:00,2023,5,28,17,45,85,85017,la Riviere Galochon,46.892021,-1.125584,Plein jour,Hors agglomération,Hors intersection,Normale,Deux véhicules - frontale,4,2,2,0,1,2,1,0,1,80,2,2,1,0,0,1,57.0,16.0,voiture,deux_roues,1,1,1,1,1
202300016374,2023-03-16 16:20:00,2023,3,16,16,20,75,75112,AVENUE DES MINIMES,48.84291,2.423275,Plein jour,En agglomération,Hors intersection,Normale,Deux véhicules - arrière,4,2,2,0,2,1,1,0,1,30,2,2,1,0,0,1,52.0,54.0,utilitaire_camion,deux_roues,1,2,1,1,2
202300016375,2023-11-18 21:20:00,2023,11,18,21,20,986,98613,utufua ,-13.339568,-176.193752,Nuit sans éclairage public,En agglomération,Hors intersection,Pluie légère,Sans collision,9,2,2,0,1,1,1,0,1,-1,1,1,0,0,1,0,21.0,,deux_roues,,3,2,1,2,7
202300016376,2023-08-10 19:10:00,2023,8,10,19,10,93,93001,Rue Léopold Réchossière,48.91451171,2.38959195,Plein jour,En agglomération,Hors intersection,Normale,Deux véhicules - côté,4,2,2,0,1,1,1,0,1,50,2,2,1,0,0,1,46.0,65.0,deux_roues,voiture,1,2,1,1,3
202300016377,2023-06-01 07:34:00,2023,6,1,7,34,34,34036,"A75, PK 285+200, sens BEZIERS/MILLAU",43.678076,3.407521,Plein jour,Hors agglomération,Autre intersection,Normale,Autre collision,1,3,2,0,1,1,1,0,3,130,1,2,1,0,1,0,38.0,,utilitaire_camion,,1,1,9,1,6
202300016378,2023-07-05 13:30:00,2023,7,5,13,30,63,63113,JULIEN (AVENUE),45.77354,3.07539,Plein jour,En agglomération,Giratoire,Normale,Deux véhicules - arrière,4,1,2,0,1,1,1,0,1,30,2,2,1,0,0,1,28.0,44.0,utilitaire_camion,deux_roues,1,2,6,1,2
202300016378,2023-07-05 13:30:00,2023,7,5,13,30,63,63113,JULIEN (AVENUE),45.77354,3.07539,Plein jour,En agglomération,Giratoire,Normale,Deux véhicules - arrière,4,1,2,0,1,1,1,9,1,30,2,2,1,0,0,1,28.0,44.0,utilitaire_camion,deux_roues,1,2,6,1,2
202300016379,2023-11-19 10:18:00,2023,11,19,10,18,83,83035,D2,43.260206,5.756814,Plein jour,Hors agglomération,Hors intersection,Normale,Deux véhicules - arrière,3,2,2,0,1,1,1,0,3,90,2,2,1,1,0,0,62.0,64.0,deux_roues,deux_roues,1,1,1,1,2
202300016380,2023-03-16 06:31:00,2023,3,16,6,31,75,75110,BOULEVARD DE MAGENTA,48.874637,2.357391,Crépuscule ou aube,En agglomération,Intersection en X,Normale,Deux véhicules - côté,4,1,6,1,1,1,1,-1,5,35,2,2,1,0,0,1,39.0,25.0,deux_roues,deux_roues,2,2,2,1,3
202300016380,2023-03-16 06:31:00,2023,3,16,6,31,75,75110,BOULEVARD DE MAGENTA,48.874637,2.357391,Crépuscule ou aube,En agglomération,Intersection en X,Normale,Deux véhicules - côté,4,1,3,1,1,1,1,-1,5,35,2,2,1,0,0,1,39.0,25.0,deux_roues,deux_roues,2,2,2,1,3
202300016381,2023-08-10 21:00:00,2023,8,10,21,0,92,92049,PIERRE BROSSOLETTE (AVENUE),48.81983,2.31082,Plein jour,En agglomération,Intersection en T,Normale,Deux véhicules - côté,3,4,2,0,1,1,1,0,1,50,2,2,1,0,0,1,36.0,24.0,deux_roues,voiture,1,2,3,1,3
202300016381,2023-08-10 21:00:00,2023,8,10,21,0,92,92049,PIERRE BROSSOLETTE (AVENUE),48.81983,2.31082,Plein jour,En agglomération,Intersection en T,Normale,Deux véhicules - côté,3,4,2,0,1,1,1,0,1,50,2,2,1,0,0,1,36.0,24.0,deux_roues,voiture,1,2,3,1,3
202300016382,2023-07-05 16:00:00,2023,7,5,16,0,59,59512,ALSACE (AVENUE D'),50.69,3.16,Plein jour,En agglomération,Hors intersection,Normale,Deux véhicules - côté,4,3,4,0,1,1,1,0,1,50,2,3,2,0,0,1,25.0,24.0,voiture,voiture,1,2,1,1,3
202300016383,2023-06-01 16:50:00,2023,6,1,16,50,57,57334,D97 à hauteur du 44 rue principale,48.673945,7.176037,Plein jour,En agglomération,Hors intersection,Normale,Deux véhicules - côté,3,2,2,0,2,1,1,0,1,50,2,2,1,0,0,1,89.0,15.0,voiture,deux_roues,1,2,1,1,3
202300016384,2023-08-10 17:30:00,2023,8,10,17,30,92,92022,SALENGRO (AVENUE ROGER),48.80530833,2.18314201,Plein jour,En agglomération,Hors intersection,Normale,Deux véhicules - frontale,3,2,4,2,1,1,1,0,1,50,2,2,1,0,0,1,23.0,62.0,deux_roues,voiture,1,2,1,1,1
202300016385,2023-03-16 06:20:00,2023,3,16,6,20,75,75110,RUE LA FAYETTE,48.880618,2.362028,Crépuscule ou aube,En agglomération,Intersection en X,Normale,Autre collision,4,1, -1,-1,1,1,1,0,1,-1,1,2,1,0,0,1,65.0,,deux_roues,,2,2,2,1,6
202300016385,2023-03-16 06:20:00,2023,3,16,6,20,75,75110,RUE LA FAYETTE,48.880618,2.362028,Crépuscule ou aube,En agglomération,Intersection en X,Normale,Autre collision,4,2,1,0,1,1,1,0,1,30,1,2,1,0,0,1,65.0,,deux_roues,,2,2,2,1,6
202300016386,2023-07-05 00:28:00,2023,7,5,0,28,56,56121,ORADOUR (PONT D'),47.75413,-3.37115,Nuit avec éclairage allumé,En agglomération,Autre intersection,Normale,Deux véhicules - côté,4,2,2,3,1,1,1,2,1,30,2,2,1,0,0,1,21.0,,voiture,voiture,5,2,9,1,3
202300016387,2023-06-02 13:35:00,2023,6,2,13,35,51,51350,D11,48.923046,3.66791,Plein jour,Hors agglomération,Hors intersection,Normale,Deux véhicules - frontale,3,2,2,0,1,3,1,0,1,80,2,2,1,1,0,0,75.0,52.0,voiture,utilitaire_camion,1,1,1,1,1
202300016388,2023-07-04 21:31:00,2023,7,4,21,31,49,49007,EPINARD ROUTE,47.503,-0.567,Plein jour,Hors agglomération,Hors intersection,Pluie légère,Autre collision,3,3,4,0,1,2,2,0,1,90,1,1,0,0,0,1,18.0,,voiture,,1,1,1,2,6
202300016389,2023-08-10 10:00:00,2023,8,10,10,0,92,92072,GRANDE RUE,48.82691,2.22132,Plein jour,En agglomération,Hors intersection,Normale,Deux véhicules - arrière,3,2,4,0,1,1,1,0,1,50,2,4,3,0,0,1,77.0,25.0,voiture,deux_roues,1,2,1,1,2
202300016390,2023-03-16 09:30:00,2023,3,16,9,30,75,75108,BOULEVARD HAUSSMANN,48.875037,2.309198,Plein jour,En agglomération,Intersection en X,Normale,Deux véhicules - côté,4,2,6,0,1,1,1,0,1,30,2,2,1,0,0,1,41.0,54.0,voiture,deux_roues,1,2,2,1,3
202300016390,2023-03-16 09:30:00,2023,3,16,9,30,75,75108,BOULEVARD HAUSSMANN,48.875037,2.309198,Plein jour,En agglomération,Intersection en X,Normale,Deux véhicules - côté,4,2,2,0,2,1,1,0,1,30,2,2,1,0,0,1,41.0,54.0,voiture,deux_roues,1,2,2,1,3
202300016391,2023-05-01 15:00:00,2023,5,1,15,0,56,56116,Lieu Dit Fetan Stirec,47.578465,-2.957232,Plein jour,Hors agglomération,Intersection en T,Normale,Deux véhicules - côté,3,2,2,0,1,1,1,0,1,70,2,3,1,0,1,1,63.0,33.0,deux_roues,voiture,1,1,3,1,3
202300016391,2023-05-01 15:00:00,2023,5,1,15,0,56,56116,Lieu Dit Fetan Stirec,47.578465,-2.957232,Plein jour,Hors agglomération,Intersection en T,Normale,Deux véhicules - côté,3,2,2,-1,1,1,1,0,1,-1,2,3,1,0,1,1,63.0,33.0,deux_roues,voiture,1,1,3,1,3
202300016392,2023-11-20 06:30:00,2023,11,20,6,30,73,73181,N90,45.481235,6.527832,Nuit avec éclairage allumé,Hors agglomération,Hors intersection,Temps couvert,Deux véhicules - frontale,2,2,2,0,2,2,2,1,1,70,2,4,0,1,0,3,20.0,22.0,voiture,voiture,5,1,1,8,1
202300016393,2023-08-10 22:00:00,2023,8,10,22,0,50,50066,Route de la Chevallerie,48.745913,-1.559478,Nuit sans éclairage public,Hors agglomération,Hors intersection,Normale,Deux véhicules - frontale,3,2,2,0,2,3,1,0,1,80,2,4,2,0,1,1,21.0,67.0,deux_roues,voiture,3,1,1,1,1
202300016394,2023-03-16 12:00:00,2023,3,16,12,0,75,75107,AVENUE DE LA BOURDONNAIS,48.855617,2.303336,Plein jour,En agglomération,Hors intersection,Normale,Autre collision,4,2,3,1,1,1,1,0,1,30,1,2,1,0,0,1,52.0,,voiture,,1,2,1,1,6
202300016395,2023-06-01 18:15:00,2023,6,1,18,15,76,76540,Quai Gaston Boulet (Trémie),49.443596,1.076789,Plein jour,En agglomération,Hors intersection,Normale,Deux véhicules - côté,7,1,3,0,1,1,1,1,6,50,2,2,1,0,0,1,56.0,46.0,deux_roues,voiture,1,2,1,1,3
202300016396,2023-07-05 13:50:00,2023,7,5,13,50,45,45302,D557 PR 0 + 341,47.95121,1.86205,Plein jour,En agglomération,Hors intersection,Normale,Trois véhicules et plus - en chaîne,3,2,2,0,1,1,1,0,1,50,4,7,6,0,0,1,31.0,20.0,voiture,voiture,1,2,1,1,4
202300016397,2023-08-11 10:30:00,2023,8,11,10,30,95,95313,D64,49.11292,2.216275,Plein jour,En agglomération,Hors intersection,Normale,Autre collision,3,1,1,2,1,1,1,0,1,50,1,2,0,0,0,2,75.0,,voiture,,1,2,1,1,6
202300016398,2023-11-19 20:24:00,2023,11,19,20,24,73,73227,D98,45.433146,6.57835,Nuit sans éclairage public,Hors agglomération,Hors intersection,Pluie légère,Sans collision,3,2,2,0,2,1,2,0,8,80,1,3,0,1,0,2,32.0,,voiture,,3,1,1,2,7
202300016399,2023-06-02 15:00:00,2023,6,2,15,0,79,79196,,46.893508,-0.04798,Plein jour,Hors agglomération,Hors intersection,Normale,Sans collision,4,2,2,0,1,3,1,0,3,80,1,1,0,0,1,0,23.0,,deux_roues,,1,1,1,1,7
202300016400,2023-03-16 10:00:00,2023,3,16,10,0,94,94078,Avenue Winston Churchill,48.754048,2.449157,Plein jour,En agglomération,Autre intersection,Normale,Deux véhicules - côté,3,3,5,1,1,1,1,0,1,50,2,2,1,0,0,1,38.0,25.0,voiture,deux_roues,1,2,9,1,3
202300016401,2023-08-11 15:30:00,2023,8,11,15,30,95,95487,D4,49.153008,2.256773,Plein jour,En agglomération,Hors intersection,Pluie légère,Sans collision,3,3,4,0,1,1,2,0,1,70,1,1,0,0,0,1,22.0,,deux_roues,,1,2,1,2,7
202300016402,2023-07-04 14:30:00,2023,7,4,14,30,44,44162,2 Place des Thébaudières,47.24376,-1.60643,Plein jour,En agglomération,Hors intersection,Normale,Autre collision,4,1,1,0,1,2,1,0,1,30,1,2,1,0,0,1,25.0,,voiture,,1,2,1,1,6
202300016403,2023-06-02 08:45:00,2023,6,2,8,45,2A,2A092,Tarcu,41.747354,9.402924,Plein jour,En agglomération,Hors intersection,Normale,Autre collision,2,3,2,0,1,2,1,0,4,50,1,2,0,0,0,2,25.0,,voiture,,1,2,1,1,6
202300016404,2023-03-15 18:34:00,2023,3,15,18,34,94,94068,Avenue Joffre,48.80242941,2.4926227,Plein jour,En agglomération,Autre intersection,Normale,Autre collision,4,3,2,0,1,3,1,0,1,30,1,2,1,0,0,1,44.0,,voiture,,1,2,9,1,6
202300016405,2023-11-18 00:10:00,2023,11,18,0,10,01,01297,431 Route de Bourg-en-bresse,45.886046,5.088714,Nuit avec éclairage non allumé,En agglomération,Hors intersection,Pluie légère,Deux véhicules - frontale,3,2,2,0,2,1,2,0,1,50,2,2,1,0,0,1,27.0,18.0,voiture,voiture,4,2,1,2,1
202300016406,2023-08-06 07:05:00,2023,8,6,7,5,40,40304,Res les Terrasses Notre Dame,43.656649,-1.44187,Crépuscule ou aube,En agglomération,Autre intersection,Normale,Deux véhicules - côté,4,-1, -1,0,1,1,1,0,1,50,2,2,1,0,1,0,54.0,40.0,voiture,deux_roues,2,2,9,1,3
202300016406,2023-08-06 07:05:00,2023,8,6,7,5,40,40304,Res les Terrasses Notre Dame,43.656649,-1.44187,Crépuscule ou aube,En agglomération,Autre intersection,Normale,Deux véhicules - côté,4,1,2,0,2,1,1,0,1,50,2,2,1,0,1,0,54.0,40.0,voiture,deux_roues,2,2,9,1,3
202300016407,2023-06-02 11:00:00,2023,6,2,11,0,65,65095,Route de Lahitte,43.244859,0.363504,Plein jour,Hors agglomération,Hors intersection,Normale,Sans collision,3,2,2,0,2,1,1,0,1,80,1,1,0,0,0,1,58.0,,deux_roues,,1,1,1,1,7
202300016408,2023-03-16 06:00:00,2023,3,16,6,0,94,94068,Avenue Pierre Semard,48.80261455,2.51158029,Nuit avec éclairage allumé,En agglomération,Intersection en X,Normale,Deux véhicules - arrière,4,2,2,0,1,1,1,0,1,30,2,2,1,0,0,1,29.0,59.0,voiture,voiture,5,2,2,1,2
202300016408,2023-03-16 06:00:00,2023,3,16,6,0,94,94068,Avenue Pierre Semard,48.80261455,2.51158029,Nuit avec éclairage allumé,En agglomération,Intersection en X,Normale,Deux véhicules - arrière,4,2,2,0,1,1,1,9,1,30,2,2,1,0,0,1,29.0,59.0,voiture,voiture,5,2,2,1,2
202300016409,2023-11-19 17:15:00,2023,11,19,17,15,79,79088,,46.786515,-0.339664,Nuit avec éclairage non allumé,Hors agglomération,Hors intersection,Normale,Deux véhicules - arrière,2,-1,2,0,1,1,1,0,1,80,2,3,2,0,1,0,69.0,32.0,deux_roues,voiture,4,1,1,1,2
202300016410,2023-08-10 15:20:00,2023,8,10,15,20,23,23068,D13,46.112099,2.064571,Plein jour,Hors agglomération,Hors intersection,Normale,Deux véhicules - frontale,3,2,2,0,1,3,1,0,1,90,2,3,0,0,1,2,73.0,75.0,voiture,voiture,1,1,1,1,1
202300016411,2023-06-01 21:15:00,2023,6,1,21,15,81,81288,D85,43.453312,2.025036,Crépuscule ou aube,Hors agglomération,Hors intersection,Normale,Deux véhicules - frontale,3,2,2,0,1,1,1,0,1,80,2,2,0,0,0,2,47.0,63.0,voiture,voiture,2,1,1,1,1
202300016412,2023-08-10 22:45:00,2023,8,10,22,45,35,35193,Lieu Dit Gouault,48.228992,-1.728979,Nuit sans éclairage public,Hors agglomération,Hors intersection,Autre,Sans collision,4,2,2,0,2,2,1,0,3,70,1,1,0,0,0,1,22.0,,voiture,,3,1,1,9,7
202300016413,2023-03-15 17:09:00,2023,3,15,17,9,94,94068,Avenue de la Banque,48.79186,2.49802,Plein jour,En agglomération,Intersection en T,Normale,Deux véhicules - côté,4,2,1,0,1,1,1,0,1,30,2,2,1,0,0,1,21.0,16.0,voiture,deux_roues,1,2,3,1,3
202300016414,2023-11-20 07:33:00,2023,11,20,7,33,17,17121,"D735, PK 018+040",46.20027,-1.403975,Crépuscule ou aube,Hors agglomération,Hors intersection,Normale,Deux véhicules - frontale,3,2,2,0,1,1,1,0,1,80,2,2,1,1,0,0,57.0,35.0,utilitaire_camion,utilitaire_camion,2,1,1,1,1
202300016415,2023-08-10 10:45:00,2023,8,10,10,45,57,57179,D56,49.340825,6.268559,Plein jour,Hors agglomération,Hors intersection,Normale,Sans collision,3,2,2,0,1,3,1,0,1,80,1,1,0,0,1,0,31.0,,deux_roues,,1,1,1,1,7
202300016416,2023-06-02 09:00:00,2023,6,2,9,0,11,11293,D118,43.109787,2.265732,Plein jour,Hors agglomération,Hors intersection,Normale,Trois véhicules et plus - collisions multiples,3,3,4,0,1,1,1,0,1,110,3,3,2,1,0,0,35.0,15.0,utilitaire_camion,voiture,1,1,1,1,5
202300016417,2023-07-05 20:05:00,2023,7,5,20,5,41,41018,TOURVILLE (RUE DU MARECHAL DE),47.5909,1.3068,Plein jour,En agglomération,Intersection en X,Normale,Deux véhicules - frontale,4,2,2,0,1,1,1,0,1,30,2,2,0,0,2,0,27.0,19.0,voiture,autre,1,2,2,1,1
202300016417,2023-07-05 20:05:00,2023,7,5,20,5,41,41018,TOURVILLE (RUE DU MARECHAL DE),47.5909,1.3068,Plein jour,En agglomération,Intersection en X,Normale,Deux véhicules - frontale,4,2,2,0,1,1,1,0,1,30,2,2,0,0,2,0,27.0,19.0,voiture,autre,1,2,2,1,1
202300016418,2023-11-20 09:10:00,2023,11,20,9,10,49,49023,Rue des Mauges (Beaupréau),47.199401,-0.994826,Plein jour,En agglomération,Hors intersection,Normale,Deux véhicules - arrière,4,2,2,0,2,1,1,0,1,30,2,2,1,0,0,1,46.0,18.0,voiture,deux_roues,1,2,1,1,2
202300016419,2023-08-10 14:35:00,2023,8,10,14,35,51,51245,Rue de l?Abbaye d?Igny,49.222555,3.783808,Plein jour,Hors agglomération,Hors intersection,Normale,Sans collision,3,2,2,0,2,2,9,0,3,80,1,1,0,0,1,0,37.0,,deux_roues,,1,1,1,1,7
202300016420,2023-03-16 08:45:00,2023,3,16,8,45,94,94046,81 Avenue de la République,48.804632,2.438254,Plein jour,En agglomération,Hors intersection,Normale,Deux véhicules - côté,3,2,2,0,1,1,1,0,1,50,2,2,1,0,0,1,44.0,46.0,voiture,deux_roues,1,2,1,1,3
202300016421,2023-06-02 08:40:00,2023,6,2,8,40,71,71187,N80,46.74896,4.50769,Plein jour,Hors agglomération,Hors intersection,Normale,Deux véhicules - arrière,2,2,2,0,1,1,1,0,1,110,2,2,1,0,0,1,27.0,29.0,voiture,utilitaire_camion,1,1,1,1,2
202300016422,2023-08-09 18:00:00,2023,8,9,18,0,56,56066,Rue Famille Bouchard,48.141173,-3.608236,Plein jour,En agglomération,Intersection en X,Temps éblouissant,Autre collision,4,2,2,-1,1,1,1,0,1,-1,1,2,1,0,0,1,40.0,,voiture,,1,2,2,7,6
202300016422,2023-08-09 18:00:00,2023,8,9,18,0,56,56066,Rue Famille Bouchard,48.141173,-3.608236,Plein jour,En agglomération,Intersection en X,Temps éblouissant,Autre collision,4,2,2,0,2,2,1,0,1,50,1,2,1,0,0,1,40.0,,voiture,,1,2,2,7,6
202300016423,2023-07-04 18:30:00,2023,7,4,18,30,41,41018,CROIX PICHON (RUE DE LA,47.59721,1.30444,Plein jour,En agglomération,Intersection en T,Temps couvert,Deux véhicules - côté,4,2,2,0,1,1,2,0,1,30,2,2,1,0,1,0,30.0,22.0,voiture,deux_roues,1,2,3,8,3
202300016423,2023-07-04 18:30:00,2023,7,4,18,30,41,41018,CROIX PICHON (RUE DE LA,47.59721,1.30444,Plein jour,En agglomération,Intersection en T,Temps couvert,Deux véhicules - côté,4,2,4,1,1,1,2,0,1,30,2,2,1,0,1,0,30.0,22.0,voiture,deux_roues,1,2,3,8,3
202300016424,2023-08-10 17:16:00,2023,8,10,17,16,56,56165,Carrieres de Co,47.904124,-2.377209,Plein jour,Hors agglomération,Hors intersection,Normale,Deux véhicules - frontale,3,2,2,0,1,1,1,0,1,70,2,2,0,0,1,1,69.0,82.0,voiture,voiture,1,1,1,1,1
202300016425,2023-03-16 19:45:00,2023,3,16,19,45,94,94003,Rue d'Arcueil,48.81012,2.34067,Nuit avec éclairage allumé,En agglomération,Intersection en X,Normale,Deux véhicules - côté,3,1,1,0,2,1,1,0,1,50,2,2,1,0,0,1,32.0,19.0,deux_roues,voiture,5,2,2,1,3