accident_id,datetime,annee,mois,jour,heure,minute,departement,commune_insee,adresse,latitude,longitude,luminosite,agglomeration,intersection,meteo,collision,catr,circ,nbv,vosp,prof,plan,surf,infra,situ,vma,nb_vehicules,nb_usagers,nb_indemnes,nb_tues,nb_blesses_hosp,nb_blesses_legers,age_cond_1,age_cond_2,veh_type_cond_1,veh_type_cond_2,lum_code,agg_code,int_code,atm_code,col_code
202300016588,2023-11-18 12:30:00,2023,11,18,12,30,69,69290,Boulevard de la Porte des Alpes,45.71693,4.92815,Plein jour,En agglomération,Intersection en Y,Normale,Deux véhicules - côté,4,2,4,1,1,1,1,5,1,50,2,2,0,0,0,2,20.0,47.0,voiture,voiture,1,2,4,1,3
202300016588,2023-11-18 12:30:00,2023,11,18,12,30,69,69290,Boulevard de la Porte des Alpes,45.71693,4.92815,Plein jour,En agglomération,Intersection en Y,Normale,Deux véhicules - côté,4,2,2,2,1,1,1,0,1,50,2,2,0,0,0,2,20.0,47.0,voiture,voiture,1,2,4,1,3
202300016589,2023-03-09 16:20:00,2023,3,9,16,20,24,24117,Route des quatre vents,45.090907,1.367802,Plein jour,En agglomération,Hors intersection,Normale,Autre collision,3,2,2,0,1,1,1,0,1,50,1,2,1,1,0,0,21.0,,voiture,,1,2,1,1,6
202300016590,2023-06-02 13:45:00,2023,6,2,13,45,80,80278,D329,49.720387,2.663541,Plein jour,Hors agglomération,Intersection en T,Normale,Trois véhicules et plus - collisions multiples,3,2,2,0,1,2,1,0,1,80,3,6,5,1,0,0,28.0,46.0,voiture,deux_roues,1,1,3,1,5
202300016590,2023-06-02 13:45:00,2023,6,2,13,45,80,80278,D329,49.720387,2.663541,Plein jour,Hors agglomération,Intersection en T,Normale,Trois véhicules et plus - collisions multiples,3,2, -1,-1,-1,-1,-1,-1,-1,-1,3,6,5,1,0,0,28.0,46.0,voiture,deux_roues,1,1,3,1,5
202300016591,2023-11-17 11:55:00,2023,11,17,11,55,60,60057,Rue d'Allonne,49.41788758,2.10450557,Plein jour,En agglomération,Autre intersection,Normale,Autre collision,9,1,1,0,1,1,1,0,1,50,1,2,1,0,0,1,85.0,,voiture,,1,2,9,1,6
202300016592,2023-03-16 19:42:00,2023,3,16,19,42,23,23013,pont de courleix,46.030096,2.517307,Nuit sans éclairage public,Hors agglomération,Hors intersection,Normale,Sans collision,3,2,2,0,1,1,1,0,1,90,1,1,0,0,1,0,44.0,,deux_roues,,3,1,1,1,7
202300016593,2023-03-15 17:00:00,2023,3,15,17,0,87,87071,Mairie de Glandon (Hôtel de ville),45.48028,1.224412,Plein jour,En agglomération,Autre intersection,Temps éblouissant,Autre collision,3,2,2,0,1,1,1,0,1,50,2,2,1,0,1,0,70.0,50.0,deux_roues,voiture,1,2,9,7,6
202300016594,2023-11-17 11:20:00,2023,11,17,11,20,59,59360,BARBUSSE HENRI RUE,50.6101,3.01118,Plein jour,En agglomération,Hors intersection,Normale,Deux véhicules - côté,4,2,2,0,1,1,1,0,8,30,2,2,0,0,0,2,18.0,83.0,deux_roues,voiture,1,2,1,1,3
202300016595,2023-03-16 13:20:00,2023,3,16,13,20,46,46083,autoroute A.20 - parking station service de Pech Montat - sens Toulouse / Paris,45.032804,1.524782,Plein jour,Hors agglomération,Hors intersection,Normale,Autre collision,6,-1, -1,0,1,1,1,9,4,30,1,2,1,0,1,0,85.0,,voiture,,1,1,1,1,6
202300016596,2023-06-01 12:13:00,2023,6,1,12,13,62,62014,Boulevard Clémenceau,50.6428,2.396618,Plein jour,En agglomération,Intersection en X,Normale,Deux véhicules - côté,3,2,2,0,1,1,1,0,1,50,2,2,1,0,0,1,60.0,77.0,voiture,voiture,1,2,2,1,3
202300016596,2023-06-01 12:13:00,2023,6,1,12,13,62,62014,Boulevard Clémenceau,50.6428,2.396618,Plein jour,En agglomération,Intersection en X,Normale,Deux véhicules - côté,3,2,2,0,1,1,1,0,1,50,2,2,1,0,0,1,60.0,77.0,voiture,voiture,1,2,2,1,3
202300016597,2023-03-16 17:00:00,2023,3,16,17,0,38,38530,Route de Vienne,45.612679,5.173472,Plein jour,En agglomération,Hors intersection,Normale,Deux véhicules - frontale,3,2,2,0,2,1,1,9,1,50,2,2,1,0,1,0,17.0,60.0,deux_roues,voiture,1,2,1,1,1
202300016598,2023-11-18 14:35:00,2023,11,18,14,35,56,56036,Pendreff,47.77629,-3.36271,Plein jour,Hors agglomération,Hors intersection,Pluie forte,Trois véhicules et plus - en chaîne,2,3,8,0,1,1,2,0,1,90,3,5,2,0,0,3,76.0,76.0,voiture,voiture,1,1,1,3,4
202300016599,2023-03-16 21:30:00,2023,3,16,21,30,68,68300,autoroute A36,47.786064,7.418261,Nuit sans éclairage public,Hors agglomération,Hors intersection,Normale,Sans collision,1,3,2,0,1,1,1,0,3,130,1,1,0,0,0,1,71.0,,voiture,,3,1,1,1,7
202300016600,2023-05-26 09:30:00,2023,5,26,9,30,59,59350,AUTOROUTE A25,50.61632,3.0684,Plein jour,Hors agglomération,Hors intersection,Normale,Trois véhicules et plus - collisions multiples,1,1,4,0,2,1,1,0,1,70,3,4,3,0,1,0,57.0,77.0,voiture,voiture,1,1,1,1,5
202300016601,2023-11-18 22:00:00,2023,11,18,22,0,54,54395,Quai Choiseul,48.70339,6.16778,Nuit avec éclairage allumé,En agglomération,Hors intersection,Pluie forte,Autre collision,4,1,1,0,1,3,2,0,4,30,1,2,0,0,2,0,22.0,,voiture,,5,2,1,3,6
202300016602,2023-03-16 12:30:00,2023,3,16,12,30,31,31259,Allée louis delafage,43.50702985,1.41371593,Plein jour,Hors agglomération,Hors intersection,Normale,Autre collision,3,2,2,0,1,3,1,0,8,80,1,1,0,0,1,0,32.0,,utilitaire_camion,,1,1,1,1,6
202300016603,2023-12-23 18:00:00,2023,12,23,18,0,29,29232,148 Hent Brest,48.01466616,-4.0774044,Nuit sans éclairage public,Hors agglomération,Hors intersection,Pluie forte,Deux véhicules - arrière,2,3,4,0,1,1,2,0,1,110,2,2,0,0,0,2,39.0,44.0,voiture,voiture,3,1,1,3,2
202300016604,2023-06-01 08:05:00,2023,6,1,8,5,91,91687,AUTOROUTE A6,48.66278,2.36787,Plein jour,Hors agglomération,Hors intersection,Normale,Deux véhicules - arrière,1,1,3,0,1,1,1,9,1,90,2,2,1,0,0,1,23.0,27.0,voiture,deux_roues,1,1,1,1,2
202300016605,2023-03-17 12:40:00,2023,3,17,12,40,89,89415,,47.58722,3.9201,Plein jour,Hors agglomération,Hors intersection,Normale,Deux véhicules - arrière,1,3,5,0,1,1,1,0,1,130,2,2,1,0,0,1,70.0,46.0,voiture,voiture,1,1,1,1,2
202300016606,2023-11-18 19:00:00,2023,11,18,19,0,54,54328,route de mirecourt,48.61588,6.17625,Nuit avec éclairage allumé,En agglomération,Hors intersection,Pluie forte,Deux véhicules - côté,4,2,2,0,1,1,2,0,1,50,2,3,2,0,0,1,60.0,33.0,voiture,voiture,5,2,1,3,3
202300016607,2023-06-01 07:45:00,2023,6,1,7,45,94,94038,A6B,48.77376519,2.34617558,Plein jour,Hors agglomération,Hors intersection,Normale,Deux véhicules - arrière,1,1,3,0,1,1,1,0,1,90,2,2,1,0,0,1,59.0,46.0,utilitaire_camion,deux_roues,1,1,1,1,2
202300016608,2023-12-23 21:10:00,2023,12,23,21,10,18,18279,,47.252841,2.060294,Nuit sans éclairage public,Hors agglomération,Hors intersection,Pluie légère,Deux véhicules - arrière,3,2,2,0,1,1,2,0,1,90,2,2,1,0,0,1,31.0,20.0,voiture,voiture,3,1,1,2,2
202300016609,2023-03-16 16:05:00,2023,3,16,16,5,13,13065,Route départementale 5,43.679729,4.890847,Plein jour,Hors agglomération,Hors intersection,Normale,Deux véhicules - frontale,3,2,2,0,2,3,1,0,1,80,2,3,1,1,0,1,43.0,52.0,voiture,deux_roues,1,1,1,1,1
202300016610,2023-06-01 15:50:00,2023,6,1,15,50,92,92072,N118,48.82187046,2.22150108,Plein jour,Hors agglomération,Hors intersection,Normale,Trois véhicules et plus - en chaîne,2,3,3,0,2,1,1,0,1,90,3,3,1,0,0,2,53.0,36.0,utilitaire_camion,voiture,1,1,1,1,4
202300016611,2023-11-17 17:10:00,2023,11,17,17,10,54,54547,Avenue de Bourgogne,48.647276,6.142207,Plein jour,Hors agglomération,Hors intersection,Normale,Autre collision,3,2,4,0,1,1,1,0,1,50,3,3,1,0,0,2,51.0,21.0,voiture,voiture,1,1,1,1,6
202300016612,2023-06-01 12:08:00,2023,6,1,12,8,78,78571,A13,48.863626,2.040937,Plein jour,Hors agglomération,Hors intersection,Normale,Deux véhicules - côté,1,-1,2,0,1,1,1,0,1,110,2,2,1,0,1,0,54.0,41.0,deux_roues,utilitaire_camion,1,1,1,1,3
202300016613,2023-02-13 16:00:00,2023,2,13,16,0,45,45146,A71 PR 125 + 709,47.675964,1.912222,Plein jour,Hors agglomération,Hors intersection,Normale,Deux véhicules - arrière,1,3,4,0,1,1,1,0,1,130,2,2,1,0,1,0,76.0,58.0,voiture,utilitaire_camion,1,1,1,1,2
202300016614,2023-12-24 17:40:00,2023,12,24,17,40,14,14118,Avenue Henry Chéron,49.17095,-0.40025,Nuit avec éclairage allumé,En agglomération,Hors intersection,Normale,Autre collision,4,2,3,0,1,1,1,0,1,50,1,1,0,0,0,1,92.0,,voiture,,5,2,1,1,6
202300016615,2023-03-16 17:00:00,2023,3,16,17,0,974,97415,N1a,-21.039271,55.218927,Plein jour,En agglomération,Hors intersection,Normale,Deux véhicules - arrière,2,2,2,1,2,3,1,0,1,70,2,2,1,0,1,0,59.0,55.0,deux_roues,voiture,1,2,1,1,2
202300016616,2023-06-01 07:35:00,2023,6,1,7,35,92,92025,A86,48.92376825,2.22996229,Plein jour,Hors agglomération,Hors intersection,Normale,Deux véhicules - côté,1,-1,2,0,1,1,1,0,1,90,2,2,1,0,0,1,25.0,45.0,deux_roues,voiture,1,1,1,1,3
202300016617,2023-03-17 09:00:00,2023,3,17,9,0,77,77382,Rue de Meaux,48.901124,2.876942,Plein jour,En agglomération,Hors intersection,Normale,Autre collision,4,2,2,0,1,1,1,9,1,50,2,2,1,0,0,1,43.0,74.0,voiture,deux_roues,1,2,1,1,6
202300016618,2023-05-31 20:15:00,2023,5,31,20,15,95,95582,A15,48.97238617,2.2473371,Plein jour,Hors agglomération,Hors intersection,Normale,Trois véhicules et plus - collisions multiples,1,3,3,0,1,1,1,3,1,110,3,4,1,0,0,3,88.0,39.0,voiture,voiture,1,1,1,1,5
202300016619,2023-11-17 16:40:00,2023,11,17,16,40,54,54357,Rue Paul Langevin,48.7043536,6.13081366,Plein jour,En agglomération,Hors intersection,Normale,Deux véhicules - frontale,4,2,2,0,1,1,1,0,1,50,2,2,1,0,0,1,28.0,28.0,utilitaire_camion,voiture,1,2,1,1,1
202300016620,2023-03-17 12:40:00,2023,3,17,12,40,2A,2A215,Sapara da padda,41.483594,9.058657,Plein jour,Hors agglomération,Hors intersection,Normale,Deux véhicules - côté,4,2,2,0,2,4,1,0,1,80,2,2,1,0,1,0,37.0,59.0,autre,deux_roues,1,1,1,1,3
202300016621,2023-05-31 22:40:00,2023,5,31,22,40,93,93007,AUTOROUTE A1,48.95432,2.45653,Nuit sans éclairage public,Hors agglomération,Hors intersection,Normale,Autre collision,1,3,4,0,1,1,1,0,1,110,1,1,0,0,0,1,37.0,,voiture,,3,1,1,1,6
202300016622,2023-03-14 04:45:00,2023,3,14,4,45,66,66165,,42.64691,2.567195,Nuit sans éclairage public,Hors agglomération,Hors intersection,Normale,Autre collision,2,2,2,0,4,2,1,0,1,80,1,2,0,0,1,1,31.0,,voiture,,3,1,1,1,6
202300016623,2023-12-24 16:30:00,2023,12,24,16,30,13,13201,VOLTAIRE    PAIRS (BOULEVARD),43.30347,5.38596,Plein jour,En agglomération,Intersection en X,Normale,Deux véhicules - frontale,4,2,3,0,1,1,1,1,1,50,2,2,1,0,0,1,30.0,29.0,deux_roues,voiture,1,2,2,1,1
202300016623,2023-12-24 16:30:00,2023,12,24,16,30,13,13201,VOLTAIRE    PAIRS (BOULEVARD),43.30347,5.38596,Plein jour,En agglomération,Intersection en X,Normale,Deux véhicules - frontale,4,2,3,0,1,1,1,0,1,50,2,2,1,0,0,1,30.0,29.0,deux_roues,voiture,1,2,2,1,1
202300016624,2023-05-30 12:30:00,2023,5,30,12,30,93,93007,AUTOROUTE A1,48.94625,2.44147,Plein jour,Hors agglomération,Hors intersection,Normale,Deux véhicules - arrière,1,3,8,0,1,1,1,0,1,90,2,2,1,0,0,1,43.0,43.0,utilitaire_camion,voiture,1,1,1,1,2
202300016625,2023-03-17 08:15:00,2023,3,17,8,15,66,66044,,42.65276396,2.72568762,Plein jour,Hors agglomération,Giratoire,Normale,Autre collision,3,2,2,0,1,1,1,0,1,80,1,1,0,0,1,0,54.0,,deux_roues,,1,1,6,1,6
202300016626,2023-11-18 12:15:00,2023,11,18,12,15,54,54116,D400,48.59064,6.5548,Plein jour,Hors agglomération,Hors intersection,Pluie légère,Deux véhicules - frontale,3,2,2,0,1,1,2,0,1,80,2,2,0,0,2,0,18.0,52.0,voiture,voiture,1,1,1,2,1
202300016627,2023-05-30 08:00:00,2023,5,30,8,0,93,93027,AUTOROUTE A86,48.92572,2.39606,Plein jour,Hors agglomération,Hors intersection,Normale,Trois véhicules et plus - collisions multiples,1,3,4,0,1,1,1,0,1,90,3,3,2,0,0,1,31.0,22.0,voiture,deux_roues,1,1,1,1,5
202300016628,2023-03-16 19:30:00,2023,3,16,19,30,83,83115,Boulevard Jean Moulin,43.305596,6.632003,Nuit avec éclairage allumé,En agglomération,Intersection en Y,Normale,Deux véhicules - frontale,3,2,2,1,1,2,1,5,1,50,2,2,0,0,1,1,49.0,33.0,voiture,deux_roues,5,2,4,1,1
202300016628,2023-03-16 19:30:00,2023,3,16,19,30,83,83115,Boulevard Jean Moulin,43.305596,6.632003,Nuit avec éclairage allumé,En agglomération,Intersection en Y,Normale,Deux véhicules - frontale,3,2,2,0,1,2,1,0,1,50,2,2,0,0,1,1,49.0,33.0,voiture,deux_roues,5,2,4,1,1
202300016629,2023-06-01 18:50:00,2023,6,1,18,50,94,94017,A4,48.82650013,2.51586685,Plein jour,Hors agglomération,Hors intersection,Normale,Deux véhicules - côté,1,1,4,0,1,1,1,1,1,90,2,2,1,0,0,1,,24.0,voiture,deux_roues,1,1,1,1,3
202300016630,2023-12-24 13:50:00,2023,12,24,13,50,13,13202,MELCHIOR GUINOT (RUE),43.30928,5.36863,Plein jour,En agglomération,Place,Normale,Deux véhicules - côté,4,-1,0,1,1,2,1,0,1,50,2,3,1,0,0,2,41.0,27.0,voiture,voiture,1,2,7,1,3
202300016630,2023-12-24 13:50:00,2023,12,24,13,50,13,13202,MELCHIOR GUINOT (RUE),43.30928,5.36863,Plein jour,En agglomération,Place,Normale,Deux véhicules - côté,4,1,0,1,1,2,1,0,1,50,2,3,1,0,0,2,41.0,27.0,voiture,voiture,1,2,7,1,3
202300016631,2023-11-18 14:00:00,2023,11,18,14,0,54,54580,RUE FRANCOIS EMILE BABOEUF,49.461999,5.936691,Plein jour,En agglomération,Intersection en Y,Pluie légère,Deux véhicules - côté,4,2,2,0,1,1,2,0,1,50,2,2,1,0,0,1,44.0,60.0,voiture,voiture,1,2,4,2,3
202300016631,2023-11-18 14:00:00,2023,11,18,14,0,54,54580,RUE FRANCOIS EMILE BABOEUF,49.461999,5.936691,Plein jour,En agglomération,Intersection en Y,Pluie légère,Deux véhicules - côté,4,2,2,0,1,1,2,0,1,50,2,2,1,0,0,1,44.0,60.0,voiture,voiture,1,2,4,2,3
202300016632,2023-03-17 07:50:00,2023,3,17,7,50,83,83107,DN 7,43.465434,6.619579,Plein jour,Hors agglomération,Hors intersection,Temps éblouissant,Deux véhicules - arrière,3,2,2,0,2,1,1,0,1,80,2,2,1,0,1,0,43.0,40.0,voiture,deux_roues,1,1,1,7,2
202300016633,2023-11-17 16:20:00,2023,11,17,16,20,49,49328,ROCADE N 347,47.28621,-0.04882,Plein jour,Hors agglomération,Giratoire,Normale,Deux véhicules - arrière,3,2,2,0,1,1,1,0,1,90,2,2,1,0,0,1,65.0,36.0,voiture,voiture,1,1,6,1,2
202300016634,2023-06-01 17:05:00,2023,6,1,17,5,77,77175,RN104,48.668694,2.612329,Plein jour,Hors agglomération,Hors intersection,Normale,Trois véhicules et plus - en chaîne,2,-1,3,0,1,1,1,0,1,90,3,3,2,0,0,1,20.0,61.0,voiture,voiture,1,1,1,1,4
202300016635,2023-03-17 07:50:00,2023,3,17,7,50,38,38158,Avenue Jean Jaures,45.158767,5.745823,Plein jour,En agglomération,Hors intersection,Normale,Deux véhicules - frontale,7,2,2,0,2,1,1,0,1,50,2,2,1,0,1,0,12.0,31.0,deux_roues,voiture,1,2,1,1,1
202300016636,2023-12-24 12:10:00,2023,12,24,12,10,13,13201,MONTRICHER (BOULEVARD),43.30497,5.3934,Plein jour,En agglomération,Hors intersection,Normale,Deux véhicules - frontale,4,2,2,0,1,1,1,0,1,50,2,2,1,0,1,0,33.0,50.0,voiture,deux_roues,1,2,1,1,1
202300016637,2023-11-18 12:15:00,2023,11,18,12,15,49,49099,NAPOLEON BONAPARTE (AVENUE),47.047665,-0.893636,Plein jour,En agglomération,Hors intersection,Normale,Autre collision,4,3,4,0,1,1,1,0,1,50,1,2,1,0,1,0,24.0,,voiture,,1,2,1,1,6
202300016638,2023-06-01 16:40:00,2023,6,1,16,40,94,94022,A86,48.7761107,2.42505182,Plein jour,Hors agglomération,Hors intersection,Normale,Deux véhicules - arrière,1,3,6,0,1,1,1,0,1,90,2,2,1,0,0,1,26.0,43.0,voiture,voiture,1,1,1,1,2
202300016639,2023-03-16 11:00:00,2023,3,16,11,0,01,01276,D61A,45.838564,5.050087,Plein jour,Hors agglomération,Giratoire,Normale,Deux véhicules - côté,3,1,1,0,1,2,1,0,1,80,2,2,1,0,0,1,48.0,,deux_roues,voiture,1,1,6,1,3
202300016640,2023-05-31 16:30:00,2023,5,31,16,30,75,75112,A4,48.818684,2.457463,Plein jour,Hors agglomération,Hors intersection,Normale,Deux véhicules - arrière,1,3,5,0,1,1,1,0,1,90,2,2,1,0,0,1,26.0,25.0,deux_roues,voiture,1,1,1,1,2
202300016641,2023-12-24 03:07:00,2023,12,24,3,7,13,13206,PIERRE PUGET (COURS),43.29069,5.37772,Nuit avec éclairage allumé,En agglomération,Intersection en X,Normale,Deux véhicules - frontale,4,1,2,0,1,1,1,0,1,50,1,1,0,1,0,0,26.0,,deux_roues,,5,2,2,1,1
202300016641,2023-12-24 03:07:00,2023,12,24,3,7,13,13206,PIERRE PUGET (COURS),43.29069,5.37772,Nuit avec éclairage allumé,En agglomération,Intersection en X,Normale,Deux véhicules - frontale,4,1,1,1,1,1,1,0,1,50,1,1,0,1,0,0,26.0,,deux_roues,,5,2,2,1,1
202300016641,2023-12-24 03:07:00,2023,12,24,3,7,13,13206,PIERRE PUGET (COURS),43.29069,5.37772,Nuit avec éclairage allumé,En agglomération,Intersection en X,Normale,Deux véhicules - frontale,4,1,2,0,1,3,1,0,1,50,1,1,0,1,0,0,26.0,,deux_roues,,5,2,2,1,1
202300016642,2023-11-18 12:40:00,2023,11,18,12,40,49,49015,MENDES FRANCE AVENUE PIERRE,47.49927,-0.58299,Plein jour,En agglomération,Giratoire,Normale,Deux véhicules - frontale,4,3,4,3,1,1,2,0,1,50,2,2,1,0,0,1,46.0,23.0,voiture,deux_roues,1,2,6,1,1
202300016642,2023-11-18 12:40:00,2023,11,18,12,40,49,49015,MENDES FRANCE AVENUE PIERRE,47.49927,-0.58299,Plein jour,En agglomération,Giratoire,Normale,Deux véhicules - frontale,4,1,1,2,1,1,2,0,1,30,2,2,1,0,0,1,46.0,23.0,voiture,deux_roues,1,2,6,1,1
202300016642,2023-11-18 12:40:00,2023,11,18,12,40,49,49015,MENDES FRANCE AVENUE PIERRE,47.49927,-0.58299,Plein jour,En agglomération,Giratoire,Normale,Deux véhicules - frontale,4,1,1,2,1,1,2,0,1,50,2,2,1,0,0,1,46.0,23.0,voiture,deux_roues,1,2,6,1,1
202300016643,2023-03-16 13:15:00,2023,3,16,13,15,01,01213,D1084,45.937516,5.299674,Plein jour,Hors agglomération,Hors intersection,Normale,Trois véhicules et plus - en chaîne,3,2,2,0,1,1,1,0,1,80,5,5,4,0,0,1,54.0,31.0,utilitaire_camion,voiture,1,1,1,1,4
202300016644,2023-11-18 14:15:00,2023,11,18,14,15,43,43041,Voie verte,45.05103,3.90832,Plein jour,En agglomération,Hors intersection,Normale,Sans collision,9,-1,1,1,2,4,1,9,5,-1,1,1,0,0,0,1,33.0,,deux_roues,,1,2,1,1,7
202300016645,2023-05-31 11:10:00,2023,5,31,11,10,77,77373,RN104,48.782318,2.616032,Plein jour,Hors agglomération,Hors intersection,Normale,Deux véhicules - côté,2,-1,2,0,1,1,1,0,1,90,2,2,1,0,0,1,,34.0,voiture,deux_roues,1,1,1,1,3
202300016646,2023-12-24 13:20:00,2023,12,24,13,20,06,06029,Rue Docteur Baloux,43.5508845,6.9766699,Plein jour,En agglomération,Place,Normale,Autre collision,4,1,1,0,1,1,1,0,1,50,1,2,1,0,0,1,56.0,,voiture,,1,2,7,1,6
202300016647,2023-11-18 22:20:00,2023,11,18,22,20,35,35051,D 175,48.15409678,-1.62442356,Nuit sans éclairage public,Hors agglomération,Hors intersection,Normale,Autre collision,3,3,4,0,4,2,2,0,1,90,1,1,0,0,1,0,21.0,,utilitaire_camion,,3,1,1,1,6
202300016648,2023-03-16 09:30:00,2023,3,16,9,30,69,69273,300 Route de Marennes,45.647041,4.910088,Plein jour,Hors agglomération,Hors intersection,Normale,Deux véhicules - côté,4,2,2,-1,1,1,1,0,1,70,2,2,1,1,0,0,57.0,32.0,deux_roues,utilitaire_camion,1,1,1,1,3
202300016649,2023-12-25 00:30:00,2023,12,25,0,30,06,06123,ISCLES CHEMIN DES,43.709891,7.183437,Nuit sans éclairage public,En agglomération,Hors intersection,Normale,Autre collision,4,2,2,0,1,1,1,0,1,50,1,1,0,0,1,0,29.0,,voiture,,3,2,1,1,6
202300016650,2023-05-31 17:15:00,2023,5,31,17,15,974,97416,BASSIN MARTIN (CHEMIN),-21.3131,55.5071,Plein jour,Hors agglomération,Hors intersection,Normale,Autre collision,4,2,2,0,1,1,1,0,1,80,1,3,2,0,0,1,51.0,,voiture,,1,1,1,1,6
202300016651,2023-11-18 18:10:00,2023,11,18,18,10,33,33192,159 Cours du Général de Gaulle,44.77305,-0.61421,Crépuscule ou aube,En agglomération,Hors intersection,Normale,Autre collision,4,2,2,0,1,1,1,0,1,50,1,3,1,0,2,0,53.0,,voiture,,2,2,1,1,6
202300016652,2023-03-16 13:20:00,2023,3,16,13,20,33,33233,route départementale 22,45.11322,-0.360988,Plein jour,Hors agglomération,Hors intersection,Normale,Deux véhicules - frontale,3,2,2,0,1,1,1,0,1,80,2,2,0,0,2,0,59.0,55.0,utilitaire_camion,voiture,1,1,1,1,1
202300016653,2023-05-31 12:50:00,2023,5,31,12,50,974,97416,DELISLES (ROUTE HUBERT) CD3,-21.3435,55.47743,Plein jour,En agglomération,Intersection en T,Normale,Deux véhicules - côté,4,2,2,0,1,1,1,0,1,50,2,2,1,0,0,1,31.0,25.0,deux_roues,voiture,1,2,3,1,3
202300016653,2023-05-31 12:50:00,2023,5,31,12,50,974,97416,DELISLES (ROUTE HUBERT) CD3,-21.3435,55.47743,Plein jour,En agglomération,Intersection en T,Normale,Deux véhicules - côté,4,1,1,0,1,1,1,0,1,50,2,2,1,0,0,1,31.0,25.0,deux_roues,voiture,1,2,3,1,3
202300016654,2023-12-24 10:40:00,2023,12,24,10,40,75,75114,PORTE DE CHATILLON,48.823131,2.31157,Plein jour,En agglomération,Hors intersection,Normale,Deux véhicules - côté,4,1,3,0,1,1,1,0,1,70,2,2,1,0,0,1,24.0,31.0,deux_roues,voiture,1,2,1,1,3
202300016655,2023-11-18 07:18:00,2023,11,18,7,18,33,33063,Cours Charles Bricaud,44.89406359,-0.56567252,Nuit avec éclairage allumé,En agglomération,Hors intersection,Normale,Autre collision,4,2,4,3,1,1,1,0,4,30,1,1,0,0,0,1,17.0,,deux_roues,,5,2,1,1,6
202300016656,2023-03-13 08:15:00,2023,3,13,8,15,44,44026,3 Chemin des Princes,47.316301,-1.481035,Plein jour,Hors agglomération,Hors intersection,Pluie légère,Deux véhicules - frontale,4,2,2,0,2,2,2,2,1,80,2,2,1,0,0,1,68.0,38.0,transport_commun,voiture,1,1,1,2,1
202300016657,2023-11-18 22:30:00,2023,11,18,22,30,31,31555,ALL PAUL HARRIS,43.645086,1.451127,Nuit avec éclairage allumé,En agglomération,Hors intersection,Normale,Sans collision,4,2,2,0,1,2,1,0,1,50,1,1,0,0,0,1,22.0,,voiture,,5,2,1,1,7
202300016658,2023-05-31 21:00:00,2023,5,31,21,0,973,97302,MONTABO (ROUTE DE) 2,4.93603,-52.29594,Nuit avec éclairage allumé,En agglomération,Hors intersection,Pluie légère,Deux véhicules - côté,3,2,2,0,1,1,2,0,1,50,2,3,1,0,0,2,16.0,55.0,deux_roues,voiture,5,2,1,2,3
202300016659,2023-09-16 03:15:00,2023,9,16,3,15,988,98818,RUE DU GENERAL GALLIENI/AVENUE PAUL DOUMER,-22.2682,166.43872,Nuit avec éclairage allumé,En agglomération,Intersection en X,Pluie légère,Deux véhicules - côté,4,1,2,0,1,1,2,5,1,50,2,3,0,0,1,2,35.0,36.0,voiture,utilitaire_camion,5,2,2,2,3
202300016659,2023-09-16 03:15:00,2023,9,16,3,15,988,98818,RUE DU GENERAL GALLIENI/AVENUE PAUL DOUMER,-22.2682,166.43872,Nuit avec éclairage allumé,En agglomération,Intersection en X,Pluie légère,Deux véhicules - côté,4,1,4,0,1,1,2,0,1,50,2,3,0,0,1,2,35.0,36.0,voiture,utilitaire_camion,5,2,2,2,3
202300016660,2023-12-23 18:30:00,2023,12,23,18,30,75,75117,PORTE D ASNIERES,48.890115,2.29852,Nuit avec éclairage allumé,En agglomération,Hors intersection,Normale,Deux véhicules - côté,4,1,4,0,1,1,1,1,1,70,2,2,1,0,0,1,23.0,49.0,deux_roues,voiture,5,2,1,1,3
202300016661,2023-03-17 15:00:00,2023,3,17,15,0,59,59523,Rue des Saules,50.585035,3.137565,Plein jour,Hors agglomération,Giratoire,Normale,Deux véhicules - côté,4,1,2,0,1,2,1,0,1,50,2,2,1,0,0,1,32.0,69.0,voiture,deux_roues,1,1,6,1,3
202300016662,2023-09-15 19:10:00,2023,9,15,19,10,974,97411,BANCOUL (CHEMIN),-20.90937,55.4801,Nuit sans éclairage public,En agglomération,Hors intersection,Normale,Deux véhicules - côté,4,2,1,0,4,3,1,5,1,50,2,3,0,0,0,3,17.0,32.0,deux_roues,deux_roues,3,2,1,1,3
202300016663,2023-05-30 20:30:00,2023,5,30,20,30,973,97302,TIGRE (ROUTE DU),4.93287,-52.33022,Nuit sans éclairage public,En agglomération,Hors intersection,Normale,Deux véhicules - frontale,4,2,2,0,1,3,1,0,1,50,2,2,0,0,0,2,50.0,41.0,voiture,voiture,3,2,1,1,1
202300016664,2023-11-17 22:59:00,2023,11,17,22,59,29,29019,rue de Verdun,48.398101,-4.462732,Nuit avec éclairage allumé,En agglomération,Hors intersection,Pluie légère,Autre collision,4,2,2,0,1,1,2,0,1,30,1,2,1,0,0,1,,,voiture,,5,2,1,2,6
202300016665,2023-12-24 15:13:00,2023,12,24,15,13,75,75119,RUE DAVID D ANGERS,48.882946,2.38885,Plein jour,En agglomération,Hors intersection,Normale,Deux véhicules - côté,4,2,2,0,4,1,1,0,1,30,2,2,1,0,0,1,28.0,22.0,voiture,deux_roues,1,2,1,1,3