accident_id,datetime,annee,mois,jour,heure,minute,departement,commune_insee,adresse,latitude,longitude,luminosite,agglomeration,intersection,meteo,collision,catr,circ,nbv,vosp,prof,plan,surf,infra,situ,vma,nb_vehicules,nb_usagers,nb_indemnes,nb_tues,nb_blesses_hosp,nb_blesses_legers,age_cond_1,age_cond_2,veh_type_cond_1,veh_type_cond_2,lum_code,agg_code,int_code,atm_code,col_code
202300016666,2023-03-12 04:30:00,2023,3,12,4,30,59,59212,43 Rue du Bois,50.655475,2.717879,Nuit avec éclairage allumé,En agglomération,Hors intersection,Normale,Autre collision,3,2,2,0,1,1,1,0,4,50,1,2,1,0,1,0,52.0,,voiture,,5,2,1,1,6
202300016667,2023-09-15 18:45:00,2023,9,15,18,45,974,97411,PAYET (RUE ROGER),-20.89302,55.48217,Crépuscule ou aube,En agglomération,Intersection en X,Normale,Deux véhicules - côté,4,1,2,3,2,1,1,9,1,50,2,2,1,0,0,1,46.0,47.0,voiture,deux_roues,2,2,2,1,3
202300016667,2023-09-15 18:45:00,2023,9,15,18,45,974,97411,PAYET (RUE ROGER),-20.89302,55.48217,Crépuscule ou aube,En agglomération,Intersection en X,Normale,Deux véhicules - côté,4,2,2,0,1,1,1,0,1,30,2,2,1,0,0,1,46.0,47.0,voiture,deux_roues,2,2,2,1,3
202300016668,2023-05-30 21:10:00,2023,5,30,21,10,69,69387,Avenue Tony Garnier,45.72624,4.83771,Nuit avec éclairage non allumé,En agglomération,Intersection en T,Normale,Deux véhicules - côté,4,2,6,0,1,1,1,0,1,50,2,2,1,0,0,1,19.0,43.0,voiture,deux_roues,4,2,3,1,3
202300016668,2023-05-30 21:10:00,2023,5,30,21,10,69,69387,Avenue Tony Garnier,45.72624,4.83771,Nuit avec éclairage non allumé,En agglomération,Intersection en T,Normale,Deux véhicules - côté,4,2,3,0,1,1,1,0,1,50,2,2,1,0,0,1,19.0,43.0,voiture,deux_roues,4,2,3,1,3
202300016669,2023-11-18 03:55:00,2023,11,18,3,55,25,25056,RAGOTS   CHEMIN DES,47.23776,6.03699,Nuit avec éclairage allumé,En agglomération,Hors intersection,Pluie légère,Autre collision,4,2,2,0,2,3,2,0,1,50,1,3,0,0,0,3,22.0,,voiture,,5,2,1,2,6
202300016670,2023-12-24 11:30:00,2023,12,24,11,30,75,75118,BOULEVARD BARBES,48.887416,2.349681,Plein jour,En agglomération,Intersection à plus de 4 branches,Normale,Deux véhicules - côté,4,1,0,0,1,1,1,0,1,30,2,2,1,0,0,1,40.0,25.0,voiture,deux_roues,1,2,5,1,3
202300016670,2023-12-24 11:30:00,2023,12,24,11,30,75,75118,BOULEVARD BARBES,48.887416,2.349681,Plein jour,En agglomération,Intersection à plus de 4 branches,Normale,Deux véhicules - côté,4,1, -1,-1,1,1,1,0,1,-1,2,2,1,0,0,1,40.0,25.0,voiture,deux_roues,1,2,5,1,3
202300016671,2023-03-17 07:30:00,2023,3,17,7,30,59,59416,D916 / D138,50.691445,2.515378,Plein jour,En agglomération,Intersection en X,Normale,Deux véhicules - côté,3,2,2,0,1,1,1,0,1,50,2,2,1,0,1,0,53.0,39.0,deux_roues,voiture,1,2,2,1,3
202300016671,2023-03-17 07:30:00,2023,3,17,7,30,59,59416,D916 / D138,50.691445,2.515378,Plein jour,En agglomération,Intersection en X,Normale,Deux véhicules - côté,3,2, -1,0,1,1,1,0,1,30,2,2,1,0,1,0,53.0,39.0,deux_roues,voiture,1,2,2,1,3
202300016672,2023-09-15 14:40:00,2023,9,15,14,40,974,97411,LATTRE DE TASSIGNY (AVENUE MARECHAL DE),-20.88745,55.47211,Plein jour,En agglomération,Intersection en Y,Normale,Autre collision,4,3,0,0,2,3,1,0,1,30,1,3,1,0,0,2,32.0,,transport_commun,,1,2,4,1,6
202300016672,2023-09-15 14:40:00,2023,9,15,14,40,974,97411,LATTRE DE TASSIGNY (AVENUE MARECHAL DE),-20.88745,55.47211,Plein jour,En agglomération,Intersection en Y,Normale,Autre collision,4,3,3,3,2,2,1,0,1,30,1,3,1,0,0,2,32.0,,transport_commun,,1,2,4,1,6
202300016673,2023-05-31 10:00:00,2023,5,31,10,0,972,97209,AUTOROUTE (A1),14.61693,-61.0409,Plein jour,Hors agglomération,Hors intersection,Normale,Trois véhicules et plus - collisions multiples,1,1,3,0,2,1,1,0,1,90,3,3,2,0,0,1,65.0,,voiture,autre,1,1,1,1,5
202300016674,2023-12-22 14:30:00,2023,12,22,14,30,75,75108,PLACE DE LA MADELEINE,48.869506,2.323649,Plein jour,En agglomération,Hors intersection,Pluie légère,Sans collision,4,1,3,3,1,1,2,0,1,30,1,1,0,0,0,1,60.0,,deux_roues,,1,2,1,2,7
202300016675,2023-03-14 05:00:00,2023,3,14,5,0,13,13214,A7-Sens Marseille vers Lyon,43.32257,5.37828,Nuit sans éclairage public,Hors agglomération,Hors intersection,Normale,Deux véhicules - arrière,1,-1,3,0,1,1,1,0,1,90,2,2,1,0,0,1,49.0,20.0,deux_roues,utilitaire_camion,3,1,1,1,2
202300016676,2023-11-18 18:30:00,2023,11,18,18,30,22,22215,CURIE (RUE PIERRE ET MARIE),48.487,-2.8,Nuit avec éclairage non allumé,En agglomération,Intersection en Y,Pluie légère,Autre collision,4,2,2,0,1,1,2,0,3,50,1,1,0,0,1,0,55.0,,deux_roues,,4,2,4,2,6
202300016676,2023-11-18 18:30:00,2023,11,18,18,30,22,22215,CURIE (RUE PIERRE ET MARIE),48.487,-2.8,Nuit avec éclairage non allumé,En agglomération,Intersection en Y,Pluie légère,Autre collision,4,2,2,0,1,1,2,0,3,50,1,1,0,0,1,0,55.0,,deux_roues,,4,2,4,2,6
202300016676,2023-11-18 18:30:00,2023,11,18,18,30,22,22215,CURIE (RUE PIERRE ET MARIE),48.487,-2.8,Nuit avec éclairage non allumé,En agglomération,Intersection en Y,Pluie légère,Autre collision,4,2,2,0,1,1,2,0,3,50,1,1,0,0,1,0,55.0,,deux_roues,,4,2,4,2,6
202300016677,2023-05-31 21:55:00,2023,5,31,21,55,69,69382,24 Quai Docteur Gailleton,45.75328,4.83372,Nuit avec éclairage allumé,En agglomération,Hors intersection,Pluie légère,Autre collision,4,1,7,3,1,1,2,6,6,50,1,3,2,0,0,1,20.0,,voiture,,5,2,1,2,6
202300016678,2023-09-15 22:00:00,2023,9,15,22,0,973,97309,TIGRE (ROUTE DU),4.9093372,-52.28449345,Plein jour,En agglomération,Hors intersection,Normale,Deux véhicules - côté,4,2,2,0,1,3,1,0,1,50,2,2,1,0,0,1,40.0,75.0,voiture,voiture,1,2,1,1,3
202300016679,2023-12-24 09:30:00,2023,12,24,9,30,75,75107,PONT DE L ALMA,48.862429,2.301608,Plein jour,En agglomération,Intersection en X,Normale,Autre collision,4,1,0,1,1,1,1,0,5,30,1,1,0,0,0,1,31.0,,deux_roues,,1,2,2,1,6
202300016679,2023-12-24 09:30:00,2023,12,24,9,30,75,75107,PONT DE L ALMA,48.862429,2.301608,Plein jour,En agglomération,Intersection en X,Normale,Autre collision,4,2,4,1,1,1,1,0,5,30,1,1,0,0,0,1,31.0,,deux_roues,,1,2,2,1,6
202300016680,2023-03-15 15:00:00,2023,3,15,15,0,83,83144,A57,43.14183,6.00618,Plein jour,Hors agglomération,Hors intersection,Normale,Deux véhicules - arrière,1,1,4,0,1,1,1,0,1,70,2,5,1,0,0,4,27.0,32.0,voiture,voiture,1,1,1,1,2
202300016681,2023-12-24 05:40:00,2023,12,24,5,40,94,94078,Place Pierre Semard,48.730483,2.44684,Nuit avec éclairage allumé,En agglomération,Hors intersection,Normale,Autre collision,2,2,4,0,1,1,1,0,1,50,1,1,0,0,0,1,18.0,,voiture,,5,2,1,1,6
202300016682,2023-11-17 17:00:00,2023,11,17,17,0,16,16102,JAVREZAC (BOULEVARD DE),45.69176,-0.34428,Plein jour,En agglomération,Hors intersection,Normale,Trois véhicules et plus - en chaîne,3,2,2,0,1,1,1,0,1,50,3,3,2,0,0,1,50.0,20.0,utilitaire_camion,voiture,1,2,1,1,4
202300016683,2023-09-15 19:40:00,2023,9,15,19,40,973,97309,TROUBIRAN (CHEMIN DE),4.92123269,-52.30406553,Plein jour,En agglomération,Intersection en T,Temps éblouissant,Deux véhicules - côté,4,2,2,0,4,1,1,5,1,50,2,2,1,0,0,1,30.0,44.0,utilitaire_camion,deux_roues,1,2,3,7,3
202300016683,2023-09-15 19:40:00,2023,9,15,19,40,973,97309,TROUBIRAN (CHEMIN DE),4.92123269,-52.30406553,Plein jour,En agglomération,Intersection en T,Temps éblouissant,Deux véhicules - côté,4,2,2,0,1,1,1,0,1,50,2,2,1,0,0,1,30.0,44.0,utilitaire_camion,deux_roues,1,2,3,7,3
202300016684,2023-05-30 17:45:00,2023,5,30,17,45,69,69152,Chemin du Barrage,45.69593,4.83299,Plein jour,En agglomération,Hors intersection,Normale,Trois véhicules et plus - collisions multiples,4,2,2,1,2,3,1,0,1,50,3,3,2,0,0,1,40.0,36.0,voiture,voiture,1,2,1,1,5
202300016685,2023-03-15 23:05:00,2023,3,15,23,5,69,69276,Route Départementale 301,45.68363,4.85388,Nuit avec éclairage allumé,Hors agglomération,Hors intersection,Normale,Deux véhicules - arrière,7,3,4,0,1,1,1,0,1,90,2,2,0,0,0,2,60.0,71.0,voiture,voiture,5,1,1,1,2
202300016686,2023-05-31 08:23:00,2023,5,31,8,23,2B,2B033,11 - RT,42.66848,9.44306,Plein jour,Hors agglomération,Hors intersection,Normale,Deux véhicules - côté,2,3,2,0,1,1,1,0,1,50,2,3,2,0,0,1,29.0,45.0,deux_roues,voiture,1,1,1,1,3
202300016687,2023-11-18 14:00:00,2023,11,18,14,0,14,14333,11 Rue de la Foulerie,49.419446,0.231617,Plein jour,En agglomération,Hors intersection,Pluie forte,Autre collision,4,1,1,0,1,2,2,9,1,50,1,2,1,0,0,1,21.0,,utilitaire_camion,,1,2,1,3,6
202300016688,2023-12-23 21:20:00,2023,12,23,21,20,93,93046,Avenue Emile Gérard / Avenue Gambetta / Avenue Turgot,48.9187,2.52045,Nuit avec éclairage allumé,En agglomération,Intersection en X,Normale,Deux véhicules - frontale,4,2,2,0,1,1,1,0,1,50,2,2,1,0,0,1,24.0,63.0,deux_roues,voiture,5,2,2,1,1
202300016688,2023-12-23 21:20:00,2023,12,23,21,20,93,93046,Avenue Emile Gérard / Avenue Gambetta / Avenue Turgot,48.9187,2.52045,Nuit avec éclairage allumé,En agglomération,Intersection en X,Normale,Deux véhicules - frontale,4,2,2,0,1,1,1,0,1,50,2,2,1,0,0,1,24.0,63.0,deux_roues,voiture,5,2,2,1,1
202300016688,2023-12-23 21:20:00,2023,12,23,21,20,93,93046,Avenue Emile Gérard / Avenue Gambetta / Avenue Turgot,48.9187,2.52045,Nuit avec éclairage allumé,En agglomération,Intersection en X,Normale,Deux véhicules - frontale,4,2,2,0,1,1,1,0,1,50,2,2,1,0,0,1,24.0,63.0,deux_roues,voiture,5,2,2,1,1
202300016689,2023-09-15 19:30:00,2023,9,15,19,30,69,69383,Quai Victor Augagneur,45.76341,4.84142,Crépuscule ou aube,En agglomération,Intersection en X,Normale,Deux véhicules - côté,4,1,2,3,1,1,1,2,1,30,2,2,1,0,0,1,28.0,46.0,deux_roues,deux_roues,2,2,2,1,3
202300016689,2023-09-15 19:30:00,2023,9,15,19,30,69,69383,Quai Victor Augagneur,45.76341,4.84142,Crépuscule ou aube,En agglomération,Intersection en X,Normale,Deux véhicules - côté,4,1,3,1,1,1,1,9,1,30,2,2,1,0,0,1,28.0,46.0,deux_roues,deux_roues,2,2,2,1,3
202300016690,2023-03-16 09:10:00,2023,3,16,9,10,91,91363,RN 104,48.64897,2.18644,Plein jour,Hors agglomération,Hors intersection,Normale,Trois véhicules et plus - en chaîne,2,1,2,0,1,1,1,0,1,90,3,5,2,0,0,3,46.0,45.0,voiture,voiture,1,1,1,1,4
202300016691,2023-05-31 06:35:00,2023,5,31,6,35,971,97105,PAUL LACAVE (AVENUE ),15.9911,-61.7224,Plein jour,En agglomération,Autre intersection,Normale,Sans collision,4,4,3,0,1,1,1,5,4,50,1,1,0,0,1,0,25.0,,deux_roues,,1,2,9,1,7
202300016691,2023-05-31 06:35:00,2023,5,31,6,35,971,97105,PAUL LACAVE (AVENUE ),15.9911,-61.7224,Plein jour,En agglomération,Autre intersection,Normale,Sans collision,4,4,2,0,2,2,1,5,1,50,1,1,0,0,1,0,25.0,,deux_roues,,1,2,9,1,7
202300016692,2023-09-15 16:37:00,2023,9,15,16,37,69,69388,Avenue Berthelot,45.73749,4.86588,Plein jour,En agglomération,Passage à niveau,Normale,Autre collision,4,1,2,3,1,1,1,4,6,50,1,2,1,0,1,0,34.0,,transport_commun,,1,2,8,1,6
202300016693,2023-11-18 19:20:00,2023,11,18,19,20,13,13215,SAINT LOUIS (AVENUE DE),43.34404,5.35975,Nuit avec éclairage allumé,En agglomération,Hors intersection,Normale,Deux véhicules - frontale,4,2,2,0,2,1,1,0,1,50,2,2,1,0,1,0,27.0,39.0,deux_roues,voiture,5,2,1,1,1
202300016694,2023-12-24 09:15:00,2023,12,24,9,15,93,93005,Boulevard Charles Floquet / Rue Jules Princet,48.93719759,2.49864018,Plein jour,En agglomération,Intersection en X,Normale,Deux véhicules - côté,3,2,2,0,1,1,1,0,1,50,2,2,1,0,0,1,45.0,22.0,voiture,voiture,1,2,2,1,3
202300016694,2023-12-24 09:15:00,2023,12,24,9,15,93,93005,Boulevard Charles Floquet / Rue Jules Princet,48.93719759,2.49864018,Plein jour,En agglomération,Intersection en X,Normale,Deux véhicules - côté,3,2,2,0,1,1,1,0,1,50,2,2,1,0,0,1,45.0,22.0,voiture,voiture,1,2,2,1,3
202300016695,2023-05-31 14:02:00,2023,5,31,14,2,2A,2A004,MARECHAL JUIN AVENUE,41.93496,8.7511,Plein jour,En agglomération,Autre intersection,Pluie légère,Deux véhicules - côté,4,3,4,0,1,1,2,0,1,50,2,2,1,0,0,1,62.0,26.0,voiture,deux_roues,1,2,9,2,3
202300016696,2023-03-16 08:00:00,2023,3,16,8,0,91,91471,RN 118,48.71531,2.17384,Plein jour,Hors agglomération,Hors intersection,Normale,Trois véhicules et plus - en chaîne,2,1,2,0,2,1,1,0,1,50,3,4,2,0,0,2,26.0,30.0,voiture,voiture,1,1,1,1,4
202300016697,2023-09-15 08:25:00,2023,9,15,8,25,69,69387,Boulevard de l'Artillerie,45.73389,4.84272,Plein jour,En agglomération,Intersection en T,Normale,Deux véhicules - côté,4,2,2,0,1,1,1,0,1,30,2,2,1,0,0,1,41.0,62.0,voiture,deux_roues,1,2,3,1,3
202300016697,2023-09-15 08:25:00,2023,9,15,8,25,69,69387,Boulevard de l'Artillerie,45.73389,4.84272,Plein jour,En agglomération,Intersection en T,Normale,Deux véhicules - côté,4,2,2,0,1,1,1,0,1,30,2,2,1,0,0,1,41.0,62.0,voiture,deux_roues,1,2,3,1,3
202300016698,2023-12-24 14:09:00,2023,12,24,14,9,92,92009,RASPAIL ( RUE ),48.91579632,2.27175817,Plein jour,En agglomération,Intersection en X,Normale,Sans collision,4,2,2,0,1,1,1,0,1,50,1,1,0,0,0,1,21.0,,deux_roues,,1,2,2,1,7
202300016698,2023-12-24 14:09:00,2023,12,24,14,9,92,92009,RASPAIL ( RUE ),48.91579632,2.27175817,Plein jour,En agglomération,Intersection en X,Normale,Sans collision,4,2,2,0,1,1,1,0,1,50,1,1,0,0,0,1,21.0,,deux_roues,,1,2,2,1,7
202300016699,2023-03-15 13:45:00,2023,3,15,13,45,93,93005,AUTOROUTE A3,48.96888116,2.48032451,Plein jour,Hors agglomération,Hors intersection,Normale,Deux véhicules - arrière,1,3,10,0,1,1,1,0,1,90,2,2,1,0,0,1,36.0,31.0,voiture,voiture,1,1,1,1,2
202300016700,2023-05-31 08:50:00,2023,5,31,8,50,2A,2A228,T22,41.84523,8.75857,Plein jour,En agglomération,Giratoire,Normale,Deux véhicules - arrière,2,1,1,0,1,2,1,0,1,50,2,3,2,0,0,1,16.0,,deux_roues,voiture,1,2,6,1,2
202300016701,2023-12-25 04:00:00,2023,12,25,4,0,41,41268,Le Pavillon,47.433425,1.700622,Nuit sans éclairage public,Hors agglomération,Giratoire,Normale,Sans collision,3,-1,2,0,1,4,1,5,3,80,1,2,0,0,0,2,26.0,,voiture,,3,1,6,1,7
202300016702,2023-09-15 02:45:00,2023,9,15,2,45,69,69387,Rue de Gerland,45.72658,4.83771,Nuit avec éclairage allumé,En agglomération,Hors intersection,Normale,Deux véhicules - frontale,4,2,4,2,1,1,1,0,1,50,2,5,4,0,0,1,40.0,37.0,voiture,voiture,5,2,1,1,1
202300016703,2023-03-14 19:50:00,2023,3,14,19,50,95,95500,A15,49.03773617,2.08928876,Nuit sans éclairage public,Hors agglomération,Hors intersection,Normale,Deux véhicules - arrière,1,3,8,0,2,1,1,0,1,90,2,3,2,0,0,1,20.0,32.0,voiture,voiture,3,1,1,1,2
202300016704,2023-05-31 18:45:00,2023,5,31,18,45,95,95197,JEAN MERMOZ (RUE),48.96154811,2.31798112,Plein jour,En agglomération,Hors intersection,Normale,Autre collision,4,2,2,0,1,1,1,0,1,30,1,2,1,0,0,1,25.0,,voiture,,1,2,1,1,6
202300016705,2023-09-15 18:00:00,2023,9,15,18,0,69,69389,2 Quai Arloing,45.77372,4.80944,Plein jour,En agglomération,Hors intersection,Normale,Deux véhicules - arrière,4,2,5,3,1,1,1,0,1,30,2,3,2,0,0,1,56.0,68.0,voiture,voiture,1,2,1,1,2
202300016706,2023-03-16 15:30:00,2023,3,16,15,30,94,94033,A86,48.85684395,2.48790403,Plein jour,Hors agglomération,Hors intersection,Normale,Deux véhicules - arrière,1,-1,2,0,1,1,1,0,1,90,2,2,1,0,0,1,21.0,25.0,voiture,deux_roues,1,1,1,1,2
202300016707,2023-12-24 09:00:00,2023,12,24,9,0,01,01033,D1084,46.162134,5.771772,Plein jour,Hors agglomération,Hors intersection,Pluie légère,Deux véhicules - frontale,3,2,2,0,1,3,2,0,1,80,2,2,0,0,2,0,63.0,22.0,voiture,voiture,1,1,1,2,1
202300016708,2023-05-31 08:10:00,2023,5,31,8,10,91,91377,AV DU MARECHAL LECLERC,48.73015,2.30041,Plein jour,En agglomération,Intersection en X,Normale,Deux véhicules - côté,3,2,1,0,1,1,1,0,1,30,2,2,1,0,0,1,28.0,,deux_roues,deux_roues,1,2,2,1,3
202300016708,2023-05-31 08:10:00,2023,5,31,8,10,91,91377,AV DU MARECHAL LECLERC,48.73015,2.30041,Plein jour,En agglomération,Intersection en X,Normale,Deux véhicules - côté,3,3,6,0,1,1,1,5,1,50,2,2,1,0,0,1,28.0,,deux_roues,deux_roues,1,2,2,1,3
202300016709,2023-03-15 04:25:00,2023,3,15,4,25,77,77373,RN104,48.78352,2.616569,Nuit sans éclairage public,Hors agglomération,Hors intersection,Normale,Autre collision,2,1,2,0,2,1,1,0,8,90,1,1,0,0,0,1,32.0,,utilitaire_camion,,3,1,1,1,6
202300016710,2023-09-15 16:15:00,2023,9,15,16,15,69,69384,Cours d'Herbouville,45.77667,4.84004,Plein jour,En agglomération,Hors intersection,Normale,Autre collision,4,2,4,3,1,1,1,0,1,30,1,3,1,0,2,0,40.0,,deux_roues,,1,2,1,1,6
202300016711,2023-05-31 07:53:00,2023,5,31,7,53,91,91645,FOCH (BOULEVARD DU MARECHAL),48.74164,2.26088,Plein jour,En agglomération,Hors intersection,Normale,Autre collision,4,2,2,0,1,2,1,0,1,50,1,2,1,0,1,0,20.0,,utilitaire_camion,,1,2,1,1,6
202300016712,2023-12-23 17:45:00,2023,12,23,17,45,31,31541,10 Route du Bac,43.692856,1.358984,Nuit sans éclairage public,En agglomération,Hors intersection,Normale,Trois véhicules et plus - en chaîne,7,2,2,0,1,2,1,0,1,50,3,3,2,0,1,0,24.0,23.0,voiture,voiture,3,2,1,1,4
202300016713,2023-09-15 16:00:00,2023,9,15,16,0,2B,2B033,MARTYRS - QUAI DES,42.696,9.4522,Plein jour,En agglomération,Hors intersection,Normale,Autre collision,6,-1,0,0,1,1,1,9,8,-1,1,2,1,0,0,1,54.0,,voiture,,1,2,1,1,6
202300016714,2023-03-14 17:32:00,2023,3,14,17,32,75,75108,AVENUE GEORGE V,48.869924,2.301005,Plein jour,En agglomération,Intersection en Y,Normale,Deux véhicules - frontale,4,2,2,0,1,1,1,0,1,30,2,2,1,0,0,1,33.0,27.0,deux_roues,utilitaire_camion,1,2,4,1,1
202300016714,2023-03-14 17:32:00,2023,3,14,17,32,75,75108,AVENUE GEORGE V,48.869924,2.301005,Plein jour,En agglomération,Intersection en Y,Normale,Deux véhicules - frontale,4,1,2,0,1,1,1,0,1,30,2,2,1,0,0,1,33.0,27.0,deux_roues,utilitaire_camion,1,2,4,1,1
202300016715,2023-05-31 13:53:00,2023,5,31,13,53,86,86194,Avenue du Plateau des Glières,46.605103,0.322004,Plein jour,En agglomération,Intersection en T,Temps éblouissant,Deux véhicules - côté,3,2,2,0,1,1,1,0,1,50,2,2,1,0,0,1,59.0,29.0,voiture,deux_roues,1,2,3,7,3
202300016715,2023-05-31 13:53:00,2023,5,31,13,53,86,86194,Avenue du Plateau des Glières,46.605103,0.322004,Plein jour,En agglomération,Intersection en T,Temps éblouissant,Deux véhicules - côté,3,-1,2,0,1,1,1,0,1,50,2,2,1,0,0,1,59.0,29.0,voiture,deux_roues,1,2,3,7,3
202300016716,2023-12-23 03:44:00,2023,12,23,3,44,80,80635,Départementale 183,50.078047,1.922736,Nuit sans éclairage public,Hors agglomération,Hors intersection,Pluie légère,Sans collision,3,2,2,0,1,3,2,0,3,80,1,2,0,0,1,1,19.0,,voiture,,3,1,1,2,7
202300016717,2023-09-15 11:04:00,2023,9,15,11,4,2B,2B033,PAOLI DU NR 21 AU 45 -BLD,42.7022,9.45071,Plein jour,En agglomération,Autre intersection,Normale,Autre collision,4,2,2,0,1,1,1,9,1,50,1,2,1,0,0,1,45.0,,voiture,,1,2,9,1,6
202300016718,2023-03-14 15:00:00,2023,3,14,15,0,75,75117,AVENUE DE LA PORTE D ASNIERES,48.892269,2.301017,Plein jour,En agglomération,Intersection en T,Pluie légère,Autre collision,4,1,2,0,1,1,2,0,1,30,1,2,1,0,1,0,54.0,,utilitaire_camion,,1,2,3,2,6
202300016718,2023-03-14 15:00:00,2023,3,14,15,0,75,75117,AVENUE DE LA PORTE D ASNIERES,48.892269,2.301017,Plein jour,En agglomération,Intersection en T,Pluie légère,Autre collision,4,2, -1,-1,1,1,2,0,1,-1,1,2,1,0,1,0,54.0,,utilitaire_camion,,1,2,3,2,6
202300016719,2023-05-31 20:30:00,2023,5,31,20,30,85,85191,73 Boulevard gaston guitton,46.65933,-1.43643,Crépuscule ou aube,En agglomération,Hors intersection,Normale,Deux véhicules - arrière,4,2,2,0,1,1,1,0,1,30,2,1,0,0,0,1,39.0,,deux_roues,,2,2,1,1,2
202300016720,2023-12-24 23:10:00,2023,12,24,23,10,71,71202,le gauchard,46.849714,4.807291,Nuit sans éclairage public,Hors agglomération,Hors intersection,Normale,Deux véhicules - arrière,3,2,3,0,1,1,1,0,1,90,2,2,1,1,0,0,21.0,56.0,deux_roues,voiture,3,1,1,1,2
202300016721,2023-09-15 15:20:00,2023,9,15,15,20,2A,2A004,T21,41.9286,8.7712,Plein jour,Hors agglomération,Giratoire,Normale,Deux véhicules - arrière,2,1,1,0,1,2,1,9,1,50,2,2,1,0,0,1,55.0,76.0,deux_roues,voiture,1,1,6,1,2
202300016722,2023-03-15 18:30:00,2023,3,15,18,30,75,75106,BOULEVARD RASPAIL,48.84734826,2.32792407,Crépuscule ou aube,En agglomération,Intersection en X,Normale,Deux véhicules - côté,4,2,2,0,1,1,1,0,1,30,2,2,1,0,0,1,20.0,45.0,deux_roues,deux_roues,2,2,2,1,3
202300016722,2023-03-15 18:30:00,2023,3,15,18,30,75,75106,BOULEVARD RASPAIL,48.84734826,2.32792407,Crépuscule ou aube,En agglomération,Intersection en X,Normale,Deux véhicules - côté,4,2,2,0,1,1,1,0,1,30,2,2,1,0,0,1,20.0,45.0,deux_roues,deux_roues,2,2,2,1,3
202300016723,2023-05-31 11:40:00,2023,5,31,11,40,83,83137,LOTI (AVE PIERRE),43.11465,5.94525,Plein jour,En agglomération,Intersection à plus de 4 branches,Normale,Deux véhicules - côté,4,2,2,0,1,1,1,0,1,50,2,2,1,0,0,1,55.0,50.0,utilitaire_camion,deux_roues,1,2,5,1,3
202300016723,2023-05-31 11:40:00,2023,5,31,11,40,83,83137,LOTI (AVE PIERRE),43.11465,5.94525,Plein jour,En agglomération,Intersection à plus de 4 branches,Normale,Deux véhicules - côté,4,2,2,0,1,1,1,0,1,50,2,2,1,0,0,1,55.0,50.0,utilitaire_camion,deux_roues,1,2,5,1,3
202300016724,2023-09-14 19:20:00,2023,9,14,19,20,95,95680,CHAMP DOLENT (RUE LE),49.00313664,2.3920691,Plein jour,En agglomération,Autre intersection,Normale,Autre collision,4,-1,1,0,1,1,1,0,1,50,1,2,1,0,0,1,64.0,,voiture,,1,2,9,1,6
202300016725,2023-12-25 13:00:00,2023,12,25,13,0,39,39096,,47.24763,5.493636,Plein jour,Hors agglomération,Hors intersection,Normale,Deux véhicules - frontale,3,2,2,0,1,1,1,0,1,80,2,2,0,1,0,1,66.0,61.0,voiture,voiture,1,1,1,1,1
202300016726,2023-05-31 13:20:00,2023,5,31,13,20,83,83034,AVENUE DE FONT BRUN,43.0854269,6.09577882,Plein jour,Hors agglomération,Autre intersection,Pluie légère,Deux véhicules - frontale,3,2,2,0,2,3,2,9,1,30,2,2,1,0,1,0,87.0,44.0,voiture,utilitaire_camion,1,1,9,2,1
202300016727,2023-03-15 09:30:00,2023,3,15,9,30,75,75120,PORTE DE VINCENNES,48.846883,2.413873,Plein jour,En agglomération,Intersection en X,Normale,Deux véhicules - côté,4,1, -1,-1,1,1,1,0,5,-1,2,2,1,0,0,1,58.0,56.0,deux_roues,deux_roues,1,2,2,1,3
202300016727,2023-03-15 09:30:00,2023,3,15,9,30,75,75120,PORTE DE VINCENNES,48.846883,2.413873,Plein jour,En agglomération,Intersection en X,Normale,Deux véhicules - côté,4,1,1,1,1,3,1,0,5,30,2,2,1,0,0,1,58.0,56.0,deux_roues,deux_roues,1,2,2,1,3
202300016728,2023-09-15 15:15:00,2023,9,15,15,15,95,95585,D316A3,48.981355,2.369519,Plein jour,En agglomération,Hors intersection,Normale,Deux véhicules - côté,3,2,2,0,1,1,1,0,1,50,2,2,1,0,0,1,25.0,33.0,voiture,deux_roues,1,2,1,1,3
202300016729,2023-12-25 11:00:00,2023,12,25,11,0,29,29061,rue Prosper Garnot,48.43267442,-4.4690115,Plein jour,En agglomération,Hors intersection,Pluie légère,Autre collision,3,3,3,0,1,2,2,0,3,90,1,2,1,0,1,0,21.0,,voiture,,1,2,1,2,6
202300016730,2023-03-15 09:15:00,2023,3,15,9,15,75,75110,RUE DE L AQUEDUC,48.88142084,2.36187413,Plein jour,En agglomération,Intersection en X,Normale,Autre collision,4,1, -1,-1,1,1,1,0,1,-1,1,2,0,0,0,2,23.0,,deux_roues,,1,2,2,1,6
202300016730,2023-03-15 09:15:00,2023,3,15,9,15,75,75110,RUE DE L AQUEDUC,48.88142084,2.36187413,Plein jour,En agglomération,Intersection en X,Normale,Autre collision,4,1,1,2,1,1,1,0,1,30,1,2,0,0,0,2,23.0,,deux_roues,,1,2,2,1,6
202300016731,2023-05-31 17:42:00,2023,5,31,17,42,81,81004,BOURDES (DE),43.91898,2.11023,Plein jour,En agglomération,Hors intersection,Pluie légère,Autre collision,6,-1, -1,0,1,1,2,9,1,30,3,3,1,0,0,2,32.0,34.0,voiture,voiture,1,2,1,2,6