accident_id,datetime,annee,mois,jour,heure,minute,departement,commune_insee,adresse,latitude,longitude,luminosite,agglomeration,intersection,meteo,collision,catr,circ,nbv,vosp,prof,plan,surf,infra,situ,vma,nb_vehicules,nb_usagers,nb_indemnes,nb_tues,nb_blesses_hosp,nb_blesses_legers,age_cond_1,age_cond_2,veh_type_cond_1,veh_type_cond_2,lum_code,agg_code,int_code,atm_code,col_code
202300016732,2023-09-15 22:55:00,2023,9,15,22,55,95,95127,N14,49.05510616,2.05250144,Nuit sans éclairage public,Hors agglomération,Hors intersection,Normale,Deux véhicules - arrière,2,3,4,0,1,1,1,0,1,110,2,2,1,0,1,0,42.0,46.0,voiture,voiture,3,1,1,1,2
202300016733,2023-03-15 17:00:00,2023,3,15,17,0,94,94081,Avenue Youri Gagarine,48.78768222,2.39062661,Plein jour,En agglomération,Hors intersection,Normale,Deux véhicules - arrière,3,3,4,3,1,1,1,0,1,50,2,2,1,0,0,1,41.0,22.0,voiture,voiture,1,2,1,1,2
202300016734,2023-12-24 20:06:00,2023,12,24,20,6,01,01265,8 Rue du Maquis,46.172825,5.578517,Nuit avec éclairage allumé,En agglomération,Hors intersection,Normale,Autre collision,4,2,2,0,2,2,2,0,3,30,1,4,2,0,2,0,28.0,,voiture,,5,2,1,1,6
202300016735,2023-09-15 11:00:00,2023,9,15,11,0,91,91687,FRANCOEUR (RUE),48.67522,2.3841,Plein jour,En agglomération,Hors intersection,Normale,Deux véhicules - côté,3,2,2,0,1,1,1,0,1,50,2,2,1,0,0,1,34.0,75.0,deux_roues,utilitaire_camion,1,2,1,1,3
202300016736,2023-05-31 12:20:00,2023,5,31,12,20,78,78551,ROOSEVELT (DU PRESIDENT),48.899458,2.070529,Plein jour,En agglomération,Intersection en X,Normale,Deux véhicules - côté,2,1,2,-1,1,1,1,5,1,-1,2,2,1,0,0,1,26.0,38.0,utilitaire_camion,voiture,1,2,2,1,3
202300016736,2023-05-31 12:20:00,2023,5,31,12,20,78,78551,ROOSEVELT (DU PRESIDENT),48.899458,2.070529,Plein jour,En agglomération,Intersection en X,Normale,Deux véhicules - côté,2,1,4,0,1,1,1,0,1,50,2,2,1,0,0,1,26.0,38.0,utilitaire_camion,voiture,1,2,2,1,3
202300016737,2023-03-15 18:20:00,2023,3,15,18,20,94,94080,Rue de Fontenay / Rue de Montreuil,48.8484336,2.43489513,Plein jour,En agglomération,Intersection en X,Normale,Autre collision,3,1,1,2,1,1,1,0,1,-1,1,2,1,0,0,1,60.0,,voiture,,1,2,2,1,6
202300016737,2023-03-15 18:20:00,2023,3,15,18,20,94,94080,Rue de Fontenay / Rue de Montreuil,48.8484336,2.43489513,Plein jour,En agglomération,Intersection en X,Normale,Autre collision,3,2,2,0,1,1,1,0,1,50,1,2,1,0,0,1,60.0,,voiture,,1,2,2,1,6
202300016738,2023-09-14 23:40:00,2023,9,14,23,40,87,87085,CORDERIE (BOULEVARD DE LA),45.82905,1.26547,Nuit avec éclairage allumé,En agglomération,Hors intersection,Normale,Autre collision,4,2,2,0,1,1,1,0,1,50,1,2,1,0,0,1,,,deux_roues,,5,2,1,1,6
202300016739,2023-12-24 15:50:00,2023,12,24,15,50,30,30026,D999,43.97912,3.598773,Plein jour,Hors agglomération,Intersection en X,Normale,Deux véhicules - côté,3,2,2,0,1,2,1,0,1,70,2,2,1,0,1,0,61.0,80.0,deux_roues,voiture,1,1,2,1,3
202300016739,2023-12-24 15:50:00,2023,12,24,15,50,30,30026,D999,43.97912,3.598773,Plein jour,Hors agglomération,Intersection en X,Normale,Deux véhicules - côté,3,2,2,0,1,1,1,0,1,80,2,2,1,0,1,0,61.0,80.0,deux_roues,voiture,1,1,2,1,3
202300016740,2023-05-31 12:20:00,2023,5,31,12,20,78,78029,MONTGARDE ( RUE DE),48.947946,1.846398,Plein jour,Hors agglomération,Intersection en T,Normale,Deux véhicules - côté,4,2,2,0,1,1,1,0,1,50,2,2,1,0,0,1,41.0,67.0,deux_roues,voiture,1,1,3,1,3
202300016740,2023-05-31 12:20:00,2023,5,31,12,20,78,78029,MONTGARDE ( RUE DE),48.947946,1.846398,Plein jour,Hors agglomération,Intersection en T,Normale,Deux véhicules - côté,4,2, -1,-1,1,1,1,0,1,-1,2,2,1,0,0,1,41.0,67.0,deux_roues,voiture,1,1,3,1,3
202300016741,2023-03-15 18:35:00,2023,3,15,18,35,94,94074,Avenue du Rû de Gironde,48.742826,2.465883,Plein jour,En agglomération,Hors intersection,Normale,Deux véhicules - arrière,3,3,2,1,2,1,1,0,1,50,2,4,3,0,0,1,59.0,63.0,voiture,voiture,1,2,1,1,2
202300016742,2023-09-14 09:46:00,2023,9,14,9,46,87,87065,BOISSEUIL (RUE DE),45.79076382,1.30540609,Plein jour,Hors agglomération,Intersection en X,Normale,Deux véhicules - côté,3,2,2,0,1,1,1,0,1,80,2,2,0,0,0,2,27.0,22.0,voiture,voiture,1,1,2,1,3
202300016742,2023-09-14 09:46:00,2023,9,14,9,46,87,87065,BOISSEUIL (RUE DE),45.79076382,1.30540609,Plein jour,Hors agglomération,Intersection en X,Normale,Deux véhicules - côté,3,2,2,0,1,1,1,0,1,50,2,2,0,0,0,2,27.0,22.0,voiture,voiture,1,1,2,1,3
202300016743,2023-12-24 19:00:00,2023,12,24,19,0,51,51569,A4 - PK 131+200 sens PARIS / METZ,49.247582,3.940862,Nuit sans éclairage public,Hors agglomération,Hors intersection,Normale,Deux véhicules - frontale,1,3,2,0,1,3,1,0,1,110,2,2,0,0,2,0,79.0,42.0,voiture,voiture,3,1,1,1,1
202300016744,2023-03-15 08:55:00,2023,3,15,8,55,94,94074,Avenue Julien Duranton / Rue Raspail,48.7655,2.4476,Plein jour,En agglomération,Intersection en T,Normale,Autre collision,3,2,2,0,1,1,1,0,1,30,1,2,1,0,1,0,65.0,,voiture,,1,2,3,1,6
202300016744,2023-03-15 08:55:00,2023,3,15,8,55,94,94074,Avenue Julien Duranton / Rue Raspail,48.7655,2.4476,Plein jour,En agglomération,Intersection en T,Normale,Autre collision,3,2,2,0,1,1,1,0,1,-1,1,2,1,0,1,0,65.0,,voiture,,1,2,3,1,6
202300016745,2023-09-14 17:20:00,2023,9,14,17,20,86,86194,Promenade des Cours,46.57256,0.33845,Plein jour,En agglomération,Hors intersection,Normale,Deux véhicules - côté,4,3,2,0,1,1,1,0,1,30,2,2,1,0,0,1,33.0,28.0,deux_roues,voiture,1,2,1,1,3
202300016746,2023-05-31 19:30:00,2023,5,31,19,30,77,77374,D471,48.78549366,2.71132109,Plein jour,Hors agglomération,Hors intersection,Normale,Deux véhicules - arrière,3,2,2,0,1,1,1,0,1,90,2,2,1,0,1,0,57.0,19.0,voiture,deux_roues,1,1,1,1,2
202300016747,2023-12-25 02:50:00,2023,12,25,2,50,987,98725,PK 8.500 COL DU TAHARA'A,-17.512538,-149.501309,Nuit avec éclairage allumé,En agglomération,Hors intersection,Normale,Autre collision,2,3,4,0,2,3,2,0,1,60,1,1,0,1,0,0,23.0,,deux_roues,,5,2,1,1,6
202300016748,2023-03-14 19:40:00,2023,3,14,19,40,94,94068,D130,48.78486275,2.49532717,Nuit avec éclairage allumé,En agglomération,Intersection en X,Temps couvert,Deux véhicules - côté,3,2,2,0,1,1,1,2,1,30,2,2,1,0,0,1,25.0,,deux_roues,voiture,5,2,2,8,3
202300016748,2023-03-14 19:40:00,2023,3,14,19,40,94,94068,D130,48.78486275,2.49532717,Nuit avec éclairage allumé,En agglomération,Intersection en X,Temps couvert,Deux véhicules - côté,3,1,2,0,1,1,1,5,1,30,2,2,1,0,0,1,25.0,,deux_roues,voiture,5,2,2,8,3
202300016749,2023-07-02 18:40:00,2023,7,2,18,40,84,84087,PINAY (AVENUE ANTOINE),44.134173,4.799433,Plein jour,En agglomération,Hors intersection,Normale,Deux véhicules - côté,4,2,2,0,1,1,1,0,1,50,2,2,1,0,1,0,15.0,49.0,deux_roues,voiture,1,2,1,1,3
202300016750,2023-09-15 08:50:00,2023,9,15,8,50,83,83137,LOSTE (AVE COMMANDANTJEAN),43.125773,5.970547,Plein jour,En agglomération,Hors intersection,Temps éblouissant,Autre collision,4,4,1,0,2,1,1,2,1,50,1,2,1,0,0,1,41.0,,voiture,,1,2,1,7,6
202300016751,2023-03-15 10:50:00,2023,3,15,10,50,94,94058,Quai de l'Artois,48.82985,2.51174,Plein jour,En agglomération,Hors intersection,Normale,Deux véhicules - arrière,4,1,1,0,1,1,1,0,1,30,2,2,1,0,0,1,47.0,43.0,deux_roues,voiture,1,2,1,1,2
202300016752,2023-05-31 08:10:00,2023,5,31,8,10,77,77464,CLAYE  (RUE DE  ),48.884,2.7085,Plein jour,En agglomération,Hors intersection,Normale,Autre collision,4,3,2,0,3,2,1,0,1,50,1,1,0,0,0,1,53.0,,voiture,,1,2,1,1,6
202300016753,2023-09-14 10:25:00,2023,9,14,10,25,83,83126,LA SEYNE A BASTIAN (CHEMIN DE),43.090904,5.87067,Plein jour,En agglomération,Hors intersection,Normale,Deux véhicules - frontale,4,2,2,0,2,3,1,0,1,50,2,2,1,0,1,0,81.0,36.0,voiture,voiture,1,2,1,1,1
202300016754,2023-03-15 20:20:00,2023,3,15,20,20,94,94069,Quai de la République,48.81792799,2.42412928,Nuit avec éclairage allumé,En agglomération,Hors intersection,Normale,Deux véhicules - côté,3,2,2,0,1,1,1,0,1,30,2,4,3,0,0,1,19.0,65.0,voiture,deux_roues,5,2,1,1,3
202300016755,2023-12-25 00:05:00,2023,12,25,0,5,971,97107,Route Nationale N . 1,16.060166,-61.565881,Nuit sans éclairage public,Hors agglomération,Hors intersection,Normale,Deux véhicules - frontale,2,2,2,0,1,1,1,0,1,80,2,4,1,0,2,1,34.0,32.0,deux_roues,voiture,3,1,1,1,1
202300016756,2023-09-16 01:00:00,2023,9,16,1,0,78,78350,VERSAILLES (ROUTE DE),48.84393,2.10981,Nuit avec éclairage allumé,Hors agglomération,Hors intersection,Normale,Deux véhicules - frontale,2,3,0,0,2,1,1,0,1,70,2,5,2,0,0,3,54.0,24.0,voiture,voiture,5,1,1,1,1
202300016757,2023-03-15 11:40:00,2023,3,15,11,40,93,93073,Rue de la Belle Borne,48.98950392,2.52638876,Plein jour,Hors agglomération,Hors intersection,Normale,Deux véhicules - arrière,4,2,2,0,1,1,1,0,1,50,2,2,1,0,0,1,36.0,79.0,voiture,utilitaire_camion,1,1,1,1,2
202300016758,2023-09-15 09:14:00,2023,9,15,9,14,77,77445,EUROPE (AVENUE DE L'),48.59821,2.59118,Plein jour,En agglomération,Intersection en X,Normale,Deux véhicules - côté,3,2,2,0,1,1,1,0,1,70,2,3,0,0,1,2,45.0,31.0,utilitaire_camion,voiture,1,2,2,1,3
202300016758,2023-09-15 09:14:00,2023,9,15,9,14,77,77445,EUROPE (AVENUE DE L'),48.59821,2.59118,Plein jour,En agglomération,Intersection en X,Normale,Deux véhicules - côté,3,2,0,0,1,1,1,0,1,70,2,3,0,0,1,2,45.0,31.0,utilitaire_camion,voiture,1,2,2,1,3
202300016759,2023-12-25 16:30:00,2023,12,25,16,30,42,42012,Route du vieux Vinols,45.59795207,4.03560609,Crépuscule ou aube,En agglomération,Hors intersection,Normale,Autre collision,4,2,2,0,4,3,1,0,3,50,1,1,0,0,0,1,14.0,,deux_roues,,2,2,1,1,6
202300016760,2023-03-15 19:55:00,2023,3,15,19,55,93,93066,Avenue du Président Wilson / Rue des Bretons,48.919775,2.357733,Nuit avec éclairage allumé,En agglomération,Intersection en T,Normale,Deux véhicules - arrière,3,2,2,-1,1,1,1,0,1,-1,2,2,0,0,1,1,26.0,32.0,utilitaire_camion,deux_roues,5,2,3,1,2
202300016760,2023-03-15 19:55:00,2023,3,15,19,55,93,93066,Avenue du Président Wilson / Rue des Bretons,48.919775,2.357733,Nuit avec éclairage allumé,En agglomération,Intersection en T,Normale,Deux véhicules - arrière,3,1,2,0,1,1,1,0,1,50,2,2,0,0,1,1,26.0,32.0,utilitaire_camion,deux_roues,5,2,3,1,2
202300016761,2023-09-15 11:30:00,2023,9,15,11,30,77,77243,JACQUES LEPAIRE  (RUE   ),48.87881449,2.70147371,Plein jour,En agglomération,Hors intersection,Normale,Autre collision,4,2,0,0,1,1,1,0,1,30,1,2,1,0,0,1,77.0,,voiture,,1,2,1,1,6
202300016762,2023-03-15 18:20:00,2023,3,15,18,20,93,93055,Rue Condorcet,48.90539268,2.39527989,Plein jour,En agglomération,Hors intersection,Normale,Trois véhicules et plus - en chaîne,4,2,2,0,1,1,1,0,1,50,3,3,2,0,0,1,32.0,35.0,voiture,voiture,1,2,1,1,4
202300016763,2023-12-25 19:30:00,2023,12,25,19,30,60,60575,Rue de Noailles,49.295779,2.186105,Nuit avec éclairage allumé,En agglomération,Hors intersection,Pluie légère,Deux véhicules - frontale,3,4,2,0,1,1,2,0,1,50,1,1,0,0,0,1,78.0,,voiture,,5,2,1,2,1
202300016764,2023-09-15 09:00:00,2023,9,15,9,0,76,76114,MARTYRS DE LA RESISTANCE (RUE DES),49.57339,0.47499,Plein jour,En agglomération,Hors intersection,Normale,Deux véhicules - frontale,6,-1, -1,0,1,1,1,9,1,30,2,2,1,0,0,1,51.0,46.0,utilitaire_camion,deux_roues,1,2,1,1,1
202300016765,2023-03-14 10:50:00,2023,3,14,10,50,93,93050,Rue Paul et Camille Thomoux / Rue du Mal de Lattre de Tassigny,48.8636,2.52992,Plein jour,En agglomération,Intersection en T,Pluie légère,Trois véhicules et plus - en chaîne,3,2,2,-1,1,1,2,0,1,-1,3,3,2,0,0,1,41.0,42.0,voiture,voiture,1,2,3,2,4
202300016765,2023-03-14 10:50:00,2023,3,14,10,50,93,93050,Rue Paul et Camille Thomoux / Rue du Mal de Lattre de Tassigny,48.8636,2.52992,Plein jour,En agglomération,Intersection en T,Pluie légère,Trois véhicules et plus - en chaîne,3,3,2,0,1,1,2,0,1,50,3,3,2,0,0,1,41.0,42.0,voiture,voiture,1,2,3,2,4
202300016766,2023-09-15 08:55:00,2023,9,15,8,55,76,76476,Rue Claude Bernard,49.486087,0.571896,Plein jour,En agglomération,Autre intersection,Normale,Deux véhicules - frontale,3,1,1,0,1,3,1,5,1,50,2,2,1,0,0,1,26.0,45.0,deux_roues,voiture,1,2,9,1,1
202300016767,2023-12-25 03:30:00,2023,12,25,3,30,60,60088,Rue du Ménillet,49.196052,2.20602,Nuit sans éclairage public,Hors agglomération,Hors intersection,Pluie légère,Deux véhicules - frontale,3,2,2,0,4,2,2,0,1,80,1,2,0,0,0,2,23.0,,voiture,,3,1,1,2,1
202300016768,2023-03-15 21:00:00,2023,3,15,21,0,93,93071,Avenue Lucie Aubrac / Avenue Henri Barbusse,48.93364,2.54339,Nuit avec éclairage allumé,En agglomération,Giratoire,Normale,Deux véhicules - côté,3,2,2,0,1,1,1,0,1,50,2,2,1,0,0,1,23.0,37.0,voiture,deux_roues,5,2,6,1,3
202300016768,2023-03-15 21:00:00,2023,3,15,21,0,93,93071,Avenue Lucie Aubrac / Avenue Henri Barbusse,48.93364,2.54339,Nuit avec éclairage allumé,En agglomération,Giratoire,Normale,Deux véhicules - côté,3,2,2,-1,1,1,1,0,1,-1,2,2,1,0,0,1,23.0,37.0,voiture,deux_roues,5,2,6,1,3
202300016769,2023-09-14 16:04:00,2023,9,14,16,4,72,72181,LOUIS BLANC (QUAI),48.00648,0.19255,Plein jour,En agglomération,Autre intersection,Normale,Deux véhicules - côté,4,2,2,0,1,1,1,0,1,50,2,3,1,0,0,2,85.0,58.0,voiture,transport_commun,1,2,9,1,3
202300016770,2023-03-14 15:40:00,2023,3,14,15,40,93,93031,Avenue Salvador Allende,48.956111,2.308512,Plein jour,En agglomération,Hors intersection,Normale,Deux véhicules - côté,3,2,4,0,1,1,1,0,1,50,2,2,1,0,0,1,28.0,44.0,voiture,deux_roues,1,2,1,1,3
202300016771,2023-09-14 07:44:00,2023,9,14,7,44,72,72181,RUBILLARD AV N° PAIRS 118 ET >,48.01322,0.17436,Plein jour,En agglomération,Hors intersection,Normale,Deux véhicules - arrière,4,2,2,0,2,1,1,1,1,50,2,3,0,0,0,3,48.0,48.0,voiture,voiture,1,2,1,1,2
202300016772,2023-03-15 15:25:00,2023,3,15,15,25,93,93008,Avenue Paul Vaillant - Couturier,48.90860694,2.45101306,Plein jour,En agglomération,Hors intersection,Normale,Deux véhicules - côté,3,3,2,0,1,1,1,0,4,30,2,2,1,0,0,1,30.0,41.0,voiture,deux_roues,1,2,1,1,3
202300016773,2023-12-24 06:16:00,2023,12,24,6,16,13,13085,A50-Sens Marseille vers Aubagne,43.24914995,5.59614814,Nuit sans éclairage public,Hors agglomération,Hors intersection,Normale,Deux véhicules - arrière,1,3,4,0,2,3,1,0,1,110,2,3,0,0,1,2,19.0,23.0,voiture,voiture,3,1,1,1,2
202300016774,2023-09-14 14:10:00,2023,9,14,14,10,71,71270,NEUF CLES (BOULEVARD DES),46.31543103,4.82350674,Plein jour,En agglomération,Autre intersection,Normale,Autre collision,4,2,2,0,1,1,1,0,1,50,1,2,1,0,0,1,23.0,,voiture,,1,2,9,1,6
202300016775,2023-03-15 20:06:00,2023,3,15,20,6,93,93007,35 Rue de l'Angélus,48.92227675,2.4640735,Nuit avec éclairage allumé,En agglomération,Hors intersection,Normale,Autre collision,4,1,1,0,1,1,1,0,1,50,1,2,1,0,1,0,44.0,,voiture,,5,2,1,1,6
202300016776,2023-09-15 13:50:00,2023,9,15,13,50,71,71076,BOUCICAUT (AVENUE),46.7877513,4.83850926,Plein jour,En agglomération,Hors intersection,Normale,Deux véhicules - frontale,4,2,3,0,1,1,1,0,1,50,2,2,1,0,0,1,57.0,23.0,voiture,deux_roues,1,2,1,1,1
202300016777,2023-03-15 08:00:00,2023,3,15,8,0,92,92050,VAILLANT COUTURIER PAUL RUE,48.88418,2.20322,Plein jour,En agglomération,Hors intersection,Normale,Deux véhicules - côté,3,2,2,0,1,1,1,0,1,50,2,2,1,0,1,0,24.0,43.0,voiture,deux_roues,1,2,1,1,3
202300016778,2023-12-23 23:20:00,2023,12,23,23,20,13,13211,A50-Sens Aubagne vers Marseille,43.29472,5.46471,Nuit sans éclairage public,Hors agglomération,Hors intersection,Normale,Autre collision,1,3,3,0,2,2,1,0,1,90,1,2,1,0,1,0,29.0,,voiture,,3,1,1,1,6
202300016779,2023-03-15 18:10:00,2023,3,15,18,10,92,92044,DANTON(RUE)125+ ET 134BIS+,48.89581,2.27857,Plein jour,En agglomération,Hors intersection,Normale,Autre collision,4,1,2,1,1,1,1,0,1,50,1,1,0,0,0,1,15.0,,deux_roues,,1,2,1,1,6
202300016780,2023-09-15 11:40:00,2023,9,15,11,40,71,71076,COUBERTIN (RUE PIERRE DE),46.80867984,4.85181838,Plein jour,En agglomération,Intersection en T,Normale,Deux véhicules - côté,3,2,3,1,1,1,1,0,1,50,2,2,1,0,0,1,55.0,55.0,deux_roues,utilitaire_camion,1,2,3,1,3
202300016780,2023-09-15 11:40:00,2023,9,15,11,40,71,71076,COUBERTIN (RUE PIERRE DE),46.80867984,4.85181838,Plein jour,En agglomération,Intersection en T,Normale,Deux véhicules - côté,3,2,2,-1,1,1,1,0,1,-1,2,2,1,0,0,1,55.0,55.0,deux_roues,utilitaire_camion,1,2,3,1,3
202300016781,2023-12-24 12:35:00,2023,12,24,12,35,83,83129,A50,43.1206124,5.84313268,Plein jour,Hors agglomération,Hors intersection,Normale,Sans collision,1,1,3,0,1,1,1,0,1,110,1,1,0,0,0,1,72.0,,voiture,,1,1,1,1,7
202300016782,2023-03-15 09:05:00,2023,3,15,9,5,92,92024,HENRI BARBUSSE (RUE) DE (1 A 73)   (2 A,48.89760773,2.30061516,Plein jour,En agglomération,Hors intersection,Normale,Deux véhicules - côté,3,1,1,0,1,1,1,0,1,50,2,2,1,0,0,1,32.0,,deux_roues,deux_roues,1,2,1,1,3
202300016783,2023-09-15 17:30:00,2023,9,15,17,30,69,69256,Avenue Gabriel Péri,45.78223,4.91873,Plein jour,En agglomération,Intersection en X,Normale,Deux véhicules - côté,4,2,2,2,1,1,1,0,1,50,2,2,0,0,1,1,41.0,35.0,voiture,voiture,1,2,2,1,3
202300016783,2023-09-15 17:30:00,2023,9,15,17,30,69,69256,Avenue Gabriel Péri,45.78223,4.91873,Plein jour,En agglomération,Intersection en X,Normale,Deux véhicules - côté,4,2,2,0,1,1,1,0,1,50,2,2,0,0,1,1,41.0,35.0,voiture,voiture,1,2,2,1,3
202300016784,2023-12-24 03:05:00,2023,12,24,3,5,33,33162,ROCADE A 630,44.87075629,-0.64298432,Nuit sans éclairage public,Hors agglomération,Hors intersection,Normale,Autre collision,1,3,6,0,1,1,2,0,1,90,1,3,2,0,0,1,,,voiture,,3,1,1,1,6
202300016785,2023-03-15 18:09:00,2023,3,15,18,9,92,92014,ROOSEVELT PRESIDENT F (AVE DU),48.77726,2.30822,Plein jour,En agglomération,Hors intersection,Normale,Trois véhicules et plus - en chaîne,3,2,2,0,1,1,1,0,1,30,3,3,2,0,0,1,45.0,47.0,voiture,voiture,1,2,1,1,4
202300016786,2023-09-15 07:40:00,2023,9,15,7,40,69,69029,Place Kimmerling,45.75281977,4.8986493,Crépuscule ou aube,En agglomération,Intersection en T,Normale,Deux véhicules - côté,4,1,2,0,1,1,1,0,1,30,2,2,1,0,0,1,59.0,21.0,voiture,voiture,2,2,3,1,3
202300016786,2023-09-15 07:40:00,2023,9,15,7,40,69,69029,Place Kimmerling,45.75281977,4.8986493,Crépuscule ou aube,En agglomération,Intersection en T,Normale,Deux véhicules - côté,4,2,2,1,1,1,1,0,1,-1,2,2,1,0,0,1,59.0,21.0,voiture,voiture,2,2,3,1,3
202300016787,2023-03-15 12:15:00,2023,3,15,12,15,92,92004,BAS ( RUE DES ),48.91723,2.29392,Plein jour,En agglomération,Hors intersection,Normale,Deux véhicules - côté,3,-1,2,0,1,1,1,0,1,50,2,3,2,0,0,1,29.0,39.0,voiture,deux_roues,1,2,1,1,3
202300016788,2023-09-14 21:50:00,2023,9,14,21,50,69,69259,Chemin du Charbonnier,45.7024012,4.8944353,Nuit sans éclairage public,En agglomération,Hors intersection,Normale,Deux véhicules - frontale,4,2,2,0,1,1,1,0,1,50,2,2,1,0,0,1,25.0,25.0,voiture,voiture,3,2,1,1,1
202300016789,2023-03-15 11:20:00,2023,3,15,11,20,92,92004,VICTOIRES  ( PLACE DES  ),48.910643,2.291972,Plein jour,En agglomération,Hors intersection,Normale,Autre collision,4,2,2,0,1,1,1,0,1,50,1,2,1,0,0,1,36.0,,voiture,,1,2,1,1,6
202300016790,2023-09-14 18:10:00,2023,9,14,18,10,69,69259,Avenue du 11 Novembre 1918,45.68965438,4.86496898,Plein jour,En agglomération,Hors intersection,Normale,Autre collision,4,2,3,0,1,2,1,5,1,50,1,1,0,0,0,1,26.0,,deux_roues,,1,2,1,1,6
202300016791,2023-12-24 18:00:00,2023,12,24,18,0,94,94034,A86,48.75772551,2.32805983,Nuit avec éclairage allumé,Hors agglomération,Hors intersection,Normale,Trois véhicules et plus - en chaîne,1,3,3,0,1,1,1,0,1,70,4,4,3,0,0,1,31.0,22.0,voiture,voiture,5,1,1,1,4
202300016792,2023-03-14 09:30:00,2023,3,14,9,30,92,92004,MAGENTA,48.91246,2.27612,Plein jour,En agglomération,Hors intersection,Normale,Autre collision,4,1,1,0,1,1,2,0,1,50,2,2,1,0,0,1,56.0,51.0,deux_roues,voiture,1,2,1,1,6
202300016793,2023-12-24 07:49:00,2023,12,24,7,49,78,78322,RN12 EXT,48.787362,2.147975,Nuit sans éclairage public,Hors agglomération,Hors intersection,Normale,Autre collision,2,1,3,0,2,1,1,0,1,90,1,2,0,0,0,2,29.0,,voiture,,3,1,1,1,6
202300016794,2023-09-14 16:45:00,2023,9,14,16,45,67,67482,HERRENSCHMIDT (AVENUE),48.5967,7.75603,Plein jour,En agglomération,Intersection en T,Normale,Deux véhicules - côté,4,-1,4,0,1,1,1,0,1,30,2,2,1,0,0,1,23.0,,deux_roues,utilitaire_camion,1,2,3,1,3
202300016794,2023-09-14 16:45:00,2023,9,14,16,45,67,67482,HERRENSCHMIDT (AVENUE),48.5967,7.75603,Plein jour,En agglomération,Intersection en T,Normale,Deux véhicules - côté,4,-1,4,1,1,1,1,0,1,50,2,2,1,0,0,1,23.0,,deux_roues,utilitaire_camion,1,2,3,1,3
202300016795,2023-03-14 18:10:00,2023,3,14,18,10,92,92004,AULAGNIER ( QUAI ),48.9144,2.31192,Plein jour,En agglomération,Hors intersection,Normale,Deux véhicules - côté,3,1,2,0,1,1,1,0,1,50,2,2,1,0,1,0,36.0,25.0,voiture,deux_roues,1,2,1,1,3
202300016796,2023-09-13 14:00:00,2023,9,13,14,0,66,66136,,42.68932,2.8945,Plein jour,En agglomération,Hors intersection,Normale,Autre collision,4,2,2,0,1,1,1,0,1,50,1,1,0,1,0,0,43.0,,deux_roues,,1,2,1,1,6
202300016797,2023-03-13 19:20:00,2023,3,13,19,20,09,09261,avenue d'aulot,42.982507,1.151131,Nuit avec éclairage allumé,En agglomération,Hors intersection,Pluie forte,Autre collision,3,2,2,0,1,1,2,0,1,50,2,3,2,0,1,0,36.0,56.0,voiture,voiture,5,2,1,3,6
202300016798,2023-12-23 23:30:00,2023,12,23,23,30,78,78126,A13,48.842,2.11124,Nuit sans éclairage public,Hors agglomération,Hors intersection,Normale,Autre collision,2,1,1,0,2,3,1,3,1,70,1,1,0,0,0,1,50.0,,voiture,,3,1,1,1,6
202300016799,2023-09-15 21:50:00,2023,9,15,21,50,64,64445,CONDORCET,43.31152,-0.36261,Nuit avec éclairage allumé,En agglomération,Hors intersection,Pluie légère,Deux véhicules - côté,4,2,5,1,1,1,2,0,1,50,2,2,1,0,0,1,23.0,21.0,voiture,voiture,5,2,1,2,3
202300016800,2023-03-16 17:05:00,2023,3,16,17,5,974,97412,24 Rue de la Passerelle,-21.37993,55.646252,Plein jour,Hors agglomération,Hors intersection,Normale,Autre collision,4,2,2,0,1,1,1,0,3,50,1,1,0,0,0,1,58.0,,voiture,,1,1,1,1,6
202300016801,2023-03-15 13:00:00,2023,3,15,13,0,83,83070,Avenue de la Baou,43.13913172,6.35505243,Plein jour,En agglomération,Giratoire,Normale,Deux véhicules - côté,3,1,1,0,1,1,1,0,1,50,2,2,1,0,0,1,22.0,17.0,voiture,deux_roues,1,2,6,1,3
202300016802,2023-09-15 16:35:00,2023,9,15,16,35,64,64348,ERCKMAN CHATRIAN,43.32558,-0.38546,Plein jour,En agglomération,Intersection en T,Pluie légère,Deux véhicules - arrière,4,2,2,0,1,1,2,0,1,50,2,2,1,0,0,1,82.0,27.0,voiture,voiture,1,2,3,2,2
202300016802,2023-09-15 16:35:00,2023,9,15,16,35,64,64348,ERCKMAN CHATRIAN,43.32558,-0.38546,Plein jour,En agglomération,Intersection en T,Pluie légère,Deux véhicules - arrière,4,2, -1,-1,1,1,2,0,1,-1,2,2,1,0,0,1,82.0,27.0,voiture,voiture,1,2,3,2,2
202300016803,2023-03-10 18:00:00,2023,3,10,18,0,62,62285,D956,50.180275,2.907247,Plein jour,En agglomération,Hors intersection,Pluie légère,Autre collision,3,-1,2,0,1,1,2,0,3,50,1,1,0,0,1,0,65.0,,voiture,,1,2,1,2,6
202300016804,2023-12-24 18:09:00,2023,12,24,18,9,95,95306,A15,49.00739355,2.16194967,Nuit sans éclairage public,Hors agglomération,Hors intersection,Normale,Autre collision,1,3,3,0,1,1,1,0,1,110,1,1,0,0,0,1,18.0,,voiture,,3,1,1,1,6
202300016805,2023-09-15 08:55:00,2023,9,15,8,55,64,64445,EUROPE DE L',43.319183,-0.307461,Plein jour,En agglomération,Giratoire,Normale,Deux véhicules - côté,3,1,3,0,1,3,1,0,5,30,2,2,1,1,0,0,44.0,39.0,utilitaire_camion,deux_roues,1,2,6,1,3