accident_id,datetime,annee,mois,jour,heure,minute,departement,commune_insee,adresse,latitude,longitude,luminosite,agglomeration,intersection,meteo,collision,catr,circ,nbv,vosp,prof,plan,surf,infra,situ,vma,nb_vehicules,nb_usagers,nb_indemnes,nb_tues,nb_blesses_hosp,nb_blesses_legers,age_cond_1,age_cond_2,veh_type_cond_1,veh_type_cond_2,lum_code,agg_code,int_code,atm_code,col_code
202300016806,2023-03-15 20:00:00,2023,3,15,20,0,62,62117,D19,50.080016,2.975514,Nuit sans éclairage public,Hors agglomération,Hors intersection,Normale,Autre collision,3,2,2,0,1,1,1,0,3,80,1,2,0,0,1,1,26.0,,voiture,,3,1,1,1,6
202300016807,2023-03-16 07:00:00,2023,3,16,7,0,77,77051,Avenue Alain Peyrefitte,48.410018,3.245779,Plein jour,En agglomération,Hors intersection,Normale,Autre collision,3,2,2,0,1,1,1,0,1,50,1,2,1,0,0,1,34.0,,voiture,,1,2,1,1,6
202300016808,2023-09-15 09:00:00,2023,9,15,9,0,63,63113,rue Alexis Duvert / rue des Côte fleuries,45.79971285,3.08408707,Plein jour,En agglomération,Intersection en X,Normale,Deux véhicules - côté,4,2,2,0,2,1,1,0,1,50,2,2,1,0,0,1,51.0,20.0,voiture,voiture,1,2,2,1,3
202300016808,2023-09-15 09:00:00,2023,9,15,9,0,63,63113,rue Alexis Duvert / rue des Côte fleuries,45.79971285,3.08408707,Plein jour,En agglomération,Intersection en X,Normale,Deux véhicules - côté,4,2,2,0,2,1,1,0,1,50,2,2,1,0,0,1,51.0,20.0,voiture,voiture,1,2,2,1,3
202300016809,2023-12-24 16:30:00,2023,12,24,16,30,93,93053,AUTOROUTE A3,48.89465546,2.471265,Crépuscule ou aube,Hors agglomération,Hors intersection,Normale,Trois véhicules et plus - collisions multiples,1,3,10,0,1,1,1,0,1,110,3,3,2,0,0,1,29.0,40.0,deux_roues,voiture,2,1,1,1,5
202300016810,2023-03-16 09:30:00,2023,3,16,9,30,81,81277,D903,43.987338,2.263487,Plein jour,Hors agglomération,Intersection en T,Normale,Deux véhicules - frontale,3,2,2,0,2,2,1,0,1,90,2,3,2,0,0,1,24.0,72.0,deux_roues,voiture,1,1,3,1,1
202300016810,2023-03-16 09:30:00,2023,3,16,9,30,81,81277,D903,43.987338,2.263487,Plein jour,Hors agglomération,Intersection en T,Normale,Deux véhicules - frontale,3,2,2,-1,1,1,1,5,1,80,2,3,2,0,0,1,24.0,72.0,deux_roues,voiture,1,1,3,1,1
202300016811,2023-09-15 08:30:00,2023,9,15,8,30,63,63014,,45.7436,3.1387,Plein jour,Hors agglomération,Giratoire,Normale,Deux véhicules - côté,3,2,2,0,2,3,1,0,1,50,2,2,1,0,0,1,23.0,67.0,voiture,voiture,1,1,6,1,3
202300016811,2023-09-15 08:30:00,2023,9,15,8,30,63,63014,,45.7436,3.1387,Plein jour,Hors agglomération,Giratoire,Normale,Deux véhicules - côté,3,4,0,0,1,2,1,5,1,50,2,2,1,0,0,1,23.0,67.0,voiture,voiture,1,1,6,1,3
202300016812,2023-03-15 15:35:00,2023,3,15,15,35,71,71230,voie du souvenir français,46.601679,4.055902,Plein jour,En agglomération,Intersection en T,Normale,Deux véhicules - côté,4,1,1,0,1,1,1,0,1,50,2,2,1,0,1,0,16.0,61.0,deux_roues,voiture,1,2,3,1,3
202300016812,2023-03-15 15:35:00,2023,3,15,15,35,71,71230,voie du souvenir français,46.601679,4.055902,Plein jour,En agglomération,Intersection en T,Normale,Deux véhicules - côté,4,2,2,0,1,1,1,0,1,50,2,2,1,0,1,0,16.0,61.0,deux_roues,voiture,1,2,3,1,3
202300016813,2023-09-16 00:20:00,2023,9,16,0,20,62,62510,D58,50.42796579,2.75785661,Nuit sans éclairage public,Hors agglomération,Hors intersection,Normale,Deux véhicules - côté,3,3,0,0,1,1,1,0,1,90,2,3,2,0,1,0,37.0,27.0,voiture,voiture,3,1,1,1,3
202300016814,2023-03-15 18:55:00,2023,3,15,18,55,12,12198,RD 911,44.319811,2.220204,Plein jour,Hors agglomération,Hors intersection,Normale,Sans collision,3,2,2,0,1,1,1,0,3,90,1,1,0,0,1,0,49.0,,voiture,,1,1,1,1,7
202300016815,2023-12-23 13:15:00,2023,12,23,13,15,976,97611,kaweni-Kaweni sud  (Z I),-12.77477,45.22932,Plein jour,En agglomération,Hors intersection,Normale,Deux véhicules - côté,2,2, -1,-1,1,1,1,0,1,-1,2,3,2,0,0,1,41.0,53.0,deux_roues,voiture,1,2,1,1,3
202300016816,2023-09-15 11:40:00,2023,9,15,11,40,61,61001,D438,48.42079,0.08947,Plein jour,En agglomération,Hors intersection,Temps éblouissant,Deux véhicules - côté,3,2,2,2,1,1,1,-1,5,50,2,2,1,0,0,1,38.0,15.0,voiture,deux_roues,1,2,1,7,3
202300016817,2023-03-16 12:58:00,2023,3,16,12,58,34,34332,D912,43.31375,3.417242,Plein jour,En agglomération,Intersection en Y,Normale,Deux véhicules - côté,3,2,2,0,1,1,1,0,1,50,2,3,2,0,1,0,19.0,29.0,voiture,deux_roues,1,2,4,1,3
202300016817,2023-03-16 12:58:00,2023,3,16,12,58,34,34332,D912,43.31375,3.417242,Plein jour,En agglomération,Intersection en Y,Normale,Deux véhicules - côté,3,2, -1,-1,1,1,1,5,1,-1,2,3,2,0,1,0,19.0,29.0,voiture,deux_roues,1,2,4,1,3
202300016818,2023-09-16 20:35:00,2023,9,16,20,35,59,59271,MICHELET,51.01262,2.29976,Nuit avec éclairage allumé,En agglomération,Hors intersection,Normale,Deux véhicules - frontale,4,-1,0,0,1,1,1,0,1,50,2,2,1,0,0,1,52.0,18.0,voiture,deux_roues,5,2,1,1,1
202300016819,2023-03-16 18:45:00,2023,3,16,18,45,34,34335,517f Camp Esprit,43.59528,3.128148,Crépuscule ou aube,Hors agglomération,Giratoire,Normale,Deux véhicules - côté,3,2,2,0,1,2,1,0,1,90,2,2,1,0,0,1,53.0,17.0,voiture,deux_roues,2,1,6,1,3
202300016820,2023-12-23 16:18:00,2023,12,23,16,18,974,97416,BONS ENFANTS (RUE DES),-21.3402,55.475,Plein jour,En agglomération,Hors intersection,Normale,Autre collision,4,-1,1,0,1,1,1,0,1,50,1,2,1,0,0,1,53.0,,voiture,,1,2,1,1,6
202300016821,2023-09-14 16:50:00,2023,9,14,16,50,56,56121,DE GAULLE ( AVE DU GENERAL ),47.7422,-3.3704,Plein jour,En agglomération,Intersection en T,Normale,Deux véhicules - côté,4,2,2,0,1,1,1,0,1,30,2,3,1,0,0,2,23.0,34.0,voiture,voiture,1,2,3,1,3
202300016821,2023-09-14 16:50:00,2023,9,14,16,50,56,56121,DE GAULLE ( AVE DU GENERAL ),47.7422,-3.3704,Plein jour,En agglomération,Intersection en T,Normale,Deux véhicules - côté,4,2,2,0,1,1,1,0,1,30,2,3,1,0,0,2,23.0,34.0,voiture,voiture,1,2,3,1,3
202300016822,2023-03-16 12:05:00,2023,3,16,12,5,68,68179,D466,47.756936,7.018306,Plein jour,En agglomération,Giratoire,Normale,Deux véhicules - côté,3,2,2,0,1,3,1,0,1,50,2,2,1,0,1,0,24.0,69.0,voiture,deux_roues,1,2,6,1,3
202300016823,2023-09-14 08:31:00,2023,9,14,8,31,56,56162,Boulevard François Mitterrand,47.732594,-3.422187,Plein jour,En agglomération,Giratoire,Normale,Autre collision,3,3,2,0,1,1,1,0,1,30,1,2,1,0,1,0,76.0,,voiture,,1,2,6,1,6
202300016824,2023-03-14 08:55:00,2023,3,14,8,55,22,22158,N164 - Lieu dit Trefaut,48.21505,-3.00315,Plein jour,Hors agglomération,Hors intersection,Temps éblouissant,Autre collision,2,2,2,0,2,3,2,0,3,80,1,2,1,0,0,1,20.0,,voiture,,1,1,1,7,6
202300016825,2023-12-23 12:50:00,2023,12,23,12,50,974,97416,BADAMIER(CHEMIN),-21.30966,55.4565,Plein jour,Hors agglomération,Hors intersection,Normale,Deux véhicules - côté,4,2,2,0,1,1,1,0,1,50,2,2,1,0,0,1,37.0,32.0,deux_roues,voiture,1,1,1,1,3
202300016826,2023-09-14 13:00:00,2023,9,14,13,0,54,54265,Rue Antoine de Saint-exupery,48.63717,6.18355,Plein jour,En agglomération,Hors intersection,Normale,Deux véhicules - frontale,4,2,1,1,1,1,1,0,5,30,2,2,1,0,0,1,39.0,22.0,deux_roues,deux_roues,1,2,1,1,1
202300016827,2023-03-13 17:25:00,2023,3,13,17,25,22,22132,Lieu Dit Landresmeur,48.476844,-3.487237,Plein jour,Hors agglomération,Hors intersection,Pluie légère,Deux véhicules - frontale,3,2,2,0,2,2,2,0,1,80,2,4,2,0,1,1,30.0,28.0,utilitaire_camion,utilitaire_camion,1,1,1,2,1
202300016828,2023-09-14 14:15:00,2023,9,14,14,15,50,50129,BECQUEREL (RUE),49.62726,-1.63778,Plein jour,En agglomération,Intersection en X,Normale,Deux véhicules - arrière,3,2,3,0,1,1,1,0,1,50,2,3,1,0,0,2,36.0,30.0,voiture,voiture,1,2,2,1,2
202300016828,2023-09-14 14:15:00,2023,9,14,14,15,50,50129,BECQUEREL (RUE),49.62726,-1.63778,Plein jour,En agglomération,Intersection en X,Normale,Deux véhicules - arrière,3,2, -1,-1,1,1,1,0,1,-1,2,3,1,0,0,2,36.0,30.0,voiture,voiture,1,2,2,1,2
202300016829,2023-03-16 09:15:00,2023,3,16,9,15,25,25328,"Route. de Lyon, N.83",47.18383,5.963441,Plein jour,En agglomération,Hors intersection,Normale,Autre collision,2,2,2,0,1,1,1,9,1,50,1,2,1,0,1,0,19.0,,voiture,,1,2,1,1,6
202300016830,2023-09-11 19:30:00,2023,9,11,19,30,50,50129,VINDITS (RUE DES),49.62794,-1.65617,Plein jour,En agglomération,Intersection en X,Normale,Deux véhicules - côté,4,2,2,0,1,1,1,5,1,50,2,2,1,0,0,1,41.0,60.0,voiture,voiture,1,2,2,1,3
202300016830,2023-09-11 19:30:00,2023,9,11,19,30,50,50129,VINDITS (RUE DES),49.62794,-1.65617,Plein jour,En agglomération,Intersection en X,Normale,Deux véhicules - côté,4,2,2,0,1,1,1,5,1,50,2,2,1,0,0,1,41.0,60.0,voiture,voiture,1,2,2,1,3
202300016831,2023-12-21 12:45:00,2023,12,21,12,45,973,97302,DE GAULLE (AVENUE),4.93989,-52.32733,Plein jour,En agglomération,Intersection en X,Normale,Deux véhicules - côté,4,2,2,0,1,1,1,0,1,50,2,2,1,0,0,1,34.0,20.0,voiture,deux_roues,1,2,2,1,3
202300016831,2023-12-21 12:45:00,2023,12,21,12,45,973,97302,DE GAULLE (AVENUE),4.93989,-52.32733,Plein jour,En agglomération,Intersection en X,Normale,Deux véhicules - côté,4,1,1,0,1,1,1,0,1,50,2,2,1,0,0,1,34.0,20.0,voiture,deux_roues,1,2,2,1,3
202300016832,2023-03-12 04:35:00,2023,3,12,4,35,29,29100,Le Bourg,48.549967,-4.387515,Nuit sans éclairage public,En agglomération,Hors intersection,Normale,Autre collision,4,2,2,0,1,2,2,0,3,50,1,5,4,0,1,0,19.0,,voiture,,3,2,1,1,6
202300016833,2023-09-15 11:01:00,2023,9,15,11,1,49,49007,PAPIN,47.46553,-0.55437,Plein jour,En agglomération,Intersection en X,Normale,Deux véhicules - côté,4,2,3,2,1,1,1,0,1,50,2,2,1,1,0,0,38.0,47.0,utilitaire_camion,deux_roues,1,2,2,1,3
202300016833,2023-09-15 11:01:00,2023,9,15,11,1,49,49007,PAPIN,47.46553,-0.55437,Plein jour,En agglomération,Intersection en X,Normale,Deux véhicules - côté,4,2,4,3,1,1,1,0,1,50,2,2,1,1,0,0,38.0,47.0,utilitaire_camion,deux_roues,1,2,2,1,3
202300016834,2023-09-14 23:15:00,2023,9,14,23,15,49,49007,PLANTAGENET,47.47214,-0.55439,Nuit sans éclairage public,En agglomération,Hors intersection,Normale,Deux véhicules - arrière,4,1,1,0,1,1,1,0,1,30,2,2,1,0,0,1,36.0,26.0,voiture,deux_roues,3,2,1,1,2
202300016835,2023-03-14 18:00:00,2023,3,14,18,0,31,31468,carrefour d36 et d52,43.264816,0.863178,Plein jour,En agglomération,Intersection en X,Pluie légère,Deux véhicules - frontale,3,2,2,0,1,1,3,5,1,-1,2,3,1,0,2,0,29.0,24.0,voiture,voiture,1,2,2,2,1
202300016835,2023-03-14 18:00:00,2023,3,14,18,0,31,31468,carrefour d36 et d52,43.264816,0.863178,Plein jour,En agglomération,Intersection en X,Pluie légère,Deux véhicules - frontale,3,2,2,0,4,1,3,5,1,80,2,3,1,0,2,0,29.0,24.0,voiture,voiture,1,2,2,2,1
202300016836,2023-09-14 08:50:00,2023,9,14,8,50,49,49007,PASTEUR AVENUE,47.47416,-0.53726,Plein jour,En agglomération,Intersection en Y,Normale,Deux véhicules - côté,4,1, -1,-1,1,1,1,0,1,-1,2,2,1,0,0,1,41.0,25.0,voiture,deux_roues,1,2,4,1,3
202300016836,2023-09-14 08:50:00,2023,9,14,8,50,49,49007,PASTEUR AVENUE,47.47416,-0.53726,Plein jour,En agglomération,Intersection en Y,Normale,Deux véhicules - côté,4,2,2,0,1,1,1,0,1,50,2,2,1,0,0,1,41.0,25.0,voiture,deux_roues,1,2,4,1,3
202300016837,2023-03-15 18:20:00,2023,3,15,18,20,31,31493,D5,43.230313,0.749656,Plein jour,Hors agglomération,Intersection en X,Normale,Deux véhicules - côté,3,2,2,0,1,1,1,0,1,80,2,2,0,0,0,2,63.0,21.0,voiture,voiture,1,1,2,1,3
202300016837,2023-03-15 18:20:00,2023,3,15,18,20,31,31493,D5,43.230313,0.749656,Plein jour,Hors agglomération,Intersection en X,Normale,Deux véhicules - côté,3,2,2,0,1,1,1,0,1,80,2,2,0,0,0,2,63.0,21.0,voiture,voiture,1,1,2,1,3
202300016838,2023-12-21 08:20:00,2023,12,21,8,20,973,97302,RABAN (ROUTE DE),4.92616578,-52.31362492,Plein jour,En agglomération,Intersection en T,Pluie forte,Deux véhicules - côté,4,2,2,0,1,1,2,0,1,50,2,2,1,0,0,1,43.0,18.0,voiture,deux_roues,1,2,3,3,3
202300016838,2023-12-21 08:20:00,2023,12,21,8,20,973,97302,RABAN (ROUTE DE),4.92616578,-52.31362492,Plein jour,En agglomération,Intersection en T,Pluie forte,Deux véhicules - côté,4,2,2,0,1,1,2,0,1,50,2,2,1,0,0,1,43.0,18.0,voiture,deux_roues,1,2,3,3,3
202300016839,2023-09-15 19:21:00,2023,9,15,19,21,47,47001,BARBUSSE (AV. HENRI),44.20637233,0.63448191,Plein jour,En agglomération,Hors intersection,Normale,Deux véhicules - côté,4,-1,4,0,1,1,1,0,1,50,2,2,1,0,1,0,59.0,38.0,voiture,deux_roues,1,2,1,1,3
202300016840,2023-03-16 08:00:00,2023,3,16,8,0,02,02814,,49.92306,3.678145,Plein jour,Hors agglomération,Hors intersection,Normale,Autre collision,3,2,2,0,1,3,1,0,3,80,1,5,0,0,4,1,19.0,,voiture,,1,1,1,1,6
202300016841,2023-09-15 08:55:00,2023,9,15,8,55,44,44109,328 Route de Saint Joseph,47.25799,-1.52832,Plein jour,En agglomération,Hors intersection,Normale,Deux véhicules - côté,4,2,0,3,2,1,1,0,1,50,2,2,1,0,1,0,27.0,39.0,voiture,deux_roues,1,2,1,1,3
202300016842,2023-03-16 16:35:00,2023,3,16,16,35,14,14305,Chemin de la Butte au Vilain,49.308097,-0.012445,Plein jour,Hors agglomération,Hors intersection,Normale,Autre collision,4,-1,2,0,1,3,1,0,1,80,1,1,0,0,0,1,33.0,,voiture,,1,1,1,1,6
202300016843,2023-03-16 11:15:00,2023,3,16,11,15,05,05046,Route de Caléyères,44.566739,6.494631,Plein jour,En agglomération,Hors intersection,Normale,Deux véhicules - arrière,4,2,2,0,2,4,1,0,1,30,2,2,1,0,0,1,35.0,46.0,voiture,voiture,1,2,1,1,2
202300016844,2023-09-15 10:55:00,2023,9,15,10,55,43,43157,Boulevard Carnot,45.04607,3.87977,Plein jour,En agglomération,Hors intersection,Normale,Trois véhicules et plus - en chaîne,4,2,3,0,2,1,1,0,1,50,3,3,2,0,0,1,37.0,31.0,voiture,voiture,1,2,1,1,4
202300016845,2023-12-23 19:05:00,2023,12,23,19,5,69,69383,Avenue Félix Faure,45.75401,4.86161,Crépuscule ou aube,En agglomération,Intersection en X,Normale,Deux véhicules - frontale,4,2,2,3,1,1,1,0,6,30,2,2,1,0,0,1,49.0,33.0,voiture,deux_roues,2,2,2,1,1
202300016845,2023-12-23 19:05:00,2023,12,23,19,5,69,69383,Avenue Félix Faure,45.75401,4.86161,Crépuscule ou aube,En agglomération,Intersection en X,Normale,Deux véhicules - frontale,4,2,3,3,1,1,1,0,6,30,2,2,1,0,0,1,49.0,33.0,voiture,deux_roues,2,2,2,1,1
202300016846,2023-03-15 15:35:00,2023,3,15,15,35,36,36200,,46.593891,1.537507,Plein jour,Hors agglomération,Intersection en T,Normale,Trois véhicules et plus - collisions multiples,3,2,2,0,1,1,1,0,1,80,3,4,3,0,0,1,77.0,38.0,voiture,utilitaire_camion,1,1,3,1,5
202300016846,2023-03-15 15:35:00,2023,3,15,15,35,36,36200,,46.593891,1.537507,Plein jour,Hors agglomération,Intersection en T,Normale,Trois véhicules et plus - collisions multiples,3,2,2,0,1,3,1,0,1,80,3,4,3,0,0,1,77.0,38.0,voiture,utilitaire_camion,1,1,3,1,5
202300016847,2023-09-16 00:30:00,2023,9,16,0,30,37,37261,HEURTELOUP (BOULEVARD),47.39218,0.70057,Nuit avec éclairage allumé,En agglomération,Intersection en X,Normale,Trois véhicules et plus - collisions multiples,4,1,#VALEURMULTI,0,1,1,1,5,1,50,3,4,2,0,0,2,19.0,20.0,voiture,deux_roues,5,2,2,1,5
202300016847,2023-09-16 00:30:00,2023,9,16,0,30,37,37261,HEURTELOUP (BOULEVARD),47.39218,0.70057,Nuit avec éclairage allumé,En agglomération,Intersection en X,Normale,Trois véhicules et plus - collisions multiples,4,1,3,0,1,2,1,5,1,50,3,4,2,0,0,2,19.0,20.0,voiture,deux_roues,5,2,2,1,5
202300016848,2023-03-15 17:45:00,2023,3,15,17,45,40,40228,1120 Avenue Jean Barbé,43.623398,-0.839912,Plein jour,Hors agglomération,Intersection en Y,Temps éblouissant,Deux véhicules - côté,3,2,2,0,3,3,1,0,1,70,2,2,1,0,1,0,20.0,40.0,utilitaire_camion,deux_roues,1,1,4,7,3
202300016848,2023-03-15 17:45:00,2023,3,15,17,45,40,40228,1120 Avenue Jean Barbé,43.623398,-0.839912,Plein jour,Hors agglomération,Intersection en Y,Temps éblouissant,Deux véhicules - côté,3,-1, -1,-1,-1,-1,-1,-1,-1,-1,2,2,1,0,1,0,20.0,40.0,utilitaire_camion,deux_roues,1,1,4,7,3
202300016849,2023-09-15 15:20:00,2023,9,15,15,20,37,37261,VAILLANT (RUE EDOUARD),47.38126,0.70691,Plein jour,En agglomération,Hors intersection,Normale,Deux véhicules - arrière,4,2,2,0,1,1,1,0,1,50,2,2,1,0,0,1,70.0,76.0,voiture,voiture,1,2,1,1,2
202300016850,2023-03-16 17:20:00,2023,3,16,17,20,30,30059,,43.662846,4.232027,Plein jour,Hors agglomération,Hors intersection,Normale,Deux véhicules - frontale,3,2,2,0,1,3,1,0,1,80,2,2,1,1,0,0,70.0,15.0,voiture,deux_roues,1,1,1,1,1
202300016851,2023-12-23 11:45:00,2023,12,23,11,45,69,69388,Place Ambroise Courtois,45.74552866,4.87120733,Plein jour,En agglomération,Intersection en X,Temps couvert,Autre collision,4,1,3,2,1,1,2,9,8,30,1,2,1,0,0,1,21.0,,utilitaire_camion,,1,2,2,8,6
202300016851,2023-12-23 11:45:00,2023,12,23,11,45,69,69388,Place Ambroise Courtois,45.74552866,4.87120733,Plein jour,En agglomération,Intersection en X,Temps couvert,Autre collision,4,2,4,3,1,1,2,0,8,50,1,2,1,0,0,1,21.0,,utilitaire_camion,,1,2,2,8,6
202300016852,2023-09-15 18:15:00,2023,9,15,18,15,35,35238,CHARLES TILLON (RUE),48.12605907,-1.69280112,Plein jour,En agglomération,Intersection en X,Normale,Deux véhicules - côté,4,2,2,1,1,1,1,-1,1,50,2,2,1,0,0,1,60.0,27.0,voiture,deux_roues,1,2,2,1,3
202300016852,2023-09-15 18:15:00,2023,9,15,18,15,35,35238,CHARLES TILLON (RUE),48.12605907,-1.69280112,Plein jour,En agglomération,Intersection en X,Normale,Deux véhicules - côté,4,3,4,1,1,1,1,5,1,50,2,2,1,0,0,1,60.0,27.0,voiture,deux_roues,1,2,2,1,3
202300016853,2023-03-16 07:50:00,2023,3,16,7,50,88,88158,Rue de l'Elle,48.087848,6.608368,Plein jour,En agglomération,Intersection en T,Normale,Deux véhicules - frontale,4,2,2,0,1,1,1,0,1,50,2,2,1,0,1,0,13.0,45.0,deux_roues,voiture,1,2,3,1,1
202300016853,2023-03-16 07:50:00,2023,3,16,7,50,88,88158,Rue de l'Elle,48.087848,6.608368,Plein jour,En agglomération,Intersection en T,Normale,Deux véhicules - frontale,4,2, -1,-1,1,1,1,0,1,-1,2,2,1,0,1,0,13.0,45.0,deux_roues,voiture,1,2,3,1,1
202300016854,2023-09-15 19:10:00,2023,9,15,19,10,35,35150,GAUTRAIS (LA PETITE) LIEUX-DITS,48.34627,-1.21782,Crépuscule ou aube,Hors agglomération,Intersection en T,Normale,Sans collision,3,2,2,0,1,1,1,0,1,80,1,1,0,0,0,1,18.0,,voiture,,2,1,3,1,7
202300016854,2023-09-15 19:10:00,2023,9,15,19,10,35,35150,GAUTRAIS (LA PETITE) LIEUX-DITS,48.34627,-1.21782,Crépuscule ou aube,Hors agglomération,Intersection en T,Normale,Sans collision,3,2,2,0,1,2,1,0,1,80,1,1,0,0,0,1,18.0,,voiture,,2,1,3,1,7
202300016855,2023-03-16 09:55:00,2023,3,16,9,55,24,24167,48 Boulevard National,44.666555,0.398898,Plein jour,En agglomération,Hors intersection,Normale,Autre collision,3,2,2,0,1,1,1,0,1,50,1,2,1,0,1,0,39.0,,utilitaire_camion,,1,2,1,1,6
202300016856,2023-12-23 10:50:00,2023,12,23,10,50,69,69386,Quai Charles de Gaulle,45.78606,4.85901,Plein jour,En agglomération,Hors intersection,Pluie légère,Autre collision,4,3,6,0,1,1,2,0,1,50,1,2,1,0,1,0,39.0,,voiture,,1,2,1,2,6
202300016857,2023-09-15 12:53:00,2023,9,15,12,53,34,34172,LODEVE (AVENUE DE,43.61362,3.8392,Plein jour,En agglomération,Intersection en T,Normale,Deux véhicules - côté,4,1,2,0,1,1,1,0,1,30,2,2,1,0,0,1,51.0,22.0,deux_roues,voiture,1,2,3,1,3
202300016857,2023-09-15 12:53:00,2023,9,15,12,53,34,34172,LODEVE (AVENUE DE,43.61362,3.8392,Plein jour,En agglomération,Intersection en T,Normale,Deux véhicules - côté,4,2,2,0,1,1,1,0,6,30,2,2,1,0,0,1,51.0,22.0,deux_roues,voiture,1,2,3,1,3
202300016858,2023-03-15 10:40:00,2023,3,15,10,40,69,69244,49 Avenue de la République,45.763892,4.779262,Plein jour,En agglomération,Intersection en T,Normale,Deux véhicules - arrière,4,1,1,0,1,1,1,0,1,50,2,2,1,0,0,1,80.0,86.0,deux_roues,voiture,1,2,3,1,2
202300016858,2023-03-15 10:40:00,2023,3,15,10,40,69,69244,49 Avenue de la République,45.763892,4.779262,Plein jour,En agglomération,Intersection en T,Normale,Deux véhicules - arrière,4,2,2,3,1,1,1,0,1,50,2,2,1,0,0,1,80.0,86.0,deux_roues,voiture,1,2,3,1,2
202300016859,2023-03-15 17:00:00,2023,3,15,17,0,06,06018,Route de Valbonne,43.634091,7.075666,Plein jour,Hors agglomération,Hors intersection,Normale,Deux véhicules - frontale,3,2,2,0,2,2,1,0,1,50,2,2,1,0,0,1,57.0,20.0,voiture,voiture,1,1,1,1,1
202300016860,2023-09-15 19:10:00,2023,9,15,19,10,33,33522,Rue Peydavant,44.80434011,-0.5867359,Plein jour,En agglomération,Intersection en T,Normale,Deux véhicules - arrière,4,2,2,0,1,1,1,0,5,50,2,2,1,0,0,1,19.0,26.0,deux_roues,voiture,1,2,3,1,2
202300016860,2023-09-15 19:10:00,2023,9,15,19,10,33,33522,Rue Peydavant,44.80434011,-0.5867359,Plein jour,En agglomération,Intersection en T,Normale,Deux véhicules - arrière,4,2,2,2,1,1,1,0,5,50,2,2,1,0,0,1,19.0,26.0,deux_roues,voiture,1,2,3,1,2
202300016861,2023-12-23 06:00:00,2023,12,23,6,0,972,97213,ROUTE DEPARTEMENTALE 3,14.62575,-60.9893,Plein jour,En agglomération,Hors intersection,Normale,Deux véhicules - frontale,3,2,2,0,1,1,1,0,1,70,2,2,1,0,0,1,66.0,19.0,voiture,voiture,1,2,1,1,1
202300016862,2023-03-16 05:10:00,2023,3,16,5,10,89,89208,Autoroute A6,47.623998,3.907898,Nuit sans éclairage public,Hors agglomération,Hors intersection,Normale,Sans collision,1,3,4,0,1,1,1,0,3,90,1,1,0,0,0,1,65.0,,utilitaire_camion,,3,1,1,1,7
202300016863,2023-09-15 02:15:00,2023,9,15,2,15,33,33281,Avenue de la Libération,44.85468741,-0.64427599,Nuit sans éclairage public,En agglomération,Hors intersection,Normale,Autre collision,4,2,2,2,1,1,1,0,1,50,1,1,0,0,0,1,26.0,,deux_roues,,3,2,1,1,6
202300016864,2023-03-16 11:30:00,2023,3,16,11,30,58,58303,Boulevard Camille Dagonneau,47.014344,3.14989,Plein jour,En agglomération,Hors intersection,Normale,Deux véhicules - côté,3,4,2,1,1,1,1,9,8,50,2,3,2,0,0,1,22.0,28.0,voiture,voiture,1,2,1,1,3
202300016865,2023-09-15 11:20:00,2023,9,15,11,20,31,31555,MATABIAU (BD) DU 1AU 75,43.615539,1.440617,Plein jour,En agglomération,Hors intersection,Normale,Deux véhicules - côté,4,1,2,0,1,1,1,0,1,50,2,2,1,0,0,1,33.0,41.0,deux_roues,voiture,1,2,1,1,3
202300016866,2023-12-23 07:55:00,2023,12,23,7,55,972,97209,RD 41 (ROCADE),14.6166,-61.06034,Plein jour,Hors agglomération,Hors intersection,Normale,Deux véhicules - arrière,3,2,4,0,4,3,1,0,1,60,2,2,1,0,1,0,49.0,39.0,voiture,deux_roues,1,1,1,1,2
202300016867,2023-09-14 19:30:00,2023,9,14,19,30,31,31555,RUE LOUIS BONIN,43.63137,1.415,Crépuscule ou aube,En agglomération,Hors intersection,Normale,Deux véhicules - frontale,4,2,2,0,1,1,1,0,1,50,2,2,0,0,0,2,26.0,25.0,deux_roues,voiture,2,2,1,1,1
202300016868,2023-03-16 22:45:00,2023,3,16,22,45,988,98820,Tribu de Lékine - VU2,-20.69539,166.48449,Nuit sans éclairage public,Hors agglomération,Hors intersection,Pluie forte,Autre collision,4,2,2,0,1,1,2,0,3,70,1,2,1,1,0,0,59.0,,voiture,,3,1,1,3,6
202300016869,2023-09-14 15:15:00,2023,9,14,15,15,31,31555,RUE DU TAUR,43.60754,1.44203,Plein jour,En agglomération,Hors intersection,Temps éblouissant,Autre collision,4,1,1,0,1,1,1,6,1,30,1,2,1,0,0,1,28.0,,utilitaire_camion,,1,2,1,7,6
202300016870,2023-03-16 10:30:00,2023,3,16,10,30,13,13088,ZA les Pielettes,43.376434,5.226912,Plein jour,Hors agglomération,Intersection en T,Normale,Deux véhicules - côté,3,2,3,0,1,1,1,0,1,80,2,2,1,0,1,0,29.0,43.0,voiture,deux_roues,1,1,3,1,3
202300016870,2023-03-16 10:30:00,2023,3,16,10,30,13,13088,ZA les Pielettes,43.376434,5.226912,Plein jour,Hors agglomération,Intersection en T,Normale,Deux véhicules - côté,3,2, -1,-1,1,1,1,0,1,-1,2,2,1,0,1,0,29.0,43.0,voiture,deux_roues,1,1,3,1,3