accident_id,datetime,annee,mois,jour,heure,minute,departement,commune_insee,adresse,latitude,longitude,luminosite,agglomeration,intersection,meteo,collision,catr,circ,nbv,vosp,prof,plan,surf,infra,situ,vma,nb_vehicules,nb_usagers,nb_indemnes,nb_tues,nb_blesses_hosp,nb_blesses_legers,age_cond_1,age_cond_2,veh_type_cond_1,veh_type_cond_2,lum_code,agg_code,int_code,atm_code,col_code
202300016871,2023-09-15 19:20:00,2023,9,15,19,20,28,28218,VIEUX PUITS (CITE-RUE DU),48.4336,1.46261,Plein jour,En agglomération,Hors intersection,Normale,Deux véhicules - côté,4,2,2,0,1,1,1,0,1,50,2,2,1,0,0,1,53.0,31.0,voiture,deux_roues,1,2,1,1,3
202300016872,2023-12-23 11:45:00,2023,12,23,11,45,69,69202,1 Chemin des Hauts du Bois,45.73893,4.78716,Plein jour,En agglomération,Hors intersection,Normale,Deux véhicules - frontale,4,2,2,1,2,1,2,0,1,30,2,4,0,0,0,4,25.0,63.0,voiture,voiture,1,2,1,1,1
202300016873,2023-09-15 18:05:00,2023,9,15,18,5,27,27681,JAURES (BOULEVARD JAURES),49.095,1.464,Plein jour,En agglomération,Autre intersection,Temps éblouissant,Autre collision,9,2,2,0,1,1,1,9,8,30,1,2,1,0,1,0,46.0,,voiture,,1,2,9,7,6
202300016874,2023-03-16 08:15:00,2023,3,16,8,15,78,78062,Carrefour de l'Estandart,48.85197,1.878083,Plein jour,En agglomération,Giratoire,Normale,Deux véhicules - côté,3,1,2,0,1,1,1,5,1,-1,2,2,1,0,1,0,29.0,77.0,deux_roues,voiture,1,2,6,1,3
202300016875,2023-03-15 17:00:00,2023,3,15,17,0,66,66210,,42.62866,2.761581,Plein jour,En agglomération,Giratoire,Normale,Deux véhicules - arrière,3,-1,1,1,1,2,1,0,1,50,2,2,1,0,0,1,43.0,66.0,voiture,deux_roues,1,2,6,1,2
202300016876,2023-09-15 08:20:00,2023,9,15,8,20,27,27234,NATIONALE 13 (ROUTE),49.01484399,1.20422892,Plein jour,En agglomération,Hors intersection,Normale,Deux véhicules - arrière,2,3,4,0,1,1,1,0,1,70,2,2,0,0,0,2,35.0,63.0,voiture,voiture,1,2,1,1,2
202300016877,2023-12-23 10:40:00,2023,12,23,10,40,971,97101,CARAQUE,16.2499,-61.4892,Plein jour,En agglomération,Hors intersection,Normale,Deux véhicules - côté,4,2,2,0,1,1,1,0,1,50,2,2,0,0,0,2,23.0,60.0,voiture,voiture,1,2,1,1,3
202300016878,2023-03-16 08:15:00,2023,3,16,8,15,57,57481,85 Rue de la Mine,49.21403,6.010761,Plein jour,En agglomération,Hors intersection,Normale,Sans collision,4,2,2,0,1,1,1,0,1,50,1,1,0,0,0,1,40.0,,deux_roues,,1,2,1,1,7
202300016879,2023-09-15 13:15:00,2023,9,15,13,15,25,25388,ALLIES (AVENUE DES),47.51195,6.79977,Plein jour,En agglomération,Intersection en T,Normale,Autre collision,3,2,3,0,1,1,1,0,8,50,1,2,1,0,0,1,28.0,,voiture,,1,2,3,1,6
202300016879,2023-09-15 13:15:00,2023,9,15,13,15,25,25388,ALLIES (AVENUE DES),47.51195,6.79977,Plein jour,En agglomération,Intersection en T,Normale,Autre collision,3,1,2,-1,1,1,-1,5,-1,50,1,2,1,0,0,1,28.0,,voiture,,1,2,3,1,6
202300016880,2023-02-25 05:30:00,2023,2,25,5,30,69,69227,Route Départementale 311,45.668555,4.577866,Nuit sans éclairage public,Hors agglomération,Hors intersection,Normale,Deux véhicules - frontale,3,2,2,2,3,2,1,0,1,80,2,4,0,0,3,1,35.0,55.0,voiture,utilitaire_camion,3,1,1,1,1
202300016881,2023-09-15 17:30:00,2023,9,15,17,30,22,22360,RN12,48.483163,-2.699368,Plein jour,Hors agglomération,Hors intersection,Normale,Trois véhicules et plus - en chaîne,2,3,4,0,1,1,1,0,1,110,3,3,2,0,0,1,26.0,27.0,utilitaire_camion,utilitaire_camion,1,1,1,1,4
202300016882,2023-03-16 17:00:00,2023,3,16,17,0,69,69171,855 Montée des Alouettes,45.816346,4.596279,Plein jour,En agglomération,Hors intersection,Normale,Deux véhicules - frontale,4,2,2,0,2,4,1,0,1,50,2,3,1,0,0,2,17.0,22.0,deux_roues,voiture,1,2,1,1,1
202300016883,2023-12-23 10:35:00,2023,12,23,10,35,2A,2A004,SAMPIERO BD,41.9243,8.73922,Plein jour,En agglomération,Hors intersection,Normale,Deux véhicules - arrière,6,-1, -1,0,1,1,1,9,8,50,2,2,0,0,0,2,77.0,87.0,voiture,voiture,1,2,1,1,2
202300016884,2023-03-15 20:00:00,2023,3,15,20,0,85,85118,401 la grolle,46.641848,-1.545203,Nuit sans éclairage public,Hors agglomération,Hors intersection,Normale,Deux véhicules - arrière,3,2,2,0,1,1,1,0,1,80,2,2,1,1,0,0,64.0,61.0,deux_roues,voiture,3,1,1,1,2
202300016885,2023-09-15 09:39:00,2023,9,15,9,39,22,22360,RD700,48.47248,-2.77246,Plein jour,Hors agglomération,Hors intersection,Normale,Trois véhicules et plus - en chaîne,3,3,2,0,1,1,1,8,1,70,3,4,1,0,0,3,56.0,47.0,voiture,transport_commun,1,1,1,1,4
202300016886,2023-12-22 14:49:00,2023,12,22,14,49,2A,2A004,ROUTE DU STILETTO,41.94794,8.7739,Plein jour,En agglomération,Hors intersection,Normale,Deux véhicules - côté,3,2,2,0,1,1,1,0,1,50,2,2,1,0,1,0,66.0,36.0,deux_roues,voiture,1,2,1,1,3
202300016887,2023-03-15 14:10:00,2023,3,15,14,10,22,22176,Rue des Ecoles,48.443333,-2.749457,Plein jour,En agglomération,Giratoire,Normale,Deux véhicules - côté,4,1,1,0,1,1,1,0,1,30,2,2,1,0,0,1,15.0,34.0,deux_roues,voiture,1,2,6,1,3
202300016887,2023-03-15 14:10:00,2023,3,15,14,10,22,22176,Rue des Ecoles,48.443333,-2.749457,Plein jour,En agglomération,Giratoire,Normale,Deux véhicules - côté,4,1,1,0,1,2,1,5,1,30,2,2,1,0,0,1,15.0,34.0,deux_roues,voiture,1,2,6,1,3
202300016888,2023-09-15 07:10:00,2023,9,15,7,10,17,17300,MARILLAC   AVENUE,46.1404,-1.16446,Nuit avec éclairage allumé,En agglomération,Hors intersection,Normale,Deux véhicules - arrière,4,2,2,0,1,1,1,0,1,50,2,2,1,0,0,1,25.0,19.0,utilitaire_camion,voiture,5,2,1,1,2
202300016889,2023-03-15 14:00:00,2023,3,15,14,0,35,35315,Ruelle aux Chevaux,48.218866,-1.579281,Plein jour,En agglomération,Place,Normale,Autre collision,6,-1, -1,0,1,1,1,6,8,-1,1,2,1,0,0,1,84.0,,voiture,,1,2,7,1,6
202300016890,2023-03-16 14:10:00,2023,3,16,14,10,60,60139,401 Avenue des Martyrs,49.163761,2.251886,Plein jour,En agglomération,Hors intersection,Normale,Autre collision,3,2,2,0,1,1,1,0,1,50,1,2,1,0,1,0,54.0,,voiture,,1,2,1,1,6
202300016891,2023-09-06 09:40:00,2023,9,6,9,40,17,17449,AUNIS AVENUE D',45.950343,-0.926853,Plein jour,En agglomération,Hors intersection,Normale,Autre collision,3,2,2,0,1,1,1,0,1,50,1,2,1,1,0,0,78.0,,voiture,,1,2,1,1,6
202300016892,2023-03-15 14:29:00,2023,3,15,14,29,13,13005,A50 - Sens Aubagne vers Marseille,43.27084,5.5888,Plein jour,Hors agglomération,Hors intersection,Normale,Sans collision,1,1,3,0,1,1,1,0,1,110,1,1,0,0,0,1,35.0,,voiture,,1,1,1,1,7
202300016893,2023-12-23 12:10:00,2023,12,23,12,10,91,91114,RTE NATIONALE 6,48.68249,2.49125,Plein jour,En agglomération,Hors intersection,Pluie légère,Trois véhicules et plus - en chaîne,3,3,4,0,1,1,2,0,1,70,3,4,3,0,0,1,50.0,,voiture,voiture,1,2,1,2,4
202300016894,2023-09-15 07:12:00,2023,9,15,7,12,15,15014,REPUBLIQUE (AVENUE DE LA),44.92555,2.43908,Crépuscule ou aube,En agglomération,Intersection en T,Normale,Deux véhicules - côté,4,2,3,0,1,1,1,5,1,50,2,2,1,0,0,1,33.0,16.0,voiture,deux_roues,2,2,3,1,3
202300016894,2023-09-15 07:12:00,2023,9,15,7,12,15,15014,REPUBLIQUE (AVENUE DE LA),44.92555,2.43908,Crépuscule ou aube,En agglomération,Intersection en T,Normale,Deux véhicules - côté,4,2,2,0,2,1,1,0,1,20,2,2,1,0,0,1,33.0,16.0,voiture,deux_roues,2,2,3,1,3
202300016895,2023-03-15 17:17:00,2023,3,15,17,17,33,33143,AUTOROUTE A 10,44.97316776,-0.43428183,Plein jour,Hors agglomération,Hors intersection,Normale,Deux véhicules - arrière,1,3,6,0,1,1,1,2,1,130,2,2,1,0,0,1,37.0,31.0,utilitaire_camion,voiture,1,1,1,1,2
202300016896,2023-03-08 16:28:00,2023,3,8,16,28,59,59557,AUTOROUTE A2,50.3504,3.57727,Plein jour,Hors agglomération,Hors intersection,Normale,Deux véhicules - arrière,1,-1,4,0,1,1,2,0,1,130,2,3,2,0,0,1,21.0,49.0,voiture,utilitaire_camion,1,1,1,1,2
202300016897,2023-09-15 19:30:00,2023,9,15,19,30,14,14536,Rue Robert Cécire,49.40240943,0.2507624,Plein jour,En agglomération,Intersection en T,Normale,Deux véhicules - arrière,3,-1,2,0,2,1,1,0,1,50,2,2,0,0,0,2,42.0,50.0,voiture,deux_roues,1,2,3,1,2
202300016897,2023-09-15 19:30:00,2023,9,15,19,30,14,14536,Rue Robert Cécire,49.40240943,0.2507624,Plein jour,En agglomération,Intersection en T,Normale,Deux véhicules - arrière,3,1,2,0,2,1,1,0,1,50,2,2,0,0,0,2,42.0,50.0,voiture,deux_roues,1,2,3,1,2
202300016898,2023-03-02 07:30:00,2023,3,2,7,30,59,59260,AUTOROUTE A16,51.04222324,2.51139577,Crépuscule ou aube,Hors agglomération,Hors intersection,Normale,Autre collision,1,-1,4,0,1,2,1,0,1,130,1,1,0,0,1,0,74.0,,voiture,,2,1,1,1,6
202300016899,2023-12-23 21:15:00,2023,12,23,21,15,84,84007,TARASCON ( Avenue de),43.92737,4.8094,Nuit avec éclairage allumé,En agglomération,Intersection en T,Normale,Deux véhicules - arrière,3,2,2,0,1,1,1,5,1,50,2,3,2,0,1,0,25.0,21.0,deux_roues,voiture,5,2,3,1,2
202300016899,2023-12-23 21:15:00,2023,12,23,21,15,84,84007,TARASCON ( Avenue de),43.92737,4.8094,Nuit avec éclairage allumé,En agglomération,Intersection en T,Normale,Deux véhicules - arrière,3,3,4,3,1,1,1,0,1,50,2,3,2,0,1,0,25.0,21.0,deux_roues,voiture,5,2,3,1,2
202300016900,2023-09-12 19:00:00,2023,9,12,19,0,13,13214,ROLAND DORGELES (BOULEVARD),43.34765899,5.37779567,Crépuscule ou aube,En agglomération,Autre intersection,Normale,Deux véhicules - frontale,3,1,2,0,1,1,1,0,4,50,1,2,0,0,0,2,39.0,,voiture,,2,2,9,1,1
202300016901,2023-03-15 09:49:00,2023,3,15,9,49,78,78640,N118,48.78134,2.222978,Plein jour,Hors agglomération,Hors intersection,Normale,Deux véhicules - côté,2,1,2,0,1,1,1,0,1,90,2,2,1,0,0,1,64.0,49.0,voiture,deux_roues,1,1,1,1,3
202300016902,2023-09-14 21:15:00,2023,9,14,21,15,13,13028,ROVARCH (AVENUE PIERRE),43.19002,5.62566,Nuit avec éclairage allumé,En agglomération,Hors intersection,Normale,Deux véhicules - côté,3,2,3,0,1,1,1,0,1,50,2,2,1,0,1,0,28.0,31.0,voiture,deux_roues,5,2,1,1,3
202300016903,2023-03-14 14:00:00,2023,3,14,14,0,92,92036,A86,48.93488462,2.28273043,Plein jour,Hors agglomération,Hors intersection,Pluie légère,Deux véhicules - côté,1,-1,3,0,1,1,2,0,1,110,2,2,1,0,0,1,38.0,49.0,voiture,deux_roues,1,1,1,2,3
202300016904,2023-12-22 16:00:00,2023,12,22,16,0,83,83069,8 MAI (AVENUE),43.11581816,6.13084268,Plein jour,En agglomération,Hors intersection,Temps éblouissant,Autre collision,4,2,2,0,1,1,1,0,1,50,1,2,1,0,1,0,42.0,,voiture,,1,2,1,7,6
202300016905,2023-03-13 18:15:00,2023,3,13,18,15,92,92036,A86,48.93626044,2.28962372,Plein jour,Hors agglomération,Hors intersection,Normale,Deux véhicules - arrière,1,-1,4,0,1,1,1,0,1,70,2,2,1,0,0,1,51.0,44.0,voiture,deux_roues,1,1,1,1,2
202300016906,2023-12-22 16:45:00,2023,12,22,16,45,77,77350,DEPARTEMENTALE 1004,48.76767,2.64628,Crépuscule ou aube,Hors agglomération,Hors intersection,Pluie légère,Deux véhicules - arrière,2,3,0,0,2,1,2,0,1,90,2,2,1,0,1,0,55.0,58.0,deux_roues,voiture,2,1,1,2,2
202300016907,2023-09-15 18:50:00,2023,9,15,18,50,13,13004,RTE N113 MARSEILLE A BORBEAUX,43.6604,4.6415,Plein jour,Hors agglomération,Hors intersection,Normale,Trois véhicules et plus - en chaîne,2,3,4,0,1,1,1,0,1,90,4,6,5,1,0,0,46.0,20.0,voiture,voiture,1,1,1,1,4
202300016908,2023-03-11 16:08:00,2023,3,11,16,8,95,95488, A15,49.01168438,2.1517226,Plein jour,Hors agglomération,Autre intersection,Normale,Trois véhicules et plus - collisions multiples,1,3,6,0,2,1,1,0,1,110,3,3,2,0,1,0,25.0,40.0,voiture,voiture,1,1,9,1,5
202300016909,2023-03-14 09:00:00,2023,3,14,9,0,93,93008,AUTOROUTE A86,48.91058,2.44346,Plein jour,Hors agglomération,Hors intersection,Temps couvert,Deux véhicules - arrière,1,1,1,0,2,1,2,1,1,50,2,2,1,0,0,1,27.0,24.0,deux_roues,voiture,1,1,1,8,2
202300016910,2023-12-23 18:10:00,2023,12,23,18,10,76,76231,Rue Jean Jaurès,49.28724,1.00907,Nuit avec éclairage allumé,En agglomération,Giratoire,Temps couvert,Autre collision,7,2,2,0,1,1,1,0,1,50,1,2,1,0,0,1,48.0,,voiture,,5,2,6,8,6
202300016911,2023-09-15 12:00:00,2023,9,15,12,0,13,13001,LAVOISIER ANTOINE (RUE),43.48891238,5.36850803,Plein jour,Hors agglomération,Hors intersection,Normale,Deux véhicules - frontale,4,2,2,0,1,1,1,0,1,50,2,2,0,0,1,1,59.0,25.0,voiture,deux_roues,1,1,1,1,1
202300016912,2023-03-14 06:40:00,2023,3,14,6,40,93,93066,AUTOROUTE A1,48.91922,2.35739,Crépuscule ou aube,Hors agglomération,Hors intersection,Pluie légère,Deux véhicules - côté,1,3,8,0,1,1,2,0,1,90,2,2,1,0,0,1,57.0,32.0,utilitaire_camion,deux_roues,2,1,1,2,3
202300016913,2023-09-15 03:35:00,2023,9,15,3,35,11,11069,,43.22215,2.35688,Nuit avec éclairage allumé,En agglomération,Hors intersection,Normale,Autre collision,3,2,2,0,1,1,1,0,3,50,1,1,0,0,0,1,25.0,,voiture,,5,2,1,1,6
202300016914,2023-03-12 13:05:00,2023,3,12,13,5,92,92036,AUTOROUTE A86,48.93786065,2.29673004,Plein jour,Hors agglomération,Hors intersection,Normale,Deux véhicules - arrière,1,3,6,0,1,1,1,0,1,90,2,3,1,0,0,2,36.0,29.0,deux_roues,voiture,1,1,1,1,2
202300016915,2023-09-14 17:25:00,2023,9,14,17,25,11,11069,,43.20263,2.33522,Plein jour,En agglomération,Hors intersection,Normale,Autre collision,3,2,2,0,1,1,1,0,1,50,1,2,1,0,0,1,54.0,,voiture,,1,2,1,1,6
202300016916,2023-12-23 16:30:00,2023,12,23,16,30,74,74305,THONON (ROUTE DE),46.19871,6.27036,Plein jour,En agglomération,Hors intersection,Normale,Deux véhicules - arrière,3,2,2,0,1,1,1,0,1,50,2,2,1,0,0,1,37.0,30.0,voiture,voiture,1,2,1,1,2
202300016917,2023-09-14 04:50:00,2023,9,14,4,50,11,11069,,43.23652,2.36715,Nuit avec éclairage allumé,En agglomération,Hors intersection,Normale,Deux véhicules - côté,6,-1, -1,0,1,1,1,0,1,20,2,2,1,0,0,1,53.0,51.0,voiture,voiture,5,2,1,1,3
202300016918,2023-03-15 20:00:00,2023,3,15,20,0,94,94069,A4,48.81722515,2.42374656,Nuit sans éclairage public,Hors agglomération,Hors intersection,Normale,Deux véhicules - côté,1,3,5,0,1,1,1,0,1,90,2,2,1,0,0,1,60.0,22.0,voiture,deux_roues,3,1,1,1,3
202300016919,2023-09-16 01:00:00,2023,9,16,1,0,10,10387,ST DOMINIQUE (QUAI),48.29511,4.08215,Nuit avec éclairage allumé,En agglomération,Hors intersection,Normale,Autre collision,4,1,2,0,1,3,1,0,4,50,1,4,0,0,0,4,20.0,,voiture,,5,2,1,1,6
202300016920,2023-12-23 20:03:00,2023,12,23,20,3,72,72181,MAC JEAN (AV) N° IMP 107 ET plus,47.98104,0.21852,Nuit avec éclairage allumé,En agglomération,Hors intersection,Normale,Deux véhicules - côté,4,3,0,1,1,1,1,0,1,50,2,3,2,0,0,1,22.0,40.0,deux_roues,voiture,5,2,1,1,3
202300016921,2023-03-14 16:55:00,2023,3,14,16,55,972,97209,VICTOR SCHOELCHER (RUE),14.60665,-61.0682,Plein jour,En agglomération,Hors intersection,Normale,Autre collision,4,1,1,0,1,1,1,0,1,50,1,2,1,0,0,1,49.0,,voiture,,1,2,1,1,6
202300016922,2023-09-15 09:24:00,2023,9,15,9,24,10,10387,CHOMEDEY DE MAISONNEUVE (AVE),48.30825,4.06907,Plein jour,En agglomération,Giratoire,Normale,Deux véhicules - côté,4,2,2,0,1,1,1,5,1,50,2,2,1,0,0,1,46.0,26.0,deux_roues,utilitaire_camion,1,2,6,1,3
202300016922,2023-09-15 09:24:00,2023,9,15,9,24,10,10387,CHOMEDEY DE MAISONNEUVE (AVE),48.30825,4.06907,Plein jour,En agglomération,Giratoire,Normale,Deux véhicules - côté,4,1,2,1,1,1,1,5,1,50,2,2,1,0,0,1,46.0,26.0,deux_roues,utilitaire_camion,1,2,6,1,3
202300016923,2023-12-22 12:15:00,2023,12,22,12,15,71,71153,PRESIDENT WILSON (RUE DU),46.79783,4.43414,Plein jour,En agglomération,Hors intersection,Pluie légère,Deux véhicules - arrière,4,2,2,0,1,1,2,0,1,50,2,2,1,0,0,1,27.0,,voiture,voiture,1,2,1,2,2
202300016924,2023-09-14 07:48:00,2023,9,14,7,48,10,10387,EDOUARD VAILLANT (RUE),48.27644,4.08015,Plein jour,En agglomération,Giratoire,Normale,Deux véhicules - côté,4,2,2,0,1,1,1,0,1,50,2,2,1,0,0,1,70.0,18.0,voiture,deux_roues,1,2,6,1,3
202300016924,2023-09-14 07:48:00,2023,9,14,7,48,10,10387,EDOUARD VAILLANT (RUE),48.27644,4.08015,Plein jour,En agglomération,Giratoire,Normale,Deux véhicules - côté,4,2,2,0,1,1,1,0,1,50,2,2,1,0,0,1,70.0,18.0,voiture,deux_roues,1,2,6,1,3
202300016925,2023-12-22 19:05:00,2023,12,22,19,5,71,71540,R.D 28,46.77813,4.44347,Nuit sans éclairage public,En agglomération,Giratoire,Pluie légère,Deux véhicules - arrière,3,2,2,0,1,1,2,5,1,50,2,2,1,0,1,0,65.0,51.0,voiture,voiture,3,2,6,2,2
202300016925,2023-12-22 19:05:00,2023,12,22,19,5,71,71540,R.D 28,46.77813,4.44347,Nuit sans éclairage public,En agglomération,Giratoire,Pluie légère,Deux véhicules - arrière,3,2,2,0,1,1,2,5,1,70,2,2,1,0,1,0,65.0,51.0,voiture,voiture,3,2,6,2,2
202300016926,2023-09-14 17:00:00,2023,9,14,17,0,06,06029,WINDSOR (AVENUE),43.55129,7.0306,Plein jour,En agglomération,Hors intersection,Normale,Autre collision,4,1,1,0,1,1,1,0,1,30,1,2,0,0,0,2,15.0,,deux_roues,,1,2,1,1,6
202300016927,2023-09-13 17:00:00,2023,9,13,17,0,06,06029,POESIE (AVENUE PIERRE),43.55142,6.96199,Plein jour,En agglomération,Intersection en Y,Normale,Deux véhicules - côté,4,2,2,0,1,1,1,0,1,30,2,2,1,0,1,0,54.0,68.0,deux_roues,voiture,1,2,4,1,3
202300016927,2023-09-13 17:00:00,2023,9,13,17,0,06,06029,POESIE (AVENUE PIERRE),43.55142,6.96199,Plein jour,En agglomération,Intersection en Y,Normale,Deux véhicules - côté,4,3,2,1,1,1,1,0,1,50,2,2,1,0,1,0,54.0,68.0,deux_roues,voiture,1,2,4,1,3
202300016928,2023-09-15 11:05:00,2023,9,15,11,5,06,06155,POSTE AV.DE LA,43.56842,7.07228,Plein jour,En agglomération,Hors intersection,Normale,Autre collision,4,1,2,0,1,1,1,0,1,50,1,2,1,0,1,0,22.0,,deux_roues,,1,2,1,1,6
202300016929,2023-12-22 13:30:00,2023,12,22,13,30,71,71153,ABATTOIRS (boulevard des),46.78716,4.44124,Plein jour,En agglomération,Intersection en T,Pluie légère,Trois véhicules et plus - collisions multiples,3,2,2,0,1,1,2,5,1,50,3,3,1,1,0,1,21.0,32.0,voiture,voiture,1,2,3,2,5
202300016929,2023-12-22 13:30:00,2023,12,22,13,30,71,71153,ABATTOIRS (boulevard des),46.78716,4.44124,Plein jour,En agglomération,Intersection en T,Pluie légère,Trois véhicules et plus - collisions multiples,3,3,4,0,4,3,2,5,1,70,3,3,1,1,0,1,21.0,32.0,voiture,voiture,1,2,3,2,5
202300016930,2023-09-15 07:59:00,2023,9,15,7,59,05,05061,EYSSAGNIERES ( ROUTE DES ),44.55726,6.05503,Crépuscule ou aube,En agglomération,Hors intersection,Normale,Autre collision,3,2,2,0,2,3,1,0,1,50,1,2,1,0,0,1,20.0,,voiture,,2,2,1,1,6
202300016931,2023-12-22 19:05:00,2023,12,22,19,5,71,71076,CASSIN (RUE RENE),46.77477,4.86464,Nuit avec éclairage allumé,En agglomération,Hors intersection,Pluie légère,Autre collision,4,2,2,0,1,1,2,0,1,50,1,3,1,0,0,2,30.0,,voiture,,5,2,1,2,6
202300016932,2023-09-15 12:00:00,2023,9,15,12,0,75,75116,ECHANGEUR MUETTE,48.869171,2.270687,Plein jour,En agglomération,Hors intersection,Normale,Deux véhicules - côté,4,1,4,0,1,1,1,0,1,70,2,2,1,0,0,1,29.0,67.0,voiture,deux_roues,1,2,1,1,3
202300016933,2023-09-15 11:45:00,2023,9,15,11,45,75,75112,PORTE DE VINCENNES,48.845831,2.414445,Plein jour,En agglomération,Hors intersection,Normale,Deux véhicules - côté,4,1,4,0,1,1,1,0,1,70,2,2,1,0,0,1,30.0,38.0,utilitaire_camion,voiture,1,2,1,1,3
202300016934,2023-12-23 05:10:00,2023,12,23,5,10,69,69282,Avenue du Crottay,45.75304,5.01921,Nuit sans éclairage public,En agglomération,Giratoire,Pluie légère,Deux véhicules - arrière,4,1,2,0,1,3,2,0,1,50,2,2,1,0,0,1,26.0,42.0,voiture,voiture,3,2,6,2,2
202300016934,2023-12-23 05:10:00,2023,12,23,5,10,69,69282,Avenue du Crottay,45.75304,5.01921,Nuit sans éclairage public,En agglomération,Giratoire,Pluie légère,Deux véhicules - arrière,4,2,2,0,1,4,2,0,1,50,2,2,1,0,0,1,26.0,42.0,voiture,voiture,3,2,6,2,2
202300016935,2023-09-15 08:20:00,2023,9,15,8,20,75,75116,PORTE DE SAINT CLOUD,48.836323,2.256396,Plein jour,En agglomération,Hors intersection,Normale,Trois véhicules et plus - collisions multiples,4,-1,4,0,1,1,1,0,1,70,3,3,2,0,0,1,47.0,54.0,deux_roues,voiture,1,2,1,1,5
202300016936,2023-12-23 12:10:00,2023,12,23,12,10,69,69264,Avenue de l’Europe,45.992571,4.741998,Plein jour,En agglomération,Intersection en T,Normale,Deux véhicules - côté,3,2,3,0,1,1,1,0,1,50,2,3,2,0,0,1,36.0,54.0,voiture,voiture,1,2,3,1,3
202300016936,2023-12-23 12:10:00,2023,12,23,12,10,69,69264,Avenue de l’Europe,45.992571,4.741998,Plein jour,En agglomération,Intersection en T,Normale,Deux véhicules - côté,3,2,3,0,1,1,1,0,8,50,2,3,2,0,0,1,36.0,54.0,voiture,voiture,1,2,3,1,3
202300016937,2023-09-15 08:30:00,2023,9,15,8,30,75,75116,BOULEVARD MURAT,48.845354,2.257551,Plein jour,En agglomération,Intersection en X,Normale,Autre collision,4,2,6,0,1,1,1,0,1,30,1,2,1,0,1,0,46.0,,utilitaire_camion,,1,2,2,1,6
202300016937,2023-09-15 08:30:00,2023,9,15,8,30,75,75116,BOULEVARD MURAT,48.845354,2.257551,Plein jour,En agglomération,Intersection en X,Normale,Autre collision,4,2, -1,-1,1,1,1,0,1,-1,1,2,1,0,1,0,46.0,,utilitaire_camion,,1,2,2,1,6
202300016938,2023-12-23 06:15:00,2023,12,23,6,15,69,69199,Avenue des Frères Perret,45.69303,4.84516,Nuit sans éclairage public,En agglomération,Hors intersection,Temps couvert,Autre collision,7,2,2,0,1,1,2,0,1,50,1,2,1,0,0,1,22.0,,utilitaire_camion,,3,2,1,8,6
202300016939,2023-12-23 19:00:00,2023,12,23,19,0,67,67482,COLMAR (AVENUE DE),48.55134,7.74294,Nuit avec éclairage allumé,En agglomération,Passage à niveau,Normale,Autre collision,4,3,10,2,1,1,1,4,6,50,1,2,1,0,1,0,44.0,,transport_commun,,5,2,8,1,6
202300016940,2023-09-15 17:15:00,2023,9,15,17,15,75,75119,ROUTE DES PETITS PONTS,48.893265,2.397999,Plein jour,En agglomération,Hors intersection,Normale,Autre collision,4,2,3,1,1,1,1,0,4,30,1,2,1,0,0,1,25.0,,deux_roues,,1,2,1,1,6
202300016941,2023-09-15 13:15:00,2023,9,15,13,15,75,75117,AVENUE DE LA GRANDE ARMEE,48.876713,2.286459,Plein jour,En agglomération,Hors intersection,Normale,Autre collision,4,2,8,3,1,1,1,0,1,30,1,2,1,0,0,1,44.0,,deux_roues,,1,2,1,1,6
202300016942,2023-12-22 17:00:00,2023,12,22,17,0,64,64249,GETARIA(AVENUE),43.42082,-1.60666,Plein jour,En agglomération,Intersection en T,Pluie forte,Deux véhicules - frontale,3,2,0,0,3,1,2,0,1,50,2,2,1,0,0,1,25.0,63.0,deux_roues,voiture,1,2,3,3,1
202300016942,2023-12-22 17:00:00,2023,12,22,17,0,64,64249,GETARIA(AVENUE),43.42082,-1.60666,Plein jour,En agglomération,Intersection en T,Pluie forte,Deux véhicules - frontale,3,2, -1,-1,1,1,2,0,1,-1,2,2,1,0,0,1,25.0,63.0,deux_roues,voiture,1,2,3,3,1
202300016943,2023-12-22 20:40:00,2023,12,22,20,40,63,63245,ROCADE RD 446,45.89988416,3.08578738,Nuit sans éclairage public,Hors agglomération,Hors intersection,Normale,Sans collision,3,2,2,0,1,1,1,0,1,90,1,1,0,0,0,1,46.0,,voiture,,3,1,1,1,7
202300016944,2023-09-15 09:50:00,2023,9,15,9,50,75,75117,BOULEVARD MALESHERBES,48.885647,2.30669,Plein jour,En agglomération,Hors intersection,Normale,Deux véhicules - côté,4,2,4,1,1,1,1,0,5,30,2,2,1,0,0,1,41.0,35.0,deux_roues,deux_roues,1,2,1,1,3
202300016945,2023-12-23 09:30:00,2023,12,23,9,30,63,63032,POURLIAT (ROND-POINT DU),45.74845,3.0943,Plein jour,En agglomération,Giratoire,Normale,Deux véhicules - côté,3,2,2,-1,4,1,1,5,1,50,2,2,1,0,0,1,50.0,46.0,voiture,deux_roues,1,2,6,1,3
202300016945,2023-12-23 09:30:00,2023,12,23,9,30,63,63032,POURLIAT (ROND-POINT DU),45.74845,3.0943,Plein jour,En agglomération,Giratoire,Normale,Deux véhicules - côté,3,1,2,0,1,3,1,0,1,50,2,2,1,0,0,1,50.0,46.0,voiture,deux_roues,1,2,6,1,3
202300016946,2023-09-15 18:20:00,2023,9,15,18,20,75,75115,RUE DE LOURMEL,48.837887,2.281779,Plein jour,En agglomération,Intersection en X,Normale,Autre collision,4,1,1,0,1,1,1,0,1,30,1,2,1,0,0,1,38.0,,utilitaire_camion,,1,2,2,1,6
202300016946,2023-09-15 18:20:00,2023,9,15,18,20,75,75115,RUE DE LOURMEL,48.837887,2.281779,Plein jour,En agglomération,Intersection en X,Normale,Autre collision,4,-1,1,0,1,1,1,0,1,30,1,2,1,0,0,1,38.0,,utilitaire_camion,,1,2,2,1,6