accident_id,datetime,annee,mois,jour,heure,minute,departement,commune_insee,adresse,latitude,longitude,luminosite,agglomeration,intersection,meteo,collision,catr,circ,nbv,vosp,prof,plan,surf,infra,situ,vma,nb_vehicules,nb_usagers,nb_indemnes,nb_tues,nb_blesses_hosp,nb_blesses_legers,age_cond_1,age_cond_2,veh_type_cond_1,veh_type_cond_2,lum_code,agg_code,int_code,atm_code,col_code
202300017008,2023-12-22 15:41:00,2023,12,22,15,41,75,75119,RUE GASTON TESSIER,48.895968,2.373939,Plein jour,En agglomération,Hors intersection,Normale,Autre collision,4,2,2,0,1,1,1,0,1,30,1,3,1,0,2,0,67.0,,voiture,,1,2,1,1,6
202300017009,2023-09-14 22:15:00,2023,9,14,22,15,92,92002,ARISTIDE BRIAND (AVENUE),48.75839,2.307,Nuit avec éclairage allumé,En agglomération,Hors intersection,Normale,Sans collision,3,1,4,0,1,1,1,0,1,50,1,1,0,0,0,1,57.0,,deux_roues,,5,2,1,1,7
202300017010,2023-12-23 15:23:00,2023,12,23,15,23,75,75116,AVENUE FOCH,48.872692,2.284575,Plein jour,En agglomération,Intersection en X,Normale,Deux véhicules - côté,4,2,4,0,1,1,1,0,1,50,2,3,1,0,0,2,53.0,21.0,voiture,deux_roues,1,2,2,1,3
202300017010,2023-12-23 15:23:00,2023,12,23,15,23,75,75116,AVENUE FOCH,48.872692,2.284575,Plein jour,En agglomération,Intersection en X,Normale,Deux véhicules - côté,4,3,4,1,1,1,1,0,1,50,2,3,1,0,0,2,53.0,21.0,voiture,deux_roues,1,2,2,1,3
202300017011,2023-09-16 14:15:00,2023,9,16,14,15,12,12301,Frontenac,44.419465,2.043795,Plein jour,Hors agglomération,Hors intersection,Normale,Deux véhicules - frontale,3,2,2,0,1,3,1,0,1,90,2,2,1,0,1,0,22.0,61.0,voiture,utilitaire_camion,1,1,1,1,1
202300017012,2023-12-23 13:15:00,2023,12,23,13,15,75,75116,RUE BOIS LE VENT,48.857666,2.273633,Plein jour,En agglomération,Intersection en Y,Normale,Deux véhicules - côté,4,1, -1,-1,1,1,1,0,1,-1,2,2,1,0,0,1,64.0,37.0,voiture,deux_roues,1,2,4,1,3
202300017012,2023-12-23 13:15:00,2023,12,23,13,15,75,75116,RUE BOIS LE VENT,48.857666,2.273633,Plein jour,En agglomération,Intersection en Y,Normale,Deux véhicules - côté,4,1,1,0,1,1,1,0,1,30,2,2,1,0,0,1,64.0,37.0,voiture,deux_roues,1,2,4,1,3
202300017013,2023-12-22 12:15:00,2023,12,22,12,15,75,75116,RUE DE LONGCHAMP,48.868596,2.274175,Plein jour,En agglomération,Intersection en T,Pluie légère,Autre collision,4,-1,1,0,1,1,2,0,1,30,1,2,1,0,0,1,47.0,,voiture,,1,2,3,2,6
202300017013,2023-12-22 12:15:00,2023,12,22,12,15,75,75116,RUE DE LONGCHAMP,48.868596,2.274175,Plein jour,En agglomération,Intersection en T,Pluie légère,Autre collision,4,2,2,0,1,1,2,0,1,30,1,2,1,0,0,1,47.0,,voiture,,1,2,3,2,6
202300017014,2023-09-15 20:00:00,2023,9,15,20,0,26,26107,Chemin de Saint-mury,45.173676,5.047815,Nuit sans éclairage public,Hors agglomération,Hors intersection,Normale,Sans collision,4,2,2,0,1,2,1,0,3,80,1,2,0,0,1,1,37.0,,deux_roues,,3,1,1,1,7
202300017015,2023-12-23 12:40:00,2023,12,23,12,40,75,75115,RUE DE VAUGIRARD,48.840626,2.304981,Plein jour,En agglomération,Intersection en T,Normale,Autre collision,4,1, -1,-1,1,1,1,0,1,-1,1,2,1,0,0,1,70.0,,voiture,,1,2,3,1,6
202300017015,2023-12-23 12:40:00,2023,12,23,12,40,75,75115,RUE DE VAUGIRARD,48.840626,2.304981,Plein jour,En agglomération,Intersection en T,Normale,Autre collision,4,1,3,3,1,1,1,0,1,30,1,2,1,0,0,1,70.0,,voiture,,1,2,3,1,6
202300017016,2023-09-15 13:40:00,2023,9,15,13,40,88,88492,D430,48.062617,7.019545,Plein jour,Hors agglomération,Hors intersection,Normale,Autre collision,3,3,2,0,2,2,1,0,1,80,1,1,0,0,1,0,70.0,,deux_roues,,1,1,1,1,6
202300017017,2023-12-22 11:00:00,2023,12,22,11,0,75,75115,RUE HENRY FARMAN,48.834466,2.272677,Plein jour,En agglomération,Hors intersection,Pluie légère,Deux véhicules - côté,4,2,2,1,1,1,2,0,1,30,2,2,1,0,0,1,63.0,33.0,voiture,voiture,1,2,1,2,3
202300017018,2023-09-15 13:35:00,2023,9,15,13,35,22,22206,RN 12 PR 79+270,48.53642,-3.02298,Plein jour,Hors agglomération,Hors intersection,Normale,Autre collision,2,3,2,0,1,2,1,8,1,110,1,1,0,0,1,0,52.0,,deux_roues,,1,1,1,1,6
202300017019,2023-12-22 08:03:00,2023,12,22,8,3,75,75107,BOULEVARD DE LA TOUR MAUBOURG,48.85398462,2.30953288,Crépuscule ou aube,En agglomération,Intersection en T,Pluie légère,Autre collision,4,1,2,0,1,1,2,0,1,30,1,3,1,0,0,2,49.0,,deux_roues,,2,2,3,2,6
202300017019,2023-12-22 08:03:00,2023,12,22,8,3,75,75107,BOULEVARD DE LA TOUR MAUBOURG,48.85398462,2.30953288,Crépuscule ou aube,En agglomération,Intersection en T,Pluie légère,Autre collision,4,1, -1,-1,1,1,2,0,1,30,1,3,1,0,0,2,49.0,,deux_roues,,2,2,3,2,6
202300017020,2023-09-15 17:45:00,2023,9,15,17,45,76,76265,"A29, pk136.000",49.741951,1.594187,Plein jour,Hors agglomération,Hors intersection,Normale,Sans collision,1,3,2,0,1,1,1,0,1,130,1,1,0,0,1,0,70.0,,voiture,,1,1,1,1,7
202300017021,2023-12-23 11:37:00,2023,12,23,11,37,75,75114,BOULEVARD JOURDAN,48.823231,2.325557,Plein jour,En agglomération,Intersection en X,Normale,Deux véhicules - côté,4,2,4,0,1,1,1,-1,6,30,2,2,1,0,0,1,36.0,51.0,deux_roues,transport_commun,1,2,2,1,3
202300017021,2023-12-23 11:37:00,2023,12,23,11,37,75,75114,BOULEVARD JOURDAN,48.823231,2.325557,Plein jour,En agglomération,Intersection en X,Normale,Deux véhicules - côté,4,3,6,3,1,1,1,-1,6,50,2,2,1,0,0,1,36.0,51.0,deux_roues,transport_commun,1,2,2,1,3
202300017022,2023-12-22 16:55:00,2023,12,22,16,55,75,75110,BOULEVARD DE STRASBOURG,48.87381509,2.35677204,Nuit avec éclairage allumé,En agglomération,Intersection en T,Pluie légère,Autre collision,4,2,5,1,1,1,2,0,5,30,1,2,1,0,1,0,17.0,,deux_roues,,5,2,3,2,6
202300017022,2023-12-22 16:55:00,2023,12,22,16,55,75,75110,BOULEVARD DE STRASBOURG,48.87381509,2.35677204,Nuit avec éclairage allumé,En agglomération,Intersection en T,Pluie légère,Autre collision,4,1, -1,-1,1,1,2,0,5,30,1,2,1,0,1,0,17.0,,deux_roues,,5,2,3,2,6
202300017023,2023-09-16 12:50:00,2023,9,16,12,50,06,06140,Ancien Chemin de Cabris,43.63811,6.852304,Plein jour,En agglomération,Intersection en X,Normale,Deux véhicules - côté,4,2,2,0,1,1,1,0,1,30,2,2,1,0,1,0,28.0,16.0,voiture,deux_roues,1,2,2,1,3
202300017024,2023-12-23 12:35:00,2023,12,23,12,35,94,94074,Rue Théodule Jourdain,48.77043,2.44698,Plein jour,En agglomération,Autre intersection,Temps couvert,Deux véhicules - côté,3,2,2,3,1,1,1,-1,6,50,2,3,1,0,0,2,76.0,56.0,voiture,transport_commun,1,2,9,8,3
202300017025,2023-09-16 01:00:00,2023,9,16,1,0,42,42307,Route de Givors,45.545102,4.665992,Nuit sans éclairage public,Hors agglomération,Hors intersection,Normale,Sans collision,7,2,2,0,1,1,1,0,8,80,1,2,1,0,0,1,21.0,,voiture,,3,1,1,1,7
202300017026,2023-12-22 23:40:00,2023,12,22,23,40,94,94068,Avenue Foch,48.79942,2.49901,Nuit avec éclairage allumé,En agglomération,Intersection en X,Pluie légère,Deux véhicules - côté,3,2,2,0,1,1,2,0,1,30,2,2,1,0,0,1,21.0,21.0,voiture,voiture,5,2,2,2,3
202300017026,2023-12-22 23:40:00,2023,12,22,23,40,94,94068,Avenue Foch,48.79942,2.49901,Nuit avec éclairage allumé,En agglomération,Intersection en X,Pluie légère,Deux véhicules - côté,3,-1, -1,-1,1,1,2,0,1,-1,2,2,1,0,0,1,21.0,21.0,voiture,voiture,5,2,2,2,3
202300017027,2023-12-23 07:00:00,2023,12,23,7,0,94,94011,Avenue Rhin et Danube,48.76872,2.48836,Crépuscule ou aube,En agglomération,Hors intersection,Temps couvert,Autre collision,3,1,0,0,1,1,1,0,3,50,1,1,0,0,0,1,23.0,,voiture,,2,2,1,8,6
202300017028,2023-09-16 02:38:00,2023,9,16,2,38,34,34270,M132e2,43.587028,3.827711,Nuit sans éclairage public,Hors agglomération,Hors intersection,Temps couvert,Deux véhicules - frontale,3,2,2,0,2,2,2,0,1,80,2,3,2,1,0,0,30.0,43.0,voiture,utilitaire_camion,3,1,1,8,1
202300017029,2023-12-23 12:20:00,2023,12,23,12,20,93,93073,Route des Petits Ponts / Septieme Avenue,48.96443,2.56582,Plein jour,En agglomération,Intersection en T,Normale,Deux véhicules - côté,3,2,2,0,1,1,1,0,1,-1,2,2,1,0,0,1,43.0,27.0,voiture,voiture,1,2,3,1,3
202300017029,2023-12-23 12:20:00,2023,12,23,12,20,93,93073,Route des Petits Ponts / Septieme Avenue,48.96443,2.56582,Plein jour,En agglomération,Intersection en T,Normale,Deux véhicules - côté,3,3,4,0,1,1,1,5,1,50,2,2,1,0,0,1,43.0,27.0,voiture,voiture,1,2,3,1,3
202300017030,2023-09-15 23:30:00,2023,9,15,23,30,62,62896,Rue du Valinglin,50.692482,1.757523,Nuit sans éclairage public,En agglomération,Intersection en T,Normale,Autre collision,4,2,2,0,1,1,1,0,8,50,1,2,1,0,1,0,17.0,,voiture,,3,2,3,1,6
202300017030,2023-09-15 23:30:00,2023,9,15,23,30,62,62896,Rue du Valinglin,50.692482,1.757523,Nuit sans éclairage public,En agglomération,Intersection en T,Normale,Autre collision,4,2,2,0,1,2,1,0,3,50,1,2,1,0,1,0,17.0,,voiture,,3,2,3,1,6
202300017031,2023-12-23 20:00:00,2023,12,23,20,0,93,93066,Avenue du Colonel Fabien,48.94524,2.35182,Nuit avec éclairage allumé,En agglomération,Hors intersection,Normale,Autre collision,3,3,2,3,1,1,1,6,1,50,1,2,1,0,0,1,32.0,,voiture,,5,2,1,1,6
202300017032,2023-12-18 17:49:00,2023,12,18,17,49,93,93051,Avenue du Pave Neuf,48.84,2.56,Nuit avec éclairage allumé,En agglomération,Hors intersection,Normale,Deux véhicules - côté,3,3,2,3,1,1,1,0,1,30,2,2,1,0,0,1,24.0,,voiture,autre,5,2,1,1,3
202300017033,2023-09-15 12:15:00,2023,9,15,12,15,62,62064,Rue d’Albert,50.104004,2.840202,Plein jour,En agglomération,Intersection en T,Normale,Deux véhicules - côté,4,2,2,0,1,1,1,0,1,50,2,2,1,0,1,0,27.0,34.0,voiture,deux_roues,1,2,3,1,3
202300017034,2023-12-23 21:15:00,2023,12,23,21,15,93,93077,Grande Rue / Rue Huraut,48.88332,2.51205,Nuit avec éclairage allumé,En agglomération,Intersection à plus de 4 branches,Normale,Deux véhicules - côté,3,2,4,0,1,1,1,0,1,50,2,5,1,0,0,4,37.0,46.0,voiture,voiture,5,2,5,1,3
202300017034,2023-12-23 21:15:00,2023,12,23,21,15,93,93077,Grande Rue / Rue Huraut,48.88332,2.51205,Nuit avec éclairage allumé,En agglomération,Intersection à plus de 4 branches,Normale,Deux véhicules - côté,3,1,1,0,1,1,1,0,1,50,2,5,1,0,0,4,37.0,46.0,voiture,voiture,5,2,5,1,3
202300017035,2023-12-23 07:15:00,2023,12,23,7,15,93,93032,Rue Parmentier / Rue Tainturier,48.88296,2.53422,Nuit avec éclairage allumé,En agglomération,Intersection en T,Pluie légère,Deux véhicules - côté,3,3,4,0,1,1,2,0,1,50,2,2,0,0,1,1,26.0,30.0,voiture,utilitaire_camion,5,2,3,2,3
202300017035,2023-12-23 07:15:00,2023,12,23,7,15,93,93032,Rue Parmentier / Rue Tainturier,48.88296,2.53422,Nuit avec éclairage allumé,En agglomération,Intersection en T,Pluie légère,Deux véhicules - côté,3,1,1,0,1,1,3,0,1,50,2,2,0,0,1,1,26.0,30.0,voiture,utilitaire_camion,5,2,3,2,3
202300017036,2023-09-15 00:20:00,2023,9,15,0,20,19,19238,D982,45.62636403,2.27681734,Nuit sans éclairage public,Hors agglomération,Hors intersection,Normale,Sans collision,3,2,2,0,1,2,1,0,8,90,1,5,0,0,0,5,25.0,,voiture,,3,1,1,1,7
202300017037,2023-12-23 12:25:00,2023,12,23,12,25,93,93047,Rue du Général de Gaulle / Avenue Daniel Perdrigé,48.89937,2.55955,Plein jour,En agglomération,Intersection en X,Pluie légère,Deux véhicules - côté,4,2,2,0,1,1,2,0,1,50,2,2,1,0,1,0,20.0,54.0,voiture,voiture,1,2,2,2,3
202300017037,2023-12-23 12:25:00,2023,12,23,12,25,93,93047,Rue du Général de Gaulle / Avenue Daniel Perdrigé,48.89937,2.55955,Plein jour,En agglomération,Intersection en X,Pluie légère,Deux véhicules - côté,4,2,2,0,1,1,2,0,1,50,2,2,1,0,1,0,20.0,54.0,voiture,voiture,1,2,2,2,3
202300017038,2023-09-16 08:00:00,2023,9,16,8,0,19,19182,D17,45.24322767,1.4043575,Plein jour,Hors agglomération,Hors intersection,Normale,Deux véhicules - frontale,3,2,2,0,1,1,1,0,1,90,2,2,0,0,0,2,44.0,26.0,voiture,voiture,1,1,1,1,1
202300017039,2023-12-22 18:20:00,2023,12,22,18,20,93,93047,Avenue Jean Jaurés / Avenue des Primevères,48.89852,2.55192,Nuit avec éclairage allumé,En agglomération,Intersection en X,Pluie légère,Deux véhicules - côté,3,2,2,0,1,1,2,0,1,50,2,2,1,0,0,1,39.0,28.0,utilitaire_camion,deux_roues,5,2,2,2,3
202300017039,2023-12-22 18:20:00,2023,12,22,18,20,93,93047,Avenue Jean Jaurés / Avenue des Primevères,48.89852,2.55192,Nuit avec éclairage allumé,En agglomération,Intersection en X,Pluie légère,Deux véhicules - côté,3,2,2,0,1,1,2,0,8,50,2,2,1,0,0,1,39.0,28.0,utilitaire_camion,deux_roues,5,2,2,2,3
202300017039,2023-12-22 18:20:00,2023,12,22,18,20,93,93047,Avenue Jean Jaurés / Avenue des Primevères,48.89852,2.55192,Nuit avec éclairage allumé,En agglomération,Intersection en X,Pluie légère,Deux véhicules - côté,3,1,1,0,1,1,2,0,8,50,2,2,1,0,0,1,39.0,28.0,utilitaire_camion,deux_roues,5,2,2,2,3
202300017040,2023-09-15 17:15:00,2023,9,15,17,15,56,56206,Le Poteau,47.69912,-2.76709,Plein jour,Hors agglomération,Hors intersection,Normale,Autre collision,3,3,4,0,1,3,1,0,2,110,1,1,0,1,0,0,42.0,,deux_roues,,1,1,1,1,6
202300017041,2023-09-15 23:15:00,2023,9,15,23,15,76,76587,D925,49.775779,0.461729,Nuit sans éclairage public,Hors agglomération,Hors intersection,Normale,Sans collision,3,2,2,0,1,1,1,0,3,70,1,1,0,0,1,0,39.0,,voiture,,3,1,1,1,7
202300017042,2023-12-23 17:40:00,2023,12,23,17,40,93,93005,Rue Edgar Degas,48.955929,2.496393,Nuit sans éclairage public,En agglomération,Intersection en X,Normale,Deux véhicules - côté,4,2,2,0,1,1,1,0,1,50,2,3,2,0,0,1,22.0,,voiture,voiture,3,2,2,1,3
202300017042,2023-12-23 17:40:00,2023,12,23,17,40,93,93005,Rue Edgar Degas,48.955929,2.496393,Nuit sans éclairage public,En agglomération,Intersection en X,Normale,Deux véhicules - côté,4,2,2,0,1,1,1,0,1,50,2,3,2,0,0,1,22.0,,voiture,voiture,3,2,2,1,3
202300017043,2023-12-23 00:00:00,2023,12,23,0,0,93,93005,Avenue Berthollet / Rue Pierre Jouhet,48.923996,2.504496,Nuit avec éclairage allumé,En agglomération,Intersection en X,Normale,Deux véhicules - côté,4,1,1,0,1,1,2,0,1,50,2,3,2,0,0,1,52.0,27.0,voiture,voiture,5,2,2,1,3
202300017043,2023-12-23 00:00:00,2023,12,23,0,0,93,93005,Avenue Berthollet / Rue Pierre Jouhet,48.923996,2.504496,Nuit avec éclairage allumé,En agglomération,Intersection en X,Normale,Deux véhicules - côté,4,2,2,0,1,1,2,0,1,50,2,3,2,0,0,1,52.0,27.0,voiture,voiture,5,2,2,1,3
202300017044,2023-09-16 13:10:00,2023,9,16,13,10,89,89441,D606,47.64779,3.738366,Plein jour,Hors agglomération,Intersection en X,Temps couvert,Deux véhicules - côté,3,2,2,0,1,2,1,5,1,90,2,10,7,0,3,0,35.0,45.0,utilitaire_camion,voiture,1,1,2,8,3
202300017044,2023-09-16 13:10:00,2023,9,16,13,10,89,89441,D606,47.64779,3.738366,Plein jour,Hors agglomération,Intersection en X,Temps couvert,Deux véhicules - côté,3,2,2,0,1,1,-1,5,-1,80,2,10,7,0,3,0,35.0,45.0,utilitaire_camion,voiture,1,1,2,8,3
202300017045,2023-12-23 20:11:00,2023,12,23,20,11,92,92073,JAURES (AVENUE JEAN),48.86404309,2.20849425,Nuit avec éclairage allumé,En agglomération,Hors intersection,Pluie légère,Deux véhicules - arrière,3,1,2,0,1,1,2,0,1,50,2,2,1,0,0,1,19.0,22.0,deux_roues,voiture,5,2,1,2,2
202300017046,2023-12-23 15:40:00,2023,12,23,15,40,92,92063,SOLFERINO (BOULEVARD),48.87379768,2.18291044,Plein jour,En agglomération,Autre intersection,Normale,Deux véhicules - arrière,3,2,2,0,2,1,1,0,1,50,2,2,1,0,0,1,20.0,61.0,deux_roues,voiture,1,2,9,1,2
202300017047,2023-09-16 20:30:00,2023,9,16,20,30,61,61435,D919 PR5+610,48.810018,0.62316,Nuit sans éclairage public,Hors agglomération,Hors intersection,Normale,Autre collision,3,2,2,0,1,1,1,0,1,90,2,3,0,0,1,2,20.0,23.0,deux_roues,voiture,3,1,1,1,6
202300017048,2023-12-23 01:40:00,2023,12,23,1,40,92,92019,SALENGRO ROGER (RUE),48.77023818,2.27402329,Nuit avec éclairage allumé,En agglomération,Giratoire,Pluie légère,Deux véhicules - arrière,3,2,2,1,1,1,2,0,1,50,2,2,1,0,0,1,19.0,31.0,deux_roues,voiture,5,2,6,2,2
202300017048,2023-12-23 01:40:00,2023,12,23,1,40,92,92019,SALENGRO ROGER (RUE),48.77023818,2.27402329,Nuit avec éclairage allumé,En agglomération,Giratoire,Pluie légère,Deux véhicules - arrière,3,3,2,1,2,1,2,0,1,50,2,2,1,0,0,1,19.0,31.0,deux_roues,voiture,5,2,6,2,2
202300017049,2023-09-13 12:45:00,2023,9,13,12,45,49,49200,Chemin rural dit de la Membrolle à la Chesnaie (Pruillé),47.566091,-0.675278,Plein jour,Hors agglomération,Hors intersection,Normale,Deux véhicules - frontale,9,2,2,0,1,2,1,0,1,50,2,2,1,0,0,1,16.0,23.0,deux_roues,voiture,1,1,1,1,1
202300017050,2023-12-23 16:03:00,2023,12,23,16,3,49,49244,20 Quai des Mariniers (Montjean-sur-Loire),47.392194,-0.863677,Plein jour,En agglomération,Hors intersection,Pluie légère,Deux véhicules - arrière,3,1,2,0,1,1,2,0,1,50,2,2,1,0,1,0,30.0,19.0,voiture,deux_roues,1,2,1,2,2
202300017051,2023-12-23 13:30:00,2023,12,23,13,30,49,49063,Avenue Jean Robin,47.349215,-0.762289,Plein jour,En agglomération,Intersection en T,Normale,Deux véhicules - frontale,3,2,2,0,1,1,1,0,1,50,2,2,1,0,1,0,33.0,34.0,deux_roues,voiture,1,2,3,1,1
202300017051,2023-12-23 13:30:00,2023,12,23,13,30,49,49063,Avenue Jean Robin,47.349215,-0.762289,Plein jour,En agglomération,Intersection en T,Normale,Deux véhicules - frontale,3,2,2,0,2,1,1,5,1,50,2,2,1,0,1,0,33.0,34.0,deux_roues,voiture,1,2,3,1,1
202300017052,2023-09-14 14:55:00,2023,9,14,14,55,47,47004,D8,44.2855201,0.33038568,Plein jour,Hors agglomération,Hors intersection,Normale,Deux véhicules - frontale,3,2,2,0,1,1,1,0,1,80,2,3,2,0,1,0,24.0,61.0,voiture,voiture,1,1,1,1,1
202300017053,2023-12-23 04:10:00,2023,12,23,4,10,31,31044,avenue des arènes,43.609649,1.490203,Nuit avec éclairage allumé,En agglomération,Hors intersection,Temps couvert,Autre collision,4,3,2,3,1,1,2,0,4,50,1,3,1,0,0,2,22.0,,voiture,,5,2,1,8,6
202300017054,2023-09-16 10:45:00,2023,9,16,10,45,86,86248,RD 741,46.338206,0.462037,Plein jour,Hors agglomération,Intersection en T,Normale,Deux véhicules - côté,3,2,2,0,1,1,1,0,1,90,2,2,1,1,0,0,22.0,38.0,deux_roues,utilitaire_camion,1,1,3,1,3
202300017054,2023-09-16 10:45:00,2023,9,16,10,45,86,86248,RD 741,46.338206,0.462037,Plein jour,Hors agglomération,Intersection en T,Normale,Deux véhicules - côté,3,2, -1,-1,1,1,1,5,1,-1,2,2,1,1,0,0,22.0,38.0,deux_roues,utilitaire_camion,1,1,3,1,3
202300017055,2023-12-23 12:20:00,2023,12,23,12,20,12,12033,RD 988 - pont d'alencq,44.452546,2.725226,Plein jour,Hors agglomération,Hors intersection,Pluie légère,Trois véhicules et plus - collisions multiples,3,2,2,0,2,3,2,2,1,90,3,7,4,0,0,3,69.0,76.0,voiture,voiture,1,1,1,2,5
202300017056,2023-12-24 07:15:00,2023,12,24,7,15,60,60658,N2,49.240452,3.015516,Nuit sans éclairage public,Hors agglomération,Hors intersection,Normale,Deux véhicules - arrière,2,2,2,0,1,2,1,0,1,-1,2,4,1,0,1,2,44.0,46.0,voiture,voiture,3,1,1,1,2
202300017057,2023-09-16 06:02:00,2023,9,16,6,2,34,34130,D909,43.52214912,3.18839028,Nuit sans éclairage public,Hors agglomération,Hors intersection,Normale,Trois véhicules et plus - en chaîne,3,2,2,0,1,1,2,0,1,80,3,4,0,1,1,2,54.0,52.0,voiture,voiture,3,1,1,1,4
202300017058,2023-12-22 20:40:00,2023,12,22,20,40,34,34016,A750,43.624399,3.638747,Nuit sans éclairage public,Hors agglomération,Hors intersection,Normale,Autre collision,1,3,2,0,1,1,1,0,3,130,1,1,0,0,1,0,26.0,,voiture,,3,1,1,1,6
202300017059,2023-09-16 08:00:00,2023,9,16,8,0,68,68192,Rue de Montreux-vieux,47.623109,7.045519,Plein jour,Hors agglomération,Hors intersection,Temps éblouissant,Deux véhicules - frontale,4,2,2,0,1,3,1,0,1,80,2,2,1,0,1,0,33.0,52.0,voiture,deux_roues,1,1,1,7,1
202300017060,2023-12-23 19:45:00,2023,12,23,19,45,56,56030,Rue Paul Ladmirault,47.48125,-2.39692,Nuit avec éclairage allumé,En agglomération,Intersection en X,Temps couvert,Deux véhicules - côté,3,2,2,-1,1,3,2,0,1,30,2,2,1,0,1,0,18.0,60.0,deux_roues,voiture,5,2,2,8,3
202300017060,2023-12-23 19:45:00,2023,12,23,19,45,56,56030,Rue Paul Ladmirault,47.48125,-2.39692,Nuit avec éclairage allumé,En agglomération,Intersection en X,Temps couvert,Deux véhicules - côté,3,2,2,0,1,1,2,0,1,30,2,2,1,0,1,0,18.0,60.0,deux_roues,voiture,5,2,2,8,3
202300017061,2023-09-15 21:25:00,2023,9,15,21,25,22,22254,RD33,48.67277,-3.325446,Nuit sans éclairage public,En agglomération,Hors intersection,Temps couvert,Autre collision,3,2,2,0,1,1,1,0,1,80,1,2,1,0,1,0,32.0,,voiture,,3,2,1,8,6
202300017062,2023-12-22 23:00:00,2023,12,22,23,0,79,79293,,46.370284,-0.50188,Nuit sans éclairage public,Hors agglomération,Hors intersection,Normale,Deux véhicules - frontale,3,2,2,0,1,1,1,0,1,80,2,2,1,0,1,0,19.0,25.0,deux_roues,voiture,3,1,1,1,1
202300017063,2023-09-15 17:30:00,2023,9,15,17,30,22,22251,D786,48.561368,-2.810612,Plein jour,Hors agglomération,Hors intersection,Normale,Sans collision,3,3,0,0,1,1,1,0,1,90,1,1,0,0,0,1,15.0,,deux_roues,,1,1,1,1,7
202300017064,2023-12-23 19:35:00,2023,12,23,19,35,33,33421,D670,44.80742364,-0.13535634,Nuit sans éclairage public,Hors agglomération,Hors intersection,Pluie légère,Deux véhicules - frontale,3,2,2,0,1,1,2,0,1,80,2,6,0,0,1,5,47.0,58.0,voiture,utilitaire_camion,3,1,1,2,1
202300017065,2023-09-16 01:30:00,2023,9,16,1,30,39,39354,,46.884801,5.657775,Nuit avec éclairage non allumé,Hors agglomération,Hors intersection,Normale,Autre collision,3,2,2,0,1,1,1,0,3,90,1,1,0,0,1,0,32.0,,voiture,,4,1,1,1,6
202300017066,2023-12-24 11:40:00,2023,12,24,11,40,71,71351,Place du Monument,46.88419,5.262102,Plein jour,En agglomération,Intersection en Y,Normale,Autre collision,3,1,2,0,1,3,1,0,1,50,1,2,0,0,1,1,73.0,,voiture,,1,2,4,1,6
202300017066,2023-12-24 11:40:00,2023,12,24,11,40,71,71351,Place du Monument,46.88419,5.262102,Plein jour,En agglomération,Intersection en Y,Normale,Autre collision,3,1,2,0,1,3,1,0,1,50,1,2,0,0,1,1,73.0,,voiture,,1,2,4,1,6
202300017067,2023-12-24 15:30:00,2023,12,24,15,30,71,71338,D14,46.549417,4.861622,Plein jour,Hors agglomération,Hors intersection,Normale,Sans collision,3,2,2,0,2,4,1,0,1,80,1,1,0,0,1,0,22.0,,deux_roues,,1,1,1,1,7
202300017068,2023-09-15 20:50:00,2023,9,15,20,50,44,44015,,47.430555,-1.832421,Nuit sans éclairage public,Hors agglomération,Hors intersection,Normale,Deux véhicules - frontale,2,2,2,0,1,1,1,0,1,80,2,2,1,0,0,1,57.0,33.0,voiture,voiture,3,1,1,1,1
202300017069,2023-12-24 17:00:00,2023,12,24,17,0,89,89469,Courroy,48.3134,3.4578,Crépuscule ou aube,Hors agglomération,Intersection en X,Normale,Deux véhicules - côté,3,2,2,0,1,1,1,5,1,80,2,4,0,1,3,0,82.0,68.0,voiture,voiture,2,1,2,1,3
202300017069,2023-12-24 17:00:00,2023,12,24,17,0,89,89469,Courroy,48.3134,3.4578,Crépuscule ou aube,Hors agglomération,Intersection en X,Normale,Deux véhicules - côté,3,2,2,0,1,1,1,5,8,80,2,4,0,1,3,0,82.0,68.0,voiture,voiture,2,1,2,1,3
202300017070,2023-12-23 15:30:00,2023,12,23,15,30,63,63050,Avenue de Charbonnier,45.413986,3.320301,Plein jour,En agglomération,Giratoire,Normale,Sans collision,3,1,1,0,1,2,1,9,1,50,2,2,1,0,1,0,25.0,65.0,deux_roues,voiture,1,2,6,1,7
202300017070,2023-12-23 15:30:00,2023,12,23,15,30,63,63050,Avenue de Charbonnier,45.413986,3.320301,Plein jour,En agglomération,Giratoire,Normale,Sans collision,3,2,2,-1,1,1,1,0,1,50,2,2,1,0,1,0,25.0,65.0,deux_roues,voiture,1,2,6,1,7
202300017071,2023-09-15 15:00:00,2023,9,15,15,0,35,35078,Lieu Dit les Beaux Bois,48.600168,-1.699668,Plein jour,Hors agglomération,Hors intersection,Normale,Deux véhicules - frontale,3,2,2,0,1,1,1,0,1,80,2,5,1,0,3,1,63.0,78.0,voiture,voiture,1,1,1,1,1