accident_id,datetime,annee,mois,jour,heure,minute,departement,commune_insee,adresse,latitude,longitude,luminosite,agglomeration,intersection,meteo,collision,catr,circ,nbv,vosp,prof,plan,surf,infra,situ,vma,nb_vehicules,nb_usagers,nb_indemnes,nb_tues,nb_blesses_hosp,nb_blesses_legers,age_cond_1,age_cond_2,veh_type_cond_1,veh_type_cond_2,lum_code,agg_code,int_code,atm_code,col_code
202300017149,2023-09-15 19:40:00,2023,9,15,19,40,59,59377,Rue de la Republique,50.122628,3.170859,Crépuscule ou aube,En agglomération,Intersection en T,Temps éblouissant,Deux véhicules - côté,4,2,2,0,1,1,1,0,1,50,2,2,1,0,0,1,78.0,55.0,voiture,deux_roues,2,2,3,7,3
202300017149,2023-09-15 19:40:00,2023,9,15,19,40,59,59377,Rue de la Republique,50.122628,3.170859,Crépuscule ou aube,En agglomération,Intersection en T,Temps éblouissant,Deux véhicules - côté,4,2, -1,-1,-1,-1,-1,-1,-1,-1,2,2,1,0,0,1,78.0,55.0,voiture,deux_roues,2,2,3,7,3
202300017150,2023-12-21 17:50:00,2023,12,21,17,50,972,97213,AUTOROUTE A1,14.61729,-61.01813,Crépuscule ou aube,Hors agglomération,Hors intersection,Normale,Deux véhicules - côté,1,-1,3,3,1,1,1,0,1,90,2,2,1,0,1,0,36.0,26.0,voiture,deux_roues,2,1,1,1,3
202300017151,2023-09-15 06:15:00,2023,9,15,6,15,13,13210,A50-Sens Marseille vers Aubagne,43.28489979,5.41754007,Nuit avec éclairage non allumé,Hors agglomération,Hors intersection,Normale,Autre collision,1,-1,3,0,1,1,1,0,1,70,2,2,1,0,0,1,43.0,24.0,utilitaire_camion,deux_roues,4,1,1,1,6
202300017152,2023-12-22 08:00:00,2023,12,22,8,0,972,97209,RD 41 (ROCADE),14.6143,-61.06326,Plein jour,En agglomération,Hors intersection,Normale,Deux véhicules - arrière,3,3,2,0,2,1,1,0,1,60,2,2,1,0,0,1,25.0,34.0,utilitaire_camion,deux_roues,1,2,1,1,2
202300017153,2023-09-14 08:35:00,2023,9,14,8,35,13,13211,A50-Sens Aubagne vers Marseille,43.2872,5.437,Plein jour,Hors agglomération,Hors intersection,Normale,Trois véhicules et plus - en chaîne,1,1,3,0,1,1,1,0,1,90,4,6,4,0,0,2,45.0,23.0,utilitaire_camion,utilitaire_camion,1,1,1,1,4
202300017154,2023-09-13 16:40:00,2023,9,13,16,40,83,83137,A50 TUNNEL TUBE SUD,43.12689066,5.93036739,Plein jour,Hors agglomération,Hors intersection,Normale,Deux véhicules - arrière,1,1,2,0,1,1,1,1,1,70,2,2,1,0,0,1,29.0,26.0,deux_roues,utilitaire_camion,1,1,1,1,2
202300017155,2023-12-22 05:15:00,2023,12,22,5,15,972,97209,DILLON (AVENUE DE) EX RUE 15,14.61164,-61.04211,Nuit sans éclairage public,Hors agglomération,Giratoire,Normale,Deux véhicules - côté,2,2,4,0,1,4,1,5,8,70,2,3,1,0,0,2,,50.0,voiture,deux_roues,3,1,6,1,3
202300017156,2023-09-15 18:47:00,2023,9,15,18,47,33,33192,ROCADE A 630,44.789819,-0.613548,Plein jour,Hors agglomération,Hors intersection,Normale,Deux véhicules - arrière,1,3,8,0,1,1,1,0,1,90,2,2,1,0,0,1,43.0,23.0,deux_roues,voiture,1,1,1,1,2
202300017157,2023-09-15 17:10:00,2023,9,15,17,10,33,33366,AUTOROUTE A 10,44.982979,-0.428564,Plein jour,Hors agglomération,Hors intersection,Normale,Trois véhicules et plus - en chaîne,1,3,6,0,1,1,1,0,1,130,4,6,5,0,0,1,32.0,48.0,voiture,voiture,1,1,1,1,4
202300017158,2023-09-15 11:50:00,2023,9,15,11,50,33,33192,ROCADE A 630,44.789893,-0.614323,Plein jour,Hors agglomération,Hors intersection,Normale,Trois véhicules et plus - en chaîne,1,3,6,0,1,1,1,0,1,90,3,3,2,0,0,1,41.0,20.0,utilitaire_camion,voiture,1,1,1,1,4
202300017159,2023-02-02 19:15:00,2023,2,2,19,15,75,75117,RUE DU PRINTEMPS,48.887231,2.309386,Nuit avec éclairage allumé,En agglomération,Hors intersection,Normale,Deux véhicules - côté,4,2,2,1,1,1,1,-1,5,30,2,2,1,0,0,1,50.0,60.0,deux_roues,deux_roues,5,2,1,1,3
202300017160,2023-02-02 18:20:00,2023,2,2,18,20,75,75113,RUE BARRAULT,48.824005,2.346692,Nuit avec éclairage allumé,En agglomération,Hors intersection,Normale,Autre collision,4,1,1,0,1,1,1,0,4,30,1,2,1,0,0,1,41.0,,voiture,,5,2,1,1,6
202300017161,2023-02-02 12:45:00,2023,2,2,12,45,75,75105,BOULEVARD DE PORT ROYAL,48.838004,2.344213,Plein jour,En agglomération,Hors intersection,Normale,Sans collision,4,2,4,0,2,1,1,0,1,30,1,1,0,0,0,1,38.0,,deux_roues,,1,2,1,1,7
202300017162,2023-02-02 08:45:00,2023,2,2,8,45,75,75110,AVENUE PARMENTIER,48.869993,2.371021,Plein jour,En agglomération,Intersection en X,Normale,Autre collision,4,2,2,0,2,1,1,0,1,30,1,2,1,0,0,1,45.0,,deux_roues,,1,2,2,1,6
202300017162,2023-02-02 08:45:00,2023,2,2,8,45,75,75110,AVENUE PARMENTIER,48.869993,2.371021,Plein jour,En agglomération,Intersection en X,Normale,Autre collision,4,2, -1,-1,1,1,1,0,1,-1,1,2,1,0,0,1,45.0,,deux_roues,,1,2,2,1,6
202300017163,2023-02-02 09:00:00,2023,2,2,9,0,75,75110,RUE LA FAYETTE,48.87975,2.358658,Plein jour,En agglomération,Intersection en X,Normale,Deux véhicules - côté,4,1,1,0,1,1,1,0,1,30,2,3,2,0,0,1,37.0,48.0,deux_roues,deux_roues,1,2,2,1,3
202300017163,2023-02-02 09:00:00,2023,2,2,9,0,75,75110,RUE LA FAYETTE,48.87975,2.358658,Plein jour,En agglomération,Intersection en X,Normale,Deux véhicules - côté,4,2,4,3,1,1,1,0,1,30,2,3,2,0,0,1,37.0,48.0,deux_roues,deux_roues,1,2,2,1,3
202300017164,2023-02-02 01:10:00,2023,2,2,1,10,75,75110,QUAI DE VALMY,48.870762,2.365396,Nuit avec éclairage allumé,En agglomération,Intersection en T,Normale,Sans collision,4,1,2,2,1,1,1,-1,5,30,1,2,1,0,1,0,52.0,,deux_roues,,5,2,3,1,7
202300017164,2023-02-02 01:10:00,2023,2,2,1,10,75,75110,QUAI DE VALMY,48.870762,2.365396,Nuit avec éclairage allumé,En agglomération,Intersection en T,Normale,Sans collision,4,1,2,2,1,1,1,-1,5,30,1,2,1,0,1,0,52.0,,deux_roues,,5,2,3,1,7
202300017165,2023-02-02 09:08:00,2023,2,2,9,8,75,75108,AVENUE GABRIEL,48.869484,2.313412,Plein jour,En agglomération,Intersection en T,Normale,Autre collision,4,1,1,0,1,1,1,0,1,30,1,2,1,0,0,1,38.0,,deux_roues,,1,2,3,1,6
202300017165,2023-02-02 09:08:00,2023,2,2,9,8,75,75108,AVENUE GABRIEL,48.869484,2.313412,Plein jour,En agglomération,Intersection en T,Normale,Autre collision,4,1, -1,-1,1,1,1,0,1,-1,1,2,1,0,0,1,38.0,,deux_roues,,1,2,3,1,6
202300017166,2023-02-02 07:45:00,2023,2,2,7,45,94,94078,Avenue Winston Churchill,48.75296,2.4534,Crépuscule ou aube,En agglomération,Giratoire,Normale,Autre collision,3,3,4,1,1,1,1,0,1,50,1,2,1,0,0,1,43.0,,voiture,,2,2,6,1,6
202300017167,2023-02-02 20:40:00,2023,2,2,20,40,94,94043,Avenue de Fontainebleau / Rue de la Convention,48.81263511,2.36142325,Nuit avec éclairage allumé,En agglomération,Intersection en X,Normale,Deux véhicules - côté,3,2,2,3,1,1,1,0,1,50,2,3,1,0,0,2,,31.0,utilitaire_camion,deux_roues,5,2,2,1,3
202300017167,2023-02-02 20:40:00,2023,2,2,20,40,94,94043,Avenue de Fontainebleau / Rue de la Convention,48.81263511,2.36142325,Nuit avec éclairage allumé,En agglomération,Intersection en X,Normale,Deux véhicules - côté,3,1,1,0,1,1,1,0,1,-1,2,3,1,0,0,2,,31.0,utilitaire_camion,deux_roues,5,2,2,1,3
202300017168,2023-02-02 12:00:00,2023,2,2,12,0,94,94065,N186,48.75481508,2.34686114,Plein jour,En agglomération,Hors intersection,Normale,Deux véhicules - arrière,2,1,2,0,2,3,1,3,1,50,2,2,1,0,0,1,60.0,38.0,voiture,voiture,1,2,1,1,2
202300017169,2023-02-01 18:00:00,2023,2,1,18,0,94,94060,87 Rue de Picardie,48.79059,2.58146,Crépuscule ou aube,En agglomération,Hors intersection,Normale,Autre collision,4,2,2,0,1,2,1,0,1,50,1,2,1,0,1,0,51.0,,voiture,,2,2,1,1,6
202300017170,2023-02-02 19:45:00,2023,2,2,19,45,94,94044,N19,48.7392,2.51609,Nuit sans éclairage public,Hors agglomération,Hors intersection,Normale,Deux véhicules - côté,2,1,4,0,1,1,1,0,1,70,2,2,1,0,0,1,34.0,52.0,voiture,deux_roues,3,1,1,1,3
202300017171,2023-02-02 06:15:00,2023,2,2,6,15,77,77291,rue de la Fossette,49.01219,2.59568,Nuit sans éclairage public,En agglomération,Autre intersection,Normale,Deux véhicules - arrière,4,2,2,0,1,1,1,0,1,50,2,2,1,0,0,1,48.0,58.0,voiture,utilitaire_camion,3,2,9,1,2
202300017172,2023-02-02 19:45:00,2023,2,2,19,45,93,93064,Rue de Lisbonne,48.88086481,2.47222099,Nuit avec éclairage allumé,En agglomération,Hors intersection,Normale,Deux véhicules - côté,4,2,3,0,1,1,1,0,1,50,2,3,2,0,0,1,25.0,33.0,voiture,voiture,5,2,1,1,3
202300017173,2023-02-02 07:45:00,2023,2,2,7,45,93,93062,Avenue de Livry / Place des Fêtes,48.9023,2.52011,Nuit avec éclairage allumé,En agglomération,Intersection en T,Normale,Deux véhicules - côté,3,1,1,0,1,1,1,0,8,50,2,3,1,0,0,2,41.0,45.0,voiture,deux_roues,5,2,3,1,3
202300017173,2023-02-02 07:45:00,2023,2,2,7,45,93,93062,Avenue de Livry / Place des Fêtes,48.9023,2.52011,Nuit avec éclairage allumé,En agglomération,Intersection en T,Normale,Deux véhicules - côté,3,2,2,0,1,1,1,0,1,50,2,3,1,0,0,2,41.0,45.0,voiture,deux_roues,5,2,3,1,3
202300017174,2023-02-02 07:25:00,2023,2,2,7,25,93,93062,Boulevard du Midi / Allée Nicolas Carnot,48.891349,2.515254,Crépuscule ou aube,En agglomération,Intersection en X,Normale,Deux véhicules - côté,4,2,2,0,2,1,1,5,1,50,2,2,1,0,0,1,56.0,46.0,deux_roues,voiture,2,2,2,1,3
202300017174,2023-02-02 07:25:00,2023,2,2,7,25,93,93062,Boulevard du Midi / Allée Nicolas Carnot,48.891349,2.515254,Crépuscule ou aube,En agglomération,Intersection en X,Normale,Deux véhicules - côté,4,2,2,0,1,1,1,5,1,50,2,2,1,0,0,1,56.0,46.0,deux_roues,voiture,2,2,2,1,3
202300017175,2023-02-01 06:43:00,2023,2,1,6,43,93,93053,Rue de Brément,48.88735459,2.46586865,Nuit avec éclairage allumé,En agglomération,Hors intersection,Normale,Trois véhicules et plus - collisions multiples,3,2,2,0,1,1,1,0,1,50,4,5,3,0,0,2,49.0,39.0,transport_commun,voiture,5,2,1,1,5
202300017176,2023-02-02 20:20:00,2023,2,2,20,20,93,93048,Rue de Rosny,48.869397,2.463375,Nuit avec éclairage allumé,En agglomération,Hors intersection,Normale,Autre collision,3,2,2,0,1,1,1,0,1,30,1,2,1,0,1,0,,,voiture,,5,2,1,1,6
202300017177,2023-02-02 18:30:00,2023,2,2,18,30,93,93048,Boulevard Aristide Briand / Rue Saint-Denis,48.8731,2.45368,Nuit avec éclairage allumé,En agglomération,Intersection en X,Normale,Deux véhicules - côté,3,2,2,1,2,1,1,0,1,30,2,2,1,0,0,1,20.0,43.0,voiture,deux_roues,5,2,2,1,3
202300017177,2023-02-02 18:30:00,2023,2,2,18,30,93,93048,Boulevard Aristide Briand / Rue Saint-Denis,48.8731,2.45368,Nuit avec éclairage allumé,En agglomération,Intersection en X,Normale,Deux véhicules - côté,3,2,2,0,2,1,1,0,1,30,2,2,1,0,0,1,20.0,43.0,voiture,deux_roues,5,2,2,1,3
202300017178,2023-02-02 16:00:00,2023,2,2,16,0,93,93008,Rue de la République,48.90685,2.430665,Plein jour,En agglomération,Hors intersection,Normale,Deux véhicules - arrière,3,3,2,0,4,1,1,0,1,50,2,2,0,0,2,0,29.0,51.0,deux_roues,voiture,1,2,1,1,2
202300017179,2023-02-02 15:16:00,2023,2,2,15,16,92,92075,CARREFOUR DE L'INSURRECTION,48.82047,2.29087,Plein jour,En agglomération,Hors intersection,Normale,Deux véhicules - côté,4,1,1,0,1,2,1,0,1,50,2,2,1,0,0,1,50.0,35.0,utilitaire_camion,deux_roues,1,2,1,1,3
202300017180,2023-02-02 14:07:00,2023,2,2,14,7,92,92050,COMMUNE DE PARIS AVENUE DE LA,48.9069736,2.21131235,Plein jour,En agglomération,Intersection en Y,Normale,Deux véhicules - côté,3,1,2,0,1,3,1,0,1,50,2,2,1,0,0,1,,46.0,deux_roues,deux_roues,1,2,4,1,3
202300017180,2023-02-02 14:07:00,2023,2,2,14,7,92,92050,COMMUNE DE PARIS AVENUE DE LA,48.9069736,2.21131235,Plein jour,En agglomération,Intersection en Y,Normale,Deux véhicules - côté,3,1,2,0,1,1,1,0,1,50,2,2,1,0,0,1,,46.0,deux_roues,deux_roues,1,2,4,1,3
202300017181,2023-02-02 09:00:00,2023,2,2,9,0,92,92049,BROSSOLETTE AVENUE PIERRE,48.81977,2.31076,Plein jour,En agglomération,Intersection en X,Normale,Sans collision,3,2,2,0,1,1,1,0,8,50,2,2,1,0,0,1,51.0,,deux_roues,deux_roues,1,2,2,1,7
202300017181,2023-02-02 09:00:00,2023,2,2,9,0,92,92049,BROSSOLETTE AVENUE PIERRE,48.81977,2.31076,Plein jour,En agglomération,Intersection en X,Normale,Sans collision,3,2,4,1,1,1,1,0,1,50,2,2,1,0,0,1,51.0,,deux_roues,deux_roues,1,2,2,1,7
202300017182,2023-02-01 21:50:00,2023,2,1,21,50,92,92020,VANVES BOULEVARD N° IMPAIRS,48.80547,2.28703,Nuit avec éclairage allumé,En agglomération,Hors intersection,Normale,Deux véhicules - côté,3,2,2,0,1,1,1,0,1,50,2,2,1,0,0,1,,20.0,voiture,deux_roues,5,2,1,1,3
202300017183,2023-02-01 09:05:00,2023,2,1,9,5,92,92020,VERDUN AVENUE DE AUTRES N°,48.79965,2.28169,Plein jour,En agglomération,Hors intersection,Normale,Autre collision,3,2,2,0,2,1,1,0,1,50,1,2,1,0,0,1,49.0,,deux_roues,,1,2,1,1,6
202300017184,2023-02-01 22:45:00,2023,2,1,22,45,92,92040,PASTEUR (AVENUE),48.82100946,2.26245537,Nuit avec éclairage allumé,En agglomération,Hors intersection,Normale,Deux véhicules - côté,3,2,2,0,2,1,1,0,1,30,2,2,1,0,0,1,24.0,79.0,voiture,voiture,5,2,1,1,3
202300017185,2023-02-01 13:55:00,2023,2,1,13,55,92,92036,HUIT MAI 45 (RUE DU) (1),48.92195238,2.29480737,Plein jour,En agglomération,Intersection en X,Normale,Deux véhicules - côté,3,2,2,0,1,1,1,0,1,50,2,2,1,1,0,0,51.0,96.0,transport_commun,deux_roues,1,2,2,1,3
202300017185,2023-02-01 13:55:00,2023,2,1,13,55,92,92036,HUIT MAI 45 (RUE DU) (1),48.92195238,2.29480737,Plein jour,En agglomération,Intersection en X,Normale,Deux véhicules - côté,3,2,2,0,1,1,1,0,1,50,2,2,1,1,0,0,51.0,96.0,transport_commun,deux_roues,1,2,2,1,3
202300017186,2023-02-01 13:45:00,2023,2,1,13,45,92,92025,PAUL BERT (RUE),48.93109219,2.24422172,Plein jour,En agglomération,Intersection en X,Temps couvert,Deux véhicules - côté,3,2,4,0,1,1,1,0,1,30,2,2,1,0,0,1,51.0,30.0,voiture,voiture,1,2,2,8,3
202300017186,2023-02-01 13:45:00,2023,2,1,13,45,92,92025,PAUL BERT (RUE),48.93109219,2.24422172,Plein jour,En agglomération,Intersection en X,Temps couvert,Deux véhicules - côté,3,3,4,0,1,1,1,0,1,30,2,2,1,0,0,1,51.0,30.0,voiture,voiture,1,2,2,8,3
202300017187,2023-02-02 18:20:00,2023,2,2,18,20,92,92024,ASNIERES (ROUTE D'),48.90208993,2.2909686,Nuit avec éclairage allumé,En agglomération,Hors intersection,Normale,Deux véhicules - côté,3,2,2,0,1,1,1,0,1,50,2,2,1,0,0,1,33.0,38.0,voiture,deux_roues,5,2,1,1,3
202300017188,2023-02-01 22:17:00,2023,2,1,22,17,92,92023,HENRI BARBUSSE (AVENUE),48.8158741,2.25411505,Nuit avec éclairage allumé,En agglomération,Hors intersection,Normale,Sans collision,3,1,2,0,2,2,1,0,1,50,1,1,0,0,0,1,31.0,,deux_roues,,5,2,1,1,7
202300017189,2023-02-02 13:35:00,2023,2,2,13,35,92,92002,DOCTEUR TENINE (AVENUE DU),48.76315126,2.31176752,Plein jour,En agglomération,Hors intersection,Normale,Deux véhicules - arrière,4,1,2,0,1,1,1,0,1,50,2,2,1,0,0,1,45.0,60.0,voiture,voiture,1,2,1,1,2
202300017190,2023-01-31 13:45:00,2023,1,31,13,45,62,62177,D219,50.449858,1.831618,Plein jour,En agglomération,Hors intersection,Temps couvert,Autre collision,3,2,2,0,1,1,2,0,1,50,1,2,1,0,1,0,29.0,,voiture,,1,2,1,8,6
202300017191,2023-02-02 14:40:00,2023,2,2,14,40,83,83003,D49,43.604262,6.377349,Plein jour,Hors agglomération,Hors intersection,Normale,Sans collision,3,2,2,0,2,2,1,0,1,80,1,1,0,0,1,0,47.0,,deux_roues,,1,1,1,1,7
202300017192,2023-01-31 11:30:00,2023,1,31,11,30,68,68112,11 Route de Soultz,47.903698,7.217398,Plein jour,En agglomération,Hors intersection,Normale,Autre collision,4,2,2,0,1,1,1,0,4,50,1,2,1,0,0,1,22.0,,deux_roues,,1,2,1,1,6
202300017193,2023-02-03 06:00:00,2023,2,3,6,0,988,98810,KOUKADJANA,-20.665393,164.613047,Plein jour,Hors agglomération,Hors intersection,Normale,Sans collision,5,2,2,0,1,2,9,0,8,-1,1,3,2,1,0,0,78.0,,utilitaire_camion,,1,1,1,1,7
202300017194,2023-01-28 15:00:00,2023,1,28,15,0,68,68300,Route Départementale 201,47.779252,7.388864,Plein jour,En agglomération,Hors intersection,Temps couvert,Autre collision,3,2,2,0,1,1,1,0,1,50,1,2,1,0,0,1,37.0,,utilitaire_camion,,1,2,1,8,6
202300017195,2023-02-02 11:15:00,2023,2,2,11,15,83,83048,Boulevard Saint Raphael,43.191684,6.556445,Plein jour,Hors agglomération,Giratoire,Normale,Deux véhicules - côté,3,2,2,0,1,2,1,0,1,30,2,2,0,0,0,2,49.0,82.0,deux_roues,voiture,1,1,6,1,3
202300017196,2023-02-02 12:20:00,2023,2,2,12,20,974,97414,Avenue de Toulouse,-21.288075,55.400437,Plein jour,En agglomération,Intersection en T,Normale,Deux véhicules - frontale,4,2, -1,-1,1,1,1,5,1,-1,2,3,2,0,1,0,43.0,27.0,utilitaire_camion,deux_roues,1,2,3,1,1
202300017196,2023-02-02 12:20:00,2023,2,2,12,20,974,97414,Avenue de Toulouse,-21.288075,55.400437,Plein jour,En agglomération,Intersection en T,Normale,Deux véhicules - frontale,4,3,2,0,1,1,1,5,1,50,2,3,2,0,1,0,43.0,27.0,utilitaire_camion,deux_roues,1,2,3,1,1
202300017197,2023-02-02 12:15:00,2023,2,2,12,15,06,06064,avenue de la tourre,43.764872,7.200315,Plein jour,En agglomération,Autre intersection,Normale,Deux véhicules - côté,9,2,0,0,1,1,1,0,8,50,2,2,1,0,1,0,44.0,23.0,deux_roues,voiture,1,2,9,1,3
202300017198,2023-01-18 20:30:00,2023,1,18,20,30,61,61181,A28 PK201+900,48.783134,0.318327,Nuit sans éclairage public,Hors agglomération,Hors intersection,Neige / grêle,Deux véhicules - arrière,1,3,4,0,3,1,2,0,1,130,2,3,1,0,0,2,43.0,21.0,voiture,voiture,3,1,1,4,2
202300017199,2023-01-15 04:55:00,2023,1,15,4,55,79,79301,,46.225943,-0.048645,Nuit sans éclairage public,Hors agglomération,Hors intersection,Autre,Sans collision,3,2,2,0,1,2,2,0,3,80,1,2,0,0,1,1,22.0,,voiture,,3,1,1,9,7
202300017200,2023-02-03 18:30:00,2023,2,3,18,30,82,82037,Boulevard Léonce Granié,44.161388,1.535865,Nuit avec éclairage allumé,En agglomération,Hors intersection,Normale,Autre collision,3,2,2,0,1,1,1,0,1,50,1,2,1,0,1,0,80.0,,voiture,,5,2,1,1,6
202300017201,2023-02-03 12:40:00,2023,2,3,12,40,71,71330,route de La Chapelle-au-Mans - PK 8+250,46.606928,3.959391,Plein jour,Hors agglomération,Hors intersection,Normale,Autre collision,3,2,2,0,1,2,1,0,3,80,1,1,0,1,0,0,68.0,,voiture,,1,1,1,1,6
202300017202,2023-01-26 10:50:00,2023,1,26,10,50,61,61140,D918 PR51+800,48.724194,0.655017,Plein jour,Hors agglomération,Hors intersection,Normale,Trois véhicules et plus - en chaîne,3,2,2,0,2,1,1,8,1,90,3,4,3,0,0,1,76.0,28.0,voiture,voiture,1,1,1,1,4
202300017203,2023-02-02 19:15:00,2023,2,2,19,15,61,61508,D979,48.922745,0.224897,Nuit sans éclairage public,Hors agglomération,Intersection en X,Normale,Deux véhicules - côté,3,2,3,0,2,1,1,0,1,90,2,3,1,0,0,2,69.0,24.0,voiture,voiture,3,1,2,1,3
202300017203,2023-02-02 19:15:00,2023,2,2,19,15,61,61508,D979,48.922745,0.224897,Nuit sans éclairage public,Hors agglomération,Intersection en X,Normale,Deux véhicules - côté,3,2,2,-1,1,1,1,0,1,80,2,3,1,0,0,2,69.0,24.0,voiture,voiture,3,1,2,1,3
202300017204,2023-02-03 12:25:00,2023,2,3,12,25,42,42246,Route de la Garinière,45.292905,4.619231,Plein jour,Hors agglomération,Hors intersection,Normale,Deux véhicules - frontale,3,2,2,0,1,1,1,0,1,80,2,2,0,0,0,2,58.0,40.0,voiture,utilitaire_camion,1,1,1,1,1
202300017205,2023-02-02 13:50:00,2023,2,2,13,50,41,41151,Chemin du Stade,47.346629,1.205845,Plein jour,Hors agglomération,Hors intersection,Normale,Sans collision,4,2,0,0,1,1,1,0,8,50,1,2,1,0,1,0,18.0,,voiture,,1,1,1,1,7
202300017206,2023-01-16 14:45:00,2023,1,16,14,45,29,29045,Mondragon,48.42571713,-4.26197715,Plein jour,Hors agglomération,Intersection en T,Normale,Deux véhicules - côté,3,2,1,0,3,1,1,0,1,80,2,2,0,0,2,0,77.0,53.0,voiture,voiture,1,1,3,1,3
202300017206,2023-01-16 14:45:00,2023,1,16,14,45,29,29045,Mondragon,48.42571713,-4.26197715,Plein jour,Hors agglomération,Intersection en T,Normale,Deux véhicules - côté,3,2,1,0,4,1,1,0,1,50,2,2,0,0,2,0,77.0,53.0,voiture,voiture,1,1,3,1,3
202300017207,2023-02-02 08:30:00,2023,2,2,8,30,34,34150,D32e8,43.36493463,3.51572885,Plein jour,Hors agglomération,Hors intersection,Normale,Deux véhicules - arrière,3,2,2,0,2,1,1,0,1,70,2,2,1,1,0,0,48.0,73.0,voiture,deux_roues,1,1,1,1,2
202300017208,2023-02-01 17:40:00,2023,2,1,17,40,25,25510,D67,47.280481,5.777307,Nuit sans éclairage public,Hors agglomération,Intersection en X,Normale,Deux véhicules - arrière,3,2,2,0,1,3,1,5,1,80,2,2,1,0,1,0,75.0,61.0,voiture,utilitaire_camion,3,1,2,1,2
202300017208,2023-02-01 17:40:00,2023,2,1,17,40,25,25510,D67,47.280481,5.777307,Nuit sans éclairage public,Hors agglomération,Intersection en X,Normale,Deux véhicules - arrière,3,2,2,-1,1,1,1,5,1,80,2,2,1,0,1,0,75.0,61.0,voiture,utilitaire_camion,3,1,2,1,2
202300017209,2023-02-01 16:30:00,2023,2,1,16,30,29,29260,D67 - Hameau de Keravel,48.42503217,-4.61289704,Plein jour,Hors agglomération,Hors intersection,Normale,Sans collision,3,2,2,0,1,1,1,0,3,80,1,1,0,0,0,1,15.0,,deux_roues,,1,1,1,1,7
202300017210,2023-02-02 13:40:00,2023,2,2,13,40,31,31390,Rue des Tourreilles,43.093557,0.576764,Plein jour,En agglomération,Hors intersection,Normale,Autre collision,4,2,2,0,1,1,1,0,3,50,1,2,1,1,0,0,56.0,,utilitaire_camion,,1,2,1,1,6
202300017211,2023-02-02 22:00:00,2023,2,2,22,0,26,26305,Route de Clèon,44.59025,4.895294,Nuit sans éclairage public,Hors agglomération,Hors intersection,Normale,Sans collision,3,2,2,0,1,1,1,0,3,80,1,1,0,0,0,1,51.0,,voiture,,3,1,1,1,7
202300017212,2023-02-03 13:20:00,2023,2,3,13,20,14,14270,D613,49.14422557,0.32632828,Plein jour,Hors agglomération,Hors intersection,Temps couvert,Autre collision,3,2,2,0,1,1,1,0,3,80,1,1,0,0,0,1,46.0,,voiture,,1,1,1,8,6
202300017213,2023-02-03 00:10:00,2023,2,3,0,10,60,60188,Rue des Lunetiers,49.396528,3.003168,Nuit sans éclairage public,En agglomération,Hors intersection,Normale,Autre collision,4,2,2,0,1,1,1,0,3,50,1,1,0,0,1,0,18.0,,voiture,,3,2,1,1,6
202300017214,2023-01-20 08:25:00,2023,1,20,8,25,60,60616,Rue Marcel Cachin,49.348577,1.771406,Crépuscule ou aube,En agglomération,Autre intersection,Normale,Autre collision,4,1,2,0,1,1,1,0,1,50,1,3,1,0,0,2,43.0,,voiture,,2,2,9,1,6
202300017215,2023-02-03 01:30:00,2023,2,3,1,30,18,18211,,47.185717,2.415742,Nuit sans éclairage public,Hors agglomération,Hors intersection,Normale,Autre collision,4,2,2,0,1,1,1,2,1,80,1,1,0,1,0,0,44.0,,voiture,,3,1,1,1,6
202300017216,2023-02-01 12:45:00,2023,2,1,12,45,43,43200,19 Rue Chaussade,45.035253,4.061328,Plein jour,En agglomération,Hors intersection,Pluie légère,Autre collision,4,1,1,0,2,1,2,0,1,30,1,2,1,0,1,0,49.0,,voiture,,1,2,1,2,6
202300017217,2023-02-03 04:15:00,2023,2,3,4,15,24,24364,RD 704,45.034082,1.225625,Nuit sans éclairage public,Hors agglomération,Hors intersection,Autre,Sans collision,3,2,2,0,2,1,1,0,8,90,1,3,1,1,1,0,22.0,,voiture,,3,1,1,9,7
202300017218,2023-02-03 16:30:00,2023,2,3,16,30,24,24356,12 Avenue Edmond Roger,45.049808,0.974522,Plein jour,En agglomération,Hors intersection,Normale,Autre collision,3,2,2,0,1,1,1,0,1,30,1,2,1,0,1,0,50.0,,voiture,,1,2,1,1,6
202300017219,2023-01-29 01:30:00,2023,1,29,1,30,87,87103,le grand bois,46.01932,1.204649,Nuit sans éclairage public,Hors agglomération,Hors intersection,Normale,Autre collision,3,2,2,0,2,2,2,0,8,80,1,1,0,0,1,0,65.0,,voiture,,3,1,1,1,6
202300017220,2023-02-02 07:20:00,2023,2,2,7,20,30,30004,Route Nationale 113,43.719769,4.206133,Crépuscule ou aube,Hors agglomération,Intersection en T,Normale,Trois véhicules et plus - collisions multiples,2,2,2,0,1,1,1,0,1,70,3,3,0,0,1,2,27.0,41.0,voiture,voiture,2,1,3,1,5
202300017220,2023-02-02 07:20:00,2023,2,2,7,20,30,30004,Route Nationale 113,43.719769,4.206133,Crépuscule ou aube,Hors agglomération,Intersection en T,Normale,Trois véhicules et plus - collisions multiples,2,2, -1,0,1,1,1,0,1,-1,3,3,0,0,1,2,27.0,41.0,voiture,voiture,2,1,3,1,5