accident_id,datetime,annee,mois,jour,heure,minute,departement,commune_insee,adresse,latitude,longitude,luminosite,agglomeration,intersection,meteo,collision,catr,circ,nbv,vosp,prof,plan,surf,infra,situ,vma,nb_vehicules,nb_usagers,nb_indemnes,nb_tues,nb_blesses_hosp,nb_blesses_legers,age_cond_1,age_cond_2,veh_type_cond_1,veh_type_cond_2,lum_code,agg_code,int_code,atm_code,col_code
202300017221,2023-02-03 19:45:00,2023,2,3,19,45,30,30012,D2,43.912108,4.724722,Nuit sans éclairage public,Hors agglomération,Hors intersection,Vent fort / tempête,Deux véhicules - frontale,3,2,2,0,1,1,1,0,1,80,2,3,1,0,1,1,30.0,76.0,voiture,voiture,3,1,1,6,1
202300017222,2023-02-03 16:00:00,2023,2,3,16,0,88,88516,92 Rue du Lieutenant Gauffre,48.197744,5.940245,Plein jour,En agglomération,Intersection en X,Temps couvert,Autre collision,4,2,2,0,2,1,1,6,1,50,1,3,2,0,0,1,24.0,,voiture,,1,2,2,8,6
202300017222,2023-02-03 16:00:00,2023,2,3,16,0,88,88516,92 Rue du Lieutenant Gauffre,48.197744,5.940245,Plein jour,En agglomération,Intersection en X,Temps couvert,Autre collision,4,2, -1,-1,1,1,1,5,1,-1,1,3,2,0,0,1,24.0,,voiture,,1,2,2,8,6
202300017223,2023-02-03 06:58:00,2023,2,3,6,58,24,24194,D936/D4,44.836974,0.331306,Nuit avec éclairage allumé,En agglomération,Intersection en T,Autre,Deux véhicules - côté,3,2,2,0,1,1,1,0,1,50,2,2,1,0,1,0,26.0,49.0,deux_roues,voiture,5,2,3,9,3
202300017223,2023-02-03 06:58:00,2023,2,3,6,58,24,24194,D936/D4,44.836974,0.331306,Nuit avec éclairage allumé,En agglomération,Intersection en T,Autre,Deux véhicules - côté,3,2, -1,-1,1,1,1,0,1,-1,2,2,1,0,1,0,26.0,49.0,deux_roues,voiture,5,2,3,9,3
202300017224,2023-01-30 08:41:00,2023,1,30,8,41,10,10419,Autoroute A5,48.199793,4.260807,Plein jour,Hors agglomération,Hors intersection,Normale,Sans collision,1,3,4,0,1,1,1,0,3,130,1,2,0,0,0,2,48.0,,utilitaire_camion,,1,1,1,1,7
202300017225,2023-01-30 12:15:00,2023,1,30,12,15,10,10003,Autoroute A5,48.26713363,3.7447747,Plein jour,Hors agglomération,Hors intersection,Normale,Trois véhicules et plus - en chaîne,1,3,4,0,4,1,1,0,1,130,3,5,4,0,0,1,29.0,62.0,utilitaire_camion,voiture,1,1,1,1,4
202300017226,2023-02-02 07:15:00,2023,2,2,7,15,987,98735,Aratia Nelson Mandela,-17.546276,-149.581536,Plein jour,Hors agglomération,Hors intersection,Normale,Autre collision,2,2,2,1,1,1,1,0,8,40,1,2,1,0,0,1,67.0,,voiture,,1,1,1,1,6
202300017227,2023-02-03 08:00:00,2023,2,3,8,0,53,53147,Rue du Pommier,48.305813,-0.62798,Crépuscule ou aube,En agglomération,Hors intersection,Normale,Autre collision,4,2,2,0,1,1,1,6,1,50,1,2,1,1,0,0,60.0,,transport_commun,,2,2,1,1,6
202300017228,2023-01-31 18:15:00,2023,1,31,18,15,987,98733,PK 22.800 RT1,-17.700665,-149.584812,Plein jour,En agglomération,Hors intersection,Normale,Autre collision,2,2,2,1,1,1,1,0,1,60,1,2,1,0,1,0,89.0,,voiture,,1,2,1,1,6
202300017229,2023-02-01 05:15:00,2023,2,1,5,15,988,98802,RT1/Voie privée (route mine Montagnat),-21.975763,166.197309,Nuit sans éclairage public,Hors agglomération,Intersection en T,Normale,Deux véhicules - arrière,2,2,2,0,1,1,1,0,1,70,2,2,1,0,1,0,73.0,66.0,voiture,utilitaire_camion,3,1,3,1,2
202300017229,2023-02-01 05:15:00,2023,2,1,5,15,988,98802,RT1/Voie privée (route mine Montagnat),-21.975763,166.197309,Nuit sans éclairage public,Hors agglomération,Intersection en T,Normale,Deux véhicules - arrière,2,2,2,-1,1,1,1,-1,1,-1,2,2,1,0,1,0,73.0,66.0,voiture,utilitaire_camion,3,1,3,1,2
202300017230,2023-02-03 01:45:00,2023,2,3,1,45,977,97701,SALINE,17.91751996,-62.8544569,Nuit sans éclairage public,Hors agglomération,Hors intersection,Normale,Sans collision,3,2,2,0,1,2,1,0,4,50,1,1,0,0,1,0,27.0,,deux_roues,,3,1,1,1,7
202300017231,2023-01-26 20:50:00,2023,1,26,20,50,33,33085,Route des 2 Ponts,44.769124,-0.493516,Nuit avec éclairage allumé,En agglomération,Hors intersection,Pluie légère,Autre collision,3,2,2,0,1,1,2,0,3,50,1,3,2,0,1,0,20.0,,voiture,,5,2,1,2,6
202300017232,2023-02-02 20:18:00,2023,2,2,20,18,28,28279,32 Rue du Général de Gaulle,48.64834,1.530532,Nuit avec éclairage allumé,En agglomération,Hors intersection,Normale,Autre collision,3,2,2,0,1,2,1,0,4,50,1,1,0,0,1,0,59.0,,voiture,,5,2,1,1,6
202300017233,2023-02-03 17:25:00,2023,2,3,17,25,2B,2B355,"lieu dit Saltello, RT 20",42.518689,9.394724,Plein jour,Hors agglomération,Hors intersection,Normale,Trois véhicules et plus - collisions multiples,3,2,2,0,2,3,1,0,1,80,3,5,2,0,2,1,20.0,52.0,voiture,voiture,1,1,1,1,5
202300017234,2023-02-02 16:20:00,2023,2,2,16,20,13,13081,Boulevard de la Tête Noire,43.488953,5.220421,Plein jour,En agglomération,Hors intersection,Normale,Autre collision,4,2,2,0,1,1,1,9,1,50,1,2,1,0,0,1,,,voiture,,1,2,1,1,6
202300017235,2023-02-02 16:50:00,2023,2,2,16,50,13,13027,Avenue Jean Moulin,43.879436,4.861718,Plein jour,En agglomération,Hors intersection,Vent fort / tempête,Deux véhicules - côté,4,2,2,0,2,1,1,0,1,50,2,2,1,0,1,0,17.0,55.0,deux_roues,voiture,1,2,1,6,3
202300017236,2023-02-02 21:30:00,2023,2,2,21,30,67,67348,Route de Niedernai,48.458974,7.504429,Nuit avec éclairage allumé,En agglomération,Hors intersection,Normale,Sans collision,3,2,2,0,2,1,1,0,4,50,1,1,0,0,0,1,25.0,,voiture,,5,2,1,1,7
202300017237,2023-02-03 04:40:00,2023,2,3,4,40,46,46102,d822 avenue de toulouse,44.60477,2.034239,Nuit sans éclairage public,En agglomération,Hors intersection,Normale,Autre collision,3,2,2,0,2,2,1,2,3,30,1,4,0,0,3,1,19.0,,voiture,,3,2,1,1,6
202300017238,2023-02-03 08:00:00,2023,2,3,8,0,31,31248,282 Route du Plantaurel,43.471877,1.397844,Plein jour,En agglomération,Hors intersection,Normale,Trois véhicules et plus - collisions multiples,3,2,2,0,1,1,1,0,1,70,3,3,2,1,0,0,48.0,41.0,utilitaire_camion,deux_roues,1,2,1,1,5
202300017239,2023-01-17 21:30:00,2023,1,17,21,30,40,40283,Route de Buglose,43.757697,-1.005313,Nuit sans éclairage public,Hors agglomération,Hors intersection,Neige / grêle,Deux véhicules - frontale,3,2,2,0,1,1,7,0,1,80,2,3,2,0,1,0,44.0,60.0,voiture,voiture,3,1,1,4,1
202300017240,2023-02-03 18:30:00,2023,2,3,18,30,14,14258,Route de Caen,48.908772,-0.207378,Nuit avec éclairage allumé,En agglomération,Hors intersection,Pluie légère,Deux véhicules - côté,3,2,2,0,1,1,2,0,1,50,2,2,1,0,1,0,17.0,71.0,deux_roues,voiture,5,2,1,2,3
202300017241,2023-02-02 10:30:00,2023,2,2,10,30,35,35191,D15,48.456559,-1.304841,Plein jour,Hors agglomération,Hors intersection,Temps couvert,Deux véhicules - côté,3,2,2,0,2,2,1,0,3,80,2,2,0,0,1,1,73.0,68.0,deux_roues,deux_roues,1,1,1,8,3
202300017242,2023-02-02 07:35:00,2023,2,2,7,35,13,13071,A55 - Sens Marseille vers Martigues,43.386437,5.307376,Crépuscule ou aube,Hors agglomération,Hors intersection,Normale,Autre collision,1,1,3,0,2,1,1,0,1,110,1,2,0,0,0,2,21.0,,voiture,,2,1,1,1,6
202300017243,2023-02-01 16:36:00,2023,2,1,16,36,83,83027,A50,43.16912,5.76977,Plein jour,Hors agglomération,Hors intersection,Normale,Autre collision,1,1,6,0,1,1,1,0,2,130,1,1,0,0,0,1,26.0,,utilitaire_camion,,1,1,1,1,6
202300017244,2023-01-30 16:55:00,2023,1,30,16,55,59,59343,AUTOROUTE A1,50.58377,3.09116,Plein jour,Hors agglomération,Hors intersection,Normale,Deux véhicules - côté,1,-1,6,0,1,1,1,0,1,90,2,3,2,0,1,0,69.0,47.0,voiture,utilitaire_camion,1,1,1,1,3
202300017245,2023-02-02 18:30:00,2023,2,2,18,30,91,91468,AUTOROUTE A6,48.57491,2.46594,Nuit sans éclairage public,Hors agglomération,Hors intersection,Normale,Trois véhicules et plus - en chaîne,1,1,3,0,1,1,1,0,1,110,5,5,4,0,0,1,24.0,47.0,voiture,voiture,3,1,1,1,4
202300017246,2023-02-02 17:40:00,2023,2,2,17,40,94,94043,A6B,48.8069485,2.34653959,Nuit avec éclairage allumé,Hors agglomération,Hors intersection,Normale,Trois véhicules et plus - en chaîne,1,1,2,0,1,1,1,1,1,90,4,4,3,0,0,1,34.0,40.0,voiture,voiture,5,1,1,1,4
202300017247,2023-02-01 16:53:00,2023,2,1,16,53,92,92050,A86,48.90809836,2.21351713,Plein jour,Hors agglomération,Hors intersection,Normale,Deux véhicules - arrière,1,1,2,0,1,1,1,0,1,90,2,3,1,0,0,2,65.0,25.0,voiture,utilitaire_camion,1,1,1,1,2
202300017248,2023-02-02 18:05:00,2023,2,2,18,5,93,93064,AUTOROUTE A86,48.88130031,2.47480899,Nuit sans éclairage public,Hors agglomération,Hors intersection,Normale,Deux véhicules - côté,1,3,2,0,1,2,1,3,1,90,2,2,1,0,0,1,33.0,,deux_roues,voiture,3,1,1,1,3
202300017249,2023-02-02 02:20:00,2023,2,2,2,20,974,97416,RN3 (ANCIENNE ROUTE),-21.32465,55.44582,Nuit sans éclairage public,Hors agglomération,Hors intersection,Normale,Autre collision,4,2,2,0,1,2,1,0,3,50,1,1,0,0,0,1,33.0,,voiture,,3,1,1,1,6
202300017250,2023-02-01 18:40:00,2023,2,1,18,40,974,97416,PRESIDENT MITTERAND(AVENUE),-21.342984,55.481531,Plein jour,En agglomération,Autre intersection,Normale,Deux véhicules - côté,4,4,2,0,1,1,1,0,1,30,2,2,1,0,0,1,49.0,59.0,voiture,voiture,1,2,9,1,3
202300017251,2023-02-01 09:15:00,2023,2,1,9,15,974,97409,RN2 SENS STE SUZANNE ST BENOIT,-20.9443,55.6498,Plein jour,Hors agglomération,Hors intersection,Normale,Deux véhicules - arrière,2,2,4,0,1,1,1,0,1,110,2,3,1,0,0,2,33.0,65.0,voiture,voiture,1,1,1,1,2
202300017252,2023-02-01 19:40:00,2023,2,1,19,40,974,97407,MONDON (AVENUE),-20.93358,55.30734,Nuit avec éclairage allumé,En agglomération,Hors intersection,Normale,Deux véhicules - côté,4,-1,0,1,1,1,1,9,5,30,2,2,1,0,0,1,52.0,11.0,voiture,deux_roues,5,2,1,1,3
202300017253,2023-02-01 17:55:00,2023,2,1,17,55,973,97302,MADELEINE (ROUTE DE LA),4.9167,-52.32145,Plein jour,En agglomération,Intersection en T,Normale,Deux véhicules - côté,3,2,2,0,1,2,1,0,1,50,2,2,1,0,0,1,20.0,56.0,deux_roues,voiture,1,2,3,1,3
202300017253,2023-02-01 17:55:00,2023,2,1,17,55,973,97302,MADELEINE (ROUTE DE LA),4.9167,-52.32145,Plein jour,En agglomération,Intersection en T,Normale,Deux véhicules - côté,3,2,2,0,3,1,1,0,1,50,2,2,1,0,0,1,20.0,56.0,deux_roues,voiture,1,2,3,1,3
202300017254,2023-02-01 16:15:00,2023,2,1,16,15,973,97302,BADUEL (ROUTE DE),4.92878908,-52.29843423,Plein jour,En agglomération,Intersection en T,Normale,Deux véhicules - côté,3,2,2,0,1,1,1,0,1,50,2,2,1,0,0,1,24.0,58.0,deux_roues,voiture,1,2,3,1,3
202300017254,2023-02-01 16:15:00,2023,2,1,16,15,973,97302,BADUEL (ROUTE DE),4.92878908,-52.29843423,Plein jour,En agglomération,Intersection en T,Normale,Deux véhicules - côté,3,2,2,0,1,1,1,0,1,50,2,2,1,0,0,1,24.0,58.0,deux_roues,voiture,1,2,3,1,3
202300017255,2023-02-01 18:30:00,2023,2,1,18,30,69,69383,11 Rue du Dauphiné,45.74995,4.86358,Crépuscule ou aube,En agglomération,Hors intersection,Normale,Deux véhicules - arrière,4,2,2,0,1,1,1,0,1,50,2,2,1,0,0,1,25.0,31.0,voiture,deux_roues,2,2,1,1,2
202300017256,2023-02-01 06:45:00,2023,2,1,6,45,69,69383,Cours Richard Vitton,45.7539,4.88756,Nuit sans éclairage public,En agglomération,Intersection en X,Normale,Deux véhicules - côté,4,1,1,2,1,1,1,0,1,30,2,2,1,0,0,1,47.0,30.0,voiture,voiture,3,2,2,1,3
202300017256,2023-02-01 06:45:00,2023,2,1,6,45,69,69383,Cours Richard Vitton,45.7539,4.88756,Nuit sans éclairage public,En agglomération,Intersection en X,Normale,Deux véhicules - côté,4,1,1,0,1,1,1,0,1,30,2,2,1,0,0,1,47.0,30.0,voiture,voiture,3,2,2,1,3
202300017257,2023-02-01 01:35:00,2023,2,1,1,35,69,69382,41 Quai Docteur Gailleton,45.75045986,4.83180657,Nuit avec éclairage allumé,En agglomération,Hors intersection,Normale,Trois véhicules et plus - en chaîne,4,1,2,0,1,1,1,0,1,50,4,6,3,0,0,3,49.0,22.0,voiture,voiture,5,2,1,1,4
202300017258,2023-02-01 15:20:00,2023,2,1,15,20,2A,2A004,SAINT JEAN HLM AV KENNEDY,41.93151,8.73383,Plein jour,Hors agglomération,Hors intersection,Temps couvert,Deux véhicules - côté,4,2,1,0,1,1,1,9,1,50,2,2,1,0,0,1,50.0,15.0,voiture,autre,1,1,1,8,3
202300017259,2023-02-01 08:15:00,2023,2,1,8,15,91,91103,RUE DU MORVAN,48.588542,2.304126,Plein jour,Hors agglomération,Hors intersection,Autre,Deux véhicules - côté,4,1,2,0,1,1,9,0,3,70,2,3,0,0,0,3,67.0,47.0,voiture,utilitaire_camion,1,1,1,9,3
202300017260,2023-01-30 13:20:00,2023,1,30,13,20,91,91692,CHAMPAGNE (AVENUE DE),48.687294,2.173568,Plein jour,En agglomération,Hors intersection,Normale,Autre collision,4,2,2,0,1,1,1,0,1,30,1,2,1,0,0,1,64.0,,voiture,,1,2,1,1,6
202300017261,2023-02-01 23:20:00,2023,2,1,23,20,91,91326,JEAN DANAUX (RUE),48.68977,2.38626,Nuit avec éclairage allumé,En agglomération,Autre intersection,Normale,Autre collision,4,1,1,3,1,1,1,0,1,30,1,2,1,0,1,0,30.0,,transport_commun,,5,2,9,1,6
202300017262,2023-02-01 08:10:00,2023,2,1,8,10,91,91326,PARIS CAMPAGNE (AVENUE DE),48.69569,2.36494,Plein jour,En agglomération,Autre intersection,Temps couvert,Deux véhicules - côté,4,-1,1,0,1,1,1,0,8,30,2,2,1,0,0,1,69.0,28.0,voiture,voiture,1,2,9,8,3
202300017262,2023-02-01 08:10:00,2023,2,1,8,10,91,91326,PARIS CAMPAGNE (AVENUE DE),48.69569,2.36494,Plein jour,En agglomération,Autre intersection,Temps couvert,Deux véhicules - côté,4,-1,2,0,1,1,1,0,1,30,2,2,1,0,0,1,69.0,28.0,voiture,voiture,1,2,9,8,3
202300017263,2023-02-01 16:20:00,2023,2,1,16,20,91,91223,PARIS (AVENUE DE),48.43869,2.16702,Plein jour,En agglomération,Hors intersection,Normale,Deux véhicules - côté,4,2,0,0,1,1,1,0,1,50,2,4,3,0,0,1,78.0,41.0,voiture,voiture,1,2,1,1,3
202300017264,2023-02-01 15:30:00,2023,2,1,15,30,83,83137,RD46,43.14823636,5.97636402,Plein jour,Hors agglomération,Hors intersection,Normale,Trois véhicules et plus - collisions multiples,3,2,2,0,2,3,1,0,1,70,3,3,1,0,0,2,21.0,22.0,voiture,voiture,1,1,1,1,5
202300017265,2023-02-01 12:40:00,2023,2,1,12,40,83,83137,GOURAUD (AVE GENERAL),43.13660876,5.91536379,Plein jour,En agglomération,Hors intersection,Normale,Autre collision,4,2,2,0,1,1,1,0,1,50,1,2,1,0,1,0,39.0,,transport_commun,,1,2,1,1,6
202300017266,2023-01-30 14:05:00,2023,1,30,14,5,77,77053,RUE DU DOCTEUR JEAN CONGY,48.69051,2.61049,Plein jour,En agglomération,Hors intersection,Normale,Autre collision,4,1,1,3,1,1,2,6,1,30,1,2,1,1,0,0,24.0,,utilitaire_camion,,1,2,1,1,6
202300017267,2023-02-01 14:50:00,2023,2,1,14,50,76,76540,Rue Louis Ricard,49.44488,1.09959,Plein jour,En agglomération,Hors intersection,Normale,Deux véhicules - arrière,4,2,2,0,2,1,1,0,1,50,2,2,1,0,0,1,18.0,34.0,deux_roues,deux_roues,1,2,1,1,2
202300017268,2023-02-01 14:25:00,2023,2,1,14,25,76,76322,Avenue Léon Blum,49.40663,1.04984,Plein jour,En agglomération,Intersection en X,Normale,Autre collision,4,2,2,0,1,1,1,-1,1,50,1,2,1,0,0,1,94.0,,voiture,,1,2,2,1,6
202300017268,2023-02-01 14:25:00,2023,2,1,14,25,76,76322,Avenue Léon Blum,49.40663,1.04984,Plein jour,En agglomération,Intersection en X,Normale,Autre collision,4,2,2,0,1,1,1,0,1,20,1,2,1,0,0,1,94.0,,voiture,,1,2,2,1,6
202300017269,2023-01-30 18:05:00,2023,1,30,18,5,76,76540,Rue Edouard Fortier,49.45399,1.09386,Nuit avec éclairage allumé,En agglomération,Intersection en T,Temps couvert,Autre collision,4,2,2,0,1,1,1,0,1,50,1,2,1,0,1,0,59.0,,voiture,,5,2,3,8,6
202300017269,2023-01-30 18:05:00,2023,1,30,18,5,76,76540,Rue Edouard Fortier,49.45399,1.09386,Nuit avec éclairage allumé,En agglomération,Intersection en T,Temps couvert,Autre collision,4,2,2,0,1,1,1,0,1,50,1,2,1,0,1,0,59.0,,voiture,,5,2,3,8,6
202300017270,2023-02-01 18:55:00,2023,2,1,18,55,74,74010,PARMELAN,45.90712,6.135,Crépuscule ou aube,En agglomération,Intersection en T,Normale,Deux véhicules - côté,4,2,1,0,1,1,1,0,1,30,2,2,1,0,0,1,50.0,51.0,deux_roues,voiture,2,2,3,1,3
202300017270,2023-02-01 18:55:00,2023,2,1,18,55,74,74010,PARMELAN,45.90712,6.135,Crépuscule ou aube,En agglomération,Intersection en T,Normale,Deux véhicules - côté,4,2,2,0,1,1,1,0,1,30,2,2,1,0,0,1,50.0,51.0,deux_roues,voiture,2,2,3,1,3
202300017271,2023-02-01 07:55:00,2023,2,1,7,55,72,72181,BRETAGNE (RUE DE) N° IMP 35 ET plus,47.96823,0.19751,Crépuscule ou aube,En agglomération,Autre intersection,Normale,Autre collision,4,2,0,0,1,1,1,0,1,50,1,2,1,0,0,1,58.0,,voiture,,2,2,9,1,6
202300017272,2023-02-01 20:10:00,2023,2,1,20,10,71,71076,HERRIOT (AVENUE EDOUARD),46.79574,4.86843,Nuit avec éclairage allumé,En agglomération,Hors intersection,Normale,Sans collision,4,2,2,0,1,1,1,0,1,50,1,1,0,0,0,1,16.0,,deux_roues,,5,2,1,1,7
202300017273,2023-02-01 12:35:00,2023,2,1,12,35,69,69259,Avenue d'Oschatz,45.69522042,4.88036185,Plein jour,En agglomération,Intersection en X,Normale,Deux véhicules - côté,4,2,2,0,2,1,1,0,1,50,2,3,1,0,0,2,20.0,21.0,voiture,voiture,1,2,2,1,3
202300017273,2023-02-01 12:35:00,2023,2,1,12,35,69,69259,Avenue d'Oschatz,45.69522042,4.88036185,Plein jour,En agglomération,Intersection en X,Normale,Deux véhicules - côté,4,2,2,3,1,1,1,0,1,50,2,3,1,0,0,2,20.0,21.0,voiture,voiture,1,2,2,1,3
202300017274,2023-01-31 07:30:00,2023,1,31,7,30,67,67482,ALPHONSE ADAM (RUE),48.54537,7.76686,Crépuscule ou aube,En agglomération,Hors intersection,Temps couvert,Autre collision,4,2,3,0,1,1,2,9,1,50,1,2,1,0,1,0,35.0,,voiture,,2,2,1,8,6
202300017275,2023-01-31 19:05:00,2023,1,31,19,5,64,64102,URSUYA (AVENUE DE L'),43.47881,-1.49585,Nuit avec éclairage allumé,En agglomération,Hors intersection,Normale,Deux véhicules - arrière,4,2,2,0,2,1,1,0,1,50,2,2,1,0,0,1,69.0,29.0,utilitaire_camion,voiture,5,2,1,1,2
202300017276,2023-01-31 18:15:00,2023,1,31,18,15,64,64102,LAMOTHE (AVENUE),43.50981038,-1.46604717,Crépuscule ou aube,En agglomération,Hors intersection,Normale,Sans collision,4,1,1,0,1,1,1,0,3,30,1,1,0,0,0,1,16.0,,deux_roues,,2,2,1,1,7
202300017277,2023-02-01 09:00:00,2023,2,1,9,0,60,60057,Rue de Calais,49.4393,2.0821,Plein jour,En agglomération,Hors intersection,Normale,Trois véhicules et plus - en chaîne,4,2,1,0,1,1,1,0,1,50,3,4,3,0,0,1,24.0,61.0,voiture,voiture,1,2,1,1,4
202300017278,2023-02-01 13:50:00,2023,2,1,13,50,59,59599,BIENFAISANCE (RUE DE LA),50.72471,3.15786,Plein jour,En agglomération,Hors intersection,Normale,Autre collision,4,2,2,0,1,1,1,0,1,30,1,3,1,0,1,1,40.0,,transport_commun,,1,2,1,1,6
202300017279,2023-02-01 18:40:00,2023,2,1,18,40,59,59512,DE GAULLE  (BOULEVARD DU GENERAL),50.68121,3.16783,Nuit avec éclairage allumé,En agglomération,Intersection en X,Pluie légère,Deux véhicules - côté,7,2,2,0,2,1,2,0,1,50,2,3,1,0,0,2,,21.0,voiture,deux_roues,5,2,2,2,3
202300017279,2023-02-01 18:40:00,2023,2,1,18,40,59,59512,DE GAULLE  (BOULEVARD DU GENERAL),50.68121,3.16783,Nuit avec éclairage allumé,En agglomération,Intersection en X,Pluie légère,Deux véhicules - côté,7,2,2,0,3,1,2,0,1,50,2,3,1,0,0,2,,21.0,voiture,deux_roues,5,2,2,2,3
202300017280,2023-01-30 17:00:00,2023,1,30,17,0,59,59343,BONS CAMARADES RUE DES,50.5845,3.1029,Plein jour,En agglomération,Intersection en T,Normale,Deux véhicules - côté,7,2,2,0,1,1,1,0,1,50,2,2,1,0,1,0,74.0,35.0,voiture,deux_roues,1,2,3,1,3
202300017280,2023-01-30 17:00:00,2023,1,30,17,0,59,59343,BONS CAMARADES RUE DES,50.5845,3.1029,Plein jour,En agglomération,Intersection en T,Normale,Deux véhicules - côté,7,2,2,0,1,1,1,0,1,50,2,2,1,0,1,0,74.0,35.0,voiture,deux_roues,1,2,3,1,3
202300017281,2023-01-31 20:30:00,2023,1,31,20,30,56,56121,GUIEYSSE (RUE  PAUL ),47.75761,-3.37188,Nuit avec éclairage allumé,En agglomération,Hors intersection,Normale,Deux véhicules - arrière,4,2,2,0,1,1,1,0,1,30,2,2,1,0,0,1,45.0,18.0,voiture,voiture,5,2,1,1,2
202300017282,2023-01-31 18:31:00,2023,1,31,18,31,54,54395,Rue de Metz,48.70104,6.17211,Nuit avec éclairage allumé,En agglomération,Hors intersection,Normale,Autre collision,4,2,2,2,1,1,2,0,1,30,1,2,1,0,1,0,46.0,,voiture,,5,2,1,1,6
202300017283,2023-01-31 17:12:00,2023,1,31,17,12,54,54395,Rue Oberlin,48.703298,6.181999,Nuit avec éclairage allumé,En agglomération,Intersection en X,Pluie légère,Autre collision,4,2, -1,0,2,1,2,2,1,50,1,3,1,0,0,2,82.0,,voiture,,5,2,2,2,6
202300017283,2023-01-31 17:12:00,2023,1,31,17,12,54,54395,Rue Oberlin,48.703298,6.181999,Nuit avec éclairage allumé,En agglomération,Intersection en X,Pluie légère,Autre collision,4,2, -1,0,1,1,2,0,1,30,1,3,1,0,0,2,82.0,,voiture,,5,2,2,2,6
202300017284,2023-01-31 17:15:00,2023,1,31,17,15,52,52125,,48.0790083,5.1553983,Plein jour,Hors agglomération,Hors intersection,Temps couvert,Deux véhicules - arrière,3,3,2,0,1,1,1,0,1,90,2,2,1,0,0,1,29.0,70.0,voiture,voiture,1,1,1,8,2
202300017285,2023-01-31 12:30:00,2023,1,31,12,30,51,51454,rue César Poulain,49.25471,4.04272,Plein jour,En agglomération,Hors intersection,Normale,Autre collision,4,1,1,0,1,1,9,0,1,30,1,2,1,0,0,1,34.0,,deux_roues,,1,2,1,1,6
202300017286,2023-01-31 11:14:00,2023,1,31,11,14,51,51506,Avenue du Président Roosevelt,48.94489083,4.38271813,Plein jour,En agglomération,Hors intersection,Temps couvert,Deux véhicules - côté,4,2,2,0,1,1,2,0,1,50,2,2,1,0,1,0,65.0,30.0,voiture,deux_roues,1,2,1,8,3
202300017287,2023-01-31 14:10:00,2023,1,31,14,10,49,49246,ROC EST,47.4205,-0.5045,Plein jour,En agglomération,Hors intersection,Normale,Trois véhicules et plus - collisions multiples,1,3,6,0,1,1,1,0,1,90,3,3,2,0,0,1,37.0,49.0,utilitaire_camion,voiture,1,2,1,1,5
202300017288,2023-01-30 08:40:00,2023,1,30,8,40,49,49015,D775,47.51098,-0.61843,Plein jour,En agglomération,Hors intersection,Pluie légère,Deux véhicules - arrière,3,3,4,0,1,1,2,0,1,90,2,2,1,0,1,0,19.0,34.0,deux_roues,voiture,1,2,1,2,2
202300017289,2023-02-01 13:29:00,2023,2,1,13,29,45,45234,2 Place de l'Indien,47.83947,1.93452,Plein jour,En agglomération,Autre intersection,Normale,Autre collision,4,2,2,0,1,1,1,5,1,30,1,2,1,0,0,1,55.0,,voiture,,1,2,9,1,6
202300017290,2023-02-01 20:21:00,2023,2,1,20,21,44,44109,Rue Gaston Michel,47.21015,-1.56214,Nuit avec éclairage allumé,En agglomération,Hors intersection,Normale,Deux véhicules - côté,4,1,3,3,1,1,1,0,6,50,2,2,1,0,0,1,22.0,54.0,deux_roues,deux_roues,5,2,1,1,3
202300017291,2023-01-31 16:00:00,2023,1,31,16,0,37,37261,MARECHAL JUIN (BD),47.41236,0.70292,Plein jour,En agglomération,Hors intersection,Normale,Deux véhicules - côté,4,2,4,3,1,1,1,0,1,50,2,3,1,0,0,2,84.0,75.0,voiture,voiture,1,2,1,1,3
202300017292,2023-02-01 19:20:00,2023,2,1,19,20,35,35238,MARTENOT,48.11249,-1.67303,Nuit avec éclairage allumé,En agglomération,Hors intersection,Normale,Autre collision,4,1,1,0,2,1,1,0,1,30,1,2,1,0,1,0,20.0,,voiture,,5,2,1,1,6
202300017293,2023-02-01 15:50:00,2023,2,1,15,50,35,35238,GUERINIERE (ALLEE DE LA),48.09453,-1.63299,Plein jour,En agglomération,Intersection en T,Normale,Deux véhicules - côté,4,-1, -1,-1,-1,-1,-1,-1,-1,-1,2,2,1,0,0,1,26.0,23.0,voiture,voiture,1,2,3,1,3
202300017293,2023-02-01 15:50:00,2023,2,1,15,50,35,35238,GUERINIERE (ALLEE DE LA),48.09453,-1.63299,Plein jour,En agglomération,Intersection en T,Normale,Deux véhicules - côté,4,2,2,0,1,1,1,0,1,50,2,2,1,0,0,1,26.0,23.0,voiture,voiture,1,2,3,1,3
202300017294,2023-01-27 08:00:00,2023,1,27,8,0,33,33281,Avenue du Maréchal Lyautey,44.8543,-0.65675,Plein jour,En agglomération,Intersection en T,Normale,Deux véhicules - côté,4,2,2,0,1,1,9,0,1,50,2,2,1,0,1,0,17.0,26.0,deux_roues,voiture,1,2,3,1,3
202300017294,2023-01-27 08:00:00,2023,1,27,8,0,33,33281,Avenue du Maréchal Lyautey,44.8543,-0.65675,Plein jour,En agglomération,Intersection en T,Normale,Deux véhicules - côté,4,2,2,0,1,1,9,0,1,30,2,2,1,0,1,0,17.0,26.0,deux_roues,voiture,1,2,3,1,3