accident_id,datetime,annee,mois,jour,heure,minute,departement,commune_insee,adresse,latitude,longitude,luminosite,agglomeration,intersection,meteo,collision,catr,circ,nbv,vosp,prof,plan,surf,infra,situ,vma,nb_vehicules,nb_usagers,nb_indemnes,nb_tues,nb_blesses_hosp,nb_blesses_legers,age_cond_1,age_cond_2,veh_type_cond_1,veh_type_cond_2,lum_code,agg_code,int_code,atm_code,col_code
202300017295,2023-02-01 12:15:00,2023,2,1,12,15,31,31555,BD DE LA GARE,43.60109,1.45674,Plein jour,En agglomération,Autre intersection,Normale,Deux véhicules - côté,4,1,2,0,1,1,1,0,1,50,2,2,1,0,0,1,19.0,38.0,deux_roues,voiture,1,2,9,1,3
202300017296,2023-02-01 08:30:00,2023,2,1,8,30,31,31555,82 Chemin du Ramelet Moundi,43.58507,1.38449,Plein jour,En agglomération,Hors intersection,Normale,Deux véhicules - côté,7,2,1,0,1,1,1,0,1,50,2,2,1,0,0,1,29.0,29.0,voiture,deux_roues,1,2,1,1,3
202300017297,2023-01-31 14:15:00,2023,1,31,14,15,29,29019,avenue Georges Pompidou,48.41400382,-4.47944462,Plein jour,En agglomération,Giratoire,Normale,Deux véhicules - arrière,4,1,4,0,1,2,1,0,1,50,2,3,2,0,0,1,76.0,62.0,voiture,voiture,1,2,6,1,2
202300017297,2023-01-31 14:15:00,2023,1,31,14,15,29,29019,avenue Georges Pompidou,48.41400382,-4.47944462,Plein jour,En agglomération,Giratoire,Normale,Deux véhicules - arrière,4,-1,4,0,2,3,1,0,1,50,2,3,2,0,0,1,76.0,62.0,voiture,voiture,1,2,6,1,2
202300017298,2023-02-01 11:40:00,2023,2,1,11,40,28,28134,RN 12 (DESCENTE ET PONT FERMAINCOURT),48.74592,1.37234,Plein jour,En agglomération,Hors intersection,Normale,Trois véhicules et plus - en chaîne,2,2,3,0,2,1,1,0,1,80,3,3,1,0,0,2,24.0,,voiture,voiture,1,2,1,1,4
202300017299,2023-01-31 11:15:00,2023,1,31,11,15,27,27681,ARDECHE (AVENUE DE L'),49.08703,1.48033,Plein jour,En agglomération,Intersection en X,Normale,Deux véhicules - côté,4,-1,2,0,1,1,1,0,1,50,2,2,1,0,0,1,18.0,39.0,deux_roues,utilitaire_camion,1,2,2,1,3
202300017299,2023-01-31 11:15:00,2023,1,31,11,15,27,27681,ARDECHE (AVENUE DE L'),49.08703,1.48033,Plein jour,En agglomération,Intersection en X,Normale,Deux véhicules - côté,4,-1,2,0,1,1,1,0,1,50,2,2,1,0,0,1,18.0,39.0,deux_roues,utilitaire_camion,1,2,2,1,3
202300017300,2023-02-01 17:14:00,2023,2,1,17,14,27,27528,RD6015,49.26758,1.16009,Plein jour,Hors agglomération,Hors intersection,Normale,Trois véhicules et plus - en chaîne,3,1,2,0,1,1,1,0,1,80,4,4,3,0,0,1,31.0,50.0,voiture,voiture,1,1,1,1,4
202300017301,2023-01-09 08:02:00,2023,1,9,8,2,18,18050,,47.059505,2.34042,Crépuscule ou aube,Hors agglomération,Hors intersection,Normale,Autre collision,3,2,2,0,2,2,2,0,8,50,1,2,1,0,0,1,52.0,,utilitaire_camion,,2,1,1,1,6
202300017302,2023-02-01 21:20:00,2023,2,1,21,20,16,16102,HUGO (AVENUE VICTOR),45.691543,-0.323171,Nuit avec éclairage allumé,En agglomération,Giratoire,Normale,Autre collision,4,2,2,0,1,1,1,5,4,50,1,3,1,1,1,0,21.0,,voiture,,5,2,6,1,6
202300017302,2023-02-01 21:20:00,2023,2,1,21,20,16,16102,HUGO (AVENUE VICTOR),45.691543,-0.323171,Nuit avec éclairage allumé,En agglomération,Giratoire,Normale,Autre collision,4,2,2,0,1,1,1,5,4,50,1,3,1,1,1,0,21.0,,voiture,,5,2,6,1,6
202300017303,2023-01-31 18:30:00,2023,1,31,18,30,15,15014,D 120,44.919228,2.428819,Nuit avec éclairage allumé,En agglomération,Hors intersection,Temps couvert,Autre collision,3,3,2,0,1,1,1,6,1,40,1,2,1,0,1,0,51.0,,voiture,,5,2,1,8,6
202300017304,2023-01-29 11:30:00,2023,1,29,11,30,13,13098,D.51A,43.46581,4.98045,Plein jour,Hors agglomération,Hors intersection,Normale,Deux véhicules - côté,3,-1,2,0,1,1,1,0,1,70,2,2,1,0,0,1,,66.0,autre,deux_roues,1,1,1,1,3
202300017305,2023-02-01 07:55:00,2023,2,1,7,55,13,13005,BLANCARD (PROMENADE PIERRE),43.2972638,5.56574732,Plein jour,En agglomération,Hors intersection,Temps couvert,Autre collision,4,2,2,0,2,3,1,0,4,30,1,2,1,0,0,1,62.0,,utilitaire_camion,,1,2,1,8,6
202300017306,2023-02-01 14:55:00,2023,2,1,14,55,06,06069,MARIGARDE (ROUTE DE LA),43.645887,6.953275,Plein jour,Hors agglomération,Hors intersection,Normale,Autre collision,3,2,2,0,1,1,1,0,1,50,1,2,1,0,0,1,85.0,,voiture,,1,1,1,1,6
202300017307,2023-02-01 12:40:00,2023,2,1,12,40,06,06069,ROUQUIER (BOULEVARD EMMANUEL),43.636406,6.940695,Plein jour,En agglomération,Autre intersection,Normale,Deux véhicules - arrière,4,2,2,0,1,1,1,0,1,50,2,2,1,0,0,1,40.0,21.0,voiture,deux_roues,1,2,9,1,2
202300017308,2023-01-31 14:25:00,2023,1,31,14,25,75,75119,PORTE DES LILAS,48.878061,2.408447,Plein jour,En agglomération,Hors intersection,Normale,Deux véhicules - côté,4,1,4,0,1,1,1,1,1,70,2,2,1,0,0,1,33.0,31.0,voiture,deux_roues,1,2,1,1,3
202300017309,2023-01-31 23:01:00,2023,1,31,23,1,75,75118,PORTE DE LA CHAPELLE,48.900887,2.364217,Nuit avec éclairage allumé,En agglomération,Hors intersection,Normale,Autre collision,4,1,4,0,1,1,1,0,1,70,1,2,1,0,1,0,50.0,,voiture,,5,2,1,1,6
202300017310,2023-01-31 08:40:00,2023,1,31,8,40,75,75119,QUAI DE LA MARNE,48.8899,2.383086,Plein jour,En agglomération,Intersection en X,Normale,Autre collision,4,2, -1,-1,1,1,1,-1,5,-1,1,1,0,1,0,0,34.0,,deux_roues,,1,2,2,1,6
202300017310,2023-01-31 08:40:00,2023,1,31,8,40,75,75119,QUAI DE LA MARNE,48.8899,2.383086,Plein jour,En agglomération,Intersection en X,Normale,Autre collision,4,1,1,1,1,1,1,-1,5,30,1,1,0,1,0,0,34.0,,deux_roues,,1,2,2,1,6
202300017311,2023-02-01 05:40:00,2023,2,1,5,40,75,75119,BOULEVARD DE LA VILLETTE,48.884177,2.3686,Nuit avec éclairage allumé,En agglomération,Intersection en X,Normale,Deux véhicules - frontale,4,1,1,0,1,2,1,0,1,30,2,2,1,0,0,1,42.0,24.0,deux_roues,deux_roues,5,2,2,1,1
202300017311,2023-02-01 05:40:00,2023,2,1,5,40,75,75119,BOULEVARD DE LA VILLETTE,48.884177,2.3686,Nuit avec éclairage allumé,En agglomération,Intersection en X,Normale,Deux véhicules - frontale,4,3, -1,-1,1,1,1,0,1,-1,2,2,1,0,0,1,42.0,24.0,deux_roues,deux_roues,5,2,2,1,1
202300017312,2023-02-01 07:40:00,2023,2,1,7,40,75,75117,AVENUE DE LA GRANDE ARMEE,48.875774,2.289028,Crépuscule ou aube,En agglomération,Place,Normale,Autre collision,4,2,6,1,1,1,1,-1,5,30,1,1,0,0,0,1,49.0,,deux_roues,,2,2,7,1,6
202300017312,2023-02-01 07:40:00,2023,2,1,7,40,75,75117,AVENUE DE LA GRANDE ARMEE,48.875774,2.289028,Crépuscule ou aube,En agglomération,Place,Normale,Autre collision,4,2, -1,-1,1,1,1,-1,5,-1,1,1,0,0,0,1,49.0,,deux_roues,,2,2,7,1,6
202300017313,2023-02-01 15:00:00,2023,2,1,15,0,75,75116,AVENUE GEORGES MANDEL,48.863261,2.283626,Plein jour,En agglomération,Hors intersection,Normale,Deux véhicules - côté,4,1,2,0,1,1,1,0,1,30,2,2,1,0,0,1,73.0,42.0,voiture,utilitaire_camion,1,2,1,1,3
202300017314,2023-02-01 16:20:00,2023,2,1,16,20,75,75110,QUAI DE JEMMAPES,48.871706,2.365387,Plein jour,En agglomération,Intersection en T,Normale,Deux véhicules - côté,4,2, -1,-1,1,1,1,-1,5,-1,2,2,1,0,0,1,42.0,33.0,utilitaire_camion,deux_roues,1,2,3,1,3
202300017314,2023-02-01 16:20:00,2023,2,1,16,20,75,75110,QUAI DE JEMMAPES,48.871706,2.365387,Plein jour,En agglomération,Intersection en T,Normale,Deux véhicules - côté,4,1,2,1,1,1,1,-1,5,30,2,2,1,0,0,1,42.0,33.0,utilitaire_camion,deux_roues,1,2,3,1,3
202300017315,2023-01-31 23:00:00,2023,1,31,23,0,75,75110,BOULEVARD DE STRASBOURG,48.874803,2.357405,Nuit avec éclairage allumé,En agglomération,Intersection en X,Normale,Deux véhicules - côté,4,3,4,1,1,1,1,-1,5,30,2,2,1,0,0,1,23.0,72.0,deux_roues,voiture,5,2,2,1,3
202300017315,2023-01-31 23:00:00,2023,1,31,23,0,75,75110,BOULEVARD DE STRASBOURG,48.874803,2.357405,Nuit avec éclairage allumé,En agglomération,Intersection en X,Normale,Deux véhicules - côté,4,2,4,1,1,1,1,-1,5,30,2,2,1,0,0,1,23.0,72.0,deux_roues,voiture,5,2,2,1,3
202300017316,2023-01-31 23:28:00,2023,1,31,23,28,75,75109,BOULEVARD HAUSSMANN,48.872368,2.337446,Nuit avec éclairage allumé,En agglomération,Intersection en X,Normale,Deux véhicules - côté,4,1,3,0,1,1,1,0,1,30,2,2,1,0,0,1,56.0,18.0,voiture,deux_roues,5,2,2,1,3
202300017316,2023-01-31 23:28:00,2023,1,31,23,28,75,75109,BOULEVARD HAUSSMANN,48.872368,2.337446,Nuit avec éclairage allumé,En agglomération,Intersection en X,Normale,Deux véhicules - côté,4,1,2,1,1,1,1,0,1,30,2,2,1,0,0,1,56.0,18.0,voiture,deux_roues,5,2,2,1,3
202300017317,2023-02-01 09:14:00,2023,2,1,9,14,94,94081,Rue Auber / Rue des Malassis,48.799825,2.377778,Plein jour,En agglomération,Intersection en T,Normale,Autre collision,4,1,2,2,1,1,1,0,1,50,1,2,1,0,0,1,33.0,,utilitaire_camion,,1,2,3,1,6
202300017317,2023-02-01 09:14:00,2023,2,1,9,14,94,94081,Rue Auber / Rue des Malassis,48.799825,2.377778,Plein jour,En agglomération,Intersection en T,Normale,Autre collision,4,1,1,2,2,1,1,0,1,50,1,2,1,0,0,1,33.0,,utilitaire_camion,,1,2,3,1,6
202300017318,2023-01-30 19:00:00,2023,1,30,19,0,94,94028,Avenue du Général de Gaulle / Rue Leonard Euler,48.79569,2.44773,Crépuscule ou aube,En agglomération,Intersection en X,Pluie légère,Autre collision,4,2,2,-1,1,1,2,0,1,-1,1,2,1,0,0,1,22.0,,deux_roues,,2,2,2,2,6
202300017318,2023-01-30 19:00:00,2023,1,30,19,0,94,94028,Avenue du Général de Gaulle / Rue Leonard Euler,48.79569,2.44773,Crépuscule ou aube,En agglomération,Intersection en X,Pluie légère,Autre collision,4,3,4,0,1,1,2,0,1,50,1,2,1,0,0,1,22.0,,deux_roues,,2,2,2,2,6
202300017319,2023-01-30 18:50:00,2023,1,30,18,50,94,94011,Avenue Rhin et Danube,48.77165,2.49017,Nuit avec éclairage allumé,En agglomération,Hors intersection,Normale,Deux véhicules - frontale,3,3,4,3,1,1,1,0,1,50,2,2,1,0,0,1,26.0,,voiture,deux_roues,5,2,1,1,1
202300017320,2023-02-01 14:15:00,2023,2,1,14,15,94,94022,110 Avenue Victor Hugo,48.770139,2.425579,Plein jour,En agglomération,Hors intersection,Normale,Trois véhicules et plus - en chaîne,3,3,4,3,1,1,1,6,1,50,3,4,3,0,0,1,40.0,46.0,voiture,voiture,1,2,1,1,4
202300017321,2023-02-01 09:00:00,2023,2,1,9,0,94,94017,Rue du Tunnel,48.81487284,2.5199604,Plein jour,En agglomération,Giratoire,Normale,Deux véhicules - côté,3,2,2,0,1,2,1,9,1,50,2,2,1,0,0,1,50.0,26.0,deux_roues,voiture,1,2,6,1,3
202300017321,2023-02-01 09:00:00,2023,2,1,9,0,94,94017,Rue du Tunnel,48.81487284,2.5199604,Plein jour,En agglomération,Giratoire,Normale,Deux véhicules - côté,3,2,2,0,2,2,1,9,1,50,2,2,1,0,0,1,50.0,26.0,deux_roues,voiture,1,2,6,1,3
202300017322,2023-02-01 18:00:00,2023,2,1,18,0,94,94004,Rue de Valenton,48.74474123,2.5065735,Nuit avec éclairage allumé,En agglomération,Hors intersection,Normale,Deux véhicules - frontale,3,2,2,0,1,1,1,0,1,50,2,5,0,0,0,5,45.0,44.0,voiture,voiture,5,2,1,1,1
202300017323,2023-02-01 16:15:00,2023,2,1,16,15,94,94071,177 Rue de Boissy,48.75987303,2.52693844,Plein jour,En agglomération,Giratoire,Normale,Deux véhicules - arrière,3,1,1,0,1,2,1,9,1,30,2,2,1,0,0,1,81.0,80.0,utilitaire_camion,deux_roues,1,2,6,1,2
202300017324,2023-02-01 15:00:00,2023,2,1,15,0,93,93066,Rue de Strasbourg / Rue Menand,48.93616907,2.36988455,Plein jour,En agglomération,Intersection en T,Normale,Deux véhicules - côté,4,1,1,-1,1,1,1,0,1,-1,2,2,1,0,0,1,65.0,31.0,voiture,deux_roues,1,2,3,1,3
202300017324,2023-02-01 15:00:00,2023,2,1,15,0,93,93066,Rue de Strasbourg / Rue Menand,48.93616907,2.36988455,Plein jour,En agglomération,Intersection en T,Normale,Deux véhicules - côté,4,2,2,0,1,1,1,0,1,50,2,2,1,0,0,1,65.0,31.0,voiture,deux_roues,1,2,3,1,3
202300017325,2023-02-01 14:25:00,2023,2,1,14,25,93,93066,Rue Francis de Pressensé / Avenue du Président Wilson,48.91812,2.35799,Plein jour,En agglomération,Intersection en X,Normale,Autre collision,3,2,2,3,1,1,1,5,1,50,1,2,1,0,0,1,34.0,,voiture,,1,2,2,1,6
202300017325,2023-02-01 14:25:00,2023,2,1,14,25,93,93066,Rue Francis de Pressensé / Avenue du Président Wilson,48.91812,2.35799,Plein jour,En agglomération,Intersection en X,Normale,Autre collision,3,1,2,0,1,1,1,0,1,50,1,2,1,0,0,1,34.0,,voiture,,1,2,2,1,6
202300017326,2023-02-01 08:25:00,2023,2,1,8,25,93,93062,Boulevard du Midi / Allée de la Fontaine,48.8925461,2.51940832,Plein jour,En agglomération,Intersection en X,Normale,Trois véhicules et plus - collisions multiples,4,2,2,0,2,1,1,0,1,50,3,4,2,0,0,2,39.0,34.0,voiture,voiture,1,2,2,1,5
202300017326,2023-02-01 08:25:00,2023,2,1,8,25,93,93062,Boulevard du Midi / Allée de la Fontaine,48.8925461,2.51940832,Plein jour,En agglomération,Intersection en X,Normale,Trois véhicules et plus - collisions multiples,4,2,2,0,2,1,1,0,1,50,3,4,2,0,0,2,39.0,34.0,voiture,voiture,1,2,2,1,5
202300017327,2023-02-01 08:30:00,2023,2,1,8,30,93,93049,Rue des 2 Communes / Rue du Bois d'Avron,48.86701,2.50097,Plein jour,En agglomération,Intersection en X,Normale,Deux véhicules - côté,4,2,2,0,1,1,2,5,1,50,2,2,0,0,0,2,18.0,23.0,deux_roues,autre,1,2,2,1,3
202300017327,2023-02-01 08:30:00,2023,2,1,8,30,93,93049,Rue des 2 Communes / Rue du Bois d'Avron,48.86701,2.50097,Plein jour,En agglomération,Intersection en X,Normale,Deux véhicules - côté,4,2,2,-1,1,1,2,0,1,-1,2,2,0,0,0,2,18.0,23.0,deux_roues,autre,1,2,2,1,3
202300017328,2023-02-01 09:00:00,2023,2,1,9,0,93,93057,Avenue Aristide Briand,48.91006,2.50831,Plein jour,En agglomération,Hors intersection,Normale,Deux véhicules - arrière,3,3,4,3,1,1,1,0,1,50,2,2,1,0,0,1,54.0,51.0,voiture,voiture,1,2,1,1,2
202300017329,2023-02-01 18:25:00,2023,2,1,18,25,93,93008,Rue Carnot,48.90661,2.45081,Plein jour,En agglomération,Autre intersection,Normale,Autre collision,4,1,1,0,1,1,1,0,1,50,1,2,1,0,0,1,21.0,,deux_roues,,1,2,9,1,6
202300017330,2023-02-01 10:55:00,2023,2,1,10,55,93,93008,Avenue Paul Vaillant - Couturier,48.90880919,2.45005041,Plein jour,En agglomération,Hors intersection,Normale,Autre collision,3,3,6,3,1,2,1,0,6,50,1,2,1,0,0,1,20.0,,transport_commun,,1,2,1,1,6
202300017331,2023-02-01 14:20:00,2023,2,1,14,20,93,93007,Avenue Henri Barbusse / Rue Olivier Métra,48.94135,2.46385,Plein jour,En agglomération,Intersection en X,Normale,Deux véhicules - côté,4,2,2,0,1,1,1,0,1,50,2,2,0,0,0,2,61.0,29.0,voiture,utilitaire_camion,1,2,2,1,3
202300017331,2023-02-01 14:20:00,2023,2,1,14,20,93,93007,Avenue Henri Barbusse / Rue Olivier Métra,48.94135,2.46385,Plein jour,En agglomération,Intersection en X,Normale,Deux véhicules - côté,4,1,1,0,1,1,1,0,1,50,2,2,0,0,0,2,61.0,29.0,voiture,utilitaire_camion,1,2,2,1,3
202300017332,2023-02-01 12:36:00,2023,2,1,12,36,93,93007,Avenue Pasteur,48.93873565,2.47274412,Plein jour,En agglomération,Autre intersection,Normale,Deux véhicules - frontale,3,2,2,0,1,1,1,0,1,50,2,2,1,0,0,1,37.0,51.0,deux_roues,voiture,1,2,9,1,1
202300017333,2023-02-01 07:40:00,2023,2,1,7,40,92,92077,ST CLOUD (RUE DE),48.828409,2.190734,Plein jour,En agglomération,Hors intersection,Normale,Deux véhicules - côté,3,-1,2,0,1,1,1,0,1,50,2,2,1,0,0,1,52.0,18.0,voiture,deux_roues,1,2,1,1,3
202300017334,2023-02-01 12:30:00,2023,2,1,12,30,92,92050,LENINE VLADIMIR ILITCH AVENUE,48.88813798,2.19151765,Plein jour,En agglomération,Hors intersection,Normale,Deux véhicules - frontale,3,2,2,0,1,1,1,0,1,50,2,2,1,0,0,1,55.0,24.0,voiture,utilitaire_camion,1,2,1,1,1
202300017335,2023-02-02 23:00:00,2023,2,2,23,0,92,92007,JAURES (AVENUE JEAN) N° 1 ET 2 A 24,48.80006215,2.30139166,Nuit avec éclairage allumé,En agglomération,Intersection en T,Normale,Autre collision,3,2,2,0,1,1,1,0,1,50,1,1,0,0,0,1,50.0,,voiture,,5,2,3,1,6
202300017335,2023-02-02 23:00:00,2023,2,2,23,0,92,92007,JAURES (AVENUE JEAN) N° 1 ET 2 A 24,48.80006215,2.30139166,Nuit avec éclairage allumé,En agglomération,Intersection en T,Normale,Autre collision,3,2,2,0,1,1,1,0,8,50,1,1,0,0,0,1,50.0,,voiture,,5,2,3,1,6
202300017336,2023-02-01 09:17:00,2023,2,1,9,17,91,91340,Route de Lisses,48.579833,2.417829,Plein jour,Hors agglomération,Hors intersection,Autre,Deux véhicules - frontale,4,2,2,0,1,2,1,0,1,80,2,3,1,0,1,1,43.0,36.0,voiture,voiture,1,1,1,9,1
202300017337,2023-01-30 10:05:00,2023,1,30,10,5,83,83072,boulevard de la libération,43.48958,6.353906,Plein jour,En agglomération,Giratoire,Normale,Autre collision,3,2,1,0,2,1,1,0,1,50,1,2,1,0,0,1,83.0,,voiture,,1,2,6,1,6
202300017338,2023-02-02 11:50:00,2023,2,2,11,50,45,45293,D2060 PR 39 + 100,47.97018312,2.59768863,Plein jour,Hors agglomération,Hors intersection,Normale,Deux véhicules - frontale,3,2,2,0,1,1,1,2,1,90,2,2,0,1,1,0,43.0,21.0,utilitaire_camion,utilitaire_camion,1,1,1,1,1
202300017339,2023-02-01 13:45:00,2023,2,1,13,45,83,83148,3 Avenue du Président Wilson,43.426888,6.430864,Plein jour,En agglomération,Hors intersection,Normale,Autre collision,4,2,2,0,1,1,1,0,1,50,1,2,1,0,1,0,78.0,,voiture,,1,2,1,1,6
202300017340,2023-01-31 21:10:00,2023,1,31,21,10,26,26330,D1,45.279748,4.927497,Nuit sans éclairage public,Hors agglomération,Hors intersection,Normale,Deux véhicules - arrière,3,2,2,0,1,1,1,0,1,80,2,2,1,0,0,1,19.0,35.0,deux_roues,voiture,3,1,1,1,2
202300017341,2023-02-02 15:33:00,2023,2,2,15,33,48,48128,AUTOROUTE A75 - PK 127+976.05 - SENS NORD / SUD - DIRECTION MILLAU (12),44.783754,3.292058,Plein jour,Hors agglomération,Hors intersection,Normale,Deux véhicules - arrière,1,3,4,0,2,1,1,0,1,130,2,2,1,0,1,0,25.0,36.0,utilitaire_camion,utilitaire_camion,1,1,1,1,2
202300017342,2023-02-01 07:20:00,2023,2,1,7,20,38,38113,D1075 ROUTE DE LA GRENOBLE,44.830058,5.607222,Nuit avec éclairage allumé,Hors agglomération,Intersection en T,Normale,Deux véhicules - côté,3,2,2,0,1,1,1,0,1,80,2,2,1,0,0,1,47.0,39.0,voiture,voiture,5,1,3,1,3
202300017342,2023-02-01 07:20:00,2023,2,1,7,20,38,38113,D1075 ROUTE DE LA GRENOBLE,44.830058,5.607222,Nuit avec éclairage allumé,Hors agglomération,Intersection en T,Normale,Deux véhicules - côté,3,2,2,0,2,1,1,0,1,80,2,2,1,0,0,1,47.0,39.0,voiture,voiture,5,1,3,1,3
202300017343,2023-01-31 21:35:00,2023,1,31,21,35,11,11255,RD 6113,43.182047,2.952726,Nuit sans éclairage public,Hors agglomération,Autre intersection,Normale,Deux véhicules - frontale,3,1,2,0,1,1,1,0,1,80,2,4,1,0,1,2,20.0,37.0,voiture,voiture,3,1,9,1,1
202300017344,2023-01-26 10:35:00,2023,1,26,10,35,11,11254,ROUTE DEPARTEMENTALE 119,43.208241,2.182503,Plein jour,Hors agglomération,Hors intersection,Neige / grêle,Autre collision,3,-1,2,0,1,2,2,0,3,80,1,1,0,1,0,0,56.0,,voiture,,1,1,1,4,6
202300017345,2023-01-05 10:45:00,2023,1,5,10,45,34,34245,26 Grand Rue,43.421547,2.946836,Plein jour,En agglomération,Hors intersection,Temps éblouissant,Autre collision,3,2,1,0,1,1,1,0,1,50,1,3,2,0,1,0,48.0,,voiture,,1,2,1,7,6
202300017346,2023-02-02 07:38:00,2023,2,2,7,38,25,25467,Rue de Bon Grain,47.255701,5.930809,Crépuscule ou aube,En agglomération,Intersection en T,Normale,Deux véhicules - frontale,3,2,2,0,1,1,1,0,1,50,2,2,1,0,1,0,18.0,29.0,deux_roues,voiture,2,2,3,1,1
202300017346,2023-02-02 07:38:00,2023,2,2,7,38,25,25467,Rue de Bon Grain,47.255701,5.930809,Crépuscule ou aube,En agglomération,Intersection en T,Normale,Deux véhicules - frontale,3,2,2,0,4,1,1,5,1,50,2,2,1,0,1,0,18.0,29.0,deux_roues,voiture,2,2,3,1,1
202300017347,2023-02-01 18:20:00,2023,2,1,18,20,31,31561,RD888,43.649771,1.471868,Nuit avec éclairage allumé,En agglomération,Hors intersection,Normale,Deux véhicules - arrière,7,3,4,3,1,1,1,5,1,-1,2,2,1,0,1,0,26.0,92.0,voiture,voiture,5,2,1,1,2
202300017348,2023-02-01 19:30:00,2023,2,1,19,30,38,38062,D1090,45.426532,5.993981,Nuit sans éclairage public,Hors agglomération,Intersection en Y,Normale,Deux véhicules - côté,1,2,2,0,1,1,1,3,1,80,2,5,4,0,1,0,35.0,21.0,voiture,voiture,3,1,4,1,3
202300017348,2023-02-01 19:30:00,2023,2,1,19,30,38,38062,D1090,45.426532,5.993981,Nuit sans éclairage public,Hors agglomération,Intersection en Y,Normale,Deux véhicules - côté,1,-1,1,0,1,2,1,3,1,50,2,5,4,0,1,0,35.0,21.0,voiture,voiture,3,1,4,1,3
202300017349,2023-02-01 14:00:00,2023,2,1,14,0,58,58297,2 Le Bourg,46.911205,3.419629,Plein jour,En agglomération,Autre intersection,Normale,Deux véhicules - côté,3,2,2,0,1,1,1,0,1,50,2,2,1,0,0,1,61.0,38.0,utilitaire_camion,deux_roues,1,2,9,1,3
202300017350,2023-01-29 15:29:00,2023,1,29,15,29,90,90034,Rue du Vieux Moulin,47.655827,6.920308,Plein jour,Hors agglomération,Hors intersection,Normale,Sans collision,4,2,2,0,1,4,1,0,3,80,1,1,0,1,0,0,25.0,,deux_roues,,1,1,1,1,7
202300017351,2023-02-01 19:10:00,2023,2,1,19,10,60,60616,D915,49.364,1.766782,Nuit sans éclairage public,Hors agglomération,Hors intersection,Normale,Trois véhicules et plus - en chaîne,3,2,2,0,1,1,1,0,1,80,3,7,3,0,0,4,51.0,16.0,voiture,voiture,3,1,1,1,4
202300017352,2023-02-02 12:58:00,2023,2,2,12,58,18,18124,,47.042946,2.033479,Plein jour,Hors agglomération,Passage à niveau,Normale,Deux véhicules - côté,3,3,2,0,2,3,9,4,8,90,2,3,1,0,1,1,45.0,54.0,transport_commun,voiture,1,1,8,1,3
202300017353,2023-02-02 08:00:00,2023,2,2,8,0,18,18057,,46.556913,2.260308,Crépuscule ou aube,Hors agglomération,Autre intersection,Normale,Trois véhicules et plus - collisions multiples,3,2,1,0,1,1,1,0,1,90,3,5,3,1,1,0,39.0,44.0,voiture,utilitaire_camion,2,1,9,1,5
202300017354,2023-01-30 19:35:00,2023,1,30,19,35,30,30003,,43.56608081,4.12386417,Nuit sans éclairage public,Hors agglomération,Giratoire,Normale,Sans collision,3,3,4,0,1,1,1,5,1,90,1,1,0,0,1,0,77.0,,utilitaire_camion,,3,1,6,1,7
202300017355,2023-02-01 14:20:00,2023,2,1,14,20,06,06018,1022 Route de Valbonne,43.632169,7.087083,Plein jour,Hors agglomération,Hors intersection,Normale,Autre collision,3,2,2,0,1,1,1,0,3,50,1,1,0,0,0,1,69.0,,voiture,,1,1,1,1,6
202300017356,2023-10-17 17:30:00,2023,10,17,17,30,972,97224,"D13A, route de Beauséjour Jambette, PR003.150, sens FORT-DE-FRANCE",14.652299,-61.04057,Crépuscule ou aube,Hors agglomération,Hors intersection,Temps éblouissant,Deux véhicules - arrière,3,2,2,0,2,1,1,0,1,80,2,4,0,0,1,3,18.0,43.0,deux_roues,voiture,2,1,1,7,2
202300017357,2023-10-16 14:50:00,2023,10,16,14,50,91,91100,Route d'Etampes,48.430906,2.266413,Plein jour,En agglomération,Hors intersection,Normale,Trois véhicules et plus - en chaîne,3,2,2,0,1,3,1,0,1,50,3,3,2,0,0,1,29.0,30.0,deux_roues,deux_roues,1,2,1,1,4
202300017358,2023-10-18 00:43:00,2023,10,18,0,43,2B,2B109,RD80,42.718693,9.335294,Nuit sans éclairage public,Hors agglomération,Hors intersection,Normale,Deux véhicules - frontale,3,2,2,0,1,1,1,0,3,80,1,1,0,1,0,0,53.0,,utilitaire_camion,,3,1,1,1,1
202300017359,2023-10-18 12:30:00,2023,10,18,12,30,84,84092,40 Avenue Charles de Gaulle,43.957266,4.848783,Plein jour,En agglomération,Hors intersection,Normale,Deux véhicules - arrière,4,3,2,0,1,1,1,0,1,50,2,2,1,0,1,0,65.0,31.0,voiture,deux_roues,1,2,1,1,2
202300017360,2023-10-18 11:30:00,2023,10,18,11,30,13,13092,D10,43.526709,5.07534,Plein jour,Hors agglomération,Hors intersection,Normale,Deux véhicules - arrière,3,2,2,0,1,1,1,0,1,90,2,2,1,1,0,0,58.0,69.0,voiture,deux_roues,1,1,1,1,2
202300017361,2023-10-18 12:35:00,2023,10,18,12,35,13,13119,52 Avenue de Cassis,43.248383,5.549598,Plein jour,En agglomération,Hors intersection,Normale,Deux véhicules - arrière,3,2,2,0,1,2,1,9,1,50,2,2,1,0,1,0,54.0,24.0,utilitaire_camion,deux_roues,1,2,1,1,2
202300017362,2023-10-18 15:45:00,2023,10,18,15,45,52,52269,Rue de Saints-Geosmes,47.835762,5.349757,Plein jour,Hors agglomération,Hors intersection,Normale,Deux véhicules - frontale,4,2,2,0,2,1,1,0,1,70,2,2,0,0,1,1,25.0,54.0,voiture,voiture,1,1,1,1,1
202300017363,2023-10-17 10:10:00,2023,10,17,10,10,03,03200,1 Rue Saint Vincent,46.559283,3.293517,Plein jour,En agglomération,Hors intersection,Normale,Autre collision,3,2,1,0,2,1,1,0,4,50,1,1,0,1,0,0,,,,,1,2,1,1,6