accident_id,datetime,annee,mois,jour,heure,minute,departement,commune_insee,adresse,latitude,longitude,luminosite,agglomeration,intersection,meteo,collision,catr,circ,nbv,vosp,prof,plan,surf,infra,situ,vma,nb_vehicules,nb_usagers,nb_indemnes,nb_tues,nb_blesses_hosp,nb_blesses_legers,age_cond_1,age_cond_2,veh_type_cond_1,veh_type_cond_2,lum_code,agg_code,int_code,atm_code,col_code
202300017435,2023-10-15 16:20:00,2023,10,15,16,20,62,62178,Rue Emile Basly,50.48961578,2.52843118,Plein jour,En agglomération,Intersection en T,Normale,Deux véhicules - côté,4,2,2,0,1,1,1,0,1,50,2,2,1,0,0,1,17.0,51.0,deux_roues,voiture,1,2,3,1,3
202300017436,2023-10-07 16:40:00,2023,10,7,16,40,62,62643,D236,50.70668358,1.58089194,Plein jour,En agglomération,Intersection en X,Normale,Deux véhicules - côté,3,-1,0,0,1,1,1,0,1,50,2,3,2,0,1,0,41.0,15.0,voiture,deux_roues,1,2,2,1,3
202300017436,2023-10-07 16:40:00,2023,10,7,16,40,62,62643,D236,50.70668358,1.58089194,Plein jour,En agglomération,Intersection en X,Normale,Deux véhicules - côté,3,2, -1,0,1,1,1,0,1,50,2,3,2,0,1,0,41.0,15.0,voiture,deux_roues,1,2,2,1,3
202300017437,2023-10-16 22:30:00,2023,10,16,22,30,59,59155,BERGUES CD 916 - ROUTE,51.00519,2.38231,Nuit avec éclairage allumé,En agglomération,Hors intersection,Normale,Autre collision,3,2,2,1,1,1,1,0,5,50,2,2,1,0,1,0,66.0,54.0,voiture,deux_roues,5,2,1,1,6
202300017438,2023-10-15 11:30:00,2023,10,15,11,30,59,59178,BAILLIENCOURT (RUE DE),50.38427,3.08196,Plein jour,En agglomération,Hors intersection,Normale,Autre collision,4,1,1,0,1,1,1,0,1,50,1,2,1,0,1,0,29.0,,voiture,,1,2,1,1,6
202300017439,2023-10-13 18:40:00,2023,10,13,18,40,59,59375,CD 957,50.39679417,3.28352273,Crépuscule ou aube,Hors agglomération,Hors intersection,Normale,Deux véhicules - frontale,3,2,2,0,1,1,1,0,1,80,2,2,0,0,2,0,51.0,56.0,voiture,voiture,2,1,1,1,1
202300017440,2023-10-13 09:10:00,2023,10,13,9,10,52,52448,RAOUL Laurent ( RUE ),48.64444,4.96342,Plein jour,En agglomération,Hors intersection,Temps éblouissant,Autre collision,4,2,2,0,1,1,1,0,1,50,2,2,1,0,0,1,46.0,60.0,deux_roues,voiture,1,2,1,7,6
202300017441,2023-10-14 12:08:00,2023,10,14,12,8,51,51454,BIR HAKEIM (RUE),49.25558,4.02218,Plein jour,En agglomération,Hors intersection,Normale,Autre collision,4,1,2,0,1,1,1,0,1,50,1,2,1,0,0,1,57.0,,utilitaire_camion,,1,2,1,1,6
202300017442,2023-10-16 17:30:00,2023,10,16,17,30,51,51506,MOULIN A VENT (RUE DU),48.95929736,4.38692453,Plein jour,En agglomération,Hors intersection,Normale,Autre collision,4,2,1,0,1,1,1,0,1,30,1,2,1,0,0,1,28.0,,utilitaire_camion,,1,2,1,1,6
202300017443,2023-10-16 15:25:00,2023,10,16,15,25,49,49007,GARDOT,47.46853,-0.53283,Plein jour,En agglomération,Hors intersection,Normale,Autre collision,4,2,2,2,1,1,1,0,1,30,1,2,1,0,0,1,64.0,,voiture,,1,2,1,1,6
202300017444,2023-10-16 13:45:00,2023,10,16,13,45,49,49007,SAINT MICHEL BOULEVARD,47.47368,-0.54007,Plein jour,En agglomération,Hors intersection,Normale,Deux véhicules - côté,4,3,4,3,1,1,1,0,1,50,2,2,1,0,0,1,25.0,41.0,deux_roues,voiture,1,2,1,1,3
202300017445,2023-10-14 00:25:00,2023,10,14,0,25,47,47323,LAS PARETS,44.40247,0.77477,Nuit sans éclairage public,Hors agglomération,Hors intersection,Normale,Autre collision,3,2,2,0,2,1,1,0,8,80,1,2,1,0,1,0,,,utilitaire_camion,,3,1,1,1,6
202300017446,2023-10-16 21:00:00,2023,10,16,21,0,46,46042,CLEMENCEAU (RUE GEORGES),44.4459,1.4432,Nuit avec éclairage allumé,En agglomération,Hors intersection,Normale,Autre collision,4,1,1,0,2,1,1,0,1,30,1,2,1,0,0,1,20.0,,voiture,,5,2,1,1,6
202300017447,2023-10-16 12:41:00,2023,10,16,12,41,45,45286,Rue de la Cornaillère,47.87039908,1.93230513,Plein jour,Hors agglomération,Intersection en X,Normale,Deux véhicules - côté,4,2,2,0,2,1,1,5,1,50,2,2,1,0,1,0,20.0,36.0,deux_roues,voiture,1,1,2,1,3
202300017447,2023-10-16 12:41:00,2023,10,16,12,41,45,45286,Rue de la Cornaillère,47.87039908,1.93230513,Plein jour,Hors agglomération,Intersection en X,Normale,Deux véhicules - côté,4,1,1,0,2,1,1,5,1,50,2,2,1,0,1,0,20.0,36.0,deux_roues,voiture,1,1,2,1,3
202300017448,2023-10-06 08:50:00,2023,10,6,8,50,45,45234,62 Rue Xaintrailles,47.90675,1.89281,Plein jour,En agglomération,Intersection en X,Normale,Deux véhicules - côté,4,1,1,2,1,1,1,0,1,50,2,2,1,0,0,1,,44.0,voiture,deux_roues,1,2,2,1,3
202300017448,2023-10-06 08:50:00,2023,10,6,8,50,45,45234,62 Rue Xaintrailles,47.90675,1.89281,Plein jour,En agglomération,Intersection en X,Normale,Deux véhicules - côté,4,2,2,-1,1,1,1,0,1,50,2,2,1,0,0,1,,44.0,voiture,deux_roues,1,2,2,1,3
202300017449,2023-10-16 15:25:00,2023,10,16,15,25,43,43251,Avenue Jeanne d'Arc,45.02615172,3.88042688,Plein jour,En agglomération,Autre intersection,Normale,Deux véhicules - côté,6,-1, -1,0,1,1,1,9,1,30,2,2,1,0,0,1,25.0,85.0,voiture,deux_roues,1,2,9,1,3
202300017450,2023-10-15 20:11:00,2023,10,15,20,11,43,43046,Boulevard de la Petite-mer,45.06472,3.90695,Nuit avec éclairage allumé,En agglomération,Hors intersection,Normale,Deux véhicules - arrière,3,2,2,0,1,1,1,0,1,70,2,5,4,0,0,1,51.0,79.0,voiture,voiture,5,2,1,1,2
202300017451,2023-10-16 08:10:00,2023,10,16,8,10,35,35238,RN136,48.12801,-1.71258,Plein jour,Hors agglomération,Hors intersection,Normale,Deux véhicules - arrière,2,3,5,0,1,1,1,0,1,90,2,2,1,0,0,1,50.0,21.0,deux_roues,voiture,1,1,1,1,2
202300017452,2023-10-16 12:45:00,2023,10,16,12,45,31,31149,RD PT TERRE ENVOL,43.594825,1.325494,Plein jour,En agglomération,Autre intersection,Normale,Deux véhicules - côté,4,-1,1,0,1,2,1,0,1,50,2,2,0,0,0,2,22.0,73.0,voiture,voiture,1,2,9,1,3
202300017453,2023-10-15 14:45:00,2023,10,15,14,45,31,31555,RTE DE NARBONNE,43.5702,1.45516,Plein jour,En agglomération,Hors intersection,Normale,Deux véhicules - arrière,7,2,3,0,1,1,1,0,1,50,2,2,1,0,0,1,52.0,46.0,voiture,voiture,1,2,1,1,2
202300017454,2023-10-15 11:25:00,2023,10,15,11,25,31,31555,RUE PIERRE CAZENEUVE,43.62177,1.445708,Plein jour,En agglomération,Hors intersection,Normale,Autre collision,4,2,2,0,1,2,1,0,5,50,1,2,0,0,1,1,26.0,,voiture,,1,2,1,1,6
202300017455,2023-10-16 09:45:00,2023,10,16,9,45,29,29232,Boulevard Louis le Guennec,47.98013937,-4.1036957,Plein jour,En agglomération,Hors intersection,Normale,Deux véhicules - arrière,3,1,2,0,1,1,1,0,1,50,2,4,3,0,0,1,80.0,42.0,voiture,voiture,1,2,1,1,2
202300017456,2023-10-16 16:15:00,2023,10,16,16,15,28,28404,BRUXELLES (RUE DE),48.71729,1.36938,Plein jour,En agglomération,Hors intersection,Temps éblouissant,Autre collision,4,2,2,0,1,1,1,0,1,50,1,2,1,0,1,0,68.0,,voiture,,1,2,1,7,6
202300017457,2023-10-15 21:00:00,2023,10,15,21,0,27,27229,SEMARD (RUE PIERRE),49.01623,1.16359,Nuit avec éclairage allumé,En agglomération,Hors intersection,Normale,Deux véhicules - frontale,4,-1,1,0,2,1,1,0,1,50,2,2,0,0,0,2,54.0,50.0,voiture,voiture,5,2,1,1,1
202300017458,2023-10-16 09:55:00,2023,10,16,9,55,25,25204,Grande rue,46.92749,6.34712,Plein jour,En agglomération,Intersection en T,Normale,Deux véhicules - arrière,3,2,2,0,1,3,1,0,1,50,2,3,1,0,0,2,50.0,21.0,voiture,voiture,1,2,3,1,2
202300017458,2023-10-16 09:55:00,2023,10,16,9,55,25,25204,Grande rue,46.92749,6.34712,Plein jour,En agglomération,Intersection en T,Normale,Deux véhicules - arrière,3,2,2,1,1,1,1,5,1,50,2,3,1,0,0,2,50.0,21.0,voiture,voiture,1,2,3,1,2
202300017459,2023-10-13 17:05:00,2023,10,13,17,5,19,19031,Avenue Jean Charles Rivet,45.15085,1.49927,Plein jour,En agglomération,Hors intersection,Normale,Deux véhicules - côté,4,2,2,0,1,1,1,0,1,50,2,2,1,0,0,1,33.0,19.0,deux_roues,deux_roues,1,2,1,1,3
202300017460,2023-10-13 16:00:00,2023,10,13,16,0,19,19031,RIVET (AVENUE JEAN CHARLES),45.15200662,1.5034318,Plein jour,En agglomération,Hors intersection,Normale,Autre collision,4,2,2,0,1,1,1,0,1,50,1,2,1,0,0,1,31.0,,voiture,,1,2,1,1,6
202300017461,2023-10-16 09:48:00,2023,10,16,9,48,13,13071,TOTAL (RN 113 - LE TUNNEL),43.41,5.311,Plein jour,En agglomération,Autre intersection,Normale,Autre collision,3,2,3,0,2,2,1,0,1,50,1,2,1,0,1,0,76.0,,voiture,,1,2,9,1,6
202300017462,2023-09-02 18:05:00,2023,9,2,18,5,13,13077,BOUC ANTOINE (rue),43.40691,4.98612,Plein jour,En agglomération,Giratoire,Normale,Autre collision,4,2,2,0,1,1,1,0,1,50,1,2,1,0,0,1,23.0,,voiture,,1,2,6,1,6
202300017462,2023-09-02 18:05:00,2023,9,2,18,5,13,13077,BOUC ANTOINE (rue),43.40691,4.98612,Plein jour,En agglomération,Giratoire,Normale,Autre collision,4,2,2,0,1,1,1,0,1,50,1,2,1,0,0,1,23.0,,voiture,,1,2,6,1,6
202300017462,2023-09-02 18:05:00,2023,9,2,18,5,13,13077,BOUC ANTOINE (rue),43.40691,4.98612,Plein jour,En agglomération,Giratoire,Normale,Autre collision,4,2,2,0,1,1,1,0,1,50,1,2,1,0,0,1,23.0,,voiture,,1,2,6,1,6
202300017463,2023-10-16 18:30:00,2023,10,16,18,30,13,13213,POILUS (AVENUE DES),43.32055,5.45832,Crépuscule ou aube,En agglomération,Intersection en T,Normale,Trois véhicules et plus - collisions multiples,4,1,1,0,1,1,1,0,1,50,4,4,2,0,0,2,48.0,22.0,deux_roues,voiture,2,2,3,1,5
202300017463,2023-10-16 18:30:00,2023,10,16,18,30,13,13213,POILUS (AVENUE DES),43.32055,5.45832,Crépuscule ou aube,En agglomération,Intersection en T,Normale,Trois véhicules et plus - collisions multiples,4,2,2,0,1,1,1,0,1,50,4,4,2,0,0,2,48.0,22.0,deux_roues,voiture,2,2,3,1,5
202300017464,2023-10-16 15:30:00,2023,10,16,15,30,13,13206,BAILLE (BOULEVARD),43.28612,5.3843,Plein jour,En agglomération,Giratoire,Normale,Autre collision,4,1,1,0,1,1,1,0,1,50,1,2,1,0,0,1,,,deux_roues,,1,2,6,1,6
202300017464,2023-10-16 15:30:00,2023,10,16,15,30,13,13206,BAILLE (BOULEVARD),43.28612,5.3843,Plein jour,En agglomération,Giratoire,Normale,Autre collision,4,2,3,0,1,1,1,0,1,50,1,2,1,0,0,1,,,deux_roues,,1,2,6,1,6
202300017465,2023-10-16 07:00:00,2023,10,16,7,0,13,13212,WILLIAM BOOTH (AVENUE),43.29429889,5.44195952,Crépuscule ou aube,En agglomération,Hors intersection,Normale,Deux véhicules - côté,4,2,2,0,1,1,1,0,1,50,2,2,1,0,0,1,20.0,33.0,voiture,utilitaire_camion,2,2,1,1,3
202300017466,2023-10-15 18:30:00,2023,10,15,18,30,13,13204,FRANÇOISE DUPARC (BOULEVARD),43.30101,5.40066,Plein jour,En agglomération,Intersection en X,Normale,Deux véhicules - côté,4,1,1,0,1,1,1,5,1,50,2,4,2,0,0,2,24.0,78.0,autre,utilitaire_camion,1,2,2,1,3
202300017466,2023-10-15 18:30:00,2023,10,15,18,30,13,13204,FRANÇOISE DUPARC (BOULEVARD),43.30101,5.40066,Plein jour,En agglomération,Intersection en X,Normale,Deux véhicules - côté,4,3,5,3,1,1,1,5,1,50,2,4,2,0,0,2,24.0,78.0,autre,utilitaire_camion,1,2,2,1,3
202300017467,2023-10-16 12:13:00,2023,10,16,12,13,12,12145,GABRIAC JEAN (BOULEVARD),44.09146,3.06842,Plein jour,En agglomération,Intersection en T,Normale,Deux véhicules - côté,3,1,1,0,1,1,1,0,1,50,2,3,1,0,0,2,16.0,50.0,deux_roues,voiture,1,2,3,1,3
202300017467,2023-10-16 12:13:00,2023,10,16,12,13,12,12145,GABRIAC JEAN (BOULEVARD),44.09146,3.06842,Plein jour,En agglomération,Intersection en T,Normale,Deux véhicules - côté,3,2,2,0,1,1,1,0,1,50,2,3,1,0,0,2,16.0,50.0,deux_roues,voiture,1,2,3,1,3
202300017468,2023-10-16 19:53:00,2023,10,16,19,53,75,75115,BOULEVARD DE VAUGIRARD,48.841494,2.318708,Nuit avec éclairage allumé,En agglomération,Hors intersection,Normale,Deux véhicules - côté,4,1,2,3,1,1,1,0,1,30,2,2,1,0,0,1,33.0,35.0,deux_roues,voiture,5,2,1,1,3
202300017469,2023-10-15 03:00:00,2023,10,15,3,0,75,75112,AVENUE DU GENERAL MICHEL BIZOT,48.833142,2.398791,Nuit avec éclairage allumé,En agglomération,Hors intersection,Normale,Autre collision,4,2,2,0,1,1,1,0,1,30,1,1,0,1,0,0,29.0,,deux_roues,,5,2,1,1,6
202300017470,2023-10-16 10:00:00,2023,10,16,10,0,75,75111,RUE OBERKAMPF,48.862652,2.367308,Plein jour,En agglomération,Intersection en X,Normale,Autre collision,4,1,1,0,1,1,1,0,1,30,1,2,1,0,0,1,48.0,,transport_commun,,1,2,2,1,6
202300017470,2023-10-16 10:00:00,2023,10,16,10,0,75,75111,RUE OBERKAMPF,48.862652,2.367308,Plein jour,En agglomération,Intersection en X,Normale,Autre collision,4,1,2,3,2,1,1,-1,6,30,1,2,1,0,0,1,48.0,,transport_commun,,1,2,2,1,6
202300017471,2023-10-16 10:20:00,2023,10,16,10,20,75,75111,AVENUE DE LA REPUBLIQUE,48.864186,2.380239,Plein jour,En agglomération,Intersection en T,Normale,Deux véhicules - côté,4,2,2,1,1,1,1,0,1,30,2,2,1,0,0,1,80.0,18.0,voiture,deux_roues,1,2,3,1,3
202300017471,2023-10-16 10:20:00,2023,10,16,10,20,75,75111,AVENUE DE LA REPUBLIQUE,48.864186,2.380239,Plein jour,En agglomération,Intersection en T,Normale,Deux véhicules - côté,4,1, -1,-1,1,1,1,0,1,-1,2,2,1,0,0,1,80.0,18.0,voiture,deux_roues,1,2,3,1,3
202300017472,2023-10-16 14:10:00,2023,10,16,14,10,75,75108,RUE D ARTOIS,48.873975,2.306059,Plein jour,En agglomération,Hors intersection,Normale,Autre collision,4,1,1,0,2,1,1,0,1,30,1,2,1,0,0,1,,,voiture,,1,2,1,1,6
202300017473,2023-10-16 12:55:00,2023,10,16,12,55,75,75115,QUAI BRANLY,48.854577,2.288849,Plein jour,En agglomération,Intersection en X,Normale,Autre collision,4,3, -1,-1,1,1,1,0,4,-1,1,2,1,0,0,1,47.0,,voiture,,1,2,2,1,6
202300017473,2023-10-16 12:55:00,2023,10,16,12,55,75,75115,QUAI BRANLY,48.854577,2.288849,Plein jour,En agglomération,Intersection en X,Normale,Autre collision,4,1, -1,0,1,1,1,0,4,30,1,2,1,0,0,1,47.0,,voiture,,1,2,2,1,6
202300017474,2023-10-16 08:39:00,2023,10,16,8,39,75,75107,QUAI D ORSAY,48.86287145,2.31519163,Plein jour,En agglomération,Intersection en T,Temps couvert,Deux véhicules - côté,4,1, -1,-1,1,1,1,0,1,-1,2,2,1,0,0,1,51.0,48.0,deux_roues,deux_roues,1,2,3,8,3
202300017474,2023-10-16 08:39:00,2023,10,16,8,39,75,75107,QUAI D ORSAY,48.86287145,2.31519163,Plein jour,En agglomération,Intersection en T,Temps couvert,Deux véhicules - côté,4,2,4,1,1,1,1,0,5,30,2,2,1,0,0,1,51.0,48.0,deux_roues,deux_roues,1,2,3,8,3
202300017475,2023-10-16 17:05:00,2023,10,16,17,5,75,75103,BOULEVARD SAINT MARTIN,48.868648,2.357676,Plein jour,En agglomération,Hors intersection,Normale,Autre collision,4,2,3,0,1,1,1,0,1,30,1,2,0,0,0,2,19.0,,deux_roues,,1,2,1,1,6
202300017476,2023-10-16 17:35:00,2023,10,16,17,35,94,94078,208 Rue de Paris,48.740416,2.446647,Plein jour,En agglomération,Hors intersection,Normale,Deux véhicules - côté,2,1,2,0,1,1,1,0,1,50,2,2,1,0,0,1,,37.0,voiture,deux_roues,1,2,1,1,3
202300017477,2023-10-15 15:30:00,2023,10,15,15,30,94,94015,Avenue du Général Leclerc,48.829341,2.517798,Plein jour,En agglomération,Intersection en T,Normale,Deux véhicules - côté,3,2,2,0,2,1,1,5,1,50,2,2,1,0,1,0,47.0,49.0,voiture,deux_roues,1,2,3,1,3
202300017477,2023-10-15 15:30:00,2023,10,15,15,30,94,94015,Avenue du Général Leclerc,48.829341,2.517798,Plein jour,En agglomération,Intersection en T,Normale,Deux véhicules - côté,3,1, -1,0,1,1,1,5,1,-1,2,2,1,0,1,0,47.0,49.0,voiture,deux_roues,1,2,3,1,3
202300017478,2023-10-16 14:25:00,2023,10,16,14,25,94,94046,Rue Jean Jaurès,48.795758,2.433709,Plein jour,En agglomération,Hors intersection,Normale,Deux véhicules - côté,3,2,4,0,1,1,1,0,1,50,2,2,1,0,0,1,27.0,50.0,voiture,deux_roues,1,2,1,1,3
202300017479,2023-10-16 20:45:00,2023,10,16,20,45,94,94016,Rue Guichard,48.79412,2.3368,Nuit avec éclairage allumé,En agglomération,Place,Normale,Autre collision,4,-1,1,0,1,2,1,0,6,50,1,2,1,0,0,1,65.0,,voiture,,5,2,7,1,6
202300017480,2023-10-16 08:30:00,2023,10,16,8,30,94,94041,14 Rue de Châteaudun,48.815744,2.366512,Plein jour,En agglomération,Hors intersection,Normale,Deux véhicules - côté,3,-1,3,1,1,1,1,9,5,50,2,2,1,0,0,1,48.0,,deux_roues,deux_roues,1,2,1,1,3
202300017481,2023-10-09 19:00:00,2023,10,9,19,0,94,94073,Rue du Docteur Marie,48.7462,2.37175,Crépuscule ou aube,En agglomération,Hors intersection,Normale,Deux véhicules - arrière,3,-1,2,0,1,1,1,0,1,50,2,3,2,0,0,1,19.0,23.0,voiture,voiture,2,2,1,1,2
202300017482,2023-10-14 23:35:00,2023,10,14,23,35,94,94011,Route de Stains,48.77928,2.4923,Nuit avec éclairage allumé,En agglomération,Giratoire,Normale,Deux véhicules - côté,3,2,2,0,1,1,1,9,1,50,2,3,1,0,0,2,21.0,19.0,voiture,voiture,5,2,6,1,3
202300017482,2023-10-14 23:35:00,2023,10,14,23,35,94,94011,Route de Stains,48.77928,2.4923,Nuit avec éclairage allumé,En agglomération,Giratoire,Normale,Deux véhicules - côté,3,2,2,0,1,1,1,9,1,50,2,3,1,0,0,2,21.0,19.0,voiture,voiture,5,2,6,1,3
202300017483,2023-10-16 17:30:00,2023,10,16,17,30,94,94069,Rue du Maréchal Leclerc,48.81714,2.45367,Plein jour,En agglomération,Hors intersection,Normale,Deux véhicules - côté,3,-1,2,0,1,1,1,0,1,50,2,3,2,0,0,1,27.0,19.0,voiture,voiture,1,2,1,1,3
202300017484,2023-10-16 12:40:00,2023,10,16,12,40,93,93073,Avenue Henri Barbusse / Rue Hector Berlioz,48.95911,2.57247,Plein jour,En agglomération,Intersection en X,Normale,Autre collision,4,2,2,0,1,1,1,0,1,50,1,2,1,0,0,1,18.0,,voiture,,1,2,2,1,6
202300017484,2023-10-16 12:40:00,2023,10,16,12,40,93,93073,Avenue Henri Barbusse / Rue Hector Berlioz,48.95911,2.57247,Plein jour,En agglomération,Intersection en X,Normale,Autre collision,4,2,2,0,1,1,1,0,1,-1,1,2,1,0,0,1,18.0,,voiture,,1,2,2,1,6
202300017485,2023-10-16 21:00:00,2023,10,16,21,0,93,93066,Rue de la Legion d'Honneur,48.93137212,2.35686443,Nuit avec éclairage allumé,En agglomération,Autre intersection,Normale,Autre collision,4,1,1,3,1,1,1,0,1,30,1,2,0,0,2,0,19.0,,voiture,,5,2,9,1,6
202300017486,2023-10-16 11:55:00,2023,10,16,11,55,93,93062,Avenue de la Résistance,48.896983,2.515345,Plein jour,En agglomération,Hors intersection,Normale,Deux véhicules - arrière,3,2,2,0,1,1,1,0,1,50,2,2,1,0,0,1,53.0,41.0,utilitaire_camion,deux_roues,1,2,1,1,2
202300017487,2023-10-15 16:30:00,2023,10,15,16,30,93,93063,Avenue Gaston Roussel / Rue Louise Dory,48.89388,2.43452,Plein jour,En agglomération,Intersection en T,Normale,Deux véhicules - côté,3,2,2,0,1,1,1,0,1,50,2,2,1,0,0,1,50.0,28.0,voiture,deux_roues,1,2,3,1,3
202300017487,2023-10-15 16:30:00,2023,10,15,16,30,93,93063,Avenue Gaston Roussel / Rue Louise Dory,48.89388,2.43452,Plein jour,En agglomération,Intersection en T,Normale,Deux véhicules - côté,3,3,2,0,1,1,1,0,1,-1,2,2,1,0,0,1,50.0,28.0,voiture,deux_roues,1,2,3,1,3
202300017488,2023-10-16 16:20:00,2023,10,16,16,20,93,93029,Avenue Henri Barbusse / Rue Roger Gibrat,48.91945,2.45052,Plein jour,En agglomération,Intersection en X,Normale,Deux véhicules - côté,3,2,3,0,1,1,1,0,1,50,2,2,1,0,1,0,19.0,27.0,deux_roues,voiture,1,2,2,1,3
202300017488,2023-10-16 16:20:00,2023,10,16,16,20,93,93029,Avenue Henri Barbusse / Rue Roger Gibrat,48.91945,2.45052,Plein jour,En agglomération,Intersection en X,Normale,Deux véhicules - côté,3,1,1,0,1,1,1,0,1,50,2,2,1,0,1,0,19.0,27.0,deux_roues,voiture,1,2,2,1,3
202300017489,2023-10-16 05:00:00,2023,10,16,5,0,93,93013,Rue Edouard Vaillant / Rue Jean Moulin,48.93584,2.435233,Nuit avec éclairage allumé,En agglomération,Intersection en X,Normale,Deux véhicules - côté,4,2,2,0,1,1,1,0,1,30,2,2,1,0,0,1,25.0,36.0,deux_roues,voiture,5,2,2,1,3
202300017489,2023-10-16 05:00:00,2023,10,16,5,0,93,93013,Rue Edouard Vaillant / Rue Jean Moulin,48.93584,2.435233,Nuit avec éclairage allumé,En agglomération,Intersection en X,Normale,Deux véhicules - côté,4,-1,2,0,1,1,1,0,1,50,2,2,1,0,0,1,25.0,36.0,deux_roues,voiture,5,2,2,1,3
202300017490,2023-10-15 06:40:00,2023,10,15,6,40,93,93047,Boulevard Bargue / Avenue de Clichy-sous-bois,48.90303,2.56226,Crépuscule ou aube,En agglomération,Intersection en T,Normale,Deux véhicules - côté,4,2,2,1,1,1,1,0,1,50,2,4,3,0,0,1,36.0,64.0,voiture,utilitaire_camion,2,2,3,1,3
202300017490,2023-10-15 06:40:00,2023,10,15,6,40,93,93047,Boulevard Bargue / Avenue de Clichy-sous-bois,48.90303,2.56226,Crépuscule ou aube,En agglomération,Intersection en T,Normale,Deux véhicules - côté,4,2,3,0,1,1,1,0,1,50,2,4,3,0,0,1,36.0,64.0,voiture,utilitaire_camion,2,2,3,1,3
202300017491,2023-10-16 19:47:00,2023,10,16,19,47,93,93001,Avenue de la République / Rue Guyard Delalain,48.91126,2.384676,Crépuscule ou aube,En agglomération,Intersection en X,Normale,Autre collision,3,1,1,0,1,1,1,0,1,-1,2,2,1,0,0,1,32.0,43.0,utilitaire_camion,deux_roues,2,2,2,1,6
202300017491,2023-10-16 19:47:00,2023,10,16,19,47,93,93001,Avenue de la République / Rue Guyard Delalain,48.91126,2.384676,Crépuscule ou aube,En agglomération,Intersection en X,Normale,Autre collision,3,2,3,3,1,1,1,0,1,50,2,2,1,0,0,1,32.0,43.0,utilitaire_camion,deux_roues,2,2,2,1,6
202300017492,2023-09-01 23:10:00,2023,9,1,23,10,92,92078,LONGUE BERTRANE (RUE),48.93070162,2.3208189,Nuit avec éclairage allumé,En agglomération,Autre intersection,Normale,Deux véhicules - côté,4,1,1,0,1,1,1,0,8,30,2,3,2,0,0,1,36.0,19.0,voiture,voiture,5,2,9,1,3
202300017493,2023-10-16 16:45:00,2023,10,16,16,45,92,92073,GAUCHERE (RUE DE LA),48.87220323,2.22412097,Plein jour,En agglomération,Intersection en T,Normale,Autre collision,4,1,1,0,2,1,1,9,4,50,1,2,0,0,0,2,32.0,,voiture,,1,2,3,1,6
202300017493,2023-10-16 16:45:00,2023,10,16,16,45,92,92073,GAUCHERE (RUE DE LA),48.87220323,2.22412097,Plein jour,En agglomération,Intersection en T,Normale,Autre collision,4,1,1,0,1,1,1,0,8,50,1,2,0,0,0,2,32.0,,voiture,,1,2,3,1,6
202300017494,2023-10-16 10:10:00,2023,10,16,10,10,92,92024,CASTERES (RUE),48.89948046,2.3028717,Plein jour,En agglomération,Hors intersection,Temps couvert,Autre collision,4,1,1,0,1,1,1,0,6,50,1,2,1,0,0,1,16.0,,deux_roues,,1,2,1,8,6
202300017495,2023-10-16 16:49:00,2023,10,16,16,49,92,92012,BILLANCOURT (RUE DE) 1/61 - 2/104,48.83862851,2.2361598,Crépuscule ou aube,En agglomération,Hors intersection,Normale,Deux véhicules - frontale,4,2,2,0,1,2,1,0,1,50,2,2,1,0,0,1,46.0,36.0,utilitaire_camion,deux_roues,2,2,1,1,1
202300017496,2023-10-16 16:35:00,2023,10,16,16,35,92,92012,JEAN JAURES (BOULEVARD) 63/215 - 70/208,48.83837571,2.240834,Plein jour,En agglomération,Hors intersection,Normale,Autre collision,3,1,2,0,1,1,1,0,1,50,1,2,1,0,0,1,49.0,,deux_roues,,1,2,1,1,6
202300017497,2023-10-16 10:00:00,2023,10,16,10,0,92,92012,AGUESSEAU (RUE D') 91/FIN - 84/FIN,48.83707824,2.23787892,Plein jour,En agglomération,Hors intersection,Normale,Autre collision,4,1,1,0,1,1,1,0,1,50,1,1,0,0,0,1,52.0,,deux_roues,,1,2,1,1,6
202300017498,2023-10-15 11:53:00,2023,10,15,11,53,92,92009,CHEVREUL ( AVENUE ),48.90741111,2.26576692,Plein jour,En agglomération,Giratoire,Normale,Deux véhicules - côté,3,1,1,0,1,2,1,5,1,50,2,2,1,0,0,1,58.0,27.0,voiture,voiture,1,2,6,1,3
202300017498,2023-10-15 11:53:00,2023,10,15,11,53,92,92009,CHEVREUL ( AVENUE ),48.90741111,2.26576692,Plein jour,En agglomération,Giratoire,Normale,Deux véhicules - côté,3,1,1,0,1,2,1,5,1,50,2,2,1,0,0,1,58.0,27.0,voiture,voiture,1,2,6,1,3
202300017499,2023-10-16 18:20:00,2023,10,16,18,20,35,35175,10 Rue Anne de Bretagne,47.896621,-1.972971,Plein jour,En agglomération,Hors intersection,Normale,Autre collision,3,2,2,0,1,2,1,0,3,50,1,1,0,1,0,0,65.0,,voiture,,1,2,1,1,6
202300017500,2023-10-17 01:15:00,2023,10,17,1,15,50,50167,Route d?Avranches,48.686289,-1.466849,Nuit sans éclairage public,Hors agglomération,Hors intersection,Normale,Autre collision,3,2,2,0,1,2,1,0,3,80,1,1,0,1,0,0,35.0,,voiture,,3,1,1,1,6
202300017501,2023-09-14 16:30:00,2023,9,14,16,30,12,12300,Route de Montauban,44.360525,1.996186,Plein jour,En agglomération,Hors intersection,Normale,Autre collision,6,-1, -1,0,1,1,1,9,1,50,1,2,1,0,1,0,43.0,,voiture,,1,2,1,1,6