accident_id,datetime,annee,mois,jour,heure,minute,departement,commune_insee,adresse,latitude,longitude,luminosite,agglomeration,intersection,meteo,collision,catr,circ,nbv,vosp,prof,plan,surf,infra,situ,vma,nb_vehicules,nb_usagers,nb_indemnes,nb_tues,nb_blesses_hosp,nb_blesses_legers,age_cond_1,age_cond_2,veh_type_cond_1,veh_type_cond_2,lum_code,agg_code,int_code,atm_code,col_code
202300017576,2023-04-23 13:50:00,2023,4,23,13,50,76,76351,WINSTON CHURCHILL,49.49272799,0.13210952,Plein jour,En agglomération,Intersection en Y,Pluie légère,Deux véhicules - côté,4,1,1,0,1,1,2,8,1,50,2,2,1,0,0,1,50.0,53.0,deux_roues,voiture,1,2,4,2,3
202300017576,2023-04-23 13:50:00,2023,4,23,13,50,76,76351,WINSTON CHURCHILL,49.49272799,0.13210952,Plein jour,En agglomération,Intersection en Y,Pluie légère,Deux véhicules - côté,4,1,2,0,1,1,2,8,1,50,2,2,1,0,0,1,50.0,53.0,deux_roues,voiture,1,2,4,2,3
202300017577,2023-04-24 20:33:00,2023,4,24,20,33,69,69290,Rue Aristide Briand,45.69049,4.9367,Plein jour,En agglomération,Intersection en T,Normale,Autre collision,7,2,2,0,1,1,1,0,4,50,1,1,0,0,0,1,64.0,,voiture,,1,2,3,1,6
202300017577,2023-04-24 20:33:00,2023,4,24,20,33,69,69290,Rue Aristide Briand,45.69049,4.9367,Plein jour,En agglomération,Intersection en T,Normale,Autre collision,7,2,2,0,1,1,1,0,8,30,1,1,0,0,0,1,64.0,,voiture,,1,2,3,1,6
202300017578,2023-04-23 10:40:00,2023,4,23,10,40,67,67482,FOSSE DES ORPHELINS (RUE DU),48.579102,7.755484,Plein jour,En agglomération,Intersection en T,Normale,Deux véhicules - côté,4,2,2,0,1,1,1,0,1,50,2,2,1,0,0,1,59.0,71.0,deux_roues,voiture,1,2,3,1,3
202300017578,2023-04-23 10:40:00,2023,4,23,10,40,67,67482,FOSSE DES ORPHELINS (RUE DU),48.579102,7.755484,Plein jour,En agglomération,Intersection en T,Normale,Deux véhicules - côté,4,1,2,0,1,3,1,0,1,30,2,2,1,0,0,1,59.0,71.0,deux_roues,voiture,1,2,3,1,3
202300017579,2023-04-24 08:27:00,2023,4,24,8,27,64,64445,PAIX,43.32155,-0.36143,Plein jour,En agglomération,Intersection en T,Normale,Deux véhicules - côté,4,-1, -1,0,1,1,1,0,1,50,2,2,1,0,0,1,61.0,37.0,deux_roues,voiture,1,2,3,1,3
202300017579,2023-04-24 08:27:00,2023,4,24,8,27,64,64445,PAIX,43.32155,-0.36143,Plein jour,En agglomération,Intersection en T,Normale,Deux véhicules - côté,4,2,2,1,1,1,1,0,1,50,2,2,1,0,0,1,61.0,37.0,deux_roues,voiture,1,2,3,1,3
202300017580,2023-04-24 07:45:00,2023,4,24,7,45,64,64445,BEZIOU,43.30740067,-0.38017094,Plein jour,En agglomération,Intersection en X,Normale,Deux véhicules - côté,4,2,2,0,1,1,1,0,1,50,2,3,1,0,0,2,17.0,60.0,deux_roues,voiture,1,2,2,1,3
202300017580,2023-04-24 07:45:00,2023,4,24,7,45,64,64445,BEZIOU,43.30740067,-0.38017094,Plein jour,En agglomération,Intersection en X,Normale,Deux véhicules - côté,4,2,2,0,1,1,1,0,1,50,2,3,1,0,0,2,17.0,60.0,deux_roues,voiture,1,2,2,1,3
202300017581,2023-04-23 18:54:00,2023,4,23,18,54,64,64102,BERNEDE (RUE),43.49335,-1.4757,Plein jour,En agglomération,Intersection en X,Normale,Deux véhicules - arrière,4,2,2,0,1,1,1,0,1,30,2,5,4,0,0,1,36.0,47.0,voiture,voiture,1,2,2,1,2
202300017581,2023-04-23 18:54:00,2023,4,23,18,54,64,64102,BERNEDE (RUE),43.49335,-1.4757,Plein jour,En agglomération,Intersection en X,Normale,Deux véhicules - arrière,4,2,2,0,1,1,1,0,1,30,2,5,4,0,0,1,36.0,47.0,voiture,voiture,1,2,2,1,2
202300017582,2023-04-21 17:55:00,2023,4,21,17,55,63,63113,MARGERIDE/ rue Roger Maerte,45.75997,3.1223,Plein jour,En agglomération,Intersection en X,Normale,Deux véhicules - côté,7,2,4,0,2,1,1,0,1,50,2,2,1,0,0,1,30.0,35.0,voiture,voiture,1,2,2,1,3
202300017582,2023-04-21 17:55:00,2023,4,21,17,55,63,63113,MARGERIDE/ rue Roger Maerte,45.75997,3.1223,Plein jour,En agglomération,Intersection en X,Normale,Deux véhicules - côté,7,2,2,0,1,3,1,0,1,30,2,2,1,0,0,1,30.0,35.0,voiture,voiture,1,2,2,1,3
202300017583,2023-04-21 14:24:00,2023,4,21,14,24,63,63113,CLEMENTEL (BD ETIENNE),45.81412,3.10993,Plein jour,En agglomération,Hors intersection,Normale,Trois véhicules et plus - en chaîne,4,2,4,0,1,1,1,0,1,50,4,4,3,0,0,1,44.0,68.0,voiture,voiture,1,2,1,1,4
202300017584,2023-04-24 19:00:00,2023,4,24,19,0,59,59271,MOULIN,51.02328382,2.30408067,Plein jour,En agglomération,Intersection en X,Normale,Autre collision,4,2,1,0,1,1,2,0,1,50,1,3,0,0,0,2,,,voiture,,1,2,2,1,6
202300017584,2023-04-24 19:00:00,2023,4,24,19,0,59,59271,MOULIN,51.02328382,2.30408067,Plein jour,En agglomération,Intersection en X,Normale,Autre collision,4,2,1,0,1,1,2,0,1,50,1,3,0,0,0,2,,,voiture,,1,2,2,1,6
202300017585,2023-04-20 19:50:00,2023,4,20,19,50,58,58194,SAINT BENIN,46.98689,3.14422,Plein jour,En agglomération,Intersection en T,Normale,Deux véhicules - frontale,4,2,2,0,1,1,1,0,1,50,2,2,1,0,0,1,50.0,22.0,voiture,deux_roues,1,2,3,1,1
202300017585,2023-04-20 19:50:00,2023,4,20,19,50,58,58194,SAINT BENIN,46.98689,3.14422,Plein jour,En agglomération,Intersection en T,Normale,Deux véhicules - frontale,4,2,2,0,1,1,1,0,1,50,2,2,1,0,0,1,50.0,22.0,voiture,deux_roues,1,2,3,1,1
202300017586,2023-04-20 18:04:00,2023,4,20,18,4,58,58194,MARECHAL JUIN,47.0045,3.15379,Plein jour,Hors agglomération,Hors intersection,Normale,Autre collision,4,2,2,0,1,1,1,0,1,50,2,2,1,0,0,1,30.0,63.0,voiture,deux_roues,1,1,1,1,6
202300017587,2023-04-22 04:30:00,2023,4,22,4,30,56,56121,COSMAO-DUMANOIR ( BD ),47.75369,-3.36943,Nuit sans éclairage public,En agglomération,Hors intersection,Pluie légère,Sans collision,4,2,2,0,1,1,2,0,1,30,1,1,0,0,0,1,40.0,,deux_roues,,3,2,1,2,7
202300017588,2023-03-24 12:55:00,2023,3,24,12,55,51,51454,rue du Bois d'Amour,49.2568,4.00818,Plein jour,En agglomération,Hors intersection,Pluie forte,Sans collision,4,2,2,0,1,2,2,0,1,50,1,1,0,0,0,1,23.0,,utilitaire_camion,,1,2,1,3,7
202300017589,2023-04-21 19:30:00,2023,4,21,19,30,49,49099,LECLERC (AVENUE DU MARECHAL),47.06657,-0.85896,Plein jour,En agglomération,Giratoire,Normale,Deux véhicules - arrière,4,2,2,0,1,1,1,0,1,50,2,4,3,0,0,1,19.0,16.0,voiture,deux_roues,1,2,6,1,2
202300017589,2023-04-21 19:30:00,2023,4,21,19,30,49,49099,LECLERC (AVENUE DU MARECHAL),47.06657,-0.85896,Plein jour,En agglomération,Giratoire,Normale,Deux véhicules - arrière,4,2,2,0,1,1,1,0,1,50,2,4,3,0,0,1,19.0,16.0,voiture,deux_roues,1,2,6,1,2
202300017590,2023-04-20 23:04:00,2023,4,20,23,4,49,49007,RD 323,47.47633,-0.55441,Nuit avec éclairage non allumé,En agglomération,Hors intersection,Normale,Deux véhicules - arrière,3,3,2,0,1,1,1,0,1,90,2,5,0,0,0,5,24.0,41.0,voiture,voiture,4,2,1,1,2
202300017591,2023-04-24 18:00:00,2023,4,24,18,0,44,44109,14 Rue de la Basse Chénaie,47.2374,-1.5077,Plein jour,En agglomération,Hors intersection,Normale,Deux véhicules - côté,4,2,2,2,1,2,1,0,1,50,2,2,1,0,0,1,67.0,60.0,voiture,deux_roues,1,2,1,1,3
202300017592,2023-04-21 03:55:00,2023,4,21,3,55,44,44055,Route Bleue,47.30246,-2.36979,Nuit sans éclairage public,Hors agglomération,Hors intersection,Normale,Deux véhicules - arrière,3,3,2,0,1,1,1,0,1,110,2,2,1,0,0,1,24.0,25.0,deux_roues,voiture,3,1,1,1,2
202300017593,2023-04-24 10:36:00,2023,4,24,10,36,38,38421,RUE GEORGES SADOUL,45.18615,5.76942,Plein jour,En agglomération,Intersection en T,Temps couvert,Deux véhicules - côté,4,2,2,0,1,1,2,0,1,50,2,2,1,0,1,0,24.0,21.0,utilitaire_camion,deux_roues,1,2,3,8,3
202300017593,2023-04-24 10:36:00,2023,4,24,10,36,38,38421,RUE GEORGES SADOUL,45.18615,5.76942,Plein jour,En agglomération,Intersection en T,Temps couvert,Deux véhicules - côté,4,2,2,0,1,1,2,0,1,50,2,2,1,0,1,0,24.0,21.0,utilitaire_camion,deux_roues,1,2,3,8,3
202300017594,2023-04-24 14:20:00,2023,4,24,14,20,37,37261,PASCAL (RUE BLAISE),47.38818339,0.693115,Plein jour,En agglomération,Hors intersection,Normale,Sans collision,4,1,1,0,1,1,1,0,1,50,1,1,0,0,0,1,22.0,,deux_roues,,1,2,1,1,7
202300017595,2023-04-24 14:00:00,2023,4,24,14,0,29,29232,Rond-Point de Kerustum,47.979525,-4.095134,Plein jour,Hors agglomération,Giratoire,Normale,Sans collision,3,4,2,0,1,2,1,5,1,50,1,1,0,0,0,1,19.0,,deux_roues,,1,1,6,1,7
202300017596,2023-04-20 08:30:00,2023,4,20,8,30,22,22113,ROSPEZ (ROUTE DE),48.73216,-3.41315,Crépuscule ou aube,Hors agglomération,Hors intersection,Normale,Deux véhicules - côté,3,2,2,0,1,1,1,0,1,80,2,2,1,0,1,0,28.0,54.0,utilitaire_camion,deux_roues,2,1,1,1,3
202300017597,2023-04-23 05:35:00,2023,4,23,5,35,19,19031,BRUNE (BOULEVARD),45.15298,1.53493,Nuit avec éclairage allumé,En agglomération,Hors intersection,Normale,Autre collision,4,2,2,0,1,3,2,0,1,50,1,1,0,0,1,0,22.0,,deux_roues,,5,2,1,1,6
202300017598,2023-04-22 09:37:00,2023,4,22,9,37,19,19031,BOUDY (RUE NOEL)  JUSQU'A N°  73 - 66,45.15734,1.51557,Plein jour,En agglomération,Hors intersection,Normale,Autre collision,4,1,1,0,1,1,1,0,1,50,1,1,0,0,0,1,85.0,,voiture,,1,2,1,1,6
202300017599,2023-04-24 23:00:00,2023,4,24,23,0,13,13207,COLONEL SEROT (AVENUE),43.26768,5.37195,Nuit avec éclairage allumé,En agglomération,Hors intersection,Normale,Deux véhicules - frontale,4,-1,3,0,2,2,1,9,1,50,2,2,0,0,1,1,20.0,24.0,deux_roues,voiture,5,2,1,1,1
202300017600,2023-04-24 18:40:00,2023,4,24,18,40,13,13210,COMTESSE LILY PASTRE (AVENUE),43.2833231,5.42407646,Plein jour,En agglomération,Hors intersection,Normale,Deux véhicules - côté,4,2,2,1,1,1,1,0,1,50,2,2,1,0,0,1,27.0,38.0,voiture,deux_roues,1,2,1,1,3
202300017601,2023-04-24 14:30:00,2023,4,24,14,30,06,06069,ORME (CHEMIN DE L'),43.65154,6.94452,Plein jour,En agglomération,Hors intersection,Normale,Deux véhicules - arrière,4,2,0,0,1,1,1,0,4,50,2,2,1,0,0,1,73.0,20.0,voiture,deux_roues,1,2,1,1,2
202300017602,2023-04-23 21:00:00,2023,4,23,21,0,06,06027,NICE AVENUE DE (RN7),43.659,7.163,Nuit avec éclairage allumé,En agglomération,Hors intersection,Pluie légère,Trois véhicules et plus - collisions multiples,7,2,1,0,1,1,2,0,1,50,3,3,2,0,0,1,32.0,70.0,voiture,voiture,5,2,1,2,5
202300017603,2023-04-24 01:30:00,2023,4,24,1,30,06,06155,LIBERTE AV.DE LA,43.572246,7.084288,Nuit avec éclairage allumé,En agglomération,Hors intersection,Normale,Sans collision,3,2,2,0,1,2,2,5,4,50,1,1,0,0,1,0,23.0,,voiture,,5,2,1,1,7
202300017604,2023-04-20 16:55:00,2023,4,20,16,55,04,04070,FRONT DE BLEONE (AV.),44.10271,6.22939,Plein jour,En agglomération,Intersection en Y,Normale,Deux véhicules - arrière,3,1,1,0,1,1,1,5,1,50,2,3,2,0,0,1,20.0,43.0,deux_roues,voiture,1,2,4,1,2
202300017604,2023-04-20 16:55:00,2023,4,20,16,55,04,04070,FRONT DE BLEONE (AV.),44.10271,6.22939,Plein jour,En agglomération,Intersection en Y,Normale,Deux véhicules - arrière,3,2, -1,-1,1,-1,-1,-1,-1,-1,2,3,2,0,0,1,20.0,43.0,deux_roues,voiture,1,2,4,1,2
202300017605,2023-04-23 06:40:00,2023,4,23,6,40,75,75115,BD PERIPHERIQUE EXTERIEUR,48.826659,2.29572,Crépuscule ou aube,En agglomération,Hors intersection,Normale,Deux véhicules - arrière,4,1,3,0,1,1,1,0,1,70,2,3,2,0,0,1,27.0,55.0,voiture,voiture,2,2,1,1,2
202300017606,2023-04-24 02:10:00,2023,4,24,2,10,75,75106,BOULEVARD SAINT GERMAIN,48.852901,2.336994,Nuit avec éclairage allumé,En agglomération,Intersection en X,Normale,Autre collision,4,1,4,0,1,1,1,0,1,30,1,2,1,0,1,0,,,voiture,,5,2,2,1,6
202300017606,2023-04-24 02:10:00,2023,4,24,2,10,75,75106,BOULEVARD SAINT GERMAIN,48.852901,2.336994,Nuit avec éclairage allumé,En agglomération,Intersection en X,Normale,Autre collision,4,-1, -1,0,1,1,1,0,1,30,1,2,1,0,1,0,,,voiture,,5,2,2,1,6
202300017607,2023-04-24 21:00:00,2023,4,24,21,0,75,75120,RUE D AVRON,48.852688,2.406117,Nuit avec éclairage allumé,En agglomération,Intersection en X,Pluie légère,Deux véhicules - côté,4,2,2,0,1,1,2,5,1,30,2,2,1,0,0,1,25.0,29.0,voiture,deux_roues,5,2,2,2,3
202300017607,2023-04-24 21:00:00,2023,4,24,21,0,75,75120,RUE D AVRON,48.852688,2.406117,Nuit avec éclairage allumé,En agglomération,Intersection en X,Pluie légère,Deux véhicules - côté,4,2, -1,0,1,1,2,0,1,30,2,2,1,0,0,1,25.0,29.0,voiture,deux_roues,5,2,2,2,3
202300017608,2023-04-24 14:35:00,2023,4,24,14,35,75,75120,AVENUE IBSEN,48.866449,2.41263,Plein jour,En agglomération,Intersection en T,Normale,Deux véhicules - côté,4,-1,2,1,1,1,1,0,1,30,2,3,0,0,0,3,52.0,57.0,deux_roues,deux_roues,1,2,3,1,3
202300017608,2023-04-24 14:35:00,2023,4,24,14,35,75,75120,AVENUE IBSEN,48.866449,2.41263,Plein jour,En agglomération,Intersection en T,Normale,Deux véhicules - côté,4,1,2,0,2,3,1,0,1,30,2,3,0,0,0,3,52.0,57.0,deux_roues,deux_roues,1,2,3,1,3
202300017609,2023-04-24 14:15:00,2023,4,24,14,15,75,75119,PLACE DU COLONEL FABIEN,48.87803,2.37068,Plein jour,En agglomération,Intersection en T,Normale,Sans collision,4,-1, -1,0,1,1,1,0,1,30,1,1,0,0,0,1,25.0,,deux_roues,,1,2,3,1,7
202300017609,2023-04-24 14:15:00,2023,4,24,14,15,75,75119,PLACE DU COLONEL FABIEN,48.87803,2.37068,Plein jour,En agglomération,Intersection en T,Normale,Sans collision,4,4,1,0,1,3,1,0,1,30,1,1,0,0,0,1,25.0,,deux_roues,,1,2,3,1,7
202300017610,2023-04-24 14:40:00,2023,4,24,14,40,75,75116,AVENUE RAYMOND POINCARE,48.868379,2.285663,Plein jour,En agglomération,Hors intersection,Normale,Deux véhicules - côté,4,-1,2,0,2,1,1,0,1,30,2,2,1,0,0,1,46.0,17.0,voiture,deux_roues,1,2,1,1,3
202300017611,2023-04-24 09:20:00,2023,4,24,9,20,75,75115,RUE VIALA,48.850698,2.292342,Plein jour,En agglomération,Intersection en X,Normale,Deux véhicules - arrière,4,1, -1,0,1,1,1,0,1,30,2,2,1,0,0,1,46.0,61.0,voiture,utilitaire_camion,1,2,2,1,2
202300017611,2023-04-24 09:20:00,2023,4,24,9,20,75,75115,RUE VIALA,48.850698,2.292342,Plein jour,En agglomération,Intersection en X,Normale,Deux véhicules - arrière,4,1,1,0,1,1,1,0,1,30,2,2,1,0,0,1,46.0,61.0,voiture,utilitaire_camion,1,2,2,1,2
202300017612,2023-04-23 15:10:00,2023,4,23,15,10,75,75115,RUE LECOURBE,48.842768,2.30303501,Plein jour,En agglomération,Hors intersection,Temps couvert,Autre collision,4,1,1,1,1,1,2,0,5,30,1,2,1,0,0,1,54.0,,deux_roues,,1,2,1,8,6
202300017613,2023-04-24 14:50:00,2023,4,24,14,50,75,75111,BOULEVARD RICHARD LENOIR,48.861909,2.372143,Plein jour,En agglomération,Intersection en X,Temps couvert,Deux véhicules - côté,4,1,2,0,1,1,1,0,1,30,2,2,1,0,0,1,47.0,35.0,utilitaire_camion,deux_roues,1,2,2,8,3
202300017613,2023-04-24 14:50:00,2023,4,24,14,50,75,75111,BOULEVARD RICHARD LENOIR,48.861909,2.372143,Plein jour,En agglomération,Intersection en X,Temps couvert,Deux véhicules - côté,4,1,1,0,1,1,1,0,1,30,2,2,1,0,0,1,47.0,35.0,utilitaire_camion,deux_roues,1,2,2,8,3
202300017614,2023-04-24 18:05:00,2023,4,24,18,5,75,75110,RUE DU FAUBOURG POISSONNIERE,48.875792,2.348264,Plein jour,En agglomération,Intersection en X,Normale,Deux véhicules - côté,4,1, -1,0,1,1,2,0,1,30,2,2,1,0,0,1,35.0,24.0,voiture,deux_roues,1,2,2,1,3
202300017614,2023-04-24 18:05:00,2023,4,24,18,5,75,75110,RUE DU FAUBOURG POISSONNIERE,48.875792,2.348264,Plein jour,En agglomération,Intersection en X,Normale,Deux véhicules - côté,4,1,1,0,2,1,2,0,1,30,2,2,1,0,0,1,35.0,24.0,voiture,deux_roues,1,2,2,1,3
202300017615,2023-04-24 09:20:00,2023,4,24,9,20,75,75110,RUE JULIETTE DODU,48.874638,2.369681,Plein jour,En agglomération,Hors intersection,Temps couvert,Autre collision,4,1,2,1,1,1,1,0,1,30,1,2,1,0,0,1,,,utilitaire_camion,,1,2,1,8,6
202300017616,2023-04-24 09:55:00,2023,4,24,9,55,75,75108,AVENUE DES CHAMPS ELYSEES,48.871387,2.302568,Plein jour,En agglomération,Intersection en T,Normale,Deux véhicules - arrière,4,2,6,1,2,1,1,5,1,50,2,3,2,0,0,1,37.0,43.0,utilitaire_camion,voiture,1,2,3,1,2
202300017616,2023-04-24 09:55:00,2023,4,24,9,55,75,75108,AVENUE DES CHAMPS ELYSEES,48.871387,2.302568,Plein jour,En agglomération,Intersection en T,Normale,Deux véhicules - arrière,4,-1, -1,1,1,1,1,0,1,30,2,3,2,0,0,1,37.0,43.0,utilitaire_camion,voiture,1,2,3,1,2
202300017617,2023-04-24 10:05:00,2023,4,24,10,5,94,94074,Avenue Henri Barbusse / Rue de la Ferme de la Tour,48.77018,2.4405,Plein jour,En agglomération,Intersection en T,Temps couvert,Deux véhicules - arrière,2,3,4,0,1,1,2,0,1,50,2,2,1,0,0,1,30.0,36.0,autre,deux_roues,1,2,3,8,2
202300017617,2023-04-24 10:05:00,2023,4,24,10,5,94,94074,Avenue Henri Barbusse / Rue de la Ferme de la Tour,48.77018,2.4405,Plein jour,En agglomération,Intersection en T,Temps couvert,Deux véhicules - arrière,2,2,2,1,1,1,2,0,1,-1,2,2,1,0,0,1,30.0,36.0,autre,deux_roues,1,2,3,8,2
202300017618,2023-04-23 22:10:00,2023,4,23,22,10,94,94068,Avenue du Général Leclerc,48.8076164,2.50586128,Nuit avec éclairage allumé,En agglomération,Intersection en X,Pluie légère,Deux véhicules - côté,4,2,2,0,1,1,2,0,1,30,2,3,2,0,0,1,25.0,24.0,voiture,voiture,5,2,2,2,3
202300017618,2023-04-23 22:10:00,2023,4,23,22,10,94,94068,Avenue du Général Leclerc,48.8076164,2.50586128,Nuit avec éclairage allumé,En agglomération,Intersection en X,Pluie légère,Deux véhicules - côté,4,2,2,0,2,1,2,0,1,30,2,3,2,0,0,1,25.0,24.0,voiture,voiture,5,2,2,2,3
202300017619,2023-04-24 14:30:00,2023,4,24,14,30,94,94076,Boulevard Maxime Gorki,48.79314,2.36926,Plein jour,En agglomération,Hors intersection,Normale,Deux véhicules - côté,3,2,4,1,1,1,1,0,5,50,2,2,1,0,1,0,46.0,65.0,deux_roues,voiture,1,2,1,1,3
202300017620,2023-04-24 09:40:00,2023,4,24,9,40,93,93074,Route Strategique / Av du Marechal de Lattre de Tassigny,48.92445649,2.57007712,Plein jour,Hors agglomération,Giratoire,Normale,Deux véhicules - arrière,3,2,2,0,1,1,1,0,1,50,2,2,1,0,0,1,42.0,29.0,deux_roues,voiture,1,1,6,1,2
202300017620,2023-04-24 09:40:00,2023,4,24,9,40,93,93074,Route Strategique / Av du Marechal de Lattre de Tassigny,48.92445649,2.57007712,Plein jour,Hors agglomération,Giratoire,Normale,Deux véhicules - arrière,3,2,2,-1,1,1,1,0,1,-1,2,2,1,0,0,1,42.0,29.0,deux_roues,voiture,1,1,6,1,2
202300017621,2023-04-19 21:00:00,2023,4,19,21,0,92,92073,ROOSVELT (AVENUE FRANKLIN),48.87333236,2.22146308,Nuit avec éclairage allumé,En agglomération,Hors intersection,Normale,Autre collision,3,3,3,0,2,1,1,0,4,50,1,1,0,0,0,1,17.0,,deux_roues,,5,2,1,1,6
202300017622,2023-04-23 22:10:00,2023,4,23,22,10,92,92033,HENRI BERGSON,48.8413586,2.1794799,Nuit avec éclairage allumé,En agglomération,Giratoire,Pluie légère,Autre collision,4,2,2,0,4,2,2,5,8,30,1,1,0,1,0,0,32.0,,deux_roues,,5,2,6,2,6
202300017622,2023-04-23 22:10:00,2023,4,23,22,10,92,92033,HENRI BERGSON,48.8413586,2.1794799,Nuit avec éclairage allumé,En agglomération,Giratoire,Pluie légère,Autre collision,4,2,2,0,4,1,2,5,8,30,1,1,0,1,0,0,32.0,,deux_roues,,5,2,6,2,6
202300017622,2023-04-23 22:10:00,2023,4,23,22,10,92,92033,HENRI BERGSON,48.8413586,2.1794799,Nuit avec éclairage allumé,En agglomération,Giratoire,Pluie légère,Autre collision,4,2,2,0,4,1,2,5,1,30,1,1,0,1,0,0,32.0,,deux_roues,,5,2,6,2,6
202300017623,2023-04-24 11:13:00,2023,4,24,11,13,92,92051,CHATEAU (BOULEVARD DU),48.889736,2.268159,Plein jour,En agglomération,Hors intersection,Normale,Autre collision,4,2,2,0,1,1,1,0,8,50,1,2,1,0,0,1,27.0,,utilitaire_camion,,1,2,1,1,6
202300017624,2023-04-24 02:23:00,2023,4,24,2,23,92,92050,STALINGRAD RUE DE,48.89418,2.19585,Nuit avec éclairage allumé,En agglomération,Intersection en X,Normale,Deux véhicules - côté,4,3,2,0,1,1,1,0,1,50,2,4,0,0,0,4,23.0,20.0,voiture,voiture,5,2,2,1,3
202300017624,2023-04-24 02:23:00,2023,4,24,2,23,92,92050,STALINGRAD RUE DE,48.89418,2.19585,Nuit avec éclairage allumé,En agglomération,Intersection en X,Normale,Deux véhicules - côté,4,1,1,0,1,1,1,0,1,50,2,4,0,0,0,4,23.0,20.0,voiture,voiture,5,2,2,1,3
202300017625,2023-04-24 18:30:00,2023,4,24,18,30,92,92023,PROVENCE (RUE DE),48.78748482,2.24882975,Plein jour,En agglomération,Autre intersection,Pluie légère,Deux véhicules - côté,4,2,2,0,1,1,2,9,1,50,2,2,1,0,0,1,23.0,20.0,deux_roues,deux_roues,1,2,9,2,3
202300017626,2023-04-24 17:20:00,2023,4,24,17,20,92,92002,LEWISHAM (PLACE DE),48.75002,2.30875,Plein jour,En agglomération,Giratoire,Pluie légère,Deux véhicules - côté,4,1,1,0,1,1,2,0,1,50,2,2,1,0,0,1,10.0,39.0,deux_roues,voiture,1,2,6,2,3
202300017627,2023-04-20 10:00:00,2023,4,20,10,0,974,97415,Rue Leconte de Lisle,-20.983514,55.334106,Plein jour,En agglomération,Hors intersection,Normale,Sans collision,3,2,2,0,2,1,1,0,8,50,1,1,0,1,0,0,46.0,,voiture,,1,2,1,1,7
202300017628,2023-04-22 14:20:00,2023,4,22,14,20,67,67372,Rue de Strasbourg,48.842153,7.613279,Plein jour,En agglomération,Autre intersection,Normale,Deux véhicules - côté,3,2,2,0,1,1,1,0,1,50,2,2,1,0,1,0,43.0,84.0,voiture,voiture,1,2,9,1,3
202300017629,2023-04-23 10:30:00,2023,4,23,10,30,71,71320,D980,46.629787,4.464977,Plein jour,Hors agglomération,Hors intersection,Normale,Autre collision,3,2,2,0,1,3,1,0,3,80,1,2,1,0,0,1,27.0,,voiture,,1,1,1,1,6
202300017630,2023-04-24 12:58:00,2023,4,24,12,58,84,84043,512 Avenue Jean Jaurès,44.001982,4.923372,Plein jour,En agglomération,Hors intersection,Normale,Deux véhicules - arrière,4,2,2,0,1,1,1,0,1,50,2,2,1,0,1,0,81.0,44.0,deux_roues,voiture,1,2,1,1,2
202300017631,2023-04-25 09:40:00,2023,4,25,9,40,22,22048,D794,48.468504,-2.128848,Plein jour,Hors agglomération,Hors intersection,Temps couvert,Deux véhicules - frontale,3,2,2,0,2,1,2,0,1,80,2,2,0,1,0,1,90.0,55.0,voiture,utilitaire_camion,1,1,1,8,1
202300017632,2023-04-24 21:56:00,2023,4,24,21,56,60,60398,Rd 4,49.162737,2.280543,Nuit sans éclairage public,Hors agglomération,Hors intersection,Pluie légère,Deux véhicules - côté,3,2,2,0,1,1,2,0,1,80,2,5,4,0,0,1,57.0,39.0,voiture,voiture,3,1,1,2,3
202300017633,2023-04-25 19:00:00,2023,4,25,19,0,76,76320,La barronnerie,49.92000115,1.48854822,Plein jour,Hors agglomération,Intersection en Y,Normale,Autre collision,3,2,2,0,1,2,1,0,1,80,1,1,0,0,1,0,33.0,,voiture,,1,1,4,1,6
202300017633,2023-04-25 19:00:00,2023,4,25,19,0,76,76320,La barronnerie,49.92000115,1.48854822,Plein jour,Hors agglomération,Intersection en Y,Normale,Autre collision,3,2, -1,-1,1,2,1,0,1,-1,1,1,0,0,1,0,33.0,,voiture,,1,1,4,1,6
202300017634,2023-04-15 14:35:00,2023,4,15,14,35,83,83148,Avenue Charles Pellegrin,43.425978,6.430639,Plein jour,En agglomération,Intersection en T,Normale,Autre collision,3,2,2,0,1,3,1,6,1,50,1,2,1,0,1,0,75.0,,voiture,,1,2,3,1,6
202300017634,2023-04-15 14:35:00,2023,4,15,14,35,83,83148,Avenue Charles Pellegrin,43.425978,6.430639,Plein jour,En agglomération,Intersection en T,Normale,Autre collision,3,2,2,0,1,1,1,0,8,50,1,2,1,0,1,0,75.0,,voiture,,1,2,3,1,6
202300017635,2023-04-24 15:45:00,2023,4,24,15,45,22,22341,RN 12 PR 024+600,48.40362,-2.41264,Plein jour,Hors agglomération,Hors intersection,Normale,Autre collision,2,3,4,0,1,2,1,3,8,-1,1,2,0,0,1,1,78.0,,voiture,,1,1,1,1,6
202300017636,2023-04-25 12:30:00,2023,4,25,12,30,76,76571,D98,49.57059695,1.31692842,Plein jour,Hors agglomération,Intersection en X,Normale,Deux véhicules - côté,3,2,2,0,1,1,1,0,1,80,2,3,0,0,1,2,71.0,52.0,voiture,voiture,1,1,2,1,3
202300017636,2023-04-25 12:30:00,2023,4,25,12,30,76,76571,D98,49.57059695,1.31692842,Plein jour,Hors agglomération,Intersection en X,Normale,Deux véhicules - côté,3,2, -1,-1,1,1,1,0,1,80,2,3,0,0,1,2,71.0,52.0,voiture,voiture,1,1,2,1,3
202300017637,2023-04-25 07:15:00,2023,4,25,7,15,79,79179,,46.689538,-0.619687,Crépuscule ou aube,Hors agglomération,Hors intersection,Brouillard / fumée,Deux véhicules - frontale,3,2,2,0,1,3,1,0,1,80,2,2,0,0,1,1,23.0,18.0,voiture,deux_roues,2,1,1,5,1
202300017638,2023-04-24 19:03:00,2023,4,24,19,3,12,12195,RD32,43.870292,2.756833,Plein jour,Hors agglomération,Intersection en Y,Normale,Deux véhicules - frontale,3,2,1,0,1,1,1,5,8,90,2,2,0,0,0,2,43.0,28.0,voiture,voiture,1,1,4,1,1