accident_id,datetime,annee,mois,jour,heure,minute,departement,commune_insee,adresse,latitude,longitude,luminosite,agglomeration,intersection,meteo,collision,catr,circ,nbv,vosp,prof,plan,surf,infra,situ,vma,nb_vehicules,nb_usagers,nb_indemnes,nb_tues,nb_blesses_hosp,nb_blesses_legers,age_cond_1,age_cond_2,veh_type_cond_1,veh_type_cond_2,lum_code,agg_code,int_code,atm_code,col_code
202300017780,2023-04-21 11:55:00,2023,4,21,11,55,51,51454,rue de Tinqueux,49.24863,4.01272,Plein jour,En agglomération,Intersection en X,Normale,Deux véhicules - frontale,4,1,3,0,1,3,1,0,1,50,2,3,2,0,0,1,21.0,94.0,voiture,voiture,1,2,2,1,1
202300017781,2023-08-10 17:50:00,2023,8,10,17,50,73,73227,D915,45.444763,6.59881,Plein jour,Hors agglomération,Hors intersection,Temps couvert,Deux véhicules - frontale,3,2,2,0,2,4,2,0,1,80,2,3,0,0,2,1,61.0,23.0,deux_roues,voiture,1,1,1,8,1
202300017782,2023-07-05 19:45:00,2023,7,5,19,45,93,93027,Avenue Gabriel Péri / Avenue de la République,48.9268614,2.38969156,Plein jour,En agglomération,Intersection en T,Normale,Deux véhicules - côté,4,2,2,0,1,1,1,0,1,30,2,2,1,0,0,1,23.0,29.0,voiture,deux_roues,1,2,3,1,3
202300017782,2023-07-05 19:45:00,2023,7,5,19,45,93,93027,Avenue Gabriel Péri / Avenue de la République,48.9268614,2.38969156,Plein jour,En agglomération,Intersection en T,Normale,Deux véhicules - côté,4,1,1,0,1,1,1,0,1,50,2,2,1,0,0,1,23.0,29.0,voiture,deux_roues,1,2,3,1,3
202300017783,2023-04-21 19:18:00,2023,4,21,19,18,43,43157,9 Rue de Compostelle,45.040245,3.87407,Crépuscule ou aube,En agglomération,Hors intersection,Normale,Deux véhicules - frontale,4,2,2,0,2,2,1,0,1,50,2,3,2,0,0,1,20.0,60.0,voiture,voiture,2,2,1,1,1
202300017784,2023-07-05 12:30:00,2023,7,5,12,30,92,92073,CARON (RUE ALBERT),48.865133,2.208594,Plein jour,En agglomération,Intersection en X,Normale,Deux véhicules - côté,4,4,2,0,1,1,1,0,1,50,2,2,1,0,0,1,60.0,42.0,utilitaire_camion,voiture,1,2,2,1,3
202300017784,2023-07-05 12:30:00,2023,7,5,12,30,92,92073,CARON (RUE ALBERT),48.865133,2.208594,Plein jour,En agglomération,Intersection en X,Normale,Deux véhicules - côté,4,1,2,0,1,1,1,0,1,50,2,2,1,0,0,1,60.0,42.0,utilitaire_camion,voiture,1,2,2,1,3
202300017785,2023-08-08 11:45:00,2023,8,8,11,45,73,73054,RD902 / route de la foret,45.649178,6.787255,Plein jour,Hors agglomération,Intersection en Y,Normale,Deux véhicules - côté,3,2,2,0,2,1,1,0,1,80,2,4,2,0,1,1,65.0,49.0,deux_roues,voiture,1,1,4,1,3
202300017785,2023-08-08 11:45:00,2023,8,8,11,45,73,73054,RD902 / route de la foret,45.649178,6.787255,Plein jour,Hors agglomération,Intersection en Y,Normale,Deux véhicules - côté,3,2,2,0,2,1,1,0,1,-1,2,4,2,0,1,1,65.0,49.0,deux_roues,voiture,1,1,4,1,3
202300017786,2023-04-22 20:30:00,2023,4,22,20,30,37,37261,GRAMMONT (AVENUE DE),47.3858,0.69088,Nuit avec éclairage allumé,En agglomération,Hors intersection,Temps couvert,Sans collision,4,2,4,3,1,1,1,0,6,50,1,1,0,0,0,1,50.0,,deux_roues,,5,2,1,8,7
202300017787,2023-07-05 09:10:00,2023,7,5,9,10,92,92062,CARTAULT (RUE),48.88196047,2.23045242,Plein jour,En agglomération,Hors intersection,Normale,Autre collision,4,2,2,0,1,1,1,0,1,50,1,3,1,0,0,2,29.0,,voiture,,1,2,1,1,6
202300017788,2023-08-09 12:00:00,2023,8,9,12,0,38,38276,Route Departementale 1085,45.556853,5.305195,Plein jour,En agglomération,Hors intersection,Normale,Trois véhicules et plus - collisions multiples,3,2,2,0,1,1,1,0,1,50,3,3,0,0,0,3,49.0,42.0,voiture,voiture,1,2,1,1,5
202300017789,2023-04-21 15:50:00,2023,4,21,15,50,31,31555,ALL CHARLES DE FITTE,43.594447,1.43348,Plein jour,En agglomération,Hors intersection,Normale,Autre collision,4,1,1,0,1,1,1,0,1,30,1,2,1,0,0,1,29.0,,voiture,,1,2,1,1,6
202300017790,2023-08-09 09:20:00,2023,8,9,9,20,26,26271,Route de Valence,45.011066,4.850319,Plein jour,En agglomération,Giratoire,Normale,Autre collision,4,2,2,0,1,1,1,6,4,50,1,1,0,0,0,1,23.0,,deux_roues,,1,2,6,1,6
202300017791,2023-07-05 19:35:00,2023,7,5,19,35,92,92049,GINOUX AV. HENRI N°1 A 95 ET 2 A 104,48.81579,2.32082,Plein jour,En agglomération,Hors intersection,Normale,Autre collision,3,1,1,1,1,1,1,0,1,30,2,2,1,0,0,1,43.0,36.0,deux_roues,transport_commun,1,2,1,1,6
202300017792,2023-08-10 15:00:00,2023,8,10,15,0,49,49021,D7,47.42501,-0.237601,Plein jour,Hors agglomération,Hors intersection,Normale,Deux véhicules - côté,3,2,2,0,1,1,1,0,1,80,2,2,1,0,0,1,36.0,72.0,deux_roues,voiture,1,1,1,1,3
202300017793,2023-07-05 11:50:00,2023,7,5,11,50,92,92020,REPUBLIQUE AV. AUTRES N° ET METRO,48.805296,2.29802,Plein jour,En agglomération,Hors intersection,Normale,Deux véhicules - côté,3,-1,2,0,1,1,1,0,1,50,2,2,1,0,0,1,20.0,,deux_roues,voiture,1,2,1,1,3
202300017794,2023-04-21 18:12:00,2023,4,21,18,12,31,31555,BD DE L EMBOUCHURE,43.61309972,1.42926872,Plein jour,En agglomération,Hors intersection,Normale,Deux véhicules - frontale,4,1,3,0,1,1,1,0,1,50,2,2,1,0,1,0,58.0,52.0,deux_roues,voiture,1,2,1,1,1
202300017795,2023-07-04 17:46:00,2023,7,4,17,46,92,92036,LOUIS CALMEL (RUE) (18/58),48.92585,2.29148,Plein jour,En agglomération,Hors intersection,Normale,Deux véhicules - frontale,3,2,2,0,1,1,1,0,8,30,2,2,1,0,0,1,10.0,19.0,deux_roues,voiture,1,2,1,1,1
202300017796,2023-08-10 14:10:00,2023,8,10,14,10,61,61382,Voie Communale,48.460984,-0.057806,Plein jour,Hors agglomération,Intersection en X,Normale,Deux véhicules - côté,4,2,2,2,1,1,1,-1,1,-1,2,2,1,0,1,0,46.0,18.0,voiture,deux_roues,1,1,2,1,3
202300017796,2023-08-10 14:10:00,2023,8,10,14,10,61,61382,Voie Communale,48.460984,-0.057806,Plein jour,Hors agglomération,Intersection en X,Normale,Deux véhicules - côté,4,2,2,0,1,1,1,0,1,80,2,2,1,0,1,0,46.0,18.0,voiture,deux_roues,1,1,2,1,3
202300017797,2023-04-22 09:20:00,2023,4,22,9,20,30,30007,Route de Bagnols,44.12994,4.10615,Plein jour,En agglomération,Giratoire,Normale,Deux véhicules - côté,3,1,2,0,1,1,1,0,1,50,2,2,1,0,0,1,50.0,71.0,voiture,deux_roues,1,2,6,1,3
202300017797,2023-04-22 09:20:00,2023,4,22,9,20,30,30007,Route de Bagnols,44.12994,4.10615,Plein jour,En agglomération,Giratoire,Normale,Deux véhicules - côté,3,1,0,0,1,1,1,0,1,50,2,2,1,0,0,1,50.0,71.0,voiture,deux_roues,1,2,6,1,3
202300017798,2023-07-04 06:25:00,2023,7,4,6,25,92,92025,ARGENTEUIL (AVENUE D'),48.93748,2.25816,Plein jour,En agglomération,Intersection en Y,Normale,Deux véhicules - côté,3,2,3,0,1,1,1,0,1,50,2,2,0,0,1,1,31.0,36.0,deux_roues,deux_roues,1,2,4,1,3
202300017798,2023-07-04 06:25:00,2023,7,4,6,25,92,92025,ARGENTEUIL (AVENUE D'),48.93748,2.25816,Plein jour,En agglomération,Intersection en Y,Normale,Deux véhicules - côté,3,2,3,0,1,1,1,0,1,50,2,2,0,0,1,1,31.0,36.0,deux_roues,deux_roues,1,2,4,1,3
202300017799,2023-08-07 18:10:00,2023,8,7,18,10,56,56151,Guer Jouanic,48.068401,-2.936289,Plein jour,Hors agglomération,Intersection en T,Normale,Deux véhicules - côté,3,2,2,0,2,1,1,0,1,80,2,4,0,0,1,3,77.0,36.0,voiture,voiture,1,1,3,1,3
202300017799,2023-08-07 18:10:00,2023,8,7,18,10,56,56151,Guer Jouanic,48.068401,-2.936289,Plein jour,Hors agglomération,Intersection en T,Normale,Deux véhicules - côté,3,2,2,-1,3,2,1,0,1,-1,2,4,0,0,1,3,77.0,36.0,voiture,voiture,1,1,3,1,3
202300017800,2023-07-05 15:30:00,2023,7,5,15,30,92,92035,National ( boulevard ),48.90503,2.23908,Plein jour,En agglomération,Intersection en T,Normale,Deux véhicules - côté,3,1,3,0,1,1,1,0,1,50,2,2,1,0,0,1,60.0,25.0,deux_roues,voiture,1,2,3,1,3
202300017800,2023-07-05 15:30:00,2023,7,5,15,30,92,92035,National ( boulevard ),48.90503,2.23908,Plein jour,En agglomération,Intersection en T,Normale,Deux véhicules - côté,3,1,1,0,1,2,1,0,1,30,2,2,1,0,0,1,60.0,25.0,deux_roues,voiture,1,2,3,1,3
202300017801,2023-08-09 15:00:00,2023,8,9,15,0,29,29247,Route de Fouesnant,47.932808,-4.020642,Plein jour,En agglomération,Giratoire,Temps éblouissant,Deux véhicules - côté,4,1,1,0,2,1,1,0,1,30,2,2,1,0,1,0,63.0,48.0,voiture,deux_roues,1,2,6,7,3
202300017802,2023-07-05 16:34:00,2023,7,5,16,34,92,92026,PASTEUR (DE 44 A FIN),48.90403587,2.26948893,Plein jour,En agglomération,Intersection en X,Normale,Autre collision,4,2,1,0,1,1,1,0,1,30,1,2,1,0,0,1,26.0,,utilitaire_camion,,1,2,2,1,6
202300017802,2023-07-05 16:34:00,2023,7,5,16,34,92,92026,PASTEUR (DE 44 A FIN),48.90403587,2.26948893,Plein jour,En agglomération,Intersection en X,Normale,Autre collision,4,2,1,0,1,1,1,0,1,30,1,2,1,0,0,1,26.0,,utilitaire_camion,,1,2,2,1,6
202300017803,2023-08-09 16:20:00,2023,8,9,16,20,59,59053,Rue de la Chaussée,50.29277,3.785876,Plein jour,En agglomération,Hors intersection,Normale,Deux véhicules - côté,3,2,2,0,2,2,1,2,1,50,2,2,1,0,1,0,25.0,29.0,deux_roues,utilitaire_camion,1,2,1,1,3
202300017804,2023-07-05 01:38:00,2023,7,5,1,38,92,92024,CLICHY (QUAI DE) DE (8 A 60),48.90816888,2.29965359,Nuit avec éclairage allumé,En agglomération,Hors intersection,Normale,Trois véhicules et plus - en chaîne,3,1,3,0,1,1,1,0,1,50,3,3,2,0,0,1,36.0,61.0,voiture,voiture,5,2,1,1,4
202300017805,2023-08-09 15:52:00,2023,8,9,15,52,13,13215,A7-Sens Lyon vers Marseille,43.36896,5.36082,Plein jour,Hors agglomération,Hors intersection,Normale,Deux véhicules - côté,1,-1,3,0,1,1,1,0,1,90,2,2,1,0,0,1,36.0,52.0,deux_roues,deux_roues,1,1,1,1,3
202300017806,2023-07-05 11:30:00,2023,7,5,11,30,92,92012,HEINRICH (RUE),48.82756,2.24563,Plein jour,En agglomération,Hors intersection,Normale,Deux véhicules - côté,4,1,1,0,1,1,1,0,1,50,2,2,1,0,0,1,17.0,32.0,deux_roues,voiture,1,2,1,1,3
202300017807,2023-07-04 23:50:00,2023,7,4,23,50,92,92012,MARCEL SEMBAT (PLACE),48.83376,2.24364,Nuit avec éclairage allumé,En agglomération,Giratoire,Pluie légère,Deux véhicules - côté,3,1,1,0,1,3,2,5,8,50,2,2,1,0,0,1,31.0,42.0,deux_roues,voiture,5,2,6,2,3
202300017807,2023-07-04 23:50:00,2023,7,4,23,50,92,92012,MARCEL SEMBAT (PLACE),48.83376,2.24364,Nuit avec éclairage allumé,En agglomération,Giratoire,Pluie légère,Deux véhicules - côté,3,1,1,0,1,3,2,5,1,50,2,2,1,0,0,1,31.0,42.0,deux_roues,voiture,5,2,6,2,3
202300017808,2023-08-09 10:10:00,2023,8,9,10,10,33,33122,AUTOROUTE A 63,44.73308,-0.72217,Plein jour,Hors agglomération,Hors intersection,Normale,Trois véhicules et plus - en chaîne,1,3,4,0,1,1,1,0,1,110,3,6,5,0,0,1,28.0,42.0,voiture,voiture,1,1,1,1,4
202300017809,2023-07-04 19:40:00,2023,7,4,19,40,92,92004,VOLTAIRE ( BD ),48.91698,2.28815,Plein jour,En agglomération,Intersection en X,Normale,Deux véhicules - côté,3,-1,#VALEURMULTI,0,1,1,1,0,1,50,2,2,1,0,0,1,56.0,32.0,voiture,deux_roues,1,2,2,1,3
202300017810,2023-08-10 19:55:00,2023,8,10,19,55,95,95527,N104,49.0271052,2.51444995,Plein jour,Hors agglomération,Hors intersection,Normale,Deux véhicules - arrière,2,3,4,0,1,1,1,0,1,90,2,2,1,0,1,0,55.0,26.0,utilitaire_camion,voiture,1,1,1,1,2
202300017811,2023-07-06 08:45:00,2023,7,6,8,45,44,44124,,47.590142,-1.118733,Plein jour,Hors agglomération,Hors intersection,Normale,Autre collision,3,2,2,0,1,1,1,0,3,80,1,1,0,0,1,0,27.0,,utilitaire_camion,,1,1,1,1,6
202300017812,2023-08-10 17:50:00,2023,8,10,17,50,94,94079,A4,48.82799527,2.52620846,Plein jour,Hors agglomération,Hors intersection,Normale,Trois véhicules et plus - en chaîne,1,-1,4,0,1,1,1,0,1,90,3,4,3,0,0,1,49.0,35.0,voiture,voiture,1,1,1,1,4
202300017813,2023-07-06 08:35:00,2023,7,6,8,35,22,22049,Route de L Arguenon,48.542701,-2.214893,Plein jour,Hors agglomération,Hors intersection,Normale,Deux véhicules - frontale,3,2,2,0,2,1,1,8,1,80,2,2,1,1,0,0,48.0,82.0,utilitaire_camion,deux_roues,1,1,1,1,1
202300017814,2023-07-02 16:50:00,2023,7,2,16,50,36,36077,,47.21213323,1.53196441,Plein jour,Hors agglomération,Hors intersection,Normale,Autre collision,3,2,2,0,1,2,1,0,3,80,1,1,0,0,1,0,56.0,,voiture,,1,1,1,1,6
202300017815,2023-08-10 11:30:00,2023,8,10,11,30,94,94017,A4,48.83020089,2.495767,Plein jour,Hors agglomération,Hors intersection,Normale,Deux véhicules - côté,1,3,4,0,1,1,1,0,1,90,2,2,1,0,0,1,37.0,52.0,deux_roues,voiture,1,1,1,1,3
202300017816,2023-05-28 14:00:00,2023,5,28,14,0,50,50165,COUTANCES (ROUTE DE),48.84454,-1.58527,Plein jour,En agglomération,Hors intersection,Normale,Deux véhicules - côté,3,2,2,0,1,1,1,0,1,30,2,3,2,0,0,1,65.0,49.0,deux_roues,utilitaire_camion,1,2,1,1,3
202300017817,2023-07-05 06:20:00,2023,7,5,6,20,974,97414,Avenue du Docteur Raymond Verges,-21.290974,55.413902,Nuit sans éclairage public,En agglomération,Hors intersection,Normale,Autre collision,2,2,2,0,1,1,1,0,1,50,1,2,1,0,0,1,27.0,,voiture,,3,2,1,1,6
202300017818,2023-02-04 17:40:00,2023,2,4,17,40,05,05054,Lieux dit Les BARRAQUES,44.674331,6.072956,Crépuscule ou aube,En agglomération,Hors intersection,Normale,Deux véhicules - arrière,2,2,2,0,1,1,1,0,1,50,2,5,3,0,0,2,44.0,40.0,voiture,voiture,2,2,1,1,2
202300017819,2023-07-05 17:30:00,2023,7,5,17,30,62,62571,D940,50.458361,1.612582,Plein jour,En agglomération,Intersection en T,Normale,Deux véhicules - frontale,3,2,2,0,1,3,1,0,1,50,2,3,2,0,1,0,32.0,69.0,utilitaire_camion,voiture,1,2,3,1,1
202300017819,2023-07-05 17:30:00,2023,7,5,17,30,62,62571,D940,50.458361,1.612582,Plein jour,En agglomération,Intersection en T,Normale,Deux véhicules - frontale,3,2,2,0,1,1,1,0,1,50,2,3,2,0,1,0,32.0,69.0,utilitaire_camion,voiture,1,2,3,1,1
202300017820,2023-03-13 17:43:00,2023,3,13,17,43,69,69132,Route de Lyon,45.66884,4.395604,Plein jour,Hors agglomération,Intersection en T,Normale,Deux véhicules - côté,3,4,3,0,2,3,1,5,1,80,2,2,1,0,0,1,30.0,75.0,utilitaire_camion,transport_commun,1,1,3,1,3
202300017820,2023-03-13 17:43:00,2023,3,13,17,43,69,69132,Route de Lyon,45.66884,4.395604,Plein jour,Hors agglomération,Intersection en T,Normale,Deux véhicules - côté,3,2,2,0,2,2,1,5,1,80,2,2,1,0,0,1,30.0,75.0,utilitaire_camion,transport_commun,1,1,3,1,3
202300017821,2023-07-02 08:31:00,2023,7,2,8,31,56,56174,La Gare,47.861052,-2.876804,Plein jour,Hors agglomération,Autre intersection,Normale,Sans collision,4,2,2,0,2,1,1,0,1,80,1,2,1,0,1,0,36.0,,deux_roues,,1,1,9,1,7
202300017822,2023-07-06 02:45:00,2023,7,6,2,45,31,31150,Route de Colomiers,43.640959,1.330767,Nuit sans éclairage public,Hors agglomération,Giratoire,Normale,Autre collision,7,2,2,0,1,1,1,5,1,70,1,1,0,0,1,0,54.0,,deux_roues,,3,1,6,1,6
202300017823,2023-05-23 16:40:00,2023,5,23,16,40,19,19031,VOLTAIRE (BOULEVARD),45.15985,1.54067,Plein jour,En agglomération,Hors intersection,Pluie forte,Deux véhicules - arrière,4,2,2,0,1,1,2,0,1,50,2,2,1,0,0,1,35.0,46.0,deux_roues,voiture,1,2,1,3,2
202300017824,2023-07-05 17:00:00,2023,7,5,17,0,63,63413,D 797 /bretelle A75 (accès vers Montpellier),45.649816,3.172399,Plein jour,Hors agglomération,Intersection en Y,Pluie légère,Deux véhicules - arrière,1,2,2,0,1,1,2,0,1,90,2,2,1,0,1,0,40.0,44.0,deux_roues,voiture,1,1,4,2,2
202300017824,2023-07-05 17:00:00,2023,7,5,17,0,63,63413,D 797 /bretelle A75 (accès vers Montpellier),45.649816,3.172399,Plein jour,Hors agglomération,Intersection en Y,Pluie légère,Deux véhicules - arrière,1,1,1,-1,1,1,2,3,1,-1,2,2,1,0,1,0,40.0,44.0,deux_roues,voiture,1,1,4,2,2
202300017825,2023-06-10 09:15:00,2023,6,10,9,15,92,92023,HEBERT (RUE),48.8116153,2.27515966,Plein jour,En agglomération,Intersection en X,Normale,Deux véhicules - côté,4,1,1,0,1,1,1,0,1,30,2,3,2,0,0,1,46.0,36.0,voiture,voiture,1,2,2,1,3
202300017825,2023-06-10 09:15:00,2023,6,10,9,15,92,92023,HEBERT (RUE),48.8116153,2.27515966,Plein jour,En agglomération,Intersection en X,Normale,Deux véhicules - côté,4,1,1,0,2,1,1,0,1,30,2,3,2,0,0,1,46.0,36.0,voiture,voiture,1,2,2,1,3
202300017826,2023-07-06 20:00:00,2023,7,6,20,0,76,76618,Rue Jeanne d?Arc,49.9593201,1.18807149,Plein jour,En agglomération,Hors intersection,Normale,Sans collision,4,2,2,0,1,1,1,0,1,50,1,1,0,0,1,0,60.0,,deux_roues,,1,2,1,1,7
202300017827,2023-06-09 12:15:00,2023,6,9,12,15,69,69266,Route Départementale 383 ,45.76916499,4.90350289,Plein jour,Hors agglomération,Hors intersection,Normale,Trois véhicules et plus - en chaîne,7,3,9,0,1,1,1,0,1,70,3,3,2,0,0,1,31.0,55.0,voiture,voiture,1,1,1,1,4
202300017828,2023-07-05 20:05:00,2023,7,5,20,5,61,61079,RD 136,48.244742,0.75808,Plein jour,Hors agglomération,Hors intersection,Normale,Deux véhicules - frontale,3,2,2,0,1,4,1,0,1,90,2,2,1,0,1,0,20.0,28.0,autre,voiture,1,1,1,1,1
202300017829,2023-08-09 10:55:00,2023,8,9,10,55,974,97416,ISAUTIER (AVENUE CHARLES),-21.3215,55.44919,Plein jour,Hors agglomération,Hors intersection,Normale,Deux véhicules - côté,4,2,2,0,2,1,1,0,1,50,2,2,1,0,0,1,52.0,39.0,deux_roues,voiture,1,1,1,1,3
202300017830,2023-07-05 10:30:00,2023,7,5,10,30,61,61146,D21 PR 41+365,48.63271,-0.552443,Plein jour,En agglomération,Intersection en T,Normale,Deux véhicules - côté,3,2,2,0,3,3,1,0,1,50,2,2,1,0,1,0,31.0,64.0,utilitaire_camion,deux_roues,1,2,3,1,3
202300017830,2023-07-05 10:30:00,2023,7,5,10,30,61,61146,D21 PR 41+365,48.63271,-0.552443,Plein jour,En agglomération,Intersection en T,Normale,Deux véhicules - côté,3,2,2,0,1,3,1,0,1,50,2,2,1,0,1,0,31.0,64.0,utilitaire_camion,deux_roues,1,2,3,1,3
202300017831,2023-08-09 12:50:00,2023,8,9,12,50,974,97411,JAURES (BOULEVARD JEAN),-20.88982135,55.46394968,Plein jour,En agglomération,Autre intersection,Normale,Trois véhicules et plus - collisions multiples,2,1,3,3,1,1,1,0,1,50,3,3,1,0,1,1,50.0,73.0,voiture,deux_roues,1,2,9,1,5
202300017831,2023-08-09 12:50:00,2023,8,9,12,50,974,97411,JAURES (BOULEVARD JEAN),-20.88982135,55.46394968,Plein jour,En agglomération,Autre intersection,Normale,Trois véhicules et plus - collisions multiples,2,1,2,3,1,1,1,0,1,50,3,3,1,0,1,1,50.0,73.0,voiture,deux_roues,1,2,9,1,5
202300017832,2023-07-06 18:10:00,2023,7,6,18,10,12,12021,Vabre-Tizac (Zone résidentielle),44.277032,2.12225,Plein jour,Hors agglomération,Hors intersection,Temps éblouissant,Autre collision,4,2,2,0,1,2,1,0,3,80,1,1,0,1,0,0,60.0,,voiture,,1,1,1,7,6
202300017833,2023-07-06 09:50:00,2023,7,6,9,50,39,39365,10 Route de Dole,46.983391,5.594188,Plein jour,En agglomération,Hors intersection,Temps éblouissant,Autre collision,3,2,2,0,1,1,1,0,1,50,1,2,1,0,1,0,90.0,,voiture,,1,2,1,7,6
202300017834,2023-08-09 12:00:00,2023,8,9,12,0,974,97411,LECONTE DE LISLE (AVENUE),-20.89471,55.48662,Plein jour,En agglomération,Intersection en Y,Normale,Deux véhicules - frontale,4,-1,1,0,1,1,1,0,1,50,2,2,1,0,0,1,12.0,37.0,deux_roues,transport_commun,1,2,4,1,1
202300017834,2023-08-09 12:00:00,2023,8,9,12,0,974,97411,LECONTE DE LISLE (AVENUE),-20.89471,55.48662,Plein jour,En agglomération,Intersection en Y,Normale,Deux véhicules - frontale,4,2,2,3,1,1,1,0,1,50,2,2,1,0,0,1,12.0,37.0,deux_roues,transport_commun,1,2,4,1,1
202300017835,2023-08-08 18:40:00,2023,8,8,18,40,974,97411,MONTAGNE (ROUTE DE LA),-20.87693,55.44208,Nuit avec éclairage allumé,En agglomération,Autre intersection,Normale,Deux véhicules - côté,3,-1,1,0,1,3,1,0,1,50,2,2,1,0,1,0,30.0,60.0,voiture,deux_roues,5,2,9,1,3
202300017836,2023-07-06 16:35:00,2023,7,6,16,35,44,44036,2 Avenue Quentin Miglioretti,47.707556,-1.377459,Plein jour,En agglomération,Hors intersection,Normale,Deux véhicules - côté,4,2,2,2,1,1,1,0,1,50,2,4,3,0,1,0,76.0,15.0,voiture,deux_roues,1,2,1,1,3
202300017837,2023-08-09 13:45:00,2023,8,9,13,45,69,69386,Quai Charles de Gaulle,45.78357,4.84908,Plein jour,En agglomération,Hors intersection,Normale,Deux véhicules - côté,4,1,3,0,1,1,1,0,1,50,2,2,1,0,0,1,20.0,36.0,voiture,voiture,1,2,1,1,3
202300017838,2023-07-05 23:15:00,2023,7,5,23,15,29,29016,keradennec,48.29864,-3.945948,Nuit sans éclairage public,Hors agglomération,Hors intersection,Normale,Autre collision,4,2,2,0,1,1,1,0,3,80,1,2,0,0,1,1,27.0,,voiture,,3,1,1,1,6
202300017839,2023-07-04 17:30:00,2023,7,4,17,30,29,29160,Lieu Dit Mendy Bihan,48.470852,-4.396209,Plein jour,Hors agglomération,Intersection en T,Pluie légère,Deux véhicules - côté,4,2,2,0,1,1,2,0,1,70,2,2,1,0,1,0,32.0,80.0,voiture,voiture,1,1,3,2,3
202300017840,2023-08-08 17:00:00,2023,8,8,17,0,972,97209,RD 41 (ROCADE),14.61466,-61.04734,Plein jour,Hors agglomération,Hors intersection,Normale,Trois véhicules et plus - en chaîne,3,1,3,0,1,1,1,3,1,90,3,9,5,0,0,4,58.0,28.0,voiture,voiture,1,1,1,1,4
202300017841,2023-07-04 19:45:00,2023,7,4,19,45,02,02820,,49.629164,3.253691,Plein jour,Hors agglomération,Hors intersection,Normale,Deux véhicules - arrière,3,2,2,0,1,1,1,0,1,80,2,3,2,0,0,1,20.0,42.0,voiture,utilitaire_camion,1,1,1,1,2
202300017842,2023-08-09 09:10:00,2023,8,9,9,10,971,97101,RN05,16.25654,-61.52073,Plein jour,Hors agglomération,Hors intersection,Normale,Deux véhicules - côté,2,-1,1,0,1,2,1,0,1,50,2,2,1,0,0,1,23.0,38.0,deux_roues,voiture,1,1,1,1,3
202300017843,2023-07-06 09:00:00,2023,7,6,9,0,85,85302,A87 PK067.100 ,46.944363,-0.9549,Plein jour,Hors agglomération,Hors intersection,Normale,Deux véhicules - arrière,1,1,2,0,1,1,1,0,1,130,2,2,1,0,0,1,51.0,35.0,utilitaire_camion,utilitaire_camion,1,1,1,1,2
202300017844,2023-08-09 11:37:00,2023,8,9,11,37,2A,2A004,RECCO ABBE BOULEVARD,41.93856,8.74113,Plein jour,En agglomération,Hors intersection,Normale,Deux véhicules - côté,4,3,2,3,1,1,1,0,6,50,2,4,2,0,0,2,52.0,27.0,voiture,deux_roues,1,2,1,1,3
202300017845,2023-07-04 09:00:00,2023,7,4,9,0,06,06136,D2204,43.877845,7.447532,Plein jour,En agglomération,Hors intersection,Normale,Autre collision,3,2,2,0,1,1,1,0,1,50,1,2,1,0,1,0,76.0,,voiture,,1,2,1,1,6
202300017846,2023-07-05 17:00:00,2023,7,5,17,0,45,45329,450 Route des Fontaines,47.935261,2.993976,Plein jour,En agglomération,Intersection en T,Normale,Deux véhicules - côté,4,2,2,0,1,1,1,0,1,50,2,2,1,0,1,0,62.0,14.0,voiture,deux_roues,1,2,3,1,3
202300017847,2023-08-08 16:20:00,2023,8,8,16,20,95,95539,D301A3,49.012363,2.35219002,Plein jour,Hors agglomération,Autre intersection,Normale,Deux véhicules - côté,3,1,2,0,1,1,1,9,1,90,2,3,2,0,1,0,46.0,51.0,deux_roues,voiture,1,1,9,1,3
202300017848,2023-07-05 20:00:00,2023,7,5,20,0,18,18015,21 Route de Sainte Montaine,47.489086,2.432796,Plein jour,En agglomération,Hors intersection,Normale,,3,2,2,0,1,3,1,0,4,50,1,1,0,0,1,0,15.0,,deux_roues,,1,2,1,1,-1
202300017849,2023-08-03 02:50:00,2023,8,3,2,50,83,83137,RESISTANCE (AVE / IMP DE LA),43.11471,5.94989,Nuit avec éclairage allumé,En agglomération,Hors intersection,Normale,Autre collision,3,2,2,0,1,1,1,0,4,50,1,1,0,0,1,0,38.0,,deux_roues,,5,2,1,1,6
202300017850,2023-07-05 15:25:00,2023,7,5,15,25,10,10401,D619,48.238119,4.441261,Plein jour,Hors agglomération,Hors intersection,Normale,Deux véhicules - côté,3,2,2,0,1,1,1,0,1,90,2,2,1,0,1,0,51.0,51.0,utilitaire_camion,utilitaire_camion,1,1,1,1,3
202300017851,2023-07-05 15:55:00,2023,7,5,15,55,07,07269,Rue de Crezenoux,44.936195,4.387906,Plein jour,En agglomération,Hors intersection,Normale,Deux véhicules - côté,3,2,2,0,1,1,1,0,1,-1,2,3,2,0,0,1,37.0,61.0,voiture,deux_roues,1,2,1,1,3
202300017852,2023-07-05 19:25:00,2023,7,5,19,25,07,07296,Route de Janicou,44.565743,4.392733,Plein jour,En agglomération,Hors intersection,Normale,Sans collision,3,2,2,0,1,1,1,0,8,50,1,1,0,0,1,0,18.0,,voiture,,1,2,1,1,7
202300017853,2023-08-09 20:10:00,2023,8,9,20,10,76,76231,Rue de la République,49.29073,0.99983,Plein jour,En agglomération,Intersection en X,Normale,Autre collision,7,2,2,0,1,1,1,0,1,50,2,2,1,0,1,0,38.0,32.0,voiture,deux_roues,1,2,2,1,6