accident_id,datetime,annee,mois,jour,heure,minute,departement,commune_insee,adresse,latitude,longitude,luminosite,agglomeration,intersection,meteo,collision,catr,circ,nbv,vosp,prof,plan,surf,infra,situ,vma,nb_vehicules,nb_usagers,nb_indemnes,nb_tues,nb_blesses_hosp,nb_blesses_legers,age_cond_1,age_cond_2,veh_type_cond_1,veh_type_cond_2,lum_code,agg_code,int_code,atm_code,col_code
202300017927,2023-08-08 14:05:00,2023,8,8,14,5,75,75115,QUAI ANDRE CITROEN,48.848225,2.280614,Plein jour,En agglomération,Hors intersection,Normale,Autre collision,4,2,0,0,1,1,1,0,1,30,1,2,1,0,0,1,25.0,,voiture,,1,2,1,1,6
202300017928,2023-07-05 18:00:00,2023,7,5,18,0,92,92036,RN315 Y,48.92990191,2.30211945,Plein jour,Hors agglomération,Hors intersection,Normale,Deux véhicules - arrière,2,-1,2,0,1,1,1,0,1,90,2,2,0,0,0,2,56.0,47.0,deux_roues,voiture,1,1,1,1,2
202300017929,2023-08-09 00:09:00,2023,8,9,0,9,75,75112,RUE DE PICPUS,48.845549,2.395379,Nuit avec éclairage allumé,En agglomération,Intersection en X,Normale,Autre collision,4,2, -1,-1,1,1,1,0,1,30,1,1,0,0,1,0,28.0,,deux_roues,,5,2,2,1,6
202300017929,2023-08-09 00:09:00,2023,8,9,0,9,75,75112,RUE DE PICPUS,48.845549,2.395379,Nuit avec éclairage allumé,En agglomération,Intersection en X,Normale,Autre collision,4,2,2,0,1,3,1,0,1,30,1,1,0,0,1,0,28.0,,deux_roues,,5,2,2,1,6
202300017930,2023-11-17 23:20:00,2023,11,17,23,20,75,75117,AVENUE DE WAGRAM,48.883279,2.301953,Nuit avec éclairage allumé,En agglomération,Intersection en X,Normale,Deux véhicules - arrière,4,2,4,0,1,1,1,0,1,30,2,3,2,0,0,1,41.0,51.0,voiture,voiture,5,2,2,1,2
202300017930,2023-11-17 23:20:00,2023,11,17,23,20,75,75117,AVENUE DE WAGRAM,48.883279,2.301953,Nuit avec éclairage allumé,En agglomération,Intersection en X,Normale,Deux véhicules - arrière,4,2, -1,-1,1,1,1,0,1,-1,2,3,2,0,0,1,41.0,51.0,voiture,voiture,5,2,2,1,2
202300017931,2023-07-05 04:25:00,2023,7,5,4,25,78,78402,A13,48.964949,1.801531,Nuit sans éclairage public,Hors agglomération,Hors intersection,Normale,Deux véhicules - arrière,1,-1,3,0,1,1,1,0,1,130,2,2,0,0,0,2,20.0,61.0,voiture,voiture,3,1,1,1,2
202300017932,2023-08-08 13:15:00,2023,8,8,13,15,75,75112,RUE DU GENERAL DE LANGLE DE CARY,48.82813,2.39218,Plein jour,En agglomération,Intersection à plus de 4 branches,Normale,Deux véhicules - arrière,4,1, -1,-1,1,1,1,0,1,-1,2,2,1,0,0,1,58.0,57.0,deux_roues,voiture,1,2,5,1,2
202300017932,2023-08-08 13:15:00,2023,8,8,13,15,75,75112,RUE DU GENERAL DE LANGLE DE CARY,48.82813,2.39218,Plein jour,En agglomération,Intersection à plus de 4 branches,Normale,Deux véhicules - arrière,4,1,2,0,1,2,1,0,1,30,2,2,1,0,0,1,58.0,57.0,deux_roues,voiture,1,2,5,1,2
202300017933,2023-07-04 17:15:00,2023,7,4,17,15,92,92025,A86,48.93484607,2.25934802,Plein jour,Hors agglomération,Hors intersection,Normale,Autre collision,1,1,2,0,2,3,1,1,1,70,1,2,0,0,0,2,53.0,,deux_roues,,1,1,1,1,6
202300017934,2023-08-09 15:31:00,2023,8,9,15,31,75,75108,AVENUE GEORGE V,48.866211,2.301491,Plein jour,En agglomération,Intersection en X,Normale,Sans collision,4,2,2,0,2,1,1,0,1,30,1,1,0,0,0,1,27.0,,deux_roues,,1,2,2,1,7
202300017934,2023-08-09 15:31:00,2023,8,9,15,31,75,75108,AVENUE GEORGE V,48.866211,2.301491,Plein jour,En agglomération,Intersection en X,Normale,Sans collision,4,2,2,0,1,1,1,0,1,30,1,1,0,0,0,1,27.0,,deux_roues,,1,2,2,1,7
202300017935,2023-07-04 08:00:00,2023,7,4,8,0,78,78640,A86 EXT,48.77786,2.21643,Plein jour,Hors agglomération,Hors intersection,Normale,Deux véhicules - arrière,1,-1,3,0,1,1,1,0,1,90,2,2,1,0,0,1,32.0,21.0,deux_roues,voiture,1,1,1,1,2
202300017936,2023-08-09 02:36:00,2023,8,9,2,36,75,75101,PONT SAINT MICHEL,48.85434,2.344908,Nuit avec éclairage allumé,En agglomération,Intersection en X,Normale,Deux véhicules - arrière,4,1, -1,-1,1,1,1,0,1,30,2,2,1,0,0,1,,30.0,voiture,deux_roues,5,2,2,1,2
202300017936,2023-08-09 02:36:00,2023,8,9,2,36,75,75101,PONT SAINT MICHEL,48.85434,2.344908,Nuit avec éclairage allumé,En agglomération,Intersection en X,Normale,Deux véhicules - arrière,4,1,0,0,1,1,1,2,1,30,2,2,1,0,0,1,,30.0,voiture,deux_roues,5,2,2,1,2
202300017937,2023-11-18 18:55:00,2023,11,18,18,55,75,75114,BOULEVARD RASPAIL,48.836199,2.33174,Nuit avec éclairage allumé,En agglomération,Hors intersection,Pluie légère,Deux véhicules - côté,4,2,4,3,1,1,2,0,1,30,2,4,3,0,0,1,46.0,21.0,voiture,deux_roues,5,2,1,2,3
202300017938,2023-07-03 19:30:00,2023,7,3,19,30,92,92048,N118,48.79643659,2.21723738,Plein jour,Hors agglomération,Hors intersection,Normale,Trois véhicules et plus - collisions multiples,2,3,2,0,2,1,1,0,1,90,3,3,2,0,1,0,50.0,31.0,deux_roues,voiture,1,1,1,1,5
202300017939,2023-08-09 07:05:00,2023,8,9,7,5,94,94021,Avenue des Maraichers,48.763113,2.34873,Plein jour,En agglomération,Intersection en X,Normale,Deux véhicules - côté,5,2,4,0,1,1,1,0,1,50,2,2,1,0,0,1,20.0,35.0,voiture,voiture,1,2,2,1,3
202300017939,2023-08-09 07:05:00,2023,8,9,7,5,94,94021,Avenue des Maraichers,48.763113,2.34873,Plein jour,En agglomération,Intersection en X,Normale,Deux véhicules - côté,5,3,4,0,1,1,1,0,1,50,2,2,1,0,0,1,20.0,35.0,voiture,voiture,1,2,2,1,3
202300017940,2023-07-05 10:00:00,2023,7,5,10,0,93,93005,AUTOROUTE A1,48.9666118,2.47689199,Plein jour,Hors agglomération,Hors intersection,Normale,Deux véhicules - arrière,1,3,8,0,1,1,1,0,2,110,2,2,1,0,0,1,32.0,42.0,voiture,voiture,1,1,1,1,2
202300017941,2023-11-17 23:00:00,2023,11,17,23,0,75,75110,RUE DE ROCROY,48.879498,2.350807,Nuit avec éclairage allumé,En agglomération,Intersection en X,Normale,Autre collision,4,1, -1,-1,1,1,1,0,1,-1,1,1,0,0,0,1,22.0,,deux_roues,,5,2,2,1,6
202300017941,2023-11-17 23:00:00,2023,11,17,23,0,75,75110,RUE DE ROCROY,48.879498,2.350807,Nuit avec éclairage allumé,En agglomération,Intersection en X,Normale,Autre collision,4,1,1,0,2,1,1,0,1,30,1,1,0,0,0,1,22.0,,deux_roues,,5,2,2,1,6
202300017942,2023-08-09 18:02:00,2023,8,9,18,2,93,93001,Rue Danielle Casanova / Rue Hemet,48.91906,2.38712,Plein jour,En agglomération,Intersection à plus de 4 branches,Normale,Deux véhicules - frontale,3,2,2,0,1,1,1,0,1,50,2,2,1,0,0,1,46.0,29.0,voiture,deux_roues,1,2,5,1,1
202300017942,2023-08-09 18:02:00,2023,8,9,18,2,93,93001,Rue Danielle Casanova / Rue Hemet,48.91906,2.38712,Plein jour,En agglomération,Intersection à plus de 4 branches,Normale,Deux véhicules - frontale,3,1,1,0,1,1,1,0,1,50,2,2,1,0,0,1,46.0,29.0,voiture,deux_roues,1,2,5,1,1
202300017943,2023-07-04 16:45:00,2023,7,4,16,45,95,95585,JEAN ZAY (RUE),48.9988,2.36914,Plein jour,En agglomération,Hors intersection,Normale,Autre collision,4,2,2,0,1,1,1,1,4,50,1,3,1,0,0,2,68.0,,utilitaire_camion,,1,2,1,1,6
202300017944,2023-11-17 14:50:00,2023,11,17,14,50,75,75102,BOULEVARD DE SEBASTOPOL,48.865253,2.351976,Plein jour,En agglomération,Intersection en X,Pluie légère,Sans collision,4,2,5,1,1,1,2,0,5,30,1,1,0,0,0,1,41.0,,deux_roues,,1,2,2,2,7
202300017944,2023-11-17 14:50:00,2023,11,17,14,50,75,75102,BOULEVARD DE SEBASTOPOL,48.865253,2.351976,Plein jour,En agglomération,Intersection en X,Pluie légère,Sans collision,4,1,1,0,1,1,2,0,5,30,1,1,0,0,0,1,41.0,,deux_roues,,1,2,2,2,7
202300017945,2023-08-03 20:45:00,2023,8,3,20,45,92,92078,MARC SANGNIER (AVENUE),48.92797,2.32628,Plein jour,En agglomération,Autre intersection,Pluie forte,Deux véhicules - arrière,3,2,2,0,3,1,2,1,4,50,2,4,3,0,0,1,45.0,19.0,voiture,voiture,1,2,9,3,2
202300017946,2023-08-07 19:50:00,2023,8,7,19,50,92,92046,GABRIEL PERI,48.81921,2.30284,Plein jour,En agglomération,Intersection en X,Normale,Deux véhicules - arrière,3,2,2,0,2,1,1,0,1,50,2,3,2,0,0,1,54.0,41.0,voiture,deux_roues,1,2,2,1,2
202300017946,2023-08-07 19:50:00,2023,8,7,19,50,92,92046,GABRIEL PERI,48.81921,2.30284,Plein jour,En agglomération,Intersection en X,Normale,Deux véhicules - arrière,3,1,2,0,1,1,1,0,1,50,2,3,2,0,0,1,54.0,41.0,voiture,deux_roues,1,2,2,1,2
202300017947,2023-03-13 14:40:00,2023,3,13,14,40,14,14225,28 Rue Salvador Allende,49.28016,-0.09978,Plein jour,En agglomération,Intersection en X,Normale,Deux véhicules - côté,4,-1,2,0,1,1,1,0,1,50,2,6,4,0,1,1,79.0,43.0,voiture,voiture,1,2,2,1,3
202300017947,2023-03-13 14:40:00,2023,3,13,14,40,14,14225,28 Rue Salvador Allende,49.28016,-0.09978,Plein jour,En agglomération,Intersection en X,Normale,Deux véhicules - côté,4,-1,2,0,1,1,1,0,1,50,2,6,4,0,1,1,79.0,43.0,voiture,voiture,1,2,2,1,3
202300017948,2023-11-18 00:25:00,2023,11,18,0,25,94,94068,Pont de champigny,48.80978,2.50982,Nuit sans éclairage public,En agglomération,Hors intersection,Pluie légère,Deux véhicules - arrière,3,2,2,0,2,1,2,0,1,50,2,6,4,0,1,1,35.0,29.0,deux_roues,voiture,3,2,1,2,2
202300017949,2023-08-08 18:35:00,2023,8,8,18,35,92,92050,HOCHE AVENUE,48.90025575,2.20019907,Plein jour,En agglomération,Intersection en X,Normale,Deux véhicules - frontale,3,1,0,0,1,1,1,0,1,50,2,2,1,0,0,1,52.0,39.0,voiture,deux_roues,1,2,2,1,1
202300017949,2023-08-08 18:35:00,2023,8,8,18,35,92,92050,HOCHE AVENUE,48.90025575,2.20019907,Plein jour,En agglomération,Intersection en X,Normale,Deux véhicules - frontale,3,2,3,0,2,1,1,0,1,50,2,2,1,0,0,1,52.0,39.0,voiture,deux_roues,1,2,2,1,1
202300017950,2023-04-19 12:40:00,2023,4,19,12,40,13,13039,RN 545,43.43587,4.92516,Plein jour,Hors agglomération,Intersection en X,Normale,Deux véhicules - côté,4,2,4,0,1,1,1,0,1,90,2,2,1,0,0,1,23.0,34.0,voiture,utilitaire_camion,1,1,2,1,3
202300017950,2023-04-19 12:40:00,2023,4,19,12,40,13,13039,RN 545,43.43587,4.92516,Plein jour,Hors agglomération,Intersection en X,Normale,Deux véhicules - côté,4,2,2,0,1,1,1,0,1,90,2,2,1,0,0,1,23.0,34.0,voiture,utilitaire_camion,1,1,2,1,3
202300017951,2023-11-18 02:22:00,2023,11,18,2,22,94,94003,Rue Paul Bert,48.80092814,2.32786882,Nuit avec éclairage allumé,En agglomération,Hors intersection,Pluie légère,Autre collision,4,3,2,0,2,3,2,2,1,50,1,2,1,0,0,1,37.0,,voiture,,5,2,1,2,6
202300017952,2023-08-09 17:59:00,2023,8,9,17,59,54,54345,D112,48.60200589,6.25834465,Plein jour,Hors agglomération,Autre intersection,Normale,Deux véhicules - arrière,3,2,2,0,1,1,1,0,1,80,2,2,1,0,0,1,52.0,38.0,voiture,utilitaire_camion,1,1,9,1,2
202300017953,2023-03-31 12:15:00,2023,3,31,12,15,974,97422,Rue Raphael Douyère,-21.218626,55.55258,Plein jour,En agglomération,Hors intersection,Normale,Deux véhicules - arrière,3,2,2,0,1,1,1,0,1,50,2,2,1,0,0,1,24.0,32.0,utilitaire_camion,deux_roues,1,2,1,1,2
202300017954,2023-08-07 19:20:00,2023,8,7,19,20,91,91648,D26,48.561301,2.351911,Plein jour,Hors agglomération,Giratoire,Normale,Deux véhicules - arrière,3,3,1,0,1,3,1,0,1,80,2,3,2,0,0,1,55.0,62.0,deux_roues,voiture,1,1,6,1,2
202300017955,2023-07-03 21:55:00,2023,7,3,21,55,973,97302,HEDER (place),4.94006071,-52.3341693,Nuit avec éclairage allumé,En agglomération,Hors intersection,Normale,Trois véhicules et plus - en chaîne,4,-1,1,0,1,1,1,0,1,50,4,3,0,0,0,3,23.0,,voiture,,5,2,1,1,4
202300017956,2023-08-04 09:30:00,2023,8,4,9,30,31,31113,6 Chemin d'Augustin,43.519607,1.514855,Plein jour,En agglomération,Hors intersection,Normale,Autre collision,4,2,2,0,1,1,1,0,4,-1,1,2,1,0,1,0,20.0,,voiture,,1,2,1,1,6
202300017957,2023-11-18 00:40:00,2023,11,18,0,40,94,94003,Avenue de la Convention,48.800877,2.333458,Nuit avec éclairage allumé,En agglomération,Autre intersection,Normale,Deux véhicules - côté,3,2,3,0,1,1,1,0,1,30,2,2,1,0,0,1,21.0,39.0,voiture,voiture,5,2,9,1,3
202300017957,2023-11-18 00:40:00,2023,11,18,0,40,94,94003,Avenue de la Convention,48.800877,2.333458,Nuit avec éclairage allumé,En agglomération,Autre intersection,Normale,Deux véhicules - côté,3,1,1,0,2,1,1,0,1,30,2,2,1,0,0,1,21.0,39.0,voiture,voiture,5,2,9,1,3
202300017958,2023-07-04 13:40:00,2023,7,4,13,40,69,69383,Cours Gambetta,45.75007,4.85887,Plein jour,En agglomération,Hors intersection,Normale,Deux véhicules - côté,4,1,2,3,1,1,1,8,5,50,2,2,1,0,0,1,44.0,24.0,voiture,deux_roues,1,2,1,1,3
202300017959,2023-08-09 08:40:00,2023,8,9,8,40,10,10412,D610,48.312542,4.129701,Plein jour,Hors agglomération,Hors intersection,Normale,Deux véhicules - côté,3,3,2,0,1,3,1,0,1,110,2,2,1,0,0,1,51.0,56.0,utilitaire_camion,voiture,1,1,1,1,3
202300017960,2023-11-18 00:45:00,2023,11,18,0,45,94,94002,Quai Blanqui,48.80831,2.40993,Nuit avec éclairage allumé,En agglomération,Hors intersection,Pluie légère,Autre collision,3,2,2,0,1,1,2,0,1,50,1,1,0,0,1,0,17.0,,deux_roues,,5,2,1,2,6
202300017961,2023-08-09 10:35:00,2023,8,9,10,35,05,05085,N94 PK 171+450,44.927362,6.703935,Plein jour,Hors agglomération,Hors intersection,Normale,Sans collision,2,2,2,0,2,2,1,0,1,80,1,1,0,0,0,1,64.0,,deux_roues,,1,1,1,1,7
202300017962,2023-07-04 09:40:00,2023,7,4,9,40,69,69387,Rue de l'Epargne,45.74557,4.851,Plein jour,En agglomération,Intersection en T,Normale,Deux véhicules - arrière,4,2,2,2,1,1,1,0,1,30,2,2,1,0,0,1,23.0,33.0,voiture,deux_roues,1,2,3,1,2
202300017962,2023-07-04 09:40:00,2023,7,4,9,40,69,69387,Rue de l'Epargne,45.74557,4.851,Plein jour,En agglomération,Intersection en T,Normale,Deux véhicules - arrière,4,1,2,2,1,1,1,0,1,30,2,2,1,0,0,1,23.0,33.0,voiture,deux_roues,1,2,3,1,2
202300017963,2023-05-31 22:15:00,2023,5,31,22,15,76,76575,Boulevard Lénine,49.37903,1.11135,Nuit avec éclairage non allumé,Hors agglomération,Hors intersection,Normale,Deux véhicules - côté,7,3,4,0,1,1,1,0,1,70,2,2,1,0,1,0,35.0,60.0,deux_roues,utilitaire_camion,4,1,1,1,3
202300017964,2023-08-09 17:45:00,2023,8,9,17,45,76,76167,Route de Montivilliers,49.573328,0.155611,Plein jour,Hors agglomération,Intersection en X,Normale,Deux véhicules - frontale,3,2,2,0,1,1,1,0,1,80,2,2,1,0,0,1,25.0,49.0,voiture,voiture,1,1,2,1,1
202300017964,2023-08-09 17:45:00,2023,8,9,17,45,76,76167,Route de Montivilliers,49.573328,0.155611,Plein jour,Hors agglomération,Intersection en X,Normale,Deux véhicules - frontale,3,2,2,0,1,1,1,0,8,80,2,2,1,0,0,1,25.0,49.0,voiture,voiture,1,1,2,1,1
202300017965,2023-11-18 16:00:00,2023,11,18,16,0,93,93071,Avenue Henri Barbusse,48.93404109,2.54226592,Plein jour,En agglomération,Giratoire,Pluie forte,Deux véhicules - frontale,3,2,2,0,1,1,2,0,1,30,2,3,2,0,0,1,57.0,64.0,voiture,voiture,1,2,6,3,1
202300017966,2023-07-04 05:15:00,2023,7,4,5,15,972,97213,AUTOROUTE A1,14.61295888,-61.0093841,Nuit avec éclairage allumé,Hors agglomération,Hors intersection,Pluie légère,Deux véhicules - arrière,1,2,6,3,1,1,2,9,1,90,2,3,1,0,0,2,70.0,21.0,voiture,voiture,5,1,1,2,2
202300017967,2023-05-31 22:30:00,2023,5,31,22,30,71,71076,JUIN (RUE MARECHAL),46.80128,4.86487,Nuit avec éclairage allumé,En agglomération,Hors intersection,Normale,Autre collision,4,3,2,0,1,1,1,0,1,50,1,2,1,0,0,1,25.0,,voiture,,5,2,1,1,6
202300017968,2023-07-03 13:55:00,2023,7,3,13,55,972,97213,AUTOROUTE A1,14.61551,-61.01419,Plein jour,Hors agglomération,Hors intersection,Pluie légère,Trois véhicules et plus - en chaîne,1,-1,8,0,1,1,2,0,1,90,3,3,2,0,0,1,21.0,22.0,voiture,voiture,1,1,1,2,4
202300017969,2023-11-18 13:20:00,2023,11,18,13,20,93,93064,Avenue du Général de Gaulle,48.876888,2.480324,Plein jour,En agglomération,Hors intersection,Pluie légère,Deux véhicules - côté,3,1,2,0,1,1,2,0,4,30,2,2,1,0,0,1,12.0,54.0,deux_roues,utilitaire_camion,1,2,1,2,3
202300017970,2023-05-31 22:40:00,2023,5,31,22,40,69,69282,Route d'Azieu,45.75287751,5.01807899,Nuit avec éclairage non allumé,Hors agglomération,Giratoire,Pluie légère,Autre collision,7,2,4,3,1,3,2,0,3,50,1,1,0,0,0,1,21.0,,voiture,,4,1,6,2,6
202300017971,2023-08-09 20:10:00,2023,8,9,20,10,01,01109,RD 984,46.123032,5.899551,Plein jour,Hors agglomération,Hors intersection,Normale,Trois véhicules et plus - collisions multiples,3,2,2,0,2,3,1,1,1,70,3,4,2,0,2,0,31.0,79.0,voiture,voiture,1,1,1,1,5
202300017972,2023-07-04 13:50:00,2023,7,4,13,50,972,97209,REDOUTE (ROUTE DE LA),14.62903,-61.05591,Plein jour,En agglomération,Hors intersection,Normale,Deux véhicules - arrière,2,3,2,0,2,1,1,0,1,50,2,2,1,0,0,1,46.0,59.0,deux_roues,voiture,1,2,1,1,2
202300017973,2023-05-30 21:20:00,2023,5,30,21,20,69,69259,Boulevard du Docteur Coblod,45.70256,4.88917,Nuit avec éclairage allumé,En agglomération,Hors intersection,Normale,Deux véhicules - côté,4,2,2,2,1,1,1,0,1,50,2,3,2,0,0,1,28.0,42.0,deux_roues,voiture,5,2,1,1,3
202300017974,2023-11-18 08:20:00,2023,11,18,8,20,93,93064,Avenue du Général de Gaulle,48.88329733,2.47482354,Crépuscule ou aube,En agglomération,Hors intersection,Pluie forte,Deux véhicules - frontale,3,2,2,0,2,1,2,2,1,50,2,3,1,0,0,2,,33.0,voiture,voiture,2,2,1,3,1
202300017975,2023-08-10 02:37:00,2023,8,10,2,37,22,22025,Kermagotton,48.43439,-3.378822,Nuit sans éclairage public,Hors agglomération,Hors intersection,Pluie légère,Deux véhicules - frontale,3,2,2,0,1,1,2,0,1,80,2,3,1,0,0,2,48.0,53.0,utilitaire_camion,voiture,3,1,1,2,1
202300017976,2023-05-31 15:20:00,2023,5,31,15,20,64,64269,COMMANDANT RENE MOUCHOTTE DU,43.30175,-0.31632,Plein jour,En agglomération,Hors intersection,Normale,Autre collision,4,2,2,1,1,1,1,0,1,50,2,2,1,0,0,1,29.0,40.0,utilitaire_camion,deux_roues,1,2,1,1,6
202300017977,2023-11-18 16:30:00,2023,11,18,16,30,93,93032,Rue de Maison Rouge,48.89231,2.540697,Crépuscule ou aube,En agglomération,Hors intersection,Pluie forte,Autre collision,4,2,2,0,1,1,2,0,1,50,1,3,2,0,0,1,19.0,,voiture,,2,2,1,3,6
202300017978,2023-08-09 09:05:00,2023,8,9,9,5,42,42199,Route du Creux de Lan,46.030275,3.958015,Plein jour,Hors agglomération,Intersection en X,Normale,Deux véhicules - frontale,4,2,2,0,1,1,1,0,1,80,2,2,1,0,0,1,16.0,72.0,deux_roues,voiture,1,1,2,1,1
202300017979,2023-07-04 20:20:00,2023,7,4,20,20,69,69382,Quai Perrache,45.74536,4.82756,Plein jour,En agglomération,Intersection en Y,Normale,Deux véhicules - côté,4,1,2,0,1,1,1,0,1,50,2,3,2,0,0,1,32.0,70.0,deux_roues,voiture,1,2,4,1,3
202300017979,2023-07-04 20:20:00,2023,7,4,20,20,69,69382,Quai Perrache,45.74536,4.82756,Plein jour,En agglomération,Intersection en Y,Normale,Deux véhicules - côté,4,2,2,2,1,1,1,0,1,50,2,3,2,0,0,1,32.0,70.0,deux_roues,voiture,1,2,4,1,3
202300017980,2023-05-30 07:55:00,2023,5,30,7,55,64,64024,MONTBRUN (AVENUE DE),43.50377,-1.49667,Plein jour,En agglomération,Hors intersection,Normale,Deux véhicules - arrière,4,2,2,0,1,1,1,0,1,30,2,2,1,0,0,1,53.0,19.0,voiture,deux_roues,1,2,1,1,2
202300017981,2023-08-09 21:10:00,2023,8,9,21,10,58,58086,Boulevard de la République,47.410454,2.925743,Nuit avec éclairage allumé,En agglomération,Hors intersection,Normale,Deux véhicules - côté,4,2,2,0,1,1,1,0,1,50,2,2,1,0,1,0,25.0,32.0,deux_roues,voiture,5,2,1,1,3
202300017982,2023-05-31 21:27:00,2023,5,31,21,27,62,62771,Rue Edouard Vaillant,50.41973,2.87289,Crépuscule ou aube,En agglomération,Hors intersection,Normale,Autre collision,4,3,3,3,1,1,1,0,4,50,1,1,0,0,1,0,21.0,,deux_roues,,2,2,1,1,6
202300017983,2023-07-04 18:10:00,2023,7,4,18,10,69,69152,25 Chemin des Mûriers,45.69504,4.82427,Plein jour,En agglomération,Hors intersection,Normale,Deux véhicules - côté,4,2,2,2,1,1,1,0,5,50,2,3,2,0,0,1,58.0,41.0,voiture,deux_roues,1,2,1,1,3
202300017984,2023-08-10 10:25:00,2023,8,10,10,25,30,30096,D980,44.212952,4.491745,Plein jour,Hors agglomération,Intersection en T,Normale,Deux véhicules - côté,3,3,2,0,1,1,1,0,1,80,2,2,1,0,0,1,47.0,48.0,voiture,deux_roues,1,1,3,1,3
202300017984,2023-08-10 10:25:00,2023,8,10,10,25,30,30096,D980,44.212952,4.491745,Plein jour,Hors agglomération,Intersection en T,Normale,Deux véhicules - côté,3,2, -1,0,1,1,1,0,1,-1,2,2,1,0,0,1,47.0,48.0,voiture,deux_roues,1,1,3,1,3
202300017985,2023-05-31 06:10:00,2023,5,31,6,10,62,62548,RUE HENRI RAVISSE,50.9411,1.93726,Plein jour,En agglomération,Hors intersection,Normale,Autre collision,4,4,2,0,1,1,1,0,1,30,1,2,1,1,0,0,41.0,,utilitaire_camion,,1,2,1,1,6
202300017986,2023-11-17 12:00:00,2023,11,17,12,0,93,93032,Avenue de la Passerelle / Rue de Valenciennes,48.86659,2.5623,Plein jour,En agglomération,Intersection en X,Pluie légère,Deux véhicules - côté,4,2,2,0,1,1,2,0,1,50,2,2,1,0,0,1,35.0,56.0,voiture,utilitaire_camion,1,2,2,2,3
202300017986,2023-11-17 12:00:00,2023,11,17,12,0,93,93032,Avenue de la Passerelle / Rue de Valenciennes,48.86659,2.5623,Plein jour,En agglomération,Intersection en X,Pluie légère,Deux véhicules - côté,4,2,2,0,1,1,2,0,1,50,2,2,1,0,0,1,35.0,56.0,voiture,utilitaire_camion,1,2,2,2,3
202300017987,2023-08-09 07:50:00,2023,8,9,7,50,22,22020,D712,48.30611,-2.235675,Plein jour,Hors agglomération,Hors intersection,Normale,Autre collision,3,2,2,0,1,1,1,0,3,80,1,1,0,0,1,0,52.0,,voiture,,1,1,1,1,6
202300017988,2023-07-04 18:20:00,2023,7,4,18,20,69,69389,4 Rue de la Navigation,45.78747,4.81409,Plein jour,En agglomération,Hors intersection,Normale,Deux véhicules - côté,4,2,2,0,1,1,1,0,1,30,2,2,1,0,0,1,22.0,68.0,voiture,deux_roues,1,2,1,1,3
202300017989,2023-08-07 14:45:00,2023,8,7,14,45,56,56024,D17,48.124452,-2.69098,Plein jour,Hors agglomération,Intersection en T,Normale,Deux véhicules - côté,3,2,2,0,1,1,1,0,1,80,2,2,1,0,1,0,30.0,70.0,voiture,voiture,1,1,3,1,3
202300017989,2023-08-07 14:45:00,2023,8,7,14,45,56,56024,D17,48.124452,-2.69098,Plein jour,Hors agglomération,Intersection en T,Normale,Deux véhicules - côté,3,2,2,-1,1,1,1,0,1,80,2,2,1,0,1,0,30.0,70.0,voiture,voiture,1,1,3,1,3
202300017990,2023-05-31 11:50:00,2023,5,31,11,50,61,61001,Pl du 103e Regiment d’Infanterie,48.4272,0.08945,Plein jour,En agglomération,Intersection en X,Normale,Deux véhicules - arrière,4,2,2,0,1,1,1,0,1,30,2,4,3,0,0,1,44.0,26.0,voiture,deux_roues,1,2,2,1,2
202300017990,2023-05-31 11:50:00,2023,5,31,11,50,61,61001,Pl du 103e Regiment d’Infanterie,48.4272,0.08945,Plein jour,En agglomération,Intersection en X,Normale,Deux véhicules - arrière,4,2,2,0,1,1,1,6,1,30,2,4,3,0,0,1,44.0,26.0,voiture,deux_roues,1,2,2,1,2
202300017991,2023-06-23 19:00:00,2023,6,23,19,0,971,97101,CHAUFFOUR,16.23029,-61.52032,Nuit sans éclairage public,En agglomération,Autre intersection,Pluie légère,Autre collision,4,2,1,0,2,4,2,0,8,50,2,2,1,0,0,1,,23.0,utilitaire_camion,deux_roues,3,2,9,2,6
202300017992,2023-11-18 07:10:00,2023,11,18,7,10,93,93029,Rue de la République,48.92167,2.44451,Nuit avec éclairage allumé,En agglomération,Hors intersection,Pluie légère,Trois véhicules et plus - en chaîne,4,2,3,1,1,1,2,0,1,50,3,5,4,0,1,0,28.0,37.0,voiture,utilitaire_camion,5,2,1,2,4
202300017993,2023-05-31 14:28:00,2023,5,31,14,28,60,60057,Rue du Moulin de Bracheux,49.426499,2.117,Plein jour,Hors agglomération,Hors intersection,Normale,Deux véhicules - arrière,4,-1,2,0,1,1,1,0,1,70,2,2,1,0,0,1,78.0,28.0,voiture,voiture,1,1,1,1,2
202300017994,2023-07-03 14:33:00,2023,7,3,14,33,971,97101,PERRIN (SECTEUR),16.2818,-61.51138,Plein jour,Hors agglomération,Autre intersection,Normale,Deux véhicules - côté,3,2,0,0,1,1,1,8,1,50,2,2,1,0,0,1,22.0,22.0,voiture,voiture,1,1,9,1,3
202300017995,2023-08-08 14:11:00,2023,8,8,14,11,56,56154,La Croix des Bois,47.704657,-2.213799,Plein jour,Hors agglomération,Intersection en X,Normale,Deux véhicules - côté,3,2,2,-1,1,1,1,0,1,-1,2,2,1,0,1,0,55.0,36.0,voiture,voiture,1,1,2,1,3
202300017995,2023-08-08 14:11:00,2023,8,8,14,11,56,56154,La Croix des Bois,47.704657,-2.213799,Plein jour,Hors agglomération,Intersection en X,Normale,Deux véhicules - côté,3,2,2,0,2,1,1,0,1,80,2,2,1,0,1,0,55.0,36.0,voiture,voiture,1,1,2,1,3