accident_id,datetime,annee,mois,jour,heure,minute,departement,commune_insee,adresse,latitude,longitude,luminosite,agglomeration,intersection,meteo,collision,catr,circ,nbv,vosp,prof,plan,surf,infra,situ,vma,nb_vehicules,nb_usagers,nb_indemnes,nb_tues,nb_blesses_hosp,nb_blesses_legers,age_cond_1,age_cond_2,veh_type_cond_1,veh_type_cond_2,lum_code,agg_code,int_code,atm_code,col_code
202300017996,2023-11-18 20:30:00,2023,11,18,20,30,92,92076,JARDY,48.83266,2.1531,Nuit avec éclairage allumé,En agglomération,Hors intersection,Pluie légère,Sans collision,3,-1,2,0,1,3,2,0,1,50,1,1,0,0,0,1,37.0,,deux_roues,,5,2,1,2,7
202300017997,2023-08-10 00:00:00,2023,8,10,0,0,2A,2A269,Route Territoriale 10,41.829026,9.403782,Nuit sans éclairage public,Hors agglomération,Hors intersection,Normale,Autre collision,2,2,2,0,1,2,1,0,3,80,1,2,0,0,2,0,20.0,,voiture,,3,1,1,1,6
202300017998,2023-05-31 10:40:00,2023,5,31,10,40,54,54431,Avenue Guynemer,48.91671,6.06301,Plein jour,En agglomération,Intersection en X,Normale,Autre collision,3,2,2,0,1,1,1,0,1,50,1,2,1,0,0,1,50.0,,voiture,,1,2,2,1,6
202300017998,2023-05-31 10:40:00,2023,5,31,10,40,54,54431,Avenue Guynemer,48.91671,6.06301,Plein jour,En agglomération,Intersection en X,Normale,Autre collision,3,2,3,0,1,1,1,0,1,50,1,2,1,0,0,1,50.0,,voiture,,1,2,2,1,6
202300017999,2023-07-04 20:15:00,2023,7,4,20,15,2A,2A004,NAPOLEON COURS APRES BEVERINI,41.9308,8.73959,Plein jour,En agglomération,Hors intersection,Normale,Deux véhicules - côté,4,1,3,0,1,1,1,0,1,50,2,3,1,0,0,2,33.0,41.0,voiture,deux_roues,1,2,1,1,3
202300018000,2023-11-18 07:35:00,2023,11,18,7,35,93,93070,Rue Pierre Dreyfus,48.90512022,2.32053751,Crépuscule ou aube,En agglomération,Hors intersection,Pluie légère,Autre collision,4,2,2,0,1,1,2,5,1,50,1,2,1,0,0,1,51.0,,voiture,,2,2,1,2,6
202300018001,2023-08-10 18:40:00,2023,8,10,18,40,80,80324,Rue du Haut,49.943213,1.808804,Plein jour,En agglomération,Hors intersection,Normale,Autre collision,4,2,2,0,1,1,1,0,1,50,1,1,0,0,1,0,15.0,,deux_roues,,1,2,1,1,6
202300018002,2023-07-04 11:45:00,2023,7,4,11,45,2A,2A004,SARTENE ANCIENNE ROUTE,41.92977,8.76372,Plein jour,En agglomération,Hors intersection,Normale,Deux véhicules - côté,3,2,2,0,2,4,1,0,1,50,2,2,1,0,0,1,31.0,50.0,deux_roues,voiture,1,2,1,1,3
202300018003,2023-05-30 17:38:00,2023,5,30,17,38,54,54184,Avenue de Brigachtal,48.70330801,6.22918904,Plein jour,En agglomération,Hors intersection,Normale,Deux véhicules - arrière,4,3,3,0,1,1,1,0,1,50,2,3,2,0,0,1,37.0,25.0,voiture,voiture,1,2,1,1,2
202300018004,2023-08-09 17:45:00,2023,8,9,17,45,65,65127,D817,43.11599,0.319998,Plein jour,Hors agglomération,Hors intersection,Normale,Trois véhicules et plus - en chaîne,3,2,2,0,2,4,1,0,1,90,3,4,2,0,0,2,50.0,32.0,voiture,voiture,1,1,1,1,4
202300018005,2023-07-04 17:20:00,2023,7,4,17,20,91,91477,HUIT MAI 1945 (AVENUE DU),48.71257,2.2457,Plein jour,En agglomération,Hors intersection,Normale,Deux véhicules - côté,3,2,0,0,1,1,1,0,1,50,2,2,1,0,0,1,37.0,52.0,voiture,deux_roues,1,2,1,1,3
202300018006,2023-05-31 20:56:00,2023,5,31,20,56,54,54254,Rue de la Seine,49.509553,5.808073,Crépuscule ou aube,En agglomération,Hors intersection,Normale,Autre collision,4,1, -1,0,1,1,1,0,1,50,1,1,0,0,1,0,19.0,,deux_roues,,2,2,1,1,6
202300018007,2023-11-18 22:20:00,2023,11,18,22,20,2A,2A272,RT 40,41.625596,8.957012,Nuit sans éclairage public,Hors agglomération,Hors intersection,Normale,Trois véhicules et plus - collisions multiples,2,2,2,0,2,3,1,0,1,80,3,6,4,0,1,1,32.0,32.0,voiture,voiture,3,1,1,1,5
202300018008,2023-08-10 07:00:00,2023,8,10,7,0,33,33540,Rue de l?Abbe Banneau,45.349702,-1.042371,Plein jour,Hors agglomération,Hors intersection,Normale,Autre collision,4,2,2,0,1,1,1,0,3,80,1,1,0,1,0,0,21.0,,voiture,,1,1,1,1,6
202300018009,2023-07-04 09:10:00,2023,7,4,9,10,91,91201,AV DU GENERAL DE GAULLE,48.68642,2.40409,Plein jour,En agglomération,Hors intersection,Normale,Deux véhicules - côté,3,2,3,0,2,1,1,0,1,50,2,2,1,0,0,1,25.0,23.0,voiture,deux_roues,1,2,1,1,3
202300018010,2023-11-18 10:10:00,2023,11,18,10,10,2A,2A065,Rue de la République,42.134712,8.596866,Plein jour,En agglomération,Hors intersection,Normale,Autre collision,3,2,2,0,1,2,1,0,1,30,1,2,1,0,1,0,42.0,,voiture,,1,2,1,1,6
202300018011,2023-05-31 07:45:00,2023,5,31,7,45,45,45302,Parc d'Activités des Vallées,47.94287296,1.8948884,Plein jour,En agglomération,Hors intersection,Normale,Deux véhicules - côté,4,2,1,0,1,1,1,0,1,50,2,2,1,0,0,1,20.0,22.0,voiture,deux_roues,1,2,1,1,3
202300018012,2023-08-09 20:30:00,2023,8,9,20,30,33,33506,1074 Route de La réole,44.68376,-0.076457,Crépuscule ou aube,En agglomération,Hors intersection,Normale,Autre collision,3,2,2,0,2,1,1,0,3,50,1,2,1,0,1,0,18.0,,voiture,,2,2,1,1,6
202300018013,2023-07-03 19:00:00,2023,7,3,19,0,91,91286,VLAMINCK (RUE),48.6563,2.39259,Plein jour,En agglomération,Hors intersection,Normale,Autre collision,4,2,1,0,3,1,1,0,1,50,1,2,1,0,0,1,21.0,,voiture,,1,2,1,1,6
202300018014,2023-08-09 23:30:00,2023,8,9,23,30,33,33404,Route départementale 16,44.631238,0.079629,Nuit sans éclairage public,Hors agglomération,Hors intersection,Normale,Deux véhicules - arrière,3,2,2,0,2,1,1,0,1,80,2,2,1,1,0,0,22.0,79.0,voiture,deux_roues,3,1,1,1,2
202300018015,2023-11-18 13:50:00,2023,11,18,13,50,17,17420,rue du mississipi RD109,46.10835,-1.051426,Plein jour,Hors agglomération,Intersection en Y,Normale,Deux véhicules - côté,3,2,2,0,1,2,1,0,1,50,2,2,1,0,1,0,62.0,44.0,deux_roues,voiture,1,1,4,1,3
202300018015,2023-11-18 13:50:00,2023,11,18,13,50,17,17420,rue du mississipi RD109,46.10835,-1.051426,Plein jour,Hors agglomération,Intersection en Y,Normale,Deux véhicules - côté,3,2,2,0,1,2,1,0,1,50,2,2,1,0,1,0,62.0,44.0,deux_roues,voiture,1,1,4,1,3
202300018016,2023-05-31 09:55:00,2023,5,31,9,55,44,44109,Rue du Chêne Vert,47.23832,-1.5868,Plein jour,En agglomération,Intersection en T,Normale,Trois véhicules et plus - en chaîne,4,2,0,0,1,1,1,0,1,30,3,3,2,0,0,1,10.0,45.0,deux_roues,voiture,1,2,3,1,4
202300018016,2023-05-31 09:55:00,2023,5,31,9,55,44,44109,Rue du Chêne Vert,47.23832,-1.5868,Plein jour,En agglomération,Intersection en T,Normale,Trois véhicules et plus - en chaîne,4,1,1,2,1,1,1,0,1,30,3,3,2,0,0,1,10.0,45.0,deux_roues,voiture,1,2,3,1,4
202300018017,2023-07-04 14:20:00,2023,7,4,14,20,91,91326,COUR DE FRANCE (AVENUE DE LA),48.68816,2.3715,Plein jour,En agglomération,Intersection en T,Pluie légère,Trois véhicules et plus - en chaîne,3,1,2,0,2,1,2,0,1,50,3,3,2,0,0,1,36.0,38.0,voiture,utilitaire_camion,1,2,3,2,4
202300018017,2023-07-04 14:20:00,2023,7,4,14,20,91,91326,COUR DE FRANCE (AVENUE DE LA),48.68816,2.3715,Plein jour,En agglomération,Intersection en T,Pluie légère,Trois véhicules et plus - en chaîne,3,2,2,0,1,1,2,0,1,50,3,3,2,0,0,1,36.0,38.0,voiture,utilitaire_camion,1,2,3,2,4
202300018018,2023-08-06 19:50:00,2023,8,6,19,50,33,33236,D106,44.686497,-1.246321,Plein jour,Hors agglomération,Intersection en T,Normale,Deux véhicules - côté,3,2,2,0,1,3,1,0,1,70,2,3,1,0,1,1,35.0,25.0,voiture,deux_roues,1,1,3,1,3
202300018018,2023-08-06 19:50:00,2023,8,6,19,50,33,33236,D106,44.686497,-1.246321,Plein jour,Hors agglomération,Intersection en T,Normale,Deux véhicules - côté,3,2, -1,-1,1,1,1,0,1,70,2,3,1,0,1,1,35.0,25.0,voiture,deux_roues,1,1,3,1,3
202300018019,2023-07-04 12:10:00,2023,7,4,12,10,91,91223,SAINT JACQUES (RUE),48.43169,2.1514,Plein jour,En agglomération,Hors intersection,Normale,Deux véhicules - frontale,4,2,2,0,1,1,1,0,1,50,2,2,1,0,0,1,36.0,39.0,deux_roues,voiture,1,2,1,1,1
202300018020,2023-05-30 09:00:00,2023,5,30,9,0,44,44109,4 Boulevard Léon Jouhaux,47.20953,-1.5959,Plein jour,En agglomération,Giratoire,Normale,Autre collision,4,1,1,0,1,1,1,0,1,30,1,2,1,1,0,0,65.0,,voiture,,1,2,6,1,6
202300018020,2023-05-30 09:00:00,2023,5,30,9,0,44,44109,4 Boulevard Léon Jouhaux,47.20953,-1.5959,Plein jour,En agglomération,Giratoire,Normale,Autre collision,4,3,2,2,1,1,1,0,1,30,1,2,1,1,0,0,65.0,,voiture,,1,2,6,1,6
202300018021,2023-11-17 09:00:00,2023,11,17,9,0,06,06161,Avenue Saint Andrieu,43.647151,7.136446,Plein jour,Hors agglomération,Intersection en Y,Normale,Deux véhicules - côté,3,4,2,0,2,1,1,0,1,50,2,2,1,0,0,1,58.0,23.0,voiture,deux_roues,1,1,4,1,3
202300018021,2023-11-17 09:00:00,2023,11,17,9,0,06,06161,Avenue Saint Andrieu,43.647151,7.136446,Plein jour,Hors agglomération,Intersection en Y,Normale,Deux véhicules - côté,3,2,2,0,2,1,1,0,1,50,2,2,1,0,0,1,58.0,23.0,voiture,deux_roues,1,1,4,1,3
202300018022,2023-08-06 19:45:00,2023,8,6,19,45,32,32007,Lieu-dit A Miché 2,43.735647,0.978395,Plein jour,Hors agglomération,Hors intersection,Normale,Autre collision,3,2,2,0,1,3,1,0,3,80,1,2,0,0,1,1,46.0,,deux_roues,,1,1,1,1,6
202300018023,2023-06-23 11:12:00,2023,6,23,11,12,87,87085,BRIQUET (RUE GEORGES),45.84194,1.23048,Plein jour,En agglomération,Hors intersection,Normale,Sans collision,4,2,2,0,1,1,1,0,1,50,1,1,0,0,0,1,44.0,,deux_roues,,1,2,1,1,7
202300018024,2023-11-18 17:05:00,2023,11,18,17,5,05,05093,Col de l'échelle R D 1 T,45.02168,6.644277,Crépuscule ou aube,Hors agglomération,Hors intersection,Normale,Autre collision,3,2,2,0,2,1,1,0,3,80,1,2,0,0,0,2,83.0,,voiture,,2,1,1,1,6
202300018025,2023-08-09 11:30:00,2023,8,9,11,30,71,71419,9 place du marché,46.752746,5.242651,Plein jour,En agglomération,Intersection en T,Normale,Autre collision,3,2,2,0,1,1,1,0,1,50,1,2,1,1,0,0,89.0,,voiture,,1,2,3,1,6
202300018025,2023-08-09 11:30:00,2023,8,9,11,30,71,71419,9 place du marché,46.752746,5.242651,Plein jour,En agglomération,Intersection en T,Normale,Autre collision,3,-1, -1,0,1,1,1,0,1,-1,1,2,1,1,0,0,89.0,,voiture,,1,2,3,1,6
202300018026,2023-05-26 23:00:00,2023,5,26,23,0,42,42218,Rue des Alliés,45.4395,4.39788,Nuit avec éclairage allumé,En agglomération,Intersection en X,Normale,Deux véhicules - arrière,4,2,4,0,1,1,1,5,1,50,2,2,1,0,0,1,33.0,20.0,utilitaire_camion,deux_roues,5,2,2,1,2
202300018026,2023-05-26 23:00:00,2023,5,26,23,0,42,42218,Rue des Alliés,45.4395,4.39788,Nuit avec éclairage allumé,En agglomération,Intersection en X,Normale,Deux véhicules - arrière,4,2,4,-1,1,3,1,5,1,-1,2,2,1,0,0,1,33.0,20.0,utilitaire_camion,deux_roues,5,2,2,1,2
202300018027,2023-07-03 16:33:00,2023,7,3,16,33,87,87050,RN520,45.892801,1.25085354,Plein jour,Hors agglomération,Hors intersection,Normale,Deux véhicules - frontale,2,2,2,0,1,3,1,0,1,80,2,4,1,0,0,3,53.0,54.0,utilitaire_camion,voiture,1,1,1,1,1
202300018028,2023-11-17 19:30:00,2023,11,17,19,30,972,97222,N1,14.661994,-60.969636,Crépuscule ou aube,Hors agglomération,Intersection en X,Normale,Deux véhicules - côté,2,2,2,0,1,1,1,0,1,80,2,3,1,0,1,1,24.0,63.0,deux_roues,utilitaire_camion,2,1,2,1,3
202300018028,2023-11-17 19:30:00,2023,11,17,19,30,972,97222,N1,14.661994,-60.969636,Crépuscule ou aube,Hors agglomération,Intersection en X,Normale,Deux véhicules - côté,2,-1, -1,-1,-1,-1,-1,-1,-1,-1,2,3,1,0,1,1,24.0,63.0,deux_roues,utilitaire_camion,2,1,2,1,3
202300018029,2023-08-09 15:40:00,2023,8,9,15,40,63,63262,Rue des Percèdes/voie romaine,45.703029,3.167308,Plein jour,En agglomération,Intersection en X,Normale,Deux véhicules - côté,4,2,2,0,1,1,1,0,1,50,2,2,1,0,0,1,15.0,27.0,deux_roues,utilitaire_camion,1,2,2,1,3
202300018029,2023-08-09 15:40:00,2023,8,9,15,40,63,63262,Rue des Percèdes/voie romaine,45.703029,3.167308,Plein jour,En agglomération,Intersection en X,Normale,Deux véhicules - côté,4,2,2,0,1,1,1,5,1,50,2,2,1,0,0,1,15.0,27.0,deux_roues,utilitaire_camion,1,2,2,1,3
202300018030,2023-05-30 15:50:00,2023,5,30,15,50,38,38185,RUE LÉON JOUHAUX,45.17581,5.74403,Plein jour,En agglomération,Hors intersection,Normale,Autre collision,4,2,2,0,1,1,1,0,1,30,1,2,1,0,1,0,46.0,,voiture,,1,2,1,1,6
202300018031,2023-06-01 16:50:00,2023,6,1,16,50,83,83129,MER (AVENUE DE LA) N°IMPAIRS,43.10187,5.82219,Plein jour,En agglomération,Intersection en T,Normale,Autre collision,3,2,1,0,1,1,1,0,5,30,1,2,1,0,1,0,69.0,,voiture,,1,2,3,1,6
202300018031,2023-06-01 16:50:00,2023,6,1,16,50,83,83129,MER (AVENUE DE LA) N°IMPAIRS,43.10187,5.82219,Plein jour,En agglomération,Intersection en T,Normale,Autre collision,3,2,1,0,1,1,1,0,5,50,1,2,1,0,1,0,69.0,,voiture,,1,2,3,1,6
202300018032,2023-11-19 07:10:00,2023,11,19,7,10,42,42284,N7,46.090555,4.007092,Nuit sans éclairage public,Hors agglomération,Hors intersection,Temps couvert,Autre collision,2,2,2,0,2,1,1,0,3,80,1,1,0,0,1,0,59.0,,utilitaire_camion,,3,1,1,8,6
202300018033,2023-08-09 09:45:00,2023,8,9,9,45,68,68090,Rue Xavier Desgrandchamps,47.489665,7.326601,Plein jour,En agglomération,Hors intersection,Normale,Sans collision,6,-1, -1,0,1,1,1,0,1,50,1,1,0,0,1,0,88.0,,voiture,,1,2,1,1,7
202300018034,2023-05-27 19:00:00,2023,5,27,19,0,34,34003,D612 PR 45+130,43.30446,3.50779,Plein jour,Hors agglomération,Autre intersection,Normale,Autre collision,3,3,0,0,1,1,1,3,3,110,1,1,0,1,0,0,54.0,,deux_roues,,1,1,9,1,6
202300018035,2023-08-09 23:40:00,2023,8,9,23,40,39,39495,,46.968779,5.88888,Nuit sans éclairage public,Hors agglomération,Hors intersection,Normale,Autre collision,4,2,2,0,2,3,1,0,3,30,1,4,3,0,1,0,18.0,,voiture,,3,1,1,1,6
202300018036,2023-07-04 17:40:00,2023,7,4,17,40,83,83034,BOULEVARD DE LA LIBERTÉ,43.09251,6.07699,Plein jour,En agglomération,Autre intersection,Normale,Deux véhicules - côté,3,1,2,0,1,2,1,0,1,50,2,2,1,0,1,0,40.0,63.0,voiture,deux_roues,1,2,9,1,3
202300018037,2023-11-19 15:35:00,2023,11,19,15,35,36,36239,,46.46894924,1.49639861,Plein jour,Hors agglomération,Hors intersection,Normale,Deux véhicules - arrière,1,3,4,0,2,3,1,0,1,130,2,4,2,0,2,0,28.0,26.0,voiture,utilitaire_camion,1,1,1,1,2
202300018038,2023-05-31 12:55:00,2023,5,31,12,55,33,33119,Rue du Docteur Pierre Masfrand,44.85804,-0.53539,Plein jour,En agglomération,Intersection en X,Normale,Deux véhicules - côté,4,2,2,0,1,1,1,0,1,30,2,4,3,0,0,1,26.0,60.0,deux_roues,voiture,1,2,2,1,3
202300018038,2023-05-31 12:55:00,2023,5,31,12,55,33,33119,Rue du Docteur Pierre Masfrand,44.85804,-0.53539,Plein jour,En agglomération,Intersection en X,Normale,Deux véhicules - côté,4,1,2,2,1,1,1,0,1,30,2,4,3,0,0,1,26.0,60.0,deux_roues,voiture,1,2,2,1,3
202300018039,2023-08-09 12:43:00,2023,8,9,12,43,29,29150,Rue de Bellevue,47.805552,-3.628665,Plein jour,En agglomération,Hors intersection,Normale,Deux véhicules - côté,4,2,2,0,1,1,1,0,1,50,2,3,1,0,2,0,50.0,61.0,voiture,deux_roues,1,2,1,1,3
202300018040,2023-11-19 10:30:00,2023,11,19,10,30,87,87202,55 Route de Saint Junien,45.892695,1.05436,Plein jour,En agglomération,Hors intersection,Pluie légère,Autre collision,3,2,2,0,2,1,2,0,1,50,2,2,1,0,0,1,37.0,39.0,voiture,deux_roues,1,2,1,2,6
202300018041,2023-06-03 16:45:00,2023,6,3,16,45,78,78350,MONTBUISSON (RUE DE),48.86026,2.12089,Plein jour,En agglomération,Intersection en T,Normale,Autre collision,4,2,1,0,1,1,1,0,1,50,1,1,0,1,0,0,90.0,,voiture,,1,2,3,1,6
202300018041,2023-06-03 16:45:00,2023,6,3,16,45,78,78350,MONTBUISSON (RUE DE),48.86026,2.12089,Plein jour,En agglomération,Intersection en T,Normale,Autre collision,4,1,1,0,1,1,1,0,1,50,1,1,0,1,0,0,90.0,,voiture,,1,2,3,1,6
202300018042,2023-08-09 10:45:00,2023,8,9,10,45,29,29020,Route de Menez Rouz,48.05297484,-4.05322552,Plein jour,Hors agglomération,Intersection en X,Normale,Deux véhicules - côté,4,2,2,0,1,1,1,0,1,80,2,2,1,0,1,0,78.0,39.0,deux_roues,voiture,1,1,2,1,3
202300018042,2023-08-09 10:45:00,2023,8,9,10,45,29,29020,Route de Menez Rouz,48.05297484,-4.05322552,Plein jour,Hors agglomération,Intersection en X,Normale,Deux véhicules - côté,4,2,2,0,2,1,1,0,1,80,2,2,1,0,1,0,78.0,39.0,deux_roues,voiture,1,1,2,1,3
202300018043,2023-05-31 10:20:00,2023,5,31,10,20,29,29232,Boulevard des Frères Maillet,48.00172,-4.09311,Plein jour,En agglomération,Intersection en T,Normale,Deux véhicules - côté,4,2,2,0,1,1,1,0,1,50,2,3,1,0,0,2,18.0,37.0,voiture,voiture,1,2,3,1,3
202300018043,2023-05-31 10:20:00,2023,5,31,10,20,29,29232,Boulevard des Frères Maillet,48.00172,-4.09311,Plein jour,En agglomération,Intersection en T,Normale,Deux véhicules - côté,4,-1,2,0,1,1,1,0,1,50,2,3,1,0,0,2,18.0,37.0,voiture,voiture,1,2,3,1,3
202300018044,2023-07-04 13:09:00,2023,7,4,13,9,78,78498,Rue du Port,48.93389,2.03866,Plein jour,En agglomération,Hors intersection,Normale,Deux véhicules - côté,4,-1,2,0,1,2,1,0,1,30,2,2,1,0,0,1,55.0,51.0,utilitaire_camion,voiture,1,2,1,1,3
202300018045,2023-05-30 19:55:00,2023,5,30,19,55,28,28218,BRUXELLES (RUE DE),48.43,1.44,Plein jour,En agglomération,Hors intersection,Normale,Autre collision,4,2,2,0,1,1,1,0,1,50,1,2,1,0,0,1,57.0,,transport_commun,,1,2,1,1,6
202300018046,2023-08-09 18:30:00,2023,8,9,18,30,29,29197,Rue de Locquéran,48.01853957,-4.5251441,Plein jour,En agglomération,Hors intersection,Normale,Trois véhicules et plus - en chaîne,3,2,2,0,2,1,1,0,1,50,3,3,2,0,1,0,69.0,60.0,deux_roues,voiture,1,2,1,1,4
202300018047,2023-11-19 00:01:00,2023,11,19,0,1,77,77182,D934,48.775758,3.31532,Nuit avec éclairage non allumé,En agglomération,Hors intersection,Pluie légère,Deux véhicules - frontale,3,2,2,0,1,1,2,0,1,50,2,5,1,0,4,0,76.0,29.0,voiture,voiture,4,2,1,2,1
202300018048,2023-05-31 18:40:00,2023,5,31,18,40,22,22278,RN12,48.50803,-2.73672,Plein jour,Hors agglomération,Autre intersection,Normale,Autre collision,2,3,4,0,1,1,1,0,1,110,1,1,0,0,0,1,75.0,,voiture,,1,1,9,1,6
202300018049,2023-08-09 11:28:00,2023,8,9,11,28,15,15119,RD 21,45.25544,3.177283,Plein jour,Hors agglomération,Hors intersection,Normale,Sans collision,3,3,2,0,2,2,1,8,1,50,1,1,0,0,0,1,26.0,,deux_roues,,1,1,1,1,7
202300018050,2023-11-18 18:07:00,2023,11,18,18,7,56,56177,Route de Landaul,47.769626,-3.025939,Nuit sans éclairage public,Hors agglomération,Intersection en T,Pluie légère,Deux véhicules - côté,3,2,2,0,1,1,2,0,1,50,2,2,1,1,0,0,56.0,16.0,utilitaire_camion,deux_roues,3,1,3,2,3
202300018050,2023-11-18 18:07:00,2023,11,18,18,7,56,56177,Route de Landaul,47.769626,-3.025939,Nuit sans éclairage public,Hors agglomération,Intersection en T,Pluie légère,Deux véhicules - côté,3,2,2,-1,3,1,2,0,1,-1,2,2,1,1,0,0,56.0,16.0,utilitaire_camion,deux_roues,3,1,3,2,3
202300018051,2023-05-31 18:30:00,2023,5,31,18,30,13,13215,LITTORAL (CHEMIN DU),43.33634,5.35339,Plein jour,En agglomération,Hors intersection,Pluie légère,Deux véhicules - frontale,4,2,2,3,2,1,2,0,1,50,2,2,1,0,1,0,19.0,25.0,deux_roues,transport_commun,1,2,1,2,1
202300018052,2023-07-04 17:55:00,2023,7,4,17,55,77,77495,EUROPE (AVENUE DE L'),48.56594,2.63032,Plein jour,En agglomération,Hors intersection,Normale,Deux véhicules - côté,4,2,2,0,1,1,1,0,1,50,2,2,1,0,0,1,25.0,54.0,voiture,deux_roues,1,2,1,1,3
202300018053,2023-08-08 16:30:00,2023,8,8,16,30,01,01093,D936,46.123758,4.950266,Plein jour,Hors agglomération,Hors intersection,Normale,Deux véhicules - côté,3,2,2,0,4,1,1,0,3,70,2,3,2,0,0,1,75.0,63.0,voiture,deux_roues,1,1,1,1,3
202300018054,2023-07-04 20:20:00,2023,7,4,20,20,77,77284,BRIAND (RUE ARISTIDE),48.95586,2.88953,Plein jour,En agglomération,Hors intersection,Normale,Deux véhicules - frontale,4,1,2,0,1,1,1,0,1,50,2,2,1,0,0,1,24.0,27.0,voiture,deux_roues,1,2,1,1,1
202300018055,2023-08-09 18:30:00,2023,8,9,18,30,26,26125,route d'allex,44.756867,4.95139,Plein jour,Hors agglomération,Autre intersection,Temps éblouissant,Autre collision,3,2,2,0,1,1,1,0,1,70,2,2,1,0,1,0,30.0,46.0,deux_roues,utilitaire_camion,1,1,9,7,6
202300018056,2023-05-30 11:46:00,2023,5,30,11,46,11,11069, -,43.2363,2.3703,Plein jour,Hors agglomération,Hors intersection,Normale,Deux véhicules - côté,3,2,2,0,1,1,1,0,1,50,2,2,1,0,0,1,28.0,48.0,voiture,deux_roues,1,1,1,1,3
202300018057,2023-11-19 18:10:00,2023,11,19,18,10,76,76597,D149,49.753171,0.889549,Nuit sans éclairage public,Hors agglomération,Hors intersection,Pluie légère,Trois véhicules et plus - en chaîne,3,2,2,0,1,1,2,0,1,80,3,3,2,0,0,1,44.0,17.0,utilitaire_camion,deux_roues,3,1,1,2,4
202300018058,2023-11-18 21:00:00,2023,11,18,21,0,79,79172,,46.510385,-0.333581,Nuit sans éclairage public,Hors agglomération,Hors intersection,Pluie légère,Sans collision,4,2,2,0,1,2,2,0,3,30,1,1,0,0,1,0,25.0,,voiture,,3,1,1,2,7
202300018059,2023-08-09 17:45:00,2023,8,9,17,45,66,66193,,42.565702,2.313716,Plein jour,Hors agglomération,Hors intersection,Normale,Deux véhicules - arrière,2,2,2,0,2,1,1,0,1,80,2,3,2,0,0,1,35.0,62.0,utilitaire_camion,deux_roues,1,1,1,1,2
202300018060,2023-05-30 11:00:00,2023,5,30,11,0,11,11069,19 Boulevard Paul Sabatier,43.2159,2.3606,Plein jour,En agglomération,Hors intersection,Normale,Deux véhicules - arrière,4,-1,1,0,1,1,1,0,1,30,2,2,1,0,0,1,27.0,34.0,voiture,voiture,1,2,1,1,2
202300018061,2023-07-03 11:35:00,2023,7,3,11,35,76,76351,ACACIAS (DES),49.50899,0.14046,Plein jour,En agglomération,Intersection en T,Normale,Autre collision,4,2,3,0,2,1,1,0,1,50,1,2,1,0,1,0,50.0,,voiture,,1,2,3,1,6
202300018061,2023-07-03 11:35:00,2023,7,3,11,35,76,76351,ACACIAS (DES),49.50899,0.14046,Plein jour,En agglomération,Intersection en T,Normale,Autre collision,4,2,5,2,2,3,1,4,1,50,1,2,1,0,1,0,50.0,,voiture,,1,2,3,1,6
202300018062,2023-07-29 23:35:00,2023,7,29,23,35,05,05011,RD942,44.525693,6.177658,Nuit sans éclairage public,Hors agglomération,Hors intersection,Normale,Sans collision,3,2,2,0,1,1,2,0,3,90,1,1,0,1,0,0,28.0,,voiture,,3,1,1,1,7
202300018063,2023-05-28 18:00:00,2023,5,28,18,0,06,06083,DELATTRE DE TASSIGNY (ALLEE),43.788,7.493,Plein jour,En agglomération,Hors intersection,Normale,Deux véhicules - frontale,4,2,2,0,1,1,1,0,1,50,2,2,1,0,0,1,74.0,84.0,utilitaire_camion,voiture,1,2,1,1,1
202300018064,2023-08-09 17:00:00,2023,8,9,17,0,10,10287,D50,48.319834,4.377151,Plein jour,Hors agglomération,Hors intersection,Normale,Autre collision,3,2,2,0,1,2,1,0,3,80,1,1,0,0,1,0,67.0,,voiture,,1,1,1,1,6
202300018065,2023-11-15 11:00:00,2023,11,15,11,0,82,82135,D930,43.891174,1.432525,Plein jour,Hors agglomération,Intersection en X,Normale,Deux véhicules - côté,3,2,2,0,1,1,1,0,1,80,2,2,1,0,1,0,56.0,88.0,utilitaire_camion,voiture,1,1,2,1,3
202300018065,2023-11-15 11:00:00,2023,11,15,11,0,82,82135,D930,43.891174,1.432525,Plein jour,Hors agglomération,Intersection en X,Normale,Deux véhicules - côté,3,2,2,0,1,1,1,0,1,80,2,2,1,0,1,0,56.0,88.0,utilitaire_camion,voiture,1,1,2,1,3
202300018066,2023-07-04 23:09:00,2023,7,4,23,9,74,74305,ESPERANCE (RUE DE),46.20066,6.24948,Nuit avec éclairage allumé,En agglomération,Giratoire,Normale,Deux véhicules - côté,4,2,2,0,1,1,1,5,1,50,2,2,1,0,0,1,51.0,,deux_roues,voiture,5,2,6,1,3
202300018066,2023-07-04 23:09:00,2023,7,4,23,9,74,74305,ESPERANCE (RUE DE),46.20066,6.24948,Nuit avec éclairage allumé,En agglomération,Giratoire,Normale,Deux véhicules - côté,4,2,2,0,1,1,1,5,1,50,2,2,1,0,0,1,51.0,,deux_roues,voiture,5,2,6,1,3
202300018067,2023-08-10 02:45:00,2023,8,10,2,45,07,07191,Chemin de Chateau Reynard,44.596545,4.715624,Nuit sans éclairage public,Hors agglomération,Giratoire,Normale,Sans collision,4,2,2,0,1,1,1,0,1,50,1,2,0,0,1,1,16.0,,deux_roues,,3,1,6,1,7
202300018068,2023-05-30 19:00:00,2023,5,30,19,0,06,06069,VICTOR HUGO  (BD),43.653994,6.918878,Plein jour,En agglomération,Hors intersection,Normale,Deux véhicules - frontale,3,2,0,0,2,1,1,0,1,50,2,2,1,0,0,1,19.0,28.0,deux_roues,voiture,1,2,1,1,1