accident_id,datetime,annee,mois,jour,heure,minute,departement,commune_insee,adresse,latitude,longitude,luminosite,agglomeration,intersection,meteo,collision,catr,circ,nbv,vosp,prof,plan,surf,infra,situ,vma,nb_vehicules,nb_usagers,nb_indemnes,nb_tues,nb_blesses_hosp,nb_blesses_legers,age_cond_1,age_cond_2,veh_type_cond_1,veh_type_cond_2,lum_code,agg_code,int_code,atm_code,col_code
202300018069,2023-07-04 14:00:00,2023,7,4,14,0,74,74012,GENEVE (RUE DE),46.192806,6.229582,Plein jour,En agglomération,Hors intersection,Normale,Deux véhicules - côté,4,2,2,0,1,1,1,0,1,50,2,2,1,0,0,1,,18.0,voiture,deux_roues,1,2,1,1,3
202300018070,2023-11-18 11:10:00,2023,11,18,11,10,65,65183,Rue de Hount Hérède,43.231263,0.417239,Plein jour,En agglomération,Hors intersection,Normale,Deux véhicules - frontale,4,2,2,0,2,3,1,0,1,50,2,2,1,1,0,0,,51.0,autre,voiture,1,2,1,1,1
202300018071,2023-08-10 18:15:00,2023,8,10,18,15,53,53269,D102,48.323868,-0.855319,Plein jour,Hors agglomération,Hors intersection,Temps éblouissant,Sans collision,3,2,2,0,1,2,1,0,1,80,1,2,0,0,1,1,16.0,,deux_roues,,1,1,1,7,7
202300018072,2023-05-31 11:47:00,2023,5,31,11,47,06,06029,TONNER (AVENUE FRANCIS),43.54993,6.96569,Plein jour,En agglomération,Hors intersection,Normale,Autre collision,4,2,2,0,1,1,1,0,1,50,1,2,1,0,1,0,36.0,,voiture,,1,2,1,1,6
202300018073,2023-06-26 14:00:00,2023,6,26,14,0,73,73065,HOUILLE BLANCHE (AVENUE DE LA),45.58377,5.89367,Plein jour,En agglomération,Hors intersection,Normale,Autre collision,3,3,2,2,1,1,1,0,1,50,1,2,1,0,1,0,53.0,,voiture,,1,2,1,1,6
202300018074,2023-08-09 19:30:00,2023,8,9,19,30,53,53084,RD 771,47.835305,-0.983008,Plein jour,Hors agglomération,Hors intersection,Normale,Autre collision,3,2,2,0,1,1,1,0,3,90,1,1,0,0,1,0,73.0,,voiture,,1,1,1,1,6
202300018075,2023-11-18 23:00:00,2023,11,18,23,0,11,11116,D413,43.260456,3.008254,Nuit avec éclairage allumé,Hors agglomération,Hors intersection,Normale,Deux véhicules - arrière,3,2,2,0,1,1,1,0,1,80,2,3,2,1,0,0,75.0,33.0,voiture,voiture,5,1,1,1,2
202300018076,2023-08-09 10:14:00,2023,8,9,10,14,04,04209,Avenue du Stade,44.182962,5.946763,Plein jour,En agglomération,Autre intersection,Normale,Autre collision,4,2,2,0,1,1,1,5,4,50,1,1,0,0,1,0,86.0,,voiture,,1,2,9,1,6
202300018077,2023-06-23 07:50:00,2023,6,23,7,50,70,70550,MONTOILLOTTE (CHEMIN DE LA),47.63435,6.14166,Plein jour,En agglomération,Intersection en T,Normale,Deux véhicules - côté,4,2,2,0,1,1,1,0,1,50,2,2,1,0,0,1,59.0,58.0,deux_roues,voiture,1,2,3,1,3
202300018077,2023-06-23 07:50:00,2023,6,23,7,50,70,70550,MONTOILLOTTE (CHEMIN DE LA),47.63435,6.14166,Plein jour,En agglomération,Intersection en T,Normale,Deux véhicules - côté,4,2,2,0,1,1,1,0,1,50,2,2,1,0,0,1,59.0,58.0,deux_roues,voiture,1,2,3,1,3
202300018078,2023-05-31 17:36:00,2023,5,31,17,36,75,75106,RUE DE SEVRES,48.851879,2.328631,Plein jour,En agglomération,Intersection en T,Normale,Trois véhicules et plus - en chaîne,4,1,2,0,1,1,1,0,1,30,3,3,2,0,0,1,57.0,54.0,voiture,voiture,1,2,3,1,4
202300018078,2023-05-31 17:36:00,2023,5,31,17,36,75,75106,RUE DE SEVRES,48.851879,2.328631,Plein jour,En agglomération,Intersection en T,Normale,Trois véhicules et plus - en chaîne,4,2,3,0,1,1,1,0,1,30,3,3,2,0,0,1,57.0,54.0,voiture,voiture,1,2,3,1,4
202300018079,2023-11-18 15:20:00,2023,11,18,15,20,89,89482,D965,47.817578,3.908944,Plein jour,Hors agglomération,Hors intersection,Pluie légère,Deux véhicules - frontale,3,2,2,0,1,3,2,0,1,80,2,3,2,0,1,0,50.0,43.0,voiture,voiture,1,1,1,2,1
202300018080,2023-08-10 09:12:00,2023,8,10,9,12,04,04140,D946,44.172994,5.625386,Plein jour,Hors agglomération,Hors intersection,Normale,Sans collision,3,2,2,0,1,3,9,0,1,80,1,1,0,0,1,0,68.0,,deux_roues,,1,1,1,1,7
202300018081,2023-11-19 03:20:00,2023,11,19,3,20,89,89344,D965,47.69939,3.173163,Nuit sans éclairage public,En agglomération,Hors intersection,Pluie légère,Autre collision,3,2,2,0,2,2,2,0,8,30,1,2,0,2,0,0,46.0,,voiture,,3,2,1,2,6
202300018082,2023-08-06 06:20:00,2023,8,6,6,20,04,04219,D908,44.110638,6.578965,Crépuscule ou aube,Hors agglomération,Hors intersection,Normale,Autre collision,3,2,2,0,1,2,1,0,3,80,1,2,1,0,1,0,28.0,,voiture,,2,1,1,1,6
202300018083,2023-07-04 13:33:00,2023,7,4,13,33,69,69259,Boulevard Marcel Sembat,45.71433,4.87929,Plein jour,En agglomération,Intersection en X,Normale,Deux véhicules - côté,4,3,5,2,1,1,1,0,1,50,2,2,1,0,0,1,25.0,36.0,deux_roues,voiture,1,2,2,1,3
202300018083,2023-07-04 13:33:00,2023,7,4,13,33,69,69259,Boulevard Marcel Sembat,45.71433,4.87929,Plein jour,En agglomération,Intersection en X,Normale,Deux véhicules - côté,4,2,3,2,1,1,1,0,1,50,2,2,1,0,0,1,25.0,36.0,deux_roues,voiture,1,2,2,1,3
202300018084,2023-05-31 01:40:00,2023,5,31,1,40,75,75106,AVENUE DE L OBSERVATOIRE,48.842522,2.337492,Nuit avec éclairage allumé,En agglomération,Intersection en T,Normale,Deux véhicules - côté,4,1,1,0,1,1,1,0,1,30,2,3,1,0,0,2,41.0,25.0,voiture,voiture,5,2,3,1,3
202300018084,2023-05-31 01:40:00,2023,5,31,1,40,75,75106,AVENUE DE L OBSERVATOIRE,48.842522,2.337492,Nuit avec éclairage allumé,En agglomération,Intersection en T,Normale,Deux véhicules - côté,4,1,1,0,1,1,1,0,1,20,2,3,1,0,0,2,41.0,25.0,voiture,voiture,5,2,3,1,3
202300018085,2023-08-06 16:00:00,2023,8,6,16,0,85,85172,RD753,46.820341,-1.986278,Plein jour,En agglomération,Hors intersection,Normale,Deux véhicules - arrière,3,2,2,0,1,1,1,0,1,50,2,2,1,0,1,0,43.0,17.0,voiture,deux_roues,1,2,1,1,2
202300018086,2023-11-19 01:55:00,2023,11,19,1,55,63,63178,D 996 Route de Parentignat,45.543193,3.275127,Nuit sans éclairage public,Hors agglomération,Hors intersection,Normale,Autre collision,3,2,2,0,2,1,1,2,4,90,1,1,0,1,0,0,17.0,,deux_roues,,3,1,1,1,6
202300018087,2023-07-04 10:30:00,2023,7,4,10,30,69,69199,Avenue Jean Jaurès,45.7145,4.8548,Plein jour,En agglomération,Intersection en T,Normale,Deux véhicules - côté,4,2,2,0,1,1,1,0,1,30,2,2,1,0,0,1,41.0,28.0,deux_roues,utilitaire_camion,1,2,3,1,3
202300018087,2023-07-04 10:30:00,2023,7,4,10,30,69,69199,Avenue Jean Jaurès,45.7145,4.8548,Plein jour,En agglomération,Intersection en T,Normale,Deux véhicules - côté,4,2,2,2,1,1,1,0,1,50,2,2,1,0,0,1,41.0,28.0,deux_roues,utilitaire_camion,1,2,3,1,3
202300018088,2023-05-30 20:50:00,2023,5,30,20,50,75,75105,QUAI DE LA TOURNELLE,48.849958,2.354884,Plein jour,En agglomération,Intersection en X,Normale,Deux véhicules - frontale,4,-1, -1,1,1,1,1,0,5,30,2,2,1,0,0,1,31.0,22.0,deux_roues,deux_roues,1,2,2,1,1
202300018088,2023-05-30 20:50:00,2023,5,30,20,50,75,75105,QUAI DE LA TOURNELLE,48.849958,2.354884,Plein jour,En agglomération,Intersection en X,Normale,Deux véhicules - frontale,4,-1,2,1,2,1,1,0,5,30,2,2,1,0,0,1,31.0,22.0,deux_roues,deux_roues,1,2,2,1,1
202300018089,2023-08-10 12:00:00,2023,8,10,12,0,37,37046,D511,47.228851,1.158639,Plein jour,Hors agglomération,Hors intersection,Normale,Autre collision,3,2,2,0,1,1,1,0,3,80,1,1,0,1,0,0,47.0,,utilitaire_camion,,1,1,1,1,6
202300018090,2023-07-04 07:50:00,2023,7,4,7,50,67,67482,ZURICH (RUE DE),48.58057,7.75641,Plein jour,En agglomération,Hors intersection,Normale,Autre collision,4,2,2,0,1,1,1,0,1,50,2,2,1,0,0,1,21.0,70.0,deux_roues,utilitaire_camion,1,2,1,1,6
202300018091,2023-08-10 10:45:00,2023,8,10,10,45,68,68375,Rue d'Ensisheim,47.809712,7.240779,Plein jour,En agglomération,Hors intersection,Normale,Deux véhicules - arrière,4,2,2,0,1,1,1,9,1,50,2,3,2,0,0,1,52.0,72.0,voiture,autre,1,2,1,1,2
202300018092,2023-08-10 10:18:00,2023,8,10,10,18,77,77099,Autoroute A77 PK 009.100,48.148694,2.749672,Plein jour,Hors agglomération,Hors intersection,Normale,Autre collision,1,3,4,0,1,3,1,0,8,130,1,1,0,1,0,0,48.0,,utilitaire_camion,,1,1,1,1,6
202300018093,2023-07-03 20:30:00,2023,7,3,20,30,67,67482,FEDERATION (ROUTE DE LA),48.563855,7.742069,Crépuscule ou aube,En agglomération,Hors intersection,Normale,Autre collision,4,2,2,0,1,1,1,0,1,50,1,2,1,0,0,1,30.0,,voiture,,2,2,1,1,6
202300018094,2023-05-30 20:00:00,2023,5,30,20,0,75,75119,BOULEVARD SERURIER,48.880126,2.398559,Plein jour,En agglomération,Intersection en X,Normale,Deux véhicules - arrière,4,2,2,1,2,1,1,0,1,50,2,7,6,0,0,1,53.0,38.0,voiture,voiture,1,2,2,1,2
202300018094,2023-05-30 20:00:00,2023,5,30,20,0,75,75119,BOULEVARD SERURIER,48.880126,2.398559,Plein jour,En agglomération,Intersection en X,Normale,Deux véhicules - arrière,4,-1, -1,1,1,1,1,0,1,30,2,7,6,0,0,1,53.0,38.0,voiture,voiture,1,2,2,1,2
202300018095,2023-11-18 17:37:00,2023,11,18,17,37,86,86039,voie communale,46.240522,0.163137,Crépuscule ou aube,Hors agglomération,Hors intersection,Normale,Deux véhicules - frontale,4,2,2,0,1,1,1,0,1,80,2,2,0,0,0,2,22.0,17.0,deux_roues,deux_roues,2,1,1,1,1
202300018096,2023-08-09 23:45:00,2023,8,9,23,45,13,13091,D7n,43.60125377,5.34450393,Nuit sans éclairage public,Hors agglomération,Hors intersection,Normale,Autre collision,3,2,2,0,1,1,1,0,3,80,1,1,0,1,0,0,64.0,,deux_roues,,3,1,1,1,6
202300018097,2023-06-23 17:40:00,2023,6,23,17,40,67,67462,COLMAR (ROUTE DE),48.25256,7.43937,Plein jour,En agglomération,Hors intersection,Normale,Autre collision,6,-1,0,0,1,1,1,9,8,40,1,2,1,0,0,1,52.0,,voiture,,1,2,1,1,6
202300018098,2023-11-19 14:00:00,2023,11,19,14,0,29,29272,Croissant Kerleanou,47.956562,-3.888307,Plein jour,Hors agglomération,Hors intersection,Normale,Autre collision,4,2,2,0,2,1,1,0,3,80,1,1,0,0,1,0,24.0,,deux_roues,,1,1,1,1,6
202300018099,2023-05-31 11:10:00,2023,5,31,11,10,75,75117,BOULEVARD MALESHERBES,48.883353,2.309513,Plein jour,En agglomération,Place,Normale,Deux véhicules - côté,4,2,6,1,1,1,1,0,1,30,2,2,1,0,0,1,20.0,32.0,deux_roues,voiture,1,2,7,1,3
202300018099,2023-05-31 11:10:00,2023,5,31,11,10,75,75117,BOULEVARD MALESHERBES,48.883353,2.309513,Plein jour,En agglomération,Place,Normale,Deux véhicules - côté,4,1, -1,0,1,1,1,0,1,30,2,2,1,0,0,1,20.0,32.0,deux_roues,voiture,1,2,7,1,3
202300018100,2023-08-09 14:44:00,2023,8,9,14,44,40,40295,A63 BPV,44.346885,-0.860345,Plein jour,Hors agglomération,Autre intersection,Normale,Trois véhicules et plus - en chaîne,1,3, -1,0,1,1,1,7,6,130,4,5,2,1,1,1,79.0,47.0,voiture,utilitaire_camion,1,1,9,1,4
202300018101,2023-07-04 19:45:00,2023,7,4,19,45,64,64445,TOURASSE,43.311,-0.35082,Plein jour,En agglomération,Hors intersection,Normale,Deux véhicules - arrière,4,2,2,0,1,1,1,0,1,50,2,2,1,0,0,1,18.0,54.0,deux_roues,voiture,1,2,1,1,2
202300018102,2023-11-19 13:20:00,2023,11,19,13,20,02,02543,13 Avenue de la Gare,49.178109,3.263224,Plein jour,En agglomération,Hors intersection,Normale,Autre collision,3,2,2,0,2,1,1,0,1,50,1,1,0,0,0,1,16.0,,voiture,,1,2,1,1,6
202300018103,2023-05-31 16:30:00,2023,5,31,16,30,75,75116,AVENUE VICTOR HUGO,48.869541,2.28503,Plein jour,En agglomération,Place,Normale,Deux véhicules - côté,4,2,2,0,1,1,1,0,1,30,2,3,0,0,0,3,17.0,28.0,deux_roues,deux_roues,1,2,7,1,3
202300018103,2023-05-31 16:30:00,2023,5,31,16,30,75,75116,AVENUE VICTOR HUGO,48.869541,2.28503,Plein jour,En agglomération,Place,Normale,Deux véhicules - côté,4,2,2,0,1,1,1,0,1,30,2,3,0,0,0,3,17.0,28.0,deux_roues,deux_roues,1,2,7,1,3
202300018104,2023-08-09 18:25:00,2023,8,9,18,25,01,01373,AUTOROUTE A40 PK 121+100 vers Genève,46.130586,5.595405,Plein jour,Hors agglomération,Hors intersection,Normale,Autre collision,1,1,2,0,1,1,1,1,1,110,1,2,1,0,1,0,24.0,,voiture,,1,1,1,1,6
202300018105,2023-07-04 14:00:00,2023,7,4,14,0,64,64445,LOUIS SALLENAVE,43.31726,-0.36028,Plein jour,Hors agglomération,Autre intersection,Normale,Deux véhicules - côté,4,1,1,1,1,1,1,0,1,30,2,2,1,0,0,1,29.0,66.0,deux_roues,voiture,1,1,9,1,3
202300018106,2023-11-18 01:45:00,2023,11,18,1,45,84,84070,19 Chemin de Saint-félix,44.018629,5.15936,Nuit avec éclairage allumé,En agglomération,Hors intersection,Normale,Autre collision,4,2,2,0,1,1,1,0,3,30,1,1,0,0,1,0,30.0,,voiture,,5,2,1,1,6
202300018107,2023-08-08 15:10:00,2023,8,8,15,10,06,06152,Route du Parc,43.616598,7.038247,Plein jour,Hors agglomération,Giratoire,Normale,Deux véhicules - arrière,3,1,2,0,1,2,1,0,1,70,2,2,1,0,0,1,63.0,26.0,deux_roues,voiture,1,1,6,1,2
202300018108,2023-07-02 21:55:00,2023,7,2,21,55,64,64024,BAYONNE (AVENUE DE),43.480559,-1.514037,Plein jour,En agglomération,Hors intersection,Normale,Sans collision,3,3,4,0,1,1,1,0,3,50,1,2,1,0,0,1,31.0,,deux_roues,,1,2,1,1,7
202300018109,2023-05-31 10:48:00,2023,5,31,10,48,75,75115,ROND POINT DU PONT MIRABEAU,48.846082,2.276972,Plein jour,En agglomération,Place,Normale,Deux véhicules - côté,4,2,4,1,1,1,1,0,1,30,2,2,1,0,0,1,41.0,41.0,utilitaire_camion,deux_roues,1,2,7,1,3
202300018109,2023-05-31 10:48:00,2023,5,31,10,48,75,75115,ROND POINT DU PONT MIRABEAU,48.846082,2.276972,Plein jour,En agglomération,Place,Normale,Deux véhicules - côté,4,2,4,1,1,1,1,0,1,30,2,2,1,0,0,1,41.0,41.0,utilitaire_camion,deux_roues,1,2,7,1,3
202300018110,2023-08-10 06:30:00,2023,8,10,6,30,27,27390,RN 154 PK 007.200,48.837831,1.182532,Crépuscule ou aube,Hors agglomération,Hors intersection,Normale,Sans collision,2,3,2,0,1,1,1,0,3,110,1,1,0,1,0,0,60.0,,utilitaire_camion,,2,1,1,1,7
202300018111,2023-07-03 02:55:00,2023,7,3,2,55,64,64102,SAINT BERNARD (CHEMIN DE),43.507447,-1.487269,Nuit avec éclairage allumé,En agglomération,Hors intersection,Normale,Deux véhicules - arrière,4,2,2,0,1,1,1,0,1,50,2,3,1,0,0,2,41.0,46.0,voiture,voiture,5,2,1,1,2
202300018112,2023-11-19 18:28:00,2023,11,19,18,28,66,66085,,42.55615727,2.36388445,Nuit sans éclairage public,En agglomération,Intersection en X,Normale,Deux véhicules - côté,3,2,2,0,2,1,1,8,1,30,2,4,1,0,0,3,52.0,64.0,voiture,voiture,3,2,2,1,3
202300018112,2023-11-19 18:28:00,2023,11,19,18,28,66,66085,,42.55615727,2.36388445,Nuit sans éclairage public,En agglomération,Intersection en X,Normale,Deux véhicules - côté,3,2,2,-1,2,1,1,0,8,-1,2,4,1,0,0,3,52.0,64.0,voiture,voiture,3,2,2,1,3
202300018113,2023-05-31 08:10:00,2023,5,31,8,10,75,75115,RUE LECOURBE,48.838766,2.290202,Plein jour,En agglomération,Intersection en T,Normale,Autre collision,4,1,1,1,1,1,1,0,1,30,1,2,0,0,0,2,37.0,,deux_roues,,1,2,3,1,6
202300018113,2023-05-31 08:10:00,2023,5,31,8,10,75,75115,RUE LECOURBE,48.838766,2.290202,Plein jour,En agglomération,Intersection en T,Normale,Autre collision,4,1,0,1,1,1,1,0,1,30,1,2,0,0,0,2,37.0,,deux_roues,,1,2,3,1,6
202300018114,2023-08-10 18:35:00,2023,8,10,18,35,27,27188,A13 pk 106.000,49.299144,1.120133,Plein jour,Hors agglomération,Hors intersection,Normale,Deux véhicules - arrière,1,3,3,0,2,1,1,0,2,130,2,3,2,0,1,0,29.0,70.0,utilitaire_camion,utilitaire_camion,1,1,1,1,2
202300018115,2023-11-19 10:30:00,2023,11,19,10,30,54,54533,20 Rue d’Alsace,49.32641563,5.92186689,Plein jour,En agglomération,Intersection en Y,Normale,Autre collision,4,1, -1,0,2,1,1,0,1,50,1,1,0,1,0,0,47.0,,voiture,,1,2,4,1,6
202300018115,2023-11-19 10:30:00,2023,11,19,10,30,54,54533,20 Rue d’Alsace,49.32641563,5.92186689,Plein jour,En agglomération,Intersection en Y,Normale,Autre collision,4,1,1,0,2,3,1,0,3,50,1,1,0,1,0,0,47.0,,voiture,,1,2,4,1,6
202300018116,2023-05-31 11:40:00,2023,5,31,11,40,75,75114,RUE DU MONTPARNASSE,48.842985,2.326324,Plein jour,En agglomération,Intersection en T,Normale,Autre collision,4,1,6,1,1,1,1,0,1,30,1,2,1,0,0,1,35.0,,utilitaire_camion,,1,2,3,1,6
202300018116,2023-05-31 11:40:00,2023,5,31,11,40,75,75114,RUE DU MONTPARNASSE,48.842985,2.326324,Plein jour,En agglomération,Intersection en T,Normale,Autre collision,4,1,1,0,2,1,1,0,1,30,1,2,1,0,0,1,35.0,,utilitaire_camion,,1,2,3,1,6
202300018117,2023-07-04 10:19:00,2023,7,4,10,19,63,63014,ROUSSILLON (AVENUE DU),45.75552,3.12925,Plein jour,En agglomération,Autre intersection,Normale,Deux véhicules - côté,7,3,6,0,1,1,1,0,1,50,2,2,1,0,1,0,30.0,73.0,deux_roues,voiture,1,2,9,1,3
202300018117,2023-07-04 10:19:00,2023,7,4,10,19,63,63014,ROUSSILLON (AVENUE DU),45.75552,3.12925,Plein jour,En agglomération,Autre intersection,Normale,Deux véhicules - côté,7,2,3,0,1,1,1,5,1,50,2,2,1,0,1,0,30.0,73.0,deux_roues,voiture,1,2,9,1,3
202300018118,2023-08-10 07:50:00,2023,8,10,7,50,78,78009,"autoroute A10, PK32, sens Paris / province, commune de ALLAINVILLE 78660",48.484003,1.912965,Plein jour,Hors agglomération,Hors intersection,Normale,Deux véhicules - arrière,1,3,6,0,1,1,1,0,1,130,2,6,1,0,1,4,44.0,54.0,voiture,utilitaire_camion,1,1,1,1,2
202300018119,2023-11-17 14:30:00,2023,11,17,14,30,72,72367,10 rue de la juiverie,47.962385,-0.075121,Plein jour,En agglomération,Hors intersection,Normale,Autre collision,3,-1,2,0,1,1,1,0,1,50,2,2,1,0,1,0,66.0,53.0,deux_roues,voiture,1,2,1,1,6
202300018120,2023-05-30 14:40:00,2023,5,30,14,40,75,75114,BOULEVARD BRUNE,48.827389,2.307173,Plein jour,En agglomération,Hors intersection,Normale,Autre collision,4,3,10,3,1,1,1,0,1,50,1,3,2,0,0,1,46.0,,utilitaire_camion,,1,2,1,1,6
202300018121,2023-08-05 15:45:00,2023,8,5,15,45,66,66008,,42.550997,3.046829,Plein jour,En agglomération,Giratoire,Normale,Autre collision,3,-1,2,1,1,2,1,0,5,50,1,2,1,0,0,1,24.0,,utilitaire_camion,,1,2,6,1,6
202300018122,2023-07-04 08:30:00,2023,7,4,8,30,59,59350,FLUVIAL PORT,50.62258,3.02823,Plein jour,En agglomération,Autre intersection,Normale,Deux véhicules - côté,7,1,3,0,1,2,1,0,1,50,2,3,1,0,0,2,26.0,46.0,deux_roues,voiture,1,2,9,1,3
202300018123,2023-11-18 11:35:00,2023,11,18,11,35,06,06059,M45 - Route de la Turbie,43.729088,7.367352,Plein jour,Hors agglomération,Hors intersection,Normale,Deux véhicules - frontale,7,2,2,0,2,3,1,0,1,50,2,2,1,0,1,0,78.0,50.0,voiture,deux_roues,1,1,1,1,1
202300018124,2023-08-09 20:00:00,2023,8,9,20,0,34,34189,Route de BEZIERS,43.283758,2.736293,Plein jour,En agglomération,Giratoire,Normale,Deux véhicules - côté,3,1,1,0,1,2,1,0,3,50,2,2,1,0,0,1,77.0,65.0,deux_roues,voiture,1,2,6,1,3
202300018125,2023-07-02 02:10:00,2023,7,2,2,10,59,59345,DERVEAUX (RUE FAMILLE),50.33998,3.17544,Nuit avec éclairage allumé,En agglomération,Hors intersection,Normale,Autre collision,3,2,2,0,1,1,1,0,1,50,1,1,0,0,1,0,19.0,,deux_roues,,5,2,1,1,6
202300018126,2023-05-31 22:10:00,2023,5,31,22,10,75,75113,RUE DE TOLBIAC,48.828476,2.372929,Nuit avec éclairage allumé,En agglomération,Intersection en T,Normale,Autre collision,4,2,3,0,1,1,1,0,1,30,1,2,1,0,0,1,73.0,,voiture,,5,2,3,1,6
202300018126,2023-05-31 22:10:00,2023,5,31,22,10,75,75113,RUE DE TOLBIAC,48.828476,2.372929,Nuit avec éclairage allumé,En agglomération,Intersection en T,Normale,Autre collision,4,1,1,0,1,1,1,0,1,30,1,2,1,0,0,1,73.0,,voiture,,5,2,3,1,6
202300018127,2023-08-05 23:52:00,2023,8,5,23,52,13,13041,Avenue de Nice,43.460684,5.480456,Nuit avec éclairage allumé,En agglomération,Hors intersection,Normale,Deux véhicules - frontale,4,2,2,0,1,1,1,0,4,50,1,2,0,0,2,0,29.0,,voiture,,5,2,1,1,1
202300018128,2023-07-04 08:40:00,2023,7,4,8,40,58,58194,PONT DE LOIRE,46.98314,3.15922,Plein jour,En agglomération,Hors intersection,Normale,Deux véhicules - arrière,4,2,2,0,1,1,1,2,1,50,2,2,1,0,0,1,38.0,52.0,voiture,voiture,1,2,1,1,2
202300018129,2023-11-19 00:05:00,2023,11,19,0,5,06,06038,Route de Nice,43.678957,6.973658,Nuit avec éclairage allumé,En agglomération,Hors intersection,Normale,Deux véhicules - frontale,3,2,1,0,1,3,1,0,1,50,2,4,2,0,0,2,25.0,72.0,voiture,voiture,5,2,1,1,1
202300018130,2023-05-31 00:20:00,2023,5,31,0,20,75,75113,AVENUE DE LA PORTE D ITALIE,48.81887,2.359546,Nuit avec éclairage allumé,En agglomération,Intersection en X,Normale,Deux véhicules - frontale,4,2,4,0,1,1,1,0,1,30,2,3,2,0,0,1,51.0,49.0,deux_roues,voiture,5,2,2,1,1
202300018130,2023-05-31 00:20:00,2023,5,31,0,20,75,75113,AVENUE DE LA PORTE D ITALIE,48.81887,2.359546,Nuit avec éclairage allumé,En agglomération,Intersection en X,Normale,Deux véhicules - frontale,4,2,1,0,1,1,1,0,1,30,2,3,2,0,0,1,51.0,49.0,deux_roues,voiture,5,2,2,1,1
202300018131,2023-08-09 17:30:00,2023,8,9,17,30,68,68344,Col de Bussang (Col de montagne),47.889273,6.899452,Plein jour,Hors agglomération,Hors intersection,Normale,Sans collision,3,2,3,0,2,1,1,0,1,80,2,2,1,0,1,0,49.0,25.0,deux_roues,utilitaire_camion,1,1,1,1,7
202300018132,2023-11-19 16:45:00,2023,11,19,16,45,50,50417,La Poule,49.578984,-1.353722,Crépuscule ou aube,Hors agglomération,Hors intersection,Pluie légère,Sans collision,3,2,2,0,1,1,2,0,1,80,1,1,0,0,1,0,56.0,,deux_roues,,2,1,1,2,7
202300018133,2023-07-03 10:00:00,2023,7,3,10,0,57,57672,ALBERT 1ER (AVENUE) - IMPAIR,49.36013,6.17087,Plein jour,Hors agglomération,Hors intersection,Normale,Autre collision,3,2,2,0,1,2,1,6,1,50,1,2,1,0,1,0,89.0,,voiture,,1,1,1,1,6
202300018134,2023-05-30 09:15:00,2023,5,30,9,15,75,75113,BOULEVARD VINCENT AURIOL,48.831703,2.357934,Plein jour,En agglomération,Intersection en T,Normale,Deux véhicules - côté,4,1,2,1,1,1,1,0,1,30,2,2,0,0,0,2,29.0,61.0,deux_roues,deux_roues,1,2,3,1,3
202300018134,2023-05-30 09:15:00,2023,5,30,9,15,75,75113,BOULEVARD VINCENT AURIOL,48.831703,2.357934,Plein jour,En agglomération,Intersection en T,Normale,Deux véhicules - côté,4,1,2,0,1,1,1,0,1,30,2,2,0,0,0,2,29.0,61.0,deux_roues,deux_roues,1,2,3,1,3
202300018135,2023-08-09 10:56:00,2023,8,9,10,56,88,88261,Chemin des Aulnes,48.202241,6.690003,Plein jour,En agglomération,Intersection en X,Normale,Deux véhicules - frontale,4,2,2,0,1,1,1,0,3,50,2,2,0,0,0,2,59.0,29.0,utilitaire_camion,voiture,1,2,2,1,1
202300018136,2023-07-04 08:30:00,2023,7,4,8,30,51,51454,DE LATTRE DE TASSIGNY (BOULEVARD),49.2561,4.0616,Plein jour,En agglomération,Intersection en T,Normale,Deux véhicules - côté,4,2,4,1,1,1,1,0,1,50,2,2,1,0,0,1,17.0,52.0,deux_roues,voiture,1,2,3,1,3
202300018136,2023-07-04 08:30:00,2023,7,4,8,30,51,51454,DE LATTRE DE TASSIGNY (BOULEVARD),49.2561,4.0616,Plein jour,En agglomération,Intersection en T,Normale,Deux véhicules - côté,4,2,2,0,1,1,1,0,1,30,2,2,1,0,0,1,17.0,52.0,deux_roues,voiture,1,2,3,1,3
202300018137,2023-05-31 11:40:00,2023,5,31,11,40,75,75112,ROUTE DE LA PYRAMIDE,48.838432,2.439025,Plein jour,En agglomération,Hors intersection,Normale,Autre collision,4,-1,1,1,1,1,1,0,5,25,1,2,1,0,0,1,64.0,,deux_roues,,1,2,1,1,6
202300018138,2023-11-19 12:37:00,2023,11,19,12,37,10,10254,D76,48.58384,3.516623,Plein jour,Hors agglomération,Intersection en X,Normale,Deux véhicules - côté,3,2,2,0,1,1,1,0,1,80,2,3,2,1,0,0,34.0,24.0,voiture,voiture,1,1,2,1,3
202300018138,2023-11-19 12:37:00,2023,11,19,12,37,10,10254,D76,48.58384,3.516623,Plein jour,Hors agglomération,Intersection en X,Normale,Deux véhicules - côté,3,2,2,0,1,1,1,0,1,80,2,3,2,1,0,0,34.0,24.0,voiture,voiture,1,1,2,1,3
202300018139,2023-08-09 16:10:00,2023,8,9,16,10,73,73132,D70 Route des traverses,45.750936,6.591432,Plein jour,Hors agglomération,Hors intersection,Normale,Autre collision,3,2,2,0,2,1,1,2,1,80,1,1,0,0,1,0,27.0,,deux_roues,,1,1,1,1,6
202300018140,2023-05-29 01:15:00,2023,5,29,1,15,51,51454,ROUBAIX (RUE DE),49.23518,4.02406,Nuit avec éclairage allumé,En agglomération,Hors intersection,Normale,Sans collision,4,-1,1,0,1,1,1,0,1,50,1,1,0,1,0,0,25.0,,deux_roues,,5,2,1,1,7