accident_id,datetime,annee,mois,jour,heure,minute,departement,commune_insee,adresse,latitude,longitude,luminosite,agglomeration,intersection,meteo,collision,catr,circ,nbv,vosp,prof,plan,surf,infra,situ,vma,nb_vehicules,nb_usagers,nb_indemnes,nb_tues,nb_blesses_hosp,nb_blesses_legers,age_cond_1,age_cond_2,veh_type_cond_1,veh_type_cond_2,lum_code,agg_code,int_code,atm_code,col_code
202300018494,2023-05-27 09:16:00,2023,5,27,9,16,76,76351,PAUL BERT (AVENUE).,49.50703,0.16933,Plein jour,En agglomération,Hors intersection,Normale,Deux véhicules - côté,4,2,2,0,1,1,1,0,1,50,2,2,1,0,0,1,36.0,31.0,deux_roues,voiture,1,2,1,1,3
202300018495,2023-12-21 08:10:00,2023,12,21,8,10,91,91114,AV PIERRE PROST,48.69694,2.49743,Crépuscule ou aube,En agglomération,Hors intersection,Normale,Deux véhicules - côté,3,1,0,1,1,1,2,9,5,30,2,2,1,0,0,1,60.0,53.0,voiture,deux_roues,2,2,1,1,3
202300018496,2023-03-14 08:50:00,2023,3,14,8,50,75,75108,AVENUE WINSTON CHURCHILL,48.866242,2.313843,Plein jour,En agglomération,Hors intersection,Normale,Autre collision,4,2,4,1,1,1,1,0,1,30,1,2,1,0,0,1,62.0,,voiture,,1,2,1,1,6
202300018497,2023-03-13 12:10:00,2023,3,13,12,10,75,75108,RUE DE BERRI,48.874203,2.30743,Plein jour,En agglomération,Intersection en X,Normale,Autre collision,4,2, -1,-1,1,1,1,0,1,-1,1,2,1,0,0,1,50.0,,deux_roues,,1,2,2,1,6
202300018497,2023-03-13 12:10:00,2023,3,13,12,10,75,75108,RUE DE BERRI,48.874203,2.30743,Plein jour,En agglomération,Intersection en X,Normale,Autre collision,4,1,1,0,1,1,1,0,1,30,1,2,1,0,0,1,50.0,,deux_roues,,1,2,2,1,6
202300018498,2023-11-17 10:40:00,2023,11,17,10,40,35,35238,PATTON (AVENUE DU GENERAL SIR GEORGES),48.13504,-1.6596,Plein jour,En agglomération,Intersection en X,Normale,Deux véhicules - côté,4,3,2,2,1,1,1,0,1,30,2,4,2,0,0,2,64.0,30.0,voiture,voiture,1,2,2,1,3
202300018498,2023-11-17 10:40:00,2023,11,17,10,40,35,35238,PATTON (AVENUE DU GENERAL SIR GEORGES),48.13504,-1.6596,Plein jour,En agglomération,Intersection en X,Normale,Deux véhicules - côté,4,3,4,2,2,1,1,0,1,50,2,4,2,0,0,2,64.0,30.0,voiture,voiture,1,2,2,1,3
202300018499,2023-12-22 15:50:00,2023,12,22,15,50,91,91326,REPUBLIQUE (AVENUE DE LA),48.688,2.3772,Plein jour,En agglomération,Hors intersection,Pluie légère,Autre collision,4,1,1,0,1,3,2,6,1,30,1,2,1,0,0,1,77.0,,voiture,,1,2,1,2,6
202300018500,2023-05-27 03:24:00,2023,5,27,3,24,76,76351,LENINGRAD (BD DE),49.49875,0.15911,Nuit avec éclairage allumé,En agglomération,Intersection en X,Normale,Autre collision,4,3,4,0,1,1,1,0,8,50,2,5,1,0,0,4,18.0,35.0,deux_roues,voiture,5,2,2,1,6
202300018500,2023-05-27 03:24:00,2023,5,27,3,24,76,76351,LENINGRAD (BD DE),49.49875,0.15911,Nuit avec éclairage allumé,En agglomération,Intersection en X,Normale,Autre collision,4,2,2,0,1,1,1,0,1,50,2,5,1,0,0,4,18.0,35.0,deux_roues,voiture,5,2,2,1,6
202300018501,2023-05-26 16:50:00,2023,5,26,16,50,76,76351,FELIX FAURE,49.50069,0.10763,Plein jour,Hors agglomération,Hors intersection,Normale,Sans collision,4,2,2,0,1,1,1,0,1,50,1,1,0,0,0,1,74.0,,deux_roues,,1,1,1,1,7
202300018502,2023-03-13 19:00:00,2023,3,13,19,0,75,75104,RUE DE LA CERISAIE,48.851751,2.367011,Crépuscule ou aube,En agglomération,Intersection en X,Pluie légère,Deux véhicules - côté,4,1,1,0,1,1,2,0,1,30,2,2,1,0,0,1,29.0,65.0,deux_roues,voiture,2,2,2,2,3
202300018502,2023-03-13 19:00:00,2023,3,13,19,0,75,75104,RUE DE LA CERISAIE,48.851751,2.367011,Crépuscule ou aube,En agglomération,Intersection en X,Pluie légère,Deux véhicules - côté,4,1,1,0,1,1,2,0,1,30,2,2,1,0,0,1,29.0,65.0,deux_roues,voiture,2,2,2,2,3
202300018503,2023-11-16 23:00:00,2023,11,16,23,0,35,35238,LORIENT (DE),48.10716,-1.72383,Nuit avec éclairage allumé,En agglomération,Intersection en X,Normale,Deux véhicules - côté,2,2,2,0,1,1,1,0,1,30,2,2,0,0,0,2,49.0,43.0,voiture,voiture,5,2,2,1,3
202300018503,2023-11-16 23:00:00,2023,11,16,23,0,35,35238,LORIENT (DE),48.10716,-1.72383,Nuit avec éclairage allumé,En agglomération,Intersection en X,Normale,Deux véhicules - côté,2,2,6,3,1,1,1,0,1,50,2,2,0,0,0,2,49.0,43.0,voiture,voiture,5,2,2,1,3
202300018504,2023-12-22 21:05:00,2023,12,22,21,5,89,89287,NEMOURS (ROUTE),48.18276,3.22467,Nuit sans éclairage public,Hors agglomération,Intersection en X,Pluie légère,Deux véhicules - côté,3,1,2,0,3,1,2,0,1,50,2,3,2,0,0,1,32.0,53.0,deux_roues,voiture,3,1,2,2,3
202300018504,2023-12-22 21:05:00,2023,12,22,21,5,89,89287,NEMOURS (ROUTE),48.18276,3.22467,Nuit sans éclairage public,Hors agglomération,Intersection en X,Pluie légère,Deux véhicules - côté,3,2,2,0,4,1,2,0,1,90,2,3,2,0,0,1,32.0,53.0,deux_roues,voiture,3,1,2,2,3
202300018505,2023-05-30 19:55:00,2023,5,30,19,55,73,73008,FERRIE GENERAL RUE,45.6763681,5.90708255,Plein jour,En agglomération,Hors intersection,Normale,Autre collision,4,2,2,0,1,1,1,0,1,50,1,1,0,0,0,1,18.0,,deux_roues,,1,2,1,1,6
202300018506,2023-03-14 08:30:00,2023,3,14,8,30,94,94046,Avenue du Général Leclerc,48.81378028,2.42590007,Plein jour,En agglomération,Hors intersection,Pluie légère,Deux véhicules - arrière,3,1,1,0,1,1,2,0,1,50,2,2,1,0,0,1,41.0,39.0,voiture,deux_roues,1,2,1,2,2
202300018507,2023-11-16 18:40:00,2023,11,16,18,40,35,35238,TILLON (AVENUE CHARLES),48.1262,-1.69322,Nuit avec éclairage allumé,En agglomération,Intersection en T,Normale,Autre collision,4,2,2,2,1,1,1,0,1,30,1,2,1,0,0,1,22.0,,deux_roues,,5,2,3,1,6
202300018507,2023-11-16 18:40:00,2023,11,16,18,40,35,35238,TILLON (AVENUE CHARLES),48.1262,-1.69322,Nuit avec éclairage allumé,En agglomération,Intersection en T,Normale,Autre collision,4,3,4,1,1,1,1,0,1,50,1,2,1,0,0,1,22.0,,deux_roues,,5,2,3,1,6
202300018508,2023-12-21 20:10:00,2023,12,21,20,10,89,89024,R.N.6,47.8206,3.57909,Nuit sans éclairage public,Hors agglomération,Hors intersection,Pluie légère,Deux véhicules - arrière,2,1,0,0,2,1,2,0,1,90,2,2,1,0,0,1,26.0,39.0,voiture,deux_roues,3,1,1,2,2
202300018509,2023-05-26 19:05:00,2023,5,26,19,5,68,68066,INGERSHEIM (ROUTE D'),48.08358257,7.3491776,Plein jour,En agglomération,Hors intersection,Normale,Deux véhicules - côté,3,2,2,0,1,1,1,0,1,50,2,3,1,0,0,2,54.0,23.0,voiture,deux_roues,1,2,1,1,3
202300018510,2023-05-30 17:00:00,2023,5,30,17,0,67,67482,LAVOISIER (RUE),48.604,7.7172,Plein jour,En agglomération,Hors intersection,Normale,Autre collision,4,2,4,0,1,1,1,0,1,50,1,2,1,0,1,0,23.0,,voiture,,1,2,1,1,6
202300018511,2023-03-14 18:00:00,2023,3,14,18,0,94,94065,Rue des Solets / Rue d'Arcueil,48.74438,2.3586,Plein jour,En agglomération,Intersection en T,Normale,Autre collision,4,2,2,-1,1,1,1,0,1,-1,1,2,1,0,0,1,30.0,,voiture,,1,2,3,1,6
202300018511,2023-03-14 18:00:00,2023,3,14,18,0,94,94065,Rue des Solets / Rue d'Arcueil,48.74438,2.3586,Plein jour,En agglomération,Intersection en T,Normale,Autre collision,4,2,2,0,1,1,1,0,1,50,1,2,1,0,0,1,30.0,,voiture,,1,2,3,1,6
202300018512,2023-12-21 05:00:00,2023,12,21,5,0,87,87114,BLUM (AVENUE LEON-),45.83237,1.30367,Nuit avec éclairage allumé,En agglomération,Intersection en X,Pluie légère,Autre collision,3,2,2,0,1,1,2,5,1,50,1,2,0,0,0,1,,,voiture,,5,2,2,2,6
202300018512,2023-12-21 05:00:00,2023,12,21,5,0,87,87114,BLUM (AVENUE LEON-),45.83237,1.30367,Nuit avec éclairage allumé,En agglomération,Intersection en X,Pluie légère,Autre collision,3,2,2,0,1,1,2,5,1,50,1,2,0,0,0,1,,,voiture,,5,2,2,2,6
202300018513,2023-11-16 18:05:00,2023,11,16,18,5,35,35238,SAINT-HELIER,48.10629,-1.66755,Nuit avec éclairage allumé,En agglomération,Hors intersection,Normale,Deux véhicules - côté,4,2,2,2,1,1,1,0,5,30,2,3,2,0,0,1,61.0,33.0,voiture,deux_roues,5,2,1,1,3
202300018514,2023-05-29 17:00:00,2023,5,29,17,0,67,67482,MICHEL ANGE (RUE),48.56438,7.72367,Plein jour,En agglomération,Hors intersection,Normale,Deux véhicules - arrière,4,2,2,0,1,1,1,0,1,30,2,2,1,0,0,1,,63.0,voiture,voiture,1,2,1,1,2
202300018515,2023-12-20 16:28:00,2023,12,20,16,28,87,87085,GOUJAUD (QUAI LOUIS),45.82832,1.26925,Plein jour,En agglomération,Hors intersection,Normale,Sans collision,2,3,4,0,1,1,1,0,1,50,1,1,0,0,0,1,29.0,,deux_roues,,1,2,1,1,7
202300018516,2023-03-14 12:30:00,2023,3,14,12,30,94,94021,Avenue de Stalingrad,48.765407,2.368139,Plein jour,En agglomération,Intersection en T,Pluie légère,Deux véhicules - arrière,3,3,4,0,1,1,2,5,1,50,2,3,2,0,0,1,53.0,21.0,voiture,voiture,1,2,3,2,2
202300018516,2023-03-14 12:30:00,2023,3,14,12,30,94,94021,Avenue de Stalingrad,48.765407,2.368139,Plein jour,En agglomération,Intersection en T,Pluie légère,Deux véhicules - arrière,3,2, -1,-1,1,1,2,5,1,-1,2,3,2,0,0,1,53.0,21.0,voiture,voiture,1,2,3,2,2
202300018517,2023-11-16 18:00:00,2023,11,16,18,0,35,35051,ALLIES (BOULEVARD DES),48.1207,-1.62065,Nuit avec éclairage non allumé,En agglomération,Hors intersection,Normale,Deux véhicules - arrière,4,2,2,0,2,1,1,0,1,50,2,2,0,0,0,2,24.0,29.0,voiture,voiture,4,2,1,1,2
202300018518,2023-12-22 19:25:00,2023,12,22,19,25,86,86066,Av du Mal de Lattre de Tassigny,46.81752,0.53058,Plein jour,En agglomération,Hors intersection,Pluie légère,Autre collision,4,2,2,0,1,1,2,9,1,50,1,1,0,0,0,1,60.0,,voiture,,1,2,1,2,6
202300018519,2023-05-30 20:05:00,2023,5,30,20,5,64,64129,BAYONNE DE,43.30489,-0.40116,Plein jour,En agglomération,Giratoire,Normale,Deux véhicules - côté,3,2,3,2,1,3,1,9,1,50,2,2,1,0,0,1,56.0,24.0,deux_roues,voiture,1,2,6,1,3
202300018519,2023-05-30 20:05:00,2023,5,30,20,5,64,64129,BAYONNE DE,43.30489,-0.40116,Plein jour,En agglomération,Giratoire,Normale,Deux véhicules - côté,3,-1,2,1,2,1,1,0,5,50,2,2,1,0,0,1,56.0,24.0,deux_roues,voiture,1,2,6,1,3
202300018520,2023-12-21 18:05:00,2023,12,21,18,5,85,85191,83 Boulevard édouard branly,46.67731,-1.44028,Nuit avec éclairage allumé,En agglomération,Hors intersection,Normale,Autre collision,4,-1,2,0,1,1,1,0,1,30,1,2,1,1,0,0,77.0,,voiture,,5,2,1,1,6
202300018521,2023-05-30 07:55:00,2023,5,30,7,55,64,64445,SERGENT BERNES CAMBOT DU,43.3077,-0.3695,Plein jour,En agglomération,Intersection en T,Normale,Deux véhicules - côté,4,-1,2,0,1,1,1,0,1,50,2,2,1,0,0,1,43.0,15.0,voiture,deux_roues,1,2,3,1,3
202300018521,2023-05-30 07:55:00,2023,5,30,7,55,64,64445,SERGENT BERNES CAMBOT DU,43.3077,-0.3695,Plein jour,En agglomération,Intersection en T,Normale,Deux véhicules - côté,4,2,2,0,1,1,1,0,1,50,2,2,1,0,0,1,43.0,15.0,voiture,deux_roues,1,2,3,1,3
202300018522,2023-11-15 17:30:00,2023,11,15,17,30,34,34301,VERDUN (BOULEVARD DE),43.4115,3.6805,Crépuscule ou aube,En agglomération,Hors intersection,Normale,Deux véhicules - côté,3,2,3,0,1,1,1,0,1,50,2,3,1,0,0,2,20.0,47.0,voiture,deux_roues,2,2,1,1,3
202300018523,2023-03-14 12:20:00,2023,3,14,12,20,93,93078,D40 / Mail des Peupliers,48.97639047,2.51310153,Plein jour,En agglomération,Intersection en X,Normale,Deux véhicules - côté,3,2,2,3,2,1,1,5,1,50,2,4,3,0,0,1,50.0,47.0,voiture,voiture,1,2,2,1,3
202300018523,2023-03-14 12:20:00,2023,3,14,12,20,93,93078,D40 / Mail des Peupliers,48.97639047,2.51310153,Plein jour,En agglomération,Intersection en X,Normale,Deux véhicules - côté,3,3,4,1,2,1,1,5,1,50,2,4,3,0,0,1,50.0,47.0,voiture,voiture,1,2,2,1,3
202300018524,2023-09-15 09:35:00,2023,9,15,9,35,33,33281,ROCADE A 630,44.847985,-0.669321,Plein jour,Hors agglomération,Hors intersection,Normale,Trois véhicules et plus - en chaîne,1,3,6,0,1,1,1,0,1,90,3,3,2,0,0,1,49.0,39.0,deux_roues,voiture,1,1,1,1,4
202300018525,2023-05-29 15:55:00,2023,5,29,15,55,64,64102,BARTHES (CHEMIN DES),43.49277,-1.49561,Plein jour,En agglomération,Hors intersection,Normale,Sans collision,4,2,4,3,1,1,1,5,6,30,1,4,1,0,0,3,50.0,,transport_commun,,1,2,1,1,7
202300018526,2023-11-17 22:10:00,2023,11,17,22,10,34,34172,BUGAREL (RUE DE,43.59222,3.85146,Nuit avec éclairage allumé,En agglomération,Hors intersection,Normale,Sans collision,4,1,1,0,1,3,9,8,1,30,1,1,0,0,0,1,26.0,,deux_roues,,5,2,1,1,7
202300018527,2023-12-22 21:50:00,2023,12,22,21,50,84,84007,CABRIERE ( Avenue de la ),43.92881,4.81279,Nuit sans éclairage public,En agglomération,Hors intersection,Normale,Autre collision,4,2,2,0,1,1,1,0,1,30,1,2,1,0,0,1,20.0,,voiture,,3,2,1,1,6
202300018528,2023-03-14 08:00:00,2023,3,14,8,0,77,77291,Aeroport Charles de Gaulle,49.00547,2.59291,Plein jour,Hors agglomération,Hors intersection,Pluie légère,Deux véhicules - côté,9,1,2,0,1,1,2,0,1,50,2,2,1,0,0,1,60.0,79.0,deux_roues,voiture,1,1,1,2,3
202300018529,2023-05-30 03:25:00,2023,5,30,3,25,59,59090,BOIS D'ACHELLES (RUE DU),50.72226,3.12276,Nuit avec éclairage allumé,En agglomération,Hors intersection,Normale,Autre collision,4,2,0,0,1,1,1,0,3,30,1,2,1,0,0,1,21.0,,voiture,,5,2,1,1,6
202300018530,2023-09-15 21:45:00,2023,9,15,21,45,91,91161,AUTOROUTE A6,48.70112,2.30934,Nuit sans éclairage public,Hors agglomération,Hors intersection,Normale,Deux véhicules - côté,1,3,3,0,1,3,1,0,1,110,2,4,2,0,0,2,40.0,42.0,voiture,deux_roues,3,1,1,1,3
202300018531,2023-11-17 16:30:00,2023,11,17,16,30,33,33063,Cours de la Marne,44.82861818,-0.56285352,Plein jour,En agglomération,Autre intersection,Normale,Autre collision,4,2,4,2,1,1,1,0,1,30,1,2,1,0,0,1,57.0,,deux_roues,,1,2,9,1,6
202300018531,2023-11-17 16:30:00,2023,11,17,16,30,33,33063,Cours de la Marne,44.82861818,-0.56285352,Plein jour,En agglomération,Autre intersection,Normale,Autre collision,4,2,2,0,1,1,1,0,1,30,1,2,1,0,0,1,57.0,,deux_roues,,1,2,9,1,6
202300018532,2023-12-22 14:00:00,2023,12,22,14,0,83,83137,PICOT (AVE DU COLONEL),43.12865,5.96644,Plein jour,En agglomération,Intersection en T,Normale,Deux véhicules - côté,3,1,2,0,2,1,1,0,1,50,2,2,1,0,0,1,23.0,37.0,voiture,deux_roues,1,2,3,1,3
202300018532,2023-12-22 14:00:00,2023,12,22,14,0,83,83137,PICOT (AVE DU COLONEL),43.12865,5.96644,Plein jour,En agglomération,Intersection en T,Normale,Deux véhicules - côté,3,2,2,0,2,1,1,0,1,50,2,2,1,0,0,1,23.0,37.0,voiture,deux_roues,1,2,3,1,3
202300018533,2023-03-14 16:50:00,2023,3,14,16,50,93,93070,Avenue Michelet,48.90805,2.34416,Plein jour,En agglomération,Hors intersection,Pluie légère,Trois véhicules et plus - collisions multiples,3,2,4,3,1,1,2,0,1,50,3,3,2,0,0,1,56.0,32.0,utilitaire_camion,deux_roues,1,2,1,2,5
202300018534,2023-05-30 16:45:00,2023,5,30,16,45,59,59343,DREVE RUE DE LA,50.57598,3.0994,Plein jour,En agglomération,Hors intersection,Normale,Deux véhicules - côté,4,2,2,0,1,1,1,0,1,50,2,3,1,0,0,2,57.0,25.0,deux_roues,voiture,1,2,1,1,3
202300018535,2023-05-28 15:35:00,2023,5,28,15,35,59,59156,SENSEE (RUE DE LA),50.33326,3.06064,Plein jour,Hors agglomération,Hors intersection,Normale,Autre collision,5,2,1,0,1,4,1,0,1,30,1,1,0,0,1,0,19.0,,deux_roues,,1,1,1,1,6
202300018536,2023-11-17 13:45:00,2023,11,17,13,45,31,31555,MURET (AV DE) DU 1AU 134,43.58405073,1.42744079,Plein jour,En agglomération,Hors intersection,Normale,Autre collision,4,2,4,1,1,1,1,0,1,50,1,2,1,0,0,1,,,voiture,,1,2,1,1,6
202300018537,2023-09-15 17:50:00,2023,9,15,17,50,91,91617,RN 104,48.63157,2.51775,Plein jour,Hors agglomération,Hors intersection,Normale,Deux véhicules - côté,2,3,2,0,1,1,1,0,1,90,2,2,1,0,0,1,42.0,23.0,voiture,deux_roues,1,1,1,1,3
202300018538,2023-03-13 19:00:00,2023,3,13,19,0,93,93031,Avenue Jean Jaurès,48.957255,2.321731,Plein jour,En agglomération,Hors intersection,Normale,Autre collision,3,2,2,0,1,1,1,0,1,50,1,2,1,0,0,1,24.0,,deux_roues,,1,2,1,1,6
202300018539,2023-05-28 20:00:00,2023,5,28,20,0,57,57508,LECLERC (RUE),49.34381,6.05161,Plein jour,En agglomération,Hors intersection,Normale,Autre collision,4,2,1,0,1,1,1,0,1,50,1,1,0,0,0,1,44.0,,deux_roues,,1,2,1,1,6
202300018540,2023-12-21 22:00:00,2023,12,21,22,0,83,83137,CHURCHILL (AVE WINSTON),43.12453,5.92612,Nuit avec éclairage allumé,En agglomération,Intersection en T,Normale,Deux véhicules - côté,4,1,2,0,1,1,1,0,1,50,2,2,1,0,1,0,28.0,25.0,deux_roues,voiture,5,2,3,1,3
202300018540,2023-12-21 22:00:00,2023,12,21,22,0,83,83137,CHURCHILL (AVE WINSTON),43.12453,5.92612,Nuit avec éclairage allumé,En agglomération,Intersection en T,Normale,Deux véhicules - côté,4,1,3,0,1,1,1,0,1,50,2,2,1,0,1,0,28.0,25.0,deux_roues,voiture,5,2,3,1,3
202300018541,2023-11-17 06:30:00,2023,11,17,6,30,25,25056,VESOUL RUE DE (sup 52),47.25674,6.01219,Nuit avec éclairage allumé,En agglomération,Hors intersection,Pluie légère,Deux véhicules - frontale,3,2,2,0,2,1,2,0,1,50,2,2,0,0,0,2,28.0,54.0,voiture,voiture,5,2,1,2,1
202300018542,2023-05-26 10:55:00,2023,5,26,10,55,57,57672,LUXEMBOURG (PLACE DU),49.35885,6.17014,Plein jour,En agglomération,Hors intersection,Normale,Autre collision,4,3,2,0,1,3,1,0,1,50,1,2,1,0,0,1,81.0,,voiture,,1,2,1,1,6
202300018543,2023-03-14 13:30:00,2023,3,14,13,30,93,93013,Avenue de la Division Leclerc / Rue de l'Abbé Niort,48.94056569,2.43103801,Plein jour,En agglomération,Intersection en X,Temps couvert,Deux véhicules - côté,3,3,4,0,1,1,1,0,8,50,2,2,1,0,0,1,43.0,58.0,voiture,deux_roues,1,2,2,8,3
202300018543,2023-03-14 13:30:00,2023,3,14,13,30,93,93013,Avenue de la Division Leclerc / Rue de l'Abbé Niort,48.94056569,2.43103801,Plein jour,En agglomération,Intersection en X,Temps couvert,Deux véhicules - côté,3,3,2,0,1,1,1,0,8,50,2,2,1,0,0,1,43.0,58.0,voiture,deux_roues,1,2,2,8,3
202300018544,2023-09-15 15:30:00,2023,9,15,15,30,91,91345,AUTOROUTE A6,48.68972,2.32391,Plein jour,Hors agglomération,Hors intersection,Normale,Deux véhicules - côté,1,3,3,0,2,1,1,0,1,110,2,3,2,0,0,1,24.0,23.0,utilitaire_camion,voiture,1,1,1,1,3
202300018545,2023-12-21 12:00:00,2023,12,21,12,0,83,83137,RIVIERE NEUVE (QUAI DE LA),43.13058012,5.9030681,Plein jour,En agglomération,Autre intersection,Normale,Deux véhicules - côté,4,2,4,0,1,1,1,9,1,50,2,2,1,0,0,1,45.0,68.0,deux_roues,voiture,1,2,9,1,3
202300018546,2023-05-28 08:25:00,2023,5,28,8,25,56,56107,Rue Ar Menez,47.71315,-3.38917,Plein jour,En agglomération,Hors intersection,Normale,Autre collision,4,2,2,0,1,2,1,0,3,30,1,1,0,0,0,1,77.0,,voiture,,1,2,1,1,6
202300018547,2023-11-17 18:22:00,2023,11,17,18,22,24,24037,VARSOVIE (BOULEVARD DE OU DU 8 MAI 1945),44.85344,0.48855,Nuit avec éclairage allumé,En agglomération,Giratoire,Normale,Deux véhicules - frontale,4,-1,1,0,1,1,1,5,1,50,2,2,1,0,0,1,69.0,49.0,voiture,deux_roues,5,2,6,1,1
202300018548,2023-03-14 07:00:00,2023,3,14,7,0,93,93013,Rue Etienne Dolet / Avenue Jean Jaurès,48.93146,2.42812,Plein jour,En agglomération,Intersection en T,Normale,Autre collision,3,2,3,3,2,1,1,0,1,50,1,2,0,0,0,2,30.0,,voiture,,1,2,3,1,6
202300018548,2023-03-14 07:00:00,2023,3,14,7,0,93,93013,Rue Etienne Dolet / Avenue Jean Jaurès,48.93146,2.42812,Plein jour,En agglomération,Intersection en T,Normale,Autre collision,3,2,3,-1,2,1,1,0,1,-1,1,2,0,0,0,2,30.0,,voiture,,1,2,3,1,6
202300018549,2023-05-26 23:11:00,2023,5,26,23,11,56,56121,DE GAULLE ( AVE DU GENERAL ),47.74212,-3.37054,Nuit avec éclairage allumé,En agglomération,Hors intersection,Normale,Deux véhicules - arrière,4,2,2,0,1,1,1,0,1,30,2,2,1,0,0,1,36.0,39.0,deux_roues,voiture,5,2,1,1,2
202300018550,2023-09-14 19:10:00,2023,9,14,19,10,92,92036,A86,48.93440186,2.28032461,Plein jour,Hors agglomération,Hors intersection,Normale,Deux véhicules - arrière,1,1,2,0,1,1,1,0,1,70,2,2,1,0,0,1,34.0,46.0,voiture,utilitaire_camion,1,1,1,1,2
202300018551,2023-03-14 16:00:00,2023,3,14,16,0,93,93007,Avenue Pasteur,48.93876774,2.47268864,Plein jour,En agglomération,Hors intersection,Normale,Autre collision,3,2,2,1,1,1,2,0,1,50,1,2,1,0,0,1,35.0,,deux_roues,,1,2,1,1,6
202300018552,2023-12-20 19:10:00,2023,12,20,19,10,80,80724,R.D 138,49.85981,2.22866,Nuit sans éclairage public,Hors agglomération,Hors intersection,Pluie légère,Deux véhicules - frontale,3,2,2,0,1,1,2,0,1,80,2,5,1,0,1,3,35.0,51.0,voiture,voiture,3,1,1,2,1
202300018553,2023-11-13 17:00:00,2023,11,13,17,0,24,24037,RD 936,44.83546,0.45067,Crépuscule ou aube,En agglomération,Giratoire,Pluie légère,Trois véhicules et plus - collisions multiples,4,1,1,0,1,2,2,0,1,50,3,4,2,0,0,2,64.0,68.0,voiture,voiture,2,2,6,2,5
202300018553,2023-11-13 17:00:00,2023,11,13,17,0,24,24037,RD 936,44.83546,0.45067,Crépuscule ou aube,En agglomération,Giratoire,Pluie légère,Trois véhicules et plus - collisions multiples,4,1,1,0,1,1,2,0,1,50,3,4,2,0,0,2,64.0,68.0,voiture,voiture,2,2,6,2,5
202300018554,2023-05-29 18:35:00,2023,5,29,18,35,51,51108,THEROIGNE DE MERICOURT (rue Anne Josephe,48.97769,4.35601,Plein jour,En agglomération,Giratoire,Normale,Deux véhicules - côté,4,2,2,0,1,1,1,0,1,50,2,2,1,0,1,0,30.0,77.0,deux_roues,voiture,1,2,6,1,3
202300018554,2023-05-29 18:35:00,2023,5,29,18,35,51,51108,THEROIGNE DE MERICOURT (rue Anne Josephe,48.97769,4.35601,Plein jour,En agglomération,Giratoire,Normale,Deux véhicules - côté,4,1,2,0,1,1,1,0,1,50,2,2,1,0,1,0,30.0,77.0,deux_roues,voiture,1,2,6,1,3
202300018555,2023-09-14 18:30:00,2023,9,14,18,30,92,92019,RN385,48.77623152,2.23440873,Plein jour,Hors agglomération,Hors intersection,Normale,Deux véhicules - arrière,2,1,2,0,1,1,1,0,1,90,2,2,1,0,0,1,37.0,35.0,deux_roues,utilitaire_camion,1,1,1,1,2
202300018556,2023-03-14 13:04:00,2023,3,14,13,4,93,93001,Rue de Saint-gobain,48.912559,2.369936,Plein jour,En agglomération,Hors intersection,Normale,Deux véhicules - côté,4,2,2,0,1,1,1,0,1,50,2,2,1,0,0,1,30.0,62.0,deux_roues,voiture,1,2,1,1,3
202300018557,2023-03-14 13:15:00,2023,3,14,13,15,92,92046,PIERRE LAROUSSE (AVENUE),48.82159,2.30442,Plein jour,En agglomération,Hors intersection,Normale,Deux véhicules - côté,3,2,2,0,1,1,1,0,1,30,2,2,1,0,0,1,42.0,29.0,deux_roues,deux_roues,1,2,1,1,3
202300018558,2023-09-14 08:15:00,2023,9,14,8,15,78,78490,RN12 EXT,48.800429,1.954944,Plein jour,Hors agglomération,Hors intersection,Normale,Deux véhicules - côté,2,1,2,0,1,1,1,0,1,110,2,2,1,0,0,1,35.0,36.0,deux_roues,voiture,1,1,1,1,3
202300018559,2023-05-28 10:47:00,2023,5,28,10,47,51,51108,ROND POINT DES CRAYERES,48.95438,4.33346,Plein jour,En agglomération,Giratoire,Normale,Deux véhicules - côté,4,2,2,0,1,1,1,0,1,50,2,4,0,0,0,4,27.0,64.0,voiture,voiture,1,2,6,1,3
202300018559,2023-05-28 10:47:00,2023,5,28,10,47,51,51108,ROND POINT DES CRAYERES,48.95438,4.33346,Plein jour,En agglomération,Giratoire,Normale,Deux véhicules - côté,4,1,2,0,1,2,1,5,1,50,2,4,0,0,0,4,27.0,64.0,voiture,voiture,1,2,6,1,3
202300018560,2023-11-13 21:00:00,2023,11,13,21,0,24,24037,CHANZY (BOULEVARD),44.85334,0.49387,Nuit avec éclairage allumé,En agglomération,Intersection en T,Pluie légère,Deux véhicules - frontale,3,2,2,0,1,1,2,5,1,50,2,2,1,0,0,1,38.0,42.0,voiture,voiture,5,2,3,2,1
202300018560,2023-11-13 21:00:00,2023,11,13,21,0,24,24037,CHANZY (BOULEVARD),44.85334,0.49387,Nuit avec éclairage allumé,En agglomération,Intersection en T,Pluie légère,Deux véhicules - frontale,3,2,2,0,1,1,2,5,1,50,2,2,1,0,0,1,38.0,42.0,voiture,voiture,5,2,3,2,1
202300018561,2023-03-12 18:50:00,2023,3,12,18,50,92,92064,CARNOT,48.846583,2.223527,Nuit avec éclairage allumé,En agglomération,Intersection en Y,Normale,Autre collision,3,1,2,0,1,1,1,0,1,50,1,1,0,0,0,1,66.0,,voiture,,5,2,4,1,6
202300018561,2023-03-12 18:50:00,2023,3,12,18,50,92,92064,CARNOT,48.846583,2.223527,Nuit avec éclairage allumé,En agglomération,Intersection en Y,Normale,Autre collision,3,1,1,0,1,1,1,0,8,50,1,1,0,0,0,1,66.0,,voiture,,5,2,4,1,6
202300018562,2023-05-29 02:27:00,2023,5,29,2,27,49,49267,HAUTE BANCHAIS,47.48573,-0.51144,Nuit sans éclairage public,En agglomération,Giratoire,Normale,Autre collision,4,2,2,0,1,1,1,0,1,30,2,2,1,0,0,1,21.0,,deux_roues,voiture,3,2,6,1,6