accident_id,datetime,annee,mois,jour,heure,minute,departement,commune_insee,adresse,latitude,longitude,luminosite,agglomeration,intersection,meteo,collision,catr,circ,nbv,vosp,prof,plan,surf,infra,situ,vma,nb_vehicules,nb_usagers,nb_indemnes,nb_tues,nb_blesses_hosp,nb_blesses_legers,age_cond_1,age_cond_2,veh_type_cond_1,veh_type_cond_2,lum_code,agg_code,int_code,atm_code,col_code
202300018638,2023-05-30 10:55:00,2023,5,30,10,55,09,09122,BARCELONE (AVENUE DE),42.95401644,1.6234687,Plein jour,En agglomération,Hors intersection,Normale,Deux véhicules - côté,4,2,2,0,2,1,1,0,1,50,2,2,1,0,0,1,27.0,50.0,voiture,deux_roues,1,2,1,1,3
202300018639,2023-11-17 19:45:00,2023,11,17,19,45,75,75119,AVENUE JEAN JAURES,48.883753,2.373979,Nuit avec éclairage allumé,En agglomération,Hors intersection,Normale,Deux véhicules - côté,4,2,4,1,1,1,1,0,5,30,2,2,1,0,0,1,35.0,35.0,voiture,deux_roues,5,2,1,1,3
202300018640,2023-03-15 16:10:00,2023,3,15,16,10,36,36033,,46.550804,1.500278,Plein jour,Hors agglomération,Intersection en T,Normale,Deux véhicules - frontale,3,2,2,0,1,1,1,0,1,80,2,3,2,0,1,0,62.0,57.0,voiture,deux_roues,1,1,3,1,1
202300018640,2023-03-15 16:10:00,2023,3,15,16,10,36,36033,,46.550804,1.500278,Plein jour,Hors agglomération,Intersection en T,Normale,Deux véhicules - frontale,3,2,2,0,1,1,1,0,1,90,2,3,2,0,1,0,62.0,57.0,voiture,deux_roues,1,1,3,1,1
202300018641,2023-12-21 18:35:00,2023,12,21,18,35,72,72181,PATTON GENERAL RTE ST-AUBIN A RUE KLOTZ,48.02229,0.16916,Nuit avec éclairage allumé,Hors agglomération,Hors intersection,Pluie légère,Trois véhicules et plus - en chaîne,3,3,4,0,1,1,2,0,1,90,4,5,4,0,0,1,34.0,23.0,voiture,voiture,5,1,1,2,4
202300018642,2023-03-14 18:20:00,2023,3,14,18,20,04,04084,d907,43.9409,6.167632,Crépuscule ou aube,Hors agglomération,Hors intersection,Normale,Deux véhicules - frontale,3,2,2,0,1,3,1,0,1,80,2,2,1,0,0,1,50.0,56.0,voiture,voiture,2,1,1,1,1
202300018643,2023-05-30 14:00:00,2023,5,30,14,0,07,07316,PROVENCE (CHEMIN DE),44.89788,4.85212,Plein jour,Hors agglomération,Hors intersection,Normale,Sans collision,5,-1,0,1,1,1,1,0,5,50,1,1,0,0,0,1,57.0,,deux_roues,,1,1,1,1,7
202300018644,2023-09-14 16:05:00,2023,9,14,16,5,2B,2B033,11 - RT,42.676717,9.444309,Plein jour,En agglomération,Hors intersection,Normale,Trois véhicules et plus - en chaîne,2,2,2,0,2,1,1,1,1,50,4,4,2,0,0,2,42.0,29.0,voiture,utilitaire_camion,1,2,1,1,4
202300018645,2023-11-17 15:30:00,2023,11,17,15,30,75,75118,RUE DE LA CHAPELLE,48.890843,2.359967,Plein jour,En agglomération,Intersection en T,Normale,Deux véhicules - côté,4,2,2,0,1,1,2,8,1,30,2,2,1,0,1,0,27.0,42.0,deux_roues,deux_roues,1,2,3,1,3
202300018645,2023-11-17 15:30:00,2023,11,17,15,30,75,75118,RUE DE LA CHAPELLE,48.890843,2.359967,Plein jour,En agglomération,Intersection en T,Normale,Deux véhicules - côté,4,2,2,3,1,1,2,-1,1,30,2,2,1,0,1,0,27.0,42.0,deux_roues,deux_roues,1,2,3,1,3
202300018646,2023-03-12 23:40:00,2023,3,12,23,40,17,17483,D110,46.042724,-1.039514,Nuit sans éclairage public,Hors agglomération,Intersection en T,Pluie légère,Sans collision,3,2,2,0,1,1,2,0,1,80,1,1,0,1,0,0,84.0,,voiture,,3,1,3,2,7
202300018646,2023-03-12 23:40:00,2023,3,12,23,40,17,17483,D110,46.042724,-1.039514,Nuit sans éclairage public,Hors agglomération,Intersection en T,Pluie légère,Sans collision,3,2,2,-1,1,1,2,0,1,50,1,1,0,1,0,0,84.0,,voiture,,3,1,3,2,7
202300018647,2023-12-20 14:35:00,2023,12,20,14,35,71,71497,Route Départementale 906,46.3513,4.84863,Plein jour,Hors agglomération,Hors intersection,Normale,Deux véhicules - frontale,3,2,2,0,1,1,1,2,1,90,2,2,0,1,0,1,48.0,43.0,voiture,voiture,1,1,1,1,1
202300018648,2023-05-30 23:50:00,2023,5,30,23,50,06,06088,CALIFORNIE (AV.) (DU 23-25 AU 199-210),43.6883,7.23948,Nuit avec éclairage allumé,En agglomération,Hors intersection,Temps couvert,Autre collision,4,1,1,0,1,1,2,0,8,30,1,1,0,0,1,0,53.0,,deux_roues,,5,2,1,8,6
202300018649,2023-05-30 22:50:00,2023,5,30,22,50,06,06004,GRASSE RTE DE,43.59982,7.08614,Nuit avec éclairage allumé,En agglomération,Autre intersection,Normale,Autre collision,3,1,0,0,1,1,1,0,1,50,1,2,0,0,0,2,41.0,,deux_roues,,5,2,9,1,6
202300018650,2023-11-17 12:00:00,2023,11,17,12,0,75,75116,BOULEVARD MURAT,48.840804,2.256213,Plein jour,En agglomération,Hors intersection,Pluie légère,Autre collision,4,2,2,0,1,1,2,0,1,30,1,2,1,0,1,0,51.0,,voiture,,1,2,1,2,6
202300018651,2023-09-14 14:40:00,2023,9,14,14,40,2B,2B033,TOUTES RUES,42.702602,9.452125,Plein jour,En agglomération,Intersection en X,Normale,Deux véhicules - côté,4,1,1,0,1,1,1,0,1,30,2,2,1,0,0,1,29.0,19.0,deux_roues,deux_roues,1,2,2,1,3
202300018651,2023-09-14 14:40:00,2023,9,14,14,40,2B,2B033,TOUTES RUES,42.702602,9.452125,Plein jour,En agglomération,Intersection en X,Normale,Deux véhicules - côté,4,2,1,0,1,1,1,0,1,30,2,2,1,0,0,1,29.0,19.0,deux_roues,deux_roues,1,2,2,1,3
202300018652,2023-12-22 17:45:00,2023,12,22,17,45,69,69282,Chemin de Pommier,45.77824,5.01475,Crépuscule ou aube,En agglomération,Intersection en T,Pluie légère,Deux véhicules - côté,4,2,2,0,1,1,2,0,1,50,2,2,1,0,0,1,42.0,40.0,voiture,voiture,2,2,3,2,3
202300018652,2023-12-22 17:45:00,2023,12,22,17,45,69,69282,Chemin de Pommier,45.77824,5.01475,Crépuscule ou aube,En agglomération,Intersection en T,Pluie légère,Deux véhicules - côté,4,2,2,1,1,1,2,0,1,50,2,2,1,0,0,1,42.0,40.0,voiture,voiture,2,2,3,2,3
202300018653,2023-09-14 07:30:00,2023,9,14,7,30,2B,2B033,SAMPIERO CORSO - AV,42.66126,9.44218,Plein jour,En agglomération,Hors intersection,Normale,Deux véhicules - arrière,2,2,4,0,1,1,1,0,1,50,2,2,1,0,1,0,28.0,34.0,utilitaire_camion,utilitaire_camion,1,2,1,1,2
202300018654,2023-03-15 12:45:00,2023,3,15,12,45,52,52028,D20,47.842703,5.037071,Plein jour,Hors agglomération,Intersection en T,Normale,Autre collision,3,2,2,0,1,1,1,0,3,80,1,1,0,0,0,1,60.0,,voiture,,1,1,3,1,6
202300018654,2023-03-15 12:45:00,2023,3,15,12,45,52,52028,D20,47.842703,5.037071,Plein jour,Hors agglomération,Intersection en T,Normale,Autre collision,3,2,2,0,1,1,1,0,3,-1,1,1,0,0,0,1,60.0,,voiture,,1,1,3,1,6
202300018655,2023-12-22 09:30:00,2023,12,22,9,30,67,67482,RHIN TORTU (RUE DU),48.54367,7.75843,Plein jour,En agglomération,Intersection en T,Autre,Deux véhicules - côté,4,2,2,0,1,1,1,0,1,50,2,2,1,0,1,0,58.0,60.0,voiture,deux_roues,1,2,3,9,3
202300018655,2023-12-22 09:30:00,2023,12,22,9,30,67,67482,RHIN TORTU (RUE DU),48.54367,7.75843,Plein jour,En agglomération,Intersection en T,Autre,Deux véhicules - côté,4,1, -1,1,1,1,9,0,1,50,2,2,1,0,1,0,58.0,60.0,voiture,deux_roues,1,2,3,9,3
202300018656,2023-05-30 08:20:00,2023,5,30,8,20,03,03310,Boulevard Denière,46.12952,3.43348,Plein jour,En agglomération,Intersection en T,Normale,Autre collision,4,2,2,3,1,1,1,0,1,50,2,2,1,0,1,0,25.0,9.0,voiture,deux_roues,1,2,3,1,6
202300018656,2023-05-30 08:20:00,2023,5,30,8,20,03,03310,Boulevard Denière,46.12952,3.43348,Plein jour,En agglomération,Intersection en T,Normale,Autre collision,4,1,1,0,2,1,1,0,1,50,2,2,1,0,1,0,25.0,9.0,voiture,deux_roues,1,2,3,1,6
202300018657,2023-03-14 04:50:00,2023,3,14,4,50,987,98734,PK 34+200,-17.712,-149.508,Nuit avec éclairage allumé,En agglomération,Hors intersection,Normale,Autre collision,2,2,2,0,1,1,1,0,1,50,1,2,1,0,1,0,56.0,,voiture,,5,2,1,1,6
202300018658,2023-09-14 20:11:00,2023,9,14,20,11,2A,2A004,GEORGES POMPIDOU AVENUE,41.93319666,8.75525191,Nuit avec éclairage allumé,En agglomération,Giratoire,Temps couvert,Deux véhicules - arrière,2,1,2,0,4,2,1,0,1,50,2,2,1,0,0,1,53.0,52.0,voiture,voiture,5,2,6,8,2
202300018659,2023-03-06 19:15:00,2023,3,6,19,15,53,53216,RN12,48.333045,-0.550143,Nuit sans éclairage public,Hors agglomération,Hors intersection,Temps couvert,Deux véhicules - côté,2,2,2,0,1,1,1,0,1,80,2,2,1,0,0,1,32.0,27.0,utilitaire_camion,voiture,3,1,1,8,3
202300018660,2023-12-22 07:10:00,2023,12,22,7,10,67,67482,SCHIRMECK (ROUTE DE),48.5633,7.70328,Crépuscule ou aube,En agglomération,Hors intersection,Temps couvert,Deux véhicules - côté,4,2,2,0,2,3,1,2,1,50,2,2,1,0,0,1,23.0,37.0,voiture,voiture,2,2,1,8,3
202300018661,2023-09-14 21:15:00,2023,9,14,21,15,95,95680,PARIS (RUE DE),49.00686,2.38425,Nuit avec éclairage allumé,En agglomération,Autre intersection,Normale,Autre collision,6,-1,0,0,1,1,1,0,1,-1,1,2,1,0,1,0,22.0,,voiture,,5,2,9,1,6
202300018662,2023-03-14 16:45:00,2023,3,14,16,45,69,69080,Rue de la Fromagerie,45.552304,4.715645,Plein jour,En agglomération,Intersection en X,Normale,Autre collision,4,2,2,0,1,1,1,0,1,50,2,2,1,0,1,0,64.0,10.0,voiture,deux_roues,1,2,2,1,6
202300018662,2023-03-14 16:45:00,2023,3,14,16,45,69,69080,Rue de la Fromagerie,45.552304,4.715645,Plein jour,En agglomération,Intersection en X,Normale,Autre collision,4,2,2,0,1,2,1,0,1,50,2,2,1,0,1,0,64.0,10.0,voiture,deux_roues,1,2,2,1,6
202300018663,2023-12-22 12:43:00,2023,12,22,12,43,66,66136,Avenue du Général de GAULLE,42.69828,2.88713,Plein jour,En agglomération,Autre intersection,Vent fort / tempête,Autre collision,4,1,2,0,1,3,1,0,1,50,1,2,1,0,0,1,89.0,,voiture,,1,2,9,6,6
202300018664,2023-09-14 09:00:00,2023,9,14,9,0,91,91201,AV DU GENERAL DE GAULLE,48.68646,2.40409,Plein jour,En agglomération,Intersection en T,Normale,Deux véhicules - côté,3,2,3,0,2,1,1,0,1,50,2,2,1,0,0,1,37.0,42.0,voiture,deux_roues,1,2,3,1,3
202300018664,2023-09-14 09:00:00,2023,9,14,9,0,91,91201,AV DU GENERAL DE GAULLE,48.68646,2.40409,Plein jour,En agglomération,Intersection en T,Normale,Deux véhicules - côté,3,2,3,0,1,1,1,0,1,50,2,2,1,0,0,1,37.0,42.0,voiture,deux_roues,1,2,3,1,3
202300018665,2023-03-14 11:50:00,2023,3,14,11,50,988,98824,Colnett (Tribu),-20.47803,164.73329,Plein jour,Hors agglomération,Hors intersection,Normale,Deux véhicules - arrière,3,2,2,0,4,1,9,9,1,110,2,3,0,0,0,3,42.0,39.0,voiture,voiture,1,1,1,1,2
202300018666,2023-12-20 16:10:00,2023,12,20,16,10,66,66136,,42.6952,2.86437,Plein jour,En agglomération,Hors intersection,Normale,Autre collision,6,-1, -1,0,1,1,1,0,8,30,1,2,0,1,0,1,78.0,,voiture,,1,2,1,1,6
202300018667,2023-03-14 10:55:00,2023,3,14,10,55,78,78321,D912 route de paris,48.797507,1.924067,Plein jour,Hors agglomération,Hors intersection,Normale,Deux véhicules - arrière,3,3,0,0,3,1,1,8,1,70,2,2,0,0,1,1,74.0,33.0,voiture,voiture,1,1,1,1,2
202300018668,2023-09-14 20:26:00,2023,9,14,20,26,91,91589,BD DES BELGES,48.70065,2.35303,Nuit avec éclairage allumé,En agglomération,Intersection en X,Normale,Deux véhicules - côté,4,2,0,0,1,1,1,0,1,50,2,2,1,0,0,1,39.0,58.0,deux_roues,voiture,5,2,2,1,3
202300018668,2023-09-14 20:26:00,2023,9,14,20,26,91,91589,BD DES BELGES,48.70065,2.35303,Nuit avec éclairage allumé,En agglomération,Intersection en X,Normale,Deux véhicules - côté,4,2,0,0,1,1,1,0,1,50,2,2,1,0,0,1,39.0,58.0,deux_roues,voiture,5,2,2,1,3
202300018669,2023-12-21 11:20:00,2023,12,21,11,20,66,66136,Boulevard Henri POINCARE,42.69113,2.89789,Plein jour,En agglomération,Hors intersection,Normale,Autre collision,4,2,4,0,1,1,1,0,1,50,1,2,1,0,1,0,22.0,,voiture,,1,2,1,1,6
202300018670,2023-09-14 07:55:00,2023,9,14,7,55,91,91326,DRAVEIL (RUE DE),48.68887,2.38508,Plein jour,En agglomération,Intersection en X,Normale,Autre collision,3,1,2,0,1,1,1,5,1,50,1,2,1,0,1,0,23.0,,voiture,,1,2,2,1,6
202300018670,2023-09-14 07:55:00,2023,9,14,7,55,91,91326,DRAVEIL (RUE DE),48.68887,2.38508,Plein jour,En agglomération,Intersection en X,Normale,Autre collision,3,2,3,1,1,1,1,5,1,50,1,2,1,0,1,0,23.0,,voiture,,1,2,2,1,6
202300018671,2023-03-14 17:00:00,2023,3,14,17,0,78,78320,Route Nationale 15,49.058486,1.525555,Plein jour,Hors agglomération,Hors intersection,Temps couvert,Deux véhicules - côté,3,2,2,0,1,1,2,0,1,80,2,4,1,0,2,1,28.0,49.0,voiture,transport_commun,1,1,1,8,3
202300018672,2023-12-22 18:55:00,2023,12,22,18,55,64,64024,BARTHES (RUE DES),43.48426,-1.50672,Nuit avec éclairage allumé,En agglomération,Hors intersection,Pluie légère,Deux véhicules - arrière,4,2,2,0,1,1,2,0,1,30,2,2,1,0,0,1,28.0,21.0,voiture,deux_roues,5,2,1,2,2
202300018673,2023-09-13 11:06:00,2023,9,13,11,6,87,87085,NOEL (RUE JULES),45.81409,1.29071,Plein jour,En agglomération,Hors intersection,Normale,Autre collision,6,-1, -1,0,1,1,1,0,1,50,1,1,0,0,0,1,20.0,,deux_roues,,1,2,1,1,6
202300018674,2023-03-15 11:20:00,2023,3,15,11,20,83,83068,616 Route de Cogolin,43.263933,6.529666,Plein jour,En agglomération,Intersection en T,Normale,Deux véhicules - côté,3,2,2,0,1,1,1,0,1,-1,2,2,1,0,1,0,55.0,76.0,deux_roues,voiture,1,2,3,1,3
202300018674,2023-03-15 11:20:00,2023,3,15,11,20,83,83068,616 Route de Cogolin,43.263933,6.529666,Plein jour,En agglomération,Intersection en T,Normale,Deux véhicules - côté,3,2, -1,-1,1,1,1,0,1,-1,2,2,1,0,1,0,55.0,76.0,deux_roues,voiture,1,2,3,1,3
202300018675,2023-09-14 03:50:00,2023,9,14,3,50,85,85194,Rue pierre de coubertin,46.4957395,-1.7326694,Nuit avec éclairage non allumé,En agglomération,Hors intersection,Normale,Autre collision,4,2,2,0,2,2,1,0,3,50,1,2,0,1,1,0,24.0,,voiture,,4,2,1,1,6
202300018676,2023-03-15 03:00:00,2023,3,15,3,0,04,04086,CD 900 PK 90+800,44.402698,6.701596,Nuit sans éclairage public,Hors agglomération,Hors intersection,Normale,Sans collision,3,3,2,0,1,1,1,0,1,80,1,2,1,0,0,1,,,utilitaire_camion,,3,1,1,1,7
202300018677,2023-12-22 16:40:00,2023,12,22,16,40,64,64102,LORDMAND (RUE ET IMPASSE),43.49218219,-1.47511572,Plein jour,En agglomération,Hors intersection,Temps couvert,Deux véhicules - arrière,4,1,1,0,1,1,2,0,1,30,2,2,1,0,0,1,44.0,51.0,voiture,deux_roues,1,2,1,8,2
202300018678,2023-09-13 15:30:00,2023,9,13,15,30,84,84007,FOLIE (Avenue de la),43.94698,4.82866,Plein jour,En agglomération,Giratoire,Normale,Deux véhicules - côté,4,2,2,0,1,1,1,0,1,50,2,2,0,1,0,1,51.0,26.0,voiture,voiture,1,2,6,1,3
202300018678,2023-09-13 15:30:00,2023,9,13,15,30,84,84007,FOLIE (Avenue de la),43.94698,4.82866,Plein jour,En agglomération,Giratoire,Normale,Deux véhicules - côté,4,-1,2,0,1,1,1,0,1,50,2,2,0,1,0,1,51.0,26.0,voiture,voiture,1,2,6,1,3
202300018679,2023-01-11 18:45:00,2023,1,11,18,45,26,26377,RD 94,44.316211,5.056093,Nuit sans éclairage public,Hors agglomération,Hors intersection,Normale,Deux véhicules - arrière,3,2,2,0,1,1,1,0,1,80,2,2,1,0,0,1,28.0,35.0,voiture,voiture,3,1,1,1,2
202300018680,2023-12-21 19:39:00,2023,12,21,19,39,63,63300,RD 2009,45.91584581,3.13378084,Nuit sans éclairage public,Hors agglomération,Hors intersection,Temps couvert,Sans collision,3,2,2,0,1,1,1,0,3,90,1,1,0,0,0,1,30.0,,voiture,,3,1,1,8,7
202300018681,2023-03-15 17:55:00,2023,3,15,17,55,64,64230,D934,43.206048,-0.384994,Plein jour,Hors agglomération,Hors intersection,Normale,Sans collision,3,2,2,0,1,2,1,0,1,80,1,1,0,0,1,0,74.0,,deux_roues,,1,1,1,1,7
202300018682,2023-12-22 19:40:00,2023,12,22,19,40,62,62617,D179,50.46935,2.63671,Nuit sans éclairage public,Hors agglomération,Hors intersection,Normale,Deux véhicules - frontale,3,2,2,1,1,2,1,0,1,80,2,2,1,0,1,0,,27.0,voiture,deux_roues,3,1,1,1,1
202300018683,2023-09-07 08:00:00,2023,9,7,8,0,80,80131,PHILEAS FOGG (AVENUE),49.86295,2.377577,Plein jour,Hors agglomération,Giratoire,Normale,Deux véhicules - arrière,3,-1,2,0,1,1,1,0,1,50,2,2,1,0,1,0,42.0,62.0,deux_roues,voiture,1,1,6,1,2
202300018683,2023-09-07 08:00:00,2023,9,7,8,0,80,80131,PHILEAS FOGG (AVENUE),49.86295,2.377577,Plein jour,Hors agglomération,Giratoire,Normale,Deux véhicules - arrière,3,-1,2,0,1,1,1,0,1,50,2,2,1,0,1,0,42.0,62.0,deux_roues,voiture,1,1,6,1,2
202300018684,2023-03-12 20:35:00,2023,3,12,20,35,60,60526,D58,49.50930042,2.51226467,Nuit sans éclairage public,Hors agglomération,Hors intersection,Pluie forte,Autre collision,3,2,2,0,1,2,2,0,3,80,1,1,0,0,0,1,22.0,,voiture,,3,1,1,3,6
202300018685,2023-03-15 09:40:00,2023,3,15,9,40,80,80803,D 934,49.712673,2.755197,Plein jour,Hors agglomération,Hors intersection,Normale,Deux véhicules - arrière,3,3,4,0,1,1,1,0,1,110,2,2,1,0,0,1,87.0,39.0,voiture,utilitaire_camion,1,1,1,1,2
202300018686,2023-09-13 15:25:00,2023,9,13,15,25,76,76212,Rue Sadi Carnot,49.4411,1.14906,Plein jour,En agglomération,Intersection en X,Normale,Autre collision,7,2,2,0,2,1,1,0,1,50,1,2,1,0,1,0,59.0,,voiture,,1,2,2,1,6
202300018686,2023-09-13 15:25:00,2023,9,13,15,25,76,76212,Rue Sadi Carnot,49.4411,1.14906,Plein jour,En agglomération,Intersection en X,Normale,Autre collision,7,2,2,0,2,1,1,0,1,50,1,2,1,0,1,0,59.0,,voiture,,1,2,2,1,6
202300018687,2023-12-19 17:15:00,2023,12,19,17,15,62,62178,Rue Alfred Leroy,50.47823,2.54438,Nuit avec éclairage allumé,En agglomération,Hors intersection,Pluie légère,Autre collision,4,2,2,0,2,1,2,0,1,50,1,2,1,0,1,0,61.0,,voiture,,5,2,1,2,6
202300018688,2023-03-14 16:45:00,2023,3,14,16,45,59,59471,RD 73 rue jean jaures,50.311934,3.574371,Plein jour,Hors agglomération,Hors intersection,Normale,Sans collision,3,2,2,1,1,1,1,0,3,80,1,1,0,1,0,0,71.0,,voiture,,1,1,1,1,7
202300018689,2023-09-14 08:25:00,2023,9,14,8,25,69,69259,Avenue Viviani,45.72560337,4.86692511,Plein jour,En agglomération,Hors intersection,Normale,Autre collision,4,2,2,2,1,1,1,0,1,30,1,2,1,0,0,1,24.0,,deux_roues,,1,2,1,1,6
202300018690,2023-12-19 13:00:00,2023,12,19,13,0,62,62108,Avenue du Phare,50.40044,1.5615,Plein jour,En agglomération,Hors intersection,Pluie légère,Autre collision,4,2,0,0,1,1,2,0,1,30,1,2,1,0,0,1,21.0,,voiture,,1,2,1,2,6
202300018691,2023-03-14 17:35:00,2023,3,14,17,35,13,13214,A507 sens Marseille - Aubagne,43.32987,5.40359,Plein jour,Hors agglomération,Hors intersection,Normale,Deux véhicules - arrière,1,1,3,0,1,1,1,0,1,70,3,3,2,0,0,1,24.0,23.0,utilitaire_camion,voiture,1,1,1,1,2
202300018692,2023-09-13 09:35:00,2023,9,13,9,35,69,69290,Route de Lyon,45.71118,4.9019,Plein jour,En agglomération,Intersection en X,Normale,Deux véhicules - côté,7,2,6,3,1,1,2,5,1,50,2,2,1,0,0,1,74.0,52.0,utilitaire_camion,transport_commun,1,2,2,1,3
202300018692,2023-09-13 09:35:00,2023,9,13,9,35,69,69290,Route de Lyon,45.71118,4.9019,Plein jour,En agglomération,Intersection en X,Normale,Deux véhicules - côté,7,2,5,3,1,1,2,5,1,50,2,2,1,0,0,1,74.0,52.0,utilitaire_camion,transport_commun,1,2,2,1,3
202300018693,2023-03-14 03:10:00,2023,3,14,3,10,13,13117,A7-Sens Marseille vers Lyon,43.45037,5.2393,Nuit sans éclairage public,Hors agglomération,Hors intersection,Normale,Sans collision,1,-1,2,0,1,1,2,0,1,110,1,1,0,0,0,1,28.0,,voiture,,3,1,1,1,7
202300018694,2023-11-15 11:20:00,2023,11,15,11,20,59,59350,SALENGRO ROGER RUE,50.6287,3.1074,Plein jour,En agglomération,Hors intersection,Temps couvert,Autre collision,4,3,2,1,1,1,1,0,1,50,1,4,3,0,0,1,78.0,,voiture,,1,2,1,8,6
202300018695,2023-03-13 17:00:00,2023,3,13,17,0,13,13215,A7-Sens Marseille vers Lyon,43.36508,5.36066,Plein jour,Hors agglomération,Hors intersection,Normale,Deux véhicules - arrière,1,-1,3,0,1,1,1,0,1,90,2,2,1,0,0,1,45.0,59.0,utilitaire_camion,deux_roues,1,1,1,1,2
202300018696,2023-09-13 23:04:00,2023,9,13,23,4,67,67218,STRASBOURG (AVENUE DE),48.54322,7.73613,Nuit avec éclairage allumé,En agglomération,Intersection en T,Normale,Deux véhicules - côté,4,2,5,0,1,1,1,0,1,50,2,2,1,0,0,1,24.0,26.0,deux_roues,voiture,5,2,3,1,3
202300018696,2023-09-13 23:04:00,2023,9,13,23,4,67,67218,STRASBOURG (AVENUE DE),48.54322,7.73613,Nuit avec éclairage allumé,En agglomération,Intersection en T,Normale,Deux véhicules - côté,4,2,6,1,1,1,1,0,1,50,2,2,1,0,0,1,24.0,26.0,deux_roues,voiture,5,2,3,1,3
202300018697,2023-11-15 13:20:00,2023,11,15,13,20,59,59122,BRIAND (PLACE ARISTIDE),50.17562,3.2356,Plein jour,En agglomération,Place,Normale,Autre collision,4,1,1,0,1,2,1,0,8,40,1,3,1,0,0,2,85.0,,voiture,,1,2,7,1,6
202300018698,2023-09-14 17:05:00,2023,9,14,17,5,65,65440,Avenue Aristide Briand,43.21841,0.0575,Plein jour,En agglomération,Intersection en T,Normale,Deux véhicules - côté,3,2,2,0,1,1,1,0,1,50,2,2,1,0,1,0,71.0,67.0,voiture,deux_roues,1,2,3,1,3
202300018698,2023-09-14 17:05:00,2023,9,14,17,5,65,65440,Avenue Aristide Briand,43.21841,0.0575,Plein jour,En agglomération,Intersection en T,Normale,Deux véhicules - côté,3,2,2,0,1,3,1,0,1,50,2,2,1,0,1,0,71.0,67.0,voiture,deux_roues,1,2,3,1,3
202300018699,2023-03-09 07:32:00,2023,3,9,7,32,13,13005,A501-Sens Pont de l'Etoile vers Aubagne,43.3,5.56358,Plein jour,Hors agglomération,Hors intersection,Normale,Trois véhicules et plus - collisions multiples,1,-1,2,0,1,1,1,0,1,90,6,7,4,0,0,3,42.0,36.0,voiture,voiture,1,1,1,1,5
202300018700,2023-03-14 09:00:00,2023,3,14,9,0,83,83137,A57,43.12396254,5.96111221,Plein jour,Hors agglomération,Hors intersection,Normale,Deux véhicules - côté,1,3,6,0,1,1,1,0,1,70,2,2,1,0,1,0,28.0,42.0,utilitaire_camion,deux_roues,1,1,1,1,3
202300018701,2023-09-14 07:40:00,2023,9,14,7,40,64,64024,MAIGNON (ROUTE DE),43.48155,-1.50958,Plein jour,En agglomération,Intersection en X,Normale,Deux véhicules - côté,3,2,4,0,1,1,1,5,1,50,2,3,1,0,0,2,15.0,34.0,deux_roues,voiture,1,2,2,1,3
202300018701,2023-09-14 07:40:00,2023,9,14,7,40,64,64024,MAIGNON (ROUTE DE),43.48155,-1.50958,Plein jour,En agglomération,Intersection en X,Normale,Deux véhicules - côté,3,2,2,0,1,1,1,0,1,50,2,3,1,0,0,2,15.0,34.0,deux_roues,voiture,1,2,2,1,3
202300018702,2023-12-22 18:15:00,2023,12,22,18,15,54,54174,avenue du 15e génie,48.678399,5.851591,Nuit avec éclairage non allumé,Hors agglomération,Intersection en T,Pluie légère,Deux véhicules - côté,3,2,2,0,2,3,2,0,1,50,2,2,1,0,0,1,50.0,45.0,utilitaire_camion,deux_roues,4,1,3,2,3
202300018702,2023-12-22 18:15:00,2023,12,22,18,15,54,54174,avenue du 15e génie,48.678399,5.851591,Nuit avec éclairage non allumé,Hors agglomération,Intersection en T,Pluie légère,Deux véhicules - côté,3,2, -1,0,1,2,2,0,1,50,2,2,1,0,0,1,50.0,45.0,utilitaire_camion,deux_roues,4,1,3,2,3
202300018703,2023-02-17 02:15:00,2023,2,17,2,15,69,69256,Autoroute 46,45.80374,4.92616,Nuit sans éclairage public,Hors agglomération,Hors intersection,Normale,Autre collision,2,3,4,0,1,4,1,8,1,90,1,3,0,0,1,2,27.0,,voiture,,3,1,1,1,6
202300018704,2023-09-13 17:10:00,2023,9,13,17,10,64,64102,AQUITAINE (AVENUE DE L'),43.48585,-1.4718,Plein jour,En agglomération,Intersection en Y,Normale,Deux véhicules - côté,3,2,5,1,4,2,1,3,1,50,2,2,1,0,0,1,34.0,21.0,deux_roues,voiture,1,2,4,1,3
202300018704,2023-09-13 17:10:00,2023,9,13,17,10,64,64102,AQUITAINE (AVENUE DE L'),43.48585,-1.4718,Plein jour,En agglomération,Intersection en Y,Normale,Deux véhicules - côté,3,1,1,0,2,2,1,0,1,50,2,2,1,0,0,1,34.0,21.0,deux_roues,voiture,1,2,4,1,3
202300018705,2023-12-22 19:35:00,2023,12,22,19,35,54,54395,Boulevard Lobau,48.68982,6.19348,Nuit avec éclairage allumé,En agglomération,Hors intersection,Pluie légère,Autre collision,4,-1,2,0,1,1,2,0,1,50,3,3,2,0,0,1,31.0,32.0,deux_roues,voiture,5,2,1,2,6
202300018706,2023-03-02 21:10:00,2023,3,2,21,10,69,69290,Autoroute 43,45.70266,4.96705,Nuit sans éclairage public,Hors agglomération,Hors intersection,Normale,Deux véhicules - arrière,1,3,9,0,1,1,1,0,1,90,2,2,1,0,0,1,60.0,30.0,voiture,voiture,3,1,1,1,2
202300018707,2023-09-14 18:00:00,2023,9,14,18,0,63,63113,RODADE (PLACE DE LA),45.79335,3.10894,Plein jour,En agglomération,Place,Normale,Deux véhicules - côté,4,2,2,0,1,1,1,0,1,30,2,2,1,0,0,1,27.0,4.0,voiture,deux_roues,1,2,7,1,3