accident_id,datetime,annee,mois,jour,heure,minute,departement,commune_insee,adresse,latitude,longitude,luminosite,agglomeration,intersection,meteo,collision,catr,circ,nbv,vosp,prof,plan,surf,infra,situ,vma,nb_vehicules,nb_usagers,nb_indemnes,nb_tues,nb_blesses_hosp,nb_blesses_legers,age_cond_1,age_cond_2,veh_type_cond_1,veh_type_cond_2,lum_code,agg_code,int_code,atm_code,col_code
202300018777,2023-03-10 18:50:00,2023,3,10,18,50,63,63113,DRELON / VILLIET,45.76982,3.08006,Crépuscule ou aube,En agglomération,Intersection à plus de 4 branches,Pluie légère,Deux véhicules - côté,4,1,1,0,1,1,2,0,1,30,2,2,1,0,0,1,51.0,33.0,voiture,deux_roues,2,2,5,2,3
202300018778,2023-03-13 17:55:00,2023,3,13,17,55,61,61001,REPUBLIQUE (BOULEVARD DE LA),48.42904,0.09462,Plein jour,En agglomération,Hors intersection,Normale,Deux véhicules - arrière,3,2,2,0,1,1,1,0,1,50,2,2,1,0,0,1,41.0,41.0,voiture,voiture,1,2,1,1,2
202300018779,2023-09-14 21:25:00,2023,9,14,21,25,30,30243,Impasse des Cyprès,44.09363,4.07934,Nuit avec éclairage allumé,Hors agglomération,Hors intersection,Normale,Autre collision,3,2,2,0,4,1,1,0,1,70,1,2,0,0,1,1,22.0,,deux_roues,,5,1,1,1,6
202300018780,2023-12-22 14:40:00,2023,12,22,14,40,29,29019,1 rue Kerfautras,48.39698,-4.476037,Plein jour,En agglomération,Intersection en T,Normale,Deux véhicules - côté,4,1,1,0,1,1,1,0,8,50,2,2,1,0,0,1,21.0,21.0,voiture,deux_roues,1,2,3,1,3
202300018780,2023-12-22 14:40:00,2023,12,22,14,40,29,29019,1 rue Kerfautras,48.39698,-4.476037,Plein jour,En agglomération,Intersection en T,Normale,Deux véhicules - côté,4,2,2,0,1,1,1,0,1,50,2,2,1,0,0,1,21.0,21.0,voiture,deux_roues,1,2,3,1,3
202300018781,2023-03-13 19:55:00,2023,3,13,19,55,59,59350,Avenue de Dunkerque (Lille),50.64101,3.01844,Nuit avec éclairage allumé,En agglomération,Intersection en T,Normale,Deux véhicules - côté,7,2,3,0,1,1,1,0,1,50,2,2,1,0,0,1,19.0,51.0,voiture,deux_roues,5,2,3,1,3
202300018781,2023-03-13 19:55:00,2023,3,13,19,55,59,59350,Avenue de Dunkerque (Lille),50.64101,3.01844,Nuit avec éclairage allumé,En agglomération,Intersection en T,Normale,Deux véhicules - côté,7,2,3,0,1,1,1,0,1,50,2,2,1,0,0,1,19.0,51.0,voiture,deux_roues,5,2,3,1,3
202300018782,2023-09-14 17:45:00,2023,9,14,17,45,29,29039,TRICHARD (RUE YVES),47.878264,-3.856054,Plein jour,Hors agglomération,Hors intersection,Normale,Sans collision,3,4,2,0,1,1,1,9,1,70,2,2,1,0,1,0,74.0,53.0,voiture,deux_roues,1,1,1,1,7
202300018783,2023-03-11 04:15:00,2023,3,11,4,15,57,57631,ROUTE DE BITCHE D 662,49.111342,7.122255,Nuit sans éclairage public,Hors agglomération,Hors intersection,Temps couvert,Sans collision,3,2,2,0,1,1,7,0,3,80,1,1,0,0,1,0,61.0,,voiture,,3,1,1,8,7
202300018784,2023-09-13 09:50:00,2023,9,13,9,50,29,29039,Rue Malakoff,47.87421,-3.9213,Plein jour,En agglomération,Hors intersection,Normale,Autre collision,4,1,1,0,2,3,1,0,4,50,1,1,0,0,0,1,91.0,,voiture,,1,2,1,1,6
202300018785,2023-03-11 20:15:00,2023,3,11,20,15,50,50129,LELEDIER (RUE),49.64222,-1.63864,Nuit avec éclairage allumé,En agglomération,Intersection en T,Pluie légère,Deux véhicules - côté,4,2,2,0,1,1,2,0,1,50,2,2,1,0,0,1,,23.0,voiture,deux_roues,5,2,3,2,3
202300018785,2023-03-11 20:15:00,2023,3,11,20,15,50,50129,LELEDIER (RUE),49.64222,-1.63864,Nuit avec éclairage allumé,En agglomération,Intersection en T,Pluie légère,Deux véhicules - côté,4,2, -1,-1,1,1,2,0,1,-1,2,2,1,0,0,1,,23.0,voiture,deux_roues,5,2,3,2,3
202300018786,2023-09-14 19:00:00,2023,9,14,19,0,28,28134,MELSUNGEN  (AVENUE DE),48.73112,1.3648,Plein jour,En agglomération,Hors intersection,Normale,Deux véhicules - côté,3,2,2,0,2,1,1,0,1,50,2,2,1,0,0,1,28.0,19.0,utilitaire_camion,deux_roues,1,2,1,1,3
202300018787,2023-03-10 17:00:00,2023,3,10,17,0,50,50129,LAVIEILLE (RUE FRANCOIS),49.64169,-1.6254,Plein jour,En agglomération,Hors intersection,Normale,Deux véhicules - côté,4,2,2,0,1,1,1,0,1,50,2,2,1,0,0,1,39.0,19.0,voiture,deux_roues,1,2,1,1,3
202300018788,2023-09-14 19:50:00,2023,9,14,19,50,25,25056,RICHEBOURG RUE DE,47.24274,6.01708,Plein jour,En agglomération,Hors intersection,Normale,Deux véhicules - côté,4,2,2,0,3,1,1,0,1,50,2,2,1,0,0,1,19.0,75.0,voiture,deux_roues,1,2,1,1,3
202300018789,2023-03-10 12:10:00,2023,3,10,12,10,50,50129,CACHIN (RUE DE L'INGENIEUR),49.6394,-1.61416,Plein jour,En agglomération,Intersection en X,Normale,Deux véhicules - côté,4,1,1,0,1,1,1,0,1,50,2,2,1,0,0,1,17.0,,deux_roues,deux_roues,1,2,2,1,3
202300018789,2023-03-10 12:10:00,2023,3,10,12,10,50,50129,CACHIN (RUE DE L'INGENIEUR),49.6394,-1.61416,Plein jour,En agglomération,Intersection en X,Normale,Deux véhicules - côté,4,1,1,0,1,1,1,0,1,50,2,2,1,0,0,1,17.0,,deux_roues,deux_roues,1,2,2,1,3
202300018790,2023-03-14 23:12:00,2023,3,14,23,12,42,42187,Boulevard de Thiers,46.0266,4.05057,Nuit avec éclairage allumé,En agglomération,Intersection en T,Normale,Deux véhicules - arrière,4,2,2,-1,1,1,2,0,1,-1,2,2,1,0,1,0,46.0,19.0,voiture,deux_roues,5,2,3,1,2
202300018790,2023-03-14 23:12:00,2023,3,14,23,12,42,42187,Boulevard de Thiers,46.0266,4.05057,Nuit avec éclairage allumé,En agglomération,Intersection en T,Normale,Deux véhicules - arrière,4,2,2,0,1,1,2,0,1,50,2,2,1,0,1,0,46.0,19.0,voiture,deux_roues,5,2,3,1,2
202300018791,2023-09-13 17:40:00,2023,9,13,17,40,17,17415,Départementale  137,45.73858,-0.66032,Plein jour,Hors agglomération,Autre intersection,Normale,Trois véhicules et plus - en chaîne,3,2,4,0,1,1,1,9,1,80,3,4,2,0,0,2,28.0,57.0,voiture,voiture,1,1,9,1,4
202300018792,2023-09-13 18:25:00,2023,9,13,18,25,17,17306,DE GAULLE (PLACE CHARLES),45.624702,-1.029282,Plein jour,En agglomération,Place,Normale,Sans collision,9,-1, -1,0,1,1,1,0,8,20,1,1,0,0,0,1,80.0,,voiture,,1,2,7,1,7
202300018793,2023-03-13 09:30:00,2023,3,13,9,30,35,35238,RN136,48.11224,-1.71865,Plein jour,Hors agglomération,Hors intersection,Normale,Trois véhicules et plus - collisions multiples,2,3,6,0,1,1,1,0,1,90,3,4,1,0,0,3,27.0,27.0,voiture,utilitaire_camion,1,1,1,1,5
202300018794,2023-03-13 09:10:00,2023,3,13,9,10,35,35238,,48.1139775,-1.71881586,Plein jour,En agglomération,Hors intersection,Normale,Sans collision,2,3,6,0,1,1,1,0,1,90,1,1,0,0,0,1,54.0,,deux_roues,,1,2,1,1,7
202300018795,2023-12-22 01:20:00,2023,12,22,1,20,22,22113,DE LA FAYETTE (BOULEVARD),48.74274,-3.44781,Nuit avec éclairage non allumé,En agglomération,Hors intersection,Pluie légère,Sans collision,4,-1,2,0,2,1,2,0,1,50,1,1,0,0,0,1,28.0,,voiture,,4,2,1,2,7
202300018796,2023-09-13 15:30:00,2023,9,13,15,30,15,15014,N122,44.92286,2.47356,Plein jour,Hors agglomération,Hors intersection,Normale,Trois véhicules et plus - collisions multiples,2,2,2,0,1,1,2,0,1,80,3,4,2,0,0,2,41.0,60.0,voiture,voiture,1,1,1,1,5
202300018797,2023-03-09 08:45:00,2023,3,9,8,45,34,34032,721 le Gasquinoy,43.33592,3.17934,Plein jour,Hors agglomération,Hors intersection,Normale,Trois véhicules et plus - collisions multiples,3,2,2,0,1,1,1,0,1,90,4,5,2,0,2,1,32.0,48.0,voiture,voiture,1,1,1,1,5
202300018798,2023-12-18 08:55:00,2023,12,18,8,55,18,18033,Rue Raymond Boisdé,47.06495,2.39814,Plein jour,En agglomération,Hors intersection,Normale,Autre collision,4,2,0,0,1,2,1,0,1,50,1,2,1,0,1,0,35.0,,voiture,,1,2,1,1,6
202300018799,2023-03-13 07:46:00,2023,3,13,7,46,31,31555,BD DE LA MEDITERRANEE,43.57455,1.46955,Nuit avec éclairage allumé,En agglomération,Hors intersection,Normale,Autre collision,4,2,2,0,1,3,1,0,1,50,1,1,0,1,0,0,56.0,,deux_roues,,5,2,1,1,6
202300018800,2023-09-13 14:40:00,2023,9,13,14,40,15,15014,N 122 ,44.91274,2.44181,Plein jour,En agglomération,Intersection en X,Pluie légère,Deux véhicules - côté,2,2,2,0,1,1,2,0,1,50,2,2,0,0,0,2,88.0,51.0,voiture,voiture,1,2,2,2,3
202300018800,2023-09-13 14:40:00,2023,9,13,14,40,15,15014,N 122 ,44.91274,2.44181,Plein jour,En agglomération,Intersection en X,Pluie légère,Deux véhicules - côté,2,2,4,0,1,1,2,0,1,50,2,2,0,0,0,2,88.0,51.0,voiture,voiture,1,2,2,2,3
202300018801,2023-03-13 06:00:00,2023,3,13,6,0,31,31555,CHE DE SAINT MARTORY,43.584002,1.396023,Nuit sans éclairage public,Hors agglomération,Autre intersection,Normale,Sans collision,4,2,2,0,1,2,1,9,8,50,1,3,1,0,0,2,,,deux_roues,,3,1,9,1,7
202300018802,2023-09-09 20:30:00,2023,9,9,20,30,14,14338,35 Rue du Général Leclerc,49.3025,-0.07877,Plein jour,En agglomération,Hors intersection,Normale,Autre collision,3,1,1,0,1,1,1,0,1,30,1,2,1,0,1,0,50.0,,voiture,,1,2,1,1,6
202300018803,2023-03-12 19:55:00,2023,3,12,19,55,22,22106,BREST (RUE DE),48.49672,-2.72022,Nuit avec éclairage allumé,En agglomération,Hors intersection,Normale,Deux véhicules - frontale,4,2,2,1,1,1,2,0,1,30,2,2,1,0,0,1,35.0,37.0,voiture,voiture,5,2,1,1,1
202300018804,2023-09-13 16:45:00,2023,9,13,16,45,14,14327,1008 Rue Léon Foucault,49.21253,-0.35029,Plein jour,En agglomération,Autre intersection,Normale,Deux véhicules - côté,4,-1,2,0,1,1,1,0,1,50,2,2,0,0,1,1,25.0,26.0,voiture,deux_roues,1,2,9,1,3
202300018805,2023-12-19 10:15:00,2023,12,19,10,15,14,14118, Avenue de Courseulles,49.205316,-0.375972,Crépuscule ou aube,En agglomération,Hors intersection,Normale,Trois véhicules et plus - en chaîne,4,-1,1,0,1,1,1,0,1,50,3,3,1,0,0,2,73.0,44.0,voiture,voiture,2,2,1,1,4
202300018806,2023-03-13 19:38:00,2023,3,13,19,38,14,14118,68 Rue de Falaise,49.170484,-0.353243,Nuit avec éclairage allumé,En agglomération,Intersection en T,Pluie légère,Deux véhicules - côté,4,3,4,3,1,1,2,0,1,50,2,2,1,0,0,1,50.0,22.0,voiture,voiture,5,2,3,2,3
202300018806,2023-03-13 19:38:00,2023,3,13,19,38,14,14118,68 Rue de Falaise,49.170484,-0.353243,Nuit avec éclairage allumé,En agglomération,Intersection en T,Pluie légère,Deux véhicules - côté,4,2,2,0,1,1,2,0,1,50,2,2,1,0,0,1,50.0,22.0,voiture,voiture,5,2,3,2,3
202300018807,2023-09-14 06:45:00,2023,9,14,6,45,13,13117,LONDRES (AVENUE DE),43.42719,5.23539,Plein jour,En agglomération,Hors intersection,Normale,Deux véhicules - côté,4,2,1,0,1,1,1,0,1,50,2,2,0,0,1,1,26.0,49.0,utilitaire_camion,deux_roues,1,2,1,1,3
202300018808,2023-03-13 00:20:00,2023,3,13,0,20,14,14118,143 Rue de Bayeux,49.1832,-0.38471,Nuit avec éclairage allumé,En agglomération,Intersection en X,Pluie légère,Deux véhicules - côté,4,2,2,0,2,1,2,0,1,50,2,3,2,0,0,1,18.0,30.0,voiture,voiture,5,2,2,2,3
202300018808,2023-03-13 00:20:00,2023,3,13,0,20,14,14118,143 Rue de Bayeux,49.1832,-0.38471,Nuit avec éclairage allumé,En agglomération,Intersection en X,Pluie légère,Deux véhicules - côté,4,2,2,0,2,1,2,0,1,50,2,3,2,0,0,1,18.0,30.0,voiture,voiture,5,2,2,2,3
202300018809,2023-09-14 16:45:00,2023,9,14,16,45,13,13213,CENTRALE (RUE),43.35179918,5.4388943,Plein jour,En agglomération,Intersection en T,Normale,Deux véhicules - arrière,4,-1,1,0,1,1,1,0,1,50,2,3,2,0,0,1,,37.0,autre,voiture,1,2,3,1,2
202300018810,2023-12-19 17:55:00,2023,12,19,17,55,14,14118,51 Avenue de la Côte de Nacre,49.201837,-0.360914,Nuit sans éclairage public,En agglomération,Giratoire,Pluie légère,Deux véhicules - côté,2,1,2,0,1,1,2,0,1,50,2,3,2,0,0,1,30.0,51.0,utilitaire_camion,utilitaire_camion,3,2,6,2,3
202300018810,2023-12-19 17:55:00,2023,12,19,17,55,14,14118,51 Avenue de la Côte de Nacre,49.201837,-0.360914,Nuit sans éclairage public,En agglomération,Giratoire,Pluie légère,Deux véhicules - côté,2,2,2,0,1,3,2,3,1,50,2,3,2,0,0,1,30.0,51.0,utilitaire_camion,utilitaire_camion,3,2,6,2,3
202300018811,2023-02-17 23:50:00,2023,2,17,23,50,13,13056,Route d'Istres,43.43015213,5.04752578,Nuit avec éclairage allumé,En agglomération,Giratoire,Normale,Deux véhicules - arrière,3,3,4,0,1,1,1,0,1,50,2,2,1,0,0,1,71.0,25.0,voiture,voiture,5,2,6,1,2
202300018811,2023-02-17 23:50:00,2023,2,17,23,50,13,13056,Route d'Istres,43.43015213,5.04752578,Nuit avec éclairage allumé,En agglomération,Giratoire,Normale,Deux véhicules - arrière,3,2,2,0,1,1,1,0,8,50,2,2,1,0,0,1,71.0,25.0,voiture,voiture,5,2,6,1,2
202300018811,2023-02-17 23:50:00,2023,2,17,23,50,13,13056,Route d'Istres,43.43015213,5.04752578,Nuit avec éclairage allumé,En agglomération,Giratoire,Normale,Deux véhicules - arrière,3,2,2,0,1,1,1,0,8,50,2,2,1,0,0,1,71.0,25.0,voiture,voiture,5,2,6,1,2
202300018812,2023-03-13 09:10:00,2023,3,13,9,10,13,13210,PAUL CLAUDEL (BOULEVARD),43.26827539,5.41482673,Plein jour,En agglomération,Hors intersection,Normale,Autre collision,4,2,3,0,1,1,1,0,1,50,2,2,1,0,1,0,50.0,23.0,voiture,voiture,1,2,1,1,6
202300018813,2023-09-14 07:30:00,2023,9,14,7,30,13,13209,CATHERINE BLUM (BOULEVARD),43.26530066,5.41946086,Plein jour,En agglomération,Intersection en X,Normale,Deux véhicules - côté,4,4,6,0,1,1,1,5,1,50,2,2,1,0,1,0,47.0,,deux_roues,voiture,1,2,2,1,3
202300018813,2023-09-14 07:30:00,2023,9,14,7,30,13,13209,CATHERINE BLUM (BOULEVARD),43.26530066,5.41946086,Plein jour,En agglomération,Intersection en X,Normale,Deux véhicules - côté,4,-1,2,0,1,1,1,5,1,50,2,2,1,0,1,0,47.0,,deux_roues,voiture,1,2,2,1,3
202300018814,2023-03-13 08:30:00,2023,3,13,8,30,13,13005,BOURGADE (TRAVERSE DE LA),43.28447,5.5235,Plein jour,En agglomération,Intersection en T,Normale,Autre collision,4,2,2,0,1,3,1,9,1,30,1,2,1,0,1,0,35.0,,voiture,,1,2,3,1,6
202300018814,2023-03-13 08:30:00,2023,3,13,8,30,13,13005,BOURGADE (TRAVERSE DE LA),43.28447,5.5235,Plein jour,En agglomération,Intersection en T,Normale,Autre collision,4,2,2,0,1,1,1,0,1,30,1,2,1,0,1,0,35.0,,voiture,,1,2,3,1,6
202300018815,2023-08-07 20:50:00,2023,8,7,20,50,14,14437,Rue Pasteur,49.18014,-0.32016,Plein jour,En agglomération,Autre intersection,Normale,Deux véhicules - côté,3,2,2,0,1,1,1,0,1,50,2,2,1,0,1,0,25.0,34.0,voiture,deux_roues,1,2,9,1,3
202300018816,2023-09-13 18:00:00,2023,9,13,18,0,13,13204,ALEX. FLEMING (BOULEVARD),43.31655256,5.39711476,Plein jour,En agglomération,Hors intersection,Temps éblouissant,Deux véhicules - arrière,7,3,2,0,1,1,1,0,1,50,2,2,1,0,0,1,33.0,40.0,deux_roues,voiture,1,2,1,7,2
202300018817,2023-03-13 10:55:00,2023,3,13,10,55,09,09225,FOIX AVENUE DE,43.102787,1.621416,Plein jour,En agglomération,Hors intersection,Normale,Autre collision,3,-1,1,0,1,1,1,5,4,30,1,1,0,0,0,1,53.0,,voiture,,1,2,1,1,6
202300018818,2023-12-22 08:45:00,2023,12,22,8,45,13,13213,PALAMA (CHEMIN DE),43.35276,5.43761,Plein jour,En agglomération,Hors intersection,Normale,Autre collision,4,2,2,0,1,1,1,0,1,50,1,2,1,0,1,0,,,utilitaire_camion,,1,2,1,1,6
202300018819,2023-09-14 05:50:00,2023,9,14,5,50,13,13001,R.N 7,43.58,5.37,Nuit sans éclairage public,Hors agglomération,Hors intersection,Normale,Deux véhicules - côté,3,2,2,0,1,1,1,0,1,80,2,2,1,0,0,1,26.0,33.0,utilitaire_camion,voiture,3,1,1,1,3
202300018820,2023-03-05 16:00:00,2023,3,5,16,0,06,06069,CANNES (ROUTE DE)  -RD 6085-,43.636837,6.951126,Plein jour,En agglomération,Hors intersection,Normale,Trois véhicules et plus - en chaîne,4,2,2,0,1,1,1,0,1,50,3,6,3,0,0,3,20.0,51.0,voiture,voiture,1,2,1,1,4
202300018821,2023-09-08 11:20:00,2023,9,8,11,20,12,12176,RD 994,44.36922147,2.50708705,Plein jour,Hors agglomération,Hors intersection,Normale,Sans collision,3,2,2,0,1,1,1,0,3,90,1,2,0,0,1,1,79.0,,voiture,,1,1,1,1,7
202300018822,2023-03-13 09:30:00,2023,3,13,9,30,06,06029,MIDI (BOULEVARD DU),43.54922,6.99761,Plein jour,En agglomération,Hors intersection,Normale,Deux véhicules - arrière,4,2,2,0,1,1,1,0,1,30,2,2,1,0,0,1,24.0,49.0,deux_roues,voiture,1,2,1,1,2
202300018823,2023-12-22 12:10:00,2023,12,22,12,10,13,13028,TAMARIS (AVENUE DES),43.20439,5.599685,Plein jour,En agglomération,Hors intersection,Normale,Deux véhicules - côté,4,2,2,0,1,2,1,0,1,50,2,2,1,0,1,0,31.0,21.0,deux_roues,voiture,1,2,1,1,3
202300018824,2023-03-06 18:01:00,2023,3,6,18,1,02,02691,53 Rue Henri Dunant,49.85521,3.30775,Plein jour,En agglomération,Hors intersection,Normale,Autre collision,4,1,1,0,2,1,1,0,4,30,1,2,1,1,0,0,48.0,,voiture,,1,2,1,1,6
202300018825,2023-09-13 10:40:00,2023,9,13,10,40,10,10081,JEAN JAURES (AVENUE),48.31211,4.03559,Plein jour,En agglomération,Intersection en X,Normale,Deux véhicules - côté,4,2,2,0,1,1,1,5,1,50,2,3,1,0,0,2,30.0,41.0,voiture,voiture,1,2,2,1,3
202300018825,2023-09-13 10:40:00,2023,9,13,10,40,10,10081,JEAN JAURES (AVENUE),48.31211,4.03559,Plein jour,En agglomération,Intersection en X,Normale,Deux véhicules - côté,4,2,2,0,1,1,1,5,1,50,2,3,1,0,0,2,30.0,41.0,voiture,voiture,1,2,2,1,3
202300018826,2023-03-13 17:05:00,2023,3,13,17,5,01,01053,avenue jean jaures,46.19766,5.21684,Plein jour,En agglomération,Hors intersection,Vent fort / tempête,Autre collision,3,2,2,0,1,1,1,0,1,50,2,2,1,0,0,1,40.0,35.0,voiture,deux_roues,1,2,1,6,6
202300018827,2023-12-22 12:50:00,2023,12,22,12,50,13,13070,GARE (BOULEVARD DE LA),43.282328,5.515099,Plein jour,En agglomération,Hors intersection,Vent fort / tempête,Deux véhicules - frontale,4,2,3,0,1,1,1,2,1,50,2,3,0,0,0,3,30.0,33.0,deux_roues,voiture,1,2,1,6,1
202300018828,2023-09-14 07:55:00,2023,9,14,7,55,09,09225,DELCASSE BOULEVARD,43.11545,1.61467,Plein jour,En agglomération,Intersection en X,Normale,Autre collision,4,2,3,0,1,1,1,0,1,50,1,2,1,0,0,1,42.0,,voiture,,1,2,2,1,6
202300018828,2023-09-14 07:55:00,2023,9,14,7,55,09,09225,DELCASSE BOULEVARD,43.11545,1.61467,Plein jour,En agglomération,Intersection en X,Normale,Autre collision,4,2,3,0,2,1,1,0,1,50,1,2,1,0,0,1,42.0,,voiture,,1,2,2,1,6
202300018829,2023-03-13 19:05:00,2023,3,13,19,5,75,75118,PORTE DE LA CHAPELLE,48.9009625,2.36379325,Crépuscule ou aube,En agglomération,Intersection en Y,Normale,Deux véhicules - côté,4,1,2,0,1,1,1,0,1,50,2,2,1,0,0,1,55.0,44.0,voiture,deux_roues,2,2,4,1,3
202300018829,2023-03-13 19:05:00,2023,3,13,19,5,75,75118,PORTE DE LA CHAPELLE,48.9009625,2.36379325,Crépuscule ou aube,En agglomération,Intersection en Y,Normale,Deux véhicules - côté,4,1,4,0,1,1,1,0,1,70,2,2,1,0,0,1,55.0,44.0,voiture,deux_roues,2,2,4,1,3
202300018830,2023-08-28 00:50:00,2023,8,28,0,50,06,06069,PASTEUR (BOULEVARD),43.664031,6.906099,Nuit avec éclairage allumé,Hors agglomération,Hors intersection,Normale,Autre collision,3,2,2,0,2,4,2,0,3,70,1,1,0,0,0,1,23.0,,voiture,,5,1,1,1,6
202300018831,2023-03-13 17:20:00,2023,3,13,17,20,75,75120,PORTE DE VINCENNES,48.848316,2.414768,Plein jour,En agglomération,Hors intersection,Normale,Deux véhicules - arrière,4,-1,4,0,1,1,1,0,1,70,2,2,1,0,0,1,27.0,51.0,deux_roues,voiture,1,2,1,1,2
202300018832,2023-09-08 22:25:00,2023,9,8,22,25,04,04070,simone pelissier ( rue ),44.08733,6.22599,Nuit sans éclairage public,Hors agglomération,Hors intersection,Normale,Autre collision,4,2,2,0,1,1,1,0,1,70,1,1,0,0,0,1,39.0,,deux_roues,,3,1,1,1,6
202300018833,2023-12-20 14:00:00,2023,12,20,14,0,11,11262,,43.19896,3.02048,Plein jour,En agglomération,Autre intersection,Normale,Deux véhicules - côté,4,-1,2,0,1,1,1,0,1,50,2,2,1,0,0,1,39.0,17.0,utilitaire_camion,deux_roues,1,2,9,1,3
202300018833,2023-12-20 14:00:00,2023,12,20,14,0,11,11262,,43.19896,3.02048,Plein jour,En agglomération,Autre intersection,Normale,Deux véhicules - côté,4,-1,1,0,1,1,1,0,1,50,2,2,1,0,0,1,39.0,17.0,utilitaire_camion,deux_roues,1,2,9,1,3
202300018834,2023-03-13 04:50:00,2023,3,13,4,50,75,75120,ECHANGEUR BAGNOLET,48.86144922,2.41393447,Nuit avec éclairage allumé,En agglomération,Intersection en Y,Pluie légère,Sans collision,4,1,2,0,2,3,2,0,1,50,1,1,0,0,0,1,59.0,,deux_roues,,5,2,4,2,7
202300018834,2023-03-13 04:50:00,2023,3,13,4,50,75,75120,ECHANGEUR BAGNOLET,48.86144922,2.41393447,Nuit avec éclairage allumé,En agglomération,Intersection en Y,Pluie légère,Sans collision,4,3, -1,-1,1,1,2,0,1,-1,1,1,0,0,0,1,59.0,,deux_roues,,5,2,4,2,7
202300018835,2023-09-14 17:30:00,2023,9,14,17,30,01,01283,MICHELET ( RUE DU 28 AU 37),46.26157,5.64917,Plein jour,En agglomération,Giratoire,Normale,Autre collision,3,2,2,0,1,1,1,0,1,50,1,2,1,0,0,1,54.0,,voiture,,1,2,6,1,6
202300018836,2023-03-13 19:40:00,2023,3,13,19,40,75,75120,BOULEVARD DE MENILMONTANT,48.864167,2.386159,Nuit avec éclairage allumé,En agglomération,Intersection en X,Normale,Deux véhicules - côté,4,2,2,0,1,1,2,0,1,30,2,2,1,0,0,1,,55.0,deux_roues,deux_roues,5,2,2,1,3
202300018836,2023-03-13 19:40:00,2023,3,13,19,40,75,75120,BOULEVARD DE MENILMONTANT,48.864167,2.386159,Nuit avec éclairage allumé,En agglomération,Intersection en X,Normale,Deux véhicules - côté,4,1,1,0,1,1,2,0,1,30,2,2,1,0,0,1,,55.0,deux_roues,deux_roues,5,2,2,1,3
202300018837,2023-09-14 15:40:00,2023,9,14,15,40,75,75116,PORTE DE SAINT CLOUD,48.835959,2.257468,Plein jour,En agglomération,Hors intersection,Normale,Deux véhicules - arrière,4,1,4,0,1,1,1,1,1,70,2,2,1,0,0,1,36.0,43.0,utilitaire_camion,deux_roues,1,2,1,1,2
202300018838,2023-03-13 11:00:00,2023,3,13,11,0,75,75120,RUE DES PYRENEES,48.866666,2.397123,Plein jour,En agglomération,Intersection en X,Normale,Deux véhicules - côté,4,2,2,2,1,1,1,0,1,30,2,3,2,0,0,1,47.0,49.0,voiture,utilitaire_camion,1,2,2,1,3
202300018838,2023-03-13 11:00:00,2023,3,13,11,0,75,75120,RUE DES PYRENEES,48.866666,2.397123,Plein jour,En agglomération,Intersection en X,Normale,Deux véhicules - côté,4,1,1,0,1,1,1,0,1,30,2,3,2,0,0,1,47.0,49.0,voiture,utilitaire_camion,1,2,2,1,3
202300018839,2023-12-21 08:30:00,2023,12,21,8,30,11,11262,BOUGAINVILLE (RUE),43.17844,2.99746,Plein jour,En agglomération,Intersection en T,Vent fort / tempête,Deux véhicules - côté,4,1,1,0,1,1,1,9,1,50,2,3,2,0,0,1,13.0,48.0,deux_roues,voiture,1,2,3,6,3
202300018839,2023-12-21 08:30:00,2023,12,21,8,30,11,11262,BOUGAINVILLE (RUE),43.17844,2.99746,Plein jour,En agglomération,Intersection en T,Vent fort / tempête,Deux véhicules - côté,4,1,1,0,1,1,1,9,1,50,2,3,2,0,0,1,13.0,48.0,deux_roues,voiture,1,2,3,6,3
202300018840,2023-03-13 09:25:00,2023,3,13,9,25,75,75120,PLACE MARTIN NADAUD,48.865034,2.394759,Plein jour,En agglomération,Place,Pluie légère,Autre collision,4,-1,0,3,1,1,2,6,4,30,1,2,1,0,0,1,,,deux_roues,,1,2,7,2,6
202300018841,2023-09-13 22:00:00,2023,9,13,22,0,75,75117,BOULEVARD PERIPHERIQUE EXTERIEUR OUEST,48.893172,2.303521,Nuit avec éclairage allumé,En agglomération,Hors intersection,Normale,Deux véhicules - arrière,4,1,4,0,1,1,1,0,1,70,2,3,1,0,0,2,24.0,53.0,voiture,voiture,5,2,1,1,2
202300018842,2023-03-12 22:20:00,2023,3,12,22,20,75,75120,RUE BOYER,48.868826,2.392104,Nuit avec éclairage allumé,En agglomération,Hors intersection,Pluie légère,Autre collision,4,1,1,0,2,1,2,0,1,30,1,4,0,0,1,3,26.0,,voiture,,5,2,1,2,6
202300018843,2023-09-14 06:41:00,2023,9,14,6,41,75,75108,RUE PASQUIER,48.874198,2.323905,Nuit avec éclairage allumé,En agglomération,Intersection en X,Normale,Sans collision,4,1, -1,-1,1,1,1,0,1,-1,1,1,0,0,1,0,21.0,,deux_roues,,5,2,2,1,7
202300018843,2023-09-14 06:41:00,2023,9,14,6,41,75,75108,RUE PASQUIER,48.874198,2.323905,Nuit avec éclairage allumé,En agglomération,Intersection en X,Normale,Sans collision,4,1,1,0,1,1,1,8,1,30,1,1,0,0,1,0,21.0,,deux_roues,,5,2,2,1,7
202300018844,2023-03-13 16:30:00,2023,3,13,16,30,75,75119,BOULEVARD DE LA VILLETTE,48.876432,2.37214,Plein jour,En agglomération,Intersection en T,Normale,Deux véhicules - arrière,4,1,1,1,1,1,1,-1,5,25,2,2,1,0,0,1,,38.0,deux_roues,deux_roues,1,2,3,1,2