accident_id,datetime,annee,mois,jour,heure,minute,departement,commune_insee,adresse,latitude,longitude,luminosite,agglomeration,intersection,meteo,collision,catr,circ,nbv,vosp,prof,plan,surf,infra,situ,vma,nb_vehicules,nb_usagers,nb_indemnes,nb_tues,nb_blesses_hosp,nb_blesses_legers,age_cond_1,age_cond_2,veh_type_cond_1,veh_type_cond_2,lum_code,agg_code,int_code,atm_code,col_code
202300018972,2023-01-18 18:30:00,2023,1,18,18,30,91,91249,Autoroute A10,48.605376,2.082531,Nuit sans éclairage public,Hors agglomération,Hors intersection,Pluie légère,Trois véhicules et plus - en chaîne,1,3,4,0,1,1,2,0,1,130,3,5,2,0,0,3,58.0,81.0,voiture,voiture,3,1,1,2,4
202300018973,2023-12-23 04:45:00,2023,12,23,4,45,35,35297,50 Le Bahac,48.202992,-2.175716,Nuit sans éclairage public,Hors agglomération,Hors intersection,Pluie légère,Autre collision,3,2,2,0,1,3,2,0,3,80,1,1,0,0,1,0,54.0,,voiture,,3,1,1,2,6
202300018974,2023-02-01 21:20:00,2023,2,1,21,20,95,95641,RD 16,49.05418158,2.57295996,Nuit sans éclairage public,Hors agglomération,Giratoire,Normale,Autre collision,3,2,2,0,1,1,1,5,1,80,1,1,0,0,1,0,43.0,,deux_roues,,3,1,6,1,6
202300018975,2023-09-13 06:45:00,2023,9,13,6,45,09,09173,Caric,43.04593187,1.55141652,Nuit sans éclairage public,Hors agglomération,Hors intersection,Temps couvert,Deux véhicules - arrière,3,2,2,0,2,1,2,0,8,80,1,2,1,0,0,1,19.0,,voiture,,3,1,1,8,2
202300018976,2023-12-22 15:30:00,2023,12,22,15,30,29,29026,Rue de la Gare,48.200858,-4.094446,Plein jour,En agglomération,Hors intersection,Pluie légère,Deux véhicules - côté,4,2,2,0,1,3,2,0,8,50,2,2,1,0,0,1,60.0,14.0,voiture,deux_roues,1,2,1,2,3
202300018977,2023-02-02 16:40:00,2023,2,2,16,40,95,95199,Avenue de l'Europe,49.02545108,2.34548441,Plein jour,En agglomération,Hors intersection,Temps couvert,Deux véhicules - frontale,3,2,2,0,1,1,1,0,1,50,2,2,1,0,0,1,25.0,36.0,voiture,voiture,1,2,1,8,1
202300018978,2023-09-10 15:29:00,2023,9,10,15,29,09,09189,N20,42.620024,1.821231,Plein jour,Hors agglomération,Hors intersection,Normale,Deux véhicules - côté,2,2,2,0,1,3,1,0,1,80,2,4,3,0,0,1,24.0,46.0,deux_roues,voiture,1,1,1,1,3
202300018979,2023-01-20 16:50:00,2023,1,20,16,50,34,34023,D600,43.449881,3.706577,Plein jour,Hors agglomération,Hors intersection,Normale,Autre collision,3,3,1,0,1,1,1,0,3,80,1,1,0,0,1,0,19.0,,voiture,,1,1,1,1,6
202300018980,2023-12-22 13:20:00,2023,12,22,13,20,13,13045,D970,43.843446,4.743567,Plein jour,Hors agglomération,Hors intersection,Normale,Deux véhicules - frontale,3,2,2,0,1,1,1,9,1,80,3,4,1,0,1,2,42.0,70.0,voiture,voiture,1,1,1,1,1
202300018981,2023-02-01 09:45:00,2023,2,1,9,45,26,26179,A7 - POint kilomètrique 054.800 sens NOrd /Sud,45.0698,4.869454,Plein jour,Hors agglomération,Hors intersection,Normale,Deux véhicules - côté,1,3,4,0,1,3,1,0,1,130,2,2,1,0,0,1,42.0,35.0,utilitaire_camion,voiture,1,1,1,1,3
202300018982,2023-09-15 18:00:00,2023,9,15,18,0,60,60692,D65,49.634167,2.217259,Plein jour,Hors agglomération,Intersection en X,Temps éblouissant,Deux véhicules - frontale,3,2,2,0,1,1,1,0,1,80,2,4,0,0,0,4,42.0,32.0,voiture,voiture,1,1,2,7,1
202300018982,2023-09-15 18:00:00,2023,9,15,18,0,60,60692,D65,49.634167,2.217259,Plein jour,Hors agglomération,Intersection en X,Temps éblouissant,Deux véhicules - frontale,3,2,2,0,1,1,1,0,1,80,2,4,0,0,0,4,42.0,32.0,voiture,voiture,1,1,2,7,1
202300018983,2023-02-01 09:00:00,2023,2,1,9,0,26,26071,Route du Moulin,45.045321,4.911495,Plein jour,En agglomération,Hors intersection,Normale,Autre collision,3,2,2,0,1,1,1,0,1,80,1,1,0,0,1,0,66.0,,deux_roues,,1,2,1,1,6
202300018984,2023-12-23 17:45:00,2023,12,23,17,45,02,02328,,49.047798,3.489103,Nuit sans éclairage public,Hors agglomération,Hors intersection,Temps couvert,Deux véhicules - côté,3,2,2,0,1,1,2,0,3,80,2,2,1,0,1,0,,18.0,utilitaire_camion,deux_roues,3,1,1,8,3
202300018985,2023-09-15 07:40:00,2023,9,15,7,40,60,60245,Rue de Grumesnil,49.64151245,1.71369635,Plein jour,Hors agglomération,Hors intersection,Normale,Deux véhicules - frontale,3,2,2,0,1,1,9,0,1,80,2,2,1,0,1,0,60.0,54.0,voiture,deux_roues,1,1,1,1,1
202300018986,2023-02-01 10:15:00,2023,2,1,10,15,69,69110,2675 Route de la Coise,45.624183,4.497056,Plein jour,Hors agglomération,Hors intersection,Normale,Deux véhicules - frontale,3,2,2,0,1,3,2,0,1,80,2,2,1,0,0,1,24.0,49.0,voiture,utilitaire_camion,1,1,1,1,1
202300018987,2023-06-11 10:35:00,2023,6,11,10,35,43,43137,Route Nationale 88,45.306414,4.215965,Plein jour,Hors agglomération,Hors intersection,Normale,Sans collision,2,3,4,0,2,1,1,0,2,110,1,1,0,0,1,0,47.0,,voiture,,1,1,1,1,7
202300018988,2023-12-22 14:25:00,2023,12,22,14,25,06,06032,Avenue prince rainier III,43.724793,7.391889,Plein jour,En agglomération,Autre intersection,Normale,Deux véhicules - côté,7,2,2,0,2,1,1,9,1,50,2,3,2,0,0,1,31.0,64.0,deux_roues,voiture,1,2,9,1,3
202300018988,2023-12-22 14:25:00,2023,12,22,14,25,06,06032,Avenue prince rainier III,43.724793,7.391889,Plein jour,En agglomération,Autre intersection,Normale,Deux véhicules - côté,7,3,4,0,2,1,1,5,1,50,2,3,2,0,0,1,31.0,64.0,deux_roues,voiture,1,2,9,1,3
202300018989,2023-09-13 14:40:00,2023,9,13,14,40,43,43268,Impasse le Pont de l'Enceinte,45.162334,4.170223,Plein jour,Hors agglomération,Hors intersection,Pluie légère,Deux véhicules - frontale,3,2,2,0,2,4,2,0,1,70,2,3,0,0,0,3,68.0,65.0,voiture,voiture,1,1,1,2,1
202300018990,2023-02-01 07:45:00,2023,2,1,7,45,22,22077,Rue du Stade,48.54074,-2.435617,Crépuscule ou aube,En agglomération,Autre intersection,Temps couvert,Deux véhicules - arrière,4,2,1,0,1,2,1,5,1,50,2,2,1,0,0,1,17.0,41.0,deux_roues,voiture,2,2,9,8,2
202300018990,2023-02-01 07:45:00,2023,2,1,7,45,22,22077,Rue du Stade,48.54074,-2.435617,Crépuscule ou aube,En agglomération,Autre intersection,Temps couvert,Deux véhicules - arrière,4,4,1,0,1,2,1,0,1,50,2,2,1,0,0,1,17.0,41.0,deux_roues,voiture,2,2,9,8,2
202300018991,2023-09-14 10:35:00,2023,9,14,10,35,43,43244,Route de Montfaucon,45.148745,4.293514,Plein jour,Hors agglomération,Intersection en T,Normale,Deux véhicules - côté,3,2,2,0,1,1,1,0,1,90,2,3,2,0,1,0,82.0,44.0,voiture,voiture,1,1,3,1,3
202300018991,2023-09-14 10:35:00,2023,9,14,10,35,43,43244,Route de Montfaucon,45.148745,4.293514,Plein jour,Hors agglomération,Intersection en T,Normale,Deux véhicules - côté,3,2, -1,-1,3,4,1,0,1,-1,2,3,2,0,1,0,82.0,44.0,voiture,voiture,1,1,3,1,3
202300018992,2023-02-02 12:30:00,2023,2,2,12,30,27,27249,D6015,49.184074,1.253774,Plein jour,Hors agglomération,Intersection en X,Normale,Trois véhicules et plus - collisions multiples,3,2,2,0,1,1,1,0,1,80,3,4,0,0,2,2,76.0,74.0,voiture,voiture,1,1,2,1,5
202300018992,2023-02-02 12:30:00,2023,2,2,12,30,27,27249,D6015,49.184074,1.253774,Plein jour,Hors agglomération,Intersection en X,Normale,Trois véhicules et plus - collisions multiples,3,-1, -1,-1,1,1,1,0,1,-1,3,4,0,0,2,2,76.0,74.0,voiture,voiture,1,1,2,1,5
202300018993,2023-09-15 06:35:00,2023,9,15,6,35,43,43084,2 Route du Midi,44.978992,3.857274,Crépuscule ou aube,Hors agglomération,Hors intersection,Normale,Trois véhicules et plus - collisions multiples,2,2,2,0,1,3,1,0,1,80,3,3,1,1,1,0,20.0,44.0,deux_roues,deux_roues,2,1,1,1,5
202300018994,2023-12-22 18:50:00,2023,12,22,18,50,45,45134,D2157 PR 20 + 530,47.936759,1.639302,Crépuscule ou aube,Hors agglomération,Hors intersection,Normale,Deux véhicules - frontale,3,2,2,0,1,1,1,0,1,90,2,3,1,0,1,1,20.0,77.0,voiture,voiture,2,1,1,1,1
202300018995,2023-02-02 09:40:00,2023,2,2,9,40,60,60581,D938,49.503301,2.419932,Plein jour,Hors agglomération,Hors intersection,Normale,Sans collision,3,2,2,0,2,1,1,0,3,-1,1,2,0,0,2,0,42.0,,voiture,,1,1,1,1,7
202300018996,2023-09-15 07:40:00,2023,9,15,7,40,53,53209,la riauté,48.018233,-0.996934,Plein jour,Hors agglomération,Hors intersection,Normale,Sans collision,4,2,2,0,1,1,1,0,1,80,1,1,0,0,1,0,15.0,,deux_roues,,1,1,1,1,7
202300018997,2023-01-30 00:30:00,2023,1,30,0,30,59,59350,ROUTE NATIONALE 356,50.63192,3.08276,Nuit sans éclairage public,Hors agglomération,Hors intersection,Normale,Autre collision,2,-1,9,0,1,1,2,0,1,70,1,2,1,0,0,1,35.0,,voiture,,3,1,1,1,6
202300018998,2023-02-01 07:30:00,2023,2,1,7,30,91,91553,RN 104,48.6316,2.49339,Crépuscule ou aube,Hors agglomération,Hors intersection,Normale,Deux véhicules - arrière,2,-1,3,0,1,1,1,0,1,110,2,2,1,0,0,1,53.0,46.0,utilitaire_camion,voiture,2,1,1,1,2
202300018999,2023-12-23 10:50:00,2023,12,23,10,50,07,07292,D578,45.164841,4.693769,Plein jour,Hors agglomération,Hors intersection,Normale,Deux véhicules - frontale,3,2,2,0,2,3,1,0,1,70,2,2,1,0,0,1,22.0,61.0,voiture,voiture,1,1,1,1,1
202300019000,2023-01-31 17:19:00,2023,1,31,17,19,78,78640,A86 INT,48.779007,2.199934,Crépuscule ou aube,Hors agglomération,Hors intersection,Normale,Autre collision,1,-1,3,0,1,1,1,0,1,110,1,3,2,0,0,1,40.0,,voiture,,2,1,1,1,6
202300019001,2023-09-14 11:15:00,2023,9,14,11,15,46,46145,PK 301.500 A20 SENS TOULOUSE PARIS,44.93131172,1.50239884,Plein jour,Hors agglomération,Hors intersection,Normale,Autre collision,1,3,3,0,2,1,1,0,3,130,1,2,0,1,1,0,72.0,,voiture,,1,1,1,1,6
202300019002,2023-01-31 06:20:00,2023,1,31,6,20,92,92050,A86,48.90224173,2.2034508,Nuit avec éclairage allumé,Hors agglomération,Hors intersection,Temps couvert,Deux véhicules - arrière,1,-1,2,0,1,2,1,1,1,50,2,2,1,0,0,1,58.0,27.0,utilitaire_camion,voiture,5,1,1,8,2
202300019003,2023-09-15 07:20:00,2023,9,15,7,20,31,31057,Chemin de la Tour,43.510287,1.563226,Plein jour,En agglomération,Hors intersection,Normale,Deux véhicules - frontale,4,2,2,0,2,2,1,0,1,50,2,3,2,0,1,0,27.0,28.0,voiture,transport_commun,1,2,1,1,1
202300019004,2023-12-22 20:15:00,2023,12,22,20,15,53,53135,Le Gros chene,47.870273,-0.998576,Nuit sans éclairage public,Hors agglomération,Hors intersection,Normale,Deux véhicules - côté,3,2,2,0,1,1,1,0,1,80,2,2,1,1,0,0,28.0,21.0,voiture,voiture,3,1,1,1,3
202300019005,2023-01-31 08:50:00,2023,1,31,8,50,95,95500,A15,49.036351,2.09396878,Plein jour,Hors agglomération,Hors intersection,Pluie légère,Deux véhicules - arrière,1,3,4,0,1,1,2,0,1,90,2,2,1,0,0,1,51.0,39.0,voiture,voiture,1,1,1,2,2
202300019006,2023-09-15 13:15:00,2023,9,15,13,15,14,14221,A13,49.168219,-0.261988,Plein jour,Hors agglomération,Hors intersection,Normale,Trois véhicules et plus - en chaîne,1,1,2,0,1,1,1,0,1,130,3,4,1,0,0,3,49.0,29.0,voiture,voiture,1,1,1,1,4
202300019007,2023-01-30 08:35:00,2023,1,30,8,35,95,95252,A115,48.98595974,2.24209995,Plein jour,Hors agglomération,Hors intersection,Normale,Trois véhicules et plus - en chaîne,1,3,4,0,2,1,1,0,1,90,3,3,2,0,0,1,56.0,55.0,utilitaire_camion,utilitaire_camion,1,1,1,1,4
202300019008,2023-09-15 18:30:00,2023,9,15,18,30,76,76391,A13,49.339105,0.961701,Plein jour,Hors agglomération,Hors intersection,Normale,Autre collision,1,3,6,0,4,3,1,0,1,130,1,1,0,0,1,0,46.0,,voiture,,1,1,1,1,6
202300019009,2023-12-22 10:54:00,2023,12,22,10,54,40,40110,Place de l'Hôtel de Ville,43.640027,-0.378149,Plein jour,En agglomération,Intersection en X,Pluie légère,Autre collision,3,-1, -1,-1,-1,-1,2,-1,-1,-1,1,2,1,0,1,0,56.0,,voiture,,1,2,2,2,6
202300019009,2023-12-22 10:54:00,2023,12,22,10,54,40,40110,Place de l'Hôtel de Ville,43.640027,-0.378149,Plein jour,En agglomération,Intersection en X,Pluie légère,Autre collision,3,2,2,0,1,1,2,0,1,30,1,2,1,0,1,0,56.0,,voiture,,1,2,2,2,6
202300019010,2023-01-30 13:30:00,2023,1,30,13,30,93,93078,AUTOROUTE A104,48.97104,2.49948,Plein jour,Hors agglomération,Hors intersection,Pluie légère,Deux véhicules - arrière,1,3,6,0,1,1,2,0,1,110,2,2,1,0,1,0,,29.0,utilitaire_camion,voiture,1,1,1,2,2
202300019011,2023-09-15 08:18:00,2023,9,15,8,18,974,97418,N2,-20.898258,55.519575,Plein jour,Hors agglomération,Hors intersection,Normale,Deux véhicules - arrière,2,3,4,0,1,1,1,0,1,110,2,3,2,0,1,0,28.0,51.0,utilitaire_camion,deux_roues,1,1,1,1,2
202300019012,2023-02-01 18:45:00,2023,2,1,18,45,75,75112,A4,48.819242,2.458531,Nuit sans éclairage public,Hors agglomération,Hors intersection,Normale,Deux véhicules - arrière,1,-1,3,0,1,1,1,0,1,90,2,2,1,0,0,1,32.0,39.0,deux_roues,utilitaire_camion,3,1,1,1,2
202300019013,2023-09-15 10:00:00,2023,9,15,10,0,21,21540,D700,47.325589,5.081348,Plein jour,Hors agglomération,Hors intersection,Normale,Deux véhicules - arrière,7,1,2,0,1,1,1,0,3,90,2,2,1,0,0,1,62.0,,utilitaire_camion,,1,1,1,1,2
202300019014,2023-12-23 19:05:00,2023,12,23,19,5,24,24354,656 Route d'Angoulême,45.16292,0.008175,Nuit sans éclairage public,Hors agglomération,Hors intersection,Pluie légère,Sans collision,3,2,2,0,1,3,2,0,3,70,1,4,0,0,1,3,20.0,,voiture,,3,1,1,2,7
202300019015,2023-02-01 08:40:00,2023,2,1,8,40,94,94028,A86,48.78839102,2.44007985,Plein jour,Hors agglomération,Hors intersection,Normale,Trois véhicules et plus - en chaîne,1,3,7,0,1,1,1,0,1,90,3,3,1,0,0,2,30.0,23.0,voiture,utilitaire_camion,1,1,1,1,4
202300019016,2023-09-15 15:15:00,2023,9,15,15,15,2B,2B093,RT 30,42.623649,8.916328,Plein jour,Hors agglomération,Hors intersection,Normale,Deux véhicules - côté,2,2,2,0,1,1,1,0,1,70,2,3,2,0,1,0,32.0,41.0,voiture,deux_roues,1,1,1,1,3
202300019017,2023-02-01 07:40:00,2023,2,1,7,40,75,75112,A4,48.820452,2.46066,Crépuscule ou aube,Hors agglomération,Hors intersection,Normale,Deux véhicules - arrière,1,1,2,0,2,2,1,0,1,70,2,2,1,0,0,1,37.0,40.0,deux_roues,utilitaire_camion,2,1,1,1,2
202300019018,2023-12-23 11:50:00,2023,12,23,11,50,04,04158,Chemin du Plan,43.723808,6.039476,Plein jour,Hors agglomération,Autre intersection,Normale,Deux véhicules - frontale,4,2,2,0,1,1,1,0,1,80,2,3,2,0,0,1,80.0,32.0,voiture,voiture,1,1,9,1,1
202300019019,2023-09-15 15:45:00,2023,9,15,15,45,66,66175,,42.54577,2.909242,Plein jour,Hors agglomération,Hors intersection,Normale,Deux véhicules - côté,3,2,2,0,1,1,1,0,1,80,2,2,1,0,1,0,30.0,40.0,voiture,deux_roues,1,1,1,1,3
202300019020,2023-01-31 16:50:00,2023,1,31,16,50,37,37261,DELAROCHE (RUE),47.42534,0.67722,Plein jour,En agglomération,Autre intersection,Normale,Autre collision,4,2,2,2,1,1,1,0,1,50,1,3,1,0,0,2,37.0,,voiture,,1,2,9,1,6
202300019020,2023-01-31 16:50:00,2023,1,31,16,50,37,37261,DELAROCHE (RUE),47.42534,0.67722,Plein jour,En agglomération,Autre intersection,Normale,Autre collision,4,2,2,0,1,1,1,0,1,50,1,3,1,0,0,2,37.0,,voiture,,1,2,9,1,6
202300019021,2023-12-22 20:30:00,2023,12,22,20,30,85,85101,RD19,46.494364,-1.3967454,Nuit sans éclairage public,Hors agglomération,Hors intersection,Normale,Autre collision,3,2,2,0,2,4,1,0,3,50,1,2,1,0,1,0,46.0,,utilitaire_camion,,3,1,1,1,6
202300019022,2023-01-26 19:15:00,2023,1,26,19,15,59,59183,KRUYSBELLAERT,51.03873,2.37661,Nuit avec éclairage allumé,En agglomération,Hors intersection,Normale,Autre collision,4,1,1,0,1,1,1,6,1,50,1,2,0,0,2,0,93.0,,voiture,,5,2,1,1,6
202300019023,2023-09-13 13:30:00,2023,9,13,13,30,11,11188,D709,42.972054,3.000464,Plein jour,Hors agglomération,Intersection en T,Normale,Deux véhicules - côté,3,2, -1,-1,1,1,1,5,1,-1,2,2,0,0,1,1,81.0,29.0,voiture,voiture,1,1,3,1,3
202300019023,2023-09-13 13:30:00,2023,9,13,13,30,11,11188,D709,42.972054,3.000464,Plein jour,Hors agglomération,Intersection en T,Normale,Deux véhicules - côté,3,2,2,0,1,2,1,5,1,70,2,2,0,0,1,1,81.0,29.0,voiture,voiture,1,1,3,1,3
202300019024,2023-12-08 08:40:00,2023,12,8,8,40,27,27065,Rue du Chanoine Leprieur,49.34281,0.345549,Plein jour,En agglomération,Hors intersection,Normale,Autre collision,4,2,2,0,1,1,2,0,4,50,1,2,1,0,1,0,34.0,,utilitaire_camion,,1,2,1,1,6
202300019025,2023-01-29 15:10:00,2023,1,29,15,10,988,98818,AVENUE DE LA VICTOIRE H. LAFLEUR/RUE DE SEBASTOPOL,-22.2743,166.44381,Plein jour,En agglomération,Intersection en X,Normale,Deux véhicules - arrière,4,3,5,0,1,1,1,5,1,50,2,2,1,0,0,1,68.0,48.0,voiture,voiture,1,2,2,1,2
202300019025,2023-01-29 15:10:00,2023,1,29,15,10,988,98818,AVENUE DE LA VICTOIRE H. LAFLEUR/RUE DE SEBASTOPOL,-22.2743,166.44381,Plein jour,En agglomération,Intersection en X,Normale,Deux véhicules - arrière,4,1,3,0,2,1,1,5,1,50,2,2,1,0,0,1,68.0,48.0,voiture,voiture,1,2,2,1,2
202300019026,2023-09-11 08:30:00,2023,9,11,8,30,83,83119,Avenue François Pelletier,43.267138,6.640728,Plein jour,En agglomération,Intersection en T,Normale,Deux véhicules - côté,4,2,2,0,1,1,1,0,1,50,2,3,1,0,1,1,32.0,37.0,voiture,deux_roues,1,2,3,1,3
202300019026,2023-09-11 08:30:00,2023,9,11,8,30,83,83119,Avenue François Pelletier,43.267138,6.640728,Plein jour,En agglomération,Intersection en T,Normale,Deux véhicules - côté,4,2,2,0,2,1,1,0,1,50,2,3,1,0,1,1,32.0,37.0,voiture,deux_roues,1,2,3,1,3
202300019027,2023-12-22 10:45:00,2023,12,22,10,45,28,28391,RD 2020,48.222185,1.950964,Plein jour,Hors agglomération,Hors intersection,Normale,Deux véhicules - côté,3,2,3,0,1,1,1,0,1,90,2,4,2,0,2,0,42.0,56.0,utilitaire_camion,voiture,1,1,1,1,3
202300019028,2023-01-31 18:00:00,2023,1,31,18,0,976,97611,kaweni-Europe (avenue),-12.77099,45.22539,Plein jour,Hors agglomération,Autre intersection,Normale,Autre collision,2,2,2,0,1,1,1,0,8,50,1,2,1,0,0,1,40.0,,voiture,,1,1,9,1,6
202300019029,2023-09-14 20:30:00,2023,9,14,20,30,83,83108,D554,43.320709,6.021865,Nuit sans éclairage public,Hors agglomération,Hors intersection,Normale,Deux véhicules - frontale,3,2,2,0,1,1,2,0,1,80,2,2,1,0,1,0,22.0,64.0,voiture,voiture,3,1,1,1,1
202300019030,2023-01-31 08:15:00,2023,1,31,8,15,974,97411,CHALOUPE (CHEMIN DE LA GRANDE),-20.896248,55.376004,Plein jour,Hors agglomération,Hors intersection,Normale,Deux véhicules - arrière,2,3,2,0,1,1,1,0,1,70,2,2,1,0,0,1,28.0,34.0,deux_roues,voiture,1,1,1,1,2
202300019031,2023-12-22 17:40:00,2023,12,22,17,40,08,08302,D1,49.868786,4.72381,Nuit sans éclairage public,Hors agglomération,Hors intersection,Pluie forte,Sans collision,3,2,2,0,1,1,2,0,3,80,1,1,0,1,0,0,27.0,,voiture,,3,1,1,3,7
202300019032,2023-09-15 13:25:00,2023,9,15,13,25,05,05007,Route départementale D902 - PR 49+200,44.711674,6.742093,Plein jour,Hors agglomération,Hors intersection,Normale,Deux véhicules - frontale,3,2,2,0,1,1,1,0,1,90,2,3,2,0,0,1,29.0,75.0,deux_roues,voiture,1,1,1,1,1
202300019033,2023-01-31 17:35:00,2023,1,31,17,35,973,97302,ZONE COLLERY I OU II,4.904,-52.31722,Plein jour,En agglomération,Hors intersection,Normale,Deux véhicules - arrière,3,2,2,0,1,1,1,0,1,70,2,3,2,0,0,1,43.0,38.0,voiture,voiture,1,2,1,1,2
202300019034,2023-09-14 11:50:00,2023,9,14,11,50,04,04193,D902,44.527678,6.716804,Plein jour,Hors agglomération,Hors intersection,Normale,Sans collision,3,2,2,0,2,2,1,0,1,80,1,1,0,0,1,0,51.0,,deux_roues,,1,1,1,1,7
202300019035,2023-12-09 10:31:00,2023,12,9,10,31,67,67256,M263,48.65066,7.723668,Nuit avec éclairage allumé,Hors agglomération,Hors intersection,Pluie forte,Autre collision,7,1,0,0,1,1,2,5,1,70,1,2,1,0,1,0,54.0,,voiture,,5,1,1,3,6
202300019036,2023-01-31 12:40:00,2023,1,31,12,40,973,97302,BADUEL (ROUTE DE),4.93765,-52.31595,Plein jour,En agglomération,Intersection en T,Normale,Deux véhicules - côté,3,2,2,0,1,1,1,0,1,50,2,2,1,0,0,1,28.0,27.0,voiture,deux_roues,1,2,3,1,3
202300019036,2023-01-31 12:40:00,2023,1,31,12,40,973,97302,BADUEL (ROUTE DE),4.93765,-52.31595,Plein jour,En agglomération,Intersection en T,Normale,Deux véhicules - côté,3,2,2,0,1,3,1,0,1,50,2,2,1,0,0,1,28.0,27.0,voiture,deux_roues,1,2,3,1,3
202300019037,2023-09-15 09:05:00,2023,9,15,9,5,25,25276,D25,47.436053,6.43948,Plein jour,En agglomération,Hors intersection,Normale,Deux véhicules - frontale,4,2,2,0,2,2,1,0,1,50,2,2,1,0,0,1,64.0,16.0,utilitaire_camion,deux_roues,1,2,1,1,1
202300019038,2023-01-31 17:30:00,2023,1,31,17,30,69,69387,56 Avenue Jean Jaurès,45.74888,4.84404,Nuit avec éclairage allumé,En agglomération,Intersection en X,Normale,Autre collision,4,1,2,3,1,1,1,0,1,30,1,2,1,0,0,1,24.0,,voiture,,5,2,2,1,6
202300019038,2023-01-31 17:30:00,2023,1,31,17,30,69,69387,56 Avenue Jean Jaurès,45.74888,4.84404,Nuit avec éclairage allumé,En agglomération,Intersection en X,Normale,Autre collision,4,1,1,2,1,1,1,0,1,30,1,2,1,0,0,1,24.0,,voiture,,5,2,2,1,6
202300019039,2023-09-14 14:30:00,2023,9,14,14,30,03,03102,Route de Vichy,46.519684,3.68005,Plein jour,En agglomération,Intersection en X,Normale,Deux véhicules - arrière,3,2,2,0,1,1,1,0,1,50,2,2,1,0,0,1,30.0,50.0,deux_roues,voiture,1,2,2,1,2
202300019039,2023-09-14 14:30:00,2023,9,14,14,30,03,03102,Route de Vichy,46.519684,3.68005,Plein jour,En agglomération,Intersection en X,Normale,Deux véhicules - arrière,3,2,2,0,1,1,1,0,8,50,2,2,1,0,0,1,30.0,50.0,deux_roues,voiture,1,2,2,1,2
202300019040,2023-01-31 11:45:00,2023,1,31,11,45,69,69388,45 Rue Professeur Beauvisage,45.72978,4.86847,Plein jour,En agglomération,Intersection en X,Normale,Deux véhicules - côté,4,1,1,0,1,1,1,0,1,50,2,2,1,0,0,1,57.0,27.0,voiture,deux_roues,1,2,2,1,3
202300019040,2023-01-31 11:45:00,2023,1,31,11,45,69,69388,45 Rue Professeur Beauvisage,45.72978,4.86847,Plein jour,En agglomération,Intersection en X,Normale,Deux véhicules - côté,4,2,2,2,1,1,1,0,1,50,2,2,1,0,0,1,57.0,27.0,voiture,deux_roues,1,2,2,1,3
202300019041,2023-09-15 10:00:00,2023,9,15,10,0,73,73290,D1006,45.218884,6.968926,Plein jour,Hors agglomération,Hors intersection,Brouillard / fumée,Autre collision,3,2,2,0,2,4,9,0,1,80,1,1,0,0,1,0,53.0,,deux_roues,,1,1,1,5,6
202300019042,2023-01-30 18:05:00,2023,1,30,18,5,2B,2B037,TOUTES RUES,42.61656,9.43735,Nuit sans éclairage public,Hors agglomération,Hors intersection,Normale,Deux véhicules - côté,2,3,4,0,1,1,1,0,1,90,2,2,1,0,0,1,88.0,27.0,voiture,voiture,3,1,1,1,3
202300019043,2023-09-15 14:50:00,2023,9,15,14,50,73,73176,D84 Le Villaret,45.612484,6.860828,Plein jour,Hors agglomération,Intersection en Y,Normale,Autre collision,3,2,2,0,3,2,1,0,8,80,1,2,0,0,0,2,33.0,,voiture,,1,1,4,1,6
202300019043,2023-09-15 14:50:00,2023,9,15,14,50,73,73176,D84 Le Villaret,45.612484,6.860828,Plein jour,Hors agglomération,Intersection en Y,Normale,Autre collision,3,2,2,0,2,3,1,0,8,80,1,2,0,0,0,2,33.0,,voiture,,1,1,4,1,6
202300019044,2023-01-31 21:40:00,2023,1,31,21,40,2A,2A004,PINS RCE LES AV MONT THABOR,41.94404,8.7647,Nuit avec éclairage allumé,En agglomération,Hors intersection,Normale,Deux véhicules - côté,4,2,2,0,2,2,8,0,1,50,2,2,0,0,0,2,17.0,53.0,deux_roues,utilitaire_camion,5,2,1,1,3
202300019045,2023-01-31 13:40:00,2023,1,31,13,40,2A,2A004,VAZZIO HAUTS DU HLM,41.93495,8.78754,Plein jour,En agglomération,Hors intersection,Normale,Deux véhicules - frontale,4,2,2,0,2,3,1,0,1,50,2,2,0,0,0,2,27.0,20.0,voiture,utilitaire_camion,1,2,1,1,1
202300019046,2023-09-12 10:30:00,2023,9,12,10,30,26,26064,Chemin des Charbonniers,44.915898,5.005281,Plein jour,Hors agglomération,Intersection en X,Normale,Deux véhicules - côté,4,2,2,0,1,1,1,0,1,80,2,2,1,0,1,0,63.0,85.0,voiture,voiture,1,1,2,1,3
202300019046,2023-09-12 10:30:00,2023,9,12,10,30,26,26064,Chemin des Charbonniers,44.915898,5.005281,Plein jour,Hors agglomération,Intersection en X,Normale,Deux véhicules - côté,4,-1,2,0,1,1,1,0,1,80,2,2,1,0,1,0,63.0,85.0,voiture,voiture,1,1,2,1,3
202300019047,2023-01-31 01:35:00,2023,1,31,1,35,95,95306,BOEUFS (CHEMIN DES),49.010935,2.129586,Nuit avec éclairage allumé,En agglomération,Giratoire,Normale,Autre collision,4,2,2,0,1,1,1,5,1,50,1,1,0,0,0,1,17.0,,utilitaire_camion,,5,2,6,1,6