accident_id,datetime,annee,mois,jour,heure,minute,departement,commune_insee,adresse,latitude,longitude,luminosite,agglomeration,intersection,meteo,collision,catr,circ,nbv,vosp,prof,plan,surf,infra,situ,vma,nb_vehicules,nb_usagers,nb_indemnes,nb_tues,nb_blesses_hosp,nb_blesses_legers,age_cond_1,age_cond_2,veh_type_cond_1,veh_type_cond_2,lum_code,agg_code,int_code,atm_code,col_code
202300019118,2023-01-30 17:00:00,2023,1,30,17,0,59,59509,BLUM (RUE LEON),50.41723,3.09118,Plein jour,En agglomération,Intersection en T,Normale,Deux véhicules - côté,3,2,2,0,1,1,1,0,1,50,2,2,1,0,1,0,44.0,86.0,deux_roues,voiture,1,2,3,1,3
202300019119,2023-01-26 17:10:00,2023,1,26,17,10,51,51230,Avenue de Champagne,49.043429,3.958139,Nuit avec éclairage allumé,En agglomération,Hors intersection,Pluie légère,Autre collision,4,2,2,0,1,1,2,0,1,50,1,2,1,0,0,1,76.0,,utilitaire_camion,,5,2,1,2,6
202300019120,2023-09-13 14:05:00,2023,9,13,14,5,91,91027,VC QUAI DE L'INDUSTRIE,48.6977,2.39452,Plein jour,En agglomération,Hors intersection,Normale,Deux véhicules - côté,4,2,2,0,1,1,1,0,1,30,2,3,2,0,0,1,70.0,,voiture,voiture,1,2,1,1,3
202300019121,2023-12-23 18:29:00,2023,12,23,18,29,57,57683,14 Rue du Muguet,49.302628,6.152175,Nuit avec éclairage allumé,En agglomération,Hors intersection,Pluie légère,Autre collision,4,1,1,0,1,2,2,0,1,50,1,2,1,0,0,1,35.0,,voiture,,5,2,1,2,6
202300019122,2023-01-31 08:50:00,2023,1,31,8,50,49,49007,BIRGE BOULEVARD,47.4716,-0.51912,Plein jour,En agglomération,Hors intersection,Normale,Deux véhicules - côté,4,3,4,0,1,1,1,0,1,50,2,2,1,0,0,1,31.0,58.0,voiture,deux_roues,1,2,1,1,3
202300019123,2023-09-13 08:20:00,2023,9,13,8,20,91,91286,EMILE AILLAUD (AVENUE),48.647885,2.367112,Plein jour,En agglomération,Giratoire,Normale,Deux véhicules - côté,3,2,4,0,1,3,1,0,1,50,2,2,1,0,0,1,22.0,21.0,deux_roues,voiture,1,2,6,1,3
202300019123,2023-09-13 08:20:00,2023,9,13,8,20,91,91286,EMILE AILLAUD (AVENUE),48.647885,2.367112,Plein jour,En agglomération,Giratoire,Normale,Deux véhicules - côté,3,1,2,0,1,2,1,0,1,50,2,2,1,0,0,1,22.0,21.0,deux_roues,voiture,1,2,6,1,3
202300019124,2023-01-30 17:58:00,2023,1,30,17,58,49,49267,GIONO,47.47057,-0.48439,Crépuscule ou aube,En agglomération,Hors intersection,Normale,Sans collision,4,2,2,0,1,2,1,0,1,30,1,1,0,0,0,1,15.0,,deux_roues,,2,2,1,1,7
202300019125,2023-12-21 18:25:00,2023,12,21,18,25,63,63042,route de Sayat,45.827368,3.071966,Nuit avec éclairage allumé,En agglomération,Hors intersection,Pluie légère,Autre collision,7,2,2,0,4,1,2,9,1,50,1,2,1,1,0,0,31.0,,voiture,,5,2,1,2,6
202300019126,2023-09-10 02:40:00,2023,9,10,2,40,86,86194,D910,46.614942,0.349973,Nuit avec éclairage allumé,En agglomération,Hors intersection,Normale,Autre collision,3,3,1,0,1,1,1,0,3,50,1,3,2,0,1,0,23.0,,voiture,,5,2,1,1,6
202300019127,2023-01-29 20:00:00,2023,1,29,20,0,49,49007,GASNIER AVENUE,47.48743,-0.57353,Nuit avec éclairage allumé,En agglomération,Intersection en X,Normale,Deux véhicules - côté,4,2,2,0,1,1,1,0,1,50,2,2,1,0,0,1,31.0,,deux_roues,voiture,5,2,2,1,3
202300019127,2023-01-29 20:00:00,2023,1,29,20,0,49,49007,GASNIER AVENUE,47.48743,-0.57353,Nuit avec éclairage allumé,En agglomération,Intersection en X,Normale,Deux véhicules - côté,4,2, -1,-1,1,1,1,0,1,-1,2,2,1,0,0,1,31.0,,deux_roues,voiture,5,2,2,1,3
202300019128,2023-12-19 10:50:00,2023,12,19,10,50,38,38562,315 Rue Ambroise Croizat,45.084305,5.761519,Plein jour,En agglomération,Autre intersection,Normale,Autre collision,6,-1, -1,0,1,1,1,0,1,20,1,2,1,0,1,0,53.0,,voiture,,1,2,9,1,6
202300019129,2023-01-28 03:50:00,2023,1,28,3,50,49,49015,MENDES FRANCE AVENUE PIERRE,47.49528,-0.57949,Nuit avec éclairage allumé,En agglomération,Hors intersection,Normale,Autre collision,4,2,2,0,1,1,1,0,1,30,1,1,0,0,0,1,24.0,,voiture,,5,2,1,1,6
202300019130,2023-12-23 14:10:00,2023,12,23,14,10,26,26381,180 Route de l’Ecancière,45.03424976,5.17187834,Plein jour,Hors agglomération,Hors intersection,Normale,Autre collision,3,2,2,0,1,2,1,0,3,70,1,1,0,0,1,0,51.0,,voiture,,1,1,1,1,6
202300019131,2023-01-31 12:30:00,2023,1,31,12,30,47,47201,PYRENEES (AVENUE DES),44.1754,0.60667,Plein jour,En agglomération,Intersection en T,Normale,Deux véhicules - côté,3,2,2,0,1,1,1,0,1,50,2,2,1,0,0,1,71.0,23.0,voiture,deux_roues,1,2,3,1,3
202300019131,2023-01-31 12:30:00,2023,1,31,12,30,47,47201,PYRENEES (AVENUE DES),44.1754,0.60667,Plein jour,En agglomération,Intersection en T,Normale,Deux véhicules - côté,3,2,2,0,1,1,1,0,1,50,2,2,1,0,0,1,71.0,23.0,voiture,deux_roues,1,2,3,1,3
202300019132,2023-09-13 19:34:00,2023,9,13,19,34,79,79191,,46.3169,-0.48104,Plein jour,En agglomération,Giratoire,Normale,Deux véhicules - côté,4,3,4,3,1,1,1,0,1,50,2,2,1,0,1,0,36.0,17.0,voiture,deux_roues,1,2,6,1,3
202300019133,2023-01-30 13:50:00,2023,1,30,13,50,42,42218,Rue Alexandre Pourcel,45.42338,4.39231,Plein jour,En agglomération,Hors intersection,Pluie légère,Autre collision,4,2,2,0,1,1,2,0,1,50,1,2,1,0,0,1,32.0,,voiture,,1,2,1,2,6
202300019134,2023-12-23 06:00:00,2023,12,23,6,0,07,07279,Route de Valescure,44.42829684,4.6249786,Nuit sans éclairage public,Hors agglomération,Hors intersection,Normale,Autre collision,3,2,2,0,1,2,1,2,1,50,1,1,0,0,1,0,16.0,,deux_roues,,3,1,1,1,6
202300019135,2023-01-31 15:40:00,2023,1,31,15,40,35,35150,PILAIS (LA) LIEUX-DITS,48.35491809,-1.23035163,Plein jour,Hors agglomération,Intersection en X,Pluie légère,Deux véhicules - côté,3,2,2,0,1,1,2,0,1,80,2,2,1,0,1,0,27.0,22.0,utilitaire_camion,deux_roues,1,1,2,2,3
202300019135,2023-01-31 15:40:00,2023,1,31,15,40,35,35150,PILAIS (LA) LIEUX-DITS,48.35491809,-1.23035163,Plein jour,Hors agglomération,Intersection en X,Pluie légère,Deux véhicules - côté,3,2,3,0,2,2,2,0,1,80,2,2,1,0,1,0,27.0,22.0,utilitaire_camion,deux_roues,1,1,2,2,3
202300019136,2023-12-19 16:50:00,2023,12,19,16,50,69,69242,Route de Villeneuve,46.130869,4.767219,Plein jour,En agglomération,Autre intersection,Temps couvert,Autre collision,4,2,2,0,1,3,1,2,3,50,1,1,0,0,1,0,43.0,,voiture,,1,2,9,8,6
202300019137,2023-01-31 11:00:00,2023,1,31,11,0,29,29232,Rue de Pen Ar Stang,47.99035817,-4.10189822,Plein jour,En agglomération,Hors intersection,Normale,Deux véhicules - frontale,4,-1,2,0,1,1,1,0,1,50,2,2,1,0,0,1,66.0,64.0,voiture,voiture,1,2,1,1,1
202300019138,2023-01-31 07:25:00,2023,1,31,7,25,28,28404,RD 828A,48.72647,1.34487,Nuit sans éclairage public,Hors agglomération,Hors intersection,Temps couvert,Deux véhicules - arrière,3,3,4,0,1,1,7,0,1,90,2,2,1,0,1,0,71.0,37.0,voiture,utilitaire_camion,3,1,1,8,2
202300019139,2023-12-22 16:05:00,2023,12,22,16,5,69,69121,Route de la Tour ,45.839937,4.691913,Plein jour,Hors agglomération,Hors intersection,Pluie légère,Trois véhicules et plus - collisions multiples,3,2,2,0,1,4,2,0,1,80,4,4,3,0,0,1,22.0,57.0,voiture,voiture,1,1,1,2,5
202300019140,2023-01-30 17:10:00,2023,1,30,17,10,27,27229,BROSSOLETTE (RUE PIERRE),49.0225,1.16434,Plein jour,En agglomération,Hors intersection,Normale,Autre collision,4,2,2,0,1,1,1,0,1,30,1,2,1,0,0,1,79.0,,voiture,,1,2,1,1,6
202300019141,2023-12-22 21:35:00,2023,12,22,21,35,33,33019,Rue du Port,44.681451,-1.015012,Nuit avec éclairage allumé,En agglomération,Intersection en X,Pluie légère,Deux véhicules - côté,4,2,2,-1,1,1,2,0,1,50,2,2,1,0,1,0,15.0,19.0,deux_roues,voiture,5,2,2,2,3
202300019141,2023-12-22 21:35:00,2023,12,22,21,35,33,33019,Rue du Port,44.681451,-1.015012,Nuit avec éclairage allumé,En agglomération,Intersection en X,Pluie légère,Deux véhicules - côté,4,2,2,1,1,1,2,0,1,50,2,2,1,0,1,0,15.0,19.0,deux_roues,voiture,5,2,2,2,3
202300019142,2023-01-30 08:10:00,2023,1,30,8,10,27,27229,ROCHETTE (RUE DE LA),49.02688,1.14104,Crépuscule ou aube,En agglomération,Hors intersection,Normale,Autre collision,4,-1,2,0,1,1,1,0,1,50,1,2,1,0,0,1,20.0,,voiture,,2,2,1,1,6
202300019143,2023-01-31 08:30:00,2023,1,31,8,30,25,25056,,47.254828,6.032045,Plein jour,En agglomération,Autre intersection,Normale,Deux véhicules - frontale,4,-1,2,0,1,2,2,0,1,50,2,2,0,0,0,2,23.0,41.0,voiture,voiture,1,2,9,1,1
202300019144,2023-11-13 16:05:00,2023,11,13,16,5,44,44122,1 Beau Soleil,47.42325,-1.435843,Plein jour,Hors agglomération,Intersection en X,Normale,Trois véhicules et plus - collisions multiples,3,2,1,0,1,1,1,0,1,80,3,3,2,0,1,0,36.0,47.0,utilitaire_camion,utilitaire_camion,1,1,2,1,5
202300019144,2023-11-13 16:05:00,2023,11,13,16,5,44,44122,1 Beau Soleil,47.42325,-1.435843,Plein jour,Hors agglomération,Intersection en X,Normale,Trois véhicules et plus - collisions multiples,3,2,2,0,1,1,1,0,1,80,3,3,2,0,1,0,36.0,47.0,utilitaire_camion,utilitaire_camion,1,1,2,1,5
202300019145,2023-01-31 17:30:00,2023,1,31,17,30,18,18033,Avenue Pierre Semard,47.09298,2.3999,Plein jour,En agglomération,Intersection en X,Normale,Deux véhicules - côté,4,2,2,1,1,2,1,0,1,50,2,2,1,0,1,0,38.0,33.0,voiture,deux_roues,1,2,2,1,3
202300019145,2023-01-31 17:30:00,2023,1,31,17,30,18,18033,Avenue Pierre Semard,47.09298,2.3999,Plein jour,En agglomération,Intersection en X,Normale,Deux véhicules - côté,4,2,2,0,1,3,1,0,1,50,2,2,1,0,1,0,38.0,33.0,voiture,deux_roues,1,2,2,1,3
202300019146,2023-12-22 13:35:00,2023,12,22,13,35,56,56178,Rue Roger le Cunff,48.075703,-2.961169,Plein jour,En agglomération,Hors intersection,Normale,Autre collision,4,2,2,0,2,1,1,0,1,50,1,1,0,0,0,1,71.0,,voiture,,1,2,1,1,6
202300019147,2023-01-31 16:20:00,2023,1,31,16,20,18,18033,3 Rue Pelvoysin,47.08579,2.39347,Plein jour,En agglomération,Intersection en T,Normale,Autre collision,4,2,2,0,3,1,1,5,1,30,1,2,1,0,1,0,53.0,,voiture,,1,2,3,1,6
202300019147,2023-01-31 16:20:00,2023,1,31,16,20,18,18033,3 Rue Pelvoysin,47.08579,2.39347,Plein jour,En agglomération,Intersection en T,Normale,Autre collision,4,-1,1,0,1,2,1,5,1,30,1,2,1,0,1,0,53.0,,voiture,,1,2,3,1,6
202300019148,2023-01-31 19:20:00,2023,1,31,19,20,17,17415,Route Nationale 137,45.72483,-0.63939,Nuit sans éclairage public,En agglomération,Autre intersection,Normale,Sans collision,3,-1,2,0,3,1,1,5,8,-1,1,1,0,0,0,1,51.0,,voiture,,3,2,9,1,7
202300019149,2023-01-11 08:20:00,2023,1,11,8,20,13,13056,RAYETTES,43.41279,5.04176,Plein jour,En agglomération,Hors intersection,Normale,Deux véhicules - côté,3,2,2,0,2,1,1,0,1,50,2,2,1,0,0,1,57.0,49.0,deux_roues,voiture,1,2,1,1,3
202300019150,2023-12-22 13:05:00,2023,12,22,13,5,13,13071,A7-Sens Lyon vers Marseille,43.40498387,5.3398132,Plein jour,Hors agglomération,Hors intersection,Vent fort / tempête,Deux véhicules - arrière,1,1,3,0,1,1,1,0,1,90,3,4,2,0,0,2,45.0,19.0,voiture,voiture,1,1,1,6,2
202300019151,2023-01-07 19:30:00,2023,1,7,19,30,13,13077,RN 568,43.4136735,5.00434666,Nuit sans éclairage public,Hors agglomération,Hors intersection,Normale,Trois véhicules et plus - en chaîne,2,3,4,0,1,1,1,0,1,90,3,4,1,0,0,3,42.0,56.0,voiture,voiture,3,1,1,1,4
202300019152,2023-12-22 07:00:00,2023,12,22,7,0,13,13212,A507 sens Aubagne- Marseille,43.29122199,5.42444229,Nuit avec éclairage allumé,Hors agglomération,Hors intersection,Normale,Deux véhicules - côté,1,3,4,0,1,1,1,1,1,70,2,2,1,0,0,1,52.0,26.0,voiture,utilitaire_camion,5,1,1,1,3
202300019153,2023-01-31 16:00:00,2023,1,31,16,0,13,13214,AVENUE RAIMU,43.33332,5.39895,Plein jour,En agglomération,Intersection en T,Normale,Deux véhicules - côté,4,3,4,0,1,1,1,5,1,50,2,5,2,0,0,3,24.0,42.0,voiture,voiture,1,2,3,1,3
202300019153,2023-01-31 16:00:00,2023,1,31,16,0,13,13214,AVENUE RAIMU,43.33332,5.39895,Plein jour,En agglomération,Intersection en T,Normale,Deux véhicules - côté,4,2,2,0,1,1,1,0,8,30,2,5,2,0,0,3,24.0,42.0,voiture,voiture,1,2,3,1,3
202300019154,2023-12-21 22:15:00,2023,12,21,22,15,13,13001,A51-Sens Marseille vers Aix en Provence,43.5133,5.42626,Nuit sans éclairage public,Hors agglomération,Hors intersection,Normale,Deux véhicules - côté,1,-1,2,0,1,1,1,0,1,90,2,3,2,0,0,1,,46.0,voiture,voiture,3,1,1,1,3
202300019155,2023-01-31 15:00:00,2023,1,31,15,0,13,13203,JEAN CRISTOFOL (RUE),43.31076,5.38366,Plein jour,En agglomération,Intersection en T,Normale,Autre collision,4,2,2,0,1,1,1,0,1,50,1,2,1,0,0,1,28.0,,voiture,,1,2,3,1,6
202300019155,2023-01-31 15:00:00,2023,1,31,15,0,13,13203,JEAN CRISTOFOL (RUE),43.31076,5.38366,Plein jour,En agglomération,Intersection en T,Normale,Autre collision,4,1,1,2,1,1,1,0,1,50,1,2,1,0,0,1,28.0,,voiture,,1,2,3,1,6
202300019156,2023-01-31 09:30:00,2023,1,31,9,30,13,13213,POILUS (AVENUE DES),43.32389,5.45615,Plein jour,En agglomération,Intersection en T,Normale,Autre collision,4,2,2,0,1,1,1,0,1,50,1,2,1,0,0,1,,,voiture,,1,2,3,1,6
202300019156,2023-01-31 09:30:00,2023,1,31,9,30,13,13213,POILUS (AVENUE DES),43.32389,5.45615,Plein jour,En agglomération,Intersection en T,Normale,Autre collision,4,2,2,0,1,1,1,0,1,50,1,2,1,0,0,1,,,voiture,,1,2,3,1,6
202300019157,2023-12-22 01:05:00,2023,12,22,1,5,69,69259,Boulevard Laurent Bonnevay,45.7180857,4.86731916,Nuit sans éclairage public,Hors agglomération,Hors intersection,Pluie légère,Sans collision,3,3,9,0,1,1,2,0,1,70,1,2,0,0,1,1,21.0,,voiture,,3,1,1,2,7
202300019158,2023-01-31 07:40:00,2023,1,31,7,40,13,13002,GENERAL LECLERC (AVENUE DU),43.342,5.486,Plein jour,En agglomération,Hors intersection,Normale,Deux véhicules - frontale,4,2,2,0,1,1,1,0,1,50,2,2,0,0,0,2,78.0,53.0,voiture,deux_roues,1,2,1,1,1
202300019159,2023-01-30 17:00:00,2023,1,30,17,0,13,13005,TOURTELLE (QUARTIER DE LA),43.28567,5.5547,Plein jour,En agglomération,Autre intersection,Temps éblouissant,Autre collision,4,2,2,0,1,1,1,0,1,30,1,2,1,0,0,1,51.0,,utilitaire_camion,,1,2,9,7,6
202300019160,2023-12-21 21:15:00,2023,12,21,21,15,69,69081,Route de Métropole 6,45.78423,4.78418,Nuit sans éclairage public,Hors agglomération,Hors intersection,Pluie légère,Deux véhicules - arrière,7,3,6,0,2,1,2,0,2,70,2,2,1,0,0,1,33.0,55.0,voiture,voiture,3,1,1,2,2
202300019161,2023-01-31 13:58:00,2023,1,31,13,58,10,10060,ROCADE OUEST (RD 610),48.25434595,4.10560906,Plein jour,Hors agglomération,Hors intersection,Normale,Trois véhicules et plus - collisions multiples,3,2,2,0,1,1,1,0,1,90,3,4,1,0,0,3,55.0,44.0,utilitaire_camion,voiture,1,1,1,1,5
202300019162,2023-12-20 12:15:00,2023,12,20,12,15,42,42225,A47,45.52011,4.59287,Plein jour,Hors agglomération,Hors intersection,Normale,Deux véhicules - arrière,1,3,4,0,1,1,1,0,1,90,2,2,1,0,0,1,48.0,60.0,utilitaire_camion,voiture,1,1,1,1,2
202300019163,2023-01-31 13:39:00,2023,1,31,13,39,10,10387,GENERAL SARRAIL (AVE),48.308,4.0446,Plein jour,En agglomération,Hors intersection,Normale,Deux véhicules - arrière,4,2,2,0,1,1,1,0,1,50,2,2,1,0,0,1,39.0,70.0,deux_roues,utilitaire_camion,1,2,1,1,2
202300019164,2023-01-31 12:28:00,2023,1,31,12,28,10,10387,PASTEUR (RUE),48.30081,4.06463,Plein jour,En agglomération,Hors intersection,Normale,Trois véhicules et plus - en chaîne,4,2,2,0,1,1,1,0,1,50,3,4,2,0,0,2,64.0,55.0,voiture,voiture,1,2,1,1,4
202300019165,2023-01-30 18:20:00,2023,1,30,18,20,10,10387,LOMBARDS (AVENUE),48.26899,4.08458,Nuit avec éclairage allumé,En agglomération,Intersection en T,Normale,Deux véhicules - frontale,4,2,0,0,1,1,2,0,1,50,2,2,1,0,0,1,24.0,36.0,autre,deux_roues,5,2,3,1,1
202300019165,2023-01-30 18:20:00,2023,1,30,18,20,10,10387,LOMBARDS (AVENUE),48.26899,4.08458,Nuit avec éclairage allumé,En agglomération,Intersection en T,Normale,Deux véhicules - frontale,4,2,1,0,1,1,2,0,1,50,2,2,1,0,0,1,24.0,36.0,autre,deux_roues,5,2,3,1,1
202300019166,2023-12-22 12:35:00,2023,12,22,12,35,33,33249,ROUTE NATIONALE 230,44.8811691,-0.51108956,Plein jour,Hors agglomération,Hors intersection,Pluie légère,Trois véhicules et plus - en chaîne,2,3,6,0,1,1,2,0,1,90,3,4,2,0,0,2,37.0,81.0,utilitaire_camion,voiture,1,1,1,2,4
202300019167,2023-01-29 19:00:00,2023,1,29,19,0,02,02408,,49.57128,3.5869,Crépuscule ou aube,Hors agglomération,Giratoire,Normale,Deux véhicules - côté,3,1,2,0,1,2,1,5,1,50,2,5,3,0,0,2,41.0,65.0,voiture,utilitaire_camion,2,1,6,1,3
202300019167,2023-01-29 19:00:00,2023,1,29,19,0,02,02408,,49.57128,3.5869,Crépuscule ou aube,Hors agglomération,Giratoire,Normale,Deux véhicules - côté,3,2,2,0,1,2,1,5,1,50,2,5,3,0,0,2,41.0,65.0,voiture,utilitaire_camion,2,1,6,1,3
202300019168,2023-12-22 07:35:00,2023,12,22,7,35,33,33554,ROUTE NATIONALE 89,44.86911748,-0.46932921,Nuit sans éclairage public,Hors agglomération,Hors intersection,Pluie légère,Deux véhicules - arrière,2,3,6,0,1,1,2,3,1,90,2,2,1,0,0,1,47.0,43.0,voiture,voiture,3,1,1,2,2
202300019169,2023-01-31 14:40:00,2023,1,31,14,40,75,75105,BOULEVARD SAINT GERMAIN,48.850325,2.347549,Plein jour,En agglomération,Intersection en T,Normale,Autre collision,4,1,3,0,1,1,1,0,1,30,1,2,1,0,0,1,50.0,,deux_roues,,1,2,3,1,6
202300019169,2023-01-31 14:40:00,2023,1,31,14,40,75,75105,BOULEVARD SAINT GERMAIN,48.850325,2.347549,Plein jour,En agglomération,Intersection en T,Normale,Autre collision,4,-1, -1,-1,1,1,1,0,1,-1,1,2,1,0,0,1,50.0,,deux_roues,,1,2,3,1,6
202300019170,2023-01-31 13:50:00,2023,1,31,13,50,75,75106,RUE DU FOUR,48.852648,2.333167,Plein jour,En agglomération,Intersection en X,Normale,Autre collision,4,2,2,1,1,1,1,-1,5,30,1,2,1,0,0,1,,,deux_roues,,1,2,2,1,6
202300019170,2023-01-31 13:50:00,2023,1,31,13,50,75,75106,RUE DU FOUR,48.852648,2.333167,Plein jour,En agglomération,Intersection en X,Normale,Autre collision,4,2,2,1,1,1,1,-1,5,30,1,2,1,0,0,1,,,deux_roues,,1,2,2,1,6
202300019171,2023-01-31 15:10:00,2023,1,31,15,10,75,75119,RUE MANIN,48.880422,2.37962,Plein jour,En agglomération,Intersection en T,Normale,Autre collision,4,1,1,0,2,1,1,0,1,30,1,2,1,0,0,1,35.0,,deux_roues,,1,2,3,1,6
202300019171,2023-01-31 15:10:00,2023,1,31,15,10,75,75119,RUE MANIN,48.880422,2.37962,Plein jour,En agglomération,Intersection en T,Normale,Autre collision,4,2,2,0,1,1,1,0,1,30,1,2,1,0,0,1,35.0,,deux_roues,,1,2,3,1,6
202300019172,2023-01-31 18:50:00,2023,1,31,18,50,75,75116,ROUTE DE LA MUETTE A NEUILLY,48.875852,2.262205,Nuit avec éclairage allumé,En agglomération,Intersection en X,Normale,Deux véhicules - côté,4,2,9,0,1,1,1,0,1,30,2,2,1,0,0,1,59.0,38.0,deux_roues,voiture,5,2,2,1,3
202300019172,2023-01-31 18:50:00,2023,1,31,18,50,75,75116,ROUTE DE LA MUETTE A NEUILLY,48.875852,2.262205,Nuit avec éclairage allumé,En agglomération,Intersection en X,Normale,Deux véhicules - côté,4,2,9,0,1,1,1,0,1,30,2,2,1,0,0,1,59.0,38.0,deux_roues,voiture,5,2,2,1,3
202300019173,2023-12-22 20:20:00,2023,12,22,20,20,91,91689,AUTOROUTE A6,48.73165,2.31532,Nuit sans éclairage public,Hors agglomération,Hors intersection,Pluie légère,Trois véhicules et plus - en chaîne,1,1,3,0,1,1,2,0,1,110,5,5,3,0,1,1,23.0,52.0,utilitaire_camion,deux_roues,3,1,1,2,4
202300019174,2023-01-30 10:15:00,2023,1,30,10,15,75,75114,AVENUE DU GENERAL LECLERC,48.833246,2.331528,Plein jour,En agglomération,Intersection en T,Pluie légère,Autre collision,4,2,4,1,1,1,2,-1,5,30,1,2,1,0,0,1,40.0,,deux_roues,,1,2,3,2,6
202300019174,2023-01-30 10:15:00,2023,1,30,10,15,75,75114,AVENUE DU GENERAL LECLERC,48.833246,2.331528,Plein jour,En agglomération,Intersection en T,Pluie légère,Autre collision,4,1, -1,-1,1,1,2,-1,5,-1,1,2,1,0,0,1,40.0,,deux_roues,,1,2,3,2,6
202300019175,2023-12-22 16:30:00,2023,12,22,16,30,91,91689,AUTOROUTE A6,48.741353,2.320856,Plein jour,Hors agglomération,Hors intersection,Temps couvert,Trois véhicules et plus - en chaîne,1,3,3,0,2,1,2,0,1,90,3,5,2,0,0,3,29.0,59.0,voiture,voiture,1,1,1,8,4
202300019176,2023-01-30 08:00:00,2023,1,30,8,0,75,75114,BOULEVARD ARAGO,48.834468,2.332583,Plein jour,En agglomération,Place,Pluie légère,Autre collision,4,2,4,0,1,1,2,0,1,30,2,2,1,0,0,1,14.0,49.0,deux_roues,voiture,1,2,7,2,6
202300019176,2023-01-30 08:00:00,2023,1,30,8,0,75,75114,BOULEVARD ARAGO,48.834468,2.332583,Plein jour,En agglomération,Place,Pluie légère,Autre collision,4,1,8,0,1,1,2,0,1,30,2,2,1,0,0,1,14.0,49.0,deux_roues,voiture,1,2,7,2,6
202300019177,2023-12-22 12:38:00,2023,12,22,12,38,92,92036,A86,48.93554103,2.28513973,Plein jour,Hors agglomération,Hors intersection,Pluie légère,Deux véhicules - arrière,1,1,4,0,1,1,2,0,1,90,2,2,0,0,0,2,45.0,55.0,voiture,voiture,1,1,1,2,2
202300019178,2023-01-31 15:40:00,2023,1,31,15,40,75,75113,RUE DE TOLBIAC,48.827691,2.371388,Plein jour,En agglomération,Intersection en X,Normale,Deux véhicules - arrière,4,1, -1,-1,1,1,1,0,1,-1,2,2,1,0,0,1,21.0,31.0,voiture,deux_roues,1,2,2,1,2
202300019178,2023-01-31 15:40:00,2023,1,31,15,40,75,75113,RUE DE TOLBIAC,48.827691,2.371388,Plein jour,En agglomération,Intersection en X,Normale,Deux véhicules - arrière,4,2,3,0,1,1,1,0,1,30,2,2,1,0,0,1,21.0,31.0,voiture,deux_roues,1,2,2,1,2
202300019179,2023-12-21 22:50:00,2023,12,21,22,50,78,78423,A12 W,48.79374,2.04095,Nuit sans éclairage public,Hors agglomération,Hors intersection,Pluie légère,Autre collision,1,3,4,0,1,1,2,2,1,90,1,2,1,1,0,0,47.0,,voiture,,3,1,1,2,6
202300019180,2023-01-31 01:05:00,2023,1,31,1,5,75,75113,BOULEVARD KELLERMANN,48.820926,2.354944,Nuit avec éclairage allumé,En agglomération,Intersection en T,Normale,Deux véhicules - côté,4,2,4,0,4,3,1,-1,6,50,2,4,3,0,0,1,48.0,,transport_commun,voiture,5,2,3,1,3
202300019180,2023-01-31 01:05:00,2023,1,31,1,5,75,75113,BOULEVARD KELLERMANN,48.820926,2.354944,Nuit avec éclairage allumé,En agglomération,Intersection en T,Normale,Deux véhicules - côté,4,2, -1,-1,1,1,1,0,1,-1,2,4,3,0,0,1,48.0,,transport_commun,voiture,5,2,3,1,3
202300019181,2023-12-21 17:45:00,2023,12,21,17,45,78,78423,A12 Y,48.798488,2.044172,Plein jour,Hors agglomération,Hors intersection,Pluie légère,Sans collision,1,-1,2,0,1,3,2,0,1,70,1,1,0,0,0,1,63.0,,deux_roues,,1,1,1,2,7
202300019182,2023-01-31 17:55:00,2023,1,31,17,55,75,75111,BOULEVARD VOLTAIRE,48.85949286,2.3772727,Crépuscule ou aube,En agglomération,Hors intersection,Normale,Deux véhicules - côté,4,2,1,0,1,1,1,0,1,30,2,3,1,0,0,2,20.0,40.0,deux_roues,voiture,2,2,1,1,3
202300019183,2023-01-30 23:08:00,2023,1,30,23,8,75,75108,BOULEVARD MALESHERBES,48.877778,2.31634,Nuit avec éclairage allumé,En agglomération,Intersection en X,Normale,Autre collision,4,2,4,0,1,1,1,0,1,50,1,1,0,0,0,1,23.0,,voiture,,5,2,2,1,6
202300019183,2023-01-30 23:08:00,2023,1,30,23,8,75,75108,BOULEVARD MALESHERBES,48.877778,2.31634,Nuit avec éclairage allumé,En agglomération,Intersection en X,Normale,Autre collision,4,1, -1,-1,1,1,1,0,1,-1,1,1,0,0,0,1,23.0,,voiture,,5,2,2,1,6
202300019184,2023-01-29 19:35:00,2023,1,29,19,35,75,75107,QUAI D ORSAY,48.862863,2.313431,Nuit avec éclairage allumé,En agglomération,Intersection en X,Normale,Deux véhicules - côté,4,2, -1,-1,1,1,1,0,1,-1,2,2,1,0,0,1,71.0,21.0,voiture,deux_roues,5,2,2,1,3
202300019184,2023-01-29 19:35:00,2023,1,29,19,35,75,75107,QUAI D ORSAY,48.862863,2.313431,Nuit avec éclairage allumé,En agglomération,Intersection en X,Normale,Deux véhicules - côté,4,2,2,0,1,1,1,0,1,30,2,2,1,0,0,1,71.0,21.0,voiture,deux_roues,5,2,2,1,3
202300019185,2023-12-21 15:50:00,2023,12,21,15,50,92,92025,A86,48.9330032,2.25090697,Plein jour,Hors agglomération,Hors intersection,Pluie légère,Trois véhicules et plus - en chaîne,1,1,2,0,1,1,2,0,1,90,4,5,4,0,0,1,28.0,49.0,utilitaire_camion,voiture,1,1,1,2,4