accident_id,datetime,annee,mois,jour,heure,minute,departement,commune_insee,adresse,latitude,longitude,luminosite,agglomeration,intersection,meteo,collision,catr,circ,nbv,vosp,prof,plan,surf,infra,situ,vma,nb_vehicules,nb_usagers,nb_indemnes,nb_tues,nb_blesses_hosp,nb_blesses_legers,age_cond_1,age_cond_2,veh_type_cond_1,veh_type_cond_2,lum_code,agg_code,int_code,atm_code,col_code
202300019186,2023-01-30 19:55:00,2023,1,30,19,55,75,75103,RUE BEAUBOURG,48.863761,2.354864,Nuit avec éclairage allumé,En agglomération,Intersection en X,Normale,Autre collision,4,1,3,1,1,1,1,0,1,30,1,1,0,0,0,1,32.0,,deux_roues,,5,2,2,1,6
202300019186,2023-01-30 19:55:00,2023,1,30,19,55,75,75103,RUE BEAUBOURG,48.863761,2.354864,Nuit avec éclairage allumé,En agglomération,Intersection en X,Normale,Autre collision,4,1,1,0,1,1,1,0,1,30,1,1,0,0,0,1,32.0,,deux_roues,,5,2,2,1,6
202300019187,2023-12-21 08:50:00,2023,12,21,8,50,78,78126,A13,48.83558,2.130056,Plein jour,Hors agglomération,Hors intersection,Pluie légère,Deux véhicules - côté,1,1,4,0,1,1,2,0,1,110,2,2,1,0,0,1,48.0,57.0,deux_roues,utilitaire_camion,1,1,1,2,3
202300019188,2023-01-31 08:55:00,2023,1,31,8,55,94,94033,Avenue du Maréchal Joffre,48.853959,2.473452,Plein jour,En agglomération,Intersection en Y,Temps couvert,Deux véhicules - côté,3,2,2,2,2,1,1,0,1,50,2,2,1,0,0,1,38.0,39.0,deux_roues,voiture,1,2,4,8,3
202300019188,2023-01-31 08:55:00,2023,1,31,8,55,94,94033,Avenue du Maréchal Joffre,48.853959,2.473452,Plein jour,En agglomération,Intersection en Y,Temps couvert,Deux véhicules - côté,3,1,1,2,2,1,1,0,1,30,2,2,1,0,0,1,38.0,39.0,deux_roues,voiture,1,2,4,8,3
202300019189,2023-01-31 19:05:00,2023,1,31,19,5,94,94054,Avenue de la Victoire / Av des Martyrs de Chateaubriant,48.746822,2.407216,Nuit avec éclairage allumé,En agglomération,Intersection en X,Normale,Deux véhicules - côté,3,2,4,0,1,1,1,6,1,50,2,2,1,0,0,1,,49.0,voiture,deux_roues,5,2,2,1,3
202300019189,2023-01-31 19:05:00,2023,1,31,19,5,94,94054,Avenue de la Victoire / Av des Martyrs de Chateaubriant,48.746822,2.407216,Nuit avec éclairage allumé,En agglomération,Intersection en X,Normale,Deux véhicules - côté,3,2,4,0,1,1,1,6,1,50,2,2,1,0,0,1,,49.0,voiture,deux_roues,5,2,2,1,3
202300019190,2023-01-31 09:32:00,2023,1,31,9,32,94,94077,Avenue Didier Daurat,48.73532,2.40098,Plein jour,En agglomération,Hors intersection,Normale,Deux véhicules - arrière,3,2,2,0,1,1,1,0,1,50,2,3,1,0,0,2,37.0,29.0,voiture,voiture,1,2,1,1,2
202300019191,2023-01-31 14:30:00,2023,1,31,14,30,93,93072,Place Marcel Pointet / Avenue Francois Bégué,48.95165,2.38196,Plein jour,En agglomération,Place,Normale,Autre collision,4,2,2,0,1,1,1,0,1,30,1,2,1,0,0,1,43.0,,voiture,,1,2,7,1,6
202300019191,2023-01-31 14:30:00,2023,1,31,14,30,93,93072,Place Marcel Pointet / Avenue Francois Bégué,48.95165,2.38196,Plein jour,En agglomération,Place,Normale,Autre collision,4,2,2,-1,1,1,1,0,1,-1,1,2,1,0,0,1,43.0,,voiture,,1,2,7,1,6
202300019192,2023-01-31 13:55:00,2023,1,31,13,55,93,93053,Rue de Brément / Rue de la Pierre Feuillère,48.88822,2.46077,Plein jour,En agglomération,Intersection en T,Normale,Deux véhicules - côté,3,2,2,0,2,1,1,0,1,50,2,3,2,0,0,1,38.0,21.0,voiture,voiture,1,2,3,1,3
202300019192,2023-01-31 13:55:00,2023,1,31,13,55,93,93053,Rue de Brément / Rue de la Pierre Feuillère,48.88822,2.46077,Plein jour,En agglomération,Intersection en T,Normale,Deux véhicules - côté,3,1,1,-1,1,1,1,0,1,-1,2,3,2,0,0,1,38.0,21.0,voiture,voiture,1,2,3,1,3
202300019193,2023-01-31 13:05:00,2023,1,31,13,5,93,93050,Avenue du 8 Mai 1945,48.86568257,2.53450874,Plein jour,En agglomération,Hors intersection,Temps couvert,Autre collision,4,2,2,0,1,1,1,0,1,50,1,2,1,0,0,1,42.0,,voiture,,1,2,1,8,6
202300019194,2023-01-31 17:45:00,2023,1,31,17,45,93,93048,Boulevard Théophile Sueur / Rue Saint Exupéry,48.86971968,2.47072086,Crépuscule ou aube,En agglomération,Intersection en T,Normale,Deux véhicules - côté,3,1,1,0,1,1,1,0,1,30,2,2,1,0,0,1,76.0,51.0,voiture,deux_roues,2,2,3,1,3
202300019194,2023-01-31 17:45:00,2023,1,31,17,45,93,93048,Boulevard Théophile Sueur / Rue Saint Exupéry,48.86971968,2.47072086,Crépuscule ou aube,En agglomération,Intersection en T,Normale,Deux véhicules - côté,3,2,2,0,1,1,1,0,1,50,2,2,1,0,0,1,76.0,51.0,voiture,deux_roues,2,2,3,1,3
202300019195,2023-01-31 07:10:00,2023,1,31,7,10,93,93048,Boulevard Théophile Sueur,48.86435,2.46772,Nuit avec éclairage allumé,En agglomération,Hors intersection,Normale,Deux véhicules - côté,3,2,2,0,1,1,2,0,1,50,2,2,1,0,0,1,49.0,36.0,deux_roues,voiture,5,2,1,1,3
202300019196,2023-01-31 10:10:00,2023,1,31,10,10,93,93031,Avenue Jean Jaurès / Rue Henri Wallon,48.957121,2.321255,Plein jour,En agglomération,Intersection en T,Normale,Deux véhicules - arrière,3,2,2,0,1,1,1,5,1,30,2,4,2,0,2,0,36.0,81.0,transport_commun,utilitaire_camion,1,2,3,1,2
202300019196,2023-01-31 10:10:00,2023,1,31,10,10,93,93031,Avenue Jean Jaurès / Rue Henri Wallon,48.957121,2.321255,Plein jour,En agglomération,Intersection en T,Normale,Deux véhicules - arrière,3,2,2,0,1,1,1,5,1,30,2,4,2,0,2,0,36.0,81.0,transport_commun,utilitaire_camion,1,2,3,1,2
202300019197,2023-01-31 14:05:00,2023,1,31,14,5,92,92063,MAISTRASSE (AVENUE ALEXANDRE),48.86425759,2.20113713,Plein jour,En agglomération,Hors intersection,Normale,Autre collision,4,1,1,0,1,1,1,0,1,50,1,1,0,0,0,1,37.0,,voiture,,1,2,1,1,6
202300019198,2023-01-30 16:15:00,2023,1,30,16,15,92,92077,COROT (RUE),48.82828981,2.19384822,Plein jour,En agglomération,Hors intersection,Temps couvert,Deux véhicules - côté,4,1,1,0,1,1,1,0,1,50,2,2,1,0,0,1,55.0,78.0,deux_roues,voiture,1,2,1,8,3
202300019199,2023-01-31 19:36:00,2023,1,31,19,36,92,92040,VERDUN (AVENUE DE) DU 116 AU 150,48.81954895,2.2559537,Nuit avec éclairage allumé,En agglomération,Hors intersection,Normale,Deux véhicules - frontale,3,2,2,0,1,1,1,0,1,30,2,2,1,0,0,1,45.0,58.0,deux_roues,voiture,5,2,1,1,1
202300019200,2023-01-31 07:30:00,2023,1,31,7,30,92,92023,GENERAL DE GAULLE (AV DU) N°130 A 340 ET,48.78345681,2.24662256,Nuit avec éclairage allumé,En agglomération,Intersection en X,Normale,Autre collision,3,2,4,0,1,1,1,0,1,50,1,2,1,0,0,1,48.0,,voiture,,5,2,2,1,6
202300019200,2023-01-31 07:30:00,2023,1,31,7,30,92,92023,GENERAL DE GAULLE (AV DU) N°130 A 340 ET,48.78345681,2.24662256,Nuit avec éclairage allumé,En agglomération,Intersection en X,Normale,Autre collision,3,2,2,0,1,1,1,0,1,30,1,2,1,0,0,1,48.0,,voiture,,5,2,2,1,6
202300019201,2023-01-31 17:30:00,2023,1,31,17,30,06,06031,Pénétrante du Paillon,43.762012,7.319978,Crépuscule ou aube,Hors agglomération,Giratoire,Normale,Autre collision,3,3,2,0,1,3,1,9,1,50,1,1,0,0,0,1,54.0,,deux_roues,,2,1,6,1,6
202300019202,2023-02-01 15:50:00,2023,2,1,15,50,31,31454,Route de Beaufort,43.439558,1.118859,Plein jour,Hors agglomération,Hors intersection,Normale,Autre collision,3,2,2,0,2,1,1,2,3,90,1,2,0,0,1,1,15.0,,deux_roues,,1,1,1,1,6
202300019203,2023-01-31 14:45:00,2023,1,31,14,45,41,41245,Autoroute A10 - Sens province vers Paris,47.747577,1.538944,Plein jour,Hors agglomération,Hors intersection,Normale,Sans collision,1,-1,3,0,1,1,1,0,3,130,1,1,0,0,1,0,51.0,,voiture,,1,1,1,1,7
202300019204,2023-02-01 14:30:00,2023,2,1,14,30,85,85109,50 Avenue du Bocage,46.88028,-1.014911,Plein jour,En agglomération,Hors intersection,Normale,Autre collision,4,-1,2,0,1,1,1,0,8,-1,1,1,0,1,0,0,92.0,,voiture,,1,2,1,1,6
202300019205,2023-02-01 08:45:00,2023,2,1,8,45,91,91553,Avenue Charles de Gaulle,48.619141,2.493,Plein jour,En agglomération,Hors intersection,Normale,Deux véhicules - côté,3,3,1,0,1,1,1,0,1,50,2,2,1,0,0,1,48.0,72.0,utilitaire_camion,deux_roues,1,2,1,1,3
202300019206,2023-01-31 17:00:00,2023,1,31,17,0,51,51234,Rue de Bourgogne,48.55388,3.652799,Plein jour,En agglomération,Hors intersection,Normale,Deux véhicules - frontale,3,2,1,0,1,3,1,0,1,50,2,3,0,0,2,1,31.0,84.0,voiture,voiture,1,2,1,1,1
202300019207,2023-01-31 13:30:00,2023,1,31,13,30,56,56204,Place Joseph Marot,47.910154,-2.722962,Plein jour,En agglomération,Place,Normale,Deux véhicules - côté,3,2,2,0,1,1,1,0,1,30,2,2,1,0,1,0,54.0,50.0,voiture,utilitaire_camion,1,2,7,1,3
202300019207,2023-01-31 13:30:00,2023,1,31,13,30,56,56204,Place Joseph Marot,47.910154,-2.722962,Plein jour,En agglomération,Place,Normale,Deux véhicules - côté,3,2,2,-1,1,1,1,0,1,30,2,2,1,0,1,0,54.0,50.0,voiture,utilitaire_camion,1,2,7,1,3
202300019208,2023-01-31 13:15:00,2023,1,31,13,15,67,67434,Rue du Chalet,48.939211,7.090285,Plein jour,En agglomération,Hors intersection,Temps couvert,Autre collision,4,1,1,0,2,1,1,0,3,30,1,2,1,0,0,1,49.0,,voiture,,1,2,1,8,6
202300019209,2023-01-31 17:45:00,2023,1,31,17,45,76,76717,1 Quai Napoléon,49.377443,1.002243,Plein jour,En agglomération,Intersection en T,Normale,Deux véhicules - côté,7,2,2,0,1,1,1,0,1,50,2,2,1,0,0,1,46.0,19.0,utilitaire_camion,deux_roues,1,2,3,1,3
202300019209,2023-01-31 17:45:00,2023,1,31,17,45,76,76717,1 Quai Napoléon,49.377443,1.002243,Plein jour,En agglomération,Intersection en T,Normale,Deux véhicules - côté,7,2,2,0,1,1,1,0,1,50,2,2,1,0,0,1,46.0,19.0,utilitaire_camion,deux_roues,1,2,3,1,3
202300019210,2023-01-30 10:05:00,2023,1,30,10,5,2B,2B049,RD 151,42.513733,8.849675,Plein jour,Hors agglomération,Hors intersection,Normale,Autre collision,3,2,2,0,2,3,1,0,1,70,1,1,0,0,1,0,65.0,,deux_roues,,1,1,1,1,6
202300019211,2023-01-31 20:50:00,2023,1,31,20,50,32,32457,D953,43.863526,0.715635,Nuit sans éclairage public,Hors agglomération,Hors intersection,Normale,Autre collision,3,2,2,0,2,1,1,0,3,80,1,1,0,1,0,0,35.0,,voiture,,3,1,1,1,6
202300019212,2023-01-18 16:15:00,2023,1,18,16,15,61,61345,D10 PR18+330,48.418499,0.821018,Plein jour,Hors agglomération,Hors intersection,Normale,Autre collision,3,2,2,0,1,2,2,0,3,90,1,1,0,0,1,0,62.0,,voiture,,1,1,1,1,6
202300019213,2023-02-01 17:50:00,2023,2,1,17,50,55,55291,Rue du Général de Gaulle,48.677881,5.325585,Nuit avec éclairage allumé,En agglomération,Hors intersection,Normale,Autre collision,4,2,2,0,1,1,1,0,1,50,1,2,1,0,1,0,68.0,,voiture,,5,2,1,1,6
202300019214,2023-02-01 12:28:00,2023,2,1,12,28,49,49112,D347,47.167543,-0.140119,Plein jour,Hors agglomération,Hors intersection,Normale,Autre collision,3,2,2,0,1,1,1,0,3,90,1,2,0,1,0,1,80.0,,voiture,,1,1,1,1,6
202300019215,2023-01-01 03:36:00,2023,1,1,3,36,12,12288,D840,44.449445,2.426149,Nuit sans éclairage public,Hors agglomération,Hors intersection,Normale,Autre collision,3,2,2,0,2,2,2,0,3,30,1,6,4,0,0,2,39.0,,voiture,,3,1,1,1,6
202300019216,2023-01-31 18:40:00,2023,1,31,18,40,47,47173,Bordeneuve,44.429106,0.494428,Nuit sans éclairage public,Hors agglomération,Intersection en Y,Normale,Deux véhicules - côté,3,2,2,0,2,1,1,5,1,80,2,2,1,0,1,0,18.0,25.0,deux_roues,utilitaire_camion,3,1,4,1,3
202300019216,2023-01-31 18:40:00,2023,1,31,18,40,47,47173,Bordeneuve,44.429106,0.494428,Nuit sans éclairage public,Hors agglomération,Intersection en Y,Normale,Deux véhicules - côté,3,2,2,0,1,2,1,0,1,80,2,2,1,0,1,0,18.0,25.0,deux_roues,utilitaire_camion,3,1,4,1,3
202300019217,2023-01-27 16:40:00,2023,1,27,16,40,44,44134,570 La Simoniere,47.469414,-1.213405,Plein jour,Hors agglomération,Hors intersection,Normale,Autre collision,3,2,2,0,1,3,1,0,3,80,1,1,0,0,0,1,47.0,,voiture,,1,1,1,1,6
202300019218,2023-01-31 15:40:00,2023,1,31,15,40,38,38240,D51,45.378731,4.995786,Plein jour,Hors agglomération,Intersection en X,Normale,Deux véhicules - côté,3,2,2,0,1,1,1,0,1,80,2,2,1,0,0,1,33.0,30.0,voiture,voiture,1,1,2,1,3
202300019218,2023-01-31 15:40:00,2023,1,31,15,40,38,38240,D51,45.378731,4.995786,Plein jour,Hors agglomération,Intersection en X,Normale,Deux véhicules - côté,3,2,2,0,1,2,1,0,1,80,2,2,1,0,0,1,33.0,30.0,voiture,voiture,1,1,2,1,3
202300019219,2023-02-01 08:10:00,2023,2,1,8,10,50,50598,Rue Alexis de Tocqueville,49.670394,-1.346397,Crépuscule ou aube,Hors agglomération,Intersection en T,Normale,Trois véhicules et plus - collisions multiples,3,2,2,0,2,1,1,0,1,80,3,3,1,1,1,0,44.0,56.0,voiture,voiture,2,1,3,1,5
202300019219,2023-02-01 08:10:00,2023,2,1,8,10,50,50598,Rue Alexis de Tocqueville,49.670394,-1.346397,Crépuscule ou aube,Hors agglomération,Intersection en T,Normale,Trois véhicules et plus - collisions multiples,3,2, -1,-1,2,1,1,0,1,-1,3,3,1,1,1,0,44.0,56.0,voiture,voiture,2,1,3,1,5
202300019220,2023-02-01 12:40:00,2023,2,1,12,40,09,09189,RN20,42.613354,1.820168,Plein jour,Hors agglomération,Hors intersection,Normale,Deux véhicules - frontale,2,2,2,0,2,2,1,0,1,80,2,5,2,0,2,1,48.0,86.0,voiture,voiture,1,1,1,1,1
202300019221,2023-01-16 18:15:00,2023,1,16,18,15,40,40126,369 Route de Poyartin,43.699128,-0.92356,Nuit sans éclairage public,Hors agglomération,Hors intersection,Pluie forte,Deux véhicules - côté,3,2,2,0,1,1,2,0,1,70,2,3,1,1,1,0,55.0,17.0,voiture,deux_roues,3,1,1,3,3
202300019222,2023-02-01 08:50:00,2023,2,1,8,50,04,04231,D304,44.25668,5.94149,Plein jour,Hors agglomération,Hors intersection,Normale,Sans collision,3,2,2,0,1,3,1,0,3,80,1,2,1,0,1,0,20.0,,voiture,,1,1,1,1,7
202300019223,2023-01-18 09:45:00,2023,1,18,9,45,27,27498,D137,49.147401,0.833939,Plein jour,En agglomération,Hors intersection,Neige / grêle,Deux véhicules - côté,3,2,2,0,1,1,5,0,1,30,2,2,1,0,1,0,66.0,21.0,voiture,voiture,1,2,1,4,3
202300019224,2023-02-01 06:45:00,2023,2,1,6,45,63,63311,A 71 PR 357.100,46.03840647,3.11336256,Nuit sans éclairage public,Hors agglomération,Hors intersection,Temps couvert,Deux véhicules - arrière,1,3,5,0,2,1,1,0,1,130,2,2,1,0,1,0,42.0,27.0,autre,utilitaire_camion,3,1,1,8,2
202300019225,2023-02-01 08:40:00,2023,2,1,8,40,06,06104,A8 PK 214.200 sens Italie-France,43.76137,7.44673,Plein jour,Hors agglomération,Hors intersection,Normale,Autre collision,1,3,5,0,2,3,1,0,8,110,1,1,0,0,0,1,67.0,,deux_roues,,1,1,1,1,6
202300019226,2023-01-30 18:10:00,2023,1,30,18,10,06,06088,Autoroute A8 pk 186+800 sud,43.675147,7.197064,Nuit avec éclairage non allumé,Hors agglomération,Hors intersection,Normale,Autre collision,1,3,4,0,1,1,1,0,1,90,1,2,1,1,0,0,62.0,,voiture,,4,1,1,1,6
202300019227,2023-01-18 07:20:00,2023,1,18,7,20,49,49307,D113,47.463024,-0.408329,Nuit avec éclairage allumé,Hors agglomération,Hors intersection,Autre,Deux véhicules - frontale,3,2,2,0,1,1,7,0,1,80,2,4,3,0,1,0,45.0,29.0,transport_commun,utilitaire_camion,5,1,1,9,1
202300019228,2023-01-31 23:45:00,2023,1,31,23,45,30,30333,A9 - point kilométrique 63.400,43.76302,4.265656,Nuit sans éclairage public,Hors agglomération,Hors intersection,Normale,Deux véhicules - arrière,1,3,3,0,2,1,1,0,1,90,2,2,1,1,0,0,43.0,34.0,utilitaire_camion,utilitaire_camion,3,1,1,1,2
202300019229,2023-02-01 01:10:00,2023,2,1,1,10,69,69013,Autoroute 6 ,46.016739,4.727082,Nuit sans éclairage public,Hors agglomération,Hors intersection,Normale,Trois véhicules et plus - en chaîne,1,3,6,0,1,1,1,0,1,130,3,3,2,0,1,0,28.0,50.0,voiture,utilitaire_camion,3,1,1,1,4
202300019230,2023-01-31 12:00:00,2023,1,31,12,0,32,32091,RD930 - PK 1 + 465,43.682296,0.527548,Plein jour,Hors agglomération,Hors intersection,Normale,Deux véhicules - arrière,3,2,2,0,1,1,1,0,1,80,2,5,4,0,1,0,51.0,31.0,voiture,voiture,1,1,1,1,2
202300019231,2023-02-01 10:30:00,2023,2,1,10,30,24,24223,Avenue du Général Leclerc,44.838888,0.739363,Plein jour,En agglomération,Hors intersection,Normale,Autre collision,3,2,2,0,1,1,1,8,1,50,1,2,1,0,0,1,85.0,,voiture,,1,2,1,1,6
202300019232,2023-01-21 01:30:00,2023,1,21,1,30,22,22210,D789,48.792316,-3.03662,Nuit sans éclairage public,Hors agglomération,Hors intersection,Normale,Autre collision,3,2,2,0,2,1,2,0,3,70,1,1,0,0,0,1,22.0,,voiture,,3,1,1,1,6
202300019233,2023-01-16 19:00:00,2023,1,16,19,0,27,27213,Vexin-sur-Epte,49.146366,1.627157,Nuit sans éclairage public,Hors agglomération,Hors intersection,Temps couvert,Sans collision,4,2,2,0,1,1,2,0,1,80,1,1,0,0,0,1,41.0,,deux_roues,,3,1,1,8,7
202300019234,2023-02-01 16:50:00,2023,2,1,16,50,60,60612,Avenue Félix Vernois,49.206516,2.578536,Plein jour,En agglomération,Giratoire,Normale,Autre collision,3,2,2,1,1,1,1,0,1,50,1,2,1,0,0,1,39.0,,voiture,,1,2,6,1,6
202300019235,2023-01-31 11:05:00,2023,1,31,11,5,59,59406,Route d'Aulnoye,50.182632,3.863357,Plein jour,Hors agglomération,Hors intersection,Normale,Sans collision,3,2,2,0,1,1,1,0,3,80,1,1,0,0,1,0,66.0,,voiture,,1,1,1,1,7
202300019236,2023-02-01 13:00:00,2023,2,1,13,0,59,59011,Rue Nationale,50.525078,2.93541,Plein jour,En agglomération,Hors intersection,Normale,Deux véhicules - côté,7,2,2,0,1,1,1,0,1,50,2,2,1,0,0,1,25.0,56.0,voiture,deux_roues,1,2,1,1,3
202300019237,2023-01-20 04:50:00,2023,1,20,4,50,69,69389,Route de Métropole 6  ,45.76425,4.80177,Nuit avec éclairage allumé,Hors agglomération,Hors intersection,Normale,Deux véhicules - arrière,7,3,5,0,1,3,1,0,1,70,2,2,1,0,0,1,39.0,22.0,voiture,voiture,5,1,1,1,2
202300019238,2023-01-30 05:50:00,2023,1,30,5,50,93,93064,AUTOROUTE A86,48.8803,2.47535,Nuit sans éclairage public,Hors agglomération,Hors intersection,Pluie légère,Deux véhicules - côté,1,3,7,0,3,3,2,0,2,90,2,3,1,0,0,2,44.0,63.0,voiture,voiture,3,1,1,2,3
202300019239,2023-01-29 22:45:00,2023,1,29,22,45,95,95392,N184,49.06749081,2.21727448,Nuit sans éclairage public,Hors agglomération,Hors intersection,Normale,Autre collision,2,3,4,0,1,1,1,0,1,90,1,1,0,0,0,1,23.0,,voiture,,3,1,1,1,6
202300019240,2023-01-31 18:20:00,2023,1,31,18,20,77,77294,A104,48.96562366,2.60764472,Nuit avec éclairage allumé,Hors agglomération,Hors intersection,Normale,Deux véhicules - côté,1,-1,2,0,1,1,1,0,1,90,2,2,1,0,0,1,40.0,24.0,deux_roues,voiture,5,1,1,1,3
202300019241,2023-01-31 14:50:00,2023,1,31,14,50,77,77181,A4,48.82899155,2.72059197,Plein jour,Hors agglomération,Hors intersection,Normale,Autre collision,1,1,3,0,1,1,1,0,1,130,3,4,3,0,0,1,36.0,41.0,voiture,voiture,1,1,1,1,6
202300019242,2023-01-31 12:00:00,2023,1,31,12,0,94,94033,A86,48.85115,2.489818,Plein jour,Hors agglomération,Hors intersection,Pluie légère,Trois véhicules et plus - collisions multiples,1,1,2,0,1,1,2,0,1,90,3,4,3,0,0,1,40.0,73.0,utilitaire_camion,voiture,1,1,1,2,5
202300019243,2023-01-29 04:00:00,2023,1,29,4,0,62,62019,D937,50.426654,2.711173,Nuit avec éclairage allumé,En agglomération,Giratoire,Autre,Autre collision,3,1,2,0,2,3,9,9,1,50,1,2,1,0,0,1,30.0,,voiture,,5,2,6,9,6
202300019244,2023-01-29 19:43:00,2023,1,29,19,43,10,10387,JULES GUESDE (RUE),48.285,4.082,Nuit avec éclairage allumé,En agglomération,Intersection en T,Normale,Autre collision,4,1,1,0,1,1,1,0,1,50,1,2,1,0,0,1,35.0,,voiture,,5,2,3,1,6
202300019244,2023-01-29 19:43:00,2023,1,29,19,43,10,10387,JULES GUESDE (RUE),48.285,4.082,Nuit avec éclairage allumé,En agglomération,Intersection en T,Normale,Autre collision,4,1,1,0,1,1,1,0,1,50,1,2,1,0,0,1,35.0,,voiture,,5,2,3,1,6
202300019245,2023-01-30 11:20:00,2023,1,30,11,20,973,97302,CATAYEE (JUSTIN),4.92422,-52.32415,Plein jour,En agglomération,Giratoire,Normale,Deux véhicules - arrière,3,1,2,0,1,3,1,0,1,50,2,2,1,0,1,0,80.0,59.0,voiture,deux_roues,1,2,6,1,2
202300019246,2023-01-30 15:20:00,2023,1,30,15,20,69,69386,66 Boulevard des Belges,45.77235,4.8539,Plein jour,En agglomération,Hors intersection,Normale,Deux véhicules - arrière,4,1,2,3,1,1,1,0,1,50,2,2,1,0,0,1,53.0,46.0,utilitaire_camion,voiture,1,2,1,1,2
202300019247,2023-01-30 09:45:00,2023,1,30,9,45,69,69383,Rue Paul Bert,45.75648,4.84722,Plein jour,En agglomération,Intersection en X,Normale,Deux véhicules - arrière,4,1,1,0,1,1,1,0,1,30,2,2,1,0,0,1,,27.0,utilitaire_camion,utilitaire_camion,1,2,2,1,2
202300019247,2023-01-30 09:45:00,2023,1,30,9,45,69,69383,Rue Paul Bert,45.75648,4.84722,Plein jour,En agglomération,Intersection en X,Normale,Deux véhicules - arrière,4,1,1,0,1,1,1,0,1,30,2,2,1,0,0,1,,27.0,utilitaire_camion,utilitaire_camion,1,2,2,1,2
202300019248,2023-01-30 07:00:00,2023,1,30,7,0,972,97213,MAHAULT,14.6188,-61.0034,Plein jour,En agglomération,Hors intersection,Normale,Deux véhicules - arrière,2,1,2,0,1,1,1,0,1,70,2,2,1,0,0,1,41.0,54.0,deux_roues,utilitaire_camion,1,2,1,1,2
202300019249,2023-01-30 19:15:00,2023,1,30,19,15,69,69384,2 Place de Serin,45.77418,4.81294,Nuit avec éclairage allumé,En agglomération,Giratoire,Normale,Deux véhicules - côté,4,2,4,0,1,3,1,0,1,50,2,2,1,0,0,1,36.0,36.0,voiture,deux_roues,5,2,6,1,3
202300019249,2023-01-30 19:15:00,2023,1,30,19,15,69,69384,2 Place de Serin,45.77418,4.81294,Nuit avec éclairage allumé,En agglomération,Giratoire,Normale,Deux véhicules - côté,4,2,2,0,1,2,1,0,1,50,2,2,1,0,0,1,36.0,36.0,voiture,deux_roues,5,2,6,1,3
202300019250,2023-01-29 21:35:00,2023,1,29,21,35,971,97101,ROND POINT IGNACE,16.25205037,-61.52130246,Nuit sans éclairage public,En agglomération,Hors intersection,Normale,Autre collision,3,2,2,0,1,1,1,0,1,50,1,2,1,0,0,1,,,deux_roues,,3,2,1,1,6
202300019251,2023-01-30 16:10:00,2023,1,30,16,10,971,97105,GASTON FEUILLARD(AVENUE),16.00432,-61.7293,Plein jour,En agglomération,Hors intersection,Normale,Deux véhicules - arrière,3,2,2,0,1,1,1,0,1,50,2,4,1,0,0,3,37.0,22.0,voiture,voiture,1,2,1,1,2
202300019252,2023-01-30 08:00:00,2023,1,30,8,0,95,95288,D301,48.98519746,2.36147046,Nuit avec éclairage allumé,En agglomération,Hors intersection,Temps couvert,Autre collision,3,3,4,0,1,1,1,0,1,50,1,2,1,0,0,1,49.0,,voiture,,5,2,1,8,6
202300019253,2023-01-28 10:25:00,2023,1,28,10,25,91,91174,BD FONTAINEBLEAU,48.59733,2.47424,Plein jour,En agglomération,Hors intersection,Normale,Deux véhicules - côté,3,2,2,0,1,1,1,0,1,50,2,2,1,0,0,1,37.0,49.0,deux_roues,voiture,1,2,1,1,3
202300019254,2023-01-28 14:15:00,2023,1,28,14,15,80,80021,ABBE HENOCQUE (RUE DE),49.90972,2.29295,Plein jour,En agglomération,Autre intersection,Normale,Autre collision,4,2,1,0,1,1,1,9,4,50,1,2,1,0,0,1,31.0,,voiture,,1,2,9,1,6
202300019255,2023-01-25 07:05:00,2023,1,25,7,5,80,80021,AVAL (PORT D'),49.89827,2.29289,Nuit avec éclairage allumé,En agglomération,Autre intersection,Normale,Deux véhicules - arrière,4,1,2,0,1,1,1,9,1,50,2,2,1,0,0,1,31.0,35.0,voiture,voiture,5,2,9,1,2
202300019256,2023-01-30 07:07:00,2023,1,30,7,7,77,77358,,48.997142,2.851285,Nuit sans éclairage public,Hors agglomération,Hors intersection,Pluie légère,Deux véhicules - frontale,2,2,2,0,1,2,2,0,1,80,2,2,0,1,0,1,28.0,43.0,voiture,utilitaire_camion,3,1,1,2,1
202300019257,2023-01-30 16:40:00,2023,1,30,16,40,76,76103,Route de Paris,49.42411,1.12303,Plein jour,En agglomération,Intersection en T,Normale,Autre collision,7,2,2,0,1,1,1,0,1,50,1,2,1,0,0,1,86.0,,voiture,,1,2,3,1,6
202300019257,2023-01-30 16:40:00,2023,1,30,16,40,76,76103,Route de Paris,49.42411,1.12303,Plein jour,En agglomération,Intersection en T,Normale,Autre collision,7,2,2,0,1,1,1,0,1,50,1,2,1,0,0,1,86.0,,voiture,,1,2,3,1,6
202300019258,2023-01-30 21:00:00,2023,1,30,21,0,69,69259,Avenue Maurice Thorez,45.69992809,4.86324446,Nuit avec éclairage allumé,En agglomération,Hors intersection,Normale,Autre collision,4,2,2,3,1,1,1,9,1,50,1,2,1,0,0,1,36.0,,voiture,,5,2,1,1,6
202300019259,2023-01-28 04:10:00,2023,1,28,4,10,67,67218,LYON (RTE DE),48.52020501,7.70518184,Nuit avec éclairage allumé,En agglomération,Hors intersection,Normale,Autre collision,4,2,3,2,1,1,1,0,1,50,2,2,1,0,0,1,,19.0,voiture,deux_roues,5,2,1,1,6