accident_id,datetime,annee,mois,jour,heure,minute,departement,commune_insee,adresse,latitude,longitude,luminosite,agglomeration,intersection,meteo,collision,catr,circ,nbv,vosp,prof,plan,surf,infra,situ,vma,nb_vehicules,nb_usagers,nb_indemnes,nb_tues,nb_blesses_hosp,nb_blesses_legers,age_cond_1,age_cond_2,veh_type_cond_1,veh_type_cond_2,lum_code,agg_code,int_code,atm_code,col_code
202300019333,2023-10-15 05:40:00,2023,10,15,5,40,06,06104,AZUR (AVENUE DE LA COTE D'),43.762221,7.457794,Nuit avec éclairage allumé,En agglomération,Hors intersection,Normale,Deux véhicules - côté,3,2,2,0,1,3,1,0,1,50,2,5,0,1,1,3,28.0,53.0,deux_roues,voiture,5,2,1,1,3
202300019334,2023-10-15 11:45:00,2023,10,15,11,45,04,04070,NICE (RTE),44.07766,6.21116,Plein jour,En agglomération,Hors intersection,Normale,Deux véhicules - côté,2,2,2,0,2,1,1,0,1,50,2,3,1,0,0,2,58.0,57.0,voiture,deux_roues,1,2,1,1,3
202300019335,2023-10-15 06:30:00,2023,10,15,6,30,75,75117,PORTE DE CLICHY,48.89550339,2.30764389,Nuit avec éclairage allumé,En agglomération,Intersection en Y,Normale,Deux véhicules - arrière,4,1,4,0,1,1,1,0,1,70,2,2,1,0,0,1,25.0,25.0,voiture,voiture,5,2,4,1,2
202300019335,2023-10-15 06:30:00,2023,10,15,6,30,75,75117,PORTE DE CLICHY,48.89550339,2.30764389,Nuit avec éclairage allumé,En agglomération,Intersection en Y,Normale,Deux véhicules - arrière,4,1,2,0,2,1,1,0,1,50,2,2,1,0,0,1,25.0,25.0,voiture,voiture,5,2,4,1,2
202300019336,2023-10-15 01:40:00,2023,10,15,1,40,75,75120,BOULEVARD DAVOUT,48.858697,2.409835,Nuit avec éclairage allumé,En agglomération,Intersection en T,Normale,Deux véhicules - arrière,4,1,2,0,1,1,1,0,1,50,2,3,2,0,0,1,19.0,25.0,voiture,deux_roues,5,2,3,1,2
202300019336,2023-10-15 01:40:00,2023,10,15,1,40,75,75120,BOULEVARD DAVOUT,48.858697,2.409835,Nuit avec éclairage allumé,En agglomération,Intersection en T,Normale,Deux véhicules - arrière,4,1, -1,-1,1,1,1,0,1,-1,2,3,2,0,0,1,19.0,25.0,voiture,deux_roues,5,2,3,1,2
202300019337,2023-10-15 14:30:00,2023,10,15,14,30,75,75119,AVENUE JEAN JAURES,48.886555,2.384617,Plein jour,En agglomération,Intersection en T,Normale,Deux véhicules - côté,4,2,4,0,1,1,1,0,1,30,2,2,1,0,0,1,58.0,13.0,voiture,deux_roues,1,2,3,1,3
202300019337,2023-10-15 14:30:00,2023,10,15,14,30,75,75119,AVENUE JEAN JAURES,48.886555,2.384617,Plein jour,En agglomération,Intersection en T,Normale,Deux véhicules - côté,4,1, -1,-1,1,1,1,0,1,-1,2,2,1,0,0,1,58.0,13.0,voiture,deux_roues,1,2,3,1,3
202300019338,2023-10-15 14:45:00,2023,10,15,14,45,75,75118,RUE DE LA CHAPELLE,48.890244,2.359916,Plein jour,En agglomération,Intersection en X,Normale,Sans collision,4,-1, -1,-1,1,1,1,0,1,-1,1,1,0,0,0,1,29.0,,deux_roues,,1,2,2,1,7
202300019338,2023-10-15 14:45:00,2023,10,15,14,45,75,75118,RUE DE LA CHAPELLE,48.890244,2.359916,Plein jour,En agglomération,Intersection en X,Normale,Sans collision,4,2,2,0,1,1,1,0,1,50,1,1,0,0,0,1,29.0,,deux_roues,,1,2,2,1,7
202300019339,2023-10-15 20:05:00,2023,10,15,20,5,75,75116,PORTE DAUPHINE,48.874363,2.271394,Nuit sans éclairage public,En agglomération,Hors intersection,Normale,Autre collision,4,2,2,0,1,1,1,0,1,30,1,2,0,0,1,1,51.0,,deux_roues,,3,2,1,1,6
202300019340,2023-10-15 01:05:00,2023,10,15,1,5,75,75116,AVENUE MOZART,48.851713,2.267749,Nuit avec éclairage allumé,En agglomération,Hors intersection,Normale,Deux véhicules - arrière,4,1,2,0,1,1,1,0,1,30,2,3,1,0,0,2,44.0,38.0,deux_roues,voiture,5,2,1,1,2
202300019341,2023-10-15 01:40:00,2023,10,15,1,40,75,75112,RUE DE CHARENTON,48.841721,2.386936,Nuit avec éclairage allumé,En agglomération,Intersection en Y,Normale,Autre collision,4,2,2,0,1,1,1,0,1,30,1,3,2,0,1,0,24.0,,voiture,,5,2,4,1,6
202300019341,2023-10-15 01:40:00,2023,10,15,1,40,75,75112,RUE DE CHARENTON,48.841721,2.386936,Nuit avec éclairage allumé,En agglomération,Intersection en Y,Normale,Autre collision,4,1,1,0,1,1,1,0,1,30,1,3,2,0,1,0,24.0,,voiture,,5,2,4,1,6
202300019342,2023-10-15 20:40:00,2023,10,15,20,40,75,75107,AVENUE BOSQUET,48.861161,2.3024,Nuit avec éclairage allumé,En agglomération,Intersection en X,Normale,Deux véhicules - côté,4,1,2,1,1,1,1,0,1,30,2,3,1,0,0,1,,,autre,voiture,5,2,2,1,3
202300019342,2023-10-15 20:40:00,2023,10,15,20,40,75,75107,AVENUE BOSQUET,48.861161,2.3024,Nuit avec éclairage allumé,En agglomération,Intersection en X,Normale,Deux véhicules - côté,4,-1,1,0,1,1,1,0,1,30,2,3,1,0,0,1,,,autre,voiture,5,2,2,1,3
202300019343,2023-10-14 23:33:00,2023,10,14,23,33,94,94068,Avenue de l’Alma,48.78600688,2.49520853,Nuit avec éclairage allumé,En agglomération,Intersection en X,Normale,Deux véhicules - côté,3,-1,2,0,1,1,1,0,1,30,2,2,1,0,0,1,26.0,16.0,voiture,deux_roues,5,2,2,1,3
202300019343,2023-10-14 23:33:00,2023,10,14,23,33,94,94068,Avenue de l’Alma,48.78600688,2.49520853,Nuit avec éclairage allumé,En agglomération,Intersection en X,Normale,Deux véhicules - côté,3,1,1,0,1,1,1,0,1,30,2,2,1,0,0,1,26.0,16.0,voiture,deux_roues,5,2,2,1,3
202300019344,2023-10-15 19:05:00,2023,10,15,19,5,94,94076,Rue Marcel Grosménil,48.79986,2.3552,Nuit avec éclairage allumé,En agglomération,Hors intersection,Normale,Autre collision,4,2,2,0,1,1,1,0,1,50,1,2,1,0,1,0,27.0,,deux_roues,,5,2,1,1,6
202300019345,2023-10-15 14:00:00,2023,10,15,14,0,94,94022,Avenue Victor Hugo,48.769308,2.422342,Plein jour,En agglomération,Autre intersection,Normale,Deux véhicules - côté,3,3,6,3,1,1,1,-1,6,30,2,10,4,0,0,6,28.0,37.0,utilitaire_camion,transport_commun,1,2,9,1,3
202300019345,2023-10-15 14:00:00,2023,10,15,14,0,94,94022,Avenue Victor Hugo,48.769308,2.422342,Plein jour,En agglomération,Autre intersection,Normale,Deux véhicules - côté,3,1, -1,0,1,1,1,0,6,-1,2,10,4,0,0,6,28.0,37.0,utilitaire_camion,transport_commun,1,2,9,1,3
202300019346,2023-10-15 09:55:00,2023,10,15,9,55,94,94054,7 Rue Christophe Colomb,48.750381,2.417955,Plein jour,En agglomération,Hors intersection,Normale,Deux véhicules - côté,4,2,2,0,1,1,1,0,1,30,2,3,2,0,0,1,44.0,41.0,voiture,deux_roues,1,2,1,1,3
202300019347,2023-10-15 14:40:00,2023,10,15,14,40,93,93072,Avenue de Stalingrad,48.948347,2.378637,Plein jour,En agglomération,Autre intersection,Normale,Deux véhicules - côté,3,2,2,1,1,1,1,5,5,50,2,2,1,0,0,1,18.0,32.0,voiture,autre,1,2,9,1,3
202300019348,2023-10-14 17:20:00,2023,10,14,17,20,93,93051,Rue du Centre / Rue de la Closerie,48.83844,2.54718,Plein jour,En agglomération,Intersection en T,Normale,Deux véhicules - côté,4,1,4,0,1,1,1,0,1,50,2,2,1,0,1,0,25.0,70.0,deux_roues,voiture,1,2,3,1,3
202300019348,2023-10-14 17:20:00,2023,10,14,17,20,93,93051,Rue du Centre / Rue de la Closerie,48.83844,2.54718,Plein jour,En agglomération,Intersection en T,Normale,Deux véhicules - côté,4,1,1,0,1,1,1,0,1,30,2,2,1,0,1,0,25.0,70.0,deux_roues,voiture,1,2,3,1,3
202300019349,2023-10-15 14:09:00,2023,10,15,14,9,93,93029,Avenue Jean Jaurès / Rue François Carels,48.91643,2.45803,Plein jour,En agglomération,Intersection en T,Normale,Autre collision,3,2,2,0,1,1,1,9,1,50,1,2,1,0,0,1,43.0,,voiture,,1,2,3,1,6
202300019349,2023-10-15 14:09:00,2023,10,15,14,9,93,93029,Avenue Jean Jaurès / Rue François Carels,48.91643,2.45803,Plein jour,En agglomération,Intersection en T,Normale,Autre collision,3,1,1,0,1,1,1,0,1,-1,1,2,1,0,0,1,43.0,,voiture,,1,2,3,1,6
202300019350,2023-10-15 18:30:00,2023,10,15,18,30,93,93066,Boulevard Anatole France,48.929241,2.35496,Nuit avec éclairage allumé,En agglomération,Hors intersection,Normale,Deux véhicules - côté,4,2,2,2,1,1,1,0,1,50,2,4,3,0,0,1,28.0,36.0,voiture,voiture,5,2,1,1,3
202300019351,2023-10-15 20:40:00,2023,10,15,20,40,93,93010,Avenue Léon Blum,48.9132432,2.4784772,Nuit avec éclairage allumé,En agglomération,Hors intersection,Normale,Autre collision,4,2,2,2,1,1,1,0,1,30,1,2,1,0,0,1,29.0,,utilitaire_camion,,5,2,1,1,6
202300019352,2023-10-15 09:15:00,2023,10,15,9,15,93,93008,Avenue Paul Vaillant - Couturier,48.908428,2.451436,Plein jour,En agglomération,Hors intersection,Normale,Sans collision,3,3,4,3,1,1,1,0,1,50,1,2,1,0,0,1,17.0,,deux_roues,,1,2,1,1,7
202300019353,2023-10-15 00:45:00,2023,10,15,0,45,93,93007,CHARLES FLOQUET (AVENUE),48.94009099,2.43844718,Nuit avec éclairage allumé,En agglomération,Intersection en X,Normale,Sans collision,4,2,0,0,1,3,1,0,1,50,1,1,0,0,0,1,28.0,,utilitaire_camion,,5,2,2,1,7
202300019353,2023-10-15 00:45:00,2023,10,15,0,45,93,93007,CHARLES FLOQUET (AVENUE),48.94009099,2.43844718,Nuit avec éclairage allumé,En agglomération,Intersection en X,Normale,Sans collision,4,2,0,0,1,3,1,0,1,50,1,1,0,0,0,1,28.0,,utilitaire_camion,,5,2,2,1,7
202300019354,2023-10-15 20:17:00,2023,10,15,20,17,92,92072,GRANDE RUE,48.82555721,2.21633828,Nuit avec éclairage allumé,En agglomération,Hors intersection,Normale,Sans collision,3,-1,0,0,1,1,1,0,1,50,1,1,0,0,0,1,56.0,,deux_roues,,5,2,1,1,7
202300019355,2023-10-15 12:35:00,2023,10,15,12,35,92,92063,CHATOU (PONT DE),48.88786297,2.16539249,Plein jour,En agglomération,Autre intersection,Normale,Deux véhicules - côté,3,1,1,0,1,2,1,9,8,50,2,2,1,0,0,1,33.0,41.0,voiture,deux_roues,1,2,9,1,3
202300019356,2023-10-14 21:38:00,2023,10,14,21,38,92,92023,CAVEE (RUE DE LA),48.78834334,2.25838137,Nuit avec éclairage allumé,En agglomération,Intersection en T,Normale,Autre collision,4,2,2,0,2,1,1,0,1,50,1,2,1,0,0,1,35.0,,voiture,,5,2,3,1,6
202300019356,2023-10-14 21:38:00,2023,10,14,21,38,92,92023,CAVEE (RUE DE LA),48.78834334,2.25838137,Nuit avec éclairage allumé,En agglomération,Intersection en T,Normale,Autre collision,4,2,2,0,1,1,1,0,1,50,1,2,1,0,0,1,35.0,,voiture,,5,2,3,1,6
202300019357,2023-10-15 19:10:00,2023,10,15,19,10,92,92019,FAYO VINCENT (RUE),48.76285299,2.28262782,Crépuscule ou aube,En agglomération,Hors intersection,Normale,Sans collision,4,2,2,0,1,1,1,0,1,50,1,1,0,0,0,1,49.0,,deux_roues,,2,2,1,1,7
202300019358,2023-10-15 22:00:00,2023,10,15,22,0,80,80498,pk 41 D919,50.064398,2.593138,Nuit sans éclairage public,Hors agglomération,Hors intersection,Normale,Sans collision,3,2,2,0,1,3,1,0,3,80,1,1,0,0,0,1,35.0,,voiture,,3,1,1,1,7
202300019359,2023-10-16 13:00:00,2023,10,16,13,0,87,87002,Le Tarier,45.940424,1.367497,Plein jour,Hors agglomération,Hors intersection,Normale,Deux véhicules - frontale,3,2,2,0,2,2,1,0,1,90,2,2,1,0,1,0,69.0,59.0,voiture,deux_roues,1,1,1,1,1
202300019360,2023-10-15 19:25:00,2023,10,15,19,25,36,36013,,47.0589226,1.6022893,Nuit sans éclairage public,Hors agglomération,Intersection en X,Normale,Deux véhicules - côté,3,2,2,-1,1,1,1,5,1,90,2,2,1,0,1,0,73.0,37.0,voiture,voiture,3,1,2,1,3
202300019360,2023-10-15 19:25:00,2023,10,15,19,25,36,36013,,47.0589226,1.6022893,Nuit sans éclairage public,Hors agglomération,Intersection en X,Normale,Deux véhicules - côté,3,2,2,0,1,1,1,5,1,80,2,2,1,0,1,0,73.0,37.0,voiture,voiture,3,1,2,1,3
202300019361,2023-10-15 19:45:00,2023,10,15,19,45,41,41167,Avenue de la République,47.492508,1.18404,Crépuscule ou aube,En agglomération,Intersection en X,Normale,Deux véhicules - frontale,3,2,2,0,1,1,1,5,1,50,2,2,1,0,1,0,56.0,66.0,voiture,deux_roues,2,2,2,1,1
202300019361,2023-10-15 19:45:00,2023,10,15,19,45,41,41167,Avenue de la République,47.492508,1.18404,Crépuscule ou aube,En agglomération,Intersection en X,Normale,Deux véhicules - frontale,3,2, -1,-1,-1,-1,-1,-1,-1,-1,2,2,1,0,1,0,56.0,66.0,voiture,deux_roues,2,2,2,1,1
202300019362,2023-10-16 07:25:00,2023,10,16,7,25,28,28018,Autoroute A11 PK 116+150 vers Paris,48.195306,0.864622,Crépuscule ou aube,Hors agglomération,Hors intersection,Normale,Deux véhicules - arrière,1,3,3,3,2,1,1,0,1,130,2,3,0,0,2,1,23.0,33.0,utilitaire_camion,utilitaire_camion,2,1,1,1,2
202300019363,2023-10-13 05:40:00,2023,10,13,5,40,83,83132,"autoroute A57, PK 11.700 sens Nord",43.173699,6.049261,Nuit sans éclairage public,Hors agglomération,Hors intersection,Normale,Deux véhicules - arrière,1,3,2,0,1,1,1,0,2,110,2,2,1,1,0,0,20.0,31.0,utilitaire_camion,deux_roues,3,1,1,1,2
202300019364,2023-10-15 19:10:00,2023,10,15,19,10,62,62571,D940,50.4735525,1.61761022,Nuit avec éclairage allumé,En agglomération,Intersection en X,Temps couvert,Deux véhicules - côté,3,2,2,0,1,1,1,0,1,50,2,2,1,0,1,0,18.0,62.0,deux_roues,utilitaire_camion,5,2,2,8,3
202300019364,2023-10-15 19:10:00,2023,10,15,19,10,62,62571,D940,50.4735525,1.61761022,Nuit avec éclairage allumé,En agglomération,Intersection en X,Temps couvert,Deux véhicules - côté,3,2,2,0,1,1,1,0,1,50,2,2,1,0,1,0,18.0,62.0,deux_roues,utilitaire_camion,5,2,2,8,3
202300019365,2023-10-16 16:45:00,2023,10,16,16,45,59,59082,Route de Bergues,50.964276,2.415202,Plein jour,Hors agglomération,Hors intersection,Normale,Deux véhicules - frontale,3,2,2,0,1,3,1,0,1,50,2,2,1,1,0,0,51.0,42.0,transport_commun,deux_roues,1,1,1,1,1
202300019366,2023-10-15 12:35:00,2023,10,15,12,35,44,44138,,47.490453,-1.638164,Plein jour,Hors agglomération,Intersection en T,Normale,Deux véhicules - côté,3,2,2,0,2,1,1,0,1,80,2,3,1,0,1,1,47.0,19.0,voiture,deux_roues,1,1,3,1,3
202300019366,2023-10-15 12:35:00,2023,10,15,12,35,44,44138,,47.490453,-1.638164,Plein jour,Hors agglomération,Intersection en T,Normale,Deux véhicules - côté,3,2,2,0,1,1,1,0,1,80,2,3,1,0,1,1,47.0,19.0,voiture,deux_roues,1,1,3,1,3
202300019367,2023-10-15 06:10:00,2023,10,15,6,10,83,83130,rd554 domaine des 4 saisons,43.18942574,6.05584645,Crépuscule ou aube,Hors agglomération,Intersection en T,Normale,Deux véhicules - côté,3,2,2,0,2,1,1,0,1,50,2,2,1,0,0,1,35.0,42.0,voiture,deux_roues,2,1,3,1,3
202300019367,2023-10-15 06:10:00,2023,10,15,6,10,83,83130,rd554 domaine des 4 saisons,43.18942574,6.05584645,Crépuscule ou aube,Hors agglomération,Intersection en T,Normale,Deux véhicules - côté,3,2, -1,-1,1,1,1,0,1,-1,2,2,1,0,0,1,35.0,42.0,voiture,deux_roues,2,1,3,1,3
202300019368,2023-10-15 12:35:00,2023,10,15,12,35,32,32066,CD282,43.842884,0.727512,Plein jour,Hors agglomération,Intersection en X,Normale,Deux véhicules - côté,3,2,2,0,1,1,1,0,1,80,2,2,1,0,1,0,28.0,31.0,voiture,deux_roues,1,1,2,1,3
202300019368,2023-10-15 12:35:00,2023,10,15,12,35,32,32066,CD282,43.842884,0.727512,Plein jour,Hors agglomération,Intersection en X,Normale,Deux véhicules - côté,3,2,2,0,1,1,1,0,1,80,2,2,1,0,1,0,28.0,31.0,voiture,deux_roues,1,1,2,1,3
202300019369,2023-10-15 16:15:00,2023,10,15,16,15,63,63223,D2144,46.11685257,2.88642555,Plein jour,Hors agglomération,Hors intersection,Temps couvert,Deux véhicules - frontale,3,2,2,0,2,3,1,0,1,90,2,3,0,0,2,1,18.0,40.0,voiture,voiture,1,1,1,8,1
202300019370,2023-10-06 15:30:00,2023,10,6,15,30,12,12210,D922,44.186128,2.028072,Plein jour,Hors agglomération,Hors intersection,Normale,Deux véhicules - côté,3,2,2,0,1,2,1,0,1,90,2,3,2,0,1,0,43.0,20.0,deux_roues,voiture,1,1,1,1,3
202300019371,2023-10-15 16:00:00,2023,10,15,16,0,68,68264,D21,47.571258,7.410407,Plein jour,Hors agglomération,Intersection en Y,Normale,Deux véhicules - frontale,3,2,2,0,3,1,1,0,1,80,2,2,1,0,1,0,24.0,23.0,voiture,voiture,1,1,4,1,1
202300019371,2023-10-15 16:00:00,2023,10,15,16,0,68,68264,D21,47.571258,7.410407,Plein jour,Hors agglomération,Intersection en Y,Normale,Deux véhicules - frontale,3,-1,2,0,3,2,1,0,1,80,2,2,1,0,1,0,24.0,23.0,voiture,voiture,1,1,4,1,1
202300019372,2023-10-15 15:00:00,2023,10,15,15,0,39,39470,,46.456526,6.06477,Plein jour,Hors agglomération,Hors intersection,Normale,Autre collision,3,2,2,0,2,2,1,0,3,80,1,2,1,0,1,0,44.0,,voiture,,1,1,1,1,6
202300019373,2023-10-13 14:30:00,2023,10,13,14,30,25,25586,D480,47.470511,6.897536,Plein jour,Hors agglomération,Hors intersection,Normale,Deux véhicules - frontale,3,2,2,0,4,2,1,0,1,80,2,2,0,0,1,1,52.0,93.0,voiture,voiture,1,1,1,1,1
202300019374,2023-10-15 18:20:00,2023,10,15,18,20,25,25328,Route Nationale,47.185863,5.964632,Crépuscule ou aube,Hors agglomération,Hors intersection,Normale,Sans collision,2,2,2,0,2,2,1,0,8,70,1,1,0,0,1,0,17.0,,deux_roues,,2,1,1,1,7
202300019375,2023-10-12 11:17:00,2023,10,12,11,17,31,31528,D5,43.24291543,0.73436469,Plein jour,Hors agglomération,Hors intersection,Normale,Deux véhicules - arrière,3,2,2,0,2,4,1,0,1,80,2,2,1,0,0,1,72.0,23.0,voiture,utilitaire_camion,1,1,1,1,2
202300019376,2023-10-15 16:15:00,2023,10,15,16,15,15,15223,RD 422,45.31832,2.436503,Plein jour,En agglomération,Hors intersection,Normale,Sans collision,3,2,2,0,2,2,1,0,3,50,1,2,0,0,2,0,15.0,,deux_roues,,1,2,1,1,7
202300019377,2023-10-15 18:50:00,2023,10,15,18,50,01,01254,2700 Route du Revermont,46.166539,5.295394,Crépuscule ou aube,En agglomération,Hors intersection,Temps couvert,Deux véhicules - côté,3,2,2,0,1,3,1,0,1,50,2,2,1,0,1,0,17.0,22.0,deux_roues,voiture,2,2,1,8,3
202300019378,2023-10-16 11:00:00,2023,10,16,11,0,58,58243,Route du Bouron,46.899425,3.685913,Plein jour,Hors agglomération,Hors intersection,Normale,Deux véhicules - frontale,3,2,2,0,2,3,1,0,1,80,2,2,0,0,0,2,60.0,89.0,voiture,voiture,1,1,1,1,1
202300019379,2023-10-16 08:30:00,2023,10,16,8,30,54,54152,19 Rue du Mal de Lattre de Tassigny,48.557785,6.38541,Plein jour,En agglomération,Hors intersection,Temps éblouissant,Autre collision,3,2,2,0,1,1,1,9,1,50,1,2,1,0,1,0,31.0,,voiture,,1,2,1,7,6
202300019380,2023-10-14 14:00:00,2023,10,14,14,0,06,06073,M97 - PK4 + 000,44.200309,7.072073,Plein jour,Hors agglomération,Hors intersection,Normale,Autre collision,9,2,2,0,2,2,1,0,3,80,1,2,0,0,1,1,58.0,,voiture,,1,1,1,1,6
202300019381,2023-10-14 14:10:00,2023,10,14,14,10,06,06073,M97,44.190532,7.152312,Plein jour,En agglomération,Hors intersection,Normale,Autre collision,7,2,2,0,2,2,1,0,3,50,1,1,0,0,1,0,39.0,,voiture,,1,2,1,1,6
202300019382,2023-10-16 00:37:00,2023,10,16,0,37,50,50604,D23,49.530752,-1.825511,Nuit sans éclairage public,Hors agglomération,Hors intersection,Normale,Autre collision,3,2,2,0,1,1,1,0,3,80,1,1,0,0,1,0,22.0,,voiture,,3,1,1,1,6
202300019383,2023-10-14 15:20:00,2023,10,14,15,20,50,50487,La Besliviere,48.536897,-1.358009,Plein jour,Hors agglomération,Hors intersection,Normale,Deux véhicules - côté,3,2,2,0,1,1,1,0,1,80,2,2,1,0,0,1,78.0,22.0,deux_roues,voiture,1,1,1,1,3
202300019384,2023-10-15 14:50:00,2023,10,15,14,50,83,83046,Rd22 PR 11+250,43.544504,6.161313,Plein jour,Hors agglomération,Hors intersection,Normale,Sans collision,3,2,2,0,1,3,1,0,3,90,1,1,0,0,1,0,21.0,,deux_roues,,1,1,1,1,7
202300019385,2023-10-16 16:50:00,2023,10,16,16,50,07,07167,route départementale 2 07360,44.792967,4.61297,Plein jour,Hors agglomération,Hors intersection,Normale,Deux véhicules - frontale,3,2,2,0,2,3,1,0,1,-1,2,2,1,0,1,0,24.0,52.0,deux_roues,voiture,1,1,1,1,1
202300019386,2023-10-15 20:30:00,2023,10,15,20,30,40,40333,D157,43.969963,-0.744882,Nuit sans éclairage public,Hors agglomération,Hors intersection,Normale,Autre collision,3,2,2,0,1,1,1,0,1,80,1,1,0,0,1,0,61.0,,deux_roues,,3,1,1,1,6
202300019387,2023-10-13 21:00:00,2023,10,13,21,0,85,85084,RD137,46.783255,-1.118874,Nuit sans éclairage public,Hors agglomération,Hors intersection,Pluie légère,Deux véhicules - arrière,3,2,2,0,3,1,2,0,1,80,2,2,1,0,0,1,29.0,,utilitaire_camion,utilitaire_camion,3,1,1,2,2
202300019388,2023-10-16 09:25:00,2023,10,16,9,25,27,27425,Rue du Chateau,49.151426,0.719079,Plein jour,En agglomération,Hors intersection,Normale,Sans collision,4,2,2,0,2,1,1,0,1,-1,1,1,0,1,0,0,64.0,,deux_roues,,1,2,1,1,7
202300019389,2023-10-14 19:40:00,2023,10,14,19,40,37,37104,D943,47.32185542,0.76884985,Nuit sans éclairage public,Hors agglomération,Hors intersection,Normale,Deux véhicules - arrière,3,3,4,0,1,1,1,0,1,110,2,2,1,0,0,1,45.0,56.0,deux_roues,voiture,3,1,1,1,2
202300019390,2023-10-15 11:20:00,2023,10,15,11,20,30,30083,Route Nationale 113,43.727778,4.221057,Plein jour,En agglomération,Intersection en X,Normale,Deux véhicules - frontale,2,2,2,0,1,1,1,5,1,50,2,3,1,0,0,2,41.0,41.0,voiture,voiture,1,2,2,1,1
202300019390,2023-10-15 11:20:00,2023,10,15,11,20,30,30083,Route Nationale 113,43.727778,4.221057,Plein jour,En agglomération,Intersection en X,Normale,Deux véhicules - frontale,2,-1, -1,-1,1,1,-1,-1,-1,-1,2,3,1,0,0,2,41.0,41.0,voiture,voiture,1,2,2,1,1
202300019391,2023-10-15 16:20:00,2023,10,15,16,20,30,30182,RD 999,43.860896,4.149528,Plein jour,Hors agglomération,Autre intersection,Normale,Sans collision,3,2,2,0,1,1,1,0,3,80,1,5,3,0,1,1,21.0,,voiture,,1,1,9,1,7
202300019392,2023-10-13 14:55:00,2023,10,13,14,55,88,88116,4 Route de Xoulces,47.965979,6.8505,Plein jour,Hors agglomération,Hors intersection,Normale,Autre collision,3,2,2,0,1,1,1,0,1,-1,1,1,0,0,1,0,63.0,,deux_roues,,1,1,1,1,6
202300019393,2023-10-14 18:25:00,2023,10,14,18,25,78,78455,Chemin des Princes,48.84067,2.066991,Plein jour,En agglomération,Intersection en T,Normale,Deux véhicules - côté,4,2,2,0,2,1,1,0,1,30,2,2,1,0,0,1,61.0,64.0,voiture,deux_roues,1,2,3,1,3
202300019393,2023-10-14 18:25:00,2023,10,14,18,25,78,78455,Chemin des Princes,48.84067,2.066991,Plein jour,En agglomération,Intersection en T,Normale,Deux véhicules - côté,4,2, -1,-1,1,1,1,0,1,-1,2,2,1,0,0,1,61.0,64.0,voiture,deux_roues,1,2,3,1,3
202300019394,2023-10-14 15:30:00,2023,10,14,15,30,53,53108,Péage de la GRAVELLE A81 PK 266+300,48.082838,-1.027576,Plein jour,Hors agglomération,Hors intersection,Normale,Autre collision,1,3,0,0,1,1,1,7,1,70,1,2,1,0,0,1,65.0,,voiture,,1,1,1,1,6
202300019395,2023-10-16 14:45:00,2023,10,16,14,45,06,06085,autoroute A8 PK 169.000 NORD,43.596119,7.049103,Plein jour,Hors agglomération,Hors intersection,Temps couvert,Deux véhicules - frontale,1,3,3,0,1,1,1,0,1,110,2,3,0,0,0,3,57.0,43.0,voiture,voiture,1,1,1,8,1
202300019396,2023-10-12 07:50:00,2023,10,12,7,50,68,68084,Vieille Rue,47.712864,7.400115,Plein jour,En agglomération,Hors intersection,Normale,Trois véhicules et plus - en chaîne,4,2,2,0,1,1,1,0,1,50,3,3,2,0,1,0,59.0,55.0,voiture,voiture,1,2,1,1,4
202300019397,2023-10-13 14:00:00,2023,10,13,14,0,986,98613,"RT 1, HA'ATOFO",-13.329066,-176.192003,Plein jour,En agglomération,Hors intersection,Normale,Deux véhicules - frontale,2,2,2,0,1,1,1,0,1,70,2,3,0,1,2,0,47.0,49.0,voiture,voiture,1,2,1,1,1
202300019398,2023-10-16 08:30:00,2023,10,16,8,30,976,97607,"Route Nationale 2, entre ONGOJOU et COCONI",-12.836668,45.144303,Plein jour,Hors agglomération,Hors intersection,Normale,Deux véhicules - frontale,2,2,2,0,1,2,1,0,1,70,2,3,0,0,0,3,33.0,36.0,voiture,voiture,1,1,1,1,1
202300019399,2023-10-15 18:20:00,2023,10,15,18,20,973,97305,Route Nationale 1 - PK 15.500,4.936463,-52.407929,Crépuscule ou aube,Hors agglomération,Intersection en T,Normale,Deux véhicules - côté,2,2,2,0,1,1,1,0,1,80,2,2,1,0,0,1,32.0,29.0,deux_roues,voiture,2,1,3,1,3
202300019399,2023-10-15 18:20:00,2023,10,15,18,20,973,97305,Route Nationale 1 - PK 15.500,4.936463,-52.407929,Crépuscule ou aube,Hors agglomération,Intersection en T,Normale,Deux véhicules - côté,2,1, -1,-1,1,1,1,0,1,-1,2,2,1,0,0,1,32.0,29.0,deux_roues,voiture,2,1,3,1,3
202300019400,2023-10-15 15:45:00,2023,10,15,15,45,13,13087,D56,43.479238,5.592095,Plein jour,En agglomération,Hors intersection,Normale,Deux véhicules - frontale,3,2,2,0,2,2,1,0,3,80,1,1,0,1,0,0,55.0,,deux_roues,,1,2,1,1,1
202300019401,2023-10-03 19:00:00,2023,10,3,19,0,41,41130,RD 110,47.778055,1.347456,Crépuscule ou aube,Hors agglomération,Intersection en X,Normale,Deux véhicules - côté,3,2,2,0,1,1,1,5,1,80,2,4,3,0,1,0,58.0,44.0,utilitaire_camion,voiture,2,1,2,1,3