accident_id,datetime,annee,mois,jour,heure,minute,departement,commune_insee,adresse,latitude,longitude,luminosite,agglomeration,intersection,meteo,collision,catr,circ,nbv,vosp,prof,plan,surf,infra,situ,vma,nb_vehicules,nb_usagers,nb_indemnes,nb_tues,nb_blesses_hosp,nb_blesses_legers,age_cond_1,age_cond_2,veh_type_cond_1,veh_type_cond_2,lum_code,agg_code,int_code,atm_code,col_code
202300019401,2023-10-03 19:00:00,2023,10,3,19,0,41,41130,RD 110,47.778055,1.347456,Crépuscule ou aube,Hors agglomération,Intersection en X,Normale,Deux véhicules - côté,3,2,2,0,1,1,1,5,1,80,2,4,3,0,1,0,58.0,44.0,utilitaire_camion,voiture,2,1,2,1,3
202300019402,2023-10-15 10:00:00,2023,10,15,10,0,83,83068,D559,43.283294,6.590461,Plein jour,En agglomération,Hors intersection,Normale,Autre collision,3,-1,2,1,1,1,1,9,5,70,1,1,0,0,1,0,72.0,,deux_roues,,1,2,1,1,6
202300019403,2023-10-12 02:00:00,2023,10,12,2,0,13,13066,D30,43.846051,4.898234,Nuit sans éclairage public,Hors agglomération,Hors intersection,Normale,Autre collision,3,2,2,0,1,1,1,0,1,80,1,1,0,1,0,0,55.0,,deux_roues,,3,1,1,1,6
202300019404,2023-10-01 21:10:00,2023,10,1,21,10,25,25520,D464,47.276776,6.364893,Nuit sans éclairage public,Hors agglomération,Hors intersection,Normale,Sans collision,3,2,2,0,2,2,1,0,1,90,1,2,1,0,1,0,47.0,,voiture,,3,1,1,1,7
202300019405,2023-10-15 17:00:00,2023,10,15,17,0,67,67112,D147,48.513197,7.568437,Plein jour,Hors agglomération,Intersection en X,Normale,Deux véhicules - côté,3,2,2,0,1,1,1,0,1,90,2,2,1,0,1,0,36.0,25.0,deux_roues,voiture,1,1,2,1,3
202300019405,2023-10-15 17:00:00,2023,10,15,17,0,67,67112,D147,48.513197,7.568437,Plein jour,Hors agglomération,Intersection en X,Normale,Deux véhicules - côté,3,2, -1,-1,1,1,1,0,1,-1,2,2,1,0,1,0,36.0,25.0,deux_roues,voiture,1,1,2,1,3
202300019406,2023-10-13 17:25:00,2023,10,13,17,25,67,67540,D160,48.795983,7.718945,Plein jour,Hors agglomération,Intersection en X,Normale,Deux véhicules - côté,3,2,2,0,1,1,1,0,1,80,2,2,1,0,0,1,38.0,39.0,utilitaire_camion,deux_roues,1,1,2,1,3
202300019406,2023-10-13 17:25:00,2023,10,13,17,25,67,67540,D160,48.795983,7.718945,Plein jour,Hors agglomération,Intersection en X,Normale,Deux véhicules - côté,3,2,2,0,1,1,1,0,1,50,2,2,1,0,0,1,38.0,39.0,utilitaire_camion,deux_roues,1,1,2,1,3
202300019407,2023-10-15 07:47:00,2023,10,15,7,47,57,57645,D652,49.196895,6.143696,Plein jour,Hors agglomération,Giratoire,Normale,Autre collision,3,3,2,0,1,3,1,0,3,70,1,1,0,1,0,0,20.0,,voiture,,1,1,6,1,6
202300019408,2023-10-13 05:45:00,2023,10,13,5,45,57,57433,68 Grand'Rue,49.212369,6.159709,Nuit avec éclairage allumé,En agglomération,Hors intersection,Normale,Autre collision,3,2,2,0,1,1,1,9,1,30,1,2,1,0,1,0,30.0,,voiture,,5,2,1,1,6
202300019409,2023-10-15 15:00:00,2023,10,15,15,0,74,74154,Route de rully,46.379134,6.65544,Plein jour,Hors agglomération,Hors intersection,Normale,Sans collision,4,2,2,0,1,1,1,0,1,80,1,1,0,0,1,0,26.0,,deux_roues,,1,1,1,1,7
202300019410,2023-10-15 16:20:00,2023,10,15,16,20,44,44201,la Maillère,47.342814,-1.558857,Plein jour,Hors agglomération,Hors intersection,Normale,Autre collision,4,2,2,0,1,3,1,0,3,-1,1,2,1,0,0,1,21.0,,voiture,,1,1,1,1,6
202300019411,2023-10-15 22:47:00,2023,10,15,22,47,38,38135,Grande Rue de Lancin,45.726154,5.410069,Nuit sans éclairage public,Hors agglomération,Hors intersection,Normale,Autre collision,3,2,2,0,1,1,2,0,3,90,1,4,0,0,2,2,24.0,,voiture,,3,1,1,1,6
202300019412,2023-10-14 10:30:00,2023,10,14,10,30,32,32312,D626,43.61423,0.677918,Plein jour,Hors agglomération,Hors intersection,Normale,Sans collision,3,2,2,0,1,1,1,0,3,80,1,1,0,0,1,0,40.0,,deux_roues,,1,1,1,1,7
202300019413,2023-10-15 09:45:00,2023,10,15,9,45,79,79319,,46.359998,-0.170814,Plein jour,Hors agglomération,Hors intersection,Normale,Deux véhicules - frontale,3,2,2,0,1,2,1,0,1,80,2,2,0,1,1,0,23.0,22.0,voiture,voiture,1,1,1,1,1
202300019414,2023-10-15 19:20:00,2023,10,15,19,20,22,22168,RUE ERNEST RENAN,48.802094,-3.443533,Crépuscule ou aube,En agglomération,Intersection en Y,Normale,Deux véhicules - frontale,3,1,2,0,2,1,1,0,8,50,2,2,1,0,1,0,52.0,66.0,voiture,deux_roues,2,2,4,1,1
202300019414,2023-10-15 19:20:00,2023,10,15,19,20,22,22168,RUE ERNEST RENAN,48.802094,-3.443533,Crépuscule ou aube,En agglomération,Intersection en Y,Normale,Deux véhicules - frontale,3,2,2,0,1,1,1,0,1,50,2,2,1,0,1,0,52.0,66.0,voiture,deux_roues,2,2,4,1,1
202300019415,2023-10-12 05:45:00,2023,10,12,5,45,27,27489,départementale 316,49.072207,1.223023,Nuit sans éclairage public,Hors agglomération,Intersection en T,Pluie forte,Deux véhicules - côté,3,2,2,0,3,3,2,0,1,80,2,3,1,1,0,1,35.0,43.0,utilitaire_camion,deux_roues,3,1,3,3,3
202300019415,2023-10-12 05:45:00,2023,10,12,5,45,27,27489,départementale 316,49.072207,1.223023,Nuit sans éclairage public,Hors agglomération,Intersection en T,Pluie forte,Deux véhicules - côté,3,2,2,0,1,1,2,0,1,80,2,3,1,1,0,1,35.0,43.0,utilitaire_camion,deux_roues,3,1,3,3,3
202300019416,2023-10-15 19:20:00,2023,10,15,19,20,69,69266,Route Départementale 383 ,45.76607772,4.90619197,Nuit avec éclairage allumé,Hors agglomération,Hors intersection,Normale,Deux véhicules - arrière,7,3,6,0,3,1,1,2,1,70,2,3,1,0,0,2,50.0,29.0,voiture,voiture,5,1,1,1,2
202300019417,2023-10-13 08:45:00,2023,10,13,8,45,69,69091,Autoroute 47,45.57478,4.7177,Plein jour,Hors agglomération,Hors intersection,Normale,Trois véhicules et plus - collisions multiples,1,3,4,0,1,1,1,0,1,90,4,5,2,0,0,3,39.0,20.0,voiture,voiture,1,1,1,1,5
202300019418,2023-10-15 04:34:00,2023,10,15,4,34,91,91228,AUTOROUTE A6,48.62193,2.42328,Nuit sans éclairage public,Hors agglomération,Hors intersection,Normale,Deux véhicules - arrière,1,3,3,0,1,1,1,0,1,110,2,7,1,0,0,6,,27.0,voiture,voiture,3,1,1,1,2
202300019419,2023-10-15 19:40:00,2023,10,15,19,40,93,93007,AUTOROUTE A1,48.95481,2.45745,Nuit sans éclairage public,Hors agglomération,Hors intersection,Normale,Autre collision,1,3,6,0,1,1,1,0,1,110,1,1,0,0,0,1,38.0,,voiture,,3,1,1,1,6
202300019420,2023-10-15 15:30:00,2023,10,15,15,30,93,93066,AUTOROUTE A1,48.91854,2.35757,Plein jour,Hors agglomération,Hors intersection,Normale,Trois véhicules et plus - collisions multiples,1,3,8,0,1,1,1,0,1,90,3,6,3,0,0,3,31.0,39.0,voiture,voiture,1,1,1,1,5
202300019421,2023-10-14 20:00:00,2023,10,14,20,0,92,92036,AUTOROUTE A15,48.93788866,2.29766722,Nuit sans éclairage public,Hors agglomération,Hors intersection,Pluie légère,Trois véhicules et plus - en chaîne,1,3,8,0,1,1,2,2,1,90,3,3,2,0,1,0,23.0,31.0,voiture,deux_roues,3,1,1,2,4
202300019422,2023-10-15 20:30:00,2023,10,15,20,30,94,94004,N19,48.75524349,2.50744352,Nuit sans éclairage public,Hors agglomération,Hors intersection,Normale,Deux véhicules - côté,2,3,0,0,1,2,1,0,1,90,2,6,5,0,0,1,24.0,41.0,voiture,voiture,3,1,1,1,3
202300019423,2023-10-15 05:45:00,2023,10,15,5,45,77,77373,RN104,48.77186057,2.61192396,Nuit sans éclairage public,Hors agglomération,Hors intersection,Normale,Deux véhicules - arrière,2,3,3,0,1,2,2,2,1,90,2,2,1,0,0,1,64.0,23.0,voiture,voiture,3,1,1,1,2
202300019424,2023-04-22 15:50:00,2023,4,22,15,50,29,29232,Rond-Point de Troyalac'h,47.97846,-4.01754,Plein jour,Hors agglomération,Hors intersection,Pluie légère,Autre collision,3,3,4,0,1,3,2,0,1,90,1,1,0,1,0,0,40.0,,deux_roues,,1,1,1,2,6
202300019425,2023-10-12 01:30:00,2023,10,12,1,30,57,57463,GABRIEL PIERNE (RUE ),49.10164,6.17823,Nuit avec éclairage non allumé,En agglomération,Hors intersection,Normale,Autre collision,4,2,2,0,1,1,1,0,1,50,1,2,0,0,2,0,22.0,,deux_roues,,4,2,1,1,6
202300019426,2023-07-18 20:35:00,2023,7,18,20,35,62,62160,Boulevard Beaucerf,50.71788199,1.61247687,Plein jour,En agglomération,Hors intersection,Normale,Sans collision,4,2,2,0,1,1,1,0,1,50,1,1,0,0,1,0,17.0,,deux_roues,,1,2,1,1,7
202300019427,2023-04-22 19:00:00,2023,4,22,19,0,27,27681,AZEMIA (BOULEVARD GEORGES),49.0820485,1.4821413,Plein jour,En agglomération,Intersection en X,Normale,Trois véhicules et plus - collisions multiples,4,2,2,0,1,1,1,0,1,50,3,3,2,0,0,1,36.0,20.0,voiture,voiture,1,2,2,1,5
202300019427,2023-04-22 19:00:00,2023,4,22,19,0,27,27681,AZEMIA (BOULEVARD GEORGES),49.0820485,1.4821413,Plein jour,En agglomération,Intersection en X,Normale,Trois véhicules et plus - collisions multiples,4,2,2,0,1,1,1,0,1,50,3,3,2,0,0,1,36.0,20.0,voiture,voiture,1,2,2,1,5
202300019428,2023-05-22 19:30:00,2023,5,22,19,30,62,62160,D96,50.711257,1.613868,Plein jour,En agglomération,Hors intersection,Normale,Deux véhicules - côté,3,3,2,0,2,1,1,0,1,50,2,2,1,0,1,0,66.0,20.0,deux_roues,utilitaire_camion,1,2,1,1,3
202300019429,2023-04-22 20:35:00,2023,4,22,20,35,25,25056,GRAY ROUTE DE,47.246796,5.983315,Nuit sans éclairage public,En agglomération,Hors intersection,Pluie légère,Autre collision,2,3,4,0,1,3,2,0,3,90,1,2,0,0,0,2,21.0,,voiture,,3,2,1,2,6
202300019430,2023-05-16 19:20:00,2023,5,16,19,20,62,62758,Rue au Bois,50.73136,1.63026,Plein jour,En agglomération,Giratoire,Normale,Deux véhicules - côté,4,2,5,0,1,1,1,0,1,50,2,2,1,0,0,1,20.0,24.0,voiture,deux_roues,1,2,6,1,3
202300019430,2023-05-16 19:20:00,2023,5,16,19,20,62,62758,Rue au Bois,50.73136,1.63026,Plein jour,En agglomération,Giratoire,Normale,Deux véhicules - côté,4,1,5,0,1,1,1,0,1,50,2,2,1,0,0,1,20.0,24.0,voiture,deux_roues,1,2,6,1,3
202300019431,2023-04-22 14:13:00,2023,4,22,14,13,13,13205,BERCEAU (RUE),43.28815,5.39523,Plein jour,En agglomération,Intersection en X,Normale,Deux véhicules - côté,4,1,1,0,1,1,1,0,1,50,2,2,1,0,1,0,21.0,23.0,utilitaire_camion,deux_roues,1,2,2,1,3
202300019431,2023-04-22 14:13:00,2023,4,22,14,13,13,13205,BERCEAU (RUE),43.28815,5.39523,Plein jour,En agglomération,Intersection en X,Normale,Deux véhicules - côté,4,1,1,0,1,1,1,0,1,50,2,2,1,0,1,0,21.0,23.0,utilitaire_camion,deux_roues,1,2,2,1,3
202300019432,2023-10-14 09:10:00,2023,10,14,9,10,976,97611,vahibe-Vietnam (rue),-12.79044,45.17674,Plein jour,En agglomération,Hors intersection,Normale,Autre collision,4,1,1,0,1,1,1,0,1,50,1,2,1,0,1,0,34.0,,voiture,,1,2,1,1,6
202300019433,2023-04-22 19:45:00,2023,4,22,19,45,05,05023,GRENOBLE (ROUTE DE),44.90228,6.64162,Plein jour,En agglomération,Hors intersection,Normale,Deux véhicules - arrière,4,2,2,0,1,1,1,0,1,30,2,2,1,0,1,0,17.0,32.0,deux_roues,voiture,1,2,1,1,2
202300019434,2023-04-21 13:00:00,2023,4,21,13,0,03,03190,GAULLE (AV. DU GAL. DE),46.5746,3.32043,Plein jour,En agglomération,Intersection en T,Normale,Deux véhicules - côté,4,1,1,0,4,1,1,0,1,30,2,2,1,0,1,0,24.0,50.0,deux_roues,voiture,1,2,3,1,3
202300019434,2023-04-21 13:00:00,2023,4,21,13,0,03,03190,GAULLE (AV. DU GAL. DE),46.5746,3.32043,Plein jour,En agglomération,Intersection en T,Normale,Deux véhicules - côté,4,2,2,1,1,1,1,0,1,30,2,2,1,0,1,0,24.0,50.0,deux_roues,voiture,1,2,3,1,3
202300019435,2023-10-14 15:50:00,2023,10,14,15,50,974,97416,ZONE (ALLEE DE LA),-21.32052,55.47427,Plein jour,Hors agglomération,Hors intersection,Normale,Deux véhicules - côté,4,2,2,0,1,1,1,0,1,30,2,4,3,0,1,0,,35.0,autre,voiture,1,1,1,1,3
202300019436,2023-04-23 15:40:00,2023,4,23,15,40,75,75120,ECHANGEUR BAGNOLET,48.860805,2.414057,Plein jour,En agglomération,Hors intersection,Pluie légère,Autre collision,4,-1,2,0,1,1,2,0,1,50,1,2,1,0,0,1,32.0,,voiture,,1,2,1,2,6
202300019437,2023-10-14 14:30:00,2023,10,14,14,30,973,97302,VOLTAIRE(AVENUE),4.94230628,-52.32265323,Plein jour,En agglomération,Hors intersection,Normale,Autre collision,4,1,2,0,1,1,1,0,1,50,1,2,1,0,0,1,39.0,,voiture,,1,2,1,1,6
202300019438,2023-04-23 02:59:00,2023,4,23,2,59,75,75105,BOULEVARD DE L HOPITAL,48.84186,2.363172,Nuit avec éclairage allumé,En agglomération,Intersection en T,Normale,Autre collision,4,2,4,0,1,1,1,0,1,30,1,1,0,0,0,1,34.0,,voiture,,5,2,3,1,6
202300019438,2023-04-23 02:59:00,2023,4,23,2,59,75,75105,BOULEVARD DE L HOPITAL,48.84186,2.363172,Nuit avec éclairage allumé,En agglomération,Intersection en T,Normale,Autre collision,4,1, -1,-1,1,1,1,0,1,-1,1,1,0,0,0,1,34.0,,voiture,,5,2,3,1,6
202300019439,2023-10-14 12:00:00,2023,10,14,12,0,973,97302,BRUTUS (CITE),4.93605634,-52.31852263,Plein jour,En agglomération,Hors intersection,Normale,Deux véhicules - côté,4,2,2,0,1,1,1,0,1,50,2,2,1,0,0,1,55.0,40.0,voiture,deux_roues,1,2,1,1,3
202300019440,2023-04-23 22:30:00,2023,4,23,22,30,75,75117,BOULEVARD D AURELLE DE PALADINES,48.881915,2.283376,Nuit avec éclairage allumé,En agglomération,Intersection en T,Normale,Deux véhicules - côté,4,2,2,0,1,1,2,0,1,30,2,2,1,0,0,1,,41.0,voiture,deux_roues,5,2,3,1,3
202300019440,2023-04-23 22:30:00,2023,4,23,22,30,75,75117,BOULEVARD D AURELLE DE PALADINES,48.881915,2.283376,Nuit avec éclairage allumé,En agglomération,Intersection en T,Normale,Deux véhicules - côté,4,-1, -1,0,1,1,2,0,1,30,2,2,1,0,0,1,,41.0,voiture,deux_roues,5,2,3,1,3
202300019441,2023-10-14 00:00:00,2023,10,14,0,0,973,97302,FELIX EBOUE(ROCADE),4.92764,-52.31918,Nuit avec éclairage non allumé,En agglomération,Hors intersection,Normale,Deux véhicules - côté,3,2,1,0,1,1,1,8,1,40,2,2,0,0,0,2,22.0,28.0,voiture,deux_roues,4,2,1,1,3
202300019442,2023-04-23 01:50:00,2023,4,23,1,50,75,75117,RUE GUSTAVE FLAUBERT,48.88155,2.299629,Nuit avec éclairage allumé,En agglomération,Intersection en X,Normale,Autre collision,4,2,2,1,1,1,1,0,1,30,1,1,0,0,0,1,28.0,,deux_roues,,5,2,2,1,6
202300019442,2023-04-23 01:50:00,2023,4,23,1,50,75,75117,RUE GUSTAVE FLAUBERT,48.88155,2.299629,Nuit avec éclairage allumé,En agglomération,Intersection en X,Normale,Autre collision,4,1,1,1,1,1,1,0,1,30,1,1,0,0,0,1,28.0,,deux_roues,,5,2,2,1,6
202300019443,2023-10-14 17:15:00,2023,10,14,17,15,69,69386,Avenue Maréchal de Saxe,45.76871,4.84388,Plein jour,En agglomération,Intersection en X,Normale,Deux véhicules - côté,4,2,3,2,1,1,1,0,1,30,2,2,1,0,0,1,55.0,35.0,deux_roues,voiture,1,2,2,1,3
202300019443,2023-10-14 17:15:00,2023,10,14,17,15,69,69386,Avenue Maréchal de Saxe,45.76871,4.84388,Plein jour,En agglomération,Intersection en X,Normale,Deux véhicules - côté,4,1,1,3,1,1,1,0,1,30,2,2,1,0,0,1,55.0,35.0,deux_roues,voiture,1,2,2,1,3
202300019444,2023-04-19 11:40:00,2023,4,19,11,40,75,75116,AVENUE DE L HIPPODROME,48.858,2.252686,Plein jour,En agglomération,Intersection en T,Normale,Deux véhicules - côté,4,2,2,0,1,1,1,0,1,50,2,2,1,0,0,1,31.0,21.0,deux_roues,voiture,1,2,3,1,3
202300019444,2023-04-19 11:40:00,2023,4,19,11,40,75,75116,AVENUE DE L HIPPODROME,48.858,2.252686,Plein jour,En agglomération,Intersection en T,Normale,Deux véhicules - côté,4,-1, -1,0,1,1,1,0,1,30,2,2,1,0,0,1,31.0,21.0,deux_roues,voiture,1,2,3,1,3
202300019445,2023-04-23 22:00:00,2023,4,23,22,0,75,75115,PLACE CAMBRONNE,48.847872,2.301227,Nuit avec éclairage allumé,En agglomération,Place,Pluie légère,Deux véhicules - arrière,4,2, -1,0,1,1,2,0,1,30,2,3,2,0,0,1,67.0,45.0,voiture,voiture,5,2,7,2,2
202300019445,2023-04-23 22:00:00,2023,4,23,22,0,75,75115,PLACE CAMBRONNE,48.847872,2.301227,Nuit avec éclairage allumé,En agglomération,Place,Pluie légère,Deux véhicules - arrière,4,2,2,0,1,1,2,9,1,30,2,3,2,0,0,1,67.0,45.0,voiture,voiture,5,2,7,2,2
202300019446,2023-10-14 18:00:00,2023,10,14,18,0,69,69034,Rue Jean Moulin,45.80239743,4.85079233,Plein jour,En agglomération,Giratoire,Normale,Deux véhicules - arrière,7,1,1,0,1,2,1,5,1,50,2,4,3,0,0,1,26.0,34.0,voiture,voiture,1,2,6,1,2
202300019446,2023-10-14 18:00:00,2023,10,14,18,0,69,69034,Rue Jean Moulin,45.80239743,4.85079233,Plein jour,En agglomération,Giratoire,Normale,Deux véhicules - arrière,7,2,2,0,1,2,1,5,1,50,2,4,3,0,0,1,26.0,34.0,voiture,voiture,1,2,6,1,2
202300019447,2023-04-23 18:40:00,2023,4,23,18,40,75,75115,AVENUE FELIX FAURE,48.839833,2.284827,Plein jour,En agglomération,Intersection en T,Pluie légère,Deux véhicules - côté,4,-1,1,0,1,1,2,0,1,30,2,2,1,0,0,1,27.0,60.0,deux_roues,voiture,1,2,3,2,3
202300019447,2023-04-23 18:40:00,2023,4,23,18,40,75,75115,AVENUE FELIX FAURE,48.839833,2.284827,Plein jour,En agglomération,Intersection en T,Pluie légère,Deux véhicules - côté,4,-1, -1,0,1,1,2,0,1,-1,2,2,1,0,0,1,27.0,60.0,deux_roues,voiture,1,2,3,2,3
202300019448,2023-10-13 15:10:00,2023,10,13,15,10,69,69202,106 Route de la Libération,45.72435,4.77929,Plein jour,En agglomération,Intersection en X,Normale,Deux véhicules - côté,7,2,2,2,1,1,1,0,1,50,2,2,1,0,0,1,24.0,29.0,utilitaire_camion,deux_roues,1,2,2,1,3
202300019448,2023-10-13 15:10:00,2023,10,13,15,10,69,69202,106 Route de la Libération,45.72435,4.77929,Plein jour,En agglomération,Intersection en X,Normale,Deux véhicules - côté,7,2,2,0,1,1,1,0,1,30,2,2,1,0,0,1,24.0,29.0,utilitaire_camion,deux_roues,1,2,2,1,3
202300019449,2023-04-22 12:40:00,2023,4,22,12,40,75,75113,RUE CHARLES FOURIER,48.825339,2.35106,Plein jour,En agglomération,Intersection en T,Normale,Trois véhicules et plus - collisions multiples,4,1,1,0,1,1,2,0,1,30,3,1,0,0,0,1,50.0,,voiture,,1,2,3,1,5
202300019449,2023-04-22 12:40:00,2023,4,22,12,40,75,75113,RUE CHARLES FOURIER,48.825339,2.35106,Plein jour,En agglomération,Intersection en T,Normale,Trois véhicules et plus - collisions multiples,4,1,1,0,2,1,2,0,1,30,3,1,0,0,0,1,50.0,,voiture,,1,2,3,1,5
202300019450,2023-10-14 11:00:00,2023,10,14,11,0,86,86194,Avenue de la Revolution,46.58531,0.38164,Plein jour,En agglomération,Hors intersection,Normale,Deux véhicules - arrière,4,-1,2,0,1,1,1,0,1,50,2,2,1,0,0,1,,44.0,voiture,voiture,1,2,1,1,2
202300019451,2023-04-23 10:25:00,2023,4,23,10,25,75,75112,RUE DE CHARENTON,48.851307,2.372323,Plein jour,En agglomération,Hors intersection,Pluie légère,Deux véhicules - arrière,4,1,2,2,1,1,2,0,1,30,2,2,1,0,0,1,,35.0,voiture,deux_roues,1,2,1,2,2
202300019452,2023-10-14 19:35:00,2023,10,14,19,35,84,84031,COMTAT VENAISSIN,44.04554,5.05994,Nuit avec éclairage allumé,En agglomération,Autre intersection,Normale,Sans collision,3,2,2,0,1,1,1,9,1,50,1,1,0,0,1,0,20.0,,deux_roues,,5,2,9,1,7
202300019453,2023-04-23 00:00:00,2023,4,23,0,0,75,75112,ROUTE DE LA PYRAMIDE,48.829542,2.451093,Nuit avec éclairage non allumé,En agglomération,Hors intersection,Normale,Autre collision,4,2,2,0,1,1,1,0,1,50,1,1,0,0,0,1,70.0,,voiture,,4,2,1,1,6
202300019454,2023-10-13 23:13:00,2023,10,13,23,13,83,83137,JURIEN DE LA GRAVIERE (PLACE),43.12648002,5.92142506,Nuit avec éclairage allumé,En agglomération,Place,Normale,Trois véhicules et plus - en chaîne,4,1,1,0,1,3,1,0,1,50,3,5,3,0,0,2,32.0,35.0,voiture,voiture,5,2,7,1,4
202300019455,2023-04-23 20:55:00,2023,4,23,20,55,75,75111,AVENUE PARMENTIER,48.862624,2.376493,Nuit sans éclairage public,En agglomération,Intersection en T,Pluie légère,Deux véhicules - frontale,4,2,2,0,1,1,2,0,1,30,2,3,2,0,0,1,27.0,25.0,voiture,deux_roues,3,2,3,2,1
202300019455,2023-04-23 20:55:00,2023,4,23,20,55,75,75111,AVENUE PARMENTIER,48.862624,2.376493,Nuit sans éclairage public,En agglomération,Intersection en T,Pluie légère,Deux véhicules - frontale,4,1,1,0,1,1,2,0,1,30,2,3,2,0,0,1,27.0,25.0,voiture,deux_roues,3,2,3,2,1
202300019456,2023-04-23 18:45:00,2023,4,23,18,45,75,75101,RUE DU PONT NEUF,48.85949,2.34355,Plein jour,En agglomération,Intersection en X,Pluie légère,Autre collision,4,1,1,0,1,1,2,0,1,30,1,1,0,0,0,1,71.0,,deux_roues,,1,2,2,2,6
202300019456,2023-04-23 18:45:00,2023,4,23,18,45,75,75101,RUE DU PONT NEUF,48.85949,2.34355,Plein jour,En agglomération,Intersection en X,Pluie légère,Autre collision,4,1,2,3,1,1,2,0,1,30,1,1,0,0,0,1,71.0,,deux_roues,,1,2,2,2,6
202300019457,2023-10-14 19:45:00,2023,10,14,19,45,82,82121,HERRIOT (BOULEVARD EDOUARD),44.01521757,1.36557814,Crépuscule ou aube,En agglomération,Intersection en X,Normale,Deux véhicules - côté,4,2,2,0,1,1,1,0,1,50,2,2,1,0,1,0,16.0,31.0,deux_roues,voiture,2,2,2,1,3
202300019457,2023-10-14 19:45:00,2023,10,14,19,45,82,82121,HERRIOT (BOULEVARD EDOUARD),44.01521757,1.36557814,Crépuscule ou aube,En agglomération,Intersection en X,Normale,Deux véhicules - côté,4,3,2,0,1,1,1,0,1,50,2,2,1,0,1,0,16.0,31.0,deux_roues,voiture,2,2,2,1,3
202300019458,2023-04-23 15:20:00,2023,4,23,15,20,75,75104,RUE DE RIVOLI,48.85613,2.357108,Plein jour,En agglomération,Intersection en X,Pluie légère,Autre collision,4,2,4,1,1,1,2,0,5,30,1,2,1,0,0,1,,,deux_roues,,1,2,2,2,6
202300019458,2023-04-23 15:20:00,2023,4,23,15,20,75,75104,RUE DE RIVOLI,48.85613,2.357108,Plein jour,En agglomération,Intersection en X,Pluie légère,Autre collision,4,1,2,0,1,1,2,0,1,30,1,2,1,0,0,1,,,deux_roues,,1,2,2,2,6
202300019459,2023-10-13 16:05:00,2023,10,13,16,5,77,77333,D225,48.26488,2.71067,Plein jour,En agglomération,Hors intersection,Normale,Deux véhicules - côté,3,2,2,0,1,1,1,9,8,30,2,2,1,0,0,1,86.0,11.0,voiture,deux_roues,1,2,1,1,3
202300019460,2023-04-23 13:29:00,2023,4,23,13,29,75,75102,BOULEVARD DE BONNE NOUVELLE,48.870053,2.350976,Plein jour,En agglomération,Intersection en T,Pluie légère,Trois véhicules et plus - collisions multiples,4,1,2,0,1,1,2,0,1,30,3,5,3,0,0,2,33.0,20.0,voiture,deux_roues,1,2,3,2,5
202300019460,2023-04-23 13:29:00,2023,4,23,13,29,75,75102,BOULEVARD DE BONNE NOUVELLE,48.870053,2.350976,Plein jour,En agglomération,Intersection en T,Pluie légère,Trois véhicules et plus - collisions multiples,4,2,4,0,1,1,2,0,1,30,3,5,3,0,0,2,33.0,20.0,voiture,deux_roues,1,2,3,2,5
202300019461,2023-10-14 19:15:00,2023,10,14,19,15,71,71270,MISTRAL (RUE FREDERIC),46.28927,4.80988,Nuit avec éclairage allumé,En agglomération,Hors intersection,Normale,Autre collision,4,2,2,0,1,1,1,9,1,50,1,2,1,0,0,1,22.0,,voiture,,5,2,1,1,6
202300019462,2023-04-22 22:30:00,2023,4,22,22,30,94,94081,Voie des Monis,48.78077,2.38279,Nuit avec éclairage allumé,En agglomération,Intersection en X,Normale,Deux véhicules - côté,4,2,2,0,1,1,1,0,1,50,2,3,2,0,0,1,51.0,26.0,voiture,deux_roues,5,2,2,1,3
202300019462,2023-04-22 22:30:00,2023,4,22,22,30,94,94081,Voie des Monis,48.78077,2.38279,Nuit avec éclairage allumé,En agglomération,Intersection en X,Normale,Deux véhicules - côté,4,1,1,0,1,1,1,0,1,50,2,3,2,0,0,1,51.0,26.0,voiture,deux_roues,5,2,2,1,3
202300019463,2023-10-14 21:10:00,2023,10,14,21,10,69,69266,Rue du 1 Mars 1943,45.75992,4.88896,Nuit avec éclairage allumé,En agglomération,Intersection en T,Normale,Deux véhicules - frontale,4,1,1,3,2,1,1,8,1,50,2,2,1,0,0,1,56.0,62.0,transport_commun,deux_roues,5,2,3,1,1
202300019463,2023-10-14 21:10:00,2023,10,14,21,10,69,69266,Rue du 1 Mars 1943,45.75992,4.88896,Nuit avec éclairage allumé,En agglomération,Intersection en T,Normale,Deux véhicules - frontale,4,2,2,3,2,1,1,9,1,50,2,2,1,0,0,1,56.0,62.0,transport_commun,deux_roues,5,2,3,1,1
202300019464,2023-04-23 15:25:00,2023,4,23,15,25,94,94028,Avenue des Compagnons de la Libération,48.77755,2.45562,Plein jour,En agglomération,Hors intersection,Temps couvert,Deux véhicules - arrière,4,1,2,0,1,1,2,0,1,50,2,2,1,0,0,1,29.0,26.0,transport_commun,transport_commun,1,2,1,8,2
202300019465,2023-10-14 19:20:00,2023,10,14,19,20,69,69290,40 Rue Anatole France,45.69343,4.93215,Nuit avec éclairage allumé,En agglomération,Hors intersection,Normale,Deux véhicules - frontale,4,1,1,2,1,1,1,0,5,50,2,2,1,0,0,1,,46.0,voiture,deux_roues,5,2,1,1,1