accident_id,datetime,annee,mois,jour,heure,minute,departement,commune_insee,adresse,latitude,longitude,luminosite,agglomeration,intersection,meteo,collision,catr,circ,nbv,vosp,prof,plan,surf,infra,situ,vma,nb_vehicules,nb_usagers,nb_indemnes,nb_tues,nb_blesses_hosp,nb_blesses_legers,age_cond_1,age_cond_2,veh_type_cond_1,veh_type_cond_2,lum_code,agg_code,int_code,atm_code,col_code
202300019466,2023-10-14 12:40:00,2023,10,14,12,40,69,69259,Avenue Marcel Cachin,45.69389,4.8751,Plein jour,En agglomération,Hors intersection,Normale,Autre collision,4,2,2,2,1,1,1,5,1,50,1,2,1,0,0,1,75.0,,voiture,,1,2,1,1,6
202300019467,2023-10-14 06:00:00,2023,10,14,6,0,69,69271,Route de Lyon,45.74324,4.94185,Nuit sans éclairage public,Hors agglomération,Hors intersection,Temps couvert,Sans collision,4,1,3,0,1,3,2,0,8,70,1,1,0,0,0,1,24.0,,voiture,,3,1,1,8,7
202300019468,2023-04-23 13:05:00,2023,4,23,13,5,92,92049,GINOUX AV. HENRI N°1 A 95 ET 2 A 104,48.81587013,2.32088998,Plein jour,En agglomération,Intersection en T,Pluie légère,Autre collision,3,1,2,2,1,1,2,0,1,50,1,2,1,0,1,0,,,deux_roues,,1,2,3,2,6
202300019468,2023-04-23 13:05:00,2023,4,23,13,5,92,92049,GINOUX AV. HENRI N°1 A 95 ET 2 A 104,48.81587013,2.32088998,Plein jour,En agglomération,Intersection en T,Pluie légère,Autre collision,3,2,1,0,1,1,2,0,1,50,1,2,1,0,1,0,,,deux_roues,,1,2,3,2,6
202300019469,2023-04-23 03:15:00,2023,4,23,3,15,92,92044,VIC. HUGO(RUE)091A113 ET 112A146,48.89712837,2.29542911,Nuit avec éclairage allumé,En agglomération,Hors intersection,Normale,Autre collision,4,3,2,0,1,1,1,0,1,50,1,1,0,0,0,1,20.0,,deux_roues,,5,2,1,1,6
202300019470,2023-04-23 18:26:00,2023,4,23,18,26,92,92026,MISSION MARCHAND (COTE PAIR),48.89628,2.24048,Plein jour,En agglomération,Autre intersection,Pluie légère,Autre collision,3,1,1,2,1,1,2,6,5,20,1,2,1,0,0,1,45.0,,deux_roues,,1,2,9,2,6
202300019471,2023-04-23 15:10:00,2023,4,23,15,10,92,92014,MONTROUGE (AVENUE DE),48.78517338,2.31016785,Plein jour,En agglomération,Hors intersection,Normale,Autre collision,3,1,1,1,2,1,1,0,1,50,1,1,0,0,0,1,26.0,,voiture,,1,2,1,1,6
202300019472,2023-10-13 09:45:00,2023,10,13,9,45,68,68376,MINES (RUE DES),47.80529,7.33594,Plein jour,En agglomération,Hors intersection,Normale,Sans collision,4,2,2,0,1,1,1,0,1,50,1,1,0,1,0,0,78.0,,voiture,,1,2,1,1,7
202300019473,2023-04-23 12:29:00,2023,4,23,12,29,974,97415,Rue gabriel guist'hau,-21.015536,55.271203,Plein jour,Hors agglomération,Hors intersection,Normale,Trois véhicules et plus - collisions multiples,3,2,2,0,2,1,1,0,1,70,3,3,2,0,1,0,74.0,26.0,deux_roues,voiture,1,1,1,1,5
202300019474,2023-10-14 01:40:00,2023,10,14,1,40,67,67458,RD 1063,48.807355,7.751567,Nuit sans éclairage public,Hors agglomération,Hors intersection,Normale,Deux véhicules - frontale,3,3,4,0,1,1,1,0,1,110,2,3,0,1,2,0,88.0,19.0,voiture,voiture,3,1,1,1,1
202300019475,2023-04-22 20:45:00,2023,4,22,20,45,974,97415,Route des Tamarins RN1,-21.022021,55.256166,Nuit sans éclairage public,Hors agglomération,Hors intersection,Normale,Sans collision,2,3,3,3,1,1,1,1,8,90,1,2,0,0,2,0,46.0,,deux_roues,,3,1,1,1,7
202300019476,2023-10-14 10:20:00,2023,10,14,10,20,64,64483,SALLAGOITY GARRA (RUE),43.38757,-1.65889,Plein jour,En agglomération,Hors intersection,Temps couvert,Autre collision,4,1,1,0,1,1,2,0,1,50,1,2,1,0,0,1,69.0,,voiture,,1,2,1,8,6
202300019477,2023-10-14 16:20:00,2023,10,14,16,20,64,64445,ALSACE LORRAINE D',43.30312,-0.36295,Plein jour,En agglomération,Hors intersection,Normale,Deux véhicules - arrière,4,2,2,0,1,1,1,0,1,50,2,2,0,0,0,2,35.0,61.0,voiture,deux_roues,1,2,1,1,2
202300019478,2023-04-24 07:00:00,2023,4,24,7,0,976,97610,ROUTE NATIONALE MAJICAVO KOROPA,-12.7348973,45.19932032,Plein jour,Hors agglomération,Hors intersection,Normale,Trois véhicules et plus - collisions multiples,2,2,2,0,1,4,1,0,8,70,4,4,1,1,0,2,46.0,23.0,deux_roues,voiture,1,1,1,1,5
202300019479,2023-10-14 12:41:00,2023,10,14,12,41,63,63113,MICHELIN (AVENUE EDOUARD),45.78170234,3.100411,Plein jour,En agglomération,Hors intersection,Normale,Deux véhicules - côté,4,2,2,0,1,1,1,0,4,30,2,2,1,0,0,1,30.0,35.0,deux_roues,voiture,1,2,1,1,3
202300019480,2023-10-14 03:20:00,2023,10,14,3,20,63,63113,Montlosier / Richepin,45.78144661,3.08863878,Nuit avec éclairage allumé,En agglomération,Intersection en T,Normale,Deux véhicules - frontale,4,2,2,0,2,2,1,0,1,30,2,5,0,0,0,5,22.0,29.0,voiture,voiture,5,2,3,1,1
202300019481,2023-04-23 17:30:00,2023,4,23,17,30,24,24462,D6089,45.031378,0.314303,Plein jour,Hors agglomération,Hors intersection,Pluie légère,Trois véhicules et plus - collisions multiples,3,2,2,0,1,1,2,0,1,80,3,5,4,0,1,0,35.0,77.0,voiture,voiture,1,1,1,2,5
202300019482,2023-10-15 00:20:00,2023,10,15,0,20,62,62178,Rue Emile Basly,50.48411039,2.53545231,Nuit avec éclairage allumé,En agglomération,Hors intersection,Temps couvert,Deux véhicules - frontale,4,2,2,0,2,1,1,0,1,50,2,2,1,0,1,0,38.0,37.0,voiture,deux_roues,5,2,1,8,1
202300019483,2023-10-10 08:55:00,2023,10,10,8,55,59,59172,RUE ALEXANDRE BAUDUIN,50.34493625,3.38184215,Plein jour,En agglomération,Hors intersection,Normale,Deux véhicules - côté,3,2,2,0,1,1,1,0,1,50,2,2,1,0,1,0,62.0,56.0,deux_roues,voiture,1,2,1,1,3
202300019484,2023-04-20 13:15:00,2023,4,20,13,15,40,40065,85 Av Mal de Lattre de Tassigny,43.649864,-1.444434,Plein jour,En agglomération,Intersection en T,Normale,Deux véhicules - côté,4,2,2,0,1,1,1,0,1,50,2,4,3,0,1,0,30.0,45.0,deux_roues,voiture,1,2,3,1,3
202300019484,2023-04-20 13:15:00,2023,4,20,13,15,40,40065,85 Av Mal de Lattre de Tassigny,43.649864,-1.444434,Plein jour,En agglomération,Intersection en T,Normale,Deux véhicules - côté,4,-1, -1,-1,-1,-1,-1,-1,-1,-1,2,4,3,0,1,0,30.0,45.0,deux_roues,voiture,1,2,3,1,3
202300019485,2023-10-13 22:20:00,2023,10,13,22,20,59,59033,Rue Anatole France,50.201456,3.825171,Nuit avec éclairage allumé,En agglomération,Giratoire,Normale,Deux véhicules - frontale,3,1,2,0,1,2,1,5,1,50,2,3,1,0,1,1,17.0,23.0,deux_roues,voiture,5,2,6,1,1
202300019485,2023-10-13 22:20:00,2023,10,13,22,20,59,59033,Rue Anatole France,50.201456,3.825171,Nuit avec éclairage allumé,En agglomération,Giratoire,Normale,Deux véhicules - frontale,3,1,2,0,1,2,1,5,1,50,2,3,1,0,1,1,17.0,23.0,deux_roues,voiture,5,2,6,1,1
202300019486,2023-10-14 19:40:00,2023,10,14,19,40,59,59378,BUISSON RUE DU,50.65612,3.09001,Nuit avec éclairage allumé,En agglomération,Intersection en X,Normale,Deux véhicules - côté,4,2,1,0,1,1,1,0,1,50,2,2,1,0,0,1,22.0,19.0,voiture,deux_roues,5,2,2,1,3
202300019486,2023-10-14 19:40:00,2023,10,14,19,40,59,59378,BUISSON RUE DU,50.65612,3.09001,Nuit avec éclairage allumé,En agglomération,Intersection en X,Normale,Deux véhicules - côté,4,2,1,0,1,1,1,0,1,50,2,2,1,0,0,1,22.0,19.0,voiture,deux_roues,5,2,2,1,3
202300019487,2023-04-24 10:35:00,2023,4,24,10,35,67,67073,Rue de Ville,48.291378,7.363184,Plein jour,Hors agglomération,Hors intersection,Temps couvert,Deux véhicules - frontale,3,2,2,0,1,1,2,0,1,80,2,2,1,1,0,0,39.0,81.0,utilitaire_camion,voiture,1,1,1,8,1
202300019488,2023-10-13 22:30:00,2023,10,13,22,30,59,59247,PRINCIPALE RUE,50.63509,3.18839,Nuit avec éclairage allumé,En agglomération,Hors intersection,Normale,Deux véhicules - côté,4,2,2,0,1,3,1,0,1,50,2,2,1,0,0,1,66.0,66.0,voiture,voiture,5,2,1,1,3
202300019489,2023-04-23 16:50:00,2023,4,23,16,50,972,97206,Fond Manoel,14.494914,-60.98823,Plein jour,Hors agglomération,Hors intersection,Normale,Deux véhicules - frontale,3,2,2,0,1,2,1,0,1,50,2,2,1,0,1,0,22.0,34.0,deux_roues,voiture,1,1,1,1,1
202300019490,2023-10-10 17:00:00,2023,10,10,17,0,54,54528,Avenue du General Bigeard,48.67027,5.89054,Plein jour,En agglomération,Intersection en X,Normale,Deux véhicules - côté,3,1,1,0,1,2,1,9,1,50,2,2,1,0,1,0,27.0,64.0,deux_roues,voiture,1,2,2,1,3
202300019490,2023-10-10 17:00:00,2023,10,10,17,0,54,54528,Avenue du General Bigeard,48.67027,5.89054,Plein jour,En agglomération,Intersection en X,Normale,Deux véhicules - côté,3,1,1,0,1,2,1,0,1,50,2,2,1,0,1,0,27.0,64.0,deux_roues,voiture,1,2,2,1,3
202300019491,2023-04-23 17:00:00,2023,4,23,17,0,64,64382,Route Départementale 946,43.485458,-0.656004,Plein jour,Hors agglomération,Hors intersection,Normale,Autre collision,3,2,2,0,1,1,1,0,3,80,1,1,0,0,1,0,45.0,,voiture,,1,1,1,1,6
202300019492,2023-04-23 08:00:00,2023,4,23,8,0,21,21223,M971 Route de Troyes,47.359892,4.976506,Plein jour,Hors agglomération,Hors intersection,Brouillard / fumée,Autre collision,7,2,2,0,1,2,2,0,3,80,1,1,0,1,0,0,64.0,,voiture,,1,1,1,5,6
202300019493,2023-10-13 16:50:00,2023,10,13,16,50,51,51454,BRIMONTEL (RUE),49.273825,4.0334,Plein jour,En agglomération,Intersection en T,Normale,Deux véhicules - frontale,4,2,2,0,1,1,1,0,1,50,2,4,3,0,0,1,25.0,83.0,voiture,voiture,1,2,3,1,1
202300019493,2023-10-13 16:50:00,2023,10,13,16,50,51,51454,BRIMONTEL (RUE),49.273825,4.0334,Plein jour,En agglomération,Intersection en T,Normale,Deux véhicules - frontale,4,2, -1,-1,1,1,1,-1,1,-1,2,4,3,0,0,1,25.0,83.0,voiture,voiture,1,2,3,1,1
202300019494,2023-04-23 15:10:00,2023,4,23,15,10,62,62021,D126,50.507211,1.850456,Plein jour,Hors agglomération,Hors intersection,Pluie forte,Autre collision,3,2,2,0,1,3,2,0,3,80,1,2,0,0,2,0,65.0,,voiture,,1,1,1,3,6
202300019495,2023-04-23 15:59:00,2023,4,23,15,59,57,57554,D113F,49.017982,6.203359,Plein jour,Hors agglomération,Hors intersection,Pluie forte,Sans collision,3,2,2,0,3,2,2,0,1,80,1,1,0,0,0,1,25.0,,deux_roues,,1,1,1,3,7
202300019496,2023-04-21 17:00:00,2023,4,21,17,0,80,80488,Rue de la Division Leclerc,50.013941,1.990864,Plein jour,En agglomération,Hors intersection,Normale,Autre collision,3,2,2,0,3,3,1,0,1,50,1,2,1,0,1,0,66.0,,utilitaire_camion,,1,2,1,1,6
202300019497,2023-10-14 10:20:00,2023,10,14,10,20,50,50129,SALINE (BOULEVARD DE LA),49.65397,-1.64922,Plein jour,En agglomération,Hors intersection,Normale,Deux véhicules - côté,3,3,5,0,1,1,1,0,1,70,2,2,1,0,0,1,19.0,24.0,voiture,voiture,1,2,1,1,3
202300019498,2023-04-22 11:50:00,2023,4,22,11,50,32,32190,D626,43.795493,0.246956,Plein jour,Hors agglomération,Hors intersection,Pluie légère,Sans collision,3,2,2,0,2,3,2,0,3,80,1,1,0,0,1,0,20.0,,voiture,,1,1,1,2,7
202300019499,2023-10-15 00:01:00,2023,10,15,0,1,49,49007,PASTEUR,47.47488,-0.53587,Nuit avec éclairage allumé,En agglomération,Hors intersection,Normale,Trois véhicules et plus - en chaîne,4,2,2,0,1,1,1,0,1,50,3,3,2,0,0,1,32.0,20.0,voiture,voiture,5,2,1,1,4
202300019500,2023-04-22 16:40:00,2023,4,22,16,40,32,32384,D 930 / PK 005+385,43.712844,0.507077,Plein jour,Hors agglomération,Hors intersection,Pluie légère,Deux véhicules - frontale,3,2,2,0,1,1,2,0,1,90,2,6,2,0,4,0,34.0,66.0,voiture,voiture,1,1,1,2,1
202300019501,2023-10-13 14:00:00,2023,10,13,14,0,49,49007,MIMOSAS,47.4814,-0.52348,Plein jour,En agglomération,Intersection en T,Normale,Deux véhicules - côté,4,2,2,0,1,1,1,0,1,50,2,2,1,0,0,1,35.0,25.0,voiture,deux_roues,1,2,3,1,3
202300019501,2023-10-13 14:00:00,2023,10,13,14,0,49,49007,MIMOSAS,47.4814,-0.52348,Plein jour,En agglomération,Intersection en T,Normale,Deux véhicules - côté,4,2, -1,-1,1,1,1,0,1,-1,2,2,1,0,0,1,35.0,25.0,voiture,deux_roues,1,2,3,1,3
202300019502,2023-04-24 16:17:00,2023,4,24,16,17,63,63195,1 Rue des Augustins,45.828156,3.378618,Plein jour,En agglomération,Hors intersection,Normale,Autre collision,4,2,2,0,1,1,1,0,1,50,1,2,1,0,0,1,80.0,,voiture,,1,2,1,1,6
202300019503,2023-10-13 12:00:00,2023,10,13,12,0,48,48095,GENEVRIERS (RUE DES),44.52756,3.50773,Plein jour,En agglomération,Hors intersection,Normale,Autre collision,4,-1,1,0,3,1,9,9,8,50,1,1,0,0,1,0,58.0,,deux_roues,,1,2,1,1,6
202300019504,2023-04-23 15:21:00,2023,4,23,15,21,63,63178,Bizaleix/  Eugène Barbet,45.546083,3.225635,Plein jour,En agglomération,Intersection en T,Normale,Deux véhicules - côté,4,2,2,0,1,1,1,0,1,50,2,2,1,0,1,0,42.0,55.0,voiture,deux_roues,1,2,3,1,3
202300019504,2023-04-23 15:21:00,2023,4,23,15,21,63,63178,Bizaleix/  Eugène Barbet,45.546083,3.225635,Plein jour,En agglomération,Intersection en T,Normale,Deux véhicules - côté,4,2,2,-1,1,1,1,0,1,50,2,2,1,0,1,0,42.0,55.0,voiture,deux_roues,1,2,3,1,3
202300019505,2023-10-14 03:14:00,2023,10,14,3,14,38,38185,RUE JULES FLANDRIN,45.18821,5.74601,Nuit avec éclairage allumé,En agglomération,Hors intersection,Normale,Deux véhicules - frontale,4,2,2,1,1,2,1,5,1,50,1,3,2,0,0,1,20.0,,voiture,,5,2,1,1,1
202300019506,2023-04-24 02:00:00,2023,4,24,2,0,68,68139,D432,47.605419,7.225376,Nuit sans éclairage public,Hors agglomération,Hors intersection,Pluie légère,Sans collision,3,2,2,0,1,1,2,0,3,-1,1,1,0,1,0,0,23.0,,voiture,,3,1,1,2,7
202300019507,2023-04-23 17:50:00,2023,4,23,17,50,22,22101,D72 TRAOU ROUT,48.74821,-3.308001,Plein jour,Hors agglomération,Hors intersection,Normale,Deux véhicules - frontale,3,2,2,0,2,1,1,0,1,80,2,3,0,0,2,1,41.0,42.0,voiture,voiture,1,1,1,1,1
202300019508,2023-10-14 22:40:00,2023,10,14,22,40,34,34172,PONT TRINQUAT (AVENUE DU,43.5955,3.89679,Nuit avec éclairage allumé,En agglomération,Intersection en T,Normale,Deux véhicules - côté,4,2,2,0,1,1,1,0,1,50,2,2,1,0,0,1,33.0,64.0,deux_roues,voiture,5,2,3,1,3
202300019508,2023-10-14 22:40:00,2023,10,14,22,40,34,34172,PONT TRINQUAT (AVENUE DU,43.5955,3.89679,Nuit avec éclairage allumé,En agglomération,Intersection en T,Normale,Deux véhicules - côté,4,2,2,0,1,2,1,0,1,50,2,2,1,0,0,1,33.0,64.0,deux_roues,voiture,5,2,3,1,3
202300019509,2023-04-24 15:54:00,2023,4,24,15,54,44,44212,Les Courreres,47.195348,-1.249371,Plein jour,Hors agglomération,Intersection en X,Normale,Deux véhicules - côté,3,2,2,0,1,1,1,0,1,80,2,2,1,1,0,0,28.0,26.0,deux_roues,utilitaire_camion,1,1,2,1,3
202300019509,2023-04-24 15:54:00,2023,4,24,15,54,44,44212,Les Courreres,47.195348,-1.249371,Plein jour,Hors agglomération,Intersection en X,Normale,Deux véhicules - côté,3,2,2,0,1,1,1,0,1,80,2,2,1,1,0,0,28.0,26.0,deux_roues,utilitaire_camion,1,1,2,1,3
202300019510,2023-10-14 23:25:00,2023,10,14,23,25,33,33063,RUE RENE MAGNE,44.88885,-0.5412,Nuit avec éclairage allumé,En agglomération,Intersection en T,Normale,Deux véhicules - côté,4,2,2,0,1,1,1,0,1,50,2,4,2,0,0,2,21.0,20.0,voiture,voiture,5,2,3,1,3
202300019510,2023-10-14 23:25:00,2023,10,14,23,25,33,33063,RUE RENE MAGNE,44.88885,-0.5412,Nuit avec éclairage allumé,En agglomération,Intersection en T,Normale,Deux véhicules - côté,4,2,2,0,1,1,1,0,1,50,2,4,2,0,0,2,21.0,20.0,voiture,voiture,5,2,3,1,3
202300019511,2023-04-23 12:55:00,2023,4,23,12,55,35,35302,Le Rosay,48.17560778,-2.13384479,Plein jour,Hors agglomération,Intersection en X,Pluie légère,Deux véhicules - côté,3,2,2,0,1,1,2,0,1,80,2,2,0,1,1,0,94.0,30.0,voiture,voiture,1,1,2,2,3
202300019511,2023-04-23 12:55:00,2023,4,23,12,55,35,35302,Le Rosay,48.17560778,-2.13384479,Plein jour,Hors agglomération,Intersection en X,Pluie légère,Deux véhicules - côté,3,2,2,0,2,1,2,0,1,80,2,2,0,1,1,0,94.0,30.0,voiture,voiture,1,1,2,2,3
202300019512,2023-04-13 08:20:00,2023,4,13,8,20,15,15169,RD 236 rue du paradis,45.337707,2.48192,Plein jour,En agglomération,Intersection en T,Temps couvert,Deux véhicules - côté,3,2,2,0,2,1,2,0,1,50,2,2,1,0,1,0,51.0,22.0,voiture,utilitaire_camion,1,2,3,8,3
202300019512,2023-04-13 08:20:00,2023,4,13,8,20,15,15169,RD 236 rue du paradis,45.337707,2.48192,Plein jour,En agglomération,Intersection en T,Temps couvert,Deux véhicules - côté,3,2,2,0,1,1,1,0,1,50,2,2,1,0,1,0,51.0,22.0,voiture,utilitaire_camion,1,2,3,8,3
202300019513,2023-04-24 14:07:00,2023,4,24,14,7,70,70245,N57,47.923453,6.423472,Plein jour,Hors agglomération,Intersection en X,Normale,Trois véhicules et plus - collisions multiples,2,2,2,0,1,1,1,0,1,70,3,3,2,1,0,0,32.0,23.0,utilitaire_camion,voiture,1,1,2,1,5
202300019513,2023-04-24 14:07:00,2023,4,24,14,7,70,70245,N57,47.923453,6.423472,Plein jour,Hors agglomération,Intersection en X,Normale,Trois véhicules et plus - collisions multiples,2,2, -1,-1,1,1,1,0,1,-1,3,3,2,1,0,0,32.0,23.0,utilitaire_camion,voiture,1,1,2,1,5
202300019513,2023-04-24 14:07:00,2023,4,24,14,7,70,70245,N57,47.923453,6.423472,Plein jour,Hors agglomération,Intersection en X,Normale,Trois véhicules et plus - collisions multiples,2,2, -1,-1,1,2,1,0,1,-1,3,3,2,1,0,0,32.0,23.0,utilitaire_camion,voiture,1,1,2,1,5
202300019514,2023-04-19 15:30:00,2023,4,19,15,30,70,70129,Carrefour RD5 / RD23,47.475509,5.813527,Plein jour,En agglomération,Intersection en X,Temps éblouissant,Deux véhicules - côté,3,2,2,0,1,1,1,0,1,80,2,3,2,0,1,0,59.0,78.0,voiture,voiture,1,2,2,7,3
202300019514,2023-04-19 15:30:00,2023,4,19,15,30,70,70129,Carrefour RD5 / RD23,47.475509,5.813527,Plein jour,En agglomération,Intersection en X,Temps éblouissant,Deux véhicules - côté,3,2,2,0,1,1,1,0,1,80,2,3,2,0,1,0,59.0,78.0,voiture,voiture,1,2,2,7,3
202300019515,2023-04-22 12:40:00,2023,4,22,12,40,26,26112,RD94,44.388037,5.23263,Plein jour,Hors agglomération,Hors intersection,Normale,Autre collision,3,2,2,0,1,3,1,0,1,80,1,1,0,0,0,1,39.0,,deux_roues,,1,1,1,1,6
202300019516,2023-04-24 02:40:00,2023,4,24,2,40,66,66167,,42.457156,2.038067,Nuit sans éclairage public,En agglomération,Hors intersection,Pluie légère,Autre collision,2,2,2,0,2,2,2,0,8,30,1,1,0,0,1,0,28.0,,voiture,,3,2,1,2,6
202300019517,2023-04-24 02:50:00,2023,4,24,2,50,64,64542,N1134 PK 119.900,42.792732,-0.54390371,Nuit avec éclairage allumé,Hors agglomération,Hors intersection,Normale,Sans collision,2,2,2,0,1,1,1,1,1,80,1,2,0,0,1,1,44.0,,utilitaire_camion,,5,1,1,1,7
202300019518,2023-04-23 19:30:00,2023,4,23,19,30,10,10426,,48.16626521,4.77608465,Plein jour,Hors agglomération,Hors intersection,Pluie légère,Autre collision,3,2,2,0,1,2,2,0,3,80,1,1,0,1,0,0,35.0,,voiture,,1,1,1,2,6
202300019519,2023-04-23 18:20:00,2023,4,23,18,20,88,88486,57 Rue des Grands Prés,48.013134,6.731944,Plein jour,En agglomération,Hors intersection,Pluie forte,Deux véhicules - frontale,3,2,2,0,1,1,2,0,1,50,2,4,0,0,0,4,26.0,53.0,voiture,voiture,1,2,1,3,1
202300019520,2023-07-04 09:25:00,2023,7,4,9,25,75,75113,BD PERIPHERIQUE EXTERIEUR,48.81688,2.348326,Plein jour,En agglomération,Hors intersection,Normale,Deux véhicules - côté,4,1,3,0,1,1,1,0,1,70,2,2,1,0,0,1,48.0,22.0,voiture,deux_roues,1,2,1,1,3
202300019521,2023-06-16 12:40:00,2023,6,16,12,40,75,75106,BOULEVARD SAINT GERMAIN,48.853161,2.335939,Plein jour,En agglomération,Intersection en X,Normale,Deux véhicules - côté,4,1,3,0,1,1,1,0,1,30,2,2,1,0,0,1,44.0,29.0,deux_roues,deux_roues,1,2,2,1,3
202300019521,2023-06-16 12:40:00,2023,6,16,12,40,75,75106,BOULEVARD SAINT GERMAIN,48.853161,2.335939,Plein jour,En agglomération,Intersection en X,Normale,Deux véhicules - côté,4,1,1,1,1,1,1,0,1,30,2,2,1,0,0,1,44.0,29.0,deux_roues,deux_roues,1,2,2,1,3
202300019522,2023-04-23 22:20:00,2023,4,23,22,20,06,06152,route des dolines,43.61767,7.037913,Nuit avec éclairage allumé,Hors agglomération,Giratoire,Normale,Autre collision,3,1,0,1,2,3,2,3,8,70,1,1,0,0,1,0,25.0,,voiture,,5,1,6,1,6
202300019523,2023-07-04 09:00:00,2023,7,4,9,0,75,75119,BOULEVARD MACDONALD,48.89891293,2.38256747,Plein jour,En agglomération,Intersection en T,Normale,Autre collision,4,2,2,1,1,1,1,0,5,30,1,2,1,0,0,1,53.0,,deux_roues,,1,2,3,1,6
202300019523,2023-07-04 09:00:00,2023,7,4,9,0,75,75119,BOULEVARD MACDONALD,48.89891293,2.38256747,Plein jour,En agglomération,Intersection en T,Normale,Autre collision,4,1,3,0,1,1,1,0,5,30,1,2,1,0,0,1,53.0,,deux_roues,,1,2,3,1,6
202300019524,2023-04-22 22:20:00,2023,4,22,22,20,49,49167,A87n,47.40584,-0.509689,Nuit sans éclairage public,Hors agglomération,Hors intersection,Normale,Deux véhicules - arrière,1,3,3,0,1,1,1,0,1,90,2,4,2,0,1,1,20.0,55.0,voiture,utilitaire_camion,3,1,1,1,2
202300019525,2023-04-23 13:25:00,2023,4,23,13,25,34,34340,A9 aire d'ambrussum sud,43.712177,4.131052,Plein jour,Hors agglomération,Hors intersection,Normale,Deux véhicules - frontale,1,-1,3,0,1,3,1,0,1,50,2,3,1,0,1,1,49.0,67.0,utilitaire_camion,voiture,1,1,1,1,1
202300019526,2023-07-03 20:00:00,2023,7,3,20,0,75,75119,RUE BOTZARIS,48.879572,2.389501,Plein jour,En agglomération,Intersection en X,Normale,Trois véhicules et plus - collisions multiples,4,2,3,1,2,1,1,8,1,30,4,4,3,0,0,1,51.0,31.0,voiture,deux_roues,1,2,2,1,5
202300019526,2023-07-03 20:00:00,2023,7,3,20,0,75,75119,RUE BOTZARIS,48.879572,2.389501,Plein jour,En agglomération,Intersection en X,Normale,Trois véhicules et plus - collisions multiples,4,1,1,0,2,1,1,0,1,30,4,4,3,0,0,1,51.0,31.0,voiture,deux_roues,1,2,2,1,5
202300019527,2023-04-24 08:00:00,2023,4,24,8,0,17,17142,départementale 9  PK 000+105,46.176844,-1.070884,Plein jour,Hors agglomération,Hors intersection,Normale,Deux véhicules - frontale,3,2,2,0,1,1,1,0,1,80,2,2,1,0,1,0,51.0,22.0,utilitaire_camion,voiture,1,1,1,1,1
202300019528,2023-07-04 21:30:00,2023,7,4,21,30,75,75117,BOULEVARD MALESHERBES,48.885221,2.307251,Nuit avec éclairage allumé,En agglomération,Intersection en X,Pluie forte,Autre collision,4,2,4,0,1,1,2,0,1,30,1,2,1,0,1,0,,,voiture,,5,2,2,3,6
202300019528,2023-07-04 21:30:00,2023,7,4,21,30,75,75117,BOULEVARD MALESHERBES,48.885221,2.307251,Nuit avec éclairage allumé,En agglomération,Intersection en X,Pluie forte,Autre collision,4,2,2,0,1,1,2,0,1,30,1,2,1,0,1,0,,,voiture,,5,2,2,3,6
202300019529,2023-04-24 09:00:00,2023,4,24,9,0,38,38067,RD 75,45.670324,5.1507,Plein jour,Hors agglomération,Intersection en Y,Normale,Deux véhicules - côté,3,2,2,0,1,3,1,0,1,80,2,2,1,0,1,0,64.0,42.0,voiture,utilitaire_camion,1,1,4,1,3
202300019529,2023-04-24 09:00:00,2023,4,24,9,0,38,38067,RD 75,45.670324,5.1507,Plein jour,Hors agglomération,Intersection en Y,Normale,Deux véhicules - côté,3,2,2,0,1,2,2,5,1,80,2,2,1,0,1,0,64.0,42.0,voiture,utilitaire_camion,1,1,4,1,3
202300019530,2023-07-04 17:20:00,2023,7,4,17,20,75,75117,AVENUE NIEL,48.883228,2.296606,Plein jour,En agglomération,Intersection en T,Normale,Deux véhicules - côté,4,2,6,3,1,1,1,0,6,30,2,2,1,0,0,1,60.0,38.0,deux_roues,voiture,1,2,3,1,3
202300019530,2023-07-04 17:20:00,2023,7,4,17,20,75,75117,AVENUE NIEL,48.883228,2.296606,Plein jour,En agglomération,Intersection en T,Normale,Deux véhicules - côté,4,1,2,1,1,1,1,0,1,30,2,2,1,0,0,1,60.0,38.0,deux_roues,voiture,1,2,3,1,3
202300019531,2023-04-24 06:45:00,2023,4,24,6,45,974,97403,Route Departemental 26,-21.266985,55.464606,Plein jour,Hors agglomération,Hors intersection,Normale,Deux véhicules - frontale,3,2,2,0,2,1,1,0,1,70,2,2,1,0,0,1,30.0,52.0,voiture,voiture,1,1,1,1,1
202300019532,2023-07-04 08:50:00,2023,7,4,8,50,75,75117,BOULEVARD DE DOUAUMONT,48.896271,2.309989,Plein jour,En agglomération,Intersection en Y,Normale,Deux véhicules - arrière,4,1,4,1,1,1,1,0,1,30,2,2,1,0,0,1,20.0,34.0,deux_roues,deux_roues,1,2,4,1,2
202300019532,2023-07-04 08:50:00,2023,7,4,8,50,75,75117,BOULEVARD DE DOUAUMONT,48.896271,2.309989,Plein jour,En agglomération,Intersection en Y,Normale,Deux véhicules - arrière,4,1,5,0,1,1,1,0,1,30,2,2,1,0,0,1,20.0,34.0,deux_roues,deux_roues,1,2,4,1,2
202300019533,2023-04-24 13:20:00,2023,4,24,13,20,77,77231,D17E,48.997659,3.007207,Plein jour,En agglomération,Hors intersection,Normale,Deux véhicules - côté,3,2,2,0,2,1,1,0,1,50,2,2,1,0,0,1,63.0,55.0,voiture,deux_roues,1,2,1,1,3