accident_id,datetime,annee,mois,jour,heure,minute,departement,commune_insee,adresse,latitude,longitude,luminosite,agglomeration,intersection,meteo,collision,catr,circ,nbv,vosp,prof,plan,surf,infra,situ,vma,nb_vehicules,nb_usagers,nb_indemnes,nb_tues,nb_blesses_hosp,nb_blesses_legers,age_cond_1,age_cond_2,veh_type_cond_1,veh_type_cond_2,lum_code,agg_code,int_code,atm_code,col_code
202300019534,2023-07-04 19:50:00,2023,7,4,19,50,75,75116,AVENUE DE LA GRANDE ARMEE,48.874378,2.292935,Plein jour,En agglomération,Intersection en X,Pluie légère,Deux véhicules - côté,4,3,6,0,1,1,2,0,1,50,2,4,3,0,0,1,11.0,24.0,deux_roues,voiture,1,2,2,2,3
202300019534,2023-07-04 19:50:00,2023,7,4,19,50,75,75116,AVENUE DE LA GRANDE ARMEE,48.874378,2.292935,Plein jour,En agglomération,Intersection en X,Pluie légère,Deux véhicules - côté,4,1,1,0,1,1,2,0,1,30,2,4,3,0,0,1,11.0,24.0,deux_roues,voiture,1,2,2,2,3
202300019535,2023-04-24 08:00:00,2023,4,24,8,0,83,83065,D559,43.221276,6.570779,Plein jour,Hors agglomération,Hors intersection,Normale,Trois véhicules et plus - collisions multiples,3,2,2,0,2,4,1,0,1,70,3,3,2,0,1,0,29.0,41.0,deux_roues,voiture,1,1,1,1,5
202300019536,2023-07-04 09:20:00,2023,7,4,9,20,75,75116,VOIE GEORGES POMPIDOU,48.847127,2.274709,Plein jour,En agglomération,Intersection en X,Normale,Deux véhicules - frontale,4,2,4,1,1,1,1,2,5,30,2,2,0,0,0,2,30.0,58.0,deux_roues,deux_roues,1,2,2,1,1
202300019536,2023-07-04 09:20:00,2023,7,4,9,20,75,75116,VOIE GEORGES POMPIDOU,48.847127,2.274709,Plein jour,En agglomération,Intersection en X,Normale,Deux véhicules - frontale,4,2,3,1,1,1,1,0,5,30,2,2,0,0,0,2,30.0,58.0,deux_roues,deux_roues,1,2,2,1,1
202300019537,2023-04-23 19:30:00,2023,4,23,19,30,13,13035,D569,43.679496,5.028498,Plein jour,Hors agglomération,Hors intersection,Pluie légère,Deux véhicules - frontale,3,2,2,0,1,1,2,0,8,70,2,3,0,0,3,0,43.0,62.0,voiture,voiture,1,1,1,2,1
202300019538,2023-07-04 08:00:00,2023,7,4,8,0,75,75116,PLACE CHARLES DE GAULLE,48.873241,2.294674,Plein jour,En agglomération,Place,Normale,Deux véhicules - côté,4,2,2,0,1,1,1,0,1,50,2,2,1,0,0,1,30.0,,deux_roues,voiture,1,2,7,1,3
202300019538,2023-07-04 08:00:00,2023,7,4,8,0,75,75116,PLACE CHARLES DE GAULLE,48.873241,2.294674,Plein jour,En agglomération,Place,Normale,Deux véhicules - côté,4,1,6,0,1,2,1,0,1,50,2,2,1,0,0,1,30.0,,deux_roues,voiture,1,2,7,1,3
202300019539,2023-04-24 15:00:00,2023,4,24,15,0,68,68154,73 Rue des Vosges,47.778501,7.349562,Plein jour,En agglomération,Hors intersection,Normale,Deux véhicules - côté,3,2,2,2,1,1,1,0,5,50,2,2,1,0,0,1,37.0,53.0,deux_roues,voiture,1,2,1,1,3
202300019540,2023-04-21 02:20:00,2023,4,21,2,20,67,67368,RD 426,48.432447,7.393606,Nuit sans éclairage public,Hors agglomération,Hors intersection,Normale,Sans collision,3,2,2,0,2,1,1,0,3,80,1,1,0,1,0,0,54.0,,voiture,,3,1,1,1,7
202300019541,2023-07-04 08:25:00,2023,7,4,8,25,75,75116,CHAUSSEE LA MUETTE,48.858309,2.272642,Plein jour,En agglomération,Intersection en T,Normale,Deux véhicules - arrière,4,2,2,0,1,1,1,0,1,30,2,3,1,0,0,2,41.0,22.0,voiture,voiture,1,2,3,1,2
202300019541,2023-07-04 08:25:00,2023,7,4,8,25,75,75116,CHAUSSEE LA MUETTE,48.858309,2.272642,Plein jour,En agglomération,Intersection en T,Normale,Deux véhicules - arrière,4,2,2,0,1,1,1,0,1,30,2,3,1,0,0,2,41.0,22.0,voiture,voiture,1,2,3,1,2
202300019542,2023-07-03 19:43:00,2023,7,3,19,43,75,75115,PLACE VIOLET,48.844658,2.290502,Plein jour,En agglomération,Intersection en T,Normale,Autre collision,4,-1, -1,0,1,1,1,0,1,30,1,2,1,0,0,1,44.0,,voiture,,1,2,3,1,6
202300019542,2023-07-03 19:43:00,2023,7,3,19,43,75,75115,PLACE VIOLET,48.844658,2.290502,Plein jour,En agglomération,Intersection en T,Normale,Autre collision,4,2,2,0,1,1,1,0,1,30,1,2,1,0,0,1,44.0,,voiture,,1,2,3,1,6
202300019543,2023-04-24 13:25:00,2023,4,24,13,25,33,33433,25 Route d'Ambarés,44.920361,-0.447677,Plein jour,Hors agglomération,Hors intersection,Normale,Trois véhicules et plus - collisions multiples,3,2,2,0,1,1,1,0,1,80,3,4,0,0,1,3,80.0,42.0,voiture,voiture,1,1,1,1,5
202300019544,2023-07-04 16:20:00,2023,7,4,16,20,75,75114,BOULEVARD EDGAR QUINET,48.8389511,2.3267135,Plein jour,En agglomération,Hors intersection,Normale,Autre collision,9,1,2,0,1,1,1,0,1,20,1,2,1,0,0,1,61.0,,voiture,,1,2,1,1,6
202300019545,2023-07-03 16:15:00,2023,7,3,16,15,75,75114,RUE DIDOT,48.829227,2.317316,Plein jour,En agglomération,Intersection en X,Normale,Autre collision,4,-1, -1,0,1,1,1,0,1,30,1,1,0,0,0,1,20.0,,deux_roues,,1,2,2,1,6
202300019545,2023-07-03 16:15:00,2023,7,3,16,15,75,75114,RUE DIDOT,48.829227,2.317316,Plein jour,En agglomération,Intersection en X,Normale,Autre collision,4,1,2,0,1,1,1,0,1,30,1,1,0,0,0,1,20.0,,deux_roues,,1,2,2,1,6
202300019546,2023-04-21 14:25:00,2023,4,21,14,25,33,33436,D111,44.60658632,-0.62040567,Plein jour,Hors agglomération,Hors intersection,Normale,Deux véhicules - frontale,3,2,2,0,1,1,1,0,1,80,2,3,0,0,1,2,53.0,24.0,voiture,voiture,1,1,1,1,1
202300019547,2023-07-03 12:15:00,2023,7,3,12,15,75,75114,AVENUE DU GENERAL LECLERC,48.824768,2.325973,Plein jour,En agglomération,Intersection en T,Normale,Autre collision,4,2,4,0,1,1,1,0,1,30,2,3,1,0,1,1,76.0,30.0,voiture,deux_roues,1,2,3,1,6
202300019547,2023-07-03 12:15:00,2023,7,3,12,15,75,75114,AVENUE DU GENERAL LECLERC,48.824768,2.325973,Plein jour,En agglomération,Intersection en T,Normale,Autre collision,4,-1, -1,0,1,1,1,0,1,30,2,3,1,0,1,1,76.0,30.0,voiture,deux_roues,1,2,3,1,6
202300019548,2023-04-23 15:40:00,2023,4,23,15,40,02,02186,9 Chemin du Csa,48.984314,3.39857,Plein jour,En agglomération,Autre intersection,Normale,Autre collision,4,2,2,0,2,1,1,0,8,50,1,1,0,0,1,0,77.0,,voiture,,1,2,9,1,6
202300019549,2023-07-04 09:20:00,2023,7,4,9,20,75,75113,BOULEVARD SAINT MARCEL,48.839212,2.35933,Plein jour,En agglomération,Hors intersection,Normale,Deux véhicules - côté,4,3,4,3,1,1,1,0,6,30,2,2,1,0,0,1,26.0,23.0,deux_roues,deux_roues,1,2,1,1,3
202300019550,2023-04-23 17:42:00,2023,4,23,17,42,13,13033,A55-Sens Martigues vers Marseille,43.38065,5.21414,Plein jour,Hors agglomération,Hors intersection,Normale,Trois véhicules et plus - collisions multiples,1,1,2,0,1,1,1,0,1,110,3,3,2,0,0,1,69.0,29.0,voiture,voiture,1,1,1,1,5
202300019551,2023-07-04 12:40:00,2023,7,4,12,40,75,75112,RUE DE BERCY,48.843945,2.373024,Plein jour,En agglomération,Hors intersection,Normale,Deux véhicules - côté,4,1,3,1,1,1,1,0,5,30,2,2,1,0,0,1,54.0,27.0,voiture,deux_roues,1,2,1,1,3
202300019552,2023-04-18 20:00:00,2023,4,18,20,0,69,69256,Rocade est,45.79762,4.92732,Plein jour,En agglomération,Hors intersection,Normale,Deux véhicules - arrière,2,1,2,0,3,2,1,0,1,90,2,4,1,0,0,3,46.0,40.0,utilitaire_camion,voiture,1,2,1,1,2
202300019553,2023-07-04 09:23:00,2023,7,4,9,23,75,75112,QUAI DE BERCY,48.82742956,2.38927567,Plein jour,En agglomération,Hors intersection,Temps éblouissant,Deux véhicules - frontale,4,2,2,1,1,1,1,0,5,30,2,2,0,0,0,2,24.0,27.0,deux_roues,deux_roues,1,2,1,7,1
202300019554,2023-07-04 11:30:00,2023,7,4,11,30,75,75110,RUE DU HUIT MAI 1945,48.87630335,2.3574526,Plein jour,En agglomération,Intersection en T,Normale,Autre collision,4,2,2,0,1,1,1,0,1,30,1,2,0,0,0,2,61.0,,transport_commun,,1,2,3,1,6
202300019554,2023-07-04 11:30:00,2023,7,4,11,30,75,75110,RUE DU HUIT MAI 1945,48.87630335,2.3574526,Plein jour,En agglomération,Intersection en T,Normale,Autre collision,4,2,4,0,1,1,1,0,1,30,1,2,0,0,0,2,61.0,,transport_commun,,1,2,3,1,6
202300019555,2023-04-23 17:39:00,2023,4,23,17,39,94,94034,A86,48.76069661,2.31909804,Plein jour,Hors agglomération,Hors intersection,Normale,Trois véhicules et plus - en chaîne,1,1,2,0,1,1,1,1,1,70,3,4,2,0,0,2,79.0,24.0,voiture,voiture,1,1,1,1,4
202300019556,2023-06-15 14:20:00,2023,6,15,14,20,94,94074,Avenue du Rû de Gironde,48.74204,2.46621,Plein jour,En agglomération,Intersection en X,Normale,Deux véhicules - frontale,3,3,2,0,2,1,1,5,1,50,2,2,1,0,0,1,40.0,32.0,voiture,deux_roues,1,2,2,1,1
202300019556,2023-06-15 14:20:00,2023,6,15,14,20,94,94074,Avenue du Rû de Gironde,48.74204,2.46621,Plein jour,En agglomération,Intersection en X,Normale,Deux véhicules - frontale,3,2,2,0,1,1,1,5,1,-1,2,2,1,0,0,1,40.0,32.0,voiture,deux_roues,1,2,2,1,1
202300019557,2023-04-23 16:45:00,2023,4,23,16,45,91,91377,AUTOROUTE A10,48.72728,2.30353,Plein jour,Hors agglomération,Hors intersection,Normale,Deux véhicules - arrière,1,1,3,0,1,1,1,0,1,90,2,2,1,0,0,1,25.0,37.0,voiture,voiture,1,1,1,1,2
202300019558,2023-07-03 10:15:00,2023,7,3,10,15,94,94043,117 Avenue de Fontainebleau,48.808525,2.362981,Plein jour,En agglomération,Hors intersection,Normale,Deux véhicules - côté,3,3,4,0,1,1,1,0,1,50,2,2,1,0,0,1,57.0,51.0,deux_roues,transport_commun,1,2,1,1,3
202300019559,2023-04-22 11:50:00,2023,4,22,11,50,91,91617,104 EXT/ A5A PROVINCE,48.63543,2.53562,Plein jour,Hors agglomération,Hors intersection,Pluie légère,Autre collision,1,3,2,0,1,1,2,9,1,90,2,2,1,0,0,1,32.0,40.0,voiture,voiture,1,1,1,2,6
202300019560,2023-07-02 07:45:00,2023,7,2,7,45,94,94002,Avenue du Général Leclerc,48.79999,2.41915,Plein jour,En agglomération,Hors intersection,Temps couvert,Trois véhicules et plus - collisions multiples,4,2,2,0,1,1,1,0,1,50,3,3,2,0,0,1,54.0,59.0,deux_roues,utilitaire_camion,1,2,1,8,5
202300019561,2023-04-23 11:10:00,2023,4,23,11,10,91,91136,AUTOROUTE A10,48.713659,2.276047,Plein jour,Hors agglomération,Hors intersection,Normale,Sans collision,1,1,2,0,2,2,2,2,1,70,1,1,0,0,0,1,69.0,,voiture,,1,1,1,1,7
202300019562,2023-04-23 16:15:00,2023,4,23,16,15,93,93027,BDL,48.92686,2.40338,Plein jour,Hors agglomération,Hors intersection,Temps couvert,Autre collision,1,1,3,0,2,2,2,2,1,50,1,2,0,0,0,2,27.0,,voiture,,1,1,1,8,6
202300019563,2023-07-04 16:00:00,2023,7,4,16,0,93,93073,Avenue Albert Sarraut / Rue de Berry,48.94304,2.58852,Plein jour,En agglomération,Intersection en X,Pluie légère,Deux véhicules - côté,4,2,2,0,1,1,2,0,1,50,2,2,1,0,0,1,39.0,19.0,voiture,voiture,1,2,2,2,3
202300019563,2023-07-04 16:00:00,2023,7,4,16,0,93,93073,Avenue Albert Sarraut / Rue de Berry,48.94304,2.58852,Plein jour,En agglomération,Intersection en X,Pluie légère,Deux véhicules - côté,4,2,2,0,1,1,2,0,1,50,2,2,1,0,0,1,39.0,19.0,voiture,voiture,1,2,2,2,3
202300019564,2023-04-23 11:00:00,2023,4,23,11,0,93,93027,AUTOROUTE A86,48.92855498,2.41576754,Plein jour,Hors agglomération,Hors intersection,Temps couvert,Deux véhicules - arrière,1,3,8,0,2,2,2,0,1,90,2,3,2,0,0,1,26.0,35.0,voiture,utilitaire_camion,1,1,1,8,2
202300019565,2023-07-03 22:00:00,2023,7,3,22,0,93,93078,Boulevard Robert Ballanger / Avenue Jean Paul Sartre,48.96011,2.55306,Nuit avec éclairage allumé,En agglomération,Intersection en X,Normale,Deux véhicules - côté,3,3,4,0,1,1,1,0,1,50,2,4,2,0,0,2,62.0,19.0,voiture,voiture,5,2,2,1,3
202300019565,2023-07-03 22:00:00,2023,7,3,22,0,93,93078,Boulevard Robert Ballanger / Avenue Jean Paul Sartre,48.96011,2.55306,Nuit avec éclairage allumé,En agglomération,Intersection en X,Normale,Deux véhicules - côté,3,2,2,-1,1,1,1,0,1,-1,2,4,2,0,0,2,62.0,19.0,voiture,voiture,5,2,2,1,3
202300019566,2023-04-23 11:40:00,2023,4,23,11,40,95,95582,A15,48.96346787,2.26421667,Plein jour,Hors agglomération,Hors intersection,Temps couvert,Autre collision,1,1,2,0,2,2,2,0,1,50,1,1,0,0,0,1,26.0,,voiture,,1,1,1,8,6
202300019567,2023-04-23 12:25:00,2023,4,23,12,25,93,93064,AUTOROUTE A86,48.87833813,2.47687816,Plein jour,Hors agglomération,Hors intersection,Temps couvert,Autre collision,1,3,6,0,1,1,2,0,1,90,1,1,0,0,1,0,38.0,,deux_roues,,1,1,1,8,6
202300019568,2023-07-04 18:07:00,2023,7,4,18,7,93,93070,Avenue Gabriel Péri / Rue des Rosiers,48.90841,2.33254,Plein jour,En agglomération,Intersection en X,Normale,Deux véhicules - côté,3,2,2,1,1,1,1,0,1,50,2,2,1,0,0,1,14.0,64.0,deux_roues,voiture,1,2,2,1,3
202300019568,2023-07-04 18:07:00,2023,7,4,18,7,93,93070,Avenue Gabriel Péri / Rue des Rosiers,48.90841,2.33254,Plein jour,En agglomération,Intersection en X,Normale,Deux véhicules - côté,3,2,2,-1,1,1,1,0,1,-1,2,2,1,0,0,1,14.0,64.0,deux_roues,voiture,1,2,2,1,3
202300019569,2023-06-15 13:30:00,2023,6,15,13,30,93,93066,Rue Jules Védrines,48.94699,2.36102,Plein jour,En agglomération,Hors intersection,Normale,Autre collision,4,2,2,0,1,1,1,0,1,50,1,2,1,0,0,1,57.0,,deux_roues,,1,2,1,1,6
202300019570,2023-04-22 23:17:00,2023,4,22,23,17,95,95154,A1,49.04933106,2.54743338,Nuit sans éclairage public,Hors agglomération,Hors intersection,Normale,Trois véhicules et plus - collisions multiples,1,-1,3,0,1,1,1,0,1,110,4,4,2,0,0,2,20.0,21.0,voiture,voiture,3,1,1,1,5
202300019571,2023-04-22 07:30:00,2023,4,22,7,30,93,93053,AUTOROUTE A3,48.88709775,2.47365447,Plein jour,Hors agglomération,Hors intersection,Pluie forte,Autre collision,1,3,8,0,1,1,2,0,2,90,1,1,0,0,0,1,22.0,,voiture,,1,1,1,3,6
202300019572,2023-07-04 17:45:00,2023,7,4,17,45,93,93048,Rue des Grands Pechers,48.86000221,2.46566623,Plein jour,En agglomération,Hors intersection,Normale,Autre collision,4,1,1,0,2,1,1,0,1,50,1,2,1,0,0,1,28.0,,voiture,,1,2,1,1,6
202300019573,2023-02-12 20:10:00,2023,2,12,20,10,69,69386,19 Allée Achille Lignon,45.78257,4.85015,Nuit avec éclairage allumé,En agglomération,Hors intersection,Normale,Autre collision,4,2,2,3,1,1,1,9,6,30,1,2,1,1,0,0,54.0,,transport_commun,,5,2,1,1,6
202300019574,2023-07-03 11:50:00,2023,7,3,11,50,93,93030,Avenue Louis Larivière / Rue Daniel Sueur,48.95284,2.41645,Plein jour,En agglomération,Intersection en X,Normale,Deux véhicules - côté,3,2,2,0,1,1,1,0,1,50,2,2,1,0,0,1,28.0,21.0,voiture,deux_roues,1,2,2,1,3
202300019574,2023-07-03 11:50:00,2023,7,3,11,50,93,93030,Avenue Louis Larivière / Rue Daniel Sueur,48.95284,2.41645,Plein jour,En agglomération,Intersection en X,Normale,Deux véhicules - côté,3,1,1,0,1,1,1,0,1,50,2,2,1,0,0,1,28.0,21.0,voiture,deux_roues,1,2,2,1,3
202300019575,2023-04-21 15:15:00,2023,4,21,15,15,976,97611,cavani-Rond point du Stade,-12.78367,45.22255,Plein jour,En agglomération,Hors intersection,Normale,Autre collision,4,2,2,0,1,1,1,9,1,50,1,2,1,0,0,1,22.0,,deux_roues,,1,2,1,1,6
202300019576,2023-04-21 14:15:00,2023,4,21,14,15,976,97611,vahibe-Departementale 3 ( route ),-12.80182,45.21189,Plein jour,En agglomération,Hors intersection,Normale,Autre collision,3,2,2,0,1,1,1,8,1,50,1,2,1,0,0,1,35.0,,deux_roues,,1,2,1,1,6
202300019577,2023-07-04 20:34:00,2023,7,4,20,34,93,93005,Boulevard André Citroën,48.96030445,2.48819189,Plein jour,En agglomération,Giratoire,Pluie forte,Deux véhicules - frontale,3,2,#VALEURMULTI,0,1,1,2,0,1,50,2,3,1,0,0,2,42.0,40.0,transport_commun,voiture,1,2,6,3,1
202300019578,2023-04-22 02:15:00,2023,4,22,2,15,974,97416,RN02,-21.3493,55.50301,Nuit sans éclairage public,Hors agglomération,Autre intersection,Normale,Deux véhicules - côté,2,2,2,0,1,3,1,0,1,80,2,2,1,1,0,0,33.0,22.0,deux_roues,voiture,3,1,9,1,3
202300019579,2023-07-04 07:35:00,2023,7,4,7,35,92,92073,CHENES (RUE DES),48.880986,2.227081,Plein jour,En agglomération,Intersection en T,Normale,Sans collision,3,2,2,0,1,1,1,0,1,50,1,1,0,0,1,0,49.0,,deux_roues,,1,2,3,1,7
202300019579,2023-07-04 07:35:00,2023,7,4,7,35,92,92073,CHENES (RUE DES),48.880986,2.227081,Plein jour,En agglomération,Intersection en T,Normale,Sans collision,3,2,2,0,2,1,1,0,1,50,1,1,0,0,1,0,49.0,,deux_roues,,1,2,3,1,7
202300019580,2023-04-21 14:50:00,2023,4,21,14,50,69,69383,Cours Gambetta,45.75425,4.84612,Plein jour,En agglomération,Hors intersection,Normale,Autre collision,4,1,2,3,1,1,1,0,1,50,2,2,1,0,0,1,,74.0,deux_roues,deux_roues,1,2,1,1,6
202300019581,2023-07-04 16:15:00,2023,7,4,16,15,92,92064,PORTE JAUNE,48.85007076,2.20305499,Plein jour,En agglomération,Hors intersection,Normale,Deux véhicules - côté,3,3,2,0,2,1,1,0,1,50,2,2,1,0,0,1,32.0,47.0,deux_roues,voiture,1,2,1,1,3
202300019582,2023-07-03 17:20:00,2023,7,3,17,20,92,92049,BROSSOLETTE AVENUE PIERRE,48.81495877,2.30411544,Plein jour,En agglomération,Hors intersection,Normale,Deux véhicules - côté,3,2,4,1,1,1,1,0,1,50,2,2,1,0,1,0,25.0,24.0,voiture,deux_roues,1,2,1,1,3
202300019583,2023-04-21 02:00:00,2023,4,21,2,0,69,69386,Rue de Sèze,45.76853,4.85054,Nuit avec éclairage allumé,En agglomération,Intersection en X,Normale,Deux véhicules - côté,4,1,1,2,1,1,1,0,1,50,2,2,1,0,1,0,22.0,63.0,deux_roues,voiture,5,2,2,1,3
202300019583,2023-04-21 02:00:00,2023,4,21,2,0,69,69386,Rue de Sèze,45.76853,4.85054,Nuit avec éclairage allumé,En agglomération,Intersection en X,Normale,Deux véhicules - côté,4,1,2,3,1,1,1,0,1,50,2,2,1,0,1,0,22.0,63.0,deux_roues,voiture,5,2,2,1,3
202300019584,2023-04-20 23:30:00,2023,4,20,23,30,2A,2A004,VITTULO ROUTE DU,41.92915,8.72713,Nuit avec éclairage allumé,En agglomération,Hors intersection,Normale,Autre collision,3,2,2,0,1,2,1,0,1,50,1,1,0,0,1,0,18.0,,autre,,5,2,1,1,6
202300019585,2023-07-04 18:45:00,2023,7,4,18,45,92,92048,PEPINIERE (RUE DE LA),48.78536731,2.22440913,Plein jour,En agglomération,Hors intersection,Pluie légère,Deux véhicules - arrière,3,1,1,0,1,1,2,0,1,30,2,3,1,0,0,2,30.0,30.0,transport_commun,transport_commun,1,2,1,2,2
202300019586,2023-07-04 15:40:00,2023,7,4,15,40,92,92040,AUGUSTE GERVAIS,48.8236516,2.27302802,Plein jour,En agglomération,Hors intersection,Pluie légère,Deux véhicules - côté,3,-1,0,0,2,1,2,0,1,30,2,2,1,0,0,1,44.0,,deux_roues,transport_commun,1,2,1,2,3
202300019587,2023-04-21 14:30:00,2023,4,21,14,30,91,91589,RUE DU MAIL,48.675432,2.353579,Plein jour,En agglomération,Hors intersection,Normale,Autre collision,3,-1,2,0,1,1,1,9,1,30,1,2,1,0,0,1,,,utilitaire_camion,,1,2,1,1,6
202300019588,2023-07-01 20:15:00,2023,7,1,20,15,92,92004,MENIL,48.9203562,2.28424028,Plein jour,En agglomération,Intersection en X,Normale,Deux véhicules - côté,4,-1,1,0,1,1,1,0,1,50,2,2,1,0,0,1,37.0,17.0,voiture,deux_roues,1,2,2,1,3
202300019589,2023-04-20 13:43:00,2023,4,20,13,43,86,86066,D910,46.837471,0.547584,Plein jour,En agglomération,Hors intersection,Normale,Sans collision,3,1,1,0,4,3,1,9,3,50,1,1,0,0,1,0,49.0,,deux_roues,,1,2,1,1,7
202300019590,2023-07-05 12:30:00,2023,7,5,12,30,974,97415,33 Chemin Louis des Jardins,-20.978115,55.330158,Plein jour,En agglomération,Hors intersection,Normale,Deux véhicules - côté,3,2,2,0,2,1,1,0,1,50,2,2,1,0,1,0,44.0,26.0,deux_roues,utilitaire_camion,1,2,1,1,3
202300019591,2023-04-20 09:15:00,2023,4,20,9,15,83,83129,DE GAULLE (PROMENADE CHARLES),43.11531537,5.80883092,Plein jour,En agglomération,Hors intersection,Normale,Autre collision,3,1,2,0,1,1,1,0,1,50,1,2,1,1,0,0,25.0,,utilitaire_camion,,1,2,1,1,6
202300019592,2023-07-04 19:00:00,2023,7,4,19,0,49,49244,La Chenillère (Le Marillais),47.35604,-1.046013,Plein jour,Hors agglomération,Hors intersection,Normale,Deux véhicules - frontale,3,2,2,0,1,2,2,0,1,80,2,2,0,0,2,0,27.0,49.0,voiture,voiture,1,1,1,1,1
202300019593,2023-04-22 00:40:00,2023,4,22,0,40,79,79259,,46.966869,-0.20541,Nuit avec éclairage allumé,En agglomération,Hors intersection,Normale,Sans collision,4,2,2,0,1,1,1,0,1,50,1,2,1,0,1,0,,,voiture,,5,2,1,1,7
202300019594,2023-07-02 07:02:00,2023,7,2,7,2,24,24462,départementale 6089,45.032713,0.317316,Crépuscule ou aube,Hors agglomération,Hors intersection,Normale,Deux véhicules - frontale,3,2,2,0,2,2,1,0,1,80,2,2,0,0,1,1,21.0,44.0,voiture,voiture,2,1,1,1,1
202300019595,2023-04-20 19:05:00,2023,4,20,19,5,79,79329,,46.992546,-0.21692,Plein jour,En agglomération,Intersection en X,Normale,Deux véhicules - arrière,3,2,2,0,1,1,1,5,1,50,2,3,0,0,0,3,17.0,14.0,deux_roues,deux_roues,1,2,2,1,2
202300019595,2023-04-20 19:05:00,2023,4,20,19,5,79,79329,,46.992546,-0.21692,Plein jour,En agglomération,Intersection en X,Normale,Deux véhicules - arrière,3,2,4,0,1,1,1,5,1,50,2,3,0,0,0,3,17.0,14.0,deux_roues,deux_roues,1,2,2,1,2
202300019596,2023-04-21 14:20:00,2023,4,21,14,20,78,78498,DEVAUX BD,48.9311,2.04591,Plein jour,En agglomération,Intersection en X,Normale,Deux véhicules - frontale,3,2,3,0,1,1,1,0,8,50,2,4,0,0,0,4,26.0,24.0,voiture,voiture,1,2,2,1,1
202300019596,2023-04-21 14:20:00,2023,4,21,14,20,78,78498,DEVAUX BD,48.9311,2.04591,Plein jour,En agglomération,Intersection en X,Normale,Deux véhicules - frontale,3,2, -1,-1,1,1,1,5,1,-1,2,4,0,0,0,4,26.0,24.0,voiture,voiture,1,2,2,1,1
202300019597,2023-07-05 01:15:00,2023,7,5,1,15,52,52206,D153a,48.523014,4.807699,Nuit sans éclairage public,Hors agglomération,Hors intersection,Normale,Autre collision,3,2,2,0,1,1,1,0,3,80,1,2,1,0,1,0,19.0,,voiture,,3,1,1,1,6
202300019598,2023-04-21 05:40:00,2023,4,21,5,40,78,78672,DE VOISINS AVENUE DU PRESIDENT GILBERT,48.92823,2.00572,Nuit avec éclairage allumé,En agglomération,Hors intersection,Normale,Deux véhicules - arrière,3,2,2,0,4,1,1,0,1,50,2,2,1,0,0,1,44.0,,deux_roues,autre,5,2,1,1,2
202300019599,2023-04-03 16:15:00,2023,4,3,16,15,76,76540,Quai de Paris,49.43637328,1.09939992,Plein jour,En agglomération,Hors intersection,Normale,Deux véhicules - côté,7,1,1,0,1,1,1,0,1,50,2,2,1,0,0,1,20.0,59.0,voiture,deux_roues,1,2,1,1,3
202300019600,2023-07-04 20:00:00,2023,7,4,20,0,16,16204,route du colombier,45.571917,-0.09377,Plein jour,Hors agglomération,Intersection en T,Normale,Deux véhicules - côté,3,2,2,0,1,1,1,0,1,80,2,5,3,1,1,0,55.0,16.0,voiture,deux_roues,1,1,3,1,3
202300019600,2023-07-04 20:00:00,2023,7,4,20,0,16,16204,route du colombier,45.571917,-0.09377,Plein jour,Hors agglomération,Intersection en T,Normale,Deux véhicules - côté,3,2,2,0,1,1,1,0,1,80,2,5,3,1,1,0,55.0,16.0,voiture,deux_roues,1,1,3,1,3
202300019601,2023-04-21 07:55:00,2023,4,21,7,55,76,76681,Rue Victor Hugo,49.41201,1.09638,Plein jour,En agglomération,Intersection en X,Normale,Deux véhicules - côté,4,2,2,0,1,1,1,0,1,50,2,2,1,0,0,1,27.0,58.0,deux_roues,voiture,1,2,2,1,3
202300019601,2023-04-21 07:55:00,2023,4,21,7,55,76,76681,Rue Victor Hugo,49.41201,1.09638,Plein jour,En agglomération,Intersection en X,Normale,Deux véhicules - côté,4,2,2,0,1,1,1,0,1,50,2,2,1,0,0,1,27.0,58.0,deux_roues,voiture,1,2,2,1,3
202300019602,2023-07-05 18:05:00,2023,7,5,18,5,21,21665,A31,47.677109,5.176824,Plein jour,Hors agglomération,Hors intersection,Normale,Deux véhicules - arrière,1,1,3,0,1,1,1,0,1,130,2,3,2,0,1,0,38.0,54.0,utilitaire_camion,utilitaire_camion,1,1,1,1,2
202300019603,2023-04-21 08:55:00,2023,4,21,8,55,76,76341,RD 6015,49.5032,0.19422,Plein jour,Hors agglomération,Intersection en Y,Normale,Autre collision,3,1,4,0,1,3,1,0,1,70,1,1,0,0,0,1,22.0,,voiture,,1,1,4,1,6
202300019603,2023-04-21 08:55:00,2023,4,21,8,55,76,76341,RD 6015,49.5032,0.19422,Plein jour,Hors agglomération,Intersection en Y,Normale,Autre collision,3,1,2,0,1,3,1,0,1,70,1,1,0,0,0,1,22.0,,voiture,,1,1,4,1,6
202300019604,2023-06-16 20:00:00,2023,6,16,20,0,69,69285,Rue des Canuts,45.764282,5.063737,Plein jour,En agglomération,Intersection en T,Temps éblouissant,Deux véhicules - côté,4,2,2,0,1,1,1,0,1,30,2,3,2,0,1,0,20.0,13.0,voiture,deux_roues,1,2,3,7,3
202300019604,2023-06-16 20:00:00,2023,6,16,20,0,69,69285,Rue des Canuts,45.764282,5.063737,Plein jour,En agglomération,Intersection en T,Temps éblouissant,Deux véhicules - côté,4,2,2,0,1,1,1,0,1,50,2,3,2,0,1,0,20.0,13.0,voiture,deux_roues,1,2,3,7,3