accident_id,datetime,annee,mois,jour,heure,minute,departement,commune_insee,adresse,latitude,longitude,luminosite,agglomeration,intersection,meteo,collision,catr,circ,nbv,vosp,prof,plan,surf,infra,situ,vma,nb_vehicules,nb_usagers,nb_indemnes,nb_tues,nb_blesses_hosp,nb_blesses_legers,age_cond_1,age_cond_2,veh_type_cond_1,veh_type_cond_2,lum_code,agg_code,int_code,atm_code,col_code
202300019760,2023-07-03 20:45:00,2023,7,3,20,45,84,84087,VIOLETTE (RUE DE LA),44.15164,4.80564,Crépuscule ou aube,En agglomération,Hors intersection,Temps éblouissant,Autre collision,4,2,2,0,1,1,1,0,1,50,1,2,1,0,1,0,17.0,,voiture,,2,2,1,7,6
202300019761,2023-04-23 13:10:00,2023,4,23,13,10,66,66146,,42.506234,1.833569,Plein jour,Hors agglomération,Hors intersection,Normale,Deux véhicules - frontale,2,2,2,0,1,1,1,0,1,80,2,3,2,1,0,0,22.0,29.0,deux_roues,voiture,1,1,1,1,1
202300019762,2023-04-22 22:40:00,2023,4,22,22,40,06,06079,705 Avenue Janvier Passero,43.552672,6.937572,Nuit sans éclairage public,En agglomération,Hors intersection,Normale,Autre collision,4,2,2,0,1,1,1,0,1,50,1,2,1,0,1,0,17.0,,deux_roues,,3,2,1,1,6
202300019763,2023-04-22 19:10:00,2023,4,22,19,10,14,14231,9 Route de Beuvron,49.203902,-0.018314,Plein jour,Hors agglomération,Hors intersection,Normale,Sans collision,3,2,2,0,1,1,1,0,8,80,1,2,1,0,0,1,48.0,,deux_roues,,1,1,1,1,7
202300019764,2023-07-03 22:40:00,2023,7,3,22,40,13,13005,BOURGADE (TRAVERSE DE LA),43.28452,5.52355,Nuit avec éclairage allumé,En agglomération,Intersection en T,Normale,Deux véhicules - côté,4,2,3,0,1,1,1,0,1,30,2,2,1,0,0,1,,32.0,voiture,voiture,5,2,3,1,3
202300019764,2023-07-03 22:40:00,2023,7,3,22,40,13,13005,BOURGADE (TRAVERSE DE LA),43.28452,5.52355,Nuit avec éclairage allumé,En agglomération,Intersection en T,Normale,Deux véhicules - côté,4,2,3,0,1,1,1,0,1,30,2,2,1,0,0,1,,32.0,voiture,voiture,5,2,3,1,3
202300019765,2023-04-23 15:50:00,2023,4,23,15,50,83,83020,D252,43.78516846,6.51895561,Plein jour,Hors agglomération,Hors intersection,Normale,Autre collision,3,2,2,0,1,2,1,0,3,80,1,2,0,0,0,2,25.0,,voiture,,1,1,1,1,6
202300019766,2023-07-03 08:00:00,2023,7,3,8,0,75,75119,AVENUE DE LA PORTE D AUBERVILLIERS,48.900402,2.371506,Plein jour,En agglomération,Intersection en Y,Normale,Deux véhicules - côté,4,1,0,0,1,3,1,0,1,30,2,2,1,0,0,1,29.0,42.0,deux_roues,utilitaire_camion,1,2,4,1,3
202300019766,2023-07-03 08:00:00,2023,7,3,8,0,75,75119,AVENUE DE LA PORTE D AUBERVILLIERS,48.900402,2.371506,Plein jour,En agglomération,Intersection en Y,Normale,Deux véhicules - côté,4,-1, -1,0,1,1,1,0,1,30,2,2,1,0,0,1,29.0,42.0,deux_roues,utilitaire_camion,1,2,4,1,3
202300019767,2023-04-22 23:40:00,2023,4,22,23,40,60,60518,D151,49.57552,2.179348,Nuit sans éclairage public,Hors agglomération,Hors intersection,Normale,Autre collision,3,2,2,0,1,1,1,0,3,80,1,2,0,0,2,0,30.0,,voiture,,3,1,1,1,6
202300019768,2023-04-23 12:20:00,2023,4,23,12,20,10,10439,D 38,48.103383,4.506079,Plein jour,Hors agglomération,Hors intersection,Pluie légère,Sans collision,3,2,2,0,3,2,2,0,3,80,1,1,0,0,1,0,53.0,,deux_roues,,1,1,1,2,7
202300019769,2023-04-23 14:50:00,2023,4,23,14,50,49,49138,A85,47.484149,-0.221615,Plein jour,Hors agglomération,Hors intersection,Vent fort / tempête,Autre collision,1,3,2,0,1,1,2,0,3,130,1,1,0,0,1,0,21.0,,voiture,,1,1,1,6,6
202300019770,2023-07-03 16:20:00,2023,7,3,16,20,988,98818,RUE CLAUDE BERNARD,-22.22917,166.44511,Plein jour,En agglomération,Hors intersection,Normale,Deux véhicules - côté,4,2,2,0,1,1,1,0,1,50,2,2,1,0,1,0,40.0,60.0,deux_roues,utilitaire_camion,1,2,1,1,3
202300019771,2023-04-22 18:10:00,2023,4,22,18,10,03,03220,A71 PK 341+500,46.165677,3.129923,Plein jour,Hors agglomération,Hors intersection,Pluie forte,Autre collision,1,1,2,3,1,3,2,0,2,130,1,1,0,0,1,0,73.0,,voiture,,1,1,1,3,6
202300019772,2023-04-23 13:50:00,2023,4,23,13,50,42,42173,A89,45.838876,4.09348,Plein jour,Hors agglomération,Hors intersection,Pluie légère,Autre collision,1,3,2,0,1,1,2,0,2,130,1,1,0,0,1,0,40.0,,voiture,,1,1,1,2,6
202300019773,2023-07-03 14:45:00,2023,7,3,14,45,974,97416,BADAMIER(CHEMIN),-21.31356,55.45673,Plein jour,En agglomération,Intersection en T,Normale,Deux véhicules - frontale,4,2,2,0,1,1,1,0,1,50,2,2,1,0,0,1,53.0,33.0,utilitaire_camion,deux_roues,1,2,3,1,1
202300019773,2023-07-03 14:45:00,2023,7,3,14,45,974,97416,BADAMIER(CHEMIN),-21.31356,55.45673,Plein jour,En agglomération,Intersection en T,Normale,Deux véhicules - frontale,4,2,2,0,3,1,1,0,1,50,2,2,1,0,0,1,53.0,33.0,utilitaire_camion,deux_roues,1,2,3,1,1
202300019774,2023-04-22 20:00:00,2023,4,22,20,0,973,97311,Allee Simarouba,5.48146406,-54.0147965,Nuit avec éclairage allumé,En agglomération,Hors intersection,Pluie légère,Autre collision,4,2,2,0,1,1,2,0,1,30,1,2,1,1,0,0,28.0,,utilitaire_camion,,5,2,1,2,6
202300019775,2023-06-30 08:45:00,2023,6,30,8,45,974,97411,LITTORAL (ROUTE 1 DU),-20.87926,55.40096,Plein jour,En agglomération,Hors intersection,Normale,Trois véhicules et plus - en chaîne,2,1,2,0,1,1,1,0,1,90,3,3,1,0,0,2,27.0,43.0,voiture,utilitaire_camion,1,2,1,1,4
202300019776,2023-04-23 07:20:00,2023,4,23,7,20,973,97305,Route Nationale 1 - Point Kilométrique 22,4.98019,-52.444074,Plein jour,Hors agglomération,Intersection en T,Normale,Deux véhicules - côté,2,2,2,0,1,1,1,0,1,80,2,2,1,0,1,0,30.0,49.0,deux_roues,deux_roues,1,1,3,1,3
202300019776,2023-04-23 07:20:00,2023,4,23,7,20,973,97305,Route Nationale 1 - Point Kilométrique 22,4.98019,-52.444074,Plein jour,Hors agglomération,Intersection en T,Normale,Deux véhicules - côté,2,1, -1,-1,1,1,1,0,1,-1,2,2,1,0,1,0,30.0,49.0,deux_roues,deux_roues,1,1,3,1,3
202300019777,2023-04-23 17:00:00,2023,4,23,17,0,45,45096,D42 PR 22 + 14,47.818198,2.668948,Plein jour,Hors agglomération,Hors intersection,Normale,Sans collision,3,2,2,0,1,1,1,0,8,90,1,1,0,1,0,0,54.0,,voiture,,1,1,1,1,7
202300019778,2023-07-03 08:45:00,2023,7,3,8,45,973,97302,MONTABO (ROUTE DE) 2,4.9417,-52.30427,Plein jour,En agglomération,Intersection en Y,Normale,Autre collision,3,2,2,0,3,1,1,0,1,50,1,1,0,0,0,1,69.0,,voiture,,1,2,4,1,6
202300019778,2023-07-03 08:45:00,2023,7,3,8,45,973,97302,MONTABO (ROUTE DE) 2,4.9417,-52.30427,Plein jour,En agglomération,Intersection en Y,Normale,Autre collision,3,2,2,0,1,1,1,0,1,50,1,1,0,0,0,1,69.0,,voiture,,1,2,4,1,6
202300019779,2023-04-23 15:00:00,2023,4,23,15,0,91,91634,Rue Héroard,48.60273,2.121096,Plein jour,En agglomération,Hors intersection,Pluie légère,Sans collision,3,2,2,0,1,2,2,0,1,50,1,1,0,1,0,0,89.0,,voiture,,1,2,1,2,7
202300019780,2023-04-23 12:00:00,2023,4,23,12,0,2A,2A041,Route territoraile 40,41.422392,9.121571,Plein jour,Hors agglomération,Hors intersection,Normale,Autre collision,2,-1,2,0,4,2,1,0,3,80,1,1,0,0,1,0,50.0,,deux_roues,,1,1,1,1,6
202300019781,2023-07-03 18:00:00,2023,7,3,18,0,69,69387,Grande Rue de la Guillotière,45.75105,4.84819,Plein jour,En agglomération,Intersection en X,Normale,Deux véhicules - côté,4,1,1,2,1,1,1,0,1,50,2,2,1,0,0,1,20.0,27.0,deux_roues,deux_roues,1,2,2,1,3
202300019781,2023-07-03 18:00:00,2023,7,3,18,0,69,69387,Grande Rue de la Guillotière,45.75105,4.84819,Plein jour,En agglomération,Intersection en X,Normale,Deux véhicules - côté,4,1,2,2,1,1,1,0,1,50,2,2,1,0,0,1,20.0,27.0,deux_roues,deux_roues,1,2,2,1,3
202300019782,2023-04-22 18:12:00,2023,4,22,18,12,30,30211,D3,43.84391624,4.49495316,Plein jour,Hors agglomération,Hors intersection,Normale,Deux véhicules - frontale,3,2,2,0,1,3,1,0,1,80,2,4,2,0,1,1,16.0,37.0,deux_roues,voiture,1,1,1,1,1
202300019783,2023-07-03 12:30:00,2023,7,3,12,30,69,69383,Cours Albert Thomas,45.7467322,4.86782329,Plein jour,En agglomération,Autre intersection,Normale,Deux véhicules - côté,4,2,2,3,1,1,1,9,4,50,2,2,1,0,0,1,79.0,31.0,utilitaire_camion,deux_roues,1,2,9,1,3
202300019783,2023-07-03 12:30:00,2023,7,3,12,30,69,69383,Cours Albert Thomas,45.7467322,4.86782329,Plein jour,En agglomération,Autre intersection,Normale,Deux véhicules - côté,4,2,2,0,1,1,1,0,4,30,2,2,1,0,0,1,79.0,31.0,utilitaire_camion,deux_roues,1,2,9,1,3
202300019784,2023-04-22 02:10:00,2023,4,22,2,10,30,30211,Route de Beaucaire,43.82623,4.501707,Nuit sans éclairage public,En agglomération,Hors intersection,Normale,Deux véhicules - frontale,3,2,2,0,1,1,1,0,1,50,2,2,1,0,1,0,47.0,21.0,voiture,voiture,3,2,1,1,1
202300019785,2023-08-04 18:51:00,2023,8,4,18,51,56,56121,PERRIERE ( AV DE LA ),47.7317865,-3.3634758,Plein jour,En agglomération,Hors intersection,Normale,Sans collision,4,2,2,2,1,1,1,0,5,50,2,3,1,0,0,2,63.0,33.0,voiture,deux_roues,1,2,1,1,7
202300019786,2023-07-03 05:00:00,2023,7,3,5,0,972,97213,,14.61659767,-61.01592869,Crépuscule ou aube,Hors agglomération,Hors intersection,Pluie légère,Deux véhicules - arrière,1,2,6,0,1,1,2,0,1,90,2,2,1,0,0,1,,31.0,voiture,deux_roues,2,1,1,2,2
202300019787,2023-07-02 04:18:00,2023,7,2,4,18,972,97209,BALATA (ROUTE DE),14.63447,-61.07291,Nuit avec éclairage non allumé,Hors agglomération,Hors intersection,Normale,Autre collision,2,2,2,0,3,3,1,0,1,50,1,1,0,0,0,1,36.0,,voiture,,4,1,1,1,6
202300019788,2023-08-08 19:15:00,2023,8,8,19,15,54,54025,Rue du Faubourg Saint-Phlin,48.6496,6.27356,Plein jour,Hors agglomération,Hors intersection,Normale,Deux véhicules - frontale,7,2,2,0,1,1,1,0,1,80,2,2,1,0,0,1,51.0,31.0,voiture,voiture,1,1,1,1,1
202300019789,2023-07-02 03:40:00,2023,7,2,3,40,2B,2B037,TOUTES RUES,42.628936,9.437632,Nuit avec éclairage allumé,Hors agglomération,Giratoire,Normale,Autre collision,2,2,2,0,1,2,1,9,8,50,1,1,0,0,0,1,49.0,,voiture,,5,1,6,1,6
202300019789,2023-07-02 03:40:00,2023,7,2,3,40,2B,2B037,TOUTES RUES,42.628936,9.437632,Nuit avec éclairage allumé,Hors agglomération,Giratoire,Normale,Autre collision,2,3,2,0,1,2,1,9,1,50,1,1,0,0,0,1,49.0,,voiture,,5,1,6,1,6
202300019790,2023-08-08 18:20:00,2023,8,8,18,20,50,50218,PONT JACQUES (VOIE DU),48.83689,-1.59896,Plein jour,En agglomération,Hors intersection,Normale,Deux véhicules - arrière,4,2,1,0,1,1,1,0,1,30,1,2,1,0,1,0,47.0,,voiture,,1,2,1,1,2
202300019791,2023-07-02 18:50:00,2023,7,2,18,50,971,97101,BEAUSOLEIL,16.27861943,-61.47627354,Nuit avec éclairage allumé,Hors agglomération,Hors intersection,Normale,Autre collision,3,-1,2,0,2,3,1,9,3,50,1,2,1,0,0,1,,,voiture,,5,1,1,1,6
202300019792,2023-08-07 20:45:00,2023,8,7,20,45,49,49007,Boulevard Henri Dunant,47.48322,-0.52366,Plein jour,En agglomération,Intersection en X,Normale,Deux véhicules - côté,4,2,4,0,1,1,1,0,1,50,2,4,2,0,0,2,,28.0,voiture,voiture,1,2,2,1,3
202300019792,2023-08-07 20:45:00,2023,8,7,20,45,49,49007,Boulevard Henri Dunant,47.48322,-0.52366,Plein jour,En agglomération,Intersection en X,Normale,Deux véhicules - côté,4,2,2,0,1,1,1,0,1,30,2,4,2,0,0,2,,28.0,voiture,voiture,1,2,2,1,3
202300019793,2023-07-03 13:15:00,2023,7,3,13,15,91,91216,CD 257,48.66866,2.33816,Plein jour,En agglomération,Hors intersection,Normale,Deux véhicules - côté,3,3,0,0,1,1,1,0,1,50,2,2,1,0,1,0,48.0,59.0,voiture,deux_roues,1,2,1,1,3
202300019794,2023-08-07 12:45:00,2023,8,7,12,45,49,49007,A87N,47.45209,-0.51483,Plein jour,En agglomération,Hors intersection,Normale,Deux véhicules - côté,1,3,2,0,1,1,1,0,1,130,2,3,2,0,0,1,59.0,43.0,voiture,voiture,1,2,1,1,3
202300019795,2023-08-07 09:25:00,2023,8,7,9,25,49,49007,QUAI LIGNY,47.47013,-0.56226,Plein jour,En agglomération,Intersection en X,Normale,Deux véhicules - côté,4,3,6,2,1,1,1,0,1,50,2,2,1,0,1,0,42.0,38.0,deux_roues,voiture,1,2,2,1,3
202300019795,2023-08-07 09:25:00,2023,8,7,9,25,49,49007,QUAI LIGNY,47.47013,-0.56226,Plein jour,En agglomération,Intersection en X,Normale,Deux véhicules - côté,4,1,2,0,1,1,1,0,1,50,2,2,1,0,1,0,42.0,38.0,deux_roues,voiture,1,2,2,1,3
202300019796,2023-07-02 22:10:00,2023,7,2,22,10,87,87085,BLANC LOUIS (BOULEVARD),45.82768,1.26079,Nuit avec éclairage allumé,En agglomération,Hors intersection,Normale,Deux véhicules - côté,4,2,3,0,1,1,1,0,1,30,2,4,1,0,0,3,27.0,23.0,voiture,voiture,5,2,1,1,3
202300019797,2023-07-01 12:00:00,2023,7,1,12,0,87,87085,BUXEROLLES (ROUTE DE),45.86864089,1.26055509,Plein jour,En agglomération,Hors intersection,Pluie légère,Sans collision,4,2,2,0,2,4,2,0,1,50,1,2,0,0,0,2,29.0,,voiture,,1,2,1,2,7
202300019798,2023-08-08 18:00:00,2023,8,8,18,0,43,43157,Avenue Marechal Foch,45.03728,3.88795,Plein jour,En agglomération,Intersection en X,Normale,Deux véhicules - côté,4,2,3,0,2,1,1,0,1,50,2,2,1,0,0,1,56.0,49.0,deux_roues,voiture,1,2,2,1,3
202300019798,2023-08-08 18:00:00,2023,8,8,18,0,43,43157,Avenue Marechal Foch,45.03728,3.88795,Plein jour,En agglomération,Intersection en X,Normale,Deux véhicules - côté,4,2,2,0,2,3,1,0,8,50,2,2,1,0,0,1,56.0,49.0,deux_roues,voiture,1,2,2,1,3
202300019799,2023-08-03 17:40:00,2023,8,3,17,40,42,42186,Avenue Charles de Gaulle,45.52494669,4.60336134,Plein jour,En agglomération,Hors intersection,Normale,Autre collision,4,2,2,0,1,1,1,9,4,50,1,1,0,0,1,0,17.0,,deux_roues,,1,2,1,1,6
202300019800,2023-07-03 18:10:00,2023,7,3,18,10,85,85191,PALISSY ROND-POINT BERNARD,46.689724,-1.429738,Plein jour,En agglomération,Giratoire,Normale,Deux véhicules - arrière,4,1,2,0,1,1,1,0,1,50,2,2,1,0,0,1,43.0,59.0,deux_roues,voiture,1,2,6,1,2
202300019801,2023-07-03 20:50:00,2023,7,3,20,50,83,83137,DEMOCRATIE (BD DE LA),43.12587,5.93851,Crépuscule ou aube,En agglomération,Hors intersection,Normale,Deux véhicules - côté,4,2,5,0,1,3,1,8,1,50,2,2,1,0,1,0,24.0,20.0,voiture,deux_roues,2,2,1,1,3
202300019802,2023-08-07 16:15:00,2023,8,7,16,15,41,41018,PORTE COTE (RUE),47.58693,1.3313,Plein jour,En agglomération,Hors intersection,Normale,Autre collision,4,2,2,0,1,1,1,6,1,30,1,2,1,0,0,1,24.0,,deux_roues,,1,2,1,1,6
202300019803,2023-08-08 16:15:00,2023,8,8,16,15,35,35238,DUNANT (HENRY),48.1309,-1.65936,Plein jour,En agglomération,Hors intersection,Normale,Deux véhicules - côté,6,-1, -1,0,2,1,1,9,8,-1,2,2,1,0,0,1,12.0,81.0,deux_roues,voiture,1,2,1,1,3
202300019804,2023-07-03 20:40:00,2023,7,3,20,40,76,76575,RONDEAUX. RUE JEAN,49.38575,1.0995,Crépuscule ou aube,En agglomération,Intersection en X,Normale,Deux véhicules - côté,7,2,2,0,1,1,1,-1,1,50,2,3,1,0,0,2,24.0,19.0,voiture,voiture,2,2,2,1,3
202300019804,2023-07-03 20:40:00,2023,7,3,20,40,76,76575,RONDEAUX. RUE JEAN,49.38575,1.0995,Crépuscule ou aube,En agglomération,Intersection en X,Normale,Deux véhicules - côté,7,2,2,0,1,1,1,0,1,50,2,3,1,0,0,2,24.0,19.0,voiture,voiture,2,2,2,1,3
202300019805,2023-08-08 13:45:00,2023,8,8,13,45,35,35238,VERN (DE),48.08731,-1.64443,Plein jour,En agglomération,Giratoire,Normale,Deux véhicules - côté,4,3,4,0,1,3,1,0,1,30,2,2,1,0,0,1,27.0,42.0,deux_roues,voiture,1,2,6,1,3
202300019806,2023-07-03 19:25:00,2023,7,3,19,25,76,76157,Rue Camille Pissarro,49.45209955,1.03418416,Plein jour,En agglomération,Intersection en T,Normale,Autre collision,7,2,2,0,1,1,1,0,1,30,1,2,1,0,0,1,,,autre,,1,2,3,1,6
202300019806,2023-07-03 19:25:00,2023,7,3,19,25,76,76157,Rue Camille Pissarro,49.45209955,1.03418416,Plein jour,En agglomération,Intersection en T,Normale,Autre collision,7,2,2,0,1,1,1,0,1,30,1,2,1,0,0,1,,,autre,,1,2,3,1,6
202300019807,2023-07-02 19:17:00,2023,7,2,19,17,76,76305,D 6382,49.49886688,0.20249605,Plein jour,Hors agglomération,Hors intersection,Normale,Sans collision,3,1,0,0,1,3,9,2,1,50,1,1,0,0,1,0,25.0,,deux_roues,,1,1,1,1,7
202300019808,2023-08-07 17:30:00,2023,8,7,17,30,35,35238,SAINT-CAST (QUAI),48.11024,-1.68552,Plein jour,En agglomération,Intersection en T,Normale,Deux véhicules - côté,4,2,4,2,1,1,1,0,1,50,2,2,1,0,0,1,53.0,22.0,voiture,deux_roues,1,2,3,1,3
202300019808,2023-08-07 17:30:00,2023,8,7,17,30,35,35238,SAINT-CAST (QUAI),48.11024,-1.68552,Plein jour,En agglomération,Intersection en T,Normale,Deux véhicules - côté,4,1,1,2,1,3,1,0,1,30,2,2,1,0,0,1,53.0,22.0,voiture,deux_roues,1,2,3,1,3
202300019809,2023-07-01 12:50:00,2023,7,1,12,50,76,76259,MANDELA ( BOULEVARD NELSON),49.74609,0.3913252,Plein jour,En agglomération,Hors intersection,Temps éblouissant,Deux véhicules - frontale,3,2,2,0,2,1,1,0,1,50,2,4,0,0,0,4,49.0,38.0,voiture,utilitaire_camion,1,2,1,7,1
202300019810,2023-08-08 17:30:00,2023,8,8,17,30,33,33529,TOURTERELLES (ALL. DES),44.62365488,-1.20161757,Plein jour,En agglomération,Hors intersection,Normale,Deux véhicules - frontale,4,2,0,0,1,1,1,0,1,30,2,2,1,0,0,1,45.0,67.0,voiture,deux_roues,1,2,1,1,1
202300019811,2023-07-02 18:35:00,2023,7,2,18,35,72,72181,RUAUDIN (RUE) N° IMP 191 ET >,47.96989,0.23329,Plein jour,Hors agglomération,Autre intersection,Normale,Deux véhicules - côté,3,2,2,0,1,1,1,0,1,70,2,2,1,0,0,1,54.0,61.0,deux_roues,voiture,1,1,9,1,3
202300019812,2023-08-08 07:30:00,2023,8,8,7,30,31,31555,CHE DES ETROITS,43.565992,1.439862,Crépuscule ou aube,En agglomération,Hors intersection,Normale,Autre collision,4,2,3,0,1,1,1,0,1,50,3,3,2,0,1,0,23.0,60.0,voiture,voiture,2,2,1,1,6
202300019813,2023-06-27 08:50:00,2023,6,27,8,50,68,68297,MULHOUSE ( RUE DE)JUSQUE CIMETIERE DU 1,47.58901,7.56082,Plein jour,En agglomération,Hors intersection,Normale,Deux véhicules - côté,4,2,2,0,1,1,1,0,1,50,2,2,1,0,0,1,31.0,67.0,deux_roues,voiture,1,2,1,1,3
202300019814,2023-08-07 17:15:00,2023,8,7,17,15,31,31555,AV DE LARDENNE,43.593002,1.404522,Plein jour,En agglomération,Hors intersection,Normale,Autre collision,7,2,1,0,2,1,1,6,1,50,1,2,1,0,1,0,44.0,,voiture,,1,2,1,1,6
202300019815,2023-08-08 22:04:00,2023,8,8,22,4,28,28085,SAINT BARTHELEMY (RUE),48.44545,1.49738,Nuit avec éclairage allumé,En agglomération,Hors intersection,Normale,Sans collision,4,1,1,0,4,1,1,0,1,30,1,1,0,0,1,0,25.0,,deux_roues,,5,2,1,1,7
202300019816,2023-07-03 22:20:00,2023,7,3,22,20,67,67482,POLYGONE (ROUTE DU),48.57167,7.75607,Nuit avec éclairage allumé,En agglomération,Intersection en Y,Normale,Deux véhicules - frontale,4,2,4,1,1,1,1,0,1,50,2,2,1,0,1,0,39.0,23.0,voiture,deux_roues,5,2,4,1,1
202300019816,2023-07-03 22:20:00,2023,7,3,22,20,67,67482,POLYGONE (ROUTE DU),48.57167,7.75607,Nuit avec éclairage allumé,En agglomération,Intersection en Y,Normale,Deux véhicules - frontale,4,2,#VALEURMULTI,1,1,1,1,9,1,50,2,2,1,0,1,0,39.0,23.0,voiture,deux_roues,5,2,4,1,1
202300019817,2023-08-08 16:20:00,2023,8,8,16,20,27,27229,CHAMBEAUDOIN (BOULEVARD),49.02366,1.15204,Plein jour,En agglomération,Hors intersection,Normale,Deux véhicules - arrière,4,1,1,0,1,1,1,0,1,50,2,2,1,0,0,1,28.0,31.0,voiture,deux_roues,1,2,1,1,2
202300019818,2023-08-08 11:55:00,2023,8,8,11,55,26,26058,Avenue Georges Brassens,44.96028,4.90113,Plein jour,En agglomération,Hors intersection,Temps éblouissant,Autre collision,4,3,1,0,1,1,1,5,1,50,1,3,2,1,0,0,76.0,,utilitaire_camion,,1,2,1,7,6
202300019819,2023-06-30 16:23:00,2023,6,30,16,23,66,66136,,42.69365,2.89048,Plein jour,En agglomération,Hors intersection,Normale,Autre collision,4,2,4,0,1,1,1,0,1,50,2,4,2,0,2,0,54.0,23.0,voiture,deux_roues,1,2,1,1,6
202300019820,2023-07-03 10:10:00,2023,7,3,10,10,64,64545,RD810,43.37154,-1.68189,Plein jour,Hors agglomération,Hors intersection,Normale,Deux véhicules - arrière,3,-1,2,1,1,1,1,0,1,70,2,2,1,0,0,1,20.0,48.0,deux_roues,utilitaire_camion,1,1,1,1,2
202300019821,2023-08-08 11:00:00,2023,8,8,11,0,13,13213,LEPRINCE RINGUIET (rue),43.3442,5.4432,Plein jour,En agglomération,Intersection en X,Normale,Deux véhicules - côté,4,2,2,0,1,1,1,0,1,50,2,3,0,0,0,3,72.0,49.0,voiture,voiture,1,2,2,1,3
202300019821,2023-08-08 11:00:00,2023,8,8,11,0,13,13213,LEPRINCE RINGUIET (rue),43.3442,5.4432,Plein jour,En agglomération,Intersection en X,Normale,Deux véhicules - côté,4,2,2,0,1,2,1,0,1,50,2,3,0,0,0,3,72.0,49.0,voiture,voiture,1,2,2,1,3
202300019822,2023-07-03 15:58:00,2023,7,3,15,58,63,63113,FLAUBERT (BD GUSTAVE),45.7632,3.12587,Plein jour,En agglomération,Passage à niveau,Normale,Deux véhicules - côté,7,3,5,0,1,1,1,0,6,50,2,2,1,0,0,1,83.0,20.0,deux_roues,deux_roues,1,2,8,1,3
202300019823,2023-08-07 09:30:00,2023,8,7,9,30,10,10297,Avenue Jean Jaures,48.31543,4.09791,Plein jour,En agglomération,Hors intersection,Normale,Deux véhicules - côté,3,2,2,1,2,1,1,0,1,50,2,2,1,0,0,1,18.0,29.0,voiture,deux_roues,1,2,1,1,3
202300019824,2023-08-08 15:45:00,2023,8,8,15,45,06,06069,CHEVALIER (AVENUE MAURICE),43.62589,6.93569,Plein jour,En agglomération,Autre intersection,Normale,Autre collision,5,1,1,0,1,1,1,0,8,-1,1,1,0,0,0,1,22.0,,deux_roues,,1,2,9,1,6
202300019825,2023-07-03 07:20:00,2023,7,3,7,20,63,63032,av Europe /rue Champclos,45.75425694,3.09281766,Plein jour,En agglomération,Giratoire,Normale,Deux véhicules - côté,4,2,2,0,2,1,1,0,1,50,2,2,1,0,0,1,61.0,57.0,voiture,deux_roues,1,2,6,1,3
202300019825,2023-07-03 07:20:00,2023,7,3,7,20,63,63032,av Europe /rue Champclos,45.75425694,3.09281766,Plein jour,En agglomération,Giratoire,Normale,Deux véhicules - côté,4,2,1,0,1,1,1,5,1,50,2,2,1,0,0,1,61.0,57.0,voiture,deux_roues,1,2,6,1,3
202300019826,2023-08-08 07:00:00,2023,8,8,7,0,06,06123,SAUVAIGO PIERRE AVENUE,43.66436,7.18608,Plein jour,En agglomération,Autre intersection,Temps éblouissant,Deux véhicules - arrière,4,2,2,0,2,1,1,0,1,50,2,2,1,1,0,0,52.0,54.0,deux_roues,voiture,1,2,9,7,2
202300019827,2023-07-03 22:06:00,2023,7,3,22,6,57,57463,ROBERT SCHUMAN (AVENUE ),49.11282,6.17132,Nuit avec éclairage allumé,En agglomération,Hors intersection,Normale,Sans collision,4,1,1,0,1,2,1,0,4,50,1,1,0,0,1,0,21.0,,deux_roues,,5,2,1,1,7
202300019828,2023-08-04 23:30:00,2023,8,4,23,30,06,06155,CLEMENCEAU AV.GEORGES,43.574667,7.056853,Nuit avec éclairage allumé,En agglomération,Hors intersection,Normale,Autre collision,3,1,1,0,1,3,1,9,1,50,1,1,0,1,0,0,47.0,,deux_roues,,5,2,1,1,6
202300019829,2023-07-01 22:15:00,2023,7,1,22,15,56,56121,CARNOT (RUE  LAZARE ),47.74271,-3.36072,Nuit avec éclairage allumé,En agglomération,Intersection en X,Normale,Deux véhicules - côté,4,2,2,0,1,1,1,0,1,30,2,3,1,0,2,0,20.0,20.0,deux_roues,voiture,5,2,2,1,3
202300019829,2023-07-01 22:15:00,2023,7,1,22,15,56,56121,CARNOT (RUE  LAZARE ),47.74271,-3.36072,Nuit avec éclairage allumé,En agglomération,Intersection en X,Normale,Deux véhicules - côté,4,2,2,0,1,1,1,0,1,30,2,3,1,0,2,0,20.0,20.0,deux_roues,voiture,5,2,2,1,3
202300019830,2023-07-25 14:27:00,2023,7,25,14,27,05,05061,JEAN MOULIN ( CARREFOUR),44.56002,6.07569,Plein jour,En agglomération,Intersection en X,Normale,Deux véhicules - côté,3,2,1,0,2,3,1,5,1,-1,2,2,1,0,0,1,16.0,24.0,deux_roues,voiture,1,2,2,1,3
202300019830,2023-07-25 14:27:00,2023,7,25,14,27,05,05061,JEAN MOULIN ( CARREFOUR),44.56002,6.07569,Plein jour,En agglomération,Intersection en X,Normale,Deux véhicules - côté,3,1,1,3,2,1,1,5,1,50,2,2,1,0,0,1,16.0,24.0,deux_roues,voiture,1,2,2,1,3
202300019831,2023-07-02 10:40:00,2023,7,2,10,40,56,56121,7 Rue Étienne Pérault,47.74467,-3.3632,Plein jour,En agglomération,Intersection en T,Normale,Autre collision,4,2,2,0,1,1,1,0,1,30,1,2,1,1,0,0,81.0,,voiture,,1,2,3,1,6
202300019831,2023-07-02 10:40:00,2023,7,2,10,40,56,56121,7 Rue Étienne Pérault,47.74467,-3.3632,Plein jour,En agglomération,Intersection en T,Normale,Autre collision,4,2,2,0,1,3,1,0,1,30,1,2,1,1,0,0,81.0,,voiture,,1,2,3,1,6