accident_id,datetime,annee,mois,jour,heure,minute,departement,commune_insee,adresse,latitude,longitude,luminosite,agglomeration,intersection,meteo,collision,catr,circ,nbv,vosp,prof,plan,surf,infra,situ,vma,nb_vehicules,nb_usagers,nb_indemnes,nb_tues,nb_blesses_hosp,nb_blesses_legers,age_cond_1,age_cond_2,veh_type_cond_1,veh_type_cond_2,lum_code,agg_code,int_code,atm_code,col_code
202300019896,2023-08-07 12:01:00,2023,8,7,12,1,2A,2A100,RD 70,42.244881,8.827729,Plein jour,Hors agglomération,Hors intersection,Normale,Sans collision,3,2,2,0,1,3,1,0,1,-1,1,1,0,0,1,0,32.0,,deux_roues,,1,1,1,1,7
202300019897,2023-07-03 08:10:00,2023,7,3,8,10,75,75114,RUE D ARCUEIL,48.820457,2.342827,Plein jour,En agglomération,Intersection en T,Normale,Autre collision,4,-1, -1,0,1,1,1,0,1,30,2,2,1,0,0,1,60.0,43.0,utilitaire_camion,deux_roues,1,2,3,1,6
202300019897,2023-07-03 08:10:00,2023,7,3,8,10,75,75114,RUE D ARCUEIL,48.820457,2.342827,Plein jour,En agglomération,Intersection en T,Normale,Autre collision,4,2,2,3,2,1,1,0,1,30,2,2,1,0,0,1,60.0,43.0,utilitaire_camion,deux_roues,1,2,3,1,6
202300019898,2023-08-08 06:40:00,2023,8,8,6,40,2A,2A048,rd 81,42.034528,8.760545,Plein jour,Hors agglomération,Hors intersection,Normale,Sans collision,3,3,2,0,2,3,1,0,3,70,1,1,0,0,1,0,17.0,,deux_roues,,1,1,1,1,7
202300019899,2023-05-30 13:12:00,2023,5,30,13,12,75,75106,RUE DE RENNES,48.846936,2.326833,Plein jour,En agglomération,Autre intersection,Normale,Autre collision,4,1,2,0,1,1,1,0,1,30,1,2,0,0,0,1,,,deux_roues,,1,2,9,1,6
202300019899,2023-05-30 13:12:00,2023,5,30,13,12,75,75106,RUE DE RENNES,48.846936,2.326833,Plein jour,En agglomération,Autre intersection,Normale,Autre collision,4,1,1,0,1,2,1,0,1,30,1,2,0,0,0,1,,,deux_roues,,1,2,9,1,6
202300019900,2023-06-15 10:14:00,2023,6,15,10,14,75,75112,RUE NICOLAI,48.835891,2.394201,Plein jour,En agglomération,Hors intersection,Normale,Autre collision,4,1,1,0,2,1,1,0,1,30,1,2,1,0,0,1,,,utilitaire_camion,,1,2,1,1,6
202300019901,2023-05-29 22:40:00,2023,5,29,22,40,75,75120,AVENUE DU DOCTEUR GLEY,48.877095,2.410657,Nuit avec éclairage allumé,En agglomération,Hors intersection,Normale,Deux véhicules - côté,4,2,2,0,1,1,1,0,1,30,2,2,1,0,0,1,21.0,25.0,deux_roues,voiture,5,2,1,1,3
202300019902,2023-08-08 23:30:00,2023,8,8,23,30,62,62613,D131,50.668913,2.056673,Nuit sans éclairage public,Hors agglomération,Hors intersection,Pluie forte,Autre collision,3,2,2,0,1,1,2,0,3,80,1,1,0,0,1,0,20.0,,voiture,,3,1,1,3,6
202300019903,2023-07-03 14:00:00,2023,7,3,14,0,75,75111,BOULEVARD VOLTAIRE,48.85975,2.376847,Plein jour,En agglomération,Intersection en X,Normale,Deux véhicules - côté,4,2,2,1,1,1,1,0,1,30,2,2,1,0,0,1,54.0,50.0,voiture,deux_roues,1,2,2,1,3
202300019903,2023-07-03 14:00:00,2023,7,3,14,0,75,75111,BOULEVARD VOLTAIRE,48.85975,2.376847,Plein jour,En agglomération,Intersection en X,Normale,Deux véhicules - côté,4,2, -1,0,1,1,1,0,1,30,2,2,1,0,0,1,54.0,50.0,voiture,deux_roues,1,2,2,1,3
202300019904,2023-05-30 10:10:00,2023,5,30,10,10,75,75119,AVENUE DE LAUMIERE,48.883246,2.381108,Plein jour,En agglomération,Intersection en T,Normale,Deux véhicules - côté,4,2,2,1,2,1,1,0,5,30,2,2,1,0,1,0,28.0,55.0,deux_roues,utilitaire_camion,1,2,3,1,3
202300019904,2023-05-30 10:10:00,2023,5,30,10,10,75,75119,AVENUE DE LAUMIERE,48.883246,2.381108,Plein jour,En agglomération,Intersection en T,Normale,Deux véhicules - côté,4,-1, -1,0,1,1,1,0,1,30,2,2,1,0,1,0,28.0,55.0,deux_roues,utilitaire_camion,1,2,3,1,3
202300019905,2023-07-02 10:10:00,2023,7,2,10,10,75,75111,AVENUE PHILIPPE AUGUSTE,48.853528,2.392734,Plein jour,En agglomération,Autre intersection,Normale,Deux véhicules - arrière,4,1,1,0,1,1,1,0,1,30,2,3,0,0,0,3,49.0,34.0,voiture,voiture,1,2,9,1,2
202300019905,2023-07-02 10:10:00,2023,7,2,10,10,75,75111,AVENUE PHILIPPE AUGUSTE,48.853528,2.392734,Plein jour,En agglomération,Autre intersection,Normale,Deux véhicules - arrière,4,1,1,1,1,1,1,0,1,30,2,3,0,0,0,3,49.0,34.0,voiture,voiture,1,2,9,1,2
202300019906,2023-08-05 09:45:00,2023,8,5,9,45,38,38019,Route Nationale 7 Village,45.42341581,4.8178777,Plein jour,En agglomération,Hors intersection,Normale,Deux véhicules - frontale,2,2,2,0,2,1,1,0,1,50,2,2,1,0,0,1,45.0,44.0,voiture,voiture,1,2,1,1,1
202300019907,2023-07-03 15:15:00,2023,7,3,15,15,94,94034,Avenue de la Division Leclerc,48.76104,2.3184,Plein jour,En agglomération,Autre intersection,Normale,Deux véhicules - côté,3,-1,2,0,1,1,1,5,1,50,2,2,1,0,0,1,28.0,52.0,voiture,voiture,1,2,9,1,3
202300019907,2023-07-03 15:15:00,2023,7,3,15,15,94,94034,Avenue de la Division Leclerc,48.76104,2.3184,Plein jour,En agglomération,Autre intersection,Normale,Deux véhicules - côté,3,-1,2,0,2,1,1,5,1,50,2,2,1,0,0,1,28.0,52.0,voiture,voiture,1,2,9,1,3
202300019908,2023-05-30 09:45:00,2023,5,30,9,45,75,75119,RUE DE BELLEVILLE,48.875459,2.392288,Plein jour,En agglomération,Intersection en X,Normale,Deux véhicules - côté,4,-1, -1,0,1,1,1,0,1,30,2,2,1,0,0,1,57.0,43.0,deux_roues,voiture,1,2,2,1,3
202300019908,2023-05-30 09:45:00,2023,5,30,9,45,75,75119,RUE DE BELLEVILLE,48.875459,2.392288,Plein jour,En agglomération,Intersection en X,Normale,Deux véhicules - côté,4,2,2,0,2,1,1,0,1,30,2,2,1,0,0,1,57.0,43.0,deux_roues,voiture,1,2,2,1,3
202300019909,2023-07-03 15:40:00,2023,7,3,15,40,94,94021,Avenue de Stalingrad,48.77391,2.36761,Plein jour,En agglomération,Autre intersection,Normale,Deux véhicules - côté,3,1,2,0,1,1,1,0,1,50,2,2,1,0,0,1,68.0,17.0,voiture,deux_roues,1,2,9,1,3
202300019910,2023-08-09 05:30:00,2023,8,9,5,30,28,28110,A11,48.422316,1.51209,Nuit sans éclairage public,Hors agglomération,Hors intersection,Normale,Trois véhicules et plus - en chaîne,1,3,3,0,1,1,1,0,1,130,3,6,2,0,3,1,29.0,32.0,voiture,voiture,3,1,1,1,4
202300019911,2023-05-30 09:00:00,2023,5,30,9,0,75,75119,RUE RIQUET,48.888942,2.372463,Plein jour,En agglomération,Intersection en T,Normale,Deux véhicules - côté,4,-1, -1,0,1,1,1,0,1,30,2,2,1,0,0,1,71.0,63.0,voiture,deux_roues,1,2,3,1,3
202300019911,2023-05-30 09:00:00,2023,5,30,9,0,75,75119,RUE RIQUET,48.888942,2.372463,Plein jour,En agglomération,Intersection en T,Normale,Deux véhicules - côté,4,2,3,1,1,1,1,0,1,30,2,2,1,0,0,1,71.0,63.0,voiture,deux_roues,1,2,3,1,3
202300019912,2023-07-03 18:55:00,2023,7,3,18,55,94,94073,D136,48.74784,2.36935,Plein jour,En agglomération,Intersection en T,Normale,Deux véhicules - côté,3,1,1,0,1,1,1,0,1,50,2,4,2,0,1,1,47.0,47.0,deux_roues,voiture,1,2,3,1,3
202300019912,2023-07-03 18:55:00,2023,7,3,18,55,94,94073,D136,48.74784,2.36935,Plein jour,En agglomération,Intersection en T,Normale,Deux véhicules - côté,3,1,1,0,1,3,1,0,1,50,2,4,2,0,1,1,47.0,47.0,deux_roues,voiture,1,2,3,1,3
202300019913,2023-07-04 18:00:00,2023,7,4,18,0,68,68145,102 Grand Rue,48.080237,7.401298,Plein jour,En agglomération,Hors intersection,Normale,Autre collision,3,2,2,2,1,2,1,0,5,50,2,3,2,0,0,1,44.0,74.0,utilitaire_camion,deux_roues,1,2,1,1,6
202300019914,2023-05-29 23:15:00,2023,5,29,23,15,75,75119,AVENUE DE FLANDRE,48.888366,2.374122,Nuit avec éclairage allumé,En agglomération,Intersection en T,Normale,Deux véhicules - côté,4,1,3,1,1,1,1,0,5,30,2,2,1,0,0,1,38.0,21.0,deux_roues,voiture,5,2,3,1,3
202300019914,2023-05-29 23:15:00,2023,5,29,23,15,75,75119,AVENUE DE FLANDRE,48.888366,2.374122,Nuit avec éclairage allumé,En agglomération,Intersection en T,Normale,Deux véhicules - côté,4,1, -1,0,1,1,1,0,5,30,2,2,1,0,0,1,38.0,21.0,deux_roues,voiture,5,2,3,1,3
202300019915,2023-07-02 21:40:00,2023,7,2,21,40,93,93073,Route de Villepinte / Rue Claude Nicolas Ledoux,48.9691,2.5459,Plein jour,En agglomération,Intersection en T,Normale,Deux véhicules - frontale,3,2,2,-1,1,1,1,0,1,-1,2,2,1,0,1,0,41.0,39.0,deux_roues,voiture,1,2,3,1,1
202300019915,2023-07-02 21:40:00,2023,7,2,21,40,93,93073,Route de Villepinte / Rue Claude Nicolas Ledoux,48.9691,2.5459,Plein jour,En agglomération,Intersection en T,Normale,Deux véhicules - frontale,3,2,3,0,1,1,1,0,1,50,2,2,1,0,1,0,41.0,39.0,deux_roues,voiture,1,2,3,1,1
202300019916,2023-08-09 09:30:00,2023,8,9,9,30,972,97201,Le Bourg Ouest,14.825227,-61.113896,Plein jour,En agglomération,Hors intersection,Normale,Autre collision,2,2,2,0,2,3,1,0,4,50,1,1,0,0,1,0,16.0,,autre,,1,2,1,1,6
202300019917,2023-05-30 16:40:00,2023,5,30,16,40,75,75117,RUE POUCHET,48.895775,2.321857,Plein jour,En agglomération,Intersection en X,Normale,Autre collision,4,-1, -1,0,1,1,1,0,1,30,1,2,1,0,0,1,33.0,,utilitaire_camion,,1,2,2,1,6
202300019917,2023-05-30 16:40:00,2023,5,30,16,40,75,75117,RUE POUCHET,48.895775,2.321857,Plein jour,En agglomération,Intersection en X,Normale,Autre collision,4,2,2,0,1,1,1,0,1,30,1,2,1,0,0,1,33.0,,utilitaire_camion,,1,2,2,1,6
202300019918,2023-06-10 14:30:00,2023,6,10,14,30,93,93001,Rue Madeleine Vionnet,48.90353013,2.37448472,Plein jour,En agglomération,Hors intersection,Normale,Autre collision,4,2,2,0,1,1,1,0,1,50,1,2,1,0,0,1,31.0,,deux_roues,,1,2,1,1,6
202300019919,2023-08-04 13:30:00,2023,8,4,13,30,11,11203,1 Route de Ferrals,43.173842,2.740827,Plein jour,En agglomération,Giratoire,Normale,Deux véhicules - frontale,3,2,2,0,1,1,1,9,1,50,2,2,1,0,1,0,51.0,76.0,deux_roues,voiture,1,2,6,1,1
202300019920,2023-07-03 11:15:00,2023,7,3,11,15,92,92025,GABRIEL PERI (RUE),48.91822227,2.23884881,Plein jour,En agglomération,Hors intersection,Normale,Deux véhicules - côté,3,2,2,0,1,1,1,0,1,30,2,2,1,0,0,1,43.0,46.0,voiture,deux_roues,1,2,1,1,3
202300019921,2023-05-30 08:50:00,2023,5,30,8,50,75,75108,BOULEVARD DES BATIGNOLLES,48.88164,2.318833,Plein jour,En agglomération,Intersection en X,Normale,Deux véhicules - côté,4,2,2,0,1,1,1,0,1,30,2,2,1,0,0,1,51.0,66.0,deux_roues,voiture,1,2,2,1,3
202300019921,2023-05-30 08:50:00,2023,5,30,8,50,75,75108,BOULEVARD DES BATIGNOLLES,48.88164,2.318833,Plein jour,En agglomération,Intersection en X,Normale,Deux véhicules - côté,4,-1, -1,0,1,1,1,0,1,30,2,2,1,0,0,1,51.0,66.0,deux_roues,voiture,1,2,2,1,3
202300019922,2023-07-03 08:39:00,2023,7,3,8,39,92,92014,GENERAL LECLERC (AV.) (57 A 135 - 50 A 1,48.7819,2.31639,Plein jour,En agglomération,Hors intersection,Normale,Sans collision,3,1,2,2,1,1,1,0,5,50,1,1,0,0,0,1,32.0,,deux_roues,,1,2,1,1,7
202300019923,2023-08-08 18:10:00,2023,8,8,18,10,68,68300,Route Départementale 38,47.779355,7.378171,Plein jour,Hors agglomération,Hors intersection,Normale,Sans collision,3,2,2,1,1,1,1,0,3,80,1,1,0,0,1,0,51.0,,voiture,,1,1,1,1,7
202300019924,2023-05-30 14:20:00,2023,5,30,14,20,75,75115,RUE DUTOT,48.836454,2.306633,Plein jour,En agglomération,Place,Normale,Deux véhicules - côté,4,-1, -1,0,1,1,1,0,1,30,2,3,2,0,0,1,86.0,86.0,deux_roues,voiture,1,2,7,1,3
202300019924,2023-05-30 14:20:00,2023,5,30,14,20,75,75115,RUE DUTOT,48.836454,2.306633,Plein jour,En agglomération,Place,Normale,Deux véhicules - côté,4,1,1,0,1,1,1,0,1,30,2,3,2,0,0,1,86.0,86.0,deux_roues,voiture,1,2,7,1,3
202300019925,2023-07-02 12:15:00,2023,7,2,12,15,35,35013,La Hutte,47.722018,-2.054358,Plein jour,Hors agglomération,Hors intersection,Normale,Autre collision,3,2,2,0,3,2,1,0,1,80,1,1,0,0,1,0,34.0,,deux_roues,,1,1,1,1,6
202300019926,2023-07-22 05:00:00,2023,7,22,5,0,62,62866,D940,50.379517,1.652756,Plein jour,En agglomération,Intersection en X,Normale,Deux véhicules - côté,3,2,2,0,1,1,1,0,1,50,2,2,1,0,0,1,23.0,35.0,voiture,voiture,1,2,2,1,3
202300019926,2023-07-22 05:00:00,2023,7,22,5,0,62,62866,D940,50.379517,1.652756,Plein jour,En agglomération,Intersection en X,Normale,Deux véhicules - côté,3,1,1,0,1,1,1,0,1,50,2,2,1,0,0,1,23.0,35.0,voiture,voiture,1,2,2,1,3
202300019927,2023-05-30 13:00:00,2023,5,30,13,0,75,75115,RUE DESAIX,48.85381,2.294214,Plein jour,En agglomération,Intersection en X,Normale,Autre collision,4,-1, -1,0,1,1,1,0,1,30,1,2,1,0,0,1,47.0,,voiture,,1,2,2,1,6
202300019927,2023-05-30 13:00:00,2023,5,30,13,0,75,75115,RUE DESAIX,48.85381,2.294214,Plein jour,En agglomération,Intersection en X,Normale,Autre collision,4,2,2,0,1,1,1,0,1,30,1,2,1,0,0,1,47.0,,voiture,,1,2,2,1,6
202300019928,2023-07-03 08:20:00,2023,7,3,8,20,81,81064,rd 964 - PK 019.500,43.958086,1.846556,Plein jour,Hors agglomération,Hors intersection,Normale,Deux véhicules - frontale,3,2,2,0,1,1,1,0,1,80,2,3,2,0,1,0,43.0,59.0,utilitaire_camion,utilitaire_camion,1,1,1,1,1
202300019929,2023-05-30 09:45:00,2023,5,30,9,45,75,75115,PLACE D ALLERAY,48.836234,2.306449,Plein jour,En agglomération,Place,Normale,Autre collision,4,2,3,0,1,1,1,0,1,30,1,2,1,0,0,1,48.0,,deux_roues,,1,2,7,1,6
202300019929,2023-05-30 09:45:00,2023,5,30,9,45,75,75115,PLACE D ALLERAY,48.836234,2.306449,Plein jour,En agglomération,Place,Normale,Autre collision,4,2,3,0,1,1,1,0,1,30,1,2,1,0,0,1,48.0,,deux_roues,,1,2,7,1,6
202300019930,2023-07-04 12:00:00,2023,7,4,12,0,2A,2A272,route de tizzano,41.565211,8.912895,Plein jour,Hors agglomération,Hors intersection,Normale,Deux véhicules - frontale,3,2,2,0,1,3,1,0,1,80,2,2,0,0,1,1,20.0,81.0,utilitaire_camion,utilitaire_camion,1,1,1,1,1
202300019931,2023-08-09 17:15:00,2023,8,9,17,15,60,60358,D332,49.19497,2.917514,Plein jour,Hors agglomération,Giratoire,Normale,Deux véhicules - côté,3,2,2,0,1,1,1,3,1,80,2,3,2,0,1,0,16.0,80.0,deux_roues,voiture,1,1,6,1,3
202300019932,2023-07-04 04:42:00,2023,7,4,4,42,67,67222,9 Route de Wimmenau,48.883827,7.469947,Crépuscule ou aube,En agglomération,Intersection en X,Normale,Autre collision,3,2,2,0,1,1,1,0,4,50,1,1,0,1,0,0,49.0,,voiture,,2,2,2,1,6
202300019932,2023-07-04 04:42:00,2023,7,4,4,42,67,67222,9 Route de Wimmenau,48.883827,7.469947,Crépuscule ou aube,En agglomération,Intersection en X,Normale,Autre collision,3,2, -1,-1,1,1,1,0,4,-1,1,1,0,1,0,0,49.0,,voiture,,2,2,2,1,6
202300019933,2023-08-04 11:00:00,2023,8,4,11,0,62,62770,Rue d'Aire,50.63721466,2.4714978,Plein jour,Hors agglomération,Hors intersection,Normale,Sans collision,4,2,2,0,1,2,3,0,1,80,1,1,0,0,1,0,43.0,,deux_roues,,1,1,1,1,7
202300019934,2023-05-29 01:20:00,2023,5,29,1,20,75,75115,RUE DU HAMEAU,48.833514,2.286588,Nuit avec éclairage allumé,En agglomération,Intersection en T,Normale,Deux véhicules - arrière,4,2, -1,1,1,1,1,0,1,30,2,2,1,0,0,1,23.0,25.0,deux_roues,voiture,5,2,3,1,2
202300019934,2023-05-29 01:20:00,2023,5,29,1,20,75,75115,RUE DU HAMEAU,48.833514,2.286588,Nuit avec éclairage allumé,En agglomération,Intersection en T,Normale,Deux véhicules - arrière,4,1,2,0,1,1,1,0,1,30,2,2,1,0,0,1,23.0,25.0,deux_roues,voiture,5,2,3,1,2
202300019935,2023-07-04 17:15:00,2023,7,4,17,15,87,87154,N141,45.897826,0.831774,Plein jour,En agglomération,Hors intersection,Normale,Deux véhicules - arrière,2,3,2,0,3,1,1,0,1,110,2,4,2,0,2,0,40.0,49.0,utilitaire_camion,utilitaire_camion,1,2,1,1,2
202300019936,2023-08-06 17:50:00,2023,8,6,17,50,56,56168,route de quiberon,47.565509,-3.134451,Plein jour,Hors agglomération,Giratoire,Normale,Deux véhicules - arrière,3,3,2,0,1,1,1,5,1,80,2,2,1,0,0,1,55.0,23.0,voiture,deux_roues,1,1,6,1,2
202300019937,2023-05-30 09:20:00,2023,5,30,9,20,75,75114,RUE NANSOUTY,48.823512,2.335696,Plein jour,En agglomération,Intersection en T,Normale,Autre collision,4,-1, -1,1,1,1,1,0,5,30,1,2,0,0,0,2,27.0,,deux_roues,,1,2,3,1,6
202300019937,2023-05-30 09:20:00,2023,5,30,9,20,75,75114,RUE NANSOUTY,48.823512,2.335696,Plein jour,En agglomération,Intersection en T,Normale,Autre collision,4,1,3,1,2,1,1,0,5,30,1,2,0,0,0,2,27.0,,deux_roues,,1,2,3,1,6
202300019938,2023-07-04 16:02:00,2023,7,4,16,2,21,21599,A31,47.592262,5.207852,Plein jour,Hors agglomération,Hors intersection,Pluie forte,Autre collision,1,3,3,0,2,3,2,0,1,130,1,2,1,0,0,1,25.0,,voiture,,1,1,1,3,6
202300019939,2023-05-29 17:00:00,2023,5,29,17,0,75,75114,AVENUE DU GENERAL LECLERC,48.828791,2.327753,Plein jour,En agglomération,Intersection en Y,Normale,Autre collision,4,2,6,0,1,1,1,0,6,50,1,2,0,0,0,2,28.0,,deux_roues,,1,2,4,1,6
202300019939,2023-05-29 17:00:00,2023,5,29,17,0,75,75114,AVENUE DU GENERAL LECLERC,48.828791,2.327753,Plein jour,En agglomération,Intersection en Y,Normale,Autre collision,4,1,1,1,1,1,1,0,6,50,1,2,0,0,0,2,28.0,,deux_roues,,1,2,4,1,6
202300019940,2023-08-09 11:08:00,2023,8,9,11,8,76,76014,D125,49.590517,0.273542,Plein jour,En agglomération,Intersection en T,Normale,Deux véhicules - côté,3,2,2,0,1,1,1,5,1,80,2,2,1,0,1,0,62.0,27.0,voiture,deux_roues,1,2,3,1,3
202300019940,2023-08-09 11:08:00,2023,8,9,11,8,76,76014,D125,49.590517,0.273542,Plein jour,En agglomération,Intersection en T,Normale,Deux véhicules - côté,3,2,2,0,1,2,1,0,1,80,2,2,1,0,1,0,62.0,27.0,voiture,deux_roues,1,2,3,1,3
202300019941,2023-08-08 16:15:00,2023,8,8,16,15,76,76508,Rue du Major Frost,49.67197915,0.18880069,Plein jour,En agglomération,Place,Normale,Deux véhicules - arrière,4,2,2,0,1,1,1,0,1,50,2,2,1,0,0,1,25.0,20.0,deux_roues,deux_roues,1,2,7,1,2
202300019942,2023-05-30 19:40:00,2023,5,30,19,40,75,75111,AVENUE DE LA REPUBLIQUE,48.864186,2.380237,Plein jour,En agglomération,Intersection en T,Normale,Deux véhicules - côté,4,2,2,1,1,1,1,0,5,30,2,2,1,0,0,1,15.0,41.0,deux_roues,deux_roues,1,2,3,1,3
202300019942,2023-05-30 19:40:00,2023,5,30,19,40,75,75111,AVENUE DE LA REPUBLIQUE,48.864186,2.380237,Plein jour,En agglomération,Intersection en T,Normale,Deux véhicules - côté,4,-1, -1,0,1,1,1,0,1,30,2,2,1,0,0,1,15.0,41.0,deux_roues,deux_roues,1,2,3,1,3
202300019943,2023-11-16 22:20:00,2023,11,16,22,20,75,75116,AVENUE DE NEUILLY,48.878464,2.279935,Nuit avec éclairage allumé,En agglomération,Intersection en T,Pluie forte,Deux véhicules - côté,4,1,2,0,1,1,2,0,1,50,2,2,1,0,0,1,44.0,51.0,voiture,voiture,5,2,3,3,3
202300019943,2023-11-16 22:20:00,2023,11,16,22,20,75,75116,AVENUE DE NEUILLY,48.878464,2.279935,Nuit avec éclairage allumé,En agglomération,Intersection en T,Pluie forte,Deux véhicules - côté,4,1,2,1,1,1,2,0,1,50,2,2,1,0,0,1,44.0,51.0,voiture,voiture,5,2,3,3,3
202300019944,2023-08-08 11:45:00,2023,8,8,11,45,79,79008,,46.743463,-0.304334,Plein jour,Hors agglomération,Hors intersection,Normale,Autre collision,2,2,2,0,1,1,1,0,1,80,1,1,0,0,1,0,65.0,,deux_roues,,1,1,1,1,6
202300019945,2023-05-30 10:10:00,2023,5,30,10,10,75,75110,RUE DU CHATEAU D EAU,48.869858,2.360729,Plein jour,En agglomération,Intersection en X,Normale,Sans collision,4,-1, -1,0,1,1,1,0,1,30,1,1,0,0,0,1,19.0,,deux_roues,,1,2,2,1,7
202300019945,2023-05-30 10:10:00,2023,5,30,10,10,75,75110,RUE DU CHATEAU D EAU,48.869858,2.360729,Plein jour,En agglomération,Intersection en X,Normale,Sans collision,4,2,2,1,1,1,1,0,5,30,1,1,0,0,0,1,19.0,,deux_roues,,1,2,2,1,7
202300019946,2023-11-17 14:20:00,2023,11,17,14,20,75,75115,RUE LINOIS,48.848076,2.283573,Plein jour,En agglomération,Hors intersection,Normale,Autre collision,4,2,4,1,1,1,1,8,1,30,1,2,1,0,0,1,20.0,,deux_roues,,1,2,1,1,6
202300019947,2023-08-08 17:10:00,2023,8,8,17,10,79,79109,,46.360995,-0.42859,Plein jour,En agglomération,Hors intersection,Normale,Trois véhicules et plus - collisions multiples,4,2,2,0,1,1,1,0,1,50,3,3,2,0,1,0,18.0,39.0,deux_roues,voiture,1,2,1,1,5
202300019948,2023-11-17 09:30:00,2023,11,17,9,30,75,75115,BOULEVARD PASTEUR,48.84500301,2.31069088,Plein jour,En agglomération,Intersection en X,Pluie légère,Autre collision,4,1,1,1,1,1,2,0,1,50,1,1,0,0,0,1,50.0,,deux_roues,,1,2,2,2,6
202300019948,2023-11-17 09:30:00,2023,11,17,9,30,75,75115,BOULEVARD PASTEUR,48.84500301,2.31069088,Plein jour,En agglomération,Intersection en X,Pluie légère,Autre collision,4,1, -1,-1,1,1,2,0,1,-1,1,1,0,0,0,1,50.0,,deux_roues,,1,2,2,2,6
202300019949,2023-05-30 16:50:00,2023,5,30,16,50,75,75116,AVENUE DE L HIPPODROME,48.858544,2.244888,Plein jour,En agglomération,Intersection en X,Normale,Deux véhicules - arrière,4,2,2,0,1,1,1,0,1,30,2,4,1,0,0,3,28.0,26.0,voiture,voiture,1,2,2,1,2
202300019949,2023-05-30 16:50:00,2023,5,30,16,50,75,75116,AVENUE DE L HIPPODROME,48.858544,2.244888,Plein jour,En agglomération,Intersection en X,Normale,Deux véhicules - arrière,4,2,2,0,1,1,1,0,1,30,2,4,1,0,0,3,28.0,26.0,voiture,voiture,1,2,2,1,2
202300019950,2023-08-09 14:15:00,2023,8,9,14,15,2B,2B207,route royale,42.462362,9.500556,Plein jour,Hors agglomération,Hors intersection,Normale,Autre collision,3,2,2,0,1,1,1,2,1,70,2,2,1,0,1,0,72.0,56.0,voiture,deux_roues,1,1,1,1,6
202300019951,2023-05-30 09:40:00,2023,5,30,9,40,75,75107,AVENUE DE LA BOURDONNAIS,48.854729,2.304722,Plein jour,En agglomération,Hors intersection,Normale,Autre collision,4,2,0,0,1,1,1,0,1,30,1,2,0,0,1,1,30.0,,deux_roues,,1,2,1,1,6
202300019952,2023-08-09 12:30:00,2023,8,9,12,30,2B,2B319,Penticchie,42.428755,9.524943,Plein jour,Hors agglomération,Hors intersection,Normale,Deux véhicules - côté,2,2,2,0,1,1,1,0,1,80,2,2,1,0,1,0,61.0,42.0,deux_roues,utilitaire_camion,1,1,1,1,3
202300019953,2023-11-16 11:50:00,2023,11,16,11,50,75,75115,RUE DE VAUGIRARD,48.838751,2.299252,Plein jour,En agglomération,Intersection en T,Pluie forte,Deux véhicules - côté,4,2,4,1,1,1,2,0,1,30,2,2,1,0,0,1,21.0,39.0,voiture,deux_roues,1,2,3,3,3
202300019953,2023-11-16 11:50:00,2023,11,16,11,50,75,75115,RUE DE VAUGIRARD,48.838751,2.299252,Plein jour,En agglomération,Intersection en T,Pluie forte,Deux véhicules - côté,4,2,2,0,1,1,2,0,1,30,2,2,1,0,0,1,21.0,39.0,voiture,deux_roues,1,2,3,3,3
202300019954,2023-06-02 15:45:00,2023,6,2,15,45,94,94037,Avenue Lénine,48.815194,2.332973,Plein jour,En agglomération,Intersection en T,Normale,Autre collision,4,1, -1,0,1,1,1,0,1,-1,1,3,2,0,0,1,73.0,,voiture,,1,2,3,1,6
202300019954,2023-06-02 15:45:00,2023,6,2,15,45,94,94037,Avenue Lénine,48.815194,2.332973,Plein jour,En agglomération,Intersection en T,Normale,Autre collision,4,2,2,0,1,1,1,0,1,30,1,3,2,0,0,1,73.0,,voiture,,1,2,3,1,6
202300019955,2023-08-08 18:45:00,2023,8,8,18,45,65,65123,Route du Col d?Aspin - D918,42.939302,0.299249,Plein jour,Hors agglomération,Hors intersection,Normale,Deux véhicules - côté,3,2,2,0,2,2,1,0,1,80,2,4,3,0,1,0,60.0,50.0,deux_roues,voiture,1,1,1,1,3
202300019956,2023-11-17 12:56:00,2023,11,17,12,56,75,75115,AVENUE DE LA PORTE BRANCION,48.825871,2.300216,Plein jour,En agglomération,Intersection à plus de 4 branches,Pluie forte,Autre collision,4,2,2,1,1,1,2,0,1,30,1,2,1,0,0,1,,,utilitaire_camion,,1,2,5,3,6
202300019956,2023-11-17 12:56:00,2023,11,17,12,56,75,75115,AVENUE DE LA PORTE BRANCION,48.825871,2.300216,Plein jour,En agglomération,Intersection à plus de 4 branches,Pluie forte,Autre collision,4,1,2,0,1,1,2,0,1,30,1,2,1,0,0,1,,,utilitaire_camion,,1,2,5,3,6
202300019957,2023-08-09 09:45:00,2023,8,9,9,45,65,65029,Route du Val d’Azun,42.983836,-0.145934,Plein jour,Hors agglomération,Hors intersection,Normale,Autre collision,3,2,2,0,1,2,1,0,3,80,1,1,0,0,1,0,22.0,,deux_roues,,1,1,1,1,6
202300019958,2023-05-30 20:30:00,2023,5,30,20,30,94,94073,Av du Pdt Franklin Roosevelt,48.76610491,2.39929162,Crépuscule ou aube,En agglomération,Hors intersection,Normale,Deux véhicules - arrière,4,2,2,0,1,1,1,0,1,50,2,2,1,0,1,0,21.0,25.0,voiture,utilitaire_camion,2,2,1,1,2
202300019959,2023-11-17 01:45:00,2023,11,17,1,45,75,75107,PLACE DE LA RESISTANCE,48.862412,2.301601,Nuit avec éclairage allumé,En agglomération,Intersection en X,Pluie légère,Deux véhicules - côté,4,3,7,3,1,1,2,0,1,30,2,2,1,0,0,1,21.0,51.0,voiture,deux_roues,5,2,2,2,3