accident_id,datetime,annee,mois,jour,heure,minute,departement,commune_insee,adresse,latitude,longitude,luminosite,agglomeration,intersection,meteo,collision,catr,circ,nbv,vosp,prof,plan,surf,infra,situ,vma,nb_vehicules,nb_usagers,nb_indemnes,nb_tues,nb_blesses_hosp,nb_blesses_legers,age_cond_1,age_cond_2,veh_type_cond_1,veh_type_cond_2,lum_code,agg_code,int_code,atm_code,col_code
202300020091,2023-08-03 11:00:00,2023,8,3,11,0,07,07019,LESIN LACOSTE (RUE),44.6202,4.38764,Plein jour,En agglomération,Hors intersection,Normale,Autre collision,4,2,2,0,2,1,1,0,1,30,1,2,1,0,0,1,85.0,,voiture,,1,2,1,1,6
202300020092,2023-05-30 07:30:00,2023,5,30,7,30,03,03254,D130,46.299055,3.301274,Plein jour,Hors agglomération,Intersection en T,Normale,Deux véhicules - côté,3,2,1,0,1,1,1,0,1,90,2,2,1,0,0,1,16.0,53.0,deux_roues,voiture,1,1,3,1,3
202300020092,2023-05-30 07:30:00,2023,5,30,7,30,03,03254,D130,46.299055,3.301274,Plein jour,Hors agglomération,Intersection en T,Normale,Deux véhicules - côté,3,2,1,0,1,1,1,0,1,90,2,2,1,0,0,1,16.0,53.0,deux_roues,voiture,1,1,3,1,3
202300020093,2023-08-02 16:50:00,2023,8,2,16,50,95,95218,ALBERT CAMUS (AVENUE),49.02015,2.10777,Plein jour,En agglomération,Hors intersection,Normale,Autre collision,4,-1,2,0,1,1,1,0,1,50,1,2,1,0,0,1,41.0,,voiture,,1,2,1,1,6
202300020094,2023-11-18 15:15:00,2023,11,18,15,15,86,86114,Route de Lavoux,46.577263,0.556387,Plein jour,Hors agglomération,Intersection en X,Temps couvert,Deux véhicules - arrière,3,2,2,0,1,1,1,0,1,90,2,6,2,0,1,3,15.0,20.0,deux_roues,voiture,1,1,2,8,2
202300020094,2023-11-18 15:15:00,2023,11,18,15,15,86,86114,Route de Lavoux,46.577263,0.556387,Plein jour,Hors agglomération,Intersection en X,Temps couvert,Deux véhicules - arrière,3,2, -1,0,1,1,1,0,1,80,2,6,2,0,1,3,15.0,20.0,deux_roues,voiture,1,1,2,8,2
202300020095,2023-05-29 15:34:00,2023,5,29,15,34,03,03156,Lusigny,46.590485,3.475161,Plein jour,Hors agglomération,Hors intersection,Normale,Deux véhicules - frontale,3,2,2,0,1,1,1,0,1,90,2,3,2,0,1,0,26.0,80.0,voiture,voiture,1,1,1,1,1
202300020096,2023-05-27 07:55:00,2023,5,27,7,55,987,98715,Quartier BARFF à St Hilaire,-17.584,-149.56,Plein jour,Hors agglomération,Autre intersection,Normale,Deux véhicules - côté,4,-1,1,0,2,2,1,0,8,30,2,4,3,0,0,1,24.0,51.0,voiture,voiture,1,1,9,1,3
202300020097,2023-11-17 10:30:00,2023,11,17,10,30,22,22034,D767 PR 42+500,48.676312,-3.354006,Plein jour,Hors agglomération,Hors intersection,Pluie légère,Deux véhicules - côté,3,1,2,0,1,1,2,0,2,110,2,2,1,0,1,0,50.0,54.0,voiture,voiture,1,1,1,2,3
202300020098,2023-08-07 15:00:00,2023,8,7,15,0,974,97416,AUGUSTIN ARCHAMBAUD(RUE),-21.34087,55.47769,Plein jour,En agglomération,Intersection en T,Normale,Autre collision,4,1,1,0,1,1,1,0,1,50,1,2,1,0,0,1,77.0,,voiture,,1,2,3,1,6
202300020098,2023-08-07 15:00:00,2023,8,7,15,0,974,97416,AUGUSTIN ARCHAMBAUD(RUE),-21.34087,55.47769,Plein jour,En agglomération,Intersection en T,Normale,Autre collision,4,1,1,0,1,1,1,0,1,50,1,2,1,0,0,1,77.0,,voiture,,1,2,3,1,6
202300020099,2023-05-31 08:20:00,2023,5,31,8,20,01,01163,Route de Beaupont,46.404102,5.221762,Plein jour,Hors agglomération,Intersection en X,Normale,Deux véhicules - frontale,3,2,2,0,1,1,1,0,1,80,2,4,0,0,1,3,86.0,30.0,voiture,voiture,1,1,2,1,1
202300020099,2023-05-31 08:20:00,2023,5,31,8,20,01,01163,Route de Beaupont,46.404102,5.221762,Plein jour,Hors agglomération,Intersection en X,Normale,Deux véhicules - frontale,3,2,2,0,2,1,1,0,1,80,2,4,0,0,1,3,86.0,30.0,voiture,voiture,1,1,2,1,1
202300020100,2023-11-17 20:40:00,2023,11,17,20,40,38,38030,D519,45.338933,5.477629,Nuit sans éclairage public,Hors agglomération,Hors intersection,Normale,Deux véhicules - frontale,3,2,2,0,1,3,1,0,1,90,2,2,0,1,1,0,43.0,53.0,voiture,voiture,3,1,1,1,1
202300020101,2023-08-07 12:20:00,2023,8,7,12,20,974,97409,DE LA REPUBLIQUE(AVENUE),-20.96097,55.65051,Plein jour,En agglomération,Hors intersection,Normale,Autre collision,4,3,2,0,1,1,1,0,1,50,1,3,0,0,0,3,39.0,,deux_roues,,1,2,1,1,6
202300020102,2023-11-18 07:00:00,2023,11,18,7,0,26,26010,D1,45.278125,4.885268,Plein jour,Hors agglomération,Giratoire,Normale,Autre collision,3,2,1,0,1,1,1,1,3,80,1,1,0,0,1,0,31.0,,voiture,,1,1,6,1,6
202300020103,2023-08-06 06:00:00,2023,8,6,6,0,972,97213,AUTOROUTE A1,14.59606,-60.98844,Plein jour,Hors agglomération,Hors intersection,Pluie légère,Deux véhicules - côté,1,1,3,0,1,1,2,0,1,70,2,4,2,0,0,2,24.0,25.0,voiture,voiture,1,1,1,2,3
202300020104,2023-05-31 16:50:00,2023,5,31,16,50,01,01335,ROUTE DE LA BRESSE,46.117272,5.078044,Plein jour,En agglomération,Intersection en X,Normale,Trois véhicules et plus - collisions multiples,3,-1,2,0,1,1,1,0,1,50,3,7,3,0,0,4,34.0,37.0,voiture,voiture,1,2,2,1,5
202300020104,2023-05-31 16:50:00,2023,5,31,16,50,01,01335,ROUTE DE LA BRESSE,46.117272,5.078044,Plein jour,En agglomération,Intersection en X,Normale,Trois véhicules et plus - collisions multiples,3,-1,2,0,1,1,1,8,1,50,3,7,3,0,0,4,34.0,37.0,voiture,voiture,1,2,2,1,5
202300020105,2023-11-18 11:55:00,2023,11,18,11,55,21,21339,Route d'Ancey,47.3378356,4.85839021,Plein jour,Hors agglomération,Hors intersection,Normale,Deux véhicules - frontale,3,2,2,0,2,2,2,0,1,80,2,5,3,0,1,1,19.0,49.0,voiture,deux_roues,1,1,1,1,1
202300020106,2023-08-07 14:00:00,2023,8,7,14,0,972,97209,RD 41 (ROCADE),14.61422,-61.05194,Plein jour,En agglomération,Intersection en Y,Temps couvert,Deux véhicules - arrière,1,1, -1,-1,-1,-1,-1,-1,-1,-1,2,2,1,0,0,1,31.0,28.0,voiture,voiture,1,2,4,8,2
202300020106,2023-08-07 14:00:00,2023,8,7,14,0,972,97209,RD 41 (ROCADE),14.61422,-61.05194,Plein jour,En agglomération,Intersection en Y,Temps couvert,Deux véhicules - arrière,1,1,3,0,1,3,1,3,1,50,2,2,1,0,0,1,31.0,28.0,voiture,voiture,1,2,4,8,2
202300020107,2023-05-29 03:00:00,2023,5,29,3,0,01,01001,291 Route de la Fontaine,46.14916,4.92195,Nuit avec éclairage allumé,En agglomération,Intersection en T,Normale,Sans collision,3,2,2,0,1,1,1,0,1,50,1,5,4,1,0,0,19.0,,voiture,,5,2,3,1,7
202300020107,2023-05-29 03:00:00,2023,5,29,3,0,01,01001,291 Route de la Fontaine,46.14916,4.92195,Nuit avec éclairage allumé,En agglomération,Intersection en T,Normale,Sans collision,3,2,2,0,1,1,1,0,1,50,1,5,4,1,0,0,19.0,,voiture,,5,2,3,1,7
202300020108,2023-11-18 06:05:00,2023,11,18,6,5,44,44131,Route de la Plaine,47.13248,-2.159055,Nuit sans éclairage public,Hors agglomération,Hors intersection,Pluie légère,Deux véhicules - frontale,3,2,2,0,1,3,2,0,1,70,2,3,1,0,1,1,22.0,55.0,voiture,transport_commun,3,1,1,2,1
202300020109,2023-08-06 11:23:00,2023,8,6,11,23,971,97101,HIBISCUS,16.25078345,-61.52769685,Plein jour,Hors agglomération,Autre intersection,Normale,Autre collision,3,3,4,0,1,1,1,0,1,70,1,4,1,0,0,3,52.0,,voiture,,1,1,9,1,6
202300020110,2023-05-31 05:44:00,2023,5,31,5,44,58,58215,Départementale 243,47.291223,2.944357,Plein jour,Hors agglomération,Hors intersection,Normale,Sans collision,3,2,2,0,1,1,1,0,1,80,1,1,0,0,0,1,22.0,,deux_roues,,1,1,1,1,7
202300020111,2023-10-12 19:15:00,2023,10,12,19,15,2B,2B251,RT10,42.006548,9.403353,Nuit avec éclairage allumé,Hors agglomération,Hors intersection,Normale,Deux véhicules - côté,2,2,2,0,1,1,9,0,1,70,2,3,1,0,0,2,66.0,16.0,voiture,deux_roues,5,1,1,1,3
202300020112,2023-05-31 13:40:00,2023,5,31,13,40,58,58177,D 144,47.144225,3.864573,Plein jour,Hors agglomération,Hors intersection,Normale,Sans collision,3,2,2,0,2,2,1,0,3,80,1,1,0,0,0,1,75.0,,voiture,,1,1,1,1,7
202300020113,2023-08-06 23:24:00,2023,8,6,23,24,95,95019,COTTAGE (AVENUE DU),48.98892662,2.41007209,Nuit avec éclairage allumé,En agglomération,Intersection en T,Normale,Autre collision,4,2,2,0,1,1,1,0,4,50,1,4,1,0,1,2,42.0,,voiture,,5,2,3,1,6
202300020113,2023-08-06 23:24:00,2023,8,6,23,24,95,95019,COTTAGE (AVENUE DU),48.98892662,2.41007209,Nuit avec éclairage allumé,En agglomération,Intersection en T,Normale,Autre collision,4,2,2,0,2,1,1,0,4,50,1,4,1,0,1,2,42.0,,voiture,,5,2,3,1,6
202300020114,2023-05-29 09:45:00,2023,5,29,9,45,58,58277,449 Route de Moulins-Engilbert,47.02073,3.838187,Plein jour,Hors agglomération,Hors intersection,Normale,Deux véhicules - côté,3,2,2,0,1,1,1,0,1,80,2,2,1,0,1,0,45.0,74.0,voiture,deux_roues,1,1,1,1,3
202300020115,2023-11-17 21:30:00,2023,11,17,21,30,2B,2B166,Intersection T10 et D110,42.516926,9.442628,Nuit avec éclairage allumé,Hors agglomération,Autre intersection,Normale,Deux véhicules - côté,3,2,2,3,2,1,1,9,1,70,2,4,3,0,0,1,43.0,24.0,voiture,voiture,5,1,9,1,3
202300020116,2023-05-30 21:30:00,2023,5,30,21,30,58,58121,Rue France Bloch,47.036025,3.093735,Crépuscule ou aube,Hors agglomération,Hors intersection,Normale,Sans collision,4,2,2,0,1,1,1,0,1,80,1,1,0,0,1,0,42.0,,deux_roues,,2,1,1,1,7
202300020117,2023-11-18 11:50:00,2023,11,18,11,50,82,82089,D813,44.123842,0.830091,Plein jour,Hors agglomération,Intersection en X,Normale,Deux véhicules - côté,3,2,2,0,1,1,1,0,1,80,2,3,1,0,1,1,86.0,21.0,voiture,voiture,1,1,2,1,3
202300020117,2023-11-18 11:50:00,2023,11,18,11,50,82,82089,D813,44.123842,0.830091,Plein jour,Hors agglomération,Intersection en X,Normale,Deux véhicules - côté,3,2,2,0,1,1,1,0,1,50,2,3,1,0,1,1,86.0,21.0,voiture,voiture,1,1,2,1,3
202300020118,2023-05-30 09:45:00,2023,5,30,9,45,66,66071,D611,42.789228,2.690835,Plein jour,Hors agglomération,Hors intersection,Temps éblouissant,Autre collision,3,2,2,0,2,4,1,0,3,80,1,1,0,0,1,0,67.0,,voiture,,1,1,1,7,6
202300020119,2023-11-17 17:57:00,2023,11,17,17,57,82,82047,D18,43.848494,0.920609,Crépuscule ou aube,Hors agglomération,Hors intersection,Normale,Autre collision,3,2,2,0,1,1,9,0,1,-1,1,2,1,1,0,0,94.0,,voiture,,2,1,1,1,6
202300020120,2023-05-30 15:04:00,2023,5,30,15,4,05,05011,D942,44.549664,6.201466,Plein jour,Hors agglomération,Hors intersection,Normale,Sans collision,3,2,2,0,1,1,1,0,3,90,1,1,0,0,1,0,77.0,,voiture,,1,1,1,1,7
202300020121,2023-08-05 22:50:00,2023,8,5,22,50,87,87085,LECLERC (AVENUE DU GENERAL),45.84722,1.2613,Nuit avec éclairage allumé,En agglomération,Intersection en X,Normale,Deux véhicules - côté,4,1,2,0,2,1,1,5,1,30,2,5,3,2,0,0,32.0,17.0,voiture,deux_roues,5,2,2,1,3
202300020121,2023-08-05 22:50:00,2023,8,5,22,50,87,87085,LECLERC (AVENUE DU GENERAL),45.84722,1.2613,Nuit avec éclairage allumé,En agglomération,Intersection en X,Normale,Deux véhicules - côté,4,2,3,3,2,1,1,5,1,50,2,5,3,2,0,0,32.0,17.0,voiture,deux_roues,5,2,2,1,3
202300020122,2023-11-18 18:00:00,2023,11,18,18,0,55,55492,Chemin des Fontenelles,49.130173,5.456192,Nuit sans éclairage public,Hors agglomération,Hors intersection,Pluie forte,Deux véhicules - frontale,3,2,2,0,1,1,2,0,1,90,1,2,1,0,1,0,79.0,,voiture,,3,1,1,3,1
202300020123,2023-05-28 17:40:00,2023,5,28,17,40,50,50166,Route de la Chapelle du Mont,49.32181,-1.557507,Plein jour,Hors agglomération,Hors intersection,Normale,Deux véhicules - frontale,4,2,1,0,2,3,1,0,1,50,2,2,1,0,1,0,60.0,15.0,voiture,deux_roues,1,1,1,1,1
202300020124,2023-08-06 21:00:00,2023,8,6,21,0,85,85194,RD 949,46.50556,-1.78994,Plein jour,En agglomération,Giratoire,Normale,Autre collision,3,1,0,2,1,2,1,0,1,50,1,4,1,0,1,2,24.0,,utilitaire_camion,,1,2,6,1,6
202300020124,2023-08-06 21:00:00,2023,8,6,21,0,85,85194,RD 949,46.50556,-1.78994,Plein jour,En agglomération,Giratoire,Normale,Autre collision,3,1,0,2,1,3,1,0,1,50,1,4,1,0,1,2,24.0,,utilitaire_camion,,1,2,6,1,6
202300020125,2023-11-17 12:50:00,2023,11,17,12,50,55,55046,D904,48.967801,5.812508,Plein jour,Hors agglomération,Hors intersection,Pluie légère,Deux véhicules - côté,3,2,2,0,1,1,2,0,1,90,2,2,0,0,0,2,23.0,20.0,voiture,voiture,1,1,1,2,3
202300020126,2023-08-03 12:00:00,2023,8,3,12,0,83,83123,LANGE (CHEMIN),43.125943,5.795324,Plein jour,En agglomération,Hors intersection,Normale,Deux véhicules - frontale,4,2,2,0,2,1,1,9,1,50,2,3,0,0,2,1,34.0,55.0,deux_roues,deux_roues,1,2,1,1,1
202300020127,2023-05-30 13:43:00,2023,5,30,13,43,18,18126,Avenue Nationale,46.924952,2.408012,Plein jour,En agglomération,Intersection en T,Normale,Autre collision,3,2,2,0,1,1,1,0,1,50,1,2,1,1,0,0,30.0,,utilitaire_camion,,1,2,3,1,6
202300020127,2023-05-30 13:43:00,2023,5,30,13,43,18,18126,Avenue Nationale,46.924952,2.408012,Plein jour,En agglomération,Intersection en T,Normale,Autre collision,3,2,2,0,1,1,1,0,1,50,1,2,1,1,0,0,30.0,,utilitaire_camion,,1,2,3,1,6
202300020128,2023-11-17 05:26:00,2023,11,17,5,26,49,49214,43 Avenue Esperanto,47.53104,-0.596148,Nuit avec éclairage non allumé,En agglomération,Hors intersection,Normale,Deux véhicules - frontale,4,2,2,0,2,2,1,0,4,50,1,1,0,0,1,0,20.0,,voiture,,4,2,1,1,1
202300020129,2023-08-04 17:35:00,2023,8,4,17,35,80,80021,JULES FERRY (CHAUSSEE),49.87911,2.33536,Plein jour,En agglomération,Intersection en T,Normale,Deux véhicules - côté,4,2,2,0,1,1,1,0,1,50,2,2,1,0,0,1,31.0,82.0,voiture,voiture,1,2,3,1,3
202300020129,2023-08-04 17:35:00,2023,8,4,17,35,80,80021,JULES FERRY (CHAUSSEE),49.87911,2.33536,Plein jour,En agglomération,Intersection en T,Normale,Deux véhicules - côté,4,2,0,0,1,1,1,0,1,-1,2,2,1,0,0,1,31.0,82.0,voiture,voiture,1,2,3,1,3
202300020130,2023-08-06 19:05:00,2023,8,6,19,5,80,80489,RN 25,49.87024,2.37242,Plein jour,Hors agglomération,Hors intersection,Normale,Deux véhicules - côté,2,3,2,0,1,1,1,0,1,110,2,2,0,0,0,2,32.0,28.0,voiture,voiture,1,1,1,1,3
202300020131,2023-05-30 11:40:00,2023,5,30,11,40,53,53104,Rue de la Division Leclerc,47.853656,-0.60877,Plein jour,En agglomération,Hors intersection,Normale,Trois véhicules et plus - collisions multiples,3,-1,2,0,1,1,1,0,1,-1,3,4,3,0,1,0,29.0,26.0,voiture,utilitaire_camion,1,2,1,1,5
202300020132,2023-11-17 21:20:00,2023,11,17,21,20,34,34028,D 35,43.635702,3.162947,Nuit sans éclairage public,Hors agglomération,Hors intersection,Normale,Autre collision,3,2,2,0,1,1,9,8,1,-1,1,4,0,1,0,3,19.0,,voiture,,3,1,1,1,6
202300020133,2023-05-30 23:50:00,2023,5,30,23,50,24,24146,N21,45.063552,0.679646,Nuit sans éclairage public,Hors agglomération,Hors intersection,Normale,Autre collision,2,2,3,0,1,2,1,0,3,80,1,1,0,0,1,0,22.0,,voiture,,3,1,1,1,6
202300020134,2023-08-07 13:30:00,2023,8,7,13,30,77,77450,N 19,48.70408,2.59469,Plein jour,Hors agglomération,Autre intersection,Normale,Deux véhicules - côté,2,1,0,0,1,2,1,0,1,50,2,2,1,0,0,1,35.0,37.0,deux_roues,voiture,1,1,9,1,3
202300020135,2023-11-17 10:40:00,2023,11,17,10,40,44,44150,2 Place de l'Eglise,47.123043,-1.633477,Plein jour,En agglomération,Hors intersection,Normale,Autre collision,4,2,2,0,1,1,1,0,1,30,1,2,1,0,1,0,87.0,,voiture,,1,2,1,1,6
202300020136,2023-05-31 14:45:00,2023,5,31,14,45,04,04162,lieu dit les eyries,43.979564,5.661886,Plein jour,Hors agglomération,Hors intersection,Pluie légère,Autre collision,3,2,2,0,2,4,2,0,3,80,1,2,1,0,1,0,41.0,,voiture,,1,1,1,2,6
202300020137,2023-08-04 14:45:00,2023,8,4,14,45,76,76351,VERDUN (RUE DE),49.50234,0.18826,Plein jour,En agglomération,Hors intersection,Normale,Deux véhicules - côté,3,2,2,1,2,1,1,0,1,50,2,3,1,0,0,2,47.0,22.0,deux_roues,voiture,1,2,1,1,3
202300020138,2023-05-30 08:00:00,2023,5,30,8,0,85,85154,la sauvagère,46.6445,-0.841827,Plein jour,Hors agglomération,Hors intersection,Normale,Deux véhicules - frontale,4,2,2,0,2,1,1,0,1,80,2,2,1,0,1,0,25.0,16.0,voiture,deux_roues,1,1,1,1,1
202300020139,2023-11-11 10:30:00,2023,11,11,10,30,29,29214,Prat Kergoe,47.917367,-4.370634,Plein jour,En agglomération,Hors intersection,Normale,Sans collision,4,2,2,0,1,1,1,0,1,50,1,1,0,0,1,0,15.0,,deux_roues,,1,2,1,1,7
202300020140,2023-08-05 14:24:00,2023,8,5,14,24,71,71059,COUCHES (ROUTE DE),46.8103,4.4744,Plein jour,En agglomération,Hors intersection,Temps couvert,Autre collision,4,2,1,0,1,1,1,0,3,50,1,3,2,1,0,0,77.0,,voiture,,1,2,1,8,6
202300020141,2023-05-30 16:10:00,2023,5,30,16,10,85,85014,12 la grange nicolas,46.657185,-0.87922,Plein jour,Hors agglomération,Hors intersection,Normale,Deux véhicules - frontale,4,2,2,0,2,2,1,0,1,70,2,3,2,0,1,0,20.0,72.0,deux_roues,utilitaire_camion,1,1,1,1,1
202300020142,2023-08-07 17:40:00,2023,8,7,17,40,69,69266,4 Rue Pélisson,45.77373,4.88529,Plein jour,En agglomération,Hors intersection,Normale,Autre collision,4,2,2,2,1,1,1,0,4,30,1,1,0,0,0,1,50.0,,voiture,,1,2,1,1,6
202300020143,2023-11-13 18:00:00,2023,11,13,18,0,02,02250,,49.389294,3.768278,Nuit sans éclairage public,Hors agglomération,Intersection en X,Pluie légère,Deux véhicules - arrière,3,1,2,0,1,1,2,0,1,80,2,2,1,0,1,0,50.0,79.0,voiture,voiture,3,1,2,2,2
202300020143,2023-11-13 18:00:00,2023,11,13,18,0,02,02250,,49.389294,3.768278,Nuit sans éclairage public,Hors agglomération,Intersection en X,Pluie légère,Deux véhicules - arrière,3,2, -1,-1,1,1,2,0,1,-1,2,2,1,0,1,0,50.0,79.0,voiture,voiture,3,1,2,2,2
202300020144,2023-05-28 23:20:00,2023,5,28,23,20,17,17344,Chez Chevroux,45.862228,-0.591455,Nuit sans éclairage public,Hors agglomération,Hors intersection,Normale,Autre collision,3,2,2,0,1,2,1,0,3,80,1,1,0,0,1,0,47.0,,voiture,,3,1,1,1,6
202300020145,2023-08-07 19:30:00,2023,8,7,19,30,69,69029,Avenue Franklin Roosevelt,45.7354,4.9031,Plein jour,En agglomération,Intersection en X,Normale,Deux véhicules - côté,4,2,6,0,1,1,1,5,1,50,2,2,1,0,0,1,21.0,,voiture,voiture,1,2,2,1,3
202300020145,2023-08-07 19:30:00,2023,8,7,19,30,69,69029,Avenue Franklin Roosevelt,45.7354,4.9031,Plein jour,En agglomération,Intersection en X,Normale,Deux véhicules - côté,4,2,6,1,1,1,1,5,1,50,2,2,1,0,0,1,21.0,,voiture,voiture,1,2,2,1,3
202300020146,2023-11-17 18:00:00,2023,11,17,18,0,02,02173,5 Boulevard de l'Europe,49.626268,3.214834,Nuit avec éclairage allumé,En agglomération,Intersection en X,Pluie légère,Deux véhicules - côté,4,2, -1,-1,1,1,2,0,1,-1,2,2,1,0,1,0,40.0,15.0,voiture,deux_roues,5,2,2,2,3
202300020146,2023-11-17 18:00:00,2023,11,17,18,0,02,02173,5 Boulevard de l'Europe,49.626268,3.214834,Nuit avec éclairage allumé,En agglomération,Intersection en X,Pluie légère,Deux véhicules - côté,4,2,2,1,1,1,2,0,1,-1,2,2,1,0,1,0,40.0,15.0,voiture,deux_roues,5,2,2,2,3
202300020147,2023-05-31 16:40:00,2023,5,31,16,40,08,08498,D3,49.74081519,4.67093239,Plein jour,En agglomération,Hors intersection,Temps éblouissant,Deux véhicules - côté,3,2,2,0,2,4,1,0,1,70,2,2,1,0,1,0,28.0,29.0,voiture,deux_roues,1,2,1,7,3
202300020148,2023-11-18 07:55:00,2023,11,18,7,55,70,70232,Aux Ruots,47.658035,5.983531,Plein jour,Hors agglomération,Hors intersection,Temps couvert,Sans collision,3,2,2,0,1,3,2,0,1,80,1,1,0,0,1,0,39.0,,voiture,,1,1,1,8,7
202300020149,2023-08-04 13:59:00,2023,8,4,13,59,66,66136,,42.72788,2.89501,Plein jour,En agglomération,Intersection en T,Normale,Deux véhicules - côté,4,-1, -1,-1,1,1,1,0,8,-1,2,2,1,0,1,0,25.0,39.0,voiture,deux_roues,1,2,3,1,3
202300020149,2023-08-04 13:59:00,2023,8,4,13,59,66,66136,,42.72788,2.89501,Plein jour,En agglomération,Intersection en T,Normale,Deux véhicules - côté,4,2,2,0,1,1,1,0,1,50,2,2,1,0,1,0,25.0,39.0,voiture,deux_roues,1,2,3,1,3
202300020150,2023-05-30 17:40:00,2023,5,30,17,40,973,97307,RN 2,4.884138,-52.335767,Plein jour,En agglomération,Intersection en X,Normale,Deux véhicules - côté,2,2,3,0,1,1,1,5,1,50,2,2,1,0,1,0,31.0,21.0,deux_roues,voiture,1,2,2,1,3
202300020150,2023-05-30 17:40:00,2023,5,30,17,40,973,97307,RN 2,4.884138,-52.335767,Plein jour,En agglomération,Intersection en X,Normale,Deux véhicules - côté,2,2, -1,-1,1,1,1,0,1,-1,2,2,1,0,1,0,31.0,21.0,deux_roues,voiture,1,2,2,1,3
202300020151,2023-08-07 19:00:00,2023,8,7,19,0,64,64260,BEHOBIE (RUE DE),43.35089,-1.78312,Plein jour,En agglomération,Hors intersection,Normale,Deux véhicules - côté,4,2,0,0,1,1,1,2,1,30,2,2,1,0,0,1,17.0,67.0,deux_roues,voiture,1,2,1,1,3
202300020152,2023-11-17 16:55:00,2023,11,17,16,55,66,66167,,42.45692327,2.03751862,Crépuscule ou aube,En agglomération,Hors intersection,Normale,Autre collision,2,2,2,0,2,1,1,0,1,50,1,3,1,0,1,1,63.0,,voiture,,2,2,1,1,6
202300020153,2023-08-07 12:24:00,2023,8,7,12,24,64,64483,RD810,43.40371,-1.63319,Plein jour,En agglomération,Hors intersection,Normale,Deux véhicules - frontale,3,2,0,0,2,1,1,0,1,70,2,2,1,0,0,1,36.0,34.0,voiture,deux_roues,1,2,1,1,1
202300020154,2023-05-30 18:00:00,2023,5,30,18,0,24,24585,D57,44.604402,1.107838,Plein jour,Hors agglomération,Intersection en X,Normale,Deux véhicules - côté,3,2,2,0,1,1,1,0,1,80,2,2,1,0,1,0,61.0,27.0,voiture,voiture,1,1,2,1,3
202300020154,2023-05-30 18:00:00,2023,5,30,18,0,24,24585,D57,44.604402,1.107838,Plein jour,Hors agglomération,Intersection en X,Normale,Deux véhicules - côté,3,2,2,0,1,1,1,0,1,80,2,2,1,0,1,0,61.0,27.0,voiture,voiture,1,1,2,1,3
202300020155,2023-05-31 07:45:00,2023,5,31,7,45,76,76684,D910,49.477773,0.45869,Plein jour,Hors agglomération,Giratoire,Normale,Deux véhicules - côté,3,2,2,0,1,3,1,0,1,50,2,2,1,0,1,0,47.0,25.0,utilitaire_camion,voiture,1,1,6,1,3
202300020156,2023-11-18 13:05:00,2023,11,18,13,5,50,50589,N175,48.577423,-1.448538,Plein jour,Hors agglomération,Intersection en X,Pluie légère,Deux véhicules - côté,2,2,0,0,2,1,2,5,1,70,2,6,5,0,1,0,56.0,63.0,voiture,voiture,1,1,2,2,3
202300020156,2023-11-18 13:05:00,2023,11,18,13,5,50,50589,N175,48.577423,-1.448538,Plein jour,Hors agglomération,Intersection en X,Pluie légère,Deux véhicules - côté,2,2,0,0,1,1,2,5,1,80,2,6,5,0,1,0,56.0,63.0,voiture,voiture,1,1,2,2,3
202300020157,2023-08-07 16:15:00,2023,8,7,16,15,64,64335,SOUVENIR FRANCAIS DU,43.32234,-0.43715,Plein jour,En agglomération,Intersection en T,Normale,Deux véhicules - côté,4,2,2,0,1,1,1,0,1,50,2,2,1,0,0,1,79.0,70.0,voiture,deux_roues,1,2,3,1,3
202300020157,2023-08-07 16:15:00,2023,8,7,16,15,64,64335,SOUVENIR FRANCAIS DU,43.32234,-0.43715,Plein jour,En agglomération,Intersection en T,Normale,Deux véhicules - côté,4,1,2,0,1,1,1,0,1,50,2,2,1,0,0,1,79.0,70.0,voiture,deux_roues,1,2,3,1,3
202300020158,2023-05-03 19:45:00,2023,5,3,19,45,67,67389,M63,48.648319,7.739098,Crépuscule ou aube,Hors agglomération,Autre intersection,Normale,Deux véhicules - arrière,7,1,1,0,1,1,1,0,1,80,2,2,1,0,0,1,35.0,31.0,voiture,voiture,2,1,9,1,2
202300020159,2023-08-07 17:35:00,2023,8,7,17,35,64,64122,GENERAL DE GAULLE (BD DU),43.48353,-1.55931,Plein jour,En agglomération,Hors intersection,Normale,Deux véhicules - côté,4,2,2,0,1,1,1,0,1,30,2,3,1,0,0,2,16.0,20.0,deux_roues,voiture,1,2,1,1,3
202300020160,2023-11-17 18:15:00,2023,11,17,18,15,64,64386,Route de Pau,43.189271,-0.250379,Nuit avec éclairage allumé,En agglomération,Intersection en X,Normale,Deux véhicules - côté,3,2,2,0,1,1,1,0,1,50,2,2,1,0,0,1,53.0,54.0,deux_roues,voiture,5,2,2,1,3
202300020160,2023-11-17 18:15:00,2023,11,17,18,15,64,64386,Route de Pau,43.189271,-0.250379,Nuit avec éclairage allumé,En agglomération,Intersection en X,Normale,Deux véhicules - côté,3,2, -1,-1,1,1,1,0,1,-1,2,2,1,0,0,1,53.0,54.0,deux_roues,voiture,5,2,2,1,3
202300020161,2023-05-31 03:15:00,2023,5,31,3,15,63,63300,A71,45.895291,3.153661,Nuit sans éclairage public,Hors agglomération,Hors intersection,Normale,Autre collision,1,3,4,0,1,1,1,8,2,130,1,1,0,0,0,1,35.0,,utilitaire_camion,,3,1,1,1,6
202300020162,2023-08-07 21:27:00,2023,8,7,21,27,63,63113,DESAIX (BD)/Nestor Perret,45.77725084,3.08305174,Nuit avec éclairage allumé,En agglomération,Intersection en T,Normale,Deux véhicules - arrière,4,1,1,0,2,1,1,0,1,30,2,2,1,0,0,1,24.0,68.0,voiture,deux_roues,5,2,3,1,2