accident_id,datetime,annee,mois,jour,heure,minute,departement,commune_insee,adresse,latitude,longitude,luminosite,agglomeration,intersection,meteo,collision,catr,circ,nbv,vosp,prof,plan,surf,infra,situ,vma,nb_vehicules,nb_usagers,nb_indemnes,nb_tues,nb_blesses_hosp,nb_blesses_legers,age_cond_1,age_cond_2,veh_type_cond_1,veh_type_cond_2,lum_code,agg_code,int_code,atm_code,col_code
202300020162,2023-08-07 21:27:00,2023,8,7,21,27,63,63113,DESAIX (BD)/Nestor Perret,45.77725084,3.08305174,Nuit avec éclairage allumé,En agglomération,Intersection en T,Normale,Deux véhicules - arrière,4,1,1,0,1,1,1,0,1,30,2,2,1,0,0,1,24.0,68.0,voiture,deux_roues,5,2,3,1,2
202300020163,2023-05-31 07:40:00,2023,5,31,7,40,13,13051,D10,43.572442,5.156719,Plein jour,Hors agglomération,Hors intersection,Normale,Deux véhicules - arrière,3,2,2,0,1,1,1,0,1,80,2,2,1,0,1,0,56.0,43.0,deux_roues,utilitaire_camion,1,1,1,1,2
202300020164,2023-11-17 07:10:00,2023,11,17,7,10,73,73105,D1006,45.44573206,5.73935636,Crépuscule ou aube,Hors agglomération,Hors intersection,Normale,Deux véhicules - frontale,3,2,2,0,1,1,2,0,1,80,2,2,0,0,1,1,25.0,58.0,voiture,voiture,2,1,1,1,1
202300020165,2023-08-07 22:25:00,2023,8,7,22,25,59,59009,VAN GOGH BOULEVARD,50.6202,3.13534,Nuit avec éclairage allumé,En agglomération,Intersection en X,Normale,Autre collision,7,1,1,0,1,1,1,0,3,50,1,1,0,0,0,1,30.0,,voiture,,5,2,2,1,6
202300020165,2023-08-07 22:25:00,2023,8,7,22,25,59,59009,VAN GOGH BOULEVARD,50.6202,3.13534,Nuit avec éclairage allumé,En agglomération,Intersection en X,Normale,Autre collision,7,1,1,0,1,1,1,2,3,50,1,1,0,0,0,1,30.0,,voiture,,5,2,2,1,6
202300020166,2023-05-30 10:15:00,2023,5,30,10,15,78,78466,Route de Quarante Sous (Pont),48.925111,1.991921,Plein jour,Hors agglomération,Intersection en T,Normale,Autre collision,3,3,0,0,1,1,1,0,1,70,1,2,1,0,0,1,21.0,,voiture,,1,1,3,1,6
202300020166,2023-05-30 10:15:00,2023,5,30,10,15,78,78466,Route de Quarante Sous (Pont),48.925111,1.991921,Plein jour,Hors agglomération,Intersection en T,Normale,Autre collision,3,2, -1,-1,1,1,1,0,1,-1,1,2,1,0,0,1,21.0,,voiture,,1,1,3,1,6
202300020167,2023-11-17 17:55:00,2023,11,17,17,55,18,18141,23 Rue du Richefort,47.117354,2.206587,Nuit sans éclairage public,En agglomération,Hors intersection,Pluie légère,Deux véhicules - frontale,3,2,2,0,1,3,2,2,1,80,2,4,2,0,1,1,50.0,37.0,voiture,voiture,3,2,1,2,1
202300020168,2023-08-07 14:20:00,2023,8,7,14,20,59,59350,MARQUILLIES RUE,50.614,3.052,Plein jour,En agglomération,Intersection en T,Normale,Deux véhicules - côté,4,1,2,2,1,1,1,9,1,30,2,2,1,0,0,1,31.0,25.0,deux_roues,voiture,1,2,3,1,3
202300020168,2023-08-07 14:20:00,2023,8,7,14,20,59,59350,MARQUILLIES RUE,50.614,3.052,Plein jour,En agglomération,Intersection en T,Normale,Deux véhicules - côté,4,2,2,1,1,1,1,9,1,50,2,2,1,0,0,1,31.0,25.0,deux_roues,voiture,1,2,3,1,3
202300020169,2023-05-30 18:05:00,2023,5,30,18,5,38,38384,Route de Chartreuse,45.347131,5.350631,Plein jour,Hors agglomération,Hors intersection,Normale,Deux véhicules - frontale,3,2,2,0,1,1,1,0,1,80,2,2,1,0,1,0,16.0,55.0,deux_roues,transport_commun,1,1,1,1,1
202300020170,2023-11-18 13:25:00,2023,11,18,13,25,18,18229,,47.238219,2.381351,Plein jour,Hors agglomération,Hors intersection,Normale,Sans collision,3,2,2,0,2,1,1,0,3,80,1,1,0,1,0,0,57.0,,voiture,,1,1,1,1,7
202300020171,2023-08-06 10:20:00,2023,8,6,10,20,54,54304,LIBERATION (RUE DE LA),48.67851,6.1605,Plein jour,En agglomération,Hors intersection,Pluie légère,Autre collision,4,-1,2,0,1,1,2,0,1,50,1,2,1,0,0,1,86.0,,voiture,,1,2,1,2,6
202300020172,2023-08-02 18:05:00,2023,8,2,18,5,40,40192,HOUGA (AV DU),43.87582,-0.47164,Plein jour,En agglomération,Hors intersection,Normale,Deux véhicules - arrière,3,2,1,0,1,1,1,0,1,50,2,2,0,0,1,1,81.0,32.0,voiture,voiture,1,2,1,1,2
202300020173,2023-05-29 22:30:00,2023,5,29,22,30,11,11262,,43.16579455,2.99907637,Nuit sans éclairage public,Hors agglomération,Hors intersection,Normale,Deux véhicules - arrière,1,3,3,0,1,1,1,0,1,130,2,4,3,0,0,1,49.0,43.0,utilitaire_camion,voiture,3,1,1,1,2
202300020174,2023-11-18 12:25:00,2023,11,18,12,25,21,21420,D14,47.012219,4.581955,Plein jour,En agglomération,Hors intersection,Normale,Deux véhicules - frontale,3,-1,2,0,2,2,2,0,1,90,2,4,2,0,0,2,33.0,43.0,utilitaire_camion,voiture,1,2,1,1,1
202300020175,2023-08-07 20:00:00,2023,8,7,20,0,37,37261,BERT (QUAI PAUL),47.40187,0.6901,Plein jour,En agglomération,Hors intersection,Normale,Deux véhicules - arrière,4,2,2,0,1,1,1,0,1,50,2,2,1,0,0,1,23.0,27.0,deux_roues,voiture,1,2,1,1,2
202300020176,2023-05-31 05:30:00,2023,5,31,5,30,971,97116,rond point d'espérance,16.328624,-61.449366,Crépuscule ou aube,En agglomération,Giratoire,Normale,Autre collision,2,2,2,0,1,3,1,0,1,50,1,2,1,0,1,0,23.0,,voiture,,2,2,6,1,6
202300020177,2023-08-07 07:42:00,2023,8,7,7,42,37,37261,COURTELINE (RUE GEORGES),47.39313,0.67366,Plein jour,En agglomération,Autre intersection,Normale,Deux véhicules - côté,4,1,1,0,1,1,1,0,1,50,2,2,1,0,0,1,55.0,57.0,utilitaire_camion,deux_roues,1,2,9,1,3
202300020178,2023-11-14 14:45:00,2023,11,14,14,45,40,40286,Route d'Arzacq,43.616988,-0.456407,Plein jour,Hors agglomération,Intersection en T,Normale,Deux véhicules - arrière,3,2,2,0,1,1,1,0,1,80,2,2,1,0,1,0,73.0,29.0,voiture,deux_roues,1,1,3,1,2
202300020178,2023-11-14 14:45:00,2023,11,14,14,45,40,40286,Route d'Arzacq,43.616988,-0.456407,Plein jour,Hors agglomération,Intersection en T,Normale,Deux véhicules - arrière,3,-1, -1,-1,-1,-1,-1,-1,-1,-1,2,2,1,0,1,0,73.0,29.0,voiture,deux_roues,1,1,3,1,2
202300020179,2023-05-29 20:18:00,2023,5,29,20,18,13,13040,D96 angle D56E,43.459792,5.54646,Plein jour,Hors agglomération,Intersection en X,Normale,Deux véhicules - frontale,3,2,1,0,1,1,1,5,1,80,2,2,0,0,0,2,60.0,22.0,voiture,voiture,1,1,2,1,1
202300020179,2023-05-29 20:18:00,2023,5,29,20,18,13,13040,D96 angle D56E,43.459792,5.54646,Plein jour,Hors agglomération,Intersection en X,Normale,Deux véhicules - frontale,3,2, -1,-1,1,1,1,5,1,-1,2,2,0,0,0,2,60.0,22.0,voiture,voiture,1,1,2,1,1
202300020180,2023-11-18 11:30:00,2023,11,18,11,30,85,85160,"RD 85, PK 5 + 100",46.5932252,-1.405804,Plein jour,Hors agglomération,Hors intersection,Pluie légère,Deux véhicules - frontale,3,2,2,0,1,1,2,0,1,80,2,3,0,0,3,0,21.0,63.0,voiture,voiture,1,1,1,2,1
202300020181,2023-05-31 14:20:00,2023,5,31,14,20,77,77453,RD 408,48.545336,2.722936,Plein jour,Hors agglomération,Hors intersection,Normale,Autre collision,3,2,2,0,1,1,1,0,8,80,1,1,0,1,0,0,74.0,,voiture,,1,1,1,1,6
202300020182,2023-08-06 01:12:00,2023,8,6,1,12,14,14333,Chemin du Vallon,49.405828,0.205454,Nuit sans éclairage public,Hors agglomération,Intersection en X,Normale,Autre collision,3,2,2,0,1,1,1,0,1,50,1,1,0,0,0,1,49.0,,deux_roues,,3,1,2,1,6
202300020182,2023-08-06 01:12:00,2023,8,6,1,12,14,14333,Chemin du Vallon,49.405828,0.205454,Nuit sans éclairage public,Hors agglomération,Intersection en X,Normale,Autre collision,3,2,2,0,1,1,1,0,1,80,1,1,0,0,0,1,49.0,,deux_roues,,3,1,2,1,6
202300020183,2023-05-31 06:55:00,2023,5,31,6,55,78,78531,autoroute a13 pk 54+300,49.004008,1.604329,Plein jour,Hors agglomération,Hors intersection,Normale,Deux véhicules - arrière,1,3,3,0,3,1,1,0,1,130,2,2,1,0,1,0,35.0,51.0,voiture,voiture,1,1,1,1,2
202300020184,2023-11-17 15:00:00,2023,11,17,15,0,28,28028,D110,48.076258,1.55419,Plein jour,Hors agglomération,Intersection en X,Normale,Deux véhicules - côté,3,2,2,0,1,1,1,0,1,80,2,2,1,0,1,0,52.0,70.0,utilitaire_camion,voiture,1,1,2,1,3
202300020184,2023-11-17 15:00:00,2023,11,17,15,0,28,28028,D110,48.076258,1.55419,Plein jour,Hors agglomération,Intersection en X,Normale,Deux véhicules - côté,3,2,1,0,1,1,1,0,1,80,2,2,1,0,1,0,52.0,70.0,utilitaire_camion,voiture,1,1,2,1,3
202300020185,2023-08-07 13:45:00,2023,8,7,13,45,13,13206,ROME (RUE DE),43.29119,5.38079,Plein jour,En agglomération,Intersection en X,Normale,Deux véhicules - côté,4,1,2,0,2,1,1,0,1,50,2,2,1,0,1,0,31.0,63.0,voiture,deux_roues,1,2,2,1,3
202300020185,2023-08-07 13:45:00,2023,8,7,13,45,13,13206,ROME (RUE DE),43.29119,5.38079,Plein jour,En agglomération,Intersection en X,Normale,Deux véhicules - côté,4,2,2,3,1,1,1,0,1,50,2,2,1,0,1,0,31.0,63.0,voiture,deux_roues,1,2,2,1,3
202300020186,2023-05-30 01:00:00,2023,5,30,1,0,34,34296,D610,43.749645,4.057775,Nuit sans éclairage public,Hors agglomération,Hors intersection,Pluie forte,Autre collision,3,2,2,0,1,3,2,0,8,80,1,1,0,0,1,0,23.0,,voiture,,3,1,1,3,6
202300020187,2023-08-07 18:30:00,2023,8,7,18,30,06,06069,BELLEVUE (BOULEVARD),43.665895,6.931504,Plein jour,En agglomération,Hors intersection,Normale,Deux véhicules - frontale,3,2,2,0,2,2,1,0,1,50,2,2,1,0,0,1,76.0,36.0,voiture,transport_commun,1,2,1,1,1
202300020188,2023-11-17 11:30:00,2023,11,17,11,30,37,37273,D142,47.386056,0.785555,Plein jour,Hors agglomération,Intersection en Y,Normale,Deux véhicules - arrière,3,2,2,0,1,1,1,0,1,70,2,2,1,0,0,1,23.0,85.0,voiture,voiture,1,1,4,1,2
202300020188,2023-11-17 11:30:00,2023,11,17,11,30,37,37273,D142,47.386056,0.785555,Plein jour,Hors agglomération,Intersection en Y,Normale,Deux véhicules - arrière,3,2,2,0,1,1,1,5,1,50,2,2,1,0,0,1,23.0,85.0,voiture,voiture,1,1,4,1,2
202300020189,2023-05-26 18:30:00,2023,5,26,18,30,84,84054,2444 Route de Carpentras,43.94543,5.054662,Plein jour,Hors agglomération,Hors intersection,Normale,Deux véhicules - frontale,3,2,2,0,1,3,1,0,1,-1,2,2,0,1,0,1,70.0,42.0,voiture,deux_roues,1,1,1,1,1
202300020190,2023-11-18 11:15:00,2023,11,18,11,15,30,30075,D999,43.85215195,4.27229333,Plein jour,Hors agglomération,Hors intersection,Normale,Deux véhicules - frontale,3,2,2,0,1,1,1,0,1,80,2,2,0,0,2,0,35.0,71.0,voiture,voiture,1,1,1,1,1
202300020191,2023-08-05 16:25:00,2023,8,5,16,25,06,06004,CHATAIGNIERS AV.DU,43.58092,7.11489,Plein jour,En agglomération,Intersection en X,Normale,Deux véhicules - côté,4,3,2,0,2,1,1,0,1,50,2,3,1,0,2,0,42.0,27.0,deux_roues,voiture,1,2,2,1,3
202300020191,2023-08-05 16:25:00,2023,8,5,16,25,06,06004,CHATAIGNIERS AV.DU,43.58092,7.11489,Plein jour,En agglomération,Intersection en X,Normale,Deux véhicules - côté,4,4,2,0,1,2,1,0,1,50,2,3,1,0,2,0,42.0,27.0,deux_roues,voiture,1,2,2,1,3
202300020192,2023-05-30 23:05:00,2023,5,30,23,5,84,84081,49 Avenue Pierre de Coubertin,43.935878,4.905363,Nuit sans éclairage public,En agglomération,Hors intersection,Pluie forte,Autre collision,4,2,2,0,1,2,2,0,8,50,1,1,0,0,1,0,32.0,,voiture,,3,2,1,3,6
202300020193,2023-11-16 22:30:00,2023,11,16,22,30,88,88328,Route de Rambervillers,48.321639,6.84209,Nuit sans éclairage public,Hors agglomération,Hors intersection,Pluie légère,Sans collision,3,2,2,0,1,3,2,0,3,80,1,1,0,0,0,1,22.0,,voiture,,3,1,1,2,7
202300020194,2023-08-06 17:00:00,2023,8,6,17,0,75,75118,PORTE DE LA CHAPELLE,48.90088492,2.36389518,Plein jour,En agglomération,Intersection en Y,Normale,Deux véhicules - arrière,4,1,2,0,1,1,1,0,1,50,2,2,1,0,0,1,21.0,38.0,voiture,voiture,1,2,4,1,2
202300020194,2023-08-06 17:00:00,2023,8,6,17,0,75,75118,PORTE DE LA CHAPELLE,48.90088492,2.36389518,Plein jour,En agglomération,Intersection en Y,Normale,Deux véhicules - arrière,4,1,4,0,1,1,1,0,1,70,2,2,1,0,0,1,21.0,38.0,voiture,voiture,1,2,4,1,2
202300020195,2023-05-24 18:50:00,2023,5,24,18,50,13,13015,Avenue Thiers,43.447066,5.415793,Plein jour,En agglomération,Intersection en T,Normale,Deux véhicules - frontale,3,2,2,0,1,1,1,0,1,50,2,2,1,0,0,1,44.0,30.0,deux_roues,voiture,1,2,3,1,1
202300020195,2023-05-24 18:50:00,2023,5,24,18,50,13,13015,Avenue Thiers,43.447066,5.415793,Plein jour,En agglomération,Intersection en T,Normale,Deux véhicules - frontale,3,2, -1,-1,1,1,1,0,1,-1,2,2,1,0,0,1,44.0,30.0,deux_roues,voiture,1,2,3,1,1
202300020196,2023-08-07 08:48:00,2023,8,7,8,48,75,75120,RUE ALEXANDRE DUMAS,48.854365,2.396183,Plein jour,En agglomération,Intersection en X,Normale,Deux véhicules - côté,4,-1, -1,-1,1,1,1,0,1,30,2,2,1,0,0,1,43.0,34.0,deux_roues,deux_roues,1,2,2,1,3
202300020196,2023-08-07 08:48:00,2023,8,7,8,48,75,75120,RUE ALEXANDRE DUMAS,48.854365,2.396183,Plein jour,En agglomération,Intersection en X,Normale,Deux véhicules - côté,4,1,1,2,2,1,1,0,1,30,2,2,1,0,0,1,43.0,34.0,deux_roues,deux_roues,1,2,2,1,3
202300020197,2023-05-30 07:40:00,2023,5,30,7,40,71,71372,911 Route Nationale 6,46.182226,4.749307,Plein jour,En agglomération,Intersection en T,Normale,Deux véhicules - côté,3,2,2,0,1,1,1,5,8,50,2,2,1,0,0,1,73.0,54.0,voiture,deux_roues,1,2,3,1,3
202300020197,2023-05-30 07:40:00,2023,5,30,7,40,71,71372,911 Route Nationale 6,46.182226,4.749307,Plein jour,En agglomération,Intersection en T,Normale,Deux véhicules - côté,3,2,3,0,1,3,1,5,1,50,2,2,1,0,0,1,73.0,54.0,voiture,deux_roues,1,2,3,1,3
202300020198,2023-05-31 07:15:00,2023,5,31,7,15,67,67001,Route de Strasbourg,48.583045,7.631754,Plein jour,En agglomération,Hors intersection,Normale,Autre collision,7,2,2,0,1,1,1,5,1,50,1,2,1,0,0,1,37.0,,voiture,,1,2,1,1,6
202300020199,2023-08-07 14:15:00,2023,8,7,14,15,75,75119,BOULEVARD SERURIER,48.87853,2.402559,Plein jour,En agglomération,Hors intersection,Normale,Deux véhicules - côté,4,3,6,3,2,1,1,0,1,30,2,3,1,0,0,2,51.0,49.0,deux_roues,voiture,1,2,1,1,3
202300020200,2023-11-18 05:25:00,2023,11,18,5,25,40,40306,A64  PK 38 sens Toulouse / Bayonne,43.511024,-1.052155,Nuit sans éclairage public,Hors agglomération,Hors intersection,Normale,Autre collision,1,3,2,0,1,1,1,0,1,130,1,9,1,1,2,5,19.0,,voiture,,3,1,1,1,6
202300020201,2023-05-29 10:54:00,2023,5,29,10,54,57,57123,202 Rue Principale,49.16798,6.716325,Plein jour,En agglomération,Hors intersection,Temps éblouissant,Autre collision,4,2,2,0,1,1,1,0,1,50,1,2,1,0,1,0,71.0,,voiture,,1,2,1,7,6
202300020202,2023-08-07 19:55:00,2023,8,7,19,55,75,75117,RUE JULES BOURDAIS,48.888093,2.299665,Plein jour,En agglomération,Intersection en T,Normale,Deux véhicules - côté,4,-1, -1,-1,1,1,1,0,1,30,2,2,1,0,0,1,46.0,17.0,voiture,deux_roues,1,2,3,1,3
202300020202,2023-08-07 19:55:00,2023,8,7,19,55,75,75117,RUE JULES BOURDAIS,48.888093,2.299665,Plein jour,En agglomération,Intersection en T,Normale,Deux véhicules - côté,4,2,2,0,1,1,1,0,1,30,2,2,1,0,0,1,46.0,17.0,voiture,deux_roues,1,2,3,1,3
202300020203,2023-11-18 15:30:00,2023,11,18,15,30,988,98817,1213 Avenue des deux baies - PONT DES FRANCAIS,-22.22101,166.49624,Plein jour,En agglomération,Hors intersection,Normale,Autre collision,3,2,2,0,1,1,1,0,3,50,1,2,0,1,1,0,34.0,,voiture,,1,2,1,1,6
202300020204,2023-05-31 08:20:00,2023,5,31,8,20,03,03316,Route de Paris,46.662102,3.245516,Plein jour,En agglomération,Intersection en X,Normale,Deux véhicules - côté,2,2,2,0,1,1,1,0,1,-1,2,2,1,0,0,1,47.0,52.0,deux_roues,voiture,1,2,2,1,3
202300020204,2023-05-31 08:20:00,2023,5,31,8,20,03,03316,Route de Paris,46.662102,3.245516,Plein jour,En agglomération,Intersection en X,Normale,Deux véhicules - côté,2,2,2,0,1,1,1,0,1,-1,2,2,1,0,0,1,47.0,52.0,deux_roues,voiture,1,2,2,1,3
202300020205,2023-08-07 06:40:00,2023,8,7,6,40,75,75115,RUE DE LA CONVENTION,48.84344,2.282745,Crépuscule ou aube,En agglomération,Intersection en X,Normale,Deux véhicules - côté,4,2,2,0,1,1,1,0,1,30,2,2,1,0,0,1,30.0,32.0,voiture,utilitaire_camion,2,2,2,1,3
202300020205,2023-08-07 06:40:00,2023,8,7,6,40,75,75115,RUE DE LA CONVENTION,48.84344,2.282745,Crépuscule ou aube,En agglomération,Intersection en X,Normale,Deux véhicules - côté,4,1,1,0,1,1,1,0,1,30,2,2,1,0,0,1,30.0,32.0,voiture,utilitaire_camion,2,2,2,1,3
202300020206,2023-11-07 07:15:00,2023,11,7,7,15,971,97128,Maudette,16.232838,-61.419386,Plein jour,Hors agglomération,Intersection en Y,Normale,Deux véhicules - côté,4,2,2,0,3,1,1,0,1,70,2,2,0,0,1,1,75.0,48.0,voiture,voiture,1,1,4,1,3
202300020207,2023-08-06 16:50:00,2023,8,6,16,50,75,75114,RUE MORERE,48.825077,2.320531,Plein jour,En agglomération,Intersection en T,Normale,Deux véhicules - côté,4,1,2,0,1,1,1,0,1,30,2,2,1,0,0,1,42.0,55.0,voiture,deux_roues,1,2,3,1,3
202300020207,2023-08-06 16:50:00,2023,8,6,16,50,75,75114,RUE MORERE,48.825077,2.320531,Plein jour,En agglomération,Intersection en T,Normale,Deux véhicules - côté,4,1,2,0,1,1,1,0,1,30,2,2,1,0,0,1,42.0,55.0,voiture,deux_roues,1,2,3,1,3
202300020208,2023-05-30 20:20:00,2023,5,30,20,20,63,63099,"M402/chemin ""sous le bois""",45.841884,3.08313,Plein jour,Hors agglomération,Intersection en X,Normale,Deux véhicules - arrière,7,2,2,0,2,2,1,5,1,-1,2,2,1,0,1,0,51.0,35.0,voiture,deux_roues,1,1,2,1,2
202300020208,2023-05-30 20:20:00,2023,5,30,20,20,63,63099,"M402/chemin ""sous le bois""",45.841884,3.08313,Plein jour,Hors agglomération,Intersection en X,Normale,Deux véhicules - arrière,7,2,2,0,2,1,1,5,1,50,2,2,1,0,1,0,51.0,35.0,voiture,deux_roues,1,1,2,1,2
202300020209,2023-11-11 18:20:00,2023,11,11,18,20,77,77477,D152,48.337981,2.597119,Nuit sans éclairage public,Hors agglomération,Autre intersection,Pluie légère,Deux véhicules - côté,3,2,3,0,1,1,2,5,8,90,2,2,1,0,1,0,58.0,51.0,voiture,deux_roues,3,1,9,2,3
202300020210,2023-05-27 11:45:00,2023,5,27,11,45,26,26023,Col du Tourniol,44.939484,5.160055,Plein jour,Hors agglomération,Hors intersection,Normale,Sans collision,3,2,2,0,2,1,6,0,3,80,1,1,0,0,1,0,64.0,,deux_roues,,1,1,1,1,7
202300020211,2023-08-07 19:47:00,2023,8,7,19,47,75,75112,BOULEVARD SOULT,48.846174,2.41106,Plein jour,En agglomération,Intersection en T,Normale,Deux véhicules - côté,4,2,4,0,1,1,1,0,1,50,2,2,1,0,0,1,42.0,20.0,voiture,deux_roues,1,2,3,1,3
202300020211,2023-08-07 19:47:00,2023,8,7,19,47,75,75112,BOULEVARD SOULT,48.846174,2.41106,Plein jour,En agglomération,Intersection en T,Normale,Deux véhicules - côté,4,-1, -1,-1,1,1,1,0,1,50,2,2,1,0,0,1,42.0,20.0,voiture,deux_roues,1,2,3,1,3
202300020212,2023-11-17 15:00:00,2023,11,17,15,0,91,91226,RN20,48.495471,2.200195,Plein jour,Hors agglomération,Hors intersection,Normale,Trois véhicules et plus - en chaîne,3,3,4,0,1,1,1,0,1,90,3,5,1,0,0,4,40.0,31.0,voiture,voiture,1,1,1,1,4
202300020213,2023-08-06 21:00:00,2023,8,6,21,0,75,75112,BOULEVARD PONIATOWSKI,48.831803,2.397635,Crépuscule ou aube,En agglomération,Intersection en X,Normale,Deux véhicules - côté,4,3,4,0,1,1,1,0,1,30,2,2,1,0,0,1,48.0,30.0,voiture,deux_roues,2,2,2,1,3
202300020213,2023-08-06 21:00:00,2023,8,6,21,0,75,75112,BOULEVARD PONIATOWSKI,48.831803,2.397635,Crépuscule ou aube,En agglomération,Intersection en X,Normale,Deux véhicules - côté,4,3,4,0,1,1,1,0,1,30,2,2,1,0,0,1,48.0,30.0,voiture,deux_roues,2,2,2,1,3
202300020214,2023-05-31 18:00:00,2023,5,31,18,0,07,07097,D222,45.016121,4.836388,Plein jour,En agglomération,Hors intersection,Normale,Trois véhicules et plus - collisions multiples,3,2,2,0,1,1,1,0,1,50,3,6,3,0,0,3,49.0,36.0,voiture,voiture,1,2,1,1,5
202300020215,2023-05-31 15:45:00,2023,5,31,15,45,69,69094,53 Route du Col de la Luère,45.74854,4.671025,Plein jour,En agglomération,Hors intersection,Normale,Autre collision,3,2,2,0,1,1,1,0,1,70,1,1,0,0,1,0,50.0,,deux_roues,,1,2,1,1,6
202300020216,2023-11-18 13:35:00,2023,11,18,13,35,66,66014,,42.765098,2.826136,Plein jour,Hors agglomération,Hors intersection,Normale,Sans collision,3,2,2,0,2,2,1,0,1,80,1,2,0,0,1,1,31.0,,voiture,,1,1,1,1,7
202300020217,2023-08-07 18:45:00,2023,8,7,18,45,75,75107,BOULEVARD RASPAIL,48.852388,2.326466,Plein jour,En agglomération,Intersection en T,Normale,Deux véhicules - frontale,4,1,3,3,1,1,1,0,6,30,2,2,1,0,0,1,32.0,40.0,transport_commun,deux_roues,1,2,3,1,1
202300020217,2023-08-07 18:45:00,2023,8,7,18,45,75,75107,BOULEVARD RASPAIL,48.852388,2.326466,Plein jour,En agglomération,Intersection en T,Normale,Deux véhicules - frontale,4,-1, -1,-1,1,1,1,0,6,30,2,2,1,0,0,1,32.0,40.0,transport_commun,deux_roues,1,2,3,1,1
202300020218,2023-05-30 15:40:00,2023,5,30,15,40,81,81219,N126,43.56919,1.96386,Plein jour,Hors agglomération,Hors intersection,Normale,Deux véhicules - frontale,2,2,2,0,2,1,1,0,1,80,2,2,0,1,0,1,46.0,23.0,utilitaire_camion,voiture,1,1,1,1,1
202300020219,2023-08-06 21:20:00,2023,8,6,21,20,75,75101,RUE DES PETITS CHAMPS,48.866987,2.33587,Nuit avec éclairage allumé,En agglomération,Intersection en X,Normale,Deux véhicules - côté,4,2,2,0,1,1,1,0,1,30,2,3,1,0,0,2,23.0,33.0,deux_roues,transport_commun,5,2,2,1,3
202300020219,2023-08-06 21:20:00,2023,8,6,21,20,75,75101,RUE DES PETITS CHAMPS,48.866987,2.33587,Nuit avec éclairage allumé,En agglomération,Intersection en X,Normale,Deux véhicules - côté,4,2,2,0,1,1,1,0,1,30,2,3,1,0,0,2,23.0,33.0,deux_roues,transport_commun,5,2,2,1,3
202300020220,2023-11-17 17:00:00,2023,11,17,17,0,21,21390,Rue Claus Sluter,47.280514,5.004594,Crépuscule ou aube,En agglomération,Intersection en T,Normale,Autre collision,4,2,2,0,1,1,2,0,1,50,1,5,4,0,0,1,37.0,,voiture,,2,2,3,1,6
202300020221,2023-05-31 05:15:00,2023,5,31,5,15,85,85302,RD72,46.95099,-0.971688,Crépuscule ou aube,Hors agglomération,Hors intersection,Normale,Deux véhicules - arrière,3,2,2,0,3,3,1,0,1,80,2,2,1,0,0,1,32.0,39.0,utilitaire_camion,deux_roues,2,1,1,1,2
202300020222,2023-05-31 03:45:00,2023,5,31,3,45,72,72154,647 voie de la liberté,47.694917,-0.107288,Nuit sans éclairage public,Hors agglomération,Hors intersection,Normale,Autre collision,3,2,2,0,1,1,1,0,3,90,1,1,0,1,0,0,79.0,,voiture,,3,1,1,1,6
202300020223,2023-05-31 07:20:00,2023,5,31,7,20,61,61182,N12 PR78 + 500,48.460255,-0.07655,Plein jour,Hors agglomération,Hors intersection,Normale,Autre collision,2,2,2,0,2,2,1,0,3,80,1,1,0,0,1,0,62.0,,transport_commun,,1,1,1,1,6
202300020224,2023-11-18 16:00:00,2023,11,18,16,0,63,63284,D1093,45.812081,3.240023,Plein jour,En agglomération,Giratoire,Normale,Deux véhicules - côté,3,1,1,0,1,2,1,0,1,90,2,2,1,0,0,1,32.0,21.0,deux_roues,voiture,1,2,6,1,3
202300020225,2023-08-04 10:42:00,2023,8,4,10,42,94,94033,Avenue du Président Roosevelt,48.843018,2.464842,Plein jour,En agglomération,Intersection en X,Normale,Deux véhicules - côté,4,1,2,0,1,1,1,0,1,50,2,2,0,0,0,2,41.0,39.0,voiture,deux_roues,1,2,2,1,3
202300020225,2023-08-04 10:42:00,2023,8,4,10,42,94,94033,Avenue du Président Roosevelt,48.843018,2.464842,Plein jour,En agglomération,Intersection en X,Normale,Deux véhicules - côté,4,2,2,0,1,1,1,0,1,50,2,2,0,0,0,2,41.0,39.0,voiture,deux_roues,1,2,2,1,3
202300020226,2023-08-06 16:50:00,2023,8,6,16,50,93,93066,Avenue du Président Wilson,48.91761978,2.35722587,Plein jour,En agglomération,Hors intersection,Temps couvert,Deux véhicules - arrière,3,3,4,0,1,1,1,0,1,50,2,2,1,0,0,1,31.0,,deux_roues,voiture,1,2,1,8,2
202300020227,2023-11-15 08:10:00,2023,11,15,8,10,69,69045,Route des Saint-Étienne,46.082379,4.700933,Plein jour,Hors agglomération,Intersection en X,Normale,Deux véhicules - côté,3,2,2,0,1,1,2,0,1,80,2,2,0,0,1,1,31.0,27.0,utilitaire_camion,utilitaire_camion,1,1,2,1,3
202300020227,2023-11-15 08:10:00,2023,11,15,8,10,69,69045,Route des Saint-Étienne,46.082379,4.700933,Plein jour,Hors agglomération,Intersection en X,Normale,Deux véhicules - côté,3,2,2,0,1,1,2,0,1,80,2,2,0,0,1,1,31.0,27.0,utilitaire_camion,utilitaire_camion,1,1,2,1,3