accident_id,datetime,annee,mois,jour,heure,minute,departement,commune_insee,adresse,latitude,longitude,luminosite,agglomeration,intersection,meteo,collision,catr,circ,nbv,vosp,prof,plan,surf,infra,situ,vma,nb_vehicules,nb_usagers,nb_indemnes,nb_tues,nb_blesses_hosp,nb_blesses_legers,age_cond_1,age_cond_2,veh_type_cond_1,veh_type_cond_2,lum_code,agg_code,int_code,atm_code,col_code
202300020228,2023-05-30 16:50:00,2023,5,30,16,50,35,35240,Rue Nationale,48.093653,-1.776102,Plein jour,En agglomération,Hors intersection,Temps éblouissant,Deux véhicules - arrière,3,2,2,2,1,1,1,0,1,50,2,2,1,0,1,0,27.0,41.0,voiture,deux_roues,1,2,1,7,2
202300020229,2023-08-07 17:25:00,2023,8,7,17,25,93,93077,Rue Aristide Briand / Rue de Villemonble,48.874,2.52978,Plein jour,En agglomération,Intersection en Y,Normale,Autre collision,3,2,2,0,1,1,1,0,1,50,1,2,1,0,0,1,41.0,,deux_roues,,1,2,4,1,6
202300020229,2023-08-07 17:25:00,2023,8,7,17,25,93,93077,Rue Aristide Briand / Rue de Villemonble,48.874,2.52978,Plein jour,En agglomération,Intersection en Y,Normale,Autre collision,3,2,3,0,1,1,1,0,1,-1,1,2,1,0,0,1,41.0,,deux_roues,,1,2,4,1,6
202300020230,2023-11-18 00:30:00,2023,11,18,0,30,79,79189,,46.416629,-0.175433,Nuit sans éclairage public,Hors agglomération,Hors intersection,Pluie légère,Deux véhicules - frontale,3,2,3,0,2,2,2,0,1,80,2,3,0,0,2,1,19.0,61.0,voiture,voiture,3,1,1,2,1
202300020231,2023-05-30 17:00:00,2023,5,30,17,0,27,27242,Rue des Buissonnets,48.94895,0.817033,Plein jour,En agglomération,Hors intersection,Normale,Deux véhicules - frontale,5,1,1,0,1,1,1,0,8,-1,2,2,0,0,2,0,18.0,24.0,deux_roues,deux_roues,1,2,1,1,1
202300020232,2023-08-06 13:40:00,2023,8,6,13,40,93,93029,Rue Roger Salengro,48.91772312,2.43614085,Plein jour,En agglomération,Hors intersection,Normale,Autre collision,4,2,2,0,1,1,1,9,1,50,1,2,1,0,0,1,25.0,,voiture,,1,2,1,1,6
202300020233,2023-11-18 01:10:00,2023,11,18,1,10,33,33049,Lieu Dit Lamirand,44.875184,-0.339965,Nuit sans éclairage public,Hors agglomération,Hors intersection,Normale,Autre collision,4,2,2,0,1,1,1,0,3,70,1,1,0,0,1,0,22.0,,voiture,,3,1,1,1,6
202300020234,2023-05-30 13:20:00,2023,5,30,13,20,62,62746,35 Rue Haffreingue,50.682927,1.623495,Plein jour,En agglomération,Hors intersection,Normale,Deux véhicules - frontale,4,2,2,0,1,1,1,0,1,30,2,2,1,0,1,0,25.0,31.0,deux_roues,voiture,1,2,1,1,1
202300020235,2023-11-17 02:15:00,2023,11,17,2,15,29,29046,Avenue Pablo Neruda,48.07951695,-4.32940658,Nuit avec éclairage non allumé,En agglomération,Giratoire,Pluie légère,Sans collision,3,1,2,0,1,2,2,5,1,50,1,1,0,0,1,0,25.0,,deux_roues,,4,2,6,2,7
202300020236,2023-08-07 09:30:00,2023,8,7,9,30,93,93027,Rue Raspail / Passage Sainte Foix,48.92303184,2.39509678,Plein jour,En agglomération,Intersection en T,Normale,Deux véhicules - côté,3,2,2,0,1,1,1,0,1,50,2,2,1,0,0,1,67.0,39.0,utilitaire_camion,deux_roues,1,2,3,1,3
202300020236,2023-08-07 09:30:00,2023,8,7,9,30,93,93027,Rue Raspail / Passage Sainte Foix,48.92303184,2.39509678,Plein jour,En agglomération,Intersection en T,Normale,Deux véhicules - côté,3,2,2,0,1,1,1,0,1,50,2,2,1,0,0,1,67.0,39.0,utilitaire_camion,deux_roues,1,2,3,1,3
202300020237,2023-05-31 09:15:00,2023,5,31,9,15,59,59481,2 Route de Bavay,50.25476,3.64646,Plein jour,En agglomération,Hors intersection,Normale,Autre collision,3,2,2,0,1,1,1,0,8,50,1,2,1,0,1,0,80.0,,voiture,,1,2,1,1,6
202300020238,2023-11-17 07:56:00,2023,11,17,7,56,22,22050,56 Rue de Brest,48.452668,-2.058323,Crépuscule ou aube,En agglomération,Hors intersection,Temps couvert,Autre collision,3,2,2,0,1,1,2,0,1,30,1,2,1,0,1,0,53.0,,voiture,,2,2,1,8,6
202300020239,2023-08-07 22:15:00,2023,8,7,22,15,93,93005,Rue Jules Princet / Rue du Colonel Moll,48.93670207,2.49715703,Nuit avec éclairage allumé,En agglomération,Intersection en X,Normale,Deux véhicules - côté,3,1,1,0,1,1,1,0,1,50,2,2,1,0,0,1,36.0,50.0,deux_roues,voiture,5,2,2,1,3
202300020239,2023-08-07 22:15:00,2023,8,7,22,15,93,93005,Rue Jules Princet / Rue du Colonel Moll,48.93670207,2.49715703,Nuit avec éclairage allumé,En agglomération,Intersection en X,Normale,Deux véhicules - côté,3,2,2,0,1,1,1,0,1,50,2,2,1,0,0,1,36.0,50.0,deux_roues,voiture,5,2,2,1,3
202300020240,2023-05-30 15:20:00,2023,5,30,15,20,83,83123,A50,43.14661757,5.77148283,Plein jour,Hors agglomération,Hors intersection,Normale,Deux véhicules - côté,1,3,9,0,1,1,1,7,1,30,2,3,2,0,0,1,27.0,48.0,voiture,utilitaire_camion,1,1,1,1,3
202300020241,2023-11-15 18:35:00,2023,11,15,18,35,22,22093,Place du Martray,48.469291,-2.515483,Nuit avec éclairage allumé,En agglomération,Hors intersection,Normale,Deux véhicules - frontale,4,2,2,0,2,1,1,0,1,50,2,2,1,0,1,0,45.0,51.0,voiture,deux_roues,5,2,1,1,1
202300020242,2023-08-07 08:40:00,2023,8,7,8,40,92,92063,HUGO (AVENUE VICTOR),48.88759496,2.17313898,Plein jour,En agglomération,Intersection en T,Normale,Autre collision,4,3,0,0,1,1,1,6,1,30,1,2,1,0,0,1,20.0,,voiture,,1,2,3,1,6
202300020242,2023-08-07 08:40:00,2023,8,7,8,40,92,92063,HUGO (AVENUE VICTOR),48.88759496,2.17313898,Plein jour,En agglomération,Intersection en T,Normale,Autre collision,4,-1,1,0,1,1,1,0,1,50,1,2,1,0,0,1,20.0,,voiture,,1,2,3,1,6
202300020243,2023-05-30 09:25:00,2023,5,30,9,25,33,33281,ROCADE A 630,44.81545,-0.67266,Plein jour,Hors agglomération,Hors intersection,Normale,Autre collision,1,3,6,0,1,1,1,0,1,90,1,1,0,0,0,1,38.0,,voiture,,1,1,1,1,6
202300020244,2023-08-07 19:30:00,2023,8,7,19,30,92,92050,FOCH MARECHAL PLACE DU,48.88824233,2.19409543,Plein jour,En agglomération,Intersection en T,Normale,Deux véhicules - côté,3,2,4,1,1,1,1,0,1,50,2,2,1,0,0,1,59.0,,deux_roues,voiture,1,2,3,1,3
202300020244,2023-08-07 19:30:00,2023,8,7,19,30,92,92050,FOCH MARECHAL PLACE DU,48.88824233,2.19409543,Plein jour,En agglomération,Intersection en T,Normale,Deux véhicules - côté,3,2,4,1,1,1,1,0,1,50,2,2,1,0,0,1,59.0,,deux_roues,voiture,1,2,3,1,3
202300020245,2023-05-30 18:08:00,2023,5,30,18,8,94,94003,A6B,48.80072795,2.34367155,Plein jour,Hors agglomération,Hors intersection,Normale,Trois véhicules et plus - collisions multiples,1,3,3,0,1,1,1,0,1,70,3,3,2,0,0,1,39.0,61.0,utilitaire_camion,voiture,1,1,1,1,5
202300020246,2023-11-17 15:12:00,2023,11,17,15,12,33,33162,ROCADE A 630,44.87089023,-0.64275384,Plein jour,Hors agglomération,Hors intersection,Temps couvert,Deux véhicules - arrière,1,3,6,0,1,1,2,0,1,90,2,3,2,0,0,1,51.0,57.0,voiture,utilitaire_camion,1,1,1,8,2
202300020247,2023-08-07 12:50:00,2023,8,7,12,50,92,92004,PONT DE CLICHY,48.91014,2.29925,Plein jour,En agglomération,Hors intersection,Normale,Deux véhicules - arrière,3,2,4,0,1,1,1,2,1,50,2,2,1,0,0,1,39.0,51.0,deux_roues,voiture,1,2,1,1,2
202300020248,2023-05-30 10:50:00,2023,5,30,10,50,94,94003,A6B,48.80048354,2.34369821,Plein jour,Hors agglomération,Hors intersection,Normale,Deux véhicules - arrière,1,1,2,0,2,1,1,0,1,90,2,2,1,0,0,1,37.0,61.0,voiture,utilitaire_camion,1,1,1,1,2
202300020249,2023-11-17 07:15:00,2023,11,17,7,15,33,33550,AUTOROUTE A 62,44.77075631,-0.55477738,Nuit avec éclairage allumé,Hors agglomération,Hors intersection,Pluie légère,Deux véhicules - arrière,1,3,4,0,1,1,2,0,1,90,2,3,2,0,0,1,20.0,35.0,voiture,utilitaire_camion,5,1,1,2,2
202300020250,2023-01-03 23:45:00,2023,1,3,23,45,92,92004,ARGENTEUIL AV D',48.91458,2.28318,Nuit avec éclairage allumé,En agglomération,Intersection en T,Normale,Deux véhicules - côté,3,-1,2,0,1,1,1,0,1,50,2,2,1,0,0,1,20.0,19.0,deux_roues,deux_roues,5,2,3,1,3
202300020250,2023-01-03 23:45:00,2023,1,3,23,45,92,92004,ARGENTEUIL AV D',48.91458,2.28318,Nuit avec éclairage allumé,En agglomération,Intersection en T,Normale,Deux véhicules - côté,3,2,2,0,1,1,1,0,1,50,2,2,1,0,0,1,20.0,19.0,deux_roues,deux_roues,5,2,3,1,3
202300020251,2023-05-30 10:36:00,2023,5,30,10,36,91,91174,RN 104,48.62345,2.46653,Plein jour,Hors agglomération,Hors intersection,Temps éblouissant,Deux véhicules - arrière,2,1,3,0,1,1,1,0,1,110,2,2,1,0,0,1,32.0,30.0,voiture,voiture,1,1,1,7,2
202300020252,2023-05-30 09:15:00,2023,5,30,9,15,91,91161,AUTOROUTE A6,48.700301,2.31081,Plein jour,Hors agglomération,Hors intersection,Normale,Sans collision,1,1,3,0,1,1,1,0,1,90,1,1,0,0,0,1,22.0,,deux_roues,,1,1,1,1,7
202300020253,2023-08-05 20:24:00,2023,8,5,20,24,92,92004,REDOUTE ( AVENUE DE LA  ),48.9299473,2.28339672,Plein jour,En agglomération,Hors intersection,Pluie légère,Autre collision,3,2,3,3,1,1,2,0,1,50,1,2,1,0,0,1,23.0,,voiture,,1,2,1,2,6
202300020254,2023-11-16 09:08:00,2023,11,16,9,8,33,33063,ROCADE A 630,44.88015056,-0.5385527,Plein jour,Hors agglomération,Hors intersection,Pluie légère,Trois véhicules et plus - en chaîne,1,3,6,0,2,1,2,2,1,70,3,4,3,0,0,1,29.0,51.0,utilitaire_camion,voiture,1,1,1,2,4
202300020255,2023-11-17 16:27:00,2023,11,17,16,27,91,91553,RN 104,48.6329,2.5029,Plein jour,Hors agglomération,Hors intersection,Normale,Sans collision,2,1,2,0,1,1,1,0,1,110,2,2,1,0,0,1,26.0,23.0,deux_roues,voiture,1,1,1,1,7
202300020256,2023-05-29 16:00:00,2023,5,29,16,0,92,92064,A13,48.83887386,2.1936047,Plein jour,Hors agglomération,Hors intersection,Normale,Trois véhicules et plus - en chaîne,1,1,3,0,1,1,1,0,1,110,3,5,4,0,0,1,38.0,81.0,voiture,voiture,1,1,1,1,4
202300020257,2023-08-08 12:50:00,2023,8,8,12,50,63,63302,D979,45.721766,3.159868,Plein jour,Hors agglomération,Hors intersection,Normale,Deux véhicules - frontale,3,2,2,0,1,3,1,0,1,90,2,2,1,0,0,1,19.0,48.0,voiture,utilitaire_camion,1,1,1,1,1
202300020258,2023-11-17 09:25:00,2023,11,17,9,25,94,94021,A6B,48.77129754,2.34584423,Plein jour,Hors agglomération,Hors intersection,Pluie légère,Deux véhicules - arrière,1,1,3,0,1,1,2,0,1,90,2,2,1,0,0,1,24.0,22.0,deux_roues,voiture,1,1,1,2,2
202300020259,2023-05-29 10:40:00,2023,5,29,10,40,78,78291,A13,48.967866,1.745041,Plein jour,Hors agglomération,Hors intersection,Normale,Deux véhicules - côté,1,-1,3,0,3,3,1,0,1,90,2,3,2,0,0,1,,60.0,voiture,voiture,1,1,1,1,3
202300020260,2023-08-08 08:45:00,2023,8,8,8,45,71,71576,"Autoroute A6, PK 362+200, sens LYON/PARIS",46.525767,4.918377,Plein jour,Hors agglomération,Hors intersection,Normale,Deux véhicules - arrière,1,3,3,0,1,1,1,0,1,130,2,3,1,0,0,2,59.0,33.0,utilitaire_camion,utilitaire_camion,1,1,1,1,2
202300020261,2023-05-29 17:30:00,2023,5,29,17,30,92,92036,AUTOROUTE A15,48.94651571,2.2827709,Plein jour,Hors agglomération,Hors intersection,Normale,Trois véhicules et plus - en chaîne,1,3,8,0,1,1,1,2,1,90,3,4,2,0,0,2,49.0,24.0,voiture,utilitaire_camion,1,1,1,1,4
202300020262,2023-11-17 10:15:00,2023,11,17,10,15,94,94034,A6B,48.75239992,2.33121177,Plein jour,Hors agglomération,Hors intersection,Pluie légère,Trois véhicules et plus - en chaîne,1,1,2,0,1,1,2,0,1,110,3,3,1,0,0,2,56.0,41.0,utilitaire_camion,voiture,1,1,1,2,4
202300020263,2023-08-06 20:10:00,2023,8,6,20,10,57,57111,A4 - Sens PARIS/METZ - PK 309.000,49.195391,6.09458,Plein jour,Hors agglomération,Hors intersection,Normale,Deux véhicules - arrière,1,3,2,0,2,4,2,0,1,130,2,7,3,0,0,4,27.0,45.0,voiture,voiture,1,1,1,1,2
202300020264,2023-05-29 08:45:00,2023,5,29,8,45,93,93064,AUTOROUTE A103,48.88656,2.48053,Plein jour,Hors agglomération,Hors intersection,Normale,Deux véhicules - arrière,1,3,2,0,1,1,1,0,1,90,2,2,1,0,0,1,24.0,29.0,voiture,voiture,1,1,1,1,2
202300020265,2023-11-17 18:00:00,2023,11,17,18,0,78,78402,A13,48.965148,1.764426,Nuit sans éclairage public,Hors agglomération,Hors intersection,Normale,Trois véhicules et plus - collisions multiples,1,-1,4,0,1,1,1,0,1,110,3,4,3,0,0,1,31.0,34.0,voiture,voiture,3,1,1,1,5
202300020266,2023-05-30 15:45:00,2023,5,30,15,45,94,94028,A86,48.78050715,2.4413936,Plein jour,Hors agglomération,Hors intersection,Normale,Trois véhicules et plus - en chaîne,1,-1,2,0,1,2,1,0,1,90,3,3,2,0,0,1,57.0,40.0,deux_roues,voiture,1,1,1,1,4
202300020267,2023-08-05 13:20:00,2023,8,5,13,20,35,35121,A84,48.24172,-1.45613,Plein jour,Hors agglomération,Hors intersection,Temps couvert,Deux véhicules - arrière,1,3,2,0,1,1,1,0,1,130,2,6,5,0,0,1,,23.0,voiture,voiture,1,1,1,8,2
202300020268,2023-08-05 17:50:00,2023,8,5,17,50,29,29302,RN165,48.26612,-4.11532,Plein jour,Hors agglomération,Hors intersection,Normale,Autre collision,2,3,2,0,2,1,1,0,3,110,1,1,0,0,1,0,92.0,,voiture,,1,1,1,1,6
202300020269,2023-05-30 08:35:00,2023,5,30,8,35,77,77249,RN104,48.751992,2.614445,Plein jour,Hors agglomération,Hors intersection,Normale,Deux véhicules - côté,2,-1,2,0,1,1,1,0,1,110,2,2,1,0,0,1,38.0,57.0,deux_roues,voiture,1,1,1,1,3
202300020270,2023-11-17 18:00:00,2023,11,17,18,0,78,78238,A13,48.970636,1.876598,Nuit sans éclairage public,Hors agglomération,Hors intersection,Normale,Deux véhicules - côté,1,1,3,0,1,1,1,0,1,110,2,3,1,0,0,2,53.0,34.0,deux_roues,utilitaire_camion,3,1,1,1,3
202300020271,2023-08-08 07:30:00,2023,8,8,7,30,06,06118,"Route de Grasse, Rond Point Jacques Martel",43.650268,6.815976,Crépuscule ou aube,Hors agglomération,Giratoire,Normale,Deux véhicules - côté,3,2,2,0,1,1,1,0,1,70,2,2,1,0,1,0,66.0,60.0,voiture,deux_roues,2,1,6,1,3
202300020272,2023-05-29 14:20:00,2023,5,29,14,20,94,94017,A4,48.82931384,2.49951954,Plein jour,Hors agglomération,Hors intersection,Normale,Deux véhicules - arrière,1,3,5,0,1,1,1,0,1,90,2,2,1,0,0,1,28.0,29.0,voiture,voiture,1,1,1,1,2
202300020273,2023-11-16 08:29:00,2023,11,16,8,29,78,78029,A13W,48.96795,1.857943,Plein jour,Hors agglomération,Hors intersection,Pluie forte,Trois véhicules et plus - collisions multiples,1,1,3,0,1,1,2,0,1,130,3,3,1,0,0,2,38.0,34.0,voiture,voiture,1,1,1,3,5
202300020274,2023-03-19 13:50:00,2023,3,19,13,50,43,43089,36 Avenue du Puy,45.045335,3.873709,Plein jour,En agglomération,Hors intersection,Pluie légère,Deux véhicules - arrière,3,2,2,0,1,1,2,0,1,50,2,2,1,0,0,1,15.0,26.0,deux_roues,voiture,1,2,1,2,2
202300020275,2023-08-06 23:00:00,2023,8,6,23,0,63,63352,"a75, pk 44+100",45.43693275,3.27224008,Nuit sans éclairage public,Hors agglomération,Hors intersection,Normale,Trois véhicules et plus - en chaîne,1,1,2,0,1,1,1,0,1,130,3,6,5,0,0,1,31.0,51.0,voiture,autre,3,1,1,1,4
202300020276,2023-11-17 21:30:00,2023,11,17,21,30,95,95277,A3,48.98025923,2.49780178,Nuit avec éclairage non allumé,Hors agglomération,Hors intersection,Normale,Deux véhicules - côté,1,3,4,0,1,1,1,0,1,90,2,2,1,0,0,1,39.0,41.0,utilitaire_camion,voiture,4,1,1,1,3
202300020277,2023-03-17 14:00:00,2023,3,17,14,0,43,43157,Avenue Baptiste Marcet,45.02833,3.88433,Plein jour,En agglomération,Hors intersection,Normale,Deux véhicules - arrière,4,2,2,0,2,1,1,0,1,50,2,2,1,0,0,1,16.0,55.0,deux_roues,voiture,1,2,1,1,2
202300020278,2023-08-06 07:40:00,2023,8,6,7,40,22,22175,D52,48.489989,-2.405834,Plein jour,Hors agglomération,Hors intersection,Normale,Autre collision,3,2,2,0,1,1,1,0,3,80,1,2,1,0,0,1,22.0,,voiture,,1,1,1,1,6
202300020279,2023-02-27 16:30:00,2023,2,27,16,30,14,14191,Route de Caen,49.31884358,-0.45240195,Plein jour,En agglomération,Hors intersection,Normale,Trois véhicules et plus - en chaîne,3,2,2,0,1,1,1,0,1,50,3,3,2,0,0,1,73.0,31.0,voiture,voiture,1,2,1,1,4
202300020280,2023-11-17 11:20:00,2023,11,17,11,20,93,93078,AUTOROUTE A104,48.96358,2.52152,Plein jour,Hors agglomération,Hors intersection,Temps couvert,Autre collision,1,3,6,0,1,1,2,0,1,90,1,3,0,2,0,1,22.0,,autre,,1,1,1,8,6
202300020281,2023-08-07 10:40:00,2023,8,7,10,40,41,41149,Avenue Gambetta,47.757344,0.871198,Plein jour,En agglomération,Intersection en X,Temps éblouissant,Autre collision,3,2,2,0,1,1,1,5,1,50,1,2,1,0,1,0,73.0,,voiture,,1,2,2,7,6
202300020281,2023-08-07 10:40:00,2023,8,7,10,40,41,41149,Avenue Gambetta,47.757344,0.871198,Plein jour,En agglomération,Intersection en X,Temps éblouissant,Autre collision,3,2, -1,-1,1,1,1,0,1,-1,1,2,1,0,1,0,73.0,,voiture,,1,2,2,7,6
202300020282,2023-05-29 20:40:00,2023,5,29,20,40,69,69387,Avenue Félix Faure,45.7521,4.8466,Plein jour,En agglomération,Intersection en X,Normale,Deux véhicules - côté,4,1,2,2,1,1,1,8,8,30,2,3,1,0,0,2,46.0,36.0,deux_roues,voiture,1,2,2,1,3
202300020282,2023-05-29 20:40:00,2023,5,29,20,40,69,69387,Avenue Félix Faure,45.7521,4.8466,Plein jour,En agglomération,Intersection en X,Normale,Deux véhicules - côté,4,1,1,2,1,1,1,8,1,30,2,3,1,0,0,2,46.0,36.0,deux_roues,voiture,1,2,2,1,3
202300020283,2023-11-16 23:45:00,2023,11,16,23,45,93,93053,AUTOROUTE A3,48.89542,2.47057,Nuit avec éclairage non allumé,Hors agglomération,Autre intersection,Pluie forte,Deux véhicules - côté,1,3,6,0,1,1,2,9,1,90,2,2,1,0,0,1,41.0,,voiture,voiture,4,1,9,3,3
202300020284,2023-05-25 14:40:00,2023,5,25,14,40,972,97213,AUTOROUTE A1,14.59734,-60.99882,Plein jour,Hors agglomération,Hors intersection,Normale,Autre collision,1,2,2,3,1,1,1,9,6,30,1,1,0,0,0,1,60.0,,autre,,1,1,1,1,6
202300020285,2023-08-07 13:00:00,2023,8,7,13,0,56,56130,Kermorvant,47.74156,-3.295276,Plein jour,Hors agglomération,Intersection en X,Normale,Deux véhicules - côté,4,2,2,0,1,3,1,0,1,-1,2,2,1,0,1,0,22.0,17.0,voiture,deux_roues,1,1,2,1,3
202300020285,2023-08-07 13:00:00,2023,8,7,13,0,56,56130,Kermorvant,47.74156,-3.295276,Plein jour,Hors agglomération,Intersection en X,Normale,Deux véhicules - côté,4,2,2,-1,1,1,1,0,1,-1,2,2,1,0,1,0,22.0,17.0,voiture,deux_roues,1,1,2,1,3
202300020286,2023-11-16 22:30:00,2023,11,16,22,30,93,93064,AUTOROUTE A86,48.88128,2.475,Nuit sans éclairage public,Hors agglomération,Hors intersection,Pluie légère,Deux véhicules - arrière,1,1,3,0,1,1,2,0,1,70,2,2,1,0,0,1,73.0,43.0,voiture,voiture,3,1,1,2,2
202300020287,2023-11-17 17:35:00,2023,11,17,17,35,77,77146,A4.Y,48.83216,2.65293,Crépuscule ou aube,Hors agglomération,Hors intersection,Normale,Autre collision,1,3,4,0,1,1,1,0,1,110,1,1,0,0,0,1,25.0,,voiture,,2,1,1,1,6
202300020288,2023-11-17 07:30:00,2023,11,17,7,30,94,94015,A4,48.83216525,2.53266592,Nuit avec éclairage non allumé,Hors agglomération,Hors intersection,Pluie légère,Deux véhicules - arrière,1,1,4,0,1,2,2,0,1,110,2,2,1,0,0,1,36.0,20.0,utilitaire_camion,voiture,4,1,1,2,2
202300020289,2023-05-29 06:05:00,2023,5,29,6,5,91,91421,NATIONALE 6 (PARTIE FORET),48.6895,2.4724,Plein jour,Hors agglomération,Hors intersection,Normale,Sans collision,3,2,0,0,1,1,1,0,1,90,1,1,0,0,1,0,25.0,,voiture,,1,1,1,1,7
202300020290,2023-11-17 03:30:00,2023,11,17,3,30,77,77495,A105,48.56017,2.64569,Nuit avec éclairage non allumé,Hors agglomération,Autre intersection,Pluie légère,Deux véhicules - arrière,2,3,2,0,1,1,2,9,1,50,2,2,1,0,0,1,,25.0,voiture,voiture,4,1,9,2,2
202300020291,2023-05-29 19:30:00,2023,5,29,19,30,69,69275,61 Rue Sully,45.76657,4.97438,Plein jour,En agglomération,Intersection en T,Normale,Autre collision,4,2,2,0,1,1,1,0,1,50,1,2,0,0,0,2,40.0,,voiture,,1,2,3,1,6
202300020291,2023-05-29 19:30:00,2023,5,29,19,30,69,69275,61 Rue Sully,45.76657,4.97438,Plein jour,En agglomération,Intersection en T,Normale,Autre collision,4,2,2,0,1,1,1,0,1,50,1,2,0,0,0,2,40.0,,voiture,,1,2,3,1,6
202300020292,2023-05-27 19:20:00,2023,5,27,19,20,38,38421,AVENUE AMBROISE CROIZAT,45.18149,5.76296,Plein jour,En agglomération,Intersection en X,Normale,Deux véhicules - côté,7,2,2,0,1,1,1,0,1,50,2,2,1,0,0,1,24.0,59.0,deux_roues,voiture,1,2,2,1,3
202300020292,2023-05-27 19:20:00,2023,5,27,19,20,38,38421,AVENUE AMBROISE CROIZAT,45.18149,5.76296,Plein jour,En agglomération,Intersection en X,Normale,Deux véhicules - côté,7,2,2,0,1,1,1,0,1,30,2,2,1,0,0,1,24.0,59.0,deux_roues,voiture,1,2,2,1,3
202300020293,2023-05-28 19:40:00,2023,5,28,19,40,67,67482,PRESIDENT WILSON (BOULEVARD),48.58763,7.73861,Plein jour,En agglomération,Intersection en X,Normale,Deux véhicules - côté,4,3,4,1,1,1,1,0,1,50,2,2,1,0,0,1,58.0,43.0,voiture,deux_roues,1,2,2,1,3
202300020293,2023-05-28 19:40:00,2023,5,28,19,40,67,67482,PRESIDENT WILSON (BOULEVARD),48.58763,7.73861,Plein jour,En agglomération,Intersection en X,Normale,Deux véhicules - côté,4,3,6,3,1,1,1,0,1,50,2,2,1,0,0,1,58.0,43.0,voiture,deux_roues,1,2,2,1,3
202300020294,2023-05-29 08:40:00,2023,5,29,8,40,64,64445,JEAN MERMOZ,43.30775,-0.37661,Plein jour,En agglomération,Hors intersection,Normale,Deux véhicules - arrière,4,2,4,0,1,1,1,0,1,50,2,2,1,0,0,1,32.0,45.0,voiture,voiture,1,2,1,1,2
202300020295,2023-03-13 11:00:00,2023,3,13,11,0,92,92007,MEUNIERS (RUE DES),48.79757098,2.30895549,Plein jour,En agglomération,Hors intersection,Pluie légère,Deux véhicules - arrière,4,2,4,1,1,1,2,0,1,30,2,2,1,0,0,1,60.0,36.0,deux_roues,utilitaire_camion,1,2,1,2,2
202300020296,2023-07-10 15:15:00,2023,7,10,15,15,13,13210,CAPELETTE (AVENUE DE LA),43.28367,5.40081,Plein jour,En agglomération,Autre intersection,Normale,Deux véhicules - côté,4,-1,2,0,1,3,1,0,1,50,2,2,1,0,0,1,71.0,22.0,voiture,deux_roues,1,2,9,1,3
202300020297,2023-05-29 23:05:00,2023,5,29,23,5,59,59350,FAUBOURG DE BETHUNE RUE,50.61754,3.02677,Nuit avec éclairage allumé,En agglomération,Intersection en T,Normale,Deux véhicules - côté,7,2,2,0,1,1,1,0,1,30,2,4,2,0,0,2,48.0,,voiture,voiture,5,2,3,1,3
202300020297,2023-05-29 23:05:00,2023,5,29,23,5,59,59350,FAUBOURG DE BETHUNE RUE,50.61754,3.02677,Nuit avec éclairage allumé,En agglomération,Intersection en T,Normale,Deux véhicules - côté,7,2,4,1,1,1,1,0,1,50,2,4,2,0,0,2,48.0,,voiture,voiture,5,2,3,1,3
202300020298,2023-03-14 15:50:00,2023,3,14,15,50,41,41194,Rue des Grelets,47.341684,1.738607,Plein jour,Hors agglomération,Hors intersection,Normale,Autre collision,4,2,2,0,1,1,1,0,3,-1,1,3,1,0,0,2,46.0,,voiture,,1,1,1,1,6
202300020299,2023-06-15 14:30:00,2023,6,15,14,30,93,93077,Avenue du Général Galliéni,48.89029,2.50982,Plein jour,En agglomération,Hors intersection,Normale,Autre collision,4,2,2,1,1,1,1,0,5,50,1,4,1,0,0,3,33.0,,transport_commun,,1,2,1,1,6
202300020300,2023-03-13 22:09:00,2023,3,13,22,9,69,69289,Chemin de la Madone,45.646235,5.00457,Nuit sans éclairage public,Hors agglomération,Hors intersection,Pluie légère,Autre collision,4,2,2,1,1,1,2,0,3,80,1,1,0,0,0,1,29.0,,utilitaire_camion,,3,1,1,2,6
202300020301,2023-11-16 12:10:00,2023,11,16,12,10,976,97611,m'tsapere-M'tsapéré- M'tsangani ( rue ),-12.792,45.22133,Plein jour,Hors agglomération,Hors intersection,Normale,Deux véhicules - côté,2,2, -1,-1,1,1,1,0,1,-1,2,3,2,0,0,1,56.0,24.0,deux_roues,deux_roues,1,1,1,1,3
202300020302,2023-05-29 19:07:00,2023,5,29,19,7,35,35278,RD 137,48.1701951,-1.71354264,Plein jour,Hors agglomération,Hors intersection,Normale,Trois véhicules et plus - collisions multiples,3,3,4,0,1,1,1,0,1,110,3,4,2,0,0,2,34.0,44.0,voiture,voiture,1,1,1,1,5
202300020303,2023-03-12 08:30:00,2023,3,12,8,30,972,97222,"D3, vert pré",14.692933,-60.974826,Plein jour,En agglomération,Autre intersection,Normale,Deux véhicules - frontale,3,2,2,0,1,3,1,0,1,50,2,2,1,0,1,0,74.0,42.0,voiture,voiture,1,2,9,1,1
202300020304,2023-11-15 16:05:00,2023,11,15,16,5,974,97416,RN3 (ANCIENNE ROUTE),-21.294,55.51065,Plein jour,Hors agglomération,Intersection en T,Normale,Deux véhicules - frontale,2,2,2,0,2,3,1,0,1,50,2,2,1,0,0,1,43.0,47.0,voiture,voiture,1,1,3,1,1
202300020304,2023-11-15 16:05:00,2023,11,15,16,5,974,97416,RN3 (ANCIENNE ROUTE),-21.294,55.51065,Plein jour,Hors agglomération,Intersection en T,Normale,Deux véhicules - frontale,2,2,2,0,3,1,1,0,1,50,2,2,1,0,0,1,43.0,47.0,voiture,voiture,1,1,3,1,1