accident_id,datetime,annee,mois,jour,heure,minute,departement,commune_insee,adresse,latitude,longitude,luminosite,agglomeration,intersection,meteo,collision,catr,circ,nbv,vosp,prof,plan,surf,infra,situ,vma,nb_vehicules,nb_usagers,nb_indemnes,nb_tues,nb_blesses_hosp,nb_blesses_legers,age_cond_1,age_cond_2,veh_type_cond_1,veh_type_cond_2,lum_code,agg_code,int_code,atm_code,col_code
202300020305,2023-03-12 20:59:00,2023,3,12,20,59,11,11421,,43.216397,2.858607,Nuit avec éclairage allumé,En agglomération,Hors intersection,Normale,Autre collision,3,2,2,0,1,1,1,9,3,50,1,2,0,0,1,1,19.0,,voiture,,5,2,1,1,6
202300020306,2023-05-29 18:45:00,2023,5,29,18,45,35,35238,KENNEDY (COURS JOHN-FITZGERALD),48.12148,-1.71021,Plein jour,En agglomération,Hors intersection,Normale,Autre collision,4,1,1,3,1,1,1,6,6,20,1,2,1,0,0,1,,,deux_roues,,1,2,1,1,6
202300020307,2023-03-13 09:30:00,2023,3,13,9,30,83,83100,D97,43.275604,6.1227,Plein jour,Hors agglomération,Hors intersection,Normale,Autre collision,3,2,2,0,1,2,1,0,1,90,1,1,0,0,1,0,43.0,,voiture,,1,1,1,1,6
202300020308,2023-11-16 08:20:00,2023,11,16,8,20,973,97302,MONTABO (ROUTE DE) 2,4.93622,-52.29634,Plein jour,En agglomération,Hors intersection,Normale,Deux véhicules - côté,3,2,2,0,1,1,1,0,1,50,2,2,1,0,0,1,18.0,85.0,deux_roues,voiture,1,2,1,1,3
202300020309,2023-05-29 19:45:00,2023,5,29,19,45,34,34108,Avenue d’Ingril,43.45229,3.80925,Plein jour,En agglomération,Hors intersection,Pluie légère,Autre collision,4,2,2,0,1,1,2,0,3,30,1,2,1,0,1,0,,,utilitaire_camion,,1,2,1,2,6
202300020310,2023-03-03 18:30:00,2023,3,3,18,30,84,84062,D900,43.872251,5.10433,Crépuscule ou aube,Hors agglomération,Intersection en X,Normale,Deux véhicules - côté,3,2,2,0,1,1,1,0,1,80,2,3,2,0,1,0,51.0,20.0,voiture,voiture,2,1,2,1,3
202300020310,2023-03-03 18:30:00,2023,3,3,18,30,84,84062,D900,43.872251,5.10433,Crépuscule ou aube,Hors agglomération,Intersection en X,Normale,Deux véhicules - côté,3,2, -1,-1,1,1,1,0,1,-1,2,3,2,0,1,0,51.0,20.0,voiture,voiture,2,1,2,1,3
202300020311,2023-05-29 23:30:00,2023,5,29,23,30,33,33063,Rue Carle Vernet,44.81567,-0.55647,Nuit avec éclairage allumé,En agglomération,Hors intersection,Normale,Autre collision,4,1,2,1,1,1,1,0,1,50,2,4,2,0,0,2,43.0,,voiture,voiture,5,2,1,1,6
202300020312,2023-11-14 22:20:00,2023,11,14,22,20,972,97209,RD 41 (ROCADE),14.617,-61.04168,Nuit avec éclairage allumé,Hors agglomération,Hors intersection,Pluie légère,Sans collision,3,3,4,3,2,1,2,0,1,90,1,5,1,0,0,4,42.0,,voiture,,5,1,1,2,7
202300020313,2023-03-14 02:45:00,2023,3,14,2,45,65,65265,Route de Tarbes,43.228755,0.159263,Nuit sans éclairage public,Hors agglomération,Hors intersection,Normale,Autre collision,3,2,2,0,1,1,1,0,3,70,1,1,0,0,1,0,23.0,,voiture,,3,1,1,1,6
202300020314,2023-03-12 23:30:00,2023,3,12,23,30,63,63404,Autoroute A75- Sens Sud/Nord - Point kilométrique:24+400,45.592575,3.236563,Nuit sans éclairage public,Hors agglomération,Hors intersection,Normale,Autre collision,1,3,4,0,1,1,2,0,8,90,1,1,0,1,0,0,64.0,,deux_roues,,3,1,1,1,6
202300020315,2023-11-16 11:35:00,2023,11,16,11,35,2B,2B037,D 82,42.5949,9.43858,Plein jour,Hors agglomération,Giratoire,Normale,Deux véhicules - arrière,2,3,4,0,1,1,1,0,1,50,2,2,1,0,0,1,41.0,22.0,voiture,utilitaire_camion,1,1,6,1,2
202300020315,2023-11-16 11:35:00,2023,11,16,11,35,2B,2B037,D 82,42.5949,9.43858,Plein jour,Hors agglomération,Giratoire,Normale,Deux véhicules - arrière,2,2,4,0,1,1,1,5,8,50,2,2,1,0,0,1,41.0,22.0,voiture,utilitaire_camion,1,1,6,1,2
202300020316,2023-05-29 22:00:00,2023,5,29,22,0,33,33529,POILUS (RUE DES),44.62899,-1.15154,Nuit avec éclairage allumé,En agglomération,Intersection en T,Normale,Deux véhicules - côté,4,2,2,0,1,1,1,0,1,50,2,5,0,0,0,5,19.0,59.0,voiture,voiture,5,2,3,1,3
202300020316,2023-05-29 22:00:00,2023,5,29,22,0,33,33529,POILUS (RUE DES),44.62899,-1.15154,Nuit avec éclairage allumé,En agglomération,Intersection en T,Normale,Deux véhicules - côté,4,1,1,0,1,1,1,0,1,50,2,5,0,0,0,5,19.0,59.0,voiture,voiture,5,2,3,1,3
202300020317,2023-11-16 13:34:00,2023,11,16,13,34,971,97101,ALBERT LEOGANE - TERRASSON (RUE),16.249853,-61.49692655,Plein jour,Hors agglomération,Autre intersection,Normale,Deux véhicules - côté,4,2,2,0,3,1,1,0,1,50,2,2,1,0,0,1,31.0,,voiture,utilitaire_camion,1,1,9,1,3
202300020318,2023-03-10 11:35:00,2023,3,10,11,35,83,83140,dn7 pk 22+960,43.406733,5.938792,Plein jour,Hors agglomération,Hors intersection,Vent fort / tempête,Deux véhicules - côté,3,2,1,0,1,1,1,0,6,80,2,3,1,0,1,1,64.0,78.0,voiture,utilitaire_camion,1,1,1,6,3
202300020319,2023-05-29 13:52:00,2023,5,29,13,52,25,25462,SAINT ETIENNE FAUBOURG,46.90028,6.36102,Plein jour,En agglomération,Intersection en X,Normale,Autre collision,4,2,#VALEURMULTI,0,1,1,1,0,1,50,1,2,1,0,1,0,88.0,,voiture,,1,2,2,1,6
202300020320,2023-11-16 08:57:00,2023,11,16,8,57,971,97113,SECTION COCOYER,16.23253,-61.47909,Plein jour,Hors agglomération,Hors intersection,Normale,Autre collision,3,2,2,0,1,2,1,0,1,50,1,2,1,1,0,0,40.0,,utilitaire_camion,,1,1,1,1,6
202300020321,2023-03-14 09:40:00,2023,3,14,9,40,56,56184,LEZADAN,47.679175,-2.3962,Plein jour,Hors agglomération,Hors intersection,Normale,Deux véhicules - côté,3,2,2,0,1,1,1,0,1,80,2,3,2,0,1,0,24.0,65.0,deux_roues,utilitaire_camion,1,1,1,1,3
202300020322,2023-11-15 15:30:00,2023,11,15,15,30,971,97101,ROUTE DE BOULIQUI,16.25828,-61.45541,Plein jour,En agglomération,Hors intersection,Normale,Deux véhicules - frontale,3,2,2,0,1,1,1,0,1,50,2,2,0,0,0,2,25.0,30.0,utilitaire_camion,voiture,1,2,1,1,1
202300020323,2023-05-29 12:40:00,2023,5,29,12,40,13,13210,FLORIAN ( ROND POINT),43.28523252,5.42603447,Plein jour,En agglomération,Intersection en X,Normale,Deux véhicules - côté,4,1,3,0,1,1,1,3,1,50,2,5,3,0,0,2,22.0,67.0,voiture,voiture,1,2,2,1,3
202300020323,2023-05-29 12:40:00,2023,5,29,12,40,13,13210,FLORIAN ( ROND POINT),43.28523252,5.42603447,Plein jour,En agglomération,Intersection en X,Normale,Deux véhicules - côté,4,1,0,0,1,1,1,0,1,50,2,5,3,0,0,2,22.0,67.0,voiture,voiture,1,2,2,1,3
202300020324,2023-03-13 19:45:00,2023,3,13,19,45,76,76093,D916,49.421508,1.64095,Nuit sans éclairage public,Hors agglomération,Hors intersection,Pluie forte,Deux véhicules - frontale,3,-1,2,0,1,3,2,0,1,80,2,2,1,0,0,1,35.0,25.0,voiture,voiture,3,1,1,3,1
202300020325,2023-11-15 08:20:00,2023,11,15,8,20,971,97113,RN4 - SECTION RIVIERA,16.2085,-61.46751,Plein jour,Hors agglomération,Intersection en T,Normale,Deux véhicules - côté,2,2,2,0,1,1,1,0,1,70,2,2,1,0,1,0,38.0,34.0,voiture,deux_roues,1,1,3,1,3
202300020325,2023-11-15 08:20:00,2023,11,15,8,20,971,97113,RN4 - SECTION RIVIERA,16.2085,-61.46751,Plein jour,Hors agglomération,Intersection en T,Normale,Deux véhicules - côté,2,2,2,0,1,1,1,0,1,50,2,2,1,0,1,0,38.0,34.0,voiture,deux_roues,1,1,3,1,3
202300020326,2023-05-29 20:05:00,2023,5,29,20,5,10,10387,Boulevard Georges Pompidou,48.28788381,4.08091021,Plein jour,En agglomération,Giratoire,Normale,Deux véhicules - côté,4,2,4,0,1,1,1,0,1,50,2,5,4,0,0,1,56.0,36.0,deux_roues,voiture,1,2,6,1,3
202300020326,2023-05-29 20:05:00,2023,5,29,20,5,10,10387,Boulevard Georges Pompidou,48.28788381,4.08091021,Plein jour,En agglomération,Giratoire,Normale,Deux véhicules - côté,4,2,2,0,1,1,1,0,1,50,2,5,4,0,0,1,56.0,36.0,deux_roues,voiture,1,2,6,1,3
202300020327,2023-11-16 11:20:00,2023,11,16,11,20,95,95582,D909,48.96311,2.26024,Plein jour,En agglomération,Intersection en X,Pluie forte,Deux véhicules - côté,3,2,0,0,1,1,2,5,1,50,2,2,1,0,0,1,77.0,23.0,voiture,deux_roues,1,2,2,3,3
202300020327,2023-11-16 11:20:00,2023,11,16,11,20,95,95582,D909,48.96311,2.26024,Plein jour,En agglomération,Intersection en X,Pluie forte,Deux véhicules - côté,3,2,0,0,2,1,2,5,1,50,2,2,1,0,0,1,77.0,23.0,voiture,deux_roues,1,2,2,3,3
202300020328,2023-05-29 17:05:00,2023,5,29,17,5,10,10343,Allée du Château des Cours,48.2718,4.09084,Plein jour,En agglomération,Giratoire,Normale,Deux véhicules - côté,4,-1,1,0,1,1,1,0,1,50,2,2,1,0,0,1,88.0,64.0,voiture,deux_roues,1,2,6,1,3
202300020328,2023-05-29 17:05:00,2023,5,29,17,5,10,10343,Allée du Château des Cours,48.2718,4.09084,Plein jour,En agglomération,Giratoire,Normale,Deux véhicules - côté,4,-1,2,2,1,1,1,0,1,50,2,2,1,0,0,1,88.0,64.0,voiture,deux_roues,1,2,6,1,3
202300020329,2023-03-14 06:36:00,2023,3,14,6,36,80,80080,D1029,49.875493,2.843085,Crépuscule ou aube,Hors agglomération,Intersection en X,Pluie forte,Deux véhicules - côté,3,2,2,0,1,1,2,0,1,80,3,19,17,0,1,1,36.0,37.0,voiture,utilitaire_camion,2,1,2,3,3
202300020329,2023-03-14 06:36:00,2023,3,14,6,36,80,80080,D1029,49.875493,2.843085,Crépuscule ou aube,Hors agglomération,Intersection en X,Pluie forte,Deux véhicules - côté,3,2,2,0,1,1,2,5,1,80,3,19,17,0,1,1,36.0,37.0,voiture,utilitaire_camion,2,1,2,3,3
202300020330,2023-11-16 17:15:00,2023,11,16,17,15,95,95598,D109E,48.99046138,2.29642153,Nuit avec éclairage allumé,En agglomération,Giratoire,Pluie légère,Autre collision,3,2,2,0,1,1,2,0,1,50,1,2,1,0,0,1,68.0,,voiture,,5,2,6,2,6
202300020330,2023-11-16 17:15:00,2023,11,16,17,15,95,95598,D109E,48.99046138,2.29642153,Nuit avec éclairage allumé,En agglomération,Giratoire,Pluie légère,Autre collision,3,2,2,0,1,1,2,0,1,50,1,2,1,0,0,1,68.0,,voiture,,5,2,6,2,6
202300020331,2023-03-13 05:20:00,2023,3,13,5,20,81,81276,Route de Montauban,43.914303,1.678591,Nuit sans éclairage public,Hors agglomération,Hors intersection,Pluie légère,Sans collision,3,2,2,0,1,1,2,0,3,90,1,1,0,0,1,0,26.0,,voiture,,3,1,1,2,7
202300020332,2023-05-29 22:18:00,2023,5,29,22,18,06,06088,CIMIEZ (BD) A PARTIR DU 16-17,43.71343,7.27163,Nuit avec éclairage allumé,En agglomération,Intersection en X,Normale,Deux véhicules - côté,4,2,4,0,2,1,1,0,1,50,2,2,1,0,1,0,23.0,20.0,deux_roues,voiture,5,2,2,1,3
202300020332,2023-05-29 22:18:00,2023,5,29,22,18,06,06088,CIMIEZ (BD) A PARTIR DU 16-17,43.71343,7.27163,Nuit avec éclairage allumé,En agglomération,Intersection en X,Normale,Deux véhicules - côté,4,2,2,0,1,1,1,0,1,50,2,2,1,0,1,0,23.0,20.0,deux_roues,voiture,5,2,2,1,3
202300020333,2023-11-13 07:30:00,2023,11,13,7,30,95,95127,OISE (BOULEVARD DE L'),49.04289,2.01785,Nuit sans éclairage public,En agglomération,Hors intersection,Pluie forte,Autre collision,4,1,2,0,1,1,2,0,1,50,1,2,1,0,0,1,50.0,,voiture,,3,2,1,3,6
202300020334,2023-05-29 03:29:00,2023,5,29,3,29,06,06088,QUAI LUNEL,43.69433,7.28281,Nuit avec éclairage allumé,En agglomération,Hors intersection,Normale,Sans collision,4,1,1,0,1,1,1,0,1,30,1,1,0,0,1,0,28.0,,deux_roues,,5,2,1,1,7
202300020335,2023-11-16 16:50:00,2023,11,16,16,50,91,91103,RUE DE LA PAIX,48.60857,2.30532,Plein jour,En agglomération,Autre intersection,Pluie légère,Autre collision,4,2,2,0,1,1,2,0,1,30,1,3,2,0,0,1,81.0,,voiture,,1,2,9,2,6
202300020336,2023-02-26 03:30:00,2023,2,26,3,30,32,32020,D555,43.435762,0.270946,Nuit sans éclairage public,En agglomération,Hors intersection,Normale,Autre collision,3,2,2,0,1,1,1,0,3,50,2,4,2,0,1,1,19.0,22.0,voiture,utilitaire_camion,3,2,1,1,6
202300020337,2023-03-12 15:50:00,2023,3,12,15,50,32,32305,Départementale 33,43.83397,-0.047035,Plein jour,Hors agglomération,Hors intersection,Normale,Autre collision,3,2,2,0,1,1,1,0,3,80,1,1,0,0,1,0,22.0,,voiture,,1,1,1,1,6
202300020338,2023-05-29 18:05:00,2023,5,29,18,5,75,75120,BD PERIPHERIQUE INTERIEUR,48.855447,2.413826,Plein jour,En agglomération,Hors intersection,Normale,Trois véhicules et plus - en chaîne,4,1,4,0,1,1,1,0,1,70,3,3,2,0,0,1,39.0,36.0,voiture,voiture,1,2,1,1,4
202300020339,2023-11-16 18:50:00,2023,11,16,18,50,91,91114,AV KRUGER,48.6849,2.4964,Nuit avec éclairage allumé,En agglomération,Intersection en X,Pluie légère,Deux véhicules - côté,4,2,2,0,1,1,2,0,1,50,2,2,1,0,0,1,31.0,36.0,voiture,voiture,5,2,2,2,3
202300020339,2023-11-16 18:50:00,2023,11,16,18,50,91,91114,AV KRUGER,48.6849,2.4964,Nuit avec éclairage allumé,En agglomération,Intersection en X,Pluie légère,Deux véhicules - côté,4,2,2,0,1,1,2,0,1,50,2,2,1,0,0,1,31.0,36.0,voiture,voiture,5,2,2,2,3
202300020340,2023-05-28 22:35:00,2023,5,28,22,35,75,75116,BD PERIPHERIQUE INTERIEUR,48.854539,2.254923,Nuit avec éclairage allumé,En agglomération,Hors intersection,Normale,Deux véhicules - côté,4,1,3,0,1,1,1,1,1,50,2,2,1,0,0,1,46.0,42.0,voiture,deux_roues,5,2,1,1,3
202300020341,2023-03-13 07:45:00,2023,3,13,7,45,71,71543,627 Avenue Henri et Suzanne Vitrier,46.568151,4.893261,Plein jour,En agglomération,Intersection en T,Normale,Deux véhicules - côté,3,2,2,0,2,1,1,0,1,50,2,2,1,0,1,0,59.0,16.0,utilitaire_camion,deux_roues,1,2,3,1,3
202300020341,2023-03-13 07:45:00,2023,3,13,7,45,71,71543,627 Avenue Henri et Suzanne Vitrier,46.568151,4.893261,Plein jour,En agglomération,Intersection en T,Normale,Deux véhicules - côté,3,-1, -1,0,1,1,1,0,1,-1,2,2,1,0,1,0,59.0,16.0,utilitaire_camion,deux_roues,1,2,3,1,3
202300020342,2023-11-16 07:30:00,2023,11,16,7,30,91,91687,GABRIEL PERI (AVENUE),48.67953,2.37552,Nuit avec éclairage allumé,En agglomération,Autre intersection,Pluie forte,Deux véhicules - côté,3,1,5,0,1,1,2,5,1,30,2,2,1,0,0,1,54.0,17.0,voiture,deux_roues,5,2,9,3,3
202300020343,2023-05-28 07:41:00,2023,5,28,7,41,75,75119,BD PERIPHERIQUE EXTERIEUR,48.890069,2.396274,Plein jour,En agglomération,Hors intersection,Normale,Deux véhicules - arrière,4,1,4,0,1,1,1,0,1,70,2,2,1,0,1,0,45.0,47.0,voiture,deux_roues,1,2,1,1,2
202300020344,2023-11-16 07:40:00,2023,11,16,7,40,91,91027,RUE EDOUARD VAILLANT,48.7057,2.39328,Nuit avec éclairage non allumé,En agglomération,Hors intersection,Pluie forte,Autre collision,3,-1,2,0,1,1,2,0,1,50,1,2,1,0,0,1,26.0,,voiture,,4,2,1,3,6
202300020345,2023-03-12 15:00:00,2023,3,12,15,0,63,63393,Avenue des Bruyères,45.890781,3.597406,Plein jour,En agglomération,Intersection en Y,Normale,Deux véhicules - côté,3,2,2,0,1,3,1,5,1,50,2,2,1,0,1,0,17.0,20.0,deux_roues,voiture,1,2,4,1,3
202300020345,2023-03-12 15:00:00,2023,3,12,15,0,63,63393,Avenue des Bruyères,45.890781,3.597406,Plein jour,En agglomération,Intersection en Y,Normale,Deux véhicules - côté,3,2,2,-1,1,1,1,0,1,-1,2,2,1,0,1,0,17.0,20.0,deux_roues,voiture,1,2,4,1,3
202300020346,2023-11-16 18:05:00,2023,11,16,18,5,91,91223,RD 191,48.44166,2.13733,Nuit avec éclairage allumé,En agglomération,Giratoire,Pluie légère,Autre collision,3,2,1,0,1,1,2,0,1,50,1,2,1,0,0,1,51.0,,utilitaire_camion,,5,2,6,2,6
202300020347,2023-05-29 12:00:00,2023,5,29,12,0,75,75116,AVENUE PAUL DOUMER,48.85971,2.27853,Plein jour,En agglomération,Intersection en X,Normale,Sans collision,4,2,2,0,2,1,1,0,1,50,1,2,1,0,0,1,50.0,,deux_roues,,1,2,2,1,7
202300020347,2023-05-29 12:00:00,2023,5,29,12,0,75,75116,AVENUE PAUL DOUMER,48.85971,2.27853,Plein jour,En agglomération,Intersection en X,Normale,Sans collision,4,1,1,0,1,1,1,0,1,50,1,2,1,0,0,1,50.0,,deux_roues,,1,2,2,1,7
202300020348,2023-03-14 09:00:00,2023,3,14,9,0,12,12198,D911,44.312798,2.235181,Plein jour,Hors agglomération,Hors intersection,Pluie forte,Autre collision,3,2,2,0,2,3,2,0,4,70,1,1,0,0,1,0,62.0,,voiture,,1,1,1,3,6
202300020349,2023-05-29 08:15:00,2023,5,29,8,15,75,75115,RUE THEODORE DECK,48.83741933,2.2899735,Plein jour,En agglomération,Intersection en T,Normale,Autre collision,4,2,2,0,1,1,1,0,1,30,1,1,0,0,0,1,23.0,,deux_roues,,1,2,3,1,6
202300020349,2023-05-29 08:15:00,2023,5,29,8,15,75,75115,RUE THEODORE DECK,48.83741933,2.2899735,Plein jour,En agglomération,Intersection en T,Normale,Autre collision,4,1,1,0,1,1,1,0,1,30,1,1,0,0,0,1,23.0,,deux_roues,,1,2,3,1,6
202300020350,2023-11-16 01:22:00,2023,11,16,1,22,87,87085,GARIBALDI (AVENUE),45.8318,1.26245,Nuit avec éclairage allumé,En agglomération,Intersection en X,Normale,Deux véhicules - côté,4,2,3,0,1,1,1,5,1,30,2,2,1,0,0,1,25.0,40.0,voiture,utilitaire_camion,5,2,2,1,3
202300020350,2023-11-16 01:22:00,2023,11,16,1,22,87,87085,GARIBALDI (AVENUE),45.8318,1.26245,Nuit avec éclairage allumé,En agglomération,Intersection en X,Normale,Deux véhicules - côté,4,2,6,0,1,3,1,5,1,30,2,2,1,0,0,1,25.0,40.0,voiture,utilitaire_camion,5,2,2,1,3
202300020351,2023-03-14 12:45:00,2023,3,14,12,45,47,47315,D911,44.43727907,0.86586178,Plein jour,Hors agglomération,Hors intersection,Pluie forte,Deux véhicules - frontale,3,2,2,0,1,2,2,0,1,80,2,3,0,0,1,2,32.0,89.0,voiture,voiture,1,1,1,3,1
202300020352,2023-05-29 20:55:00,2023,5,29,20,55,75,75113,BOULEVARD KELLERMANN,48.819233,2.358215,Plein jour,En agglomération,Hors intersection,Normale,Autre collision,4,2,8,1,2,1,1,0,5,50,2,2,1,0,0,1,25.0,61.0,deux_roues,voiture,1,2,1,1,6
202300020353,2023-11-15 18:06:00,2023,11,15,18,6,87,87113,ANGUERNAUD,45.88322,1.32408,Plein jour,Hors agglomération,Hors intersection,Normale,Deux véhicules - frontale,3,2,2,0,1,4,2,0,1,70,2,2,1,0,0,1,70.0,61.0,voiture,utilitaire_camion,1,1,1,1,1
202300020354,2023-03-13 09:00:00,2023,3,13,9,0,47,47138,Paradis,44.253891,0.777492,Plein jour,Hors agglomération,Hors intersection,Normale,Deux véhicules - côté,3,2,2,0,2,2,1,0,8,80,2,2,1,0,1,0,69.0,36.0,voiture,voiture,1,1,1,1,3
202300020355,2023-05-29 16:55:00,2023,5,29,16,55,75,75112,AVENUE DAUMESNIL   SAINT MANDE,48.83382,2.41582,Plein jour,En agglomération,Hors intersection,Normale,Deux véhicules - côté,4,2,2,0,1,1,1,0,1,30,2,2,1,0,0,1,54.0,31.0,deux_roues,voiture,1,2,1,1,3
202300020356,2023-03-13 09:15:00,2023,3,13,9,15,39,39367,10 Rue de l'Europe,46.545698,6.017284,Plein jour,Hors agglomération,Hors intersection,Normale,Autre collision,4,2,2,0,1,1,1,0,4,50,1,2,1,1,0,0,55.0,,utilitaire_camion,,1,1,1,1,6
202300020357,2023-11-15 16:30:00,2023,11,15,16,30,85,85194,DINGLER (QUAI JULES),46.49497,-1.79436,Plein jour,En agglomération,Giratoire,Normale,Autre collision,4,1,2,0,1,2,1,6,4,20,1,5,3,0,0,2,35.0,,voiture,,1,2,6,1,6
202300020358,2023-05-29 11:50:00,2023,5,29,11,50,75,75110,PLACE FRANZ LISZT,48.877916,2.351624,Plein jour,En agglomération,Intersection en X,Normale,Deux véhicules - frontale,4,3,3,0,1,1,1,0,5,50,2,2,1,0,0,1,48.0,38.0,deux_roues,voiture,1,2,2,1,1
202300020358,2023-05-29 11:50:00,2023,5,29,11,50,75,75110,PLACE FRANZ LISZT,48.877916,2.351624,Plein jour,En agglomération,Intersection en X,Normale,Deux véhicules - frontale,4,2,0,1,1,1,1,0,5,30,2,2,1,0,0,1,48.0,38.0,deux_roues,voiture,1,2,2,1,1
202300020359,2023-11-15 17:45:00,2023,11,15,17,45,84,84007,AMANDIER (Avenue de l'),43.9474,4.85586,Plein jour,En agglomération,Hors intersection,Normale,Deux véhicules - côté,4,2,2,0,1,1,1,0,1,50,2,3,2,0,0,1,18.0,48.0,deux_roues,voiture,1,2,1,1,3
202300020360,2023-03-13 17:30:00,2023,3,13,17,30,44,44091,Route de Vay,47.572634,-1.694904,Plein jour,Hors agglomération,Intersection en X,Normale,Deux véhicules - côté,3,2,2,0,1,1,1,0,3,-1,2,4,1,0,0,3,40.0,57.0,voiture,voiture,1,1,2,1,3
202300020360,2023-03-13 17:30:00,2023,3,13,17,30,44,44091,Route de Vay,47.572634,-1.694904,Plein jour,Hors agglomération,Intersection en X,Normale,Deux véhicules - côté,3,2,2,0,1,1,1,0,1,-1,2,4,1,0,0,3,40.0,57.0,voiture,voiture,1,1,2,1,3
202300020361,2023-05-28 22:00:00,2023,5,28,22,0,75,75110,AVENUE CLAUDE VELLEFAUX,48.873046,2.370026,Crépuscule ou aube,En agglomération,Hors intersection,Normale,Deux véhicules - côté,4,2,0,1,2,1,1,0,1,30,2,2,1,0,0,1,33.0,39.0,deux_roues,voiture,2,2,1,1,3
202300020362,2023-11-15 08:05:00,2023,11,15,8,5,84,84007,PONCET (Rue Paul),43.92859,4.81974,Plein jour,En agglomération,Hors intersection,Normale,Deux véhicules - côté,4,1,1,0,1,1,1,0,1,30,2,2,1,0,0,1,24.0,17.0,voiture,deux_roues,1,2,1,1,3
202300020363,2023-03-11 12:54:00,2023,3,11,12,54,29,29081,27 Rue du Docteur Jacq,48.363025,-3.742511,Plein jour,En agglomération,Hors intersection,Pluie légère,Deux véhicules - frontale,4,2,2,0,3,3,2,0,1,50,2,3,0,0,1,2,72.0,80.0,voiture,voiture,1,2,1,2,1
202300020364,2023-05-28 16:56:00,2023,5,28,16,56,75,75108,PLACE DE LA CONCORDE,48.866781,2.322098,Plein jour,En agglomération,Intersection en X,Normale,Deux véhicules - côté,4,2,6,3,1,1,1,0,1,30,2,4,3,0,0,1,25.0,31.0,voiture,deux_roues,1,2,2,1,3
202300020364,2023-05-28 16:56:00,2023,5,28,16,56,75,75108,PLACE DE LA CONCORDE,48.866781,2.322098,Plein jour,En agglomération,Intersection en X,Normale,Deux véhicules - côté,4,2,6,3,1,1,1,0,1,30,2,4,3,0,0,1,25.0,31.0,voiture,deux_roues,1,2,2,1,3
202300020365,2023-03-14 18:50:00,2023,3,14,18,50,29,29171,D785,47.84089379,-4.28463766,Crépuscule ou aube,En agglomération,Hors intersection,Normale,Autre collision,3,2,2,0,1,1,1,0,1,50,1,2,1,1,0,0,20.0,,voiture,,2,2,1,1,6
202300020366,2023-11-15 14:25:00,2023,11,15,14,25,83,83137,BONFANTE,43.14172,5.8922,Plein jour,En agglomération,Intersection en T,Autre,Deux véhicules - côté,4,-1,2,0,1,3,1,5,1,50,2,2,1,0,0,1,18.0,37.0,deux_roues,voiture,1,2,3,9,3
202300020366,2023-11-15 14:25:00,2023,11,15,14,25,83,83137,BONFANTE,43.14172,5.8922,Plein jour,En agglomération,Intersection en T,Autre,Deux véhicules - côté,4,2, -1,-1,1,1,1,0,1,-1,2,2,1,0,0,1,18.0,37.0,deux_roues,voiture,1,2,3,9,3
202300020367,2023-05-28 19:50:00,2023,5,28,19,50,94,94074,3 Rue du 11 Novembre 1918,48.7497,2.4676,Plein jour,En agglomération,Hors intersection,Normale,Autre collision,4,1,1,1,1,1,1,0,1,50,1,1,0,1,0,0,23.0,,deux_roues,,1,2,1,1,6
202300020368,2023-05-28 19:00:00,2023,5,28,19,0,93,93055,Avenue Jean Lolive / Rue Auger,48.89078883,2.40075157,Crépuscule ou aube,En agglomération,Intersection en T,Normale,Autre collision,3,1,1,0,1,1,1,0,1,50,1,2,0,0,2,0,21.0,,deux_roues,,2,2,3,1,6
202300020368,2023-05-28 19:00:00,2023,5,28,19,0,93,93055,Avenue Jean Lolive / Rue Auger,48.89078883,2.40075157,Crépuscule ou aube,En agglomération,Intersection en T,Normale,Autre collision,3,2,2,0,1,1,1,0,1,50,1,2,0,0,2,0,21.0,,deux_roues,,2,2,3,1,6
202300020369,2023-11-16 12:05:00,2023,11,16,12,5,81,81163,RICHARDE,43.4978558,2.3929611,Plein jour,En agglomération,Intersection en T,Pluie légère,Deux véhicules - côté,3,2,2,0,1,1,2,0,1,50,2,2,1,0,1,0,51.0,49.0,deux_roues,voiture,1,2,3,2,3
202300020369,2023-11-16 12:05:00,2023,11,16,12,5,81,81163,RICHARDE,43.4978558,2.3929611,Plein jour,En agglomération,Intersection en T,Pluie légère,Deux véhicules - côté,3,2,2,0,1,1,2,0,1,50,2,2,1,0,1,0,51.0,49.0,deux_roues,voiture,1,2,3,2,3
202300020370,2023-03-14 14:15:00,2023,3,14,14,15,38,38517,381 Route de Saint-quentin,45.297509,5.499768,Plein jour,En agglomération,Hors intersection,Pluie légère,Deux véhicules - côté,3,2,2,0,1,1,2,0,1,50,2,7,6,0,0,1,33.0,81.0,utilitaire_camion,voiture,1,2,1,2,3
202300020371,2023-11-14 13:40:00,2023,11,14,13,40,80,80021,VANMARCKE (RUE),49.89653,2.30144,Plein jour,En agglomération,Hors intersection,Pluie forte,Autre collision,4,2,2,0,1,1,2,0,1,30,1,3,1,0,0,2,22.0,,voiture,,1,2,1,3,6
202300020372,2023-05-28 23:05:00,2023,5,28,23,5,93,93051,26 Avenue du Général de Gaulle,48.84607,2.5588,Nuit avec éclairage allumé,En agglomération,Hors intersection,Normale,Deux véhicules - arrière,4,2,2,0,1,1,1,0,1,50,2,4,0,0,1,3,29.0,19.0,voiture,voiture,5,2,1,1,2
202300020373,2023-03-13 19:25:00,2023,3,13,19,25,72,72377,D41,47.75419075,-0.10163713,Nuit sans éclairage public,Hors agglomération,Hors intersection,Pluie légère,Autre collision,3,2,2,0,2,1,2,0,1,80,1,2,1,0,1,0,20.0,,voiture,,3,1,1,2,6