accident_id,datetime,annee,mois,jour,heure,minute,departement,commune_insee,adresse,latitude,longitude,luminosite,agglomeration,intersection,meteo,collision,catr,circ,nbv,vosp,prof,plan,surf,infra,situ,vma,nb_vehicules,nb_usagers,nb_indemnes,nb_tues,nb_blesses_hosp,nb_blesses_legers,age_cond_1,age_cond_2,veh_type_cond_1,veh_type_cond_2,lum_code,agg_code,int_code,atm_code,col_code
202300020374,2023-05-29 02:30:00,2023,5,29,2,30,93,93046,Avenue Aristide Briand / Avenue Camille Desmoulins,48.91249,2.52245,Nuit avec éclairage allumé,En agglomération,Intersection en T,Normale,Deux véhicules - côté,3,3,4,3,1,1,1,5,1,50,2,3,2,0,1,0,27.0,21.0,deux_roues,voiture,5,2,3,1,3
202300020374,2023-05-29 02:30:00,2023,5,29,2,30,93,93046,Avenue Aristide Briand / Avenue Camille Desmoulins,48.91249,2.52245,Nuit avec éclairage allumé,En agglomération,Intersection en T,Normale,Deux véhicules - côté,3,3,2,3,1,1,1,0,1,-1,2,3,2,0,1,0,27.0,21.0,deux_roues,voiture,5,2,3,1,3
202300020375,2023-11-15 10:49:00,2023,11,15,10,49,78,78586,JOUHAUX (LEON),48.949102,2.193659,Plein jour,En agglomération,Intersection en X,Normale,Deux véhicules - côté,4,2,2,0,1,1,1,0,1,50,2,2,1,0,1,0,43.0,35.0,utilitaire_camion,deux_roues,1,2,2,1,3
202300020375,2023-11-15 10:49:00,2023,11,15,10,49,78,78586,JOUHAUX (LEON),48.949102,2.193659,Plein jour,En agglomération,Intersection en X,Normale,Deux véhicules - côté,4,2,2,0,1,1,1,0,8,50,2,2,1,0,1,0,43.0,35.0,utilitaire_camion,deux_roues,1,2,2,1,3
202300020376,2023-03-14 07:30:00,2023,3,14,7,30,72,72071,76 Rue Aristide Briand,47.69583,0.41747,Plein jour,En agglomération,Autre intersection,Pluie légère,Deux véhicules - côté,3,2,2,0,1,1,2,5,1,30,2,3,2,0,1,0,22.0,65.0,deux_roues,voiture,1,2,9,2,3
202300020377,2023-05-29 18:20:00,2023,5,29,18,20,93,93047,Boulevard Bargue / Rue Notre Dame des Anges,48.9004241,2.55683452,Plein jour,En agglomération,Place,Normale,Deux véhicules - côté,4,2,2,0,1,1,1,6,1,30,2,2,1,0,1,0,44.0,17.0,voiture,deux_roues,1,2,7,1,3
202300020377,2023-05-29 18:20:00,2023,5,29,18,20,93,93047,Boulevard Bargue / Rue Notre Dame des Anges,48.9004241,2.55683452,Plein jour,En agglomération,Place,Normale,Deux véhicules - côté,4,1,1,0,1,1,1,6,1,30,2,2,1,0,1,0,44.0,17.0,voiture,deux_roues,1,2,7,1,3
202300020378,2023-05-29 15:00:00,2023,5,29,15,0,93,93047,Rue Picasso / Avenue Paul Cézanne,48.90322188,2.56028894,Plein jour,En agglomération,Intersection en T,Normale,Deux véhicules - frontale,4,2,2,0,1,1,1,5,1,30,2,2,1,0,0,1,24.0,14.0,voiture,deux_roues,1,2,3,1,1
202300020378,2023-05-29 15:00:00,2023,5,29,15,0,93,93047,Rue Picasso / Avenue Paul Cézanne,48.90322188,2.56028894,Plein jour,En agglomération,Intersection en T,Normale,Deux véhicules - frontale,4,2,2,0,1,1,1,5,1,50,2,2,1,0,0,1,24.0,14.0,voiture,deux_roues,1,2,3,1,1
202300020379,2023-11-16 15:35:00,2023,11,16,15,35,77,77284,FUSILLIERS (RUE DES),48.95321,2.88013,Plein jour,En agglomération,Intersection en T,Pluie légère,Autre collision,4,3,4,0,1,1,2,0,1,50,1,2,1,0,0,1,,,utilitaire_camion,,1,2,3,2,6
202300020379,2023-11-16 15:35:00,2023,11,16,15,35,77,77284,FUSILLIERS (RUE DES),48.95321,2.88013,Plein jour,En agglomération,Intersection en T,Pluie légère,Autre collision,4,1,1,0,1,1,2,0,1,50,1,2,1,0,0,1,,,utilitaire_camion,,1,2,3,2,6
202300020380,2023-03-12 17:50:00,2023,3,12,17,50,06,06113,Route des Cabrolles,43.797206,7.478714,Plein jour,Hors agglomération,Hors intersection,Normale,Deux véhicules - côté,3,2,2,0,2,3,1,0,1,80,2,2,1,0,1,0,31.0,35.0,voiture,deux_roues,1,1,1,1,3
202300020381,2023-05-29 15:21:00,2023,5,29,15,21,93,93008,Rue Henri Gautier,48.90499403,2.42647358,Plein jour,En agglomération,Autre intersection,Normale,Deux véhicules - côté,4,2,2,0,1,1,1,9,1,50,2,2,1,0,0,1,59.0,37.0,deux_roues,voiture,1,2,9,1,3
202300020382,2023-05-29 16:24:00,2023,5,29,16,24,92,92063,MIRIBEL (RUE DU GENERAL DE),48.86144,2.17059,Plein jour,En agglomération,Hors intersection,Normale,Autre collision,6,-1, -1,0,1,1,1,9,1,50,1,3,1,0,0,2,72.0,,voiture,,1,2,1,1,6
202300020383,2023-03-12 14:15:00,2023,3,12,14,15,14,14032,Route de Bonneville - RD534,49.28631858,0.29824915,Plein jour,Hors agglomération,Hors intersection,Normale,Autre collision,3,2,2,0,1,1,1,0,3,80,1,3,2,0,0,1,62.0,,voiture,,1,1,1,1,6
202300020384,2023-11-16 13:35:00,2023,11,16,13,35,77,77058,ANDRE MALRAUX (AVENUE),48.84162,2.71905,Plein jour,En agglomération,Intersection en X,Pluie légère,Deux véhicules - côté,4,2,0,0,1,1,2,0,1,50,2,3,0,0,0,3,46.0,53.0,voiture,voiture,1,2,2,2,3
202300020384,2023-11-16 13:35:00,2023,11,16,13,35,77,77058,ANDRE MALRAUX (AVENUE),48.84162,2.71905,Plein jour,En agglomération,Intersection en X,Pluie légère,Deux véhicules - côté,4,2,2,0,1,1,2,0,1,50,2,3,0,0,0,3,46.0,53.0,voiture,voiture,1,2,2,2,3
202300020385,2023-05-29 16:37:00,2023,5,29,16,37,92,92050,boulevard Aimé Césaire,48.89512296,2.22789198,Plein jour,En agglomération,Hors intersection,Normale,Autre collision,3,-1,0,1,2,1,1,0,1,25,1,3,1,0,0,2,21.0,,deux_roues,,1,2,1,1,6
202300020386,2023-03-13 20:30:00,2023,3,13,20,30,05,05010,994B,44.53833906,5.78430498,Nuit sans éclairage public,Hors agglomération,Hors intersection,Normale,Sans collision,3,2,2,0,2,3,1,0,8,90,1,1,0,0,1,0,57.0,,voiture,,3,1,1,1,7
202300020387,2023-05-29 12:40:00,2023,5,29,12,40,92,92048,TRIVAUX (AVENUE DE) N° 9,48.79889061,2.23311737,Plein jour,En agglomération,Hors intersection,Normale,Autre collision,3,-1,2,0,1,1,1,9,8,50,1,1,0,0,0,1,71.0,,utilitaire_camion,,1,2,1,1,6
202300020388,2023-03-13 09:05:00,2023,3,13,9,5,05,05170,230 Avenue Pierre Bernard Reymond,44.45831,6.03453,Plein jour,Hors agglomération,Hors intersection,Normale,Sans collision,6,-1, -1,0,1,1,1,0,8,20,1,1,0,0,1,0,66.0,,deux_roues,,1,1,1,1,7
202300020389,2023-11-16 08:40:00,2023,11,16,8,40,77,77243,RAYMOND POINCARE  (AVENUE),48.8747,2.72324,Plein jour,En agglomération,Intersection en T,Pluie légère,Deux véhicules - côté,3,2,2,0,1,1,2,0,1,50,2,2,1,0,0,1,32.0,27.0,deux_roues,voiture,1,2,3,2,3
202300020389,2023-11-16 08:40:00,2023,11,16,8,40,77,77243,RAYMOND POINCARE  (AVENUE),48.8747,2.72324,Plein jour,En agglomération,Intersection en T,Pluie légère,Deux véhicules - côté,3,2,2,0,1,1,2,0,1,50,2,2,1,0,0,1,32.0,27.0,deux_roues,voiture,1,2,3,2,3
202300020390,2023-05-30 08:15:00,2023,5,30,8,15,76,76342,365 Chemin de la Cayenne,49.656867,0.545199,Plein jour,Hors agglomération,Hors intersection,Normale,Deux véhicules - côté,4,2,2,0,2,1,1,0,1,80,2,2,1,0,1,0,34.0,10.0,voiture,deux_roues,1,1,1,1,3
202300020391,2023-03-12 18:40:00,2023,3,12,18,40,16,16334,Peudry,45.359737,0.096222,Crépuscule ou aube,Hors agglomération,Hors intersection,Pluie légère,Sans collision,3,-1,2,0,1,1,2,0,3,80,1,1,0,0,0,1,52.0,,voiture,,2,1,1,2,7
202300020392,2023-11-16 23:20:00,2023,11,16,23,20,76,76540,Rue de Lillebonne,49.44704,1.06493,Nuit avec éclairage allumé,En agglomération,Hors intersection,Pluie légère,Autre collision,4,1,2,0,1,1,2,0,1,30,1,2,1,0,0,1,,,voiture,,5,2,1,2,6
202300020393,2023-03-14 10:00:00,2023,3,14,10,0,40,40132,4263 Route de Habas,43.565397,-0.942791,Plein jour,Hors agglomération,Hors intersection,Pluie forte,Autre collision,3,2,2,0,4,3,2,0,3,80,1,1,0,1,0,0,31.0,,voiture,,1,1,1,3,6
202300020394,2023-05-30 09:30:00,2023,5,30,9,30,39,39097,25 Rue Clémenceau,46.743747,5.915639,Plein jour,En agglomération,Intersection en T,Normale,Deux véhicules - côté,3,2,2,0,1,1,1,0,8,50,2,2,1,0,0,1,31.0,87.0,deux_roues,utilitaire_camion,1,2,3,1,3
202300020394,2023-05-30 09:30:00,2023,5,30,9,30,39,39097,25 Rue Clémenceau,46.743747,5.915639,Plein jour,En agglomération,Intersection en T,Normale,Deux véhicules - côté,3,-1, -1,-1,1,1,1,0,1,20,2,2,1,0,0,1,31.0,87.0,deux_roues,utilitaire_camion,1,2,3,1,3
202300020395,2023-11-16 19:15:00,2023,11,16,19,15,76,76681,Rue Pierre Corneille,49.42123,1.09268,Nuit avec éclairage allumé,En agglomération,Intersection en X,Temps couvert,Deux véhicules - côté,7,2,2,0,1,1,2,-1,1,50,2,2,1,0,0,1,31.0,38.0,voiture,deux_roues,5,2,2,8,3
202300020395,2023-11-16 19:15:00,2023,11,16,19,15,76,76681,Rue Pierre Corneille,49.42123,1.09268,Nuit avec éclairage allumé,En agglomération,Intersection en X,Temps couvert,Deux véhicules - côté,7,2,2,0,1,1,2,0,1,50,2,2,1,0,0,1,31.0,38.0,voiture,deux_roues,5,2,2,8,3
202300020396,2023-05-30 07:59:00,2023,5,30,7,59,80,80016,Rue Paul Bert,50.000961,2.651605,Plein jour,En agglomération,Intersection en T,Temps éblouissant,Autre collision,4,1,1,0,1,1,1,0,1,30,1,2,1,0,1,0,51.0,,voiture,,1,2,3,7,6
202300020396,2023-05-30 07:59:00,2023,5,30,7,59,80,80016,Rue Paul Bert,50.000961,2.651605,Plein jour,En agglomération,Intersection en T,Temps éblouissant,Autre collision,4,2,2,0,1,1,1,0,1,50,1,2,1,0,1,0,51.0,,voiture,,1,2,3,7,6
202300020397,2023-03-13 08:45:00,2023,3,13,8,45,23,23173,D941,45.985158,1.831037,Plein jour,Hors agglomération,Hors intersection,Normale,Deux véhicules - côté,3,2,2,0,2,3,2,0,1,90,2,6,0,0,3,3,35.0,52.0,utilitaire_camion,utilitaire_camion,1,1,1,1,3
202300020398,2023-05-29 18:45:00,2023,5,29,18,45,54,54307,3 Grande Rue,48.43592407,6.24867797,Plein jour,En agglomération,Hors intersection,Normale,Deux véhicules - côté,4,2,2,0,2,3,1,0,1,50,2,2,1,0,1,0,20.0,59.0,voiture,deux_roues,1,2,1,1,3
202300020399,2023-11-16 09:45:00,2023,11,16,9,45,74,74118,DE GAULLE (RUE CHARLES),46.166207,6.188913,Plein jour,En agglomération,Intersection en T,Pluie légère,Deux véhicules - frontale,4,2,2,0,1,1,2,0,1,50,2,2,1,0,0,1,56.0,42.0,utilitaire_camion,voiture,1,2,3,2,1
202300020399,2023-11-16 09:45:00,2023,11,16,9,45,74,74118,DE GAULLE (RUE CHARLES),46.166207,6.188913,Plein jour,En agglomération,Intersection en T,Pluie légère,Deux véhicules - frontale,4,2,2,0,1,1,2,0,1,50,2,2,1,0,0,1,56.0,42.0,utilitaire_camion,voiture,1,2,3,2,1
202300020400,2023-05-29 06:40:00,2023,5,29,6,40,86,86034,D12,46.370204,0.593054,Crépuscule ou aube,Hors agglomération,Hors intersection,Normale,Autre collision,3,2,2,0,1,1,1,0,3,80,1,1,0,0,1,0,21.0,,voiture,,2,1,1,1,6
202300020401,2023-03-12 01:20:00,2023,3,12,1,20,01,01024,,46.26174779,5.16357958,Nuit sans éclairage public,Hors agglomération,Hors intersection,Pluie légère,Autre collision,1,1,1,0,1,3,2,9,3,50,1,3,1,0,1,1,25.0,,voiture,,3,1,1,2,6
202300020402,2023-05-29 02:30:00,2023,5,29,2,30,2A,2A348,RD 70,42.158671,8.756474,Nuit sans éclairage public,Hors agglomération,Hors intersection,Normale,Autre collision,3,2,2,0,2,3,1,0,1,70,1,1,0,0,1,0,19.0,,voiture,,3,1,1,1,6
202300020403,2023-11-15 07:55:00,2023,11,15,7,55,72,72181,MAIGNANT ALBERT (RUE) N° IMP,48.00541,0.20398,Plein jour,En agglomération,Autre intersection,Normale,Autre collision,4,1,2,0,1,1,1,0,1,50,2,2,1,0,0,1,12.0,40.0,deux_roues,voiture,1,2,9,1,6
202300020404,2023-05-27 14:35:00,2023,5,27,14,35,52,52300,09 Grande Rue,48.513728,5.003347,Plein jour,En agglomération,Hors intersection,Normale,Autre collision,3,2,2,0,1,3,1,0,4,50,1,1,0,0,1,0,22.0,,voiture,,1,2,1,1,6
202300020405,2023-03-14 11:00:00,2023,3,14,11,0,37,37131,D952,47.43606102,1.02063417,Plein jour,Hors agglomération,Hors intersection,Normale,Deux véhicules - frontale,3,2,2,0,1,2,1,0,1,80,2,3,0,1,1,1,68.0,45.0,voiture,utilitaire_camion,1,1,1,1,1
202300020406,2023-11-16 14:10:00,2023,11,16,14,10,71,71081,PARIS (RUE  DE),46.8163,4.84011,Plein jour,En agglomération,Hors intersection,Temps couvert,Deux véhicules - côté,4,2,2,0,1,1,2,0,1,50,2,2,1,0,0,1,31.0,11.0,voiture,deux_roues,1,2,1,8,3
202300020407,2023-05-28 11:21:00,2023,5,28,11,21,22,22048,la Brousse,48.487714,-2.230203,Plein jour,Hors agglomération,Hors intersection,Normale,Deux véhicules - frontale,3,2,2,0,1,2,1,0,3,80,2,5,1,0,0,4,53.0,20.0,voiture,voiture,1,1,1,1,1
202300020408,2023-03-13 08:20:00,2023,3,13,8,20,01,01213,A42 - PK 037+150 vers LYON,45.937897,5.284843,Plein jour,Hors agglomération,Hors intersection,Normale,Autre collision,1,3,4,0,1,1,1,9,3,130,1,1,0,0,1,0,74.0,,voiture,,1,1,1,1,6
202300020409,2023-11-16 17:55:00,2023,11,16,17,55,69,69266,20 Avenue Albert Einstein,45.78354137,4.8832178,Nuit avec éclairage allumé,En agglomération,Passage à niveau,Temps couvert,Deux véhicules - côté,4,2,2,3,1,1,1,4,6,-1,2,2,1,0,1,0,37.0,43.0,deux_roues,transport_commun,5,2,8,8,3
202300020410,2023-05-28 22:30:00,2023,5,28,22,30,41,41194,Rue Porte aux Dames,47.360517,1.746939,Nuit avec éclairage non allumé,En agglomération,Hors intersection,Normale,Autre collision,4,1,1,0,1,1,1,0,1,50,1,2,1,0,1,0,,,voiture,,4,2,1,1,6
202300020411,2023-02-07 08:20:00,2023,2,7,8,20,06,06085,Avenue General de Gaulle,43.608708,7.009452,Crépuscule ou aube,En agglomération,Hors intersection,Normale,Autre collision,3,2,2,0,1,1,1,0,6,50,1,2,1,0,1,0,43.0,,voiture,,2,2,1,1,6
202300020412,2023-11-16 12:15:00,2023,11,16,12,15,69,69264,Avenue Saint-Exupery,45.99086,4.71109,Plein jour,En agglomération,Hors intersection,Normale,Autre collision,4,1,1,3,1,1,1,0,1,30,1,2,1,0,0,1,47.0,,voiture,,1,2,1,1,6
202300020413,2023-05-30 13:05:00,2023,5,30,13,5,28,28425,A11 pk 041+700,48.503185,1.703439,Plein jour,Hors agglomération,Hors intersection,Normale,Autre collision,1,3,3,0,3,3,1,0,3,-1,1,3,0,1,1,1,76.0,,voiture,,1,1,1,1,6
202300020414,2023-03-13 19:00:00,2023,3,13,19,0,49,49308,A87N,47.4043,-0.510269,Nuit sans éclairage public,Hors agglomération,Hors intersection,Pluie légère,Trois véhicules et plus - en chaîne,1,1,4,0,1,1,2,0,1,90,3,4,3,0,0,1,45.0,29.0,voiture,voiture,3,1,1,2,4
202300020415,2023-05-30 15:45:00,2023,5,30,15,45,23,23193,La Planche,46.13953,1.906943,Plein jour,Hors agglomération,Hors intersection,Normale,Sans collision,4,2,2,0,2,1,1,0,1,90,1,1,0,0,1,0,65.0,,deux_roues,,1,1,1,1,7
202300020416,2023-11-16 02:55:00,2023,11,16,2,55,69,69290,357 Route de Grenoble,45.72362,4.93821,Nuit sans éclairage public,Hors agglomération,Hors intersection,Normale,Autre collision,7,2,4,0,1,1,1,0,4,90,1,1,0,0,0,1,27.0,,deux_roues,,3,1,1,1,6
202300020417,2023-05-30 13:05:00,2023,5,30,13,5,67,67163,D31,48.704098,7.556107,Plein jour,Hors agglomération,Giratoire,Normale,Sans collision,3,1,2,0,1,2,1,5,1,80,1,1,0,0,0,1,41.0,,deux_roues,,1,1,6,1,7
202300020418,2023-03-13 05:00:00,2023,3,13,5,0,988,98832,Route du Carénage - RM10,-22.25516,166.83526,Nuit sans éclairage public,Hors agglomération,Hors intersection,Normale,Autre collision,4,2,2,0,1,2,1,0,3,90,1,4,0,1,0,3,22.0,,transport_commun,,3,1,1,1,6
202300020419,2023-11-15 12:05:00,2023,11,15,12,5,69,69029,Boulevard de l'Université,45.72416,4.92204,Plein jour,Hors agglomération,Hors intersection,Normale,Trois véhicules et plus - collisions multiples,7,2,2,0,2,3,1,0,1,50,3,3,1,0,0,2,30.0,41.0,voiture,voiture,1,1,1,1,5
202300020420,2023-05-30 08:10:00,2023,5,30,8,10,35,35208,N137 PK030.200,47.96552889,-1.69084847,Plein jour,Hors agglomération,Hors intersection,Normale,Trois véhicules et plus - en chaîne,2,3,2,0,1,1,1,0,1,110,4,4,2,0,0,2,54.0,30.0,voiture,utilitaire_camion,1,1,1,1,4
202300020421,2023-03-13 21:30:00,2023,3,13,21,30,973,97311,Avenue Christophe Colomb,5.446811,-54.041877,Nuit sans éclairage public,Hors agglomération,Hors intersection,Normale,Deux véhicules - côté,3,2,2,0,1,2,1,0,3,80,2,7,2,0,0,5,23.0,33.0,voiture,voiture,3,1,1,1,3
202300020422,2023-11-16 17:20:00,2023,11,16,17,20,67,67482,LYON (BOULEVARD DE),48.57502,7.73378,Nuit avec éclairage allumé,En agglomération,Intersection en T,Pluie forte,Deux véhicules - côté,4,2,6,1,2,2,2,5,1,50,2,2,1,0,0,1,22.0,51.0,deux_roues,voiture,5,2,3,3,3
202300020422,2023-11-16 17:20:00,2023,11,16,17,20,67,67482,LYON (BOULEVARD DE),48.57502,7.73378,Nuit avec éclairage allumé,En agglomération,Intersection en T,Pluie forte,Deux véhicules - côté,4,1,3,1,1,1,2,8,1,50,2,2,1,0,0,1,22.0,51.0,deux_roues,voiture,5,2,3,3,3
202300020423,2023-05-28 05:30:00,2023,5,28,5,30,974,97404,route Nationale 1 97427,-21.283536,55.370793,Nuit sans éclairage public,Hors agglomération,Hors intersection,Normale,Deux véhicules - arrière,2,3,2,0,1,1,1,0,1,-1,2,3,2,0,1,0,31.0,22.0,voiture,voiture,3,1,1,1,2
202300020424,2023-05-30 07:45:00,2023,5,30,7,45,84,84134,RD 93,44.181207,4.887163,Plein jour,Hors agglomération,Hors intersection,Normale,Deux véhicules - arrière,3,2,2,0,1,2,1,0,1,80,2,2,1,0,1,0,74.0,49.0,deux_roues,utilitaire_camion,1,1,1,1,2
202300020425,2023-11-14 18:15:00,2023,11,14,18,15,67,67482,BELGES (QUAI DES),48.57468201,7.77650499,Nuit avec éclairage allumé,En agglomération,Giratoire,Pluie légère,Deux véhicules - arrière,4,2,2,1,1,3,2,9,1,50,2,4,1,0,0,3,41.0,41.0,voiture,voiture,5,2,6,2,2
202300020425,2023-11-14 18:15:00,2023,11,14,18,15,67,67482,BELGES (QUAI DES),48.57468201,7.77650499,Nuit avec éclairage allumé,En agglomération,Giratoire,Pluie légère,Deux véhicules - arrière,4,2,2,1,1,3,2,9,1,50,2,4,1,0,0,3,41.0,41.0,voiture,voiture,5,2,6,2,2
202300020425,2023-11-14 18:15:00,2023,11,14,18,15,67,67482,BELGES (QUAI DES),48.57468201,7.77650499,Nuit avec éclairage allumé,En agglomération,Giratoire,Pluie légère,Deux véhicules - arrière,4,2,2,1,1,3,2,9,1,50,2,4,1,0,0,3,41.0,41.0,voiture,voiture,5,2,6,2,2
202300020426,2023-02-13 15:25:00,2023,2,13,15,25,973,97311,Route de Saint Jean,5.443746,-54.03868,Plein jour,Hors agglomération,Hors intersection,Normale,Sans collision,3,2,2,0,1,1,1,0,3,80,1,1,0,0,0,1,46.0,,deux_roues,,1,1,1,1,7
202300020427,2023-05-30 15:50:00,2023,5,30,15,50,51,51028,D9,49.075887,4.06051,Plein jour,Hors agglomération,Hors intersection,Temps éblouissant,Deux véhicules - arrière,3,2,2,0,1,1,1,0,1,80,2,2,1,0,1,0,49.0,56.0,utilitaire_camion,utilitaire_camion,1,1,1,7,2
202300020428,2023-11-15 19:20:00,2023,11,15,19,20,66,66136,,42.7118,2.96297,Nuit sans éclairage public,Hors agglomération,Hors intersection,Normale,Deux véhicules - côté,3,3,2,0,1,1,1,0,1,110,2,2,1,0,1,0,15.0,29.0,deux_roues,voiture,3,1,1,1,3
202300020429,2023-03-12 20:55:00,2023,3,12,20,55,971,97116,Nationale 6,16.336016,-61.459236,Nuit avec éclairage allumé,En agglomération,Hors intersection,Normale,Deux véhicules - côté,2,2,2,0,1,1,1,0,1,50,2,2,1,0,1,0,50.0,40.0,deux_roues,voiture,5,2,1,1,3
202300020430,2023-11-16 19:50:00,2023,11,16,19,50,64,64260,NOUVELLE (RUE),43.35433,-1.77434,Nuit sans éclairage public,En agglomération,Hors intersection,Pluie légère,Autre collision,4,1,1,0,1,1,2,0,1,50,1,2,1,0,0,1,53.0,,autre,,3,2,1,2,6
202300020431,2023-05-28 10:10:00,2023,5,28,10,10,56,56168,Voie verte littorale n°5,47.589487,-3.132999,Plein jour,Hors agglomération,Hors intersection,Temps éblouissant,Deux véhicules - arrière,9,2,2,1,1,1,1,-1,5,-1,2,2,1,0,1,0,57.0,42.0,deux_roues,deux_roues,1,1,1,7,2
202300020432,2023-05-29 17:45:00,2023,5,29,17,45,76,76719,D10,49.743164,0.525627,Plein jour,Hors agglomération,Hors intersection,Normale,Sans collision,3,2,2,0,2,3,9,0,1,80,1,1,0,0,0,1,44.0,,deux_roues,,1,1,1,1,7
202300020433,2023-11-15 09:15:00,2023,11,15,9,15,64,64445,CATHERINE DE BOURBON,43.3209,-0.35885,Plein jour,En agglomération,Hors intersection,Normale,Deux véhicules - arrière,4,1,2,0,1,1,2,0,1,50,2,2,1,0,0,1,,45.0,voiture,voiture,1,2,1,1,2
202300020434,2023-03-13 18:20:00,2023,3,13,18,20,971,97129,N2,16.29295,-61.670675,Crépuscule ou aube,Hors agglomération,Hors intersection,Normale,Deux véhicules - côté,2,2,2,0,1,1,1,0,1,70,2,6,1,1,1,3,58.0,42.0,voiture,utilitaire_camion,2,1,1,1,3
202300020435,2023-11-16 21:30:00,2023,11,16,21,30,64,64122,PITCHOT (RUE DE),43.46486,-1.53516,Nuit sans éclairage public,En agglomération,Autre intersection,Normale,Sans collision,6,-1, -1,0,1,1,1,9,4,-1,1,1,0,0,0,1,16.0,,deux_roues,,3,2,9,1,7
202300020436,2023-05-30 09:30:00,2023,5,30,9,30,79,79170,,46.193334,-0.661497,Plein jour,Hors agglomération,Hors intersection,Normale,Deux véhicules - frontale,2,2,3,0,1,3,1,0,1,80,2,3,0,0,2,1,71.0,76.0,voiture,voiture,1,1,1,1,1
202300020437,2023-03-13 15:45:00,2023,3,13,15,45,45,45173,17 Route d’Orléans,47.86225,2.112069,Plein jour,En agglomération,Hors intersection,Pluie forte,Deux véhicules - frontale,3,2,2,0,1,1,2,0,1,50,2,2,1,0,1,0,71.0,70.0,voiture,voiture,1,2,1,3,1
202300020438,2023-11-16 14:07:00,2023,11,16,14,7,63,63300,RD 2009-contournement Est de Riom,45.9046647,3.12815334,Plein jour,Hors agglomération,Hors intersection,Vent fort / tempête,Deux véhicules - arrière,3,3,4,0,1,1,1,0,1,110,2,2,1,0,0,1,59.0,56.0,voiture,voiture,1,1,1,6,2
202300020439,2023-05-27 17:30:00,2023,5,27,17,30,65,65394,chemin de la bourdette,43.078725,0.526978,Plein jour,Hors agglomération,Hors intersection,Normale,Autre collision,4,2,2,0,2,1,1,0,1,50,1,2,1,0,1,0,70.0,,utilitaire_camion,,1,1,1,1,6
202300020440,2023-03-11 21:15:00,2023,3,11,21,15,77,77005,D404,48.91634631,2.71175388,Nuit sans éclairage public,Hors agglomération,Giratoire,Pluie légère,Autre collision,3,2,2,0,1,2,2,5,3,80,1,2,1,1,0,0,71.0,,voiture,,3,1,6,2,6
202300020441,2023-11-15 07:30:00,2023,11,15,7,30,62,62842,Route de Wingles,50.47841,2.85885,Crépuscule ou aube,En agglomération,Hors intersection,Temps couvert,Deux véhicules - côté,4,2,2,0,1,1,1,0,1,50,2,2,1,0,1,0,44.0,17.0,voiture,deux_roues,2,2,1,8,3
202300020442,2023-05-27 10:00:00,2023,5,27,10,0,65,65343,Route de Batsurguere,43.068449,-0.06875,Plein jour,Hors agglomération,Hors intersection,Normale,Sans collision,3,2,2,0,2,1,1,0,1,80,1,1,0,1,0,0,63.0,,deux_roues,,1,1,1,1,7
202300020443,2023-03-13 19:35:00,2023,3,13,19,35,78,78089,6 Rue Lazare Carnot,49.035958,1.576808,Nuit avec éclairage allumé,En agglomération,Hors intersection,Pluie légère,Autre collision,4,1,1,0,2,1,2,0,1,30,1,3,2,1,0,0,72.0,,voiture,,5,2,1,2,6
202300020444,2023-11-12 16:40:00,2023,11,12,16,40,62,62498,D947,50.44358,2.81971,Crépuscule ou aube,En agglomération,Hors intersection,Pluie légère,Autre collision,3,2,2,0,1,1,2,0,1,50,1,2,1,0,0,1,89.0,,voiture,,2,2,1,2,6
202300020445,2023-03-14 08:25:00,2023,3,14,8,25,2A,2A247,Route de Muratello,41.59314,9.22247,Plein jour,Hors agglomération,Hors intersection,Normale,Deux véhicules - arrière,3,2,2,0,2,1,1,0,1,80,2,3,0,0,0,3,21.0,46.0,voiture,voiture,1,1,1,1,2
202300020446,2023-05-30 17:15:00,2023,5,30,17,15,32,32395,Bordeneuve,43.991209,0.674822,Plein jour,Hors agglomération,Hors intersection,Normale,Trois véhicules et plus - collisions multiples,2,2,2,0,1,1,1,0,1,80,3,3,1,0,1,1,33.0,48.0,deux_roues,utilitaire_camion,1,1,1,1,5
202300020447,2023-03-11 12:10:00,2023,3,11,12,10,30,30085,,43.933042,4.473538,Plein jour,Hors agglomération,Hors intersection,Normale,Sans collision,3,2,2,0,2,2,1,0,3,80,1,1,0,0,1,0,16.0,,deux_roues,,1,1,1,1,7
202300020448,2023-11-15 18:25:00,2023,11,15,18,25,56,56121,SAINT-CHRISTOPHE ( PONT ),47.76084,-3.36494,Nuit avec éclairage allumé,En agglomération,Hors intersection,Pluie légère,Deux véhicules - arrière,4,2,2,0,1,1,2,2,1,30,2,2,1,0,0,1,33.0,37.0,voiture,voiture,5,2,1,2,2
202300020449,2023-03-12 16:15:00,2023,3,12,16,15,06,06147,528 Boulevard Léon Sauvan,43.786646,7.27164,Plein jour,En agglomération,Hors intersection,Normale,Autre collision,7,2,2,0,1,1,1,0,1,50,1,2,1,0,1,0,17.0,,voiture,,1,2,1,1,6