accident_id,datetime,annee,mois,jour,heure,minute,departement,commune_insee,adresse,latitude,longitude,luminosite,agglomeration,intersection,meteo,collision,catr,circ,nbv,vosp,prof,plan,surf,infra,situ,vma,nb_vehicules,nb_usagers,nb_indemnes,nb_tues,nb_blesses_hosp,nb_blesses_legers,age_cond_1,age_cond_2,veh_type_cond_1,veh_type_cond_2,lum_code,agg_code,int_code,atm_code,col_code
202300020658,2023-03-12 11:10:00,2023,3,12,11,10,92,92002,ALEXIS DE TOCQUEVILLE ((RUE),48.7337,2.31439,Plein jour,En agglomération,Intersection en T,Normale,Deux véhicules - côté,3,2,2,0,1,1,1,5,1,50,2,2,1,0,0,1,42.0,,deux_roues,voiture,1,2,3,1,3
202300020658,2023-03-12 11:10:00,2023,3,12,11,10,92,92002,ALEXIS DE TOCQUEVILLE ((RUE),48.7337,2.31439,Plein jour,En agglomération,Intersection en T,Normale,Deux véhicules - côté,3,2,2,0,1,1,1,5,1,50,2,2,1,0,0,1,42.0,,deux_roues,voiture,1,2,3,1,3
202300020659,2023-09-12 07:45:00,2023,9,12,7,45,94,94019,Rue de Champigny,48.80212966,2.52458324,Plein jour,En agglomération,Hors intersection,Normale,Autre collision,3,2,2,0,1,1,1,9,4,30,1,2,1,0,0,1,,,voiture,,1,2,1,1,6
202300020660,2023-01-29 18:55:00,2023,1,29,18,55,45,45232,643 RUE DE LA REINE BLANCHE,47.870032,1.888824,Nuit avec éclairage allumé,En agglomération,Autre intersection,Normale,Autre collision,4,2,2,0,1,1,1,0,1,50,1,2,1,0,1,0,53.0,,voiture,,5,2,9,1,6
202300020661,2023-09-13 09:09:00,2023,9,13,9,9,94,94071,Boulevard de la Liberté,48.76111,2.54905,Plein jour,En agglomération,Giratoire,Normale,Deux véhicules - côté,4,2, -1,0,1,1,1,9,1,-1,2,2,1,0,0,1,69.0,21.0,deux_roues,utilitaire_camion,1,2,6,1,3
202300020661,2023-09-13 09:09:00,2023,9,13,9,9,94,94071,Boulevard de la Liberté,48.76111,2.54905,Plein jour,En agglomération,Giratoire,Normale,Deux véhicules - côté,4,2,1,0,1,2,1,9,1,50,2,2,1,0,0,1,69.0,21.0,deux_roues,utilitaire_camion,1,2,6,1,3
202300020662,2023-03-12 17:00:00,2023,3,12,17,0,58,58227,Route de Saint-sauveur,47.534041,3.074498,Plein jour,En agglomération,Hors intersection,Normale,Trois véhicules et plus - en chaîne,3,2,2,0,1,1,1,0,1,50,3,4,1,0,1,2,16.0,15.0,deux_roues,deux_roues,1,2,1,1,4
202300020663,2023-01-28 14:50:00,2023,1,28,14,50,42,42218,Rue de la Pareille,45.43903,4.3793,Plein jour,En agglomération,Intersection en T,Pluie légère,Deux véhicules - frontale,4,2,1,0,1,1,2,0,1,50,2,2,1,0,1,0,45.0,51.0,deux_roues,voiture,1,2,3,2,1
202300020663,2023-01-28 14:50:00,2023,1,28,14,50,42,42218,Rue de la Pareille,45.43903,4.3793,Plein jour,En agglomération,Intersection en T,Pluie légère,Deux véhicules - frontale,4,3,1,0,1,1,2,0,1,50,2,2,1,0,1,0,45.0,51.0,deux_roues,voiture,1,2,3,2,1
202300020664,2023-12-22 14:00:00,2023,12,22,14,0,95,95572,N184,49.0453204,2.12995684,Plein jour,Hors agglomération,Hors intersection,Normale,Trois véhicules et plus - collisions multiples,2,3,6,0,1,1,1,0,1,110,3,3,2,0,0,1,62.0,27.0,voiture,utilitaire_camion,1,1,1,1,5
202300020665,2023-03-10 21:50:00,2023,3,10,21,50,89,89411,Rue de la Grenouillére,48.208202,3.475156,Nuit sans éclairage public,Hors agglomération,Hors intersection,Pluie légère,Autre collision,3,2,2,0,1,1,2,0,3,90,1,1,0,1,0,0,23.0,,voiture,,3,1,1,2,6
202300020666,2023-09-13 18:35:00,2023,9,13,18,35,93,93064,Rue Jules Ferry,48.875007,2.478388,Plein jour,En agglomération,Hors intersection,Normale,Deux véhicules - côté,3,2,2,0,1,1,1,0,1,50,2,2,1,0,1,0,41.0,34.0,utilitaire_camion,deux_roues,1,2,1,1,3
202300020667,2023-12-22 09:10:00,2023,12,22,9,10,93,93010,AUTOROUTE A3,48.9027,2.47078,Plein jour,Hors agglomération,Hors intersection,Pluie légère,Sans collision,1,-1,3,0,1,1,2,0,1,70,1,1,0,0,0,1,27.0,,deux_roues,,1,1,1,2,7
202300020668,2023-03-12 18:00:00,2023,3,12,18,0,34,34175,D908,43.606639,3.373318,Plein jour,Hors agglomération,Hors intersection,Normale,Sans collision,3,2,2,0,1,1,1,0,1,90,1,1,0,1,0,0,46.0,,deux_roues,,1,1,1,1,7
202300020669,2023-01-29 04:35:00,2023,1,29,4,35,41,41018,MOULIN (RUE JEAN),47.58,1.325,Nuit sans éclairage public,En agglomération,Hors intersection,Normale,Sans collision,4,1,2,0,4,3,1,0,1,50,1,1,0,0,0,1,23.0,,deux_roues,,3,2,1,1,7
202300020670,2023-09-13 08:40:00,2023,9,13,8,40,93,93066,Fort de la Briche,48.94509048,2.34213098,Plein jour,En agglomération,Autre intersection,Normale,Autre collision,4,2,2,0,1,1,1,0,1,50,1,2,1,0,1,0,45.0,,deux_roues,,1,2,9,1,6
202300020671,2023-08-01 16:25:00,2023,8,1,16,25,41,41067,D765,47.517273,1.450388,Plein jour,En agglomération,Giratoire,Pluie légère,Autre collision,3,2,2,0,1,1,2,9,8,50,1,1,0,0,0,1,87.0,,voiture,,1,2,6,2,6
202300020672,2023-03-11 23:30:00,2023,3,11,23,30,39,39452,Grande Rue,47.144331,5.726289,Nuit sans éclairage public,En agglomération,Intersection en T,Normale,Autre collision,3,2,2,0,1,3,1,5,1,50,1,1,0,0,1,0,27.0,,voiture,,3,2,3,1,6
202300020672,2023-03-11 23:30:00,2023,3,11,23,30,39,39452,Grande Rue,47.144331,5.726289,Nuit sans éclairage public,En agglomération,Intersection en T,Normale,Autre collision,3,2,2,-1,1,2,1,5,1,50,1,1,0,0,1,0,27.0,,voiture,,3,2,3,1,6
202300020673,2023-01-29 00:15:00,2023,1,29,0,15,37,37214,FLEURIE (RUE),47.40514,0.67262,Nuit avec éclairage allumé,En agglomération,Intersection en X,Temps couvert,Deux véhicules - côté,4,2,2,0,1,1,1,0,1,50,2,2,1,0,0,1,25.0,29.0,voiture,voiture,5,2,2,8,3
202300020673,2023-01-29 00:15:00,2023,1,29,0,15,37,37214,FLEURIE (RUE),47.40514,0.67262,Nuit avec éclairage allumé,En agglomération,Intersection en X,Temps couvert,Deux véhicules - côté,4,2,2,0,1,1,1,0,1,50,2,2,1,0,0,1,25.0,29.0,voiture,voiture,5,2,2,8,3
202300020674,2023-09-13 20:30:00,2023,9,13,20,30,93,93013,Rue du Commandant Rolland / Avenue de la Division Leclerc,48.93473,2.42615,Nuit avec éclairage allumé,En agglomération,Intersection en X,Normale,Autre collision,3,3,6,0,1,1,1,0,1,50,1,2,1,0,0,1,27.0,,voiture,,5,2,2,1,6
202300020674,2023-09-13 20:30:00,2023,9,13,20,30,93,93013,Rue du Commandant Rolland / Avenue de la Division Leclerc,48.93473,2.42615,Nuit avec éclairage allumé,En agglomération,Intersection en X,Normale,Autre collision,3,2,2,0,1,1,1,0,1,50,1,2,1,0,0,1,27.0,,voiture,,5,2,2,1,6
202300020675,2023-03-12 12:15:00,2023,3,12,12,15,44,44038,11 La Rousselais,47.158184,-2.0346,Plein jour,Hors agglomération,Hors intersection,Pluie légère,Sans collision,4,2,1,0,1,1,2,0,3,70,1,2,1,0,1,0,72.0,,deux_roues,,1,1,1,2,7
202300020676,2023-01-29 06:50:00,2023,1,29,6,50,35,35238,RN136,48.08525,-1.69918,Nuit sans éclairage public,Hors agglomération,Hors intersection,Normale,Autre collision,2,3,5,0,1,1,1,9,3,90,1,2,0,0,0,2,32.0,,voiture,,3,1,1,1,6
202300020677,2023-03-12 09:15:00,2023,3,12,9,15,29,29008,D7,48.067125,-4.561129,Plein jour,Hors agglomération,Hors intersection,Normale,Sans collision,3,2,2,0,1,1,2,0,1,80,1,1,0,0,0,1,53.0,,deux_roues,,1,1,1,1,7
202300020678,2023-09-12 19:00:00,2023,9,12,19,0,93,93014,Allée de Gagny /  Allée de Montfermeil,48.89927,2.5467,Plein jour,En agglomération,Intersection en X,Pluie légère,Autre collision,3,3,3,2,1,1,2,0,1,30,1,2,1,0,1,0,35.0,,transport_commun,,1,2,2,2,6
202300020678,2023-09-12 19:00:00,2023,9,12,19,0,93,93014,Allée de Gagny /  Allée de Montfermeil,48.89927,2.5467,Plein jour,En agglomération,Intersection en X,Pluie légère,Autre collision,3,2,3,2,1,1,2,0,1,-1,1,2,1,0,1,0,35.0,,transport_commun,,1,2,2,2,6
202300020679,2023-12-17 09:50:00,2023,12,17,9,50,974,97416,PERE MAITRE(RUE DU),-21.2859,55.4695,Plein jour,En agglomération,Hors intersection,Normale,Autre collision,3,2,2,0,1,1,1,5,1,30,1,2,1,0,0,1,51.0,,voiture,,1,2,1,1,6
202300020680,2023-01-27 13:59:00,2023,1,27,13,59,35,35115,SAINT JAMES (ROUTE DE),48.3673683,-1.20870262,Plein jour,En agglomération,Giratoire,Normale,Deux véhicules - côté,3,2,2,0,1,3,1,0,1,50,2,2,1,0,0,1,51.0,17.0,voiture,deux_roues,1,2,6,1,3
202300020680,2023-01-27 13:59:00,2023,1,27,13,59,35,35115,SAINT JAMES (ROUTE DE),48.3673683,-1.20870262,Plein jour,En agglomération,Giratoire,Normale,Deux véhicules - côté,3,2,2,0,1,2,1,0,1,50,2,2,1,0,0,1,51.0,17.0,voiture,deux_roues,1,2,6,1,3
202300020681,2023-09-13 19:04:00,2023,9,13,19,4,92,92050,ZILINA RUE DE,48.89780571,2.19210997,Plein jour,En agglomération,Hors intersection,Normale,Deux véhicules - côté,4,2,2,0,1,1,1,0,1,50,2,2,1,0,0,1,30.0,14.0,voiture,deux_roues,1,2,1,1,3
202300020682,2023-03-10 12:00:00,2023,3,10,12,0,06,06085,Chemin du Camp Lauvas,43.613525,6.998955,Plein jour,En agglomération,Intersection en X,Vent fort / tempête,Deux véhicules - côté,4,2,2,0,2,1,1,0,1,50,2,2,1,0,1,0,27.0,50.0,voiture,deux_roues,1,2,2,6,3
202300020682,2023-03-10 12:00:00,2023,3,10,12,0,06,06085,Chemin du Camp Lauvas,43.613525,6.998955,Plein jour,En agglomération,Intersection en X,Vent fort / tempête,Deux véhicules - côté,4,2,1,-1,2,1,1,0,1,50,2,2,1,0,1,0,27.0,50.0,voiture,deux_roues,1,2,2,6,3
202300020683,2023-09-13 17:33:00,2023,9,13,17,33,92,92050,ARAGO FRANCOIS AVENUE,48.89936062,2.22183287,Plein jour,En agglomération,Hors intersection,Normale,Autre collision,3,2,0,0,1,1,1,0,1,50,1,2,1,0,0,1,33.0,,voiture,,1,2,1,1,6
202300020684,2023-01-29 19:00:00,2023,1,29,19,0,31,31555,RUE JEAN GIBERT,43.64737,1.41821,Nuit avec éclairage allumé,Hors agglomération,Hors intersection,Normale,Deux véhicules - frontale,4,2,2,0,1,2,1,0,1,50,2,5,3,0,0,2,41.0,55.0,voiture,voiture,5,1,1,1,1
202300020685,2023-03-12 03:35:00,2023,3,12,3,35,83,83081,route de draguignan,43.599554,6.784884,Nuit avec éclairage allumé,En agglomération,Hors intersection,Normale,Sans collision,3,2,2,0,1,1,1,0,1,70,1,2,0,0,1,1,18.0,,deux_roues,,5,2,1,1,7
202300020686,2023-01-29 12:50:00,2023,1,29,12,50,22,22360,RD700,48.46638,-2.77772,Plein jour,Hors agglomération,Hors intersection,Normale,Autre collision,3,3,4,0,1,1,1,0,8,110,1,1,0,1,0,0,41.0,,voiture,,1,1,1,1,6
202300020687,2023-08-14 15:30:00,2023,8,14,15,30,92,92050,BOULEVARD DE LA DEFENSE,48.89679592,2.22939402,Plein jour,En agglomération,Hors intersection,Normale,Deux véhicules - côté,3,3,3,0,1,1,1,5,1,50,2,4,1,0,0,3,25.0,73.0,voiture,voiture,1,2,1,1,3
202300020688,2023-12-21 17:20:00,2023,12,21,17,20,974,97411,JAURES (BOULEVARD JEAN),-20.89185,55.46733,Plein jour,En agglomération,Hors intersection,Normale,Trois véhicules et plus - collisions multiples,2,2,3,0,2,1,1,0,1,70,3,3,2,0,0,1,57.0,25.0,voiture,deux_roues,1,2,1,1,5
202300020689,2023-01-29 11:50:00,2023,1,29,11,50,17,17306,CORMORANS (DES),45.63776,-1.028549,Plein jour,En agglomération,Hors intersection,Normale,Autre collision,4,-1,1,0,1,1,1,0,1,-1,1,2,1,0,0,1,59.0,,voiture,,1,2,1,1,6
202300020690,2023-09-13 12:30:00,2023,9,13,12,30,92,92040,PONT D ISSY,48.82999316,2.26012874,Plein jour,En agglomération,Hors intersection,Normale,Deux véhicules - côté,3,1,3,1,2,1,1,2,1,30,2,2,1,0,0,1,37.0,46.0,deux_roues,voiture,1,2,1,1,3
202300020691,2023-03-12 22:20:00,2023,3,12,22,20,81,81131,Route d?Albi,43.892835,2.0005084,Nuit sans éclairage public,Hors agglomération,Intersection en X,Normale,Deux véhicules - côté,3,2,1,0,1,1,1,0,1,80,2,5,4,0,0,1,21.0,50.0,voiture,voiture,3,1,2,1,3
202300020691,2023-03-12 22:20:00,2023,3,12,22,20,81,81131,Route d?Albi,43.892835,2.0005084,Nuit sans éclairage public,Hors agglomération,Intersection en X,Normale,Deux véhicules - côté,3,2,1,-1,1,1,1,5,1,80,2,5,4,0,0,1,21.0,50.0,voiture,voiture,3,1,2,1,3
202300020692,2023-12-21 14:20:00,2023,12,21,14,20,974,97411,VINH-SAN (BLD 1 DU PRINCE),-20.88836,55.44524,Plein jour,En agglomération,Autre intersection,Normale,Deux véhicules - arrière,4,1,2,0,1,1,1,9,1,50,2,3,2,0,0,1,19.0,22.0,voiture,voiture,1,2,9,1,2
202300020693,2023-09-13 17:55:00,2023,9,13,17,55,92,92025,CHARLES DE GAULLE (BD),48.91452777,2.22919106,Plein jour,En agglomération,Intersection en X,Normale,Autre collision,3,1,3,0,1,1,1,0,1,50,1,2,1,0,0,1,49.0,,deux_roues,,1,2,2,1,6
202300020693,2023-09-13 17:55:00,2023,9,13,17,55,92,92025,CHARLES DE GAULLE (BD),48.91452777,2.22919106,Plein jour,En agglomération,Intersection en X,Normale,Autre collision,3,1,1,0,1,1,1,0,1,50,1,2,1,0,0,1,49.0,,deux_roues,,1,2,2,1,6
202300020694,2023-01-28 13:50:00,2023,1,28,13,50,15,15014,Avenue des Volontaires,44.91439,2.44085,Plein jour,En agglomération,Hors intersection,Normale,Autre collision,4,2,2,0,1,1,1,0,1,50,1,2,1,0,0,1,95.0,,voiture,,1,2,1,1,6
202300020695,2023-03-13 07:45:00,2023,3,13,7,45,33,33042,Route d'Arcachon,44.525028,-0.80492,Crépuscule ou aube,Hors agglomération,Hors intersection,Normale,Deux véhicules - arrière,3,2,2,0,1,1,2,0,3,80,2,2,1,0,1,0,24.0,49.0,deux_roues,utilitaire_camion,2,1,1,1,2
202300020696,2023-09-13 09:20:00,2023,9,13,9,20,92,92024,GENERAL ROGUET (RUE DU) DE (1 A 57)   (2,48.90463,2.31293,Plein jour,En agglomération,Hors intersection,Temps couvert,Deux véhicules - arrière,3,3,2,0,1,1,1,0,1,50,2,2,1,0,0,1,50.0,29.0,deux_roues,deux_roues,1,2,1,8,2
202300020697,2023-01-29 18:00:00,2023,1,29,18,0,13,13211,EMMANUEL ALLARD (RUE),43.29017,5.44159703,Nuit avec éclairage allumé,En agglomération,Hors intersection,Normale,Autre collision,4,1,1,0,1,1,1,0,4,50,1,4,3,0,0,1,,,voiture,,5,2,1,1,6
202300020698,2023-03-11 19:45:00,2023,3,11,19,45,62,62235,D240,50.65381876,1.64606394,Nuit sans éclairage public,Hors agglomération,Hors intersection,Normale,Deux véhicules - frontale,3,2,2,0,1,1,1,0,1,80,2,4,3,0,0,1,52.0,20.0,voiture,voiture,3,1,1,1,1
202300020699,2023-09-12 20:50:00,2023,9,12,20,50,92,92004,VOLTAIRE ( BD ),48.91757422,2.28579104,Plein jour,En agglomération,Intersection en T,Normale,Deux véhicules - arrière,3,1,1,0,1,1,1,0,1,50,2,2,1,0,0,1,26.0,26.0,voiture,voiture,1,2,3,1,2
202300020699,2023-09-12 20:50:00,2023,9,12,20,50,92,92004,VOLTAIRE ( BD ),48.91757422,2.28579104,Plein jour,En agglomération,Intersection en T,Normale,Deux véhicules - arrière,3,2,2,0,1,1,1,0,1,50,2,2,1,0,0,1,26.0,26.0,voiture,voiture,1,2,3,1,2
202300020700,2023-12-21 16:30:00,2023,12,21,16,30,974,97407,COMMUNE DE PARIS (AVENUE),-20.9376,55.2906,Plein jour,En agglomération,Intersection en X,Normale,Deux véhicules - côté,4,1,1,1,1,1,1,5,1,50,2,3,1,0,0,2,43.0,17.0,voiture,deux_roues,1,2,2,1,3
202300020700,2023-12-21 16:30:00,2023,12,21,16,30,974,97407,COMMUNE DE PARIS (AVENUE),-20.9376,55.2906,Plein jour,En agglomération,Intersection en X,Normale,Deux véhicules - côté,4,2,2,0,1,1,1,5,1,50,2,3,1,0,0,2,43.0,17.0,voiture,deux_roues,1,2,2,1,3
202300020701,2023-03-10 08:47:00,2023,3,10,8,47,13,13001,A51-Sens Aix en Provence vers Marseille,43.51633118,5.42813151,Plein jour,Hors agglomération,Hors intersection,Normale,Trois véhicules et plus - en chaîne,1,1,2,0,1,1,1,0,1,90,3,3,1,0,0,2,48.0,49.0,voiture,voiture,1,1,1,1,4
202300020702,2023-01-29 11:50:00,2023,1,29,11,50,13,13203,STRASBOURG (BOULEVARD),43.3090358,5.37842167,Plein jour,En agglomération,Intersection en X,Normale,Deux véhicules - côté,4,-1,1,0,1,1,1,0,1,50,2,2,1,0,0,1,55.0,49.0,voiture,voiture,1,2,2,1,3
202300020702,2023-01-29 11:50:00,2023,1,29,11,50,13,13203,STRASBOURG (BOULEVARD),43.3090358,5.37842167,Plein jour,En agglomération,Intersection en X,Normale,Deux véhicules - côté,4,-1,2,0,1,1,1,0,1,50,2,2,1,0,0,1,55.0,49.0,voiture,voiture,1,2,2,1,3
202300020703,2023-09-13 09:50:00,2023,9,13,9,50,92,92004,AULAGNIER ( QUAI ),48.91318046,2.30725855,Plein jour,En agglomération,Hors intersection,Normale,Autre collision,3,-1,1,0,1,1,1,0,1,50,1,2,1,0,0,1,43.0,,deux_roues,,1,2,1,1,6
202300020704,2023-03-10 07:45:00,2023,3,10,7,45,13,13071,A7-Sens Marseille vers Lyon,43.4044,5.31605,Plein jour,Hors agglomération,Hors intersection,Normale,Autre collision,1,1,2,0,1,1,1,0,1,110,1,1,0,0,0,1,49.0,,voiture,,1,1,1,1,6
202300020705,2023-01-29 15:40:00,2023,1,29,15,40,75,75108,AVENUE HOCHE,48.875218,2.298486,Plein jour,En agglomération,Intersection en X,Normale,Deux véhicules - côté,4,2,4,0,1,1,1,0,1,30,2,3,1,0,0,2,48.0,40.0,voiture,voiture,1,2,2,1,3
202300020705,2023-01-29 15:40:00,2023,1,29,15,40,75,75108,AVENUE HOCHE,48.875218,2.298486,Plein jour,En agglomération,Intersection en X,Normale,Deux véhicules - côté,4,2,1,0,1,1,1,0,1,30,2,3,1,0,0,2,48.0,40.0,voiture,voiture,1,2,2,1,3
202300020706,2023-12-20 22:40:00,2023,12,20,22,40,974,97407,MURAT CHANOINE(RUE),-20.93595,55.29558,Nuit avec éclairage allumé,En agglomération,Hors intersection,Normale,Autre collision,4,1,1,0,1,2,1,0,1,50,1,2,0,0,0,2,36.0,,voiture,,5,2,1,1,6
202300020707,2023-09-13 11:25:00,2023,9,13,11,25,76,76281,D484,49.524954,0.5819,Plein jour,Hors agglomération,Intersection en X,Normale,Deux véhicules - côté,3,2,0,0,1,2,1,5,8,50,2,3,2,0,1,0,35.0,60.0,voiture,voiture,1,1,2,1,3
202300020707,2023-09-13 11:25:00,2023,9,13,11,25,76,76281,D484,49.524954,0.5819,Plein jour,Hors agglomération,Intersection en X,Normale,Deux véhicules - côté,3,2,0,0,1,1,1,0,1,80,2,3,2,0,1,0,35.0,60.0,voiture,voiture,1,1,2,1,3
202300020708,2023-03-09 17:15:00,2023,3,9,17,15,13,13071,A7-Sens Marseille vers Lyon,43.412891,5.281422,Plein jour,Hors agglomération,Hors intersection,Normale,Trois véhicules et plus - en chaîne,1,1,3,0,1,1,1,0,1,90,4,4,3,0,0,1,51.0,51.0,voiture,voiture,1,1,1,1,4
202300020709,2023-01-29 23:10:00,2023,1,29,23,10,75,75118,RUE D AUBERVILLIERS,48.898663,2.370398,Nuit avec éclairage allumé,En agglomération,Intersection en X,Normale,Deux véhicules - arrière,4,3, -1,-1,1,1,1,0,1,-1,2,2,1,0,0,1,37.0,41.0,voiture,voiture,5,2,2,1,2
202300020709,2023-01-29 23:10:00,2023,1,29,23,10,75,75118,RUE D AUBERVILLIERS,48.898663,2.370398,Nuit avec éclairage allumé,En agglomération,Intersection en X,Normale,Deux véhicules - arrière,4,1,1,1,1,1,1,0,1,50,2,2,1,0,0,1,37.0,41.0,voiture,voiture,5,2,2,1,2
202300020710,2023-09-13 17:15:00,2023,9,13,17,15,65,65139,9 route de brouque,42.957447,0.579304,Plein jour,En agglomération,Hors intersection,Normale,Autre collision,3,2,2,0,1,1,1,9,1,50,1,2,1,0,0,1,82.0,,voiture,,1,2,1,1,6
202300020711,2023-12-21 19:10:00,2023,12,21,19,10,69,69386,Rue Duquesne,45.77232,4.84311,Nuit avec éclairage allumé,En agglomération,Intersection en X,Pluie légère,Autre collision,4,1,4,1,1,1,2,0,1,50,1,2,1,0,0,1,36.0,,voiture,,5,2,2,2,6
202300020711,2023-12-21 19:10:00,2023,12,21,19,10,69,69386,Rue Duquesne,45.77232,4.84311,Nuit avec éclairage allumé,En agglomération,Intersection en X,Pluie légère,Autre collision,4,3,4,3,1,1,2,0,6,50,1,2,1,0,0,1,36.0,,voiture,,5,2,2,2,6
202300020712,2023-03-03 17:00:00,2023,3,3,17,0,13,13216,A55-Sens Martigues vers Marseille,43.36626,5.33185,Plein jour,Hors agglomération,Hors intersection,Normale,Deux véhicules - arrière,1,-1,2,0,2,1,1,0,1,90,2,3,2,0,0,1,27.0,31.0,voiture,voiture,1,1,1,1,2
202300020713,2023-01-29 17:35:00,2023,1,29,17,35,75,75117,RUE DE ROME,48.88212,2.320452,Nuit avec éclairage allumé,En agglomération,Intersection en X,Normale,Autre collision,4,3, -1,-1,1,1,1,0,1,-1,2,2,1,0,0,1,8.0,50.0,deux_roues,voiture,5,2,2,1,6
202300020713,2023-01-29 17:35:00,2023,1,29,17,35,75,75117,RUE DE ROME,48.88212,2.320452,Nuit avec éclairage allumé,En agglomération,Intersection en X,Normale,Autre collision,4,2,3,3,1,1,1,0,1,30,2,2,1,0,0,1,8.0,50.0,deux_roues,voiture,5,2,2,1,6
202300020714,2023-09-11 07:10:00,2023,9,11,7,10,17,17131,23 Route de Royan,45.583579,-0.836699,Nuit sans éclairage public,En agglomération,Intersection en X,Normale,Deux véhicules - côté,4,2,2,0,1,1,1,0,1,50,2,2,1,0,0,1,55.0,53.0,deux_roues,voiture,3,2,2,1,3
202300020714,2023-09-11 07:10:00,2023,9,11,7,10,17,17131,23 Route de Royan,45.583579,-0.836699,Nuit sans éclairage public,En agglomération,Intersection en X,Normale,Deux véhicules - côté,4,2,2,0,3,1,1,0,1,50,2,2,1,0,0,1,55.0,53.0,deux_roues,voiture,3,2,2,1,3
202300020715,2023-03-10 17:30:00,2023,3,10,17,30,67,67482,M351,48.58585,7.72204,Plein jour,Hors agglomération,Hors intersection,Normale,Deux véhicules - arrière,7,3,3,0,1,1,1,0,1,70,2,3,1,0,0,2,44.0,19.0,voiture,voiture,1,1,1,1,2
202300020716,2023-01-29 18:45:00,2023,1,29,18,45,75,75108,RUE DE BERRI,48.873256,2.305635,Nuit avec éclairage allumé,En agglomération,Hors intersection,Normale,Deux véhicules - arrière,4,1,1,0,1,1,1,0,1,50,2,2,1,0,0,1,43.0,60.0,voiture,deux_roues,5,2,1,1,2
202300020717,2023-07-22 16:15:00,2023,7,22,16,15,84,84069,route de carpentras,44.170539,5.126688,Plein jour,En agglomération,Hors intersection,Normale,Deux véhicules - côté,3,2,2,0,2,1,1,0,1,50,2,2,1,0,1,0,61.0,,deux_roues,utilitaire_camion,1,2,1,1,3
202300020718,2023-01-30 09:00:00,2023,1,30,9,0,75,75115,RUE DE VAUGIRARD,48.839918,2.302513,Plein jour,En agglomération,Intersection en T,Temps couvert,Autre collision,4,-1,1,0,1,1,2,8,5,30,1,1,0,0,0,1,52.0,,deux_roues,,1,2,3,8,6
202300020718,2023-01-30 09:00:00,2023,1,30,9,0,75,75115,RUE DE VAUGIRARD,48.839918,2.302513,Plein jour,En agglomération,Intersection en T,Temps couvert,Autre collision,4,2,2,2,1,1,2,8,5,30,1,1,0,0,0,1,52.0,,deux_roues,,1,2,3,8,6
202300020719,2023-03-09 11:00:00,2023,3,9,11,0,33,33167,ROUTE NATIONALE 230,44.837146,-0.500532,Plein jour,Hors agglomération,Hors intersection,Normale,Trois véhicules et plus - collisions multiples,2,3,6,0,2,1,1,0,2,90,3,3,2,0,0,1,26.0,29.0,utilitaire_camion,utilitaire_camion,1,1,1,1,5
202300020720,2023-12-21 19:40:00,2023,12,21,19,40,69,69386,Quai Général Sarrail,45.76745,4.84131,Nuit avec éclairage allumé,En agglomération,Hors intersection,Pluie légère,Autre collision,4,1,3,1,1,1,2,0,1,50,1,2,1,0,1,0,40.0,,voiture,,5,2,1,2,6
202300020721,2023-09-12 11:09:00,2023,9,12,11,9,83,83148,rue célestin gayol,43.42727,6.431562,Plein jour,En agglomération,Hors intersection,Normale,Autre collision,4,1,1,0,1,3,1,0,1,50,1,2,1,0,1,0,33.0,,voiture,,1,2,1,1,6
202300020722,2023-01-30 09:20:00,2023,1,30,9,20,75,75114,BOULEVARD BRUNE,48.82780508,2.30523258,Plein jour,En agglomération,Intersection en X,Pluie légère,Deux véhicules - côté,4,2,6,1,1,1,2,0,1,50,2,2,1,0,0,1,60.0,55.0,deux_roues,transport_commun,1,2,2,2,3
202300020722,2023-01-30 09:20:00,2023,1,30,9,20,75,75114,BOULEVARD BRUNE,48.82780508,2.30523258,Plein jour,En agglomération,Intersection en X,Pluie légère,Deux véhicules - côté,4,1,1,1,1,1,2,0,1,30,2,2,1,0,0,1,60.0,55.0,deux_roues,transport_commun,1,2,2,2,3
202300020723,2023-09-14 09:50:00,2023,9,14,9,50,19,19250,A20 - PK 227.580,45.50746087,1.5137066,Plein jour,Hors agglomération,Hors intersection,Normale,Autre collision,1,1,2,0,1,1,1,0,1,130,1,1,0,0,1,0,32.0,,voiture,,1,1,1,1,6
202300020724,2023-03-12 09:25:00,2023,3,12,9,25,91,91363,RN 104,48.645,2.19448,Plein jour,Hors agglomération,Hors intersection,Normale,Sans collision,2,1,2,0,1,1,1,0,1,110,1,6,3,0,0,3,26.0,,voiture,,1,1,1,1,7
202300020725,2023-12-21 12:30:00,2023,12,21,12,30,972,97213,DEPARTEMENTALE 28,14.63209,-60.96454,Plein jour,Hors agglomération,Hors intersection,Normale,Autre collision,3,2,2,0,2,1,1,0,1,90,1,1,0,0,1,0,47.0,,voiture,,1,1,1,1,6
202300020726,2023-01-30 13:15:00,2023,1,30,13,15,75,75113,AVENUE DE LA PORTE DE VITRY,48.82297372,2.37781852,Plein jour,En agglomération,Intersection en T,Normale,Deux véhicules - arrière,4,2,4,1,1,1,2,0,1,30,2,2,1,0,0,1,53.0,26.0,voiture,deux_roues,1,2,3,1,2
202300020726,2023-01-30 13:15:00,2023,1,30,13,15,75,75113,AVENUE DE LA PORTE DE VITRY,48.82297372,2.37781852,Plein jour,En agglomération,Intersection en T,Normale,Deux véhicules - arrière,4,2, -1,-1,1,1,2,0,1,-1,2,2,1,0,0,1,53.0,26.0,voiture,deux_roues,1,2,3,1,2