accident_id,datetime,annee,mois,jour,heure,minute,departement,commune_insee,adresse,latitude,longitude,luminosite,agglomeration,intersection,meteo,collision,catr,circ,nbv,vosp,prof,plan,surf,infra,situ,vma,nb_vehicules,nb_usagers,nb_indemnes,nb_tues,nb_blesses_hosp,nb_blesses_legers,age_cond_1,age_cond_2,veh_type_cond_1,veh_type_cond_2,lum_code,agg_code,int_code,atm_code,col_code
202300020793,2023-09-07 16:10:00,2023,9,7,16,10,78,78356,Route de Port-royal des Champs,48.724537,2.082902,Plein jour,En agglomération,Autre intersection,Normale,Autre collision,3,2,2,3,1,2,1,5,1,50,1,4,3,0,0,1,87.0,,voiture,,1,2,9,1,6
202300020793,2023-09-07 16:10:00,2023,9,7,16,10,78,78356,Route de Port-royal des Champs,48.724537,2.082902,Plein jour,En agglomération,Autre intersection,Normale,Autre collision,3,2,2,0,1,1,1,5,8,50,1,4,3,0,0,1,87.0,,voiture,,1,2,9,1,6
202300020794,2023-01-31 12:20:00,2023,1,31,12,20,31,31285,Route de Lavaur,43.648315,1.57546,Plein jour,Hors agglomération,Hors intersection,Normale,Trois véhicules et plus - collisions multiples,3,2,2,0,1,1,1,0,1,80,3,4,1,1,1,1,27.0,44.0,voiture,voiture,1,1,1,1,5
202300020795,2023-03-10 16:38:00,2023,3,10,16,38,38,38151,AVENUE DES ÉTATS GÉNÉRAUX,45.15441,5.71835,Plein jour,En agglomération,Hors intersection,Normale,Autre collision,4,2,2,0,1,1,1,0,1,50,1,2,1,0,1,0,36.0,,utilitaire_camion,,1,2,1,1,6
202300020796,2023-09-03 10:50:00,2023,9,3,10,50,78,78406,Place de la Madeleine,48.725188,2.04887,Plein jour,En agglomération,Intersection en Y,Normale,Autre collision,4,2,2,0,2,2,1,0,1,50,2,2,1,0,0,1,15.0,29.0,deux_roues,deux_roues,1,2,4,1,6
202300020796,2023-09-03 10:50:00,2023,9,3,10,50,78,78406,Place de la Madeleine,48.725188,2.04887,Plein jour,En agglomération,Intersection en Y,Normale,Autre collision,4,2,2,0,2,3,1,0,1,50,2,2,1,0,0,1,15.0,29.0,deux_roues,deux_roues,1,2,4,1,6
202300020797,2023-12-20 13:35:00,2023,12,20,13,35,87,87085,DEVERRINE (RUE),45.83566,1.25265,Plein jour,En agglomération,Intersection en X,Normale,Autre collision,4,1,1,0,1,1,1,0,1,30,1,2,1,0,1,0,51.0,,voiture,,1,2,2,1,6
202300020797,2023-12-20 13:35:00,2023,12,20,13,35,87,87085,DEVERRINE (RUE),45.83566,1.25265,Plein jour,En agglomération,Intersection en X,Normale,Autre collision,4,2,2,0,1,1,1,0,1,30,1,2,1,0,1,0,51.0,,voiture,,1,2,2,1,6
202300020798,2023-01-31 11:00:00,2023,1,31,11,0,83,83036,220Avenue Pierre Rameil,43.17393,6.527805,Plein jour,En agglomération,Hors intersection,Normale,Autre collision,4,2,2,0,2,1,1,0,1,50,1,2,1,0,1,0,45.0,,deux_roues,,1,2,1,1,6
202300020799,2023-09-13 19:20:00,2023,9,13,19,20,31,31031,A 64 PK 188.000 sens Toulouse / Bayonne,43.097849,0.576611,Plein jour,Hors agglomération,Hors intersection,Normale,Sans collision,1,3,2,3,2,1,1,0,1,130,1,1,0,1,0,0,40.0,,deux_roues,,1,1,1,1,7
202300020800,2023-03-09 17:00:00,2023,3,9,17,0,34,34172,1204 Avenue de la Justice de Castelnau,43.6263,3.88427,Plein jour,En agglomération,Hors intersection,Normale,Autre collision,4,2,2,0,1,1,1,0,1,50,1,2,1,0,0,1,32.0,,deux_roues,,1,2,1,1,6
202300020801,2023-01-30 20:57:00,2023,1,30,20,57,22,22093,RN12,48.46048,-2.53701,Nuit sans éclairage public,Hors agglomération,Hors intersection,Normale,Deux véhicules - arrière,2,3,4,0,3,2,1,0,1,110,2,2,1,0,1,0,85.0,52.0,voiture,utilitaire_camion,3,1,1,1,2
202300020802,2023-09-06 13:35:00,2023,9,6,13,35,35,35353,la Vallée,48.12115444,-1.77458435,Plein jour,Hors agglomération,Giratoire,Normale,Autre collision,3,2,2,0,2,1,1,0,3,80,1,1,0,0,0,1,56.0,,utilitaire_camion,,1,1,6,1,6
202300020803,2023-12-18 15:27:00,2023,12,18,15,27,87,87085,MAS-BOUYOL  (CITE ET BOULEVARD DU),45.82757,1.22676,Plein jour,En agglomération,Giratoire,Normale,Deux véhicules - arrière,4,2,2,0,1,1,1,0,1,50,2,2,1,0,1,0,25.0,69.0,voiture,deux_roues,1,2,6,1,2
202300020803,2023-12-18 15:27:00,2023,12,18,15,27,87,87085,MAS-BOUYOL  (CITE ET BOULEVARD DU),45.82757,1.22676,Plein jour,En agglomération,Giratoire,Normale,Deux véhicules - arrière,4,2,6,0,1,1,1,5,1,50,2,2,1,0,1,0,25.0,69.0,voiture,deux_roues,1,2,6,1,2
202300020804,2023-01-30 14:25:00,2023,1,30,14,25,59,59553,Rue Marx Dormoy,50.59944,2.961609,Plein jour,En agglomération,Hors intersection,Normale,Autre collision,7,2,2,0,1,3,1,0,1,50,1,2,1,0,1,0,25.0,,voiture,,1,2,1,1,6
202300020805,2023-03-09 21:00:00,2023,3,9,21,0,50,50129,NAPOLEON (PLACE),49.64377,-1.62591,Nuit avec éclairage allumé,En agglomération,Intersection en T,Pluie forte,Autre collision,4,2,2,0,1,2,2,0,1,50,1,3,1,0,0,2,54.0,,voiture,,5,2,3,3,6
202300020805,2023-03-09 21:00:00,2023,3,9,21,0,50,50129,NAPOLEON (PLACE),49.64377,-1.62591,Nuit avec éclairage allumé,En agglomération,Intersection en T,Pluie forte,Autre collision,4,2,2,0,1,1,2,0,1,50,1,3,1,0,0,2,54.0,,voiture,,5,2,3,3,6
202300020806,2023-09-14 14:46:00,2023,9,14,14,46,973,97309,1074 Route de Rémire,4.896118,-52.273893,Plein jour,En agglomération,Hors intersection,Normale,Deux véhicules - frontale,3,2,2,0,1,1,1,0,1,70,2,2,1,0,1,0,53.0,45.0,deux_roues,voiture,1,2,1,1,1
202300020807,2023-12-21 09:20:00,2023,12,21,9,20,85,85194,10 Rue de la chevallerie,46.534961,-1.772101,Plein jour,En agglomération,Hors intersection,Normale,Autre collision,4,2,2,0,1,1,1,0,1,50,1,1,0,0,1,0,15.0,,deux_roues,,1,2,1,1,6
202300020808,2023-01-27 16:45:00,2023,1,27,16,45,30,30278,D101,44.058456,4.711236,Plein jour,En agglomération,Intersection en T,Normale,Deux véhicules - côté,3,3,2,0,1,1,1,0,1,50,2,2,1,0,0,1,20.0,44.0,deux_roues,voiture,1,2,3,1,3
202300020808,2023-01-27 16:45:00,2023,1,27,16,45,30,30278,D101,44.058456,4.711236,Plein jour,En agglomération,Intersection en T,Normale,Deux véhicules - côté,3,2,2,0,1,1,1,0,1,50,2,2,1,0,0,1,20.0,44.0,deux_roues,voiture,1,2,3,1,3
202300020809,2023-03-11 20:10:00,2023,3,11,20,10,988,98818,AVENUE JAMES COOK,-22.26589,166.41658,Nuit avec éclairage allumé,En agglomération,Hors intersection,Normale,Sans collision,4,2,2,0,1,1,1,0,3,50,1,2,0,0,1,1,40.0,,deux_roues,,5,2,1,1,7
202300020810,2023-01-31 12:30:00,2023,1,31,12,30,2B,2B150,RT 30,42.588624,8.830492,Plein jour,Hors agglomération,Hors intersection,Normale,Sans collision,2,2,2,0,2,2,1,0,1,70,1,1,0,0,1,0,46.0,,deux_roues,,1,1,1,1,7
202300020811,2023-09-14 10:57:00,2023,9,14,10,57,69,69044,Route de Paris,45.789589,4.744184,Plein jour,En agglomération,Intersection en T,Normale,Deux véhicules - frontale,7,2,3,0,1,1,1,0,1,50,2,2,1,0,1,0,34.0,40.0,utilitaire_camion,deux_roues,1,2,3,1,1
202300020811,2023-09-14 10:57:00,2023,9,14,10,57,69,69044,Route de Paris,45.789589,4.744184,Plein jour,En agglomération,Intersection en T,Normale,Deux véhicules - frontale,7,2,2,0,2,1,1,0,1,-1,2,2,1,0,1,0,34.0,40.0,utilitaire_camion,deux_roues,1,2,3,1,1
202300020812,2023-03-11 17:30:00,2023,3,11,17,30,973,97302,BADUEL (ROUTE DE),4.92905,-52.29528,Plein jour,En agglomération,Hors intersection,Normale,Sans collision,3,2,2,0,1,1,1,0,1,50,1,1,0,0,0,1,16.0,,deux_roues,,1,2,1,1,7
202300020813,2023-12-19 16:50:00,2023,12,19,16,50,84,84087,ROUTE DE CAMARET,44.14609,4.84059,Crépuscule ou aube,Hors agglomération,Hors intersection,Normale,Deux véhicules - frontale,3,2,1,0,1,1,1,0,3,70,2,3,0,0,0,3,39.0,32.0,utilitaire_camion,voiture,2,1,1,1,1
202300020814,2023-01-30 08:27:00,2023,1,30,8,27,65,65235,N21,43.196172,0.008667,Plein jour,Hors agglomération,Hors intersection,Normale,Deux véhicules - arrière,2,3,4,0,1,1,1,0,1,90,2,2,1,0,0,1,38.0,60.0,voiture,utilitaire_camion,1,1,1,1,2
202300020815,2023-03-11 01:10:00,2023,3,11,1,10,973,97309,TIGRE (ROUTE DU),4.91519,-52.31075,Plein jour,En agglomération,Intersection en T,Normale,Deux véhicules - arrière,3,2,2,0,1,1,1,0,1,50,2,2,1,0,0,1,42.0,29.0,voiture,deux_roues,1,2,3,1,2
202300020815,2023-03-11 01:10:00,2023,3,11,1,10,973,97309,TIGRE (ROUTE DU),4.91519,-52.31075,Plein jour,En agglomération,Intersection en T,Normale,Deux véhicules - arrière,3,2,2,0,1,1,1,0,6,50,2,2,1,0,0,1,42.0,29.0,voiture,deux_roues,1,2,3,1,2
202300020816,2023-09-13 20:20:00,2023,9,13,20,20,06,06088,"A8, pk200.300, sens france-italie",43.733631,7.28687,Nuit sans éclairage public,Hors agglomération,Hors intersection,Normale,Deux véhicules - côté,1,3,4,0,2,3,2,2,1,110,2,5,4,0,0,1,58.0,34.0,utilitaire_camion,voiture,3,1,1,1,3
202300020817,2023-01-30 21:20:00,2023,1,30,21,20,11,11009,,43.240783,2.175626,Nuit sans éclairage public,Hors agglomération,Hors intersection,Normale,Deux véhicules - frontale,3,2,2,0,1,1,1,0,1,80,2,2,1,1,0,0,37.0,52.0,deux_roues,utilitaire_camion,3,1,1,1,1
202300020818,2023-12-21 07:50:00,2023,12,21,7,50,79,79191,,46.30973,-0.44766,Nuit avec éclairage allumé,En agglomération,Hors intersection,Pluie légère,Autre collision,4,2,2,0,1,1,2,0,1,30,1,2,1,0,1,0,60.0,,voiture,,5,2,1,2,6
202300020819,2023-03-06 16:45:00,2023,3,6,16,45,69,69149,5 Grande Rue,45.72033,4.81115,Plein jour,En agglomération,Hors intersection,Normale,Autre collision,7,2,3,0,2,1,1,0,1,30,1,2,1,0,0,1,66.0,,voiture,,1,2,1,1,6
202300020820,2023-09-14 13:55:00,2023,9,14,13,55,27,27701,A154 - PK 002+500,49.230028,1.182768,Plein jour,Hors agglomération,Hors intersection,Normale,Deux véhicules - frontale,1,3,2,0,1,1,1,0,1,110,2,2,0,1,1,0,86.0,44.0,voiture,voiture,1,1,1,1,1
202300020821,2023-01-28 05:35:00,2023,1,28,5,35,61,61168,D20 PR10+640,48.608639,-0.359831,Nuit sans éclairage public,Hors agglomération,Hors intersection,Normale,Autre collision,3,2,2,0,1,2,2,0,3,90,1,1,0,0,0,1,23.0,,voiture,,3,1,1,1,6
202300020822,2023-03-11 16:44:00,2023,3,11,16,44,971,97113,RN4-ROND POINT SAINT FELIX,16.20750937,-61.4567256,Plein jour,Hors agglomération,Hors intersection,Normale,Sans collision,2,-1,2,0,1,3,1,0,4,70,1,2,0,0,0,2,22.0,,autre,,1,1,1,1,7
202300020823,2023-12-12 13:05:00,2023,12,12,13,5,78,78621,ALLENDE (AVENUE SALVADOR) NORD BEETHOVEN,48.78627,1.97966,Plein jour,En agglomération,Hors intersection,Temps couvert,Autre collision,4,2,2,0,1,3,2,0,1,50,1,2,1,0,1,0,19.0,,voiture,,1,2,1,8,6
202300020824,2023-01-25 00:00:00,2023,1,25,0,0,02,02420,Rue de Bourgogne,49.900025,3.317619,Nuit sans éclairage public,En agglomération,Hors intersection,Normale,Autre collision,3,2,2,0,1,2,1,0,3,50,1,1,0,0,1,0,24.0,,voiture,,3,2,1,1,6
202300020825,2023-09-12 09:30:00,2023,9,12,9,30,27,27107,A131,49.389521,0.599484,Plein jour,Hors agglomération,Hors intersection,Normale,Deux véhicules - arrière,1,3,2,0,1,1,1,0,3,130,2,4,0,0,1,3,22.0,65.0,utilitaire_camion,voiture,1,1,1,1,2
202300020826,2023-01-27 16:30:00,2023,1,27,16,30,72,72223,la besnerie,47.884046,-0.069072,Plein jour,Hors agglomération,Hors intersection,Normale,Autre collision,3,2,2,0,3,2,1,0,3,80,1,1,0,0,1,0,41.0,,voiture,,1,1,1,1,6
202300020827,2023-12-21 11:20:00,2023,12,21,11,20,77,77284,REPUBLIQUE (AV.DE LA),48.9595,2.89416,Plein jour,En agglomération,Hors intersection,Pluie légère,Autre collision,4,-1,1,0,1,1,2,0,1,45,1,2,1,0,0,1,22.0,,utilitaire_camion,,1,2,1,2,6
202300020828,2023-03-11 21:50:00,2023,3,11,21,50,2A,2A004,NAPOLEON COURS AVANT BEVERINI,41.92583136,8.73820961,Nuit avec éclairage allumé,En agglomération,Autre intersection,Temps couvert,Deux véhicules - frontale,2,2,2,0,2,1,1,0,1,30,2,3,2,0,0,1,17.0,28.0,deux_roues,deux_roues,5,2,9,8,1
202300020829,2023-09-14 05:40:00,2023,9,14,5,40,971,97129,Route Nationale,16.297094,-61.670895,Plein jour,Hors agglomération,Hors intersection,Normale,Deux véhicules - côté,2,-1,2,0,1,1,1,0,1,80,2,2,1,0,1,0,46.0,28.0,voiture,deux_roues,1,1,1,1,3
202300020830,2023-01-31 11:20:00,2023,1,31,11,20,60,60509,Rue Louis Pasteur,49.307172,2.590397,Plein jour,En agglomération,Hors intersection,Normale,Autre collision,4,-1,2,0,1,1,1,6,4,30,1,2,1,0,0,1,88.0,,voiture,,1,2,1,1,6
202300020831,2023-01-31 12:20:00,2023,1,31,12,20,87,87109,Miaumande,46.224789,1.007121,Plein jour,Hors agglomération,Hors intersection,Temps couvert,Autre collision,3,2,2,0,2,1,2,0,3,80,1,1,0,1,0,0,78.0,,voiture,,1,1,1,8,6
202300020832,2023-12-21 20:30:00,2023,12,21,20,30,76,76540,Rue Abbe Lemire,49.43226373,1.08436346,Nuit avec éclairage allumé,En agglomération,Intersection en T,Normale,Deux véhicules - côté,7,2,4,3,1,1,1,-1,1,50,2,2,1,0,0,1,,62.0,voiture,deux_roues,5,2,3,1,3
202300020832,2023-12-21 20:30:00,2023,12,21,20,30,76,76540,Rue Abbe Lemire,49.43226373,1.08436346,Nuit avec éclairage allumé,En agglomération,Intersection en T,Normale,Deux véhicules - côté,7,2,2,0,1,1,1,0,1,30,2,2,1,0,0,1,,62.0,voiture,deux_roues,5,2,3,1,3
202300020833,2023-03-11 23:24:00,2023,3,11,23,24,91,91223,PERRAY (RUE DU),48.434,2.17087,Nuit avec éclairage allumé,En agglomération,Intersection en T,Normale,Deux véhicules - côté,4,2,2,0,1,1,1,0,1,50,2,6,5,0,0,1,37.0,22.0,voiture,voiture,5,2,3,1,3
202300020833,2023-03-11 23:24:00,2023,3,11,23,24,91,91223,PERRAY (RUE DU),48.434,2.17087,Nuit avec éclairage allumé,En agglomération,Intersection en T,Normale,Deux véhicules - côté,4,-1,2,0,1,1,1,0,1,50,2,6,5,0,0,1,37.0,22.0,voiture,voiture,5,2,3,1,3
202300020834,2023-01-31 12:50:00,2023,1,31,12,50,37,37156,2 Chemin de Montaigu,47.391072,0.844166,Plein jour,En agglomération,Hors intersection,Normale,Autre collision,4,1,1,0,2,1,2,0,3,50,1,1,0,1,0,0,80.0,,deux_roues,,1,2,1,1,6
202300020835,2023-09-11 23:55:00,2023,9,11,23,55,77,77142,D934,48.852207,2.932169,Nuit sans éclairage public,Hors agglomération,Hors intersection,Pluie légère,Autre collision,3,2,3,0,2,1,2,0,3,80,1,3,0,0,2,1,20.0,,voiture,,3,1,1,2,6
202300020836,2023-12-21 07:50:00,2023,12,21,7,50,76,76351,GRAVILLE (BD DE),49.48754,0.15064,Nuit avec éclairage allumé,En agglomération,Hors intersection,Pluie légère,Deux véhicules - côté,4,2,4,1,1,1,2,0,1,50,2,2,1,0,1,0,56.0,19.0,voiture,deux_roues,5,2,1,2,3
202300020837,2023-01-30 20:15:00,2023,1,30,20,15,30,30062,CD 40,43.78046,4.197105,Nuit sans éclairage public,Hors agglomération,Hors intersection,Normale,Autre collision,3,2,2,0,1,1,1,0,3,80,1,2,1,0,1,0,29.0,,voiture,,3,1,1,1,6
202300020838,2023-09-13 09:30:00,2023,9,13,9,30,77,77100,Rue du 26 Août 1944,48.504441,2.79243,Plein jour,En agglomération,Hors intersection,Normale,Autre collision,3,-1,2,0,1,1,1,0,1,50,1,2,1,0,1,0,20.0,,voiture,,1,2,1,1,6
202300020839,2023-03-11 05:15:00,2023,3,11,5,15,88,88413,RN 59,48.29306,6.92993,Nuit avec éclairage allumé,Hors agglomération,Hors intersection,Normale,Sans collision,2,1,1,0,1,3,2,3,8,70,1,5,1,0,3,1,31.0,,voiture,,5,1,1,1,7
202300020840,2023-01-31 18:30:00,2023,1,31,18,30,30,30050,D27,43.927452,4.049084,Crépuscule ou aube,Hors agglomération,Hors intersection,Normale,Deux véhicules - frontale,3,2,2,0,1,2,1,0,1,70,2,2,1,1,0,0,50.0,28.0,transport_commun,voiture,2,1,1,1,1
202300020841,2023-03-11 22:35:00,2023,3,11,22,35,81,81004,GAULLE (AV GENERAL DE),43.92056,2.1399,Nuit sans éclairage public,En agglomération,Hors intersection,Pluie légère,Autre collision,4,2,2,0,1,1,2,0,3,50,1,1,0,0,0,1,36.0,,voiture,,3,2,1,2,6
202300020842,2023-12-20 14:40:00,2023,12,20,14,40,76,76351,MARCEAU (RUE),49.48537,0.13673,Plein jour,En agglomération,Giratoire,Normale,Deux véhicules - côté,4,2,2,0,1,1,2,0,1,50,2,2,1,0,0,1,34.0,24.0,voiture,deux_roues,1,2,6,1,3
202300020843,2023-09-14 18:50:00,2023,9,14,18,50,95,95489,TETE RICHARD (ROUTE DE LA),49.01884249,2.35046536,Plein jour,Hors agglomération,Hors intersection,Normale,Deux véhicules - côté,4,2,1,0,1,1,1,0,1,50,2,2,1,0,0,1,42.0,33.0,deux_roues,voiture,1,1,1,1,3
202300020844,2023-01-31 12:35:00,2023,1,31,12,35,80,80349,Autoroute A16,49.707386,2.238228,Plein jour,Hors agglomération,Hors intersection,Normale,Deux véhicules - côté,1,3,2,0,1,1,1,0,1,130,2,2,1,0,0,1,21.0,63.0,voiture,voiture,1,1,1,1,3
202300020845,2023-09-13 02:30:00,2023,9,13,2,30,2B,2B290,RD 663,42.560373,8.969454,Nuit sans éclairage public,Hors agglomération,Hors intersection,Normale,Sans collision,3,2,2,0,2,3,1,0,8,70,1,1,0,0,1,0,35.0,,utilitaire_camion,,3,1,1,1,7
202300020846,2023-01-30 14:30:00,2023,1,30,14,30,66,66213,,42.666943,2.832291,Plein jour,En agglomération,Hors intersection,Normale,Autre collision,3,-1,2,0,1,1,1,0,4,50,1,1,0,0,0,1,89.0,,voiture,,1,2,1,1,6
202300020847,2023-12-21 18:00:00,2023,12,21,18,0,76,76545,BREAUTE (AVENUE),49.91406,1.09245,Nuit avec éclairage allumé,En agglomération,Giratoire,Normale,Deux véhicules - arrière,3,2,2,3,1,1,1,9,1,50,2,2,1,0,0,1,60.0,50.0,voiture,voiture,5,2,6,1,2
202300020848,2023-01-31 17:30:00,2023,1,31,17,30,31,31220,A66 pk 20,43.282579,1.674643,Plein jour,Hors agglomération,Hors intersection,Normale,Deux véhicules - arrière,1,3,2,0,2,1,1,0,1,130,2,3,1,0,1,1,36.0,36.0,voiture,utilitaire_camion,1,1,1,1,2
202300020849,2023-09-13 14:30:00,2023,9,13,14,30,66,66164,,42.759963,2.853785,Plein jour,Hors agglomération,Hors intersection,Normale,Trois véhicules et plus - collisions multiples,3,2,2,0,1,1,1,0,1,80,3,4,1,1,1,1,40.0,23.0,voiture,utilitaire_camion,1,1,1,1,5
202300020850,2023-12-20 15:05:00,2023,12,20,15,5,72,72181,SPOUTNIK (RUE DU),47.98413,0.18127,Plein jour,En agglomération,Hors intersection,Normale,Autre collision,4,2,2,0,1,1,1,0,1,30,1,2,1,0,0,1,72.0,,voiture,,1,2,1,1,6
202300020851,2023-03-11 21:30:00,2023,3,11,21,30,78,78403,CHATEAUBRIAND (AVENUE),48.994764,1.870753,Nuit avec éclairage allumé,En agglomération,Hors intersection,Pluie légère,Autre collision,3,2,2,0,1,1,2,0,1,50,1,1,0,0,0,1,26.0,,deux_roues,,5,2,1,2,6
202300020852,2023-09-12 04:30:00,2023,9,12,4,30,11,11397,,43.203369,2.470787,Nuit sans éclairage public,Hors agglomération,Hors intersection,Pluie légère,Sans collision,3,2,2,0,1,1,2,0,8,80,1,1,0,0,1,0,34.0,,voiture,,3,1,1,2,7
202300020853,2023-01-31 14:03:00,2023,1,31,14,3,06,06004,"A8, PK171.100 Sud",43.604165,7.06724,Plein jour,Hors agglomération,Hors intersection,Normale,Deux véhicules - arrière,1,3,6,0,1,3,1,0,1,110,2,2,1,1,0,0,54.0,63.0,voiture,deux_roues,1,1,1,1,2
202300020854,2023-12-20 07:30:00,2023,12,20,7,30,72,72181,LICORNES (ALLEE DES),47.98137,0.22106,Nuit avec éclairage allumé,En agglomération,Autre intersection,Normale,Deux véhicules - côté,4,-1,2,0,1,1,1,0,1,50,2,2,0,0,0,1,,47.0,utilitaire_camion,voiture,5,2,9,1,3
202300020855,2023-03-11 18:50:00,2023,3,11,18,50,77,77394,D636,48.55535,2.6723,Crépuscule ou aube,Hors agglomération,Hors intersection,Normale,Deux véhicules - côté,3,2,4,0,1,1,1,0,1,50,2,4,0,0,1,3,45.0,39.0,voiture,voiture,2,1,1,1,3
202300020856,2023-09-14 07:30:00,2023,9,14,7,30,84,84147,D37,43.727084,5.442492,Crépuscule ou aube,Hors agglomération,Intersection en Y,Normale,Autre collision,3,2,2,0,1,2,1,0,1,80,2,2,1,0,1,0,17.0,63.0,deux_roues,voiture,2,1,4,1,6
202300020856,2023-09-14 07:30:00,2023,9,14,7,30,84,84147,D37,43.727084,5.442492,Crépuscule ou aube,Hors agglomération,Intersection en Y,Normale,Autre collision,3,-1, -1,-1,-1,-1,-1,-1,-1,-1,2,2,1,0,1,0,17.0,63.0,deux_roues,voiture,2,1,4,1,6
202300020857,2023-01-30 07:55:00,2023,1,30,7,55,06,06088,A8 pk 193.300 chaussée nord,43.719957,7.215277,Plein jour,Hors agglomération,Hors intersection,Normale,Trois véhicules et plus - en chaîne,1,3,4,0,2,1,1,1,1,90,4,4,3,0,0,1,55.0,58.0,voiture,voiture,1,1,1,1,4
202300020858,2023-08-28 13:44:00,2023,8,28,13,44,13,13007,RD560,43.37606,5.676295,Plein jour,Hors agglomération,Hors intersection,Normale,Autre collision,3,2,2,0,2,1,1,0,3,80,1,1,0,0,1,0,65.0,,voiture,,1,1,1,1,6
202300020859,2023-03-11 12:54:00,2023,3,11,12,54,77,77268,AV DE LA FOSSE DES PRESSOIRS,48.87373,2.80977,Plein jour,En agglomération,Hors intersection,Normale,Autre collision,6,-1, -1,3,1,3,1,0,1,30,1,2,1,0,0,1,27.0,,voiture,,1,2,1,1,6
202300020860,2023-12-20 07:40:00,2023,12,20,7,40,69,69290,Rue Henri Maréchal,45.69428,4.94114,Crépuscule ou aube,En agglomération,Intersection en X,Pluie légère,Autre collision,4,2,2,3,1,1,2,6,1,50,1,2,1,0,0,1,18.0,,voiture,,2,2,2,2,6
202300020860,2023-12-20 07:40:00,2023,12,20,7,40,69,69290,Rue Henri Maréchal,45.69428,4.94114,Crépuscule ou aube,En agglomération,Intersection en X,Pluie légère,Autre collision,4,2,3,0,1,1,2,6,1,30,1,2,1,0,0,1,18.0,,voiture,,2,2,2,2,6
202300020861,2023-01-27 05:00:00,2023,1,27,5,0,34,34172,A709,43.590273,3.898283,Nuit avec éclairage non allumé,Hors agglomération,Hors intersection,Normale,Deux véhicules - côté,1,3,3,0,1,1,1,0,1,90,2,2,1,0,0,1,,56.0,voiture,deux_roues,4,1,1,1,3
202300020862,2023-09-13 17:33:00,2023,9,13,17,33,88,88169,Route de Fays,48.190696,6.681983,Plein jour,Hors agglomération,Hors intersection,Normale,Autre collision,3,2,2,0,2,3,1,0,8,80,1,1,0,0,0,1,17.0,,deux_roues,,1,1,1,1,6
202300020863,2023-03-11 19:00:00,2023,3,11,19,0,69,69266,Boulevard Laurent Bonnevay,45.78718,4.87895,Nuit avec éclairage non allumé,En agglomération,Hors intersection,Pluie légère,Autre collision,4,2,4,0,1,1,2,0,1,50,1,2,1,0,1,0,29.0,,voiture,,4,2,1,2,6
202300020864,2023-01-31 17:00:00,2023,1,31,17,0,69,69077,Autoroute 6,46.160988,4.770813,Plein jour,Hors agglomération,Hors intersection,Normale,Deux véhicules - arrière,1,3,6,0,1,1,1,0,1,130,2,2,1,0,0,1,29.0,22.0,voiture,voiture,1,1,1,1,2
202300020865,2023-12-21 13:05:00,2023,12,21,13,5,67,67482,COLMAR (AVENUE DE),48.55794,7.74855,Plein jour,En agglomération,Intersection en T,Normale,Deux véhicules - côté,4,3,4,2,1,1,1,0,5,50,2,2,1,0,0,1,65.0,38.0,voiture,deux_roues,1,2,3,1,3
202300020865,2023-12-21 13:05:00,2023,12,21,13,5,67,67482,COLMAR (AVENUE DE),48.55794,7.74855,Plein jour,En agglomération,Intersection en T,Normale,Deux véhicules - côté,4,2,2,0,1,1,1,0,1,50,2,2,1,0,0,1,65.0,38.0,voiture,deux_roues,1,2,3,1,3
202300020866,2023-03-11 21:05:00,2023,3,11,21,5,64,64483,ITHURRALDE ANDRE (AVENUE),43.39169,-1.65488,Nuit avec éclairage allumé,En agglomération,Autre intersection,Pluie forte,Sans collision,3,1,1,0,2,2,2,0,1,30,1,1,0,0,0,1,15.0,,deux_roues,,5,2,9,3,7
202300020867,2023-01-30 07:15:00,2023,1,30,7,15,987,98722,RT- PK 42.500,-17.592,-149.391,Plein jour,Hors agglomération,Hors intersection,Pluie légère,Deux véhicules - frontale,2,2,2,0,1,3,2,0,1,60,2,2,1,0,1,0,18.0,35.0,deux_roues,voiture,1,1,1,2,1
202300020868,2023-03-11 09:45:00,2023,3,11,9,45,64,64102,MARINES (AVENUE DES ALLEES),43.49943,-1.48959,Plein jour,En agglomération,Hors intersection,Pluie légère,Sans collision,4,2,2,0,1,1,2,0,4,30,1,1,0,0,0,1,42.0,,deux_roues,,1,2,1,2,7
202300020869,2023-09-13 20:50:00,2023,9,13,20,50,38,38190,Grande Rue du Moulin d?Avaux,45.801251,5.283887,Nuit sans éclairage public,En agglomération,Hors intersection,Normale,Sans collision,3,2,2,0,1,1,1,0,3,50,1,2,0,0,1,1,18.0,,voiture,,3,2,1,1,7
202300020870,2023-12-21 17:30:00,2023,12,21,17,30,66,66136,Cours Lazare ESCARGUEL,42.7,2.887,Nuit avec éclairage allumé,En agglomération,Hors intersection,Normale,Deux véhicules - côté,4,2,4,0,1,1,1,0,1,50,2,2,1,0,0,1,36.0,28.0,voiture,deux_roues,5,2,1,1,3
202300020871,2023-01-29 16:20:00,2023,1,29,16,20,987,98733,PK 28.100 RT1,-17.742474,-149.570918,Plein jour,En agglomération,Hors intersection,Normale,Deux véhicules - frontale,2,2,2,1,1,3,1,0,1,60,2,4,2,0,1,1,22.0,25.0,deux_roues,voiture,1,2,1,1,1