accident_id,datetime,annee,mois,jour,heure,minute,departement,commune_insee,adresse,latitude,longitude,luminosite,agglomeration,intersection,meteo,collision,catr,circ,nbv,vosp,prof,plan,surf,infra,situ,vma,nb_vehicules,nb_usagers,nb_indemnes,nb_tues,nb_blesses_hosp,nb_blesses_legers,age_cond_1,age_cond_2,veh_type_cond_1,veh_type_cond_2,lum_code,agg_code,int_code,atm_code,col_code
202300020872,2023-09-13 16:30:00,2023,9,13,16,30,38,38158,avenue de Poisat,45.155018,5.752904,Plein jour,En agglomération,Hors intersection,Pluie légère,Deux véhicules - frontale,4,2,2,1,1,1,2,0,5,30,2,2,1,0,0,1,49.0,51.0,deux_roues,voiture,1,2,1,2,1
202300020873,2023-03-11 05:50:00,2023,3,11,5,50,59,59350,VAUBAN BOULEVARD N° RESTE,50.62915,3.04323,Nuit avec éclairage allumé,En agglomération,Intersection à plus de 4 branches,Pluie légère,Deux véhicules - côté,4,2,1,0,1,1,2,0,1,30,2,2,1,0,1,0,,47.0,voiture,deux_roues,5,2,5,2,3
202300020873,2023-03-11 05:50:00,2023,3,11,5,50,59,59350,VAUBAN BOULEVARD N° RESTE,50.62915,3.04323,Nuit avec éclairage allumé,En agglomération,Intersection à plus de 4 branches,Pluie légère,Deux véhicules - côté,4,3,2,0,1,1,2,0,1,30,2,2,1,0,1,0,,47.0,voiture,deux_roues,5,2,5,2,3
202300020874,2023-12-21 19:00:00,2023,12,21,19,0,64,64445,ETIGNY D',43.29714,-0.38726,Nuit avec éclairage allumé,En agglomération,Autre intersection,Pluie légère,Deux véhicules - arrière,4,1,2,0,1,1,2,1,1,50,2,2,1,0,0,1,44.0,47.0,deux_roues,voiture,5,2,9,2,2
202300020875,2023-01-28 01:40:00,2023,1,28,1,40,971,97118,RN 1,16.190767,-61.607444,Nuit sans éclairage public,Hors agglomération,Hors intersection,Normale,Trois véhicules et plus - en chaîne,2,3,4,0,2,1,1,0,1,90,4,4,2,0,1,0,,36.0,voiture,voiture,3,1,1,1,4
202300020876,2023-09-13 17:15:00,2023,9,13,17,15,26,26220,Rond point du paroirs,44.349778,5.116652,Plein jour,En agglomération,Giratoire,Normale,Deux véhicules - côté,3,1,1,1,1,2,1,0,5,30,2,2,1,0,1,0,36.0,85.0,voiture,deux_roues,1,2,6,1,3
202300020877,2023-03-10 14:05:00,2023,3,10,14,5,58,58194,CHAMEANE (PLACE),46.993576,3.166235,Plein jour,En agglomération,Intersection en X,Vent fort / tempête,Deux véhicules - côté,4,1,2,0,2,1,1,0,1,30,2,3,1,0,0,2,,23.0,utilitaire_camion,deux_roues,1,2,2,6,3
202300020877,2023-03-10 14:05:00,2023,3,10,14,5,58,58194,CHAMEANE (PLACE),46.993576,3.166235,Plein jour,En agglomération,Intersection en X,Vent fort / tempête,Deux véhicules - côté,4,2,2,0,1,1,1,0,1,50,2,3,1,0,0,2,,23.0,utilitaire_camion,deux_roues,1,2,2,6,3
202300020878,2023-01-25 15:15:00,2023,1,25,15,15,84,84078,rn7 Mondragon,44.25801,4.706494,Plein jour,Hors agglomération,Hors intersection,Normale,Deux véhicules - arrière,2,2,1,0,1,1,1,0,1,80,2,2,1,0,1,0,91.0,42.0,voiture,voiture,1,1,1,1,2
202300020879,2023-12-21 19:30:00,2023,12,21,19,30,64,64335,SAINTE-CATHERINE,43.32711,-0.43995,Nuit avec éclairage allumé,En agglomération,Autre intersection,Pluie légère,Deux véhicules - frontale,4,2,2,0,4,2,2,2,1,50,2,2,1,0,0,1,42.0,38.0,utilitaire_camion,voiture,5,2,9,2,1
202300020880,2023-09-11 13:30:00,2023,9,11,13,30,69,69160,621 Route de Beaujeu,46.164756,4.447854,Plein jour,Hors agglomération,Hors intersection,Normale,Deux véhicules - frontale,3,2,2,0,2,3,1,0,1,-1,2,2,0,0,1,1,49.0,20.0,voiture,voiture,1,1,1,1,1
202300020881,2023-01-30 16:10:00,2023,1,30,16,10,13,13092,D10,43.550714,5.039254,Plein jour,En agglomération,Intersection en X,Normale,Sans collision,3,3,2,0,2,1,1,5,1,50,1,1,0,1,0,0,49.0,,deux_roues,,1,2,2,1,7
202300020881,2023-01-30 16:10:00,2023,1,30,16,10,13,13092,D10,43.550714,5.039254,Plein jour,En agglomération,Intersection en X,Normale,Sans collision,3,2, -1,-1,2,3,1,5,1,50,1,1,0,1,0,0,49.0,,deux_roues,,1,2,2,1,7
202300020882,2023-03-11 02:10:00,2023,3,11,2,10,57,57660,NATIONALE(RUE)LIMITE FORBACH/RUE ST ALIC,49.196295,6.925327,Nuit avec éclairage allumé,En agglomération,Hors intersection,Temps couvert,Deux véhicules - arrière,3,3,3,0,1,1,2,0,1,50,2,3,0,0,0,3,53.0,54.0,voiture,voiture,5,2,1,8,2
202300020883,2023-12-21 13:20:00,2023,12,21,13,20,64,64122,,43.48239,-1.56692,Plein jour,En agglomération,Hors intersection,Pluie légère,Deux véhicules - côté,4,2,2,0,2,1,2,0,1,30,2,2,1,0,0,1,24.0,,deux_roues,voiture,1,2,1,2,3
202300020884,2023-01-31 14:30:00,2023,1,31,14,30,55,55351,Rue Brunswig,49.521827,5.367385,Plein jour,En agglomération,Hors intersection,Pluie légère,Autre collision,4,1,1,0,2,1,2,0,1,50,1,2,1,0,0,1,,,voiture,,1,2,1,2,6
202300020885,2023-09-14 07:20:00,2023,9,14,7,20,33,33422,Rue du Camp de Souge,44.819457,-0.754173,Crépuscule ou aube,Hors agglomération,Hors intersection,Normale,Trois véhicules et plus - collisions multiples,3,2,2,0,1,1,1,0,1,70,3,3,2,0,1,0,55.0,30.0,deux_roues,utilitaire_camion,2,1,1,1,5
202300020886,2023-01-30 13:00:00,2023,1,30,13,0,07,07169,lieu dit gachon,45.171456,4.77475,Plein jour,Hors agglomération,Hors intersection,Normale,Deux véhicules - frontale,3,2,2,0,2,1,1,0,1,-1,2,2,1,0,1,0,38.0,25.0,voiture,voiture,1,1,1,1,1
202300020887,2023-12-21 11:35:00,2023,12,21,11,35,64,64102,SAINT LEON (ROND POINT),43.48807,-1.48172,Plein jour,En agglomération,Hors intersection,Pluie légère,Deux véhicules - arrière,4,1,3,0,1,2,3,0,1,50,2,3,2,0,0,1,63.0,46.0,voiture,voiture,1,2,1,2,2
202300020888,2023-09-10 13:55:00,2023,9,10,13,55,59,59659,Place Francois Mitterrand,50.015592,4.004232,Plein jour,En agglomération,Hors intersection,Normale,Autre collision,4,2,2,0,4,2,1,2,3,30,1,1,0,0,1,0,25.0,,voiture,,1,2,1,1,6
202300020889,2023-01-28 17:00:00,2023,1,28,17,0,40,40184,Avenue de Bordeaux,44.203928,-1.225657,Plein jour,En agglomération,Hors intersection,Normale,Sans collision,3,2,2,0,1,1,1,0,1,30,1,1,0,0,1,0,51.0,,deux_roues,,1,2,1,1,7
202300020890,2023-09-14 16:25:00,2023,9,14,16,25,59,59320,Hameau de l?Halpegarbe,50.571504,2.814581,Plein jour,Hors agglomération,Hors intersection,Normale,Sans collision,4,2,2,0,1,4,1,0,8,80,1,1,0,0,0,1,19.0,,deux_roues,,1,1,1,1,7
202300020891,2023-12-19 23:47:00,2023,12,19,23,47,64,64102,BERNARD GAUDEL (RUE DU DOCTEUR),43.48045,-1.50058,Nuit avec éclairage allumé,En agglomération,Intersection en T,Pluie légère,Deux véhicules - côté,4,2,2,0,2,1,2,0,1,30,2,2,1,0,1,0,19.0,21.0,deux_roues,voiture,5,2,3,2,3
202300020891,2023-12-19 23:47:00,2023,12,19,23,47,64,64102,BERNARD GAUDEL (RUE DU DOCTEUR),43.48045,-1.50058,Nuit avec éclairage allumé,En agglomération,Intersection en T,Pluie légère,Deux véhicules - côté,4,2,2,0,1,1,2,0,1,30,2,2,1,0,1,0,19.0,21.0,deux_roues,voiture,5,2,3,2,3
202300020892,2023-01-17 14:55:00,2023,1,17,14,55,72,72084,lieu dit les gagneries,47.713075,-0.031993,Plein jour,Hors agglomération,Autre intersection,Temps couvert,Deux véhicules - arrière,3,2,2,0,1,1,1,0,1,90,2,2,1,0,1,0,46.0,69.0,voiture,deux_roues,1,1,9,8,2
202300020893,2023-01-27 17:00:00,2023,1,27,17,0,49,49023,D246,47.158746,-1.074429,Plein jour,Hors agglomération,Hors intersection,Normale,Autre collision,3,2,2,0,1,1,2,0,3,80,1,1,0,0,0,1,48.0,,voiture,,1,1,1,1,6
202300020894,2023-09-10 05:50:00,2023,9,10,5,50,13,13211,A50-Sens Marseille vers Aubagne,43.291583,5.483294,Nuit sans éclairage public,Hors agglomération,Hors intersection,Normale,Deux véhicules - côté,1,-1,3,0,1,1,1,0,1,90,2,4,2,0,0,2,22.0,64.0,voiture,autre,3,1,1,1,3
202300020895,2023-12-21 15:59:00,2023,12,21,15,59,63,63032,EUROPE (AVENUE DE L'),45.75838,3.10023,Plein jour,En agglomération,Intersection en T,Normale,Deux véhicules - côté,4,2,3,0,1,1,1,0,1,50,2,2,1,0,0,1,71.0,33.0,deux_roues,voiture,1,2,3,1,3
202300020895,2023-12-21 15:59:00,2023,12,21,15,59,63,63032,EUROPE (AVENUE DE L'),45.75838,3.10023,Plein jour,En agglomération,Intersection en T,Normale,Deux véhicules - côté,4,2,2,0,2,1,1,0,1,30,2,2,1,0,0,1,71.0,33.0,deux_roues,voiture,1,2,3,1,3
202300020896,2023-01-30 07:15:00,2023,1,30,7,15,27,27008,D321,49.314548,1.16822,Crépuscule ou aube,Hors agglomération,Hors intersection,Normale,Trois véhicules et plus - collisions multiples,3,2,2,0,1,1,1,0,1,70,3,3,1,0,0,2,28.0,23.0,voiture,voiture,2,1,1,1,5
202300020897,2023-09-13 22:35:00,2023,9,13,22,35,33,33192,ROCADE A 630,44.78568316,-0.59436411,Nuit sans éclairage public,Hors agglomération,Hors intersection,Normale,Deux véhicules - arrière,1,3,6,0,1,1,1,0,1,90,2,2,1,0,0,1,35.0,61.0,voiture,utilitaire_camion,3,1,1,1,2
202300020898,2023-12-13 08:15:00,2023,12,13,8,15,59,59392,HAUTMONT (RUE D'),50.269708,3.95121373,Nuit avec éclairage allumé,En agglomération,Hors intersection,Pluie légère,Autre collision,3,2,2,0,1,1,2,0,1,50,1,3,2,0,0,1,17.0,,voiture,,5,2,1,2,6
202300020899,2023-01-30 15:00:00,2023,1,30,15,0,60,60446,Route Nationale 2,49.147889,2.822027,Plein jour,Hors agglomération,Hors intersection,Normale,Autre collision,2,3,4,0,2,2,2,0,3,110,1,1,0,0,1,0,56.0,,utilitaire_camion,,1,1,1,1,6
202300020900,2023-09-13 08:58:00,2023,9,13,8,58,33,33550,AUTOROUTE A 62,44.782127,-0.584454,Plein jour,Hors agglomération,Hors intersection,Normale,Trois véhicules et plus - en chaîne,1,3,6,0,1,1,1,0,1,90,3,4,2,0,0,2,36.0,46.0,utilitaire_camion,utilitaire_camion,1,1,1,1,4
202300020901,2023-01-30 08:00:00,2023,1,30,8,0,60,60213,D922,49.12615472,2.72801578,Crépuscule ou aube,Hors agglomération,Hors intersection,Pluie légère,Sans collision,3,2,2,0,2,3,2,1,1,-1,1,2,1,0,1,0,42.0,,voiture,,2,1,1,2,7
202300020902,2023-12-20 07:50:00,2023,12,20,7,50,59,59368,DE GAULLE RUE DU GENERAL,50.657737,3.073837,Crépuscule ou aube,En agglomération,Intersection en X,Pluie légère,Autre collision,7,2,2,0,1,1,2,0,8,50,1,2,1,0,0,1,49.0,,voiture,,2,2,2,2,6
202300020902,2023-12-20 07:50:00,2023,12,20,7,50,59,59368,DE GAULLE RUE DU GENERAL,50.657737,3.073837,Crépuscule ou aube,En agglomération,Intersection en X,Pluie légère,Autre collision,7,1,2,0,1,1,2,0,8,50,1,2,1,0,0,1,49.0,,voiture,,2,2,2,2,6
202300020903,2023-01-30 07:00:00,2023,1,30,7,0,60,60204,D934,49.642495,2.897632,Nuit sans éclairage public,Hors agglomération,Hors intersection,Pluie légère,Deux véhicules - frontale,3,2,2,0,2,1,2,0,1,80,2,3,1,0,0,2,50.0,19.0,voiture,voiture,3,1,1,2,1
202300020904,2023-09-12 17:10:00,2023,9,12,17,10,33,33013,ROUTE NATIONALE 230,44.86816811,-0.50439745,Plein jour,Hors agglomération,Hors intersection,Pluie légère,Trois véhicules et plus - collisions multiples,2,3,6,0,1,1,2,3,1,90,3,4,1,0,0,3,59.0,49.0,voiture,voiture,1,1,1,2,5
202300020905,2023-12-20 16:22:00,2023,12,20,16,22,57,57283,HASSEL (CHEMIN DU),49.25202,6.15201,Plein jour,En agglomération,Giratoire,Pluie légère,Deux véhicules - frontale,4,2,2,0,1,1,2,0,1,30,2,2,1,0,0,1,24.0,67.0,deux_roues,voiture,1,2,6,2,1
202300020905,2023-12-20 16:22:00,2023,12,20,16,22,57,57283,HASSEL (CHEMIN DU),49.25202,6.15201,Plein jour,En agglomération,Giratoire,Pluie légère,Deux véhicules - frontale,4,2,2,0,1,1,2,0,1,30,2,2,1,0,0,1,24.0,67.0,deux_roues,voiture,1,2,6,2,1
202300020906,2023-01-20 08:55:00,2023,1,20,8,55,60,60491,D973,49.333904,2.991886,Plein jour,Hors agglomération,Hors intersection,Temps couvert,Sans collision,3,2,2,0,2,3,2,0,3,80,1,1,0,0,0,1,23.0,,voiture,,1,1,1,8,7
202300020907,2023-09-12 06:40:00,2023,9,12,6,40,33,33039,ROCADE A 630,44.79476,-0.53952,Nuit sans éclairage public,Hors agglomération,Hors intersection,Normale,Sans collision,1,3,6,0,2,3,2,3,1,50,1,1,0,0,0,1,24.0,,deux_roues,,3,1,1,1,7
202300020908,2023-01-29 11:45:00,2023,1,29,11,45,59,59173,Route de Quesnoy,50.724702,2.978666,Plein jour,Hors agglomération,Hors intersection,Normale,Deux véhicules - côté,7,3,2,0,1,1,1,0,1,80,2,2,0,0,0,2,52.0,61.0,deux_roues,deux_roues,1,1,1,1,3
202300020909,2023-12-20 11:10:00,2023,12,20,11,10,56,56162,DUPUY DE LOME (RUE),47.7416,-3.405,Plein jour,En agglomération,Hors intersection,Normale,Deux véhicules - côté,3,2,2,0,1,1,1,0,1,50,2,3,2,0,0,1,78.0,80.0,voiture,voiture,1,2,1,1,3
202300020910,2023-01-30 17:00:00,2023,1,30,17,0,13,13056,A55-Sens Martigues vers Marseille,43.39966,5.09546,Plein jour,Hors agglomération,Hors intersection,Normale,Deux véhicules - arrière,1,1,2,0,1,1,1,0,1,110,2,2,1,0,0,1,25.0,21.0,voiture,voiture,1,1,1,1,2
202300020911,2023-09-13 17:00:00,2023,9,13,17,0,91,91573,RN104 INT,48.63126,2.51817,Plein jour,Hors agglomération,Hors intersection,Normale,Deux véhicules - arrière,2,2,6,0,1,1,1,0,1,110,2,4,2,0,0,2,39.0,52.0,voiture,utilitaire_camion,1,1,1,1,2
202300020912,2023-12-18 09:35:00,2023,12,18,9,35,55,55545,CUMIERES ( RUE DE ),49.16328,5.3728,Plein jour,En agglomération,Hors intersection,Normale,Deux véhicules - frontale,4,2,2,0,1,1,1,0,1,30,2,2,1,0,0,1,63.0,33.0,voiture,voiture,1,2,1,1,1
202300020913,2023-09-13 13:30:00,2023,9,13,13,30,91,91161,AUTOROUTE A6,48.71199,2.30795,Plein jour,Hors agglomération,Hors intersection,Normale,Deux véhicules - arrière,1,2,3,0,1,1,1,0,1,110,2,2,1,0,0,1,27.0,,voiture,voiture,1,1,1,1,2
202300020914,2023-01-30 08:39:00,2023,1,30,8,39,13,13088,A55-Sens Martigues vers Marseille,43.38718991,5.24247855,Plein jour,Hors agglomération,Hors intersection,Normale,Deux véhicules - arrière,1,-1,2,0,1,1,1,0,1,110,3,3,2,0,0,1,39.0,25.0,voiture,voiture,1,1,1,1,2
202300020915,2023-01-30 21:05:00,2023,1,30,21,5,69,69294,Autoroute 7 ,45.63756,4.82314,Nuit sans éclairage public,Hors agglomération,Hors intersection,Normale,Deux véhicules - côté,1,3,6,0,1,1,1,0,1,90,2,2,1,0,0,1,31.0,49.0,voiture,voiture,3,1,1,1,3
202300020916,2023-11-23 19:30:00,2023,11,23,19,30,55,55545,CD 964,49.15172,5.39714,Nuit sans éclairage public,Hors agglomération,Hors intersection,Normale,Deux véhicules - frontale,3,2,2,0,1,1,1,0,1,90,2,2,0,0,0,2,44.0,58.0,utilitaire_camion,voiture,3,1,1,1,1
202300020917,2023-09-13 07:30:00,2023,9,13,7,30,91,91286,AUTOROUTE A6,48.6497,2.3846,Crépuscule ou aube,Hors agglomération,Hors intersection,Temps couvert,Deux véhicules - côté,1,3,3,0,1,1,2,0,1,110,2,2,1,0,0,1,49.0,,deux_roues,voiture,2,1,1,8,3
202300020918,2023-12-21 13:20:00,2023,12,21,13,20,54,54099,Avenue Albert 1er,49.24817,5.94139,Plein jour,En agglomération,Intersection en T,Pluie légère,Sans collision,4,2,2,0,1,1,2,0,4,50,1,1,0,0,0,1,42.0,,voiture,,1,2,3,2,7
202300020918,2023-12-21 13:20:00,2023,12,21,13,20,54,54099,Avenue Albert 1er,49.24817,5.94139,Plein jour,En agglomération,Intersection en T,Pluie légère,Sans collision,4,2,2,0,3,1,2,0,1,50,1,1,0,0,0,1,42.0,,voiture,,1,2,3,2,7
202300020919,2023-01-28 04:40:00,2023,1,28,4,40,59,59203,AUTOROUTE A 21,50.34508344,3.30210003,Nuit sans éclairage public,Hors agglomération,Hors intersection,Normale,Autre collision,1,-1,4,0,1,1,1,0,1,130,2,2,1,0,0,1,51.0,,voiture,voiture,3,1,1,1,6
202300020920,2023-09-13 01:30:00,2023,9,13,1,30,91,91645,RN 118,48.76108,2.22643,Nuit sans éclairage public,Hors agglomération,Hors intersection,Pluie légère,Autre collision,2,1,3,0,2,3,2,0,1,110,1,1,0,0,0,1,53.0,,voiture,,3,1,1,2,6
202300020921,2023-01-12 05:45:00,2023,1,12,5,45,59,59143,AUTOROUTE A25,50.66457,2.88541,Nuit sans éclairage public,Hors agglomération,Hors intersection,Pluie forte,Autre collision,1,-1,4,0,1,1,2,0,1,130,1,1,0,0,0,1,41.0,,utilitaire_camion,,3,1,1,3,6
202300020922,2023-09-13 22:55:00,2023,9,13,22,55,92,92063,A86 DUPLEX,48.87336976,2.15727103,Nuit avec éclairage allumé,Hors agglomération,Hors intersection,Normale,Autre collision,1,1,2,0,1,3,2,1,1,70,1,1,0,0,0,1,21.0,,voiture,,5,1,1,1,6
202300020923,2023-12-21 11:30:00,2023,12,21,11,30,51,51454,SOUVENIR FRANCAIS (PLACE DU),49.26926,4.07052,Plein jour,En agglomération,Giratoire,Pluie légère,Deux véhicules - côté,4,1,2,0,1,2,2,0,1,50,2,2,1,0,0,1,23.0,74.0,deux_roues,voiture,1,2,6,2,3
202300020923,2023-12-21 11:30:00,2023,12,21,11,30,51,51454,SOUVENIR FRANCAIS (PLACE DU),49.26926,4.07052,Plein jour,En agglomération,Giratoire,Pluie légère,Deux véhicules - côté,4,1,2,0,1,1,2,0,1,50,2,2,1,0,0,1,23.0,74.0,deux_roues,voiture,1,2,6,2,3
202300020924,2023-09-13 04:45:00,2023,9,13,4,45,93,93027,AUTOROUTE A86,48.92648671,2.40257539,Nuit sans éclairage public,Hors agglomération,Hors intersection,Pluie légère,Sans collision,1,1,3,0,1,1,2,0,1,70,1,1,0,0,0,1,36.0,,voiture,,3,1,1,2,7
202300020925,2023-12-21 11:35:00,2023,12,21,11,35,49,49007,SAINT NICOLAS,47.47468,-0.56401,Plein jour,En agglomération,Hors intersection,Normale,Deux véhicules - côté,4,2,2,0,1,1,1,0,1,50,2,2,1,0,0,1,56.0,37.0,deux_roues,voiture,1,2,1,1,3
202300020926,2023-01-30 18:25:00,2023,1,30,18,25,91,91471,RN 118,48.71372,2.17735,Nuit sans éclairage public,Hors agglomération,Hors intersection,Normale,Trois véhicules et plus - en chaîne,2,3,4,0,2,1,2,0,1,90,4,4,3,0,0,1,28.0,52.0,utilitaire_camion,voiture,3,1,1,1,4
202300020927,2023-09-12 14:40:00,2023,9,12,14,40,95,95394,N184,49.05282,2.177688,Plein jour,Hors agglomération,Hors intersection,Pluie légère,Deux véhicules - arrière,2,3,4,0,1,1,2,0,1,110,2,2,1,0,0,1,40.0,48.0,utilitaire_camion,utilitaire_camion,1,1,1,2,2
202300020928,2023-12-21 17:40:00,2023,12,21,17,40,45,45234,Avenue de l'Hôpital,47.83228,1.92064,Nuit avec éclairage allumé,En agglomération,Hors intersection,Pluie légère,Autre collision,4,3,4,0,1,1,2,0,1,50,1,2,1,0,1,0,16.0,,voiture,,5,2,1,2,6
202300020929,2023-01-30 09:55:00,2023,1,30,9,55,91,91549,RN 104,48.625,2.337,Plein jour,Hors agglomération,Hors intersection,Normale,Trois véhicules et plus - en chaîne,2,3,4,0,1,1,2,0,1,110,3,3,1,0,0,2,40.0,63.0,voiture,voiture,1,1,1,1,4
202300020930,2023-09-13 18:44:00,2023,9,13,18,44,94,94011,N406,48.76302008,2.49548877,Plein jour,Hors agglomération,Autre intersection,Normale,Deux véhicules - arrière,2,1,2,0,2,3,1,3,1,90,2,3,0,0,0,3,40.0,30.0,voiture,deux_roues,1,1,9,1,2
202300020931,2023-01-30 08:45:00,2023,1,30,8,45,91,91687,AUTOROUTE A6,48.662708,2.36787,Plein jour,Hors agglomération,Hors intersection,Normale,Sans collision,1,3,3,0,1,1,1,0,1,110,1,1,0,0,0,1,31.0,,voiture,,1,1,1,1,7
202300020932,2023-12-21 08:55:00,2023,12,21,8,55,45,45286,D951 PR 91 + 50,47.893016,1.916469,Plein jour,En agglomération,Intersection en T,Normale,Trois véhicules et plus - en chaîne,3,2,2,0,1,1,2,0,1,50,3,3,2,0,0,1,30.0,38.0,voiture,utilitaire_camion,1,2,3,1,4
202300020932,2023-12-21 08:55:00,2023,12,21,8,55,45,45286,D951 PR 91 + 50,47.893016,1.916469,Plein jour,En agglomération,Intersection en T,Normale,Trois véhicules et plus - en chaîne,3,1,1,1,2,1,1,0,1,30,3,3,2,0,0,1,30.0,38.0,voiture,utilitaire_camion,1,2,3,1,4
202300020933,2023-09-13 09:35:00,2023,9,13,9,35,94,94022,A86,48.77338115,2.40113955,Plein jour,Hors agglomération,Hors intersection,Normale,Deux véhicules - arrière,1,3,3,0,1,1,1,0,1,90,2,2,1,0,0,1,31.0,39.0,deux_roues,voiture,1,1,1,1,2
202300020934,2023-01-30 18:15:00,2023,1,30,18,15,78,78090,A13,48.970426,1.905235,Nuit sans éclairage public,Hors agglomération,Hors intersection,Normale,Deux véhicules - arrière,1,3,3,0,1,1,1,0,1,130,2,3,2,0,0,1,33.0,32.0,voiture,voiture,3,1,1,1,2
202300020935,2023-05-28 15:15:00,2023,5,28,15,15,43,43162,RD 103 ,45.19697,4.042422,Plein jour,Hors agglomération,Hors intersection,Normale,Sans collision,3,2,2,0,2,2,1,0,3,90,1,1,0,0,1,0,33.0,,deux_roues,,1,1,1,1,7
202300020936,2023-01-30 09:15:00,2023,1,30,9,15,92,92047,A13,48.83397544,2.16646875,Plein jour,Hors agglomération,Hors intersection,Temps couvert,Deux véhicules - côté,1,-1,3,0,1,1,2,0,1,110,2,2,1,0,0,1,42.0,50.0,voiture,deux_roues,1,1,1,8,3
202300020937,2023-12-21 08:34:00,2023,12,21,8,34,45,45004,3 Rue Francis Prieur,47.97274,2.74975,Crépuscule ou aube,En agglomération,Intersection en X,Pluie légère,Deux véhicules - côté,4,2,2,0,1,1,2,0,1,50,2,2,1,0,0,1,29.0,55.0,voiture,voiture,2,2,2,2,3
202300020937,2023-12-21 08:34:00,2023,12,21,8,34,45,45004,3 Rue Francis Prieur,47.97274,2.74975,Crépuscule ou aube,En agglomération,Intersection en X,Pluie légère,Deux véhicules - côté,4,2,2,0,1,1,2,0,1,50,2,2,1,0,0,1,29.0,55.0,voiture,voiture,2,2,2,2,3
202300020938,2023-01-28 10:10:00,2023,1,28,10,10,75,75119,BOULEVARD PERIPHERIQUE INTERIEUR NORD  ,48.898624,2.393336,Plein jour,En agglomération,Hors intersection,Temps couvert,Autre collision,4,1,4,0,1,3,1,0,1,70,1,1,0,0,1,0,23.0,,voiture,,1,2,1,8,6
202300020939,2023-05-27 12:25:00,2023,5,27,12,25,43,43130,route de la chèze,45.046481,4.196295,Plein jour,Hors agglomération,Intersection en Y,Normale,Deux véhicules - arrière,3,2,2,0,1,1,1,5,1,80,2,3,1,0,1,1,64.0,52.0,deux_roues,deux_roues,1,1,4,1,2
202300020939,2023-05-27 12:25:00,2023,5,27,12,25,43,43130,route de la chèze,45.046481,4.196295,Plein jour,Hors agglomération,Intersection en Y,Normale,Deux véhicules - arrière,3,2, -1,-1,3,3,1,5,1,-1,2,3,1,0,1,1,64.0,52.0,deux_roues,deux_roues,1,1,4,1,2
202300020940,2023-12-21 15:40:00,2023,12,21,15,40,44,44109,2 Rue des Chalâtres,47.22532,-1.53088,Plein jour,En agglomération,Hors intersection,Temps couvert,Autre collision,4,2,2,2,2,1,1,0,1,50,2,2,1,0,0,1,62.0,37.0,deux_roues,voiture,1,2,1,8,6
202300020941,2023-01-29 22:35:00,2023,1,29,22,35,75,75105,RUE GEOFFROY SAINT HILAIRE,48.839708,2.356608,Nuit avec éclairage allumé,En agglomération,Intersection en X,Normale,Deux véhicules - côté,4,1,1,0,1,1,1,0,1,30,2,2,0,0,0,2,28.0,31.0,deux_roues,deux_roues,5,2,2,1,3
202300020941,2023-01-29 22:35:00,2023,1,29,22,35,75,75105,RUE GEOFFROY SAINT HILAIRE,48.839708,2.356608,Nuit avec éclairage allumé,En agglomération,Intersection en X,Normale,Deux véhicules - côté,4,1,1,0,1,1,1,0,1,30,2,2,0,0,0,2,28.0,31.0,deux_roues,deux_roues,5,2,2,1,3
202300020942,2023-07-04 02:46:00,2023,7,4,2,46,26,26198,TEIL(vieille route du),44.559,4.73,Nuit avec éclairage allumé,En agglomération,Hors intersection,Normale,Deux véhicules - côté,2,2,2,0,1,1,1,0,1,50,2,2,1,0,0,1,,21.0,voiture,voiture,5,2,1,1,3
202300020943,2023-12-21 17:55:00,2023,12,21,17,55,43,43046,MONTEE DE CHADRAC,45.0546,3.89933,Nuit avec éclairage allumé,En agglomération,Hors intersection,Normale,Autre collision,4,2,2,0,2,1,1,0,1,50,1,3,2,0,1,0,45.0,,utilitaire_camion,,5,2,1,1,6
202300020944,2023-01-28 23:25:00,2023,1,28,23,25,75,75120,BOULEVARD MORTIER,48.87404,2.408106,Nuit avec éclairage allumé,En agglomération,Hors intersection,Normale,Deux véhicules - côté,4,1,2,0,1,1,1,0,1,50,2,2,1,0,0,1,55.0,30.0,deux_roues,voiture,5,2,1,1,3
202300020945,2023-07-10 10:27:00,2023,7,10,10,27,22,22278,PARIS (DE),48.50403,-2.74108,Plein jour,En agglomération,Hors intersection,Normale,Deux véhicules - arrière,3,2,2,0,1,1,1,0,1,50,2,2,1,0,0,1,58.0,,voiture,deux_roues,1,2,1,1,2
202300020946,2023-01-29 22:40:00,2023,1,29,22,40,75,75117,RUE CARDINET,48.891106,2.318,Nuit avec éclairage allumé,En agglomération,Intersection en T,Normale,Deux véhicules - côté,4,1, -1,-1,1,1,1,0,1,-1,2,2,1,0,0,1,34.0,23.0,deux_roues,voiture,5,2,3,1,3
202300020946,2023-01-29 22:40:00,2023,1,29,22,40,75,75117,RUE CARDINET,48.891106,2.318,Nuit avec éclairage allumé,En agglomération,Intersection en T,Normale,Deux véhicules - côté,4,2,2,2,1,1,1,0,1,30,2,2,1,0,0,1,34.0,23.0,deux_roues,voiture,5,2,3,1,3
202300020947,2023-12-21 13:50:00,2023,12,21,13,50,43,43157,CLUNY (BD. DE),45.04832,3.89298,Plein jour,En agglomération,Intersection en X,Normale,Deux véhicules - côté,3,2,3,0,1,1,1,0,1,50,2,2,1,0,0,1,35.0,51.0,utilitaire_camion,voiture,1,2,2,1,3
202300020947,2023-12-21 13:50:00,2023,12,21,13,50,43,43157,CLUNY (BD. DE),45.04832,3.89298,Plein jour,En agglomération,Intersection en X,Normale,Deux véhicules - côté,3,-1,2,0,1,1,1,0,1,50,2,2,1,0,0,1,35.0,51.0,utilitaire_camion,voiture,1,2,2,1,3