accident_id,datetime,annee,mois,jour,heure,minute,departement,commune_insee,adresse,latitude,longitude,luminosite,agglomeration,intersection,meteo,collision,catr,circ,nbv,vosp,prof,plan,surf,infra,situ,vma,nb_vehicules,nb_usagers,nb_indemnes,nb_tues,nb_blesses_hosp,nb_blesses_legers,age_cond_1,age_cond_2,veh_type_cond_1,veh_type_cond_2,lum_code,agg_code,int_code,atm_code,col_code
202300021018,2023-09-10 13:47:00,2023,9,10,13,47,971,97101,Frédéric JALTON,16.27509208,-61.50296688,Plein jour,En agglomération,Intersection en T,Normale,Deux véhicules - côté,3,2,2,0,1,1,1,0,1,50,2,2,1,0,0,1,64.0,36.0,voiture,deux_roues,1,2,3,1,3
202300021018,2023-09-10 13:47:00,2023,9,10,13,47,971,97101,Frédéric JALTON,16.27509208,-61.50296688,Plein jour,En agglomération,Intersection en T,Normale,Deux véhicules - côté,3,2,2,0,1,3,1,0,1,50,2,2,1,0,0,1,64.0,36.0,voiture,deux_roues,1,2,3,1,3
202300021019,2023-12-21 21:40:00,2023,12,21,21,40,22,22278,GARNIER (ABBE),48.5051,-2.7614,Nuit avec éclairage allumé,En agglomération,Hors intersection,Normale,Autre collision,4,2,2,0,1,1,1,6,1,30,1,2,1,0,0,1,37.0,,voiture,,5,2,1,1,6
202300021020,2023-01-19 21:15:00,2023,1,19,21,15,15,15157,N122,44.74777,2.194455,Nuit sans éclairage public,Hors agglomération,Hors intersection,Neige / grêle,Deux véhicules - côté,2,2,2,0,2,2,5,0,1,80,2,2,1,0,1,0,62.0,21.0,utilitaire_camion,voiture,3,1,1,4,3
202300021021,2023-12-01 18:30:00,2023,12,1,18,30,15,15014,Avenue du général Leclerc,44.910355,2.444807,Nuit avec éclairage allumé,En agglomération,Hors intersection,Pluie légère,Deux véhicules - frontale,4,2,2,0,1,1,2,0,1,50,2,2,1,0,0,1,65.0,41.0,voiture,deux_roues,5,2,1,2,1
202300021022,2023-01-28 14:06:00,2023,1,28,14,6,70,70404,D7,47.997417,6.032782,Plein jour,Hors agglomération,Hors intersection,Normale,Autre collision,3,2,2,0,1,1,1,0,3,80,1,1,0,0,1,0,79.0,,voiture,,1,1,1,1,6
202300021023,2023-09-09 20:30:00,2023,9,9,20,30,971,97101,PERRIN (SECTEUR),16.27721,-61.50885,Nuit avec éclairage allumé,Hors agglomération,Autre intersection,Normale,Trois véhicules et plus - en chaîne,2,1,2,0,1,3,1,0,1,50,3,5,2,0,0,3,74.0,65.0,voiture,voiture,5,1,9,1,4
202300021024,2023-12-20 11:30:00,2023,12,20,11,30,15,15014,RN 122,44.9,2.41665,Plein jour,Hors agglomération,Hors intersection,Normale,Autre collision,2,2,2,0,1,1,1,2,3,70,1,1,0,0,1,0,86.0,,voiture,,1,1,1,1,6
202300021025,2023-01-24 13:40:00,2023,1,24,13,40,06,06105,D2085,43.663149,7.055574,Plein jour,En agglomération,Hors intersection,Normale,Deux véhicules - frontale,3,3,2,0,1,1,1,0,1,50,2,2,1,0,1,0,64.0,49.0,deux_roues,voiture,1,2,1,1,1
202300021026,2023-09-11 22:00:00,2023,9,11,22,0,2A,2A004,NAPOLEON COURS AVANT BEVERINI,41.93231,8.74045,Nuit avec éclairage allumé,En agglomération,Autre intersection,Normale,Deux véhicules - côté,2,4,1,0,1,1,1,0,1,50,2,3,2,0,0,1,29.0,65.0,voiture,deux_roues,5,2,9,1,3
202300021027,2023-12-20 18:00:00,2023,12,20,18,0,14,14167,3 Rue des Frères Wilkin,49.20447,-0.29745,Nuit avec éclairage allumé,En agglomération,Hors intersection,Temps couvert,Deux véhicules - arrière,4,1,1,0,1,1,1,0,1,30,2,2,1,0,0,1,50.0,13.0,voiture,deux_roues,5,2,1,8,2
202300021028,2023-01-30 13:30:00,2023,1,30,13,30,50,50483,Rue de l'Europe,49.104726,-1.175878,Plein jour,En agglomération,Giratoire,Normale,Deux véhicules - côté,3,1,1,0,1,2,2,0,1,50,2,2,1,0,0,1,56.0,69.0,voiture,deux_roues,1,2,6,1,3
202300021029,2023-01-29 06:00:00,2023,1,29,6,0,53,53101,RN162,47.89238,-0.68089,Nuit sans éclairage public,Hors agglomération,Hors intersection,Normale,Sans collision,2,2,2,0,2,1,1,0,3,80,1,1,0,1,0,0,22.0,,voiture,,3,1,1,1,7
202300021030,2023-09-11 22:10:00,2023,9,11,22,10,95,95585,D316,48.992558,2.386741,Nuit sans éclairage public,Hors agglomération,Hors intersection,Normale,Deux véhicules - côté,3,2,2,0,1,1,1,0,1,80,2,3,1,0,1,1,25.0,,deux_roues,utilitaire_camion,3,1,1,1,3
202300021031,2023-12-21 17:50:00,2023,12,21,17,50,13,13019,ROUTE D’APT,43.45094578,5.35967588,Crépuscule ou aube,Hors agglomération,Hors intersection,Normale,Deux véhicules - frontale,3,2,2,0,1,1,1,0,1,50,2,2,0,0,0,2,29.0,49.0,voiture,voiture,2,1,1,1,1
202300021032,2023-01-28 22:50:00,2023,1,28,22,50,53,53233,rue de laLibération,47.867595,-0.431589,Nuit sans éclairage public,En agglomération,Hors intersection,Normale,Sans collision,3,2,2,0,1,1,1,0,1,50,1,1,0,1,0,0,27.0,,voiture,,3,2,1,1,7
202300021033,2023-12-16 00:20:00,2023,12,16,0,20,13,13209,SOUDE (AVENUE DE LA),43.2441,5.40062,Nuit avec éclairage allumé,En agglomération,Hors intersection,Normale,Sans collision,4,2,2,0,1,1,1,9,1,50,1,1,0,1,0,0,22.0,,deux_roues,,5,2,1,1,7
202300021034,2023-09-12 13:00:00,2023,9,12,13,0,95,95277,D317,48.9835,2.4692,Plein jour,Hors agglomération,Hors intersection,Pluie forte,Trois véhicules et plus - en chaîne,3,3,0,0,2,1,4,2,1,90,3,6,1,0,0,5,26.0,30.0,utilitaire_camion,voiture,1,1,1,3,4
202300021035,2023-01-20 08:00:00,2023,1,20,8,0,40,40224,Route de Bayonne,43.547209,-1.113771,Crépuscule ou aube,En agglomération,Intersection en Y,Temps couvert,Deux véhicules - côté,3,2,2,0,1,1,2,0,1,50,2,2,1,1,0,0,21.0,75.0,voiture,deux_roues,2,2,4,8,3
202300021035,2023-01-20 08:00:00,2023,1,20,8,0,40,40224,Route de Bayonne,43.547209,-1.113771,Crépuscule ou aube,En agglomération,Intersection en Y,Temps couvert,Deux véhicules - côté,3,2, -1,-1,-1,-1,-1,-1,-1,-1,2,2,1,1,0,0,21.0,75.0,voiture,deux_roues,2,2,4,8,3
202300021036,2023-08-29 22:20:00,2023,8,29,22,20,95,95210,D15,48.96617417,2.30073452,Plein jour,En agglomération,Hors intersection,Normale,Deux véhicules - côté,3,2,2,0,2,1,1,0,1,50,2,2,1,0,0,1,29.0,30.0,deux_roues,voiture,1,2,1,1,3
202300021037,2023-12-21 20:17:00,2023,12,21,20,17,13,13203,NATIONAL (BOULEVARD),43.314822,5.372312,Nuit avec éclairage allumé,En agglomération,Autre intersection,Normale,Deux véhicules - arrière,4,1,1,0,1,1,1,0,1,50,2,2,1,0,0,1,,23.0,voiture,voiture,5,2,9,1,2
202300021038,2023-01-29 12:15:00,2023,1,29,12,15,24,24034,lieu dit les minières,44.981151,0.476312,Plein jour,Hors agglomération,Intersection en X,Temps couvert,Deux véhicules - côté,4,2,2,0,1,1,1,0,1,80,2,2,1,0,0,1,87.0,48.0,voiture,deux_roues,1,1,2,8,3
202300021038,2023-01-29 12:15:00,2023,1,29,12,15,24,24034,lieu dit les minières,44.981151,0.476312,Plein jour,Hors agglomération,Intersection en X,Temps couvert,Deux véhicules - côté,4,2,2,0,3,1,1,0,1,60,2,2,1,0,0,1,87.0,48.0,voiture,deux_roues,1,1,2,8,3
202300021039,2023-12-21 13:50:00,2023,12,21,13,50,13,13210,L ARMEE D AFRIQUE (CHEMIN DE L'),43.286696,5.414489,Plein jour,Hors agglomération,Hors intersection,Normale,Autre collision,4,2,2,0,1,3,1,0,1,50,1,1,0,0,0,1,70.0,,voiture,,1,1,1,1,6
202300021040,2023-08-30 12:20:00,2023,8,30,12,20,95,95427,D928,48.95928,2.32897,Plein jour,En agglomération,Hors intersection,Normale,Deux véhicules - arrière,3,2,2,0,1,3,1,0,1,50,2,2,1,0,0,1,59.0,70.0,deux_roues,voiture,1,2,1,1,2
202300021041,2023-01-29 19:34:00,2023,1,29,19,34,973,97307,intersection route de la distillerie - RN2,4.876153,-52.337247,Nuit sans éclairage public,En agglomération,Intersection en T,Normale,Deux véhicules - frontale,2,2,2,0,1,1,1,0,1,50,2,2,1,0,1,0,22.0,44.0,voiture,deux_roues,3,2,3,1,1
202300021041,2023-01-29 19:34:00,2023,1,29,19,34,973,97307,intersection route de la distillerie - RN2,4.876153,-52.337247,Nuit sans éclairage public,En agglomération,Intersection en T,Normale,Deux véhicules - frontale,2,2, -1,-1,1,1,1,0,1,-1,2,2,1,0,1,0,22.0,44.0,voiture,deux_roues,3,2,3,1,1
202300021042,2023-12-20 14:55:00,2023,12,20,14,55,13,13201,GARIBALDI (BOULEVARD) N° IMPAIRS,43.2973,5.3808,Plein jour,En agglomération,Autre intersection,Normale,Deux véhicules - frontale,4,2,4,0,1,1,1,0,1,50,2,2,1,0,0,1,51.0,36.0,voiture,deux_roues,1,2,9,1,1
202300021043,2023-01-29 15:30:00,2023,1,29,15,30,987,98738,PK 15 à l'intersection de la servitude BERNARDINO,-17.640035,-149.608126,Plein jour,En agglomération,Intersection en T,Pluie légère,Deux véhicules - arrière,2,2,1,1,1,1,2,0,1,50,2,2,1,0,1,0,27.0,21.0,deux_roues,deux_roues,1,2,3,2,2
202300021043,2023-01-29 15:30:00,2023,1,29,15,30,987,98738,PK 15 à l'intersection de la servitude BERNARDINO,-17.640035,-149.608126,Plein jour,En agglomération,Intersection en T,Pluie légère,Deux véhicules - arrière,2,-1,1,0,1,1,2,0,1,50,2,2,1,0,1,0,27.0,21.0,deux_roues,deux_roues,1,2,3,2,2
202300021044,2023-01-29 20:56:00,2023,1,29,20,56,53,53267,A81,48.059266,-0.507946,Nuit sans éclairage public,Hors agglomération,Hors intersection,Normale,Autre collision,1,3,4,0,1,1,1,0,8,130,1,1,0,0,1,0,69.0,,voiture,,3,1,1,1,6
202300021045,2023-01-29 19:01:00,2023,1,29,19,1,31,31169,44 Avenue de Toulouse,43.514187,1.550108,Nuit avec éclairage allumé,En agglomération,Intersection en X,Normale,Deux véhicules - frontale,3,2,2,0,1,1,1,5,1,50,2,3,2,0,1,0,37.0,16.0,voiture,deux_roues,5,2,2,1,1
202300021045,2023-01-29 19:01:00,2023,1,29,19,1,31,31169,44 Avenue de Toulouse,43.514187,1.550108,Nuit avec éclairage allumé,En agglomération,Intersection en X,Normale,Deux véhicules - frontale,3,2,2,0,1,1,1,0,1,50,2,3,2,0,1,0,37.0,16.0,voiture,deux_roues,5,2,2,1,1
202300021046,2023-09-11 15:30:00,2023,9,11,15,30,91,91657,AV HENRI BARBUSSE,48.704099,2.433695,Plein jour,En agglomération,Intersection en X,Normale,Deux véhicules - côté,3,2,3,0,1,1,1,5,1,50,2,2,0,0,0,2,37.0,23.0,deux_roues,voiture,1,2,2,1,3
202300021046,2023-09-11 15:30:00,2023,9,11,15,30,91,91657,AV HENRI BARBUSSE,48.704099,2.433695,Plein jour,En agglomération,Intersection en X,Normale,Deux véhicules - côté,3,2,0,0,1,1,1,5,1,50,2,2,0,0,0,2,37.0,23.0,deux_roues,voiture,1,2,2,1,3
202300021047,2023-01-17 07:55:00,2023,1,17,7,55,35,35024,Caleuvre,48.195902,-1.600699,Nuit sans éclairage public,Hors agglomération,Hors intersection,Temps couvert,Autre collision,3,2,2,0,1,1,2,0,3,80,1,2,1,0,0,1,54.0,,transport_commun,,3,1,1,8,6
202300021048,2023-12-21 19:00:00,2023,12,21,19,0,13,13005,VERDUN (AVENUE DE),43.287827,5.578777,Nuit sans éclairage public,En agglomération,Hors intersection,Normale,Autre collision,6,-1, -1,0,1,1,1,0,1,30,1,2,1,0,0,1,23.0,,voiture,,3,2,1,1,6
202300021049,2023-09-11 11:50:00,2023,9,11,11,50,91,91421,JEAN JAURES (AVENUE),48.71343,2.44862,Plein jour,En agglomération,Hors intersection,Normale,Autre collision,3,3,0,0,1,1,1,0,1,30,1,2,1,0,0,1,41.0,,voiture,,1,2,1,1,6
202300021050,2023-01-29 11:30:00,2023,1,29,11,30,987,98714,quartier amanahune,-16.388,-151.765,Plein jour,Hors agglomération,Hors intersection,Normale,Deux véhicules - frontale,2,2,2,0,3,3,1,0,1,60,2,3,1,1,1,0,19.0,48.0,deux_roues,utilitaire_camion,1,1,1,1,1
202300021051,2023-09-12 08:30:00,2023,9,12,8,30,91,91589,RUE JOLIOT CURIE,48.674881,2.352419,Plein jour,En agglomération,Autre intersection,Normale,Autre collision,4,1,1,0,2,1,1,0,1,30,2,2,1,0,0,1,55.0,23.0,voiture,deux_roues,1,2,9,1,6
202300021052,2023-12-20 15:45:00,2023,12,20,15,45,06,06069,D6185,43.636078,6.944095,Plein jour,Hors agglomération,Hors intersection,Normale,Trois véhicules et plus - en chaîne,3,3,4,0,2,1,1,8,1,70,3,3,2,0,0,1,21.0,46.0,voiture,voiture,1,1,1,1,4
202300021053,2023-01-29 13:30:00,2023,1,29,13,30,988,98808,rpn3 tribu de pentecoste,-21.28962,165.70022,Plein jour,Hors agglomération,Hors intersection,Pluie forte,Autre collision,3,2,2,0,1,1,2,0,3,110,1,2,0,0,2,0,22.0,,voiture,,1,1,1,3,6
202300021054,2023-09-11 09:50:00,2023,9,11,9,50,91,91027,AV ARISTIDE BRIAND,48.70598,2.3873,Plein jour,En agglomération,Hors intersection,Normale,Deux véhicules - côté,4,2,3,0,2,1,1,0,1,50,2,2,1,0,0,1,43.0,23.0,deux_roues,voiture,1,2,1,1,3
202300021055,2023-01-29 19:50:00,2023,1,29,19,50,973,97311,D9 avenue Jean Galmot PK 6,5.539131,-53.945049,Nuit sans éclairage public,Hors agglomération,Hors intersection,Temps couvert,Autre collision,3,2,2,0,2,1,2,0,1,80,1,2,1,0,1,0,,,voiture,,3,1,1,8,6
202300021056,2023-09-10 02:20:00,2023,9,10,2,20,91,91027,RUE ROBERT SCHUMAN,48.71495,2.39821,Nuit avec éclairage non allumé,En agglomération,Hors intersection,Normale,Sans collision,3,2,2,0,1,1,1,0,1,50,1,1,0,0,1,0,34.0,,deux_roues,,4,2,1,1,7
202300021057,2023-01-29 17:20:00,2023,1,29,17,20,971,97119,Route de Desvarieux,16.364286,-61.430483,Plein jour,Hors agglomération,Hors intersection,Normale,Autre collision,3,2,2,0,1,1,1,0,1,70,1,3,2,0,1,0,52.0,,voiture,,1,1,1,1,6
202300021058,2023-12-20 14:40:00,2023,12,20,14,40,06,06069,Pénétrante,43.62822,6.948,Plein jour,Hors agglomération,Hors intersection,Normale,Deux véhicules - côté,3,3,4,0,2,1,1,0,1,90,2,2,1,0,0,1,61.0,62.0,voiture,voiture,1,1,1,1,3
202300021059,2023-01-19 13:35:00,2023,1,19,13,35,971,97118,Route Nationale 1,16.19395948,-61.60656452,Plein jour,Hors agglomération,Hors intersection,Normale,Sans collision,2,3,4,0,1,1,1,0,1,90,1,1,0,0,1,0,38.0,,deux_roues,,1,1,1,1,7
202300021060,2023-09-12 07:59:00,2023,9,12,7,59,91,91223,R.D.20,48.4034,2.12222,Plein jour,Hors agglomération,Intersection en T,Normale,Deux véhicules - côté,3,1,4,0,1,1,1,0,1,90,2,2,1,0,0,1,41.0,61.0,voiture,utilitaire_camion,1,1,3,1,3
202300021060,2023-09-12 07:59:00,2023,9,12,7,59,91,91223,R.D.20,48.4034,2.12222,Plein jour,Hors agglomération,Intersection en T,Normale,Deux véhicules - côté,3,3,4,0,1,1,1,9,1,90,2,2,1,0,0,1,41.0,61.0,voiture,utilitaire_camion,1,1,3,1,3
202300021061,2023-12-20 12:55:00,2023,12,20,12,55,75,75117,PORTE DE SAINT OUEN,48.900348,2.322174,Plein jour,En agglomération,Hors intersection,Temps couvert,Deux véhicules - côté,4,1,4,0,1,1,1,0,1,70,2,2,1,0,0,1,22.0,,deux_roues,voiture,1,2,1,8,3
202300021062,2023-01-26 17:40:00,2023,1,26,17,40,33,33199,95 Rue Chante Cigale,44.626512,-1.06236,Plein jour,En agglomération,Hors intersection,Normale,Deux véhicules - arrière,4,2,2,1,1,1,1,0,1,50,2,3,2,0,0,1,72.0,17.0,voiture,deux_roues,1,2,1,1,2
202300021063,2023-09-10 21:23:00,2023,9,10,21,23,90,90010,BRISACH (AVENUE DE),47.64533,6.87706,Nuit avec éclairage allumé,En agglomération,Intersection en T,Normale,Deux véhicules - côté,3,2,2,0,1,1,1,0,1,50,2,2,1,0,0,1,35.0,33.0,voiture,deux_roues,5,2,3,1,3
202300021063,2023-09-10 21:23:00,2023,9,10,21,23,90,90010,BRISACH (AVENUE DE),47.64533,6.87706,Nuit avec éclairage allumé,En agglomération,Intersection en T,Normale,Deux véhicules - côté,3,-1,0,0,1,1,9,0,1,30,2,2,1,0,0,1,35.0,33.0,voiture,deux_roues,5,2,3,1,3
202300021064,2023-01-30 10:18:00,2023,1,30,10,18,77,77183,Avenue Franklin Roosevelt,48.943606,3.122226,Plein jour,En agglomération,Hors intersection,Pluie légère,Autre collision,6,-1, -1,0,1,1,2,9,8,-1,1,2,1,0,1,0,41.0,,autre,,1,2,1,2,6
202300021065,2023-09-10 20:25:00,2023,9,10,20,25,87,87085,GARIBALDI (AVENUE),45.83446,1.26093,Crépuscule ou aube,En agglomération,Intersection en X,Normale,Deux véhicules - côté,4,2,3,0,1,1,1,5,1,30,2,2,1,0,0,1,53.0,50.0,voiture,deux_roues,2,2,2,1,3
202300021065,2023-09-10 20:25:00,2023,9,10,20,25,87,87085,GARIBALDI (AVENUE),45.83446,1.26093,Crépuscule ou aube,En agglomération,Intersection en X,Normale,Deux véhicules - côté,4,2,3,0,2,1,1,5,1,30,2,2,1,0,0,1,53.0,50.0,voiture,deux_roues,2,2,2,1,3
202300021066,2023-01-27 22:15:00,2023,1,27,22,15,78,78558,D89,48.982907,1.532013,Nuit sans éclairage public,Hors agglomération,Hors intersection,Pluie légère,Sans collision,3,2,2,0,1,2,2,0,3,80,1,1,0,0,1,0,28.0,,voiture,,3,1,1,2,7
202300021067,2023-12-20 13:45:00,2023,12,20,13,45,75,75113,PORTE DE GENTILLY,48.81629,2.345777,Plein jour,En agglomération,Hors intersection,Normale,Trois véhicules et plus - collisions multiples,4,1,3,0,1,1,1,0,1,70,3,3,2,0,0,1,31.0,36.0,voiture,deux_roues,1,2,1,1,5
202300021068,2023-09-08 21:39:00,2023,9,8,21,39,87,87085,CHARLEMAGNE (RUE),45.8482,1.26398,Nuit avec éclairage allumé,En agglomération,Hors intersection,Normale,Sans collision,4,2,2,0,1,1,1,0,4,30,1,1,0,0,0,1,61.0,,deux_roues,,5,2,1,1,7
202300021069,2023-01-14 17:23:00,2023,1,14,17,23,11,11076,17 Avenue du General de Gaulle,43.319624,1.946801,Plein jour,En agglomération,Intersection en T,Normale,Deux véhicules - frontale,4,2,2,0,1,1,1,0,1,50,2,2,1,0,1,0,48.0,19.0,voiture,deux_roues,1,2,3,1,1
202300021069,2023-01-14 17:23:00,2023,1,14,17,23,11,11076,17 Avenue du General de Gaulle,43.319624,1.946801,Plein jour,En agglomération,Intersection en T,Normale,Deux véhicules - frontale,4,2, -1,-1,1,1,1,0,1,-1,2,2,1,0,1,0,48.0,19.0,voiture,deux_roues,1,2,3,1,1
202300021070,2023-09-07 13:22:00,2023,9,7,13,22,87,87085,PERRIN (RUE FRANCOIS),45.82886,1.24388,Plein jour,En agglomération,Intersection en T,Normale,Autre collision,4,1,1,0,2,1,1,0,1,30,2,2,1,0,0,1,50.0,55.0,voiture,deux_roues,1,2,3,1,6
202300021070,2023-09-07 13:22:00,2023,9,7,13,22,87,87085,PERRIN (RUE FRANCOIS),45.82886,1.24388,Plein jour,En agglomération,Intersection en T,Normale,Autre collision,4,2,2,0,1,1,1,0,1,50,2,2,1,0,0,1,50.0,55.0,voiture,deux_roues,1,2,3,1,6
202300021071,2023-12-20 23:45:00,2023,12,20,23,45,75,75118,RUE DU MONT CENIS,48.894322,2.345388,Nuit avec éclairage allumé,En agglomération,Intersection en X,Normale,Deux véhicules - arrière,4,1, -1,-1,1,1,1,0,1,-1,2,2,1,0,0,1,28.0,32.0,utilitaire_camion,voiture,5,2,2,1,2
202300021071,2023-12-20 23:45:00,2023,12,20,23,45,75,75118,RUE DU MONT CENIS,48.894322,2.345388,Nuit avec éclairage allumé,En agglomération,Intersection en X,Normale,Deux véhicules - arrière,4,1,0,0,1,1,1,0,1,30,2,2,1,0,0,1,28.0,32.0,utilitaire_camion,voiture,5,2,2,1,2
202300021072,2023-01-29 16:56:00,2023,1,29,16,56,06,06092,870 Boulevard de la Vallée,43.764987,7.346422,Plein jour,En agglomération,Hors intersection,Normale,Deux véhicules - côté,3,2,2,0,4,2,1,0,1,30,2,4,2,0,0,2,24.0,18.0,voiture,deux_roues,1,2,1,1,3
202300021073,2023-09-07 07:15:00,2023,9,7,7,15,87,87085,TOULOUSE (RUE DE),45.81041,1.28436,Crépuscule ou aube,En agglomération,Intersection en T,Normale,Deux véhicules - côté,4,2,2,0,1,1,1,5,1,50,2,2,0,0,0,2,56.0,20.0,voiture,voiture,2,2,3,1,3
202300021073,2023-09-07 07:15:00,2023,9,7,7,15,87,87085,TOULOUSE (RUE DE),45.81041,1.28436,Crépuscule ou aube,En agglomération,Intersection en T,Normale,Deux véhicules - côté,4,3,5,0,1,1,1,5,1,50,2,2,0,0,0,2,56.0,20.0,voiture,voiture,2,2,3,1,3
202300021074,2023-12-21 18:10:00,2023,12,21,18,10,75,75117,BOULEVARD MALESHERBES,48.88277489,2.31018484,Nuit avec éclairage allumé,En agglomération,Intersection en T,Normale,Deux véhicules - côté,4,2,2,0,1,1,1,0,1,50,2,2,1,0,0,1,23.0,68.0,deux_roues,deux_roues,5,2,3,1,3
202300021074,2023-12-21 18:10:00,2023,12,21,18,10,75,75117,BOULEVARD MALESHERBES,48.88277489,2.31018484,Nuit avec éclairage allumé,En agglomération,Intersection en T,Normale,Deux véhicules - côté,4,2, -1,-1,1,1,1,0,1,50,2,2,1,0,0,1,23.0,68.0,deux_roues,deux_roues,5,2,3,1,3
202300021075,2023-09-12 06:32:00,2023,9,12,6,32,86,86194,Route de Bonneuil Matours,46.588417,0.369785,Crépuscule ou aube,En agglomération,Hors intersection,Normale,Deux véhicules - côté,3,3,2,0,1,1,2,0,1,50,2,2,0,0,1,1,24.0,92.0,voiture,voiture,2,2,1,1,3
202300021076,2023-01-29 12:00:00,2023,1,29,12,0,13,13085,D3d,43.235152,5.670522,Plein jour,Hors agglomération,Intersection en T,Normale,Deux véhicules - côté,3,2,2,0,1,3,1,0,1,80,2,2,1,0,1,0,81.0,65.0,voiture,deux_roues,1,1,3,1,3
202300021076,2023-01-29 12:00:00,2023,1,29,12,0,13,13085,D3d,43.235152,5.670522,Plein jour,Hors agglomération,Intersection en T,Normale,Deux véhicules - côté,3,2, -1,-1,1,3,1,0,1,-1,2,2,1,0,1,0,81.0,65.0,voiture,deux_roues,1,1,3,1,3
202300021077,2023-09-11 08:20:00,2023,9,11,8,20,86,86214,D162,46.55181,0.320591,Plein jour,En agglomération,Hors intersection,Normale,Deux véhicules - arrière,3,2,4,0,1,1,1,0,1,50,2,2,1,0,0,1,16.0,56.0,deux_roues,utilitaire_camion,1,2,1,1,2
202300021078,2023-12-20 10:45:00,2023,12,20,10,45,75,75117,BOULEVARD DES BATIGNOLLES,48.88299,2.32414,Plein jour,En agglomération,Intersection en X,Normale,Autre collision,4,1,3,0,1,1,1,0,1,30,1,2,1,0,0,1,53.0,,voiture,,1,2,2,1,6
202300021078,2023-12-20 10:45:00,2023,12,20,10,45,75,75117,BOULEVARD DES BATIGNOLLES,48.88299,2.32414,Plein jour,En agglomération,Intersection en X,Normale,Autre collision,4,1,1,2,1,1,1,0,1,30,1,2,1,0,0,1,53.0,,voiture,,1,2,2,1,6
202300021079,2023-01-29 19:46:00,2023,1,29,19,46,67,67497,D919,48.833086,7.701674,Nuit sans éclairage public,Hors agglomération,Intersection en T,Normale,Autre collision,3,2,2,0,1,1,1,0,1,80,2,2,1,0,1,0,33.0,57.0,voiture,deux_roues,3,1,3,1,6
202300021079,2023-01-29 19:46:00,2023,1,29,19,46,67,67497,D919,48.833086,7.701674,Nuit sans éclairage public,Hors agglomération,Intersection en T,Normale,Autre collision,3,2, -1,-1,1,1,1,0,1,-1,2,2,1,0,1,0,33.0,57.0,voiture,deux_roues,3,1,3,1,6
202300021080,2023-09-11 08:30:00,2023,9,11,8,30,86,86194,Bd du Marechal de Lattre de Tassigny,46.583488,0.352116,Plein jour,En agglomération,Intersection en T,Normale,Deux véhicules - côté,4,2,2,2,1,1,1,0,5,50,2,2,1,0,0,1,48.0,23.0,voiture,deux_roues,1,2,3,1,3
202300021080,2023-09-11 08:30:00,2023,9,11,8,30,86,86194,Bd du Marechal de Lattre de Tassigny,46.583488,0.352116,Plein jour,En agglomération,Intersection en T,Normale,Deux véhicules - côté,4,2,2,0,1,1,1,0,5,50,2,2,1,0,0,1,48.0,23.0,voiture,deux_roues,1,2,3,1,3
202300021081,2023-01-30 09:00:00,2023,1,30,9,0,26,26129,D325,45.072983,5.183229,Plein jour,Hors agglomération,Intersection en Y,Normale,Sans collision,3,2,2,0,1,2,1,9,3,80,1,1,0,0,0,1,41.0,,voiture,,1,1,4,1,7
202300021081,2023-01-30 09:00:00,2023,1,30,9,0,26,26129,D325,45.072983,5.183229,Plein jour,Hors agglomération,Intersection en Y,Normale,Sans collision,3,2,2,0,1,2,1,0,3,80,1,1,0,0,0,1,41.0,,voiture,,1,1,4,1,7
202300021082,2023-12-21 13:10:00,2023,12,21,13,10,75,75115,RUE LECOURBE,48.843771,2.306539,Plein jour,En agglomération,Intersection en T,Normale,Deux véhicules - côté,4,1, -1,-1,1,1,2,0,1,30,2,2,1,0,0,1,48.0,45.0,voiture,deux_roues,1,2,3,1,3
202300021082,2023-12-21 13:10:00,2023,12,21,13,10,75,75115,RUE LECOURBE,48.843771,2.306539,Plein jour,En agglomération,Intersection en T,Normale,Deux véhicules - côté,4,1,1,3,1,1,2,0,1,30,2,2,1,0,0,1,48.0,45.0,voiture,deux_roues,1,2,3,1,3
202300021083,2023-09-01 17:15:00,2023,9,1,17,15,84,84007,FRANCOIS 1ER (RUE),43.92871,4.82243,Plein jour,En agglomération,Hors intersection,Normale,Deux véhicules - côté,4,2,2,2,1,1,1,0,1,30,2,2,1,0,1,0,21.0,52.0,deux_roues,voiture,1,2,1,1,3
202300021084,2023-01-30 20:00:00,2023,1,30,20,0,07,07324,Quai Charles de Gaulle,45.067756,4.83458,Nuit avec éclairage allumé,En agglomération,Hors intersection,Normale,Deux véhicules - frontale,3,2,2,0,1,1,1,0,8,30,2,2,1,0,1,0,20.0,22.0,voiture,deux_roues,5,2,1,1,1
202300021085,2023-09-09 09:00:00,2023,9,9,9,0,83,83129,MER (AVENUE DE LA) N° PAIRS,43.100309,5.824738,Plein jour,En agglomération,Intersection en T,Normale,Deux véhicules - côté,3,2,2,0,1,1,1,0,1,50,2,2,1,0,1,0,55.0,61.0,deux_roues,voiture,1,2,3,1,3
202300021085,2023-09-09 09:00:00,2023,9,9,9,0,83,83129,MER (AVENUE DE LA) N° PAIRS,43.100309,5.824738,Plein jour,En agglomération,Intersection en T,Normale,Deux véhicules - côté,3,1, -1,-1,1,1,1,0,1,-1,2,2,1,0,1,0,55.0,61.0,deux_roues,voiture,1,2,3,1,3