accident_id,datetime,annee,mois,jour,heure,minute,departement,commune_insee,adresse,latitude,longitude,luminosite,agglomeration,intersection,meteo,collision,catr,circ,nbv,vosp,prof,plan,surf,infra,situ,vma,nb_vehicules,nb_usagers,nb_indemnes,nb_tues,nb_blesses_hosp,nb_blesses_legers,age_cond_1,age_cond_2,veh_type_cond_1,veh_type_cond_2,lum_code,agg_code,int_code,atm_code,col_code
202300021153,2023-12-22 16:50:00,2023,12,22,16,50,37,37213,"A28, PK 047+500, Sens LE MANS-TOURS",47.63788,0.497346,Nuit sans éclairage public,Hors agglomération,Hors intersection,Pluie légère,Deux véhicules - arrière,1,3,0,0,1,1,2,0,1,130,2,2,0,1,0,1,28.0,48.0,voiture,voiture,3,1,1,2,2
202300021154,2023-12-22 16:22:00,2023,12,22,16,22,56,56254,Lieu Dit Coeby,47.768133,-2.533411,Plein jour,Hors agglomération,Hors intersection,Normale,Deux véhicules - côté,3,2,2,0,1,1,1,0,1,80,2,3,0,0,2,1,72.0,65.0,deux_roues,voiture,1,1,1,1,3
202300021155,2023-12-21 09:15:00,2023,12,21,9,15,79,79135,,46.72783,-0.213257,Plein jour,Hors agglomération,Hors intersection,Pluie légère,Deux véhicules - frontale,4,2,2,0,1,3,2,0,1,80,2,2,1,0,1,0,36.0,34.0,voiture,utilitaire_camion,1,1,1,2,1
202300021156,2023-12-17 23:31:00,2023,12,17,23,31,61,61406,D926,48.732215,0.507865,Nuit sans éclairage public,Hors agglomération,Hors intersection,Brouillard / fumée,Deux véhicules - frontale,3,2,2,0,1,1,1,0,1,90,2,3,0,0,1,2,39.0,50.0,voiture,utilitaire_camion,3,1,1,5,1
202300021157,2023-12-21 14:05:00,2023,12,21,14,5,47,47209,Rue Frederic Chopin,44.224448,0.676153,Plein jour,En agglomération,Intersection en X,Pluie légère,Deux véhicules - côté,4,2,2,0,2,3,2,0,1,50,2,2,1,0,0,1,34.0,23.0,deux_roues,utilitaire_camion,1,2,2,2,3
202300021157,2023-12-21 14:05:00,2023,12,21,14,5,47,47209,Rue Frederic Chopin,44.224448,0.676153,Plein jour,En agglomération,Intersection en X,Pluie légère,Deux véhicules - côté,4,2,2,-1,2,1,2,0,1,-1,2,2,1,0,0,1,34.0,23.0,deux_roues,utilitaire_camion,1,2,2,2,3
202300021158,2023-12-22 01:10:00,2023,12,22,1,10,41,41280,20 Avenue de la Commanderie,47.299606,1.76911,Nuit avec éclairage allumé,En agglomération,Hors intersection,Pluie légère,Autre collision,3,2,2,0,1,1,2,0,3,50,1,1,0,1,0,0,40.0,,voiture,,5,2,1,2,6
202300021159,2023-12-21 17:30:00,2023,12,21,17,30,39,39526,16 Avenue Kennedy,47.042466,5.41576,Nuit avec éclairage allumé,En agglomération,Intersection en T,Temps couvert,Deux véhicules - côté,4,2,2,-1,1,1,2,5,1,50,2,2,1,0,0,1,17.0,14.0,voiture,deux_roues,5,2,3,8,3
202300021159,2023-12-21 17:30:00,2023,12,21,17,30,39,39526,16 Avenue Kennedy,47.042466,5.41576,Nuit avec éclairage allumé,En agglomération,Intersection en T,Temps couvert,Deux véhicules - côté,4,2,2,1,1,1,2,5,1,50,2,2,1,0,0,1,17.0,14.0,voiture,deux_roues,5,2,3,8,3
202300021160,2023-12-21 23:25:00,2023,12,21,23,25,25,25328,les Clairons,47.175916,5.972657,Nuit sans éclairage public,Hors agglomération,Hors intersection,Pluie légère,Sans collision,3,2,2,0,1,2,2,0,3,90,1,1,0,0,0,1,43.0,,voiture,,3,1,1,2,7
202300021161,2023-12-21 17:20:00,2023,12,21,17,20,29,29266,Kerambloc’h,48.469592,-3.969326,Nuit sans éclairage public,Hors agglomération,Hors intersection,Pluie légère,Autre collision,3,2,2,0,2,3,2,0,3,80,1,1,0,0,1,0,39.0,,utilitaire_camion,,3,1,1,2,6
202300021162,2023-12-22 17:55:00,2023,12,22,17,55,38,38284,Chemin de Bellevue (Ornacieux),45.398243,5.216977,Nuit sans éclairage public,Hors agglomération,Hors intersection,Pluie légère,Autre collision,3,2,2,0,2,3,2,0,3,80,1,2,0,0,2,0,40.0,,voiture,,3,1,1,2,6
202300021163,2023-12-21 17:35:00,2023,12,21,17,35,05,05084,N94,44.556342,6.23841,Nuit sans éclairage public,Hors agglomération,Intersection en T,Normale,Trois véhicules et plus - collisions multiples,2,2,2,0,2,2,1,0,1,70,3,3,2,0,1,0,76.0,78.0,voiture,voiture,3,1,3,1,5
202300021163,2023-12-21 17:35:00,2023,12,21,17,35,05,05084,N94,44.556342,6.23841,Nuit sans éclairage public,Hors agglomération,Intersection en T,Normale,Trois véhicules et plus - collisions multiples,2,2,2,0,1,1,1,0,1,70,3,3,2,0,1,0,76.0,78.0,voiture,voiture,3,1,3,1,5
202300021164,2023-12-21 17:15:00,2023,12,21,17,15,50,50215,3 Rue du 28 Juillet 1944,49.097677,-1.581668,Nuit avec éclairage allumé,En agglomération,Hors intersection,Pluie légère,Autre collision,3,2,2,0,1,1,2,0,1,50,1,2,1,0,0,1,51.0,,deux_roues,,5,2,1,2,6
202300021165,2023-12-22 11:00:00,2023,12,22,11,0,60,60509,Avenue d?Auvelais,49.313883,2.605271,Plein jour,En agglomération,Intersection en T,Pluie légère,Deux véhicules - côté,4,2,2,0,1,1,2,0,1,50,2,3,2,0,0,1,48.0,58.0,utilitaire_camion,voiture,1,2,3,2,3
202300021165,2023-12-22 11:00:00,2023,12,22,11,0,60,60509,Avenue d?Auvelais,49.313883,2.605271,Plein jour,En agglomération,Intersection en T,Pluie légère,Deux véhicules - côté,4,2, -1,-1,1,1,2,0,1,-1,2,3,2,0,0,1,48.0,58.0,utilitaire_camion,voiture,1,2,3,2,3
202300021166,2023-12-22 09:50:00,2023,12,22,9,50,64,64527,Chemin de Banecau,43.345623,-1.470816,Plein jour,En agglomération,Hors intersection,Pluie forte,Autre collision,3,2,2,0,2,3,2,0,3,70,1,1,0,1,0,0,23.0,,voiture,,1,2,1,3,6
202300021167,2023-12-21 10:20:00,2023,12,21,10,20,16,16222,D674 - PK 38+800,45.344711,0.079651,Plein jour,Hors agglomération,Hors intersection,Pluie légère,Deux véhicules - frontale,3,2,2,0,2,1,2,0,1,90,2,2,1,0,0,1,26.0,48.0,utilitaire_camion,voiture,1,1,1,2,1
202300021168,2023-12-22 12:10:00,2023,12,22,12,10,24,24330,D6,45.053494,1.023461,Plein jour,Hors agglomération,Hors intersection,Pluie légère,Sans collision,3,2,2,0,1,1,2,0,3,80,1,1,0,1,0,0,86.0,,voiture,,1,1,1,2,7
202300021169,2023-12-22 01:40:00,2023,12,22,1,40,85,85295,D93,47.003267,-1.273155,Nuit sans éclairage public,Hors agglomération,Hors intersection,Normale,Autre collision,3,2,2,0,1,3,1,0,3,80,1,2,0,0,1,1,19.0,,voiture,,3,1,1,1,6
202300021170,2023-12-18 20:00:00,2023,12,18,20,0,06,06152,Route de Biot,43.644185,7.047011,Nuit sans éclairage public,Hors agglomération,Autre intersection,Normale,Autre collision,3,3,4,0,2,3,1,9,1,50,1,2,1,0,1,0,50.0,,deux_roues,,3,1,9,1,6
202300021171,2023-12-22 14:15:00,2023,12,22,14,15,68,68135,A35,47.586071,7.548949,Plein jour,Hors agglomération,Hors intersection,Normale,Sans collision,1,1,2,0,2,1,2,3,1,70,1,1,0,0,0,1,24.0,,utilitaire_camion,,1,1,1,1,7
202300021172,2023-12-21 20:54:00,2023,12,21,20,54,45,45146,A71 PR 120 + 349,47.720751,1.891117,Nuit sans éclairage public,Hors agglomération,Hors intersection,Pluie légère,Deux véhicules - arrière,1,3,4,0,1,1,2,0,1,130,2,4,1,0,1,2,33.0,73.0,voiture,voiture,3,1,1,2,2
202300021173,2023-12-22 17:10:00,2023,12,22,17,10,11,11144,,42.870366,2.987874,Plein jour,Hors agglomération,Hors intersection,Temps couvert,Deux véhicules - frontale,3,-1,2,0,1,3,1,0,1,80,2,5,1,0,0,4,40.0,35.0,voiture,voiture,1,1,1,8,1
202300021174,2023-12-23 00:30:00,2023,12,23,0,30,988,98821,RT1- La Tontouta,-22.028981,166.231771,Nuit avec éclairage allumé,Hors agglomération,Hors intersection,Normale,Deux véhicules - frontale,2,2,2,0,1,1,1,0,1,90,2,6,3,0,0,3,50.0,29.0,utilitaire_camion,utilitaire_camion,5,1,1,1,1
202300021175,2023-12-22 15:05:00,2023,12,22,15,5,974,97418,RD 61 - PK 1 + 14,-20.931942,55.540099,Plein jour,Hors agglomération,Hors intersection,Normale,Autre collision,3,3,2,0,2,2,1,0,3,80,1,1,0,0,1,0,26.0,,voiture,,1,1,1,1,6
202300021176,2023-12-20 19:15:00,2023,12,20,19,15,971,97108,Vidon Robert,15.902617,-61.25158,Nuit avec éclairage allumé,Hors agglomération,Intersection en T,Normale,Deux véhicules - côté,2,2,2,0,1,1,1,0,1,70,2,2,1,0,1,0,61.0,67.0,deux_roues,voiture,5,1,3,1,3
202300021176,2023-12-20 19:15:00,2023,12,20,19,15,971,97108,Vidon Robert,15.902617,-61.25158,Nuit avec éclairage allumé,Hors agglomération,Intersection en T,Normale,Deux véhicules - côté,2,2,2,0,1,1,1,0,1,70,2,2,1,0,1,0,61.0,67.0,deux_roues,voiture,5,1,3,1,3
202300021177,2023-12-22 14:50:00,2023,12,22,14,50,77,77264,Route Départementale 231,48.75264,2.943708,Plein jour,Hors agglomération,Intersection en X,Temps couvert,Deux véhicules - côté,3,2,1,-1,1,1,-1,0,-1,80,2,5,1,0,1,3,35.0,56.0,voiture,voiture,1,1,2,8,3
202300021177,2023-12-22 14:50:00,2023,12,22,14,50,77,77264,Route Départementale 231,48.75264,2.943708,Plein jour,Hors agglomération,Intersection en X,Temps couvert,Deux véhicules - côté,3,2,2,0,1,1,2,5,1,80,2,5,1,0,1,3,35.0,56.0,voiture,voiture,1,1,2,8,3
202300021178,2023-12-20 20:00:00,2023,12,20,20,0,77,77466,rue de la foret,48.82237136,2.90315068,Nuit avec éclairage allumé,En agglomération,Hors intersection,Pluie légère,Deux véhicules - côté,3,2,2,0,2,1,2,0,1,50,2,2,1,0,0,1,39.0,51.0,deux_roues,voiture,5,2,1,2,3
202300021179,2023-12-22 15:05:00,2023,12,22,15,5,34,34081,D 162,43.305645,3.137214,Plein jour,Hors agglomération,Hors intersection,Normale,Deux véhicules - arrière,3,2,2,0,2,1,1,0,1,80,2,2,1,0,1,0,19.0,17.0,voiture,deux_roues,1,1,1,1,2
202300021180,2023-12-21 19:50:00,2023,12,21,19,50,21,21038,D20B,47.1944,5.42819,Nuit avec éclairage allumé,Hors agglomération,Hors intersection,Pluie légère,Deux véhicules - arrière,3,2,2,0,1,1,2,0,1,70,2,2,1,0,1,0,,46.0,autre,deux_roues,5,1,1,2,2
202300021181,2023-12-22 01:32:00,2023,12,22,1,32,63,63284,M769,45.789643,3.202734,Nuit sans éclairage public,Hors agglomération,Hors intersection,Normale,Deux véhicules - frontale,7,2,2,0,1,2,1,2,1,90,2,2,1,1,0,0,29.0,45.0,utilitaire_camion,voiture,3,1,1,1,1
202300021182,2023-12-21 22:10:00,2023,12,21,22,10,38,38565,1520 Route de Chartreuse,45.303433,5.635343,Nuit sans éclairage public,Hors agglomération,Hors intersection,Pluie forte,Autre collision,3,2,2,0,2,2,2,0,3,80,1,1,0,0,1,0,84.0,,voiture,,3,1,1,3,6
202300021183,2023-12-21 18:45:00,2023,12,21,18,45,69,69077,Route Départementale 109,46.145886,4.763024,Nuit sans éclairage public,Hors agglomération,Intersection en X,Pluie légère,Deux véhicules - frontale,3,2,2,0,1,1,2,0,1,80,2,3,0,0,2,1,18.0,73.0,voiture,voiture,3,1,2,2,1
202300021183,2023-12-21 18:45:00,2023,12,21,18,45,69,69077,Route Départementale 109,46.145886,4.763024,Nuit sans éclairage public,Hors agglomération,Intersection en X,Pluie légère,Deux véhicules - frontale,3,2, -1,0,1,1,2,0,1,80,2,3,0,0,2,1,18.0,73.0,voiture,voiture,3,1,2,2,1
202300021184,2023-12-22 11:35:00,2023,12,22,11,35,17,17237,chemin du canal du grand garçon,45.872598,-1.0665,Plein jour,Hors agglomération,Hors intersection,Pluie légère,Autre collision,4,2,1,0,1,1,2,0,1,70,1,2,1,0,1,0,68.0,,voiture,,1,1,1,2,6
202300021185,2023-12-08 08:45:00,2023,12,8,8,45,22,22136,Rue du Docteur Robin,48.182277,-2.760293,Crépuscule ou aube,En agglomération,Hors intersection,Pluie légère,Deux véhicules - frontale,4,2,2,1,3,3,2,0,5,30,2,2,1,0,1,0,63.0,15.0,voiture,deux_roues,2,2,1,2,1
202300021186,2023-12-20 08:00:00,2023,12,20,8,0,35,35124,D57,47.748493,-1.709597,Nuit sans éclairage public,Hors agglomération,Hors intersection,Normale,Autre collision,3,2,2,0,1,1,1,0,3,80,1,2,1,0,1,0,73.0,,voiture,,3,1,1,1,6
202300021187,2023-12-20 17:30:00,2023,12,20,17,30,27,27684,Rue des Pêcheurs,49.006873,1.218131,Nuit avec éclairage allumé,En agglomération,Hors intersection,Pluie légère,Deux véhicules - frontale,4,2,2,0,1,1,2,0,1,50,2,2,1,0,1,0,19.0,31.0,deux_roues,autre,5,2,1,2,1
202300021188,2023-12-22 11:40:00,2023,12,22,11,40,60,60139,Place de l?Eglise,49.166504,2.245581,Plein jour,En agglomération,Autre intersection,Pluie légère,Deux véhicules - frontale,4,1,1,0,1,3,2,0,1,30,2,2,1,0,0,1,39.0,10.0,voiture,deux_roues,1,2,9,2,1
202300021189,2023-12-21 17:40:00,2023,12,21,17,40,60,60222,Route Nationale à Hatton,49.478752,2.302226,Nuit sans éclairage public,Hors agglomération,Hors intersection,Normale,Deux véhicules - arrière,3,2,2,0,2,3,1,0,1,80,2,2,1,0,0,1,44.0,21.0,voiture,voiture,3,1,1,1,2
202300021190,2023-12-22 08:55:00,2023,12,22,8,55,60,60157,Rue de Saint-Just,49.384973,2.413019,Plein jour,En agglomération,Hors intersection,Pluie légère,Deux véhicules - côté,3,1,2,1,1,1,2,5,1,50,2,2,1,0,0,1,14.0,,deux_roues,autre,1,2,1,2,3
202300021191,2023-12-22 08:35:00,2023,12,22,8,35,02,02684,31 Rue Barbusse,49.919827,4.13779,Plein jour,En agglomération,Intersection en Y,Pluie légère,Autre collision,3,2,2,3,2,3,2,6,1,50,1,2,1,0,0,1,25.0,,voiture,,1,2,4,2,6
202300021191,2023-12-22 08:35:00,2023,12,22,8,35,02,02684,31 Rue Barbusse,49.919827,4.13779,Plein jour,En agglomération,Intersection en Y,Pluie légère,Autre collision,3,2, -1,-1,1,2,2,5,1,-1,1,2,1,0,0,1,25.0,,voiture,,1,2,4,2,6
202300021192,2023-12-21 16:14:00,2023,12,21,16,14,13,13117,A7-Sens Lyon vers Marseille,43.42468796,5.26516861,Plein jour,Hors agglomération,Hors intersection,Normale,Deux véhicules - arrière,1,1,3,0,1,1,1,0,1,90,2,2,1,0,0,1,28.0,28.0,voiture,deux_roues,1,1,1,1,2
202300021193,2023-12-21 14:30:00,2023,12,21,14,30,83,83137,A57,43.12309563,5.95843036,Plein jour,Hors agglomération,Hors intersection,Normale,Sans collision,1,1,0,0,1,1,1,0,1,70,1,1,0,0,0,1,69.0,,deux_roues,,1,1,1,1,7
202300021194,2023-12-21 18:53:00,2023,12,21,18,53,33,33550,AUTOROUTE A 62,44.775,-0.55654,Nuit sans éclairage public,Hors agglomération,Hors intersection,Pluie légère,Trois véhicules et plus - en chaîne,1,3,4,0,1,1,2,0,1,130,3,4,3,0,0,1,40.0,26.0,voiture,voiture,3,1,1,2,4
202300021195,2023-12-21 09:50:00,2023,12,21,9,50,33,33039,ROCADE A 630,44.79255009,-0.54016642,Plein jour,Hors agglomération,Hors intersection,Pluie légère,Deux véhicules - arrière,1,3,6,0,1,1,2,0,1,90,2,2,1,0,0,1,43.0,66.0,utilitaire_camion,voiture,1,1,1,2,2
202300021196,2023-12-21 21:06:00,2023,12,21,21,6,91,91534,RN 118,48.72736,2.16585,Nuit sans éclairage public,Hors agglomération,Hors intersection,Normale,Deux véhicules - côté,2,3,2,0,1,1,2,0,1,110,2,2,1,0,0,1,33.0,,deux_roues,voiture,3,1,1,1,3
202300021197,2023-12-21 15:32:00,2023,12,21,15,32,94,94034,A6B,48.75138018,2.32947546,Plein jour,Hors agglomération,Hors intersection,Pluie légère,Deux véhicules - côté,1,3,3,0,1,1,3,0,1,110,2,2,1,0,0,1,35.0,59.0,voiture,utilitaire_camion,1,1,1,2,3
202300021198,2023-12-21 01:09:00,2023,12,21,1,9,91,91661,AUTOROUTE A10,48.68624,2.21258,Nuit sans éclairage public,Hors agglomération,Hors intersection,Pluie légère,Autre collision,1,1,1,0,1,3,2,9,1,50,1,1,0,0,0,1,52.0,,deux_roues,,3,1,1,2,6
202300021199,2023-12-21 08:45:00,2023,12,21,8,45,92,92064,A13,48.8382291,2.19103797,Plein jour,Hors agglomération,Hors intersection,Temps couvert,Autre collision,1,1,3,0,1,1,2,0,1,110,1,1,0,0,0,1,23.0,,voiture,,1,1,1,8,6
202300021200,2023-12-21 08:30:00,2023,12,21,8,30,78,78126,A13,48.837495,2.125009,Plein jour,Hors agglomération,Hors intersection,Pluie légère,Sans collision,1,1,3,0,1,1,2,0,1,110,1,1,0,0,0,1,45.0,,deux_roues,,1,1,1,2,7
202300021201,2023-12-20 08:48:00,2023,12,20,8,48,92,92062,RN1014 W,48.89101935,2.23950963,Nuit avec éclairage allumé,Hors agglomération,Hors intersection,Normale,Trois véhicules et plus - en chaîne,2,1,2,0,1,1,1,1,1,70,3,3,2,0,0,1,,49.0,autre,deux_roues,5,1,1,1,4
202300021202,2023-12-21 19:30:00,2023,12,21,19,30,95,95252,A15,48.981172,2.223851,Nuit sans éclairage public,Hors agglomération,Hors intersection,Normale,Deux véhicules - arrière,1,3,8,0,2,1,2,0,1,90,2,2,1,0,0,1,34.0,28.0,deux_roues,voiture,3,1,1,1,2
202300021203,2023-12-21 08:50:00,2023,12,21,8,50,95,95018,A15,48.95528809,2.27796417,Plein jour,Hors agglomération,Hors intersection,Normale,Deux véhicules - côté,1,3,4,0,1,1,2,0,1,110,2,2,1,0,0,1,39.0,41.0,deux_roues,voiture,1,1,1,1,3
202300021204,2023-10-14 15:05:00,2023,10,14,15,5,29,29019,avenue Victor Le Gorgeu,48.399738,-4.496257,Plein jour,En agglomération,Hors intersection,Normale,Deux véhicules - arrière,4,3,2,0,1,1,1,0,1,50,2,3,2,0,0,1,18.0,30.0,deux_roues,voiture,1,2,1,1,2
202300021205,2023-10-15 00:15:00,2023,10,15,0,15,28,28404,RN 154,48.6964,1.37686,Nuit sans éclairage public,En agglomération,Hors intersection,Normale,Sans collision,2,2,2,0,1,1,1,0,3,80,1,2,0,0,0,2,20.0,,voiture,,3,2,1,1,7
202300021206,2023-10-13 15:55:00,2023,10,13,15,55,27,27681,ROUEN (AVENUE DE),49.09594,1.48244,Plein jour,En agglomération,Intersection en X,Normale,Deux véhicules - côté,3,2,2,0,1,1,1,0,1,50,2,3,1,0,0,2,28.0,69.0,deux_roues,voiture,1,2,2,1,3
202300021206,2023-10-13 15:55:00,2023,10,13,15,55,27,27681,ROUEN (AVENUE DE),49.09594,1.48244,Plein jour,En agglomération,Intersection en X,Normale,Deux véhicules - côté,3,-1,4,0,1,1,1,0,1,50,2,3,1,0,0,2,28.0,69.0,deux_roues,voiture,1,2,2,1,3
202300021207,2023-10-09 16:45:00,2023,10,9,16,45,25,25031,DASLE (RUE DE),47.47855,6.84892,Plein jour,En agglomération,Giratoire,Normale,Deux véhicules - côté,3,2,2,0,1,1,1,5,1,50,2,2,1,0,1,0,42.0,60.0,utilitaire_camion,deux_roues,1,2,6,1,3
202300021207,2023-10-09 16:45:00,2023,10,9,16,45,25,25031,DASLE (RUE DE),47.47855,6.84892,Plein jour,En agglomération,Giratoire,Normale,Deux véhicules - côté,3,2,2,0,1,1,1,5,1,50,2,2,1,0,1,0,42.0,60.0,utilitaire_camion,deux_roues,1,2,6,1,3
202300021208,2023-10-13 18:50:00,2023,10,13,18,50,23,23096,EUROPE (Rond Point de l'°,46.17993,1.87713,Plein jour,En agglomération,Hors intersection,Normale,Sans collision,4,-1,2,0,2,1,1,0,1,50,2,2,1,0,0,1,22.0,68.0,deux_roues,voiture,1,2,1,1,7
202300021209,2023-10-14 14:25:00,2023,10,14,14,25,22,22215,PONT NOIR (RUE DU),48.48964,-2.8402,Plein jour,Hors agglomération,Hors intersection,Normale,Deux véhicules - arrière,3,2,2,0,1,1,1,0,1,80,2,3,0,0,0,3,20.0,71.0,voiture,voiture,1,1,1,1,2
202300021210,2023-10-14 10:00:00,2023,10,14,10,0,22,22278,PARIS (DE),48.50361,-2.7406,Plein jour,En agglomération,Hors intersection,Normale,Deux véhicules - frontale,4,2,2,0,1,1,1,0,1,50,2,2,1,0,0,1,37.0,22.0,voiture,deux_roues,1,2,1,1,1
202300021211,2023-10-14 02:25:00,2023,10,14,2,25,13,13203,PLOMBIERES (BOULEVARD DES),43.32037421,5.37688599,Nuit avec éclairage allumé,En agglomération,Hors intersection,Normale,Deux véhicules - côté,4,3,2,0,1,1,1,0,1,50,2,2,1,0,0,1,37.0,18.0,voiture,deux_roues,5,2,1,1,3
202300021212,2023-10-14 17:35:00,2023,10,14,17,35,11,11069,Rue Albignac,43.22056,2.35422,Plein jour,En agglomération,Hors intersection,Normale,Autre collision,4,2,1,0,1,1,1,0,1,30,1,2,1,0,0,1,63.0,,voiture,,1,2,1,1,6
202300021213,2023-10-14 04:05:00,2023,10,14,4,5,07,07281,PUY-EN-VELAY (AVENUE DU),44.93591,4.8199,Nuit sans éclairage public,Hors agglomération,Hors intersection,Normale,Deux véhicules - côté,3,2,2,0,2,3,1,0,1,90,2,3,2,0,0,1,59.0,35.0,utilitaire_camion,voiture,3,1,1,1,3
202300021214,2023-10-14 10:25:00,2023,10,14,10,25,05,05061,JEAN JAURES ( AVENUE ),44.54870342,6.06706828,Plein jour,En agglomération,Intersection en T,Normale,Deux véhicules - arrière,2,2,2,0,1,1,1,0,8,50,2,3,2,0,0,1,61.0,54.0,voiture,voiture,1,2,3,1,2
202300021214,2023-10-14 10:25:00,2023,10,14,10,25,05,05061,JEAN JAURES ( AVENUE ),44.54870342,6.06706828,Plein jour,En agglomération,Intersection en T,Normale,Deux véhicules - arrière,2,2,2,0,1,1,1,0,1,50,2,3,2,0,0,1,61.0,54.0,voiture,voiture,1,2,3,1,2
202300021215,2023-10-14 13:25:00,2023,10,14,13,25,03,03321,RD 779,46.58004,3.38651,Plein jour,Hors agglomération,Hors intersection,Pluie légère,Autre collision,3,2,2,0,1,2,2,0,3,90,1,2,1,0,0,1,33.0,,voiture,,1,1,1,2,6
202300021216,2023-10-14 12:20:00,2023,10,14,12,20,75,75120,BD PERIPHERIQUE INTERIEUR,48.866942,2.41322,Plein jour,En agglomération,Hors intersection,Normale,Deux véhicules - arrière,4,1,5,0,1,1,1,0,1,70,2,2,1,0,0,1,27.0,28.0,voiture,deux_roues,1,2,1,1,2
202300021217,2023-10-13 20:40:00,2023,10,13,20,40,75,75119,BD PERIPHERIQUE EXTERIEUR PORTE DE LA VILLETTE,48.900623,2.387504,Nuit avec éclairage allumé,En agglomération,Hors intersection,Normale,Trois véhicules et plus - en chaîne,4,1,4,0,1,1,1,0,1,70,5,5,3,0,0,2,47.0,84.0,voiture,voiture,5,2,1,1,4
202300021218,2023-10-13 19:10:00,2023,10,13,19,10,75,75119,BD PERIPHERIQUE INTERIEUR PORTE DES LILAS,48.881438,2.402473,Crépuscule ou aube,En agglomération,Hors intersection,Normale,Trois véhicules et plus - en chaîne,4,1,4,0,1,1,1,0,1,70,3,3,2,0,0,1,34.0,39.0,deux_roues,deux_roues,2,2,1,1,4
202300021219,2023-10-13 11:30:00,2023,10,13,11,30,75,75116,BD PERIPHERIQUE INTERIEUR PORTE DE SAINT CLOUD,48.839637,2.254165,Plein jour,En agglomération,Autre intersection,Normale,Trois véhicules et plus - en chaîne,4,1,1,0,1,1,1,0,1,50,3,3,1,0,0,2,42.0,30.0,utilitaire_camion,voiture,1,2,9,1,4
202300021220,2023-10-13 15:55:00,2023,10,13,15,55,75,75106,QUAI DES GRANDS AUGUSTINS,48.854607,2.342516,Plein jour,En agglomération,Intersection en T,Normale,Deux véhicules - frontale,4,1, -1,-1,1,1,1,0,1,30,2,2,1,0,0,1,60.0,48.0,voiture,deux_roues,1,2,3,1,1
202300021220,2023-10-13 15:55:00,2023,10,13,15,55,75,75106,QUAI DES GRANDS AUGUSTINS,48.854607,2.342516,Plein jour,En agglomération,Intersection en T,Normale,Deux véhicules - frontale,4,2,5,1,1,1,1,0,1,30,2,2,1,0,0,1,60.0,48.0,voiture,deux_roues,1,2,3,1,1
202300021221,2023-10-14 16:00:00,2023,10,14,16,0,75,75120,RUE DES COURONNES,48.871799,2.389332,Plein jour,En agglomération,Intersection en T,Normale,Deux véhicules - côté,4,1,1,0,1,1,1,0,1,30,2,3,2,0,0,1,30.0,48.0,voiture,voiture,1,2,3,1,3
202300021221,2023-10-14 16:00:00,2023,10,14,16,0,75,75120,RUE DES COURONNES,48.871799,2.389332,Plein jour,En agglomération,Intersection en T,Normale,Deux véhicules - côté,4,1,1,0,1,1,1,0,1,30,2,3,2,0,0,1,30.0,48.0,voiture,voiture,1,2,3,1,3
202300021222,2023-10-14 02:23:00,2023,10,14,2,23,75,75120,RUE ETIENNE DOLET,48.86790651,2.38475534,Nuit avec éclairage allumé,En agglomération,Hors intersection,Pluie légère,Deux véhicules - côté,4,1,1,0,1,1,2,0,1,30,2,3,2,0,0,1,54.0,38.0,voiture,deux_roues,5,2,1,2,3
202300021223,2023-10-14 14:00:00,2023,10,14,14,0,75,75119,RUE DE L OURCQ,48.887135,2.384671,Plein jour,En agglomération,Hors intersection,Normale,Deux véhicules - arrière,4,2,1,0,1,1,1,0,1,30,2,4,1,0,0,3,35.0,47.0,voiture,voiture,1,2,1,1,2
202300021224,2023-10-13 22:15:00,2023,10,13,22,15,75,75118,RUE DU MONT CENIS,48.897799,2.347237,Nuit avec éclairage allumé,En agglomération,Intersection en T,Normale,Autre collision,4,1,1,0,1,1,1,0,1,50,1,4,1,0,0,3,,,voiture,,5,2,3,1,6
202300021224,2023-10-13 22:15:00,2023,10,13,22,15,75,75118,RUE DU MONT CENIS,48.897799,2.347237,Nuit avec éclairage allumé,En agglomération,Intersection en T,Normale,Autre collision,4,-1,1,0,1,1,1,0,1,50,1,4,1,0,0,3,,,voiture,,5,2,3,1,6
202300021225,2023-10-14 22:15:00,2023,10,14,22,15,75,75116,PLACE CLEMENT ADER,48.85128,2.278359,Nuit avec éclairage allumé,En agglomération,Intersection en T,Normale,Deux véhicules - côté,4,2,2,0,1,1,1,0,1,30,2,2,1,0,0,1,32.0,35.0,deux_roues,voiture,5,2,3,1,3
202300021225,2023-10-14 22:15:00,2023,10,14,22,15,75,75116,PLACE CLEMENT ADER,48.85128,2.278359,Nuit avec éclairage allumé,En agglomération,Intersection en T,Normale,Deux véhicules - côté,4,2,2,0,1,1,1,0,1,30,2,2,1,0,0,1,32.0,35.0,deux_roues,voiture,5,2,3,1,3
202300021226,2023-10-14 02:34:00,2023,10,14,2,34,75,75116,AVENUE FOCH,48.872685,2.284589,Nuit avec éclairage allumé,En agglomération,Intersection en X,Pluie légère,Deux véhicules - frontale,4,2,4,0,1,1,2,9,1,50,2,2,1,0,0,1,48.0,23.0,deux_roues,voiture,5,2,2,2,1