accident_id,datetime,annee,mois,jour,heure,minute,departement,commune_insee,adresse,latitude,longitude,luminosite,agglomeration,intersection,meteo,collision,catr,circ,nbv,vosp,prof,plan,surf,infra,situ,vma,nb_vehicules,nb_usagers,nb_indemnes,nb_tues,nb_blesses_hosp,nb_blesses_legers,age_cond_1,age_cond_2,veh_type_cond_1,veh_type_cond_2,lum_code,agg_code,int_code,atm_code,col_code
202300021226,2023-10-14 02:34:00,2023,10,14,2,34,75,75116,AVENUE FOCH,48.872685,2.284589,Nuit avec éclairage allumé,En agglomération,Intersection en X,Pluie légère,Deux véhicules - frontale,4,2,2,0,1,1,2,0,1,50,2,2,1,0,0,1,48.0,23.0,deux_roues,voiture,5,2,2,2,1
202300021227,2023-10-14 18:47:00,2023,10,14,18,47,75,75114,RUE RAYMOND LOSSERAND,48.830947,2.312247,Nuit sans éclairage public,En agglomération,Intersection en T,Pluie légère,Autre collision,4,1, -1,-1,1,1,2,0,1,30,1,2,1,0,0,1,31.0,,deux_roues,,3,2,3,2,6
202300021227,2023-10-14 18:47:00,2023,10,14,18,47,75,75114,RUE RAYMOND LOSSERAND,48.830947,2.312247,Nuit sans éclairage public,En agglomération,Intersection en T,Pluie légère,Autre collision,4,1,1,0,1,1,2,0,1,30,1,2,1,0,0,1,31.0,,deux_roues,,3,2,3,2,6
202300021228,2023-10-14 20:35:00,2023,10,14,20,35,75,75112,PLACE LACHAMBEAUDIE,48.83571,2.386078,Nuit sans éclairage public,En agglomération,Intersection en T,Normale,Deux véhicules - côté,4,1, -1,-1,1,1,1,0,1,30,2,2,1,0,0,1,28.0,66.0,deux_roues,voiture,3,2,3,1,3
202300021228,2023-10-14 20:35:00,2023,10,14,20,35,75,75112,PLACE LACHAMBEAUDIE,48.83571,2.386078,Nuit sans éclairage public,En agglomération,Intersection en T,Normale,Deux véhicules - côté,4,2,4,0,1,1,1,0,1,30,2,2,1,0,0,1,28.0,66.0,deux_roues,voiture,3,2,3,1,3
202300021229,2023-10-09 22:00:00,2023,10,9,22,0,75,75112,AVENUE DE NOGENT,48.84211,2.449116,Nuit avec éclairage allumé,En agglomération,Intersection en X,Normale,Trois véhicules et plus - en chaîne,4,2,3,0,1,3,1,0,1,50,3,3,2,0,0,1,55.0,25.0,voiture,voiture,5,2,2,1,4
202300021229,2023-10-09 22:00:00,2023,10,9,22,0,75,75112,AVENUE DE NOGENT,48.84211,2.449116,Nuit avec éclairage allumé,En agglomération,Intersection en X,Normale,Trois véhicules et plus - en chaîne,4,-1, -1,0,1,1,1,0,1,50,3,3,2,0,0,1,55.0,25.0,voiture,voiture,5,2,2,1,4
202300021230,2023-10-14 11:50:00,2023,10,14,11,50,75,75108,AVENUE WINSTON CHURCHILL,48.865499,2.313846,Plein jour,En agglomération,Hors intersection,Normale,Deux véhicules - côté,4,2,0,0,1,1,1,0,4,30,2,2,1,0,0,1,33.0,30.0,deux_roues,deux_roues,1,2,1,1,3
202300021231,2023-10-14 00:45:00,2023,10,14,0,45,75,75108,AVENUE DE MARIGNY,48.86775719,2.31395817,Nuit avec éclairage allumé,En agglomération,Intersection en T,Normale,Autre collision,4,3,2,0,1,1,1,0,1,30,1,2,1,0,0,1,23.0,,deux_roues,,5,2,3,1,6
202300021231,2023-10-14 00:45:00,2023,10,14,0,45,75,75108,AVENUE DE MARIGNY,48.86775719,2.31395817,Nuit avec éclairage allumé,En agglomération,Intersection en T,Normale,Autre collision,4,2, -1,-1,1,1,1,0,1,30,1,2,1,0,0,1,23.0,,deux_roues,,5,2,3,1,6
202300021232,2023-10-14 21:40:00,2023,10,14,21,40,94,94033,Avenue Victor Hugo,48.859126,2.47648,Nuit avec éclairage allumé,En agglomération,Hors intersection,Temps couvert,Autre collision,3,2,0,0,2,1,1,0,1,50,1,2,0,0,0,2,28.0,,voiture,,5,2,1,8,6
202300021233,2023-10-14 15:32:00,2023,10,14,15,32,94,94054,19 Avenue Marcel Cachin,48.74859,2.41214,Plein jour,En agglomération,Intersection en T,Pluie légère,Deux véhicules - côté,3,3,3,0,1,1,2,0,1,50,2,2,1,0,1,0,17.0,42.0,deux_roues,voiture,1,2,3,2,3
202300021233,2023-10-14 15:32:00,2023,10,14,15,32,94,94054,19 Avenue Marcel Cachin,48.74859,2.41214,Plein jour,En agglomération,Intersection en T,Pluie légère,Deux véhicules - côté,3,2,2,0,1,1,2,0,1,50,2,2,1,0,1,0,17.0,42.0,deux_roues,voiture,1,2,3,2,3
202300021234,2023-10-14 15:05:00,2023,10,14,15,5,94,94017,Avenue Marx Dormoy,48.81094553,2.51976264,Plein jour,En agglomération,Hors intersection,Normale,Sans collision,3,2,2,0,4,1,1,0,1,50,1,1,0,0,0,1,19.0,,deux_roues,,1,2,1,1,7
202300021235,2023-10-14 09:15:00,2023,10,14,9,15,93,93039,Quai de la Marine,48.939527,2.339467,Plein jour,En agglomération,Hors intersection,Normale,Autre collision,4,2,2,0,1,3,1,0,4,50,1,1,0,0,0,1,22.0,,voiture,,1,2,1,1,6
202300021236,2023-10-14 14:40:00,2023,10,14,14,40,93,93048,Rue de la République,48.85301702,2.42167679,Plein jour,En agglomération,Hors intersection,Normale,Autre collision,4,2,2,0,1,1,1,0,1,30,1,2,1,0,0,1,44.0,,voiture,,1,2,1,1,6
202300021237,2023-10-13 23:15:00,2023,10,13,23,15,93,93029,Avenue Henri Barbusse / Rue Charles Gide,48.9166,2.44445,Nuit avec éclairage allumé,En agglomération,Intersection en X,Normale,Autre collision,3,2,2,0,1,1,1,0,1,50,2,2,1,0,0,1,28.0,28.0,deux_roues,voiture,5,2,2,1,6
202300021237,2023-10-13 23:15:00,2023,10,13,23,15,93,93029,Avenue Henri Barbusse / Rue Charles Gide,48.9166,2.44445,Nuit avec éclairage allumé,En agglomération,Intersection en X,Normale,Autre collision,3,2, -1,0,1,1,-1,0,1,-1,2,2,1,0,0,1,28.0,28.0,deux_roues,voiture,5,2,2,1,6
202300021238,2023-10-14 20:30:00,2023,10,14,20,30,93,93005,Rue Auguste Renoir / Rue Rembrandt,48.95344,2.49132,Nuit avec éclairage allumé,En agglomération,Intersection en T,Normale,Deux véhicules - côté,4,2,2,0,1,1,1,0,1,50,2,2,1,0,0,1,23.0,33.0,voiture,voiture,5,2,3,1,3
202300021238,2023-10-14 20:30:00,2023,10,14,20,30,93,93005,Rue Auguste Renoir / Rue Rembrandt,48.95344,2.49132,Nuit avec éclairage allumé,En agglomération,Intersection en T,Normale,Deux véhicules - côté,4,1,1,0,1,1,1,0,8,50,2,2,1,0,0,1,23.0,33.0,voiture,voiture,5,2,3,1,3
202300021239,2023-10-14 20:10:00,2023,10,14,20,10,92,92063,DOUMER (AVENUE PAUL) NORD,48.87942086,2.17943609,Nuit avec éclairage allumé,En agglomération,Intersection en T,Pluie légère,Deux véhicules - frontale,3,3,5,0,1,1,2,0,1,50,2,3,1,0,1,1,17.0,46.0,deux_roues,voiture,5,2,3,2,1
202300021239,2023-10-14 20:10:00,2023,10,14,20,10,92,92063,DOUMER (AVENUE PAUL) NORD,48.87942086,2.17943609,Nuit avec éclairage allumé,En agglomération,Intersection en T,Pluie légère,Deux véhicules - frontale,3,1, -1,-1,1,1,2,5,1,-1,2,3,1,0,1,1,17.0,46.0,deux_roues,voiture,5,2,3,2,1
202300021240,2023-10-14 14:00:00,2023,10,14,14,0,92,92071,GENERAL LECLERC (AVENUE DU),48.77223964,2.31237173,Plein jour,En agglomération,Hors intersection,Pluie légère,Deux véhicules - arrière,3,1,2,0,1,1,2,0,1,50,2,3,2,0,0,1,35.0,61.0,voiture,voiture,1,2,1,2,2
202300021241,2023-10-14 07:30:00,2023,10,14,7,30,95,95445,A16,49.097472,2.293643,Plein jour,Hors agglomération,Hors intersection,Normale,Deux véhicules - arrière,1,1,2,0,3,1,1,0,1,110,2,7,1,0,0,6,68.0,,voiture,autre,1,1,1,1,2
202300021242,2023-10-14 09:35:00,2023,10,14,9,35,80,80136,d329,49.965328,2.717571,Plein jour,Hors agglomération,Hors intersection,Temps éblouissant,Trois véhicules et plus - collisions multiples,3,2,2,0,4,1,1,0,1,80,3,3,2,0,0,1,86.0,48.0,voiture,deux_roues,1,1,1,7,5
202300021243,2023-10-15 00:15:00,2023,10,15,0,15,87,87178,Rd29,45.879612,1.373291,Nuit sans éclairage public,Hors agglomération,Hors intersection,Normale,Autre collision,3,2,2,0,1,1,1,0,3,80,1,1,0,0,1,0,28.0,,voiture,,3,1,1,1,6
202300021244,2023-10-13 09:08:00,2023,10,13,9,8,46,46197,d820,44.35585524,1.4576674,Plein jour,Hors agglomération,Hors intersection,Temps éblouissant,Deux véhicules - arrière,3,2,0,0,1,1,1,0,1,110,2,3,1,0,2,0,36.0,76.0,utilitaire_camion,voiture,1,1,1,7,2
202300021245,2023-10-14 17:20:00,2023,10,14,17,20,58,58102,Les Cabets,47.343388,3.103681,Plein jour,Hors agglomération,Hors intersection,Normale,Deux véhicules - frontale,3,2,2,0,1,1,1,0,1,80,2,2,0,0,2,0,77.0,54.0,voiture,voiture,1,1,1,1,1
202300021246,2023-10-12 10:00:00,2023,10,12,10,0,89,89122,D79,48.287923,3.545821,Plein jour,En agglomération,Intersection en Y,Normale,Autre collision,3,2,2,0,2,3,1,0,1,50,2,2,1,0,0,1,40.0,76.0,voiture,voiture,1,2,4,1,6
202300021246,2023-10-12 10:00:00,2023,10,12,10,0,89,89122,D79,48.287923,3.545821,Plein jour,En agglomération,Intersection en Y,Normale,Autre collision,3,2, -1,-1,-1,-1,-1,-1,-1,-1,2,2,1,0,0,1,40.0,76.0,voiture,voiture,1,2,4,1,6
202300021247,2023-10-14 13:45:00,2023,10,14,13,45,59,59229,Rue de Glageon,50.041083,4.027637,Plein jour,Hors agglomération,Giratoire,Temps éblouissant,Deux véhicules - arrière,3,-1,2,0,1,1,1,5,1,30,2,2,1,0,1,0,75.0,59.0,deux_roues,voiture,1,1,6,7,2
202300021248,2023-10-14 19:00:00,2023,10,14,19,0,19,19176,D142,45.40192,2.017985,Plein jour,Hors agglomération,Hors intersection,Normale,Autre collision,3,2,2,0,1,1,1,0,8,90,1,1,0,1,0,0,67.0,,voiture,,1,1,1,1,6
202300021249,2023-10-15 00:00:00,2023,10,15,0,0,71,71484,1582 Route de Saint-germain-du-bois,46.694969,5.263717,Nuit sans éclairage public,Hors agglomération,Hors intersection,Normale,Autre collision,3,2,2,0,1,3,1,0,3,80,1,3,2,0,0,1,18.0,,voiture,,3,1,1,1,6
202300021250,2023-10-14 20:20:00,2023,10,14,20,20,71,71015,RD978,46.951862,4.372553,Nuit sans éclairage public,Hors agglomération,Hors intersection,Normale,Autre collision,3,2,2,0,2,3,1,0,1,80,1,1,0,0,1,0,58.0,,voiture,,3,1,1,1,6
202300021251,2023-10-13 23:35:00,2023,10,13,23,35,89,89086,15 Rue Gaston Chausson,47.920653,3.171739,Nuit sans éclairage public,En agglomération,Hors intersection,Normale,Autre collision,3,2,2,0,1,3,1,0,8,50,1,1,0,1,0,0,33.0,,deux_roues,,3,2,1,1,6
202300021252,2023-10-15 10:35:00,2023,10,15,10,35,63,63188,D229 PK 20,45.67789826,3.2785495,Plein jour,Hors agglomération,Hors intersection,Normale,Sans collision,3,2,2,0,2,4,1,0,3,90,1,2,1,0,1,0,20.0,,voiture,,1,1,1,1,7
202300021253,2023-10-15 01:10:00,2023,10,15,1,10,61,61507,D312,48.54312,0.565908,Nuit sans éclairage public,Hors agglomération,Intersection en Y,Normale,Deux véhicules - arrière,3,2,4,0,1,1,1,0,1,80,2,2,0,0,1,1,32.0,36.0,voiture,voiture,3,1,4,1,2
202300021253,2023-10-15 01:10:00,2023,10,15,1,10,61,61507,D312,48.54312,0.565908,Nuit sans éclairage public,Hors agglomération,Intersection en Y,Normale,Deux véhicules - arrière,3,2,3,0,2,3,1,0,1,90,2,2,0,0,1,1,32.0,36.0,voiture,voiture,3,1,4,1,2
202300021254,2023-10-15 16:30:00,2023,10,15,16,30,55,55013,Hameau de Lopigneux,49.425853,5.638218,Plein jour,Hors agglomération,Hors intersection,Normale,Trois véhicules et plus - collisions multiples,5,2,2,0,2,1,1,0,3,80,1,1,0,0,0,1,20.0,,voiture,,1,1,1,1,5
202300021255,2023-10-15 09:30:00,2023,10,15,9,30,55,55222,D908,49.178358,5.651355,Plein jour,Hors agglomération,Hors intersection,Normale,Deux véhicules - frontale,3,2,2,0,1,3,1,0,3,90,1,2,0,0,1,1,19.0,,voiture,,1,1,1,1,1
202300021256,2023-10-15 00:00:00,2023,10,15,0,0,55,55232,D903,49.096267,5.73791,Nuit sans éclairage public,Hors agglomération,Hors intersection,Normale,Autre collision,3,2,2,0,1,1,1,0,8,90,1,1,0,0,1,0,19.0,,voiture,,3,1,1,1,6
202300021257,2023-10-14 06:15:00,2023,10,14,6,15,49,49125,Rue de maury,47.202485,-0.399542,Nuit sans éclairage public,Hors agglomération,Hors intersection,Normale,Sans collision,3,2,2,0,1,1,1,0,3,80,1,1,0,0,1,0,25.0,,voiture,,3,1,1,1,7
202300021258,2023-10-13 00:00:00,2023,10,13,0,0,47,47248,Route de Toulouse,44.15905097,0.72293096,Nuit sans éclairage public,Hors agglomération,Hors intersection,Normale,Deux véhicules - arrière,3,2,2,0,2,1,1,0,1,-1,2,2,1,1,0,0,54.0,19.0,deux_roues,voiture,3,1,1,1,2
202300021259,2023-10-08 14:50:00,2023,10,8,14,50,22,22294,D767,48.365951,-3.08086,Plein jour,Hors agglomération,Hors intersection,Normale,Autre collision,3,2,2,0,2,3,1,0,3,80,1,1,0,0,1,0,53.0,,deux_roues,,1,1,1,1,6
202300021260,2023-10-14 10:45:00,2023,10,14,10,45,29,29160,Rue de Penhoat,48.456399,-4.455326,Plein jour,En agglomération,Intersection en T,Normale,Deux véhicules - côté,4,2,2,0,1,1,1,0,1,30,2,2,1,0,0,1,38.0,66.0,voiture,deux_roues,1,2,3,1,3
202300021261,2023-10-14 18:00:00,2023,10,14,18,0,02,02810,,49.26613238,3.12880457,Plein jour,Hors agglomération,Intersection en Y,Normale,Deux véhicules - côté,2,2,2,0,1,2,1,5,1,-1,2,3,0,1,1,1,59.0,48.0,voiture,utilitaire_camion,1,1,4,1,3
202300021261,2023-10-14 18:00:00,2023,10,14,18,0,02,02810,,49.26613238,3.12880457,Plein jour,Hors agglomération,Intersection en Y,Normale,Deux véhicules - côté,2,2, -1,-1,1,1,1,5,1,-1,2,3,0,1,1,1,59.0,48.0,voiture,utilitaire_camion,1,1,4,1,3
202300021262,2023-10-14 20:00:00,2023,10,14,20,0,02,02140,57 Route de Noyon,49.523519,3.142793,Nuit sans éclairage public,En agglomération,Hors intersection,Normale,Autre collision,3,2,2,0,1,1,1,0,1,30,2,2,1,0,0,1,76.0,,voiture,,3,2,1,1,6
202300021263,2023-10-14 16:30:00,2023,10,14,16,30,03,03319,Place du Bourg,46.328528,3.061602,Plein jour,En agglomération,Hors intersection,Normale,Sans collision,3,2,2,0,1,1,1,0,3,50,1,1,0,0,1,0,34.0,,deux_roues,,1,2,1,1,7
202300021264,2023-10-15 07:30:00,2023,10,15,7,30,26,26113,Route de Valence,44.767524,5.319518,Crépuscule ou aube,Hors agglomération,Hors intersection,Normale,Autre collision,3,2,2,0,1,1,1,0,3,80,1,2,1,0,0,1,20.0,,voiture,,2,1,1,1,6
202300021265,2023-10-11 09:25:00,2023,10,11,9,25,72,72208,D36,48.106557,0.790436,Plein jour,Hors agglomération,Hors intersection,Normale,Deux véhicules - côté,3,2,2,0,3,3,1,0,1,90,2,2,1,0,1,0,77.0,26.0,deux_roues,utilitaire_camion,1,1,1,1,3
202300021266,2023-10-15 10:00:00,2023,10,15,10,0,14,14542,1 Chemin de la Messe,49.22526,-0.459822,Plein jour,En agglomération,Intersection en T,Normale,Autre collision,3,2,2,0,1,1,1,0,1,50,1,2,1,0,0,1,80.0,,utilitaire_camion,,1,2,3,1,6
202300021266,2023-10-15 10:00:00,2023,10,15,10,0,14,14542,1 Chemin de la Messe,49.22526,-0.459822,Plein jour,En agglomération,Intersection en T,Normale,Autre collision,3,-1,2,0,1,1,1,0,1,20,1,2,1,0,0,1,80.0,,utilitaire_camion,,1,2,3,1,6
202300021267,2023-10-14 20:30:00,2023,10,14,20,30,64,64448,Rue Principale,43.353456,-0.469537,Nuit avec éclairage allumé,En agglomération,Intersection en T,Normale,Deux véhicules - côté,3,2,2,0,1,1,1,5,1,30,2,2,1,0,1,0,20.0,18.0,voiture,deux_roues,5,2,3,1,3
202300021267,2023-10-14 20:30:00,2023,10,14,20,30,64,64448,Rue Principale,43.353456,-0.469537,Nuit avec éclairage allumé,En agglomération,Intersection en T,Normale,Deux véhicules - côté,3,2, -1,-1,1,1,1,0,1,-1,2,2,1,0,1,0,20.0,18.0,voiture,deux_roues,5,2,3,1,3
202300021268,2023-10-15 15:55:00,2023,10,15,15,55,43,43218,RD 28,45.064428,4.063654,Plein jour,Hors agglomération,Hors intersection,Normale,Autre collision,3,2,2,0,1,2,1,0,3,80,1,1,0,0,1,0,60.0,,voiture,,1,1,1,1,6
202300021269,2023-10-14 01:40:00,2023,10,14,1,40,10,10355,D951,48.5074574,3.47689645,Nuit sans éclairage public,Hors agglomération,Hors intersection,Vent fort / tempête,Sans collision,3,2,2,0,1,2,1,2,3,80,1,1,0,0,1,0,27.0,,voiture,,3,1,1,6,7
202300021270,2023-10-15 16:15:00,2023,10,15,16,15,24,24301,D60,45.052908,1.380973,Plein jour,Hors agglomération,Intersection en X,Normale,Autre collision,3,2,2,0,2,3,1,0,1,90,2,4,2,0,2,0,46.0,75.0,deux_roues,voiture,1,1,2,1,6
202300021270,2023-10-15 16:15:00,2023,10,15,16,15,24,24301,D60,45.052908,1.380973,Plein jour,Hors agglomération,Intersection en X,Normale,Autre collision,3,2, -1,-1,2,3,1,0,1,-1,2,4,2,0,2,0,46.0,75.0,deux_roues,voiture,1,1,2,1,6
202300021271,2023-10-15 11:00:00,2023,10,15,11,0,37,37205,2 Rue Frapesle,47.2478824,0.54732084,Plein jour,En agglomération,Hors intersection,Normale,Deux véhicules - frontale,3,2,2,0,2,3,1,0,1,50,2,2,1,0,1,0,26.0,56.0,voiture,voiture,1,2,1,1,1
202300021272,2023-10-15 14:30:00,2023,10,15,14,30,24,24084,D53,44.79627,1.042825,Plein jour,Hors agglomération,Hors intersection,Normale,Deux véhicules - arrière,3,2,2,0,1,1,1,0,1,80,2,2,1,1,0,0,75.0,81.0,deux_roues,utilitaire_camion,1,1,1,1,2
202300021273,2023-10-11 18:20:00,2023,10,11,18,20,67,67309,Rue de l'industrie,48.634327,7.715911,Plein jour,En agglomération,Intersection en X,Temps éblouissant,Deux véhicules - frontale,7,2,2,0,1,1,1,0,1,40,2,3,2,0,0,1,60.0,58.0,voiture,deux_roues,1,2,2,7,1
202300021274,2023-10-14 12:09:00,2023,10,14,12,9,35,35210,Rue de la Planche Fagline,48.147892,-1.755592,Plein jour,Hors agglomération,Giratoire,Normale,Deux véhicules - côté,3,1,3,0,1,2,1,0,1,80,2,2,1,0,0,1,62.0,35.0,voiture,deux_roues,1,1,6,1,3
202300021275,2023-10-14 13:50:00,2023,10,14,13,50,69,69244,Avenue Général Eisenhower,45.756651,4.782116,Plein jour,En agglomération,Intersection en X,Normale,Deux véhicules - côté,7,2,3,0,1,1,1,0,1,50,2,2,1,0,1,0,32.0,40.0,deux_roues,voiture,1,2,2,1,3
202300021275,2023-10-14 13:50:00,2023,10,14,13,50,69,69244,Avenue Général Eisenhower,45.756651,4.782116,Plein jour,En agglomération,Intersection en X,Normale,Deux véhicules - côté,7,2,3,3,2,1,1,0,1,50,2,2,1,0,1,0,32.0,40.0,deux_roues,voiture,1,2,2,1,3
202300021276,2023-10-14 20:45:00,2023,10,14,20,45,06,06088,A8 pk 186.200 chaussée nord,43.673222,7.199489,Nuit avec éclairage allumé,Hors agglomération,Hors intersection,Normale,Trois véhicules et plus - collisions multiples,1,3,6,0,1,1,1,0,1,110,3,5,2,0,0,3,21.0,,voiture,voiture,5,1,1,1,5
202300021277,2023-10-15 16:45:00,2023,10,15,16,45,34,34270,"A709, voie d' insertion A709, sortie 32",43.565381,3.838434,Plein jour,Hors agglomération,Autre intersection,Normale,Autre collision,1,1,2,0,1,1,1,0,1,90,1,1,0,0,1,0,31.0,,deux_roues,,1,1,9,1,6
202300021278,2023-10-14 05:32:00,2023,10,14,5,32,11,11322,"Autoroute A9, PK 209.000, sens ESPAGNE / FRANCE",43.036384,2.952511,Nuit sans éclairage public,Hors agglomération,Hors intersection,Normale,Trois véhicules et plus - collisions multiples,1,3,5,0,1,1,1,0,1,130,4,4,3,0,1,0,59.0,54.0,voiture,voiture,3,1,1,1,5
202300021279,2023-10-15 11:30:00,2023,10,15,11,30,988,98803,RT3,-21.449374,165.481353,Plein jour,Hors agglomération,Hors intersection,Normale,Autre collision,2,2,2,0,2,2,1,0,3,70,1,4,3,0,1,0,40.0,,utilitaire_camion,,1,1,1,1,6
202300021280,2023-10-14 10:45:00,2023,10,14,10,45,44,44020,Route de Pornic,47.168958,-1.650395,Plein jour,Hors agglomération,Hors intersection,Normale,Deux véhicules - arrière,3,3,4,0,1,1,1,0,1,110,2,3,1,1,0,1,55.0,36.0,voiture,voiture,1,1,1,1,2
202300021281,2023-10-15 14:45:00,2023,10,15,14,45,30,30130,Génolhac,44.336457,3.958855,Plein jour,En agglomération,Hors intersection,Normale,Sans collision,3,2,2,0,2,1,1,0,3,50,1,2,0,0,0,2,80.0,,voiture,,1,2,1,1,7
202300021282,2023-10-14 15:50:00,2023,10,14,15,50,83,83068,rd 558,43.28833864,6.49772584,Plein jour,Hors agglomération,Intersection en T,Normale,Deux véhicules - côté,3,2,2,0,2,1,1,0,1,80,2,3,0,0,1,2,77.0,67.0,voiture,transport_commun,1,1,3,1,3
202300021282,2023-10-14 15:50:00,2023,10,14,15,50,83,83068,rd 558,43.28833864,6.49772584,Plein jour,Hors agglomération,Intersection en T,Normale,Deux véhicules - côté,3,2, -1,-1,1,1,1,0,1,-1,2,3,0,0,1,2,77.0,67.0,voiture,transport_commun,1,1,3,1,3
202300021283,2023-10-14 18:00:00,2023,10,14,18,0,04,04152,Avenue de la Couosto,43.814913,5.745887,Plein jour,En agglomération,Hors intersection,Normale,Autre collision,3,2,2,0,2,1,1,0,1,50,1,2,1,0,1,0,21.0,,voiture,,1,2,1,1,6
202300021284,2023-10-15 07:00:00,2023,10,15,7,0,89,89085,13 Route de Lyon,47.941014,3.492641,Nuit avec éclairage non allumé,En agglomération,Hors intersection,Temps couvert,Autre collision,3,3,2,0,1,1,2,9,3,50,1,2,0,2,0,0,30.0,,voiture,,4,2,1,8,6
202300021285,2023-10-15 04:00:00,2023,10,15,4,0,42,42094,Route Bleue,45.748057,4.221931,Nuit sans éclairage public,En agglomération,Hors intersection,Normale,Autre collision,3,2,2,0,1,2,1,2,4,30,1,5,2,0,0,3,31.0,,voiture,,3,2,1,1,6
202300021286,2023-10-14 13:00:00,2023,10,14,13,0,69,69242,Route Sainte Geneviève,46.132081,4.758582,Plein jour,En agglomération,Intersection en X,Normale,Deux véhicules - côté,3,2,2,0,1,3,1,0,1,70,2,3,2,0,1,0,56.0,51.0,voiture,voiture,1,2,2,1,3
202300021286,2023-10-14 13:00:00,2023,10,14,13,0,69,69242,Route Sainte Geneviève,46.132081,4.758582,Plein jour,En agglomération,Intersection en X,Normale,Deux véhicules - côté,3,2,2,0,1,1,1,0,1,-1,2,3,2,0,1,0,56.0,51.0,voiture,voiture,1,2,2,1,3
202300021287,2023-10-15 09:00:00,2023,10,15,9,0,69,69020,Route Buissonnière,45.85902,4.669581,Plein jour,Hors agglomération,Giratoire,Normale,Deux véhicules - frontale,3,1,2,0,1,3,1,0,1,80,2,2,1,0,0,1,48.0,64.0,voiture,deux_roues,1,1,6,1,1
202300021287,2023-10-15 09:00:00,2023,10,15,9,0,69,69020,Route Buissonnière,45.85902,4.669581,Plein jour,Hors agglomération,Giratoire,Normale,Deux véhicules - frontale,3,2,2,0,4,3,1,0,1,70,2,2,1,0,0,1,48.0,64.0,voiture,deux_roues,1,1,6,1,1
202300021288,2023-10-11 12:42:00,2023,10,11,12,42,31,31324,Avenue des Pyrénées,43.196076,1.001692,Plein jour,En agglomération,Place,Normale,Deux véhicules - arrière,6,-1, -1,0,1,1,1,0,8,30,2,2,1,0,1,0,59.0,22.0,deux_roues,utilitaire_camion,1,2,7,1,2
202300021289,2023-10-15 03:45:00,2023,10,15,3,45,49,49023,La Forêt (Gesté),47.20169,-1.123009,Nuit sans éclairage public,Hors agglomération,Intersection en T,Normale,Deux véhicules - côté,3,2,2,0,1,1,1,0,1,80,2,2,1,1,0,0,16.0,23.0,deux_roues,voiture,3,1,3,1,3
202300021289,2023-10-15 03:45:00,2023,10,15,3,45,49,49023,La Forêt (Gesté),47.20169,-1.123009,Nuit sans éclairage public,Hors agglomération,Intersection en T,Normale,Deux véhicules - côté,3,2,2,0,1,1,1,0,1,80,2,2,1,1,0,0,16.0,23.0,deux_roues,voiture,3,1,3,1,3
202300021290,2023-10-13 07:40:00,2023,10,13,7,40,13,13117,A7-Sens Lyon vers Marseille,43.45417014,5.23712977,Plein jour,Hors agglomération,Hors intersection,Normale,Deux véhicules - arrière,1,3,5,0,1,1,1,0,1,110,2,2,0,0,0,2,33.0,46.0,voiture,voiture,1,1,1,1,2
202300021291,2023-10-13 08:00:00,2023,10,13,8,0,83,83137,A50,43.12632163,5.90983057,Plein jour,Hors agglomération,Hors intersection,Normale,Deux véhicules - côté,1,3,6,0,1,1,1,0,1,70,2,2,1,0,0,1,30.0,56.0,deux_roues,voiture,1,1,1,1,3
202300021292,2023-10-14 10:45:00,2023,10,14,10,45,91,91161,AUTOROUTE A6,48.69567,2.31808,Plein jour,Hors agglomération,Hors intersection,Normale,Trois véhicules et plus - en chaîne,1,3,3,0,1,1,1,0,1,110,3,4,2,0,0,2,25.0,54.0,voiture,voiture,1,1,1,1,4
202300021293,2023-10-14 12:10:00,2023,10,14,12,10,91,91216,AUTOROUTE A6,48.683846,2.328477,Plein jour,Hors agglomération,Hors intersection,Normale,Deux véhicules - côté,1,1,3,0,1,1,1,0,1,110,2,3,1,0,0,2,55.0,24.0,deux_roues,voiture,1,1,1,1,3
202300021294,2023-10-13 19:45:00,2023,10,13,19,45,91,91174,RN 104,48.61647,2.45566,Nuit sans éclairage public,Hors agglomération,Hors intersection,Normale,Deux véhicules - côté,2,3,2,0,1,1,1,2,1,110,2,2,1,0,0,1,42.0,,voiture,utilitaire_camion,3,1,1,1,3
202300021295,2023-10-14 08:40:00,2023,10,14,8,40,92,92047,A13,48.83598254,2.18217218,Plein jour,Hors agglomération,Hors intersection,Normale,Trois véhicules et plus - en chaîne,1,-1,3,0,3,1,1,0,1,110,3,4,3,0,0,1,68.0,23.0,voiture,voiture,1,1,1,1,4
202300021296,2023-10-14 02:40:00,2023,10,14,2,40,92,92048,N118,48.7911923,2.2202633,Nuit avec éclairage non allumé,Hors agglomération,Hors intersection,Vent fort / tempête,Sans collision,2,3,2,0,1,1,2,0,1,90,1,1,0,0,0,1,50.0,,deux_roues,,4,1,1,6,7
202300021297,2023-10-13 21:30:00,2023,10,13,21,30,78,78646,RN12,48.789171,2.129723,Nuit sans éclairage public,Hors agglomération,Hors intersection,Normale,Deux véhicules - arrière,2,-1,3,0,1,1,1,0,1,110,2,2,0,0,0,2,23.0,26.0,voiture,utilitaire_camion,3,1,1,1,2