accident_id,datetime,annee,mois,jour,heure,minute,departement,commune_insee,adresse,latitude,longitude,luminosite,agglomeration,intersection,meteo,collision,catr,circ,nbv,vosp,prof,plan,surf,infra,situ,vma,nb_vehicules,nb_usagers,nb_indemnes,nb_tues,nb_blesses_hosp,nb_blesses_legers,age_cond_1,age_cond_2,veh_type_cond_1,veh_type_cond_2,lum_code,agg_code,int_code,atm_code,col_code
202300021298,2023-10-14 17:00:00,2023,10,14,17,0,95,95582,A15,48.96359,2.26399,Plein jour,Hors agglomération,Hors intersection,Normale,Deux véhicules - côté,1,3,4,0,1,1,1,0,1,110,2,3,1,0,0,2,26.0,51.0,deux_roues,voiture,1,1,1,1,3
202300021299,2023-10-14 16:52:00,2023,10,14,16,52,93,93008,AUTOROUTE A86,48.90892746,2.44905923,Plein jour,Hors agglomération,Hors intersection,Normale,Trois véhicules et plus - en chaîne,1,3,3,0,1,1,1,1,1,90,3,6,2,0,0,4,52.0,57.0,utilitaire_camion,voiture,1,1,1,1,4
202300021300,2023-10-14 05:30:00,2023,10,14,5,30,93,93066,AUTOROUTE A1,48.90785,2.3584,Nuit avec éclairage allumé,Hors agglomération,Hors intersection,Normale,Autre collision,1,3,4,0,1,1,1,1,1,90,1,1,0,0,0,1,70.0,,voiture,,5,1,1,1,6
202300021301,2023-10-14 03:20:00,2023,10,14,3,20,95,95682,N104,49.06814,2.39187,Nuit sans éclairage public,Hors agglomération,Hors intersection,Pluie légère,Deux véhicules - arrière,2,3,2,0,1,1,2,0,1,90,2,6,1,0,0,5,58.0,22.0,voiture,voiture,3,1,1,2,2
202300021302,2023-10-13 23:30:00,2023,10,13,23,30,95,95212,A1,49.03336637,2.54209042,Nuit sans éclairage public,Hors agglomération,Autre intersection,Vent fort / tempête,Sans collision,1,-1,1,0,1,1,1,9,1,50,1,1,0,0,0,1,22.0,,deux_roues,,3,1,9,6,7
202300021303,2023-10-13 08:20:00,2023,10,13,8,20,95,95488,A15,49.018009,2.14144,Plein jour,Hors agglomération,Hors intersection,Normale,Deux véhicules - côté,1,3,8,0,1,1,1,0,2,110,2,2,1,0,0,1,20.0,32.0,deux_roues,voiture,1,1,1,1,3
202300021304,2023-10-14 18:00:00,2023,10,14,18,0,77,77083,A4.W,48.83345767,2.59320237,Plein jour,Hors agglomération,Hors intersection,Normale,Autre collision,1,3,6,0,1,1,1,0,1,110,3,4,2,0,0,2,24.0,66.0,voiture,voiture,1,1,1,1,6
202300021305,2023-10-14 16:00:00,2023,10,14,16,0,94,94079,A4,48.83284555,2.53382868,Plein jour,Hors agglomération,Hors intersection,Normale,Trois véhicules et plus - collisions multiples,1,1,4,0,1,1,1,0,1,110,5,6,5,0,0,1,35.0,41.0,utilitaire_camion,utilitaire_camion,1,1,1,1,5
202300021306,2023-10-14 05:55:00,2023,10,14,5,55,93,93051,A4,48.83507994,2.57743834,Nuit sans éclairage public,Hors agglomération,Hors intersection,Normale,Deux véhicules - arrière,1,3,8,0,1,1,2,0,1,110,2,2,1,0,0,1,43.0,44.0,voiture,utilitaire_camion,3,1,1,1,2
202300021307,2023-10-14 05:10:00,2023,10,14,5,10,94,94015,A4,48.82934939,2.52849537,Nuit sans éclairage public,Hors agglomération,Hors intersection,Pluie légère,Autre collision,1,1,3,0,1,2,2,0,2,110,1,1,0,0,0,1,54.0,,voiture,,3,1,1,2,6
202300021308,2023-10-13 08:55:00,2023,10,13,8,55,94,94004,N19,48.75008681,2.51503631,Plein jour,Hors agglomération,Hors intersection,Normale,Deux véhicules - côté,2,2,4,0,1,2,1,1,1,90,2,2,1,0,0,1,29.0,29.0,voiture,deux_roues,1,1,1,1,3
202300021309,2023-10-13 07:30:00,2023,10,13,7,30,94,94022,A86,48.7756511,2.41314483,Crépuscule ou aube,Hors agglomération,Hors intersection,Normale,Trois véhicules et plus - collisions multiples,1,3,3,0,1,1,1,0,1,90,3,3,2,0,0,1,46.0,44.0,voiture,voiture,2,1,1,1,5
202300021310,2023-10-12 16:10:00,2023,10,12,16,10,974,97416,RN2 (2),-21.35233,55.5083,Plein jour,Hors agglomération,Autre intersection,Normale,Deux véhicules - frontale,2,2,2,0,1,1,1,0,1,90,2,2,1,0,1,0,40.0,32.0,deux_roues,deux_roues,1,1,9,1,1
202300021311,2023-10-13 12:20:00,2023,10,13,12,20,974,97411,YLANG-YLANG (CHEMIN DE L'),-20.9116,55.4804,Plein jour,En agglomération,Hors intersection,Pluie légère,Deux véhicules - côté,4,2,2,0,2,4,2,0,1,50,2,2,1,0,0,1,22.0,46.0,utilitaire_camion,deux_roues,1,2,1,2,3
202300021312,2023-10-11 12:40:00,2023,10,11,12,40,974,97411,CHAUDRON (BLD 2 DU),-20.89264,55.49156,Plein jour,En agglomération,Hors intersection,Normale,Deux véhicules - arrière,2,1,2,0,1,1,1,0,1,50,2,4,3,0,0,1,45.0,59.0,voiture,voiture,1,2,1,1,2
202300021313,2023-10-13 08:49:00,2023,10,13,8,49,973,97302,BADUEL (ROUTE DE),4.93651,-52.31434,Plein jour,En agglomération,Hors intersection,Normale,Deux véhicules - côté,3,2,2,0,1,1,1,0,1,50,2,2,1,0,1,0,26.0,78.0,deux_roues,voiture,1,2,1,1,3
202300021314,2023-10-12 20:45:00,2023,10,12,20,45,973,97302,MADELEINE (ROUTE DE LA),4.90973627,-52.32153207,Nuit avec éclairage allumé,En agglomération,Intersection en T,Normale,Deux véhicules - frontale,3,2,2,0,1,1,1,0,1,50,2,2,1,0,0,1,60.0,46.0,voiture,voiture,5,2,3,1,1
202300021314,2023-10-12 20:45:00,2023,10,12,20,45,973,97302,MADELEINE (ROUTE DE LA),4.90973627,-52.32153207,Nuit avec éclairage allumé,En agglomération,Intersection en T,Normale,Deux véhicules - frontale,3,2,2,0,1,1,1,0,1,50,2,2,1,0,0,1,60.0,46.0,voiture,voiture,5,2,3,1,1
202300021315,2023-10-13 12:05:00,2023,10,13,12,5,69,69386,30 Avenue Verguin,45.77279,4.85811,Plein jour,En agglomération,Hors intersection,Normale,Autre collision,4,2,4,0,1,1,1,0,1,30,1,2,1,0,0,1,46.0,,voiture,,1,2,1,1,6
202300021316,2023-10-13 12:05:00,2023,10,13,12,5,69,69388,Boulevard des Etats-Unis,45.72836,4.86825,Plein jour,En agglomération,Hors intersection,Normale,Deux véhicules - arrière,4,2,2,3,1,1,1,0,1,50,2,2,1,0,0,1,23.0,38.0,voiture,voiture,1,2,1,1,2
202300021317,2023-10-13 06:50:00,2023,10,13,6,50,972,97213,ROUTE DEPARTEMENTALE 3,14.63894,-60.99176,Plein jour,En agglomération,Hors intersection,Pluie légère,Trois véhicules et plus - en chaîne,4,2,2,0,1,1,2,0,1,50,3,3,2,0,0,1,33.0,46.0,voiture,voiture,1,2,1,2,4
202300021318,2023-10-13 10:50:00,2023,10,13,10,50,69,69389,Place Abbé Pierre,45.78646,4.79546,Plein jour,En agglomération,Hors intersection,Normale,Autre collision,4,2,2,3,1,1,1,0,1,30,1,2,1,0,0,1,71.0,,voiture,,1,2,1,1,6
202300021319,2023-10-13 08:10:00,2023,10,13,8,10,69,69152,Rue Jules Guesde,45.69765,4.82123,Plein jour,En agglomération,Intersection en X,Normale,Deux véhicules - côté,4,2,2,0,1,1,1,0,1,50,2,2,0,0,0,2,41.0,27.0,utilitaire_camion,voiture,1,2,2,1,3
202300021319,2023-10-13 08:10:00,2023,10,13,8,10,69,69152,Rue Jules Guesde,45.69765,4.82123,Plein jour,En agglomération,Intersection en X,Normale,Deux véhicules - côté,4,2,2,0,2,1,1,0,1,50,2,2,0,0,0,2,41.0,27.0,utilitaire_camion,voiture,1,2,2,1,3
202300021320,2023-10-13 10:45:00,2023,10,13,10,45,971,97101,RN05,16.2824917,-61.50652885,Plein jour,Hors agglomération,Hors intersection,Normale,Sans collision,2,3,4,0,1,1,1,0,1,110,1,1,0,0,0,1,22.0,,voiture,,1,1,1,1,7
202300021321,2023-10-13 18:40:00,2023,10,13,18,40,95,95572,CHENNEVIERES (AVENUE DE),49.034909,2.110682,Crépuscule ou aube,En agglomération,Hors intersection,Normale,Autre collision,4,2,2,0,1,1,1,0,1,50,1,2,1,0,0,1,29.0,,voiture,,2,2,1,1,6
202300021322,2023-10-13 20:26:00,2023,10,13,20,26,91,91570,SAINT SAENS (RUE),48.6312,2.32857,Nuit avec éclairage allumé,En agglomération,Autre intersection,Normale,Deux véhicules - côté,4,2,2,0,1,1,1,0,1,50,2,2,1,0,0,1,41.0,24.0,deux_roues,voiture,5,2,9,1,3
202300021323,2023-10-13 17:30:00,2023,10,13,17,30,91,91425,RUE DES BOURGUIGNONS,48.646782,2.274368,Plein jour,En agglomération,Hors intersection,Normale,Deux véhicules - côté,4,2,2,0,1,3,1,0,1,50,2,2,1,0,0,1,37.0,31.0,deux_roues,utilitaire_camion,1,2,1,1,3
202300021324,2023-10-13 07:30:00,2023,10,13,7,30,91,91692,TROPIQUES (AVENUE DES),48.6844,2.1996,Nuit avec éclairage allumé,En agglomération,Intersection en T,Temps couvert,Deux véhicules - côté,3,2,0,0,1,1,1,0,1,50,2,2,1,0,1,0,63.0,46.0,voiture,deux_roues,5,2,3,8,3
202300021324,2023-10-13 07:30:00,2023,10,13,7,30,91,91692,TROPIQUES (AVENUE DES),48.6844,2.1996,Nuit avec éclairage allumé,En agglomération,Intersection en T,Temps couvert,Deux véhicules - côté,3,2,2,0,1,1,1,0,1,50,2,2,1,0,1,0,63.0,46.0,voiture,deux_roues,5,2,3,8,3
202300021325,2023-10-10 08:15:00,2023,10,10,8,15,89,89387,VERDUN (BOULEVARD DE),48.19698,3.29718,Plein jour,En agglomération,Hors intersection,Normale,Autre collision,4,2,2,0,1,1,1,0,1,50,1,2,1,0,0,1,29.0,,voiture,,1,2,1,1,6
202300021326,2023-10-10 12:26:00,2023,10,10,12,26,87,87085,ISLE (RUE D'),45.82471,1.23458,Plein jour,En agglomération,Intersection en X,Normale,Trois véhicules et plus - collisions multiples,4,2,2,0,1,1,1,0,1,30,3,3,2,0,0,1,48.0,18.0,voiture,deux_roues,1,2,2,1,5
202300021326,2023-10-10 12:26:00,2023,10,10,12,26,87,87085,ISLE (RUE D'),45.82471,1.23458,Plein jour,En agglomération,Intersection en X,Normale,Trois véhicules et plus - collisions multiples,4,2,2,0,1,1,1,0,1,30,3,3,2,0,0,1,48.0,18.0,voiture,deux_roues,1,2,2,1,5
202300021327,2023-10-14 01:01:00,2023,10,14,1,1,86,86194,Avenue john kennedy,46.589445,0.359995,Nuit avec éclairage allumé,En agglomération,Intersection en X,Normale,Deux véhicules - frontale,3,2,2,0,1,1,1,0,1,50,2,4,1,0,0,3,35.0,27.0,voiture,voiture,5,2,2,1,1
202300021327,2023-10-14 01:01:00,2023,10,14,1,1,86,86194,Avenue john kennedy,46.589445,0.359995,Nuit avec éclairage allumé,En agglomération,Intersection en X,Normale,Deux véhicules - frontale,3,2,2,0,1,1,1,0,1,50,2,4,1,0,0,3,35.0,27.0,voiture,voiture,5,2,2,1,1
202300021328,2023-10-13 17:03:00,2023,10,13,17,3,86,86194,Route de Bonnes,46.584451,0.392447,Plein jour,Hors agglomération,Autre intersection,Normale,Trois véhicules et plus - en chaîne,3,2,2,0,1,1,1,3,1,50,3,3,2,0,0,1,39.0,28.0,voiture,voiture,1,1,9,1,4
202300021329,2023-10-13 11:07:00,2023,10,13,11,7,84,84035,LIBERATION (AVENUE DE LA),43.84887,5.03848,Plein jour,En agglomération,Hors intersection,Normale,Deux véhicules - arrière,4,2,2,0,1,1,1,0,1,50,2,2,1,0,0,1,50.0,37.0,voiture,voiture,1,2,1,1,2
202300021330,2023-10-13 14:50:00,2023,10,13,14,50,84,84031,MOULIN AVENUE JEAN,44.05707,5.05852,Plein jour,En agglomération,Hors intersection,Normale,Autre collision,4,2,2,0,1,3,1,0,4,50,1,1,0,0,1,0,72.0,,utilitaire_camion,,1,2,1,1,6
202300021331,2023-10-12 13:46:00,2023,10,12,13,46,84,84007,GARE (Avenue de la),43.92803,4.78535,Plein jour,En agglomération,Hors intersection,Normale,Sans collision,4,2,2,0,1,1,1,0,1,30,1,1,0,0,0,1,21.0,,voiture,,1,2,1,1,7
202300021332,2023-10-13 14:20:00,2023,10,13,14,20,78,78502,VERSAILLES (ROUTE DE),48.875901,2.104134,Plein jour,En agglomération,Hors intersection,Normale,Autre collision,2,3,0,0,2,1,1,0,1,50,1,2,1,0,0,1,67.0,,utilitaire_camion,,1,2,1,1,6
202300021333,2023-10-13 14:30:00,2023,10,13,14,30,78,78172,LE GUEN (RUE PIERRE),49.006722,2.12104,Plein jour,En agglomération,Intersection en X,Normale,Deux véhicules - côté,4,2,2,0,1,1,1,0,1,50,2,3,2,0,0,1,41.0,86.0,deux_roues,voiture,1,2,2,1,3
202300021333,2023-10-13 14:30:00,2023,10,13,14,30,78,78172,LE GUEN (RUE PIERRE),49.006722,2.12104,Plein jour,En agglomération,Intersection en X,Normale,Deux véhicules - côté,4,-1,2,0,1,1,2,0,1,50,2,3,2,0,0,1,41.0,86.0,deux_roues,voiture,1,2,2,1,3
202300021334,2023-10-13 22:45:00,2023,10,13,22,45,77,77407,D607,48.52919,2.54666,Nuit avec éclairage allumé,En agglomération,Intersection en X,Normale,Deux véhicules - côté,3,2,3,0,2,1,1,0,1,50,2,2,1,0,1,0,51.0,63.0,utilitaire_camion,deux_roues,5,2,2,1,3
202300021334,2023-10-13 22:45:00,2023,10,13,22,45,77,77407,D607,48.52919,2.54666,Nuit avec éclairage allumé,En agglomération,Intersection en X,Normale,Deux véhicules - côté,3,2,2,0,1,1,1,0,1,30,2,2,1,0,1,0,51.0,63.0,utilitaire_camion,deux_roues,5,2,2,1,3
202300021335,2023-10-11 10:40:00,2023,10,11,10,40,77,77269,D.215,48.56845,2.71652,Plein jour,Hors agglomération,Hors intersection,Normale,Autre collision,3,2,2,0,1,1,1,0,3,70,1,2,0,0,2,0,18.0,,voiture,,1,1,1,1,6
202300021336,2023-10-09 06:40:00,2023,10,9,6,40,77,77445,HAIE (AVENUE DE LA),48.57856,2.59475,Nuit avec éclairage allumé,En agglomération,Hors intersection,Normale,Autre collision,3,2,2,0,1,1,1,9,1,70,1,1,0,0,1,0,31.0,,voiture,,5,2,1,1,6
202300021337,2023-10-13 13:25:00,2023,10,13,13,25,77,77186,RD152 de l'obélisque à panneau ONF,48.37286,2.64353,Plein jour,Hors agglomération,Intersection en X,Normale,Deux véhicules - arrière,3,2,2,0,1,1,1,0,1,70,2,4,3,0,0,1,45.0,64.0,utilitaire_camion,voiture,1,1,2,1,2
202300021337,2023-10-13 13:25:00,2023,10,13,13,25,77,77186,RD152 de l'obélisque à panneau ONF,48.37286,2.64353,Plein jour,Hors agglomération,Intersection en X,Normale,Deux véhicules - arrière,3,2,2,0,1,1,1,0,1,70,2,4,3,0,0,1,45.0,64.0,utilitaire_camion,voiture,1,1,2,1,2
202300021338,2023-10-13 13:30:00,2023,10,13,13,30,76,76451,Avenue du Mont aux Malades,49.46602,1.07109,Plein jour,En agglomération,Intersection en T,Normale,Deux véhicules - côté,4,2,2,3,1,2,1,0,1,50,2,2,1,0,0,1,63.0,36.0,deux_roues,voiture,1,2,3,1,3
202300021338,2023-10-13 13:30:00,2023,10,13,13,30,76,76451,Avenue du Mont aux Malades,49.46602,1.07109,Plein jour,En agglomération,Intersection en T,Normale,Deux véhicules - côté,4,2,2,0,1,3,1,-1,1,50,2,2,1,0,0,1,63.0,36.0,deux_roues,voiture,1,2,3,1,3
202300021339,2023-10-13 19:07:00,2023,10,13,19,7,72,72181,GENESLAY FELIX (AV) N° IMP 385 ET plus,47.97003,0.20452,Plein jour,En agglomération,Hors intersection,Vent fort / tempête,Autre collision,4,3,4,3,1,1,1,0,8,50,1,2,1,0,1,0,,,autre,,1,2,1,6,6
202300021340,2023-07-04 11:40:00,2023,7,4,11,40,63,63278,D20/D211,45.931147,3.171723,Plein jour,Hors agglomération,Intersection en X,Normale,Deux véhicules - côté,3,2,1,0,1,1,1,5,1,90,2,2,1,0,1,0,16.0,56.0,deux_roues,voiture,1,1,2,1,3
202300021340,2023-07-04 11:40:00,2023,7,4,11,40,63,63278,D20/D211,45.931147,3.171723,Plein jour,Hors agglomération,Intersection en X,Normale,Deux véhicules - côté,3,2,2,0,1,1,1,0,1,90,2,2,1,0,1,0,16.0,56.0,deux_roues,voiture,1,1,2,1,3
202300021341,2023-10-13 11:30:00,2023,10,13,11,30,72,72181,PETITE-VITESSE (BD DE LA),47.99275,0.19828,Plein jour,En agglomération,Autre intersection,Normale,Deux véhicules - côté,4,2,2,0,1,1,1,0,1,30,2,2,1,0,0,1,34.0,69.0,voiture,deux_roues,1,2,9,1,3
202300021342,2023-10-11 21:30:00,2023,10,11,21,30,72,72181,DEMORIEUX ENTRE PT CHEM DE FER ET HUISNE,47.99826,0.18876,Nuit avec éclairage allumé,En agglomération,Autre intersection,Normale,Deux véhicules - côté,4,-1,2,0,1,2,1,0,1,50,2,2,1,0,0,1,35.0,24.0,voiture,deux_roues,5,2,9,1,3
202300021343,2023-07-04 15:50:00,2023,7,4,15,50,01,01157,,46.031867,4.755709,Plein jour,Hors agglomération,Intersection en X,Normale,Trois véhicules et plus - collisions multiples,3,2,2,0,1,1,1,0,1,80,4,4,1,0,0,3,64.0,19.0,voiture,voiture,1,1,2,1,5
202300021343,2023-07-04 15:50:00,2023,7,4,15,50,01,01157,,46.031867,4.755709,Plein jour,Hors agglomération,Intersection en X,Normale,Trois véhicules et plus - collisions multiples,3,2,2,0,1,1,1,0,8,80,4,4,1,0,0,3,64.0,19.0,voiture,voiture,1,1,2,1,5
202300021344,2023-10-13 20:15:00,2023,10,13,20,15,71,71306,ALOUETTES (AVENUE DES),46.68,4.35,Nuit avec éclairage allumé,En agglomération,Hors intersection,Normale,Deux véhicules - arrière,4,2,2,0,1,1,1,0,1,50,2,2,1,0,1,0,38.0,50.0,voiture,deux_roues,5,2,1,1,2
202300021345,2023-07-03 14:50:00,2023,7,3,14,50,64,64410,D9,43.367926,-0.627186,Plein jour,En agglomération,Giratoire,Normale,Sans collision,3,1,1,0,1,2,1,0,1,50,2,2,1,0,0,1,73.0,18.0,autre,deux_roues,1,2,6,1,7
202300021346,2023-10-12 09:00:00,2023,10,12,9,0,71,71270,Rue de Flacé,46.31445,4.82668,Plein jour,En agglomération,Hors intersection,Normale,Deux véhicules - côté,4,1,1,0,1,2,1,5,1,50,2,2,1,0,0,1,17.0,35.0,deux_roues,voiture,1,2,1,1,3
202300021347,2023-07-04 15:45:00,2023,7,4,15,45,01,01419,Rue de la Gare,46.228797,5.989013,Plein jour,Hors agglomération,Intersection en Y,Temps éblouissant,Deux véhicules - frontale,4,2,2,0,1,3,1,0,1,80,2,4,0,0,0,4,22.0,23.0,voiture,voiture,1,1,4,7,1
202300021347,2023-07-04 15:45:00,2023,7,4,15,45,01,01419,Rue de la Gare,46.228797,5.989013,Plein jour,Hors agglomération,Intersection en Y,Temps éblouissant,Deux véhicules - frontale,4,2,2,0,1,3,1,0,8,70,2,4,0,0,0,4,22.0,23.0,voiture,voiture,1,1,4,7,1
202300021348,2023-10-13 17:20:00,2023,10,13,17,20,69,69264,406 Rue Ernest Renan,45.99337409,4.70718752,Plein jour,En agglomération,Hors intersection,Normale,Autre collision,3,2,2,0,1,1,1,0,1,30,1,2,1,0,0,1,83.0,,voiture,,1,2,1,1,6
202300021349,2023-10-13 19:00:00,2023,10,13,19,0,69,69029,Route de Genas,45.75232376,4.90070395,Plein jour,En agglomération,Hors intersection,Normale,Deux véhicules - arrière,4,2,2,2,1,1,1,0,1,50,2,2,1,0,0,1,74.0,24.0,voiture,deux_roues,1,2,1,1,2
202300021350,2023-07-04 09:00:00,2023,7,4,9,0,34,34123,RN109,43.611619,3.801591,Plein jour,Hors agglomération,Hors intersection,Normale,Trois véhicules et plus - en chaîne,2,1,2,0,1,1,1,0,1,90,5,5,3,0,0,2,57.0,45.0,voiture,voiture,1,1,1,1,4
202300021351,2023-10-13 17:10:00,2023,10,13,17,10,69,69290,Rue de l'Aviation,45.72000726,4.93245865,Plein jour,En agglomération,Giratoire,Vent fort / tempête,Deux véhicules - côté,4,1,2,0,1,2,1,0,1,30,2,2,1,0,0,1,45.0,30.0,deux_roues,voiture,1,2,6,6,3
202300021351,2023-10-13 17:10:00,2023,10,13,17,10,69,69290,Rue de l'Aviation,45.72000726,4.93245865,Plein jour,En agglomération,Giratoire,Vent fort / tempête,Deux véhicules - côté,4,2,3,0,1,1,1,0,1,30,2,2,1,0,0,1,45.0,30.0,deux_roues,voiture,1,2,6,6,3
202300021352,2023-07-02 16:30:00,2023,7,2,16,30,38,38208,D34,44.850666,5.692227,Plein jour,Hors agglomération,Hors intersection,Normale,Autre collision,3,2,2,0,1,2,8,0,3,80,1,1,0,0,1,0,24.0,,deux_roues,,1,1,1,1,6
202300021353,2023-10-13 11:00:00,2023,10,13,11,0,69,69290,Avenue Jean Jaurès,45.69728,4.93413,Plein jour,En agglomération,Intersection en T,Normale,Deux véhicules - côté,4,2,2,0,1,1,1,0,1,50,2,3,1,0,0,2,20.0,58.0,voiture,voiture,1,2,3,1,3
202300021353,2023-10-13 11:00:00,2023,10,13,11,0,69,69290,Avenue Jean Jaurès,45.69728,4.93413,Plein jour,En agglomération,Intersection en T,Normale,Deux véhicules - côté,4,2,2,0,1,1,1,0,1,30,2,3,1,0,0,2,20.0,58.0,voiture,voiture,1,2,3,1,3
202300021354,2023-07-03 23:45:00,2023,7,3,23,45,30,30202,Avenue Général de Gaulle,44.249726,4.645929,Nuit avec éclairage allumé,En agglomération,Intersection en X,Normale,Deux véhicules - côté,4,2, -1,0,1,1,1,0,1,-1,2,6,1,0,1,4,18.0,20.0,deux_roues,voiture,5,2,2,1,3
202300021354,2023-07-03 23:45:00,2023,7,3,23,45,30,30202,Avenue Général de Gaulle,44.249726,4.645929,Nuit avec éclairage allumé,En agglomération,Intersection en X,Normale,Deux véhicules - côté,4,2,2,0,1,1,1,0,1,30,2,6,1,0,1,4,18.0,20.0,deux_roues,voiture,5,2,2,1,3
202300021355,2023-10-12 11:45:00,2023,10,12,11,45,69,69259,Boulevard Ambroise Croizat,45.70067,4.88755,Plein jour,En agglomération,Passage à niveau,Normale,Autre collision,7,2,4,3,1,1,1,4,6,50,1,2,1,0,0,1,27.0,,transport_commun,,1,2,8,1,6
202300021356,2023-07-02 00:20:00,2023,7,2,0,20,50,50624,Route de Gratot,49.075602,-1.47581,Nuit sans éclairage public,Hors agglomération,Hors intersection,Normale,Autre collision,3,2,2,0,3,2,1,0,3,80,1,1,0,0,1,0,35.0,,deux_roues,,3,1,1,1,6
202300021357,2023-10-13 23:22:00,2023,10,13,23,22,68,68224,LAVOISIER (RUE),47.75009,7.32748,Nuit avec éclairage allumé,En agglomération,Intersection en X,Normale,Deux véhicules - côté,4,2,2,0,1,1,1,0,1,50,2,2,1,0,1,0,33.0,24.0,deux_roues,voiture,5,2,2,1,3
202300021357,2023-10-13 23:22:00,2023,10,13,23,22,68,68224,LAVOISIER (RUE),47.75009,7.32748,Nuit avec éclairage allumé,En agglomération,Intersection en X,Normale,Deux véhicules - côté,4,1,2,0,1,1,1,0,1,30,2,2,1,0,1,0,33.0,24.0,deux_roues,voiture,5,2,2,1,3
202300021358,2023-07-04 02:56:00,2023,7,4,2,56,83,83140,route nationale 7,43.411969,5.908885,Nuit sans éclairage public,Hors agglomération,Hors intersection,Normale,Sans collision,3,2,2,0,2,3,1,0,3,80,1,1,0,0,1,0,28.0,,voiture,,3,1,1,1,7
202300021359,2023-10-13 17:30:00,2023,10,13,17,30,67,67482,LA WANTZENAU (ROUTE DE),48.6193,7.79292,Plein jour,En agglomération,Autre intersection,Normale,Deux véhicules - frontale,7,2,1,0,2,3,1,1,6,-1,2,2,1,0,0,1,60.0,32.0,deux_roues,voiture,1,2,9,1,1
202300021360,2023-07-04 04:18:00,2023,7,4,4,18,77,77530,D403,48.607383,3.378457,Crépuscule ou aube,Hors agglomération,Hors intersection,Normale,Sans collision,3,2,2,0,2,1,9,8,1,50,1,1,0,0,0,1,36.0,,voiture,,2,1,1,1,7
202300021361,2023-07-03 17:00:00,2023,7,3,17,0,76,76602,Route d?Amiens,49.67454,1.10207,Plein jour,Hors agglomération,Hors intersection,Normale,Deux véhicules - frontale,3,2,2,0,3,1,1,0,1,80,2,2,0,1,0,1,55.0,27.0,utilitaire_camion,utilitaire_camion,1,1,1,1,1
202300021362,2023-10-13 06:25:00,2023,10,13,6,25,67,67447,BISCHWILLER (ROUTE DE),48.60642,7.74885,Nuit avec éclairage allumé,En agglomération,Intersection en T,Normale,Deux véhicules - frontale,7,2,2,0,1,1,1,0,1,50,2,2,1,0,0,1,36.0,22.0,deux_roues,voiture,5,2,3,1,1
202300021362,2023-10-13 06:25:00,2023,10,13,6,25,67,67447,BISCHWILLER (ROUTE DE),48.60642,7.74885,Nuit avec éclairage allumé,En agglomération,Intersection en T,Normale,Deux véhicules - frontale,7,2,2,0,1,1,1,0,1,50,2,2,1,0,0,1,36.0,22.0,deux_roues,voiture,5,2,3,1,1
202300021363,2023-07-03 19:10:00,2023,7,3,19,10,2A,2A271,T22,41.959835,8.806285,Plein jour,En agglomération,Intersection en T,Normale,Deux véhicules - côté,2,2,2,0,1,1,1,0,1,50,2,2,1,0,0,1,20.0,43.0,voiture,deux_roues,1,2,3,1,3
202300021363,2023-07-03 19:10:00,2023,7,3,19,10,2A,2A271,T22,41.959835,8.806285,Plein jour,En agglomération,Intersection en T,Normale,Deux véhicules - côté,2,2, -1,-1,-1,-1,-1,-1,-1,-1,2,2,1,0,0,1,20.0,43.0,voiture,deux_roues,1,2,3,1,3
202300021364,2023-10-11 16:45:00,2023,10,11,16,45,66,66136,,42.69466,2.88917,Plein jour,En agglomération,Hors intersection,Normale,Deux véhicules - côté,4,2,5,0,1,1,1,0,1,50,2,2,1,0,0,1,59.0,26.0,transport_commun,voiture,1,2,1,1,3
202300021365,2023-07-03 19:15:00,2023,7,3,19,15,2B,2B046,D80,42.863194,9.481308,Plein jour,Hors agglomération,Hors intersection,Normale,Sans collision,3,2,2,0,1,1,1,0,1,80,1,1,0,0,1,0,33.0,,deux_roues,,1,1,1,1,7
202300021366,2023-10-13 01:31:00,2023,10,13,1,31,65,65440,Rue de Gonnès,43.22936,0.07526,Nuit avec éclairage allumé,En agglomération,Hors intersection,Normale,Autre collision,4,1,1,0,1,1,1,0,1,50,1,1,0,0,0,1,63.0,,voiture,,5,2,1,1,6
202300021367,2023-07-04 16:00:00,2023,7,4,16,0,63,63321,D14,45.604798,3.314041,Plein jour,Hors agglomération,Hors intersection,Normale,Deux véhicules - frontale,3,2,2,0,2,1,1,0,5,90,2,2,1,0,1,0,48.0,72.0,voiture,deux_roues,1,1,1,1,1
202300021368,2023-10-12 16:45:00,2023,10,12,16,45,64,64189,LECLERC MARECHA (AVENUE),43.37725,-1.66815,Plein jour,En agglomération,Hors intersection,Normale,Autre collision,4,2,2,0,1,1,1,0,1,50,1,1,0,0,0,1,71.0,,voiture,,1,2,1,1,6
202300021369,2023-10-13 19:20:00,2023,10,13,19,20,64,64041,MATACHOT,43.2804182,-0.33012897,Nuit avec éclairage allumé,En agglomération,Autre intersection,Normale,Sans collision,3,2,1,0,1,1,1,0,1,50,1,1,0,0,0,1,15.0,,deux_roues,,5,2,9,1,7
202300021370,2023-07-04 12:25:00,2023,7,4,12,25,63,63178,Chemin des Vigieres,45.55067199,3.26939017,Plein jour,En agglomération,Hors intersection,Normale,Deux véhicules - côté,4,2,2,0,2,2,1,0,1,50,2,2,1,0,0,1,37.0,14.0,voiture,deux_roues,1,2,1,1,3