accident_id,datetime,annee,mois,jour,heure,minute,departement,commune_insee,adresse,latitude,longitude,luminosite,agglomeration,intersection,meteo,collision,catr,circ,nbv,vosp,prof,plan,surf,infra,situ,vma,nb_vehicules,nb_usagers,nb_indemnes,nb_tues,nb_blesses_hosp,nb_blesses_legers,age_cond_1,age_cond_2,veh_type_cond_1,veh_type_cond_2,lum_code,agg_code,int_code,atm_code,col_code
202300021590,2023-07-02 07:40:00,2023,7,2,7,40,75,75116,RUE JOSEPH ET MARIE HACKIN,48.878363,2.279796,Plein jour,En agglomération,Intersection en T,Normale,Deux véhicules - côté,4,2,2,0,1,1,1,0,1,30,2,2,1,0,0,1,52.0,53.0,voiture,voiture,1,2,3,1,3
202300021590,2023-07-02 07:40:00,2023,7,2,7,40,75,75116,RUE JOSEPH ET MARIE HACKIN,48.878363,2.279796,Plein jour,En agglomération,Intersection en T,Normale,Deux véhicules - côté,4,1,2,0,1,1,1,0,1,30,2,2,1,0,0,1,52.0,53.0,voiture,voiture,1,2,3,1,3
202300021591,2023-04-20 09:55:00,2023,4,20,9,55,25,25056,CARNOT AVENUE,47.242459,6.029622,Plein jour,En agglomération,Intersection en X,Normale,Autre collision,4,1,1,3,1,1,1,-1,1,50,1,2,1,0,0,1,34.0,,voiture,,1,2,2,1,6
202300021591,2023-04-20 09:55:00,2023,4,20,9,55,25,25056,CARNOT AVENUE,47.242459,6.029622,Plein jour,En agglomération,Intersection en X,Normale,Autre collision,4,2,2,0,1,1,1,6,1,50,1,2,1,0,0,1,34.0,,voiture,,1,2,2,1,6
202300021592,2023-07-02 00:30:00,2023,7,2,0,30,75,75116,ALLEE DE LONGCHAMP,48.865687,2.245546,Nuit avec éclairage non allumé,En agglomération,Hors intersection,Normale,Autre collision,4,-1,4,0,1,1,1,0,1,50,1,1,0,0,1,0,33.0,,deux_roues,,4,2,1,1,6
202300021593,2023-04-06 19:15:00,2023,4,6,19,15,22,22113,FRERES LAGADEC (RUE DES),48.727757,-3.465825,Plein jour,En agglomération,Hors intersection,Normale,Deux véhicules - arrière,4,2,0,0,2,1,1,0,1,50,2,2,1,0,1,0,47.0,46.0,deux_roues,voiture,1,2,1,1,2
202300021594,2023-06-27 19:30:00,2023,6,27,19,30,75,75114,AVENUE DU MAINE,48.836174,2.323471,Plein jour,En agglomération,Intersection en T,Normale,Sans collision,4,2,4,2,1,1,1,-1,5,50,1,1,0,0,0,1,53.0,,deux_roues,,1,2,3,1,7
202300021594,2023-06-27 19:30:00,2023,6,27,19,30,75,75114,AVENUE DU MAINE,48.836174,2.323471,Plein jour,En agglomération,Intersection en T,Normale,Sans collision,4,2, -1,-1,1,1,1,-1,5,-1,1,1,0,0,0,1,53.0,,deux_roues,,1,2,3,1,7
202300021595,2023-04-08 18:35:00,2023,4,8,18,35,19,19031,MICHELET (BOULEVARD),45.16547,1.54123,Plein jour,En agglomération,Hors intersection,Normale,Deux véhicules - arrière,4,2,2,0,2,1,1,0,1,50,2,3,2,0,0,1,23.0,52.0,voiture,voiture,1,2,1,1,2
202300021596,2023-07-02 13:40:00,2023,7,2,13,40,75,75114,AVENUE JEAN MOULIN,48.82703,2.324971,Plein jour,En agglomération,Intersection en Y,Normale,Deux véhicules - côté,4,1,2,0,1,1,1,0,1,30,2,3,2,0,0,1,17.0,29.0,deux_roues,deux_roues,1,2,4,1,3
202300021596,2023-07-02 13:40:00,2023,7,2,13,40,75,75114,AVENUE JEAN MOULIN,48.82703,2.324971,Plein jour,En agglomération,Intersection en Y,Normale,Deux véhicules - côté,4,1,1,1,1,1,1,0,1,30,2,3,2,0,0,1,17.0,29.0,deux_roues,deux_roues,1,2,4,1,3
202300021597,2023-04-19 17:45:00,2023,4,19,17,45,17,17415,SAINTONGE A10 A ROCADE OUEST AVENUE DE,45.740178,-0.656456,Plein jour,En agglomération,Hors intersection,Temps éblouissant,Deux véhicules - arrière,3,3,4,0,1,1,1,0,1,50,2,2,1,0,1,0,58.0,15.0,voiture,deux_roues,1,2,1,7,2
202300021598,2023-07-02 16:45:00,2023,7,2,16,45,75,75112,QUAI DE LA RAPEE,48.844476,2.368136,Plein jour,En agglomération,Intersection en Y,Normale,Deux véhicules - arrière,4,1,3,0,1,1,1,0,5,30,2,2,1,0,1,0,59.0,46.0,deux_roues,deux_roues,1,2,4,1,2
202300021598,2023-07-02 16:45:00,2023,7,2,16,45,75,75112,QUAI DE LA RAPEE,48.844476,2.368136,Plein jour,En agglomération,Intersection en Y,Normale,Deux véhicules - arrière,4,2,2,1,2,1,1,0,5,30,2,2,1,0,1,0,59.0,46.0,deux_roues,deux_roues,1,2,4,1,2
202300021599,2023-04-20 23:30:00,2023,4,20,23,30,16,16015,BORDEAUX (ROUTE DE N° IMPAIRS),45.643079,0.136135,Nuit sans éclairage public,En agglomération,Giratoire,Normale,Deux véhicules - côté,4,4,1,0,1,1,1,0,1,50,2,6,3,0,1,2,22.0,41.0,voiture,voiture,3,2,6,1,3
202300021600,2023-07-02 05:35:00,2023,7,2,5,35,75,75112,BOULEVARD DE LA BASTILLE,48.85149,2.369252,Crépuscule ou aube,En agglomération,Intersection en T,Normale,Deux véhicules - côté,4,1,2,0,1,1,1,0,1,30,2,2,1,0,0,1,36.0,34.0,deux_roues,voiture,2,2,3,1,3
202300021600,2023-07-02 05:35:00,2023,7,2,5,35,75,75112,BOULEVARD DE LA BASTILLE,48.85149,2.369252,Crépuscule ou aube,En agglomération,Intersection en T,Normale,Deux véhicules - côté,4,1,1,1,1,1,1,0,1,30,2,2,1,0,0,1,36.0,34.0,deux_roues,voiture,2,2,3,1,3
202300021601,2023-07-02 13:20:00,2023,7,2,13,20,75,75109,RUE DE LA ROCHEFOUCAULD,48.878633,2.334574,Plein jour,En agglomération,Intersection en T,Normale,Autre collision,4,1,1,1,1,1,1,0,1,30,1,2,1,0,0,1,,,utilitaire_camion,,1,2,3,1,6
202300021601,2023-07-02 13:20:00,2023,7,2,13,20,75,75109,RUE DE LA ROCHEFOUCAULD,48.878633,2.334574,Plein jour,En agglomération,Intersection en T,Normale,Autre collision,4,1,1,1,1,1,1,0,1,30,1,2,1,0,0,1,,,utilitaire_camion,,1,2,3,1,6
202300021602,2023-04-19 17:30:00,2023,4,19,17,30,15,15014,LECLERC (AVENUE DU GENERAL),44.90919,2.4464,Plein jour,En agglomération,Intersection en X,Normale,Deux véhicules - côté,4,2,3,0,1,1,1,5,1,50,2,2,0,0,0,2,51.0,42.0,deux_roues,voiture,1,2,2,1,3
202300021602,2023-04-19 17:30:00,2023,4,19,17,30,15,15014,LECLERC (AVENUE DU GENERAL),44.90919,2.4464,Plein jour,En agglomération,Intersection en X,Normale,Deux véhicules - côté,4,2, -1,0,1,1,1,5,1,50,2,2,0,0,0,2,51.0,42.0,deux_roues,voiture,1,2,2,1,3
202300021602,2023-04-19 17:30:00,2023,4,19,17,30,15,15014,LECLERC (AVENUE DU GENERAL),44.90919,2.4464,Plein jour,En agglomération,Intersection en X,Normale,Deux véhicules - côté,4,2,2,0,1,1,1,5,1,50,2,2,0,0,0,2,51.0,42.0,deux_roues,voiture,1,2,2,1,3
202300021603,2023-04-20 15:01:00,2023,4,20,15,1,13,13054,SAINT PIERRE (CHE ),43.41196,5.20552,Plein jour,En agglomération,Hors intersection,Normale,Autre collision,4,2,2,0,1,1,1,0,1,50,1,2,1,0,0,1,,,deux_roues,,1,2,1,1,6
202300021604,2023-07-02 06:30:00,2023,7,2,6,30,75,75109,PLACE DE CLICHY,48.883875,2.328582,Plein jour,En agglomération,Intersection en T,Normale,Deux véhicules - arrière,4,-1,1,1,1,1,2,0,6,30,2,2,1,0,0,1,25.0,25.0,voiture,deux_roues,1,2,3,1,2
202300021604,2023-07-02 06:30:00,2023,7,2,6,30,75,75109,PLACE DE CLICHY,48.883875,2.328582,Plein jour,En agglomération,Intersection en T,Normale,Deux véhicules - arrière,4,1,2,3,1,1,2,0,6,30,2,2,1,0,0,1,25.0,25.0,voiture,deux_roues,1,2,3,1,2
202300021605,2023-04-20 17:30:00,2023,4,20,17,30,07,07186,VIVARAIS (BLD.DU),44.71684,4.61277,Plein jour,En agglomération,Hors intersection,Pluie légère,Autre collision,6,-1,0,0,1,1,2,9,3,50,1,2,1,0,0,1,40.0,,utilitaire_camion,,1,2,1,2,6
202300021606,2023-07-01 22:30:00,2023,7,1,22,30,75,75109,RUE PIERRE FONTAINE,48.882148,2.333729,Nuit avec éclairage allumé,En agglomération,Intersection à plus de 4 branches,Normale,Deux véhicules - arrière,4,1, -1,-1,1,1,1,-1,5,-1,2,2,1,0,0,1,58.0,28.0,deux_roues,deux_roues,5,2,5,1,2
202300021606,2023-07-01 22:30:00,2023,7,1,22,30,75,75109,RUE PIERRE FONTAINE,48.882148,2.333729,Nuit avec éclairage allumé,En agglomération,Intersection à plus de 4 branches,Normale,Deux véhicules - arrière,4,1,2,1,2,1,1,-1,5,30,2,2,1,0,0,1,58.0,28.0,deux_roues,deux_roues,5,2,5,1,2
202300021607,2023-07-01 20:00:00,2023,7,1,20,0,75,75108,RUE D AMSTERDAM,48.878338,2.326973,Plein jour,En agglomération,Hors intersection,Normale,Autre collision,4,2,2,0,4,1,1,0,1,30,1,2,1,0,1,0,27.0,,deux_roues,,1,2,1,1,6
202300021608,2023-04-18 18:00:00,2023,4,18,18,0,06,06123,DE GAULLE GENERAL AVENUE,43.66715,7.19256,Plein jour,En agglomération,Intersection en T,Normale,Deux véhicules - côté,4,1,3,0,1,1,1,0,1,50,2,2,1,0,0,1,30.0,55.0,voiture,deux_roues,1,2,3,1,3
202300021608,2023-04-18 18:00:00,2023,4,18,18,0,06,06123,DE GAULLE GENERAL AVENUE,43.66715,7.19256,Plein jour,En agglomération,Intersection en T,Normale,Deux véhicules - côté,4,2,2,0,1,1,1,0,1,50,2,2,1,0,0,1,30.0,55.0,voiture,deux_roues,1,2,3,1,3
202300021609,2023-07-02 20:12:00,2023,7,2,20,12,75,75103,BOULEVARD BEAUMARCHAIS,48.860106,2.367457,Plein jour,En agglomération,Intersection en T,Normale,Deux véhicules - côté,4,2,4,3,1,1,1,0,1,30,2,2,1,0,1,0,27.0,42.0,deux_roues,voiture,1,2,3,1,3
202300021609,2023-07-02 20:12:00,2023,7,2,20,12,75,75103,BOULEVARD BEAUMARCHAIS,48.860106,2.367457,Plein jour,En agglomération,Intersection en T,Normale,Deux véhicules - côté,4,1,1,0,1,1,1,0,1,30,2,2,1,0,1,0,27.0,42.0,deux_roues,voiture,1,2,3,1,3
202300021610,2023-07-01 21:25:00,2023,7,1,21,25,75,75101,BOULEVARD DE SEBASTOPOL,48.862923,2.350697,Plein jour,En agglomération,Intersection en T,Normale,Deux véhicules - côté,4,2,5,0,1,1,1,-1,5,30,2,2,1,0,0,1,29.0,58.0,deux_roues,deux_roues,1,2,3,1,3
202300021610,2023-07-01 21:25:00,2023,7,1,21,25,75,75101,BOULEVARD DE SEBASTOPOL,48.862923,2.350697,Plein jour,En agglomération,Intersection en T,Normale,Deux véhicules - côté,4,-1,0,3,1,1,1,6,5,-1,2,2,1,0,0,1,29.0,58.0,deux_roues,deux_roues,1,2,3,1,3
202300021611,2023-04-19 18:40:00,2023,4,19,18,40,03,03310,GRAVES (BOULEVARD DES),46.1316,3.43187,Plein jour,En agglomération,Intersection à plus de 4 branches,Normale,Deux véhicules - côté,4,2,2,0,1,1,1,0,1,50,2,2,1,0,1,0,23.0,51.0,voiture,deux_roues,1,2,5,1,3
202300021612,2023-07-02 05:15:00,2023,7,2,5,15,94,94073,Boulevard de Stalingrad,48.770824,2.401187,Nuit avec éclairage allumé,En agglomération,Hors intersection,Normale,Deux véhicules - arrière,3,-1,3,0,1,1,1,0,1,50,2,2,1,0,0,1,,66.0,voiture,voiture,5,2,1,1,2
202300021613,2023-04-20 15:20:00,2023,4,20,15,20,75,75119,BD PERIPHERIQUE INTERIEUR,48.88343,2.399739,Plein jour,En agglomération,Hors intersection,Normale,Trois véhicules et plus - collisions multiples,4,1,4,0,1,1,1,0,1,70,3,3,2,0,0,1,,53.0,voiture,deux_roues,1,2,1,1,5
202300021614,2023-07-01 16:15:00,2023,7,1,16,15,94,94075,Route de la Grange,48.734209,2.519676,Plein jour,En agglomération,Hors intersection,Normale,Autre collision,3,2,2,0,1,1,1,0,3,50,1,1,0,0,0,1,72.0,,voiture,,1,2,1,1,6
202300021615,2023-07-01 22:15:00,2023,7,1,22,15,93,93078,110 Boulevard Robert Ballanger,48.95674,2.54277,Nuit avec éclairage allumé,En agglomération,Hors intersection,Normale,Deux véhicules - côté,3,3,2,0,1,1,1,0,1,50,2,2,1,0,0,1,24.0,31.0,utilitaire_camion,deux_roues,5,2,1,1,3
202300021616,2023-04-20 14:30:00,2023,4,20,14,30,75,75119,PORTE D AUBERVILLIERS,48.900359,2.376642,Plein jour,En agglomération,Intersection en Y,Normale,Deux véhicules - arrière,4,1,2,0,1,1,1,0,1,50,2,2,1,0,0,1,34.0,45.0,voiture,utilitaire_camion,1,2,4,1,2
202300021616,2023-04-20 14:30:00,2023,4,20,14,30,75,75119,PORTE D AUBERVILLIERS,48.900359,2.376642,Plein jour,En agglomération,Intersection en Y,Normale,Deux véhicules - arrière,4,1,4,0,1,1,1,0,1,70,2,2,1,0,0,1,34.0,45.0,voiture,utilitaire_camion,1,2,4,1,2
202300021617,2023-07-02 13:35:00,2023,7,2,13,35,93,93027,Avenue Jean Mermoz,48.93246689,2.40825648,Plein jour,En agglomération,Hors intersection,Normale,Autre collision,3,2,2,3,1,1,1,0,5,50,1,2,1,0,0,1,31.0,,voiture,,1,2,1,1,6
202300021618,2023-04-20 03:55:00,2023,4,20,3,55,75,75109,RUE BLANCHE,48.877786,2.331898,Nuit avec éclairage allumé,En agglomération,Intersection en X,Normale,Autre collision,4,2, -1,-1,1,1,1,0,4,30,1,1,0,0,1,0,41.0,,deux_roues,,5,2,2,1,6
202300021618,2023-04-20 03:55:00,2023,4,20,3,55,75,75109,RUE BLANCHE,48.877786,2.331898,Nuit avec éclairage allumé,En agglomération,Intersection en X,Normale,Autre collision,4,1,2,0,4,1,1,0,4,30,1,1,0,0,1,0,41.0,,deux_roues,,5,2,2,1,6
202300021619,2023-07-02 12:20:00,2023,7,2,12,20,92,92012,PONT DE SEVRES (ROND POINT DU),48.82867183,2.23006904,Plein jour,En agglomération,Hors intersection,Normale,Sans collision,3,1,1,0,2,3,1,0,1,50,1,1,0,0,0,1,52.0,,deux_roues,,1,2,1,1,7
202300021620,2023-07-02 08:15:00,2023,7,2,8,15,17,17094,Avenue de la Falaise,46.059195,-1.089149,Plein jour,En agglomération,Hors intersection,Normale,Sans collision,4,2,2,0,2,2,1,0,4,50,1,1,0,0,1,0,22.0,,voiture,,1,2,1,1,7
202300021621,2023-04-21 10:32:00,2023,4,21,10,32,75,75120,BOULEVARD DE MENILMONTANT,48.866593,2.383559,Plein jour,En agglomération,Hors intersection,Temps couvert,Sans collision,4,3,1,1,1,1,1,0,1,30,1,1,0,0,0,1,28.0,,deux_roues,,1,2,1,8,7
202300021622,2023-07-03 12:15:00,2023,7,3,12,15,69,69298,Route d'Heyrieux,45.6641154,4.99399441,Plein jour,Hors agglomération,Hors intersection,Normale,Deux véhicules - côté,3,2,2,2,1,1,1,0,1,70,2,2,1,0,0,1,55.0,24.0,utilitaire_camion,deux_roues,1,1,1,1,3
202300021623,2023-07-02 06:15:00,2023,7,2,6,15,40,40296,D79,43.72853,-1.411754,Crépuscule ou aube,Hors agglomération,Hors intersection,Pluie légère,Autre collision,3,2,2,0,1,1,2,0,3,80,1,2,1,0,1,0,23.0,,voiture,,2,1,1,2,6
202300021624,2023-04-21 19:30:00,2023,4,21,19,30,75,75116,ROUTE DES TRIBUNES,48.862633,2.230855,Plein jour,En agglomération,Hors intersection,Normale,Trois véhicules et plus - en chaîne,4,2,3,1,1,1,1,0,5,50,4,4,1,0,0,3,31.0,60.0,deux_roues,deux_roues,1,2,1,1,4
202300021625,2023-04-20 13:00:00,2023,4,20,13,0,75,75116,RUE DE LA POMPE,48.859554,2.275202,Plein jour,En agglomération,Intersection en X,Normale,Deux véhicules - côté,4,2,2,0,1,1,1,0,1,50,2,3,2,0,0,1,18.0,47.0,deux_roues,voiture,1,2,2,1,3
202300021625,2023-04-20 13:00:00,2023,4,20,13,0,75,75116,RUE DE LA POMPE,48.859554,2.275202,Plein jour,En agglomération,Intersection en X,Normale,Deux véhicules - côté,4,1,1,0,1,1,1,0,1,30,2,3,2,0,0,1,18.0,47.0,deux_roues,voiture,1,2,2,1,3
202300021626,2023-07-02 16:10:00,2023,7,2,16,10,17,17131,Route de Royan,45.586777,-0.853565,Plein jour,Hors agglomération,Hors intersection,Normale,Trois véhicules et plus - en chaîne,3,2,2,0,1,1,1,0,1,90,3,8,3,0,2,3,76.0,34.0,voiture,voiture,1,1,1,1,4
202300021627,2023-07-01 15:00:00,2023,7,1,15,0,41,41045,route départementale 114,47.454457,1.217481,Plein jour,Hors agglomération,Hors intersection,Normale,Sans collision,3,2,2,0,1,1,1,0,1,80,1,1,0,0,1,0,50.0,,voiture,,1,1,1,1,7
202300021628,2023-04-21 18:50:00,2023,4,21,18,50,75,75114,AVENUE DU GENERAL LECLERC,48.83265944,2.3310703,Plein jour,En agglomération,Hors intersection,Normale,Deux véhicules - côté,4,2,4,3,1,1,1,0,6,30,2,2,1,0,0,1,18.0,29.0,deux_roues,transport_commun,1,2,1,1,3
202300021629,2023-07-03 10:20:00,2023,7,3,10,20,05,05027,d902,44.82719403,6.72914743,Plein jour,Hors agglomération,Hors intersection,Normale,Sans collision,3,2,2,0,1,2,1,0,3,90,1,1,0,0,1,0,44.0,,deux_roues,,1,1,1,1,7
202300021630,2023-07-01 03:00:00,2023,7,1,3,0,62,62338,D 171,50.626679,2.820126,Nuit sans éclairage public,En agglomération,Hors intersection,Normale,Autre collision,3,2,2,0,1,1,1,0,1,50,1,1,0,0,1,0,63.0,,utilitaire_camion,,3,2,1,1,6
202300021631,2023-04-20 17:40:00,2023,4,20,17,40,75,75105,BOULEVARD SAINT MARCEL,48.836806,2.351853,Plein jour,En agglomération,Intersection en X,Normale,Autre collision,4,2,6,3,1,1,1,6,5,30,1,2,1,0,0,1,38.0,,deux_roues,,1,2,2,1,6
202300021631,2023-04-20 17:40:00,2023,4,20,17,40,75,75105,BOULEVARD SAINT MARCEL,48.836806,2.351853,Plein jour,En agglomération,Intersection en X,Normale,Autre collision,4,2, -1,-1,1,1,1,0,1,30,1,2,1,0,0,1,38.0,,deux_roues,,1,2,2,1,6
202300021632,2023-07-03 11:05:00,2023,7,3,11,5,06,06109,RM 6202 - quartier baus roux,43.83722,7.194028,Plein jour,Hors agglomération,Hors intersection,Normale,Deux véhicules - côté,7,2,3,0,1,1,1,0,1,70,2,2,1,0,1,0,72.0,19.0,deux_roues,voiture,1,1,1,1,3
202300021633,2023-04-21 17:20:00,2023,4,21,17,20,75,75111,AVENUE DE LA REPUBLIQUE,48.864608,2.378038,Plein jour,En agglomération,Hors intersection,Normale,Autre collision,4,2,4,1,2,1,1,0,5,25,1,2,1,0,0,1,23.0,,deux_roues,,1,2,1,1,6
202300021634,2023-07-02 11:55:00,2023,7,2,11,55,22,22369,Place des Ifs,48.3476,-2.263216,Plein jour,En agglomération,Intersection en Y,Normale,Deux véhicules - côté,4,1,1,0,1,1,1,0,1,50,2,2,1,0,0,1,42.0,17.0,voiture,deux_roues,1,2,4,1,3
202300021635,2023-04-21 14:00:00,2023,4,21,14,0,75,75110,RUE ALIBERT,48.871725,2.367896,Plein jour,En agglomération,Hors intersection,Normale,Sans collision,4,1,2,2,1,1,1,0,1,30,1,1,0,0,0,1,18.0,,deux_roues,,1,2,1,1,7
202300021636,2023-07-03 00:05:00,2023,7,3,0,5,61,61341,A28 PK 168+840,48.522175,0.149688,Nuit sans éclairage public,Hors agglomération,Hors intersection,Normale,Deux véhicules - arrière,1,3,2,0,1,1,1,0,1,130,2,3,2,0,0,1,25.0,41.0,voiture,utilitaire_camion,3,1,1,1,2
202300021637,2023-04-21 18:30:00,2023,4,21,18,30,75,75107,RUE DE L UNIVERSITE,48.861049,2.313238,Plein jour,En agglomération,Intersection en X,Normale,Deux véhicules - arrière,4,2,2,0,1,1,1,0,1,30,2,3,0,0,1,2,30.0,30.0,deux_roues,deux_roues,1,2,2,1,2
202300021637,2023-04-21 18:30:00,2023,4,21,18,30,75,75107,RUE DE L UNIVERSITE,48.861049,2.313238,Plein jour,En agglomération,Intersection en X,Normale,Deux véhicules - arrière,4,2,1,0,1,1,1,0,1,30,2,3,0,0,1,2,30.0,30.0,deux_roues,deux_roues,1,2,2,1,2
202300021638,2023-07-02 08:50:00,2023,7,2,8,50,51,51109,D26,49.287987,3.918337,Plein jour,Hors agglomération,Intersection en X,Temps couvert,Deux véhicules - frontale,3,2,2,0,1,3,1,5,1,80,2,3,1,0,1,1,30.0,60.0,voiture,voiture,1,1,2,8,1
202300021638,2023-07-02 08:50:00,2023,7,2,8,50,51,51109,D26,49.287987,3.918337,Plein jour,Hors agglomération,Intersection en X,Temps couvert,Deux véhicules - frontale,3,2, -1,-1,1,1,1,5,1,-1,2,3,1,0,1,1,30.0,60.0,voiture,voiture,1,1,2,8,1
202300021639,2023-06-30 09:45:00,2023,6,30,9,45,19,19278,Varetz,45.217924,1.418679,Plein jour,Hors agglomération,Intersection en T,Normale,Deux véhicules - côté,3,2,2,0,2,1,1,0,1,90,2,2,1,0,1,0,40.0,71.0,deux_roues,voiture,1,1,3,1,3
202300021639,2023-06-30 09:45:00,2023,6,30,9,45,19,19278,Varetz,45.217924,1.418679,Plein jour,Hors agglomération,Intersection en T,Normale,Deux véhicules - côté,3,2, -1,-1,1,1,1,0,1,90,2,2,1,0,1,0,40.0,71.0,deux_roues,voiture,1,1,3,1,3
202300021640,2023-04-21 19:15:00,2023,4,21,19,15,75,75104,PONT D ARCOLE,48.855851,2.350816,Plein jour,En agglomération,Intersection en X,Normale,Deux véhicules - arrière,4,2,2,0,1,1,1,2,1,30,2,2,1,0,0,1,26.0,44.0,deux_roues,deux_roues,1,2,2,1,2
202300021640,2023-04-21 19:15:00,2023,4,21,19,15,75,75104,PONT D ARCOLE,48.855851,2.350816,Plein jour,En agglomération,Intersection en X,Normale,Deux véhicules - arrière,4,1,4,0,1,1,1,0,1,50,2,2,1,0,0,1,26.0,44.0,deux_roues,deux_roues,1,2,2,1,2
202300021641,2023-07-01 17:40:00,2023,7,1,17,40,56,56002,Fleuriac,47.555061,-2.532064,Plein jour,Hors agglomération,Intersection en T,Normale,Deux véhicules - côté,3,2,2,0,1,1,1,0,1,80,2,2,1,0,1,0,56.0,57.0,deux_roues,voiture,1,1,3,1,3
202300021641,2023-07-01 17:40:00,2023,7,1,17,40,56,56002,Fleuriac,47.555061,-2.532064,Plein jour,Hors agglomération,Intersection en T,Normale,Deux véhicules - côté,3,2,2,-1,1,1,1,0,1,-1,2,2,1,0,1,0,56.0,57.0,deux_roues,voiture,1,1,3,1,3
202300021642,2023-04-19 22:30:00,2023,4,19,22,30,94,94081,Avenue Henri Barbusse,48.793006,2.394022,Nuit avec éclairage allumé,En agglomération,Hors intersection,Normale,Deux véhicules - côté,3,3,4,3,1,1,1,0,1,50,2,2,0,0,0,2,27.0,26.0,deux_roues,voiture,5,2,1,1,3
202300021643,2023-06-04 10:50:00,2023,6,4,10,50,79,79123,,46.801954,-0.64476,Plein jour,Hors agglomération,Hors intersection,Normale,Sans collision,3,2,2,0,1,2,1,0,3,80,1,1,0,0,1,0,63.0,,deux_roues,,1,1,1,1,7
202300021644,2023-04-21 01:30:00,2023,4,21,1,30,94,94046,Rue du 11 Novembre 1918,48.80685,2.43497,Nuit avec éclairage allumé,En agglomération,Hors intersection,Normale,Autre collision,4,1,1,0,1,1,1,0,1,50,1,1,0,0,0,1,27.0,,voiture,,5,2,1,1,6
202300021645,2023-07-02 04:40:00,2023,7,2,4,40,81,81120,N112,43.5269236,2.293047,Nuit sans éclairage public,Hors agglomération,Hors intersection,Pluie légère,Deux véhicules - frontale,2,2,2,0,1,3,2,0,1,80,2,2,0,0,2,0,56.0,24.0,voiture,voiture,3,1,1,2,1
202300021646,2023-07-02 23:00:00,2023,7,2,23,0,71,71340,19 Rue du Moulin,46.566521,4.218439,Nuit sans éclairage public,En agglomération,Hors intersection,Normale,Autre collision,4,2,2,0,1,1,1,0,4,50,1,1,0,0,1,0,56.0,,utilitaire_camion,,3,2,1,1,6
202300021647,2023-04-19 20:45:00,2023,4,19,20,45,94,94046,Rue Jean Jaurès,48.793487,2.434428,Crépuscule ou aube,En agglomération,Hors intersection,Normale,Deux véhicules - arrière,3,1,1,0,1,1,1,0,1,50,2,2,1,0,0,1,,19.0,autre,deux_roues,2,2,1,1,2
202300021648,2023-07-03 16:45:00,2023,7,3,16,45,71,71085,6 Rue de Reme,46.929748,4.621425,Plein jour,Hors agglomération,Hors intersection,Normale,Sans collision,4,-1,2,0,2,1,1,0,3,80,1,1,0,0,1,0,49.0,,utilitaire_camion,,1,1,1,1,7
202300021649,2023-04-21 22:10:00,2023,4,21,22,10,93,93072,Avenue Marcel Cachin / Rue Pierre Huet,48.9596,2.38215,Nuit avec éclairage allumé,En agglomération,Intersection en X,Normale,Deux véhicules - arrière,3,2,2,0,1,1,1,0,1,50,2,2,1,0,0,1,,23.0,autre,deux_roues,5,2,2,1,2
202300021649,2023-04-21 22:10:00,2023,4,21,22,10,93,93072,Avenue Marcel Cachin / Rue Pierre Huet,48.9596,2.38215,Nuit avec éclairage allumé,En agglomération,Intersection en X,Normale,Deux véhicules - arrière,3,1,1,-1,1,1,1,0,1,-1,2,2,1,0,0,1,,23.0,autre,deux_roues,5,2,2,1,2
202300021650,2023-07-03 14:00:00,2023,7,3,14,0,63,63223,Lieu Dit Montvachoux,46.11685257,2.88642555,Plein jour,Hors agglomération,Hors intersection,Normale,Deux véhicules - arrière,3,2,2,0,2,3,1,0,1,90,2,2,1,0,0,1,33.0,38.0,deux_roues,voiture,1,1,1,1,2
202300021651,2023-04-21 09:00:00,2023,4,21,9,0,93,93071,Allee de Bir Hakeim / Allée du Marechal Bugeaud,48.92888332,2.51926106,Plein jour,En agglomération,Intersection en X,Normale,Deux véhicules - côté,4,2,2,0,2,1,1,0,1,50,2,2,1,0,0,1,26.0,27.0,utilitaire_camion,autre,1,2,2,1,3
202300021651,2023-04-21 09:00:00,2023,4,21,9,0,93,93071,Allee de Bir Hakeim / Allée du Marechal Bugeaud,48.92888332,2.51926106,Plein jour,En agglomération,Intersection en X,Normale,Deux véhicules - côté,4,1,1,0,1,1,1,0,1,50,2,2,1,0,0,1,26.0,27.0,utilitaire_camion,autre,1,2,2,1,3
202300021652,2023-07-01 18:46:00,2023,7,1,18,46,63,63121,D797/D797B Route de Clermont/Champeix,45.613613,3.203684,Plein jour,En agglomération,Intersection en T,Normale,Deux véhicules - côté,3,2,1,0,2,2,1,0,1,50,2,2,0,0,1,1,17.0,20.0,deux_roues,voiture,1,2,3,1,3
202300021652,2023-07-01 18:46:00,2023,7,1,18,46,63,63121,D797/D797B Route de Clermont/Champeix,45.613613,3.203684,Plein jour,En agglomération,Intersection en T,Normale,Deux véhicules - côté,3,2,2,-1,1,1,1,5,1,50,2,2,0,0,1,1,17.0,20.0,deux_roues,voiture,1,2,3,1,3
202300021653,2023-04-21 22:00:00,2023,4,21,22,0,93,93066,Rue Gabriel Péri,48.936449,2.356065,Nuit avec éclairage allumé,En agglomération,Hors intersection,Normale,Autre collision,4,1,1,0,1,1,1,0,1,50,1,2,1,0,0,1,35.0,,deux_roues,,5,2,1,1,6
202300021654,2023-07-02 19:00:00,2023,7,2,19,0,49,49218,Le Terreau (Le Fief-Sauvin),47.237697,-1.069681,Plein jour,Hors agglomération,Hors intersection,Normale,Deux véhicules - côté,4,2,2,0,2,2,1,0,1,80,2,3,2,0,1,0,66.0,18.0,voiture,deux_roues,1,1,1,1,3