accident_id,datetime,annee,mois,jour,heure,minute,departement,commune_insee,adresse,latitude,longitude,luminosite,agglomeration,intersection,meteo,collision,catr,circ,nbv,vosp,prof,plan,surf,infra,situ,vma,nb_vehicules,nb_usagers,nb_indemnes,nb_tues,nb_blesses_hosp,nb_blesses_legers,age_cond_1,age_cond_2,veh_type_cond_1,veh_type_cond_2,lum_code,agg_code,int_code,atm_code,col_code
202300021808,2023-04-20 07:00:00,2023,4,20,7,0,75,75115,RUE LOUIS VICAT,48.825482,2.300273,Crépuscule ou aube,En agglomération,Intersection en X,Normale,Deux véhicules - côté,4,1, -1,-1,1,1,1,0,1,30,2,2,1,0,0,1,53.0,47.0,utilitaire_camion,deux_roues,2,2,2,1,3
202300021808,2023-04-20 07:00:00,2023,4,20,7,0,75,75115,RUE LOUIS VICAT,48.825482,2.300273,Crépuscule ou aube,En agglomération,Intersection en X,Normale,Deux véhicules - côté,4,1,0,0,1,1,1,0,1,30,2,2,1,0,0,1,53.0,47.0,utilitaire_camion,deux_roues,2,2,2,1,3
202300021809,2023-08-07 14:45:00,2023,8,7,14,45,21,21038,5 Rue de Chevigny,47.193744,5.396474,Plein jour,En agglomération,Hors intersection,Normale,Deux véhicules - arrière,4,2,2,0,1,1,1,0,1,50,2,2,1,0,0,1,66.0,17.0,voiture,deux_roues,1,2,1,1,2
202300021810,2023-04-20 08:49:00,2023,4,20,8,49,75,75112,PORT DE LA RAPEE,48.84235,2.37107,Plein jour,En agglomération,Hors intersection,Normale,Deux véhicules - frontale,4,1,1,0,1,1,1,0,1,-1,2,2,0,0,0,2,29.0,46.0,deux_roues,deux_roues,1,2,1,1,1
202300021811,2023-08-07 11:20:00,2023,8,7,11,20,88,88173,N57,48.374041,6.258259,Plein jour,Hors agglomération,Hors intersection,Normale,Deux véhicules - côté,2,3,2,0,2,3,1,0,1,110,2,3,1,0,2,0,26.0,64.0,voiture,deux_roues,1,1,1,1,3
202300021812,2023-04-20 18:57:00,2023,4,20,18,57,75,75111,BOULEVARD RICHARD LENOIR,48.854075,2.382672,Plein jour,En agglomération,Intersection en T,Normale,Deux véhicules - arrière,4,1,3,1,1,1,1,0,5,30,2,2,0,0,0,2,26.0,69.0,deux_roues,deux_roues,1,2,3,1,2
202300021812,2023-04-20 18:57:00,2023,4,20,18,57,75,75111,BOULEVARD RICHARD LENOIR,48.854075,2.382672,Plein jour,En agglomération,Intersection en T,Normale,Deux véhicules - arrière,4,2, -1,-1,1,1,1,0,5,-1,2,2,0,0,0,2,26.0,69.0,deux_roues,deux_roues,1,2,3,1,2
202300021813,2023-08-07 23:40:00,2023,8,7,23,40,07,07156,2770 Route du Puy En Velay,44.674215,4.25658,Nuit avec éclairage allumé,Hors agglomération,Hors intersection,Normale,Autre collision,2,2,2,0,1,1,1,0,3,50,1,3,2,0,1,0,20.0,,voiture,,5,1,1,1,6
202300021814,2023-04-20 12:10:00,2023,4,20,12,10,75,75120,RUE BELGRAND,48.864789,2.401322,Plein jour,En agglomération,Intersection en X,Normale,Deux véhicules - côté,4,2,2,1,2,1,1,0,1,30,2,2,1,0,0,1,43.0,43.0,deux_roues,voiture,1,2,2,1,3
202300021814,2023-04-20 12:10:00,2023,4,20,12,10,75,75120,RUE BELGRAND,48.864789,2.401322,Plein jour,En agglomération,Intersection en X,Normale,Deux véhicules - côté,4,1,1,0,1,1,1,0,1,30,2,2,1,0,0,1,43.0,43.0,deux_roues,voiture,1,2,2,1,3
202300021815,2023-08-07 20:30:00,2023,8,7,20,30,29,29042,2 1-Kergoff-Porsalut,48.247887,-4.39819,Plein jour,Hors agglomération,Hors intersection,Normale,Autre collision,3,2,2,0,2,3,1,0,1,80,1,3,1,0,0,2,21.0,,voiture,,1,1,1,1,6
202300021816,2023-08-07 13:15:00,2023,8,7,13,15,27,27242,D830,48.938034,0.82994,Plein jour,Hors agglomération,Hors intersection,Normale,Deux véhicules - frontale,3,2,2,0,1,1,1,0,1,80,2,3,2,0,1,0,15.0,34.0,voiture,voiture,1,1,1,1,1
202300021817,2023-04-20 09:55:00,2023,4,20,9,55,75,75111,RUE DE LA ROQUETTE,48.856375,2.37678,Plein jour,En agglomération,Intersection en T,Normale,Deux véhicules - côté,4,2, -1,0,1,1,1,0,1,30,2,2,1,0,0,1,44.0,18.0,utilitaire_camion,deux_roues,1,2,3,1,3
202300021817,2023-04-20 09:55:00,2023,4,20,9,55,75,75111,RUE DE LA ROQUETTE,48.856375,2.37678,Plein jour,En agglomération,Intersection en T,Normale,Deux véhicules - côté,4,1,1,0,1,1,1,0,1,30,2,2,1,0,0,1,44.0,18.0,utilitaire_camion,deux_roues,1,2,3,1,3
202300021818,2023-07-20 16:45:00,2023,7,20,16,45,60,60341,Route de Senlis,49.09320907,2.747969,Plein jour,En agglomération,Hors intersection,Normale,Deux véhicules - côté,2,2,2,0,1,1,1,0,1,50,2,2,1,0,0,1,24.0,18.0,voiture,deux_roues,1,2,1,1,3
202300021819,2023-04-20 16:50:00,2023,4,20,16,50,75,75110,BOULEVARD DE MAGENTA,48.878248,2.354339,Plein jour,En agglomération,Intersection en T,Normale,Autre collision,4,2,6,0,1,1,1,0,1,30,1,3,2,0,0,1,45.0,,utilitaire_camion,,1,2,3,1,6
202300021819,2023-04-20 16:50:00,2023,4,20,16,50,75,75110,BOULEVARD DE MAGENTA,48.878248,2.354339,Plein jour,En agglomération,Intersection en T,Normale,Autre collision,4,1, -1,-1,1,1,1,0,1,30,1,3,2,0,0,1,45.0,,utilitaire_camion,,1,2,3,1,6
202300021820,2023-08-07 11:15:00,2023,8,7,11,15,13,13215,A7-Sens Lyon vers Marseille,43.34361228,5.37576092,Plein jour,Hors agglomération,Hors intersection,Normale,Deux véhicules - côté,1,1,4,0,1,1,1,0,1,70,2,3,1,0,0,2,37.0,45.0,voiture,utilitaire_camion,1,1,1,1,3
202300021821,2023-08-06 22:25:00,2023,8,6,22,25,33,33122,AUTOROUTE A 63,44.726786,-0.73082685,Nuit sans éclairage public,Hors agglomération,Hors intersection,Normale,Autre collision,1,3,4,0,1,1,1,0,3,110,1,2,1,0,0,1,60.0,,voiture,,3,1,1,1,6
202300021822,2023-04-19 04:00:00,2023,4,19,4,0,75,75109,BOULEVARD DE CLICHY,48.883862,2.328563,Nuit avec éclairage allumé,En agglomération,Intersection en T,Normale,Deux véhicules - côté,4,1,2,3,1,1,1,0,6,30,2,3,2,0,0,1,54.0,24.0,transport_commun,voiture,5,2,3,1,3
202300021822,2023-04-19 04:00:00,2023,4,19,4,0,75,75109,BOULEVARD DE CLICHY,48.883862,2.328563,Nuit avec éclairage allumé,En agglomération,Intersection en T,Normale,Deux véhicules - côté,4,-1, -1,3,1,1,1,0,6,30,2,3,2,0,0,1,54.0,24.0,transport_commun,voiture,5,2,3,1,3
202300021823,2023-08-04 07:10:00,2023,8,4,7,10,59,59350,ROUTE DEPARTEMENTALE 652,50.64837,2.97886,Crépuscule ou aube,Hors agglomération,Hors intersection,Normale,Deux véhicules - arrière,7,1,4,0,1,1,1,0,1,70,2,2,1,0,0,1,51.0,33.0,voiture,voiture,2,1,1,1,2
202300021824,2023-04-20 21:01:00,2023,4,20,21,1,94,94044,Avenue Gabriel Péri,48.75270488,2.48581016,Nuit avec éclairage allumé,En agglomération,Hors intersection,Normale,Deux véhicules - frontale,3,2,2,0,1,1,1,0,1,50,2,3,1,0,0,2,24.0,43.0,deux_roues,voiture,5,2,1,1,1
202300021825,2023-08-06 10:23:00,2023,8,6,10,23,78,78640,A86 EXT,48.779063,2.199744,Plein jour,Hors agglomération,Hors intersection,Normale,Autre collision,1,-1,3,0,1,1,2,0,1,90,1,1,0,0,0,1,23.0,,voiture,,1,1,1,1,6
202300021826,2023-08-06 05:44:00,2023,8,6,5,44,92,92025,A86,48.93542176,2.2605831,Crépuscule ou aube,Hors agglomération,Hors intersection,Normale,Sans collision,1,-1,2,0,1,1,2,0,1,90,1,1,0,0,0,1,23.0,,voiture,,2,1,1,1,7
202300021827,2023-08-07 01:35:00,2023,8,7,1,35,95,95256,N184,49.05653,2.20573,Nuit sans éclairage public,Hors agglomération,Hors intersection,Normale,Autre collision,2,3,3,0,1,2,1,0,1,110,1,2,1,0,0,1,38.0,,voiture,,3,1,1,1,6
202300021828,2023-04-19 16:45:00,2023,4,19,16,45,94,94068,Avenue Victoria,48.79788,2.49603,Plein jour,En agglomération,Intersection en T,Normale,Autre collision,3,2,2,0,1,1,1,0,1,30,1,2,1,0,0,1,21.0,,voiture,,1,2,3,1,6
202300021828,2023-04-19 16:45:00,2023,4,19,16,45,94,94068,Avenue Victoria,48.79788,2.49603,Plein jour,En agglomération,Intersection en T,Normale,Autre collision,3,1,1,0,1,1,1,0,1,30,1,2,1,0,0,1,21.0,,voiture,,1,2,3,1,6
202300021829,2023-04-20 11:10:00,2023,4,20,11,10,94,94046,14 Rue Eugène Renault,48.81503,2.41835,Plein jour,En agglomération,Hors intersection,Normale,Autre collision,3,1,4,0,1,1,1,0,1,50,1,2,1,0,0,1,47.0,,voiture,,1,2,1,1,6
202300021830,2023-04-25 12:30:00,2023,4,25,12,30,13,13056,LAURONS RUE DES,43.3539,5.0255,Plein jour,En agglomération,Hors intersection,Normale,Deux véhicules - frontale,4,2,2,0,2,2,1,0,1,30,2,2,0,0,0,2,52.0,24.0,voiture,voiture,1,2,1,1,1
202300021831,2023-02-04 17:00:00,2023,2,4,17,0,93,93029,Avenue Henri Barbusse / Rue Charles Gide,48.91661,2.44463,Plein jour,En agglomération,Intersection en X,Normale,Autre collision,3,2,2,0,1,1,2,0,1,50,1,2,1,0,0,1,21.0,,voiture,,1,2,2,1,6
202300021831,2023-02-04 17:00:00,2023,2,4,17,0,93,93029,Avenue Henri Barbusse / Rue Charles Gide,48.91661,2.44463,Plein jour,En agglomération,Intersection en X,Normale,Autre collision,3,2,2,-1,1,1,2,0,1,-1,1,2,1,0,0,1,21.0,,voiture,,1,2,2,1,6
202300021832,2023-08-03 19:00:00,2023,8,3,19,0,988,98818,RUE LEON COURSIN/BOULEVARD EXTERIEUR,-22.27591,166.44901,Nuit avec éclairage allumé,En agglomération,Intersection en X,Normale,Autre collision,4,1,2,-1,-1,1,1,5,1,50,1,2,1,0,0,1,69.0,,voiture,,5,2,2,1,6
202300021832,2023-08-03 19:00:00,2023,8,3,19,0,988,98818,RUE LEON COURSIN/BOULEVARD EXTERIEUR,-22.27591,166.44901,Nuit avec éclairage allumé,En agglomération,Intersection en X,Normale,Autre collision,4,1,2,0,2,1,1,5,1,50,1,2,1,0,0,1,69.0,,voiture,,5,2,2,1,6
202300021833,2023-08-03 14:39:00,2023,8,3,14,39,988,98818,RUE LEON COURSINT/RUE DE LA VALBONNE,-22.27549,166.44876,Plein jour,En agglomération,Intersection en X,Normale,Deux véhicules - côté,4,1,2,0,2,1,1,0,1,50,2,2,1,0,1,0,47.0,43.0,deux_roues,utilitaire_camion,1,2,2,1,3
202300021833,2023-08-03 14:39:00,2023,8,3,14,39,988,98818,RUE LEON COURSINT/RUE DE LA VALBONNE,-22.27549,166.44876,Plein jour,En agglomération,Intersection en X,Normale,Deux véhicules - côté,4,1,1,0,1,1,1,0,1,50,2,2,1,0,1,0,47.0,43.0,deux_roues,utilitaire_camion,1,2,2,1,3
202300021834,2023-08-06 01:00:00,2023,8,6,1,0,974,97416,BADAMIER(CHEMIN),-21.32866,55.45894,Nuit sans éclairage public,Hors agglomération,Autre intersection,Normale,Deux véhicules - frontale,4,2,2,0,1,2,1,0,1,70,2,2,1,0,0,1,49.0,49.0,voiture,utilitaire_camion,3,1,9,1,1
202300021835,2023-08-03 15:40:00,2023,8,3,15,40,974,97416,BOEUF(CHEMIN),-21.2895,55.4647,Plein jour,Hors agglomération,Hors intersection,Normale,Deux véhicules - arrière,4,2,2,0,1,1,1,0,1,50,2,2,1,0,0,1,28.0,54.0,deux_roues,voiture,1,1,1,1,2
202300021836,2023-08-05 21:35:00,2023,8,5,21,35,974,97411,BOIS DE NEFLES (RUE DU),-20.90574935,55.47850657,Nuit avec éclairage allumé,En agglomération,Intersection en T,Normale,Deux véhicules - côté,3,2,2,0,2,1,1,0,1,-1,2,2,1,0,0,1,20.0,24.0,voiture,deux_roues,5,2,3,1,3
202300021836,2023-08-05 21:35:00,2023,8,5,21,35,974,97411,BOIS DE NEFLES (RUE DU),-20.90574935,55.47850657,Nuit avec éclairage allumé,En agglomération,Intersection en T,Normale,Deux véhicules - côté,3,2,2,0,2,3,1,0,1,50,2,2,1,0,0,1,20.0,24.0,voiture,deux_roues,5,2,3,1,3
202300021837,2023-08-05 19:10:00,2023,8,5,19,10,974,97411,WAGNER (AVENUE RICHARD),-20.89737,55.48272,Nuit avec éclairage allumé,En agglomération,Intersection en X,Normale,Deux véhicules - côté,4,2,2,0,1,1,1,0,1,30,2,2,1,0,1,0,45.0,17.0,voiture,deux_roues,5,2,2,1,3
202300021837,2023-08-05 19:10:00,2023,8,5,19,10,974,97411,WAGNER (AVENUE RICHARD),-20.89737,55.48272,Nuit avec éclairage allumé,En agglomération,Intersection en X,Normale,Deux véhicules - côté,4,2,2,0,1,1,1,0,1,50,2,2,1,0,1,0,45.0,17.0,voiture,deux_roues,5,2,2,1,3
202300021838,2023-08-04 01:30:00,2023,8,4,1,30,974,97411,JOFFRE (BOULEVARD),-20.87433,55.45347,Nuit avec éclairage allumé,En agglomération,Hors intersection,Normale,Autre collision,2,2,3,0,1,1,1,0,1,50,1,1,0,0,1,0,22.0,,voiture,,5,2,1,1,6
202300021839,2023-08-03 15:50:00,2023,8,3,15,50,974,97411,JAURES (BOULEVARD JEAN),-20.88844,55.44655,Plein jour,En agglomération,Autre intersection,Normale,Deux véhicules - côté,2,1,3,0,1,1,1,9,1,70,2,4,3,0,0,1,51.0,18.0,voiture,voiture,1,2,9,1,3
202300021839,2023-08-03 15:50:00,2023,8,3,15,50,974,97411,JAURES (BOULEVARD JEAN),-20.88844,55.44655,Plein jour,En agglomération,Autre intersection,Normale,Deux véhicules - côté,2,1,4,0,1,1,1,9,1,70,2,4,3,0,0,1,51.0,18.0,voiture,voiture,1,2,9,1,3
202300021840,2023-08-03 10:00:00,2023,8,3,10,0,974,97411,LABOURDONNAIS,-20.87654,55.44828,Plein jour,En agglomération,Intersection en T,Normale,Deux véhicules - côté,4,1,2,0,1,1,1,0,1,40,2,3,2,0,0,1,40.0,69.0,voiture,voiture,1,2,3,1,3
202300021840,2023-08-03 10:00:00,2023,8,3,10,0,974,97411,LABOURDONNAIS,-20.87654,55.44828,Plein jour,En agglomération,Intersection en T,Normale,Deux véhicules - côté,4,1,1,0,1,1,1,9,1,40,2,3,2,0,0,1,40.0,69.0,voiture,voiture,1,2,3,1,3
202300021841,2023-08-04 15:15:00,2023,8,4,15,15,974,97407,STRASBOURG(BOULEVARD),-20.93564027,55.29668864,Plein jour,En agglomération,Intersection en T,Normale,Deux véhicules - côté,4,2,1,0,1,1,1,5,4,50,2,2,1,0,0,1,45.0,38.0,autre,deux_roues,1,2,3,1,3
202300021841,2023-08-04 15:15:00,2023,8,4,15,15,974,97407,STRASBOURG(BOULEVARD),-20.93564027,55.29668864,Plein jour,En agglomération,Intersection en T,Normale,Deux véhicules - côté,4,2,1,0,1,1,1,5,4,50,2,2,1,0,0,1,45.0,38.0,autre,deux_roues,1,2,3,1,3
202300021842,2023-08-04 08:10:00,2023,8,4,8,10,974,97407,LECONTE DELISLE,-20.93845,55.29007,Plein jour,En agglomération,Intersection en X,Temps éblouissant,Autre collision,4,1,0,0,1,1,1,9,1,50,1,2,1,0,0,1,23.0,,voiture,,1,2,2,7,6
202300021842,2023-08-04 08:10:00,2023,8,4,8,10,974,97407,LECONTE DELISLE,-20.93845,55.29007,Plein jour,En agglomération,Intersection en X,Temps éblouissant,Autre collision,4,2, -1,-1,1,1,1,5,1,-1,1,2,1,0,0,1,23.0,,voiture,,1,2,2,7,6
202300021843,2023-08-05 16:10:00,2023,8,5,16,10,973,97302,MONTABO (ROUTE DE) 1,4.9421032,-52.3047924,Plein jour,En agglomération,Autre intersection,Normale,Deux véhicules - côté,3,2,2,2,1,1,1,0,1,50,2,3,2,0,0,1,47.0,33.0,deux_roues,voiture,1,2,9,1,3
202300021844,2023-08-05 13:50:00,2023,8,5,13,50,973,97302,DIGUE RONJON,4.93334087,-52.33167887,Plein jour,En agglomération,Intersection en X,Normale,Deux véhicules - côté,4,1,1,0,1,1,1,0,1,50,2,2,1,0,0,1,39.0,41.0,voiture,deux_roues,1,2,2,1,3
202300021844,2023-08-05 13:50:00,2023,8,5,13,50,973,97302,DIGUE RONJON,4.93334087,-52.33167887,Plein jour,En agglomération,Intersection en X,Normale,Deux véhicules - côté,4,2,2,0,1,1,1,0,1,50,2,2,1,0,0,1,39.0,41.0,voiture,deux_roues,1,2,2,1,3
202300021845,2023-07-06 09:25:00,2023,7,6,9,25,973,97302,BADUEL (ROUTE DE),4.93172,-52.3068,Plein jour,En agglomération,Hors intersection,Normale,Deux véhicules - arrière,3,2,2,0,1,1,1,0,1,50,2,2,1,0,0,1,32.0,60.0,voiture,voiture,1,2,1,1,2
202300021846,2023-07-20 08:00:00,2023,7,20,8,0,973,97302,JADFARD (RENE),4.93495403,-52.32951298,Plein jour,En agglomération,Intersection en X,Normale,Deux véhicules - côté,4,1,1,0,1,1,1,0,1,50,2,2,1,0,0,1,24.0,50.0,voiture,voiture,1,2,2,1,3
202300021846,2023-07-20 08:00:00,2023,7,20,8,0,973,97302,JADFARD (RENE),4.93495403,-52.32951298,Plein jour,En agglomération,Intersection en X,Normale,Deux véhicules - côté,4,2,2,0,1,1,1,0,1,50,2,2,1,0,0,1,24.0,50.0,voiture,voiture,1,2,2,1,3
202300021847,2023-08-03 18:00:00,2023,8,3,18,0,973,97302,TROUBIRAN (CHEMIN DE),4.92402,-52.30385,Plein jour,En agglomération,Hors intersection,Normale,Deux véhicules - côté,4,2,2,0,1,1,1,0,1,50,2,4,2,0,0,2,36.0,26.0,deux_roues,voiture,1,2,1,1,3
202300021848,2023-08-03 06:20:00,2023,8,3,6,20,973,97302,CABASSOU (ROUTE DE),4.92001946,-52.31978059,Crépuscule ou aube,En agglomération,Hors intersection,Normale,Autre collision,3,2,2,0,1,1,1,0,1,50,1,2,1,0,1,0,,,voiture,,2,2,1,1,6
202300021849,2023-08-03 00:20:00,2023,8,3,0,20,973,97302,MALOUET,4.93650662,-52.33366773,Nuit avec éclairage allumé,En agglomération,Hors intersection,Normale,Sans collision,4,1,1,0,2,1,1,0,1,50,1,1,0,0,0,1,21.0,,voiture,,5,2,1,1,7
202300021850,2023-08-06 17:50:00,2023,8,6,17,50,69,69386,Avenue Maréchal de Saxe,45.76616,4.84443,Plein jour,En agglomération,Intersection en T,Normale,Deux véhicules - arrière,4,2,2,3,1,1,1,9,1,50,2,2,1,0,0,1,26.0,22.0,voiture,deux_roues,1,2,3,1,2
202300021850,2023-08-06 17:50:00,2023,8,6,17,50,69,69386,Avenue Maréchal de Saxe,45.76616,4.84443,Plein jour,En agglomération,Intersection en T,Normale,Deux véhicules - arrière,4,1,1,2,1,1,1,0,1,30,2,2,1,0,0,1,26.0,22.0,voiture,deux_roues,1,2,3,1,2
202300021851,2023-08-05 07:00:00,2023,8,5,7,0,69,69387,Rue Jean Grolier,45.72122,4.84349,Crépuscule ou aube,En agglomération,Hors intersection,Normale,Autre collision,4,1,1,0,1,1,1,0,1,30,1,2,1,0,0,1,34.0,,voiture,,2,2,1,1,6
202300021852,2023-08-04 14:56:00,2023,8,4,14,56,69,69383,Rue Paul Bert,45.7562,4.84615,Plein jour,En agglomération,Intersection en X,Normale,Autre collision,4,1,1,0,1,1,1,0,1,30,1,1,0,0,1,0,25.0,,deux_roues,,1,2,2,1,6
202300021852,2023-08-04 14:56:00,2023,8,4,14,56,69,69383,Rue Paul Bert,45.7562,4.84615,Plein jour,En agglomération,Intersection en X,Normale,Autre collision,4,1,1,2,1,1,1,0,1,30,1,1,0,0,1,0,25.0,,deux_roues,,1,2,2,1,6
202300021853,2023-08-04 10:30:00,2023,8,4,10,30,69,69386,Rue Boileau,45.77071,4.84869,Plein jour,En agglomération,Intersection en T,Pluie légère,Deux véhicules - frontale,4,1,1,2,1,1,2,0,1,30,2,2,1,0,0,1,29.0,66.0,deux_roues,voiture,1,2,3,2,1
202300021853,2023-08-04 10:30:00,2023,8,4,10,30,69,69386,Rue Boileau,45.77071,4.84869,Plein jour,En agglomération,Intersection en T,Pluie légère,Deux véhicules - frontale,4,1,1,2,1,1,2,0,1,30,2,2,1,0,0,1,29.0,66.0,deux_roues,voiture,1,2,3,2,1
202300021854,2023-08-03 13:00:00,2023,8,3,13,0,69,69386,Cours Lafayette,45.76358987,4.84588357,Plein jour,En agglomération,Hors intersection,Normale,Autre collision,4,1,1,3,1,1,1,0,1,50,2,2,1,0,0,1,44.0,37.0,voiture,deux_roues,1,2,1,1,6
202300021855,2023-08-04 03:55:00,2023,8,4,3,55,972,97209,BISHOP (Avenue Maurice),14.60504,-61.0597,Nuit avec éclairage allumé,En agglomération,Hors intersection,Normale,Autre collision,2,1,2,0,1,1,1,0,1,50,1,3,1,0,2,0,19.0,,voiture,,5,2,1,1,6
202300021856,2023-08-02 13:40:00,2023,8,2,13,40,69,69389,Bretelle Tassin Voie Sud,45.76648338,4.78973775,Plein jour,Hors agglomération,Autre intersection,Normale,Autre collision,7,3,4,3,1,1,1,0,6,70,1,1,0,0,0,1,37.0,,voiture,,1,1,9,1,6
202300021857,2023-08-03 00:22:00,2023,8,3,0,22,2B,2B033,ST FLORENT-ANCIENNE RT DE,42.68482,9.42202,Nuit sans éclairage public,Hors agglomération,Hors intersection,Normale,Deux véhicules - frontale,3,2,2,0,2,3,1,0,1,80,2,6,2,0,0,4,26.0,38.0,voiture,voiture,3,1,1,1,1
202300021858,2023-08-03 23:02:00,2023,8,3,23,2,2B,2B120,11 - RT,42.65373,9.44105,Nuit avec éclairage allumé,Hors agglomération,Hors intersection,Normale,Deux véhicules - arrière,2,3,4,0,1,1,1,1,1,70,2,3,0,0,0,3,30.0,23.0,voiture,voiture,5,1,1,1,2
202300021859,2023-08-05 02:30:00,2023,8,5,2,30,971,97101,GRAND CAMP(SECTION),16.25386,-61.53622,Nuit avec éclairage allumé,Hors agglomération,Hors intersection,Normale,Deux véhicules - côté,2,3,2,0,1,1,1,0,1,90,2,3,2,0,0,1,19.0,57.0,voiture,voiture,5,1,1,1,3
202300021860,2023-08-04 11:30:00,2023,8,4,11,30,971,97101,RN11,16.26832,-61.51189,Plein jour,Hors agglomération,Hors intersection,Normale,Deux véhicules - arrière,2,-1,4,0,1,1,1,0,1,50,2,2,1,0,0,1,42.0,85.0,utilitaire_camion,voiture,1,1,1,1,2
202300021861,2023-08-03 16:00:00,2023,8,3,16,0,971,97101,PATRICK SAINT ELOI ( AVENUE ),16.25249,-61.52502,Plein jour,En agglomération,Hors intersection,Normale,Autre collision,3,1,2,0,1,1,1,0,1,50,1,2,1,0,0,1,88.0,,voiture,,1,2,1,1,6
202300021862,2023-08-03 08:00:00,2023,8,3,8,0,971,97105,GASTON FEUILLARD(AVENUE),16.00324,-61.72767,Plein jour,En agglomération,Hors intersection,Normale,Deux véhicules - côté,3,2,2,0,1,1,1,0,1,50,2,3,0,0,0,3,32.0,45.0,voiture,utilitaire_camion,1,2,1,1,3
202300021863,2023-08-03 17:15:00,2023,8,3,17,15,2A,2A004,CALVI  ROUTE,41.95542643,8.7834996,Plein jour,Hors agglomération,Hors intersection,Normale,Deux véhicules - arrière,3,3,2,0,1,1,1,0,1,50,2,3,1,0,0,2,51.0,39.0,deux_roues,utilitaire_camion,1,1,1,1,2
202300021864,2023-07-11 10:15:00,2023,7,11,10,15,95,95268,D125,48.963953,2.411935,Plein jour,En agglomération,Hors intersection,Normale,Deux véhicules - frontale,3,2,2,0,1,1,1,0,1,50,2,2,1,0,1,0,20.0,65.0,utilitaire_camion,deux_roues,1,2,1,1,1
202300021865,2023-08-05 10:15:00,2023,8,5,10,15,91,91326,ALOUETTES (AVENUE DES),48.69466,2.35899,Plein jour,En agglomération,Intersection en X,Normale,Deux véhicules - côté,4,2,2,0,1,1,1,0,1,30,2,2,1,0,0,1,87.0,73.0,voiture,utilitaire_camion,1,2,2,1,3
202300021865,2023-08-05 10:15:00,2023,8,5,10,15,91,91326,ALOUETTES (AVENUE DES),48.69466,2.35899,Plein jour,En agglomération,Intersection en X,Normale,Deux véhicules - côté,4,2,4,0,1,1,1,0,1,30,2,2,1,0,0,1,87.0,73.0,voiture,utilitaire_camion,1,2,2,1,3
202300021866,2023-08-04 14:30:00,2023,8,4,14,30,91,91687,DE FLEURY (ROUTE ),48.65112,2.36821,Plein jour,En agglomération,Intersection en T,Normale,Autre collision,4,1,2,0,1,1,1,0,1,50,2,2,1,0,1,0,52.0,41.0,deux_roues,voiture,1,2,3,1,6
202300021866,2023-08-04 14:30:00,2023,8,4,14,30,91,91687,DE FLEURY (ROUTE ),48.65112,2.36821,Plein jour,En agglomération,Intersection en T,Normale,Autre collision,4,2,2,0,1,1,1,0,8,50,2,2,1,0,1,0,52.0,41.0,deux_roues,voiture,1,2,3,1,6
202300021867,2023-07-28 15:00:00,2023,7,28,15,0,91,91228,ROUTE DE MENNECY,48.64133,2.4202,Plein jour,En agglomération,Hors intersection,Normale,Autre collision,3,2,2,0,1,1,1,8,1,50,2,2,1,0,1,0,31.0,,utilitaire_camion,,1,2,1,1,6
202300021868,2023-08-05 04:45:00,2023,8,5,4,45,91,91223,GEROFOSSE (RUE DE),48.42811,2.1709,Nuit sans éclairage public,En agglomération,Hors intersection,Pluie légère,Sans collision,4,2,2,0,2,3,2,0,4,50,1,1,0,0,0,1,17.0,,deux_roues,,3,2,1,2,7
202300021869,2023-08-04 18:42:00,2023,8,4,18,42,89,89387,D606,48.19092,3.31149,Plein jour,En agglomération,Hors intersection,Normale,Trois véhicules et plus - en chaîne,3,2,2,0,1,1,1,2,1,80,3,3,1,0,0,2,67.0,49.0,voiture,voiture,1,2,1,1,4
202300021870,2023-08-06 19:42:00,2023,8,6,19,42,88,88383,Boulevard Thiers,48.01707,6.59511,Plein jour,En agglomération,Autre intersection,Normale,Deux véhicules - frontale,4,3,2,0,1,1,1,5,1,30,2,2,1,0,1,0,31.0,18.0,voiture,deux_roues,1,2,9,1,1
202300021871,2023-08-01 10:00:00,2023,8,1,10,0,87,87050,RN 147,45.90574,1.22264,Plein jour,Hors agglomération,Intersection en T,Normale,Deux véhicules - côté,2,2,2,0,1,1,1,0,1,50,2,2,1,0,0,1,67.0,58.0,voiture,voiture,1,1,3,1,3
202300021871,2023-08-01 10:00:00,2023,8,1,10,0,87,87050,RN 147,45.90574,1.22264,Plein jour,Hors agglomération,Intersection en T,Normale,Deux véhicules - côté,2,2,2,0,1,1,1,0,1,80,2,2,1,0,0,1,67.0,58.0,voiture,voiture,1,1,3,1,3
202300021872,2023-08-01 09:20:00,2023,8,1,9,20,87,87085,NEXON (RUE DE),45.80754,1.25542,Plein jour,Hors agglomération,Hors intersection,Pluie légère,Deux véhicules - frontale,3,2,2,0,2,3,2,0,1,80,2,3,1,0,0,2,64.0,53.0,voiture,voiture,1,1,1,2,1
202300021873,2023-08-02 00:05:00,2023,8,2,0,5,87,87050,BUXEROLLES (ROUTE DE),45.87685,1.24943,Nuit avec éclairage non allumé,En agglomération,Hors intersection,Normale,Autre collision,4,2,2,0,1,4,1,0,1,50,1,1,0,1,0,0,16.0,,voiture,,4,2,1,1,6
202300021874,2023-08-01 06:12:00,2023,8,1,6,12,87,87114,AUTOROUTE A20,45.83579,1.28426,Nuit avec éclairage non allumé,En agglomération,Hors intersection,Pluie légère,Autre collision,1,3,2,0,1,2,2,0,1,80,1,1,0,0,0,1,29.0,,utilitaire_camion,,4,2,1,2,6