accident_id,datetime,annee,mois,jour,heure,minute,departement,commune_insee,adresse,latitude,longitude,luminosite,agglomeration,intersection,meteo,collision,catr,circ,nbv,vosp,prof,plan,surf,infra,situ,vma,nb_vehicules,nb_usagers,nb_indemnes,nb_tues,nb_blesses_hosp,nb_blesses_legers,age_cond_1,age_cond_2,veh_type_cond_1,veh_type_cond_2,lum_code,agg_code,int_code,atm_code,col_code
202300021875,2023-08-06 12:20:00,2023,8,6,12,20,85,85191,Rue philippe lebon,46.69944,-1.43092,Plein jour,Hors agglomération,Hors intersection,Normale,Deux véhicules - arrière,4,2,2,0,1,1,1,0,1,50,2,2,1,0,0,1,43.0,36.0,deux_roues,voiture,1,1,1,1,2
202300021876,2023-08-05 19:00:00,2023,8,5,19,0,83,83137,ROUTES (AVE DES),43.13728,5.91443,Plein jour,En agglomération,Intersection en Y,Normale,Deux véhicules - frontale,3,2,2,0,2,1,1,0,1,30,2,2,1,0,1,0,38.0,26.0,deux_roues,voiture,1,2,4,1,1
202300021876,2023-08-05 19:00:00,2023,8,5,19,0,83,83137,ROUTES (AVE DES),43.13728,5.91443,Plein jour,En agglomération,Intersection en Y,Normale,Deux véhicules - frontale,3,2,2,0,2,1,1,0,1,30,2,2,1,0,1,0,38.0,26.0,deux_roues,voiture,1,2,4,1,1
202300021877,2023-08-03 11:30:00,2023,8,3,11,30,83,83069,GIENS (ROUTE DE ),43.05903,6.14696,Plein jour,En agglomération,Autre intersection,Normale,Deux véhicules - arrière,3,2,2,0,1,1,1,0,1,50,2,2,1,0,1,0,55.0,57.0,deux_roues,voiture,1,2,9,1,2
202300021878,2023-07-06 18:15:00,2023,7,6,18,15,82,82121,VOLTAIRE (RUE),44.03,1.37,Plein jour,En agglomération,Intersection en T,Normale,Deux véhicules - côté,4,2,2,0,1,1,1,0,1,50,2,2,1,0,0,1,45.0,32.0,deux_roues,voiture,1,2,3,1,3
202300021878,2023-07-06 18:15:00,2023,7,6,18,15,82,82121,VOLTAIRE (RUE),44.03,1.37,Plein jour,En agglomération,Intersection en T,Normale,Deux véhicules - côté,4,2,2,0,1,1,1,0,1,50,2,2,1,0,0,1,45.0,32.0,deux_roues,voiture,1,2,3,1,3
202300021879,2023-08-01 12:50:00,2023,8,1,12,50,80,80489,GREAT EASTERN (AVENUE),49.87261,2.37441,Plein jour,En agglomération,Hors intersection,Normale,Deux véhicules - côté,4,3,2,0,1,1,1,0,1,30,2,2,0,0,0,2,21.0,57.0,voiture,voiture,1,2,1,1,3
202300021880,2023-08-06 15:45:00,2023,8,6,15,45,78,78440,avenue de la République,48.985935,1.912918,Plein jour,En agglomération,Hors intersection,Temps couvert,Deux véhicules - côté,4,2,2,0,1,1,1,0,1,30,2,2,1,0,0,1,23.0,23.0,deux_roues,voiture,1,2,1,8,3
202300021881,2023-08-06 08:50:00,2023,8,6,8,50,77,77449,AV PAUL SERAMY,48.859584,2.794584,Plein jour,Hors agglomération,Hors intersection,Normale,Autre collision,4,1,1,0,1,2,1,0,1,50,1,1,0,0,0,1,44.0,,voiture,,1,1,1,1,6
202300021882,2023-08-05 13:00:00,2023,8,5,13,0,77,77372,GENERAL LECLERC  (RUE   ),48.881918,2.697164,Plein jour,En agglomération,Hors intersection,Temps couvert,Deux véhicules - frontale,4,2,2,0,1,1,1,0,1,50,2,4,1,0,0,3,42.0,24.0,transport_commun,voiture,1,2,1,8,1
202300021883,2023-08-04 19:00:00,2023,8,4,19,0,77,77237,D10,48.837961,2.752948,Plein jour,En agglomération,Hors intersection,Pluie légère,Deux véhicules - arrière,3,2,2,0,1,1,2,9,1,50,2,2,1,0,0,1,28.0,73.0,voiture,deux_roues,1,2,1,2,2
202300021884,2023-08-04 11:10:00,2023,8,4,11,10,77,77108,D934,48.873,2.59,Plein jour,En agglomération,Hors intersection,Normale,Autre collision,3,1,2,0,1,1,1,0,1,50,1,3,1,0,0,2,,,voiture,,1,2,1,1,6
202300021885,2023-08-02 01:30:00,2023,8,2,1,30,77,77058,GENETS (BOULEVARD DES),48.84341,2.720013,Nuit avec éclairage allumé,En agglomération,Hors intersection,Pluie forte,Sans collision,4,2,2,0,1,1,2,0,1,50,1,1,0,0,1,0,32.0,,deux_roues,,5,2,1,3,7
202300021886,2023-08-06 14:53:00,2023,8,6,14,53,77,77333,RUE DE PARIS,48.2671,2.6929,Plein jour,En agglomération,Intersection en X,Normale,Deux véhicules - côté,4,2,3,0,1,1,1,0,1,50,2,3,1,0,0,2,34.0,23.0,deux_roues,voiture,1,2,2,1,3
202300021886,2023-08-06 14:53:00,2023,8,6,14,53,77,77333,RUE DE PARIS,48.2671,2.6929,Plein jour,En agglomération,Intersection en X,Normale,Deux véhicules - côté,4,2,3,0,1,1,1,0,1,50,2,3,1,0,0,2,34.0,23.0,deux_roues,voiture,1,2,2,1,3
202300021887,2023-08-04 17:30:00,2023,8,4,17,30,77,77156,CHE DES PLEIGNES,48.2823,2.73576,Plein jour,Hors agglomération,Intersection en X,Normale,Deux véhicules - côté,4,2,2,0,1,1,1,0,1,70,2,4,0,0,0,4,55.0,74.0,utilitaire_camion,voiture,1,1,2,1,3
202300021887,2023-08-04 17:30:00,2023,8,4,17,30,77,77156,CHE DES PLEIGNES,48.2823,2.73576,Plein jour,Hors agglomération,Intersection en X,Normale,Deux véhicules - côté,4,2,2,0,1,1,1,0,1,50,2,4,0,0,0,4,55.0,74.0,utilitaire_camion,voiture,1,1,2,1,3
202300021888,2023-08-05 10:50:00,2023,8,5,10,50,76,76451,Avenue du Mont aux Malades,49.46241,1.07696,Plein jour,En agglomération,Giratoire,Normale,Autre collision,4,2,2,3,1,1,1,0,1,50,1,2,1,0,1,0,59.0,,voiture,,1,2,6,1,6
202300021888,2023-08-05 10:50:00,2023,8,5,10,50,76,76451,Avenue du Mont aux Malades,49.46241,1.07696,Plein jour,En agglomération,Giratoire,Normale,Autre collision,4,2,2,3,1,1,1,0,1,50,1,2,1,0,1,0,59.0,,voiture,,1,2,6,1,6
202300021889,2023-08-04 09:40:00,2023,8,4,9,40,76,76217,GROULARD (CLAUDE),49.92316,1.07316,Plein jour,En agglomération,Hors intersection,Normale,Deux véhicules - côté,4,-1,2,0,1,1,1,0,1,50,2,2,1,0,0,1,50.0,64.0,deux_roues,voiture,1,2,1,1,3
202300021890,2023-08-03 09:40:00,2023,8,3,9,40,76,76026,RN 27,49.87166,1.11728,Plein jour,Hors agglomération,Hors intersection,Pluie légère,Sans collision,2,1,2,0,1,3,2,0,2,110,1,3,1,0,1,1,33.0,,voiture,,1,1,1,2,7
202300021891,2023-08-05 01:35:00,2023,8,5,1,35,76,76476,DUFY  RAOUL (RUE),49.48623,0.58723,Nuit avec éclairage allumé,En agglomération,Intersection en T,Normale,Deux véhicules - côté,4,2,2,0,1,1,1,0,1,30,2,2,0,0,1,1,47.0,20.0,voiture,voiture,5,2,3,1,3
202300021892,2023-08-04 08:15:00,2023,8,4,8,15,76,76114,GAMBETTA LEON (RUE),49.56961,0.47134,Plein jour,En agglomération,Hors intersection,Normale,Autre collision,3,1,1,0,1,2,1,0,1,50,1,3,2,0,0,1,15.0,,deux_roues,,1,2,1,1,6
202300021893,2023-08-04 08:20:00,2023,8,4,8,20,74,74010,ROCADE (BOULEVARD DE LA),45.90283,6.11052,Plein jour,En agglomération,Hors intersection,Normale,Deux véhicules - côté,3,2,0,0,2,1,1,0,1,70,2,2,1,0,0,1,,23.0,voiture,deux_roues,1,2,1,1,3
202300021894,2023-08-04 23:10:00,2023,8,4,23,10,72,72181,FOUCAUDIERE (RUE),47.97785,0.1995,Nuit avec éclairage allumé,En agglomération,Hors intersection,Normale,Trois véhicules et plus - en chaîne,4,2,0,0,1,1,1,0,1,50,3,4,2,0,0,2,16.0,36.0,deux_roues,deux_roues,5,2,1,1,4
202300021895,2023-08-03 14:30:00,2023,8,3,14,30,72,72181,BROSSOLETTE PIERRE (BD) N° PAIRS,47.97886,0.20522,Plein jour,En agglomération,Autre intersection,Pluie légère,Deux véhicules - arrière,4,2,4,0,1,1,2,0,1,50,2,2,1,0,0,1,23.0,40.0,voiture,voiture,1,2,9,2,2
202300021896,2023-08-03 11:55:00,2023,8,3,11,55,72,72181,DEMORIEUX (BD) ENTRE HUISNE ET RD-POINT,47.9943,0.18539,Plein jour,En agglomération,Autre intersection,Pluie légère,Deux véhicules - côté,4,1,1,0,1,1,2,0,1,50,2,2,1,0,0,1,,57.0,voiture,deux_roues,1,2,9,2,3
202300021897,2023-08-02 19:20:00,2023,8,2,19,20,72,72181,EICHTHAL (RUE D'),47.99972,0.18625,Plein jour,En agglomération,Autre intersection,Normale,Deux véhicules - frontale,4,2,2,0,1,1,1,0,1,50,2,2,1,0,0,1,26.0,25.0,deux_roues,deux_roues,1,2,9,1,1
202300021898,2023-08-03 10:50:00,2023,8,3,10,50,69,69092,Chemin des Rousses,45.99406,4.70447,Plein jour,En agglomération,Intersection en Y,Normale,Deux véhicules - côté,4,2,2,0,2,1,1,0,1,50,2,2,1,0,0,1,56.0,22.0,voiture,deux_roues,1,2,4,1,3
202300021898,2023-08-03 10:50:00,2023,8,3,10,50,69,69092,Chemin des Rousses,45.99406,4.70447,Plein jour,En agglomération,Intersection en Y,Normale,Deux véhicules - côté,4,2,2,2,2,1,1,0,1,50,2,2,1,0,0,1,56.0,22.0,voiture,deux_roues,1,2,4,1,3
202300021899,2023-08-02 13:50:00,2023,8,2,13,50,69,69264,Boulevard Louis Blanc,45.98944,4.72161,Plein jour,En agglomération,Intersection en X,Normale,Deux véhicules - côté,4,2,3,2,2,1,1,5,1,50,2,2,0,0,0,2,58.0,59.0,voiture,voiture,1,2,2,1,3
202300021899,2023-08-02 13:50:00,2023,8,2,13,50,69,69264,Boulevard Louis Blanc,45.98944,4.72161,Plein jour,En agglomération,Intersection en X,Normale,Deux véhicules - côté,4,1,1,0,1,1,1,5,1,50,2,2,0,0,0,2,58.0,59.0,voiture,voiture,1,2,2,1,3
202300021900,2023-08-06 19:15:00,2023,8,6,19,15,69,69199,Avenue Albert Ramboz,45.69447,4.84468,Plein jour,Hors agglomération,Intersection en X,Normale,Deux véhicules - côté,7,1,2,0,1,1,1,0,1,50,2,4,3,0,0,1,21.0,25.0,voiture,voiture,1,1,2,1,3
202300021900,2023-08-06 19:15:00,2023,8,6,19,15,69,69199,Avenue Albert Ramboz,45.69447,4.84468,Plein jour,Hors agglomération,Intersection en X,Normale,Deux véhicules - côté,7,2,2,2,1,2,1,0,1,50,2,4,3,0,0,1,21.0,25.0,voiture,voiture,1,1,2,1,3
202300021901,2023-08-06 10:10:00,2023,8,6,10,10,69,69029,Route de Genas,45.75095056,4.90788344,Plein jour,En agglomération,Hors intersection,Temps couvert,Deux véhicules - arrière,7,2,6,0,1,1,1,6,1,50,2,2,0,0,2,0,24.0,38.0,voiture,voiture,1,2,1,8,2
202300021902,2023-08-04 11:15:00,2023,8,4,11,15,69,69259,Boulevard Irène Joliot Curie,45.71112,4.88203,Plein jour,En agglomération,Hors intersection,Normale,Deux véhicules - côté,7,2,4,2,1,1,1,0,1,50,2,3,2,0,0,1,22.0,78.0,voiture,voiture,1,2,1,1,3
202300021903,2023-08-03 13:40:00,2023,8,3,13,40,69,69029,11 Avenue du Président Salvador Allende,45.74339,4.93165,Plein jour,En agglomération,Hors intersection,Normale,Deux véhicules - arrière,4,2,2,0,1,1,1,0,1,50,2,3,2,0,0,1,19.0,26.0,voiture,voiture,1,2,1,1,2
202300021904,2023-08-03 10:00:00,2023,8,3,10,0,67,67482,POLYGONE (ROUTE DU),48.56325446,7.7617912,Plein jour,En agglomération,Hors intersection,Pluie légère,Autre collision,4,2,2,0,1,1,2,0,1,30,2,2,1,0,0,1,86.0,55.0,voiture,deux_roues,1,2,1,2,6
202300021905,2023-08-02 12:32:00,2023,8,2,12,32,66,66136,,42.67453,2.88637,Plein jour,En agglomération,Hors intersection,Normale,Deux véhicules - arrière,3,3,4,0,1,1,1,0,1,70,2,2,1,0,0,1,31.0,51.0,voiture,voiture,1,2,1,1,2
202300021906,2023-08-01 17:20:00,2023,8,1,17,20,66,66136,Boulevard Henri POINCARE,42.6913,2.89656,Plein jour,En agglomération,Hors intersection,Normale,Autre collision,4,2,2,0,1,1,1,0,1,50,1,2,1,0,1,0,17.0,,voiture,,1,2,1,1,6
202300021907,2023-08-05 20:00:00,2023,8,5,20,0,64,64260,LECLERC (BOULEVARD DU GENERAL),43.36625,-1.76967,Plein jour,En agglomération,Intersection en X,Pluie forte,Deux véhicules - côté,3,-1,2,0,1,1,2,0,1,50,2,2,1,0,1,0,40.0,79.0,deux_roues,voiture,1,2,2,3,3
202300021907,2023-08-05 20:00:00,2023,8,5,20,0,64,64260,LECLERC (BOULEVARD DU GENERAL),43.36625,-1.76967,Plein jour,En agglomération,Intersection en X,Pluie forte,Deux véhicules - côté,3,-1,2,0,1,1,2,0,1,50,2,2,1,0,1,0,40.0,79.0,deux_roues,voiture,1,2,2,3,3
202300021908,2023-08-05 16:40:00,2023,8,5,16,40,64,64189,BENOIT PIERRE (BOULEVARD),43.38772,-1.67049,Plein jour,En agglomération,Hors intersection,Normale,Autre collision,3,2,2,0,1,1,1,0,1,50,1,2,1,0,0,1,74.0,,voiture,,1,2,1,1,6
202300021909,2023-07-28 19:08:00,2023,7,28,19,8,64,64445,MARECHAL LECLERC DU,43.30337,-0.3484,Plein jour,En agglomération,Hors intersection,Normale,Autre collision,4,2,2,0,1,1,1,0,1,50,1,1,0,0,1,0,50.0,,deux_roues,,1,2,1,1,6
202300021910,2023-08-05 01:35:00,2023,8,5,1,35,64,64132,COMMANDANT RENE MOUCHOTTE DU,43.30328,-0.32165,Nuit avec éclairage allumé,En agglomération,Giratoire,Normale,Sans collision,4,1,2,0,1,3,1,0,4,50,1,1,0,0,0,1,38.0,,voiture,,5,2,6,1,7
202300021911,2023-08-04 15:20:00,2023,8,4,15,20,64,64445,HENRI FAISANS,43.29972,-0.36181,Plein jour,En agglomération,Hors intersection,Normale,Autre collision,4,2,2,0,1,1,1,0,1,50,1,2,1,0,0,1,64.0,,utilitaire_camion,,1,2,1,1,6
202300021912,2023-08-04 18:25:00,2023,8,4,18,25,64,64125,ATHERBEA (AVENUE),43.43768,-1.59054,Plein jour,En agglomération,Hors intersection,Normale,Sans collision,3,2,2,0,2,2,1,0,1,50,1,1,0,0,1,0,61.0,,deux_roues,,1,2,1,1,7
202300021913,2023-08-03 17:36:00,2023,8,3,17,36,64,64102,SOULT (AVENUE MARECHAL),43.48707,-1.48546,Plein jour,Hors agglomération,Hors intersection,Normale,Autre collision,3,3,4,0,1,1,1,0,1,30,1,4,3,0,0,1,43.0,,voiture,,1,1,1,1,6
202300021914,2023-08-03 05:16:00,2023,8,3,5,16,64,64102,NAVARRE (AVENUE HENRI DE),43.51201,-1.43967,Nuit avec éclairage allumé,En agglomération,Autre intersection,Temps couvert,Sans collision,3,2,2,0,1,1,2,0,1,50,1,1,0,0,0,1,43.0,,deux_roues,,5,2,9,8,7
202300021915,2023-08-05 12:45:00,2023,8,5,12,45,63,63300,ROCADE RD 446,45.87606,3.09958,Plein jour,Hors agglomération,Intersection en T,Normale,Deux véhicules - côté,3,2,2,0,1,1,1,5,1,90,2,6,5,0,1,0,34.0,27.0,deux_roues,voiture,1,1,3,1,3
202300021915,2023-08-05 12:45:00,2023,8,5,12,45,63,63300,ROCADE RD 446,45.87606,3.09958,Plein jour,Hors agglomération,Intersection en T,Normale,Deux véhicules - côté,3,2,3,0,1,1,1,5,1,90,2,6,5,0,1,0,34.0,27.0,deux_roues,voiture,1,1,3,1,3
202300021916,2023-08-04 16:23:00,2023,8,4,16,23,63,63300,,45.88373986,3.1115824,Plein jour,En agglomération,Giratoire,Normale,Autre collision,4,2,0,0,1,1,1,5,1,50,1,2,1,0,0,1,72.0,,voiture,,1,2,6,1,6
202300021917,2023-05-30 18:30:00,2023,5,30,18,30,42,42293,Route de Bourg de Thizy,46.019742,4.277909,Crépuscule ou aube,Hors agglomération,Hors intersection,Normale,Deux véhicules - côté,3,2,2,0,1,3,1,0,1,80,2,2,1,0,1,0,29.0,61.0,deux_roues,utilitaire_camion,2,1,1,1,3
202300021918,2023-05-30 07:25:00,2023,5,30,7,25,42,42019,Route de Montbrison,45.739578,4.006416,Plein jour,En agglomération,Hors intersection,Normale,Autre collision,3,2,2,0,1,2,1,0,1,50,1,1,0,0,1,0,30.0,,deux_roues,,1,2,1,1,6
202300021919,2023-08-06 18:00:00,2023,8,6,18,0,63,63063,M402 / M763,45.84332549,3.10765296,Plein jour,Hors agglomération,Intersection en T,Normale,Deux véhicules - côté,7,2,2,-1,1,1,1,5,1,90,2,2,1,0,0,1,,30.0,voiture,deux_roues,1,1,3,1,3
202300021919,2023-08-06 18:00:00,2023,8,6,18,0,63,63063,M402 / M763,45.84332549,3.10765296,Plein jour,Hors agglomération,Intersection en T,Normale,Deux véhicules - côté,7,-1,2,0,2,2,1,0,1,90,2,2,1,0,0,1,,30.0,voiture,deux_roues,1,1,3,1,3
202300021920,2023-05-30 12:00:00,2023,5,30,12,0,46,46219,Départementale 5,44.603966,1.423298,Plein jour,Hors agglomération,Hors intersection,Normale,Deux véhicules - côté,3,2,2,0,1,3,1,0,1,80,2,2,1,0,1,0,27.0,54.0,deux_roues,utilitaire_camion,1,1,1,1,3
202300021921,2023-08-06 23:00:00,2023,8,6,23,0,62,62193,Rue Salvador Allende,50.948228,1.87846,Nuit avec éclairage allumé,En agglomération,Autre intersection,Normale,Deux véhicules - côté,4,2,2,0,1,1,1,0,1,50,2,2,1,0,0,1,22.0,22.0,voiture,deux_roues,5,2,9,1,3
202300021922,2023-08-02 16:50:00,2023,8,2,16,50,62,62774,D940,50.94829,1.76066,Plein jour,Hors agglomération,Hors intersection,Pluie forte,Autre collision,3,2,2,0,1,1,2,0,8,70,1,2,1,0,0,1,29.0,,voiture,,1,1,1,3,6
202300021923,2023-05-29 17:30:00,2023,5,29,17,30,41,41097,D976,47.293861,1.627779,Plein jour,Hors agglomération,Hors intersection,Normale,Deux véhicules - frontale,3,2,2,0,1,1,1,0,1,90,2,3,2,0,0,1,48.0,53.0,voiture,voiture,1,1,1,1,1
202300021924,2023-05-27 04:05:00,2023,5,27,4,5,86,86286,Les Loges Nord,46.869388,0.22894,Nuit sans éclairage public,Hors agglomération,Intersection en T,Normale,Sans collision,3,2,2,0,1,1,1,0,8,80,1,1,0,0,1,0,47.0,,deux_roues,,3,1,3,1,7
202300021924,2023-05-27 04:05:00,2023,5,27,4,5,86,86286,Les Loges Nord,46.869388,0.22894,Nuit sans éclairage public,Hors agglomération,Intersection en T,Normale,Sans collision,3,2,2,0,1,1,1,0,8,80,1,1,0,0,1,0,47.0,,deux_roues,,3,1,3,1,7
202300021925,2023-07-31 15:10:00,2023,7,31,15,10,62,62178,Rue Augustin Caron,50.475059,2.538211,Plein jour,En agglomération,Intersection en X,Pluie légère,Deux véhicules - côté,4,2,2,0,2,1,2,5,1,50,2,2,1,0,1,0,52.0,36.0,voiture,voiture,1,2,2,2,3
202300021925,2023-07-31 15:10:00,2023,7,31,15,10,62,62178,Rue Augustin Caron,50.475059,2.538211,Plein jour,En agglomération,Intersection en X,Pluie légère,Deux véhicules - côté,4,2,2,0,2,1,2,5,1,50,2,2,1,0,1,0,52.0,36.0,voiture,voiture,1,2,2,2,3
202300021926,2023-08-02 15:50:00,2023,8,2,15,50,62,62048,D183,50.51660204,2.46866584,Plein jour,Hors agglomération,Intersection en X,Normale,Deux véhicules - côté,3,2,2,0,1,1,1,0,1,50,2,3,2,0,1,0,41.0,35.0,voiture,voiture,1,1,2,1,3
202300021926,2023-08-02 15:50:00,2023,8,2,15,50,62,62048,D183,50.51660204,2.46866584,Plein jour,Hors agglomération,Intersection en X,Normale,Deux véhicules - côté,3,2,2,0,1,1,1,0,1,50,2,3,2,0,1,0,41.0,35.0,voiture,voiture,1,1,2,1,3
202300021927,2023-05-28 08:10:00,2023,5,28,8,10,68,68062,D419,47.629682,7.195594,Plein jour,Hors agglomération,Intersection en X,Normale,Deux véhicules - côté,3,2,2,0,3,3,1,0,1,80,2,4,1,0,3,0,49.0,34.0,voiture,utilitaire_camion,1,1,2,1,3
202300021927,2023-05-28 08:10:00,2023,5,28,8,10,68,68062,D419,47.629682,7.195594,Plein jour,Hors agglomération,Intersection en X,Normale,Deux véhicules - côté,3,2, -1,-1,3,1,1,0,1,-1,2,4,1,0,3,0,49.0,34.0,voiture,utilitaire_camion,1,1,2,1,3
202300021928,2023-05-28 18:45:00,2023,5,28,18,45,31,31167,Route de Cabanac,43.044664,0.739346,Plein jour,En agglomération,Hors intersection,Normale,Autre collision,3,2,2,0,2,2,2,0,8,30,1,1,0,0,0,1,73.0,,voiture,,1,2,1,1,6
202300021929,2023-08-06 19:05:00,2023,8,6,19,5,61,61001,Rue du Docteur Leopold Bailleul,48.4305,0.0935,Plein jour,En agglomération,Intersection en X,Normale,Deux véhicules - côté,4,1,1,0,1,1,1,0,1,30,2,5,1,0,0,4,67.0,48.0,voiture,voiture,1,2,2,1,3
202300021929,2023-08-06 19:05:00,2023,8,6,19,5,61,61001,Rue du Docteur Leopold Bailleul,48.4305,0.0935,Plein jour,En agglomération,Intersection en X,Normale,Deux véhicules - côté,4,2,2,0,2,1,1,0,1,30,2,5,1,0,0,4,67.0,48.0,voiture,voiture,1,2,2,1,3
202300021930,2023-05-30 14:20:00,2023,5,30,14,20,02,02215,,49.448207,3.842146,Plein jour,Hors agglomération,Hors intersection,Normale,Deux véhicules - arrière,3,2,2,0,1,1,1,0,1,80,2,3,0,0,0,3,31.0,29.0,utilitaire_camion,voiture,1,1,1,1,2
202300021931,2023-05-29 17:15:00,2023,5,29,17,15,70,70171,23 Rue de la Gare d’Aillevillers,47.91298,6.337067,Plein jour,En agglomération,Hors intersection,Temps éblouissant,Autre collision,3,2,2,0,1,1,1,0,1,50,1,2,1,0,1,0,45.0,,voiture,,1,2,1,7,6
202300021932,2023-08-02 09:05:00,2023,8,2,9,5,60,60057,Rue de Clermont,49.43218,2.10798025,Plein jour,En agglomération,Hors intersection,Pluie légère,Deux véhicules - côté,4,2,2,0,1,2,2,0,1,50,2,2,1,0,0,1,37.0,62.0,voiture,utilitaire_camion,1,2,1,2,3
202300021933,2023-05-27 15:10:00,2023,5,27,15,10,26,26165,Avenue leon aubin,44.77221194,4.84292771,Plein jour,En agglomération,Hors intersection,Normale,Deux véhicules - frontale,2,2,2,0,2,1,1,0,1,50,2,3,1,0,1,1,60.0,59.0,deux_roues,voiture,1,2,1,1,1
202300021934,2023-08-04 14:30:00,2023,8,4,14,30,59,59646,WASTYN (RUE JEAN),50.686947,3.145995,Plein jour,En agglomération,Autre intersection,Normale,Deux véhicules - frontale,7,-1,1,0,1,1,1,0,1,50,2,2,1,0,0,1,32.0,37.0,voiture,deux_roues,1,2,9,1,1
202300021935,2023-05-29 14:00:00,2023,5,29,14,0,54,54383,D914,48.55400081,6.46455288,Plein jour,Hors agglomération,Hors intersection,Normale,Sans collision,3,2,2,0,1,1,1,0,1,80,1,1,0,0,0,1,27.0,,deux_roues,,1,1,1,1,7
202300021936,2023-08-04 13:03:00,2023,8,4,13,3,59,59512,ALMA  (RUE DE L)',50.69827,3.16756,Plein jour,En agglomération,Hors intersection,Normale,Autre collision,4,2,2,0,1,1,1,0,1,30,1,2,1,0,0,1,,,voiture,,1,2,1,1,6
202300021937,2023-05-29 18:40:00,2023,5,29,18,40,14,14229,15 Rue Emile Nicol,49.232219,-0.044533,Plein jour,En agglomération,Intersection en X,Normale,Deux véhicules - côté,4,1,1,0,2,1,1,0,1,50,2,1,0,0,0,1,15.0,,deux_roues,,1,2,2,1,3
202300021937,2023-05-29 18:40:00,2023,5,29,18,40,14,14229,15 Rue Emile Nicol,49.232219,-0.044533,Plein jour,En agglomération,Intersection en X,Normale,Deux véhicules - côté,4,2,2,0,1,1,1,0,1,50,2,1,0,0,0,1,15.0,,deux_roues,,1,2,2,1,3
202300021938,2023-08-03 16:54:00,2023,8,3,16,54,59,59350,Rue Jacquemars Giélée,50.63545,3.0525,Plein jour,En agglomération,Intersection en X,Normale,Deux véhicules - côté,4,1,2,2,1,1,1,0,1,30,2,2,1,0,0,1,32.0,48.0,deux_roues,voiture,1,2,2,1,3
202300021938,2023-08-03 16:54:00,2023,8,3,16,54,59,59350,Rue Jacquemars Giélée,50.63545,3.0525,Plein jour,En agglomération,Intersection en X,Normale,Deux véhicules - côté,4,1,2,2,1,1,1,0,1,30,2,2,1,0,0,1,32.0,48.0,deux_roues,voiture,1,2,2,1,3
202300021939,2023-08-04 14:14:00,2023,8,4,14,14,57,57630,FRANCE (AV),48.73514,7.04796,Plein jour,En agglomération,Hors intersection,Temps couvert,Autre collision,3,2,3,0,2,1,1,0,1,50,1,3,2,0,1,0,41.0,,voiture,,1,2,1,8,6
202300021940,2023-05-30 16:00:00,2023,5,30,16,0,05,05164,RN 94,44.52668,6.416981,Plein jour,Hors agglomération,Hors intersection,Normale,Trois véhicules et plus - en chaîne,2,2,2,0,2,1,1,0,1,80,3,3,1,0,0,2,23.0,42.0,voiture,voiture,1,1,1,1,4
202300021941,2023-03-11 10:20:00,2023,3,11,10,20,56,56121,31 Cours Louis de Chazelles,47.75285,-3.36184,Plein jour,En agglomération,Intersection en X,Temps couvert,Deux véhicules - arrière,4,3,2,3,1,1,2,5,1,30,2,3,2,0,0,1,58.0,46.0,voiture,voiture,1,2,2,8,2
202300021941,2023-03-11 10:20:00,2023,3,11,10,20,56,56121,31 Cours Louis de Chazelles,47.75285,-3.36184,Plein jour,En agglomération,Intersection en X,Temps couvert,Deux véhicules - arrière,4,3,2,0,1,1,2,5,1,30,2,3,2,0,0,1,58.0,46.0,voiture,voiture,1,2,2,8,2
202300021942,2023-08-05 08:15:00,2023,8,5,8,15,56,56260,GIRATOIRE DU DR CADORET,47.66603,-2.74875,Plein jour,En agglomération,Giratoire,Pluie légère,Deux véhicules - côté,4,1,2,0,3,3,2,5,1,30,2,4,3,0,0,1,42.0,23.0,voiture,deux_roues,1,2,6,2,3
202300021943,2023-05-29 16:15:00,2023,5,29,16,15,64,64036,Route de LABASTIDE,43.378922,-0.997814,Plein jour,Hors agglomération,Hors intersection,Normale,Sans collision,3,2,2,0,1,2,1,0,3,80,1,2,1,0,1,0,19.0,,voiture,,1,1,1,1,7
202300021944,2023-03-10 17:00:00,2023,3,10,17,0,56,56098,CROIZAT ( AVE AMBROISE ),47.777384,-3.344764,Plein jour,En agglomération,Hors intersection,Pluie légère,Deux véhicules - côté,3,2,2,0,1,1,2,0,1,50,2,2,1,0,0,1,36.0,92.0,deux_roues,voiture,1,2,1,2,3
202300021945,2023-08-06 09:43:00,2023,8,6,9,43,54,54528,RD904,48.70633,5.88458,Plein jour,Hors agglomération,Hors intersection,Pluie légère,Sans collision,3,2,2,0,2,1,2,2,3,80,1,2,1,0,0,1,21.0,,voiture,,1,1,1,2,7
202300021946,2023-03-11 11:30:00,2023,3,11,11,30,51,51454,rue Marcel Thil,49.26265,4.02205,Plein jour,En agglomération,Hors intersection,Normale,Autre collision,4,1,1,0,1,1,1,0,1,50,1,3,2,0,0,1,36.0,,voiture,,1,2,1,1,6
202300021947,2023-05-30 09:55:00,2023,5,30,9,55,64,64495,D918,43.3555,-1.553986,Plein jour,En agglomération,Giratoire,Normale,Deux véhicules - côté,3,2,2,0,1,3,1,0,1,80,2,2,1,1,0,0,81.0,72.0,voiture,deux_roues,1,2,6,1,3
202300021948,2023-08-03 16:15:00,2023,8,3,16,15,54,54498,Avenue du Général de Gaulle,48.71345,6.25115,Plein jour,En agglomération,Hors intersection,Normale,Deux véhicules - arrière,4,2,2,1,1,1,1,-1,1,50,2,4,1,0,0,3,22.0,48.0,voiture,voiture,1,2,1,1,2
202300021949,2023-05-29 21:39:00,2023,5,29,21,39,18,18043,,46.778408,2.179218,Nuit sans éclairage public,Hors agglomération,Hors intersection,Normale,Autre collision,3,2,2,0,1,2,1,0,3,80,1,1,0,0,1,0,43.0,,voiture,,3,1,1,1,6