accident_id,datetime,annee,mois,jour,heure,minute,departement,commune_insee,adresse,latitude,longitude,luminosite,agglomeration,intersection,meteo,collision,catr,circ,nbv,vosp,prof,plan,surf,infra,situ,vma,nb_vehicules,nb_usagers,nb_indemnes,nb_tues,nb_blesses_hosp,nb_blesses_legers,age_cond_1,age_cond_2,veh_type_cond_1,veh_type_cond_2,lum_code,agg_code,int_code,atm_code,col_code
202300021950,2023-03-11 03:40:00,2023,3,11,3,40,50,50502,TORTERON (rue),49.11461,-1.09596,Nuit avec éclairage allumé,En agglomération,Hors intersection,Neige / grêle,Autre collision,4,2,2,0,1,1,2,0,1,30,1,6,5,0,1,0,18.0,,voiture,,5,2,1,4,6
202300021951,2023-08-02 12:30:00,2023,8,2,12,30,54,54395,Rue Marcel Brot,48.67649,6.20613,Plein jour,En agglomération,Giratoire,Pluie légère,Deux véhicules - arrière,4,1,2,1,2,2,2,-1,1,70,2,2,1,0,0,1,67.0,32.0,voiture,voiture,1,2,6,2,2
202300021952,2023-03-11 11:55:00,2023,3,11,11,55,49,49007,BIRGE BOULEVARD,47.48142,-0.52191,Plein jour,En agglomération,Hors intersection,Pluie légère,Sans collision,4,3,4,0,1,1,2,0,1,50,1,1,0,0,0,1,19.0,,deux_roues,,1,2,1,2,7
202300021953,2023-05-27 09:49:00,2023,5,27,9,49,43,43218,D15,45.035488,4.039857,Plein jour,Hors agglomération,Intersection en T,Normale,Deux véhicules - côté,3,2,2,1,3,1,1,5,1,90,2,3,2,0,0,1,70.0,18.0,voiture,voiture,1,1,3,1,3
202300021953,2023-05-27 09:49:00,2023,5,27,9,49,43,43218,D15,45.035488,4.039857,Plein jour,Hors agglomération,Intersection en T,Normale,Deux véhicules - côté,3,-1, -1,-1,1,1,1,5,1,-1,2,3,2,0,0,1,70.0,18.0,voiture,voiture,1,1,3,1,3
202300021954,2023-08-04 02:20:00,2023,8,4,2,20,54,54261,Rue du Côteau,49.51807,5.79973,Nuit avec éclairage allumé,En agglomération,Hors intersection,Pluie légère,Autre collision,4,2,2,0,2,1,2,0,3,50,1,2,1,0,0,1,20.0,,voiture,,5,2,1,2,6
202300021955,2023-03-11 06:43:00,2023,3,11,6,43,49,49007,GAULLE BOULEVARD CHARLES DE,47.47012,-0.56224,Nuit avec éclairage allumé,En agglomération,Intersection en X,Pluie légère,Deux véhicules - côté,4,3,8,0,1,1,2,0,1,30,2,4,2,0,0,2,27.0,25.0,voiture,voiture,5,2,2,2,3
202300021955,2023-03-11 06:43:00,2023,3,11,6,43,49,49007,GAULLE BOULEVARD CHARLES DE,47.47012,-0.56224,Nuit avec éclairage allumé,En agglomération,Intersection en X,Pluie légère,Deux véhicules - côté,4,1,3,0,1,1,2,0,1,30,2,4,2,0,0,2,27.0,25.0,voiture,voiture,5,2,2,2,3
202300021956,2023-05-30 09:55:00,2023,5,30,9,55,16,16286,Lieu-dit Le Moulin,45.788759,-0.10555,Plein jour,Hors agglomération,Autre intersection,Normale,Deux véhicules - arrière,3,2,2,0,1,1,1,0,1,90,2,3,1,0,1,1,73.0,66.0,voiture,deux_roues,1,1,9,1,2
202300021957,2023-08-02 12:20:00,2023,8,2,12,20,54,54323,Rue Anatole France,49.52545,5.76189,Plein jour,En agglomération,Intersection en X,Pluie légère,Deux véhicules - côté,4,2,2,0,1,1,2,0,1,50,2,2,1,0,0,1,41.0,20.0,voiture,voiture,1,2,2,2,3
202300021957,2023-08-02 12:20:00,2023,8,2,12,20,54,54323,Rue Anatole France,49.52545,5.76189,Plein jour,En agglomération,Intersection en X,Pluie légère,Deux véhicules - côté,4,2,2,0,1,1,2,0,1,50,2,2,1,0,0,1,41.0,20.0,voiture,voiture,1,2,2,2,3
202300021958,2023-03-11 18:40:00,2023,3,11,18,40,45,45302,105 Allée de Bourgogne,47.93321,1.88664,Plein jour,En agglomération,Hors intersection,Normale,Autre collision,4,2,1,0,1,2,1,0,1,30,1,2,1,0,0,1,78.0,,voiture,,1,2,1,1,6
202300021959,2023-08-06 10:05:00,2023,8,6,10,5,51,51454,PAIX (BOULEVARD DE LA),49.25496,4.04039,Plein jour,En agglomération,Hors intersection,Pluie légère,Sans collision,4,2,3,0,1,1,2,0,1,50,1,2,1,0,0,1,29.0,,deux_roues,,1,2,1,2,7
202300021960,2023-05-29 22:45:00,2023,5,29,22,45,07,07007,4 Route de Valence,44.944705,4.729955,Nuit avec éclairage allumé,En agglomération,Intersection en T,Normale,Deux véhicules - frontale,3,2,2,0,1,2,2,0,1,50,2,3,1,0,1,1,58.0,29.0,deux_roues,voiture,5,2,3,1,1
202300021960,2023-05-29 22:45:00,2023,5,29,22,45,07,07007,4 Route de Valence,44.944705,4.729955,Nuit avec éclairage allumé,En agglomération,Intersection en T,Normale,Deux véhicules - frontale,3,2,2,-1,1,1,2,5,1,-1,2,3,1,0,1,1,58.0,29.0,deux_roues,voiture,5,2,3,1,1
202300021961,2023-08-04 08:30:00,2023,8,4,8,30,51,51454,MYRON HERRICK (PLACE),49.25425,4.03115,Plein jour,En agglomération,Intersection en T,Normale,Autre collision,4,-1,2,3,1,1,1,6,4,50,1,2,1,0,0,1,20.0,,deux_roues,,1,2,3,1,6
202300021961,2023-08-04 08:30:00,2023,8,4,8,30,51,51454,MYRON HERRICK (PLACE),49.25425,4.03115,Plein jour,En agglomération,Intersection en T,Normale,Autre collision,4,-1,1,0,1,1,1,6,1,50,1,2,1,0,0,1,20.0,,deux_roues,,1,2,3,1,6
202300021962,2023-03-10 17:28:00,2023,3,10,17,28,45,45208,14 Rue Jean Jaurès,47.9939,2.73245,Plein jour,En agglomération,Intersection en X,Pluie légère,Deux véhicules - côté,3,2,2,0,1,3,2,0,1,50,2,2,1,0,0,1,19.0,42.0,deux_roues,voiture,1,2,2,2,3
202300021962,2023-03-10 17:28:00,2023,3,10,17,28,45,45208,14 Rue Jean Jaurès,47.9939,2.73245,Plein jour,En agglomération,Intersection en X,Pluie légère,Deux véhicules - côté,3,2,2,0,1,1,2,0,1,50,2,2,1,0,0,1,19.0,42.0,deux_roues,voiture,1,2,2,2,3
202300021963,2023-08-02 16:25:00,2023,8,2,16,25,50,50066,D973,48.81848,-1.54967,Plein jour,Hors agglomération,Hors intersection,Normale,Trois véhicules et plus - en chaîne,3,2,2,0,1,1,2,0,1,80,3,3,1,0,0,2,22.0,47.0,voiture,voiture,1,1,1,1,4
202300021964,2023-05-30 10:30:00,2023,5,30,10,30,40,40209,418 Avenue de la Plage,43.568653,-1.456437,Plein jour,En agglomération,Intersection en T,Normale,Deux véhicules - côté,3,2,2,0,1,1,1,0,1,30,2,2,1,0,1,0,31.0,69.0,deux_roues,voiture,1,2,3,1,3
202300021964,2023-05-30 10:30:00,2023,5,30,10,30,40,40209,418 Avenue de la Plage,43.568653,-1.456437,Plein jour,En agglomération,Intersection en T,Normale,Deux véhicules - côté,3,-1, -1,-1,-1,-1,-1,-1,1,-1,2,2,1,0,1,0,31.0,69.0,deux_roues,voiture,1,2,3,1,3
202300021965,2023-03-11 11:15:00,2023,3,11,11,15,37,37261,BEDEL (RUE MAURICE),47.37818,0.69748,Plein jour,En agglomération,Intersection en X,Normale,Deux véhicules - côté,4,2,2,0,1,1,2,0,1,50,2,2,1,0,0,1,23.0,71.0,deux_roues,voiture,1,2,2,1,3
202300021966,2023-11-15 07:30:00,2023,11,15,7,30,19,19031,KENNEDY (AVENUE JOHN),45.16722,1.54861,Crépuscule ou aube,En agglomération,Intersection en T,Pluie légère,Autre collision,4,2,0,0,1,1,2,0,1,50,1,2,1,0,0,1,61.0,,voiture,,2,2,3,2,6
202300021966,2023-11-15 07:30:00,2023,11,15,7,30,19,19031,KENNEDY (AVENUE JOHN),45.16722,1.54861,Crépuscule ou aube,En agglomération,Intersection en T,Pluie légère,Autre collision,4,2,2,0,1,1,2,0,1,50,1,2,1,0,0,1,61.0,,voiture,,2,2,3,2,6
202300021967,2023-08-06 14:25:00,2023,8,6,14,25,49,49328,NANTILLY (PLACE DE),47.25313,-0.07716,Plein jour,En agglomération,Hors intersection,Normale,Deux véhicules - frontale,4,2,2,0,1,1,1,0,1,50,2,2,1,0,0,1,46.0,90.0,deux_roues,voiture,1,2,1,1,1
202300021968,2023-05-29 11:09:00,2023,5,29,11,9,17,17485,Route de la Giraudière,45.859031,-1.232336,Plein jour,En agglomération,Intersection en X,Normale,Deux véhicules - frontale,3,2,2,0,1,1,1,5,1,50,2,2,1,0,1,0,62.0,53.0,voiture,deux_roues,1,2,2,1,1
202300021968,2023-05-29 11:09:00,2023,5,29,11,9,17,17485,Route de la Giraudière,45.859031,-1.232336,Plein jour,En agglomération,Intersection en X,Normale,Deux véhicules - frontale,3,2,2,-1,1,1,1,5,1,50,2,2,1,0,1,0,62.0,53.0,voiture,deux_roues,1,2,2,1,1
202300021969,2023-03-08 12:20:00,2023,3,8,12,20,37,37261,HUGO (RUE VICTOR),47.38605266,0.67216158,Plein jour,En agglomération,Intersection en X,Pluie légère,Deux véhicules - côté,4,1,1,0,1,1,2,0,1,50,2,2,1,0,0,1,66.0,14.0,voiture,deux_roues,1,2,2,2,3
202300021969,2023-03-08 12:20:00,2023,3,8,12,20,37,37261,HUGO (RUE VICTOR),47.38605266,0.67216158,Plein jour,En agglomération,Intersection en X,Pluie légère,Deux véhicules - côté,4,1,1,0,1,1,2,0,1,50,2,2,1,0,0,1,66.0,14.0,voiture,deux_roues,1,2,2,2,3
202300021970,2023-08-04 10:45:00,2023,8,4,10,45,49,49328,MARCEAU (RUE),47.25133,-0.07659,Plein jour,En agglomération,Hors intersection,Normale,Deux véhicules - côté,4,2,2,1,4,3,1,0,1,50,2,2,1,0,0,1,69.0,31.0,voiture,deux_roues,1,2,1,1,3
202300021971,2023-11-16 19:44:00,2023,11,16,19,44,17,17200,HUIT MAI 1945   AVENUE DU,46.1861,-1.1507,Nuit avec éclairage non allumé,En agglomération,Intersection en X,Normale,Deux véhicules - côté,3,3,2,3,1,1,1,5,1,50,2,2,1,0,0,1,61.0,18.0,voiture,voiture,4,2,2,1,3
202300021971,2023-11-16 19:44:00,2023,11,16,19,44,17,17200,HUIT MAI 1945   AVENUE DU,46.1861,-1.1507,Nuit avec éclairage non allumé,En agglomération,Intersection en X,Normale,Deux véhicules - côté,3,2,2,-1,1,1,1,5,1,50,2,2,1,0,0,1,61.0,18.0,voiture,voiture,4,2,2,1,3
202300021972,2023-05-28 17:10:00,2023,5,28,17,10,30,30003,,43.5598,4.15401,Plein jour,Hors agglomération,Giratoire,Normale,Deux véhicules - côté,3,1,2,0,1,2,1,0,1,80,2,2,1,0,0,1,20.0,82.0,voiture,deux_roues,1,1,6,1,3
202300021973,2023-03-11 11:30:00,2023,3,11,11,30,32,32013,Route de Toulouse,43.65715,0.62741,Plein jour,En agglomération,Autre intersection,Pluie légère,Deux véhicules - côté,3,2,2,0,1,1,2,0,1,50,2,2,1,0,0,1,25.0,56.0,voiture,deux_roues,1,2,9,2,3
202300021974,2023-08-03 15:25:00,2023,8,3,15,25,49,49328,D 93,47.246459,-0.079,Plein jour,En agglomération,Hors intersection,Pluie légère,Deux véhicules - frontale,3,2,3,0,1,1,2,0,1,70,2,2,1,0,0,1,48.0,57.0,utilitaire_camion,voiture,1,2,1,2,1
202300021975,2023-05-29 16:50:00,2023,5,29,16,50,88,88075,34 Grande Rue,47.999733,6.870343,Plein jour,En agglomération,Hors intersection,Normale,Autre collision,3,2,2,0,1,1,1,0,1,50,1,2,0,1,0,1,53.0,,deux_roues,,1,2,1,1,6
202300021976,2023-11-10 18:05:00,2023,11,10,18,5,14,14118,30 Avenue de Creully,49.19110902,-0.37393212,Nuit avec éclairage allumé,En agglomération,Hors intersection,Pluie légère,Deux véhicules - arrière,4,2,2,0,3,1,2,0,1,50,2,3,1,0,0,2,18.0,23.0,voiture,voiture,5,2,1,2,2
202300021977,2023-07-15 00:50:00,2023,7,15,0,50,49,49328,GAUTHIER (QUAI LUCIEN),47.26031,-0.07457,Nuit avec éclairage allumé,En agglomération,Hors intersection,Normale,Autre collision,4,2,2,0,1,1,1,0,1,50,1,3,2,0,0,1,37.0,,voiture,,5,2,1,1,6
202300021978,2023-03-11 14:50:00,2023,3,11,14,50,31,31555,RTE D ESPAGNE,43.56303,1.42497,Plein jour,En agglomération,Giratoire,Pluie légère,Deux véhicules - côté,7,-1,2,0,1,2,2,9,1,50,2,2,1,0,0,1,33.0,19.0,voiture,deux_roues,1,2,6,2,3
202300021978,2023-03-11 14:50:00,2023,3,11,14,50,31,31555,RTE D ESPAGNE,43.56303,1.42497,Plein jour,En agglomération,Giratoire,Pluie légère,Deux véhicules - côté,7,2,2,0,1,1,2,9,1,50,2,2,1,0,0,1,33.0,19.0,voiture,deux_roues,1,2,6,2,3
202300021979,2023-08-06 00:44:00,2023,8,6,0,44,49,49007,DE LATTRE DE TASSIGNY,47.45716,-0.54394,Nuit avec éclairage allumé,En agglomération,Hors intersection,Normale,Autre collision,4,3,4,3,1,1,1,0,1,50,1,2,0,0,0,2,75.0,,voiture,,5,2,1,1,6
202300021980,2023-05-30 12:25:00,2023,5,30,12,25,971,97103,Boulevard des Armees la Jaille,16.254576,-61.558912,Plein jour,En agglomération,Autre intersection,Normale,Deux véhicules - côté,2,2,1,0,1,1,1,0,1,50,2,2,1,0,1,0,32.0,34.0,deux_roues,voiture,1,2,9,1,3
202300021981,2023-11-16 19:00:00,2023,11,16,19,0,13,13071,PLAN DE CAMPAGNE (AVE. DE ),43.41381425,5.34406249,Nuit avec éclairage allumé,En agglomération,Hors intersection,Normale,Deux véhicules - côté,3,3,2,0,3,1,1,0,1,50,2,2,1,0,0,1,46.0,21.0,deux_roues,voiture,5,2,1,1,3
202300021982,2023-03-11 15:00:00,2023,3,11,15,0,26,26362,L.A.C.R.A RN7 (BLV),44.95561704,4.93537188,Plein jour,Hors agglomération,Hors intersection,Normale,Deux véhicules - arrière,2,3,2,0,1,1,1,0,1,90,2,3,0,0,0,3,67.0,32.0,voiture,voiture,1,1,1,1,2
202300021983,2023-08-03 16:20:00,2023,8,3,16,20,49,49007,CHURCHILL AVENUE ET SQUARE,47.45146321,-0.55719137,Plein jour,En agglomération,Autre intersection,Normale,Deux véhicules - côté,4,3,4,3,1,4,1,4,6,30,2,3,2,0,0,1,37.0,50.0,transport_commun,voiture,1,2,9,1,3
202300021984,2023-03-11 23:40:00,2023,3,11,23,40,25,25056,,47.26304,6.05141,Nuit avec éclairage allumé,En agglomération,Giratoire,Normale,Sans collision,3,2,3,2,4,3,1,5,1,50,1,1,0,0,0,1,37.0,,voiture,,5,2,6,1,7
202300021984,2023-03-11 23:40:00,2023,3,11,23,40,25,25056,,47.26304,6.05141,Nuit avec éclairage allumé,En agglomération,Giratoire,Normale,Sans collision,3,3,4,2,1,2,1,5,8,50,1,1,0,0,0,1,37.0,,voiture,,5,2,6,1,7
202300021985,2023-11-16 12:30:00,2023,11,16,12,30,13,13019,ROUTE D’APT,43.42369,5.36749,Plein jour,En agglomération,Autre intersection,Pluie légère,Deux véhicules - frontale,6,2,2,0,1,1,2,6,1,30,1,2,1,0,0,1,45.0,,voiture,,1,2,9,2,1
202300021986,2023-11-16 12:10:00,2023,11,16,12,10,13,13019,ROUTE D’APT,43.45045,5.36007,Plein jour,Hors agglomération,Hors intersection,Temps couvert,Sans collision,3,2,2,0,1,1,1,0,3,80,1,2,1,0,0,1,88.0,,voiture,,1,1,1,8,7
202300021987,2023-04-09 10:20:00,2023,4,9,10,20,13,13087,"autoroute A8, pioint kilométrique 035.620, direction AIX-EN-PROVENCE",43.479892,5.589595,Plein jour,Hors agglomération,Hors intersection,Normale,Deux véhicules - côté,1,3,3,0,1,1,1,0,1,130,2,6,4,0,0,2,23.0,34.0,voiture,voiture,1,1,1,1,3
202300021988,2023-03-10 17:50:00,2023,3,10,17,50,22,22278,APOLLINAIRE (GUILLAUME),48.49688,-2.74759,Plein jour,En agglomération,Hors intersection,Normale,Autre collision,3,2,0,0,1,1,2,0,1,30,1,2,1,0,0,1,78.0,,voiture,,1,2,1,1,6
202300021989,2023-08-05 06:57:00,2023,8,5,6,57,47,47001,DELPECH (AV. GEORGES),44.21026,0.60988,Plein jour,En agglomération,Hors intersection,Normale,Trois véhicules et plus - collisions multiples,3,2,2,0,1,1,1,0,1,50,3,7,6,0,0,1,25.0,29.0,voiture,voiture,1,2,1,1,5
202300021990,2023-11-16 07:20:00,2023,11,16,7,20,13,13103,VIEILLE ROUTE DE PELISSANNE-RD 17,43.63768,5.11839,Crépuscule ou aube,Hors agglomération,Hors intersection,Normale,Deux véhicules - frontale,3,2,2,0,2,1,1,9,1,50,1,2,1,1,0,0,81.0,,voiture,,2,1,1,1,1
202300021991,2023-08-04 09:05:00,2023,8,4,9,5,47,47001,FOCH (PL. DU MARECHAL),44.20621,0.61902,Plein jour,En agglomération,Hors intersection,Normale,Deux véhicules - côté,4,2,1,0,1,1,1,9,3,30,2,2,1,0,1,0,58.0,49.0,utilitaire_camion,deux_roues,1,2,1,1,3
202300021992,2023-03-11 18:25:00,2023,3,11,18,25,14,14333,1 Clos du Vert Galant,49.413513,0.230958,Plein jour,En agglomération,Intersection en X,Temps couvert,Deux véhicules - côté,3,2,2,0,1,1,1,5,1,30,2,2,1,0,1,0,15.0,48.0,deux_roues,voiture,1,2,2,8,3
202300021992,2023-03-11 18:25:00,2023,3,11,18,25,14,14333,1 Clos du Vert Galant,49.413513,0.230958,Plein jour,En agglomération,Intersection en X,Temps couvert,Deux véhicules - côté,3,2,2,0,1,1,1,5,1,50,2,2,1,0,1,0,15.0,48.0,deux_roues,voiture,1,2,2,8,3
202300021993,2023-11-16 22:30:00,2023,11,16,22,30,13,13208,ANDRE ZENATTI (AVENUE),43.24634745,5.38765949,Nuit avec éclairage allumé,En agglomération,Hors intersection,Normale,Deux véhicules - côté,4,2,2,0,1,1,1,0,1,50,2,2,1,0,1,0,41.0,25.0,voiture,deux_roues,5,2,1,1,3
202300021994,2023-05-28 12:20:00,2023,5,28,12,20,77,77141,D 406,48.856005,2.857218,Plein jour,Hors agglomération,Hors intersection,Normale,Deux véhicules - côté,3,2,2,0,3,1,1,5,1,70,2,4,3,0,0,1,47.0,74.0,voiture,voiture,1,1,1,1,3
202300021995,2023-08-03 15:30:00,2023,8,3,15,30,47,47001,LUXEMBOURG (AV. MAURICE),44.19913024,0.62621641,Plein jour,En agglomération,Intersection en X,Normale,Deux véhicules - frontale,3,2,2,0,1,1,1,0,1,50,2,4,3,0,0,1,22.0,23.0,voiture,voiture,1,2,2,1,1
202300021995,2023-08-03 15:30:00,2023,8,3,15,30,47,47001,LUXEMBOURG (AV. MAURICE),44.19913024,0.62621641,Plein jour,En agglomération,Intersection en X,Normale,Deux véhicules - frontale,3,2,2,2,1,1,1,0,1,-1,2,4,3,0,0,1,22.0,23.0,voiture,voiture,1,2,2,1,1
202300021996,2023-03-11 18:30:00,2023,3,11,18,30,13,13211,SAINT MENET (AVENUE DE),43.28971738,5.49548469,Nuit avec éclairage allumé,En agglomération,Hors intersection,Normale,Deux véhicules - arrière,4,-1,4,0,1,1,1,0,1,50,3,5,1,0,0,4,39.0,19.0,voiture,voiture,5,2,1,1,2
202300021997,2023-05-27 07:30:00,2023,5,27,7,30,95,95212,D165,49.02961709,2.55884618,Plein jour,Hors agglomération,Giratoire,Normale,Autre collision,3,2,2,0,1,1,1,0,8,80,1,1,0,1,0,0,93.0,,voiture,,1,1,6,1,6
202300021998,2023-08-05 13:05:00,2023,8,5,13,5,45,45232,Avenue Roger Secrétain,47.87031,1.91204,Plein jour,En agglomération,Hors intersection,Normale,Deux véhicules - arrière,4,3,4,0,1,1,1,0,1,50,2,2,1,0,0,1,28.0,39.0,voiture,voiture,1,2,1,1,2
202300021999,2023-03-11 12:00:00,2023,3,11,12,0,13,13206,Montée de la bonne mère,43.2842,5.3716,Plein jour,En agglomération,Hors intersection,Normale,Deux véhicules - frontale,4,2,2,0,3,3,1,0,1,50,2,3,0,0,0,3,39.0,46.0,deux_roues,deux_roues,1,2,1,1,1
202300022000,2023-08-04 12:30:00,2023,8,4,12,30,45,45234,123 Rue du Faubourg de Bourgogne,47.90328941,1.93186104,Plein jour,En agglomération,Hors intersection,Normale,Deux véhicules - côté,4,2,3,0,1,1,1,0,1,50,2,2,0,0,2,0,69.0,58.0,deux_roues,deux_roues,1,2,1,1,3
202300022001,2023-05-25 21:15:00,2023,5,25,21,15,95,95351,1 GARE (PLACE DE LA),49.050201,2.502139,Crépuscule ou aube,En agglomération,Intersection en X,Normale,Deux véhicules - côté,4,2,2,0,2,1,1,0,1,50,2,2,1,0,1,0,51.0,37.0,deux_roues,voiture,2,2,2,1,3
202300022001,2023-05-25 21:15:00,2023,5,25,21,15,95,95351,1 GARE (PLACE DE LA),49.050201,2.502139,Crépuscule ou aube,En agglomération,Intersection en X,Normale,Deux véhicules - côté,4,2,2,-1,1,3,1,0,1,-1,2,2,1,0,1,0,51.0,37.0,deux_roues,voiture,2,2,2,1,3
202300022002,2023-11-16 18:30:00,2023,11,16,18,30,13,13208,MICHELET (BOULEVARD),43.266308,5.394485,Nuit avec éclairage allumé,En agglomération,Hors intersection,Normale,Trois véhicules et plus - collisions multiples,4,2,6,3,1,1,1,0,1,50,4,11,8,0,0,3,61.0,21.0,voiture,voiture,5,2,1,1,5
202300022003,2023-03-11 21:25:00,2023,3,11,21,25,06,06027,KENNEDY BOULEVARD J.F.,43.652556,7.15178,Nuit avec éclairage allumé,En agglomération,Hors intersection,Normale,Autre collision,7,3,4,0,1,1,1,0,1,50,1,3,2,0,0,1,63.0,,voiture,,5,2,1,1,6
202300022004,2023-08-03 17:55:00,2023,8,3,17,55,45,45208,route forestières des sept freres ,48.0097,2.7477,Plein jour,Hors agglomération,Hors intersection,Normale,Autre collision,4,-1,0,0,1,1,6,0,8,30,1,1,0,0,0,1,16.0,,deux_roues,,1,1,1,1,6
202300022005,2023-05-29 16:40:00,2023,5,29,16,40,78,78305,Route de Boulemont,48.902442,1.888479,Plein jour,Hors agglomération,Hors intersection,Normale,Sans collision,4,2,2,0,2,1,1,0,3,70,2,2,0,0,0,2,21.0,20.0,deux_roues,deux_roues,1,1,1,1,7
202300022006,2023-08-05 15:00:00,2023,8,5,15,0,42,42218,Rue Louis Soulié,45.44902,4.40191,Plein jour,En agglomération,Place,Normale,Autre collision,4,1,1,0,1,1,1,9,8,50,1,2,1,0,1,0,23.0,,voiture,,1,2,7,1,6
202300022007,2023-11-16 12:40:00,2023,11,16,12,40,13,13203,ROGER SALENGRO (AVENUE),43.31451,5.37072,Plein jour,En agglomération,Intersection en T,Normale,Deux véhicules - arrière,4,2,2,0,1,1,1,0,1,50,2,2,1,0,0,1,58.0,40.0,voiture,voiture,1,2,3,1,2
202300022007,2023-11-16 12:40:00,2023,11,16,12,40,13,13203,ROGER SALENGRO (AVENUE),43.31451,5.37072,Plein jour,En agglomération,Intersection en T,Normale,Deux véhicules - arrière,4,2,2,0,1,1,1,0,1,50,2,2,1,0,0,1,58.0,40.0,voiture,voiture,1,2,3,1,2
202300022008,2023-03-10 16:15:00,2023,3,10,16,15,05,05023,MAISONS BLANCHES (RUE DES),44.88344986,6.6258502,Plein jour,En agglomération,Intersection en T,Normale,Deux véhicules - côté,4,2,2,0,1,1,1,0,1,50,2,3,1,0,0,2,79.0,45.0,voiture,deux_roues,1,2,3,1,3
202300022008,2023-03-10 16:15:00,2023,3,10,16,15,05,05023,MAISONS BLANCHES (RUE DES),44.88344986,6.6258502,Plein jour,En agglomération,Intersection en T,Normale,Deux véhicules - côté,4,-1, -1,0,1,1,1,0,1,20,2,3,1,0,0,2,79.0,45.0,voiture,deux_roues,1,2,3,1,3
202300022009,2023-08-05 05:45:00,2023,8,5,5,45,38,38421,AVENUE GABRIEL PÉRI,45.18251,5.77719,Crépuscule ou aube,En agglomération,Giratoire,Normale,Sans collision,2,3,0,0,1,1,1,0,3,50,1,1,0,0,0,1,53.0,,voiture,,2,2,6,1,7
202300022009,2023-08-05 05:45:00,2023,8,5,5,45,38,38421,AVENUE GABRIEL PÉRI,45.18251,5.77719,Crépuscule ou aube,En agglomération,Giratoire,Normale,Sans collision,2,2,0,0,1,1,1,0,3,90,1,1,0,0,0,1,53.0,,voiture,,2,2,6,1,7
202300022010,2023-03-10 22:30:00,2023,3,10,22,30,974,97411,MAHY (FRANCOIS DE),-20.896,55.485,Nuit avec éclairage allumé,En agglomération,Hors intersection,Normale,Autre collision,4,2,2,0,2,1,1,0,4,50,1,1,0,0,0,1,25.0,,deux_roues,,5,2,1,1,6
202300022011,2023-05-28 19:42:00,2023,5,28,19,42,66,66017,D83,42.796275,3.026818,Plein jour,Hors agglomération,Hors intersection,Normale,Sans collision,3,3,2,0,1,1,1,0,3,110,1,5,2,0,2,1,20.0,,voiture,,1,1,1,1,7
202300022012,2023-11-15 12:05:00,2023,11,15,12,5,13,13213,FRANÇOIS MIGNET (AVENUE),43.33185,5.42872,Plein jour,En agglomération,Hors intersection,Normale,Deux véhicules - frontale,4,1,2,0,1,1,1,0,1,50,1,2,1,0,0,1,46.0,,voiture,,1,2,1,1,1
202300022013,2023-08-03 21:40:00,2023,8,3,21,40,37,37261,MALRAUX (QUAI ANDRE),47.39754,0.69944,Nuit avec éclairage allumé,En agglomération,Intersection en X,Pluie légère,Deux véhicules - côté,4,2,4,0,1,1,2,0,1,50,2,2,1,0,0,1,28.0,28.0,voiture,voiture,5,2,2,2,3
202300022013,2023-08-03 21:40:00,2023,8,3,21,40,37,37261,MALRAUX (QUAI ANDRE),47.39754,0.69944,Nuit avec éclairage allumé,En agglomération,Intersection en X,Pluie légère,Deux véhicules - côté,4,2,4,0,2,1,2,0,1,50,2,2,1,0,0,1,28.0,28.0,voiture,voiture,5,2,2,2,3
202300022014,2023-03-10 18:00:00,2023,3,10,18,0,972,97213,MAHAULT,14.6182,-61.0068,Crépuscule ou aube,Hors agglomération,Hors intersection,Normale,Deux véhicules - arrière,2,1,1,0,1,1,1,0,1,70,2,2,1,0,0,1,21.0,33.0,deux_roues,voiture,2,1,1,1,2
202300022015,2023-11-14 19:50:00,2023,11,14,19,50,13,13206,TROIS FRERES (RUE DES),43.29301,5.38539,Nuit avec éclairage allumé,En agglomération,Hors intersection,Normale,Deux véhicules - côté,4,2,2,0,1,1,1,0,1,50,2,2,0,0,0,2,33.0,27.0,deux_roues,deux_roues,5,2,1,1,3
202300022016,2023-08-03 16:40:00,2023,8,3,16,40,37,37195,RD 88,47.38948,0.6471,Plein jour,En agglomération,Hors intersection,Normale,Sans collision,3,3,2,0,1,3,1,0,3,50,1,2,1,0,0,1,35.0,,voiture,,1,2,1,1,7
202300022017,2023-03-09 16:00:00,2023,3,9,16,0,972,97213,ACAJOU PROLONGEE,14.6238,-61.01864,Plein jour,Hors agglomération,Hors intersection,Normale,Deux véhicules - arrière,3,2,2,0,1,1,1,0,1,50,2,2,1,0,0,1,39.0,23.0,voiture,voiture,1,1,1,1,2
202300022018,2023-05-30 12:00:00,2023,5,30,12,0,83,83059,D15,43.340138,6.096441,Plein jour,Hors agglomération,Intersection en T,Normale,Trois véhicules et plus - collisions multiples,3,2,2,0,1,1,1,0,1,80,3,3,2,0,1,0,78.0,59.0,voiture,deux_roues,1,1,3,1,5
202300022018,2023-05-30 12:00:00,2023,5,30,12,0,83,83059,D15,43.340138,6.096441,Plein jour,Hors agglomération,Intersection en T,Normale,Trois véhicules et plus - collisions multiples,3,1,1,0,2,1,1,0,8,80,3,3,2,0,1,0,78.0,59.0,voiture,deux_roues,1,1,3,1,5
202300022018,2023-05-30 12:00:00,2023,5,30,12,0,83,83059,D15,43.340138,6.096441,Plein jour,Hors agglomération,Intersection en T,Normale,Trois véhicules et plus - collisions multiples,3,2,2,0,2,1,1,0,8,-1,3,3,2,0,1,0,78.0,59.0,voiture,deux_roues,1,1,3,1,5