accident_id,datetime,annee,mois,jour,heure,minute,departement,commune_insee,adresse,latitude,longitude,luminosite,agglomeration,intersection,meteo,collision,catr,circ,nbv,vosp,prof,plan,surf,infra,situ,vma,nb_vehicules,nb_usagers,nb_indemnes,nb_tues,nb_blesses_hosp,nb_blesses_legers,age_cond_1,age_cond_2,veh_type_cond_1,veh_type_cond_2,lum_code,agg_code,int_code,atm_code,col_code
202300022087,2023-03-10 14:30:00,2023,3,10,14,30,69,69013,Route Départementale 686,46.00464383,4.71964671,Plein jour,En agglomération,Hors intersection,Normale,Deux véhicules - frontale,3,2,2,0,1,1,1,0,1,50,2,2,1,0,1,0,56.0,81.0,voiture,deux_roues,1,2,1,1,1
202300022088,2023-08-04 19:59:00,2023,8,4,19,59,29,29232,Allée de Kervoalic,47.96627,-4.08226,Plein jour,Hors agglomération,Autre intersection,Normale,Deux véhicules - frontale,4,2,2,0,2,3,1,0,1,50,2,2,1,0,0,1,51.0,21.0,voiture,voiture,1,1,9,1,1
202300022089,2023-01-28 18:05:00,2023,1,28,18,5,77,77070,D 934,48.787284,3.134132,Plein jour,Hors agglomération,Intersection en Y,Normale,Deux véhicules - frontale,3,2,2,0,1,1,1,0,1,70,2,9,2,0,0,7,35.0,36.0,voiture,voiture,1,1,4,1,1
202300022089,2023-01-28 18:05:00,2023,1,28,18,5,77,77070,D 934,48.787284,3.134132,Plein jour,Hors agglomération,Intersection en Y,Normale,Deux véhicules - frontale,3,2,2,0,1,2,1,0,1,70,2,9,2,0,0,7,35.0,36.0,voiture,voiture,1,1,4,1,1
202300022090,2023-11-16 13:00:00,2023,11,16,13,0,75,75113,BOULEVARD MASSENA,48.821287,2.368212,Plein jour,En agglomération,Hors intersection,Pluie forte,Deux véhicules - côté,4,2,4,0,1,1,2,0,1,30,2,2,1,0,0,1,29.0,,deux_roues,voiture,1,2,1,3,3
202300022091,2023-08-04 06:52:00,2023,8,4,6,52,29,29232,Rond-Point de Kerustum,47.97895,-4.09436,Crépuscule ou aube,En agglomération,Giratoire,Normale,Deux véhicules - côté,3,-1,2,0,1,3,1,0,1,50,2,4,3,0,0,1,,64.0,voiture,voiture,2,2,6,1,3
202300022092,2023-03-07 19:36:00,2023,3,7,19,36,66,66136,,42.69544,2.88225,Nuit avec éclairage allumé,En agglomération,Intersection en T,Normale,Deux véhicules - côté,4,1,1,0,1,1,1,0,1,30,2,2,1,0,1,0,45.0,30.0,voiture,deux_roues,5,2,3,1,3
202300022093,2023-03-18 16:33:00,2023,3,18,16,33,74,74133,INDUSTRIE (RUE DE L'),46.18622,6.22155,Plein jour,Hors agglomération,Hors intersection,Normale,Deux véhicules - frontale,3,2,2,0,1,2,1,0,1,50,2,3,1,0,0,2,45.0,,utilitaire_camion,utilitaire_camion,1,1,1,1,1
202300022094,2023-01-28 18:50:00,2023,1,28,18,50,72,72181,BOLLEE (AV) N° IMP 347 ET >,47.9987,0.23453,Crépuscule ou aube,En agglomération,Hors intersection,Normale,Deux véhicules - côté,4,-1,3,0,1,1,1,0,1,50,2,2,0,0,0,2,58.0,28.0,voiture,voiture,2,2,1,1,3
202300022095,2023-11-16 16:00:00,2023,11,16,16,0,75,75111,AVENUE PARMENTIER,48.868117,2.372454,Plein jour,En agglomération,Intersection en X,Pluie forte,Autre collision,4,-1,0,0,1,1,2,0,1,30,1,2,1,0,0,1,63.0,,voiture,,1,2,2,3,6
202300022095,2023-11-16 16:00:00,2023,11,16,16,0,75,75111,AVENUE PARMENTIER,48.868117,2.372454,Plein jour,En agglomération,Intersection en X,Pluie forte,Autre collision,4,2,2,0,1,1,2,0,1,30,1,2,1,0,0,1,63.0,,voiture,,1,2,2,3,6
202300022096,2023-03-01 17:00:00,2023,3,1,17,0,74,74258,397 Avenue du fer à cheval,46.08,6.728375,Plein jour,En agglomération,Hors intersection,Normale,Autre collision,4,2,2,0,1,1,1,0,1,50,1,2,1,0,1,0,51.0,,voiture,,1,2,1,1,6
202300022097,2023-01-28 23:00:00,2023,1,28,23,0,69,69259,61 Boulevard Lénine,45.69175,4.86505,Nuit avec éclairage allumé,En agglomération,Intersection en X,Normale,Deux véhicules - côté,4,2,2,0,1,1,1,0,1,30,2,2,1,0,0,1,27.0,24.0,voiture,voiture,5,2,2,1,3
202300022097,2023-01-28 23:00:00,2023,1,28,23,0,69,69259,61 Boulevard Lénine,45.69175,4.86505,Nuit avec éclairage allumé,En agglomération,Intersection en X,Normale,Deux véhicules - côté,4,2,2,2,1,1,1,0,1,30,2,2,1,0,0,1,27.0,24.0,voiture,voiture,5,2,2,1,3
202300022098,2023-03-10 05:55:00,2023,3,10,5,55,64,64102,BOUFFLERS (ALLEES),43.49301,-1.47268,Nuit avec éclairage allumé,En agglomération,Intersection en T,Normale,Autre collision,4,2,2,0,1,1,1,0,1,30,2,2,1,0,1,0,51.0,46.0,utilitaire_camion,deux_roues,5,2,3,1,6
202300022098,2023-03-10 05:55:00,2023,3,10,5,55,64,64102,BOUFFLERS (ALLEES),43.49301,-1.47268,Nuit avec éclairage allumé,En agglomération,Intersection en T,Normale,Autre collision,4,2,2,0,1,1,1,0,1,30,2,2,1,0,1,0,51.0,46.0,utilitaire_camion,deux_roues,5,2,3,1,6
202300022099,2023-08-03 12:10:00,2023,8,3,12,10,29,29232,Rue Emile Zola,47.98736,-4.0985,Plein jour,En agglomération,Hors intersection,Normale,Trois véhicules et plus - collisions multiples,4,2,0,0,1,1,1,5,1,50,6,6,5,0,0,1,41.0,65.0,voiture,voiture,1,2,1,1,5
202300022100,2023-01-27 17:40:00,2023,1,27,17,40,62,62570,Rue Pierre Simon,50.4081655,2.880979,Nuit avec éclairage allumé,En agglomération,Intersection en T,Normale,Deux véhicules - côté,4,2,2,0,1,1,1,0,1,50,2,2,1,0,1,0,84.0,46.0,voiture,deux_roues,5,2,3,1,3
202300022100,2023-01-27 17:40:00,2023,1,27,17,40,62,62570,Rue Pierre Simon,50.4081655,2.880979,Nuit avec éclairage allumé,En agglomération,Intersection en T,Normale,Deux véhicules - côté,4,2,2,0,1,1,1,0,1,50,2,2,1,0,1,0,84.0,46.0,voiture,deux_roues,5,2,3,1,3
202300022101,2023-11-16 10:17:00,2023,11,16,10,17,75,75110,BOULEVARD DE STRASBOURG,48.869356,2.354295,Plein jour,En agglomération,Autre intersection,Pluie forte,Autre collision,4,1,5,1,1,1,2,0,1,30,1,2,1,0,0,1,44.0,,voiture,,1,2,9,3,6
202300022101,2023-11-16 10:17:00,2023,11,16,10,17,75,75110,BOULEVARD DE STRASBOURG,48.869356,2.354295,Plein jour,En agglomération,Autre intersection,Pluie forte,Autre collision,4,1, -1,-1,1,1,2,0,1,30,1,2,1,0,0,1,44.0,,voiture,,1,2,9,3,6
202300022102,2023-03-10 08:25:00,2023,3,10,8,25,63,63113,ITALIE (AVENUE DE L'),45.78181,3.09542,Plein jour,En agglomération,Hors intersection,Normale,Deux véhicules - frontale,4,1,2,1,1,1,2,0,1,50,2,2,1,0,0,1,23.0,28.0,voiture,deux_roues,1,2,1,1,1
202300022103,2023-02-27 10:08:00,2023,2,27,10,8,74,74281,FERRY (AV JULES) APRES N°16,46.37814,6.49027,Plein jour,Hors agglomération,Giratoire,Temps couvert,Deux véhicules - côté,4,-1,2,0,1,2,1,0,1,50,2,2,1,0,1,0,61.0,67.0,voiture,deux_roues,1,1,6,8,3
202300022103,2023-02-27 10:08:00,2023,2,27,10,8,74,74281,FERRY (AV JULES) APRES N°16,46.37814,6.49027,Plein jour,Hors agglomération,Giratoire,Temps couvert,Deux véhicules - côté,4,-1,2,0,1,2,1,0,1,50,2,2,1,0,1,0,61.0,67.0,voiture,deux_roues,1,1,6,8,3
202300022104,2023-08-06 12:56:00,2023,8,6,12,56,29,29039,RD 44,47.92067246,-3.92858079,Plein jour,Hors agglomération,Intersection en T,Normale,Deux véhicules - côté,3,2,2,0,1,1,1,0,1,50,2,4,3,0,0,1,85.0,49.0,voiture,voiture,1,1,3,1,3
202300022104,2023-08-06 12:56:00,2023,8,6,12,56,29,29039,RD 44,47.92067246,-3.92858079,Plein jour,Hors agglomération,Intersection en T,Normale,Deux véhicules - côté,3,2,2,0,1,3,1,0,1,80,2,4,3,0,0,1,85.0,49.0,voiture,voiture,1,1,3,1,3
202300022105,2023-03-03 22:05:00,2023,3,3,22,5,62,62764,D917,50.312383,2.776159,Nuit sans éclairage public,Hors agglomération,Autre intersection,Normale,Autre collision,3,1,5,0,2,1,1,0,1,90,1,2,1,0,1,0,51.0,,voiture,,3,1,9,1,6
202300022106,2023-01-28 05:55:00,2023,1,28,5,55,60,60057,Rue du Général Koenig,49.43326,2.05267,Nuit avec éclairage allumé,En agglomération,Intersection en Y,Normale,Deux véhicules - arrière,4,2,2,0,2,2,1,0,1,50,2,4,2,0,0,2,23.0,29.0,voiture,voiture,5,2,4,1,2
202300022106,2023-01-28 05:55:00,2023,1,28,5,55,60,60057,Rue du Général Koenig,49.43326,2.05267,Nuit avec éclairage allumé,En agglomération,Intersection en Y,Normale,Deux véhicules - arrière,4,2,2,0,2,2,1,0,1,50,2,4,2,0,0,2,23.0,29.0,voiture,voiture,5,2,4,1,2
202300022107,2023-11-16 12:45:00,2023,11,16,12,45,75,75108,AVENUE HOCHE,48.875829,2.300286,Plein jour,En agglomération,Hors intersection,Pluie forte,Autre collision,4,2,2,0,1,1,2,0,1,30,1,2,1,0,0,1,56.0,,deux_roues,,1,2,1,3,6
202300022108,2023-02-22 22:15:00,2023,2,22,22,15,74,74243,A40,46.131776,6.092981,Nuit sans éclairage public,Hors agglomération,Hors intersection,Pluie légère,Autre collision,1,1,1,0,2,2,2,3,2,50,1,1,0,0,0,1,22.0,,voiture,,3,1,1,2,6
202300022109,2023-08-06 11:29:00,2023,8,6,11,29,29,29039,Stang Ar Lin,47.885312,-3.904548,Plein jour,Hors agglomération,Hors intersection,Normale,Sans collision,4,2,1,2,2,1,1,0,1,50,1,1,0,0,0,1,76.0,,deux_roues,,1,1,1,1,7
202300022110,2023-03-09 18:15:00,2023,3,9,18,15,59,59350,HUGO VICTOR  BVD N°104 - 294,50.6192,3.05261,Plein jour,En agglomération,Hors intersection,Pluie légère,Deux véhicules - côté,4,3,4,0,1,1,2,0,1,50,2,2,1,0,0,1,39.0,39.0,deux_roues,voiture,1,2,1,2,3
202300022111,2023-01-28 05:40:00,2023,1,28,5,40,54,54395,Rue de Metz,48.70167,6.17156,Nuit avec éclairage allumé,En agglomération,Intersection en X,Normale,Deux véhicules - côté,4,1, -1,0,1,1,1,0,1,30,2,2,1,0,0,1,36.0,43.0,voiture,voiture,5,2,2,1,3
202300022111,2023-01-28 05:40:00,2023,1,28,5,40,54,54395,Rue de Metz,48.70167,6.17156,Nuit avec éclairage allumé,En agglomération,Intersection en X,Normale,Deux véhicules - côté,4,2, -1,2,1,1,1,-1,1,30,2,2,1,0,0,1,36.0,43.0,voiture,voiture,5,2,2,1,3
202300022112,2023-11-16 12:30:00,2023,11,16,12,30,75,75108,BOULEVARD HAUSSMANN,48.875051,2.306108,Plein jour,En agglomération,Intersection en X,Pluie forte,Sans collision,4,2,6,3,1,1,2,0,1,30,1,1,0,0,0,1,38.0,,deux_roues,,1,2,2,3,7
202300022112,2023-11-16 12:30:00,2023,11,16,12,30,75,75108,BOULEVARD HAUSSMANN,48.875051,2.306108,Plein jour,En agglomération,Intersection en X,Pluie forte,Sans collision,4,1, -1,-1,1,1,2,0,1,30,1,1,0,0,0,1,38.0,,deux_roues,,1,2,2,3,7
202300022113,2023-02-09 07:05:00,2023,2,9,7,5,74,74310,Avenue d'aix-les-bains,45.82645625,6.04665678,Crépuscule ou aube,Hors agglomération,Hors intersection,Normale,Deux véhicules - côté,3,2,2,0,1,1,1,0,1,-1,2,2,0,0,1,1,22.0,57.0,voiture,voiture,2,1,1,1,3
202300022114,2023-03-09 11:00:00,2023,3,9,11,0,57,57221,VERDUN (RUE DE),49.32184,6.11254,Plein jour,En agglomération,Hors intersection,Pluie légère,Deux véhicules - côté,3,2,2,0,1,1,2,0,1,50,2,2,1,0,0,1,22.0,80.0,deux_roues,voiture,1,2,1,2,3
202300022115,2023-01-28 17:40:00,2023,1,28,17,40,51,51454,rue Jeanne d'Arc,49.25286,4.02688,Crépuscule ou aube,En agglomération,Hors intersection,Normale,Deux véhicules - côté,4,1,1,0,1,1,1,0,1,30,2,3,2,0,0,1,16.0,,deux_roues,voiture,2,2,1,1,3
202300022116,2023-08-02 16:40:00,2023,8,2,16,40,29,29039,Rue de Keriolet,47.88829472,-3.91495628,Plein jour,Hors agglomération,Hors intersection,Temps couvert,Deux véhicules - arrière,3,2,2,0,1,1,1,0,1,70,2,6,5,0,0,1,28.0,22.0,voiture,voiture,1,1,1,8,2
202300022117,2023-11-16 20:45:00,2023,11,16,20,45,75,75107,QUAI ANATOLE FRANCE,48.860371,2.326719,Nuit avec éclairage allumé,En agglomération,Hors intersection,Normale,Deux véhicules - frontale,4,2,4,1,1,1,2,0,5,30,2,2,1,0,0,1,47.0,,deux_roues,deux_roues,5,2,1,1,1
202300022118,2023-01-28 00:54:00,2023,1,28,0,54,45,45147,400 Rue du Faubourg Bannier,47.93398,1.89486,Nuit avec éclairage allumé,En agglomération,Giratoire,Normale,Autre collision,4,2,2,0,1,1,1,0,1,50,1,2,0,0,1,1,21.0,,voiture,,5,2,6,1,6
202300022118,2023-01-28 00:54:00,2023,1,28,0,54,45,45147,400 Rue du Faubourg Bannier,47.93398,1.89486,Nuit avec éclairage allumé,En agglomération,Giratoire,Normale,Autre collision,4,2,2,2,1,1,1,0,1,50,1,2,0,0,1,1,21.0,,voiture,,5,2,6,1,6
202300022119,2023-01-23 13:10:00,2023,1,23,13,10,73,73011,D1212,45.67027,6.3922,Plein jour,Hors agglomération,Hors intersection,Normale,Trois véhicules et plus - collisions multiples,3,2,2,0,1,1,1,0,1,70,3,4,1,0,1,2,80.0,51.0,voiture,voiture,1,1,1,1,5
202300022120,2023-11-15 19:30:00,2023,11,15,19,30,75,75103,RUE DE BRETAGNE,48.862485,2.363334,Nuit avec éclairage allumé,En agglomération,Intersection en X,Normale,Sans collision,4,1,2,1,1,1,1,0,1,30,1,1,0,0,0,1,31.0,,deux_roues,,5,2,2,1,7
202300022120,2023-11-15 19:30:00,2023,11,15,19,30,75,75103,RUE DE BRETAGNE,48.862485,2.363334,Nuit avec éclairage allumé,En agglomération,Intersection en X,Normale,Sans collision,4,2,2,1,1,1,1,0,1,30,1,1,0,0,0,1,31.0,,deux_roues,,5,2,2,1,7
202300022121,2023-03-10 18:20:00,2023,3,10,18,20,56,56121,21 Rue Louis Cren,47.74264,-3.37953,Crépuscule ou aube,En agglomération,Intersection en X,Pluie légère,Deux véhicules - côté,4,2,2,0,1,1,2,0,1,30,2,5,3,0,0,2,41.0,22.0,voiture,voiture,2,2,2,2,3
202300022121,2023-03-10 18:20:00,2023,3,10,18,20,56,56121,21 Rue Louis Cren,47.74264,-3.37953,Crépuscule ou aube,En agglomération,Intersection en X,Pluie légère,Deux véhicules - côté,4,2,2,0,1,1,2,0,1,30,2,5,3,0,0,2,41.0,22.0,voiture,voiture,2,2,2,2,3
202300022122,2023-08-04 16:00:00,2023,8,4,16,0,29,29019,rue Marcellin Duval,48.413405,-4.486631,Plein jour,En agglomération,Intersection en X,Normale,Deux véhicules - frontale,4,2,2,0,1,1,1,0,1,50,2,6,1,0,0,5,31.0,41.0,voiture,voiture,1,2,2,1,1
202300022122,2023-08-04 16:00:00,2023,8,4,16,0,29,29019,rue Marcellin Duval,48.413405,-4.486631,Plein jour,En agglomération,Intersection en X,Normale,Deux véhicules - frontale,4,2,4,0,1,1,1,0,1,50,2,6,1,0,0,5,31.0,41.0,voiture,voiture,1,2,2,1,1
202300022123,2023-01-28 13:15:00,2023,1,28,13,15,44,44109,Place du 8 mai 1945,47.24336,-1.55659,Plein jour,En agglomération,Giratoire,Normale,Deux véhicules - côté,4,2,3,3,1,1,1,0,1,50,2,2,1,0,1,0,35.0,37.0,voiture,deux_roues,1,2,6,1,3
202300022123,2023-01-28 13:15:00,2023,1,28,13,15,44,44109,Place du 8 mai 1945,47.24336,-1.55659,Plein jour,En agglomération,Giratoire,Normale,Deux véhicules - côté,4,1,2,0,1,1,1,0,1,30,2,2,1,0,1,0,35.0,37.0,voiture,deux_roues,1,2,6,1,3
202300022124,2023-05-28 02:00:00,2023,5,28,2,0,46,46042,DELATTRE DE TASSIGNY (AVENUE),44.45327,1.43138,Nuit avec éclairage allumé,En agglomération,Hors intersection,Normale,Deux véhicules - frontale,4,2,2,0,1,1,1,0,1,50,2,2,0,0,1,1,52.0,20.0,voiture,voiture,5,2,1,1,1
202300022125,2023-03-09 16:45:00,2023,3,9,16,45,55,55545,MONJARDIN ( ALLEE ),49.148,5.391,Plein jour,En agglomération,Hors intersection,Normale,Autre collision,4,2,2,0,1,1,1,0,1,50,2,2,0,0,0,2,25.0,49.0,voiture,deux_roues,1,2,1,1,6
202300022126,2023-01-28 17:55:00,2023,1,28,17,55,37,37261,SEVERINE (RUE),47.37557,0.70591,Crépuscule ou aube,En agglomération,Intersection en X,Temps couvert,Deux véhicules - côté,4,2,2,0,1,1,1,0,1,50,2,2,1,0,0,1,22.0,57.0,voiture,voiture,2,2,2,8,3
202300022126,2023-01-28 17:55:00,2023,1,28,17,55,37,37261,SEVERINE (RUE),47.37557,0.70591,Crépuscule ou aube,En agglomération,Intersection en X,Temps couvert,Deux véhicules - côté,4,2,2,0,1,1,1,0,1,50,2,2,1,0,0,1,22.0,57.0,voiture,voiture,2,2,2,8,3
202300022127,2023-05-28 00:15:00,2023,5,28,0,15,75,75117,BOULEVARD PERIPHERIQUE INTERIEUR OUEST,48.894393,2.305535,Nuit avec éclairage allumé,En agglomération,Hors intersection,Normale,Autre collision,4,1,4,0,1,1,1,0,1,70,1,2,0,0,1,1,29.0,,voiture,,5,2,1,1,6
202300022128,2023-11-15 12:30:00,2023,11,15,12,30,94,94081,Rue de Seine,48.796571,2.409287,Plein jour,En agglomération,Intersection en T,Normale,Deux véhicules - côté,4,-1,1,0,1,1,1,0,1,50,2,4,1,0,0,3,36.0,29.0,voiture,utilitaire_camion,1,2,3,1,3
202300022128,2023-11-15 12:30:00,2023,11,15,12,30,94,94081,Rue de Seine,48.796571,2.409287,Plein jour,En agglomération,Intersection en T,Normale,Deux véhicules - côté,4,2,0,0,1,1,1,0,1,50,2,4,1,0,0,3,36.0,29.0,voiture,utilitaire_camion,1,2,3,1,3
202300022129,2023-01-28 11:45:00,2023,1,28,11,45,34,34172,235a Avenue Paul Bringuier,43.61504,3.83982,Plein jour,En agglomération,Hors intersection,Normale,Autre collision,4,2,4,0,2,1,1,0,1,50,1,2,1,0,0,1,73.0,,voiture,,1,2,1,1,6
202300022130,2023-03-10 06:30:00,2023,3,10,6,30,54,54357,Avenue du Général de Gaulle,48.70273,6.12882,Crépuscule ou aube,En agglomération,Hors intersection,Normale,Autre collision,4,2,2,2,1,1,1,0,1,50,1,4,1,0,3,0,46.0,,voiture,,2,2,1,1,6
202300022131,2023-11-15 16:45:00,2023,11,15,16,45,94,94046,7 Avenue du Général de Gaulle,48.813858,2.421412,Crépuscule ou aube,En agglomération,Hors intersection,Normale,Autre collision,3,2,0,1,1,1,1,0,5,50,1,2,1,0,0,1,,,deux_roues,,2,2,1,1,6
202300022132,2023-05-28 18:00:00,2023,5,28,18,0,974,97411,LITTORAL (ROUTE 1 DU),-20.8742,55.42903,Nuit sans éclairage public,Hors agglomération,Hors intersection,Normale,Deux véhicules - arrière,2,1,3,0,1,1,1,2,1,90,2,3,2,0,0,1,35.0,43.0,voiture,voiture,3,1,1,1,2
202300022133,2023-03-09 12:00:00,2023,3,9,12,0,54,54395,POINCARE (RUE RAYMOND 1-29-2-30),48.691,6.17496,Plein jour,En agglomération,Autre intersection,Pluie légère,Autre collision,4,1,2,3,1,1,2,-1,1,30,1,2,1,0,0,1,83.0,,voiture,,1,2,9,2,6
202300022133,2023-03-09 12:00:00,2023,3,9,12,0,54,54395,POINCARE (RUE RAYMOND 1-29-2-30),48.691,6.17496,Plein jour,En agglomération,Autre intersection,Pluie légère,Autre collision,4,1,2,2,1,1,2,-1,1,30,1,2,1,0,0,1,83.0,,voiture,,1,2,9,2,6
202300022134,2023-01-28 08:20:00,2023,1,28,8,20,33,33063,Boulevard Alfred Daney,44.86675,-0.57375,Nuit avec éclairage non allumé,En agglomération,Intersection en T,Normale,Trois véhicules et plus - collisions multiples,4,2,4,0,1,1,1,0,1,30,3,3,2,0,0,1,27.0,50.0,voiture,utilitaire_camion,4,2,3,1,5
202300022134,2023-01-28 08:20:00,2023,1,28,8,20,33,33063,Boulevard Alfred Daney,44.86675,-0.57375,Nuit avec éclairage non allumé,En agglomération,Intersection en T,Normale,Trois véhicules et plus - collisions multiples,4,1,1,0,1,1,1,0,1,30,3,3,2,0,0,1,27.0,50.0,voiture,utilitaire_camion,4,2,3,1,5
202300022135,2023-05-28 05:05:00,2023,5,28,5,5,974,97411,MACE (BOULEVARD GABRIEL),-20.87219,55.4499,Nuit avec éclairage allumé,En agglomération,Hors intersection,Normale,Autre collision,2,2,2,0,1,1,1,0,1,50,1,2,1,0,1,0,50.0,,utilitaire_camion,,5,2,1,1,6
202300022136,2023-03-10 15:33:00,2023,3,10,15,33,54,54323,RN52,49.528381,5.755305,Plein jour,Hors agglomération,Hors intersection,Normale,Sans collision,2,3,4,0,1,1,1,0,3,110,1,1,0,0,0,1,34.0,,voiture,,1,1,1,1,7
202300022137,2023-01-28 06:15:00,2023,1,28,6,15,33,33529,,44.61353171,-1.14771992,Nuit sans éclairage public,Hors agglomération,Hors intersection,Normale,Autre collision,2,2,2,0,1,1,1,0,3,80,1,3,0,0,0,3,20.0,,voiture,,3,1,1,1,6
202300022138,2023-11-16 18:30:00,2023,11,16,18,30,94,94041,Rue Robespierre,48.81099,2.38357,Nuit avec éclairage allumé,En agglomération,Intersection en X,Pluie forte,Deux véhicules - côté,3,1,2,0,2,1,2,0,1,50,2,2,1,0,1,0,46.0,22.0,voiture,deux_roues,5,2,2,3,3
202300022138,2023-11-16 18:30:00,2023,11,16,18,30,94,94041,Rue Robespierre,48.81099,2.38357,Nuit avec éclairage allumé,En agglomération,Intersection en X,Pluie forte,Deux véhicules - côté,3,1,2,0,2,1,2,0,1,50,2,2,1,0,1,0,46.0,22.0,voiture,deux_roues,5,2,2,3,3
202300022139,2023-03-09 19:45:00,2023,3,9,19,45,50,50502,ALSACE LORRAINE,49.11477,-1.09897,Nuit avec éclairage allumé,En agglomération,Hors intersection,Pluie légère,Autre collision,4,1,2,0,1,1,2,5,1,50,1,2,1,0,1,0,,,utilitaire_camion,,5,2,1,2,6
202300022140,2023-01-28 18:16:00,2023,1,28,18,16,31,31555,ALL CHARLES DE FITTE,43.59952,1.42969,Nuit avec éclairage allumé,En agglomération,Hors intersection,Normale,Deux véhicules - côté,4,3,3,0,1,1,1,5,1,50,2,2,1,0,0,1,56.0,29.0,voiture,deux_roues,5,2,1,1,3
202300022141,2023-05-28 05:50:00,2023,5,28,5,50,974,97407,ROUTE NATIONALE N° 1,-20.95107,55.31852,Crépuscule ou aube,En agglomération,Autre intersection,Normale,Deux véhicules - arrière,2,-1,4,0,1,1,1,0,1,110,2,4,1,0,1,2,50.0,33.0,voiture,voiture,2,2,9,1,2
202300022142,2023-11-16 08:00:00,2023,11,16,8,0,94,94038,Bd Paul Vaillant Couturier,48.77471,2.33967,Crépuscule ou aube,En agglomération,Hors intersection,Pluie forte,Autre collision,3,3,0,0,1,1,2,0,1,30,1,2,1,0,0,1,33.0,,voiture,,2,2,1,3,6
202300022143,2023-01-28 05:00:00,2023,1,28,5,0,31,31555,VA007456 SESQUIERES A620 Sortie 33,43.6479,1.42208,Nuit avec éclairage allumé,Hors agglomération,Hors intersection,Normale,Deux véhicules - côté,1,3,4,0,1,1,1,0,1,50,2,2,1,0,0,1,29.0,22.0,voiture,voiture,5,1,1,1,3
202300022144,2023-03-09 10:10:00,2023,3,9,10,10,50,50129,CALIGNY (QUAI DE),49.64213,-1.62193,Plein jour,En agglomération,Hors intersection,Normale,Sans collision,4,3,4,0,1,2,1,0,1,50,2,2,1,0,0,1,16.0,76.0,deux_roues,voiture,1,2,1,1,7
202300022145,2023-05-27 13:05:00,2023,5,27,13,5,973,97302,MADELEINE (ROUTE DE LA),4.91055107,-52.3214719,Plein jour,En agglomération,Hors intersection,Normale,Deux véhicules - côté,3,2,2,0,1,1,1,0,1,50,2,2,1,0,0,1,49.0,38.0,deux_roues,transport_commun,1,2,1,1,3
202300022146,2023-01-28 02:20:00,2023,1,28,2,20,31,31555,ECHANGEUR L'UNION  (A61/A62),43.63584,1.47769,Nuit avec éclairage allumé,En agglomération,Hors intersection,Normale,Deux véhicules - arrière,1,1,3,0,1,1,1,0,1,90,2,2,1,0,0,1,28.0,28.0,voiture,voiture,5,2,1,1,2
202300022147,2023-11-15 08:40:00,2023,11,15,8,40,94,94033,Avenue Louison Bobet,48.85250184,2.49063697,Plein jour,En agglomération,Giratoire,Normale,Deux véhicules - côté,3,1,2,0,1,2,1,2,1,50,2,2,1,0,0,1,47.0,44.0,voiture,deux_roues,1,2,6,1,3
202300022147,2023-11-15 08:40:00,2023,11,15,8,40,94,94033,Avenue Louison Bobet,48.85250184,2.49063697,Plein jour,En agglomération,Giratoire,Normale,Deux véhicules - côté,3,1,2,0,1,2,1,2,1,50,2,2,1,0,0,1,47.0,44.0,voiture,deux_roues,1,2,6,1,3
202300022148,2023-03-10 22:30:00,2023,3,10,22,30,49,49007,MONPLAISIR BOULEVARD,47.48781,-0.51643,Nuit avec éclairage allumé,En agglomération,Intersection en T,Pluie légère,Deux véhicules - arrière,4,2,4,2,1,1,2,0,1,30,2,2,1,0,0,1,39.0,57.0,deux_roues,utilitaire_camion,5,2,3,2,2
202300022148,2023-03-10 22:30:00,2023,3,10,22,30,49,49007,MONPLAISIR BOULEVARD,47.48781,-0.51643,Nuit avec éclairage allumé,En agglomération,Intersection en T,Pluie légère,Deux véhicules - arrière,4,3,5,2,1,1,2,0,1,50,2,2,1,0,0,1,39.0,57.0,deux_roues,utilitaire_camion,5,2,3,2,2
202300022149,2023-01-28 16:45:00,2023,1,28,16,45,27,27229,MONOD (RUE JACQUES),49.02744805,1.18002176,Plein jour,En agglomération,Hors intersection,Normale,Deux véhicules - côté,4,2,2,0,1,1,1,0,1,50,2,3,2,0,0,1,41.0,34.0,deux_roues,voiture,1,2,1,1,3
202300022150,2023-03-09 17:47:00,2023,3,9,17,47,49,49015,GRANDMONT AVENUE,47.48767,-0.5874,Plein jour,En agglomération,Hors intersection,Pluie légère,Sans collision,4,2,2,0,1,1,2,0,1,50,1,1,0,0,0,1,32.0,,deux_roues,,1,2,1,2,7
202300022151,2023-05-28 15:50:00,2023,5,28,15,50,69,69386,Avenue Thiers,45.76629,4.86166,Plein jour,En agglomération,Intersection en T,Normale,Deux véhicules - côté,4,1,3,0,1,1,1,0,1,50,2,3,0,0,0,3,87.0,22.0,voiture,voiture,1,2,3,1,3
202300022151,2023-05-28 15:50:00,2023,5,28,15,50,69,69386,Avenue Thiers,45.76629,4.86166,Plein jour,En agglomération,Intersection en T,Normale,Deux véhicules - côté,4,1,2,2,1,1,1,0,1,50,2,3,0,0,0,3,87.0,22.0,voiture,voiture,1,2,3,1,3
202300022152,2023-11-16 17:26:00,2023,11,16,17,26,94,94022,Avenue de Lugo,48.77331,2.40947,Nuit avec éclairage allumé,En agglomération,Autre intersection,Pluie légère,Deux véhicules - côté,1,4,2,0,1,1,2,9,1,50,2,2,1,0,0,1,55.0,25.0,transport_commun,utilitaire_camion,5,2,9,2,3