accident_id,datetime,annee,mois,jour,heure,minute,departement,commune_insee,adresse,latitude,longitude,luminosite,agglomeration,intersection,meteo,collision,catr,circ,nbv,vosp,prof,plan,surf,infra,situ,vma,nb_vehicules,nb_usagers,nb_indemnes,nb_tues,nb_blesses_hosp,nb_blesses_legers,age_cond_1,age_cond_2,veh_type_cond_1,veh_type_cond_2,lum_code,agg_code,int_code,atm_code,col_code
202300022290,2023-11-16 17:20:00,2023,11,16,17,20,62,62060,D119,50.244159,2.099472,Crépuscule ou aube,Hors agglomération,Hors intersection,Pluie légère,Deux véhicules - frontale,3,2,2,0,1,1,2,0,1,80,2,3,0,1,2,0,57.0,32.0,voiture,voiture,2,1,1,2,1
202300022291,2023-01-17 18:10:00,2023,1,17,18,10,29,29015,Grande Ile,48.489655,-4.500993,Nuit sans éclairage public,Hors agglomération,Hors intersection,Normale,Sans collision,3,2,2,0,1,1,2,0,3,80,1,1,0,0,0,1,66.0,,voiture,,3,1,1,1,7
202300022292,2023-03-11 01:30:00,2023,3,11,1,30,94,94077,41 Rue du Maréchal Galliéni,48.742688,2.422136,Nuit avec éclairage allumé,En agglomération,Hors intersection,Normale,Autre collision,4,2,2,0,1,1,1,0,1,30,1,1,0,0,0,1,30.0,,voiture,,5,2,1,1,6
202300022293,2023-11-12 20:00:00,2023,11,12,20,0,57,57540,Rue du Collège,48.767632,7.259763,Nuit avec éclairage allumé,En agglomération,Hors intersection,Pluie légère,Autre collision,4,1,1,0,1,1,2,0,1,30,1,2,1,0,1,0,29.0,,utilitaire_camion,,5,2,1,2,6
202300022294,2023-03-11 15:29:00,2023,3,11,15,29,93,93066,Avenue du Stade de France / Rue Francis de Pressensé,48.919681,2.361697,Plein jour,En agglomération,Intersection en X,Normale,Deux véhicules - côté,3,3,2,-1,1,1,1,0,1,-1,2,2,1,0,0,1,30.0,33.0,voiture,deux_roues,1,2,2,1,3
202300022294,2023-03-11 15:29:00,2023,3,11,15,29,93,93066,Avenue du Stade de France / Rue Francis de Pressensé,48.919681,2.361697,Plein jour,En agglomération,Intersection en X,Normale,Deux véhicules - côté,3,2,4,0,1,1,1,0,1,50,2,2,1,0,0,1,30.0,33.0,voiture,deux_roues,1,2,2,1,3
202300022295,2023-05-28 18:12:00,2023,5,28,18,12,14,14536,6 Rue des Quatre Francs,49.409414,0.251495,Plein jour,En agglomération,Intersection en X,Normale,Deux véhicules - côté,3,2,2,0,2,1,1,5,1,50,2,2,1,0,0,1,39.0,58.0,deux_roues,utilitaire_camion,1,2,2,1,3
202300022295,2023-05-28 18:12:00,2023,5,28,18,12,14,14536,6 Rue des Quatre Francs,49.409414,0.251495,Plein jour,En agglomération,Intersection en X,Normale,Deux véhicules - côté,3,2,2,0,2,1,1,5,1,50,2,2,1,0,0,1,39.0,58.0,deux_roues,utilitaire_camion,1,2,2,1,3
202300022296,2023-01-29 05:20:00,2023,1,29,5,20,31,31524,D125,42.836765,0.603518,Nuit avec éclairage non allumé,Hors agglomération,Intersection en T,Normale,Deux véhicules - frontale,3,2,2,2,4,1,2,0,1,80,2,6,1,0,2,3,54.0,29.0,voiture,voiture,4,1,3,1,1
202300022296,2023-01-29 05:20:00,2023,1,29,5,20,31,31524,D125,42.836765,0.603518,Nuit avec éclairage non allumé,Hors agglomération,Intersection en T,Normale,Deux véhicules - frontale,3,2,2,0,1,2,2,0,8,80,2,6,1,0,2,3,54.0,29.0,voiture,voiture,4,1,3,1,1
202300022297,2023-11-16 13:30:00,2023,11,16,13,30,56,56240,Village le Duer,47.536776,-2.740853,Plein jour,Hors agglomération,Hors intersection,Temps couvert,Deux véhicules - côté,3,2,2,0,1,1,2,0,1,90,2,2,1,0,1,0,27.0,52.0,voiture,utilitaire_camion,1,1,1,8,3
202300022298,2023-01-27 22:35:00,2023,1,27,22,35,06,06132,D6204 quartier noce,43.989098,7.547463,Nuit sans éclairage public,Hors agglomération,Hors intersection,Normale,Deux véhicules - arrière,3,2,2,0,1,3,1,8,1,70,2,2,1,0,0,1,24.0,45.0,voiture,voiture,3,1,1,1,2
202300022299,2023-03-10 10:05:00,2023,3,10,10,5,93,93066,Rue du Landy / Rue du Gaz,48.91538,2.36529,Plein jour,En agglomération,Intersection en X,Temps couvert,Deux véhicules - frontale,3,1,1,0,1,1,2,0,1,30,2,2,1,0,1,0,18.0,30.0,deux_roues,voiture,1,2,2,8,1
202300022299,2023-03-10 10:05:00,2023,3,10,10,5,93,93066,Rue du Landy / Rue du Gaz,48.91538,2.36529,Plein jour,En agglomération,Intersection en X,Temps couvert,Deux véhicules - frontale,3,2,3,0,1,1,2,0,1,50,2,2,1,0,1,0,18.0,30.0,deux_roues,voiture,1,2,2,8,1
202300022300,2023-05-29 00:45:00,2023,5,29,0,45,13,13071,ROUTE NATIONALE 113 - GAVOTTE,43.39527,5.34348,Nuit sans éclairage public,En agglomération,Intersection en T,Normale,Deux véhicules - côté,3,2, -1,-1,1,1,1,0,1,-1,2,3,2,0,0,1,20.0,15.0,voiture,deux_roues,3,2,3,1,3
202300022300,2023-05-29 00:45:00,2023,5,29,0,45,13,13071,ROUTE NATIONALE 113 - GAVOTTE,43.39527,5.34348,Nuit sans éclairage public,En agglomération,Intersection en T,Normale,Deux véhicules - côté,3,2,2,0,2,1,1,0,1,50,2,3,2,0,0,1,20.0,15.0,voiture,deux_roues,3,2,3,1,3
202300022301,2023-01-29 09:45:00,2023,1,29,9,45,64,64528,CD 22,43.23280489,-1.20669816,Plein jour,Hors agglomération,Hors intersection,Temps couvert,Autre collision,3,2,2,0,3,2,2,0,3,80,1,1,0,0,1,0,19.0,,deux_roues,,1,1,1,8,6
202300022302,2023-03-11 20:30:00,2023,3,11,20,30,93,93048,157 Rue de Rosny,48.86728,2.45693,Nuit avec éclairage allumé,En agglomération,Hors intersection,Normale,Autre collision,3,2,2,0,1,1,1,8,1,30,1,1,0,0,0,1,86.0,,voiture,,5,2,1,1,6
202300022303,2023-11-16 18:00:00,2023,11,16,18,0,56,56147,La Garenne,47.537471,-2.270887,Crépuscule ou aube,Hors agglomération,Hors intersection,Normale,Deux véhicules - arrière,3,2,2,0,2,1,1,0,1,80,2,2,1,0,0,1,49.0,51.0,voiture,deux_roues,2,1,1,1,2
202300022304,2023-01-28 19:30:00,2023,1,28,19,30,16,16175,Chez Embeillard,45.529651,-0.043774,Nuit sans éclairage public,Hors agglomération,Hors intersection,Normale,Autre collision,3,2,2,0,1,1,1,0,3,80,1,1,0,0,1,0,30.0,,utilitaire_camion,,3,1,1,1,6
202300022305,2023-05-27 12:00:00,2023,5,27,12,0,13,13103,RN 113,43.602,5.101,Plein jour,Hors agglomération,Hors intersection,Normale,Trois véhicules et plus - en chaîne,3,-1,2,0,1,1,1,0,1,80,3,3,2,0,0,1,50.0,56.0,voiture,voiture,1,1,1,1,4
202300022306,2023-03-09 12:30:00,2023,3,9,12,30,93,93029,Rue du Colonel Fabien,48.93697,2.45441,Plein jour,En agglomération,Hors intersection,Normale,Deux véhicules - côté,4,1,1,0,1,1,1,0,1,30,2,2,1,0,1,0,17.0,44.0,deux_roues,voiture,1,2,1,1,3
202300022307,2023-01-29 07:45:00,2023,1,29,7,45,85,85008,D747 PK4,46.63088818,-1.44034099,Crépuscule ou aube,Hors agglomération,Hors intersection,Normale,Sans collision,3,3,2,0,3,1,1,9,1,110,1,1,0,0,1,0,19.0,,deux_roues,,2,1,1,1,7
202300022308,2023-11-16 15:00:00,2023,11,16,15,0,76,76400,Rue des Ecuyers,49.822882,0.919731,Plein jour,En agglomération,Autre intersection,Pluie légère,Deux véhicules - côté,4,2,2,0,1,1,2,0,1,50,2,2,1,1,0,0,80.0,33.0,voiture,voiture,1,2,9,2,3
202300022309,2023-03-11 14:00:00,2023,3,11,14,0,93,93027,40 Boulevard Pasteur,48.92245638,2.38359198,Plein jour,En agglomération,Hors intersection,Normale,Autre collision,3,2,2,0,1,1,1,0,1,30,1,2,1,0,1,0,,,voiture,,1,2,1,1,6
202300022310,2023-05-28 05:15:00,2023,5,28,5,15,13,13209,MICHELET (BOULEVARD),43.25247775,5.40258883,Crépuscule ou aube,En agglomération,Hors intersection,Normale,Deux véhicules - arrière,4,2,6,3,1,1,1,0,1,50,2,2,1,0,0,1,54.0,,voiture,voiture,2,2,1,1,2
202300022311,2023-01-28 23:30:00,2023,1,28,23,30,37,37029,D760,47.11192,0.731283,Nuit avec éclairage non allumé,En agglomération,Giratoire,Normale,Deux véhicules - côté,3,2,2,0,1,1,1,0,1,50,2,3,1,0,1,1,60.0,28.0,voiture,voiture,4,2,6,1,3
202300022311,2023-01-28 23:30:00,2023,1,28,23,30,37,37029,D760,47.11192,0.731283,Nuit avec éclairage non allumé,En agglomération,Giratoire,Normale,Deux véhicules - côté,3,2,2,0,1,2,1,0,1,50,2,3,1,0,1,1,60.0,28.0,voiture,voiture,4,2,6,1,3
202300022312,2023-11-17 15:25:00,2023,11,17,15,25,76,76377,2892 Route de Neufchatel,49.507269,1.16259,Plein jour,En agglomération,Intersection en T,Temps éblouissant,Autre collision,7,2,2,0,1,1,2,0,1,70,1,2,1,1,0,0,53.0,,voiture,,1,2,3,7,6
202300022312,2023-11-17 15:25:00,2023,11,17,15,25,76,76377,2892 Route de Neufchatel,49.507269,1.16259,Plein jour,En agglomération,Intersection en T,Temps éblouissant,Autre collision,7,2,2,0,1,1,2,0,1,50,1,2,1,1,0,0,53.0,,voiture,,1,2,3,7,6
202300022313,2023-03-11 12:45:00,2023,3,11,12,45,92,92078,MOULIN CAGE (QUAI),48.92505,2.32975,Plein jour,En agglomération,Hors intersection,Normale,Deux véhicules - arrière,6,-1, -1,0,1,1,1,1,6,30,2,6,4,0,0,2,67.0,31.0,voiture,voiture,1,2,1,1,2
202300022314,2023-05-28 20:00:00,2023,5,28,20,0,13,13206,PIERRE PUGET (COURS),43.29,5.37254,Plein jour,En agglomération,Intersection en X,Normale,Deux véhicules - côté,4,1,2,0,2,1,1,5,1,50,2,4,2,0,0,2,35.0,45.0,voiture,voiture,1,2,2,1,3
202300022314,2023-05-28 20:00:00,2023,5,28,20,0,13,13206,PIERRE PUGET (COURS),43.29,5.37254,Plein jour,En agglomération,Intersection en X,Normale,Deux véhicules - côté,4,1,2,0,2,1,1,5,1,50,2,4,2,0,0,2,35.0,45.0,voiture,voiture,1,2,2,1,3
202300022315,2023-03-10 13:40:00,2023,3,10,13,40,92,92019,GRILLONS (RUE DES),48.75670165,2.27611586,Plein jour,En agglomération,Intersection en X,Vent fort / tempête,Deux véhicules - côté,3,2,2,0,2,1,2,0,1,50,2,3,2,0,0,1,19.0,80.0,deux_roues,voiture,1,2,2,6,3
202300022315,2023-03-10 13:40:00,2023,3,10,13,40,92,92019,GRILLONS (RUE DES),48.75670165,2.27611586,Plein jour,En agglomération,Intersection en X,Vent fort / tempête,Deux véhicules - côté,3,2,2,0,2,1,2,0,1,50,2,3,2,0,0,1,19.0,80.0,deux_roues,voiture,1,2,2,6,3
202300022316,2023-05-27 22:45:00,2023,5,27,22,45,13,13210,RABATAU (BOULEVARD),43.27972,5.39934,Nuit avec éclairage allumé,En agglomération,Hors intersection,Normale,Autre collision,4,3,4,0,1,1,1,8,1,30,1,2,1,0,1,0,36.0,,voiture,,5,2,1,1,6
202300022317,2023-03-11 13:45:00,2023,3,11,13,45,92,92002,BOIS DE VERRIERES (AVENUE DU),48.75611,2.28331,Plein jour,En agglomération,Hors intersection,Normale,Autre collision,4,2,4,2,2,1,1,0,1,30,1,1,0,1,0,0,81.0,,voiture,,1,2,1,1,6
202300022318,2023-10-29 09:45:00,2023,10,29,9,45,33,33506,Route de Langon,44.69115626,-0.08771628,Plein jour,En agglomération,Hors intersection,Pluie forte,Sans collision,3,2,2,0,1,1,2,0,1,50,1,1,0,0,0,1,16.0,,deux_roues,,1,2,1,3,7
202300022319,2023-01-28 19:42:00,2023,1,28,19,42,971,97103,N1,16.245311,-61.588283,Nuit avec éclairage allumé,Hors agglomération,Hors intersection,Normale,Autre collision,2,2,3,0,1,3,1,3,8,90,1,2,0,0,0,2,31.0,,voiture,,5,1,1,1,6
202300022320,2023-05-27 13:35:00,2023,5,27,13,35,13,13211,VIENNE (AVENUE DE),43.288,5.44,Plein jour,En agglomération,Intersection en T,Normale,Deux véhicules - frontale,4,-1,1,0,1,1,1,0,1,50,2,3,0,0,3,0,46.0,24.0,utilitaire_camion,deux_roues,1,2,3,1,1
202300022320,2023-05-27 13:35:00,2023,5,27,13,35,13,13211,VIENNE (AVENUE DE),43.288,5.44,Plein jour,En agglomération,Intersection en T,Normale,Deux véhicules - frontale,4,1,2,0,1,1,1,0,1,50,2,3,0,0,3,0,46.0,24.0,utilitaire_camion,deux_roues,1,2,3,1,1
202300022321,2023-03-09 19:10:00,2023,3,9,19,10,08,08452,D946,49.472007,4.409851,Nuit sans éclairage public,Hors agglomération,Hors intersection,Pluie légère,Sans collision,3,2,2,0,1,1,2,0,1,80,2,2,1,0,0,1,,18.0,autre,deux_roues,3,1,1,2,7
202300022322,2023-11-16 02:35:00,2023,11,16,2,35,33,33505,Route de Creon,44.77158399,-0.33083439,Nuit sans éclairage public,Hors agglomération,Hors intersection,Normale,Autre collision,3,2,2,0,1,2,2,0,3,80,1,1,0,0,1,0,24.0,,voiture,,3,1,1,1,6
202300022323,2023-01-29 04:45:00,2023,1,29,4,45,17,17465,"Autoroute A10, PK 411+700, sens Bordeaux - Paris",45.971469,-0.548115,Nuit sans éclairage public,Hors agglomération,Hors intersection,Normale,Sans collision,1,3,2,0,1,1,1,0,3,130,1,2,0,0,2,0,67.0,,utilitaire_camion,,3,1,1,1,7
202300022324,2023-03-12 10:55:00,2023,3,12,10,55,21,21261,A31,47.274658,5.147856,Plein jour,Hors agglomération,Hors intersection,Normale,Sans collision,1,3,4,0,2,3,8,3,1,90,1,2,1,0,0,1,71.0,,voiture,,1,1,1,1,7
202300022325,2023-01-29 00:15:00,2023,1,29,0,15,987,98722,pk 16.500 - papenoo,-17.592,-149.391,Nuit sans éclairage public,Hors agglomération,Hors intersection,Normale,Autre collision,3,2,2,0,1,3,2,0,3,60,1,1,0,1,0,0,32.0,,voiture,,3,1,1,1,6
202300022326,2023-05-28 16:40:00,2023,5,28,16,40,11,11069,9 Rue Voltaire,43.21105,2.34706,Plein jour,En agglomération,Hors intersection,Normale,Deux véhicules - côté,4,1,1,0,1,1,1,0,5,50,2,2,1,0,0,1,21.0,72.0,deux_roues,voiture,1,2,1,1,3
202300022327,2023-05-28 23:45:00,2023,5,28,23,45,08,08497,1 Promenade des Bertholet,49.774529,4.681691,Nuit avec éclairage allumé,En agglomération,Hors intersection,Normale,Sans collision,3,2,2,0,1,1,1,0,1,50,1,1,0,0,0,1,24.0,,deux_roues,,5,2,1,1,7
202300022328,2023-03-11 12:05:00,2023,3,11,12,5,972,97226,departementale 9,14.454254,-60.861973,Plein jour,Hors agglomération,Hors intersection,Normale,Deux véhicules - côté,3,2,2,0,1,2,1,0,1,70,2,3,1,0,1,1,73.0,21.0,voiture,deux_roues,1,1,1,1,3
202300022329,2023-01-28 15:00:00,2023,1,28,15,0,988,98808,RT3 tribu de Wany,-21.274918,165.617888,Plein jour,En agglomération,Hors intersection,Pluie forte,Sans collision,2,2,2,0,1,3,2,0,8,50,1,2,1,0,0,1,41.0,,utilitaire_camion,,1,2,1,3,7
202300022330,2023-11-17 10:07:00,2023,11,17,10,7,49,49064,N162,47.671456,-0.709267,Plein jour,Hors agglomération,Hors intersection,Normale,Deux véhicules - arrière,2,2,2,0,1,1,1,0,1,90,2,2,1,0,0,1,37.0,40.0,voiture,voiture,1,1,1,1,2
202300022331,2023-01-29 12:00:00,2023,1,29,12,0,973,97311,Allee des Paganis,5.472748,-54.032314,Plein jour,En agglomération,Hors intersection,Pluie légère,Deux véhicules - frontale,4,2,2,0,1,1,2,0,1,50,2,2,1,0,0,1,16.0,36.0,deux_roues,voiture,1,2,1,2,1
202300022332,2023-11-15 17:10:00,2023,11,15,17,10,49,49183,les Hautes Allières,47.54639,-1.008672,Plein jour,Hors agglomération,Hors intersection,Pluie légère,Sans collision,4,2,2,0,1,3,2,0,3,80,1,1,0,1,0,0,37.0,,voiture,,1,1,1,2,7
202300022333,2023-05-27 19:50:00,2023,5,27,19,50,07,07008,D2 ( ROUTE DEPARTEMENTALE ),44.71428,4.62659,Crépuscule ou aube,Hors agglomération,Hors intersection,Normale,Trois véhicules et plus - collisions multiples,3,2,3,0,2,3,1,0,1,90,3,4,0,2,1,1,37.0,55.0,deux_roues,voiture,2,1,1,1,5
202300022334,2023-03-12 01:45:00,2023,3,12,1,45,22,22030,D767 PR 48+800,48.709258,-3.383178,Nuit sans éclairage public,Hors agglomération,Hors intersection,Temps couvert,Autre collision,3,1,2,0,3,3,2,0,1,110,1,5,3,0,2,0,28.0,,voiture,,3,1,1,8,6
202300022335,2023-01-28 20:00:00,2023,1,28,20,0,971,97115,rue de la pépinière,16.237786,-61.656008,Nuit sans éclairage public,En agglomération,Hors intersection,Pluie légère,Autre collision,4,2,2,0,2,1,2,0,1,50,1,2,0,0,2,0,82.0,,deux_roues,,3,2,1,2,6
202300022336,2023-11-14 07:10:00,2023,11,14,7,10,42,42334,Route de Balbigny,45.85176,4.32591,Crépuscule ou aube,Hors agglomération,Hors intersection,Pluie légère,Sans collision,3,-1,2,0,2,3,2,0,3,80,1,1,0,0,0,1,53.0,,voiture,,2,1,1,2,7
202300022337,2023-03-12 14:00:00,2023,3,12,14,0,79,79175,,46.130703,0.000177,Plein jour,En agglomération,Intersection en T,Normale,Sans collision,4,1,1,-1,1,1,1,0,1,-1,1,1,0,1,0,0,34.0,,deux_roues,,1,2,3,1,7
202300022337,2023-03-12 14:00:00,2023,3,12,14,0,79,79175,,46.130703,0.000177,Plein jour,En agglomération,Intersection en T,Normale,Sans collision,4,2,2,0,1,1,1,0,3,50,1,1,0,1,0,0,34.0,,deux_roues,,1,2,3,1,7
202300022338,2023-05-28 18:35:00,2023,5,28,18,35,07,07281,TASSIGNY (RUE DE LATTRE DE),44.95324,4.8193,Plein jour,Hors agglomération,Hors intersection,Normale,Trois véhicules et plus - collisions multiples,3,2,2,0,2,4,1,0,1,80,3,3,2,0,1,0,59.0,57.0,deux_roues,voiture,1,1,1,1,5
202300022339,2023-01-28 20:45:00,2023,1,28,20,45,13,13025,La Cardeline / D 7N,43.490277,5.56789,Nuit sans éclairage public,Hors agglomération,Hors intersection,Normale,Deux véhicules - frontale,3,2,2,0,2,1,1,0,1,80,2,2,0,0,1,1,30.0,40.0,voiture,voiture,3,1,1,1,1
202300022340,2023-11-17 17:15:00,2023,11,17,17,15,68,68025,PK039.800,47.473287,7.276683,Nuit sans éclairage public,Hors agglomération,Hors intersection,Pluie forte,Trois véhicules et plus - collisions multiples,3,2,2,0,1,1,2,0,1,-1,3,3,1,0,2,0,30.0,42.0,voiture,voiture,3,1,1,3,5
202300022341,2023-03-12 20:00:00,2023,3,12,20,0,72,72058,RD304 - Route du Mans,47.96543,0.27966,Nuit sans éclairage public,Hors agglomération,Hors intersection,Pluie forte,Sans collision,3,2,2,0,1,1,2,0,1,90,3,3,1,0,1,1,37.0,45.0,voiture,voiture,3,1,1,3,7
202300022342,2023-05-28 06:05:00,2023,5,28,6,5,06,06029,MACE (RUE),43.55245,7.02236,Crépuscule ou aube,En agglomération,Intersection en T,Normale,Deux véhicules - côté,4,1,1,0,1,1,1,1,1,30,2,2,1,0,0,1,22.0,31.0,voiture,deux_roues,2,2,3,1,3
202300022342,2023-05-28 06:05:00,2023,5,28,6,5,06,06029,MACE (RUE),43.55245,7.02236,Crépuscule ou aube,En agglomération,Intersection en T,Normale,Deux véhicules - côté,4,1,1,0,1,1,1,0,1,30,2,2,1,0,0,1,22.0,31.0,voiture,deux_roues,2,2,3,1,3
202300022343,2023-01-25 08:35:00,2023,1,25,8,35,33,33349,Le Joucla,44.744821,-0.486389,Crépuscule ou aube,Hors agglomération,Intersection en T,Normale,Deux véhicules - côté,3,2,2,0,1,1,1,0,1,80,2,2,1,0,1,0,47.0,62.0,voiture,deux_roues,2,1,3,1,3
202300022343,2023-01-25 08:35:00,2023,1,25,8,35,33,33349,Le Joucla,44.744821,-0.486389,Crépuscule ou aube,Hors agglomération,Intersection en T,Normale,Deux véhicules - côté,3,2,1,-1,1,1,1,0,1,80,2,2,1,0,1,0,47.0,62.0,voiture,deux_roues,2,1,3,1,3
202300022344,2023-03-11 13:38:00,2023,3,11,13,38,34,34032,A75 - PK 328 + 860,43.373172,3.289872,Plein jour,Hors agglomération,Hors intersection,Normale,Autre collision,1,3,4,0,1,1,1,0,1,130,1,2,1,0,0,1,57.0,,voiture,,1,1,1,1,6
202300022345,2023-05-26 18:20:00,2023,5,26,18,20,05,05061,Chemin du Châteauvieux,44.54371,6.06692,Plein jour,En agglomération,Hors intersection,Normale,Autre collision,6,-1, -1,0,1,1,1,9,1,50,1,2,1,0,0,1,74.0,,voiture,,1,2,1,1,6
202300022346,2023-11-16 07:15:00,2023,11,16,7,15,44,44188,les 5 coins,47.062565,-1.568744,Crépuscule ou aube,Hors agglomération,Giratoire,Normale,Deux véhicules - côté,3,1,2,0,1,4,1,0,1,80,2,2,0,0,0,2,33.0,42.0,voiture,voiture,2,1,6,1,3
202300022347,2023-01-25 17:30:00,2023,1,25,17,30,33,33528,20 Route de Blagon,44.873115,-0.985637,Crépuscule ou aube,Hors agglomération,Hors intersection,Normale,Deux véhicules - côté,3,2,2,0,1,1,1,0,1,70,2,2,1,0,0,1,34.0,50.0,utilitaire_camion,voiture,2,1,1,1,3
202300022348,2023-01-16 15:20:00,2023,1,16,15,20,30,30174,ROUTE D'ALÈS,44.029073,4.377649,Plein jour,En agglomération,Hors intersection,Normale,Deux véhicules - côté,3,2,2,0,1,1,1,0,1,50,2,2,1,0,0,1,54.0,56.0,voiture,voiture,1,2,1,1,3
202300022349,2023-11-16 13:26:00,2023,11,16,13,26,03,03257,39 Route du Breuil,46.223022,3.643889,Plein jour,Hors agglomération,Hors intersection,Normale,Autre collision,3,2,2,0,1,3,1,0,3,80,1,1,0,0,0,1,21.0,,voiture,,1,1,1,1,6
202300022350,2023-05-27 18:25:00,2023,5,27,18,25,75,75115,BD PERIPHERIQUE ,48.826376,2.297013,Plein jour,En agglomération,Hors intersection,Normale,Deux véhicules - arrière,4,1,3,0,1,1,1,0,1,70,2,2,1,0,0,1,24.0,23.0,deux_roues,deux_roues,1,2,1,1,2
202300022351,2023-01-28 21:30:00,2023,1,28,21,30,37,37089,D21,47.162473,0.312359,Nuit sans éclairage public,En agglomération,Hors intersection,Normale,Autre collision,3,2,2,0,1,1,1,0,1,50,1,2,1,1,0,0,58.0,,transport_commun,,3,2,1,1,6
202300022352,2023-03-11 17:45:00,2023,3,11,17,45,57,57667,D954,49.239765,6.564412,Plein jour,Hors agglomération,Hors intersection,Normale,Autre collision,3,2,2,0,2,1,1,0,3,80,1,2,0,0,1,1,25.0,,voiture,,1,1,1,1,6
202300022353,2023-11-16 17:40:00,2023,11,16,17,40,15,15120,D681,45.215411,2.338756,Nuit avec éclairage allumé,En agglomération,Hors intersection,Pluie légère,Autre collision,3,2,2,0,1,1,2,6,1,50,1,2,1,0,1,0,47.0,,utilitaire_camion,,5,2,1,2,6
202300022354,2023-05-27 21:20:00,2023,5,27,21,20,75,75112,BD PERIPHERIQUE INTERIEUR,48.828471,2.397418,Plein jour,En agglomération,Hors intersection,Normale,Deux véhicules - côté,4,1,4,0,1,1,1,0,1,70,2,3,2,0,0,1,36.0,,deux_roues,voiture,1,2,1,1,3
202300022355,2023-01-28 01:57:00,2023,1,28,1,57,05,05006,N94,44.778301,6.560318,Nuit sans éclairage public,Hors agglomération,Hors intersection,Normale,Autre collision,2,2,2,0,2,1,1,0,1,80,1,3,0,0,2,1,24.0,,voiture,,3,1,1,1,6
202300022356,2023-03-11 15:00:00,2023,3,11,15,0,56,56164,26 Rue de Ker Anna,47.656826,-2.862778,Plein jour,En agglomération,Giratoire,Normale,Deux véhicules - côté,4,2,2,0,1,1,1,5,1,30,2,2,1,0,1,0,81.0,51.0,voiture,deux_roues,1,2,6,1,3
202300022356,2023-03-11 15:00:00,2023,3,11,15,0,56,56164,26 Rue de Ker Anna,47.656826,-2.862778,Plein jour,En agglomération,Giratoire,Normale,Deux véhicules - côté,4,2,2,-1,1,1,1,5,1,30,2,2,1,0,1,0,81.0,51.0,voiture,deux_roues,1,2,6,1,3
202300022357,2023-05-27 20:45:00,2023,5,27,20,45,75,75115,BD PERIPHERIQUE EXTERIEUR,48.834256,2.275894,Plein jour,En agglomération,Hors intersection,Normale,Deux véhicules - arrière,4,1,4,0,1,1,1,0,1,70,2,3,1,0,0,2,30.0,20.0,deux_roues,voiture,1,2,1,1,2
202300022358,2023-11-16 18:00:00,2023,11,16,18,0,70,70198,Rue Louis Pasteur,47.553013,5.684846,Nuit avec éclairage allumé,En agglomération,Intersection en T,Pluie forte,Deux véhicules - côté,3,2,2,0,1,1,2,0,1,50,2,2,1,0,1,0,54.0,18.0,voiture,deux_roues,5,2,3,3,3
202300022358,2023-11-16 18:00:00,2023,11,16,18,0,70,70198,Rue Louis Pasteur,47.553013,5.684846,Nuit avec éclairage allumé,En agglomération,Intersection en T,Pluie forte,Deux véhicules - côté,3,2, -1,-1,1,1,2,0,1,-1,2,2,1,0,1,0,54.0,18.0,voiture,deux_roues,5,2,3,3,3
202300022359,2023-03-11 15:00:00,2023,3,11,15,0,79,79080,,46.664735,-0.247471,Plein jour,Hors agglomération,Giratoire,Pluie légère,Sans collision,3,2,2,0,1,2,2,0,1,80,1,1,0,0,1,0,62.0,,deux_roues,,1,1,6,2,7
202300022360,2023-01-29 14:30:00,2023,1,29,14,30,13,13092,Place de la Sente,43.548925,5.031191,Plein jour,En agglomération,Intersection en T,Normale,Autre collision,4,1, -1,-1,1,1,1,0,1,-1,1,2,1,0,0,1,27.0,,voiture,,1,2,3,1,6
202300022360,2023-01-29 14:30:00,2023,1,29,14,30,13,13092,Place de la Sente,43.548925,5.031191,Plein jour,En agglomération,Intersection en T,Normale,Autre collision,4,2,2,0,1,1,1,0,1,50,1,2,1,0,0,1,27.0,,voiture,,1,2,3,1,6
202300022361,2023-11-17 02:27:00,2023,11,17,2,27,06,06079,Boulevard du Bon Puits,43.523276,6.931985,Nuit sans éclairage public,Hors agglomération,Hors intersection,Normale,Autre collision,3,2,2,0,1,1,1,0,1,50,1,1,0,0,1,0,22.0,,voiture,,3,1,1,1,6
202300022362,2023-05-27 15:55:00,2023,5,27,15,55,75,75112,BD PERIPHERIQUE INTERIEUR,48.837816,2.412726,Plein jour,En agglomération,Hors intersection,Normale,Trois véhicules et plus - en chaîne,4,1,4,0,1,1,1,0,1,70,3,4,2,0,0,2,26.0,60.0,voiture,voiture,1,2,1,1,4
202300022363,2023-01-28 19:45:00,2023,1,28,19,45,71,71360,Route des Etoiles,46.314654,4.754409,Nuit sans éclairage public,Hors agglomération,Hors intersection,Normale,Autre collision,3,2,2,0,1,2,1,0,3,80,1,2,0,0,1,1,19.0,,voiture,,3,1,1,1,6
202300022364,2023-03-12 12:30:00,2023,3,12,12,30,79,79063,,47.055812,-0.32324,Plein jour,Hors agglomération,Intersection en T,Normale,Deux véhicules - arrière,3,2,2,0,1,1,1,0,1,80,2,3,2,1,0,0,25.0,58.0,voiture,deux_roues,1,1,3,1,2