accident_id,datetime,annee,mois,jour,heure,minute,departement,commune_insee,adresse,latitude,longitude,luminosite,agglomeration,intersection,meteo,collision,catr,circ,nbv,vosp,prof,plan,surf,infra,situ,vma,nb_vehicules,nb_usagers,nb_indemnes,nb_tues,nb_blesses_hosp,nb_blesses_legers,age_cond_1,age_cond_2,veh_type_cond_1,veh_type_cond_2,lum_code,agg_code,int_code,atm_code,col_code
202300022364,2023-03-12 12:30:00,2023,3,12,12,30,79,79063,,47.055812,-0.32324,Plein jour,Hors agglomération,Intersection en T,Normale,Deux véhicules - arrière,3,2,2,-1,1,1,1,0,1,-1,2,3,2,1,0,0,25.0,58.0,voiture,deux_roues,1,1,3,1,2
202300022365,2023-11-16 23:30:00,2023,11,16,23,30,16,16030,D731,45.493366,-0.204177,Nuit avec éclairage allumé,Hors agglomération,Giratoire,Pluie légère,Autre collision,3,2,2,0,1,1,2,0,1,90,1,1,0,0,1,0,31.0,,voiture,,5,1,6,2,6
202300022366,2023-03-12 09:53:00,2023,3,12,9,53,33,33310,Liot,44.49627447,-0.50872654,Plein jour,Hors agglomération,Hors intersection,Temps couvert,Autre collision,3,2,2,0,1,2,1,0,3,-1,1,1,0,0,0,1,34.0,,utilitaire_camion,,1,1,1,8,6
202300022367,2023-05-27 08:55:00,2023,5,27,8,55,75,75114,BD PERIPHERIQUE INTERIEUR,48.82146,2.319226,Plein jour,En agglomération,Hors intersection,Normale,Deux véhicules - côté,4,1,3,0,1,1,1,0,1,70,2,2,1,0,0,1,23.0,33.0,utilitaire_camion,deux_roues,1,2,1,1,3
202300022368,2023-01-28 19:30:00,2023,1,28,19,30,67,67101,D422,48.527267,7.506524,Nuit sans éclairage public,Hors agglomération,Hors intersection,Normale,Deux véhicules - frontale,3,2,2,0,1,1,1,0,1,80,2,3,0,0,0,3,32.0,49.0,voiture,voiture,3,1,1,1,1
202300022369,2023-11-11 10:45:00,2023,11,11,10,45,16,16303,D5,45.465603,-0.098086,Plein jour,Hors agglomération,Hors intersection,Normale,Deux véhicules - frontale,3,2,2,0,2,4,2,0,1,80,2,3,2,0,1,0,58.0,15.0,voiture,deux_roues,1,1,1,1,1
202300022370,2023-05-28 18:45:00,2023,5,28,18,45,75,75117,AVENUE DE VILLIERS,48.884012,2.303803,Plein jour,En agglomération,Hors intersection,Normale,Deux véhicules - arrière,4,3,0,0,1,1,1,0,1,30,2,2,1,0,0,1,27.0,63.0,deux_roues,voiture,1,2,1,1,2
202300022371,2023-01-28 20:45:00,2023,1,28,20,45,22,22162,D786,48.77022,-3.094625,Nuit sans éclairage public,Hors agglomération,Hors intersection,Normale,Sans collision,3,2,2,0,1,1,1,0,3,50,1,1,0,0,1,0,34.0,,voiture,,3,1,1,1,7
202300022372,2023-03-12 16:05:00,2023,3,12,16,5,32,32224,D930,43.889937,0.378063,Plein jour,Hors agglomération,Hors intersection,Normale,Deux véhicules - frontale,3,2,2,0,1,1,1,0,1,90,2,4,1,0,0,3,70.0,57.0,voiture,utilitaire_camion,1,1,1,1,1
202300022373,2023-05-28 02:50:00,2023,5,28,2,50,75,75116,AVENUE DE LA PORTE DE SAINT CLOUD,48.838675,2.253957,Nuit avec éclairage allumé,En agglomération,Intersection en X,Normale,Sans collision,4,2,4,0,1,3,1,0,1,30,1,1,0,0,1,0,57.0,,deux_roues,,5,2,2,1,7
202300022373,2023-05-28 02:50:00,2023,5,28,2,50,75,75116,AVENUE DE LA PORTE DE SAINT CLOUD,48.838675,2.253957,Nuit avec éclairage allumé,En agglomération,Intersection en X,Normale,Sans collision,4,-1,1,0,1,1,1,0,1,30,1,1,0,0,1,0,57.0,,deux_roues,,5,2,2,1,7
202300022374,2023-01-28 20:08:00,2023,1,28,20,8,59,59215,départementale 350,50.356503,3.603103,Nuit sans éclairage public,Hors agglomération,Hors intersection,Normale,Deux véhicules - côté,3,2,2,0,1,3,1,0,5,70,2,2,1,0,1,0,52.0,20.0,voiture,voiture,3,1,1,1,3
202300022375,2023-11-15 18:05:00,2023,11,15,18,5,53,53141,Bouge,48.064436,-0.618635,Nuit sans éclairage public,Hors agglomération,Intersection en T,Normale,Trois véhicules et plus - collisions multiples,3,2,2,0,1,1,2,0,1,90,3,3,1,0,1,1,48.0,48.0,voiture,voiture,3,1,3,1,5
202300022375,2023-11-15 18:05:00,2023,11,15,18,5,53,53141,Bouge,48.064436,-0.618635,Nuit sans éclairage public,Hors agglomération,Intersection en T,Normale,Trois véhicules et plus - collisions multiples,3,2,2,0,1,1,2,0,1,80,3,3,1,0,1,1,48.0,48.0,voiture,voiture,3,1,3,1,5
202300022376,2023-03-10 16:30:00,2023,3,10,16,30,47,47310,Rue du Marechal Foch,44.39187,0.312595,Plein jour,En agglomération,Intersection en T,Pluie légère,Deux véhicules - côté,3,2,0,0,1,1,2,0,1,50,2,2,1,0,1,0,94.0,16.0,voiture,deux_roues,1,2,3,2,3
202300022376,2023-03-10 16:30:00,2023,3,10,16,30,47,47310,Rue du Marechal Foch,44.39187,0.312595,Plein jour,En agglomération,Intersection en T,Pluie légère,Deux véhicules - côté,3,2,2,-1,1,1,2,0,1,50,2,2,1,0,1,0,94.0,16.0,voiture,deux_roues,1,2,3,2,3
202300022377,2023-03-11 16:54:00,2023,3,11,16,54,02,02680,,49.607887,3.392565,Plein jour,Hors agglomération,Hors intersection,Normale,Sans collision,3,2,2,0,1,2,1,0,3,80,1,2,1,0,1,0,24.0,,voiture,,1,1,1,1,7
202300022378,2023-11-16 22:50:00,2023,11,16,22,50,21,21023,D981,47.114773,4.467176,Nuit sans éclairage public,Hors agglomération,Hors intersection,Pluie légère,Deux véhicules - frontale,3,2,2,0,1,1,2,0,1,70,2,2,0,0,1,1,57.0,42.0,voiture,voiture,3,1,1,2,1
202300022379,2023-01-28 07:00:00,2023,1,28,7,0,78,78206,A13,48.946948,1.94746,Nuit sans éclairage public,Hors agglomération,Hors intersection,Normale,Sans collision,1,-1,3,0,1,1,1,0,1,130,1,1,0,0,0,1,32.0,,voiture,,3,1,1,1,7
202300022380,2023-03-11 18:10:00,2023,3,11,18,10,66,66009,Avenue Alzine Rodone,42.466933,2.653645,Plein jour,En agglomération,Hors intersection,Temps couvert,Autre collision,3,2,2,0,1,1,1,9,1,50,1,1,0,1,0,0,58.0,,deux_roues,,1,2,1,8,6
202300022381,2023-01-27 23:14:00,2023,1,27,23,14,92,92072,N118,48.82774854,2.22492176,Nuit avec éclairage non allumé,Hors agglomération,Hors intersection,Pluie légère,Autre collision,2,1,1,0,2,1,2,3,1,50,1,1,0,0,0,1,34.0,,voiture,,4,1,1,2,6
202300022382,2023-05-28 21:50:00,2023,5,28,21,50,75,75113,BOULEVARD MASSENA,48.82266,2.37284,Nuit avec éclairage allumé,En agglomération,Intersection en T,Normale,Deux véhicules - côté,4,1,6,1,2,1,1,0,1,30,2,3,2,0,0,1,50.0,48.0,voiture,voiture,5,2,3,1,3
202300022382,2023-05-28 21:50:00,2023,5,28,21,50,75,75113,BOULEVARD MASSENA,48.82266,2.37284,Nuit avec éclairage allumé,En agglomération,Intersection en T,Normale,Deux véhicules - côté,4,-1, -1,0,1,1,1,0,1,30,2,3,2,0,0,1,50.0,48.0,voiture,voiture,5,2,3,1,3
202300022383,2023-11-17 08:00:00,2023,11,17,8,0,85,85146,RD 763 Rue saint-nicolas,46.974561,-1.322892,Crépuscule ou aube,En agglomération,Intersection en T,Normale,Deux véhicules - frontale,3,2,2,0,2,1,2,5,1,50,2,2,1,0,1,0,17.0,45.0,deux_roues,voiture,2,2,3,1,1
202300022383,2023-11-17 08:00:00,2023,11,17,8,0,85,85146,RD 763 Rue saint-nicolas,46.974561,-1.322892,Crépuscule ou aube,En agglomération,Intersection en T,Normale,Deux véhicules - frontale,3,2, -1,-1,-1,1,2,0,1,-1,2,2,1,0,1,0,17.0,45.0,deux_roues,voiture,2,2,3,1,1
202300022384,2023-03-12 04:10:00,2023,3,12,4,10,45,45030,D9 PR 29 + 100,48.062687,2.417094,Nuit avec éclairage non allumé,En agglomération,Hors intersection,Pluie légère,Deux véhicules - côté,3,2,2,0,1,3,2,0,1,50,2,3,1,0,2,0,27.0,21.0,voiture,voiture,4,2,1,2,3
202300022385,2023-01-27 19:10:00,2023,1,27,19,10,78,78043,A12 W,48.82476,2.074568,Nuit sans éclairage public,Hors agglomération,Hors intersection,Normale,Trois véhicules et plus - en chaîne,1,1,4,0,1,1,1,0,1,110,3,3,2,0,0,1,48.0,33.0,voiture,voiture,3,1,1,1,4
202300022386,2023-05-28 18:25:00,2023,5,28,18,25,75,75112,PONT DE BERCY,48.83866217,2.37575054,Plein jour,En agglomération,Intersection en X,Normale,Deux véhicules - côté,4,3, -1,-1,1,1,1,0,1,-1,2,2,1,0,0,1,53.0,42.0,deux_roues,voiture,1,2,2,1,3
202300022386,2023-05-28 18:25:00,2023,5,28,18,25,75,75112,PONT DE BERCY,48.83866217,2.37575054,Plein jour,En agglomération,Intersection en X,Normale,Deux véhicules - côté,4,1,4,1,1,1,1,2,1,30,2,2,1,0,0,1,53.0,42.0,deux_roues,voiture,1,2,2,1,3
202300022387,2023-03-12 18:15:00,2023,3,12,18,15,36,36109,,46.56734555,1.96565865,Plein jour,Hors agglomération,Hors intersection,Normale,Deux véhicules - côté,3,2,2,0,1,1,1,0,1,70,2,2,1,0,1,0,46.0,30.0,deux_roues,voiture,1,1,1,1,3
202300022388,2023-11-17 16:40:00,2023,11,17,16,40,95,95394,D928,49.062509,2.187602,Plein jour,En agglomération,Hors intersection,Normale,Deux véhicules - côté,3,2,2,0,2,1,1,0,1,50,2,3,2,0,0,1,39.0,28.0,voiture,deux_roues,1,2,1,1,3
202300022389,2023-03-12 15:35:00,2023,3,12,15,35,85,85104,VC rue saint-hilaire,46.393651,-1.293946,Plein jour,Hors agglomération,Hors intersection,Pluie légère,Sans collision,4,2,2,0,1,1,2,0,3,80,1,1,0,1,0,0,81.0,,deux_roues,,1,1,1,2,7
202300022390,2023-05-28 12:20:00,2023,5,28,12,20,75,75118,AVENUE DE LA PORTE DE SAINT OUEN,48.897746,2.329047,Plein jour,En agglomération,Intersection en X,Normale,Deux véhicules - côté,4,1,1,0,1,1,1,0,1,50,2,3,2,0,0,1,35.0,30.0,voiture,deux_roues,1,2,2,1,3
202300022390,2023-05-28 12:20:00,2023,5,28,12,20,75,75118,AVENUE DE LA PORTE DE SAINT OUEN,48.897746,2.329047,Plein jour,En agglomération,Intersection en X,Normale,Deux véhicules - côté,4,1,2,0,1,1,1,0,1,50,2,3,2,0,0,1,35.0,30.0,voiture,deux_roues,1,2,2,1,3
202300022391,2023-01-28 14:00:00,2023,1,28,14,0,77,77363,A104,48.9230794,2.62986948,Plein jour,Hors agglomération,Hors intersection,Normale,Autre collision,1,3,2,0,2,1,1,0,1,90,3,3,2,0,0,1,35.0,40.0,voiture,utilitaire_camion,1,1,1,1,6
202300022392,2023-11-16 08:59:00,2023,11,16,8,59,80,80485,A16 PK111.725,49.747306,2.23031,Plein jour,Hors agglomération,Hors intersection,Pluie forte,Deux véhicules - arrière,1,3,2,0,1,1,2,0,1,110,2,3,1,0,2,0,74.0,52.0,voiture,voiture,1,1,1,3,2
202300022393,2023-03-11 19:15:00,2023,3,11,19,15,973,97309,Route des Plages,4.902476,-52.264624,Nuit avec éclairage allumé,En agglomération,Intersection en T,Normale,Deux véhicules - côté,3,-1,2,0,1,3,1,0,1,50,2,2,1,0,0,1,54.0,21.0,voiture,deux_roues,5,2,3,1,3
202300022393,2023-03-11 19:15:00,2023,3,11,19,15,973,97309,Route des Plages,4.902476,-52.264624,Nuit avec éclairage allumé,En agglomération,Intersection en T,Normale,Deux véhicules - côté,3,2, -1,-1,1,1,1,0,1,-1,2,2,1,0,0,1,54.0,21.0,voiture,deux_roues,5,2,3,1,3
202300022394,2023-05-28 21:35:00,2023,5,28,21,35,75,75108,AVENUE DES CHAMPS ELYSEES,48.873114,2.297068,Crépuscule ou aube,En agglomération,Hors intersection,Normale,Deux véhicules - côté,4,2,4,1,1,1,1,0,1,50,2,2,1,0,1,0,20.0,41.0,deux_roues,deux_roues,2,2,1,1,3
202300022395,2023-01-26 01:10:00,2023,1,26,1,10,988,98818,N° 28 RUE DU REVEREND PERE DE MIJOLLA,-22.23064,166.4601,Nuit avec éclairage allumé,En agglomération,Hors intersection,Normale,Autre collision,4,2,2,0,1,1,2,0,4,50,1,3,2,0,0,1,32.0,,voiture,,5,2,1,1,6
202300022396,2023-11-17 16:00:00,2023,11,17,16,0,77,77164,A5 - PK 27.000 vers Troyes,48.447081,2.902279,Plein jour,Hors agglomération,Hors intersection,Temps couvert,Deux véhicules - arrière,1,3,4,0,2,1,2,0,1,130,2,3,2,0,1,0,26.0,84.0,utilitaire_camion,voiture,1,1,1,8,2
202300022397,2023-05-28 18:15:00,2023,5,28,18,15,94,94078,Avenue de Choisy,48.75020241,2.433945,Plein jour,En agglomération,Hors intersection,Normale,Autre collision,3,2,2,0,1,1,1,0,1,50,1,2,1,0,0,1,75.0,,voiture,,1,2,1,1,6
202300022398,2023-03-12 05:00:00,2023,3,12,5,0,69,69268,Route de Brignais,45.663726,4.762584,Nuit sans éclairage public,Hors agglomération,Hors intersection,Normale,Deux véhicules - frontale,3,2,2,0,1,4,2,0,1,70,2,4,1,0,0,3,22.0,44.0,voiture,voiture,3,1,1,1,1
202300022399,2023-01-27 15:42:00,2023,1,27,15,42,976,97611,kaweni-Mangrove (route de la),-12.77576,45.22526,Plein jour,En agglomération,Autre intersection,Normale,Deux véhicules - frontale,2,-1,2,0,1,1,1,0,1,50,2,4,2,0,0,2,26.0,35.0,deux_roues,voiture,1,2,9,1,1
202300022400,2023-11-16 12:45:00,2023,11,16,12,45,06,06030,Chemin de l'Industrie,43.57406,6.990432,Plein jour,En agglomération,Hors intersection,Normale,Autre collision,4,2,2,0,4,1,2,0,1,50,2,2,1,0,0,1,39.0,35.0,deux_roues,voiture,1,2,1,1,6
202300022401,2023-05-28 03:00:00,2023,5,28,3,0,94,94068,place du 8 MAI 1945,48.80237,2.492,Nuit avec éclairage allumé,En agglomération,Giratoire,Normale,Autre collision,3,1,1,0,1,-1,1,9,1,50,1,1,0,0,0,1,30.0,,voiture,,5,2,6,1,6
202300022401,2023-05-28 03:00:00,2023,5,28,3,0,94,94068,place du 8 MAI 1945,48.80237,2.492,Nuit avec éclairage allumé,En agglomération,Giratoire,Normale,Autre collision,3,2,1,0,1,1,1,0,1,50,1,1,0,0,0,1,30.0,,voiture,,5,2,6,1,6
202300022402,2023-03-10 22:30:00,2023,3,10,22,30,73,73257,Avenue de la Croisette,45.33200859,6.53620666,Nuit avec éclairage allumé,En agglomération,Hors intersection,Neige / grêle,Autre collision,4,2,2,0,2,1,5,0,1,50,2,3,2,0,1,0,26.0,26.0,voiture,voiture,5,2,1,4,6
202300022403,2023-01-27 08:35:00,2023,1,27,8,35,974,97416,DELISLES (ROUTE HUBERT) CD3,-21.31284,55.5427,Plein jour,Hors agglomération,Hors intersection,Temps couvert,Sans collision,3,2,2,0,1,2,1,0,1,50,1,1,0,0,0,1,30.0,,deux_roues,,1,1,1,8,7
202300022404,2023-03-12 08:00:00,2023,3,12,8,0,973,97311,Route de Saint Jean,5.449225,-54.041598,Plein jour,Hors agglomération,Hors intersection,Normale,Autre collision,3,2,2,0,1,1,1,0,3,80,1,1,0,0,1,0,41.0,,voiture,,1,1,1,1,6
202300022405,2023-05-28 17:15:00,2023,5,28,17,15,94,94028,Car de Pompadour,48.77426976,2.438788,Plein jour,En agglomération,Giratoire,Normale,Deux véhicules - côté,2,1,2,0,1,1,1,0,1,50,2,3,2,0,0,1,33.0,36.0,deux_roues,voiture,1,2,6,1,3
202300022405,2023-05-28 17:15:00,2023,5,28,17,15,94,94028,Car de Pompadour,48.77426976,2.438788,Plein jour,En agglomération,Giratoire,Normale,Deux véhicules - côté,2,1,3,3,1,2,1,0,1,50,2,3,2,0,0,1,33.0,36.0,deux_roues,voiture,1,2,6,1,3
202300022406,2023-01-24 17:10:00,2023,1,24,17,10,974,97416,DE LA ZONE(ALLEE),-21.3156,55.4757,Plein jour,Hors agglomération,Hors intersection,Pluie légère,Deux véhicules - côté,4,2,2,0,1,1,2,0,1,30,2,2,1,0,0,1,29.0,44.0,deux_roues,voiture,1,1,1,2,3
202300022407,2023-03-11 20:30:00,2023,3,11,20,30,28,28113,D983,48.67311,1.56229,Nuit sans éclairage public,Hors agglomération,Hors intersection,Pluie légère,Autre collision,3,2,2,0,1,1,2,0,3,80,1,1,0,0,1,0,51.0,,voiture,,3,1,1,2,6
202300022408,2023-03-11 20:05:00,2023,3,11,20,5,45,45137,D2152 PR 26 + 900,48.123018,2.191,Nuit sans éclairage public,Hors agglomération,Hors intersection,Pluie légère,Deux véhicules - frontale,3,2,2,0,1,1,2,0,1,90,2,2,1,0,1,0,26.0,44.0,voiture,voiture,3,1,1,2,1
202300022409,2023-05-28 19:00:00,2023,5,28,19,0,93,93078,Boulevard Robert Ballanger / Av du Mal de Lattre de Tassigny,48.9575,2.5453,Plein jour,En agglomération,Intersection en X,Normale,Autre collision,3,3,2,0,1,1,1,5,1,50,1,4,2,0,0,2,21.0,,voiture,,1,2,2,1,6
202300022409,2023-05-28 19:00:00,2023,5,28,19,0,93,93078,Boulevard Robert Ballanger / Av du Mal de Lattre de Tassigny,48.9575,2.5453,Plein jour,En agglomération,Intersection en X,Normale,Autre collision,3,3,2,0,1,1,1,5,1,50,1,4,2,0,0,2,21.0,,voiture,,1,2,2,1,6
202300022410,2023-01-27 14:15:00,2023,1,27,14,15,973,97302,MADELEINE (ROUTE DE LA),4.91250795,-52.32102245,Plein jour,En agglomération,Intersection en T,Normale,Deux véhicules - côté,3,2,2,0,3,1,1,0,1,50,2,2,1,0,1,0,44.0,48.0,deux_roues,voiture,1,2,3,1,3
202300022410,2023-01-27 14:15:00,2023,1,27,14,15,973,97302,MADELEINE (ROUTE DE LA),4.91250795,-52.32102245,Plein jour,En agglomération,Intersection en T,Normale,Deux véhicules - côté,3,2,2,0,3,1,1,0,1,50,2,2,1,0,1,0,44.0,48.0,deux_roues,voiture,1,2,3,1,3
202300022411,2023-11-17 15:00:00,2023,11,17,15,0,34,34340,A9 - PK 78.000,43.716225,4.13632,Plein jour,Hors agglomération,Hors intersection,Normale,Trois véhicules et plus - collisions multiples,1,3,3,0,1,1,1,0,6,130,3,3,2,1,0,0,27.0,56.0,deux_roues,utilitaire_camion,1,1,1,1,5
202300022412,2023-03-06 15:13:00,2023,3,6,15,13,2A,2A041,saint julien,41.38603,9.183115,Plein jour,En agglomération,Hors intersection,Pluie forte,Sans collision,3,2,2,0,4,1,2,8,1,80,1,1,0,0,0,1,71.0,,deux_roues,,1,2,1,3,7
202300022413,2023-11-17 08:30:00,2023,11,17,8,30,30,30123,A9 - PK 72+500,43.724025,4.180974,Plein jour,Hors agglomération,Hors intersection,Normale,Deux véhicules - arrière,1,3,5,0,1,1,1,0,1,90,2,2,1,0,1,0,43.0,41.0,voiture,voiture,1,1,1,1,2
202300022414,2023-05-28 06:50:00,2023,5,28,6,50,93,93072,Boulevard Maxime Gorki,48.94849519,2.38628943,Plein jour,En agglomération,Hors intersection,Normale,Deux véhicules - arrière,3,3,6,0,1,1,1,0,1,50,2,2,1,0,0,1,44.0,42.0,voiture,voiture,1,2,1,1,2
202300022415,2023-01-28 20:40:00,2023,1,28,20,40,69,69383,Rue Docteur Paul Diday,45.75069,4.87394,Nuit avec éclairage allumé,En agglomération,Intersection en X,Normale,Autre collision,4,1,1,2,1,1,1,0,1,50,1,2,1,0,1,0,34.0,,deux_roues,,5,2,2,1,6
202300022415,2023-01-28 20:40:00,2023,1,28,20,40,69,69383,Rue Docteur Paul Diday,45.75069,4.87394,Nuit avec éclairage allumé,En agglomération,Intersection en X,Normale,Autre collision,4,1,1,2,1,1,1,0,8,50,1,2,1,0,1,0,34.0,,deux_roues,,5,2,2,1,6
202300022415,2023-01-28 20:40:00,2023,1,28,20,40,69,69383,Rue Docteur Paul Diday,45.75069,4.87394,Nuit avec éclairage allumé,En agglomération,Intersection en X,Normale,Autre collision,4,1,1,3,1,1,1,0,6,50,1,2,1,0,1,0,34.0,,deux_roues,,5,2,2,1,6
202300022416,2023-03-12 18:25:00,2023,3,12,18,25,66,66171,avenue Georges DUHAMEL,42.617442,3.002215,Plein jour,En agglomération,Intersection en T,Normale,Autre collision,4,1,1,0,2,1,1,0,1,30,2,2,1,0,0,1,12.0,30.0,deux_roues,voiture,1,2,3,1,6
202300022416,2023-03-12 18:25:00,2023,3,12,18,25,66,66171,avenue Georges DUHAMEL,42.617442,3.002215,Plein jour,En agglomération,Intersection en T,Normale,Autre collision,4,1,1,-1,1,1,1,0,8,-1,2,2,1,0,0,1,12.0,30.0,deux_roues,voiture,1,2,3,1,6
202300022417,2023-05-28 06:45:00,2023,5,28,6,45,93,93066,Avenue de Stalingrad,48.94679586,2.37080455,Crépuscule ou aube,En agglomération,Hors intersection,Normale,Autre collision,3,2,2,0,1,1,1,6,1,50,1,2,1,0,0,1,47.0,,voiture,,2,2,1,1,6
202300022418,2023-11-17 13:00:00,2023,11,17,13,0,84,84087,A9 PK1+700,44.123,4.790972,Plein jour,Hors agglomération,Hors intersection,Normale,Deux véhicules - côté,1,3,2,0,1,2,1,0,2,130,2,2,1,1,0,0,52.0,,utilitaire_camion,,1,1,1,1,3
202300022419,2023-01-27 09:45:00,2023,1,27,9,45,69,69383,Avenue Félix Faure,45.75524,4.87244,Plein jour,En agglomération,Hors intersection,Normale,Trois véhicules et plus - en chaîne,4,2,2,3,1,1,1,0,8,50,3,3,2,0,0,1,28.0,40.0,voiture,voiture,1,2,1,1,4
202300022420,2023-05-28 05:10:00,2023,5,28,5,10,93,93062,Avenue de la Résistance,48.895,2.5137,Crépuscule ou aube,En agglomération,Hors intersection,Normale,Autre collision,3,2,2,0,1,1,1,0,1,50,1,2,1,0,0,1,37.0,,voiture,,2,2,1,1,6
202300022421,2023-05-28 11:50:00,2023,5,28,11,50,93,93055,Avenue du Général Leclerc,48.90108162,2.41223415,Plein jour,En agglomération,Hors intersection,Normale,Sans collision,3,2,2,0,1,1,1,0,1,30,1,1,0,0,0,1,24.0,,voiture,,1,2,1,1,7
202300022422,2023-03-12 11:50:00,2023,3,12,11,50,13,13007,RD45,43.330578,5.677915,Plein jour,Hors agglomération,Hors intersection,Normale,Trois véhicules et plus - collisions multiples,3,2,2,0,2,3,1,0,1,70,3,5,2,0,0,3,34.0,67.0,voiture,voiture,1,1,1,1,5
202300022423,2023-11-17 06:22:00,2023,11,17,6,22,78,78003,A11,48.525704,1.831327,Nuit sans éclairage public,Hors agglomération,Hors intersection,Pluie légère,Trois véhicules et plus - en chaîne,1,3,3,0,1,1,2,0,1,130,4,4,1,1,0,2,61.0,45.0,voiture,voiture,3,1,1,2,4
202300022424,2023-01-26 19:30:00,2023,1,26,19,30,972,97213,AUTOROUTE A1,14.61136,-61.0078,Nuit avec éclairage allumé,Hors agglomération,Hors intersection,Normale,Deux véhicules - arrière,1,1,2,0,1,3,1,0,1,90,2,3,2,0,1,0,32.0,58.0,deux_roues,voiture,5,1,1,1,2
202300022425,2023-05-28 20:45:00,2023,5,28,20,45,93,93032,Rue du 8 Mai 1945,48.88441,2.53628,Plein jour,En agglomération,Hors intersection,Temps éblouissant,Autre collision,4,1,1,0,2,1,1,0,1,30,1,3,2,0,0,1,34.0,,voiture,,1,2,1,7,6
202300022426,2023-03-12 14:35:00,2023,3,12,14,35,13,13041,Avenue Emile Zola,43.437632,5.464926,Plein jour,En agglomération,Intersection en T,Normale,Deux véhicules - frontale,3,2,2,0,1,1,1,0,1,30,2,2,1,0,1,0,41.0,27.0,deux_roues,voiture,1,2,3,1,1
202300022426,2023-03-12 14:35:00,2023,3,12,14,35,13,13041,Avenue Emile Zola,43.437632,5.464926,Plein jour,En agglomération,Intersection en T,Normale,Deux véhicules - frontale,3,2, -1,-1,1,1,-1,0,-1,-1,2,2,1,0,1,0,41.0,27.0,deux_roues,voiture,1,2,3,1,1
202300022427,2023-11-17 14:50:00,2023,11,17,14,50,34,34123,M27e6,43.610228,3.803002,Plein jour,En agglomération,Autre intersection,Normale,Deux véhicules - côté,3,2,2,1,2,3,1,9,5,50,2,2,1,0,0,1,22.0,38.0,deux_roues,voiture,1,2,9,1,3
202300022428,2023-01-27 04:25:00,2023,1,27,4,25,69,69382,Quai Jules Courmont,45.7632,4.83849,Nuit avec éclairage allumé,En agglomération,Intersection en X,Normale,Deux véhicules - côté,4,1,5,3,1,1,1,0,1,50,2,5,4,0,1,0,21.0,22.0,voiture,deux_roues,5,2,2,1,3
202300022428,2023-01-27 04:25:00,2023,1,27,4,25,69,69382,Quai Jules Courmont,45.7632,4.83849,Nuit avec éclairage allumé,En agglomération,Intersection en X,Normale,Deux véhicules - côté,4,2,2,3,1,1,1,0,1,50,2,5,4,0,1,0,21.0,22.0,voiture,deux_roues,5,2,2,1,3
202300022429,2023-05-28 13:45:00,2023,5,28,13,45,93,93007,Avenue Charles Floquet,48.94031,2.44457,Plein jour,En agglomération,Hors intersection,Normale,Deux véhicules - côté,4,2,2,0,1,1,1,0,1,30,2,2,1,0,1,0,33.0,26.0,deux_roues,voiture,1,2,1,1,3
202300022430,2023-03-12 13:20:00,2023,3,12,13,20,25,25097,Allee Henri Hugoniot,47.52462,6.870768,Plein jour,Hors agglomération,Hors intersection,Normale,Autre collision,4,2,2,0,4,1,1,0,3,50,1,2,1,0,1,0,20.0,,voiture,,1,1,1,1,6
202300022431,2023-11-16 17:30:00,2023,11,16,17,30,973,97311,Allee Paul Isnard - pk9,5.37724517,-53.96157306,Plein jour,Hors agglomération,Hors intersection,Normale,Deux véhicules - frontale,9,2,2,0,3,1,1,0,1,80,2,3,1,0,2,0,28.0,49.0,voiture,deux_roues,1,1,1,1,1
202300022432,2023-03-12 00:20:00,2023,3,12,0,20,88,88352,Rue de Circourt,48.260395,5.673838,Nuit avec éclairage allumé,En agglomération,Hors intersection,Normale,Autre collision,3,2,2,0,1,1,1,0,1,50,1,2,0,1,1,0,27.0,,voiture,,5,2,1,1,6
202300022433,2023-05-28 15:06:00,2023,5,28,15,6,92,92072,MANUFACTURE NATIONALE (PLACE DE LA),48.82846,2.22447,Plein jour,En agglomération,Giratoire,Normale,Deux véhicules - côté,3,1,2,0,1,2,1,3,1,50,2,2,1,0,0,1,22.0,26.0,deux_roues,voiture,1,2,6,1,3
202300022433,2023-05-28 15:06:00,2023,5,28,15,6,92,92072,MANUFACTURE NATIONALE (PLACE DE LA),48.82846,2.22447,Plein jour,En agglomération,Giratoire,Normale,Deux véhicules - côté,3,4,2,0,1,2,1,5,1,50,2,2,1,0,0,1,22.0,26.0,deux_roues,voiture,1,2,6,1,3
202300022434,2023-01-26 15:15:00,2023,1,26,15,15,95,95268,D84,48.965946,2.408771,Plein jour,En agglomération,Hors intersection,Temps couvert,Deux véhicules - côté,3,2,4,0,1,1,1,0,1,50,2,3,1,0,0,2,73.0,28.0,voiture,voiture,1,2,1,8,3
202300022435,2023-03-10 11:45:00,2023,3,10,11,45,57,57443,25 Rue de la Vallée,49.200968,6.091334,Plein jour,En agglomération,Hors intersection,Pluie légère,Autre collision,3,2,2,0,1,3,2,0,1,50,1,2,1,0,1,0,50.0,,voiture,,1,2,1,2,6
202300022436,2023-11-12 11:40:00,2023,11,12,11,40,13,13104,11 Avenue de la Côte Bleue,43.331056,5.112929,Plein jour,En agglomération,Hors intersection,Normale,Autre collision,3,2,2,0,1,2,1,0,1,30,1,2,1,0,1,0,64.0,,voiture,,1,2,1,1,6