accident_id,datetime,annee,mois,jour,heure,minute,departement,commune_insee,adresse,latitude,longitude,luminosite,agglomeration,intersection,meteo,collision,catr,circ,nbv,vosp,prof,plan,surf,infra,situ,vma,nb_vehicules,nb_usagers,nb_indemnes,nb_tues,nb_blesses_hosp,nb_blesses_legers,age_cond_1,age_cond_2,veh_type_cond_1,veh_type_cond_2,lum_code,agg_code,int_code,atm_code,col_code
202300022437,2023-05-28 21:09:00,2023,5,28,21,9,92,92062,DE DION BOUTON (QUAI) DU 29 AU 65,48.88148,2.24645,Crépuscule ou aube,En agglomération,Autre intersection,Normale,Autre collision,3,3,0,0,1,1,1,0,1,50,1,2,1,0,1,0,,,voiture,,2,2,9,1,6
202300022438,2023-01-27 18:50:00,2023,1,27,18,50,95,95019,ROBERT SCHUMAN (RUE),48.988555,2.421767,Nuit avec éclairage allumé,En agglomération,Intersection en X,Normale,Deux véhicules - côté,4,2,2,0,1,1,1,0,1,50,2,2,1,0,0,1,40.0,19.0,voiture,deux_roues,5,2,2,1,3
202300022438,2023-01-27 18:50:00,2023,1,27,18,50,95,95019,ROBERT SCHUMAN (RUE),48.988555,2.421767,Nuit avec éclairage allumé,En agglomération,Intersection en X,Normale,Deux véhicules - côté,4,2,2,0,1,1,1,0,1,50,2,2,1,0,0,1,40.0,19.0,voiture,deux_roues,5,2,2,1,3
202300022439,2023-05-27 21:10:00,2023,5,27,21,10,92,92050,RD 914,48.90662,2.21514,Nuit avec éclairage non allumé,Hors agglomération,Hors intersection,Normale,Sans collision,3,1,0,0,1,3,1,0,8,70,1,1,0,0,1,0,23.0,,deux_roues,,4,1,1,1,7
202300022440,2023-03-12 16:10:00,2023,3,12,16,10,38,38110,Route Nationale 7,45.56934,4.857963,Plein jour,Hors agglomération,Intersection en Y,Normale,Deux véhicules - côté,2,2,1,0,1,1,1,0,1,70,2,2,0,0,1,1,32.0,34.0,deux_roues,voiture,1,1,4,1,3
202300022440,2023-03-12 16:10:00,2023,3,12,16,10,38,38110,Route Nationale 7,45.56934,4.857963,Plein jour,Hors agglomération,Intersection en Y,Normale,Deux véhicules - côté,2,2,1,0,1,1,1,0,8,50,2,2,0,0,1,1,32.0,34.0,deux_roues,voiture,1,1,4,1,3
202300022441,2023-11-14 16:25:00,2023,11,14,16,25,95,95351,EUROPE (AVENUE DE L'),49.052871,2.501326,Plein jour,En agglomération,Giratoire,Temps éblouissant,Autre collision,4,2,2,0,1,3,2,8,1,50,1,2,1,0,0,1,69.0,,voiture,,1,2,6,7,6
202300022442,2023-01-26 19:47:00,2023,1,26,19,47,95,95127,N14,49.05551629,2.04999626,Nuit sans éclairage public,Hors agglomération,Hors intersection,Pluie légère,Deux véhicules - arrière,2,3,4,0,1,1,2,0,1,110,2,2,1,0,1,0,23.0,21.0,voiture,deux_roues,3,1,1,2,2
202300022443,2023-05-28 20:45:00,2023,5,28,20,45,92,92044,CHAPTAL(RUE) 81+ ET 66+,48.89251,2.27951,Plein jour,En agglomération,Intersection en T,Normale,Deux véhicules - côté,4,1,#VALEURMULTI,0,1,1,1,0,1,50,2,2,1,0,0,1,30.0,33.0,voiture,deux_roues,1,2,3,1,3
202300022444,2023-03-12 17:45:00,2023,3,12,17,45,07,07159,Route de Villeneuve,44.56945657,4.48548228,Plein jour,Hors agglomération,Hors intersection,Normale,Deux véhicules - frontale,3,2,2,0,2,3,1,0,1,90,2,2,1,1,0,0,21.0,36.0,voiture,deux_roues,1,1,1,1,1
202300022445,2023-11-17 08:45:00,2023,11,17,8,45,34,34154,cd172,43.597223,3.983177,Plein jour,Hors agglomération,Hors intersection,Normale,Trois véhicules et plus - en chaîne,3,2,2,0,1,1,1,0,1,70,3,3,2,0,1,0,18.0,44.0,voiture,voiture,1,1,1,1,4
202300022446,2023-01-27 16:45:00,2023,1,27,16,45,95,95176,D392,48.963105,2.201084,Plein jour,En agglomération,Hors intersection,Normale,Autre collision,3,2,2,0,1,1,1,0,1,50,1,2,0,1,0,1,33.0,,deux_roues,,1,2,1,1,6
202300022447,2023-03-12 15:15:00,2023,3,12,15,15,01,01142,300 Rue du Cottey,45.852853,5.072105,Plein jour,En agglomération,Hors intersection,Normale,Deux véhicules - côté,4,1,2,0,1,1,1,0,1,30,2,2,1,1,0,0,17.0,16.0,deux_roues,deux_roues,1,2,1,1,3
202300022448,2023-05-28 15:45:00,2023,5,28,15,45,92,92025,CHARLES DE GAULLE (BD),48.90975196,2.23532349,Plein jour,En agglomération,Autre intersection,Normale,Deux véhicules - côté,3,1,1,0,1,1,1,0,1,50,2,2,1,0,0,1,29.0,89.0,voiture,deux_roues,1,2,9,1,3
202300022449,2023-11-17 08:30:00,2023,11,17,8,30,25,25047,7 Rue des Freres Grenier,47.349211,6.361475,Crépuscule ou aube,En agglomération,Hors intersection,Pluie légère,Autre collision,3,2,2,0,1,1,2,0,1,50,1,2,1,0,0,1,57.0,,voiture,,2,2,1,2,6
202300022450,2023-05-29 10:15:00,2023,5,29,10,15,2A,2A154,Lieu dit Rota,42.241056,8.811601,Plein jour,Hors agglomération,Hors intersection,Normale,Sans collision,3,2,2,0,1,3,9,0,1,80,1,2,1,0,1,0,65.0,,deux_roues,,1,1,1,1,7
202300022451,2023-01-27 22:01:00,2023,1,27,22,1,91,91201,RUE EUGENE DELACROIX,48.68046,2.42708,Nuit avec éclairage allumé,En agglomération,Hors intersection,Pluie légère,Trois véhicules et plus - en chaîne,3,2,2,0,1,1,2,0,1,50,3,3,1,0,0,2,21.0,68.0,voiture,voiture,5,2,1,2,4
202300022452,2023-03-12 12:40:00,2023,3,12,12,40,33,33051,Avenue des Boiens,44.632772,-0.979655,Plein jour,En agglomération,Giratoire,Pluie légère,Autre collision,3,2,2,1,1,1,2,0,1,-1,1,2,1,0,0,1,28.0,,voiture,,1,2,6,2,6
202300022452,2023-03-12 12:40:00,2023,3,12,12,40,33,33051,Avenue des Boiens,44.632772,-0.979655,Plein jour,En agglomération,Giratoire,Pluie légère,Autre collision,3,2,2,0,1,1,2,0,1,50,1,2,1,0,0,1,28.0,,voiture,,1,2,6,2,6
202300022453,2023-03-05 05:20:00,2023,3,5,5,20,22,22210,Route de Ploubazlanec,48.790044,-3.049071,Nuit avec éclairage non allumé,En agglomération,Hors intersection,Normale,Autre collision,3,2,2,0,1,1,1,0,8,50,1,2,1,0,1,0,27.0,,voiture,,4,2,1,1,6
202300022454,2023-11-17 10:20:00,2023,11,17,10,20,42,42094,Boulevard de la Boissonnette,45.738735,4.228526,Plein jour,En agglomération,Intersection en T,Normale,Autre collision,4,2,2,0,1,1,1,5,1,50,1,2,1,0,0,1,83.0,,voiture,,1,2,3,1,6
202300022454,2023-11-17 10:20:00,2023,11,17,10,20,42,42094,Boulevard de la Boissonnette,45.738735,4.228526,Plein jour,En agglomération,Intersection en T,Normale,Autre collision,4,2,2,-1,4,1,1,0,1,-1,1,2,1,0,0,1,83.0,,voiture,,1,2,3,1,6
202300022455,2023-01-26 07:33:00,2023,1,26,7,33,87,87085,REVOLUTION (PONT DE LA),45.82601,1.26795,Nuit avec éclairage allumé,En agglomération,Intersection en X,Pluie légère,Deux véhicules - côté,2,4,5,0,1,1,2,0,1,50,2,2,1,0,0,1,24.0,20.0,voiture,voiture,5,2,2,2,3
202300022455,2023-01-26 07:33:00,2023,1,26,7,33,87,87085,REVOLUTION (PONT DE LA),45.82601,1.26795,Nuit avec éclairage allumé,En agglomération,Intersection en X,Pluie légère,Deux véhicules - côté,2,4,5,0,1,1,2,0,1,50,2,2,1,0,0,1,24.0,20.0,voiture,voiture,5,2,2,2,3
202300022456,2023-05-28 11:27:00,2023,5,28,11,27,17,17389,Lieu Dit Petit Pochebonne,45.84212,-0.858339,Plein jour,Hors agglomération,Intersection en X,Autre,Trois véhicules et plus - en chaîne,3,2,2,0,1,1,1,0,1,80,3,4,2,0,1,1,41.0,51.0,voiture,voiture,1,1,2,9,4
202300022456,2023-05-28 11:27:00,2023,5,28,11,27,17,17389,Lieu Dit Petit Pochebonne,45.84212,-0.858339,Plein jour,Hors agglomération,Intersection en X,Autre,Trois véhicules et plus - en chaîne,3,2,2,0,1,1,1,0,1,80,3,4,2,0,1,1,41.0,51.0,voiture,voiture,1,1,2,9,4
202300022457,2023-03-11 11:50:00,2023,3,11,11,50,62,62056,D940,50.820634,1.595729,Plein jour,En agglomération,Intersection en X,Normale,Deux véhicules - côté,3,2,2,0,4,1,1,0,1,50,2,2,1,0,1,0,54.0,38.0,deux_roues,voiture,1,2,2,1,3
202300022457,2023-03-11 11:50:00,2023,3,11,11,50,62,62056,D940,50.820634,1.595729,Plein jour,En agglomération,Intersection en X,Normale,Deux véhicules - côté,3,2,2,0,1,1,1,0,1,50,2,2,1,0,1,0,54.0,38.0,deux_roues,voiture,1,2,2,1,3
202300022458,2023-05-29 07:20:00,2023,5,29,7,20,71,71227,chemin de la salade,46.668276,3.916084,Plein jour,Hors agglomération,Hors intersection,Normale,Sans collision,4,2,2,0,2,3,1,0,3,80,1,1,0,0,1,0,23.0,,voiture,,1,1,1,1,7
202300022459,2023-11-16 17:50:00,2023,11,16,17,50,69,69052,38 Route de Villefranche,45.882735,4.706982,Nuit avec éclairage allumé,En agglomération,Hors intersection,Normale,Deux véhicules - frontale,3,2,2,0,1,1,1,0,1,50,2,2,1,0,0,1,38.0,26.0,voiture,voiture,5,2,1,1,1
202300022460,2023-01-17 12:15:00,2023,1,17,12,15,86,86066,Avenue de Richelieu,46.82281,0.53307,Plein jour,En agglomération,Intersection en X,Temps couvert,Deux véhicules - côté,4,2,2,0,1,1,1,0,1,50,2,2,1,0,1,0,25.0,25.0,deux_roues,voiture,1,2,2,8,3
202300022460,2023-01-17 12:15:00,2023,1,17,12,15,86,86066,Avenue de Richelieu,46.82281,0.53307,Plein jour,En agglomération,Intersection en X,Temps couvert,Deux véhicules - côté,4,2,2,1,1,1,1,0,1,50,2,2,1,0,1,0,25.0,25.0,deux_roues,voiture,1,2,2,8,3
202300022461,2023-03-08 08:05:00,2023,3,8,8,5,75,75116,PORTE DAUPHINE,48.87401379,2.27537155,Crépuscule ou aube,En agglomération,Intersection en Y,Pluie légère,Deux véhicules - côté,4,1,4,0,1,1,2,0,1,70,2,2,1,0,0,1,26.0,47.0,deux_roues,voiture,2,2,4,2,3
202300022461,2023-03-08 08:05:00,2023,3,8,8,5,75,75116,PORTE DAUPHINE,48.87401379,2.27537155,Crépuscule ou aube,En agglomération,Intersection en Y,Pluie légère,Deux véhicules - côté,4,1,2,0,2,1,2,0,1,50,2,2,1,0,0,1,26.0,47.0,deux_roues,voiture,2,2,4,2,3
202300022462,2023-05-29 08:00:00,2023,5,29,8,0,81,81317,D77 PK09+100,43.931406,2.305343,Plein jour,Hors agglomération,Hors intersection,Normale,Autre collision,3,-1,2,0,2,1,1,2,3,80,1,5,1,0,1,3,24.0,,voiture,,1,1,1,1,6
202300022463,2023-01-25 17:15:00,2023,1,25,17,15,82,82121,PARIS (route de),44.03442,1.37658,Crépuscule ou aube,En agglomération,Hors intersection,Pluie légère,Deux véhicules - côté,4,2,3,0,1,1,2,0,1,50,2,2,1,0,1,0,15.0,39.0,deux_roues,voiture,2,2,1,2,3
202300022464,2023-11-16 17:45:00,2023,11,16,17,45,69,69159,Route de Tarare,45.96486087,4.66964145,Nuit sans éclairage public,Hors agglomération,Hors intersection,Pluie légère,Trois véhicules et plus - collisions multiples,3,2,2,2,1,1,2,0,1,80,4,5,4,0,0,1,42.0,35.0,utilitaire_camion,utilitaire_camion,3,1,1,2,5
202300022465,2023-03-08 09:12:00,2023,3,8,9,12,75,75112,AVENUE LEDRU ROLLIN,48.847999,2.371421,Plein jour,En agglomération,Intersection en X,Normale,Deux véhicules - côté,4,2,3,1,1,1,2,0,1,30,2,2,1,0,1,0,49.0,37.0,deux_roues,transport_commun,1,2,2,1,3
202300022465,2023-03-08 09:12:00,2023,3,8,9,12,75,75112,AVENUE LEDRU ROLLIN,48.847999,2.371421,Plein jour,En agglomération,Intersection en X,Normale,Deux véhicules - côté,4,2,1,1,1,1,2,0,1,30,2,2,1,0,1,0,49.0,37.0,deux_roues,transport_commun,1,2,2,1,3
202300022466,2023-05-27 13:50:00,2023,5,27,13,50,68,68175,d415,48.164082,7.153403,Plein jour,Hors agglomération,Hors intersection,Normale,Deux véhicules - côté,3,2,3,0,2,3,1,0,1,-1,2,3,2,0,0,1,39.0,51.0,voiture,deux_roues,1,1,1,1,3
202300022467,2023-03-10 16:00:00,2023,3,10,16,0,75,75120,BOULEVARD DAVOUT,48.85433,2.410434,Plein jour,En agglomération,Hors intersection,Temps couvert,Sans collision,4,3,1,0,1,1,2,0,1,30,1,2,1,0,0,1,30.0,,deux_roues,,1,2,1,8,7
202300022468,2023-11-14 18:30:00,2023,11,14,18,30,38,38189,D518z,45.638685,5.057251,Nuit sans éclairage public,Hors agglomération,Hors intersection,Pluie forte,Deux véhicules - côté,3,2,2,0,1,1,2,0,1,80,2,2,1,0,1,0,40.0,27.0,deux_roues,voiture,3,1,1,3,3
202300022469,2023-01-27 11:15:00,2023,1,27,11,15,77,77243,TOUVENTS (CHEMIN DES),48.868744,2.705742,Plein jour,En agglomération,Hors intersection,Normale,Deux véhicules - côté,4,2,2,0,1,1,2,0,1,30,2,2,1,0,0,1,29.0,44.0,voiture,deux_roues,1,2,1,1,3
202300022470,2023-05-29 15:50:00,2023,5,29,15,50,01,01446,Route d?66,46.022833,4.898432,Plein jour,Hors agglomération,Intersection en X,Normale,Deux véhicules - côté,3,2,2,0,1,1,1,0,1,70,2,4,0,0,2,2,30.0,32.0,voiture,voiture,1,1,2,1,3
202300022470,2023-05-29 15:50:00,2023,5,29,15,50,01,01446,Route d?66,46.022833,4.898432,Plein jour,Hors agglomération,Intersection en X,Normale,Deux véhicules - côté,3,2,1,0,1,1,1,0,1,80,2,4,0,0,2,2,30.0,32.0,voiture,voiture,1,1,2,1,3
202300022471,2023-03-10 09:00:00,2023,3,10,9,0,75,75119,PLACE DU COLONEL FABIEN,48.878026,2.370696,Plein jour,En agglomération,Place,Pluie légère,Deux véhicules - côté,4,2, -1,-1,1,1,2,0,1,-1,2,2,1,0,0,1,48.0,22.0,deux_roues,deux_roues,1,2,7,2,3
202300022471,2023-03-10 09:00:00,2023,3,10,9,0,75,75119,PLACE DU COLONEL FABIEN,48.878026,2.370696,Plein jour,En agglomération,Place,Pluie légère,Deux véhicules - côté,4,1,1,0,1,3,2,0,1,30,2,2,1,0,0,1,48.0,22.0,deux_roues,deux_roues,1,2,7,2,3
202300022472,2023-05-27 17:16:00,2023,5,27,17,16,68,68022,6 Rue du Cimetière,47.823385,7.382668,Plein jour,En agglomération,Hors intersection,Normale,Sans collision,4,2,2,0,1,1,1,0,8,50,1,2,0,0,1,1,85.0,,voiture,,1,2,1,1,7
202300022473,2023-01-27 15:00:00,2023,1,27,15,0,76,76540,Boulevard de Verdun,49.44552918,1.10878882,Plein jour,En agglomération,Hors intersection,Normale,Autre collision,7,2,2,3,2,1,1,-1,1,50,1,2,1,0,0,1,28.0,,deux_roues,,1,2,1,1,6
202300022474,2023-11-15 13:55:00,2023,11,15,13,55,72,72154,Avenue Rhin-et-Danube,47.701137,-0.090192,Plein jour,En agglomération,Autre intersection,Normale,Deux véhicules - côté,3,2,2,0,1,1,1,8,1,50,2,2,1,0,1,0,37.0,37.0,voiture,utilitaire_camion,1,2,9,1,3
202300022475,2023-01-26 21:00:00,2023,1,26,21,0,76,76305,D 6382,49.49995,0.19598,Nuit avec éclairage allumé,Hors agglomération,Hors intersection,Pluie légère,Autre collision,3,2,2,0,1,2,2,2,1,70,1,1,0,0,0,1,23.0,,voiture,,5,1,1,2,6
202300022476,2023-03-10 21:05:00,2023,3,10,21,5,75,75117,BOULEVARD DES BATIGNOLLES,48.88173,2.317946,Nuit avec éclairage allumé,En agglomération,Hors intersection,Normale,Autre collision,4,1,2,0,1,1,1,0,1,30,2,3,1,0,0,2,37.0,30.0,voiture,voiture,5,2,1,1,6
202300022477,2023-05-29 06:40:00,2023,5,29,6,40,21,21642,A6 PK 219.3 sens LYON/PARIS,47.49686589,4.11753236,Crépuscule ou aube,Hors agglomération,Hors intersection,Normale,Autre collision,1,-1,2,0,1,1,1,0,2,130,1,3,2,0,1,0,20.0,,voiture,,2,1,1,1,6
202300022478,2023-11-16 12:15:00,2023,11,16,12,15,14,14047,1 Rue d’Audrieu,49.265043,-0.686066,Plein jour,En agglomération,Hors intersection,Pluie légère,Deux véhicules - arrière,3,2,1,0,2,1,2,0,1,50,2,2,1,0,0,1,35.0,39.0,voiture,utilitaire_camion,1,2,1,2,2
202300022479,2023-01-25 16:05:00,2023,1,25,16,5,76,76351,Rue des Martyrs,49.514038,0.10939,Plein jour,En agglomération,Hors intersection,Normale,Autre collision,4,-1,2,0,1,1,1,0,1,50,1,2,1,0,0,1,27.0,,voiture,,1,2,1,1,6
202300022480,2023-05-28 12:38:00,2023,5,28,12,38,67,67202,Rue de Scherlenheim,48.761578,7.567075,Plein jour,En agglomération,Hors intersection,Normale,Autre collision,4,2,2,0,1,1,1,0,1,50,1,2,1,0,1,0,22.0,,voiture,,1,2,1,1,6
202300022481,2023-03-10 16:20:00,2023,3,10,16,20,75,75116,ALLEE DE LA REINE MARGUERITE,48.867872,2.250986,Plein jour,En agglomération,Intersection en T,Temps couvert,Deux véhicules - côté,4,2,4,0,1,1,1,0,1,50,2,2,1,0,0,1,41.0,61.0,voiture,deux_roues,1,2,3,8,3
202300022481,2023-03-10 16:20:00,2023,3,10,16,20,75,75116,ALLEE DE LA REINE MARGUERITE,48.867872,2.250986,Plein jour,En agglomération,Intersection en T,Temps couvert,Deux véhicules - côté,4,2,4,0,1,1,1,0,1,50,2,2,1,0,0,1,41.0,61.0,voiture,deux_roues,1,2,3,8,3
202300022482,2023-11-16 17:25:00,2023,11,16,17,25,35,35012,RD777 PR 60.2000,47.849217,-1.700553,Plein jour,Hors agglomération,Hors intersection,Normale,Deux véhicules - frontale,3,2,2,0,2,3,1,0,1,80,2,3,0,0,2,1,67.0,22.0,voiture,voiture,1,1,1,1,1
202300022483,2023-01-27 18:45:00,2023,1,27,18,45,64,64284,HENRI IV,43.28147,-0.38741,Nuit avec éclairage allumé,En agglomération,Intersection en T,Pluie légère,Deux véhicules - côté,3,2,2,0,1,1,2,0,1,50,2,2,1,0,0,1,20.0,26.0,voiture,voiture,5,2,3,2,3
202300022483,2023-01-27 18:45:00,2023,1,27,18,45,64,64284,HENRI IV,43.28147,-0.38741,Nuit avec éclairage allumé,En agglomération,Intersection en T,Pluie légère,Deux véhicules - côté,3,2,2,-1,1,1,2,5,1,-1,2,2,1,0,0,1,20.0,26.0,voiture,voiture,5,2,3,2,3
202300022484,2023-05-29 05:45:00,2023,5,29,5,45,62,62344,D69,50.523986,2.343037,Plein jour,En agglomération,Hors intersection,Normale,Autre collision,3,2,2,0,1,4,1,0,3,50,1,5,0,2,2,1,19.0,,voiture,,1,2,1,1,6
202300022485,2023-03-09 11:40:00,2023,3,9,11,40,75,75116,BOULEVARD MURAT,48.845354,2.257555,Plein jour,En agglomération,Intersection en X,Normale,Deux véhicules - côté,4,3,8,0,1,1,1,0,1,30,2,2,1,0,0,1,35.0,33.0,voiture,deux_roues,1,2,2,1,3
202300022485,2023-03-09 11:40:00,2023,3,9,11,40,75,75116,BOULEVARD MURAT,48.845354,2.257555,Plein jour,En agglomération,Intersection en X,Normale,Deux véhicules - côté,4,2,2,0,1,1,1,0,1,30,2,2,1,0,0,1,35.0,33.0,voiture,deux_roues,1,2,2,1,3
202300022486,2023-11-17 18:30:00,2023,11,17,18,30,60,60500,Route de Paris,49.09699582,2.74993587,Nuit sans éclairage public,En agglomération,Giratoire,Pluie légère,Autre collision,3,2,2,0,1,1,2,5,1,30,2,2,1,0,0,1,32.0,29.0,deux_roues,voiture,3,2,6,2,6
202300022487,2023-01-27 14:30:00,2023,1,27,14,30,64,64445,rue Carnot,43.29999,-0.36979,Plein jour,En agglomération,Intersection en X,Temps couvert,Deux véhicules - côté,4,1,2,1,1,1,2,0,5,30,2,2,1,0,0,1,52.0,39.0,voiture,deux_roues,1,2,2,8,3
202300022487,2023-01-27 14:30:00,2023,1,27,14,30,64,64445,rue Carnot,43.29999,-0.36979,Plein jour,En agglomération,Intersection en X,Temps couvert,Deux véhicules - côté,4,2,2,-1,1,1,2,5,1,-1,2,2,1,0,0,1,52.0,39.0,voiture,deux_roues,1,2,2,8,3
202300022488,2023-03-10 07:00:00,2023,3,10,7,0,75,75113,RUE JEAN ANTOINE DE BAIF,48.828115,2.384862,Crépuscule ou aube,En agglomération,Intersection en T,Pluie légère,Deux véhicules - côté,4,1,2,1,1,1,2,-1,5,30,2,2,1,0,0,1,57.0,62.0,deux_roues,voiture,2,2,3,2,3
202300022488,2023-03-10 07:00:00,2023,3,10,7,0,75,75113,RUE JEAN ANTOINE DE BAIF,48.828115,2.384862,Crépuscule ou aube,En agglomération,Intersection en T,Pluie légère,Deux véhicules - côté,4,2,2,1,1,1,2,-1,5,30,2,2,1,0,0,1,57.0,62.0,deux_roues,voiture,2,2,3,2,3
202300022489,2023-05-28 18:05:00,2023,5,28,18,5,62,62463,D128,50.56070445,1.90393097,Plein jour,Hors agglomération,Intersection en Y,Normale,Deux véhicules - côté,3,2,2,0,1,2,1,0,1,80,2,2,1,0,1,0,23.0,47.0,voiture,deux_roues,1,1,4,1,3
202300022489,2023-05-28 18:05:00,2023,5,28,18,5,62,62463,D128,50.56070445,1.90393097,Plein jour,Hors agglomération,Intersection en Y,Normale,Deux véhicules - côté,3,2,2,0,1,1,1,0,1,80,2,2,1,0,1,0,23.0,47.0,voiture,deux_roues,1,1,4,1,3
202300022490,2023-01-27 13:55:00,2023,1,27,13,55,64,64102,PANNECAU (RUE),43.48976,-1.472,Plein jour,En agglomération,Hors intersection,Normale,Autre collision,4,1,1,3,1,1,1,0,1,30,1,2,1,0,1,0,39.0,,utilitaire_camion,,1,2,1,1,6
202300022491,2023-11-17 07:24:00,2023,11,17,7,24,60,60141,Quai de la Canardiere,49.19513947,2.46441633,Crépuscule ou aube,En agglomération,Hors intersection,Normale,Deux véhicules - côté,4,2,2,0,1,1,2,0,1,50,2,2,1,0,0,1,67.0,60.0,voiture,deux_roues,2,2,1,1,3
202300022492,2023-03-10 20:55:00,2023,3,10,20,55,75,75111,BOULEVARD VOLTAIRE,48.855654,2.383753,Nuit avec éclairage allumé,En agglomération,Hors intersection,Pluie légère,Autre collision,4,2,4,1,1,1,2,-1,5,30,1,2,0,0,0,2,28.0,,deux_roues,,5,2,1,2,6
202300022493,2023-05-27 15:06:00,2023,5,27,15,6,62,62376,D182,50.560001,2.553195,Plein jour,Hors agglomération,Hors intersection,Temps éblouissant,Sans collision,3,2,2,0,1,2,1,0,3,80,1,1,0,0,1,0,30.0,,deux_roues,,1,1,1,7,7
202300022494,2023-01-27 07:50:00,2023,1,27,7,50,63,63113,SABLON (COURS),45.77475278,3.09004024,Nuit avec éclairage allumé,En agglomération,Hors intersection,Normale,Autre collision,4,2,4,0,1,1,1,0,1,50,1,2,1,0,0,1,50.0,,utilitaire_camion,,5,2,1,1,6
202300022495,2023-05-28 12:55:00,2023,5,28,12,55,83,83057,Dn7 PK 44.980,43.37668507,6.19612464,Plein jour,Hors agglomération,Hors intersection,Normale,Sans collision,3,3,4,0,1,1,1,9,8,110,1,1,0,0,1,0,38.0,,voiture,,1,1,1,1,7
202300022496,2023-11-15 15:10:00,2023,11,15,15,10,59,59034,D549,50.53435,3.084943,Plein jour,En agglomération,Giratoire,Normale,Deux véhicules - côté,3,1,2,0,1,3,1,0,1,50,2,2,1,0,1,0,80.0,51.0,voiture,deux_roues,1,2,6,1,3
202300022497,2023-03-10 08:20:00,2023,3,10,8,20,75,75111,BOULEVARD BEAUMARCHAIS,48.859494,2.36766,Plein jour,En agglomération,Intersection en T,Temps couvert,Deux véhicules - côté,4,2,2,0,1,1,2,0,1,30,2,2,1,0,0,1,29.0,56.0,deux_roues,voiture,1,2,3,8,3
202300022497,2023-03-10 08:20:00,2023,3,10,8,20,75,75111,BOULEVARD BEAUMARCHAIS,48.859494,2.36766,Plein jour,En agglomération,Intersection en T,Temps couvert,Deux véhicules - côté,4,2,2,0,1,1,2,0,1,30,2,2,1,0,0,1,29.0,56.0,deux_roues,voiture,1,2,3,8,3
202300022498,2023-01-27 07:40:00,2023,1,27,7,40,62,62737,D937,50.44354,2.69398,Crépuscule ou aube,En agglomération,Hors intersection,Pluie légère,Trois véhicules et plus - en chaîne,3,2,2,0,1,1,2,0,1,50,3,3,2,0,0,1,32.0,37.0,voiture,voiture,2,2,1,2,4
202300022499,2023-03-10 20:09:00,2023,3,10,20,9,75,75108,AVENUE DES CHAMPS ELYSEES,48.87273772,2.29829103,Nuit avec éclairage allumé,En agglomération,Hors intersection,Normale,Autre collision,4,2,8,1,2,1,1,-1,5,50,1,2,1,0,0,1,43.0,,deux_roues,,5,2,1,1,6
202300022500,2023-10-15 06:20:00,2023,10,15,6,20,13,13213,A507 sens Aubagne- Marseille,43.32436,5.42258,Nuit avec éclairage allumé,Hors agglomération,Hors intersection,Normale,Deux véhicules - côté,1,1,2,0,2,2,1,0,1,70,2,3,1,0,0,2,33.0,41.0,voiture,voiture,5,1,1,1,3
202300022501,2023-05-28 22:20:00,2023,5,28,22,20,76,76177,D151,49.600299,1.177613,Nuit sans éclairage public,Hors agglomération,Intersection en X,Normale,Deux véhicules - côté,3,2,2,0,1,1,1,5,1,-1,2,7,6,0,1,0,38.0,38.0,voiture,utilitaire_camion,3,1,2,1,3
202300022501,2023-05-28 22:20:00,2023,5,28,22,20,76,76177,D151,49.600299,1.177613,Nuit sans éclairage public,Hors agglomération,Intersection en X,Normale,Deux véhicules - côté,3,2,2,0,1,1,1,5,1,80,2,7,6,0,1,0,38.0,38.0,voiture,utilitaire_camion,3,1,2,1,3
202300022502,2023-01-25 16:50:00,2023,1,25,16,50,62,62193,Rue du Beau Marais,50.94373,1.88818,Plein jour,En agglomération,Hors intersection,Temps couvert,Deux véhicules - arrière,4,2,0,0,1,1,1,0,1,50,2,2,1,0,0,1,52.0,49.0,voiture,deux_roues,1,2,1,8,2
202300022503,2023-03-09 19:55:00,2023,3,9,19,55,75,75108,AVENUE GEORGE V,48.871022,2.300897,Nuit avec éclairage allumé,En agglomération,Intersection en T,Pluie légère,Autre collision,4,2,3,0,1,1,2,0,1,30,1,2,1,0,0,1,,,voiture,,5,2,3,2,6
202300022503,2023-03-09 19:55:00,2023,3,9,19,55,75,75108,AVENUE GEORGE V,48.871022,2.300897,Nuit avec éclairage allumé,En agglomération,Intersection en T,Pluie légère,Autre collision,4,1,1,0,2,1,2,0,1,30,1,2,1,0,0,1,,,voiture,,5,2,3,2,6
202300022504,2023-11-16 17:55:00,2023,11,16,17,55,83,83126,A50,43.12011048,5.8652004,Nuit sans éclairage public,Hors agglomération,Hors intersection,Normale,Deux véhicules - arrière,1,3,6,0,1,1,1,0,1,90,2,2,0,0,0,2,41.0,51.0,voiture,voiture,3,1,1,1,2
202300022505,2023-03-10 10:49:00,2023,3,10,10,49,75,75104,RUE DES ARCHIVES,48.856949,2.353841,Plein jour,En agglomération,Intersection en X,Normale,Autre collision,4,2,4,0,1,1,1,0,1,30,1,2,1,0,1,0,33.0,,deux_roues,,1,2,2,1,6
202300022505,2023-03-10 10:49:00,2023,3,10,10,49,75,75104,RUE DES ARCHIVES,48.856949,2.353841,Plein jour,En agglomération,Intersection en X,Normale,Autre collision,4,1,1,0,1,1,1,0,1,30,1,2,1,0,1,0,33.0,,deux_roues,,1,2,2,1,6
202300022506,2023-05-28 10:30:00,2023,5,28,10,30,2A,2A130,RT40,41.875537,8.933773,Plein jour,Hors agglomération,Hors intersection,Normale,Trois véhicules et plus - collisions multiples,2,2,2,0,2,1,1,0,1,90,3,3,2,0,1,0,63.0,61.0,voiture,deux_roues,1,1,1,1,5