accident_id,datetime,annee,mois,jour,heure,minute,departement,commune_insee,adresse,latitude,longitude,luminosite,agglomeration,intersection,meteo,collision,catr,circ,nbv,vosp,prof,plan,surf,infra,situ,vma,nb_vehicules,nb_usagers,nb_indemnes,nb_tues,nb_blesses_hosp,nb_blesses_legers,age_cond_1,age_cond_2,veh_type_cond_1,veh_type_cond_2,lum_code,agg_code,int_code,atm_code,col_code
202300022646,2023-11-14 13:05:00,2023,11,14,13,5,82,82121,avenue du 19 août 1944,44.02314,1.36258,Plein jour,En agglomération,Hors intersection,Normale,Deux véhicules - côté,4,2,3,0,2,1,1,0,1,50,2,2,1,0,0,1,52.0,17.0,voiture,deux_roues,1,2,1,1,3
202300022647,2023-05-29 11:00:00,2023,5,29,11,0,971,97108,Lieu Dit Ravine des Cayes,15.872537,-61.249734,Plein jour,Hors agglomération,Hors intersection,Normale,Deux véhicules - frontale,3,2,2,0,1,2,1,0,1,80,2,7,0,1,6,0,66.0,62.0,voiture,voiture,1,1,1,1,1
202300022648,2023-01-27 18:00:00,2023,1,27,18,0,75,75101,AVENUE DE L OPERA,48.864632,2.334908,Nuit avec éclairage allumé,En agglomération,Intersection en Y,Normale,Deux véhicules - côté,4,2,4,3,1,1,1,0,1,30,2,2,1,0,0,1,37.0,57.0,deux_roues,voiture,5,2,4,1,3
202300022648,2023-01-27 18:00:00,2023,1,27,18,0,75,75101,AVENUE DE L OPERA,48.864632,2.334908,Nuit avec éclairage allumé,En agglomération,Intersection en Y,Normale,Deux véhicules - côté,4,2,3,3,1,1,1,0,1,30,2,2,1,0,0,1,37.0,57.0,deux_roues,voiture,5,2,4,1,3
202300022649,2023-11-15 08:55:00,2023,11,15,8,55,81,81021,THORE,43.50996,2.36379,Plein jour,En agglomération,Hors intersection,Temps couvert,Deux véhicules - arrière,2,2,2,0,1,1,1,0,1,50,2,2,1,0,0,1,17.0,,deux_roues,voiture,1,2,1,8,2
202300022650,2023-02-26 18:15:00,2023,2,26,18,15,67,67303,44 Rue Principale,48.899184,7.740244,Nuit avec éclairage allumé,En agglomération,Hors intersection,Normale,Sans collision,6,-1, -1,0,2,2,1,0,8,30,1,1,0,0,1,0,57.0,,voiture,,5,2,1,1,7
202300022651,2023-05-27 14:28:00,2023,5,27,14,28,37,37118,D16,47.217878,0.254703,Plein jour,Hors agglomération,Hors intersection,Normale,Sans collision,3,2,2,0,1,1,1,0,3,90,1,4,2,0,1,1,69.0,,voiture,,1,1,1,1,7
202300022652,2023-01-27 16:35:00,2023,1,27,16,35,75,75103,BOULEVARD SAINT MARTIN,48.868986,2.355576,Plein jour,En agglomération,Intersection en X,Temps couvert,Autre collision,4,2,5,2,1,1,1,0,1,30,1,2,1,0,0,1,26.0,,deux_roues,,1,2,2,8,6
202300022652,2023-01-27 16:35:00,2023,1,27,16,35,75,75103,BOULEVARD SAINT MARTIN,48.868986,2.355576,Plein jour,En agglomération,Intersection en X,Temps couvert,Autre collision,4,1,3,3,1,1,1,0,1,30,1,2,1,0,0,1,26.0,,deux_roues,,1,2,2,8,6
202300022653,2023-03-11 05:30:00,2023,3,11,5,30,57,57350,Rue de Metz,49.070846,6.088023,Nuit avec éclairage allumé,En agglomération,Hors intersection,Normale,Autre collision,3,2,2,0,1,1,2,0,1,50,1,2,1,0,1,0,22.0,,voiture,,5,2,1,1,6
202300022654,2023-11-15 21:55:00,2023,11,15,21,55,81,81065,MONTREVEIL (CHE.DE),43.5935792,2.21261534,Nuit avec éclairage allumé,En agglomération,Intersection en T,Temps couvert,Sans collision,4,2,2,0,1,1,1,0,1,50,1,1,0,0,0,1,18.0,,deux_roues,,5,2,3,8,7
202300022654,2023-11-15 21:55:00,2023,11,15,21,55,81,81065,MONTREVEIL (CHE.DE),43.5935792,2.21261534,Nuit avec éclairage allumé,En agglomération,Intersection en T,Temps couvert,Sans collision,4,2,2,0,1,1,1,5,1,50,1,1,0,0,0,1,18.0,,deux_roues,,5,2,3,8,7
202300022655,2023-01-27 17:55:00,2023,1,27,17,55,94,94081,Avenue de la Commune de Paris / Rue Mario Capra,48.78366,2.39025,Nuit avec éclairage allumé,En agglomération,Intersection en X,Normale,Autre collision,4,2,2,0,1,1,1,0,1,50,1,3,2,0,0,1,37.0,,voiture,,5,2,2,1,6
202300022655,2023-01-27 17:55:00,2023,1,27,17,55,94,94081,Avenue de la Commune de Paris / Rue Mario Capra,48.78366,2.39025,Nuit avec éclairage allumé,En agglomération,Intersection en X,Normale,Autre collision,4,3,2,0,2,1,1,0,8,50,1,3,2,0,0,1,37.0,,voiture,,5,2,2,1,6
202300022656,2023-12-21 02:30:00,2023,12,21,2,30,93,93010,AUTOROUTE A3,48.90302,2.47125,Nuit sans éclairage public,Hors agglomération,Hors intersection,Pluie légère,Autre collision,1,-1,3,0,1,1,2,0,1,50,1,1,0,0,0,1,56.0,,voiture,,3,1,1,2,6
202300022657,2023-05-26 14:35:00,2023,5,26,14,35,91,91200,Rue de Bonniveau,48.533107,2.001448,Plein jour,En agglomération,Intersection en T,Normale,Trois véhicules et plus - collisions multiples,3,2,2,0,2,1,1,0,1,50,3,4,2,0,0,2,73.0,12.0,voiture,deux_roues,1,2,3,1,5
202300022657,2023-05-26 14:35:00,2023,5,26,14,35,91,91200,Rue de Bonniveau,48.533107,2.001448,Plein jour,En agglomération,Intersection en T,Normale,Trois véhicules et plus - collisions multiples,3,2,2,0,1,1,1,0,1,50,3,4,2,0,0,2,73.0,12.0,voiture,deux_roues,1,2,3,1,5
202300022658,2023-11-15 14:15:00,2023,11,15,14,15,78,78551,BOUFFLERS (DE),48.89893,2.0732,Plein jour,En agglomération,Hors intersection,Normale,Deux véhicules - frontale,4,2,2,0,1,1,1,0,1,50,2,2,1,0,1,0,53.0,53.0,voiture,deux_roues,1,2,1,1,1
202300022659,2023-01-27 08:25:00,2023,1,27,8,25,94,94078,Avenue de l'Europe / Avenue Léo Lagrange,48.730857,2.457938,Crépuscule ou aube,En agglomération,Intersection en X,Pluie légère,Deux véhicules - côté,3,3,4,0,1,1,2,5,1,50,2,2,1,0,0,1,49.0,43.0,deux_roues,voiture,2,2,2,2,3
202300022659,2023-01-27 08:25:00,2023,1,27,8,25,94,94078,Avenue de l'Europe / Avenue Léo Lagrange,48.730857,2.457938,Crépuscule ou aube,En agglomération,Intersection en X,Pluie légère,Deux véhicules - côté,3,2,2,0,1,1,2,0,1,-1,2,2,1,0,0,1,49.0,43.0,deux_roues,voiture,2,2,2,2,3
202300022660,2023-01-26 10:45:00,2023,1,26,10,45,94,94068,Avenue du Bac,48.793131,2.515658,Plein jour,En agglomération,Hors intersection,Normale,Autre collision,3,2,2,0,1,1,1,0,1,30,1,2,1,0,0,1,55.0,,voiture,,1,2,1,1,6
202300022661,2023-05-27 17:15:00,2023,5,27,17,15,66,66145,,42.638,2.8197698,Plein jour,Hors agglomération,Hors intersection,Normale,Deux véhicules - arrière,3,2,2,0,1,2,1,0,1,90,2,3,2,0,1,0,64.0,19.0,voiture,voiture,1,1,1,1,2
202300022662,2023-01-26 17:20:00,2023,1,26,17,20,94,94052,HEROS NOGENTAIS (R DES),48.838058,2.48429,Nuit avec éclairage allumé,En agglomération,Intersection en X,Pluie légère,Autre collision,4,-1,1,0,1,1,2,0,1,30,1,1,0,0,0,1,23.0,,voiture,,5,2,2,2,6
202300022662,2023-01-26 17:20:00,2023,1,26,17,20,94,94052,HEROS NOGENTAIS (R DES),48.838058,2.48429,Nuit avec éclairage allumé,En agglomération,Intersection en X,Pluie légère,Autre collision,4,-1,1,0,1,3,2,0,1,30,1,1,0,0,0,1,23.0,,voiture,,5,2,2,2,6
202300022663,2023-11-15 19:02:00,2023,11,15,19,2,78,78440,AMPERE (RUE),48.996849,1.913134,Nuit avec éclairage allumé,En agglomération,Giratoire,Normale,Deux véhicules - côté,3,1,2,0,1,2,2,5,1,50,2,4,1,0,0,3,39.0,35.0,voiture,voiture,5,2,6,1,3
202300022663,2023-11-15 19:02:00,2023,11,15,19,2,78,78440,AMPERE (RUE),48.996849,1.913134,Nuit avec éclairage allumé,En agglomération,Giratoire,Normale,Deux véhicules - côté,3,1,2,0,1,2,2,5,1,50,2,4,1,0,0,3,39.0,35.0,voiture,voiture,5,2,6,1,3
202300022664,2023-12-20 12:45:00,2023,12,20,12,45,93,93007,AUTOROUTE A1,48.94805022,2.44448841,Plein jour,Hors agglomération,Hors intersection,Normale,Trois véhicules et plus - en chaîne,1,4,4,0,1,2,1,1,1,90,5,6,5,0,0,1,44.0,56.0,voiture,voiture,1,1,1,1,4
202300022665,2023-01-27 16:00:00,2023,1,27,16,0,94,94065,N186B,48.75379,2.35656,Plein jour,Hors agglomération,Hors intersection,Normale,Deux véhicules - arrière,2,1,2,0,1,1,1,0,1,90,2,2,1,0,0,1,35.0,26.0,voiture,deux_roues,1,1,1,1,2
202300022666,2023-05-29 15:10:00,2023,5,29,15,10,30,30330,,44.027052,4.006383,Plein jour,Hors agglomération,Hors intersection,Normale,Trois véhicules et plus - collisions multiples,3,2,2,0,1,1,1,0,1,80,3,3,2,1,0,0,59.0,69.0,voiture,voiture,1,1,1,1,5
202300022667,2023-11-15 10:45:00,2023,11,15,10,45,78,78440,LA HAYE,48.996338,1.907954,Plein jour,En agglomération,Hors intersection,Normale,Autre collision,4,2,2,0,1,1,1,0,1,30,1,2,1,0,1,0,60.0,,voiture,,1,2,1,1,6
202300022668,2023-01-26 13:23:00,2023,1,26,13,23,94,94079,Rue de Chennevières,48.81938225,2.53955975,Plein jour,En agglomération,Intersection en T,Pluie légère,Autre collision,3,2,2,0,1,1,2,6,1,50,1,2,1,0,0,1,31.0,,voiture,,1,2,3,2,6
202300022668,2023-01-26 13:23:00,2023,1,26,13,23,94,94079,Rue de Chennevières,48.81938225,2.53955975,Plein jour,En agglomération,Intersection en T,Pluie légère,Autre collision,3,1,1,-1,1,1,2,0,1,-1,1,2,1,0,0,1,31.0,,voiture,,1,2,3,2,6
202300022669,2023-05-28 22:30:00,2023,5,28,22,30,30,30330,,44.030562,4.003422,Nuit sans éclairage public,Hors agglomération,Hors intersection,Normale,Autre collision,3,2,2,0,1,2,1,0,3,80,1,2,0,0,2,0,34.0,,voiture,,3,1,1,1,6
202300022670,2023-11-15 17:40:00,2023,11,15,17,40,77,77390,D361,48.79925,2.63866,Nuit avec éclairage allumé,En agglomération,Hors intersection,Normale,Autre collision,3,3,2,3,1,1,1,0,1,50,1,3,1,0,0,2,75.0,,voiture,,5,2,1,1,6
202300022671,2023-12-21 20:00:00,2023,12,21,20,0,94,94018,A4,48.82392287,2.39473975,Nuit sans éclairage public,Hors agglomération,Hors intersection,Normale,Trois véhicules et plus - en chaîne,1,3,10,0,1,1,1,0,1,90,4,4,2,0,0,2,25.0,43.0,voiture,voiture,3,1,1,1,4
202300022672,2023-01-27 17:20:00,2023,1,27,17,20,93,93032,Avenue Jean Jaurès,48.88323576,2.5282985,Nuit avec éclairage allumé,En agglomération,Hors intersection,Normale,Autre collision,3,2,2,0,2,1,1,0,1,50,1,2,1,0,0,1,62.0,,voiture,,5,2,1,1,6
202300022673,2023-05-29 15:00:00,2023,5,29,15,0,06,06154,Route Departementale 2,43.792451,6.66254,Plein jour,En agglomération,Hors intersection,Pluie légère,Autre collision,3,2,2,0,1,1,2,2,8,50,1,1,0,0,1,0,36.0,,voiture,,1,2,1,2,6
202300022674,2023-12-20 12:20:00,2023,12,20,12,20,974,97411,LIMITES (RUE DES),-20.8775,55.4563,Plein jour,En agglomération,Hors intersection,Normale,Autre collision,4,1,2,0,1,1,1,6,1,50,1,2,1,0,0,1,64.0,,voiture,,1,2,1,1,6
202300022675,2023-01-27 18:10:00,2023,1,27,18,10,93,93031,Route de Saint-leu,48.94699,2.34516,Crépuscule ou aube,En agglomération,Hors intersection,Normale,Deux véhicules - arrière,3,2,2,0,1,1,1,0,1,50,2,3,2,0,0,1,31.0,44.0,transport_commun,voiture,2,2,1,1,2
202300022676,2023-05-28 11:40:00,2023,5,28,11,40,68,68106,D13bvi,47.876789,7.117188,Plein jour,Hors agglomération,Autre intersection,Normale,Deux véhicules - côté,3,2,2,0,2,1,1,0,1,-1,2,2,1,0,0,1,61.0,16.0,voiture,deux_roues,1,1,9,1,3
202300022677,2023-01-27 05:50:00,2023,1,27,5,50,93,93010,Avenue Galliéni / Route d'Aulnay,48.90573811,2.48031646,Nuit avec éclairage allumé,En agglomération,Intersection en X,Normale,Deux véhicules - côté,3,3,8,0,1,1,1,0,1,50,2,3,1,0,0,2,32.0,50.0,voiture,voiture,5,2,2,1,3
202300022677,2023-01-27 05:50:00,2023,1,27,5,50,93,93010,Avenue Galliéni / Route d'Aulnay,48.90573811,2.48031646,Nuit avec éclairage allumé,En agglomération,Intersection en X,Normale,Deux véhicules - côté,3,2,2,-1,1,1,1,0,1,-1,2,3,1,0,0,2,32.0,50.0,voiture,voiture,5,2,2,1,3
202300022678,2023-05-29 16:15:00,2023,5,29,16,15,55,55351,D643,49.497504,5.390969,Plein jour,Hors agglomération,Intersection en T,Normale,Deux véhicules - frontale,3,2,2,0,1,1,1,0,1,90,2,2,1,0,1,0,63.0,28.0,voiture,deux_roues,1,1,3,1,1
202300022678,2023-05-29 16:15:00,2023,5,29,16,15,55,55351,D643,49.497504,5.390969,Plein jour,Hors agglomération,Intersection en T,Normale,Deux véhicules - frontale,3,2, -1,-1,1,1,1,0,1,-1,2,2,1,0,1,0,63.0,28.0,voiture,deux_roues,1,1,3,1,1
202300022679,2023-12-20 08:40:00,2023,12,20,8,40,974,97411,LECONTE DE LISLE (AVENUE),-20.89522,55.48888,Plein jour,En agglomération,Intersection en X,Pluie légère,Deux véhicules - côté,4,2,0,0,1,1,2,0,1,50,2,2,1,0,1,0,38.0,64.0,voiture,deux_roues,1,2,2,2,3
202300022679,2023-12-20 08:40:00,2023,12,20,8,40,974,97411,LECONTE DE LISLE (AVENUE),-20.89522,55.48888,Plein jour,En agglomération,Intersection en X,Pluie légère,Deux véhicules - côté,4,2,2,0,1,1,2,0,1,50,2,2,1,0,1,0,38.0,64.0,voiture,deux_roues,1,2,2,2,3
202300022680,2023-11-15 14:30:00,2023,11,15,14,30,76,76322,Rue Guy de Maupassant,49.416562,1.037879,Plein jour,En agglomération,Intersection en X,Normale,Deux véhicules - côté,4,2,2,0,1,1,1,-1,1,50,2,2,1,0,0,1,24.0,37.0,voiture,deux_roues,1,2,2,1,3
202300022680,2023-11-15 14:30:00,2023,11,15,14,30,76,76322,Rue Guy de Maupassant,49.416562,1.037879,Plein jour,En agglomération,Intersection en X,Normale,Deux véhicules - côté,4,1,2,0,1,1,1,0,1,50,2,2,1,0,0,1,24.0,37.0,voiture,deux_roues,1,2,2,1,3
202300022681,2023-01-26 11:45:00,2023,1,26,11,45,93,93010,20 Route de Villemomble,48.8937129,2.47929722,Plein jour,En agglomération,Hors intersection,Temps couvert,Autre collision,4,2,2,0,1,1,1,0,1,50,1,2,1,0,0,1,30.0,,utilitaire_camion,,1,2,1,8,6
202300022682,2023-12-19 20:00:00,2023,12,19,20,0,973,97302,MERE THERESA (rue),4.93427,-52.31378,Nuit avec éclairage allumé,En agglomération,Hors intersection,Normale,Sans collision,4,2,2,0,1,1,1,0,1,50,1,2,1,0,0,1,20.0,,voiture,,5,2,1,1,7
202300022683,2023-01-27 14:17:00,2023,1,27,14,17,92,92051,"SAUSSAYE (BOULEVARD DE LA, N° 7 A 61 ET",48.89030368,2.26473123,Plein jour,En agglomération,Hors intersection,Normale,Autre collision,4,2,2,0,1,1,1,0,1,50,1,2,1,0,0,1,88.0,,voiture,,1,2,1,1,6
202300022684,2023-05-28 22:50:00,2023,5,28,22,50,03,03243,Route de Montmarault,46.321986,2.996703,Nuit sans éclairage public,Hors agglomération,Hors intersection,Normale,Deux véhicules - frontale,3,2,2,0,1,1,1,0,1,90,2,5,0,0,4,1,39.0,41.0,voiture,voiture,3,1,1,1,1
202300022685,2023-11-14 17:15:00,2023,11,14,17,15,71,71076,HUIT MAI 1945 (AVENUE),46.79454,4.8386,Nuit sans éclairage public,En agglomération,Hors intersection,Pluie légère,Trois véhicules et plus - en chaîne,3,2,4,0,1,1,2,0,1,70,3,3,2,0,0,1,53.0,19.0,voiture,voiture,3,2,1,2,4
202300022686,2023-01-27 08:40:00,2023,1,27,8,40,92,92040,RODIN (BOULEVARD),48.82011,2.26121,Plein jour,En agglomération,Hors intersection,Normale,Autre collision,3,2,0,0,4,1,1,0,1,50,1,2,1,0,0,1,56.0,,deux_roues,,1,2,1,1,6
202300022687,2023-12-19 15:15:00,2023,12,19,15,15,973,97302,MANGO (ROUTE),4.92958676,-52.31513366,Plein jour,En agglomération,Intersection en Y,Normale,Deux véhicules - côté,3,2,2,0,1,1,1,0,1,50,2,2,1,0,0,1,50.0,52.0,utilitaire_camion,deux_roues,1,2,4,1,3
202300022687,2023-12-19 15:15:00,2023,12,19,15,15,973,97302,MANGO (ROUTE),4.92958676,-52.31513366,Plein jour,En agglomération,Intersection en Y,Normale,Deux véhicules - côté,3,2,2,0,1,1,1,0,1,50,2,2,1,0,0,1,50.0,52.0,utilitaire_camion,deux_roues,1,2,4,1,3
202300022688,2023-01-27 17:20:00,2023,1,27,17,20,92,92026,BELFORT,48.89529,2.24661,Plein jour,En agglomération,Hors intersection,Normale,Autre collision,4,-1,1,0,1,1,1,0,4,30,1,2,1,0,0,1,20.0,,deux_roues,,1,2,1,1,6
202300022689,2023-11-15 15:50:00,2023,11,15,15,50,67,67482,BOURGOGNE (RUE DE),48.54874,7.74924,Plein jour,En agglomération,Intersection en T,Normale,Autre collision,4,2,2,1,1,1,1,0,1,50,1,2,1,0,0,1,28.0,,transport_commun,,1,2,3,1,6
202300022689,2023-11-15 15:50:00,2023,11,15,15,50,67,67482,BOURGOGNE (RUE DE),48.54874,7.74924,Plein jour,En agglomération,Intersection en T,Normale,Autre collision,4,2,2,0,1,1,1,0,8,30,1,2,1,0,0,1,28.0,,transport_commun,,1,2,3,1,6
202300022690,2023-05-29 09:50:00,2023,5,29,9,50,38,38349,Route de l?Ecluse,45.307953,4.801674,Plein jour,Hors agglomération,Intersection en X,Normale,Deux véhicules - côté,4,-1,2,0,1,1,1,0,1,50,2,4,3,0,1,0,37.0,16.0,voiture,deux_roues,1,1,2,1,3
202300022690,2023-05-29 09:50:00,2023,5,29,9,50,38,38349,Route de l?Ecluse,45.307953,4.801674,Plein jour,Hors agglomération,Intersection en X,Normale,Deux véhicules - côté,4,2,2,0,1,1,1,0,1,50,2,4,3,0,1,0,37.0,16.0,voiture,deux_roues,1,1,2,1,3
202300022691,2023-12-19 15:40:00,2023,12,19,15,40,973,97302,VOLTAIRE(AVENUE),4.94310528,-52.31930584,Plein jour,En agglomération,Hors intersection,Normale,Autre collision,3,1,2,0,1,1,1,0,1,30,1,2,1,0,0,1,60.0,,voiture,,1,2,1,1,6
202300022692,2023-01-27 08:35:00,2023,1,27,8,35,92,92012,SILLY (RUE DE) 1/87 - 2/88,48.83842337,2.23218262,Crépuscule ou aube,En agglomération,Hors intersection,Temps couvert,Trois véhicules et plus - collisions multiples,4,2,2,2,1,1,1,0,1,50,3,3,2,0,0,1,50.0,62.0,voiture,deux_roues,2,2,1,8,5
202300022693,2023-05-27 17:40:00,2023,5,27,17,40,65,65123,route du col de Tourmalet,42.965099,0.230289,Plein jour,Hors agglomération,Hors intersection,Normale,Sans collision,3,2,2,0,2,3,1,0,1,50,1,1,0,0,0,1,57.0,,deux_roues,,1,1,1,1,7
202300022694,2023-11-13 18:20:00,2023,11,13,18,20,67,67482,VIEUX MARCHE AUX POISSONS (RUE DU),48.58084,7.74935,Nuit avec éclairage allumé,En agglomération,Hors intersection,Pluie légère,Autre collision,4,1,2,2,2,1,2,0,4,30,1,2,1,0,0,1,19.0,,voiture,,5,2,1,2,6
202300022695,2023-12-19 11:40:00,2023,12,19,11,40,973,97302,MORTIN (CITE),4.91433,-52.32563,Plein jour,En agglomération,Hors intersection,Normale,Autre collision,4,1,1,0,1,1,1,6,6,30,1,2,1,0,0,1,35.0,,deux_roues,,1,2,1,1,6
202300022696,2023-01-28 12:45:00,2023,1,28,12,45,60,60242,D901,49.58738409,1.95428871,Plein jour,En agglomération,Hors intersection,Normale,Deux véhicules - arrière,3,2,2,0,1,1,1,0,1,30,2,6,5,0,0,1,51.0,35.0,autre,autre,1,2,1,1,2
202300022697,2023-05-29 18:40:00,2023,5,29,18,40,64,64478,CHEMIN LAS HIES,43.271636,-0.438123,Plein jour,Hors agglomération,Autre intersection,Normale,Sans collision,3,2,2,0,1,2,1,0,3,80,1,2,0,0,0,2,29.0,,voiture,,1,1,9,1,7
202300022698,2023-11-14 18:30:00,2023,11,14,18,30,66,66136,MERMOZ (AVENUE JEAN),42.69605,2.9056,Plein jour,En agglomération,Intersection en T,Normale,Autre collision,4,2,2,0,1,1,1,5,1,50,1,2,1,0,1,0,96.0,,voiture,,1,2,3,1,6
202300022699,2023-12-20 16:50:00,2023,12,20,16,50,972,97213,AUTOROUTE A1,14.61827978,-61.03453824,Plein jour,Hors agglomération,Hors intersection,Normale,Deux véhicules - côté,1,2,3,0,1,1,1,0,1,90,2,2,1,0,0,1,23.0,58.0,voiture,deux_roues,1,1,1,1,3
202300022700,2023-01-28 07:00:00,2023,1,28,7,0,976,97610,Trevani,-12.729203,45.190394,Plein jour,Hors agglomération,Hors intersection,Normale,Deux véhicules - frontale,2,2,2,0,1,1,1,0,1,70,2,2,0,0,0,2,29.0,27.0,voiture,voiture,1,1,1,1,1
202300022701,2023-11-14 16:12:00,2023,11,14,16,12,66,66136,Avenue Général GILLES,42.69826,2.92823,Plein jour,En agglomération,Hors intersection,Normale,Autre collision,4,2,2,0,1,1,1,0,1,50,1,2,1,0,0,1,81.0,,voiture,,1,2,1,1,6
202300022702,2023-01-28 02:30:00,2023,1,28,2,30,973,97353,Piste Abdalah,3.641128,-54.0394,Nuit sans éclairage public,En agglomération,Hors intersection,Normale,Sans collision,4,2,1,0,1,1,1,0,1,50,1,1,0,1,0,0,60.0,,deux_roues,,3,2,1,1,7
202300022703,2023-05-28 18:30:00,2023,5,28,18,30,59,59400,Rue Cappelboom,50.667321,2.600058,Plein jour,Hors agglomération,Hors intersection,Temps éblouissant,Deux véhicules - frontale,4,2,2,0,1,4,1,0,1,80,2,4,2,0,1,1,31.0,18.0,voiture,deux_roues,1,1,1,7,1
202300022704,2023-12-20 07:24:00,2023,12,20,7,24,972,97213,ROUTE DEPARTEMENTALE 14,14.62011,-61.0215,Plein jour,Hors agglomération,Giratoire,Normale,Deux véhicules - frontale,3,2,2,0,1,1,1,6,1,50,2,3,2,0,0,1,19.0,37.0,voiture,voiture,1,1,6,1,1
202300022705,2023-11-16 00:30:00,2023,11,16,0,30,64,64545,,43.38481,-1.6977,Nuit sans éclairage public,Hors agglomération,Hors intersection,Normale,Sans collision,3,2,3,0,3,3,1,0,8,70,1,2,1,0,0,1,56.0,,voiture,,3,1,1,1,7
202300022706,2023-01-26 11:25:00,2023,1,26,11,25,62,62645,D940,50.978456,2.046167,Plein jour,En agglomération,Intersection en X,Normale,Deux véhicules - côté,3,2,2,0,1,1,1,0,1,50,2,3,2,0,0,1,72.0,70.0,voiture,voiture,1,2,2,1,3
202300022706,2023-01-26 11:25:00,2023,1,26,11,25,62,62645,D940,50.978456,2.046167,Plein jour,En agglomération,Intersection en X,Normale,Deux véhicules - côté,3,2,2,0,1,1,1,0,1,50,2,3,2,0,0,1,72.0,70.0,voiture,voiture,1,2,2,1,3
202300022707,2023-05-27 17:45:00,2023,5,27,17,45,13,13117,A7-Sens Lyon vers Marseille,43.43266,5.25693,Plein jour,Hors agglomération,Hors intersection,Normale,Deux véhicules - arrière,1,1,2,0,1,1,1,0,1,110,2,3,1,0,0,2,24.0,44.0,voiture,voiture,1,1,1,1,2
202300022708,2023-11-15 14:40:00,2023,11,15,14,40,64,64348,CHARLES DE GAULLE,43.31312,-0.41622,Plein jour,Hors agglomération,Hors intersection,Normale,Autre collision,4,2,2,0,1,1,1,0,1,50,1,2,1,0,0,1,38.0,,voiture,,1,1,1,1,6
202300022709,2023-12-20 14:15:00,2023,12,20,14,15,69,69384,35 Rue Jacques-Louis Hénon,45.77954707,4.82854828,Plein jour,En agglomération,Hors intersection,Normale,Deux véhicules - côté,4,2,2,0,1,1,2,0,1,50,2,2,1,0,1,0,32.0,22.0,voiture,deux_roues,1,2,1,1,3
202300022710,2023-01-27 18:00:00,2023,1,27,18,0,62,62397,D215,50.86631023,1.87659788,Nuit sans éclairage public,En agglomération,Hors intersection,Normale,Deux véhicules - côté,3,2,2,0,1,1,1,0,1,50,2,2,1,0,0,1,50.0,71.0,voiture,deux_roues,3,2,1,1,3
202300022711,2023-11-13 14:30:00,2023,11,13,14,30,64,64445,SARAGOSSE DE,43.30834,-0.36133,Plein jour,En agglomération,Hors intersection,Normale,Deux véhicules - côté,4,2,2,1,1,1,1,0,5,50,2,2,1,0,0,1,43.0,23.0,deux_roues,voiture,1,2,1,1,3
202300022712,2023-05-27 05:45:00,2023,5,27,5,45,13,13056,A55-Sens Marseille vers Martigues,43.39936,5.03963,Crépuscule ou aube,Hors agglomération,Hors intersection,Normale,Deux véhicules - arrière,1,1,3,0,1,1,1,2,1,50,2,4,1,0,0,3,20.0,36.0,voiture,voiture,2,1,1,1,2
202300022713,2023-12-20 12:20:00,2023,12,20,12,20,69,69202,Avenue de Limburg,45.7282,4.77939,Plein jour,En agglomération,Hors intersection,Normale,Autre collision,4,2,3,2,2,1,1,2,1,50,1,3,2,0,0,1,59.0,,voiture,,1,2,1,1,6
202300022714,2023-01-28 06:00:00,2023,1,28,6,0,971,97109,avenue du général de Gaulle,15.992871,-61.692519,Crépuscule ou aube,En agglomération,Hors intersection,Normale,Deux véhicules - frontale,2,2,2,0,1,1,1,0,1,70,2,2,0,0,0,2,30.0,32.0,voiture,voiture,2,2,1,1,1
202300022715,2023-11-15 07:45:00,2023,11,15,7,45,64,64122,DASSAULT MARCEL (BD),43.4713,-1.5358,Plein jour,En agglomération,Giratoire,Normale,Deux véhicules - côté,3,1,2,0,1,2,2,9,1,50,2,2,1,0,0,1,16.0,21.0,deux_roues,voiture,1,2,6,1,3
202300022716,2023-01-28 16:10:00,2023,1,28,16,10,71,71312,D35,46.802847,4.998559,Plein jour,Hors agglomération,Hors intersection,Normale,Sans collision,3,2,2,0,4,1,1,0,1,70,1,1,0,0,1,0,20.0,,deux_roues,,1,1,1,1,7
202300022717,2023-12-19 19:20:00,2023,12,19,19,20,69,69385,49 Avenue du Point du Jour,45.75621,4.80289,Nuit avec éclairage allumé,En agglomération,Intersection en X,Normale,Deux véhicules - frontale,4,2,2,0,1,1,1,0,1,30,2,2,1,0,0,1,54.0,,deux_roues,autre,5,2,2,1,1
202300022717,2023-12-19 19:20:00,2023,12,19,19,20,69,69385,49 Avenue du Point du Jour,45.75621,4.80289,Nuit avec éclairage allumé,En agglomération,Intersection en X,Normale,Deux véhicules - frontale,4,2,2,2,1,1,1,0,1,30,2,2,1,0,0,1,54.0,,deux_roues,autre,5,2,2,1,1
202300022718,2023-05-26 19:40:00,2023,5,26,19,40,67,67152,M83,48.530376,7.693313,Plein jour,Hors agglomération,Hors intersection,Normale,Autre collision,7,3,2,0,1,2,1,2,1,50,1,2,0,0,0,2,26.0,,voiture,,1,1,1,1,6
202300022719,2023-11-15 19:55:00,2023,11,15,19,55,63,63113,MICHELIN (AVENUE EDOUARD),45.78169,3.1007,Nuit avec éclairage allumé,En agglomération,Hors intersection,Normale,Deux véhicules - côté,9,1,2,0,1,1,1,0,1,50,2,2,1,0,0,1,44.0,25.0,deux_roues,voiture,5,2,1,1,3