accident_id,datetime,annee,mois,jour,heure,minute,departement,commune_insee,adresse,latitude,longitude,luminosite,agglomeration,intersection,meteo,collision,catr,circ,nbv,vosp,prof,plan,surf,infra,situ,vma,nb_vehicules,nb_usagers,nb_indemnes,nb_tues,nb_blesses_hosp,nb_blesses_legers,age_cond_1,age_cond_2,veh_type_cond_1,veh_type_cond_2,lum_code,agg_code,int_code,atm_code,col_code
202300022720,2023-05-28 18:30:00,2023,5,28,18,30,94,94038,A6A,48.78216297,2.34689144,Plein jour,Hors agglomération,Hors intersection,Normale,Autre collision,1,3,3,0,1,1,1,0,1,90,1,1,0,0,0,1,25.0,,deux_roues,,1,1,1,1,6
202300022721,2023-11-15 21:30:00,2023,11,15,21,30,971,97101,PATRICK SAINT ELOI ( AVENUE ),16.25505798,-61.52198106,Nuit avec éclairage non allumé,En agglomération,Intersection en T,Normale,Deux véhicules - arrière,3,1,2,0,1,1,1,0,1,50,2,2,1,0,1,0,26.0,23.0,deux_roues,voiture,4,2,3,1,2
202300022721,2023-11-15 21:30:00,2023,11,15,21,30,971,97101,PATRICK SAINT ELOI ( AVENUE ),16.25505798,-61.52198106,Nuit avec éclairage non allumé,En agglomération,Intersection en T,Normale,Deux véhicules - arrière,3,1,2,0,1,1,1,0,1,50,2,2,1,0,1,0,26.0,23.0,deux_roues,voiture,4,2,3,1,2
202300022722,2023-09-11 08:15:00,2023,9,11,8,15,77,77335,RD140 (ROUTE DEPARTEMENTALE),48.96985,2.82971,Plein jour,Hors agglomération,Intersection en X,Normale,Deux véhicules - côté,3,-1,2,0,2,1,1,0,1,80,2,4,2,0,0,2,23.0,67.0,utilitaire_camion,voiture,1,1,2,1,3
202300022722,2023-09-11 08:15:00,2023,9,11,8,15,77,77335,RD140 (ROUTE DEPARTEMENTALE),48.96985,2.82971,Plein jour,Hors agglomération,Intersection en X,Normale,Deux véhicules - côté,3,-1,2,0,2,1,1,0,1,80,2,4,2,0,0,2,23.0,67.0,utilitaire_camion,voiture,1,1,2,1,3
202300022723,2023-11-15 07:00:00,2023,11,15,7,0,62,62270,D941,50.46526,2.49703,Nuit sans éclairage public,Hors agglomération,Hors intersection,Normale,Sans collision,3,2,1,0,2,1,2,0,1,70,2,2,1,0,0,1,,12.0,utilitaire_camion,deux_roues,3,1,1,1,7
202300022724,2023-01-17 18:58:00,2023,1,17,18,58,37,37141,Autoroute A85,47.2876406,1.04600072,Nuit sans éclairage public,Hors agglomération,Hors intersection,Neige / grêle,Autre collision,1,3,4,0,1,1,5,0,8,130,1,1,0,0,1,0,44.0,,voiture,,3,1,1,4,6
202300022725,2023-05-28 17:30:00,2023,5,28,17,30,77,77296,AUTOROUTE A5A,48.607475,2.582122,Plein jour,Hors agglomération,Hors intersection,Normale,Deux véhicules - arrière,1,1,3,0,1,1,1,0,1,110,2,2,1,0,0,1,45.0,44.0,voiture,voiture,1,1,1,1,2
202300022726,2023-12-20 12:40:00,2023,12,20,12,40,2A,2A004,ILES SANGUINAIRES ROUTE DES,41.90871,8.71798,Plein jour,En agglomération,Intersection en T,Normale,Deux véhicules - côté,3,-1,2,0,1,1,1,0,1,50,2,2,1,0,1,0,52.0,76.0,deux_roues,voiture,1,2,3,1,3
202300022726,2023-12-20 12:40:00,2023,12,20,12,40,2A,2A004,ILES SANGUINAIRES ROUTE DES,41.90871,8.71798,Plein jour,En agglomération,Intersection en T,Normale,Deux véhicules - côté,3,-1,2,0,2,1,1,0,1,30,2,2,1,0,1,0,52.0,76.0,deux_roues,voiture,1,2,3,1,3
202300022727,2023-05-28 07:25:00,2023,5,28,7,25,92,92064,A13,48.83939388,2.21898131,Plein jour,Hors agglomération,Hors intersection,Normale,Autre collision,1,3,2,0,2,2,1,0,1,70,1,2,1,0,0,1,26.0,,voiture,,1,1,1,1,6
202300022728,2023-11-15 10:15:00,2023,11,15,10,15,59,59599,PARIS (RUE DE),50.71974242,3.14257174,Plein jour,En agglomération,Hors intersection,Normale,Deux véhicules - arrière,4,-1,2,0,1,1,1,0,1,50,2,2,1,0,0,1,,48.0,voiture,voiture,1,2,1,1,2
202300022729,2023-09-12 17:25:00,2023,9,12,17,25,77,77438,SAINT GERMAIN DES NOYERS  (AVENUE),48.86338,2.67534,Plein jour,En agglomération,Intersection en X,Pluie légère,Deux véhicules - arrière,3,2,2,0,1,1,2,0,1,50,2,2,1,0,1,0,38.0,31.0,voiture,voiture,1,2,2,2,2
202300022729,2023-09-12 17:25:00,2023,9,12,17,25,77,77438,SAINT GERMAIN DES NOYERS  (AVENUE),48.86338,2.67534,Plein jour,En agglomération,Intersection en X,Pluie légère,Deux véhicules - arrière,3,-1,2,1,1,1,2,0,1,50,2,2,1,0,1,0,38.0,31.0,voiture,voiture,1,2,2,2,2
202300022730,2023-12-19 16:22:00,2023,12,19,16,22,87,87085,SAINT MARTIAL (QUAI),45.82145,1.26304,Plein jour,En agglomération,Hors intersection,Normale,Deux véhicules - arrière,2,3,4,0,1,1,1,0,1,50,2,2,1,0,0,1,41.0,43.0,voiture,voiture,1,2,1,1,2
202300022731,2023-05-28 09:00:00,2023,5,28,9,0,95,95018,D909,48.96161914,2.25928366,Plein jour,Hors agglomération,Hors intersection,Normale,Deux véhicules - arrière,3,1,1,0,1,3,1,0,1,50,2,2,0,0,0,2,23.0,26.0,voiture,voiture,1,1,1,1,2
202300022732,2023-11-15 10:15:00,2023,11,15,10,15,59,59350,DUNKERQUE AVENUE DE,50.63672,3.0253,Plein jour,En agglomération,Hors intersection,Normale,Autre collision,7,2,2,0,1,1,1,9,1,50,1,5,1,0,0,4,21.0,,voiture,,1,2,1,1,6
202300022733,2023-09-12 07:50:00,2023,9,12,7,50,77,77333,AV CARNOT,48.26829,2.68615,Crépuscule ou aube,En agglomération,Hors intersection,Normale,Deux véhicules - arrière,3,2,2,0,1,1,1,0,1,50,2,2,1,0,0,1,57.0,54.0,voiture,deux_roues,2,2,1,1,2
202300022734,2023-05-27 22:30:00,2023,5,27,22,30,95,95306,A15,49.00983419,2.15635796,Nuit sans éclairage public,Hors agglomération,Hors intersection,Normale,Autre collision,1,3,6,0,1,1,1,0,1,110,1,1,0,0,0,1,35.0,,voiture,,3,1,1,1,6
202300022735,2023-12-19 06:50:00,2023,12,19,6,50,84,84007,C.De GAULLE (Rocade),43.9289,4.8158,Nuit sans éclairage public,En agglomération,Hors intersection,Normale,Autre collision,4,3,4,0,1,1,1,0,1,50,1,2,1,0,0,1,38.0,,voiture,,3,2,1,1,6
202300022736,2023-09-09 06:40:00,2023,9,9,6,40,76,76351,RD 982,49.50349,0.19235,Crépuscule ou aube,Hors agglomération,Giratoire,Brouillard / fumée,Autre collision,3,3,0,0,2,3,1,2,1,50,1,4,2,0,0,2,26.0,,voiture,,2,1,6,5,6
202300022737,2023-11-15 10:30:00,2023,11,15,10,30,59,59360,AVINEE EUGENE AVENUE,50.60395,3.0332,Plein jour,En agglomération,Intersection en T,Normale,Autre collision,4,2,2,0,1,1,1,6,8,50,1,2,1,0,0,1,51.0,,utilitaire_camion,,1,2,3,1,6
202300022737,2023-11-15 10:30:00,2023,11,15,10,30,59,59360,AVINEE EUGENE AVENUE,50.60395,3.0332,Plein jour,En agglomération,Intersection en T,Normale,Autre collision,4,2,2,0,1,1,1,9,8,50,1,2,1,0,0,1,51.0,,utilitaire_camion,,1,2,3,1,6
202300022738,2023-12-19 17:52:00,2023,12,19,17,52,80,80021,STRASBOURG (BOULEVARD DE),49.88989,2.27761,Nuit avec éclairage non allumé,En agglomération,Hors intersection,Pluie légère,Autre collision,4,1,1,0,1,1,2,0,1,30,1,2,1,0,1,0,24.0,,voiture,,4,2,1,2,6
202300022739,2023-09-10 03:05:00,2023,9,10,3,5,76,76351,Chemin Rural 47 Bléville,49.527713,0.083581,Nuit sans éclairage public,En agglomération,Hors intersection,Normale,Autre collision,4,2,2,0,1,3,1,0,3,50,1,1,0,0,0,1,38.0,,voiture,,3,2,1,1,6
202300022740,2023-12-16 21:10:00,2023,12,16,21,10,80,80021,CARNOT (BOULEVARD),49.89071,2.29037,Nuit avec éclairage non allumé,En agglomération,Hors intersection,Normale,Autre collision,4,2,2,0,1,1,1,0,1,30,1,2,1,0,0,1,23.0,,voiture,,4,2,1,1,6
202300022741,2023-11-13 17:35:00,2023,11,13,17,35,51,51454,SAINT MARCEAUX (BOULEVARD) N°2 A 68 ET C,49.25195,4.04352,Nuit avec éclairage allumé,En agglomération,Hors intersection,Pluie légère,Deux véhicules - côté,4,1,2,1,1,1,2,0,1,50,2,2,1,0,0,1,45.0,21.0,utilitaire_camion,voiture,5,2,1,2,3
202300022742,2023-09-09 09:55:00,2023,9,9,9,55,76,76351,MARECHAL JOFFRE (RUE),49.4999,0.13018,Plein jour,En agglomération,Intersection en X,Normale,Autre collision,4,2,2,0,1,1,1,0,1,50,1,2,1,0,1,0,66.0,,voiture,,1,2,2,1,6
202300022742,2023-09-09 09:55:00,2023,9,9,9,55,76,76351,MARECHAL JOFFRE (RUE),49.4999,0.13018,Plein jour,En agglomération,Intersection en X,Normale,Autre collision,4,2,4,3,1,1,1,4,1,50,1,2,1,0,1,0,66.0,,voiture,,1,2,2,1,6
202300022743,2023-12-20 08:00:00,2023,12,20,8,0,78,78440,SEINE (RUE DE),48.997334,1.910889,Nuit avec éclairage allumé,En agglomération,Hors intersection,Normale,Autre collision,3,1,4,0,1,1,1,0,1,50,1,2,1,0,0,1,,,voiture,,5,2,1,1,6
202300022744,2023-11-12 02:50:00,2023,11,12,2,50,50,50129,BENECERE (AVENUE DE),49.65651,-1.69135,Nuit sans éclairage public,En agglomération,Intersection en T,Pluie légère,Autre collision,3,2,3,0,1,1,2,0,3,50,1,2,0,0,0,2,21.0,,voiture,,3,2,3,2,6
202300022744,2023-11-12 02:50:00,2023,11,12,2,50,50,50129,BENECERE (AVENUE DE),49.65651,-1.69135,Nuit sans éclairage public,En agglomération,Intersection en T,Pluie légère,Autre collision,3,2, -1,-1,2,1,2,0,1,30,1,2,0,0,0,2,21.0,,voiture,,3,2,3,2,6
202300022745,2023-09-11 14:00:00,2023,9,11,14,0,74,74298,EUROPE (AVENUE DE L'),46.17793,6.24443,Plein jour,En agglomération,Hors intersection,Normale,Deux véhicules - arrière,3,1,0,0,1,1,1,0,1,50,2,2,1,0,0,1,,41.0,voiture,voiture,1,2,1,1,2
202300022746,2023-12-20 01:00:00,2023,12,20,1,0,78,78498,BON ROI SAINT LOUIS AVENUE,48.92995,2.03766,Nuit avec éclairage allumé,En agglomération,Hors intersection,Temps couvert,Deux véhicules - frontale,3,3,4,0,1,3,2,0,1,50,2,2,1,0,0,1,22.0,22.0,voiture,voiture,5,2,1,8,1
202300022747,2023-11-14 10:55:00,2023,11,14,10,55,49,49007,BICHON PLACE,47.47853,-0.5647,Plein jour,En agglomération,Hors intersection,Temps couvert,Deux véhicules - côté,4,1,2,0,1,1,2,0,1,50,2,3,1,0,0,1,24.0,,voiture,utilitaire_camion,1,2,1,8,3
202300022748,2023-12-19 15:00:00,2023,12,19,15,0,77,77296,RD 306,48.6184,2.54029,Plein jour,Hors agglomération,Hors intersection,Normale,Deux véhicules - frontale,3,2,2,0,4,2,1,0,1,70,2,2,0,0,1,1,73.0,57.0,utilitaire_camion,utilitaire_camion,1,1,1,1,1
202300022749,2023-09-10 14:35:00,2023,9,10,14,35,71,71270,HERITAN (RUE DE L'),46.306,4.82,Plein jour,En agglomération,Intersection en X,Normale,Deux véhicules - côté,4,1,2,0,1,1,1,0,1,30,2,2,1,0,0,1,55.0,32.0,voiture,voiture,1,2,2,1,3
202300022749,2023-09-10 14:35:00,2023,9,10,14,35,71,71270,HERITAN (RUE DE L'),46.306,4.82,Plein jour,En agglomération,Intersection en X,Normale,Deux véhicules - côté,4,1,1,0,2,3,1,0,1,30,2,2,1,0,0,1,55.0,32.0,voiture,voiture,1,2,2,1,3
202300022750,2023-11-15 08:00:00,2023,11,15,8,0,47,47001,9EME DE LIGNE (COURS DU),44.19508,0.61231,Crépuscule ou aube,En agglomération,Giratoire,Normale,Deux véhicules - côté,3,1,2,1,1,2,1,0,1,50,2,2,1,0,0,1,28.0,42.0,deux_roues,voiture,2,2,6,1,3
202300022751,2023-11-15 08:25:00,2023,11,15,8,25,38,38563,BECQUART-CASTELBON (COURS),45.36145,5.59067,Plein jour,En agglomération,Hors intersection,Normale,Autre collision,3,3,2,0,1,1,1,0,1,50,1,2,1,0,0,1,30.0,,voiture,,1,2,1,1,6
202300022752,2023-09-10 21:15:00,2023,9,10,21,15,71,71076,PONT DE FER (RUE DU),46.79381356,4.84266582,Nuit avec éclairage allumé,En agglomération,Intersection en X,Normale,Deux véhicules - côté,4,-1,2,0,1,1,1,0,1,50,2,2,1,0,0,1,21.0,37.0,voiture,deux_roues,5,2,2,1,3
202300022752,2023-09-10 21:15:00,2023,9,10,21,15,71,71076,PONT DE FER (RUE DU),46.79381356,4.84266582,Nuit avec éclairage allumé,En agglomération,Intersection en X,Normale,Deux véhicules - côté,4,2,2,0,1,3,1,0,1,50,2,2,1,0,0,1,21.0,37.0,voiture,deux_roues,5,2,2,1,3
202300022753,2023-12-20 12:50:00,2023,12,20,12,50,77,77449,D345,48.85188094,2.77814941,Plein jour,En agglomération,Giratoire,Temps couvert,Trois véhicules et plus - en chaîne,3,3,2,0,1,2,1,0,1,50,3,3,2,0,0,1,42.0,72.0,utilitaire_camion,voiture,1,2,6,8,4
202300022753,2023-12-20 12:50:00,2023,12,20,12,50,77,77449,D345,48.85188094,2.77814941,Plein jour,En agglomération,Giratoire,Temps couvert,Trois véhicules et plus - en chaîne,3,2,2,0,1,2,1,0,1,50,3,3,2,0,0,1,42.0,72.0,utilitaire_camion,voiture,1,2,6,8,4
202300022754,2023-11-15 17:45:00,2023,11,15,17,45,37,37261,COLOMB (RUE CHRISTOPHE),47.38084,0.70005,Nuit avec éclairage allumé,En agglomération,Intersection en X,Normale,Autre collision,4,2,2,0,1,1,1,5,1,30,1,2,1,0,0,1,45.0,,utilitaire_camion,,5,2,2,1,6
202300022754,2023-11-15 17:45:00,2023,11,15,17,45,37,37261,COLOMB (RUE CHRISTOPHE),47.38084,0.70005,Nuit avec éclairage allumé,En agglomération,Intersection en X,Normale,Autre collision,4,2,3,0,1,1,1,5,1,50,1,2,1,0,0,1,45.0,,utilitaire_camion,,5,2,2,1,6
202300022754,2023-11-15 17:45:00,2023,11,15,17,45,37,37261,COLOMB (RUE CHRISTOPHE),47.38084,0.70005,Nuit avec éclairage allumé,En agglomération,Intersection en X,Normale,Autre collision,4,2,2,0,1,1,1,5,1,50,1,2,1,0,0,1,45.0,,utilitaire_camion,,5,2,2,1,6
202300022755,2023-12-19 20:55:00,2023,12,19,20,55,76,76640,Rue de Louviers,49.26829,1.04622,Nuit avec éclairage allumé,En agglomération,Hors intersection,Pluie légère,Deux véhicules - frontale,7,2,2,0,1,1,2,0,1,50,2,2,1,0,0,1,23.0,45.0,voiture,deux_roues,5,2,1,2,1
202300022756,2023-09-13 22:50:00,2023,9,13,22,50,69,69266,Rue Antoine Primat,45.75817,4.89328,Nuit avec éclairage allumé,En agglomération,Intersection en X,Pluie légère,Deux véhicules - côté,4,2,2,0,1,1,2,0,1,50,2,3,0,0,0,3,24.0,41.0,voiture,voiture,5,2,2,2,3
202300022756,2023-09-13 22:50:00,2023,9,13,22,50,69,69266,Rue Antoine Primat,45.75817,4.89328,Nuit avec éclairage allumé,En agglomération,Intersection en X,Pluie légère,Deux véhicules - côté,4,1,1,0,1,1,2,0,1,50,2,3,0,0,0,3,24.0,41.0,voiture,voiture,5,2,2,2,3
202300022757,2023-11-15 10:15:00,2023,11,15,10,15,37,37261,VAILLANT (RUE EDOUARD),47.38612,0.69898,Plein jour,En agglomération,Hors intersection,Normale,Deux véhicules - arrière,4,2,2,2,1,1,1,0,1,50,2,2,1,0,0,1,36.0,20.0,utilitaire_camion,voiture,1,2,1,1,2
202300022758,2023-09-11 17:35:00,2023,9,11,17,35,69,69256,94 Avenue du 8 Mai 1945,45.78814,4.91296,Plein jour,En agglomération,Hors intersection,Normale,Autre collision,4,2,2,0,1,1,1,0,1,50,1,2,1,0,1,0,38.0,,voiture,,1,2,1,1,6
202300022759,2023-09-11 14:35:00,2023,9,11,14,35,69,69282,Rue Joseph Desbois,45.77516,5.00508,Plein jour,En agglomération,Hors intersection,Temps éblouissant,Autre collision,4,2,2,0,1,1,1,0,1,50,1,2,1,0,1,0,60.0,,voiture,,1,2,1,7,6
202300022760,2023-12-19 15:35:00,2023,12,19,15,35,76,76351,LOUIS EUDIER,49.48521,0.13039,Plein jour,En agglomération,Intersection en X,Pluie légère,Deux véhicules - côté,4,2,2,0,1,1,2,0,1,50,2,2,1,0,0,1,29.0,77.0,utilitaire_camion,voiture,1,2,2,2,3
202300022760,2023-12-19 15:35:00,2023,12,19,15,35,76,76351,LOUIS EUDIER,49.48521,0.13039,Plein jour,En agglomération,Intersection en X,Pluie légère,Deux véhicules - côté,4,2, -1,-1,1,1,2,0,-1,-1,2,2,1,0,0,1,29.0,77.0,utilitaire_camion,voiture,1,2,2,2,3
202300022761,2023-11-15 08:40:00,2023,11,15,8,40,37,37122,JAURES (BOULEVARD JEAN),47.34827,0.65959,Plein jour,En agglomération,Hors intersection,Normale,Deux véhicules - arrière,4,2,2,0,1,1,1,0,1,50,2,2,1,0,0,1,44.0,25.0,voiture,voiture,1,2,1,1,2
202300022762,2023-12-20 21:30:00,2023,12,20,21,30,74,74012,EUROPE (AVENUE DE L'),46.1821,6.234,Nuit avec éclairage allumé,En agglomération,Hors intersection,Normale,Autre collision,3,2,2,0,1,1,1,0,1,50,1,1,0,0,0,1,66.0,,voiture,,5,2,1,1,6
202300022763,2023-09-11 22:20:00,2023,9,11,22,20,67,67482,ZURICH (RUE DE),48.57934,7.7582,Nuit avec éclairage allumé,En agglomération,Hors intersection,Normale,Autre collision,4,3,2,0,1,1,1,0,1,30,1,2,1,0,0,1,40.0,,voiture,,5,2,1,1,6
202300022764,2023-11-15 08:40:00,2023,11,15,8,40,37,37233,LENINE (AVENUE),47.3941,0.73844,Plein jour,En agglomération,Intersection en X,Normale,Deux véhicules - côté,4,2,2,0,1,1,1,5,1,50,2,2,1,0,0,1,18.0,42.0,deux_roues,transport_commun,1,2,2,1,3
202300022764,2023-11-15 08:40:00,2023,11,15,8,40,37,37233,LENINE (AVENUE),47.3941,0.73844,Plein jour,En agglomération,Intersection en X,Normale,Deux véhicules - côté,4,2,2,0,1,1,1,5,1,50,2,2,1,0,0,1,18.0,42.0,deux_roues,transport_commun,1,2,2,1,3
202300022765,2023-12-19 07:55:00,2023,12,19,7,55,69,69266,Cours Emile Zola,45.76756206,4.89001231,Crépuscule ou aube,En agglomération,Hors intersection,Brouillard / fumée,Deux véhicules - côté,4,2,2,2,1,1,1,6,1,30,2,2,1,0,0,1,58.0,38.0,voiture,deux_roues,2,2,1,5,3
202300022766,2023-09-10 15:15:00,2023,9,10,15,15,67,67218,LYON (RTE DE),48.53209,7.71803,Plein jour,En agglomération,Hors intersection,Normale,Sans collision,4,2,2,0,1,1,1,0,1,50,2,2,1,0,1,0,32.0,,deux_roues,voiture,1,2,1,1,7
202300022767,2023-11-15 20:35:00,2023,11,15,20,35,34,34172,JUSTICE DE CASTELNAU (AVENUE DE LA),43.6268,3.86999,Nuit avec éclairage allumé,En agglomération,Intersection en X,Normale,Deux véhicules - côté,7,2,4,0,1,1,1,8,1,50,2,2,1,0,0,1,23.0,21.0,voiture,deux_roues,5,2,2,1,3
202300022767,2023-11-15 20:35:00,2023,11,15,20,35,34,34172,JUSTICE DE CASTELNAU (AVENUE DE LA),43.6268,3.86999,Nuit avec éclairage allumé,En agglomération,Intersection en X,Normale,Deux véhicules - côté,7,2,5,3,1,1,1,8,8,50,2,2,1,0,0,1,23.0,21.0,voiture,deux_roues,5,2,2,1,3
202300022768,2023-12-20 09:45:00,2023,12,20,9,45,66,66136,,42.71388,2.90187,Plein jour,En agglomération,Hors intersection,Normale,Deux véhicules - arrière,4,1,1,0,1,1,1,0,1,30,2,2,1,0,0,1,22.0,57.0,voiture,voiture,1,2,1,1,2
202300022769,2023-09-09 15:26:00,2023,9,9,15,26,66,66136,,42.73614,2.89057,Plein jour,En agglomération,Intersection en T,Normale,Deux véhicules - côté,4,2,2,0,1,1,1,0,1,50,2,4,0,0,0,4,26.0,33.0,deux_roues,voiture,1,2,3,1,3
202300022769,2023-09-09 15:26:00,2023,9,9,15,26,66,66136,,42.73614,2.89057,Plein jour,En agglomération,Intersection en T,Normale,Deux véhicules - côté,4,2,3,3,1,1,1,0,1,50,2,4,0,0,0,4,26.0,33.0,deux_roues,voiture,1,2,3,1,3
202300022770,2023-11-15 14:10:00,2023,11,15,14,10,33,33318,Avenue du Maréchal de Lattre de Tassigny (rd),44.77331,-0.71053,Plein jour,Hors agglomération,Hors intersection,Normale,Deux véhicules - côté,4,2,2,0,1,1,1,0,1,70,2,3,2,0,0,1,59.0,56.0,voiture,voiture,1,1,1,1,3
202300022771,2023-12-20 13:10:00,2023,12,20,13,10,64,64284,RAUSKI,43.2655,-0.38974,Plein jour,En agglomération,Hors intersection,Normale,Trois véhicules et plus - en chaîne,2,2,2,0,1,1,1,0,1,50,3,4,3,0,0,1,30.0,21.0,voiture,voiture,1,2,1,1,4
202300022772,2023-11-15 05:30:00,2023,11,15,5,30,33,33039,Quai du Président Wilson,44.81582275,-0.5364646,Nuit sans éclairage public,Hors agglomération,Hors intersection,Pluie légère,Deux véhicules - arrière,4,2,2,0,1,1,2,0,1,50,2,2,1,0,0,1,,54.0,voiture,voiture,3,1,1,2,2
202300022773,2023-09-09 10:18:00,2023,9,9,10,18,66,66136,,42.7017,2.89706,Plein jour,En agglomération,Intersection en X,Normale,Deux véhicules - côté,4,1,1,0,1,1,1,0,1,30,2,2,1,0,1,0,38.0,57.0,deux_roues,voiture,1,2,2,1,3
202300022774,2023-12-20 16:37:00,2023,12,20,16,37,63,63113,elisée Reclus /Louis Blériot,45.78811,3.13981,Plein jour,En agglomération,Giratoire,Normale,Deux véhicules - arrière,7,1,2,0,1,1,1,0,1,50,2,2,1,0,0,1,35.0,35.0,utilitaire_camion,utilitaire_camion,1,2,6,1,2
202300022774,2023-12-20 16:37:00,2023,12,20,16,37,63,63113,elisée Reclus /Louis Blériot,45.78811,3.13981,Plein jour,En agglomération,Giratoire,Normale,Deux véhicules - arrière,7,3,4,0,1,1,1,0,1,50,2,2,1,0,0,1,35.0,35.0,utilitaire_camion,utilitaire_camion,1,2,6,1,2
202300022775,2023-11-15 19:11:00,2023,11,15,19,11,27,27681,LECLERC (BOULEVARD DU MARECHAL),49.09554,1.48573,Nuit avec éclairage allumé,En agglomération,Giratoire,Normale,Autre collision,3,2,2,0,1,1,1,0,1,50,1,2,1,0,0,1,85.0,,voiture,,5,2,6,1,6
202300022776,2023-09-12 16:45:00,2023,9,12,16,45,65,65440,Avenue des Forges,43.24115141,0.07722504,Plein jour,En agglomération,Hors intersection,Temps couvert,Autre collision,3,2,2,1,1,1,1,6,1,50,1,2,1,0,1,0,71.0,,voiture,,1,2,1,8,6
202300022777,2023-12-01 16:00:00,2023,12,1,16,0,62,62510,D58E4,50.42525,2.79413,Plein jour,En agglomération,Hors intersection,Normale,Deux véhicules - côté,3,2,0,3,1,1,1,0,1,50,2,2,1,0,0,1,40.0,14.0,voiture,deux_roues,1,2,1,1,3
202300022778,2023-11-15 07:00:00,2023,11,15,7,0,27,27229,BOIS DES COMMUNES (RUE DU),49.02939,1.17999,Nuit avec éclairage allumé,En agglomération,Intersection en X,Normale,Deux véhicules - côté,4,2,2,0,1,1,2,0,1,50,2,3,2,0,0,1,51.0,62.0,voiture,voiture,5,2,2,1,3
202300022778,2023-11-15 07:00:00,2023,11,15,7,0,27,27229,BOIS DES COMMUNES (RUE DU),49.02939,1.17999,Nuit avec éclairage allumé,En agglomération,Intersection en X,Normale,Deux véhicules - côté,4,2,2,0,1,1,2,0,1,50,2,3,2,0,0,1,51.0,62.0,voiture,voiture,5,2,2,1,3
202300022779,2023-09-12 17:30:00,2023,9,12,17,30,64,64445,EUROPE DE L',43.3265,-0.32633,Plein jour,En agglomération,Hors intersection,Pluie forte,Deux véhicules - côté,3,2,1,0,1,1,2,0,1,70,2,2,1,0,0,1,54.0,26.0,voiture,deux_roues,1,2,1,3,3
202300022780,2023-11-29 00:10:00,2023,11,29,0,10,62,62193,Boulevard Léon Gambetta,50.94656,1.84329,Nuit avec éclairage allumé,En agglomération,Intersection en T,Normale,Deux véhicules - côté,4,2,2,0,1,1,1,5,1,30,2,2,1,0,0,1,17.0,20.0,deux_roues,voiture,5,2,3,1,3
202300022780,2023-11-29 00:10:00,2023,11,29,0,10,62,62193,Boulevard Léon Gambetta,50.94656,1.84329,Nuit avec éclairage allumé,En agglomération,Intersection en T,Normale,Deux véhicules - côté,4,3,4,0,1,1,1,0,1,30,2,2,1,0,0,1,17.0,20.0,deux_roues,voiture,5,2,3,1,3
202300022781,2023-11-14 18:17:00,2023,11,14,18,17,27,27229,CHURCHILL (AVENUE WINSTON),49.01792,1.167665,Nuit avec éclairage allumé,En agglomération,Intersection en X,Normale,Autre collision,4,1,2,0,2,1,1,5,1,50,1,2,1,0,0,1,50.0,,voiture,,5,2,2,1,6
202300022781,2023-11-14 18:17:00,2023,11,14,18,17,27,27229,CHURCHILL (AVENUE WINSTON),49.01792,1.167665,Nuit avec éclairage allumé,En agglomération,Intersection en X,Normale,Autre collision,4,2,2,0,1,1,1,0,1,50,1,2,1,0,0,1,50.0,,voiture,,5,2,2,1,6
202300022782,2023-09-11 15:30:00,2023,9,11,15,30,64,64445,LEON BLUM,43.32501,-0.32517,Plein jour,En agglomération,Hors intersection,Normale,Deux véhicules - arrière,4,1,2,0,1,1,1,0,1,50,2,2,1,0,0,1,76.0,58.0,voiture,utilitaire_camion,1,2,1,1,2
202300022783,2023-11-14 13:28:00,2023,11,14,13,28,27,27229,GAMBETTA (BOULEVARD),49.019039,1.149494,Plein jour,En agglomération,Hors intersection,Pluie légère,Deux véhicules - arrière,4,3,5,0,1,1,2,0,1,50,2,2,1,0,0,1,43.0,30.0,voiture,deux_roues,1,2,1,2,2
202300022784,2023-12-16 18:00:00,2023,12,16,18,0,62,62764,D917,50.31283,2.77585,Nuit sans éclairage public,Hors agglomération,Hors intersection,Normale,Trois véhicules et plus - en chaîne,3,3,3,0,1,1,1,0,1,90,3,4,1,0,1,2,46.0,32.0,voiture,voiture,3,1,1,1,4
202300022785,2023-09-12 21:40:00,2023,9,12,21,40,64,64122,SABAOU (AVENUE DU),43.47442,-1.5503,Nuit avec éclairage allumé,En agglomération,Intersection en X,Pluie forte,Deux véhicules - côté,4,1, -1,-1,1,1,2,0,1,-1,2,2,1,0,0,1,45.0,19.0,deux_roues,voiture,5,2,2,3,3
202300022785,2023-09-12 21:40:00,2023,9,12,21,40,64,64122,SABAOU (AVENUE DU),43.47442,-1.5503,Nuit avec éclairage allumé,En agglomération,Intersection en X,Pluie forte,Deux véhicules - côté,4,2, -1,-1,1,1,2,0,1,-1,2,2,1,0,0,1,45.0,19.0,deux_roues,voiture,5,2,2,3,3
202300022785,2023-09-12 21:40:00,2023,9,12,21,40,64,64122,SABAOU (AVENUE DU),43.47442,-1.5503,Nuit avec éclairage allumé,En agglomération,Intersection en X,Pluie forte,Deux véhicules - côté,4,-1,2,0,2,1,2,0,1,50,2,2,1,0,0,1,45.0,19.0,deux_roues,voiture,5,2,2,3,3
202300022786,2023-11-12 17:40:00,2023,11,12,17,40,15,15014,N 122,44.89801,2.41184,Nuit sans éclairage public,En agglomération,Intersection en T,Pluie forte,Deux véhicules - côté,2,2,2,0,1,1,2,0,1,50,2,2,1,0,0,1,33.0,85.0,voiture,voiture,3,2,3,3,3