accident_id,datetime,annee,mois,jour,heure,minute,departement,commune_insee,adresse,latitude,longitude,luminosite,agglomeration,intersection,meteo,collision,catr,circ,nbv,vosp,prof,plan,surf,infra,situ,vma,nb_vehicules,nb_usagers,nb_indemnes,nb_tues,nb_blesses_hosp,nb_blesses_legers,age_cond_1,age_cond_2,veh_type_cond_1,veh_type_cond_2,lum_code,agg_code,int_code,atm_code,col_code
202300022786,2023-11-12 17:40:00,2023,11,12,17,40,15,15014,N 122,44.89801,2.41184,Nuit sans éclairage public,En agglomération,Intersection en T,Pluie forte,Deux véhicules - côté,2,2,2,-1,1,1,2,0,1,-1,2,2,1,0,0,1,33.0,85.0,voiture,voiture,3,2,3,3,3
202300022787,2023-12-17 15:30:00,2023,12,17,15,30,59,59350,CHEMIN SAINT MARTIN RUE DU,50.64129,2.97892,Plein jour,En agglomération,Intersection en T,Normale,Deux véhicules - côté,4,2,3,0,1,1,1,0,1,50,2,2,1,0,1,0,68.0,61.0,deux_roues,voiture,1,2,3,1,3
202300022787,2023-12-17 15:30:00,2023,12,17,15,30,59,59350,CHEMIN SAINT MARTIN RUE DU,50.64129,2.97892,Plein jour,En agglomération,Intersection en T,Normale,Deux véhicules - côté,4,2,2,0,1,1,1,0,1,50,2,2,1,0,1,0,68.0,61.0,deux_roues,voiture,1,2,3,1,3
202300022788,2023-09-12 09:50:00,2023,9,12,9,50,64,64122,VERDUN (AVENUE DE),43.4818,-1.5573,Plein jour,En agglomération,Hors intersection,Temps couvert,Autre collision,4,2,1,0,1,1,2,0,1,30,1,1,0,0,0,1,25.0,,deux_roues,,1,2,1,8,6
202300022789,2023-12-19 12:10:00,2023,12,19,12,10,59,59178,WARENGHIEN (RUE DE),50.37333,3.06612,Plein jour,En agglomération,Hors intersection,Pluie légère,Autre collision,3,-1,1,0,1,1,2,0,1,-1,1,1,0,0,1,0,62.0,,voiture,,1,2,1,2,6
202300022790,2023-11-15 18:30:00,2023,11,15,18,30,13,13117,EUROPE ( AVENUE DE L' ),43.43175,5.24875,Nuit sans éclairage public,En agglomération,Intersection en T,Normale,Deux véhicules - côté,4,2,2,0,1,2,1,0,1,50,2,2,1,0,0,1,62.0,19.0,voiture,voiture,3,2,3,1,3
202300022790,2023-11-15 18:30:00,2023,11,15,18,30,13,13117,EUROPE ( AVENUE DE L' ),43.43175,5.24875,Nuit sans éclairage public,En agglomération,Intersection en T,Normale,Deux véhicules - côté,4,2,2,0,1,1,1,0,1,50,2,2,1,0,0,1,62.0,19.0,voiture,voiture,3,2,3,1,3
202300022791,2023-09-11 22:15:00,2023,9,11,22,15,64,64024,BAHINOS (ROND POINT DE),43.49415479,-1.51876164,Nuit avec éclairage allumé,En agglomération,Giratoire,Pluie légère,Deux véhicules - côté,4,2,1,0,1,1,2,5,1,50,2,2,1,0,0,1,35.0,45.0,voiture,voiture,5,2,6,2,3
202300022792,2023-12-12 18:25:00,2023,12,12,18,25,56,56260,AOUT 1944(RUE DU 4),47.67416,-2.7589,Nuit avec éclairage allumé,En agglomération,Hors intersection,Normale,Autre collision,4,2,2,2,1,1,2,0,1,50,1,2,1,0,0,1,74.0,,voiture,,5,2,1,1,6
202300022793,2023-11-15 16:20:00,2023,11,15,16,20,13,13215,SAINT ANTOINE (AVENUE DE),43.37852,5.35629,Plein jour,En agglomération,Intersection en T,Normale,Deux véhicules - côté,4,2,3,0,1,1,1,0,1,50,2,2,1,0,0,1,48.0,69.0,deux_roues,voiture,1,2,3,1,3
202300022793,2023-11-15 16:20:00,2023,11,15,16,20,13,13215,SAINT ANTOINE (AVENUE DE),43.37852,5.35629,Plein jour,En agglomération,Intersection en T,Normale,Deux véhicules - côté,4,2,2,0,2,1,1,0,1,50,2,2,1,0,0,1,48.0,69.0,deux_roues,voiture,1,2,3,1,3
202300022794,2023-09-10 13:40:00,2023,9,10,13,40,64,64024,GENERAL LECLERC (PLACE DU),43.49474,-1.52899,Plein jour,En agglomération,Hors intersection,Normale,Deux véhicules - côté,4,2,1,1,1,2,1,0,1,30,2,2,1,0,0,1,54.0,36.0,voiture,deux_roues,1,2,1,1,3
202300022795,2023-12-19 09:00:00,2023,12,19,9,0,51,51454,CAILLOIS (RUE ROGER),49.21908,4.02407,Plein jour,En agglomération,Intersection en T,Normale,Deux véhicules - frontale,4,2,2,0,1,1,1,0,1,50,2,2,1,0,0,1,31.0,27.0,voiture,voiture,1,2,3,1,1
202300022795,2023-12-19 09:00:00,2023,12,19,9,0,51,51454,CAILLOIS (RUE ROGER),49.21908,4.02407,Plein jour,En agglomération,Intersection en T,Normale,Deux véhicules - frontale,4,2,2,0,1,1,1,0,1,50,2,2,1,0,0,1,31.0,27.0,voiture,voiture,1,2,3,1,1
202300022796,2023-12-18 17:25:00,2023,12,18,17,25,51,51506,ROOSEVELT (AVE PRESIDENT),48.94503,4.38291,Nuit avec éclairage allumé,En agglomération,Hors intersection,Temps couvert,Autre collision,3,3,2,0,1,1,1,0,1,50,1,2,1,0,1,0,71.0,,utilitaire_camion,,5,2,1,8,6
202300022797,2023-09-12 19:30:00,2023,9,12,19,30,63,63164,D 210 A (RTE),45.82625,3.15732,Nuit sans éclairage public,Hors agglomération,Hors intersection,Pluie légère,Deux véhicules - côté,7,2,2,0,1,1,2,9,1,70,2,2,0,0,0,2,18.0,31.0,voiture,voiture,3,1,1,2,3
202300022798,2023-11-14 20:25:00,2023,11,14,20,25,13,13205,BAILLE (BOULEVARD),43.28801478,5.39141023,Nuit avec éclairage allumé,En agglomération,Intersection en X,Normale,Deux véhicules - côté,4,2,4,2,2,1,1,0,1,50,2,3,0,0,0,3,25.0,35.0,utilitaire_camion,voiture,5,2,2,1,3
202300022798,2023-11-14 20:25:00,2023,11,14,20,25,13,13205,BAILLE (BOULEVARD),43.28801478,5.39141023,Nuit avec éclairage allumé,En agglomération,Intersection en X,Normale,Deux véhicules - côté,4,2,2,0,1,1,1,0,1,50,2,3,0,0,0,3,25.0,35.0,utilitaire_camion,voiture,5,2,2,1,3
202300022799,2023-12-20 08:25:00,2023,12,20,8,25,49,49267,VERDUN,47.46804,-0.49328,Crépuscule ou aube,En agglomération,Hors intersection,Normale,Deux véhicules - côté,4,2,2,0,1,1,2,0,1,50,2,2,1,0,0,1,42.0,75.0,voiture,voiture,2,2,1,1,3
202300022800,2023-09-07 15:55:00,2023,9,7,15,55,61,61169,D962,48.752344,-0.525048,Plein jour,Hors agglomération,Autre intersection,Normale,Deux véhicules - côté,3,2,3,0,1,3,1,0,1,90,2,2,1,0,1,0,63.0,64.0,voiture,utilitaire_camion,1,1,9,1,3
202300022801,2023-11-14 18:25:00,2023,11,14,18,25,10,10387,TEINTURIERS (DES),48.3,4.09,Nuit avec éclairage allumé,En agglomération,Intersection en X,Temps couvert,Autre collision,4,2,2,0,1,1,2,0,3,50,1,3,2,0,0,1,37.0,,voiture,,5,2,2,8,6
202300022801,2023-11-14 18:25:00,2023,11,14,18,25,10,10387,TEINTURIERS (DES),48.3,4.09,Nuit avec éclairage allumé,En agglomération,Intersection en X,Temps couvert,Autre collision,4,2,2,0,1,1,2,0,3,50,1,3,2,0,0,1,37.0,,voiture,,5,2,2,8,6
202300022802,2023-12-19 18:30:00,2023,12,19,18,30,49,49267,GRAND MONTREJEAU,47.46557,-0.51963,Crépuscule ou aube,En agglomération,Hors intersection,Normale,Autre collision,4,2,2,0,1,1,2,0,1,50,1,2,1,0,0,1,58.0,,voiture,,2,2,1,1,6
202300022803,2023-11-14 14:30:00,2023,11,14,14,30,10,10343,FABLE (RUE),48.27387,4.09263,Plein jour,En agglomération,Giratoire,Temps couvert,Deux véhicules - côté,4,2,2,2,1,1,2,0,5,50,2,2,1,0,0,1,69.0,17.0,voiture,deux_roues,1,2,6,8,3
202300022803,2023-11-14 14:30:00,2023,11,14,14,30,10,10343,FABLE (RUE),48.27387,4.09263,Plein jour,En agglomération,Giratoire,Temps couvert,Deux véhicules - côté,4,2,2,2,1,1,2,0,5,50,2,2,1,0,0,1,69.0,17.0,voiture,deux_roues,1,2,6,8,3
202300022804,2023-09-11 17:40:00,2023,9,11,17,40,61,61001,Voie Communale,48.43655,0.10493,Plein jour,En agglomération,Giratoire,Normale,Deux véhicules - côté,4,2,2,0,1,1,1,0,1,30,2,2,1,0,0,1,56.0,25.0,voiture,deux_roues,1,2,6,1,3
202300022804,2023-09-11 17:40:00,2023,9,11,17,40,61,61001,Voie Communale,48.43655,0.10493,Plein jour,En agglomération,Giratoire,Normale,Deux véhicules - côté,4,2,2,0,1,2,1,0,1,30,2,2,1,0,0,1,56.0,25.0,voiture,deux_roues,1,2,6,1,3
202300022805,2023-12-20 11:36:00,2023,12,20,11,36,45,45338,15 Rue George Sand,47.98465,2.71098,Plein jour,En agglomération,Giratoire,Normale,Deux véhicules - frontale,4,2,2,0,1,1,1,0,1,30,2,2,1,0,0,1,13.0,45.0,deux_roues,voiture,1,2,6,1,1
202300022805,2023-12-20 11:36:00,2023,12,20,11,36,45,45338,15 Rue George Sand,47.98465,2.71098,Plein jour,En agglomération,Giratoire,Normale,Deux véhicules - frontale,4,-1,2,0,1,1,1,0,1,30,2,2,1,0,0,1,13.0,45.0,deux_roues,voiture,1,2,6,1,1
202300022806,2023-11-14 07:40:00,2023,11,14,7,40,10,10387,NOES (RUE DES),48.29760313,4.05864894,Plein jour,En agglomération,Intersection en X,Normale,Autre collision,4,2,2,0,1,1,1,0,1,50,1,2,1,0,0,1,41.0,,voiture,,1,2,2,1,6
202300022806,2023-11-14 07:40:00,2023,11,14,7,40,10,10387,NOES (RUE DES),48.29760313,4.05864894,Plein jour,En agglomération,Intersection en X,Normale,Autre collision,4,2,2,0,1,1,1,0,1,50,1,2,1,0,0,1,41.0,,voiture,,1,2,2,1,6
202300022807,2023-05-25 21:45:00,2023,5,25,21,45,59,59112,BERTHELOT (RUE),50.39342,3.527413,Nuit avec éclairage allumé,En agglomération,Intersection en T,Normale,Autre collision,4,2,2,0,1,1,1,0,3,50,1,3,0,1,0,2,21.0,,voiture,,5,2,3,1,6
202300022807,2023-05-25 21:45:00,2023,5,25,21,45,59,59112,BERTHELOT (RUE),50.39342,3.527413,Nuit avec éclairage allumé,En agglomération,Intersection en T,Normale,Autre collision,4,1,1,-1,1,1,1,0,3,-1,1,3,0,1,0,2,21.0,,voiture,,5,2,3,1,6
202300022808,2023-12-20 08:55:00,2023,12,20,8,55,43,43157,Avenue D 'Aiguilhe,45.04709,3.87938,Crépuscule ou aube,En agglomération,Intersection en T,Normale,Autre collision,3,2,3,0,1,1,2,0,1,50,1,2,1,0,0,1,52.0,,voiture,,2,2,3,1,6
202300022808,2023-12-20 08:55:00,2023,12,20,8,55,43,43157,Avenue D 'Aiguilhe,45.04709,3.87938,Crépuscule ou aube,En agglomération,Intersection en T,Normale,Autre collision,3,2,3,0,2,1,2,0,1,50,1,2,1,0,0,1,52.0,,voiture,,2,2,3,1,6
202300022809,2023-11-15 17:45:00,2023,11,15,17,45,06,06088,JOLY (CORNICHE ANDRE DE),43.7023317,7.2945572,Nuit avec éclairage allumé,En agglomération,Hors intersection,Normale,Deux véhicules - frontale,7,-1,3,0,2,3,1,0,1,50,2,2,1,0,0,1,25.0,22.0,voiture,deux_roues,5,2,1,1,1
202300022810,2023-09-12 13:55:00,2023,9,12,13,55,59,59508,LILLE (RUE DE)MENIN A 8 MAI 1945,50.74854518,3.11949668,Plein jour,En agglomération,Hors intersection,Normale,Autre collision,7,2,2,0,1,1,1,0,1,50,1,2,1,0,0,1,62.0,,utilitaire_camion,,1,2,1,1,6
202300022811,2023-12-20 16:30:00,2023,12,20,16,30,41,41018,LAPLACE (RUE),47.60347,1.334,Crépuscule ou aube,En agglomération,Intersection en T,Normale,Deux véhicules - côté,4,2,2,0,1,1,1,0,1,50,2,2,1,0,1,0,39.0,62.0,voiture,deux_roues,2,2,3,1,3
202300022811,2023-12-20 16:30:00,2023,12,20,16,30,41,41018,LAPLACE (RUE),47.60347,1.334,Crépuscule ou aube,En agglomération,Intersection en T,Normale,Deux véhicules - côté,4,2,2,1,2,1,1,0,1,50,2,2,1,0,1,0,39.0,62.0,voiture,deux_roues,2,2,3,1,3
202300022812,2023-11-15 17:38:00,2023,11,15,17,38,75,75116,BOULEVARD DE L AMIRAL BRUIX,48.873081,2.276727,Crépuscule ou aube,En agglomération,Hors intersection,Normale,Autre collision,4,2,3,0,1,2,2,8,1,50,1,1,0,0,1,0,47.0,,deux_roues,,2,2,1,1,6
202300022813,2023-09-11 13:15:00,2023,9,11,13,15,59,59152,Chemin du Petit Enfer,50.744132,3.00225,Plein jour,Hors agglomération,Intersection en X,Normale,Deux véhicules - côté,4,-1,2,0,1,1,1,0,1,50,2,2,0,1,0,1,55.0,25.0,utilitaire_camion,utilitaire_camion,1,1,2,1,3
202300022813,2023-09-11 13:15:00,2023,9,11,13,15,59,59152,Chemin du Petit Enfer,50.744132,3.00225,Plein jour,Hors agglomération,Intersection en X,Normale,Deux véhicules - côté,4,-1,2,0,1,1,1,0,1,50,2,2,0,1,0,1,55.0,25.0,utilitaire_camion,utilitaire_camion,1,1,2,1,3
202300022814,2023-12-20 06:40:00,2023,12,20,6,40,38,38185,EDMOND ESMONIN (AVENUE),45.15927,5.72881,Nuit avec éclairage allumé,En agglomération,Intersection en X,Pluie légère,Deux véhicules - côté,7,-1,6,0,1,1,2,0,1,30,2,3,1,0,0,2,19.0,73.0,voiture,voiture,5,2,2,2,3
202300022814,2023-12-20 06:40:00,2023,12,20,6,40,38,38185,EDMOND ESMONIN (AVENUE),45.15927,5.72881,Nuit avec éclairage allumé,En agglomération,Intersection en X,Pluie légère,Deux véhicules - côté,7,-1,4,0,1,1,2,0,1,30,2,3,1,0,0,2,19.0,73.0,voiture,voiture,5,2,2,2,3
202300022815,2023-11-13 23:55:00,2023,11,13,23,55,75,75120,PLACE DE LA PORTE DE BAGNOLET,48.864813,2.408939,Nuit avec éclairage allumé,En agglomération,Place,Normale,Autre collision,4,1,4,0,1,1,2,0,1,50,1,3,0,1,2,0,21.0,,voiture,,5,2,7,1,6
202300022815,2023-11-13 23:55:00,2023,11,13,23,55,75,75120,PLACE DE LA PORTE DE BAGNOLET,48.864813,2.408939,Nuit avec éclairage allumé,En agglomération,Place,Normale,Autre collision,4,1,4,0,1,2,2,0,1,30,1,3,0,1,2,0,21.0,,voiture,,5,2,7,1,6
202300022816,2023-12-20 19:00:00,2023,12,20,19,0,37,37261,HALLEBARDIER (RUE DU),47.38235787,0.69498315,Nuit avec éclairage allumé,En agglomération,Intersection en X,Temps couvert,Autre collision,4,2,2,0,1,1,1,9,8,30,1,1,0,0,0,1,62.0,,voiture,,5,2,2,8,6
202300022816,2023-12-20 19:00:00,2023,12,20,19,0,37,37261,HALLEBARDIER (RUE DU),47.38235787,0.69498315,Nuit avec éclairage allumé,En agglomération,Intersection en X,Temps couvert,Autre collision,4,2,2,0,1,1,1,9,4,50,1,1,0,0,0,1,62.0,,voiture,,5,2,2,8,6
202300022817,2023-09-12 20:30:00,2023,9,12,20,30,59,59328,HIPPODROME AV DE L N°237 AU389,50.64451,3.02866,Nuit avec éclairage allumé,En agglomération,Intersection en X,Normale,Deux véhicules - côté,4,4,0,0,1,1,1,0,1,30,2,2,1,0,0,1,56.0,34.0,utilitaire_camion,deux_roues,5,2,2,1,3
202300022817,2023-09-12 20:30:00,2023,9,12,20,30,59,59328,HIPPODROME AV DE L N°237 AU389,50.64451,3.02866,Nuit avec éclairage allumé,En agglomération,Intersection en X,Normale,Deux véhicules - côté,4,4,0,0,1,1,1,0,1,30,2,2,1,0,0,1,56.0,34.0,utilitaire_camion,deux_roues,5,2,2,1,3
202300022818,2023-12-20 16:10:00,2023,12,20,16,10,37,37261,PAS NOTRE-DAME (RUE DU),47.41377,0.69661,Plein jour,En agglomération,Hors intersection,Normale,Autre collision,4,2,2,0,1,1,1,0,1,50,1,2,1,0,0,1,92.0,,voiture,,1,2,1,1,6
202300022819,2023-09-11 18:30:00,2023,9,11,18,30,59,59350,Avenue Roger Salengro,50.64037,2.99039,Crépuscule ou aube,En agglomération,Hors intersection,Temps couvert,Deux véhicules - côté,4,2,4,1,1,1,2,0,1,50,2,2,1,0,0,1,25.0,51.0,deux_roues,voiture,2,2,1,8,3
202300022820,2023-11-15 11:50:00,2023,11,15,11,50,75,75119,RUE DE LORRAINE,48.885084,2.383773,Plein jour,En agglomération,Intersection en X,Normale,Deux véhicules - arrière,4,-1, -1,0,1,1,1,0,1,30,2,3,2,0,0,1,47.0,23.0,deux_roues,utilitaire_camion,1,2,2,1,2
202300022820,2023-11-15 11:50:00,2023,11,15,11,50,75,75119,RUE DE LORRAINE,48.885084,2.383773,Plein jour,En agglomération,Intersection en X,Normale,Deux véhicules - arrière,4,1,1,0,1,1,1,0,1,30,2,3,2,0,0,1,47.0,23.0,deux_roues,utilitaire_camion,1,2,2,1,2
202300022821,2023-12-16 16:53:00,2023,12,16,16,53,36,36044,,46.8173943,1.69703901,Plein jour,En agglomération,Hors intersection,Normale,Deux véhicules - côté,4,3,2,1,2,1,1,0,1,50,2,2,1,0,1,0,26.0,49.0,voiture,deux_roues,1,2,1,1,3
202300022822,2023-11-15 10:48:00,2023,11,15,10,48,75,75118,BOULEVARD NEY,48.898088,2.344367,Plein jour,En agglomération,Intersection en X,Normale,Autre collision,4,1,2,0,1,1,1,0,1,30,1,2,1,0,0,1,,,deux_roues,,1,2,2,1,6
202300022822,2023-11-15 10:48:00,2023,11,15,10,48,75,75118,BOULEVARD NEY,48.898088,2.344367,Plein jour,En agglomération,Intersection en X,Normale,Autre collision,4,-1, -1,0,1,1,1,0,1,30,1,2,1,0,0,1,,,deux_roues,,1,2,2,1,6
202300022823,2023-06-25 05:00:00,2023,6,25,5,0,59,59360,PARE AMBROISE RUE,50.60164,3.03962,Nuit avec éclairage allumé,En agglomération,Intersection en X,Normale,Deux véhicules - côté,7,2,3,0,1,1,1,0,1,50,2,3,1,0,0,2,51.0,22.0,voiture,voiture,5,2,2,1,3
202300022823,2023-06-25 05:00:00,2023,6,25,5,0,59,59360,PARE AMBROISE RUE,50.60164,3.03962,Nuit avec éclairage allumé,En agglomération,Intersection en X,Normale,Deux véhicules - côté,7,2,4,0,1,1,1,0,1,50,2,3,1,0,0,2,51.0,22.0,voiture,voiture,5,2,2,1,3
202300022824,2023-12-20 08:55:00,2023,12,20,8,55,35,35238,TILLON (AVENUE CHARLES),48.12558,-1.69682,Plein jour,En agglomération,Hors intersection,Normale,Deux véhicules - arrière,4,3,2,2,1,1,1,0,1,50,2,3,2,0,0,1,23.0,21.0,deux_roues,voiture,1,2,1,1,2
202300022825,2023-12-20 16:50:00,2023,12,20,16,50,31,31557,CHE FERRO LEBRES,43.585012,1.372586,Plein jour,En agglomération,Autre intersection,Pluie légère,Autre collision,4,-1,0,0,1,1,2,9,8,50,1,2,1,0,0,1,28.0,,voiture,,1,2,9,2,6
202300022826,2023-09-09 00:40:00,2023,9,9,0,40,59,59185,D645,50.33606,3.20844,Nuit sans éclairage public,En agglomération,Hors intersection,Normale,Autre collision,3,3,2,0,1,1,1,0,1,50,1,2,1,1,0,0,31.0,,voiture,,3,2,1,1,6
202300022827,2023-12-19 07:30:00,2023,12,19,7,30,31,31069,PARC (AV DU),43.631285,1.38865,Nuit sans éclairage public,En agglomération,Hors intersection,Temps couvert,Autre collision,4,3,2,0,1,1,1,6,8,30,1,2,1,0,1,0,42.0,,voiture,,3,2,1,8,6
202300022828,2023-12-20 17:50:00,2023,12,20,17,50,28,28134,EUROPE (BOULEVARD DE L'),48.73779,1.347,Nuit avec éclairage allumé,En agglomération,Hors intersection,Normale,Autre collision,4,1,2,0,1,1,1,0,1,50,1,2,1,0,1,0,50.0,,voiture,,5,2,1,1,6
202300022829,2023-09-07 18:30:00,2023,9,7,18,30,59,59122,LIBERTE (BOULEVARD DE LA),50.1718682,3.22750578,Plein jour,En agglomération,Hors intersection,Normale,Autre collision,4,1,2,0,1,1,1,0,1,50,1,2,1,0,0,1,23.0,,voiture,,1,2,1,1,6
202300022830,2023-09-12 09:55:00,2023,9,12,9,55,58,58194,FRANCIS GARNIER,46.99327,3.1729,Plein jour,En agglomération,Intersection en X,Pluie légère,Deux véhicules - côté,4,2,2,0,1,1,2,0,1,50,2,2,1,0,0,1,15.0,35.0,deux_roues,voiture,1,2,2,2,3
202300022830,2023-09-12 09:55:00,2023,9,12,9,55,58,58194,FRANCIS GARNIER,46.99327,3.1729,Plein jour,En agglomération,Intersection en X,Pluie légère,Deux véhicules - côté,4,2,2,0,1,1,2,0,1,50,2,2,1,0,0,1,15.0,35.0,deux_roues,voiture,1,2,2,2,3
202300022831,2023-12-20 11:10:00,2023,12,20,11,10,27,27229,GAMBETTA (BOULEVARD),49.01918,1.15212,Plein jour,En agglomération,Intersection en X,Temps couvert,Deux véhicules - frontale,4,2,4,0,1,1,2,0,1,50,2,3,2,0,0,1,48.0,66.0,transport_commun,voiture,1,2,2,8,1
202300022831,2023-12-20 11:10:00,2023,12,20,11,10,27,27229,GAMBETTA (BOULEVARD),49.01918,1.15212,Plein jour,En agglomération,Intersection en X,Temps couvert,Deux véhicules - frontale,4,2,2,0,2,3,2,0,1,50,2,3,2,0,0,1,48.0,66.0,transport_commun,voiture,1,2,2,8,1
202300022832,2023-09-11 12:25:00,2023,9,11,12,25,58,58194,ARDENETS,46.97946,3.13153,Plein jour,En agglomération,Intersection en T,Normale,Deux véhicules - côté,4,2,0,0,1,1,1,0,1,50,2,2,1,0,0,1,20.0,58.0,deux_roues,voiture,1,2,3,1,3
202300022832,2023-09-11 12:25:00,2023,9,11,12,25,58,58194,ARDENETS,46.97946,3.13153,Plein jour,En agglomération,Intersection en T,Normale,Deux véhicules - côté,4,2,2,0,1,1,1,0,1,50,2,2,1,0,0,1,20.0,58.0,deux_roues,voiture,1,2,3,1,3
202300022833,2023-12-20 10:12:00,2023,12,20,10,12,27,27229,SEMARD (RUE PIERRE),49.01595,1.16566,Plein jour,En agglomération,Intersection en X,Temps couvert,Deux véhicules - frontale,4,2,2,0,1,1,2,0,1,50,2,2,0,0,0,2,35.0,39.0,voiture,voiture,1,2,2,8,1
202300022833,2023-12-20 10:12:00,2023,12,20,10,12,27,27229,SEMARD (RUE PIERRE),49.01595,1.16566,Plein jour,En agglomération,Intersection en X,Temps couvert,Deux véhicules - frontale,4,2,2,0,1,1,2,0,1,50,2,2,0,0,0,2,35.0,39.0,voiture,voiture,1,2,2,8,1
202300022834,2023-09-08 21:29:00,2023,9,8,21,29,57,57491,TREHEMONT (ROUTE DE),49.25177,6.05154,Nuit avec éclairage allumé,En agglomération,Intersection en T,Normale,Deux véhicules - côté,4,1,1,0,1,1,1,0,1,30,2,2,1,0,0,1,23.0,15.0,voiture,deux_roues,5,2,3,1,3
202300022834,2023-09-08 21:29:00,2023,9,8,21,29,57,57491,TREHEMONT (ROUTE DE),49.25177,6.05154,Nuit avec éclairage allumé,En agglomération,Intersection en T,Normale,Deux véhicules - côté,4,2,2,0,2,1,1,0,1,30,2,2,1,0,0,1,23.0,15.0,voiture,deux_roues,5,2,3,1,3
202300022835,2023-09-11 16:40:00,2023,9,11,16,40,56,56083,REPUBLIQUE ( AV. DE LA ),47.80004,-3.28818,Plein jour,En agglomération,Hors intersection,Normale,Autre collision,3,2,2,0,1,1,1,0,1,50,1,1,0,0,0,1,85.0,,voiture,,1,2,1,1,6
202300022836,2023-12-15 12:30:00,2023,12,15,12,30,26,26008,Route de Rochemaure,44.57578,4.72057,Plein jour,Hors agglomération,Intersection en T,Normale,Deux véhicules - côté,3,2,2,0,1,1,1,0,1,50,2,2,1,0,1,0,63.0,51.0,voiture,deux_roues,1,1,3,1,3
202300022836,2023-12-15 12:30:00,2023,12,15,12,30,26,26008,Route de Rochemaure,44.57578,4.72057,Plein jour,Hors agglomération,Intersection en T,Normale,Deux véhicules - côté,3,2,2,0,1,1,1,0,1,70,2,2,1,0,1,0,63.0,51.0,voiture,deux_roues,1,1,3,1,3
202300022837,2023-09-11 19:00:00,2023,9,11,19,0,56,56162,MOULIN DU TER (RUE DU ),47.73293,-3.40406,Plein jour,Hors agglomération,Hors intersection,Normale,Sans collision,3,2,2,0,2,4,1,0,3,50,1,2,1,0,0,1,56.0,,deux_roues,,1,1,1,1,7
202300022838,2023-09-10 23:54:00,2023,9,10,23,54,56,56098,,47.77812,-3.35489,Nuit sans éclairage public,Hors agglomération,Hors intersection,Normale,Deux véhicules - côté,2,3,6,0,1,1,1,0,1,90,2,2,1,0,0,1,21.0,38.0,voiture,voiture,3,1,1,1,3
202300022839,2023-12-15 11:45:00,2023,12,15,11,45,24,24322,FENELON (COURS),45.18165,0.72105,Plein jour,En agglomération,Hors intersection,Normale,Autre collision,3,2,2,0,1,1,1,9,1,50,1,2,1,0,1,0,71.0,,voiture,,1,2,1,1,6
202300022840,2023-09-09 19:57:00,2023,9,9,19,57,56,56162,DOLMEN (RUE DU),47.7042991,-3.4453561,Plein jour,En agglomération,Intersection en T,Normale,Deux véhicules - frontale,4,2,2,0,1,1,1,5,1,30,2,3,2,0,0,1,21.0,47.0,utilitaire_camion,voiture,1,2,3,1,1
202300022840,2023-09-09 19:57:00,2023,9,9,19,57,56,56162,DOLMEN (RUE DU),47.7042991,-3.4453561,Plein jour,En agglomération,Intersection en T,Normale,Deux véhicules - frontale,4,3,2,0,1,1,1,5,1,30,2,3,2,0,0,1,21.0,47.0,utilitaire_camion,voiture,1,2,3,1,1
202300022841,2023-12-18 10:39:00,2023,12,18,10,39,21,21278,AHUY (D') (ROUTE),47.34704,5.03491,Plein jour,En agglomération,Giratoire,Normale,Deux véhicules - côté,4,1,1,0,1,1,1,0,1,50,2,2,1,0,0,1,12.0,69.0,deux_roues,voiture,1,2,6,1,3
202300022841,2023-12-18 10:39:00,2023,12,18,10,39,21,21278,AHUY (D') (ROUTE),47.34704,5.03491,Plein jour,En agglomération,Giratoire,Normale,Deux véhicules - côté,4,-1,1,0,1,1,1,0,1,50,2,2,1,0,0,1,12.0,69.0,deux_roues,voiture,1,2,6,1,3
202300022842,2023-09-11 18:45:00,2023,9,11,18,45,54,54578,Boulevard du Docteur Cattenoz,48.67332697,6.1599344,Plein jour,En agglomération,Intersection en T,Temps éblouissant,Deux véhicules - côté,4,2,2,2,1,1,1,-1,1,50,2,2,1,0,0,1,21.0,51.0,voiture,deux_roues,1,2,3,7,3
202300022842,2023-09-11 18:45:00,2023,9,11,18,45,54,54578,Boulevard du Docteur Cattenoz,48.67332697,6.1599344,Plein jour,En agglomération,Intersection en T,Temps éblouissant,Deux véhicules - côté,4,-1,2,0,1,1,1,0,1,50,2,2,1,0,0,1,21.0,51.0,voiture,deux_roues,1,2,3,7,3
202300022843,2023-12-19 18:45:00,2023,12,19,18,45,14,14118,137 Rue de Falaise,49.168522,-0.352014,Nuit avec éclairage allumé,En agglomération,Hors intersection,Pluie légère,Autre collision,4,2,2,0,1,1,2,0,1,50,1,2,1,0,0,1,32.0,,voiture,,5,2,1,2,6
202300022844,2023-09-11 19:50:00,2023,9,11,19,50,54,54274,Rue Gabriel Fauré,48.67120857,6.21171176,Crépuscule ou aube,En agglomération,Hors intersection,Normale,Deux véhicules - côté,4,2,1,2,2,3,1,9,5,50,2,2,1,0,1,0,39.0,55.0,deux_roues,deux_roues,2,2,1,1,3
202300022845,2023-12-19 18:10:00,2023,12,19,18,10,14,14118,JUIN (BOULEVARD MARECHAL),49.20311,-0.39081,Nuit avec éclairage allumé,En agglomération,Hors intersection,Pluie forte,Autre collision,3,1,0,0,1,3,2,0,1,50,1,2,1,0,0,1,48.0,,deux_roues,,5,2,1,3,6
202300022846,2023-09-12 14:35:00,2023,9,12,14,35,54,54270,D26,49.47743,5.88552,Plein jour,Hors agglomération,Hors intersection,Normale,Autre collision,3,2,2,0,1,2,1,0,3,80,1,1,0,0,0,1,30.0,,voiture,,1,1,1,1,6