accident_id,datetime,annee,mois,jour,heure,minute,departement,commune_insee,adresse,latitude,longitude,luminosite,agglomeration,intersection,meteo,collision,catr,circ,nbv,vosp,prof,plan,surf,infra,situ,vma,nb_vehicules,nb_usagers,nb_indemnes,nb_tues,nb_blesses_hosp,nb_blesses_legers,age_cond_1,age_cond_2,veh_type_cond_1,veh_type_cond_2,lum_code,agg_code,int_code,atm_code,col_code
202300022847,2023-12-19 17:30:00,2023,12,19,17,30,14,14437,65 Avenue Pierre Mendès France,49.1701,-0.32393,Nuit avec éclairage allumé,En agglomération,Hors intersection,Pluie forte,Autre collision,3,2,3,0,1,1,2,0,1,50,1,2,1,0,0,1,71.0,,voiture,,5,2,1,3,6
202300022848,2023-09-07 14:00:00,2023,9,7,14,0,52,52448,RN4,48.62582,4.93471,Plein jour,Hors agglomération,Hors intersection,Normale,Trois véhicules et plus - collisions multiples,2,2,0,0,1,1,1,2,1,80,3,3,2,0,0,1,22.0,60.0,utilitaire_camion,utilitaire_camion,1,1,1,1,5
202300022849,2023-12-20 12:45:00,2023,12,20,12,45,13,13210,CAPELETTE (AVENUE DE LA),43.27963187,5.41055937,Plein jour,En agglomération,Hors intersection,Normale,Deux véhicules - côté,4,2,2,0,1,1,1,0,1,50,2,2,1,0,0,1,13.0,23.0,deux_roues,deux_roues,1,2,1,1,3
202300022850,2023-12-19 20:15:00,2023,12,19,20,15,13,13210,JACQUES HEBERT (RUE),43.2831,5.39277,Nuit avec éclairage allumé,En agglomération,Hors intersection,Normale,Deux véhicules - côté,4,1,1,0,1,2,1,0,1,50,2,2,1,0,0,1,26.0,39.0,deux_roues,voiture,5,2,1,1,3
202300022851,2023-09-12 17:30:00,2023,9,12,17,30,51,51454,VIGNOBLE (ALLEE),49.2225,4.01452,Plein jour,En agglomération,Intersection en X,Temps couvert,Deux véhicules - arrière,4,2, -1,-1,2,1,2,5,1,-1,2,4,2,0,0,2,57.0,18.0,voiture,voiture,1,2,2,8,2
202300022851,2023-09-12 17:30:00,2023,9,12,17,30,51,51454,VIGNOBLE (ALLEE),49.2225,4.01452,Plein jour,En agglomération,Intersection en X,Temps couvert,Deux véhicules - arrière,4,2,2,0,2,1,2,5,1,50,2,4,2,0,0,2,57.0,18.0,voiture,voiture,1,2,2,8,2
202300022852,2023-12-19 11:00:00,2023,12,19,11,0,13,13208,PRADO (AVENUE DU),43.276,5.389,Plein jour,En agglomération,Hors intersection,Normale,Autre collision,4,3,2,0,1,1,1,6,1,50,1,2,1,0,1,0,59.0,,utilitaire_camion,,1,2,1,1,6
202300022853,2023-09-12 08:47:00,2023,9,12,8,47,51,51454,FARMAN (AVENUE HENRI),49.2367,4.0711,Plein jour,En agglomération,Autre intersection,Normale,Deux véhicules - côté,4,1,2,0,1,1,1,0,1,50,2,2,1,0,0,1,43.0,48.0,utilitaire_camion,deux_roues,1,2,9,1,3
202300022854,2023-12-20 13:25:00,2023,12,20,13,25,13,13001,CLUB HIPPIQUE (AV),43.51263,5.42708,Plein jour,En agglomération,Hors intersection,Normale,Deux véhicules - côté,4,2,2,0,1,1,1,5,1,50,2,2,1,0,0,1,27.0,47.0,deux_roues,voiture,1,2,1,1,3
202300022855,2023-09-08 18:45:00,2023,9,8,18,45,51,51172,ALSACE LORRAINE (BOULEVARD),49.2196,4.0414,Plein jour,En agglomération,Giratoire,Normale,Deux véhicules - côté,4,2,4,1,1,1,1,0,1,50,2,2,1,0,0,1,,49.0,utilitaire_camion,deux_roues,1,2,6,1,3
202300022855,2023-09-08 18:45:00,2023,9,8,18,45,51,51172,ALSACE LORRAINE (BOULEVARD),49.2196,4.0414,Plein jour,En agglomération,Giratoire,Normale,Deux véhicules - côté,4,2,2,0,1,1,1,0,1,50,2,2,1,0,0,1,,49.0,utilitaire_camion,deux_roues,1,2,6,1,3
202300022856,2023-09-10 10:00:00,2023,9,10,10,0,51,51454,VOLTAIRE (RUE),49.25593,4.0386,Plein jour,En agglomération,Intersection en Y,Normale,Autre collision,4,1, -1,-1,1,1,1,-1,1,-1,1,1,0,0,0,1,57.0,,voiture,,1,2,4,1,6
202300022856,2023-09-10 10:00:00,2023,9,10,10,0,51,51454,VOLTAIRE (RUE),49.25593,4.0386,Plein jour,En agglomération,Intersection en Y,Normale,Autre collision,4,1, -1,-1,1,2,1,-1,1,-1,1,1,0,0,0,1,57.0,,voiture,,1,2,4,1,6
202300022856,2023-09-10 10:00:00,2023,9,10,10,0,51,51454,VOLTAIRE (RUE),49.25593,4.0386,Plein jour,En agglomération,Intersection en Y,Normale,Autre collision,4,1,1,0,2,1,1,0,4,30,1,1,0,0,0,1,57.0,,voiture,,1,2,4,1,6
202300022857,2023-12-17 08:40:00,2023,12,17,8,40,07,07186,MOBILES (BLD. DES),44.73619,4.60125,Plein jour,En agglomération,Intersection en T,Normale,Deux véhicules - côté,3,1,2,0,3,1,1,0,1,50,2,2,1,0,0,1,82.0,56.0,voiture,deux_roues,1,2,3,1,3
202300022857,2023-12-17 08:40:00,2023,12,17,8,40,07,07186,MOBILES (BLD. DES),44.73619,4.60125,Plein jour,En agglomération,Intersection en T,Normale,Deux véhicules - côté,3,2,2,0,3,2,1,0,1,50,2,2,1,0,0,1,82.0,56.0,voiture,deux_roues,1,2,3,1,3
202300022858,2023-12-20 07:30:00,2023,12,20,7,30,07,07281,C.D. 533 (VERS LE PUY),44.93217,4.79362,Nuit sans éclairage public,Hors agglomération,Hors intersection,Pluie légère,Deux véhicules - frontale,3,2,2,0,2,2,2,0,1,90,2,2,1,0,0,1,24.0,53.0,voiture,utilitaire_camion,3,1,1,2,1
202300022859,2023-09-09 18:20:00,2023,9,9,18,20,50,50129,THIVET ( avenue du ),49.63549,-1.66567,Plein jour,En agglomération,Intersection en X,Normale,Sans collision,3,2,2,0,2,1,1,0,1,50,1,2,1,0,0,1,40.0,,deux_roues,,1,2,2,1,7
202300022859,2023-09-09 18:20:00,2023,9,9,18,20,50,50129,THIVET ( avenue du ),49.63549,-1.66567,Plein jour,En agglomération,Intersection en X,Normale,Sans collision,3,2,2,0,1,1,1,0,1,50,1,2,1,0,0,1,40.0,,deux_roues,,1,2,2,1,7
202300022860,2023-08-31 09:26:00,2023,8,31,9,26,46,46042,BASTIE (AVENUE MARYSE),44.45935,1.4242,Plein jour,En agglomération,Hors intersection,Normale,Autre collision,3,2,2,0,1,1,1,0,1,50,1,2,1,0,1,0,88.0,,voiture,,1,2,1,1,6
202300022861,2023-09-12 08:30:00,2023,9,12,8,30,45,45234,2 Rue Alexandre Avisse,47.90315,1.893427,Plein jour,En agglomération,Hors intersection,Normale,Autre collision,4,1,1,0,1,1,1,0,1,50,1,2,1,0,0,1,,,voiture,,1,2,1,1,6
202300022862,2023-09-10 22:47:00,2023,9,10,22,47,45,45004,D2107 PR 0 + 793,47.98680768,2.7325514,Nuit avec éclairage allumé,En agglomération,Hors intersection,Normale,Sans collision,3,2,2,0,1,1,1,0,4,50,1,1,0,0,1,0,45.0,,deux_roues,,5,2,1,1,7
202300022863,2023-12-19 14:15:00,2023,12,19,14,15,06,06088,Promenade des Anglais,43.6819761,7.232397,Plein jour,En agglomération,Hors intersection,Normale,Deux véhicules - côté,7,3,6,0,1,1,1,0,1,50,2,3,0,0,1,2,71.0,46.0,voiture,voiture,1,2,1,1,3
202300022864,2023-09-04 08:56:00,2023,9,4,8,56,45,45004,D93 PR 0 + 393,47.97737,2.73652,Plein jour,En agglomération,Hors intersection,Normale,Deux véhicules - côté,3,2,2,0,1,1,1,0,1,50,2,2,1,0,0,1,40.0,33.0,deux_roues,voiture,1,2,1,1,3
202300022865,2023-09-09 20:23:00,2023,9,9,20,23,45,45208,Boulevard John Kennedy,47.9982834,2.72085589,Crépuscule ou aube,En agglomération,Hors intersection,Normale,Sans collision,4,2,2,0,1,1,1,0,3,50,1,1,0,0,0,1,31.0,,voiture,,2,2,1,1,7
202300022866,2023-09-11 15:25:00,2023,9,11,15,25,44,44184,Rue Pitre Grenapin,47.260403,-2.258477,Plein jour,En agglomération,Hors intersection,Normale,Deux véhicules - côté,4,2,2,0,1,1,1,0,1,50,2,2,1,0,0,1,33.0,34.0,deux_roues,voiture,1,2,1,1,3
202300022867,2023-12-19 09:00:00,2023,12,19,9,0,06,06088,BARLA (RUE),43.701952,7.282894,Plein jour,En agglomération,Intersection en T,Normale,Autre collision,4,2,2,0,1,1,1,0,1,50,1,2,1,0,1,0,39.0,,voiture,,1,2,3,1,6
202300022867,2023-12-19 09:00:00,2023,12,19,9,0,06,06088,BARLA (RUE),43.701952,7.282894,Plein jour,En agglomération,Intersection en T,Normale,Autre collision,4,1,2,0,1,1,1,0,8,50,1,2,1,0,1,0,39.0,,voiture,,1,2,3,1,6
202300022868,2023-09-11 19:10:00,2023,9,11,19,10,43,43157,2b Boulevard Alexandre Clair,45.03958,3.88215,Crépuscule ou aube,En agglomération,Intersection en T,Normale,Trois véhicules et plus - collisions multiples,3,1,2,0,1,1,1,0,3,30,3,4,3,0,1,0,36.0,17.0,voiture,deux_roues,2,2,3,1,5
202300022868,2023-09-11 19:10:00,2023,9,11,19,10,43,43157,2b Boulevard Alexandre Clair,45.03958,3.88215,Crépuscule ou aube,En agglomération,Intersection en T,Normale,Trois véhicules et plus - collisions multiples,3,1,1,0,4,1,1,0,3,30,3,4,3,0,1,0,36.0,17.0,voiture,deux_roues,2,2,3,1,5
202300022869,2023-12-19 20:00:00,2023,12,19,20,0,06,06069,Route de Cannes,43.62469,6.96474,Nuit avec éclairage allumé,En agglomération,Hors intersection,Normale,Deux véhicules - côté,4,3,2,0,1,1,1,9,1,50,2,2,1,0,0,1,18.0,53.0,voiture,voiture,5,2,1,1,3
202300022870,2023-09-10 21:10:00,2023,9,10,21,10,41,41047,RD 2152,47.60314,1.34959,Nuit avec éclairage allumé,En agglomération,Intersection en X,Normale,Deux véhicules - côté,3,1,2,0,1,1,1,5,1,50,2,3,1,0,0,2,39.0,24.0,voiture,deux_roues,5,2,2,1,3
202300022870,2023-09-10 21:10:00,2023,9,10,21,10,41,41047,RD 2152,47.60314,1.34959,Nuit avec éclairage allumé,En agglomération,Intersection en X,Normale,Deux véhicules - côté,3,4,2,0,1,1,1,5,1,50,2,3,1,0,0,2,39.0,24.0,voiture,deux_roues,5,2,2,1,3
202300022871,2023-12-20 13:25:00,2023,12,20,13,25,06,06029,POESIE (AVENUE PIERRE),43.55256,6.96278,Plein jour,En agglomération,Hors intersection,Normale,Deux véhicules - côté,4,3,4,0,1,1,1,5,1,50,2,2,1,0,0,1,32.0,24.0,voiture,deux_roues,1,2,1,1,3
202300022872,2023-09-12 18:35:00,2023,9,12,18,35,38,38516,CHARTREUSE (ROUTE DE) 34 A FIN,45.20782,5.74152,Plein jour,En agglomération,Intersection en Y,Normale,Deux véhicules - côté,3,2,2,0,2,2,1,0,1,50,2,2,1,0,1,0,37.0,36.0,voiture,deux_roues,1,2,4,1,3
202300022872,2023-09-12 18:35:00,2023,9,12,18,35,38,38516,CHARTREUSE (ROUTE DE) 34 A FIN,45.20782,5.74152,Plein jour,En agglomération,Intersection en Y,Normale,Deux véhicules - côté,3,2,2,0,2,1,1,0,8,50,2,2,1,0,1,0,37.0,36.0,voiture,deux_roues,1,2,4,1,3
202300022873,2023-09-12 14:02:00,2023,9,12,14,2,38,38169,CURIE (BOULEVARD J.),45.1914,5.69492,Plein jour,En agglomération,Hors intersection,Normale,Autre collision,4,2,2,0,1,1,1,0,1,50,1,2,1,0,0,1,59.0,,utilitaire_camion,,1,2,1,1,6
202300022874,2023-12-20 17:50:00,2023,12,20,17,50,75,75118,BOULEVARD BARBES,48.889734,2.34964,Nuit avec éclairage allumé,En agglomération,Intersection en T,Temps couvert,Autre collision,4,-1,1,0,2,1,2,0,1,30,1,2,1,0,0,1,19.0,,deux_roues,,5,2,3,8,6
202300022874,2023-12-20 17:50:00,2023,12,20,17,50,75,75118,BOULEVARD BARBES,48.889734,2.34964,Nuit avec éclairage allumé,En agglomération,Intersection en T,Temps couvert,Autre collision,4,1, -1,-1,1,1,2,0,1,-1,1,2,1,0,0,1,19.0,,deux_roues,,5,2,3,8,6
202300022875,2023-09-11 09:45:00,2023,9,11,9,45,38,38185,BOULEVARD AGUTTE SEMBAT,45.18875,5.72574,Plein jour,En agglomération,Intersection en T,Normale,Autre collision,4,2,2,3,1,1,1,6,1,30,1,2,1,0,0,1,,,deux_roues,,1,2,3,1,6
202300022875,2023-09-11 09:45:00,2023,9,11,9,45,38,38185,BOULEVARD AGUTTE SEMBAT,45.18875,5.72574,Plein jour,En agglomération,Intersection en T,Normale,Autre collision,4,2,2,3,1,1,1,6,1,30,1,2,1,0,0,1,,,deux_roues,,1,2,3,1,6
202300022876,2023-09-12 08:45:00,2023,9,12,8,45,38,38053,HERRIOT (EDOUARD),45.58721,5.2726,Plein jour,En agglomération,Hors intersection,Normale,Deux véhicules - côté,4,1,1,0,1,1,1,0,1,50,2,3,2,0,0,1,43.0,23.0,voiture,deux_roues,1,2,1,1,3
202300022877,2023-09-12 19:10:00,2023,9,12,19,10,37,37261,NAPOLEON (PONT),47.39924,0.67547,Plein jour,En agglomération,Hors intersection,Normale,Deux véhicules - arrière,4,2,2,0,1,1,1,0,1,50,2,3,1,0,0,2,23.0,20.0,deux_roues,utilitaire_camion,1,2,1,1,2
202300022878,2023-12-20 10:07:00,2023,12,20,10,7,75,75105,QUAI SAINT MICHEL,48.85339,2.345613,Plein jour,En agglomération,Hors intersection,Normale,Deux véhicules - arrière,4,1,3,0,1,1,1,0,1,30,2,2,1,0,0,1,34.0,,deux_roues,deux_roues,1,2,1,1,2
202300022879,2023-09-11 14:00:00,2023,9,11,14,0,37,37261,STRAUSS (RUE JOHANN),47.36759,0.71056,Plein jour,En agglomération,Hors intersection,Normale,Autre collision,4,2,2,0,1,1,1,0,1,50,1,2,0,0,0,2,26.0,,deux_roues,,1,2,1,1,6
202300022880,2023-09-11 18:30:00,2023,9,11,18,30,35,35278,RD 82,48.16229,-1.69011,Plein jour,Hors agglomération,Intersection en T,Normale,Autre collision,3,2,2,0,1,1,1,0,1,80,1,2,1,0,0,1,61.0,,voiture,,1,1,3,1,6
202300022880,2023-09-11 18:30:00,2023,9,11,18,30,35,35278,RD 82,48.16229,-1.69011,Plein jour,Hors agglomération,Intersection en T,Normale,Autre collision,3,2,3,0,1,1,1,0,1,80,1,2,1,0,0,1,61.0,,voiture,,1,1,3,1,6
202300022881,2023-09-11 14:55:00,2023,9,11,14,55,35,35238,GUYENNE (AVENUE DE),48.12141,-1.71461,Plein jour,En agglomération,Intersection en X,Normale,Deux véhicules - côté,4,2,2,0,1,1,1,0,1,30,2,3,2,0,0,1,30.0,13.0,voiture,deux_roues,1,2,2,1,3
202300022882,2023-12-18 21:50:00,2023,12,18,21,50,75,75105,BOULEVARD DE PORT ROYAL,48.839482,2.337601,Nuit avec éclairage allumé,En agglomération,Intersection en X,Normale,Deux véhicules - côté,4,2,#VALEURMULTI,0,1,1,1,0,1,30,2,2,1,0,0,1,28.0,36.0,deux_roues,voiture,5,2,2,1,3
202300022883,2023-09-11 12:00:00,2023,9,11,12,0,35,35278,RD 29,48.1571601,-1.69866174,Plein jour,Hors agglomération,Hors intersection,Normale,Trois véhicules et plus - en chaîne,3,2,2,0,1,1,1,0,1,80,3,6,5,0,0,1,51.0,53.0,voiture,voiture,1,1,1,1,4
202300022884,2023-09-11 17:08:00,2023,9,11,17,8,34,34032,PEZENAS (ROUTE DE),43.35756,3.2426,Plein jour,En agglomération,Hors intersection,Normale,Deux véhicules - côté,4,2,3,0,1,1,1,0,1,50,2,2,1,0,1,0,21.0,45.0,deux_roues,voiture,1,2,1,1,3
202300022885,2023-12-20 14:10:00,2023,12,20,14,10,75,75120,AVENUE DU PROFESSEUR ANDRE LEMIERE,48.858357,2.414626,Plein jour,En agglomération,Hors intersection,Normale,Deux véhicules - côté,4,2,2,0,1,1,1,0,1,50,2,2,1,0,0,1,55.0,,deux_roues,deux_roues,1,2,1,1,3
202300022886,2023-09-11 15:20:00,2023,9,11,15,20,34,34003,MARCELLIN ALBERT (H15 A H16,43.308,3.47803,Plein jour,En agglomération,Hors intersection,Normale,Deux véhicules - côté,4,1,1,1,1,1,1,0,5,30,2,2,1,0,1,0,,63.0,autre,deux_roues,1,2,1,1,3
202300022887,2023-09-12 17:05:00,2023,9,12,17,5,33,33192,Cours du Général de Gaulle,44.78971,-0.60519,Plein jour,En agglomération,Hors intersection,Pluie forte,Trois véhicules et plus - en chaîne,4,2,4,1,1,1,2,2,1,50,3,5,2,0,0,3,61.0,22.0,voiture,voiture,1,2,1,3,4
202300022888,2023-09-12 16:40:00,2023,9,12,16,40,33,33550,Route de Toulouse,44.78186043,-0.56602389,Plein jour,En agglomération,Passage à niveau,Pluie forte,Autre collision,4,2,4,3,1,1,2,4,1,50,1,2,1,0,0,1,57.0,,transport_commun,,1,2,8,3,6
202300022889,2023-09-11 17:55:00,2023,9,11,17,55,33,33167,Rue Jules Guesde,44.82922,-0.5287,Plein jour,En agglomération,Hors intersection,Normale,Autre collision,4,2,2,0,1,1,1,0,1,30,1,1,0,0,1,0,26.0,,deux_roues,,1,2,1,1,6
202300022890,2023-09-11 09:45:00,2023,9,11,9,45,33,33063,Boulevard des Frères Moga,44.82385093,-0.54325461,Plein jour,Hors agglomération,Hors intersection,Normale,Trois véhicules et plus - en chaîne,4,3,6,0,1,1,1,0,1,50,3,3,2,0,1,0,22.0,50.0,deux_roues,voiture,1,1,1,1,4
202300022891,2023-12-20 17:10:00,2023,12,20,17,10,75,75119,RUE AUGUSTIN THIERRY,48.876355,2.393124,Nuit avec éclairage allumé,En agglomération,Intersection en T,Normale,Autre collision,4,1,3,2,2,1,2,0,5,30,1,2,1,0,0,1,40.0,,deux_roues,,5,2,3,1,6
202300022891,2023-12-20 17:10:00,2023,12,20,17,10,75,75119,RUE AUGUSTIN THIERRY,48.876355,2.393124,Nuit avec éclairage allumé,En agglomération,Intersection en T,Normale,Autre collision,4,1,1,0,2,1,2,0,5,30,1,2,1,0,0,1,40.0,,deux_roues,,5,2,3,1,6
202300022892,2023-09-12 19:55:00,2023,9,12,19,55,32,32013,DARWIN,43.6331,0.58923,Crépuscule ou aube,En agglomération,Giratoire,Temps couvert,Sans collision,4,2,2,0,1,1,3,0,1,50,1,1,0,0,0,1,33.0,,deux_roues,,2,2,6,8,7
202300022892,2023-09-12 19:55:00,2023,9,12,19,55,32,32013,DARWIN,43.6331,0.58923,Crépuscule ou aube,En agglomération,Giratoire,Temps couvert,Sans collision,4,2,2,0,1,1,3,0,1,50,1,1,0,0,0,1,33.0,,deux_roues,,2,2,6,8,7
202300022893,2023-12-20 16:53:00,2023,12,20,16,53,75,75118,AVENUE DE SAINT OUEN,48.890411,2.326602,Crépuscule ou aube,En agglomération,Intersection en T,Pluie légère,Autre collision,4,2,4,1,2,1,2,0,5,30,1,2,1,0,0,1,24.0,,deux_roues,,2,2,3,2,6
202300022893,2023-12-20 16:53:00,2023,12,20,16,53,75,75118,AVENUE DE SAINT OUEN,48.890411,2.326602,Crépuscule ou aube,En agglomération,Intersection en T,Pluie légère,Autre collision,4,2, -1,-1,1,1,2,0,5,-1,1,2,1,0,0,1,24.0,,deux_roues,,2,2,3,2,6
202300022894,2023-09-11 13:03:00,2023,9,11,13,3,31,31555,TUCAUT (CHE DE) DU 8AU 364,43.56014,1.3605,Plein jour,En agglomération,Intersection en X,Normale,Deux véhicules - côté,4,2,2,3,1,1,1,9,1,50,2,3,1,0,1,1,31.0,26.0,deux_roues,transport_commun,1,2,2,1,3
202300022894,2023-09-11 13:03:00,2023,9,11,13,3,31,31555,TUCAUT (CHE DE) DU 8AU 364,43.56014,1.3605,Plein jour,En agglomération,Intersection en X,Normale,Deux véhicules - côté,4,2,2,0,1,1,1,0,1,50,2,3,1,0,1,1,31.0,26.0,deux_roues,transport_commun,1,2,2,1,3
202300022895,2023-09-07 08:03:00,2023,9,7,8,3,30,30189,Rue Docteur Calmette,43.82933357,4.36694473,Plein jour,En agglomération,Intersection en T,Normale,Deux véhicules - côté,4,2,2,0,1,1,1,0,1,50,2,2,1,0,1,0,25.0,41.0,voiture,deux_roues,1,2,3,1,3
202300022895,2023-09-07 08:03:00,2023,9,7,8,3,30,30189,Rue Docteur Calmette,43.82933357,4.36694473,Plein jour,En agglomération,Intersection en T,Normale,Deux véhicules - côté,4,1,1,0,1,1,1,0,1,50,2,2,1,0,1,0,25.0,41.0,voiture,deux_roues,1,2,3,1,3
202300022896,2023-09-12 20:15:00,2023,9,12,20,15,29,29232,Rond-Point Gutenberg,47.98020542,-4.08071553,Plein jour,Hors agglomération,Giratoire,Normale,Autre collision,3,1,1,0,2,2,1,0,8,30,1,1,0,0,0,1,28.0,,voiture,,1,1,6,1,6
202300022897,2023-12-20 12:15:00,2023,12,20,12,15,75,75116,RUE PERGOLESE,48.874392,2.28285,Plein jour,En agglomération,Intersection en T,Normale,Deux véhicules - arrière,4,1, -1,-1,1,1,1,0,1,-1,2,2,1,0,0,1,41.0,23.0,utilitaire_camion,deux_roues,1,2,3,1,2
202300022897,2023-12-20 12:15:00,2023,12,20,12,15,75,75116,RUE PERGOLESE,48.874392,2.28285,Plein jour,En agglomération,Intersection en T,Normale,Deux véhicules - arrière,4,1,1,0,1,1,1,0,1,30,2,2,1,0,0,1,41.0,23.0,utilitaire_camion,deux_roues,1,2,3,1,2
202300022898,2023-09-11 14:00:00,2023,9,11,14,0,29,29019,avenue de Tarente,48.403379,-4.507795,Plein jour,En agglomération,Hors intersection,Normale,Autre collision,4,3,4,0,2,1,1,8,1,50,1,2,1,0,1,0,49.0,,voiture,,1,2,1,1,6
202300022899,2023-09-07 17:00:00,2023,9,7,17,0,26,26198,Vieille Route du Teil,44.56285,4.74723,Plein jour,En agglomération,Hors intersection,Normale,Autre collision,4,2,2,0,1,1,1,0,1,50,1,2,1,0,0,1,98.0,,voiture,,1,2,1,1,6
202300022900,2023-09-12 21:00:00,2023,9,12,21,0,25,25388,HOLLANDE (RUE DE LA PETITE),47.5038,6.79513,Nuit avec éclairage allumé,En agglomération,Autre intersection,Normale,Deux véhicules - côté,4,-1,2,0,2,1,1,5,8,50,2,3,2,0,1,0,20.0,20.0,deux_roues,voiture,5,2,9,1,3
202300022901,2023-09-12 10:20:00,2023,9,12,10,20,25,25056,CHASNOT RUE DU,47.25211,6.0269,Plein jour,En agglomération,Intersection en X,Normale,Deux véhicules - côté,4,2,2,0,1,1,1,5,1,50,2,2,1,0,0,1,54.0,79.0,voiture,voiture,1,2,2,1,3
202300022901,2023-09-12 10:20:00,2023,9,12,10,20,25,25056,CHASNOT RUE DU,47.25211,6.0269,Plein jour,En agglomération,Intersection en X,Normale,Deux véhicules - côté,4,2,2,0,4,1,1,5,1,50,2,2,1,0,0,1,54.0,79.0,voiture,voiture,1,2,2,1,3
202300022902,2023-12-20 13:10:00,2023,12,20,13,10,75,75115,AVENUE DE SUFFREN,48.84581498,2.30955362,Plein jour,En agglomération,Intersection en X,Normale,Deux véhicules - côté,4,1,1,1,1,1,1,0,1,50,2,2,1,0,0,1,,19.0,utilitaire_camion,deux_roues,1,2,2,1,3
202300022902,2023-12-20 13:10:00,2023,12,20,13,10,75,75115,AVENUE DE SUFFREN,48.84581498,2.30955362,Plein jour,En agglomération,Intersection en X,Normale,Deux véhicules - côté,4,2, -1,-1,1,1,1,0,1,-1,2,2,1,0,0,1,,19.0,utilitaire_camion,deux_roues,1,2,2,1,3
202300022903,2023-09-12 14:57:00,2023,9,12,14,57,22,22187,CHALUTIER SANS PITIE (Avenue du),48.53013,-2.76466,Plein jour,En agglomération,Intersection en X,Normale,Deux véhicules - côté,4,2,2,0,1,3,2,0,1,50,2,3,0,0,0,3,37.0,25.0,voiture,voiture,1,2,2,1,3
202300022903,2023-09-12 14:57:00,2023,9,12,14,57,22,22187,CHALUTIER SANS PITIE (Avenue du),48.53013,-2.76466,Plein jour,En agglomération,Intersection en X,Normale,Deux véhicules - côté,4,2,3,0,1,1,2,0,1,50,2,3,0,0,0,3,37.0,25.0,voiture,voiture,1,2,2,1,3
202300022904,2023-09-12 07:40:00,2023,9,12,7,40,22,22278,FONTAINE-SAINT-BRIEUC (DE LA),48.51769,-2.76644,Plein jour,En agglomération,Autre intersection,Normale,Autre collision,4,2,2,0,4,3,1,0,1,30,1,2,1,0,0,1,54.0,,voiture,,1,2,9,1,6
202300022905,2023-12-20 11:30:00,2023,12,20,11,30,75,75115,RUE NANTEUIL,48.835141,2.305568,Plein jour,En agglomération,Intersection en T,Normale,Autre collision,4,1, -1,-1,1,1,1,0,1,-1,1,2,1,0,0,1,70.0,,voiture,,1,2,3,1,6
202300022905,2023-12-20 11:30:00,2023,12,20,11,30,75,75115,RUE NANTEUIL,48.835141,2.305568,Plein jour,En agglomération,Intersection en T,Normale,Autre collision,4,1,1,0,1,1,1,0,1,30,1,2,1,0,0,1,70.0,,voiture,,1,2,3,1,6
202300022906,2023-09-08 16:25:00,2023,9,8,16,25,19,19031,Boulevard Brune,45.15316,1.53437,Plein jour,En agglomération,Intersection en T,Normale,Autre collision,4,2,2,0,1,1,1,0,1,50,1,2,1,0,0,1,62.0,,voiture,,1,2,3,1,6
202300022906,2023-09-08 16:25:00,2023,9,8,16,25,19,19031,Boulevard Brune,45.15316,1.53437,Plein jour,En agglomération,Intersection en T,Normale,Autre collision,4,2,2,0,1,1,1,6,1,50,1,2,1,0,0,1,62.0,,voiture,,1,2,3,1,6
202300022907,2023-09-07 09:30:00,2023,9,7,9,30,19,19031,RIBOT (AVENUE),45.16473,1.51318,Plein jour,En agglomération,Intersection en T,Normale,Deux véhicules - côté,4,2,2,0,1,1,1,0,1,50,2,2,1,0,0,1,89.0,61.0,voiture,deux_roues,1,2,3,1,3
202300022907,2023-09-07 09:30:00,2023,9,7,9,30,19,19031,RIBOT (AVENUE),45.16473,1.51318,Plein jour,En agglomération,Intersection en T,Normale,Deux véhicules - côté,4,2,2,0,1,1,1,0,1,50,2,2,1,0,0,1,89.0,61.0,voiture,deux_roues,1,2,3,1,3
202300022908,2023-09-08 08:35:00,2023,9,8,8,35,18,18033,49 Avenue des Frères Voisin,47.0695,2.3763,Plein jour,En agglomération,Giratoire,Normale,Autre collision,4,2,2,0,1,1,1,0,8,50,1,2,1,0,1,0,50.0,,voiture,,1,2,6,1,6
202300022908,2023-09-08 08:35:00,2023,9,8,8,35,18,18033,49 Avenue des Frères Voisin,47.0695,2.3763,Plein jour,En agglomération,Giratoire,Normale,Autre collision,4,2,2,0,1,1,1,0,1,50,1,2,1,0,1,0,50.0,,voiture,,1,2,6,1,6
202300022909,2023-12-20 10:50:00,2023,12,20,10,50,75,75115,RUE DE DANTZIG,48.832526,2.297625,Plein jour,En agglomération,Intersection en T,Normale,Autre collision,4,-1,1,0,1,1,1,0,1,30,1,2,1,0,0,1,35.0,,utilitaire_camion,,1,2,3,1,6
202300022909,2023-12-20 10:50:00,2023,12,20,10,50,75,75115,RUE DE DANTZIG,48.832526,2.297625,Plein jour,En agglomération,Intersection en T,Normale,Autre collision,4,-1,0,0,1,1,1,0,1,30,1,2,1,0,0,1,35.0,,utilitaire_camion,,1,2,3,1,6
202300022910,2023-09-11 11:50:00,2023,9,11,11,50,17,17333,COTE DE BEAUTE (BOULEVARD),45.6015,-1.00001,Plein jour,En agglomération,Hors intersection,Pluie forte,Autre collision,3,2,2,0,1,1,2,0,1,50,1,2,1,0,1,0,72.0,,voiture,,1,2,1,3,6
202300022911,2023-09-11 23:30:00,2023,9,11,23,30,13,13213,JEAN PAUL SARTRE (AVENUE),43.32179555,5.41772377,Nuit avec éclairage allumé,En agglomération,Autre intersection,Normale,Autre collision,3,3,2,0,1,1,1,0,1,50,1,4,1,0,0,3,,,autre,,5,2,9,1,6
202300022912,2023-09-11 15:00:00,2023,9,11,15,0,13,13208,MADRAGUE DE MONTREDON (AVE DE LA) ,43.23741,5.3638,Plein jour,En agglomération,Hors intersection,Normale,Deux véhicules - frontale,4,2,2,0,1,1,1,0,1,50,2,2,1,0,1,0,34.0,24.0,deux_roues,voiture,1,2,1,1,1