accident_id,datetime,annee,mois,jour,heure,minute,departement,commune_insee,adresse,latitude,longitude,luminosite,agglomeration,intersection,meteo,collision,catr,circ,nbv,vosp,prof,plan,surf,infra,situ,vma,nb_vehicules,nb_usagers,nb_indemnes,nb_tues,nb_blesses_hosp,nb_blesses_legers,age_cond_1,age_cond_2,veh_type_cond_1,veh_type_cond_2,lum_code,agg_code,int_code,atm_code,col_code
202300022913,2023-12-20 00:09:00,2023,12,20,0,9,75,75115,RUE DE VAUGIRARD,48.844427,2.317692,Nuit avec éclairage allumé,En agglomération,Intersection en X,Pluie légère,Deux véhicules - frontale,4,2,2,1,1,1,2,0,5,30,2,2,1,0,0,1,20.0,25.0,deux_roues,deux_roues,5,2,2,2,1
202300022913,2023-12-20 00:09:00,2023,12,20,0,9,75,75115,RUE DE VAUGIRARD,48.844427,2.317692,Nuit avec éclairage allumé,En agglomération,Intersection en X,Pluie légère,Deux véhicules - frontale,4,1,1,0,1,1,2,0,5,30,2,2,1,0,0,1,20.0,25.0,deux_roues,deux_roues,5,2,2,2,1
202300022914,2023-09-11 16:00:00,2023,9,11,16,0,13,13203,NATIONAL (BOULEVARD),43.30573,5.38398,Plein jour,En agglomération,Intersection en T,Normale,Trois véhicules et plus - collisions multiples,4,2,2,0,1,1,1,0,1,50,3,3,1,0,0,2,49.0,46.0,utilitaire_camion,deux_roues,1,2,3,1,5
202300022914,2023-09-11 16:00:00,2023,9,11,16,0,13,13203,NATIONAL (BOULEVARD),43.30573,5.38398,Plein jour,En agglomération,Intersection en T,Normale,Trois véhicules et plus - collisions multiples,4,2,2,3,2,1,1,0,1,50,3,3,1,0,0,2,49.0,46.0,utilitaire_camion,deux_roues,1,2,3,1,5
202300022915,2023-09-11 06:04:00,2023,9,11,6,4,13,13207,RIVE NEUVE (QUAI),43.29274739,5.36878109,Nuit avec éclairage allumé,En agglomération,Hors intersection,Normale,Autre collision,4,2,3,0,1,1,1,9,1,50,1,2,1,0,1,0,71.0,,voiture,,5,2,1,1,6
202300022916,2023-12-20 18:50:00,2023,12,20,18,50,75,75111,RUE DU FAUBOURG SAINT ANTOINE,48.851302,2.376134,Nuit avec éclairage allumé,En agglomération,Intersection en X,Temps couvert,Autre collision,4,2, -1,-1,1,1,1,0,1,-1,1,2,1,0,0,1,32.0,,deux_roues,,5,2,2,8,6
202300022916,2023-12-20 18:50:00,2023,12,20,18,50,75,75111,RUE DU FAUBOURG SAINT ANTOINE,48.851302,2.376134,Nuit avec éclairage allumé,En agglomération,Intersection en X,Temps couvert,Autre collision,4,2,0,1,1,1,1,0,1,30,1,2,1,0,0,1,32.0,,deux_roues,,5,2,2,8,6
202300022917,2023-08-06 19:25:00,2023,8,6,19,25,13,13028,BODIN (AVENUE EMILE),43.20642444,5.58575274,Plein jour,Hors agglomération,Hors intersection,Normale,Deux véhicules - arrière,3,3,2,0,2,1,1,0,1,50,2,3,2,0,1,0,21.0,35.0,deux_roues,deux_roues,1,1,1,1,2
202300022918,2023-12-20 18:00:00,2023,12,20,18,0,75,75111,BOULEVARD RICHARD LENOIR,48.855151,2.370335,Nuit avec éclairage allumé,En agglomération,Intersection en X,Pluie légère,Deux véhicules - côté,4,1,2,0,1,1,2,0,1,30,2,2,1,0,0,1,37.0,28.0,voiture,deux_roues,5,2,2,2,3
202300022918,2023-12-20 18:00:00,2023,12,20,18,0,75,75111,BOULEVARD RICHARD LENOIR,48.855151,2.370335,Nuit avec éclairage allumé,En agglomération,Intersection en X,Pluie légère,Deux véhicules - côté,4,2,2,0,1,1,2,0,1,30,2,2,1,0,0,1,37.0,28.0,voiture,deux_roues,5,2,2,2,3
202300022919,2023-09-12 08:00:00,2023,9,12,8,0,13,13001,LOQUI (ROUTE DE),43.51625271,5.38066945,Plein jour,Hors agglomération,Hors intersection,Normale,Deux véhicules - côté,3,2,2,0,1,1,1,0,1,80,2,2,1,0,0,1,21.0,38.0,voiture,deux_roues,1,1,1,1,3
202300022920,2023-12-20 16:20:00,2023,12,20,16,20,75,75102,RUE DES JEUNEURS,48.869709,2.343895,Plein jour,En agglomération,Hors intersection,Pluie légère,Autre collision,4,1,1,0,1,1,2,0,1,30,1,2,1,0,0,1,,,utilitaire_camion,,1,2,1,2,6
202300022921,2023-09-11 23:45:00,2023,9,11,23,45,10,10343,SAPINS (AVENUE),48.27638,4.08892,Nuit avec éclairage allumé,En agglomération,Hors intersection,Normale,Sans collision,4,1,1,0,1,1,1,0,1,50,1,1,0,0,0,1,59.0,,deux_roues,,5,2,1,1,7
202300022922,2023-09-11 22:24:00,2023,9,11,22,24,10,10387,MAJOR GENERAL VANIER (AVENUE),48.3057,4.071,Nuit avec éclairage allumé,En agglomération,Hors intersection,Normale,Autre collision,4,2,4,0,1,1,1,0,4,50,1,1,0,0,0,1,27.0,,deux_roues,,5,2,1,1,6
202300022923,2023-12-20 14:35:00,2023,12,20,14,35,75,75102,RUE DE TURBIGO,48.864115,2.3501326,Plein jour,En agglomération,Intersection en X,Normale,Autre collision,4,2,3,1,1,1,1,0,5,30,1,2,1,0,0,1,19.0,,deux_roues,,1,2,2,1,6
202300022923,2023-12-20 14:35:00,2023,12,20,14,35,75,75102,RUE DE TURBIGO,48.864115,2.3501326,Plein jour,En agglomération,Intersection en X,Normale,Autre collision,4,-1,1,0,1,1,1,0,5,30,1,2,1,0,0,1,19.0,,deux_roues,,1,2,2,1,6
202300022924,2023-09-11 20:08:00,2023,9,11,20,8,10,10343,MICHEL BAROIN (RUE),48.2817,4.0957,Nuit avec éclairage allumé,En agglomération,Hors intersection,Normale,Sans collision,9,-1,0,0,1,1,1,0,8,30,1,1,0,0,0,1,50.0,,deux_roues,,5,2,1,1,7
202300022925,2023-09-09 17:10:00,2023,9,9,17,10,10,10387,GAMBETTA (RUE),48.29809,4.06816,Plein jour,En agglomération,Hors intersection,Normale,Deux véhicules - arrière,4,1,2,0,1,1,1,0,1,50,2,2,1,0,0,1,25.0,34.0,voiture,deux_roues,1,2,1,1,2
202300022926,2023-12-15 08:00:00,2023,12,15,8,0,94,94046,Rue Victor Hugo,48.80086,2.43441,Crépuscule ou aube,En agglomération,Hors intersection,Normale,Deux véhicules - côté,4,1,2,0,1,1,1,0,1,50,2,2,1,0,0,1,24.0,52.0,voiture,deux_roues,2,2,1,1,3
202300022927,2023-09-11 17:30:00,2023,9,11,17,30,09,09225,CORDELIERS RUE DES,43.1176,1.61228,Plein jour,En agglomération,Intersection en T,Normale,Deux véhicules - côté,4,1,1,0,1,1,1,0,1,30,2,2,1,0,0,1,43.0,36.0,voiture,voiture,1,2,3,1,3
202300022927,2023-09-11 17:30:00,2023,9,11,17,30,09,09225,CORDELIERS RUE DES,43.1176,1.61228,Plein jour,En agglomération,Intersection en T,Normale,Deux véhicules - côté,4,1,1,0,1,1,1,0,1,30,2,2,1,0,0,1,43.0,36.0,voiture,voiture,1,2,3,1,3
202300022928,2023-12-20 00:42:00,2023,12,20,0,42,94,94076,Boulevard Maxime Gorki,48.79606,2.36836,Nuit avec éclairage allumé,En agglomération,Intersection en X,Pluie légère,Deux véhicules - arrière,3,2,2,0,1,1,2,0,8,50,2,2,1,0,0,1,27.0,49.0,deux_roues,voiture,5,2,2,2,2
202300022928,2023-12-20 00:42:00,2023,12,20,0,42,94,94076,Boulevard Maxime Gorki,48.79606,2.36836,Nuit avec éclairage allumé,En agglomération,Intersection en X,Pluie légère,Deux véhicules - arrière,3,2,4,0,1,1,2,0,1,50,2,2,1,0,0,1,27.0,49.0,deux_roues,voiture,5,2,2,2,2
202300022929,2023-09-11 13:53:00,2023,9,11,13,53,09,09122,LERIDA (AVENUE DE),42.964489,1.602872,Plein jour,En agglomération,Hors intersection,Normale,Autre collision,3,2,2,0,1,2,1,0,1,50,1,2,1,0,0,1,31.0,,utilitaire_camion,,1,2,1,1,6
202300022930,2023-12-19 19:15:00,2023,12,19,19,15,94,94028,Avenue du Maréchal Foch,48.78461,2.43675,Nuit avec éclairage allumé,En agglomération,Hors intersection,Pluie légère,Autre collision,3,2,4,0,1,1,2,0,1,-1,1,2,1,0,0,1,43.0,,utilitaire_camion,,5,2,1,2,6
202300022931,2023-09-12 12:29:00,2023,9,12,12,29,06,06088,REPUBLIQUE (AV. DE LA),43.70787,7.28407,Plein jour,En agglomération,Autre intersection,Normale,Deux véhicules - frontale,4,2,2,3,1,1,1,5,6,50,2,2,1,0,0,1,30.0,61.0,voiture,deux_roues,1,2,9,1,1
202300022931,2023-09-12 12:29:00,2023,9,12,12,29,06,06088,REPUBLIQUE (AV. DE LA),43.70787,7.28407,Plein jour,En agglomération,Autre intersection,Normale,Deux véhicules - frontale,4,1,3,0,1,1,1,0,1,50,2,2,1,0,0,1,30.0,61.0,voiture,deux_roues,1,2,9,1,1
202300022932,2023-12-20 11:15:00,2023,12,20,11,15,94,94022,Boulevard des Alliés,48.7669,2.403992,Plein jour,En agglomération,Intersection en X,Normale,Deux véhicules - côté,3,3,0,0,1,1,1,0,1,50,2,3,2,0,0,1,29.0,46.0,voiture,voiture,1,2,2,1,3
202300022932,2023-12-20 11:15:00,2023,12,20,11,15,94,94022,Boulevard des Alliés,48.7669,2.403992,Plein jour,En agglomération,Intersection en X,Normale,Deux véhicules - côté,3,2,0,0,1,1,1,0,1,50,2,3,2,0,0,1,29.0,46.0,voiture,voiture,1,2,2,1,3
202300022933,2023-09-11 09:40:00,2023,9,11,9,40,06,06027,DELATTRE DE TASSIGNY AV DU MAL,43.658,7.162384,Plein jour,En agglomération,Intersection en T,Normale,Autre collision,4,1,2,0,1,1,1,0,1,50,1,3,1,0,0,2,90.0,,voiture,,1,2,3,1,6
202300022933,2023-09-11 09:40:00,2023,9,11,9,40,06,06027,DELATTRE DE TASSIGNY AV DU MAL,43.658,7.162384,Plein jour,En agglomération,Intersection en T,Normale,Autre collision,4,1,1,0,1,1,1,0,1,50,1,3,1,0,0,2,90.0,,voiture,,1,2,3,1,6
202300022934,2023-12-20 13:45:00,2023,12,20,13,45,94,94018,37 Place Bobillot,48.82025634,2.40385804,Plein jour,En agglomération,Intersection en T,Normale,Deux véhicules - côté,3,2,3,-1,1,1,1,0,1,-1,2,2,1,0,0,1,31.0,37.0,voiture,deux_roues,1,2,3,1,3
202300022934,2023-12-20 13:45:00,2023,12,20,13,45,94,94018,37 Place Bobillot,48.82025634,2.40385804,Plein jour,En agglomération,Intersection en T,Normale,Deux véhicules - côté,3,2,2,0,1,1,1,9,1,50,2,2,1,0,0,1,31.0,37.0,voiture,deux_roues,1,2,3,1,3
202300022935,2023-09-12 12:00:00,2023,9,12,12,0,04,04112,GIONO (AV. J.),43.82952,5.78545,Plein jour,En agglomération,Hors intersection,Normale,Autre collision,4,2,2,0,1,1,1,0,1,50,1,2,1,0,0,1,79.0,,voiture,,1,2,1,1,6
202300022936,2023-09-11 15:05:00,2023,9,11,15,5,03,03190,Rue Félix Mathé,46.562712,3.325246,Plein jour,En agglomération,Giratoire,Normale,Autre collision,3,1,1,0,1,3,1,0,8,50,1,2,1,0,0,1,46.0,,utilitaire_camion,,1,2,6,1,6
202300022936,2023-09-11 15:05:00,2023,9,11,15,5,03,03190,Rue Félix Mathé,46.562712,3.325246,Plein jour,En agglomération,Giratoire,Normale,Autre collision,3,1,0,0,1,3,1,5,8,50,1,2,1,0,0,1,46.0,,utilitaire_camion,,1,2,6,1,6
202300022937,2023-12-20 18:20:00,2023,12,20,18,20,93,93073,Avenue Pasteur / Rue de l'Argonne,48.94192,2.57364,Nuit avec éclairage allumé,En agglomération,Intersection à plus de 4 branches,Pluie légère,Deux véhicules - arrière,4,1,1,0,1,1,2,0,1,-1,2,3,2,0,0,1,41.0,39.0,voiture,voiture,5,2,5,2,2
202300022937,2023-12-20 18:20:00,2023,12,20,18,20,93,93073,Avenue Pasteur / Rue de l'Argonne,48.94192,2.57364,Nuit avec éclairage allumé,En agglomération,Intersection à plus de 4 branches,Pluie légère,Deux véhicules - arrière,4,1,1,0,1,1,2,0,1,50,2,3,2,0,0,1,41.0,39.0,voiture,voiture,5,2,5,2,2
202300022938,2023-09-11 08:10:00,2023,9,11,8,10,01,01451,PARIS (ROUTE DE),46.22452,5.20666,Plein jour,Hors agglomération,Giratoire,Normale,Deux véhicules - côté,3,1,2,0,1,2,1,9,8,50,2,2,1,0,0,1,58.0,30.0,transport_commun,voiture,1,1,6,1,3
202300022938,2023-09-11 08:10:00,2023,9,11,8,10,01,01451,PARIS (ROUTE DE),46.22452,5.20666,Plein jour,Hors agglomération,Giratoire,Normale,Deux véhicules - côté,3,1,2,0,1,2,1,9,1,50,2,2,1,0,0,1,58.0,30.0,transport_commun,voiture,1,1,6,1,3
202300022939,2023-09-11 16:00:00,2023,9,11,16,0,75,75112,PORTE DOREE,48.83513,2.411619,Plein jour,En agglomération,Hors intersection,Normale,Deux véhicules - arrière,4,1,4,0,1,1,1,0,1,70,2,3,2,0,0,1,60.0,61.0,voiture,voiture,1,2,1,1,2
202300022940,2023-12-15 23:45:00,2023,12,15,23,45,93,93032,Rue Vaillant Couturier / Rue de l'Avenir,48.8705985,2.55476117,Nuit avec éclairage allumé,En agglomération,Intersection en T,Normale,Deux véhicules - côté,3,1,1,0,1,1,1,0,1,-1,2,2,1,0,0,1,64.0,34.0,voiture,deux_roues,5,2,3,1,3
202300022940,2023-12-15 23:45:00,2023,12,15,23,45,93,93032,Rue Vaillant Couturier / Rue de l'Avenir,48.8705985,2.55476117,Nuit avec éclairage allumé,En agglomération,Intersection en T,Normale,Deux véhicules - côté,3,2,2,0,1,1,1,0,1,50,2,2,1,0,0,1,64.0,34.0,voiture,deux_roues,5,2,3,1,3
202300022941,2023-09-11 01:20:00,2023,9,11,1,20,75,75120,PORTE DE MONTREUIL,48.85993,2.413982,Nuit avec éclairage allumé,En agglomération,Hors intersection,Normale,Trois véhicules et plus - en chaîne,4,-1,4,0,1,1,1,0,1,70,4,7,2,0,0,5,32.0,26.0,utilitaire_camion,voiture,5,2,1,1,4
202300022942,2023-12-20 08:10:00,2023,12,20,8,10,93,93001,Boulevard Anatole France / Rue des Noyers,48.91624,2.38164,Plein jour,En agglomération,Intersection en X,Normale,Deux véhicules - côté,3,2,2,0,1,1,1,0,1,50,2,2,1,0,0,1,68.0,12.0,voiture,autre,1,2,2,1,3
202300022942,2023-12-20 08:10:00,2023,12,20,8,10,93,93001,Boulevard Anatole France / Rue des Noyers,48.91624,2.38164,Plein jour,En agglomération,Intersection en X,Normale,Deux véhicules - côté,3,1,1,2,1,1,1,0,1,50,2,2,1,0,0,1,68.0,12.0,voiture,autre,1,2,2,1,3
202300022943,2023-12-20 11:02:00,2023,12,20,11,2,92,92063,DOUMER (AVENUE PAUL) EST,48.88010644,2.18108252,Plein jour,En agglomération,Autre intersection,Normale,Autre collision,3,3,6,0,1,1,2,0,8,50,1,2,1,0,0,1,43.0,,voiture,,1,2,9,1,6
202300022944,2023-09-12 07:55:00,2023,9,12,7,55,75,75105,QUAI SAINT MICHEL,48.853756,2.34429,Plein jour,En agglomération,Intersection en T,Normale,Deux véhicules - côté,4,1, -1,-1,1,1,1,0,5,30,2,2,1,0,0,1,24.0,51.0,utilitaire_camion,deux_roues,1,2,3,1,3
202300022944,2023-09-12 07:55:00,2023,9,12,7,55,75,75105,QUAI SAINT MICHEL,48.853756,2.34429,Plein jour,En agglomération,Intersection en T,Normale,Deux véhicules - côté,4,3,2,1,1,1,1,0,5,30,2,2,1,0,0,1,24.0,51.0,utilitaire_camion,deux_roues,1,2,3,1,3
202300022945,2023-12-20 08:14:00,2023,12,20,8,14,92,92026,JEAN MERMOZ (SQUARE ET PLACE),48.90255816,2.27459908,Crépuscule ou aube,En agglomération,Giratoire,Normale,Deux véhicules - côté,3,1,1,1,1,1,1,0,5,30,2,2,1,0,0,1,38.0,59.0,voiture,deux_roues,2,2,6,1,3
202300022945,2023-12-20 08:14:00,2023,12,20,8,14,92,92026,JEAN MERMOZ (SQUARE ET PLACE),48.90255816,2.27459908,Crépuscule ou aube,En agglomération,Giratoire,Normale,Deux véhicules - côté,3,-1,2,0,1,1,1,0,1,30,2,2,1,0,0,1,38.0,59.0,voiture,deux_roues,2,2,6,1,3
202300022946,2023-09-12 18:00:00,2023,9,12,18,0,75,75116,AVENUE DE LA PORTE DE SAINT CLOUD,48.83682443,2.25365326,Plein jour,En agglomération,Intersection en T,Pluie légère,Deux véhicules - côté,4,2,3,1,1,1,2,0,1,30,2,2,1,0,0,1,52.0,53.0,voiture,deux_roues,1,2,3,2,3
202300022946,2023-09-12 18:00:00,2023,9,12,18,0,75,75116,AVENUE DE LA PORTE DE SAINT CLOUD,48.83682443,2.25365326,Plein jour,En agglomération,Intersection en T,Pluie légère,Deux véhicules - côté,4,1,1,0,1,1,2,0,1,30,2,2,1,0,0,1,52.0,53.0,voiture,deux_roues,1,2,3,2,3
202300022947,2023-09-12 14:30:00,2023,9,12,14,30,75,75115,PLACE DES INSURGES DE VARSOVIE,48.827094,2.292701,Plein jour,En agglomération,Place,Pluie légère,Deux véhicules - arrière,4,1,2,0,1,1,2,9,1,30,2,2,1,0,0,1,51.0,51.0,utilitaire_camion,voiture,1,2,7,2,2
202300022947,2023-09-12 14:30:00,2023,9,12,14,30,75,75115,PLACE DES INSURGES DE VARSOVIE,48.827094,2.292701,Plein jour,En agglomération,Place,Pluie légère,Deux véhicules - arrière,4,1,1,0,1,1,2,0,1,30,2,2,1,0,0,1,51.0,51.0,utilitaire_camion,voiture,1,2,7,2,2
202300022948,2023-12-19 19:27:00,2023,12,19,19,27,92,92025,PAUL BERT (RUE),48.92566338,2.24716265,Nuit avec éclairage allumé,En agglomération,Intersection en X,Normale,Deux véhicules - côté,4,-1,2,0,2,1,2,0,1,30,2,2,1,0,0,1,59.0,14.0,deux_roues,deux_roues,5,2,2,1,3
202300022948,2023-12-19 19:27:00,2023,12,19,19,27,92,92025,PAUL BERT (RUE),48.92566338,2.24716265,Nuit avec éclairage allumé,En agglomération,Intersection en X,Normale,Deux véhicules - côté,4,1,1,0,2,1,2,0,1,30,2,2,1,0,0,1,59.0,14.0,deux_roues,deux_roues,5,2,2,1,3
202300022949,2023-09-12 10:00:00,2023,9,12,10,0,75,75115,RUE VIGEE LEBRUN,48.838547,2.311505,Plein jour,En agglomération,Intersection en X,Normale,Deux véhicules - côté,4,1,1,0,1,1,1,0,1,30,2,2,1,0,0,1,33.0,52.0,deux_roues,voiture,1,2,2,1,3
202300022949,2023-09-12 10:00:00,2023,9,12,10,0,75,75115,RUE VIGEE LEBRUN,48.838547,2.311505,Plein jour,En agglomération,Intersection en X,Normale,Deux véhicules - côté,4,1,1,0,1,1,1,0,1,30,2,2,1,0,0,1,33.0,52.0,deux_roues,voiture,1,2,2,1,3
202300022950,2023-12-20 16:25:00,2023,12,20,16,25,92,92009,EUROPE (AVENUE),48.90722905,2.26466328,Plein jour,En agglomération,Intersection en T,Temps couvert,Deux véhicules - côté,3,2,2,0,1,1,1,0,1,50,2,2,1,0,0,1,46.0,,deux_roues,voiture,1,2,3,8,3
202300022950,2023-12-20 16:25:00,2023,12,20,16,25,92,92009,EUROPE (AVENUE),48.90722905,2.26466328,Plein jour,En agglomération,Intersection en T,Temps couvert,Deux véhicules - côté,3,1,1,0,1,3,1,0,1,50,2,2,1,0,0,1,46.0,,deux_roues,voiture,1,2,3,8,3
202300022951,2023-09-12 16:20:00,2023,9,12,16,20,75,75114,AVENUE DU GENERAL LECLERC,48.82878642,2.32774615,Plein jour,En agglomération,Intersection en T,Pluie légère,Autre collision,4,2,4,3,1,1,2,0,5,30,1,2,1,0,0,1,51.0,,deux_roues,,1,2,3,2,6
202300022951,2023-09-12 16:20:00,2023,9,12,16,20,75,75114,AVENUE DU GENERAL LECLERC,48.82878642,2.32774615,Plein jour,En agglomération,Intersection en T,Pluie légère,Autre collision,4,1, -1,-1,1,1,2,0,5,30,1,2,1,0,0,1,51.0,,deux_roues,,1,2,3,2,6
202300022952,2023-12-20 13:54:00,2023,12,20,13,54,92,92004,DOCTEUR DERVAUX  ( QUAI DU ),48.90656,2.29078,Plein jour,En agglomération,Hors intersection,Pluie légère,Deux véhicules - côté,3,1,2,0,1,1,2,0,1,70,2,4,3,0,0,1,67.0,49.0,utilitaire_camion,voiture,1,2,1,2,3
202300022953,2023-09-12 13:09:00,2023,9,12,13,9,75,75114,AVENUE DU GENERAL LECLERC,48.8307816,2.32941172,Plein jour,En agglomération,Intersection en T,Pluie forte,Deux véhicules - côté,4,2,4,3,1,1,2,-1,6,30,2,2,1,0,0,1,29.0,32.0,deux_roues,utilitaire_camion,1,2,3,3,3
202300022953,2023-09-12 13:09:00,2023,9,12,13,9,75,75114,AVENUE DU GENERAL LECLERC,48.8307816,2.32941172,Plein jour,En agglomération,Intersection en T,Pluie forte,Deux véhicules - côté,4,1,1,0,1,1,2,-1,6,30,2,2,1,0,0,1,29.0,32.0,deux_roues,utilitaire_camion,1,2,3,3,3
202300022954,2023-12-18 09:00:00,2023,12,18,9,0,33,33334,passage à niveau 28 Route de Rapin,44.689613,-0.417459,Plein jour,En agglomération,Passage à niveau,Brouillard / fumée,Deux véhicules - côté,3,2,2,0,1,1,1,4,1,50,2,2,1,1,0,0,67.0,54.0,deux_roues,transport_commun,1,2,8,5,3
202300022955,2023-09-12 04:58:00,2023,9,12,4,58,75,75114,PLACE VICTOR BASCH,48.827847,2.326656,Nuit avec éclairage allumé,En agglomération,Place,Normale,Trois véhicules et plus - collisions multiples,4,1,1,0,1,1,1,0,1,30,3,3,2,0,0,1,35.0,54.0,voiture,utilitaire_camion,5,2,7,1,5
202300022955,2023-09-12 04:58:00,2023,9,12,4,58,75,75114,PLACE VICTOR BASCH,48.827847,2.326656,Nuit avec éclairage allumé,En agglomération,Place,Normale,Trois véhicules et plus - collisions multiples,4,4,2,0,1,1,1,0,1,30,3,3,2,0,0,1,35.0,54.0,voiture,utilitaire_camion,5,2,7,1,5
202300022956,2023-12-20 14:40:00,2023,12,20,14,40,51,51217,Rue Gambetta,49.074788,3.639999,Plein jour,En agglomération,Intersection en X,Pluie légère,Deux véhicules - côté,4,2,2,0,2,1,2,0,1,50,2,2,1,0,0,1,15.0,67.0,deux_roues,voiture,1,2,2,2,3
202300022956,2023-12-20 14:40:00,2023,12,20,14,40,51,51217,Rue Gambetta,49.074788,3.639999,Plein jour,En agglomération,Intersection en X,Pluie légère,Deux véhicules - côté,4,2,2,0,1,1,2,0,1,50,2,2,1,0,0,1,15.0,67.0,deux_roues,voiture,1,2,2,2,3
202300022957,2023-09-12 18:30:00,2023,9,12,18,30,75,75114,RUE BOISSONADE,48.8383,2.332,Plein jour,En agglomération,Hors intersection,Temps couvert,Deux véhicules - côté,4,1,1,2,1,1,2,0,1,30,2,2,1,0,0,1,51.0,34.0,voiture,deux_roues,1,2,1,8,3
202300022958,2023-12-21 13:50:00,2023,12,21,13,50,972,97227,"RN5, Les coteaux",14.477484,-60.962706,Plein jour,Hors agglomération,Hors intersection,Normale,Deux véhicules - frontale,2,2,3,0,1,1,1,0,1,90,2,2,0,0,1,1,21.0,56.0,voiture,voiture,1,1,1,1,1
202300022959,2023-09-12 11:55:00,2023,9,12,11,55,75,75113,RUE DES PEUPLIERS,48.82287547,2.35298002,Plein jour,En agglomération,Intersection en T,Pluie légère,Deux véhicules - arrière,4,2,2,0,2,1,2,0,1,30,2,2,1,0,0,1,49.0,23.0,voiture,voiture,1,2,3,2,2
202300022959,2023-09-12 11:55:00,2023,9,12,11,55,75,75113,RUE DES PEUPLIERS,48.82287547,2.35298002,Plein jour,En agglomération,Intersection en T,Pluie légère,Deux véhicules - arrière,4,2,2,0,2,1,2,0,1,30,2,2,1,0,0,1,49.0,23.0,voiture,voiture,1,2,3,2,2
202300022960,2023-09-12 11:50:00,2023,9,12,11,50,75,75112,QUAI DE LA RAPEE,48.843483,2.370693,Plein jour,En agglomération,Intersection en X,Pluie forte,Deux véhicules - frontale,4,1,2,0,1,1,2,0,1,30,2,2,1,0,0,1,26.0,68.0,deux_roues,voiture,1,2,2,3,1
202300022960,2023-09-12 11:50:00,2023,9,12,11,50,75,75112,QUAI DE LA RAPEE,48.843483,2.370693,Plein jour,En agglomération,Intersection en X,Pluie forte,Deux véhicules - frontale,4,2,2,1,1,1,2,0,1,30,2,2,1,0,0,1,26.0,68.0,deux_roues,voiture,1,2,2,3,1
202300022961,2023-12-19 18:45:00,2023,12,19,18,45,50,50592,9 route de pont-farcy,48.96978,-1.06069,Nuit sans éclairage public,En agglomération,Hors intersection,Pluie légère,Deux véhicules - frontale,3,2,2,0,1,1,2,0,1,50,2,4,3,0,0,1,52.0,41.0,voiture,voiture,3,2,1,2,1
202300022962,2023-09-11 19:00:00,2023,9,11,19,0,75,75112,CARREFOUR DE PATTE D OIE,48.8221,2.442,Plein jour,En agglomération,Intersection en X,Normale,Deux véhicules - frontale,4,1,1,3,1,2,1,9,1,-1,2,2,0,0,0,2,59.0,36.0,deux_roues,deux_roues,1,2,2,1,1
202300022962,2023-09-11 19:00:00,2023,9,11,19,0,75,75112,CARREFOUR DE PATTE D OIE,48.8221,2.442,Plein jour,En agglomération,Intersection en X,Normale,Deux véhicules - frontale,4,2, -1,-1,1,1,1,0,1,30,2,2,0,0,0,2,59.0,36.0,deux_roues,deux_roues,1,2,2,1,1
202300022963,2023-12-20 19:15:00,2023,12,20,19,15,35,35193,D82,48.237651,-1.709576,Nuit sans éclairage public,Hors agglomération,Hors intersection,Pluie légère,Autre collision,3,2,2,0,2,3,2,0,1,80,2,3,2,1,0,0,20.0,38.0,voiture,voiture,3,1,1,2,6
202300022964,2023-09-12 02:58:00,2023,9,12,2,58,75,75111,AVENUE LEDRU ROLLIN,48.857433,2.379698,Nuit avec éclairage allumé,En agglomération,Intersection à plus de 4 branches,Normale,Deux véhicules - côté,4,2,4,0,1,1,1,0,1,30,2,2,1,0,0,1,25.0,48.0,deux_roues,voiture,5,2,5,1,3
202300022964,2023-09-12 02:58:00,2023,9,12,2,58,75,75111,AVENUE LEDRU ROLLIN,48.857433,2.379698,Nuit avec éclairage allumé,En agglomération,Intersection à plus de 4 branches,Normale,Deux véhicules - côté,4,1, -1,-1,1,1,1,0,1,30,2,2,1,0,0,1,25.0,48.0,deux_roues,voiture,5,2,5,1,3
202300022965,2023-09-12 18:30:00,2023,9,12,18,30,75,75108,RUE LA BOETIE,48.871418,2.307311,Plein jour,En agglomération,Intersection en X,Pluie légère,Deux véhicules - côté,4,1, -1,-1,1,1,2,0,1,30,2,2,1,0,0,1,32.0,47.0,voiture,deux_roues,1,2,2,2,3
202300022965,2023-09-12 18:30:00,2023,9,12,18,30,75,75108,RUE LA BOETIE,48.871418,2.307311,Plein jour,En agglomération,Intersection en X,Pluie légère,Deux véhicules - côté,4,1,1,0,1,1,2,0,1,30,2,2,1,0,0,1,32.0,47.0,voiture,deux_roues,1,2,2,2,3
202300022966,2023-12-20 14:05:00,2023,12,20,14,5,51,51422,D980,49.22030939,3.93729215,Plein jour,Hors agglomération,Intersection en Y,Normale,Deux véhicules - frontale,3,2,2,0,1,1,1,0,1,90,2,5,3,0,1,1,35.0,65.0,voiture,voiture,1,1,4,1,1
202300022966,2023-12-20 14:05:00,2023,12,20,14,5,51,51422,D980,49.22030939,3.93729215,Plein jour,Hors agglomération,Intersection en Y,Normale,Deux véhicules - frontale,3,2,2,0,2,2,1,0,1,70,2,5,3,0,1,1,35.0,65.0,voiture,voiture,1,1,4,1,1
202300022967,2023-09-12 17:00:00,2023,9,12,17,0,75,75108,AVENUE CESAR CAIRE,48.87616175,2.31948289,Plein jour,En agglomération,Intersection en T,Pluie légère,Deux véhicules - côté,4,3,2,0,2,1,2,0,1,30,2,4,2,0,0,2,25.0,34.0,utilitaire_camion,utilitaire_camion,1,2,3,2,3