accident_id,datetime,annee,mois,jour,heure,minute,departement,commune_insee,adresse,latitude,longitude,luminosite,agglomeration,intersection,meteo,collision,catr,circ,nbv,vosp,prof,plan,surf,infra,situ,vma,nb_vehicules,nb_usagers,nb_indemnes,nb_tues,nb_blesses_hosp,nb_blesses_legers,age_cond_1,age_cond_2,veh_type_cond_1,veh_type_cond_2,lum_code,agg_code,int_code,atm_code,col_code
202300023040,2023-09-12 09:15:00,2023,9,12,9,15,56,56083,,47.78821,-3.28236,Plein jour,Hors agglomération,Hors intersection,Normale,Trois véhicules et plus - en chaîne,2,3,4,0,1,1,1,0,1,110,3,3,2,0,1,0,86.0,49.0,voiture,voiture,1,1,1,1,4
202300023041,2023-09-12 17:25:00,2023,9,12,17,25,56,56147,Zone Artisanale des Metairies,47.521327,-2.287436,Plein jour,En agglomération,Intersection en T,Pluie légère,Deux véhicules - arrière,3,2,2,0,1,1,2,0,1,50,2,2,1,0,1,0,70.0,59.0,utilitaire_camion,deux_roues,1,2,3,2,2
202300023041,2023-09-12 17:25:00,2023,9,12,17,25,56,56147,Zone Artisanale des Metairies,47.521327,-2.287436,Plein jour,En agglomération,Intersection en T,Pluie légère,Deux véhicules - arrière,3,2,2,-1,1,1,2,0,1,-1,2,2,1,0,1,0,70.0,59.0,utilitaire_camion,deux_roues,1,2,3,2,2
202300023042,2023-12-21 12:50:00,2023,12,21,12,50,03,03308,D68,46.273544,2.976437,Plein jour,Hors agglomération,Hors intersection,Normale,Deux véhicules - côté,3,2,2,0,2,3,1,0,1,90,2,2,1,0,0,1,51.0,34.0,utilitaire_camion,voiture,1,1,1,1,3
202300023043,2023-09-13 07:20:00,2023,9,13,7,20,74,74275,D909a,45.8178344,6.22926634,Plein jour,Hors agglomération,Hors intersection,Normale,Deux véhicules - frontale,3,2,2,0,1,3,2,0,1,70,2,3,0,0,0,3,62.0,31.0,voiture,voiture,1,1,1,1,1
202300023044,2023-09-12 19:30:00,2023,9,12,19,30,2A,2A362,T 10,41.701051,9.350352,Crépuscule ou aube,En agglomération,Hors intersection,Normale,Deux véhicules - arrière,2,2,2,0,1,1,1,0,1,50,2,2,1,0,0,1,27.0,52.0,deux_roues,utilitaire_camion,2,2,1,1,2
202300023045,2023-12-20 20:10:00,2023,12,20,20,10,03,03283,les talbots,46.511419,3.593323,Nuit sans éclairage public,Hors agglomération,Hors intersection,Normale,Deux véhicules - frontale,3,2,2,0,1,2,1,0,3,90,2,2,0,0,0,2,42.0,49.0,voiture,voiture,3,1,1,1,1
202300023046,2023-09-13 12:30:00,2023,9,13,12,30,2B,2B049,Route départementale 81B,42.489694,8.684607,Plein jour,Hors agglomération,Hors intersection,Normale,Sans collision,3,2,2,0,1,1,1,0,1,80,1,1,0,1,0,0,75.0,,deux_roues,,1,1,1,1,7
202300023047,2023-09-11 13:05:00,2023,9,11,13,5,61,61091,Voie Communale,48.62004,-0.52372,Plein jour,Hors agglomération,Hors intersection,Temps éblouissant,Autre collision,4,2,2,0,2,1,1,0,3,80,1,1,0,1,0,0,,,,,1,1,1,7,6
202300023048,2023-12-21 09:00:00,2023,12,21,9,0,73,73179,D13 Route du noiray,45.606243,5.85412,Plein jour,Hors agglomération,Intersection en Y,Normale,Deux véhicules - frontale,3,2,2,0,2,2,1,0,1,50,2,2,1,0,1,0,50.0,29.0,voiture,deux_roues,1,1,4,1,1
202300023048,2023-12-21 09:00:00,2023,12,21,9,0,73,73179,D13 Route du noiray,45.606243,5.85412,Plein jour,Hors agglomération,Intersection en Y,Normale,Deux véhicules - frontale,3,2,2,0,1,2,1,0,1,50,2,2,1,0,1,0,50.0,29.0,voiture,deux_roues,1,1,4,1,1
202300023049,2023-09-09 23:50:00,2023,9,9,23,50,42,42081,Route de Bellegarde,45.620191,4.269519,Nuit sans éclairage public,Hors agglomération,Passage à niveau,Normale,Autre collision,4,2,2,0,3,1,1,4,1,70,1,4,0,0,1,3,43.0,,voiture,,3,1,8,1,6
202300023050,2023-12-20 16:30:00,2023,12,20,16,30,01,01185,D8,45.983812,5.563374,Crépuscule ou aube,Hors agglomération,Hors intersection,Pluie légère,Autre collision,3,2,2,0,1,3,2,0,3,80,1,2,0,0,2,0,69.0,,voiture,,2,1,1,2,6
202300023051,2023-09-11 06:39:00,2023,9,11,6,39,22,22204,D8,48.696267,-3.21809,Nuit sans éclairage public,Hors agglomération,Hors intersection,Normale,Deux véhicules - arrière,3,2,2,0,1,1,1,0,1,80,2,2,1,0,1,0,43.0,26.0,voiture,deux_roues,3,1,1,1,2
202300023052,2023-12-19 16:07:00,2023,12,19,16,7,69,69143,53 Avenue Carnot,45.886337,4.831372,Plein jour,En agglomération,Autre intersection,Normale,Deux véhicules - côté,7,2,2,1,1,1,1,6,5,50,2,2,1,0,1,0,66.0,54.0,deux_roues,voiture,1,2,9,1,3
202300023053,2023-09-12 16:30:00,2023,9,12,16,30,25,25349,D461,47.143825,6.497126,Plein jour,Hors agglomération,Hors intersection,Normale,Deux véhicules - arrière,3,3,4,0,1,1,1,0,1,110,2,2,1,0,1,0,35.0,53.0,voiture,voiture,1,1,1,1,2
202300023054,2023-12-21 20:00:00,2023,12,21,20,0,81,81140,D112,43.678379,1.877493,Nuit sans éclairage public,Hors agglomération,Hors intersection,Pluie légère,Autre collision,3,2,2,0,1,1,2,0,1,90,1,2,1,0,1,0,56.0,,voiture,,3,1,1,2,6
202300023055,2023-09-05 15:55:00,2023,9,5,15,55,25,25262,D461,47.13652,6.615658,Plein jour,Hors agglomération,Hors intersection,Normale,Sans collision,3,2,2,0,1,4,1,0,8,90,1,1,0,0,1,0,40.0,,deux_roues,,1,1,1,1,7
202300023056,2023-09-12 07:40:00,2023,9,12,7,40,29,29150,Keryoualen,47.801741,-3.625617,Crépuscule ou aube,Hors agglomération,Hors intersection,Brouillard / fumée,Autre collision,4,2,2,0,1,1,1,0,1,50,1,1,0,0,0,1,58.0,,deux_roues,,2,1,1,5,6
202300023057,2023-12-20 13:15:00,2023,12,20,13,15,65,65059,Rue Philadelphe de Gerde,43.068847,0.157494,Plein jour,En agglomération,Autre intersection,Normale,Trois véhicules et plus - en chaîne,3,2,2,0,1,1,1,0,1,50,3,3,1,0,0,2,35.0,53.0,voiture,voiture,1,2,9,1,4
202300023058,2023-09-02 20:45:00,2023,9,2,20,45,29,29217,rue paul serusier,47.852639,-3.737342,Crépuscule ou aube,En agglomération,Intersection en Y,Normale,Deux véhicules - côté,3,2,2,0,3,2,1,0,1,50,2,2,1,0,0,1,38.0,34.0,deux_roues,voiture,2,2,4,1,3
202300023058,2023-09-02 20:45:00,2023,9,2,20,45,29,29217,rue paul serusier,47.852639,-3.737342,Crépuscule ou aube,En agglomération,Intersection en Y,Normale,Deux véhicules - côté,3,2,2,0,1,1,1,0,1,50,2,2,1,0,0,1,38.0,34.0,deux_roues,voiture,2,2,4,1,3
202300023059,2023-09-13 14:40:00,2023,9,13,14,40,84,84075,route de sault,44.01313831,5.24676098,Plein jour,Hors agglomération,Hors intersection,Normale,Sans collision,3,2,2,0,2,3,1,0,1,80,1,1,0,1,0,0,80.0,,deux_roues,,1,1,1,1,7
202300023060,2023-09-09 12:30:00,2023,9,9,12,30,84,84005,D164,44.142151,5.341372,Plein jour,Hors agglomération,Hors intersection,Normale,Deux véhicules - arrière,3,2,2,0,2,1,1,0,1,80,1,1,0,0,1,0,53.0,,deux_roues,,1,1,1,1,2
202300023061,2023-12-16 23:30:00,2023,12,16,23,30,62,62589,D341,50.347631,2.689016,Nuit avec éclairage non allumé,En agglomération,Hors intersection,Normale,Autre collision,3,2,2,0,3,3,1,0,4,50,1,1,0,0,1,0,83.0,,voiture,,4,2,1,1,6
202300023062,2023-09-13 17:00:00,2023,9,13,17,0,26,26368,D93,44.718891,5.264871,Plein jour,Hors agglomération,Hors intersection,Pluie légère,Deux véhicules - frontale,3,2,2,0,1,1,2,0,1,80,2,2,0,0,1,1,31.0,22.0,utilitaire_camion,voiture,1,1,1,2,1
202300023063,2023-09-12 16:15:00,2023,9,12,16,15,58,58147,Le Bourg,47.159723,3.385747,Plein jour,En agglomération,Hors intersection,Normale,Deux véhicules - frontale,4,2,2,0,2,3,1,0,1,50,2,2,1,0,1,0,12.0,77.0,deux_roues,voiture,1,2,1,1,1
202300023064,2023-12-19 20:50:00,2023,12,19,20,50,13,13211,A50-Sens Marseille vers Aubagne,43.29191,5.48075,Nuit sans éclairage public,Hors agglomération,Hors intersection,Normale,Deux véhicules - arrière,1,1,3,0,2,1,1,0,1,90,2,3,2,0,0,1,46.0,46.0,voiture,deux_roues,3,1,1,1,2
202300023065,2023-09-13 08:50:00,2023,9,13,8,50,06,06079,Avenue de Fréjus,43.529182,6.928324,Plein jour,En agglomération,Hors intersection,Temps éblouissant,Autre collision,3,2,2,0,1,1,1,0,1,50,1,2,1,0,0,1,82.0,,deux_roues,,1,2,1,7,6
202300023066,2023-12-17 19:39:00,2023,12,17,19,39,69,69271,Rocade Est,45.747781,4.988113,Nuit sans éclairage public,Hors agglomération,Hors intersection,Normale,Deux véhicules - arrière,2,3,4,0,3,3,1,0,1,90,2,2,0,0,0,2,24.0,74.0,voiture,voiture,3,1,1,1,2
202300023067,2023-09-13 00:20:00,2023,9,13,0,20,50,50569,6 Rue des Moulins,49.039781,-1.350471,Nuit sans éclairage public,Hors agglomération,Intersection en T,Normale,Sans collision,3,2,2,0,2,4,1,0,3,80,1,2,1,0,0,1,36.0,,voiture,,3,1,3,1,7
202300023067,2023-09-13 00:20:00,2023,9,13,0,20,50,50569,6 Rue des Moulins,49.039781,-1.350471,Nuit sans éclairage public,Hors agglomération,Intersection en T,Normale,Sans collision,3,2, -1,-1,2,4,1,0,3,-1,1,2,1,0,0,1,36.0,,voiture,,3,1,3,1,7
202300023068,2023-09-11 08:30:00,2023,9,11,8,30,90,90070,Rue de la Boulois,47.471064,6.922615,Plein jour,En agglomération,Hors intersection,Normale,Autre collision,3,2,2,0,2,3,1,0,1,50,2,2,1,0,0,1,28.0,,deux_roues,,1,2,1,1,6
202300023069,2023-09-12 22:00:00,2023,9,12,22,0,83,83005,D71,43.68786,6.113033,Nuit sans éclairage public,Hors agglomération,Hors intersection,Normale,Autre collision,3,2,2,0,2,2,1,0,1,70,1,1,0,0,1,0,42.0,,voiture,,3,1,1,1,6
202300023070,2023-09-09 12:30:00,2023,9,9,12,30,07,07100,route de villefort,44.42212318,4.04837857,Plein jour,Hors agglomération,Hors intersection,Normale,Deux véhicules - côté,3,2,2,0,2,3,1,0,1,90,2,4,2,0,1,1,75.0,54.0,voiture,voiture,1,1,1,1,3
202300023071,2023-12-20 09:55:00,2023,12,20,9,55,33,33249,Pont d'Aquitaine,44.8787622,-0.53049139,Nuit sans éclairage public,Hors agglomération,Hors intersection,Pluie légère,Trois véhicules et plus - en chaîne,1,3,3,0,2,3,2,2,1,70,4,4,3,0,0,1,50.0,38.0,utilitaire_camion,voiture,3,1,1,2,4
202300023072,2023-09-13 16:20:00,2023,9,13,16,20,24,24408,Route l'Ancienne Poste,45.323748,0.785828,Plein jour,Hors agglomération,Hors intersection,Normale,Deux véhicules - côté,3,2,2,0,1,2,1,0,1,80,2,6,5,0,1,0,42.0,48.0,voiture,deux_roues,1,1,1,1,3
202300023073,2023-12-20 09:15:00,2023,12,20,9,15,33,33192,ROCADE A 630,44.79003708,-0.60711432,Plein jour,Hors agglomération,Hors intersection,Normale,Deux véhicules - arrière,1,3,6,0,1,1,1,0,1,90,2,2,1,0,0,1,28.0,34.0,voiture,deux_roues,1,1,1,1,2
202300023074,2023-09-10 20:00:00,2023,9,10,20,0,85,85192,RD 13,46.784333,-1.0136004,Crépuscule ou aube,Hors agglomération,Hors intersection,Normale,Trois véhicules et plus - collisions multiples,3,2,2,0,1,1,1,0,1,80,3,3,2,0,0,1,59.0,16.0,voiture,deux_roues,2,1,1,1,5
202300023075,2023-12-20 21:07:00,2023,12,20,21,7,91,91064,RN 118,48.74876,2.21678,Nuit sans éclairage public,Hors agglomération,Hors intersection,Normale,Sans collision,2,1,4,0,2,2,2,0,1,90,1,1,0,0,0,1,27.0,,voiture,,3,1,1,1,7
202300023076,2023-09-11 13:25:00,2023,9,11,13,25,27,27069,130 Route de Breteuil,48.820614,0.754268,Plein jour,Hors agglomération,Hors intersection,Normale,Autre collision,3,2,2,0,1,2,2,0,3,-1,1,1,0,0,1,0,58.0,,voiture,,1,1,1,1,6
202300023077,2023-09-12 13:40:00,2023,9,12,13,40,17,17140,Route de Boyardville,45.921737,-1.255918,Plein jour,Hors agglomération,Hors intersection,Normale,Sans collision,3,2,2,0,1,1,1,0,3,80,1,1,0,0,1,0,69.0,,voiture,,1,1,1,1,7
202300023078,2023-12-20 18:00:00,2023,12,20,18,0,94,94034,A6A,48.75628517,2.33422052,Nuit sans éclairage public,Hors agglomération,Hors intersection,Autre,Deux véhicules - côté,1,3,3,0,1,1,1,0,1,110,2,2,1,0,0,1,21.0,30.0,voiture,deux_roues,3,1,1,9,3
202300023079,2023-09-13 17:15:00,2023,9,13,17,15,30,30320,,44.121215,4.302851,Plein jour,Hors agglomération,Hors intersection,Normale,Deux véhicules - frontale,3,2,2,0,2,3,2,0,1,80,2,3,2,1,0,0,46.0,42.0,voiture,utilitaire_camion,1,1,1,1,1
202300023080,2023-09-12 16:17:00,2023,9,12,16,17,88,88408,4 Route du Chêne,47.907076,6.681163,Plein jour,Hors agglomération,Intersection en X,Normale,Deux véhicules - côté,3,2,2,0,1,3,1,0,1,-1,2,2,1,0,1,0,26.0,60.0,voiture,deux_roues,1,1,2,1,3
202300023080,2023-09-12 16:17:00,2023,9,12,16,17,88,88408,4 Route du Chêne,47.907076,6.681163,Plein jour,Hors agglomération,Intersection en X,Normale,Deux véhicules - côté,3,2,2,0,1,1,1,0,1,-1,2,2,1,0,1,0,26.0,60.0,voiture,deux_roues,1,1,2,1,3
202300023081,2023-12-20 10:50:00,2023,12,20,10,50,94,94038,A6B,48.77350191,2.34614102,Plein jour,Hors agglomération,Hors intersection,Pluie légère,Trois véhicules et plus - collisions multiples,1,1,3,0,1,1,2,0,1,90,3,3,2,0,1,0,56.0,25.0,utilitaire_camion,voiture,1,1,1,2,5
202300023082,2023-09-13 16:30:00,2023,9,13,16,30,95,95392,16 BEL AIR (RUE DU),49.076512,2.204819,Plein jour,En agglomération,Hors intersection,Normale,Sans collision,4,1,1,0,2,1,1,0,1,30,1,1,0,0,0,1,13.0,,deux_roues,,1,2,1,1,7
202300023083,2023-12-19 21:37:00,2023,12,19,21,37,91,91340,RN 104,48.60915,2.4397,Nuit sans éclairage public,Hors agglomération,Hors intersection,Pluie légère,Sans collision,2,2,3,0,1,1,2,0,8,90,1,1,0,0,0,1,39.0,,voiture,,3,1,1,2,7
202300023084,2023-09-12 13:00:00,2023,9,12,13,0,39,39310,,46.794771,5.530028,Plein jour,Hors agglomération,Hors intersection,Normale,Deux véhicules - côté,1,3,4,0,1,1,1,0,1,130,2,5,3,0,2,0,74.0,61.0,voiture,voiture,1,1,1,1,3
202300023085,2023-09-13 06:15:00,2023,9,13,6,15,60,60030,"Autoroute A16, PK 063+800 sens PARIS-BOULOGNE",49.36246743,2.10786009,Nuit sans éclairage public,Hors agglomération,Hors intersection,Normale,Autre collision,1,3,2,0,1,1,2,0,3,130,1,1,0,1,0,0,51.0,,voiture,,3,1,1,1,6
202300023086,2023-09-08 15:40:00,2023,9,8,15,40,59,59370,route de mons,50.315627,3.977308,Plein jour,En agglomération,Hors intersection,Normale,Deux véhicules - côté,2,2,2,0,1,1,1,0,1,50,2,2,1,0,0,1,36.0,39.0,voiture,deux_roues,1,2,1,1,3
202300023087,2023-09-11 14:10:00,2023,9,11,14,10,79,79048,,46.347105,-0.294871,Plein jour,Hors agglomération,Hors intersection,Normale,Deux véhicules - arrière,1,3,4,0,1,1,1,0,1,130,2,2,1,0,1,0,55.0,54.0,deux_roues,utilitaire_camion,1,1,1,1,2
202300023088,2023-12-20 08:20:00,2023,12,20,8,20,93,93066,AUTOROUTE A1,48.91182,2.35786,Crépuscule ou aube,Hors agglomération,Hors intersection,Normale,Sans collision,1,3,4,0,1,1,1,1,1,90,1,1,0,0,0,1,49.0,,deux_roues,,2,1,1,1,7
202300023089,2023-09-12 21:40:00,2023,9,12,21,40,37,37036,rd 766,47.54651611,0.28583698,Nuit sans éclairage public,Hors agglomération,Hors intersection,Normale,Deux véhicules - frontale,3,2,2,0,1,1,1,0,1,90,2,2,1,1,0,0,49.0,40.0,voiture,utilitaire_camion,3,1,1,1,1
202300023090,2023-12-20 17:52:00,2023,12,20,17,52,94,94046,A86,48.80856288,2.44905786,Nuit sans éclairage public,Hors agglomération,Hors intersection,Pluie légère,Deux véhicules - arrière,1,1,4,0,1,1,2,0,1,90,2,2,1,0,0,1,39.0,52.0,voiture,voiture,3,1,1,2,2
202300023091,2023-09-13 09:15:00,2023,9,13,9,15,69,69188,Route de Lyon,45.92308,4.458668,Plein jour,Hors agglomération,Intersection en T,Pluie légère,Trois véhicules et plus - collisions multiples,3,2,2,0,2,1,2,0,1,70,5,7,4,1,1,1,34.0,42.0,utilitaire_camion,voiture,1,1,3,2,5
202300023091,2023-09-13 09:15:00,2023,9,13,9,15,69,69188,Route de Lyon,45.92308,4.458668,Plein jour,Hors agglomération,Intersection en T,Pluie légère,Trois véhicules et plus - collisions multiples,3,2,2,0,1,3,2,0,1,50,5,7,4,1,1,1,34.0,42.0,utilitaire_camion,voiture,1,1,3,2,5
202300023092,2023-09-12 19:00:00,2023,9,12,19,0,77,77216,A6,48.290375,2.682118,Plein jour,Hors agglomération,Hors intersection,Pluie forte,Autre collision,1,3,3,0,2,1,2,0,1,110,1,2,1,0,1,0,68.0,,voiture,,1,1,1,3,6
202300023093,2023-12-20 07:45:00,2023,12,20,7,45,77,77258,A4.Y,48.83212511,2.65067079,Crépuscule ou aube,Hors agglomération,Hors intersection,Normale,Autre collision,1,3,4,0,1,1,1,0,1,110,3,4,0,0,0,4,53.0,32.0,utilitaire_camion,utilitaire_camion,2,1,1,1,6
202300023094,2023-09-12 19:25:00,2023,9,12,19,25,77,77216,A6,48.290018,2.682998,Crépuscule ou aube,Hors agglomération,Hors intersection,Pluie forte,Deux véhicules - côté,1,3,3,0,2,1,2,0,1,110,2,3,2,0,1,0,42.0,20.0,voiture,voiture,2,1,1,3,3
202300023095,2023-09-12 12:00:00,2023,9,12,12,0,34,34088,d5,43.571001,3.739192,Plein jour,Hors agglomération,Hors intersection,Normale,Sans collision,3,2,2,0,1,1,1,0,8,80,1,1,0,0,0,1,19.0,,voiture,,1,1,1,1,7
202300023096,2023-09-12 12:35:00,2023,9,12,12,35,66,66144,13 Rue des Constellations,42.633453,2.870599,Plein jour,En agglomération,Giratoire,Normale,Deux véhicules - frontale,4,2,2,0,1,1,1,0,1,50,2,2,1,0,1,0,23.0,55.0,voiture,deux_roues,1,2,6,1,1
202300023097,2023-08-11 19:00:00,2023,8,11,19,0,10,10387,LEON BOURGEOIS (RUE),48.30157,4.05152,Plein jour,En agglomération,Intersection en T,Normale,Deux véhicules - côté,4,-1,2,0,1,1,1,0,1,50,2,2,1,0,0,1,,14.0,voiture,deux_roues,1,2,3,1,3
202300023097,2023-08-11 19:00:00,2023,8,11,19,0,10,10387,LEON BOURGEOIS (RUE),48.30157,4.05152,Plein jour,En agglomération,Intersection en T,Normale,Deux véhicules - côté,4,-1,2,0,1,1,1,0,1,50,2,2,1,0,0,1,,14.0,voiture,deux_roues,1,2,3,1,3
202300023098,2023-08-11 19:15:00,2023,8,11,19,15,10,10387,VASSAULES (RUE DES),48.31005455,4.06819832,Plein jour,En agglomération,Hors intersection,Normale,Autre collision,4,1,0,0,1,3,1,0,4,50,1,1,0,0,0,1,41.0,,autre,,1,2,1,1,6
202300023099,2023-09-28 08:10:00,2023,9,28,8,10,78,78190,FERNAND HOSTACHY (BOULEVARD),48.877729,2.145711,Plein jour,En agglomération,Hors intersection,Normale,Autre collision,3,2,2,0,1,1,1,0,8,30,1,2,1,0,0,1,52.0,,voiture,,1,2,1,1,6
202300023100,2023-10-11 14:30:00,2023,10,11,14,30,35,35055,BOURGOGNE (AVENUE DE),48.09051,-1.61573,Plein jour,En agglomération,Giratoire,Normale,Deux véhicules - côté,4,2,2,2,1,1,1,0,1,30,2,2,1,0,0,1,23.0,25.0,voiture,deux_roues,1,2,6,1,3
202300023100,2023-10-11 14:30:00,2023,10,11,14,30,35,35055,BOURGOGNE (AVENUE DE),48.09051,-1.61573,Plein jour,En agglomération,Giratoire,Normale,Deux véhicules - côté,4,2,2,0,1,1,1,0,1,30,2,2,1,0,0,1,23.0,25.0,voiture,deux_roues,1,2,6,1,3
202300023101,2023-12-19 09:45:00,2023,12,19,9,45,976,97611,kaweni-Kaweni nord ( Z I ),-12.76896,45.2245,Plein jour,En agglomération,Hors intersection,Normale,Sans collision,2,2,2,0,1,4,1,0,1,50,1,1,0,0,1,0,57.0,,deux_roues,,1,2,1,1,7
202300023102,2023-12-19 08:45:00,2023,12,19,8,45,974,97416,ROND POINT LA CAFRINE,-21.3536,55.51259,Plein jour,Hors agglomération,Hors intersection,Normale,Deux véhicules - arrière,2,1,1,0,1,1,1,0,1,70,2,2,1,0,0,1,33.0,35.0,deux_roues,voiture,1,1,1,1,2
202300023103,2023-12-18 17:10:00,2023,12,18,17,10,974,97416,BADAMIER(CHEMIN),-21.32966514,55.4584946,Plein jour,Hors agglomération,Hors intersection,Normale,Deux véhicules - côté,4,2,2,0,1,1,1,0,1,70,2,2,1,0,0,1,25.0,40.0,voiture,deux_roues,1,1,1,1,3
202300023104,2023-12-19 11:35:00,2023,12,19,11,35,974,97411,LECLERC (DU MARECHAL),-20.88037,55.44892,Plein jour,En agglomération,Hors intersection,Normale,Autre collision,4,1,1,0,1,1,1,0,1,30,1,2,1,0,0,1,27.0,,voiture,,1,2,1,1,6
202300023105,2023-12-18 06:50:00,2023,12,18,6,50,974,97407,OWENS JAMES,-20.93072,55.30974,Plein jour,Hors agglomération,Hors intersection,Normale,Deux véhicules - frontale,4,2,2,0,1,2,1,0,1,50,2,2,0,0,0,2,22.0,36.0,voiture,voiture,1,1,1,1,1
202300023106,2023-12-19 21:50:00,2023,12,19,21,50,69,69386,Place Jules Ferry,45.7679,4.85931,Nuit avec éclairage allumé,En agglomération,Hors intersection,Normale,Autre collision,6,-1,0,0,1,1,1,0,1,30,1,2,1,0,0,1,39.0,,transport_commun,,5,2,1,1,6
202300023107,2023-12-19 11:55:00,2023,12,19,11,55,69,69383,Rue d'Aubigny,45.76135327,4.86389056,Plein jour,En agglomération,Intersection en T,Normale,Autre collision,4,2,2,2,1,1,1,0,1,30,1,2,1,0,0,1,62.0,,voiture,,1,2,3,1,6
202300023107,2023-12-19 11:55:00,2023,12,19,11,55,69,69383,Rue d'Aubigny,45.76135327,4.86389056,Plein jour,En agglomération,Intersection en T,Normale,Autre collision,4,1,1,0,1,1,1,0,1,30,1,2,1,0,0,1,62.0,,voiture,,1,2,3,1,6
202300023108,2023-12-19 19:10:00,2023,12,19,19,10,69,69382,13 Quai Jean Moulin,45.76582,4.83801,Nuit avec éclairage allumé,En agglomération,Hors intersection,Normale,Deux véhicules - côté,4,2,4,3,1,1,1,0,6,50,2,3,2,0,0,1,58.0,48.0,voiture,transport_commun,5,2,1,1,3
202300023109,2023-12-19 20:30:00,2023,12,19,20,30,2B,2B033,ROUTE ROYALE,42.67749,9.43359,Nuit avec éclairage allumé,En agglomération,Intersection en T,Normale,Deux véhicules - frontale,3,2,2,0,2,1,1,5,1,50,2,2,0,0,0,2,52.0,36.0,voiture,voiture,5,2,3,1,1
202300023109,2023-12-19 20:30:00,2023,12,19,20,30,2B,2B033,ROUTE ROYALE,42.67749,9.43359,Nuit avec éclairage allumé,En agglomération,Intersection en T,Normale,Deux véhicules - frontale,3,2,2,0,2,1,1,0,1,50,2,2,0,0,0,2,52.0,36.0,voiture,voiture,5,2,3,1,1
202300023110,2023-12-19 14:57:00,2023,12,19,14,57,2B,2B033,ROUTE ROYALE,42.7,9.45,Plein jour,En agglomération,Hors intersection,Normale,Deux véhicules - frontale,4,1,1,0,2,2,1,0,1,50,1,2,1,0,0,1,36.0,,utilitaire_camion,,1,2,1,1,1
202300023111,2023-12-19 17:15:00,2023,12,19,17,15,971,97101,VIEUX BOURG,16.24962,-61.52956,Plein jour,En agglomération,Hors intersection,Temps éblouissant,Autre collision,3,2,4,0,1,1,1,0,1,50,1,3,2,0,1,0,24.0,,voiture,,1,2,1,7,6
202300023112,2023-12-19 06:58:00,2023,12,19,6,58,971,97101,Frédéric JALTON,16.27356612,-61.50493026,Plein jour,En agglomération,Hors intersection,Normale,Autre collision,3,2,2,0,1,3,9,0,1,50,1,1,0,0,0,1,19.0,,deux_roues,,1,2,1,1,6
202300023113,2023-12-18 14:00:00,2023,12,18,14,0,971,97113,SECTION GRANDE RAVINE,16.21206,-61.47525,Plein jour,Hors agglomération,Hors intersection,Normale,Deux véhicules - côté,2,2,2,1,1,1,1,0,1,70,2,4,2,0,2,0,62.0,56.0,voiture,voiture,1,1,1,1,3
202300023114,2023-12-19 18:40:00,2023,12,19,18,40,95,95555,D109,48.967085,2.284387,Nuit avec éclairage allumé,En agglomération,Hors intersection,Pluie légère,Autre collision,3,2,2,0,1,1,2,6,1,50,1,2,1,0,0,1,69.0,,utilitaire_camion,,5,2,1,2,6
202300023115,2023-12-19 17:25:00,2023,12,19,17,25,91,91421,SENART (AVENUE DE),48.70306,2.45413,Nuit avec éclairage allumé,En agglomération,Autre intersection,Normale,Autre collision,4,1,1,0,1,1,1,0,1,30,1,3,1,0,0,2,,,deux_roues,,5,2,9,1,6
202300023116,2023-12-19 19:10:00,2023,12,19,19,10,91,91432,RD 118,48.713018,2.350722,Nuit sans éclairage public,En agglomération,Hors intersection,Pluie légère,Deux véhicules - arrière,3,2,0,0,1,1,2,0,1,70,2,4,2,0,0,2,33.0,59.0,voiture,utilitaire_camion,3,2,1,2,2
202300023117,2023-12-19 13:44:00,2023,12,19,13,44,87,87085,RUBEN (AVENUE ERNEST),45.82355,1.25121,Plein jour,En agglomération,Autre intersection,Normale,Deux véhicules - côté,4,2,2,0,1,1,1,0,1,30,2,2,1,0,0,1,43.0,68.0,voiture,voiture,1,2,9,1,3
202300023117,2023-12-19 13:44:00,2023,12,19,13,44,87,87085,RUBEN (AVENUE ERNEST),45.82355,1.25121,Plein jour,En agglomération,Autre intersection,Normale,Deux véhicules - côté,4,3,2,0,2,1,1,5,1,30,2,2,1,0,0,1,43.0,68.0,voiture,voiture,1,2,9,1,3
202300023118,2023-12-15 18:00:00,2023,12,15,18,0,80,80702,GRIMAUX (RUE),49.84372,2.29575,Nuit sans éclairage public,Hors agglomération,Hors intersection,Pluie légère,Autre collision,4,2,2,0,1,1,2,0,1,70,1,2,1,1,0,0,45.0,,voiture,,3,1,1,2,6
202300023119,2023-12-19 19:20:00,2023,12,19,19,20,80,80001,GENERAL LECLERC (du),50.10673,1.84527,Nuit avec éclairage allumé,En agglomération,Hors intersection,Pluie légère,Autre collision,4,-1,2,0,1,1,2,9,1,50,1,2,1,0,0,1,,,voiture,,5,2,1,2,6
202300023120,2023-12-19 20:45:00,2023,12,19,20,45,77,77337,LUZARD (COURS DU),48.8459,2.62015,Nuit sans éclairage public,En agglomération,Intersection en X,Pluie légère,Deux véhicules - côté,4,1,1,0,1,2,2,0,1,50,2,3,2,0,0,1,51.0,32.0,voiture,voiture,3,2,2,2,3