accident_id,datetime,annee,mois,jour,heure,minute,departement,commune_insee,adresse,latitude,longitude,luminosite,agglomeration,intersection,meteo,collision,catr,circ,nbv,vosp,prof,plan,surf,infra,situ,vma,nb_vehicules,nb_usagers,nb_indemnes,nb_tues,nb_blesses_hosp,nb_blesses_legers,age_cond_1,age_cond_2,veh_type_cond_1,veh_type_cond_2,lum_code,agg_code,int_code,atm_code,col_code
202300023410,2023-06-30 04:00:00,2023,6,30,4,0,83,83137,MOULINS (AVE DES DE 328 A FIN,43.14285346,5.91306764,Nuit avec éclairage allumé,En agglomération,Hors intersection,Pluie légère,Autre collision,3,2,2,0,1,1,2,0,1,50,1,1,0,1,0,0,35.0,,voiture,,5,2,1,2,6
202300023411,2023-10-12 20:40:00,2023,10,12,20,40,38,38544,RD1407   0.000 A 2.331,45.52695,4.87307,Nuit avec éclairage allumé,En agglomération,Hors intersection,Normale,Deux véhicules - arrière,2,3,0,0,1,1,1,0,1,50,2,2,1,0,0,1,43.0,61.0,utilitaire_camion,voiture,5,2,1,1,2
202300023412,2023-06-29 22:45:00,2023,6,29,22,45,83,83137,ARMARIS (BD DES),43.12235,5.98171,Nuit avec éclairage allumé,En agglomération,Intersection en X,Normale,Deux véhicules - frontale,4,2,3,0,1,1,1,0,1,50,2,2,0,0,1,1,24.0,20.0,deux_roues,voiture,5,2,2,1,1
202300023412,2023-06-29 22:45:00,2023,6,29,22,45,83,83137,ARMARIS (BD DES),43.12235,5.98171,Nuit avec éclairage allumé,En agglomération,Intersection en X,Normale,Deux véhicules - frontale,4,2,2,0,2,1,1,0,1,50,2,2,0,0,1,1,24.0,20.0,deux_roues,voiture,5,2,2,1,1
202300023413,2023-06-21 13:15:00,2023,6,21,13,15,83,83123,ESTIENNE D'ORVES (BD),43.11659495,5.80486523,Plein jour,En agglomération,Hors intersection,Normale,Autre collision,6,-1,0,0,1,1,1,9,1,30,1,2,1,0,1,0,59.0,,voiture,,1,2,1,1,6
202300023414,2023-10-13 21:29:00,2023,10,13,21,29,33,33013,ROUTE NATIONALE 89,44.86854323,-0.50320387,Nuit sans éclairage public,Hors agglomération,Hors intersection,Normale,Trois véhicules et plus - en chaîne,2,3,4,0,1,1,1,0,1,50,3,5,3,0,0,2,40.0,44.0,voiture,voiture,3,1,1,1,4
202300023415,2023-06-24 17:55:00,2023,6,24,17,55,83,83009,ESCOURCHE (BD DE L'),43.140519,5.761063,Plein jour,En agglomération,Hors intersection,Normale,Autre collision,4,2,2,0,1,1,1,0,1,50,2,2,1,0,1,0,34.0,63.0,utilitaire_camion,deux_roues,1,2,1,1,6
202300023416,2023-10-13 13:45:00,2023,10,13,13,45,91,91689,AUTOROUTE A6A,48.7299,2.31441,Plein jour,Hors agglomération,Hors intersection,Normale,Deux véhicules - arrière,1,-1,3,0,1,1,1,0,1,110,2,2,0,0,0,2,28.0,36.0,voiture,voiture,1,1,1,1,2
202300023417,2023-10-13 02:47:00,2023,10,13,2,47,94,94043,A6B,48.81455092,2.35560776,Nuit avec éclairage allumé,Hors agglomération,Hors intersection,Normale,Sans collision,1,-1,2,0,2,2,1,1,1,50,1,1,0,0,0,1,26.0,,deux_roues,,5,1,1,1,7
202300023418,2023-06-30 18:00:00,2023,6,30,18,0,69,69282,Avenue de Verdun,45.775,4.98804,Plein jour,En agglomération,Hors intersection,Normale,Trois véhicules et plus - en chaîne,4,2,2,2,1,1,1,0,1,50,3,4,1,0,0,3,47.0,34.0,voiture,voiture,1,2,1,1,4
202300023419,2023-10-13 16:45:00,2023,10,13,16,45,78,78043,A12 W,48.841324,2.102097,Plein jour,Hors agglomération,Hors intersection,Normale,Deux véhicules - arrière,1,1,1,0,2,2,1,0,1,70,2,2,1,0,0,1,53.0,38.0,utilitaire_camion,utilitaire_camion,1,1,1,1,2
202300023420,2023-06-30 18:30:00,2023,6,30,18,30,69,69256,Rue Alexandre Dumas,45.75342,4.93226,Plein jour,En agglomération,Intersection en X,Normale,Deux véhicules - côté,4,2,2,2,1,1,1,5,1,50,2,2,1,0,1,0,34.0,67.0,deux_roues,voiture,1,2,2,1,3
202300023420,2023-06-30 18:30:00,2023,6,30,18,30,69,69256,Rue Alexandre Dumas,45.75342,4.93226,Plein jour,En agglomération,Intersection en X,Normale,Deux véhicules - côté,4,2,4,3,1,1,1,5,1,50,2,2,1,0,1,0,34.0,67.0,deux_roues,voiture,1,2,2,1,3
202300023421,2023-06-30 06:45:00,2023,6,30,6,45,69,69256,Avenue Garibaldi,45.76667,4.93127,Plein jour,En agglomération,Hors intersection,Pluie forte,Deux véhicules - arrière,4,2,4,0,1,1,2,0,1,50,2,2,1,0,0,1,47.0,31.0,voiture,voiture,1,2,1,3,2
202300023422,2023-10-13 12:15:00,2023,10,13,12,15,78,78133,A13,48.887698,2.011411,Plein jour,Hors agglomération,Hors intersection,Normale,Deux véhicules - arrière,1,-1,2,0,1,1,1,0,1,110,2,2,1,0,0,1,27.0,88.0,utilitaire_camion,voiture,1,1,1,1,2
202300023423,2023-06-30 15:50:00,2023,6,30,15,50,67,67482,PREMIERE ARMEE (RUE DE LA),48.57771,7.75176,Plein jour,En agglomération,Hors intersection,Pluie légère,Autre collision,4,3,4,3,1,1,2,0,1,50,1,2,1,0,0,1,36.0,,voiture,,1,2,1,2,6
202300023424,2023-10-12 20:10:00,2023,10,12,20,10,78,78043,A12 W,48.836445,2.089358,Nuit sans éclairage public,Hors agglomération,Hors intersection,Normale,Deux véhicules - arrière,1,-1,3,0,1,1,1,0,1,90,2,2,1,0,0,1,43.0,32.0,voiture,voiture,3,1,1,1,2
202300023425,2023-06-29 16:10:00,2023,6,29,16,10,67,67482,GARE AUX MARCHANDISES (RUE DE LA),48.59162,7.73369,Plein jour,En agglomération,Intersection en T,Normale,Deux véhicules - côté,4,1,2,0,1,1,1,0,1,50,2,2,1,0,0,1,13.0,33.0,deux_roues,voiture,1,2,3,1,3
202300023425,2023-06-29 16:10:00,2023,6,29,16,10,67,67482,GARE AUX MARCHANDISES (RUE DE LA),48.59162,7.73369,Plein jour,En agglomération,Intersection en T,Normale,Deux véhicules - côté,4,2,2,3,1,1,1,9,1,50,2,2,1,0,0,1,13.0,33.0,deux_roues,voiture,1,2,3,1,3
202300023426,2023-06-30 20:45:00,2023,6,30,20,45,64,64102,MARAIS (ROND POINT DES),43.49091,-1.49537,Crépuscule ou aube,En agglomération,Giratoire,Normale,Deux véhicules - côté,4,3,4,0,1,1,1,0,1,50,2,2,0,0,0,2,29.0,22.0,deux_roues,deux_roues,2,2,6,1,3
202300023426,2023-06-30 20:45:00,2023,6,30,20,45,64,64102,MARAIS (ROND POINT DES),43.49091,-1.49537,Crépuscule ou aube,En agglomération,Giratoire,Normale,Deux véhicules - côté,4,1,2,0,1,2,1,0,1,50,2,2,0,0,0,2,29.0,22.0,deux_roues,deux_roues,2,2,6,1,3
202300023427,2023-10-13 18:30:00,2023,10,13,18,30,93,93008,AUTOROUTE A86,48.91273457,2.43680722,Nuit avec éclairage allumé,Hors agglomération,Hors intersection,Normale,Trois véhicules et plus - collisions multiples,1,3,3,0,1,1,1,1,1,90,4,5,3,0,0,2,42.0,63.0,voiture,voiture,5,1,1,1,5
202300023428,2023-05-30 14:50:00,2023,5,30,14,50,62,62523,D917,50.44029,2.8488,Plein jour,En agglomération,Intersection en T,Normale,Deux véhicules - côté,3,2,2,0,1,1,1,0,1,50,2,2,1,0,1,0,60.0,18.0,utilitaire_camion,deux_roues,1,2,3,1,3
202300023428,2023-05-30 14:50:00,2023,5,30,14,50,62,62523,D917,50.44029,2.8488,Plein jour,En agglomération,Intersection en T,Normale,Deux véhicules - côté,3,1,0,0,1,1,1,0,1,50,2,2,1,0,1,0,60.0,18.0,utilitaire_camion,deux_roues,1,2,3,1,3
202300023429,2023-06-29 21:20:00,2023,6,29,21,20,62,62563,RUE MAX DORMOY,50.47353,2.71057,Crépuscule ou aube,En agglomération,Hors intersection,Normale,Deux véhicules - frontale,4,2,0,0,1,3,1,0,1,50,2,2,1,0,0,1,38.0,13.0,voiture,deux_roues,2,2,1,1,1
202300023430,2023-10-13 14:10:00,2023,10,13,14,10,93,93027,AUTOROUTE A86,48.92333,2.38295,Plein jour,Hors agglomération,Hors intersection,Normale,Deux véhicules - arrière,1,3,4,0,1,1,1,1,1,90,2,3,1,0,0,2,19.0,,voiture,voiture,1,1,1,1,2
202300023431,2023-06-29 11:00:00,2023,6,29,11,0,62,62427,Rue Denis Papin,50.420574,2.946789,Plein jour,En agglomération,Hors intersection,Normale,Autre collision,4,1,0,0,1,2,1,0,1,30,1,1,0,1,0,0,76.0,,voiture,,1,2,1,1,6
202300023432,2023-10-13 16:37:00,2023,10,13,16,37,92,92036,N 315 ,48.93724465,2.29915559,Plein jour,Hors agglomération,Hors intersection,Normale,Deux véhicules - arrière,2,1,0,0,1,3,1,0,1,50,2,2,1,0,1,0,28.0,55.0,voiture,deux_roues,1,1,1,1,2
202300023433,2023-06-30 14:50:00,2023,6,30,14,50,59,59279,LYS (RUE DE LA),50.78554,3.11834,Plein jour,En agglomération,Hors intersection,Normale,Deux véhicules - côté,7,2,2,0,1,1,1,9,1,50,2,2,1,0,0,1,21.0,20.0,voiture,deux_roues,1,2,1,1,3
202300023434,2023-06-29 15:35:00,2023,6,29,15,35,59,59350,SALENGRO ROGER RUE,50.62939,3.10164,Plein jour,En agglomération,Hors intersection,Normale,Deux véhicules - frontale,7,2,2,1,1,1,1,0,1,50,2,2,1,0,0,1,,36.0,voiture,voiture,1,2,1,1,1
202300023435,2023-10-12 15:10:00,2023,10,12,15,10,94,94028,A86,48.79644473,2.44316089,Plein jour,Hors agglomération,Hors intersection,Normale,Trois véhicules et plus - collisions multiples,1,1,4,0,1,1,1,0,1,90,3,3,2,0,0,1,48.0,38.0,utilitaire_camion,voiture,1,1,1,1,5
202300023436,2023-06-30 13:20:00,2023,6,30,13,20,56,56121,Rue président John Kennedy,47.76312,-3.3817,Plein jour,En agglomération,Hors intersection,Normale,Deux véhicules - arrière,4,1,1,0,2,3,1,0,1,50,2,2,1,0,0,1,60.0,47.0,voiture,voiture,1,2,1,1,2
202300023437,2023-06-29 21:39:00,2023,6,29,21,39,56,56121,BLUM ( BD LEON ),47.75149,-3.37154,Plein jour,En agglomération,Intersection en X,Normale,Sans collision,4,2,2,0,1,1,1,0,1,30,1,1,0,0,0,1,23.0,,deux_roues,,1,2,2,1,7
202300023437,2023-06-29 21:39:00,2023,6,29,21,39,56,56121,BLUM ( BD LEON ),47.75149,-3.37154,Plein jour,En agglomération,Intersection en X,Normale,Sans collision,4,2,2,0,1,1,1,0,1,30,1,1,0,0,0,1,23.0,,deux_roues,,1,2,2,1,7
202300023438,2023-06-30 17:20:00,2023,6,30,17,20,54,54274,Rue de la République,48.66663825,6.21272564,Plein jour,En agglomération,Giratoire,Normale,Deux véhicules - côté,4,-1,2,0,1,3,1,0,1,50,2,2,1,0,0,1,29.0,22.0,voiture,deux_roues,1,2,6,1,3
202300023438,2023-06-30 17:20:00,2023,6,30,17,20,54,54274,Rue de la République,48.66663825,6.21272564,Plein jour,En agglomération,Giratoire,Normale,Deux véhicules - côté,4,-1,2,0,1,2,1,0,1,50,2,2,1,0,0,1,29.0,22.0,voiture,deux_roues,1,2,6,1,3
202300023439,2023-07-01 15:30:00,2023,7,1,15,30,13,13056,ROUTE DU PORT DE LAVERA,43.39737,5.03395,Plein jour,En agglomération,Giratoire,Normale,Deux véhicules - frontale,7,2,2,0,1,1,1,0,1,50,2,3,1,0,0,2,24.0,80.0,voiture,voiture,1,2,6,1,1
202300023439,2023-07-01 15:30:00,2023,7,1,15,30,13,13056,ROUTE DU PORT DE LAVERA,43.39737,5.03395,Plein jour,En agglomération,Giratoire,Normale,Deux véhicules - frontale,7,2,2,0,1,1,1,0,8,50,2,3,1,0,0,2,24.0,80.0,voiture,voiture,1,2,6,1,1
202300023439,2023-07-01 15:30:00,2023,7,1,15,30,13,13056,ROUTE DU PORT DE LAVERA,43.39737,5.03395,Plein jour,En agglomération,Giratoire,Normale,Deux véhicules - frontale,7,2,2,0,1,1,1,0,8,50,2,3,1,0,0,2,24.0,80.0,voiture,voiture,1,2,6,1,1
202300023440,2023-06-29 17:10:00,2023,6,29,17,10,50,50129,RIVIERES (RUE DES),49.66086,-1.68522,Plein jour,En agglomération,Giratoire,Normale,Deux véhicules - côté,4,2,2,0,1,1,1,5,1,50,2,2,1,0,0,1,20.0,28.0,deux_roues,voiture,1,2,6,1,3
202300023440,2023-06-29 17:10:00,2023,6,29,17,10,50,50129,RIVIERES (RUE DES),49.66086,-1.68522,Plein jour,En agglomération,Giratoire,Normale,Deux véhicules - côté,4,1,1,0,1,2,1,5,1,50,2,2,1,0,0,1,20.0,28.0,deux_roues,voiture,1,2,6,1,3
202300023441,2023-06-30 13:50:00,2023,6,30,13,50,49,49007,AYRAULT,47.47737,-0.55323,Plein jour,En agglomération,Intersection en X,Temps couvert,Deux véhicules - côté,4,3,1,0,1,1,1,0,1,50,2,2,1,0,0,1,52.0,68.0,voiture,voiture,1,2,2,8,3
202300023441,2023-06-30 13:50:00,2023,6,30,13,50,49,49007,AYRAULT,47.47737,-0.55323,Plein jour,En agglomération,Intersection en X,Temps couvert,Deux véhicules - côté,4,1, -1,-1,1,1,1,0,1,-1,2,2,1,0,0,1,52.0,68.0,voiture,voiture,1,2,2,8,3
202300023442,2023-07-26 10:58:00,2023,7,26,10,58,74,74155,Route du col de terramont,46.261039,6.507468,Plein jour,Hors agglomération,Autre intersection,Normale,Autre collision,3,2,2,0,2,2,1,0,3,80,1,1,0,0,1,0,40.0,,voiture,,1,1,9,1,6
202300023443,2023-10-12 08:15:00,2023,10,12,8,15,976,97611,passamanty-Vahibé ( route ),-12.8,45.20392,Plein jour,En agglomération,Hors intersection,Normale,Autre collision,3,2,2,0,1,1,1,0,1,50,1,2,1,0,0,1,40.0,,voiture,,1,2,1,1,6
202300023444,2023-06-30 01:30:00,2023,6,30,1,30,49,49007,VERDUN PONT,47.47362,-0.559,Nuit avec éclairage non allumé,En agglomération,Intersection en X,Normale,Deux véhicules - côté,4,1,1,1,1,1,1,0,1,30,2,3,1,0,2,0,19.0,19.0,deux_roues,voiture,4,2,2,1,3
202300023444,2023-06-30 01:30:00,2023,6,30,1,30,49,49007,VERDUN PONT,47.47362,-0.559,Nuit avec éclairage non allumé,En agglomération,Intersection en X,Normale,Deux véhicules - côté,4,2,2,0,1,1,1,0,1,30,2,3,1,0,2,0,19.0,19.0,deux_roues,voiture,4,2,2,1,3
202300023445,2023-06-29 19:21:00,2023,6,29,19,21,49,49007,WALDECK ROUSSEAU,47.47083,-0.54451,Plein jour,En agglomération,Hors intersection,Normale,Sans collision,4,2,2,2,1,1,1,0,1,50,1,1,0,0,0,1,31.0,,voiture,,1,2,1,1,7
202300023446,2023-10-09 12:45:00,2023,10,9,12,45,974,97411,GUADELOUPE (DE LA),-20.90401,55.4949,Plein jour,En agglomération,Intersection en Y,Normale,Deux véhicules - frontale,4,1,0,0,2,1,1,0,1,30,2,2,1,0,0,1,24.0,67.0,voiture,deux_roues,1,2,4,1,1
202300023446,2023-10-09 12:45:00,2023,10,9,12,45,974,97411,GUADELOUPE (DE LA),-20.90401,55.4949,Plein jour,En agglomération,Intersection en Y,Normale,Deux véhicules - frontale,4,1,1,0,1,2,1,0,1,30,2,2,1,0,0,1,24.0,67.0,voiture,deux_roues,1,2,4,1,1
202300023447,2023-06-30 17:55:00,2023,6,30,17,55,45,45285,1 Rue Roger Toulouse,47.91206,1.87741,Plein jour,En agglomération,Hors intersection,Normale,Autre collision,4,1,2,0,1,3,1,0,1,50,2,2,1,0,0,1,30.0,15.0,voiture,deux_roues,1,2,1,1,6
202300023448,2023-10-12 15:55:00,2023,10,12,15,55,973,97302,MONTABO (ROUTE DE) 3,4.93517048,-52.29370549,Plein jour,En agglomération,Intersection en X,Normale,Deux véhicules - côté,3,2,2,2,1,1,1,0,1,50,2,2,1,0,0,1,36.0,26.0,voiture,deux_roues,1,2,2,1,3
202300023448,2023-10-12 15:55:00,2023,10,12,15,55,973,97302,MONTABO (ROUTE DE) 3,4.93517048,-52.29370549,Plein jour,En agglomération,Intersection en X,Normale,Deux véhicules - côté,3,2,2,2,1,1,1,0,1,50,2,2,1,0,0,1,36.0,26.0,voiture,deux_roues,1,2,2,1,3
202300023449,2023-06-30 08:55:00,2023,6,30,8,55,45,45234,34 Rue du Faubourg Saint-Jean,47.90505,1.89266,Plein jour,En agglomération,Hors intersection,Normale,Deux véhicules - côté,4,2,2,0,1,1,1,0,1,50,2,2,1,0,0,1,61.0,34.0,deux_roues,voiture,1,2,1,1,3
202300023450,2023-10-11 23:10:00,2023,10,11,23,10,973,97302,BADUEL (ROUTE DE),4.9292,-52.30232,Nuit sans éclairage public,En agglomération,Hors intersection,Normale,Deux véhicules - arrière,3,2,2,0,1,1,1,0,1,50,2,2,1,0,0,1,21.0,23.0,deux_roues,voiture,3,2,1,1,2
202300023451,2023-10-11 13:40:00,2023,10,11,13,40,972,97209,VICTOR LAMON (AVENUE),14.60454,-61.05622,Plein jour,En agglomération,Hors intersection,Normale,Autre collision,4,2,2,0,1,1,1,0,1,50,1,2,1,0,0,1,37.0,,voiture,,1,2,1,1,6
202300023452,2023-10-12 08:45:00,2023,10,12,8,45,69,69382,Pont Lafayette,45.76355,4.83947,Plein jour,En agglomération,Hors intersection,Normale,Deux véhicules - arrière,4,2,3,1,1,1,1,2,1,50,2,2,1,0,0,1,18.0,31.0,deux_roues,voiture,1,2,1,1,2
202300023453,2023-10-11 17:30:00,2023,10,11,17,30,69,69152,130 Boulevard de l'Europe,45.69635,4.82569,Plein jour,En agglomération,Autre intersection,Normale,Deux véhicules - côté,7,1,2,2,1,1,1,0,5,50,2,2,1,0,0,1,41.0,35.0,voiture,deux_roues,1,2,9,1,3
202300023454,2023-10-10 17:34:00,2023,10,10,17,34,69,69382,Quai Jean Moulin,45.76501,4.83812,Plein jour,En agglomération,Intersection en X,Normale,Deux véhicules - côté,4,1,1,0,1,1,1,0,1,30,2,3,2,0,0,1,55.0,71.0,deux_roues,voiture,1,2,2,1,3
202300023454,2023-10-10 17:34:00,2023,10,10,17,34,69,69382,Quai Jean Moulin,45.76501,4.83812,Plein jour,En agglomération,Intersection en X,Normale,Deux véhicules - côté,4,2,4,3,1,1,1,0,1,50,2,3,2,0,0,1,55.0,71.0,deux_roues,voiture,1,2,2,1,3
202300023455,2023-10-12 18:25:00,2023,10,12,18,25,2B,2B037,TOUTES RUES,42.61958,9.43192,Plein jour,En agglomération,Hors intersection,Normale,Deux véhicules - frontale,3,2,2,0,4,3,1,0,1,50,2,4,0,0,0,4,63.0,18.0,deux_roues,voiture,1,2,1,1,1
202300023456,2023-10-12 14:10:00,2023,10,12,14,10,2B,2B033,CAPITAINE THEN,42.67473,9.43793,Plein jour,En agglomération,Intersection en X,Normale,Deux véhicules - côté,4,2,2,0,1,1,1,0,1,30,2,2,1,0,0,1,41.0,40.0,voiture,deux_roues,1,2,2,1,3
202300023456,2023-10-12 14:10:00,2023,10,12,14,10,2B,2B033,CAPITAINE THEN,42.67473,9.43793,Plein jour,En agglomération,Intersection en X,Normale,Deux véhicules - côté,4,2,2,0,2,1,1,0,1,30,2,2,1,0,0,1,41.0,40.0,voiture,deux_roues,1,2,2,1,3
202300023457,2023-10-12 08:55:00,2023,10,12,8,55,2B,2B037,D 82,42.59396,9.43716,Plein jour,Hors agglomération,Intersection en X,Normale,Deux véhicules - côté,3,2,3,0,1,1,1,5,1,50,2,2,0,0,0,2,19.0,28.0,voiture,voiture,1,1,2,1,3
202300023457,2023-10-12 08:55:00,2023,10,12,8,55,2B,2B037,D 82,42.59396,9.43716,Plein jour,Hors agglomération,Intersection en X,Normale,Deux véhicules - côté,3,2,2,0,1,1,1,5,1,50,2,2,0,0,0,2,19.0,28.0,voiture,voiture,1,1,2,1,3
202300023458,2023-10-12 07:45:00,2023,10,12,7,45,971,97101,ROUTE DES ABYMES,16.26717,-61.50847,Plein jour,En agglomération,Autre intersection,Normale,Autre collision,3,-1,2,0,1,1,1,5,1,50,2,2,1,0,0,1,40.0,21.0,voiture,deux_roues,1,2,9,1,6
202300023459,2023-10-12 11:48:00,2023,10,12,11,48,2A,2A004,CAMPI LOUIS BD,41.94346,8.75387,Plein jour,En agglomération,Intersection en Y,Normale,Deux véhicules - arrière,4,1,1,0,1,1,1,0,1,50,2,2,1,0,0,1,23.0,51.0,deux_roues,voiture,1,2,4,1,2
202300023459,2023-10-12 11:48:00,2023,10,12,11,48,2A,2A004,CAMPI LOUIS BD,41.94346,8.75387,Plein jour,En agglomération,Intersection en Y,Normale,Deux véhicules - arrière,4,3,4,0,1,1,1,0,6,50,2,2,1,0,0,1,23.0,51.0,deux_roues,voiture,1,2,4,1,2
202300023460,2023-10-11 17:15:00,2023,10,11,17,15,95,95218,CHARLES DE GAULLE (BOULEVARD),49.021956,2.113202,Plein jour,En agglomération,Hors intersection,Normale,Deux véhicules - côté,4,2,0,0,1,1,1,0,1,50,2,2,1,0,0,1,,33.0,utilitaire_camion,deux_roues,1,2,1,1,3
202300023461,2023-10-12 15:05:00,2023,10,12,15,5,91,91549,LEO LAGRANGE (RUE),48.63354,2.34367,Plein jour,En agglomération,Hors intersection,Normale,Autre collision,4,2,2,0,1,1,1,0,1,50,1,2,1,0,0,1,24.0,,voiture,,1,2,1,1,6
202300023462,2023-10-12 21:20:00,2023,10,12,21,20,91,91161,RTE DE MASSY,48.7152,2.29882,Nuit avec éclairage allumé,En agglomération,Hors intersection,Normale,Autre collision,3,3,6,3,1,1,1,0,1,50,1,2,1,0,0,1,,,autre,,5,2,1,1,6
202300023463,2023-10-12 16:15:00,2023,10,12,16,15,91,91691,GABRIEL PERI(RUE) DU N°70 AU N°122,48.704,2.487,Plein jour,En agglomération,Hors intersection,Normale,Deux véhicules - côté,3,2,2,0,2,1,1,0,1,50,2,2,1,0,0,1,23.0,60.0,utilitaire_camion,deux_roues,1,2,1,1,3
202300023464,2023-10-11 17:00:00,2023,10,11,17,0,30,30351,Avenue Gabriel Peri,43.95778,4.79581,Plein jour,En agglomération,Hors intersection,Normale,Sans collision,3,2,2,0,1,1,1,0,1,50,1,2,0,0,0,2,49.0,,deux_roues,,1,2,1,1,7
202300023465,2023-10-11 10:45:00,2023,10,11,10,45,84,84007,TARASCON ( Avenue de),43.92664,4.8095,Plein jour,En agglomération,Intersection en T,Normale,Deux véhicules - côté,4,2,2,0,1,1,1,5,1,30,2,2,1,0,0,1,26.0,16.0,voiture,deux_roues,1,2,3,1,3
202300023465,2023-10-11 10:45:00,2023,10,11,10,45,84,84007,TARASCON ( Avenue de),43.92664,4.8095,Plein jour,En agglomération,Intersection en T,Normale,Deux véhicules - côté,4,3,4,0,1,1,1,5,1,50,2,2,1,0,0,1,26.0,16.0,voiture,deux_roues,1,2,3,1,3
202300023466,2023-10-12 17:00:00,2023,10,12,17,0,83,83137,LOTI (AVE PIERRE),43.11537,5.94359,Plein jour,En agglomération,Hors intersection,Normale,Autre collision,4,2,2,0,1,1,1,9,1,50,1,2,1,0,0,1,22.0,,voiture,,1,2,1,1,6
202300023467,2023-10-11 17:10:00,2023,10,11,17,10,83,83144,LAVOISIER (AVE / IMP),43.13828,5.99809,Plein jour,En agglomération,Hors intersection,Temps éblouissant,Deux véhicules - côté,4,-1,2,0,1,1,1,0,1,50,2,2,1,0,0,1,47.0,64.0,voiture,deux_roues,1,2,1,7,3
202300023468,2023-10-11 07:55:00,2023,10,11,7,55,79,79191,,46.31268,-0.44177,Crépuscule ou aube,En agglomération,Intersection en X,Brouillard / fumée,Deux véhicules - côté,4,2,2,0,3,1,1,0,1,50,2,2,1,0,1,0,16.0,53.0,deux_roues,voiture,2,2,2,5,3
202300023468,2023-10-11 07:55:00,2023,10,11,7,55,79,79191,,46.31268,-0.44177,Crépuscule ou aube,En agglomération,Intersection en X,Brouillard / fumée,Deux véhicules - côté,4,2,2,0,1,1,1,0,1,50,2,2,1,0,1,0,16.0,53.0,deux_roues,voiture,2,2,2,5,3
202300023469,2023-10-12 07:40:00,2023,10,12,7,40,77,77373,RTE NATIONALE N 4,48.769648,2.636644,Crépuscule ou aube,Hors agglomération,Hors intersection,Normale,Deux véhicules - arrière,2,1,2,0,1,1,1,0,1,90,2,2,1,0,0,1,60.0,23.0,voiture,deux_roues,2,1,1,1,2
202300023470,2023-10-11 18:00:00,2023,10,11,18,0,77,77114,D216,48.72191053,2.65263855,Plein jour,En agglomération,Hors intersection,Normale,Deux véhicules - côté,3,-1,2,0,1,1,1,0,1,50,2,2,1,0,0,1,36.0,52.0,deux_roues,voiture,1,2,1,1,3
202300023471,2023-10-11 11:38:00,2023,10,11,11,38,77,77288,HIPPOLYTE ROSSIGNOL  (QUAI),48.53511,2.65722,Plein jour,En agglomération,Intersection en X,Normale,Autre collision,4,2,2,0,1,1,1,0,1,50,1,2,1,1,0,0,30.0,,transport_commun,,1,2,2,1,6
202300023471,2023-10-11 11:38:00,2023,10,11,11,38,77,77288,HIPPOLYTE ROSSIGNOL  (QUAI),48.53511,2.65722,Plein jour,En agglomération,Intersection en X,Normale,Autre collision,4,1,3,0,1,1,1,5,8,50,1,2,1,1,0,0,30.0,,transport_commun,,1,2,2,1,6
202300023472,2023-10-12 13:06:00,2023,10,12,13,6,77,77058,BUISSONIERE (RUE),48.839951,2.710799,Plein jour,En agglomération,Intersection en X,Normale,Deux véhicules - côté,4,-1,1,0,1,1,1,9,1,50,2,2,1,0,0,1,61.0,84.0,voiture,voiture,1,2,2,1,3
202300023472,2023-10-12 13:06:00,2023,10,12,13,6,77,77058,BUISSONIERE (RUE),48.839951,2.710799,Plein jour,En agglomération,Intersection en X,Normale,Deux véhicules - côté,4,-1,2,0,1,1,1,9,8,50,2,2,1,0,0,1,61.0,84.0,voiture,voiture,1,2,2,1,3
202300023473,2023-10-12 07:20:00,2023,10,12,7,20,77,77058,EUROPE (AVENUE DE L' ),48.83117,2.70671,Nuit avec éclairage allumé,En agglomération,Giratoire,Normale,Deux véhicules - côté,3,1,2,0,1,3,1,0,1,50,2,3,2,0,0,1,29.0,37.0,deux_roues,utilitaire_camion,5,2,6,1,3
202300023473,2023-10-12 07:20:00,2023,10,12,7,20,77,77058,EUROPE (AVENUE DE L' ),48.83117,2.70671,Nuit avec éclairage allumé,En agglomération,Giratoire,Normale,Deux véhicules - côté,3,1,2,0,1,3,1,0,1,50,2,3,2,0,0,1,29.0,37.0,deux_roues,utilitaire_camion,5,2,6,1,3
202300023474,2023-10-12 07:50:00,2023,10,12,7,50,72,72181,KLOTZ HENRI-PIERRE (AV),48.01938,0.16766,Plein jour,En agglomération,Autre intersection,Normale,Deux véhicules - côté,4,2,2,0,1,1,1,0,1,50,2,2,1,0,0,1,45.0,43.0,voiture,deux_roues,1,2,9,1,3
202300023475,2023-10-11 13:40:00,2023,10,11,13,40,72,72181,DURAND GEORGES (AV) N° PAIRS 2 A 110,47.98084,0.21183,Plein jour,En agglomération,Hors intersection,Normale,Autre collision,4,1,1,1,1,1,1,0,1,50,2,2,1,0,0,1,52.0,36.0,voiture,deux_roues,1,2,1,1,6
202300023476,2023-10-12 14:45:00,2023,10,12,14,45,69,69266,Avenue Roger Salengro,45.78186,4.88742,Plein jour,En agglomération,Intersection en X,Normale,Trois véhicules et plus - collisions multiples,4,2,2,0,1,1,1,0,1,30,4,4,3,0,0,1,63.0,55.0,utilitaire_camion,utilitaire_camion,1,2,2,1,5
202300023476,2023-10-12 14:45:00,2023,10,12,14,45,69,69266,Avenue Roger Salengro,45.78186,4.88742,Plein jour,En agglomération,Intersection en X,Normale,Trois véhicules et plus - collisions multiples,4,1,1,2,1,1,1,0,1,30,4,4,3,0,0,1,63.0,55.0,utilitaire_camion,utilitaire_camion,1,2,2,1,5