accident_id,datetime,annee,mois,jour,heure,minute,departement,commune_insee,adresse,latitude,longitude,luminosite,agglomeration,intersection,meteo,collision,catr,circ,nbv,vosp,prof,plan,surf,infra,situ,vma,nb_vehicules,nb_usagers,nb_indemnes,nb_tues,nb_blesses_hosp,nb_blesses_legers,age_cond_1,age_cond_2,veh_type_cond_1,veh_type_cond_2,lum_code,agg_code,int_code,atm_code,col_code
202300023692,2023-04-19 09:00:00,2023,4,19,9,0,75,75120,AVENUE DE LA PORTE DES LILAS,48.877099,2.4069,Plein jour,En agglomération,Intersection en X,Normale,Deux véhicules - côté,4,1,2,0,1,1,1,5,1,30,2,2,1,0,0,1,47.0,38.0,utilitaire_camion,deux_roues,1,2,2,1,3
202300023692,2023-04-19 09:00:00,2023,4,19,9,0,75,75120,AVENUE DE LA PORTE DES LILAS,48.877099,2.4069,Plein jour,En agglomération,Intersection en X,Normale,Deux véhicules - côté,4,1, -1,0,1,1,1,0,1,30,2,2,1,0,0,1,47.0,38.0,utilitaire_camion,deux_roues,1,2,2,1,3
202300023693,2023-08-04 14:28:00,2023,8,4,14,28,75,75118,BOULEVARD NEY,48.897799,2.333485,Plein jour,En agglomération,Intersection en T,Normale,Autre collision,4,2,4,2,1,1,1,0,1,50,1,2,1,1,0,0,21.0,,voiture,,1,2,3,1,6
202300023693,2023-08-04 14:28:00,2023,8,4,14,28,75,75118,BOULEVARD NEY,48.897799,2.333485,Plein jour,En agglomération,Intersection en T,Normale,Autre collision,4,1,2,1,1,1,1,0,1,30,1,2,1,1,0,0,21.0,,voiture,,1,2,3,1,6
202300023694,2023-04-19 11:40:00,2023,4,19,11,40,75,75119,PLACE DE LA PORTE DE PANTIN,48.889876,2.396631,Plein jour,En agglomération,Intersection en X,Normale,Deux véhicules - côté,4,3,8,0,1,1,1,0,1,30,2,3,1,0,0,2,20.0,47.0,deux_roues,utilitaire_camion,1,2,2,1,3
202300023694,2023-04-19 11:40:00,2023,4,19,11,40,75,75119,PLACE DE LA PORTE DE PANTIN,48.889876,2.396631,Plein jour,En agglomération,Intersection en X,Normale,Deux véhicules - côté,4,1,3,0,1,1,1,0,1,30,2,3,1,0,0,2,20.0,47.0,deux_roues,utilitaire_camion,1,2,2,1,3
202300023695,2023-08-04 16:07:00,2023,8,4,16,7,75,75115,RUE DE LA CROIX NIVERT,48.843601,2.295735,Plein jour,En agglomération,Intersection en X,Normale,Autre collision,4,-1, -1,0,1,1,1,0,4,30,1,5,1,0,1,3,90.0,,voiture,,1,2,2,1,6
202300023695,2023-08-04 16:07:00,2023,8,4,16,7,75,75115,RUE DE LA CROIX NIVERT,48.843601,2.295735,Plein jour,En agglomération,Intersection en X,Normale,Autre collision,4,2,2,0,1,1,1,0,4,30,1,5,1,0,1,3,90.0,,voiture,,1,2,2,1,6
202300023696,2023-04-19 18:15:00,2023,4,19,18,15,75,75118,RUE CUSTINE,48.88878,2.34658,Plein jour,En agglomération,Intersection en X,Normale,Deux véhicules - arrière,4,1, -1,0,1,1,1,0,1,30,2,3,1,0,0,2,22.0,28.0,voiture,deux_roues,1,2,2,1,2
202300023696,2023-04-19 18:15:00,2023,4,19,18,15,75,75118,RUE CUSTINE,48.88878,2.34658,Plein jour,En agglomération,Intersection en X,Normale,Deux véhicules - arrière,4,2,2,0,1,1,1,0,1,30,2,3,1,0,0,2,22.0,28.0,voiture,deux_roues,1,2,2,1,2
202300023697,2023-08-03 10:25:00,2023,8,3,10,25,75,75119,BOULEVARD D INDOCHINE,48.883653,2.396988,Plein jour,En agglomération,Intersection en X,Normale,Autre collision,4,2,4,0,2,1,2,0,1,30,1,2,1,1,0,0,50.0,,voiture,,1,2,2,1,6
202300023697,2023-08-03 10:25:00,2023,8,3,10,25,75,75119,BOULEVARD D INDOCHINE,48.883653,2.396988,Plein jour,En agglomération,Intersection en X,Normale,Autre collision,4,2,5,2,2,1,2,0,1,50,1,2,1,1,0,0,50.0,,voiture,,1,2,2,1,6
202300023698,2023-04-19 17:20:00,2023,4,19,17,20,75,75116,PLACE DE LA PORTE MAILLOT,48.878079,2.281028,Plein jour,En agglomération,Intersection en X,Normale,Trois véhicules et plus - collisions multiples,4,-1, -1,0,1,1,1,0,1,30,3,5,4,0,0,1,32.0,32.0,deux_roues,deux_roues,1,2,2,1,5
202300023698,2023-04-19 17:20:00,2023,4,19,17,20,75,75116,PLACE DE LA PORTE MAILLOT,48.878079,2.281028,Plein jour,En agglomération,Intersection en X,Normale,Trois véhicules et plus - collisions multiples,4,2,3,0,1,1,1,0,1,30,3,5,4,0,0,1,32.0,32.0,deux_roues,deux_roues,1,2,2,1,5
202300023699,2023-08-02 16:45:00,2023,8,2,16,45,75,75106,QUAI DES GRANDS AUGUSTINS,48.85428,2.343166,Plein jour,En agglomération,Intersection en T,Normale,Deux véhicules - côté,4,1, -1,-1,1,1,1,0,1,-1,2,2,1,0,0,1,29.0,62.0,deux_roues,utilitaire_camion,1,2,3,1,3
202300023699,2023-08-02 16:45:00,2023,8,2,16,45,75,75106,QUAI DES GRANDS AUGUSTINS,48.85428,2.343166,Plein jour,En agglomération,Intersection en T,Normale,Deux véhicules - côté,4,1,3,1,1,1,1,0,1,30,2,2,1,0,0,1,29.0,62.0,deux_roues,utilitaire_camion,1,2,3,1,3
202300023700,2023-04-18 11:30:00,2023,4,18,11,30,75,75116,RUE HENRY DE LA VAULX,48.835158,2.258875,Plein jour,En agglomération,Hors intersection,Normale,Deux véhicules - arrière,4,1,2,0,1,1,1,0,1,50,2,3,1,0,0,2,37.0,49.0,utilitaire_camion,deux_roues,1,2,1,1,2
202300023701,2023-08-05 13:00:00,2023,8,5,13,0,75,75120,RUE DE BAGNOLET,48.859145,2.402116,Plein jour,En agglomération,Intersection en X,Pluie légère,Deux véhicules - côté,4,2,2,0,1,1,2,0,1,30,2,2,1,0,0,1,53.0,31.0,voiture,voiture,1,2,2,2,3
202300023701,2023-08-05 13:00:00,2023,8,5,13,0,75,75120,RUE DE BAGNOLET,48.859145,2.402116,Plein jour,En agglomération,Intersection en X,Pluie légère,Deux véhicules - côté,4,2,0,0,1,1,2,0,1,30,2,2,1,0,0,1,53.0,31.0,voiture,voiture,1,2,2,2,3
202300023702,2023-04-19 13:50:00,2023,4,19,13,50,75,75115,AVENUE EMILE ZOLA,48.846964,2.294353,Plein jour,En agglomération,Intersection en X,Normale,Trois véhicules et plus - collisions multiples,4,2,2,0,1,1,1,0,1,30,3,3,2,0,0,1,49.0,21.0,deux_roues,voiture,1,2,2,1,5
202300023702,2023-04-19 13:50:00,2023,4,19,13,50,75,75115,AVENUE EMILE ZOLA,48.846964,2.294353,Plein jour,En agglomération,Intersection en X,Normale,Trois véhicules et plus - collisions multiples,4,-1, -1,0,1,1,1,0,1,30,3,3,2,0,0,1,49.0,21.0,deux_roues,voiture,1,2,2,1,5
202300023703,2023-08-04 10:30:00,2023,8,4,10,30,75,75120,RUE DU RETRAIT,48.869521,2.393168,Plein jour,En agglomération,Intersection en T,Normale,Autre collision,4,-1, -1,0,1,1,1,0,1,30,1,2,1,0,0,1,28.0,,voiture,,1,2,3,1,6
202300023703,2023-08-04 10:30:00,2023,8,4,10,30,75,75120,RUE DU RETRAIT,48.869521,2.393168,Plein jour,En agglomération,Intersection en T,Normale,Autre collision,4,1,1,0,1,1,1,0,1,30,1,2,1,0,0,1,28.0,,voiture,,1,2,3,1,6
202300023704,2023-08-06 18:45:00,2023,8,6,18,45,75,75119,RUE D HAUTPOUL,48.881848,2.388394,Plein jour,En agglomération,Intersection en T,Normale,Deux véhicules - frontale,4,-1, -1,0,1,1,1,0,1,30,2,2,1,0,0,1,58.0,20.0,voiture,deux_roues,1,2,3,1,1
202300023704,2023-08-06 18:45:00,2023,8,6,18,45,75,75119,RUE D HAUTPOUL,48.881848,2.388394,Plein jour,En agglomération,Intersection en T,Normale,Deux véhicules - frontale,4,1,1,0,2,1,1,0,1,30,2,2,1,0,0,1,58.0,20.0,voiture,deux_roues,1,2,3,1,1
202300023705,2023-04-19 07:45:00,2023,4,19,7,45,75,75113,BOULEVARD DE L HOPITAL,48.842311,2.363531,Plein jour,En agglomération,Hors intersection,Normale,Deux véhicules - côté,4,2,4,1,2,1,1,0,1,30,2,2,1,0,0,1,63.0,24.0,deux_roues,utilitaire_camion,1,2,1,1,3
202300023706,2023-08-04 21:57:00,2023,8,4,21,57,75,75119,BOULEVARD MACDONALD,48.89858,2.386477,Nuit avec éclairage allumé,En agglomération,Hors intersection,Normale,Autre collision,4,1,2,0,1,4,3,1,4,50,1,2,0,0,1,1,20.0,,deux_roues,,5,2,1,1,6
202300023707,2023-04-19 16:45:00,2023,4,19,16,45,75,75111,AVENUE DE LA REPUBLIQUE,48.864589,2.378039,Plein jour,En agglomération,Intersection en X,Normale,Deux véhicules - côté,4,2,2,0,2,1,1,0,1,30,2,3,2,0,0,1,43.0,40.0,voiture,deux_roues,1,2,2,1,3
202300023707,2023-04-19 16:45:00,2023,4,19,16,45,75,75111,AVENUE DE LA REPUBLIQUE,48.864589,2.378039,Plein jour,En agglomération,Intersection en X,Normale,Deux véhicules - côté,4,1,1,0,2,1,1,0,1,30,2,3,2,0,0,1,43.0,40.0,voiture,deux_roues,1,2,2,1,3
202300023708,2023-08-05 03:55:00,2023,8,5,3,55,75,75118,BOULEVARD PERIPHERIQUE INTERIEUR NORD  ,48.900815,2.339917,Crépuscule ou aube,En agglomération,Hors intersection,Normale,Deux véhicules - arrière,4,1,4,0,1,1,1,0,1,70,2,4,3,0,0,1,22.0,49.0,voiture,voiture,2,2,1,1,2
202300023709,2023-04-19 08:40:00,2023,4,19,8,40,75,75110,BOULEVARD DE MAGENTA,48.873188,2.358843,Plein jour,En agglomération,Intersection en T,Normale,Deux véhicules - côté,4,2,6,1,2,1,1,0,5,30,2,2,1,0,0,1,50.0,37.0,deux_roues,deux_roues,1,2,3,1,3
202300023709,2023-04-19 08:40:00,2023,4,19,8,40,75,75110,BOULEVARD DE MAGENTA,48.873188,2.358843,Plein jour,En agglomération,Intersection en T,Normale,Deux véhicules - côté,4,-1, -1,1,1,1,1,0,5,30,2,2,1,0,0,1,50.0,37.0,deux_roues,deux_roues,1,2,3,1,3
202300023710,2023-08-03 10:30:00,2023,8,3,10,30,75,75118,RUE DAMREMONT,48.893639,2.336364,Plein jour,En agglomération,Intersection en X,Normale,Deux véhicules - côté,4,-1, -1,-1,1,1,2,0,1,30,2,2,1,0,0,1,60.0,27.0,voiture,deux_roues,1,2,2,1,3
202300023710,2023-08-03 10:30:00,2023,8,3,10,30,75,75118,RUE DAMREMONT,48.893639,2.336364,Plein jour,En agglomération,Intersection en X,Normale,Deux véhicules - côté,4,2,2,0,1,1,2,0,1,30,2,2,1,0,0,1,60.0,27.0,voiture,deux_roues,1,2,2,1,3
202300023711,2023-04-18 12:22:00,2023,4,18,12,22,75,75108,RUE DE ROME,48.878052,2.32261,Plein jour,En agglomération,Intersection en X,Normale,Deux véhicules - frontale,4,2,4,0,2,1,1,0,1,30,2,2,1,0,0,1,19.0,42.0,deux_roues,voiture,1,2,2,1,1
202300023711,2023-04-18 12:22:00,2023,4,18,12,22,75,75108,RUE DE ROME,48.878052,2.32261,Plein jour,En agglomération,Intersection en X,Normale,Deux véhicules - frontale,4,1,1,0,2,1,1,0,1,30,2,2,1,0,0,1,19.0,42.0,deux_roues,voiture,1,2,2,1,1
202300023712,2023-08-06 18:00:00,2023,8,6,18,0,75,75117,AVENUE DE VILLIERS,48.885258,2.294799,Plein jour,En agglomération,Hors intersection,Normale,Deux véhicules - côté,4,2,3,3,1,1,1,0,1,30,2,4,3,0,0,1,15.0,21.0,deux_roues,voiture,1,2,1,1,3
202300023713,2023-08-04 18:55:00,2023,8,4,18,55,75,75117,AVENUE DES TERNES,48.880781,2.285195,Plein jour,En agglomération,Intersection en X,Pluie légère,Autre collision,4,2,4,1,1,1,2,0,1,30,1,2,1,0,0,1,30.0,,voiture,,1,2,2,2,6
202300023713,2023-08-04 18:55:00,2023,8,4,18,55,75,75117,AVENUE DES TERNES,48.880781,2.285195,Plein jour,En agglomération,Intersection en X,Pluie légère,Autre collision,4,2,4,2,1,1,2,0,1,30,1,2,1,0,0,1,30.0,,voiture,,1,2,2,2,6
202300023714,2023-04-19 17:50:00,2023,4,19,17,50,75,75104,BOULEVARD HENRI IV,48.851699,2.364347,Plein jour,En agglomération,Hors intersection,Normale,Deux véhicules - côté,4,2,4,1,1,1,1,0,5,30,2,2,1,0,0,1,24.0,35.0,deux_roues,deux_roues,1,2,1,1,3
202300023715,2023-08-03 17:00:00,2023,8,3,17,0,75,75117,BOULEVARD BESSIERES,48.897637,2.324125,Plein jour,En agglomération,Intersection en T,Pluie légère,Deux véhicules - côté,4,-1,2,0,1,1,2,0,1,30,2,2,1,0,0,1,23.0,30.0,voiture,deux_roues,1,2,3,2,3
202300023715,2023-08-03 17:00:00,2023,8,3,17,0,75,75117,BOULEVARD BESSIERES,48.897637,2.324125,Plein jour,En agglomération,Intersection en T,Pluie légère,Deux véhicules - côté,4,-1,1,0,1,1,2,0,1,30,2,2,1,0,0,1,23.0,30.0,voiture,deux_roues,1,2,3,2,3
202300023716,2023-04-19 11:30:00,2023,4,19,11,30,94,94016,Rue Camille Desmoulins,48.794713,2.334971,Plein jour,En agglomération,Intersection en T,Normale,Autre collision,3,2,2,0,1,1,1,0,1,50,1,4,2,0,0,2,60.0,,voiture,,1,2,3,1,6
202300023716,2023-04-19 11:30:00,2023,4,19,11,30,94,94016,Rue Camille Desmoulins,48.794713,2.334971,Plein jour,En agglomération,Intersection en T,Normale,Autre collision,3,2, -1,0,1,1,1,5,1,-1,1,4,2,0,0,2,60.0,,voiture,,1,2,3,1,6
202300023717,2023-04-18 07:50:00,2023,4,18,7,50,94,94028,Rue de Cotonou,48.76774028,2.46957227,Plein jour,En agglomération,Hors intersection,Normale,Autre collision,4,2,2,0,4,2,1,0,1,50,1,2,1,0,0,1,28.0,,voiture,,1,2,1,1,6
202300023718,2023-08-03 15:30:00,2023,8,3,15,30,75,75116,ALLEE DE LONGCHAMP,48.872537,2.264465,Plein jour,En agglomération,Intersection en X,Pluie forte,Deux véhicules - côté,4,2,4,0,1,1,2,0,1,50,2,3,1,0,0,2,32.0,22.0,utilitaire_camion,voiture,1,2,2,3,3
202300023718,2023-08-03 15:30:00,2023,8,3,15,30,75,75116,ALLEE DE LONGCHAMP,48.872537,2.264465,Plein jour,En agglomération,Intersection en X,Pluie forte,Deux véhicules - côté,4,2,2,0,1,1,2,0,1,50,2,3,1,0,0,2,32.0,22.0,utilitaire_camion,voiture,1,2,2,3,3
202300023719,2023-04-19 16:32:00,2023,4,19,16,32,94,94022,Avenue Victor Hugo / Av de Villeneuve Saint Georges,48.76687998,2.41438293,Plein jour,En agglomération,Intersection en X,Normale,Deux véhicules - frontale,3,2,2,0,1,1,1,5,1,-1,2,3,1,0,0,2,34.0,51.0,utilitaire_camion,deux_roues,1,2,2,1,1
202300023719,2023-04-19 16:32:00,2023,4,19,16,32,94,94022,Avenue Victor Hugo / Av de Villeneuve Saint Georges,48.76687998,2.41438293,Plein jour,En agglomération,Intersection en X,Normale,Deux véhicules - frontale,3,2,3,-1,1,1,1,0,1,-1,2,3,1,0,0,2,34.0,51.0,utilitaire_camion,deux_roues,1,2,2,1,1
202300023719,2023-04-19 16:32:00,2023,4,19,16,32,94,94022,Avenue Victor Hugo / Av de Villeneuve Saint Georges,48.76687998,2.41438293,Plein jour,En agglomération,Intersection en X,Normale,Deux véhicules - frontale,3,3,2,0,1,1,1,5,1,30,2,3,1,0,0,2,34.0,51.0,utilitaire_camion,deux_roues,1,2,2,1,1
202300023720,2023-08-03 11:00:00,2023,8,3,11,0,75,75116,AVENUE VICTOR HUGO,48.871134,2.288856,Plein jour,En agglomération,Intersection en X,Normale,Deux véhicules - côté,4,2,1,0,1,1,1,0,1,50,2,2,1,0,0,1,34.0,19.0,voiture,deux_roues,1,2,2,1,3
202300023720,2023-08-03 11:00:00,2023,8,3,11,0,75,75116,AVENUE VICTOR HUGO,48.871134,2.288856,Plein jour,En agglomération,Intersection en X,Normale,Deux véhicules - côté,4,1,1,0,1,1,1,0,1,50,2,2,1,0,0,1,34.0,19.0,voiture,deux_roues,1,2,2,1,3
202300023721,2023-04-19 11:30:00,2023,4,19,11,30,94,94001,Rue d'Estienne d'Orves / Avenue du General de Gaulle,48.7251276,2.41859615,Plein jour,En agglomération,Intersection en X,Normale,Deux véhicules - côté,3,2,2,0,1,1,1,9,1,50,2,2,1,0,0,1,45.0,86.0,voiture,voiture,1,2,2,1,3
202300023721,2023-04-19 11:30:00,2023,4,19,11,30,94,94001,Rue d'Estienne d'Orves / Avenue du General de Gaulle,48.7251276,2.41859615,Plein jour,En agglomération,Intersection en X,Normale,Deux véhicules - côté,3,4,2,0,1,1,1,9,1,50,2,2,1,0,0,1,45.0,86.0,voiture,voiture,1,2,2,1,3
202300023722,2023-04-18 18:50:00,2023,4,18,18,50,93,93070,Boulevard Victor Hugo,48.908481,2.328294,Crépuscule ou aube,En agglomération,Hors intersection,Pluie légère,Deux véhicules - côté,3,2,2,0,1,1,2,0,1,50,2,2,1,0,0,1,26.0,32.0,deux_roues,voiture,2,2,1,2,3
202300023723,2023-08-02 12:52:00,2023,8,2,12,52,75,75113,QUAI PANHARD ET LEVASSOR,48.83223577,2.37977386,Plein jour,En agglomération,Intersection en X,Normale,Deux véhicules - côté,4,2,4,3,1,1,1,0,1,30,2,2,1,0,0,1,20.0,36.0,voiture,deux_roues,1,2,2,1,3
202300023723,2023-08-02 12:52:00,2023,8,2,12,52,75,75113,QUAI PANHARD ET LEVASSOR,48.83223577,2.37977386,Plein jour,En agglomération,Intersection en X,Normale,Deux véhicules - côté,4,2,4,3,1,1,1,0,1,30,2,2,1,0,0,1,20.0,36.0,voiture,deux_roues,1,2,2,1,3
202300023724,2023-04-19 11:14:00,2023,4,19,11,14,93,93066,Avenue du Docteur Lamaze,48.93519,2.37235,Plein jour,En agglomération,Hors intersection,Normale,Deux véhicules - côté,3,3,4,0,1,1,1,9,1,50,2,3,1,0,0,2,30.0,39.0,utilitaire_camion,voiture,1,2,1,1,3
202300023725,2023-08-01 23:30:00,2023,8,1,23,30,75,75107,PLACE DE LA RESISTANCE,48.862425,2.301611,Nuit avec éclairage allumé,En agglomération,Intersection en X,Pluie légère,Deux véhicules - côté,4,2,12,1,1,1,2,5,1,30,2,2,1,0,0,1,26.0,34.0,voiture,voiture,5,2,2,2,3
202300023725,2023-08-01 23:30:00,2023,8,1,23,30,75,75107,PLACE DE LA RESISTANCE,48.862425,2.301611,Nuit avec éclairage allumé,En agglomération,Intersection en X,Pluie légère,Deux véhicules - côté,4,3,2,0,1,1,2,0,1,30,2,2,1,0,0,1,26.0,34.0,voiture,voiture,5,2,2,2,3
202300023726,2023-04-18 06:30:00,2023,4,18,6,30,93,93031,Rue Gouraud / Avenue de la République,48.9479,2.3384,Nuit avec éclairage allumé,En agglomération,Intersection en T,Normale,Deux véhicules - côté,3,2,2,0,1,1,1,0,1,50,2,4,3,0,0,1,31.0,51.0,voiture,utilitaire_camion,5,2,3,1,3
202300023726,2023-04-18 06:30:00,2023,4,18,6,30,93,93031,Rue Gouraud / Avenue de la République,48.9479,2.3384,Nuit avec éclairage allumé,En agglomération,Intersection en T,Normale,Deux véhicules - côté,3,3,4,-1,1,1,1,0,1,-1,2,4,3,0,0,1,31.0,51.0,voiture,utilitaire_camion,5,2,3,1,3
202300023727,2023-08-04 05:50:00,2023,8,4,5,50,75,75112,RUE DE LYON,48.847971,2.371474,Crépuscule ou aube,En agglomération,Intersection en X,Normale,Deux véhicules - côté,4,1,2,0,1,1,1,0,1,30,2,2,0,0,0,2,57.0,46.0,voiture,voiture,2,2,2,1,3
202300023727,2023-08-04 05:50:00,2023,8,4,5,50,75,75112,RUE DE LYON,48.847971,2.371474,Crépuscule ou aube,En agglomération,Intersection en X,Normale,Deux véhicules - côté,4,2,2,0,1,1,1,0,1,30,2,2,0,0,0,2,57.0,46.0,voiture,voiture,2,2,2,1,3
202300023728,2023-04-19 13:20:00,2023,4,19,13,20,93,93064,Avenue du Général de Gaulle,48.8791871,2.47837454,Plein jour,En agglomération,Hors intersection,Normale,Trois véhicules et plus - collisions multiples,3,3,4,0,1,1,1,0,1,50,3,3,2,0,0,1,,43.0,voiture,voiture,1,2,1,1,5
202300023729,2023-08-03 01:05:00,2023,8,3,1,5,75,75112,BOULEVARD DE PICPUS,48.843046,2.401248,Nuit avec éclairage allumé,En agglomération,Intersection en T,Normale,Deux véhicules - côté,4,1,1,0,1,1,1,0,1,50,2,3,2,0,0,1,21.0,,deux_roues,voiture,5,2,3,1,3
202300023729,2023-08-03 01:05:00,2023,8,3,1,5,75,75112,BOULEVARD DE PICPUS,48.843046,2.401248,Nuit avec éclairage allumé,En agglomération,Intersection en T,Normale,Deux véhicules - côté,4,-1, -1,-1,1,1,1,0,1,50,2,3,2,0,0,1,21.0,,deux_roues,voiture,5,2,3,1,3
202300023730,2023-04-19 12:35:00,2023,4,19,12,35,93,93053,Avenue du Général Leclerc,48.88954,2.47068,Plein jour,En agglomération,Hors intersection,Normale,Autre collision,4,2,2,1,1,1,1,0,1,50,1,2,1,0,0,1,54.0,,voiture,,1,2,1,1,6
202300023731,2023-04-07 13:20:00,2023,4,7,13,20,93,93048,Rue des Grands Pechers,48.8589,2.46347,Plein jour,En agglomération,Hors intersection,Normale,Autre collision,4,1,1,0,2,1,1,0,1,50,2,2,1,0,0,1,,12.0,utilitaire_camion,deux_roues,1,2,1,1,6
202300023732,2023-08-05 15:50:00,2023,8,5,15,50,75,75111,RUE DE MONTREUIL,48.850472,2.384451,Plein jour,En agglomération,Intersection en X,Temps couvert,Autre collision,4,-1, -1,-1,1,1,1,0,1,30,1,2,1,0,0,1,38.0,,voiture,,1,2,2,8,6
202300023732,2023-08-05 15:50:00,2023,8,5,15,50,75,75111,RUE DE MONTREUIL,48.850472,2.384451,Plein jour,En agglomération,Intersection en X,Temps couvert,Autre collision,4,1,2,1,1,1,2,0,1,30,1,2,1,0,0,1,38.0,,voiture,,1,2,2,8,6
202300023733,2023-04-19 10:45:00,2023,4,19,10,45,93,93029,Avenue Henri Barbusse,48.92206272,2.45591669,Plein jour,En agglomération,Hors intersection,Normale,Deux véhicules - côté,3,2,2,0,1,1,1,0,3,50,2,2,1,0,0,1,27.0,35.0,utilitaire_camion,deux_roues,1,2,1,1,3
202300023734,2023-04-19 13:00:00,2023,4,19,13,0,93,93001,215 Avenue Jean Jaurès,48.91548485,2.40472162,Plein jour,En agglomération,Hors intersection,Normale,Sans collision,3,2,4,0,1,1,1,0,1,50,1,1,0,0,0,1,24.0,,deux_roues,,1,2,1,1,7
202300023735,2023-04-19 12:20:00,2023,4,19,12,20,92,92078,VERDUN (AVENUE) (IMPAIRS 27 AU 73),48.935251,2.329825,Plein jour,En agglomération,Hors intersection,Normale,Autre collision,3,1,2,0,1,1,1,0,4,50,1,3,2,0,0,1,47.0,,voiture,,1,2,1,1,6
202300023736,2023-04-19 10:00:00,2023,4,19,10,0,92,92046,PIERRE LAROUSSE (AVENUE),48.82197718,2.30391361,Plein jour,En agglomération,Hors intersection,Normale,Autre collision,3,-1,1,0,1,1,1,0,1,30,1,2,1,0,0,1,31.0,,deux_roues,,1,2,1,1,6
202300023737,2023-08-05 23:50:00,2023,8,5,23,50,75,75109,RUE CADET,48.875815,2.343691,Nuit avec éclairage allumé,En agglomération,Intersection en X,Pluie légère,Autre collision,4,1, -1,-1,2,1,2,0,1,30,1,2,1,0,0,1,28.0,,deux_roues,,5,2,2,2,6
202300023737,2023-08-05 23:50:00,2023,8,5,23,50,75,75109,RUE CADET,48.875815,2.343691,Nuit avec éclairage allumé,En agglomération,Intersection en X,Pluie légère,Autre collision,4,1,1,0,2,1,2,0,1,30,1,2,1,0,0,1,28.0,,deux_roues,,5,2,2,2,6
202300023738,2023-04-19 21:10:00,2023,4,19,21,10,92,92073,BLUM (QUAI LEON),48.86264,2.22581,Nuit avec éclairage allumé,En agglomération,Hors intersection,Normale,Deux véhicules - arrière,3,1,3,0,1,1,1,0,1,50,2,2,1,0,0,1,59.0,27.0,utilitaire_camion,deux_roues,5,2,1,1,2
202300023739,2023-04-19 11:15:00,2023,4,19,11,15,92,92051,LONGCHAMP (RUE DE),48.880536,2.253936,Plein jour,En agglomération,Hors intersection,Normale,Autre collision,4,2,2,0,1,1,1,0,1,50,1,2,1,0,0,1,55.0,,transport_commun,,1,2,1,1,6
202300023740,2023-08-05 20:40:00,2023,8,5,20,40,75,75109,BOULEVARD DE CLICHY,48.88235,2.33697,Plein jour,En agglomération,Intersection en X,Normale,Autre collision,4,1,3,3,1,1,1,-1,6,30,1,2,1,0,0,1,26.0,,deux_roues,,1,2,2,1,6
202300023740,2023-08-05 20:40:00,2023,8,5,20,40,75,75109,BOULEVARD DE CLICHY,48.88235,2.33697,Plein jour,En agglomération,Intersection en X,Normale,Autre collision,4,1,1,0,1,1,1,-1,6,30,1,2,1,0,0,1,26.0,,deux_roues,,1,2,2,1,6
202300023741,2023-04-18 16:30:00,2023,4,18,16,30,92,92051,"ROULE (AVENUE DU, N° 29 A 91 ET 30 A 86)",48.883207,2.274545,Plein jour,En agglomération,Intersection en T,Normale,Deux véhicules - côté,4,1,1,0,1,1,1,0,1,50,2,2,1,0,0,1,34.0,40.0,deux_roues,voiture,1,2,3,1,3
202300023741,2023-04-18 16:30:00,2023,4,18,16,30,92,92051,"ROULE (AVENUE DU, N° 29 A 91 ET 30 A 86)",48.883207,2.274545,Plein jour,En agglomération,Intersection en T,Normale,Deux véhicules - côté,4,3,2,0,1,1,1,0,1,50,2,2,1,0,0,1,34.0,40.0,deux_roues,voiture,1,2,3,1,3
202300023742,2023-08-05 12:40:00,2023,8,5,12,40,75,75102,BOULEVARD POISSONNIERE,48.871478,2.343072,Plein jour,En agglomération,Intersection en X,Pluie légère,Autre collision,4,2,2,0,1,1,2,0,1,30,1,2,1,0,0,1,35.0,,voiture,,1,2,2,2,6
202300023742,2023-08-05 12:40:00,2023,8,5,12,40,75,75102,BOULEVARD POISSONNIERE,48.871478,2.343072,Plein jour,En agglomération,Intersection en X,Pluie légère,Autre collision,4,1, -1,-1,1,1,2,0,1,30,1,2,1,0,0,1,35.0,,voiture,,1,2,2,2,6
202300023743,2023-04-18 15:00:00,2023,4,18,15,0,92,92051,BOURDON (BOULEVARD),48.89633516,2.27315658,Plein jour,En agglomération,Intersection en T,Normale,Deux véhicules - côté,3,3,4,0,1,1,1,0,1,50,2,3,0,0,0,3,37.0,38.0,voiture,voiture,1,2,3,1,3
202300023743,2023-04-18 15:00:00,2023,4,18,15,0,92,92051,BOURDON (BOULEVARD),48.89633516,2.27315658,Plein jour,En agglomération,Intersection en T,Normale,Deux véhicules - côté,3,2,2,0,1,1,1,0,1,50,2,3,0,0,0,3,37.0,38.0,voiture,voiture,1,2,3,1,3
202300023744,2023-08-03 13:30:00,2023,8,3,13,30,75,75109,RUE DU FAUBOURG POISSONNIERE,48.87136,2.347895,Plein jour,En agglomération,Hors intersection,Pluie légère,Deux véhicules - côté,4,1,1,0,1,1,2,0,1,30,2,2,1,0,0,1,25.0,24.0,deux_roues,voiture,1,2,1,2,3
202300023745,2023-04-19 11:55:00,2023,4,19,11,55,92,92050,PICASSO PABLO AVENUE,48.890801,2.21583456,Plein jour,En agglomération,Intersection en T,Normale,Deux véhicules - côté,4,2,2,0,1,1,1,0,1,50,2,2,1,0,0,1,60.0,15.0,voiture,deux_roues,1,2,3,1,3
202300023746,2023-08-04 10:47:00,2023,8,4,10,47,75,75108,AVENUE DE WAGRAM,48.875432,2.296239,Plein jour,En agglomération,Intersection en T,Normale,Sans collision,4,2,6,3,2,1,1,0,1,30,1,1,0,0,0,1,30.0,,deux_roues,,1,2,3,1,7