accident_id,datetime,annee,mois,jour,heure,minute,departement,commune_insee,adresse,latitude,longitude,luminosite,agglomeration,intersection,meteo,collision,catr,circ,nbv,vosp,prof,plan,surf,infra,situ,vma,nb_vehicules,nb_usagers,nb_indemnes,nb_tues,nb_blesses_hosp,nb_blesses_legers,age_cond_1,age_cond_2,veh_type_cond_1,veh_type_cond_2,lum_code,agg_code,int_code,atm_code,col_code
202300023746,2023-08-04 10:47:00,2023,8,4,10,47,75,75108,AVENUE DE WAGRAM,48.875432,2.296239,Plein jour,En agglomération,Intersection en T,Normale,Sans collision,4,-1, -1,0,1,1,1,0,1,30,1,1,0,0,0,1,30.0,,deux_roues,,1,2,3,1,7
202300023747,2023-04-19 18:00:00,2023,4,19,18,0,92,92040,VAUGIRARD (RUE DE),48.81992715,2.24270511,Plein jour,En agglomération,Giratoire,Normale,Deux véhicules - côté,3,1,2,0,1,1,1,0,1,50,2,2,1,0,0,1,24.0,68.0,deux_roues,utilitaire_camion,1,2,6,1,3
202300023747,2023-04-19 18:00:00,2023,4,19,18,0,92,92040,VAUGIRARD (RUE DE),48.81992715,2.24270511,Plein jour,En agglomération,Giratoire,Normale,Deux véhicules - côté,3,1,1,0,1,2,1,0,1,50,2,2,1,0,0,1,24.0,68.0,deux_roues,utilitaire_camion,1,2,6,1,3
202300023748,2023-08-04 10:14:00,2023,8,4,10,14,75,75108,BOULEVARD MALESHERBES,48.878389,2.315551,Plein jour,En agglomération,Intersection en X,Temps couvert,Deux véhicules - côté,4,2,0,0,2,1,1,0,1,50,2,2,1,0,0,1,24.0,36.0,utilitaire_camion,deux_roues,1,2,2,8,3
202300023748,2023-08-04 10:14:00,2023,8,4,10,14,75,75108,BOULEVARD MALESHERBES,48.878389,2.315551,Plein jour,En agglomération,Intersection en X,Temps couvert,Deux véhicules - côté,4,2,0,0,2,1,1,0,1,30,2,2,1,0,0,1,24.0,36.0,utilitaire_camion,deux_roues,1,2,2,8,3
202300023749,2023-08-05 12:25:00,2023,8,5,12,25,75,75107,QUAI D ORSAY,48.862278,2.301955,Plein jour,En agglomération,Place,Pluie légère,Autre collision,4,4, -1,-1,1,1,2,0,1,30,1,2,1,0,0,1,45.0,,voiture,,1,2,7,2,6
202300023749,2023-08-05 12:25:00,2023,8,5,12,25,75,75107,QUAI D ORSAY,48.862278,2.301955,Plein jour,En agglomération,Place,Pluie légère,Autre collision,4,1,1,0,1,1,2,0,1,30,1,2,1,0,0,1,45.0,,voiture,,1,2,7,2,6
202300023750,2023-03-20 22:35:00,2023,3,20,22,35,92,92044,BINEAU (BOULEVARD),48.88644839,2.28515893,Nuit avec éclairage allumé,En agglomération,Hors intersection,Normale,Deux véhicules - côté,3,2,4,3,1,1,1,0,1,50,2,2,1,0,0,1,38.0,47.0,deux_roues,voiture,5,2,1,1,3
202300023751,2023-08-03 12:57:00,2023,8,3,12,57,75,75107,RUE DE BABYLONE,48.851728,2.324376,Plein jour,En agglomération,Intersection en Y,Temps couvert,Autre collision,4,-1, -1,-1,1,1,1,0,1,30,1,2,1,0,0,1,46.0,,deux_roues,,1,2,4,8,6
202300023751,2023-08-03 12:57:00,2023,8,3,12,57,75,75107,RUE DE BABYLONE,48.851728,2.324376,Plein jour,En agglomération,Intersection en Y,Temps couvert,Autre collision,4,1,1,2,1,1,1,0,1,30,1,2,1,0,0,1,46.0,,deux_roues,,1,2,4,8,6
202300023752,2023-04-19 04:50:00,2023,4,19,4,50,92,92036,PIERRE DE COUBERTIN PROLONGE,48.93583,2.27975,Nuit avec éclairage allumé,En agglomération,Intersection en T,Normale,Deux véhicules - côté,1,2,2,0,1,1,1,0,1,50,2,2,1,0,0,1,27.0,47.0,voiture,voiture,5,2,3,1,3
202300023752,2023-04-19 04:50:00,2023,4,19,4,50,92,92036,PIERRE DE COUBERTIN PROLONGE,48.93583,2.27975,Nuit avec éclairage allumé,En agglomération,Intersection en T,Normale,Deux véhicules - côté,1,1,0,1,2,2,1,3,1,50,2,2,1,0,0,1,27.0,47.0,voiture,voiture,5,2,3,1,3
202300023753,2023-08-06 10:00:00,2023,8,6,10,0,75,75102,RUE BLONDEL,48.868966,2.352223,Plein jour,En agglomération,Intersection en T,Normale,Sans collision,4,1, -1,0,1,1,1,0,1,30,1,1,0,0,0,1,39.0,,deux_roues,,1,2,3,1,7
202300023753,2023-08-06 10:00:00,2023,8,6,10,0,75,75102,RUE BLONDEL,48.868966,2.352223,Plein jour,En agglomération,Intersection en T,Normale,Sans collision,4,1,1,0,1,1,1,0,1,30,1,1,0,0,0,1,39.0,,deux_roues,,1,2,3,1,7
202300023754,2023-04-19 18:40:00,2023,4,19,18,40,92,92035,République ( boulevard de la ),48.90571,2.25354,Plein jour,En agglomération,Hors intersection,Normale,Autre collision,3,-1,2,0,1,1,1,0,8,50,1,2,1,0,0,1,36.0,,voiture,,1,2,1,1,6
202300023755,2023-08-06 03:30:00,2023,8,6,3,30,75,75104,QUAI DES CELESTINS,48.851913,2.36135,Nuit avec éclairage allumé,En agglomération,Hors intersection,Pluie légère,Autre collision,4,1,0,0,1,1,2,0,1,30,1,2,0,0,1,1,24.0,,voiture,,5,2,1,2,6
202300023756,2023-04-19 14:35:00,2023,4,19,14,35,92,92012,BIR HAKEIM (PLACE),48.8302,2.23891,Plein jour,En agglomération,Hors intersection,Normale,Autre collision,4,2,2,0,1,1,1,0,1,50,1,2,1,0,0,1,23.0,,utilitaire_camion,,1,2,1,1,6
202300023757,2023-04-19 21:30:00,2023,4,19,21,30,92,92007,DOLET (RUE ETIENNE),48.797655,2.303271,Nuit avec éclairage allumé,En agglomération,Hors intersection,Normale,Deux véhicules - frontale,4,3,0,0,1,1,1,9,1,50,2,2,0,0,0,2,33.0,40.0,deux_roues,deux_roues,5,2,1,1,1
202300023758,2023-08-03 15:20:00,2023,8,3,15,20,75,75103,RUE DE TURENNE,48.862005,2.364664,Plein jour,En agglomération,Intersection en X,Pluie légère,Deux véhicules - frontale,4,2,2,0,1,1,2,0,1,30,2,2,1,0,0,1,31.0,55.0,deux_roues,voiture,1,2,2,2,1
202300023758,2023-08-03 15:20:00,2023,8,3,15,20,75,75103,RUE DE TURENNE,48.862005,2.364664,Plein jour,En agglomération,Intersection en X,Pluie légère,Deux véhicules - frontale,4,1,1,0,1,1,2,0,1,30,2,2,1,0,0,1,31.0,55.0,deux_roues,voiture,1,2,2,2,1
202300023759,2023-08-03 10:40:00,2023,8,3,10,40,75,75103,RUE DE TURBIGO,48.865457,2.356131,Plein jour,En agglomération,Intersection en X,Normale,Deux véhicules - côté,4,1,1,1,1,1,2,0,1,30,2,2,1,0,0,1,50.0,50.0,voiture,deux_roues,1,2,2,1,3
202300023759,2023-08-03 10:40:00,2023,8,3,10,40,75,75103,RUE DE TURBIGO,48.865457,2.356131,Plein jour,En agglomération,Intersection en X,Normale,Deux véhicules - côté,4,1, -1,3,1,1,2,0,1,30,2,2,1,0,0,1,50.0,50.0,voiture,deux_roues,1,2,2,1,3
202300023760,2023-08-05 11:50:00,2023,8,5,11,50,94,94067,Avenue de Paris,48.84609059,2.42102703,Plein jour,En agglomération,Hors intersection,Pluie forte,Deux véhicules - arrière,3,3,4,1,1,1,2,0,1,50,2,2,1,0,0,1,60.0,24.0,utilitaire_camion,voiture,1,2,1,3,2
202300023761,2023-04-19 15:15:00,2023,4,19,15,15,54,54462,Route de Dombasle,48.59943041,6.33790433,Plein jour,En agglomération,Intersection en Y,Normale,Autre collision,3,1,2,0,1,1,1,0,1,50,2,3,2,0,0,1,69.0,19.0,voiture,voiture,1,2,4,1,6
202300023761,2023-04-19 15:15:00,2023,4,19,15,15,54,54462,Route de Dombasle,48.59943041,6.33790433,Plein jour,En agglomération,Intersection en Y,Normale,Autre collision,3,2, -1,-1,1,1,1,0,1,70,2,3,2,0,0,1,69.0,19.0,voiture,voiture,1,2,4,1,6
202300023762,2023-08-05 11:45:00,2023,8,5,11,45,94,94078,Place Pierre Semard,48.73107,2.44681,Plein jour,En agglomération,Autre intersection,Pluie légère,Autre collision,2,2,4,0,2,1,2,0,1,50,1,2,1,0,0,1,23.0,,voiture,,1,2,9,2,6
202300023763,2023-08-05 01:00:00,2023,8,5,1,0,94,94078,Rue de Paris,48.73309382,2.4468905,Nuit avec éclairage allumé,En agglomération,Intersection en T,Normale,Autre collision,2,2,0,0,1,1,1,9,1,50,1,2,0,0,0,2,42.0,,voiture,,5,2,3,1,6
202300023763,2023-08-05 01:00:00,2023,8,5,1,0,94,94078,Rue de Paris,48.73309382,2.4468905,Nuit avec éclairage allumé,En agglomération,Intersection en T,Normale,Autre collision,2,1,0,3,1,1,1,9,1,50,1,2,0,0,0,2,42.0,,voiture,,5,2,3,1,6
202300023764,2023-04-20 15:59:00,2023,4,20,15,59,21,21177,Autoroute A6 - point kilométrique 245+000,47.373021,4.394739,Plein jour,Hors agglomération,Hors intersection,Normale,Deux véhicules - arrière,1,3,2,0,1,1,1,0,1,130,2,8,0,0,0,8,42.0,26.0,voiture,voiture,1,1,1,1,2
202300023765,2023-08-06 11:00:00,2023,8,6,11,0,94,94073,Avenue Léon Marchand,48.76643,2.38648,Plein jour,En agglomération,Intersection en T,Normale,Deux véhicules - frontale,4,1,0,0,1,1,1,0,1,50,2,2,1,0,0,1,54.0,50.0,deux_roues,voiture,1,2,3,1,1
202300023765,2023-08-06 11:00:00,2023,8,6,11,0,94,94073,Avenue Léon Marchand,48.76643,2.38648,Plein jour,En agglomération,Intersection en T,Normale,Deux véhicules - frontale,4,2,2,0,1,1,1,0,1,50,2,2,1,0,0,1,54.0,50.0,deux_roues,voiture,1,2,3,1,1
202300023766,2023-04-20 11:30:00,2023,4,20,11,30,22,22206,rn12 pr 74+500,48.530269,-2.963369,Plein jour,Hors agglomération,Hors intersection,Normale,Deux véhicules - arrière,2,3,2,0,1,1,1,0,1,110,2,2,0,0,1,1,38.0,58.0,voiture,utilitaire_camion,1,1,1,1,2
202300023767,2023-04-20 09:40:00,2023,4,20,9,40,14,14027,22 Route de Thury,49.009895,-0.61947,Plein jour,Hors agglomération,Hors intersection,Normale,Deux véhicules - arrière,3,2,2,0,2,1,1,0,1,80,2,2,1,0,0,1,47.0,44.0,voiture,voiture,1,1,1,1,2
202300023768,2023-08-05 18:20:00,2023,8,5,18,20,94,94073,Rdpt d'Espagne,48.7543,2.3748,Plein jour,En agglomération,Hors intersection,Pluie légère,Deux véhicules - arrière,4,1,1,0,1,2,2,0,1,50,2,4,3,0,0,1,23.0,29.0,voiture,voiture,1,2,1,2,2
202300023769,2023-03-23 18:50:00,2023,3,23,18,50,19,19129,A20,45.543295,1.510006,Plein jour,Hors agglomération,Hors intersection,Normale,Deux véhicules - arrière,1,3,4,0,2,1,1,9,1,-1,2,2,1,0,0,1,64.0,35.0,voiture,utilitaire_camion,1,1,1,1,2
202300023770,2023-08-05 08:30:00,2023,8,5,8,30,94,94021,Avenue du Viaduc,48.761953,2.352413,Plein jour,Hors agglomération,Hors intersection,Normale,Deux véhicules - côté,5,1,2,0,1,1,1,0,1,50,2,2,1,0,0,1,54.0,55.0,autre,voiture,1,1,1,1,3
202300023771,2023-04-19 19:30:00,2023,4,19,19,30,38,38113,D526,44.82833,5.639098,Plein jour,Hors agglomération,Hors intersection,Normale,Autre collision,3,2,2,0,2,3,1,0,3,80,1,1,0,0,1,0,39.0,,voiture,,1,1,1,1,6
202300023772,2023-04-18 08:10:00,2023,4,18,8,10,66,66050,,42.755496,2.954121,Plein jour,En agglomération,Giratoire,Normale,Autre collision,3,2,2,0,1,1,1,0,1,50,1,2,1,0,0,1,72.0,,voiture,,1,2,6,1,6
202300023773,2023-08-03 13:40:00,2023,8,3,13,40,94,94034,Boulevard Pasteur,48.75397,2.31279,Plein jour,En agglomération,Intersection en X,Pluie légère,Deux véhicules - côté,3,2,2,0,1,1,2,0,1,50,2,4,3,0,0,1,26.0,78.0,utilitaire_camion,voiture,1,2,2,2,3
202300023773,2023-08-03 13:40:00,2023,8,3,13,40,94,94034,Boulevard Pasteur,48.75397,2.31279,Plein jour,En agglomération,Intersection en X,Pluie légère,Deux véhicules - côté,3,2,2,0,1,1,2,0,1,50,2,4,3,0,0,1,26.0,78.0,utilitaire_camion,voiture,1,2,2,2,3
202300023774,2023-04-19 20:40:00,2023,4,19,20,40,56,56078,,47.80148,-3.45718,Plein jour,Hors agglomération,Hors intersection,Normale,Deux véhicules - arrière,2,3,4,0,1,1,1,0,1,110,2,3,2,0,1,0,24.0,61.0,utilitaire_camion,utilitaire_camion,1,1,1,1,2
202300023775,2023-08-04 17:25:00,2023,8,4,17,25,94,94028,Voie DEPARTEMENTALE,48.76843833,2.46581966,Plein jour,En agglomération,Hors intersection,Normale,Autre collision,3,-1,2,0,1,3,1,0,3,50,1,1,0,0,1,0,30.0,,voiture,,1,2,1,1,6
202300023776,2023-04-20 15:20:00,2023,4,20,15,20,79,79062,,46.815518,-0.665688,Plein jour,En agglomération,Hors intersection,Normale,Deux véhicules - côté,4,3,2,0,2,1,1,0,1,50,2,3,2,0,0,1,84.0,25.0,voiture,voiture,1,2,1,1,3
202300023777,2023-08-04 14:15:00,2023,8,4,14,15,94,94018,Avenue de Gravelle,48.82408,2.41995,Plein jour,En agglomération,Intersection en X,Pluie forte,Deux véhicules - côté,3,2,2,0,1,1,2,5,1,50,2,2,1,0,0,1,29.0,91.0,deux_roues,voiture,1,2,2,3,3
202300023777,2023-08-04 14:15:00,2023,8,4,14,15,94,94018,Avenue de Gravelle,48.82408,2.41995,Plein jour,En agglomération,Intersection en X,Pluie forte,Deux véhicules - côté,3,2,3,1,1,1,2,5,1,50,2,2,1,0,0,1,29.0,91.0,deux_roues,voiture,1,2,2,3,3
202300023778,2023-04-19 17:45:00,2023,4,19,17,45,33,33311,Côte de Bourbon,44.685879,-0.360811,Plein jour,En agglomération,Hors intersection,Normale,Deux véhicules - frontale,3,2,2,0,2,1,1,0,1,50,2,2,1,0,1,0,12.0,,deux_roues,voiture,1,2,1,1,1
202300023779,2023-04-20 08:20:00,2023,4,20,8,20,34,34284,12 Avenue de la Gare,43.487739,2.764395,Plein jour,En agglomération,Autre intersection,Normale,Autre collision,9,1,1,0,1,2,1,0,6,50,1,2,1,0,0,1,40.0,,utilitaire_camion,,1,2,9,1,6
202300023780,2023-08-04 23:30:00,2023,8,4,23,30,94,94017,Boulevard de Stalingrad,48.8223,2.49799,Nuit avec éclairage allumé,En agglomération,Hors intersection,Normale,Deux véhicules - côté,3,2,2,0,1,1,1,8,1,50,2,2,1,0,0,1,33.0,50.0,deux_roues,voiture,5,2,1,1,3
202300023781,2023-08-06 02:38:00,2023,8,6,2,38,94,94075,Av du Mal de Lattre de Tassigny,48.738162,2.516969,Nuit sans éclairage public,Hors agglomération,Hors intersection,Pluie légère,Autre collision,2,3,4,0,3,3,2,1,2,70,1,2,0,0,0,2,30.0,,voiture,,3,1,1,2,6
202300023782,2023-04-19 17:15:00,2023,4,19,17,15,38,38144,D36,45.591128,5.08004,Plein jour,Hors agglomération,Hors intersection,Normale,Autre collision,3,2,2,0,1,1,1,0,8,80,1,4,0,0,3,1,25.0,,voiture,,1,1,1,1,6
202300023783,2023-08-06 11:45:00,2023,8,6,11,45,94,94002,Quai Blanqui,48.81421,2.41136,Plein jour,En agglomération,Autre intersection,Normale,Autre collision,3,1,1,0,2,2,1,0,1,50,1,2,1,0,0,1,18.0,,voiture,,1,2,9,1,6
202300023784,2023-04-19 06:02:00,2023,4,19,6,2,02,02820,1 Rue Jean Jaurès,49.631113,3.243161,Crépuscule ou aube,En agglomération,Intersection en X,Normale,Deux véhicules - côté,4,2,2,0,2,1,1,5,1,50,2,2,1,0,0,1,53.0,20.0,voiture,deux_roues,2,2,2,1,3
202300023784,2023-04-19 06:02:00,2023,4,19,6,2,02,02820,1 Rue Jean Jaurès,49.631113,3.243161,Crépuscule ou aube,En agglomération,Intersection en X,Normale,Deux véhicules - côté,4,2, -1,-1,1,1,1,5,1,-1,2,2,1,0,0,1,53.0,20.0,voiture,deux_roues,2,2,2,1,3
202300023785,2023-08-04 17:20:00,2023,8,4,17,20,94,94002,Place de la Gare,48.80188,2.42614,Plein jour,En agglomération,Place,Normale,Autre collision,4,1,1,0,1,1,1,0,6,30,1,2,1,0,0,1,74.0,,voiture,,1,2,7,1,6
202300023786,2023-04-19 17:35:00,2023,4,19,17,35,01,01037,route departementale 32,45.823514,5.467758,Plein jour,Hors agglomération,Hors intersection,Normale,Deux véhicules - frontale,3,2,2,0,2,3,1,0,1,80,2,2,1,0,0,1,,54.0,voiture,voiture,1,1,1,1,1
202300023787,2023-04-19 16:30:00,2023,4,19,16,30,06,06007,Route de Saint Jacques,43.612358,6.915924,Plein jour,En agglomération,Intersection en X,Normale,Deux véhicules - côté,3,2,2,0,2,1,1,0,1,50,2,2,1,0,1,0,64.0,59.0,voiture,deux_roues,1,2,2,1,3
202300023787,2023-04-19 16:30:00,2023,4,19,16,30,06,06007,Route de Saint Jacques,43.612358,6.915924,Plein jour,En agglomération,Intersection en X,Normale,Deux véhicules - côté,3,2,2,-1,2,1,1,0,1,-1,2,2,1,0,1,0,64.0,59.0,voiture,deux_roues,1,2,2,1,3
202300023788,2023-08-04 23:50:00,2023,8,4,23,50,93,93059,Avenue Elisée Reclus,48.95069174,2.35781665,Nuit avec éclairage allumé,En agglomération,Hors intersection,Normale,Deux véhicules - arrière,3,2,4,3,1,1,1,0,1,50,2,4,2,0,0,2,37.0,35.0,utilitaire_camion,voiture,5,2,1,1,2
202300023789,2023-04-20 17:30:00,2023,4,20,17,30,14,14231,875 Route de Dozulé,49.21621,0.010278,Plein jour,Hors agglomération,Hors intersection,Normale,Sans collision,3,2,2,0,3,1,1,0,1,80,2,2,1,0,0,1,22.0,23.0,voiture,voiture,1,1,1,1,7
202300023790,2023-08-03 03:00:00,2023,8,3,3,0,93,93072,Boulevard Maxime Gorki / Rue Salvador Allende,48.94652,2.38646,Nuit avec éclairage allumé,En agglomération,Intersection en T,Pluie légère,Sans collision,3,3,6,3,1,1,2,5,8,50,1,1,0,0,0,1,37.0,,voiture,,5,2,3,2,7
202300023790,2023-08-03 03:00:00,2023,8,3,3,0,93,93072,Boulevard Maxime Gorki / Rue Salvador Allende,48.94652,2.38646,Nuit avec éclairage allumé,En agglomération,Intersection en T,Pluie légère,Sans collision,3,3,3,0,1,1,2,0,1,-1,1,1,0,0,0,1,37.0,,voiture,,5,2,3,2,7
202300023791,2023-08-05 15:38:00,2023,8,5,15,38,93,93066,Rue Gabriel Péri,48.94020282,2.35658692,Plein jour,En agglomération,Hors intersection,Normale,Autre collision,4,3,2,3,1,1,1,6,1,30,1,2,1,0,1,0,22.0,,deux_roues,,1,2,1,1,6
202300023792,2023-04-20 09:15:00,2023,4,20,9,15,50,50209,Route du Hamel Es Ronches,49.645256,-1.456391,Plein jour,Hors agglomération,Hors intersection,Normale,Deux véhicules - côté,3,2,2,0,1,1,1,0,1,80,2,2,1,0,0,1,29.0,64.0,utilitaire_camion,deux_roues,1,1,1,1,3
202300023793,2023-08-04 16:40:00,2023,8,4,16,40,93,93039,Quai de la Marine,48.94695825,2.3259841,Plein jour,En agglomération,Hors intersection,Temps couvert,Deux véhicules - arrière,4,2,2,0,1,1,2,0,1,30,2,2,1,0,0,1,57.0,39.0,voiture,deux_roues,1,2,1,8,2
202300023794,2023-05-27 17:30:00,2023,5,27,17,30,95,95682,N104,49.06835027,2.39100677,Plein jour,Hors agglomération,Hors intersection,Normale,Autre collision,2,1,1,0,2,3,1,0,1,70,1,1,0,0,0,1,28.0,,voiture,,1,1,1,1,6
202300023795,2023-08-03 16:25:00,2023,8,3,16,25,93,93066,Rue d'Eaubonne,48.94508285,2.37383936,Plein jour,En agglomération,Hors intersection,Pluie forte,Deux véhicules - côté,4,2,2,0,1,1,2,0,1,30,2,2,1,0,0,1,30.0,82.0,deux_roues,voiture,1,2,1,3,3
202300023796,2023-05-28 14:30:00,2023,5,28,14,30,94,94018,A4,48.82050762,2.40183223,Plein jour,Hors agglomération,Hors intersection,Temps éblouissant,Trois véhicules et plus - en chaîne,1,3,5,0,1,1,1,0,1,90,3,3,2,0,0,1,20.0,46.0,voiture,voiture,1,1,1,7,4
202300023797,2023-08-03 20:40:00,2023,8,3,20,40,93,93049,Rue Raspail,48.85527774,2.51329088,Crépuscule ou aube,En agglomération,Hors intersection,Pluie légère,Deux véhicules - arrière,4,2,2,0,1,1,2,0,1,50,2,2,1,0,0,1,18.0,19.0,deux_roues,voiture,2,2,1,2,2
202300023798,2023-05-28 11:45:00,2023,5,28,11,45,77,77384,A5b,48.615458,2.63137,Plein jour,Hors agglomération,Hors intersection,Normale,Autre collision,1,1,3,0,1,1,1,0,1,110,1,3,0,0,3,0,21.0,,voiture,,1,1,1,1,6
202300023799,2023-05-28 00:50:00,2023,5,28,0,50,77,77175,RN104,48.668668,2.612379,Nuit sans éclairage public,Hors agglomération,Hors intersection,Normale,Autre collision,2,1,2,0,1,1,1,0,1,90,1,2,0,0,0,2,30.0,,deux_roues,,3,1,1,1,6
202300023800,2023-03-11 10:35:00,2023,3,11,10,35,03,03056,gagnol,46.090436,3.598537,Plein jour,Hors agglomération,Hors intersection,Pluie légère,Sans collision,3,2,2,0,1,1,2,0,1,90,1,1,0,0,1,0,47.0,,voiture,,1,1,1,2,7
202300023801,2023-05-27 18:50:00,2023,5,27,18,50,77,77169,RN104.INT,48.807992,2.63001,Plein jour,Hors agglomération,Hors intersection,Normale,Trois véhicules et plus - collisions multiples,2,3,3,0,1,3,1,0,1,90,3,3,2,0,0,1,23.0,37.0,deux_roues,utilitaire_camion,1,1,1,1,5
202300023802,2023-08-04 02:00:00,2023,8,4,2,0,93,93050,Rue Paul Vaillant Couturier,48.87201758,2.55378582,Nuit avec éclairage allumé,En agglomération,Autre intersection,Normale,Deux véhicules - côté,3,2,2,0,1,1,1,0,1,50,2,5,4,0,0,1,25.0,24.0,deux_roues,voiture,5,2,9,1,3
202300023803,2023-05-27 21:24:00,2023,5,27,21,24,49,49007,JEAN XXIII AVENUE,47.44753,-0.56236,Plein jour,En agglomération,Hors intersection,Normale,Autre collision,6,-1, -1,0,1,1,1,0,1,30,1,3,2,0,0,1,27.0,,voiture,,1,2,1,1,6
202300023804,2023-03-11 11:10:00,2023,3,11,11,10,01,01185,rue de l'église,45.893484,5.597631,Plein jour,En agglomération,Intersection en T,Pluie légère,Deux véhicules - frontale,4,-1, -1,0,1,1,2,0,1,50,2,6,5,0,1,0,65.0,12.0,voiture,deux_roues,1,2,3,2,1
202300023804,2023-03-11 11:10:00,2023,3,11,11,10,01,01185,rue de l'église,45.893484,5.597631,Plein jour,En agglomération,Intersection en T,Pluie légère,Deux véhicules - frontale,4,2,2,0,1,1,2,0,1,50,2,6,5,0,1,0,65.0,12.0,voiture,deux_roues,1,2,3,2,1
202300023805,2023-03-08 20:00:00,2023,3,8,20,0,33,33351,D132e2,45.210929,-0.488275,Nuit sans éclairage public,Hors agglomération,Hors intersection,Normale,Autre collision,3,2,2,0,1,1,1,0,3,80,1,1,0,1,0,0,46.0,,deux_roues,,3,1,1,1,6
202300023806,2023-08-03 07:05:00,2023,8,3,7,5,93,93031,Avenue de la République,48.9493883,2.3312141,Crépuscule ou aube,En agglomération,Hors intersection,Pluie légère,Trois véhicules et plus - en chaîne,3,3,4,0,1,1,2,0,1,50,3,5,3,0,0,2,46.0,60.0,utilitaire_camion,voiture,2,2,1,2,4
202300023807,2023-03-11 02:50:00,2023,3,11,2,50,44,44168,154 Rue Joliot-Curie,47.385145,-2.202689,Nuit avec éclairage non allumé,En agglomération,Hors intersection,Pluie légère,Sans collision,3,2,2,0,1,1,2,0,1,30,1,1,0,0,1,0,18.0,,deux_roues,,4,2,1,2,7
202300023808,2023-05-27 02:00:00,2023,5,27,2,0,93,93027,Boulevard Pasteur / Rue Pierre Curie,48.92098071,2.38313559,Nuit avec éclairage allumé,En agglomération,Intersection en X,Normale,Deux véhicules - frontale,3,1,1,-1,1,1,1,0,1,-1,2,5,4,0,0,1,23.0,22.0,voiture,voiture,5,2,2,1,1
202300023808,2023-05-27 02:00:00,2023,5,27,2,0,93,93027,Boulevard Pasteur / Rue Pierre Curie,48.92098071,2.38313559,Nuit avec éclairage allumé,En agglomération,Intersection en X,Normale,Deux véhicules - frontale,3,2,2,0,1,1,1,0,1,30,2,5,4,0,0,1,23.0,22.0,voiture,voiture,5,2,2,1,1
202300023809,2023-03-11 15:40:00,2023,3,11,15,40,59,59029,rue du vert bois,50.496231,3.191174,Plein jour,Hors agglomération,Intersection en X,Normale,Deux véhicules - côté,3,2,2,0,1,1,1,0,5,-1,2,2,1,0,0,1,63.0,23.0,voiture,deux_roues,1,1,2,1,3
202300023809,2023-03-11 15:40:00,2023,3,11,15,40,59,59029,rue du vert bois,50.496231,3.191174,Plein jour,Hors agglomération,Intersection en X,Normale,Deux véhicules - côté,3,2, -1,-1,1,1,1,0,1,-1,2,2,1,0,0,1,63.0,23.0,voiture,deux_roues,1,1,2,1,3
202300023810,2023-05-27 12:05:00,2023,5,27,12,5,92,92012,POINT DU JOUR (QUAI DU),48.82743209,2.25267202,Plein jour,En agglomération,Hors intersection,Normale,Deux véhicules - arrière,3,2,2,0,1,1,1,0,1,50,2,3,2,0,0,1,68.0,34.0,voiture,voiture,1,2,1,1,2
202300023811,2023-03-09 05:45:00,2023,3,9,5,45,74,74012,LIVRON (ROUTE DU),46.18765,6.250793,Nuit sans éclairage public,En agglomération,Hors intersection,Normale,Autre collision,4,2,2,0,2,2,1,0,1,50,1,2,1,0,0,1,,,autre,,3,2,1,1,6
202300023812,2023-05-27 02:20:00,2023,5,27,2,20,974,97416,CADET (CHEMIN CYRIAQUE),-21.31271,55.54714,Nuit sans éclairage public,En agglomération,Hors intersection,Pluie forte,Deux véhicules - côté,4,-1,2,0,2,1,2,0,8,50,2,2,1,0,0,1,17.0,56.0,deux_roues,voiture,3,2,1,3,3
202300023813,2023-05-27 15:00:00,2023,5,27,15,0,974,97416,PAUL LEGROS(CHEMIN),-21.29026,55.47386,Plein jour,En agglomération,Hors intersection,Pluie légère,Sans collision,4,2,2,0,2,3,2,0,1,50,1,1,0,0,0,1,33.0,,deux_roues,,1,2,1,2,7
202300023814,2023-03-09 17:05:00,2023,3,9,17,5,988,98818,RUE COTE DE L'AMIRAL HALSEY/Rue Georges BAUDOUX,-22.28124,166.44313,Plein jour,En agglomération,Intersection en X,Normale,Autre collision,4,1,2,-1,2,1,1,5,1,50,1,2,0,0,0,2,53.0,,deux_roues,,1,2,2,1,6
202300023814,2023-03-09 17:05:00,2023,3,9,17,5,988,98818,RUE COTE DE L'AMIRAL HALSEY/Rue Georges BAUDOUX,-22.28124,166.44313,Plein jour,En agglomération,Intersection en X,Normale,Autre collision,4,1,1,0,1,1,1,5,1,50,1,2,0,0,0,2,53.0,,deux_roues,,1,2,2,1,6
202300023815,2023-08-06 01:20:00,2023,8,6,1,20,93,93014,Boulevard Gagarine,48.90524,2.54159,Nuit avec éclairage allumé,En agglomération,Hors intersection,Pluie légère,Deux véhicules - arrière,3,3,2,3,2,1,2,0,1,50,2,4,3,0,0,1,20.0,24.0,voiture,voiture,5,2,1,2,2
202300023816,2023-03-08 14:15:00,2023,3,8,14,15,81,81065,MENDES FRANCE (BD.PIERRE),43.59276,2.23382,Plein jour,En agglomération,Autre intersection,Normale,Autre collision,4,2,2,0,1,1,1,0,1,50,1,2,1,0,0,1,40.0,,voiture,,1,2,9,1,6
202300023817,2023-05-27 07:07:00,2023,5,27,7,7,974,97416,LEBLOND 1 (RUE MARIUS ET ARY),-21.33648451,55.47042131,Plein jour,En agglomération,Intersection en T,Pluie légère,Deux véhicules - côté,4,2,2,0,1,1,2,0,1,50,2,2,0,0,0,2,60.0,43.0,voiture,voiture,1,2,3,2,3