accident_id,datetime,annee,mois,jour,heure,minute,departement,commune_insee,adresse,latitude,longitude,luminosite,agglomeration,intersection,meteo,collision,catr,circ,nbv,vosp,prof,plan,surf,infra,situ,vma,nb_vehicules,nb_usagers,nb_indemnes,nb_tues,nb_blesses_hosp,nb_blesses_legers,age_cond_1,age_cond_2,veh_type_cond_1,veh_type_cond_2,lum_code,agg_code,int_code,atm_code,col_code
202300024233,2023-05-27 19:35:00,2023,5,27,19,35,38,38342,"RD 1075,  Farceyre",44.900439,5.615382,Plein jour,Hors agglomération,Hors intersection,Normale,Sans collision,3,2,2,0,4,3,1,0,3,50,1,1,0,0,1,0,52.0,,voiture,,1,1,1,1,7
202300024234,2023-01-26 17:23:00,2023,1,26,17,23,93,93073,Avenue Lavoisier / Avenue Gilbert Berger,48.95288,2.58949,Crépuscule ou aube,En agglomération,Intersection en X,Pluie légère,Deux véhicules - côté,4,2,2,0,1,1,2,0,1,50,2,2,1,0,0,1,84.0,62.0,deux_roues,voiture,2,2,2,2,3
202300024234,2023-01-26 17:23:00,2023,1,26,17,23,93,93073,Avenue Lavoisier / Avenue Gilbert Berger,48.95288,2.58949,Crépuscule ou aube,En agglomération,Intersection en X,Pluie légère,Deux véhicules - côté,4,2,2,0,1,1,2,0,1,50,2,2,1,0,0,1,84.0,62.0,deux_roues,voiture,2,2,2,2,3
202300024235,2023-11-14 19:47:00,2023,11,14,19,47,92,92035,National ( boulevard ),48.90225,2.2395,Nuit sans éclairage public,En agglomération,Intersection en T,Normale,Deux véhicules - côté,3,2,0,0,1,1,1,0,1,50,2,2,1,0,0,1,54.0,38.0,voiture,deux_roues,3,2,3,1,3
202300024235,2023-11-14 19:47:00,2023,11,14,19,47,92,92035,National ( boulevard ),48.90225,2.2395,Nuit sans éclairage public,En agglomération,Intersection en T,Normale,Deux véhicules - côté,3,3,0,0,1,1,1,0,1,50,2,2,1,0,0,1,54.0,38.0,voiture,deux_roues,3,2,3,1,3
202300024236,2023-03-09 12:40:00,2023,3,9,12,40,62,62422,D27,50.126706,2.634177,Plein jour,En agglomération,Intersection à plus de 4 branches,Normale,Autre collision,3,2,2,0,1,2,1,0,4,50,1,1,0,0,1,0,68.0,,utilitaire_camion,,1,2,5,1,6
202300024236,2023-03-09 12:40:00,2023,3,9,12,40,62,62422,D27,50.126706,2.634177,Plein jour,En agglomération,Intersection à plus de 4 branches,Normale,Autre collision,3,1, -1,0,1,1,1,0,1,-1,1,1,0,0,1,0,68.0,,utilitaire_camion,,1,2,5,1,6
202300024237,2023-01-26 16:45:00,2023,1,26,16,45,93,93078,Allee Louis Breguet,48.95671,2.56155,Plein jour,En agglomération,Hors intersection,Pluie légère,Deux véhicules - côté,4,2,2,0,1,1,2,0,1,50,2,4,3,0,0,1,26.0,37.0,voiture,voiture,1,2,1,2,3
202300024238,2023-11-14 10:30:00,2023,11,14,10,30,92,92035,National ( boulevard ),48.90685,2.23885,Plein jour,En agglomération,Intersection en X,Pluie légère,Deux véhicules - côté,3,2,2,0,1,1,2,0,1,50,2,2,1,0,0,1,20.0,37.0,deux_roues,voiture,1,2,2,2,3
202300024238,2023-11-14 10:30:00,2023,11,14,10,30,92,92035,National ( boulevard ),48.90685,2.23885,Plein jour,En agglomération,Intersection en X,Pluie légère,Deux véhicules - côté,3,2,2,0,1,1,2,0,1,50,2,2,1,0,0,1,20.0,37.0,deux_roues,voiture,1,2,2,2,3
202300024239,2023-05-28 16:30:00,2023,5,28,16,30,22,22175,D52,48.492933,-2.406628,Plein jour,Hors agglomération,Intersection en X,Temps éblouissant,Deux véhicules - côté,3,2,2,0,2,1,1,5,1,80,2,8,0,2,0,6,28.0,45.0,voiture,voiture,1,1,2,7,3
202300024239,2023-05-28 16:30:00,2023,5,28,16,30,22,22175,D52,48.492933,-2.406628,Plein jour,Hors agglomération,Intersection en X,Temps éblouissant,Deux véhicules - côté,3,2,2,0,1,2,1,5,1,80,2,8,0,2,0,6,28.0,45.0,voiture,voiture,1,1,2,7,3
202300024240,2023-01-26 12:45:00,2023,1,26,12,45,93,93078,Avenue Georges Clémenceau / Avenue Charles de Gaulle,48.95818,2.55833,Plein jour,En agglomération,Intersection en X,Pluie légère,Deux véhicules - côté,3,4,6,0,1,1,2,5,1,50,2,3,2,0,0,1,29.0,43.0,voiture,voiture,1,2,2,2,3
202300024240,2023-01-26 12:45:00,2023,1,26,12,45,93,93078,Avenue Georges Clémenceau / Avenue Charles de Gaulle,48.95818,2.55833,Plein jour,En agglomération,Intersection en X,Pluie légère,Deux véhicules - côté,3,2,4,0,1,1,2,0,1,50,2,3,2,0,0,1,29.0,43.0,voiture,voiture,1,2,2,2,3
202300024241,2023-11-15 19:35:00,2023,11,15,19,35,92,92023,PASTEUR (RUE),48.77924,2.22848,Nuit avec éclairage allumé,En agglomération,Intersection en X,Normale,Deux véhicules - côté,3,2,2,0,1,1,1,0,1,30,2,2,1,0,0,1,27.0,19.0,deux_roues,voiture,5,2,2,1,3
202300024241,2023-11-15 19:35:00,2023,11,15,19,35,92,92023,PASTEUR (RUE),48.77924,2.22848,Nuit avec éclairage allumé,En agglomération,Intersection en X,Normale,Deux véhicules - côté,3,2,1,1,1,1,1,0,1,30,2,2,1,0,0,1,27.0,19.0,deux_roues,voiture,5,2,2,1,3
202300024242,2023-03-10 00:00:00,2023,3,10,0,0,30,30117,departementale 6113,43.722722,4.54598,Nuit sans éclairage public,Hors agglomération,Hors intersection,Brouillard / fumée,Sans collision,3,2,1,0,1,2,1,0,8,80,1,2,0,0,2,0,21.0,,voiture,,3,1,1,5,7
202300024243,2023-01-26 17:25:00,2023,1,26,17,25,93,93066,Avenue Romain Rolland,48.93753107,2.374219,Plein jour,En agglomération,Hors intersection,Pluie légère,Autre collision,4,2,2,0,1,1,2,0,1,30,1,2,1,0,0,1,56.0,,voiture,,1,2,1,2,6
202300024244,2023-05-26 14:20:00,2023,5,26,14,20,34,34270,21 Rue des Coteaux,43.576489,3.837753,Plein jour,En agglomération,Intersection en X,Normale,Deux véhicules - côté,7,2,1,0,1,1,1,5,1,50,2,3,2,0,1,0,38.0,76.0,voiture,deux_roues,1,2,2,1,3
202300024244,2023-05-26 14:20:00,2023,5,26,14,20,34,34270,21 Rue des Coteaux,43.576489,3.837753,Plein jour,En agglomération,Intersection en X,Normale,Deux véhicules - côté,7,2,2,0,1,1,1,5,1,50,2,3,2,0,1,0,38.0,76.0,voiture,deux_roues,1,2,2,1,3
202300024245,2023-03-05 16:30:00,2023,3,5,16,30,30,30060,D135,43.793991,4.384789,Plein jour,En agglomération,Giratoire,Normale,Sans collision,3,2,2,0,1,2,1,5,8,50,1,1,0,0,1,0,29.0,,deux_roues,,1,2,6,1,7
202300024246,2023-11-15 19:10:00,2023,11,15,19,10,92,92012,JEAN JAURES (BOULEVARD) 1/61 - COTE IMPA,48.84051143,2.23961806,Nuit avec éclairage allumé,En agglomération,Hors intersection,Normale,Autre collision,3,2,2,0,1,1,1,8,8,50,1,2,1,0,0,1,72.0,,voiture,,5,2,1,1,6
202300024247,2023-01-26 18:25:00,2023,1,26,18,25,93,93048,Avenue de la Résistance / Rue de la Beaune,48.86187,2.43712,Nuit sans éclairage public,En agglomération,Intersection en T,Pluie légère,Deux véhicules - côté,3,1,1,3,1,1,2,0,1,-1,2,2,1,0,0,1,53.0,37.0,deux_roues,voiture,3,2,3,2,3
202300024247,2023-01-26 18:25:00,2023,1,26,18,25,93,93048,Avenue de la Résistance / Rue de la Beaune,48.86187,2.43712,Nuit sans éclairage public,En agglomération,Intersection en T,Pluie légère,Deux véhicules - côté,3,3,2,3,1,1,2,0,1,30,2,2,1,0,0,1,53.0,37.0,deux_roues,voiture,3,2,3,2,3
202300024248,2023-03-09 19:20:00,2023,3,9,19,20,51,51625,D934,48.757992,3.41428,Nuit sans éclairage public,Hors agglomération,Hors intersection,Pluie forte,Deux véhicules - côté,3,2,2,0,1,2,2,0,1,90,2,2,1,0,1,0,23.0,36.0,voiture,voiture,3,1,1,3,3
202300024249,2023-05-27 11:30:00,2023,5,27,11,30,83,83087,Route de Brignoles,43.377386,5.785053,Plein jour,En agglomération,Hors intersection,Normale,Deux véhicules - arrière,3,2,2,0,1,1,1,0,1,50,2,2,1,0,0,1,40.0,23.0,deux_roues,voiture,1,2,1,1,2
202300024250,2023-01-26 07:55:00,2023,1,26,7,55,93,93006,Avenue de Stalingrad / Rue Jeanne Hornet,48.87425,2.42804,Crépuscule ou aube,En agglomération,Intersection en X,Normale,Deux véhicules - côté,3,1,2,0,1,1,1,0,1,50,2,2,1,0,0,1,58.0,46.0,deux_roues,voiture,2,2,2,1,3
202300024250,2023-01-26 07:55:00,2023,1,26,7,55,93,93006,Avenue de Stalingrad / Rue Jeanne Hornet,48.87425,2.42804,Crépuscule ou aube,En agglomération,Intersection en X,Normale,Deux véhicules - côté,3,2,2,2,1,1,1,0,1,50,2,2,1,0,0,1,58.0,46.0,deux_roues,voiture,2,2,2,1,3
202300024251,2023-03-09 11:10:00,2023,3,9,11,10,19,19055,Chez Durieux,45.450163,2.310809,Plein jour,Hors agglomération,Hors intersection,Pluie légère,Autre collision,4,2,2,0,2,1,2,0,3,80,1,1,0,0,1,0,82.0,,voiture,,1,1,1,2,6
202300024252,2023-11-16 11:50:00,2023,11,16,11,50,976,97610,route nationale 1,-12.747482,45.227939,Plein jour,Hors agglomération,Hors intersection,Pluie légère,Deux véhicules - frontale,2,2,2,0,1,2,2,0,1,70,2,7,0,0,1,6,40.0,57.0,voiture,voiture,1,1,1,2,1
202300024253,2023-03-10 13:40:00,2023,3,10,13,40,65,65128,D41,43.184308,0.345318,Plein jour,Hors agglomération,Hors intersection,Normale,Autre collision,3,2,2,0,2,1,1,0,3,80,1,1,0,0,0,1,16.0,,voiture,,1,1,1,1,6
202300024254,2023-05-08 22:00:00,2023,5,8,22,0,83,83096,Dn7,43.463413,5.809252,Nuit sans éclairage public,Hors agglomération,Hors intersection,Normale,Deux véhicules - frontale,3,2,2,0,1,1,1,0,1,80,2,4,1,0,0,3,55.0,54.0,voiture,voiture,3,1,1,1,1
202300024255,2023-01-25 21:40:00,2023,1,25,21,40,93,93047,Avenue Denis Papin / Avenue Pascal,48.90646,2.58785,Nuit avec éclairage allumé,En agglomération,Intersection en X,Normale,Deux véhicules - côté,4,2,2,0,1,1,1,0,1,50,2,2,1,0,0,1,,49.0,voiture,voiture,5,2,2,1,3
202300024255,2023-01-25 21:40:00,2023,1,25,21,40,93,93047,Avenue Denis Papin / Avenue Pascal,48.90646,2.58785,Nuit avec éclairage allumé,En agglomération,Intersection en X,Normale,Deux véhicules - côté,4,2,2,0,1,1,1,0,1,50,2,2,1,0,0,1,,49.0,voiture,voiture,5,2,2,1,3
202300024256,2023-11-16 06:40:00,2023,11,16,6,40,08,08339,,49.426809,4.349438,Nuit sans éclairage public,Hors agglomération,Hors intersection,Pluie légère,Autre collision,3,2,2,0,1,3,2,0,3,80,1,1,0,1,0,0,46.0,,voiture,,3,1,1,2,6
202300024257,2023-05-27 15:05:00,2023,5,27,15,5,62,62080,Rue de Douai,50.106426,2.85284,Plein jour,En agglomération,Hors intersection,Normale,Autre collision,4,2,2,0,1,1,1,0,1,50,1,2,1,0,0,1,68.0,,voiture,,1,2,1,1,6
202300024258,2023-03-09 10:30:00,2023,3,9,10,30,11,11304,,42.89977228,2.16734355,Plein jour,Hors agglomération,Hors intersection,Normale,Deux véhicules - frontale,3,2,2,0,2,2,2,0,1,70,2,2,1,1,0,0,26.0,79.0,voiture,voiture,1,1,1,1,1
202300024259,2023-01-26 09:30:00,2023,1,26,9,30,93,93010,Avenue Galliéni,48.90687227,2.48703539,Plein jour,En agglomération,Hors intersection,Pluie légère,Deux véhicules - arrière,3,3,6,0,1,1,2,0,1,50,2,3,2,0,0,1,56.0,23.0,voiture,utilitaire_camion,1,2,1,2,2
202300024260,2023-03-09 16:29:00,2023,3,9,16,29,63,63432,3 Rue de la Croix Blanche,45.973397,3.256502,Plein jour,En agglomération,Hors intersection,Pluie légère,Autre collision,3,2,2,0,2,1,2,0,4,50,1,1,0,0,1,0,84.0,,voiture,,1,2,1,2,6
202300024261,2023-01-26 13:40:00,2023,1,26,13,40,93,93008,Rue de Paris / Route de Noisy,48.8957,2.42623,Plein jour,En agglomération,Intersection en X,Pluie légère,Deux véhicules - côté,3,2,4,0,1,1,2,5,1,50,2,2,1,0,0,1,39.0,25.0,utilitaire_camion,deux_roues,1,2,2,2,3
202300024261,2023-01-26 13:40:00,2023,1,26,13,40,93,93008,Rue de Paris / Route de Noisy,48.8957,2.42623,Plein jour,En agglomération,Intersection en X,Pluie légère,Deux véhicules - côté,3,3,4,2,1,1,2,0,1,50,2,2,1,0,0,1,39.0,25.0,utilitaire_camion,deux_roues,1,2,2,2,3
202300024262,2023-11-15 18:50:00,2023,11,15,18,50,86,86272,D14,46.828412,0.465728,Nuit avec éclairage allumé,Hors agglomération,Intersection en X,Pluie légère,Deux véhicules - côté,3,2,2,0,1,1,2,0,1,50,2,3,2,0,0,1,37.0,40.0,deux_roues,voiture,5,1,2,2,3
202300024262,2023-11-15 18:50:00,2023,11,15,18,50,86,86272,D14,46.828412,0.465728,Nuit avec éclairage allumé,Hors agglomération,Intersection en X,Pluie légère,Deux véhicules - côté,3,2, -1,0,1,1,2,0,1,30,2,3,2,0,0,1,37.0,40.0,deux_roues,voiture,5,1,2,2,3
202300024263,2023-05-26 13:55:00,2023,5,26,13,55,51,51409,D977,48.879344,4.287313,Plein jour,Hors agglomération,Intersection en X,Normale,Deux véhicules - arrière,3,2,2,0,1,1,1,0,1,90,2,2,1,0,1,0,34.0,37.0,voiture,voiture,1,1,2,1,2
202300024263,2023-05-26 13:55:00,2023,5,26,13,55,51,51409,D977,48.879344,4.287313,Plein jour,Hors agglomération,Intersection en X,Normale,Deux véhicules - arrière,3,2, -1,-1,1,1,1,0,1,-1,2,2,1,0,1,0,34.0,37.0,voiture,voiture,1,1,2,1,2
202300024264,2023-03-10 14:45:00,2023,3,10,14,45,41,41049,D956,47.326796,1.492274,Plein jour,Hors agglomération,Hors intersection,Pluie légère,Deux véhicules - frontale,3,2,2,0,2,3,2,2,1,90,2,2,1,0,1,0,55.0,24.0,utilitaire_camion,voiture,1,1,1,2,1
202300024265,2023-01-26 10:40:00,2023,1,26,10,40,93,93001,Avenue Jean Jaurès,48.9062376,2.3947674,Plein jour,En agglomération,Autre intersection,Pluie légère,Deux véhicules - côté,3,3,4,0,1,1,2,9,1,50,2,2,1,0,0,1,45.0,40.0,utilitaire_camion,voiture,1,2,9,2,3
202300024266,2023-05-27 17:30:00,2023,5,27,17,30,56,56052,Rue Gohec,47.5208253,-2.57739544,Plein jour,En agglomération,Hors intersection,Normale,Autre collision,4,2,2,0,1,1,1,0,1,30,1,2,1,0,1,0,74.0,,voiture,,1,2,1,1,6
202300024267,2023-01-27 14:50:00,2023,1,27,14,50,21,21021,A31,47.347532,5.163392,Plein jour,Hors agglomération,Autre intersection,Normale,Autre collision,1,1,3,0,1,1,1,0,8,130,1,1,0,0,1,0,28.0,,voiture,,1,1,9,1,6
202300024268,2023-03-10 10:25:00,2023,3,10,10,25,34,34130,D909,43.501364,3.189165,Plein jour,Hors agglomération,Intersection en X,Vent fort / tempête,Deux véhicules - côté,3,2,1,0,1,1,1,0,1,90,2,2,1,0,1,0,66.0,70.0,utilitaire_camion,voiture,1,1,2,6,3
202300024268,2023-03-10 10:25:00,2023,3,10,10,25,34,34130,D909,43.501364,3.189165,Plein jour,Hors agglomération,Intersection en X,Vent fort / tempête,Deux véhicules - côté,3,2, -1,-1,1,1,1,5,1,-1,2,2,1,0,1,0,66.0,70.0,utilitaire_camion,voiture,1,1,2,6,3
202300024269,2023-11-15 18:00:00,2023,11,15,18,0,43,43117,RN 102,45.249868,3.434787,Crépuscule ou aube,Hors agglomération,Intersection en X,Normale,Trois véhicules et plus - collisions multiples,2,2,2,0,1,1,1,0,1,80,3,4,2,1,0,1,22.0,36.0,voiture,voiture,2,1,2,1,5
202300024269,2023-11-15 18:00:00,2023,11,15,18,0,43,43117,RN 102,45.249868,3.434787,Crépuscule ou aube,Hors agglomération,Intersection en X,Normale,Trois véhicules et plus - collisions multiples,2,2,2,0,1,1,1,0,1,50,3,4,2,1,0,1,22.0,36.0,voiture,voiture,2,1,2,1,5
202300024270,2023-05-27 04:50:00,2023,5,27,4,50,11,11262,,43.224161,3.045251,Nuit sans éclairage public,Hors agglomération,Hors intersection,Normale,Autre collision,3,2,2,0,1,1,1,0,3,80,1,1,0,0,1,0,21.0,,voiture,,3,1,1,1,6
202300024271,2023-01-26 20:10:00,2023,1,26,20,10,37,37261,Bretelle d'entrée A10,47.391489,0.705925,Nuit sans éclairage public,Hors agglomération,Intersection en Y,Pluie légère,Deux véhicules - arrière,1,2,3,0,1,2,2,3,1,90,2,2,1,0,0,1,51.0,33.0,voiture,voiture,3,1,4,2,2
202300024271,2023-01-26 20:10:00,2023,1,26,20,10,37,37261,Bretelle d'entrée A10,47.391489,0.705925,Nuit sans éclairage public,Hors agglomération,Intersection en Y,Pluie légère,Deux véhicules - arrière,1,3,3,0,1,2,2,0,1,90,2,2,1,0,0,1,51.0,33.0,voiture,voiture,3,1,4,2,2
202300024272,2023-03-08 15:40:00,2023,3,8,15,40,68,68138,7 Rue de Bettendorf,47.585753,7.258793,Plein jour,En agglomération,Intersection en X,Pluie légère,Deux véhicules - côté,3,-1,2,0,1,1,2,0,1,30,2,4,2,0,0,2,21.0,29.0,voiture,voiture,1,2,2,2,3
202300024272,2023-03-08 15:40:00,2023,3,8,15,40,68,68138,7 Rue de Bettendorf,47.585753,7.258793,Plein jour,En agglomération,Intersection en X,Pluie légère,Deux véhicules - côté,3,-1, -1,-1,1,1,2,0,1,-1,2,4,2,0,0,2,21.0,29.0,voiture,voiture,1,2,2,2,3
202300024273,2023-01-26 19:30:00,2023,1,26,19,30,51,51527,D28,49.2580491,3.78746688,Nuit sans éclairage public,Hors agglomération,Hors intersection,Temps couvert,Deux véhicules - frontale,3,2,2,0,2,1,2,0,1,80,2,2,1,1,0,0,29.0,37.0,deux_roues,voiture,3,1,1,8,1
202300024274,2023-05-28 07:00:00,2023,5,28,7,0,63,63283,D941,45.856731,2.669704,Plein jour,Hors agglomération,Hors intersection,Brouillard / fumée,Autre collision,3,2,2,0,1,1,2,0,3,90,1,4,1,0,3,0,21.0,,voiture,,1,1,1,5,6
202300024275,2023-11-15 18:50:00,2023,11,15,18,50,68,68145,38 Grand'Rue,48.081378,7.392324,Nuit avec éclairage allumé,En agglomération,Hors intersection,Normale,Deux véhicules - côté,3,2,2,2,1,1,1,0,5,50,2,2,1,0,1,0,28.0,33.0,voiture,deux_roues,5,2,1,1,3
202300024276,2023-01-26 11:15:00,2023,1,26,11,15,2B,2B218,T50,42.211983,9.319437,Plein jour,Hors agglomération,Hors intersection,Normale,Autre collision,2,2,2,0,1,3,1,0,3,80,1,1,0,0,1,0,41.0,,utilitaire_camion,,1,1,1,1,6
202300024277,2023-03-09 12:30:00,2023,3,9,12,30,22,22366,Rue Beaumanoir,48.603907,-3.61182,Plein jour,En agglomération,Hors intersection,Pluie légère,Autre collision,3,2,2,0,1,1,2,0,1,30,1,2,1,0,1,0,38.0,,voiture,,1,2,1,2,6
202300024278,2023-01-26 20:55:00,2023,1,26,20,55,2B,2B050,Route de l?Aeroport,42.549255,8.783526,Nuit avec éclairage allumé,Hors agglomération,Hors intersection,Normale,Sans collision,3,2,2,0,1,2,1,0,1,70,1,1,0,0,1,0,48.0,,deux_roues,,5,1,1,1,7
202300024279,2023-11-15 18:35:00,2023,11,15,18,35,974,97404,Avenue de l'Océan,-21.26252,55.339074,Nuit sans éclairage public,Hors agglomération,Giratoire,Normale,Sans collision,3,2,1,0,2,1,1,5,1,-1,1,1,0,0,1,0,38.0,,deux_roues,,3,1,6,1,7
202300024280,2023-05-28 10:45:00,2023,5,28,10,45,63,63239,départemental 9,45.703158,3.357428,Plein jour,En agglomération,Hors intersection,Normale,Deux véhicules - côté,3,2,2,0,1,1,1,0,1,50,2,2,1,0,1,0,53.0,91.0,deux_roues,voiture,1,2,1,1,3
202300024281,2023-03-10 12:30:00,2023,3,10,12,30,22,22147,27 Rue Philippe Lemercier,48.191044,-2.40956,Plein jour,En agglomération,Hors intersection,Normale,Deux véhicules - frontale,3,2,2,0,1,1,1,0,1,50,2,2,1,0,1,0,17.0,73.0,deux_roues,voiture,1,2,1,1,1
202300024282,2023-05-27 18:10:00,2023,5,27,18,10,61,61309,D920,48.395311,0.627961,Plein jour,Hors agglomération,Hors intersection,Normale,Autre collision,3,2,2,0,2,1,1,0,3,90,1,1,0,0,1,0,45.0,,voiture,,1,1,1,1,6
202300024283,2023-11-14 06:50:00,2023,11,14,6,50,972,97227,Les Coteaux,14.500222,-60.981739,Plein jour,Hors agglomération,Hors intersection,Normale,Autre collision,3,2,1,0,1,2,1,0,1,-1,1,2,1,0,1,0,63.0,,voiture,,1,1,1,1,6
202300024284,2023-01-27 04:40:00,2023,1,27,4,40,63,63073,D23,45.578292,3.175281,Nuit avec éclairage non allumé,Hors agglomération,Hors intersection,Neige / grêle,Sans collision,3,2,2,0,1,1,7,0,3,90,1,1,0,0,1,0,28.0,,voiture,,4,1,1,4,7
202300024285,2023-03-09 11:45:00,2023,3,9,11,45,35,35068,Rue de Vitré,48.111156,-1.384229,Plein jour,En agglomération,Hors intersection,Pluie légère,Deux véhicules - frontale,3,2,2,2,2,2,2,0,1,50,2,2,1,0,0,1,72.0,22.0,voiture,voiture,1,2,1,2,1
202300024286,2023-10-29 13:00:00,2023,10,29,13,0,51,51029,"route départementale 9, PR 48+500",48.979178,4.028474,Plein jour,En agglomération,Hors intersection,Normale,Sans collision,3,2,2,0,1,1,1,0,3,50,1,1,0,1,0,0,80.0,,voiture,,1,2,1,1,7
202300024287,2023-05-28 05:50:00,2023,5,28,5,50,49,49125,Boulevard jacques savary,47.183074,-0.264412,Nuit sans éclairage public,En agglomération,Intersection en Y,Normale,Sans collision,4,2,2,0,1,1,1,0,1,80,1,3,0,0,1,2,22.0,,voiture,,3,2,4,1,7
202300024287,2023-05-28 05:50:00,2023,5,28,5,50,49,49125,Boulevard jacques savary,47.183074,-0.264412,Nuit sans éclairage public,En agglomération,Intersection en Y,Normale,Sans collision,4,1, -1,-1,1,1,1,0,1,-1,1,3,0,0,1,2,22.0,,voiture,,3,2,4,1,7
202300024288,2023-01-26 18:00:00,2023,1,26,18,0,47,47100,Avenue de la Candélie,44.236909,0.648993,Crépuscule ou aube,En agglomération,Hors intersection,Normale,Autre collision,4,2,2,0,1,1,1,9,1,30,1,2,1,0,1,0,77.0,,voiture,,2,2,1,1,6
202300024289,2023-11-15 17:20:00,2023,11,15,17,20,56,56193,route de merlevenez,47.716764,-3.298109,Crépuscule ou aube,Hors agglomération,Hors intersection,Pluie légère,Autre collision,3,2,2,0,1,1,2,0,1,70,1,2,1,0,1,0,69.0,,voiture,,2,1,1,2,6
202300024290,2023-01-20 18:40:00,2023,1,20,18,40,34,34028,352 Impasse Rouanels,43.621351,3.153913,Nuit sans éclairage public,En agglomération,Hors intersection,Neige / grêle,Sans collision,4,2,1,0,2,2,7,0,1,50,1,1,0,0,0,1,40.0,,voiture,,3,2,1,4,7
202300024291,2023-10-29 12:30:00,2023,10,29,12,30,2A,2A017,D81,42.016174,8.729067,Plein jour,Hors agglomération,Hors intersection,Normale,Autre collision,3,2,2,0,2,2,1,0,1,80,1,1,0,0,1,0,17.0,,voiture,,1,1,1,1,6
202300024292,2023-01-20 08:05:00,2023,1,20,8,5,44,44084,29 Rue du Fresne,47.240965,-1.346688,Plein jour,En agglomération,Hors intersection,Temps couvert,Autre collision,4,2,0,0,1,1,2,0,1,50,1,2,1,0,1,0,53.0,,voiture,,1,2,1,8,6
202300024293,2023-03-09 18:20:00,2023,3,9,18,20,35,35299,29 route de saint-malo,48.652857,-1.931571,Plein jour,Hors agglomération,Hors intersection,Pluie légère,Trois véhicules et plus - collisions multiples,3,2,2,0,1,1,2,0,1,70,3,6,2,0,0,4,20.0,59.0,voiture,voiture,1,1,1,2,5
202300024294,2023-05-27 20:55:00,2023,5,27,20,55,12,12182,Le Truel,44.444993,2.936019,Crépuscule ou aube,Hors agglomération,Hors intersection,Normale,Autre collision,4,2,2,0,1,2,1,0,1,80,2,6,5,0,1,0,24.0,22.0,voiture,voiture,2,1,1,1,6
202300024295,2023-01-18 22:51:00,2023,1,18,22,51,44,44192,1 Les Breteches,47.250929,-2.014811,Nuit sans éclairage public,Hors agglomération,Hors intersection,Normale,Sans collision,4,2,2,0,1,1,1,0,3,70,1,2,0,0,1,1,22.0,,deux_roues,,3,1,1,1,7
202300024296,2023-05-27 01:55:00,2023,5,27,1,55,47,47119,Larché,44.194298,-0.008154,Nuit sans éclairage public,Hors agglomération,Hors intersection,Normale,Autre collision,3,2,2,0,1,2,1,0,3,80,1,2,0,1,1,0,23.0,,voiture,,3,1,1,1,6
202300024297,2023-03-10 11:45:00,2023,3,10,11,45,58,58079,N151,47.451715,3.488846,Plein jour,Hors agglomération,Hors intersection,Temps couvert,Deux véhicules - arrière,2,2,2,0,2,1,1,0,1,80,2,2,1,0,0,1,50.0,43.0,deux_roues,utilitaire_camion,1,1,1,8,2
202300024298,2023-01-26 10:50:00,2023,1,26,10,50,29,29062,Penc?hoad,48.162876,-4.011394,Plein jour,Hors agglomération,Hors intersection,Normale,Autre collision,3,2,2,0,2,1,1,0,3,80,1,1,0,0,0,1,79.0,,deux_roues,,1,1,1,1,6
202300024299,2023-11-10 14:40:00,2023,11,10,14,40,32,32256,Boulevard Alsace Lorraine,43.512112,0.40644,Plein jour,En agglomération,Hors intersection,Pluie forte,Deux véhicules - frontale,2,2,2,0,2,3,8,0,1,50,3,5,4,0,1,0,66.0,53.0,voiture,voiture,1,2,1,3,1
202300024300,2023-03-10 12:37:00,2023,3,10,12,37,58,58122,D1,47.282373,3.072996,Plein jour,Hors agglomération,Hors intersection,Vent fort / tempête,Autre collision,3,2,2,0,1,1,1,0,3,80,1,1,0,0,1,0,34.0,,utilitaire_camion,,1,1,1,6,6
202300024301,2023-01-27 05:30:00,2023,1,27,5,30,03,03223,Place de la Bruyère,46.146031,3.550901,Nuit avec éclairage non allumé,En agglomération,Intersection en Y,Brouillard / fumée,Deux véhicules - côté,3,2,2,-1,1,1,7,0,1,50,2,2,1,0,1,0,41.0,62.0,voiture,deux_roues,4,2,4,5,3
202300024301,2023-01-27 05:30:00,2023,1,27,5,30,03,03223,Place de la Bruyère,46.146031,3.550901,Nuit avec éclairage non allumé,En agglomération,Intersection en Y,Brouillard / fumée,Deux véhicules - côté,3,3,1,0,1,1,7,0,1,50,2,2,1,0,1,0,41.0,62.0,voiture,deux_roues,4,2,4,5,3
202300024302,2023-05-27 15:20:00,2023,5,27,15,20,41,41296,Route C2,47.621887,2.076094,Plein jour,Hors agglomération,Intersection en X,Normale,Deux véhicules - côté,4,2,2,0,1,1,1,0,1,80,2,2,1,0,1,0,22.0,64.0,deux_roues,voiture,1,1,2,1,3