accident_id,datetime,annee,mois,jour,heure,minute,departement,commune_insee,adresse,latitude,longitude,luminosite,agglomeration,intersection,meteo,collision,catr,circ,nbv,vosp,prof,plan,surf,infra,situ,vma,nb_vehicules,nb_usagers,nb_indemnes,nb_tues,nb_blesses_hosp,nb_blesses_legers,age_cond_1,age_cond_2,veh_type_cond_1,veh_type_cond_2,lum_code,agg_code,int_code,atm_code,col_code
202300024302,2023-05-27 15:20:00,2023,5,27,15,20,41,41296,Route C2,47.621887,2.076094,Plein jour,Hors agglomération,Intersection en X,Normale,Deux véhicules - côté,4,-1,2,0,1,1,9,0,1,-1,2,2,1,0,1,0,22.0,64.0,deux_roues,voiture,1,1,2,1,3
202300024303,2023-11-16 16:40:00,2023,11,16,16,40,89,89276,Route Nationale 77,48.053135,3.799231,Plein jour,Hors agglomération,Hors intersection,Pluie légère,Deux véhicules - frontale,2,2,2,0,1,1,2,0,1,80,2,3,1,1,1,0,54.0,37.0,utilitaire_camion,voiture,1,1,1,2,1
202300024304,2023-03-10 12:25:00,2023,3,10,12,25,06,06059,676 Avenue Georges Clemenceau,43.73067,7.374192,Plein jour,Hors agglomération,Hors intersection,Normale,Deux véhicules - côté,7,2,1,0,2,1,1,0,1,70,2,2,1,0,1,0,45.0,60.0,utilitaire_camion,deux_roues,1,1,1,1,3
202300024305,2023-11-13 16:00:00,2023,11,13,16,0,49,49339,Chemin rural des Palluaux,47.561384,-0.546972,Plein jour,Hors agglomération,Hors intersection,Pluie légère,Autre collision,4,-1,1,0,1,3,2,0,1,80,1,1,0,0,1,0,31.0,,deux_roues,,1,1,1,2,6
202300024306,2023-05-26 11:20:00,2023,5,26,11,20,34,34194,70 Cours National,43.539858,3.458405,Plein jour,En agglomération,Intersection en T,Normale,Deux véhicules - côté,3,2,2,0,1,1,1,0,1,50,2,2,1,0,1,0,80.0,41.0,deux_roues,voiture,1,2,3,1,3
202300024306,2023-05-26 11:20:00,2023,5,26,11,20,34,34194,70 Cours National,43.539858,3.458405,Plein jour,En agglomération,Intersection en T,Normale,Deux véhicules - côté,3,2, -1,-1,4,3,1,0,1,-1,2,2,1,0,1,0,80.0,41.0,deux_roues,voiture,1,2,3,1,3
202300024307,2023-01-25 07:35:00,2023,1,25,7,35,01,01258,D17,46.09617,4.810954,Nuit sans éclairage public,Hors agglomération,Intersection en X,Normale,Deux véhicules - côté,3,2,1,0,1,1,1,0,1,80,2,4,3,0,1,0,16.0,52.0,deux_roues,voiture,3,1,2,1,3
202300024307,2023-01-25 07:35:00,2023,1,25,7,35,01,01258,D17,46.09617,4.810954,Nuit sans éclairage public,Hors agglomération,Intersection en X,Normale,Deux véhicules - côté,3,2,1,0,1,1,1,0,1,80,2,4,3,0,1,0,16.0,52.0,deux_roues,voiture,3,1,2,1,3
202300024308,2023-03-08 09:45:00,2023,3,8,9,45,60,60577,Chemin du Grand Pre,49.438064,1.74997,Plein jour,En agglomération,Hors intersection,Normale,Deux véhicules - frontale,4,2,1,0,1,4,1,0,1,50,2,2,1,0,0,1,36.0,22.0,voiture,voiture,1,2,1,1,1
202300024309,2023-01-25 14:15:00,2023,1,25,14,15,58,58250,D34,46.851945,3.457185,Plein jour,Hors agglomération,Hors intersection,Normale,Autre collision,3,2,2,0,1,1,2,0,3,80,1,1,0,0,1,0,51.0,,voiture,,1,1,1,1,6
202300024310,2023-05-28 16:00:00,2023,5,28,16,0,34,34036,6 route du Bosc,43.70121,3.371547,Plein jour,En agglomération,Hors intersection,Normale,Autre collision,3,2,2,0,1,3,1,2,8,80,1,1,0,0,0,1,49.0,,voiture,,1,2,1,1,6
202300024311,2023-11-15 07:50:00,2023,11,15,7,50,12,12288,D840,44.430219,2.450906,Crépuscule ou aube,Hors agglomération,Intersection en T,Temps couvert,Deux véhicules - côté,3,2,2,0,2,1,2,5,1,90,2,2,1,0,1,0,29.0,59.0,voiture,voiture,2,1,3,8,3
202300024311,2023-11-15 07:50:00,2023,11,15,7,50,12,12288,D840,44.430219,2.450906,Crépuscule ou aube,Hors agglomération,Intersection en T,Temps couvert,Deux véhicules - côté,3,2,2,0,1,1,1,5,1,80,2,2,1,0,1,0,29.0,59.0,voiture,voiture,2,1,3,8,3
202300024312,2023-01-01 07:15:00,2023,1,1,7,15,14,14290,D132,49.06867683,-0.36797628,Nuit sans éclairage public,En agglomération,Hors intersection,Normale,Autre collision,3,2,2,0,2,3,1,0,3,50,1,1,0,0,0,1,24.0,,voiture,,3,2,1,1,6
202300024313,2023-03-07 11:40:00,2023,3,7,11,40,18,18223,Route de Méry Es Bois,47.220158,2.395872,Plein jour,Hors agglomération,Hors intersection,Normale,Deux véhicules - arrière,3,2,2,0,2,1,1,0,1,-1,2,2,1,0,1,0,65.0,30.0,voiture,utilitaire_camion,1,1,1,1,2
202300024314,2023-05-28 09:00:00,2023,5,28,9,0,39,39478,Avenue de la Libération,46.378483,5.848852,Plein jour,En agglomération,Hors intersection,Normale,Autre collision,3,2,2,0,1,1,1,0,8,50,1,1,0,1,0,0,26.0,,voiture,,1,2,1,1,6
202300024315,2023-01-27 17:00:00,2023,1,27,17,0,18,18242,,46.817694,2.914338,Plein jour,Hors agglomération,Hors intersection,Normale,Deux véhicules - frontale,3,1,2,0,1,1,1,0,1,90,2,2,1,0,1,0,22.0,42.0,voiture,utilitaire_camion,1,1,1,1,1
202300024316,2023-03-05 21:30:00,2023,3,5,21,30,16,16082,D19,45.47849456,0.21320676,Nuit sans éclairage public,En agglomération,Hors intersection,Normale,Autre collision,3,2,2,0,1,2,1,0,3,50,1,1,0,0,1,0,46.0,,voiture,,3,2,1,1,6
202300024317,2023-05-27 13:10:00,2023,5,27,13,10,39,39510,,46.368627,5.91519,Plein jour,Hors agglomération,Hors intersection,Normale,Autre collision,3,2,2,0,2,2,1,0,3,80,1,1,0,0,0,1,61.0,,deux_roues,,1,1,1,1,6
202300024318,2023-11-15 20:00:00,2023,11,15,20,0,47,47173,RD 667,44.429436,0.494047,Nuit sans éclairage public,Hors agglomération,Intersection en Y,Normale,Deux véhicules - frontale,3,2,2,0,1,2,1,0,1,80,2,4,3,0,1,0,32.0,,deux_roues,voiture,3,1,4,1,1
202300024318,2023-11-15 20:00:00,2023,11,15,20,0,47,47173,RD 667,44.429436,0.494047,Nuit sans éclairage public,Hors agglomération,Intersection en Y,Normale,Deux véhicules - frontale,3,2,2,-1,4,2,1,0,1,-1,2,4,3,0,1,0,32.0,,deux_roues,voiture,3,1,4,1,1
202300024319,2023-01-26 16:20:00,2023,1,26,16,20,10,10401,Rue de la Promenade du Parc,48.230897,4.472534,Plein jour,En agglomération,Intersection en Y,Normale,Deux véhicules - côté,5,-1, -1,0,1,1,1,0,1,50,2,2,1,0,0,1,47.0,15.0,voiture,deux_roues,1,2,4,1,3
202300024319,2023-01-26 16:20:00,2023,1,26,16,20,10,10401,Rue de la Promenade du Parc,48.230897,4.472534,Plein jour,En agglomération,Intersection en Y,Normale,Deux véhicules - côté,5,2,2,-1,1,1,1,0,1,-1,2,2,1,0,0,1,47.0,15.0,voiture,deux_roues,1,2,4,1,3
202300024320,2023-05-18 08:15:00,2023,5,18,8,15,39,39510,,46.359595,5.898866,Crépuscule ou aube,Hors agglomération,Hors intersection,Normale,Autre collision,3,2,2,0,2,2,1,0,3,80,1,1,0,1,0,0,66.0,,voiture,,2,1,1,1,6
202300024321,2023-11-16 09:45:00,2023,11,16,9,45,34,34142,Lodève,43.697495,3.338138,Plein jour,Hors agglomération,Hors intersection,Normale,Sans collision,3,2,2,0,1,3,2,0,3,90,1,1,0,0,0,1,67.0,,voiture,,1,1,1,1,7
202300024322,2023-03-09 16:25:00,2023,3,9,16,25,21,21479,D6 PK 22+250,47.514505,4.80006,Plein jour,Hors agglomération,Hors intersection,Temps éblouissant,Deux véhicules - frontale,3,2,2,0,1,3,1,0,1,80,2,2,1,1,0,0,64.0,41.0,deux_roues,utilitaire_camion,1,1,1,7,1
202300024323,2023-01-26 17:05:00,2023,1,26,17,5,21,21154,Rue de la Libération,47.86496307,4.57424146,Crépuscule ou aube,En agglomération,Hors intersection,Temps couvert,Autre collision,3,2,2,0,1,3,2,0,1,50,1,2,1,0,0,1,86.0,,voiture,,2,2,1,8,6
202300024324,2023-01-27 13:15:00,2023,1,27,13,15,85,85289,RD49 ,46.617625,-0.649953,Plein jour,Hors agglomération,Hors intersection,Normale,Sans collision,3,2,2,0,2,3,1,0,3,80,1,1,0,1,0,0,74.0,,voiture,,1,1,1,1,7
202300024325,2023-11-10 07:35:00,2023,11,10,7,35,35,35069,D92,48.053214,-1.511929,Crépuscule ou aube,En agglomération,Hors intersection,Pluie légère,Autre collision,3,2,2,0,1,1,2,0,8,80,1,1,0,1,0,0,60.0,,voiture,,2,2,1,2,6
202300024326,2023-01-27 12:50:00,2023,1,27,12,50,87,87097,D62,46.043194,0.876256,Plein jour,Hors agglomération,Hors intersection,Pluie légère,Deux véhicules - frontale,3,2,2,0,1,3,2,0,1,80,2,2,0,0,1,1,56.0,73.0,voiture,voiture,1,1,1,2,1
202300024327,2023-03-09 18:50:00,2023,3,9,18,50,85,85172,Route des birollières,46.82416,-1.942474,Crépuscule ou aube,Hors agglomération,Intersection en X,Normale,Deux véhicules - frontale,3,2,2,0,1,1,2,0,1,80,2,3,2,0,0,1,33.0,34.0,voiture,voiture,2,1,2,1,1
202300024327,2023-03-09 18:50:00,2023,3,9,18,50,85,85172,Route des birollières,46.82416,-1.942474,Crépuscule ou aube,Hors agglomération,Intersection en X,Normale,Deux véhicules - frontale,3,2, -1,-1,1,3,2,0,1,-1,2,3,2,0,0,1,33.0,34.0,voiture,voiture,2,1,2,1,1
202300024328,2023-11-15 22:00:00,2023,11,15,22,0,35,35284,Departemantal 137,48.606725,-1.976764,Nuit sans éclairage public,Hors agglomération,Hors intersection,Pluie légère,Autre collision,3,3,5,0,1,1,2,0,1,110,1,3,2,1,0,0,37.0,,voiture,,3,1,1,2,6
202300024329,2023-01-26 14:07:00,2023,1,26,14,7,34,34255,4 Avenue du Clapas,43.69042,3.807294,Plein jour,En agglomération,Hors intersection,Normale,Autre collision,4,2,2,3,1,1,1,0,1,30,1,2,1,0,1,0,76.0,,voiture,,1,2,1,1,6
202300024330,2023-05-27 10:50:00,2023,5,27,10,50,38,38257,D520,45.485451,5.397924,Plein jour,Hors agglomération,Giratoire,Normale,Deux véhicules - côté,3,2,2,0,2,1,1,2,1,80,2,2,1,0,1,0,38.0,18.0,voiture,voiture,1,1,6,1,3
202300024331,2023-03-09 23:15:00,2023,3,9,23,15,27,27243,CD 180,49.397143,0.313427,Nuit sans éclairage public,Hors agglomération,Hors intersection,Temps couvert,Sans collision,3,2,2,0,2,1,2,0,3,80,1,1,0,0,0,1,23.0,,voiture,,3,1,1,8,7
202300024332,2023-01-17 14:45:00,2023,1,17,14,45,53,53267,A81,48.058958,-0.504663,Plein jour,Hors agglomération,Hors intersection,Temps couvert,Sans collision,1,3,4,0,1,1,2,0,3,130,1,1,0,0,1,0,22.0,,utilitaire_camion,,1,1,1,8,7
202300024333,2023-11-15 14:00:00,2023,11,15,14,0,35,35243,La Renaudière,48.36963131,-1.23882651,Plein jour,Hors agglomération,Hors intersection,Normale,Deux véhicules - frontale,3,2,2,0,1,1,1,0,1,80,2,2,1,1,0,0,55.0,54.0,voiture,utilitaire_camion,1,1,1,1,1
202300024334,2023-01-27 07:20:00,2023,1,27,7,20,06,06088,"A8, Pk 188.800 chaussée sud",43.692266,7.189608,Crépuscule ou aube,Hors agglomération,Hors intersection,Normale,Autre collision,1,1,5,0,1,1,1,0,1,110,3,3,2,0,1,0,70.0,57.0,voiture,utilitaire_camion,2,1,1,1,6
202300024335,2023-05-28 11:47:00,2023,5,28,11,47,02,02382,,49.851132,3.202821,Plein jour,Hors agglomération,Hors intersection,Normale,Deux véhicules - côté,3,2,2,0,1,1,1,0,1,80,2,2,1,0,1,0,75.0,70.0,voiture,deux_roues,1,1,1,1,3
202300024336,2023-03-08 22:10:00,2023,3,8,22,10,28,28098,D308.4,48.743413,1.446767,Nuit sans éclairage public,Hors agglomération,Intersection en X,Pluie forte,Deux véhicules - côté,3,2,2,0,1,1,2,0,1,80,2,3,1,0,2,0,41.0,43.0,voiture,voiture,3,1,2,3,3
202300024336,2023-03-08 22:10:00,2023,3,8,22,10,28,28098,D308.4,48.743413,1.446767,Nuit sans éclairage public,Hors agglomération,Intersection en X,Pluie forte,Deux véhicules - côté,3,2,2,0,1,1,2,0,1,80,2,3,1,0,2,0,41.0,43.0,voiture,voiture,3,1,2,3,3
202300024337,2023-01-19 07:10:00,2023,1,19,7,10,64,64545,A63,43.358277,-1.71103,Nuit sans éclairage public,Hors agglomération,Hors intersection,Neige / grêle,Autre collision,1,3,4,0,2,3,2,0,1,130,1,2,0,0,2,0,39.0,,utilitaire_camion,,3,1,1,4,6
202300024338,2023-05-27 21:15:00,2023,5,27,21,15,72,72150,lieu dit la foucaudiere,48.112975,0.234951,Crépuscule ou aube,Hors agglomération,Hors intersection,Normale,Sans collision,3,2,2,0,1,2,1,0,3,90,1,1,0,0,1,0,41.0,,voiture,,2,1,1,1,7
202300024339,2023-11-15 19:22:00,2023,11,15,19,22,38,38297,Route d'1075 (arandon),45.698582,5.452116,Nuit sans éclairage public,Hors agglomération,Intersection en X,Normale,Deux véhicules - côté,3,2,2,0,1,1,1,0,1,90,2,2,1,0,0,1,58.0,,voiture,utilitaire_camion,3,1,2,1,3
202300024339,2023-11-15 19:22:00,2023,11,15,19,22,38,38297,Route d'1075 (arandon),45.698582,5.452116,Nuit sans éclairage public,Hors agglomération,Intersection en X,Normale,Deux véhicules - côté,3,2,2,0,1,1,1,0,1,90,2,2,1,0,0,1,58.0,,voiture,utilitaire_camion,3,1,2,1,3
202300024340,2023-03-09 18:05:00,2023,3,9,18,5,37,37083,Rue de la Tuilerie,47.267873,0.831415,Plein jour,En agglomération,Intersection en X,Pluie forte,Deux véhicules - frontale,4,2,2,0,1,1,2,0,1,50,2,2,1,0,0,1,43.0,17.0,voiture,deux_roues,1,2,2,3,1
202300024340,2023-03-09 18:05:00,2023,3,9,18,5,37,37083,Rue de la Tuilerie,47.267873,0.831415,Plein jour,En agglomération,Intersection en X,Pluie forte,Deux véhicules - frontale,4,2, -1,-1,1,1,2,0,1,-1,2,2,1,0,0,1,43.0,17.0,voiture,deux_roues,1,2,2,3,1
202300024341,2023-05-27 02:45:00,2023,5,27,2,45,14,14098,680 Rue de la Guinguette,49.17601,-0.521339,Nuit sans éclairage public,Hors agglomération,Hors intersection,Normale,Autre collision,3,2,2,0,1,1,1,0,3,90,1,1,0,0,1,0,52.0,,voiture,,3,1,1,1,6
202300024342,2023-01-18 20:05:00,2023,1,18,20,5,64,64038,autoroute A63,43.453598,-1.529559,Nuit sans éclairage public,Hors agglomération,Hors intersection,Neige / grêle,Trois véhicules et plus - collisions multiples,1,3,4,0,2,1,7,0,1,110,5,5,4,1,0,0,50.0,22.0,voiture,voiture,3,1,1,4,5
202300024343,2023-11-15 15:40:00,2023,11,15,15,40,14,14143,Route de Caen (Caumont-l'Éventé),49.10010148,-0.78929714,Plein jour,Hors agglomération,Hors intersection,Temps couvert,Deux véhicules - frontale,3,2,2,0,2,1,1,0,1,80,2,2,0,0,2,0,22.0,33.0,voiture,voiture,1,1,1,8,1
202300024344,2023-01-27 12:10:00,2023,1,27,12,10,60,60281,,49.484759,2.713552,Plein jour,Hors agglomération,Hors intersection,Normale,Deux véhicules - arrière,1,3,3,0,1,1,1,0,1,130,2,2,1,0,1,0,28.0,62.0,voiture,utilitaire_camion,1,1,1,1,2
202300024345,2023-03-09 11:34:00,2023,3,9,11,34,13,13044,D69,43.627984,5.057573,Plein jour,Hors agglomération,Autre intersection,Normale,Deux véhicules - côté,3,2,2,0,2,1,1,5,1,70,2,2,0,0,1,1,50.0,86.0,voiture,voiture,1,1,9,1,3
202300024346,2023-05-28 16:18:00,2023,5,28,16,18,18,18082,,46.991904,3.047054,Plein jour,Hors agglomération,Hors intersection,Normale,Deux véhicules - côté,3,2,2,0,2,3,1,0,1,80,2,3,1,0,2,0,21.0,51.0,deux_roues,deux_roues,1,1,1,1,3
202300024347,2023-01-26 10:30:00,2023,1,26,10,30,987,98749,village,-14.673,-144.897,Plein jour,En agglomération,Autre intersection,Normale,Sans collision,4,2,2,0,1,1,1,0,1,30,1,1,0,1,0,0,58.0,,deux_roues,,1,2,9,1,7
202300024348,2023-11-16 10:00:00,2023,11,16,10,0,07,07288,RD104,44.722958,4.519275,Plein jour,Hors agglomération,Hors intersection,Normale,Deux véhicules - frontale,3,2,3,0,2,2,2,0,1,90,2,2,1,0,0,1,26.0,27.0,voiture,voiture,1,1,1,1,1
202300024349,2023-01-25 07:30:00,2023,1,25,7,30,974,97410,RN3,-21.10492,55.667574,Plein jour,Hors agglomération,Hors intersection,Pluie forte,Deux véhicules - frontale,2,2,2,0,2,3,2,0,1,80,2,2,0,0,0,2,52.0,43.0,voiture,voiture,1,1,1,3,1
202300024350,2023-11-16 06:40:00,2023,11,16,6,40,28,28298,D136.5,48.595443,1.544716,Nuit sans éclairage public,Hors agglomération,Hors intersection,Pluie forte,Sans collision,3,2,2,0,1,1,2,0,1,80,1,1,0,0,0,1,39.0,,deux_roues,,3,1,1,3,7
202300024351,2023-05-26 19:40:00,2023,5,26,19,40,10,10268,D54,48.484745,3.513367,Plein jour,Hors agglomération,Hors intersection,Normale,Deux véhicules - côté,3,2,1,0,2,3,1,0,1,80,2,2,1,0,0,1,65.0,61.0,voiture,voiture,1,1,1,1,3
202300024352,2023-03-10 07:45:00,2023,3,10,7,45,86,86297,RD12,46.605874,0.264439,Plein jour,Hors agglomération,Intersection en X,Vent fort / tempête,Trois véhicules et plus - en chaîne,3,2,2,0,2,1,1,0,1,80,3,4,3,0,1,0,31.0,57.0,voiture,transport_commun,1,1,2,6,4
202300024352,2023-03-10 07:45:00,2023,3,10,7,45,86,86297,RD12,46.605874,0.264439,Plein jour,Hors agglomération,Intersection en X,Vent fort / tempête,Trois véhicules et plus - en chaîne,3,2,2,0,2,1,1,0,1,80,3,4,3,0,1,0,31.0,57.0,voiture,transport_commun,1,1,2,6,4
202300024353,2023-01-18 17:45:00,2023,1,18,17,45,978,97801,R DU SOLEIL LEVANT,18.065347,-63.078303,Plein jour,En agglomération,Hors intersection,Normale,Deux véhicules - frontale,4,2,2,0,2,1,1,0,1,50,2,2,0,0,2,0,22.0,35.0,deux_roues,deux_roues,1,2,1,1,1
202300024354,2023-05-28 15:45:00,2023,5,28,15,45,10,10221,D400,48.423021,4.634063,Plein jour,Hors agglomération,Hors intersection,Normale,Autre collision,3,2,2,0,2,1,1,0,3,80,1,1,0,0,0,1,28.0,,voiture,,1,1,1,1,6
202300024355,2023-11-15 10:30:00,2023,11,15,10,30,17,17003,D939,46.103337,-0.940543,Plein jour,Hors agglomération,Giratoire,Normale,Deux véhicules - arrière,3,1,1,0,1,3,1,0,1,80,2,2,1,0,0,1,57.0,57.0,utilitaire_camion,deux_roues,1,1,6,1,2
202300024356,2023-03-09 17:10:00,2023,3,9,17,10,38,38343,A43 aire du guiers,45.578469,5.633562,Plein jour,Hors agglomération,Hors intersection,Normale,Autre collision,1,1,1,0,1,1,1,0,1,30,1,2,1,0,0,1,45.0,,voiture,,1,1,1,1,6
202300024357,2023-01-20 10:15:00,2023,1,20,10,15,78,78416,Rue de l'Eglise,49.047861,1.828982,Plein jour,Hors agglomération,Hors intersection,Neige / grêle,Autre collision,4,2,1,0,3,2,5,0,1,80,1,3,1,0,0,2,22.0,,voiture,,1,1,1,4,6
202300024358,2023-11-14 11:30:00,2023,11,14,11,30,08,08383,D946,49.330024,4.95665,Plein jour,Hors agglomération,Hors intersection,Pluie forte,Sans collision,3,2,2,0,1,2,2,0,1,80,1,1,0,0,1,0,46.0,,utilitaire_camion,,1,1,1,3,7
202300024359,2023-01-26 14:10:00,2023,1,26,14,10,66,66065,,42.601249,2.9744681,Plein jour,En agglomération,Intersection en T,Vent fort / tempête,Autre collision,4,2,1,0,1,1,1,0,1,50,1,2,1,0,1,0,91.0,,voiture,,1,2,3,6,6
202300024360,2023-05-28 04:23:00,2023,5,28,4,23,36,36053,,46.67029685,1.26157997,Nuit sans éclairage public,Hors agglomération,Hors intersection,Normale,Autre collision,3,2,2,0,1,1,1,0,3,80,1,5,0,1,3,1,20.0,,voiture,,3,1,1,1,6
202300024361,2023-03-10 09:30:00,2023,3,10,9,30,988,98817,RPS3 - Pont de la Rivière des Pirogues,-22.193167,166.712101,Plein jour,Hors agglomération,Hors intersection,Normale,Deux véhicules - frontale,3,2,2,0,1,3,1,0,1,70,2,5,3,0,1,1,34.0,41.0,utilitaire_camion,transport_commun,1,1,1,1,1
202300024362,2023-11-16 08:40:00,2023,11,16,8,40,13,13008,D16,43.679088,5.149369,Plein jour,Hors agglomération,Hors intersection,Pluie légère,Deux véhicules - frontale,3,2,2,0,2,3,2,0,1,80,1,2,1,0,1,0,43.0,,voiture,,1,1,1,2,1
202300024363,2023-01-20 08:00:00,2023,1,20,8,0,34,34052,D16,43.310762,3.031558,Plein jour,Hors agglomération,Hors intersection,Normale,Deux véhicules - frontale,3,2,2,0,1,1,2,0,1,80,2,3,1,0,1,1,29.0,64.0,voiture,voiture,1,1,1,1,1
202300024364,2023-01-17 15:15:00,2023,1,17,15,15,83,83086,Route Nd7,43.46777,6.600112,Plein jour,Hors agglomération,Hors intersection,Normale,Sans collision,3,2,2,0,1,1,1,0,1,80,1,1,0,0,0,1,38.0,,deux_roues,,1,1,1,1,7
202300024365,2023-03-06 15:20:00,2023,3,6,15,20,971,97118,Route de la Traversee,16.178387,-61.706128,Plein jour,Hors agglomération,Autre intersection,Normale,Deux véhicules - côté,3,2,2,0,4,1,1,0,1,70,2,2,1,0,1,0,54.0,32.0,voiture,voiture,1,1,9,1,3
202300024366,2023-05-28 00:20:00,2023,5,28,0,20,21,21347,Rue des Bonnes Filles,46.998446,4.864068,Nuit avec éclairage allumé,Hors agglomération,Intersection en X,Normale,Deux véhicules - frontale,3,1,2,2,1,1,1,0,1,70,2,2,1,0,1,0,29.0,22.0,deux_roues,utilitaire_camion,5,1,2,1,1
202300024366,2023-05-28 00:20:00,2023,5,28,0,20,21,21347,Rue des Bonnes Filles,46.998446,4.864068,Nuit avec éclairage allumé,Hors agglomération,Intersection en X,Normale,Deux véhicules - frontale,3,2, -1,-1,1,1,1,5,1,70,2,2,1,0,1,0,29.0,22.0,deux_roues,utilitaire_camion,5,1,2,1,1
202300024367,2023-11-16 01:00:00,2023,11,16,1,0,11,11322,A9 - PK 212+200 - Sens France / Espagne,42.993913,2.968369,Nuit sans éclairage public,Hors agglomération,Autre intersection,Normale,Deux véhicules - côté,1,-1,3,0,1,1,1,0,1,130,2,3,2,0,1,0,30.0,45.0,utilitaire_camion,utilitaire_camion,3,1,9,1,3
202300024368,2023-01-27 08:50:00,2023,1,27,8,50,13,13041,Boulevard Victor Hugo,43.45422929,5.46504334,Plein jour,En agglomération,Autre intersection,Normale,Autre collision,4,3,2,0,1,1,1,6,1,50,1,2,1,0,1,0,27.0,,voiture,,1,2,9,1,6
202300024369,2023-11-14 06:20:00,2023,11,14,6,20,38,38343,A43 ; PK0665+400,45.57542,5.64045,Crépuscule ou aube,Hors agglomération,Hors intersection,Pluie légère,Deux véhicules - arrière,1,3,2,3,1,1,2,0,1,110,2,2,1,0,1,0,24.0,32.0,voiture,utilitaire_camion,2,1,1,2,2
202300024370,2023-01-27 07:00:00,2023,1,27,7,0,38,38087,Route de Givors,45.583815,4.783328,Nuit avec éclairage allumé,En agglomération,Intersection en X,Normale,Deux véhicules - côté,4,2,2,0,1,1,2,0,1,30,2,2,1,0,0,1,50.0,38.0,utilitaire_camion,voiture,5,2,2,1,3
202300024370,2023-01-27 07:00:00,2023,1,27,7,0,38,38087,Route de Givors,45.583815,4.783328,Nuit avec éclairage allumé,En agglomération,Intersection en X,Normale,Deux véhicules - côté,4,2,2,0,1,1,2,0,1,50,2,2,1,0,0,1,50.0,38.0,utilitaire_camion,voiture,5,2,2,1,3
202300024370,2023-01-27 07:00:00,2023,1,27,7,0,38,38087,Route de Givors,45.583815,4.783328,Nuit avec éclairage allumé,En agglomération,Intersection en X,Normale,Deux véhicules - côté,4,2,2,0,1,1,2,0,3,50,2,2,1,0,0,1,50.0,38.0,utilitaire_camion,voiture,5,2,2,1,3
202300024371,2023-03-06 13:45:00,2023,3,6,13,45,66,66171,Rue Paul Eluard,42.616962,3.000673,Plein jour,En agglomération,Intersection en T,Normale,Deux véhicules - côté,3,1,1,0,1,1,1,0,1,50,2,3,1,0,2,0,15.0,63.0,deux_roues,voiture,1,2,3,1,3
202300024371,2023-03-06 13:45:00,2023,3,6,13,45,66,66171,Rue Paul Eluard,42.616962,3.000673,Plein jour,En agglomération,Intersection en T,Normale,Deux véhicules - côté,3,2, -1,-1,1,1,1,0,1,-1,2,3,1,0,2,0,15.0,63.0,deux_roues,voiture,1,2,3,1,3
202300024372,2023-05-28 16:15:00,2023,5,28,16,15,24,24528,La pouyade,45.479934,0.661824,Plein jour,Hors agglomération,Hors intersection,Normale,Deux véhicules - frontale,3,2,2,0,1,1,1,0,1,90,2,5,0,1,3,1,55.0,49.0,voiture,voiture,1,1,1,1,1
202300024373,2023-01-26 17:05:00,2023,1,26,17,5,32,32312,D626,43.61423,0.677918,Plein jour,Hors agglomération,Hors intersection,Pluie légère,Autre collision,3,2,2,0,2,2,2,0,3,80,1,2,1,0,1,0,25.0,,voiture,,1,1,1,2,6
202300024374,2023-03-03 08:25:00,2023,3,3,8,25,84,84003,Place de la Bouquerie,43.876462,5.39352,Plein jour,En agglomération,Hors intersection,Normale,Autre collision,3,3,2,0,1,1,1,0,1,50,1,2,1,0,1,0,27.0,,voiture,,1,2,1,1,6
202300024375,2023-11-16 07:20:00,2023,11,16,7,20,27,27697,A13,49.20728,1.221886,Nuit sans éclairage public,Hors agglomération,Hors intersection,Pluie forte,Deux véhicules - arrière,1,1,3,3,1,1,2,8,1,110,2,4,2,0,1,1,53.0,27.0,utilitaire_camion,utilitaire_camion,3,1,1,3,2
202300024376,2023-05-28 14:58:00,2023,5,28,14,58,04,04107,route départementale 17,43.866527,6.295981,Plein jour,Hors agglomération,Hors intersection,Normale,Sans collision,3,2,2,0,1,1,1,0,1,80,1,1,0,0,0,1,28.0,,deux_roues,,1,1,1,1,7
202300024377,2023-01-26 11:20:00,2023,1,26,11,20,22,22086,D7,48.72437313,-3.02537441,Plein jour,Hors agglomération,Hors intersection,Normale,Deux véhicules - arrière,3,2,2,0,1,1,1,0,1,80,2,4,3,0,0,1,63.0,37.0,voiture,utilitaire_camion,1,1,1,1,2
202300024378,2023-03-09 20:50:00,2023,3,9,20,50,83,83099,Dn7,43.455808,6.689569,Nuit avec éclairage allumé,Hors agglomération,Giratoire,Normale,Deux véhicules - arrière,3,1,1,0,1,1,1,0,1,50,2,2,1,0,0,1,,44.0,voiture,voiture,5,1,6,1,2
202300024379,2023-05-27 18:40:00,2023,5,27,18,40,04,04084,D907,43.949312,6.176956,Plein jour,Hors agglomération,Hors intersection,Normale,Autre collision,3,2,2,0,1,1,1,0,3,80,1,1,0,0,0,1,49.0,,voiture,,1,1,1,1,6
202300024380,2023-01-27 14:00:00,2023,1,27,14,0,59,59120,1749 route de strazeele,50.745271,2.615926,Plein jour,En agglomération,Intersection en T,Normale,Autre collision,3,2,2,0,1,1,1,5,3,50,1,1,0,1,0,0,77.0,,voiture,,1,2,3,1,6