accident_id,datetime,annee,mois,jour,heure,minute,departement,commune_insee,adresse,latitude,longitude,luminosite,agglomeration,intersection,meteo,collision,catr,circ,nbv,vosp,prof,plan,surf,infra,situ,vma,nb_vehicules,nb_usagers,nb_indemnes,nb_tues,nb_blesses_hosp,nb_blesses_legers,age_cond_1,age_cond_2,veh_type_cond_1,veh_type_cond_2,lum_code,agg_code,int_code,atm_code,col_code
202300024380,2023-01-27 14:00:00,2023,1,27,14,0,59,59120,1749 route de strazeele,50.745271,2.615926,Plein jour,En agglomération,Intersection en T,Normale,Autre collision,3,2, -1,-1,1,1,1,5,3,-1,1,1,0,1,0,0,77.0,,voiture,,1,2,3,1,6
202300024381,2023-11-15 20:10:00,2023,11,15,20,10,84,84129,Autoroute A7,43.999313,4.887843,Nuit sans éclairage public,Hors agglomération,Hors intersection,Normale,Trois véhicules et plus - collisions multiples,1,3,3,0,2,1,1,0,1,130,4,4,0,0,1,3,34.0,71.0,voiture,voiture,3,1,1,1,5
202300024382,2023-05-27 18:56:00,2023,5,27,18,56,85,85101,les chaponnières,46.46679,-1.40191,Plein jour,Hors agglomération,Hors intersection,Normale,Deux véhicules - frontale,4,2,2,0,1,2,1,0,1,-1,2,3,2,0,0,1,48.0,19.0,voiture,deux_roues,1,1,1,1,1
202300024383,2023-01-27 07:20:00,2023,1,27,7,20,59,59366,D642,50.730507,2.455916,Nuit sans éclairage public,Hors agglomération,Hors intersection,Normale,Deux véhicules - frontale,3,2,2,0,1,3,1,0,1,80,2,2,0,0,2,0,52.0,40.0,utilitaire_camion,utilitaire_camion,3,1,1,1,1
202300024384,2023-11-15 18:35:00,2023,11,15,18,35,971,97117,4231 Route de Cocoyer,16.292569,-61.397105,Nuit avec éclairage allumé,Hors agglomération,Hors intersection,Normale,Deux véhicules - frontale,4,-1,2,0,2,1,1,0,1,80,2,2,1,0,1,0,61.0,19.0,voiture,deux_roues,5,1,1,1,1
202300024385,2023-03-09 17:18:00,2023,3,9,17,18,38,38474,Route de Villard de Lans,45.222707,5.651393,Plein jour,Hors agglomération,Hors intersection,Normale,Deux véhicules - arrière,7,2,2,0,2,3,1,0,1,70,2,2,1,0,1,0,72.0,,deux_roues,autre,1,1,1,1,2
202300024386,2023-01-26 08:30:00,2023,1,26,8,30,13,13106,A7-Sens Lyon vers Marseille,43.39968883,5.34920629,Plein jour,Hors agglomération,Hors intersection,Normale,Deux véhicules - arrière,1,-1,2,0,1,1,1,0,1,90,3,3,2,0,0,1,47.0,30.0,utilitaire_camion,voiture,1,1,1,1,2
202300024387,2023-03-09 20:30:00,2023,3,9,20,30,26,26038,Route de Chateauneuf,45.018518,4.93682,Nuit sans éclairage public,Hors agglomération,Hors intersection,Normale,Autre collision,3,2,2,0,2,1,1,2,3,80,1,1,0,0,1,0,55.0,,voiture,,3,1,1,1,6
202300024388,2023-05-28 12:00:00,2023,5,28,12,0,37,37028,D725,46.860235,0.965016,Plein jour,Hors agglomération,Intersection en X,Normale,Deux véhicules - côté,3,2,1,0,1,1,1,0,1,80,2,3,1,0,2,0,88.0,95.0,voiture,voiture,1,1,2,1,3
202300024388,2023-05-28 12:00:00,2023,5,28,12,0,37,37028,D725,46.860235,0.965016,Plein jour,Hors agglomération,Intersection en X,Normale,Deux véhicules - côté,3,2,1,0,3,1,1,0,1,80,2,3,1,0,2,0,88.0,95.0,voiture,voiture,1,1,2,1,3
202300024389,2023-11-15 18:55:00,2023,11,15,18,55,84,84067,1469 route de carpentras,44.06874,5.019733,Nuit sans éclairage public,En agglomération,Hors intersection,Normale,Deux véhicules - arrière,3,2,2,0,1,1,1,0,1,70,2,3,2,0,1,0,68.0,54.0,voiture,deux_roues,3,2,1,1,2
202300024390,2023-01-25 07:30:00,2023,1,25,7,30,13,13215,A7-Sens Lyon vers Marseille,43.37545956,5.36019444,Crépuscule ou aube,Hors agglomération,Hors intersection,Normale,Deux véhicules - arrière,1,1,3,0,1,1,1,0,1,90,2,2,1,0,0,1,37.0,54.0,voiture,voiture,2,1,1,1,2
202300024391,2023-03-10 15:20:00,2023,3,10,15,20,26,26220,69 Route de Montelimar,44.364863,5.125996,Plein jour,En agglomération,Autre intersection,Normale,Deux véhicules - frontale,3,2,2,0,2,1,1,5,1,50,2,2,1,0,1,0,48.0,69.0,voiture,deux_roues,1,2,9,1,1
202300024392,2023-05-28 04:00:00,2023,5,28,4,0,37,37231,La Roche Racan,47.59440316,0.49790919,Nuit sans éclairage public,En agglomération,Hors intersection,Normale,Autre collision,3,2,1,0,2,3,1,0,3,50,1,1,0,0,1,0,32.0,,voiture,,3,2,1,1,6
202300024393,2023-01-26 17:45:00,2023,1,26,17,45,94,94034,A86,48.75720178,2.32940447,Nuit avec éclairage allumé,Hors agglomération,Hors intersection,Pluie légère,Deux véhicules - arrière,1,-1,3,0,1,1,2,1,1,90,2,2,1,0,0,1,46.0,27.0,voiture,voiture,5,1,1,2,2
202300024394,2023-05-26 17:01:00,2023,5,26,17,1,88,88075,Route des Crètes,48.039184,7.007732,Plein jour,Hors agglomération,Hors intersection,Normale,Sans collision,3,2,2,0,1,2,1,0,1,90,1,1,0,0,1,0,52.0,,deux_roues,,1,1,1,1,7
202300024395,2023-11-15 11:40:00,2023,11,15,11,40,73,73030,Rue jean baptiste Doncieu de la bathie,45.570711,5.976015,Plein jour,En agglomération,Hors intersection,Normale,Autre collision,4,1,1,0,1,1,1,0,1,30,1,3,1,0,2,0,81.0,,voiture,,1,2,1,1,6
202300024396,2023-03-08 09:50:00,2023,3,8,9,50,26,26170,Route Departementale 68,44.913657,4.960338,Plein jour,Hors agglomération,Intersection en X,Normale,Deux véhicules - côté,3,2,2,0,1,1,1,0,1,80,2,2,1,0,1,0,83.0,49.0,voiture,deux_roues,1,1,2,1,3
202300024396,2023-03-08 09:50:00,2023,3,8,9,50,26,26170,Route Departementale 68,44.913657,4.960338,Plein jour,Hors agglomération,Intersection en X,Normale,Deux véhicules - côté,3,-1,2,0,1,1,1,0,1,80,2,2,1,0,1,0,83.0,49.0,voiture,deux_roues,1,1,2,1,3
202300024397,2023-01-26 10:15:00,2023,1,26,10,15,91,91286,AUTOROUTE A6,48.6561,2.37817,Plein jour,Hors agglomération,Hors intersection,Temps couvert,Trois véhicules et plus - en chaîne,1,1,3,0,1,1,2,0,1,110,5,5,4,0,0,1,61.0,35.0,voiture,voiture,1,1,1,8,4
202300024398,2023-05-26 07:50:00,2023,5,26,7,50,44,44026,,47.29159047,-1.46543026,Plein jour,Hors agglomération,Hors intersection,Normale,Sans collision,1,3,5,3,1,1,1,0,3,130,1,4,2,0,1,1,47.0,,voiture,,1,1,1,1,7
202300024399,2023-11-16 15:54:00,2023,11,16,15,54,42,42149,Avenue des Sources,45.643186,4.232075,Plein jour,En agglomération,Intersection en X,Normale,Autre collision,3,2,2,0,1,1,1,0,1,50,1,2,1,1,0,0,58.0,,utilitaire_camion,,1,2,2,1,6
202300024399,2023-11-16 15:54:00,2023,11,16,15,54,42,42149,Avenue des Sources,45.643186,4.232075,Plein jour,En agglomération,Intersection en X,Normale,Autre collision,3,2,2,-1,1,1,1,0,1,-1,1,2,1,1,0,0,58.0,,utilitaire_camion,,1,2,2,1,6
202300024400,2023-01-26 10:10:00,2023,1,26,10,10,91,91340,AUTOROUTE A6,48.59904,2.44031,Plein jour,Hors agglomération,Hors intersection,Normale,Deux véhicules - côté,1,1,4,0,1,1,1,0,1,110,2,2,1,0,0,1,26.0,33.0,voiture,utilitaire_camion,1,1,1,1,3
202300024401,2023-05-28 11:50:00,2023,5,28,11,50,11,11262,Route de Montfort,43.162556,3.011541,Plein jour,Hors agglomération,Hors intersection,Normale,Autre collision,4,2,2,0,1,2,1,9,1,80,1,1,0,0,1,0,41.0,,deux_roues,,1,1,1,1,6
202300024402,2023-03-09 15:09:00,2023,3,9,15,9,22,22070,Avenue John Fitzgerald Kennedy,48.563189,-3.16068,Plein jour,En agglomération,Intersection en X,Pluie légère,Deux véhicules - côté,4,2,2,0,3,1,2,0,1,-1,2,3,2,0,0,1,46.0,76.0,voiture,voiture,1,2,2,2,3
202300024402,2023-03-09 15:09:00,2023,3,9,15,9,22,22070,Avenue John Fitzgerald Kennedy,48.563189,-3.16068,Plein jour,En agglomération,Intersection en X,Pluie légère,Deux véhicules - côté,4,2,2,0,3,1,2,0,1,50,2,3,2,0,0,1,46.0,76.0,voiture,voiture,1,2,2,2,3
202300024403,2023-01-26 12:00:00,2023,1,26,12,0,92,92047,A13,48.83351336,2.16261282,Plein jour,Hors agglomération,Hors intersection,Pluie légère,Deux véhicules - côté,1,-1,3,0,1,1,2,0,1,110,2,2,1,0,0,1,50.0,35.0,deux_roues,voiture,1,1,1,2,3
202300024404,2023-11-15 17:00:00,2023,11,15,17,0,19,19146,avenue des résistants,45.32942112,1.76579136,Plein jour,Hors agglomération,Hors intersection,Normale,Deux véhicules - arrière,3,2,2,0,1,3,1,5,1,90,2,2,1,0,0,1,20.0,20.0,voiture,voiture,1,1,1,1,2
202300024405,2023-03-10 19:25:00,2023,3,10,19,25,60,60454,D55,49.39240964,2.32141729,Nuit sans éclairage public,Hors agglomération,Hors intersection,Normale,Autre collision,3,2,2,0,2,2,2,0,3,-1,1,1,0,0,1,0,36.0,,utilitaire_camion,,3,1,1,1,6
202300024406,2023-05-28 05:45:00,2023,5,28,5,45,971,97126,Rue Michel Sanctussy,15.955576,-61.317382,Plein jour,En agglomération,Intersection en X,Normale,Deux véhicules - côté,4,1,1,0,1,1,1,0,1,50,2,3,1,0,1,1,29.0,47.0,deux_roues,voiture,1,2,2,1,3
202300024406,2023-05-28 05:45:00,2023,5,28,5,45,971,97126,Rue Michel Sanctussy,15.955576,-61.317382,Plein jour,En agglomération,Intersection en X,Normale,Deux véhicules - côté,4,2,2,0,1,1,1,0,1,50,2,3,1,0,1,1,29.0,47.0,deux_roues,voiture,1,2,2,1,3
202300024407,2023-01-25 04:10:00,2023,1,25,4,10,78,78423,N12W,48.79854,2.00022,Nuit sans éclairage public,Hors agglomération,Hors intersection,Normale,Deux véhicules - arrière,2,1,3,0,1,1,1,0,1,110,2,2,1,0,0,1,45.0,38.0,utilitaire_camion,voiture,3,1,1,1,2
202300024408,2023-01-26 14:20:00,2023,1,26,14,20,95,95018,A15,48.95186906,2.27956653,Plein jour,Hors agglomération,Hors intersection,Normale,Autre collision,1,3,6,0,1,1,1,0,1,90,1,1,0,0,0,1,26.0,,voiture,,1,1,1,1,6
202300024409,2023-05-27 19:40:00,2023,5,27,19,40,45,45212,D117 PR 6 + 745,47.907677,2.819184,Plein jour,Hors agglomération,Hors intersection,Normale,Autre collision,3,2,2,0,1,1,1,0,3,80,1,2,0,0,1,1,33.0,,voiture,,1,1,1,1,6
202300024410,2023-01-25 20:30:00,2023,1,25,20,30,95,95212, A1,49.02528,2.53638,Nuit avec éclairage allumé,Hors agglomération,Hors intersection,Normale,Deux véhicules - côté,1,-1,3,0,1,1,1,2,1,90,2,2,0,0,0,2,32.0,42.0,voiture,voiture,5,1,1,1,3
202300024411,2023-03-09 16:00:00,2023,3,9,16,0,59,59497,1 rue du mont d'hiver,50.713584,2.370418,Plein jour,Hors agglomération,Intersection en X,Pluie légère,Sans collision,3,2,2,0,1,1,2,0,1,50,1,1,0,0,1,0,70.0,,deux_roues,,1,1,2,2,7
202300024411,2023-03-09 16:00:00,2023,3,9,16,0,59,59497,1 rue du mont d'hiver,50.713584,2.370418,Plein jour,Hors agglomération,Intersection en X,Pluie légère,Sans collision,3,2, -1,-1,1,1,2,0,1,-1,1,1,0,0,1,0,70.0,,deux_roues,,1,1,2,2,7
202300024412,2023-01-26 07:15:00,2023,1,26,7,15,95,95527,A1,49.00317183,2.52470434,Crépuscule ou aube,Hors agglomération,Hors intersection,Brouillard / fumée,Autre collision,1,3,4,0,1,1,1,0,1,90,1,1,0,0,0,1,25.0,,voiture,,2,1,1,5,6
202300024413,2023-05-28 05:43:00,2023,5,28,5,43,77,77272,D619,48.558247,3.147497,Crépuscule ou aube,Hors agglomération,Hors intersection,Normale,Autre collision,3,2,2,0,1,2,1,0,3,70,1,1,0,0,1,0,22.0,,utilitaire_camion,,2,1,1,1,6
202300024414,2023-11-15 10:40:00,2023,11,15,10,40,17,17119,D17,45.626711,-0.868306,Plein jour,Hors agglomération,Intersection en X,Pluie légère,Deux véhicules - côté,3,2,2,0,1,1,2,5,1,80,2,3,2,0,0,1,18.0,50.0,voiture,voiture,1,1,2,2,3
202300024414,2023-11-15 10:40:00,2023,11,15,10,40,17,17119,D17,45.626711,-0.868306,Plein jour,Hors agglomération,Intersection en X,Pluie légère,Deux véhicules - côté,3,2,2,-1,1,1,2,5,1,80,2,3,2,0,0,1,18.0,50.0,voiture,voiture,1,1,2,2,3
202300024415,2023-01-26 05:10:00,2023,1,26,5,10,95,95582, A15,48.96440785,2.26199961,Nuit sans éclairage public,Hors agglomération,Hors intersection,Temps couvert,Autre collision,1,3,8,0,1,1,1,0,2,110,1,1,0,0,0,1,23.0,,voiture,,3,1,1,8,6
202300024416,2023-03-08 10:10:00,2023,3,8,10,10,86,86194,Rue de la Vallée Monnaie,46.565278,0.34332,Plein jour,En agglomération,Place,Pluie légère,Autre collision,4,-1,0,0,1,1,2,0,1,30,1,2,1,0,0,1,63.0,,utilitaire_camion,,1,2,7,2,6
202300024417,2023-01-25 12:30:00,2023,1,25,12,30,95,95572,A15,49.03178837,2.11674035,Plein jour,Hors agglomération,Hors intersection,Pluie légère,Autre collision,1,1,1,0,2,2,2,3,2,30,1,1,0,0,0,1,24.0,,voiture,,1,1,1,2,6
202300024418,2023-05-27 04:40:00,2023,5,27,4,40,34,34058,Esplanade Georges Frêche,43.67441,3.988503,Nuit sans éclairage public,En agglomération,Hors intersection,Normale,Autre collision,6,-1, -1,0,1,1,1,0,8,-1,1,3,2,0,1,0,19.0,,voiture,,3,2,1,1,6
202300024419,2023-03-08 14:45:00,2023,3,8,14,45,24,24037,GAMBETTA (PLACE),44.855,0.482,Plein jour,En agglomération,Place,Normale,Autre collision,4,1,1,0,1,1,9,8,1,30,1,2,1,1,0,0,54.0,,utilitaire_camion,,1,2,7,1,6
202300024420,2023-11-12 07:25:00,2023,11,12,7,25,33,33272,RD18,45.075616,-0.386372,Crépuscule ou aube,Hors agglomération,Hors intersection,Pluie légère,Deux véhicules - frontale,3,2,2,0,2,3,2,2,1,80,2,2,1,0,1,0,19.0,44.0,voiture,voiture,2,1,1,2,1
202300024421,2023-01-25 12:00:00,2023,1,25,12,0,93,93027,AUTOROUTE A1,48.9344735,2.39765242,Plein jour,Hors agglomération,Hors intersection,Normale,Autre collision,1,1,2,0,1,1,1,0,1,30,1,1,0,0,0,1,22.0,,voiture,,1,1,1,1,6
202300024422,2023-03-07 20:15:00,2023,3,7,20,15,72,72181,CUGNOT NICOLAS (BD),47.9941,0.2244,Nuit avec éclairage allumé,En agglomération,Hors intersection,Normale,Autre collision,4,3,4,0,3,2,1,0,1,70,1,2,0,1,1,0,23.0,,deux_roues,,5,2,1,1,6
202300024423,2023-01-25 07:25:00,2023,1,25,7,25,95,95018,A15,48.9496723,2.2802208,Crépuscule ou aube,Hors agglomération,Hors intersection,Temps couvert,Autre collision,1,3,6,0,2,1,1,0,1,70,1,1,0,0,0,1,34.0,,voiture,,2,1,1,8,6
202300024424,2023-05-27 17:30:00,2023,5,27,17,30,83,83112,2582 Route de la Cadiere,43.199404,5.726795,Plein jour,Hors agglomération,Intersection en T,Normale,Deux véhicules - côté,3,2,2,0,1,1,1,0,1,90,2,2,1,0,1,0,69.0,70.0,voiture,deux_roues,1,1,3,1,3
202300024424,2023-05-27 17:30:00,2023,5,27,17,30,83,83112,2582 Route de la Cadiere,43.199404,5.726795,Plein jour,Hors agglomération,Intersection en T,Normale,Deux véhicules - côté,3,2,2,0,1,1,1,0,8,50,2,2,1,0,1,0,69.0,70.0,voiture,deux_roues,1,1,3,1,3
202300024425,2023-03-07 17:30:00,2023,3,7,17,30,27,27229,HUGO (RUE VICTOR),49.02225,1.14748,Plein jour,En agglomération,Hors intersection,Normale,Autre collision,4,2,2,0,1,1,1,0,1,50,1,2,1,0,0,1,56.0,,deux_roues,,1,2,1,1,6
202300024426,2023-11-04 08:50:00,2023,11,4,8,50,29,29042,route de Crozon,48.24868197,-4.46472012,Plein jour,Hors agglomération,Hors intersection,Pluie forte,Deux véhicules - arrière,3,2,2,0,2,1,2,0,1,80,2,2,1,0,0,1,60.0,16.0,voiture,deux_roues,1,1,1,3,2
202300024427,2023-01-25 23:38:00,2023,1,25,23,38,94,94022,A86,48.77669983,2.41635026,Nuit sans éclairage public,Hors agglomération,Hors intersection,Normale,Trois véhicules et plus - en chaîne,1,-1,3,0,1,3,1,0,1,90,3,3,2,0,0,1,47.0,62.0,voiture,voiture,3,1,1,1,4
202300024428,2023-05-27 20:40:00,2023,5,27,20,40,08,08316,33 Rue Pierre Delmont,49.807882,4.790869,Plein jour,En agglomération,Hors intersection,Normale,Sans collision,3,2,2,0,2,2,1,0,1,50,1,1,0,1,0,0,48.0,,deux_roues,,1,2,1,1,7
202300024429,2023-03-06 11:49:00,2023,3,6,11,49,77,77053,RUE GUSTAVE EIFFEL,48.70263,2.60145,Plein jour,En agglomération,Hors intersection,Normale,Autre collision,6,-1, -1,0,1,1,1,0,1,30,1,2,1,0,0,1,35.0,,utilitaire_camion,,1,2,1,1,6
202300024430,2023-01-25 18:00:00,2023,1,25,18,0,94,94069,A86,48.81694401,2.45457186,Nuit sans éclairage public,Hors agglomération,Hors intersection,Brouillard / fumée,Deux véhicules - côté,1,1,2,0,1,2,2,2,1,90,2,2,1,0,0,1,29.0,,deux_roues,voiture,3,1,1,5,3
202300024431,2023-11-15 09:10:00,2023,11,15,9,10,69,69091,Autoroute 47,45.57915127,4.73129142,Plein jour,Hors agglomération,Hors intersection,Normale,Deux véhicules - arrière,1,3,4,0,1,3,1,9,1,90,2,2,1,1,0,0,40.0,21.0,utilitaire_camion,voiture,1,1,1,1,2
202300024432,2023-05-28 02:20:00,2023,5,28,2,20,68,68262,15 Route Nationale,47.880597,7.011591,Nuit avec éclairage allumé,En agglomération,Hors intersection,Normale,Autre collision,4,3,2,0,1,1,1,0,4,50,1,2,0,0,1,1,19.0,,deux_roues,,5,2,1,1,6
202300024433,2023-03-08 16:20:00,2023,3,8,16,20,973,97302,MONTABO (ROUTE DE) 1,4.93805,-52.299,Plein jour,En agglomération,Hors intersection,Normale,Deux véhicules - côté,3,2,2,0,1,1,1,0,1,50,2,2,1,0,0,1,41.0,37.0,deux_roues,voiture,1,2,1,1,3
202300024434,2023-01-25 08:15:00,2023,1,25,8,15,62,62826,allee,50.492881,1.608521,Nuit avec éclairage allumé,En agglomération,Intersection en X,Temps couvert,Autre collision,4,2,0,0,2,1,1,9,3,50,1,1,0,0,1,0,55.0,,utilitaire_camion,,5,2,2,8,6
202300024434,2023-01-25 08:15:00,2023,1,25,8,15,62,62826,allee,50.492881,1.608521,Nuit avec éclairage allumé,En agglomération,Intersection en X,Temps couvert,Autre collision,4,2,2,0,2,1,1,9,8,50,1,1,0,0,1,0,55.0,,utilitaire_camion,,5,2,2,8,6
202300024435,2023-03-08 15:20:00,2023,3,8,15,20,973,97302,CABASSOU (ROUTE DE),4.91982776,-52.31931245,Plein jour,En agglomération,Hors intersection,Normale,Autre collision,3,2,2,2,1,1,1,0,5,50,2,2,1,0,0,1,31.0,18.0,voiture,deux_roues,1,2,1,1,6
202300024436,2023-01-24 14:50:00,2023,1,24,14,50,33,33119,Avenue Jean Zay,44.85344134,-0.50596386,Plein jour,En agglomération,Intersection en X,Temps couvert,Autre collision,2,3,4,0,1,1,1,5,1,50,1,2,1,0,0,1,,,voiture,,1,2,2,8,6
202300024436,2023-01-24 14:50:00,2023,1,24,14,50,33,33119,Avenue Jean Zay,44.85344134,-0.50596386,Plein jour,En agglomération,Intersection en X,Temps couvert,Autre collision,2,1,2,0,1,1,1,3,1,50,1,2,1,0,0,1,,,voiture,,1,2,2,8,6
202300024437,2023-05-27 19:15:00,2023,5,27,19,15,57,57482,D4,49.10201331,6.31143093,Plein jour,Hors agglomération,Intersection en T,Normale,Deux véhicules - frontale,3,2,2,0,1,1,1,5,1,80,2,5,2,0,2,1,35.0,20.0,voiture,voiture,1,1,3,1,1
202300024437,2023-05-27 19:15:00,2023,5,27,19,15,57,57482,D4,49.10201331,6.31143093,Plein jour,Hors agglomération,Intersection en T,Normale,Deux véhicules - frontale,3,2,2,0,1,1,1,5,1,50,2,5,2,0,2,1,35.0,20.0,voiture,voiture,1,1,3,1,1
202300024438,2023-01-23 15:10:00,2023,1,23,15,10,29,29019,rue de Kermenguy,48.402782,-4.501477,Plein jour,En agglomération,Hors intersection,Normale,Autre collision,4,2,2,0,1,1,1,0,1,30,1,2,1,0,0,1,91.0,,voiture,,1,2,1,1,6
202300024439,2023-03-08 05:30:00,2023,3,8,5,30,972,97213,ROUTE DEPARTEMENTALE 3,14.618,-60.996,Crépuscule ou aube,En agglomération,Intersection en T,Normale,Deux véhicules - côté,3,1,2,0,1,2,1,0,1,50,2,2,1,0,0,1,48.0,53.0,deux_roues,voiture,2,2,3,1,3
202300024439,2023-03-08 05:30:00,2023,3,8,5,30,972,97213,ROUTE DEPARTEMENTALE 3,14.618,-60.996,Crépuscule ou aube,En agglomération,Intersection en T,Normale,Deux véhicules - côté,3,2,1,0,1,1,1,0,1,50,2,2,1,0,0,1,48.0,53.0,deux_roues,voiture,2,2,3,1,3
202300024440,2023-01-23 04:30:00,2023,1,23,4,30,974,97416,ENTRE DEUX(route de l'),-21.2948,55.44638,Nuit sans éclairage public,En agglomération,Hors intersection,Temps couvert,Autre collision,3,-1,2,0,1,3,1,0,3,50,1,1,0,0,1,0,53.0,,voiture,,3,2,1,8,6
202300024441,2023-05-28 07:35:00,2023,5,28,7,35,73,73316,D925,45.485909,6.145794,Plein jour,Hors agglomération,Intersection en T,Normale,Autre collision,3,2,2,0,1,1,1,0,3,80,1,1,0,0,0,1,19.0,,deux_roues,,1,1,3,1,6
202300024441,2023-05-28 07:35:00,2023,5,28,7,35,73,73316,D925,45.485909,6.145794,Plein jour,Hors agglomération,Intersection en T,Normale,Autre collision,3,2,2,0,2,1,1,5,3,80,1,1,0,0,0,1,19.0,,deux_roues,,1,1,3,1,6
202300024442,2023-03-08 00:40:00,2023,3,8,0,40,972,97209,RD 41,14.61537,-61.06193,Nuit avec éclairage allumé,Hors agglomération,Autre intersection,Normale,Deux véhicules - côté,3,1,3,0,3,1,1,3,1,30,2,2,0,0,0,2,32.0,20.0,voiture,voiture,5,1,9,1,3
202300024443,2023-01-25 12:00:00,2023,1,25,12,0,974,97411,TOURETTE (RUE),-20.8887,55.44639,Plein jour,En agglomération,Intersection en T,Pluie légère,Deux véhicules - côté,2,2,6,0,2,1,2,5,1,50,2,3,1,0,0,2,72.0,25.0,voiture,voiture,1,2,3,2,3
202300024443,2023-01-25 12:00:00,2023,1,25,12,0,974,97411,TOURETTE (RUE),-20.8887,55.44639,Plein jour,En agglomération,Intersection en T,Pluie légère,Deux véhicules - côté,2,1,2,0,2,1,2,5,1,50,2,3,1,0,0,2,72.0,25.0,voiture,voiture,1,2,3,2,3
202300024444,2023-11-13 07:30:00,2023,11,13,7,30,54,54312,Autoroute A 31,48.936569,6.112245,Plein jour,Hors agglomération,Hors intersection,Temps couvert,Trois véhicules et plus - collisions multiples,1,3,2,0,1,1,2,0,1,110,7,8,4,0,1,3,24.0,18.0,utilitaire_camion,utilitaire_camion,1,1,1,8,5
202300024445,2023-05-27 09:45:00,2023,5,27,9,45,38,38236,Chemin du Verney,45.404846,5.692007,Plein jour,En agglomération,Intersection en T,Normale,Sans collision,4,2,2,0,2,1,1,0,1,50,1,1,0,0,1,0,81.0,,deux_roues,,1,2,3,1,7
202300024445,2023-05-27 09:45:00,2023,5,27,9,45,38,38236,Chemin du Verney,45.404846,5.692007,Plein jour,En agglomération,Intersection en T,Normale,Sans collision,4,2,2,0,1,2,1,0,1,50,1,1,0,0,1,0,81.0,,deux_roues,,1,2,3,1,7
202300024446,2023-03-08 09:55:00,2023,3,8,9,55,69,69389,Avenue de Champagne,45.7893789,4.79332973,Plein jour,En agglomération,Intersection en T,Temps couvert,Autre collision,4,2,2,0,1,2,2,0,1,50,1,2,1,0,0,1,37.0,,voiture,,1,2,3,8,6
202300024446,2023-03-08 09:55:00,2023,3,8,9,55,69,69389,Avenue de Champagne,45.7893789,4.79332973,Plein jour,En agglomération,Intersection en T,Temps couvert,Autre collision,4,2,2,1,1,1,2,0,1,50,1,2,1,0,0,1,37.0,,voiture,,1,2,3,8,6
202300024447,2023-01-23 11:20:00,2023,1,23,11,20,974,97411,LECONTE DE LISLE (AVENUE),-20.89254,55.48329,Plein jour,En agglomération,Autre intersection,Pluie légère,Deux véhicules - côté,4,1,1,0,1,1,2,9,1,30,2,2,1,0,0,1,24.0,39.0,voiture,deux_roues,1,2,9,2,3
202300024448,2023-05-27 16:40:00,2023,5,27,16,40,38,38442,rd 520 B 38380,45.349915,5.770424,Plein jour,Hors agglomération,Hors intersection,Normale,Autre collision,3,2,2,0,2,3,1,9,8,70,1,1,0,0,1,0,42.0,,deux_roues,,1,1,1,1,6
202300024449,2023-01-24 23:00:00,2023,1,24,23,0,974,97407,ROUTE DU SACRE COEUR,-20.95799,55.31738,Nuit sans éclairage public,En agglomération,Autre intersection,Pluie légère,Autre collision,4,3,0,0,1,1,2,0,1,30,1,2,1,0,1,0,22.0,,voiture,,3,2,9,2,6
202300024450,2023-03-08 19:00:00,2023,3,8,19,0,971,97113,SECTION LEROUX,16.24257061,-61.47387028,Nuit avec éclairage allumé,En agglomération,Autre intersection,Normale,Deux véhicules - côté,3,2,2,0,1,1,1,0,1,50,2,2,1,0,1,0,51.0,22.0,voiture,deux_roues,5,2,9,1,3
202300024451,2023-05-27 19:10:00,2023,5,27,19,10,26,26307,,45.014058,5.250628,Plein jour,Hors agglomération,Hors intersection,Normale,Sans collision,4,2,2,0,2,1,1,0,3,50,1,1,0,0,1,0,23.0,,deux_roues,,1,1,1,1,7
202300024452,2023-11-15 18:55:00,2023,11,15,18,55,33,33075,ROCADE A 630,44.88461546,-0.62193453,Nuit sans éclairage public,Hors agglomération,Hors intersection,Normale,Deux véhicules - arrière,1,3,6,0,1,1,1,0,1,90,2,4,2,0,0,2,50.0,21.0,voiture,voiture,3,1,1,1,2
202300024453,2023-01-26 00:10:00,2023,1,26,0,10,69,69387,169 Grande Rue de la Guillotière,45.74995736,4.85158579,Nuit avec éclairage allumé,En agglomération,Hors intersection,Normale,Sans collision,4,1,1,2,1,1,1,0,5,30,1,1,0,0,0,1,20.0,,deux_roues,,5,2,1,1,7
202300024454,2023-03-08 09:10:00,2023,3,8,9,10,95,95210,Rue du Départ,48.974169,2.305574,Plein jour,En agglomération,Hors intersection,Pluie légère,Deux véhicules - côté,4,3,2,0,1,1,2,0,1,30,2,2,1,0,0,1,26.0,68.0,utilitaire_camion,deux_roues,1,2,1,2,3
202300024455,2023-05-27 19:10:00,2023,5,27,19,10,07,07133,route d'ellieux,44.452225,4.610782,Plein jour,Hors agglomération,Hors intersection,Normale,Autre collision,4,1,1,0,2,2,1,0,3,90,1,4,3,0,1,0,28.0,,voiture,,1,1,1,1,6