accident_id,datetime,annee,mois,jour,heure,minute,departement,commune_insee,adresse,latitude,longitude,luminosite,agglomeration,intersection,meteo,collision,catr,circ,nbv,vosp,prof,plan,surf,infra,situ,vma,nb_vehicules,nb_usagers,nb_indemnes,nb_tues,nb_blesses_hosp,nb_blesses_legers,age_cond_1,age_cond_2,veh_type_cond_1,veh_type_cond_2,lum_code,agg_code,int_code,atm_code,col_code
202300024456,2023-01-24 07:50:00,2023,1,24,7,50,972,97209,CHEVALIER DE SAINTE-MARTHE (BLD),14.603924,-61.065717,Plein jour,En agglomération,Autre intersection,Normale,Autre collision,3,3,3,3,1,1,1,9,6,30,3,3,2,0,0,1,23.0,38.0,deux_roues,voiture,1,2,9,1,6
202300024457,2023-05-24 16:00:00,2023,5,24,16,0,31,31395,Chemin de Bourdaya,43.459004,1.332497,Plein jour,En agglomération,Hors intersection,Normale,Autre collision,6,-1, -1,0,1,1,1,0,1,-1,1,2,1,0,1,0,19.0,,voiture,,1,2,1,1,6
202300024458,2023-11-15 14:15:00,2023,11,15,14,15,33,33550,ROCADE A 630,44.78610578,-0.54146558,Plein jour,Hors agglomération,Hors intersection,Normale,Trois véhicules et plus - en chaîne,1,3,6,0,1,1,1,0,1,90,3,7,2,0,0,5,49.0,38.0,utilitaire_camion,utilitaire_camion,1,1,1,1,4
202300024459,2023-01-21 23:10:00,2023,1,21,23,10,69,69034,Quai Clémenceau,45.79434,4.82781,Nuit avec éclairage allumé,En agglomération,Intersection en T,Pluie légère,Deux véhicules - côté,4,2,3,2,1,1,2,0,1,50,2,5,4,0,1,0,37.0,55.0,voiture,deux_roues,5,2,3,2,3
202300024459,2023-01-21 23:10:00,2023,1,21,23,10,69,69034,Quai Clémenceau,45.79434,4.82781,Nuit avec éclairage allumé,En agglomération,Intersection en T,Pluie légère,Deux véhicules - côté,4,2,2,0,1,1,2,0,1,50,2,5,4,0,1,0,37.0,55.0,voiture,deux_roues,5,2,3,2,3
202300024460,2023-03-08 10:30:00,2023,3,8,10,30,91,91514,RTE DE BRUNOY,48.67817,2.5271,Plein jour,En agglomération,Giratoire,Pluie légère,Deux véhicules - côté,3,2,2,0,1,1,2,5,1,30,2,2,1,0,0,1,24.0,76.0,voiture,deux_roues,1,2,6,2,3
202300024460,2023-03-08 10:30:00,2023,3,8,10,30,91,91514,RTE DE BRUNOY,48.67817,2.5271,Plein jour,En agglomération,Giratoire,Pluie légère,Deux véhicules - côté,3,2,2,0,1,1,2,0,1,50,2,2,1,0,0,1,24.0,76.0,voiture,deux_roues,1,2,6,2,3
202300024461,2023-05-27 16:50:00,2023,5,27,16,50,33,33238,27 Chemin de Jacquin,44.744304,-0.58395,Plein jour,En agglomération,Autre intersection,Normale,Deux véhicules - frontale,4,4,2,0,2,3,1,9,1,30,2,2,1,0,0,1,44.0,49.0,voiture,voiture,1,2,9,1,1
202300024462,2023-11-15 09:08:00,2023,11,15,9,8,33,33550,ROCADE A 630,44.77812502,-0.55844933,Plein jour,Hors agglomération,Hors intersection,Normale,Autre collision,1,1,1,0,1,2,2,3,1,90,1,1,0,0,0,1,50.0,,voiture,,1,1,1,1,6
202300024463,2023-01-25 12:40:00,2023,1,25,12,40,971,97101,MARECHAL LECLERC,16.25543,-61.53056,Plein jour,En agglomération,Hors intersection,Normale,Autre collision,4,2,1,0,1,1,9,0,1,50,1,2,1,0,0,1,76.0,,voiture,,1,2,1,1,6
202300024464,2023-05-27 09:45:00,2023,5,27,9,45,49,49138,Lieu dit les Gats route de longue,47.432881,-0.149152,Plein jour,Hors agglomération,Hors intersection,Normale,Deux véhicules - côté,3,2,2,0,1,3,1,0,1,80,2,2,1,0,1,0,38.0,73.0,deux_roues,voiture,1,1,1,1,3
202300024465,2023-03-07 23:41:00,2023,3,7,23,41,87,87085,LABUSSIERE (AVENUE EMILE),45.84235,1.25517,Nuit avec éclairage allumé,En agglomération,Intersection en X,Normale,Deux véhicules - côté,4,2,2,0,1,1,1,5,1,50,2,2,1,0,0,1,31.0,23.0,voiture,voiture,5,2,2,1,3
202300024465,2023-03-07 23:41:00,2023,3,7,23,41,87,87085,LABUSSIERE (AVENUE EMILE),45.84235,1.25517,Nuit avec éclairage allumé,En agglomération,Intersection en X,Normale,Deux véhicules - côté,4,2,2,0,1,1,1,5,1,30,2,2,1,0,0,1,31.0,23.0,voiture,voiture,5,2,2,1,3
202300024466,2023-11-14 15:21:00,2023,11,14,15,21,59,59447,AUTOROUTE A2,50.37453,3.60512,Plein jour,Hors agglomération,Hors intersection,Pluie forte,Autre collision,1,-1,2,0,1,1,2,0,1,110,1,2,1,0,1,0,51.0,,utilitaire_camion,,1,1,1,3,6
202300024467,2023-05-27 16:10:00,2023,5,27,16,10,22,22260,Lohan,48.237465,-2.900058,Plein jour,Hors agglomération,Hors intersection,Normale,Trois véhicules et plus - collisions multiples,3,2,2,0,2,1,1,0,1,80,3,3,1,0,0,2,36.0,40.0,deux_roues,deux_roues,1,1,1,1,5
202300024468,2023-11-15 13:00:00,2023,11,15,13,0,94,94076,A6B,48.7908173,2.34457243,Plein jour,Hors agglomération,Hors intersection,Normale,Deux véhicules - arrière,1,-1,3,0,1,1,1,0,1,90,2,2,1,0,0,1,41.0,23.0,deux_roues,utilitaire_camion,1,1,1,1,2
202300024469,2023-01-24 12:03:00,2023,1,24,12,3,91,91692,SAINTONGE(AVENUE DE),48.679656,2.162839,Plein jour,En agglomération,Hors intersection,Temps couvert,Trois véhicules et plus - en chaîne,4,2,2,0,1,1,1,0,1,30,3,3,1,0,0,2,,21.0,voiture,voiture,1,2,1,8,4
202300024470,2023-11-15 10:05:00,2023,11,15,10,5,91,91521,AUTOROUTE A6,48.6373,2.3993,Plein jour,Hors agglomération,Hors intersection,Normale,Deux véhicules - arrière,1,3,3,0,1,1,1,2,1,110,2,2,1,0,1,0,39.0,36.0,voiture,utilitaire_camion,1,1,1,1,2
202300024471,2023-05-27 15:55:00,2023,5,27,15,55,76,76024,Lieu dit Beau Regard,49.753698,1.261904,Plein jour,Hors agglomération,Hors intersection,Normale,Deux véhicules - arrière,5,2,2,0,1,1,6,9,8,-1,2,3,2,0,1,0,19.0,18.0,utilitaire_camion,deux_roues,1,1,1,1,2
202300024472,2023-01-18 17:50:00,2023,1,18,17,50,91,91174,AV DU 8 MAI 1945,48.61138,2.46126,Nuit avec éclairage allumé,En agglomération,Hors intersection,Normale,Autre collision,3,2,4,0,1,1,1,0,1,50,1,2,1,0,0,1,24.0,,utilitaire_camion,,5,2,1,1,6
202300024473,2023-01-18 11:35:00,2023,1,18,11,35,91,91228,AV FRAGONARD,48.62977,2.45162,Plein jour,En agglomération,Hors intersection,Normale,Autre collision,4,2,2,0,1,1,1,0,1,50,1,2,1,0,1,0,88.0,,voiture,,1,2,1,1,6
202300024474,2023-11-15 08:50:00,2023,11,15,8,50,91,91689,AUTOROUTE A6B,48.74849,2.3267,Plein jour,Hors agglomération,Hors intersection,Normale,Deux véhicules - côté,1,1,3,0,2,1,1,0,1,110,2,2,1,0,0,1,28.0,43.0,voiture,deux_roues,1,1,1,1,3
202300024475,2023-05-28 08:05:00,2023,5,28,8,5,02,02290,,49.046546,3.35274,Plein jour,En agglomération,Hors intersection,Normale,Autre collision,3,2,2,0,2,1,1,0,4,50,1,4,0,0,3,1,24.0,,voiture,,1,2,1,1,6
202300024476,2023-03-08 19:20:00,2023,3,8,19,20,77,77449,D344,48.85383105,2.77364032,Nuit avec éclairage allumé,En agglomération,Intersection en X,Pluie légère,Deux véhicules - frontale,3,2,3,0,1,1,2,5,1,50,2,3,2,0,0,1,53.0,22.0,voiture,voiture,5,2,2,2,1
202300024476,2023-03-08 19:20:00,2023,3,8,19,20,77,77449,D344,48.85383105,2.77364032,Nuit avec éclairage allumé,En agglomération,Intersection en X,Pluie légère,Deux véhicules - frontale,3,3,6,0,1,1,2,5,1,50,2,3,2,0,0,1,53.0,22.0,voiture,voiture,5,2,2,2,1
202300024477,2023-01-17 18:10:00,2023,1,17,18,10,91,91228,MITTERAND (BD FRANCOIS),48.62484,2.42687,Nuit avec éclairage allumé,En agglomération,Intersection en X,Pluie légère,Autre collision,3,2,2,0,1,1,2,0,1,50,1,2,1,0,0,1,23.0,,voiture,,5,2,2,2,6
202300024477,2023-01-17 18:10:00,2023,1,17,18,10,91,91228,MITTERAND (BD FRANCOIS),48.62484,2.42687,Nuit avec éclairage allumé,En agglomération,Intersection en X,Pluie légère,Autre collision,3,2,4,0,1,1,2,0,1,50,1,2,1,0,0,1,23.0,,voiture,,5,2,2,2,6
202300024478,2023-03-08 20:05:00,2023,3,8,20,5,77,77186,CASCADES (AVENUE DES),48.40061,2.70741,Nuit avec éclairage allumé,En agglomération,Hors intersection,Pluie forte,Autre collision,4,2,2,0,3,1,2,9,1,30,1,1,0,0,0,1,69.0,,voiture,,5,2,1,3,6
202300024479,2023-05-28 15:20:00,2023,5,28,15,20,62,62318,Avenue du Mont Levin,50.519068,1.646791,Plein jour,En agglomération,Intersection en X,Temps éblouissant,Deux véhicules - côté,4,2,2,0,1,1,1,0,1,50,2,3,1,0,0,2,17.0,59.0,deux_roues,voiture,1,2,2,7,3
202300024479,2023-05-28 15:20:00,2023,5,28,15,20,62,62318,Avenue du Mont Levin,50.519068,1.646791,Plein jour,En agglomération,Intersection en X,Temps éblouissant,Deux véhicules - côté,4,2,2,0,2,1,1,0,1,50,2,3,1,0,0,2,17.0,59.0,deux_roues,voiture,1,2,2,7,3
202300024480,2023-11-14 19:00:00,2023,11,14,19,0,92,92036,A86,48.93576409,2.28722247,Nuit sans éclairage public,Hors agglomération,Hors intersection,Normale,Deux véhicules - arrière,1,2,2,0,1,1,2,0,1,90,2,4,2,0,0,2,25.0,46.0,voiture,voiture,3,1,1,1,2
202300024481,2023-01-17 21:13:00,2023,1,17,21,13,91,91521,PLAT (RUE AUGUSTE) ,48.64557,2.40432,Nuit avec éclairage allumé,En agglomération,Hors intersection,Normale,Deux véhicules - arrière,4,2,2,0,1,1,1,0,1,50,2,2,0,0,0,2,55.0,38.0,voiture,voiture,5,2,1,1,2
202300024482,2023-03-08 19:30:00,2023,3,8,19,30,76,76540,Avenue Jean Rondeaux,49.428405,1.070861,Nuit avec éclairage allumé,En agglomération,Intersection en Y,Pluie légère,Autre collision,7,2,2,3,1,2,2,-1,1,50,1,2,1,0,0,1,51.0,,voiture,,5,2,4,2,6
202300024482,2023-03-08 19:30:00,2023,3,8,19,30,76,76540,Avenue Jean Rondeaux,49.428405,1.070861,Nuit avec éclairage allumé,En agglomération,Intersection en Y,Pluie légère,Autre collision,7,2,4,3,1,1,2,-1,1,50,1,2,1,0,0,1,51.0,,voiture,,5,2,4,2,6
202300024483,2023-11-13 11:25:00,2023,11,13,11,25,78,78043,A12 Y,48.84122,2.093842,Plein jour,Hors agglomération,Hors intersection,Pluie légère,Autre collision,1,1,4,0,2,2,2,0,3,90,1,1,0,0,0,1,39.0,,utilitaire_camion,,1,1,1,2,6
202300024484,2023-05-27 04:58:00,2023,5,27,4,58,13,13211,A50-Sens Aubagne vers Marseille,43.289403,5.442337,Nuit sans éclairage public,Hors agglomération,Hors intersection,Normale,Deux véhicules - arrière,1,3,3,0,1,1,1,0,1,70,2,3,1,0,0,2,30.0,,voiture,voiture,3,1,1,1,2
202300024485,2023-09-13 16:00:00,2023,9,13,16,0,84,84003,Quai Général Leclerc,43.876304,5.399861,Plein jour,En agglomération,Intersection en T,Normale,Deux véhicules - côté,3,2,3,0,1,1,1,0,1,50,2,2,0,0,1,1,29.0,65.0,voiture,utilitaire_camion,1,2,3,1,3
202300024485,2023-09-13 16:00:00,2023,9,13,16,0,84,84003,Quai Général Leclerc,43.876304,5.399861,Plein jour,En agglomération,Intersection en T,Normale,Deux véhicules - côté,3,-1, -1,-1,-1,-1,-1,-1,-1,-1,2,2,0,0,1,1,29.0,65.0,voiture,utilitaire_camion,1,2,3,1,3
202300024486,2023-11-15 18:15:00,2023,11,15,18,15,77,77372,A104,48.87593751,2.66912639,Nuit avec éclairage allumé,Hors agglomération,Hors intersection,Normale,Deux véhicules - arrière,1,3,3,0,1,1,1,0,1,90,2,2,1,0,0,1,26.0,27.0,voiture,voiture,5,1,1,1,2
202300024487,2023-05-26 17:15:00,2023,5,26,17,15,13,13005,A50-Sens Marseille vers Aubagne,43.28568759,5.53017212,Plein jour,Hors agglomération,Hors intersection,Normale,Deux véhicules - arrière,1,3,3,0,1,1,1,0,1,90,2,2,0,0,0,2,61.0,58.0,voiture,voiture,1,1,1,1,2
202300024488,2023-03-08 13:30:00,2023,3,8,13,30,76,76217,CANADIENS (AVENUE DES)  RD925,49.91364,1.0751,Plein jour,En agglomération,Intersection en T,Normale,Deux véhicules - côté,3,2,3,0,1,1,2,0,1,50,2,9,7,0,0,2,36.0,44.0,voiture,voiture,1,2,3,1,3
202300024488,2023-03-08 13:30:00,2023,3,8,13,30,76,76217,CANADIENS (AVENUE DES)  RD925,49.91364,1.0751,Plein jour,En agglomération,Intersection en T,Normale,Deux véhicules - côté,3,2, -1,-1,1,1,2,0,1,-1,2,9,7,0,0,2,36.0,44.0,voiture,voiture,1,2,3,1,3
202300024489,2023-09-13 02:00:00,2023,9,13,2,0,84,84054,Route de Caumont,43.911931,5.034184,Nuit sans éclairage public,Hors agglomération,Hors intersection,Normale,Autre collision,3,2,2,0,1,1,1,0,3,80,1,2,1,1,0,0,38.0,,voiture,,3,1,1,1,6
202300024490,2023-06-28 17:05:00,2023,6,28,17,5,91,91044,60 Avenue de la Division Leclerc,48.664252,2.277724,Plein jour,En agglomération,Hors intersection,Normale,Deux véhicules - arrière,3,3,2,0,1,1,1,0,1,50,2,3,2,0,0,1,52.0,39.0,transport_commun,voiture,1,2,1,1,2
202300024491,2023-05-27 08:45:00,2023,5,27,8,45,38,38184,A43,45.65922,5.07616,Plein jour,Hors agglomération,Hors intersection,Normale,Deux véhicules - arrière,1,3,4,0,2,1,1,0,1,130,2,3,1,0,0,2,32.0,52.0,utilitaire_camion,utilitaire_camion,1,1,1,1,2
202300024492,2023-03-07 11:35:00,2023,3,7,11,35,72,72181,VOLTAIRE (RUE) N° IMP 1 A 113,48.011511,0.197993,Plein jour,En agglomération,Hors intersection,Normale,Deux véhicules - arrière,4,2,2,0,1,1,1,0,1,30,2,3,2,0,0,1,22.0,22.0,voiture,voiture,1,2,1,1,2
202300024493,2023-09-12 12:05:00,2023,9,12,12,5,84,84119,Avenue de la Rétanque,43.956889,4.93085,Plein jour,En agglomération,Giratoire,Normale,Deux véhicules - frontale,4,2,2,0,1,1,1,5,1,30,2,2,1,0,0,1,37.0,56.0,deux_roues,utilitaire_camion,1,2,6,1,1
202300024494,2023-05-23 14:35:00,2023,5,23,14,35,69,69389,Route de Métropole 6  ,45.76698,4.79729,Plein jour,Hors agglomération,Hors intersection,Normale,Deux véhicules - arrière,7,3,4,0,1,1,1,0,1,70,2,2,1,0,0,1,39.0,51.0,voiture,utilitaire_camion,1,1,1,1,2
202300024495,2023-05-25 02:05:00,2023,5,25,2,5,91,91521,FROMONT (RUE DE),48.65809,2.4118,Nuit avec éclairage allumé,En agglomération,Intersection en T,Normale,Deux véhicules - côté,3,2,2,0,1,1,1,0,1,50,2,2,1,0,0,1,21.0,28.0,deux_roues,voiture,5,2,3,1,3
202300024495,2023-05-25 02:05:00,2023,5,25,2,5,91,91521,FROMONT (RUE DE),48.65809,2.4118,Nuit avec éclairage allumé,En agglomération,Intersection en T,Normale,Deux véhicules - côté,3,1,1,0,1,1,1,0,1,50,2,2,1,0,0,1,21.0,28.0,deux_roues,voiture,5,2,3,1,3
202300024496,2023-03-08 03:30:00,2023,3,8,3,30,69,69259,Rue Président Edouard Herriot,45.69521,4.87649,Nuit avec éclairage allumé,En agglomération,Autre intersection,Normale,Deux véhicules - côté,4,2,2,0,1,1,1,0,1,50,2,4,0,0,0,4,21.0,22.0,voiture,voiture,5,2,9,1,3
202300024497,2023-09-12 19:20:00,2023,9,12,19,20,83,83081,Route départementale 562,43.605763,6.766362,Plein jour,Hors agglomération,Intersection en T,Normale,Deux véhicules - côté,3,2,2,0,1,1,1,0,1,70,2,2,1,0,1,0,23.0,59.0,deux_roues,voiture,1,1,3,1,3
202300024497,2023-09-12 19:20:00,2023,9,12,19,20,83,83081,Route départementale 562,43.605763,6.766362,Plein jour,Hors agglomération,Intersection en T,Normale,Deux véhicules - côté,3,2, -1,-1,1,1,1,0,1,-1,2,2,1,0,1,0,23.0,59.0,deux_roues,voiture,1,1,3,1,3
202300024498,2023-05-27 18:55:00,2023,5,27,18,55,94,94034,A86,48.75979435,2.32184781,Plein jour,Hors agglomération,Hors intersection,Normale,Deux véhicules - arrière,1,1,3,0,1,1,1,1,1,70,2,2,1,0,0,1,29.0,60.0,deux_roues,voiture,1,1,1,1,2
202300024499,2023-05-24 14:12:00,2023,5,24,14,12,91,91249,A10,48.602084,2.067978,Plein jour,Hors agglomération,Hors intersection,Normale,Sans collision,1,3,4,0,1,1,1,0,1,130,1,1,0,1,0,0,53.0,,utilitaire_camion,,1,1,1,1,7
202300024500,2023-03-08 10:00:00,2023,3,8,10,0,67,67482,VICTOIRE (BOULEVARD DE LA),48.582288,7.765292,Plein jour,En agglomération,Hors intersection,Normale,Deux véhicules - côté,4,3,6,2,1,1,1,0,1,50,2,2,1,0,0,1,20.0,19.0,voiture,deux_roues,1,2,1,1,3
202300024501,2023-09-13 13:25:00,2023,9,13,13,25,52,52276,VOIE COMMUNALE 3,48.092807,5.211596,Plein jour,Hors agglomération,Hors intersection,Normale,Deux véhicules - frontale,4,2,2,0,1,2,9,0,1,70,2,2,1,1,0,0,16.0,45.0,deux_roues,voiture,1,1,1,1,1
202300024502,2023-05-27 19:00:00,2023,5,27,19,0,91,91434,AUTOROUTE A6,48.66806,2.35617,Plein jour,Hors agglomération,Hors intersection,Normale,Trois véhicules et plus - en chaîne,1,1,3,0,2,3,1,0,1,110,3,3,2,0,0,1,35.0,36.0,voiture,voiture,1,1,1,1,4
202300024503,2023-03-08 11:25:00,2023,3,8,11,25,64,64348,CHENES DES,43.32645,-0.38912,Plein jour,En agglomération,Hors intersection,Normale,Deux véhicules - côté,4,2,2,0,1,1,1,0,1,50,2,2,1,0,0,1,88.0,78.0,voiture,deux_roues,1,2,1,1,3
202300024504,2023-08-16 22:30:00,2023,8,16,22,30,74,74063,D 228 A,46.22863,6.79101,Nuit sans éclairage public,Hors agglomération,Hors intersection,Normale,Sans collision,3,2,2,0,2,4,1,0,3,80,1,1,0,0,0,1,22.0,,voiture,,3,1,1,1,7
202300024505,2023-05-26 19:45:00,2023,5,26,19,45,94,94016,A6B,48.79696969,2.34384666,Plein jour,Hors agglomération,Hors intersection,Normale,Deux véhicules - côté,1,3,2,0,2,1,1,0,1,70,2,2,1,0,0,1,34.0,40.0,voiture,deux_roues,1,1,1,1,3
202300024506,2023-03-08 15:40:00,2023,3,8,15,40,59,59512,LEBAS (AVENUE JEAN),50.69256,3.17092,Plein jour,En agglomération,Hors intersection,Pluie légère,Deux véhicules - côté,4,1,2,3,1,1,2,5,6,50,2,2,1,0,0,1,26.0,30.0,voiture,deux_roues,1,2,1,2,3
202300024507,2023-03-08 10:20:00,2023,3,8,10,20,54,54395,SAINT GEORGES (RUE),48.69228,6.18714,Plein jour,En agglomération,Intersection en X,Normale,Autre collision,4,1,1,2,1,1,1,-1,1,50,1,2,1,0,0,1,,,utilitaire_camion,,1,2,2,1,6
202300024507,2023-03-08 10:20:00,2023,3,8,10,20,54,54395,SAINT GEORGES (RUE),48.69228,6.18714,Plein jour,En agglomération,Intersection en X,Normale,Autre collision,4,1,1,3,1,1,1,0,1,50,1,2,1,0,0,1,,,utilitaire_camion,,1,2,2,1,6
202300024508,2023-05-27 18:22:00,2023,5,27,18,22,92,92036,A86,48.93370714,2.2742219,Plein jour,Hors agglomération,Hors intersection,Normale,Deux véhicules - arrière,1,1,2,0,1,3,1,0,1,90,2,2,1,0,0,1,23.0,54.0,deux_roues,voiture,1,1,1,1,2
202300024509,2023-09-13 10:18:00,2023,9,13,10,18,54,54229,Grande Rue,48.47401842,6.69182181,Plein jour,En agglomération,Intersection en X,Temps couvert,Deux véhicules - côté,3,2,2,0,1,1,1,0,1,50,2,3,2,0,1,0,16.0,70.0,deux_roues,voiture,1,2,2,8,3
202300024509,2023-09-13 10:18:00,2023,9,13,10,18,54,54229,Grande Rue,48.47401842,6.69182181,Plein jour,En agglomération,Intersection en X,Temps couvert,Deux véhicules - côté,3,2, -1,0,1,1,1,0,1,50,2,3,2,0,1,0,16.0,70.0,deux_roues,voiture,1,2,2,8,3
202300024510,2023-08-18 17:08:00,2023,8,18,17,8,74,74281,RIPAILLE (QUAI DE),46.386134,6.483629,Plein jour,En agglomération,Intersection en Y,Normale,Deux véhicules - frontale,4,2,2,0,2,1,1,0,1,50,2,2,1,0,1,0,88.0,53.0,voiture,deux_roues,1,2,4,1,1
202300024510,2023-08-18 17:08:00,2023,8,18,17,8,74,74281,RIPAILLE (QUAI DE),46.386134,6.483629,Plein jour,En agglomération,Intersection en Y,Normale,Deux véhicules - frontale,4,2,2,0,2,1,1,0,1,50,2,2,1,0,1,0,88.0,53.0,voiture,deux_roues,1,2,4,1,1
202300024511,2023-05-27 08:50:00,2023,5,27,8,50,95,95252,A15,48.9864,2.21139,Plein jour,Hors agglomération,Hors intersection,Normale,Autre collision,1,3,3,0,1,1,1,0,2,110,1,1,0,0,0,1,36.0,,voiture,,1,1,1,1,6
202300024512,2023-03-07 19:30:00,2023,3,7,19,30,54,54395,COLLIGNON (Avenue et Pont),48.68985,6.20317,Nuit avec éclairage allumé,En agglomération,Autre intersection,Normale,Autre collision,4,1,3,0,1,1,1,0,1,50,1,2,1,0,0,1,89.0,,voiture,,5,2,9,1,6
202300024512,2023-03-07 19:30:00,2023,3,7,19,30,54,54395,COLLIGNON (Avenue et Pont),48.68985,6.20317,Nuit avec éclairage allumé,En agglomération,Autre intersection,Normale,Autre collision,4,3,2,0,1,3,1,0,1,50,1,2,1,0,0,1,89.0,,voiture,,5,2,9,1,6
202300024513,2023-09-12 16:36:00,2023,9,12,16,36,69,69094,4 Route des Pierres Blanches,45.750017,4.696269,Plein jour,Hors agglomération,Hors intersection,Normale,Autre collision,4,1,1,2,1,1,1,0,1,50,1,2,1,0,0,1,23.0,,voiture,,1,1,1,1,6
202300024514,2023-05-26 22:19:00,2023,5,26,22,19,95,95277,A3,48.97287,2.48507,Nuit sans éclairage public,Hors agglomération,Hors intersection,Normale,Autre collision,1,1,1,0,2,2,1,0,1,70,1,1,0,0,0,1,21.0,,deux_roues,,3,1,1,1,6
202300024515,2023-09-09 10:30:00,2023,9,9,10,30,69,69067,Route Départementale 50E,45.749551,4.562448,Plein jour,Hors agglomération,Hors intersection,Temps éblouissant,Autre collision,3,2,2,0,1,1,1,0,1,80,1,1,0,0,1,0,36.0,,voiture,,1,1,1,7,6
202300024516,2023-03-07 12:30:00,2023,3,7,12,30,54,54439,Route de Seichamps,48.706142,6.261041,Plein jour,En agglomération,Hors intersection,Normale,Autre collision,4,2, -1,0,1,1,1,0,1,30,1,2,1,0,0,1,33.0,,transport_commun,,1,2,1,1,6
202300024517,2023-05-26 13:05:00,2023,5,26,13,5,93,93005,AUTOROUTE A3,48.94598218,2.47643491,Plein jour,Hors agglomération,Hors intersection,Normale,Deux véhicules - arrière,1,3,3,0,1,1,1,0,1,110,2,2,0,0,0,2,36.0,42.0,utilitaire_camion,utilitaire_camion,1,1,1,1,2
202300024518,2023-03-08 16:55:00,2023,3,8,16,55,51,51454,rue de Courlancy,49.247,4.01585,Plein jour,En agglomération,Intersection en X,Pluie légère,Deux véhicules - côté,4,2,2,0,1,1,2,0,1,30,2,3,2,0,0,1,29.0,44.0,voiture,utilitaire_camion,1,2,2,2,3
202300024518,2023-03-08 16:55:00,2023,3,8,16,55,51,51454,rue de Courlancy,49.247,4.01585,Plein jour,En agglomération,Intersection en X,Pluie légère,Deux véhicules - côté,4,2,2,0,1,1,2,0,1,50,2,3,2,0,0,1,29.0,44.0,voiture,utilitaire_camion,1,2,2,2,3
202300024519,2023-09-04 21:53:00,2023,9,4,21,53,33,33284,D216,44.586739,-0.946128,Nuit sans éclairage public,Hors agglomération,Hors intersection,Normale,Autre collision,3,-1,2,0,1,1,1,0,3,80,1,1,0,0,1,0,65.0,,deux_roues,,3,1,1,1,6
202300024520,2023-03-08 08:50:00,2023,3,8,8,50,51,51454,rue Chrétien De Troyes,49.21181,4.01774,Plein jour,En agglomération,Hors intersection,Pluie légère,Autre collision,4,2,2,0,1,1,2,0,1,50,1,2,1,0,0,1,43.0,,voiture,,1,2,1,2,6
202300024521,2023-09-13 07:00:00,2023,9,13,7,0,49,49020,D56,47.483243,-0.633634,Crépuscule ou aube,Hors agglomération,Hors intersection,Normale,Autre collision,3,2,2,0,1,1,1,0,3,80,1,1,0,0,1,0,21.0,,voiture,,2,1,1,1,6
202300024522,2023-08-30 12:20:00,2023,8,30,12,20,74,74099,Route de sallanches,45.877824,6.636881,Plein jour,En agglomération,Giratoire,Normale,Autre collision,3,2,2,0,1,1,1,0,1,50,8,12,7,0,0,5,40.0,29.0,utilitaire_camion,voiture,1,2,6,1,6
202300024523,2023-03-08 07:40:00,2023,3,8,7,40,51,51454,rue de Contrai,49.25104,4.03521,Plein jour,En agglomération,Hors intersection,Pluie légère,Autre collision,4,1,1,0,1,3,2,0,1,50,1,2,1,0,0,1,54.0,,voiture,,1,2,1,2,6
202300024524,2023-05-27 12:25:00,2023,5,27,12,25,77,77450,RN104,48.717286,2.599318,Plein jour,Hors agglomération,Hors intersection,Normale,Trois véhicules et plus - en chaîne,2,3,2,0,2,1,1,0,1,90,4,4,3,0,0,1,51.0,44.0,voiture,voiture,1,1,1,1,4
202300024525,2023-09-12 21:50:00,2023,9,12,21,50,60,60462,Rue de Calais,49.33312284,2.19869471,Nuit avec éclairage allumé,En agglomération,Hors intersection,Pluie légère,Deux véhicules - arrière,3,2,0,0,1,1,2,0,1,50,2,2,1,0,0,1,31.0,53.0,voiture,voiture,5,2,1,2,2
202300024526,2023-03-08 05:40:00,2023,3,8,5,40,51,51454,avenue de Champagne,49.21937651,4.0209572,Nuit avec éclairage allumé,En agglomération,Hors intersection,Pluie légère,Autre collision,4,2,4,1,1,1,2,0,1,50,1,2,1,0,0,1,22.0,,utilitaire_camion,,5,2,1,2,6
202300024527,2023-03-06 13:50:00,2023,3,6,13,50,51,51454,rue de Mulhouse,49.24503,4.01696,Plein jour,En agglomération,Hors intersection,Normale,Autre collision,4,2,2,1,1,1,1,0,5,50,1,2,1,0,0,1,19.0,,deux_roues,,1,2,1,1,6
202300024528,2023-09-12 18:10:00,2023,9,12,18,10,13,13071,A55 - Sens Marseille vers Martigues,43.39721579,5.28706226,Plein jour,Hors agglomération,Hors intersection,Normale,Deux véhicules - côté,1,1,3,0,1,1,1,0,1,110,2,2,1,0,1,0,35.0,52.0,voiture,deux_roues,1,1,1,1,3
202300024529,2023-08-12 13:00:00,2023,8,12,13,0,74,74263,634 Avenue de bonnatrait,46.33341,6.387643,Plein jour,En agglomération,Intersection en T,Normale,Deux véhicules - frontale,3,2,3,3,1,1,1,0,1,-1,2,3,1,0,1,1,28.0,26.0,voiture,deux_roues,1,2,3,1,1
202300024529,2023-08-12 13:00:00,2023,8,12,13,0,74,74263,634 Avenue de bonnatrait,46.33341,6.387643,Plein jour,En agglomération,Intersection en T,Normale,Deux véhicules - frontale,3,2, -1,-1,1,1,1,0,1,-1,2,3,1,0,1,1,28.0,26.0,voiture,deux_roues,1,2,3,1,1
202300024530,2023-05-26 20:00:00,2023,5,26,20,0,77,77294,A104,48.965351,2.608798,Plein jour,Hors agglomération,Hors intersection,Normale,Trois véhicules et plus - en chaîne,1,-1,2,0,1,1,1,0,1,90,4,4,2,0,0,2,19.0,55.0,utilitaire_camion,utilitaire_camion,1,1,1,1,4