accident_id,datetime,annee,mois,jour,heure,minute,departement,commune_insee,adresse,latitude,longitude,luminosite,agglomeration,intersection,meteo,collision,catr,circ,nbv,vosp,prof,plan,surf,infra,situ,vma,nb_vehicules,nb_usagers,nb_indemnes,nb_tues,nb_blesses_hosp,nb_blesses_legers,age_cond_1,age_cond_2,veh_type_cond_1,veh_type_cond_2,lum_code,agg_code,int_code,atm_code,col_code
202300024531,2023-03-07 17:30:00,2023,3,7,17,30,50,50129,PRAIRIES (AVENUE DES),49.64055,-1.58041,Plein jour,En agglomération,Intersection en T,Pluie légère,Deux véhicules - côté,4,2,2,0,1,1,2,0,1,50,2,2,1,0,0,1,47.0,25.0,voiture,voiture,1,2,3,2,3
202300024531,2023-03-07 17:30:00,2023,3,7,17,30,50,50129,PRAIRIES (AVENUE DES),49.64055,-1.58041,Plein jour,En agglomération,Intersection en T,Pluie légère,Deux véhicules - côté,4,2,2,1,1,1,2,0,1,50,2,2,1,0,0,1,47.0,25.0,voiture,voiture,1,2,3,2,3
202300024532,2023-05-26 14:40:00,2023,5,26,14,40,72,72181,MAILLETS (RUE DES) IMP 1 A 29,48.01238,0.20592,Plein jour,En agglomération,Hors intersection,Normale,Autre collision,4,1,0,0,1,1,1,0,1,50,1,2,1,0,0,1,86.0,,voiture,,1,2,1,1,6
202300024533,2023-08-25 20:00:00,2023,8,25,20,0,74,74001,1644 Route de Richebourg,46.286642,6.743885,Crépuscule ou aube,Hors agglomération,Hors intersection,Normale,Autre collision,3,2,2,0,1,4,1,0,3,80,1,2,0,0,1,1,19.0,,voiture,,2,1,1,1,6
202300024534,2023-09-12 10:05:00,2023,9,12,10,5,13,13070,A50-Sens Aubagne vers Marseille,43.28584555,5.51204403,Plein jour,Hors agglomération,Hors intersection,Normale,Deux véhicules - arrière,1,1,3,0,1,1,1,0,1,90,3,4,0,0,0,4,26.0,38.0,voiture,voiture,1,1,1,1,2
202300024535,2023-03-04 19:30:00,2023,3,4,19,30,50,50129,LEMONNIER (AVENUE AMIRAL),49.63441,-1.60231,Nuit avec éclairage allumé,En agglomération,Intersection en X,Normale,Deux véhicules - frontale,4,2,2,0,1,1,1,0,1,50,2,2,1,0,0,1,42.0,25.0,voiture,voiture,5,2,2,1,1
202300024535,2023-03-04 19:30:00,2023,3,4,19,30,50,50129,LEMONNIER (AVENUE AMIRAL),49.63441,-1.60231,Nuit avec éclairage allumé,En agglomération,Intersection en X,Normale,Deux véhicules - frontale,4,2,2,0,1,1,1,0,1,50,2,2,1,0,0,1,42.0,25.0,voiture,voiture,5,2,2,1,1
202300024535,2023-03-04 19:30:00,2023,3,4,19,30,50,50129,LEMONNIER (AVENUE AMIRAL),49.63441,-1.60231,Nuit avec éclairage allumé,En agglomération,Intersection en X,Normale,Deux véhicules - frontale,4,3,4,1,1,1,1,5,1,50,2,2,1,0,0,1,42.0,25.0,voiture,voiture,5,2,2,1,1
202300024536,2023-09-12 11:35:00,2023,9,12,11,35,13,13005,A50 - Sens Aubagne vers Marseille,43.2836038,5.57425215,Plein jour,Hors agglomération,Hors intersection,Normale,Deux véhicules - côté,1,3,2,0,2,1,1,0,1,90,3,3,2,0,0,1,48.0,26.0,voiture,utilitaire_camion,1,1,1,1,3
202300024537,2023-02-23 17:15:00,2023,2,23,17,15,73,73011,SAINTE THERESE (AVENUE),45.66703,6.38151,Plein jour,En agglomération,Giratoire,Normale,Deux véhicules - côté,4,2,2,0,1,1,1,0,1,50,2,2,1,0,1,0,69.0,74.0,deux_roues,voiture,1,2,6,1,3
202300024537,2023-02-23 17:15:00,2023,2,23,17,15,73,73011,SAINTE THERESE (AVENUE),45.66703,6.38151,Plein jour,En agglomération,Giratoire,Normale,Deux véhicules - côté,4,2,2,0,1,2,1,0,1,50,2,2,1,0,1,0,69.0,74.0,deux_roues,voiture,1,2,6,1,3
202300024538,2023-03-08 16:50:00,2023,3,8,16,50,45,45302,20 Rue du Bourg,47.95104,1.88067,Plein jour,En agglomération,Giratoire,Pluie légère,Deux véhicules - arrière,4,2,2,0,1,1,2,0,1,50,2,2,1,0,0,1,48.0,40.0,voiture,voiture,1,2,6,2,2
202300024539,2023-08-20 12:15:00,2023,8,20,12,15,74,74082,961 Route de la croisette,46.136965,6.161302,Plein jour,Hors agglomération,Intersection en X,Temps éblouissant,Deux véhicules - frontale,3,2,2,0,2,1,1,0,1,80,2,4,3,0,0,1,41.0,51.0,voiture,deux_roues,1,1,2,7,1
202300024539,2023-08-20 12:15:00,2023,8,20,12,15,74,74082,961 Route de la croisette,46.136965,6.161302,Plein jour,Hors agglomération,Intersection en X,Temps éblouissant,Deux véhicules - frontale,3,2, -1,-1,1,1,1,0,1,-1,2,4,3,0,0,1,41.0,51.0,voiture,deux_roues,1,1,2,7,1
202300024540,2023-09-12 07:15:00,2023,9,12,7,15,13,13005,A50-Sens Aubagne vers Marseille,43.28497689,5.57087403,Plein jour,Hors agglomération,Hors intersection,Normale,Deux véhicules - côté,1,3,4,0,1,1,1,0,1,90,2,2,1,0,1,0,33.0,56.0,voiture,deux_roues,1,1,1,1,3
202300024541,2023-05-26 16:25:00,2023,5,26,16,25,973,97302,BADUEL (ROUTE DE),4.93681,-52.31477,Plein jour,En agglomération,Hors intersection,Normale,Deux véhicules - côté,3,2,2,0,1,1,1,0,1,50,2,3,1,0,0,2,23.0,19.0,voiture,deux_roues,1,2,1,1,3
202300024542,2023-03-08 08:53:00,2023,3,8,8,53,45,45004,1356 Avenue d'Antibes,47.97500918,2.73341453,Plein jour,En agglomération,Hors intersection,Pluie légère,Deux véhicules - côté,3,2,2,0,1,1,2,0,1,50,2,2,0,0,0,2,26.0,24.0,voiture,voiture,1,2,1,2,3
202300024543,2023-08-25 16:40:00,2023,8,25,16,40,74,74007,D1203,46.070222,6.321044,Plein jour,Hors agglomération,Autre intersection,Normale,Deux véhicules - frontale,3,2,2,0,1,1,1,0,1,70,2,2,1,0,0,1,73.0,58.0,voiture,deux_roues,1,1,9,1,1
202300024544,2023-09-11 17:00:00,2023,9,11,17,0,13,13071,A7-Sens Marseille vers Lyon,43.40439894,5.31594824,Plein jour,Hors agglomération,Hors intersection,Normale,Deux véhicules - arrière,1,1,3,0,1,1,1,1,1,90,2,2,0,0,0,2,50.0,23.0,voiture,voiture,1,1,1,1,2
202300024545,2023-05-26 14:00:00,2023,5,26,14,0,69,69386,Rue Sully,45.7711,4.8485,Plein jour,En agglomération,Intersection en X,Normale,Deux véhicules - frontale,4,1,1,2,1,1,1,0,1,30,2,2,1,0,0,1,93.0,54.0,voiture,deux_roues,1,2,2,1,1
202300024545,2023-05-26 14:00:00,2023,5,26,14,0,69,69386,Rue Sully,45.7711,4.8485,Plein jour,En agglomération,Intersection en X,Normale,Deux véhicules - frontale,4,1,1,2,1,1,1,0,5,30,2,2,1,0,0,1,93.0,54.0,voiture,deux_roues,1,2,2,1,1
202300024546,2023-03-08 20:30:00,2023,3,8,20,30,38,38185,RUE RASPAIL,45.18268,5.7097,Nuit avec éclairage allumé,En agglomération,Intersection en X,Pluie légère,Autre collision,4,1,1,0,1,1,2,0,1,50,2,2,1,0,0,1,34.0,43.0,voiture,voiture,5,2,2,2,6
202300024546,2023-03-08 20:30:00,2023,3,8,20,30,38,38185,RUE RASPAIL,45.18268,5.7097,Nuit avec éclairage allumé,En agglomération,Intersection en X,Pluie légère,Autre collision,4,1,1,0,1,1,2,0,1,50,2,2,1,0,0,1,34.0,43.0,voiture,voiture,5,2,2,2,6
202300024547,2023-08-25 16:40:00,2023,8,25,16,40,74,74042,61 Rue des grèbes huppes,46.072963,6.42028,Plein jour,En agglomération,Hors intersection,Normale,Autre collision,6,-1, -1,0,1,1,1,6,1,30,1,2,1,0,0,1,53.0,,voiture,,1,2,1,1,6
202300024548,2023-09-12 18:20:00,2023,9,12,18,20,83,83137,A50,43.12632894,5.8870976,Plein jour,Hors agglomération,Hors intersection,Normale,Autre collision,1,3,3,0,1,1,1,0,1,110,1,2,1,0,0,1,26.0,,voiture,,1,1,1,1,6
202300024549,2023-03-08 15:40:00,2023,3,8,15,40,38,38185,Rue de Stalingrad,45.17147,5.72414,Plein jour,En agglomération,Hors intersection,Temps couvert,Deux véhicules - côté,4,2,5,2,1,1,2,0,5,50,2,2,1,0,0,1,57.0,59.0,voiture,deux_roues,1,2,1,8,3
202300024550,2023-08-09 15:38:00,2023,8,9,15,38,74,74096,RD1201,46.023943,6.101918,Plein jour,Hors agglomération,Hors intersection,Normale,Sans collision,3,2,0,0,2,3,1,0,8,80,2,2,1,0,1,0,25.0,38.0,deux_roues,voiture,1,1,1,1,7
202300024551,2023-09-12 09:30:00,2023,9,12,9,30,83,83137,A57,43.13206649,5.98119387,Plein jour,En agglomération,Hors intersection,Normale,Deux véhicules - arrière,1,-1,2,0,1,1,1,0,1,70,2,2,1,0,0,1,25.0,55.0,utilitaire_camion,deux_roues,1,2,1,1,2
202300024552,2023-05-26 17:30:00,2023,5,26,17,30,972,97213,ROUTE DEPARTEMENTALE 3,14.64645,-60.98954,Plein jour,Hors agglomération,Hors intersection,Normale,Trois véhicules et plus - collisions multiples,3,2,2,0,1,1,1,2,8,70,5,5,4,0,1,0,31.0,19.0,voiture,deux_roues,1,1,1,1,5
202300024553,2023-03-08 08:45:00,2023,3,8,8,45,37,37261,THALES DE MILET (RUE),47.42852,0.6903,Plein jour,En agglomération,Intersection en X,Pluie légère,Deux véhicules - côté,4,2,2,0,1,1,2,0,1,30,2,2,1,0,0,1,34.0,19.0,voiture,voiture,1,2,2,2,3
202300024553,2023-03-08 08:45:00,2023,3,8,8,45,37,37261,THALES DE MILET (RUE),47.42852,0.6903,Plein jour,En agglomération,Intersection en X,Pluie légère,Deux véhicules - côté,4,2,2,0,1,1,2,0,1,30,2,2,1,0,0,1,34.0,19.0,voiture,voiture,1,2,2,2,3
202300024554,2023-08-02 09:30:00,2023,8,2,9,30,74,74033,Route des avanchy,46.352378,6.638939,Plein jour,Hors agglomération,Hors intersection,Normale,Sans collision,4,2,2,0,2,1,1,0,1,80,1,1,0,0,1,0,48.0,,deux_roues,,1,1,1,1,7
202300024555,2023-09-12 02:08:00,2023,9,12,2,8,33,33122,AUTOROUTE A 63,44.748723,-0.697644,Nuit avec éclairage non allumé,Hors agglomération,Hors intersection,Pluie légère,Autre collision,1,3,4,0,1,1,2,0,3,130,1,1,0,0,0,1,53.0,,utilitaire_camion,,4,1,1,2,6
202300024556,2023-05-26 12:50:00,2023,5,26,12,50,69,69389,39 Rue Louis Bouquet,45.79635,4.81974,Plein jour,En agglomération,Hors intersection,Normale,Deux véhicules - côté,4,2,2,0,2,1,1,0,1,50,2,4,3,0,0,1,45.0,46.0,voiture,voiture,1,2,1,1,3
202300024557,2023-03-08 15:25:00,2023,3,8,15,25,35,35238,POTTIER (EUGENE),48.10218566,-1.71201378,Plein jour,En agglomération,Hors intersection,Normale,Autre collision,4,2,2,0,1,1,1,0,1,50,1,2,1,0,0,1,80.0,,voiture,,1,2,1,1,6
202300024558,2023-09-10 20:00:00,2023,9,10,20,0,62,62274,A1,50.43344,2.97836,Plein jour,Hors agglomération,Hors intersection,Normale,Deux véhicules - arrière,1,1,2,0,1,1,1,0,1,110,2,2,1,0,0,1,21.0,48.0,voiture,utilitaire_camion,1,1,1,1,2
202300024559,2023-08-08 07:30:00,2023,8,8,7,30,74,74001,,46.289308,6.747606,Plein jour,Hors agglomération,Intersection en T,Normale,Deux véhicules - côté,3,4,2,0,2,1,1,0,1,80,2,2,1,0,0,1,55.0,34.0,voiture,utilitaire_camion,1,1,3,1,3
202300024559,2023-08-08 07:30:00,2023,8,8,7,30,74,74001,,46.289308,6.747606,Plein jour,Hors agglomération,Intersection en T,Normale,Deux véhicules - côté,3,2, -1,-1,2,1,1,0,1,-1,2,2,1,0,0,1,55.0,34.0,voiture,utilitaire_camion,1,1,3,1,3
202300024560,2023-05-26 07:55:00,2023,5,26,7,55,69,69385,21 Rue Joliot Curie,45.75654969,4.79451618,Plein jour,En agglomération,Hors intersection,Temps éblouissant,Autre collision,4,2,2,2,1,1,1,9,1,30,1,2,1,0,0,1,21.0,,voiture,,1,2,1,7,6
202300024561,2023-03-08 13:05:00,2023,3,8,13,5,35,35051,PEUPLIERS (AVENUE DES),48.11208,-1.6122,Plein jour,En agglomération,Hors intersection,Pluie légère,Deux véhicules - frontale,4,2,2,0,1,1,2,0,1,50,2,2,0,0,0,2,36.0,21.0,voiture,voiture,1,2,1,2,1
202300024562,2023-08-17 13:22:00,2023,8,17,13,22,74,74063,139 Route de vonnes,46.265958,6.841537,Plein jour,En agglomération,Hors intersection,Normale,Autre collision,4,2,2,0,2,1,1,0,3,50,1,2,1,0,0,1,54.0,,transport_commun,,1,2,1,1,6
202300024563,2023-05-26 15:45:00,2023,5,26,15,45,971,97105,VICTOR HUGUES (RUE),15.99706,-61.72245,Plein jour,En agglomération,Hors intersection,Normale,Autre collision,4,2,2,0,1,1,1,0,1,50,1,2,1,0,0,1,50.0,,voiture,,1,2,1,1,6
202300024564,2023-03-08 19:10:00,2023,3,8,19,10,34,34172,925 Avenue du Marché Gare,43.58327,3.88742,Crépuscule ou aube,En agglomération,Intersection en X,Normale,Deux véhicules - côté,4,2,5,0,2,3,1,0,1,50,2,2,1,0,0,1,26.0,21.0,voiture,voiture,2,2,2,1,3
202300024564,2023-03-08 19:10:00,2023,3,8,19,10,34,34172,925 Avenue du Marché Gare,43.58327,3.88742,Crépuscule ou aube,En agglomération,Intersection en X,Normale,Deux véhicules - côté,4,2,4,0,2,2,1,0,1,50,2,2,1,0,0,1,26.0,21.0,voiture,voiture,2,2,2,1,3
202300024565,2023-07-30 14:15:00,2023,7,30,14,15,74,74250,Route de saint-laurent,46.055387,6.368841,Plein jour,Hors agglomération,Hors intersection,Normale,Deux véhicules - frontale,3,2,2,0,2,3,1,0,1,80,2,2,1,0,1,0,19.0,27.0,voiture,deux_roues,1,1,1,1,1
202300024566,2023-05-26 15:40:00,2023,5,26,15,40,95,95088,D170,48.97664,2.4302,Plein jour,Hors agglomération,Hors intersection,Normale,Deux véhicules - arrière,3,3,0,0,1,3,1,0,1,70,2,2,0,0,0,2,37.0,37.0,utilitaire_camion,deux_roues,1,1,1,1,2
202300024567,2023-03-08 08:30:00,2023,3,8,8,30,33,33318,Avenue Jean Bart,44.7816,-0.6774,Plein jour,En agglomération,Giratoire,Pluie légère,Autre collision,4,2,2,0,1,1,2,0,3,50,1,1,0,0,0,1,42.0,,voiture,,1,2,6,2,6
202300024567,2023-03-08 08:30:00,2023,3,8,8,30,33,33318,Avenue Jean Bart,44.7816,-0.6774,Plein jour,En agglomération,Giratoire,Pluie légère,Autre collision,4,2,2,0,1,1,2,0,3,50,1,1,0,0,0,1,42.0,,voiture,,1,2,6,2,6
202300024568,2023-09-10 05:50:00,2023,9,10,5,50,59,59386,ROUTE DEPARTEMENTALE 652,50.67063,3.03698,Nuit avec éclairage allumé,Hors agglomération,Hors intersection,Normale,Deux véhicules - arrière,7,-1,4,0,1,1,1,0,1,90,2,2,1,0,1,0,33.0,26.0,voiture,voiture,5,1,1,1,2
202300024569,2023-07-29 18:10:00,2023,7,29,18,10,74,74299,D909_,45.896908,6.164618,Plein jour,En agglomération,Hors intersection,Pluie légère,Deux véhicules - côté,3,2,2,0,2,1,2,0,1,50,2,2,1,0,0,1,28.0,16.0,voiture,deux_roues,1,2,1,2,3
202300024570,2023-03-08 20:15:00,2023,3,8,20,15,31,31557,BD VINCENT AURIOL,43.5871,1.34915,Nuit avec éclairage allumé,En agglomération,Giratoire,Normale,Autre collision,7,2,4,3,1,1,1,9,1,50,1,2,0,0,0,2,32.0,,deux_roues,,5,2,6,1,6
202300024571,2023-09-12 16:50:00,2023,9,12,16,50,91,91312,RD 444,48.74585,2.22035,Plein jour,Hors agglomération,Hors intersection,Pluie légère,Sans collision,3,2,0,0,2,1,2,0,1,70,1,1,0,0,0,1,36.0,,deux_roues,,1,1,1,2,7
202300024572,2023-07-26 13:00:00,2023,7,26,13,0,74,74010,271 Route des creuses (Seynod),45.888656,6.076437,Plein jour,En agglomération,Giratoire,Normale,Autre collision,3,3,1,0,1,1,1,0,8,50,1,2,1,0,1,0,36.0,,voiture,,1,2,6,1,6
202300024573,2023-09-12 14:25:00,2023,9,12,14,25,91,91228,AUTOROUTE A6,48.62661,2.41537,Plein jour,Hors agglomération,Hors intersection,Pluie légère,Deux véhicules - arrière,1,1,3,0,1,1,2,0,1,110,2,2,1,0,0,1,49.0,28.0,utilitaire_camion,utilitaire_camion,1,1,1,2,2
202300024574,2023-07-20 23:30:00,2023,7,20,23,30,74,74152,Route de poisy,45.904421,6.041347,Nuit sans éclairage public,En agglomération,Hors intersection,Normale,Deux véhicules - frontale,3,2,2,0,1,3,1,0,1,50,2,2,1,0,1,0,27.0,28.0,voiture,voiture,3,2,1,1,1
202300024575,2023-05-26 09:30:00,2023,5,26,9,30,91,91114,RUE DE LA GARE,48.69836,2.50486,Plein jour,En agglomération,Hors intersection,Temps éblouissant,Autre collision,4,2,2,0,2,1,1,0,1,30,1,2,1,0,1,0,63.0,,voiture,,1,2,1,7,6
202300024576,2023-09-12 08:50:00,2023,9,12,8,50,91,91161,AUTOROUTE A6,48.70219,2.3081,Plein jour,Hors agglomération,Hors intersection,Normale,Deux véhicules - côté,1,1,3,0,1,1,1,0,1,110,2,2,1,0,0,1,47.0,58.0,utilitaire_camion,deux_roues,1,1,1,1,3
202300024577,2023-03-08 15:20:00,2023,3,8,15,20,31,31483,D 5,43.09522,0.7365,Plein jour,En agglomération,Giratoire,Normale,Deux véhicules - côté,3,1,2,0,1,3,1,0,1,50,2,2,1,0,0,1,78.0,65.0,voiture,deux_roues,1,2,6,1,3
202300024577,2023-03-08 15:20:00,2023,3,8,15,20,31,31483,D 5,43.09522,0.7365,Plein jour,En agglomération,Giratoire,Normale,Deux véhicules - côté,3,2,2,0,1,3,1,0,1,90,2,2,1,0,0,1,78.0,65.0,voiture,deux_roues,1,2,6,1,3
202300024578,2023-06-14 16:50:00,2023,6,14,16,50,74,74040,Avenue du fer à cheval_,46.166572,6.339481,Plein jour,Hors agglomération,Hors intersection,Normale,Deux véhicules - arrière,3,2,2,0,1,1,1,0,1,70,2,2,1,0,1,0,31.0,55.0,voiture,deux_roues,1,1,1,1,2
202300024579,2023-05-26 12:45:00,2023,5,26,12,45,91,91027,RTE DE FONTAINEBLEAU,48.71702,2.37083,Plein jour,Hors agglomération,Hors intersection,Normale,Deux véhicules - côté,2,3,4,0,1,1,1,0,1,50,2,4,3,0,0,1,56.0,68.0,deux_roues,voiture,1,1,1,1,3
202300024580,2023-07-01 19:45:00,2023,7,1,19,45,13,13003,D23,43.721986,5.129843,Crépuscule ou aube,Hors agglomération,Hors intersection,Normale,Deux véhicules - arrière,3,2,2,0,1,2,1,0,3,80,1,4,0,0,4,0,20.0,,voiture,,2,1,1,1,2
202300024581,2023-09-12 18:20:00,2023,9,12,18,20,95,95488,A15,49.01546,2.14514,Plein jour,Hors agglomération,Hors intersection,Pluie légère,Trois véhicules et plus - en chaîne,1,-1,3,0,1,1,2,0,1,110,4,5,4,0,0,1,20.0,61.0,voiture,voiture,1,1,1,2,4
202300024582,2023-05-26 16:00:00,2023,5,26,16,0,91,91223,MAI 1945 (AVENUE DU 8),48.4373,2.16312,Plein jour,En agglomération,Giratoire,Normale,Autre collision,3,2,2,0,2,1,1,9,1,50,1,2,1,0,1,0,57.0,,voiture,,1,2,6,1,6
202300024582,2023-05-26 16:00:00,2023,5,26,16,0,91,91223,MAI 1945 (AVENUE DU 8),48.4373,2.16312,Plein jour,En agglomération,Giratoire,Normale,Autre collision,3,1,1,0,1,2,1,5,1,50,1,2,1,0,1,0,57.0,,voiture,,1,2,6,1,6
202300024583,2023-09-11 17:20:00,2023,9,11,17,20,92,92036,AUTOROUTE A15,48.94647077,2.28241919,Plein jour,Hors agglomération,Hors intersection,Normale,Deux véhicules - côté,1,-1,4,0,1,1,1,0,1,110,2,2,1,0,0,1,67.0,27.0,voiture,deux_roues,1,1,1,1,3
202300024584,2023-11-14 08:00:00,2023,11,14,8,0,974,97416,RN3 (1),-21.30977,55.49729,Plein jour,Hors agglomération,Hors intersection,Normale,Trois véhicules et plus - en chaîne,2,3,4,0,2,1,1,0,1,110,4,4,3,0,0,1,31.0,58.0,deux_roues,voiture,1,1,1,1,4
202300024585,2023-05-25 21:50:00,2023,5,25,21,50,87,87085,MAUVENDIERE (RUE DE LA),45.83295,1.24893,Nuit avec éclairage allumé,Hors agglomération,Hors intersection,Normale,Deux véhicules - arrière,4,2,2,0,1,1,1,0,1,30,2,2,1,0,0,1,22.0,,deux_roues,voiture,5,1,1,1,2
202300024586,2023-09-11 15:40:00,2023,9,11,15,40,95,95572,A15,49.03091888,2.12129607,Plein jour,Hors agglomération,Hors intersection,Normale,Autre collision,1,-1,4,0,1,3,1,0,1,70,1,1,0,0,0,1,77.0,,voiture,,1,1,1,1,6
202300024587,2023-11-14 07:00:00,2023,11,14,7,0,974,97409,MASCAREIGNES (Avenue des),-20.93685,55.64688,Plein jour,En agglomération,Hors intersection,Normale,Autre collision,4,2,2,0,1,1,1,0,1,50,1,3,1,0,0,2,,,voiture,,1,2,1,1,6
202300024588,2023-05-26 15:55:00,2023,5,26,15,55,86,86194,Avenue de l'Europe,46.592153,0.348008,Plein jour,En agglomération,Hors intersection,Normale,Sans collision,3,2,2,0,1,1,1,0,1,50,3,3,1,0,0,2,44.0,20.0,transport_commun,deux_roues,1,2,1,1,7
202300024589,2023-11-14 06:50:00,2023,11,14,6,50,974,97409,CAMBUSTON (rue de),-20.93221,55.64408,Plein jour,En agglomération,Hors intersection,Normale,Autre collision,2,2,2,0,1,1,1,0,1,50,1,2,1,0,0,1,,,voiture,,1,2,1,1,6
202300024590,2023-09-12 17:20:00,2023,9,12,17,20,75,75112,A4,48.818121,2.456369,Plein jour,Hors agglomération,Hors intersection,Pluie légère,Trois véhicules et plus - collisions multiples,1,-1,3,0,1,1,2,0,1,90,3,3,2,0,1,0,39.0,56.0,utilitaire_camion,deux_roues,1,1,1,2,5
202300024591,2023-05-26 13:50:00,2023,5,26,13,50,83,83137,CHARCOT (QUAI JEAN),43.1283,5.90052,Plein jour,En agglomération,Hors intersection,Normale,Deux véhicules - côté,4,1,2,0,1,1,1,0,1,30,2,2,1,1,0,0,73.0,74.0,deux_roues,utilitaire_camion,1,2,1,1,3
202300024592,2023-11-14 22:30:00,2023,11,14,22,30,974,97407,SIMON PERNIC (RUE) ,-20.93465,55.31635,Nuit avec éclairage allumé,En agglomération,Hors intersection,Normale,Autre collision,4,2,2,0,1,2,2,0,4,50,1,1,0,0,0,1,35.0,,voiture,,5,2,1,1,6
202300024593,2023-09-12 15:30:00,2023,9,12,15,30,94,94044,N406,48.75738975,2.47653199,Plein jour,Hors agglomération,Hors intersection,Pluie légère,Autre collision,2,1,2,0,1,1,2,0,1,90,1,1,0,0,0,1,33.0,,voiture,,1,1,1,2,6
202300024594,2023-11-14 18:20:00,2023,11,14,18,20,974,97407,OWENS JAMES,-20.93465,55.31635,Plein jour,En agglomération,Hors intersection,Pluie légère,Autre collision,4,-1,2,0,1,4,2,9,1,50,1,1,0,0,0,1,19.0,,voiture,,1,2,1,2,6
202300024595,2023-05-26 12:10:00,2023,5,26,12,10,83,83137,BRIAND (AVE ARISTIDE DE 1221 A FIN,43.12561,5.89693,Plein jour,En agglomération,Intersection en X,Normale,Deux véhicules - côté,3,1,2,0,2,1,1,0,1,50,2,2,1,0,0,1,59.0,18.0,voiture,deux_roues,1,2,2,1,3
202300024595,2023-05-26 12:10:00,2023,5,26,12,10,83,83137,BRIAND (AVE ARISTIDE DE 1221 A FIN,43.12561,5.89693,Plein jour,En agglomération,Intersection en X,Normale,Deux véhicules - côté,3,-1,4,0,1,1,1,0,1,50,2,2,1,0,0,1,59.0,18.0,voiture,deux_roues,1,2,2,1,3
202300024596,2023-09-11 12:45:00,2023,9,11,12,45,75,75112,A4,48.819242,2.458531,Plein jour,Hors agglomération,Hors intersection,Normale,Trois véhicules et plus - collisions multiples,1,3,5,0,1,1,1,0,1,90,3,3,2,0,0,1,47.0,39.0,utilitaire_camion,deux_roues,1,1,1,1,5
202300024597,2023-05-26 19:10:00,2023,5,26,19,10,78,78498,BON ROI SAINT LOUIS AVENUE,48.927511,2.025446,Plein jour,En agglomération,Hors intersection,Normale,Deux véhicules - arrière,3,2,2,0,1,1,1,0,1,50,2,2,1,0,0,1,43.0,24.0,voiture,voiture,1,2,1,1,2
202300024598,2023-09-11 02:30:00,2023,9,11,2,30,94,94069,A4,48.81713893,2.44226193,Nuit sans éclairage public,Hors agglomération,Hors intersection,Normale,Deux véhicules - côté,1,1,2,0,1,3,1,3,1,70,2,3,0,0,0,3,53.0,44.0,voiture,voiture,3,1,1,1,3
202300024599,2023-05-26 16:50:00,2023,5,26,16,50,76,76540,Rue Saint Eloi,49.44043,1.08658,Plein jour,En agglomération,Intersection en X,Normale,Autre collision,4,1, -1,0,1,1,1,-1,8,30,1,2,1,0,0,1,32.0,,voiture,,1,2,2,1,6
202300024599,2023-05-26 16:50:00,2023,5,26,16,50,76,76540,Rue Saint Eloi,49.44043,1.08658,Plein jour,En agglomération,Intersection en X,Normale,Autre collision,4,2,2,3,1,1,1,-1,8,30,1,2,1,0,0,1,32.0,,voiture,,1,2,2,1,6
202300024600,2023-09-10 03:45:00,2023,9,10,3,45,94,94022,A86,48.7766716,2.41970908,Nuit sans éclairage public,Hors agglomération,Hors intersection,Normale,Deux véhicules - côté,1,1,3,0,1,1,1,0,2,90,2,2,1,0,1,0,63.0,23.0,utilitaire_camion,deux_roues,3,1,1,1,3
202300024601,2023-05-25 15:40:00,2023,5,25,15,40,76,76351,FRISSARD (QUAI),49.49157,0.13257,Plein jour,En agglomération,Giratoire,Normale,Sans collision,4,2,2,0,1,1,1,0,1,50,1,1,0,0,0,1,25.0,,deux_roues,,1,2,6,1,7
202300024601,2023-05-25 15:40:00,2023,5,25,15,40,76,76351,FRISSARD (QUAI),49.49157,0.13257,Plein jour,En agglomération,Giratoire,Normale,Sans collision,4,2,2,0,1,1,1,0,1,50,1,1,0,0,0,1,25.0,,deux_roues,,1,2,6,1,7
202300024602,2023-11-14 20:10:00,2023,11,14,20,10,973,97309,TROUBIRAN (CHEMIN DE),4.91516,-52.31068,Plein jour,Hors agglomération,Intersection en T,Normale,Deux véhicules - côté,3,2,2,0,1,3,1,0,1,50,2,2,1,0,0,1,28.0,32.0,voiture,deux_roues,1,1,3,1,3
202300024602,2023-11-14 20:10:00,2023,11,14,20,10,973,97309,TROUBIRAN (CHEMIN DE),4.91516,-52.31068,Plein jour,Hors agglomération,Intersection en T,Normale,Deux véhicules - côté,3,2,2,0,1,1,1,0,1,50,2,2,1,0,0,1,28.0,32.0,voiture,deux_roues,1,1,3,1,3
202300024603,2023-06-27 01:10:00,2023,6,27,1,10,38,38276,D1085,45.562689,5.303577,Nuit sans éclairage public,En agglomération,Giratoire,Normale,Sans collision,3,2,2,0,1,3,1,5,4,70,1,1,0,0,1,0,38.0,,deux_roues,,3,2,6,1,7
202300024604,2023-06-18 15:00:00,2023,6,18,15,0,38,38197,Autoroute A432 - PK 022+000 sens VILLEFRANCHE/MARSEILLE,45.755278,5.091949,Plein jour,Hors agglomération,Hors intersection,Brouillard / fumée,Deux véhicules - arrière,1,3,2,0,1,1,1,0,1,130,2,5,2,0,0,3,77.0,64.0,voiture,voiture,1,1,1,5,2
202300024605,2023-06-18 10:45:00,2023,6,18,10,45,38,38287,Route de la Margotière,45.422346,5.472067,Plein jour,Hors agglomération,Hors intersection,Normale,Sans collision,4,2,2,0,1,3,9,0,1,80,1,1,0,0,1,0,63.0,,deux_roues,,1,1,1,1,7