accident_id,datetime,annee,mois,jour,heure,minute,departement,commune_insee,adresse,latitude,longitude,luminosite,agglomeration,intersection,meteo,collision,catr,circ,nbv,vosp,prof,plan,surf,infra,situ,vma,nb_vehicules,nb_usagers,nb_indemnes,nb_tues,nb_blesses_hosp,nb_blesses_legers,age_cond_1,age_cond_2,veh_type_cond_1,veh_type_cond_2,lum_code,agg_code,int_code,atm_code,col_code
202300024676,2023-12-18 11:30:00,2023,12,18,11,30,54,54578,Boulevard Saint Bernard,48.65833806,6.11113697,Plein jour,En agglomération,Intersection en T,Normale,Autre collision,4,2, -1,0,1,1,1,0,1,30,1,3,2,0,0,1,,,voiture,,1,2,3,1,6
202300024677,2023-11-12 19:00:00,2023,11,12,19,0,84,84007,TARASCON ( Avenue de),43.92618,4.80947,Nuit avec éclairage allumé,En agglomération,Hors intersection,Normale,Deux véhicules - arrière,4,3,4,3,1,1,1,0,6,50,2,4,2,0,0,2,,39.0,voiture,voiture,5,2,1,1,2
202300024678,2023-09-07 18:19:00,2023,9,7,18,19,93,93053,Rue Jean Jaurès / Rue de Brément,48.89019,2.45311,Plein jour,En agglomération,Place,Temps éblouissant,Deux véhicules - côté,3,3,4,2,1,1,1,5,1,50,2,2,1,0,1,0,30.0,51.0,deux_roues,deux_roues,1,2,7,7,3
202300024678,2023-09-07 18:19:00,2023,9,7,18,19,93,93053,Rue Jean Jaurès / Rue de Brément,48.89019,2.45311,Plein jour,En agglomération,Place,Temps éblouissant,Deux véhicules - côté,3,3,3,3,1,1,1,0,1,50,2,2,1,0,1,0,30.0,51.0,deux_roues,deux_roues,1,2,7,7,3
202300024679,2023-09-11 17:45:00,2023,9,11,17,45,93,93051,Rue Jules Ferry / Rue des Hauts Roseaux,48.84782,2.5765,Plein jour,En agglomération,Intersection en T,Normale,Autre collision,4,2,2,0,1,1,1,0,1,50,1,2,1,0,0,1,82.0,,voiture,,1,2,3,1,6
202300024679,2023-09-11 17:45:00,2023,9,11,17,45,93,93051,Rue Jules Ferry / Rue des Hauts Roseaux,48.84782,2.5765,Plein jour,En agglomération,Intersection en T,Normale,Autre collision,4,2,2,1,1,1,1,0,1,50,1,2,1,0,0,1,82.0,,voiture,,1,2,3,1,6
202300024680,2023-11-12 10:37:00,2023,11,12,10,37,84,84007,PIERRE SEMARD (avenue),43.93933,4.82126,Plein jour,En agglomération,Giratoire,Normale,Deux véhicules - côté,4,2,2,0,1,1,1,5,1,50,2,2,1,0,1,0,77.0,55.0,deux_roues,voiture,1,2,6,1,3
202300024680,2023-11-12 10:37:00,2023,11,12,10,37,84,84007,PIERRE SEMARD (avenue),43.93933,4.82126,Plein jour,En agglomération,Giratoire,Normale,Deux véhicules - côté,4,2,2,0,1,1,1,5,1,50,2,2,1,0,1,0,77.0,55.0,deux_roues,voiture,1,2,6,1,3
202300024681,2023-12-18 15:40:00,2023,12,18,15,40,54,54575,D26B,49.47185,5.833913,Plein jour,En agglomération,Intersection en T,Normale,Deux véhicules - frontale,3,2, -1,0,1,1,1,0,1,50,2,4,0,0,0,4,45.0,35.0,voiture,voiture,1,2,3,1,1
202300024681,2023-12-18 15:40:00,2023,12,18,15,40,54,54575,D26B,49.47185,5.833913,Plein jour,En agglomération,Intersection en T,Normale,Deux véhicules - frontale,3,2,2,-1,1,1,1,0,1,50,2,4,0,0,0,4,45.0,35.0,voiture,voiture,1,2,3,1,1
202300024682,2023-09-11 10:30:00,2023,9,11,10,30,93,93077,Boulevard Carnot / Avenue Detouche,48.88713,2.51677,Plein jour,En agglomération,Intersection en X,Normale,Deux véhicules - côté,4,1,1,0,1,1,1,1,1,50,2,2,1,0,0,1,62.0,62.0,voiture,voiture,1,2,2,1,3
202300024682,2023-09-11 10:30:00,2023,9,11,10,30,93,93077,Boulevard Carnot / Avenue Detouche,48.88713,2.51677,Plein jour,En agglomération,Intersection en X,Normale,Deux véhicules - côté,4,2,2,0,1,1,1,1,1,50,2,2,1,0,0,1,62.0,62.0,voiture,voiture,1,2,2,1,3
202300024683,2023-12-19 02:00:00,2023,12,19,2,0,51,51454,VAL CLAIR (RUE),49.22229,4.10811,Nuit avec éclairage allumé,En agglomération,Hors intersection,Normale,Sans collision,4,2,1,0,1,1,1,0,1,50,1,1,0,0,0,1,23.0,,voiture,,5,2,1,1,7
202300024684,2023-11-14 08:20:00,2023,11,14,8,20,84,84007,C.De GAULLE (Rocade),43.9455,4.83612,Plein jour,En agglomération,Intersection en Y,Normale,Autre collision,3,3,4,0,1,3,1,3,1,50,1,1,0,1,0,0,38.0,,voiture,,1,2,4,1,6
202300024684,2023-11-14 08:20:00,2023,11,14,8,20,84,84007,C.De GAULLE (Rocade),43.9455,4.83612,Plein jour,En agglomération,Intersection en Y,Normale,Autre collision,3,2,2,0,1,3,1,0,1,50,1,1,0,1,0,0,38.0,,voiture,,1,2,4,1,6
202300024685,2023-09-10 02:45:00,2023,9,10,2,45,92,92022,SALENGRO (AVENUE ROGER),48.80681,2.18552,Nuit avec éclairage non allumé,En agglomération,Hors intersection,Normale,Deux véhicules - frontale,3,2,4,2,1,1,1,0,1,50,2,2,1,0,0,1,,23.0,deux_roues,deux_roues,4,2,1,1,1
202300024686,2023-12-17 19:10:00,2023,12,17,19,10,50,50129,RUE DES RIVIERES,49.66134,-1.68161,Nuit avec éclairage allumé,En agglomération,Giratoire,Normale,Autre collision,4,1,1,0,1,2,1,0,1,50,1,2,1,0,1,0,63.0,,voiture,,5,2,6,1,6
202300024686,2023-12-17 19:10:00,2023,12,17,19,10,50,50129,RUE DES RIVIERES,49.66134,-1.68161,Nuit avec éclairage allumé,En agglomération,Giratoire,Normale,Autre collision,4,2,2,0,1,3,1,0,1,50,1,2,1,0,1,0,63.0,,voiture,,5,2,6,1,6
202300024687,2023-11-05 01:30:00,2023,11,5,1,30,83,83069,AEROPORT (AVENUE DE L'),43.09515233,6.13666579,Nuit avec éclairage allumé,En agglomération,Intersection en X,Normale,Sans collision,3,2,3,0,1,1,1,5,3,50,1,3,2,0,1,0,22.0,,voiture,,5,2,2,1,7
202300024687,2023-11-05 01:30:00,2023,11,5,1,30,83,83069,AEROPORT (AVENUE DE L'),43.09515233,6.13666579,Nuit avec éclairage allumé,En agglomération,Intersection en X,Normale,Sans collision,3,2,2,0,1,1,1,5,3,50,1,3,2,0,1,0,22.0,,voiture,,5,2,2,1,7
202300024688,2023-09-11 18:15:00,2023,9,11,18,15,92,92050,LENINE VLADIMIR ILITCH AVENUE,48.8882789,2.19340235,Plein jour,En agglomération,Intersection en T,Normale,Deux véhicules - frontale,3,2,4,0,1,1,1,5,1,50,2,3,2,0,1,0,34.0,20.0,voiture,voiture,1,2,3,1,1
202300024688,2023-09-11 18:15:00,2023,9,11,18,15,92,92050,LENINE VLADIMIR ILITCH AVENUE,48.8882789,2.19340235,Plein jour,En agglomération,Intersection en T,Normale,Deux véhicules - frontale,3,2,4,0,1,1,1,5,1,50,2,3,2,0,1,0,34.0,20.0,voiture,voiture,1,2,3,1,1
202300024689,2023-12-19 08:00:00,2023,12,19,8,0,49,49007,PATTON AVENUE,47.4731,-0.60237,Crépuscule ou aube,En agglomération,Hors intersection,Normale,Deux véhicules - côté,4,2,2,0,1,1,1,0,1,50,2,2,1,0,0,1,12.0,52.0,deux_roues,voiture,2,2,1,1,3
202300024690,2023-09-05 21:20:00,2023,9,5,21,20,92,92036,LAURENT CELY (AVENUE) (2/152),48.91741984,2.30752273,Nuit avec éclairage allumé,En agglomération,Intersection en T,Normale,Autre collision,3,2,2,0,1,1,1,0,1,50,2,3,2,0,0,1,53.0,33.0,voiture,deux_roues,5,2,3,1,6
202300024690,2023-09-05 21:20:00,2023,9,5,21,20,92,92036,LAURENT CELY (AVENUE) (2/152),48.91741984,2.30752273,Nuit avec éclairage allumé,En agglomération,Intersection en T,Normale,Autre collision,3,1,1,0,1,1,1,0,1,50,2,3,2,0,0,1,53.0,33.0,voiture,deux_roues,5,2,3,1,6
202300024691,2023-12-18 07:15:00,2023,12,18,7,15,49,49007,GAULLE BOULEVARD CHARLES DE,47.46975,-0.56164,Nuit avec éclairage allumé,En agglomération,Hors intersection,Normale,Deux véhicules - côté,4,3,6,2,2,1,1,0,1,50,2,2,1,0,1,0,21.0,25.0,deux_roues,voiture,5,2,1,1,3
202300024692,2023-11-13 17:45:00,2023,11,13,17,45,83,83069,CORPS (AVENUE DU XVEME),43.1224,6.1422,Nuit avec éclairage allumé,En agglomération,Hors intersection,Normale,Autre collision,4,2,2,0,1,1,1,0,1,50,1,2,0,0,1,1,45.0,,voiture,,5,2,1,1,6
202300024693,2023-09-11 19:55:00,2023,9,11,19,55,92,92071,GENERAL LECLERC (AVENUE DU),48.77218,2.31231,Plein jour,En agglomération,Hors intersection,Normale,Sans collision,3,3,4,0,1,1,1,0,4,50,1,2,1,0,0,1,19.0,,autre,,1,2,1,1,7
202300024694,2023-09-11 14:10:00,2023,9,11,14,10,92,92032,LOMBARD (AVENUE),48.7882564,2.29340851,Plein jour,En agglomération,Hors intersection,Normale,Autre collision,3,2,2,0,2,2,1,0,1,30,1,2,1,0,0,1,31.0,,voiture,,1,2,1,1,6
202300024695,2023-12-18 08:17:00,2023,12,18,8,17,49,49007,MILLOT BOULEVARD JACQUES,47.45301,-0.53857,Crépuscule ou aube,En agglomération,Hors intersection,Normale,Deux véhicules - côté,4,3,4,0,1,1,1,0,1,50,2,2,1,0,0,1,41.0,28.0,voiture,voiture,2,2,1,1,3
202300024696,2023-11-13 17:18:00,2023,11,13,17,18,83,83061,ROND-POINT DE L'EUROPE,43.44322,6.73923,Plein jour,En agglomération,Giratoire,Normale,Deux véhicules - côté,3,1,2,0,1,1,1,0,1,50,2,2,1,0,1,0,59.0,28.0,deux_roues,voiture,1,2,6,1,3
202300024696,2023-11-13 17:18:00,2023,11,13,17,18,83,83061,ROND-POINT DE L'EUROPE,43.44322,6.73923,Plein jour,En agglomération,Giratoire,Normale,Deux véhicules - côté,3,-1,2,0,1,2,1,5,1,50,2,2,1,0,1,0,59.0,28.0,deux_roues,voiture,1,2,6,1,3
202300024697,2023-09-11 13:10:00,2023,9,11,13,10,92,92007,BRIAND (AVENUE ARISTIDE) N° 2 A 98,48.79622,2.32187,Plein jour,En agglomération,Hors intersection,Normale,Deux véhicules - côté,3,2,2,1,1,1,1,0,1,50,2,5,0,0,0,5,22.0,39.0,voiture,voiture,1,2,1,1,3
202300024698,2023-12-18 17:45:00,2023,12,18,17,45,45,45169,12 Rue Pierre et Marie Curie,47.9007,1.8519,Nuit avec éclairage allumé,En agglomération,Hors intersection,Normale,Deux véhicules - côté,4,2,2,1,1,1,1,0,1,50,2,2,1,0,0,1,24.0,24.0,voiture,deux_roues,5,2,1,1,3
202300024699,2023-11-09 08:50:00,2023,11,9,8,50,80,80021,RAPHAEL (RUE),49.91998,2.29124,Plein jour,En agglomération,Intersection en T,Normale,Deux véhicules - côté,4,2,3,0,1,1,1,0,1,50,2,2,1,0,0,1,20.0,38.0,voiture,voiture,1,2,3,1,3
202300024699,2023-11-09 08:50:00,2023,11,9,8,50,80,80021,RAPHAEL (RUE),49.91998,2.29124,Plein jour,En agglomération,Intersection en T,Normale,Deux véhicules - côté,4,2,3,0,1,1,1,0,1,50,2,2,1,0,0,1,20.0,38.0,voiture,voiture,1,2,3,1,3
202300024700,2023-09-10 10:46:00,2023,9,10,10,46,92,92004,PONT D'ASNIERES,48.90489,2.28774,Plein jour,En agglomération,Intersection en X,Normale,Deux véhicules - côté,3,-1,1,0,1,1,1,0,1,50,2,3,2,0,0,1,50.0,53.0,voiture,voiture,1,2,2,1,3
202300024700,2023-09-10 10:46:00,2023,9,10,10,46,92,92004,PONT D'ASNIERES,48.90489,2.28774,Plein jour,En agglomération,Intersection en X,Normale,Deux véhicules - côté,3,-1,2,0,1,1,1,0,1,50,2,3,2,0,0,1,50.0,53.0,voiture,voiture,1,2,2,1,3
202300024701,2023-12-19 17:37:00,2023,12,19,17,37,37,37122,JEAN JAURES,47.34853,0.66142,Nuit avec éclairage allumé,En agglomération,Hors intersection,Pluie légère,Autre collision,4,2,2,0,2,1,2,0,1,50,1,3,1,0,0,2,24.0,,voiture,,5,2,1,2,6
202300024702,2023-11-14 16:30:00,2023,11,14,16,30,78,78624,GRANDE RUE DE PISSEFONTAINE,48.978708,2.013502,Crépuscule ou aube,En agglomération,Hors intersection,Pluie légère,Autre collision,4,2,1,0,2,1,2,6,1,50,1,2,1,0,0,1,,,autre,,2,2,1,2,6
202300024703,2023-09-12 14:00:00,2023,9,12,14,0,39,39393,,46.783686,6.024638,Plein jour,Hors agglomération,Intersection en X,Normale,Deux véhicules - côté,3,2,2,0,1,1,1,0,1,80,2,3,0,0,2,1,19.0,59.0,voiture,voiture,1,1,2,1,3
202300024703,2023-09-12 14:00:00,2023,9,12,14,0,39,39393,,46.783686,6.024638,Plein jour,Hors agglomération,Intersection en X,Normale,Deux véhicules - côté,3,2,2,0,1,1,1,0,1,80,2,3,0,0,2,1,19.0,59.0,voiture,voiture,1,1,2,1,3
202300024704,2023-12-19 18:15:00,2023,12,19,18,15,35,35115,CHESNARDIERE (BD DE LA DU N°2 AU N°34),48.347183,-1.195815,Nuit avec éclairage allumé,En agglomération,Hors intersection,Normale,Autre collision,4,2,2,3,1,1,1,0,1,30,1,2,1,0,0,1,23.0,,voiture,,5,2,1,1,6
202300024705,2023-11-14 13:30:00,2023,11,14,13,30,77,77479,AV JEAN JAURES,48.87384,2.63792,Plein jour,En agglomération,Hors intersection,Pluie légère,Autre collision,4,2,2,0,1,1,2,0,1,30,1,2,1,0,0,1,75.0,,voiture,,1,2,1,2,6
202300024706,2023-09-10 17:00:00,2023,9,10,17,0,74,74010,A41,45.895624,6.087102,Plein jour,Hors agglomération,Autre intersection,Normale,Autre collision,1,1,3,0,1,1,1,3,5,110,2,2,1,0,0,1,56.0,52.0,deux_roues,voiture,1,1,9,1,6
202300024707,2023-12-19 08:53:00,2023,12,19,8,53,34,34129,JARDINS DE MAGUELONNE (CHEMIN DES),43.55695,3.87572,Plein jour,En agglomération,Hors intersection,Temps éblouissant,Autre collision,4,1,1,0,1,1,1,0,1,50,1,2,1,1,0,0,29.0,,voiture,,1,2,1,7,6
202300024708,2023-11-13 12:13:00,2023,11,13,12,13,77,77276,A 140,48.916357,2.875212,Plein jour,Hors agglomération,Hors intersection,Pluie forte,Deux véhicules - frontale,1,3,4,0,2,2,2,0,2,110,1,1,0,0,0,1,31.0,,voiture,,1,1,1,3,1
202300024709,2023-08-21 08:40:00,2023,8,21,8,40,17,17152,RD 730,45.549978,-0.790608,Plein jour,Hors agglomération,Intersection en T,Normale,Deux véhicules - côté,3,2,2,0,1,1,1,5,1,80,2,2,1,0,1,0,34.0,20.0,deux_roues,voiture,1,1,3,1,3
202300024709,2023-08-21 08:40:00,2023,8,21,8,40,17,17152,RD 730,45.549978,-0.790608,Plein jour,Hors agglomération,Intersection en T,Normale,Deux véhicules - côté,3,2,2,-1,1,1,1,5,1,70,2,2,1,0,1,0,34.0,20.0,deux_roues,voiture,1,1,3,1,3
202300024710,2023-12-19 19:35:00,2023,12,19,19,35,33,33318,Rue du Plateau de Noès,44.80851,-0.64339,Nuit avec éclairage allumé,En agglomération,Hors intersection,Normale,Deux véhicules - frontale,4,2,2,0,1,2,1,0,1,50,2,2,1,0,0,1,17.0,52.0,deux_roues,deux_roues,5,2,1,1,1
202300024711,2023-11-13 11:40:00,2023,11,13,11,40,76,76351,GRAND HAMEAU (Avenue du ),49.52061,0.11071,Plein jour,En agglomération,Intersection en T,Pluie légère,Autre collision,4,2,2,0,1,1,2,0,1,50,1,1,0,0,1,0,57.0,,voiture,,1,2,3,2,6
202300024711,2023-11-13 11:40:00,2023,11,13,11,40,76,76351,GRAND HAMEAU (Avenue du ),49.52061,0.11071,Plein jour,En agglomération,Intersection en T,Pluie légère,Autre collision,4,2,5,0,1,1,2,0,1,50,1,1,0,0,1,0,57.0,,voiture,,1,2,3,2,6
202300024712,2023-09-11 19:15:00,2023,9,11,19,15,41,41234,La Coutussiere,47.554964,1.123663,Plein jour,Hors agglomération,Hors intersection,Pluie forte,Deux véhicules - frontale,3,2,2,0,1,2,2,0,1,80,2,3,1,0,2,0,37.0,58.0,voiture,voiture,1,1,1,3,1
202300024713,2023-12-19 18:50:00,2023,12,19,18,50,33,33318,Esplanade des Antilles,44.79514,-0.61732,Nuit avec éclairage allumé,En agglomération,Hors intersection,Normale,Deux véhicules - côté,4,2,1,0,1,1,1,0,1,30,2,2,1,0,0,1,22.0,74.0,deux_roues,voiture,5,2,1,1,3
202300024714,2023-11-13 09:40:00,2023,11,13,9,40,76,76351,BOIS AU COQ (AVENUE),49.5184,0.11668,Plein jour,En agglomération,Intersection en X,Pluie légère,Deux véhicules - frontale,4,-1,4,0,1,1,2,0,1,50,2,3,2,0,0,1,22.0,25.0,voiture,utilitaire_camion,1,2,2,2,1
202300024714,2023-11-13 09:40:00,2023,11,13,9,40,76,76351,BOIS AU COQ (AVENUE),49.5184,0.11668,Plein jour,En agglomération,Intersection en X,Pluie légère,Deux véhicules - frontale,4,2,2,0,1,1,2,0,1,50,2,3,2,0,0,1,22.0,25.0,voiture,utilitaire_camion,1,2,2,2,1
202300024715,2023-09-11 21:00:00,2023,9,11,21,0,42,42338,Route de Roanne,46.089841,4.116536,Nuit sans éclairage public,Hors agglomération,Intersection en X,Normale,Deux véhicules - côté,3,2,2,0,1,1,1,0,1,80,2,3,2,0,0,1,20.0,56.0,deux_roues,utilitaire_camion,3,1,2,1,3
202300024715,2023-09-11 21:00:00,2023,9,11,21,0,42,42338,Route de Roanne,46.089841,4.116536,Nuit sans éclairage public,Hors agglomération,Intersection en X,Normale,Deux véhicules - côté,3,2,2,0,1,1,1,0,1,80,2,3,2,0,0,1,20.0,56.0,deux_roues,utilitaire_camion,3,1,2,1,3
202300024716,2023-12-19 08:40:00,2023,12,19,8,40,33,33281,Avenue du Chut,44.84888,-0.66402,Plein jour,En agglomération,Intersection en T,Normale,Trois véhicules et plus - collisions multiples,4,2,2,0,1,1,2,0,1,50,3,3,2,0,1,0,54.0,32.0,utilitaire_camion,voiture,1,2,3,1,5
202300024716,2023-12-19 08:40:00,2023,12,19,8,40,33,33281,Avenue du Chut,44.84888,-0.66402,Plein jour,En agglomération,Intersection en T,Normale,Trois véhicules et plus - collisions multiples,4,-1, -1,-1,1,1,2,0,1,-1,3,3,2,0,1,0,54.0,32.0,utilitaire_camion,voiture,1,2,3,1,5
202300024717,2023-11-10 22:39:00,2023,11,10,22,39,76,76351,GENERAL SARRAIL,49.49588,0.11902,Nuit avec éclairage allumé,En agglomération,Intersection en X,Normale,Deux véhicules - côté,4,2,2,0,1,1,1,0,1,50,2,2,0,0,0,2,37.0,45.0,voiture,voiture,5,2,2,1,3
202300024717,2023-11-10 22:39:00,2023,11,10,22,39,76,76351,GENERAL SARRAIL,49.49588,0.11902,Nuit avec éclairage allumé,En agglomération,Intersection en X,Normale,Deux véhicules - côté,4,2,2,0,1,1,1,0,1,50,2,2,0,0,0,2,37.0,45.0,voiture,voiture,5,2,2,1,3
202300024718,2023-09-11 14:55:00,2023,9,11,14,55,12,12033,Route d'Espalion,44.470691,2.729647,Plein jour,En agglomération,Hors intersection,Normale,Trois véhicules et plus - en chaîne,3,2,2,0,2,1,1,0,1,50,4,6,4,0,1,1,24.0,37.0,voiture,voiture,1,2,1,1,4
202300024719,2023-12-19 17:10:00,2023,12,19,17,10,29,29039,13 Rue Lucien Vidie,47.893759,-3.915586,Nuit avec éclairage allumé,En agglomération,Hors intersection,Pluie légère,Autre collision,4,-1,0,0,1,1,2,9,8,50,1,2,1,0,0,1,87.0,,voiture,,5,2,1,2,6
202300024720,2023-11-09 16:30:00,2023,11,9,16,30,73,73011,R.N. 90 DE PT PIERRE DU ROY A C. DE TOUR,45.66117,6.41458,Crépuscule ou aube,Hors agglomération,Hors intersection,Pluie légère,Trois véhicules et plus - collisions multiples,2,3,4,0,1,1,2,0,1,110,3,3,1,0,0,2,34.0,49.0,voiture,voiture,2,1,1,2,5
202300024721,2023-09-11 11:10:00,2023,9,11,11,10,01,01209,D1206,46.11493,5.882698,Plein jour,En agglomération,Hors intersection,Normale,Deux véhicules - frontale,3,2,2,0,2,1,1,0,1,50,2,2,0,0,1,1,72.0,41.0,voiture,voiture,1,2,1,1,1
202300024722,2023-09-10 22:45:00,2023,9,10,22,45,67,67106,D929,48.756231,7.96321,Nuit avec éclairage allumé,En agglomération,Hors intersection,Normale,Autre collision,3,2,2,1,1,1,1,0,1,50,1,2,0,0,1,1,19.0,,voiture,,5,2,1,1,6
202300024723,2023-11-13 11:35:00,2023,11,13,11,35,72,72003,CHATELET (RUE DU),47.94631,0.14206,Plein jour,En agglomération,Autre intersection,Pluie forte,Deux véhicules - frontale,4,2,2,0,1,3,2,0,1,50,2,3,1,0,0,2,24.0,29.0,voiture,voiture,1,2,9,3,1
202300024724,2023-06-22 13:25:00,2023,6,22,13,25,34,34270,RM612,43.559216,3.848991,Plein jour,Hors agglomération,Hors intersection,Pluie forte,Deux véhicules - arrière,7,2,2,0,2,1,2,0,1,80,2,2,1,0,1,0,83.0,44.0,voiture,voiture,1,1,1,3,2
202300024725,2023-11-14 18:40:00,2023,11,14,18,40,69,69266,Avenue Roger Salengro,45.78159895,4.88661517,Nuit avec éclairage allumé,En agglomération,Intersection en X,Pluie légère,Autre collision,4,1,1,2,1,1,2,0,6,30,1,2,1,0,0,1,47.0,,deux_roues,,5,2,2,2,6
202300024725,2023-11-14 18:40:00,2023,11,14,18,40,69,69266,Avenue Roger Salengro,45.78159895,4.88661517,Nuit avec éclairage allumé,En agglomération,Intersection en X,Pluie légère,Autre collision,4,2,3,2,1,1,2,0,6,50,1,2,1,0,0,1,47.0,,deux_roues,,5,2,2,2,6
202300024726,2023-09-10 22:15:00,2023,9,10,22,15,76,76361,route départementale 940,49.613032,0.155847,Nuit sans éclairage public,Hors agglomération,Hors intersection,Normale,Autre collision,3,2,2,0,1,1,1,0,1,80,1,2,1,0,0,1,65.0,,deux_roues,,3,1,1,1,6
202300024727,2023-12-19 08:00:00,2023,12,19,8,0,17,17415,CHERMIGNAC RUE DE,45.72609,-0.65235,Nuit sans éclairage public,Hors agglomération,Hors intersection,Temps couvert,Deux véhicules - frontale,4,2,2,0,4,1,1,0,1,80,2,3,0,0,0,3,22.0,29.0,voiture,voiture,3,1,1,8,1
202300024728,2023-09-11 17:30:00,2023,9,11,17,30,2B,2B342,rt 10,41.939653,9.393332,Plein jour,Hors agglomération,Autre intersection,Normale,Deux véhicules - arrière,2,2,2,0,1,1,1,0,1,70,2,2,1,0,1,0,53.0,40.0,deux_roues,voiture,1,1,9,1,2
202300024729,2023-11-14 17:50:00,2023,11,14,17,50,69,69256,Route de Genas,45.74836704,4.92028606,Nuit avec éclairage allumé,En agglomération,Hors intersection,Pluie légère,Deux véhicules - côté,7,2,2,3,1,1,2,0,1,50,2,2,1,0,0,1,29.0,30.0,voiture,deux_roues,5,2,1,2,3
202300024730,2023-12-19 08:50:00,2023,12,19,8,50,15,15014,Avenue du Général Leclerc,44.91067,2.44444,Plein jour,En agglomération,Hors intersection,Normale,Autre collision,4,2,2,0,1,1,1,6,1,50,1,2,1,0,0,1,30.0,,utilitaire_camion,,1,2,1,1,6
202300024731,2023-09-12 15:00:00,2023,9,12,15,0,33,33296,D17,44.822425,-0.042426,Plein jour,Hors agglomération,Hors intersection,Normale,Autre collision,3,2,2,0,1,3,2,0,3,80,1,1,0,0,1,0,57.0,,voiture,,1,1,1,1,6
202300024732,2023-11-14 08:30:00,2023,11,14,8,30,69,69290,Chemin du Charbonnier,45.69715,4.90224,Plein jour,En agglomération,Giratoire,Pluie légère,Autre collision,4,1,1,0,1,1,2,9,8,50,1,2,1,0,0,1,50.0,,utilitaire_camion,,1,2,6,2,6
202300024732,2023-11-14 08:30:00,2023,11,14,8,30,69,69290,Chemin du Charbonnier,45.69715,4.90224,Plein jour,En agglomération,Giratoire,Pluie légère,Autre collision,4,1,1,2,1,1,2,0,1,50,1,2,1,0,0,1,50.0,,utilitaire_camion,,1,2,6,2,6
202300024733,2023-09-11 17:56:00,2023,9,11,17,56,81,81101,N88,43.99036,2.174456,Plein jour,Hors agglomération,Hors intersection,Normale,Deux véhicules - côté,2,1,0,0,1,1,1,9,1,110,2,2,1,0,1,0,59.0,34.0,deux_roues,voiture,1,1,1,1,3
202300024734,2023-11-13 22:30:00,2023,11,13,22,30,69,69290,Rue de l'Industrie,45.68842024,4.93208368,Nuit avec éclairage allumé,En agglomération,Hors intersection,Normale,Autre collision,4,2,2,0,1,1,1,0,4,50,1,1,0,0,1,0,45.0,,voiture,,5,2,1,1,6
202300024735,2023-09-11 18:30:00,2023,9,11,18,30,71,71370,route de roche,46.56305,4.02039,Plein jour,Hors agglomération,Hors intersection,Normale,Deux véhicules - frontale,4,2,2,0,2,2,1,0,1,80,2,2,0,0,0,2,44.0,23.0,voiture,voiture,1,1,1,1,1
202300024736,2023-12-19 04:50:00,2023,12,19,4,50,13,13103,AVENUE FABRE -JULIEN,43.63954,5.10254,Nuit avec éclairage allumé,En agglomération,Intersection en T,Normale,Deux véhicules - côté,4,2,2,0,1,1,1,0,1,50,2,5,1,0,0,4,33.0,,voiture,voiture,5,2,3,1,3
202300024736,2023-12-19 04:50:00,2023,12,19,4,50,13,13103,AVENUE FABRE -JULIEN,43.63954,5.10254,Nuit avec éclairage allumé,En agglomération,Intersection en T,Normale,Deux véhicules - côté,4,1,0,0,1,1,1,0,1,50,2,5,1,0,0,4,33.0,,voiture,voiture,5,2,3,1,3
202300024737,2023-11-13 15:30:00,2023,11,13,15,30,69,69290,Rue de l'Egalité,45.69177,4.94633,Plein jour,En agglomération,Hors intersection,Temps couvert,Deux véhicules - côté,4,2,4,2,1,1,2,0,5,50,2,2,1,0,0,1,50.0,29.0,deux_roues,voiture,1,2,1,8,3
202300024738,2023-09-11 10:40:00,2023,9,11,10,40,46,46086,Rue de Malastreges,44.963485,1.562977,Plein jour,Hors agglomération,Hors intersection,Normale,Autre collision,3,2,2,0,1,2,1,0,3,80,1,2,1,0,1,0,77.0,,voiture,,1,1,1,1,6
202300024739,2023-12-20 01:05:00,2023,12,20,1,5,13,13214,CAPITAINE GEZE (BOULEVARD),43.33124,5.37408,Nuit avec éclairage allumé,En agglomération,Hors intersection,Normale,Deux véhicules - frontale,4,2,0,0,1,1,1,0,1,50,2,2,1,0,0,1,19.0,,voiture,voiture,5,2,1,1,1
202300024740,2023-09-12 08:30:00,2023,9,12,8,30,44,44116,29 Rue René Moritz,47.283443,-2.032433,Crépuscule ou aube,En agglomération,Hors intersection,Normale,Autre collision,3,2,2,0,1,1,1,6,6,50,1,2,1,0,1,0,46.0,,voiture,,2,2,1,1,6
202300024741,2023-11-09 17:30:00,2023,11,9,17,30,69,69091,Chemin de la Forestière,45.59157378,4.73840557,Crépuscule ou aube,En agglomération,Hors intersection,Pluie légère,Deux véhicules - frontale,4,2,2,0,1,1,2,0,1,50,2,3,0,0,2,1,41.0,56.0,voiture,voiture,2,2,1,2,1
202300024742,2023-12-19 14:30:00,2023,12,19,14,30,13,13203,STRASBOURG (BOULEVARD),43.30904,5.37837,Plein jour,En agglomération,Intersection en X,Normale,Deux véhicules - frontale,4,-1,1,0,1,1,1,0,1,50,2,2,1,0,0,1,27.0,26.0,transport_commun,deux_roues,1,2,2,1,1
202300024742,2023-12-19 14:30:00,2023,12,19,14,30,13,13203,STRASBOURG (BOULEVARD),43.30904,5.37837,Plein jour,En agglomération,Intersection en X,Normale,Deux véhicules - frontale,4,2,2,0,1,1,1,0,1,50,2,2,1,0,0,1,27.0,26.0,transport_commun,deux_roues,1,2,2,1,1