accident_id,datetime,annee,mois,jour,heure,minute,departement,commune_insee,adresse,latitude,longitude,luminosite,agglomeration,intersection,meteo,collision,catr,circ,nbv,vosp,prof,plan,surf,infra,situ,vma,nb_vehicules,nb_usagers,nb_indemnes,nb_tues,nb_blesses_hosp,nb_blesses_legers,age_cond_1,age_cond_2,veh_type_cond_1,veh_type_cond_2,lum_code,agg_code,int_code,atm_code,col_code
202300024807,2023-09-11 09:35:00,2023,9,11,9,35,77,77183,87 Rue de Condé,48.944066,3.128899,Plein jour,En agglomération,Hors intersection,Normale,Deux véhicules - côté,3,2,2,0,1,1,1,0,1,50,2,2,1,0,0,1,63.0,59.0,voiture,deux_roues,1,2,1,1,3
202300024808,2023-12-19 00:20:00,2023,12,19,0,20,75,75112,BOULEVARD DE BERCY,48.840267,2.380588,Nuit avec éclairage allumé,En agglomération,Intersection en Y,Normale,Autre collision,4,2,4,1,1,1,1,0,1,30,1,2,1,0,0,1,19.0,,deux_roues,,5,2,4,1,6
202300024808,2023-12-19 00:20:00,2023,12,19,0,20,75,75112,BOULEVARD DE BERCY,48.840267,2.380588,Nuit avec éclairage allumé,En agglomération,Intersection en Y,Normale,Autre collision,4,2, -1,-1,1,1,1,0,1,-1,1,2,1,0,0,1,19.0,,deux_roues,,5,2,4,1,6
202300024809,2023-11-14 18:35:00,2023,11,14,18,35,41,41018,RD 957,47.61359,1.33512,Nuit sans éclairage public,En agglomération,Hors intersection,Vent fort / tempête,Deux véhicules - arrière,3,3,0,0,1,1,1,0,1,50,2,2,1,0,0,1,46.0,28.0,voiture,voiture,3,2,1,6,2
202300024810,2023-09-10 06:00:00,2023,9,10,6,0,78,78531,A13 PK54 Sens Paris/Province,49.0018889,1.6076846,Crépuscule ou aube,Hors agglomération,Autre intersection,Normale,Trois véhicules et plus - en chaîne,1,3,3,0,3,2,1,8,1,90,3,6,4,0,2,0,54.0,24.0,voiture,voiture,2,1,9,1,4
202300024811,2023-11-14 13:15:00,2023,11,14,13,15,41,41018,RIFFAULT (RUE EUGENE),47.59187,1.34274,Plein jour,En agglomération,Hors intersection,Normale,Deux véhicules - frontale,4,2,2,0,2,2,2,0,1,50,2,3,0,0,0,3,32.0,56.0,voiture,transport_commun,1,2,1,1,1
202300024812,2023-12-18 17:05:00,2023,12,18,17,5,94,94046,Rue de Gravelle,48.811,2.452,Nuit avec éclairage allumé,En agglomération,Intersection en X,Temps couvert,Deux véhicules - arrière,4,2,2,0,1,1,1,0,1,30,2,2,1,0,0,1,36.0,19.0,voiture,voiture,5,2,2,8,2
202300024813,2023-09-09 05:55:00,2023,9,9,5,55,84,84150,D976,44.332214,4.947313,Nuit sans éclairage public,Hors agglomération,Hors intersection,Normale,Autre collision,3,2,2,0,1,1,1,0,3,80,1,1,0,0,1,0,22.0,,voiture,,3,1,1,1,6
202300024814,2023-12-19 16:00:00,2023,12,19,16,0,94,94065,Rue du Lion,48.74171742,2.3560566,Plein jour,Hors agglomération,Hors intersection,Normale,Autre collision,4,2,2,0,1,1,1,0,1,30,1,1,0,0,0,1,36.0,,deux_roues,,1,1,1,1,6
202300024815,2023-11-14 13:40:00,2023,11,14,13,40,41,41018,GENTIL (BOULEVARD RENE),47.5792,1.35023,Plein jour,En agglomération,Autre intersection,Temps couvert,Deux véhicules - frontale,3,2,2,0,1,1,8,0,1,70,2,2,1,0,0,1,51.0,26.0,voiture,voiture,1,2,9,8,1
202300024816,2023-09-10 21:20:00,2023,9,10,21,20,83,83107,D7,43.41338927,6.70332527,Nuit sans éclairage public,Hors agglomération,Hors intersection,Normale,Autre collision,3,2,2,1,1,2,1,0,1,70,1,1,0,0,1,0,31.0,,deux_roues,,3,1,1,1,6
202300024817,2023-09-12 08:05:00,2023,9,12,8,5,38,38158,avenue des maquis de l'oisans,45.148163,5.760033,Plein jour,Hors agglomération,Hors intersection,Normale,Deux véhicules - côté,7,2,2,0,2,2,1,0,1,70,2,2,1,0,0,1,36.0,19.0,voiture,deux_roues,1,1,1,1,3
202300024818,2023-11-11 09:50:00,2023,11,11,9,50,41,41295,D951,47.60516,1.3767,Plein jour,Hors agglomération,Hors intersection,Pluie légère,Deux véhicules - frontale,3,2,2,0,1,4,2,0,1,70,2,2,0,0,0,2,27.0,27.0,voiture,voiture,1,1,1,2,1
202300024819,2023-11-14 18:31:00,2023,11,14,18,31,38,38563,D1076,45.35002,5.56871,Nuit avec éclairage allumé,Hors agglomération,Giratoire,Pluie forte,Autre collision,3,3,2,0,4,1,2,0,1,90,1,2,1,0,1,0,63.0,,voiture,,5,1,6,3,6
202300024820,2023-09-11 16:30:00,2023,9,11,16,30,86,86294,Place Francois Albert,46.638956,0.165511,Plein jour,En agglomération,Intersection en X,Normale,Deux véhicules - côté,3,2,1,0,1,1,1,0,1,50,2,2,1,0,0,1,51.0,58.0,voiture,deux_roues,1,2,2,1,3
202300024820,2023-09-11 16:30:00,2023,9,11,16,30,86,86294,Place Francois Albert,46.638956,0.165511,Plein jour,En agglomération,Intersection en X,Normale,Deux véhicules - côté,3,2,1,0,1,1,1,0,1,50,2,2,1,0,0,1,51.0,58.0,voiture,deux_roues,1,2,2,1,3
202300024821,2023-11-14 10:10:00,2023,11,14,10,10,37,37214,RD 37,47.39404525,0.64710313,Plein jour,En agglomération,Hors intersection,Pluie légère,Autre collision,7,3,2,0,2,2,2,0,1,90,1,1,0,0,0,1,19.0,,voiture,,1,2,1,2,6
202300024822,2023-12-19 08:50:00,2023,12,19,8,50,94,94028,Route de la Pompadour,48.772965,2.444783,Plein jour,En agglomération,Autre intersection,Normale,Deux véhicules - côté,4,2,2,3,1,3,1,2,6,50,2,14,2,0,0,12,39.0,,transport_commun,voiture,1,2,9,1,3
202300024823,2023-09-12 06:45:00,2023,9,12,6,45,33,33056,Rue Jean Duvert,44.918739,-0.612842,Nuit avec éclairage allumé,En agglomération,Hors intersection,Temps couvert,Deux véhicules - frontale,4,2,2,0,1,1,2,0,1,50,2,2,0,0,1,1,52.0,31.0,voiture,voiture,5,2,1,8,1
202300024824,2023-09-11 20:30:00,2023,9,11,20,30,14,14328,30 Rue de Verdun,49.221718,-0.245025,Crépuscule ou aube,En agglomération,Hors intersection,Normale,Autre collision,3,2,2,0,1,1,1,0,3,50,1,1,0,0,0,1,55.0,,deux_roues,,2,2,1,1,6
202300024825,2023-12-19 22:26:00,2023,12,19,22,26,94,94077,Voie de Seine,48.74168,2.42935,Nuit avec éclairage allumé,En agglomération,Hors intersection,Pluie légère,Autre collision,4,2,2,0,1,1,2,9,8,50,1,2,0,0,0,2,32.0,,deux_roues,,5,2,1,2,6
202300024826,2023-11-14 14:30:00,2023,11,14,14,30,35,35238,PATTON (AVENUE DU GENERAL SIR GEORGES),48.13845,-1.65862,Plein jour,En agglomération,Intersection à plus de 4 branches,Normale,Autre collision,4,1,2,3,1,1,1,5,1,30,1,2,1,0,0,1,29.0,,voiture,,1,2,5,1,6
202300024826,2023-11-14 14:30:00,2023,11,14,14,30,35,35238,PATTON (AVENUE DU GENERAL SIR GEORGES),48.13845,-1.65862,Plein jour,En agglomération,Intersection à plus de 4 branches,Normale,Autre collision,4,2,3,2,1,1,1,5,1,30,1,2,1,0,0,1,29.0,,voiture,,1,2,5,1,6
202300024827,2023-09-11 19:50:00,2023,9,11,19,50,60,60015,Rue Roger Salengro,49.3255,2.32547,Crépuscule ou aube,En agglomération,Giratoire,Normale,Sans collision,3,-1,2,0,1,2,1,0,8,50,1,1,0,0,1,0,72.0,,deux_roues,,2,2,6,1,7
202300024828,2023-12-19 19:15:00,2023,12,19,19,15,94,94017,Avenue Maurice Thorez,48.81630826,2.53857534,Nuit avec éclairage allumé,En agglomération,Hors intersection,Pluie forte,Autre collision,3,2,2,0,1,1,2,0,1,50,1,2,1,0,0,1,,,voiture,,5,2,1,3,6
202300024829,2023-11-14 11:20:00,2023,11,14,11,20,35,35238,LOUIS D'OR ( DU),48.11317,-1.68578,Plein jour,En agglomération,Hors intersection,Pluie légère,Autre collision,4,2,2,0,1,1,2,0,1,30,1,2,1,0,1,0,,,voiture,,1,2,1,2,6
202300024830,2023-09-11 16:45:00,2023,9,11,16,45,80,80393,D1017,49.730249,2.805011,Plein jour,Hors agglomération,Intersection en X,Normale,Deux véhicules - arrière,3,2,2,0,1,1,1,0,8,50,2,2,1,0,0,1,28.0,20.0,utilitaire_camion,deux_roues,1,1,2,1,2
202300024830,2023-09-11 16:45:00,2023,9,11,16,45,80,80393,D1017,49.730249,2.805011,Plein jour,Hors agglomération,Intersection en X,Normale,Deux véhicules - arrière,3,2,2,0,1,1,1,0,1,80,2,2,1,0,0,1,28.0,20.0,utilitaire_camion,deux_roues,1,1,2,1,2
202300024831,2023-12-19 15:25:00,2023,12,19,15,25,93,93055,Avenue Édouard Vaillant / Impasse d’Aubervilliers,48.90276,2.39282,Plein jour,En agglomération,Intersection en X,Normale,Autre collision,3,3,3,3,1,1,1,0,1,30,1,2,1,0,1,0,21.0,,deux_roues,,1,2,2,1,6
202300024831,2023-12-19 15:25:00,2023,12,19,15,25,93,93055,Avenue Édouard Vaillant / Impasse d’Aubervilliers,48.90276,2.39282,Plein jour,En agglomération,Intersection en X,Normale,Autre collision,3,1,1,0,1,1,1,0,1,-1,1,2,1,0,1,0,21.0,,deux_roues,,1,2,2,1,6
202300024832,2023-09-12 13:55:00,2023,9,12,13,55,59,59214,D956,50.300302,3.055717,Plein jour,Hors agglomération,Intersection en X,Normale,Deux véhicules - côté,3,2,2,0,1,1,1,0,1,80,2,2,1,0,1,0,58.0,50.0,utilitaire_camion,voiture,1,1,2,1,3
202300024832,2023-09-12 13:55:00,2023,9,12,13,55,59,59214,D956,50.300302,3.055717,Plein jour,Hors agglomération,Intersection en X,Normale,Deux véhicules - côté,3,2,2,-1,1,1,1,5,1,-1,2,2,1,0,1,0,58.0,50.0,utilitaire_camion,voiture,1,1,2,1,3
202300024833,2023-11-14 11:15:00,2023,11,14,11,15,35,35051,LAVIAUX (LIEU-DIT),48.1125,-1.58246,Plein jour,Hors agglomération,Hors intersection,Pluie légère,Deux véhicules - arrière,4,2,2,0,1,3,2,0,3,80,2,2,1,0,0,1,54.0,21.0,voiture,voiture,1,1,1,2,2
202300024834,2023-09-09 20:20:00,2023,9,9,20,20,59,59285,D955,50.270732,3.408444,Crépuscule ou aube,En agglomération,Hors intersection,Normale,Deux véhicules - frontale,3,2,2,0,1,1,1,0,1,80,2,2,1,0,1,0,76.0,35.0,voiture,voiture,2,2,1,1,1
202300024835,2023-12-19 01:30:00,2023,12,19,1,30,93,93074,Rue de Sevran,48.934178,2.562202,Nuit sans éclairage public,En agglomération,Autre intersection,Normale,Sans collision,3,1,1,0,1,3,1,0,1,50,1,3,1,0,0,2,19.0,,voiture,,3,2,9,1,7
202300024836,2023-11-13 22:00:00,2023,11,13,22,0,35,35055,RD 463,48.075262,-1.581601,Nuit sans éclairage public,Hors agglomération,Hors intersection,Normale,Autre collision,3,2,2,0,1,2,1,0,3,80,1,2,0,0,2,0,28.0,,voiture,,3,1,1,1,6
202300024837,2023-09-11 13:45:00,2023,9,11,13,45,59,59034,Rue du Croquet,50.522919,3.087091,Plein jour,En agglomération,Hors intersection,Normale,Deux véhicules - côté,3,2,2,0,1,1,1,0,1,30,2,2,1,0,1,0,43.0,63.0,voiture,deux_roues,1,2,1,1,3
202300024838,2023-12-19 13:00:00,2023,12,19,13,0,93,93005,Chemin du Moulin de la Ville,48.950489,2.495734,Plein jour,En agglomération,Hors intersection,Normale,Deux véhicules - côté,4,2,2,0,1,1,1,0,1,50,2,2,1,0,0,1,16.0,20.0,deux_roues,voiture,1,2,1,1,3
202300024839,2023-11-14 12:15:00,2023,11,14,12,15,35,35115,CHESNARDIERE (BD DE LA DU N°2 AU N°34),48.34842,-1.19541,Plein jour,En agglomération,Hors intersection,Pluie légère,Deux véhicules - arrière,4,2,2,1,1,1,2,0,1,30,2,3,2,0,1,0,26.0,17.0,voiture,deux_roues,1,2,1,2,2
202300024840,2023-09-11 13:50:00,2023,9,11,13,50,83,83126,A50,43.11955,5.86093,Plein jour,Hors agglomération,Hors intersection,Normale,Deux véhicules - arrière,1,3,3,0,1,1,1,0,1,110,2,2,1,0,0,1,54.0,34.0,voiture,utilitaire_camion,1,1,1,1,2
202300024841,2023-12-19 08:45:00,2023,12,19,8,45,92,92046,PIERRE BROSSOLETTE,48.8182168,2.30856478,Plein jour,En agglomération,Hors intersection,Temps couvert,Autre collision,3,2,4,2,1,1,1,0,1,50,2,2,1,0,0,1,40.0,30.0,deux_roues,utilitaire_camion,1,2,1,8,6
202300024842,2023-11-14 11:40:00,2023,11,14,11,40,34,34172,VANIERES (AVENUE DE),43.59648,3.8452,Plein jour,En agglomération,Hors intersection,Normale,Deux véhicules - côté,3,2,2,0,2,1,1,0,1,50,2,2,1,0,1,0,75.0,35.0,voiture,voiture,1,2,1,1,3
202300024843,2023-09-11 15:40:00,2023,9,11,15,40,33,33065,ROUTE NATIONALE 230,44.82867,-0.50341,Plein jour,Hors agglomération,Hors intersection,Normale,Deux véhicules - côté,2,3,6,0,2,1,1,0,1,90,2,2,1,0,0,1,59.0,44.0,voiture,utilitaire_camion,1,1,1,1,3
202300024844,2023-11-13 23:30:00,2023,11,13,23,30,34,34172,MALBOSC (RUE DE),43.62693,3.83143,Nuit avec éclairage allumé,En agglomération,Hors intersection,Normale,Sans collision,4,1,1,1,1,1,1,0,1,50,1,1,0,0,1,0,18.0,,deux_roues,,5,2,1,1,7
202300024845,2023-09-11 19:00:00,2023,9,11,19,0,94,94003,A6A,48.80831322,2.34031176,Plein jour,Hors agglomération,Hors intersection,Normale,Deux véhicules - côté,1,1,3,0,1,1,1,0,1,50,2,2,1,0,0,1,41.0,27.0,voiture,deux_roues,1,1,1,1,3
202300024846,2023-12-19 19:50:00,2023,12,19,19,50,92,92050,BOULEVARD DE LA DEFENSE,48.90685,2.21226,Nuit avec éclairage allumé,En agglomération,Hors intersection,Pluie légère,Deux véhicules - côté,3,1,1,0,1,1,2,0,1,50,2,2,1,0,0,1,19.0,35.0,voiture,deux_roues,5,2,1,2,3
202300024847,2023-11-14 20:05:00,2023,11,14,20,5,33,33281,Avenue de Foncastel,44.83461,-0.63724,Nuit avec éclairage allumé,En agglomération,Intersection en X,Temps couvert,Deux véhicules - côté,4,2,2,2,1,1,2,5,1,50,2,2,1,0,0,1,57.0,22.0,deux_roues,voiture,5,2,2,8,3
202300024847,2023-11-14 20:05:00,2023,11,14,20,5,33,33281,Avenue de Foncastel,44.83461,-0.63724,Nuit avec éclairage allumé,En agglomération,Intersection en X,Temps couvert,Deux véhicules - côté,4,2,2,2,1,1,2,5,1,50,2,2,1,0,0,1,57.0,22.0,deux_roues,voiture,5,2,2,8,3
202300024848,2023-09-11 18:15:00,2023,9,11,18,15,91,91235,RN 104,48.62486,2.36368,Plein jour,Hors agglomération,Hors intersection,Normale,Deux véhicules - arrière,2,1,2,0,1,1,1,0,1,110,2,2,1,0,0,1,40.0,49.0,utilitaire_camion,voiture,1,1,1,1,2
202300024849,2023-12-19 18:25:00,2023,12,19,18,25,92,92050,ARAGO FRANCOIS AVENUE,48.90080852,2.22457767,Nuit avec éclairage allumé,En agglomération,Hors intersection,Pluie légère,Autre collision,3,2,2,0,1,1,2,0,1,50,1,2,1,0,0,1,31.0,,voiture,,5,2,1,2,6
202300024850,2023-09-11 03:57:00,2023,9,11,3,57,92,92019,RN 385,48.75993977,2.27329095,Nuit sans éclairage public,Hors agglomération,Hors intersection,Normale,Autre collision,2,1,2,0,2,1,1,0,1,50,1,2,0,0,0,2,23.0,,voiture,,3,1,1,1,6
202300024851,2023-11-14 19:02:00,2023,11,14,19,2,33,33281,Avenue de Bourranville,44.84340713,-0.63200891,Crépuscule ou aube,En agglomération,Giratoire,Pluie légère,Deux véhicules - côté,4,2,2,0,1,2,2,0,1,50,2,2,1,0,0,1,71.0,51.0,deux_roues,voiture,2,2,6,2,3
202300024851,2023-11-14 19:02:00,2023,11,14,19,2,33,33281,Avenue de Bourranville,44.84340713,-0.63200891,Crépuscule ou aube,En agglomération,Giratoire,Pluie légère,Deux véhicules - côté,4,3,2,0,1,2,2,0,1,50,2,2,1,0,0,1,71.0,51.0,deux_roues,voiture,2,2,6,2,3
202300024852,2023-12-19 18:00:00,2023,12,19,18,0,92,92044,BINEAU (BOULEVARD),48.88658872,2.28413254,Nuit avec éclairage allumé,En agglomération,Hors intersection,Pluie légère,Sans collision,3,1,4,0,1,1,2,0,1,50,1,1,0,0,0,1,51.0,,deux_roues,,5,2,1,2,7
202300024853,2023-09-10 21:15:00,2023,9,10,21,15,92,92064,A13,48.83936013,2.21689418,Nuit avec éclairage allumé,En agglomération,Hors intersection,Normale,Autre collision,1,1,1,0,2,1,1,0,1,50,1,1,0,0,0,1,74.0,,voiture,,5,2,1,1,6
202300024854,2023-12-18 19:40:00,2023,12,18,19,40,92,92044,CHARLES PASQUA(QUAI) 2 A 30,48.90067,2.28398,Nuit avec éclairage allumé,En agglomération,Hors intersection,Normale,Deux véhicules - arrière,3,1,3,0,1,1,1,0,1,50,2,2,1,0,0,1,19.0,32.0,deux_roues,deux_roues,5,2,1,1,2
202300024855,2023-11-14 08:22:00,2023,11,14,8,22,33,33063,Cours Victor Hugo,44.835,-0.57203,Plein jour,En agglomération,Intersection en T,Pluie légère,Deux véhicules - côté,4,2,4,3,1,1,2,0,1,50,2,2,1,0,0,1,47.0,50.0,voiture,deux_roues,1,2,3,2,3
202300024855,2023-11-14 08:22:00,2023,11,14,8,22,33,33063,Cours Victor Hugo,44.835,-0.57203,Plein jour,En agglomération,Intersection en T,Pluie légère,Deux véhicules - côté,4,1,1,0,1,1,2,0,1,20,2,2,1,0,0,1,47.0,50.0,voiture,deux_roues,1,2,3,2,3
202300024856,2023-09-10 18:35:00,2023,9,10,18,35,78,78545,A12 W,48.808429,2.053935,Plein jour,Hors agglomération,Hors intersection,Normale,Sans collision,1,1,4,0,1,1,1,0,1,110,1,2,0,0,0,2,60.0,,deux_roues,,1,1,1,1,7
202300024857,2023-09-10 14:25:00,2023,9,10,14,25,92,92026,A14,48.88749184,2.25218368,Plein jour,Hors agglomération,Hors intersection,Normale,Sans collision,1,1,1,0,1,3,9,1,1,50,1,1,0,0,1,0,27.0,,deux_roues,,1,1,1,1,7
202300024858,2023-11-14 10:00:00,2023,11,14,10,0,33,33529,MARIOLAN (CH. DE),44.647369,-1.156134,Plein jour,En agglomération,Hors intersection,Normale,Deux véhicules - côté,3,2,2,0,1,1,2,0,1,50,2,3,1,0,0,2,78.0,17.0,deux_roues,deux_roues,1,2,1,1,3
202300024859,2023-12-19 08:45:00,2023,12,19,8,45,92,92040,GALLIENI (BOULEVARD),48.82463897,2.26782471,Plein jour,En agglomération,Intersection en T,Normale,Deux véhicules - côté,3,1,1,0,1,1,1,0,8,30,2,2,1,0,0,1,56.0,45.0,deux_roues,voiture,1,2,3,1,3
202300024859,2023-12-19 08:45:00,2023,12,19,8,45,92,92040,GALLIENI (BOULEVARD),48.82463897,2.26782471,Plein jour,En agglomération,Intersection en T,Normale,Deux véhicules - côté,3,2,2,0,1,1,1,0,1,30,2,2,1,0,0,1,56.0,45.0,deux_roues,voiture,1,2,3,1,3
202300024860,2023-09-10 11:10:00,2023,9,10,11,10,92,92064,A13,48.83956984,2.2130155,Plein jour,Hors agglomération,Hors intersection,Temps éblouissant,Deux véhicules - côté,1,1,3,0,1,1,1,0,1,130,2,4,3,0,0,1,55.0,47.0,voiture,deux_roues,1,1,1,7,3
202300024861,2023-12-19 16:50:00,2023,12,19,16,50,92,92026,JULES FERRY ( RUE ),48.89876053,2.26241648,Nuit avec éclairage allumé,En agglomération,Intersection en X,Pluie légère,Deux véhicules - arrière,3,1,1,1,1,1,2,0,1,50,2,2,1,0,0,1,50.0,70.0,deux_roues,voiture,5,2,2,2,2
202300024861,2023-12-19 16:50:00,2023,12,19,16,50,92,92026,JULES FERRY ( RUE ),48.89876053,2.26241648,Nuit avec éclairage allumé,En agglomération,Intersection en X,Pluie légère,Deux véhicules - arrière,3,2,2,1,1,1,2,0,1,50,2,2,1,0,0,1,50.0,70.0,deux_roues,voiture,5,2,2,2,2
202300024862,2023-11-13 22:20:00,2023,11,13,22,20,29,29019,place Albert Premier,48.398138,-4.489019,Nuit avec éclairage allumé,En agglomération,Giratoire,Normale,Deux véhicules - côté,4,1,3,0,2,2,1,8,1,50,2,2,1,0,0,1,56.0,19.0,voiture,deux_roues,5,2,6,1,3
202300024862,2023-11-13 22:20:00,2023,11,13,22,20,29,29019,place Albert Premier,48.398138,-4.489019,Nuit avec éclairage allumé,En agglomération,Giratoire,Normale,Deux véhicules - côté,4,2,4,3,1,1,1,1,1,50,2,2,1,0,0,1,56.0,19.0,voiture,deux_roues,5,2,6,1,3
202300024863,2023-09-11 11:15:00,2023,9,11,11,15,93,93005,AUTOROUTE A3,48.96878607,2.48061025,Plein jour,Hors agglomération,Hors intersection,Normale,Deux véhicules - côté,1,1,2,0,1,1,1,0,1,90,2,2,1,0,0,1,38.0,62.0,utilitaire_camion,voiture,1,1,1,1,3
202300024864,2023-12-13 20:20:00,2023,12,13,20,20,92,92025,CHARLES DE GAULLE (BD),48.9142663,2.22913519,Nuit avec éclairage allumé,En agglomération,Hors intersection,Normale,Autre collision,3,3,4,0,1,1,1,0,1,50,1,2,1,0,0,1,44.0,,voiture,,5,2,1,1,6
202300024865,2023-11-13 07:40:00,2023,11,13,7,40,29,29019,rue Dupuy de Lome,48.388969,-4.514887,Nuit avec éclairage allumé,En agglomération,Passage à niveau,Pluie forte,Deux véhicules - côté,4,2,2,1,1,1,2,4,1,30,2,2,1,0,1,0,55.0,18.0,voiture,deux_roues,5,2,8,3,3
202300024866,2023-09-11 08:50:00,2023,9,11,8,50,95,95252,A15,48.98829419,2.20429427,Plein jour,Hors agglomération,Hors intersection,Normale,Deux véhicules - côté,1,-1,6,0,1,1,1,0,1,110,2,2,1,0,0,1,56.0,25.0,utilitaire_camion,deux_roues,1,1,1,1,3
202300024867,2023-12-19 17:55:00,2023,12,19,17,55,92,92019,DIVISION LECLERC (AVENUE DE LA),48.76275368,2.27988929,Nuit avec éclairage allumé,En agglomération,Intersection en X,Pluie légère,Autre collision,3,2,2,1,2,1,2,0,1,30,1,4,3,0,1,0,34.0,,utilitaire_camion,,5,2,2,2,6
202300024867,2023-12-19 17:55:00,2023,12,19,17,55,92,92019,DIVISION LECLERC (AVENUE DE LA),48.76275368,2.27988929,Nuit avec éclairage allumé,En agglomération,Intersection en X,Pluie légère,Autre collision,3,1,0,0,2,1,2,0,8,30,1,4,3,0,1,0,34.0,,utilitaire_camion,,5,2,2,2,6
202300024868,2023-09-11 05:30:00,2023,9,11,5,30,93,93001,AUTOROUTE A86,48.92155225,2.36732304,Nuit sans éclairage public,Hors agglomération,Hors intersection,Normale,Deux véhicules - côté,1,3,8,0,1,1,1,0,1,90,2,2,1,0,0,1,27.0,39.0,voiture,voiture,3,1,1,1,3
202300024869,2023-07-04 18:45:00,2023,7,4,18,45,74,74134,D902,46.142214,6.642759,Plein jour,Hors agglomération,Hors intersection,Normale,Deux véhicules - frontale,3,2,2,0,2,3,1,0,1,80,2,2,1,0,1,0,45.0,35.0,voiture,deux_roues,1,1,1,1,1
202300024870,2023-12-19 11:40:00,2023,12,19,11,40,92,92012,JEAN JAURES (BOULEVARD) 63/215 - 70/208,48.83531166,2.24256098,Plein jour,En agglomération,Intersection en T,Temps couvert,Deux véhicules - côté,3,1,1,0,1,1,1,0,1,30,2,2,1,0,0,1,37.0,24.0,deux_roues,voiture,1,2,3,8,3
202300024870,2023-12-19 11:40:00,2023,12,19,11,40,92,92012,JEAN JAURES (BOULEVARD) 63/215 - 70/208,48.83531166,2.24256098,Plein jour,En agglomération,Intersection en T,Temps couvert,Deux véhicules - côté,3,2,2,0,1,1,1,0,1,50,2,2,1,0,0,1,37.0,24.0,deux_roues,voiture,1,2,3,8,3
202300024871,2023-06-30 19:20:00,2023,6,30,19,20,74,74164,,46.113468,6.502447,Plein jour,Hors agglomération,Hors intersection,Pluie légère,Autre collision,3,2,2,0,1,1,2,0,3,80,1,4,0,1,2,1,19.0,,voiture,,1,1,1,2,6
202300024872,2023-11-14 13:15:00,2023,11,14,13,15,26,26198,Route de Sauzet,44.56309,4.76434,Plein jour,Hors agglomération,Hors intersection,Normale,Deux véhicules - frontale,3,2,2,0,1,1,1,0,1,70,2,2,0,0,0,2,48.0,31.0,voiture,voiture,1,1,1,1,1
202300024873,2023-12-19 09:40:00,2023,12,19,9,40,92,92012,JEAN JAURES (BOULEVARD) 63/215 - 70/208,48.83465518,2.24294454,Plein jour,En agglomération,Autre intersection,Temps couvert,Deux véhicules - côté,3,2,2,0,1,1,1,0,1,30,2,2,1,0,0,1,37.0,39.0,voiture,deux_roues,1,2,9,8,3
202300024874,2023-06-28 17:54:00,2023,6,28,17,54,74,74010,Route de cuvat,45.959601,6.118473,Plein jour,Hors agglomération,Hors intersection,Normale,Sans collision,4,2,2,0,2,3,1,0,1,50,1,1,0,1,0,0,64.0,,deux_roues,,1,1,1,1,7
202300024875,2023-11-14 10:00:00,2023,11,14,10,0,25,25462,ROCADE G.POMPIDOU (DU 25 A LA FIN),46.90223,6.32967,Plein jour,En agglomération,Hors intersection,Pluie légère,Deux véhicules - frontale,2,2,2,0,1,3,2,0,1,80,2,2,0,1,1,0,86.0,50.0,voiture,voiture,1,2,1,2,1
202300024876,2023-12-18 16:42:00,2023,12,18,16,42,92,92007,PICHETS (RUE DES),48.78860335,2.30452806,Plein jour,En agglomération,Intersection en T,Normale,Sans collision,4,2,2,0,1,1,1,0,8,50,1,1,0,0,0,1,56.0,,deux_roues,,1,2,3,1,7
202300024876,2023-12-18 16:42:00,2023,12,18,16,42,92,92007,PICHETS (RUE DES),48.78860335,2.30452806,Plein jour,En agglomération,Intersection en T,Normale,Sans collision,4,2,2,0,1,1,1,0,1,50,1,1,0,0,0,1,56.0,,deux_roues,,1,2,3,1,7
202300024877,2023-06-28 12:30:00,2023,6,28,12,30,74,74264,D1205,46.062817,6.544708,Plein jour,Hors agglomération,Intersection en Y,Normale,Deux véhicules - côté,3,2,2,0,1,1,1,0,1,80,2,2,1,0,0,1,58.0,26.0,deux_roues,utilitaire_camion,1,1,4,1,3
202300024877,2023-06-28 12:30:00,2023,6,28,12,30,74,74264,D1205,46.062817,6.544708,Plein jour,Hors agglomération,Intersection en Y,Normale,Deux véhicules - côté,3,2, -1,-1,1,1,1,0,1,-1,2,2,1,0,0,1,58.0,26.0,deux_roues,utilitaire_camion,1,1,4,1,3
202300024878,2023-11-14 19:20:00,2023,11,14,19,20,25,25056,GRAY ROUTE DE,47.244601,5.993433,Nuit avec éclairage allumé,En agglomération,Hors intersection,Pluie légère,Deux véhicules - frontale,3,2,2,0,1,1,2,0,1,50,2,2,0,0,0,2,54.0,41.0,voiture,voiture,5,2,1,2,1
202300024879,2023-06-27 19:15:00,2023,6,27,19,15,74,74042,Quai du bargy_,46.075501,6.412786,Plein jour,En agglomération,Intersection en T,Normale,Autre collision,4,2, -1,-1,1,1,1,0,1,-1,1,1,0,0,1,0,37.0,,deux_roues,,1,2,3,1,6
202300024879,2023-06-27 19:15:00,2023,6,27,19,15,74,74042,Quai du bargy_,46.075501,6.412786,Plein jour,En agglomération,Intersection en T,Normale,Autre collision,4,1,1,0,1,1,1,2,1,50,1,1,0,0,1,0,37.0,,deux_roues,,1,2,3,1,6