accident_id,datetime,annee,mois,jour,heure,minute,departement,commune_insee,adresse,latitude,longitude,luminosite,agglomeration,intersection,meteo,collision,catr,circ,nbv,vosp,prof,plan,surf,infra,situ,vma,nb_vehicules,nb_usagers,nb_indemnes,nb_tues,nb_blesses_hosp,nb_blesses_legers,age_cond_1,age_cond_2,veh_type_cond_1,veh_type_cond_2,lum_code,agg_code,int_code,atm_code,col_code
202300024949,2023-12-19 11:25:00,2023,12,19,11,25,17,17053,route departemenantle 124,45.896213,-0.783806,Plein jour,Hors agglomération,Intersection en X,Normale,Deux véhicules - côté,3,2,2,0,1,1,1,0,1,80,2,2,1,0,1,0,27.0,73.0,voiture,voiture,1,1,2,1,3
202300024949,2023-12-19 11:25:00,2023,12,19,11,25,17,17053,route departemenantle 124,45.896213,-0.783806,Plein jour,Hors agglomération,Intersection en X,Normale,Deux véhicules - côté,3,2,2,-1,1,1,1,5,1,80,2,2,1,0,1,0,27.0,73.0,voiture,voiture,1,1,2,1,3
202300024950,2023-09-10 23:00:00,2023,9,10,23,0,33,33281,Avenue de la Marne,44.83549262,-0.63491911,Nuit avec éclairage allumé,En agglomération,Giratoire,Normale,Autre collision,4,3,2,0,1,1,1,0,1,30,1,2,0,0,1,1,23.0,,deux_roues,,5,2,6,1,6
202300024950,2023-09-10 23:00:00,2023,9,10,23,0,33,33281,Avenue de la Marne,44.83549262,-0.63491911,Nuit avec éclairage allumé,En agglomération,Giratoire,Normale,Autre collision,4,2,2,0,1,1,1,0,1,30,1,2,0,0,1,1,23.0,,deux_roues,,5,2,6,1,6
202300024951,2023-12-19 14:35:00,2023,12,19,14,35,17,17346,D137,45.921349,-0.884292,Plein jour,Hors agglomération,Hors intersection,Normale,Sans collision,3,2,2,0,1,1,1,0,3,80,1,1,0,1,0,0,45.0,,utilitaire_camion,,1,1,1,1,7
202300024952,2023-09-10 19:45:00,2023,9,10,19,45,33,33281,Avenue François Mitterrand,44.81813574,-0.66728264,Plein jour,En agglomération,Hors intersection,Normale,Trois véhicules et plus - en chaîne,4,2,2,0,1,1,1,0,1,50,3,5,3,0,0,2,65.0,73.0,voiture,voiture,1,2,1,1,4
202300024953,2023-12-01 15:55:00,2023,12,1,15,55,37,37050,Rue Philippe Maupas,47.337667,0.697605,Plein jour,En agglomération,Hors intersection,Temps couvert,Autre collision,6,-1, -1,0,1,1,1,9,1,-1,1,2,1,0,0,1,50.0,,voiture,,1,2,1,8,6
202300024954,2023-12-20 07:30:00,2023,12,20,7,30,44,44207,intersection D24/D26,47.474113,-1.372561,Nuit avec éclairage allumé,Hors agglomération,Intersection en T,Normale,Deux véhicules - côté,3,2,2,0,1,2,1,0,1,80,2,10,9,0,1,0,37.0,42.0,transport_commun,voiture,5,1,3,1,3
202300024954,2023-12-20 07:30:00,2023,12,20,7,30,44,44207,intersection D24/D26,47.474113,-1.372561,Nuit avec éclairage allumé,Hors agglomération,Intersection en T,Normale,Deux véhicules - côté,3,2,2,0,1,1,1,0,1,80,2,10,9,0,1,0,37.0,42.0,transport_commun,voiture,5,1,3,1,3
202300024955,2023-12-18 12:30:00,2023,12,18,12,30,83,83116,autoroute A8,43.460872,5.86346333,Plein jour,Hors agglomération,Hors intersection,Normale,Deux véhicules - arrière,1,3,3,3,1,1,1,0,1,130,2,2,1,0,0,1,78.0,25.0,voiture,utilitaire_camion,1,1,1,1,2
202300024956,2023-12-20 13:50:00,2023,12,20,13,50,29,29005,Beg Saint Ouarneau,47.84847512,-3.62487573,Plein jour,Hors agglomération,Hors intersection,Pluie légère,Deux véhicules - arrière,3,2,2,0,2,2,2,0,1,80,2,2,1,1,0,0,38.0,67.0,voiture,deux_roues,1,1,1,2,2
202300024957,2023-12-19 19:30:00,2023,12,19,19,30,95,95039,48 GENERAL DE GAULLE (RUE DU),49.07060465,2.17168808,Nuit avec éclairage allumé,En agglomération,Hors intersection,Pluie légère,Autre collision,3,2,2,0,1,1,2,0,1,50,1,2,1,0,1,0,42.0,,voiture,,5,2,1,2,6
202300024958,2023-12-19 11:20:00,2023,12,19,11,20,34,34145,Quai Voltaire,43.674627,4.132115,Plein jour,En agglomération,Hors intersection,Normale,Autre collision,4,1,1,0,1,1,1,0,1,50,1,2,1,0,1,0,43.0,,voiture,,1,2,1,1,6
202300024959,2023-12-20 13:40:00,2023,12,20,13,40,73,73179,Rue de la tessonnière,45.593587,5.864961,Plein jour,En agglomération,Intersection en Y,Normale,Autre collision,4,2,2,0,1,3,1,0,1,50,1,2,1,0,1,0,25.0,,voiture,,1,2,4,1,6
202300024959,2023-12-20 13:40:00,2023,12,20,13,40,73,73179,Rue de la tessonnière,45.593587,5.864961,Plein jour,En agglomération,Intersection en Y,Normale,Autre collision,4,2,2,0,1,1,1,0,1,50,1,2,1,0,1,0,25.0,,voiture,,1,2,4,1,6
202300024960,2023-12-20 10:55:00,2023,12,20,10,55,38,38317,N85,45.10996,5.699276,Plein jour,Hors agglomération,Hors intersection,Pluie légère,Trois véhicules et plus - collisions multiples,2,2,2,0,1,1,2,0,1,80,3,3,0,0,2,1,52.0,36.0,voiture,voiture,1,1,1,2,5
202300024961,2023-12-18 16:30:00,2023,12,18,16,30,35,35240,RD288,48.108552,-1.77596,Plein jour,Hors agglomération,Hors intersection,Normale,Deux véhicules - frontale,3,2,2,0,1,2,1,0,1,80,2,3,1,0,2,0,56.0,32.0,voiture,utilitaire_camion,1,1,1,1,1
202300024962,2023-12-20 11:15:00,2023,12,20,11,15,60,60612,Cours Thore Montmorency,49.206571,2.58938,Plein jour,En agglomération,Hors intersection,Normale,Autre collision,3,2,2,0,1,1,1,0,1,50,1,2,1,0,0,1,46.0,,voiture,,1,2,1,1,6
202300024963,2023-12-19 13:40:00,2023,12,19,13,40,60,60115,Rue de Crèvecoeur,49.463564,2.316468,Plein jour,Hors agglomération,Hors intersection,Temps couvert,Autre collision,3,2,2,0,1,1,2,0,3,80,1,1,0,0,0,1,20.0,,voiture,,1,1,1,8,6
202300024964,2023-12-20 12:45:00,2023,12,20,12,45,59,59626,Route d'orsinval,50.284793,3.614186,Plein jour,En agglomération,Hors intersection,Normale,Deux véhicules - frontale,3,2,2,1,1,1,1,0,1,50,2,2,0,0,0,2,39.0,20.0,utilitaire_camion,voiture,1,2,1,1,1
202300024965,2023-12-18 19:15:00,2023,12,18,19,15,13,13212,A507 sens Aubagne- Marseille,43.30955,5.42488,Nuit avec éclairage allumé,Hors agglomération,Hors intersection,Normale,Trois véhicules et plus - en chaîne,1,1,3,0,2,1,1,0,1,70,3,5,3,0,0,2,23.0,28.0,voiture,voiture,5,1,1,1,4
202300024966,2023-12-18 09:55:00,2023,12,18,9,55,13,13085,A50-Sens Aubagne vers Toulon,43.2515,5.59554,Plein jour,Hors agglomération,Hors intersection,Normale,Deux véhicules - arrière,1,1,2,0,1,1,1,0,1,110,2,2,1,0,0,1,46.0,20.0,utilitaire_camion,voiture,1,1,1,1,2
202300024967,2023-12-17 04:00:00,2023,12,17,4,0,42,42218,N88,45.433556,4.423245,Nuit sans éclairage public,Hors agglomération,Hors intersection,Temps couvert,Autre collision,2,3,4,0,2,3,1,0,1,70,1,1,0,1,0,0,20.0,,voiture,,3,1,1,8,6
202300024968,2023-12-19 19:30:00,2023,12,19,19,30,33,33063,ROCADE A 630,44.88069728,-0.54105374,Nuit avec éclairage allumé,Hors agglomération,Hors intersection,Normale,Trois véhicules et plus - en chaîne,1,3,3,0,1,1,1,2,1,70,3,3,2,0,0,1,61.0,25.0,voiture,utilitaire_camion,5,1,1,1,4
202300024969,2023-12-19 11:10:00,2023,12,19,11,10,33,33167,ROUTE NATIONALE 230,44.82143083,-0.5173552,Plein jour,Hors agglomération,Hors intersection,Normale,Trois véhicules et plus - en chaîne,2,1,1,0,1,1,1,3,1,30,3,3,0,0,0,3,56.0,44.0,utilitaire_camion,utilitaire_camion,1,1,1,1,4
202300024970,2023-12-19 18:38:00,2023,12,19,18,38,94,94021,A6A,48.76021232,2.33864852,Nuit sans éclairage public,Hors agglomération,Hors intersection,Pluie légère,Trois véhicules et plus - en chaîne,1,1,3,0,1,1,2,0,1,110,3,3,2,0,0,1,25.0,57.0,voiture,voiture,3,1,1,2,4
202300024971,2023-12-19 17:45:00,2023,12,19,17,45,91,91477,AUTOROUTE A10,48.71658,2.2634,Nuit sans éclairage public,Hors agglomération,Hors intersection,Pluie légère,Trois véhicules et plus - collisions multiples,1,1,2,0,1,1,2,0,1,90,3,3,2,0,0,1,25.0,49.0,voiture,voiture,3,1,1,2,5
202300024972,2023-12-19 11:35:00,2023,12,19,11,35,92,92050,A14,48.90030972,2.20819115,Plein jour,Hors agglomération,Hors intersection,Normale,Autre collision,1,-1,1,0,1,3,1,0,1,70,1,1,0,0,0,1,27.0,,voiture,,1,1,1,1,6
202300024973,2023-12-19 08:23:00,2023,12,19,8,23,78,78322,RN12,48.787167,2.148295,Plein jour,Hors agglomération,Hors intersection,Normale,Sans collision,2,3,3,0,1,1,1,0,1,90,1,1,0,0,0,1,22.0,,deux_roues,,1,1,1,1,7
202300024974,2023-12-19 09:00:00,2023,12,19,9,0,78,78158,A13,48.83151,2.14454,Plein jour,Hors agglomération,Hors intersection,Temps couvert,Deux véhicules - côté,1,1,3,0,1,2,1,0,1,110,2,2,1,0,0,1,38.0,22.0,voiture,deux_roues,1,1,1,8,3
202300024975,2023-12-18 12:00:00,2023,12,18,12,0,92,92064,A13,48.83831683,2.19175147,Plein jour,Hors agglomération,Hors intersection,Normale,Deux véhicules - côté,1,3,3,0,1,1,1,0,1,90,2,2,1,0,0,1,,51.0,utilitaire_camion,deux_roues,1,1,1,1,3
202300024976,2023-12-18 07:00:00,2023,12,18,7,0,92,92025,A86,48.92755851,2.23725934,Nuit sans éclairage public,Hors agglomération,Hors intersection,Normale,Trois véhicules et plus - en chaîne,1,1,2,0,1,1,1,0,1,90,3,3,2,0,1,0,26.0,57.0,voiture,utilitaire_camion,3,1,1,1,4
202300024977,2023-12-19 05:20:00,2023,12,19,5,20,95,95527,A1,49.00223641,2.52363934,Nuit sans éclairage public,Hors agglomération,Hors intersection,Normale,Trois véhicules et plus - en chaîne,1,3,3,0,1,1,1,0,1,110,3,3,2,1,0,0,46.0,56.0,utilitaire_camion,utilitaire_camion,3,1,1,1,4
202300024978,2023-12-18 19:10:00,2023,12,18,19,10,93,93066,AUTOROUTE A86,48.92272104,2.34559178,Nuit sans éclairage public,Hors agglomération,Hors intersection,Normale,Deux véhicules - arrière,1,1,3,0,1,1,1,0,1,70,2,2,1,0,0,1,35.0,30.0,utilitaire_camion,voiture,3,1,1,1,2
202300024979,2023-12-19 10:00:00,2023,12,19,10,0,94,94052,A86,48.84027522,2.49328165,Plein jour,Hors agglomération,Hors intersection,Normale,Sans collision,1,1,3,0,1,1,1,1,1,90,1,1,0,0,0,1,48.0,,deux_roues,,1,1,1,1,7
202300024980,2023-12-18 21:00:00,2023,12,18,21,0,77,77373,RN104,48.79777024,2.62301428,Nuit sans éclairage public,Hors agglomération,Hors intersection,Normale,Deux véhicules - arrière,2,1,3,0,1,1,1,0,1,90,2,2,1,0,0,1,46.0,25.0,utilitaire_camion,voiture,3,1,1,1,2
202300024981,2023-07-31 07:30:00,2023,7,31,7,30,86,86019,,46.73868,0.412158,Plein jour,Hors agglomération,Hors intersection,Normale,Deux véhicules - arrière,1,3,2,-1,1,1,1,0,1,-1,2,6,4,0,0,2,44.0,38.0,voiture,utilitaire_camion,1,1,1,1,2
202300024982,2023-07-19 21:27:00,2023,7,19,21,27,88,88253,43 Rue du Saut-le-cerf,48.199539,6.480651,Crépuscule ou aube,En agglomération,Autre intersection,Normale,Autre collision,6,-1,1,0,1,1,1,0,8,-1,1,2,1,0,1,0,37.0,,voiture,,2,2,9,1,6
202300024983,2023-07-17 16:55:00,2023,7,17,16,55,88,88075,Rue du Hohneck_,48.001574,6.914772,Plein jour,En agglomération,Hors intersection,Normale,Deux véhicules - arrière,3,2,2,0,2,1,1,0,3,70,2,2,1,0,1,0,64.0,23.0,deux_roues,voiture,1,2,1,1,2
202300024984,2023-06-21 13:10:00,2023,6,21,13,10,88,88484,1 Devant la Goule_,48.086628,6.335018,Plein jour,Hors agglomération,Hors intersection,Normale,Deux véhicules - côté,3,2,2,0,1,3,1,0,1,80,2,2,1,0,1,0,58.0,32.0,deux_roues,utilitaire_camion,1,1,1,1,3
202300024985,2023-06-18 20:10:00,2023,6,18,20,10,88,88250,Route de Cheniménil,48.1141,6.568456,Plein jour,Hors agglomération,Intersection en Y,Temps éblouissant,Deux véhicules - frontale,3,2,2,0,2,3,1,0,1,80,2,3,1,0,1,1,46.0,51.0,voiture,voiture,1,1,4,7,1
202300024985,2023-06-18 20:10:00,2023,6,18,20,10,88,88250,Route de Cheniménil,48.1141,6.568456,Plein jour,Hors agglomération,Intersection en Y,Temps éblouissant,Deux véhicules - frontale,3,3,2,0,1,1,1,5,1,80,2,3,1,0,1,1,46.0,51.0,voiture,voiture,1,1,4,7,1
202300024986,2023-05-25 15:05:00,2023,5,25,15,5,88,88516,D 229,48.194458,5.974867,Plein jour,Hors agglomération,Intersection en T,Normale,Deux véhicules - côté,3,2,2,0,2,3,1,0,1,90,2,3,2,0,0,1,43.0,53.0,voiture,voiture,1,1,3,1,3
202300024986,2023-05-25 15:05:00,2023,5,25,15,5,88,88516,D 229,48.194458,5.974867,Plein jour,Hors agglomération,Intersection en T,Normale,Deux véhicules - côté,3,2, -1,-1,1,1,1,5,1,-1,2,3,2,0,0,1,43.0,53.0,voiture,voiture,1,1,3,1,3
202300024987,2023-08-24 10:35:00,2023,8,24,10,35,09,09225,MIREPOIX ROUTE DE,43.10242,1.63204,Plein jour,En agglomération,Hors intersection,Normale,Deux véhicules - arrière,3,2,2,0,1,1,1,0,1,70,2,2,1,0,0,1,27.0,32.0,voiture,utilitaire_camion,1,2,1,1,2
202300024988,2023-09-19 07:50:00,2023,9,19,7,50,09,09225,9° R.C.P. AVENUE DU,43.11481,1.6205,Plein jour,En agglomération,Intersection en X,Normale,Deux véhicules - côté,4,2,2,0,1,1,1,0,1,50,2,2,1,0,0,1,24.0,34.0,deux_roues,voiture,1,2,2,1,3
202300024988,2023-09-19 07:50:00,2023,9,19,7,50,09,09225,9° R.C.P. AVENUE DU,43.11481,1.6205,Plein jour,En agglomération,Intersection en X,Normale,Deux véhicules - côté,4,2,2,0,1,1,1,0,1,30,2,2,1,0,0,1,24.0,34.0,deux_roues,voiture,1,2,2,1,3
202300024989,2023-09-10 02:20:00,2023,9,10,2,20,09,09225,MENESTRELS CHEMIN DES,43.11527504,1.62766233,Nuit avec éclairage allumé,En agglomération,Hors intersection,Normale,Deux véhicules - frontale,4,2,2,0,1,2,1,0,1,30,2,2,0,0,0,2,32.0,42.0,voiture,voiture,5,2,1,1,1
202300024990,2023-03-20 09:30:00,2023,3,20,9,30,14,14435,Route de la Boissière,49.11075987,0.13687849,Plein jour,Hors agglomération,Hors intersection,Normale,Sans collision,3,2,2,0,1,3,1,0,8,80,1,1,0,0,0,1,23.0,,voiture,,1,1,1,1,7
202300024991,2023-12-17 20:35:00,2023,12,17,20,35,974,97416,LIGNE PARADIS(ROUTE DE LA),-21.31151,55.47238,Nuit avec éclairage non allumé,En agglomération,Hors intersection,Normale,Deux véhicules - côté,4,-1,2,0,2,1,1,0,1,50,2,2,1,0,0,1,73.0,23.0,voiture,voiture,4,2,1,1,3
202300024992,2023-12-18 08:00:00,2023,12,18,8,0,69,69383,Avenue Félix Faure,45.7529,4.85358,Crépuscule ou aube,En agglomération,Intersection en X,Temps couvert,Deux véhicules - côté,4,1,2,2,1,1,1,0,5,50,2,2,1,0,0,1,52.0,27.0,voiture,deux_roues,2,2,2,8,3
202300024992,2023-12-18 08:00:00,2023,12,18,8,0,69,69383,Avenue Félix Faure,45.7529,4.85358,Crépuscule ou aube,En agglomération,Intersection en X,Temps couvert,Deux véhicules - côté,4,2,2,0,1,1,1,0,1,50,2,2,1,0,0,1,52.0,27.0,voiture,deux_roues,2,2,2,8,3
202300024993,2023-12-17 04:30:00,2023,12,17,4,30,972,97209,BEAUSEJOUR JAMBETTE (ROUTE),14.61895,-61.03717,Nuit avec éclairage allumé,En agglomération,Hors intersection,Pluie légère,Autre collision,4,-1,2,0,1,3,2,0,8,50,1,1,0,0,0,1,47.0,,voiture,,5,2,1,2,6
202300024994,2023-12-18 11:45:00,2023,12,18,11,45,69,69389,25 Rue Joannès Carret,45.79245,4.81814,Plein jour,En agglomération,Hors intersection,Normale,Deux véhicules - côté,4,2,2,3,1,1,1,0,6,30,2,2,1,0,0,1,41.0,59.0,voiture,deux_roues,1,2,1,1,3
202300024995,2023-12-18 15:45:00,2023,12,18,15,45,2B,2B033,TOUTES RUES,42.69256,9.451797,Plein jour,En agglomération,Hors intersection,Normale,Deux véhicules - arrière,4,2,2,0,1,1,1,0,1,50,2,2,1,0,0,1,71.0,37.0,deux_roues,voiture,1,2,1,1,2
202300024996,2023-12-18 08:10:00,2023,12,18,8,10,2B,2B033,CIMETIERE,42.69,9.45,Plein jour,En agglomération,Autre intersection,Temps éblouissant,Deux véhicules - côté,4,2,1,0,4,3,1,9,1,50,2,2,1,0,0,1,50.0,24.0,voiture,deux_roues,1,2,9,7,3
202300024997,2023-12-17 18:50:00,2023,12,17,18,50,971,97113,SECTION LEROUX,16.24138,-61.47596,Nuit sans éclairage public,Hors agglomération,Hors intersection,Pluie légère,Deux véhicules - frontale,3,2,2,0,1,4,2,0,1,70,2,4,0,0,0,4,19.0,67.0,voiture,voiture,3,1,1,2,1
202300024998,2023-12-17 18:00:00,2023,12,17,18,0,971,97113,RN4 - SECTION RIVIERA,16.21229,-61.47571,Nuit sans éclairage public,Hors agglomération,Hors intersection,Pluie légère,Deux véhicules - côté,2,2,2,0,1,1,2,0,3,70,2,3,1,0,0,2,59.0,44.0,voiture,deux_roues,3,1,1,2,3
202300024999,2023-12-17 17:45:00,2023,12,17,17,45,971,97113,SECTION COCOYER,16.24138,-61.47596,Nuit avec éclairage allumé,Hors agglomération,Hors intersection,Pluie légère,Autre collision,3,2,2,0,2,2,2,0,1,70,1,2,1,0,1,0,54.0,,voiture,,5,1,1,2,6
202300025000,2023-12-16 16:45:00,2023,12,16,16,45,971,97113,RN4 - SECTION RIVIERA,16.21785,-61.48605,Plein jour,Hors agglomération,Hors intersection,Normale,Deux véhicules - côté,2,2,2,1,1,1,1,0,1,50,2,2,1,0,0,1,29.0,48.0,voiture,deux_roues,1,1,1,1,3
202300025001,2023-12-18 11:19:00,2023,12,18,11,19,2A,2A004,ALATA ROUTE,41.93472,8.73653,Plein jour,En agglomération,Hors intersection,Normale,Autre collision,3,2,1,0,4,1,1,0,1,50,1,2,1,0,1,0,18.0,,voiture,,1,2,1,1,6
202300025002,2023-12-18 17:05:00,2023,12,18,17,5,95,95323,D48E,49.01084,2.04671,Nuit avec éclairage allumé,En agglomération,Hors intersection,Normale,Autre collision,3,2,2,0,1,1,1,0,1,50,1,2,1,0,0,1,43.0,,voiture,,5,2,1,1,6
202300025003,2023-12-18 08:01:00,2023,12,18,8,1,91,91570,SAINT SAENS (RUE),48.63513,2.321,Crépuscule ou aube,En agglomération,Autre intersection,Temps couvert,Autre collision,4,2,2,0,1,1,1,0,1,50,1,2,1,0,0,1,19.0,,voiture,,2,2,9,8,6
202300025004,2023-12-18 17:30:00,2023,12,18,17,30,91,91161,RUE GAY LUSSAC,48.71023,2.29771,Nuit avec éclairage allumé,En agglomération,Intersection en T,Normale,Autre collision,3,2,2,0,1,1,1,0,1,50,1,2,1,0,1,0,60.0,,utilitaire_camion,,5,2,3,1,6
202300025004,2023-12-18 17:30:00,2023,12,18,17,30,91,91161,RUE GAY LUSSAC,48.71023,2.29771,Nuit avec éclairage allumé,En agglomération,Intersection en T,Normale,Autre collision,3,2,2,0,1,3,1,0,1,30,1,2,1,0,1,0,60.0,,utilitaire_camion,,5,2,3,1,6
202300025005,2023-12-16 20:00:00,2023,12,16,20,0,91,91657,RUE PIERRE SEMARD,48.69694,2.43595,Nuit avec éclairage allumé,En agglomération,Intersection en X,Normale,Deux véhicules - côté,4,1,1,0,2,1,1,0,1,50,2,2,1,0,1,0,39.0,25.0,voiture,deux_roues,5,2,2,1,3
202300025005,2023-12-16 20:00:00,2023,12,16,20,0,91,91657,RUE PIERRE SEMARD,48.69694,2.43595,Nuit avec éclairage allumé,En agglomération,Intersection en X,Normale,Deux véhicules - côté,4,1,1,0,1,1,1,0,1,50,2,2,1,0,1,0,39.0,25.0,voiture,deux_roues,5,2,2,1,3
202300025006,2023-12-14 19:05:00,2023,12,14,19,5,91,91223,MAI 1945 (AVENUE DU 8),48.44078,2.15436,Nuit avec éclairage allumé,En agglomération,Hors intersection,Pluie légère,Deux véhicules - arrière,3,2,3,0,2,1,2,0,1,50,2,2,0,0,0,2,61.0,36.0,voiture,voiture,5,2,1,2,2
202300025007,2023-12-18 13:04:00,2023,12,18,13,4,87,87085,CHATRADES (rue des),45.85247,1.17727,Plein jour,Hors agglomération,Hors intersection,Normale,Sans collision,4,2,2,0,1,1,1,0,1,80,1,1,0,0,0,1,27.0,,deux_roues,,1,1,1,1,7
202300025008,2023-12-18 20:40:00,2023,12,18,20,40,84,84080,LIBERATION AVENUE DE LA,44.03335,4.99816,Nuit avec éclairage allumé,En agglomération,Hors intersection,Normale,Autre collision,4,2,2,0,1,1,1,6,1,50,1,2,1,0,1,0,47.0,,voiture,,5,2,1,1,6
202300025009,2023-12-17 02:00:00,2023,12,17,2,0,84,84007,LYON (route de ),43.95203,4.82813,Nuit avec éclairage allumé,En agglomération,Hors intersection,Normale,Autre collision,4,2,3,2,1,1,1,0,4,50,1,3,2,0,0,1,19.0,,voiture,,5,2,1,1,6
202300025010,2023-12-16 13:50:00,2023,12,16,13,50,80,80021,DEJEAN (RUE),49.89174,2.31258,Plein jour,En agglomération,Hors intersection,Normale,Sans collision,4,2,2,0,1,1,1,0,1,50,1,2,1,0,0,1,59.0,,transport_commun,,1,2,1,1,7
202300025011,2023-12-17 15:00:00,2023,12,17,15,0,78,78650,MONTESSON (ROUTE DE),48.90268,2.13693,Plein jour,En agglomération,Intersection en X,Temps éblouissant,Autre collision,3,2,2,0,1,1,1,0,1,50,1,2,1,0,0,1,35.0,,voiture,,1,2,2,7,6
202300025011,2023-12-17 15:00:00,2023,12,17,15,0,78,78650,MONTESSON (ROUTE DE),48.90268,2.13693,Plein jour,En agglomération,Intersection en X,Temps éblouissant,Autre collision,3,2,2,0,1,2,1,0,1,50,1,2,1,0,0,1,35.0,,voiture,,1,2,2,7,6
202300025012,2023-12-18 19:24:00,2023,12,18,19,24,78,78440,MARECHAL FOCH (AVENUE DU),48.98778,1.89669,Nuit avec éclairage allumé,En agglomération,Hors intersection,Normale,Deux véhicules - frontale,3,2,2,0,1,1,1,0,1,50,2,2,0,0,0,2,30.0,38.0,voiture,voiture,5,2,1,1,1
202300025013,2023-12-17 17:50:00,2023,12,17,17,50,76,76351,SPORTS,49.51379,0.12982,Nuit avec éclairage allumé,En agglomération,Intersection en X,Normale,Deux véhicules - côté,4,2,2,0,1,1,1,0,1,50,2,2,0,0,0,2,56.0,79.0,voiture,voiture,5,2,2,1,3
202300025013,2023-12-17 17:50:00,2023,12,17,17,50,76,76351,SPORTS,49.51379,0.12982,Nuit avec éclairage allumé,En agglomération,Intersection en X,Normale,Deux véhicules - côté,4,2,2,0,1,1,1,0,1,50,2,2,0,0,0,2,56.0,79.0,voiture,voiture,5,2,2,1,3
202300025014,2023-12-18 14:50:00,2023,12,18,14,50,74,74012,ETREMBIERES (ROUTE D'),46.184152,6.230761,Plein jour,En agglomération,Intersection en T,Brouillard / fumée,Autre collision,3,1,3,0,1,1,1,2,3,50,1,1,0,0,0,1,91.0,,voiture,,1,2,3,5,6
202300025014,2023-12-18 14:50:00,2023,12,18,14,50,74,74012,ETREMBIERES (ROUTE D'),46.184152,6.230761,Plein jour,En agglomération,Intersection en T,Brouillard / fumée,Autre collision,3,1, -1,-1,1,1,1,0,1,-1,1,1,0,0,0,1,91.0,,voiture,,1,2,3,5,6
202300025015,2023-12-18 12:00:00,2023,12,18,12,0,72,72095,VIENNE (RUE DE),48.02434,0.20754,Plein jour,En agglomération,Autre intersection,Normale,Autre collision,4,1,1,0,1,1,1,0,1,50,1,2,1,0,0,1,47.0,,utilitaire_camion,,1,2,9,1,6
202300025016,2023-12-18 20:15:00,2023,12,18,20,15,70,70388,RD457,47.61838,6.13486,Nuit avec éclairage allumé,En agglomération,Intersection en T,Normale,Autre collision,3,2,2,0,1,1,1,0,1,50,1,1,0,0,1,0,34.0,,voiture,,5,2,3,1,6
202300025016,2023-12-18 20:15:00,2023,12,18,20,15,70,70388,RD457,47.61838,6.13486,Nuit avec éclairage allumé,En agglomération,Intersection en T,Normale,Autre collision,3,2,2,0,1,1,1,0,8,50,1,1,0,0,1,0,34.0,,voiture,,5,2,3,1,6
202300025017,2023-12-17 11:30:00,2023,12,17,11,30,69,69290,Route d'Heyrieux,45.68788,4.9426,Plein jour,En agglomération,Hors intersection,Normale,Autre collision,7,2,2,0,1,1,1,0,1,50,1,2,1,0,0,1,80.0,,voiture,,1,2,1,1,6
202300025018,2023-12-18 13:00:00,2023,12,18,13,0,67,67482,DUCS (RUE DES),48.59039,7.71589,Plein jour,En agglomération,Intersection en Y,Normale,Deux véhicules - côté,4,1,1,0,1,1,1,8,1,50,2,4,3,0,1,0,,29.0,deux_roues,voiture,1,2,4,1,3
202300025018,2023-12-18 13:00:00,2023,12,18,13,0,67,67482,DUCS (RUE DES),48.59039,7.71589,Plein jour,En agglomération,Intersection en Y,Normale,Deux véhicules - côté,4,1,1,0,1,1,1,0,1,50,2,4,3,0,1,0,,29.0,deux_roues,voiture,1,2,4,1,3
202300025019,2023-12-18 06:30:00,2023,12,18,6,30,67,67218,SEBASTIEN BRANT (RUE),48.52703,7.73429,Crépuscule ou aube,En agglomération,Giratoire,Normale,Deux véhicules - côté,7,1,2,0,1,2,1,5,1,50,2,2,1,0,0,1,43.0,46.0,voiture,deux_roues,2,2,6,1,3
202300025019,2023-12-18 06:30:00,2023,12,18,6,30,67,67218,SEBASTIEN BRANT (RUE),48.52703,7.73429,Crépuscule ou aube,En agglomération,Giratoire,Normale,Deux véhicules - côté,7,1,2,0,1,2,1,5,1,50,2,2,1,0,0,1,43.0,46.0,voiture,deux_roues,2,2,6,1,3
202300025020,2023-12-18 08:40:00,2023,12,18,8,40,64,64445,BAREGES DE,43.29424,-0.35901,Plein jour,En agglomération,Intersection en X,Pluie légère,Deux véhicules - côté,4,2,4,0,2,1,2,0,1,50,2,2,1,0,0,1,26.0,14.0,voiture,deux_roues,1,2,2,2,3
202300025020,2023-12-18 08:40:00,2023,12,18,8,40,64,64445,BAREGES DE,43.29424,-0.35901,Plein jour,En agglomération,Intersection en X,Pluie légère,Deux véhicules - côté,4,2,4,0,2,1,2,0,1,50,2,2,1,0,0,1,26.0,14.0,voiture,deux_roues,1,2,2,2,3
202300025021,2023-12-17 23:20:00,2023,12,17,23,20,64,64445,LIEGE DE,43.29883,-0.37491,Nuit avec éclairage allumé,En agglomération,Intersection en X,Normale,Deux véhicules - côté,4,2,3,3,1,1,1,0,1,50,2,2,1,0,0,1,18.0,23.0,deux_roues,voiture,5,2,2,1,3
202300025021,2023-12-17 23:20:00,2023,12,17,23,20,64,64445,LIEGE DE,43.29883,-0.37491,Nuit avec éclairage allumé,En agglomération,Intersection en X,Normale,Deux véhicules - côté,4,2,2,0,1,1,1,0,1,50,2,2,1,0,0,1,18.0,23.0,deux_roues,voiture,5,2,2,1,3