accident_id,datetime,annee,mois,jour,heure,minute,departement,commune_insee,adresse,latitude,longitude,luminosite,agglomeration,intersection,meteo,collision,catr,circ,nbv,vosp,prof,plan,surf,infra,situ,vma,nb_vehicules,nb_usagers,nb_indemnes,nb_tues,nb_blesses_hosp,nb_blesses_legers,age_cond_1,age_cond_2,veh_type_cond_1,veh_type_cond_2,lum_code,agg_code,int_code,atm_code,col_code
202300025022,2023-12-19 17:30:00,2023,12,19,17,30,62,62570,D50E2,50.38538,2.855,Nuit avec éclairage non allumé,Hors agglomération,Hors intersection,Pluie forte,Trois véhicules et plus - collisions multiples,3,2,2,0,1,1,2,0,1,80,3,5,2,1,1,1,21.0,39.0,voiture,voiture,4,1,1,3,5
202300025023,2023-12-18 23:20:00,2023,12,18,23,20,62,62498,Rue de Carency,50.42036459,2.82098088,Nuit avec éclairage allumé,En agglomération,Hors intersection,Normale,Autre collision,4,3,3,0,1,1,1,0,1,50,1,1,0,0,0,1,23.0,,voiture,,5,2,1,1,6
202300025024,2023-12-18 06:45:00,2023,12,18,6,45,61,61001,VC,48.42729,0.08945,Nuit avec éclairage allumé,En agglomération,Intersection en X,Normale,Deux véhicules - côté,4,2,2,0,1,2,1,0,1,30,2,3,2,0,0,1,51.0,23.0,voiture,voiture,5,2,2,1,3
202300025024,2023-12-18 06:45:00,2023,12,18,6,45,61,61001,VC,48.42729,0.08945,Nuit avec éclairage allumé,En agglomération,Intersection en X,Normale,Deux véhicules - côté,4,2,2,0,1,1,1,0,1,30,2,3,2,0,0,1,51.0,23.0,voiture,voiture,5,2,2,1,3
202300025025,2023-12-17 13:30:00,2023,12,17,13,30,59,59288,RUE DES ALOUETTES,50.314903,3.399871,Plein jour,En agglomération,Hors intersection,Normale,Autre collision,4,2,2,0,2,1,1,9,3,50,1,1,0,1,0,0,38.0,,deux_roues,,1,2,1,1,6
202300025026,2023-12-18 09:00:00,2023,12,18,9,0,59,59291,SAINT-PIERRE (PLACE),50.24967,3.92187,Crépuscule ou aube,En agglomération,Giratoire,Brouillard / fumée,Deux véhicules - côté,4,2, -1,-1,1,1,1,9,1,-1,2,2,1,0,0,1,16.0,89.0,deux_roues,utilitaire_camion,2,2,6,5,3
202300025027,2023-12-14 07:45:00,2023,12,14,7,45,59,59009,RUE DE LA VOLONTE,50.60968046,3.13153388,Plein jour,En agglomération,Hors intersection,Pluie légère,Deux véhicules - arrière,4,2,3,0,1,1,2,0,1,30,2,3,1,0,0,2,27.0,52.0,voiture,voiture,1,2,1,2,2
202300025028,2023-11-11 08:15:00,2023,11,11,8,15,59,59043,ABBE DEBACK (RUE DE L'),50.71358809,2.68027735,Nuit sans éclairage public,En agglomération,Hors intersection,Pluie forte,Sans collision,4,2,1,0,1,1,4,0,3,50,1,1,0,1,0,0,63.0,,voiture,,3,2,1,3,7
202300025029,2023-12-17 14:45:00,2023,12,17,14,45,54,54395,Rue Mazagran,48.68944,6.17624,Plein jour,En agglomération,Intersection en T,Normale,Autre collision,4,1,2,3,1,1,1,0,1,50,1,2,1,0,0,1,,,deux_roues,,1,2,3,1,6
202300025029,2023-12-17 14:45:00,2023,12,17,14,45,54,54395,Rue Mazagran,48.68944,6.17624,Plein jour,En agglomération,Intersection en T,Normale,Autre collision,4,1,2,3,1,1,1,-1,1,30,1,2,1,0,0,1,,,deux_roues,,1,2,3,1,6
202300025030,2023-12-15 19:30:00,2023,12,15,19,30,49,49007,EPINARD ROUTE,47.4902,-0.5618,Nuit avec éclairage allumé,En agglomération,Hors intersection,Normale,Autre collision,4,2,2,0,1,1,1,0,1,50,1,2,1,0,0,1,17.0,,deux_roues,,5,2,1,1,6
202300025031,2023-12-18 07:30:00,2023,12,18,7,30,44,44184,30 Boulevard Albert 1er,47.26646,-2.2227,Nuit avec éclairage allumé,En agglomération,Hors intersection,Normale,Autre collision,4,2,2,0,1,1,1,0,1,50,1,3,2,0,0,1,57.0,,utilitaire_camion,,5,2,1,1,6
202300025032,2023-12-13 15:50:00,2023,12,13,15,50,42,42187,D207,46.03305,4.07884,Plein jour,En agglomération,Hors intersection,Pluie légère,,3,3,4,1,1,1,2,0,5,50,2,2,1,0,1,0,29.0,82.0,utilitaire_camion,deux_roues,1,2,1,2,-1
202300025033,2023-12-18 07:35:00,2023,12,18,7,35,37,37195,,47.3866,0.65086,Crépuscule ou aube,En agglomération,Giratoire,Normale,Deux véhicules - côté,4,1,2,2,1,2,2,0,1,50,2,2,1,0,0,1,46.0,33.0,voiture,deux_roues,2,2,6,1,3
202300025034,2023-12-18 15:10:00,2023,12,18,15,10,35,35278,RN 136,48.141233,-1.680019,Plein jour,Hors agglomération,Hors intersection,Normale,Autre collision,2,3,4,0,1,1,1,0,1,90,1,1,0,0,0,1,33.0,,voiture,,1,1,1,1,6
202300025035,2023-12-18 05:00:00,2023,12,18,5,0,34,34172,MOULINS (AVENUE DES,43.63359,3.84342,Nuit avec éclairage allumé,En agglomération,Intersection en X,Normale,Deux véhicules - côté,4,3,4,0,1,1,1,5,1,50,2,3,1,0,2,0,35.0,21.0,voiture,deux_roues,5,2,2,1,3
202300025035,2023-12-18 05:00:00,2023,12,18,5,0,34,34172,MOULINS (AVENUE DES,43.63359,3.84342,Nuit avec éclairage allumé,En agglomération,Intersection en X,Normale,Deux véhicules - côté,4,2,2,0,2,1,1,0,1,50,2,3,1,0,2,0,35.0,21.0,voiture,deux_roues,5,2,2,1,3
202300025036,2023-12-17 03:45:00,2023,12,17,3,45,34,34172,MARES (AVENUE HENRI),43.62006,3.85116,Nuit avec éclairage allumé,En agglomération,Intersection en Y,Normale,Deux véhicules - frontale,4,2,2,0,1,1,1,0,1,50,2,2,1,0,0,1,,54.0,voiture,voiture,5,2,4,1,1
202300025036,2023-12-17 03:45:00,2023,12,17,3,45,34,34172,MARES (AVENUE HENRI),43.62006,3.85116,Nuit avec éclairage allumé,En agglomération,Intersection en Y,Normale,Deux véhicules - frontale,4,2, -1,-1,1,1,1,0,1,-1,2,2,1,0,0,1,,54.0,voiture,voiture,5,2,4,1,1
202300025037,2023-12-15 13:55:00,2023,12,15,13,55,34,34032,MOURRUT DOCTEUR (BD),43.34547,3.234,Plein jour,En agglomération,Hors intersection,Normale,Deux véhicules - frontale,4,2,3,0,1,1,1,0,1,50,2,2,1,0,0,1,46.0,72.0,deux_roues,voiture,1,2,1,1,1
202300025038,2023-12-18 14:40:00,2023,12,18,14,40,33,33063,Boulevard du Président Franklin Roosevelt,44.816,-0.5746,Plein jour,En agglomération,Hors intersection,Brouillard / fumée,Deux véhicules - arrière,4,2,2,0,1,1,1,0,1,50,2,2,1,0,0,1,58.0,35.0,deux_roues,utilitaire_camion,1,2,1,5,2
202300025039,2023-12-18 10:35:00,2023,12,18,10,35,33,33063,Rue Borie,44.85334,-0.56722,Plein jour,En agglomération,Intersection en T,Normale,Deux véhicules - côté,4,1,1,0,1,1,1,9,1,30,2,2,1,0,0,1,47.0,21.0,voiture,deux_roues,1,2,3,1,3
202300025039,2023-12-18 10:35:00,2023,12,18,10,35,33,33063,Rue Borie,44.85334,-0.56722,Plein jour,En agglomération,Intersection en T,Normale,Deux véhicules - côté,4,1,1,0,1,1,1,6,1,20,2,2,1,0,0,1,47.0,21.0,voiture,deux_roues,1,2,3,1,3
202300025040,2023-12-17 00:30:00,2023,12,17,0,30,33,33063,RUE RENE MAGNE,44.88877,-0.54326,Nuit avec éclairage allumé,Hors agglomération,Hors intersection,Normale,Autre collision,4,2,2,0,1,1,1,0,4,70,2,5,1,0,0,4,20.0,,voiture,,5,1,1,1,6
202300025041,2023-12-18 12:55:00,2023,12,18,12,55,27,27681,MAGNY (ROUTE DE),49.0984068,1.4935265,Plein jour,En agglomération,Hors intersection,Temps couvert,Deux véhicules - arrière,4,2,2,0,4,1,1,8,1,30,2,2,1,0,0,1,39.0,51.0,voiture,voiture,1,2,1,8,2
202300025042,2023-12-13 08:20:00,2023,12,13,8,20,27,27299,BRIAND (AVENUE ARISTIDE),49.049718,1.1646099,Crépuscule ou aube,En agglomération,Hors intersection,Pluie légère,Deux véhicules - côté,4,2,2,1,1,1,2,0,5,50,2,2,1,0,0,1,62.0,33.0,voiture,deux_roues,2,2,1,2,3
202300025043,2023-12-18 09:55:00,2023,12,18,9,55,25,25056,CAUSSES RUE DES,47.2175,5.9674,Plein jour,En agglomération,Giratoire,Normale,Autre collision,4,-1,2,0,1,1,1,0,1,50,1,2,1,0,0,1,48.0,,voiture,,1,2,6,1,6
202300025043,2023-12-18 09:55:00,2023,12,18,9,55,25,25056,CAUSSES RUE DES,47.2175,5.9674,Plein jour,En agglomération,Giratoire,Normale,Autre collision,4,2,2,0,1,3,1,0,1,50,1,2,1,0,0,1,48.0,,voiture,,1,2,6,1,6
202300025044,2023-12-18 19:35:00,2023,12,18,19,35,17,17333,EXPRESS (voie),45.61663,-0.98798,Nuit avec éclairage allumé,Hors agglomération,Giratoire,Normale,Sans collision,3,1,2,0,1,2,1,5,3,80,1,1,0,0,0,1,31.0,,voiture,,5,1,6,1,7
202300025044,2023-12-18 19:35:00,2023,12,18,19,35,17,17333,EXPRESS (voie),45.61663,-0.98798,Nuit avec éclairage allumé,Hors agglomération,Giratoire,Normale,Sans collision,3,2,2,0,1,2,1,5,3,80,1,1,0,0,0,1,31.0,,voiture,,5,1,6,1,7
202300025045,2023-12-18 19:55:00,2023,12,18,19,55,16,16166,REPUBLIQUE (AVENUE DE LA),45.66371,0.19495,Plein jour,Hors agglomération,Intersection en X,Normale,Deux véhicules - côté,4,1,1,-1,1,1,1,0,1,50,2,2,1,0,1,0,18.0,43.0,voiture,deux_roues,1,1,2,1,3
202300025045,2023-12-18 19:55:00,2023,12,18,19,55,16,16166,REPUBLIQUE (AVENUE DE LA),45.66371,0.19495,Plein jour,Hors agglomération,Intersection en X,Normale,Deux véhicules - côté,4,-1,2,0,1,1,1,0,1,50,2,2,1,0,1,0,18.0,43.0,voiture,deux_roues,1,1,2,1,3
202300025046,2023-12-18 15:25:00,2023,12,18,15,25,13,13043,ALPES (RUE DES),43.38714,5.23913,Plein jour,En agglomération,Hors intersection,Normale,Deux véhicules - frontale,4,-1,1,0,1,1,1,0,1,50,1,2,0,0,0,2,33.0,,voiture,,1,2,1,1,1
202300025047,2023-06-29 19:40:00,2023,6,29,19,40,44,44109,2 Boulevard Ernest Dalby,47.22835,-1.52635,Plein jour,En agglomération,Hors intersection,Normale,Deux véhicules - côté,4,2,3,2,1,1,1,0,1,50,2,2,1,0,0,1,38.0,50.0,deux_roues,voiture,1,2,1,1,3
202300025048,2023-06-30 19:40:00,2023,6,30,19,40,35,35238,CHAMPS ROTIS (DES),48.13874,-1.71825,Plein jour,Hors agglomération,Hors intersection,Normale,Deux véhicules - côté,4,2,2,0,1,1,1,0,1,50,2,2,1,0,0,1,35.0,48.0,voiture,voiture,1,1,1,1,3
202300025049,2023-06-30 23:55:00,2023,6,30,23,55,33,33063,Cours de la Somme,44.82486,-0.57249,Nuit avec éclairage allumé,En agglomération,Intersection en T,Pluie légère,Deux véhicules - côté,4,2,2,3,1,1,2,0,1,30,2,2,1,0,0,1,20.0,27.0,deux_roues,voiture,5,2,3,2,3
202300025049,2023-06-30 23:55:00,2023,6,30,23,55,33,33063,Cours de la Somme,44.82486,-0.57249,Nuit avec éclairage allumé,En agglomération,Intersection en T,Pluie légère,Deux véhicules - côté,4,1,1,-1,1,1,2,0,1,30,2,2,1,0,0,1,20.0,27.0,deux_roues,voiture,5,2,3,2,3
202300025050,2023-06-28 00:20:00,2023,6,28,0,20,31,31555,RTE D ALBI,43.64514,1.46946,Nuit avec éclairage allumé,En agglomération,Intersection en X,Normale,Deux véhicules - côté,1,1,0,0,1,1,1,0,1,50,2,2,1,0,0,1,27.0,52.0,voiture,deux_roues,5,2,2,1,3
202300025050,2023-06-28 00:20:00,2023,6,28,0,20,31,31555,RTE D ALBI,43.64514,1.46946,Nuit avec éclairage allumé,En agglomération,Intersection en X,Normale,Deux véhicules - côté,1,1,0,0,1,1,1,0,1,50,2,2,1,0,0,1,27.0,52.0,voiture,deux_roues,5,2,2,1,3
202300025051,2023-06-16 18:25:00,2023,6,16,18,25,31,31555,BD PIERRE PAUL RIQUET,43.60621,1.45602,Plein jour,En agglomération,Hors intersection,Normale,Sans collision,4,1,3,0,1,1,9,0,1,50,2,3,2,0,0,1,26.0,27.0,voiture,deux_roues,1,2,1,1,7
202300025052,2023-06-29 11:25:00,2023,6,29,11,25,29,29039,Rue de Kerose,47.873967,-3.902148,Plein jour,En agglomération,Intersection en T,Normale,Deux véhicules - arrière,4,-1,2,0,1,1,1,0,1,50,2,2,1,0,0,1,67.0,54.0,deux_roues,utilitaire_camion,1,2,3,1,2
202300025052,2023-06-29 11:25:00,2023,6,29,11,25,29,29039,Rue de Kerose,47.873967,-3.902148,Plein jour,En agglomération,Intersection en T,Normale,Deux véhicules - arrière,4,-1,1,0,1,1,1,0,1,50,2,2,1,0,0,1,67.0,54.0,deux_roues,utilitaire_camion,1,2,3,1,2
202300025053,2023-06-30 10:30:00,2023,6,30,10,30,29,29019,avenue Maréchal Foch,48.393674,-4.488137,Plein jour,En agglomération,Hors intersection,Normale,Trois véhicules et plus - en chaîne,4,-1,2,0,2,1,2,0,1,50,3,5,4,0,0,1,34.0,21.0,voiture,utilitaire_camion,1,2,1,1,4
202300025054,2023-06-28 10:30:00,2023,6,28,10,30,29,29019,place de Strasbourg,48.40224,-4.46672,Plein jour,En agglomération,Hors intersection,Pluie légère,Deux véhicules - côté,4,1,2,0,1,2,2,0,1,50,2,2,1,0,0,1,27.0,73.0,voiture,deux_roues,1,2,1,2,3
202300025055,2023-06-30 15:45:00,2023,6,30,15,45,27,27528,DE GAULLE (PLACE DU GENERAL),49.25631,1.2092,Plein jour,En agglomération,Hors intersection,Normale,Autre collision,4,-1, -1,0,1,1,1,6,1,50,1,2,1,0,1,0,,,deux_roues,,1,2,1,1,6
202300025056,2023-06-30 16:40:00,2023,6,30,16,40,27,27229,MONOD (RUE JACQUES),49.028,1.17996,Plein jour,En agglomération,Intersection en T,Normale,Deux véhicules - côté,4,2,2,0,1,1,1,0,1,50,2,2,1,0,0,1,35.0,22.0,voiture,voiture,1,2,3,1,3
202300025056,2023-06-30 16:40:00,2023,6,30,16,40,27,27229,MONOD (RUE JACQUES),49.028,1.17996,Plein jour,En agglomération,Intersection en T,Normale,Deux véhicules - côté,4,2,2,0,1,1,1,0,1,50,2,2,1,0,0,1,35.0,22.0,voiture,voiture,1,2,3,1,3
202300025057,2023-06-30 08:10:00,2023,6,30,8,10,13,13001,ST CANADET (ROUTE) D.13,43.57904,5.4574,Plein jour,Hors agglomération,Hors intersection,Temps couvert,Deux véhicules - frontale,3,2,2,1,1,1,1,0,1,90,2,2,0,0,1,1,25.0,46.0,utilitaire_camion,voiture,1,1,1,8,1
202300025058,2023-06-30 16:35:00,2023,6,30,16,35,11,11069,HUGO VICTOR,43.21347,2.34938,Plein jour,En agglomération,Intersection en X,Normale,Autre collision,4,1,1,0,2,1,1,0,4,50,1,2,1,0,0,1,38.0,,voiture,,1,2,2,1,6
202300025058,2023-06-30 16:35:00,2023,6,30,16,35,11,11069,HUGO VICTOR,43.21347,2.34938,Plein jour,En agglomération,Intersection en X,Normale,Autre collision,4,1,1,0,1,1,1,0,4,50,1,2,1,0,0,1,38.0,,voiture,,1,2,2,1,6
202300025059,2023-06-30 12:10:00,2023,6,30,12,10,06,06027,VIAL RUE DU CAPITAINE DE FREGATE,43.657755,7.168996,Plein jour,En agglomération,Intersection en X,Normale,Deux véhicules - côté,7,2,8,1,1,1,1,0,1,50,2,2,1,0,0,1,,25.0,voiture,deux_roues,1,2,2,1,3
202300025059,2023-06-30 12:10:00,2023,6,30,12,10,06,06027,VIAL RUE DU CAPITAINE DE FREGATE,43.657755,7.168996,Plein jour,En agglomération,Intersection en X,Normale,Deux véhicules - côté,7,4,8,1,1,1,1,5,1,50,2,2,1,0,0,1,,25.0,voiture,deux_roues,1,2,2,1,3
202300025060,2023-06-30 20:20:00,2023,6,30,20,20,75,75112,PORTE DE VINCENNES,48.840464,2.413466,Plein jour,En agglomération,Hors intersection,Normale,Deux véhicules - côté,4,1,4,0,1,1,1,0,1,70,2,2,1,0,0,1,41.0,30.0,voiture,deux_roues,1,2,1,1,3
202300025061,2023-06-15 22:55:00,2023,6,15,22,55,75,75113,PORTE D IVRY,48.820406,2.375444,Nuit avec éclairage allumé,En agglomération,Hors intersection,Normale,Sans collision,4,1,4,0,1,1,1,0,1,70,1,1,0,0,0,1,55.0,,deux_roues,,5,2,1,1,7
202300025062,2023-06-30 19:35:00,2023,6,30,19,35,75,75118,RUE VAUVENARGUES,48.89511,2.33181,Plein jour,En agglomération,Intersection en T,Normale,Autre collision,4,1,1,-1,1,2,1,0,1,30,1,2,1,0,0,1,61.0,,voiture,,1,2,3,1,6
202300025062,2023-06-30 19:35:00,2023,6,30,19,35,75,75118,RUE VAUVENARGUES,48.89511,2.33181,Plein jour,En agglomération,Intersection en T,Normale,Autre collision,4,2,2,0,1,1,1,0,1,30,1,2,1,0,0,1,61.0,,voiture,,1,2,3,1,6
202300025063,2023-06-30 19:00:00,2023,6,30,19,0,75,75116,ROUTE DU CHAMP D ENTRAINEMENT,48.874288,2.245817,Plein jour,En agglomération,Hors intersection,Normale,Sans collision,4,2,2,0,1,1,1,0,1,30,1,1,0,0,0,1,21.0,,voiture,,1,2,1,1,7
202300025064,2023-06-30 17:15:00,2023,6,30,17,15,75,75116,AVENUE RAYMOND POINCARE,48.864182,2.28674,Plein jour,En agglomération,Hors intersection,Normale,Deux véhicules - côté,4,2,2,0,1,1,1,0,1,30,2,2,1,0,0,1,63.0,20.0,voiture,deux_roues,1,2,1,1,3
202300025065,2023-06-29 13:20:00,2023,6,29,13,20,75,75116,AVENUE DE LA GRANDE ARMEE,48.876783,2.285583,Plein jour,En agglomération,Hors intersection,Normale,Deux véhicules - côté,4,2,4,1,1,1,1,0,1,30,2,2,1,0,0,1,38.0,57.0,voiture,deux_roues,1,2,1,1,3
202300025066,2023-06-29 19:55:00,2023,6,29,19,55,75,75117,SOUTERRAIN MAILLOT,48.879878,2.282702,Plein jour,En agglomération,Hors intersection,Normale,Autre collision,4,3,2,0,1,1,1,1,1,70,1,2,0,0,0,2,56.0,,deux_roues,,1,2,1,1,6
202300025067,2023-06-23 20:45:00,2023,6,23,20,45,75,75116,RUE DE LA POMPE,48.85853,2.27497,Crépuscule ou aube,En agglomération,Intersection en X,Normale,Autre collision,4,2,2,0,1,1,1,0,1,50,1,2,1,0,0,1,23.0,,deux_roues,,2,2,2,1,6
202300025067,2023-06-23 20:45:00,2023,6,23,20,45,75,75116,RUE DE LA POMPE,48.85853,2.27497,Crépuscule ou aube,En agglomération,Intersection en X,Normale,Autre collision,4,2,2,0,1,1,1,0,1,50,1,2,1,0,0,1,23.0,,deux_roues,,2,2,2,1,6
202300025068,2023-06-30 15:11:00,2023,6,30,15,11,75,75111,BOULEVARD VOLTAIRE,48.855005,2.384812,Plein jour,En agglomération,Hors intersection,Normale,Deux véhicules - côté,4,2,2,1,1,1,1,0,1,30,2,2,1,0,0,1,46.0,11.0,voiture,deux_roues,1,2,1,1,3
202300025069,2023-06-30 12:15:00,2023,6,30,12,15,94,94068,Boulevard de Champigny,48.8079893,2.50912714,Plein jour,En agglomération,Hors intersection,Normale,Deux véhicules - côté,3,2,4,0,1,1,1,0,1,50,2,2,1,0,0,1,42.0,41.0,deux_roues,voiture,1,2,1,1,3
202300025070,2023-06-30 15:55:00,2023,6,30,15,55,94,94059,Route de Combault,48.82276,2.55966,Plein jour,En agglomération,Intersection en X,Normale,Deux véhicules - côté,4,2,2,0,1,1,1,0,1,50,2,2,1,0,0,1,50.0,37.0,voiture,deux_roues,1,2,2,1,3
202300025071,2023-06-30 22:30:00,2023,6,30,22,30,93,93055,Avenue Jean Lolive / Rue Charles Nodier,48.8908631,2.40144879,Nuit avec éclairage allumé,En agglomération,Intersection en T,Normale,Deux véhicules - côté,3,1,1,1,1,1,1,0,1,30,2,2,1,0,0,1,33.0,34.0,deux_roues,voiture,5,2,3,1,3
202300025071,2023-06-30 22:30:00,2023,6,30,22,30,93,93055,Avenue Jean Lolive / Rue Charles Nodier,48.8908631,2.40144879,Nuit avec éclairage allumé,En agglomération,Intersection en T,Normale,Deux véhicules - côté,3,2,2,1,1,1,1,0,1,30,2,2,1,0,0,1,33.0,34.0,deux_roues,voiture,5,2,3,1,3
202300025072,2023-06-30 10:15:00,2023,6,30,10,15,93,93051,Route de Neuilly / Boulevard du Mont d'Est,48.8431,2.54361,Plein jour,En agglomération,Giratoire,Normale,Deux véhicules - côté,3,3,6,0,1,1,1,0,1,50,2,2,1,0,0,1,23.0,56.0,voiture,deux_roues,1,2,6,1,3
202300025072,2023-06-30 10:15:00,2023,6,30,10,15,93,93051,Route de Neuilly / Boulevard du Mont d'Est,48.8431,2.54361,Plein jour,En agglomération,Giratoire,Normale,Deux véhicules - côté,3,1,3,0,1,2,1,5,1,50,2,2,1,0,0,1,23.0,56.0,voiture,deux_roues,1,2,6,1,3
202300025073,2023-06-30 18:00:00,2023,6,30,18,0,93,93031,Rue du 8 Mai 1945,48.955003,2.30139618,Plein jour,En agglomération,Hors intersection,Normale,Autre collision,4,2,2,0,1,1,1,9,8,50,1,1,0,0,0,1,39.0,,voiture,,1,2,1,1,6
202300025074,2023-06-30 08:45:00,2023,6,30,8,45,93,93029,Rue Jean Pierre Timbaud / Rue Cuvier,48.92365509,2.43976824,Plein jour,En agglomération,Intersection en T,Normale,Deux véhicules - côté,4,1,1,0,1,1,1,0,1,50,2,2,1,0,0,1,23.0,41.0,voiture,deux_roues,1,2,3,1,3
202300025074,2023-06-30 08:45:00,2023,6,30,8,45,93,93029,Rue Jean Pierre Timbaud / Rue Cuvier,48.92365509,2.43976824,Plein jour,En agglomération,Intersection en T,Normale,Deux véhicules - côté,4,2,2,0,1,1,1,0,1,50,2,2,1,0,0,1,23.0,41.0,voiture,deux_roues,1,2,3,1,3
202300025075,2023-06-30 15:05:00,2023,6,30,15,5,93,93071,Avenue Salvador Allende,48.94828912,2.52988867,Plein jour,En agglomération,Hors intersection,Normale,Deux véhicules - côté,4,2,2,2,1,1,1,0,1,50,2,2,1,0,0,1,39.0,43.0,voiture,deux_roues,1,2,1,1,3
202300025076,2023-06-30 18:55:00,2023,6,30,18,55,92,92078,CHARLES DE GAULLE (BD) (4 AU 70),48.93738,2.32939,Plein jour,En agglomération,Hors intersection,Normale,Deux véhicules - frontale,3,2,2,0,1,1,1,0,1,50,2,2,0,0,0,2,90.0,27.0,voiture,voiture,1,2,1,1,1
202300025077,2023-06-26 18:13:00,2023,6,26,18,13,92,92049,GINOUX AV. HENRI N°1 A 95 ET 2 A 104,48.818,2.32224,Plein jour,En agglomération,Intersection en T,Normale,Autre collision,3,-1,2,0,1,3,1,0,1,50,1,2,1,0,0,1,36.0,,utilitaire_camion,,1,2,3,1,6
202300025077,2023-06-26 18:13:00,2023,6,26,18,13,92,92049,GINOUX AV. HENRI N°1 A 95 ET 2 A 104,48.818,2.32224,Plein jour,En agglomération,Intersection en T,Normale,Autre collision,3,2,3,0,1,1,1,0,1,50,1,2,1,0,0,1,36.0,,utilitaire_camion,,1,2,3,1,6
202300025078,2023-06-30 14:15:00,2023,6,30,14,15,92,92026,ANCRE,48.88929145,2.25182873,Plein jour,En agglomération,Hors intersection,Normale,Deux véhicules - arrière,4,-1,1,0,1,1,1,1,1,30,2,3,2,0,0,1,43.0,35.0,voiture,utilitaire_camion,1,2,1,1,2
202300025079,2023-06-29 15:30:00,2023,6,29,15,30,92,92012,ANATOLE FRANCE (BOULEVARD) 1/4BIS,48.8524,2.22829,Plein jour,En agglomération,Hors intersection,Normale,Trois véhicules et plus - en chaîne,4,2,2,0,1,1,1,0,1,50,3,4,3,0,0,1,,43.0,voiture,deux_roues,1,2,1,1,4
202300025080,2023-07-01 13:40:00,2023,7,1,13,40,2A,2A026,départementale 83,41.884947,9.028873,Plein jour,Hors agglomération,Hors intersection,Normale,Autre collision,3,2,2,0,2,2,9,0,1,80,1,1,0,0,0,1,56.0,,deux_roues,,1,1,1,1,6
202300025081,2023-06-29 19:40:00,2023,6,29,19,40,67,67362,D159,48.248722,7.357227,Plein jour,Hors agglomération,Hors intersection,Normale,Autre collision,3,2,2,0,2,2,1,0,3,80,1,1,0,0,1,0,82.0,,voiture,,1,1,1,1,6
202300025082,2023-07-01 11:10:00,2023,7,1,11,10,63,63048,D987,45.676906,2.567003,Plein jour,Hors agglomération,Hors intersection,Pluie légère,Sans collision,3,2,2,0,2,2,2,0,3,90,1,3,0,0,0,3,35.0,,utilitaire_camion,,1,1,1,2,7
202300025083,2023-07-01 09:10:00,2023,7,1,9,10,67,67548,D30,48.642834,7.601895,Plein jour,En agglomération,Giratoire,Normale,Deux véhicules - côté,3,1,2,0,1,2,1,0,1,50,2,2,1,0,1,0,54.0,76.0,voiture,deux_roues,1,2,6,1,3
202300025084,2023-06-30 08:15:00,2023,6,30,8,15,59,59499,Rue Jules Kinoo,50.940428,2.540589,Plein jour,En agglomération,Hors intersection,Normale,Autre collision,3,2,2,0,1,1,1,0,1,50,1,1,0,0,1,0,34.0,,deux_roues,,1,2,1,1,6
202300025085,2023-07-01 01:29:00,2023,7,1,1,29,30,30041,,43.95958,4.383154,Nuit sans éclairage public,Hors agglomération,Hors intersection,Normale,Autre collision,3,2,2,0,1,2,1,0,1,80,1,1,0,0,1,0,54.0,,voiture,,3,1,1,1,6
202300025086,2023-06-30 13:00:00,2023,6,30,13,0,21,21485,29 Route de Dijon,47.335994,4.983169,Plein jour,En agglomération,Intersection en T,Normale,Deux véhicules - frontale,4,2,2,0,2,3,1,5,1,50,2,2,1,0,1,0,38.0,49.0,voiture,deux_roues,1,2,3,1,1
202300025086,2023-06-30 13:00:00,2023,6,30,13,0,21,21485,29 Route de Dijon,47.335994,4.983169,Plein jour,En agglomération,Intersection en T,Normale,Deux véhicules - frontale,4,2,2,0,1,1,1,5,1,50,2,2,1,0,1,0,38.0,49.0,voiture,deux_roues,1,2,3,1,1
202300025087,2023-06-30 09:30:00,2023,6,30,9,30,51,51211,Dommartin-Dampierre,49.071195,4.817124,Plein jour,Hors agglomération,Hors intersection,Normale,Deux véhicules - frontale,3,2,2,0,1,1,1,0,1,90,2,2,1,1,0,0,51.0,42.0,voiture,utilitaire_camion,1,1,1,1,1
202300025088,2023-06-29 17:29:00,2023,6,29,17,29,79,79103,,46.785434,-0.59331,Plein jour,Hors agglomération,Hors intersection,Normale,Sans collision,3,-1,2,0,1,2,1,0,3,80,1,1,0,0,0,1,50.0,,deux_roues,,1,1,1,1,7
202300025089,2023-06-30 21:20:00,2023,6,30,21,20,79,79210,,46.84315,-0.657903,Plein jour,Hors agglomération,Hors intersection,Pluie légère,Sans collision,3,2,2,0,3,2,2,0,1,80,1,2,0,0,1,1,30.0,,voiture,,1,1,1,2,7
202300025090,2023-06-01 14:00:00,2023,6,1,14,0,2B,2B123,ROUTE DE BASTIA,42.055885,9.431736,Plein jour,Hors agglomération,Hors intersection,Normale,Trois véhicules et plus - collisions multiples,2,2,2,0,1,1,1,0,1,80,3,5,0,0,1,4,35.0,78.0,utilitaire_camion,voiture,1,1,1,1,5
202300025091,2023-07-01 01:25:00,2023,7,1,1,25,71,71263,1555 route de montagny,46.642817,5.256918,Nuit avec éclairage non allumé,En agglomération,Hors intersection,Normale,Autre collision,3,2,2,0,1,1,1,0,1,70,1,1,0,0,0,1,18.0,,deux_roues,,4,2,1,1,6
202300025092,2023-07-01 16:45:00,2023,7,1,16,45,71,71095,Route Départementale 985,46.260687,4.293192,Plein jour,En agglomération,Intersection en X,Pluie forte,Deux véhicules - frontale,3,2,2,0,2,1,2,0,1,50,2,5,3,0,0,2,33.0,79.0,voiture,utilitaire_camion,1,2,2,3,1