accident_id,datetime,annee,mois,jour,heure,minute,departement,commune_insee,adresse,latitude,longitude,luminosite,agglomeration,intersection,meteo,collision,catr,circ,nbv,vosp,prof,plan,surf,infra,situ,vma,nb_vehicules,nb_usagers,nb_indemnes,nb_tues,nb_blesses_hosp,nb_blesses_legers,age_cond_1,age_cond_2,veh_type_cond_1,veh_type_cond_2,lum_code,agg_code,int_code,atm_code,col_code
202300025306,2023-10-12 13:35:00,2023,10,12,13,35,93,93057,Allée Monthyon,48.913034,2.506322,Plein jour,En agglomération,Hors intersection,Normale,Deux véhicules - côté,3,2,3,0,1,1,1,0,1,50,2,2,1,0,0,1,36.0,30.0,utilitaire_camion,deux_roues,1,2,1,1,3
202300025307,2023-10-12 14:35:00,2023,10,12,14,35,93,93001,Rue André Karman / Rue Edouard Poisson,48.91045057,2.38505949,Plein jour,En agglomération,Intersection en Y,Temps couvert,Deux véhicules - côté,4,1,1,1,1,1,1,0,1,50,2,2,1,0,0,1,18.0,26.0,deux_roues,voiture,1,2,4,8,3
202300025307,2023-10-12 14:35:00,2023,10,12,14,35,93,93001,Rue André Karman / Rue Edouard Poisson,48.91045057,2.38505949,Plein jour,En agglomération,Intersection en Y,Temps couvert,Deux véhicules - côté,4,3,2,0,1,1,1,0,1,50,2,2,1,0,0,1,18.0,26.0,deux_roues,voiture,1,2,4,8,3
202300025308,2023-10-12 01:08:00,2023,10,12,1,8,93,93001,Avenue du Président Roosevelt,48.918112,2.379023,Nuit avec éclairage allumé,En agglomération,Hors intersection,Normale,Deux véhicules - côté,3,2,2,1,1,1,1,0,1,50,2,2,1,0,0,1,34.0,31.0,voiture,voiture,5,2,1,1,3
202300025309,2023-10-11 20:09:00,2023,10,11,20,9,92,92072,GARENNE (RUE DE LA),48.81876,2.20776,Nuit avec éclairage allumé,En agglomération,Hors intersection,Normale,Deux véhicules - arrière,4,2,2,0,2,1,1,0,1,50,2,2,1,0,0,1,60.0,55.0,voiture,voiture,5,2,1,1,2
202300025310,2023-10-10 18:45:00,2023,10,10,18,45,92,92063,NATIONAL (BOULEVARD),48.88643352,2.18787253,Plein jour,En agglomération,Hors intersection,Normale,Deux véhicules - arrière,4,2,2,0,1,1,1,0,1,50,2,2,1,0,0,1,20.0,34.0,voiture,deux_roues,1,2,1,1,2
202300025311,2023-10-12 11:50:00,2023,10,12,11,50,92,92062,DE DION BOUTON (QUAI) DU 29 AU 65,48.8803825,2.24496156,Plein jour,En agglomération,Hors intersection,Normale,Deux véhicules - arrière,3,3,1,0,1,1,2,0,1,50,2,2,1,0,0,1,25.0,57.0,deux_roues,voiture,1,2,1,1,2
202300025312,2023-10-11 09:10:00,2023,10,11,9,10,92,92050,NERUDA PABLO RUE,48.89568222,2.21584193,Plein jour,En agglomération,Giratoire,Temps couvert,Deux véhicules - côté,3,1,2,1,1,2,1,0,1,50,2,2,1,0,0,1,40.0,24.0,voiture,deux_roues,1,2,6,8,3
202300025312,2023-10-11 09:10:00,2023,10,11,9,10,92,92050,NERUDA PABLO RUE,48.89568222,2.21584193,Plein jour,En agglomération,Giratoire,Temps couvert,Deux véhicules - côté,3,1,2,1,1,2,1,0,1,50,2,2,1,0,0,1,40.0,24.0,voiture,deux_roues,1,2,6,8,3
202300025313,2023-10-12 09:07:00,2023,10,12,9,7,92,92048,PARIS (RUE DE) N° 12 A 164,48.81440703,2.24675596,Plein jour,En agglomération,Hors intersection,Pluie forte,Deux véhicules - côté,4,2,1,0,2,1,2,0,1,30,2,2,1,0,0,1,38.0,57.0,voiture,deux_roues,1,2,1,3,3
202300025314,2023-10-12 21:10:00,2023,10,12,21,10,92,92026,STRASBOURG,48.89101128,2.24777484,Nuit avec éclairage allumé,En agglomération,Autre intersection,Normale,Deux véhicules - côté,4,1,2,0,2,3,1,0,5,50,2,2,1,0,0,1,59.0,56.0,deux_roues,voiture,5,2,9,1,3
202300025315,2023-10-11 12:30:00,2023,10,11,12,30,92,92024,JEAN JAURES (BD) DE 47 A 109)   (56 A 14,48.90089256,2.30552137,Plein jour,En agglomération,Intersection en T,Normale,Deux véhicules - côté,3,1,3,0,1,1,1,0,1,50,2,3,2,0,0,1,25.0,34.0,deux_roues,utilitaire_camion,1,2,3,1,3
202300025315,2023-10-11 12:30:00,2023,10,11,12,30,92,92024,JEAN JAURES (BD) DE 47 A 109)   (56 A 14,48.90089256,2.30552137,Plein jour,En agglomération,Intersection en T,Normale,Deux véhicules - côté,3,-1,3,0,1,1,1,0,1,30,2,3,2,0,0,1,25.0,34.0,deux_roues,utilitaire_camion,1,2,3,1,3
202300025316,2023-10-12 08:28:00,2023,10,12,8,28,92,92007,BRIAND (AVENUE ARISTIDE) N° 162 A 300,48.80136958,2.32374287,Crépuscule ou aube,En agglomération,Hors intersection,Pluie légère,Deux véhicules - côté,3,2,4,0,1,1,2,8,1,50,2,2,1,0,0,1,18.0,52.0,deux_roues,deux_roues,2,2,1,2,3
202300025317,2023-10-13 13:26:00,2023,10,13,13,26,80,80425,,50.05738,2.580864,Plein jour,Hors agglomération,Hors intersection,Normale,Deux véhicules - arrière,3,2,2,0,1,1,1,0,1,80,2,2,1,1,0,0,34.0,15.0,voiture,deux_roues,1,1,1,1,2
202300025318,2023-10-12 08:20:00,2023,10,12,8,20,01,01105,Rue Victor Hugo,45.922125,4.883401,Plein jour,En agglomération,Intersection en X,Normale,Autre collision,4,1,1,0,1,1,1,0,1,30,1,3,1,0,0,2,33.0,,voiture,,1,2,2,1,6
202300025318,2023-10-12 08:20:00,2023,10,12,8,20,01,01105,Rue Victor Hugo,45.922125,4.883401,Plein jour,En agglomération,Intersection en X,Normale,Autre collision,4,2,2,2,1,1,1,0,1,30,1,3,1,0,0,2,33.0,,voiture,,1,2,2,1,6
202300025319,2023-10-11 13:00:00,2023,10,11,13,0,01,01325,D22,45.961001,5.149669,Plein jour,Hors agglomération,Intersection en Y,Normale,Trois véhicules et plus - collisions multiples,3,2,2,0,1,1,1,0,1,80,3,3,1,0,0,2,26.0,52.0,voiture,voiture,1,1,4,1,5
202300025319,2023-10-11 13:00:00,2023,10,11,13,0,01,01325,D22,45.961001,5.149669,Plein jour,Hors agglomération,Intersection en Y,Normale,Trois véhicules et plus - collisions multiples,3,2, -1,-1,1,1,1,0,1,-1,3,3,1,0,0,2,26.0,52.0,voiture,voiture,1,1,4,1,5
202300025320,2023-10-12 23:00:00,2023,10,12,23,0,17,17413,D137,46.075925,-1.073034,Nuit sans éclairage public,Hors agglomération,Hors intersection,Normale,Deux véhicules - arrière,3,3,4,0,1,1,1,0,1,110,2,2,0,1,0,1,35.0,66.0,utilitaire_camion,utilitaire_camion,3,1,1,1,2
202300025321,2023-10-13 06:00:00,2023,10,13,6,0,06,06161,Route de Grasse,43.657454,7.108449,Nuit sans éclairage public,Hors agglomération,Hors intersection,Normale,Deux véhicules - frontale,3,2,2,0,1,3,1,0,1,70,2,3,2,0,1,0,57.0,22.0,voiture,deux_roues,3,1,1,1,1
202300025322,2023-10-13 07:05:00,2023,10,13,7,5,71,71270,A6 PK392.300 direction PARIS,46.27568296,4.78786245,Crépuscule ou aube,Hors agglomération,Hors intersection,Normale,Deux véhicules - arrière,1,3,3,0,1,1,1,0,1,130,2,2,1,0,0,1,37.0,59.0,voiture,utilitaire_camion,2,1,1,1,2
202300025323,2023-10-12 15:45:00,2023,10,12,15,45,28,28104,D134,48.475478,1.601821,Plein jour,Hors agglomération,Hors intersection,Normale,Deux véhicules - arrière,3,-1,2,0,1,1,1,0,1,-1,2,3,0,0,0,3,30.0,27.0,voiture,voiture,1,1,1,1,2
202300025324,2023-10-12 21:30:00,2023,10,12,21,30,17,17264,D106,46.206671,-1.158339,Nuit sans éclairage public,Hors agglomération,Hors intersection,Normale,Sans collision,3,2,2,0,1,2,1,0,3,50,1,2,1,0,0,1,18.0,,deux_roues,,3,1,1,1,7
202300025325,2023-10-13 06:09:00,2023,10,13,6,9,72,72213,D338,47.939289,0.236249,Nuit sans éclairage public,Hors agglomération,Hors intersection,Normale,Deux véhicules - frontale,3,2,2,0,1,3,1,0,1,-1,2,2,0,0,0,2,55.0,48.0,voiture,voiture,3,1,1,1,1
202300025326,2023-10-13 16:50:00,2023,10,13,16,50,44,44073,,47.41014,-1.64182,Plein jour,Hors agglomération,Hors intersection,Pluie légère,Sans collision,2,3,2,0,1,1,2,0,3,110,1,1,0,0,0,1,77.0,,voiture,,1,1,1,2,7
202300025327,2023-10-13 12:15:00,2023,10,13,12,15,30,30060,d135 pk 15+78,43.804019,4.405056,Plein jour,Hors agglomération,Giratoire,Normale,Autre collision,3,1,1,0,1,2,1,0,1,80,1,2,1,0,1,0,35.0,,utilitaire_camion,,1,1,6,1,6
202300025328,2023-10-13 15:30:00,2023,10,13,15,30,76,76198,RUE DE LA GROTTE,49.672101,0.851129,Plein jour,Hors agglomération,Hors intersection,Pluie légère,Sans collision,3,2,2,0,1,1,6,0,1,70,1,1,0,0,0,1,14.0,,deux_roues,,1,1,1,2,7
202300025329,2023-10-11 07:45:00,2023,10,11,7,45,76,76142,75 Route de Forges - D915,49.531451,1.637102,Plein jour,Hors agglomération,Hors intersection,Normale,Deux véhicules - arrière,3,2,2,0,2,1,1,0,1,80,2,4,3,0,0,1,46.0,19.0,voiture,voiture,1,1,1,1,2
202300025330,2023-10-13 10:30:00,2023,10,13,10,30,76,76330,332 Rue du Coudray,49.827752,0.904144,Plein jour,En agglomération,Hors intersection,Normale,Deux véhicules - frontale,3,2,2,0,1,1,1,0,3,-1,2,3,2,0,0,1,57.0,46.0,voiture,voiture,1,2,1,1,1
202300025331,2023-10-12 22:30:00,2023,10,12,22,30,80,80142,D141,49.902986,2.086287,Nuit sans éclairage public,Hors agglomération,Intersection en X,Normale,Autre collision,3,-1,2,0,1,3,2,0,3,80,1,1,0,1,0,0,67.0,,voiture,,3,1,2,1,6
202300025331,2023-10-12 22:30:00,2023,10,12,22,30,80,80142,D141,49.902986,2.086287,Nuit sans éclairage public,Hors agglomération,Intersection en X,Normale,Autre collision,3,-1,2,0,1,1,2,0,3,80,1,1,0,1,0,0,67.0,,voiture,,3,1,2,1,6
202300025332,2023-10-13 15:15:00,2023,10,13,15,15,71,71450,Route de Quincy,46.916994,4.515188,Plein jour,Hors agglomération,Hors intersection,Normale,Sans collision,3,-1,1,0,3,2,1,0,1,80,1,1,0,1,0,0,65.0,,deux_roues,,1,1,1,1,7
202300025333,2023-10-12 13:35:00,2023,10,12,13,35,63,63452,D996,45.57332653,3.04765024,Plein jour,Hors agglomération,Hors intersection,Normale,Sans collision,3,2,2,0,1,2,1,0,1,90,1,1,0,0,1,0,45.0,,deux_roues,,1,1,1,1,7
202300025334,2023-10-12 22:38:00,2023,10,12,22,38,49,49055,Le Pré des Landes,47.55379915,-0.58140099,Nuit sans éclairage public,Hors agglomération,Intersection en T,Normale,Deux véhicules - côté,3,2,2,0,1,3,1,0,1,80,2,2,1,0,1,0,20.0,20.0,voiture,voiture,3,1,3,1,3
202300025334,2023-10-12 22:38:00,2023,10,12,22,38,49,49055,Le Pré des Landes,47.55379915,-0.58140099,Nuit sans éclairage public,Hors agglomération,Intersection en T,Normale,Deux véhicules - côté,3,2, -1,-1,1,1,1,0,1,-1,2,2,1,0,1,0,20.0,20.0,voiture,voiture,3,1,3,1,3
202300025335,2023-10-13 07:55:00,2023,10,13,7,55,42,42149,Route de St Etienne,45.63843,4.235927,Crépuscule ou aube,En agglomération,Giratoire,Normale,Deux véhicules - arrière,3,2,2,0,1,1,1,0,1,50,2,2,1,0,0,1,27.0,57.0,voiture,deux_roues,2,2,6,1,2
202300025336,2023-10-13 14:45:00,2023,10,13,14,45,42,42288,Route d'Arthun,45.770552,4.004525,Plein jour,Hors agglomération,Intersection en X,Normale,Deux véhicules - côté,3,2,2,0,2,1,1,0,1,80,2,4,1,0,0,3,60.0,55.0,voiture,voiture,1,1,2,1,3
202300025336,2023-10-13 14:45:00,2023,10,13,14,45,42,42288,Route d'Arthun,45.770552,4.004525,Plein jour,Hors agglomération,Intersection en X,Normale,Deux véhicules - côté,3,2,2,0,1,1,1,0,1,80,2,4,1,0,0,3,60.0,55.0,voiture,voiture,1,1,2,1,3
202300025337,2023-10-11 09:50:00,2023,10,11,9,50,46,46251,Rue Faidherbe,44.859896,1.888967,Plein jour,En agglomération,Intersection en X,Normale,Autre collision,4,-1, -1,-1,-1,-1,1,-1,1,-1,1,2,1,0,1,0,80.0,,voiture,,1,2,2,1,6
202300025337,2023-10-11 09:50:00,2023,10,11,9,50,46,46251,Rue Faidherbe,44.859896,1.888967,Plein jour,En agglomération,Intersection en X,Normale,Autre collision,4,2,2,0,1,1,1,0,1,30,1,2,1,0,1,0,80.0,,voiture,,1,2,2,1,6
202300025338,2023-10-12 08:25:00,2023,10,12,8,25,46,46322,Route des Vignes,44.42682321,1.3944912,Plein jour,Hors agglomération,Hors intersection,Normale,Deux véhicules - frontale,3,2,1,0,2,1,1,0,1,70,2,2,0,0,1,1,37.0,20.0,voiture,voiture,1,1,1,1,1
202300025339,2023-10-12 19:55:00,2023,10,12,19,55,68,68347,RD432,47.514462,7.294343,Nuit sans éclairage public,Hors agglomération,Hors intersection,Normale,Deux véhicules - frontale,3,2,2,0,1,2,1,0,1,80,2,2,0,1,1,0,44.0,44.0,voiture,voiture,3,1,1,1,1
202300025340,2023-10-12 12:00:00,2023,10,12,12,0,39,39013,Route de Villette,46.913331,5.7672254,Plein jour,En agglomération,Intersection en T,Normale,Deux véhicules - frontale,3,2,2,0,1,1,1,5,1,50,2,2,1,0,0,1,73.0,64.0,voiture,deux_roues,1,2,3,1,1
202300025340,2023-10-12 12:00:00,2023,10,12,12,0,39,39013,Route de Villette,46.913331,5.7672254,Plein jour,En agglomération,Intersection en T,Normale,Deux véhicules - frontale,3,2,2,-1,1,2,1,5,1,50,2,2,1,0,0,1,73.0,64.0,voiture,deux_roues,1,2,3,1,1
202300025341,2023-10-12 19:00:00,2023,10,12,19,0,25,25545,D334,47.032848,6.132281,Crépuscule ou aube,Hors agglomération,Intersection en Y,Normale,Deux véhicules - côté,3,2,2,0,1,1,1,0,1,80,2,2,1,0,1,0,31.0,50.0,utilitaire_camion,deux_roues,2,1,4,1,3
202300025341,2023-10-12 19:00:00,2023,10,12,19,0,25,25545,D334,47.032848,6.132281,Crépuscule ou aube,Hors agglomération,Intersection en Y,Normale,Deux véhicules - côté,3,2, -1,-1,1,1,1,0,1,-1,2,2,1,0,1,0,31.0,50.0,utilitaire_camion,deux_roues,2,1,4,1,3
202300025342,2023-10-11 11:15:00,2023,10,11,11,15,35,35184,Rue du Général de Gaulle,48.200675,-2.046727,Plein jour,En agglomération,Intersection en T,Normale,Autre collision,4,2,2,2,1,1,1,0,1,50,1,2,1,0,1,0,61.0,,voiture,,1,2,3,1,6
202300025342,2023-10-11 11:15:00,2023,10,11,11,15,35,35184,Rue du Général de Gaulle,48.200675,-2.046727,Plein jour,En agglomération,Intersection en T,Normale,Autre collision,4,2,2,0,1,1,1,0,1,50,1,2,1,0,1,0,61.0,,voiture,,1,2,3,1,6
202300025343,2023-10-08 17:00:00,2023,10,8,17,0,29,29185,D10,48.652361,-4.192613,Plein jour,En agglomération,Hors intersection,Normale,Deux véhicules - arrière,3,2,1,0,1,1,1,0,1,50,2,4,3,0,0,1,54.0,46.0,deux_roues,voiture,1,2,1,1,2
202300025344,2023-10-13 10:45:00,2023,10,13,10,45,31,31542,Rue du Bazert,43.05673,0.589356,Plein jour,Hors agglomération,Hors intersection,Normale,Deux véhicules - frontale,3,2,2,0,1,1,1,2,1,70,2,2,1,0,1,0,39.0,15.0,voiture,deux_roues,1,1,1,1,1
202300025345,2023-10-12 19:45:00,2023,10,12,19,45,31,31592,Route de Saint Paul,43.731685,1.239068,Nuit sans éclairage public,Hors agglomération,Hors intersection,Normale,Autre collision,3,2,2,0,1,1,1,0,1,80,1,1,0,0,1,0,27.0,,deux_roues,,3,1,1,1,6
202300025346,2023-10-13 18:25:00,2023,10,13,18,25,38,38150,93 Rue Jean Jaurès,45.198074,5.833957,Plein jour,En agglomération,Hors intersection,Normale,Deux véhicules - côté,7,2,2,1,1,1,1,0,1,50,2,2,1,1,0,0,23.0,43.0,deux_roues,voiture,1,2,1,1,3
202300025347,2023-10-12 06:38:00,2023,10,12,6,38,02,02780,,49.361443,3.396363,Nuit sans éclairage public,Hors agglomération,Autre intersection,Normale,Trois véhicules et plus - collisions multiples,2,2,2,0,1,1,1,0,1,80,3,3,2,0,1,0,69.0,30.0,utilitaire_camion,voiture,3,1,9,1,5
202300025348,2023-10-07 23:19:00,2023,10,7,23,19,26,26099,Route de Montsegur,44.369856,4.891158,Nuit sans éclairage public,Hors agglomération,Hors intersection,Normale,Autre collision,3,2,2,0,1,1,1,0,3,80,1,1,0,1,0,0,,,,,3,1,1,1,6
202300025349,2023-10-12 14:00:00,2023,10,12,14,0,58,58205,D977bis,47.203288,3.965842,Plein jour,Hors agglomération,Hors intersection,Normale,Sans collision,3,2,2,0,2,4,9,0,1,80,1,1,0,0,1,0,39.0,,deux_roues,,1,1,1,1,7
202300025350,2023-10-12 11:50:00,2023,10,12,11,50,72,72312,impasse du grand breuil,47.930405,-0.147629,Plein jour,Hors agglomération,Hors intersection,Normale,Sans collision,3,2,2,0,1,2,1,0,3,80,1,1,0,0,1,0,22.0,,utilitaire_camion,,1,1,1,1,7
202300025351,2023-10-13 17:05:00,2023,10,13,17,5,72,72031,Alliere,48.086021,0.496316,Plein jour,Hors agglomération,Hors intersection,Temps couvert,Sans collision,4,2,2,0,3,1,1,0,3,70,1,1,0,0,0,1,15.0,,deux_roues,,1,1,1,8,7
202300025352,2023-10-10 16:25:00,2023,10,10,16,25,14,14431,D40,49.056552,-0.119905,Plein jour,Hors agglomération,Hors intersection,Normale,Deux véhicules - arrière,3,2,2,0,1,1,1,0,1,80,2,2,1,0,0,1,51.0,79.0,utilitaire_camion,deux_roues,1,1,1,1,2
202300025353,2023-10-11 15:50:00,2023,10,11,15,50,64,64306,D281 - ROUTE DE NAVARRENX,43.364689,-0.636992,Plein jour,Hors agglomération,Hors intersection,Normale,Deux véhicules - côté,3,2,2,0,2,3,1,0,1,80,2,3,1,1,1,0,54.0,37.0,voiture,voiture,1,1,1,1,3
202300025354,2023-10-13 00:30:00,2023,10,13,0,30,64,64353,D934,43.096173,-0.417743,Nuit sans éclairage public,Hors agglomération,Hors intersection,Normale,Deux véhicules - frontale,3,2,2,0,1,1,1,0,3,80,2,4,0,1,3,0,23.0,30.0,voiture,voiture,3,1,1,1,1
202300025355,2023-10-12 10:10:00,2023,10,12,10,10,64,64539,950 Route de Saint-Jean-Pied-de-Port,43.273175,-1.029764,Plein jour,Hors agglomération,Hors intersection,Normale,Deux véhicules - côté,3,2,2,0,1,1,1,0,1,80,2,3,2,0,1,0,71.0,77.0,voiture,deux_roues,1,1,1,1,3
202300025356,2023-10-13 16:00:00,2023,10,13,16,0,18,18242,chemin communal non revêtu,46.822925,2.919928,Plein jour,En agglomération,Autre intersection,Normale,Sans collision,4,2,1,0,1,1,9,0,8,50,1,1,0,1,0,0,26.0,,deux_roues,,1,2,9,1,7
202300025357,2023-10-13 15:00:00,2023,10,13,15,0,10,10401,RD 163 / RD 81,48.22037716,4.42209318,Plein jour,Hors agglomération,Intersection en X,Normale,Deux véhicules - côté,3,2,2,0,1,1,1,5,1,80,2,3,2,1,0,0,66.0,59.0,voiture,voiture,1,1,2,1,3
202300025357,2023-10-13 15:00:00,2023,10,13,15,0,10,10401,RD 163 / RD 81,48.22037716,4.42209318,Plein jour,Hors agglomération,Intersection en X,Normale,Deux véhicules - côté,3,2,2,0,1,1,1,5,1,80,2,3,2,1,0,0,66.0,59.0,voiture,voiture,1,1,2,1,3
202300025358,2023-10-11 14:20:00,2023,10,11,14,20,07,07052,Chemin de Margier,44.948023,4.779959,Plein jour,En agglomération,Hors intersection,Normale,Autre collision,4,2,2,0,2,3,1,0,3,90,1,1,0,0,1,0,69.0,,voiture,,1,2,1,1,6
202300025359,2023-10-13 16:53:00,2023,10,13,16,53,53,53147,Rue Jules Renard,48.301556,-0.607982,Plein jour,En agglomération,Hors intersection,Temps couvert,Autre collision,4,2,2,0,1,1,1,0,1,30,1,2,1,0,1,0,61.0,,voiture,,1,2,1,8,6
202300025360,2023-10-12 21:30:00,2023,10,12,21,30,04,04024,D900,44.189659,6.364796,Nuit sans éclairage public,Hors agglomération,Hors intersection,Normale,Autre collision,3,2,2,0,1,1,1,0,3,80,1,1,0,0,1,0,23.0,,voiture,,3,1,1,1,6
202300025361,2023-10-13 05:15:00,2023,10,13,5,15,17,17107,D5,46.034125,-0.942645,Nuit sans éclairage public,Hors agglomération,Hors intersection,Normale,Sans collision,3,2,2,0,1,1,1,0,1,80,1,1,0,0,0,1,26.0,,voiture,,3,1,1,1,7
202300025362,2023-10-05 07:45:00,2023,10,5,7,45,37,37151,D938,47.44436251,0.63521147,Crépuscule ou aube,Hors agglomération,Hors intersection,Normale,Deux véhicules - côté,3,2,2,0,2,1,1,0,1,80,2,2,1,0,1,0,23.0,30.0,deux_roues,voiture,2,1,1,1,3
202300025363,2023-10-12 20:15:00,2023,10,12,20,15,72,72300,A11,48.055652,0.367699,Nuit sans éclairage public,Hors agglomération,Hors intersection,Normale,Autre collision,1,3,3,0,1,1,1,0,2,130,1,1,0,0,0,1,51.0,,voiture,,3,1,1,1,6
202300025364,2023-10-12 15:15:00,2023,10,12,15,15,49,49323,Rond point D323 - Avenue des Carreaux,47.508864,-0.471146,Plein jour,Hors agglomération,Giratoire,Normale,Deux véhicules - côté,3,1,1,0,1,2,1,0,1,90,2,3,2,0,0,1,57.0,53.0,utilitaire_camion,deux_roues,1,1,6,1,3
202300025364,2023-10-12 15:15:00,2023,10,12,15,15,49,49323,Rond point D323 - Avenue des Carreaux,47.508864,-0.471146,Plein jour,Hors agglomération,Giratoire,Normale,Deux véhicules - côté,3,2,1,0,1,2,1,5,1,80,2,3,2,0,0,1,57.0,53.0,utilitaire_camion,deux_roues,1,1,6,1,3
202300025365,2023-10-11 17:50:00,2023,10,11,17,50,13,13037,Chemin de la Bosque III,43.540071,5.200793,Plein jour,Hors agglomération,Hors intersection,Normale,Deux véhicules - côté,4,2,2,0,1,2,1,0,3,30,2,2,1,0,1,0,24.0,14.0,utilitaire_camion,deux_roues,1,1,1,1,3
202300025366,2023-10-09 08:30:00,2023,10,9,8,30,33,33122,Chemin de Marticot,44.75267391,-0.68721011,Plein jour,En agglomération,Hors intersection,Normale,Deux véhicules - frontale,4,2,2,0,1,1,1,0,1,50,2,2,1,0,1,0,49.0,46.0,voiture,deux_roues,1,2,1,1,1
202300025367,2023-10-13 06:30:00,2023,10,13,6,30,68,68278,A35 PK104.200,47.7457505,7.42103219,Nuit sans éclairage public,Hors agglomération,Hors intersection,Normale,Deux véhicules - arrière,1,3,2,0,1,1,1,0,1,130,2,2,1,0,0,1,58.0,60.0,voiture,utilitaire_camion,3,1,1,1,2
202300025368,2023-10-12 14:00:00,2023,10,12,14,0,06,06085,A8,43.5856634,7.0280963,Plein jour,Hors agglomération,Hors intersection,Normale,Autre collision,1,3,6,0,2,1,1,0,1,90,1,4,2,0,2,0,37.0,,voiture,,1,1,1,1,6
202300025369,2023-10-13 09:50:00,2023,10,13,9,50,34,34166,A9 PK 152+900,43.362259,3.355701,Plein jour,Hors agglomération,Hors intersection,Normale,Deux véhicules - arrière,1,3,3,0,1,1,1,0,1,130,2,2,1,0,0,1,42.0,37.0,utilitaire_camion,utilitaire_camion,1,1,1,1,2
202300025370,2023-10-13 16:40:00,2023,10,13,16,40,13,13114,D10,43.546767,5.319668,Plein jour,Hors agglomération,Hors intersection,Normale,Deux véhicules - arrière,3,2,2,0,1,1,1,0,3,80,2,3,1,0,0,2,43.0,21.0,utilitaire_camion,deux_roues,1,1,1,1,2
202300025371,2023-10-12 06:45:00,2023,10,12,6,45,987,98729,pk 4.5 c/montagne Paopao,-17.577,-150.202,Plein jour,En agglomération,Hors intersection,Normale,Deux véhicules - côté,2,2,2,2,1,1,1,0,1,60,2,3,1,0,1,1,53.0,26.0,voiture,deux_roues,1,2,1,1,3
202300025372,2023-10-13 04:50:00,2023,10,13,4,50,971,97107,Allee des Mineurs,16.021236,-61.578777,Crépuscule ou aube,Hors agglomération,Hors intersection,Normale,Autre collision,2,3,1,0,1,1,2,0,1,80,1,2,0,0,1,1,51.0,,deux_roues,,2,1,1,1,6
202300025373,2023-10-13 17:20:00,2023,10,13,17,20,29,29233,181 Rue de Pont-aven,47.87130953,-3.56392792,Plein jour,En agglomération,Hors intersection,Pluie légère,Deux véhicules - côté,3,2,2,0,1,1,2,0,1,50,2,3,2,0,0,1,44.0,36.0,voiture,deux_roues,1,2,1,2,3
202300025374,2023-10-12 15:50:00,2023,10,12,15,50,95,95675,D317,49.062836,2.523151,Plein jour,Hors agglomération,Hors intersection,Pluie légère,Trois véhicules et plus - en chaîne,3,1,1,0,1,1,2,0,1,80,3,3,2,0,0,1,34.0,38.0,voiture,voiture,1,1,1,2,4
202300025375,2023-10-12 08:25:00,2023,10,12,8,25,66,66164,,42.766202,2.869363,Plein jour,En agglomération,Intersection en T,Normale,Autre collision,3,2,2,0,1,1,1,0,1,50,1,2,1,0,0,1,56.0,,voiture,,1,2,3,1,6
202300025375,2023-10-12 08:25:00,2023,10,12,8,25,66,66164,,42.766202,2.869363,Plein jour,En agglomération,Intersection en T,Normale,Autre collision,3,2, -1,-1,1,1,1,0,8,-1,1,2,1,0,0,1,56.0,,voiture,,1,2,3,1,6
202300025376,2023-10-13 11:15:00,2023,10,13,11,15,34,34199,D913,43.451003,3.416619,Plein jour,En agglomération,Giratoire,Normale,Deux véhicules - côté,3,1,2,0,1,2,1,9,1,-1,2,2,1,0,0,1,73.0,69.0,deux_roues,voiture,1,2,6,1,3
202300025377,2023-10-13 08:35:00,2023,10,13,8,35,83,83115,74 Avenue du Général Leclerc,43.308949,6.649738,Plein jour,Hors agglomération,Hors intersection,Normale,Deux véhicules - frontale,3,2,2,0,1,1,1,0,1,50,2,3,1,0,1,1,15.0,24.0,voiture,voiture,1,1,1,1,1
202300025378,2023-10-12 14:30:00,2023,10,12,14,30,57,57460,D63b,49.266187,6.643263,Plein jour,Hors agglomération,Intersection en Y,Pluie légère,Deux véhicules - frontale,3,2,2,0,3,2,2,0,1,80,2,2,0,0,1,1,66.0,66.0,voiture,voiture,1,1,4,2,1
202300025378,2023-10-12 14:30:00,2023,10,12,14,30,57,57460,D63b,49.266187,6.643263,Plein jour,Hors agglomération,Intersection en Y,Pluie légère,Deux véhicules - frontale,3,2,2,0,2,1,2,0,8,50,2,2,0,0,1,1,66.0,66.0,voiture,voiture,1,1,4,2,1
202300025379,2023-10-09 17:30:00,2023,10,9,17,30,73,73227,D915 Route de champ greffon,45.44796204,6.5844413,Plein jour,Hors agglomération,Hors intersection,Normale,Deux véhicules - frontale,3,2,2,0,2,1,1,0,1,-1,2,3,0,0,1,2,67.0,23.0,voiture,voiture,1,1,1,1,1
202300025380,2023-10-11 16:00:00,2023,10,11,16,0,38,38022,Route des Alpes,45.612049,5.537678,Plein jour,En agglomération,Hors intersection,Normale,Trois véhicules et plus - collisions multiples,3,2,2,0,1,1,1,0,1,50,3,3,2,0,0,1,37.0,32.0,voiture,utilitaire_camion,1,2,1,1,5