accident_id,datetime,annee,mois,jour,heure,minute,departement,commune_insee,adresse,latitude,longitude,luminosite,agglomeration,intersection,meteo,collision,catr,circ,nbv,vosp,prof,plan,surf,infra,situ,vma,nb_vehicules,nb_usagers,nb_indemnes,nb_tues,nb_blesses_hosp,nb_blesses_legers,age_cond_1,age_cond_2,veh_type_cond_1,veh_type_cond_2,lum_code,agg_code,int_code,atm_code,col_code
202300025381,2023-10-13 06:30:00,2023,10,13,6,30,26,26235,D59,44.364264,4.726197,Nuit sans éclairage public,En agglomération,Giratoire,Normale,Deux véhicules - arrière,3,2,2,0,1,3,1,5,1,70,2,2,1,0,0,1,52.0,51.0,voiture,deux_roues,3,2,6,1,2
202300025382,2023-10-12 09:30:00,2023,10,12,9,30,07,07140,RD 532,45.093239,4.764011,Plein jour,Hors agglomération,Hors intersection,Normale,Deux véhicules - côté,3,2,2,0,2,4,1,0,1,90,2,2,1,0,0,1,65.0,18.0,voiture,deux_roues,1,1,1,1,3
202300025383,2023-10-11 07:15:00,2023,10,11,7,15,31,31395,avenue pic d'estats,43.423728,1.303521,Nuit sans éclairage public,Hors agglomération,Hors intersection,Normale,Deux véhicules - arrière,3,2,2,0,1,1,1,0,1,90,2,2,1,1,0,0,19.0,51.0,deux_roues,utilitaire_camion,3,1,1,1,2
202300025384,2023-10-13 07:38:00,2023,10,13,7,38,16,16388,route départementale 41,45.637057,0.045147,Nuit sans éclairage public,Hors agglomération,Intersection en T,Normale,Deux véhicules - côté,3,2,2,0,1,1,1,5,1,80,2,2,1,0,1,0,27.0,49.0,deux_roues,voiture,3,1,3,1,3
202300025384,2023-10-13 07:38:00,2023,10,13,7,38,16,16388,route départementale 41,45.637057,0.045147,Nuit sans éclairage public,Hors agglomération,Intersection en T,Normale,Deux véhicules - côté,3,2,2,-1,2,1,1,5,1,80,2,2,1,0,1,0,27.0,49.0,deux_roues,voiture,3,1,3,1,3
202300025385,2023-10-10 07:45:00,2023,10,10,7,45,44,44026,44 Le Chemin Nantais,47.289113,-1.4323,Crépuscule ou aube,En agglomération,Hors intersection,Normale,Sans collision,7,2,2,0,1,1,1,9,1,50,1,1,0,0,1,0,33.0,,deux_roues,,2,2,1,1,7
202300025386,2023-10-13 13:55:00,2023,10,13,13,55,22,22259,3 La Ville Fontaine,48.454603,-2.104304,Plein jour,Hors agglomération,Hors intersection,Temps couvert,Deux véhicules - côté,4,-1,2,0,1,1,1,0,1,50,2,2,1,0,0,1,37.0,44.0,deux_roues,utilitaire_camion,1,1,1,8,3
202300025387,2023-10-12 23:20:00,2023,10,12,23,20,22,22002,Le Chesnay,48.505801,-2.588804,Nuit sans éclairage public,Hors agglomération,Hors intersection,Normale,Sans collision,3,2,2,0,1,3,1,0,3,80,1,1,0,0,1,0,34.0,,voiture,,3,1,1,1,7
202300025388,2023-10-12 15:40:00,2023,10,12,15,40,13,13071,A7-Sens Marseille vers Lyon,43.41556994,5.27772034,Plein jour,Hors agglomération,Hors intersection,Normale,Deux véhicules - arrière,1,1,3,0,1,1,1,0,1,110,2,2,1,0,1,0,33.0,53.0,voiture,deux_roues,1,1,1,1,2
202300025389,2023-10-12 09:45:00,2023,10,12,9,45,69,69385,Route de Métropole 6,45.75244,4.82,Plein jour,Hors agglomération,Hors intersection,Normale,Trois véhicules et plus - collisions multiples,7,1,2,0,1,1,1,1,1,70,3,3,1,0,1,1,29.0,50.0,deux_roues,deux_roues,1,1,1,1,5
202300025390,2023-10-12 08:40:00,2023,10,12,8,40,33,33318,ROCADE A 630,44.7888229,-0.62615097,Plein jour,Hors agglomération,Hors intersection,Normale,Deux véhicules - côté,1,3,6,0,1,1,1,0,1,90,2,2,1,0,0,1,24.0,38.0,deux_roues,voiture,1,1,1,1,3
202300025391,2023-10-12 08:25:00,2023,10,12,8,25,33,33003,AUTOROUTE A 10,44.9319406,-0.46848267,Plein jour,Hors agglomération,Hors intersection,Normale,Deux véhicules - côté,1,3,6,0,1,1,1,3,1,130,2,2,1,0,0,1,28.0,54.0,utilitaire_camion,voiture,1,1,1,1,3
202300025392,2023-10-11 19:25:00,2023,10,11,19,25,33,33281,ROCADE A 630,44.82873109,-0.67551434,Plein jour,Hors agglomération,Hors intersection,Normale,Autre collision,1,-1,6,0,1,1,1,0,1,90,1,1,0,0,0,1,37.0,,voiture,,1,1,1,1,6
202300025393,2023-10-11 11:25:00,2023,10,11,11,25,33,33550,AUTOROUTE A 62,44.77689,-0.55663,Plein jour,Hors agglomération,Hors intersection,Normale,Trois véhicules et plus - en chaîne,1,1,2,0,1,3,1,3,1,70,3,4,3,0,0,1,58.0,61.0,voiture,voiture,1,1,1,1,4
202300025394,2023-10-10 22:15:00,2023,10,10,22,15,59,59271,AUTOROUTE A16,51.00444,2.31077,Nuit sans éclairage public,Hors agglomération,Hors intersection,Normale,Deux véhicules - arrière,1,-1,4,0,1,1,1,0,1,130,2,2,1,0,1,0,26.0,62.0,voiture,voiture,3,1,1,1,2
202300025395,2023-10-12 11:52:00,2023,10,12,11,52,94,94021,A6A,48.7615291,2.34008141,Plein jour,Hors agglomération,Hors intersection,Normale,Deux véhicules - arrière,1,3,2,0,1,1,1,0,1,90,2,2,1,0,0,1,32.0,34.0,deux_roues,utilitaire_camion,1,1,1,1,2
202300025396,2023-10-12 09:30:00,2023,10,12,9,30,94,94021,A6B,48.76323303,2.34206347,Plein jour,Hors agglomération,Hors intersection,Pluie légère,Deux véhicules - arrière,1,-1,2,0,1,1,2,0,1,90,2,2,1,0,0,1,43.0,24.0,voiture,deux_roues,1,1,1,2,2
202300025397,2023-10-12 08:34:00,2023,10,12,8,34,91,91064,RN 118,48.753485,2.223323,Plein jour,Hors agglomération,Hors intersection,Pluie forte,Deux véhicules - arrière,2,3,3,0,1,1,2,0,1,110,2,2,1,0,0,1,45.0,47.0,deux_roues,voiture,1,1,1,3,2
202300025398,2023-10-10 09:47:00,2023,10,10,9,47,78,78007,A13W,48.895239,2.007189,Plein jour,Hors agglomération,Hors intersection,Normale,Trois véhicules et plus - en chaîne,1,1,2,0,1,1,1,0,1,110,3,3,2,0,0,1,29.0,62.0,voiture,voiture,1,1,1,1,4
202300025399,2023-10-11 19:45:00,2023,10,11,19,45,93,93048,AUTOROUTE A3,48.87447,2.43874,Plein jour,Hors agglomération,Hors intersection,Normale,Deux véhicules - côté,1,3,3,0,1,1,1,0,1,90,2,2,1,0,0,1,64.0,34.0,deux_roues,voiture,1,1,1,1,3
202300025400,2023-10-11 20:30:00,2023,10,11,20,30,93,93007,AUTOROUTE A1,48.94683358,2.44255543,Nuit avec éclairage allumé,Hors agglomération,Hors intersection,Normale,Sans collision,1,3,4,0,1,1,1,1,1,90,1,1,0,0,0,1,33.0,,voiture,,5,1,1,1,7
202300025401,2023-10-12 10:00:00,2023,10,12,10,0,94,94069,A4,48.81744769,2.43111134,Plein jour,Hors agglomération,Hors intersection,Pluie légère,Deux véhicules - arrière,1,3,4,0,1,1,2,0,1,90,2,2,1,0,0,1,24.0,24.0,deux_roues,autre,1,1,1,2,2
202300025402,2023-10-12 08:30:00,2023,10,12,8,30,94,94033,A86,48.85724,2.48879,Plein jour,Hors agglomération,Hors intersection,Pluie légère,Deux véhicules - côté,1,3,2,0,1,1,2,3,1,90,2,2,1,0,0,1,54.0,48.0,deux_roues,utilitaire_camion,1,1,1,2,3
202300025403,2023-10-11 17:15:00,2023,10,11,17,15,77,77363,A104,48.92869685,2.62840045,Plein jour,Hors agglomération,Hors intersection,Normale,Deux véhicules - arrière,1,1,2,0,1,1,1,0,1,90,2,2,1,0,0,1,31.0,26.0,utilitaire_camion,utilitaire_camion,1,1,1,1,2
202300025404,2023-10-11 05:30:00,2023,10,11,5,30,77,77083,A4.W,48.83100751,2.60627873,Nuit sans éclairage public,Hors agglomération,Autre intersection,Normale,Trois véhicules et plus - collisions multiples,1,3,6,0,1,1,1,0,1,110,5,6,2,1,0,3,30.0,69.0,utilitaire_camion,utilitaire_camion,3,1,9,1,5
202300025404,2023-10-11 05:30:00,2023,10,11,5,30,77,77083,A4.W,48.83100751,2.60627873,Nuit sans éclairage public,Hors agglomération,Autre intersection,Normale,Trois véhicules et plus - collisions multiples,1,4,3,0,1,1,1,0,1,110,5,6,2,1,0,3,30.0,69.0,utilitaire_camion,utilitaire_camion,3,1,9,1,5
202300025405,2023-07-22 16:25:00,2023,7,22,16,25,35,35238,SAINT-GERMAIN (PLACE),48.11055,-1.67626,Plein jour,En agglomération,Hors intersection,Normale,Autre collision,6,-1,0,0,1,1,1,6,1,-1,1,2,1,0,0,1,13.0,,deux_roues,,1,2,1,1,6
202300025406,2023-10-11 22:00:00,2023,10,11,22,0,974,97411,BONNIER (ALLEE),-20.88083,55.45992,Nuit avec éclairage allumé,En agglomération,Hors intersection,Normale,Deux véhicules - arrière,4,2,3,0,1,1,1,0,1,50,2,2,1,0,0,1,38.0,59.0,deux_roues,voiture,5,2,1,1,2
202300025407,2023-10-11 11:50:00,2023,10,11,11,50,972,97213,PLACE D'ARMES,14.61339,-60.99354,Plein jour,En agglomération,Hors intersection,Normale,Autre collision,9,2,2,0,1,1,1,0,1,50,2,3,2,0,1,0,57.0,90.0,voiture,voiture,1,2,1,1,6
202300025408,2023-10-11 15:30:00,2023,10,11,15,30,69,69389,23 Quai du Commerce,45.780501,4.80907008,Plein jour,En agglomération,Intersection en X,Normale,Deux véhicules - côté,4,2,4,1,1,1,1,0,5,50,2,2,1,0,0,1,18.0,9.0,voiture,deux_roues,1,2,2,1,3
202300025408,2023-10-11 15:30:00,2023,10,11,15,30,69,69389,23 Quai du Commerce,45.780501,4.80907008,Plein jour,En agglomération,Intersection en X,Normale,Deux véhicules - côté,4,2,2,0,1,1,1,2,5,50,2,2,1,0,0,1,18.0,9.0,voiture,deux_roues,1,2,2,1,3
202300025409,2023-10-11 22:39:00,2023,10,11,22,39,2B,2B120,11 - RT,42.65615,9.44143,Nuit avec éclairage allumé,Hors agglomération,Hors intersection,Normale,Autre collision,2,3,4,0,1,1,1,1,1,50,2,2,0,0,1,1,38.0,27.0,utilitaire_camion,voiture,5,1,1,1,6
202300025410,2023-10-11 09:45:00,2023,10,11,9,45,971,97113,RN4 - SECTION RIVIERA,16.20873364,-61.47003204,Plein jour,Hors agglomération,Hors intersection,Normale,Deux véhicules - arrière,2,3,2,0,1,1,1,0,1,70,2,2,1,0,0,1,21.0,50.0,voiture,deux_roues,1,1,1,1,2
202300025411,2023-10-11 08:05:00,2023,10,11,8,5,971,97101,PETIT PEROU,16.25178772,-61.51388615,Plein jour,En agglomération,Autre intersection,Normale,Deux véhicules - côté,4,2,1,0,1,1,1,0,1,30,2,2,1,0,0,1,74.0,64.0,voiture,deux_roues,1,2,9,1,3
202300025412,2023-10-11 14:29:00,2023,10,11,14,29,91,91432,AV FERDINAND DE LESSEPS,48.69563,2.336915,Plein jour,En agglomération,Hors intersection,Normale,Autre collision,3,-1,0,0,1,1,1,0,8,50,1,4,0,0,0,4,36.0,,voiture,,1,2,1,1,6
202300025413,2023-10-07 15:46:00,2023,10,7,15,46,87,87065,TOULOUSE (RUE DE),45.79826,1.29568,Plein jour,En agglomération,Intersection en T,Normale,Deux véhicules - côté,1,1,0,0,2,1,1,3,1,50,2,2,1,0,0,1,33.0,81.0,voiture,voiture,1,2,3,1,3
202300025413,2023-10-07 15:46:00,2023,10,7,15,46,87,87065,TOULOUSE (RUE DE),45.79826,1.29568,Plein jour,En agglomération,Intersection en T,Normale,Deux véhicules - côté,1,4,0,0,2,1,1,0,1,70,2,2,1,0,0,1,33.0,81.0,voiture,voiture,1,2,3,1,3
202300025414,2023-10-06 14:05:00,2023,10,6,14,5,83,83123,ESTIENNE D'ORVES (BD),43.11634,5.805659,Plein jour,En agglomération,Autre intersection,Normale,Autre collision,4,-1,0,3,1,1,1,6,4,-1,1,3,2,0,0,1,66.0,,voiture,,1,2,9,1,6
202300025415,2023-10-10 07:30:00,2023,10,10,7,30,83,83069,Route de Toulon,43.12623,6.09879,Plein jour,En agglomération,Hors intersection,Normale,Autre collision,3,-1,2,0,1,1,1,0,1,50,2,2,1,0,1,0,,46.0,utilitaire_camion,deux_roues,1,2,1,1,6
202300025416,2023-10-11 19:20:00,2023,10,11,19,20,78,78299,MICHELET (BOULEVARD),49.00017,1.88929,Crépuscule ou aube,En agglomération,Hors intersection,Normale,Deux véhicules - frontale,3,2,2,0,1,1,1,0,1,50,2,2,1,1,0,0,31.0,26.0,voiture,deux_roues,2,2,1,1,1
202300025417,2023-10-11 22:40:00,2023,10,11,22,40,77,77284,D603,48.9569,2.90017,Nuit avec éclairage allumé,En agglomération,Hors intersection,Normale,Deux véhicules - côté,3,1,1,1,1,1,1,0,5,50,2,2,1,0,0,1,24.0,24.0,deux_roues,voiture,5,2,1,1,3
202300025418,2023-10-11 13:30:00,2023,10,11,13,30,77,77186,RD607 de Barbizon à pavé du roi,48.44074,2.65103,Plein jour,Hors agglomération,Hors intersection,Normale,Deux véhicules - côté,3,3,0,0,2,2,9,8,1,70,2,3,2,0,1,0,31.0,52.0,deux_roues,voiture,1,1,1,1,3
202300025419,2023-10-08 04:30:00,2023,10,8,4,30,76,76351,JENNER (PLACE),49.50825,0.13626,Nuit avec éclairage allumé,En agglomération,Hors intersection,Normale,Sans collision,4,1,3,0,1,3,1,1,1,50,1,1,0,0,0,1,25.0,,voiture,,5,2,1,1,7
202300025420,2023-07-11 17:35:00,2023,7,11,17,35,74,74281,GENEVE (AVE DE) JUSQUE CROISEE ANTHY,46.355,6.447,Plein jour,En agglomération,Hors intersection,Pluie forte,Deux véhicules - côté,4,2,0,0,1,2,2,2,1,70,2,2,1,0,0,1,81.0,42.0,voiture,deux_roues,1,2,1,3,3
202300025421,2023-10-10 12:31:00,2023,10,10,12,31,67,67180,WINTERSHOUSE (ROUTE DE),48.80817,7.77414,Plein jour,En agglomération,Hors intersection,Normale,Sans collision,4,2,2,0,1,1,1,0,1,50,1,1,0,0,1,0,17.0,,deux_roues,,1,2,1,1,7
202300025422,2023-10-11 19:20:00,2023,10,11,19,20,64,64445,MARTYRS DU PONT LONG DES,43.341,-0.37975,Crépuscule ou aube,Hors agglomération,Hors intersection,Normale,Deux véhicules - arrière,3,-1,2,0,1,1,1,0,1,70,2,2,1,0,0,1,23.0,22.0,voiture,deux_roues,2,1,1,1,2
202300025423,2023-10-11 22:10:00,2023,10,11,22,10,64,64024,CHAMBRE D'AMOUR (AVENUE DE LA),43.49618,-1.53649,Nuit avec éclairage allumé,En agglomération,Autre intersection,Normale,Sans collision,4,2,2,0,3,1,1,0,1,30,1,2,1,0,0,1,28.0,,voiture,,5,2,9,1,7
202300025424,2023-10-10 08:59:00,2023,10,10,8,59,64,64102,LISSES (RUE DES),43.48943,-1.47206,Plein jour,En agglomération,Hors intersection,Normale,Deux véhicules - arrière,4,2,2,0,1,1,1,0,1,50,2,2,1,0,0,1,16.0,50.0,deux_roues,voiture,1,2,1,1,2
202300025425,2023-10-10 20:05:00,2023,10,10,20,5,63,63245,SANITAS LOUIS (RUE),45.89469253,3.09491515,Nuit avec éclairage allumé,En agglomération,Intersection en X,Normale,Deux véhicules - côté,4,2,2,0,1,2,1,0,1,50,2,2,1,0,0,1,22.0,51.0,deux_roues,voiture,5,2,2,1,3
202300025425,2023-10-10 20:05:00,2023,10,10,20,5,63,63245,SANITAS LOUIS (RUE),45.89469253,3.09491515,Nuit avec éclairage allumé,En agglomération,Intersection en X,Normale,Deux véhicules - côté,4,2,2,0,1,3,1,0,1,30,2,2,1,0,0,1,22.0,51.0,deux_roues,voiture,5,2,2,1,3
202300025426,2023-10-11 08:39:00,2023,10,11,8,39,63,63113,ROSSIGNOL (RUE),45.78426,3.06857,Plein jour,En agglomération,Hors intersection,Normale,Autre collision,4,2,2,0,1,1,1,0,1,30,1,2,0,0,0,2,22.0,,voiture,,1,2,1,1,6
202300025427,2023-10-06 16:10:00,2023,10,6,16,10,62,62215,Rue Montesquieu,50.4892,2.94893,Plein jour,En agglomération,Intersection en T,Normale,Autre collision,4,2,2,0,1,1,1,0,1,50,3,3,1,0,0,2,14.0,16.0,deux_roues,deux_roues,1,2,3,1,6
202300025427,2023-10-06 16:10:00,2023,10,6,16,10,62,62215,Rue Montesquieu,50.4892,2.94893,Plein jour,En agglomération,Intersection en T,Normale,Autre collision,4,2,2,0,1,1,1,0,8,50,3,3,1,0,0,2,14.0,16.0,deux_roues,deux_roues,1,2,3,1,6
202300025428,2023-10-11 17:15:00,2023,10,11,17,15,59,59378,GUESDE JULES RUE,50.66694,3.07605,Plein jour,En agglomération,Place,Normale,Deux véhicules - arrière,7,2,3,0,1,1,1,0,1,50,2,3,2,0,0,1,41.0,30.0,utilitaire_camion,voiture,1,2,7,1,2
202300025429,2023-10-11 15:30:00,2023,10,11,15,30,58,58194,PONT DE LOIRE,46.98186,3.16034,Plein jour,En agglomération,Intersection en T,Normale,Deux véhicules - côté,4,2,2,0,1,1,1,0,1,50,2,2,1,0,0,1,78.0,59.0,deux_roues,utilitaire_camion,1,2,3,1,3
202300025429,2023-10-11 15:30:00,2023,10,11,15,30,58,58194,PONT DE LOIRE,46.98186,3.16034,Plein jour,En agglomération,Intersection en T,Normale,Deux véhicules - côté,4,2,2,0,1,1,1,0,1,50,2,2,1,0,0,1,78.0,59.0,deux_roues,utilitaire_camion,1,2,3,1,3
202300025430,2023-10-10 10:45:00,2023,10,10,10,45,54,54184,avenue de Brigachtal,48.70004353,6.22381926,Plein jour,En agglomération,Hors intersection,Normale,Deux véhicules - côté,4,2,3,0,1,1,1,0,1,50,2,2,1,0,0,1,38.0,22.0,deux_roues,utilitaire_camion,1,2,1,1,3
202300025431,2023-10-11 15:45:00,2023,10,11,15,45,53,53130,PARIS ( RUE DE ),48.07126,-0.76226,Plein jour,En agglomération,Hors intersection,Normale,Autre collision,4,2,2,0,2,1,1,0,1,30,2,2,0,0,1,1,80.0,26.0,voiture,deux_roues,1,2,1,1,6
202300025432,2023-10-10 20:45:00,2023,10,10,20,45,49,49015,RD 107,47.51506,-0.56953,Nuit sans éclairage public,Hors agglomération,Hors intersection,Normale,Deux véhicules - frontale,3,2,2,0,1,1,1,0,1,90,2,2,0,0,1,1,33.0,46.0,voiture,voiture,3,1,1,1,1
202300025433,2023-10-12 01:15:00,2023,10,12,1,15,44,44190,1 Rue Marie Curie,47.18755,-1.48325,Nuit avec éclairage allumé,En agglomération,Hors intersection,Normale,Autre collision,6,-1, -1,0,1,1,1,0,1,30,1,2,1,0,1,0,29.0,,utilitaire_camion,,5,2,1,1,6
202300025434,2023-10-11 18:36:00,2023,10,11,18,36,42,42187,Rue Pierre Dépierre,46.03341,4.07747,Plein jour,En agglomération,Giratoire,Normale,Autre collision,4,-1,4,3,1,1,1,9,6,30,1,2,1,0,1,0,59.0,,voiture,,1,2,6,1,6
202300025435,2023-09-30 06:12:00,2023,9,30,6,12,35,35241,ACACIAS (RUE DES),48.6167657,-2.02935398,Nuit avec éclairage allumé,Hors agglomération,Hors intersection,Normale,Autre collision,3,3,4,0,2,3,1,0,1,70,1,5,3,0,2,0,22.0,,voiture,,5,1,1,1,6
202300025436,2023-10-12 01:10:00,2023,10,12,1,10,31,31555,RUE DU LOT,43.58185,1.40781,Nuit avec éclairage allumé,En agglomération,Intersection en T,Normale,Deux véhicules - côté,4,2,2,0,1,1,1,0,1,50,2,3,1,0,0,2,20.0,,voiture,voiture,5,2,3,1,3
202300025436,2023-10-12 01:10:00,2023,10,12,1,10,31,31555,RUE DU LOT,43.58185,1.40781,Nuit avec éclairage allumé,En agglomération,Intersection en T,Normale,Deux véhicules - côté,4,2,2,0,1,1,1,0,1,50,2,3,1,0,0,2,20.0,,voiture,voiture,5,2,3,1,3
202300025437,2023-10-11 16:00:00,2023,10,11,16,0,31,31069,GRENADE (ROUTE DE),43.63793,1.39024,Plein jour,En agglomération,Hors intersection,Normale,Deux véhicules - côté,7,2,2,0,1,1,1,0,1,50,2,2,1,0,1,0,51.0,43.0,deux_roues,voiture,1,2,1,1,3
202300025438,2023-04-19 19:55:00,2023,4,19,19,55,60,60567,Route Nationale,49.436867,1.899048,Plein jour,En agglomération,Intersection en T,Normale,Deux véhicules - frontale,2,2,2,0,1,1,1,0,1,50,2,2,1,0,0,1,30.0,45.0,deux_roues,voiture,1,2,3,1,1
202300025438,2023-04-19 19:55:00,2023,4,19,19,55,60,60567,Route Nationale,49.436867,1.899048,Plein jour,En agglomération,Intersection en T,Normale,Deux véhicules - frontale,2,2, -1,-1,1,1,1,0,1,-1,2,2,1,0,0,1,30.0,45.0,deux_roues,voiture,1,2,3,1,1
202300025439,2023-04-19 16:20:00,2023,4,19,16,20,16,16028,Avenue de l?Europe,45.476411,-0.160943,Plein jour,En agglomération,Autre intersection,Normale,Autre collision,3,2,2,0,1,1,1,5,1,50,1,2,1,0,1,0,90.0,,utilitaire_camion,,1,2,9,1,6
202300025440,2023-04-19 20:20:00,2023,4,19,20,20,53,53073,Rue des Sports,47.81117,-1.118123,Plein jour,En agglomération,Hors intersection,Normale,Autre collision,3,2,2,0,1,1,1,0,1,50,1,2,1,0,0,1,58.0,,voiture,,1,2,1,1,6
202300025441,2023-04-20 18:24:00,2023,4,20,18,24,85,85278,Impasse du Bourg Paille,46.429664,-1.567279,Plein jour,Hors agglomération,Hors intersection,Normale,Sans collision,4,-1,1,0,1,1,1,0,8,-1,1,1,0,0,1,0,82.0,,utilitaire_camion,,1,1,1,1,7
202300025442,2023-04-19 16:40:00,2023,4,19,16,40,52,52524,N67,48.26459311,5.12330988,Plein jour,Hors agglomération,Hors intersection,Normale,Trois véhicules et plus - collisions multiples,2,2,2,0,1,1,1,0,1,80,3,5,4,0,1,0,70.0,66.0,voiture,voiture,1,1,1,1,5
202300025443,2023-04-20 17:20:00,2023,4,20,17,20,30,30020,rd 135,43.761496,4.315706,Plein jour,Hors agglomération,Hors intersection,Normale,Trois véhicules et plus - collisions multiples,3,2,2,0,1,1,1,0,1,80,3,3,1,0,1,1,20.0,31.0,voiture,voiture,1,1,1,1,5
202300025444,2023-04-19 18:30:00,2023,4,19,18,30,01,01087,A40 PK 112+300 direction MACON,46.171283,5.68336,Plein jour,Hors agglomération,Hors intersection,Normale,Autre collision,1,1,2,0,1,1,2,0,3,110,1,4,2,0,0,2,61.0,,voiture,,1,1,1,1,6
202300025445,2023-04-20 11:55:00,2023,4,20,11,55,34,34337,Chemin de la Capouillere,43.53004,3.865892,Plein jour,En agglomération,Intersection en X,Normale,Deux véhicules - côté,4,2, -1,-1,1,1,1,0,1,-1,2,2,1,0,1,0,29.0,66.0,deux_roues,voiture,1,2,2,1,3
202300025445,2023-04-20 11:55:00,2023,4,20,11,55,34,34337,Chemin de la Capouillere,43.53004,3.865892,Plein jour,En agglomération,Intersection en X,Normale,Deux véhicules - côté,4,-1,2,1,1,1,1,0,1,30,2,2,1,0,1,0,29.0,66.0,deux_roues,voiture,1,2,2,1,3
202300025446,2023-04-19 14:20:00,2023,4,19,14,20,13,13037,1455 Rn 113,43.547627,5.182875,Plein jour,Hors agglomération,Autre intersection,Normale,Trois véhicules et plus - collisions multiples,3,2,2,0,1,1,1,0,1,80,4,7,2,0,5,0,50.0,54.0,utilitaire_camion,voiture,1,1,9,1,5
202300025447,2023-04-19 11:15:00,2023,4,19,11,15,13,13069,Autoroute A7 PK 236+600,43.624334,5.131817,Plein jour,Hors agglomération,Hors intersection,Normale,Deux véhicules - arrière,1,3,3,0,1,1,1,0,1,130,2,3,2,0,1,0,25.0,60.0,utilitaire_camion,utilitaire_camion,1,1,1,1,2
202300025448,2023-04-17 15:15:00,2023,4,17,15,15,33,33214,rd6,44.98458702,-1.06665015,Plein jour,Hors agglomération,Hors intersection,Normale,Trois véhicules et plus - collisions multiples,3,2,2,0,1,1,1,0,1,80,3,8,0,0,0,8,56.0,30.0,voiture,voiture,1,1,1,1,5
202300025449,2023-04-19 12:37:00,2023,4,19,12,37,77,77273,D401,49.050921,2.733976,Plein jour,Hors agglomération,Hors intersection,Normale,Deux véhicules - frontale,3,2,2,0,1,1,1,0,1,90,2,2,1,1,0,0,53.0,48.0,utilitaire_camion,utilitaire_camion,1,1,1,1,1
202300025450,2023-04-20 17:35:00,2023,4,20,17,35,34,34154,D66 PR 4+616,43.592498,3.940337,Plein jour,Hors agglomération,Hors intersection,Normale,Trois véhicules et plus - en chaîne,3,1,4,0,1,1,1,0,1,90,3,3,2,0,0,1,41.0,26.0,voiture,voiture,1,1,1,1,4
202300025451,2023-04-20 07:40:00,2023,4,20,7,40,83,83112,D559,43.174497,5.712118,Plein jour,En agglomération,Hors intersection,Normale,Deux véhicules - côté,3,2,2,0,1,3,1,0,1,70,2,3,1,0,0,2,28.0,39.0,voiture,voiture,1,2,1,1,3
202300025452,2023-04-20 17:25:00,2023,4,20,17,25,83,83023,DN 7,43.395272,6.140032,Plein jour,Hors agglomération,Hors intersection,Normale,Deux véhicules - côté,3,3,4,0,1,1,1,0,1,80,2,4,2,0,2,0,25.0,45.0,deux_roues,voiture,1,1,1,1,3
202300025453,2023-04-20 16:45:00,2023,4,20,16,45,26,26235,D13,44.371263,4.672666,Plein jour,Hors agglomération,Hors intersection,Normale,Sans collision,3,2,2,0,1,1,1,0,8,80,1,5,0,0,3,2,33.0,,utilitaire_camion,,1,1,1,1,7
202300025454,2023-04-20 13:15:00,2023,4,20,13,15,44,44172,170 Route de Thouaré,47.25788349,-1.4622277,Plein jour,En agglomération,Giratoire,Normale,Deux véhicules - côté,4,2,2,0,1,1,1,0,1,50,2,2,1,0,0,1,59.0,52.0,deux_roues,voiture,1,2,6,1,3
202300025455,2023-04-19 15:05:00,2023,4,19,15,5,29,29103,Pont de l'Europe,48.44986027,-4.26536783,Plein jour,En agglomération,Giratoire,Normale,Sans collision,3,1,2,0,1,2,1,9,1,50,1,1,0,0,1,0,79.0,,deux_roues,,1,2,6,1,7
202300025456,2023-04-19 14:50:00,2023,4,19,14,50,13,13071,A51-Sens Aix en Provence vers Marseille,43.41418849,5.36456931,Plein jour,Hors agglomération,Hors intersection,Normale,Deux véhicules - côté,1,1,3,3,1,3,1,0,1,90,2,3,0,0,0,3,76.0,39.0,voiture,voiture,1,1,1,1,3
202300025457,2023-04-19 15:40:00,2023,4,19,15,40,13,13071,A7-Sens Marseille vers Lyon,43.40439894,5.31594824,Plein jour,Hors agglomération,Hors intersection,Normale,Deux véhicules - arrière,1,-1,3,0,1,1,1,0,1,90,2,2,1,0,0,1,83.0,33.0,voiture,deux_roues,1,1,1,1,2
202300025458,2023-04-19 09:15:00,2023,4,19,9,15,77,77517,A104.EXT,48.90909,2.6377,Plein jour,Hors agglomération,Hors intersection,Temps éblouissant,Deux véhicules - arrière,1,3,2,0,1,1,1,0,1,90,2,2,1,0,1,0,49.0,54.0,utilitaire_camion,voiture,1,1,1,7,2
202300025459,2023-04-18 20:20:00,2023,4,18,20,20,59,59512,GUESDE (RUE JULES),50.67534,3.20244,Plein jour,En agglomération,Intersection en X,Normale,Deux véhicules - côté,7,2,2,0,1,1,1,0,1,50,2,4,1,0,1,2,22.0,19.0,voiture,voiture,1,2,2,1,3
202300025459,2023-04-18 20:20:00,2023,4,18,20,20,59,59512,GUESDE (RUE JULES),50.67534,3.20244,Plein jour,En agglomération,Intersection en X,Normale,Deux véhicules - côté,7,1, -1,-1,1,1,1,0,1,-1,2,4,1,0,1,2,22.0,19.0,voiture,voiture,1,2,2,1,3
202300025460,2023-04-18 08:25:00,2023,4,18,8,25,54,54184,M674,48.70823,6.24356,Plein jour,En agglomération,Giratoire,Normale,Autre collision,4,2,1,1,1,1,1,-1,1,50,1,2,1,0,0,1,23.0,,voiture,,1,2,6,1,6