accident_id,datetime,annee,mois,jour,heure,minute,departement,commune_insee,adresse,latitude,longitude,luminosite,agglomeration,intersection,meteo,collision,catr,circ,nbv,vosp,prof,plan,surf,infra,situ,vma,nb_vehicules,nb_usagers,nb_indemnes,nb_tues,nb_blesses_hosp,nb_blesses_legers,age_cond_1,age_cond_2,veh_type_cond_1,veh_type_cond_2,lum_code,agg_code,int_code,atm_code,col_code
202300025531,2023-08-03 20:50:00,2023,8,3,20,50,50,50618,Route de Barfleur,49.668392,-1.375533,Plein jour,Hors agglomération,Intersection en X,Normale,Deux véhicules - côté,3,2,2,0,1,1,1,0,8,-1,2,3,1,0,1,1,33.0,59.0,deux_roues,voiture,1,1,2,1,3
202300025531,2023-08-03 20:50:00,2023,8,3,20,50,50,50618,Route de Barfleur,49.668392,-1.375533,Plein jour,Hors agglomération,Intersection en X,Normale,Deux véhicules - côté,3,2,2,0,3,1,1,0,1,80,2,3,1,0,1,1,33.0,59.0,deux_roues,voiture,1,1,2,1,3
202300025532,2023-07-31 19:00:00,2023,7,31,19,0,50,50639,24 Rue du Général de Gaulle,48.836574,-1.220958,Plein jour,En agglomération,Hors intersection,Pluie forte,Autre collision,3,2,2,0,1,1,2,0,1,30,1,2,1,0,1,0,55.0,,utilitaire_camion,,1,2,1,3,6
202300025533,2023-04-18 11:30:00,2023,4,18,11,30,59,59356,GRAND LOGIS ROND POINT DU,50.663,2.987,Plein jour,En agglomération,Giratoire,Normale,Deux véhicules - côté,4,1,1,0,1,2,1,0,1,50,2,2,1,0,0,1,22.0,44.0,voiture,voiture,1,2,6,1,3
202300025533,2023-04-18 11:30:00,2023,4,18,11,30,59,59356,GRAND LOGIS ROND POINT DU,50.663,2.987,Plein jour,En agglomération,Giratoire,Normale,Deux véhicules - côté,4,-1,2,0,1,1,1,0,1,50,2,2,1,0,0,1,22.0,44.0,voiture,voiture,1,2,6,1,3
202300025534,2023-08-03 12:30:00,2023,8,3,12,30,50,50239,"rn 174, pk 26.6, thereval",49.115596,-1.156697,Plein jour,Hors agglomération,Hors intersection,Pluie légère,Deux véhicules - arrière,2,3,2,0,1,1,2,0,1,110,2,5,4,0,1,0,33.0,57.0,voiture,voiture,1,1,1,2,2
202300025535,2023-08-07 11:30:00,2023,8,7,11,30,09,09189,"Route Nationale 20, ",42.675781,1.835363,Plein jour,Hors agglomération,Hors intersection,Normale,Deux véhicules - frontale,2,2,2,0,2,3,1,0,1,80,2,2,1,1,0,0,69.0,33.0,voiture,deux_roues,1,1,1,1,1
202300025536,2023-04-18 17:45:00,2023,4,18,17,45,51,51454,Boulevard des Tondeurs,49.27311,4.06095,Plein jour,Hors agglomération,Hors intersection,Normale,Trois véhicules et plus - en chaîne,4,3,4,0,1,1,1,0,1,70,4,5,3,0,0,2,30.0,76.0,voiture,voiture,1,1,1,1,4
202300025537,2023-08-05 19:08:00,2023,8,5,19,8,60,60667,départementale 932,49.291868,2.722185,Plein jour,Hors agglomération,Hors intersection,Pluie forte,Sans collision,3,2,2,0,2,1,2,0,3,80,1,1,0,0,1,0,58.0,,voiture,,1,1,1,3,7
202300025538,2023-08-04 12:10:00,2023,8,4,12,10,64,64259,D22,43.303072,-1.250094,Plein jour,En agglomération,Hors intersection,Temps couvert,Sans collision,3,2,2,0,2,2,8,9,1,50,1,2,1,0,1,0,48.0,,deux_roues,,1,2,1,8,7
202300025539,2023-04-18 07:20:00,2023,4,18,7,20,51,51454,rue du Docteur Lemoine,49.26442187,4.03977424,Plein jour,En agglomération,Hors intersection,Normale,Autre collision,4,2,2,0,2,1,1,0,1,50,1,2,1,0,0,1,21.0,,voiture,,1,2,1,1,6
202300025540,2023-08-03 20:30:00,2023,8,3,20,30,73,73043,D1201,45.759784,5.933143,Plein jour,En agglomération,Intersection en T,Normale,Deux véhicules - côté,3,2,2,0,2,1,1,0,1,50,2,2,1,0,1,0,21.0,28.0,voiture,deux_roues,1,2,3,1,3
202300025540,2023-08-03 20:30:00,2023,8,3,20,30,73,73043,D1201,45.759784,5.933143,Plein jour,En agglomération,Intersection en T,Normale,Deux véhicules - côté,3,2,2,0,1,1,1,0,1,50,2,2,1,0,1,0,21.0,28.0,voiture,deux_roues,1,2,3,1,3
202300025541,2023-04-14 14:00:00,2023,4,14,14,0,50,50129,SCHMITT (AVENUE RENE),49.63115,-1.64614,Plein jour,En agglomération,Hors intersection,Pluie forte,Deux véhicules - arrière,3,2,2,0,1,1,2,0,1,50,2,2,1,0,0,1,39.0,31.0,voiture,voiture,1,2,1,3,2
202300025542,2023-08-04 06:40:00,2023,8,4,6,40,18,18132,4 Route de Baugy,47.186731,2.820597,Crépuscule ou aube,En agglomération,Intersection en T,Normale,Sans collision,3,1, -1,-1,1,1,1,0,1,-1,1,2,0,0,1,1,25.0,,utilitaire_camion,,2,2,3,1,7
202300025542,2023-08-04 06:40:00,2023,8,4,6,40,18,18132,4 Route de Baugy,47.186731,2.820597,Crépuscule ou aube,En agglomération,Intersection en T,Normale,Sans collision,3,2,2,0,1,3,1,0,4,50,1,2,0,0,1,1,25.0,,utilitaire_camion,,2,2,3,1,7
202300025543,2023-04-14 13:00:00,2023,4,14,13,0,50,50129,BROSSOLETTE (RUE PIERRE),49.63296,-1.59046,Plein jour,En agglomération,Hors intersection,Pluie légère,Sans collision,4,2,2,0,1,1,2,0,1,50,2,2,1,0,0,1,45.0,41.0,voiture,deux_roues,1,2,1,2,7
202300025544,2023-08-06 15:35:00,2023,8,6,15,35,43,43127,D46,45.333225,4.178892,Plein jour,En agglomération,Hors intersection,Normale,Sans collision,3,2,2,0,2,2,1,0,8,90,1,1,0,0,1,0,25.0,,voiture,,1,2,1,1,7
202300025545,2023-08-05 17:35:00,2023,8,5,17,35,43,43086,D20,45.244467,3.522009,Plein jour,Hors agglomération,Hors intersection,Normale,Deux véhicules - frontale,3,2,2,0,2,3,1,0,1,80,2,3,0,1,0,2,19.0,19.0,autre,voiture,1,1,1,1,1
202300025546,2023-04-17 18:30:00,2023,4,17,18,30,49,49007,Boulevard de la Résistance et de la Déportation,47.47141,-0.54721,Plein jour,En agglomération,Intersection en X,Normale,Deux véhicules - côté,4,2,2,0,1,1,1,0,1,50,2,2,1,0,0,1,25.0,70.0,deux_roues,voiture,1,2,2,1,3
202300025546,2023-04-17 18:30:00,2023,4,17,18,30,49,49007,Boulevard de la Résistance et de la Déportation,47.47141,-0.54721,Plein jour,En agglomération,Intersection en X,Normale,Deux véhicules - côté,4,2, -1,-1,1,1,1,0,1,-1,2,2,1,0,0,1,25.0,70.0,deux_roues,voiture,1,2,2,1,3
202300025547,2023-08-07 13:35:00,2023,8,7,13,35,10,10114,route départementale 619,48.515204,3.646549,Plein jour,Hors agglomération,Hors intersection,Normale,Sans collision,3,2,3,0,1,1,1,0,3,90,1,2,0,1,1,0,74.0,,voiture,,1,1,1,1,7
202300025548,2023-08-06 06:45:00,2023,8,6,6,45,10,10193,D 960,48.42843766,4.42904741,Plein jour,Hors agglomération,Hors intersection,Normale,Autre collision,3,2,2,0,3,2,1,0,3,90,1,3,0,1,0,2,44.0,,voiture,,1,1,1,1,6
202300025549,2023-08-06 16:20:00,2023,8,6,16,20,10,10432,route départementale 36,48.066021,4.238663,Plein jour,Hors agglomération,Hors intersection,Normale,Autre collision,3,2,2,0,2,2,1,0,3,80,1,2,1,0,0,1,21.0,,deux_roues,,1,1,1,1,6
202300025550,2023-08-06 19:40:00,2023,8,6,19,40,16,16023,D27,45.925502,0.227435,Plein jour,Hors agglomération,Hors intersection,Normale,Autre collision,3,2,2,0,2,2,1,0,3,80,1,1,0,1,0,0,51.0,,deux_roues,,1,1,1,1,6
202300025551,2023-04-18 20:40:00,2023,4,18,20,40,45,45234,23bis Rue Croix de Bois,47.89975,1.89782,Crépuscule ou aube,En agglomération,Intersection en X,Normale,Deux véhicules - côté,4,1,1,0,1,1,1,0,1,30,2,2,1,0,0,1,14.0,38.0,deux_roues,voiture,2,2,2,1,3
202300025551,2023-04-18 20:40:00,2023,4,18,20,40,45,45234,23bis Rue Croix de Bois,47.89975,1.89782,Crépuscule ou aube,En agglomération,Intersection en X,Normale,Deux véhicules - côté,4,1,1,0,2,1,1,0,1,30,2,2,1,0,0,1,14.0,38.0,deux_roues,voiture,2,2,2,1,3
202300025552,2023-08-05 11:45:00,2023,8,5,11,45,16,16280,D88,45.75926,0.336242,Plein jour,Hors agglomération,Hors intersection,Pluie légère,Sans collision,3,2,2,0,1,3,2,0,1,80,1,1,0,0,1,0,22.0,,deux_roues,,1,1,1,2,7
202300025553,2023-08-03 22:56:00,2023,8,3,22,56,16,16120,D101,45.60929523,0.24756807,Nuit sans éclairage public,Hors agglomération,Hors intersection,Pluie légère,Sans collision,3,2,2,0,1,1,2,0,3,80,1,1,0,0,1,0,34.0,,utilitaire_camion,,3,1,1,2,7
202300025554,2023-04-18 16:00:00,2023,4,18,16,0,45,45208,Parking centre commercial,47.9971,2.74169,Plein jour,En agglomération,Hors intersection,Temps couvert,Deux véhicules - frontale,6,-1, -1,0,1,1,1,0,1,-1,2,2,1,0,0,1,65.0,19.0,voiture,deux_roues,1,2,1,8,1
202300025555,2023-08-07 12:45:00,2023,8,7,12,45,07,07301,RD532,45.105637,4.67457,Plein jour,Hors agglomération,Hors intersection,Normale,Autre collision,3,2,2,0,2,3,1,0,3,90,1,2,0,0,1,1,47.0,,voiture,,1,1,1,1,6
202300025556,2023-08-05 08:20:00,2023,8,5,8,20,21,21580,4 Rue du Bas,47.456406,4.661485,Plein jour,En agglomération,Hors intersection,Normale,Autre collision,3,2,2,0,1,1,1,0,1,50,1,2,1,0,1,0,43.0,,voiture,,1,2,1,1,6
202300025557,2023-04-18 21:45:00,2023,4,18,21,45,44,44162,14 Chemin du Vigneau,47.2153,-1.626,Nuit sans éclairage public,En agglomération,Hors intersection,Normale,Deux véhicules - frontale,4,2,2,1,1,1,1,0,1,50,2,2,1,0,0,1,38.0,27.0,voiture,voiture,3,2,1,1,1
202300025558,2023-08-03 12:00:00,2023,8,3,12,0,40,40310,giratoire intersection  D50 / D116,43.756508,-1.325242,Plein jour,En agglomération,Giratoire,Normale,Deux véhicules - côté,3,2,1,0,1,1,1,0,2,50,2,2,1,0,0,1,89.0,47.0,voiture,deux_roues,1,2,6,1,3
202300025559,2023-04-18 09:00:00,2023,4,18,9,0,44,44109,14 Boulevard Gustave Roch,47.20487,-1.54893,Plein jour,En agglomération,Hors intersection,Normale,Deux véhicules - côté,4,3,3,3,1,1,1,0,1,30,2,2,1,0,0,1,51.0,43.0,deux_roues,voiture,1,2,1,1,3
202300025560,2023-08-05 12:20:00,2023,8,5,12,20,24,24172,Avenue des Grottes,44.938929,1.029196,Plein jour,Hors agglomération,Hors intersection,Normale,Deux véhicules - frontale,3,2,2,0,1,1,1,0,1,70,2,4,3,0,1,0,19.0,60.0,voiture,voiture,1,1,1,1,1
202300025561,2023-04-18 20:55:00,2023,4,18,20,55,37,37261,POUSSIN (RUE NICOLAS),47.37283,0.68454,Nuit avec éclairage allumé,En agglomération,Place,Normale,Deux véhicules - côté,4,2,2,0,1,1,1,0,1,30,2,3,2,0,0,1,36.0,30.0,voiture,voiture,5,2,7,1,3
202300025561,2023-04-18 20:55:00,2023,4,18,20,55,37,37261,POUSSIN (RUE NICOLAS),47.37283,0.68454,Nuit avec éclairage allumé,En agglomération,Place,Normale,Deux véhicules - côté,4,1,1,0,1,1,1,0,1,30,2,3,2,0,0,1,36.0,30.0,voiture,voiture,5,2,7,1,3
202300025562,2023-04-18 18:30:00,2023,4,18,18,30,37,37208,BEAUGAILLARD (AVENUE),47.36598,0.71811,Plein jour,En agglomération,Hors intersection,Normale,Deux véhicules - côté,4,2,4,0,2,1,1,0,1,50,2,2,1,0,0,1,34.0,25.0,deux_roues,voiture,1,2,1,1,3
202300025563,2023-08-07 17:30:00,2023,8,7,17,30,24,24156,D710,45.0475,0.857443,Plein jour,Hors agglomération,Hors intersection,Normale,Trois véhicules et plus - collisions multiples,3,2,2,0,1,1,1,0,1,80,3,6,3,0,1,2,73.0,66.0,utilitaire_camion,deux_roues,1,1,1,1,5
202300025564,2023-04-18 18:05:00,2023,4,18,18,5,35,35238,SAINT-JEAN BAPTISTE DE LA SALLE,48.11524,-1.70249,Plein jour,En agglomération,Intersection en T,Normale,Deux véhicules - côté,4,2, -1,0,1,1,1,0,1,50,2,2,1,0,0,1,32.0,87.0,voiture,voiture,1,2,3,1,3
202300025564,2023-04-18 18:05:00,2023,4,18,18,5,35,35238,SAINT-JEAN BAPTISTE DE LA SALLE,48.11524,-1.70249,Plein jour,En agglomération,Intersection en T,Normale,Deux véhicules - côté,4,3,2,2,1,1,1,0,1,50,2,2,1,0,0,1,32.0,87.0,voiture,voiture,1,2,3,1,3
202300025565,2023-08-06 06:15:00,2023,8,6,6,15,04,04113,D900,44.143087,6.294158,Crépuscule ou aube,Hors agglomération,Hors intersection,Normale,Autre collision,3,2,2,0,1,1,1,0,3,80,1,1,0,0,1,0,19.0,,voiture,,2,1,1,1,6
202300025566,2023-04-18 13:20:00,2023,4,18,13,20,33,33318,Allée des Tulipes,44.78996,-0.63451,Plein jour,En agglomération,Giratoire,Normale,Deux véhicules - côté,4,2,2,0,1,1,1,0,1,50,2,2,1,0,0,1,46.0,25.0,voiture,deux_roues,1,2,6,1,3
202300025566,2023-04-18 13:20:00,2023,4,18,13,20,33,33318,Allée des Tulipes,44.78996,-0.63451,Plein jour,En agglomération,Giratoire,Normale,Deux véhicules - côté,4,2,2,2,1,1,1,0,1,50,2,2,1,0,0,1,46.0,25.0,voiture,deux_roues,1,2,6,1,3
202300025567,2023-08-03 11:10:00,2023,8,3,11,10,85,85127,RD21,46.424003,-1.516158,Plein jour,Hors agglomération,Hors intersection,Pluie légère,Deux véhicules - frontale,3,2,2,0,1,2,2,0,1,70,2,4,0,0,1,3,75.0,56.0,voiture,voiture,1,1,1,2,1
202300025568,2023-04-18 14:30:00,2023,4,18,14,30,33,33009,KEMP (RUE ROBERT),44.65744,-1.15857,Plein jour,En agglomération,Intersection en T,Normale,Deux véhicules - côté,4,3,2,0,1,1,1,0,1,50,2,2,1,0,0,1,44.0,65.0,deux_roues,voiture,1,2,3,1,3
202300025568,2023-04-18 14:30:00,2023,4,18,14,30,33,33009,KEMP (RUE ROBERT),44.65744,-1.15857,Plein jour,En agglomération,Intersection en T,Normale,Deux véhicules - côté,4,2,2,0,1,1,1,0,1,50,2,2,1,0,0,1,44.0,65.0,deux_roues,voiture,1,2,3,1,3
202300025569,2023-04-18 21:30:00,2023,4,18,21,30,31,31555,39 Rue Henri Moissan,43.63041,1.45514,Nuit avec éclairage allumé,En agglomération,Hors intersection,Normale,Autre collision,4,1,1,0,1,1,1,0,1,50,1,2,1,0,1,0,19.0,,voiture,,5,2,1,1,6
202300025570,2023-08-06 12:00:00,2023,8,6,12,0,28,28304,N154,48.293601,1.709747,Plein jour,Hors agglomération,Intersection en X,Normale,Deux véhicules - frontale,2,2,2,0,1,1,1,0,1,80,2,3,0,0,2,1,71.0,82.0,voiture,voiture,1,1,2,1,1
202300025570,2023-08-06 12:00:00,2023,8,6,12,0,28,28304,N154,48.293601,1.709747,Plein jour,Hors agglomération,Intersection en X,Normale,Deux véhicules - frontale,2,2,2,0,1,1,1,0,1,80,2,3,0,0,2,1,71.0,82.0,voiture,voiture,1,1,2,1,1
202300025571,2023-04-18 12:05:00,2023,4,18,12,5,31,31555,AV EDOUARD BELIN,43.5702,1.47344,Plein jour,En agglomération,Hors intersection,Normale,Deux véhicules - arrière,4,1,2,0,1,2,1,0,1,50,2,2,1,0,0,1,22.0,21.0,deux_roues,voiture,1,2,1,1,2
202300025572,2023-08-04 13:00:00,2023,8,4,13,0,28,28147,D23,48.516299,1.241444,Plein jour,Hors agglomération,Hors intersection,Pluie forte,Autre collision,3,2,2,0,1,1,2,0,3,80,1,2,0,0,2,0,38.0,,voiture,,1,1,1,3,6
202300025573,2023-04-18 10:10:00,2023,4,18,10,10,31,31555,68 Rue Adolphe Coll,43.59775,1.4225,Plein jour,En agglomération,Hors intersection,Normale,Deux véhicules - côté,4,2,2,0,1,1,1,0,1,50,2,2,1,0,0,1,49.0,20.0,voiture,deux_roues,1,2,1,1,3
202300025574,2023-04-18 09:20:00,2023,4,18,9,20,31,31483,LIBERATION (PLACE DE LA ),43.10933,0.72861,Plein jour,En agglomération,Hors intersection,Normale,Autre collision,3,-1,1,0,1,2,1,0,1,50,1,2,1,0,0,1,53.0,,voiture,,1,2,1,1,6
202300025575,2023-08-03 17:50:00,2023,8,3,17,50,17,17150,D219e4,45.965825,-0.402317,Plein jour,Hors agglomération,Intersection en X,Pluie légère,Deux véhicules - côté,3,2,2,0,1,1,2,5,1,80,2,2,1,0,1,0,15.0,75.0,deux_roues,voiture,1,1,2,2,3
202300025575,2023-08-03 17:50:00,2023,8,3,17,50,17,17150,D219e4,45.965825,-0.402317,Plein jour,Hors agglomération,Intersection en X,Pluie légère,Deux véhicules - côté,3,2,2,-1,1,1,2,5,1,80,2,2,1,0,1,0,15.0,75.0,deux_roues,voiture,1,1,2,2,3
202300025576,2023-04-18 07:50:00,2023,4,18,7,50,30,30007,STALINGRAD (AVENUE DE),44.12504,4.08979,Plein jour,En agglomération,Intersection en T,Normale,Deux véhicules - côté,4,2,2,0,1,1,1,0,1,50,2,2,1,0,0,1,16.0,37.0,deux_roues,voiture,1,2,3,1,3
202300025576,2023-04-18 07:50:00,2023,4,18,7,50,30,30007,STALINGRAD (AVENUE DE),44.12504,4.08979,Plein jour,En agglomération,Intersection en T,Normale,Deux véhicules - côté,4,2,2,0,1,1,1,0,1,50,2,2,1,0,0,1,16.0,37.0,deux_roues,voiture,1,2,3,1,3
202300025577,2023-08-02 17:15:00,2023,8,2,17,15,17,17410,Les Caillebottes,45.362131,-0.722748,Plein jour,Hors agglomération,Hors intersection,Normale,Deux véhicules - arrière,4,2,1,0,1,1,9,0,8,30,2,2,1,0,1,0,16.0,76.0,deux_roues,utilitaire_camion,1,1,1,1,2
202300025578,2023-04-17 20:30:00,2023,4,17,20,30,29,29039,Rue de Keriolet,47.88774,-3.91599,Plein jour,En agglomération,Giratoire,Normale,Deux véhicules - côté,4,2,2,0,2,1,1,0,8,50,2,2,1,0,0,1,17.0,38.0,deux_roues,voiture,1,2,6,1,3
202300025578,2023-04-17 20:30:00,2023,4,17,20,30,29,29039,Rue de Keriolet,47.88774,-3.91599,Plein jour,En agglomération,Giratoire,Normale,Deux véhicules - côté,4,-1,2,0,1,1,1,9,1,50,2,2,1,0,0,1,17.0,38.0,deux_roues,voiture,1,2,6,1,3
202300025579,2023-04-18 19:00:00,2023,4,18,19,0,28,28404,CRECY (ROUTE DE),48.72149,1.32395,Plein jour,En agglomération,Autre intersection,Normale,Autre collision,3,2,2,0,1,1,1,0,1,50,1,1,0,0,0,1,55.0,,deux_roues,,1,2,9,1,6
202300025580,2023-08-05 18:00:00,2023,8,5,18,0,37,37273,ZAC des Fougerolles (Zone commerciale),47.397249,0.784997,Plein jour,Hors agglomération,Hors intersection,Normale,Autre collision,4,1,1,0,1,1,1,0,8,-1,1,2,1,1,0,0,59.0,,voiture,,1,1,1,1,6
202300025581,2023-04-18 10:55:00,2023,4,18,10,55,28,28085,LATHAN (RUE HUBERT),48.45216,1.49762,Plein jour,En agglomération,Autre intersection,Normale,Autre collision,6,-1, -1,-1,1,1,1,0,1,-1,1,2,1,0,0,1,26.0,,voiture,,1,2,9,1,6
202300025582,2023-08-03 09:45:00,2023,8,3,9,45,37,37109,Route de la Pinsonnerie,47.429423,0.582114,Plein jour,Hors agglomération,Hors intersection,Normale,Autre collision,4,2,2,0,1,1,1,0,3,80,1,1,0,0,0,1,18.0,,deux_roues,,1,1,1,1,6
202300025583,2023-04-17 17:35:00,2023,4,17,17,35,25,25056,FONTAINE-ARGENT AVENUE,47.24573,6.0336,Plein jour,En agglomération,Hors intersection,Temps couvert,Deux véhicules - arrière,4,2,2,0,1,1,2,9,6,50,2,3,2,0,0,1,22.0,17.0,deux_roues,deux_roues,1,2,1,8,2
202300025584,2023-08-04 15:10:00,2023,8,4,15,10,37,37050,215 Avenue du Grand Sud,47.323367,0.709652,Plein jour,En agglomération,Hors intersection,Normale,Deux véhicules - côté,6,-1, -1,0,1,1,1,0,8,-1,2,2,1,0,1,0,45.0,49.0,voiture,deux_roues,1,2,1,1,3
202300025585,2023-04-18 14:00:00,2023,4,18,14,0,22,22278,APOLLINAIRE (GUILLAUME),48.49598,-2.74956,Plein jour,En agglomération,Hors intersection,Normale,Trois véhicules et plus - collisions multiples,3,3,0,0,1,1,1,0,1,50,3,4,2,0,0,2,24.0,33.0,voiture,voiture,1,2,1,1,5
202300025586,2023-04-17 00:20:00,2023,4,17,0,20,19,19031,Avenue Edmond Michelet,45.14548412,1.52894497,Nuit sans éclairage public,Hors agglomération,Hors intersection,Normale,Sans collision,3,2,2,0,1,2,1,0,1,90,1,3,0,0,3,0,19.0,,voiture,,3,1,1,1,7
202300025587,2023-08-05 19:00:00,2023,8,5,19,0,30,30346,D981,43.96621,4.509358,Plein jour,Hors agglomération,Hors intersection,Normale,Deux véhicules - arrière,3,2,2,0,1,1,1,0,1,70,2,2,1,0,1,0,47.0,51.0,voiture,deux_roues,1,1,1,1,2
202300025588,2023-04-16 12:05:00,2023,4,16,12,5,19,19031,SEMARD (AVENUE PIERRE) A PARTIR DE N° 75,45.1574,1.52375,Plein jour,En agglomération,Intersection en X,Normale,Deux véhicules - côté,4,2,3,0,1,1,1,0,1,50,2,2,1,0,0,1,32.0,45.0,voiture,deux_roues,1,2,2,1,3
202300025588,2023-04-16 12:05:00,2023,4,16,12,5,19,19031,SEMARD (AVENUE PIERRE) A PARTIR DE N° 75,45.1574,1.52375,Plein jour,En agglomération,Intersection en X,Normale,Deux véhicules - côté,4,2,3,0,1,1,1,0,1,50,2,2,1,0,0,1,32.0,45.0,voiture,deux_roues,1,2,2,1,3
202300025589,2023-08-04 12:30:00,2023,8,4,12,30,30,30055,,44.123206,4.236136,Plein jour,Hors agglomération,Intersection en Y,Normale,Deux véhicules - frontale,3,2,2,0,1,1,1,0,1,80,2,2,1,0,1,0,32.0,25.0,utilitaire_camion,utilitaire_camion,1,1,4,1,1
202300025589,2023-08-04 12:30:00,2023,8,4,12,30,30,30055,,44.123206,4.236136,Plein jour,Hors agglomération,Intersection en Y,Normale,Deux véhicules - frontale,3,2, -1,-1,1,3,1,0,1,-1,2,2,1,0,1,0,32.0,25.0,utilitaire_camion,utilitaire_camion,1,1,4,1,1
202300025590,2023-04-17 19:30:00,2023,4,17,19,30,13,13071,QUICK (CD6),43.41071,5.32595,Plein jour,Hors agglomération,Hors intersection,Normale,Deux véhicules - arrière,3,2,2,0,4,2,1,0,1,50,2,2,1,0,0,1,39.0,44.0,voiture,voiture,1,1,1,1,2
202300025591,2023-08-06 18:50:00,2023,8,6,18,50,88,88116,Route de Travexin,47.951481,6.827118,Plein jour,Hors agglomération,Hors intersection,Normale,Sans collision,3,2,2,0,2,2,2,0,1,70,1,1,0,0,1,0,33.0,,voiture,,1,1,1,1,7
202300025592,2023-04-18 07:30:00,2023,4,18,7,30,13,13203,MIRABEAU (BOULEVARD),43.31427535,5.36974048,Plein jour,En agglomération,Intersection en T,Normale,Deux véhicules - côté,4,2,2,0,1,1,1,0,1,50,2,2,1,0,0,1,33.0,50.0,deux_roues,voiture,1,2,3,1,3
202300025592,2023-04-18 07:30:00,2023,4,18,7,30,13,13203,MIRABEAU (BOULEVARD),43.31427535,5.36974048,Plein jour,En agglomération,Intersection en T,Normale,Deux véhicules - côté,4,1,1,0,1,1,1,0,1,50,2,2,1,0,0,1,33.0,50.0,deux_roues,voiture,1,2,3,1,3
202300025593,2023-04-18 18:10:00,2023,4,18,18,10,13,13005,DIRIGEABLE (AVENUE DU),43.28291,5.60651,Crépuscule ou aube,Hors agglomération,Hors intersection,Normale,Deux véhicules - côté,4,2,2,0,1,1,1,0,1,50,2,2,1,0,0,1,52.0,26.0,transport_commun,voiture,2,1,1,1,3
202300025594,2023-08-04 11:10:00,2023,8,4,11,10,88,88302,Rue du Seu,47.916878,6.791933,Plein jour,Hors agglomération,Intersection en T,Pluie légère,Deux véhicules - arrière,3,2,2,0,2,1,2,0,1,80,2,2,1,0,1,0,70.0,72.0,deux_roues,deux_roues,1,1,3,2,2
202300025594,2023-08-04 11:10:00,2023,8,4,11,10,88,88302,Rue du Seu,47.916878,6.791933,Plein jour,Hors agglomération,Intersection en T,Pluie légère,Deux véhicules - arrière,3,2,2,0,2,1,2,0,1,50,2,2,1,0,1,0,70.0,72.0,deux_roues,deux_roues,1,1,3,2,2
202300025595,2023-04-18 15:00:00,2023,4,18,15,0,13,13070,VOLTAIRE (BOULEVARD),43.28141,5.51613,Plein jour,En agglomération,Intersection en T,Normale,Deux véhicules - côté,4,2,2,0,3,2,1,0,1,50,2,3,2,0,0,1,27.0,38.0,voiture,deux_roues,1,2,3,1,3
202300025595,2023-04-18 15:00:00,2023,4,18,15,0,13,13070,VOLTAIRE (BOULEVARD),43.28141,5.51613,Plein jour,En agglomération,Intersection en T,Normale,Deux véhicules - côté,4,2,2,0,1,1,1,0,1,50,2,3,2,0,0,1,27.0,38.0,voiture,deux_roues,1,2,3,1,3
202300025596,2023-08-06 02:00:00,2023,8,6,2,0,33,33015,"Autoroute A89, PK 020.785, sens PERIGUEUX-BORDEAUX",44.885082,-0.268618,Nuit sans éclairage public,Hors agglomération,Autre intersection,Normale,Autre collision,1,3,2,0,1,1,1,9,8,130,1,2,0,0,2,0,41.0,,voiture,,3,1,9,1,6
202300025597,2023-04-18 20:00:00,2023,4,18,20,0,13,13001,ROI RENE (BD DU),43.52434,5.45262,Crépuscule ou aube,En agglomération,Hors intersection,Normale,Sans collision,4,1,2,0,1,1,1,0,1,50,1,1,0,0,0,1,20.0,,deux_roues,,2,2,1,1,7
202300025598,2023-04-17 17:40:00,2023,4,17,17,40,11,11069,Rue de Verdun,43.21261081,2.35067791,Plein jour,En agglomération,Hors intersection,Normale,Autre collision,4,1,1,0,1,1,1,0,1,50,1,2,1,0,0,1,49.0,,voiture,,1,2,1,1,6
202300025599,2023-04-18 23:30:00,2023,4,18,23,30,06,06088,MONTEL (BD PAUL),43.67571,7.20736,Nuit avec éclairage allumé,En agglomération,Hors intersection,Normale,Deux véhicules - côté,4,1,2,0,1,1,1,0,1,50,2,2,1,0,0,1,43.0,43.0,deux_roues,voiture,5,2,1,1,3
202300025600,2023-08-07 01:45:00,2023,8,7,1,45,68,68252,RD83 PK 051+800 SENS SUD NORD,48.141234,7.366419,Nuit sans éclairage public,Hors agglomération,Hors intersection,Normale,Deux véhicules - côté,3,3,2,0,1,3,1,0,1,110,2,5,4,0,1,0,36.0,23.0,voiture,voiture,3,1,1,1,3
202300025601,2023-04-18 17:40:00,2023,4,18,17,40,75,75118,PORTE DE SAINT OUEN,48.900616,2.330349,Plein jour,En agglomération,Hors intersection,Normale,Deux véhicules - arrière,4,1,4,0,1,1,1,0,1,70,2,2,1,0,0,1,51.0,41.0,voiture,deux_roues,1,2,1,1,2
202300025602,2023-04-18 17:05:00,2023,4,18,17,5,75,75118,PORTE DE CLIGNANCOURT,48.901194,2.350747,Plein jour,En agglomération,Hors intersection,Normale,Deux véhicules - côté,4,2,4,0,1,1,1,0,1,70,2,2,1,0,0,1,64.0,41.0,deux_roues,voiture,1,2,1,1,3
202300025603,2023-08-05 18:45:00,2023,8,5,18,45,973,97307,Rue Ebene Verte,4.844012,-52.323326,Crépuscule ou aube,En agglomération,Intersection en X,Normale,Deux véhicules - côté,4,1, -1,-1,1,1,1,0,1,-1,2,3,2,0,1,0,21.0,22.0,voiture,deux_roues,2,2,2,1,3
202300025603,2023-08-05 18:45:00,2023,8,5,18,45,973,97307,Rue Ebene Verte,4.844012,-52.323326,Crépuscule ou aube,En agglomération,Intersection en X,Normale,Deux véhicules - côté,4,2,2,0,1,1,1,5,1,50,2,3,2,0,1,0,21.0,22.0,voiture,deux_roues,2,2,2,1,3