accident_id,datetime,annee,mois,jour,heure,minute,departement,commune_insee,adresse,latitude,longitude,luminosite,agglomeration,intersection,meteo,collision,catr,circ,nbv,vosp,prof,plan,surf,infra,situ,vma,nb_vehicules,nb_usagers,nb_indemnes,nb_tues,nb_blesses_hosp,nb_blesses_legers,age_cond_1,age_cond_2,veh_type_cond_1,veh_type_cond_2,lum_code,agg_code,int_code,atm_code,col_code
202300025669,2023-04-18 17:40:00,2023,4,18,17,40,11,11203,1a Avenue Georges Clémenceau,43.20012,2.76451,Plein jour,En agglomération,Hors intersection,Normale,Autre collision,3,-1,3,0,1,1,1,0,1,50,1,1,0,0,1,0,68.0,,deux_roues,,1,2,1,1,6
202300025670,2023-08-05 16:30:00,2023,8,5,16,30,971,97118,Daubin,16.223771,-61.602799,Plein jour,En agglomération,Hors intersection,Normale,Deux véhicules - côté,3,2,2,0,1,1,1,0,1,50,2,2,1,0,1,0,31.0,33.0,deux_roues,voiture,1,2,1,1,3
202300025671,2023-01-24 07:25:00,2023,1,24,7,25,76,76540,Rue d'Ornay,49.44323,1.12272,Crépuscule ou aube,En agglomération,Intersection en X,Normale,Deux véhicules - côté,4,2,2,0,1,1,1,0,1,30,2,2,1,0,0,1,31.0,51.0,voiture,voiture,2,2,2,1,3
202300025671,2023-01-24 07:25:00,2023,1,24,7,25,76,76540,Rue d'Ornay,49.44323,1.12272,Crépuscule ou aube,En agglomération,Intersection en X,Normale,Deux véhicules - côté,4,2,2,0,1,1,1,0,1,30,2,2,1,0,0,1,31.0,51.0,voiture,voiture,2,2,2,1,3
202300025672,2023-04-19 13:50:00,2023,4,19,13,50,84,84091,2167 Avenue de Provence,44.174479,4.761618,Plein jour,En agglomération,Intersection en T,Normale,Deux véhicules - côté,2,2,2,0,1,1,1,0,1,50,2,2,1,0,1,0,58.0,16.0,voiture,deux_roues,1,2,3,1,3
202300025672,2023-04-19 13:50:00,2023,4,19,13,50,84,84091,2167 Avenue de Provence,44.174479,4.761618,Plein jour,En agglomération,Intersection en T,Normale,Deux véhicules - côté,2,-1, -1,-1,1,1,1,0,1,-1,2,2,1,0,1,0,58.0,16.0,voiture,deux_roues,1,2,3,1,3
202300025673,2023-01-24 15:45:00,2023,1,24,15,45,76,76351,BELLOT,49.48534,0.1271,Plein jour,En agglomération,Intersection en T,Normale,Deux véhicules - frontale,4,2,2,0,1,1,1,0,1,50,2,2,1,0,1,0,24.0,23.0,voiture,deux_roues,1,2,3,1,1
202300025673,2023-01-24 15:45:00,2023,1,24,15,45,76,76351,BELLOT,49.48534,0.1271,Plein jour,En agglomération,Intersection en T,Normale,Deux véhicules - frontale,4,2,2,0,1,1,1,0,1,50,2,2,1,0,1,0,24.0,23.0,voiture,deux_roues,1,2,3,1,1
202300025674,2023-04-19 08:30:00,2023,4,19,8,30,30,30076,Rue de Bagnols,44.113315,4.524043,Plein jour,En agglomération,Hors intersection,Normale,Autre collision,3,2,2,0,1,2,1,9,1,30,2,2,1,0,0,1,24.0,49.0,voiture,voiture,1,2,1,1,6
202300025675,2023-08-06 02:45:00,2023,8,6,2,45,971,97114,N1,16.144835,-61.582811,Nuit sans éclairage public,Hors agglomération,Hors intersection,Normale,Deux véhicules - frontale,2,2,2,0,1,1,1,0,1,80,2,4,0,0,4,0,21.0,63.0,voiture,voiture,3,1,1,1,1
202300025676,2023-04-18 17:00:00,2023,4,18,17,0,56,56243,route de l'hippodrome,47.635755,-2.723558,Plein jour,En agglomération,Hors intersection,Normale,Autre collision,4,3,2,0,1,1,1,0,6,50,1,2,0,0,2,0,34.0,,deux_roues,,1,2,1,1,6
202300025677,2023-01-24 09:00:00,2023,1,24,9,0,71,71486,WALDECK ROCHET (AVENUE),46.663202,4.369903,Plein jour,En agglomération,Intersection en X,Normale,Deux véhicules - côté,4,2,2,0,1,1,1,5,1,-1,2,3,2,0,0,1,45.0,35.0,voiture,voiture,1,2,2,1,3
202300025677,2023-01-24 09:00:00,2023,1,24,9,0,71,71486,WALDECK ROCHET (AVENUE),46.663202,4.369903,Plein jour,En agglomération,Intersection en X,Normale,Deux véhicules - côté,4,2,2,0,1,1,1,0,1,50,2,3,2,0,0,1,45.0,35.0,voiture,voiture,1,2,2,1,3
202300025678,2023-04-19 16:00:00,2023,4,19,16,0,82,82025,4195 Route de Montbartier,43.968446,1.320822,Plein jour,Hors agglomération,Intersection en X,Normale,Deux véhicules - côté,3,2,2,0,1,1,1,0,1,70,2,2,1,0,0,1,18.0,34.0,deux_roues,utilitaire_camion,1,1,2,1,3
202300025678,2023-04-19 16:00:00,2023,4,19,16,0,82,82025,4195 Route de Montbartier,43.968446,1.320822,Plein jour,Hors agglomération,Intersection en X,Normale,Deux véhicules - côté,3,2,2,0,1,1,1,0,1,70,2,2,1,0,0,1,18.0,34.0,deux_roues,utilitaire_camion,1,1,2,1,3
202300025679,2023-08-03 15:05:00,2023,8,3,15,5,972,97228,route nationale 1 belle étoile,14.76982,-60.985574,Plein jour,En agglomération,Hors intersection,Normale,Deux véhicules - frontale,2,2,2,0,1,1,1,0,1,80,2,4,3,0,1,0,44.0,60.0,voiture,voiture,1,2,1,1,1
202300025680,2023-01-25 08:55:00,2023,1,25,8,55,67,67482,SOLEURE (RUE DE),48.5775,7.75478,Plein jour,En agglomération,Intersection en T,Temps couvert,Deux véhicules - côté,4,2,2,0,1,1,1,0,1,50,2,2,1,0,0,1,50.0,25.0,voiture,voiture,1,2,3,8,3
202300025680,2023-01-25 08:55:00,2023,1,25,8,55,67,67482,SOLEURE (RUE DE),48.5775,7.75478,Plein jour,En agglomération,Intersection en T,Temps couvert,Deux véhicules - côté,4,2,2,2,1,1,1,0,1,50,2,2,1,0,0,1,50.0,25.0,voiture,voiture,1,2,3,8,3
202300025681,2023-04-19 15:40:00,2023,4,19,15,40,63,63139,ROUTE DÉPARTEMENTALE 906,45.37334467,3.75282142,Plein jour,Hors agglomération,Hors intersection,Normale,Deux véhicules - frontale,3,2,2,0,2,1,1,0,1,90,2,6,0,0,3,3,72.0,43.0,voiture,voiture,1,1,1,1,1
202300025682,2023-08-06 08:10:00,2023,8,6,8,10,44,44020,,47.169235,-1.651683,Plein jour,Hors agglomération,Hors intersection,Normale,Autre collision,3,3,2,0,1,1,1,0,3,110,1,1,0,0,1,0,49.0,,voiture,,1,1,1,1,6
202300025683,2023-04-18 14:40:00,2023,4,18,14,40,63,63296,Route départementale 10,45.775268,3.382866,Plein jour,Hors agglomération,Autre intersection,Normale,Deux véhicules - côté,3,2,2,0,1,1,1,2,1,80,2,2,0,0,1,1,53.0,28.0,voiture,voiture,1,1,9,1,3
202300025684,2023-01-24 23:09:00,2023,1,24,23,9,67,67482,KELLERMANN (QUAI),48.58604,7.74508,Nuit avec éclairage allumé,En agglomération,Hors intersection,Normale,Autre collision,4,1,2,3,1,1,1,2,1,30,1,2,1,0,0,1,53.0,,transport_commun,,5,2,1,1,6
202300025685,2023-04-19 09:25:00,2023,4,19,9,25,61,61063,D924,48.710156,-0.390736,Plein jour,Hors agglomération,Hors intersection,Normale,Sans collision,3,2,2,0,2,1,1,0,1,90,1,1,0,0,0,1,54.0,,utilitaire_camion,,1,1,1,1,7
202300025686,2023-08-02 18:00:00,2023,8,2,18,0,33,33214,Avenue du Cantabria,45.006928,-1.193025,Plein jour,En agglomération,Intersection en T,Normale,Deux véhicules - frontale,4,2,2,0,1,1,1,5,1,50,2,2,1,0,1,0,52.0,59.0,deux_roues,voiture,1,2,3,1,1
202300025686,2023-08-02 18:00:00,2023,8,2,18,0,33,33214,Avenue du Cantabria,45.006928,-1.193025,Plein jour,En agglomération,Intersection en T,Normale,Deux véhicules - frontale,4,2,2,-1,1,1,1,0,1,50,2,2,1,0,1,0,52.0,59.0,deux_roues,voiture,1,2,3,1,1
202300025687,2023-01-24 17:00:00,2023,1,24,17,0,67,67482,LOUIS PASTEUR (QUAI),48.57431,7.73997,Nuit avec éclairage allumé,En agglomération,Hors intersection,Normale,Trois véhicules et plus - en chaîne,4,2,4,3,1,1,1,0,1,50,3,5,3,0,0,2,65.0,38.0,voiture,voiture,5,2,1,1,4
202300025688,2023-04-19 10:10:00,2023,4,19,10,10,61,61240,D958,48.626884,0.131138,Plein jour,Hors agglomération,Intersection en T,Normale,Trois véhicules et plus - en chaîne,3,2,2,0,2,1,1,0,1,90,3,3,0,0,0,3,31.0,44.0,voiture,utilitaire_camion,1,1,3,1,4
202300025688,2023-04-19 10:10:00,2023,4,19,10,10,61,61240,D958,48.626884,0.131138,Plein jour,Hors agglomération,Intersection en T,Normale,Trois véhicules et plus - en chaîne,3,2,2,0,3,1,1,0,1,80,3,3,0,0,0,3,31.0,44.0,voiture,utilitaire_camion,1,1,3,1,4
202300025689,2023-08-04 08:15:00,2023,8,4,8,15,37,37118,D16,47.207839,0.253909,Plein jour,Hors agglomération,Intersection en X,Autre,Deux véhicules - frontale,3,2,2,0,1,1,2,0,1,80,2,2,1,0,1,0,46.0,19.0,voiture,deux_roues,1,1,2,9,1
202300025689,2023-08-04 08:15:00,2023,8,4,8,15,37,37118,D16,47.207839,0.253909,Plein jour,Hors agglomération,Intersection en X,Autre,Deux véhicules - frontale,3,2,2,0,1,1,2,0,1,80,2,2,1,0,1,0,46.0,19.0,voiture,deux_roues,1,1,2,9,1
202300025690,2023-04-18 23:52:00,2023,4,18,23,52,49,49125,Boulevard du docteur lionet,47.188371,-0.288568,Nuit sans éclairage public,En agglomération,Giratoire,Normale,Autre collision,4,2,2,0,1,1,1,5,8,50,1,1,0,1,0,0,32.0,,deux_roues,,3,2,6,1,6
202300025691,2023-01-22 00:30:00,2023,1,22,0,30,67,67204,FONTAINE (RUE DE LA),48.62468,7.73961,Nuit avec éclairage allumé,Hors agglomération,Hors intersection,Neige / grêle,Autre collision,7,2,2,0,1,1,5,0,1,70,1,3,0,0,1,2,19.0,,voiture,,5,1,1,4,6
202300025692,2023-08-04 20:40:00,2023,8,4,20,40,77,77486,D2a,48.702046,3.10112,Crépuscule ou aube,Hors agglomération,Hors intersection,Normale,Autre collision,3,2,2,0,1,3,1,0,1,80,1,1,0,1,0,0,25.0,,voiture,,2,1,1,1,6
202300025693,2023-04-19 10:25:00,2023,4,19,10,25,12,12107,Route de Rodez,44.363632,2.89479,Plein jour,Hors agglomération,Hors intersection,Normale,Autre collision,2,2,2,0,1,1,1,0,3,80,1,4,0,0,1,3,55.0,,voiture,,1,1,1,1,6
202300025694,2023-01-24 18:08:00,2023,1,24,18,8,66,66136,,42.69482,2.889091,Crépuscule ou aube,En agglomération,Intersection en T,Normale,Deux véhicules - côté,4,1,2,0,1,1,1,0,8,30,2,2,1,0,0,1,25.0,31.0,voiture,deux_roues,2,2,3,1,3
202300025694,2023-01-24 18:08:00,2023,1,24,18,8,66,66136,,42.69482,2.889091,Crépuscule ou aube,En agglomération,Intersection en T,Normale,Deux véhicules - côté,4,2,4,0,1,1,1,0,1,30,2,2,1,0,0,1,25.0,31.0,voiture,deux_roues,2,2,3,1,3
202300025695,2023-08-04 11:50:00,2023,8,4,11,50,95,95348,D14,49.074133,1.952852,Plein jour,Hors agglomération,Hors intersection,Normale,Deux véhicules - arrière,3,3,2,0,1,1,1,0,1,110,2,4,3,0,0,1,50.0,42.0,voiture,voiture,1,1,1,1,2
202300025696,2023-01-25 08:30:00,2023,1,25,8,30,62,62907,D917,50.485172,2.985604,Plein jour,Hors agglomération,Autre intersection,Normale,Deux véhicules - frontale,3,3,0,0,1,1,1,3,1,50,2,1,0,0,1,0,30.0,,deux_roues,,1,1,9,1,1
202300025697,2023-04-13 17:33:00,2023,4,13,17,33,68,68059,D83,47.730116,7.161992,Plein jour,Hors agglomération,Hors intersection,Normale,Trois véhicules et plus - collisions multiples,3,3,2,0,1,1,1,0,1,110,4,4,2,0,0,2,39.0,35.0,voiture,voiture,1,1,1,1,5
202300025698,2023-08-05 03:10:00,2023,8,5,3,10,91,91661,Avenue de la Plesse,48.697929,2.2487,Nuit sans éclairage public,Hors agglomération,Hors intersection,Normale,Deux véhicules - frontale,3,2,2,0,1,1,1,0,1,70,2,4,0,0,1,3,19.0,21.0,voiture,voiture,3,1,1,1,1
202300025699,2023-01-20 16:10:00,2023,1,20,16,10,59,59527,LECLERC RUE DU GENERAL,50.66608,3.04998,Plein jour,En agglomération,Hors intersection,Normale,Autre collision,7,2,1,0,1,1,1,0,1,50,1,2,1,0,0,1,65.0,,voiture,,1,2,1,1,6
202300025700,2023-08-07 09:55:00,2023,8,7,9,55,91,91038,Route de Villeneuve,48.484937,2.229323,Plein jour,Hors agglomération,Hors intersection,Normale,Sans collision,4,2,2,0,1,1,1,0,1,50,1,1,0,1,0,0,89.0,,voiture,,1,1,1,1,7
202300025701,2023-01-25 08:15:00,2023,1,25,8,15,59,59350,FAUBOURG D'ARRAS RUE,50.60381448,3.05665612,Plein jour,En agglomération,Hors intersection,Normale,Deux véhicules - côté,7,2,4,3,1,1,1,0,1,50,2,2,1,0,0,1,42.0,42.0,deux_roues,voiture,1,2,1,1,3
202300025702,2023-04-18 22:41:00,2023,4,18,22,41,68,68078,D83,48.046784,7.322747,Nuit sans éclairage public,Hors agglomération,Hors intersection,Normale,Deux véhicules - frontale,3,-1,1,0,1,3,1,0,1,80,2,5,2,0,1,2,40.0,61.0,voiture,voiture,3,1,1,1,1
202300025703,2023-01-24 13:40:00,2023,1,24,13,40,55,55545,MISS SIBLEY,49.15177,5.39578,Plein jour,En agglomération,Hors intersection,Normale,Deux véhicules - côté,4,2,2,0,1,1,1,0,1,50,2,2,1,0,1,0,58.0,57.0,deux_roues,utilitaire_camion,1,2,1,1,3
202300025704,2023-04-15 20:15:00,2023,4,15,20,15,35,35306,d76,48.579957,-1.916728,Crépuscule ou aube,Hors agglomération,Intersection en X,Normale,Autre collision,3,2,2,0,1,2,1,0,3,80,1,1,0,0,1,0,43.0,,deux_roues,,2,1,2,1,6
202300025704,2023-04-15 20:15:00,2023,4,15,20,15,35,35306,d76,48.579957,-1.916728,Crépuscule ou aube,Hors agglomération,Intersection en X,Normale,Autre collision,3,2,2,0,1,1,1,0,3,80,1,1,0,0,1,0,43.0,,deux_roues,,2,1,2,1,6
202300025705,2023-04-10 22:10:00,2023,4,10,22,10,29,29281,Kerveguen,47.993167,-3.815104,Nuit sans éclairage public,Hors agglomération,Hors intersection,Normale,Autre collision,4,2,2,0,1,1,1,0,3,80,1,1,0,0,0,1,27.0,,utilitaire_camion,,3,1,1,1,6
202300025706,2023-08-05 09:25:00,2023,8,5,9,25,2B,2B193,francardo T20,42.386991,9.193078,Plein jour,Hors agglomération,Hors intersection,Normale,Deux véhicules - frontale,2,2,2,0,1,1,1,0,1,70,3,4,1,0,0,3,20.0,49.0,voiture,utilitaire_camion,1,1,1,1,1
202300025707,2023-01-25 10:49:00,2023,1,25,10,49,49,49267,TAILLANDERIE,47.46884,-0.50133,Plein jour,En agglomération,Intersection en T,Normale,Deux véhicules - côté,4,2, -1,-1,1,1,1,0,1,-1,2,2,1,0,0,1,43.0,54.0,deux_roues,voiture,1,2,3,1,3
202300025707,2023-01-25 10:49:00,2023,1,25,10,49,49,49267,TAILLANDERIE,47.46884,-0.50133,Plein jour,En agglomération,Intersection en T,Normale,Deux véhicules - côté,4,2,2,0,1,1,1,0,1,50,2,2,1,0,0,1,43.0,54.0,deux_roues,voiture,1,2,3,1,3
202300025708,2023-04-18 19:30:00,2023,4,18,19,30,29,29031,Route de Lorient,47.798591,-3.522878,Plein jour,Hors agglomération,Hors intersection,Normale,Deux véhicules - arrière,3,2,2,0,2,3,1,0,1,50,2,2,1,0,1,0,41.0,17.0,voiture,deux_roues,1,1,1,1,2
202300025709,2023-01-24 18:45:00,2023,1,24,18,45,49,49007,GAULLE BOULEVARD CHARLES DE,47.46937,-0.5606,Nuit avec éclairage allumé,En agglomération,Hors intersection,Normale,Deux véhicules - arrière,4,2,7,3,2,1,1,0,1,50,2,3,2,0,0,1,47.0,34.0,voiture,voiture,5,2,1,1,2
202300025710,2023-08-07 14:45:00,2023,8,7,14,45,2B,2B199,route territoriale 30,42.652408,9.073784,Plein jour,Hors agglomération,Hors intersection,Normale,Deux véhicules - arrière,2,2,2,0,1,1,1,0,1,80,2,2,1,0,1,0,56.0,58.0,deux_roues,voiture,1,1,1,1,2
202300025711,2023-01-24 17:20:00,2023,1,24,17,20,49,49007,FOCH BOULEVARD,47.46813,-0.5507,Crépuscule ou aube,En agglomération,Hors intersection,Normale,Deux véhicules - arrière,4,3,4,3,1,1,1,0,1,30,2,2,1,0,0,1,20.0,49.0,voiture,voiture,2,2,1,1,2
202300025712,2023-08-07 09:40:00,2023,8,7,9,40,2B,2B314,PSITE DE SALECCIA - CASTA,42.683823,9.176674,Plein jour,Hors agglomération,Hors intersection,Normale,Sans collision,9,2,2,0,2,3,9,0,1,30,1,2,1,0,0,1,22.0,,deux_roues,,1,1,1,1,7
202300025713,2023-04-19 08:30:00,2023,4,19,8,30,31,31160,Route de Toulouse,43.67852702,1.26580779,Plein jour,Hors agglomération,Hors intersection,Normale,Deux véhicules - côté,2,2,2,0,1,1,1,0,1,70,2,2,1,0,1,0,38.0,47.0,voiture,deux_roues,1,1,1,1,3
202300025714,2023-01-24 04:45:00,2023,1,24,4,45,49,49015,219 Avenue Pierre Mendès-France,47.50671,-0.58967,Nuit avec éclairage non allumé,En agglomération,Hors intersection,Normale,Autre collision,4,3,2,0,1,1,1,9,1,30,1,1,0,0,0,1,52.0,,deux_roues,,4,2,1,1,6
202300025715,2023-08-06 06:00:00,2023,8,6,6,0,2B,2B188,Pont de Torreno,42.592616,9.363651,Crépuscule ou aube,Hors agglomération,Hors intersection,Normale,Sans collision,3,2,2,0,2,4,1,2,3,80,1,1,0,1,0,0,60.0,,voiture,,2,1,1,1,7
202300025716,2023-04-19 06:20:00,2023,4,19,6,20,02,02810,1 Rue Lavoisier,49.253171,3.097495,Crépuscule ou aube,En agglomération,Hors intersection,Normale,Autre collision,3,2,2,0,1,2,1,0,4,50,1,1,0,0,1,0,22.0,,voiture,,2,2,1,1,6
202300025717,2023-01-25 07:55:00,2023,1,25,7,55,45,45284,D2060 PR 90 + 325,47.92302,1.9936,Crépuscule ou aube,Hors agglomération,Hors intersection,Pluie légère,Trois véhicules et plus - en chaîne,3,3,4,0,1,1,2,0,1,110,5,5,4,0,0,1,57.0,36.0,voiture,voiture,2,1,1,2,4
202300025718,2023-08-06 10:45:00,2023,8,6,10,45,34,34213,Avenue de Sète,43.474513,3.678424,Plein jour,Hors agglomération,Intersection en T,Normale,Deux véhicules - côté,3,2,2,0,1,1,1,0,1,-1,2,2,1,0,1,0,61.0,27.0,voiture,deux_roues,1,1,3,1,3
202300025718,2023-08-06 10:45:00,2023,8,6,10,45,34,34213,Avenue de Sète,43.474513,3.678424,Plein jour,Hors agglomération,Intersection en T,Normale,Deux véhicules - côté,3,2,1,0,1,1,1,0,1,-1,2,2,1,0,1,0,61.0,27.0,voiture,deux_roues,1,1,3,1,3
202300025719,2023-04-18 17:20:00,2023,4,18,17,20,01,01050,Route de Saint Jean,46.384173,4.998641,Plein jour,En agglomération,Intersection en T,Normale,Deux véhicules - arrière,3,2,2,0,1,1,1,0,1,50,2,2,1,0,1,0,17.0,34.0,deux_roues,voiture,1,2,3,1,2
202300025719,2023-04-18 17:20:00,2023,4,18,17,20,01,01050,Route de Saint Jean,46.384173,4.998641,Plein jour,En agglomération,Intersection en T,Normale,Deux véhicules - arrière,3,2,2,0,1,1,1,0,1,50,2,2,1,0,1,0,17.0,34.0,deux_roues,voiture,1,2,3,1,2
202300025720,2023-01-24 19:15:00,2023,1,24,19,15,44,44184,47 Boulevard du Moulin de La Butte,47.2865,-2.2185,Nuit avec éclairage allumé,En agglomération,Intersection à plus de 4 branches,Normale,Deux véhicules - côté,4,2,2,0,1,1,1,0,1,50,2,2,1,0,1,0,40.0,40.0,deux_roues,voiture,5,2,5,1,3
202300025720,2023-01-24 19:15:00,2023,1,24,19,15,44,44184,47 Boulevard du Moulin de La Butte,47.2865,-2.2185,Nuit avec éclairage allumé,En agglomération,Intersection à plus de 4 branches,Normale,Deux véhicules - côté,4,2,2,0,1,1,1,0,1,50,2,2,1,0,1,0,40.0,40.0,deux_roues,voiture,5,2,5,1,3
202300025721,2023-08-05 19:20:00,2023,8,5,19,20,34,34063,D13e5,43.493997,3.383446,Plein jour,Hors agglomération,Hors intersection,Normale,Deux véhicules - frontale,3,2,2,0,1,1,1,0,1,90,2,2,0,0,1,1,30.0,38.0,voiture,voiture,1,1,1,1,1
202300025722,2023-01-25 03:50:00,2023,1,25,3,50,44,44162,Rue de la Syonnière,47.24727,-1.64693,Nuit sans éclairage public,Hors agglomération,Hors intersection,Normale,Autre collision,4,2,2,0,2,3,1,0,1,80,1,2,0,2,0,0,22.0,,voiture,,3,1,1,1,6
202300025723,2023-04-19 11:10:00,2023,4,19,11,10,70,70292,Avenue Victor Hugo,47.828003,5.89912,Plein jour,En agglomération,Giratoire,Normale,Deux véhicules - côté,3,2,1,0,1,1,1,5,1,50,2,2,1,0,1,0,91.0,74.0,voiture,deux_roues,1,2,6,1,3
202300025723,2023-04-19 11:10:00,2023,4,19,11,10,70,70292,Avenue Victor Hugo,47.828003,5.89912,Plein jour,En agglomération,Giratoire,Normale,Deux véhicules - côté,3,2, -1,-1,1,1,1,5,1,-1,2,2,1,0,1,0,91.0,74.0,voiture,deux_roues,1,2,6,1,3
202300025723,2023-04-19 11:10:00,2023,4,19,11,10,70,70292,Avenue Victor Hugo,47.828003,5.89912,Plein jour,En agglomération,Giratoire,Normale,Deux véhicules - côté,3,2, -1,-1,1,2,1,5,1,-1,2,2,1,0,1,0,91.0,74.0,voiture,deux_roues,1,2,6,1,3
202300025724,2023-08-04 10:00:00,2023,8,4,10,0,34,34145,Avenue de Mauguio,43.67417,4.127667,Plein jour,En agglomération,Intersection en Y,Normale,Deux véhicules - côté,3,2,2,0,1,1,1,0,1,50,2,2,1,0,0,1,55.0,75.0,voiture,deux_roues,1,2,4,1,3
202300025724,2023-08-04 10:00:00,2023,8,4,10,0,34,34145,Avenue de Mauguio,43.67417,4.127667,Plein jour,En agglomération,Intersection en Y,Normale,Deux véhicules - côté,3,1, -1,-1,1,1,1,0,1,-1,2,2,1,0,0,1,55.0,75.0,voiture,deux_roues,1,2,4,1,3
202300025725,2023-01-25 18:10:00,2023,1,25,18,10,41,41018,VENDOME (AVENUE DE),47.581535,1.3060893,Plein jour,En agglomération,Hors intersection,Normale,Deux véhicules - arrière,4,2,2,1,1,1,1,0,5,50,2,2,1,0,0,1,24.0,39.0,deux_roues,voiture,1,2,1,1,2
202300025726,2023-04-19 14:50:00,2023,4,19,14,50,05,05045,RN 94,44.532631,6.454597,Plein jour,Hors agglomération,Hors intersection,Normale,Deux véhicules - côté,2,2,3,0,2,1,1,0,1,90,2,3,1,0,0,2,37.0,27.0,voiture,utilitaire_camion,1,1,1,1,3
202300025727,2023-08-04 02:00:00,2023,8,4,2,0,84,84147,D973,43.702475,5.443425,Nuit sans éclairage public,Hors agglomération,Autre intersection,Normale,Sans collision,3,2,2,0,1,2,1,0,8,70,1,3,0,0,0,3,24.0,,voiture,,3,1,9,1,7
202300025728,2023-01-25 18:45:00,2023,1,25,18,45,37,37122,MARTYRS (RUE DES),47.35514,0.66696,Nuit avec éclairage allumé,En agglomération,Intersection en T,Normale,Deux véhicules - côté,4,2,2,0,2,1,1,0,1,50,2,2,1,0,0,1,29.0,21.0,voiture,voiture,5,2,3,1,3
202300025728,2023-01-25 18:45:00,2023,1,25,18,45,37,37122,MARTYRS (RUE DES),47.35514,0.66696,Nuit avec éclairage allumé,En agglomération,Intersection en T,Normale,Deux véhicules - côté,4,2,2,0,1,1,1,0,1,50,2,2,1,0,0,1,29.0,21.0,voiture,voiture,5,2,3,1,3
202300025729,2023-07-29 16:30:00,2023,7,29,16,30,83,83027,D66,43.201782,5.735362,Plein jour,Hors agglomération,Hors intersection,Normale,Sans collision,3,2,2,0,2,1,1,0,1,80,1,1,0,0,1,0,54.0,,deux_roues,,1,1,1,1,7
202300025730,2023-04-18 14:20:00,2023,4,18,14,20,64,64405,RD 943,43.338273,-0.263811,Plein jour,Hors agglomération,Hors intersection,Normale,Deux véhicules - frontale,3,2,2,0,2,3,1,0,1,80,2,3,2,0,0,1,23.0,29.0,voiture,voiture,1,1,1,1,1
202300025731,2023-01-25 05:55:00,2023,1,25,5,55,37,37261,RABELAIS (PLACE),47.38455,0.67689,Nuit avec éclairage allumé,En agglomération,Intersection en X,Normale,Sans collision,4,2,3,2,1,1,1,5,1,30,1,1,0,0,0,1,54.0,,deux_roues,,5,2,2,1,7
202300025731,2023-01-25 05:55:00,2023,1,25,5,55,37,37261,RABELAIS (PLACE),47.38455,0.67689,Nuit avec éclairage allumé,En agglomération,Intersection en X,Normale,Sans collision,4,2,3,1,1,1,1,5,1,30,1,1,0,0,0,1,54.0,,deux_roues,,5,2,2,1,7
202300025731,2023-01-25 05:55:00,2023,1,25,5,55,37,37261,RABELAIS (PLACE),47.38455,0.67689,Nuit avec éclairage allumé,En agglomération,Intersection en X,Normale,Sans collision,4,4,12,2,1,1,1,5,1,30,1,1,0,0,0,1,54.0,,deux_roues,,5,2,2,1,7
202300025732,2023-04-18 15:15:00,2023,4,18,15,15,18,18165,,47.344043,2.302344,Plein jour,Hors agglomération,Hors intersection,Normale,Deux véhicules - frontale,3,2,2,0,1,1,1,0,1,80,2,2,0,0,2,0,46.0,52.0,voiture,utilitaire_camion,1,1,1,1,1
202300025733,2023-01-25 13:50:00,2023,1,25,13,50,35,35278,RD 29,48.1582,-1.6974,Plein jour,Hors agglomération,Intersection en T,Normale,Deux véhicules - arrière,3,2,2,0,1,1,1,0,1,80,2,2,1,0,0,1,44.0,56.0,utilitaire_camion,voiture,1,1,3,1,2
202300025733,2023-01-25 13:50:00,2023,1,25,13,50,35,35278,RD 29,48.1582,-1.6974,Plein jour,Hors agglomération,Intersection en T,Normale,Deux véhicules - arrière,3,2,2,0,1,1,1,0,1,80,2,2,1,0,0,1,44.0,56.0,utilitaire_camion,voiture,1,1,3,1,2
202300025734,2023-08-05 16:00:00,2023,8,5,16,0,83,83127,Route de Marseille,43.270894,5.790675,Plein jour,Hors agglomération,Hors intersection,Normale,Deux véhicules - frontale,3,2,2,0,1,1,1,0,1,80,2,7,0,0,6,1,57.0,45.0,voiture,voiture,1,1,1,1,1
202300025735,2023-04-18 12:15:00,2023,4,18,12,15,16,16194,D88,45.937913,-0.067938,Plein jour,Hors agglomération,Intersection en X,Normale,Deux véhicules - côté,3,2,2,0,1,1,1,0,1,80,2,2,0,0,1,1,64.0,44.0,voiture,voiture,1,1,2,1,3
202300025735,2023-04-18 12:15:00,2023,4,18,12,15,16,16194,D88,45.937913,-0.067938,Plein jour,Hors agglomération,Intersection en X,Normale,Deux véhicules - côté,3,-1,2,0,1,1,1,0,1,80,2,2,0,0,1,1,64.0,44.0,voiture,voiture,1,1,2,1,3
202300025736,2023-01-24 08:20:00,2023,1,24,8,20,34,34003,19 Avenue du 8 Mai 1945,43.3169,3.475,Plein jour,En agglomération,Hors intersection,Normale,Deux véhicules - arrière,4,1,2,0,1,2,1,9,6,50,2,2,1,0,0,1,19.0,42.0,deux_roues,voiture,1,2,1,1,2
202300025737,2023-04-18 17:30:00,2023,4,18,17,30,37,37179,D77,47.44980299,0.72437831,Plein jour,En agglomération,Intersection en Y,Normale,Deux véhicules - côté,3,2,2,0,1,1,1,0,1,50,2,2,1,0,0,1,35.0,36.0,voiture,deux_roues,1,2,4,1,3