accident_id,datetime,annee,mois,jour,heure,minute,departement,commune_insee,adresse,latitude,longitude,luminosite,agglomeration,intersection,meteo,collision,catr,circ,nbv,vosp,prof,plan,surf,infra,situ,vma,nb_vehicules,nb_usagers,nb_indemnes,nb_tues,nb_blesses_hosp,nb_blesses_legers,age_cond_1,age_cond_2,veh_type_cond_1,veh_type_cond_2,lum_code,agg_code,int_code,atm_code,col_code
202300025737,2023-04-18 17:30:00,2023,4,18,17,30,37,37179,D77,47.44980299,0.72437831,Plein jour,En agglomération,Intersection en Y,Normale,Deux véhicules - côté,3,2,2,0,1,1,1,0,1,50,2,2,1,0,0,1,35.0,36.0,voiture,deux_roues,1,2,4,1,3
202300025738,2023-01-25 13:55:00,2023,1,25,13,55,33,33162,Avenue de Saint-Medard,44.86404,-0.66098,Plein jour,En agglomération,Giratoire,Normale,Deux véhicules - côté,4,2,2,0,1,1,1,0,1,50,2,2,1,0,0,1,42.0,47.0,utilitaire_camion,voiture,1,2,6,1,3
202300025738,2023-01-25 13:55:00,2023,1,25,13,55,33,33162,Avenue de Saint-Medard,44.86404,-0.66098,Plein jour,En agglomération,Giratoire,Normale,Deux véhicules - côté,4,2,3,2,1,1,1,0,1,50,2,2,1,0,0,1,42.0,47.0,utilitaire_camion,voiture,1,2,6,1,3
202300025739,2023-08-03 10:30:00,2023,8,3,10,30,83,83115,Av du Croiseur Leger le Malin,43.329025,6.667392,Plein jour,Hors agglomération,Hors intersection,Normale,Deux véhicules - côté,3,2,2,0,1,1,1,0,1,50,2,3,1,0,1,1,42.0,72.0,voiture,deux_roues,1,1,1,1,3
202300025740,2023-04-18 17:00:00,2023,4,18,17,0,30,30161,,44.024796,4.111537,Plein jour,Hors agglomération,Hors intersection,Normale,Deux véhicules - arrière,3,2,2,0,1,1,1,0,1,80,2,2,1,0,1,0,38.0,16.0,voiture,deux_roues,1,1,1,1,2
202300025741,2023-01-25 21:50:00,2023,1,25,21,50,31,31555,CHE DE LESTANG,43.55849,1.39435,Nuit avec éclairage allumé,En agglomération,Hors intersection,Pluie légère,Deux véhicules - frontale,4,2,2,0,1,3,2,0,1,50,2,3,0,0,0,3,23.0,23.0,voiture,voiture,5,2,1,2,1
202300025742,2023-08-03 15:30:00,2023,8,3,15,30,83,83068,Route du Littoral,43.288628,6.604049,Plein jour,Hors agglomération,Intersection en T,Normale,Deux véhicules - côté,3,2,2,0,1,1,1,0,1,70,2,2,1,0,1,0,76.0,24.0,deux_roues,voiture,1,1,3,1,3
202300025742,2023-08-03 15:30:00,2023,8,3,15,30,83,83068,Route du Littoral,43.288628,6.604049,Plein jour,Hors agglomération,Intersection en T,Normale,Deux véhicules - côté,3,2, -1,-1,1,1,2,0,1,-1,2,2,1,0,1,0,76.0,24.0,deux_roues,voiture,1,1,3,1,3
202300025743,2023-01-23 17:30:00,2023,1,23,17,30,29,29019,D112,48.42257538,-4.47700816,Crépuscule ou aube,Hors agglomération,Hors intersection,Normale,Deux véhicules - arrière,3,3,4,0,1,1,1,0,1,90,2,2,1,0,0,1,34.0,59.0,voiture,utilitaire_camion,2,1,1,1,2
202300025744,2023-04-18 20:50:00,2023,4,18,20,50,88,88488,D165,48.19194,6.092252,Crépuscule ou aube,Hors agglomération,Intersection en X,Normale,Deux véhicules - côté,3,2,2,0,1,2,1,0,1,70,2,2,0,0,1,1,23.0,58.0,voiture,voiture,2,1,2,1,3
202300025744,2023-04-18 20:50:00,2023,4,18,20,50,88,88488,D165,48.19194,6.092252,Crépuscule ou aube,Hors agglomération,Intersection en X,Normale,Deux véhicules - côté,3,2,2,0,4,4,1,0,1,50,2,2,0,0,1,1,23.0,58.0,voiture,voiture,2,1,2,1,3
202300025745,2023-01-25 19:10:00,2023,1,25,19,10,22,22113,RESISTANCE (AVENUE DE LA),48.74741,-3.4613,Nuit avec éclairage allumé,En agglomération,Giratoire,Normale,Autre collision,3,2,2,0,1,1,1,0,1,50,1,1,0,0,0,1,20.0,,voiture,,5,2,6,1,6
202300025746,2023-08-04 13:40:00,2023,8,4,13,40,83,83107,Route Nd7,43.461739,6.654834,Plein jour,Hors agglomération,Hors intersection,Normale,Deux véhicules - frontale,3,2,1,0,1,1,1,9,1,70,2,2,0,0,1,1,81.0,25.0,voiture,voiture,1,1,1,1,1
202300025747,2023-04-18 17:05:00,2023,4,18,17,5,62,62836,A26,50.509197,2.623295,Plein jour,Hors agglomération,Hors intersection,Normale,Deux véhicules - arrière,1,3,2,0,3,2,1,9,1,130,2,4,2,0,1,1,26.0,61.0,utilitaire_camion,utilitaire_camion,1,1,1,1,2
202300025748,2023-01-24 08:25:00,2023,1,24,8,25,18,18255,,47.04059,2.3304,Crépuscule ou aube,Hors agglomération,Giratoire,Normale,Deux véhicules - arrière,2,1,1,0,1,1,1,3,1,50,2,3,1,0,1,1,27.0,43.0,voiture,utilitaire_camion,2,1,6,1,2
202300025749,2023-08-03 18:10:00,2023,8,3,18,10,06,06157,Route de Saint-Jeannet,43.733441,7.121211,Plein jour,En agglomération,Hors intersection,Temps éblouissant,Deux véhicules - frontale,7,2,2,2,1,1,1,0,1,70,2,2,0,0,1,1,18.0,65.0,voiture,voiture,1,2,1,7,1
202300025750,2023-04-19 06:45:00,2023,4,19,6,45,976,97605,D16 CHICONI route du collège,-12.833488,45.122148,Plein jour,En agglomération,Hors intersection,Pluie légère,Deux véhicules - frontale,3,2,2,0,2,3,2,0,1,70,2,2,1,0,1,0,46.0,33.0,voiture,deux_roues,1,2,1,2,1
202300025751,2023-08-05 14:55:00,2023,8,5,14,55,13,13042,rd2,43.303008,5.668001,Plein jour,Hors agglomération,Hors intersection,Normale,Autre collision,3,2,2,0,2,4,1,0,1,80,1,1,0,0,1,0,27.0,,deux_roues,,1,1,1,1,6
202300025752,2023-01-25 18:15:00,2023,1,25,18,15,14,14220,128-130 Avenue de la République,49.358089,0.075989,Nuit avec éclairage allumé,En agglomération,Intersection en X,Normale,Deux véhicules - côté,3,1,2,0,1,1,1,0,1,50,2,2,1,0,1,0,39.0,60.0,deux_roues,voiture,5,2,2,1,3
202300025752,2023-01-25 18:15:00,2023,1,25,18,15,14,14220,128-130 Avenue de la République,49.358089,0.075989,Nuit avec éclairage allumé,En agglomération,Intersection en X,Normale,Deux véhicules - côté,3,2,2,0,1,1,1,0,1,50,2,2,1,0,1,0,39.0,60.0,deux_roues,voiture,5,2,2,1,3
202300025753,2023-04-19 07:40:00,2023,4,19,7,40,60,60533,A1,49.55012127,2.73059725,Plein jour,Hors agglomération,Hors intersection,Normale,Deux véhicules - arrière,1,3,2,0,1,1,1,0,1,130,2,3,1,0,0,2,60.0,42.0,voiture,utilitaire_camion,1,1,1,1,2
202300025754,2023-01-25 18:25:00,2023,1,25,18,25,14,14137,D9,49.18721,-0.42195,Nuit avec éclairage allumé,Hors agglomération,Intersection en T,Normale,Deux véhicules - côté,3,3,2,0,1,1,1,8,1,70,2,2,1,0,1,0,48.0,35.0,deux_roues,voiture,5,1,3,1,3
202300025754,2023-01-25 18:25:00,2023,1,25,18,25,14,14137,D9,49.18721,-0.42195,Nuit avec éclairage allumé,Hors agglomération,Intersection en T,Normale,Deux véhicules - côté,3,2,2,0,1,1,1,8,1,50,2,2,1,0,1,0,48.0,35.0,deux_roues,voiture,5,1,3,1,3
202300025755,2023-04-17 20:15:00,2023,4,17,20,15,987,98714,RT 101 Quai de Fare Piti - District de NUNUE,-16.388,-151.765,Nuit sans éclairage public,En agglomération,Hors intersection,Normale,Autre collision,2,2,2,0,1,2,1,0,3,40,1,2,1,0,1,0,29.0,,voiture,,3,2,1,1,6
202300025756,2023-08-05 18:25:00,2023,8,5,18,25,13,13097,D24,43.59873,4.778538,Plein jour,Hors agglomération,Hors intersection,Vent fort / tempête,Deux véhicules - frontale,3,2,2,0,1,1,1,0,1,80,2,5,1,0,1,3,76.0,29.0,voiture,voiture,1,1,1,6,1
202300025757,2023-01-24 21:00:00,2023,1,24,21,0,10,10357,,48.30447,4.09979,Nuit sans éclairage public,Hors agglomération,Hors intersection,Normale,Deux véhicules - arrière,3,2,2,0,1,1,1,0,1,80,2,2,1,0,1,0,29.0,21.0,deux_roues,voiture,3,1,1,1,2
202300025758,2023-08-07 15:00:00,2023,8,7,15,0,13,13096,D38,43.52200104,4.38665792,Plein jour,Hors agglomération,Hors intersection,Normale,Deux véhicules - frontale,3,2,2,0,1,3,1,0,1,70,2,2,0,0,1,1,19.0,43.0,voiture,utilitaire_camion,1,1,1,1,1
202300025759,2023-03-08 08:45:00,2023,3,8,8,45,29,29232,Rue du Frugy,47.98743839,-4.09855038,Plein jour,En agglomération,Intersection en X,Pluie légère,Deux véhicules - côté,4,2,2,0,1,1,2,0,1,50,2,2,1,0,0,1,19.0,39.0,voiture,voiture,1,2,2,2,3
202300025759,2023-03-08 08:45:00,2023,3,8,8,45,29,29232,Rue du Frugy,47.98743839,-4.09855038,Plein jour,En agglomération,Intersection en X,Pluie légère,Deux véhicules - côté,4,3,2,0,1,1,2,0,1,50,2,2,1,0,0,1,19.0,39.0,voiture,voiture,1,2,2,2,3
202300025760,2023-01-24 15:25:00,2023,1,24,15,25,10,10387,ROBERT GALLEY (RUE),48.28982,4.06751,Plein jour,En agglomération,Giratoire,Normale,Deux véhicules - côté,4,1,3,1,1,3,1,0,1,50,2,2,1,0,0,1,24.0,27.0,deux_roues,voiture,1,2,6,1,3
202300025760,2023-01-24 15:25:00,2023,1,24,15,25,10,10387,ROBERT GALLEY (RUE),48.28982,4.06751,Plein jour,En agglomération,Giratoire,Normale,Deux véhicules - côté,4,1,3,1,1,3,1,0,1,50,2,2,1,0,0,1,24.0,27.0,deux_roues,voiture,1,2,6,1,3
202300025761,2023-04-17 12:36:00,2023,4,17,12,36,988,98821,N'dé (Tribu),-22.151562,166.302189,Plein jour,En agglomération,Hors intersection,Pluie légère,Sans collision,4,2,2,0,1,1,2,0,1,50,1,6,5,1,0,0,25.0,,utilitaire_camion,,1,2,1,2,7
202300025762,2023-08-01 19:10:00,2023,8,1,19,10,13,13059,RD96,43.642147,5.534331,Plein jour,Hors agglomération,Giratoire,Temps éblouissant,Autre collision,3,2,1,0,1,3,1,0,8,-1,1,2,1,0,1,0,62.0,,voiture,,1,1,6,7,6
202300025763,2023-01-24 20:00:00,2023,1,24,20,0,06,06088,VERANY (BD J.B.),43.7096,7.28396,Nuit avec éclairage allumé,En agglomération,Hors intersection,Normale,Autre collision,4,1,2,0,1,1,1,0,1,50,1,2,0,0,2,0,20.0,,deux_roues,,5,2,1,1,6
202300025764,2023-03-07 21:45:00,2023,3,7,21,45,29,29019,rue Traverse,48.385811,-4.490721,Nuit avec éclairage allumé,En agglomération,Intersection en X,Pluie forte,Deux véhicules - côté,4,1,2,0,1,1,2,0,1,50,2,2,1,0,0,1,29.0,36.0,voiture,voiture,5,2,2,3,3
202300025764,2023-03-07 21:45:00,2023,3,7,21,45,29,29019,rue Traverse,48.385811,-4.490721,Nuit avec éclairage allumé,En agglomération,Intersection en X,Pluie forte,Deux véhicules - côté,4,2,1,0,1,1,2,0,1,50,2,2,1,0,0,1,29.0,36.0,voiture,voiture,5,2,2,3,3
202300025765,2023-04-18 16:15:00,2023,4,18,16,15,66,66164,,42.77111138,2.8841123,Plein jour,En agglomération,Giratoire,Normale,Deux véhicules - côté,4,1,1,0,1,2,1,0,1,50,2,2,1,0,1,0,51.0,28.0,deux_roues,voiture,1,2,6,1,3
202300025766,2023-01-24 19:10:00,2023,1,24,19,10,974,97411,LITTORAL (ROUTE 2 DU),-20.89634657,55.37607729,Plein jour,Hors agglomération,Hors intersection,Pluie forte,Autre collision,2,1,4,0,1,1,2,0,1,70,1,1,0,0,0,1,25.0,,voiture,,1,1,1,3,6
202300025767,2023-03-06 15:40:00,2023,3,6,15,40,29,29019,rue Fautras,48.389436,-4.492625,Plein jour,En agglomération,Intersection en X,Normale,Deux véhicules - côté,4,2,2,0,2,1,1,0,1,50,2,2,1,0,0,1,38.0,37.0,voiture,voiture,1,2,2,1,3
202300025767,2023-03-06 15:40:00,2023,3,6,15,40,29,29019,rue Fautras,48.389436,-4.492625,Plein jour,En agglomération,Intersection en X,Normale,Deux véhicules - côté,4,2,2,0,1,1,1,0,1,50,2,2,1,0,0,1,38.0,37.0,voiture,voiture,1,2,2,1,3
202300025768,2023-04-18 17:20:00,2023,4,18,17,20,83,83101,Route des Plages,43.251185,6.644497,Plein jour,Hors agglomération,Intersection en T,Normale,Deux véhicules - frontale,3,2,1,1,2,3,1,0,1,70,2,2,1,0,1,0,46.0,50.0,deux_roues,voiture,1,1,3,1,1
202300025768,2023-04-18 17:20:00,2023,4,18,17,20,83,83101,Route des Plages,43.251185,6.644497,Plein jour,Hors agglomération,Intersection en T,Normale,Deux véhicules - frontale,3,2, -1,-1,1,1,1,0,1,-1,2,2,1,0,1,0,46.0,50.0,deux_roues,voiture,1,1,3,1,1
202300025769,2023-01-23 16:55:00,2023,1,23,16,55,974,97411,VICTOIRE (AVENUE DE LA),-20.87701,55.44799,Plein jour,En agglomération,Hors intersection,Pluie légère,Deux véhicules - arrière,4,2,2,0,2,1,2,9,1,50,2,2,1,0,0,1,61.0,19.0,voiture,deux_roues,1,2,1,2,2
202300025770,2023-08-04 18:15:00,2023,8,4,18,15,71,71382,champ cornu,46.517927,3.857864,Plein jour,Hors agglomération,Passage à niveau,Normale,Deux véhicules - côté,3,2,2,0,1,1,1,4,1,80,2,2,1,0,1,0,78.0,32.0,voiture,transport_commun,1,1,8,1,3
202300025771,2023-01-24 11:20:00,2023,1,24,11,20,69,69388,Boulevard des Etats-Unis,45.7352,4.86542,Plein jour,En agglomération,Hors intersection,Normale,Autre collision,4,1,3,3,1,1,1,0,1,50,1,2,1,0,0,1,33.0,,voiture,,1,2,1,1,6
202300025772,2023-03-16 15:15:00,2023,3,16,15,15,83,83138,Route Departementale 562,43.609482,6.735778,Plein jour,En agglomération,Hors intersection,Normale,Deux véhicules - arrière,3,2,2,2,1,1,1,0,1,80,2,2,1,0,1,0,52.0,51.0,deux_roues,utilitaire_camion,1,2,1,1,2
202300025773,2023-08-04 23:10:00,2023,8,4,23,10,10,10030,D610,48.325983,4.029161,Nuit sans éclairage public,Hors agglomération,Hors intersection,Pluie forte,Autre collision,3,3,2,0,2,3,2,0,1,110,1,2,0,0,0,2,20.0,,voiture,,3,1,1,3,6
202300025774,2023-01-24 07:43:00,2023,1,24,7,43,69,69388,133 Rue Marius Berliet,45.73925,4.8662,Crépuscule ou aube,En agglomération,Hors intersection,Normale,Deux véhicules - frontale,4,2,3,3,1,1,1,0,1,50,2,2,1,0,0,1,61.0,47.0,voiture,deux_roues,2,2,1,1,1
202300025775,2023-04-17 22:00:00,2023,4,17,22,0,13,13035,D569,43.676656,5.026717,Nuit sans éclairage public,Hors agglomération,Hors intersection,Normale,Sans collision,3,2,2,0,1,1,1,0,3,80,1,1,0,0,1,0,55.0,,voiture,,3,1,1,1,7
202300025776,2023-03-04 16:50:00,2023,3,4,16,50,26,26198,Avenue John Fitzgerald Kennedy,44.55396487,4.74203825,Plein jour,En agglomération,Autre intersection,Normale,Deux véhicules - côté,4,2,2,0,1,1,1,0,1,50,2,2,1,0,1,0,72.0,55.0,voiture,deux_roues,1,2,9,1,3
202300025777,2023-08-06 18:15:00,2023,8,6,18,15,68,68329,11 Route de la Schlucht,48.04899,7.115298,Plein jour,En agglomération,Hors intersection,Pluie légère,Autre collision,3,2,2,0,1,1,2,0,1,50,1,2,1,0,1,0,31.0,,voiture,,1,2,1,2,6
202300025778,2023-01-24 09:45:00,2023,1,24,9,45,69,69389,177 Avenue Sidoine Apollinaire,45.76198,4.80437,Plein jour,En agglomération,Hors intersection,Temps couvert,Autre collision,4,2,3,0,2,1,1,0,1,30,1,2,1,0,0,1,46.0,,voiture,,1,2,1,8,6
202300025779,2023-04-19 00:30:00,2023,4,19,0,30,71,71481,Rue des Fougères,46.197894,4.773034,Nuit sans éclairage public,Hors agglomération,Intersection en X,Normale,Sans collision,4,2,2,0,1,1,1,0,1,80,1,2,1,0,0,1,14.0,,deux_roues,,3,1,2,1,7
202300025779,2023-04-19 00:30:00,2023,4,19,0,30,71,71481,Rue des Fougères,46.197894,4.773034,Nuit sans éclairage public,Hors agglomération,Intersection en X,Normale,Sans collision,4,2,2,0,1,1,1,0,8,80,1,2,1,0,0,1,14.0,,deux_roues,,3,1,2,1,7
202300025780,2023-08-05 16:15:00,2023,8,5,16,15,67,67010,D 425,48.39479,7.386804,Plein jour,Hors agglomération,Hors intersection,Normale,Deux véhicules - côté,3,2,2,0,3,2,1,0,1,80,2,2,1,0,1,0,41.0,50.0,deux_roues,voiture,1,1,1,1,3
202300025781,2023-01-24 07:35:00,2023,1,24,7,35,69,69389,22 Avenue Joannès Masset,45.76872318,4.80102913,Nuit avec éclairage allumé,En agglomération,Hors intersection,Normale,Autre collision,4,2,2,0,1,1,1,0,1,50,1,2,1,0,0,1,25.0,,voiture,,5,2,1,1,6
202300025782,2023-05-23 16:35:00,2023,5,23,16,35,73,73008,MASSONNAT CHEMIN DES,45.70312,5.92956,Plein jour,En agglomération,Giratoire,Normale,Deux véhicules - côté,4,2,2,0,1,2,1,5,1,50,2,2,1,0,1,0,63.0,18.0,voiture,deux_roues,1,2,6,1,3
202300025782,2023-05-23 16:35:00,2023,5,23,16,35,73,73008,MASSONNAT CHEMIN DES,45.70312,5.92956,Plein jour,En agglomération,Giratoire,Normale,Deux véhicules - côté,4,2,2,0,1,2,1,5,1,50,2,2,1,0,1,0,63.0,18.0,voiture,deux_roues,1,2,6,1,3
202300025783,2023-03-08 22:41:00,2023,3,8,22,41,17,17300,NORMANDIN   RUE EMILE,46.15042,-1.14614,Nuit avec éclairage allumé,En agglomération,Intersection en T,Temps couvert,Deux véhicules - côté,4,2,2,0,2,1,1,5,1,50,2,4,2,0,0,2,22.0,18.0,voiture,voiture,5,2,3,8,3
202300025783,2023-03-08 22:41:00,2023,3,8,22,41,17,17300,NORMANDIN   RUE EMILE,46.15042,-1.14614,Nuit avec éclairage allumé,En agglomération,Intersection en T,Temps couvert,Deux véhicules - côté,4,2,4,1,1,1,1,5,1,50,2,4,2,0,0,2,22.0,18.0,voiture,voiture,5,2,3,8,3
202300025784,2023-08-06 06:50:00,2023,8,6,6,50,67,67080,RD 93,48.548635,7.550434,Crépuscule ou aube,Hors agglomération,Hors intersection,Pluie légère,Autre collision,3,2,2,0,1,1,2,0,3,80,1,2,0,0,1,1,30.0,,voiture,,2,1,1,2,6
202300025785,2023-04-18 18:30:00,2023,4,18,18,30,57,57211,Rue de la Fontaine Chaudron,49.186686,6.146336,Plein jour,En agglomération,Intersection en X,Normale,Deux véhicules - arrière,4,2,2,0,1,1,1,0,1,50,2,2,1,0,0,1,,38.0,voiture,voiture,1,2,2,1,2
202300025786,2023-01-24 07:25:00,2023,1,24,7,25,69,69034,120 Rue Pasteur,45.79445201,4.84666421,Nuit avec éclairage allumé,En agglomération,Hors intersection,Normale,Autre collision,4,1,2,0,2,1,1,0,1,50,1,2,1,0,0,1,26.0,,utilitaire_camion,,5,2,1,1,6
202300025787,2023-05-23 17:00:00,2023,5,23,17,0,69,69029,Route de Genas,45.75105,4.90711,Plein jour,En agglomération,Hors intersection,Normale,Deux véhicules - côté,4,2,8,2,1,1,1,5,1,50,2,2,1,0,0,1,24.0,32.0,voiture,voiture,1,2,1,1,3
202300025788,2023-01-23 16:00:00,2023,1,23,16,0,971,97113,Morne Salines,16.2118,-61.4407,Plein jour,Hors agglomération,Hors intersection,Normale,Autre collision,2,2,2,0,2,1,1,0,1,80,1,1,0,0,0,1,59.0,,voiture,,1,1,1,1,6
202300025789,2023-08-06 01:15:00,2023,8,6,1,15,55,55324,D643,49.45929316,5.41275528,Nuit sans éclairage public,Hors agglomération,Hors intersection,Pluie forte,Sans collision,3,2,2,0,1,1,2,0,8,90,1,2,1,0,1,0,22.0,,voiture,,3,1,1,3,7
202300025790,2023-04-19 16:00:00,2023,4,19,16,0,73,73179,Rue de l'Erier,45.598583,5.886875,Plein jour,En agglomération,Giratoire,Normale,Deux véhicules - côté,4,2,2,0,1,3,1,0,1,50,2,2,1,0,0,1,15.0,53.0,deux_roues,utilitaire_camion,1,2,6,1,3
202300025791,2023-01-15 13:00:00,2023,1,15,13,0,971,97113,GRAND BAIE ( RN4),16.21793688,-61.50968313,Plein jour,Hors agglomération,Hors intersection,Normale,Sans collision,2,3,4,0,1,1,1,0,1,90,1,1,0,0,0,1,21.0,,deux_roues,,1,1,1,1,7
202300025792,2023-05-03 17:10:00,2023,5,3,17,10,69,69091,Route Neuve,45.5838976,4.76730062,Plein jour,En agglomération,Hors intersection,Normale,Deux véhicules - arrière,7,2,2,0,1,1,1,0,1,50,2,2,1,0,0,1,63.0,19.0,utilitaire_camion,utilitaire_camion,1,2,1,1,2
202300025793,2023-08-07 15:22:00,2023,8,7,15,22,57,57724,N52,49.263653,6.109343,Plein jour,Hors agglomération,Giratoire,Normale,Deux véhicules - côté,2,3,2,0,4,1,1,0,1,70,2,2,0,0,0,2,24.0,51.0,voiture,voiture,1,1,6,1,3
202300025793,2023-08-07 15:22:00,2023,8,7,15,22,57,57724,N52,49.263653,6.109343,Plein jour,Hors agglomération,Giratoire,Normale,Deux véhicules - côté,2,1,2,0,2,2,1,0,1,70,2,2,0,0,0,2,24.0,51.0,voiture,voiture,1,1,6,1,3
202300025794,2023-01-15 17:00:00,2023,1,15,17,0,971,97113,GRAND BAIE ( RN4),16.21944095,-61.51654959,Plein jour,Hors agglomération,Hors intersection,Normale,Trois véhicules et plus - en chaîne,2,3,4,0,1,1,1,0,1,90,3,3,1,0,0,2,41.0,48.0,voiture,voiture,1,1,1,1,4
202300025795,2023-03-08 13:30:00,2023,3,8,13,30,14,14437,N814,49.17735,-0.31747,Plein jour,Hors agglomération,Hors intersection,Pluie légère,Trois véhicules et plus - collisions multiples,2,3,2,0,1,1,2,0,1,90,3,3,2,0,1,0,18.0,45.0,deux_roues,utilitaire_camion,1,1,1,2,5
202300025796,2023-04-18 10:10:00,2023,4,18,10,10,01,01345,D1075,45.955797,5.3258,Plein jour,Hors agglomération,Hors intersection,Normale,Deux véhicules - côté,3,2,3,0,1,1,1,0,1,90,2,4,0,0,0,4,29.0,37.0,voiture,voiture,1,1,1,1,3
202300025797,2023-05-24 21:18:00,2023,5,24,21,18,66,66136,,42.71977,2.88659,Crépuscule ou aube,En agglomération,Intersection en T,Normale,Trois véhicules et plus - collisions multiples,4,2, -1,-1,1,1,1,0,8,-1,3,3,0,0,1,2,27.0,18.0,voiture,voiture,2,2,3,1,5
202300025797,2023-05-24 21:18:00,2023,5,24,21,18,66,66136,,42.71977,2.88659,Crépuscule ou aube,En agglomération,Intersection en T,Normale,Trois véhicules et plus - collisions multiples,4,2,2,0,1,1,1,0,1,50,3,3,0,0,1,2,27.0,18.0,voiture,voiture,2,2,3,1,5
202300025798,2023-01-24 13:20:00,2023,1,24,13,20,2A,2A004,BIANCAMARIA COLONEL ET CAPITAINE AVE,41.93292609,8.73736113,Plein jour,En agglomération,Intersection en T,Pluie légère,Deux véhicules - côté,4,-1,0,0,1,1,2,0,1,50,2,2,1,0,0,1,29.0,50.0,deux_roues,voiture,1,2,3,2,3
202300025798,2023-01-24 13:20:00,2023,1,24,13,20,2A,2A004,BIANCAMARIA COLONEL ET CAPITAINE AVE,41.93292609,8.73736113,Plein jour,En agglomération,Intersection en T,Pluie légère,Deux véhicules - côté,4,3,1,0,3,1,2,0,1,50,2,2,1,0,0,1,29.0,50.0,deux_roues,voiture,1,2,3,2,3
202300025799,2023-03-08 12:20:00,2023,3,8,12,20,13,13117,,43.42727907,5.26433786,Plein jour,Hors agglomération,Hors intersection,Normale,Deux véhicules - côté,3,1,2,0,1,1,1,9,1,90,2,2,1,0,0,1,29.0,49.0,deux_roues,voiture,1,1,1,1,3
202300025800,2023-04-18 17:35:00,2023,4,18,17,35,69,69127,Avenue Bourgelat,45.794669,4.719636,Plein jour,Hors agglomération,Autre intersection,Normale,Deux véhicules - côté,7,2,2,0,2,2,1,0,1,80,2,2,1,0,1,0,71.0,25.0,voiture,deux_roues,1,1,9,1,3
202300025801,2023-08-04 16:20:00,2023,8,4,16,20,03,03040,D2009,46.546225,3.320205,Plein jour,Hors agglomération,Intersection en T,Normale,Trois véhicules et plus - collisions multiples,3,2,2,0,1,1,1,0,1,90,4,5,3,0,1,1,57.0,58.0,autre,voiture,1,1,3,1,5
202300025801,2023-08-04 16:20:00,2023,8,4,16,20,03,03040,D2009,46.546225,3.320205,Plein jour,Hors agglomération,Intersection en T,Normale,Trois véhicules et plus - collisions multiples,3,2,2,0,3,1,1,0,1,70,4,5,3,0,1,1,57.0,58.0,autre,voiture,1,1,3,1,5
202300025802,2023-01-24 09:15:00,2023,1,24,9,15,2A,2A004,CAMPI LOUIS BD,41.94358,8.75436,Plein jour,En agglomération,Autre intersection,Normale,Deux véhicules - côté,6,1,1,0,1,1,1,0,8,50,2,2,1,0,0,1,70.0,24.0,voiture,autre,1,2,9,1,3
202300025803,2023-04-19 08:00:00,2023,4,19,8,0,64,64135,Route de Dax,43.554738,-0.803654,Plein jour,Hors agglomération,Hors intersection,Normale,Autre collision,3,2,2,0,1,4,1,0,3,80,1,1,0,1,0,0,51.0,,voiture,,1,1,1,1,6
202300025804,2023-03-08 19:00:00,2023,3,8,19,0,13,13210,PAUL CLAUDEL (BOULEVARD),43.26969573,5.42172105,Crépuscule ou aube,En agglomération,Hors intersection,Normale,Deux véhicules - arrière,4,2,3,0,2,1,1,0,1,50,2,3,2,0,0,1,47.0,20.0,voiture,voiture,2,2,1,1,2
202300025805,2023-05-24 08:11:00,2023,5,24,8,11,66,66136,,42.68757,2.87208,Plein jour,En agglomération,Intersection en T,Normale,Trois véhicules et plus - collisions multiples,4,2,2,0,1,1,1,0,1,50,3,3,1,0,0,2,35.0,46.0,utilitaire_camion,voiture,1,2,3,1,5
202300025805,2023-05-24 08:11:00,2023,5,24,8,11,66,66136,,42.68757,2.87208,Plein jour,En agglomération,Intersection en T,Normale,Trois véhicules et plus - collisions multiples,4,2,2,0,1,1,1,0,1,50,3,3,1,0,0,2,35.0,46.0,utilitaire_camion,voiture,1,2,3,1,5
202300025806,2023-01-24 08:23:00,2023,1,24,8,23,2A,2A004,VAZZIO CITE EDF,41.93559,8.79335,Plein jour,En agglomération,Hors intersection,Normale,Autre collision,4,2,2,0,2,3,1,8,1,50,1,2,1,0,0,1,16.0,,deux_roues,,1,2,1,1,6
202300025807,2023-08-04 15:40:00,2023,8,4,15,40,63,63263,D68,45.768024,3.022141,Plein jour,Hors agglomération,Hors intersection,Normale,Deux véhicules - frontale,3,2,2,0,2,2,1,0,1,-1,2,3,0,0,2,1,22.0,76.0,voiture,voiture,1,1,1,1,1
202300025808,2023-05-26 16:40:00,2023,5,26,16,40,64,64348,SANTONA DE,43.32126,-0.39354,Plein jour,Hors agglomération,Hors intersection,Normale,Deux véhicules - arrière,4,2,2,1,1,1,1,0,1,50,2,2,1,0,0,1,50.0,52.0,voiture,voiture,1,1,1,1,2
202300025809,2023-04-19 15:35:00,2023,4,19,15,35,14,14733,4 Vaussieux,49.26600061,-0.61310174,Plein jour,Hors agglomération,Hors intersection,Normale,Deux véhicules - arrière,3,2,2,0,1,1,1,0,1,90,2,3,2,1,0,0,30.0,42.0,deux_roues,utilitaire_camion,1,1,1,1,2
202300025810,2023-03-07 15:55:00,2023,3,7,15,55,11,11069,8 Avenue du Souvenir Francais,43.20849,2.38387,Plein jour,En agglomération,Hors intersection,Pluie légère,Deux véhicules - côté,4,2,2,0,1,1,2,0,1,50,2,2,1,0,1,0,37.0,72.0,deux_roues,voiture,1,2,1,2,3