accident_id,datetime,annee,mois,jour,heure,minute,departement,commune_insee,adresse,latitude,longitude,luminosite,agglomeration,intersection,meteo,collision,catr,circ,nbv,vosp,prof,plan,surf,infra,situ,vma,nb_vehicules,nb_usagers,nb_indemnes,nb_tues,nb_blesses_hosp,nb_blesses_legers,age_cond_1,age_cond_2,veh_type_cond_1,veh_type_cond_2,lum_code,agg_code,int_code,atm_code,col_code
202300025811,2023-07-29 23:00:00,2023,7,29,23,0,42,42132,Route du Bourg,45.385107,4.727404,Nuit sans éclairage public,Hors agglomération,Hors intersection,Normale,Sans collision,3,2,2,0,2,2,1,0,3,80,1,3,0,0,2,1,18.0,,deux_roues,,3,1,1,1,7
202300025812,2023-01-24 07:10:00,2023,1,24,7,10,91,91027,VC QUAI DE L'INDUSTRIE,48.6976,2.3946,Nuit avec éclairage allumé,En agglomération,Hors intersection,Normale,Deux véhicules - arrière,4,2,2,0,1,1,1,0,1,50,2,3,1,0,0,2,52.0,35.0,voiture,voiture,5,2,1,1,2
202300025813,2023-05-26 09:40:00,2023,5,26,9,40,64,64445,BACHAGA BOUALAN,43.3164,-0.37487,Plein jour,En agglomération,Giratoire,Normale,Deux véhicules - côté,4,1,1,0,1,2,1,0,1,50,2,2,1,0,0,1,56.0,77.0,voiture,deux_roues,1,2,6,1,3
202300025814,2023-03-08 13:55:00,2023,3,8,13,55,06,06088,GIACOBI (AV.),43.711006,7.292427,Plein jour,En agglomération,Hors intersection,Normale,Autre collision,4,-1,1,0,2,1,1,0,1,50,1,2,1,0,0,1,54.0,,voiture,,1,2,1,1,6
202300025815,2023-08-06 12:30:00,2023,8,6,12,30,07,07119,D16,44.82697696,4.08143027,Plein jour,Hors agglomération,Hors intersection,Normale,Sans collision,3,2,2,0,2,2,1,0,1,90,1,2,0,0,1,1,65.0,,deux_roues,,1,1,1,1,7
202300025816,2023-04-16 17:55:00,2023,4,16,17,55,27,27447,D830 ,48.9618,0.959469,Plein jour,Hors agglomération,Intersection en X,Normale,Deux véhicules - côté,3,2,2,0,1,2,1,0,1,80,2,3,2,0,0,1,38.0,24.0,voiture,voiture,1,1,2,1,3
202300025816,2023-04-16 17:55:00,2023,4,16,17,55,27,27447,D830 ,48.9618,0.959469,Plein jour,Hors agglomération,Intersection en X,Normale,Deux véhicules - côté,3,1,1,-1,1,3,1,0,1,70,2,3,2,0,0,1,38.0,24.0,voiture,voiture,1,1,2,1,3
202300025817,2023-08-04 17:20:00,2023,8,4,17,20,01,01342,D2a,45.895724,5.028407,Plein jour,Hors agglomération,Hors intersection,Normale,Autre collision,3,2,2,0,1,1,1,0,3,80,1,1,0,0,1,0,22.0,,voiture,,1,1,1,1,6
202300025818,2023-05-26 15:00:00,2023,5,26,15,0,59,59279,PERI (RUE GABRIEL),50.784209,3.131931,Plein jour,En agglomération,Hors intersection,Normale,Autre collision,4,2,2,0,1,1,1,0,1,50,1,2,1,0,0,1,40.0,,voiture,,1,2,1,1,6
202300025819,2023-01-24 07:35:00,2023,1,24,7,35,85,85191,PALISSY ROND-POINT BERNARD,46.69039,-1.4289,Crépuscule ou aube,En agglomération,Giratoire,Normale,Deux véhicules - côté,3,1,1,0,1,3,1,5,1,50,2,2,1,0,1,0,17.0,56.0,deux_roues,voiture,2,2,6,1,3
202300025820,2023-04-09 20:30:00,2023,4,9,20,30,60,60612,N324,49.209092,2.606555,Crépuscule ou aube,Hors agglomération,Autre intersection,Normale,Sans collision,2,2,2,0,1,1,1,0,1,80,1,2,0,0,0,2,45.0,,deux_roues,,2,1,9,1,7
202300025821,2023-08-06 09:45:00,2023,8,6,9,45,01,01185,route départementale 8,45.978176,5.601777,Plein jour,En agglomération,Hors intersection,Pluie légère,Autre collision,3,2,2,0,4,2,2,0,1,30,1,3,2,1,0,0,74.0,,voiture,,1,2,1,2,6
202300025822,2023-03-07 21:15:00,2023,3,7,21,15,75,75120,ECHANGEUR BAGNOLET,48.8645289,2.41338193,Nuit avec éclairage allumé,En agglomération,Hors intersection,Pluie légère,Sans collision,4,1,2,0,3,2,2,0,1,50,1,1,0,0,0,1,20.0,,deux_roues,,5,2,1,2,7
202300025823,2023-05-26 20:40:00,2023,5,26,20,40,59,59512,Boulevard du Général de Gaulle,50.687465,3.174955,Plein jour,En agglomération,Intersection en T,Normale,Deux véhicules - côté,7,2,8,0,1,1,1,0,1,50,2,2,1,0,1,0,27.0,21.0,voiture,deux_roues,1,2,3,1,3
202300025823,2023-05-26 20:40:00,2023,5,26,20,40,59,59512,Boulevard du Général de Gaulle,50.687465,3.174955,Plein jour,En agglomération,Intersection en T,Normale,Deux véhicules - côté,7,2,8,0,1,1,1,0,1,50,2,2,1,0,1,0,27.0,21.0,voiture,deux_roues,1,2,3,1,3
202300025824,2023-04-19 12:20:00,2023,4,19,12,20,59,59091,113 Route Nationale,50.73176517,2.56778598,Plein jour,Hors agglomération,Giratoire,Normale,Sans collision,3,1,2,0,1,2,1,9,1,50,1,1,0,0,0,1,35.0,,utilitaire_camion,,1,1,6,1,7
202300025825,2023-03-07 02:52:00,2023,3,7,2,52,75,75112,QUAI DE BERCY,48.82834422,2.38826573,Nuit avec éclairage allumé,En agglomération,Hors intersection,Normale,Autre collision,4,1,2,0,1,1,1,1,1,50,1,2,0,0,2,0,40.0,,deux_roues,,5,2,1,1,6
202300025826,2023-05-04 21:10:00,2023,5,4,21,10,59,59360,CALMETTE RUE DU DOCTEUR,50.61336,3.01209,Nuit avec éclairage allumé,En agglomération,Hors intersection,Normale,Autre collision,4,1,1,0,1,1,1,0,4,50,1,2,1,0,0,1,,,voiture,,5,2,1,1,6
202300025827,2023-01-24 08:30:00,2023,1,24,8,30,83,83137,HERRIOT (AVE EDOUARD),43.12931,5.8996,Crépuscule ou aube,En agglomération,Hors intersection,Pluie forte,Deux véhicules - arrière,3,2,2,1,1,1,2,0,1,50,2,3,1,0,0,2,31.0,27.0,voiture,voiture,2,2,1,3,2
202300025828,2023-08-06 07:00:00,2023,8,6,7,0,81,81038,A68,43.885877,1.943014,Crépuscule ou aube,Hors agglomération,Hors intersection,Normale,Autre collision,1,3,2,0,1,1,1,0,1,130,1,7,0,0,1,6,19.0,,voiture,,2,1,1,1,6
202300025829,2023-04-13 12:13:00,2023,4,13,12,13,13,13213,A507 sens Aubagne- Marseille,43.32693815,5.42017771,Plein jour,En agglomération,Hors intersection,Normale,Deux véhicules - arrière,1,1,1,0,1,1,1,0,1,70,3,3,1,0,1,1,20.0,51.0,voiture,voiture,1,2,1,1,2
202300025830,2023-08-05 22:10:00,2023,8,5,22,10,81,81165,Route de Bonnan,44.134513,1.870573,Nuit sans éclairage public,Hors agglomération,Hors intersection,Normale,Autre collision,4,2,2,0,2,1,1,0,3,80,1,1,0,1,0,0,66.0,,deux_roues,,3,1,1,1,6
202300025831,2023-05-25 07:50:00,2023,5,25,7,50,57,57672,CHATEAU JEANNOT (RUE) ,49.36782,6.14962,Plein jour,En agglomération,Hors intersection,Normale,Autre collision,4,1,1,0,2,3,1,0,3,50,1,3,1,0,1,1,83.0,,voiture,,1,2,1,1,6
202300025832,2023-01-23 14:15:00,2023,1,23,14,15,83,83090,CANNIERS (CHEMIN DES),43.12332,5.88157,Plein jour,Hors agglomération,Hors intersection,Normale,Trois véhicules et plus - collisions multiples,4,2,2,0,1,3,1,0,1,50,3,4,2,0,0,2,29.0,23.0,voiture,voiture,1,1,1,1,5
202300025833,2023-03-06 18:30:00,2023,3,6,18,30,75,75106,RUE D ASSAS,48.846313,2.330985,Crépuscule ou aube,En agglomération,Intersection en T,Normale,Deux véhicules - côté,4,1, -1,-1,1,1,1,0,1,-1,2,3,1,0,0,2,52.0,25.0,voiture,deux_roues,2,2,3,1,3
202300025833,2023-03-06 18:30:00,2023,3,6,18,30,75,75106,RUE D ASSAS,48.846313,2.330985,Crépuscule ou aube,En agglomération,Intersection en T,Normale,Deux véhicules - côté,4,-1,2,0,1,1,1,0,1,30,2,3,1,0,0,2,52.0,25.0,voiture,deux_roues,2,2,3,1,3
202300025834,2023-04-17 17:20:00,2023,4,17,17,20,33,33192,ROCADE A 630,44.787556,-0.598352,Plein jour,Hors agglomération,Hors intersection,Normale,Trois véhicules et plus - en chaîne,1,3,6,0,1,1,1,0,1,90,3,5,3,0,0,2,24.0,79.0,voiture,voiture,1,1,1,1,4
202300025835,2023-08-04 21:30:00,2023,8,4,21,30,46,46102,Avenue du Marechal Joffre,44.608053,2.026049,Crépuscule ou aube,En agglomération,Intersection en T,Normale,Deux véhicules - côté,3,2,2,0,1,1,1,0,1,50,2,3,2,0,1,0,21.0,16.0,voiture,deux_roues,2,2,3,1,3
202300025835,2023-08-04 21:30:00,2023,8,4,21,30,46,46102,Avenue du Marechal Joffre,44.608053,2.026049,Crépuscule ou aube,En agglomération,Intersection en T,Normale,Deux véhicules - côté,3,2, -1,-1,-1,-1,-1,-1,1,-1,2,3,2,0,1,0,21.0,16.0,voiture,deux_roues,2,2,3,1,3
202300025836,2023-01-24 19:00:00,2023,1,24,19,0,81,81004,PARTISANS (ESPL DES),43.93107,2.14725,Nuit avec éclairage allumé,En agglomération,Intersection en Y,Normale,Deux véhicules - côté,4,1, -1,-1,2,1,1,5,1,50,2,2,1,0,0,1,20.0,20.0,deux_roues,voiture,5,2,4,1,3
202300025836,2023-01-24 19:00:00,2023,1,24,19,0,81,81004,PARTISANS (ESPL DES),43.93107,2.14725,Nuit avec éclairage allumé,En agglomération,Intersection en Y,Normale,Deux véhicules - côté,4,2,1,2,2,1,1,0,5,50,2,2,1,0,0,1,20.0,20.0,deux_roues,voiture,5,2,4,1,3
202300025837,2023-05-26 15:15:00,2023,5,26,15,15,54,54395,Rue Marcel Brot,48.67801,6.20537,Plein jour,En agglomération,Hors intersection,Normale,Deux véhicules - côté,4,2,3,0,1,1,1,0,1,50,2,2,1,0,0,1,35.0,27.0,voiture,voiture,1,2,1,1,3
202300025838,2023-03-08 19:05:00,2023,3,8,19,5,75,75120,BOULEVARD DE BELLEVILLE,48.872109,2.377036,Nuit avec éclairage allumé,En agglomération,Intersection en X,Temps couvert,Autre collision,4,2,2,1,1,1,2,0,1,30,1,2,1,0,0,1,87.0,,voiture,,5,2,2,8,6
202300025838,2023-03-08 19:05:00,2023,3,8,19,5,75,75120,BOULEVARD DE BELLEVILLE,48.872109,2.377036,Nuit avec éclairage allumé,En agglomération,Intersection en X,Temps couvert,Autre collision,4,2, -1,-1,1,1,2,0,1,-1,1,2,1,0,0,1,87.0,,voiture,,5,2,2,8,6
202300025839,2023-01-22 16:45:00,2023,1,22,16,45,80,80131,Rue Jean Leroy,49.86376,2.35148,Plein jour,Hors agglomération,Hors intersection,Normale,Autre collision,6,-1,0,0,1,1,1,0,8,30,1,2,1,0,0,1,82.0,,voiture,,1,1,1,1,6
202300025840,2023-08-04 20:50:00,2023,8,4,20,50,79,79049,,46.84026,-0.4932,Plein jour,En agglomération,Intersection en X,Normale,Deux véhicules - côté,4,1,1,-1,4,1,1,0,1,50,2,2,1,0,1,0,12.0,54.0,deux_roues,voiture,1,2,2,1,3
202300025840,2023-08-04 20:50:00,2023,8,4,20,50,79,79049,,46.84026,-0.4932,Plein jour,En agglomération,Intersection en X,Normale,Deux véhicules - côté,4,2,2,0,1,1,1,0,1,50,2,2,1,0,1,0,12.0,54.0,deux_roues,voiture,1,2,2,1,3
202300025841,2023-04-18 13:58:00,2023,4,18,13,58,94,94034,D86,48.75923,2.32379,Plein jour,Hors agglomération,Hors intersection,Normale,Trois véhicules et plus - en chaîne,3,3,0,0,1,1,1,1,1,70,3,3,2,0,0,1,29.0,42.0,utilitaire_camion,voiture,1,1,1,1,4
202300025842,2023-03-08 17:25:00,2023,3,8,17,25,75,75120,RUE D AVRON,48.851866,2.401376,Plein jour,En agglomération,Hors intersection,Pluie forte,Deux véhicules - frontale,4,-1,2,0,1,1,2,0,1,30,2,2,1,0,0,1,57.0,39.0,voiture,deux_roues,1,2,1,3,1
202300025843,2023-05-26 13:00:00,2023,5,26,13,0,54,54547,Avenue Jeanne d'Arc,48.65863,6.17926,Plein jour,En agglomération,Intersection en T,Normale,Deux véhicules - côté,4,2,4,1,1,1,1,-1,1,50,2,2,1,0,0,1,37.0,43.0,voiture,utilitaire_camion,1,2,3,1,3
202300025843,2023-05-26 13:00:00,2023,5,26,13,0,54,54547,Avenue Jeanne d'Arc,48.65863,6.17926,Plein jour,En agglomération,Intersection en T,Normale,Deux véhicules - côté,4,2,2,0,1,1,1,0,1,30,2,2,1,0,0,1,37.0,43.0,voiture,utilitaire_camion,1,2,3,1,3
202300025844,2023-01-24 18:20:00,2023,1,24,18,20,79,79003,,46.30768,-0.43009,Nuit sans éclairage public,Hors agglomération,Hors intersection,Normale,Deux véhicules - arrière,3,2,2,0,2,1,1,0,1,80,2,2,1,0,0,1,42.0,31.0,voiture,voiture,3,1,1,1,2
202300025845,2023-04-18 16:30:00,2023,4,18,16,30,95,95277,A3,48.97291672,2.48744845,Plein jour,Hors agglomération,Hors intersection,Normale,Sans collision,1,-1,4,0,1,2,1,0,1,70,1,1,0,0,0,1,26.0,,deux_roues,,1,1,1,1,7
202300025846,2023-01-24 13:14:00,2023,1,24,13,14,77,77495,POUILLY (RUE DE),48.57026,2.61937,Plein jour,En agglomération,Hors intersection,Temps couvert,Autre collision,4,2,2,0,1,1,1,0,1,30,1,2,1,0,1,0,33.0,,voiture,,1,2,1,8,6
202300025847,2023-08-06 14:39:00,2023,8,6,14,39,17,17064,D14,45.690471,-1.024872,Plein jour,Hors agglomération,Intersection en X,Normale,Trois véhicules et plus - en chaîne,3,2,2,0,2,1,1,0,1,90,4,6,2,0,1,3,21.0,39.0,voiture,voiture,1,1,2,1,4
202300025847,2023-08-06 14:39:00,2023,8,6,14,39,17,17064,D14,45.690471,-1.024872,Plein jour,Hors agglomération,Intersection en X,Normale,Trois véhicules et plus - en chaîne,3,2,2,-1,1,1,1,5,1,50,4,6,2,0,1,3,21.0,39.0,voiture,voiture,1,1,2,1,4
202300025848,2023-05-26 08:50:00,2023,5,26,8,50,54,54184,RD 674,48.70171961,6.24256521,Plein jour,Hors agglomération,Hors intersection,Normale,Autre collision,7,2,2,0,1,1,1,0,1,70,3,3,0,0,0,3,50.0,45.0,deux_roues,voiture,1,1,1,1,6
202300025849,2023-01-24 18:05:00,2023,1,24,18,5,77,77058,ANDRE MALRAUX (AVENUE),48.84274,2.723898,Nuit avec éclairage allumé,En agglomération,Hors intersection,Normale,Autre collision,4,-1,1,0,1,1,1,0,1,50,1,2,1,0,0,1,26.0,,voiture,,5,2,1,1,6
202300025850,2023-05-26 15:00:00,2023,5,26,15,0,51,51454,avenue de l'Europe,49.25228,4.06286,Plein jour,En agglomération,Giratoire,Normale,Sans collision,4,3,2,3,1,1,1,5,1,50,1,1,0,0,0,1,72.0,,voiture,,1,2,6,1,7
202300025851,2023-08-06 02:10:00,2023,8,6,2,10,17,17225,Avenue de la Palmyre,45.715158,-1.15625,Nuit avec éclairage allumé,En agglomération,Intersection en X,Normale,Sans collision,3,2,2,0,1,1,1,0,1,50,1,2,0,0,0,2,25.0,,voiture,,5,2,2,1,7
202300025851,2023-08-06 02:10:00,2023,8,6,2,10,17,17225,Avenue de la Palmyre,45.715158,-1.15625,Nuit avec éclairage allumé,En agglomération,Intersection en X,Normale,Sans collision,3,2,2,-1,1,1,1,5,1,50,1,2,0,0,0,2,25.0,,voiture,,5,2,2,1,7
202300025852,2023-01-24 03:10:00,2023,1,24,3,10,77,77221,D217B,48.85228,2.72221,Nuit sans éclairage public,Hors agglomération,Hors intersection,Normale,Autre collision,3,2,2,0,1,2,1,0,3,80,1,2,0,1,0,1,50.0,,voiture,,3,1,1,1,6
202300025853,2023-03-08 16:10:00,2023,3,8,16,10,75,75120,AVENUE GAMBETTA,48.871725,2.404383,Plein jour,En agglomération,Intersection à plus de 4 branches,Pluie légère,Deux véhicules - côté,4,2,2,0,2,1,2,0,1,30,2,3,2,0,0,1,43.0,24.0,voiture,voiture,1,2,5,2,3
202300025853,2023-03-08 16:10:00,2023,3,8,16,10,75,75120,AVENUE GAMBETTA,48.871725,2.404383,Plein jour,En agglomération,Intersection à plus de 4 branches,Pluie légère,Deux véhicules - côté,4,2,2,-1,2,1,2,0,1,30,2,3,2,0,0,1,43.0,24.0,voiture,voiture,1,2,5,2,3
202300025854,2023-06-22 23:38:00,2023,6,22,23,38,16,16078,Rue des Plantiers,45.72816633,0.18213894,Nuit avec éclairage non allumé,En agglomération,Hors intersection,Normale,Autre collision,3,2,2,0,1,3,1,0,3,80,1,1,0,0,0,1,29.0,,utilitaire_camion,,4,2,1,1,6
202300025855,2023-05-26 11:50:00,2023,5,26,11,50,51,51454,Place des combattants d'AFN,49.2203348,4.02100146,Plein jour,En agglomération,Giratoire,Normale,Deux véhicules - côté,4,1,2,0,1,1,1,0,1,50,2,3,2,0,0,1,46.0,23.0,voiture,voiture,1,2,6,1,3
202300025856,2023-04-18 11:10:00,2023,4,18,11,10,95,95277,A1,48.977517,2.493333,Plein jour,Hors agglomération,Hors intersection,Normale,Deux véhicules - arrière,1,3,8,0,1,1,1,0,1,110,2,3,2,0,0,1,27.0,23.0,voiture,utilitaire_camion,1,1,1,1,2
202300025857,2023-01-24 06:30:00,2023,1,24,6,30,76,76540,Boulevard du Midi,49.433788,1.043926,Nuit avec éclairage allumé,En agglomération,Intersection en T,Normale,Deux véhicules - côté,4,2,4,0,1,1,1,0,1,50,2,3,2,0,0,1,52.0,,utilitaire_camion,voiture,5,2,3,1,3
202300025857,2023-01-24 06:30:00,2023,1,24,6,30,76,76540,Boulevard du Midi,49.433788,1.043926,Nuit avec éclairage allumé,En agglomération,Intersection en T,Normale,Deux véhicules - côté,4,2,2,0,1,1,1,0,1,50,2,3,2,0,0,1,52.0,,utilitaire_camion,voiture,5,2,3,1,3
202300025858,2023-03-08 14:45:00,2023,3,8,14,45,75,75120,RUE MARTIN GARAT,48.865178,2.407279,Plein jour,En agglomération,Intersection en T,Pluie légère,Deux véhicules - frontale,4,1,1,0,2,1,2,0,1,30,2,3,1,0,0,2,18.0,45.0,deux_roues,voiture,1,2,3,2,1
202300025858,2023-03-08 14:45:00,2023,3,8,14,45,75,75120,RUE MARTIN GARAT,48.865178,2.407279,Plein jour,En agglomération,Intersection en T,Pluie légère,Deux véhicules - frontale,4,1,1,0,2,1,2,0,1,30,2,3,1,0,0,2,18.0,45.0,deux_roues,voiture,1,2,3,2,1
202300025859,2023-01-22 22:00:00,2023,1,22,22,0,76,76351,JULES DURAND (BD),49.49264,0.16913,Nuit avec éclairage allumé,En agglomération,Hors intersection,Normale,Autre collision,3,2,2,0,1,1,2,0,3,50,1,1,0,0,0,1,26.0,,voiture,,5,2,1,1,6
202300025860,2023-05-26 08:30:00,2023,5,26,8,30,49,49099,CALINS (AVENUE DES),47.0595,-0.87401,Plein jour,En agglomération,Intersection en X,Normale,Deux véhicules - côté,4,2,4,0,1,1,1,0,1,50,2,3,1,0,0,2,42.0,25.0,voiture,transport_commun,1,2,2,1,3
202300025860,2023-05-26 08:30:00,2023,5,26,8,30,49,49099,CALINS (AVENUE DES),47.0595,-0.87401,Plein jour,En agglomération,Intersection en X,Normale,Deux véhicules - côté,4,1,2,0,1,1,1,0,1,50,2,3,1,0,0,2,42.0,25.0,voiture,transport_commun,1,2,2,1,3
202300025861,2023-04-17 16:30:00,2023,4,17,16,30,93,93005,AUTOROUTE A3,48.9409,2.47896,Plein jour,Hors agglomération,Hors intersection,Normale,Trois véhicules et plus - en chaîne,1,3,6,0,1,1,1,0,1,110,4,4,3,0,0,1,29.0,34.0,voiture,voiture,1,1,1,1,4
202300025862,2023-08-03 23:30:00,2023,8,3,23,30,86,86274,D347,47.077375,-0.019692,Nuit sans éclairage public,Hors agglomération,Intersection en X,Pluie forte,Deux véhicules - côté,3,2,2,0,1,1,2,5,1,90,2,4,2,0,2,0,27.0,28.0,voiture,voiture,3,1,2,3,3
202300025862,2023-08-03 23:30:00,2023,8,3,23,30,86,86274,D347,47.077375,-0.019692,Nuit sans éclairage public,Hors agglomération,Intersection en X,Pluie forte,Deux véhicules - côté,3,2, -1,0,1,1,2,5,1,80,2,4,2,0,2,0,27.0,28.0,voiture,voiture,3,1,2,3,3
202300025863,2023-01-22 02:30:00,2023,1,22,2,30,76,76552,EDITH CAVELL,49.50903004,0.08466393,Nuit avec éclairage allumé,En agglomération,Giratoire,Normale,Autre collision,3,2,2,0,2,1,1,0,4,50,1,1,0,0,1,0,40.0,,voiture,,5,2,6,1,6
202300025863,2023-01-22 02:30:00,2023,1,22,2,30,76,76552,EDITH CAVELL,49.50903004,0.08466393,Nuit avec éclairage allumé,En agglomération,Giratoire,Normale,Autre collision,3,2,2,0,2,1,1,0,8,50,1,1,0,0,1,0,40.0,,voiture,,5,2,6,1,6
202300025864,2023-05-25 08:49:00,2023,5,25,8,49,49,49246,A87N,47.44816,-0.51528,Plein jour,Hors agglomération,Hors intersection,Normale,Deux véhicules - arrière,1,3,2,0,1,1,1,0,1,90,2,2,1,0,0,1,34.0,39.0,voiture,voiture,1,1,1,1,2
202300025865,2023-03-08 12:20:00,2023,3,8,12,20,75,75118,RUE DES ROSES,48.89327,2.36143,Plein jour,En agglomération,Intersection en T,Pluie légère,Deux véhicules - côté,4,1,2,0,1,1,2,0,1,50,2,3,2,0,0,1,33.0,42.0,voiture,deux_roues,1,2,3,2,3
202300025865,2023-03-08 12:20:00,2023,3,8,12,20,75,75118,RUE DES ROSES,48.89327,2.36143,Plein jour,En agglomération,Intersection en T,Pluie légère,Deux véhicules - côté,4,1,2,0,1,1,2,0,1,-1,2,3,2,0,0,1,33.0,42.0,voiture,deux_roues,1,2,3,2,3
202300025866,2023-08-03 15:35:00,2023,8,3,15,35,47,47157,Avenue Jean Jaures,44.507023,0.146427,Plein jour,En agglomération,Hors intersection,Normale,Autre collision,3,2,2,0,1,1,1,0,1,50,1,2,1,0,1,0,62.0,,voiture,,1,2,1,1,6
202300025867,2023-01-24 18:50:00,2023,1,24,18,50,74,74118,DEPORTES (ROUTE DES ),46.182347,6.230444,Nuit avec éclairage allumé,En agglomération,Hors intersection,Normale,Autre collision,3,2,2,0,1,1,1,3,1,50,1,2,1,0,0,1,28.0,,voiture,,5,2,1,1,6
202300025868,2023-04-16 19:40:00,2023,4,16,19,40,95,95527,A3,48.98502843,2.50547741,Plein jour,Hors agglomération,Hors intersection,Normale,Trois véhicules et plus - collisions multiples,1,3,8,0,1,1,1,0,1,90,3,3,2,1,0,0,63.0,37.0,voiture,deux_roues,1,1,1,1,5
202300025869,2023-05-27 00:50:00,2023,5,27,0,50,43,43157,Avenue Marechal Foch,45.041099,3.888393,Nuit avec éclairage allumé,En agglomération,Intersection en X,Normale,Deux véhicules - côté,4,2,3,0,4,1,1,5,1,50,2,2,0,0,0,2,23.0,26.0,voiture,voiture,5,2,2,1,3
202300025869,2023-05-27 00:50:00,2023,5,27,0,50,43,43157,Avenue Marechal Foch,45.041099,3.888393,Nuit avec éclairage allumé,En agglomération,Intersection en X,Normale,Deux véhicules - côté,4,2, -1,-1,4,1,1,5,1,-1,2,2,0,0,0,2,23.0,26.0,voiture,voiture,5,2,2,1,3
202300025870,2023-01-24 12:40:00,2023,1,24,12,40,74,74010,ROMAINS (PLACE DES),45.90847,6.12195,Plein jour,En agglomération,Hors intersection,Normale,Autre collision,6,-1, -1,0,1,1,1,0,8,30,1,2,1,0,1,0,,,voiture,,1,2,1,1,6
202300025871,2023-04-16 16:55:00,2023,4,16,16,55,93,93005,AUTOROUTE A3,48.94127,2.47883,Plein jour,Hors agglomération,Hors intersection,Normale,Deux véhicules - arrière,1,3,6,0,1,1,1,0,1,110,2,2,1,0,0,1,43.0,43.0,deux_roues,utilitaire_camion,1,1,1,1,2
202300025872,2023-03-07 23:35:00,2023,3,7,23,35,75,75118,9 RUE ORDENER,48.890291,2.358321,Nuit avec éclairage allumé,En agglomération,Intersection en T,Pluie légère,Autre collision,4,-1, -1,-1,1,1,2,0,1,30,1,2,1,0,0,1,,,voiture,,5,2,3,2,6
202300025872,2023-03-07 23:35:00,2023,3,7,23,35,75,75118,9 RUE ORDENER,48.890291,2.358321,Nuit avec éclairage allumé,En agglomération,Intersection en T,Pluie légère,Autre collision,4,2,1,0,1,1,2,0,1,30,1,2,1,0,0,1,,,voiture,,5,2,3,2,6
202300025873,2023-08-06 12:10:00,2023,8,6,12,10,33,33554,Avenue des Tabernottes,44.87857464,-0.46672213,Plein jour,En agglomération,Intersection en T,Normale,Deux véhicules - côté,3,2,2,0,2,1,1,0,1,70,2,3,1,1,0,1,92.0,40.0,voiture,deux_roues,1,2,3,1,3
202300025873,2023-08-06 12:10:00,2023,8,6,12,10,33,33554,Avenue des Tabernottes,44.87857464,-0.46672213,Plein jour,En agglomération,Intersection en T,Normale,Deux véhicules - côté,3,2, -1,0,1,2,1,0,1,50,2,3,1,1,0,1,92.0,40.0,voiture,deux_roues,1,2,3,1,3
202300025874,2023-05-26 18:25:00,2023,5,26,18,25,38,38158,RN87,45.151,5.735,Plein jour,Hors agglomération,Hors intersection,Normale,Deux véhicules - arrière,2,1,2,0,1,1,1,3,1,90,2,2,1,0,0,1,23.0,30.0,deux_roues,voiture,1,1,1,1,2
202300025875,2023-01-23 16:20:00,2023,1,23,16,20,72,72181,LEFAUCHEUX PIERRE (BD),47.95465,0.1796,Plein jour,Hors agglomération,Intersection en X,Normale,Trois véhicules et plus - en chaîne,4,1,6,0,1,1,1,5,1,90,3,4,1,0,0,3,40.0,29.0,voiture,voiture,1,1,2,1,4
202300025875,2023-01-23 16:20:00,2023,1,23,16,20,72,72181,LEFAUCHEUX PIERRE (BD),47.95465,0.1796,Plein jour,Hors agglomération,Intersection en X,Normale,Trois véhicules et plus - en chaîne,4,1,4,0,1,1,1,5,1,50,3,4,1,0,0,3,40.0,29.0,voiture,voiture,1,1,2,1,4
202300025876,2023-08-04 22:10:00,2023,8,4,22,10,33,33056,Rue des Gravières,44.93147534,-0.63366383,Nuit avec éclairage allumé,En agglomération,Intersection en Y,Normale,Deux véhicules - côté,4,2,2,0,1,1,1,0,1,30,2,2,1,0,0,1,38.0,30.0,voiture,deux_roues,5,2,4,1,3
202300025876,2023-08-04 22:10:00,2023,8,4,22,10,33,33056,Rue des Gravières,44.93147534,-0.63366383,Nuit avec éclairage allumé,En agglomération,Intersection en Y,Normale,Deux véhicules - côté,4,2, -1,-1,1,2,1,0,1,30,2,2,1,0,0,1,38.0,30.0,voiture,deux_roues,5,2,4,1,3
202300025877,2023-05-26 09:05:00,2023,5,26,9,5,37,37261,CHURCHILL (BOULEVARD WINSTON),47.37371,0.68213,Plein jour,En agglomération,Place,Normale,Deux véhicules - côté,4,1,1,1,1,1,1,0,1,50,2,2,1,0,0,1,13.0,34.0,deux_roues,voiture,1,2,7,1,3
202300025878,2023-03-08 20:40:00,2023,3,8,20,40,75,75117,BOULEVARD BERTHIER,48.893569,2.311795,Nuit avec éclairage allumé,En agglomération,Intersection en X,Pluie forte,Deux véhicules - côté,4,3,6,1,1,1,2,0,1,50,2,2,1,0,1,0,28.0,20.0,deux_roues,voiture,5,2,2,3,3
202300025878,2023-03-08 20:40:00,2023,3,8,20,40,75,75117,BOULEVARD BERTHIER,48.893569,2.311795,Nuit avec éclairage allumé,En agglomération,Intersection en X,Pluie forte,Deux véhicules - côté,4,2, -1,-1,1,2,2,0,1,-1,2,2,1,0,1,0,28.0,20.0,deux_roues,voiture,5,2,2,3,3
202300025879,2023-04-18 18:30:00,2023,4,18,18,30,94,94028,A86,48.79310493,2.44131616,Plein jour,Hors agglomération,Hors intersection,Normale,Trois véhicules et plus - collisions multiples,1,1,3,0,1,1,1,0,1,90,5,5,3,0,0,2,35.0,34.0,voiture,voiture,1,1,1,1,5