accident_id,datetime,annee,mois,jour,heure,minute,departement,commune_insee,adresse,latitude,longitude,luminosite,agglomeration,intersection,meteo,collision,catr,circ,nbv,vosp,prof,plan,surf,infra,situ,vma,nb_vehicules,nb_usagers,nb_indemnes,nb_tues,nb_blesses_hosp,nb_blesses_legers,age_cond_1,age_cond_2,veh_type_cond_1,veh_type_cond_2,lum_code,agg_code,int_code,atm_code,col_code
202300025880,2023-08-07 19:45:00,2023,8,7,19,45,33,33284,7 Avenue de la République,44.605847,-0.938331,Plein jour,En agglomération,Hors intersection,Normale,Autre collision,3,2,2,0,1,1,1,0,1,50,1,2,1,0,1,0,19.0,,voiture,,1,2,1,1,6
202300025881,2023-01-23 13:20:00,2023,1,23,13,20,71,71040,DE LATTRE DE TASSIGNY (BLD DU MARECHAL),46.670948,4.386307,Plein jour,En agglomération,Intersection en T,Normale,Deux véhicules - arrière,3,3,1,0,1,2,1,5,1,50,2,2,1,0,0,1,26.0,17.0,voiture,deux_roues,1,2,3,1,2
202300025881,2023-01-23 13:20:00,2023,1,23,13,20,71,71040,DE LATTRE DE TASSIGNY (BLD DU MARECHAL),46.670948,4.386307,Plein jour,En agglomération,Intersection en T,Normale,Deux véhicules - arrière,3,2,3,0,1,2,1,5,1,-1,2,2,1,0,0,1,26.0,17.0,voiture,deux_roues,1,2,3,1,2
202300025882,2023-05-26 10:10:00,2023,5,26,10,10,35,35238,CANADA (AVENUE DU),48.0893,-1.68218,Plein jour,En agglomération,Giratoire,Normale,Autre collision,4,3,2,2,1,1,1,0,1,50,1,2,1,0,0,1,37.0,,voiture,,1,2,6,1,6
202300025883,2023-03-08 19:15:00,2023,3,8,19,15,75,75117,AVENUE NIEL,48.883277,2.296577,Nuit avec éclairage allumé,En agglomération,Intersection en T,Pluie légère,Deux véhicules - côté,4,2,2,3,1,1,2,0,1,30,2,2,1,0,0,1,30.0,45.0,deux_roues,voiture,5,2,3,2,3
202300025883,2023-03-08 19:15:00,2023,3,8,19,15,75,75117,AVENUE NIEL,48.883277,2.296577,Nuit avec éclairage allumé,En agglomération,Intersection en T,Pluie légère,Deux véhicules - côté,4,1, -1,-1,1,1,2,0,1,-1,2,2,1,0,0,1,30.0,45.0,deux_roues,voiture,5,2,3,2,3
202300025884,2023-04-18 13:30:00,2023,4,18,13,30,77,77495,A105,48.58696,2.636647,Plein jour,Hors agglomération,Hors intersection,Normale,Deux véhicules - arrière,1,-1,2,0,1,1,1,0,1,110,2,2,1,0,0,1,35.0,64.0,voiture,utilitaire_camion,1,1,1,1,2
202300025885,2023-05-27 00:15:00,2023,5,27,0,15,34,34108,29 Avenue des Jardiniers,43.451615,3.756578,Nuit avec éclairage allumé,En agglomération,Hors intersection,Normale,Autre collision,4,1,1,0,1,1,1,0,1,50,1,1,0,0,0,1,18.0,,deux_roues,,5,2,1,1,6
202300025886,2023-08-06 10:12:00,2023,8,6,10,12,85,85163,Rue du puits neuf,47.00456609,-2.24534019,Plein jour,En agglomération,Intersection en X,Normale,Deux véhicules - côté,3,2,2,0,1,1,1,0,1,50,2,2,1,0,1,0,84.0,84.0,voiture,deux_roues,1,2,2,1,3
202300025886,2023-08-06 10:12:00,2023,8,6,10,12,85,85163,Rue du puits neuf,47.00456609,-2.24534019,Plein jour,En agglomération,Intersection en X,Normale,Deux véhicules - côté,3,2, -1,-1,1,3,1,0,1,-1,2,2,1,0,1,0,84.0,84.0,voiture,deux_roues,1,2,2,1,3
202300025887,2023-01-24 16:15:00,2023,1,24,16,15,70,70388,HACQUARD (RUE MARCEL),47.61683668,6.12439983,Plein jour,En agglomération,Intersection en X,Temps couvert,Autre collision,4,2,2,0,2,1,1,0,1,50,1,2,1,0,0,1,48.0,,voiture,,1,2,2,8,6
202300025887,2023-01-24 16:15:00,2023,1,24,16,15,70,70388,HACQUARD (RUE MARCEL),47.61683668,6.12439983,Plein jour,En agglomération,Intersection en X,Temps couvert,Autre collision,4,2,2,0,1,1,1,0,1,50,1,2,1,0,0,1,48.0,,voiture,,1,2,2,8,6
202300025888,2023-03-08 11:05:00,2023,3,8,11,5,75,75117,RUE DE COURCELLES,48.882129,2.300138,Plein jour,En agglomération,Hors intersection,Normale,Deux véhicules - côté,4,2,2,0,1,1,2,0,1,30,2,2,1,0,1,0,25.0,47.0,deux_roues,voiture,1,2,1,1,3
202300025889,2023-08-06 17:45:00,2023,8,6,17,45,85,85214,RD 109,46.5512858,-1.6687926,Plein jour,Hors agglomération,Hors intersection,Normale,Autre collision,3,2,2,0,2,2,1,2,3,80,1,2,0,0,2,0,27.0,,voiture,,1,1,1,1,6
202300025890,2023-05-26 09:10:00,2023,5,26,9,10,34,34301,26 Promenade Jean-Baptiste Marty,43.39606,3.69535,Plein jour,En agglomération,Hors intersection,Normale,Deux véhicules - arrière,4,1,1,0,1,1,1,0,1,30,2,2,1,0,0,1,53.0,62.0,voiture,deux_roues,1,2,1,1,2
202300025891,2023-01-24 14:20:00,2023,1,24,14,20,69,69092,Avenue Alfred Gap,46.00726,4.71195,Plein jour,Hors agglomération,Hors intersection,Normale,Deux véhicules - frontale,4,2,2,2,1,1,1,0,1,50,2,2,0,0,0,2,43.0,41.0,voiture,voiture,1,1,1,1,1
202300025892,2023-01-23 16:30:00,2023,1,23,16,30,69,69264,32 Boulevard Etienne Bernand,45.9863,4.71486,Plein jour,En agglomération,Hors intersection,Normale,Autre collision,4,2,2,2,1,1,1,0,1,50,1,1,0,0,0,1,27.0,,voiture,,1,2,1,1,6
202300025893,2023-08-04 15:30:00,2023,8,4,15,30,85,85016,le plantis,46.6673275,-1.6180939,Plein jour,Hors agglomération,Hors intersection,Normale,Deux véhicules - côté,3,2,2,0,1,1,1,0,1,-1,2,3,2,0,1,0,28.0,82.0,voiture,voiture,1,1,1,1,3
202300025894,2023-03-08 09:20:00,2023,3,8,9,20,75,75117,PLACE GENERAL CATROUX,48.882517,2.31052,Plein jour,En agglomération,Intersection en X,Pluie légère,Deux véhicules - arrière,4,2,2,0,1,1,2,0,1,30,2,2,1,0,0,1,59.0,16.0,utilitaire_camion,deux_roues,1,2,2,2,2
202300025894,2023-03-08 09:20:00,2023,3,8,9,20,75,75117,PLACE GENERAL CATROUX,48.882517,2.31052,Plein jour,En agglomération,Intersection en X,Pluie légère,Deux véhicules - arrière,4,2,2,0,1,1,2,0,1,30,2,2,1,0,0,1,59.0,16.0,utilitaire_camion,deux_roues,1,2,2,2,2
202300025895,2023-05-24 22:35:00,2023,5,24,22,35,34,34172,1107 Avenue de Toulouse,43.59298,3.85948,Nuit avec éclairage allumé,En agglomération,Hors intersection,Normale,Deux véhicules - frontale,4,2,4,0,2,1,1,0,1,50,2,2,0,0,0,2,20.0,62.0,utilitaire_camion,voiture,5,2,1,1,1
202300025896,2023-04-17 06:30:00,2023,4,17,6,30,77,77175,RN104,48.665098,2.613261,Crépuscule ou aube,Hors agglomération,Hors intersection,Normale,Trois véhicules et plus - en chaîne,2,3,3,0,1,1,1,0,1,110,4,5,3,1,0,1,34.0,40.0,voiture,voiture,2,1,1,1,4
202300025897,2023-01-23 16:40:00,2023,1,23,16,40,69,69290,17 Rue Anatole France,45.69128,4.93588,Plein jour,En agglomération,Hors intersection,Temps couvert,Autre collision,4,1,1,2,1,1,1,0,1,30,1,2,1,0,0,1,55.0,,voiture,,1,2,1,8,6
202300025898,2023-08-07 15:50:00,2023,8,7,15,50,85,85300,RD4,46.703439,-1.519633,Plein jour,Hors agglomération,Hors intersection,Normale,Autre collision,3,2,2,0,1,1,1,0,1,80,1,1,0,1,0,0,35.0,,utilitaire_camion,,1,1,1,1,6
202300025899,2023-04-17 14:35:00,2023,4,17,14,35,974,97416,COLARDEAU (CHEMIN FERNAND),-21.2854,55.46919,Plein jour,En agglomération,Hors intersection,Normale,Sans collision,4,-1,0,0,2,1,1,8,1,30,1,1,0,0,0,1,34.0,,deux_roues,,1,2,1,1,7
202300025900,2023-03-08 13:15:00,2023,3,8,13,15,75,75116,RUE DE CHAILLOT,48.865821,2.29603,Plein jour,En agglomération,Intersection en Y,Normale,Autre collision,4,2, -1,-1,1,1,1,0,1,-1,1,2,1,0,0,1,36.0,,utilitaire_camion,,1,2,4,1,6
202300025900,2023-03-08 13:15:00,2023,3,8,13,15,75,75116,RUE DE CHAILLOT,48.865821,2.29603,Plein jour,En agglomération,Intersection en Y,Normale,Autre collision,4,2,2,0,1,1,1,0,1,30,1,2,1,0,0,1,36.0,,utilitaire_camion,,1,2,4,1,6
202300025901,2023-05-26 19:10:00,2023,5,26,19,10,33,33063,Rue Duffour Dubergier,44.83718,-0.57605,Plein jour,En agglomération,Hors intersection,Normale,Deux véhicules - arrière,4,2,3,3,1,1,1,-1,1,30,2,2,1,0,0,1,56.0,26.0,deux_roues,voiture,1,2,1,1,2
202300025902,2023-08-07 00:40:00,2023,8,7,0,40,44,44159,Rue du four à pain,47.148265,-1.39984,Nuit sans éclairage public,Hors agglomération,Hors intersection,Normale,Sans collision,3,2,2,0,4,3,1,0,1,80,1,1,0,0,1,0,53.0,,deux_roues,,3,1,1,1,7
202300025903,2023-01-24 08:30:00,2023,1,24,8,30,67,67482,JEAN JAURES (AVENUE),48.56676,7.77375,Plein jour,En agglomération,Passage à niveau,Temps couvert,Deux véhicules - côté,4,3,7,3,1,1,1,4,6,50,2,2,1,0,0,1,61.0,45.0,transport_commun,deux_roues,1,2,8,8,3
202300025904,2023-04-17 15:10:00,2023,4,17,15,10,974,97411,MONTAGNE (ROUTE DE LA),-20.88031,55.44402,Plein jour,En agglomération,Hors intersection,Normale,Deux véhicules - côté,3,2,2,0,2,1,1,0,1,70,2,2,1,0,0,1,29.0,25.0,voiture,deux_roues,1,2,1,1,3
202300025905,2023-03-07 08:50:00,2023,3,7,8,50,75,75116,AVENUE THEOPHILE GAUTIER,48.849939,2.27222,Plein jour,En agglomération,Intersection en X,Normale,Deux véhicules - côté,4,2,2,0,1,1,1,0,1,30,2,2,1,0,0,1,33.0,29.0,voiture,deux_roues,1,2,2,1,3
202300025905,2023-03-07 08:50:00,2023,3,7,8,50,75,75116,AVENUE THEOPHILE GAUTIER,48.849939,2.27222,Plein jour,En agglomération,Intersection en X,Normale,Deux véhicules - côté,4,2, -1,0,1,1,1,0,1,30,2,2,1,0,0,1,33.0,29.0,voiture,deux_roues,1,2,2,1,3
202300025906,2023-05-26 10:10:00,2023,5,26,10,10,33,33281,Avenue Léon Blum,44.85254,-0.64314,Plein jour,En agglomération,Intersection en T,Temps éblouissant,Deux véhicules - côté,4,2,2,2,1,1,1,5,1,50,2,2,1,0,1,0,90.0,49.0,voiture,voiture,1,2,3,7,3
202300025906,2023-05-26 10:10:00,2023,5,26,10,10,33,33281,Avenue Léon Blum,44.85254,-0.64314,Plein jour,En agglomération,Intersection en T,Temps éblouissant,Deux véhicules - côté,4,2,2,0,1,1,1,5,1,50,2,2,1,0,1,0,90.0,49.0,voiture,voiture,1,2,3,7,3
202300025907,2023-08-03 17:00:00,2023,8,3,17,0,50,50294,2 Le Haut de Tabarin,49.591968,-1.655529,Plein jour,En agglomération,Intersection en T,Normale,Deux véhicules - côté,3,2,2,0,1,1,1,0,1,50,2,2,1,0,0,1,48.0,71.0,utilitaire_camion,voiture,1,2,3,1,3
202300025907,2023-08-03 17:00:00,2023,8,3,17,0,50,50294,2 Le Haut de Tabarin,49.591968,-1.655529,Plein jour,En agglomération,Intersection en T,Normale,Deux véhicules - côté,3,2, -1,0,1,1,1,0,1,-1,2,2,1,0,0,1,48.0,71.0,utilitaire_camion,voiture,1,2,3,1,3
202300025908,2023-01-24 17:05:00,2023,1,24,17,5,64,64545,Rue Paul Gélos,43.37794,-1.67238,Plein jour,En agglomération,Intersection en T,Temps couvert,Deux véhicules - côté,3,2,2,0,1,1,1,0,1,30,2,3,2,0,0,1,22.0,16.0,voiture,deux_roues,1,2,3,8,3
202300025908,2023-01-24 17:05:00,2023,1,24,17,5,64,64545,Rue Paul Gélos,43.37794,-1.67238,Plein jour,En agglomération,Intersection en T,Temps couvert,Deux véhicules - côté,3,2,2,0,1,1,1,0,1,30,2,3,2,0,0,1,22.0,16.0,voiture,deux_roues,1,2,3,8,3
202300025909,2023-08-06 15:40:00,2023,8,6,15,40,50,50616,2 Le Grand Neufbourg,48.668132,-1.383435,Plein jour,En agglomération,Hors intersection,Normale,Deux véhicules - côté,3,2,2,0,1,3,1,0,1,50,2,2,1,0,1,0,20.0,19.0,voiture,deux_roues,1,2,1,1,3
202300025910,2023-03-08 21:22:00,2023,3,8,21,22,75,75115,ROND POINT DU PONT MIRABEAU,48.84606916,2.27694869,Nuit avec éclairage allumé,En agglomération,Intersection en X,Pluie forte,Autre collision,4,1, -1,-1,1,1,2,0,1,-1,1,2,0,0,0,2,43.0,,deux_roues,,5,2,2,3,6
202300025910,2023-03-08 21:22:00,2023,3,8,21,22,75,75115,ROND POINT DU PONT MIRABEAU,48.84606916,2.27694869,Nuit avec éclairage allumé,En agglomération,Intersection en X,Pluie forte,Autre collision,4,-1,2,0,1,1,2,0,1,30,1,2,0,0,0,2,43.0,,deux_roues,,5,2,2,3,6
202300025911,2023-05-26 09:40:00,2023,5,26,9,40,33,33069,Avenue d'Eysines,44.86206,-0.61585,Plein jour,En agglomération,Intersection en T,Normale,Deux véhicules - côté,4,2,2,0,1,1,1,0,1,50,2,2,0,0,0,2,28.0,63.0,deux_roues,deux_roues,1,2,3,1,3
202300025911,2023-05-26 09:40:00,2023,5,26,9,40,33,33069,Avenue d'Eysines,44.86206,-0.61585,Plein jour,En agglomération,Intersection en T,Normale,Deux véhicules - côté,4,2,2,0,1,1,1,0,1,50,2,2,0,0,0,2,28.0,63.0,deux_roues,deux_roues,1,2,3,1,3
202300025912,2023-04-17 21:50:00,2023,4,17,21,50,974,97407,STRASBOURG(BOULEVARD),-20.93823,55.29673,Nuit avec éclairage allumé,En agglomération,Intersection en Y,Normale,Deux véhicules - côté,4,2,0,0,1,1,1,0,1,50,2,3,2,0,0,1,24.0,,voiture,deux_roues,5,2,4,1,3
202300025912,2023-04-17 21:50:00,2023,4,17,21,50,974,97407,STRASBOURG(BOULEVARD),-20.93823,55.29673,Nuit avec éclairage allumé,En agglomération,Intersection en Y,Normale,Deux véhicules - côté,4,2,2,0,1,1,1,0,1,50,2,3,2,0,0,1,24.0,,voiture,deux_roues,5,2,4,1,3
202300025913,2023-01-24 17:10:00,2023,1,24,17,10,64,64445,boulevard de la Paix,43.31732,-0.34238,Plein jour,En agglomération,Hors intersection,Temps couvert,Trois véhicules et plus - en chaîne,4,2,0,0,1,1,1,0,1,50,3,5,3,0,0,2,64.0,48.0,voiture,voiture,1,2,1,8,4
202300025914,2023-03-08 17:50:00,2023,3,8,17,50,75,75115,QUAI ANDRE CITROEN,48.845123,2.276391,Plein jour,En agglomération,Hors intersection,Pluie forte,Autre collision,4,1,2,0,2,3,2,0,1,30,1,1,0,0,0,1,26.0,,deux_roues,,1,2,1,3,6
202300025915,2023-08-04 16:15:00,2023,8,4,16,15,14,14658,Route de la Dolère,48.840105,-0.978899,Plein jour,Hors agglomération,Intersection en T,Normale,Deux véhicules - côté,3,2,2,0,1,1,1,0,1,90,2,3,2,0,1,0,75.0,76.0,voiture,voiture,1,1,3,1,3
202300025915,2023-08-04 16:15:00,2023,8,4,16,15,14,14658,Route de la Dolère,48.840105,-0.978899,Plein jour,Hors agglomération,Intersection en T,Normale,Deux véhicules - côté,3,2,2,0,1,1,1,0,1,90,2,3,2,0,1,0,75.0,76.0,voiture,voiture,1,1,3,1,3
202300025916,2023-05-25 08:40:00,2023,5,25,8,40,33,33192,Avenue Favard,44.78612862,-0.60403615,Plein jour,En agglomération,Hors intersection,Normale,Deux véhicules - côté,4,2,2,2,1,1,1,0,1,50,2,2,1,0,0,1,53.0,37.0,deux_roues,voiture,1,2,1,1,3
202300025917,2023-01-23 13:50:00,2023,1,23,13,50,64,64102,Cours Comte de Cabarrus,43.481709,-1.485276,Plein jour,En agglomération,Hors intersection,Temps couvert,Deux véhicules - côté,4,2,2,0,1,2,1,5,1,50,2,2,1,0,0,1,17.0,32.0,deux_roues,voiture,1,2,1,8,3
202300025918,2023-08-06 06:25:00,2023,8,6,6,25,56,56178,Rue Henri Dunant,48.058567,-2.969136,Crépuscule ou aube,En agglomération,Autre intersection,Normale,Autre collision,6,-1, -1,0,1,1,1,0,8,50,1,2,1,0,1,0,,,voiture,,2,2,9,1,6
202300025919,2023-01-23 18:39:00,2023,1,23,18,39,63,63113,DELILLE (PLACE),45.77988,3.0917,Crépuscule ou aube,En agglomération,Hors intersection,Normale,Deux véhicules - frontale,4,2,2,0,1,3,1,0,1,50,2,2,1,0,0,1,17.0,58.0,deux_roues,voiture,2,2,1,1,1
202300025920,2023-03-08 15:35:00,2023,3,8,15,35,75,75115,PONT DE GRENELLE,48.84956397,2.28126168,Plein jour,En agglomération,Intersection en X,Pluie forte,Deux véhicules - frontale,4,2, -1,-1,1,1,2,0,1,-1,2,3,1,0,0,2,70.0,91.0,voiture,voiture,1,2,2,3,1
202300025920,2023-03-08 15:35:00,2023,3,8,15,35,75,75115,PONT DE GRENELLE,48.84956397,2.28126168,Plein jour,En agglomération,Intersection en X,Pluie forte,Deux véhicules - frontale,4,2,4,1,1,1,2,0,1,30,2,3,1,0,0,2,70.0,91.0,voiture,voiture,1,2,2,3,1
202300025921,2023-05-25 22:41:00,2023,5,25,22,41,31,31555,RUE MARIE CLAIRE DE CATELLAN,43.62645502,1.4435555,Nuit avec éclairage allumé,En agglomération,Hors intersection,Normale,Deux véhicules - frontale,4,1,2,3,1,2,1,8,1,50,2,3,2,0,1,0,33.0,27.0,deux_roues,voiture,5,2,1,1,1
202300025922,2023-08-05 19:25:00,2023,8,5,19,25,56,56069,Route de Port Melite,47.639951,-3.449895,Plein jour,En agglomération,Hors intersection,Normale,Deux véhicules - côté,4,2,2,0,2,1,1,0,1,50,2,2,1,0,0,1,75.0,46.0,voiture,deux_roues,1,2,1,1,3
202300025923,2023-01-21 04:15:00,2023,1,21,4,15,57,57672,MONDORFF (ROUTE DE),49.38985966,6.18676186,Nuit sans éclairage public,En agglomération,Hors intersection,Neige / grêle,Autre collision,3,2,2,0,2,3,5,0,3,50,1,1,0,1,0,0,21.0,,voiture,,3,2,1,4,6
202300025924,2023-03-08 09:00:00,2023,3,8,9,0,75,75115,13 Boulevard de Grenelle,48.85374331,2.28972673,Plein jour,En agglomération,Hors intersection,Pluie légère,Sans collision,4,1,2,1,2,1,2,-1,5,25,1,1,0,0,0,1,17.0,,deux_roues,,1,2,1,2,7
202300025925,2023-01-24 10:40:00,2023,1,24,10,40,56,56121,VILLARET DE JOYEUSE (RUE),47.76098,-3.37293,Plein jour,En agglomération,Hors intersection,Normale,Autre collision,4,1,1,0,1,1,1,0,1,30,1,1,0,0,0,1,76.0,,voiture,,1,2,1,1,6
202300025926,2023-08-05 02:20:00,2023,8,5,2,20,29,29181,Trévianou,48.479687,-4.260124,Nuit sans éclairage public,Hors agglomération,Hors intersection,Pluie légère,Deux véhicules - frontale,4,2,2,0,2,3,2,0,1,80,2,4,0,0,3,1,25.0,48.0,voiture,voiture,3,1,1,2,1
202300025927,2023-01-24 00:36:00,2023,1,24,0,36,56,56121,6 Rue Monistrol,47.73867,-3.38092,Nuit sans éclairage public,En agglomération,Hors intersection,Normale,Autre collision,4,3,2,0,2,1,1,0,1,50,1,1,0,0,0,1,48.0,,deux_roues,,3,2,1,1,6
202300025928,2023-03-07 16:35:00,2023,3,7,16,35,75,75114,49 AVENUE DU MAINE,48.840078,2.321732,Plein jour,En agglomération,Intersection en T,Normale,Autre collision,4,1,3,2,1,1,1,0,1,30,1,3,2,0,0,1,47.0,,deux_roues,,1,2,3,1,6
202300025928,2023-03-07 16:35:00,2023,3,7,16,35,75,75114,49 AVENUE DU MAINE,48.840078,2.321732,Plein jour,En agglomération,Intersection en T,Normale,Autre collision,4,2, -1,1,1,1,1,0,1,-1,1,3,2,0,0,1,47.0,,deux_roues,,1,2,3,1,6
202300025929,2023-08-06 01:00:00,2023,8,6,1,0,22,22176,La Mare,48.458096,-2.755433,Nuit sans éclairage public,Hors agglomération,Hors intersection,Normale,Autre collision,3,2,2,0,2,2,1,0,3,80,1,1,0,0,1,0,28.0,,deux_roues,,3,1,1,1,6
202300025930,2023-05-26 19:10:00,2023,5,26,19,10,29,29232,Rue Paul Borrossi,47.98754,-4.1292,Plein jour,En agglomération,Hors intersection,Normale,Trois véhicules et plus - collisions multiples,4,2,2,0,1,1,1,0,1,50,5,8,1,0,5,2,25.0,29.0,voiture,voiture,1,2,1,1,5
202300025931,2023-03-08 16:30:00,2023,3,8,16,30,75,75108,AVENUE GEORGE V,48.865464,2.301402,Plein jour,En agglomération,Hors intersection,Pluie légère,Deux véhicules - côté,4,2,2,0,2,1,2,0,1,30,2,2,1,0,0,1,57.0,40.0,deux_roues,deux_roues,1,2,1,2,3
202300025932,2023-08-03 16:30:00,2023,8,3,16,30,35,35178,La Bouzille,48.287984,-1.438975,Plein jour,Hors agglomération,Hors intersection,Pluie légère,Deux véhicules - côté,3,2,2,0,4,1,2,0,1,80,2,2,1,0,1,0,31.0,35.0,voiture,deux_roues,1,1,1,2,3
202300025933,2023-01-23 19:25:00,2023,1,23,19,25,56,56107,Quélisoy les Bruyères,47.72209,-3.38232,Nuit avec éclairage allumé,Hors agglomération,Hors intersection,Normale,Trois véhicules et plus - en chaîne,3,3,4,0,4,1,1,0,1,70,4,4,3,0,0,1,23.0,22.0,voiture,voiture,5,1,1,1,4
202300025934,2023-05-26 20:55:00,2023,5,26,20,55,28,28404,BERTIN (RUE JEAN),48.71057,1.376,Plein jour,Hors agglomération,Hors intersection,Normale,Autre collision,4,2,2,0,1,2,1,0,4,50,1,1,0,0,0,1,24.0,,voiture,,1,1,1,1,6
202300025935,2023-08-05 17:12:00,2023,8,5,17,12,35,35334,76 Rue Nationale,48.156596,-1.591709,Plein jour,En agglomération,Hors intersection,Normale,Deux véhicules - frontale,4,2,2,1,1,1,1,0,1,30,2,2,1,0,0,1,72.0,23.0,deux_roues,deux_roues,1,2,1,1,1
202300025936,2023-01-23 15:00:00,2023,1,23,15,0,54,54395,Boulevard Lobau,48.6818,6.1976,Plein jour,En agglomération,Hors intersection,Normale,Autre collision,4,2,2,0,1,1,1,0,1,50,1,2,1,0,0,1,64.0,,voiture,,1,2,1,1,6
202300025937,2023-03-08 20:05:00,2023,3,8,20,5,75,75103,RUE DE TURBIGO,48.866844,2.361913,Nuit avec éclairage allumé,En agglomération,Intersection en X,Normale,Deux véhicules - côté,4,3,3,1,1,1,2,-1,5,30,2,2,1,0,0,1,75.0,26.0,voiture,deux_roues,5,2,2,1,3
202300025937,2023-03-08 20:05:00,2023,3,8,20,5,75,75103,RUE DE TURBIGO,48.866844,2.361913,Nuit avec éclairage allumé,En agglomération,Intersection en X,Normale,Deux véhicules - côté,4,2,7,1,1,1,2,-1,5,30,2,2,1,0,0,1,75.0,26.0,voiture,deux_roues,5,2,2,1,3
202300025938,2023-05-26 21:05:00,2023,5,26,21,5,28,28404,CHAPPEY (AVE MARC),48.73044,1.34035,Plein jour,En agglomération,Hors intersection,Normale,Autre collision,4,3,2,0,1,1,1,0,1,30,1,2,1,0,0,1,25.0,,utilitaire_camion,,1,2,1,1,6
202300025939,2023-01-14 22:00:00,2023,1,14,22,0,44,44109,13 Rue Gaëtan Rondeau,47.20671,-1.533915,Nuit avec éclairage allumé,En agglomération,Autre intersection,Pluie légère,Autre collision,4,3,4,3,1,1,2,9,1,50,1,2,1,1,0,0,48.0,,transport_commun,,5,2,9,2,6
202300025940,2023-05-26 07:35:00,2023,5,26,7,35,27,27681,IVRY (ROUTE D'),49.07252,1.47339,Plein jour,En agglomération,Hors intersection,Normale,Sans collision,4,3,2,0,2,4,1,8,1,50,1,1,0,0,0,1,17.0,,deux_roues,,1,2,1,1,7
202300025941,2023-08-04 10:30:00,2023,8,4,10,30,76,76658,Route du Chêne,49.504858,0.364609,Plein jour,En agglomération,Hors intersection,Normale,Autre collision,4,2,2,0,1,1,1,0,1,50,1,1,0,0,0,1,67.0,,deux_roues,,1,2,1,1,6
202300025942,2023-01-22 05:20:00,2023,1,22,5,20,40,40192,CANENX (AV DE) R.D. 53,43.9121,-0.48126,Nuit sans éclairage public,En agglomération,Hors intersection,Normale,Sans collision,3,2,2,0,1,1,1,2,1,50,1,2,0,0,0,2,18.0,,deux_roues,,3,2,1,1,7
202300025943,2023-03-08 10:20:00,2023,3,8,10,20,75,75102,BOULEVARD DES ITALIENS,48.871285,2.335932,Plein jour,En agglomération,Intersection en X,Brouillard / fumée,Trois véhicules et plus - en chaîne,4,2,3,3,1,1,2,0,1,30,3,3,1,0,0,2,25.0,24.0,utilitaire_camion,utilitaire_camion,1,2,2,5,4
202300025943,2023-03-08 10:20:00,2023,3,8,10,20,75,75102,BOULEVARD DES ITALIENS,48.871285,2.335932,Plein jour,En agglomération,Intersection en X,Brouillard / fumée,Trois véhicules et plus - en chaîne,4,1,1,0,1,1,2,0,1,30,3,3,1,0,0,2,25.0,24.0,utilitaire_camion,utilitaire_camion,1,2,2,5,4
202300025944,2023-08-03 20:20:00,2023,8,3,20,20,76,76647,21 Avenue Maréchal de Lattre de Tassigny,49.536779,0.367475,Plein jour,Hors agglomération,Hors intersection,Normale,Sans collision,3,2,2,0,1,1,1,0,1,80,1,2,1,0,1,0,37.0,,deux_roues,,1,1,1,1,7
202300025945,2023-05-26 11:30:00,2023,5,26,11,30,27,27299,BRIAND (AVENUE ARISTIDE),49.04206,1.1596,Plein jour,En agglomération,Hors intersection,Normale,Deux véhicules - côté,3,-1,2,0,1,1,1,0,1,50,2,2,1,0,0,1,43.0,47.0,deux_roues,voiture,1,2,1,1,3
202300025946,2023-11-13 18:00:00,2023,11,13,18,0,13,13004,AV STALINGRAD,43.68813,4.63594,Nuit avec éclairage allumé,En agglomération,Hors intersection,Normale,Deux véhicules - côté,4,2,2,0,1,1,1,0,1,50,2,2,1,0,0,1,37.0,37.0,voiture,deux_roues,5,2,1,1,3
202300025947,2023-01-24 11:20:00,2023,1,24,11,20,37,37261,TANNEURS (RUE DES),47.39582,0.68041,Plein jour,En agglomération,Intersection en X,Normale,Autre collision,4,1,1,0,1,1,1,0,8,50,1,1,0,0,1,0,25.0,,deux_roues,,1,2,2,1,6
202300025947,2023-01-24 11:20:00,2023,1,24,11,20,37,37261,TANNEURS (RUE DES),47.39582,0.68041,Plein jour,En agglomération,Intersection en X,Normale,Autre collision,4,2,2,0,1,1,1,0,8,50,1,1,0,0,1,0,25.0,,deux_roues,,1,2,2,1,6
202300025947,2023-01-24 11:20:00,2023,1,24,11,20,37,37261,TANNEURS (RUE DES),47.39582,0.68041,Plein jour,En agglomération,Intersection en X,Normale,Autre collision,4,3,2,0,1,1,1,0,1,50,1,1,0,0,1,0,25.0,,deux_roues,,1,2,2,1,6
202300025948,2023-03-07 18:50:00,2023,3,7,18,50,75,75104,6 QUAI DE GESVRES,48.856573,2.34953,Nuit avec éclairage allumé,En agglomération,Intersection en T,Normale,Autre collision,4,1,4,3,1,1,1,0,4,30,1,2,1,0,0,1,,,deux_roues,,5,2,3,1,6
202300025948,2023-03-07 18:50:00,2023,3,7,18,50,75,75104,6 QUAI DE GESVRES,48.856573,2.34953,Nuit avec éclairage allumé,En agglomération,Intersection en T,Normale,Autre collision,4,2,2,0,1,1,1,1,4,30,1,2,1,0,0,1,,,deux_roues,,5,2,3,1,6
202300025949,2023-05-24 11:30:00,2023,5,24,11,30,27,27229,CONCHES (ROUTE DE),49.0190902,1.118632,Plein jour,En agglomération,Autre intersection,Normale,Deux véhicules - arrière,4,2,0,0,1,1,1,0,1,50,2,2,0,0,0,2,72.0,20.0,voiture,voiture,1,2,9,1,2