accident_id,datetime,annee,mois,jour,heure,minute,departement,commune_insee,adresse,latitude,longitude,luminosite,agglomeration,intersection,meteo,collision,catr,circ,nbv,vosp,prof,plan,surf,infra,situ,vma,nb_vehicules,nb_usagers,nb_indemnes,nb_tues,nb_blesses_hosp,nb_blesses_legers,age_cond_1,age_cond_2,veh_type_cond_1,veh_type_cond_2,lum_code,agg_code,int_code,atm_code,col_code
202300026017,2023-03-08 18:20:00,2023,3,8,18,20,92,92012,ALPHONSE LE GALLO (QUAI) 1/34,48.8412,2.2252,Crépuscule ou aube,En agglomération,Intersection à plus de 4 branches,Pluie forte,Deux véhicules - frontale,3,1,1,0,1,2,2,0,1,30,2,2,1,0,0,1,59.0,37.0,voiture,deux_roues,2,2,5,3,1
202300026018,2023-08-06 15:00:00,2023,8,6,15,0,91,91689,AUTOROUTE A6B,48.74852,2.32784,Plein jour,Hors agglomération,Hors intersection,Normale,Trois véhicules et plus - en chaîne,1,3,3,0,1,1,1,0,1,110,3,4,2,0,0,2,19.0,49.0,voiture,voiture,1,1,1,1,4
202300026019,2023-01-23 07:45:00,2023,1,23,7,45,13,13004,AV STALINGRAD,43.6852,4.63402,Crépuscule ou aube,En agglomération,Hors intersection,Normale,Autre collision,4,2,3,0,1,1,1,0,1,50,1,2,1,0,1,0,54.0,,voiture,,2,2,1,1,6
202300026020,2023-05-26 18:48:00,2023,5,26,18,48,75,75105,BOULEVARD SAINT MARCEL,48.837189,2.353,Plein jour,En agglomération,Intersection en T,Normale,Autre collision,4,2,4,0,1,1,1,0,1,30,1,2,1,0,0,1,57.0,,voiture,,1,2,3,1,6
202300026020,2023-05-26 18:48:00,2023,5,26,18,48,75,75105,BOULEVARD SAINT MARCEL,48.837189,2.353,Plein jour,En agglomération,Intersection en T,Normale,Autre collision,4,-1, -1,0,1,1,1,0,1,30,1,2,1,0,0,1,57.0,,voiture,,1,2,3,1,6
202300026021,2023-03-07 14:30:00,2023,3,7,14,30,92,92004,MARNE   ( AVENUE DE LA ),48.90824,2.28414,Plein jour,En agglomération,Hors intersection,Temps couvert,Autre collision,3,2,2,0,1,1,1,0,1,50,1,2,1,0,0,1,39.0,,voiture,,1,2,1,8,6
202300026022,2023-11-14 16:13:00,2023,11,14,16,13,75,75113,PLACE D ITALIE,48.831092,2.35606,Plein jour,En agglomération,Place,Pluie légère,Deux véhicules - côté,4,-1, -1,3,1,2,2,0,1,30,2,3,2,0,0,1,37.0,31.0,deux_roues,utilitaire_camion,1,2,7,2,3
202300026022,2023-11-14 16:13:00,2023,11,14,16,13,75,75113,PLACE D ITALIE,48.831092,2.35606,Plein jour,En agglomération,Place,Pluie légère,Deux véhicules - côté,4,1,5,3,1,2,2,0,1,30,2,3,2,0,0,1,37.0,31.0,deux_roues,utilitaire_camion,1,2,7,2,3
202300026023,2023-01-24 07:45:00,2023,1,24,7,45,07,07281,GROSS-UMSTADT (AVENUE DE),44.9434,4.8576,Plein jour,En agglomération,Giratoire,Normale,Deux véhicules - arrière,4,1,2,1,1,2,1,9,1,50,2,2,1,0,0,1,74.0,54.0,voiture,deux_roues,1,2,6,1,2
202300026023,2023-01-24 07:45:00,2023,1,24,7,45,07,07281,GROSS-UMSTADT (AVENUE DE),44.9434,4.8576,Plein jour,En agglomération,Giratoire,Normale,Deux véhicules - arrière,4,1,0,1,1,2,1,9,1,50,2,2,1,0,0,1,74.0,54.0,voiture,deux_roues,1,2,6,1,2
202300026024,2023-08-06 12:00:00,2023,8,6,12,0,91,91136,AUTOROUTE A10,48.71458,2.27288,Plein jour,Hors agglomération,Hors intersection,Normale,Trois véhicules et plus - en chaîne,1,1,3,0,1,1,1,0,1,90,3,4,3,0,0,1,47.0,42.0,voiture,voiture,1,1,1,1,4
202300026025,2023-11-14 00:20:00,2023,11,14,0,20,75,75107,AVENUE CHARLES FLOQUET,48.855642,2.295187,Nuit avec éclairage allumé,En agglomération,Hors intersection,Normale,Autre collision,4,1,1,0,1,1,1,0,1,30,1,1,0,0,0,1,17.0,,deux_roues,,5,2,1,1,6
202300026026,2023-03-04 05:25:00,2023,3,4,5,25,37,37030,La Pitronnière,47.59452043,0.86339235,Nuit sans éclairage public,Hors agglomération,Hors intersection,Normale,Sans collision,3,2,2,0,1,3,1,0,3,80,1,2,1,0,1,0,22.0,,voiture,,3,1,1,1,7
202300026027,2023-05-26 18:05:00,2023,5,26,18,5,75,75120,AVENUE GAMBETTA,48.86495,2.397267,Plein jour,En agglomération,Intersection en X,Normale,Autre collision,4,-1,4,0,1,1,1,0,1,30,1,3,2,0,0,1,26.0,,deux_roues,,1,2,2,1,6
202300026027,2023-05-26 18:05:00,2023,5,26,18,5,75,75120,AVENUE GAMBETTA,48.86495,2.397267,Plein jour,En agglomération,Intersection en X,Normale,Autre collision,4,-1, -1,0,1,1,1,0,1,30,1,3,2,0,0,1,26.0,,deux_roues,,1,2,2,1,6
202300026028,2023-01-25 07:20:00,2023,1,25,7,20,75,75120,PORTE DE BAGNOLET,48.862608,2.413553,Nuit avec éclairage allumé,En agglomération,Hors intersection,Normale,Deux véhicules - arrière,4,1,2,0,2,3,2,0,1,50,2,2,1,0,0,1,29.0,27.0,deux_roues,utilitaire_camion,5,2,1,1,2
202300026029,2023-11-13 20:15:00,2023,11,13,20,15,75,75112,RUE DU FAUBOURG SAINT ANTOINE,48.850992,2.377203,Nuit avec éclairage allumé,En agglomération,Intersection en T,Normale,Autre collision,4,1, -1,-1,1,1,1,0,1,30,1,2,1,0,0,1,29.0,,voiture,,5,2,3,1,6
202300026029,2023-11-13 20:15:00,2023,11,13,20,15,75,75112,RUE DU FAUBOURG SAINT ANTOINE,48.850992,2.377203,Nuit avec éclairage allumé,En agglomération,Intersection en T,Normale,Autre collision,4,2,2,0,1,1,1,0,1,30,1,2,1,0,0,1,29.0,,voiture,,5,2,3,1,6
202300026030,2023-01-24 20:35:00,2023,1,24,20,35,75,75112,BOULEVARD PERIPHERIQUE INTERIEUR NORD  ,48.842254,2.413632,Nuit avec éclairage allumé,En agglomération,Hors intersection,Normale,Autre collision,4,1,4,0,1,1,1,0,1,70,2,2,1,0,1,0,43.0,,deux_roues,utilitaire_camion,5,2,1,1,6
202300026031,2023-05-26 19:00:00,2023,5,26,19,0,75,75119,RUE PETIT,48.884832,2.381962,Plein jour,En agglomération,Intersection en T,Normale,Autre collision,4,-1, -1,0,1,1,1,0,1,30,1,2,1,0,1,0,29.0,,voiture,,1,2,3,1,6
202300026031,2023-05-26 19:00:00,2023,5,26,19,0,75,75119,RUE PETIT,48.884832,2.381962,Plein jour,En agglomération,Intersection en T,Normale,Autre collision,4,1,1,0,1,1,1,0,1,30,1,2,1,0,1,0,29.0,,voiture,,1,2,3,1,6
202300026032,2023-03-07 11:20:00,2023,3,7,11,20,06,06161,Route du Bord de Mer,43.618667,7.129833,Plein jour,Hors agglomération,Hors intersection,Normale,Trois véhicules et plus - en chaîne,3,2,2,2,1,1,1,0,5,70,3,3,1,0,1,1,77.0,76.0,voiture,deux_roues,1,1,1,1,4
202300026033,2023-08-05 20:50:00,2023,8,5,20,50,91,91687,AUTOROUTE A6,48.66085,2.37098,Plein jour,Hors agglomération,Hors intersection,Normale,Trois véhicules et plus - collisions multiples,1,1,3,0,1,1,1,0,1,70,5,6,4,0,0,2,21.0,42.0,voiture,voiture,1,1,1,1,5
202300026034,2023-08-05 18:15:00,2023,8,5,18,15,91,91521,AUTOROUTE A6,48.642646,2.391731,Plein jour,Hors agglomération,Hors intersection,Normale,Sans collision,1,3,3,0,1,1,2,0,1,70,1,1,0,0,0,1,22.0,,voiture,,1,1,1,1,7
202300026035,2023-01-24 08:50:00,2023,1,24,8,50,75,75115,QUAI D ISSY LES MOULINEAUX,48.838819,2.269443,Plein jour,En agglomération,Hors intersection,Normale,Deux véhicules - frontale,4,2,3,1,1,1,1,-1,5,30,2,2,1,0,1,0,55.0,54.0,deux_roues,deux_roues,1,2,1,1,1
202300026036,2023-11-14 14:15:00,2023,11,14,14,15,75,75111,BOULEVARD VOLTAIRE,48.850411,2.392517,Plein jour,En agglomération,Intersection en X,Pluie légère,Deux véhicules - côté,4,2,4,1,1,1,2,0,1,30,2,2,1,0,0,1,63.0,58.0,voiture,deux_roues,1,2,2,2,3
202300026036,2023-11-14 14:15:00,2023,11,14,14,15,75,75111,BOULEVARD VOLTAIRE,48.850411,2.392517,Plein jour,En agglomération,Intersection en X,Pluie légère,Deux véhicules - côté,4,2,2,2,2,1,2,0,1,30,2,2,1,0,0,1,63.0,58.0,voiture,deux_roues,1,2,2,2,3
202300026037,2023-03-08 17:45:00,2023,3,8,17,45,974,97412,Rue Raphaël Babet,-21.379247,55.62534,Plein jour,En agglomération,Hors intersection,Normale,Deux véhicules - côté,2,2,2,0,1,1,1,0,1,50,2,2,1,0,0,1,31.0,27.0,deux_roues,voiture,1,2,1,1,3
202300026038,2023-08-04 18:45:00,2023,8,4,18,45,94,94038,A6A,48.789453,2.34440982,Plein jour,Hors agglomération,Hors intersection,Normale,Trois véhicules et plus - en chaîne,1,1,1,0,1,1,1,0,1,90,3,3,2,0,0,1,26.0,34.0,voiture,voiture,1,1,1,1,4
202300026039,2023-03-09 07:50:00,2023,3,9,7,50,63,63358,D122,46.027597,3.048282,Crépuscule ou aube,Hors agglomération,Hors intersection,Normale,Autre collision,3,2,2,0,2,2,2,0,3,90,1,1,0,0,0,1,54.0,,voiture,,2,1,1,1,6
202300026040,2023-01-23 21:59:00,2023,1,23,21,59,75,75107,QUAI ANATOLE FRANCE,48.859548,2.329342,Nuit avec éclairage allumé,En agglomération,Intersection en X,Normale,Deux véhicules - côté,4,-1,2,0,1,1,1,0,1,30,2,3,2,0,0,1,29.0,27.0,deux_roues,utilitaire_camion,5,2,2,1,3
202300026040,2023-01-23 21:59:00,2023,1,23,21,59,75,75107,QUAI ANATOLE FRANCE,48.859548,2.329342,Nuit avec éclairage allumé,En agglomération,Intersection en X,Normale,Deux véhicules - côté,4,1,2,1,1,1,1,0,1,30,2,3,2,0,0,1,29.0,27.0,deux_roues,utilitaire_camion,5,2,2,1,3
202300026041,2023-05-26 08:30:00,2023,5,26,8,30,75,75116,PLACE DU MARECHAL DE LATTRE DE TASSIGNY,48.871669,2.274052,Plein jour,En agglomération,Place,Normale,Deux véhicules - côté,4,2,2,2,1,3,1,0,1,50,2,2,1,0,0,1,50.0,36.0,transport_commun,deux_roues,1,2,7,1,3
202300026041,2023-05-26 08:30:00,2023,5,26,8,30,75,75116,PLACE DU MARECHAL DE LATTRE DE TASSIGNY,48.871669,2.274052,Plein jour,En agglomération,Place,Normale,Deux véhicules - côté,4,1,2,0,1,1,1,0,1,50,2,2,1,0,0,1,50.0,36.0,transport_commun,deux_roues,1,2,7,1,3
202300026042,2023-11-14 10:43:00,2023,11,14,10,43,75,75111,AVENUE DE LA REPUBLIQUE,48.863802,2.382271,Plein jour,En agglomération,Intersection en T,Pluie légère,Deux véhicules - côté,4,2,4,1,1,1,2,0,5,30,2,3,2,0,0,1,47.0,29.0,utilitaire_camion,deux_roues,1,2,3,2,3
202300026042,2023-11-14 10:43:00,2023,11,14,10,43,75,75111,AVENUE DE LA REPUBLIQUE,48.863802,2.382271,Plein jour,En agglomération,Intersection en T,Pluie légère,Deux véhicules - côté,4,-1, -1,0,1,1,2,0,1,30,2,3,2,0,0,1,47.0,29.0,utilitaire_camion,deux_roues,1,2,3,2,3
202300026043,2023-05-26 10:30:00,2023,5,26,10,30,75,75114,RUE DIDOT,48.826976,2.313984,Plein jour,En agglomération,Hors intersection,Normale,Autre collision,4,1,1,0,1,1,1,9,1,30,1,1,0,0,0,1,36.0,,deux_roues,,1,2,1,1,6
202300026044,2023-08-04 12:25:00,2023,8,4,12,25,91,91617,RN6 PROVINCE / RN104 INT,48.645165,2.534629,Plein jour,Hors agglomération,Autre intersection,Normale,Deux véhicules - arrière,2,1, -1,-1,-1,2,-1,3,-1,-1,2,2,1,0,0,1,26.0,33.0,voiture,voiture,1,1,9,1,2
202300026044,2023-08-04 12:25:00,2023,8,4,12,25,91,91617,RN6 PROVINCE / RN104 INT,48.645165,2.534629,Plein jour,Hors agglomération,Autre intersection,Normale,Deux véhicules - arrière,2,3,4,0,1,1,1,0,1,110,2,2,1,0,0,1,26.0,33.0,voiture,voiture,1,1,9,1,2
202300026045,2023-03-08 14:40:00,2023,3,8,14,40,28,28048,Route Nationale la Bourdiniere,48.318243,1.42885,Plein jour,En agglomération,Hors intersection,Pluie forte,Autre collision,2,2,2,0,1,1,3,0,1,50,1,2,1,0,1,0,45.0,,utilitaire_camion,,1,2,1,3,6
202300026046,2023-01-22 19:40:00,2023,1,22,19,40,75,75118,BOULEVARD PERIPHERIQUE EXTERIEUR NORD  ,48.90086,2.365712,Nuit avec éclairage allumé,En agglomération,Hors intersection,Normale,Trois véhicules et plus - en chaîne,4,1,4,0,1,1,1,0,1,70,3,3,2,0,1,0,51.0,53.0,voiture,voiture,5,2,1,1,4
202300026047,2023-11-14 10:40:00,2023,11,14,10,40,75,75111,RUE SAINT MAUR,48.869462,2.373919,Plein jour,En agglomération,Intersection en X,Pluie légère,Autre collision,4,1,1,0,1,1,2,0,1,30,1,2,1,0,0,1,55.0,,voiture,,1,2,2,2,6
202300026047,2023-11-14 10:40:00,2023,11,14,10,40,75,75111,RUE SAINT MAUR,48.869462,2.373919,Plein jour,En agglomération,Intersection en X,Pluie légère,Autre collision,4,1,2,2,1,1,2,6,1,30,1,2,1,0,0,1,55.0,,voiture,,1,2,2,2,6
202300026048,2023-05-25 13:05:00,2023,5,25,13,5,75,75114,RUE LIANCOURT,48.833881,2.327263,Plein jour,En agglomération,Intersection en T,Normale,Autre collision,4,1, -1,-1,1,1,1,0,1,30,1,2,1,0,0,1,55.0,,voiture,,1,2,3,1,6
202300026048,2023-05-25 13:05:00,2023,5,25,13,5,75,75114,RUE LIANCOURT,48.833881,2.327263,Plein jour,En agglomération,Intersection en T,Normale,Autre collision,4,1,1,0,1,1,1,0,1,30,1,2,1,0,0,1,55.0,,voiture,,1,2,3,1,6
202300026049,2023-01-24 22:20:00,2023,1,24,22,20,75,75105,RUE LACEPEDE,48.843707,2.353689,Nuit avec éclairage allumé,En agglomération,Intersection en T,Normale,Autre collision,4,1, -1,-1,1,1,1,0,1,-1,1,2,1,0,0,1,23.0,,deux_roues,,5,2,3,1,6
202300026049,2023-01-24 22:20:00,2023,1,24,22,20,75,75105,RUE LACEPEDE,48.843707,2.353689,Nuit avec éclairage allumé,En agglomération,Intersection en T,Normale,Autre collision,4,1,1,1,2,1,1,0,1,30,1,2,1,0,0,1,23.0,,deux_roues,,5,2,3,1,6
202300026050,2023-03-08 13:25:00,2023,3,8,13,25,67,67283,D1004,48.691793,7.38528,Plein jour,Hors agglomération,Hors intersection,Pluie légère,Deux véhicules - frontale,3,2,3,0,2,1,2,0,1,90,2,3,0,0,1,2,39.0,38.0,voiture,voiture,1,1,1,2,1
202300026051,2023-08-04 13:50:00,2023,8,4,13,50,91,91553,RN 104,48.63145,2.50236,Plein jour,Hors agglomération,Hors intersection,Pluie légère,Trois véhicules et plus - en chaîne,2,1,3,0,1,1,2,0,1,90,3,3,2,0,0,1,38.0,20.0,voiture,voiture,1,1,1,2,4
202300026052,2023-11-14 13:08:00,2023,11,14,13,8,75,75107,PLACE JOFFRE,48.852743,2.303232,Plein jour,En agglomération,Hors intersection,Pluie légère,Deux véhicules - arrière,4,2,2,0,1,1,2,0,1,30,2,3,2,0,0,1,39.0,39.0,voiture,voiture,1,2,1,2,2
202300026053,2023-03-07 07:20:00,2023,3,7,7,20,62,62156,la grande place du haut buisson,50.889401,1.755011,Plein jour,Hors agglomération,Hors intersection,Pluie légère,Sans collision,4,2,2,0,1,1,2,0,8,-1,1,1,0,0,1,0,33.0,,voiture,,1,1,1,2,7
202300026054,2023-05-26 18:45:00,2023,5,26,18,45,75,75113,AVENUE D ITALIE,48.825795,2.357398,Plein jour,En agglomération,Intersection en T,Normale,Deux véhicules - côté,4,1,6,1,1,1,1,0,5,30,2,2,1,0,0,1,50.0,38.0,deux_roues,deux_roues,1,2,3,1,3
202300026054,2023-05-26 18:45:00,2023,5,26,18,45,75,75113,AVENUE D ITALIE,48.825795,2.357398,Plein jour,En agglomération,Intersection en T,Normale,Deux véhicules - côté,4,-1, -1,0,1,1,1,0,1,30,2,2,1,0,0,1,50.0,38.0,deux_roues,deux_roues,1,2,3,1,3
202300026055,2023-08-04 10:25:00,2023,8,4,10,25,91,91086,RN 104,48.62536,2.39572,Plein jour,Hors agglomération,Hors intersection,Normale,Deux véhicules - arrière,2,1,3,0,1,1,1,0,1,90,2,2,1,0,0,1,38.0,55.0,utilitaire_camion,voiture,1,1,1,1,2
202300026056,2023-01-24 16:00:00,2023,1,24,16,0,75,75116,ROUTE DE LA MUETTE A NEUILLY,48.872534,2.264433,Plein jour,En agglomération,Intersection en X,Normale,Deux véhicules - côté,4,2, -1,-1,1,1,1,0,1,-1,2,2,1,0,0,1,55.0,29.0,voiture,deux_roues,1,2,2,1,3
202300026056,2023-01-24 16:00:00,2023,1,24,16,0,75,75116,ROUTE DE LA MUETTE A NEUILLY,48.872534,2.264433,Plein jour,En agglomération,Intersection en X,Normale,Deux véhicules - côté,4,2,2,0,1,1,1,0,1,50,2,2,1,0,0,1,55.0,29.0,voiture,deux_roues,1,2,2,1,3
202300026057,2023-08-04 02:23:00,2023,8,4,2,23,91,91617,RN6 PROVINCE / RN 104 EXT,48.64409,2.5377,Nuit sans éclairage public,Hors agglomération,Hors intersection,Normale,Autre collision,2,-1,6,0,1,3,1,0,1,110,1,1,0,0,0,1,39.0,,utilitaire_camion,,3,1,1,1,6
202300026058,2023-05-26 17:15:00,2023,5,26,17,15,75,75112,ROUTE DAUPHINE,48.837576,2.436858,Plein jour,En agglomération,Hors intersection,Normale,Deux véhicules - arrière,4,2,2,1,1,1,1,0,5,30,2,2,0,0,1,1,50.0,78.0,deux_roues,deux_roues,1,2,1,1,2
202300026059,2023-11-13 23:15:00,2023,11,13,23,15,75,75107,RUE DE SEVRES,48.846007,2.313901,Nuit avec éclairage allumé,En agglomération,Intersection en T,Normale,Deux véhicules - côté,4,1, -1,-1,1,1,1,0,1,30,2,2,1,0,0,1,26.0,,deux_roues,voiture,5,2,3,1,3
202300026059,2023-11-13 23:15:00,2023,11,13,23,15,75,75107,RUE DE SEVRES,48.846007,2.313901,Nuit avec éclairage allumé,En agglomération,Intersection en T,Normale,Deux véhicules - côté,4,1,1,0,1,1,1,8,1,30,2,2,1,0,0,1,26.0,,deux_roues,voiture,5,2,3,1,3
202300026060,2023-03-06 08:00:00,2023,3,6,8,0,62,62775,Rue d’Eclemy,50.785848,1.902335,Plein jour,En agglomération,Hors intersection,Normale,Deux véhicules - frontale,4,2,1,0,2,4,1,0,1,50,2,3,2,0,1,0,18.0,22.0,deux_roues,voiture,1,2,1,1,1
202300026061,2023-08-03 20:00:00,2023,8,3,20,0,91,91377,AUTOROUTE A10,48.72196,2.29586,Plein jour,Hors agglomération,Hors intersection,Normale,Deux véhicules - côté,1,3,3,0,1,1,1,0,1,110,2,2,1,0,0,1,25.0,25.0,utilitaire_camion,deux_roues,1,1,1,1,3
202300026062,2023-08-06 06:26:00,2023,8,6,6,26,78,78117,RN12,48.788308,2.137474,Plein jour,Hors agglomération,Hors intersection,Normale,Autre collision,2,-1,3,0,1,1,2,0,1,110,1,1,0,0,0,1,21.0,,voiture,,1,1,1,1,6
202300026063,2023-01-25 09:10:00,2023,1,25,9,10,75,75115,RUE DE LA CROIX NIVERT,48.835804,2.289715,Plein jour,En agglomération,Intersection en X,Normale,Deux véhicules - côté,4,1, -1,-1,1,1,1,0,1,-1,2,2,1,0,0,1,41.0,48.0,voiture,deux_roues,1,2,2,1,3
202300026063,2023-01-25 09:10:00,2023,1,25,9,10,75,75115,RUE DE LA CROIX NIVERT,48.835804,2.289715,Plein jour,En agglomération,Intersection en X,Normale,Deux véhicules - côté,4,2,2,0,1,1,1,0,1,30,2,2,1,0,0,1,41.0,48.0,voiture,deux_roues,1,2,2,1,3
202300026064,2023-05-26 13:25:00,2023,5,26,13,25,75,75112,ESPLANADE SAINT LOUIS,48.84024,2.436141,Plein jour,En agglomération,Intersection en T,Normale,Deux véhicules - arrière,4,2,1,0,1,2,1,0,1,50,2,3,1,0,0,2,30.0,25.0,voiture,deux_roues,1,2,3,1,2
202300026064,2023-05-26 13:25:00,2023,5,26,13,25,75,75112,ESPLANADE SAINT LOUIS,48.84024,2.436141,Plein jour,En agglomération,Intersection en T,Normale,Deux véhicules - arrière,4,-1, -1,0,1,1,1,0,1,30,2,3,1,0,0,2,30.0,25.0,voiture,deux_roues,1,2,3,1,2
202300026065,2023-08-04 12:55:00,2023,8,4,12,55,78,78321,RN12 INT,48.797153,1.909635,Plein jour,Hors agglomération,Hors intersection,Normale,Deux véhicules - arrière,2,-1,3,0,1,1,1,1,1,110,2,2,0,0,0,2,60.0,54.0,voiture,voiture,1,1,1,1,2
202300026066,2023-11-14 23:35:00,2023,11,14,23,35,75,75107,AVENUE RAPP,48.859877,2.300852,Nuit avec éclairage allumé,En agglomération,Intersection en T,Normale,Deux véhicules - arrière,4,1,2,0,1,1,1,0,1,30,2,2,1,0,0,1,23.0,19.0,voiture,voiture,5,2,3,1,2
202300026066,2023-11-14 23:35:00,2023,11,14,23,35,75,75107,AVENUE RAPP,48.859877,2.300852,Nuit avec éclairage allumé,En agglomération,Intersection en T,Normale,Deux véhicules - arrière,4,-1, -1,0,1,1,1,0,1,30,2,2,1,0,0,1,23.0,19.0,voiture,voiture,5,2,3,1,2
202300026067,2023-03-09 09:40:00,2023,3,9,9,40,37,37229,A10 PK173+800,47.572878,1.053829,Plein jour,Hors agglomération,Hors intersection,Normale,Deux véhicules - arrière,1,3,3,0,1,1,1,0,1,130,2,4,1,0,0,3,45.0,24.0,utilitaire_camion,utilitaire_camion,1,1,1,1,2
202300026068,2023-01-25 14:07:00,2023,1,25,14,7,75,75113,BOULEVARD KELLERMANN,48.819161,2.359476,Plein jour,En agglomération,Intersection en X,Normale,Trois véhicules et plus - collisions multiples,4,2,4,0,1,1,1,0,1,30,3,3,2,0,0,1,,44.0,deux_roues,utilitaire_camion,1,2,2,1,5
202300026068,2023-01-25 14:07:00,2023,1,25,14,7,75,75113,BOULEVARD KELLERMANN,48.819161,2.359476,Plein jour,En agglomération,Intersection en X,Normale,Trois véhicules et plus - collisions multiples,4,2,4,0,1,1,1,0,1,50,3,3,2,0,0,1,,44.0,deux_roues,utilitaire_camion,1,2,2,1,5
202300026069,2023-05-26 17:10:00,2023,5,26,17,10,75,75109,RUE DES MATHURINS,48.873136,2.326738,Plein jour,En agglomération,Intersection en X,Normale,Deux véhicules - côté,4,1,1,0,1,1,1,0,5,30,2,2,1,0,0,1,50.0,21.0,voiture,deux_roues,1,2,2,1,3
202300026069,2023-05-26 17:10:00,2023,5,26,17,10,75,75109,RUE DES MATHURINS,48.873136,2.326738,Plein jour,En agglomération,Intersection en X,Normale,Deux véhicules - côté,4,2,3,1,1,1,1,0,5,30,2,2,1,0,0,1,50.0,21.0,voiture,deux_roues,1,2,2,1,3
202300026070,2023-01-25 12:05:00,2023,1,25,12,5,75,75113,RUE DE LA PROVIDENCE,48.825475,2.348747,Plein jour,En agglomération,Hors intersection,Normale,Autre collision,4,-1,1,0,2,1,1,0,4,-1,1,2,1,0,0,1,4.0,,deux_roues,,1,2,1,1,6
202300026071,2023-11-14 18:50:00,2023,11,14,18,50,75,75102,BOULEVARD DE SEBASTOPOL,48.863398,2.350969,Nuit avec éclairage allumé,En agglomération,Intersection en X,Normale,Deux véhicules - côté,4,2,5,1,1,1,2,0,1,30,2,2,1,0,0,1,23.0,57.0,deux_roues,voiture,5,2,2,1,3
202300026071,2023-11-14 18:50:00,2023,11,14,18,50,75,75102,BOULEVARD DE SEBASTOPOL,48.863398,2.350969,Nuit avec éclairage allumé,En agglomération,Intersection en X,Normale,Deux véhicules - côté,4,2,3,3,1,1,2,0,1,30,2,2,1,0,0,1,23.0,57.0,deux_roues,voiture,5,2,2,1,3
202300026072,2023-03-07 17:45:00,2023,3,7,17,45,83,83097,Chemin Départemental 6,43.469895,5.752072,Plein jour,Hors agglomération,Hors intersection,Pluie légère,Deux véhicules - frontale,3,2,2,0,1,2,2,0,1,80,2,2,1,0,1,0,48.0,35.0,voiture,deux_roues,1,1,1,2,1
202300026073,2023-08-03 17:30:00,2023,8,3,17,30,78,78043,A12 W,48.82588,2.07609,Plein jour,Hors agglomération,Hors intersection,Pluie légère,Trois véhicules et plus - collisions multiples,1,1,4,0,1,1,2,0,1,110,3,8,5,0,0,3,55.0,48.0,voiture,utilitaire_camion,1,1,1,2,5
202300026074,2023-01-24 15:48:00,2023,1,24,15,48,75,75113,QUAI D AUSTERLITZ,48.841929,2.367915,Plein jour,En agglomération,Intersection en X,Normale,Autre collision,4,-1, -1,-1,1,1,1,0,1,-1,1,2,1,0,0,1,31.0,,deux_roues,,1,2,2,1,6
202300026074,2023-01-24 15:48:00,2023,1,24,15,48,75,75113,QUAI D AUSTERLITZ,48.841929,2.367915,Plein jour,En agglomération,Intersection en X,Normale,Autre collision,4,1,3,1,1,1,1,0,1,30,1,2,1,0,0,1,31.0,,deux_roues,,1,2,2,1,6
202300026075,2023-08-06 06:40:00,2023,8,6,6,40,93,93066,AUTOROUTE A1,48.93395618,2.38339584,Plein jour,Hors agglomération,Hors intersection,Normale,Sans collision,1,-1,6,0,1,1,1,0,1,90,1,1,0,0,0,1,35.0,,deux_roues,,1,1,1,1,7
202300026076,2023-03-08 17:00:00,2023,3,8,17,0,91,91225,Route Nationale 6,48.662983,2.514853,Plein jour,Hors agglomération,Hors intersection,Pluie légère,Deux véhicules - arrière,3,3,4,0,3,1,2,3,1,50,2,2,1,0,1,0,43.0,28.0,deux_roues,voiture,1,1,1,2,2
202300026077,2023-11-13 20:45:00,2023,11,13,20,45,94,94073,Boulevard de Stalingrad,48.77383887,2.39942676,Nuit avec éclairage allumé,En agglomération,Hors intersection,Normale,Deux véhicules - arrière,3,1,2,0,1,1,1,5,1,50,2,3,2,0,0,1,38.0,57.0,voiture,voiture,5,2,1,1,2
202300026078,2023-05-24 23:10:00,2023,5,24,23,10,75,75108,RUE D ANJOU,48.873428,2.322411,Nuit avec éclairage allumé,En agglomération,Intersection en X,Normale,Deux véhicules - côté,4,1,2,0,1,1,1,0,1,30,2,3,1,0,1,1,30.0,62.0,deux_roues,deux_roues,5,2,2,1,3
202300026078,2023-05-24 23:10:00,2023,5,24,23,10,75,75108,RUE D ANJOU,48.873428,2.322411,Nuit avec éclairage allumé,En agglomération,Intersection en X,Normale,Deux véhicules - côté,4,1,0,0,1,1,1,0,1,30,2,3,1,0,1,1,30.0,62.0,deux_roues,deux_roues,5,2,2,1,3
202300026079,2023-01-25 16:15:00,2023,1,25,16,15,75,75112,AVENUE DAUMESNIL,48.842414,2.38547,Crépuscule ou aube,En agglomération,Intersection en T,Normale,Autre collision,4,2,2,0,1,1,1,0,1,30,1,3,2,0,0,1,23.0,,utilitaire_camion,,2,2,3,1,6
202300026079,2023-01-25 16:15:00,2023,1,25,16,15,75,75112,AVENUE DAUMESNIL,48.842414,2.38547,Crépuscule ou aube,En agglomération,Intersection en T,Normale,Autre collision,4,1, -1,-1,1,1,1,0,1,-1,1,3,2,0,0,1,23.0,,utilitaire_camion,,2,2,3,1,6
202300026080,2023-03-07 19:00:00,2023,3,7,19,0,19,19178,D 920 LIEU DIT LES POUGES PK 36 + 990,45.266792,1.554973,Nuit avec éclairage non allumé,Hors agglomération,Intersection en X,Normale,Deux véhicules - frontale,3,2,2,0,1,1,1,0,1,90,2,3,0,0,0,3,20.0,49.0,voiture,voiture,4,1,2,1,1
202300026080,2023-03-07 19:00:00,2023,3,7,19,0,19,19178,D 920 LIEU DIT LES POUGES PK 36 + 990,45.266792,1.554973,Nuit avec éclairage non allumé,Hors agglomération,Intersection en X,Normale,Deux véhicules - frontale,3,2, -1,-1,1,1,1,0,1,90,2,3,0,0,0,3,20.0,49.0,voiture,voiture,4,1,2,1,1