accident_id,datetime,annee,mois,jour,heure,minute,departement,commune_insee,adresse,latitude,longitude,luminosite,agglomeration,intersection,meteo,collision,catr,circ,nbv,vosp,prof,plan,surf,infra,situ,vma,nb_vehicules,nb_usagers,nb_indemnes,nb_tues,nb_blesses_hosp,nb_blesses_legers,age_cond_1,age_cond_2,veh_type_cond_1,veh_type_cond_2,lum_code,agg_code,int_code,atm_code,col_code
202300026081,2023-11-14 08:26:00,2023,11,14,8,26,94,94044,24 Avenue Gabriel Péri,48.753753,2.485159,Plein jour,En agglomération,Hors intersection,Pluie légère,Deux véhicules - arrière,3,2,2,0,1,1,2,6,1,50,2,2,1,0,0,1,,38.0,voiture,voiture,1,2,1,2,2
202300026082,2023-05-26 19:30:00,2023,5,26,19,30,94,94052,Boulevard Albert 1er,48.837884,2.493818,Plein jour,En agglomération,Hors intersection,Normale,Autre collision,3,1,2,0,2,3,1,5,8,30,1,2,1,0,0,1,44.0,,voiture,,1,2,1,1,6
202300026083,2023-08-05 17:15:00,2023,8,5,17,15,95,95154,A1,49.04869,2.54723,Plein jour,Hors agglomération,Hors intersection,Pluie légère,Autre collision,1,3,3,0,1,1,2,0,1,110,1,1,0,0,0,1,32.0,,voiture,,1,1,1,2,6
202300026084,2023-01-24 13:15:00,2023,1,24,13,15,75,75112,AVENUE LEDRU ROLLIN,48.848674,2.372585,Plein jour,En agglomération,Intersection en X,Normale,Deux véhicules - côté,4,2,4,0,1,1,1,0,1,30,2,2,1,0,0,1,44.0,39.0,voiture,deux_roues,1,2,2,1,3
202300026084,2023-01-24 13:15:00,2023,1,24,13,15,75,75112,AVENUE LEDRU ROLLIN,48.848674,2.372585,Plein jour,En agglomération,Intersection en X,Normale,Deux véhicules - côté,4,1, -1,-1,1,1,1,0,1,-1,2,2,1,0,0,1,44.0,39.0,voiture,deux_roues,1,2,2,1,3
202300026085,2023-11-14 14:00:00,2023,11,14,14,0,94,94052,Boulevard de Strasbourg,48.836392,2.475603,Plein jour,En agglomération,Autre intersection,Autre,Deux véhicules - frontale,3,2,2,0,1,1,2,9,6,50,2,2,1,0,0,1,48.0,40.0,voiture,deux_roues,1,2,9,9,1
202300026086,2023-03-07 22:30:00,2023,3,7,22,30,56,56240,Kerblanquet,47.52876,-2.753411,Nuit sans éclairage public,Hors agglomération,Hors intersection,Pluie forte,Sans collision,3,2,2,0,2,2,2,0,3,80,1,3,2,0,1,0,25.0,,voiture,,3,1,1,3,7
202300026087,2023-08-04 22:00:00,2023,8,4,22,0,95,95582,A15,48.97054,2.24921,Nuit sans éclairage public,Hors agglomération,Hors intersection,Temps couvert,Autre collision,1,3,4,0,1,1,2,0,1,110,1,1,0,0,0,1,21.0,,voiture,,3,1,1,8,6
202300026088,2023-05-26 16:00:00,2023,5,26,16,0,94,94076,Avenue de la Division Leclerc,48.784588,2.367381,Plein jour,En agglomération,Intersection en X,Normale,Sans collision,3,2,4,0,1,1,1,5,1,50,2,2,1,0,0,1,55.0,14.0,deux_roues,deux_roues,1,2,2,1,7
202300026088,2023-05-26 16:00:00,2023,5,26,16,0,94,94076,Avenue de la Division Leclerc,48.784588,2.367381,Plein jour,En agglomération,Intersection en X,Normale,Sans collision,3,2,2,0,1,1,1,0,1,50,2,2,1,0,0,1,55.0,14.0,deux_roues,deux_roues,1,2,2,1,7
202300026089,2023-01-24 07:05:00,2023,1,24,7,5,75,75112,RUE CHALIGNY,48.846993,2.383798,Crépuscule ou aube,En agglomération,Intersection en X,Normale,Autre collision,4,2,4,3,1,1,1,0,1,30,1,2,1,0,0,1,43.0,,voiture,,2,2,2,1,6
202300026089,2023-01-24 07:05:00,2023,1,24,7,5,75,75112,RUE CHALIGNY,48.846993,2.383798,Crépuscule ou aube,En agglomération,Intersection en X,Normale,Autre collision,4,2,2,0,1,1,1,0,1,30,1,2,1,0,0,1,43.0,,voiture,,2,2,2,1,6
202300026090,2023-08-04 17:40:00,2023,8,4,17,40,93,93005,AUTOROUTE A1,48.96114,2.46937,Plein jour,Hors agglomération,Hors intersection,Pluie légère,Deux véhicules - côté,1,4,2,0,1,1,2,3,1,70,2,2,1,0,0,1,,28.0,autre,deux_roues,1,1,1,2,3
202300026091,2023-11-13 22:00:00,2023,11,13,22,0,94,94069,A4,48.817137,2.453088,Nuit avec éclairage allumé,Hors agglomération,Hors intersection,Pluie légère,Deux véhicules - arrière,1,3,0,0,1,1,2,0,1,90,2,2,1,0,1,0,26.0,31.0,voiture,voiture,5,1,1,2,2
202300026092,2023-03-09 09:45:00,2023,3,9,9,45,2B,2B319,10 Penticchie,42.430683,9.523526,Plein jour,Hors agglomération,Hors intersection,Normale,Deux véhicules - arrière,2,3,2,0,1,1,1,0,1,70,2,3,0,0,0,3,30.0,51.0,voiture,voiture,1,1,1,1,2
202300026093,2023-01-25 15:30:00,2023,1,25,15,30,75,75110,BOULEVARD DE MAGENTA,48.869545,2.362107,Plein jour,En agglomération,Hors intersection,Normale,Autre collision,4,1,2,1,1,1,1,-1,5,30,1,2,1,0,0,1,25.0,,deux_roues,,1,2,1,1,6
202300026094,2023-08-04 09:45:00,2023,8,4,9,45,93,93039,AUTOROUTE A86,48.92692,2.33586,Plein jour,Hors agglomération,Hors intersection,Normale,Deux véhicules - arrière,1,1,4,0,1,1,1,2,1,70,2,2,1,0,0,1,29.0,33.0,utilitaire_camion,utilitaire_camion,1,1,1,1,2
202300026095,2023-03-06 18:41:00,2023,3,6,18,41,32,32440,RD 180,43.639367,0.020165,Plein jour,En agglomération,Autre intersection,Normale,Sans collision,3,2,2,0,1,1,1,0,1,30,1,1,0,0,0,1,18.0,,deux_roues,,1,2,9,1,7
202300026096,2023-05-26 14:40:00,2023,5,26,14,40,94,94038,97 Avenue du Général de Gaulle,48.78365,2.34576,Plein jour,En agglomération,Autre intersection,Normale,Autre collision,3,3,2,0,1,1,1,5,1,50,3,4,2,0,0,2,55.0,26.0,voiture,transport_commun,1,2,9,1,6
202300026097,2023-01-24 22:20:00,2023,1,24,22,20,75,75110,BOULEVARD DE MAGENTA,48.878563,2.354059,Nuit avec éclairage allumé,En agglomération,Intersection en X,Normale,Sans collision,4,2,4,1,1,1,1,0,1,30,1,1,0,0,0,1,65.0,,deux_roues,,5,2,2,1,7
202300026097,2023-01-24 22:20:00,2023,1,24,22,20,75,75110,BOULEVARD DE MAGENTA,48.878563,2.354059,Nuit avec éclairage allumé,En agglomération,Intersection en X,Normale,Sans collision,4,2,2,1,1,1,1,0,1,30,1,1,0,0,0,1,65.0,,deux_roues,,5,2,2,1,7
202300026098,2023-11-14 15:59:00,2023,11,14,15,59,93,93050,Avenue du General de Gaulle / Rue Marx Dormoy,48.8570023,2.53110158,Plein jour,En agglomération,Intersection en X,Pluie légère,Autre collision,3,3,4,0,1,1,2,0,1,50,1,2,1,0,0,1,51.0,,voiture,,1,2,2,2,6
202300026098,2023-11-14 15:59:00,2023,11,14,15,59,93,93050,Avenue du General de Gaulle / Rue Marx Dormoy,48.8570023,2.53110158,Plein jour,En agglomération,Intersection en X,Pluie légère,Autre collision,3,3,4,0,1,1,2,0,1,50,1,2,1,0,0,1,51.0,,voiture,,1,2,2,2,6
202300026099,2023-08-02 19:00:00,2023,8,2,19,0,93,93006,AUTOROUTE A3,48.86577158,2.41749625,Plein jour,Hors agglomération,Hors intersection,Pluie légère,Deux véhicules - côté,1,3,8,0,1,1,2,0,1,90,2,2,1,0,0,1,43.0,39.0,utilitaire_camion,deux_roues,1,1,1,2,3
202300026100,2023-05-25 19:20:00,2023,5,25,19,20,94,94028,Avenue de la Pompadour,48.77299,2.43535,Plein jour,En agglomération,Hors intersection,Normale,Autre collision,3,3,4,3,2,1,1,6,6,-1,1,2,1,0,0,1,22.0,,deux_roues,,1,2,1,1,6
202300026101,2023-03-03 17:00:00,2023,3,3,17,0,89,89063,D3,47.984364,3.278711,Plein jour,Hors agglomération,Hors intersection,Normale,Deux véhicules - frontale,3,2,2,0,1,1,1,0,1,80,2,2,1,0,1,0,74.0,53.0,voiture,voiture,1,1,1,1,1
202300026102,2023-01-25 18:08:00,2023,1,25,18,8,75,75109,RUE DE LA CHAUSSEE D ANTIN,48.87491,2.332463,Nuit avec éclairage allumé,En agglomération,Hors intersection,Normale,Deux véhicules - frontale,4,3,3,0,1,1,1,0,1,30,2,3,2,0,0,1,44.0,28.0,deux_roues,deux_roues,5,2,1,1,1
202300026103,2023-02-12 17:12:00,2023,2,12,17,12,61,61153,Voie Communale,48.71938,-0.070424,Plein jour,Hors agglomération,Hors intersection,Normale,Autre collision,4,2,2,0,2,1,1,2,1,80,1,1,0,0,0,1,19.0,,autre,,1,1,1,1,6
202300026104,2023-11-14 06:25:00,2023,11,14,6,25,93,93048,Boulevard Théophile Sueur / Rue de la Cote du Nord,48.8633,2.46666,Nuit avec éclairage allumé,En agglomération,Intersection en X,Normale,Deux véhicules - côté,3,1,2,0,1,1,1,0,1,50,2,2,0,0,2,0,29.0,60.0,voiture,voiture,5,2,2,1,3
202300026104,2023-11-14 06:25:00,2023,11,14,6,25,93,93048,Boulevard Théophile Sueur / Rue de la Cote du Nord,48.8633,2.46666,Nuit avec éclairage allumé,En agglomération,Intersection en X,Normale,Deux véhicules - côté,3,3,2,0,1,1,1,0,1,50,2,2,0,0,2,0,29.0,60.0,voiture,voiture,5,2,2,1,3
202300026105,2023-08-06 06:00:00,2023,8,6,6,0,93,93051,A4,48.83501479,2.57867375,Crépuscule ou aube,Hors agglomération,Hors intersection,Normale,Deux véhicules - arrière,1,3,8,0,1,1,1,0,1,110,2,3,2,0,0,1,46.0,42.0,voiture,voiture,2,1,1,1,2
202300026106,2023-01-25 12:25:00,2023,1,25,12,25,94,94041,Rue Louise Aglaé Crette,48.80223837,2.39702582,Plein jour,En agglomération,Hors intersection,Temps couvert,Autre collision,4,2,2,0,1,1,1,0,1,50,1,2,1,0,0,1,26.0,,utilitaire_camion,,1,2,1,8,6
202300026107,2023-05-26 16:44:00,2023,5,26,16,44,93,93066,Rue du Bec à Loué / Av I et Frederic Joliot Curie,48.9335371,2.36995843,Plein jour,En agglomération,Intersection en X,Normale,Deux véhicules - arrière,4,2,2,0,1,1,1,9,1,50,2,2,1,0,0,1,24.0,33.0,voiture,voiture,1,2,2,1,2
202300026107,2023-05-26 16:44:00,2023,5,26,16,44,93,93066,Rue du Bec à Loué / Av I et Frederic Joliot Curie,48.9335371,2.36995843,Plein jour,En agglomération,Intersection en X,Normale,Deux véhicules - arrière,4,2,2,-1,1,1,1,0,1,-1,2,2,1,0,0,1,24.0,33.0,voiture,voiture,1,2,2,1,2
202300026108,2023-11-14 17:00:00,2023,11,14,17,0,93,93029,Avenue Jean Jaurès / Avenue Henri Barbusse,48.91983718,2.45139844,Nuit avec éclairage allumé,En agglomération,Intersection en X,Temps couvert,Deux véhicules - côté,3,2,2,0,1,1,2,0,1,50,2,2,1,0,0,1,29.0,50.0,autre,voiture,5,2,2,8,3
202300026108,2023-11-14 17:00:00,2023,11,14,17,0,93,93029,Avenue Jean Jaurès / Avenue Henri Barbusse,48.91983718,2.45139844,Nuit avec éclairage allumé,En agglomération,Intersection en X,Temps couvert,Deux véhicules - côté,3,2,2,0,1,1,2,0,1,50,2,2,1,0,0,1,29.0,50.0,autre,voiture,5,2,2,8,3
202300026109,2023-01-25 17:15:00,2023,1,25,17,15,94,94080,Cours Marigny / Rue d'Idalie,48.8453,2.43966,Crépuscule ou aube,En agglomération,Intersection en X,Normale,Deux véhicules - côté,4,1,1,0,1,1,1,0,1,50,2,2,1,0,0,1,34.0,39.0,voiture,deux_roues,2,2,2,1,3
202300026109,2023-01-25 17:15:00,2023,1,25,17,15,94,94080,Cours Marigny / Rue d'Idalie,48.8453,2.43966,Crépuscule ou aube,En agglomération,Intersection en X,Normale,Deux véhicules - côté,4,1,1,1,1,1,1,0,1,50,2,2,1,0,0,1,34.0,39.0,voiture,deux_roues,2,2,2,1,3
202300026110,2023-05-25 22:00:00,2023,5,25,22,0,93,93066,Boulevard de la Commune de Paris / Rue de Strasbourg,48.93610499,2.3646348,Nuit avec éclairage allumé,En agglomération,Intersection en Y,Normale,Deux véhicules - frontale,4,1,1,0,1,2,1,0,1,50,2,2,1,0,0,1,20.0,30.0,utilitaire_camion,voiture,5,2,4,1,1
202300026110,2023-05-25 22:00:00,2023,5,25,22,0,93,93066,Boulevard de la Commune de Paris / Rue de Strasbourg,48.93610499,2.3646348,Nuit avec éclairage allumé,En agglomération,Intersection en Y,Normale,Deux véhicules - frontale,4,2,2,0,1,1,1,0,1,50,2,2,1,0,0,1,20.0,30.0,utilitaire_camion,voiture,5,2,4,1,1
202300026111,2023-03-08 16:34:00,2023,3,8,16,34,12,12200,Route de Millau - D907,44.186739,3.129164,Plein jour,En agglomération,Intersection en X,Normale,Autre collision,3,2,2,0,1,1,1,0,1,50,1,2,1,0,1,0,20.0,,utilitaire_camion,,1,2,2,1,6
202300026111,2023-03-08 16:34:00,2023,3,8,16,34,12,12200,Route de Millau - D907,44.186739,3.129164,Plein jour,En agglomération,Intersection en X,Normale,Autre collision,3,2, -1,-1,4,1,1,0,1,50,1,2,1,0,1,0,20.0,,utilitaire_camion,,1,2,2,1,6
202300026112,2023-11-13 08:30:00,2023,11,13,8,30,93,93027,Avenue Jean Mermoz,48.93246,2.40668,Plein jour,En agglomération,Hors intersection,Pluie légère,Deux véhicules - arrière,3,2,2,3,1,1,2,0,6,50,2,2,1,0,0,1,57.0,45.0,transport_commun,utilitaire_camion,1,2,1,2,2
202300026113,2023-03-09 15:00:00,2023,3,9,15,0,12,12090,D598,44.389651,2.47879,Plein jour,Hors agglomération,Hors intersection,Normale,Sans collision,3,2,2,0,1,1,1,0,1,90,1,1,0,0,1,0,72.0,,deux_roues,,1,1,1,1,7
202300026114,2023-01-25 08:35:00,2023,1,25,8,35,94,94080,Avenue de Paris / Avenue du Château,48.84479311,2.43661469,Plein jour,En agglomération,Intersection en X,Normale,Deux véhicules - côté,3,2,4,3,1,1,1,0,1,50,2,2,1,0,0,1,19.0,39.0,deux_roues,voiture,1,2,2,1,3
202300026114,2023-01-25 08:35:00,2023,1,25,8,35,94,94080,Avenue de Paris / Avenue du Château,48.84479311,2.43661469,Plein jour,En agglomération,Intersection en X,Normale,Deux véhicules - côté,3,2,2,0,1,1,1,0,1,-1,2,2,1,0,0,1,19.0,39.0,deux_roues,voiture,1,2,2,1,3
202300026115,2023-05-26 17:00:00,2023,5,26,17,0,93,93055,Avenue Jean Lolive / Route de Noisy,48.89556,2.4267,Plein jour,En agglomération,Intersection en T,Normale,Deux véhicules - côté,3,3,4,0,1,1,1,0,1,50,2,2,1,0,0,1,31.0,24.0,voiture,voiture,1,2,3,1,3
202300026115,2023-05-26 17:00:00,2023,5,26,17,0,93,93055,Avenue Jean Lolive / Route de Noisy,48.89556,2.4267,Plein jour,En agglomération,Intersection en T,Normale,Deux véhicules - côté,3,2,2,-1,1,1,1,0,1,-1,2,2,1,0,0,1,31.0,24.0,voiture,voiture,1,2,3,1,3
202300026116,2023-01-25 05:35:00,2023,1,25,5,35,94,94052,Rue du Maréchal Vaillant,48.83943,2.49047,Nuit avec éclairage allumé,En agglomération,Intersection en X,Pluie légère,Sans collision,4,1,1,0,1,1,2,5,4,50,1,1,0,0,0,1,21.0,,voiture,,5,2,2,2,7
202300026117,2023-11-14 18:08:00,2023,11,14,18,8,93,93029,Rue de Stalingrad,48.91582975,2.42566963,Nuit avec éclairage allumé,En agglomération,Hors intersection,Pluie légère,Deux véhicules - côté,3,3,4,0,1,1,2,0,1,50,2,2,1,0,0,1,35.0,21.0,utilitaire_camion,deux_roues,5,2,1,2,3
202300026118,2023-03-09 11:20:00,2023,3,9,11,20,46,46083,Pech sagoulet,45.014437,1.579306,Plein jour,Hors agglomération,Intersection en T,Normale,Deux véhicules - arrière,3,2,2,0,2,1,1,0,3,80,2,3,1,1,0,1,90.0,30.0,voiture,voiture,1,1,3,1,2
202300026118,2023-03-09 11:20:00,2023,3,9,11,20,46,46083,Pech sagoulet,45.014437,1.579306,Plein jour,Hors agglomération,Intersection en T,Normale,Deux véhicules - arrière,3,2,2,0,2,1,1,0,3,80,2,3,1,1,0,1,90.0,30.0,voiture,voiture,1,1,3,1,2
202300026119,2023-05-26 10:45:00,2023,5,26,10,45,93,93055,Rue Kléber,48.88670569,2.41167734,Plein jour,En agglomération,Hors intersection,Normale,Deux véhicules - frontale,4,2,2,2,1,1,1,0,1,30,2,2,1,0,0,1,36.0,53.0,utilitaire_camion,voiture,1,2,1,1,1
202300026120,2023-11-14 17:00:00,2023,11,14,17,0,93,93007,Avenue de la République,48.93609325,2.46652331,Crépuscule ou aube,En agglomération,Hors intersection,Pluie légère,Autre collision,4,2,2,0,1,1,2,0,1,50,1,2,0,0,0,2,70.0,,voiture,,2,2,1,2,6
202300026121,2023-01-25 00:20:00,2023,1,25,0,20,94,94041,Rue Jean le Galleu / Rue Michelet,48.80955,2.38042,Nuit avec éclairage allumé,En agglomération,Intersection en X,Normale,Deux véhicules - côté,3,1,2,0,1,1,1,0,1,50,2,2,1,0,0,1,24.0,55.0,deux_roues,utilitaire_camion,5,2,2,1,3
202300026121,2023-01-25 00:20:00,2023,1,25,0,20,94,94041,Rue Jean le Galleu / Rue Michelet,48.80955,2.38042,Nuit avec éclairage allumé,En agglomération,Intersection en X,Normale,Deux véhicules - côté,3,1,1,0,1,1,1,0,1,50,2,2,1,0,0,1,24.0,55.0,deux_roues,utilitaire_camion,5,2,2,1,3
202300026122,2023-03-07 20:40:00,2023,3,7,20,40,46,46038,162 boulevard des Tilleuls,44.914014,1.837592,Nuit avec éclairage allumé,En agglomération,Hors intersection,Normale,Autre collision,4,1,2,0,1,1,1,0,1,50,1,2,1,0,0,1,31.0,,voiture,,5,2,1,1,6
202300026123,2023-05-26 09:20:00,2023,5,26,9,20,93,93006,Rue François Mitterrand / Avenue Pasteur,48.87608,2.42346,Plein jour,En agglomération,Intersection à plus de 4 branches,Normale,Deux véhicules - frontale,3,2,3,3,2,1,1,0,1,50,2,2,1,0,0,1,14.0,46.0,deux_roues,voiture,1,2,5,1,1
202300026123,2023-05-26 09:20:00,2023,5,26,9,20,93,93006,Rue François Mitterrand / Avenue Pasteur,48.87608,2.42346,Plein jour,En agglomération,Intersection à plus de 4 branches,Normale,Deux véhicules - frontale,3,1,2,2,1,1,1,0,1,50,2,2,1,0,0,1,14.0,46.0,deux_roues,voiture,1,2,5,1,1
202300026124,2023-01-24 13:50:00,2023,1,24,13,50,94,94076,Avenue du général de Gaulle,48.785025,2.347989,Plein jour,En agglomération,Hors intersection,Normale,Autre collision,3,1,1,0,1,3,1,9,1,30,1,2,1,0,0,1,57.0,,voiture,,1,2,1,1,6
202300026125,2023-11-14 08:50:00,2023,11,14,8,50,93,93005,Rue Jean Charcot,48.93396,2.490957,Plein jour,En agglomération,Hors intersection,Pluie légère,Deux véhicules - arrière,3,3,2,0,1,3,2,0,1,50,2,2,1,0,0,1,20.0,23.0,voiture,deux_roues,1,2,1,2,2
202300026126,2023-03-09 12:15:00,2023,3,9,12,15,47,47252,RD911,44.396121,0.606287,Plein jour,Hors agglomération,Intersection en X,Normale,Deux véhicules - côté,3,3,2,0,1,1,1,5,1,50,2,3,1,0,0,2,28.0,77.0,voiture,voiture,1,1,2,1,3
202300026126,2023-03-09 12:15:00,2023,3,9,12,15,47,47252,RD911,44.396121,0.606287,Plein jour,Hors agglomération,Intersection en X,Normale,Deux véhicules - côté,3,3,2,0,1,1,1,5,1,80,2,3,1,0,0,2,28.0,77.0,voiture,voiture,1,1,2,1,3
202300026127,2023-05-26 16:33:00,2023,5,26,16,33,93,93079,Route de Saint-leu,48.95413,2.33533,Plein jour,En agglomération,Hors intersection,Normale,Deux véhicules - côté,3,2,2,1,1,1,1,0,1,50,2,3,1,0,0,2,45.0,42.0,utilitaire_camion,deux_roues,1,2,1,1,3
202300026128,2023-01-24 18:40:00,2023,1,24,18,40,94,94018,Rue des Bordeaux / Rue Jean Pigeon,48.821504,2.409431,Nuit avec éclairage allumé,En agglomération,Intersection en T,Normale,Autre collision,4,1,1,-1,1,1,1,0,1,-1,1,2,1,0,0,1,61.0,,deux_roues,,5,2,3,1,6
202300026128,2023-01-24 18:40:00,2023,1,24,18,40,94,94018,Rue des Bordeaux / Rue Jean Pigeon,48.821504,2.409431,Nuit avec éclairage allumé,En agglomération,Intersection en T,Normale,Autre collision,4,1,1,0,2,1,1,0,1,30,1,2,1,0,0,1,61.0,,deux_roues,,5,2,3,1,6
202300026129,2023-11-14 18:10:00,2023,11,14,18,10,93,93001,Avenue Victor Hugo,48.911195,2.379358,Nuit avec éclairage allumé,En agglomération,Hors intersection,Pluie légère,Deux véhicules - côté,3,2,4,1,1,1,2,0,1,30,2,2,1,0,0,1,21.0,30.0,voiture,deux_roues,5,2,1,2,3
202300026130,2023-02-23 16:50:00,2023,2,23,16,50,86,86032,D3,46.676147,0.559448,Plein jour,Hors agglomération,Hors intersection,Pluie légère,Deux véhicules - arrière,3,2,2,0,1,1,2,0,1,70,2,2,1,0,0,1,46.0,30.0,deux_roues,voiture,1,1,1,2,2
202300026131,2023-01-25 09:12:00,2023,1,25,9,12,93,93072,12 Rue du Président Harding,48.96938,2.37841,Plein jour,En agglomération,Hors intersection,Pluie légère,Deux véhicules - côté,4,2,2,0,1,1,2,0,1,50,2,2,1,0,0,1,37.0,56.0,deux_roues,voiture,1,2,1,2,3
202300026132,2023-11-14 12:30:00,2023,11,14,12,30,92,92078,NOBEL (AVENUE),48.94622,2.31737,Plein jour,En agglomération,Hors intersection,Pluie légère,Autre collision,4,2,1,0,1,1,2,9,3,50,1,2,1,0,0,1,56.0,,utilitaire_camion,,1,2,1,2,6
202300026133,2023-05-23 01:00:00,2023,5,23,1,0,92,92078,VERDUN (AVENUE) (IMPAIRS 1 A 25),48.93555653,2.33291656,Nuit avec éclairage allumé,En agglomération,Intersection en T,Normale,Deux véhicules - côté,3,3,4,0,1,1,1,9,1,30,2,3,2,0,0,1,23.0,29.0,voiture,deux_roues,5,2,3,1,3
202300026133,2023-05-23 01:00:00,2023,5,23,1,0,92,92078,VERDUN (AVENUE) (IMPAIRS 1 A 25),48.93555653,2.33291656,Nuit avec éclairage allumé,En agglomération,Intersection en T,Normale,Deux véhicules - côté,3,2,2,0,1,1,1,9,1,30,2,3,2,0,0,1,23.0,29.0,voiture,deux_roues,5,2,3,1,3
202300026134,2023-03-07 19:20:00,2023,3,7,19,20,35,35062,La Templerie,48.316756,-1.062147,Nuit avec éclairage allumé,Hors agglomération,Hors intersection,Pluie légère,Deux véhicules - frontale,4,2,2,0,2,1,2,0,1,30,2,2,1,0,1,0,16.0,68.0,deux_roues,voiture,5,1,1,2,1
202300026135,2023-05-26 13:25:00,2023,5,26,13,25,92,92022,PAVE DE MEUDON (RUE DU),48.80421633,2.19461627,Plein jour,Hors agglomération,Hors intersection,Normale,Sans collision,4,-1,1,0,1,1,9,0,8,30,1,1,0,0,0,1,79.0,,deux_roues,,1,1,1,1,7
202300026136,2023-01-25 08:30:00,2023,1,25,8,30,93,93077,Rue Marc Vieville / Rue Jean Jaurès,48.8785,2.50976,Plein jour,En agglomération,Intersection en X,Normale,Deux véhicules - côté,4,2,2,0,2,1,1,0,1,50,2,2,1,0,0,1,59.0,69.0,voiture,deux_roues,1,2,2,1,3
202300026136,2023-01-25 08:30:00,2023,1,25,8,30,93,93077,Rue Marc Vieville / Rue Jean Jaurès,48.8785,2.50976,Plein jour,En agglomération,Intersection en X,Normale,Deux véhicules - côté,4,2,2,0,2,1,1,0,1,50,2,2,1,0,0,1,59.0,69.0,voiture,deux_roues,1,2,2,1,3
202300026137,2023-11-14 12:25:00,2023,11,14,12,25,92,92073,BAS ROGERS (RUE DES),48.88040366,2.22938441,Plein jour,En agglomération,Autre intersection,Normale,Deux véhicules - frontale,3,2,2,1,2,1,2,0,1,50,2,2,1,0,0,1,55.0,19.0,utilitaire_camion,deux_roues,1,2,9,1,1
202300026138,2023-03-09 19:45:00,2023,3,9,19,45,29,29196,Lieu Dit Kerherhal,48.531391,-4.623882,Nuit sans éclairage public,Hors agglomération,Hors intersection,Vent fort / tempête,Autre collision,3,2,2,1,1,1,2,0,3,80,1,2,0,0,0,2,53.0,,utilitaire_camion,,3,1,1,6,6
202300026139,2023-05-26 15:20:00,2023,5,26,15,20,92,92050,JOLIOT CURIE F. ET IRENE AVENUE  N°PAIRS,48.89145,2.2079,Plein jour,En agglomération,Hors intersection,Normale,Autre collision,3,3,4,0,1,1,1,0,1,50,1,2,1,0,0,1,47.0,,deux_roues,,1,2,1,1,6
202300026140,2023-11-14 18:30:00,2023,11,14,18,30,92,92063,SAUVAGE (PLACE NICOLAS),48.88025667,2.18129441,Nuit avec éclairage allumé,En agglomération,Hors intersection,Pluie légère,Autre collision,6,-1,0,0,1,1,2,9,8,30,1,2,1,0,0,1,20.0,,voiture,,5,2,1,2,6
202300026141,2023-01-24 22:35:00,2023,1,24,22,35,93,93046,Avenue Jules Guesde / Avenue Aristide Briand,48.91066,2.5121,Nuit avec éclairage allumé,En agglomération,Intersection en X,Normale,Sans collision,3,2,2,0,1,1,1,0,1,50,2,2,1,0,0,1,,20.0,voiture,deux_roues,5,2,2,1,7
202300026141,2023-01-24 22:35:00,2023,1,24,22,35,93,93046,Avenue Jules Guesde / Avenue Aristide Briand,48.91066,2.5121,Nuit avec éclairage allumé,En agglomération,Intersection en X,Normale,Sans collision,3,3,4,-1,1,1,1,0,1,-1,2,2,1,0,0,1,,20.0,voiture,deux_roues,5,2,2,1,7
202300026142,2023-11-14 13:40:00,2023,11,14,13,40,92,92020,PARIS AVENUE DE N°84 A FIN,48.80684144,2.29341763,Plein jour,En agglomération,Hors intersection,Pluie légère,Autre collision,3,2,2,0,1,1,2,0,1,50,1,1,0,0,0,1,26.0,,deux_roues,,1,2,1,2,6
202300026143,2023-05-26 14:30:00,2023,5,26,14,30,92,92050,REPUBLIQUE AVENUE DE LA,48.90585586,2.21059889,Plein jour,En agglomération,Hors intersection,Normale,Deux véhicules - arrière,3,1,2,0,1,1,1,0,1,50,2,2,1,0,0,1,25.0,58.0,deux_roues,voiture,1,2,1,1,2
202300026144,2023-03-08 16:54:00,2023,3,8,16,54,29,29165,rue des équipages,47.797844,-4.213984,Plein jour,En agglomération,Intersection en T,Pluie forte,Autre collision,4,2,2,0,1,3,2,0,1,50,2,3,2,0,0,1,35.0,15.0,utilitaire_camion,deux_roues,1,2,3,3,6
202300026144,2023-03-08 16:54:00,2023,3,8,16,54,29,29165,rue des équipages,47.797844,-4.213984,Plein jour,En agglomération,Intersection en T,Pluie forte,Autre collision,4,2, -1,-1,1,1,2,5,1,-1,2,3,2,0,0,1,35.0,15.0,utilitaire_camion,deux_roues,1,2,3,3,6
202300026145,2023-01-24 20:45:00,2023,1,24,20,45,93,93006,Avenue de la République,48.86174347,2.41716,Nuit avec éclairage allumé,En agglomération,Autre intersection,Normale,Deux véhicules - côté,3,2,2,0,1,1,1,0,1,50,2,2,1,0,0,1,41.0,27.0,deux_roues,voiture,5,2,9,1,3
202300026146,2023-01-24 16:50:00,2023,1,24,16,50,93,93032,10 Rue Henri Maillard,48.88508,2.53386,Plein jour,En agglomération,Hors intersection,Normale,Autre collision,4,2,2,0,1,1,1,0,1,50,1,2,1,0,0,1,50.0,,voiture,,1,2,1,1,6