accident_id,datetime,annee,mois,jour,heure,minute,departement,commune_insee,adresse,latitude,longitude,luminosite,agglomeration,intersection,meteo,collision,catr,circ,nbv,vosp,prof,plan,surf,infra,situ,vma,nb_vehicules,nb_usagers,nb_indemnes,nb_tues,nb_blesses_hosp,nb_blesses_legers,age_cond_1,age_cond_2,veh_type_cond_1,veh_type_cond_2,lum_code,agg_code,int_code,atm_code,col_code
202300026301,2023-03-08 17:35:00,2023,3,8,17,35,94,94016,A6B,48.7950526,2.34443674,Plein jour,Hors agglomération,Hors intersection,Pluie forte,Sans collision,1,1,2,0,1,2,2,9,1,90,1,1,0,0,0,1,38.0,,deux_roues,,1,1,1,3,7
202300026302,2023-01-24 08:40:00,2023,1,24,8,40,78,78090,A13,48.970134,1.90948,Plein jour,Hors agglomération,Hors intersection,Normale,Trois véhicules et plus - collisions multiples,1,3,3,0,1,1,1,0,1,130,3,6,5,0,0,1,48.0,65.0,deux_roues,voiture,1,1,1,1,5
202300026303,2023-11-14 16:30:00,2023,11,14,16,30,40,40031,pk 64 D824,43.828924,-0.854469,Plein jour,Hors agglomération,Hors intersection,Normale,Trois véhicules et plus - en chaîne,3,3,2,0,1,1,2,0,1,110,3,3,2,0,0,1,32.0,74.0,voiture,voiture,1,1,1,1,4
202300026304,2023-03-08 12:50:00,2023,3,8,12,50,91,91286,AUTOROUTE A6,48.65349,2.38115,Plein jour,Hors agglomération,Hors intersection,Pluie légère,Deux véhicules - arrière,1,3,6,0,1,1,2,0,1,130,2,2,0,0,0,2,43.0,26.0,utilitaire_camion,utilitaire_camion,1,1,1,2,2
202300026305,2023-01-24 10:00:00,2023,1,24,10,0,92,92047,A13,48.83343519,2.16195504,Plein jour,Hors agglomération,Hors intersection,Normale,Deux véhicules - côté,1,1,3,0,1,1,1,0,1,110,2,2,1,0,0,1,41.0,33.0,deux_roues,voiture,1,1,1,1,3
202300026306,2023-05-23 20:10:00,2023,5,23,20,10,67,67415,D198,48.920187,7.513189,Plein jour,Hors agglomération,Hors intersection,Normale,Autre collision,3,2,2,0,1,1,9,0,1,80,1,1,0,0,1,0,25.0,,deux_roues,,1,1,1,1,6
202300026307,2023-11-13 07:45:00,2023,11,13,7,45,85,85034,RD 948 la Borelière,46.61526,-1.149128,Crépuscule ou aube,Hors agglomération,Intersection en T,Pluie légère,Deux véhicules - côté,3,2,2,0,2,1,2,0,1,70,2,2,1,0,1,0,32.0,35.0,deux_roues,voiture,2,1,3,2,3
202300026307,2023-11-13 07:45:00,2023,11,13,7,45,85,85034,RD 948 la Borelière,46.61526,-1.149128,Crépuscule ou aube,Hors agglomération,Intersection en T,Pluie légère,Deux véhicules - côté,3,2, -1,-1,1,1,2,0,1,-1,2,2,1,0,1,0,32.0,35.0,deux_roues,voiture,2,1,3,2,3
202300026308,2023-01-25 13:00:00,2023,1,25,13,0,94,94073,A86,48.77139558,2.39237225,Plein jour,Hors agglomération,Hors intersection,Pluie légère,Deux véhicules - arrière,1,1,3,0,1,1,9,1,1,90,2,2,1,0,0,1,21.0,63.0,voiture,utilitaire_camion,1,1,1,2,2
202300026309,2023-05-26 22:10:00,2023,5,26,22,10,13,13113,A51,43.59018145,5.48014692,Nuit sans éclairage public,Hors agglomération,Hors intersection,Normale,Deux véhicules - arrière,1,3,4,0,2,1,1,0,1,130,2,4,0,0,1,3,21.0,37.0,voiture,voiture,3,1,1,1,2
202300026310,2023-01-24 21:50:00,2023,1,24,21,50,94,94073,A86,48.75460606,2.38177965,Nuit sans éclairage public,Hors agglomération,Hors intersection,Normale,Sans collision,1,-1,3,0,1,3,1,0,1,90,1,1,0,0,0,1,21.0,,voiture,,3,1,1,1,7
202300026311,2023-03-08 12:45:00,2023,3,8,12,45,92,92019,RN 385 Extèrieure,48.75989409,2.27833686,Plein jour,Hors agglomération,Hors intersection,Pluie légère,Trois véhicules et plus - en chaîne,2,3,6,0,1,1,2,0,1,90,4,4,2,0,0,2,24.0,56.0,voiture,voiture,1,1,1,2,4
202300026312,2023-10-27 20:06:00,2023,10,27,20,6,27,27565,Route de Mare Tasse,48.899406,0.839993,Nuit sans éclairage public,Hors agglomération,Intersection en X,Pluie légère,Deux véhicules - côté,4,2,2,0,1,1,2,0,1,80,2,2,1,0,1,0,36.0,58.0,voiture,voiture,3,1,2,2,3
202300026312,2023-10-27 20:06:00,2023,10,27,20,6,27,27565,Route de Mare Tasse,48.899406,0.839993,Nuit sans éclairage public,Hors agglomération,Intersection en X,Pluie légère,Deux véhicules - côté,4,2,2,-1,1,1,2,0,1,50,2,2,1,0,1,0,36.0,58.0,voiture,voiture,3,1,2,2,3
202300026313,2023-05-27 15:20:00,2023,5,27,15,20,34,34255,RD986,43.708462,3.81879,Plein jour,Hors agglomération,Giratoire,Normale,Deux véhicules - arrière,3,2,2,0,1,2,1,0,1,-1,2,3,1,0,0,2,30.0,41.0,deux_roues,voiture,1,1,6,1,2
202300026314,2023-03-07 23:40:00,2023,3,7,23,40,94,94017,A4,48.8303229,2.48934965,Nuit sans éclairage public,Hors agglomération,Hors intersection,Pluie légère,Sans collision,1,3,4,0,1,1,2,0,1,90,1,2,1,0,0,1,,,utilitaire_camion,,3,1,1,2,7
202300026315,2023-05-27 00:30:00,2023,5,27,0,30,971,97103,boulevard mahatma Gandhi,16.24096,-61.582925,Nuit avec éclairage allumé,En agglomération,Giratoire,Normale,Autre collision,2,1,1,0,1,1,1,5,4,50,1,1,0,0,1,0,26.0,,voiture,,5,2,6,1,6
202300026316,2023-11-15 13:20:00,2023,11,15,13,20,28,28135,D122,48.589333,1.687793,Plein jour,Hors agglomération,Hors intersection,Normale,Deux véhicules - frontale,3,2,2,0,1,1,1,0,1,80,2,2,0,0,1,1,45.0,35.0,voiture,voiture,1,1,1,1,1
202300026317,2023-01-23 14:50:00,2023,1,23,14,50,75,75112,PORTE DE BERCY,48.8277368,2.39321172,Plein jour,En agglomération,Intersection en Y,Normale,Autre collision,4,3, -1,-1,1,1,1,0,1,-1,1,1,0,0,0,1,24.0,,voiture,,1,2,4,1,6
202300026317,2023-01-23 14:50:00,2023,1,23,14,50,75,75112,PORTE DE BERCY,48.8277368,2.39321172,Plein jour,En agglomération,Intersection en Y,Normale,Autre collision,4,1,4,0,1,3,1,0,1,70,1,1,0,0,0,1,24.0,,voiture,,1,2,4,1,6
202300026318,2023-03-06 09:00:00,2023,3,6,9,0,974,97407,SAINT PAUL(RUE),-20.93663,55.29021,Plein jour,En agglomération,Autre intersection,Pluie légère,Deux véhicules - côté,4,2,2,0,1,1,2,0,1,50,2,3,2,0,0,1,53.0,26.0,voiture,voiture,1,2,9,2,3
202300026318,2023-03-06 09:00:00,2023,3,6,9,0,974,97407,SAINT PAUL(RUE),-20.93663,55.29021,Plein jour,En agglomération,Autre intersection,Pluie légère,Deux véhicules - côté,4,1,1,0,1,1,2,0,1,50,2,3,2,0,0,1,53.0,26.0,voiture,voiture,1,2,9,2,3
202300026319,2023-05-27 04:30:00,2023,5,27,4,30,69,69077,Autoroute 6,46.17114492,4.77007821,Nuit sans éclairage public,Hors agglomération,Hors intersection,Normale,Deux véhicules - arrière,1,3,6,0,1,1,1,0,1,130,2,2,1,0,0,1,52.0,34.0,utilitaire_camion,voiture,3,1,1,1,2
202300026320,2023-10-14 00:05:00,2023,10,14,0,5,87,87154,Chemin du Re Picard,45.890045,0.892028,Nuit sans éclairage public,En agglomération,Hors intersection,Pluie légère,Sans collision,4,-1,1,0,2,1,2,0,1,50,1,1,0,1,0,0,57.0,,deux_roues,,3,2,1,2,7
202300026321,2023-01-24 19:00:00,2023,1,24,19,0,75,75120,RUE DES REGLISES,48.854749,2.410248,Nuit avec éclairage allumé,En agglomération,Intersection en T,Normale,Autre collision,4,3, -1,-1,1,1,1,0,1,-1,1,2,1,0,0,1,65.0,,voiture,,5,2,3,1,6
202300026321,2023-01-24 19:00:00,2023,1,24,19,0,75,75120,RUE DES REGLISES,48.854749,2.410248,Nuit avec éclairage allumé,En agglomération,Intersection en T,Normale,Autre collision,4,1,1,0,2,1,1,0,1,30,1,2,1,0,0,1,65.0,,voiture,,5,2,3,1,6
202300026322,2023-03-07 13:25:00,2023,3,7,13,25,973,97302,BADUEL (ROUTE DE),4.93562,-52.31318,Plein jour,En agglomération,Hors intersection,Normale,Deux véhicules - arrière,3,2,2,1,1,1,1,0,1,50,2,3,1,0,0,2,23.0,31.0,voiture,deux_roues,1,2,1,1,2
202300026323,2023-11-15 10:50:00,2023,11,15,10,50,30,30146,D6110,43.979661,4.10363,Plein jour,Hors agglomération,Hors intersection,Normale,Sans collision,3,2,2,0,1,1,1,9,3,80,1,1,0,0,1,0,62.0,,voiture,,1,1,1,1,7
202300026324,2023-05-27 20:20:00,2023,5,27,20,20,60,60482,Route Manon,49.15512,2.520662,Crépuscule ou aube,En agglomération,Intersection en Y,Normale,Deux véhicules - côté,3,2,2,0,1,1,1,0,1,40,2,3,1,0,0,2,63.0,25.0,voiture,voiture,2,2,4,1,3
202300026324,2023-05-27 20:20:00,2023,5,27,20,20,60,60482,Route Manon,49.15512,2.520662,Crépuscule ou aube,En agglomération,Intersection en Y,Normale,Deux véhicules - côté,3,2, -1,-1,1,1,1,0,1,-1,2,3,1,0,0,2,63.0,25.0,voiture,voiture,2,2,4,1,3
202300026325,2023-01-24 19:30:00,2023,1,24,19,30,75,75117,RUE PONCELET,48.880043,2.29887,Nuit avec éclairage allumé,En agglomération,Intersection en X,Normale,Deux véhicules - côté,4,1, -1,-1,1,1,1,-1,6,-1,2,4,3,0,0,1,48.0,34.0,deux_roues,voiture,5,2,2,1,3
202300026325,2023-01-24 19:30:00,2023,1,24,19,30,75,75117,RUE PONCELET,48.880043,2.29887,Nuit avec éclairage allumé,En agglomération,Intersection en X,Normale,Deux véhicules - côté,4,1,1,3,1,1,1,-1,6,30,2,4,3,0,0,1,48.0,34.0,deux_roues,voiture,5,2,2,1,3
202300026326,2023-05-27 04:45:00,2023,5,27,4,45,95,95213,D22,49.1106993,2.0555377,Nuit sans éclairage public,Hors agglomération,Hors intersection,Normale,Autre collision,3,2,2,0,1,1,1,0,1,80,1,1,0,0,1,0,23.0,,voiture,,3,1,1,1,6
202300026327,2023-11-15 20:15:00,2023,11,15,20,15,48,48156,D52,44.470587,3.17816,Nuit sans éclairage public,Hors agglomération,Hors intersection,Brouillard / fumée,Autre collision,3,2,2,0,2,1,2,0,3,90,1,1,0,0,0,1,28.0,,voiture,,3,1,1,5,6
202300026328,2023-03-06 08:20:00,2023,3,6,8,20,973,97302,MADELEINE (ROUTE DE LA),4.91432,-52.32094,Plein jour,En agglomération,Hors intersection,Normale,Deux véhicules - côté,3,2,2,0,1,1,1,0,1,50,2,3,2,0,0,1,49.0,38.0,voiture,deux_roues,1,2,1,1,3
202300026329,2023-01-24 18:30:00,2023,1,24,18,30,75,75117,BOULEVARD BERTHIER,48.894327,2.313636,Nuit avec éclairage allumé,En agglomération,Intersection en X,Normale,Deux véhicules - côté,4,1,3,1,1,1,1,-1,5,50,2,3,2,0,0,1,,49.0,voiture,deux_roues,5,2,2,1,3
202300026329,2023-01-24 18:30:00,2023,1,24,18,30,75,75117,BOULEVARD BERTHIER,48.894327,2.313636,Nuit avec éclairage allumé,En agglomération,Intersection en X,Normale,Deux véhicules - côté,4,2, -1,-1,1,1,1,-1,5,-1,2,3,2,0,0,1,,49.0,voiture,deux_roues,5,2,2,1,3
202300026330,2023-11-15 03:50:00,2023,11,15,3,50,08,08164,voie communale de Bagot,49.371533,4.720865,Nuit sans éclairage public,Hors agglomération,Hors intersection,Pluie légère,Autre collision,4,2,2,0,1,2,2,2,8,30,1,1,0,1,0,0,23.0,,voiture,,3,1,1,2,6
202300026331,2023-05-27 10:50:00,2023,5,27,10,50,91,91041,D19,48.573342,2.238507,Plein jour,Hors agglomération,Hors intersection,Normale,Deux véhicules - frontale,3,2,3,0,2,3,1,0,1,-1,2,2,1,0,0,1,25.0,42.0,deux_roues,voiture,1,1,1,1,1
202300026332,2023-03-07 07:20:00,2023,3,7,7,20,972,97213,AUTOROUTE A1,14.614,-61.013,Plein jour,Hors agglomération,Hors intersection,Normale,Trois véhicules et plus - collisions multiples,1,1,3,0,2,1,1,0,1,90,3,3,1,0,1,0,43.0,28.0,utilitaire_camion,deux_roues,1,1,1,1,5
202300026333,2023-01-24 18:25:00,2023,1,24,18,25,75,75116,RUE DE LA TOUR,48.858568,2.284502,Crépuscule ou aube,En agglomération,Place,Normale,Autre collision,4,2, -1,-1,1,1,1,0,1,-1,1,2,1,0,0,1,51.0,,voiture,,2,2,7,1,6
202300026333,2023-01-24 18:25:00,2023,1,24,18,25,75,75116,RUE DE LA TOUR,48.858568,2.284502,Crépuscule ou aube,En agglomération,Place,Normale,Autre collision,4,1,1,0,2,1,1,0,1,30,1,2,1,0,0,1,51.0,,voiture,,2,2,7,1,6
202300026334,2023-05-26 15:26:00,2023,5,26,15,26,78,78601,D936,48.586228,1.869795,Plein jour,Hors agglomération,Hors intersection,Normale,Deux véhicules - frontale,3,2,2,0,1,1,1,0,1,80,2,2,1,0,1,0,44.0,49.0,voiture,voiture,1,1,1,1,1
202300026335,2023-11-13 13:00:00,2023,11,13,13,0,34,34116,317 Rue de la Valsiere,43.650145,3.833881,Plein jour,En agglomération,Hors intersection,Normale,Deux véhicules - frontale,4,2,2,0,1,1,1,0,1,30,2,2,1,0,1,0,54.0,47.0,voiture,utilitaire_camion,1,2,1,1,1
202300026336,2023-03-06 16:45:00,2023,3,6,16,45,971,97113,Section Port Blanc,16.23777,-61.45073,Plein jour,Hors agglomération,Hors intersection,Normale,Deux véhicules - frontale,4,2,2,0,2,1,1,9,1,70,2,2,1,0,0,1,38.0,65.0,voiture,voiture,1,1,1,1,1
202300026337,2023-01-23 15:50:00,2023,1,23,15,50,75,75116,AVENUE RAYMOND POINCARE,48.869911,2.285297,Plein jour,En agglomération,Place,Normale,Autre collision,4,2,2,0,2,1,1,0,1,30,1,2,1,0,0,1,,,voiture,,1,2,7,1,6
202300026337,2023-01-23 15:50:00,2023,1,23,15,50,75,75116,AVENUE RAYMOND POINCARE,48.869911,2.285297,Plein jour,En agglomération,Place,Normale,Autre collision,4,1, -1,-1,1,1,1,0,1,-1,1,2,1,0,0,1,,,voiture,,1,2,7,1,6
202300026338,2023-11-14 07:00:00,2023,11,14,7,0,69,69027,23 Rue Paul Bovier-Lapierre,45.67140069,4.76083568,Crépuscule ou aube,En agglomération,Hors intersection,Normale,Autre collision,4,2,2,0,1,1,1,0,1,50,1,2,1,0,1,0,44.0,,voiture,,2,2,1,1,6
202300026339,2023-05-27 20:03:00,2023,5,27,20,3,2B,2B042,T11,42.580843,9.439825,Plein jour,Hors agglomération,Hors intersection,Normale,Deux véhicules - arrière,2,3,4,0,1,1,1,0,1,110,2,2,1,0,0,1,40.0,49.0,voiture,voiture,1,1,1,1,2
202300026340,2023-03-07 08:59:00,2023,3,7,8,59,2A,2A004,MEZZAVIA ROUTE DE,41.94854,8.766,Plein jour,En agglomération,Intersection en T,Normale,Deux véhicules - côté,4,2,1,0,1,1,1,0,1,50,2,2,1,0,0,1,29.0,18.0,voiture,deux_roues,1,2,3,1,3
202300026340,2023-03-07 08:59:00,2023,3,7,8,59,2A,2A004,MEZZAVIA ROUTE DE,41.94854,8.766,Plein jour,En agglomération,Intersection en T,Normale,Deux véhicules - côté,4,2,0,0,2,1,1,0,1,50,2,2,1,0,0,1,29.0,18.0,voiture,deux_roues,1,2,3,1,3
202300026341,2023-01-24 18:45:00,2023,1,24,18,45,75,75115,BOULEVARD LEFEBVRE,48.829004,2.298958,Nuit avec éclairage allumé,En agglomération,Intersection en T,Normale,Deux véhicules - côté,4,1,2,1,1,1,1,-1,5,50,2,2,1,0,0,1,49.0,51.0,voiture,deux_roues,5,2,3,1,3
202300026341,2023-01-24 18:45:00,2023,1,24,18,45,75,75115,BOULEVARD LEFEBVRE,48.829004,2.298958,Nuit avec éclairage allumé,En agglomération,Intersection en T,Normale,Deux véhicules - côté,4,2,2,0,1,1,1,-1,5,30,2,2,1,0,0,1,49.0,51.0,voiture,deux_roues,5,2,3,1,3
202300026342,2023-11-14 14:55:00,2023,11,14,14,55,971,97116,Rue Victor Schoelcher,16.33229242,-61.45721108,Plein jour,En agglomération,Intersection en T,Normale,Deux véhicules - côté,4,1,1,0,1,1,1,0,1,50,2,2,0,0,1,1,15.0,46.0,autre,voiture,1,2,3,1,3
202300026343,2023-05-27 01:30:00,2023,5,27,1,30,11,11337,D111,43.2185,2.62761,Nuit sans éclairage public,Hors agglomération,Hors intersection,Normale,Autre collision,3,2,2,0,1,1,1,0,3,80,1,6,5,0,1,0,41.0,,voiture,,3,1,1,1,6
202300026344,2023-03-07 22:36:00,2023,3,7,22,36,95,95427,D928,48.95634513,2.3322612,Nuit sans éclairage public,En agglomération,Intersection en T,Pluie légère,Autre collision,3,2,2,0,1,1,2,0,1,50,1,2,1,0,0,1,29.0,,deux_roues,,3,2,3,2,6
202300026344,2023-03-07 22:36:00,2023,3,7,22,36,95,95427,D928,48.95634513,2.3322612,Nuit sans éclairage public,En agglomération,Intersection en T,Pluie légère,Autre collision,3,2,2,0,1,1,2,0,1,50,1,2,1,0,0,1,29.0,,deux_roues,,3,2,3,2,6
202300026345,2023-01-24 10:40:00,2023,1,24,10,40,75,75115,RUE DE VAUGIRARD,48.838305,2.298462,Plein jour,En agglomération,Intersection en X,Temps couvert,Deux véhicules - arrière,4,1, -1,-1,1,1,1,0,1,-1,2,2,1,0,0,1,85.0,47.0,voiture,deux_roues,1,2,2,8,2
202300026345,2023-01-24 10:40:00,2023,1,24,10,40,75,75115,RUE DE VAUGIRARD,48.838305,2.298462,Plein jour,En agglomération,Intersection en X,Temps couvert,Deux véhicules - arrière,4,1,3,0,1,1,1,0,1,30,2,2,1,0,0,1,85.0,47.0,voiture,deux_roues,1,2,2,8,2
202300026346,2023-05-26 19:00:00,2023,5,26,19,0,68,68117,Rue du Muhlele,48.042585,7.174839,Plein jour,En agglomération,Autre intersection,Normale,Deux véhicules - arrière,3,2,2,3,1,1,1,6,1,50,2,2,1,0,1,0,44.0,44.0,voiture,deux_roues,1,2,9,1,2
202300026347,2023-11-14 16:15:00,2023,11,14,16,15,78,78597,D928,48.953702,1.656398,Plein jour,Hors agglomération,Hors intersection,Normale,Deux véhicules - frontale,3,2,2,0,1,3,1,0,1,80,2,2,1,1,0,0,44.0,65.0,deux_roues,utilitaire_camion,1,1,1,1,1
202300026348,2023-03-07 17:45:00,2023,3,7,17,45,95,95428,Avenue de la Division Leclerc,48.97742,2.30716,Plein jour,En agglomération,Intersection en Y,Temps couvert,Autre collision,3,2,2,0,1,1,1,0,1,50,1,2,1,0,0,1,28.0,,voiture,,1,2,4,8,6
202300026348,2023-03-07 17:45:00,2023,3,7,17,45,95,95428,Avenue de la Division Leclerc,48.97742,2.30716,Plein jour,En agglomération,Intersection en Y,Temps couvert,Autre collision,3,2,2,0,1,1,1,0,1,50,1,2,1,0,0,1,28.0,,voiture,,1,2,4,8,6
202300026349,2023-01-24 07:42:00,2023,1,24,7,42,75,75114,RUE DE GERGOVIE,48.83058,2.319298,Crépuscule ou aube,En agglomération,Intersection à plus de 4 branches,Normale,Autre collision,4,1, -1,-1,1,1,1,0,1,-1,1,2,1,0,0,1,37.0,,utilitaire_camion,,2,2,5,1,6
202300026349,2023-01-24 07:42:00,2023,1,24,7,42,75,75114,RUE DE GERGOVIE,48.83058,2.319298,Crépuscule ou aube,En agglomération,Intersection à plus de 4 branches,Normale,Autre collision,4,1,1,0,1,1,1,0,1,30,1,2,1,0,0,1,37.0,,utilitaire_camion,,2,2,5,1,6
202300026350,2023-05-23 13:30:00,2023,5,23,13,30,67,67368,PR 4 sur RD214,48.44349667,7.33787114,Plein jour,Hors agglomération,Hors intersection,Normale,Sans collision,3,2,2,0,2,2,9,0,1,80,1,1,0,0,1,0,59.0,,deux_roues,,1,1,1,1,7
202300026351,2023-11-14 20:00:00,2023,11,14,20,0,30,30128,Chemin d?Estagel,43.728964,4.37229,Nuit sans éclairage public,Hors agglomération,Hors intersection,Normale,Sans collision,4,2,2,0,1,1,1,0,3,50,1,1,0,0,1,0,42.0,,voiture,,3,1,1,1,7
202300026352,2023-01-24 14:20:00,2023,1,24,14,20,75,75111,BOULEVARD VOLTAIRE,48.864844,2.368268,Plein jour,En agglomération,Hors intersection,Normale,Deux véhicules - côté,4,2,4,1,1,1,1,-1,5,30,2,2,1,0,0,1,29.0,,deux_roues,deux_roues,1,2,1,1,3
202300026353,2023-03-07 19:38:00,2023,3,7,19,38,91,91552,RTE NATIONALE 20,48.60338,2.24823,Nuit avec éclairage allumé,Hors agglomération,Hors intersection,Pluie légère,Deux véhicules - arrière,3,3,4,0,1,1,2,0,1,70,2,2,1,0,0,1,38.0,35.0,utilitaire_camion,voiture,5,1,1,2,2
202300026354,2023-01-24 19:30:00,2023,1,24,19,30,75,75110,RUE LOUIS BLANC,48.879123,2.368742,Nuit avec éclairage allumé,En agglomération,Hors intersection,Normale,Deux véhicules - côté,4,1,1,0,1,1,1,0,1,30,2,2,1,0,0,1,45.0,36.0,deux_roues,voiture,5,2,1,1,3
202300026355,2023-10-17 07:00:00,2023,10,17,7,0,34,34022,Route de Nimes,43.661057,4.027637,Crépuscule ou aube,Hors agglomération,Hors intersection,Normale,Autre collision,2,2,2,0,1,1,1,0,3,50,1,2,1,0,1,0,61.0,,voiture,,2,1,1,1,6
202300026356,2023-03-07 17:25:00,2023,3,7,17,25,91,91514,CD 33,48.66399,2.52435,Plein jour,Hors agglomération,Hors intersection,Normale,Deux véhicules - arrière,3,2,2,0,1,1,1,0,1,80,2,2,0,0,0,2,44.0,30.0,voiture,voiture,1,1,1,1,2
202300026357,2023-05-27 10:09:00,2023,5,27,10,9,81,81099,Chemin Toulze,43.90906,1.86662,Plein jour,Hors agglomération,Hors intersection,Normale,Deux véhicules - frontale,3,2,2,0,1,4,1,0,1,80,2,4,0,0,2,2,88.0,22.0,voiture,deux_roues,1,1,1,1,1
202300026358,2023-01-24 17:25:00,2023,1,24,17,25,75,75110,BOULEVARD DE BONNE NOUVELLE,48.870125,2.351061,Nuit avec éclairage allumé,En agglomération,Intersection en T,Normale,Autre collision,4,2,4,1,1,1,1,0,1,30,1,2,1,0,0,1,34.0,,utilitaire_camion,,5,2,3,1,6
202300026358,2023-01-24 17:25:00,2023,1,24,17,25,75,75110,BOULEVARD DE BONNE NOUVELLE,48.870125,2.351061,Nuit avec éclairage allumé,En agglomération,Intersection en T,Normale,Autre collision,4,1, -1,-1,1,1,1,0,1,-1,1,2,1,0,0,1,34.0,,utilitaire_camion,,5,2,3,1,6
202300026359,2023-03-07 20:25:00,2023,3,7,20,25,91,91589,RUE DES PRES SAINT MARTIN,48.68024,2.36482,Nuit avec éclairage allumé,En agglomération,Hors intersection,Pluie légère,Autre collision,4,2,2,0,1,1,2,0,1,50,1,2,1,0,0,1,24.0,,voiture,,5,2,1,2,6
202300026360,2023-05-26 17:20:00,2023,5,26,17,20,65,65192,Route de Gavarnie,42.77631192,0.01439667,Plein jour,Hors agglomération,Hors intersection,Normale,Sans collision,3,2,2,0,1,1,9,0,1,80,1,1,0,0,1,0,26.0,,deux_roues,,1,1,1,1,7
202300026361,2023-11-15 12:44:00,2023,11,15,12,44,83,83104,D3,43.614326,5.764051,Plein jour,Hors agglomération,Hors intersection,Temps éblouissant,Deux véhicules - arrière,3,2,2,1,2,1,1,0,5,80,2,2,1,1,0,0,57.0,32.0,deux_roues,voiture,1,1,1,7,2
202300026362,2023-01-24 14:10:00,2023,1,24,14,10,75,75110,RUE DU FAUBOURG DU TEMPLE,48.868172,2.365428,Plein jour,En agglomération,Intersection en X,Temps couvert,Sans collision,4,1, -1,-1,1,1,1,-1,6,-1,1,1,0,0,0,1,26.0,,deux_roues,,1,2,2,8,7
202300026362,2023-01-24 14:10:00,2023,1,24,14,10,75,75110,RUE DU FAUBOURG DU TEMPLE,48.868172,2.365428,Plein jour,En agglomération,Intersection en X,Temps couvert,Sans collision,4,1,1,3,1,1,1,-1,6,30,1,1,0,0,0,1,26.0,,deux_roues,,1,2,2,8,7
202300026363,2023-03-07 16:30:00,2023,3,7,16,30,90,90032,VEZELOIS (RUE DE),47.62004,6.87221,Plein jour,En agglomération,Autre intersection,Normale,Deux véhicules - côté,3,-1,2,0,3,2,1,0,1,50,2,2,1,0,0,1,37.0,57.0,utilitaire_camion,voiture,1,2,9,1,3
202300026364,2023-05-26 23:20:00,2023,5,26,23,20,17,17483,PR 103 +749,46.059418,-1.05907,Nuit sans éclairage public,Hors agglomération,Hors intersection,Normale,Autre collision,2,3,4,0,1,1,1,0,3,110,1,2,1,0,0,1,26.0,,voiture,,3,1,1,1,6
202300026365,2023-01-24 09:21:00,2023,1,24,9,21,75,75108,AVENUE DE WAGRAM,48.877036,2.297399,Plein jour,En agglomération,Intersection en X,Normale,Autre collision,4,1,6,1,1,1,1,-1,5,30,1,2,1,0,0,1,34.0,,deux_roues,,1,2,2,1,6
202300026365,2023-01-24 09:21:00,2023,1,24,9,21,75,75108,AVENUE DE WAGRAM,48.877036,2.297399,Plein jour,En agglomération,Intersection en X,Normale,Autre collision,4,2, -1,-1,1,1,1,-1,5,-1,1,2,1,0,0,1,34.0,,deux_roues,,1,2,2,1,6
202300026366,2023-11-14 18:03:00,2023,11,14,18,3,13,13015,549 Avenue de la Croix d?Or,43.460349,5.405692,Nuit avec éclairage allumé,En agglomération,Intersection en T,Normale,Deux véhicules - côté,3,2,2,0,1,1,1,0,1,50,2,2,1,0,1,0,39.0,74.0,deux_roues,voiture,5,2,3,1,3
202300026366,2023-11-14 18:03:00,2023,11,14,18,3,13,13015,549 Avenue de la Croix d?Or,43.460349,5.405692,Nuit avec éclairage allumé,En agglomération,Intersection en T,Normale,Deux véhicules - côté,3,2,2,0,1,1,1,0,1,50,2,2,1,0,1,0,39.0,74.0,deux_roues,voiture,5,2,3,1,3
202300026367,2023-05-27 04:40:00,2023,5,27,4,40,29,29247,Route de Concarneau,47.950587,-4.022884,Nuit sans éclairage public,Hors agglomération,Giratoire,Normale,Autre collision,3,1,1,0,1,1,1,5,1,70,1,1,0,1,0,0,44.0,,deux_roues,,3,1,6,1,6
202300026368,2023-03-06 20:00:00,2023,3,6,20,0,83,83050,SCAMARONI(AVENUE FRED),43.51612109,6.42908549,Nuit sans éclairage public,Hors agglomération,Hors intersection,Normale,Deux véhicules - frontale,3,2,2,0,1,2,2,9,1,50,2,3,1,0,0,2,75.0,37.0,voiture,voiture,3,1,1,1,1
202300026369,2023-11-14 22:20:00,2023,11,14,22,20,25,25170,D438,47.493668,6.77923,Nuit sans éclairage public,Hors agglomération,Hors intersection,Pluie légère,Autre collision,3,2,2,0,2,3,2,0,3,80,1,1,0,0,1,0,23.0,,voiture,,3,1,1,2,6
202300026370,2023-05-27 15:05:00,2023,5,27,15,5,22,22162,Rue de Poulgoic,48.783971,-3.048567,Plein jour,En agglomération,Hors intersection,Normale,Deux véhicules - arrière,3,2,2,0,1,1,1,0,1,50,2,3,2,0,1,0,51.0,86.0,deux_roues,voiture,1,2,1,1,2
202300026371,2023-11-15 18:15:00,2023,11,15,18,15,38,38087,Avenue Francois Mitterrand,45.583429,4.798493,Nuit avec éclairage non allumé,En agglomération,Hors intersection,Normale,Autre collision,4,2,2,0,1,1,1,6,1,30,1,2,1,0,0,1,42.0,,voiture,,4,2,1,1,6
202300026372,2023-03-06 17:15:00,2023,3,6,17,15,78,78586,FRESNAY,48.94428,2.16436,Plein jour,En agglomération,Intersection en X,Normale,Deux véhicules - arrière,4,2,2,0,1,1,1,0,1,40,2,3,1,0,0,2,41.0,19.0,voiture,voiture,1,2,2,1,2