accident_id,datetime,annee,mois,jour,heure,minute,departement,commune_insee,adresse,latitude,longitude,luminosite,agglomeration,intersection,meteo,collision,catr,circ,nbv,vosp,prof,plan,surf,infra,situ,vma,nb_vehicules,nb_usagers,nb_indemnes,nb_tues,nb_blesses_hosp,nb_blesses_legers,age_cond_1,age_cond_2,veh_type_cond_1,veh_type_cond_2,lum_code,agg_code,int_code,atm_code,col_code
202300026372,2023-03-06 17:15:00,2023,3,6,17,15,78,78586,FRESNAY,48.94428,2.16436,Plein jour,En agglomération,Intersection en X,Normale,Deux véhicules - arrière,4,2, -1,-1,1,1,1,0,1,-1,2,3,1,0,0,2,41.0,19.0,voiture,voiture,1,2,2,1,2
202300026373,2023-11-07 08:15:00,2023,11,7,8,15,38,38565,Avenue Henri Chapays,45.298336,5.63412,Plein jour,En agglomération,Hors intersection,Normale,Autre collision,4,2,2,0,1,1,1,0,1,50,1,2,1,0,0,1,34.0,,voiture,,1,2,1,1,6
202300026374,2023-05-26 14:15:00,2023,5,26,14,15,02,02221,,49.026416,3.270321,Plein jour,Hors agglomération,Hors intersection,Normale,Deux véhicules - frontale,3,2,2,0,2,3,1,0,1,80,2,3,1,0,1,1,21.0,61.0,voiture,voiture,1,1,1,1,1
202300026375,2023-11-14 16:15:00,2023,11,14,16,15,69,69059,151 route de Marcilly,45.85889503,4.71361069,Plein jour,En agglomération,Hors intersection,Pluie forte,Autre collision,3,2,2,0,1,1,2,0,1,30,1,2,1,0,1,0,89.0,,voiture,,1,2,1,3,6
202300026376,2023-03-07 19:50:00,2023,3,7,19,50,76,76497,Rue Aristide Briand,49.388239,1.022842,Nuit avec éclairage allumé,En agglomération,Intersection en X,Pluie légère,Deux véhicules - arrière,7,2,2,0,2,1,2,-1,1,50,2,2,1,0,0,1,32.0,33.0,utilitaire_camion,voiture,5,2,2,2,2
202300026376,2023-03-07 19:50:00,2023,3,7,19,50,76,76497,Rue Aristide Briand,49.388239,1.022842,Nuit avec éclairage allumé,En agglomération,Intersection en X,Pluie légère,Deux véhicules - arrière,7,2,2,0,1,1,2,0,1,50,2,2,1,0,0,1,32.0,33.0,utilitaire_camion,voiture,5,2,2,2,2
202300026377,2023-05-26 13:00:00,2023,5,26,13,0,69,69382,Route de Métropole 7,45.73748,4.82112,Plein jour,Hors agglomération,Hors intersection,Normale,Trois véhicules et plus - en chaîne,7,3,6,0,1,1,1,0,1,70,5,5,4,0,0,1,38.0,40.0,voiture,utilitaire_camion,1,1,1,1,4
202300026378,2023-11-15 12:30:00,2023,11,15,12,30,81,81099,71 Avenue Maréchal Foch,43.906523,1.89876,Plein jour,En agglomération,Hors intersection,Normale,Deux véhicules - côté,3,2,2,0,1,1,1,0,1,50,2,2,1,0,1,0,17.0,63.0,deux_roues,voiture,1,2,1,1,3
202300026379,2023-05-24 09:00:00,2023,5,24,9,0,33,33318,ROCADE A 630,44.79290911,-0.64932793,Plein jour,Hors agglomération,Hors intersection,Normale,Deux véhicules - côté,1,3,6,0,1,1,1,0,1,90,2,2,0,0,0,2,60.0,23.0,voiture,utilitaire_camion,1,1,1,1,3
202300026380,2023-03-06 16:00:00,2023,3,6,16,0,76,76165,Rue de la République,49.283756,1.016775,Plein jour,En agglomération,Intersection en T,Normale,Deux véhicules - côté,7,1,1,0,1,1,1,-1,1,30,2,2,1,0,1,0,64.0,55.0,voiture,deux_roues,1,2,3,1,3
202300026380,2023-03-06 16:00:00,2023,3,6,16,0,76,76165,Rue de la République,49.283756,1.016775,Plein jour,En agglomération,Intersection en T,Normale,Deux véhicules - côté,7,1,1,0,1,1,1,-1,1,30,2,2,1,0,1,0,64.0,55.0,voiture,deux_roues,1,2,3,1,3
202300026381,2023-11-15 08:15:00,2023,11,15,8,15,81,81117,D964 - P.R 42+000,43.790893,1.979417,Plein jour,Hors agglomération,Hors intersection,Normale,Trois véhicules et plus - collisions multiples,3,2,2,0,1,1,1,0,1,90,3,5,1,0,1,3,76.0,18.0,voiture,voiture,1,1,1,1,5
202300026382,2023-03-07 09:35:00,2023,3,7,9,35,76,76351,MAC ORLAN,49.5017,0.12663,Plein jour,En agglomération,Hors intersection,Normale,Deux véhicules - côté,4,2,2,0,2,1,2,0,1,50,2,2,1,0,1,0,68.0,64.0,voiture,deux_roues,1,2,1,1,3
202300026383,2023-05-26 18:30:00,2023,5,26,18,30,94,94034,A86,48.75620362,2.33732646,Plein jour,Hors agglomération,Hors intersection,Normale,Deux véhicules - arrière,1,3,5,0,1,1,1,1,1,130,2,3,2,0,0,1,48.0,42.0,utilitaire_camion,voiture,1,1,1,1,2
202300026384,2023-05-26 12:00:00,2023,5,26,12,0,92,92002,AUTOROUTE A10,48.7301183,2.30785096,Plein jour,Hors agglomération,Hors intersection,Normale,Deux véhicules - côté,1,1,3,0,1,1,1,0,1,110,2,2,1,0,0,1,45.0,,deux_roues,voiture,1,1,1,1,3
202300026385,2023-03-07 19:24:00,2023,3,7,19,24,72,72181,GENESLAY FELIX (AV) N° PAIRS 2 A 144,47.98009,0.20897,Nuit avec éclairage allumé,En agglomération,Hors intersection,Normale,Autre collision,4,2,4,3,2,1,1,0,6,50,1,2,0,0,0,2,47.0,,deux_roues,,5,2,1,1,6
202300026386,2023-05-26 00:45:00,2023,5,26,0,45,91,91570,RN 104,48.62503,2.32287,Nuit sans éclairage public,Hors agglomération,Hors intersection,Normale,Sans collision,2,1,2,0,1,1,1,0,2,110,1,1,0,0,0,1,37.0,,deux_roues,,3,1,1,1,7
202300026387,2023-11-15 12:45:00,2023,11,15,12,45,57,57323,D14a,49.395216,6.151303,Plein jour,Hors agglomération,Hors intersection,Pluie forte,Deux véhicules - frontale,3,2,2,0,1,3,2,0,1,50,2,2,0,1,0,1,50.0,22.0,voiture,voiture,1,1,1,3,1
202300026388,2023-03-04 12:47:00,2023,3,4,12,47,72,72003,GOUNOD CHARLES (RUE),47.96877,0.16382,Plein jour,En agglomération,Intersection en T,Normale,Deux véhicules - côté,4,-1,2,0,2,1,1,0,1,50,2,2,1,0,0,1,18.0,33.0,voiture,voiture,1,2,3,1,3
202300026388,2023-03-04 12:47:00,2023,3,4,12,47,72,72003,GOUNOD CHARLES (RUE),47.96877,0.16382,Plein jour,En agglomération,Intersection en T,Normale,Deux véhicules - côté,4,-1,2,0,1,1,1,0,1,50,2,2,1,0,0,1,18.0,33.0,voiture,voiture,1,2,3,1,3
202300026389,2023-05-25 20:55:00,2023,5,25,20,55,78,78124,A14,48.91362,2.16133,Plein jour,Hors agglomération,Hors intersection,Normale,Deux véhicules - arrière,1,1,0,0,1,1,1,7,1,110,2,3,0,0,0,3,40.0,33.0,utilitaire_camion,voiture,1,1,1,1,2
202300026390,2023-11-13 17:00:00,2023,11,13,17,0,13,13005,A50-Sens Aubagne vers Marseille,43.28771,5.54383,Plein jour,Hors agglomération,Hors intersection,Normale,Deux véhicules - côté,1,-1,3,0,1,1,1,0,1,90,2,2,1,0,0,1,20.0,49.0,deux_roues,voiture,1,1,1,1,3
202300026391,2023-05-25 09:00:00,2023,5,25,9,0,92,92062,A14,48.89356969,2.23306507,Nuit avec éclairage allumé,Hors agglomération,Hors intersection,Normale,Deux véhicules - côté,1,1,3,0,1,1,1,1,1,70,2,2,1,0,0,1,50.0,80.0,deux_roues,deux_roues,5,1,1,1,3
202300026392,2023-03-07 14:50:00,2023,3,7,14,50,69,69264,Avenue Saint-Exupery,45.99046,4.70818,Plein jour,En agglomération,Hors intersection,Normale,Deux véhicules - côté,4,1,1,3,1,1,1,0,1,50,2,2,1,0,0,1,15.0,39.0,deux_roues,transport_commun,1,2,1,1,3
202300026393,2023-11-05 12:25:00,2023,11,5,12,25,69,69271,Route Départementale 302,45.7489318,4.99278264,Plein jour,Hors agglomération,Hors intersection,Temps couvert,Deux véhicules - arrière,7,3,4,0,2,1,2,0,1,90,2,2,1,0,0,1,34.0,34.0,voiture,voiture,1,1,1,8,2
202300026394,2023-03-06 16:15:00,2023,3,6,16,15,69,69264,66 Rue de la Maladiere,45.97885088,4.71609236,Plein jour,En agglomération,Autre intersection,Normale,Autre collision,4,2,2,0,1,3,1,6,1,50,1,2,1,0,0,1,87.0,,voiture,,1,2,9,1,6
202300026395,2023-05-25 11:05:00,2023,5,25,11,5,92,92036,RN315 Y,48.93280548,2.3021252,Plein jour,Hors agglomération,Hors intersection,Normale,Deux véhicules - côté,2,1,2,0,1,2,1,1,1,70,2,3,1,0,0,2,54.0,60.0,deux_roues,voiture,1,1,1,1,3
202300026396,2023-11-09 14:10:00,2023,11,9,14,10,69,69271,Route Départementale 302,45.75053,4.98513,Plein jour,Hors agglomération,Hors intersection,Pluie légère,Sans collision,7,3,2,0,2,2,8,0,1,50,1,1,0,0,0,1,35.0,,voiture,,1,1,1,2,7
202300026397,2023-03-06 15:04:00,2023,3,6,15,4,66,66136,,42.69726843,2.92466462,Plein jour,En agglomération,Hors intersection,Normale,Sans collision,4,3,2,0,1,1,1,0,1,30,2,2,1,0,1,0,64.0,46.0,voiture,deux_roues,1,2,1,1,7
202300026398,2023-05-25 19:50:00,2023,5,25,19,50,95,95018,A15,48.95927808,2.27316141,Plein jour,Hors agglomération,Hors intersection,Normale,Trois véhicules et plus - collisions multiples,1,3,5,0,1,1,1,0,1,90,3,3,2,0,0,1,19.0,57.0,voiture,deux_roues,1,1,1,1,5
202300026399,2023-11-14 17:21:00,2023,11,14,17,21,33,33075,ROCADE A 630,44.88998961,-0.613731,Nuit avec éclairage non allumé,Hors agglomération,Hors intersection,Pluie légère,Trois véhicules et plus - collisions multiples,1,3,6,0,1,3,2,0,1,90,3,3,2,0,0,1,54.0,56.0,deux_roues,voiture,4,1,1,2,5
202300026400,2023-05-25 17:00:00,2023,5,25,17,0,93,93027,AUTOROUTE A1,48.93398895,2.39130199,Plein jour,Hors agglomération,Hors intersection,Normale,Trois véhicules et plus - collisions multiples,1,3,3,0,1,1,1,0,1,90,4,4,2,0,0,2,59.0,22.0,voiture,deux_roues,1,1,1,1,5
202300026401,2023-03-03 13:50:00,2023,3,3,13,50,63,63113,Av Italie / rue Grande Bretagne,45.77811,3.09613,Plein jour,En agglomération,Intersection à plus de 4 branches,Normale,Trois véhicules et plus - en chaîne,4,1,4,0,1,1,1,0,1,50,3,3,2,0,0,1,65.0,66.0,voiture,voiture,1,2,5,1,4
202300026401,2023-03-03 13:50:00,2023,3,3,13,50,63,63113,Av Italie / rue Grande Bretagne,45.77811,3.09613,Plein jour,En agglomération,Intersection à plus de 4 branches,Normale,Trois véhicules et plus - en chaîne,4,1,3,-1,1,1,1,5,1,30,3,3,2,0,0,1,65.0,66.0,voiture,voiture,1,2,5,1,4
202300026402,2023-11-14 14:15:00,2023,11,14,14,15,94,94034,A86,48.76020129,2.32061692,Plein jour,Hors agglomération,Hors intersection,Pluie légère,Deux véhicules - côté,1,3,3,0,1,1,2,0,1,70,2,2,1,0,0,1,16.0,41.0,deux_roues,voiture,1,1,1,2,3
202300026403,2023-05-25 17:15:00,2023,5,25,17,15,93,93066,AUTOROUTE A86,48.92365,2.34243,Plein jour,Hors agglomération,Hors intersection,Normale,Trois véhicules et plus - collisions multiples,1,1,6,0,1,1,1,0,1,70,3,3,2,0,0,1,35.0,45.0,deux_roues,utilitaire_camion,1,1,1,1,5
202300026404,2023-03-06 14:40:00,2023,3,6,14,40,62,62757,D928,50.759192,2.220991,Plein jour,En agglomération,Hors intersection,Normale,Deux véhicules - frontale,3,2,1,0,1,1,1,0,1,70,2,4,2,0,1,1,19.0,60.0,voiture,voiture,1,2,1,1,1
202300026405,2023-05-25 13:45:00,2023,5,25,13,45,92,92036,AUTOROUTE A15,48.94355783,2.28738079,Plein jour,Hors agglomération,Hors intersection,Normale,Deux véhicules - côté,1,3,4,0,1,1,1,2,1,90,2,2,1,0,0,1,43.0,59.0,deux_roues,voiture,1,1,1,1,3
202300026406,2023-11-14 11:55:00,2023,11,14,11,55,94,94043,A6B,48.8036176,2.34401681,Plein jour,Hors agglomération,Hors intersection,Normale,Trois véhicules et plus - en chaîne,1,3,2,0,1,1,1,1,1,90,3,3,0,0,0,3,26.0,35.0,voiture,voiture,1,1,1,1,4
202300026407,2023-03-06 15:00:00,2023,3,6,15,0,62,62617,D937,50.47311,2.66788,Plein jour,En agglomération,Hors intersection,Normale,Deux véhicules - côté,3,2,1,0,1,1,1,0,1,50,2,2,1,0,0,1,20.0,52.0,deux_roues,voiture,1,2,1,1,3
202300026408,2023-11-14 09:50:00,2023,11,14,9,50,91,91645,N385,48.75969,2.26549,Plein jour,Hors agglomération,Hors intersection,Normale,Deux véhicules - arrière,2,2,2,0,1,1,1,0,1,90,2,2,1,0,0,1,63.0,20.0,voiture,deux_roues,1,1,1,1,2
202300026409,2023-05-25 08:10:00,2023,5,25,8,10,95,95500,A15,49.0417221,2.080383,Plein jour,Hors agglomération,Hors intersection,Normale,Trois véhicules et plus - en chaîne,1,1,2,0,1,1,1,0,1,70,3,3,1,0,0,2,27.0,22.0,utilitaire_camion,utilitaire_camion,1,1,1,1,4
202300026410,2023-03-07 08:10:00,2023,3,7,8,10,59,59163,HEM (RUE D'),50.66738,3.15749,Plein jour,En agglomération,Hors intersection,Pluie légère,Deux véhicules - arrière,7,-1,2,2,2,1,2,0,5,50,2,2,1,0,0,1,15.0,35.0,deux_roues,utilitaire_camion,1,2,1,2,2
202300026411,2023-11-14 08:20:00,2023,11,14,8,20,91,91553,RN 104,48.63139,2.49287,Plein jour,Hors agglomération,Hors intersection,Normale,Deux véhicules - côté,2,3,3,0,2,1,1,0,1,110,2,2,1,0,0,1,32.0,40.0,deux_roues,voiture,1,1,1,1,3
202300026412,2023-03-07 12:10:00,2023,3,7,12,10,59,59350,BAPAUME RUE DE,50.619113,3.05872,Plein jour,En agglomération,Hors intersection,Pluie légère,Autre collision,4,1,0,0,1,1,2,0,1,30,1,2,1,0,0,1,,,voiture,,1,2,1,2,6
202300026413,2023-05-24 09:30:00,2023,5,24,9,30,92,92036,AUTOROUTE A15,48.93788866,2.29766722,Plein jour,Hors agglomération,Hors intersection,Normale,Deux véhicules - arrière,1,1,2,0,1,1,1,0,1,70,2,3,1,0,0,2,48.0,24.0,voiture,deux_roues,1,1,1,1,2
202300026414,2023-11-14 08:40:00,2023,11,14,8,40,91,91689,AUTOROUTE A6B,48.74267,2.3225,Plein jour,Hors agglomération,Hors intersection,Normale,Deux véhicules - arrière,1,1,4,0,1,1,1,0,1,90,2,2,1,0,0,1,38.0,30.0,voiture,deux_roues,1,1,1,1,2
202300026415,2023-03-06 09:45:00,2023,3,6,9,45,59,59328,HIPPODROME AV DE L N°246 AU 410,50.65572,3.0164,Plein jour,En agglomération,Hors intersection,Normale,Deux véhicules - arrière,7,3,2,0,1,1,1,0,1,50,2,2,0,0,0,2,55.0,51.0,voiture,voiture,1,2,1,1,2
202300026416,2023-05-26 08:05:00,2023,5,26,8,5,94,94018,A4,48.82050762,2.40183223,Plein jour,Hors agglomération,Hors intersection,Normale,Autre collision,1,1,5,0,1,1,1,0,1,90,2,2,1,0,0,1,23.0,35.0,utilitaire_camion,deux_roues,1,1,1,1,6
202300026417,2023-05-25 21:50:00,2023,5,25,21,50,75,75112,A4,48.823575,2.462949,Nuit avec éclairage non allumé,Hors agglomération,Hors intersection,Normale,Autre collision,1,1,4,0,1,3,1,0,1,90,1,1,0,0,1,0,40.0,,voiture,,4,1,1,1,6
202300026418,2023-11-14 06:33:00,2023,11,14,6,33,91,91377,AUTOROUTE A10,48.72686,2.3031,Nuit sans éclairage public,Hors agglomération,Hors intersection,Normale,Deux véhicules - côté,1,1,3,0,1,1,1,0,1,90,2,2,1,0,0,1,55.0,40.0,utilitaire_camion,utilitaire_camion,3,1,1,1,3
202300026419,2023-03-05 18:20:00,2023,3,5,18,20,56,56121,MANIO ( ECHANGEUR ET RD POINT DU ),47.75619,-3.38411,Plein jour,En agglomération,Giratoire,Normale,Deux véhicules - arrière,4,1,1,2,1,2,1,5,1,30,2,3,2,0,0,1,51.0,46.0,voiture,deux_roues,1,2,6,1,2
202300026420,2023-05-25 16:38:00,2023,5,25,16,38,68,68224,PRINTEMPS (RUE DU),47.74874,7.3496,Plein jour,En agglomération,Hors intersection,Normale,Autre collision,4,2,2,0,1,1,1,0,1,50,1,2,1,0,1,0,53.0,,voiture,,1,2,1,1,6
202300026421,2023-11-14 05:35:00,2023,11,14,5,35,78,78043,A12 W,48.841018,2.097659,Nuit avec éclairage allumé,Hors agglomération,Hors intersection,Normale,Autre collision,1,1,2,0,1,1,1,0,2,130,1,1,0,0,0,1,59.0,,utilitaire_camion,,5,1,1,1,6
202300026422,2023-03-05 05:45:00,2023,3,5,5,45,56,56036,,47.78626,-3.33265,Nuit sans éclairage public,Hors agglomération,Hors intersection,Normale,Autre collision,2,3,4,0,1,1,1,0,3,90,1,1,0,0,0,1,47.0,,voiture,,3,1,1,1,6
202300026423,2023-11-13 15:50:00,2023,11,13,15,50,78,78297,RN12,48.788439,2.068056,Plein jour,Hors agglomération,Hors intersection,Temps couvert,Autre collision,2,-1,2,0,1,1,2,0,1,110,1,1,0,0,0,1,32.0,,utilitaire_camion,,1,1,1,8,6
202300026424,2023-05-25 16:45:00,2023,5,25,16,45,62,62413,Rue de Stalingrad,50.44563923,2.89661551,Plein jour,En agglomération,Intersection en X,Normale,Autre collision,4,2,2,0,1,1,1,0,1,50,2,3,1,0,1,1,36.0,29.0,voiture,deux_roues,1,2,2,1,6
202300026424,2023-05-25 16:45:00,2023,5,25,16,45,62,62413,Rue de Stalingrad,50.44563923,2.89661551,Plein jour,En agglomération,Intersection en X,Normale,Autre collision,4,2,2,0,1,1,1,0,1,50,2,3,1,0,1,1,36.0,29.0,voiture,deux_roues,1,2,2,1,6
202300026425,2023-03-07 06:59:00,2023,3,7,6,59,51,51454,avenue du Général De Gaulle,49.24192,4.01417,Crépuscule ou aube,En agglomération,Intersection en X,Normale,Deux véhicules - côté,4,2,3,0,3,1,1,0,1,50,2,2,1,0,0,1,20.0,36.0,deux_roues,voiture,2,2,2,1,3
202300026425,2023-03-07 06:59:00,2023,3,7,6,59,51,51454,avenue du Général De Gaulle,49.24192,4.01417,Crépuscule ou aube,En agglomération,Intersection en X,Normale,Deux véhicules - côté,4,2,3,0,1,1,1,0,1,50,2,2,1,0,0,1,20.0,36.0,deux_roues,voiture,2,2,2,1,3
202300026426,2023-11-14 12:30:00,2023,11,14,12,30,92,92036,AUTOROUTE A15,48.94920532,2.28069842,Plein jour,Hors agglomération,Hors intersection,Pluie légère,Autre collision,1,3,4,0,1,1,2,2,1,110,1,3,0,0,0,3,34.0,,voiture,,1,1,1,2,6
202300026427,2023-11-14 17:10:00,2023,11,14,17,10,92,92036,AUTOROUTE A86,48.93838168,2.31330853,Crépuscule ou aube,Hors agglomération,Hors intersection,Normale,Sans collision,1,1,1,0,1,3,2,0,1,30,1,1,0,0,0,1,45.0,,deux_roues,,2,1,1,1,7
202300026428,2023-03-07 07:00:00,2023,3,7,7,0,50,50129,VOSGES (RUE DES),49.62923,-1.61993,Nuit avec éclairage allumé,En agglomération,Hors intersection,Pluie forte,Trois véhicules et plus - collisions multiples,4,2,1,0,2,1,2,0,1,50,3,4,2,0,0,2,30.0,57.0,voiture,voiture,5,2,1,3,5
202300026429,2023-11-14 08:25:00,2023,11,14,8,25,93,93066,AUTOROUTE A1,48.91277,2.35829,Plein jour,Hors agglomération,Hors intersection,Normale,Autre collision,1,3,4,0,1,1,1,1,1,90,1,1,0,0,0,1,22.0,,voiture,,1,1,1,1,6
202300026430,2023-03-05 20:40:00,2023,3,5,20,40,50,50129,NAPOLEON (PLACE),49.64283,-1.62432,Nuit avec éclairage allumé,En agglomération,Intersection à plus de 4 branches,Normale,Deux véhicules - côté,4,3,4,0,1,1,1,0,1,50,2,3,1,0,0,2,39.0,19.0,voiture,voiture,5,2,5,1,3
202300026430,2023-03-05 20:40:00,2023,3,5,20,40,50,50129,NAPOLEON (PLACE),49.64283,-1.62432,Nuit avec éclairage allumé,En agglomération,Intersection à plus de 4 branches,Normale,Deux véhicules - côté,4,3,4,0,1,1,1,0,1,50,2,3,1,0,0,2,39.0,19.0,voiture,voiture,5,2,5,1,3
202300026431,2023-11-13 23:00:00,2023,11,13,23,0,92,92036,AUTOROUTE A15,48.93873,2.29434,Nuit sans éclairage public,Hors agglomération,Autre intersection,Normale,Deux véhicules - arrière,1,1,2,0,2,3,2,3,1,50,2,2,1,0,0,1,22.0,23.0,voiture,utilitaire_camion,3,1,9,1,2
202300026432,2023-05-25 11:35:00,2023,5,25,11,35,976,97611,kaweni-Centrale EDM (rue de la ),-12.76149,45.22656,Plein jour,En agglomération,Hors intersection,Normale,Deux véhicules - frontale,2,2,2,0,1,1,1,0,1,50,2,2,1,0,0,1,69.0,50.0,voiture,autre,1,2,1,1,1
202300026433,2023-03-02 09:00:00,2023,3,2,9,0,49,49328,REPUBLIQUE (PLACE DE LA),47.26029,-0.07554,Plein jour,En agglomération,Intersection en T,Normale,Autre collision,4,2, -1,-1,1,1,1,0,1,-1,1,2,1,0,0,1,34.0,,voiture,,1,2,3,1,6
202300026433,2023-03-02 09:00:00,2023,3,2,9,0,49,49328,REPUBLIQUE (PLACE DE LA),47.26029,-0.07554,Plein jour,En agglomération,Intersection en T,Normale,Autre collision,4,2,2,0,1,1,1,0,1,50,1,2,1,0,0,1,34.0,,voiture,,1,2,3,1,6
202300026434,2023-11-14 12:20:00,2023,11,14,12,20,94,94017,A4,48.82665078,2.51617424,Plein jour,Hors agglomération,Hors intersection,Normale,Trois véhicules et plus - en chaîne,1,1,3,0,1,1,1,1,1,90,3,3,2,0,0,1,49.0,40.0,utilitaire_camion,utilitaire_camion,1,1,1,1,4
202300026435,2023-03-07 18:00:00,2023,3,7,18,0,44,44109,30 Boulevard des Anglais,47.22868,-1.57711,Plein jour,En agglomération,Intersection en T,Normale,Deux véhicules - côté,4,2,2,2,2,1,1,0,1,50,2,2,0,0,0,2,57.0,84.0,voiture,voiture,1,2,3,1,3
202300026435,2023-03-07 18:00:00,2023,3,7,18,0,44,44109,30 Boulevard des Anglais,47.22868,-1.57711,Plein jour,En agglomération,Intersection en T,Normale,Deux véhicules - côté,4,2,2,0,2,1,1,0,1,30,2,2,0,0,0,2,57.0,84.0,voiture,voiture,1,2,3,1,3
202300026436,2023-05-24 09:10:00,2023,5,24,9,10,974,97411,MALARTIC (RUE),-20.886726,55.452167,Plein jour,En agglomération,Hors intersection,Normale,Trois véhicules et plus - en chaîne,4,2,2,0,1,1,1,0,1,50,3,5,3,0,0,2,47.0,24.0,transport_commun,voiture,1,2,1,1,4
202300026437,2023-11-14 08:50:00,2023,11,14,8,50,94,94022,A86,48.7760143,2.42729991,Plein jour,Hors agglomération,Hors intersection,Normale,Deux véhicules - arrière,1,3,3,0,1,1,1,0,1,90,2,2,1,0,0,1,44.0,19.0,voiture,deux_roues,1,1,1,1,2
202300026438,2023-05-25 08:18:00,2023,5,25,8,18,973,97302,COLOMB (CHRISTOPHE),4.93877705,-52.32898124,Plein jour,En agglomération,Hors intersection,Normale,Deux véhicules - côté,4,1,1,0,1,1,1,0,1,50,2,3,2,0,0,1,,43.0,voiture,deux_roues,1,2,1,1,3
202300026439,2023-03-20 07:36:00,2023,3,20,7,36,60,60559,route nationale 31,49.414072,2.287173,Plein jour,Hors agglomération,Hors intersection,Normale,Trois véhicules et plus - collisions multiples,2,3,2,0,1,1,1,0,2,110,2,2,1,0,0,1,34.0,20.0,voiture,voiture,1,1,1,1,5
202300026440,2023-05-25 20:30:00,2023,5,25,20,30,69,69388,Avenue Jean Mermoz,45.73295,4.8803,Plein jour,En agglomération,Hors intersection,Normale,Autre collision,4,2,4,3,1,1,1,0,1,50,1,1,0,0,0,1,61.0,,voiture,,1,2,1,1,6
202300026441,2023-03-07 14:30:00,2023,3,7,14,30,38,38169,VERCORS (AVENUE DU)   (1 A 52),45.19242,5.69844,Plein jour,En agglomération,Intersection en X,Temps couvert,Deux véhicules - côté,7,1,2,0,1,1,1,9,1,30,2,2,1,0,0,1,62.0,55.0,deux_roues,voiture,1,2,2,8,3
202300026441,2023-03-07 14:30:00,2023,3,7,14,30,38,38169,VERCORS (AVENUE DU)   (1 A 52),45.19242,5.69844,Plein jour,En agglomération,Intersection en X,Temps couvert,Deux véhicules - côté,7,2,2,0,1,1,1,5,1,30,2,2,1,0,0,1,62.0,55.0,deux_roues,voiture,1,2,2,8,3
202300026442,2023-08-31 00:25:00,2023,8,31,0,25,62,62160,Rue Beaurepaire,50.73017,1.61085,Nuit avec éclairage allumé,En agglomération,Intersection en T,Normale,Autre collision,4,2,2,0,2,1,1,0,1,50,1,1,0,0,1,0,28.0,,deux_roues,,5,2,3,1,6
202300026442,2023-08-31 00:25:00,2023,8,31,0,25,62,62160,Rue Beaurepaire,50.73017,1.61085,Nuit avec éclairage allumé,En agglomération,Intersection en T,Normale,Autre collision,4,2,2,0,2,1,1,0,8,50,1,1,0,0,1,0,28.0,,deux_roues,,5,2,3,1,6
202300026443,2023-03-06 15:15:00,2023,3,6,15,15,37,37261,D76 - Route de St Avertin,47.36532,0.71214,Plein jour,En agglomération,Autre intersection,Normale,Sans collision,4,3,2,0,1,1,1,0,1,50,1,1,0,0,0,1,42.0,,deux_roues,,1,2,9,1,7
202300026444,2023-05-25 19:00:00,2023,5,25,19,0,69,69383,Rue Docteur Bouchut,45.7595,4.8555,Plein jour,En agglomération,Hors intersection,Normale,Deux véhicules - côté,4,1,2,2,1,1,1,0,5,30,2,2,1,0,0,1,45.0,26.0,deux_roues,voiture,1,2,1,1,3
202300026445,2023-03-05 03:00:00,2023,3,5,3,0,34,34032,BRANDT WILLY (RD POINT),43.34561,3.2087,Nuit avec éclairage allumé,En agglomération,Giratoire,Normale,Sans collision,4,1,2,0,1,2,1,0,1,50,1,2,0,0,1,1,28.0,,deux_roues,,5,2,6,1,7
202300026446,2023-01-21 11:00:00,2023,1,21,11,0,83,83023,Centre Commercial E. Leclerc (Supermarché),43.407175,6.048317,Plein jour,En agglomération,Autre intersection,Normale,Autre collision,6,-1, -1,0,1,1,1,9,1,30,1,2,1,0,0,1,65.0,,voiture,,1,2,9,1,6
202300026447,2023-05-25 17:20:00,2023,5,25,17,20,69,69387,Avenue Leclerc,45.74556,4.83193,Plein jour,En agglomération,Intersection en X,Normale,Deux véhicules - côté,4,2,2,0,1,1,1,0,1,50,2,3,1,0,0,2,42.0,33.0,voiture,voiture,1,2,2,1,3
202300026447,2023-05-25 17:20:00,2023,5,25,17,20,69,69387,Avenue Leclerc,45.74556,4.83193,Plein jour,En agglomération,Intersection en X,Normale,Deux véhicules - côté,4,3,4,3,1,1,1,0,1,50,2,3,1,0,0,2,42.0,33.0,voiture,voiture,1,2,2,1,3
202300026448,2023-03-07 17:00:00,2023,3,7,17,0,33,33063,Rue Esprit-Des-Lois,44.84306,-0.57264,Plein jour,En agglomération,Hors intersection,Temps couvert,Autre collision,4,1,1,2,2,1,2,-1,5,30,1,2,1,0,1,0,19.0,,deux_roues,,1,2,1,8,6
202300026449,2023-03-07 14:31:00,2023,3,7,14,31,33,33039,A631,44.8193255,-0.53871095,Plein jour,Hors agglomération,Hors intersection,Pluie légère,Trois véhicules et plus - collisions multiples,4,-1,3,1,1,1,2,0,1,70,3,3,2,0,0,1,21.0,60.0,utilitaire_camion,voiture,1,1,1,2,5
202300026450,2023-11-13 07:30:00,2023,11,13,7,30,974,97411,TOPAZES(ALLEE DES),-20.894,55.44392,Plein jour,En agglomération,Intersection en T,Normale,Sans collision,3,2,1,0,1,1,1,0,1,50,2,3,1,0,0,2,45.0,36.0,voiture,voiture,1,2,3,1,7