accident_id,datetime,annee,mois,jour,heure,minute,departement,commune_insee,adresse,latitude,longitude,luminosite,agglomeration,intersection,meteo,collision,catr,circ,nbv,vosp,prof,plan,surf,infra,situ,vma,nb_vehicules,nb_usagers,nb_indemnes,nb_tues,nb_blesses_hosp,nb_blesses_legers,age_cond_1,age_cond_2,veh_type_cond_1,veh_type_cond_2,lum_code,agg_code,int_code,atm_code,col_code
202300026450,2023-11-13 07:30:00,2023,11,13,7,30,974,97411,TOPAZES(ALLEE DES),-20.894,55.44392,Plein jour,En agglomération,Intersection en T,Normale,Sans collision,3,2,1,0,2,1,1,0,1,50,2,3,1,0,0,2,45.0,36.0,voiture,voiture,1,2,3,1,7
202300026451,2023-05-25 09:10:00,2023,5,25,9,10,69,69388,Rue Challemel Lacour,45.72943,4.85109,Plein jour,En agglomération,Intersection en X,Normale,Deux véhicules - côté,4,2,2,2,1,3,1,0,1,50,2,2,1,0,0,1,25.0,27.0,voiture,deux_roues,1,2,2,1,3
202300026451,2023-05-25 09:10:00,2023,5,25,9,10,69,69388,Rue Challemel Lacour,45.72943,4.85109,Plein jour,En agglomération,Intersection en X,Normale,Deux véhicules - côté,4,2,2,0,1,1,1,0,1,50,2,2,1,0,0,1,25.0,27.0,voiture,deux_roues,1,2,2,1,3
202300026452,2023-05-25 13:15:00,2023,5,25,13,15,972,97213,ROUTE DEPARTEMENTALE 14,14.63023,-61.01603,Plein jour,Hors agglomération,Hors intersection,Normale,Sans collision,3,2,2,0,1,2,8,0,1,70,1,1,0,0,0,1,34.0,,autre,,1,1,1,1,7
202300026453,2023-11-13 19:58:00,2023,11,13,19,58,973,97302,FLAMBOYANTS (RUE DES),4.92485,-52.31733,Nuit avec éclairage allumé,En agglomération,Hors intersection,Normale,Deux véhicules - côté,4,2,2,0,1,1,1,0,1,50,2,2,1,0,0,1,25.0,19.0,voiture,deux_roues,5,2,1,1,3
202300026454,2023-03-05 18:40:00,2023,3,5,18,40,33,33249,Voie Ctre Cial Quatre Pavillons,44.86522,-0.51893,Plein jour,En agglomération,Intersection en X,Normale,Deux véhicules - côté,4,-1, -1,-1,1,1,1,0,1,-1,2,2,1,0,0,1,35.0,26.0,voiture,voiture,1,2,2,1,3
202300026454,2023-03-05 18:40:00,2023,3,5,18,40,33,33249,Voie Ctre Cial Quatre Pavillons,44.86522,-0.51893,Plein jour,En agglomération,Intersection en X,Normale,Deux véhicules - côté,4,-1, -1,0,1,1,1,0,1,30,2,2,1,0,0,1,35.0,26.0,voiture,voiture,1,2,2,1,3
202300026455,2023-05-25 15:45:00,2023,5,25,15,45,972,97209,REPUBLIQUE (RUE DE LA ),14.60549,-61.0711,Plein jour,En agglomération,Hors intersection,Normale,Autre collision,4,-1,1,0,1,1,1,0,1,30,2,3,1,0,0,1,62.0,,voiture,voiture,1,2,1,1,6
202300026456,2023-03-06 16:15:00,2023,3,6,16,15,29,29019,boulevard de l'Europe,48.41309,-4.48927,Plein jour,En agglomération,Hors intersection,Normale,Deux véhicules - côté,4,-1,5,0,1,1,1,0,1,50,2,2,1,0,1,0,45.0,34.0,deux_roues,voiture,1,2,1,1,3
202300026457,2023-11-13 16:12:00,2023,11,13,16,12,973,97302,14 ET 22 JUIN 1962,4.93394,-52.32712,Plein jour,En agglomération,Hors intersection,Normale,Deux véhicules - arrière,4,2,2,0,1,1,1,0,1,50,2,3,2,0,0,1,43.0,28.0,voiture,deux_roues,1,2,1,1,2
202300026458,2023-05-25 22:20:00,2023,5,25,22,20,69,69381,Tunnel de la Croix Rousse,45.77356027,4.8251774,Plein jour,En agglomération,Hors intersection,Normale,Deux véhicules - côté,4,1,2,0,1,1,1,1,1,50,2,2,1,0,0,1,30.0,28.0,deux_roues,voiture,1,2,1,1,3
202300026459,2023-03-07 13:10:00,2023,3,7,13,10,28,28134,MARCEAU (AVENUE DU GENERAL),48.72755,1.36656,Plein jour,En agglomération,Hors intersection,Normale,Deux véhicules - arrière,4,2,2,0,2,1,1,0,1,50,2,2,1,0,0,1,25.0,63.0,voiture,voiture,1,2,1,1,2
202300026460,2023-05-25 10:30:00,2023,5,25,10,30,2B,2B033,11 - RT,42.68599,9.44638,Plein jour,En agglomération,Hors intersection,Normale,Deux véhicules - arrière,2,2,3,0,1,1,1,5,1,50,3,3,2,0,0,1,34.0,50.0,deux_roues,voiture,1,2,1,1,2
202300026461,2023-11-13 18:15:00,2023,11,13,18,15,69,69383,Rue de la Caille,45.75086,4.8955,Nuit avec éclairage allumé,En agglomération,Intersection en X,Normale,Deux véhicules - côté,4,1,1,2,2,1,1,0,1,30,2,2,1,0,0,1,21.0,41.0,voiture,voiture,5,2,2,1,3
202300026461,2023-11-13 18:15:00,2023,11,13,18,15,69,69383,Rue de la Caille,45.75086,4.8955,Nuit avec éclairage allumé,En agglomération,Intersection en X,Normale,Deux véhicules - côté,4,2,2,2,1,1,1,0,1,30,2,2,1,0,0,1,21.0,41.0,voiture,voiture,5,2,2,1,3
202300026462,2023-03-07 17:30:00,2023,3,7,17,30,27,27681,CHAMBRAY (ROUTE DE),49.09355,1.47189,Plein jour,En agglomération,Intersection en X,Pluie légère,Deux véhicules - côté,4,2,2,0,1,1,2,0,1,50,2,2,1,0,0,1,39.0,37.0,voiture,utilitaire_camion,1,2,2,2,3
202300026462,2023-03-07 17:30:00,2023,3,7,17,30,27,27681,CHAMBRAY (ROUTE DE),49.09355,1.47189,Plein jour,En agglomération,Intersection en X,Pluie légère,Deux véhicules - côté,4,2,2,0,1,1,2,5,1,50,2,2,1,0,0,1,39.0,37.0,voiture,utilitaire_camion,1,2,2,2,3
202300026463,2023-05-24 15:50:00,2023,5,24,15,50,971,97101,PETIT PEROU,16.2565,-61.51497,Plein jour,En agglomération,Intersection en T,Normale,Deux véhicules - frontale,4,2,0,0,1,1,1,0,1,50,2,2,1,0,0,1,28.0,54.0,deux_roues,voiture,1,2,3,1,1
202300026463,2023-05-24 15:50:00,2023,5,24,15,50,971,97101,PETIT PEROU,16.2565,-61.51497,Plein jour,En agglomération,Intersection en T,Normale,Deux véhicules - frontale,4,2,2,0,2,1,1,0,1,50,2,2,1,0,0,1,28.0,54.0,deux_roues,voiture,1,2,3,1,1
202300026464,2023-09-10 02:50:00,2023,9,10,2,50,25,25056,FLEMING BOULEVARD,47.226,5.96587,Nuit avec éclairage allumé,En agglomération,Intersection en X,Normale,Autre collision,4,2,3,0,1,1,1,0,8,50,1,3,0,0,0,3,23.0,,voiture,,5,2,2,1,6
202300026464,2023-09-10 02:50:00,2023,9,10,2,50,25,25056,FLEMING BOULEVARD,47.226,5.96587,Nuit avec éclairage allumé,En agglomération,Intersection en X,Normale,Autre collision,4,3,4,0,2,1,1,0,8,50,1,3,0,0,0,3,23.0,,voiture,,5,2,2,1,6
202300026465,2023-11-13 07:40:00,2023,11,13,7,40,69,69388,Avenue Jean Jaurès,45.73606,4.8864,Crépuscule ou aube,En agglomération,Intersection en X,Pluie légère,Deux véhicules - côté,4,2,2,0,1,1,2,0,1,30,2,2,1,0,0,1,38.0,47.0,voiture,deux_roues,2,2,2,2,3
202300026465,2023-11-13 07:40:00,2023,11,13,7,40,69,69388,Avenue Jean Jaurès,45.73606,4.8864,Crépuscule ou aube,En agglomération,Intersection en X,Pluie légère,Deux véhicules - côté,4,2,2,3,1,1,2,0,1,50,2,2,1,0,0,1,38.0,47.0,voiture,deux_roues,2,2,2,2,3
202300026466,2023-09-10 02:16:00,2023,9,10,2,16,14,14715,126 Boulevard Fernand Moureaux,49.36442,0.08275,Nuit avec éclairage non allumé,En agglomération,Hors intersection,Normale,Autre collision,4,2,2,0,1,1,1,0,1,30,1,2,0,0,0,2,52.0,,voiture,,4,2,1,1,6
202300026467,2023-03-07 14:53:00,2023,3,7,14,53,25,25056,avenue de la paix,47.24471,6.01769,Plein jour,En agglomération,Hors intersection,Normale,Autre collision,4,2,3,3,1,1,1,5,1,50,1,3,1,0,0,2,40.0,,transport_commun,,1,2,1,1,6
202300026468,2023-11-13 07:54:00,2023,11,13,7,54,971,97113,Chemin de la BOUAYE,16.21885,-61.49016,Plein jour,Hors agglomération,Hors intersection,Normale,Deux véhicules - côté,4,2,2,0,1,1,1,0,1,50,2,2,0,0,0,2,36.0,23.0,voiture,voiture,1,1,1,1,3
202300026469,2023-02-25 05:40:00,2023,2,25,5,40,30,30032,FOURQUES ROUTE DE,43.78801,4.62745,Nuit sans éclairage public,Hors agglomération,Hors intersection,Normale,Sans collision,3,2,2,0,1,3,1,0,3,80,1,1,0,0,1,0,24.0,,voiture,,3,1,1,1,7
202300026470,2023-09-10 14:00:00,2023,9,10,14,0,13,13210,PAUL CLAUDEL (BOULEVARD),43.2692995,5.42086889,Plein jour,En agglomération,Intersection en X,Normale,Deux véhicules - côté,4,3,7,0,1,1,1,5,1,50,2,2,0,0,0,2,23.0,21.0,voiture,voiture,1,2,2,1,3
202300026470,2023-09-10 14:00:00,2023,9,10,14,0,13,13210,PAUL CLAUDEL (BOULEVARD),43.2692995,5.42086889,Plein jour,En agglomération,Intersection en X,Normale,Deux véhicules - côté,4,2,2,0,1,1,1,5,1,50,2,2,0,0,0,2,23.0,21.0,voiture,voiture,1,2,2,1,3
202300026471,2023-11-12 21:15:00,2023,11,12,21,15,971,97101,BAIMBRIDGE (ROUTE DE),16.24811,-61.52777,Nuit avec éclairage allumé,En agglomération,Autre intersection,Normale,Deux véhicules - côté,3,3,2,0,1,1,1,0,1,50,2,2,1,0,0,1,39.0,19.0,voiture,deux_roues,5,2,9,1,3
202300026472,2023-03-07 17:30:00,2023,3,7,17,30,13,13206,BAILLE (BOULEVARD),43.28739,5.38941,Nuit avec éclairage allumé,En agglomération,Hors intersection,Normale,Deux véhicules - frontale,4,2,3,3,1,1,1,0,1,50,3,4,2,0,1,1,32.0,40.0,voiture,voiture,5,2,1,1,1
202300026473,2023-09-10 03:20:00,2023,9,10,3,20,13,13098,D.5,43.45048,5.01382,Nuit sans éclairage public,Hors agglomération,Hors intersection,Normale,Sans collision,3,1,2,0,1,1,1,0,1,90,1,1,0,1,0,0,47.0,,deux_roues,,3,1,1,1,7
202300026474,2023-05-25 08:20:00,2023,5,25,8,20,91,91434,GRIBELETTE (BOULEVARD DE LA),48.646,2.358,Plein jour,En agglomération,Hors intersection,Normale,Deux véhicules - arrière,4,2,2,0,1,1,1,0,1,50,2,3,2,0,0,1,33.0,57.0,voiture,utilitaire_camion,1,2,1,1,2
202300026475,2023-03-07 22:30:00,2023,3,7,22,30,13,13047,BEL AIR CHEMIN,43.51238,4.97953,Nuit avec éclairage allumé,En agglomération,Hors intersection,Pluie légère,Deux véhicules - côté,4,2,1,0,1,1,2,0,1,30,2,2,1,0,0,1,,23.0,utilitaire_camion,deux_roues,5,2,1,2,3
202300026476,2023-05-25 09:24:00,2023,5,25,9,24,87,87075,JAURES (RUE JEAN),45.80646,1.2262,Plein jour,En agglomération,Hors intersection,Normale,Autre collision,4,2,2,0,1,1,1,0,4,50,1,1,0,0,0,1,20.0,,deux_roues,,1,2,1,1,6
202300026477,2023-11-13 18:00:00,2023,11,13,18,0,2A,2A004,NAPOLEON COURS AVANT BEVERINI,41.93089,8.73975,Nuit avec éclairage allumé,En agglomération,Hors intersection,Normale,Deux véhicules - arrière,2,1,2,0,1,1,1,0,1,50,2,2,1,0,0,1,,18.0,deux_roues,deux_roues,5,2,1,1,2
202300026478,2023-09-11 00:44:00,2023,9,11,0,44,06,06088,GAMBETTA (JUSQU'AU N° 62-73),43.69752,7.25621,Nuit avec éclairage allumé,En agglomération,Intersection en X,Normale,Deux véhicules - côté,4,2,2,1,1,1,1,0,1,50,2,2,1,0,1,0,28.0,28.0,utilitaire_camion,deux_roues,5,2,2,1,3
202300026478,2023-09-11 00:44:00,2023,9,11,0,44,06,06088,GAMBETTA (JUSQU'AU N° 62-73),43.69752,7.25621,Nuit avec éclairage allumé,En agglomération,Intersection en X,Normale,Deux véhicules - côté,4,1,1,0,1,1,1,0,1,50,2,2,1,0,1,0,28.0,28.0,utilitaire_camion,deux_roues,5,2,2,1,3
202300026479,2023-05-25 07:50:00,2023,5,25,7,50,87,87085,DUMAS (AVENUE GEORGES),45.82674,1.26365,Plein jour,En agglomération,Intersection en X,Normale,Deux véhicules - côté,4,2,2,0,2,1,1,0,1,50,2,2,1,0,0,1,17.0,51.0,deux_roues,voiture,1,2,2,1,3
202300026479,2023-05-25 07:50:00,2023,5,25,7,50,87,87085,DUMAS (AVENUE GEORGES),45.82674,1.26365,Plein jour,En agglomération,Intersection en X,Normale,Deux véhicules - côté,4,2,2,0,1,1,1,0,1,50,2,2,1,0,0,1,17.0,51.0,deux_roues,voiture,1,2,2,1,3
202300026480,2023-03-07 19:00:00,2023,3,7,19,0,06,06088,CIMIEZ (BD) A PARTIR DU 16-17,43.71339,7.27164,Nuit avec éclairage allumé,En agglomération,Intersection en X,Normale,Deux véhicules - côté,4,2,2,0,2,1,1,0,1,50,2,2,1,0,0,1,52.0,44.0,voiture,deux_roues,5,2,2,1,3
202300026480,2023-03-07 19:00:00,2023,3,7,19,0,06,06088,CIMIEZ (BD) A PARTIR DU 16-17,43.71339,7.27164,Nuit avec éclairage allumé,En agglomération,Intersection en X,Normale,Deux véhicules - côté,4,2,2,-1,1,1,1,0,1,50,2,2,1,0,0,1,52.0,44.0,voiture,deux_roues,5,2,2,1,3
202300026481,2023-11-13 16:35:00,2023,11,13,16,35,95,95277,D370,48.9926332,2.42770493,Plein jour,En agglomération,Autre intersection,Pluie forte,Autre collision,3,2,2,0,1,1,2,5,1,50,1,2,0,0,0,1,,,voiture,,1,2,9,3,6
202300026482,2023-05-24 13:15:00,2023,5,24,13,15,82,82121,TOULOUSE (AVENUE DE),43.99611,1.33817,Plein jour,En agglomération,Hors intersection,Normale,Deux véhicules - frontale,4,2,2,1,1,1,1,0,5,50,2,2,0,0,1,1,33.0,25.0,deux_roues,deux_roues,1,2,1,1,1
202300026483,2023-09-10 06:27:00,2023,9,10,6,27,06,06088,CORNICHE FLEURIE (AV. DE LA),43.68966,7.20611,Crépuscule ou aube,En agglomération,Intersection en T,Normale,Deux véhicules - côté,4,2,2,0,2,1,1,0,1,50,2,2,1,0,1,0,32.0,18.0,voiture,deux_roues,2,2,3,1,3
202300026483,2023-09-10 06:27:00,2023,9,10,6,27,06,06088,CORNICHE FLEURIE (AV. DE LA),43.68966,7.20611,Crépuscule ou aube,En agglomération,Intersection en T,Normale,Deux véhicules - côté,4,2,2,0,1,1,1,0,1,50,2,2,1,0,1,0,32.0,18.0,voiture,deux_roues,2,2,3,1,3
202300026484,2023-03-06 20:45:00,2023,3,6,20,45,03,03321,RN7,46.54485833,3.38516235,Nuit sans éclairage public,Hors agglomération,Hors intersection,Normale,Deux véhicules - côté,2,3,4,0,1,2,1,3,1,110,2,2,1,0,1,0,58.0,78.0,utilitaire_camion,voiture,3,1,1,1,3
202300026485,2023-11-12 10:57:00,2023,11,12,10,57,87,87085,BELLAC (RUE DE),45.85121,1.24466,Plein jour,En agglomération,Hors intersection,Pluie légère,Deux véhicules - côté,3,2,2,0,2,1,2,0,1,50,2,2,1,0,1,0,72.0,43.0,voiture,voiture,1,2,1,2,3
202300026486,2023-05-24 17:20:00,2023,5,24,17,20,81,81065,MITTERRAND (AV. FRANCOIS),43.59333356,2.24991347,Plein jour,En agglomération,Intersection en X,Normale,Deux véhicules - côté,4,-1,2,0,2,2,1,0,1,50,2,3,0,0,1,2,26.0,48.0,voiture,voiture,1,2,2,1,3
202300026486,2023-05-24 17:20:00,2023,5,24,17,20,81,81065,MITTERRAND (AV. FRANCOIS),43.59333356,2.24991347,Plein jour,En agglomération,Intersection en X,Normale,Deux véhicules - côté,4,-1,2,0,1,2,1,5,1,50,2,3,0,0,1,2,26.0,48.0,voiture,voiture,1,2,2,1,3
202300026487,2023-09-10 09:07:00,2023,9,10,9,7,05,05061,ST JEAN ( ROUTE DE ),44.53758769,6.05028704,Crépuscule ou aube,En agglomération,Hors intersection,Normale,Deux véhicules - frontale,3,2,2,0,2,1,1,0,1,50,2,2,0,0,0,2,29.0,60.0,deux_roues,voiture,2,2,1,1,1
202300026488,2023-02-01 10:00:00,2023,2,1,10,0,11,11262,Avenue Pierre de Coubertin,43.183024,3.021877,Plein jour,En agglomération,Intersection en T,Normale,Autre collision,4,2,2,0,1,1,1,9,1,50,1,2,1,0,0,1,41.0,,voiture,,1,2,3,1,6
202300026488,2023-02-01 10:00:00,2023,2,1,10,0,11,11262,Avenue Pierre de Coubertin,43.183024,3.021877,Plein jour,En agglomération,Intersection en T,Normale,Autre collision,4,2,2,0,1,3,1,9,1,50,1,2,1,0,0,1,41.0,,voiture,,1,2,3,1,6
202300026489,2023-05-24 18:30:00,2023,5,24,18,30,79,79329,,46.97362,-0.21643,Plein jour,En agglomération,Hors intersection,Normale,Sans collision,3,1,1,0,1,1,1,0,1,50,1,1,0,0,0,1,69.0,,deux_roues,,1,2,1,1,7
202300026490,2023-01-04 20:55:00,2023,1,4,20,55,69,69266,Rue Léon Blum,45.76122,4.90911,Nuit avec éclairage allumé,En agglomération,Hors intersection,Normale,Autre collision,4,1,1,0,1,1,1,0,1,50,1,1,0,0,0,1,31.0,,voiture,,5,2,1,1,6
202300026491,2023-09-09 17:35:00,2023,9,9,17,35,04,04070,chaffaut ( route du ),44.05553,6.1719,Plein jour,Hors agglomération,Hors intersection,Normale,Sans collision,3,-1,2,0,1,1,1,0,1,80,1,1,0,0,1,0,16.0,,deux_roues,,1,1,1,1,7
202300026492,2023-05-25 19:15:00,2023,5,25,19,15,78,78481,SARTROUVILLE (ROUTE DE),48.90281,2.11482,Plein jour,En agglomération,Autre intersection,Normale,Deux véhicules - côté,3,2, -1,-1,1,1,1,0,1,-1,2,2,1,0,1,0,44.0,41.0,voiture,deux_roues,1,2,9,1,3
202300026492,2023-05-25 19:15:00,2023,5,25,19,15,78,78481,SARTROUVILLE (ROUTE DE),48.90281,2.11482,Plein jour,En agglomération,Autre intersection,Normale,Deux véhicules - côté,3,-1,0,0,1,1,1,0,1,50,2,2,1,0,1,0,44.0,41.0,voiture,deux_roues,1,2,9,1,3
202300026493,2023-09-09 14:18:00,2023,9,9,14,18,04,04070,NOEL (AV. DU COL.),44.07681,6.18816,Plein jour,En agglomération,Autre intersection,Normale,Autre collision,9,1,1,0,1,3,1,9,1,30,1,2,1,0,1,0,53.0,,voiture,,1,2,9,1,6
202300026494,2023-03-06 08:40:00,2023,3,6,8,40,973,97302,ZEPHIR (ROCADE),4.9342881,-52.30881107,Plein jour,En agglomération,Hors intersection,Temps couvert,Deux véhicules - arrière,3,2,2,0,2,1,1,0,1,50,2,3,1,0,0,2,23.0,29.0,deux_roues,voiture,1,2,1,8,2
202300026495,2023-05-21 11:45:00,2023,5,21,11,45,77,77133,SALINS (ROUTE DE),48.41388,3.05267,Plein jour,En agglomération,Hors intersection,Normale,Autre collision,4,2,2,0,2,1,1,0,1,50,3,3,0,0,1,2,73.0,66.0,deux_roues,deux_roues,1,2,1,1,6
202300026496,2023-11-11 21:15:00,2023,11,11,21,15,84,84007,MARSEILLE (Route de ),43.92399,4.8527,Nuit avec éclairage allumé,En agglomération,Hors intersection,Normale,Sans collision,2,3,4,0,1,1,1,0,1,70,1,1,0,0,0,1,64.0,,deux_roues,,5,2,1,1,7
202300026497,2023-03-04 04:05:00,2023,3,4,4,5,973,97302,MANDELA  (BOULEVARD),4.93879,-52.32637,Nuit avec éclairage allumé,En agglomération,Hors intersection,Normale,Deux véhicules - côté,4,3,2,0,1,1,1,0,1,50,2,7,3,0,0,4,,46.0,voiture,voiture,5,2,1,1,3
202300026498,2023-05-25 18:50:00,2023,5,25,18,50,77,77243,MAL DE LATTRE DE TASSIGNY (AVENUE DU),48.87698,2.6849,Plein jour,En agglomération,Hors intersection,Normale,Autre collision,4,2,2,0,1,1,1,0,1,50,1,3,2,0,1,0,19.0,,voiture,,1,2,1,1,6
202300026499,2023-09-10 13:15:00,2023,9,10,13,15,75,75114,BD PERIPHERIQUE INTERIEUR,48.822011,2.316797,Plein jour,En agglomération,Hors intersection,Normale,Trois véhicules et plus - en chaîne,4,1,3,0,1,1,1,0,1,70,3,3,2,0,0,1,29.0,31.0,voiture,voiture,1,2,1,1,4
202300026500,2023-03-06 18:00:00,2023,3,6,18,0,69,69388,Rue de Montagny,45.73161191,4.85405097,Plein jour,En agglomération,Hors intersection,Normale,Autre collision,4,1,1,0,1,1,1,0,1,50,1,2,1,0,0,1,26.0,,voiture,,1,2,1,1,6
202300026501,2023-05-24 18:40:00,2023,5,24,18,40,77,77243,CHARPENTIER (BOULEVARD),48.87538,2.70336,Plein jour,En agglomération,Autre intersection,Normale,Deux véhicules - côté,4,2,2,0,2,1,1,0,1,50,2,2,0,0,0,2,36.0,21.0,utilitaire_camion,voiture,1,2,9,1,3
202300026502,2023-03-06 09:40:00,2023,3,6,9,40,972,97213,ROUTE DEPARTEMENTALE 14,14.6362,-61.02078,Plein jour,Hors agglomération,Autre intersection,Normale,Autre collision,3,2,2,0,1,1,1,0,3,70,1,2,1,0,0,1,74.0,,voiture,,1,1,9,1,6
202300026503,2023-05-25 23:20:00,2023,5,25,23,20,77,77070,D 37,48.80707,3.13169,Nuit sans éclairage public,Hors agglomération,Hors intersection,Normale,Sans collision,3,2,2,0,2,2,1,0,8,80,1,1,0,0,1,0,26.0,,deux_roues,,3,1,1,1,7
202300026504,2023-09-10 01:20:00,2023,9,10,1,20,75,75118,BD PERIPHERIQUE EXTERIEUR,48.900886,2.365712,Nuit avec éclairage allumé,En agglomération,Hors intersection,Normale,Deux véhicules - arrière,4,1,2,0,1,1,1,0,1,70,2,3,2,0,0,1,29.0,30.0,deux_roues,voiture,5,2,1,1,2
202300026505,2023-11-10 15:45:00,2023,11,10,15,45,84,84007,F.BEC  (Avenue),43.9439,4.81929,Crépuscule ou aube,En agglomération,Intersection en X,Normale,Deux véhicules - côté,4,2,2,0,1,1,1,5,1,50,2,2,1,0,1,0,32.0,42.0,voiture,deux_roues,2,2,2,1,3
202300026505,2023-11-10 15:45:00,2023,11,10,15,45,84,84007,F.BEC  (Avenue),43.9439,4.81929,Crépuscule ou aube,En agglomération,Intersection en X,Normale,Deux véhicules - côté,4,2,2,2,1,1,1,5,1,50,2,2,1,0,1,0,32.0,42.0,voiture,deux_roues,2,2,2,1,3
202300026506,2023-03-05 23:13:00,2023,3,5,23,13,972,97213,ROUTE NATIONALE 5,14.592528,-60.983736,Nuit avec éclairage allumé,Hors agglomération,Hors intersection,Pluie légère,Autre collision,2,-1,0,0,1,1,2,0,3,70,1,1,0,0,0,1,21.0,,voiture,,5,1,1,2,6
202300026507,2023-05-25 07:55:00,2023,5,25,7,55,76,76707,Rue de Miromesnil,49.86317,1.08651,Plein jour,Hors agglomération,Hors intersection,Normale,Deux véhicules - frontale,3,2,2,0,1,2,1,0,1,80,2,2,1,0,1,0,18.0,39.0,deux_roues,voiture,1,1,1,1,1
202300026508,2023-11-10 14:10:00,2023,11,10,14,10,30,30011,R.N. 100,43.95775,4.75223,Plein jour,Hors agglomération,Hors intersection,Normale,Trois véhicules et plus - collisions multiples,2,3,4,0,2,2,1,0,1,90,3,3,2,0,0,1,40.0,71.0,voiture,voiture,1,1,1,1,5
202300026509,2023-02-10 12:00:00,2023,2,10,12,0,971,97101,Secteur Pont de la Gabarre,16.25321,-61.54679,Plein jour,Hors agglomération,Hors intersection,Pluie forte,Trois véhicules et plus - en chaîne,2,1,3,0,2,1,2,2,1,90,3,5,3,0,0,2,20.0,44.0,voiture,voiture,1,1,1,3,4
202300026510,2023-05-25 08:00:00,2023,5,25,8,0,76,76114,MARTYRS DE LA RESISTANCE (RUE DES),49.57357,0.47711,Crépuscule ou aube,En agglomération,Intersection en X,Normale,Deux véhicules - côté,3,1,1,0,2,2,1,0,1,50,2,2,1,0,0,1,28.0,17.0,voiture,deux_roues,2,2,2,1,3
202300026510,2023-05-25 08:00:00,2023,5,25,8,0,76,76114,MARTYRS DE LA RESISTANCE (RUE DES),49.57357,0.47711,Crépuscule ou aube,En agglomération,Intersection en X,Normale,Deux véhicules - côté,3,2,2,0,1,1,1,5,1,50,2,2,1,0,0,1,28.0,17.0,voiture,deux_roues,2,2,2,1,3
202300026511,2023-09-09 19:10:00,2023,9,9,19,10,75,75117,BD PERIPHERIQUE INTERIEUR,48.885809,2.288302,Plein jour,En agglomération,Hors intersection,Normale,Trois véhicules et plus - collisions multiples,4,-1,4,0,1,1,1,0,1,70,3,5,4,0,0,1,25.0,39.0,voiture,voiture,1,2,1,1,5
202300026512,2023-05-24 13:50:00,2023,5,24,13,50,71,71306,,46.67863,4.34588,Plein jour,Hors agglomération,Hors intersection,Normale,Autre collision,2,3,4,0,1,1,1,0,1,110,1,2,0,0,0,2,56.0,,voiture,,1,1,1,1,6
202300026513,2023-03-06 06:35:00,2023,3,6,6,35,971,97101,DESRAVINIERES,16.27649788,-61.49001718,Plein jour,Hors agglomération,Hors intersection,Normale,Deux véhicules - côté,4,2,2,0,1,3,1,0,1,50,2,2,1,0,0,1,36.0,50.0,utilitaire_camion,voiture,1,1,1,1,3
202300026514,2023-11-10 14:00:00,2023,11,10,14,0,84,84007,C.De GAULLE (Rocade),43.94268,4.79362,Plein jour,En agglomération,Hors intersection,Normale,Deux véhicules - côté,4,2,3,0,2,1,1,0,1,50,2,3,1,0,0,2,30.0,58.0,voiture,utilitaire_camion,1,2,1,1,3
202300026515,2023-09-09 13:28:00,2023,9,9,13,28,75,75117,PLACE DE VERDUN,48.87908,2.28007,Plein jour,En agglomération,Hors intersection,Normale,Autre collision,4,1,3,0,1,1,1,0,1,30,2,2,1,0,1,0,48.0,45.0,deux_roues,utilitaire_camion,1,2,1,1,6
202300026516,2023-05-19 21:30:00,2023,5,19,21,30,71,71270,Rue de Lyon/rue de l'Europe,46.2997668,4.82567221,Crépuscule ou aube,En agglomération,Intersection en X,Normale,Deux véhicules - côté,4,1,1,2,1,1,1,-1,1,50,2,2,1,0,1,0,33.0,27.0,deux_roues,voiture,2,2,2,1,3
202300026517,2023-11-08 19:50:00,2023,11,8,19,50,80,80021,DELIVRANCE (RUE DE LA),49.8869,2.32527,Nuit avec éclairage allumé,En agglomération,Hors intersection,Pluie légère,Autre collision,4,2,1,0,1,1,2,0,1,50,1,2,1,0,0,1,34.0,,voiture,,5,2,1,2,6
202300026518,2023-03-06 04:40:00,2023,3,6,4,40,971,97120,FAIDHERBE (BOULEVARD),16.24298,-61.53306,Nuit avec éclairage allumé,En agglomération,Autre intersection,Normale,Sans collision,4,3,2,0,1,1,1,0,1,50,1,2,0,0,1,1,26.0,,deux_roues,,5,2,9,1,7
202300026519,2023-05-24 12:20:00,2023,5,24,12,20,69,69264,Rue Nationale,45.9858,4.7181,Plein jour,En agglomération,Hors intersection,Normale,Autre collision,3,1,1,0,2,1,1,0,1,50,1,1,0,0,0,1,28.0,,voiture,,1,2,1,1,6
202300026520,2023-09-09 12:00:00,2023,9,9,12,0,75,75105,BOULEVARD SAINT GERMAIN,48.849892,2.349464,Plein jour,En agglomération,Intersection en T,Normale,Deux véhicules - arrière,4,1,2,3,1,1,1,0,1,30,2,2,1,0,0,1,73.0,68.0,deux_roues,voiture,1,2,3,1,2
202300026520,2023-09-09 12:00:00,2023,9,9,12,0,75,75105,BOULEVARD SAINT GERMAIN,48.849892,2.349464,Plein jour,En agglomération,Intersection en T,Normale,Deux véhicules - arrière,4,-1, -1,-1,1,1,1,0,1,30,2,2,1,0,0,1,73.0,68.0,deux_roues,voiture,1,2,3,1,2
202300026521,2023-05-24 17:55:00,2023,5,24,17,55,69,69259,Boulevard du Docteur Coblod,45.69721,4.89602,Plein jour,En agglomération,Hors intersection,Normale,Autre collision,4,2,2,0,1,3,1,9,1,50,1,1,0,0,0,1,57.0,,voiture,,1,2,1,1,6