accident_id,datetime,annee,mois,jour,heure,minute,departement,commune_insee,adresse,latitude,longitude,luminosite,agglomeration,intersection,meteo,collision,catr,circ,nbv,vosp,prof,plan,surf,infra,situ,vma,nb_vehicules,nb_usagers,nb_indemnes,nb_tues,nb_blesses_hosp,nb_blesses_legers,age_cond_1,age_cond_2,veh_type_cond_1,veh_type_cond_2,lum_code,agg_code,int_code,atm_code,col_code
202300026522,2023-11-13 23:45:00,2023,11,13,23,45,78,78005,RAVEL (RUE MAURICE),48.949188,2.071832,Nuit avec éclairage allumé,En agglomération,Intersection en X,Normale,Autre collision,4,2,1,0,1,1,1,0,1,30,1,2,1,0,0,1,61.0,,voiture,,5,2,2,1,6
202300026522,2023-11-13 23:45:00,2023,11,13,23,45,78,78005,RAVEL (RUE MAURICE),48.949188,2.071832,Nuit avec éclairage allumé,En agglomération,Intersection en X,Normale,Autre collision,4,2,2,0,1,1,1,0,1,30,1,2,1,0,0,1,61.0,,voiture,,5,2,2,1,6
202300026523,2023-09-10 18:45:00,2023,9,10,18,45,75,75118,AVENUE DE CLICHY,48.884948,2.326783,Plein jour,En agglomération,Intersection en T,Normale,Autre collision,4,-1,2,1,1,1,1,0,5,30,1,2,1,0,0,1,26.0,,deux_roues,,1,2,3,1,6
202300026523,2023-09-10 18:45:00,2023,9,10,18,45,75,75118,AVENUE DE CLICHY,48.884948,2.326783,Plein jour,En agglomération,Intersection en T,Normale,Autre collision,4,-1, -1,-1,1,1,1,0,5,30,1,2,1,0,0,1,26.0,,deux_roues,,1,2,3,1,6
202300026524,2023-03-05 21:00:00,2023,3,5,21,0,971,97101,HIBISCUS,16.25106,-61.52789,Nuit avec éclairage allumé,Hors agglomération,Autre intersection,Normale,Deux véhicules - arrière,2,-1,4,0,1,1,1,9,1,50,2,2,1,0,0,1,53.0,37.0,voiture,utilitaire_camion,5,1,9,1,2
202300026525,2023-05-25 16:10:00,2023,5,25,16,10,67,67482,COLMAR (AVENUE DE),48.56726,7.75169,Plein jour,En agglomération,Intersection en T,Normale,Deux véhicules - côté,4,3,1,2,1,1,1,0,5,50,2,2,1,0,0,1,27.0,29.0,deux_roues,voiture,1,2,3,1,3
202300026525,2023-05-25 16:10:00,2023,5,25,16,10,67,67482,COLMAR (AVENUE DE),48.56726,7.75169,Plein jour,En agglomération,Intersection en T,Normale,Deux véhicules - côté,4,1,1,0,1,1,1,0,1,30,2,2,1,0,0,1,27.0,29.0,deux_roues,voiture,1,2,3,1,3
202300026526,2023-03-04 12:35:00,2023,3,4,12,35,971,97113,BAS DU FORT,16.21773,-61.51683,Plein jour,En agglomération,Hors intersection,Normale,Autre collision,4,2,1,0,1,1,1,0,1,50,1,2,1,0,0,1,70.0,,voiture,,1,2,1,1,6
202300026527,2023-09-10 18:45:00,2023,9,10,18,45,75,75117,AVENUE DE CLICHY,48.888037,2.32461,Plein jour,En agglomération,Intersection en T,Normale,Deux véhicules - arrière,4,2,3,0,2,1,1,0,1,30,2,2,1,0,0,1,20.0,,deux_roues,voiture,1,2,3,1,2
202300026527,2023-09-10 18:45:00,2023,9,10,18,45,75,75117,AVENUE DE CLICHY,48.888037,2.32461,Plein jour,En agglomération,Intersection en T,Normale,Deux véhicules - arrière,4,-1, -1,-1,1,1,1,0,1,30,2,2,1,0,0,1,20.0,,deux_roues,voiture,1,2,3,1,2
202300026528,2023-05-24 20:20:00,2023,5,24,20,20,67,67482,CHAMP DE MANOEUVRE (RUE DU),48.601349,7.710093,Plein jour,En agglomération,Intersection en T,Normale,Autre collision,4,2,2,0,1,1,1,0,4,50,1,2,1,0,0,1,16.0,,voiture,,1,2,3,1,6
202300026528,2023-05-24 20:20:00,2023,5,24,20,20,67,67482,CHAMP DE MANOEUVRE (RUE DU),48.601349,7.710093,Plein jour,En agglomération,Intersection en T,Normale,Autre collision,4,2,5,1,1,1,1,0,8,50,1,2,1,0,0,1,16.0,,voiture,,1,2,3,1,6
202300026529,2023-09-09 07:25:00,2023,9,9,7,25,75,75117,AVENUE DES TERNES,48.87993,2.28824,Plein jour,En agglomération,Intersection en X,Normale,Deux véhicules - côté,4,2,4,0,1,1,1,0,1,30,2,2,1,0,0,1,32.0,25.0,deux_roues,voiture,1,2,2,1,3
202300026529,2023-09-09 07:25:00,2023,9,9,7,25,75,75117,AVENUE DES TERNES,48.87993,2.28824,Plein jour,En agglomération,Intersection en X,Normale,Deux véhicules - côté,4,-1, -1,-1,1,1,1,0,1,30,2,2,1,0,0,1,32.0,25.0,deux_roues,voiture,1,2,2,1,3
202300026530,2023-05-24 14:10:00,2023,5,24,14,10,67,67482,ENGELBREIT (RUE DE L ),48.58388,7.70715,Plein jour,En agglomération,Intersection en T,Normale,Deux véhicules - côté,4,2,2,2,1,3,1,0,1,50,2,2,1,0,0,1,55.0,26.0,voiture,voiture,1,2,3,1,3
202300026530,2023-05-24 14:10:00,2023,5,24,14,10,67,67482,ENGELBREIT (RUE DE L ),48.58388,7.70715,Plein jour,En agglomération,Intersection en T,Normale,Deux véhicules - côté,4,2,2,0,1,1,1,0,1,50,2,2,1,0,0,1,55.0,26.0,voiture,voiture,1,2,3,1,3
202300026531,2023-11-13 18:25:00,2023,11,13,18,25,77,77288,D 605,48.5449,2.67912,Nuit avec éclairage allumé,Hors agglomération,Autre intersection,Pluie légère,Deux véhicules - frontale,3,2,3,0,2,2,2,0,1,80,2,2,1,0,0,1,56.0,27.0,voiture,voiture,5,1,9,2,1
202300026532,2023-11-13 11:30:00,2023,11,13,11,30,76,76681,Place Voltaire,49.42334,1.08948,Plein jour,En agglomération,Place,Normale,Autre collision,4,-1, -1,0,1,1,2,9,8,-1,1,2,1,0,0,1,33.0,,voiture,,1,2,7,1,6
202300026533,2023-05-24 17:05:00,2023,5,24,17,5,64,64102,JEAN JAURES (BOULEVARD),43.49324,-1.4618,Plein jour,En agglomération,Intersection en T,Normale,Deux véhicules - côté,4,2,2,0,1,1,1,0,1,50,2,2,1,0,0,1,15.0,23.0,deux_roues,deux_roues,1,2,3,1,3
202300026533,2023-05-24 17:05:00,2023,5,24,17,5,64,64102,JEAN JAURES (BOULEVARD),43.49324,-1.4618,Plein jour,En agglomération,Intersection en T,Normale,Deux véhicules - côté,4,2,2,0,1,1,1,0,1,50,2,2,1,0,0,1,15.0,23.0,deux_roues,deux_roues,1,2,3,1,3
202300026534,2023-09-10 12:40:00,2023,9,10,12,40,75,75114,BOULEVARD BRUNE,48.824451,2.319653,Plein jour,En agglomération,Intersection en T,Normale,Sans collision,4,2,8,1,1,1,1,0,5,50,1,1,0,0,0,1,59.0,,deux_roues,,1,2,3,1,7
202300026534,2023-09-10 12:40:00,2023,9,10,12,40,75,75114,BOULEVARD BRUNE,48.824451,2.319653,Plein jour,En agglomération,Intersection en T,Normale,Sans collision,4,-1, -1,-1,1,1,1,0,5,50,1,1,0,0,0,1,59.0,,deux_roues,,1,2,3,1,7
202300026535,2023-03-06 08:30:00,2023,3,6,8,30,91,91687,GABRIEL PERI (AVENUE),48.680949,2.378046,Crépuscule ou aube,En agglomération,Hors intersection,Normale,Deux véhicules - arrière,3,2,2,0,1,1,1,0,1,50,2,2,1,0,0,1,56.0,,deux_roues,voiture,2,2,1,1,2
202300026536,2023-09-10 15:10:00,2023,9,10,15,10,75,75113,RUE DU MOULIN DE LA POINTE,48.824238,2.357018,Plein jour,En agglomération,Hors intersection,Normale,Autre collision,4,1,1,1,1,1,1,0,1,30,1,2,1,0,0,1,59.0,,voiture,,1,2,1,1,6
202300026537,2023-11-11 18:45:00,2023,11,11,18,45,76,76351,JULES DURAND (BD),49.49282,0.16954,Nuit avec éclairage allumé,En agglomération,Hors intersection,Normale,Deux véhicules - arrière,3,2,2,0,1,1,2,0,1,50,2,2,1,0,0,1,41.0,26.0,voiture,voiture,5,2,1,1,2
202300026538,2023-03-04 22:30:00,2023,3,4,22,30,91,91228,RUE DE MONTESPAN,48.63463,2.4388,Nuit sans éclairage public,En agglomération,Hors intersection,Normale,Autre collision,4,2,2,0,1,1,1,0,1,50,2,2,1,0,0,1,23.0,50.0,voiture,deux_roues,3,2,1,1,6
202300026539,2023-09-09 09:49:00,2023,9,9,9,49,75,75110,RUE LA FAYETTE,48.877828,2.351232,Plein jour,En agglomération,Intersection en Y,Normale,Deux véhicules - arrière,4,-1, -1,-1,1,1,1,0,1,30,2,2,1,0,0,1,41.0,74.0,voiture,voiture,1,2,4,1,2
202300026539,2023-09-09 09:49:00,2023,9,9,9,49,75,75110,RUE LA FAYETTE,48.877828,2.351232,Plein jour,En agglomération,Intersection en Y,Normale,Deux véhicules - arrière,4,3,4,1,2,1,1,0,1,30,2,2,1,0,0,1,41.0,74.0,voiture,voiture,1,2,4,1,2
202300026540,2023-03-04 19:35:00,2023,3,4,19,35,91,91433,R.D. 20,48.45814,2.1773,Crépuscule ou aube,Hors agglomération,Autre intersection,Temps couvert,Deux véhicules - arrière,3,3,4,0,1,2,1,5,1,50,2,2,0,0,0,2,57.0,47.0,voiture,voiture,2,1,9,8,2
202300026541,2023-05-24 14:30:00,2023,5,24,14,30,64,64024,LAROCHEFOUCAULD (AVENUE DE),43.48753,-1.53536,Plein jour,En agglomération,Hors intersection,Normale,Deux véhicules - frontale,4,2,2,0,1,1,1,0,1,30,2,3,2,0,0,1,24.0,61.0,voiture,voiture,1,2,1,1,1
202300026542,2023-11-11 05:20:00,2023,11,11,5,20,76,76351,AUGUSTE BLANQUI,49.50208,0.16174,Nuit avec éclairage allumé,En agglomération,Hors intersection,Pluie forte,Autre collision,3,2,2,0,2,1,2,0,1,50,1,3,2,0,0,1,,,voiture,,5,2,1,3,6
202300026543,2023-02-07 11:40:00,2023,2,7,11,40,89,89387,DROITS DE L'HOMME (ROND POINT),48.203596,3.310184,Plein jour,En agglomération,Hors intersection,Normale,Deux véhicules - côté,3,2,2,0,1,1,1,2,1,50,2,2,1,0,1,0,49.0,65.0,voiture,deux_roues,1,2,1,1,3
202300026544,2023-09-10 19:10:00,2023,9,10,19,10,75,75107,AVENUE DE TOURVILLE,48.85371,2.31467,Plein jour,En agglomération,Intersection en T,Normale,Sans collision,4,2,2,0,1,1,1,0,1,30,1,2,1,0,0,1,38.0,,deux_roues,,1,2,3,1,7
202300026544,2023-09-10 19:10:00,2023,9,10,19,10,75,75107,AVENUE DE TOURVILLE,48.85371,2.31467,Plein jour,En agglomération,Intersection en T,Normale,Sans collision,4,2,4,1,1,1,1,0,1,30,1,2,1,0,0,1,38.0,,deux_roues,,1,2,3,1,7
202300026545,2023-03-03 15:24:00,2023,3,3,15,24,87,87085,MAS-BOUYOL  (CITE ET BOULEVARD DU),45.83453,1.22648,Plein jour,En agglomération,Intersection en X,Normale,Deux véhicules - côté,4,3,4,0,2,1,1,5,1,50,2,3,2,0,1,0,38.0,66.0,voiture,voiture,1,2,2,1,3
202300026545,2023-03-03 15:24:00,2023,3,3,15,24,87,87085,MAS-BOUYOL  (CITE ET BOULEVARD DU),45.83453,1.22648,Plein jour,En agglomération,Intersection en X,Normale,Deux véhicules - côté,4,3,6,0,1,1,1,5,1,50,2,3,2,0,1,0,38.0,66.0,voiture,voiture,1,2,2,1,3
202300026546,2023-05-24 09:20:00,2023,5,24,9,20,64,64024,RANSAN (RUE PIERRE),43.502858,-1.504926,Plein jour,En agglomération,Hors intersection,Normale,Autre collision,4,2,2,0,1,1,1,0,1,50,2,2,1,0,0,1,52.0,64.0,utilitaire_camion,deux_roues,1,2,1,1,6
202300026547,2023-09-10 11:05:00,2023,9,10,11,5,75,75107,AVENUE DE LA BOURDONNAIS,48.856207,2.302489,Plein jour,En agglomération,Intersection en T,Normale,Deux véhicules - arrière,4,1,2,3,1,1,1,0,1,30,2,2,1,0,0,1,30.0,74.0,deux_roues,deux_roues,1,2,3,1,2
202300026547,2023-09-10 11:05:00,2023,9,10,11,5,75,75107,AVENUE DE LA BOURDONNAIS,48.856207,2.302489,Plein jour,En agglomération,Intersection en T,Normale,Deux véhicules - arrière,4,-1, -1,-1,1,1,1,0,1,30,2,2,1,0,0,1,30.0,74.0,deux_roues,deux_roues,1,2,3,1,2
202300026548,2023-11-12 18:25:00,2023,11,12,18,25,71,71306,SEMARD (RUE DE),46.67057917,4.37812954,Crépuscule ou aube,En agglomération,Intersection en T,Pluie légère,Deux véhicules - côté,4,2,2,0,1,1,2,0,1,50,2,2,1,0,0,1,34.0,24.0,voiture,voiture,2,2,3,2,3
202300026548,2023-11-12 18:25:00,2023,11,12,18,25,71,71306,SEMARD (RUE DE),46.67057917,4.37812954,Crépuscule ou aube,En agglomération,Intersection en T,Pluie légère,Deux véhicules - côté,4,2,2,0,1,1,2,0,1,50,2,2,1,0,0,1,34.0,24.0,voiture,voiture,2,2,3,2,3
202300026549,2023-05-25 20:10:00,2023,5,25,20,10,59,59360,PARE AMBROISE RUE,50.60633,3.02225,Plein jour,En agglomération,Hors intersection,Normale,Deux véhicules - frontale,7,2,2,1,1,3,1,9,1,30,2,2,0,0,1,1,36.0,41.0,voiture,voiture,1,2,1,1,1
202300026550,2023-03-06 22:50:00,2023,3,6,22,50,78,78172,HAUTIL (RUE DE L'),49.0027,2.07572,Nuit avec éclairage allumé,En agglomération,Giratoire,Normale,Deux véhicules - côté,3,-1,0,0,1,1,1,5,1,50,2,3,1,0,0,2,19.0,24.0,voiture,voiture,5,2,6,1,3
202300026550,2023-03-06 22:50:00,2023,3,6,22,50,78,78172,HAUTIL (RUE DE L'),49.0027,2.07572,Nuit avec éclairage allumé,En agglomération,Giratoire,Normale,Deux véhicules - côté,3,-1,0,0,1,3,1,0,1,50,2,3,1,0,0,2,19.0,24.0,voiture,voiture,5,2,6,1,3
202300026551,2023-09-09 23:40:00,2023,9,9,23,40,75,75101,RUE DE RIVOLI,48.865356,2.327296,Nuit avec éclairage allumé,En agglomération,Intersection en T,Normale,Deux véhicules - frontale,4,-1, -1,-1,1,1,1,0,5,30,2,2,0,0,0,2,16.0,45.0,deux_roues,deux_roues,5,2,3,1,1
202300026551,2023-09-09 23:40:00,2023,9,9,23,40,75,75101,RUE DE RIVOLI,48.865356,2.327296,Nuit avec éclairage allumé,En agglomération,Intersection en T,Normale,Deux véhicules - frontale,4,2, -1,1,1,1,1,0,5,30,2,2,0,0,0,2,16.0,45.0,deux_roues,deux_roues,5,2,3,1,1
202300026552,2023-11-24 19:50:00,2023,11,24,19,50,70,70388,RD13,47.62002,6.12437,Nuit sans éclairage public,Hors agglomération,Autre intersection,Normale,Deux véhicules - arrière,3,2,2,0,1,1,1,0,1,80,2,3,1,0,0,2,23.0,34.0,deux_roues,voiture,3,1,9,1,2
202300026553,2023-05-25 16:30:00,2023,5,25,16,30,59,59609,SECLIN RUE DE,50.57730723,3.08354795,Plein jour,Hors agglomération,Hors intersection,Normale,Deux véhicules - côté,7,3,2,0,1,1,1,0,1,50,2,2,1,0,0,1,31.0,31.0,deux_roues,voiture,1,1,1,1,3
202300026554,2023-03-02 15:30:00,2023,3,2,15,30,73,73008,D991 RUSSIE BOULEVARD DE,45.68450049,5.91029441,Plein jour,En agglomération,Hors intersection,Normale,Deux véhicules - arrière,3,3,2,2,1,1,1,0,1,50,2,3,1,0,0,2,15.0,48.0,deux_roues,voiture,1,2,1,1,2
202300026555,2023-11-13 18:50:00,2023,11,13,18,50,69,69282,Rue Antoine Becquerel,45.76839363,5.03349262,Nuit avec éclairage allumé,En agglomération,Autre intersection,Pluie légère,Deux véhicules - côté,6,-1,0,0,1,1,2,0,1,50,2,2,1,0,0,1,48.0,45.0,voiture,deux_roues,5,2,9,2,3
202300026556,2023-03-06 09:30:00,2023,3,6,9,30,69,69266,82 Rue du 8 Mai 1945,45.77637,4.89267,Plein jour,En agglomération,Intersection en X,Normale,Autre collision,4,2,2,0,1,1,1,0,1,30,1,3,1,0,0,2,49.0,,voiture,,1,2,2,1,6
202300026556,2023-03-06 09:30:00,2023,3,6,9,30,69,69266,82 Rue du 8 Mai 1945,45.77637,4.89267,Plein jour,En agglomération,Intersection en X,Normale,Autre collision,4,2,2,0,1,1,1,0,1,50,1,3,1,0,0,2,49.0,,voiture,,1,2,2,1,6
202300026557,2023-09-10 19:31:00,2023,9,10,19,31,94,94054,Allée Louis Bréguet,48.74809,2.41536,Plein jour,En agglomération,Intersection en X,Normale,Deux véhicules - côté,4,2,2,0,1,1,1,0,1,50,2,4,3,0,0,1,30.0,22.0,voiture,voiture,1,2,2,1,3
202300026558,2023-11-13 17:10:00,2023,11,13,17,10,69,69256,Rue de la République,45.78623,4.92582,Nuit avec éclairage allumé,En agglomération,Hors intersection,Temps couvert,Autre collision,4,2, -1,0,1,1,2,0,1,50,1,2,1,0,0,1,35.0,,voiture,,5,2,1,8,6
202300026559,2023-03-06 09:40:00,2023,3,6,9,40,69,69259,Route de Corbas,45.69127,4.89044,Plein jour,En agglomération,Intersection en X,Normale,Deux véhicules - frontale,4,2,4,0,2,1,1,0,1,50,2,2,1,0,0,1,32.0,33.0,voiture,voiture,1,2,2,1,1
202300026559,2023-03-06 09:40:00,2023,3,6,9,40,69,69259,Route de Corbas,45.69127,4.89044,Plein jour,En agglomération,Intersection en X,Normale,Deux véhicules - frontale,4,2,3,2,2,1,1,0,1,50,2,2,1,0,0,1,32.0,33.0,voiture,voiture,1,2,2,1,1
202300026560,2023-09-10 14:47:00,2023,9,10,14,47,94,94018,Rue Guerin,48.8226914,2.41666965,Plein jour,En agglomération,Hors intersection,Normale,Autre collision,4,1,0,0,1,1,1,9,8,30,1,2,1,0,1,0,87.0,,voiture,,1,2,1,1,6
202300026561,2023-11-11 11:15:00,2023,11,11,11,15,69,69290,Route de Grenoble,45.7145,4.9651,Plein jour,En agglomération,Hors intersection,Normale,Autre collision,7,2,4,0,1,1,1,9,1,50,1,2,1,0,0,1,50.0,,voiture,,1,2,1,1,6
202300026562,2023-03-05 13:10:00,2023,3,5,13,10,69,69029,Avenue François Mitterrand,45.73877,4.92603,Plein jour,En agglomération,Intersection en T,Normale,Autre collision,4,2,2,0,1,1,1,5,1,50,1,1,0,0,0,1,50.0,,voiture,,1,2,3,1,6
202300026562,2023-03-05 13:10:00,2023,3,5,13,10,69,69029,Avenue François Mitterrand,45.73877,4.92603,Plein jour,En agglomération,Intersection en T,Normale,Autre collision,4,2,2,3,1,1,1,5,1,50,1,1,0,0,0,1,50.0,,voiture,,1,2,3,1,6
202300026563,2023-09-09 22:10:00,2023,9,9,22,10,94,94004,Avenue Charles de Gaulle,48.75875,2.50015,Nuit avec éclairage allumé,En agglomération,Hors intersection,Normale,Deux véhicules - côté,3,2,2,0,1,1,1,0,1,50,2,4,1,0,0,3,22.0,53.0,voiture,voiture,5,2,1,1,3
202300026564,2023-03-06 13:50:00,2023,3,6,13,50,64,64445,GASTON LACOSTE,43.29315,-0.36138,Plein jour,En agglomération,Intersection en T,Normale,Deux véhicules - frontale,4,2,2,0,1,1,1,0,1,50,2,2,1,0,0,1,59.0,16.0,utilitaire_camion,deux_roues,1,2,3,1,1
202300026564,2023-03-06 13:50:00,2023,3,6,13,50,64,64445,GASTON LACOSTE,43.29315,-0.36138,Plein jour,En agglomération,Intersection en T,Normale,Deux véhicules - frontale,4,2,2,0,2,3,1,0,1,50,2,2,1,0,0,1,59.0,16.0,utilitaire_camion,deux_roues,1,2,3,1,1
202300026565,2023-11-13 15:45:00,2023,11,13,15,45,64,64445,ALSACE LORRAINE D',43.30486,-0.37057,Plein jour,En agglomération,Intersection en X,Normale,Deux véhicules - côté,4,2,2,0,1,1,1,0,1,50,2,2,1,0,0,1,24.0,57.0,voiture,deux_roues,1,2,2,1,3
202300026565,2023-11-13 15:45:00,2023,11,13,15,45,64,64445,ALSACE LORRAINE D',43.30486,-0.37057,Plein jour,En agglomération,Intersection en X,Normale,Deux véhicules - côté,4,2,2,0,1,1,1,0,1,50,2,2,1,0,0,1,24.0,57.0,voiture,deux_roues,1,2,2,1,3
202300026566,2023-09-10 12:00:00,2023,9,10,12,0,93,93051,Route de Villiers,48.84382,2.54832,Plein jour,En agglomération,Hors intersection,Normale,Autre collision,4,2,2,0,1,1,1,0,1,30,1,2,1,0,1,0,33.0,,voiture,,1,2,1,1,6
202300026567,2023-03-06 04:00:00,2023,3,6,4,0,59,59346,TOURNAI BOULEVARD DE,50.61509,3.12189,Nuit avec éclairage allumé,En agglomération,Hors intersection,Normale,Autre collision,7,-1,1,0,1,1,1,0,3,50,1,3,0,0,0,3,19.0,,voiture,,5,2,1,1,6
202300026568,2023-09-10 17:00:00,2023,9,10,17,0,93,93050,Rue Villebois Mareuil / Rue Jules Lamant et Ses Fils,48.85714106,2.52408043,Plein jour,En agglomération,Intersection en X,Normale,Deux véhicules - côté,4,2,2,0,1,1,1,0,1,50,2,3,1,0,0,2,23.0,65.0,voiture,voiture,1,2,2,1,3
202300026568,2023-09-10 17:00:00,2023,9,10,17,0,93,93050,Rue Villebois Mareuil / Rue Jules Lamant et Ses Fils,48.85714106,2.52408043,Plein jour,En agglomération,Intersection en X,Normale,Deux véhicules - côté,4,1,1,0,1,1,1,0,1,50,2,3,1,0,0,2,23.0,65.0,voiture,voiture,1,2,2,1,3
202300026569,2023-11-12 23:00:00,2023,11,12,23,0,64,64024,BARRE (PROMENADE DE LA),43.51545,-1.51603,Nuit avec éclairage allumé,En agglomération,Giratoire,Normale,Autre collision,4,2,2,0,1,1,1,0,1,50,1,3,1,0,0,2,24.0,,voiture,,5,2,6,1,6
202300026569,2023-11-12 23:00:00,2023,11,12,23,0,64,64024,BARRE (PROMENADE DE LA),43.51545,-1.51603,Nuit avec éclairage allumé,En agglomération,Giratoire,Normale,Autre collision,4,2,2,0,1,1,1,0,1,50,1,3,1,0,0,2,24.0,,voiture,,5,2,6,1,6
202300026570,2023-09-09 22:30:00,2023,9,9,22,30,93,93057,Allée Berthie Albrecht,48.90110314,2.49969538,Nuit avec éclairage allumé,En agglomération,Autre intersection,Normale,Sans collision,4,2,2,0,1,1,1,0,3,50,1,1,0,0,1,0,15.0,,deux_roues,,5,2,9,1,7
202300026571,2023-03-06 20:23:00,2023,3,6,20,23,56,56260,Avenue de la Marne,47.6594,-2.77609,Nuit avec éclairage allumé,En agglomération,Intersection en T,Normale,Autre collision,4,2,2,1,1,1,1,0,1,50,1,4,3,0,1,0,21.0,,voiture,,5,2,3,1,6
202300026571,2023-03-06 20:23:00,2023,3,6,20,23,56,56260,Avenue de la Marne,47.6594,-2.77609,Nuit avec éclairage allumé,En agglomération,Intersection en T,Normale,Autre collision,4,2,2,0,1,1,1,0,1,50,1,4,3,0,1,0,21.0,,voiture,,5,2,3,1,6
202300026572,2023-09-10 16:15:00,2023,9,10,16,15,93,93007,Rue Galilée,48.94272,2.47891,Plein jour,En agglomération,Hors intersection,Normale,Deux véhicules - arrière,4,2,3,2,2,1,1,0,1,50,2,2,1,0,0,1,11.0,58.0,deux_roues,voiture,1,2,1,1,2
202300026573,2023-11-12 21:30:00,2023,11,12,21,30,64,64024,BAB (BOULEVARD DU),43.4932,-1.53077,Nuit avec éclairage allumé,En agglomération,Hors intersection,Normale,Deux véhicules - arrière,4,2,2,0,1,1,1,0,1,50,2,2,1,0,0,1,26.0,46.0,voiture,deux_roues,5,2,1,1,2
202300026574,2023-09-10 16:35:00,2023,9,10,16,35,93,93007,Avenue Albert Einstein,48.94497,2.47171,Plein jour,En agglomération,Hors intersection,Normale,Deux véhicules - arrière,4,2,2,0,1,1,1,0,1,50,2,3,2,0,0,1,34.0,41.0,transport_commun,transport_commun,1,2,1,1,2
202300026575,2023-11-12 12:20:00,2023,11,12,12,20,64,64102,BAB (Boulevard),43.49813,-1.4912,Plein jour,En agglomération,Hors intersection,Temps couvert,Deux véhicules - arrière,4,2,4,0,1,1,2,0,1,50,2,3,1,0,0,2,55.0,57.0,voiture,utilitaire_camion,1,2,1,8,2
202300026576,2023-09-10 11:02:00,2023,9,10,11,2,92,92064,REPUBLIQUE,48.85808465,2.21087694,Plein jour,En agglomération,Intersection en T,Normale,Deux véhicules - côté,3,-1,1,0,2,1,1,0,1,50,2,3,2,0,0,1,67.0,39.0,voiture,voiture,1,2,3,1,3
202300026576,2023-09-10 11:02:00,2023,9,10,11,2,92,92064,REPUBLIQUE,48.85808465,2.21087694,Plein jour,En agglomération,Intersection en T,Normale,Deux véhicules - côté,3,-1,2,0,1,2,1,0,1,50,2,3,2,0,0,1,67.0,39.0,voiture,voiture,1,2,3,1,3
202300026577,2023-09-10 09:30:00,2023,9,10,9,30,92,92012,ALPHONSE LE GALLO (QUAI) 35/FIN,48.83492,2.22576,Plein jour,En agglomération,Hors intersection,Normale,Sans collision,3,3,0,0,1,1,1,0,1,50,1,1,0,0,0,1,41.0,,deux_roues,,1,2,1,1,7
202300026578,2023-09-10 04:40:00,2023,9,10,4,40,60,60484,Rue de Villepoix,49.552027,2.031237,Nuit sans éclairage public,Hors agglomération,Hors intersection,Normale,Autre collision,4,2,2,0,1,1,9,0,1,80,1,2,0,0,1,1,21.0,,voiture,,3,1,1,1,6
202300026579,2023-09-11 07:40:00,2023,9,11,7,40,50,50590,D41,48.799783,-1.313446,Crépuscule ou aube,Hors agglomération,Hors intersection,Normale,Sans collision,3,2,2,0,1,2,1,0,3,80,1,1,0,1,0,0,50.0,,voiture,,2,1,1,1,7
202300026580,2023-11-13 09:00:00,2023,11,13,9,0,63,63113,rue Anatole France,45.77822915,3.10829937,Plein jour,En agglomération,Hors intersection,Normale,Deux véhicules - arrière,4,1,2,0,1,1,1,0,1,50,2,2,1,0,0,1,21.0,27.0,voiture,deux_roues,1,2,1,1,2
202300026581,2023-09-11 11:58:00,2023,9,11,11,58,54,54296,RD674 ,48.726342,6.283311,Plein jour,Hors agglomération,Hors intersection,Temps éblouissant,Autre collision,3,2,2,0,1,1,1,0,1,80,2,2,1,0,1,0,19.0,40.0,voiture,deux_roues,1,1,1,7,6
202300026582,2023-09-08 22:00:00,2023,9,8,22,0,62,62053,D92,50.58735784,2.13455152,Nuit avec éclairage allumé,En agglomération,Hors intersection,Normale,Autre collision,3,2,2,0,1,2,1,0,1,30,1,2,0,0,2,0,43.0,,voiture,,5,2,1,1,6
202300026583,2023-09-09 14:40:00,2023,9,9,14,40,43,43074,D14,45.338467,3.362889,Plein jour,Hors agglomération,Hors intersection,Normale,Sans collision,3,2,2,0,1,1,1,0,1,80,1,1,0,0,1,0,35.0,,deux_roues,,1,1,1,1,7
202300026584,2023-11-13 08:10:00,2023,11,13,8,10,63,63032,MONT-DORE (AVENUE DU),45.74899538,3.07875752,Plein jour,En agglomération,Hors intersection,Normale,Deux véhicules - côté,4,2,2,0,2,1,1,0,1,50,2,2,0,0,0,2,52.0,18.0,deux_roues,deux_roues,1,2,1,1,3
202300026585,2023-09-09 21:45:00,2023,9,9,21,45,35,35318,22 Rue de Tourdelin,48.334796,-1.933631,Nuit avec éclairage allumé,En agglomération,Hors intersection,Normale,Autre collision,3,2,2,0,1,1,1,0,1,30,1,1,0,0,1,0,39.0,,deux_roues,,5,2,1,1,6
202300026586,2023-11-13 19:00:00,2023,11,13,19,0,59,59616,RENE BETH (RUE),50.479,3.577,Nuit avec éclairage allumé,En agglomération,Intersection en X,Normale,Autre collision,4,2,2,0,1,1,1,0,1,30,2,2,1,0,1,0,45.0,16.0,voiture,deux_roues,5,2,2,1,6
202300026586,2023-11-13 19:00:00,2023,11,13,19,0,59,59616,RENE BETH (RUE),50.479,3.577,Nuit avec éclairage allumé,En agglomération,Intersection en X,Normale,Autre collision,4,2,2,0,1,1,1,0,1,30,2,2,1,0,1,0,45.0,16.0,voiture,deux_roues,5,2,2,1,6
202300026587,2023-09-09 21:30:00,2023,9,9,21,30,35,35265,D137,48.34176503,-1.86184466,Nuit sans éclairage public,Hors agglomération,Hors intersection,Normale,Deux véhicules - arrière,3,3,4,0,1,1,1,0,1,110,2,4,2,0,2,0,31.0,38.0,voiture,voiture,3,1,1,1,2