accident_id,datetime,annee,mois,jour,heure,minute,departement,commune_insee,adresse,latitude,longitude,luminosite,agglomeration,intersection,meteo,collision,catr,circ,nbv,vosp,prof,plan,surf,infra,situ,vma,nb_vehicules,nb_usagers,nb_indemnes,nb_tues,nb_blesses_hosp,nb_blesses_legers,age_cond_1,age_cond_2,veh_type_cond_1,veh_type_cond_2,lum_code,agg_code,int_code,atm_code,col_code
202300026734,2023-12-19 17:35:00,2023,12,19,17,35,39,39491,1 Rue du Jura,46.401543,5.793083,Nuit avec éclairage allumé,En agglomération,Intersection en T,Normale,Autre collision,3,1,1,-1,2,1,1,0,1,50,1,3,2,0,1,0,48.0,,voiture,,5,2,3,1,6
202300026734,2023-12-19 17:35:00,2023,12,19,17,35,39,39491,1 Rue du Jura,46.401543,5.793083,Nuit avec éclairage allumé,En agglomération,Intersection en T,Normale,Autre collision,3,2,2,3,1,2,1,0,1,50,1,3,2,0,1,0,48.0,,voiture,,5,2,3,1,6
202300026735,2023-09-11 08:40:00,2023,9,11,8,40,69,69013,Autoroute 6,45.99995933,4.73508624,Plein jour,Hors agglomération,Hors intersection,Normale,Trois véhicules et plus - en chaîne,1,3,6,0,1,1,1,0,1,130,7,7,4,0,0,3,36.0,55.0,voiture,utilitaire_camion,1,1,1,1,4
202300026736,2023-12-18 16:40:00,2023,12,18,16,40,44,44084,Rue du Rocher,47.228734,-1.374391,Plein jour,En agglomération,Hors intersection,Normale,Sans collision,4,2,2,0,1,1,1,0,3,50,1,1,0,1,0,0,84.0,,voiture,,1,2,1,1,7
202300026737,2023-09-09 19:00:00,2023,9,9,19,0,69,69080,Route des Haies,45.5295,4.74187,Crépuscule ou aube,Hors agglomération,Hors intersection,Normale,Sans collision,3,2,2,0,1,3,1,0,1,80,1,2,1,0,0,1,26.0,,deux_roues,,2,1,1,1,7
202300026738,2023-09-10 16:40:00,2023,9,10,16,40,91,91249,A10 - PK 011+200 - PARIS / PROVINCE,48.605376,2.082188,Plein jour,Hors agglomération,Hors intersection,Normale,Sans collision,1,3,4,0,1,1,1,2,3,130,1,2,1,0,0,1,72.0,,voiture,,1,1,1,1,7
202300026739,2023-12-16 16:15:00,2023,12,16,16,15,29,29105,Espace commercial du Vern,48.52107327,-4.05834349,Plein jour,En agglomération,Giratoire,Normale,Sans collision,3,1,2,0,1,3,9,0,1,50,1,1,0,0,0,1,44.0,,deux_roues,,1,2,6,1,7
202300026740,2023-09-11 06:45:00,2023,9,11,6,45,988,98803,RT1,-21.47477,165.35426,Plein jour,Hors agglomération,Hors intersection,Normale,Sans collision,2,2,2,0,2,1,1,0,3,110,1,2,1,0,1,0,39.0,,utilitaire_camion,,1,1,1,1,7
202300026741,2023-09-08 07:10:00,2023,9,8,7,10,971,97125,ROUTE POINTE DES CHATEAU,16.251491,-61.210027,Plein jour,Hors agglomération,Hors intersection,Normale,Autre collision,3,2,2,0,1,1,1,0,3,80,1,1,0,0,1,0,53.0,,voiture,,1,1,1,1,6
202300026742,2023-09-10 20:15:00,2023,9,10,20,15,45,45210,D93 PR 17 + 650,47.844616,2.835546,Crépuscule ou aube,Hors agglomération,Hors intersection,Normale,Autre collision,3,2,2,0,1,1,1,0,3,80,1,2,0,0,1,1,44.0,,voiture,,2,1,1,1,6
202300026743,2023-12-19 17:30:00,2023,12,19,17,30,02,02042,,49.002717,3.352911,Nuit sans éclairage public,Hors agglomération,Hors intersection,Pluie forte,Deux véhicules - arrière,3,-1,2,0,1,1,2,0,8,80,2,2,1,0,1,0,21.0,53.0,deux_roues,transport_commun,3,1,1,3,2
202300026744,2023-09-08 19:40:00,2023,9,8,19,40,45,45212,2 Rue de la Cave,47.906411,2.807007,Plein jour,En agglomération,Intersection en T,Normale,Autre collision,4,2,2,0,1,1,1,0,3,50,1,1,0,0,1,0,64.0,,deux_roues,,1,2,3,1,6
202300026744,2023-09-08 19:40:00,2023,9,8,19,40,45,45212,2 Rue de la Cave,47.906411,2.807007,Plein jour,En agglomération,Intersection en T,Normale,Autre collision,4,2,2,0,1,1,1,0,8,50,1,1,0,0,1,0,64.0,,deux_roues,,1,2,3,1,6
202300026745,2023-09-11 17:15:00,2023,9,11,17,15,77,77144,D216 intersection D231,48.77606,2.898813,Plein jour,Hors agglomération,Intersection en T,Normale,Deux véhicules - arrière,3,2,1,0,1,1,1,5,1,80,2,2,1,0,0,1,36.0,55.0,voiture,deux_roues,1,1,3,1,2
202300026745,2023-09-11 17:15:00,2023,9,11,17,15,77,77144,D216 intersection D231,48.77606,2.898813,Plein jour,Hors agglomération,Intersection en T,Normale,Deux véhicules - arrière,3,2,1,0,1,1,1,5,1,80,2,2,1,0,0,1,36.0,55.0,voiture,deux_roues,1,1,3,1,2
202300026746,2023-12-18 15:30:00,2023,12,18,15,30,03,03062,D42,46.188519,3.185212,Plein jour,Hors agglomération,Intersection en X,Normale,Deux véhicules - côté,3,2,2,0,1,1,1,5,1,-1,2,4,3,0,0,1,73.0,58.0,voiture,voiture,1,1,2,1,3
202300026746,2023-12-18 15:30:00,2023,12,18,15,30,03,03062,D42,46.188519,3.185212,Plein jour,Hors agglomération,Intersection en X,Normale,Deux véhicules - côté,3,2,2,0,1,1,1,0,1,-1,2,4,3,0,0,1,73.0,58.0,voiture,voiture,1,1,2,1,3
202300026747,2023-09-09 09:30:00,2023,9,9,9,30,48,48004,Maison blanche,44.463744,3.883187,Plein jour,Hors agglomération,Hors intersection,Normale,Deux véhicules - frontale,3,2,2,0,1,2,1,0,1,90,2,2,1,0,1,0,69.0,55.0,deux_roues,voiture,1,1,1,1,1
202300026748,2023-12-18 15:50:00,2023,12,18,15,50,70,70413,Route d'Auxelles,47.722224,6.741502,Plein jour,Hors agglomération,Hors intersection,Normale,Deux véhicules - arrière,3,2,2,0,1,3,1,0,1,80,2,2,1,0,0,1,27.0,25.0,voiture,voiture,1,1,1,1,2
202300026749,2023-09-10 08:30:00,2023,9,10,8,30,84,84053,Chemin du Temple,44.382018,4.91598,Plein jour,Hors agglomération,Intersection en T,Normale,Deux véhicules - frontale,4,2,2,0,1,1,1,0,1,50,2,2,1,0,1,0,80.0,81.0,voiture,deux_roues,1,1,3,1,1
202300026749,2023-09-10 08:30:00,2023,9,10,8,30,84,84053,Chemin du Temple,44.382018,4.91598,Plein jour,Hors agglomération,Intersection en T,Normale,Deux véhicules - frontale,4,-1, -1,-1,-1,-1,-1,-1,-1,-1,2,2,1,0,1,0,80.0,81.0,voiture,deux_roues,1,1,3,1,1
202300026750,2023-09-07 14:30:00,2023,9,7,14,30,84,84004,Avenue-majoral-jouve,44.082792,5.036169,Plein jour,En agglomération,Hors intersection,Normale,Deux véhicules - côté,3,2,2,1,1,1,1,0,1,50,2,2,1,0,1,0,21.0,46.0,voiture,deux_roues,1,2,1,1,3
202300026751,2023-12-19 00:40:00,2023,12,19,0,40,14,14057,Route de Caen,49.129724,-0.21838,Nuit avec éclairage non allumé,Hors agglomération,Hors intersection,Normale,Autre collision,3,3,1,0,1,1,1,3,3,70,1,2,1,0,0,1,20.0,,voiture,,4,1,1,1,6
202300026752,2023-09-10 09:35:00,2023,9,10,9,35,84,84103,route de banon,43.919775,5.482028,Plein jour,Hors agglomération,Hors intersection,Normale,Sans collision,3,2,2,0,1,2,1,0,1,80,1,1,0,0,1,0,69.0,,deux_roues,,1,1,1,1,7
202300026753,2023-09-10 14:25:00,2023,9,10,14,25,06,06154,1615 Route Departementale 2211,43.795588,6.657125,Plein jour,Hors agglomération,Hors intersection,Normale,Deux véhicules - côté,3,2,2,0,1,1,1,0,1,80,2,2,1,0,1,0,64.0,75.0,deux_roues,voiture,1,1,1,1,3
202300026754,2023-09-09 11:20:00,2023,9,9,11,20,06,06055,rm15,43.888321,7.299428,Plein jour,Hors agglomération,Hors intersection,Normale,Deux véhicules - côté,7,2,2,0,1,2,1,0,1,80,2,2,1,0,1,0,61.0,61.0,voiture,deux_roues,1,1,1,1,3
202300026755,2023-12-18 20:15:00,2023,12,18,20,15,50,50215,Route du Village Quintaine,49.084578,-1.48177,Nuit sans éclairage public,Hors agglomération,Hors intersection,Normale,Deux véhicules - frontale,3,2,2,0,1,3,1,0,1,80,2,2,0,2,0,0,23.0,58.0,voiture,voiture,3,1,1,1,1
202300026756,2023-09-10 16:20:00,2023,9,10,16,20,05,05052,Route de la Gare,44.66799356,6.61794327,Plein jour,Hors agglomération,Hors intersection,Normale,Deux véhicules - arrière,2,2,2,0,1,1,1,0,1,80,2,2,1,0,1,0,52.0,33.0,deux_roues,voiture,1,1,1,1,2
202300026757,2023-12-18 18:20:00,2023,12,18,18,20,50,50400,9 Rue de la Salette,49.338474,-1.419392,Crépuscule ou aube,Hors agglomération,Hors intersection,Normale,Autre collision,3,2,2,0,1,1,1,0,1,80,1,2,1,0,1,0,61.0,,voiture,,2,1,1,1,6
202300026758,2023-09-11 14:11:00,2023,9,11,14,11,13,13081,D21,43.492682,5.205765,Plein jour,Hors agglomération,Hors intersection,Normale,Deux véhicules - frontale,3,3,4,0,1,1,1,0,8,90,1,4,0,1,0,3,18.0,,voiture,,1,1,1,1,1
202300026759,2023-09-09 12:45:00,2023,9,9,12,45,13,13053,DRN7,43.733414,5.136731,Plein jour,Hors agglomération,Hors intersection,Normale,Deux véhicules - frontale,3,-1,2,0,1,1,1,0,1,80,2,2,1,0,1,0,49.0,52.0,voiture,voiture,1,1,1,1,1
202300026760,2023-12-18 13:50:00,2023,12,18,13,50,60,60465,d1001,49.543758,2.201557,Plein jour,Hors agglomération,Hors intersection,Pluie légère,Deux véhicules - frontale,3,2,2,0,3,1,2,0,1,80,2,2,1,0,1,0,18.0,25.0,voiture,voiture,1,1,1,2,1
202300026761,2023-09-11 08:55:00,2023,9,11,8,55,13,13035,Route de Miramas,43.672734,5.02521,Plein jour,Hors agglomération,Hors intersection,Normale,Sans collision,3,2,2,0,1,1,1,0,3,80,1,1,0,0,1,0,67.0,,voiture,,1,1,1,1,7
202300026762,2023-12-18 07:00:00,2023,12,18,7,0,64,64083,D936,43.390914,-0.965005,Crépuscule ou aube,Hors agglomération,Hors intersection,Normale,Autre collision,3,2,2,0,2,3,1,0,8,80,1,1,0,0,1,0,23.0,,voiture,,2,1,1,1,6
202300026763,2023-09-10 03:30:00,2023,9,10,3,30,21,21564,D996,47.12257445,5.099119,Nuit sans éclairage public,Hors agglomération,Intersection en T,Normale,Deux véhicules - côté,3,2,2,0,1,1,1,0,1,90,2,4,2,0,0,2,45.0,26.0,voiture,voiture,3,1,3,1,3
202300026763,2023-09-10 03:30:00,2023,9,10,3,30,21,21564,D996,47.12257445,5.099119,Nuit sans éclairage public,Hors agglomération,Intersection en T,Normale,Deux véhicules - côté,3,2,3,0,1,1,1,0,1,90,2,4,2,0,0,2,45.0,26.0,voiture,voiture,3,1,3,1,3
202300026764,2023-09-11 07:50:00,2023,9,11,7,50,68,68348,31 Route d'Aspach,47.801969,7.116289,Plein jour,En agglomération,Hors intersection,Normale,Autre collision,3,2,2,0,1,1,1,0,1,50,1,2,1,0,1,0,67.0,,voiture,,1,2,1,1,6
202300026765,2023-12-19 13:15:00,2023,12,19,13,15,21,21061,D901,47.696368,4.63578,Plein jour,Hors agglomération,Hors intersection,Normale,Autre collision,3,2,2,0,1,2,1,0,3,90,1,1,0,1,0,0,84.0,,voiture,,1,1,1,1,6
202300026766,2023-12-18 18:00:00,2023,12,18,18,0,24,24586,2720 Route de l'Avenir,45.26309,0.37711,Crépuscule ou aube,Hors agglomération,Hors intersection,Normale,Deux véhicules - côté,3,2,2,0,1,1,1,0,1,90,2,3,0,1,1,1,64.0,25.0,voiture,voiture,2,1,1,1,3
202300026767,2023-09-09 17:30:00,2023,9,9,17,30,68,68368,Route de Gunsbach,48.047444,7.183262,Plein jour,Hors agglomération,Intersection en Y,Normale,Deux véhicules - côté,3,2,2,0,1,1,1,0,1,80,2,5,1,0,0,4,51.0,25.0,utilitaire_camion,voiture,1,1,4,1,3
202300026767,2023-09-09 17:30:00,2023,9,9,17,30,68,68368,Route de Gunsbach,48.047444,7.183262,Plein jour,Hors agglomération,Intersection en Y,Normale,Deux véhicules - côté,3,-1, -1,0,1,3,1,0,8,30,2,5,1,0,0,4,51.0,25.0,utilitaire_camion,voiture,1,1,4,1,3
202300026768,2023-12-19 08:35:00,2023,12,19,8,35,04,04049,17 route de manosque,44.074203,5.991819,Plein jour,En agglomération,Intersection en T,Normale,Deux véhicules - frontale,3,2,2,0,1,1,1,0,8,50,2,2,1,0,1,0,57.0,44.0,deux_roues,voiture,1,2,3,1,1
202300026768,2023-12-19 08:35:00,2023,12,19,8,35,04,04049,17 route de manosque,44.074203,5.991819,Plein jour,En agglomération,Intersection en T,Normale,Deux véhicules - frontale,3,-1, -1,-1,1,-1,1,-1,4,-1,2,2,1,0,1,0,57.0,44.0,deux_roues,voiture,1,2,3,1,1
202300026769,2023-09-08 10:25:00,2023,9,8,10,25,54,54173,Route de Drouville,48.65949089,6.41676664,Plein jour,Hors agglomération,Hors intersection,Normale,Deux véhicules - arrière,3,2,2,0,3,1,1,0,1,80,2,2,1,0,1,0,69.0,41.0,deux_roues,voiture,1,1,1,1,2
202300026770,2023-09-10 17:00:00,2023,9,10,17,0,57,57665,D31c,49.129699,6.935059,Plein jour,Hors agglomération,Hors intersection,Normale,Sans collision,3,2,2,0,2,1,1,0,3,80,2,3,1,0,1,1,45.0,41.0,deux_roues,voiture,1,1,1,1,7
202300026771,2023-12-18 16:00:00,2023,12,18,16,0,87,87187,Route de Périgueux,45.489457,1.194131,Plein jour,Hors agglomération,Intersection en T,Normale,Deux véhicules - côté,3,-1,2,0,2,1,1,0,1,70,2,3,2,0,0,1,85.0,24.0,voiture,voiture,1,1,3,1,3
202300026771,2023-12-18 16:00:00,2023,12,18,16,0,87,87187,Route de Périgueux,45.489457,1.194131,Plein jour,Hors agglomération,Intersection en T,Normale,Deux véhicules - côté,3,2, -1,-1,1,2,1,5,1,-1,2,3,2,0,0,1,85.0,24.0,voiture,voiture,1,1,3,1,3
202300026772,2023-09-11 08:00:00,2023,9,11,8,0,73,73292,D129,45.714404,6.407202,Plein jour,Hors agglomération,Hors intersection,Normale,Sans collision,3,2,2,2,1,1,1,-1,5,80,1,1,0,1,0,0,86.0,,deux_roues,,1,1,1,1,7
202300026773,2023-09-05 11:00:00,2023,9,5,11,0,73,73303,D1508 Route d' Annecy,45.745351,6.420071,Plein jour,En agglomération,Giratoire,Normale,Deux véhicules - côté,3,3,3,0,1,2,1,5,1,50,2,2,1,0,1,0,46.0,75.0,voiture,voiture,1,2,6,1,3
202300026774,2023-12-19 18:05:00,2023,12,19,18,5,30,30269,D907,44.115699,3.848004,Nuit sans éclairage public,Hors agglomération,Hors intersection,Normale,Deux véhicules - frontale,3,2,2,0,1,1,1,0,1,80,2,3,0,1,1,1,53.0,59.0,voiture,voiture,3,1,1,1,1
202300026775,2023-09-09 09:20:00,2023,9,9,9,20,73,73243,D912,45.601308,6.016581,Plein jour,Hors agglomération,Hors intersection,Temps éblouissant,Deux véhicules - côté,3,2,2,0,2,4,1,0,1,80,2,4,2,0,1,1,38.0,52.0,voiture,deux_roues,1,1,1,7,3
202300026776,2023-09-10 12:45:00,2023,9,10,12,45,26,26290,D76,44.858135,5.404351,Plein jour,Hors agglomération,Hors intersection,Normale,Autre collision,3,2,2,0,1,4,1,0,1,70,1,1,0,0,1,0,23.0,,deux_roues,,1,1,1,1,6
202300026777,2023-12-09 17:30:00,2023,12,9,17,30,52,52017,D6,47.93258569,5.02541303,Nuit sans éclairage public,Hors agglomération,Hors intersection,Pluie forte,Autre collision,3,2,2,0,2,2,2,0,3,80,1,1,0,0,1,0,37.0,,voiture,,3,1,1,3,6
202300026778,2023-09-10 10:30:00,2023,9,10,10,30,07,07136,3333 route des cevennes,44.593465,3.906134,Plein jour,En agglomération,Hors intersection,Normale,Deux véhicules - arrière,3,2,2,0,1,1,1,0,1,50,2,3,2,1,0,0,85.0,75.0,deux_roues,voiture,1,2,1,1,2
202300026779,2023-12-19 08:10:00,2023,12,19,8,10,77,77306,A5 PK 1+500 PEAGE LES EPRUNES,48.58949504,2.65386628,Plein jour,Hors agglomération,Hors intersection,Normale,Autre collision,1,3,5,0,1,1,1,7,8,90,1,3,0,1,2,0,27.0,,voiture,,1,1,1,1,6
202300026780,2023-12-18 09:15:00,2023,12,18,9,15,17,17074,Route de Montendre,45.214373,-0.377497,Plein jour,En agglomération,Hors intersection,Brouillard / fumée,Sans collision,3,2,2,0,1,2,1,0,3,50,1,1,0,0,1,0,59.0,,utilitaire_camion,,1,2,1,5,7
202300026781,2023-09-09 15:15:00,2023,9,9,15,15,69,69176,Route de Mornant,45.671434,4.698672,Plein jour,Hors agglomération,Intersection en Y,Normale,Deux véhicules - côté,3,2,2,0,4,2,1,0,1,80,2,2,1,0,1,0,27.0,66.0,voiture,deux_roues,1,1,4,1,3
202300026781,2023-09-09 15:15:00,2023,9,9,15,15,69,69176,Route de Mornant,45.671434,4.698672,Plein jour,Hors agglomération,Intersection en Y,Normale,Deux véhicules - côté,3,2,2,0,2,1,1,0,1,80,2,2,1,0,1,0,27.0,66.0,voiture,deux_roues,1,1,4,1,3
202300026782,2023-09-09 20:15:00,2023,9,9,20,15,19,19146,rue des bruyeres,45.318927,1.758349,Plein jour,En agglomération,Hors intersection,Normale,Autre collision,4,2,2,0,2,3,1,0,3,50,1,1,0,0,0,1,35.0,,deux_roues,,1,2,1,1,6
202300026783,2023-09-09 23:50:00,2023,9,9,23,50,33,33073,43 Lieu Dit la Blanchetterie,45.236569,-0.591937,Nuit sans éclairage public,Hors agglomération,Hors intersection,Normale,Sans collision,3,2,2,0,1,1,1,0,3,80,1,1,0,0,1,0,37.0,,voiture,,3,1,1,1,7
202300026784,2023-09-11 16:20:00,2023,9,11,16,20,50,50099,D913,49.363916,-1.24109,Plein jour,Hors agglomération,Hors intersection,Normale,Autre collision,3,2,2,0,1,1,1,0,3,80,1,1,0,0,1,0,49.0,,voiture,,1,1,1,1,6
202300026785,2023-12-18 17:50:00,2023,12,18,17,50,38,38331,Route du Mouret,45.366716,5.518835,Nuit sans éclairage public,En agglomération,Intersection en Y,Normale,Sans collision,4,2,2,0,2,2,1,0,3,30,1,6,4,0,0,2,73.0,,transport_commun,,3,2,4,1,7
202300026785,2023-12-18 17:50:00,2023,12,18,17,50,38,38331,Route du Mouret,45.366716,5.518835,Nuit sans éclairage public,En agglomération,Intersection en Y,Normale,Sans collision,4,2,2,0,2,2,1,0,8,30,1,6,4,0,0,2,73.0,,transport_commun,,3,2,4,1,7
202300026786,2023-09-10 10:30:00,2023,9,10,10,30,50,50099,Rue Holgate,49.300918,-1.249539,Plein jour,En agglomération,Hors intersection,Pluie légère,Autre collision,3,2,2,0,2,1,2,9,1,50,1,2,1,0,1,0,79.0,,voiture,,1,2,1,2,6
202300026787,2023-09-07 12:36:00,2023,9,7,12,36,14,14724,Route de Touques,49.256014,-0.135355,Plein jour,Hors agglomération,Hors intersection,Normale,Deux véhicules - frontale,3,2,2,0,1,1,1,0,1,80,2,2,1,0,1,0,39.0,29.0,voiture,voiture,1,1,1,1,1
202300026788,2023-12-18 15:00:00,2023,12,18,15,0,971,97106,Route de Bellon,16.186213,-61.781069,Plein jour,En agglomération,Hors intersection,Normale,Deux véhicules - frontale,2,2,2,0,2,1,1,0,1,50,2,2,0,0,2,0,41.0,32.0,voiture,voiture,1,2,1,1,1
202300026789,2023-09-10 05:20:00,2023,9,10,5,20,22,22389,Rue René Coty,48.472847,-2.688301,Nuit sans éclairage public,Hors agglomération,Hors intersection,Normale,Autre collision,4,2,2,0,1,3,1,0,1,70,1,3,1,0,1,1,18.0,,voiture,,3,1,1,1,6
202300026790,2023-12-18 13:55:00,2023,12,18,13,55,21,21171,9 Rue de Pommard,47.298602,5.133242,Plein jour,En agglomération,Hors intersection,Brouillard / fumée,Autre collision,4,2,2,0,1,1,1,0,1,50,1,2,1,0,0,1,48.0,,voiture,,1,2,1,5,6
202300026791,2023-09-09 08:00:00,2023,9,9,8,0,35,35326,Avenue Philippe de Volvire,48.332001,-1.532482,Plein jour,En agglomération,Hors intersection,Normale,Deux véhicules - arrière,3,2,2,0,2,1,1,0,1,30,2,2,1,1,0,0,61.0,74.0,voiture,voiture,1,2,1,1,2
202300026792,2023-09-11 03:45:00,2023,9,11,3,45,76,76533,Rue René Coty,49.504524,0.268275,Nuit avec éclairage allumé,En agglomération,Hors intersection,Normale,Autre collision,4,2,2,0,1,1,1,0,4,30,1,2,0,1,1,0,40.0,,deux_roues,,5,2,1,1,6
202300026793,2023-12-19 14:45:00,2023,12,19,14,45,95,95355,53 CROSNE (RUE DE),49.149804,1.788094,Plein jour,En agglomération,Hors intersection,Normale,Trois véhicules et plus - collisions multiples,3,2,2,0,1,1,2,0,1,50,3,3,2,0,0,1,45.0,37.0,voiture,voiture,1,2,1,1,5
202300026794,2023-12-18 14:30:00,2023,12,18,14,30,05,05178,Le Long du Canal,44.368191,5.92214,Plein jour,Hors agglomération,Intersection en X,Temps éblouissant,Deux véhicules - côté,3,2, -1,0,1,1,1,0,1,80,2,2,1,0,1,0,59.0,72.0,utilitaire_camion,deux_roues,1,1,2,7,3
202300026794,2023-12-18 14:30:00,2023,12,18,14,30,05,05178,Le Long du Canal,44.368191,5.92214,Plein jour,Hors agglomération,Intersection en X,Temps éblouissant,Deux véhicules - côté,3,2,2,0,1,1,1,0,1,50,2,2,1,0,1,0,59.0,72.0,utilitaire_camion,deux_roues,1,1,2,7,3
202300026795,2023-09-07 06:05:00,2023,9,7,6,5,59,59058,D602,50.231874,3.950049,Nuit sans éclairage public,Hors agglomération,Hors intersection,Normale,Deux véhicules - arrière,3,2,2,0,2,1,1,0,1,80,2,2,1,0,1,0,62.0,32.0,utilitaire_camion,deux_roues,3,1,1,1,2
202300026796,2023-12-16 11:25:00,2023,12,16,11,25,13,13072,D56b,43.459071,5.629426,Crépuscule ou aube,Hors agglomération,Intersection en T,Normale,Deux véhicules - côté,3,2,2,0,2,1,1,0,1,80,2,2,1,0,1,0,21.0,58.0,deux_roues,voiture,2,1,3,1,3
202300026796,2023-12-16 11:25:00,2023,12,16,11,25,13,13072,D56b,43.459071,5.629426,Crépuscule ou aube,Hors agglomération,Intersection en T,Normale,Deux véhicules - côté,3,2, -1,-1,1,1,1,5,1,-1,2,2,1,0,1,0,21.0,58.0,deux_roues,voiture,2,1,3,1,3
202300026797,2023-08-29 07:40:00,2023,8,29,7,40,59,59034,49 rue d'attiches,50.531721,3.079487,Plein jour,En agglomération,Hors intersection,Normale,Deux véhicules - frontale,4,2,2,0,1,2,1,0,1,30,2,2,1,0,1,0,51.0,33.0,deux_roues,voiture,1,2,1,1,1
202300026798,2023-12-18 18:29:00,2023,12,18,18,29,76,76759,Route des Marais,49.412183,0.873926,Nuit sans éclairage public,En agglomération,Hors intersection,Normale,Autre collision,7,2,2,0,1,1,1,0,3,50,1,1,0,1,0,0,71.0,,voiture,,3,2,1,1,6
202300026799,2023-09-09 15:40:00,2023,9,9,15,40,13,13005,A50-Sens Marseille vers Aubagne,43.2843,5.5725,Plein jour,Hors agglomération,Hors intersection,Normale,Autre collision,1,1,3,0,1,1,1,0,1,90,1,1,0,0,0,1,67.0,,voiture,,1,1,1,1,6
202300026800,2023-12-18 18:08:00,2023,12,18,18,8,13,13056,A55-Sens Martigues vers Marseille,43.40982,5.03753,Crépuscule ou aube,Hors agglomération,Hors intersection,Normale,Trois véhicules et plus - en chaîne,1,1,2,0,1,1,1,0,1,50,3,4,2,0,1,1,59.0,48.0,voiture,voiture,2,1,1,1,4
202300026801,2023-09-10 03:40:00,2023,9,10,3,40,69,69382,Route de Métropole 7,45.74205,4.82522,Nuit avec éclairage allumé,Hors agglomération,Hors intersection,Normale,Deux véhicules - arrière,7,3,6,0,1,1,1,0,1,70,2,2,1,0,0,1,23.0,24.0,voiture,voiture,5,1,1,1,2
202300026802,2023-12-18 11:50:00,2023,12,18,11,50,83,83144,A57,43.14263526,6.00846007,Plein jour,Hors agglomération,Hors intersection,Normale,Deux véhicules - arrière,1,1,2,0,1,1,1,0,1,70,2,2,1,0,0,1,53.0,45.0,utilitaire_camion,voiture,1,1,1,1,2
202300026803,2023-12-18 08:15:00,2023,12,18,8,15,33,33487,AUTOROUTE A 10,44.95266,-0.45907,Crépuscule ou aube,Hors agglomération,Hors intersection,Brouillard / fumée,Trois véhicules et plus - en chaîne,1,3,6,0,2,2,1,3,1,130,3,3,1,0,0,2,53.0,37.0,utilitaire_camion,voiture,2,1,1,5,4
202300026804,2023-09-10 20:20:00,2023,9,10,20,20,91,91521,AUTOROUTE A6,48.63651,2.39941,Nuit sans éclairage public,Hors agglomération,Hors intersection,Normale,Deux véhicules - côté,1,1,3,0,1,1,1,0,1,110,2,2,1,0,0,1,36.0,29.0,voiture,deux_roues,3,1,1,1,3
202300026805,2023-12-18 08:00:00,2023,12,18,8,0,33,33550,ROCADE A 630,44.78318039,-0.54269135,Crépuscule ou aube,Hors agglomération,Hors intersection,Brouillard / fumée,Deux véhicules - côté,1,3,6,1,1,1,1,0,1,90,2,2,1,0,0,1,30.0,59.0,utilitaire_camion,deux_roues,2,1,1,5,3
202300026806,2023-09-10 18:25:00,2023,9,10,18,25,91,91553,RN 104,48.63146,2.50281,Plein jour,Hors agglomération,Hors intersection,Normale,Deux véhicules - arrière,2,1,3,0,1,1,1,0,1,90,2,2,1,0,0,1,32.0,24.0,voiture,voiture,1,1,1,1,2
202300026807,2023-12-16 18:00:00,2023,12,16,18,0,59,59009,ROUTE NATIONALE 227,50.62913,3.13883,Nuit sans éclairage public,Hors agglomération,Hors intersection,Normale,Deux véhicules - arrière,2,1,4,0,1,1,1,0,1,70,2,2,1,0,0,1,69.0,50.0,voiture,deux_roues,3,1,1,1,2
202300026808,2023-12-15 12:20:00,2023,12,15,12,20,59,59271,AUTOROUTE A16,50.99909,2.29051,Plein jour,Hors agglomération,Hors intersection,Normale,Deux véhicules - arrière,1,-1,4,0,1,1,1,0,1,90,2,2,1,0,1,0,43.0,50.0,utilitaire_camion,utilitaire_camion,1,1,1,1,2
202300026809,2023-09-10 12:29:00,2023,9,10,12,29,91,91689,A6,48.74839,2.32732,Plein jour,Hors agglomération,Hors intersection,Normale,Deux véhicules - arrière,1,-1,3,0,1,1,1,0,1,110,2,4,3,0,0,1,25.0,23.0,voiture,voiture,1,1,1,1,2
202300026810,2023-12-17 03:30:00,2023,12,17,3,30,62,62637,A1,50.46207,2.97437,Nuit sans éclairage public,Hors agglomération,Hors intersection,Normale,Deux véhicules - arrière,1,1,7,0,1,1,1,0,1,130,2,2,1,0,0,1,21.0,27.0,utilitaire_camion,voiture,3,1,1,1,2
202300026811,2023-09-10 15:40:00,2023,9,10,15,40,93,93007,AUTOROUTE A1,48.94661725,2.44182927,Plein jour,Hors agglomération,Hors intersection,Normale,Deux véhicules - arrière,1,-1,4,0,1,1,1,0,1,90,2,3,1,0,0,2,20.0,24.0,voiture,voiture,1,1,1,1,2
202300026812,2023-12-18 07:45:00,2023,12,18,7,45,91,91161,AUTOROUTE A6,48.69495,2.31894,Nuit sans éclairage public,Hors agglomération,Hors intersection,Normale,Deux véhicules - arrière,1,3,3,0,2,1,1,0,1,110,2,2,1,0,0,1,21.0,31.0,voiture,utilitaire_camion,3,1,1,1,2