accident_id,datetime,annee,mois,jour,heure,minute,departement,commune_insee,adresse,latitude,longitude,luminosite,agglomeration,intersection,meteo,collision,catr,circ,nbv,vosp,prof,plan,surf,infra,situ,vma,nb_vehicules,nb_usagers,nb_indemnes,nb_tues,nb_blesses_hosp,nb_blesses_legers,age_cond_1,age_cond_2,veh_type_cond_1,veh_type_cond_2,lum_code,agg_code,int_code,atm_code,col_code
202300026813,2023-09-10 06:40:00,2023,9,10,6,40,95,95277,A3,48.97399,2.488348,Crépuscule ou aube,Hors agglomération,Hors intersection,Normale,Deux véhicules - arrière,1,3,8,0,1,2,1,0,1,90,2,2,1,0,1,0,34.0,29.0,voiture,deux_roues,2,1,1,1,2
202300026814,2023-12-17 18:43:00,2023,12,17,18,43,78,78640,N118,48.778307,2.222478,Nuit sans éclairage public,Hors agglomération,Hors intersection,Normale,Trois véhicules et plus - collisions multiples,2,1,4,0,1,1,1,0,8,90,3,3,2,0,0,1,41.0,21.0,voiture,deux_roues,3,1,1,1,5
202300026815,2023-12-17 08:04:00,2023,12,17,8,4,92,92050,A86,48.91813898,2.22276483,Plein jour,Hors agglomération,Hors intersection,Normale,Sans collision,1,3,2,0,1,1,1,0,1,90,1,1,0,0,0,1,27.0,,voiture,,1,1,1,1,7
202300026816,2023-09-09 21:00:00,2023,9,9,21,0,93,93005,AUTOROUTE A3,48.96938098,2.48064637,Nuit sans éclairage public,Hors agglomération,Hors intersection,Normale,Trois véhicules et plus - en chaîne,1,1,5,0,1,1,1,0,1,90,3,3,2,0,0,1,37.0,22.0,voiture,voiture,3,1,1,1,4
202300026817,2023-12-18 17:35:00,2023,12,18,17,35,95,95572,N184,49.03791744,2.12330895,Crépuscule ou aube,Hors agglomération,Hors intersection,Normale,Deux véhicules - côté,2,3,2,0,1,1,1,0,1,90,2,2,1,0,0,1,36.0,21.0,deux_roues,voiture,2,1,1,1,3
202300026818,2023-09-10 16:00:00,2023,9,10,16,0,77,77122,RN104,48.6597377,2.61287775,Plein jour,Hors agglomération,Hors intersection,Normale,Autre collision,2,1,4,0,1,1,1,0,1,110,2,2,1,0,1,0,71.0,41.0,voiture,deux_roues,1,1,1,1,6
202300026819,2023-12-18 14:16:00,2023,12,18,14,16,93,93066,AUTOROUTE A1,48.9156,2.35799,Plein jour,Hors agglomération,Hors intersection,Normale,Trois véhicules et plus - en chaîne,1,3,4,0,1,1,1,1,1,90,3,6,0,0,0,6,47.0,25.0,voiture,voiture,1,1,1,1,4
202300026820,2023-09-09 18:10:00,2023,9,9,18,10,69,69383,Rue Paul Bert,45.75595,4.84526,Plein jour,En agglomération,Intersection en T,Normale,Deux véhicules - côté,4,1,1,2,1,1,1,0,8,30,2,2,1,0,0,1,39.0,29.0,voiture,deux_roues,1,2,3,1,3
202300026820,2023-09-09 18:10:00,2023,9,9,18,10,69,69383,Rue Paul Bert,45.75595,4.84526,Plein jour,En agglomération,Intersection en T,Normale,Deux véhicules - côté,4,1,1,2,1,1,1,0,1,30,2,2,1,0,0,1,39.0,29.0,voiture,deux_roues,1,2,3,1,3
202300026821,2023-12-18 11:30:00,2023,12,18,11,30,95,95277,AUTOROUTE A3,48.97018412,2.48292089,Plein jour,Hors agglomération,Hors intersection,Normale,Deux véhicules - arrière,1,3,4,0,1,1,1,0,1,90,2,2,1,0,0,1,24.0,47.0,deux_roues,utilitaire_camion,1,1,1,1,2
202300026822,2023-09-09 13:37:00,2023,9,9,13,37,972,97213,AUTOROUTE A1,14.61686,-61.01665,Plein jour,Hors agglomération,Hors intersection,Normale,Autre collision,1,1,3,0,1,1,1,0,1,90,1,1,0,0,0,1,23.0,,voiture,,1,1,1,1,6
202300026823,2023-12-18 07:00:00,2023,12,18,7,0,95,95582,A115,48.97336,2.24588,Nuit sans éclairage public,Hors agglomération,Hors intersection,Normale,Trois véhicules et plus - en chaîne,1,3,2,0,2,2,1,2,1,90,4,4,3,0,0,1,23.0,23.0,voiture,utilitaire_camion,3,1,1,1,4
202300026824,2023-09-09 09:55:00,2023,9,9,9,55,972,97209,RN9,14.61182,-61.04235,Plein jour,Hors agglomération,Hors intersection,Normale,Autre collision,2,1,2,0,1,2,1,0,3,70,1,2,1,0,0,1,44.0,,voiture,,1,1,1,1,6
202300026825,2023-08-31 14:00:00,2023,8,31,14,0,32,32416,D165 PK 8+358 32120 sarrant,43.78448,0.923281,Plein jour,Hors agglomération,Hors intersection,Normale,Autre collision,3,2,2,0,1,3,9,8,3,80,1,1,0,0,1,0,30.0,,voiture,,1,1,1,1,6
202300026826,2023-12-17 05:30:00,2023,12,17,5,30,974,97411,JAURES (BLD 1 JEAN),-20.89183,55.46735,Crépuscule ou aube,En agglomération,Intersection en X,Normale,Deux véhicules - côté,2,2,5,0,1,1,1,0,1,50,2,2,1,0,0,1,,25.0,voiture,voiture,2,2,2,1,3
202300026826,2023-12-17 05:30:00,2023,12,17,5,30,974,97411,JAURES (BLD 1 JEAN),-20.89183,55.46735,Crépuscule ou aube,En agglomération,Intersection en X,Normale,Deux véhicules - côté,2,2,2,0,1,1,1,0,1,50,2,2,1,0,0,1,,25.0,voiture,voiture,2,2,2,1,3
202300026827,2023-09-09 03:15:00,2023,9,9,3,15,69,69382,Quai Docteur Gailleton,45.75045,4.83212,Nuit avec éclairage allumé,En agglomération,Intersection en T,Normale,Deux véhicules - arrière,4,2,5,3,1,1,1,0,1,30,2,4,2,0,0,2,29.0,24.0,voiture,voiture,5,2,3,1,2
202300026827,2023-09-09 03:15:00,2023,9,9,3,15,69,69382,Quai Docteur Gailleton,45.75045,4.83212,Nuit avec éclairage allumé,En agglomération,Intersection en T,Normale,Deux véhicules - arrière,4,1,1,2,1,1,1,0,1,30,2,4,2,0,0,2,29.0,24.0,voiture,voiture,5,2,3,1,2
202300026828,2023-12-16 17:55:00,2023,12,16,17,55,974,97411,MONTAGNE (ROUTE DE LA),-20.88907,55.43657,Plein jour,Hors agglomération,Autre intersection,Pluie légère,Autre collision,3,2,2,0,2,4,2,0,1,50,2,4,2,0,0,2,38.0,51.0,voiture,voiture,1,1,9,2,6
202300026829,2023-12-16 02:45:00,2023,12,16,2,45,974,97411,LITTORAL (ROUTE 1 DU),-20.87459,55.43233,Nuit sans éclairage public,Hors agglomération,Hors intersection,Normale,Autre collision,2,1,3,0,1,1,1,2,1,90,1,2,1,1,0,0,63.0,,voiture,,3,1,1,1,6
202300026830,2023-12-17 18:00:00,2023,12,17,18,0,974,97407,LENINE (AVENUE),-20.94314,55.29974,Plein jour,En agglomération,Hors intersection,Normale,Deux véhicules - arrière,4,2,0,0,1,1,1,0,1,30,2,2,1,0,0,1,20.0,17.0,voiture,deux_roues,1,2,1,1,2
202300026831,2023-12-17 17:00:00,2023,12,17,17,0,972,97209,ROND POINT DU VIET-NAM-HEROIQUE (ECHANGE,14.61191,-61.0788,,En agglomération,Giratoire,,Sans collision,3,-1, -1,-1,-1,-1,-1,-1,-1,-1,1,2,0,0,0,2,20.0,,voiture,,-1,2,6,-1,7
202300026832,2023-09-08 18:00:00,2023,9,8,18,0,83,83118,BOULEVARD DE LA TRENTE-SIXIÈME DIVISION,43.42042,6.85691,Plein jour,En agglomération,Intersection en T,Normale,Deux véhicules - côté,3,2,2,0,1,1,1,0,1,50,2,3,1,0,1,1,81.0,34.0,voiture,deux_roues,1,2,3,1,3
202300026832,2023-09-08 18:00:00,2023,9,8,18,0,83,83118,BOULEVARD DE LA TRENTE-SIXIÈME DIVISION,43.42042,6.85691,Plein jour,En agglomération,Intersection en T,Normale,Deux véhicules - côté,3,2, -1,-1,1,1,1,0,1,-1,2,3,1,0,1,1,81.0,34.0,voiture,deux_roues,1,2,3,1,3
202300026833,2023-09-09 03:15:00,2023,9,9,3,15,77,77389,D606,48.50942,2.65786,Nuit sans éclairage public,Hors agglomération,Hors intersection,Normale,Deux véhicules - frontale,3,2,3,0,1,1,1,0,3,50,1,1,0,0,1,0,21.0,,voiture,,3,1,1,1,1
202300026834,2023-12-17 17:50:00,2023,12,17,17,50,69,69389,12 Rue Joannès Carret,45.78720859,4.81047587,Nuit avec éclairage allumé,En agglomération,Intersection en T,Normale,Deux véhicules - arrière,4,1,1,1,1,1,1,0,1,30,2,3,2,0,0,1,33.0,22.0,voiture,voiture,5,2,3,1,2
202300026834,2023-12-17 17:50:00,2023,12,17,17,50,69,69389,12 Rue Joannès Carret,45.78720859,4.81047587,Nuit avec éclairage allumé,En agglomération,Intersection en T,Normale,Deux véhicules - arrière,4,2,2,3,1,1,1,5,1,50,2,3,2,0,0,1,33.0,22.0,voiture,voiture,5,2,3,1,2
202300026835,2023-12-17 06:00:00,2023,12,17,6,0,971,97101,RN1 ROCADE DE CHAUVEL,16.24628,-61.52563,Plein jour,Hors agglomération,Hors intersection,Pluie légère,Deux véhicules - arrière,2,-1,2,0,1,1,2,0,1,90,2,2,1,0,0,1,39.0,79.0,voiture,autre,1,1,1,2,2
202300026836,2023-09-09 10:10:00,2023,9,9,10,10,71,71306,GAUTHEY (QUAI),46.667363,4.354423,Plein jour,En agglomération,Hors intersection,Normale,Autre collision,4,2,2,0,1,1,1,0,1,50,1,2,1,0,0,1,,,utilitaire_camion,,1,2,1,1,6
202300026837,2023-12-17 17:00:00,2023,12,17,17,0,95,95427,SAINT-LEU (ROUTE DE),48.95855836,2.32927591,Crépuscule ou aube,En agglomération,Hors intersection,Normale,Deux véhicules - frontale,3,2,2,0,1,3,1,0,1,30,2,2,1,0,0,1,65.0,33.0,voiture,deux_roues,2,2,1,1,1
202300026838,2023-12-17 13:47:00,2023,12,17,13,47,84,84031,Avenue du Mont Ventoux,44.056897,5.062011,Plein jour,En agglomération,Hors intersection,Normale,Autre collision,3,2,2,0,1,1,1,0,1,50,1,1,0,0,0,1,,,,,1,2,1,1,6
202300026839,2023-09-09 16:30:00,2023,9,9,16,30,69,69266,Rue Poizat,45.75821,4.89332,Plein jour,En agglomération,Intersection en X,Normale,Deux véhicules - côté,4,2,2,0,1,1,1,0,1,50,2,2,1,0,0,1,,53.0,voiture,deux_roues,1,2,2,1,3
202300026839,2023-09-09 16:30:00,2023,9,9,16,30,69,69266,Rue Poizat,45.75821,4.89332,Plein jour,En agglomération,Intersection en X,Normale,Deux véhicules - côté,4,1,1,0,1,1,1,0,1,50,2,2,1,0,0,1,,53.0,voiture,deux_roues,1,2,2,1,3
202300026840,2023-12-16 17:50:00,2023,12,16,17,50,83,83069,ARBANAIS (AVENUE DES),43.03599,6.14384,Nuit sans éclairage public,En agglomération,Hors intersection,Normale,Deux véhicules - frontale,3,2,2,0,2,2,1,0,1,50,2,3,2,0,0,1,33.0,55.0,voiture,voiture,3,2,1,1,1
202300026841,2023-12-16 15:28:00,2023,12,16,15,28,77,77307,AV DE L EUROPE,48.8523,2.76312,Plein jour,En agglomération,Giratoire,Temps éblouissant,Deux véhicules - arrière,3,1,2,0,1,1,1,0,1,50,2,2,1,0,0,1,58.0,20.0,voiture,deux_roues,1,2,6,7,2
202300026842,2023-09-09 01:05:00,2023,9,9,1,5,69,69264,Rue de Stalingrad,45.98557,4.72001,Nuit avec éclairage allumé,En agglomération,Hors intersection,Normale,Sans collision,4,1,1,0,1,1,1,0,1,50,1,5,4,0,1,0,19.0,,voiture,,5,2,1,1,7
202300026843,2023-12-16 19:45:00,2023,12,16,19,45,73,73011,CHASSEURS ALPINS (AV.) P. DUROY VERS AV,45.66257,6.3872,Nuit sans éclairage public,Hors agglomération,Giratoire,Normale,Autre collision,3,1,2,0,1,2,1,0,1,-1,1,3,1,0,1,1,,,voiture,,3,1,6,1,6
202300026844,2023-12-17 19:25:00,2023,12,17,19,25,71,71076,PARIS (AVENUE DE),46.79006,4.8502,Nuit avec éclairage allumé,En agglomération,Intersection en T,Temps couvert,Deux véhicules - côté,4,1,1,2,2,2,1,5,1,-1,2,2,1,0,1,0,51.0,21.0,deux_roues,voiture,5,2,3,8,3
202300026844,2023-12-17 19:25:00,2023,12,17,19,25,71,71076,PARIS (AVENUE DE),46.79006,4.8502,Nuit avec éclairage allumé,En agglomération,Intersection en T,Temps couvert,Deux véhicules - côté,4,2,2,0,1,1,1,0,1,50,2,2,1,0,1,0,51.0,21.0,deux_roues,voiture,5,2,3,8,3
202300026845,2023-09-09 21:42:00,2023,9,9,21,42,69,69259,Boulevard Ambroise Croizat,45.70046,4.88754,Nuit avec éclairage allumé,En agglomération,Intersection en X,Normale,Deux véhicules - arrière,7,2,4,1,1,1,1,0,1,50,2,6,2,0,0,4,33.0,19.0,voiture,voiture,5,2,2,1,2
202300026845,2023-09-09 21:42:00,2023,9,9,21,42,69,69259,Boulevard Ambroise Croizat,45.70046,4.88754,Nuit avec éclairage allumé,En agglomération,Intersection en X,Normale,Deux véhicules - arrière,7,2,2,2,1,1,1,0,1,30,2,6,2,0,0,4,33.0,19.0,voiture,voiture,5,2,2,1,2
202300026846,2023-12-17 17:50:00,2023,12,17,17,50,67,67482,TOUSSAINT (RUE DE LA),48.586657,7.743611,Nuit avec éclairage allumé,En agglomération,Intersection en T,Normale,Deux véhicules - côté,4,2,2,0,1,1,1,0,1,30,2,2,1,0,0,1,46.0,32.0,voiture,deux_roues,5,2,3,1,3
202300026846,2023-12-17 17:50:00,2023,12,17,17,50,67,67482,TOUSSAINT (RUE DE LA),48.586657,7.743611,Nuit avec éclairage allumé,En agglomération,Intersection en T,Normale,Deux véhicules - côté,4,2,1,1,1,1,1,0,1,30,2,2,1,0,0,1,46.0,32.0,voiture,deux_roues,5,2,3,1,3
202300026847,2023-09-09 18:20:00,2023,9,9,18,20,67,67482,ROMAINS (ROUTE DES),48.57798,7.70403,Plein jour,En agglomération,Intersection en T,Temps éblouissant,Deux véhicules - côté,4,2,2,0,1,1,1,0,1,50,2,2,1,0,1,0,38.0,35.0,utilitaire_camion,deux_roues,1,2,3,7,3
202300026847,2023-09-09 18:20:00,2023,9,9,18,20,67,67482,ROMAINS (ROUTE DES),48.57798,7.70403,Plein jour,En agglomération,Intersection en T,Temps éblouissant,Deux véhicules - côté,4,2,2,0,1,1,1,0,5,50,2,2,1,0,1,0,38.0,35.0,utilitaire_camion,deux_roues,1,2,3,7,3
202300026848,2023-12-17 20:35:00,2023,12,17,20,35,65,65440,ALSACE LORRAINE (AVENUE),43.24092,0.07366,Nuit avec éclairage allumé,En agglomération,Giratoire,Normale,Deux véhicules - côté,3,2,2,0,1,1,1,9,1,50,2,2,1,0,0,1,24.0,20.0,voiture,voiture,5,2,6,1,3
202300026848,2023-12-17 20:35:00,2023,12,17,20,35,65,65440,ALSACE LORRAINE (AVENUE),43.24092,0.07366,Nuit avec éclairage allumé,En agglomération,Giratoire,Normale,Deux véhicules - côté,3,2,2,0,1,1,1,0,1,50,2,2,1,0,0,1,24.0,20.0,voiture,voiture,5,2,6,1,3
202300026849,2023-09-08 23:30:00,2023,9,8,23,30,65,65226,PAU (ROUTE DE),43.24122,0.01862,Nuit sans éclairage public,En agglomération,Hors intersection,Normale,Autre collision,9,2,2,0,1,1,1,0,1,50,2,2,1,0,1,0,27.0,19.0,deux_roues,voiture,3,2,1,1,6
202300026850,2023-12-16 15:45:00,2023,12,16,15,45,64,64445,SARAGOSSE DE,43.30811,-0.3604,Plein jour,En agglomération,Intersection en T,Normale,Deux véhicules - côté,4,2,2,0,1,1,1,0,1,50,2,2,1,0,0,1,46.0,45.0,deux_roues,voiture,1,2,3,1,3
202300026850,2023-12-16 15:45:00,2023,12,16,15,45,64,64445,SARAGOSSE DE,43.30811,-0.3604,Plein jour,En agglomération,Intersection en T,Normale,Deux véhicules - côté,4,2,2,0,1,1,1,0,1,50,2,2,1,0,0,1,46.0,45.0,deux_roues,voiture,1,2,3,1,3
202300026851,2023-12-16 16:50:00,2023,12,16,16,50,64,64024,ESPAGNE (AVENUE D'),43.47660327,-1.52636012,Plein jour,En agglomération,Intersection en T,Normale,Deux véhicules - arrière,3,2,2,0,1,1,1,0,1,50,2,3,2,0,0,1,49.0,59.0,voiture,utilitaire_camion,1,2,3,1,2
202300026851,2023-12-16 16:50:00,2023,12,16,16,50,64,64024,ESPAGNE (AVENUE D'),43.47660327,-1.52636012,Plein jour,En agglomération,Intersection en T,Normale,Deux véhicules - arrière,3,2, -1,0,1,1,1,0,1,-1,2,3,2,0,0,1,49.0,59.0,voiture,utilitaire_camion,1,2,3,1,2
202300026852,2023-09-09 11:00:00,2023,9,9,11,0,59,59512,ALGER  (RUE D'),50.70762432,3.18695068,Plein jour,En agglomération,Giratoire,Normale,Deux véhicules - frontale,4,2,2,0,1,1,1,0,1,50,2,2,0,0,0,2,25.0,21.0,voiture,voiture,1,2,6,1,1
202300026852,2023-09-09 11:00:00,2023,9,9,11,0,59,59512,ALGER  (RUE D'),50.70762432,3.18695068,Plein jour,En agglomération,Giratoire,Normale,Deux véhicules - frontale,4,2,2,0,1,1,1,0,1,50,2,2,0,0,0,2,25.0,21.0,voiture,voiture,1,2,6,1,1
202300026853,2023-12-16 14:30:00,2023,12,16,14,30,64,64102,PONTOTS (GIRATOIRE LES),43.48858,-1.49154,Plein jour,En agglomération,Autre intersection,Normale,Deux véhicules - côté,4,1,2,0,1,2,1,9,1,50,2,2,1,0,0,1,52.0,65.0,deux_roues,voiture,1,2,9,1,3
202300026854,2023-12-17 09:36:00,2023,12,17,9,36,63,63113,CANROBERT (RUE),45.78912,3.06282,Plein jour,En agglomération,Intersection en T,Normale,Trois véhicules et plus - collisions multiples,7,2,2,0,1,2,1,0,1,30,1,2,1,0,0,1,25.0,,voiture,,1,2,3,1,5
202300026854,2023-12-17 09:36:00,2023,12,17,9,36,63,63113,CANROBERT (RUE),45.78912,3.06282,Plein jour,En agglomération,Intersection en T,Normale,Trois véhicules et plus - collisions multiples,7,2,2,0,2,2,1,6,1,50,1,2,1,0,0,1,25.0,,voiture,,1,2,3,1,5
202300026855,2023-09-09 02:05:00,2023,9,9,2,5,59,59431,HOUCKE (AVENUE JULES),50.68353,2.84108,Nuit avec éclairage allumé,Hors agglomération,Hors intersection,Normale,Deux véhicules - frontale,3,2,0,0,1,2,1,2,1,70,2,2,0,0,1,1,64.0,19.0,utilitaire_camion,voiture,5,1,1,1,1
202300026856,2023-12-15 17:40:00,2023,12,15,17,40,62,62765,Rue du Colonel Doyen,50.75226985,2.24799769,Nuit avec éclairage allumé,En agglomération,Autre intersection,Normale,Autre collision,4,2,2,0,1,3,1,0,8,-1,1,2,1,0,1,0,55.0,,voiture,,5,2,9,1,6
202300026857,2023-09-09 01:40:00,2023,9,9,1,40,57,57463,MANGIN (RUE ),49.10219594,6.16412401,Nuit avec éclairage allumé,En agglomération,Intersection en X,Normale,Deux véhicules - frontale,4,3,2,0,1,1,1,5,4,50,2,6,1,1,0,4,26.0,28.0,voiture,voiture,5,2,2,1,1
202300026857,2023-09-09 01:40:00,2023,9,9,1,40,57,57463,MANGIN (RUE ),49.10219594,6.16412401,Nuit avec éclairage allumé,En agglomération,Intersection en X,Normale,Deux véhicules - frontale,4,3,2,0,1,1,1,0,1,50,2,6,1,1,0,4,26.0,28.0,voiture,voiture,5,2,2,1,1
202300026858,2023-12-17 18:30:00,2023,12,17,18,30,62,62160,Boulevard Voltaire,50.71714,1.61045,Nuit avec éclairage allumé,En agglomération,Hors intersection,Normale,Autre collision,4,3,1,1,1,1,1,0,1,50,1,2,1,0,1,0,27.0,,voiture,,5,2,1,1,6
202300026859,2023-12-16 18:05:00,2023,12,16,18,5,57,57630,REDING (ROUTE),48.744854,7.076887,Nuit avec éclairage allumé,En agglomération,Hors intersection,Autre,Autre collision,4,2,2,0,1,1,2,0,1,50,1,2,1,0,0,1,31.0,,voiture,,5,2,1,9,6
202300026860,2023-12-17 10:55:00,2023,12,17,10,55,50,50218,SAUSSEY (RUE DU),48.83654,-1.56325,Plein jour,En agglomération,Hors intersection,Temps éblouissant,Autre collision,4,2,2,0,1,1,1,0,1,50,1,1,0,0,0,1,82.0,,deux_roues,,1,2,1,7,6
202300026861,2023-09-09 09:05:00,2023,9,9,9,5,51,51454,MAURIAC  AVENUE FRANCOIS,49.2428,3.99962,Plein jour,En agglomération,Intersection en T,Normale,Deux véhicules - côté,4,2,2,0,1,1,1,0,1,50,2,2,1,0,0,1,68.0,26.0,deux_roues,utilitaire_camion,1,2,3,1,3
202300026861,2023-09-09 09:05:00,2023,9,9,9,5,51,51454,MAURIAC  AVENUE FRANCOIS,49.2428,3.99962,Plein jour,En agglomération,Intersection en T,Normale,Deux véhicules - côté,4,1,2,0,1,1,1,0,1,50,2,2,1,0,0,1,68.0,26.0,deux_roues,utilitaire_camion,1,2,3,1,3
202300026862,2023-12-15 20:03:00,2023,12,15,20,3,46,46042,LAFAGE (RUE VICTOR),44.44707,1.44863,Nuit avec éclairage allumé,En agglomération,Hors intersection,Normale,Deux véhicules - côté,3,2,2,0,1,4,1,4,1,30,2,2,1,0,0,1,32.0,39.0,voiture,transport_commun,5,2,1,1,3
202300026863,2023-09-09 12:05:00,2023,9,9,12,5,49,49007,SALENGRO,47.45426,-0.56251,Plein jour,En agglomération,Hors intersection,Temps éblouissant,Autre collision,4,2,2,0,1,1,1,0,1,50,1,1,0,0,0,1,78.0,,voiture,,1,2,1,7,6
202300026864,2023-12-01 17:00:00,2023,12,1,17,0,38,38053,Avenue de Champ - Fleuri,45.60257,5.27104,Nuit avec éclairage allumé,En agglomération,Hors intersection,Pluie légère,Autre collision,4,2,2,0,1,1,2,9,1,50,1,2,1,0,0,1,43.0,,voiture,,5,2,1,2,6
202300026865,2023-12-16 17:05:00,2023,12,16,17,5,35,35278,PORTE DE BEAUREGARD,48.14021,-1.69609,Crépuscule ou aube,Hors agglomération,Hors intersection,Normale,Trois véhicules et plus - en chaîne,3,3,4,0,1,3,1,0,1,90,3,3,2,0,0,1,32.0,32.0,voiture,voiture,2,1,1,1,4
202300026866,2023-12-17 13:20:00,2023,12,17,13,20,34,34108,VIGNERONS (AVENUE DES),43.44647,3.75333,Plein jour,En agglomération,Intersection en T,Normale,Deux véhicules - frontale,4,1,1,0,1,1,1,0,1,30,2,3,0,0,1,2,68.0,19.0,voiture,deux_roues,1,2,3,1,1
202300026866,2023-12-17 13:20:00,2023,12,17,13,20,34,34108,VIGNERONS (AVENUE DES),43.44647,3.75333,Plein jour,En agglomération,Intersection en T,Normale,Deux véhicules - frontale,4,2,2,0,1,1,1,0,1,30,2,3,0,0,1,2,68.0,19.0,voiture,deux_roues,1,2,3,1,1
202300026867,2023-12-17 19:20:00,2023,12,17,19,20,33,33063,RUE POURMANN,44.86798,-0.5505,Nuit avec éclairage allumé,En agglomération,Hors intersection,Normale,Autre collision,4,1,1,0,1,1,1,0,1,30,1,2,1,0,0,1,24.0,,voiture,,5,2,1,1,6
202300026868,2023-09-09 22:06:00,2023,9,9,22,6,45,45234,29 Rue du 11 Novembre,47.91846,1.93385,Nuit avec éclairage allumé,En agglomération,Intersection en X,Normale,Deux véhicules - côté,4,2,2,0,1,1,1,0,1,30,2,4,1,0,0,3,33.0,,voiture,voiture,5,2,2,1,3
202300026868,2023-09-09 22:06:00,2023,9,9,22,6,45,45234,29 Rue du 11 Novembre,47.91846,1.93385,Nuit avec éclairage allumé,En agglomération,Intersection en X,Normale,Deux véhicules - côté,4,1,1,-1,1,1,1,0,1,-1,2,4,1,0,0,3,33.0,,voiture,voiture,5,2,2,1,3
202300026869,2023-12-17 18:48:00,2023,12,17,18,48,33,33318,Avenue de Gradignan,44.79998,-0.6243,Nuit avec éclairage allumé,En agglomération,Intersection en X,Brouillard / fumée,Deux véhicules - côté,4,2,4,0,1,1,2,0,1,50,2,2,1,0,0,1,22.0,26.0,voiture,voiture,5,2,2,5,3
202300026869,2023-12-17 18:48:00,2023,12,17,18,48,33,33318,Avenue de Gradignan,44.79998,-0.6243,Nuit avec éclairage allumé,En agglomération,Intersection en X,Brouillard / fumée,Deux véhicules - côté,4,2,2,0,1,1,2,0,1,50,2,2,1,0,0,1,22.0,26.0,voiture,voiture,5,2,2,5,3
202300026870,2023-09-04 06:20:00,2023,9,4,6,20,42,42207,Rue du Clos Marquet,45.48699,4.51626,Crépuscule ou aube,En agglomération,Hors intersection,Normale,Sans collision,4,2,2,0,1,1,1,0,1,50,1,1,0,0,0,1,52.0,,deux_roues,,2,2,1,1,7
202300026871,2023-12-16 18:40:00,2023,12,16,18,40,27,27375,VACHERIE (ROUTE DE LA),49.20841,1.13258,Nuit sans éclairage public,Hors agglomération,Hors intersection,Temps couvert,Sans collision,3,2,2,0,2,2,2,0,1,80,1,1,0,0,1,0,17.0,,deux_roues,,3,1,1,8,7
202300026872,2023-09-07 22:00:00,2023,9,7,22,0,42,42218,Rue des Aciéries,45.45358855,4.39067216,Nuit avec éclairage allumé,En agglomération,Intersection en X,Normale,Deux véhicules - frontale,4,2,4,0,1,1,1,5,1,50,2,2,1,0,0,1,54.0,26.0,voiture,deux_roues,5,2,2,1,1
202300026872,2023-09-07 22:00:00,2023,9,7,22,0,42,42218,Rue des Aciéries,45.45358855,4.39067216,Nuit avec éclairage allumé,En agglomération,Intersection en X,Normale,Deux véhicules - frontale,4,2,3,0,1,1,1,5,1,50,2,2,1,0,0,1,54.0,26.0,voiture,deux_roues,5,2,2,1,1
202300026873,2023-12-17 10:45:00,2023,12,17,10,45,22,22113,SULLY PRUD'HOMME (RUE),48.7422,-3.47378,Plein jour,En agglomération,Intersection en T,Normale,Deux véhicules - côté,4,2,2,0,1,1,1,0,1,50,2,3,2,0,0,1,43.0,64.0,voiture,deux_roues,1,2,3,1,3
202300026873,2023-12-17 10:45:00,2023,12,17,10,45,22,22113,SULLY PRUD'HOMME (RUE),48.7422,-3.47378,Plein jour,En agglomération,Intersection en T,Normale,Deux véhicules - côté,4,2,2,0,2,1,1,0,1,50,2,3,2,0,0,1,43.0,64.0,voiture,deux_roues,1,2,3,1,3
202300026874,2023-09-09 23:45:00,2023,9,9,23,45,42,42316,Rue Andre Chenier,45.40641,4.27241,Nuit avec éclairage allumé,Hors agglomération,Hors intersection,Normale,Autre collision,7,2,2,0,2,2,1,0,3,70,1,1,0,0,0,1,29.0,,voiture,,5,1,1,1,6
202300026875,2023-12-15 13:20:00,2023,12,15,13,20,22,22113,RESISTANCE (AVENUE DE LA),48.74869,-3.4609,Plein jour,En agglomération,Hors intersection,Normale,Autre collision,3,1,2,2,1,1,1,0,5,70,2,2,1,0,1,0,26.0,27.0,deux_roues,voiture,1,2,1,1,6
202300026876,2023-12-17 15:20:00,2023,12,17,15,20,13,13213,FRÉDÉRIC MISTRAL (AVENUE),43.32340101,5.44900727,Plein jour,En agglomération,Giratoire,Temps éblouissant,Deux véhicules - côté,4,1,2,0,1,1,1,9,8,50,2,4,2,0,0,2,38.0,30.0,voiture,deux_roues,1,2,6,7,3
202300026877,2023-09-09 20:55:00,2023,9,9,20,55,37,37261,MAGINOT (AV. ANDRE),47.41444,0.68751,Nuit avec éclairage allumé,En agglomération,Intersection en Y,Normale,Deux véhicules - côté,4,2,2,0,1,1,1,0,1,50,2,2,1,0,0,1,46.0,38.0,deux_roues,deux_roues,5,2,4,1,3
202300026877,2023-09-09 20:55:00,2023,9,9,20,55,37,37261,MAGINOT (AV. ANDRE),47.41444,0.68751,Nuit avec éclairage allumé,En agglomération,Intersection en Y,Normale,Deux véhicules - côté,4,2,5,0,1,1,1,0,1,50,2,2,1,0,0,1,46.0,38.0,deux_roues,deux_roues,5,2,4,1,3
202300026878,2023-12-17 11:43:00,2023,12,17,11,43,13,13205,SAKAKINI (BOULEVARD),43.29239338,5.40113747,Plein jour,En agglomération,Intersection en X,Normale,Deux véhicules - côté,4,2, -1,-1,1,1,1,5,1,-1,2,2,1,0,1,0,32.0,34.0,deux_roues,voiture,1,2,2,1,3
202300026878,2023-12-17 11:43:00,2023,12,17,11,43,13,13205,SAKAKINI (BOULEVARD),43.29239338,5.40113747,Plein jour,En agglomération,Intersection en X,Normale,Deux véhicules - côté,4,2,6,0,1,1,1,0,1,50,2,2,1,0,1,0,32.0,34.0,deux_roues,voiture,1,2,2,1,3