accident_id,datetime,annee,mois,jour,heure,minute,departement,commune_insee,adresse,latitude,longitude,luminosite,agglomeration,intersection,meteo,collision,catr,circ,nbv,vosp,prof,plan,surf,infra,situ,vma,nb_vehicules,nb_usagers,nb_indemnes,nb_tues,nb_blesses_hosp,nb_blesses_legers,age_cond_1,age_cond_2,veh_type_cond_1,veh_type_cond_2,lum_code,agg_code,int_code,atm_code,col_code
202300026879,2023-09-09 10:00:00,2023,9,9,10,0,37,37261,MAGINOT (AV. ANDRE),47.42907,0.7038,Plein jour,En agglomération,Hors intersection,Normale,Autre collision,6,-1, -1,0,1,3,1,0,8,50,1,2,1,0,0,1,47.0,,voiture,,1,2,1,1,6
202300026880,2023-12-16 18:10:00,2023,12,16,18,10,06,06088,VOIE RAPIDE,43.69354,7.244983,Nuit avec éclairage allumé,Hors agglomération,Hors intersection,Normale,Trois véhicules et plus - en chaîne,4,1,2,0,1,1,1,0,1,70,3,3,2,1,0,0,30.0,32.0,utilitaire_camion,utilitaire_camion,5,1,1,1,4
202300026881,2023-09-09 05:45:00,2023,9,9,5,45,35,35281,MERMOZ (BOULEVARD JEAN),48.09086,-1.70476,Nuit avec éclairage non allumé,En agglomération,Intersection en X,Normale,Deux véhicules - côté,4,2,#VALEURMULTI,1,1,1,1,5,1,50,2,2,1,0,1,0,53.0,54.0,deux_roues,voiture,4,2,2,1,3
202300026882,2023-12-16 09:30:00,2023,12,16,9,30,05,05023,159° RIA (AVENUE DU),44.89955,6.633217,Plein jour,En agglomération,Hors intersection,Normale,Autre collision,4,2,2,0,1,1,1,0,4,30,1,2,1,0,0,1,77.0,,voiture,,1,2,1,1,6
202300026883,2023-09-09 15:45:00,2023,9,9,15,45,35,35238,GRAFF (AVENUE GEORGES),48.08781114,-1.69145733,Plein jour,En agglomération,Hors intersection,Normale,Autre collision,4,1,1,1,2,1,1,0,1,30,1,2,1,0,0,1,41.0,,voiture,,1,2,1,1,6
202300026884,2023-12-15 09:20:00,2023,12,15,9,20,04,04112,MOULIN NEUF (AV.DU),43.82766,5.79801,Plein jour,Hors agglomération,Hors intersection,Normale,Autre collision,4,3,2,0,2,1,1,0,1,50,1,2,1,0,0,1,59.0,,voiture,,1,1,1,1,6
202300026885,2023-12-17 19:00:00,2023,12,17,19,0,01,01053,BROU ( BD N°68 A 182 PAIR),46.1974,5.23565,Nuit avec éclairage allumé,En agglomération,Intersection en T,Normale,Deux véhicules - arrière,4,2,2,0,1,1,1,5,1,50,2,3,1,0,0,2,38.0,35.0,voiture,voiture,5,2,3,1,2
202300026885,2023-12-17 19:00:00,2023,12,17,19,0,01,01053,BROU ( BD N°68 A 182 PAIR),46.1974,5.23565,Nuit avec éclairage allumé,En agglomération,Intersection en T,Normale,Deux véhicules - arrière,4,1,1,0,1,1,1,5,1,50,2,3,1,0,0,2,38.0,35.0,voiture,voiture,5,2,3,1,2
202300026886,2023-09-09 23:10:00,2023,9,9,23,10,33,33063,Quai Deschamps,44.83406,-0.55106,Nuit avec éclairage allumé,En agglomération,Hors intersection,Normale,Deux véhicules - frontale,4,3,2,0,1,1,1,8,1,50,2,4,1,0,2,1,37.0,44.0,voiture,voiture,5,2,1,1,1
202300026887,2023-12-16 20:20:00,2023,12,16,20,20,75,75117,BD PERIPHERIQUE INTERIEUR,48.884578,2.286301,Nuit avec éclairage allumé,En agglomération,Hors intersection,Normale,Deux véhicules - côté,4,1,4,0,1,1,1,0,1,70,2,3,1,0,0,2,59.0,41.0,deux_roues,voiture,5,2,1,1,3
202300026888,2023-12-16 17:40:00,2023,12,16,17,40,75,75115,BD PERIPHERIQUE EXTERIEUR,48.834256,2.275894,Nuit avec éclairage allumé,En agglomération,Hors intersection,Normale,Deux véhicules - arrière,4,1,3,0,1,1,1,0,1,70,2,2,1,0,0,1,32.0,29.0,voiture,deux_roues,5,2,1,1,2
202300026889,2023-09-09 03:00:00,2023,9,9,3,0,33,33039,Rue du Maréchal Foch,44.81128,-0.54913,Nuit sans éclairage public,Hors agglomération,Intersection en X,Normale,Deux véhicules - côté,4,2,2,0,1,1,1,0,1,50,2,3,2,0,1,0,21.0,53.0,deux_roues,voiture,3,1,2,1,3
202300026889,2023-09-09 03:00:00,2023,9,9,3,0,33,33039,Rue du Maréchal Foch,44.81128,-0.54913,Nuit sans éclairage public,Hors agglomération,Intersection en X,Normale,Deux véhicules - côté,4,2,2,0,2,1,1,0,1,50,2,3,2,0,1,0,21.0,53.0,deux_roues,voiture,3,1,2,1,3
202300026890,2023-12-17 09:00:00,2023,12,17,9,0,75,75119,BOULEVARD DE LA VILLETTE,48.878432,2.370434,Plein jour,En agglomération,Place,Normale,Autre collision,4,1,3,1,2,1,1,0,5,30,1,2,1,0,0,1,,,deux_roues,,1,2,7,1,6
202300026890,2023-12-17 09:00:00,2023,12,17,9,0,75,75119,BOULEVARD DE LA VILLETTE,48.878432,2.370434,Plein jour,En agglomération,Place,Normale,Autre collision,4,1, -1,-1,1,1,1,0,5,-1,1,2,1,0,0,1,,,deux_roues,,1,2,7,1,6
202300026891,2023-09-09 01:30:00,2023,9,9,1,30,33,33192,Cours du Général de Gaulle,44.77847,-0.60976,Nuit avec éclairage allumé,En agglomération,Intersection en X,Normale,Deux véhicules - côté,4,2,2,0,1,1,1,5,1,50,2,2,1,0,1,0,17.0,20.0,deux_roues,voiture,5,2,2,1,3
202300026891,2023-09-09 01:30:00,2023,9,9,1,30,33,33192,Cours du Général de Gaulle,44.77847,-0.60976,Nuit avec éclairage allumé,En agglomération,Intersection en X,Normale,Deux véhicules - côté,4,2,2,0,1,1,1,5,1,50,2,2,1,0,1,0,17.0,20.0,deux_roues,voiture,5,2,2,1,3
202300026892,2023-12-17 14:20:00,2023,12,17,14,20,75,75117,AVENUE DE CLICHY,48.888289,2.324165,Plein jour,En agglomération,Intersection en T,Normale,Deux véhicules - côté,4,2,3,0,1,1,1,0,1,30,2,2,1,0,0,1,36.0,22.0,utilitaire_camion,deux_roues,1,2,3,1,3
202300026892,2023-12-17 14:20:00,2023,12,17,14,20,75,75117,AVENUE DE CLICHY,48.888289,2.324165,Plein jour,En agglomération,Intersection en T,Normale,Deux véhicules - côté,4,1, -1,-1,1,1,1,0,1,-1,2,2,1,0,0,1,36.0,22.0,utilitaire_camion,deux_roues,1,2,3,1,3
202300026893,2023-12-16 23:37:00,2023,12,16,23,37,75,75116,ALLEE DE LONGCHAMP,48.875788,2.273462,Nuit avec éclairage allumé,En agglomération,Hors intersection,Normale,Deux véhicules - arrière,4,2, -1,0,1,1,1,0,1,50,2,2,1,0,0,1,32.0,49.0,deux_roues,voiture,5,2,1,1,2
202300026894,2023-12-16 07:50:00,2023,12,16,7,50,75,75116,VOIE GEORGES POMPIDOU,48.859918,2.290449,Plein jour,En agglomération,Hors intersection,Normale,Sans collision,4,2,4,0,2,1,1,1,1,50,1,1,0,0,0,1,24.0,,deux_roues,,1,2,1,1,7
202300026895,2023-09-09 21:30:00,2023,9,9,21,30,30,30007,Avenue de Croupillac,44.13807,4.10428,Nuit avec éclairage allumé,En agglomération,Hors intersection,Normale,Deux véhicules - frontale,3,2,2,0,1,1,1,0,1,50,2,2,1,0,0,1,28.0,38.0,utilitaire_camion,voiture,5,2,1,1,1
202300026896,2023-12-16 05:05:00,2023,12,16,5,5,75,75114,AVENUE DENFERT ROCHEREAU,48.83529,2.33277,Nuit avec éclairage allumé,En agglomération,Autre intersection,Normale,Autre collision,4,2,2,0,1,1,1,0,1,30,1,2,0,0,0,2,24.0,,deux_roues,,5,2,9,1,6
202300026897,2023-12-17 15:30:00,2023,12,17,15,30,75,75112,ROUTE DE LA PYRAMIDE,48.834049,2.444865,Plein jour,En agglomération,Intersection en X,Normale,Deux véhicules - côté,4,1, -1,-1,1,1,1,0,1,-1,2,2,1,0,0,1,41.0,28.0,voiture,deux_roues,1,2,2,1,3
202300026897,2023-12-17 15:30:00,2023,12,17,15,30,75,75112,ROUTE DE LA PYRAMIDE,48.834049,2.444865,Plein jour,En agglomération,Intersection en X,Normale,Deux véhicules - côté,4,2,2,0,1,1,1,0,1,30,2,2,1,0,0,1,41.0,28.0,voiture,deux_roues,1,2,2,1,3
202300026898,2023-09-09 11:50:00,2023,9,9,11,50,29,29019,avenue de Tarente,48.405972,-4.511748,Plein jour,En agglomération,Intersection en X,Normale,Autre collision,4,2,2,0,1,1,1,0,1,50,1,2,1,0,1,0,29.0,,utilitaire_camion,,1,2,2,1,6
202300026898,2023-09-09 11:50:00,2023,9,9,11,50,29,29019,avenue de Tarente,48.405972,-4.511748,Plein jour,En agglomération,Intersection en X,Normale,Autre collision,4,3,4,3,1,1,1,0,1,50,1,2,1,0,1,0,29.0,,utilitaire_camion,,1,2,2,1,6
202300026899,2023-12-17 07:25:00,2023,12,17,7,25,75,75109,RUE LAFFITTE,48.87193,2.337283,Crépuscule ou aube,En agglomération,Hors intersection,Normale,Autre collision,4,1,0,0,1,1,1,0,1,50,1,2,0,0,1,1,35.0,,deux_roues,,2,2,1,1,6
202300026900,2023-09-09 08:15:00,2023,9,9,8,15,26,26362,Rue d'Asti,44.92969,4.92388,Plein jour,En agglomération,Hors intersection,Normale,Autre collision,4,2,2,0,1,1,1,0,1,50,1,2,1,0,1,0,36.0,,voiture,,1,2,1,1,6
202300026901,2023-12-16 14:32:00,2023,12,16,14,32,75,75109,RUE DE LA CHAUSSEE D ANTIN,48.872925,2.33324,Plein jour,En agglomération,Intersection à plus de 4 branches,Normale,Autre collision,4,1, -1,-1,1,1,1,0,1,30,1,2,1,0,1,0,52.0,,voiture,,1,2,5,1,6
202300026901,2023-12-16 14:32:00,2023,12,16,14,32,75,75109,RUE DE LA CHAUSSEE D ANTIN,48.872925,2.33324,Plein jour,En agglomération,Intersection à plus de 4 branches,Normale,Autre collision,4,1,1,0,1,1,1,9,1,30,1,2,1,0,1,0,52.0,,voiture,,1,2,5,1,6
202300026902,2023-12-17 16:55:00,2023,12,17,16,55,75,75101,RUE DE RIVOLI,48.859493,2.345196,Crépuscule ou aube,En agglomération,Intersection en X,Normale,Sans collision,4,1,1,0,1,1,1,0,5,30,1,1,0,0,0,1,18.0,,deux_roues,,2,2,2,1,7
202300026902,2023-12-17 16:55:00,2023,12,17,16,55,75,75101,RUE DE RIVOLI,48.859493,2.345196,Crépuscule ou aube,En agglomération,Intersection en X,Normale,Sans collision,4,1,3,1,1,1,1,0,5,30,1,1,0,0,0,1,18.0,,deux_roues,,2,2,2,1,7
202300026903,2023-12-17 04:30:00,2023,12,17,4,30,94,94078,Rue de Paris,48.736002,2.446668,Nuit avec éclairage allumé,En agglomération,Hors intersection,Brouillard / fumée,Deux véhicules - frontale,2,1,4,0,1,1,1,0,1,50,2,2,0,0,0,2,59.0,21.0,voiture,voiture,5,2,1,5,1
202300026904,2023-09-09 06:00:00,2023,9,9,6,0,26,26198,Route du Teil,44.55374496,4.71121317,Crépuscule ou aube,Hors agglomération,Hors intersection,Normale,Deux véhicules - arrière,2,2,2,0,1,1,1,0,1,70,2,4,2,0,0,2,22.0,49.0,voiture,voiture,2,1,1,1,2
202300026905,2023-12-17 15:10:00,2023,12,17,15,10,94,94043,Rue Paul Lafargue,48.808092,2.357161,Plein jour,En agglomération,Intersection en X,Normale,Deux véhicules - côté,4,1,2,0,2,1,1,0,1,50,2,3,1,0,0,2,61.0,24.0,voiture,deux_roues,1,2,2,1,3
202300026905,2023-12-17 15:10:00,2023,12,17,15,10,94,94043,Rue Paul Lafargue,48.808092,2.357161,Plein jour,En agglomération,Intersection en X,Normale,Deux véhicules - côté,4,2,2,1,1,1,1,0,1,50,2,3,1,0,0,2,61.0,24.0,voiture,deux_roues,1,2,2,1,3
202300026906,2023-09-05 18:20:00,2023,9,5,18,20,19,19272,Rigny (Quai),45.26388698,1.762155,Plein jour,En agglomération,Hors intersection,Normale,Autre collision,3,1,1,0,1,1,1,0,1,30,1,2,0,0,0,2,59.0,,voiture,,1,2,1,1,6
202300026907,2023-12-17 18:30:00,2023,12,17,18,30,94,94043,Rue Edmond Michelet,48.81089,2.36403,Nuit avec éclairage allumé,En agglomération,Hors intersection,Normale,Deux véhicules - côté,3,1,2,0,1,3,1,1,3,30,2,2,1,0,0,1,53.0,64.0,deux_roues,voiture,5,2,1,1,3
202300026908,2023-09-09 21:10:00,2023,9,9,21,10,18,18033,88 Rue Louis Mallet,47.080013,2.380918,Nuit avec éclairage allumé,En agglomération,Hors intersection,Normale,Deux véhicules - arrière,4,2,0,0,1,1,1,0,1,50,2,2,0,0,0,2,15.0,15.0,deux_roues,deux_roues,5,2,1,1,2
202300026909,2023-12-17 13:30:00,2023,12,17,13,30,93,93079,Route de Saint-leu / Rue Ambroise Rendu,48.951024,2.3397909,Plein jour,En agglomération,Intersection en T,Normale,Autre collision,3,1,1,0,1,1,1,0,1,-1,1,2,1,0,1,0,24.0,,deux_roues,,1,2,3,1,6
202300026909,2023-12-17 13:30:00,2023,12,17,13,30,93,93079,Route de Saint-leu / Rue Ambroise Rendu,48.951024,2.3397909,Plein jour,En agglomération,Intersection en T,Normale,Autre collision,3,2,2,2,1,1,1,0,1,50,1,2,1,0,1,0,24.0,,deux_roues,,1,2,3,1,6
202300026910,2023-12-17 15:45:00,2023,12,17,15,45,93,93008,Avenue Jean Jaures / Rue de Normandie,48.909354,2.437761,Plein jour,En agglomération,Intersection en X,Normale,Deux véhicules - frontale,4,3,2,3,1,1,1,9,1,50,2,2,1,0,1,0,20.0,35.0,voiture,deux_roues,1,2,2,1,1
202300026910,2023-12-17 15:45:00,2023,12,17,15,45,93,93008,Avenue Jean Jaures / Rue de Normandie,48.909354,2.437761,Plein jour,En agglomération,Intersection en X,Normale,Deux véhicules - frontale,4,2,2,0,1,1,1,9,1,50,2,2,1,0,1,0,20.0,35.0,voiture,deux_roues,1,2,2,1,1
202300026911,2023-09-09 10:30:00,2023,9,9,10,30,14,14137,27 Avenue Charles de Gaulle,49.187872,-0.441769,Plein jour,En agglomération,Hors intersection,Normale,Deux véhicules - côté,3,2,2,0,1,1,1,0,1,50,2,2,1,0,1,0,52.0,18.0,voiture,voiture,1,2,1,1,3
202300026912,2023-12-17 18:20:00,2023,12,17,18,20,92,92075,JEAN BLEUZEN,48.82329,2.29637,Nuit avec éclairage allumé,En agglomération,Autre intersection,Normale,Sans collision,3,3,3,0,1,1,1,0,1,50,1,1,0,0,0,1,39.0,,deux_roues,,5,2,9,1,7
202300026913,2023-09-10 00:20:00,2023,9,10,0,20,13,13203,BERNARD CADENAT (PLACE),43.3119,5.38724,Nuit avec éclairage allumé,En agglomération,Hors intersection,Normale,Deux véhicules - frontale,4,2,2,0,2,2,1,0,1,50,1,2,0,0,2,0,18.0,,voiture,,5,2,1,1,1
202300026914,2023-12-17 04:45:00,2023,12,17,4,45,92,92063,DIX-HUIT JUIN 1940 (AVENUE DU) EST,48.86791,2.19423,Nuit avec éclairage allumé,En agglomération,Hors intersection,Normale,Autre collision,3,2,2,0,1,1,1,0,1,50,1,3,0,0,0,3,23.0,,voiture,,5,2,1,1,6
202300026915,2023-09-08 16:00:00,2023,9,8,16,0,11,11069,,43.21781,2.38226,Plein jour,Hors agglomération,Hors intersection,Normale,Deux véhicules - arrière,3,2,2,0,1,1,1,0,1,80,2,3,2,0,0,1,73.0,36.0,voiture,voiture,1,1,1,1,2
202300026916,2023-12-17 20:15:00,2023,12,17,20,15,92,92050,CLEMENCEAU GEORGES AVENUE N°IMPAIR,48.8859122,2.2165896,Nuit sans éclairage public,En agglomération,Autre intersection,Normale,Deux véhicules - côté,3,1,5,0,1,1,1,0,1,50,2,3,2,0,0,1,21.0,25.0,voiture,deux_roues,3,2,9,1,3
202300026917,2023-09-09 18:25:00,2023,9,9,18,25,10,10387,GOURNAY (RUE DE),48.298846,4.090525,Plein jour,En agglomération,Hors intersection,Normale,Sans collision,4,2,2,0,1,1,1,0,1,50,1,1,0,0,1,0,23.0,,deux_roues,,1,2,1,1,7
202300026918,2023-12-17 14:50:00,2023,12,17,14,50,92,92026,BAUDIN,48.89627,2.25192,Plein jour,En agglomération,Hors intersection,Normale,Deux véhicules - côté,3,2,2,0,1,1,1,0,1,50,2,2,1,0,0,1,24.0,21.0,deux_roues,utilitaire_camion,1,2,1,1,3
202300026919,2023-09-09 19:10:00,2023,9,9,19,10,07,07281,GROSS-UMSTADT (AVENUE DE),44.94366,4.85801,Plein jour,En agglomération,Giratoire,Normale,Deux véhicules - côté,4,1,2,0,1,2,1,0,1,50,2,2,1,0,0,1,45.0,22.0,voiture,deux_roues,1,2,6,1,3
202300026919,2023-09-09 19:10:00,2023,9,9,19,10,07,07281,GROSS-UMSTADT (AVENUE DE),44.94366,4.85801,Plein jour,En agglomération,Giratoire,Normale,Deux véhicules - côté,4,1,2,0,1,2,1,0,1,50,2,2,1,0,0,1,45.0,22.0,voiture,deux_roues,1,2,6,1,3
202300026920,2023-12-17 19:10:00,2023,12,17,19,10,92,92023,CHAMPAGNE (RUE),48.78451732,2.24495552,Nuit avec éclairage allumé,En agglomération,Intersection en T,Brouillard / fumée,Autre collision,4,2,2,0,1,1,1,0,1,30,1,3,1,0,0,2,50.0,,voiture,,5,2,3,5,6
202300026920,2023-12-17 19:10:00,2023,12,17,19,10,92,92023,CHAMPAGNE (RUE),48.78451732,2.24495552,Nuit avec éclairage allumé,En agglomération,Intersection en T,Brouillard / fumée,Autre collision,4,1,1,0,1,1,1,0,1,30,1,3,1,0,0,2,50.0,,voiture,,5,2,3,5,6
202300026921,2023-12-16 22:40:00,2023,12,16,22,40,92,92019,JAURES JEAN (RUE),48.77009352,2.27301925,Nuit avec éclairage allumé,En agglomération,Hors intersection,Normale,Autre collision,4,2,1,0,1,1,1,0,1,50,1,1,0,0,0,1,22.0,,voiture,,5,2,1,1,6
202300026922,2023-12-18 18:11:00,2023,12,18,18,11,24,24401,D5,45.255072,1.032801,Nuit sans éclairage public,Hors agglomération,Hors intersection,Normale,Deux véhicules - frontale,3,2,2,0,1,2,1,0,1,80,2,2,0,0,0,2,18.0,42.0,voiture,voiture,3,1,1,1,1
202300026923,2023-12-17 18:35:00,2023,12,17,18,35,35,35136,Boulevard Cahours,47.960562,-1.496267,Nuit avec éclairage allumé,En agglomération,Giratoire,Normale,Autre collision,4,2,2,0,1,1,1,0,1,30,1,2,1,0,0,1,23.0,,voiture,,5,2,6,1,6
202300026924,2023-09-09 20:24:00,2023,9,9,20,24,06,06088,CARLONE (BD),43.69365,7.23892,Nuit avec éclairage allumé,En agglomération,Hors intersection,Normale,Autre collision,4,2,2,3,2,2,1,9,1,50,1,4,3,0,1,0,19.0,,voiture,,5,2,1,1,6
202300026925,2023-12-17 16:45:00,2023,12,17,16,45,11,11172,d610,43.265144,2.712883,Plein jour,Hors agglomération,Hors intersection,Normale,Deux véhicules - frontale,3,2,2,0,1,3,1,0,1,80,2,3,2,0,1,0,72.0,25.0,voiture,voiture,1,1,1,1,1
202300026926,2023-12-17 16:15:00,2023,12,17,16,15,35,35033,RN 137,47.929213,-1.673666,Plein jour,Hors agglomération,Hors intersection,Brouillard / fumée,Deux véhicules - côté,2,3,4,0,2,3,2,0,1,110,2,3,1,0,2,0,28.0,61.0,utilitaire_camion,voiture,1,1,1,5,3
202300026927,2023-12-17 22:50:00,2023,12,17,22,50,19,19276,"Autoroute A20 PK 242+200, sens PROVINCE-PARIS",45.405024,1.55880549,Nuit sans éclairage public,Hors agglomération,Hors intersection,Normale,Autre collision,1,3,2,0,2,2,1,0,1,130,1,1,0,1,0,0,57.0,,utilitaire_camion,,3,1,1,1,6
202300026928,2023-12-15 00:00:00,2023,12,15,0,0,51,51078,D21,49.090302,4.35256,Nuit avec éclairage allumé,En agglomération,Hors intersection,Normale,Autre collision,3,2,2,0,2,3,1,0,3,50,1,1,0,1,0,0,29.0,,voiture,,5,2,1,1,6
202300026929,2023-12-18 11:45:00,2023,12,18,11,45,58,58215,A77 PK113+650,47.303061,2.948917,Plein jour,Hors agglomération,Hors intersection,Brouillard / fumée,Deux véhicules - arrière,1,3,4,0,3,1,1,3,2,130,2,2,1,1,0,0,81.0,22.0,voiture,utilitaire_camion,1,1,1,5,2
202300026930,2023-12-18 17:05:00,2023,12,18,17,5,66,66050,pk 28 D1,42.748592,2.948037,Plein jour,Hors agglomération,Hors intersection,Normale,Sans collision,3,2,2,0,1,2,1,0,3,80,1,1,0,0,1,0,20.0,,utilitaire_camion,,1,1,1,1,7
202300026931,2023-12-18 13:20:00,2023,12,18,13,20,37,37166,Autoroute A10 pk 184+000,47.520628,0.921392,Plein jour,Hors agglomération,Hors intersection,Normale,Deux véhicules - arrière,1,3,3,0,2,1,1,0,1,130,2,3,1,0,0,2,74.0,40.0,voiture,utilitaire_camion,1,1,1,1,2
202300026932,2023-12-17 10:00:00,2023,12,17,10,0,56,56179,Rue General Langle de Cary,47.836392,-3.394711,Plein jour,En agglomération,Hors intersection,Normale,Sans collision,3,2,2,0,2,3,7,0,1,50,1,1,0,0,1,0,46.0,,deux_roues,,1,2,1,1,7
202300026933,2023-12-15 16:50:00,2023,12,15,16,50,56,56094,19 Rue de Kerlann,47.771039,-3.237748,Crépuscule ou aube,En agglomération,Hors intersection,Normale,Sans collision,4,2,2,0,1,1,1,0,1,50,1,1,0,1,0,0,85.0,,voiture,,2,2,1,1,7
202300026934,2023-12-18 08:40:00,2023,12,18,8,40,80,80024,D1001,49.93976,2.235281,Plein jour,Hors agglomération,Hors intersection,Normale,Trois véhicules et plus - collisions multiples,3,2,2,0,1,1,1,0,1,80,3,4,1,0,3,0,34.0,46.0,voiture,voiture,1,1,1,1,5
202300026935,2023-12-17 17:20:00,2023,12,17,17,20,34,34338,d908,43.611083,3.390527,Crépuscule ou aube,Hors agglomération,Hors intersection,Normale,Deux véhicules - frontale,3,2,2,0,2,4,1,0,1,70,2,2,1,0,0,1,41.0,46.0,voiture,voiture,2,1,1,1,1
202300026936,2023-12-17 19:10:00,2023,12,17,19,10,25,25147,D67,47.223665,5.912117,Nuit sans éclairage public,Hors agglomération,Hors intersection,Normale,Deux véhicules - frontale,3,2,2,0,1,1,1,0,1,90,2,4,0,0,3,1,60.0,19.0,voiture,voiture,3,1,1,1,1
202300026937,2023-12-18 09:40:00,2023,12,18,9,40,81,81220,D12,43.837297,1.681638,Plein jour,Hors agglomération,Hors intersection,Normale,Autre collision,3,2,2,0,2,1,1,0,3,80,1,1,0,0,0,1,22.0,,voiture,,1,1,1,1,6
202300026938,2023-08-10 12:06:00,2023,8,10,12,6,01,01138,D992,45.863962,5.799633,Plein jour,Hors agglomération,Intersection en Y,Normale,Deux véhicules - frontale,3,2,2,0,1,4,1,0,1,80,2,2,1,0,0,1,62.0,38.0,voiture,deux_roues,1,1,4,1,1
202300026938,2023-08-10 12:06:00,2023,8,10,12,6,01,01138,D992,45.863962,5.799633,Plein jour,Hors agglomération,Intersection en Y,Normale,Deux véhicules - frontale,3,2,2,0,1,2,1,0,1,80,2,2,1,0,0,1,62.0,38.0,voiture,deux_roues,1,1,4,1,1
202300026939,2023-12-14 12:00:00,2023,12,14,12,0,70,70116,25 Rue de Châlonvillars,47.617395,6.745566,Plein jour,En agglomération,Hors intersection,Normale,Deux véhicules - arrière,3,2,2,0,4,1,1,0,1,50,2,2,1,0,0,1,45.0,70.0,voiture,voiture,1,2,1,1,2
202300026940,2023-12-17 20:45:00,2023,12,17,20,45,26,26148,D51,45.254441,5.023968,Nuit avec éclairage allumé,En agglomération,Giratoire,Normale,Sans collision,3,2,1,0,1,1,1,0,1,30,1,1,0,0,1,0,32.0,,deux_roues,,5,2,6,1,7
202300026941,2023-12-18 09:15:00,2023,12,18,9,15,58,58240,Départementale 38,47.128276,3.479308,Plein jour,Hors agglomération,Hors intersection,Normale,Deux véhicules - côté,3,2,2,0,2,1,7,0,1,80,2,2,1,0,1,0,41.0,75.0,voiture,voiture,1,1,1,1,3
202300026942,2023-12-17 10:25:00,2023,12,17,10,25,14,14326,Route de Cormeilles,49.168587,0.28889,Plein jour,Hors agglomération,Hors intersection,Normale,Autre collision,3,2,2,0,2,4,1,0,3,80,1,1,0,0,0,1,22.0,,voiture,,1,1,1,1,6
202300026943,2023-12-16 02:00:00,2023,12,16,2,0,45,45061,D740 PR 1 + 636,48.045689,2.753848,Nuit avec éclairage non allumé,En agglomération,Intersection en T,Brouillard / fumée,Deux véhicules - côté,3,2,2,0,2,3,2,0,1,50,2,2,0,0,2,0,34.0,22.0,voiture,voiture,4,2,3,5,3
202300026943,2023-12-16 02:00:00,2023,12,16,2,0,45,45061,D740 PR 1 + 636,48.045689,2.753848,Nuit avec éclairage non allumé,En agglomération,Intersection en T,Brouillard / fumée,Deux véhicules - côté,3,2,2,0,2,1,2,0,8,80,2,2,0,0,2,0,34.0,22.0,voiture,voiture,4,2,3,5,3
202300026944,2023-12-18 18:10:00,2023,12,18,18,10,53,53062,bel air - CD 22,47.838913,-0.769665,Nuit sans éclairage public,Hors agglomération,Intersection en X,Normale,Deux véhicules - côté,3,2,2,0,1,1,1,0,1,90,2,2,0,0,2,0,58.0,25.0,voiture,voiture,3,1,2,1,3
202300026944,2023-12-18 18:10:00,2023,12,18,18,10,53,53062,bel air - CD 22,47.838913,-0.769665,Nuit sans éclairage public,Hors agglomération,Intersection en X,Normale,Deux véhicules - côté,3,2,2,0,1,1,1,0,1,90,2,2,0,0,2,0,58.0,25.0,voiture,voiture,3,1,2,1,3
202300026945,2023-12-17 21:45:00,2023,12,17,21,45,53,53108,La Maison Neuve,48.074351,-1.019969,Nuit sans éclairage public,Hors agglomération,Hors intersection,Brouillard / fumée,Autre collision,3,2,2,0,2,3,1,0,1,70,1,2,1,0,0,1,61.0,,voiture,,3,1,1,5,6
202300026946,2023-12-15 06:50:00,2023,12,15,6,50,40,40230,D27,43.820099,-1.000357,Nuit sans éclairage public,Hors agglomération,Hors intersection,Brouillard / fumée,Sans collision,3,3,2,0,1,1,2,0,1,80,1,1,0,0,1,0,30.0,,deux_roues,,3,1,1,5,7
202300026947,2023-12-18 16:20:00,2023,12,18,16,20,24,24007,Route de la Rivière,45.273376,0.316222,Plein jour,Hors agglomération,Hors intersection,Normale,Autre collision,3,2,2,0,1,1,1,0,3,80,1,1,0,0,1,0,31.0,,voiture,,1,1,1,1,6
202300026948,2023-11-10 19:00:00,2023,11,10,19,0,85,85081,départementale 100 la vergne,46.73708,-1.398031,Nuit sans éclairage public,Hors agglomération,Hors intersection,Pluie légère,Deux véhicules - arrière,3,2,2,0,1,1,2,0,1,80,2,2,1,0,0,1,28.0,44.0,deux_roues,voiture,3,1,1,2,2
202300026949,2023-12-17 18:18:00,2023,12,17,18,18,27,27284,11 Rue Saint-Gervais,49.279037,1.775658,Nuit avec éclairage allumé,En agglomération,Autre intersection,Temps couvert,Autre collision,6,-1,0,0,2,1,1,0,4,30,1,1,0,1,0,0,88.0,,voiture,,5,2,9,8,6
202300026950,2023-12-13 18:00:00,2023,12,13,18,0,27,27284,10 Rue de la Libération,49.276016,1.77905,Nuit avec éclairage allumé,En agglomération,Intersection en T,Pluie légère,Autre collision,4,2,2,0,1,3,2,0,1,50,1,2,1,0,0,1,39.0,,voiture,,5,2,3,2,6
202300026950,2023-12-13 18:00:00,2023,12,13,18,0,27,27284,10 Rue de la Libération,49.276016,1.77905,Nuit avec éclairage allumé,En agglomération,Intersection en T,Pluie légère,Autre collision,4,2,2,-1,1,1,2,0,1,50,1,2,1,0,0,1,39.0,,voiture,,5,2,3,2,6