accident_id,datetime,annee,mois,jour,heure,minute,departement,commune_insee,adresse,latitude,longitude,luminosite,agglomeration,intersection,meteo,collision,catr,circ,nbv,vosp,prof,plan,surf,infra,situ,vma,nb_vehicules,nb_usagers,nb_indemnes,nb_tues,nb_blesses_hosp,nb_blesses_legers,age_cond_1,age_cond_2,veh_type_cond_1,veh_type_cond_2,lum_code,agg_code,int_code,atm_code,col_code
202300027034,2023-06-18 11:10:00,2023,6,18,11,10,974,97411,TAMARINS (CHEMIN DES),-20.88584,55.41227,Plein jour,En agglomération,Hors intersection,Normale,Autre collision,4,2,2,0,1,1,1,0,1,30,1,2,1,0,0,1,61.0,,voiture,,1,2,1,1,6
202300027035,2023-06-15 10:30:00,2023,6,15,10,30,974,97411,JAURES (BOULEVARD JEAN),-20.9006,55.4871,Plein jour,En agglomération,Giratoire,Temps couvert,Deux véhicules - côté,2,2,2,0,2,1,1,0,1,50,2,2,1,0,0,1,22.0,66.0,deux_roues,utilitaire_camion,1,2,6,8,3
202300027035,2023-06-15 10:30:00,2023,6,15,10,30,974,97411,JAURES (BOULEVARD JEAN),-20.9006,55.4871,Plein jour,En agglomération,Giratoire,Temps couvert,Deux véhicules - côté,2,3,4,1,1,4,1,0,1,70,2,2,1,0,0,1,22.0,66.0,deux_roues,utilitaire_camion,1,2,6,8,3
202300027036,2023-06-28 20:00:00,2023,6,28,20,0,69,69386,Quai Charles de Gaulle,45.78582,4.85491,Crépuscule ou aube,En agglomération,Hors intersection,Normale,Deux véhicules - côté,4,2,6,0,1,3,1,0,1,50,2,2,1,0,0,1,32.0,15.0,deux_roues,voiture,2,2,1,1,3
202300027037,2023-06-28 12:00:00,2023,6,28,12,0,69,69387,Rue Antonin Perrin,45.73173651,4.82321754,Plein jour,En agglomération,Passage à niveau,Normale,Autre collision,4,1,1,3,1,1,1,4,6,50,1,2,1,0,0,1,41.0,,transport_commun,,1,2,8,1,6
202300027038,2023-06-27 09:25:00,2023,6,27,9,25,972,97213,ACAJOU PROLONGEE,14.63416,-61.00132,Plein jour,Hors agglomération,Hors intersection,Pluie légère,Deux véhicules - arrière,9,2,2,0,2,1,2,0,8,50,2,2,1,0,0,1,35.0,35.0,voiture,voiture,1,1,1,2,2
202300027039,2023-06-28 08:10:00,2023,6,28,8,10,972,97209,VENELLE (IMPASSE DE LA),14.63916,-61.05551,Plein jour,En agglomération,Hors intersection,Normale,Deux véhicules - arrière,4,2,1,0,1,1,1,0,1,50,2,2,1,0,0,1,49.0,47.0,voiture,voiture,1,2,1,1,2
202300027040,2023-06-28 03:08:00,2023,6,28,3,8,69,69387,Avenue Berthelot,45.7452,4.84183,Nuit sans éclairage public,En agglomération,Intersection en X,Normale,Deux véhicules - côté,4,1,3,3,1,1,1,0,1,30,2,4,0,0,0,4,32.0,26.0,deux_roues,voiture,3,2,2,1,3
202300027040,2023-06-28 03:08:00,2023,6,28,3,8,69,69387,Avenue Berthelot,45.7452,4.84183,Nuit sans éclairage public,En agglomération,Intersection en X,Normale,Deux véhicules - côté,4,2,4,2,1,1,1,0,1,30,2,4,0,0,0,4,32.0,26.0,deux_roues,voiture,3,2,2,1,3
202300027041,2023-06-28 09:22:00,2023,6,28,9,22,2B,2B033,ST FLORENT-ANCIENNE RT DE,42.68699,9.42956,Plein jour,Hors agglomération,Autre intersection,Normale,Deux véhicules - arrière,3,2,2,0,2,3,1,9,1,90,2,2,1,0,0,1,59.0,30.0,deux_roues,utilitaire_camion,1,1,9,1,2
202300027042,2023-06-22 05:50:00,2023,6,22,5,50,95,95268,D84B,48.9746,2.4164,Crépuscule ou aube,En agglomération,Giratoire,Pluie légère,Deux véhicules - côté,3,1,1,0,2,2,2,0,1,50,2,2,1,0,0,1,53.0,23.0,voiture,voiture,2,2,6,2,3
202300027042,2023-06-22 05:50:00,2023,6,22,5,50,95,95268,D84B,48.9746,2.4164,Crépuscule ou aube,En agglomération,Giratoire,Pluie légère,Deux véhicules - côté,3,1,2,0,1,1,2,0,1,-1,2,2,1,0,0,1,53.0,23.0,voiture,voiture,2,2,6,2,3
202300027043,2023-06-26 16:45:00,2023,6,26,16,45,95,95476,PUISEUX (RUE DE),49.05870236,2.04829484,Plein jour,En agglomération,Hors intersection,Normale,Autre collision,4,2,1,0,1,1,1,0,1,20,1,2,1,1,0,0,,,deux_roues,,1,2,1,1,6
202300027044,2023-06-27 20:35:00,2023,6,27,20,35,91,91687,AMEDEE GORDINI (PLACE),48.66131,2.37529,Plein jour,En agglomération,Giratoire,Normale,Deux véhicules - côté,4,1,2,0,1,2,1,0,1,50,2,5,4,0,0,1,28.0,19.0,voiture,voiture,1,2,6,1,3
202300027044,2023-06-27 20:35:00,2023,6,27,20,35,91,91687,AMEDEE GORDINI (PLACE),48.66131,2.37529,Plein jour,En agglomération,Giratoire,Normale,Deux véhicules - côté,4,1,1,0,1,1,1,0,1,50,2,5,4,0,0,1,28.0,19.0,voiture,voiture,1,2,6,1,3
202300027045,2023-06-28 02:55:00,2023,6,28,2,55,87,87050,RD947,45.89789,1.22838,Nuit avec éclairage non allumé,Hors agglomération,Intersection en T,Normale,Deux véhicules - côté,3,2,2,0,1,1,1,0,1,50,2,2,1,0,1,0,57.0,52.0,deux_roues,voiture,4,1,3,1,3
202300027045,2023-06-28 02:55:00,2023,6,28,2,55,87,87050,RD947,45.89789,1.22838,Nuit avec éclairage non allumé,Hors agglomération,Intersection en T,Normale,Deux véhicules - côté,3,2,2,0,1,1,1,0,1,70,2,2,1,0,1,0,57.0,52.0,deux_roues,voiture,4,1,3,1,3
202300027046,2023-06-26 14:04:00,2023,6,26,14,4,87,87085,Georges GUINGOUIN(rue),45.89945,1.29555,Plein jour,En agglomération,Hors intersection,Normale,Trois véhicules et plus - en chaîne,3,2,2,0,1,1,1,0,1,50,4,5,4,0,0,1,53.0,47.0,voiture,voiture,1,2,1,1,4
202300027047,2023-05-24 15:06:00,2023,5,24,15,6,84,84031,MONT VENTOUX AVENUE DU,44.05564,5.05184,Plein jour,En agglomération,Intersection en T,Normale,Autre collision,3,1,2,0,1,3,1,0,1,50,1,2,1,0,0,1,42.0,,voiture,,1,2,3,1,6
202300027047,2023-05-24 15:06:00,2023,5,24,15,6,84,84031,MONT VENTOUX AVENUE DU,44.05564,5.05184,Plein jour,En agglomération,Intersection en T,Normale,Autre collision,3,1,2,0,1,1,1,0,1,50,1,2,1,0,0,1,42.0,,voiture,,1,2,3,1,6
202300027048,2023-06-28 16:40:00,2023,6,28,16,40,69,69266,Allée du Mens,45.78,4.90213,Plein jour,En agglomération,Autre intersection,Normale,Autre collision,4,2,2,0,1,3,1,0,4,50,1,1,0,0,1,0,18.0,,deux_roues,,1,2,9,1,6
202300027049,2023-06-23 14:25:00,2023,6,23,14,25,68,68297,MULHOUSE ( RUE DE)JUSQUE CIMETIERE DU 1,47.58587,7.56407,Plein jour,En agglomération,Intersection en X,Normale,Deux véhicules - côté,4,2,2,0,1,1,1,0,1,50,2,2,1,0,0,1,45.0,41.0,voiture,deux_roues,1,2,2,1,3
202300027049,2023-06-23 14:25:00,2023,6,23,14,25,68,68297,MULHOUSE ( RUE DE)JUSQUE CIMETIERE DU 1,47.58587,7.56407,Plein jour,En agglomération,Intersection en X,Normale,Deux véhicules - côté,4,2,2,0,1,1,1,0,1,50,2,2,1,0,0,1,45.0,41.0,voiture,deux_roues,1,2,2,1,3
202300027050,2023-06-28 08:30:00,2023,6,28,8,30,67,67218,VIGNES (RUE DES),48.5227,7.7169,Plein jour,En agglomération,Hors intersection,Normale,Deux véhicules - côté,4,1,2,0,1,1,1,0,4,30,2,2,1,0,0,1,13.0,38.0,deux_roues,voiture,1,2,1,1,3
202300027051,2023-06-28 08:35:00,2023,6,28,8,35,67,67482,FRERES MATTHIS (RUE DES),48.5781,7.7347,Plein jour,En agglomération,Hors intersection,Temps couvert,Sans collision,4,2,4,0,2,1,1,2,1,50,2,2,1,0,0,1,,38.0,utilitaire_camion,deux_roues,1,2,1,8,7
202300027052,2023-06-27 10:40:00,2023,6,27,10,40,67,67482,SEDILLOT (RUE),48.577,7.7534,Plein jour,En agglomération,Hors intersection,Normale,Autre collision,4,2,2,0,1,1,1,0,1,30,1,2,1,0,0,1,,,utilitaire_camion,,1,2,1,1,6
202300027053,2023-06-28 23:16:00,2023,6,28,23,16,64,64102,QUATORZE AVRIL (AVENUE DU),43.50351,-1.46638,Nuit avec éclairage allumé,En agglomération,Hors intersection,Normale,Deux véhicules - côté,3,2,3,1,1,1,1,0,1,50,2,2,1,0,0,1,16.0,44.0,deux_roues,voiture,5,2,1,1,3
202300027054,2023-06-28 09:00:00,2023,6,28,9,0,63,63113,FONTGIEVE (RUE),45.7816,3.0743,Plein jour,En agglomération,Hors intersection,Normale,Autre collision,4,2,2,0,1,1,1,0,1,50,1,2,1,1,0,0,87.0,,voiture,,1,2,1,1,6
202300027055,2023-06-27 15:20:00,2023,6,27,15,20,59,59196,ROUTE NATIONALE,50.653206,2.938513,Plein jour,Hors agglomération,Hors intersection,Normale,Deux véhicules - arrière,7,2,2,0,1,1,1,0,1,80,2,4,2,0,0,2,22.0,30.0,utilitaire_camion,voiture,1,1,1,1,2
202300027056,2023-06-28 11:30:00,2023,6,28,11,30,59,59183,HIRONDELLES,51.02362,2.32769,Plein jour,En agglomération,Intersection en T,Normale,Deux véhicules - côté,3,2,2,3,1,1,1,5,1,50,2,2,1,0,1,0,66.0,75.0,deux_roues,voiture,1,2,3,1,3
202300027056,2023-06-28 11:30:00,2023,6,28,11,30,59,59183,HIRONDELLES,51.02362,2.32769,Plein jour,En agglomération,Intersection en T,Normale,Deux véhicules - côté,3,2,2,3,1,1,1,5,1,50,2,2,1,0,1,0,66.0,75.0,deux_roues,voiture,1,2,3,1,3
202300027057,2023-06-26 13:40:00,2023,6,26,13,40,57,57666,MEULERIE (RUE DE LA),49.345,6.14,Plein jour,En agglomération,Hors intersection,Normale,Autre collision,4,-1,0,0,1,1,1,0,1,50,2,2,1,0,0,1,34.0,11.0,voiture,deux_roues,1,2,1,1,6
202300027058,2023-06-27 19:40:00,2023,6,27,19,40,57,57336,GARE (RUE DE LA),49.16063,6.73873,Plein jour,En agglomération,Hors intersection,Normale,Deux véhicules - côté,3,2,2,0,2,3,1,0,1,50,2,2,1,1,0,0,15.0,34.0,deux_roues,voiture,1,2,1,1,3
202300027059,2023-06-22 18:15:00,2023,6,22,18,15,50,50129,BRANLY (RUE EDOUARD),49.63047,-1.64484,Plein jour,En agglomération,Hors intersection,Normale,Autre collision,4,2,2,0,1,1,1,0,1,50,1,2,1,0,0,1,61.0,,voiture,,1,2,1,1,6
202300027060,2023-06-27 08:25:00,2023,6,27,8,25,49,49007,CLEMENCEAU BOULEVARD,47.47656,-0.56644,Plein jour,En agglomération,Hors intersection,Normale,Deux véhicules - arrière,4,2,2,0,1,1,1,0,1,50,2,2,1,0,0,1,41.0,26.0,deux_roues,voiture,1,2,1,1,2
202300027061,2023-06-26 18:31:00,2023,6,26,18,31,49,49353,CAMUS,47.45176,-0.50783,Plein jour,En agglomération,Intersection en X,Normale,Deux véhicules - côté,4,2,2,0,1,1,1,0,1,30,2,2,1,0,0,1,39.0,52.0,voiture,transport_commun,1,2,2,1,3
202300027061,2023-06-26 18:31:00,2023,6,26,18,31,49,49353,CAMUS,47.45176,-0.50783,Plein jour,En agglomération,Intersection en X,Normale,Deux véhicules - côté,4,2, -1,-1,1,1,1,0,1,-1,2,2,1,0,0,1,39.0,52.0,voiture,transport_commun,1,2,2,1,3
202300027062,2023-05-07 22:50:00,2023,5,7,22,50,42,42218,Rue Emile Clermont,45.42005,4.4089,Nuit avec éclairage allumé,En agglomération,Intersection en X,Pluie légère,Deux véhicules - frontale,4,2,2,0,2,1,2,0,1,50,2,5,3,0,0,2,21.0,19.0,voiture,voiture,5,2,2,2,1
202300027062,2023-05-07 22:50:00,2023,5,7,22,50,42,42218,Rue Emile Clermont,45.42005,4.4089,Nuit avec éclairage allumé,En agglomération,Intersection en X,Pluie légère,Deux véhicules - frontale,4,2,2,0,2,1,2,0,1,50,2,5,3,0,0,2,21.0,19.0,voiture,voiture,5,2,2,2,1
202300027063,2023-06-27 07:59:00,2023,6,27,7,59,36,36063,Rue des Remparts,46.82651721,1.70345753,Plein jour,En agglomération,Hors intersection,Normale,Deux véhicules - arrière,4,1,1,0,1,1,1,0,1,50,2,2,1,0,0,1,52.0,16.0,voiture,deux_roues,1,2,1,1,2
202300027064,2023-06-28 18:30:00,2023,6,28,18,30,33,33063,Rue Amédée Saint-Germain,44.82221,-0.55964,Plein jour,En agglomération,Intersection en T,Normale,Deux véhicules - côté,4,2,2,3,1,1,1,0,1,-1,2,2,1,0,0,1,56.0,49.0,voiture,deux_roues,1,2,3,1,3
202300027064,2023-06-28 18:30:00,2023,6,28,18,30,33,33063,Rue Amédée Saint-Germain,44.82221,-0.55964,Plein jour,En agglomération,Intersection en T,Normale,Deux véhicules - côté,4,1,1,0,1,1,1,0,1,50,2,2,1,0,0,1,56.0,49.0,voiture,deux_roues,1,2,3,1,3
202300027065,2023-06-28 18:30:00,2023,6,28,18,30,33,33200,Avenue de Magudas,44.85839,-0.66781,Plein jour,En agglomération,Hors intersection,Normale,Deux véhicules - arrière,4,3,4,1,1,1,1,0,1,50,2,2,1,0,0,1,56.0,16.0,voiture,deux_roues,1,2,1,1,2
202300027066,2023-06-28 07:45:00,2023,6,28,7,45,33,33318,Avenue de Canéjan,44.77977,-0.65987,Plein jour,En agglomération,Hors intersection,Normale,Deux véhicules - côté,4,1,1,0,1,1,1,0,1,30,2,2,1,0,0,1,46.0,55.0,deux_roues,transport_commun,1,2,1,1,3
202300027067,2023-06-27 07:47:00,2023,6,27,7,47,33,33281,Avenue des Frères Robinson,44.84724,-0.65808,Plein jour,En agglomération,Intersection en X,Normale,Deux véhicules - frontale,4,2,4,2,1,1,1,5,1,50,2,3,2,0,0,1,55.0,,voiture,voiture,1,2,2,1,1
202300027067,2023-06-27 07:47:00,2023,6,27,7,47,33,33281,Avenue des Frères Robinson,44.84724,-0.65808,Plein jour,En agglomération,Intersection en X,Normale,Deux véhicules - frontale,4,3,2,2,1,1,1,5,1,50,2,3,2,0,0,1,55.0,,voiture,voiture,1,2,2,1,1
202300027068,2023-06-15 12:55:00,2023,6,15,12,55,33,33119,Avenue Jean Jaurès,44.85746053,-0.53184852,Plein jour,En agglomération,Passage à niveau,Normale,Autre collision,4,2,3,1,1,1,1,4,6,50,1,2,1,0,1,0,27.0,,transport_commun,,1,2,8,1,6
202300027069,2023-06-28 16:09:00,2023,6,28,16,9,33,33529,VULCAIN (RUE),44.61443,-1.1222,Plein jour,En agglomération,Hors intersection,Normale,Deux véhicules - côté,4,2,2,0,1,1,1,0,1,50,2,2,1,0,0,1,50.0,17.0,voiture,deux_roues,1,2,1,1,3
202300027070,2023-06-28 14:05:00,2023,6,28,14,5,32,32013,VIC (ROUTE DE),43.67561,0.51844,Plein jour,Hors agglomération,Hors intersection,Normale,Deux véhicules - côté,2,2,2,0,1,1,1,0,1,80,2,2,1,0,1,0,77.0,47.0,voiture,utilitaire_camion,1,1,1,1,3
202300027071,2023-06-28 22:30:00,2023,6,28,22,30,31,31555,LATTRE DE TASSIGNY (AV DU MARECHAL DE) D,43.5775,1.43641,Crépuscule ou aube,En agglomération,Hors intersection,Normale,Autre collision,4,2,3,3,1,1,1,8,1,50,1,1,0,0,1,0,23.0,,voiture,,2,2,1,1,6
202300027072,2023-06-23 15:03:00,2023,6,23,15,3,30,30189,,43.8487,4.3911,Plein jour,En agglomération,Hors intersection,Normale,Autre collision,4,2,2,0,1,1,1,0,1,50,1,2,1,0,0,1,35.0,,voiture,,1,2,1,1,6
202300027073,2023-06-18 02:35:00,2023,6,18,2,35,18,18033,Avenue Pierre Semard,47.09389,2.40119,Nuit avec éclairage allumé,En agglomération,Intersection en X,Normale,Deux véhicules - frontale,3,2,5,0,3,1,1,2,1,50,2,2,1,0,1,0,45.0,32.0,deux_roues,voiture,5,2,2,1,1
202300027073,2023-06-18 02:35:00,2023,6,18,2,35,18,18033,Avenue Pierre Semard,47.09389,2.40119,Nuit avec éclairage allumé,En agglomération,Intersection en X,Normale,Deux véhicules - frontale,3,-1,6,0,1,1,1,2,1,50,2,2,1,0,1,0,45.0,32.0,deux_roues,voiture,5,2,2,1,1
202300027074,2023-06-28 01:50:00,2023,6,28,1,50,14,14699,D27A,49.35049,0.09031,Nuit avec éclairage allumé,En agglomération,Hors intersection,Normale,Sans collision,3,3,0,0,1,1,1,0,1,50,1,1,0,0,0,1,42.0,,deux_roues,,5,2,1,1,7
202300027075,2023-06-28 07:30:00,2023,6,28,7,30,14,14341,235 Rue Paul Boucherot,49.14236,-0.33224,Plein jour,En agglomération,Hors intersection,Normale,Deux véhicules - arrière,4,2,2,0,1,1,1,0,1,50,2,2,0,1,0,1,21.0,47.0,deux_roues,voiture,1,2,1,1,2
202300027076,2023-06-28 12:55:00,2023,6,28,12,55,13,13214,ROLAND DORGELES (BOULEVARD),43.34753672,5.37798507,Plein jour,En agglomération,Hors intersection,Normale,Deux véhicules - côté,4,3,3,0,1,1,1,0,1,50,2,2,1,0,0,1,54.0,,utilitaire_camion,voiture,1,2,1,1,3
202300027077,2023-06-28 04:45:00,2023,6,28,4,45,13,13213,JEAN PAUL SARTRE (AVENUE),43.32628,5.42442,Nuit avec éclairage allumé,En agglomération,Hors intersection,Normale,Deux véhicules - côté,3,-1,0,0,1,1,1,0,1,50,2,2,1,0,0,1,20.0,,deux_roues,autre,5,2,1,1,3
202300027078,2023-06-18 00:05:00,2023,6,18,0,5,08,08409,THIERS (RUE),49.70213,4.94126,Nuit avec éclairage non allumé,En agglomération,Hors intersection,Normale,Autre collision,4,2,2,0,1,1,1,0,1,50,3,5,4,0,1,0,20.0,27.0,voiture,voiture,4,2,1,1,6
202300027079,2023-06-29 01:30:00,2023,6,29,1,30,06,06088,BUFFA (RUE DE LA),43.6968,7.26054,Nuit avec éclairage allumé,En agglomération,Intersection en X,Normale,Deux véhicules - côté,4,1,1,1,1,1,1,5,1,50,2,5,3,0,0,2,20.0,23.0,voiture,voiture,5,2,2,1,3
202300027079,2023-06-29 01:30:00,2023,6,29,1,30,06,06088,BUFFA (RUE DE LA),43.6968,7.26054,Nuit avec éclairage allumé,En agglomération,Intersection en X,Normale,Deux véhicules - côté,4,1,1,1,1,1,1,5,1,50,2,5,3,0,0,2,20.0,23.0,voiture,voiture,5,2,2,1,3
202300027080,2023-06-28 15:45:00,2023,6,28,15,45,06,06029,PICAUD (AVENUE DU DOCTEUR),43.55051,7.00242,Plein jour,En agglomération,Hors intersection,Normale,Sans collision,4,2,0,0,1,1,1,0,6,50,1,2,0,0,0,2,16.0,,voiture,,1,2,1,1,7
202300027081,2023-06-23 16:45:00,2023,6,23,16,45,05,05061,RN85,44.58155517,6.08102918,Plein jour,Hors agglomération,Hors intersection,Normale,Autre collision,2,-1,2,0,2,2,1,0,8,80,1,1,0,0,0,1,71.0,,voiture,,1,1,1,1,6
202300027082,2023-06-23 13:15:00,2023,6,23,13,15,05,05061,RN 85,44.58597,6.08157,Plein jour,Hors agglomération,Hors intersection,Normale,Sans collision,2,2,2,0,2,1,1,0,8,80,1,1,0,0,0,1,62.0,,voiture,,1,1,1,1,7
202300027083,2023-06-21 12:45:00,2023,6,21,12,45,02,02691,5 Boulevard Jean Bouin,49.84756,3.30343,Plein jour,En agglomération,Intersection en T,Normale,Deux véhicules - côté,4,2,2,0,1,1,1,0,1,50,2,3,0,0,1,2,22.0,35.0,voiture,voiture,1,2,3,1,3
202300027083,2023-06-21 12:45:00,2023,6,21,12,45,02,02691,5 Boulevard Jean Bouin,49.84756,3.30343,Plein jour,En agglomération,Intersection en T,Normale,Deux véhicules - côté,4,2, -1,-1,1,1,1,0,1,-1,2,3,0,0,1,2,22.0,35.0,voiture,voiture,1,2,3,1,3
202300027084,2023-06-27 17:00:00,2023,6,27,17,0,75,75116,PORTE MAILLOT,48.876323,2.278525,Plein jour,En agglomération,Hors intersection,Normale,Trois véhicules et plus - collisions multiples,4,1,4,0,1,1,1,0,1,70,3,3,2,0,0,1,53.0,22.0,utilitaire_camion,deux_roues,1,2,1,1,5
202300027085,2023-06-28 17:20:00,2023,6,28,17,20,75,75106,PLACE EDMOND ROSTAND,48.847435,2.340364,Plein jour,En agglomération,Hors intersection,Normale,Deux véhicules - côté,4,1,3,0,1,1,1,0,1,30,2,2,1,0,0,1,23.0,52.0,deux_roues,voiture,1,2,1,1,3
202300027086,2023-06-28 14:00:00,2023,6,28,14,0,75,75116,RUE DE LA POMPE,48.87059,2.281192,Plein jour,En agglomération,Intersection en T,Normale,Deux véhicules - côté,4,1,1,0,1,1,1,0,1,30,2,2,1,0,0,1,55.0,31.0,deux_roues,autre,1,2,3,1,3
202300027086,2023-06-28 14:00:00,2023,6,28,14,0,75,75116,RUE DE LA POMPE,48.87059,2.281192,Plein jour,En agglomération,Intersection en T,Normale,Deux véhicules - côté,4,1,1,0,1,1,1,0,1,30,2,2,1,0,0,1,55.0,31.0,deux_roues,autre,1,2,3,1,3
202300027087,2023-06-28 15:50:00,2023,6,28,15,50,75,75115,RUE DE VOUILLE,48.833422,2.309799,Plein jour,En agglomération,Intersection en T,Normale,Autre collision,4,1,2,0,1,1,1,0,1,30,1,2,0,0,1,1,25.0,,deux_roues,,1,2,3,1,6
202300027087,2023-06-28 15:50:00,2023,6,28,15,50,75,75115,RUE DE VOUILLE,48.833422,2.309799,Plein jour,En agglomération,Intersection en T,Normale,Autre collision,4,2,2,0,1,1,1,0,1,30,1,2,0,0,1,1,25.0,,deux_roues,,1,2,3,1,6
202300027088,2023-06-28 17:45:00,2023,6,28,17,45,75,75111,RUE DE LA FONTAINE AU ROI,48.869618,2.37838,Plein jour,En agglomération,Intersection en X,Normale,Deux véhicules - côté,4,1,1,1,2,1,1,0,1,30,2,2,1,0,0,1,,10.0,deux_roues,deux_roues,1,2,2,1,3
202300027088,2023-06-28 17:45:00,2023,6,28,17,45,75,75111,RUE DE LA FONTAINE AU ROI,48.869618,2.37838,Plein jour,En agglomération,Intersection en X,Normale,Deux véhicules - côté,4,1,1,1,1,1,1,0,1,30,2,2,1,0,0,1,,10.0,deux_roues,deux_roues,1,2,2,1,3
202300027089,2023-06-28 18:00:00,2023,6,28,18,0,75,75108,RUE DE ROME,48.880468,2.321312,Plein jour,En agglomération,Intersection en T,Normale,Autre collision,4,1,1,0,1,1,1,0,1,30,2,2,1,0,0,1,21.0,30.0,voiture,deux_roues,1,2,3,1,6
202300027089,2023-06-28 18:00:00,2023,6,28,18,0,75,75108,RUE DE ROME,48.880468,2.321312,Plein jour,En agglomération,Intersection en T,Normale,Autre collision,4,2,2,1,1,1,1,0,1,30,2,2,1,0,0,1,21.0,30.0,voiture,deux_roues,1,2,3,1,6
202300027090,2023-06-28 19:45:00,2023,6,28,19,45,94,94011,Avenue Jean Monnet,48.76187961,2.47900057,Plein jour,En agglomération,Hors intersection,Normale,Deux véhicules - côté,3,1,1,0,1,4,1,6,1,50,2,2,1,0,0,1,22.0,63.0,deux_roues,deux_roues,1,2,1,1,3
202300027091,2023-06-26 22:20:00,2023,6,26,22,20,94,94043,Avenue de Fontainebleau,48.814972,2.360995,Nuit avec éclairage allumé,En agglomération,Hors intersection,Normale,Deux véhicules - côté,3,2,4,1,1,1,1,0,1,50,2,2,1,0,0,1,32.0,34.0,deux_roues,deux_roues,5,2,1,1,3
202300027092,2023-06-28 12:40:00,2023,6,28,12,40,94,94034,Avenue Edouard Herriot,48.75709,2.32873,Plein jour,En agglomération,Intersection en X,Normale,Deux véhicules - côté,3,2,0,3,1,2,1,-1,1,50,2,4,1,0,0,3,29.0,60.0,transport_commun,voiture,1,2,2,1,3
202300027092,2023-06-28 12:40:00,2023,6,28,12,40,94,94034,Avenue Edouard Herriot,48.75709,2.32873,Plein jour,En agglomération,Intersection en X,Normale,Deux véhicules - côté,3,1,0,3,1,1,1,-1,1,50,2,4,1,0,0,3,29.0,60.0,transport_commun,voiture,1,2,2,1,3
202300027093,2023-06-27 19:30:00,2023,6,27,19,30,94,94017,Avenue Roger Salengro,48.82005,2.48313,Plein jour,En agglomération,Hors intersection,Normale,Deux véhicules - côté,3,2,4,0,1,1,1,0,1,50,2,2,1,0,0,1,52.0,21.0,deux_roues,utilitaire_camion,1,2,1,1,3
202300027094,2023-06-28 19:15:00,2023,6,28,19,15,93,93071,Chemin de Savigny / Avenue Lumiere,48.94462,2.51723,Plein jour,En agglomération,Intersection en X,Normale,Autre collision,4,2,2,-1,1,1,1,0,1,-1,1,2,1,0,0,1,34.0,,voiture,,1,2,2,1,6
202300027094,2023-06-28 19:15:00,2023,6,28,19,15,93,93071,Chemin de Savigny / Avenue Lumiere,48.94462,2.51723,Plein jour,En agglomération,Intersection en X,Normale,Autre collision,4,2,2,0,1,1,1,0,1,50,1,2,1,0,0,1,34.0,,voiture,,1,2,2,1,6
202300027095,2023-06-28 16:00:00,2023,6,28,16,0,93,93066,Rue Danielle Casanova / Rue du Progrès,48.92683471,2.36558371,Plein jour,En agglomération,Intersection en T,Normale,Trois véhicules et plus - collisions multiples,4,2,2,0,1,1,1,0,1,50,3,3,1,0,0,2,48.0,29.0,deux_roues,deux_roues,1,2,3,1,5
202300027095,2023-06-28 16:00:00,2023,6,28,16,0,93,93066,Rue Danielle Casanova / Rue du Progrès,48.92683471,2.36558371,Plein jour,En agglomération,Intersection en T,Normale,Trois véhicules et plus - collisions multiples,4,2,2,0,1,1,1,0,1,50,3,3,1,0,0,2,48.0,29.0,deux_roues,deux_roues,1,2,3,1,5
202300027096,2023-06-27 18:20:00,2023,6,27,18,20,93,93061,Rue André Joineau / Rue Danton,48.88417531,2.40353554,Plein jour,En agglomération,Intersection en T,Normale,Autre collision,4,1,1,2,1,1,1,0,1,50,1,2,1,0,0,1,,,deux_roues,,1,2,3,1,6
202300027096,2023-06-27 18:20:00,2023,6,27,18,20,93,93061,Rue André Joineau / Rue Danton,48.88417531,2.40353554,Plein jour,En agglomération,Intersection en T,Normale,Autre collision,4,2,2,1,1,1,1,6,1,30,1,2,1,0,0,1,,,deux_roues,,1,2,3,1,6
202300027097,2023-06-16 10:49:00,2023,6,16,10,49,93,93063,Avenue Gaston Roussel / Rue du Docteur Parat,48.89329,2.43747,Plein jour,En agglomération,Intersection en X,Normale,Deux véhicules - frontale,3,2,2,0,1,1,1,0,1,50,2,2,1,0,1,0,20.0,44.0,voiture,deux_roues,1,2,2,1,1
202300027097,2023-06-16 10:49:00,2023,6,16,10,49,93,93063,Avenue Gaston Roussel / Rue du Docteur Parat,48.89329,2.43747,Plein jour,En agglomération,Intersection en X,Normale,Deux véhicules - frontale,3,1,1,-1,2,1,1,0,1,-1,2,2,1,0,1,0,20.0,44.0,voiture,deux_roues,1,2,2,1,1
202300027098,2023-06-28 15:00:00,2023,6,28,15,0,93,93005,Boulevard Marc Chagall,48.95237096,2.49588673,Plein jour,En agglomération,Hors intersection,Normale,Deux véhicules - côté,3,1,2,0,1,1,1,0,1,50,2,2,1,0,0,1,52.0,23.0,voiture,deux_roues,1,2,1,1,3
202300027099,2023-06-28 11:38:00,2023,6,28,11,38,92,92046,TOUR (RUE DE LA),48.82319043,2.30548605,Plein jour,En agglomération,Autre intersection,Normale,Autre collision,4,2,1,0,1,1,1,0,1,30,1,2,1,0,0,1,43.0,,utilitaire_camion,,1,2,9,1,6
202300027100,2023-06-27 12:32:00,2023,6,27,12,32,92,92077,MARNES (RUE DE),48.83032426,2.17988089,Plein jour,En agglomération,Hors intersection,Normale,Autre collision,3,3,0,0,1,1,1,0,4,50,1,1,0,0,0,1,52.0,,voiture,,1,2,1,1,6