accident_id,datetime,annee,mois,jour,heure,minute,departement,commune_insee,adresse,latitude,longitude,luminosite,agglomeration,intersection,meteo,collision,catr,circ,nbv,vosp,prof,plan,surf,infra,situ,vma,nb_vehicules,nb_usagers,nb_indemnes,nb_tues,nb_blesses_hosp,nb_blesses_legers,age_cond_1,age_cond_2,veh_type_cond_1,veh_type_cond_2,lum_code,agg_code,int_code,atm_code,col_code
202300027101,2023-06-15 08:20:00,2023,6,15,8,20,92,92051,MADRID (AVENUE DE),48.88423332,2.26028144,Plein jour,En agglomération,Autre intersection,Normale,Deux véhicules - côté,4,2,4,0,1,1,1,8,1,50,2,3,2,0,0,1,41.0,26.0,deux_roues,utilitaire_camion,1,2,9,1,3
202300027102,2023-06-14 20:30:00,2023,6,14,20,30,92,92051,"ROULE (AVENUE DU, N° 29 A 91 ET 30 A 86)",48.88407087,2.27070183,Plein jour,En agglomération,Hors intersection,Temps éblouissant,Sans collision,4,2,3,3,1,1,1,0,1,50,1,1,0,0,0,1,53.0,,deux_roues,,1,2,1,7,7
202300027103,2023-06-28 03:40:00,2023,6,28,3,40,92,92050,PASTEUR RUE,48.88520885,2.21949148,Nuit sans éclairage public,En agglomération,Hors intersection,Normale,Autre collision,3,1,1,0,2,1,1,0,1,50,1,1,0,0,0,1,30.0,,voiture,,3,2,1,1,6
202300027104,2023-06-28 07:24:00,2023,6,28,7,24,92,92049,PERI RUE GABRIEL AUTRES N°,48.81845,2.31947,Plein jour,En agglomération,Intersection en X,Normale,Deux véhicules - côté,3,2,2,0,1,1,1,0,1,50,2,2,1,0,0,1,45.0,24.0,deux_roues,deux_roues,1,2,2,1,3
202300027104,2023-06-28 07:24:00,2023,6,28,7,24,92,92049,PERI RUE GABRIEL AUTRES N°,48.81845,2.31947,Plein jour,En agglomération,Intersection en X,Normale,Deux véhicules - côté,3,2,2,0,1,1,1,0,1,50,2,2,1,0,0,1,45.0,24.0,deux_roues,deux_roues,1,2,2,1,3
202300027105,2023-06-27 22:35:00,2023,6,27,22,35,92,92020,PARIS AVENUE DE N° IMPAIRS,48.80705,2.29365,Nuit avec éclairage allumé,En agglomération,Hors intersection,Normale,Deux véhicules - arrière,3,1,2,0,1,1,1,0,1,50,2,3,1,0,0,2,39.0,45.0,voiture,deux_roues,5,2,1,1,2
202300027106,2023-06-28 19:30:00,2023,6,28,19,30,92,92040,VICTOR CRESSON (AVENUE) DU 02 AU 40,48.82395145,2.27280915,Plein jour,En agglomération,Intersection en X,Normale,Deux véhicules - côté,3,2,2,0,2,1,1,5,1,30,2,2,1,0,0,1,26.0,21.0,voiture,deux_roues,1,2,2,1,3
202300027106,2023-06-28 19:30:00,2023,6,28,19,30,92,92040,VICTOR CRESSON (AVENUE) DU 02 AU 40,48.82395145,2.27280915,Plein jour,En agglomération,Intersection en X,Normale,Deux véhicules - côté,3,-1,2,0,1,1,1,5,1,30,2,2,1,0,0,1,26.0,21.0,voiture,deux_roues,1,2,2,1,3
202300027107,2023-06-28 16:50:00,2023,6,28,16,50,92,92040,DIDEROT,48.82506,2.27212,Plein jour,En agglomération,Intersection en X,Normale,Deux véhicules - arrière,4,1,1,0,1,1,1,0,1,30,2,2,1,0,0,1,14.0,,deux_roues,voiture,1,2,2,1,2
202300027107,2023-06-28 16:50:00,2023,6,28,16,50,92,92040,DIDEROT,48.82506,2.27212,Plein jour,En agglomération,Intersection en X,Normale,Deux véhicules - arrière,4,1,0,3,2,1,1,0,1,30,2,2,1,0,0,1,14.0,,deux_roues,voiture,1,2,2,1,2
202300027108,2023-06-28 07:45:00,2023,6,28,7,45,92,92036,LUCIEN LANTERNIER (AVENUE) (1/17),48.93293,2.2928,Plein jour,En agglomération,Passage à niveau,Normale,Autre collision,3,2,2,3,1,1,1,4,6,50,1,2,1,0,1,0,37.0,,transport_commun,,1,2,8,1,6
202300027109,2023-06-23 19:44:00,2023,6,23,19,44,92,92036,LOUIS CALMEL (RUE) (1),48.92676,2.29449,Plein jour,En agglomération,Intersection en X,Normale,Autre collision,3,2,2,0,1,1,1,0,1,50,1,3,1,0,0,2,65.0,,voiture,,1,2,2,1,6
202300027109,2023-06-23 19:44:00,2023,6,23,19,44,92,92036,LOUIS CALMEL (RUE) (1),48.92676,2.29449,Plein jour,En agglomération,Intersection en X,Normale,Autre collision,3,3,2,0,1,1,1,0,1,50,1,3,1,0,0,2,65.0,,voiture,,1,2,2,1,6
202300027110,2023-06-28 16:30:00,2023,6,28,16,30,92,92035,National ( boulevard ),48.90608,2.23886,Plein jour,En agglomération,Hors intersection,Normale,Deux véhicules - côté,3,1,1,1,1,1,1,9,5,50,2,2,1,0,0,1,37.0,56.0,deux_roues,voiture,1,2,1,1,3
202300027111,2023-06-28 09:20:00,2023,6,28,9,20,92,92026,EUROPE ( ROND POINT DE L' ),48.9051446,2.25605965,Plein jour,En agglomération,Giratoire,Normale,Deux véhicules - côté,3,1,2,0,1,1,1,0,1,50,2,2,1,0,0,1,25.0,38.0,deux_roues,voiture,1,2,6,1,3
202300027111,2023-06-28 09:20:00,2023,6,28,9,20,92,92026,EUROPE ( ROND POINT DE L' ),48.9051446,2.25605965,Plein jour,En agglomération,Giratoire,Normale,Deux véhicules - côté,3,3,4,0,1,1,1,0,1,50,2,2,1,0,0,1,25.0,38.0,deux_roues,voiture,1,2,6,1,3
202300027112,2023-06-28 20:25:00,2023,6,28,20,25,92,92024,VICTOR MERIC (RUE),48.9009667,2.30489597,Plein jour,En agglomération,Hors intersection,Normale,Autre collision,4,1,1,0,1,1,1,0,1,30,1,2,1,0,0,1,35.0,,voiture,,1,2,1,1,6
202300027113,2023-06-28 11:10:00,2023,6,28,11,10,92,92024,CLICHY (QUAI DE) DE (104 A 202),48.91197834,2.31041864,Plein jour,En agglomération,Intersection en X,Normale,Deux véhicules - arrière,3,2,4,0,1,1,1,0,1,50,2,2,1,0,0,1,39.0,52.0,deux_roues,utilitaire_camion,1,2,2,1,2
202300027113,2023-06-28 11:10:00,2023,6,28,11,10,92,92024,CLICHY (QUAI DE) DE (104 A 202),48.91197834,2.31041864,Plein jour,En agglomération,Intersection en X,Normale,Deux véhicules - arrière,3,2,2,0,1,1,1,0,1,30,2,2,1,0,0,1,39.0,52.0,deux_roues,utilitaire_camion,1,2,2,1,2
202300027114,2023-06-27 19:16:00,2023,6,27,19,16,92,92024,GENERAL LECLERC (BD DU) (9 A 59)   (4 A,48.9014,2.31518,Plein jour,En agglomération,Intersection en X,Normale,Autre collision,3,2,4,0,1,1,1,6,6,30,1,2,1,0,0,1,55.0,,deux_roues,,1,2,2,1,6
202300027114,2023-06-27 19:16:00,2023,6,27,19,16,92,92024,GENERAL LECLERC (BD DU) (9 A 59)   (4 A,48.9014,2.31518,Plein jour,En agglomération,Intersection en X,Normale,Autre collision,3,1,4,0,1,1,1,0,1,30,1,2,1,0,0,1,55.0,,deux_roues,,1,2,2,1,6
202300027115,2023-06-15 19:00:00,2023,6,15,19,0,92,92004,MAURICE LAISNEY,48.92397,2.28214,Plein jour,En agglomération,Intersection en X,Normale,Deux véhicules - côté,4,-1,1,0,1,1,1,0,1,50,2,2,1,0,0,1,41.0,42.0,voiture,voiture,1,2,2,1,3
202300027116,2023-06-27 11:45:00,2023,6,27,11,45,92,92004,ARGENTEUIL AV D',48.91236,2.28461,Plein jour,En agglomération,Intersection en T,Normale,Deux véhicules - côté,3,-1,2,0,1,1,1,0,1,50,2,2,1,0,0,1,39.0,41.0,deux_roues,voiture,1,2,3,1,3
202300027116,2023-06-27 11:45:00,2023,6,27,11,45,92,92004,ARGENTEUIL AV D',48.91236,2.28461,Plein jour,En agglomération,Intersection en T,Normale,Deux véhicules - côté,3,-1,2,0,1,1,1,0,1,50,2,2,1,0,0,1,39.0,41.0,deux_roues,voiture,1,2,3,1,3
202300027117,2023-06-29 17:10:00,2023,6,29,17,10,60,60531,D36,49.435964,2.696084,Plein jour,Hors agglomération,Hors intersection,Normale,Autre collision,3,2,2,0,2,1,1,2,3,80,1,2,0,0,2,0,22.0,,voiture,,1,1,1,1,6
202300027118,2023-06-28 15:17:00,2023,6,28,15,17,35,35108,RD 173 PK 25+400,47.936896,-1.458258,Plein jour,Hors agglomération,Hors intersection,Normale,Autre collision,3,3,4,0,3,1,1,0,1,110,1,1,0,0,1,0,66.0,,voiture,,1,1,1,1,6
202300027119,2023-06-28 16:15:00,2023,6,28,16,15,50,50565,Mizouard,48.756568,-1.410573,Plein jour,Hors agglomération,Hors intersection,Normale,Deux véhicules - frontale,3,2,2,0,4,3,1,0,1,80,2,2,1,0,1,0,68.0,65.0,deux_roues,voiture,1,1,1,1,1
202300027120,2023-06-29 14:35:00,2023,6,29,14,35,83,83072,D562,43.492285,6.377628,Plein jour,Hors agglomération,Hors intersection,Normale,Sans collision,3,3,2,0,1,1,1,0,1,70,1,1,0,0,1,0,40.0,,deux_roues,,1,1,1,1,7
202300027121,2023-06-29 15:00:00,2023,6,29,15,0,71,71317,D985,46.725734,4.081206,Plein jour,Hors agglomération,Hors intersection,Normale,Deux véhicules - frontale,3,2,2,0,1,1,1,0,1,70,2,3,0,2,0,1,75.0,44.0,voiture,utilitaire_camion,1,1,1,1,1
202300027122,2023-05-05 18:05:00,2023,5,5,18,5,44,44047,,47.27254,-1.71752,Plein jour,Hors agglomération,Hors intersection,Normale,Deux véhicules - arrière,2,2,4,0,1,1,1,0,1,110,2,2,1,0,1,0,35.0,27.0,voiture,deux_roues,1,1,1,1,2
202300027123,2023-06-28 20:30:00,2023,6,28,20,30,12,12084,Autoroute A 75 PK 222+600,44.066705,3.025097,Crépuscule ou aube,Hors agglomération,Hors intersection,Normale,Autre collision,1,3,2,0,1,1,1,8,1,50,1,1,0,0,1,0,76.0,,voiture,,2,1,1,1,6
202300027124,2023-06-29 17:45:00,2023,6,29,17,45,30,30315,RN 100,43.948373,4.693716,Plein jour,Hors agglomération,Hors intersection,Normale,Deux véhicules - arrière,2,2,2,0,1,1,1,0,1,80,2,3,1,0,2,0,36.0,46.0,voiture,deux_roues,1,1,1,1,2
202300027125,2023-06-28 06:27:00,2023,6,28,6,27,44,44192,,47.26145138,-1.98013544,Plein jour,Hors agglomération,Intersection en T,Normale,Deux véhicules - côté,3,2,2,0,1,2,1,0,1,80,2,5,1,0,1,3,51.0,51.0,utilitaire_camion,voiture,1,1,3,1,3
202300027125,2023-06-28 06:27:00,2023,6,28,6,27,44,44192,,47.26145138,-1.98013544,Plein jour,Hors agglomération,Intersection en T,Normale,Deux véhicules - côté,3,2,2,0,1,1,1,0,8,50,2,5,1,0,1,3,51.0,51.0,utilitaire_camion,voiture,1,1,3,1,3
202300027126,2023-06-28 14:15:00,2023,6,28,14,15,59,59039,D643,50.15756578,3.29722514,Plein jour,Hors agglomération,Hors intersection,Normale,Trois véhicules et plus - collisions multiples,3,2,2,0,1,3,1,0,1,80,3,5,1,1,3,0,28.0,52.0,voiture,utilitaire_camion,1,1,1,1,5
202300027127,2023-06-29 10:55:00,2023,6,29,10,55,77,77068,D62,48.501337,3.157518,Plein jour,Hors agglomération,Hors intersection,Normale,Deux véhicules - arrière,3,2,2,0,2,1,1,0,1,80,2,2,1,0,0,1,29.0,,deux_roues,voiture,1,1,1,1,2
202300027128,2023-06-24 15:20:00,2023,6,24,15,20,2A,2A139,rt 10,41.649076,9.328083,Plein jour,En agglomération,Hors intersection,Normale,Sans collision,3,3,2,0,1,1,1,0,4,50,1,1,0,0,0,1,71.0,,deux_roues,,1,2,1,1,7
202300027129,2023-06-29 04:20:00,2023,6,29,4,20,80,80086,27 Rue Martin,50.134561,2.161018,Nuit avec éclairage non allumé,En agglomération,Hors intersection,Normale,Autre collision,4,2,2,0,1,1,1,0,1,50,1,1,0,0,1,0,18.0,,voiture,,4,2,1,1,6
202300027130,2023-06-28 01:15:00,2023,6,28,1,15,71,71093,1366 Route de Pierre,46.855624,5.277047,Nuit sans éclairage public,Hors agglomération,Hors intersection,Normale,Autre collision,3,2,2,0,1,1,1,0,3,80,1,1,0,0,0,1,37.0,,voiture,,3,1,1,1,6
202300027131,2023-06-24 16:25:00,2023,6,24,16,25,71,71401,30 Le Bourg,46.57279,5.246552,Plein jour,En agglomération,Intersection en T,Normale,Deux véhicules - côté,3,2,2,0,1,1,1,0,1,50,2,4,3,0,0,1,26.0,29.0,voiture,deux_roues,1,2,3,1,3
202300027131,2023-06-24 16:25:00,2023,6,24,16,25,71,71401,30 Le Bourg,46.57279,5.246552,Plein jour,En agglomération,Intersection en T,Normale,Deux véhicules - côté,3,2,2,0,1,3,1,0,1,50,2,4,3,0,0,1,26.0,29.0,voiture,deux_roues,1,2,3,1,3
202300027132,2023-06-28 22:40:00,2023,6,28,22,40,47,47173,route de Miramont,44.431558,0.516937,Nuit sans éclairage public,Hors agglomération,Hors intersection,Normale,Autre collision,3,2,2,0,1,1,1,0,3,80,1,1,0,0,1,0,59.0,,voiture,,3,1,1,1,6
202300027133,2023-06-29 13:40:00,2023,6,29,13,40,34,34150,RD51,43.389784,3.537319,Plein jour,Hors agglomération,Intersection en T,Normale,Deux véhicules - côté,3,2,2,0,1,1,1,0,1,80,2,3,1,0,1,1,40.0,46.0,voiture,voiture,1,1,3,1,3
202300027133,2023-06-29 13:40:00,2023,6,29,13,40,34,34150,RD51,43.389784,3.537319,Plein jour,Hors agglomération,Intersection en T,Normale,Deux véhicules - côté,3,2, -1,-1,1,1,1,0,1,-1,2,3,1,0,1,1,40.0,46.0,voiture,voiture,1,1,3,1,3
202300027134,2023-06-28 17:58:00,2023,6,28,17,58,35,35207,D92,48.08092939,-1.5131253,Plein jour,Hors agglomération,Hors intersection,Normale,Deux véhicules - frontale,3,2,2,0,1,1,1,0,1,80,2,2,1,0,1,0,36.0,44.0,voiture,deux_roues,1,1,1,1,1
202300027135,2023-06-27 11:00:00,2023,6,27,11,0,38,38126,Avenue du Grésivaudan,45.206681,5.754073,Plein jour,En agglomération,Hors intersection,Normale,Deux véhicules - frontale,7,2,2,0,1,1,1,0,1,50,2,2,1,0,1,0,20.0,49.0,voiture,deux_roues,1,2,1,1,1
202300027136,2023-06-26 08:40:00,2023,6,26,8,40,38,38431,Chemin de Pré Barau,45.250011,5.84728,Plein jour,Hors agglomération,Hors intersection,Normale,Deux véhicules - frontale,4,2,2,0,2,3,1,0,1,50,2,2,1,0,1,0,47.0,22.0,transport_commun,deux_roues,1,1,1,1,1
202300027137,2023-06-28 23:00:00,2023,6,28,23,0,01,01229,Route d'Etrez,46.337318,5.147662,Nuit sans éclairage public,Hors agglomération,Intersection en T,Normale,Autre collision,3,2,2,0,1,1,1,2,3,80,1,1,0,0,1,0,26.0,,voiture,,3,1,3,1,6
202300027137,2023-06-28 23:00:00,2023,6,28,23,0,01,01229,Route d'Etrez,46.337318,5.147662,Nuit sans éclairage public,Hors agglomération,Intersection en T,Normale,Autre collision,3,2,2,0,1,1,1,0,1,80,1,1,0,0,1,0,26.0,,voiture,,3,1,3,1,6
202300027138,2023-06-29 11:45:00,2023,6,29,11,45,60,60588,D119,49.61871433,1.91138506,Plein jour,En agglomération,Intersection en X,Normale,Deux véhicules - côté,3,2,2,0,1,1,1,0,1,50,2,2,1,0,0,1,46.0,56.0,utilitaire_camion,utilitaire_camion,1,2,2,1,3
202300027138,2023-06-29 11:45:00,2023,6,29,11,45,60,60588,D119,49.61871433,1.91138506,Plein jour,En agglomération,Intersection en X,Normale,Deux véhicules - côté,3,2,2,0,1,1,1,0,1,50,2,2,1,0,0,1,46.0,56.0,utilitaire_camion,utilitaire_camion,1,2,2,1,3
202300027139,2023-06-29 11:15:00,2023,6,29,11,15,10,10126,Lieu Maison Neuve,48.273,4.622354,Plein jour,Hors agglomération,Intersection en T,Normale,Deux véhicules - côté,3,-1,1,0,1,1,1,0,1,80,2,2,1,1,0,0,56.0,24.0,utilitaire_camion,deux_roues,1,1,3,1,3
202300027139,2023-06-29 11:15:00,2023,6,29,11,15,10,10126,Lieu Maison Neuve,48.273,4.622354,Plein jour,Hors agglomération,Intersection en T,Normale,Deux véhicules - côté,3,2,1,0,1,3,1,0,1,90,2,2,1,1,0,0,56.0,24.0,utilitaire_camion,deux_roues,1,1,3,1,3
202300027140,2023-06-28 17:45:00,2023,6,28,17,45,40,40217,Route de Pontenx,44.329574,-1.09035,Plein jour,En agglomération,Hors intersection,Normale,Trois véhicules et plus - collisions multiples,3,2,2,0,1,1,1,0,1,50,3,3,1,1,0,1,77.0,24.0,voiture,voiture,1,2,1,1,5
202300027141,2023-06-02 16:15:00,2023,6,2,16,15,40,40217,Rue du moulies,44.342929,-1.060754,Plein jour,En agglomération,Intersection en T,Normale,Deux véhicules - côté,4,2,2,0,1,1,1,0,1,50,2,2,0,0,1,1,18.0,12.0,deux_roues,deux_roues,1,2,3,1,3
202300027141,2023-06-02 16:15:00,2023,6,2,16,15,40,40217,Rue du moulies,44.342929,-1.060754,Plein jour,En agglomération,Intersection en T,Normale,Deux véhicules - côté,4,2, -1,-1,1,1,1,0,1,-1,2,2,0,0,1,1,18.0,12.0,deux_roues,deux_roues,1,2,3,1,3
202300027142,2023-06-28 18:30:00,2023,6,28,18,30,04,04163,RD 950,44.099729,5.526295,Plein jour,Hors agglomération,Hors intersection,Normale,Autre collision,3,2,2,0,2,2,1,0,3,-1,1,1,0,0,1,0,48.0,,deux_roues,,1,1,1,1,6
202300027143,2023-06-26 10:35:00,2023,6,26,10,35,31,31424,Boulevard Victor Hugo,43.567144,1.307302,Plein jour,En agglomération,Giratoire,Normale,Autre collision,4,2,2,0,1,1,1,0,5,50,1,2,1,0,1,0,23.0,,voiture,,1,2,6,1,6
202300027144,2023-06-29 00:40:00,2023,6,29,0,40,34,34337,RM185,43.544753,3.830688,Nuit sans éclairage public,Hors agglomération,Hors intersection,Normale,Deux véhicules - frontale,7,2,2,0,4,1,1,0,1,80,2,2,0,0,2,0,39.0,40.0,voiture,utilitaire_camion,3,1,1,1,1
202300027145,2023-06-28 08:00:00,2023,6,28,8,0,44,44028,,47.344075,-1.368865,Plein jour,Hors agglomération,Hors intersection,Normale,Deux véhicules - côté,1,3,2,0,1,1,1,0,1,130,2,2,0,0,0,2,61.0,29.0,utilitaire_camion,voiture,1,1,1,1,3
202300027146,2023-06-28 14:25:00,2023,6,28,14,25,57,57693,Autoroute A315,49.122225,6.235428,Plein jour,Hors agglomération,Autre intersection,Normale,Trois véhicules et plus - collisions multiples,1,1,2,0,1,2,1,9,1,90,3,5,1,0,0,4,58.0,67.0,voiture,voiture,1,1,9,1,5
202300027147,2023-06-26 19:10:00,2023,6,26,19,10,51,51147,A4,49.02726864,4.50421259,Plein jour,Hors agglomération,Hors intersection,Normale,Sans collision,1,3,2,0,1,1,1,0,3,130,1,3,2,0,1,0,32.0,,utilitaire_camion,,1,1,1,1,7
202300027148,2023-06-29 13:00:00,2023,6,29,13,0,78,78009,A10 - PK 032+450 - en direction de Paris,48.488078,1.912358,Plein jour,Hors agglomération,Hors intersection,Normale,Deux véhicules - arrière,1,3,3,0,1,1,1,9,2,130,2,2,1,1,0,0,45.0,75.0,utilitaire_camion,voiture,1,1,1,1,2
202300027149,2023-06-27 11:20:00,2023,6,27,11,20,987,98733,RT1 Pk 22+800,-17.696,-149.548,Plein jour,En agglomération,Hors intersection,Normale,Deux véhicules - frontale,2,2,2,0,1,1,1,0,1,60,2,3,2,0,1,0,58.0,41.0,utilitaire_camion,utilitaire_camion,1,2,1,1,1
202300027150,2023-06-27 19:50:00,2023,6,27,19,50,45,45142,D2060 PR 76 + 238,47.908115,2.173619,Plein jour,Hors agglomération,Hors intersection,Normale,Trois véhicules et plus - collisions multiples,3,3,4,0,1,1,1,0,1,110,3,3,2,0,1,0,50.0,27.0,voiture,voiture,1,1,1,1,5
202300027151,2023-06-28 19:08:00,2023,6,28,19,8,77,77005,départemental 105 A,48.910187,2.698486,Plein jour,Hors agglomération,Hors intersection,Normale,Sans collision,3,2,2,0,1,2,1,0,1,70,1,1,0,0,1,0,51.0,,deux_roues,,1,1,1,1,7
202300027152,2023-06-28 15:55:00,2023,6,28,15,55,91,91661,D118,48.685439,2.217913,Plein jour,En agglomération,Giratoire,Normale,Deux véhicules - arrière,3,2,0,0,1,1,1,0,1,70,2,4,2,0,0,2,37.0,69.0,voiture,voiture,1,2,6,1,2
202300027153,2023-06-28 18:30:00,2023,6,28,18,30,34,34054,D12e3,43.3893,2.60155,Plein jour,Hors agglomération,Hors intersection,Normale,Deux véhicules - arrière,3,2,1,0,2,4,1,0,1,80,2,2,1,0,1,0,73.0,17.0,voiture,deux_roues,1,1,1,1,2
202300027154,2023-06-29 16:20:00,2023,6,29,16,20,83,83138,D562,43.610644,6.725913,Plein jour,Hors agglomération,Hors intersection,Normale,Deux véhicules - frontale,3,2,2,0,1,2,1,0,1,80,2,3,0,0,0,3,76.0,77.0,voiture,voiture,1,1,1,1,1
202300027155,2023-06-29 09:15:00,2023,6,29,9,15,21,21292,D905,47.234745,5.229551,Plein jour,En agglomération,Giratoire,Normale,Deux véhicules - côté,3,2,2,0,1,2,1,5,1,50,2,2,1,0,0,1,25.0,35.0,voiture,deux_roues,1,2,6,1,3
202300027155,2023-06-29 09:15:00,2023,6,29,9,15,21,21292,D905,47.234745,5.229551,Plein jour,En agglomération,Giratoire,Normale,Deux véhicules - côté,3,2,2,-1,1,1,1,5,1,-1,2,2,1,0,0,1,25.0,35.0,voiture,deux_roues,1,2,6,1,3
202300027156,2023-06-29 16:33:00,2023,6,29,16,33,68,68063,Rue de Schweighouse,47.799705,7.179378,Plein jour,En agglomération,Intersection en T,Normale,Autre collision,4,2,2,0,1,1,1,0,1,50,1,2,1,0,1,0,53.0,,voiture,,1,2,3,1,6
202300027156,2023-06-29 16:33:00,2023,6,29,16,33,68,68063,Rue de Schweighouse,47.799705,7.179378,Plein jour,En agglomération,Intersection en T,Normale,Autre collision,4,2, -1,-1,1,1,1,0,1,-1,1,2,1,0,1,0,53.0,,voiture,,1,2,3,1,6
202300027157,2023-06-29 12:50:00,2023,6,29,12,50,63,63284,D2 route de malintrat /VC,45.795649,3.211591,Plein jour,Hors agglomération,Intersection en T,Normale,Deux véhicules - côté,3,-1,2,0,1,1,1,0,1,80,2,2,1,0,1,0,46.0,48.0,utilitaire_camion,deux_roues,1,1,3,1,3
202300027157,2023-06-29 12:50:00,2023,6,29,12,50,63,63284,D2 route de malintrat /VC,45.795649,3.211591,Plein jour,Hors agglomération,Intersection en T,Normale,Deux véhicules - côté,3,2,2,0,2,1,1,0,1,90,2,2,1,0,1,0,46.0,48.0,utilitaire_camion,deux_roues,1,1,3,1,3
202300027158,2023-05-27 00:50:00,2023,5,27,0,50,81,81093, A68,43.893424,2.025411,Nuit sans éclairage public,Hors agglomération,Hors intersection,Normale,Trois véhicules et plus - en chaîne,1,3,4,0,1,1,1,0,1,130,3,4,2,0,1,1,56.0,27.0,voiture,voiture,3,1,1,1,4
202300027159,2023-06-29 10:00:00,2023,6,29,10,0,46,46272,D2,44.621013,2.114364,Plein jour,Hors agglomération,Intersection en Y,Normale,Deux véhicules - côté,3,2,2,0,1,2,1,0,1,80,2,2,0,0,2,0,29.0,15.0,deux_roues,deux_roues,1,1,4,1,3
202300027159,2023-06-29 10:00:00,2023,6,29,10,0,46,46272,D2,44.621013,2.114364,Plein jour,Hors agglomération,Intersection en Y,Normale,Deux véhicules - côté,3,2, -1,-1,1,2,1,0,1,-1,2,2,0,0,2,0,29.0,15.0,deux_roues,deux_roues,1,1,4,1,3
202300027160,2023-06-18 08:20:00,2023,6,18,8,20,33,33284,79 Avenue de la Libération,44.624106,-0.901997,Plein jour,En agglomération,Hors intersection,Normale,Deux véhicules - arrière,4,2,2,0,1,1,1,0,1,50,2,2,1,0,0,1,62.0,35.0,voiture,voiture,1,2,1,1,2
202300027161,2023-06-27 12:00:00,2023,6,27,12,0,50,50139,D551,49.026261,-1.037972,Plein jour,Hors agglomération,Hors intersection,Normale,Sans collision,3,2,2,0,2,1,1,0,3,-1,1,1,0,1,0,0,76.0,,deux_roues,,1,1,1,1,7
202300027162,2023-06-27 18:25:00,2023,6,27,18,25,22,22076,D43 - Le Rocher,48.579226,-2.358719,Plein jour,Hors agglomération,Hors intersection,Normale,Deux véhicules - frontale,3,2,2,0,3,3,1,0,1,80,2,2,1,0,1,0,19.0,50.0,voiture,voiture,1,1,1,1,1
202300027163,2023-10-11 14:30:00,2023,10,11,14,30,23,23096,GUILLAUMIN (BOULEVARD),46.1712,1.8666,Plein jour,En agglomération,Intersection en X,Normale,Deux véhicules - côté,4,1,1,0,4,1,1,0,1,50,2,2,1,0,0,1,19.0,12.0,voiture,deux_roues,1,2,2,1,3
202300027163,2023-10-11 14:30:00,2023,10,11,14,30,23,23096,GUILLAUMIN (BOULEVARD),46.1712,1.8666,Plein jour,En agglomération,Intersection en X,Normale,Deux véhicules - côté,4,1,1,0,1,1,1,0,1,50,2,2,1,0,0,1,19.0,12.0,voiture,deux_roues,1,2,2,1,3
202300027164,2023-10-11 19:25:00,2023,10,11,19,25,17,17291,MARE  RUE DU FIEF DE LA,46.177211,-1.132856,Plein jour,En agglomération,Hors intersection,Normale,Trois véhicules et plus - en chaîne,3,2,2,0,1,3,1,0,1,30,3,4,3,0,0,1,18.0,21.0,voiture,voiture,1,2,1,1,4
202300027165,2023-10-11 19:10:00,2023,10,11,19,10,17,17300,CARNOT   AVENUE,46.16449,-1.18177,Plein jour,En agglomération,Giratoire,Normale,Deux véhicules - côté,4,2,2,0,1,1,1,0,1,30,2,3,1,0,0,2,61.0,29.0,deux_roues,voiture,1,2,6,1,3
202300027165,2023-10-11 19:10:00,2023,10,11,19,10,17,17300,CARNOT   AVENUE,46.16449,-1.18177,Plein jour,En agglomération,Giratoire,Normale,Deux véhicules - côté,4,2,2,0,1,1,1,0,1,30,2,3,1,0,0,2,61.0,29.0,deux_roues,voiture,1,2,6,1,3
202300027166,2023-10-11 23:20:00,2023,10,11,23,20,13,13211,POMME (BOULEVARD DE LA ),43.29211,5.44558,Nuit avec éclairage allumé,En agglomération,Hors intersection,Normale,Sans collision,4,2,4,0,1,1,1,0,1,50,1,1,0,0,0,1,30.0,,deux_roues,,5,2,1,1,7
202300027167,2023-10-08 23:25:00,2023,10,8,23,25,13,13214,Louis VILLECROZE (Bld),43.32129,5.39207,Nuit sans éclairage public,En agglomération,Hors intersection,Normale,Deux véhicules - frontale,4,2,2,0,1,1,1,0,4,50,1,2,0,0,0,2,21.0,,deux_roues,,3,2,1,1,1
202300027168,2023-10-11 20:00:00,2023,10,11,20,0,11,11262,,43.19661,2.99912,Crépuscule ou aube,Hors agglomération,Hors intersection,Normale,Trois véhicules et plus - collisions multiples,3,2,2,0,1,1,1,0,1,80,3,3,1,0,0,2,26.0,31.0,voiture,voiture,2,1,1,1,5
202300027169,2023-10-11 08:38:00,2023,10,11,8,38,75,75115,PORTE DE SEVRES,48.83468,2.274681,Plein jour,En agglomération,Hors intersection,Normale,Autre collision,4,1,4,0,1,1,1,0,1,70,5,5,3,0,0,2,34.0,42.0,voiture,voiture,1,2,1,1,6
202300027170,2023-10-10 18:20:00,2023,10,10,18,20,75,75116,PORTE MAILLOT,48.876323,2.278525,Plein jour,En agglomération,Hors intersection,Normale,Deux véhicules - côté,4,1,4,0,1,1,1,0,1,70,2,2,1,0,0,1,38.0,46.0,deux_roues,voiture,1,2,1,1,3
202300027171,2023-10-10 23:35:00,2023,10,10,23,35,75,75102,BOULEVARD DE SEBASTOPOL,48.866234,2.352539,Nuit avec éclairage allumé,En agglomération,Intersection en X,Normale,Deux véhicules - côté,4,1,3,2,1,1,1,0,1,30,2,2,1,0,1,0,33.0,38.0,deux_roues,voiture,5,2,2,1,3
202300027171,2023-10-10 23:35:00,2023,10,10,23,35,75,75102,BOULEVARD DE SEBASTOPOL,48.866234,2.352539,Nuit avec éclairage allumé,En agglomération,Intersection en X,Normale,Deux véhicules - côté,4,2,4,3,1,1,1,0,1,30,2,2,1,0,1,0,33.0,38.0,deux_roues,voiture,5,2,2,1,3