accident_id,datetime,annee,mois,jour,heure,minute,departement,commune_insee,adresse,latitude,longitude,luminosite,agglomeration,intersection,meteo,collision,catr,circ,nbv,vosp,prof,plan,surf,infra,situ,vma,nb_vehicules,nb_usagers,nb_indemnes,nb_tues,nb_blesses_hosp,nb_blesses_legers,age_cond_1,age_cond_2,veh_type_cond_1,veh_type_cond_2,lum_code,agg_code,int_code,atm_code,col_code
202300027234,2023-10-10 21:30:00,2023,10,10,21,30,14,14119,1 Rue du Lucet,49.142517,-0.258908,Nuit avec éclairage allumé,En agglomération,Intersection en X,Normale,Deux véhicules - frontale,4,2,2,0,1,1,1,0,1,-1,2,2,1,0,1,0,18.0,40.0,deux_roues,voiture,5,2,2,1,1
202300027234,2023-10-10 21:30:00,2023,10,10,21,30,14,14119,1 Rue du Lucet,49.142517,-0.258908,Nuit avec éclairage allumé,En agglomération,Intersection en X,Normale,Deux véhicules - frontale,4,2,2,0,1,1,1,0,1,30,2,2,1,0,1,0,18.0,40.0,deux_roues,voiture,5,2,2,1,1
202300027235,2023-10-11 15:45:00,2023,10,11,15,45,14,14229,2 Faubourg des Couperees,49.233958,-0.037969,Plein jour,En agglomération,Giratoire,Normale,Sans collision,3,2,1,0,1,1,1,5,1,50,1,1,0,0,0,1,63.0,,deux_roues,,1,2,6,1,7
202300027235,2023-10-11 15:45:00,2023,10,11,15,45,14,14229,2 Faubourg des Couperees,49.233958,-0.037969,Plein jour,En agglomération,Giratoire,Normale,Sans collision,3,-1,2,0,1,1,1,5,1,50,1,1,0,0,0,1,63.0,,deux_roues,,1,2,6,1,7
202300027236,2023-10-11 21:00:00,2023,10,11,21,0,60,60471,Rd 1032,49.571958,3.02815,Nuit sans éclairage public,Hors agglomération,Hors intersection,Normale,Deux véhicules - frontale,3,2,2,0,1,1,1,0,1,80,2,2,0,0,2,0,46.0,28.0,voiture,voiture,3,1,1,1,1
202300027237,2023-10-11 17:00:00,2023,10,11,17,0,53,53140,PK 48+250 rn162,48.127007,-0.71939,Plein jour,Hors agglomération,Hors intersection,Normale,Deux véhicules - arrière,2,3,0,0,1,1,1,0,1,110,2,3,2,0,1,0,53.0,19.0,voiture,voiture,1,1,1,1,2
202300027238,2023-10-11 08:03:00,2023,10,11,8,3,85,85127,RD21,46.423626,-1.516521,Crépuscule ou aube,Hors agglomération,Hors intersection,Brouillard / fumée,Deux véhicules - côté,3,2,2,0,1,2,3,0,1,70,2,2,0,0,1,1,20.0,55.0,voiture,voiture,2,1,1,5,3
202300027239,2023-10-11 18:40:00,2023,10,11,18,40,37,37104,route de saint branchs,47.25772814,0.77996492,Plein jour,Hors agglomération,Hors intersection,Normale,Deux véhicules - frontale,3,2,2,0,1,2,1,0,1,80,2,2,0,0,2,0,53.0,56.0,voiture,voiture,1,1,1,1,1
202300027240,2023-10-11 06:20:00,2023,10,11,6,20,08,08490,Rue de la Forteresse,49.425916,4.677032,Nuit avec éclairage allumé,En agglomération,Intersection en X,Normale,Deux véhicules - côté,3,2,2,0,3,1,1,0,1,30,2,2,1,0,1,0,60.0,21.0,voiture,voiture,5,2,2,1,3
202300027240,2023-10-11 06:20:00,2023,10,11,6,20,08,08490,Rue de la Forteresse,49.425916,4.677032,Nuit avec éclairage allumé,En agglomération,Intersection en X,Normale,Deux véhicules - côté,3,2,2,0,3,1,1,0,1,30,2,2,1,0,1,0,60.0,21.0,voiture,voiture,5,2,2,1,3
202300027241,2023-10-12 12:45:00,2023,10,12,12,45,24,24225,Avenue de Bergerac,44.837377,0.408769,Plein jour,Hors agglomération,Hors intersection,Normale,Deux véhicules - frontale,3,2,1,0,1,1,1,0,1,80,2,4,0,0,3,1,23.0,52.0,voiture,voiture,1,1,1,1,1
202300027242,2023-10-11 07:15:00,2023,10,11,7,15,987,98738,PK 14.8 RT 1,-17.618,-149.549,Plein jour,Hors agglomération,Hors intersection,Normale,Autre collision,2,3,3,0,1,1,1,0,1,60,1,2,1,0,1,0,21.0,,deux_roues,,1,1,1,1,6
202300027243,2023-10-12 06:50:00,2023,10,12,6,50,973,97309,Giratoire Adelaide Tablon,4.887014,-52.28511,Plein jour,En agglomération,Giratoire,Normale,Deux véhicules - côté,3,2,2,1,1,3,1,5,1,50,2,2,1,0,1,0,28.0,15.0,voiture,deux_roues,1,2,6,1,3
202300027244,2023-10-12 12:50:00,2023,10,12,12,50,62,62355,A1,50.337251,2.925287,Plein jour,Hors agglomération,Hors intersection,Temps couvert,Autre collision,1,2,3,0,1,1,1,0,1,70,1,1,0,0,1,0,53.0,,deux_roues,,1,1,1,8,6
202300027245,2023-10-11 19:15:00,2023,10,11,19,15,34,34134,M5,43.590059,3.800942,Nuit avec éclairage allumé,En agglomération,Intersection en T,Normale,Deux véhicules - frontale,7,2,3,0,1,1,1,5,1,50,2,2,1,0,1,0,24.0,29.0,deux_roues,voiture,5,2,3,1,1
202300027245,2023-10-11 19:15:00,2023,10,11,19,15,34,34134,M5,43.590059,3.800942,Nuit avec éclairage allumé,En agglomération,Intersection en T,Normale,Deux véhicules - frontale,7,2, -1,-1,1,1,1,5,1,-1,2,2,1,0,1,0,24.0,29.0,deux_roues,voiture,5,2,3,1,1
202300027246,2023-10-11 22:45:00,2023,10,11,22,45,91,91666,Rue d'orsay,48.675813,2.22087,Nuit sans éclairage public,Hors agglomération,Hors intersection,Normale,Deux véhicules - frontale,3,2,2,0,1,2,1,0,1,50,2,5,4,0,0,1,22.0,61.0,voiture,voiture,3,1,1,1,1
202300027247,2023-10-12 20:00:00,2023,10,12,20,0,30,30330,,44.026489,4.006448,Nuit sans éclairage public,Hors agglomération,Hors intersection,Normale,Sans collision,3,2,2,0,1,1,1,0,1,80,1,1,0,0,1,0,42.0,,deux_roues,,3,1,1,1,7
202300027248,2023-10-11 10:15:00,2023,10,11,10,15,13,13015,Avenue des noyers,43.434465,5.409726,Plein jour,En agglomération,Intersection en T,Normale,Deux véhicules - côté,4,2,2,0,1,1,1,5,1,50,2,2,1,0,1,0,40.0,76.0,voiture,deux_roues,1,2,3,1,3
202300027248,2023-10-11 10:15:00,2023,10,11,10,15,13,13015,Avenue des noyers,43.434465,5.409726,Plein jour,En agglomération,Intersection en T,Normale,Deux véhicules - côté,4,2,2,0,1,1,1,5,1,50,2,2,1,0,1,0,40.0,76.0,voiture,deux_roues,1,2,3,1,3
202300027249,2023-10-11 17:00:00,2023,10,11,17,0,68,68111,Rue des Forgerons,48.004297,7.27845,Plein jour,En agglomération,Hors intersection,Normale,Deux véhicules - côté,3,2,2,0,2,1,1,0,1,30,2,2,1,0,0,1,47.0,34.0,voiture,deux_roues,1,2,1,1,3
202300027250,2023-10-05 16:45:00,2023,10,5,16,45,38,38236,1025 Chemin de Beljoyer,45.421539,5.724904,Plein jour,Hors agglomération,Hors intersection,Normale,Autre collision,4,-1,2,0,1,1,2,0,8,50,1,1,0,0,1,0,21.0,,deux_roues,,1,1,1,1,6
202300027251,2023-10-11 00:15:00,2023,10,11,0,15,69,69032,Route de Lyon,45.84640225,4.58875832,Nuit sans éclairage public,Hors agglomération,Hors intersection,Normale,Deux véhicules - frontale,2,2,2,0,2,3,1,0,1,50,2,3,1,0,0,2,30.0,76.0,utilitaire_camion,voiture,3,1,1,1,1
202300027252,2023-10-11 10:00:00,2023,10,11,10,0,17,17219,Rue du Moulin des Coquards,45.830668,-1.104759,Plein jour,En agglomération,Intersection en T,Normale,Deux véhicules - frontale,4,2,2,-1,1,1,1,0,1,30,2,2,1,0,1,0,46.0,48.0,voiture,deux_roues,1,2,3,1,1
202300027252,2023-10-11 10:00:00,2023,10,11,10,0,17,17219,Rue du Moulin des Coquards,45.830668,-1.104759,Plein jour,En agglomération,Intersection en T,Normale,Deux véhicules - frontale,4,2,2,0,1,1,1,0,1,50,2,2,1,0,1,0,46.0,48.0,voiture,deux_roues,1,2,3,1,1
202300027253,2023-10-12 07:50:00,2023,10,12,7,50,14,14630,Route de Caen,49.256686,-0.647711,Crépuscule ou aube,Hors agglomération,Giratoire,Temps couvert,Deux véhicules - côté,3,-1,2,0,1,2,1,5,1,30,2,2,1,0,1,0,60.0,58.0,voiture,deux_roues,2,1,6,8,3
202300027253,2023-10-12 07:50:00,2023,10,12,7,50,14,14630,Route de Caen,49.256686,-0.647711,Crépuscule ou aube,Hors agglomération,Giratoire,Temps couvert,Deux véhicules - côté,3,2,2,0,1,2,1,5,1,30,2,2,1,0,1,0,60.0,58.0,voiture,deux_roues,2,1,6,8,3
202300027254,2023-10-10 08:56:00,2023,10,10,8,56,56,56242,Bistoquet,48.101675,-3.10352,Crépuscule ou aube,Hors agglomération,Hors intersection,Temps éblouissant,Trois véhicules et plus - collisions multiples,3,2,2,0,2,1,1,8,1,80,3,3,1,0,0,2,31.0,76.0,voiture,voiture,2,1,1,7,5
202300027255,2023-10-12 10:34:00,2023,10,12,10,34,22,22093,24 Rue du Moulin à Vent,48.462685,-2.431262,Plein jour,En agglomération,Intersection en X,Normale,Deux véhicules - côté,4,2,2,0,1,1,1,0,1,50,2,2,1,0,1,0,60.0,18.0,utilitaire_camion,deux_roues,1,2,2,1,3
202300027255,2023-10-12 10:34:00,2023,10,12,10,34,22,22093,24 Rue du Moulin à Vent,48.462685,-2.431262,Plein jour,En agglomération,Intersection en X,Normale,Deux véhicules - côté,4,2,2,0,2,1,1,0,1,50,2,2,1,0,1,0,60.0,18.0,utilitaire_camion,deux_roues,1,2,2,1,3
202300027256,2023-10-11 17:29:00,2023,10,11,17,29,35,35031,Les Forges,48.15164,-1.444295,Plein jour,Hors agglomération,Hors intersection,Normale,Deux véhicules - frontale,3,2,2,0,1,1,1,0,1,80,2,2,1,1,0,0,45.0,48.0,deux_roues,voiture,1,1,1,1,1
202300027257,2023-10-12 07:55:00,2023,10,12,7,55,59,59126,Rue de Cambrai,50.312859,3.122917,Crépuscule ou aube,En agglomération,Hors intersection,Pluie légère,Autre collision,4,2,1,0,1,1,2,0,1,50,1,2,1,0,1,0,22.0,,voiture,,2,2,1,2,6
202300027258,2023-10-11 23:35:00,2023,10,11,23,35,59,59416,30 Rue du Bas Schoubrouck,50.686545,2.528062,Nuit sans éclairage public,Hors agglomération,Hors intersection,Normale,Sans collision,3,2,2,0,1,2,9,0,8,80,1,3,1,0,1,1,25.0,,voiture,,3,1,1,1,7
202300027259,2023-10-11 16:30:00,2023,10,11,16,30,59,59034,D549,50.528133,3.099732,Plein jour,Hors agglomération,Giratoire,Normale,Deux véhicules - côté,3,2,1,1,1,2,1,0,1,80,2,2,1,0,0,1,39.0,20.0,deux_roues,utilitaire_camion,1,1,6,1,3
202300027260,2023-10-11 19:55:00,2023,10,11,19,55,33,33249,ROCADE A 630,44.88441528,-0.51758856,Plein jour,Hors agglomération,Hors intersection,Normale,Deux véhicules - côté,1,3,1,0,1,3,1,0,1,50,2,2,1,0,0,1,55.0,59.0,deux_roues,voiture,1,1,1,1,3
202300027261,2023-10-11 17:05:00,2023,10,11,17,5,33,33039,ROCADE A 630,44.79244728,-0.53999808,Plein jour,Hors agglomération,Hors intersection,Normale,Deux véhicules - côté,1,3,2,0,1,1,1,0,1,90,2,2,1,0,0,1,37.0,,voiture,utilitaire_camion,1,1,1,1,3
202300027262,2023-10-08 18:20:00,2023,10,8,18,20,59,59359,AUTOROUTE A16,50.98549,2.23094,Plein jour,Hors agglomération,Hors intersection,Normale,Sans collision,1,1,4,0,1,2,1,0,1,110,1,1,0,0,0,1,58.0,,deux_roues,,1,1,1,1,7
202300027263,2023-10-11 19:15:00,2023,10,11,19,15,91,91434,AUTOROUTE A6,48.66927,2.35077,Nuit sans éclairage public,Hors agglomération,Hors intersection,Normale,Deux véhicules - arrière,1,2,3,0,1,1,1,0,1,110,2,2,1,0,0,1,21.0,26.0,deux_roues,voiture,3,1,1,1,2
202300027264,2023-10-11 18:35:00,2023,10,11,18,35,91,91692,RN 118,48.671627,2.193912,Crépuscule ou aube,Hors agglomération,Hors intersection,Normale,Trois véhicules et plus - en chaîne,2,1,2,0,1,1,1,0,1,90,3,4,3,0,0,1,21.0,53.0,voiture,voiture,2,1,1,1,4
202300027265,2023-10-11 18:30:00,2023,10,11,18,30,92,92002,N385,48.75994034,2.27899253,Crépuscule ou aube,Hors agglomération,Hors intersection,Normale,Deux véhicules - côté,1,1,2,0,1,1,1,0,1,90,2,2,1,0,0,1,42.0,20.0,deux_roues,voiture,2,1,1,1,3
202300027266,2023-10-11 17:00:00,2023,10,11,17,0,91,91136,AUTOROUTE A10,48.7136,2.27555,Plein jour,Hors agglomération,Hors intersection,Normale,Deux véhicules - côté,1,-1,3,0,1,1,1,0,1,90,2,2,1,0,0,1,60.0,34.0,voiture,deux_roues,1,1,1,1,3
202300027267,2023-10-11 08:14:00,2023,10,11,8,14,91,91589,AUTOROUTE A6,48.67884,2.33505,Plein jour,Hors agglomération,Hors intersection,Normale,Deux véhicules - côté,1,3,3,0,1,1,1,0,1,110,2,2,1,0,0,1,25.0,26.0,utilitaire_camion,deux_roues,1,1,1,1,3
202300027268,2023-10-11 10:00:00,2023,10,11,10,0,93,93007,AUTOROUTE A1,48.94785,2.44451,Plein jour,Hors agglomération,Hors intersection,Normale,Trois véhicules et plus - collisions multiples,1,3,4,0,1,1,1,1,1,110,3,3,1,0,0,2,47.0,58.0,utilitaire_camion,voiture,1,1,1,1,5
202300027269,2023-10-11 17:30:00,2023,10,11,17,30,94,94028,A86,48.79614431,2.44319764,Plein jour,Hors agglomération,Hors intersection,Normale,Deux véhicules - arrière,1,3,3,0,1,1,1,0,1,90,2,2,1,0,0,1,43.0,59.0,deux_roues,voiture,1,1,1,1,2
202300027270,2023-10-11 09:30:00,2023,10,11,9,30,94,94022,A86,48.77633,2.42206,Plein jour,Hors agglomération,Hors intersection,Normale,Deux véhicules - arrière,1,3,3,0,1,1,1,0,1,90,2,2,1,0,0,1,26.0,48.0,voiture,voiture,1,1,1,1,2
202300027271,2023-10-11 09:20:00,2023,10,11,9,20,93,93051,A4,48.83515238,2.57609455,Plein jour,Hors agglomération,Hors intersection,Normale,Deux véhicules - côté,1,3,4,0,1,1,1,0,1,110,2,2,0,0,0,2,21.0,47.0,deux_roues,deux_roues,1,1,1,1,3
202300027272,2023-10-11 08:10:00,2023,10,11,8,10,94,94073,A86,48.75717,2.38389,Plein jour,Hors agglomération,Hors intersection,Normale,Deux véhicules - côté,1,3,2,0,1,1,1,0,1,90,2,2,1,0,0,1,37.0,44.0,deux_roues,voiture,1,1,1,1,3
202300027273,2023-06-09 19:15:00,2023,6,9,19,15,32,32013,PIERRE DE MONTESQUIOU (AVENUE),43.63939,0.59023,Plein jour,En agglomération,Intersection en T,Normale,Deux véhicules - côté,4,2,2,0,1,1,1,0,1,50,2,2,1,0,0,1,19.0,73.0,deux_roues,voiture,1,2,3,1,3
202300027273,2023-06-09 19:15:00,2023,6,9,19,15,32,32013,PIERRE DE MONTESQUIOU (AVENUE),43.63939,0.59023,Plein jour,En agglomération,Intersection en T,Normale,Deux véhicules - côté,4,2,2,0,1,1,1,5,1,50,2,2,1,0,0,1,19.0,73.0,deux_roues,voiture,1,2,3,1,3
202300027274,2023-07-30 18:05:00,2023,7,30,18,5,62,62609,A26,50.36096407,2.77406185,Plein jour,Hors agglomération,Hors intersection,Temps couvert,Trois véhicules et plus - collisions multiples,1,3,4,0,1,1,1,8,1,80,4,17,6,3,8,0,47.0,33.0,voiture,voiture,1,1,1,8,5
202300027275,2023-06-18 15:15:00,2023,6,18,15,15,13,13048,D561,43.621934,5.670807,Plein jour,Hors agglomération,Hors intersection,Normale,Deux véhicules - frontale,3,2,2,0,1,1,1,0,3,80,1,5,1,0,1,3,23.0,,voiture,,1,1,1,1,1
202300027276,2023-10-10 13:15:00,2023,10,10,13,15,974,97411,BRASSENS (AVENUE GEORGES),-20.90439,55.48282,Plein jour,En agglomération,Hors intersection,Normale,Deux véhicules - côté,4,1,2,3,1,1,1,0,1,50,2,2,1,1,0,0,50.0,25.0,voiture,deux_roues,1,2,1,1,3
202300027277,2023-10-10 12:30:00,2023,10,10,12,30,974,97411,KARTING (DU),-20.8946,55.4976,Plein jour,En agglomération,Hors intersection,Normale,Deux véhicules - côté,4,2,3,0,1,1,1,0,1,50,2,2,1,0,0,1,19.0,34.0,voiture,transport_commun,1,2,1,1,3
202300027278,2023-10-08 19:30:00,2023,10,8,19,30,974,97411,MACE (ROUTE GABRIEL),-20.90508,55.50437,Nuit avec éclairage allumé,En agglomération,Giratoire,Normale,Deux véhicules - arrière,3,2,0,0,1,1,1,3,1,50,2,2,0,0,0,2,33.0,32.0,deux_roues,deux_roues,5,2,6,1,2
202300027278,2023-10-08 19:30:00,2023,10,8,19,30,974,97411,MACE (ROUTE GABRIEL),-20.90508,55.50437,Nuit avec éclairage allumé,En agglomération,Giratoire,Normale,Deux véhicules - arrière,3,-1,3,0,2,1,1,0,1,50,2,2,0,0,0,2,33.0,32.0,deux_roues,deux_roues,5,2,6,1,2
202300027279,2023-10-08 06:50:00,2023,10,8,6,50,974,97411,MONTAGNE (ROUTE DE LA),-20.88683,55.44066,Plein jour,En agglomération,Hors intersection,Normale,Deux véhicules - frontale,3,2,2,0,2,2,1,0,1,50,2,3,1,0,0,2,57.0,19.0,voiture,deux_roues,1,2,1,1,1
202300027280,2023-10-09 17:10:00,2023,10,9,17,10,973,97302,MONTABO (ROUTE DE) 2,4.94067266,-52.3021853,Plein jour,En agglomération,Hors intersection,Normale,Trois véhicules et plus - collisions multiples,3,2,2,0,1,1,1,0,1,50,4,4,1,0,0,3,55.0,42.0,voiture,voiture,1,2,1,1,5
202300027281,2023-10-10 02:50:00,2023,10,10,2,50,973,97309,TROUBIRAN (CHEMIN DE),4.91985823,-52.3044987,Plein jour,En agglomération,Hors intersection,Normale,Autre collision,4,2,2,0,1,1,9,0,4,50,1,1,0,0,0,1,19.0,,deux_roues,,1,2,1,1,6
202300027282,2023-10-09 13:25:00,2023,10,9,13,25,973,97302,BOULEVARD DES CITES,4.92160949,-52.31699377,Plein jour,En agglomération,Intersection en T,Normale,Deux véhicules - arrière,4,2,2,0,1,1,1,0,1,50,2,2,1,0,1,0,40.0,24.0,deux_roues,voiture,1,2,3,1,2
202300027283,2023-10-06 19:05:00,2023,10,6,19,5,973,97302,TIGRE (ROUTE DU),4.91066,-52.30828,Nuit sans éclairage public,En agglomération,Hors intersection,Normale,Sans collision,3,2,2,0,1,3,1,0,1,50,1,1,0,0,0,1,29.0,,deux_roues,,3,2,1,1,7
202300027284,2023-10-06 20:00:00,2023,10,6,20,0,973,97302,MONTABO (ROUTE DE) 3,4.93784096,-52.29871988,Nuit avec éclairage non allumé,En agglomération,Intersection en X,Normale,Deux véhicules - côté,3,2,2,0,1,1,1,0,1,50,2,2,0,0,0,2,79.0,18.0,deux_roues,voiture,4,2,2,1,3
202300027284,2023-10-06 20:00:00,2023,10,6,20,0,973,97302,MONTABO (ROUTE DE) 3,4.93784096,-52.29871988,Nuit avec éclairage non allumé,En agglomération,Intersection en X,Normale,Deux véhicules - côté,3,2,4,2,1,1,1,0,1,50,2,2,0,0,0,2,79.0,18.0,deux_roues,voiture,4,2,2,1,3
202300027285,2023-10-09 07:50:00,2023,10,9,7,50,973,97302,MONTABO (ROUTE DE) 1,4.93952,-52.30107,Plein jour,En agglomération,Intersection en T,Normale,Deux véhicules - côté,3,2,2,0,1,1,1,0,1,50,2,2,1,0,1,0,25.0,48.0,voiture,deux_roues,1,2,3,1,3
202300027285,2023-10-09 07:50:00,2023,10,9,7,50,973,97302,MONTABO (ROUTE DE) 1,4.93952,-52.30107,Plein jour,En agglomération,Intersection en T,Normale,Deux véhicules - côté,3,2,2,0,1,1,1,0,1,50,2,2,1,0,1,0,25.0,48.0,voiture,deux_roues,1,2,3,1,3
202300027286,2023-10-07 04:25:00,2023,10,7,4,25,973,97302,ROUTE NATIONALE 1,4.92179,-52.32993,Nuit avec éclairage allumé,En agglomération,Hors intersection,Normale,Sans collision,2,-1,4,0,1,3,1,0,8,90,1,3,1,0,0,2,,,voiture,,5,2,1,1,7
202300027287,2023-10-09 14:15:00,2023,10,9,14,15,69,69386,Quai Charles de Gaulle,45.77945,4.84538,Plein jour,En agglomération,Hors intersection,Normale,Deux véhicules - côté,4,2,5,0,1,1,1,0,1,70,2,2,0,0,1,1,24.0,36.0,voiture,deux_roues,1,2,1,1,3
202300027288,2023-09-19 17:45:00,2023,9,19,17,45,972,97213,ACAJOU PROLONGEE,14.628238,-61.021209,Plein jour,En agglomération,Hors intersection,Normale,Autre collision,4,1,1,0,2,1,1,0,1,50,1,2,1,0,0,1,69.0,,voiture,,1,2,1,1,6
202300027289,2023-10-09 13:00:00,2023,10,9,13,0,69,69384,Rue de Cuire,45.77953,4.82924,Plein jour,En agglomération,Intersection en X,Normale,Deux véhicules - côté,4,1,1,2,1,1,1,0,1,30,2,2,1,0,0,1,,40.0,voiture,deux_roues,1,2,2,1,3
202300027289,2023-10-09 13:00:00,2023,10,9,13,0,69,69384,Rue de Cuire,45.77953,4.82924,Plein jour,En agglomération,Intersection en X,Normale,Deux véhicules - côté,4,2,2,0,1,1,1,0,1,30,2,2,1,0,0,1,,40.0,voiture,deux_roues,1,2,2,1,3
202300027290,2023-10-09 02:00:00,2023,10,9,2,0,971,97101,EDOUARD BOTINO (AVENUE),16.25889468,-61.52362794,Nuit avec éclairage allumé,En agglomération,Autre intersection,Pluie forte,Autre collision,4,1,2,0,1,1,2,0,3,50,1,1,0,0,1,0,43.0,,voiture,,5,2,9,3,6
202300027291,2023-10-09 08:20:00,2023,10,9,8,20,95,95019,COUTURIER PAUL VAILLANT (AVENUE),48.98246,2.42143,Plein jour,En agglomération,Hors intersection,Normale,Autre collision,6,-1, -1,0,1,1,1,0,8,-1,1,2,1,0,0,1,47.0,,autre,,1,2,1,1,6
202300027292,2023-10-09 15:40:00,2023,10,9,15,40,95,95428,GALLERANDS (RUE DES),48.9905,2.32651,Plein jour,En agglomération,Intersection en Y,Normale,Deux véhicules - frontale,4,2,0,0,1,1,1,0,1,50,2,2,1,0,0,1,38.0,39.0,voiture,deux_roues,1,2,4,1,1
202300027292,2023-10-09 15:40:00,2023,10,9,15,40,95,95428,GALLERANDS (RUE DES),48.9905,2.32651,Plein jour,En agglomération,Intersection en Y,Normale,Deux véhicules - frontale,4,1,1,0,2,1,1,0,1,50,2,2,1,0,0,1,38.0,39.0,voiture,deux_roues,1,2,4,1,1
202300027293,2023-10-10 17:30:00,2023,10,10,17,30,91,91215,AV DU HUIT MAI 1945,48.69767,2.51899,Plein jour,En agglomération,Giratoire,Normale,Autre collision,3,3,2,0,1,1,1,0,1,50,1,3,1,0,0,2,78.0,,voiture,,1,2,6,1,6
202300027293,2023-10-10 17:30:00,2023,10,10,17,30,91,91215,AV DU HUIT MAI 1945,48.69767,2.51899,Plein jour,En agglomération,Giratoire,Normale,Autre collision,3,2,2,0,1,1,1,0,1,50,1,3,1,0,0,2,78.0,,voiture,,1,2,6,1,6
202300027294,2023-10-10 08:20:00,2023,10,10,8,20,91,91114,AV DE LA FORET,48.68661,2.49842,Plein jour,En agglomération,Autre intersection,Normale,Deux véhicules - côté,4,2,2,0,1,1,1,0,1,50,2,2,1,0,0,1,26.0,56.0,deux_roues,voiture,1,2,9,1,3
202300027295,2023-10-10 12:15:00,2023,10,10,12,15,91,91201,BD HENRI BARBUSSE,48.686079,2.408718,Plein jour,En agglomération,Intersection en X,Normale,Deux véhicules - côté,3,4,3,0,1,1,1,0,1,50,2,5,2,0,0,3,47.0,19.0,voiture,voiture,1,2,2,1,3
202300027295,2023-10-10 12:15:00,2023,10,10,12,15,91,91201,BD HENRI BARBUSSE,48.686079,2.408718,Plein jour,En agglomération,Intersection en X,Normale,Deux véhicules - côté,3,4,2,0,1,1,1,0,1,50,2,5,2,0,0,3,47.0,19.0,voiture,voiture,1,2,2,1,3
202300027296,2023-10-07 09:15:00,2023,10,7,9,15,88,88209,MOSELLE (RUE DE LA),48.193451,6.441579,Plein jour,En agglomération,Intersection en X,Normale,Deux véhicules - côté,4,2,2,0,1,1,1,0,1,50,2,3,0,0,0,3,45.0,26.0,voiture,autre,1,2,2,1,3
202300027296,2023-10-07 09:15:00,2023,10,7,9,15,88,88209,MOSELLE (RUE DE LA),48.193451,6.441579,Plein jour,En agglomération,Intersection en X,Normale,Deux véhicules - côté,4,2,2,0,1,1,1,0,1,50,2,3,0,0,0,3,45.0,26.0,voiture,autre,1,2,2,1,3
202300027297,2023-10-05 18:16:00,2023,10,5,18,16,87,87085,ANTONY (RUE  ET CHEMIN D'),45.83267,1.24334,Plein jour,Hors agglomération,Hors intersection,Normale,Sans collision,4,2,2,0,1,1,1,0,1,30,1,1,0,0,0,1,38.0,,deux_roues,,1,1,1,1,7
202300027298,2023-10-05 10:56:00,2023,10,5,10,56,87,87085,FEYTIAT (RUE DE),45.81797,1.28961,Plein jour,En agglomération,Intersection en T,Normale,Deux véhicules - côté,3,2,2,0,1,1,1,0,1,50,2,2,1,0,0,1,21.0,50.0,utilitaire_camion,voiture,1,2,3,1,3
202300027298,2023-10-05 10:56:00,2023,10,5,10,56,87,87085,FEYTIAT (RUE DE),45.81797,1.28961,Plein jour,En agglomération,Intersection en T,Normale,Deux véhicules - côté,3,4,2,0,2,1,1,0,1,50,2,2,1,0,0,1,21.0,50.0,utilitaire_camion,voiture,1,2,3,1,3
202300027299,2023-10-06 08:11:00,2023,10,6,8,11,87,87085,BUISSON (RUE FERDINAND),45.82479,1.25547,Plein jour,En agglomération,Hors intersection,Normale,Deux véhicules - côté,4,2,2,0,1,1,1,0,1,30,2,2,1,0,0,1,66.0,20.0,deux_roues,voiture,1,2,1,1,3
202300027300,2023-10-05 17:30:00,2023,10,5,17,30,87,87085,SOLIGNAC (RUE DE),45.80612,1.26491,Plein jour,Hors agglomération,Hors intersection,Normale,Autre collision,4,2,2,0,1,4,1,0,1,80,1,1,0,0,0,1,69.0,,voiture,,1,1,1,1,6
202300027301,2023-10-06 09:20:00,2023,10,6,9,20,85,85194,STERNES (RUE DES),46.5307801,-1.790412,Plein jour,En agglomération,Hors intersection,Temps éblouissant,Deux véhicules - arrière,4,2,2,0,1,1,1,0,1,50,2,2,1,0,1,0,63.0,63.0,voiture,deux_roues,1,2,1,7,2
202300027302,2023-10-06 11:55:00,2023,10,6,11,55,85,85194,42 Avenue charles de gaulle,46.50791,-1.76977,Plein jour,En agglomération,Autre intersection,Normale,Deux véhicules - côté,4,2,0,1,1,1,1,0,5,10,2,2,1,0,0,1,54.0,20.0,voiture,deux_roues,1,2,9,1,3
202300027303,2023-10-09 15:10:00,2023,10,9,15,10,83,83129,RAYNAUD (AVENUE JOSEPH),43.09080022,5.8482517,Plein jour,En agglomération,Intersection en T,Normale,Deux véhicules - côté,4,2, -1,-1,1,1,1,0,1,-1,2,2,1,0,0,1,37.0,20.0,voiture,deux_roues,1,2,3,1,3
202300027303,2023-10-09 15:10:00,2023,10,9,15,10,83,83129,RAYNAUD (AVENUE JOSEPH),43.09080022,5.8482517,Plein jour,En agglomération,Intersection en T,Normale,Deux véhicules - côté,4,2,2,0,1,1,1,0,1,50,2,2,1,0,0,1,37.0,20.0,voiture,deux_roues,1,2,3,1,3
202300027304,2023-10-07 09:10:00,2023,10,7,9,10,83,83129,CANTARELLE (BOUCLE DE LA),43.095007,5.838556,Plein jour,En agglomération,Intersection en T,Temps éblouissant,Autre collision,4,1,1,0,1,1,1,0,1,30,1,2,1,0,1,0,33.0,,voiture,,1,2,3,7,6
202300027304,2023-10-07 09:10:00,2023,10,7,9,10,83,83129,CANTARELLE (BOUCLE DE LA),43.095007,5.838556,Plein jour,En agglomération,Intersection en T,Temps éblouissant,Autre collision,4,2, -1,-1,1,1,1,0,1,-1,1,2,1,0,1,0,33.0,,voiture,,1,2,3,7,6