accident_id,datetime,annee,mois,jour,heure,minute,departement,commune_insee,adresse,latitude,longitude,luminosite,agglomeration,intersection,meteo,collision,catr,circ,nbv,vosp,prof,plan,surf,infra,situ,vma,nb_vehicules,nb_usagers,nb_indemnes,nb_tues,nb_blesses_hosp,nb_blesses_legers,age_cond_1,age_cond_2,veh_type_cond_1,veh_type_cond_2,lum_code,agg_code,int_code,atm_code,col_code
202300027380,2023-07-31 18:40:00,2023,7,31,18,40,64,64122,EDOUARD VII (AVENUE),43.48415,-1.55767,Plein jour,En agglomération,Intersection en T,Normale,Autre collision,4,2,3,0,2,2,1,0,1,30,2,2,1,0,0,1,81.0,21.0,deux_roues,voiture,1,2,3,1,6
202300027380,2023-07-31 18:40:00,2023,7,31,18,40,64,64122,EDOUARD VII (AVENUE),43.48415,-1.55767,Plein jour,En agglomération,Intersection en T,Normale,Autre collision,4,2, -1,-1,1,3,1,0,1,-1,2,2,1,0,0,1,81.0,21.0,deux_roues,voiture,1,2,3,1,6
202300027381,2023-08-02 18:50:00,2023,8,2,18,50,63,63113,FLAUBERT (BD GUSTAVE),45.76887,3.12412,Plein jour,En agglomération,Intersection en X,Normale,Trois véhicules et plus - en chaîne,7,2,2,-1,1,1,1,5,1,30,3,4,2,0,0,2,45.0,48.0,voiture,voiture,1,2,2,1,4
202300027381,2023-08-02 18:50:00,2023,8,2,18,50,63,63113,FLAUBERT (BD GUSTAVE),45.76887,3.12412,Plein jour,En agglomération,Intersection en X,Normale,Trois véhicules et plus - en chaîne,7,3,4,0,1,1,1,5,1,50,3,4,2,0,0,2,45.0,48.0,voiture,voiture,1,2,2,1,4
202300027382,2023-08-02 16:45:00,2023,8,2,16,45,63,63113,QUINET (BD EDGAR),45.80005,3.11248,Plein jour,En agglomération,Hors intersection,Normale,Deux véhicules - arrière,7,-1,1,0,1,3,1,0,1,50,2,2,1,0,0,1,38.0,56.0,utilitaire_camion,utilitaire_camion,1,2,1,1,2
202300027383,2023-07-11 17:30:00,2023,7,11,17,30,59,59172,RUE PIERRE BERIOT,50.324733,3.373857,Plein jour,En agglomération,Hors intersection,Normale,Sans collision,3,2,2,0,1,1,1,0,1,50,1,1,0,1,0,0,59.0,,deux_roues,,1,2,1,1,7
202300027384,2023-08-02 15:20:00,2023,8,2,15,20,56,56098,PERI (RUE GABRIEL),47.76064,-3.35383,Plein jour,En agglomération,Giratoire,Vent fort / tempête,Deux véhicules - arrière,4,2,2,0,1,3,1,5,1,30,2,3,2,0,0,1,64.0,45.0,deux_roues,voiture,1,2,6,6,2
202300027385,2023-08-02 14:55:00,2023,8,2,14,55,51,51454,WITRY (ROUTE DE),49.265066,4.060192,Plein jour,En agglomération,Intersection en X,Normale,Deux véhicules - côté,4,2,4,0,1,1,1,5,1,50,2,3,1,0,0,2,34.0,20.0,voiture,voiture,1,2,2,1,3
202300027385,2023-08-02 14:55:00,2023,8,2,14,55,51,51454,WITRY (ROUTE DE),49.265066,4.060192,Plein jour,En agglomération,Intersection en X,Normale,Deux véhicules - côté,4,2,4,0,1,1,1,5,1,50,2,3,1,0,0,2,34.0,20.0,voiture,voiture,1,2,2,1,3
202300027386,2023-07-29 14:50:00,2023,7,29,14,50,49,49328,AMY (RUE ROBERT),47.24687,-0.07611,Plein jour,En agglomération,Intersection en X,Normale,Deux véhicules - côté,4,2,2,0,1,1,1,0,1,50,2,2,1,0,0,1,51.0,43.0,voiture,deux_roues,1,2,2,1,3
202300027386,2023-07-29 14:50:00,2023,7,29,14,50,49,49328,AMY (RUE ROBERT),47.24687,-0.07611,Plein jour,En agglomération,Intersection en X,Normale,Deux véhicules - côté,4,2,2,0,2,3,1,0,1,50,2,2,1,0,0,1,51.0,43.0,voiture,deux_roues,1,2,2,1,3
202300027387,2023-08-01 14:55:00,2023,8,1,14,55,45,45302,425 Rue du 8 Mai 1945,47.932383,1.888987,Plein jour,En agglomération,Hors intersection,Normale,Autre collision,4,2,2,0,1,1,1,0,4,50,1,2,1,0,0,1,90.0,,voiture,,1,2,1,1,6
202300027388,2023-04-17 13:25:00,2023,4,17,13,25,69,69383,Rue Paul Bert,45.75709,4.8587,Plein jour,En agglomération,Intersection en X,Normale,Deux véhicules - frontale,4,2,4,2,1,1,1,0,1,50,2,2,1,0,1,0,27.0,46.0,voiture,deux_roues,1,2,2,1,1
202300027388,2023-04-17 13:25:00,2023,4,17,13,25,69,69383,Rue Paul Bert,45.75709,4.8587,Plein jour,En agglomération,Intersection en X,Normale,Deux véhicules - frontale,4,2,3,2,1,1,1,0,1,30,2,2,1,0,1,0,27.0,46.0,voiture,deux_roues,1,2,2,1,1
202300027389,2023-08-02 11:15:00,2023,8,2,11,15,38,38318,LUCIEN MAGNAT(MONTEE),45.53036,4.90371,Plein jour,En agglomération,Hors intersection,Normale,Deux véhicules - arrière,3,2,2,0,2,1,1,0,1,50,2,2,1,0,1,0,25.0,37.0,voiture,deux_roues,1,2,1,1,2
202300027390,2023-04-17 09:20:00,2023,4,17,9,20,972,97209,AUTOROUTE A1,14.61805,-61.03931,Plein jour,Hors agglomération,Hors intersection,Normale,Deux véhicules - arrière,1,2,6,0,1,1,1,2,1,90,2,4,2,0,0,2,84.0,43.0,voiture,utilitaire_camion,1,1,1,1,2
202300027391,2023-08-02 18:15:00,2023,8,2,18,15,35,35238,MONTS D'ARREE (AVENUE DES),48.13516,-1.65967,Plein jour,En agglomération,Intersection en X,Temps couvert,Deux véhicules - côté,4,2,3,2,1,1,1,8,1,50,2,2,0,0,0,2,42.0,45.0,voiture,voiture,1,2,2,8,3
202300027391,2023-08-02 18:15:00,2023,8,2,18,15,35,35238,MONTS D'ARREE (AVENUE DES),48.13516,-1.65967,Plein jour,En agglomération,Intersection en X,Temps couvert,Deux véhicules - côté,4,3,4,2,1,1,1,5,1,50,2,2,0,0,0,2,42.0,45.0,voiture,voiture,1,2,2,8,3
202300027392,2023-04-17 14:35:00,2023,4,17,14,35,2B,2B037,TOUTES RUES,42.59163,9.43243,Plein jour,En agglomération,Hors intersection,Normale,Deux véhicules - frontale,4,2,2,0,2,3,1,0,1,50,2,3,0,0,0,3,21.0,20.0,utilitaire_camion,utilitaire_camion,1,2,1,1,1
202300027393,2023-04-17 07:20:00,2023,4,17,7,20,971,97101,PETIT PEROU,16.25155,-61.51619,Plein jour,Hors agglomération,Intersection en T,Normale,Deux véhicules - côté,3,2,2,0,2,1,1,0,8,50,2,2,1,0,0,1,28.0,61.0,deux_roues,voiture,1,1,3,1,3
202300027393,2023-04-17 07:20:00,2023,4,17,7,20,971,97101,PETIT PEROU,16.25155,-61.51619,Plein jour,Hors agglomération,Intersection en T,Normale,Deux véhicules - côté,3,2,2,0,2,2,1,0,1,70,2,2,1,0,0,1,28.0,61.0,deux_roues,voiture,1,1,3,1,3
202300027394,2023-08-02 14:30:00,2023,8,2,14,30,35,35238,ROCHESTER (AVENUE DE),48.12845,-1.66429,Plein jour,En agglomération,Intersection en X,Temps couvert,Deux véhicules - côté,4,2,3,3,1,1,1,0,1,50,2,2,1,0,0,1,27.0,28.0,voiture,deux_roues,1,2,2,8,3
202300027394,2023-08-02 14:30:00,2023,8,2,14,30,35,35238,ROCHESTER (AVENUE DE),48.12845,-1.66429,Plein jour,En agglomération,Intersection en X,Temps couvert,Deux véhicules - côté,4,3,3,3,1,1,1,0,1,50,2,2,1,0,0,1,27.0,28.0,voiture,deux_roues,1,2,2,8,3
202300027395,2023-04-17 01:30:00,2023,4,17,1,30,971,97101,RN1-  HAUTEUR DE SORTIE LAURICISQUE,16.25377,-61.5496,Nuit avec éclairage allumé,Hors agglomération,Hors intersection,Normale,Deux véhicules - côté,2,1,2,0,1,1,1,2,1,90,2,3,2,0,0,1,30.0,69.0,voiture,voiture,5,1,1,1,3
202300027396,2023-08-02 14:50:00,2023,8,2,14,50,35,35238,SAINT-BRIEUC (DE),48.11697757,-1.71071827,Plein jour,En agglomération,Hors intersection,Temps couvert,Trois véhicules et plus - en chaîne,4,3,2,2,2,1,1,0,1,50,3,4,3,0,0,1,43.0,25.0,voiture,voiture,1,2,1,8,4
202300027397,2023-04-15 05:26:00,2023,4,15,5,26,971,97101,GRAND CAMP(SECTION),16.25391,-61.53921,Crépuscule ou aube,Hors agglomération,Hors intersection,Normale,Deux véhicules - arrière,2,1,1,0,1,1,1,0,1,70,2,2,0,0,0,2,41.0,47.0,voiture,voiture,2,1,1,1,2
202300027398,2023-04-17 08:00:00,2023,4,17,8,0,2A,2A004,SEBASTIANU COSTA BD,41.94112,8.7458,Plein jour,En agglomération,Giratoire,Normale,Deux véhicules - côté,4,3,2,0,2,1,1,0,1,50,2,2,1,0,0,1,51.0,17.0,voiture,deux_roues,1,2,6,1,3
202300027398,2023-04-17 08:00:00,2023,4,17,8,0,2A,2A004,SEBASTIANU COSTA BD,41.94112,8.7458,Plein jour,En agglomération,Giratoire,Normale,Deux véhicules - côté,4,1,2,0,1,2,1,0,1,50,2,2,1,0,0,1,51.0,17.0,voiture,deux_roues,1,2,6,1,3
202300027399,2023-08-02 10:04:00,2023,8,2,10,4,34,34108,MUSCAT (AVENUE DU),43.44427,3.75027,Plein jour,En agglomération,Hors intersection,Normale,Deux véhicules - arrière,4,2,2,0,1,1,1,0,1,30,2,4,2,0,0,2,71.0,47.0,voiture,voiture,1,2,1,1,2
202300027400,2023-04-17 07:20:00,2023,4,17,7,20,95,95277,D317,48.9811,2.4672,Crépuscule ou aube,Hors agglomération,Autre intersection,Normale,Deux véhicules - arrière,3,3,0,0,1,1,1,0,1,90,2,3,2,0,0,1,52.0,60.0,voiture,deux_roues,2,1,9,1,2
202300027401,2023-04-17 11:50:00,2023,4,17,11,50,95,95018,D909,48.95621,2.25596,Plein jour,En agglomération,Hors intersection,Normale,Deux véhicules - côté,3,2,2,0,1,1,1,0,1,-1,2,2,1,0,0,1,54.0,27.0,deux_roues,voiture,1,2,1,1,3
202300027402,2023-04-15 22:40:00,2023,4,15,22,40,87,87085,DUMAS (AVENUE GEORGES),45.82701,1.26193,Nuit avec éclairage allumé,En agglomération,Intersection en T,Normale,Deux véhicules - arrière,4,1,1,0,1,1,1,0,1,30,2,3,2,0,0,1,50.0,,voiture,voiture,5,2,3,1,2
202300027402,2023-04-15 22:40:00,2023,4,15,22,40,87,87085,DUMAS (AVENUE GEORGES),45.82701,1.26193,Nuit avec éclairage allumé,En agglomération,Intersection en T,Normale,Deux véhicules - arrière,4,4,4,0,2,1,1,0,1,50,2,3,2,0,0,1,50.0,,voiture,voiture,5,2,3,1,2
202300027403,2023-08-01 18:30:00,2023,8,1,18,30,34,34003,EGALITE (F13 A H14,43.30757,3.4742,Plein jour,En agglomération,Intersection en T,Normale,Deux véhicules - côté,4,1,1,0,1,1,1,0,1,30,2,2,1,0,1,0,25.0,19.0,deux_roues,voiture,1,2,3,1,3
202300027403,2023-08-01 18:30:00,2023,8,1,18,30,34,34003,EGALITE (F13 A H14,43.30757,3.4742,Plein jour,En agglomération,Intersection en T,Normale,Deux véhicules - côté,4,2,2,0,1,1,1,0,1,30,2,2,1,0,1,0,25.0,19.0,deux_roues,voiture,1,2,3,1,3
202300027404,2023-04-15 09:09:00,2023,4,15,9,9,87,87085,EUROPE (CARREFOUR DE L'),45.86175,1.27495,Plein jour,En agglomération,Intersection en X,Pluie légère,Sans collision,4,3,4,0,1,1,2,0,1,50,1,1,0,0,0,1,65.0,,deux_roues,,1,2,2,2,7
202300027404,2023-04-15 09:09:00,2023,4,15,9,9,87,87085,EUROPE (CARREFOUR DE L'),45.86175,1.27495,Plein jour,En agglomération,Intersection en X,Pluie légère,Sans collision,4,1,2,0,1,2,2,5,1,50,1,1,0,0,0,1,65.0,,deux_roues,,1,2,2,2,7
202300027405,2023-04-14 13:15:00,2023,4,14,13,15,87,87085,ARMAND (RUE LOUIS-),45.86916,1.26826,Plein jour,En agglomération,Intersection en T,Normale,Deux véhicules - côté,4,4,5,0,2,1,1,0,1,50,2,2,1,0,0,1,55.0,37.0,voiture,voiture,1,2,3,1,3
202300027405,2023-04-14 13:15:00,2023,4,14,13,15,87,87085,ARMAND (RUE LOUIS-),45.86916,1.26826,Plein jour,En agglomération,Intersection en T,Normale,Deux véhicules - côté,4,4,4,0,2,1,1,0,1,50,2,2,1,0,0,1,55.0,37.0,voiture,voiture,1,2,3,1,3
202300027406,2023-08-01 11:00:00,2023,8,1,11,0,33,33032,Rue du Maréchal Foch,44.90193838,-0.50672561,Plein jour,En agglomération,Hors intersection,Normale,Autre collision,4,2,2,0,1,1,1,0,1,50,1,2,1,0,1,0,64.0,,voiture,,1,2,1,1,6
202300027407,2023-04-17 19:20:00,2023,4,17,19,20,78,78502,SIMON VOUET (AVENUE),48.87886,2.11237,Plein jour,En agglomération,Hors intersection,Normale,Deux véhicules - côté,3,2,0,0,1,1,1,0,1,50,2,2,1,0,0,1,22.0,54.0,voiture,deux_roues,1,2,1,1,3
202300027408,2023-08-02 18:15:00,2023,8,2,18,15,29,29039,Rue de Trégunc,47.87192175,-3.90679445,Plein jour,En agglomération,Intersection en T,Temps couvert,Autre collision,3,2,1,0,1,3,2,0,8,20,1,1,0,0,0,1,53.0,,voiture,,1,2,3,8,6
202300027408,2023-08-02 18:15:00,2023,8,2,18,15,29,29039,Rue de Trégunc,47.87192175,-3.90679445,Plein jour,En agglomération,Intersection en T,Temps couvert,Autre collision,3,2,3,2,2,3,2,0,4,50,1,1,0,0,0,1,53.0,,voiture,,1,2,3,8,6
202300027409,2023-04-17 16:45:00,2023,4,17,16,45,76,76540,Rue d'Elbeuf,49.42643,1.08308,Plein jour,En agglomération,Hors intersection,Normale,Deux véhicules - côté,4,2,2,3,1,1,1,-1,1,50,2,2,1,0,1,0,26.0,58.0,deux_roues,voiture,1,2,1,1,3
202300027410,2023-04-15 15:00:00,2023,4,15,15,0,76,76351,GEORGE V (QUAI),49.49113,0.1149,Plein jour,En agglomération,Hors intersection,Normale,Autre collision,4,1,2,1,1,1,1,0,4,50,1,1,0,0,0,1,54.0,,voiture,,1,2,1,1,6
202300027411,2023-02-25 13:50:00,2023,2,25,13,50,73,73065,STADE (PLACE DU),45.57238253,5.9103916,Plein jour,En agglomération,Giratoire,Normale,Deux véhicules - arrière,4,2,2,2,1,1,1,5,1,50,2,2,1,0,0,1,46.0,58.0,voiture,deux_roues,1,2,6,1,2
202300027411,2023-02-25 13:50:00,2023,2,25,13,50,73,73065,STADE (PLACE DU),45.57238253,5.9103916,Plein jour,En agglomération,Giratoire,Normale,Deux véhicules - arrière,4,1,1,0,1,2,1,0,1,50,2,2,1,0,0,1,46.0,58.0,voiture,deux_roues,1,2,6,1,2
202300027412,2023-04-17 17:50:00,2023,4,17,17,50,72,72095,ROME (AV DE),48.023469,0.205696,Plein jour,En agglomération,Intersection en T,Normale,Deux véhicules - côté,4,-1,2,0,1,1,1,0,1,50,2,2,1,0,0,1,44.0,41.0,voiture,deux_roues,1,2,3,1,3
202300027412,2023-04-17 17:50:00,2023,4,17,17,50,72,72095,ROME (AV DE),48.023469,0.205696,Plein jour,En agglomération,Intersection en T,Normale,Deux véhicules - côté,4,2,2,0,1,1,1,0,1,50,2,2,1,0,0,1,44.0,41.0,voiture,deux_roues,1,2,3,1,3
202300027413,2023-04-17 11:15:00,2023,4,17,11,15,71,71306,MACON (RUE DE),46.67267022,4.37704736,Plein jour,En agglomération,Hors intersection,Normale,Deux véhicules - arrière,4,2,2,0,1,1,1,0,1,50,2,2,1,0,0,1,46.0,50.0,deux_roues,utilitaire_camion,1,2,1,1,2
202300027414,2023-04-14 14:25:00,2023,4,14,14,25,67,67482,FAUBOURG DE PIERRE (RUE DU),48.58656,7.74672,Plein jour,En agglomération,Intersection en T,Normale,Deux véhicules - côté,4,2,2,0,1,1,1,2,1,50,2,2,1,0,0,1,47.0,42.0,voiture,deux_roues,1,2,3,1,3
202300027414,2023-04-14 14:25:00,2023,4,14,14,25,67,67482,FAUBOURG DE PIERRE (RUE DU),48.58656,7.74672,Plein jour,En agglomération,Intersection en T,Normale,Deux véhicules - côté,4,2,2,2,1,1,1,0,1,50,2,2,1,0,0,1,47.0,42.0,voiture,deux_roues,1,2,3,1,3
202300027415,2023-04-16 22:22:00,2023,4,16,22,22,65,65100,Avenue du Bois du Commandeur,43.258785,0.045119,Nuit sans éclairage public,En agglomération,Hors intersection,Normale,Autre collision,3,2,2,0,1,1,1,2,3,50,1,1,0,0,0,1,57.0,,voiture,,3,2,1,1,6
202300027416,2023-04-14 18:10:00,2023,4,14,18,10,64,64445,HONORE BARADAT,43.30537,-0.36083,Plein jour,En agglomération,Intersection en X,Normale,Deux véhicules - frontale,4,2,2,0,1,1,1,0,1,50,2,2,0,0,0,2,20.0,82.0,voiture,voiture,1,2,2,1,1
202300027416,2023-04-14 18:10:00,2023,4,14,18,10,64,64445,HONORE BARADAT,43.30537,-0.36083,Plein jour,En agglomération,Intersection en X,Normale,Deux véhicules - frontale,4,2,2,0,1,1,1,0,1,30,2,2,0,0,0,2,20.0,82.0,voiture,voiture,1,2,2,1,1
202300027417,2023-04-16 18:30:00,2023,4,16,18,30,64,64102,JORLIS (ROND POINT DE),43.49837,-1.49371,Plein jour,En agglomération,Giratoire,Normale,Deux véhicules - côté,4,2,4,0,1,1,1,0,1,30,2,2,1,0,0,1,36.0,29.0,deux_roues,voiture,1,2,6,1,3
202300027417,2023-04-16 18:30:00,2023,4,16,18,30,64,64102,JORLIS (ROND POINT DE),43.49837,-1.49371,Plein jour,En agglomération,Giratoire,Normale,Deux véhicules - côté,4,1,3,0,1,2,1,0,1,30,2,2,1,0,0,1,36.0,29.0,deux_roues,voiture,1,2,6,1,3
202300027418,2023-04-16 14:05:00,2023,4,16,14,5,64,64102,LACHEPAILLET (RUE DES REMPARTS),43.49058,-1.47895,Plein jour,En agglomération,Hors intersection,Normale,Deux véhicules - frontale,4,2,2,0,1,1,1,0,1,30,2,2,1,0,0,1,23.0,63.0,voiture,voiture,1,2,1,1,1
202300027419,2023-04-14 16:30:00,2023,4,14,16,30,63,63193,rue de la Piscine/ rue de Durtol,45.77662,3.1925,Plein jour,En agglomération,Intersection en T,Normale,Deux véhicules - côté,4,2,2,0,1,1,1,0,8,50,2,2,1,0,1,0,15.0,27.0,deux_roues,voiture,1,2,3,1,3
202300027419,2023-04-14 16:30:00,2023,4,14,16,30,63,63193,rue de la Piscine/ rue de Durtol,45.77662,3.1925,Plein jour,En agglomération,Intersection en T,Normale,Deux véhicules - côté,4,2,2,0,1,1,1,0,1,50,2,2,1,0,1,0,15.0,27.0,deux_roues,voiture,1,2,3,1,3
202300027420,2023-04-16 03:42:00,2023,4,16,3,42,63,63113,Jaurès / Coubertin,45.76790337,3.08405489,Nuit avec éclairage allumé,En agglomération,Intersection en X,Normale,Deux véhicules - côté,4,1,2,2,1,1,1,0,1,50,2,2,0,0,0,2,32.0,26.0,voiture,voiture,5,2,2,1,3
202300027420,2023-04-16 03:42:00,2023,4,16,3,42,63,63113,Jaurès / Coubertin,45.76790337,3.08405489,Nuit avec éclairage allumé,En agglomération,Intersection en X,Normale,Deux véhicules - côté,4,2,2,0,1,1,1,0,1,30,2,2,0,0,0,2,32.0,26.0,voiture,voiture,5,2,2,1,3
202300027421,2023-04-10 00:14:00,2023,4,10,0,14,59,59350,FAUBOURG D'ARRAS RUE,50.60835,3.05975,Nuit sans éclairage public,En agglomération,Hors intersection,Normale,Autre collision,7,-1,4,0,1,1,1,0,1,50,1,2,1,0,0,1,,,voiture,,3,2,1,1,6
202300027422,2023-04-17 06:40:00,2023,4,17,6,40,59,59560,BOUVRY ROGER RUE,50.53674,3.01743,Crépuscule ou aube,Hors agglomération,Hors intersection,Normale,Deux véhicules - côté,4,2,4,1,1,1,1,0,1,80,2,2,0,0,1,1,50.0,22.0,deux_roues,deux_roues,2,1,1,1,3
202300027423,2023-04-17 17:15:00,2023,4,17,17,15,54,54395,Rue Isabey,48.69037,6.17287,Plein jour,En agglomération,Intersection en T,Normale,Autre collision,4,1,1,2,1,1,1,-1,1,30,1,2,1,0,0,1,43.0,,voiture,,1,2,3,1,6
202300027423,2023-04-17 17:15:00,2023,4,17,17,15,54,54395,Rue Isabey,48.69037,6.17287,Plein jour,En agglomération,Intersection en T,Normale,Autre collision,4,1,2,0,1,1,1,0,1,50,1,2,1,0,0,1,43.0,,voiture,,1,2,3,1,6
202300027424,2023-04-17 22:05:00,2023,4,17,22,5,54,54575,RD17,49.472478,5.804119,Nuit sans éclairage public,Hors agglomération,Hors intersection,Normale,Deux véhicules - arrière,3,2,2,0,1,1,1,0,1,80,2,2,1,1,0,0,42.0,52.0,utilitaire_camion,deux_roues,3,1,1,1,2
202300027425,2023-04-15 14:35:00,2023,4,15,14,35,50,50129,VAL CANU (RUE DU),49.64145,-1.53715,Plein jour,Hors agglomération,Hors intersection,Normale,Deux véhicules - arrière,3,-1,2,0,2,1,1,0,1,70,2,2,1,0,0,1,47.0,52.0,voiture,voiture,1,1,1,1,2
202300027426,2023-04-17 09:20:00,2023,4,17,9,20,45,45232,600 Avenue de Verdun,47.868526,1.911222,Plein jour,En agglomération,Hors intersection,Normale,Deux véhicules - côté,4,2,2,0,1,2,1,0,1,30,2,2,1,0,0,1,65.0,54.0,voiture,deux_roues,1,2,1,1,3
202300027427,2023-04-16 18:55:00,2023,4,16,18,55,45,45208,2 Boulevard des Belles Manières,47.9948,2.73284,Plein jour,En agglomération,Hors intersection,Normale,Sans collision,4,2,1,0,1,3,1,0,1,50,1,1,0,0,0,1,29.0,,deux_roues,,1,2,1,1,7
202300027428,2023-04-17 19:50:00,2023,4,17,19,50,43,43157,Rue Salvador Allende,45.02348,3.88166,Crépuscule ou aube,En agglomération,Hors intersection,Pluie légère,Deux véhicules - arrière,4,2,2,0,1,1,2,0,1,50,2,2,1,0,0,1,19.0,26.0,voiture,deux_roues,2,2,1,2,2
202300027429,2023-04-17 14:40:00,2023,4,17,14,40,37,37214,PORTILLON (QUAI),47.40049,0.6785,Plein jour,En agglomération,Intersection en Y,Normale,Deux véhicules - arrière,4,-1,1,0,1,1,1,9,1,50,2,4,2,0,0,2,21.0,33.0,voiture,voiture,1,2,4,1,2
202300027429,2023-04-17 14:40:00,2023,4,17,14,40,37,37214,PORTILLON (QUAI),47.40049,0.6785,Plein jour,En agglomération,Intersection en Y,Normale,Deux véhicules - arrière,4,1,1,0,1,1,1,0,1,50,2,4,2,0,0,2,21.0,33.0,voiture,voiture,1,2,4,1,2
202300027430,2023-04-17 07:00:00,2023,4,17,7,0,35,35281,HAIE-DES-COGNETS (BOUL DE LA),48.08193,-1.73417,Crépuscule ou aube,En agglomération,Hors intersection,Normale,Deux véhicules - côté,3,2,2,0,1,1,1,0,1,50,2,2,1,0,1,0,30.0,35.0,deux_roues,voiture,2,2,1,1,3
202300027431,2023-07-31 11:10:00,2023,7,31,11,10,12,12202,BOURRAN (AVENUE DE),44.36371,2.55288,Plein jour,En agglomération,Hors intersection,Temps éblouissant,Autre collision,4,2,2,1,1,1,1,0,1,50,1,2,1,1,0,0,67.0,,voiture,,1,2,1,7,6
202300027432,2023-08-02 20:00:00,2023,8,2,20,0,06,06088,CIMIEZ (BD) A PARTIR DU 16-17,43.707993,7.271259,Plein jour,En agglomération,Hors intersection,Normale,Deux véhicules - frontale,4,2,4,0,2,1,1,0,8,50,2,2,1,0,1,0,22.0,31.0,deux_roues,voiture,1,2,1,1,1
202300027433,2023-04-17 10:35:00,2023,4,17,10,35,35,35150,RN12,48.35161716,-1.23020858,Plein jour,Hors agglomération,Giratoire,Normale,Deux véhicules - côté,2,3,4,0,1,2,1,0,1,50,2,2,1,0,0,1,27.0,17.0,voiture,deux_roues,1,1,6,1,3
202300027434,2023-08-02 12:15:00,2023,8,2,12,15,03,03190,Route de Lyon,46.54458,3.34209,Plein jour,En agglomération,Hors intersection,Normale,Autre collision,3,2,2,1,1,1,1,0,1,50,1,2,1,0,1,0,21.0,,voiture,,1,2,1,1,6
202300027435,2023-04-17 23:15:00,2023,4,17,23,15,33,33063,Quai de Bacalan,44.8611,-0.55236,Nuit avec éclairage allumé,En agglomération,Hors intersection,Normale,Deux véhicules - frontale,4,4,4,3,1,1,1,0,1,30,2,2,1,0,1,0,23.0,43.0,deux_roues,voiture,5,2,1,1,1
202300027436,2023-08-02 11:15:00,2023,8,2,11,15,75,75112,BOULEVARD PERIPHERIQUE INTERIEUR SUD,48.827758,2.393245,Plein jour,En agglomération,Intersection en Y,Temps couvert,Autre collision,4,1,2,0,1,2,1,0,1,50,1,1,0,0,0,1,27.0,,deux_roues,,1,2,4,8,6
202300027436,2023-08-02 11:15:00,2023,8,2,11,15,75,75112,BOULEVARD PERIPHERIQUE INTERIEUR SUD,48.827758,2.393245,Plein jour,En agglomération,Intersection en Y,Temps couvert,Autre collision,4,1,4,0,1,1,1,0,1,70,1,1,0,0,0,1,27.0,,deux_roues,,1,2,4,8,6
202300027437,2023-08-01 09:00:00,2023,8,1,9,0,75,75118,PORTE DE CLIGNANCOURT,48.901041,2.350764,Plein jour,En agglomération,Hors intersection,Normale,Deux véhicules - côté,4,1,4,0,1,1,1,0,1,70,2,2,1,0,0,1,56.0,62.0,utilitaire_camion,voiture,1,2,1,1,3
202300027438,2023-04-17 22:15:00,2023,4,17,22,15,33,33069,Rue Raymond Poincaré,44.86243,-0.59011,Nuit avec éclairage allumé,En agglomération,Intersection en X,Normale,Deux véhicules - côté,4,2,2,0,1,1,1,5,1,30,2,3,2,0,0,1,26.0,18.0,voiture,deux_roues,5,2,2,1,3
202300027438,2023-04-17 22:15:00,2023,4,17,22,15,33,33069,Rue Raymond Poincaré,44.86243,-0.59011,Nuit avec éclairage allumé,En agglomération,Intersection en X,Normale,Deux véhicules - côté,4,2,2,0,1,1,1,5,1,30,2,3,2,0,0,1,26.0,18.0,voiture,deux_roues,5,2,2,1,3
202300027439,2023-08-02 14:00:00,2023,8,2,14,0,75,75120,RUE PELLEPORT,48.869799,2.400075,Plein jour,En agglomération,Hors intersection,Normale,Deux véhicules - côté,4,2,2,0,2,1,1,0,1,30,2,2,1,0,0,1,37.0,25.0,voiture,deux_roues,1,2,1,1,3
202300027440,2023-04-17 19:00:00,2023,4,17,19,0,31,31555,AV DE LATTRE DE TASSIGNY,43.57219,1.43843,Plein jour,Hors agglomération,Hors intersection,Normale,Deux véhicules - côté,4,3,4,0,1,1,1,0,1,50,2,2,1,0,0,1,20.0,32.0,voiture,voiture,1,1,1,1,3
202300027441,2023-08-02 09:20:00,2023,8,2,9,20,75,75119,AVENUE DE FLANDRE,48.888389,2.374138,Plein jour,En agglomération,Intersection en X,Normale,Autre collision,4,3,6,3,1,1,3,0,1,30,1,1,0,0,0,1,58.0,,deux_roues,,1,2,2,1,6
202300027441,2023-08-02 09:20:00,2023,8,2,9,20,75,75119,AVENUE DE FLANDRE,48.888389,2.374138,Plein jour,En agglomération,Intersection en X,Normale,Autre collision,4,1,2,0,1,1,2,0,1,30,1,1,0,0,0,1,58.0,,deux_roues,,1,2,2,1,6
202300027442,2023-04-17 12:40:00,2023,4,17,12,40,31,31555,SANG DE SERP (CHE DU) DU 3AU 200,43.61902,1.42579,Plein jour,En agglomération,Hors intersection,Normale,Deux véhicules - côté,4,2,2,0,1,1,1,0,1,50,2,2,1,0,0,1,47.0,19.0,deux_roues,voiture,1,2,1,1,3
202300027443,2023-08-02 18:46:00,2023,8,2,18,46,75,75107,BOULEVARD RASPAIL,48.85174311,2.32676804,Plein jour,En agglomération,Intersection en T,Vent fort / tempête,Autre collision,4,1,4,3,1,1,1,0,1,30,1,2,1,0,0,1,23.0,,voiture,,1,2,3,6,6
202300027443,2023-08-02 18:46:00,2023,8,2,18,46,75,75107,BOULEVARD RASPAIL,48.85174311,2.32676804,Plein jour,En agglomération,Intersection en T,Vent fort / tempête,Autre collision,4,1, -1,-1,1,1,1,0,1,-1,1,2,1,0,0,1,23.0,,voiture,,1,2,3,6,6
202300027444,2023-04-16 20:12:00,2023,4,16,20,12,31,31555,AV DE LARDENNE,43.58986934,1.36968613,Plein jour,En agglomération,Intersection en T,Normale,Deux véhicules - côté,7,2,1,1,1,1,1,0,1,50,2,2,1,0,0,1,31.0,26.0,deux_roues,voiture,1,2,3,1,3