accident_id,datetime,annee,mois,jour,heure,minute,departement,commune_insee,adresse,latitude,longitude,luminosite,agglomeration,intersection,meteo,collision,catr,circ,nbv,vosp,prof,plan,surf,infra,situ,vma,nb_vehicules,nb_usagers,nb_indemnes,nb_tues,nb_blesses_hosp,nb_blesses_legers,age_cond_1,age_cond_2,veh_type_cond_1,veh_type_cond_2,lum_code,agg_code,int_code,atm_code,col_code
202300027514,2023-08-01 19:00:00,2023,8,1,19,0,61,61474,D916,48.790184,-0.001802,Plein jour,Hors agglomération,Hors intersection,Pluie légère,Autre collision,3,2,2,0,2,2,2,0,3,90,1,1,0,0,0,1,22.0,,voiture,,1,1,1,2,6
202300027515,2023-04-17 11:00:00,2023,4,17,11,0,75,75102,RUE ETIENNE MARCEL,48.86529,2.343077,Plein jour,En agglomération,Intersection en X,Normale,Autre collision,4,2,3,0,1,1,1,0,1,30,1,1,0,0,0,1,32.0,,deux_roues,,1,2,2,1,6
202300027515,2023-04-17 11:00:00,2023,4,17,11,0,75,75102,RUE ETIENNE MARCEL,48.86529,2.343077,Plein jour,En agglomération,Intersection en X,Normale,Autre collision,4,2,3,0,1,1,1,0,1,30,1,1,0,0,0,1,32.0,,deux_roues,,1,2,2,1,6
202300027516,2023-01-24 11:30:00,2023,1,24,11,30,71,71047,Avenue Emile et Claude Puzenat,46.626335,3.748934,Plein jour,En agglomération,Hors intersection,Normale,Deux véhicules - arrière,3,2,2,0,1,1,1,0,1,50,2,2,1,0,0,1,52.0,44.0,voiture,voiture,1,2,1,1,2
202300027517,2023-01-24 14:25:00,2023,1,24,14,25,31,31271,Lieu dit EN CURSE,43.544357,1.63324,Plein jour,Hors agglomération,Intersection en T,Normale,Deux véhicules - côté,3,2,2,0,1,1,1,0,1,80,2,2,1,0,1,0,71.0,62.0,deux_roues,voiture,1,1,3,1,3
202300027517,2023-01-24 14:25:00,2023,1,24,14,25,31,31271,Lieu dit EN CURSE,43.544357,1.63324,Plein jour,Hors agglomération,Intersection en T,Normale,Deux véhicules - côté,3,-1,2,0,1,1,1,0,8,50,2,2,1,0,1,0,71.0,62.0,deux_roues,voiture,1,1,3,1,3
202300027518,2023-08-03 18:30:00,2023,8,3,18,30,42,42052,Route de Fleury,46.163667,4.167214,Plein jour,En agglomération,Intersection en X,Normale,Deux véhicules - côté,3,2,2,0,1,1,1,0,1,50,2,2,1,0,1,0,15.0,26.0,deux_roues,utilitaire_camion,1,2,2,1,3
202300027518,2023-08-03 18:30:00,2023,8,3,18,30,42,42052,Route de Fleury,46.163667,4.167214,Plein jour,En agglomération,Intersection en X,Normale,Deux véhicules - côté,3,2,2,0,2,1,1,0,1,50,2,2,1,0,1,0,15.0,26.0,deux_roues,utilitaire_camion,1,2,2,1,3
202300027519,2023-04-17 15:35:00,2023,4,17,15,35,94,94078,Avenue du 8 Mai 1945,48.72578,2.44458,Plein jour,En agglomération,Hors intersection,Normale,Deux véhicules - côté,2,2,4,0,2,2,1,0,1,50,2,2,1,0,0,1,45.0,56.0,deux_roues,voiture,1,2,1,1,3
202300027520,2023-01-21 10:20:00,2023,1,21,10,20,01,01173,Rue de Geneve,46.331841,6.05745,Plein jour,En agglomération,Intersection en X,Normale,Autre collision,3,2,1,0,1,1,1,0,1,50,1,3,1,0,0,2,80.0,,voiture,,1,2,2,1,6
202300027520,2023-01-21 10:20:00,2023,1,21,10,20,01,01173,Rue de Geneve,46.331841,6.05745,Plein jour,En agglomération,Intersection en X,Normale,Autre collision,3,1,1,0,2,1,1,0,1,50,1,3,1,0,0,2,80.0,,voiture,,1,2,2,1,6
202300027521,2023-07-19 17:15:00,2023,7,19,17,15,42,42177,Rue Sainte Anne,46.14291381,4.10843264,Plein jour,En agglomération,Intersection en X,Temps éblouissant,Autre collision,3,2,2,0,1,1,1,0,1,30,1,2,1,0,1,0,41.0,,utilitaire_camion,,1,2,2,7,6
202300027521,2023-07-19 17:15:00,2023,7,19,17,15,42,42177,Rue Sainte Anne,46.14291381,4.10843264,Plein jour,En agglomération,Intersection en X,Temps éblouissant,Autre collision,3,2,2,-1,1,1,1,0,1,-1,1,2,1,0,1,0,41.0,,utilitaire_camion,,1,2,2,7,6
202300027522,2023-07-31 17:30:00,2023,7,31,17,30,41,41179,D87,48.066931,1.08785,Plein jour,Hors agglomération,Hors intersection,Normale,Sans collision,3,2,2,0,1,3,1,0,3,80,1,1,0,1,0,0,19.0,,voiture,,1,1,1,1,7
202300027523,2023-04-17 20:45:00,2023,4,17,20,45,94,94052,Rue Jacques Kablé,48.835652,2.492523,Crépuscule ou aube,En agglomération,Hors intersection,Normale,Deux véhicules - côté,3,2,2,0,1,1,1,0,1,30,2,2,1,0,0,1,36.0,16.0,voiture,deux_roues,2,2,1,1,3
202300027524,2023-01-25 13:40:00,2023,1,25,13,40,83,83091,D14,43.23437,6.212034,Plein jour,Hors agglomération,Intersection en T,Normale,Trois véhicules et plus - collisions multiples,3,2,2,0,1,1,1,0,1,80,3,5,2,1,1,1,51.0,91.0,voiture,voiture,1,1,3,1,5
202300027524,2023-01-25 13:40:00,2023,1,25,13,40,83,83091,D14,43.23437,6.212034,Plein jour,Hors agglomération,Intersection en T,Normale,Trois véhicules et plus - collisions multiples,3,2, -1,-1,1,1,1,0,1,-1,3,5,2,1,1,1,51.0,91.0,voiture,voiture,1,1,3,1,5
202300027525,2023-08-03 07:00:00,2023,8,3,7,0,34,34031,D13,43.346731,3.438442,Plein jour,Hors agglomération,Hors intersection,Normale,Deux véhicules - frontale,3,2,2,0,1,1,1,0,1,80,2,3,0,2,0,1,25.0,41.0,voiture,utilitaire_camion,1,1,1,1,1
202300027526,2023-04-16 12:20:00,2023,4,16,12,20,94,94046,Rue Eugène Renault,48.814963,2.417565,Plein jour,En agglomération,Hors intersection,Normale,Deux véhicules - côté,3,2,4,0,1,1,1,0,1,50,2,3,2,0,0,1,39.0,37.0,voiture,deux_roues,1,2,1,1,3
202300027527,2023-01-24 18:15:00,2023,1,24,18,15,84,84038,Grand Rue,43.801584,5.065738,Nuit avec éclairage allumé,En agglomération,Intersection en X,Normale,Deux véhicules - côté,4,2, -1,-1,1,1,1,0,1,-1,2,2,1,0,1,0,23.0,40.0,deux_roues,voiture,5,2,2,1,3
202300027527,2023-01-24 18:15:00,2023,1,24,18,15,84,84038,Grand Rue,43.801584,5.065738,Nuit avec éclairage allumé,En agglomération,Intersection en X,Normale,Deux véhicules - côté,4,2,2,0,1,1,1,0,1,30,2,2,1,0,1,0,23.0,40.0,deux_roues,voiture,5,2,2,1,3
202300027528,2023-07-26 20:10:00,2023,7,26,20,10,44,44213,Les Quatre Vents (Varades),47.442409,-1.032865,Plein jour,Hors agglomération,Intersection en X,Temps éblouissant,Deux véhicules - frontale,3,2,2,0,1,1,1,0,1,80,2,3,2,0,1,0,66.0,25.0,voiture,voiture,1,1,2,7,1
202300027528,2023-07-26 20:10:00,2023,7,26,20,10,44,44213,Les Quatre Vents (Varades),47.442409,-1.032865,Plein jour,Hors agglomération,Intersection en X,Temps éblouissant,Deux véhicules - frontale,3,2,1,0,1,1,1,0,1,80,2,3,2,0,1,0,66.0,25.0,voiture,voiture,1,1,2,7,1
202300027529,2023-04-16 14:10:00,2023,4,16,14,10,94,94017,Allee Louis Jouvet,48.82594,2.51443,Plein jour,En agglomération,Hors intersection,Normale,Autre collision,4,1,1,1,1,3,1,0,1,30,1,2,1,0,0,1,24.0,,utilitaire_camion,,1,2,1,1,6
202300027530,2023-01-12 06:29:00,2023,1,12,6,29,37,37170,A28,47.57648711,0.57882071,Nuit sans éclairage public,Hors agglomération,Hors intersection,Pluie légère,Autre collision,1,3,4,0,1,1,2,0,2,130,1,1,0,0,1,0,53.0,,utilitaire_camion,,3,1,1,2,6
202300027531,2023-04-16 05:50:00,2023,4,16,5,50,93,93073,Aeroport Charles de Gaulle,49.00361,2.56497,Nuit sans éclairage public,En agglomération,Hors intersection,Normale,Autre collision,9,1,2,0,1,1,1,2,1,50,1,2,1,0,0,1,38.0,,transport_commun,,3,2,1,1,6
202300027532,2023-08-03 14:10:00,2023,8,3,14,10,02,02126,,49.761877,4.181564,Plein jour,Hors agglomération,Hors intersection,Pluie légère,Autre collision,3,2,2,0,1,1,2,0,3,80,1,5,0,0,4,1,74.0,,voiture,,1,1,1,2,6
202300027533,2023-01-25 08:50:00,2023,1,25,8,50,89,89195,D1060,48.166407,3.267896,Plein jour,Hors agglomération,Hors intersection,Normale,Deux véhicules - côté,3,2,2,0,2,1,1,2,1,90,2,2,1,0,1,0,20.0,58.0,deux_roues,voiture,1,1,1,1,3
202300027534,2023-04-17 08:00:00,2023,4,17,8,0,93,93049,Rue Paul Vaillant-couturier,48.86162464,2.50359444,Plein jour,En agglomération,Hors intersection,Normale,Deux véhicules - côté,4,1,1,0,1,1,1,0,1,30,2,2,0,0,0,2,34.0,30.0,utilitaire_camion,voiture,1,2,1,1,3
202300027535,2023-08-03 12:10:00,2023,8,3,12,10,02,02359,D1,49.800266,3.285223,Plein jour,Hors agglomération,Hors intersection,Pluie forte,Deux véhicules - arrière,3,3,4,0,3,1,2,0,1,110,2,2,1,0,1,0,21.0,50.0,voiture,utilitaire_camion,1,1,1,3,2
202300027536,2023-01-25 08:40:00,2023,1,25,8,40,51,51287,D951,49.085869,3.962363,Plein jour,Hors agglomération,Hors intersection,Pluie légère,Autre collision,3,2,3,0,2,3,2,0,1,90,1,2,1,0,1,0,63.0,,voiture,,1,1,1,2,6
202300027537,2023-08-03 17:50:00,2023,8,3,17,50,54,54072,RD 40,48.853668,6.09635,Plein jour,Hors agglomération,Hors intersection,Pluie légère,Autre collision,3,2,2,0,1,1,2,0,1,80,1,1,0,1,0,0,19.0,,voiture,,1,1,1,2,6
202300027538,2023-04-17 09:00:00,2023,4,17,9,0,93,93055,Rue Courtois / Rue Jacquart,48.89157,2.41661,Plein jour,En agglomération,Intersection en X,Temps couvert,Deux véhicules - frontale,4,1,1,1,2,1,1,0,1,30,2,2,1,0,0,1,33.0,37.0,voiture,deux_roues,1,2,2,8,1
202300027538,2023-04-17 09:00:00,2023,4,17,9,0,93,93055,Rue Courtois / Rue Jacquart,48.89157,2.41661,Plein jour,En agglomération,Intersection en X,Temps couvert,Deux véhicules - frontale,4,1,1,0,1,1,1,0,1,30,2,2,1,0,0,1,33.0,37.0,voiture,deux_roues,1,2,2,8,1
202300027539,2023-01-24 07:10:00,2023,1,24,7,10,59,59669,1235 Route de Watten,50.80663032,2.43986959,Nuit avec éclairage allumé,En agglomération,Intersection en X,Temps couvert,Deux véhicules - côté,3,2,2,0,1,1,1,5,1,50,2,3,2,0,0,1,32.0,51.0,utilitaire_camion,utilitaire_camion,5,2,2,8,3
202300027539,2023-01-24 07:10:00,2023,1,24,7,10,59,59669,1235 Route de Watten,50.80663032,2.43986959,Nuit avec éclairage allumé,En agglomération,Intersection en X,Temps couvert,Deux véhicules - côté,3,2, -1,-1,1,1,1,5,1,50,2,3,2,0,0,1,32.0,51.0,utilitaire_camion,utilitaire_camion,5,2,2,8,3
202300027540,2023-08-01 13:45:00,2023,8,1,13,45,72,72230,la Chenaie,47.855013,0.100121,Plein jour,Hors agglomération,Autre intersection,Normale,Deux véhicules - arrière,3,2,3,0,1,1,1,0,1,90,2,2,1,0,0,1,57.0,35.0,utilitaire_camion,utilitaire_camion,1,1,9,1,2
202300027541,2023-01-25 20:36:00,2023,1,25,20,36,74,74312,d1205,46.067626,6.503466,Nuit sans éclairage public,Hors agglomération,Hors intersection,Normale,Autre collision,3,2,2,0,1,1,1,0,8,80,1,1,0,0,1,0,30.0,,voiture,,3,1,1,1,6
202300027542,2023-04-16 21:05:00,2023,4,16,21,5,93,93008,Avenue de la Division Leclerc,48.90917,2.41812,Nuit avec éclairage allumé,En agglomération,Hors intersection,Normale,Deux véhicules - côté,3,2,2,1,1,1,1,0,1,50,2,2,0,0,0,2,29.0,41.0,voiture,voiture,5,2,1,1,3
202300027543,2023-08-03 07:00:00,2023,8,3,7,0,50,50615,Rue des Religieuses,49.507836,-1.468708,Crépuscule ou aube,En agglomération,Intersection en X,Pluie légère,Autre collision,4,1,1,0,2,1,2,0,1,30,1,2,1,0,1,0,73.0,,voiture,,2,2,2,2,6
202300027543,2023-08-03 07:00:00,2023,8,3,7,0,50,50615,Rue des Religieuses,49.507836,-1.468708,Crépuscule ou aube,En agglomération,Intersection en X,Pluie légère,Autre collision,4,1, -1,-1,1,3,2,0,1,30,1,2,1,0,1,0,73.0,,voiture,,2,2,2,2,6
202300027544,2023-01-20 16:24:00,2023,1,20,16,24,76,76302,Rue Jean Prévost,49.649031,0.364619,Plein jour,En agglomération,Hors intersection,Normale,Autre collision,4,2,2,0,1,1,1,0,1,50,1,2,1,0,0,1,60.0,,voiture,,1,2,1,1,6
202300027545,2023-08-02 17:30:00,2023,8,2,17,30,64,64191,chemin des arribets,43.177323,-0.221823,Plein jour,Hors agglomération,Hors intersection,Normale,Deux véhicules - frontale,4,2,2,0,1,3,1,0,1,50,2,2,1,0,0,1,75.0,15.0,utilitaire_camion,deux_roues,1,1,1,1,1
202300027546,2023-01-18 12:25:00,2023,1,18,12,25,79,79002,,46.694469,-0.30262,Plein jour,Hors agglomération,Hors intersection,Normale,Deux véhicules - frontale,3,2,2,0,1,1,1,0,1,-1,2,5,1,0,2,2,36.0,29.0,voiture,voiture,1,1,1,1,1
202300027547,2023-08-02 18:50:00,2023,8,2,18,50,10,10372,Domaine Saint Victor,48.37078257,4.70991692,Plein jour,Hors agglomération,Hors intersection,Vent fort / tempête,Sans collision,3,2,2,0,2,1,2,0,3,90,1,1,0,0,1,0,30.0,,voiture,,1,1,1,6,7
202300027548,2023-01-24 23:30:00,2023,1,24,23,30,79,79238,,46.914699,-0.467972,Nuit sans éclairage public,Hors agglomération,Hors intersection,Normale,Sans collision,3,2,2,0,2,1,1,0,3,80,1,1,0,1,0,0,47.0,,voiture,,3,1,1,1,7
202300027549,2023-04-16 22:30:00,2023,4,16,22,30,93,93001,83 Avenue Victor Hugo,48.90532942,2.37426889,Nuit avec éclairage allumé,En agglomération,Hors intersection,Normale,Autre collision,3,2,2,0,1,1,1,0,1,50,1,6,5,0,0,1,23.0,,utilitaire_camion,,5,2,1,1,6
202300027550,2023-08-02 17:20:00,2023,8,2,17,20,16,16190,Chemin des Moulins,46.00614827,-0.01335114,Plein jour,En agglomération,Hors intersection,Pluie légère,Deux véhicules - côté,4,2,2,0,1,3,2,0,1,50,2,2,1,0,0,1,16.0,73.0,deux_roues,voiture,1,2,1,2,3
202300027551,2023-01-21 15:45:00,2023,1,21,15,45,71,71346,D985,46.612155,4.220367,Plein jour,En agglomération,Giratoire,Temps couvert,Deux véhicules - arrière,3,2,2,0,1,1,2,0,1,30,2,2,1,0,0,1,58.0,46.0,voiture,deux_roues,1,2,6,8,2
202300027552,2023-07-25 10:00:00,2023,7,25,10,0,16,16106,AVENUE DE LA LIBERATION,46.013229,0.667828,Plein jour,En agglomération,Hors intersection,Normale,Deux véhicules - arrière,3,2,2,0,1,1,1,0,1,50,2,2,1,0,1,0,17.0,78.0,deux_roues,voiture,1,2,1,1,2
202300027553,2023-08-02 13:20:00,2023,8,2,13,20,40,40268,Chemin de Pebielh,43.514273,-1.285357,Plein jour,Hors agglomération,Intersection en T,Normale,Deux véhicules - côté,3,2,2,0,1,1,1,0,1,80,2,2,1,0,1,0,51.0,43.0,deux_roues,utilitaire_camion,1,1,3,1,3
202300027553,2023-08-02 13:20:00,2023,8,2,13,20,40,40268,Chemin de Pebielh,43.514273,-1.285357,Plein jour,Hors agglomération,Intersection en T,Normale,Deux véhicules - côté,3,-1, -1,-1,-1,-1,-1,-1,-1,-1,2,2,1,0,1,0,51.0,43.0,deux_roues,utilitaire_camion,1,1,3,1,3
202300027554,2023-04-17 18:10:00,2023,4,17,18,10,92,92063,Bretelle A86,48.88744987,2.16726637,Plein jour,En agglomération,Autre intersection,Normale,Trois véhicules et plus - en chaîne,1,1,2,0,2,3,1,3,8,50,3,3,2,0,0,1,33.0,21.0,voiture,deux_roues,1,2,9,1,4
202300027554,2023-04-17 18:10:00,2023,4,17,18,10,92,92063,Bretelle A86,48.88744987,2.16726637,Plein jour,En agglomération,Autre intersection,Normale,Trois véhicules et plus - en chaîne,1,1,1,0,1,1,1,0,1,50,3,3,2,0,0,1,33.0,21.0,voiture,deux_roues,1,2,9,1,4
202300027555,2023-01-24 18:50:00,2023,1,24,18,50,47,47004,D813,44.30533179,0.3420045,Nuit avec éclairage allumé,Hors agglomération,Hors intersection,Normale,Deux véhicules - frontale,3,2,2,0,1,1,1,2,1,80,2,3,1,0,2,0,44.0,63.0,voiture,voiture,5,1,1,1,1
202300027556,2023-08-03 08:45:00,2023,8,3,8,45,17,17218,D938ter,46.323423,-0.988737,Plein jour,Hors agglomération,Hors intersection,Normale,Deux véhicules - arrière,3,2,2,0,1,1,2,0,1,80,2,2,1,1,0,0,37.0,58.0,voiture,deux_roues,1,1,1,1,2
202300027557,2023-01-24 18:40:00,2023,1,24,18,40,86,86148,D741,46.419655,0.382928,Nuit sans éclairage public,Hors agglomération,Hors intersection,Normale,Deux véhicules - arrière,3,3,4,0,1,1,1,0,1,90,2,2,1,0,1,0,17.0,26.0,deux_roues,voiture,3,1,1,1,2
202300027558,2023-04-16 17:45:00,2023,4,16,17,45,92,92048,ETANG DE TRIVAUX (ROUTE DE L'),48.7952,2.23327,Plein jour,Hors agglomération,Autre intersection,Normale,Autre collision,6,-1, -1,0,1,1,1,9,1,30,1,1,0,0,0,1,44.0,,deux_roues,,1,1,9,1,6
202300027559,2023-08-03 16:50:00,2023,8,3,16,50,38,38527,Route du Col du Sabot,45.162742,6.086115,Plein jour,En agglomération,Hors intersection,Normale,Sans collision,3,2,2,0,2,1,1,0,8,50,1,1,0,0,1,0,25.0,,deux_roues,,1,2,1,1,7
202300027560,2023-01-24 20:50:00,2023,1,24,20,50,39,39485,Rue des Ecoles,46.39411,5.452508,Nuit avec éclairage allumé,En agglomération,Hors intersection,Normale,Autre collision,3,3,2,0,2,1,1,8,1,50,1,6,0,0,3,3,58.0,,utilitaire_camion,,5,2,1,1,6
202300027561,2023-04-17 09:10:00,2023,4,17,9,10,92,92036,PIERRE DE COUBERTIN (BOULEVARD) (G.SAND,48.92617735,2.28482299,Plein jour,En agglomération,Intersection en X,Normale,Autre collision,3,2,4,0,1,1,1,0,1,50,2,2,1,0,0,1,29.0,34.0,utilitaire_camion,deux_roues,1,2,2,1,6
202300027561,2023-04-17 09:10:00,2023,4,17,9,10,92,92036,PIERRE DE COUBERTIN (BOULEVARD) (G.SAND,48.92617735,2.28482299,Plein jour,En agglomération,Intersection en X,Normale,Autre collision,3,2,2,0,1,1,1,0,1,50,2,2,1,0,0,1,29.0,34.0,utilitaire_camion,deux_roues,1,2,2,1,6
202300027562,2023-01-24 19:35:00,2023,1,24,19,35,25,25578,Rue de la Gare,47.149432,6.343261,Nuit avec éclairage allumé,En agglomération,Hors intersection,Normale,Autre collision,3,2,2,0,1,1,1,0,1,50,1,3,2,0,1,0,22.0,,voiture,,5,2,1,1,6
202300027563,2023-08-02 22:10:00,2023,8,2,22,10,69,69077,Autoroute 6,46.147744,4.769762,Nuit sans éclairage public,Hors agglomération,Hors intersection,Normale,Deux véhicules - arrière,1,3,6,0,1,1,1,2,1,130,2,4,3,0,1,0,58.0,34.0,voiture,voiture,3,1,1,1,2
202300027564,2023-08-02 19:15:00,2023,8,2,19,15,987,98725,"Rt2 Pk 9.500, station shell",-17.50666,-149.493091,Nuit avec éclairage allumé,En agglomération,Hors intersection,Normale,Deux véhicules - arrière,2,2,2,0,1,1,1,0,1,50,2,3,2,0,1,0,23.0,46.0,voiture,deux_roues,5,2,1,1,2
202300027565,2023-01-16 08:40:00,2023,1,16,8,40,35,35069,D92,48.04881,-1.514268,Plein jour,Hors agglomération,Hors intersection,Pluie forte,Trois véhicules et plus - en chaîne,3,2,2,0,2,1,2,0,1,80,3,7,4,0,1,2,38.0,24.0,voiture,voiture,1,1,1,3,4
202300027566,2023-04-17 19:46:00,2023,4,17,19,46,92,92026,SAINT DENIS BD (120 A 174 / 199 A 315),48.89636743,2.2584815,Plein jour,En agglomération,Intersection en T,Normale,Deux véhicules - frontale,3,2,2,0,1,1,1,0,1,50,2,4,2,0,1,1,20.0,29.0,deux_roues,voiture,1,2,3,1,1
202300027566,2023-04-17 19:46:00,2023,4,17,19,46,92,92026,SAINT DENIS BD (120 A 174 / 199 A 315),48.89636743,2.2584815,Plein jour,En agglomération,Intersection en T,Normale,Deux véhicules - frontale,3,1,1,0,1,1,1,0,1,50,2,4,2,0,1,1,20.0,29.0,deux_roues,voiture,1,2,3,1,1
202300027566,2023-04-17 19:46:00,2023,4,17,19,46,92,92026,SAINT DENIS BD (120 A 174 / 199 A 315),48.89636743,2.2584815,Plein jour,En agglomération,Intersection en T,Normale,Deux véhicules - frontale,3,1,1,0,2,1,1,0,1,50,2,4,2,0,1,1,20.0,29.0,deux_roues,voiture,1,2,3,1,1
202300027567,2023-08-01 22:00:00,2023,8,1,22,0,973,97312,Rue de l'Aigle,5.378816,-52.958382,Nuit avec éclairage allumé,En agglomération,Intersection en X,Normale,Deux véhicules - côté,4,2,2,0,1,1,1,0,1,50,2,2,0,0,1,1,21.0,32.0,deux_roues,deux_roues,5,2,2,1,3
202300027568,2023-01-24 17:15:00,2023,1,24,17,15,29,29249,Menez Rouz,48.151249,-3.803802,Plein jour,Hors agglomération,Hors intersection,Normale,Deux véhicules - frontale,3,2,2,0,2,2,1,0,1,80,2,2,1,1,0,0,19.0,26.0,voiture,voiture,1,1,1,1,1
202300027569,2023-04-17 10:10:00,2023,4,17,10,10,92,92025,CHAMPARONS   (PETITE RUE) (RUE DES),48.92753,2.26625,Plein jour,En agglomération,Hors intersection,Temps couvert,Autre collision,4,1,1,0,1,1,1,0,1,30,1,1,0,0,0,1,36.0,,voiture,,1,2,1,8,6
202300027570,2023-01-18 07:20:00,2023,1,18,7,20,29,29245,Pen ar Forest,48.460924,-4.35212,Crépuscule ou aube,Hors agglomération,Hors intersection,Neige / grêle,Deux véhicules - frontale,3,2,2,0,1,1,5,0,1,80,2,3,1,0,0,2,51.0,37.0,voiture,utilitaire_camion,2,1,1,4,1
202300027571,2023-07-30 20:10:00,2023,7,30,20,10,30,30155,Avenue Pierre Mendès France,43.826319,4.479498,Plein jour,En agglomération,Passage à niveau,Normale,Deux véhicules - frontale,4,2,2,0,3,1,1,4,8,50,2,2,1,1,0,0,15.0,30.0,deux_roues,transport_commun,1,2,8,1,1
202300027572,2023-01-24 17:20:00,2023,1,24,17,20,31,31033,18 Avenue d'Hermannsburg,43.355333,1.463862,Plein jour,En agglomération,Hors intersection,Normale,Deux véhicules - côté,3,2,2,0,1,1,1,0,1,30,2,2,1,0,0,1,54.0,13.0,voiture,deux_roues,1,2,1,1,3
202300027573,2023-04-17 20:55:00,2023,4,17,20,55,92,92012,EDOUARD VAILLANT (AVENUE) 57/FIN - 58/FI,48.83392,2.24479,Crépuscule ou aube,En agglomération,Hors intersection,Normale,Autre collision,3,2,2,0,1,1,1,0,1,50,1,2,0,0,0,2,38.0,,deux_roues,,2,2,1,1,6
202300027574,2023-08-01 12:41:00,2023,8,1,12,41,11,11361,,43.322134,2.01612,Plein jour,Hors agglomération,Hors intersection,Normale,Autre collision,3,2,2,0,3,1,1,0,3,-1,1,2,0,0,2,0,78.0,,voiture,,1,1,1,1,6
202300027575,2023-01-24 08:10:00,2023,1,24,8,10,02,02827,,49.715823,3.734096,Crépuscule ou aube,Hors agglomération,Hors intersection,Normale,Deux véhicules - arrière,2,3,2,0,1,1,1,0,1,90,2,2,1,0,1,0,33.0,21.0,voiture,deux_roues,2,1,1,1,2
202300027576,2023-07-29 15:15:00,2023,7,29,15,15,34,34154,D112,43.627347,4.000538,Plein jour,Hors agglomération,Intersection en T,Normale,Deux véhicules - côté,3,2,2,0,2,1,1,9,1,80,2,3,1,0,1,1,49.0,71.0,deux_roues,voiture,1,1,3,1,3
202300027576,2023-07-29 15:15:00,2023,7,29,15,15,34,34154,D112,43.627347,4.000538,Plein jour,Hors agglomération,Intersection en T,Normale,Deux véhicules - côté,3,2, -1,-1,1,2,1,0,1,-1,2,3,1,0,1,1,49.0,71.0,deux_roues,voiture,1,1,3,1,3
202300027577,2023-01-25 19:40:00,2023,1,25,19,40,70,70205,Grande Rue,47.658537,6.735263,Nuit avec éclairage allumé,En agglomération,Hors intersection,Normale,Deux véhicules - frontale,3,2,2,0,1,3,1,0,1,50,2,2,0,0,0,2,39.0,26.0,voiture,voiture,5,2,1,1,1
202300027578,2023-04-17 17:30:00,2023,4,17,17,30,92,92012,GENERAL LECLERC (AVENUE DU) 35/FIN - 60/,48.83103,2.2349,Plein jour,En agglomération,Hors intersection,Normale,Trois véhicules et plus - en chaîne,3,1,3,0,1,1,1,0,1,50,3,3,2,0,0,1,31.0,24.0,deux_roues,utilitaire_camion,1,2,1,1,4
202300027579,2023-01-24 11:30:00,2023,1,24,11,30,72,72054,Route de Paris,48.012865,0.317863,Plein jour,Hors agglomération,Hors intersection,Normale,Deux véhicules - côté,3,2,4,0,1,1,1,0,1,-1,2,2,1,0,1,0,25.0,77.0,utilitaire_camion,voiture,1,1,1,1,3
202300027580,2023-08-02 23:53:00,2023,8,2,23,53,34,34176,D24,43.635143,4.048097,Nuit sans éclairage public,Hors agglomération,Hors intersection,Normale,Deux véhicules - frontale,3,2,2,0,1,1,1,0,1,70,2,4,2,0,1,1,,57.0,voiture,voiture,3,1,1,1,1
202300027581,2023-04-17 08:00:00,2023,4,17,8,0,92,92004,PARFUMERIE ( RUE DE LA ),48.91365,2.29897,Plein jour,En agglomération,Hors intersection,Normale,Autre collision,4,-1,2,0,1,1,1,0,1,50,1,2,1,0,0,1,30.0,,voiture,,1,2,1,1,6
202300027582,2023-01-20 07:45:00,2023,1,20,7,45,14,14475,2 Rue du Douet Patra,49.10455606,-0.55296958,Crépuscule ou aube,En agglomération,Hors intersection,Normale,Sans collision,4,2,2,0,2,3,7,0,1,50,1,1,0,0,1,0,63.0,,deux_roues,,2,2,1,1,7
202300027583,2023-08-02 13:10:00,2023,8,2,13,10,68,68372,27 Rue de la Grande Armee,47.842676,7.071596,Plein jour,En agglomération,Hors intersection,Normale,Deux véhicules - arrière,3,2,2,0,1,1,1,0,1,50,2,2,1,0,0,1,15.0,53.0,deux_roues,voiture,1,2,1,1,2
202300027584,2023-04-17 20:25:00,2023,4,17,20,25,92,92004,ARGENTEUIL AV D',48.91176,2.28514,Crépuscule ou aube,En agglomération,Hors intersection,Normale,Autre collision,3,-1,1,0,1,1,1,0,1,50,2,2,1,0,0,1,51.0,30.0,voiture,deux_roues,2,2,1,1,6
202300027585,2023-01-17 01:15:00,2023,1,17,1,15,14,14143,D9,49.087794,-0.817945,Nuit sans éclairage public,En agglomération,Intersection en X,Normale,Deux véhicules - côté,3,2,2,0,1,1,1,0,1,50,2,2,1,0,1,0,31.0,34.0,deux_roues,voiture,3,2,2,1,3
202300027585,2023-01-17 01:15:00,2023,1,17,1,15,14,14143,D9,49.087794,-0.817945,Nuit sans éclairage public,En agglomération,Intersection en X,Normale,Deux véhicules - côté,3,2,2,0,1,1,1,0,1,50,2,2,1,0,1,0,31.0,34.0,deux_roues,voiture,3,2,2,1,3