accident_id,datetime,annee,mois,jour,heure,minute,departement,commune_insee,adresse,latitude,longitude,luminosite,agglomeration,intersection,meteo,collision,catr,circ,nbv,vosp,prof,plan,surf,infra,situ,vma,nb_vehicules,nb_usagers,nb_indemnes,nb_tues,nb_blesses_hosp,nb_blesses_legers,age_cond_1,age_cond_2,veh_type_cond_1,veh_type_cond_2,lum_code,agg_code,int_code,atm_code,col_code
202300027586,2023-07-29 00:55:00,2023,7,29,0,55,73,73197,Chemin des vernettes,45.540353,6.773608,Plein jour,Hors agglomération,Hors intersection,Normale,Sans collision,9,-1,2,0,1,2,1,0,8,-1,1,1,0,1,0,0,24.0,,utilitaire_camion,,1,1,1,1,7
202300027587,2023-04-18 09:10:00,2023,4,18,9,10,49,49063,Avenue Jean Robin,47.348553,-0.76216,Plein jour,En agglomération,Giratoire,Normale,Deux véhicules - côté,3,2,2,0,1,1,1,0,1,50,2,2,1,0,1,0,62.0,42.0,voiture,voiture,1,2,6,1,3
202300027588,2023-08-03 06:25:00,2023,8,3,6,25,26,26004,Route de la Correspondance,44.984237,4.981179,Crépuscule ou aube,Hors agglomération,Intersection en T,Normale,Sans collision,4,2,2,0,1,1,1,0,8,-1,1,1,0,0,1,0,35.0,,deux_roues,,2,1,3,1,7
202300027588,2023-08-03 06:25:00,2023,8,3,6,25,26,26004,Route de la Correspondance,44.984237,4.981179,Crépuscule ou aube,Hors agglomération,Intersection en T,Normale,Sans collision,4,2,2,0,1,3,9,0,1,80,1,1,0,0,1,0,35.0,,deux_roues,,2,1,3,1,7
202300027589,2023-01-25 18:00:00,2023,1,25,18,0,60,60485,D930,49.612823,2.170873,Nuit sans éclairage public,Hors agglomération,Intersection en X,Autre,Deux véhicules - frontale,3,2,2,0,1,1,1,0,1,80,2,3,0,0,0,3,48.0,32.0,voiture,voiture,3,1,2,9,1
202300027589,2023-01-25 18:00:00,2023,1,25,18,0,60,60485,D930,49.612823,2.170873,Nuit sans éclairage public,Hors agglomération,Intersection en X,Autre,Deux véhicules - frontale,3,2, -1,-1,1,1,1,5,1,-1,2,3,0,0,0,3,48.0,32.0,voiture,voiture,3,1,2,9,1
202300027590,2023-04-18 03:50:00,2023,4,18,3,50,41,41067,Route de Romorantin,47.500901,1.465145,Nuit avec éclairage non allumé,En agglomération,Hors intersection,Normale,Sans collision,4,2,2,0,1,3,1,0,8,70,1,2,1,0,1,0,70.0,,voiture,,4,2,1,1,7
202300027591,2023-08-02 17:30:00,2023,8,2,17,30,07,07262,CHM,44.606647,3.972164,Plein jour,Hors agglomération,Hors intersection,Normale,Autre collision,9,-1,1,0,1,2,9,0,8,-1,1,1,0,1,0,0,18.0,,deux_roues,,1,1,1,1,6
202300027592,2023-01-23 18:20:00,2023,1,23,18,20,16,16028,Rue de la République,45.467166,-0.15957,Nuit avec éclairage allumé,En agglomération,Hors intersection,Normale,Deux véhicules - côté,4,2,2,0,1,1,1,0,1,30,2,2,1,0,0,1,29.0,20.0,voiture,deux_roues,5,2,1,1,3
202300027593,2023-08-03 03:00:00,2023,8,3,3,0,07,07026,Grand mas neuf,44.854507,4.1085,Nuit sans éclairage public,Hors agglomération,Intersection en Y,Normale,Sans collision,3,2,2,0,1,1,1,0,3,-1,1,1,0,0,0,1,40.0,,voiture,,3,1,4,1,7
202300027593,2023-08-03 03:00:00,2023,8,3,3,0,07,07026,Grand mas neuf,44.854507,4.1085,Nuit sans éclairage public,Hors agglomération,Intersection en Y,Normale,Sans collision,3,2, -1,-1,2,2,1,0,3,-1,1,1,0,0,0,1,40.0,,voiture,,3,1,4,1,7
202300027594,2023-04-17 20:30:00,2023,4,17,20,30,76,76235,D920,49.900205,1.246583,Crépuscule ou aube,Hors agglomération,Hors intersection,Normale,Deux véhicules - frontale,3,2,2,0,1,1,1,0,1,80,2,2,1,0,0,1,78.0,24.0,voiture,voiture,2,1,1,1,1
202300027595,2023-01-25 13:15:00,2023,1,25,13,15,04,04163,D950,44.081959,5.543032,Plein jour,Hors agglomération,Intersection en T,Normale,Deux véhicules - frontale,3,2,2,0,1,1,1,0,1,80,2,4,3,0,0,1,47.0,57.0,voiture,voiture,1,1,3,1,1
202300027595,2023-01-25 13:15:00,2023,1,25,13,15,04,04163,D950,44.081959,5.543032,Plein jour,Hors agglomération,Intersection en T,Normale,Deux véhicules - frontale,3,2,2,0,1,3,1,0,1,80,2,4,3,0,0,1,47.0,57.0,voiture,voiture,1,1,3,1,1
202300027596,2023-08-02 20:30:00,2023,8,2,20,30,07,07145,Route de Lavilledieu,44.605765,4.46951,Crépuscule ou aube,Hors agglomération,Intersection en T,Normale,Deux véhicules - côté,3,2,2,0,1,1,1,0,1,70,2,2,1,0,1,0,23.0,41.0,deux_roues,voiture,2,1,3,1,3
202300027596,2023-08-02 20:30:00,2023,8,2,20,30,07,07145,Route de Lavilledieu,44.605765,4.46951,Crépuscule ou aube,Hors agglomération,Intersection en T,Normale,Deux véhicules - côté,3,2, -1,-1,1,1,1,0,1,-1,2,2,1,0,1,0,23.0,41.0,deux_roues,voiture,2,1,3,1,3
202300027597,2023-04-18 09:00:00,2023,4,18,9,0,31,31044,Avenue des Aérostiers,43.608994,1.489275,Plein jour,En agglomération,Hors intersection,Normale,Autre collision,3,1,0,0,1,1,1,0,1,-1,1,2,1,1,0,0,55.0,,voiture,,1,2,1,1,6
202300027598,2023-07-20 17:30:00,2023,7,20,17,30,72,72025,1 Rue du Patis Saint Germain,47.676903,-0.15972,Plein jour,En agglomération,Autre intersection,Normale,Deux véhicules - côté,4,2,2,0,1,1,1,0,1,50,2,2,1,0,1,0,24.0,18.0,voiture,deux_roues,1,2,9,1,3
202300027599,2023-04-18 15:30:00,2023,4,18,15,30,51,51388,Voie romaine,49.12697732,4.34858233,Plein jour,Hors agglomération,Hors intersection,Normale,Sans collision,5,2,2,0,1,3,1,0,3,70,1,1,0,0,0,1,37.0,,deux_roues,,1,1,1,1,7
202300027600,2023-08-02 15:00:00,2023,8,2,15,0,13,13056,A55-Sens Marseille vers Martigues,43.40212,5.04272,Plein jour,Hors agglomération,Hors intersection,Normale,Sans collision,1,1,2,0,1,1,1,2,1,50,1,1,0,0,0,1,35.0,,deux_roues,,1,1,1,1,7
202300027601,2023-01-25 08:20:00,2023,1,25,8,20,17,17210,D730 Lieu-dit Les Vidaillères,45.438721,-0.673438,Crépuscule ou aube,Hors agglomération,Intersection en X,Normale,Trois véhicules et plus - collisions multiples,3,2,2,0,1,1,1,0,1,80,3,9,1,0,0,8,49.0,31.0,voiture,voiture,2,1,2,1,5
202300027601,2023-01-25 08:20:00,2023,1,25,8,20,17,17210,D730 Lieu-dit Les Vidaillères,45.438721,-0.673438,Crépuscule ou aube,Hors agglomération,Intersection en X,Normale,Trois véhicules et plus - collisions multiples,3,2, -1,-1,1,1,1,5,1,50,3,9,1,0,0,8,49.0,31.0,voiture,voiture,2,1,2,1,5
202300027602,2023-04-17 18:15:00,2023,4,17,18,15,62,62261,Boulevard Edmond Labrasse,50.481654,1.593844,Plein jour,En agglomération,Hors intersection,Normale,Autre collision,4,3,2,0,1,1,1,0,1,50,2,2,1,0,0,1,63.0,57.0,voiture,deux_roues,1,2,1,1,6
202300027603,2023-01-21 02:40:00,2023,1,21,2,40,74,74150,d1206,46.266439,6.315894,Nuit sans éclairage public,En agglomération,Hors intersection,Normale,Deux véhicules - arrière,3,2,2,0,1,1,1,0,1,80,2,2,1,0,0,1,31.0,26.0,voiture,voiture,3,2,1,1,2
202300027604,2023-01-22 14:15:00,2023,1,22,14,15,978,97801,RTE DE LA SAVANE,18.089866,-63.066024,Plein jour,En agglomération,Hors intersection,Normale,Deux véhicules - côté,2,2,2,0,2,1,1,0,1,50,2,2,1,0,0,1,24.0,23.0,deux_roues,deux_roues,1,2,1,1,3
202300027605,2023-04-16 11:30:00,2023,4,16,11,30,973,97311,Rue Kouset Albina,5.482501,-54.012708,Plein jour,En agglomération,Intersection en X,Normale,Autre collision,4,2,2,0,1,1,1,0,1,50,2,3,1,0,1,1,15.0,,deux_roues,deux_roues,1,2,2,1,6
202300027606,2023-08-02 10:15:00,2023,8,2,10,15,91,91434,AUTOROUTE A6,48.66819,2.3549,Plein jour,Hors agglomération,Hors intersection,Normale,Trois véhicules et plus - en chaîne,1,1,3,0,1,1,1,0,1,110,7,9,5,0,0,4,37.0,25.0,utilitaire_camion,utilitaire_camion,1,1,1,1,4
202300027607,2023-01-21 14:15:00,2023,1,21,14,15,74,74010,2 Rue du champ de la taillée,45.886864,6.101946,Plein jour,En agglomération,Hors intersection,Autre,Sans collision,4,2,2,0,2,1,7,0,1,50,2,3,1,0,0,2,81.0,19.0,voiture,deux_roues,1,2,1,9,7
202300027608,2023-08-02 02:53:00,2023,8,2,2,53,91,91661,AUTOROUTE A10,48.69036,2.22208,Nuit sans éclairage public,Hors agglomération,Hors intersection,Pluie forte,Autre collision,1,-1,2,0,1,1,2,0,1,110,1,1,0,0,0,1,33.0,,utilitaire_camion,,3,1,1,3,6
202300027609,2023-04-17 18:30:00,2023,4,17,18,30,76,76662,La Grande Rue,49.771041,0.891877,Plein jour,En agglomération,Hors intersection,Normale,Deux véhicules - côté,4,2,2,0,1,1,1,0,1,-1,2,2,1,0,0,1,56.0,38.0,deux_roues,voiture,1,2,1,1,3
202300027610,2023-01-25 04:43:00,2023,1,25,4,43,38,38530,A43 PK 27+500 sens LYON-CHAMBERY,45.617625,5.190654,Nuit sans éclairage public,Hors agglomération,Hors intersection,Normale,Deux véhicules - côté,1,3,3,0,1,1,1,0,1,130,2,2,1,0,1,0,55.0,23.0,utilitaire_camion,voiture,3,1,1,1,3
202300027611,2023-08-02 12:07:00,2023,8,2,12,7,92,92064,A13,48.84244656,2.2222865,Plein jour,Hors agglomération,Hors intersection,Normale,Sans collision,1,1,2,0,2,2,1,0,1,70,1,1,0,0,0,1,30.0,,deux_roues,,1,1,1,1,7
202300027612,2023-08-02 01:20:00,2023,8,2,1,20,92,92072,N118,48.82338063,2.22201913,Nuit sans éclairage public,Hors agglomération,Hors intersection,Pluie forte,Autre collision,2,-1,3,0,3,3,3,0,1,70,1,1,0,0,0,1,23.0,,deux_roues,,3,1,1,3,6
202300027613,2023-01-24 17:06:00,2023,1,24,17,6,77,77437,RN 330,49.046195,2.792072,Plein jour,Hors agglomération,Autre intersection,Normale,Deux véhicules - frontale,2,2,2,0,1,1,1,0,1,80,2,2,0,2,0,0,36.0,23.0,voiture,voiture,1,1,9,1,1
202300027614,2023-08-02 11:40:00,2023,8,2,11,40,95,95582,A115,48.975042,2.241486,Plein jour,Hors agglomération,Hors intersection,Pluie légère,Autre collision,1,-1,2,0,4,2,2,2,1,70,1,1,0,0,0,1,28.0,,voiture,,1,1,1,2,6
202300027615,2023-04-17 17:25:00,2023,4,17,17,25,33,33484,Avenue du 8 Mai,44.43083,-0.494862,Plein jour,En agglomération,Intersection en T,Normale,Deux véhicules - côté,3,2,2,0,1,1,1,0,1,50,2,2,1,0,1,0,80.0,73.0,deux_roues,voiture,1,2,3,1,3
202300027615,2023-04-17 17:25:00,2023,4,17,17,25,33,33484,Avenue du 8 Mai,44.43083,-0.494862,Plein jour,En agglomération,Intersection en T,Normale,Deux véhicules - côté,3,2, -1,0,1,1,1,0,1,30,2,2,1,0,1,0,80.0,73.0,deux_roues,voiture,1,2,3,1,3
202300027616,2023-01-25 13:35:00,2023,1,25,13,35,84,84034,Avenue Jean Moulin,43.890103,4.928039,Plein jour,Hors agglomération,Hors intersection,Normale,Deux véhicules - frontale,4,2,2,0,1,3,1,0,1,50,2,3,1,0,1,1,37.0,42.0,utilitaire_camion,voiture,1,1,1,1,1
202300027617,2023-08-02 11:00:00,2023,8,2,11,0,92,92036,AUTOROUTE A86,48.93894463,2.30501249,Plein jour,Hors agglomération,Hors intersection,Normale,Deux véhicules - côté,1,-1,3,0,1,1,1,0,1,90,2,3,2,0,0,1,70.0,26.0,voiture,utilitaire_camion,1,1,1,1,3
202300027618,2023-01-25 09:38:00,2023,1,25,9,38,89,89442,A19,48.101426,3.137731,Plein jour,Hors agglomération,Hors intersection,Normale,Autre collision,1,3,4,0,1,1,1,0,1,130,1,1,0,0,0,1,48.0,,voiture,,1,1,1,1,6
202300027619,2023-04-18 06:39:00,2023,4,18,6,39,71,71162,12 Route de Beaune,46.976622,4.406805,Crépuscule ou aube,Hors agglomération,Hors intersection,Normale,Autre collision,3,2,2,0,2,1,1,0,3,80,1,1,0,0,1,0,25.0,,voiture,,2,1,1,1,6
202300027620,2023-08-02 10:25:00,2023,8,2,10,25,93,93027,AUTOROUTE A86,48.92706,2.40353,Plein jour,Hors agglomération,Hors intersection,Pluie légère,Autre collision,1,-1,3,0,2,2,2,2,1,50,1,1,0,0,0,1,24.0,,voiture,,1,1,1,2,6
202300027621,2023-04-17 18:47:00,2023,4,17,18,47,71,71267,Route de Fleurville,46.475456,4.838657,Crépuscule ou aube,Hors agglomération,Hors intersection,Normale,Autre collision,3,2,2,0,1,2,1,0,3,80,1,1,0,0,1,0,26.0,,voiture,,2,1,1,1,6
202300027622,2023-01-18 07:40:00,2023,1,18,7,40,71,71150,Route des Bergers,46.250283,4.783736,Crépuscule ou aube,En agglomération,Intersection en T,Neige / grêle,Deux véhicules - côté,3,2,2,0,1,1,2,0,1,50,2,2,1,0,1,0,21.0,16.0,voiture,deux_roues,2,2,3,4,3
202300027622,2023-01-18 07:40:00,2023,1,18,7,40,71,71150,Route des Bergers,46.250283,4.783736,Crépuscule ou aube,En agglomération,Intersection en T,Neige / grêle,Deux véhicules - côté,3,2,2,0,2,1,2,0,1,50,2,2,1,0,1,0,21.0,16.0,voiture,deux_roues,2,2,3,4,3
202300027623,2023-07-31 17:20:00,2023,7,31,17,20,95,95572,A15,49.03091846,2.12131619,Plein jour,Hors agglomération,Hors intersection,Pluie forte,Autre collision,1,1,1,0,2,2,2,0,1,30,1,3,2,0,0,1,33.0,,voiture,,1,1,1,3,6
202300027624,2023-01-19 05:10:00,2023,1,19,5,10,71,71525,N79,46.386535,4.664919,Nuit sans éclairage public,Hors agglomération,Hors intersection,Neige / grêle,Deux véhicules - frontale,2,3,4,0,2,1,5,0,1,110,2,4,1,0,1,2,34.0,51.0,utilitaire_camion,voiture,3,1,1,4,1
202300027625,2023-05-04 18:30:00,2023,5,4,18,30,32,32013,HUIT MAI,43.663,0.593,Plein jour,En agglomération,Hors intersection,Normale,Deux véhicules - côté,4,2,2,1,1,1,1,5,1,50,2,2,1,0,0,1,59.0,56.0,deux_roues,voiture,1,2,1,1,3
202300027626,2023-04-17 07:40:00,2023,4,17,7,40,47,47093,D655,44.22247884,0.17831121,Plein jour,Hors agglomération,Hors intersection,Normale,Deux véhicules - frontale,3,2,2,0,1,1,1,0,1,80,2,2,0,1,0,1,66.0,43.0,voiture,utilitaire_camion,1,1,1,1,1
202300027627,2023-01-18 18:00:00,2023,1,18,18,0,55,55324,d643,49.456632,5.445099,Nuit sans éclairage public,Hors agglomération,Hors intersection,Normale,Sans collision,3,2,2,0,2,2,1,0,3,90,1,1,0,0,0,1,19.0,,deux_roues,,3,1,1,1,7
202300027628,2023-07-26 11:15:00,2023,7,26,11,15,22,22113,TREGUIER (RUE DE),48.73388,-3.44165,Plein jour,En agglomération,Hors intersection,Normale,Autre collision,4,2,2,2,1,1,1,6,1,30,1,2,1,0,0,1,64.0,,voiture,,1,2,1,1,6
202300027629,2023-01-20 19:00:00,2023,1,20,19,0,17,17452,22 Boulevard Pasteur,45.770611,-1.142491,Nuit avec éclairage allumé,En agglomération,Hors intersection,Normale,Deux véhicules - frontale,4,2,2,0,1,1,1,0,1,50,2,2,1,0,1,0,15.0,59.0,deux_roues,voiture,5,2,1,1,1
202300027630,2023-04-18 20:43:00,2023,4,18,20,43,47,47069,259 route de Dangosse,44.215692,0.602566,Nuit sans éclairage public,En agglomération,Hors intersection,Normale,Autre collision,3,2,2,0,1,2,1,0,4,50,1,2,0,0,1,1,18.0,,voiture,,3,2,1,1,6
202300027631,2023-08-01 10:15:00,2023,8,1,10,15,976,97611,passamanty-Sada ( rue de ),-12.799,45.2158,Plein jour,En agglomération,Autre intersection,Normale,Autre collision,2,2,2,0,1,1,1,0,1,50,2,2,0,0,0,2,56.0,28.0,deux_roues,voiture,1,2,9,1,6
202300027632,2023-04-17 20:30:00,2023,4,17,20,30,39,39470,,46.48393,6.051514,Crépuscule ou aube,Hors agglomération,Hors intersection,Normale,Autre collision,2,2,2,0,2,3,1,0,3,80,1,1,0,1,0,0,22.0,,voiture,,2,1,1,1,6
202300027633,2023-08-01 11:20:00,2023,8,1,11,20,972,97213,ROUTE NATIONALE 1,14.62687,-60.97857,Plein jour,En agglomération,Hors intersection,Normale,Deux véhicules - arrière,2,2,4,0,1,1,1,0,1,90,2,2,1,0,0,1,23.0,39.0,voiture,voiture,1,2,1,1,2
202300027634,2023-01-24 17:50:00,2023,1,24,17,50,33,33096,Rue du Président Allende,44.88839465,-0.51677316,Nuit avec éclairage allumé,En agglomération,Giratoire,Normale,Autre collision,4,2, -1,-1,1,1,1,0,1,-1,1,2,0,0,2,0,37.0,,voiture,,5,2,6,1,6
202300027634,2023-01-24 17:50:00,2023,1,24,17,50,33,33096,Rue du Président Allende,44.88839465,-0.51677316,Nuit avec éclairage allumé,En agglomération,Giratoire,Normale,Autre collision,4,2,2,2,1,3,1,0,5,50,1,2,0,0,2,0,37.0,,voiture,,5,2,6,1,6
202300027635,2023-04-17 10:30:00,2023,4,17,10,30,44,44222,Rue des Coteaux,47.453953,-1.152631,Plein jour,Hors agglomération,Hors intersection,Normale,Sans collision,3,2,2,0,2,1,1,0,1,-1,1,1,0,0,1,0,58.0,,deux_roues,,1,1,1,1,7
202300027636,2023-01-24 17:25:00,2023,1,24,17,25,85,85003,Rue de la roche,46.737515,-1.601942,Plein jour,En agglomération,Hors intersection,Normale,Deux véhicules - côté,3,2,2,0,1,1,1,0,1,50,2,2,1,0,0,1,28.0,18.0,voiture,deux_roues,1,2,1,1,3
202300027637,2023-08-01 15:02:00,2023,8,1,15,2,971,97101,RN11,16.27224785,-61.51575565,Plein jour,Hors agglomération,Hors intersection,Normale,Deux véhicules - arrière,2,1,2,0,1,3,1,0,1,90,2,2,0,0,0,2,21.0,54.0,voiture,voiture,1,1,1,1,2
202300027638,2023-01-20 08:35:00,2023,1,20,8,35,35,35012,La Guillaumiere,47.815986,-1.627264,Plein jour,Hors agglomération,Hors intersection,Autre,Autre collision,4,2,2,0,2,3,7,0,3,80,1,3,0,1,1,1,39.0,,voiture,,1,1,1,9,6
202300027639,2023-04-16 06:00:00,2023,4,16,6,0,29,29236,"Route de Moelan - Parking discothèque ""Le Récif""",47.831729,-3.67681,Nuit avec éclairage allumé,Hors agglomération,Hors intersection,Normale,Autre collision,6,-1, -1,0,1,1,1,0,8,-1,1,2,1,0,0,1,21.0,,voiture,,5,1,1,1,6
202300027640,2023-01-23 18:10:00,2023,1,23,18,10,76,76657,RD982,49.484566,0.357227,Nuit sans éclairage public,Hors agglomération,Hors intersection,Normale,Deux véhicules - côté,3,4,2,0,2,1,1,3,1,-1,2,2,1,0,1,0,43.0,21.0,voiture,voiture,3,1,1,1,3
202300027641,2023-08-01 19:00:00,2023,8,1,19,0,91,91687,MEDER (BOULEVARD),48.68278,2.38252,Plein jour,En agglomération,Hors intersection,Normale,Deux véhicules - arrière,4,1,1,0,1,1,1,0,1,50,2,2,1,0,0,1,57.0,39.0,voiture,voiture,1,2,1,1,2
202300027642,2023-04-17 17:35:00,2023,4,17,17,35,29,29220,D785,47.880304,-4.222553,Plein jour,Hors agglomération,Hors intersection,Normale,Deux véhicules - arrière,3,2,2,0,1,1,1,0,1,80,2,3,2,0,0,1,28.0,70.0,utilitaire_camion,voiture,1,1,1,1,2
202300027643,2023-04-16 09:15:00,2023,4,16,9,15,03,03026,Rue de l'Eglise,46.469537,3.262886,Plein jour,En agglomération,Hors intersection,Normale,Deux véhicules - frontale,3,2,2,0,2,3,1,0,1,50,2,5,4,0,1,0,32.0,59.0,deux_roues,voiture,1,2,1,1,1
202300027644,2023-08-01 04:55:00,2023,8,1,4,55,89,89387,SIX SEPTEMBRE 1914 (RUE DU),48.20714,3.27756,Nuit avec éclairage allumé,En agglomération,Intersection en T,Pluie légère,Deux véhicules - côté,4,1,1,0,1,1,2,0,1,50,2,2,1,0,0,1,35.0,21.0,voiture,deux_roues,5,2,3,2,3
202300027644,2023-08-01 04:55:00,2023,8,1,4,55,89,89387,SIX SEPTEMBRE 1914 (RUE DU),48.20714,3.27756,Nuit avec éclairage allumé,En agglomération,Intersection en T,Pluie légère,Deux véhicules - côté,4,3,2,0,1,1,2,0,1,50,2,2,1,0,0,1,35.0,21.0,voiture,deux_roues,5,2,3,2,3
202300027645,2023-01-20 17:20:00,2023,1,20,17,20,02,02443,,49.043199,3.285255,Crépuscule ou aube,Hors agglomération,Hors intersection,Pluie légère,Deux véhicules - frontale,3,2,2,0,3,1,2,0,1,80,2,3,0,2,1,0,23.0,60.0,voiture,voiture,2,1,1,2,1
202300027646,2023-04-18 18:26:00,2023,4,18,18,26,64,64535,D2,43.349883,-0.523288,Plein jour,Hors agglomération,Hors intersection,Normale,Deux véhicules - arrière,3,2,2,0,1,1,1,9,3,80,2,2,1,1,0,0,65.0,47.0,deux_roues,voiture,1,1,1,1,2
202300027647,2023-07-28 11:20:00,2023,7,28,11,20,89,89346,D89 ( DIRECTION AUXERRE ),47.80002,3.5129,Plein jour,Hors agglomération,Hors intersection,Pluie forte,Autre collision,3,2,2,0,1,1,2,0,3,50,1,1,0,0,1,0,22.0,,voiture,,1,1,1,3,6
202300027648,2023-01-23 18:20:00,2023,1,23,18,20,69,69278,Autoroute 46,45.90548,4.83255,Nuit sans éclairage public,Hors agglomération,Hors intersection,Normale,Trois véhicules et plus - en chaîne,1,3,6,0,1,1,1,0,1,130,3,3,1,0,0,2,25.0,41.0,voiture,voiture,3,1,1,1,4
202300027649,2023-01-24 09:16:00,2023,1,24,9,16,33,33075,ROCADE A 630,44.88334596,-0.62261045,Plein jour,Hors agglomération,Hors intersection,Normale,Deux véhicules - arrière,1,3,4,0,1,1,1,8,1,70,2,2,1,0,0,1,32.0,39.0,voiture,deux_roues,1,1,1,1,2
202300027650,2023-07-31 12:10:00,2023,7,31,12,10,83,83144,CEZANNE (RUE PAUL),43.12949,5.98732,Plein jour,En agglomération,Hors intersection,Normale,Autre collision,4,2,2,0,1,2,1,0,1,50,1,2,1,0,0,1,69.0,,voiture,,1,2,1,1,6
202300027651,2023-04-16 17:27:00,2023,4,16,17,27,10,10359,20 Rue des Joncs,48.11435,3.99142,Plein jour,En agglomération,Hors intersection,Normale,Autre collision,4,2,2,0,1,1,1,0,1,50,1,6,3,0,0,3,69.0,,voiture,,1,2,1,1,6
202300027652,2023-04-15 09:00:00,2023,4,15,9,0,07,07096,D230 route de charensol,44.824465,4.567909,Plein jour,Hors agglomération,Hors intersection,Normale,Autre collision,3,2,2,0,2,1,1,0,1,90,1,1,0,0,1,0,,,,,1,1,1,1,6
202300027653,2023-08-01 20:08:00,2023,8,1,20,8,81,81004,SIBILLE (BD GENERAL),43.9258946,2.1442657,Plein jour,En agglomération,Hors intersection,Normale,Autre collision,6,-1, -1,0,1,1,1,0,1,-1,1,1,0,0,1,0,15.0,,deux_roues,,1,2,1,1,6
202300027654,2023-01-24 20:25:00,2023,1,24,20,25,91,91521,AUTOROUTE A6 ,48.63426,2.40328,Nuit sans éclairage public,Hors agglomération,Hors intersection,Normale,Deux véhicules - côté,1,1,4,0,1,1,1,0,1,90,2,2,1,0,0,1,37.0,39.0,voiture,voiture,3,1,1,1,3
202300027655,2023-04-08 17:29:00,2023,4,8,17,29,53,53185,D144,48.446223,-0.183452,Plein jour,Hors agglomération,Hors intersection,Normale,Deux véhicules - frontale,3,2,2,0,2,4,1,0,1,80,2,2,1,0,1,0,57.0,71.0,deux_roues,voiture,1,1,1,1,1
202300027656,2023-07-31 23:30:00,2023,7,31,23,30,78,78551,FOURQUEUX (ROUTE DE),48.89272,2.08286,Nuit avec éclairage allumé,En agglomération,Autre intersection,Pluie légère,Deux véhicules - côté,3,2,4,0,2,1,2,2,1,50,2,2,1,0,0,1,20.0,,voiture,voiture,5,2,9,2,3
202300027657,2023-01-24 18:40:00,2023,1,24,18,40,92,92078,AUTOROUTE A86,48.92889155,2.33055607,Nuit sans éclairage public,Hors agglomération,Hors intersection,Normale,Deux véhicules - côté,1,3,7,0,2,2,1,0,1,90,2,2,1,0,0,1,27.0,51.0,deux_roues,voiture,3,1,1,1,3
202300027658,2023-04-18 05:50:00,2023,4,18,5,50,04,04145,D4085,44.138351,5.96865,Nuit sans éclairage public,Hors agglomération,Hors intersection,Normale,Autre collision,3,2,2,0,4,2,2,2,1,80,4,4,2,0,1,1,26.0,24.0,voiture,utilitaire_camion,3,1,1,1,6
202300027659,2023-07-31 18:30:00,2023,7,31,18,30,76,76351,JULES DURAND (BD),49.48987242,0.15668526,Plein jour,En agglomération,Hors intersection,Pluie forte,Sans collision,4,2,2,1,1,1,2,4,1,50,1,1,0,0,0,1,25.0,,deux_roues,,1,2,1,3,7
202300027660,2023-01-23 18:20:00,2023,1,23,18,20,95,95252, A15,48.97949903,2.2278563,Nuit sans éclairage public,Hors agglomération,Hors intersection,Normale,Trois véhicules et plus - en chaîne,1,3,8,0,1,1,1,0,1,110,5,5,4,0,0,1,23.0,38.0,voiture,voiture,3,1,1,1,4
202300027661,2023-04-18 17:12:00,2023,4,18,17,12,85,85147,RD2752,46.724822,-0.803429,Plein jour,Hors agglomération,Intersection en T,Temps éblouissant,Deux véhicules - frontale,3,2,2,0,1,1,1,5,1,70,2,5,3,0,0,2,42.0,31.0,utilitaire_camion,voiture,1,1,3,7,1
202300027661,2023-04-18 17:12:00,2023,4,18,17,12,85,85147,RD2752,46.724822,-0.803429,Plein jour,Hors agglomération,Intersection en T,Temps éblouissant,Deux véhicules - frontale,3,2, -1,-1,1,3,1,0,1,-1,2,5,3,0,0,2,42.0,31.0,utilitaire_camion,voiture,1,1,3,7,1
202300027662,2023-01-23 18:30:00,2023,1,23,18,30,95,95582, A15,48.96395155,2.26313134,Nuit sans éclairage public,Hors agglomération,Hors intersection,Normale,Deux véhicules - côté,1,3,4,0,1,1,1,0,1,110,2,2,1,0,0,1,43.0,57.0,voiture,voiture,3,1,1,1,3
202300027663,2023-08-01 17:25:00,2023,8,1,17,25,69,69266,Rue du Souvenir Français,45.76259,4.90905,Plein jour,En agglomération,Intersection en Y,Normale,Deux véhicules - côté,4,1,1,3,1,1,1,0,1,50,2,3,1,0,0,2,31.0,18.0,transport_commun,voiture,1,2,4,1,3
202300027663,2023-08-01 17:25:00,2023,8,1,17,25,69,69266,Rue du Souvenir Français,45.76259,4.90905,Plein jour,En agglomération,Intersection en Y,Normale,Deux véhicules - côté,4,1,1,3,1,3,1,0,1,50,2,3,1,0,0,2,31.0,18.0,transport_commun,voiture,1,2,4,1,3
202300027664,2023-04-15 01:00:00,2023,4,15,1,0,28,28263,Route du Petit Sault,48.724751,1.017263,Nuit sans éclairage public,En agglomération,Autre intersection,Pluie légère,Sans collision,3,2,2,0,1,1,2,0,3,50,1,2,1,0,1,0,28.0,,voiture,,3,2,9,2,7
202300027665,2023-01-23 07:30:00,2023,1,23,7,30,95,95582, A15,48.96682579,2.25512844,Crépuscule ou aube,Hors agglomération,Hors intersection,Normale,Deux véhicules - arrière,1,3,6,0,1,1,1,0,1,90,2,2,1,0,0,1,37.0,62.0,deux_roues,voiture,2,1,1,1,2