accident_id,datetime,annee,mois,jour,heure,minute,departement,commune_insee,adresse,latitude,longitude,luminosite,agglomeration,intersection,meteo,collision,catr,circ,nbv,vosp,prof,plan,surf,infra,situ,vma,nb_vehicules,nb_usagers,nb_indemnes,nb_tues,nb_blesses_hosp,nb_blesses_legers,age_cond_1,age_cond_2,veh_type_cond_1,veh_type_cond_2,lum_code,agg_code,int_code,atm_code,col_code
202300027807,2023-05-24 22:09:00,2023,5,24,22,9,56,56098,GAGARINE (RUE  YOURI ),47.774357,-3.340128,Nuit avec éclairage allumé,En agglomération,Giratoire,Normale,Deux véhicules - côté,4,2,2,0,1,1,1,5,1,50,2,3,1,0,0,2,25.0,20.0,utilitaire_camion,deux_roues,5,2,6,1,3
202300027808,2023-04-15 12:40:00,2023,4,15,12,40,92,92036,AUTOROUTE A15,48.93849892,2.29423732,Plein jour,Hors agglomération,Hors intersection,Pluie légère,Autre collision,1,1,4,0,2,2,2,3,1,70,1,1,0,0,0,1,28.0,,voiture,,1,1,1,2,6
202300027809,2023-01-22 07:15:00,2023,1,22,7,15,31,31555,RD901,43.61758,1.39414,Nuit sans éclairage public,En agglomération,Hors intersection,Normale,Sans collision,7,1,3,0,1,2,1,0,1,70,1,1,0,0,0,1,23.0,,voiture,,3,2,1,1,7
202300027810,2023-07-31 08:40:00,2023,7,31,8,40,75,75116,AVENUE D IENA,48.862925,2.291934,Plein jour,En agglomération,Intersection en X,Temps couvert,Deux véhicules - côté,4,2,2,0,2,1,1,0,1,30,2,2,1,0,0,1,41.0,35.0,deux_roues,utilitaire_camion,1,2,2,8,3
202300027810,2023-07-31 08:40:00,2023,7,31,8,40,75,75116,AVENUE D IENA,48.862925,2.291934,Plein jour,En agglomération,Intersection en X,Temps couvert,Deux véhicules - côté,4,2,2,0,1,1,1,0,1,30,2,2,1,0,0,1,41.0,35.0,deux_roues,utilitaire_camion,1,2,2,8,3
202300027811,2023-03-06 11:45:00,2023,3,6,11,45,13,13205,ISLY (RUE D'),43.28651,5.39301,Plein jour,En agglomération,Intersection en X,Normale,Deux véhicules - côté,4,1,1,0,1,1,1,0,1,50,2,2,1,0,1,0,28.0,63.0,voiture,deux_roues,1,2,2,1,3
202300027811,2023-03-06 11:45:00,2023,3,6,11,45,13,13205,ISLY (RUE D'),43.28651,5.39301,Plein jour,En agglomération,Intersection en X,Normale,Deux véhicules - côté,4,1,1,0,1,1,1,0,1,50,2,2,1,0,1,0,28.0,63.0,voiture,deux_roues,1,2,2,1,3
202300027812,2023-05-25 09:25:00,2023,5,25,9,25,50,50129,GAMBETTA (RUE),49.64728,-1.64651,Plein jour,En agglomération,Hors intersection,Normale,Sans collision,4,2,2,0,1,1,1,0,1,50,2,2,1,0,1,0,,33.0,voiture,deux_roues,1,2,1,1,7
202300027813,2023-08-01 13:20:00,2023,8,1,13,20,75,75110,RUE DU FAUBOURG SAINT MARTIN,48.876815,2.361014,Plein jour,En agglomération,Hors intersection,Normale,Autre collision,4,2,2,1,2,1,1,0,5,30,1,2,1,0,0,1,17.0,,deux_roues,,1,2,1,1,6
202300027814,2023-04-17 08:50:00,2023,4,17,8,50,94,94073,A86,48.77309121,2.39941125,Plein jour,Hors agglomération,Hors intersection,Normale,Trois véhicules et plus - collisions multiples,1,3,3,0,1,1,1,0,1,90,3,3,1,0,0,2,35.0,32.0,deux_roues,deux_roues,1,1,1,1,5
202300027815,2023-01-22 15:50:00,2023,1,22,15,50,29,29232,Rue de la Republique,48.00338,-4.08468,Plein jour,En agglomération,Giratoire,Normale,Trois véhicules et plus - collisions multiples,4,2,2,0,2,1,1,0,3,50,3,3,2,0,0,1,38.0,39.0,voiture,voiture,1,2,6,1,5
202300027816,2023-03-06 12:45:00,2023,3,6,12,45,13,13212,TROIS LUCS (PLACE),43.31198,5.46485,Plein jour,En agglomération,Hors intersection,Normale,Deux véhicules - côté,4,3,2,0,1,1,1,2,1,50,2,2,1,0,0,1,,18.0,voiture,deux_roues,1,2,1,1,3
202300027817,2023-08-01 14:35:00,2023,8,1,14,35,75,75108,RUE DE MIROMESNIL,48.881167,2.315334,Plein jour,En agglomération,Intersection en T,Normale,Autre collision,4,2, -1,-1,1,1,1,0,1,-1,1,2,1,0,0,1,48.0,,voiture,,1,2,3,1,6
202300027817,2023-08-01 14:35:00,2023,8,1,14,35,75,75108,RUE DE MIROMESNIL,48.881167,2.315334,Plein jour,En agglomération,Intersection en T,Normale,Autre collision,4,1,1,0,1,1,1,0,1,30,1,2,1,0,0,1,48.0,,voiture,,1,2,3,1,6
202300027818,2023-05-24 15:00:00,2023,5,24,15,0,49,49007,FOULQUES NERRA BOULEVARD,47.47095,-0.56448,Plein jour,En agglomération,Intersection en Y,Normale,Deux véhicules - côté,4,2,4,0,1,1,1,0,1,50,2,2,1,0,0,1,45.0,19.0,voiture,deux_roues,1,2,4,1,3
202300027818,2023-05-24 15:00:00,2023,5,24,15,0,49,49007,FOULQUES NERRA BOULEVARD,47.47095,-0.56448,Plein jour,En agglomération,Intersection en Y,Normale,Deux véhicules - côté,4,1, -1,-1,2,3,1,0,1,-1,2,2,1,0,0,1,45.0,19.0,voiture,deux_roues,1,2,4,1,3
202300027819,2023-04-15 17:30:00,2023,4,15,17,30,974,97409,DU CENTRE(CHEMIN),-20.94666,55.6551,Crépuscule ou aube,En agglomération,Hors intersection,Normale,Deux véhicules - côté,4,2,2,0,1,1,1,0,1,50,2,3,1,0,0,2,20.0,23.0,voiture,deux_roues,2,2,1,1,3
202300027820,2023-03-06 08:45:00,2023,3,6,8,45,13,13207,CORSE (AVENUE DE LA),43.2892,5.36185,Plein jour,En agglomération,Intersection en X,Normale,Deux véhicules - côté,4,2,4,0,1,1,1,0,1,50,2,2,1,0,0,1,36.0,32.0,voiture,deux_roues,1,2,2,1,3
202300027820,2023-03-06 08:45:00,2023,3,6,8,45,13,13207,CORSE (AVENUE DE LA),43.2892,5.36185,Plein jour,En agglomération,Intersection en X,Normale,Deux véhicules - côté,4,2,2,0,1,1,1,0,1,50,2,2,1,0,0,1,36.0,32.0,voiture,deux_roues,1,2,2,1,3
202300027821,2023-08-01 15:00:00,2023,8,1,15,0,75,75108,AVENUE WINSTON CHURCHILL,48.864999,2.313697,Plein jour,En agglomération,Intersection en X,Normale,Deux véhicules - côté,4,-1,0,0,1,1,1,8,1,30,2,2,1,0,0,1,22.0,54.0,deux_roues,voiture,1,2,2,1,3
202300027821,2023-08-01 15:00:00,2023,8,1,15,0,75,75108,AVENUE WINSTON CHURCHILL,48.864999,2.313697,Plein jour,En agglomération,Intersection en X,Normale,Deux véhicules - côté,4,1, -1,-1,1,1,1,0,1,-1,2,2,1,0,0,1,22.0,54.0,deux_roues,voiture,1,2,2,1,3
202300027822,2023-01-21 10:05:00,2023,1,21,10,5,13,13103,AVENUE DE ALABOUVETTE-RN 113,43.64096,5.02516,Plein jour,Hors agglomération,Hors intersection,Normale,Deux véhicules - frontale,3,2,2,0,2,3,1,0,1,80,2,3,0,0,1,2,25.0,40.0,voiture,voiture,1,1,1,1,1
202300027823,2023-05-25 18:50:00,2023,5,25,18,50,47,47001,RIOLS (ALLEE DE),44.17925,0.62212,Plein jour,En agglomération,Hors intersection,Normale,Deux véhicules - côté,4,2,2,0,1,1,1,0,1,50,2,2,1,0,0,1,18.0,44.0,deux_roues,utilitaire_camion,1,2,1,1,3
202300027824,2023-07-31 20:40:00,2023,7,31,20,40,75,75107,AVENUE DE LOWENDAL,48.849417,2.303772,Plein jour,En agglomération,Intersection en X,Pluie légère,Sans collision,4,2,2,1,1,1,2,0,1,30,1,1,0,0,0,1,34.0,,deux_roues,,1,2,2,2,7
202300027824,2023-07-31 20:40:00,2023,7,31,20,40,75,75107,AVENUE DE LOWENDAL,48.849417,2.303772,Plein jour,En agglomération,Intersection en X,Pluie légère,Sans collision,4,2,2,1,1,1,2,0,1,30,1,1,0,0,0,1,34.0,,deux_roues,,1,2,2,2,7
202300027825,2023-01-22 20:00:00,2023,1,22,20,0,13,13203,BD FERDINAND DE LESSEPS,43.31944,5.37023,Nuit avec éclairage allumé,En agglomération,Hors intersection,Normale,Deux véhicules - arrière,4,1,2,0,1,1,1,0,1,50,2,2,1,0,1,0,49.0,49.0,voiture,deux_roues,5,2,1,1,2
202300027826,2023-04-15 16:00:00,2023,4,15,16,0,69,69383,Quai Victor Augagneur,45.75626,4.84037,Plein jour,En agglomération,Intersection en X,Normale,Deux véhicules - côté,4,2,5,2,1,1,1,0,1,50,2,2,1,0,0,1,23.0,20.0,deux_roues,voiture,1,2,2,1,3
202300027826,2023-04-15 16:00:00,2023,4,15,16,0,69,69383,Quai Victor Augagneur,45.75626,4.84037,Plein jour,En agglomération,Intersection en X,Normale,Deux véhicules - côté,4,1,3,2,1,1,1,0,1,50,2,2,1,0,0,1,23.0,20.0,deux_roues,voiture,1,2,2,1,3
202300027827,2023-03-06 08:40:00,2023,3,6,8,40,13,13215,PADOUANE (BD DE LA ),43.35335439,5.36860936,Plein jour,En agglomération,Hors intersection,Normale,Autre collision,4,2,4,0,2,1,1,0,1,50,1,2,1,0,0,1,31.0,,voiture,,1,2,1,1,6
202300027828,2023-01-22 12:40:00,2023,1,22,12,40,13,13209,SAINTE MARGUERITE (BOULEVARD),43.269,5.402,Plein jour,En agglomération,Hors intersection,Normale,Deux véhicules - côté,4,2,3,0,1,1,1,0,1,50,2,2,1,0,0,1,22.0,49.0,deux_roues,voiture,1,2,1,1,3
202300027829,2023-05-25 10:50:00,2023,5,25,10,50,47,47001,SEVIN (RUE DE),44.19342,0.61687,Plein jour,En agglomération,Intersection en X,Normale,Deux véhicules - côté,4,2,3,2,1,1,1,5,1,50,2,2,1,0,0,1,27.0,54.0,voiture,deux_roues,1,2,2,1,3
202300027829,2023-05-25 10:50:00,2023,5,25,10,50,47,47001,SEVIN (RUE DE),44.19342,0.61687,Plein jour,En agglomération,Intersection en X,Normale,Deux véhicules - côté,4,2,2,0,1,1,1,5,1,50,2,2,1,0,0,1,27.0,54.0,voiture,deux_roues,1,2,2,1,3
202300027830,2023-04-16 03:10:00,2023,4,16,3,10,972,97209,REDOUTE (ROUTE DE LA),14.61721,-61.06185,Nuit avec éclairage allumé,Hors agglomération,Hors intersection,Normale,Autre collision,4,2,0,0,2,3,1,0,1,50,1,1,0,0,1,0,63.0,,voiture,,5,1,1,1,6
202300027831,2023-07-31 13:40:00,2023,7,31,13,40,94,94068,Avenue Saint-Louis,48.78839,2.50637,Plein jour,En agglomération,Intersection en X,Pluie légère,Deux véhicules - frontale,4,2,2,0,1,1,2,0,1,30,2,3,1,0,0,2,27.0,21.0,utilitaire_camion,voiture,1,2,2,2,1
202300027831,2023-07-31 13:40:00,2023,7,31,13,40,94,94068,Avenue Saint-Louis,48.78839,2.50637,Plein jour,En agglomération,Intersection en X,Pluie légère,Deux véhicules - frontale,4,2,2,0,1,1,2,9,1,30,2,3,1,0,0,2,27.0,21.0,utilitaire_camion,voiture,1,2,2,2,1
202300027832,2023-03-05 05:30:00,2023,3,5,5,30,10,10333,JULES DIDIER (RUE),48.28526,4.06625,Nuit avec éclairage allumé,En agglomération,Hors intersection,Temps couvert,Deux véhicules - côté,3,2,2,0,2,1,1,0,1,50,2,2,1,0,0,1,,44.0,voiture,deux_roues,5,2,1,8,3
202300027833,2023-01-22 09:00:00,2023,1,22,9,0,13,13208,GOUDES (CHEMIN DES),43.22613327,5.34829192,Plein jour,En agglomération,Hors intersection,Normale,Deux véhicules - frontale,4,2,2,0,1,2,1,0,1,50,2,3,1,0,0,2,16.0,66.0,voiture,voiture,1,2,1,1,1
202300027834,2023-07-23 21:30:00,2023,7,23,21,30,94,94076,83 Avenue de Stalingrad,48.782211,2.367342,Nuit sans éclairage public,En agglomération,Hors intersection,Normale,Deux véhicules - arrière,3,3,2,1,1,1,1,0,5,50,2,2,1,0,0,1,24.0,31.0,deux_roues,voiture,3,2,1,1,2
202300027835,2023-05-24 12:15:00,2023,5,24,12,15,42,42170,Route de Chervé,46.02658,4.09994,Plein jour,Hors agglomération,Hors intersection,Normale,Deux véhicules - frontale,4,2,2,0,2,3,1,9,1,50,2,2,1,0,0,1,15.0,65.0,deux_roues,voiture,1,1,1,1,1
202300027836,2023-04-16 21:20:00,2023,4,16,21,20,69,69382,112 Cours Charlemagne,45.74025,4.81869,Nuit avec éclairage allumé,En agglomération,Hors intersection,Normale,Deux véhicules - côté,4,1,2,1,1,1,1,0,5,50,2,3,1,0,0,2,24.0,25.0,deux_roues,deux_roues,5,2,1,1,3
202300027837,2023-03-06 18:40:00,2023,3,6,18,40,06,06159,BELLA VISTA (AV.),43.7136,7.32944,Crépuscule ou aube,Hors agglomération,Hors intersection,Normale,Deux véhicules - côté,7,3,3,0,2,1,1,0,1,70,2,2,0,0,1,1,36.0,46.0,deux_roues,deux_roues,2,1,1,1,3
202300027838,2023-01-22 00:45:00,2023,1,22,0,45,13,13047,FOS (ROUTE DE) - RN 569,43.49372,4.97113,Nuit avec éclairage allumé,En agglomération,Hors intersection,Normale,Autre collision,4,2,0,0,1,1,1,0,3,50,1,1,0,0,0,1,21.0,,voiture,,5,2,1,1,6
202300027839,2023-08-01 10:15:00,2023,8,1,10,15,92,92051,LESSEPS (RUE DE),48.88992022,2.27711856,Plein jour,En agglomération,Hors intersection,Temps couvert,Autre collision,4,1,1,0,1,1,1,0,1,50,1,2,1,0,0,1,33.0,,utilitaire_camion,,1,2,1,8,6
202300027840,2023-04-16 08:00:00,2023,4,16,8,0,69,69034,Pont Raymond Poincaré,45.78756,4.86054,Plein jour,En agglomération,Hors intersection,Normale,Autre collision,4,2,5,3,1,1,1,2,4,50,1,1,0,0,0,1,31.0,,voiture,,1,2,1,1,6
202300027841,2023-05-25 10:00:00,2023,5,25,10,0,42,42187,Avenue Centrale,46.06713211,4.07721908,Plein jour,En agglomération,Intersection en X,Normale,Autre collision,4,2,2,1,1,1,1,5,1,30,1,2,1,0,1,0,88.0,,voiture,,1,2,2,1,6
202300027841,2023-05-25 10:00:00,2023,5,25,10,0,42,42187,Avenue Centrale,46.06713211,4.07721908,Plein jour,En agglomération,Intersection en X,Normale,Autre collision,4,2,2,-1,1,1,1,0,1,-1,1,2,1,0,1,0,88.0,,voiture,,1,2,2,1,6
202300027842,2023-01-22 03:54:00,2023,1,22,3,54,06,06083,CAREI (VAL DU),43.791278,7.492268,Nuit avec éclairage allumé,En agglomération,Hors intersection,Normale,Autre collision,4,1,1,0,1,3,1,0,8,50,1,1,0,0,1,0,45.0,,deux_roues,,5,2,1,1,6
202300027843,2023-02-27 17:55:00,2023,2,27,17,55,03,03310,Avenue Poincaré,46.1153,3.43875,Plein jour,En agglomération,Hors intersection,Normale,Deux véhicules - côté,3,2,2,0,1,1,1,0,1,50,2,2,1,0,1,0,39.0,64.0,deux_roues,utilitaire_camion,1,2,1,1,3
202300027844,2023-08-01 09:43:00,2023,8,1,9,43,92,92020,ARAGO RUE,48.8059802,2.27892458,Plein jour,En agglomération,Intersection en X,Normale,Deux véhicules - côté,4,1,2,0,1,1,1,0,1,30,2,2,1,0,0,1,37.0,55.0,utilitaire_camion,deux_roues,1,2,2,1,3
202300027844,2023-08-01 09:43:00,2023,8,1,9,43,92,92020,ARAGO RUE,48.8059802,2.27892458,Plein jour,En agglomération,Intersection en X,Normale,Deux véhicules - côté,4,2,2,0,1,1,1,0,1,30,2,2,1,0,0,1,37.0,55.0,utilitaire_camion,deux_roues,1,2,2,1,3
202300027845,2023-05-25 08:45:00,2023,5,25,8,45,35,35238,CARTIER (BD JACQUES),48.09767,-1.66897,Plein jour,En agglomération,Hors intersection,Normale,Autre collision,4,2,2,0,1,1,1,0,1,30,1,2,1,0,0,1,28.0,,voiture,,1,2,1,1,6
202300027846,2023-01-21 16:35:00,2023,1,21,16,35,06,06083,BRIAND (AVENUE ARSITIDE),43.78529,7.52294,Plein jour,En agglomération,Hors intersection,Normale,Deux véhicules - côté,4,2,2,0,2,2,1,0,1,50,2,2,1,0,1,0,37.0,30.0,voiture,deux_roues,1,2,1,1,3
202300027847,2023-04-16 11:30:00,2023,4,16,11,30,2B,2B033,VEZZANI - RUE CESAR,42.69,9.45,Plein jour,En agglomération,Hors intersection,Normale,Trois véhicules et plus - en chaîne,4,2,2,0,2,1,1,0,1,50,2,3,2,0,0,1,43.0,62.0,voiture,voiture,1,2,1,1,4
202300027848,2023-03-07 14:40:00,2023,3,7,14,40,75,75115,PORTE DE SEVRES,48.83474993,2.27420747,Plein jour,En agglomération,Intersection en Y,Normale,Deux véhicules - côté,4,1, -1,-1,1,1,1,0,1,-1,2,2,1,0,0,1,17.0,51.0,deux_roues,voiture,1,2,4,1,3
202300027848,2023-03-07 14:40:00,2023,3,7,14,40,75,75115,PORTE DE SEVRES,48.83474993,2.27420747,Plein jour,En agglomération,Intersection en Y,Normale,Deux véhicules - côté,4,1,3,0,1,1,1,0,1,70,2,2,1,0,0,1,17.0,51.0,deux_roues,voiture,1,2,4,1,3
202300027849,2023-07-31 19:40:00,2023,7,31,19,40,92,92049,BARBES RUE,48.81729533,2.32880652,Plein jour,En agglomération,Intersection en T,Pluie légère,Deux véhicules - arrière,3,-1,2,0,1,1,2,0,1,50,2,2,1,0,0,1,34.0,52.0,utilitaire_camion,voiture,1,2,3,2,2
202300027849,2023-07-31 19:40:00,2023,7,31,19,40,92,92049,BARBES RUE,48.81729533,2.32880652,Plein jour,En agglomération,Intersection en T,Pluie légère,Deux véhicules - arrière,3,2, -1,-1,1,1,2,-1,1,-1,2,2,1,0,0,1,34.0,52.0,utilitaire_camion,voiture,1,2,3,2,2
202300027850,2023-05-25 07:45:00,2023,5,25,7,45,35,35238,PORTE D'ANGERS,48.08197348,-1.64720088,Plein jour,En agglomération,Hors intersection,Normale,Deux véhicules - arrière,2,3,5,0,1,1,1,0,1,90,2,2,1,0,0,1,22.0,42.0,voiture,voiture,1,2,1,1,2
202300027851,2023-01-21 15:40:00,2023,1,21,15,40,05,05061,GENDARMERIE ( RUE DE LA ),44.56,6.0757,Plein jour,En agglomération,Intersection en X,Normale,Deux véhicules - côté,3,4,3,0,2,1,1,5,1,50,2,2,1,0,1,0,20.0,15.0,voiture,deux_roues,1,2,2,1,3
202300027851,2023-01-21 15:40:00,2023,1,21,15,40,05,05061,GENDARMERIE ( RUE DE LA ),44.56,6.0757,Plein jour,En agglomération,Intersection en X,Normale,Deux véhicules - côté,3,2,2,0,2,1,1,0,1,50,2,2,1,0,1,0,20.0,15.0,voiture,deux_roues,1,2,2,1,3
202300027852,2023-04-16 11:30:00,2023,4,16,11,30,2A,2A004,T21,41.92722,8.79331,Plein jour,Hors agglomération,Hors intersection,Normale,Deux véhicules - arrière,2,1,2,0,1,1,1,0,2,90,2,2,1,0,0,1,56.0,72.0,deux_roues,voiture,1,1,1,1,2
202300027853,2023-08-01 14:45:00,2023,8,1,14,45,92,92035,Jean Bonal ( rue ),48.90617244,2.2474274,Plein jour,En agglomération,Autre intersection,Normale,Autre collision,4,2,2,0,1,1,1,0,1,30,2,2,1,0,0,1,69.0,11.0,voiture,deux_roues,1,2,9,1,6
202300027854,2023-03-06 08:50:00,2023,3,6,8,50,75,75116,ECHANGEUR MUETTE,48.862014,2.264393,Plein jour,En agglomération,Hors intersection,Normale,Autre collision,4,1,4,0,1,1,1,0,1,70,1,1,0,0,0,1,23.0,,deux_roues,,1,2,1,1,6
202300027855,2023-05-25 16:50:00,2023,5,25,16,50,35,35115,FORET (RUE DE LA),48.357624,-1.194733,Plein jour,En agglomération,Hors intersection,Temps éblouissant,Autre collision,4,2,2,2,1,1,1,0,1,30,1,2,1,0,1,0,57.0,,voiture,,1,2,1,7,6
202300027856,2023-01-16 14:15:00,2023,1,16,14,15,05,05061,COMMANDANT DUMONT ( AVENUE),44.563489,6.083945,Plein jour,En agglomération,Hors intersection,Normale,Deux véhicules - arrière,2,-1,3,0,2,1,1,0,1,50,2,2,1,0,0,1,44.0,43.0,voiture,voiture,1,2,1,1,2
202300027857,2023-04-15 09:25:00,2023,4,15,9,25,91,91691,PIERRE BROSSOLETTE(RUE),48.70008,2.47764,Plein jour,En agglomération,Autre intersection,Normale,Autre collision,4,2,2,0,1,1,1,0,1,30,1,1,0,0,0,1,34.0,,voiture,,1,2,9,1,6
202300027858,2023-03-06 06:45:00,2023,3,6,6,45,75,75119,PORTE DE LA VILLETTE,48.900577,2.388861,Plein jour,En agglomération,Hors intersection,Normale,Deux véhicules - arrière,4,3,4,0,1,1,1,0,1,70,2,2,1,0,0,1,25.0,22.0,deux_roues,voiture,1,2,1,1,2
202300027859,2023-08-01 18:22:00,2023,8,1,18,22,92,92024,VICTOR HUGO (BD),48.89991927,2.31445491,Plein jour,En agglomération,Intersection en T,Normale,Deux véhicules - côté,3,-1,3,0,1,1,1,0,8,30,2,2,1,0,0,1,25.0,59.0,deux_roues,voiture,1,2,3,1,3
202300027859,2023-08-01 18:22:00,2023,8,1,18,22,92,92024,VICTOR HUGO (BD),48.89991927,2.31445491,Plein jour,En agglomération,Intersection en T,Normale,Deux véhicules - côté,3,-1,3,0,1,1,1,0,8,50,2,2,1,0,0,1,25.0,59.0,deux_roues,voiture,1,2,3,1,3
202300027860,2023-05-25 16:44:00,2023,5,25,16,44,34,34172,ZUCCARELLI (PONT JEAN),43.60038,3.89665,Plein jour,En agglomération,Hors intersection,Normale,Autre collision,4,-1,1,0,1,1,1,2,4,50,1,2,1,0,1,0,30.0,,deux_roues,,1,2,1,1,6
202300027861,2023-01-23 09:00:00,2023,1,23,9,0,75,75117,AVENUE DE LA PORTE D ASNIERES,48.891842,2.301593,Plein jour,En agglomération,Intersection en X,Normale,Deux véhicules - côté,4,3,0,0,1,1,1,0,1,30,2,2,1,0,0,1,30.0,27.0,deux_roues,utilitaire_camion,1,2,2,1,3
202300027861,2023-01-23 09:00:00,2023,1,23,9,0,75,75117,AVENUE DE LA PORTE D ASNIERES,48.891842,2.301593,Plein jour,En agglomération,Intersection en X,Normale,Deux véhicules - côté,4,1, -1,-1,1,1,1,0,1,-1,2,2,1,0,0,1,30.0,27.0,deux_roues,utilitaire_camion,1,2,2,1,3
202300027862,2023-04-16 15:15:00,2023,4,16,15,15,91,91027,RTE NATIONALE 7,48.71289,2.37149,Plein jour,En agglomération,Intersection en T,Normale,Deux véhicules - côté,3,2,2,0,1,1,1,0,1,50,2,6,0,0,0,6,21.0,45.0,voiture,voiture,1,2,3,1,3
202300027862,2023-04-16 15:15:00,2023,4,16,15,15,91,91027,RTE NATIONALE 7,48.71289,2.37149,Plein jour,En agglomération,Intersection en T,Normale,Deux véhicules - côté,3,2,0,0,1,1,1,0,1,50,2,6,0,0,0,6,21.0,45.0,voiture,voiture,1,2,3,1,3
202300027863,2023-05-25 07:20:00,2023,5,25,7,20,34,34172,520 Rue de l'Industrie,43.58586,3.88257,Plein jour,En agglomération,Hors intersection,Pluie légère,Deux véhicules - côté,4,2,2,0,1,1,2,0,1,50,2,3,0,0,3,0,33.0,27.0,deux_roues,voiture,1,2,1,2,3
202300027864,2023-01-23 16:00:00,2023,1,23,16,0,75,75108,PLACE DE LA CONCORDE,48.8670485,2.32068479,Plein jour,En agglomération,Place,Normale,Deux véhicules - côté,4,1, -1,-1,1,1,1,0,1,-1,2,2,1,0,0,1,21.0,52.0,deux_roues,voiture,1,2,7,1,3
202300027864,2023-01-23 16:00:00,2023,1,23,16,0,75,75108,PLACE DE LA CONCORDE,48.8670485,2.32068479,Plein jour,En agglomération,Place,Normale,Deux véhicules - côté,4,1,1,0,1,1,1,0,1,30,2,2,1,0,0,1,21.0,52.0,deux_roues,voiture,1,2,7,1,3
202300027865,2023-03-07 18:05:00,2023,3,7,18,5,75,75117,156 RUE CARDINET,48.889092,2.316134,Crépuscule ou aube,En agglomération,Intersection en T,Normale,Deux véhicules - côté,4,2, -1,0,1,1,1,0,1,30,2,2,1,0,0,1,57.0,8.0,voiture,deux_roues,2,2,3,1,3
202300027865,2023-03-07 18:05:00,2023,3,7,18,5,75,75117,156 RUE CARDINET,48.889092,2.316134,Crépuscule ou aube,En agglomération,Intersection en T,Normale,Deux véhicules - côté,4,2,2,1,1,1,1,0,1,30,2,2,1,0,0,1,57.0,8.0,voiture,deux_roues,2,2,3,1,3
202300027866,2023-08-02 09:55:00,2023,8,2,9,55,17,17045,D137,45.867997,-0.844054,Plein jour,Hors agglomération,Intersection en X,Pluie forte,Trois véhicules et plus - en chaîne,3,2,2,0,1,1,2,0,1,90,3,4,2,0,2,0,63.0,35.0,voiture,utilitaire_camion,1,1,2,3,4
202300027866,2023-08-02 09:55:00,2023,8,2,9,55,17,17045,D137,45.867997,-0.844054,Plein jour,Hors agglomération,Intersection en X,Pluie forte,Trois véhicules et plus - en chaîne,3,2,2,-1,1,1,2,5,1,50,3,4,2,0,2,0,63.0,35.0,voiture,utilitaire_camion,1,1,2,3,4
202300027867,2023-01-22 20:10:00,2023,1,22,20,10,75,75104,BOULEVARD DE SEBASTOPOL,48.859499,2.348857,Nuit avec éclairage allumé,En agglomération,Intersection en X,Normale,Sans collision,4,1,5,1,1,1,1,-1,6,30,1,1,0,0,0,1,57.0,,deux_roues,,5,2,2,1,7
202300027867,2023-01-22 20:10:00,2023,1,22,20,10,75,75104,BOULEVARD DE SEBASTOPOL,48.859499,2.348857,Nuit avec éclairage allumé,En agglomération,Intersection en X,Normale,Sans collision,4,1, -1,-1,1,1,1,-1,6,-1,1,1,0,0,0,1,57.0,,deux_roues,,5,2,2,1,7
202300027868,2023-03-07 08:00:00,2023,3,7,8,0,75,75114,34 RUE DU COMMANDANT RENE MOUCHOTTE,48.83799603,2.31928736,Plein jour,En agglomération,Hors intersection,Temps couvert,Deux véhicules - arrière,4,2,4,0,1,1,1,0,1,30,2,2,1,0,0,1,44.0,55.0,deux_roues,utilitaire_camion,1,2,1,8,2
202300027869,2023-05-24 17:40:00,2023,5,24,17,40,30,30007,Avenue Monge,44.14179,4.10481,Plein jour,En agglomération,Intersection en X,Temps couvert,Deux véhicules - côté,3,2,2,0,1,1,1,0,1,50,2,2,1,0,0,1,15.0,39.0,deux_roues,voiture,1,2,2,8,3
202300027869,2023-05-24 17:40:00,2023,5,24,17,40,30,30007,Avenue Monge,44.14179,4.10481,Plein jour,En agglomération,Intersection en X,Temps couvert,Deux véhicules - côté,3,2,0,0,2,1,1,0,1,50,2,2,1,0,0,1,15.0,39.0,deux_roues,voiture,1,2,2,8,3
202300027870,2023-01-23 19:00:00,2023,1,23,19,0,94,94017,COLONEL GRANCEY (R DU),48.809709,2.554795,Nuit avec éclairage allumé,En agglomération,Hors intersection,Normale,Autre collision,4,1,2,0,2,1,1,0,1,50,1,2,1,0,0,1,37.0,,voiture,,5,2,1,1,6
202300027871,2023-04-16 18:15:00,2023,4,16,18,15,91,91228,BD DECAUVILLE IMPAIR 25 A 47,48.638101,2.438045,Plein jour,En agglomération,Intersection en T,Normale,Trois véhicules et plus - collisions multiples,4,2,2,0,1,1,1,6,1,50,3,5,3,0,0,2,,59.0,voiture,voiture,1,2,3,1,5
202300027872,2023-08-01 15:40:00,2023,8,1,15,40,81,81156,Chemin de la Clare,43.909148,2.047684,Plein jour,Hors agglomération,Hors intersection,Normale,Deux véhicules - arrière,3,2,2,0,2,3,1,0,1,50,2,2,1,0,1,0,88.0,31.0,voiture,deux_roues,1,1,1,1,2
202300027873,2023-03-07 19:20:00,2023,3,7,19,20,75,75101,208 RUE DE RIVOLI,48.864442,2.330155,Nuit avec éclairage allumé,En agglomération,Intersection en T,Normale,Autre collision,4,1,4,0,1,1,2,-1,6,30,1,2,1,0,0,1,36.0,,deux_roues,,5,2,3,1,6
202300027873,2023-03-07 19:20:00,2023,3,7,19,20,75,75101,208 RUE DE RIVOLI,48.864442,2.330155,Nuit avec éclairage allumé,En agglomération,Intersection en T,Normale,Autre collision,4,1,1,0,1,1,2,-1,6,30,1,2,1,0,0,1,36.0,,deux_roues,,5,2,3,1,6