accident_id,datetime,annee,mois,jour,heure,minute,departement,commune_insee,adresse,latitude,longitude,luminosite,agglomeration,intersection,meteo,collision,catr,circ,nbv,vosp,prof,plan,surf,infra,situ,vma,nb_vehicules,nb_usagers,nb_indemnes,nb_tues,nb_blesses_hosp,nb_blesses_legers,age_cond_1,age_cond_2,veh_type_cond_1,veh_type_cond_2,lum_code,agg_code,int_code,atm_code,col_code
202300027874,2023-05-25 21:35:00,2023,5,25,21,35,29,29019,boulevard de Plymouth,48.385547,-4.535113,Plein jour,En agglomération,Hors intersection,Normale,Autre collision,4,2,4,3,1,1,1,9,1,30,1,2,1,0,0,1,26.0,,voiture,,1,2,1,1,6
202300027875,2023-01-23 22:35:00,2023,1,23,22,35,94,94041,Boulevard de Brandebourg,48.81455292,2.39706606,Nuit avec éclairage allumé,En agglomération,Place,Normale,Deux véhicules - côté,4,1,1,0,1,1,1,5,1,-1,2,3,1,0,1,1,,67.0,voiture,deux_roues,5,2,7,1,3
202300027875,2023-01-23 22:35:00,2023,1,23,22,35,94,94041,Boulevard de Brandebourg,48.81455292,2.39706606,Nuit avec éclairage allumé,En agglomération,Place,Normale,Deux véhicules - côté,4,2,2,0,1,1,1,5,1,50,2,3,1,0,1,1,,67.0,voiture,deux_roues,5,2,7,1,3
202300027876,2023-08-01 14:25:00,2023,8,1,14,25,67,67534,23 Rue du 22 Novembre,48.748846,7.512197,Plein jour,En agglomération,Intersection en T,Normale,Deux véhicules - frontale,3,2,2,0,1,1,1,0,1,50,2,2,1,0,0,1,50.0,80.0,voiture,deux_roues,1,2,3,1,1
202300027876,2023-08-01 14:25:00,2023,8,1,14,25,67,67534,23 Rue du 22 Novembre,48.748846,7.512197,Plein jour,En agglomération,Intersection en T,Normale,Deux véhicules - frontale,3,2, -1,-1,1,1,1,0,1,-1,2,2,1,0,0,1,50.0,80.0,voiture,deux_roues,1,2,3,1,1
202300027877,2023-04-16 16:15:00,2023,4,16,16,15,83,83144,PICASSO (AVE PABLO),43.13161,5.99415,Plein jour,En agglomération,Hors intersection,Normale,Deux véhicules - frontale,4,2,1,0,1,3,1,0,1,50,2,3,1,0,0,2,19.0,50.0,utilitaire_camion,utilitaire_camion,1,2,1,1,1
202300027878,2023-03-07 07:18:00,2023,3,7,7,18,94,94078,Avenue du Champ Saint-Julien / Parking Avenue du Champ Saint-Julien,48.74773,2.46066,Crépuscule ou aube,En agglomération,Intersection en T,Normale,Deux véhicules - frontale,3,2,3,2,1,1,1,0,5,50,2,2,1,0,0,1,48.0,47.0,utilitaire_camion,deux_roues,2,2,3,1,1
202300027878,2023-03-07 07:18:00,2023,3,7,7,18,94,94078,Avenue du Champ Saint-Julien / Parking Avenue du Champ Saint-Julien,48.74773,2.46066,Crépuscule ou aube,En agglomération,Intersection en T,Normale,Deux véhicules - frontale,3,-1, -1,0,1,1,1,0,5,-1,2,2,1,0,0,1,48.0,47.0,utilitaire_camion,deux_roues,2,2,3,1,1
202300027879,2023-05-24 17:29:00,2023,5,24,17,29,29,29019,rue Emile Rousse,48.38476,-4.5281,Plein jour,En agglomération,Intersection en T,Normale,Deux véhicules - côté,4,2,2,0,1,1,1,0,1,50,2,2,1,0,0,1,44.0,26.0,deux_roues,voiture,1,2,3,1,3
202300027879,2023-05-24 17:29:00,2023,5,24,17,29,29,29019,rue Emile Rousse,48.38476,-4.5281,Plein jour,En agglomération,Intersection en T,Normale,Deux véhicules - côté,4,2,2,0,1,1,1,0,1,50,2,2,1,0,0,1,44.0,26.0,deux_roues,voiture,1,2,3,1,3
202300027880,2023-08-02 14:55:00,2023,8,2,14,55,22,22243,"D787, PR 32+900",48.372157,-3.479187,Plein jour,Hors agglomération,Hors intersection,Pluie légère,Deux véhicules - frontale,3,2,2,0,1,3,2,0,1,70,2,2,1,1,0,0,27.0,23.0,voiture,utilitaire_camion,1,1,1,2,1
202300027881,2023-01-23 12:10:00,2023,1,23,12,10,94,94021,Avenue Georges Guynemer / Boulevard Jean Mermoz,48.76681,2.33625,Plein jour,En agglomération,Intersection en X,Normale,Deux véhicules - arrière,3,3,2,0,1,1,1,0,1,30,2,2,0,0,0,2,32.0,28.0,utilitaire_camion,voiture,1,2,2,1,2
202300027881,2023-01-23 12:10:00,2023,1,23,12,10,94,94021,Avenue Georges Guynemer / Boulevard Jean Mermoz,48.76681,2.33625,Plein jour,En agglomération,Intersection en X,Normale,Deux véhicules - arrière,3,3,4,-1,1,1,1,0,1,-1,2,2,0,0,0,2,32.0,28.0,utilitaire_camion,voiture,1,2,2,1,2
202300027882,2023-04-15 15:45:00,2023,4,15,15,45,83,83069,GODILLOT  ( AVENUE ALEXIS ),43.11688,6.12265,Plein jour,En agglomération,Intersection en T,Normale,Deux véhicules - côté,3,1,2,0,1,1,1,0,8,50,2,2,1,0,0,1,45.0,76.0,voiture,deux_roues,1,2,3,1,3
202300027882,2023-04-15 15:45:00,2023,4,15,15,45,83,83069,GODILLOT  ( AVENUE ALEXIS ),43.11688,6.12265,Plein jour,En agglomération,Intersection en T,Normale,Deux véhicules - côté,3,1,1,0,1,1,1,0,8,50,2,2,1,0,0,1,45.0,76.0,voiture,deux_roues,1,2,3,1,3
202300027883,2023-05-25 19:50:00,2023,5,25,19,50,28,28134,CROIX TIENAC (ALLEE DE LA),48.73597,1.38826,Plein jour,En agglomération,Intersection en T,Normale,Autre collision,4,2,2,0,1,1,1,0,1,50,1,2,1,0,0,1,,,deux_roues,,1,2,3,1,6
202300027883,2023-05-25 19:50:00,2023,5,25,19,50,28,28134,CROIX TIENAC (ALLEE DE LA),48.73597,1.38826,Plein jour,En agglomération,Intersection en T,Normale,Autre collision,4,2,2,0,1,1,1,5,1,50,1,2,1,0,0,1,,,deux_roues,,1,2,3,1,6
202300027884,2023-03-07 00:00:00,2023,3,7,0,0,93,93070,Rue Albert Dhalenne / Quai de Seine,48.91776,2.32968,Nuit avec éclairage allumé,En agglomération,Intersection en X,Normale,Autre collision,3,2,3,1,1,1,1,9,1,50,1,1,0,0,1,0,30.0,,deux_roues,,5,2,2,1,6
202300027884,2023-03-07 00:00:00,2023,3,7,0,0,93,93070,Rue Albert Dhalenne / Quai de Seine,48.91776,2.32968,Nuit avec éclairage allumé,En agglomération,Intersection en X,Normale,Autre collision,3,3,4,-1,2,1,1,0,1,-1,1,1,0,0,1,0,30.0,,deux_roues,,5,2,2,1,6
202300027885,2023-07-28 12:00:00,2023,7,28,12,0,42,42253,Route de Renaison,46.044225,3.997607,Plein jour,Hors agglomération,Intersection en T,Normale,Deux véhicules - arrière,3,2,1,1,1,1,1,0,1,70,2,2,1,0,1,0,85.0,54.0,deux_roues,voiture,1,1,3,1,2
202300027885,2023-07-28 12:00:00,2023,7,28,12,0,42,42253,Route de Renaison,46.044225,3.997607,Plein jour,Hors agglomération,Intersection en T,Normale,Deux véhicules - arrière,3,2,2,0,1,1,1,0,1,50,2,2,1,0,1,0,85.0,54.0,deux_roues,voiture,1,1,3,1,2
202300027886,2023-01-22 22:59:00,2023,1,22,22,59,93,93072,Rue des Fleurs / Rue Jean Jaurés,48.963846,2.380548,Nuit avec éclairage allumé,En agglomération,Intersection en T,Normale,Deux véhicules - côté,4,2,2,0,1,1,1,0,1,50,2,2,1,0,0,1,30.0,22.0,deux_roues,utilitaire_camion,5,2,3,1,3
202300027886,2023-01-22 22:59:00,2023,1,22,22,59,93,93072,Rue des Fleurs / Rue Jean Jaurés,48.963846,2.380548,Nuit avec éclairage allumé,En agglomération,Intersection en T,Normale,Deux véhicules - côté,4,2,2,-1,1,1,1,0,1,-1,2,2,1,0,0,1,30.0,22.0,deux_roues,utilitaire_camion,5,2,3,1,3
202300027887,2023-03-07 18:10:00,2023,3,7,18,10,93,93066,79 Rue Gabriel Péri / Rue Franklin,48.93527871,2.35589574,Crépuscule ou aube,En agglomération,Intersection en X,Normale,Autre collision,4,1,1,-1,1,1,1,0,4,-1,1,2,1,0,0,1,11.0,,deux_roues,,2,2,2,1,6
202300027887,2023-03-07 18:10:00,2023,3,7,18,10,93,93066,79 Rue Gabriel Péri / Rue Franklin,48.93527871,2.35589574,Crépuscule ou aube,En agglomération,Intersection en X,Normale,Autre collision,4,1,1,0,1,1,1,0,4,30,1,2,1,0,0,1,11.0,,deux_roues,,2,2,2,1,6
202300027888,2023-01-23 07:30:00,2023,1,23,7,30,93,93072,Chemin de Saint Leger / Avenue de Stalingrad,48.9475329,2.37531736,Nuit avec éclairage allumé,En agglomération,Intersection en X,Normale,Autre collision,3,2,2,1,1,1,1,0,1,50,1,2,1,0,0,1,58.0,,voiture,,5,2,2,1,6
202300027888,2023-01-23 07:30:00,2023,1,23,7,30,93,93072,Chemin de Saint Leger / Avenue de Stalingrad,48.9475329,2.37531736,Nuit avec éclairage allumé,En agglomération,Intersection en X,Normale,Autre collision,3,3,6,1,1,1,1,0,1,50,1,2,1,0,0,1,58.0,,voiture,,5,2,2,1,6
202300027889,2023-04-12 06:05:00,2023,4,12,6,5,74,74012,GIFFRE (AVENUE DU),46.19681,6.23881,Crépuscule ou aube,En agglomération,Autre intersection,Temps couvert,Autre collision,4,1,1,1,1,1,1,0,5,50,1,2,1,0,0,1,58.0,,autre,,2,2,9,8,6
202300027890,2023-08-02 11:00:00,2023,8,2,11,0,56,56205,La Croix Lasne,47.561628,-2.711112,Plein jour,Hors agglomération,Hors intersection,Normale,Deux véhicules - côté,3,2,2,0,1,1,1,0,1,80,2,5,2,0,0,3,24.0,59.0,utilitaire_camion,voiture,1,1,1,1,3
202300027891,2023-05-25 07:40:00,2023,5,25,7,40,15,15014,VOLONTAIRE (AVENUE DES),44.91421,2.44109,Plein jour,En agglomération,Giratoire,Normale,Deux véhicules - côté,4,2,2,0,1,2,1,0,1,50,2,2,1,0,0,1,50.0,17.0,voiture,deux_roues,1,2,6,1,3
202300027892,2023-01-23 13:15:00,2023,1,23,13,15,93,93064,Avenue du Général de Gaulle,48.879373,2.478189,Plein jour,En agglomération,Hors intersection,Normale,Deux véhicules - côté,3,2,2,0,1,1,1,0,1,50,2,2,1,0,0,1,18.0,50.0,voiture,voiture,1,2,1,1,3
202300027893,2023-03-07 14:10:00,2023,3,7,14,10,93,93048,Rue de Paris,48.85502222,2.41908923,Plein jour,En agglomération,Intersection en X,Temps couvert,Deux véhicules - frontale,3,2,2,0,1,1,1,0,1,30,2,2,1,1,0,0,66.0,46.0,voiture,voiture,1,2,2,8,1
202300027893,2023-03-07 14:10:00,2023,3,7,14,10,93,93048,Rue de Paris,48.85502222,2.41908923,Plein jour,En agglomération,Intersection en X,Temps couvert,Deux véhicules - frontale,3,1,1,0,1,1,1,0,1,30,2,2,1,1,0,0,66.0,46.0,voiture,voiture,1,2,2,8,1
202300027894,2023-05-25 08:45:00,2023,5,25,8,45,13,13103,BOULEVARD DES PRINCES DES BAUX,43.64394,5.08939,Plein jour,En agglomération,Hors intersection,Normale,Autre collision,4,2,2,0,1,1,1,0,1,30,1,2,1,0,0,1,43.0,,voiture,,1,2,1,1,6
202300027895,2023-04-16 20:45:00,2023,4,16,20,45,69,69264,Avenue Edouard Herriot,45.97887,4.7268,Nuit avec éclairage allumé,En agglomération,Intersection en T,Normale,Autre collision,3,2,4,0,2,2,1,0,1,50,1,1,0,0,1,0,47.0,,voiture,,5,2,3,1,6
202300027895,2023-04-16 20:45:00,2023,4,16,20,45,69,69264,Avenue Edouard Herriot,45.97887,4.7268,Nuit avec éclairage allumé,En agglomération,Intersection en T,Normale,Autre collision,3,2,2,0,1,1,1,0,1,50,1,1,0,0,1,0,47.0,,voiture,,5,2,3,1,6
202300027896,2023-08-01 11:15:00,2023,8,1,11,15,59,59546,route d'Hazebrouck RD37,50.78696,2.564878,Plein jour,Hors agglomération,Hors intersection,Normale,Deux véhicules - côté,3,2,2,0,1,1,1,0,1,80,2,2,1,0,0,1,26.0,61.0,utilitaire_camion,utilitaire_camion,1,1,1,1,3
202300027897,2023-01-23 15:10:00,2023,1,23,15,10,93,93055,Avenue Jean Jaurès,48.90468,2.39334,Plein jour,En agglomération,Hors intersection,Normale,Deux véhicules - côté,3,3,6,1,1,1,1,0,5,30,2,2,1,0,0,1,36.0,50.0,deux_roues,voiture,1,2,1,1,3
202300027898,2023-05-24 16:57:00,2023,5,24,16,57,10,10357,Route de Baires,48.28378,4.12089,Plein jour,Hors agglomération,Hors intersection,Normale,Sans collision,4,-1,0,0,1,1,1,0,8,80,1,1,0,0,0,1,39.0,,voiture,,1,1,1,1,7
202300027899,2023-03-07 15:15:00,2023,3,7,15,15,93,93045,Avenue du Maréchal Juin / Rue de Romainville,48.87834185,2.42247722,Plein jour,En agglomération,Intersection en X,Normale,Deux véhicules - frontale,3,2,2,0,1,1,1,0,1,50,2,2,1,0,0,1,39.0,39.0,voiture,deux_roues,1,2,2,1,1
202300027899,2023-03-07 15:15:00,2023,3,7,15,15,93,93045,Avenue du Maréchal Juin / Rue de Romainville,48.87834185,2.42247722,Plein jour,En agglomération,Intersection en X,Normale,Deux véhicules - frontale,3,2,2,0,1,1,1,0,1,50,2,2,1,0,0,1,39.0,39.0,voiture,deux_roues,1,2,2,1,1
202300027900,2023-04-16 16:30:00,2023,4,16,16,30,69,69259,Avenue Jules Guesde,45.71656,4.88797,Plein jour,En agglomération,Intersection en T,Normale,Deux véhicules - côté,4,2,2,1,1,1,1,0,1,50,2,3,1,0,2,0,38.0,51.0,voiture,voiture,1,2,3,1,3
202300027900,2023-04-16 16:30:00,2023,4,16,16,30,69,69259,Avenue Jules Guesde,45.71656,4.88797,Plein jour,En agglomération,Intersection en T,Normale,Deux véhicules - côté,4,2,2,0,1,2,1,0,1,50,2,3,1,0,2,0,38.0,51.0,voiture,voiture,1,2,3,1,3
202300027901,2023-01-23 19:30:00,2023,1,23,19,30,93,93049,Rue Pierre de Coubertin / Allee Pierre de Craon,48.86439659,2.5112185,Nuit sans éclairage public,En agglomération,Intersection en T,Normale,Deux véhicules - côté,4,2,2,-1,1,1,1,0,1,-1,2,2,1,0,0,1,26.0,24.0,deux_roues,voiture,3,2,3,1,3
202300027901,2023-01-23 19:30:00,2023,1,23,19,30,93,93049,Rue Pierre de Coubertin / Allee Pierre de Craon,48.86439659,2.5112185,Nuit sans éclairage public,En agglomération,Intersection en T,Normale,Deux véhicules - côté,4,1,1,0,1,1,1,0,1,30,2,2,1,0,0,1,26.0,24.0,deux_roues,voiture,3,2,3,1,3
202300027902,2023-08-02 14:00:00,2023,8,2,14,0,76,76075,Route de la Mer,49.768391,1.048757,Plein jour,En agglomération,Intersection en Y,Vent fort / tempête,Deux véhicules - frontale,3,2,2,0,1,1,1,0,1,50,2,2,1,0,0,1,16.0,57.0,deux_roues,voiture,1,2,4,6,1
202300027902,2023-08-02 14:00:00,2023,8,2,14,0,76,76075,Route de la Mer,49.768391,1.048757,Plein jour,En agglomération,Intersection en Y,Vent fort / tempête,Deux véhicules - frontale,3,2, -1,-1,1,1,1,0,1,-1,2,2,1,0,0,1,16.0,57.0,deux_roues,voiture,1,2,4,6,1
202300027903,2023-04-16 06:00:00,2023,4,16,6,0,69,69290,Route de Grenoble,45.70408,4.99591,Nuit sans éclairage public,Hors agglomération,Hors intersection,Normale,Autre collision,7,2,4,0,1,1,1,0,3,90,1,1,0,0,1,0,22.0,,voiture,,3,1,1,1,6
202300027904,2023-05-24 12:19:00,2023,5,24,12,19,10,10387,ANATOLE FRANCE (RUE),48.28574,4.0747,Plein jour,En agglomération,Hors intersection,Normale,Trois véhicules et plus - en chaîne,4,2,2,0,2,1,1,0,1,50,3,3,2,0,0,1,34.0,50.0,voiture,voiture,1,2,1,1,4
202300027905,2023-08-02 01:48:00,2023,8,2,1,48,79,79174,,46.219244,-0.14834,Nuit avec éclairage non allumé,En agglomération,Hors intersection,Temps couvert,Sans collision,4,2,2,0,2,3,1,0,4,50,1,2,0,0,1,1,18.0,,voiture,,4,2,1,8,7
202300027906,2023-01-23 00:15:00,2023,1,23,0,15,93,93049,Rue Pasteur / Rue Florian,48.85682109,2.49907717,Nuit avec éclairage allumé,En agglomération,Intersection en T,Normale,Autre collision,4,1,1,0,1,1,1,0,1,50,1,2,1,0,0,1,,,voiture,,5,2,3,1,6
202300027906,2023-01-23 00:15:00,2023,1,23,0,15,93,93049,Rue Pasteur / Rue Florian,48.85682109,2.49907717,Nuit avec éclairage allumé,En agglomération,Intersection en T,Normale,Autre collision,4,2,2,0,2,1,1,0,1,50,1,2,1,0,0,1,,,voiture,,5,2,3,1,6
202300027907,2023-03-07 12:25:00,2023,3,7,12,25,93,93010,Avenue Galliéni / Rue des Ecoles,48.90708,2.48836,Plein jour,En agglomération,Intersection en T,Normale,Autre collision,3,3,6,0,1,1,1,0,1,50,1,3,1,0,0,2,43.0,,voiture,,1,2,3,1,6
202300027907,2023-03-07 12:25:00,2023,3,7,12,25,93,93010,Avenue Galliéni / Rue des Ecoles,48.90708,2.48836,Plein jour,En agglomération,Intersection en T,Normale,Autre collision,3,2,2,-1,1,1,1,0,1,-1,1,3,1,0,0,2,43.0,,voiture,,1,2,3,1,6
202300027908,2023-01-23 16:20:00,2023,1,23,16,20,92,92022,SALENGRO (AVENUE ROGER),48.81810298,2.19712025,Plein jour,En agglomération,Hors intersection,Normale,Autre collision,3,3,2,0,1,1,1,0,1,50,1,2,1,0,0,1,25.0,,voiture,,1,2,1,1,6
202300027909,2023-04-15 19:45:00,2023,4,15,19,45,62,62133,Rue de Rouvroy,50.41226,2.91181,Plein jour,En agglomération,Intersection en X,Normale,Deux véhicules - côté,3,1,1,0,1,1,1,0,1,50,2,2,1,0,0,1,35.0,26.0,voiture,voiture,1,2,2,1,3
202300027909,2023-04-15 19:45:00,2023,4,15,19,45,62,62133,Rue de Rouvroy,50.41226,2.91181,Plein jour,En agglomération,Intersection en X,Normale,Deux véhicules - côté,3,1,2,0,1,1,1,0,1,50,2,2,1,0,0,1,35.0,26.0,voiture,voiture,1,2,2,1,3
202300027910,2023-05-24 10:30:00,2023,5,24,10,30,10,10333,CHARLES BALTET (RUE),48.28166,4.06072,Plein jour,En agglomération,Intersection en T,Normale,Deux véhicules - côté,4,2,2,0,1,1,1,0,1,50,2,3,2,0,0,1,62.0,33.0,voiture,utilitaire_camion,1,2,3,1,3
202300027910,2023-05-24 10:30:00,2023,5,24,10,30,10,10333,CHARLES BALTET (RUE),48.28166,4.06072,Plein jour,En agglomération,Intersection en T,Normale,Deux véhicules - côté,4,-1,1,0,1,1,1,0,1,50,2,3,2,0,0,1,62.0,33.0,voiture,utilitaire_camion,1,2,3,1,3
202300027911,2023-03-07 18:00:00,2023,3,7,18,0,92,92050,JOFFRE MARECHAL AVENUE DU,48.8857075,2.19642811,Plein jour,En agglomération,Hors intersection,Normale,Autre collision,3,2,4,0,1,1,1,0,1,50,1,2,1,0,1,0,55.0,,deux_roues,,1,2,1,1,6
202300027912,2023-04-16 18:30:00,2023,4,16,18,30,59,59286,GUERIN RUE DU PROFESSEUR,50.61198,2.99653,Plein jour,En agglomération,Hors intersection,Normale,Autre collision,4,1,1,0,1,1,1,0,1,30,1,2,0,0,1,1,35.0,,deux_roues,,1,2,1,1,6
202300027913,2023-01-23 21:10:00,2023,1,23,21,10,92,92050,COMMUNE DE PARIS AVENUE DE LA,48.907393,2.212883,Nuit avec éclairage allumé,En agglomération,Autre intersection,Normale,Deux véhicules - côté,3,1,2,0,1,1,1,0,1,50,2,2,1,0,1,0,58.0,20.0,voiture,deux_roues,5,2,9,1,3
202300027913,2023-01-23 21:10:00,2023,1,23,21,10,92,92050,COMMUNE DE PARIS AVENUE DE LA,48.907393,2.212883,Nuit avec éclairage allumé,En agglomération,Autre intersection,Normale,Deux véhicules - côté,3,1,2,0,1,1,1,5,1,50,2,2,1,0,1,0,58.0,20.0,voiture,deux_roues,5,2,9,1,3
202300027914,2023-05-24 10:55:00,2023,5,24,10,55,09,09121,D1,42.94604,1.6156,Plein jour,En agglomération,Autre intersection,Normale,Autre collision,4,2,1,0,1,1,1,9,8,50,1,1,0,0,0,1,70.0,,voiture,,1,2,9,1,6
202300027915,2023-03-07 10:36:00,2023,3,7,10,36,92,92040,GALLIENI (BOULEVARD),48.828,2.2675,Plein jour,Hors agglomération,Hors intersection,Normale,Autre collision,3,2,2,0,1,1,1,0,1,30,1,2,1,0,0,1,50.0,,deux_roues,,1,1,1,1,6
202300027916,2023-01-23 19:15:00,2023,1,23,19,15,92,92049,BROSSOLETTE AVENUE PIERRE,48.81769,2.30788,Nuit avec éclairage allumé,En agglomération,Intersection en X,Normale,Deux véhicules - côté,3,3,2,1,1,1,1,0,1,50,2,2,1,0,0,1,22.0,53.0,voiture,deux_roues,5,2,2,1,3
202300027916,2023-01-23 19:15:00,2023,1,23,19,15,92,92049,BROSSOLETTE AVENUE PIERRE,48.81769,2.30788,Nuit avec éclairage allumé,En agglomération,Intersection en X,Normale,Deux véhicules - côté,3,2,2,0,1,1,1,0,1,50,2,2,1,0,0,1,22.0,53.0,voiture,deux_roues,5,2,2,1,3
202300027917,2023-04-16 09:35:00,2023,4,16,9,35,56,56260,ANCIENS COMBATTANTS EN AFN (PLACE DES,47.66391,-2.7558,Plein jour,En agglomération,Giratoire,Normale,Deux véhicules - arrière,4,4,2,0,1,3,1,0,1,30,2,2,1,0,1,0,31.0,82.0,deux_roues,voiture,1,2,6,1,2
202300027918,2023-05-19 23:45:00,2023,5,19,23,45,08,08409,PHILIPPOTEAUX (AVENUE),49.69672,4.93901,Nuit avec éclairage allumé,En agglomération,Intersection en X,Normale,Autre collision,4,2,3,0,1,1,1,0,1,50,3,3,1,0,1,1,14.0,17.0,deux_roues,deux_roues,5,2,2,1,6
202300027918,2023-05-19 23:45:00,2023,5,19,23,45,08,08409,PHILIPPOTEAUX (AVENUE),49.69672,4.93901,Nuit avec éclairage allumé,En agglomération,Intersection en X,Normale,Autre collision,4,2,3,0,1,1,1,0,1,50,3,3,1,0,1,1,14.0,17.0,deux_roues,deux_roues,5,2,2,1,6
202300027919,2023-03-05 18:45:00,2023,3,5,18,45,92,92025,EGALITE (RUE DE L'),48.922601,2.241312,Crépuscule ou aube,En agglomération,Hors intersection,Normale,Deux véhicules - arrière,4,1,1,0,1,1,1,0,1,30,2,3,2,0,0,1,49.0,47.0,voiture,deux_roues,2,2,1,1,2
202300027920,2023-01-23 09:10:00,2023,1,23,9,10,92,92026,MARECHAL JOFFRE (QUAI DU),48.89835,2.26875,Plein jour,En agglomération,Autre intersection,Normale,Deux véhicules - côté,3,1,2,0,1,1,1,0,1,50,2,2,1,0,0,1,42.0,39.0,voiture,deux_roues,1,2,9,1,3
202300027921,2023-05-25 18:20:00,2023,5,25,18,20,01,01451,HERRIOT ( BOULEVARD EDOUARD COTE PAIR),46.21302,5.21817,Plein jour,En agglomération,Intersection en T,Normale,Deux véhicules - côté,3,2,4,0,1,1,1,0,1,50,2,2,0,0,0,2,42.0,23.0,utilitaire_camion,voiture,1,2,3,1,3
202300027921,2023-05-25 18:20:00,2023,5,25,18,20,01,01451,HERRIOT ( BOULEVARD EDOUARD COTE PAIR),46.21302,5.21817,Plein jour,En agglomération,Intersection en T,Normale,Deux véhicules - côté,3,2,0,0,1,1,1,0,1,50,2,2,0,0,0,2,42.0,23.0,utilitaire_camion,voiture,1,2,3,1,3
202300027922,2023-03-06 22:00:00,2023,3,6,22,0,92,92024,MARTRE (RUE) DE (59 A 109)   (58 A 120),48.9039,2.30527,Nuit avec éclairage allumé,En agglomération,Hors intersection,Normale,Deux véhicules - arrière,3,1,3,0,1,1,1,0,1,50,2,4,3,0,0,1,31.0,32.0,deux_roues,voiture,5,2,1,1,2
202300027923,2023-04-16 12:15:00,2023,4,16,12,15,54,54323,Avenue de Saintignon,49.525942,5.775168,Plein jour,En agglomération,Intersection en T,Normale,Deux véhicules - côté,3,1,1,0,4,3,1,0,1,50,2,2,0,0,0,2,23.0,48.0,utilitaire_camion,voiture,1,2,3,1,3
202300027923,2023-04-16 12:15:00,2023,4,16,12,15,54,54323,Avenue de Saintignon,49.525942,5.775168,Plein jour,En agglomération,Intersection en T,Normale,Deux véhicules - côté,3,2,2,0,3,2,1,0,1,50,2,2,0,0,0,2,23.0,48.0,utilitaire_camion,voiture,1,2,3,1,3
202300027924,2023-05-25 09:34:00,2023,5,25,9,34,75,75117,RUE DE ROME,48.885651,2.31683,Plein jour,En agglomération,Intersection en X,Normale,Autre collision,4,2,3,0,1,1,1,0,1,30,1,3,2,0,0,1,47.0,,voiture,,1,2,2,1,6
202300027924,2023-05-25 09:34:00,2023,5,25,9,34,75,75117,RUE DE ROME,48.885651,2.31683,Plein jour,En agglomération,Intersection en X,Normale,Autre collision,4,1,3,0,1,1,1,0,1,30,1,3,2,0,0,1,47.0,,voiture,,1,2,2,1,6
202300027925,2023-03-07 08:04:00,2023,3,7,8,4,92,92024,VICTOR HUGO (BD),48.90011517,2.31478125,Plein jour,En agglomération,Hors intersection,Temps couvert,Autre collision,3,2,3,0,1,1,2,0,1,50,1,3,2,0,0,1,,,deux_roues,,1,2,1,8,6
202300027926,2023-01-23 20:00:00,2023,1,23,20,0,92,92012,MARCEL SEMBAT (PLACE),48.83361,2.24369,Nuit avec éclairage allumé,En agglomération,Giratoire,Normale,Sans collision,3,2,1,0,1,1,1,5,1,50,2,2,1,0,0,1,46.0,31.0,utilitaire_camion,voiture,5,2,6,1,7
202300027926,2023-01-23 20:00:00,2023,1,23,20,0,92,92012,MARCEL SEMBAT (PLACE),48.83361,2.24369,Nuit avec éclairage allumé,En agglomération,Giratoire,Normale,Sans collision,3,4,2,0,1,1,1,0,1,20,2,2,1,0,0,1,46.0,31.0,utilitaire_camion,voiture,5,2,6,1,7
202300027927,2023-05-24 13:05:00,2023,5,24,13,5,75,75105,RUE GAY LUSSAC,48.844281,2.342158,Plein jour,En agglomération,Intersection en X,Normale,Deux véhicules - côté,4,-1, -1,0,1,1,1,0,1,30,2,2,1,0,0,1,46.0,41.0,deux_roues,utilitaire_camion,1,2,2,1,3
202300027927,2023-05-24 13:05:00,2023,5,24,13,5,75,75105,RUE GAY LUSSAC,48.844281,2.342158,Plein jour,En agglomération,Intersection en X,Normale,Deux véhicules - côté,4,2,2,0,1,1,1,0,1,30,2,2,1,0,0,1,46.0,41.0,deux_roues,utilitaire_camion,1,2,2,1,3
202300027928,2023-03-07 13:35:00,2023,3,7,13,35,92,92023,GENERAL DE GAULLE (AV DU) N°130 A 340 ET,48.78379,2.24748,Plein jour,En agglomération,Hors intersection,Normale,Autre collision,3,2,3,0,1,1,1,0,1,50,1,2,1,0,0,1,32.0,,utilitaire_camion,,1,2,1,1,6
202300027929,2023-01-23 21:45:00,2023,1,23,21,45,2A,2A211,lieu-dit Calo,41.795088,8.982546,Nuit sans éclairage public,Hors agglomération,Hors intersection,Pluie légère,Autre collision,3,2,2,0,1,3,2,0,3,80,1,1,0,0,0,1,54.0,,utilitaire_camion,,3,1,1,2,6
202300027930,2023-05-23 13:30:00,2023,5,23,13,30,75,75105,QUAI DE LA TOURNELLE,48.850396,2.353527,Plein jour,En agglomération,Intersection en T,Normale,Deux véhicules - côté,4,1, -1,0,1,1,1,0,1,30,2,2,1,0,0,1,31.0,41.0,voiture,utilitaire_camion,1,2,3,1,3
202300027930,2023-05-23 13:30:00,2023,5,23,13,30,75,75105,QUAI DE LA TOURNELLE,48.850396,2.353527,Plein jour,En agglomération,Intersection en T,Normale,Deux véhicules - côté,4,1,2,0,1,1,1,0,1,30,2,2,1,0,0,1,31.0,41.0,voiture,utilitaire_camion,1,2,3,1,3
202300027931,2023-03-07 09:00:00,2023,3,7,9,0,92,92012,GENERAL LECLERC (AVENUE DU) 1/33 - 2/58,48.83213,2.23889,Plein jour,En agglomération,Hors intersection,Normale,Deux véhicules - arrière,3,2,4,0,1,1,1,0,1,50,2,2,1,0,0,1,34.0,30.0,utilitaire_camion,deux_roues,1,2,1,1,2