accident_id,datetime,annee,mois,jour,heure,minute,departement,commune_insee,adresse,latitude,longitude,luminosite,agglomeration,intersection,meteo,collision,catr,circ,nbv,vosp,prof,plan,surf,infra,situ,vma,nb_vehicules,nb_usagers,nb_indemnes,nb_tues,nb_blesses_hosp,nb_blesses_legers,age_cond_1,age_cond_2,veh_type_cond_1,veh_type_cond_2,lum_code,agg_code,int_code,atm_code,col_code
202300027932,2023-04-16 13:27:00,2023,4,16,13,27,49,49267,HERAUDIERES,47.46382,-0.49085,Plein jour,En agglomération,Intersection en X,Normale,Deux véhicules - arrière,4,2,3,0,1,1,1,0,1,30,2,2,1,0,0,1,72.0,20.0,voiture,voiture,1,2,2,1,2
202300027932,2023-04-16 13:27:00,2023,4,16,13,27,49,49267,HERAUDIERES,47.46382,-0.49085,Plein jour,En agglomération,Intersection en X,Normale,Deux véhicules - arrière,4,3,5,2,1,1,1,0,1,30,2,2,1,0,0,1,72.0,20.0,voiture,voiture,1,2,2,1,2
202300027933,2023-05-23 09:27:00,2023,5,23,9,27,75,75105,BOULEVARD SAINT MICHEL,48.850344,2.342612,Plein jour,En agglomération,Intersection en T,Normale,Deux véhicules - côté,4,2,2,2,2,1,1,0,1,30,2,2,1,0,0,1,32.0,24.0,voiture,deux_roues,1,2,3,1,3
202300027933,2023-05-23 09:27:00,2023,5,23,9,27,75,75105,BOULEVARD SAINT MICHEL,48.850344,2.342612,Plein jour,En agglomération,Intersection en T,Normale,Deux véhicules - côté,4,-1,1,0,1,1,1,0,1,30,2,2,1,0,0,1,32.0,24.0,voiture,deux_roues,1,2,3,1,3
202300027934,2023-03-07 09:10:00,2023,3,7,9,10,92,92002,ARISTIDE BRIAND (AVENUE),48.75666,2.30638,Plein jour,En agglomération,Hors intersection,Normale,Deux véhicules - côté,3,2,2,1,1,1,1,0,1,50,2,2,1,0,0,1,50.0,23.0,voiture,deux_roues,1,2,1,1,3
202300027935,2023-05-25 18:30:00,2023,5,25,18,30,75,75120,BOULEVARD DAVOUT,48.853524,2.41079,Plein jour,En agglomération,Intersection en X,Normale,Autre collision,4,2,2,1,2,1,1,0,4,30,1,2,1,0,1,0,37.0,,deux_roues,,1,2,2,1,6
202300027935,2023-05-25 18:30:00,2023,5,25,18,30,75,75120,BOULEVARD DAVOUT,48.853524,2.41079,Plein jour,En agglomération,Intersection en X,Normale,Autre collision,4,2, -1,-1,1,1,1,0,4,-1,1,2,1,0,1,0,37.0,,deux_roues,,1,2,2,1,6
202300027936,2023-01-24 08:30:00,2023,1,24,8,30,01,01248,départementale 1083,45.903899,4.934946,Plein jour,Hors agglomération,Hors intersection,Normale,Deux véhicules - frontale,3,2,2,0,1,1,1,0,1,80,2,2,1,0,0,1,66.0,26.0,voiture,voiture,1,1,1,1,1
202300027937,2023-03-06 09:45:00,2023,3,6,9,45,47,47133,Brun,44.079466,0.573349,Plein jour,Hors agglomération,Hors intersection,Temps couvert,Sans collision,3,2,2,0,2,1,1,0,8,80,1,1,0,1,0,0,26.0,,utilitaire_camion,,1,1,1,8,7
202300027938,2023-05-25 09:00:00,2023,5,25,9,0,75,75120,RUE DES VIGNOLES,48.854038,2.399919,Plein jour,En agglomération,Hors intersection,Normale,Deux véhicules - arrière,4,1,1,2,1,1,1,0,1,30,2,2,1,0,0,1,33.0,,deux_roues,voiture,1,2,1,1,2
202300027939,2023-04-15 15:10:00,2023,4,15,15,10,42,42218,Boulevard Joseph Bethenod,45.42716,4.38575,Plein jour,En agglomération,Intersection en X,Pluie légère,Deux véhicules - côté,4,1,2,0,1,1,2,0,1,50,2,2,1,0,0,1,51.0,21.0,voiture,voiture,1,2,2,2,3
202300027939,2023-04-15 15:10:00,2023,4,15,15,10,42,42218,Boulevard Joseph Bethenod,45.42716,4.38575,Plein jour,En agglomération,Intersection en X,Pluie légère,Deux véhicules - côté,4,1,1,0,2,1,2,0,1,50,2,2,1,0,0,1,51.0,21.0,voiture,voiture,1,2,2,2,3
202300027940,2023-05-24 22:15:00,2023,5,24,22,15,75,75120,RUE BELGRAND,48.864906,2.398671,Nuit avec éclairage allumé,En agglomération,Place,Normale,Autre collision,4,-1, -1,0,1,1,1,0,1,30,1,2,1,0,0,1,48.0,,voiture,,5,2,7,1,6
202300027940,2023-05-24 22:15:00,2023,5,24,22,15,75,75120,RUE BELGRAND,48.864906,2.398671,Nuit avec éclairage allumé,En agglomération,Place,Normale,Autre collision,4,2,2,0,1,1,1,0,1,30,1,2,1,0,0,1,48.0,,voiture,,5,2,7,1,6
202300027941,2023-03-05 09:24:00,2023,3,5,9,24,91,91235,Av du Dr Louis Francois Fichez,48.638663,2.36035,Plein jour,En agglomération,Hors intersection,Normale,Deux véhicules - côté,3,3,4,0,1,1,1,5,1,50,2,3,2,0,1,0,22.0,61.0,voiture,voiture,1,2,1,1,3
202300027942,2023-01-20 10:40:00,2023,1,20,10,40,86,86221,Route des Templiers,46.806449,0.34417,Plein jour,Hors agglomération,Intersection en T,Autre,Deux véhicules - côté,4,2,2,0,1,1,1,0,1,70,2,2,1,0,0,1,86.0,65.0,deux_roues,voiture,1,1,3,9,3
202300027942,2023-01-20 10:40:00,2023,1,20,10,40,86,86221,Route des Templiers,46.806449,0.34417,Plein jour,Hors agglomération,Intersection en T,Autre,Deux véhicules - côté,4,2, -1,-1,1,1,1,0,1,-1,2,2,1,0,0,1,86.0,65.0,deux_roues,voiture,1,1,3,9,3
202300027943,2023-04-15 21:25:00,2023,4,15,21,25,41,41018,VICOMTE (CHEMIN DE ),47.542585,1.283376,Nuit sans éclairage public,Hors agglomération,Hors intersection,Normale,Sans collision,3,2, -1,-1,-1,-1,-1,-1,-1,-1,1,1,0,0,1,0,35.0,,voiture,,3,1,1,1,7
202300027944,2023-05-25 22:10:00,2023,5,25,22,10,75,75119,RUE DE L INSPECTEUR ALLES,48.879298,2.398166,Nuit avec éclairage allumé,En agglomération,Intersection en T,Normale,Deux véhicules - côté,4,1, -1,-1,2,1,1,0,1,30,2,2,1,0,0,1,33.0,49.0,deux_roues,voiture,5,2,3,1,3
202300027944,2023-05-25 22:10:00,2023,5,25,22,10,75,75119,RUE DE L INSPECTEUR ALLES,48.879298,2.398166,Nuit avec éclairage allumé,En agglomération,Intersection en T,Normale,Deux véhicules - côté,4,1, -1,0,2,1,1,0,1,30,2,2,1,0,0,1,33.0,49.0,deux_roues,voiture,5,2,3,1,3
202300027945,2023-03-06 10:45:00,2023,3,6,10,45,972,97214,Crochemort N1,14.832399,-61.051841,Plein jour,En agglomération,Hors intersection,Normale,Autre collision,2,2,2,0,1,3,1,0,1,50,1,2,1,1,0,0,66.0,,voiture,,1,2,1,1,6
202300027946,2023-04-16 10:35:00,2023,4,16,10,35,35,35238,SUEDE (DE),48.08671,-1.67938,Plein jour,En agglomération,Hors intersection,Normale,Deux véhicules - côté,4,2,2,0,1,1,1,0,3,30,2,2,1,0,0,1,31.0,41.0,voiture,voiture,1,2,1,1,3
202300027947,2023-01-21 19:00:00,2023,1,21,19,0,33,33030,D1113,44.616317,-0.32091,Nuit sans éclairage public,Hors agglomération,Hors intersection,Normale,Deux véhicules - frontale,3,2,2,0,1,1,1,0,1,80,2,3,0,0,0,3,21.0,49.0,voiture,voiture,3,1,1,1,1
202300027948,2023-05-25 17:20:00,2023,5,25,17,20,75,75120,PLACE DU MAQUIS DU VERCORS,48.877637,2.40863,Plein jour,En agglomération,Place,Normale,Deux véhicules - arrière,4,1,3,3,1,2,1,0,1,30,2,2,1,0,0,1,38.0,51.0,deux_roues,voiture,1,2,7,1,2
202300027949,2023-01-19 13:30:00,2023,1,19,13,30,17,17310,Route de Pons,45.568345,-0.736685,Plein jour,Hors agglomération,Hors intersection,Pluie forte,Sans collision,3,2,2,0,1,1,2,0,8,80,1,1,0,1,0,0,60.0,,voiture,,1,1,1,3,7
202300027950,2023-04-15 10:55:00,2023,4,15,10,55,35,35115,ROUSSEAU (RUE JEAN-JACQUES),48.35359,-1.20352,Plein jour,En agglomération,Hors intersection,Normale,Autre collision,4,1,1,0,1,1,1,6,1,30,1,2,1,0,1,0,62.0,,deux_roues,,1,2,1,1,6
202300027951,2023-05-25 19:20:00,2023,5,25,19,20,75,75118,BOULEVARD DE CLICHY,48.884063,2.328445,Plein jour,En agglomération,Hors intersection,Normale,Deux véhicules - côté,4,3,3,0,1,1,1,0,1,30,2,2,1,0,0,1,56.0,32.0,deux_roues,transport_commun,1,2,1,1,3
202300027952,2023-03-05 18:45:00,2023,3,5,18,45,972,97217,Pointe Borgnèse (Informations),14.455143,-60.90323,Nuit sans éclairage public,Hors agglomération,Hors intersection,Normale,Trois véhicules et plus - en chaîne,2,2,2,0,3,1,1,0,1,70,4,4,3,0,1,0,35.0,27.0,deux_roues,voiture,3,1,1,1,4
202300027953,2023-01-23 16:50:00,2023,1,23,16,50,46,46137,D653 PK 114+500,44.39488933,1.36485212,Plein jour,Hors agglomération,Hors intersection,Normale,Sans collision,3,2,2,0,2,3,2,0,8,80,1,1,0,0,0,1,53.0,,utilitaire_camion,,1,1,1,1,7
202300027954,2023-03-04 21:10:00,2023,3,4,21,10,35,35125,Rue de la Garenne,47.933654,-1.226757,Nuit avec éclairage allumé,En agglomération,Hors intersection,Normale,Deux véhicules - côté,4,2,2,0,1,1,1,0,1,50,2,2,1,0,1,0,55.0,22.0,deux_roues,voiture,5,2,1,1,3
202300027955,2023-05-25 08:00:00,2023,5,25,8,0,75,75117,BOULEVARD MALESHERBES,48.889897,2.303875,Plein jour,En agglomération,Intersection en T,Normale,Deux véhicules - côté,4,2, -1,3,1,1,1,0,1,50,2,2,1,0,1,0,23.0,54.0,utilitaire_camion,deux_roues,1,2,3,1,3
202300027955,2023-05-25 08:00:00,2023,5,25,8,0,75,75117,BOULEVARD MALESHERBES,48.889897,2.303875,Plein jour,En agglomération,Intersection en T,Normale,Deux véhicules - côté,4,2, -1,0,1,1,1,0,1,30,2,2,1,0,1,0,23.0,54.0,utilitaire_camion,deux_roues,1,2,3,1,3
202300027956,2023-05-25 15:00:00,2023,5,25,15,0,75,75116,RUE DE LA POMPE,48.864421,2.277945,Plein jour,En agglomération,Hors intersection,Normale,Deux véhicules - côté,4,2,2,0,1,1,1,0,1,30,2,2,1,0,0,1,26.0,36.0,deux_roues,utilitaire_camion,1,2,1,1,3
202300027957,2023-03-07 23:00:00,2023,3,7,23,0,974,97414,Rue Gonneau,-21.271384,55.437151,Nuit avec éclairage allumé,En agglomération,Hors intersection,Normale,Sans collision,9,1,2,0,2,1,1,0,1,50,1,2,0,0,2,0,21.0,,deux_roues,,5,2,1,1,7
202300027958,2023-03-07 08:30:00,2023,3,7,8,30,22,22239,D64,48.363588,-2.134068,Plein jour,Hors agglomération,Autre intersection,Normale,Autre collision,3,2,2,0,2,2,1,0,1,70,1,1,0,0,1,0,19.0,,deux_roues,,1,1,9,1,6
202300027959,2023-01-18 07:50:00,2023,1,18,7,50,86,86261,Route de Saint Julien l'Ars,46.560222,0.483127,Crépuscule ou aube,Hors agglomération,Intersection en T,Normale,Deux véhicules - frontale,3,2,2,0,2,1,1,0,1,80,2,3,1,0,1,1,40.0,68.0,voiture,voiture,2,1,3,1,1
202300027959,2023-01-18 07:50:00,2023,1,18,7,50,86,86261,Route de Saint Julien l'Ars,46.560222,0.483127,Crépuscule ou aube,Hors agglomération,Intersection en T,Normale,Deux véhicules - frontale,3,2, -1,-1,1,1,1,5,1,50,2,3,1,0,1,1,40.0,68.0,voiture,voiture,2,1,3,1,1
202300027960,2023-05-25 10:05:00,2023,5,25,10,5,75,75115,BOULEVARD DE VAUGIRARD,48.841564,2.318328,Plein jour,En agglomération,Intersection en T,Normale,Deux véhicules - côté,4,1,2,0,1,1,1,0,1,30,2,2,1,0,0,1,46.0,42.0,voiture,deux_roues,1,2,3,1,3
202300027960,2023-05-25 10:05:00,2023,5,25,10,5,75,75115,BOULEVARD DE VAUGIRARD,48.841564,2.318328,Plein jour,En agglomération,Intersection en T,Normale,Deux véhicules - côté,4,1, -1,0,1,1,1,0,1,30,2,2,1,0,0,1,46.0,42.0,voiture,deux_roues,1,2,3,1,3
202300027961,2023-04-16 11:00:00,2023,4,16,11,0,22,22215,PONT NOIR (RUE DU),48.48772,-2.8249,Plein jour,Hors agglomération,Hors intersection,Normale,Trois véhicules et plus - collisions multiples,3,2,2,0,1,4,1,0,1,70,5,9,0,2,5,2,68.0,25.0,deux_roues,voiture,1,1,1,1,5
202300027962,2023-03-07 18:30:00,2023,3,7,18,30,62,62181,D8,50.138558,2.710359,Nuit avec éclairage allumé,En agglomération,Hors intersection,Pluie légère,Autre collision,3,2,1,0,2,1,2,0,1,50,1,2,1,0,1,0,40.0,,voiture,,5,2,1,2,6
202300027963,2023-01-21 19:45:00,2023,1,21,19,45,67,67302,D421,48.741828,7.390494,Nuit avec éclairage allumé,Hors agglomération,Giratoire,Normale,Deux véhicules - côté,3,2,2,0,1,1,1,0,1,-1,2,2,1,0,0,1,21.0,36.0,voiture,voiture,5,1,6,1,3
202300027964,2023-05-25 22:10:00,2023,5,25,22,10,75,75113,BOULEVARD ARAGO,48.834965,2.344995,Nuit avec éclairage allumé,En agglomération,Intersection en X,Normale,Deux véhicules - côté,4,2,4,0,1,1,1,0,1,30,2,2,1,0,0,1,26.0,32.0,deux_roues,voiture,5,2,2,1,3
202300027964,2023-05-25 22:10:00,2023,5,25,22,10,75,75113,BOULEVARD ARAGO,48.834965,2.344995,Nuit avec éclairage allumé,En agglomération,Intersection en X,Normale,Deux véhicules - côté,4,2,2,0,1,1,1,0,1,30,2,2,1,0,0,1,26.0,32.0,deux_roues,voiture,5,2,2,1,3
202300027965,2023-01-23 11:30:00,2023,1,23,11,30,38,38342,Chemin de Martine,44.885507,5.623863,Plein jour,En agglomération,Hors intersection,Normale,Autre collision,4,-1,1,0,2,1,7,0,1,50,1,1,0,1,0,0,50.0,,utilitaire_camion,,1,2,1,1,6
202300027966,2023-04-03 16:40:00,2023,4,3,16,40,19,19272,Dr Ramon (Rue),45.25243,1.76243,Plein jour,En agglomération,Autre intersection,Normale,Autre collision,4,3,2,3,1,1,1,6,1,30,1,2,1,0,0,1,74.0,,voiture,,1,2,9,1,6
202300027967,2023-03-07 20:25:00,2023,3,7,20,25,51,51282,D27,49.253972,3.93075,Nuit sans éclairage public,Hors agglomération,Hors intersection,Normale,Deux véhicules - frontale,3,2,2,0,1,1,1,0,3,80,2,2,1,1,0,0,41.0,49.0,utilitaire_camion,voiture,3,1,1,1,1
202300027968,2023-05-25 19:25:00,2023,5,25,19,25,75,75112,BOULEVARD DE BERCY,48.84037,2.379896,Plein jour,En agglomération,Hors intersection,Normale,Autre collision,4,2,3,3,1,1,1,0,1,30,1,2,1,0,0,1,26.0,,deux_roues,,1,2,1,1,6
202300027969,2023-01-19 15:20:00,2023,1,19,15,20,62,62869,D60,50.260376,2.718236,Plein jour,Hors agglomération,Hors intersection,Normale,Deux véhicules - frontale,3,2,2,0,1,1,1,0,1,80,2,2,0,1,1,0,53.0,29.0,voiture,utilitaire_camion,1,1,1,1,1
202300027970,2023-01-22 16:45:00,2023,1,22,16,45,56,56229,1 rue Noblet,47.758649,-2.231609,Plein jour,Hors agglomération,Hors intersection,Normale,Sans collision,4,2,2,0,2,2,1,0,1,80,1,1,0,0,1,0,17.0,,deux_roues,,1,1,1,1,7
202300027971,2023-04-17 00:55:00,2023,4,17,0,55,13,13208,PRADO (AVENUE DU),43.27082999,5.38869254,Nuit avec éclairage allumé,En agglomération,Hors intersection,Normale,Trois véhicules et plus - collisions multiples,4,2,6,3,1,1,1,0,1,50,3,3,2,0,0,1,31.0,24.0,deux_roues,voiture,5,2,1,1,5
202300027972,2023-03-06 09:20:00,2023,3,6,9,20,51,51380,Avenue de l’Empereur,48.871829,3.542501,Plein jour,En agglomération,Intersection en X,Normale,Deux véhicules - côté,3,2,2,0,1,1,1,0,1,50,2,2,1,0,1,0,50.0,47.0,voiture,deux_roues,1,2,2,1,3
202300027972,2023-03-06 09:20:00,2023,3,6,9,20,51,51380,Avenue de l’Empereur,48.871829,3.542501,Plein jour,En agglomération,Intersection en X,Normale,Deux véhicules - côté,3,2,2,0,1,1,1,0,1,50,2,2,1,0,1,0,50.0,47.0,voiture,deux_roues,1,2,2,1,3
202300027973,2023-05-25 18:30:00,2023,5,25,18,30,75,75112,QUAI DE BERCY,48.828,2.389,Plein jour,En agglomération,Intersection en Y,Normale,Deux véhicules - côté,4,1,2,0,3,1,1,0,1,70,2,3,2,0,0,1,78.0,32.0,voiture,deux_roues,1,2,4,1,3
202300027973,2023-05-25 18:30:00,2023,5,25,18,30,75,75112,QUAI DE BERCY,48.828,2.389,Plein jour,En agglomération,Intersection en Y,Normale,Deux véhicules - côté,4,1,2,0,3,1,1,0,1,50,2,3,2,0,0,1,78.0,32.0,voiture,deux_roues,1,2,4,1,3
202300027974,2023-01-24 20:40:00,2023,1,24,20,40,74,74225,7 avenue des alpes,45.855553,5.953828,Nuit avec éclairage allumé,En agglomération,Hors intersection,Normale,Deux véhicules - arrière,4,2,2,0,1,1,1,0,1,50,2,2,1,0,0,1,53.0,58.0,voiture,deux_roues,5,2,1,1,2
202300027975,2023-04-16 17:30:00,2023,4,16,17,30,13,13208,POMPIDOU (PROMENADE),43.26424598,5.37362368,Plein jour,En agglomération,Autre intersection,Normale,Trois véhicules et plus - en chaîne,4,1,3,0,1,2,1,0,1,50,3,3,2,0,0,1,18.0,28.0,voiture,voiture,1,2,9,1,4
202300027976,2023-05-25 10:37:00,2023,5,25,10,37,75,75112,BOULEVARD SOULT,48.839885,2.408903,Plein jour,En agglomération,Hors intersection,Normale,Deux véhicules - côté,4,1,2,0,1,1,1,0,1,50,2,2,1,0,0,1,36.0,66.0,deux_roues,deux_roues,1,2,1,1,3
202300027977,2023-03-04 10:00:00,2023,3,4,10,0,56,56020,,47.788154,-2.454782,Plein jour,Hors agglomération,Hors intersection,Normale,Autre collision,2,3,4,0,2,1,1,0,2,110,1,3,1,0,1,1,53.0,,voiture,,1,1,1,1,6
202300027978,2023-01-24 07:15:00,2023,1,24,7,15,77,77341,D411 / D49,48.445284,3.355808,Nuit avec éclairage allumé,Hors agglomération,Intersection en X,Temps couvert,Deux véhicules - côté,3,2,3,3,1,1,1,5,1,70,2,2,1,1,0,0,45.0,60.0,deux_roues,voiture,5,1,2,8,3
202300027978,2023-01-24 07:15:00,2023,1,24,7,15,77,77341,D411 / D49,48.445284,3.355808,Nuit avec éclairage allumé,Hors agglomération,Intersection en X,Temps couvert,Deux véhicules - côté,3,2,2,0,1,1,1,5,1,80,2,2,1,1,0,0,45.0,60.0,deux_roues,voiture,5,1,2,8,3
202300027979,2023-03-07 06:00:00,2023,3,7,6,0,79,79008,,46.72277,-0.298004,Nuit sans éclairage public,Hors agglomération,Hors intersection,Normale,Sans collision,2,2,2,0,1,3,1,0,3,80,1,2,1,0,1,0,38.0,,voiture,,3,1,1,1,7
202300027980,2023-05-25 11:36:00,2023,5,25,11,36,75,75108,PLACE DE LA CONCORDE,48.864869,2.321226,Plein jour,En agglomération,Place,Normale,Deux véhicules - côté,4,1,6,1,1,3,1,0,1,30,2,2,1,0,1,0,55.0,39.0,deux_roues,voiture,1,2,7,1,3
202300027981,2023-04-15 22:25:00,2023,4,15,22,25,13,13203,DOCTEUR LÉON PERRIN (RUE),43.31492,5.38874,Nuit avec éclairage allumé,En agglomération,Place,Normale,Deux véhicules - côté,3,1,6,0,1,1,1,5,1,50,2,3,0,0,0,2,,25.0,voiture,voiture,5,2,7,1,3
202300027982,2023-01-23 14:35:00,2023,1,23,14,35,65,65007,D935,43.329018,0.069376,Plein jour,Hors agglomération,Hors intersection,Normale,Trois véhicules et plus - en chaîne,3,2,2,0,1,1,1,8,1,90,3,3,2,0,1,0,68.0,81.0,voiture,utilitaire_camion,1,1,1,1,4
202300027983,2023-05-25 09:15:00,2023,5,25,9,15,75,75117,AVENUE DES TERNES,48.880107,2.287935,Plein jour,En agglomération,Hors intersection,Normale,Deux véhicules - côté,4,2,6,0,1,1,1,0,1,30,2,2,1,0,0,1,39.0,35.0,voiture,deux_roues,1,2,1,1,3
202300027984,2023-01-17 18:40:00,2023,1,17,18,40,61,61168,D908,48.58594,-0.365327,Nuit avec éclairage allumé,En agglomération,Hors intersection,Neige / grêle,Autre collision,3,2,2,0,1,3,2,0,1,50,1,2,1,0,1,0,28.0,,voiture,,5,2,1,4,6
202300027985,2023-03-06 23:00:00,2023,3,6,23,0,79,79298,,46.279046,-0.522559,Nuit sans éclairage public,Hors agglomération,Hors intersection,Normale,Trois véhicules et plus - collisions multiples,3,2,2,0,1,1,1,0,1,80,3,5,3,0,1,1,35.0,42.0,voiture,voiture,3,1,1,1,5
202300027986,2023-05-25 08:45:00,2023,5,25,8,45,75,75103,PLACE DE LA REPUBLIQUE,48.867345,2.363382,Plein jour,En agglomération,Place,Normale,Autre collision,4,2,6,1,1,1,1,0,5,30,1,1,0,0,0,1,38.0,,deux_roues,,1,2,7,1,6
202300027986,2023-05-25 08:45:00,2023,5,25,8,45,75,75103,PLACE DE LA REPUBLIQUE,48.867345,2.363382,Plein jour,En agglomération,Place,Normale,Autre collision,4,2,4,1,1,1,1,0,5,30,1,1,0,0,0,1,38.0,,deux_roues,,1,2,7,1,6
202300027987,2023-04-14 23:20:00,2023,4,14,23,20,13,13063,MOULIN CHEMIN DU,43.5804,5.01414,Nuit avec éclairage allumé,En agglomération,Hors intersection,Temps couvert,Deux véhicules - frontale,4,2,1,0,2,1,2,1,1,50,3,7,5,0,0,2,30.0,43.0,voiture,voiture,5,2,1,8,1
202300027988,2023-03-06 20:20:00,2023,3,6,20,20,2B,2B050,Route de santore,42.560019,8.75385,Nuit avec éclairage allumé,En agglomération,Hors intersection,Normale,Sans collision,4,2,2,0,2,1,1,0,1,50,1,1,0,0,1,0,31.0,,deux_roues,,5,2,1,1,7
202300027989,2023-01-23 17:30:00,2023,1,23,17,30,47,47069,Sous Carcas,44.234169,0.548939,Crépuscule ou aube,Hors agglomération,Intersection en Y,Normale,Deux véhicules - frontale,3,2,2,-1,1,1,1,0,1,-1,2,3,0,1,0,2,34.0,21.0,voiture,voiture,2,1,4,1,1
202300027989,2023-01-23 17:30:00,2023,1,23,17,30,47,47069,Sous Carcas,44.234169,0.548939,Crépuscule ou aube,Hors agglomération,Intersection en Y,Normale,Deux véhicules - frontale,3,2,2,0,1,3,1,0,1,80,2,3,0,1,0,2,34.0,21.0,voiture,voiture,2,1,4,1,1
202300027990,2023-05-24 20:34:00,2023,5,24,20,34,75,75104,RUE SAINT ANTOINE,48.854604,2.362951,Crépuscule ou aube,En agglomération,Intersection en T,Normale,Autre collision,4,2,4,1,1,1,1,0,5,30,1,2,1,0,1,0,46.0,,deux_roues,,2,2,3,1,6
202300027990,2023-05-24 20:34:00,2023,5,24,20,34,75,75104,RUE SAINT ANTOINE,48.854604,2.362951,Crépuscule ou aube,En agglomération,Intersection en T,Normale,Autre collision,4,1,1,0,1,1,1,0,1,30,1,2,1,0,1,0,46.0,,deux_roues,,2,2,3,1,6
202300027991,2023-04-16 19:55:00,2023,4,16,19,55,08,08105,18 Quai Jean Charcot,49.7754,4.72501,Plein jour,En agglomération,Hors intersection,Normale,Autre collision,6,-1,0,0,1,1,1,0,8,30,1,2,1,0,0,1,47.0,,utilitaire_camion,,1,2,1,1,6
202300027992,2023-01-24 13:15:00,2023,1,24,13,15,39,39500,1 Rue de la République,46.93921,5.877658,Plein jour,En agglomération,Hors intersection,Normale,Autre collision,3,2,2,0,1,1,1,0,1,50,1,2,1,0,0,1,22.0,,voiture,,1,2,1,1,6
202300027993,2023-01-22 11:05:00,2023,1,22,11,5,38,38324,Route de Champier,45.396054,5.04972,Plein jour,Hors agglomération,Hors intersection,Neige / grêle,Sans collision,3,2,2,0,1,1,2,0,8,80,1,1,0,0,1,0,83.0,,voiture,,1,1,1,4,7
202300027994,2023-03-07 14:11:00,2023,3,7,14,11,82,82087,Route de Vazerac,44.152471,1.217385,Plein jour,Hors agglomération,Intersection en X,Pluie légère,Deux véhicules - côté,3,2,2,0,1,1,2,0,1,80,2,4,1,1,0,2,40.0,53.0,utilitaire_camion,voiture,1,1,2,2,3
202300027994,2023-03-07 14:11:00,2023,3,7,14,11,82,82087,Route de Vazerac,44.152471,1.217385,Plein jour,Hors agglomération,Intersection en X,Pluie légère,Deux véhicules - côté,3,2,2,0,1,1,2,0,1,80,2,4,1,1,0,2,40.0,53.0,utilitaire_camion,voiture,1,1,2,2,3
202300027995,2023-05-25 15:15:00,2023,5,25,15,15,94,94046,71 Avenue Georges Clémenceau,48.81067331,2.44354981,Plein jour,En agglomération,Intersection en X,Normale,Deux véhicules - côté,4,1,1,0,1,1,1,0,1,50,2,2,1,0,1,0,70.0,41.0,voiture,deux_roues,1,2,2,1,3
202300027995,2023-05-25 15:15:00,2023,5,25,15,15,94,94046,71 Avenue Georges Clémenceau,48.81067331,2.44354981,Plein jour,En agglomération,Intersection en X,Normale,Deux véhicules - côté,4,2,2,0,1,1,1,0,1,30,2,2,1,0,1,0,70.0,41.0,voiture,deux_roues,1,2,2,1,3
202300027996,2023-04-16 14:30:00,2023,4,16,14,30,03,03185,Avenue de la Republique,46.34532,2.59812,Plein jour,En agglomération,Hors intersection,Normale,Autre collision,3,2,2,0,1,1,1,0,1,50,1,3,2,0,1,0,58.0,,voiture,,1,2,1,1,6
202300027997,2023-01-23 17:20:00,2023,1,23,17,20,70,70120,pk 32 D4,47.702087,6.665702,Crépuscule ou aube,Hors agglomération,Hors intersection,Temps couvert,Autre collision,3,2,2,0,1,1,1,0,3,80,1,3,0,3,0,0,51.0,,voiture,,2,1,1,8,6
202300027998,2023-05-25 19:00:00,2023,5,25,19,0,94,94065,7 Rue Baltard,48.75823164,2.34674782,Plein jour,En agglomération,Hors intersection,Normale,Autre collision,4,2,2,0,1,1,1,6,1,30,1,2,1,0,0,1,32.0,,utilitaire_camion,,1,2,1,1,6
202300027999,2023-04-15 18:15:00,2023,4,15,18,15,75,75120,PORTE DE BAGNOLET,48.863492,2.413409,Plein jour,En agglomération,Hors intersection,Normale,Deux véhicules - arrière,4,3,4,0,1,1,1,0,1,70,2,2,1,0,0,1,40.0,37.0,voiture,deux_roues,1,2,1,1,2
202300028000,2023-01-16 05:50:00,2023,1,16,5,50,66,66150,,42.404414,2.527027,Nuit sans éclairage public,Hors agglomération,Hors intersection,Normale,Sans collision,3,2,2,0,2,2,1,0,1,70,1,2,0,0,0,2,31.0,,voiture,,3,1,1,1,7
202300028001,2023-03-06 14:20:00,2023,3,6,14,20,33,33314,route d'artigues,45.192653,-0.77091,Plein jour,Hors agglomération,Hors intersection,Normale,Trois véhicules et plus - collisions multiples,3,2,2,0,4,3,1,1,1,80,3,3,1,1,0,1,62.0,37.0,deux_roues,utilitaire_camion,1,1,1,1,5
202300028002,2023-05-25 14:05:00,2023,5,25,14,5,94,94073,Avenue de Fontainebleau / Rue des Alouettes,48.74785243,2.36931968,Plein jour,En agglomération,Intersection en T,Normale,Deux véhicules - côté,3,1,2,0,1,1,1,0,1,40,2,2,1,0,1,0,48.0,20.0,deux_roues,utilitaire_camion,1,2,3,1,3
202300028002,2023-05-25 14:05:00,2023,5,25,14,5,94,94073,Avenue de Fontainebleau / Rue des Alouettes,48.74785243,2.36931968,Plein jour,En agglomération,Intersection en T,Normale,Deux véhicules - côté,3,3,2,0,1,1,1,0,1,40,2,2,1,0,1,0,48.0,20.0,deux_roues,utilitaire_camion,1,2,3,1,3
202300028003,2023-01-17 11:50:00,2023,1,17,11,50,06,06059,tunnel du cap estel,43.720501,7.368827,Plein jour,Hors agglomération,Hors intersection,Normale,Deux véhicules - frontale,7,2,2,0,1,1,1,1,1,50,2,3,2,0,1,0,64.0,38.0,transport_commun,voiture,1,1,1,1,1