accident_id,datetime,annee,mois,jour,heure,minute,departement,commune_insee,adresse,latitude,longitude,luminosite,agglomeration,intersection,meteo,collision,catr,circ,nbv,vosp,prof,plan,surf,infra,situ,vma,nb_vehicules,nb_usagers,nb_indemnes,nb_tues,nb_blesses_hosp,nb_blesses_legers,age_cond_1,age_cond_2,veh_type_cond_1,veh_type_cond_2,lum_code,agg_code,int_code,atm_code,col_code
202300028004,2023-04-15 17:00:00,2023,4,15,17,0,75,75118,PORTE DE CLIGNANCOURT,48.901041,2.352764,Plein jour,En agglomération,Hors intersection,Normale,Trois véhicules et plus - collisions multiples,4,1,4,0,1,1,1,0,1,70,3,3,2,0,0,1,22.0,55.0,deux_roues,voiture,1,2,1,1,5
202300028005,2023-05-25 11:50:00,2023,5,25,11,50,94,94065,Avenue Charles Lindbergh / Rue des Halliers,48.75334406,2.34968752,Plein jour,En agglomération,Giratoire,Normale,Deux véhicules - arrière,3,2,2,0,1,1,1,0,1,50,2,2,1,0,0,1,48.0,51.0,deux_roues,voiture,1,2,6,1,2
202300028005,2023-05-25 11:50:00,2023,5,25,11,50,94,94065,Avenue Charles Lindbergh / Rue des Halliers,48.75334406,2.34968752,Plein jour,En agglomération,Giratoire,Normale,Deux véhicules - arrière,3,3,4,0,1,2,1,9,1,50,2,2,1,0,0,1,48.0,51.0,deux_roues,voiture,1,2,6,1,2
202300028006,2023-03-07 13:15:00,2023,3,7,13,15,89,89466,Route départementale 81,48.175176,3.180858,Plein jour,Hors agglomération,Intersection en T,Normale,Deux véhicules - arrière,3,2,2,0,1,1,1,0,1,80,2,2,1,0,1,0,24.0,44.0,utilitaire_camion,voiture,1,1,3,1,2
202300028006,2023-03-07 13:15:00,2023,3,7,13,15,89,89466,Route départementale 81,48.175176,3.180858,Plein jour,Hors agglomération,Intersection en T,Normale,Deux véhicules - arrière,3,2,2,0,1,1,1,0,1,-1,2,2,1,0,1,0,24.0,44.0,utilitaire_camion,voiture,1,1,3,1,2
202300028007,2023-01-19 15:30:00,2023,1,19,15,30,50,50273,Route de Carentan,49.305458,-1.427799,Plein jour,Hors agglomération,Intersection en T,Pluie forte,Autre collision,3,2,2,0,1,1,2,0,3,80,1,1,0,1,0,0,51.0,,voiture,,1,1,3,3,6
202300028007,2023-01-19 15:30:00,2023,1,19,15,30,50,50273,Route de Carentan,49.305458,-1.427799,Plein jour,Hors agglomération,Intersection en T,Pluie forte,Autre collision,3,-1, -1,-1,1,1,2,0,3,-1,1,1,0,1,0,0,51.0,,voiture,,1,1,3,3,6
202300028008,2023-04-14 13:40:00,2023,4,14,13,40,75,75112,PORTE DOREE,48.844051,2.413842,Plein jour,En agglomération,Hors intersection,Pluie légère,Deux véhicules - côté,4,1,4,0,1,1,2,0,1,70,2,2,1,0,0,1,43.0,64.0,utilitaire_camion,voiture,1,2,1,2,3
202300028009,2023-01-23 17:30:00,2023,1,23,17,30,07,07214,Départementale 21,44.929914,4.582093,Crépuscule ou aube,Hors agglomération,Hors intersection,Temps couvert,Deux véhicules - côté,3,2,2,0,2,2,2,0,1,80,2,3,0,0,0,3,42.0,21.0,voiture,utilitaire_camion,2,1,1,8,3
202300028010,2023-05-25 04:05:00,2023,5,25,4,5,94,94077,59 Avenue Paul Painlevé,48.73958,2.41818,Nuit avec éclairage allumé,En agglomération,Hors intersection,Normale,Autre collision,4,1,1,0,1,1,1,0,1,50,3,3,2,0,0,1,22.0,86.0,voiture,voiture,5,2,1,1,6
202300028011,2023-03-07 16:50:00,2023,3,7,16,50,61,61168,D20 PR11+480,48.61664,-0.358643,Plein jour,Hors agglomération,Hors intersection,Normale,Deux véhicules - frontale,3,2,2,0,2,4,1,0,1,90,2,2,0,0,1,1,34.0,19.0,voiture,voiture,1,1,1,1,1
202300028012,2023-01-17 07:40:00,2023,1,17,7,40,27,27467,Rue du Président Georges Pompidou,49.350121,0.520574,Nuit avec éclairage allumé,En agglomération,Giratoire,Normale,Autre collision,3,3,2,0,1,1,1,5,1,50,1,2,1,0,1,0,62.0,,voiture,,5,2,6,1,6
202300028013,2023-05-25 08:00:00,2023,5,25,8,0,93,93059,Avenue Elisée Reclus,48.95131823,2.35790793,Plein jour,En agglomération,Hors intersection,Normale,Autre collision,3,3,4,0,1,1,1,0,1,30,1,2,1,0,0,1,35.0,,deux_roues,,1,2,1,1,6
202300028014,2023-04-13 23:45:00,2023,4,13,23,45,75,75120,RUE DE BAGNOLET,48.858363,2.400705,Nuit avec éclairage allumé,En agglomération,Intersection en T,Normale,Autre collision,4,2,2,0,1,1,1,0,1,30,2,6,3,0,2,1,18.0,32.0,deux_roues,voiture,5,2,3,1,6
202300028014,2023-04-13 23:45:00,2023,4,13,23,45,75,75120,RUE DE BAGNOLET,48.858363,2.400705,Nuit avec éclairage allumé,En agglomération,Intersection en T,Normale,Autre collision,4,1,1,0,1,1,1,0,1,30,2,6,3,0,2,1,18.0,32.0,deux_roues,voiture,5,2,3,1,6
202300028015,2023-03-02 07:50:00,2023,3,2,7,50,61,61298,D958,48.764364,-0.049073,Crépuscule ou aube,Hors agglomération,Hors intersection,Normale,Deux véhicules - côté,3,2,2,0,2,1,1,9,1,90,2,2,1,0,1,0,55.0,25.0,deux_roues,utilitaire_camion,2,1,1,1,3
202300028016,2023-01-23 20:50:00,2023,1,23,20,50,31,31395,A64,43.4812781,1.326213,Nuit sans éclairage public,Hors agglomération,Hors intersection,Normale,Deux véhicules - arrière,1,3,4,0,1,2,2,0,2,130,2,2,1,0,0,1,23.0,20.0,voiture,utilitaire_camion,3,1,1,1,2
202300028017,2023-05-25 12:50:00,2023,5,25,12,50,93,93064,Rue de la Côte des Chênes,48.87162074,2.49556565,Plein jour,En agglomération,Hors intersection,Normale,Deux véhicules - côté,4,2,2,0,1,3,1,0,1,50,2,3,2,0,0,1,24.0,20.0,deux_roues,voiture,1,2,1,1,3
202300028018,2023-01-24 06:10:00,2023,1,24,6,10,06,06149,A8 PK204.050 en chaussée SUD,43.741426,7.331926,Nuit sans éclairage public,Hors agglomération,Hors intersection,Normale,Autre collision,1,3,5,0,2,2,1,0,1,110,1,1,0,0,0,1,33.0,,deux_roues,,3,1,1,1,6
202300028019,2023-04-16 18:30:00,2023,4,16,18,30,75,75120,RUE SAINT FARGEAU,48.870772,2.399239,Plein jour,En agglomération,Intersection en X,Normale,Deux véhicules - frontale,4,2, -1,-1,1,1,1,0,1,30,2,2,1,0,0,1,20.0,35.0,voiture,deux_roues,1,2,2,1,1
202300028019,2023-04-16 18:30:00,2023,4,16,18,30,75,75120,RUE SAINT FARGEAU,48.870772,2.399239,Plein jour,En agglomération,Intersection en X,Normale,Deux véhicules - frontale,4,2,2,0,1,1,1,0,1,30,2,2,1,0,0,1,20.0,35.0,voiture,deux_roues,1,2,2,1,1
202300028020,2023-05-25 01:25:00,2023,5,25,1,25,93,93055,Avenue Jean Jaurès,48.91645,2.40607,Nuit avec éclairage allumé,En agglomération,Hors intersection,Normale,Deux véhicules - côté,3,2,3,2,1,1,1,0,8,50,2,2,0,0,2,0,56.0,33.0,deux_roues,deux_roues,5,2,1,1,3
202300028021,2023-03-07 07:50:00,2023,3,7,7,50,12,12068,baraque de combrouze,44.315343,2.304822,Plein jour,En agglomération,Intersection en Y,Normale,Deux véhicules - côté,3,2,2,0,4,1,1,0,1,50,2,2,1,0,1,0,33.0,40.0,utilitaire_camion,voiture,1,2,4,1,3
202300028021,2023-03-07 07:50:00,2023,3,7,7,50,12,12068,baraque de combrouze,44.315343,2.304822,Plein jour,En agglomération,Intersection en Y,Normale,Deux véhicules - côté,3,2,2,-1,1,1,1,0,1,50,2,2,1,0,1,0,33.0,40.0,utilitaire_camion,voiture,1,2,4,1,3
202300028022,2023-01-18 08:39:00,2023,1,18,8,39,38,38064,A43,45.55974783,5.40382298,Plein jour,Hors agglomération,Hors intersection,Pluie légère,Trois véhicules et plus - collisions multiples,1,3,4,0,1,1,2,0,1,110,4,4,1,0,1,2,51.0,47.0,voiture,utilitaire_camion,1,1,1,2,5
202300028023,2023-04-16 13:02:00,2023,4,16,13,2,75,75119,BOULEVARD DE LA VILLETTE,48.879812,2.370433,Plein jour,En agglomération,Hors intersection,Normale,Sans collision,4,3,6,1,1,1,1,0,5,30,2,2,1,0,0,1,56.0,67.0,deux_roues,voiture,1,2,1,1,7
202300028024,2023-03-06 18:20:00,2023,3,6,18,20,34,34326,D907,43.387756,2.759371,Plein jour,Hors agglomération,Hors intersection,Normale,Autre collision,3,2,2,0,3,3,1,0,3,90,1,1,0,1,0,0,27.0,,deux_roues,,1,1,1,1,6
202300028025,2023-05-25 16:55:00,2023,5,25,16,55,93,93050,Place de la Résistance,48.85716088,2.53133308,Plein jour,En agglomération,Intersection en X,Normale,Autre collision,3,3,4,0,1,1,1,9,1,50,1,2,1,0,0,1,36.0,,voiture,,1,2,2,1,6
202300028026,2023-01-23 13:30:00,2023,1,23,13,30,29,29233,Rue Pasteur,47.868599,-3.548073,Plein jour,En agglomération,Hors intersection,Normale,Autre collision,4,1,2,0,2,1,1,0,4,30,1,1,0,0,0,1,17.0,,deux_roues,,1,2,1,1,6
202300028027,2023-04-16 02:15:00,2023,4,16,2,15,75,75117,AVENUE DE SAINT OUEN,48.895768,2.328328,Nuit avec éclairage allumé,En agglomération,Intersection en T,Normale,Autre collision,4,2,2,1,2,1,1,0,1,30,1,1,0,0,1,0,83.0,,voiture,,5,2,3,1,6
202300028027,2023-04-16 02:15:00,2023,4,16,2,15,75,75117,AVENUE DE SAINT OUEN,48.895768,2.328328,Nuit avec éclairage allumé,En agglomération,Intersection en T,Normale,Autre collision,4,1,1,1,2,1,1,0,1,30,1,1,0,0,1,0,83.0,,voiture,,5,2,3,1,6
202300028028,2023-03-05 16:50:00,2023,3,5,16,50,39,39404,,46.696255,5.604983,Plein jour,Hors agglomération,Hors intersection,Normale,Autre collision,3,2,2,0,2,3,1,0,3,90,1,1,0,0,1,0,63.0,,deux_roues,,1,1,1,1,6
202300028029,2023-01-23 21:45:00,2023,1,23,21,45,2B,2B355,RT20,42.518025,9.400563,Nuit sans éclairage public,Hors agglomération,Hors intersection,Normale,Autre collision,2,2,2,0,2,3,2,0,3,80,1,1,0,0,0,1,19.0,,voiture,,3,1,1,1,6
202300028030,2023-05-25 08:15:00,2023,5,25,8,15,93,93050,Boulevard du Marechal Foch / Avenue Michel Debré,48.8541,2.51936,Plein jour,En agglomération,Intersection en T,Normale,Autre collision,3,3,6,3,1,1,1,0,6,50,1,4,1,0,0,3,34.0,,transport_commun,,1,2,3,1,6
202300028030,2023-05-25 08:15:00,2023,5,25,8,15,93,93050,Boulevard du Marechal Foch / Avenue Michel Debré,48.8541,2.51936,Plein jour,En agglomération,Intersection en T,Normale,Autre collision,3,2,2,-1,1,1,1,0,1,-1,1,4,1,0,0,3,34.0,,transport_commun,,1,2,3,1,6
202300028031,2023-01-23 17:45:00,2023,1,23,17,45,05,05052,Route de la Gare,44.671934,6.617943,Nuit avec éclairage allumé,En agglomération,Hors intersection,Pluie forte,Autre collision,2,2,2,0,1,1,2,9,1,50,1,2,1,0,0,1,33.0,,voiture,,5,2,1,3,6
202300028032,2023-03-07 07:00:00,2023,3,7,7,0,25,25304,38 Rue du Commandant Rolland,47.452364,6.87573,Plein jour,En agglomération,Hors intersection,Normale,Sans collision,3,2,2,0,1,1,1,0,1,50,1,1,0,0,1,0,45.0,,deux_roues,,1,2,1,1,7
202300028033,2023-04-16 15:15:00,2023,4,16,15,15,75,75113,RUE DE L ESPERANCE,48.826018,2.347463,Plein jour,En agglomération,Intersection en T,Normale,Autre collision,4,1, -1,0,1,1,1,0,1,30,1,2,1,0,0,1,23.0,,utilitaire_camion,,1,2,3,1,6
202300028033,2023-04-16 15:15:00,2023,4,16,15,15,75,75113,RUE DE L ESPERANCE,48.826018,2.347463,Plein jour,En agglomération,Intersection en T,Normale,Autre collision,4,1,1,0,2,1,1,0,1,30,1,2,1,0,0,1,23.0,,utilitaire_camion,,1,2,3,1,6
202300028034,2023-05-25 09:25:00,2023,5,25,9,25,93,93031,Avenue du 18 Juin 1940 / Rue du Port,48.95226449,2.30725855,Plein jour,En agglomération,Intersection en T,Normale,Deux véhicules - côté,3,2,4,1,1,1,1,0,1,50,2,2,1,0,0,1,38.0,30.0,voiture,deux_roues,1,2,3,1,3
202300028034,2023-05-25 09:25:00,2023,5,25,9,25,93,93031,Avenue du 18 Juin 1940 / Rue du Port,48.95226449,2.30725855,Plein jour,En agglomération,Intersection en T,Normale,Deux véhicules - côté,3,2,2,0,2,1,1,0,1,50,2,2,1,0,0,1,38.0,30.0,voiture,deux_roues,1,2,3,1,3
202300028035,2023-01-24 12:45:00,2023,1,24,12,45,71,71275,D982,46.268864,4.034021,Plein jour,Hors agglomération,Hors intersection,Normale,Deux véhicules - frontale,3,2,2,0,1,1,1,0,1,80,2,2,0,0,2,0,26.0,25.0,utilitaire_camion,voiture,1,1,1,1,1
202300028036,2023-04-16 13:20:00,2023,4,16,13,20,75,75111,AVENUE PARMENTIER,48.869995,2.37106,Plein jour,En agglomération,Intersection en T,Normale,Deux véhicules - arrière,4,2,2,0,1,1,1,0,1,30,2,3,2,0,0,1,29.0,39.0,voiture,voiture,1,2,3,1,2
202300028036,2023-04-16 13:20:00,2023,4,16,13,20,75,75111,AVENUE PARMENTIER,48.869995,2.37106,Plein jour,En agglomération,Intersection en T,Normale,Deux véhicules - arrière,4,2, -1,0,1,1,1,0,1,30,2,3,2,0,0,1,29.0,39.0,voiture,voiture,1,2,3,1,2
202300028037,2023-01-18 18:25:00,2023,1,18,18,25,67,67300,Route Industrielle de la Hardt,48.536876,7.500604,Nuit avec éclairage allumé,En agglomération,Hors intersection,Pluie légère,Autre collision,4,2,1,0,1,1,2,9,1,50,1,2,1,0,0,1,29.0,,voiture,,5,2,1,2,6
202300028038,2023-03-07 22:00:00,2023,3,7,22,0,03,03080,Route de Serbannes,46.104921,3.311037,Nuit sans éclairage public,Hors agglomération,Hors intersection,Normale,Sans collision,3,2,2,0,1,2,1,0,3,90,1,3,1,1,0,1,45.0,,voiture,,3,1,1,1,7
202300028039,2023-05-24 16:30:00,2023,5,24,16,30,93,93008,Avenue Paul Vaillant - Couturier,48.90977,2.44484,Plein jour,En agglomération,Hors intersection,Normale,Trois véhicules et plus - en chaîne,3,1,2,0,1,1,1,0,1,50,3,4,0,0,0,4,24.0,56.0,voiture,voiture,1,2,1,1,4
202300028040,2023-01-24 08:40:00,2023,1,24,8,40,67,67438,D426,48.442405,7.590619,Plein jour,Hors agglomération,Hors intersection,Normale,Sans collision,3,2,2,0,1,1,1,0,3,90,1,1,0,1,0,0,68.0,,voiture,,1,1,1,1,7
202300028041,2023-01-24 10:00:00,2023,1,24,10,0,74,74243,Rue du général pacthod,46.143606,6.080452,Plein jour,En agglomération,Hors intersection,Normale,Autre collision,4,1,1,2,2,1,1,0,1,30,1,2,0,0,1,1,73.0,,voiture,,1,2,1,1,6
202300028042,2023-05-25 19:05:00,2023,5,25,19,5,93,93001,4 Rue Chapon,48.91561,2.3846,Plein jour,En agglomération,Hors intersection,Normale,Autre collision,4,1,1,0,1,1,1,0,1,50,1,2,1,0,0,1,34.0,,utilitaire_camion,,1,2,1,1,6
202300028043,2023-04-16 20:45:00,2023,4,16,20,45,94,94041,35 Boulevard de Brandebourg,48.81456007,2.39684612,Nuit avec éclairage non allumé,En agglomération,Intersection en X,Normale,Deux véhicules - frontale,4,1,1,2,1,4,1,5,1,50,2,2,1,0,0,1,22.0,25.0,deux_roues,voiture,4,2,2,1,1
202300028043,2023-04-16 20:45:00,2023,4,16,20,45,94,94041,35 Boulevard de Brandebourg,48.81456007,2.39684612,Nuit avec éclairage non allumé,En agglomération,Intersection en X,Normale,Deux véhicules - frontale,4,2,2,0,1,1,1,5,1,50,2,2,1,0,0,1,22.0,25.0,deux_roues,voiture,4,2,2,1,1
202300028044,2023-02-18 22:00:00,2023,2,18,22,0,58,58095,Chemin du Port des Vignots,46.83747,3.473514,Nuit avec éclairage allumé,En agglomération,Hors intersection,Normale,Sans collision,4,2,2,0,2,1,1,9,8,50,1,1,0,1,0,0,54.0,,voiture,,5,2,1,1,7
202300028045,2023-01-16 10:00:00,2023,1,16,10,0,73,73211,D925,45.711364,6.438804,Plein jour,Hors agglomération,Hors intersection,Neige / grêle,Autre collision,3,2,2,0,2,2,5,0,3,80,1,1,0,0,1,0,81.0,,voiture,,1,1,1,4,6
202300028046,2023-05-24 23:40:00,2023,5,24,23,40,92,92078,HENRY BARBUSSE (RUE)(IMPAIRS),48.93608747,2.33389914,Nuit sans éclairage public,En agglomération,Intersection en T,Normale,Autre collision,3,2,2,0,1,1,1,0,8,30,1,2,1,0,0,1,,,voiture,,3,2,3,1,6
202300028046,2023-05-24 23:40:00,2023,5,24,23,40,92,92078,HENRY BARBUSSE (RUE)(IMPAIRS),48.93608747,2.33389914,Nuit sans éclairage public,En agglomération,Intersection en T,Normale,Autre collision,3,2,2,0,1,1,1,0,8,30,1,2,1,0,0,1,,,voiture,,3,2,3,1,6
202300028047,2023-03-07 11:15:00,2023,3,7,11,15,06,06151,M2565,43.895449,7.252876,Plein jour,Hors agglomération,Hors intersection,Normale,Autre collision,7,2,2,0,1,2,1,0,1,70,1,2,0,0,1,1,52.0,,voiture,,1,1,1,1,6
202300028048,2023-01-23 08:30:00,2023,1,23,8,30,17,17476,D19,45.365971,-0.438037,Plein jour,Hors agglomération,Hors intersection,Temps couvert,Trois véhicules et plus - collisions multiples,3,2,2,0,1,1,1,0,1,80,3,3,0,0,3,0,42.0,26.0,voiture,voiture,1,1,1,8,5
202300028049,2023-04-15 23:20:00,2023,4,15,23,20,93,93071,Avenue Henri Barbusse / Rue de la Campagne,48.93451,2.53847,Nuit avec éclairage allumé,En agglomération,Intersection en T,Normale,Deux véhicules - frontale,3,2,2,0,1,1,1,0,1,30,2,2,1,0,0,1,27.0,18.0,voiture,deux_roues,5,2,3,1,1
202300028049,2023-04-15 23:20:00,2023,4,15,23,20,93,93071,Avenue Henri Barbusse / Rue de la Campagne,48.93451,2.53847,Nuit avec éclairage allumé,En agglomération,Intersection en T,Normale,Deux véhicules - frontale,3,2,2,0,1,1,1,0,1,50,2,2,1,0,0,1,27.0,18.0,voiture,deux_roues,5,2,3,1,1
202300028050,2023-03-06 18:50:00,2023,3,6,18,50,50,50419,Rue du Puits (Hérenguerville),48.981837,-1.508517,Crépuscule ou aube,Hors agglomération,Hors intersection,Temps couvert,Autre collision,3,2,2,0,1,4,1,0,3,80,1,1,0,0,1,0,53.0,,voiture,,2,1,1,8,6
202300028051,2023-01-21 01:45:00,2023,1,21,1,45,29,29042,route de Treyer,48.255884,-4.484417,Nuit sans éclairage public,Hors agglomération,Hors intersection,Normale,Autre collision,4,2,2,0,2,2,2,0,1,80,1,5,2,0,0,3,22.0,,voiture,,3,1,1,1,6
202300028052,2023-05-25 12:10:00,2023,5,25,12,10,92,92064,DIX-HUI JUIN,48.850079,2.221851,Plein jour,En agglomération,Hors intersection,Normale,Autre collision,4,1,1,0,1,1,1,0,1,50,1,3,1,0,2,0,30.0,,autre,,1,2,1,1,6
202300028053,2023-04-16 14:56:00,2023,4,16,14,56,93,93070,Rue Charles Schmidt / Avenue Gabriel Péri,48.90603437,2.33227462,Plein jour,En agglomération,Intersection en X,Normale,Deux véhicules - arrière,3,2,2,0,1,1,1,0,1,50,2,2,1,0,0,1,42.0,22.0,transport_commun,voiture,1,2,2,1,2
202300028053,2023-04-16 14:56:00,2023,4,16,14,56,93,93070,Rue Charles Schmidt / Avenue Gabriel Péri,48.90603437,2.33227462,Plein jour,En agglomération,Intersection en X,Normale,Deux véhicules - arrière,3,2,2,0,1,1,1,0,1,50,2,2,1,0,0,1,42.0,22.0,transport_commun,voiture,1,2,2,1,2
202300028054,2023-03-07 12:45:00,2023,3,7,12,45,85,85084,RD60,46.773738,-1.156676,Plein jour,Hors agglomération,Intersection en X,Normale,Deux véhicules - côté,3,2,2,0,2,1,1,0,1,80,2,2,0,0,0,2,29.0,26.0,voiture,utilitaire_camion,1,1,2,1,3
202300028054,2023-03-07 12:45:00,2023,3,7,12,45,85,85084,RD60,46.773738,-1.156676,Plein jour,Hors agglomération,Intersection en X,Normale,Deux véhicules - côté,3,2, -1,-1,1,1,1,0,1,-1,2,2,0,0,0,2,29.0,26.0,voiture,utilitaire_camion,1,1,2,1,3
202300028055,2023-01-24 18:00:00,2023,1,24,18,0,60,60360,Avenue Louis Aragon,49.33093179,2.45700475,Crépuscule ou aube,Hors agglomération,Hors intersection,Normale,Deux véhicules - frontale,3,2,2,0,2,3,1,0,1,80,2,2,1,0,1,0,31.0,26.0,voiture,voiture,2,1,1,1,1
202300028056,2023-01-23 05:30:00,2023,1,23,5,30,94,94034,A86,48.75630157,2.33994087,Nuit sans éclairage public,Hors agglomération,Hors intersection,Normale,Autre collision,1,-1,4,0,1,1,1,0,1,90,1,1,0,0,0,1,51.0,,voiture,,3,1,1,1,6
202300028057,2023-05-25 09:30:00,2023,5,25,9,30,92,92044,BAUDIN (RUE)85 + ET 86+,48.89894,2.28768,Plein jour,En agglomération,Intersection en X,Normale,Deux véhicules - côté,4,1,2,0,1,1,1,0,1,50,2,2,1,0,0,1,30.0,41.0,deux_roues,voiture,1,2,2,1,3
202300028057,2023-05-25 09:30:00,2023,5,25,9,30,92,92044,BAUDIN (RUE)85 + ET 86+,48.89894,2.28768,Plein jour,En agglomération,Intersection en X,Normale,Deux véhicules - côté,4,1,1,0,1,1,1,0,1,50,2,2,1,0,0,1,30.0,41.0,deux_roues,voiture,1,2,2,1,3
202300028058,2023-04-16 11:00:00,2023,4,16,11,0,93,93070,Rue Charles Schmidt / Rue Mathieu,48.90308583,2.33398184,Plein jour,En agglomération,Intersection en T,Normale,Deux véhicules - côté,4,2,2,0,1,1,1,0,1,50,2,2,1,0,0,1,36.0,32.0,autre,voiture,1,2,3,1,3
202300028058,2023-04-16 11:00:00,2023,4,16,11,0,93,93070,Rue Charles Schmidt / Rue Mathieu,48.90308583,2.33398184,Plein jour,En agglomération,Intersection en T,Normale,Deux véhicules - côté,4,1,1,0,1,1,1,0,1,50,2,2,1,0,0,1,36.0,32.0,autre,voiture,1,2,3,1,3
202300028059,2023-03-06 19:20:00,2023,3,6,19,20,27,27100,Route de Beuzeville,49.354434,0.384355,Nuit sans éclairage public,Hors agglomération,Hors intersection,Normale,Trois véhicules et plus - en chaîne,3,2,1,0,1,1,1,0,1,80,3,4,3,1,0,0,37.0,56.0,voiture,voiture,3,1,1,1,4
202300028060,2023-05-25 09:45:00,2023,5,25,9,45,92,92044,PDT WILSON(RUE)107A131 ET 110A130,48.89643344,2.28658587,Plein jour,En agglomération,Intersection en X,Normale,Autre collision,4,1,2,0,1,1,1,0,1,50,1,2,1,0,0,1,47.0,,voiture,,1,2,2,1,6
202300028060,2023-05-25 09:45:00,2023,5,25,9,45,92,92044,PDT WILSON(RUE)107A131 ET 110A130,48.89643344,2.28658587,Plein jour,En agglomération,Intersection en X,Normale,Autre collision,4,1,1,0,1,1,1,0,1,50,1,2,1,0,0,1,47.0,,voiture,,1,2,2,1,6
202300028061,2023-01-21 20:00:00,2023,1,21,20,0,93,93006,AUTOROUTE A3,48.86627623,2.41437177,Nuit avec éclairage allumé,Hors agglomération,Hors intersection,Normale,Deux véhicules - arrière,1,1,4,0,2,3,1,0,1,90,2,2,0,0,0,2,20.0,20.0,voiture,voiture,5,1,1,1,2
202300028062,2023-01-21 13:40:00,2023,1,21,13,40,93,93078,AUTOROUTE A104,48.962,2.54627,Plein jour,Hors agglomération,Hors intersection,Temps couvert,Deux véhicules - arrière,1,3,3,0,1,1,2,0,1,110,2,2,1,0,0,1,49.0,38.0,voiture,voiture,1,1,1,8,2
202300028063,2023-03-07 18:00:00,2023,3,7,18,0,28,28386,D939,48.565206,1.262012,Plein jour,Hors agglomération,Hors intersection,Normale,Deux véhicules - frontale,3,2,2,0,1,1,1,0,1,90,2,3,1,0,2,0,52.0,36.0,voiture,utilitaire_camion,1,1,1,1,1
202300028064,2023-05-25 10:33:00,2023,5,25,10,33,92,92040,VICTOR HUGO (ROND-POINT),48.82790573,2.27404207,Plein jour,En agglomération,Intersection en Y,Normale,Autre collision,3,2,4,2,1,1,1,5,4,50,1,1,0,0,0,1,65.0,,utilitaire_camion,,1,2,4,1,6
202300028064,2023-05-25 10:33:00,2023,5,25,10,33,92,92040,VICTOR HUGO (ROND-POINT),48.82790573,2.27404207,Plein jour,En agglomération,Intersection en Y,Normale,Autre collision,3,1,1,0,1,3,1,5,4,50,1,1,0,0,0,1,65.0,,utilitaire_camion,,1,2,4,1,6
202300028064,2023-05-25 10:33:00,2023,5,25,10,33,92,92040,VICTOR HUGO (ROND-POINT),48.82790573,2.27404207,Plein jour,En agglomération,Intersection en Y,Normale,Autre collision,3,-1,2,0,1,1,1,0,1,30,1,1,0,0,0,1,65.0,,utilitaire_camion,,1,2,4,1,6
202300028065,2023-04-16 15:30:00,2023,4,16,15,30,93,93066,Avenue du Président Wilson,48.9047578,2.35824189,Plein jour,En agglomération,Hors intersection,Normale,Deux véhicules - arrière,3,3,4,3,1,1,1,0,1,50,2,7,6,0,0,1,37.0,24.0,voiture,voiture,1,2,1,1,2
202300028066,2023-05-25 09:40:00,2023,5,25,9,40,92,92036,LENINE (AVENUE),48.93297771,2.28481025,Plein jour,En agglomération,Hors intersection,Normale,Autre collision,4,2,2,0,1,1,1,0,1,50,1,2,1,0,0,1,34.0,,voiture,,1,2,1,1,6
202300028067,2023-02-21 19:30:00,2023,2,21,19,30,19,19176,A89,45.412099,2.02053,Nuit sans éclairage public,Hors agglomération,Hors intersection,Normale,Autre collision,1,3,2,0,2,1,1,2,2,130,1,2,0,0,0,2,23.0,,utilitaire_camion,,3,1,1,1,6
202300028068,2023-11-13 15:41:00,2023,11,13,15,41,75,75110,BOULEVARD DE MAGENTA,48.88198545,2.35101905,Plein jour,En agglomération,Intersection en Y,Pluie légère,Autre collision,4,1,1,1,1,1,2,0,5,30,1,2,1,0,0,1,21.0,,deux_roues,,1,2,4,2,6
202300028068,2023-11-13 15:41:00,2023,11,13,15,41,75,75110,BOULEVARD DE MAGENTA,48.88198545,2.35101905,Plein jour,En agglomération,Intersection en Y,Pluie légère,Autre collision,4,1, -1,-1,1,1,2,0,5,30,1,2,1,0,0,1,21.0,,deux_roues,,1,2,4,2,6
202300028069,2023-01-23 18:40:00,2023,1,23,18,40,94,94074,N406,48.7647343,2.4621159,Nuit sans éclairage public,Hors agglomération,Hors intersection,Normale,Trois véhicules et plus - en chaîne,2,3,2,0,1,1,1,0,1,90,4,4,0,0,0,4,33.0,45.0,voiture,voiture,3,1,1,1,4
202300028070,2023-05-24 18:18:00,2023,5,24,18,18,92,92025,AUDRA (AV),48.928049,2.250937,Plein jour,En agglomération,Hors intersection,Normale,Autre collision,4,2,2,0,1,1,1,0,1,30,1,2,1,0,0,1,39.0,,voiture,,1,2,1,1,6
202300028071,2023-02-24 19:20:00,2023,2,24,19,20,72,72031,autoroute A 11 pk 145+400,48.087425,0.503697,Nuit sans éclairage public,Hors agglomération,Hors intersection,Normale,Autre collision,1,3,3,0,1,1,1,0,2,130,1,1,0,1,0,0,90.0,,voiture,,3,1,1,1,6