accident_id,datetime,annee,mois,jour,heure,minute,departement,commune_insee,adresse,latitude,longitude,luminosite,agglomeration,intersection,meteo,collision,catr,circ,nbv,vosp,prof,plan,surf,infra,situ,vma,nb_vehicules,nb_usagers,nb_indemnes,nb_tues,nb_blesses_hosp,nb_blesses_legers,age_cond_1,age_cond_2,veh_type_cond_1,veh_type_cond_2,lum_code,agg_code,int_code,atm_code,col_code
202300028072,2023-04-16 15:15:00,2023,4,16,15,15,93,93064,Rue du 4e Zouave,48.87251603,2.47679215,Plein jour,En agglomération,Hors intersection,Normale,Autre collision,3,2,3,0,1,1,1,0,1,50,2,5,3,0,0,2,34.0,41.0,voiture,voiture,1,2,1,1,6
202300028073,2023-11-13 17:25:00,2023,11,13,17,25,94,94052,Boulevard de Strasbourg,48.842797,2.484977,Nuit avec éclairage allumé,En agglomération,Hors intersection,Pluie légère,Deux véhicules - arrière,3,2,2,0,2,1,2,0,1,30,2,2,1,0,0,1,52.0,,voiture,voiture,5,2,1,2,2
202300028074,2023-05-25 16:30:00,2023,5,25,16,30,92,92024,HUIT MAI 1945 (RUE DU),48.89830608,2.31010348,Plein jour,En agglomération,Hors intersection,Normale,Deux véhicules - côté,3,1,3,1,1,1,1,0,5,50,2,2,1,0,0,1,47.0,34.0,voiture,deux_roues,1,2,1,1,3
202300028075,2023-03-07 10:40:00,2023,3,7,10,40,06,06004,Autoroute A8 - Chaussée Sud,43.602475,7.078092,Plein jour,Hors agglomération,Hors intersection,Normale,Deux véhicules - arrière,1,1,4,0,1,1,1,7,6,50,2,2,1,0,1,0,30.0,33.0,utilitaire_camion,deux_roues,1,1,1,1,2
202300028076,2023-04-16 17:20:00,2023,4,16,17,20,93,93049,Avenue Georges Clémenceau / Rue Félix Faure,48.86513907,2.50559387,Plein jour,En agglomération,Intersection en X,Normale,Deux véhicules - côté,4,2,2,0,1,1,1,0,1,50,2,3,1,0,1,1,25.0,68.0,voiture,deux_roues,1,2,2,1,3
202300028076,2023-04-16 17:20:00,2023,4,16,17,20,93,93049,Avenue Georges Clémenceau / Rue Félix Faure,48.86513907,2.50559387,Plein jour,En agglomération,Intersection en X,Normale,Deux véhicules - côté,4,1,1,0,2,1,1,0,1,50,2,3,1,0,1,1,25.0,68.0,voiture,deux_roues,1,2,2,1,3
202300028077,2023-11-12 18:55:00,2023,11,12,18,55,94,94073,Avenue de Versailles,48.7613,2.40323,Nuit avec éclairage allumé,En agglomération,Autre intersection,Pluie légère,Deux véhicules - côté,3,-1, -1,0,1,1,2,0,1,-1,2,2,1,0,0,1,23.0,33.0,utilitaire_camion,utilitaire_camion,5,2,9,2,3
202300028077,2023-11-12 18:55:00,2023,11,12,18,55,94,94073,Avenue de Versailles,48.7613,2.40323,Nuit avec éclairage allumé,En agglomération,Autre intersection,Pluie légère,Deux véhicules - côté,3,-1,4,0,1,1,2,0,1,50,2,2,1,0,0,1,23.0,33.0,utilitaire_camion,utilitaire_camion,5,2,9,2,3
202300028078,2023-05-25 13:30:00,2023,5,25,13,30,92,92024,MARTRE DE (4 A 54),48.900933,2.308013,Plein jour,En agglomération,Intersection en X,Normale,Deux véhicules - côté,3,2,3,0,1,1,1,0,1,50,2,3,2,0,0,1,26.0,45.0,utilitaire_camion,deux_roues,1,2,2,1,3
202300028078,2023-05-25 13:30:00,2023,5,25,13,30,92,92024,MARTRE DE (4 A 54),48.900933,2.308013,Plein jour,En agglomération,Intersection en X,Normale,Deux véhicules - côté,3,1,3,1,1,1,1,0,1,50,2,3,2,0,0,1,26.0,45.0,utilitaire_camion,deux_roues,1,2,2,1,3
202300028079,2023-03-01 08:40:00,2023,3,1,8,40,06,06088,"A8, PK 193+300, CHAUSSÉE NORD",43.720591,7.215893,Plein jour,Hors agglomération,Hors intersection,Normale,Trois véhicules et plus - en chaîne,1,2,5,0,2,2,1,1,1,90,3,3,2,0,0,1,54.0,22.0,voiture,voiture,1,1,1,1,4
202300028080,2023-11-13 12:10:00,2023,11,13,12,10,94,94069,Avenue Saint Maurice du Valais,48.81498,2.46293,Plein jour,En agglomération,Hors intersection,Pluie légère,Deux véhicules - arrière,3,2,3,0,2,1,2,0,1,50,2,2,1,0,0,1,28.0,49.0,voiture,deux_roues,1,2,1,2,2
202300028081,2023-04-16 01:00:00,2023,4,16,1,0,93,93032,Rue Hippolyte Pina,48.87113346,2.54366755,Nuit avec éclairage allumé,En agglomération,Hors intersection,Normale,Sans collision,3,3,2,0,1,1,1,0,1,50,1,4,3,0,0,1,19.0,,voiture,,5,2,1,1,7
202300028082,2023-05-25 09:00:00,2023,5,25,9,0,92,92024,JEAN JAURES (BD) DE 47 A 109)   (56 A 14,48.90079744,2.30552897,Plein jour,En agglomération,Autre intersection,Normale,Sans collision,3,1,3,1,1,1,1,0,5,50,2,2,1,0,0,1,,26.0,utilitaire_camion,deux_roues,1,2,9,1,7
202300028083,2023-03-07 23:10:00,2023,3,7,23,10,51,51480,A4,49.147215,3.646291,Nuit sans éclairage public,Hors agglomération,Hors intersection,Pluie légère,Deux véhicules - arrière,1,1,2,0,3,1,2,0,1,130,2,3,1,0,2,0,49.0,43.0,voiture,voiture,3,1,1,2,2
202300028084,2023-04-16 04:15:00,2023,4,16,4,15,92,92073,SELLIER (BOULEVARD HENRI),48.86447654,2.21887533,Nuit avec éclairage allumé,En agglomération,Hors intersection,Normale,Deux véhicules - côté,3,3,2,0,2,1,2,0,1,50,2,2,1,0,0,1,40.0,45.0,deux_roues,voiture,5,2,1,1,3
202300028085,2023-05-25 18:35:00,2023,5,25,18,35,92,92004,VOLTAIRE ( BD ),48.91796,2.28434,Plein jour,En agglomération,Hors intersection,Normale,Deux véhicules - arrière,3,-1,1,0,1,1,1,0,1,50,2,2,1,0,0,1,57.0,41.0,deux_roues,voiture,1,2,1,1,2
202300028086,2023-11-13 20:45:00,2023,11,13,20,45,93,93071,Avenue John Fitzgerald Kennedy,48.93893767,2.51300723,Nuit avec éclairage allumé,En agglomération,Hors intersection,Normale,Deux véhicules - côté,3,2,3,0,1,1,1,0,1,50,2,2,1,0,0,1,40.0,40.0,voiture,transport_commun,5,2,1,1,3
202300028087,2023-05-25 20:45:00,2023,5,25,20,45,80,80095,D114,50.093681,2.560772,Plein jour,Hors agglomération,Hors intersection,Normale,Sans collision,3,2,2,0,1,1,1,0,1,80,1,2,0,0,1,1,40.0,,utilitaire_camion,,1,1,1,1,7
202300028088,2023-04-16 11:00:00,2023,4,16,11,0,92,92064,MARCEL DASSAULT,48.85731088,2.22348154,Plein jour,En agglomération,Hors intersection,Normale,Autre collision,3,1,3,0,1,1,1,0,1,50,1,2,1,0,0,1,25.0,,voiture,,1,2,1,1,6
202300028089,2023-11-13 18:45:00,2023,11,13,18,45,93,93010,Avenue Galliéni,48.906166,2.481345,Nuit avec éclairage allumé,En agglomération,Hors intersection,Pluie légère,Deux véhicules - arrière,3,1,2,0,1,1,2,0,1,50,2,2,0,0,0,2,46.0,31.0,utilitaire_camion,utilitaire_camion,5,2,1,2,2
202300028090,2023-03-08 13:30:00,2023,3,8,13,30,988,98827,Chemin privé/RT1,-21.32357,165.12482,Plein jour,Hors agglomération,Intersection en T,Normale,Deux véhicules - côté,2,2,2,0,1,1,1,0,1,70,2,2,1,1,0,0,37.0,34.0,utilitaire_camion,deux_roues,1,1,3,1,3
202300028090,2023-03-08 13:30:00,2023,3,8,13,30,988,98827,Chemin privé/RT1,-21.32357,165.12482,Plein jour,Hors agglomération,Intersection en T,Normale,Deux véhicules - côté,2,2,2,-1,-1,1,1,0,1,-1,2,2,1,1,0,0,37.0,34.0,utilitaire_camion,deux_roues,1,1,3,1,3
202300028091,2023-05-26 07:21:00,2023,5,26,7,21,51,51647,D982,48.738921,4.617549,Plein jour,Hors agglomération,Intersection en T,Normale,Deux véhicules - côté,3,2,2,0,1,1,1,0,1,80,2,2,1,0,1,0,26.0,34.0,utilitaire_camion,deux_roues,1,1,3,1,3
202300028091,2023-05-26 07:21:00,2023,5,26,7,21,51,51647,D982,48.738921,4.617549,Plein jour,Hors agglomération,Intersection en T,Normale,Deux véhicules - côté,3,2, -1,-1,1,1,1,0,1,-1,2,2,1,0,1,0,26.0,34.0,utilitaire_camion,deux_roues,1,1,3,1,3
202300028092,2023-11-13 01:23:00,2023,11,13,1,23,93,93057,Avenue Aristide Briand / Allée des Archers,48.909766,2.507322,Nuit avec éclairage allumé,En agglomération,Intersection en X,Pluie légère,Deux véhicules - côté,3,1,1,0,1,1,2,5,8,50,2,2,1,0,0,1,34.0,25.0,voiture,voiture,5,2,2,2,3
202300028092,2023-11-13 01:23:00,2023,11,13,1,23,93,93057,Avenue Aristide Briand / Allée des Archers,48.909766,2.507322,Nuit avec éclairage allumé,En agglomération,Intersection en X,Pluie légère,Deux véhicules - côté,3,3,3,3,1,1,2,5,1,50,2,2,1,0,0,1,34.0,25.0,voiture,voiture,5,2,2,2,3
202300028093,2023-05-26 13:00:00,2023,5,26,13,0,973,97362,Rue du Gran Man Awinsai,3.806984,-54.149267,Plein jour,En agglomération,Hors intersection,Normale,Autre collision,4,2,2,0,1,1,1,0,1,50,1,2,0,0,0,2,15.0,,deux_roues,,1,2,1,1,6
202300028094,2023-03-07 12:00:00,2023,3,7,12,0,988,98826,Lieu dit Barabach - RPN1,-20.29412,164.166437,Plein jour,Hors agglomération,Hors intersection,Normale,Sans collision,3,2,2,0,1,3,1,0,3,90,1,6,1,0,4,1,27.0,,utilitaire_camion,,1,1,1,1,7
202300028095,2023-04-16 18:40:00,2023,4,16,18,40,974,97415,N1,-20.971122,55.298814,Nuit sans éclairage public,Hors agglomération,Hors intersection,Normale,Trois véhicules et plus - en chaîne,2,3,4,0,1,1,1,0,1,110,3,5,4,0,1,0,24.0,50.0,voiture,voiture,3,1,1,1,4
202300028096,2023-05-24 12:25:00,2023,5,24,12,25,49,49092,D160,47.22762,-0.723435,Plein jour,Hors agglomération,Hors intersection,Normale,Deux véhicules - arrière,3,2,2,0,1,4,1,0,1,80,2,3,2,0,0,1,27.0,54.0,voiture,voiture,1,1,1,1,2
202300028097,2023-11-13 20:35:00,2023,11,13,20,35,93,93005,Rue de la Division Leclerc / Rue Turgot,48.927733,2.483297,Nuit avec éclairage allumé,En agglomération,Intersection à plus de 4 branches,Temps couvert,Deux véhicules - côté,4,2,2,0,1,1,2,0,1,50,2,2,1,0,0,1,39.0,28.0,deux_roues,voiture,5,2,5,8,3
202300028097,2023-11-13 20:35:00,2023,11,13,20,35,93,93005,Rue de la Division Leclerc / Rue Turgot,48.927733,2.483297,Nuit avec éclairage allumé,En agglomération,Intersection à plus de 4 branches,Temps couvert,Deux véhicules - côté,4,1,1,0,1,1,2,0,1,50,2,2,1,0,0,1,39.0,28.0,deux_roues,voiture,5,2,5,8,3
202300028098,2023-11-13 08:40:00,2023,11,13,8,40,93,93001,Rue Charron,48.914599,2.385009,Plein jour,En agglomération,Hors intersection,Pluie légère,Autre collision,4,1,2,0,1,1,2,9,1,30,1,2,1,0,1,0,20.0,,autre,,1,2,1,2,6
202300028099,2023-05-26 11:00:00,2023,5,26,11,0,44,44041,,47.09401,-1.556472,Plein jour,Hors agglomération,Hors intersection,Normale,Deux véhicules - frontale,3,2,2,0,1,1,1,0,1,80,2,3,2,1,0,0,20.0,23.0,voiture,utilitaire_camion,1,1,1,1,1
202300028100,2023-03-06 17:30:00,2023,3,6,17,30,66,66164,,42.778967,2.903261,Plein jour,Hors agglomération,Hors intersection,Normale,Deux véhicules - arrière,3,3,4,0,1,1,1,0,1,90,2,2,1,0,1,0,46.0,41.0,deux_roues,utilitaire_camion,1,1,1,1,2
202300028101,2023-11-13 09:15:00,2023,11,13,9,15,92,92078,BONGARDE (RUE),48.92665923,2.32069659,Plein jour,En agglomération,Hors intersection,Pluie légère,Deux véhicules - côté,4,3,2,0,1,1,2,0,1,50,2,2,1,0,0,1,22.0,50.0,voiture,utilitaire_camion,1,2,1,2,3
202300028102,2023-05-25 19:30:00,2023,5,25,19,30,28,28061,D955,48.216752,1.139188,Plein jour,Hors agglomération,Hors intersection,Normale,Deux véhicules - frontale,3,2,2,0,1,1,1,0,1,90,2,2,0,0,1,1,68.0,29.0,voiture,utilitaire_camion,1,1,1,1,1
202300028103,2023-03-06 10:20:00,2023,3,6,10,20,83,83066,Route de Vinon,43.684803,5.840017,Plein jour,Hors agglomération,Hors intersection,Normale,Deux véhicules - arrière,3,2,2,0,2,1,1,0,1,80,2,3,2,0,1,0,39.0,26.0,voiture,utilitaire_camion,1,1,1,1,2
202300028104,2023-11-13 19:56:00,2023,11,13,19,56,92,92072,GRANDE RUE,48.8269927,2.22160488,Nuit avec éclairage allumé,En agglomération,Hors intersection,Pluie légère,Sans collision,3,2,4,0,1,1,2,0,1,50,2,2,1,0,0,1,44.0,36.0,deux_roues,voiture,5,2,1,2,7
202300028105,2023-11-13 07:35:00,2023,11,13,7,35,92,92050,FONTANOT PLACE DES TROIS,48.8961285,2.22055078,Crépuscule ou aube,En agglomération,Intersection en T,Pluie légère,Autre collision,4,2,2,0,1,1,2,0,1,50,1,2,1,0,0,1,55.0,,voiture,,2,2,3,2,6
202300028106,2023-05-24 11:10:00,2023,5,24,11,10,63,63399,Lieu Dit Chez Lanna,45.643611,2.614438,Plein jour,Hors agglomération,Hors intersection,Normale,Autre collision,4,2,2,0,1,1,1,0,1,80,1,1,0,0,1,0,56.0,,deux_roues,,1,1,1,1,6
202300028107,2023-02-14 09:21:00,2023,2,14,9,21,73,73050,D1504 - Route du tunnel,45.68731,5.844651,Plein jour,Hors agglomération,Hors intersection,Normale,Deux véhicules - frontale,3,2,2,0,1,1,1,1,1,50,2,2,1,0,1,0,90.0,68.0,voiture,utilitaire_camion,1,1,1,1,1
202300028108,2023-11-13 20:20:00,2023,11,13,20,20,92,92040,VAUDETARD,48.82602722,2.27781951,Nuit avec éclairage allumé,En agglomération,Intersection en X,Pluie légère,Autre collision,3,2,2,0,1,1,2,0,1,50,1,2,0,0,0,2,91.0,,voiture,,5,2,2,2,6
202300028108,2023-11-13 20:20:00,2023,11,13,20,20,92,92040,VAUDETARD,48.82602722,2.27781951,Nuit avec éclairage allumé,En agglomération,Intersection en X,Pluie légère,Autre collision,3,1,1,0,1,1,2,0,1,30,1,2,0,0,0,2,91.0,,voiture,,5,2,2,2,6
202300028109,2023-05-24 18:55:00,2023,5,24,18,55,59,59653,M145b,50.582678,2.908679,Plein jour,Hors agglomération,Intersection en T,Normale,Deux véhicules - frontale,7,2,2,0,1,2,1,0,1,80,2,2,1,0,1,0,30.0,20.0,voiture,deux_roues,1,1,3,1,1
202300028109,2023-05-24 18:55:00,2023,5,24,18,55,59,59653,M145b,50.582678,2.908679,Plein jour,Hors agglomération,Intersection en T,Normale,Deux véhicules - frontale,7,2, -1,0,1,1,1,0,1,-1,2,2,1,0,1,0,30.0,20.0,voiture,deux_roues,1,1,3,1,1
202300028110,2023-11-13 08:00:00,2023,11,13,8,0,92,92040,VICTOR HUGO,48.82641334,2.2755821,Crépuscule ou aube,En agglomération,Hors intersection,Pluie légère,Sans collision,4,-1,0,0,1,1,2,0,1,30,1,1,0,0,0,1,29.0,,deux_roues,,2,2,1,2,7
202300028111,2023-05-21 19:45:00,2023,5,21,19,45,974,97413,283 Route Hubert Delisle,-21.177156,55.328043,Nuit sans éclairage public,Hors agglomération,Hors intersection,Normale,Sans collision,3,2,2,0,1,4,1,0,1,70,1,1,0,0,1,0,63.0,,deux_roues,,3,1,1,1,7
202300028112,2023-03-03 07:30:00,2023,3,3,7,30,72,72154,Avenue Rhin-et-Danube,47.70169,-0.082795,Crépuscule ou aube,En agglomération,Hors intersection,Normale,Deux véhicules - côté,3,2,1,1,1,1,1,0,5,50,2,2,1,0,1,0,30.0,41.0,voiture,deux_roues,2,2,1,1,3
202300028113,2023-11-13 11:05:00,2023,11,13,11,5,92,92036,JEAN GRANDEL (PLACE),48.93290577,2.2963893,Plein jour,En agglomération,Hors intersection,Pluie légère,Autre collision,4,1,1,0,1,3,2,0,1,50,1,2,1,0,0,1,,,utilitaire_camion,,1,2,1,2,6
202300028114,2023-03-06 13:45:00,2023,3,6,13,45,27,27287,D830,48.973576,0.995185,Plein jour,Hors agglomération,Hors intersection,Normale,Sans collision,3,2,2,0,2,1,1,0,3,80,1,1,0,1,0,0,64.0,,voiture,,1,1,1,1,7
202300028115,2023-05-24 14:15:00,2023,5,24,14,15,34,34123,N109,43.605964,3.811316,Plein jour,Hors agglomération,Hors intersection,Normale,Deux véhicules - arrière,2,3,4,0,1,1,1,0,2,90,2,2,1,0,1,0,33.0,35.0,utilitaire_camion,utilitaire_camion,1,1,1,1,2
202300028116,2023-11-13 15:40:00,2023,11,13,15,40,92,92012,CHATEAU (RUE DU) 1/125 - 2/136,48.84211843,2.23946071,Plein jour,En agglomération,Hors intersection,Pluie légère,Deux véhicules - frontale,3,-1,2,0,1,1,2,0,1,30,2,2,1,0,0,1,16.0,53.0,deux_roues,utilitaire_camion,1,2,1,2,1
202300028117,2023-05-16 20:00:00,2023,5,16,20,0,62,62234,D340,50.302296,2.188806,Plein jour,Hors agglomération,Hors intersection,Normale,Autre collision,3,2,2,0,1,1,1,0,3,80,1,2,0,0,2,0,83.0,,voiture,,1,1,1,1,6
202300028118,2023-05-25 23:55:00,2023,5,25,23,55,62,62068,D919,50.16857667,2.72682558,Nuit sans éclairage public,Hors agglomération,Hors intersection,Normale,Sans collision,3,2,2,0,1,3,1,0,3,80,1,1,0,0,0,1,38.0,,voiture,,3,1,1,1,7
202300028119,2023-03-07 18:07:00,2023,3,7,18,7,13,13202,A55-Sens Martigues vers Marseille,43.312345,5.366788,Plein jour,Hors agglomération,Hors intersection,Pluie légère,Deux véhicules - côté,1,1,2,0,1,1,2,0,1,70,2,2,1,0,0,1,33.0,24.0,voiture,deux_roues,1,1,1,2,3
202300028120,2023-11-12 21:45:00,2023,11,12,21,45,92,92002,RAYMON ARON (AVENUE),48.76836045,2.31094551,Nuit avec éclairage allumé,En agglomération,Hors intersection,Pluie légère,Deux véhicules - arrière,3,1,3,0,1,1,2,0,1,50,2,3,2,0,0,1,24.0,24.0,voiture,deux_roues,5,2,1,2,2
202300028121,2023-05-24 18:20:00,2023,5,24,18,20,56,56126,Pont de Kerroc,47.527808,-2.320325,Plein jour,Hors agglomération,Hors intersection,Normale,Deux véhicules - côté,3,2,2,0,1,1,1,0,1,80,2,2,0,0,1,1,66.0,53.0,deux_roues,deux_roues,1,1,1,1,3
202300028122,2023-11-13 20:20:00,2023,11,13,20,20,62,62447,D928,50.37767699,2.03476411,Nuit avec éclairage allumé,En agglomération,Intersection en T,Pluie forte,Autre collision,3,2,2,0,1,1,2,0,1,50,1,2,1,0,1,0,52.0,,voiture,,5,2,3,3,6
202300028122,2023-11-13 20:20:00,2023,11,13,20,20,62,62447,D928,50.37767699,2.03476411,Nuit avec éclairage allumé,En agglomération,Intersection en T,Pluie forte,Autre collision,3,2,2,0,1,1,2,0,1,50,1,2,1,0,1,0,52.0,,voiture,,5,2,3,3,6
202300028123,2023-03-06 20:25:00,2023,3,6,20,25,69,69259,Boulevard Périphérique Laurent Bonnevay,45.72279,4.88906,Nuit avec éclairage allumé,Hors agglomération,Hors intersection,Normale,Trois véhicules et plus - collisions multiples,7,3,8,0,1,1,1,0,1,70,4,5,1,0,0,4,21.0,25.0,voiture,voiture,5,1,1,1,5
202300028124,2023-05-25 17:00:00,2023,5,25,17,0,56,56164,Belma,47.66082188,-2.84075796,Plein jour,Hors agglomération,Intersection en T,Normale,Deux véhicules - côté,4,2,2,0,1,1,1,0,1,70,2,2,1,0,0,1,44.0,15.0,voiture,voiture,1,1,3,1,3
202300028124,2023-05-25 17:00:00,2023,5,25,17,0,56,56164,Belma,47.66082188,-2.84075796,Plein jour,Hors agglomération,Intersection en T,Normale,Deux véhicules - côté,4,2,2,-1,1,1,1,0,1,-1,2,2,1,0,0,1,44.0,15.0,voiture,voiture,1,1,3,1,3
202300028125,2023-11-13 07:30:00,2023,11,13,7,30,84,84037,pk 4 D17,44.043744,4.848088,Crépuscule ou aube,Hors agglomération,Hors intersection,Normale,Deux véhicules - frontale,3,2,2,0,1,1,1,0,1,80,2,2,1,0,1,0,59.0,46.0,voiture,deux_roues,2,1,1,1,1
202300028126,2023-05-26 16:30:00,2023,5,26,16,30,65,65031, Route de Lannemezan,42.921502,0.363836,Plein jour,Hors agglomération,Hors intersection,Normale,Deux véhicules - frontale,3,2,3,2,1,3,1,0,1,90,2,3,2,0,1,0,58.0,60.0,voiture,deux_roues,1,1,1,1,1
202300028127,2023-03-05 05:00:00,2023,3,5,5,0,59,59530,AUTOROUTE A2,50.43839722,3.6663426,Nuit sans éclairage public,Hors agglomération,Hors intersection,Pluie légère,Trois véhicules et plus - collisions multiples,1,-1,4,0,1,1,2,0,1,130,3,3,2,0,1,0,30.0,23.0,voiture,voiture,3,1,1,2,5
202300028128,2023-11-13 17:35:00,2023,11,13,17,35,01,01075,Chemin de Briandas,46.020456,4.789967,Nuit sans éclairage public,Hors agglomération,Hors intersection,Pluie légère,Deux véhicules - frontale,4,2,2,0,2,2,2,0,1,80,2,2,1,0,1,0,62.0,18.0,voiture,deux_roues,3,1,1,2,1
202300028129,2023-03-07 09:35:00,2023,3,7,9,35,94,94003,A6A,48.8128373,2.3365056,Plein jour,Hors agglomération,Hors intersection,Normale,Deux véhicules - arrière,1,3,6,0,1,1,1,0,1,70,2,2,1,0,0,1,46.0,65.0,deux_roues,utilitaire_camion,1,1,1,1,2
202300028130,2023-11-13 12:13:00,2023,11,13,12,13,37,37008,autoroute A85,47.29691819,0.93188524,Plein jour,Hors agglomération,Hors intersection,Pluie légère,Autre collision,1,3,2,0,1,1,2,0,3,130,1,1,0,0,0,1,49.0,,utilitaire_camion,,1,1,1,2,6
202300028131,2023-05-26 08:06:00,2023,5,26,8,6,71,71484,D178,46.680857,5.240146,Plein jour,Hors agglomération,Intersection en X,Normale,Deux véhicules - côté,3,2,2,0,1,1,1,0,1,80,2,2,1,0,1,0,24.0,26.0,deux_roues,voiture,1,1,2,1,3
202300028131,2023-05-26 08:06:00,2023,5,26,8,6,71,71484,D178,46.680857,5.240146,Plein jour,Hors agglomération,Intersection en X,Normale,Deux véhicules - côté,3,2,2,0,1,1,1,0,1,80,2,2,1,0,1,0,24.0,26.0,deux_roues,voiture,1,1,2,1,3
202300028132,2023-11-13 00:00:00,2023,11,13,0,0,62,62784,D23E1,50.21392371,2.54286861,Nuit sans éclairage public,Hors agglomération,Hors intersection,Pluie légère,Autre collision,3,2,2,0,3,1,2,0,3,80,1,1,0,0,0,1,64.0,,voiture,,3,1,1,2,6
202300028133,2023-03-07 01:50:00,2023,3,7,1,50,92,92050,A86,48.91244561,2.21780957,Nuit avec éclairage non allumé,Hors agglomération,Hors intersection,Normale,Deux véhicules - arrière,1,1,3,0,2,1,1,0,1,90,2,2,1,0,1,0,25.0,52.0,voiture,utilitaire_camion,4,1,1,1,2
202300028134,2023-05-26 13:00:00,2023,5,26,13,0,71,71392,Carrefour D981/Place salle des fetes,46.655282,4.683917,Plein jour,En agglomération,Intersection en T,Temps éblouissant,Deux véhicules - arrière,3,2,2,0,1,1,1,0,1,50,2,2,1,0,1,0,60.0,59.0,voiture,deux_roues,1,2,3,7,2
202300028134,2023-05-26 13:00:00,2023,5,26,13,0,71,71392,Carrefour D981/Place salle des fetes,46.655282,4.683917,Plein jour,En agglomération,Intersection en T,Temps éblouissant,Deux véhicules - arrière,3,2,2,0,1,1,1,0,8,50,2,2,1,0,1,0,60.0,59.0,voiture,deux_roues,1,2,3,7,2
202300028135,2023-11-14 15:29:00,2023,11,14,15,29,34,34077,Avenue du Martinet,43.649321,3.884064,Plein jour,Hors agglomération,Hors intersection,Normale,Deux véhicules - frontale,3,2,2,2,1,3,1,0,1,70,2,2,0,0,2,0,29.0,58.0,voiture,voiture,1,1,1,1,1
202300028136,2023-05-23 15:00:00,2023,5,23,15,0,71,71543,D215,46.570176,4.885955,Plein jour,En agglomération,Hors intersection,Normale,Deux véhicules - côté,3,2,2,0,1,1,1,0,1,70,2,2,1,0,0,1,,60.0,voiture,voiture,1,2,1,1,3
202300028137,2023-03-06 07:10:00,2023,3,6,7,10,78,78490,RN12 INT,48.800647,1.954138,Crépuscule ou aube,Hors agglomération,Hors intersection,Normale,Trois véhicules et plus - en chaîne,2,1,2,0,1,1,1,0,1,110,3,4,0,0,0,4,48.0,37.0,utilitaire_camion,voiture,2,1,1,1,4
202300028138,2023-03-06 08:05:00,2023,3,6,8,5,92,92063,A86 DUPLEX,48.87145721,2.15725696,Plein jour,Hors agglomération,Hors intersection,Normale,Sans collision,1,1,3,0,1,1,1,0,1,70,1,1,0,0,0,1,58.0,,deux_roues,,1,1,1,1,7
202300028139,2023-05-26 18:30:00,2023,5,26,18,30,89,89232,,47.545344,3.906927,Plein jour,Hors agglomération,Hors intersection,Normale,Deux véhicules - arrière,3,2,2,0,4,2,1,0,1,80,2,2,1,1,0,0,35.0,31.0,utilitaire_camion,deux_roues,1,1,1,1,2
202300028140,2023-11-13 12:15:00,2023,11,13,12,15,51,51211,D3,49.071736,4.820836,Plein jour,Hors agglomération,Intersection en T,Pluie légère,Trois véhicules et plus - en chaîne,3,2,2,0,1,1,2,0,1,90,3,3,2,0,0,1,48.0,24.0,voiture,voiture,1,1,3,2,4
202300028140,2023-11-13 12:15:00,2023,11,13,12,15,51,51211,D3,49.071736,4.820836,Plein jour,Hors agglomération,Intersection en T,Pluie légère,Trois véhicules et plus - en chaîne,3,2,2,0,2,1,2,0,1,80,3,3,2,0,0,1,48.0,24.0,voiture,voiture,1,1,3,2,4
202300028141,2023-03-07 17:00:00,2023,3,7,17,0,94,94069,A4,48.81745795,2.41989569,Plein jour,Hors agglomération,Hors intersection,Normale,Deux véhicules - arrière,1,1,1,0,1,1,1,0,1,70,2,2,1,0,0,1,44.0,43.0,deux_roues,voiture,1,1,1,1,2
202300028142,2023-03-03 15:30:00,2023,3,3,15,30,75,75115,RUE OLIVIER DE SERRES,48.834482,2.295678,Plein jour,En agglomération,Intersection en X,Normale,Autre collision,4,1,1,0,1,1,1,0,1,30,1,2,1,1,0,0,31.0,,utilitaire_camion,,1,2,2,1,6
202300028142,2023-03-03 15:30:00,2023,3,3,15,30,75,75115,RUE OLIVIER DE SERRES,48.834482,2.295678,Plein jour,En agglomération,Intersection en X,Normale,Autre collision,4,1,2,2,1,1,1,0,1,30,1,2,1,1,0,0,31.0,,utilitaire_camion,,1,2,2,1,6
202300028143,2023-05-26 11:15:00,2023,5,26,11,15,12,12133,6 Route de la Fontal,44.31474,2.554552,Plein jour,En agglomération,Hors intersection,Normale,Autre collision,4,2,2,0,4,1,1,0,4,50,2,2,1,0,0,1,56.0,31.0,utilitaire_camion,deux_roues,1,2,1,1,6
202300028144,2023-11-14 07:20:00,2023,11,14,7,20,59,59159,D300,50.968118,2.228995,Nuit sans éclairage public,Hors agglomération,Hors intersection,Temps couvert,Trois véhicules et plus - collisions multiples,3,2,2,0,1,1,2,5,1,80,3,7,4,0,1,2,45.0,25.0,voiture,voiture,3,1,1,8,5
202300028145,2023-03-05 19:10:00,2023,3,5,19,10,75,75105,BOULEVARD SAINT MICHEL,48.848322,2.34153,Nuit avec éclairage allumé,En agglomération,Intersection en T,Normale,Sans collision,4,2,2,0,2,1,1,0,1,30,1,1,0,0,0,1,55.0,,deux_roues,,5,2,3,1,7