accident_id,datetime,annee,mois,jour,heure,minute,departement,commune_insee,adresse,latitude,longitude,luminosite,agglomeration,intersection,meteo,collision,catr,circ,nbv,vosp,prof,plan,surf,infra,situ,vma,nb_vehicules,nb_usagers,nb_indemnes,nb_tues,nb_blesses_hosp,nb_blesses_legers,age_cond_1,age_cond_2,veh_type_cond_1,veh_type_cond_2,lum_code,agg_code,int_code,atm_code,col_code
202300028145,2023-03-05 19:10:00,2023,3,5,19,10,75,75105,BOULEVARD SAINT MICHEL,48.848322,2.34153,Nuit avec éclairage allumé,En agglomération,Intersection en T,Normale,Sans collision,4,1, -1,-1,1,1,1,0,1,-1,1,1,0,0,0,1,55.0,,deux_roues,,5,2,3,1,7
202300028146,2023-05-24 11:30:00,2023,5,24,11,30,42,42230,50 Rue Pasteur,45.83079011,4.01489232,Plein jour,En agglomération,Autre intersection,Normale,Autre collision,4,2,2,0,1,1,1,0,3,50,1,2,1,0,1,0,21.0,,voiture,,1,2,9,1,6
202300028146,2023-05-24 11:30:00,2023,5,24,11,30,42,42230,50 Rue Pasteur,45.83079011,4.01489232,Plein jour,En agglomération,Autre intersection,Normale,Autre collision,4,2,2,-1,1,1,-1,0,-1,-1,1,2,1,0,1,0,21.0,,voiture,,1,2,9,1,6
202300028147,2023-11-14 11:50:00,2023,11,14,11,50,79,79322,,46.612238,-0.289335,Plein jour,Hors agglomération,Hors intersection,Pluie légère,Sans collision,3,2,2,0,1,1,2,0,3,80,1,1,0,1,0,0,56.0,,utilitaire_camion,,1,1,1,2,7
202300028148,2023-03-06 09:30:00,2023,3,6,9,30,75,75120,RUE DURIS,48.865742,2.387548,Plein jour,En agglomération,Intersection en X,Normale,Sans collision,4,1,1,1,1,1,1,0,1,30,1,1,0,0,0,1,46.0,,deux_roues,,1,2,2,1,7
202300028148,2023-03-06 09:30:00,2023,3,6,9,30,75,75120,RUE DURIS,48.865742,2.387548,Plein jour,En agglomération,Intersection en X,Normale,Sans collision,4,1,1,1,1,1,1,0,1,30,1,1,0,0,0,1,46.0,,deux_roues,,1,2,2,1,7
202300028149,2023-05-25 06:35:00,2023,5,25,6,35,42,42289,Route de Régny,45.950669,4.206675,Plein jour,En agglomération,Intersection en X,Temps éblouissant,Deux véhicules - côté,3,2,2,0,1,1,1,0,1,50,2,2,1,0,0,1,26.0,17.0,voiture,deux_roues,1,2,2,7,3
202300028149,2023-05-25 06:35:00,2023,5,25,6,35,42,42289,Route de Régny,45.950669,4.206675,Plein jour,En agglomération,Intersection en X,Temps éblouissant,Deux véhicules - côté,3,1,1,0,1,1,1,0,1,-1,2,2,1,0,0,1,26.0,17.0,voiture,deux_roues,1,2,2,7,3
202300028150,2023-11-14 07:30:00,2023,11,14,7,30,82,82189,14 Rue de Moissac,44.189109,1.281667,Crépuscule ou aube,En agglomération,Hors intersection,Brouillard / fumée,Autre collision,3,2,2,0,1,2,1,0,3,50,1,1,0,0,1,0,57.0,,voiture,,2,2,1,5,6
202300028151,2023-03-06 10:08:00,2023,3,6,10,8,75,75119,BOULEVARD DE LA VILLETTE,48.879798,2.370502,Plein jour,En agglomération,Hors intersection,Normale,Deux véhicules - côté,4,3,2,1,1,1,1,-1,5,30,2,2,1,0,0,1,76.0,38.0,voiture,deux_roues,1,2,1,1,3
202300028152,2023-05-23 17:30:00,2023,5,23,17,30,46,46185,Lieu Dit le Treil,44.934505,1.596794,Plein jour,Hors agglomération,Hors intersection,Normale,Deux véhicules - arrière,3,2,2,0,1,1,1,0,3,80,2,2,1,0,0,1,47.0,35.0,voiture,voiture,1,1,1,1,2
202300028153,2023-03-06 08:55:00,2023,3,6,8,55,75,75119,RUE D AUBERVILLIERS,48.895278,2.371979,Plein jour,En agglomération,Intersection en X,Normale,Deux véhicules - côté,4,2,2,0,1,1,1,0,1,30,2,2,1,0,0,1,40.0,57.0,deux_roues,voiture,1,2,2,1,3
202300028153,2023-03-06 08:55:00,2023,3,6,8,55,75,75119,RUE D AUBERVILLIERS,48.895278,2.371979,Plein jour,En agglomération,Intersection en X,Normale,Deux véhicules - côté,4,2,2,0,1,1,1,0,1,30,2,2,1,0,0,1,40.0,57.0,deux_roues,voiture,1,2,2,1,3
202300028154,2023-05-25 09:20:00,2023,5,25,9,20,34,34219,D908,43.528638,2.83428,Plein jour,En agglomération,Hors intersection,Normale,Autre collision,3,2,2,0,1,3,1,0,1,50,1,2,1,0,0,1,84.0,,voiture,,1,2,1,1,6
202300028155,2023-11-13 17:50:00,2023,11,13,17,50,11,11220,D57,43.214294,2.536726,Nuit sans éclairage public,Hors agglomération,Hors intersection,Normale,Autre collision,3,2,2,0,1,1,1,0,3,80,1,1,0,0,1,0,36.0,,voiture,,3,1,1,1,6
202300028156,2023-03-06 19:20:00,2023,3,6,19,20,75,75115,RUE LECOURBE,48.843762,2.306555,Nuit avec éclairage allumé,En agglomération,Intersection en T,Normale,Deux véhicules - arrière,4,1, -1,-1,1,1,1,0,1,-1,2,2,1,0,0,1,67.0,71.0,voiture,deux_roues,5,2,3,1,2
202300028156,2023-03-06 19:20:00,2023,3,6,19,20,75,75115,RUE LECOURBE,48.843762,2.306555,Nuit avec éclairage allumé,En agglomération,Intersection en T,Normale,Deux véhicules - arrière,4,1,1,0,1,1,1,0,1,30,2,2,1,0,0,1,67.0,71.0,voiture,deux_roues,5,2,3,1,2
202300028157,2023-05-22 18:00:00,2023,5,22,18,0,22,22085,ar poul,48.82591685,-3.18543077,Plein jour,Hors agglomération,Hors intersection,Normale,Autre collision,3,2,1,0,1,1,1,0,1,80,2,2,1,0,1,0,60.0,59.0,deux_roues,voiture,1,1,1,1,6
202300028158,2023-11-14 08:00:00,2023,11,14,8,0,89,89382,Route de Brienon,47.9109,3.6017,Crépuscule ou aube,En agglomération,Hors intersection,Pluie légère,Sans collision,3,2,2,0,1,1,2,0,3,50,1,1,0,0,1,0,17.0,,deux_roues,,2,2,1,2,7
202300028159,2023-03-05 12:30:00,2023,3,5,12,30,75,75115,RUE DE VAUGIRARD,48.840895,2.305895,Plein jour,En agglomération,Intersection en T,Normale,Deux véhicules - arrière,4,1, -1,-1,1,1,1,-1,5,-1,2,2,1,0,0,1,52.0,29.0,voiture,deux_roues,1,2,3,1,2
202300028159,2023-03-05 12:30:00,2023,3,5,12,30,75,75115,RUE DE VAUGIRARD,48.840895,2.305895,Plein jour,En agglomération,Intersection en T,Normale,Deux véhicules - arrière,4,1,2,2,1,1,1,-1,5,30,2,2,1,0,0,1,52.0,29.0,voiture,deux_roues,1,2,3,1,2
202300028160,2023-05-20 16:35:00,2023,5,20,16,35,22,22221,D74,48.786311,-3.283603,Plein jour,Hors agglomération,Hors intersection,Normale,Deux véhicules - côté,3,2,2,0,1,2,1,0,1,80,2,4,3,0,1,0,28.0,59.0,voiture,voiture,1,1,1,1,3
202300028161,2023-11-14 09:25:00,2023,11,14,9,25,86,86148,D741,46.426473,0.378768,Plein jour,Hors agglomération,Intersection en X,Pluie forte,Deux véhicules - côté,3,2,2,0,1,1,2,0,1,90,2,2,1,0,1,0,66.0,55.0,voiture,utilitaire_camion,1,1,2,3,3
202300028161,2023-11-14 09:25:00,2023,11,14,9,25,86,86148,D741,46.426473,0.378768,Plein jour,Hors agglomération,Intersection en X,Pluie forte,Deux véhicules - côté,3,2, -1,0,1,1,2,0,1,90,2,2,1,0,1,0,66.0,55.0,voiture,utilitaire_camion,1,1,2,3,3
202300028162,2023-03-06 18:00:00,2023,3,6,18,0,75,75111,BOULEVARD DE BELLEVILLE,48.870744,2.378114,Crépuscule ou aube,En agglomération,Intersection en X,Normale,Deux véhicules - côté,4,1,2,1,1,1,1,-1,5,30,2,2,1,0,0,1,63.0,24.0,deux_roues,deux_roues,2,2,2,1,3
202300028162,2023-03-06 18:00:00,2023,3,6,18,0,75,75111,BOULEVARD DE BELLEVILLE,48.870744,2.378114,Crépuscule ou aube,En agglomération,Intersection en X,Normale,Deux véhicules - côté,4,1,1,0,1,1,1,-1,5,30,2,2,1,0,0,1,63.0,24.0,deux_roues,deux_roues,2,2,2,1,3
202300028163,2023-05-25 16:52:00,2023,5,25,16,52,02,02341,,49.821341,3.857773,Plein jour,Hors agglomération,Hors intersection,Normale,Deux véhicules - frontale,3,2,2,0,2,1,1,0,1,50,2,2,1,0,0,1,17.0,20.0,deux_roues,voiture,1,1,1,1,1
202300028164,2023-11-13 17:25:00,2023,11,13,17,25,34,34150,Promenade de la Belle Scribote,43.346364,3.531337,Crépuscule ou aube,En agglomération,Hors intersection,Normale,Autre collision,3,2,2,0,1,1,1,0,1,50,1,3,2,1,0,0,70.0,,voiture,,2,2,1,1,6
202300028165,2023-03-06 15:40:00,2023,3,6,15,40,75,75111,RUE DE CHARONNE,48.855113,2.387127,Plein jour,En agglomération,Intersection en X,Temps couvert,Deux véhicules - arrière,4,1,2,2,2,1,1,0,1,30,2,3,2,0,0,1,26.0,18.0,voiture,deux_roues,1,2,2,8,2
202300028165,2023-03-06 15:40:00,2023,3,6,15,40,75,75111,RUE DE CHARONNE,48.855113,2.387127,Plein jour,En agglomération,Intersection en X,Temps couvert,Deux véhicules - arrière,4,1,2,2,1,1,1,0,1,30,2,3,2,0,0,1,26.0,18.0,voiture,deux_roues,1,2,2,8,2
202300028166,2023-05-26 17:20:00,2023,5,26,17,20,70,70228,Rue des Glacis,47.766013,6.104847,Plein jour,En agglomération,Intersection en T,Normale,Deux véhicules - frontale,4,1,1,0,1,1,1,0,1,30,2,2,1,0,1,0,38.0,12.0,transport_commun,deux_roues,1,2,3,1,1
202300028166,2023-05-26 17:20:00,2023,5,26,17,20,70,70228,Rue des Glacis,47.766013,6.104847,Plein jour,En agglomération,Intersection en T,Normale,Deux véhicules - frontale,4,1,1,0,2,1,1,0,8,30,2,2,1,0,1,0,38.0,12.0,transport_commun,deux_roues,1,2,3,1,1
202300028167,2023-11-08 07:18:00,2023,11,8,7,18,34,34130,Intersection D909 / D136,43.520917,3.188921,Plein jour,Hors agglomération,Intersection en X,Normale,Trois véhicules et plus - collisions multiples,3,2,2,0,1,1,1,0,1,90,3,3,0,0,1,2,74.0,85.0,voiture,voiture,1,1,2,1,5
202300028167,2023-11-08 07:18:00,2023,11,8,7,18,34,34130,Intersection D909 / D136,43.520917,3.188921,Plein jour,Hors agglomération,Intersection en X,Normale,Trois véhicules et plus - collisions multiples,3,2, -1,-1,1,1,1,0,1,-1,3,3,0,0,1,2,74.0,85.0,voiture,voiture,1,1,2,1,5
202300028168,2023-05-26 16:15:00,2023,5,26,16,15,66,66167,,42.467681,2.034682,Plein jour,Hors agglomération,Hors intersection,Normale,Deux véhicules - frontale,2,2,2,0,2,4,1,0,1,80,2,2,0,0,0,2,25.0,24.0,voiture,voiture,1,1,1,1,1
202300028169,2023-03-06 09:05:00,2023,3,6,9,5,75,75109,RUE DROUOT,48.874086,2.340722,Plein jour,En agglomération,Intersection en X,Normale,Deux véhicules - côté,4,1, -1,-1,1,1,1,0,1,-1,2,2,1,0,0,1,39.0,,deux_roues,voiture,1,2,2,1,3
202300028169,2023-03-06 09:05:00,2023,3,6,9,5,75,75109,RUE DROUOT,48.874086,2.340722,Plein jour,En agglomération,Intersection en X,Normale,Deux véhicules - côté,4,1,1,0,1,1,1,0,1,30,2,2,1,0,0,1,39.0,,deux_roues,voiture,1,2,2,1,3
202300028170,2023-05-26 04:45:00,2023,5,26,4,45,66,66053,,42.518176,3.070217,Nuit sans éclairage public,Hors agglomération,Hors intersection,Normale,Sans collision,3,2,2,0,3,1,1,0,8,90,1,1,0,0,0,1,31.0,,deux_roues,,3,1,1,1,7
202300028171,2023-10-30 13:50:00,2023,10,30,13,50,25,25564,D12,47.186358,5.887985,Plein jour,Hors agglomération,Hors intersection,Pluie légère,Deux véhicules - côté,3,2,2,0,2,1,2,0,1,80,2,4,0,0,0,4,53.0,43.0,voiture,voiture,1,1,1,2,3
202300028172,2023-05-26 15:00:00,2023,5,26,15,0,14,14086,6 Route de Pont-l'Evêque,49.333453,0.113334,Plein jour,Hors agglomération,Hors intersection,Normale,Deux véhicules - arrière,3,3,1,0,1,1,1,0,1,50,2,5,4,0,0,1,41.0,50.0,voiture,voiture,1,1,1,1,2
202300028173,2023-03-05 15:20:00,2023,3,5,15,20,75,75104,RUE SAINT ANTOINE,48.853943,2.364717,Plein jour,En agglomération,Intersection en X,Normale,Deux véhicules - frontale,4,-1,1,0,1,1,1,-1,5,30,2,2,1,0,0,1,46.0,67.0,deux_roues,voiture,1,2,2,1,1
202300028173,2023-03-05 15:20:00,2023,3,5,15,20,75,75104,RUE SAINT ANTOINE,48.853943,2.364717,Plein jour,En agglomération,Intersection en X,Normale,Deux véhicules - frontale,4,2,3,1,1,1,1,-1,5,30,2,2,1,0,0,1,46.0,67.0,deux_roues,voiture,1,2,2,1,1
202300028174,2023-05-26 01:45:00,2023,5,26,1,45,14,14143,D71,49.092164,-0.787346,Nuit sans éclairage public,Hors agglomération,Hors intersection,Normale,Autre collision,3,2,2,0,1,1,1,0,3,80,1,2,1,0,0,1,21.0,,voiture,,3,1,1,1,6
202300028175,2023-05-26 13:45:00,2023,5,26,13,45,60,60444,D150,49.629484,1.776938,Plein jour,Hors agglomération,Autre intersection,Normale,Autre collision,3,2,2,0,1,3,1,0,3,80,1,1,0,0,1,0,58.0,,voiture,,1,1,9,1,6
202300028176,2023-03-06 16:05:00,2023,3,6,16,5,94,94067,Avenue du Général de Gaulle,48.83779008,2.41787276,Plein jour,En agglomération,Hors intersection,Temps couvert,Autre collision,3,2,2,2,1,1,1,0,1,30,1,2,1,0,0,1,36.0,,deux_roues,,1,2,1,8,6
202300028177,2023-11-14 11:55:00,2023,11,14,11,55,38,38347,D20,45.261691,5.219718,Plein jour,Hors agglomération,Hors intersection,Normale,Deux véhicules - frontale,3,2,2,0,1,1,1,0,1,80,2,2,0,0,2,0,71.0,24.0,voiture,voiture,1,1,1,1,1
202300028178,2023-05-22 13:32:00,2023,5,22,13,32,45,45182,D15 PR 20 + 200,47.703802,1.791378,Plein jour,Hors agglomération,Hors intersection,Normale,Deux véhicules - arrière,3,2,2,0,1,1,1,0,1,80,2,2,1,0,1,0,43.0,71.0,utilitaire_camion,deux_roues,1,1,1,1,2
202300028179,2023-03-06 18:15:00,2023,3,6,18,15,93,93048,Rue de Vincennes / Rue des Meuniers,48.85098301,2.43442789,Plein jour,En agglomération,Intersection en T,Normale,Deux véhicules - côté,3,2,1,0,1,1,1,0,1,30,2,2,1,0,0,1,59.0,18.0,deux_roues,deux_roues,1,2,3,1,3
202300028179,2023-03-06 18:15:00,2023,3,6,18,15,93,93048,Rue de Vincennes / Rue des Meuniers,48.85098301,2.43442789,Plein jour,En agglomération,Intersection en T,Normale,Deux véhicules - côté,3,1,1,2,1,1,1,0,1,30,2,2,1,0,0,1,59.0,18.0,deux_roues,deux_roues,1,2,3,1,3
202300028180,2023-11-13 15:10:00,2023,11,13,15,10,45,45272,D2020,47.813126,1.928487,Plein jour,Hors agglomération,Hors intersection,Pluie forte,Deux véhicules - arrière,3,2,2,0,1,1,2,0,1,70,2,3,1,0,1,1,,56.0,voiture,voiture,1,1,1,3,2
202300028181,2023-03-06 17:20:00,2023,3,6,17,20,93,93048,125 Rue de Paris,48.85635875,2.42667362,Plein jour,En agglomération,Hors intersection,Normale,Autre collision,3,2,2,0,1,1,1,0,1,50,1,2,1,0,0,1,39.0,,voiture,,1,2,1,1,6
202300028182,2023-05-26 17:47:00,2023,5,26,17,47,64,64152,Route de Pau,43.336927,-0.328174,Plein jour,Hors agglomération,Intersection en T,Normale,Deux véhicules - frontale,3,2,2,0,1,1,1,0,1,70,2,3,2,0,1,0,58.0,19.0,voiture,deux_roues,1,1,3,1,1
202300028182,2023-05-26 17:47:00,2023,5,26,17,47,64,64152,Route de Pau,43.336927,-0.328174,Plein jour,Hors agglomération,Intersection en T,Normale,Deux véhicules - frontale,3,2,2,-1,1,1,1,0,1,-1,2,3,2,0,1,0,58.0,19.0,voiture,deux_roues,1,1,3,1,1
202300028183,2023-11-12 19:15:00,2023,11,12,19,15,27,27103,Rue du Docteur Duvrac,49.360097,0.817033,Nuit sans éclairage public,En agglomération,Giratoire,Pluie légère,Deux véhicules - côté,3,2,2,0,1,3,2,5,1,50,2,2,1,0,1,0,15.0,25.0,deux_roues,voiture,3,2,6,2,3
202300028184,2023-03-06 13:45:00,2023,3,6,13,45,93,93014,8 Avenue de Sévigné,48.912854,2.54429,Plein jour,En agglomération,Hors intersection,Normale,Deux véhicules - arrière,3,2,2,0,2,3,1,0,1,50,2,2,1,0,0,1,42.0,50.0,deux_roues,voiture,1,2,1,1,2
202300028185,2023-05-24 18:40:00,2023,5,24,18,40,53,53036,le coin,47.895075,-0.500264,Plein jour,Hors agglomération,Intersection en Y,Normale,Deux véhicules - côté,4,2,2,0,1,1,1,0,1,90,2,2,1,0,0,1,25.0,26.0,deux_roues,utilitaire_camion,1,1,4,1,3
202300028185,2023-05-24 18:40:00,2023,5,24,18,40,53,53036,le coin,47.895075,-0.500264,Plein jour,Hors agglomération,Intersection en Y,Normale,Deux véhicules - côté,4,2,2,0,2,1,1,0,1,-1,2,2,1,0,0,1,25.0,26.0,deux_roues,utilitaire_camion,1,1,4,1,3
202300028186,2023-05-24 02:00:00,2023,5,24,2,0,53,53141,D57 PK23G+100,48.06548,-0.632452,Nuit sans éclairage public,Hors agglomération,Hors intersection,Normale,Sans collision,3,1,0,0,2,2,1,0,8,110,1,1,0,0,1,0,21.0,,voiture,,3,1,1,1,7
202300028187,2023-11-13 20:00:00,2023,11,13,20,0,37,37211,31 Grand Rue,47.223346,0.773404,Nuit avec éclairage allumé,En agglomération,Hors intersection,Pluie légère,Deux véhicules - frontale,3,2,2,0,1,1,2,0,1,30,2,2,1,0,0,1,35.0,60.0,deux_roues,voiture,5,2,1,2,1
202300028188,2023-03-06 13:50:00,2023,3,6,13,50,93,93047,Rue Henri Barbusse,48.900594,2.568029,Plein jour,En agglomération,Hors intersection,Normale,Trois véhicules et plus - en chaîne,4,1,1,0,1,1,1,0,1,30,3,3,2,0,0,1,75.0,42.0,voiture,voiture,1,2,1,1,4
202300028189,2023-11-14 14:10:00,2023,11,14,14,10,68,68375,44 Rue Pasteur,47.785349,7.215762,Plein jour,En agglomération,Hors intersection,Pluie forte,Sans collision,4,2,2,0,1,1,2,0,4,50,1,1,0,0,0,1,41.0,,deux_roues,,1,2,1,3,7
202300028190,2023-05-26 12:15:00,2023,5,26,12,15,27,27426,D10,49.272992,1.716329,Plein jour,Hors agglomération,Intersection en T,Normale,Deux véhicules - frontale,3,2,2,0,1,1,1,0,1,80,2,2,1,1,0,0,37.0,20.0,voiture,deux_roues,1,1,3,1,1
202300028190,2023-05-26 12:15:00,2023,5,26,12,15,27,27426,D10,49.272992,1.716329,Plein jour,Hors agglomération,Intersection en T,Normale,Deux véhicules - frontale,3,2,2,0,2,1,1,9,1,80,2,2,1,1,0,0,37.0,20.0,voiture,deux_roues,1,1,3,1,1
202300028191,2023-03-05 13:00:00,2023,3,5,13,0,93,93001,Avenue de la République,48.9097265,2.3860918,Plein jour,En agglomération,Hors intersection,Normale,Autre collision,3,2,2,0,1,1,1,0,1,50,1,1,0,0,0,1,19.0,,voiture,,1,2,1,1,6
202300028192,2023-05-25 18:07:00,2023,5,25,18,7,28,28206,D134.1,48.686923,1.201748,Plein jour,Hors agglomération,Intersection en T,Normale,Deux véhicules - côté,3,2,1,0,1,1,1,0,1,80,2,2,1,0,1,0,29.0,15.0,voiture,deux_roues,1,1,3,1,3
202300028192,2023-05-25 18:07:00,2023,5,25,18,7,28,28206,D134.1,48.686923,1.201748,Plein jour,Hors agglomération,Intersection en T,Normale,Deux véhicules - côté,3,2,1,0,1,1,1,0,1,80,2,2,1,0,1,0,29.0,15.0,voiture,deux_roues,1,1,3,1,3
202300028193,2023-03-05 10:30:00,2023,3,5,10,30,92,92050,SARTROUVILLE RUE DE,48.91343,2.21886,Plein jour,En agglomération,Hors intersection,Normale,Deux véhicules - côté,4,1,3,0,1,1,1,0,1,50,2,2,1,0,0,1,,65.0,voiture,voiture,1,2,1,1,3
202300028194,2023-11-14 15:00:00,2023,11,14,15,0,31,31107,autoroute A64,43.324335,1.225276,Plein jour,Hors agglomération,Hors intersection,Normale,Trois véhicules et plus - en chaîne,1,3,2,0,1,1,1,0,1,130,3,3,2,0,1,0,42.0,67.0,utilitaire_camion,utilitaire_camion,1,1,1,1,4
202300028195,2023-05-26 13:30:00,2023,5,26,13,30,87,87205,le boudaud,45.77583,1.289113,Plein jour,Hors agglomération,Intersection en T,Normale,Deux véhicules - côté,3,2,2,0,1,1,1,0,1,80,2,2,1,0,1,0,24.0,56.0,deux_roues,voiture,1,1,3,1,3
202300028195,2023-05-26 13:30:00,2023,5,26,13,30,87,87205,le boudaud,45.77583,1.289113,Plein jour,Hors agglomération,Intersection en T,Normale,Deux véhicules - côté,3,-1, -1,-1,1,1,-1,0,1,-1,2,2,1,0,1,0,24.0,56.0,deux_roues,voiture,1,1,3,1,3
202300028196,2023-03-06 10:30:00,2023,3,6,10,30,33,33162,ROCADE A 630,44.87958419,-0.62763423,Plein jour,Hors agglomération,Hors intersection,Normale,Trois véhicules et plus - collisions multiples,1,3,6,0,1,1,1,8,1,70,3,4,2,0,0,2,21.0,40.0,deux_roues,voiture,1,1,1,1,5
202300028197,2023-11-14 15:26:00,2023,11,14,15,26,31,31107,235+550,43.317622,1.213861,Plein jour,Hors agglomération,Hors intersection,Normale,Trois véhicules et plus - en chaîne,1,3,2,0,1,1,1,0,1,130,3,5,1,0,2,2,50.0,48.0,utilitaire_camion,utilitaire_camion,1,1,1,1,4
202300028198,2023-05-24 20:05:00,2023,5,24,20,5,78,78571,chemin départemental 74,48.856703,2.002065,Plein jour,Hors agglomération,Hors intersection,Normale,Deux véhicules - frontale,3,2,2,0,2,3,1,0,1,80,2,2,0,0,0,2,42.0,42.0,voiture,voiture,1,1,1,1,1
202300028199,2023-03-06 15:50:00,2023,3,6,15,50,92,92060,RN 385 Extèrieure,48.77442413,2.24051438,Plein jour,Hors agglomération,Hors intersection,Normale,Deux véhicules - arrière,2,3,2,0,1,1,1,0,1,90,2,2,1,0,0,1,59.0,60.0,utilitaire_camion,voiture,1,1,1,1,2
202300028200,2023-05-26 19:35:00,2023,5,26,19,35,06,06079,A8 PK 158+500,43.558069,6.951792,Plein jour,Hors agglomération,Hors intersection,Normale,Autre collision,1,1,3,0,1,1,1,0,1,110,1,1,0,0,1,0,21.0,,voiture,,1,1,1,1,6
202300028201,2023-11-13 12:20:00,2023,11,13,12,20,03,03193,A 71- PK 282+200,46.509724,2.627819,Plein jour,Hors agglomération,Hors intersection,Pluie légère,Deux véhicules - côté,1,3,2,0,4,1,2,3,6,110,2,2,1,0,1,0,79.0,56.0,voiture,utilitaire_camion,1,1,1,2,3
202300028202,2023-03-06 08:56:00,2023,3,6,8,56,94,94003,A6A,48.80243756,2.34202217,Plein jour,Hors agglomération,Hors intersection,Normale,Deux véhicules - côté,1,1,3,3,2,1,1,0,1,70,2,2,1,0,0,1,40.0,30.0,deux_roues,voiture,1,1,1,1,3
202300028203,2023-05-26 07:00:00,2023,5,26,7,0,06,06149,A8 Pk 202.600 chaussée sud,43.738422,7.32419,Plein jour,Hors agglomération,Hors intersection,Normale,Deux véhicules - arrière,1,3,3,0,2,1,1,2,1,110,2,2,1,0,0,1,33.0,45.0,deux_roues,utilitaire_camion,1,1,1,1,2
202300028204,2023-11-12 08:55:00,2023,11,12,8,55,01,01228,Echangeur A40-A404 (Embranchement d'autoroute),46.136713,5.536766,Plein jour,Hors agglomération,Hors intersection,Pluie légère,Autre collision,1,1,1,0,2,3,2,3,1,70,1,1,0,0,0,1,22.0,,voiture,,1,1,1,2,6
202300028205,2023-05-25 18:45:00,2023,5,25,18,45,51,51571,A4 pk 153.800,49.161642,4.191628,Plein jour,Hors agglomération,Hors intersection,Normale,Deux véhicules - arrière,1,3,2,0,1,1,1,0,1,130,2,2,1,0,1,0,30.0,44.0,voiture,voiture,1,1,1,1,2
202300028206,2023-11-13 18:15:00,2023,11,13,18,15,78,78571,307,48.862094,1.994064,Nuit sans éclairage public,Hors agglomération,Hors intersection,Temps couvert,Deux véhicules - côté,3,2,2,0,2,1,2,0,1,80,2,2,1,0,0,1,51.0,53.0,voiture,deux_roues,3,1,1,8,3
202300028207,2023-03-06 08:35:00,2023,3,6,8,35,91,91589,AUTOROUTE A6,48.67996,2.3327,Plein jour,Hors agglomération,Hors intersection,Normale,Trois véhicules et plus - en chaîne,1,1,3,0,1,1,1,0,1,90,4,5,1,0,0,4,55.0,37.0,utilitaire_camion,voiture,1,1,1,1,4
202300028208,2023-03-06 06:30:00,2023,3,6,6,30,91,91521,AUTOROUTE A6 ,48.63547,2.40101,Nuit sans éclairage public,Hors agglomération,Hors intersection,Normale,Autre collision,1,3,6,0,1,1,1,0,1,110,1,1,0,0,0,1,23.0,,voiture,,3,1,1,1,6
202300028209,2023-05-26 16:05:00,2023,5,26,16,5,69,69072,Chemin des Hirondelles,45.80498,4.76274,Plein jour,En agglomération,Hors intersection,Normale,Deux véhicules - frontale,4,2,2,0,1,3,1,0,1,50,2,2,1,0,1,0,16.0,49.0,deux_roues,utilitaire_camion,1,2,1,1,1
202300028210,2023-11-13 21:14:00,2023,11,13,21,14,90,90097,Autoroute A36,47.569645,6.857281,Nuit sans éclairage public,Hors agglomération,Hors intersection,Pluie forte,Trois véhicules et plus - collisions multiples,1,3,3,0,1,3,2,0,1,100,3,3,0,1,1,1,49.0,53.0,voiture,voiture,3,1,1,3,5
202300028211,2023-11-13 20:35:00,2023,11,13,20,35,68,68118,Route Départementale 201,47.739978,7.416001,Nuit avec éclairage allumé,Hors agglomération,Hors intersection,Pluie légère,Autre collision,3,2,2,0,2,2,2,0,4,50,1,1,0,0,0,1,32.0,,voiture,,5,1,1,2,6
202300028212,2023-03-06 18:40:00,2023,3,6,18,40,93,93048,AUTOROUTE A86,48.86544542,2.48185307,Nuit avec éclairage allumé,Hors agglomération,Hors intersection,Normale,Deux véhicules - côté,1,3,6,0,1,1,1,0,1,90,2,3,1,0,0,2,29.0,38.0,deux_roues,voiture,5,1,1,1,3
202300028213,2023-05-25 21:40:00,2023,5,25,21,40,988,98817,RPS1 à hauteur Zone artisanale de la Coulée/Rue Gaëtan BRINI,-22.23697,166.5999,Nuit avec éclairage allumé,En agglomération,Intersection en T,Pluie légère,Deux véhicules - frontale,3,2,2,0,1,1,2,0,1,50,2,2,1,0,1,0,39.0,33.0,voiture,voiture,5,2,3,2,1
202300028213,2023-05-25 21:40:00,2023,5,25,21,40,988,98817,RPS1 à hauteur Zone artisanale de la Coulée/Rue Gaëtan BRINI,-22.23697,166.5999,Nuit avec éclairage allumé,En agglomération,Intersection en T,Pluie légère,Deux véhicules - frontale,3,2,2,-1,-1,1,2,-1,1,-1,2,2,1,0,1,0,39.0,33.0,voiture,voiture,5,2,3,2,1
202300028214,2023-03-06 17:00:00,2023,3,6,17,0,95,95212,A1,49.029551,2.538581,Plein jour,Hors agglomération,Hors intersection,Normale,Deux véhicules - arrière,1,3,6,0,1,1,1,0,1,110,2,2,1,0,0,1,27.0,23.0,voiture,voiture,1,1,1,1,2
202300028215,2023-05-25 08:40:00,2023,5,25,8,40,972,97228,RN 1 - ANCIENNE TANNERIE,14.800318,-61.006522,Plein jour,Hors agglomération,Hors intersection,Normale,Deux véhicules - côté,2,2,2,0,3,2,1,0,1,70,2,4,2,0,0,2,35.0,41.0,utilitaire_camion,voiture,1,1,1,1,3