accident_id,datetime,annee,mois,jour,heure,minute,departement,commune_insee,adresse,latitude,longitude,luminosite,agglomeration,intersection,meteo,collision,catr,circ,nbv,vosp,prof,plan,surf,infra,situ,vma,nb_vehicules,nb_usagers,nb_indemnes,nb_tues,nb_blesses_hosp,nb_blesses_legers,age_cond_1,age_cond_2,veh_type_cond_1,veh_type_cond_2,lum_code,agg_code,int_code,atm_code,col_code
202300028216,2023-11-13 18:10:00,2023,11,13,18,10,13,13025,quartier les REYS,43.490568,5.575111,Crépuscule ou aube,Hors agglomération,Hors intersection,Normale,Deux véhicules - frontale,3,2,2,0,1,1,1,0,1,80,3,4,0,0,1,3,52.0,21.0,voiture,voiture,2,1,1,1,1
202300028217,2023-03-05 11:05:00,2023,3,5,11,5,95,95306, A15,49.00831775,2.1595595,Plein jour,Hors agglomération,Hors intersection,Normale,Autre collision,1,3,4,0,1,3,1,0,2,50,1,2,0,0,0,2,79.0,,voiture,,1,1,1,1,6
202300028218,2023-05-26 05:30:00,2023,5,26,5,30,18,18207,,47.008997,2.273741,Crépuscule ou aube,Hors agglomération,Hors intersection,Normale,Deux véhicules - frontale,2,2,2,0,1,1,2,0,1,80,2,2,1,0,0,1,30.0,39.0,utilitaire_camion,voiture,2,1,1,1,1
202300028219,2023-03-04 21:10:00,2023,3,4,21,10,93,93027,AUTOROUTE A86,48.92630539,2.40132558,Nuit sans éclairage public,Hors agglomération,Hors intersection,Normale,Autre collision,1,3,6,0,1,1,1,0,1,90,1,2,1,1,0,0,37.0,,utilitaire_camion,,3,1,1,1,6
202300028220,2023-05-26 08:30:00,2023,5,26,8,30,78,78380,10 Rue d?Orléans,48.908569,1.851078,Plein jour,En agglomération,Intersection en T,Normale,Autre collision,3,2,2,0,1,1,1,5,1,50,1,1,0,0,0,1,45.0,,deux_roues,,1,2,3,1,6
202300028220,2023-05-26 08:30:00,2023,5,26,8,30,78,78380,10 Rue d?Orléans,48.908569,1.851078,Plein jour,En agglomération,Intersection en T,Normale,Autre collision,3,2, -1,-1,1,2,1,0,1,-1,1,1,0,0,0,1,45.0,,deux_roues,,1,2,3,1,6
202300028221,2023-11-14 13:15:00,2023,11,14,13,15,78,78655,D906,48.657903,1.901557,Plein jour,Hors agglomération,Hors intersection,Pluie légère,Deux véhicules - côté,3,2,2,0,1,2,2,0,1,80,2,2,0,0,0,2,21.0,70.0,voiture,voiture,1,1,1,2,3
202300028222,2023-03-05 04:50:00,2023,3,5,4,50,93,93005,AUTOROUTE A3,48.96594,2.47671,Nuit sans éclairage public,Hors agglomération,Hors intersection,Normale,Deux véhicules - arrière,1,3,2,0,2,3,1,0,1,90,2,2,0,0,0,2,41.0,26.0,voiture,voiture,3,1,1,1,2
202300028223,2023-05-25 02:00:00,2023,5,25,2,0,83,83107,Route de la Bouverie,43.467129,6.657141,Nuit sans éclairage public,En agglomération,Hors intersection,Normale,Deux véhicules - côté,4,2,2,0,1,3,1,2,1,50,2,2,1,0,1,0,57.0,32.0,utilitaire_camion,voiture,3,2,1,1,3
202300028224,2023-03-06 09:55:00,2023,3,6,9,55,94,94028,A86,48.80103887,2.4472408,Plein jour,Hors agglomération,Hors intersection,Normale,Trois véhicules et plus - collisions multiples,1,1,4,0,1,1,1,0,1,90,3,3,2,0,0,1,32.0,63.0,voiture,voiture,1,1,1,1,5
202300028225,2023-11-13 15:05:00,2023,11,13,15,5,34,34199,Chemin de Castres,43.471453,3.41619,Plein jour,Hors agglomération,Intersection en X,Normale,Deux véhicules - côté,3,2,2,0,1,3,1,5,1,-1,2,2,0,0,0,2,32.0,31.0,utilitaire_camion,voiture,1,1,2,1,3
202300028225,2023-11-13 15:05:00,2023,11,13,15,5,34,34199,Chemin de Castres,43.471453,3.41619,Plein jour,Hors agglomération,Intersection en X,Normale,Deux véhicules - côté,3,2,2,0,1,1,1,5,1,50,2,2,0,0,0,2,32.0,31.0,utilitaire_camion,voiture,1,1,2,1,3
202300028226,2023-05-26 16:15:00,2023,5,26,16,15,21,21371,D31,47.129776,5.359676,Plein jour,Hors agglomération,Hors intersection,Normale,Deux véhicules - frontale,3,2,2,0,1,1,1,0,1,80,2,2,0,0,1,1,40.0,26.0,utilitaire_camion,voiture,1,1,1,1,1
202300028227,2023-11-10 06:50:00,2023,11,10,6,50,83,83112,route de bandol,43.16373,5.719392,Nuit sans éclairage public,Hors agglomération,Hors intersection,Pluie légère,Autre collision,3,3,2,0,1,3,2,0,1,70,1,1,0,0,1,0,38.0,,voiture,,3,1,1,2,6
202300028228,2023-05-25 15:50:00,2023,5,25,15,50,67,67188,Route Nationale,48.534036,7.379095,Plein jour,Hors agglomération,Hors intersection,Normale,Sans collision,3,2,2,0,1,1,1,0,1,-1,1,1,0,0,1,0,62.0,,deux_roues,,1,1,1,1,7
202300028229,2023-03-06 08:20:00,2023,3,6,8,20,94,94017,A4,48.82678408,2.51416833,Plein jour,Hors agglomération,Hors intersection,Normale,Trois véhicules et plus - collisions multiples,1,1,4,0,1,1,1,1,1,90,3,3,2,0,0,1,40.0,38.0,voiture,voiture,1,1,1,1,5
202300028230,2023-05-26 18:54:00,2023,5,26,18,54,54,54437,D115B,48.55166,6.12449,Plein jour,Hors agglomération,Hors intersection,Normale,Autre collision,3,2,2,0,4,2,1,0,8,80,1,1,0,1,0,0,21.0,,voiture,,1,1,1,1,6
202300028231,2023-03-06 07:20:00,2023,3,6,7,20,94,94052,A86 ,48.83441554,2.49343043,Nuit avec éclairage allumé,Hors agglomération,Hors intersection,Normale,Deux véhicules - arrière,1,-1,2,0,1,1,1,1,1,90,2,2,1,0,0,1,38.0,30.0,deux_roues,utilitaire_camion,5,1,1,1,2
202300028232,2023-05-25 14:00:00,2023,5,25,14,0,38,38374,D522,45.660928,5.323694,Plein jour,Hors agglomération,Intersection en T,Normale,Deux véhicules - côté,3,4,3,0,1,1,1,5,1,80,2,2,1,0,0,1,64.0,46.0,voiture,deux_roues,1,1,3,1,3
202300028232,2023-05-25 14:00:00,2023,5,25,14,0,38,38374,D522,45.660928,5.323694,Plein jour,Hors agglomération,Intersection en T,Normale,Deux véhicules - côté,3,2,2,0,1,3,1,5,1,90,2,2,1,0,0,1,64.0,46.0,voiture,deux_roues,1,1,3,1,3
202300028233,2023-11-13 18:15:00,2023,11,13,18,15,89,89037,A6 pk 132+100,47.9192,3.2865,Nuit sans éclairage public,Hors agglomération,Hors intersection,Pluie forte,Trois véhicules et plus - en chaîne,1,3,3,0,2,1,2,0,1,130,5,6,4,0,1,1,59.0,36.0,voiture,voiture,3,1,1,3,4
202300028234,2023-03-06 07:00:00,2023,3,6,7,0,93,93051,A4,48.83620546,2.5559632,Crépuscule ou aube,Hors agglomération,Hors intersection,Normale,Trois véhicules et plus - en chaîne,1,3,3,0,1,1,1,0,1,110,4,4,3,0,0,1,55.0,50.0,voiture,utilitaire_camion,2,1,1,1,4
202300028235,2023-05-13 15:40:00,2023,5,13,15,40,38,38035,520 Route de Vienne,45.498963,5.088773,Plein jour,Hors agglomération,Intersection en X,Normale,Deux véhicules - arrière,3,2,2,0,1,1,1,0,1,80,2,2,1,0,0,1,42.0,36.0,voiture,voiture,1,1,2,1,2
202300028235,2023-05-13 15:40:00,2023,5,13,15,40,38,38035,520 Route de Vienne,45.498963,5.088773,Plein jour,Hors agglomération,Intersection en X,Normale,Deux véhicules - arrière,3,2,2,0,1,1,1,0,1,80,2,2,1,0,0,1,42.0,36.0,voiture,voiture,1,1,2,1,2
202300028236,2023-11-13 17:45:00,2023,11,13,17,45,67,67544,Allee des Peupliers,49.029863,7.958329,Nuit avec éclairage allumé,En agglomération,Hors intersection,Pluie légère,Autre collision,3,2,2,0,1,1,2,0,1,40,1,2,1,0,1,0,81.0,,voiture,,5,2,1,2,6
202300028237,2023-03-02 21:00:00,2023,3,2,21,0,973,97302,MANGO (ROUTE),4.9319,-52.31776,Nuit avec éclairage allumé,En agglomération,Hors intersection,Normale,Deux véhicules - côté,4,2,2,0,1,1,1,0,1,30,2,2,1,0,0,1,16.0,31.0,deux_roues,voiture,5,2,1,1,3
202300028238,2023-05-23 17:35:00,2023,5,23,17,35,26,26196,Route de Lorient,44.867854,4.919279,Plein jour,Hors agglomération,Hors intersection,Normale,Deux véhicules - frontale,4,2,2,0,1,1,1,0,1,70,2,2,0,0,1,1,41.0,31.0,voiture,voiture,1,1,1,1,1
202300028239,2023-11-12 02:00:00,2023,11,12,2,0,42,42056,Route Departementale 1086,45.438284,4.74689,Nuit avec éclairage allumé,En agglomération,Intersection en T,Pluie légère,Autre collision,3,2,2,0,1,1,2,0,1,50,1,1,0,0,1,0,27.0,,voiture,,5,2,3,2,6
202300028239,2023-11-12 02:00:00,2023,11,12,2,0,42,42056,Route Departementale 1086,45.438284,4.74689,Nuit avec éclairage allumé,En agglomération,Intersection en T,Pluie légère,Autre collision,3,2,2,-1,2,1,2,0,1,-1,1,1,0,0,1,0,27.0,,voiture,,5,2,3,2,6
202300028240,2023-03-05 05:09:00,2023,3,5,5,9,69,69387,Avenue Berthelot,45.74778,4.83361,Nuit avec éclairage allumé,En agglomération,Intersection en X,Normale,Deux véhicules - côté,4,1,2,3,1,1,1,0,1,50,2,2,1,0,0,1,22.0,51.0,voiture,voiture,5,2,2,1,3
202300028240,2023-03-05 05:09:00,2023,3,5,5,9,69,69387,Avenue Berthelot,45.74778,4.83361,Nuit avec éclairage allumé,En agglomération,Intersection en X,Normale,Deux véhicules - côté,4,1,4,3,1,1,1,0,1,50,2,2,1,0,0,1,22.0,51.0,voiture,voiture,5,2,2,1,3
202300028241,2023-05-26 12:10:00,2023,5,26,12,10,07,07042,D86,44.372544,4.647893,Plein jour,Hors agglomération,Hors intersection,Temps éblouissant,Trois véhicules et plus - collisions multiples,3,2,2,0,1,1,1,0,1,90,3,3,2,0,1,0,19.0,43.0,voiture,deux_roues,1,1,1,7,5
202300028242,2023-03-05 11:55:00,2023,3,5,11,55,69,69382,12 Rue Neuve,45.76519728,4.83507543,Plein jour,En agglomération,Hors intersection,Normale,Autre collision,4,1,1,0,1,1,1,6,1,30,1,2,1,0,0,1,,,deux_roues,,1,2,1,1,6
202300028243,2023-11-14 08:50:00,2023,11,14,8,50,42,42299,Rue de Lyon,45.6080405,4.08813919,Plein jour,En agglomération,Giratoire,Pluie légère,Deux véhicules - côté,4,2,2,0,1,1,2,5,1,50,2,2,1,0,1,0,44.0,41.0,voiture,deux_roues,1,2,6,2,3
202300028244,2023-05-25 09:30:00,2023,5,25,9,30,86,86123,D21,46.585139,0.110357,Plein jour,Hors agglomération,Intersection en X,Normale,Deux véhicules - côté,3,2,2,0,1,1,1,0,1,80,2,2,1,0,1,0,20.0,56.0,voiture,voiture,1,1,2,1,3
202300028244,2023-05-25 09:30:00,2023,5,25,9,30,86,86123,D21,46.585139,0.110357,Plein jour,Hors agglomération,Intersection en X,Normale,Deux véhicules - côté,3,2, -1,-1,1,1,1,5,1,80,2,2,1,0,1,0,20.0,56.0,voiture,voiture,1,1,2,1,3
202300028245,2023-11-14 09:00:00,2023,11,14,9,0,07,07324,Quai Farconnet,45.069065,4.829612,Plein jour,En agglomération,Hors intersection,Normale,Autre collision,3,-1,2,0,1,1,2,0,1,50,1,3,2,0,0,1,75.0,,voiture,,1,2,1,1,6
202300028246,2023-03-05 13:10:00,2023,3,5,13,10,91,91589,AV DES ECOLES,48.686945,2.352698,Plein jour,En agglomération,Intersection en X,Normale,Deux véhicules - côté,4,2,1,0,1,1,1,0,1,50,2,4,3,0,0,1,21.0,24.0,voiture,voiture,1,2,2,1,3
202300028246,2023-03-05 13:10:00,2023,3,5,13,10,91,91589,AV DES ECOLES,48.686945,2.352698,Plein jour,En agglomération,Intersection en X,Normale,Deux véhicules - côté,4,2,1,0,1,1,1,0,1,50,2,4,3,0,0,1,21.0,24.0,voiture,voiture,1,2,2,1,3
202300028247,2023-05-25 23:45:00,2023,5,25,23,45,33,33366,D669,45.01034069,-0.46570416,Nuit sans éclairage public,Hors agglomération,Hors intersection,Normale,Autre collision,3,2,2,0,2,2,1,0,3,80,1,1,0,1,0,0,58.0,,utilitaire_camion,,3,1,1,1,6
202300028248,2023-11-14 11:35:00,2023,11,14,11,35,69,69296,Route Départementale 307,45.647352,4.856279,Plein jour,Hors agglomération,Intersection en T,Normale,Deux véhicules - frontale,3,2,2,2,1,1,1,0,1,70,2,2,1,0,0,1,75.0,61.0,voiture,voiture,1,1,3,1,1
202300028248,2023-11-14 11:35:00,2023,11,14,11,35,69,69296,Route Départementale 307,45.647352,4.856279,Plein jour,Hors agglomération,Intersection en T,Normale,Deux véhicules - frontale,3,2,2,0,2,1,1,0,1,-1,2,2,1,0,0,1,75.0,61.0,voiture,voiture,1,1,3,1,1
202300028249,2023-05-25 19:00:00,2023,5,25,19,0,33,33080,347 Avenue de Toulouse,44.756101,-0.552042,Plein jour,Hors agglomération,Hors intersection,Normale,Deux véhicules - arrière,3,2,2,0,1,1,1,0,1,70,2,2,1,0,0,1,53.0,,deux_roues,voiture,1,1,1,1,2
202300028250,2023-03-05 19:15:00,2023,3,5,19,15,81,81004,THOMAS (AV ALBERT),43.939638,2.148318,Nuit avec éclairage allumé,En agglomération,Intersection en T,Normale,Deux véhicules - côté,4,1,1,0,1,1,1,0,1,50,2,2,1,0,0,1,,18.0,voiture,deux_roues,5,2,3,1,3
202300028250,2023-03-05 19:15:00,2023,3,5,19,15,81,81004,THOMAS (AV ALBERT),43.939638,2.148318,Nuit avec éclairage allumé,En agglomération,Intersection en T,Normale,Deux véhicules - côté,4,2,2,0,1,1,1,0,1,50,2,2,1,0,0,1,,18.0,voiture,deux_roues,5,2,3,1,3
202300028251,2023-11-13 19:00:00,2023,11,13,19,0,69,69249,La Durantiere,45.67167281,4.60691264,Nuit sans éclairage public,Hors agglomération,Hors intersection,Normale,Autre collision,3,2,3,0,2,4,2,0,3,90,1,1,0,0,0,1,61.0,,voiture,,3,1,1,1,6
202300028252,2023-05-25 09:45:00,2023,5,25,9,45,33,33422,Avenue de Bordeaux,44.809571,-0.775051,Plein jour,En agglomération,Giratoire,Normale,Deux véhicules - côté,3,3,2,0,1,2,1,5,6,50,2,2,1,0,0,1,14.0,72.0,deux_roues,voiture,1,2,6,1,3
202300028253,2023-10-30 21:40:00,2023,10,30,21,40,47,47157,Route de Laubaney,44.483509,0.155118,Nuit sans éclairage public,En agglomération,Hors intersection,Normale,Autre collision,4,2,2,0,1,1,2,0,3,50,1,2,1,0,1,0,19.0,,voiture,,3,2,1,1,6
202300028254,2023-05-25 20:30:00,2023,5,25,20,30,22,22178,d21,48.696081,-3.025017,Crépuscule ou aube,Hors agglomération,Intersection en T,Normale,Deux véhicules - côté,3,1,2,0,1,1,1,0,1,70,2,2,1,0,1,0,18.0,70.0,deux_roues,utilitaire_camion,2,1,3,1,3
202300028254,2023-05-25 20:30:00,2023,5,25,20,30,22,22178,d21,48.696081,-3.025017,Crépuscule ou aube,Hors agglomération,Intersection en T,Normale,Deux véhicules - côté,3,-1,2,0,1,1,1,0,1,80,2,2,1,0,1,0,18.0,70.0,deux_roues,utilitaire_camion,2,1,3,1,3
202300028255,2023-03-05 15:20:00,2023,3,5,15,20,69,69282,38 Avenue du Carreau,45.77271,4.99028,Plein jour,En agglomération,Passage à niveau,Normale,Deux véhicules - côté,4,2,2,2,1,1,1,4,6,50,2,2,1,0,0,1,36.0,36.0,transport_commun,deux_roues,1,2,8,1,3
202300028256,2023-11-12 18:35:00,2023,11,12,18,35,33,33449,Déviation du Taillan-Médoc - D1215E1,44.90494514,-0.74586332,Nuit avec éclairage allumé,Hors agglomération,Giratoire,Normale,Deux véhicules - côté,3,2,2,0,1,1,1,0,1,70,2,5,1,0,1,3,39.0,50.0,voiture,utilitaire_camion,5,1,6,1,3
202300028257,2023-05-26 17:45:00,2023,5,26,17,45,60,60107,D1016,49.37363197,2.4357103,Plein jour,Hors agglomération,Hors intersection,Normale,Deux véhicules - arrière,3,3,2,0,1,2,1,0,1,110,2,3,2,0,1,0,19.0,41.0,voiture,deux_roues,1,1,1,1,2
202300028258,2023-03-05 13:00:00,2023,3,5,13,0,69,69266,Rue de l'Espoir,45.78108,4.88234,Plein jour,En agglomération,Intersection en T,Normale,Deux véhicules - côté,4,2,2,0,1,1,1,9,1,50,2,2,1,0,0,1,55.0,52.0,voiture,voiture,1,2,3,1,3
202300028258,2023-03-05 13:00:00,2023,3,5,13,0,69,69266,Rue de l'Espoir,45.78108,4.88234,Plein jour,En agglomération,Intersection en T,Normale,Deux véhicules - côté,4,2,2,0,1,1,1,0,1,50,2,2,1,0,0,1,55.0,52.0,voiture,voiture,1,2,3,1,3
202300028259,2023-11-10 22:14:00,2023,11,10,22,14,33,33280,D937,45.1664,-0.617228,Nuit avec éclairage allumé,Hors agglomération,Intersection en T,Pluie légère,Deux véhicules - côté,3,2,2,0,1,1,2,0,1,80,2,2,1,0,1,0,20.0,56.0,deux_roues,voiture,5,1,3,2,3
202300028259,2023-11-10 22:14:00,2023,11,10,22,14,33,33280,D937,45.1664,-0.617228,Nuit avec éclairage allumé,Hors agglomération,Intersection en T,Pluie légère,Deux véhicules - côté,3,2, -1,-1,1,1,2,0,1,80,2,2,1,0,1,0,20.0,56.0,deux_roues,voiture,5,1,3,2,3
202300028260,2023-05-18 04:15:00,2023,5,18,4,15,13,13056,A55-Sens Marseille vers Martigues,43.3986,5.0858,Nuit sans éclairage public,Hors agglomération,Hors intersection,Normale,Trois véhicules et plus - en chaîne,1,1,2,0,1,1,1,0,1,110,3,4,1,0,0,3,26.0,33.0,utilitaire_camion,utilitaire_camion,3,1,1,1,4
202300028261,2023-03-05 07:25:00,2023,3,5,7,25,69,69266,Cours de la République,45.7697,4.87371,Crépuscule ou aube,En agglomération,Intersection en X,Normale,Deux véhicules - côté,4,1,1,2,1,1,1,0,1,30,2,2,1,0,0,1,29.0,22.0,voiture,deux_roues,2,2,2,1,3
202300028261,2023-03-05 07:25:00,2023,3,5,7,25,69,69266,Cours de la République,45.7697,4.87371,Crépuscule ou aube,En agglomération,Intersection en X,Normale,Deux véhicules - côté,4,1,1,2,1,1,1,0,1,30,2,2,1,0,0,1,29.0,22.0,voiture,deux_roues,2,2,2,1,3
202300028262,2023-11-14 08:00:00,2023,11,14,8,0,61,61074,D908,48.573816,-0.16093,Nuit sans éclairage public,Hors agglomération,Hors intersection,Pluie légère,Deux véhicules - frontale,3,2,2,0,2,1,2,0,1,90,2,2,0,0,0,2,20.0,43.0,voiture,voiture,3,1,1,2,1
202300028263,2023-05-25 07:50:00,2023,5,25,7,50,13,13071,A7-Sens Marseille vers Lyon,43.40477,5.34026,Plein jour,Hors agglomération,Hors intersection,Pluie forte,Trois véhicules et plus - en chaîne,1,1,2,0,2,1,2,8,1,70,3,3,1,0,0,2,36.0,31.0,voiture,voiture,1,1,1,3,4
202300028264,2023-11-10 18:30:00,2023,11,10,18,30,14,14047,1 Rue Saint Quentin,49.281486,-0.696639,Nuit avec éclairage allumé,En agglomération,Hors intersection,Pluie légère,Deux véhicules - frontale,4,2,2,0,1,1,2,0,1,50,2,2,1,0,0,1,49.0,69.0,deux_roues,voiture,5,2,1,2,1
202300028265,2023-02-23 13:25:00,2023,2,23,13,25,59,59021,BOUSSOIS (ROUTE DE),50.28852,4.01706,Plein jour,En agglomération,Intersection en T,Normale,Autre collision,3,2,2,0,1,1,1,0,1,50,1,3,1,0,0,2,74.0,,voiture,,1,2,3,1,6
202300028265,2023-02-23 13:25:00,2023,2,23,13,25,59,59021,BOUSSOIS (ROUTE DE),50.28852,4.01706,Plein jour,En agglomération,Intersection en T,Normale,Autre collision,3,2,2,0,1,1,1,0,8,50,1,3,1,0,0,2,74.0,,voiture,,1,2,3,1,6
202300028266,2023-05-21 19:20:00,2023,5,21,19,20,67,67447,M35,48.60321,7.73024,Plein jour,Hors agglomération,Hors intersection,Normale,Autre collision,7,3,3,0,1,2,1,0,1,90,1,1,0,0,0,1,23.0,,voiture,,1,1,1,1,6
202300028267,2023-11-09 09:05:00,2023,11,9,9,5,27,27070,RD 6014,49.292354,1.474539,Plein jour,Hors agglomération,Hors intersection,Normale,Deux véhicules - frontale,3,-1,2,0,1,1,2,0,1,80,2,2,1,0,1,0,66.0,30.0,voiture,voiture,1,1,1,1,1
202300028268,2023-03-04 15:30:00,2023,3,4,15,30,44,44109,Boulevard du Massacre,47.222539,-1.602686,Plein jour,En agglomération,Hors intersection,Normale,Deux véhicules - frontale,4,3,2,3,1,1,1,0,1,50,2,2,1,0,0,1,54.0,31.0,utilitaire_camion,deux_roues,1,2,1,1,1
202300028269,2023-11-12 21:20:00,2023,11,12,21,20,60,60355,N31,49.41208634,2.20560408,Nuit sans éclairage public,Hors agglomération,Hors intersection,Normale,Autre collision,2,1,2,0,2,2,1,0,1,110,1,1,0,0,1,0,20.0,,voiture,,3,1,1,1,6
202300028270,2023-05-25 17:45:00,2023,5,25,17,45,94,94021,A6A,48.76849278,2.34465162,Plein jour,Hors agglomération,Hors intersection,Normale,Deux véhicules - côté,1,1,3,0,1,1,1,0,1,90,2,2,0,0,0,2,25.0,37.0,voiture,voiture,1,1,1,1,3
202300028271,2023-03-04 17:10:00,2023,3,4,17,10,42,42218,Rue des Docteurs Charcot,45.41837,4.393,Plein jour,En agglomération,Hors intersection,Normale,Deux véhicules - côté,4,2,2,0,1,1,1,0,1,50,2,2,1,0,1,0,48.0,29.0,voiture,deux_roues,1,2,1,1,3
202300028272,2023-11-10 16:40:00,2023,11,10,16,40,69,69259,Boulevard Périphérique Laurent Bonnevay,45.71799,4.86651,Plein jour,Hors agglomération,Hors intersection,Normale,Deux véhicules - arrière,7,3,9,0,1,1,1,0,1,70,2,2,1,0,0,1,18.0,41.0,voiture,voiture,1,1,1,1,2
202300028273,2023-05-25 17:27:00,2023,5,25,17,27,91,91553,RN 104,48.63025,2.48593,Plein jour,Hors agglomération,Hors intersection,Normale,Deux véhicules - arrière,2,1,4,0,1,1,1,0,1,90,2,2,1,0,0,1,20.0,,deux_roues,voiture,1,1,1,1,2
202300028274,2023-03-04 10:50:00,2023,3,4,10,50,34,34172,Rue de la Madeleine,43.58303,3.860631,Plein jour,En agglomération,Hors intersection,Normale,Autre collision,4,2,2,0,1,1,1,6,4,50,1,3,1,0,1,1,28.0,,voiture,,1,2,1,1,6
202300028275,2023-11-13 07:50:00,2023,11,13,7,50,69,69271,Route Départementale 302,45.75057,4.98504,Plein jour,Hors agglomération,Hors intersection,Pluie légère,Autre collision,7,2,2,0,4,2,2,0,1,50,1,1,0,0,0,1,54.0,,voiture,,1,1,1,2,6
202300028276,2023-11-13 01:20:00,2023,11,13,1,20,42,42218,A72,45.440788,4.43201,Nuit sans éclairage public,Hors agglomération,Hors intersection,Pluie légère,Autre collision,1,3,4,0,1,1,2,0,1,70,1,2,1,0,1,0,61.0,,voiture,,3,1,1,2,6
202300028277,2023-05-25 14:21:00,2023,5,25,14,21,78,78007,A13W,48.89707,2.006425,Plein jour,Hors agglomération,Hors intersection,Normale,Trois véhicules et plus - en chaîne,1,-1,2,0,3,1,1,0,1,110,3,6,2,0,0,4,39.0,39.0,voiture,utilitaire_camion,1,1,1,1,4
202300028278,2023-03-05 18:30:00,2023,3,5,18,30,33,33063,Cours Victor Hugo,44.83496639,-0.57204679,Plein jour,En agglomération,Intersection en T,Normale,Deux véhicules - côté,4,3,4,3,1,1,1,-1,1,30,2,3,2,0,0,1,32.0,36.0,voiture,deux_roues,1,2,3,1,3
202300028278,2023-03-05 18:30:00,2023,3,5,18,30,33,33063,Cours Victor Hugo,44.83496639,-0.57204679,Plein jour,En agglomération,Intersection en T,Normale,Deux véhicules - côté,4,1,1,-1,1,1,1,6,1,-1,2,3,2,0,0,1,32.0,36.0,voiture,deux_roues,1,2,3,1,3
202300028279,2023-11-08 15:25:00,2023,11,8,15,25,57,57206,Autoroute A30,49.30607,6.12694,Plein jour,Hors agglomération,Hors intersection,Normale,Deux véhicules - arrière,1,1,2,0,2,2,1,0,1,90,2,3,1,0,0,2,19.0,36.0,voiture,voiture,1,1,1,1,2
202300028280,2023-03-05 18:15:00,2023,3,5,18,15,30,30243,Montée des Cyprès,44.10089,4.08126,Crépuscule ou aube,Hors agglomération,Hors intersection,Normale,Deux véhicules - frontale,3,2,2,0,2,2,1,0,1,70,2,3,0,0,0,3,69.0,64.0,voiture,voiture,2,1,1,1,1
202300028281,2023-05-25 11:15:00,2023,5,25,11,15,92,92047,A13,48.83444245,2.17035024,Plein jour,Hors agglomération,Hors intersection,Normale,Deux véhicules - côté,1,-1,3,0,1,1,1,0,1,90,2,5,4,0,0,1,28.0,47.0,deux_roues,voiture,1,1,1,1,3
202300028282,2023-11-13 19:55:00,2023,11,13,19,55,33,33281,ROCADE A 630,44.83649689,-0.67635655,Nuit avec éclairage non allumé,Hors agglomération,Hors intersection,Normale,Autre collision,1,3,6,0,1,1,1,0,1,90,1,2,1,0,0,1,20.0,,autre,,4,1,1,1,6
202300028283,2023-05-25 08:00:00,2023,5,25,8,0,78,78362,A13,48.977214,1.714992,Plein jour,Hors agglomération,Hors intersection,Normale,Deux véhicules - arrière,1,1,3,0,1,1,1,1,1,110,2,2,0,0,0,2,27.0,33.0,voiture,utilitaire_camion,1,1,1,1,2
202300028284,2023-03-05 09:40:00,2023,3,5,9,40,30,30007,Montée de Silhol,44.12751,4.09629,Plein jour,En agglomération,Intersection en T,Normale,Deux véhicules - côté,4,2,2,0,1,1,1,0,1,50,2,3,1,0,0,2,,26.0,voiture,voiture,1,2,3,1,3
202300028284,2023-03-05 09:40:00,2023,3,5,9,40,30,30007,Montée de Silhol,44.12751,4.09629,Plein jour,En agglomération,Intersection en T,Normale,Deux véhicules - côté,4,2,2,0,2,1,1,0,1,50,2,3,1,0,0,2,,26.0,voiture,voiture,1,2,3,1,3
202300028285,2023-09-09 10:40:00,2023,9,9,10,40,06,06088,DELFINO (BD GENERAL),43.705388,7.284645,Plein jour,En agglomération,Hors intersection,Normale,Autre collision,4,1,3,0,1,1,1,9,1,50,1,3,2,0,0,1,42.0,,voiture,,1,2,1,1,6
202300028286,2023-11-13 18:01:00,2023,11,13,18,1,33,33065,ROUTE NATIONALE 230,44.81128591,-0.52212685,Crépuscule ou aube,Hors agglomération,Hors intersection,Pluie légère,Trois véhicules et plus - en chaîne,2,3,6,0,2,2,2,0,1,90,3,5,4,0,0,1,68.0,42.0,voiture,utilitaire_camion,2,1,1,2,4
202300028287,2023-05-25 07:05:00,2023,5,25,7,5,78,78029,A13W,48.967012,1.854769,Plein jour,Hors agglomération,Hors intersection,Normale,Deux véhicules - arrière,1,-1,3,0,1,1,1,0,1,130,2,2,1,0,0,1,34.0,46.0,voiture,voiture,1,1,1,1,2
202300028288,2023-09-04 08:40:00,2023,9,4,8,40,03,03321,FERRY (PLACE JULES),46.56617,3.3536,Crépuscule ou aube,En agglomération,Place,Temps éblouissant,Autre collision,3,2,2,0,1,1,1,0,1,30,1,2,1,0,1,0,68.0,,voiture,,2,2,7,7,6
202300028289,2023-11-09 20:15:00,2023,11,9,20,15,62,62528,A21,50.44050212,2.77754155,Nuit sans éclairage public,Hors agglomération,Hors intersection,Pluie légère,Sans collision,1,1,2,0,1,1,2,0,1,110,1,2,1,0,1,0,60.0,,voiture,,3,1,1,2,7
202300028290,2023-02-24 04:15:00,2023,2,24,4,15,13,13211,EMMANUEL ALLARD (RUE),43.28997198,5.44059195,Nuit avec éclairage allumé,En agglomération,Hors intersection,Pluie légère,Deux véhicules - frontale,4,1,1,0,1,1,2,0,1,50,2,5,1,0,0,4,43.0,26.0,voiture,voiture,5,2,1,2,1