accident_id,datetime,annee,mois,jour,heure,minute,departement,commune_insee,adresse,latitude,longitude,luminosite,agglomeration,intersection,meteo,collision,catr,circ,nbv,vosp,prof,plan,surf,infra,situ,vma,nb_vehicules,nb_usagers,nb_indemnes,nb_tues,nb_blesses_hosp,nb_blesses_legers,age_cond_1,age_cond_2,veh_type_cond_1,veh_type_cond_2,lum_code,agg_code,int_code,atm_code,col_code
202300028441,2023-11-11 14:40:00,2023,11,11,14,40,77,77333,RUE DU SOUVENIR,48.26752,2.69931,Plein jour,En agglomération,Intersection en X,Normale,Deux véhicules - côté,3,1,1,0,2,1,1,0,1,50,2,3,2,0,0,1,36.0,18.0,deux_roues,voiture,1,2,2,1,3
202300028441,2023-11-11 14:40:00,2023,11,11,14,40,77,77333,RUE DU SOUVENIR,48.26752,2.69931,Plein jour,En agglomération,Intersection en X,Normale,Deux véhicules - côté,3,2,1,0,2,1,1,0,1,50,2,3,2,0,0,1,36.0,18.0,deux_roues,voiture,1,2,2,1,3
202300028442,2023-03-04 08:21:00,2023,3,4,8,21,38,38128,N85,44.822707,5.952648,Plein jour,Hors agglomération,Hors intersection,Temps couvert,Sans collision,2,2,2,0,2,2,1,0,3,80,1,3,0,0,3,0,63.0,,transport_commun,,1,1,1,8,7
202300028443,2023-09-09 20:45:00,2023,9,9,20,45,74,74208,8 Grand-rue salvador allende,45.921382,6.713821,Nuit avec éclairage allumé,En agglomération,Giratoire,Normale,Sans collision,3,2,1,0,1,1,1,5,1,50,1,1,0,0,0,1,54.0,,deux_roues,,5,2,6,1,7
202300028444,2023-05-23 20:08:00,2023,5,23,20,8,56,56098,MALACHAPPE (LIEU-DIT),47.77516,-3.30994,Plein jour,Hors agglomération,Hors intersection,Normale,Autre collision,4,2,2,0,1,1,1,-1,1,50,1,2,1,0,0,1,51.0,,voiture,,1,1,1,1,6
202300028445,2023-03-06 07:12:00,2023,3,6,7,12,65,65303,RD 817,43.195861,0.168934,Plein jour,Hors agglomération,Intersection en T,Normale,Sans collision,3,2,2,0,1,1,1,0,8,90,1,2,1,0,0,1,64.0,,transport_commun,,1,1,3,1,7
202300028445,2023-03-06 07:12:00,2023,3,6,7,12,65,65303,RD 817,43.195861,0.168934,Plein jour,Hors agglomération,Intersection en T,Normale,Sans collision,3,2, -1,-1,1,2,1,0,8,80,1,2,1,0,0,1,64.0,,transport_commun,,1,1,3,1,7
202300028446,2023-11-12 19:15:00,2023,11,12,19,15,76,76429,Rue d'Alsace,49.41121344,1.15246904,Nuit avec éclairage allumé,En agglomération,Intersection en X,Pluie légère,Deux véhicules - côté,4,2,2,0,1,1,2,0,1,30,2,2,1,0,1,0,25.0,26.0,voiture,deux_roues,5,2,2,2,3
202300028446,2023-11-12 19:15:00,2023,11,12,19,15,76,76429,Rue d'Alsace,49.41121344,1.15246904,Nuit avec éclairage allumé,En agglomération,Intersection en X,Pluie légère,Deux véhicules - côté,4,2,2,0,1,1,2,0,1,30,2,2,1,0,1,0,25.0,26.0,voiture,deux_roues,5,2,2,2,3
202300028447,2023-09-09 12:00:00,2023,9,9,12,0,74,74232,Route de l'église,45.796993,6.151687,Plein jour,Hors agglomération,Intersection en T,Normale,Deux véhicules - côté,3,2,2,0,2,3,1,0,1,80,2,2,1,0,1,0,57.0,74.0,deux_roues,voiture,1,1,3,1,3
202300028447,2023-09-09 12:00:00,2023,9,9,12,0,74,74232,Route de l'église,45.796993,6.151687,Plein jour,Hors agglomération,Intersection en T,Normale,Deux véhicules - côté,3,2, -1,-1,2,2,1,0,1,-1,2,2,1,0,1,0,57.0,74.0,deux_roues,voiture,1,1,3,1,3
202300028448,2023-03-03 23:15:00,2023,3,3,23,15,06,06088,A8 bretelle sortie nice est,43.7338839,7.2863813,Nuit sans éclairage public,Hors agglomération,Hors intersection,Normale,Sans collision,1,1,2,0,1,2,8,0,1,70,1,1,0,0,0,1,27.0,,deux_roues,,3,1,1,1,7
202300028449,2023-05-23 07:35:00,2023,5,23,7,35,54,54549,Rue du Maréchal Foch,48.63669,6.31517,Plein jour,En agglomération,Hors intersection,Normale,Deux véhicules - frontale,4,2,2,0,2,1,1,0,1,50,2,2,1,0,0,1,37.0,29.0,voiture,deux_roues,1,2,1,1,1
202300028450,2023-09-10 04:45:00,2023,9,10,4,45,76,76709,D20,49.47504,0.83509,Nuit sans éclairage public,Hors agglomération,Hors intersection,Normale,Autre collision,7,2,2,0,1,2,1,0,3,80,1,2,1,0,1,0,19.0,,voiture,,3,1,1,1,6
202300028451,2023-03-04 23:30:00,2023,3,4,23,30,987,98747,PK 3+100 coté montagne - AFAAHITI,-17.75563,-148.735973,Nuit avec éclairage allumé,Hors agglomération,Hors intersection,Normale,Sans collision,2,2,2,0,1,1,1,0,8,60,1,1,0,0,1,0,46.0,,voiture,,5,1,1,1,7
202300028452,2023-05-23 17:00:00,2023,5,23,17,0,50,50129,PLYMOUTH (AVENUE DE),49.6297,-1.6229,Plein jour,En agglomération,Hors intersection,Normale,Deux véhicules - arrière,4,2,2,0,1,1,1,0,1,50,2,2,1,0,0,1,56.0,34.0,utilitaire_camion,deux_roues,1,2,1,1,2
202300028453,2023-03-06 14:40:00,2023,3,6,14,40,976,97607,Rue Charles de Gaulle - Tsarar,-12.836024,45.171243,Plein jour,En agglomération,Intersection en T,Normale,Autre collision,4,2,2,0,2,1,1,0,1,30,1,2,1,0,0,1,28.0,,deux_roues,,1,2,3,1,6
202300028453,2023-03-06 14:40:00,2023,3,6,14,40,976,97607,Rue Charles de Gaulle - Tsarar,-12.836024,45.171243,Plein jour,En agglomération,Intersection en T,Normale,Autre collision,4,2, -1,-1,1,1,1,0,1,-1,1,2,1,0,0,1,28.0,,deux_roues,,1,2,3,1,6
202300028454,2023-11-11 17:57:00,2023,11,11,17,57,69,69264,Rue Leonard Cimetiere,45.97924,4.7305,Nuit avec éclairage allumé,En agglomération,Intersection en X,Normale,Autre collision,3,2,2,0,1,1,2,0,1,50,1,2,1,0,1,0,,,voiture,,5,2,2,1,6
202300028454,2023-11-11 17:57:00,2023,11,11,17,57,69,69264,Rue Leonard Cimetiere,45.97924,4.7305,Nuit avec éclairage allumé,En agglomération,Intersection en X,Normale,Autre collision,3,1,2,0,1,2,2,0,1,50,1,2,1,0,1,0,,,voiture,,5,2,2,1,6
202300028455,2023-09-09 15:45:00,2023,9,9,15,45,80,80163,D925,50.108209,1.786389,Plein jour,Hors agglomération,Intersection en X,Normale,Deux véhicules - frontale,1,2,0,0,1,1,1,0,1,80,2,4,2,1,1,0,27.0,38.0,deux_roues,voiture,1,1,2,1,1
202300028455,2023-09-09 15:45:00,2023,9,9,15,45,80,80163,D925,50.108209,1.786389,Plein jour,Hors agglomération,Intersection en X,Normale,Deux véhicules - frontale,1,3,2,-1,1,1,1,0,1,-1,2,4,2,1,1,0,27.0,38.0,deux_roues,voiture,1,1,2,1,1
202300028456,2023-05-23 14:25:00,2023,5,23,14,25,50,50129,FLAMANDS (ROND POINT),49.65341,-1.57824,Plein jour,Hors agglomération,Giratoire,Normale,Deux véhicules - arrière,2,2,0,0,1,2,1,0,1,50,2,2,1,0,0,1,60.0,58.0,voiture,voiture,1,1,6,1,2
202300028456,2023-05-23 14:25:00,2023,5,23,14,25,50,50129,FLAMANDS (ROND POINT),49.65341,-1.57824,Plein jour,Hors agglomération,Giratoire,Normale,Deux véhicules - arrière,2,2,0,0,1,1,1,0,1,50,2,2,1,0,0,1,60.0,58.0,voiture,voiture,1,1,6,1,2
202300028457,2023-11-11 17:55:00,2023,11,11,17,55,64,64445,LEON BERARD,43.31207701,-0.36718905,Nuit avec éclairage allumé,En agglomération,Hors intersection,Pluie forte,Autre collision,4,3,0,0,1,1,2,0,1,50,1,3,2,0,0,1,23.0,,voiture,,5,2,1,3,6
202300028458,2023-03-05 20:20:00,2023,3,5,20,20,973,97311,D11,5.407826,-54.059429,Nuit sans éclairage public,Hors agglomération,Hors intersection,Normale,Sans collision,3,2,2,0,1,3,1,0,3,70,1,8,5,0,0,3,35.0,,voiture,,3,1,1,1,7
202300028459,2023-05-23 11:30:00,2023,5,23,11,30,49,49267,RD 347,47.47221,-0.4595,Plein jour,Hors agglomération,Hors intersection,Normale,Deux véhicules - frontale,3,2,2,0,1,1,1,0,1,90,2,2,1,0,0,1,46.0,41.0,voiture,voiture,1,1,1,1,1
202300028460,2023-11-12 03:40:00,2023,11,12,3,40,63,63113,DURTOL (RUE DE),45.78938216,3.06205273,Nuit sans éclairage public,En agglomération,Hors intersection,Pluie forte,Autre collision,7,1,2,0,2,1,2,0,1,30,2,2,1,0,0,1,21.0,25.0,voiture,voiture,3,2,1,3,6
202300028461,2023-03-06 00:30:00,2023,3,6,0,30,78,78531,"Autoroute A13, PK055+700",49.013128,1.590976,Nuit sans éclairage public,Hors agglomération,Hors intersection,Normale,Deux véhicules - arrière,1,3,3,0,1,1,1,0,1,130,2,2,1,0,0,1,20.0,23.0,voiture,utilitaire_camion,3,1,1,1,2
202300028462,2023-05-23 12:35:00,2023,5,23,12,35,49,49007,CHATENAY AVENUE VICTOR,47.48838,-0.51045,Plein jour,En agglomération,Intersection en T,Normale,Autre collision,4,3,2,0,1,1,1,0,1,50,1,2,1,0,0,1,26.0,,deux_roues,,1,2,3,1,6
202300028462,2023-05-23 12:35:00,2023,5,23,12,35,49,49007,CHATENAY AVENUE VICTOR,47.48838,-0.51045,Plein jour,En agglomération,Intersection en T,Normale,Autre collision,4,2, -1,-1,1,1,1,0,1,-1,1,2,1,0,0,1,26.0,,deux_roues,,1,2,3,1,6
202300028463,2023-03-05 19:40:00,2023,3,5,19,40,11,11049,,43.264409,2.123301,Nuit sans éclairage public,Hors agglomération,Hors intersection,Normale,Autre collision,3,2,2,0,1,1,1,0,3,90,1,1,0,0,1,0,20.0,,voiture,,3,1,1,1,6
202300028464,2023-09-09 11:50:00,2023,9,9,11,50,65,65018,D126,42.991417,-0.276192,Plein jour,Hors agglomération,Hors intersection,Normale,Deux véhicules - frontale,3,2,2,0,1,2,1,0,1,80,2,2,0,0,1,1,42.0,63.0,deux_roues,deux_roues,1,1,1,1,1
202300028465,2023-05-24 19:00:00,2023,5,24,19,0,37,37261,AUBERDIERE (RUE DE L'),47.36574,0.6987,Plein jour,En agglomération,Hors intersection,Normale,Deux véhicules - arrière,4,1,1,0,1,3,1,0,1,30,2,2,1,0,0,1,19.0,33.0,voiture,voiture,1,2,1,1,2
202300028466,2023-02-19 10:30:00,2023,2,19,10,30,34,34199,1 Rue Montmorency,43.462173,3.423142,Plein jour,En agglomération,Hors intersection,Normale,Autre collision,4,2,1,0,1,2,1,0,1,30,1,2,1,0,0,1,,,voiture,,1,2,1,1,6
202300028467,2023-11-11 17:00:00,2023,11,11,17,0,62,62239,D304,50.921197,1.838829,Nuit avec éclairage allumé,En agglomération,Giratoire,Normale,Trois véhicules et plus - collisions multiples,3,2,2,0,1,3,1,0,1,50,4,10,5,0,1,4,29.0,31.0,utilitaire_camion,utilitaire_camion,5,2,6,1,5
202300028467,2023-11-11 17:00:00,2023,11,11,17,0,62,62239,D304,50.921197,1.838829,Nuit avec éclairage allumé,En agglomération,Giratoire,Normale,Trois véhicules et plus - collisions multiples,3,3,2,0,1,1,1,0,1,50,4,10,5,0,1,4,29.0,31.0,utilitaire_camion,utilitaire_camion,5,2,6,1,5
202300028468,2023-05-24 19:10:00,2023,5,24,19,10,35,35278,Rue du Général de Gaulle,48.13957,-1.68648,Plein jour,En agglomération,Hors intersection,Normale,Deux véhicules - côté,4,3,2,3,1,1,1,0,1,50,2,2,1,0,0,1,41.0,46.0,voiture,deux_roues,1,2,1,1,3
202300028469,2023-09-08 08:25:00,2023,9,8,8,25,69,69066,2 Rue de Lyon,46.097452,4.314011,Plein jour,En agglomération,Hors intersection,Normale,Deux véhicules - côté,3,2,2,0,1,1,1,0,1,50,2,2,1,0,1,0,46.0,16.0,utilitaire_camion,deux_roues,1,2,1,1,3
202300028470,2023-01-05 14:33:00,2023,1,5,14,33,34,34057,11 Avenue de la Moutte,43.63432,3.906316,Plein jour,En agglomération,Hors intersection,Normale,Autre collision,4,2,2,0,1,1,1,0,1,50,1,2,1,0,1,0,52.0,,voiture,,1,2,1,1,6
202300028471,2023-09-08 14:40:00,2023,9,8,14,40,71,71190,9 Rue du 19 Mars 1962,46.989112,4.523182,Plein jour,En agglomération,Hors intersection,Normale,Autre collision,6,-1, -1,0,1,1,1,0,1,-1,1,1,0,0,0,1,79.0,,voiture,,1,2,1,1,6
202300028472,2023-11-12 18:15:00,2023,11,12,18,15,61,61001,D27 PR 0+880,48.43351,0.10691,Nuit avec éclairage allumé,En agglomération,Intersection en X,Pluie légère,Deux véhicules - côté,3,2,2,0,1,1,2,0,1,50,2,4,2,0,0,2,15.0,23.0,deux_roues,voiture,5,2,2,2,3
202300028472,2023-11-12 18:15:00,2023,11,12,18,15,61,61001,D27 PR 0+880,48.43351,0.10691,Nuit avec éclairage allumé,En agglomération,Intersection en X,Pluie légère,Deux véhicules - côté,3,2,2,0,1,1,2,0,1,30,2,4,2,0,0,2,15.0,23.0,deux_roues,voiture,5,2,2,2,3
202300028473,2023-05-24 12:30:00,2023,5,24,12,30,35,35238,VERN (DE),48.08813,-1.6447,Plein jour,En agglomération,Hors intersection,Normale,Trois véhicules et plus - en chaîne,4,3,2,2,1,1,1,0,1,50,3,3,2,0,0,1,42.0,32.0,voiture,voiture,1,2,1,1,4
202300028474,2023-09-09 11:15:00,2023,9,9,11,15,71,71305,Route Departementale 906,46.464756,4.893808,Plein jour,Hors agglomération,Intersection en X,Normale,Deux véhicules - côté,3,2,3,0,1,1,1,0,1,80,2,3,2,1,0,0,66.0,78.0,voiture,deux_roues,1,1,2,1,3
202300028474,2023-09-09 11:15:00,2023,9,9,11,15,71,71305,Route Departementale 906,46.464756,4.893808,Plein jour,Hors agglomération,Intersection en X,Normale,Deux véhicules - côté,3,2,3,0,2,1,1,0,8,80,2,3,2,1,0,0,66.0,78.0,voiture,deux_roues,1,1,2,1,3
202300028475,2023-11-12 22:10:00,2023,11,12,22,10,59,59650,FAIDHERBE (RUE),50.69951,3.20678,Nuit avec éclairage allumé,En agglomération,Hors intersection,Pluie légère,Deux véhicules - arrière,4,2,2,0,1,1,2,0,1,50,2,2,0,0,0,2,41.0,21.0,utilitaire_camion,voiture,5,2,1,2,2
202300028476,2023-09-09 19:20:00,2023,9,9,19,20,63,63047,D645,45.572591,2.768665,Crépuscule ou aube,Hors agglomération,Hors intersection,Temps éblouissant,Sans collision,3,2,2,0,3,3,1,0,3,90,1,1,0,0,0,1,60.0,,deux_roues,,2,1,1,7,7
202300028477,2023-11-10 17:40:00,2023,11,10,17,40,59,59507,MARNE AVENUE DE LA,50.60191,3.08065,Nuit avec éclairage allumé,En agglomération,Hors intersection,Pluie forte,Autre collision,4,2,2,0,1,1,2,0,1,30,1,3,2,0,0,1,72.0,,voiture,,5,2,1,3,6
202300028478,2023-05-24 07:50:00,2023,5,24,7,50,33,33063,Rue Beck,44.821,-0.55,Plein jour,En agglomération,Intersection en X,Normale,Deux véhicules - côté,4,2,2,2,1,1,1,8,1,50,2,2,1,0,1,0,52.0,42.0,utilitaire_camion,deux_roues,1,2,2,1,3
202300028478,2023-05-24 07:50:00,2023,5,24,7,50,33,33063,Rue Beck,44.821,-0.55,Plein jour,En agglomération,Intersection en X,Normale,Deux véhicules - côté,4,2,2,1,1,1,1,8,1,50,2,2,1,0,1,0,52.0,42.0,utilitaire_camion,deux_roues,1,2,2,1,3
202300028479,2023-09-09 18:00:00,2023,9,9,18,0,42,42011,Rue du 8 Mai,45.816365,4.186644,Plein jour,En agglomération,Hors intersection,Normale,Deux véhicules - côté,3,2,2,0,1,1,1,0,1,50,2,2,1,0,1,0,70.0,15.0,voiture,deux_roues,1,2,1,1,3
202300028480,2023-11-11 11:45:00,2023,11,11,11,45,51,51454,MARCHANDEAU (AVENUE PAUL),49.24067,4.02208,Plein jour,En agglomération,Hors intersection,Normale,Deux véhicules - arrière,4,1,2,0,1,1,1,0,1,50,2,4,2,0,0,2,41.0,62.0,voiture,utilitaire_camion,1,2,1,1,2
202300028481,2023-09-09 22:45:00,2023,9,9,22,45,68,68205,RD 3bis,47.90458,7.4018,Nuit sans éclairage public,Hors agglomération,Intersection en X,Normale,Deux véhicules - frontale,3,2,2,0,1,1,1,0,1,80,2,3,0,0,1,2,24.0,23.0,voiture,voiture,3,1,2,1,1
202300028481,2023-09-09 22:45:00,2023,9,9,22,45,68,68205,RD 3bis,47.90458,7.4018,Nuit sans éclairage public,Hors agglomération,Intersection en X,Normale,Deux véhicules - frontale,3,2,2,0,1,1,1,0,1,-1,2,3,0,0,1,2,24.0,23.0,voiture,voiture,3,1,2,1,1
202300028482,2023-11-10 11:15:00,2023,11,10,11,15,47,47215,GAULLE (avecue Charles de),44.39421812,0.69313092,Plein jour,Hors agglomération,Hors intersection,Temps couvert,Autre collision,3,2,2,0,1,3,1,0,1,50,1,2,1,0,0,1,22.0,,voiture,,1,1,1,8,6
202300028483,2023-09-09 08:45:00,2023,9,9,8,45,25,25074,Rue du Grand Communal,47.184204,6.725859,Plein jour,En agglomération,Hors intersection,Temps éblouissant,Deux véhicules - côté,4,2,2,0,1,1,1,0,1,50,2,3,2,0,0,1,81.0,86.0,voiture,voiture,1,2,1,7,3
202300028484,2023-11-12 11:30:00,2023,11,12,11,30,45,45234,Place Halmagrand,47.9057,1.90973,Plein jour,En agglomération,Place,Normale,Deux véhicules - côté,4,3,6,0,1,1,1,5,1,50,2,2,1,0,0,1,29.0,48.0,voiture,voiture,1,2,7,1,3
202300028485,2023-09-09 19:00:00,2023,9,9,19,0,25,25463,Place du General de Gaulle,47.382024,6.771308,Crépuscule ou aube,En agglomération,Hors intersection,Temps éblouissant,Autre collision,3,2,2,0,1,1,1,9,1,50,1,2,1,0,1,0,20.0,,voiture,,2,2,1,7,6
202300028486,2023-09-09 01:20:00,2023,9,9,1,20,35,35025,,48.303893,-1.283587,Nuit sans éclairage public,Hors agglomération,Hors intersection,Brouillard / fumée,Autre collision,3,2,2,0,2,2,1,0,3,80,1,2,0,0,0,2,21.0,,voiture,,3,1,1,5,6
202300028487,2023-11-12 15:50:00,2023,11,12,15,50,42,42207,Rue Claudius Moleyre,45.46993,4.52856,Plein jour,En agglomération,Intersection en Y,Normale,Deux véhicules - côté,7,1,1,0,2,1,2,5,5,50,2,2,1,0,1,0,56.0,49.0,deux_roues,voiture,1,2,4,1,3
202300028487,2023-11-12 15:50:00,2023,11,12,15,50,42,42207,Rue Claudius Moleyre,45.46993,4.52856,Plein jour,En agglomération,Intersection en Y,Normale,Deux véhicules - côté,7,2,1,1,1,1,2,5,5,30,2,2,1,0,1,0,56.0,49.0,deux_roues,voiture,1,2,4,1,3
202300028488,2023-09-10 05:17:00,2023,9,10,5,17,31,31104,D10,43.336322,1.251647,Nuit sans éclairage public,Hors agglomération,Hors intersection,Normale,Autre collision,3,3,2,0,1,3,1,0,8,80,1,1,0,1,0,0,21.0,,voiture,,3,1,1,1,6
202300028489,2023-09-09 23:15:00,2023,9,9,23,15,38,38457,Rue du Moulin,45.342965,5.254405,Nuit sans éclairage public,Hors agglomération,Hors intersection,Normale,Sans collision,4,2,2,0,2,3,1,0,3,50,1,4,0,0,2,2,19.0,,voiture,,3,1,1,1,7
202300028490,2023-11-11 16:03:00,2023,11,11,16,3,38,38563,Avenue Francois Mitterrand,45.36342,5.59273,Plein jour,En agglomération,Autre intersection,Normale,Deux véhicules - arrière,4,2,2,0,1,1,1,0,1,50,2,4,2,0,0,2,24.0,46.0,voiture,voiture,1,2,9,1,2
202300028491,2023-11-12 16:00:00,2023,11,12,16,0,35,35238,ALBERT 1ER (BD),48.08983,-1.68547,Plein jour,En agglomération,Giratoire,Normale,Deux véhicules - côté,4,3,2,2,1,1,2,0,1,30,2,2,1,0,0,1,28.0,43.0,deux_roues,voiture,1,2,6,1,3
202300028492,2023-09-09 23:05:00,2023,9,9,23,5,02,02316,,49.278386,3.152689,Nuit sans éclairage public,Hors agglomération,Hors intersection,Normale,Deux véhicules - arrière,2,3,4,0,1,1,1,0,1,110,2,5,3,1,0,1,33.0,25.0,deux_roues,voiture,3,1,1,1,2
202300028493,2023-09-09 12:50:00,2023,9,9,12,50,02,02450,55 Rue des Patriotes,49.885923,3.554036,Plein jour,Hors agglomération,Hors intersection,Normale,Sans collision,4,2,2,0,1,1,6,0,1,50,1,1,0,0,1,0,63.0,,deux_roues,,1,1,1,1,7
202300028494,2023-09-09 10:50:00,2023,9,9,10,50,02,02248,,49.670752,3.814359,Plein jour,Hors agglomération,Hors intersection,Temps éblouissant,Autre collision,3,2,2,0,1,1,1,0,5,80,1,1,0,0,1,0,57.0,,deux_roues,,1,1,1,7,6
202300028495,2023-11-11 17:55:00,2023,11,11,17,55,34,34172,SAINT MAUR (AVENUE DE),43.61764,3.89272,Nuit avec éclairage allumé,En agglomération,Intersection en T,Normale,Deux véhicules - côté,4,2,1,0,1,1,1,0,1,30,2,2,1,0,0,1,16.0,,deux_roues,voiture,5,2,3,1,3
202300028495,2023-11-11 17:55:00,2023,11,11,17,55,34,34172,SAINT MAUR (AVENUE DE),43.61764,3.89272,Nuit avec éclairage allumé,En agglomération,Intersection en T,Normale,Deux véhicules - côté,4,2,2,0,1,1,1,0,1,30,2,2,1,0,0,1,16.0,,deux_roues,voiture,5,2,3,1,3
202300028496,2023-09-10 04:05:00,2023,9,10,4,5,15,15037,RD 15,45.356865,2.402583,Nuit avec éclairage allumé,En agglomération,Hors intersection,Normale,Autre collision,3,2,2,0,1,1,1,0,1,50,1,1,0,0,1,0,50.0,,voiture,,5,2,1,1,6
202300028497,2023-11-12 02:24:00,2023,11,12,2,24,28,28134,BOIS SABOT (RUE DU),48.73724,1.36134,Nuit avec éclairage allumé,En agglomération,Hors intersection,Pluie forte,Autre collision,3,2,2,0,2,3,2,0,1,50,1,2,1,0,0,1,26.0,,voiture,,5,2,1,3,6
202300028498,2023-09-08 09:35:00,2023,9,8,9,35,70,70467,Rue Romaine,47.889036,6.271938,Plein jour,En agglomération,Intersection en Y,Normale,Deux véhicules - côté,4,2,2,0,2,2,1,0,1,50,2,2,1,0,1,0,85.0,18.0,voiture,deux_roues,1,2,4,1,3
202300028498,2023-09-08 09:35:00,2023,9,8,9,35,70,70467,Rue Romaine,47.889036,6.271938,Plein jour,En agglomération,Intersection en Y,Normale,Deux véhicules - côté,4,2,2,0,2,3,1,0,1,50,2,2,1,0,1,0,85.0,18.0,voiture,deux_roues,1,2,4,1,3
202300028499,2023-12-17 19:22:00,2023,12,17,19,22,91,91340,AUTOROUTE A6,48.601,2.438,Nuit avec éclairage non allumé,Hors agglomération,Hors intersection,Brouillard / fumée,Deux véhicules - arrière,1,1,3,0,1,1,1,0,1,110,2,2,1,0,0,1,28.0,35.0,voiture,deux_roues,4,1,1,5,2
202300028500,2023-09-08 17:10:00,2023,9,8,17,10,05,05124,Route de La Rochette,44.581634,6.130779,Plein jour,Hors agglomération,Hors intersection,Normale,Sans collision,3,2,2,0,2,2,1,0,3,80,1,1,0,0,0,1,28.0,,deux_roues,,1,1,1,1,7
202300028501,2023-12-17 07:30:00,2023,12,17,7,30,91,91377,RD 120,48.71793,2.29231,Nuit sans éclairage public,Hors agglomération,Hors intersection,Normale,Deux véhicules - arrière,1,3,3,0,1,1,1,0,1,90,2,2,1,0,0,1,26.0,23.0,voiture,utilitaire_camion,3,1,1,1,2
202300028502,2023-11-07 17:41:00,2023,11,7,17,41,17,17200,VENDOME   RUE DU MOULIN  DE,46.17805,-1.15374,Crépuscule ou aube,En agglomération,Hors intersection,Normale,Autre collision,3,2,2,0,1,1,1,0,1,30,1,3,2,1,0,0,77.0,,voiture,,2,2,1,1,6
202300028503,2023-12-17 05:45:00,2023,12,17,5,45,91,91689,AUTOROUTE A6A,48.7284,2.3142,Nuit avec éclairage non allumé,Hors agglomération,Hors intersection,Brouillard / fumée,Deux véhicules - côté,1,2,3,0,1,1,1,0,1,110,2,2,1,0,0,1,29.0,76.0,voiture,voiture,4,1,1,5,3
202300028504,2023-09-09 16:20:00,2023,9,9,16,20,60,60438,D 335,49.478819,3.067739,Plein jour,Hors agglomération,Hors intersection,Temps éblouissant,Trois véhicules et plus - collisions multiples,3,2,2,0,2,2,1,0,1,80,3,5,3,1,1,0,29.0,55.0,voiture,deux_roues,1,1,1,7,5
202300028505,2023-11-12 01:30:00,2023,11,12,1,30,13,13103,BOULEVARD CHURCHILL -WINSTON,43.65072,5.08396,Nuit sans éclairage public,En agglomération,Hors intersection,Pluie légère,Deux véhicules - frontale,7,2,2,0,1,1,2,0,1,50,2,4,2,0,0,2,58.0,36.0,voiture,voiture,3,2,1,2,1
202300028506,2023-12-16 22:35:00,2023,12,16,22,35,91,91534,RN 118,48.72959,2.16536,Nuit sans éclairage public,Hors agglomération,Hors intersection,Normale,Sans collision,2,3,2,0,1,2,1,0,3,110,1,2,1,0,0,1,21.0,,utilitaire_camion,,3,1,1,1,7
202300028507,2023-09-09 17:15:00,2023,9,9,17,15,45,45154,19 Place Lucien Bourgon,47.9899,1.836466,Plein jour,En agglomération,Giratoire,Normale,Autre collision,4,1,1,0,1,2,1,0,1,50,1,1,0,1,0,0,61.0,,voiture,,1,2,6,1,6
202300028508,2023-09-09 16:00:00,2023,9,9,16,0,24,24376,Rue du Docteur Paul Broquaire,45.204258,0.140392,Plein jour,En agglomération,Hors intersection,Normale,Sans collision,4,2,2,0,2,1,1,0,1,50,1,1,0,0,1,0,54.0,,deux_roues,,1,2,1,1,7
202300028509,2023-11-12 15:20:00,2023,11,12,15,20,13,13203,ROGER SALENGRO (AVENUE),43.31891,5.36768,Plein jour,En agglomération,Intersection en X,Normale,Deux véhicules - côté,4,3,4,0,1,1,1,5,1,50,2,2,0,0,1,1,31.0,21.0,deux_roues,deux_roues,1,2,2,1,3
202300028510,2023-12-17 10:55:00,2023,12,17,10,55,95,95018,A15,48.95845019,2.27428978,Plein jour,Hors agglomération,Hors intersection,Normale,Deux véhicules - arrière,1,3,4,0,1,1,1,0,1,110,2,2,1,0,0,1,44.0,41.0,voiture,deux_roues,1,1,1,1,2
202300028511,2023-12-17 01:05:00,2023,12,17,1,5,92,92036,AUTOROUTE A15,48.94012834,2.29364245,Nuit sans éclairage public,Hors agglomération,Hors intersection,Normale,Autre collision,1,1,4,0,1,3,1,3,1,50,1,1,0,0,0,1,59.0,,voiture,,3,1,1,1,6
202300028512,2023-09-09 10:30:00,2023,9,9,10,30,04,04054,N85,44.015653,6.233572,Plein jour,Hors agglomération,Autre intersection,Normale,Deux véhicules - frontale,2,2,2,0,2,3,1,0,1,80,2,3,1,0,2,0,32.0,83.0,deux_roues,voiture,1,1,9,1,1
202300028512,2023-09-09 10:30:00,2023,9,9,10,30,04,04054,N85,44.015653,6.233572,Plein jour,Hors agglomération,Autre intersection,Normale,Deux véhicules - frontale,2,-1, -1,-1,-1,-1,1,-1,-1,-1,2,3,1,0,2,0,32.0,83.0,deux_roues,voiture,1,1,9,1,1
202300028513,2023-11-12 13:00:00,2023,11,12,13,0,13,13215,SAINT ANTOINE (AVENUE DE),43.37868,5.35716,Plein jour,En agglomération,Hors intersection,Normale,Deux véhicules - frontale,4,2,2,0,1,1,1,0,1,50,3,3,2,0,1,0,,23.0,voiture,deux_roues,1,2,1,1,1
202300028514,2023-12-16 05:00:00,2023,12,16,5,0,95,95018,A15,48.9519,2.27987,Nuit sans éclairage public,Hors agglomération,Hors intersection,Normale,Deux véhicules - arrière,1,3,4,0,1,1,1,2,1,110,2,3,0,0,0,3,46.0,23.0,voiture,voiture,3,1,1,1,2