accident_id,datetime,annee,mois,jour,heure,minute,departement,commune_insee,adresse,latitude,longitude,luminosite,agglomeration,intersection,meteo,collision,catr,circ,nbv,vosp,prof,plan,surf,infra,situ,vma,nb_vehicules,nb_usagers,nb_indemnes,nb_tues,nb_blesses_hosp,nb_blesses_legers,age_cond_1,age_cond_2,veh_type_cond_1,veh_type_cond_2,lum_code,agg_code,int_code,atm_code,col_code
202300028590,2023-12-16 08:40:00,2023,12,16,8,40,972,97213,,14.65202,-61.01109,Plein jour,Hors agglomération,Intersection en T,Normale,Deux véhicules - côté,3,2,2,0,1,1,1,0,1,50,2,2,1,0,1,0,43.0,66.0,deux_roues,voiture,1,1,3,1,3
202300028591,2023-09-08 08:30:00,2023,9,8,8,30,03,03315,27 Avenue Felix Mioche,46.398046,2.856013,Plein jour,En agglomération,Intersection en T,Normale,Deux véhicules - côté,3,2,2,0,1,1,1,0,1,50,2,2,1,0,1,0,43.0,52.0,voiture,deux_roues,1,2,3,1,3
202300028591,2023-09-08 08:30:00,2023,9,8,8,30,03,03315,27 Avenue Felix Mioche,46.398046,2.856013,Plein jour,En agglomération,Intersection en T,Normale,Deux véhicules - côté,3,1,2,0,1,1,1,0,1,30,2,2,1,0,1,0,43.0,52.0,voiture,deux_roues,1,2,3,1,3
202300028592,2023-11-11 02:45:00,2023,11,11,2,45,35,35328,D777,47.792789,-2.018523,Nuit sans éclairage public,Hors agglomération,Hors intersection,Normale,Deux véhicules - côté,3,2,2,0,1,1,1,0,1,80,2,4,2,0,2,0,35.0,25.0,voiture,voiture,3,1,1,1,3
202300028593,2023-12-16 19:00:00,2023,12,16,19,0,69,69034,Avenue Général de Gaulle,45.81466064,4.8620819,Nuit avec éclairage allumé,En agglomération,Intersection en T,Normale,Deux véhicules - côté,7,2,2,2,1,1,1,0,1,50,2,2,1,0,0,1,25.0,48.0,voiture,deux_roues,5,2,3,1,3
202300028593,2023-12-16 19:00:00,2023,12,16,19,0,69,69034,Avenue Général de Gaulle,45.81466064,4.8620819,Nuit avec éclairage allumé,En agglomération,Intersection en T,Normale,Deux véhicules - côté,7,2,3,0,1,1,1,0,1,50,2,2,1,0,0,1,25.0,48.0,voiture,deux_roues,5,2,3,1,3
202300028594,2023-09-08 18:45:00,2023,9,8,18,45,38,38468,Carrefour (Supermarché),45.341679,4.804834,Plein jour,En agglomération,Autre intersection,Normale,Deux véhicules - côté,2,-1,1,0,1,1,1,9,6,50,2,2,1,0,0,1,18.0,15.0,voiture,deux_roues,1,2,9,1,3
202300028595,2023-11-11 14:50:00,2023,11,11,14,50,2A,2A348,rue danielle casanova - route departementale 23,42.166676,8.797538,Plein jour,En agglomération,Hors intersection,Normale,Sans collision,3,2,2,0,2,1,1,0,1,50,1,1,0,0,1,0,47.0,,deux_roues,,1,2,1,1,7
202300028596,2023-12-16 12:30:00,2023,12,16,12,30,971,97101,PATRICK SAINT ELOI ( AVENUE ),16.25528321,-61.52180672,Plein jour,En agglomération,Hors intersection,Normale,Deux véhicules - frontale,3,3,4,0,1,1,1,0,1,50,2,2,0,1,0,1,44.0,21.0,deux_roues,voiture,1,2,1,1,1
202300028597,2023-08-30 10:30:00,2023,8,30,10,30,07,07324,46 Quai Farconnet,45.069168,4.829125,Plein jour,En agglomération,Hors intersection,Normale,Deux véhicules - côté,3,2,2,0,1,1,1,0,1,30,2,2,1,0,0,1,40.0,,deux_roues,utilitaire_camion,1,2,1,1,3
202300028598,2023-11-12 10:00:00,2023,11,12,10,0,51,51066,D396,48.660602,4.57952,Plein jour,Hors agglomération,Hors intersection,Pluie légère,Deux véhicules - frontale,3,2,2,0,1,3,2,0,1,80,2,2,1,0,1,0,55.0,26.0,voiture,voiture,1,1,1,2,1
202300028599,2023-09-10 06:50:00,2023,9,10,6,50,01,01405,D1083,46.14366,5.173568,Plein jour,Hors agglomération,Hors intersection,Normale,Autre collision,3,2,2,0,1,1,1,0,1,80,1,2,0,0,2,0,22.0,,deux_roues,,1,1,1,1,6
202300028600,2023-12-16 10:00:00,2023,12,16,10,0,971,97101,AMEDEE ABARRE - SALLE D'ASILE (RUE),16.26372348,-61.50746226,Plein jour,Hors agglomération,Hors intersection,Normale,Deux véhicules - arrière,3,-1,2,0,1,1,1,0,1,50,2,2,1,0,0,1,64.0,56.0,voiture,voiture,1,1,1,1,2
202300028601,2023-11-11 09:45:00,2023,11,11,9,45,43,43071,D1,45.236195,3.818784,Plein jour,Hors agglomération,Hors intersection,Temps éblouissant,Sans collision,3,2,2,0,2,3,2,0,3,90,1,2,0,0,1,1,72.0,,voiture,,1,1,1,7,7
202300028602,2023-09-09 12:55:00,2023,9,9,12,55,65,65335,RD 8 - PR 010.900 - sens POUZAC vers TARBES,43.1028,0.133284,Plein jour,Hors agglomération,Hors intersection,Normale,Sans collision,3,2,2,0,1,1,1,0,1,90,1,1,0,0,0,1,37.0,,deux_roues,,1,1,1,1,7
202300028603,2023-12-16 17:10:00,2023,12,16,17,10,95,95427,JULES FERRY (RUE),48.968331,2.3429,Nuit avec éclairage allumé,En agglomération,Autre intersection,Normale,Deux véhicules - côté,4,-1,2,0,1,1,1,0,1,50,2,2,1,0,1,0,55.0,55.0,utilitaire_camion,deux_roues,5,2,9,1,3
202300028604,2023-11-10 18:47:00,2023,11,10,18,47,43,43040,Avenue Léon Blum,45.290901,3.385372,Nuit avec éclairage allumé,En agglomération,Place,Autre,Deux véhicules - côté,3,4,2,3,1,1,2,0,1,50,2,2,1,0,1,0,71.0,17.0,voiture,deux_roues,5,2,7,9,3
202300028605,2023-09-09 05:00:00,2023,9,9,5,0,40,40182,D38,44.102972,-1.182135,Nuit sans éclairage public,Hors agglomération,Hors intersection,Normale,Autre collision,3,2,2,0,1,2,1,0,3,80,1,1,0,0,1,0,42.0,,voiture,,3,1,1,1,6
202300028606,2023-12-16 17:20:00,2023,12,16,17,20,91,91479,AV DE VERDUN,48.70572,2.36143,Nuit avec éclairage allumé,En agglomération,Hors intersection,Normale,Autre collision,3,2,2,2,1,1,1,0,5,50,1,2,1,0,0,1,22.0,,deux_roues,,5,2,1,1,6
202300028607,2023-11-13 07:00:00,2023,11,13,7,0,33,33076,D11,44.520232,-0.43588,Crépuscule ou aube,Hors agglomération,Hors intersection,Normale,Deux véhicules - frontale,3,2,2,0,1,1,2,0,1,80,2,2,1,0,1,0,42.0,36.0,voiture,utilitaire_camion,2,1,1,1,1
202300028608,2023-09-09 00:30:00,2023,9,9,0,30,40,40202,110 Route de Sort,43.691841,-0.982636,Nuit sans éclairage public,Hors agglomération,Hors intersection,Normale,Autre collision,3,2,2,0,1,1,1,0,3,70,1,1,0,0,1,0,25.0,,voiture,,3,1,1,1,6
202300028609,2023-12-16 10:00:00,2023,12,16,10,0,91,91326,COUR DE FRANCE (AVENUE DE LA),48.69163,2.37802,Plein jour,En agglomération,Hors intersection,Normale,Autre collision,3,3,2,0,1,1,1,0,4,50,1,1,0,0,0,1,75.0,,voiture,,1,2,1,1,6
202300028610,2023-11-11 11:40:00,2023,11,11,11,40,81,81115,205 Boulevard Carnot,43.475334,2.651766,Plein jour,En agglomération,Hors intersection,Normale,Autre collision,3,2,2,0,1,1,1,0,3,50,1,2,1,0,1,0,66.0,,voiture,,1,2,1,1,6
202300028611,2023-11-22 12:20:00,2023,11,22,12,20,84,84035,63 Avenue Prosper Mérimée,43.850729,5.034692,Plein jour,En agglomération,Hors intersection,Normale,Deux véhicules - côté,4,2,0,0,1,1,1,0,1,50,2,2,1,0,0,1,38.0,36.0,deux_roues,voiture,1,2,1,1,3
202300028612,2023-09-09 16:55:00,2023,9,9,16,55,33,33504,D8,44.526837,-0.325548,Plein jour,Hors agglomération,Intersection en X,Normale,Deux véhicules - côté,3,2,2,0,1,1,1,0,1,80,2,3,2,0,0,1,78.0,59.0,voiture,voiture,1,1,2,1,3
202300028612,2023-09-09 16:55:00,2023,9,9,16,55,33,33504,D8,44.526837,-0.325548,Plein jour,Hors agglomération,Intersection en X,Normale,Deux véhicules - côté,3,2,2,0,1,1,1,0,1,80,2,3,2,0,0,1,78.0,59.0,voiture,voiture,1,1,2,1,3
202300028613,2023-11-04 10:50:00,2023,11,4,10,50,26,26353,A7 pk103.000,44.665143,4.796884,Plein jour,Hors agglomération,Hors intersection,Normale,Deux véhicules - arrière,1,-1,3,0,1,1,1,0,1,130,2,4,0,0,0,4,29.0,35.0,voiture,voiture,1,1,1,1,2
202300028614,2023-12-15 18:02:00,2023,12,15,18,2,83,83090,COOPERATIVE (CHEMIN DE LA),43.12912,5.87705,Nuit avec éclairage allumé,En agglomération,Hors intersection,Normale,Autre collision,3,1,0,0,1,3,1,5,1,50,1,2,1,0,1,0,65.0,,voiture,,5,2,1,1,6
202300028615,2023-12-16 13:15:00,2023,12,16,13,15,83,83061,N7,43.48396,6.77841,Plein jour,Hors agglomération,Hors intersection,Normale,Autre collision,3,-1,2,0,2,3,1,0,1,80,1,1,0,0,1,0,60.0,,deux_roues,,1,1,1,1,6
202300028616,2023-09-08 19:20:00,2023,9,8,19,20,14,14076,1 Rue de l'Avenir,49.228807,-0.299186,Plein jour,En agglomération,Intersection en T,Normale,Deux véhicules - frontale,3,2,2,0,1,1,1,0,1,50,2,2,1,0,1,0,19.0,16.0,voiture,deux_roues,1,2,3,1,1
202300028616,2023-09-08 19:20:00,2023,9,8,19,20,14,14076,1 Rue de l'Avenir,49.228807,-0.299186,Plein jour,En agglomération,Intersection en T,Normale,Deux véhicules - frontale,3,2, -1,0,1,1,1,0,1,50,2,2,1,0,1,0,19.0,16.0,voiture,deux_roues,1,2,3,1,1
202300028617,2023-11-13 13:13:00,2023,11,13,13,13,974,97414,avenue principale,-21.287368,55.408821,Plein jour,En agglomération,Intersection en T,Normale,Autre collision,2,2,2,0,1,1,1,0,1,50,1,2,1,0,1,0,59.0,,utilitaire_camion,,1,2,3,1,6
202300028617,2023-11-13 13:13:00,2023,11,13,13,13,974,97414,avenue principale,-21.287368,55.408821,Plein jour,En agglomération,Intersection en T,Normale,Autre collision,2,2, -1,-1,1,1,1,5,1,-1,1,2,1,0,1,0,59.0,,utilitaire_camion,,1,2,3,1,6
202300028618,2023-09-06 18:00:00,2023,9,6,18,0,29,29156,D764,48.45627612,-4.23571989,Plein jour,Hors agglomération,Hors intersection,Normale,Deux véhicules - frontale,3,2,2,0,1,1,1,0,1,80,2,2,1,0,0,1,46.0,17.0,voiture,deux_roues,1,1,1,1,1
202300028619,2023-11-13 12:40:00,2023,11,13,12,40,50,50050,A84 PR212+400,48.956242,-0.999134,Plein jour,Hors agglomération,Hors intersection,Pluie légère,Deux véhicules - arrière,1,1,3,0,1,1,2,0,1,110,2,2,1,0,0,1,36.0,79.0,voiture,voiture,1,1,1,2,2
202300028620,2023-12-15 17:33:00,2023,12,15,17,33,78,78138,PISSEFONTAINE (RUE DE),48.978543,2.024962,Nuit avec éclairage allumé,En agglomération,Intersection en X,Normale,Deux véhicules - côté,4,2,4,0,2,1,1,0,1,50,2,4,0,0,0,4,41.0,29.0,voiture,voiture,5,2,2,1,3
202300028620,2023-12-15 17:33:00,2023,12,15,17,33,78,78138,PISSEFONTAINE (RUE DE),48.978543,2.024962,Nuit avec éclairage allumé,En agglomération,Intersection en X,Normale,Deux véhicules - côté,4,2,4,0,2,1,1,0,1,50,2,4,0,0,0,4,41.0,29.0,voiture,voiture,5,2,2,1,3
202300028621,2023-09-08 19:45:00,2023,9,8,19,45,27,27537,1 Rue de la Cerisaie,49.24374,1.213335,Crépuscule ou aube,En agglomération,Hors intersection,Normale,Autre collision,4,2,2,0,1,2,1,0,1,50,1,1,0,0,1,0,60.0,,deux_roues,,2,2,1,1,6
202300028622,2023-11-13 14:20:00,2023,11,13,14,20,50,50214,"A84, sens C-R, PR 204+100",48.921505,-1.082003,Plein jour,Hors agglomération,Hors intersection,Pluie légère,Deux véhicules - arrière,1,3,3,0,1,1,2,0,1,130,2,3,2,1,0,0,32.0,39.0,utilitaire_camion,utilitaire_camion,1,1,1,2,2
202300028623,2023-09-08 22:30:00,2023,9,8,22,30,60,60628,Rue du Maréchal Leclerc,49.415032,2.162569,Nuit avec éclairage allumé,En agglomération,Hors intersection,Normale,Sans collision,3,2,2,1,2,1,1,0,5,70,1,1,0,0,1,0,74.0,,deux_roues,,5,2,1,1,7
202300028624,2023-12-16 08:20:00,2023,12,16,8,20,77,77372,PARIS  (RUE DE  ),48.88137,2.65674,Nuit sans éclairage public,Hors agglomération,Hors intersection,Brouillard / fumée,Deux véhicules - frontale,3,2,2,0,1,2,2,0,1,80,2,2,1,0,1,0,47.0,,voiture,voiture,3,1,1,5,1
202300028625,2023-09-09 20:30:00,2023,9,9,20,30,62,62443,D188,50.44914663,2.64199525,Crépuscule ou aube,En agglomération,Hors intersection,Normale,Autre collision,3,2,2,0,1,1,1,0,1,50,1,1,0,0,1,0,29.0,,deux_roues,,2,2,1,1,6
202300028626,2023-11-10 18:25:00,2023,11,10,18,25,71,71443,D970,46.923839,4.943644,Nuit sans éclairage public,Hors agglomération,Intersection en X,Pluie forte,Deux véhicules - côté,3,2,2,0,1,1,2,0,1,80,2,3,1,0,0,2,54.0,36.0,utilitaire_camion,voiture,3,1,2,3,3
202300028626,2023-11-10 18:25:00,2023,11,10,18,25,71,71443,D970,46.923839,4.943644,Nuit sans éclairage public,Hors agglomération,Intersection en X,Pluie forte,Deux véhicules - côté,3,2,2,0,1,1,2,0,1,80,2,3,1,0,0,2,54.0,36.0,utilitaire_camion,voiture,3,1,2,3,3
202300028627,2023-12-16 02:45:00,2023,12,16,2,45,77,77400,D 402,48.761365,3.024083,Nuit sans éclairage public,Hors agglomération,Giratoire,Brouillard / fumée,Autre collision,3,1,1,0,1,3,2,0,3,50,1,2,0,0,2,0,20.0,,utilitaire_camion,,3,1,6,5,6
202300028627,2023-12-16 02:45:00,2023,12,16,2,45,77,77400,D 402,48.761365,3.024083,Nuit sans éclairage public,Hors agglomération,Giratoire,Brouillard / fumée,Autre collision,3,-1,1,0,1,3,2,0,3,50,1,2,0,0,2,0,20.0,,utilitaire_camion,,3,1,6,5,6
202300028628,2023-11-11 07:15:00,2023,11,11,7,15,22,22020,41 route de la gare,48.32024771,-2.25324869,Nuit sans éclairage public,Hors agglomération,Hors intersection,Normale,Autre collision,3,2,2,0,1,2,1,0,8,80,1,1,0,0,1,0,26.0,,voiture,,3,1,1,1,6
202300028629,2023-09-09 16:37:00,2023,9,9,16,37,62,62894,A16,50.767411,1.642746,Plein jour,Hors agglomération,Hors intersection,Normale,Deux véhicules - arrière,1,1,2,0,1,1,1,0,1,130,2,2,1,0,1,0,25.0,27.0,deux_roues,voiture,1,1,1,1,2
202300028630,2023-12-16 12:45:00,2023,12,16,12,45,77,77400,PAUL NICLAUSSE,48.79612,3.02409,Plein jour,Hors agglomération,Intersection en X,Normale,Deux véhicules - côté,3,2,1,0,3,1,1,0,1,70,2,4,2,0,0,2,70.0,35.0,voiture,voiture,1,1,2,1,3
202300028630,2023-12-16 12:45:00,2023,12,16,12,45,77,77400,PAUL NICLAUSSE,48.79612,3.02409,Plein jour,Hors agglomération,Intersection en X,Normale,Deux véhicules - côté,3,2,1,0,1,1,1,0,1,70,2,4,2,0,0,2,70.0,35.0,voiture,voiture,1,1,2,1,3
202300028631,2023-09-10 13:37:00,2023,9,10,13,37,59,59080,Rue Henri Fievet,50.452661,3.257543,Plein jour,Hors agglomération,Intersection en X,Normale,Deux véhicules - côté,3,2,2,0,1,1,1,0,1,50,2,3,0,0,0,3,57.0,37.0,voiture,deux_roues,1,1,2,1,3
202300028631,2023-09-10 13:37:00,2023,9,10,13,37,59,59080,Rue Henri Fievet,50.452661,3.257543,Plein jour,Hors agglomération,Intersection en X,Normale,Deux véhicules - côté,3,2,2,-1,1,1,1,0,1,-1,2,3,0,0,0,3,57.0,37.0,voiture,deux_roues,1,1,2,1,3
202300028632,2023-09-08 19:07:00,2023,9,8,19,7,13,13212,A507 sens Marseille - Aubagne,43.2914,5.4246,Plein jour,Hors agglomération,Hors intersection,Normale,Deux véhicules - arrière,1,1,4,0,1,1,1,1,1,70,2,2,1,0,0,1,25.0,,voiture,deux_roues,1,1,1,1,2
202300028633,2023-11-13 16:15:00,2023,11,13,16,15,62,62858,D939,50.231014,3.008038,Plein jour,Hors agglomération,Intersection en X,Normale,Deux véhicules - côté,3,2,2,0,1,1,1,0,1,80,2,4,2,0,0,2,52.0,52.0,voiture,utilitaire_camion,1,1,2,1,3
202300028633,2023-11-13 16:15:00,2023,11,13,16,15,62,62858,D939,50.231014,3.008038,Plein jour,Hors agglomération,Intersection en X,Normale,Deux véhicules - côté,3,2,2,0,1,1,1,0,1,80,2,4,2,0,0,2,52.0,52.0,voiture,utilitaire_camion,1,1,2,1,3
202300028634,2023-12-16 17:55:00,2023,12,16,17,55,72,72181,VOLTAIRE (RUE) N° PAIRS 2 A 102,48.01167,0.19154,Nuit avec éclairage allumé,En agglomération,Autre intersection,Normale,Autre collision,4,2,2,0,1,1,1,0,1,50,3,4,2,0,0,2,18.0,18.0,deux_roues,deux_roues,5,2,9,1,6
202300028635,2023-09-08 01:02:00,2023,9,8,1,2,13,13081,A7-Sens Marseille vers Lyon,43.49772458,5.23915934,Nuit sans éclairage public,Hors agglomération,Hors intersection,Normale,Deux véhicules - arrière,1,-1,2,0,1,3,1,0,1,70,2,2,1,0,0,1,46.0,,voiture,voiture,3,1,1,1,2
202300028636,2023-11-13 14:23:00,2023,11,13,14,23,66,66050,Sant Jaume Del Crest,42.775464,2.915797,Plein jour,Hors agglomération,Hors intersection,Normale,Autre collision,4,3,4,0,1,1,1,6,1,50,1,2,1,0,0,1,25.0,,voiture,,1,1,1,1,6
202300028637,2023-12-16 12:40:00,2023,12,16,12,40,72,72181,ARDOISE (RUE DE L'),48.00891,0.22681,Plein jour,En agglomération,Giratoire,Temps éblouissant,Autre collision,4,2,2,1,1,1,1,0,1,30,1,2,1,0,0,1,86.0,,voiture,,1,2,6,7,6
202300028637,2023-12-16 12:40:00,2023,12,16,12,40,72,72181,ARDOISE (RUE DE L'),48.00891,0.22681,Plein jour,En agglomération,Giratoire,Temps éblouissant,Autre collision,4,2,4,1,1,1,1,0,1,30,1,2,1,0,0,1,86.0,,voiture,,1,2,6,7,6
202300028638,2023-09-08 05:40:00,2023,9,8,5,40,83,83090,A50,43.12619323,5.82460889,Nuit avec éclairage allumé,Hors agglomération,Autre intersection,Normale,Autre collision,1,1,1,0,3,3,1,3,8,50,1,2,1,0,0,1,24.0,,voiture,,5,1,9,1,6
202300028639,2023-12-16 04:00:00,2023,12,16,4,0,72,72181,AUVRAY (RUE)  N° IMP,48.00083,0.19502,Nuit avec éclairage allumé,En agglomération,Hors intersection,Normale,Autre collision,4,2,2,0,1,1,1,0,1,50,1,1,0,0,0,1,26.0,,voiture,,5,2,1,1,6
202300028640,2023-11-12 19:25:00,2023,11,12,19,25,37,37179,"A10, pk 199+800",47.45020793,0.74562355,Nuit sans éclairage public,Hors agglomération,Hors intersection,Pluie forte,Deux véhicules - frontale,1,3,4,0,2,3,2,3,1,50,2,6,1,0,0,5,27.0,36.0,voiture,voiture,3,1,1,3,1
202300028641,2023-12-16 23:45:00,2023,12,16,23,45,69,69290,Route de Grenoble,45.7118708,4.97312934,Nuit avec éclairage non allumé,En agglomération,Autre intersection,Normale,Autre collision,7,2,4,0,1,1,1,0,1,50,1,1,0,0,0,1,46.0,,voiture,,4,2,9,1,6
202300028642,2023-09-09 06:45:00,2023,9,9,6,45,33,33550,ROCADE A 630,44.7822945,-0.58439165,Crépuscule ou aube,Hors agglomération,Hors intersection,Normale,Deux véhicules - arrière,1,3,6,0,1,1,1,0,1,90,2,3,2,0,0,1,29.0,29.0,voiture,utilitaire_camion,2,1,1,1,2
202300028643,2023-11-09 11:45:00,2023,11,9,11,45,83,83097,Avenue des Bastides,43.503394,5.738549,Plein jour,En agglomération,Hors intersection,Pluie légère,Autre collision,4,2,2,0,1,1,2,0,1,30,1,2,1,0,1,0,81.0,,voiture,,1,2,1,2,6
202300028644,2023-12-16 08:55:00,2023,12,16,8,55,66,66136,Rue de COSPRONS,42.68327,2.9092,Plein jour,En agglomération,Hors intersection,Normale,Autre collision,4,-1,2,0,1,1,1,0,1,50,1,2,1,0,0,1,33.0,,voiture,,1,2,1,1,6
202300028645,2023-11-13 11:45:00,2023,11,13,11,45,59,59074,26 Rue Pasteur,50.090522,3.444906,Plein jour,En agglomération,Hors intersection,Pluie légère,Autre collision,3,2,2,0,1,1,2,0,4,50,1,1,0,0,1,0,36.0,,voiture,,1,2,1,2,6
202300028646,2023-12-16 11:00:00,2023,12,16,11,0,64,64445,MONTPENSIER,43.29935,-0.37108,Plein jour,En agglomération,Hors intersection,Temps éblouissant,Autre collision,4,1,1,0,1,1,1,0,1,50,1,2,1,0,0,1,63.0,,voiture,,1,2,1,7,6
202300028647,2023-09-09 07:45:00,2023,9,9,7,45,94,94038,A6A,48.77318113,2.34587558,Crépuscule ou aube,Hors agglomération,Hors intersection,Pluie légère,Deux véhicules - côté,1,3,3,0,2,1,2,0,1,110,2,3,2,0,0,1,20.0,39.0,voiture,utilitaire_camion,2,1,1,2,3
202300028648,2023-10-18 08:00:00,2023,10,18,8,0,56,56184,Allee du Pre du Cheval Blanc,47.664,-2.460213,Crépuscule ou aube,En agglomération,Intersection en Y,Pluie légère,Deux véhicules - côté,4,2,2,0,1,1,2,0,1,50,2,2,1,0,0,1,68.0,32.0,voiture,deux_roues,2,2,4,2,3
202300028648,2023-10-18 08:00:00,2023,10,18,8,0,56,56184,Allee du Pre du Cheval Blanc,47.664,-2.460213,Crépuscule ou aube,En agglomération,Intersection en Y,Pluie légère,Deux véhicules - côté,4,2,2,-1,1,2,2,0,1,50,2,2,1,0,0,1,68.0,32.0,voiture,deux_roues,2,2,4,2,3
202300028649,2023-09-08 23:55:00,2023,9,8,23,55,94,94021,A6B,48.77137155,2.34509948,Nuit sans éclairage public,Hors agglomération,Hors intersection,Normale,Deux véhicules - arrière,1,1, -1,0,1,1,1,0,1,90,2,4,3,0,0,1,60.0,46.0,voiture,voiture,3,1,1,1,2
202300028650,2023-11-12 01:40:00,2023,11,12,1,40,76,76412,N31,49.459966,1.299198,Nuit sans éclairage public,En agglomération,Giratoire,Pluie légère,Sans collision,2,3,2,0,1,1,2,5,1,50,1,1,0,0,1,0,31.0,,voiture,,3,2,6,2,7
202300028651,2023-12-16 18:48:00,2023,12,16,18,48,64,64102,BARTHES (CHEMIN DES),43.49278,-1.49542,Nuit avec éclairage allumé,En agglomération,Intersection en T,Normale,Deux véhicules - côté,4,2,2,0,2,3,1,0,1,50,2,8,1,0,0,7,35.0,25.0,transport_commun,voiture,5,2,3,1,3
202300028651,2023-12-16 18:48:00,2023,12,16,18,48,64,64102,BARTHES (CHEMIN DES),43.49278,-1.49542,Nuit avec éclairage allumé,En agglomération,Intersection en T,Normale,Deux véhicules - côté,4,2,2,3,2,3,1,0,1,50,2,8,1,0,0,7,35.0,25.0,transport_commun,voiture,5,2,3,1,3
202300028652,2023-11-12 19:50:00,2023,11,12,19,50,71,71442,46 Rue de la Gare,46.847778,4.631726,Nuit avec éclairage allumé,En agglomération,Intersection en T,Pluie forte,Autre collision,3,2,2,0,1,1,2,0,1,50,1,2,1,0,1,0,64.0,,voiture,,5,2,3,3,6
202300028652,2023-11-12 19:50:00,2023,11,12,19,50,71,71442,46 Rue de la Gare,46.847778,4.631726,Nuit avec éclairage allumé,En agglomération,Intersection en T,Pluie forte,Autre collision,3,1,1,0,1,1,2,0,8,20,1,2,1,0,1,0,64.0,,voiture,,5,2,3,3,6
202300028653,2023-09-08 23:13:00,2023,9,8,23,13,91,91161,CARREFOUR RN20 / CD120,48.71524,2.29832,Nuit avec éclairage allumé,En agglomération,Autre intersection,Normale,Deux véhicules - arrière,3,3,5,0,1,1,1,5,1,50,2,5,4,0,0,1,,34.0,utilitaire_camion,voiture,5,2,9,1,2
202300028654,2023-12-16 04:50:00,2023,12,16,4,50,64,64102,SAINT ESPRIT (PONT),43.49471,-1.47129,Nuit avec éclairage allumé,En agglomération,Hors intersection,Normale,Autre collision,4,2,3,3,1,1,1,2,1,50,1,3,2,0,1,0,30.0,,voiture,,5,2,1,1,6
202300028655,2023-11-10 18:24:00,2023,11,10,18,24,89,89418,Avenue du Chevalier d'Eon,47.864405,3.980098,Nuit avec éclairage non allumé,En agglomération,Hors intersection,Pluie légère,Autre collision,4,2,2,0,1,1,2,6,1,50,1,2,1,0,1,0,77.0,,voiture,,4,2,1,2,6
202300028656,2023-09-08 18:00:00,2023,9,8,18,0,91,91161,AUTOROUTE A126,48.71082,2.29879,Plein jour,Hors agglomération,Hors intersection,Normale,Trois véhicules et plus - en chaîne,1,3,2,0,1,1,1,0,1,70,3,3,1,0,0,2,64.0,32.0,utilitaire_camion,voiture,1,1,1,1,4
202300028657,2023-11-13 14:00:00,2023,11,13,14,0,63,63040,19 Route de Montmorin,45.71781,3.342859,Plein jour,En agglomération,Hors intersection,Normale,Autre collision,3,2,2,0,1,1,1,0,4,50,1,1,0,1,0,0,85.0,,voiture,,1,2,1,1,6
202300028658,2023-12-16 20:54:00,2023,12,16,20,54,63,63113,DELILLE (PLACE),45.78008,3.09142,Nuit avec éclairage allumé,En agglomération,Hors intersection,Normale,Deux véhicules - côté,4,1,2,0,1,3,1,0,1,30,2,5,3,0,0,2,41.0,18.0,deux_roues,voiture,5,2,1,1,3
202300028659,2023-09-09 01:45:00,2023,9,9,1,45,95,95678,N184,49.07036568,2.22137332,Nuit sans éclairage public,Hors agglomération,Hors intersection,Normale,Autre collision,2,3,2,0,1,1,1,0,1,110,1,1,0,0,1,0,37.0,,voiture,,3,1,1,1,6
202300028660,2023-11-12 15:15:00,2023,11,12,15,15,42,42126,Route de Saint-Bonnet,45.439959,4.067248,Plein jour,Hors agglomération,Hors intersection,Pluie légère,Sans collision,3,2,2,0,2,2,2,0,3,80,1,1,0,0,1,0,35.0,,deux_roues,,1,1,1,2,7
202300028661,2023-11-13 15:55:00,2023,11,13,15,55,46,46165,D807,44.804439,1.785022,Plein jour,Hors agglomération,Hors intersection,Normale,Autre collision,3,2,2,0,2,1,2,0,3,80,1,1,0,0,1,0,45.0,,voiture,,1,1,1,1,6
202300028662,2023-12-16 16:00:00,2023,12,16,16,0,63,63113,rue Kessler / rue Vernemauze,45.76912,3.08728,Plein jour,En agglomération,Intersection en X,Normale,Deux véhicules - côté,4,1,3,3,1,1,1,0,1,30,2,4,3,0,0,1,30.0,23.0,voiture,voiture,1,2,2,1,3
202300028662,2023-12-16 16:00:00,2023,12,16,16,0,63,63113,rue Kessler / rue Vernemauze,45.76912,3.08728,Plein jour,En agglomération,Intersection en X,Normale,Deux véhicules - côté,4,2,3,0,1,1,1,0,1,30,2,4,3,0,0,1,30.0,23.0,voiture,voiture,1,2,2,1,3
202300028663,2023-11-11 14:30:00,2023,11,11,14,30,46,46319,La Greze,44.71686317,1.84911489,Plein jour,En agglomération,Hors intersection,Normale,Autre collision,3,2,2,0,1,1,1,0,3,70,1,1,0,0,1,0,37.0,,deux_roues,,1,2,1,1,6
202300028664,2023-09-08 18:10:00,2023,9,8,18,10,95,95607,A115,49.013994,2.218261,Plein jour,Hors agglomération,Hors intersection,Normale,Trois véhicules et plus - collisions multiples,1,-1,3,0,1,1,1,3,1,90,3,8,2,0,1,5,42.0,25.0,voiture,voiture,1,1,1,1,5
202300028665,2023-12-16 20:30:00,2023,12,16,20,30,61,61001,D112,48.43534,0.09162,Nuit avec éclairage allumé,En agglomération,Intersection en X,Normale,Deux véhicules - côté,3,2,2,0,1,1,1,0,1,30,2,2,1,0,1,0,26.0,28.0,deux_roues,voiture,5,2,2,1,3