accident_id,datetime,annee,mois,jour,heure,minute,departement,commune_insee,adresse,latitude,longitude,luminosite,agglomeration,intersection,meteo,collision,catr,circ,nbv,vosp,prof,plan,surf,infra,situ,vma,nb_vehicules,nb_usagers,nb_indemnes,nb_tues,nb_blesses_hosp,nb_blesses_legers,age_cond_1,age_cond_2,veh_type_cond_1,veh_type_cond_2,lum_code,agg_code,int_code,atm_code,col_code
202300028728,2023-09-08 11:10:00,2023,9,8,11,10,76,76498,Boulevard Charles de Gaulle,49.421954,1.06529504,Plein jour,En agglomération,Hors intersection,Normale,Deux véhicules - côté,4,2,2,0,1,1,1,-1,5,50,2,2,1,0,1,0,36.0,22.0,deux_roues,voiture,1,2,1,1,3
202300028729,2023-12-16 18:15:00,2023,12,16,18,15,75,75118,BOULEVARD NEY,48.898096,2.344138,Nuit avec éclairage allumé,En agglomération,Intersection en T,Normale,Deux véhicules - côté,4,2,6,1,1,1,1,0,1,50,2,2,0,0,0,2,55.0,31.0,voiture,deux_roues,5,2,3,1,3
202300028729,2023-12-16 18:15:00,2023,12,16,18,15,75,75118,BOULEVARD NEY,48.898096,2.344138,Nuit avec éclairage allumé,En agglomération,Intersection en T,Normale,Deux véhicules - côté,4,1, -1,-1,1,1,1,0,1,50,2,2,0,0,0,2,55.0,31.0,voiture,deux_roues,5,2,3,1,3
202300028730,2023-09-07 20:35:00,2023,9,7,20,35,76,76351,BOIS AU COQ (AVENUE),49.51855,0.11681,Plein jour,En agglomération,Intersection en X,Normale,Deux véhicules - côté,4,2,6,3,1,1,1,0,1,50,2,2,0,0,1,1,89.0,36.0,voiture,voiture,1,2,2,1,3
202300028730,2023-09-07 20:35:00,2023,9,7,20,35,76,76351,BOIS AU COQ (AVENUE),49.51855,0.11681,Plein jour,En agglomération,Intersection en X,Normale,Deux véhicules - côté,4,2,2,0,1,1,1,0,1,50,2,2,0,0,1,1,89.0,36.0,voiture,voiture,1,2,2,1,3
202300028731,2023-12-16 11:30:00,2023,12,16,11,30,75,75117,AVENUE NIEL,48.882459,2.296095,Plein jour,En agglomération,Hors intersection,Normale,Deux véhicules - côté,4,2,2,1,1,1,1,0,5,30,2,2,1,0,0,1,30.0,52.0,deux_roues,voiture,1,2,1,1,3
202300028732,2023-09-07 07:50:00,2023,9,7,7,50,76,76351,VERDUN (RUE DE),49.50122,0.14799,Plein jour,En agglomération,Hors intersection,Normale,Deux véhicules - arrière,4,-1,2,0,1,1,1,0,1,50,2,2,1,0,0,1,42.0,39.0,deux_roues,voiture,1,2,1,1,2
202300028733,2023-12-16 17:30:00,2023,12,16,17,30,75,75113,RUE DU DOCTEUR LANDOUZY,48.823261,2.354117,Nuit avec éclairage allumé,En agglomération,Place,Normale,Autre collision,4,1, -1,-1,1,1,1,0,1,30,1,3,2,0,0,1,25.0,,voiture,,5,2,7,1,6
202300028733,2023-12-16 17:30:00,2023,12,16,17,30,75,75113,RUE DU DOCTEUR LANDOUZY,48.823261,2.354117,Nuit avec éclairage allumé,En agglomération,Place,Normale,Autre collision,4,2,2,0,2,1,1,0,1,30,1,3,2,0,0,1,25.0,,voiture,,5,2,7,1,6
202300028734,2023-12-15 23:58:00,2023,12,15,23,58,75,75108,PLACE CHARLES DE GAULLE,48.87372,2.295704,Nuit avec éclairage allumé,En agglomération,Place,Normale,Deux véhicules - côté,4,-1,4,0,1,2,1,0,1,50,2,3,1,0,0,2,50.0,61.0,voiture,deux_roues,5,2,7,1,3
202300028735,2023-09-06 16:36:00,2023,9,6,16,36,76,76351,LONDES (DES),49.510465,0.16952,Plein jour,En agglomération,Intersection en X,Normale,Deux véhicules - côté,4,2,2,0,1,1,1,0,1,50,2,3,1,0,0,2,75.0,19.0,voiture,voiture,1,2,2,1,3
202300028735,2023-09-06 16:36:00,2023,9,6,16,36,76,76351,LONDES (DES),49.510465,0.16952,Plein jour,En agglomération,Intersection en X,Normale,Deux véhicules - côté,4,2,2,0,1,1,1,0,1,50,2,3,1,0,0,2,75.0,19.0,voiture,voiture,1,2,2,1,3
202300028736,2023-12-16 18:00:00,2023,12,16,18,0,94,94081,Rue Lavoisier,48.79921748,2.39147794,Nuit avec éclairage allumé,En agglomération,Intersection en X,Normale,Autre collision,4,-1,2,0,2,1,1,0,1,50,1,3,2,0,0,1,65.0,,voiture,,5,2,2,1,6
202300028736,2023-12-16 18:00:00,2023,12,16,18,0,94,94081,Rue Lavoisier,48.79921748,2.39147794,Nuit avec éclairage allumé,En agglomération,Intersection en X,Normale,Autre collision,4,-1,2,0,2,2,1,0,1,50,1,3,2,0,0,1,65.0,,voiture,,5,2,2,1,6
202300028737,2023-12-16 09:45:00,2023,12,16,9,45,94,94041,Rue Marat,48.81004901,2.38552746,Plein jour,En agglomération,Hors intersection,Normale,Autre collision,4,1,1,1,1,1,1,0,1,30,1,2,1,0,0,1,75.0,,voiture,,1,2,1,1,6
202300028738,2023-09-08 17:55:00,2023,9,8,17,55,72,72003,SUZE (RTE DE LA),47.975,0.158,Plein jour,En agglomération,Autre intersection,Normale,Deux véhicules - côté,6,-1, -1,0,1,1,1,9,1,30,2,4,1,0,0,3,27.0,42.0,utilitaire_camion,voiture,1,2,9,1,3
202300028739,2023-12-15 13:10:00,2023,12,15,13,10,94,94059,avenue maurice berteaux,48.81416,2.56516,Plein jour,En agglomération,Intersection en T,Normale,Deux véhicules - côté,3,2,2,0,1,1,1,0,1,50,2,2,1,0,0,1,25.0,51.0,voiture,deux_roues,1,2,3,1,3
202300028739,2023-12-15 13:10:00,2023,12,15,13,10,94,94059,avenue maurice berteaux,48.81416,2.56516,Plein jour,En agglomération,Intersection en T,Normale,Deux véhicules - côté,3,2,2,0,1,1,1,0,1,50,2,2,1,0,0,1,25.0,51.0,voiture,deux_roues,1,2,3,1,3
202300028740,2023-09-08 09:00:00,2023,9,8,9,0,72,72181,TOUSSAINT (RUE) N° IMP 1 A 61,48.0042,0.18377,Plein jour,En agglomération,Autre intersection,Normale,Deux véhicules - côté,4,2,2,0,1,1,1,0,1,50,2,2,1,0,0,1,22.0,29.0,deux_roues,voiture,1,2,9,1,3
202300028741,2023-12-16 09:30:00,2023,12,16,9,30,93,93005,Carrefour Robert Schuman / Route de Mitry,48.9489274,2.51773095,Plein jour,En agglomération,Giratoire,Normale,Deux véhicules - côté,3,2,4,0,1,1,1,0,1,50,2,2,1,0,0,1,23.0,77.0,voiture,voiture,1,2,6,1,3
202300028741,2023-12-16 09:30:00,2023,12,16,9,30,93,93005,Carrefour Robert Schuman / Route de Mitry,48.9489274,2.51773095,Plein jour,En agglomération,Giratoire,Normale,Deux véhicules - côté,3,1,3,0,1,1,1,0,1,50,2,2,1,0,0,1,23.0,77.0,voiture,voiture,1,2,6,1,3
202300028742,2023-12-16 21:00:00,2023,12,16,21,0,93,93006,Rue Sesto Fiorentino,48.863556,2.41864,Nuit avec éclairage allumé,En agglomération,Hors intersection,Temps couvert,Autre collision,4,2,2,0,2,1,2,0,1,30,1,2,1,0,0,1,29.0,,voiture,,5,2,1,8,6
202300028743,2023-09-08 07:56:00,2023,9,8,7,56,72,72181,GAMBETTA (RUE) N° PAIRS 2 A 22,48.00506,0.19407,Plein jour,En agglomération,Autre intersection,Normale,Deux véhicules - côté,4,2,2,3,2,1,1,0,1,50,2,2,1,0,0,1,18.0,45.0,deux_roues,voiture,1,2,9,1,3
202300028744,2023-12-16 09:10:00,2023,12,16,9,10,93,93029,Avenue Henri Barbusse / Rue Charles Gide,48.91673,2.4446,Plein jour,En agglomération,Intersection en X,Normale,Autre collision,3,2,2,0,1,1,1,0,6,50,1,2,1,0,0,1,72.0,,voiture,,1,2,2,1,6
202300028744,2023-12-16 09:10:00,2023,12,16,9,10,93,93029,Avenue Henri Barbusse / Rue Charles Gide,48.91673,2.4446,Plein jour,En agglomération,Intersection en X,Normale,Autre collision,3,2,2,0,1,1,1,0,6,-1,1,2,1,0,0,1,72.0,,voiture,,1,2,2,1,6
202300028745,2023-09-08 05:27:00,2023,9,8,5,27,72,72181,PATTON GENERAL RTE ST-AUBIN A AV RUBILLA,48.01349,0.170758,Nuit avec éclairage allumé,En agglomération,Autre intersection,Normale,Autre collision,3,2,2,0,1,1,1,0,1,90,1,1,0,0,0,1,22.0,,voiture,,5,2,9,1,6
202300028746,2023-12-16 18:20:00,2023,12,16,18,20,93,93007,Avenue Pasteur / Avenue de la République,48.93558,2.47543,Crépuscule ou aube,En agglomération,Intersection à plus de 4 branches,Normale,Autre collision,3,2,2,0,1,1,1,0,1,50,1,2,1,0,0,1,74.0,,voiture,,2,2,5,1,6
202300028746,2023-12-16 18:20:00,2023,12,16,18,20,93,93007,Avenue Pasteur / Avenue de la République,48.93558,2.47543,Crépuscule ou aube,En agglomération,Intersection à plus de 4 branches,Normale,Autre collision,3,2,3,0,1,1,1,0,1,-1,1,2,1,0,0,1,74.0,,voiture,,2,2,5,1,6
202300028747,2023-09-08 07:55:00,2023,9,8,7,55,71,71499,LA GARENNE (GRIMPETTE DE),46.66712136,4.29498374,Plein jour,Hors agglomération,Hors intersection,Normale,Deux véhicules - frontale,4,2,2,0,2,1,1,0,1,50,2,2,1,0,0,1,18.0,51.0,voiture,voiture,1,1,1,1,1
202300028748,2023-12-16 09:30:00,2023,12,16,9,30,92,92048,VAUGIRARD (ROUTE DE),48.8202129,2.24238396,Plein jour,En agglomération,Hors intersection,Normale,Deux véhicules - frontale,3,-1,0,1,1,1,1,9,4,50,2,2,0,0,0,2,64.0,49.0,deux_roues,deux_roues,1,2,1,1,1
202300028749,2023-09-07 11:40:00,2023,9,7,11,40,71,71153,MARECHAL FOCH (RUE),46.80537,4.43613,Plein jour,En agglomération,Intersection en T,Temps éblouissant,Deux véhicules - côté,4,2,2,0,1,1,1,0,1,50,2,2,1,0,0,1,37.0,24.0,voiture,deux_roues,1,2,3,7,3
202300028749,2023-09-07 11:40:00,2023,9,7,11,40,71,71153,MARECHAL FOCH (RUE),46.80537,4.43613,Plein jour,En agglomération,Intersection en T,Temps éblouissant,Deux véhicules - côté,4,1,1,0,1,1,1,0,1,50,2,2,1,0,0,1,37.0,24.0,voiture,deux_roues,1,2,3,7,3
202300028750,2023-12-16 13:40:00,2023,12,16,13,40,92,92023,VICTOR HUGO (AVENUE),48.80334,2.26662,Plein jour,En agglomération,Hors intersection,Temps éblouissant,Autre collision,4,2,2,0,2,1,1,0,1,50,1,2,1,0,0,1,40.0,,voiture,,1,2,1,7,6
202300028751,2023-12-16 14:15:00,2023,12,16,14,15,92,92004,ANJOU D',48.90465006,2.28185892,Plein jour,En agglomération,Hors intersection,Normale,Deux véhicules - côté,4,1,1,2,1,1,1,0,1,30,2,2,1,0,0,1,50.0,19.0,voiture,utilitaire_camion,1,2,1,1,3
202300028752,2023-12-16 14:15:00,2023,12,16,14,15,39,39344,,46.734753,5.856031,Plein jour,Hors agglomération,Hors intersection,Autre,Deux véhicules - frontale,3,2,2,0,2,4,7,0,1,80,2,2,1,0,0,1,43.0,42.0,deux_roues,voiture,1,1,1,9,1
202300028753,2023-09-08 21:50:00,2023,9,8,21,50,69,69256,Avenue Gabriel Péri,45.77842,4.91647,Nuit avec éclairage allumé,En agglomération,Intersection à plus de 4 branches,Normale,Deux véhicules - frontale,4,2,2,3,1,1,1,9,6,50,2,2,1,0,0,1,16.0,66.0,deux_roues,voiture,5,2,5,1,1
202300028753,2023-09-08 21:50:00,2023,9,8,21,50,69,69256,Avenue Gabriel Péri,45.77842,4.91647,Nuit avec éclairage allumé,En agglomération,Intersection à plus de 4 branches,Normale,Deux véhicules - frontale,4,2,2,0,1,1,1,9,6,50,2,2,1,0,0,1,16.0,66.0,deux_roues,voiture,5,2,5,1,1
202300028754,2023-09-08 20:40:00,2023,9,8,20,40,69,69256,Rue Louis Aragon,45.78217,4.92852,Nuit avec éclairage allumé,En agglomération,Hors intersection,Normale,Autre collision,4,2,2,0,1,1,1,0,1,50,1,1,0,0,0,1,20.0,,deux_roues,,5,2,1,1,6
202300028755,2023-12-17 04:15:00,2023,12,17,4,15,62,62453,D130,50.52985971,2.19010063,Nuit sans éclairage public,Hors agglomération,Hors intersection,Normale,Autre collision,3,2,2,0,2,1,2,0,3,80,2,2,1,0,0,1,22.0,22.0,voiture,voiture,3,1,1,1,6
202300028756,2023-12-07 16:45:00,2023,12,7,16,45,45,45247,339 Rue des Pervenches,48.000959,2.701428,Nuit avec éclairage allumé,En agglomération,Hors intersection,Normale,Autre collision,4,2,2,0,1,1,1,0,3,50,1,2,1,0,1,0,,,voiture,,5,2,1,1,6
202300028757,2023-09-08 06:25:00,2023,9,8,6,25,69,69282,Rue de la République,45.76084824,5.02736526,Crépuscule ou aube,En agglomération,Hors intersection,Normale,Deux véhicules - côté,4,2,2,0,1,1,1,0,5,50,2,2,1,0,0,1,30.0,33.0,voiture,deux_roues,2,2,1,1,3
202300028758,2023-12-16 03:45:00,2023,12,16,3,45,21,21614,"A31, PK059.200",47.44646838,5.1686475,Nuit sans éclairage public,Hors agglomération,Hors intersection,Temps couvert,Deux véhicules - arrière,1,3,3,0,1,1,2,0,1,130,2,7,3,0,1,3,38.0,53.0,voiture,voiture,3,1,1,8,2
202300028759,2023-09-08 18:00:00,2023,9,8,18,0,69,69290,Rue du Maréchal Koenig,45.69434,4.94888,Plein jour,En agglomération,Autre intersection,Normale,Autre collision,4,2,2,2,1,1,1,0,1,50,1,2,1,0,0,1,30.0,,voiture,,1,2,9,1,6
202300028759,2023-09-08 18:00:00,2023,9,8,18,0,69,69290,Rue du Maréchal Koenig,45.69434,4.94888,Plein jour,En agglomération,Autre intersection,Normale,Autre collision,4,1,1,0,1,3,1,0,1,50,1,2,1,0,0,1,30.0,,voiture,,1,2,9,1,6
202300028760,2023-12-16 18:10:00,2023,12,16,18,10,51,51136,route departementale 24,49.09888,3.763558,Nuit sans éclairage public,Hors agglomération,Hors intersection,Brouillard / fumée,Autre collision,3,2,2,0,1,1,9,0,1,80,1,2,1,1,0,0,70.0,,utilitaire_camion,,3,1,1,5,6
202300028761,2023-12-17 07:57:00,2023,12,17,7,57,84,84027,D238,44.095591,4.721643,Plein jour,Hors agglomération,Hors intersection,Normale,Deux véhicules - frontale,3,2,2,0,1,2,1,2,4,80,1,1,0,0,1,0,49.0,,deux_roues,,1,1,1,1,1
202300028762,2023-09-08 16:45:00,2023,9,8,16,45,69,69259,Rue Ernest Renan,45.72583,4.86164,Plein jour,En agglomération,Hors intersection,Normale,Deux véhicules - arrière,4,2,2,0,1,1,1,0,1,30,2,2,1,0,0,1,20.0,66.0,deux_roues,voiture,1,2,1,1,2
202300028763,2023-12-17 09:00:00,2023,12,17,9,0,22,22164,"D 767, PR 29+500",48.580043,-3.231032,Plein jour,Hors agglomération,Hors intersection,Normale,Autre collision,3,1,4,0,1,1,1,0,3,110,1,1,0,0,1,0,23.0,,voiture,,1,1,1,1,6
202300028764,2023-12-15 22:20:00,2023,12,15,22,20,14,14061,D56,48.953508,-0.888004,Nuit sans éclairage public,Hors agglomération,Hors intersection,Normale,Autre collision,3,2,2,0,2,4,6,0,1,80,1,1,0,0,0,1,23.0,,voiture,,3,1,1,1,6
202300028765,2023-09-07 16:00:00,2023,9,7,16,0,69,69259,Boulevard Marcel Sembat,45.71441,4.87951,Plein jour,En agglomération,Intersection en X,Normale,Deux véhicules - côté,7,2,4,2,1,1,1,0,1,50,2,2,1,0,0,1,20.0,53.0,deux_roues,voiture,1,2,2,1,3
202300028765,2023-09-07 16:00:00,2023,9,7,16,0,69,69259,Boulevard Marcel Sembat,45.71441,4.87951,Plein jour,En agglomération,Intersection en X,Normale,Deux véhicules - côté,7,2,2,2,1,1,1,0,1,50,2,2,1,0,0,1,20.0,53.0,deux_roues,voiture,1,2,2,1,3
202300028766,2023-09-08 22:48:00,2023,9,8,22,48,67,67482,MUSAU (RUE DE LA),48.56325,7.77923,Nuit avec éclairage allumé,En agglomération,Hors intersection,Normale,Autre collision,4,2,2,0,1,2,1,0,1,50,1,1,0,0,1,0,17.0,,deux_roues,,5,2,1,1,6
202300028767,2023-11-28 18:00:00,2023,11,28,18,0,91,91665,RN 20,48.668582,2.279229,Nuit sans éclairage public,Hors agglomération,Hors intersection,Normale,Trois véhicules et plus - collisions multiples,3,1,2,0,1,1,1,0,1,70,3,4,3,0,1,0,33.0,45.0,deux_roues,utilitaire_camion,3,1,1,1,5
202300028768,2023-12-17 03:12:00,2023,12,17,3,12,971,97109,Route nationale 1,15.994985,-61.708046,Nuit avec éclairage allumé,Hors agglomération,Hors intersection,Pluie légère,Autre collision,2,3,2,0,2,1,2,9,3,80,1,2,0,0,2,0,19.0,,voiture,,5,1,1,2,6
202300028769,2023-09-07 09:32:00,2023,9,7,9,32,66,66136,,42.6781,2.87085,Plein jour,Hors agglomération,Hors intersection,Normale,Deux véhicules - arrière,3,1,4,0,1,1,1,0,1,90,2,3,0,0,0,3,30.0,69.0,voiture,voiture,1,1,1,1,2
202300028770,2023-12-14 07:38:00,2023,12,14,7,38,62,62849,D303,50.407969,1.647576,Crépuscule ou aube,En agglomération,Giratoire,Normale,Deux véhicules - côté,3,2,1,0,2,1,1,0,1,50,2,2,1,0,1,0,23.0,50.0,deux_roues,voiture,2,2,6,1,3
202300028770,2023-12-14 07:38:00,2023,12,14,7,38,62,62849,D303,50.407969,1.647576,Crépuscule ou aube,En agglomération,Giratoire,Normale,Deux véhicules - côté,3,2,1,0,2,1,1,0,1,50,2,2,1,0,1,0,23.0,50.0,deux_roues,voiture,2,2,6,1,3
202300028771,2023-09-08 10:15:00,2023,9,8,10,15,64,64284,RAUSKI,43.27117,-0.38889,Plein jour,Hors agglomération,Intersection en T,Normale,Deux véhicules - côté,2,2,2,0,1,1,1,0,1,50,2,2,1,0,0,1,71.0,25.0,voiture,voiture,1,1,3,1,3
202300028771,2023-09-08 10:15:00,2023,9,8,10,15,64,64284,RAUSKI,43.27117,-0.38889,Plein jour,Hors agglomération,Intersection en T,Normale,Deux véhicules - côté,2,2,2,0,1,1,1,0,1,50,2,2,1,0,0,1,71.0,25.0,voiture,voiture,1,1,3,1,3
202300028772,2023-12-16 13:00:00,2023,12,16,13,0,72,72299,"D140, lieu-dit Constantine",47.864857,0.337749,Plein jour,Hors agglomération,Intersection en Y,Temps éblouissant,Deux véhicules - côté,3,2,2,0,2,3,1,0,1,80,2,2,1,1,0,0,41.0,44.0,voiture,deux_roues,1,1,4,7,3
202300028772,2023-12-16 13:00:00,2023,12,16,13,0,72,72299,"D140, lieu-dit Constantine",47.864857,0.337749,Plein jour,Hors agglomération,Intersection en Y,Temps éblouissant,Deux véhicules - côté,3,2, -1,-1,1,1,1,0,1,-1,2,2,1,1,0,0,41.0,44.0,voiture,deux_roues,1,1,4,7,3
202300028773,2023-09-08 11:10:00,2023,9,8,11,10,64,64024,BIARRITZ (AVENUE DE),43.48024,-1.51623,Plein jour,En agglomération,Hors intersection,Normale,Autre collision,4,2,2,0,1,1,1,0,1,30,1,2,1,0,1,0,77.0,,voiture,,1,2,1,1,6
202300028774,2023-12-17 06:56:00,2023,12,17,6,56,08,08397,,49.399645,4.244205,Nuit sans éclairage public,Hors agglomération,Hors intersection,Brouillard / fumée,Sans collision,2,3,4,0,1,1,2,0,8,110,1,1,0,0,0,1,28.0,,voiture,,3,1,1,5,7
202300028775,2023-09-06 07:34:00,2023,9,6,7,34,64,64102,CHALA (CHEMIN),43.47495,-1.47739,Crépuscule ou aube,Hors agglomération,Hors intersection,Normale,Deux véhicules - frontale,4,2,2,0,3,1,1,0,1,50,2,2,0,0,0,2,19.0,84.0,deux_roues,voiture,2,1,1,1,1
202300028776,2023-12-16 16:35:00,2023,12,16,16,35,56,56205,route saint colombier,47.562895,-2.715511,Plein jour,Hors agglomération,Intersection en X,Normale,Deux véhicules - côté,4,2,2,-1,1,1,1,0,1,50,2,3,2,0,0,1,54.0,72.0,deux_roues,voiture,1,1,2,1,3
202300028776,2023-12-16 16:35:00,2023,12,16,16,35,56,56205,route saint colombier,47.562895,-2.715511,Plein jour,Hors agglomération,Intersection en X,Normale,Deux véhicules - côté,4,2,2,0,1,2,1,0,1,50,2,3,2,0,0,1,54.0,72.0,deux_roues,voiture,1,1,2,1,3
202300028777,2023-08-22 09:55:00,2023,8,22,9,55,62,62250,Rue Eugène Gaudefroy,50.46638969,2.94229352,Plein jour,En agglomération,Intersection en T,Normale,Deux véhicules - côté,3,2,2,0,1,1,1,0,1,50,2,2,1,0,1,0,21.0,56.0,voiture,deux_roues,1,2,3,1,3
202300028777,2023-08-22 09:55:00,2023,8,22,9,55,62,62250,Rue Eugène Gaudefroy,50.46638969,2.94229352,Plein jour,En agglomération,Intersection en T,Normale,Deux véhicules - côté,3,2,0,0,1,1,1,0,1,50,2,2,1,0,1,0,21.0,56.0,voiture,deux_roues,1,2,3,1,3
202300028778,2023-12-17 12:05:00,2023,12,17,12,5,65,65363,D817,43.111189,0.438155,Plein jour,En agglomération,Hors intersection,Normale,Autre collision,3,2,2,0,2,2,1,0,1,50,1,1,0,0,0,1,63.0,,deux_roues,,1,2,1,1,6
202300028779,2023-12-17 17:15:00,2023,12,17,17,15,65,65004,D821,43.028366,-0.075289,Plein jour,Hors agglomération,Hors intersection,Normale,Deux véhicules - arrière,3,2,4,0,1,1,1,0,1,110,2,2,1,0,1,0,65.0,37.0,deux_roues,deux_roues,1,1,1,1,2
202300028780,2023-09-08 21:00:00,2023,9,8,21,0,59,59599,SCHUMAN (RUE ROBERT),50.74235,3.1826,Crépuscule ou aube,En agglomération,Autre intersection,Normale,Deux véhicules - côté,4,2,2,0,1,1,1,0,1,50,2,2,1,0,0,1,32.0,17.0,voiture,deux_roues,2,2,9,1,3
202300028781,2023-12-12 08:30:00,2023,12,12,8,30,33,33108,Avenue Gambetta,44.85559469,-0.04147701,Plein jour,En agglomération,Hors intersection,Normale,Autre collision,3,2,2,0,1,1,2,0,1,50,1,2,1,0,1,0,78.0,,voiture,,1,2,1,1,6
202300028782,2023-09-08 03:50:00,2023,9,8,3,50,59,59122,CAUDRY (RUE DE),50.1708,3.24818,Nuit avec éclairage allumé,En agglomération,Hors intersection,Normale,Sans collision,4,-1,2,0,1,1,1,0,1,50,1,1,0,0,1,0,35.0,,deux_roues,,5,2,1,1,7
202300028783,2023-12-17 12:20:00,2023,12,17,12,20,63,63040,avenue de la République,45.727731,3.33758,Plein jour,En agglomération,Hors intersection,Normale,Deux véhicules - arrière,3,2,2,0,1,1,1,0,1,50,2,2,1,0,1,0,48.0,56.0,voiture,deux_roues,1,2,1,1,2
202300028784,2023-09-07 09:35:00,2023,9,7,9,35,56,56121,Rue de Verdun,47.76006,-3.36595,Plein jour,En agglomération,Giratoire,Normale,Deux véhicules - côté,4,1,1,0,1,1,1,5,1,30,2,2,1,0,0,1,62.0,66.0,deux_roues,voiture,1,2,6,1,3
202300028785,2023-12-16 09:00:00,2023,12,16,9,0,42,42013,793 Avenue des Farges,45.64639,4.289902,Plein jour,En agglomération,Hors intersection,Normale,Deux véhicules - côté,3,2,2,0,1,1,2,0,1,50,2,3,2,0,1,0,31.0,16.0,voiture,deux_roues,1,2,1,1,3
202300028786,2023-09-08 07:45:00,2023,9,8,7,45,54,54395,Rue Sigisbert Adam,48.69924835,6.18050426,Plein jour,En agglomération,Intersection en X,Normale,Autre collision,4,2,4,0,1,1,1,0,1,30,1,2,1,0,0,1,45.0,,voiture,,1,2,2,1,6
202300028786,2023-09-08 07:45:00,2023,9,8,7,45,54,54395,Rue Sigisbert Adam,48.69924835,6.18050426,Plein jour,En agglomération,Intersection en X,Normale,Autre collision,4,2,2,2,1,1,1,0,1,30,1,2,1,0,0,1,45.0,,voiture,,1,2,2,1,6
202300028787,2023-12-17 04:30:00,2023,12,17,4,30,47,47203,Route de Croquelardit,44.387351,0.785201,Nuit sans éclairage public,Hors agglomération,Hors intersection,Brouillard / fumée,Autre collision,3,2,2,0,1,2,2,0,3,70,1,1,0,1,0,0,40.0,,voiture,,3,1,1,5,6
202300028788,2023-12-16 15:20:00,2023,12,16,15,20,68,68290,D13,47.939758,7.515477,Plein jour,Hors agglomération,Autre intersection,Normale,Autre collision,3,2,2,0,1,1,1,0,1,80,1,1,0,0,1,0,18.0,,voiture,,1,1,9,1,6
202300028789,2023-09-07 09:00:00,2023,9,7,9,0,54,54578,Rue la Fontaine,48.67143358,6.15625039,Plein jour,En agglomération,Intersection en T,Normale,Autre collision,4,2,2,0,1,1,1,0,4,50,1,2,1,0,0,1,58.0,,transport_commun,,1,2,3,1,6
202300028789,2023-09-07 09:00:00,2023,9,7,9,0,54,54578,Rue la Fontaine,48.67143358,6.15625039,Plein jour,En agglomération,Intersection en T,Normale,Autre collision,4,1,2,0,1,3,1,0,4,30,1,2,1,0,0,1,58.0,,transport_commun,,1,2,3,1,6
202300028790,2023-12-16 12:05:00,2023,12,16,12,5,22,22219,D768,48.272268,-2.708538,Plein jour,Hors agglomération,Intersection en T,Temps éblouissant,Deux véhicules - côté,3,2,2,0,2,2,1,0,8,-1,2,2,1,0,1,0,54.0,60.0,voiture,deux_roues,1,1,3,7,3
202300028790,2023-12-16 12:05:00,2023,12,16,12,5,22,22219,D768,48.272268,-2.708538,Plein jour,Hors agglomération,Intersection en T,Temps éblouissant,Deux véhicules - côté,3,2,2,0,1,1,1,0,1,80,2,2,1,0,1,0,54.0,60.0,voiture,deux_roues,1,1,3,7,3
202300028791,2023-09-06 10:09:00,2023,9,6,10,9,54,54373,Avenue de l’Europe,48.57489,6.52737,Plein jour,En agglomération,Hors intersection,Normale,Autre collision,3,2,4,2,1,1,1,-1,5,50,2,2,1,0,1,0,27.0,81.0,voiture,deux_roues,1,2,1,1,6
202300028792,2023-12-16 18:25:00,2023,12,16,18,25,29,29172,D47,48.174804,-4.228454,Nuit sans éclairage public,Hors agglomération,Intersection en Y,Normale,Deux véhicules - côté,3,2,1,0,2,1,1,0,1,80,2,2,1,0,1,0,38.0,14.0,voiture,deux_roues,3,1,4,1,3
202300028792,2023-12-16 18:25:00,2023,12,16,18,25,29,29172,D47,48.174804,-4.228454,Nuit sans éclairage public,Hors agglomération,Intersection en Y,Normale,Deux véhicules - côté,3,2, -1,-1,1,1,1,0,1,-1,2,2,1,0,1,0,38.0,14.0,voiture,deux_roues,3,1,4,1,3
202300028793,2023-09-08 09:15:00,2023,9,8,9,15,51,51454,EPERNAY (AVENUE D') COTE IMPAIR,49.24096,4.01383,Plein jour,En agglomération,Hors intersection,Normale,Deux véhicules - côté,4,3,7,0,1,1,1,0,1,50,2,2,1,0,0,1,66.0,38.0,voiture,deux_roues,1,2,1,1,3
202300028794,2023-09-07 20:05:00,2023,9,7,20,5,51,51055,CHAINE D'OR (PLACE),49.28297,4.04834,Crépuscule ou aube,En agglomération,Giratoire,Normale,Deux véhicules - côté,4,2,2,0,1,1,1,0,5,30,2,2,1,0,0,1,28.0,40.0,deux_roues,voiture,2,2,6,1,3
202300028794,2023-09-07 20:05:00,2023,9,7,20,5,51,51055,CHAINE D'OR (PLACE),49.28297,4.04834,Crépuscule ou aube,En agglomération,Giratoire,Normale,Deux véhicules - côté,4,-1,2,0,1,1,1,0,1,30,2,2,1,0,0,1,28.0,40.0,deux_roues,voiture,2,2,6,1,3
202300028795,2023-09-08 08:20:00,2023,9,8,8,20,50,50147,PONT DE SOULLES,49.03641,-1.44385,Plein jour,En agglomération,Hors intersection,Normale,Sans collision,4,2,2,0,1,3,1,0,1,30,2,2,1,0,0,1,15.0,62.0,deux_roues,deux_roues,1,2,1,1,7
202300028796,2023-12-17 03:00:00,2023,12,17,3,0,66,66124,route de la calme,42.517497,2.045667,Nuit sans éclairage public,Hors agglomération,Autre intersection,Normale,Autre collision,4,2,2,0,2,1,9,0,3,80,1,1,0,0,1,0,35.0,,voiture,,3,1,9,1,6