accident_id,datetime,annee,mois,jour,heure,minute,departement,commune_insee,adresse,latitude,longitude,luminosite,agglomeration,intersection,meteo,collision,catr,circ,nbv,vosp,prof,plan,surf,infra,situ,vma,nb_vehicules,nb_usagers,nb_indemnes,nb_tues,nb_blesses_hosp,nb_blesses_legers,age_cond_1,age_cond_2,veh_type_cond_1,veh_type_cond_2,lum_code,agg_code,int_code,atm_code,col_code
202300028874,2023-12-15 08:00:00,2023,12,15,8,0,971,97120,GENERAL DE GAULLE,16.24301697,-61.53961658,Plein jour,En agglomération,Intersection en T,Normale,Deux véhicules - côté,4,1,1,0,1,1,1,0,1,50,2,3,2,0,0,1,43.0,40.0,voiture,transport_commun,1,2,3,1,3
202300028874,2023-12-15 08:00:00,2023,12,15,8,0,971,97120,GENERAL DE GAULLE,16.24301697,-61.53961658,Plein jour,En agglomération,Intersection en T,Normale,Deux véhicules - côté,4,2,2,0,1,1,1,0,1,50,2,3,2,0,0,1,43.0,40.0,voiture,transport_commun,1,2,3,1,3
202300028875,2023-06-14 15:10:00,2023,6,14,15,10,69,69152,Route de Métropole 7,45.70132,4.83541,Plein jour,Hors agglomération,Hors intersection,Normale,Deux véhicules - arrière,7,3,6,0,1,1,1,0,1,70,2,2,1,0,0,1,38.0,,utilitaire_camion,voiture,1,1,1,1,2
202300028876,2023-06-28 07:50:00,2023,6,28,7,50,92,92012,A13,48.84830363,2.23126544,Plein jour,Hors agglomération,Hors intersection,Normale,Autre collision,1,-1,3,0,1,1,1,0,1,70,1,2,1,0,0,1,38.0,,voiture,,1,1,1,1,6
202300028877,2023-12-15 11:49:00,2023,12,15,11,49,2A,2A004,ERBAJOLO CHEMIN,41.94133,8.74448,Plein jour,En agglomération,Hors intersection,Normale,Deux véhicules - côté,4,2,1,0,2,1,9,8,1,50,2,3,1,0,0,2,38.0,15.0,utilitaire_camion,deux_roues,1,2,1,1,3
202300028878,2023-06-27 09:38:00,2023,6,27,9,38,78,78640,,48.778,2.214242,Plein jour,Hors agglomération,Hors intersection,Normale,Deux véhicules - arrière,1,-1,3,0,2,1,1,0,1,90,2,2,1,0,0,1,27.0,43.0,deux_roues,voiture,1,1,1,1,2
202300028879,2023-12-14 12:47:00,2023,12,14,12,47,87,87085,FLEURUS (BOULEVARD DE),45.83096,1.26344,Plein jour,En agglomération,Hors intersection,Normale,Autre collision,4,2,2,0,1,1,1,0,1,50,1,2,1,0,1,0,37.0,,voiture,,1,2,1,1,6
202300028880,2023-06-27 08:50:00,2023,6,27,8,50,78,78158,A13,48.83258,2.138189,Plein jour,Hors agglomération,Hors intersection,Normale,Deux véhicules - arrière,1,1,3,0,1,1,1,0,1,110,2,2,1,0,0,1,40.0,44.0,deux_roues,voiture,1,1,1,1,2
202300028881,2023-12-15 17:13:00,2023,12,15,17,13,86,86194,Viaduc Léon Blum,46.585587,0.333229,Crépuscule ou aube,En agglomération,Intersection en X,Normale,Deux véhicules - frontale,4,2,2,3,2,1,1,2,1,30,2,2,1,0,0,1,52.0,30.0,deux_roues,deux_roues,2,2,2,1,1
202300028881,2023-12-15 17:13:00,2023,12,15,17,13,86,86194,Viaduc Léon Blum,46.585587,0.333229,Crépuscule ou aube,En agglomération,Intersection en X,Normale,Deux véhicules - frontale,4,2,2,0,2,1,1,0,1,30,2,2,1,0,0,1,52.0,30.0,deux_roues,deux_roues,2,2,2,1,1
202300028882,2023-06-27 17:00:00,2023,6,27,17,0,75,75120,ECHANGEUR BAGNOLET,48.86630511,2.4131552,Plein jour,En agglomération,Hors intersection,Normale,Deux véhicules - côté,4,2,8,0,1,1,1,0,1,70,2,2,1,0,0,1,35.0,,deux_roues,voiture,1,2,1,1,3
202300028883,2023-12-15 06:00:00,2023,12,15,6,0,84,84035,BOSCODOMINI (AVENUE),43.81746,5.0437,Nuit avec éclairage allumé,En agglomération,Autre intersection,Normale,Deux véhicules - côté,4,-1,2,0,1,3,1,0,1,50,2,2,1,0,0,1,50.0,29.0,voiture,deux_roues,5,2,9,1,3
202300028884,2023-06-27 17:30:00,2023,6,27,17,30,95,95500,A15,49.03617521,2.09541678,Plein jour,Hors agglomération,Hors intersection,Normale,Deux véhicules - arrière,1,-1,4,0,1,1,1,2,1,90,2,2,1,0,0,1,46.0,30.0,voiture,deux_roues,1,1,1,1,2
202300028885,2023-12-14 18:15:00,2023,12,14,18,15,83,83062,DELAGE (RUE MARC),43.12494,6.00476,Nuit avec éclairage allumé,En agglomération,Hors intersection,Normale,Deux véhicules - côté,4,2,2,2,1,1,1,0,5,30,2,3,2,0,0,1,88.0,35.0,voiture,deux_roues,5,2,1,1,3
202300028886,2023-06-27 07:00:00,2023,6,27,7,0,92,92078,AUTOROUTE A86,48.92763127,2.33308867,Plein jour,Hors agglomération,Hors intersection,Normale,Deux véhicules - arrière,1,1,3,0,1,3,1,0,1,70,2,2,1,0,0,1,46.0,52.0,deux_roues,voiture,1,1,1,1,2
202300028887,2023-12-12 14:10:00,2023,12,12,14,10,83,83118,RUE LÉON ISNARD,43.42604,6.77004,Plein jour,En agglomération,Intersection en T,Normale,Autre collision,4,1,2,0,2,1,1,0,8,50,1,2,1,0,1,0,76.0,,voiture,,1,2,3,1,6
202300028887,2023-12-12 14:10:00,2023,12,12,14,10,83,83118,RUE LÉON ISNARD,43.42604,6.77004,Plein jour,En agglomération,Intersection en T,Normale,Autre collision,4,1,1,0,1,1,1,0,1,50,1,2,1,0,1,0,76.0,,voiture,,1,2,3,1,6
202300028888,2023-06-26 00:55:00,2023,6,26,0,55,95,95527,A1,49.00062,2.52238,Nuit sans éclairage public,Hors agglomération,Hors intersection,Normale,Deux véhicules - arrière,1,3,3,0,1,1,1,0,1,110,2,2,1,0,0,1,44.0,21.0,voiture,voiture,3,1,1,1,2
202300028889,2023-12-13 21:00:00,2023,12,13,21,0,80,80001,PRESIDENT ROBERT SCHUMAN (du),50.10597,1.85772,Nuit avec éclairage allumé,En agglomération,Hors intersection,Pluie légère,Deux véhicules - côté,4,2,4,1,1,1,2,0,5,50,2,2,0,0,2,0,31.0,31.0,deux_roues,deux_roues,5,2,1,2,3
202300028890,2023-06-27 19:05:00,2023,6,27,19,5,76,76114,Boulevard Jules Passas,49.56987,0.47858,Plein jour,En agglomération,Giratoire,Normale,Autre collision,3,2,2,0,2,3,1,5,1,50,1,2,1,0,0,1,41.0,,voiture,,1,2,6,1,6
202300028891,2023-06-24 11:45:00,2023,6,24,11,45,83,83126,ROUVE (LA ),43.1002,5.90001,Plein jour,En agglomération,Hors intersection,Normale,Autre collision,4,2,1,0,2,3,1,0,1,30,1,2,1,0,0,1,32.0,,utilitaire_camion,,1,2,1,1,6
202300028892,2023-06-16 13:47:00,2023,6,16,13,47,68,68224,KOECHLIN (RUE),47.75528,7.33616,Plein jour,En agglomération,Hors intersection,Normale,Autre collision,4,1,1,0,1,1,1,0,1,50,1,2,1,0,1,0,34.0,,voiture,,1,2,1,1,6
202300028893,2023-12-15 10:10:00,2023,12,15,10,10,77,77285,RESISTANCE  (AVENUE DE LA ),48.5416,2.6283,Plein jour,En agglomération,Hors intersection,Normale,Autre collision,4,2,2,0,1,1,1,0,1,50,1,2,1,0,0,1,48.0,,utilitaire_camion,,1,2,1,1,6
202300028894,2023-12-15 19:35:00,2023,12,15,19,35,77,77284,D603,48.953027,2.883742,Nuit avec éclairage allumé,En agglomération,Hors intersection,Normale,Autre collision,3,1,2,0,1,1,1,0,1,50,1,2,1,0,0,1,63.0,,voiture,,5,2,1,1,6
202300028895,2023-12-15 19:02:00,2023,12,15,19,2,77,77464,CORNILLOT (RUE),48.88434,2.71147,Nuit avec éclairage allumé,En agglomération,Autre intersection,Normale,Autre collision,4,2,2,0,1,1,1,6,1,30,1,2,1,0,0,1,58.0,,voiture,,5,2,9,1,6
202300028896,2023-06-16 07:50:00,2023,6,16,7,50,988,98818,RUE DE METZ/ROUTE DU PORT DESPOINTES,-22.27754,166.45047,Plein jour,En agglomération,Intersection en T,Normale,Deux véhicules - côté,4,2,2,0,2,1,1,0,1,50,2,5,0,0,0,5,47.0,51.0,voiture,transport_commun,1,2,3,1,3
202300028896,2023-06-16 07:50:00,2023,6,16,7,50,988,98818,RUE DE METZ/ROUTE DU PORT DESPOINTES,-22.27754,166.45047,Plein jour,En agglomération,Intersection en T,Normale,Deux véhicules - côté,4,2,2,0,3,1,1,0,1,50,2,5,0,0,0,5,47.0,51.0,voiture,transport_commun,1,2,3,1,3
202300028897,2023-06-27 13:35:00,2023,6,27,13,35,973,97302,GALMOT (ROND-POINT),4.92155,-52.32978,Plein jour,Hors agglomération,Giratoire,Normale,Sans collision,2,1,2,0,1,3,1,0,1,30,1,1,0,0,1,0,59.0,,deux_roues,,1,1,6,1,7
202300028898,2023-12-15 23:30:00,2023,12,15,23,30,77,77131,STRASBOURG (AVENUE DE),48.80323,3.08564,Nuit avec éclairage allumé,En agglomération,Intersection en X,Brouillard / fumée,Deux véhicules - arrière,4,2,3,0,1,1,1,5,8,50,2,4,1,0,0,3,19.0,56.0,voiture,voiture,5,2,2,5,2
202300028898,2023-12-15 23:30:00,2023,12,15,23,30,77,77131,STRASBOURG (AVENUE DE),48.80323,3.08564,Nuit avec éclairage allumé,En agglomération,Intersection en X,Brouillard / fumée,Deux véhicules - arrière,4,3,4,0,1,1,1,5,1,50,2,4,1,0,0,3,19.0,56.0,voiture,voiture,5,2,2,5,2
202300028899,2023-06-27 23:35:00,2023,6,27,23,35,69,69387,Rue de Marseille,45.74683,4.83678,Nuit avec éclairage allumé,En agglomération,Intersection en X,Normale,Deux véhicules - frontale,4,1,2,3,1,1,1,0,1,50,2,2,1,0,0,1,20.0,33.0,voiture,deux_roues,5,2,2,1,1
202300028899,2023-06-27 23:35:00,2023,6,27,23,35,69,69387,Rue de Marseille,45.74683,4.83678,Nuit avec éclairage allumé,En agglomération,Intersection en X,Normale,Deux véhicules - frontale,4,1,1,1,1,1,1,0,1,30,2,2,1,0,0,1,20.0,33.0,voiture,deux_roues,5,2,2,1,1
202300028900,2023-06-27 18:15:00,2023,6,27,18,15,69,69388,14b Rue de Champagneux,45.73084,4.85108,Plein jour,En agglomération,Hors intersection,Normale,Autre collision,4,2,2,0,1,1,1,0,1,50,1,2,1,0,0,1,18.0,,voiture,,1,2,1,1,6
202300028901,2023-06-27 09:30:00,2023,6,27,9,30,69,69149,21 Grande Rue,45.71875,4.81029,Plein jour,En agglomération,Hors intersection,Normale,Sans collision,7,2,3,3,2,1,1,0,1,50,1,1,0,0,0,1,38.0,,autre,,1,2,1,1,7
202300028902,2023-06-25 23:20:00,2023,6,25,23,20,971,97113,RN4-ROND POINT SAINT FELIX,16.20737372,-61.45651102,Nuit sans éclairage public,Hors agglomération,Autre intersection,Normale,Deux véhicules - frontale,2,-1,2,0,1,1,1,0,1,50,2,2,1,0,1,0,30.0,25.0,deux_roues,voiture,3,1,9,1,1
202300028903,2023-12-15 18:30:00,2023,12,15,18,30,76,76429,Route de Paris,49.4099,1.14278,Nuit avec éclairage allumé,En agglomération,Hors intersection,Temps couvert,Deux véhicules - côté,7,2,2,0,1,1,1,0,1,50,2,2,1,0,0,1,49.0,18.0,voiture,deux_roues,5,2,1,8,3
202300028904,2023-06-27 13:40:00,2023,6,27,13,40,91,91161,AV PIERRE BROSSOLETTE,48.70009,2.31765,Plein jour,En agglomération,Hors intersection,Normale,Trois véhicules et plus - en chaîne,3,1,0,0,1,1,1,0,1,50,3,3,2,0,0,1,59.0,19.0,voiture,utilitaire_camion,1,2,1,1,4
202300028905,2023-06-27 15:40:00,2023,6,27,15,40,91,91326,COUR DE FRANCE (AVENUE DE LA),48.69141,2.37059,Plein jour,En agglomération,Hors intersection,Normale,Deux véhicules - côté,3,-1,4,0,1,1,1,8,1,50,2,2,1,0,0,1,48.0,20.0,utilitaire_camion,voiture,1,2,1,1,3
202300028906,2023-06-26 07:29:00,2023,6,26,7,29,87,87085,PERRIN (RUE FRANCOIS),45.82916,1.24372,Plein jour,En agglomération,Intersection en T,Normale,Deux véhicules - côté,4,2,2,0,2,1,1,0,1,50,2,2,1,0,1,0,19.0,51.0,deux_roues,voiture,1,2,3,1,3
202300028906,2023-06-26 07:29:00,2023,6,26,7,29,87,87085,PERRIN (RUE FRANCOIS),45.82916,1.24372,Plein jour,En agglomération,Intersection en T,Normale,Deux véhicules - côté,4,2,2,0,1,1,1,0,1,50,2,2,1,0,1,0,19.0,51.0,deux_roues,voiture,1,2,3,1,3
202300028907,2023-06-26 14:30:00,2023,6,26,14,30,83,83069,GAMBETTA (AVENUE),43.117152,6.128597,Plein jour,En agglomération,Hors intersection,Normale,Autre collision,4,2,2,0,2,1,1,0,1,50,1,2,1,0,1,0,41.0,,voiture,,1,2,1,1,6
202300028908,2023-06-26 09:15:00,2023,6,26,9,15,83,83061,AVENUE DE LATTRE DE TASSIGNY,43.43094,6.75464,Plein jour,En agglomération,Giratoire,Normale,Autre collision,4,2,2,0,1,1,1,9,1,50,1,3,2,0,1,0,95.0,,voiture,,1,2,6,1,6
202300028908,2023-06-26 09:15:00,2023,6,26,9,15,83,83061,AVENUE DE LATTRE DE TASSIGNY,43.43094,6.75464,Plein jour,En agglomération,Giratoire,Normale,Autre collision,4,2,2,0,1,1,1,0,1,50,1,3,2,0,1,0,95.0,,voiture,,1,2,6,1,6
202300028909,2023-06-23 18:30:00,2023,6,23,18,30,80,80021,SAINT HONORE (RUE),49.88804,2.28904,Plein jour,Hors agglomération,Hors intersection,Normale,Deux véhicules - arrière,4,3,0,0,1,1,1,0,1,50,2,2,1,0,1,0,20.0,28.0,deux_roues,voiture,1,1,1,1,2
202300028910,2023-06-27 10:10:00,2023,6,27,10,10,79,79191,,46.3561,-0.4812,Plein jour,Hors agglomération,Intersection en X,Normale,Deux véhicules - côté,3,2,2,0,1,1,1,0,1,70,2,2,1,0,1,0,80.0,67.0,voiture,deux_roues,1,1,2,1,3
202300028910,2023-06-27 10:10:00,2023,6,27,10,10,79,79191,,46.3561,-0.4812,Plein jour,Hors agglomération,Intersection en X,Normale,Deux véhicules - côté,3,2,2,0,1,1,1,0,1,50,2,2,1,0,1,0,80.0,67.0,voiture,deux_roues,1,1,2,1,3
202300028911,2023-06-27 20:50:00,2023,6,27,20,50,76,76575,Rue Moliere,49.403671,1.075423,Crépuscule ou aube,En agglomération,Intersection en T,Normale,Autre collision,4,2,2,0,1,1,1,0,1,50,1,2,1,0,0,1,43.0,,voiture,,2,2,3,1,6
202300028911,2023-06-27 20:50:00,2023,6,27,20,50,76,76575,Rue Moliere,49.403671,1.075423,Crépuscule ou aube,En agglomération,Intersection en T,Normale,Autre collision,4,2,2,0,1,1,1,0,1,50,1,2,1,0,0,1,43.0,,voiture,,2,2,3,1,6
202300028912,2023-06-24 21:36:00,2023,6,24,21,36,76,76351,FRANCOIS 1ER (BD),49.49027,0.10076,Plein jour,En agglomération,Intersection en T,Normale,Deux véhicules - côté,4,3,5,1,1,1,1,4,5,50,2,2,1,0,1,0,17.0,41.0,deux_roues,voiture,1,2,3,1,3
202300028912,2023-06-24 21:36:00,2023,6,24,21,36,76,76351,FRANCOIS 1ER (BD),49.49027,0.10076,Plein jour,En agglomération,Intersection en T,Normale,Deux véhicules - côté,4,3,5,1,1,1,1,0,5,50,2,2,1,0,1,0,17.0,41.0,deux_roues,voiture,1,2,3,1,3
202300028913,2023-06-02 08:40:00,2023,6,2,8,40,73,73008,SOURCES DE ST SIMOND CHEMIN DES,45.70940965,5.91937914,Plein jour,En agglomération,Hors intersection,Normale,Deux véhicules - frontale,4,2,2,0,1,3,1,9,1,50,2,2,1,0,1,0,36.0,29.0,voiture,deux_roues,1,2,1,1,1
202300028914,2023-06-26 11:30:00,2023,6,26,11,30,72,72181,DEMORIEUX ENTRE PT CHEM DE FER ET HUISNE,47.9981,0.1889,Plein jour,En agglomération,Autre intersection,Normale,Deux véhicules - arrière,4,1,1,0,1,1,1,0,1,50,2,2,1,0,0,1,22.0,28.0,voiture,voiture,1,2,9,1,2
202300028915,2023-06-26 08:45:00,2023,6,26,8,45,72,72181,BOEUFS LE PETIT HOUX (CHEMIN AUX),47.95386,0.21985,Plein jour,En agglomération,Autre intersection,Normale,Deux véhicules - côté,4,1,2,0,1,1,1,0,1,50,2,2,1,0,0,1,21.0,40.0,deux_roues,voiture,1,2,9,1,3
202300028916,2023-06-26 18:30:00,2023,6,26,18,30,71,71105,COUPEE (GRANDE-RUE DE LA),46.30973,4.80018,Plein jour,En agglomération,Intersection en T,Normale,Deux véhicules - côté,4,2,1,0,2,1,1,0,1,50,2,2,1,0,0,1,45.0,18.0,voiture,deux_roues,1,2,3,1,3
202300028916,2023-06-26 18:30:00,2023,6,26,18,30,71,71105,COUPEE (GRANDE-RUE DE LA),46.30973,4.80018,Plein jour,En agglomération,Intersection en T,Normale,Deux véhicules - côté,4,1,1,0,1,1,1,0,1,50,2,2,1,0,0,1,45.0,18.0,voiture,deux_roues,1,2,3,1,3
202300028917,2023-06-27 18:10:00,2023,6,27,18,10,69,69259,Avenue Francis de Pressensé,45.72589,4.86314,Plein jour,En agglomération,Hors intersection,Normale,Deux véhicules - côté,4,2,2,2,1,1,1,0,1,50,2,2,1,0,0,1,44.0,41.0,deux_roues,voiture,1,2,1,1,3
202300028918,2023-06-27 22:50:00,2023,6,27,22,50,67,67482,GENERAL KOENIG (QUAI DU),48.57543,7.75674,Nuit sans éclairage public,En agglomération,Hors intersection,Normale,Deux véhicules - frontale,4,2,2,1,1,1,1,9,5,30,2,2,1,0,1,0,51.0,25.0,deux_roues,deux_roues,3,2,1,1,1
202300028919,2023-06-27 16:35:00,2023,6,27,16,35,67,67482,FRERES EBERTS (RUE DES),48.55327,7.74289,Plein jour,En agglomération,Hors intersection,Normale,Deux véhicules - arrière,4,2,4,1,1,1,1,0,1,50,2,3,2,0,0,1,44.0,27.0,voiture,voiture,1,2,1,1,2
202300028920,2023-06-15 18:10:00,2023,6,15,18,10,67,67482,MARTIN SCHONGAUER (RUE),48.56778,7.72361,Plein jour,En agglomération,Place,Normale,Deux véhicules - côté,4,2,2,0,1,1,1,0,1,30,2,2,1,0,0,1,25.0,37.0,voiture,deux_roues,1,2,7,1,3
202300028921,2023-06-16 17:55:00,2023,6,16,17,55,64,64445,OLOF PALME,43.33861,-0.37884,Plein jour,En agglomération,Hors intersection,Normale,Deux véhicules - côté,3,2,2,0,1,1,1,0,1,70,2,2,1,0,0,1,20.0,57.0,voiture,deux_roues,1,2,1,1,3
202300028922,2023-06-26 15:57:00,2023,6,26,15,57,64,64140,DUBOY (RUE ANDRE),43.52832,-1.49395,Plein jour,En agglomération,Hors intersection,Normale,Autre collision,4,1,1,0,1,1,1,0,1,50,1,3,2,0,0,1,52.0,,voiture,,1,2,1,1,6
202300028923,2023-06-15 19:00:00,2023,6,15,19,0,59,59508,DRONCKAERT (RUE DU),50.74037,3.13213,Plein jour,En agglomération,Intersection en X,Normale,Deux véhicules - frontale,7,3,0,0,1,1,1,5,1,50,2,2,1,0,0,1,29.0,45.0,voiture,deux_roues,1,2,2,1,1
202300028923,2023-06-15 19:00:00,2023,6,15,19,0,59,59508,DRONCKAERT (RUE DU),50.74037,3.13213,Plein jour,En agglomération,Intersection en X,Normale,Deux véhicules - frontale,7,3,0,0,1,1,1,0,1,50,2,2,1,0,0,1,29.0,45.0,voiture,deux_roues,1,2,2,1,1
202300028924,2023-06-27 21:00:00,2023,6,27,21,0,59,59512,VERDUN (AVENUE DE),50.68637,3.19925,Plein jour,En agglomération,Hors intersection,Normale,Autre collision,4,1,1,0,1,1,1,0,1,50,1,6,4,0,0,2,23.0,,voiture,,1,2,1,1,6
202300028925,2023-06-26 17:30:00,2023,6,26,17,30,57,57463,DRAPIERS (RUE DES ),49.11755,6.24722,Plein jour,En agglomération,Hors intersection,Normale,Deux véhicules - côté,4,2,2,0,1,1,1,0,1,50,2,2,1,0,1,0,38.0,32.0,voiture,deux_roues,1,2,1,1,3
202300028926,2023-06-26 15:13:00,2023,6,26,15,13,57,57463,SEBASTOPOL (AVENUE DE ),49.1094,6.23085,Plein jour,En agglomération,Hors intersection,Normale,Sans collision,4,2,2,3,1,1,1,0,6,50,1,1,0,0,1,0,62.0,,deux_roues,,1,2,1,1,7
202300028927,2023-06-27 11:00:00,2023,6,27,11,0,54,54395,Avenue de Strasbourg,48.68081262,6.1942184,Plein jour,En agglomération,Hors intersection,Normale,Deux véhicules - côté,4,2,2,2,1,1,1,0,5,50,2,2,1,0,0,1,57.0,52.0,voiture,deux_roues,1,2,1,1,3
202300028928,2023-06-26 12:15:00,2023,6,26,12,15,54,54395,Avenue de la Libération,48.69616795,6.16286606,Plein jour,En agglomération,Hors intersection,Normale,Deux véhicules - côté,4,2,2,1,2,1,1,0,1,50,2,2,1,0,0,1,42.0,50.0,deux_roues,voiture,1,2,1,1,3
202300028929,2023-06-27 11:20:00,2023,6,27,11,20,54,54575,D125,49.457554,5.851464,Plein jour,Hors agglomération,Hors intersection,Normale,Autre collision,3,2,2,0,1,1,1,0,3,80,1,1,0,0,0,1,17.0,,deux_roues,,1,1,1,1,6
202300028930,2023-06-27 16:45:00,2023,6,27,16,45,51,51454,ESSILLARDS (RUE DES),49.23283,4.04788,Plein jour,En agglomération,Hors intersection,Normale,Deux véhicules - côté,4,2,1,1,1,1,1,2,1,30,2,2,1,0,0,1,66.0,15.0,deux_roues,deux_roues,1,2,1,1,3
202300028931,2023-06-27 11:30:00,2023,6,27,11,30,51,51573,BRIAND (RUE ARISTIDE),49.25015,4.00809,Plein jour,En agglomération,Hors intersection,Normale,Autre collision,4,1,1,0,4,1,1,0,4,50,1,2,1,0,0,1,67.0,,utilitaire_camion,,1,2,1,1,6
202300028932,2023-06-23 07:35:00,2023,6,23,7,35,50,50129,DELAVILLE ( AVENUE),49.63589,-1.62552,Plein jour,En agglomération,Hors intersection,Normale,Autre collision,4,2,2,0,1,1,1,0,1,30,1,2,1,0,0,1,55.0,,voiture,,1,2,1,1,6
202300028933,2023-06-27 11:48:00,2023,6,27,11,48,49,49007,PLANTAGENET,47.47238,-0.55455,Plein jour,En agglomération,Hors intersection,Normale,Autre collision,4,1,1,0,1,1,1,0,4,30,1,2,1,0,0,1,,,deux_roues,,1,2,1,1,6
202300028934,2023-06-26 18:00:00,2023,6,26,18,0,49,49015,LANGEVIN RUE PAUL,47.5178,-0.6083,Plein jour,En agglomération,Giratoire,Normale,Deux véhicules - côté,4,2,2,0,1,1,1,0,1,50,2,2,1,0,0,1,77.0,55.0,voiture,deux_roues,1,2,6,1,3
202300028935,2023-06-26 06:45:00,2023,6,26,6,45,49,49246,MOULIN MARCILLE CHEMIN,47.43676,-0.50428,Plein jour,En agglomération,Giratoire,Normale,Deux véhicules - arrière,3,2,1,0,1,1,1,0,1,50,2,2,1,0,0,1,62.0,32.0,voiture,utilitaire_camion,1,2,6,1,2
202300028935,2023-06-26 06:45:00,2023,6,26,6,45,49,49246,MOULIN MARCILLE CHEMIN,47.43676,-0.50428,Plein jour,En agglomération,Giratoire,Normale,Deux véhicules - arrière,3,2,1,0,1,1,1,0,1,50,2,2,1,0,0,1,62.0,32.0,voiture,utilitaire_camion,1,2,6,1,2
202300028936,2023-06-27 16:26:00,2023,6,27,16,26,47,47001,BARA (RUE JOSEPH),44.20329,0.62171,Plein jour,En agglomération,Hors intersection,Normale,Deux véhicules - côté,4,1,1,0,1,1,1,0,1,30,2,2,1,0,0,1,25.0,49.0,deux_roues,voiture,1,2,1,1,3
202300028937,2023-06-27 16:50:00,2023,6,27,16,50,45,45234,33 Rue Basse d'Ingré,47.90525,1.88967,Plein jour,En agglomération,Hors intersection,Normale,Deux véhicules - côté,4,1,1,1,2,1,1,0,1,30,2,3,2,0,0,1,26.0,36.0,voiture,deux_roues,1,2,1,1,3
202300028938,2023-06-27 18:00:00,2023,6,27,18,0,43,43157,40 Avenue des Belges,45.049122,3.900097,Plein jour,En agglomération,Hors intersection,Normale,Deux véhicules - arrière,4,-1,2,0,1,1,1,0,1,50,2,3,2,0,0,1,61.0,28.0,voiture,voiture,1,2,1,1,2
202300028939,2023-06-27 16:15:00,2023,6,27,16,15,43,43041,Chemin du Stade,45.04319,3.93303,Plein jour,En agglomération,Autre intersection,Normale,Sans collision,4,-1,0,0,3,1,1,0,8,-1,1,2,1,0,1,0,15.0,,deux_roues,,1,2,9,1,7
202300028940,2023-06-27 08:48:00,2023,6,27,8,48,43,43157,Rue Burel,45.04084,3.88707,Plein jour,En agglomération,Hors intersection,Normale,Deux véhicules - côté,4,-1,2,0,1,1,1,0,1,50,2,2,1,0,0,1,53.0,71.0,deux_roues,voiture,1,2,1,1,3
202300028941,2023-06-27 20:55:00,2023,6,27,20,55,37,37233,RABATERIE ( RUE DE LA ),47.39199,0.73467,Plein jour,En agglomération,Hors intersection,Normale,Deux véhicules - côté,4,2,2,0,1,1,1,0,1,50,2,2,1,0,0,1,15.0,,deux_roues,voiture,1,2,1,1,3
202300028942,2023-06-27 09:20:00,2023,6,27,9,20,34,34172,261 Rue de Puech Villa,43.64139,3.83493,Plein jour,En agglomération,Intersection en Y,Normale,Autre collision,4,3,2,0,1,2,1,5,1,50,1,2,1,0,0,1,27.0,,voiture,,1,2,4,1,6
202300028942,2023-06-27 09:20:00,2023,6,27,9,20,34,34172,261 Rue de Puech Villa,43.64139,3.83493,Plein jour,En agglomération,Intersection en Y,Normale,Autre collision,4,3,3,0,1,2,1,5,1,50,1,2,1,0,0,1,27.0,,voiture,,1,2,4,1,6
202300028943,2023-06-25 10:40:00,2023,6,25,10,40,34,34003,RD51,43.320358,3.47606,Plein jour,Hors agglomération,Hors intersection,Normale,Autre collision,3,2,2,0,1,1,1,0,1,50,1,2,1,0,1,0,69.0,,deux_roues,,1,1,1,1,6
202300028944,2023-06-27 20:15:00,2023,6,27,20,15,25,25056,RN 1057 (ROUTE DE GRAY-CH.EPITAPHE),47.24028,5.98111,Plein jour,Hors agglomération,Hors intersection,Normale,Autre collision,2,3,2,0,1,3,1,0,1,90,1,1,0,0,0,1,32.0,,voiture,,1,1,1,1,6
202300028945,2023-06-27 20:29:00,2023,6,27,20,29,25,25056,MONTS DE BREGILLE RUELLE DES,47.242525,6.044741,Plein jour,En agglomération,Intersection en T,Normale,Deux véhicules - côté,4,2,2,0,2,1,1,0,1,50,2,3,1,0,0,2,43.0,25.0,deux_roues,voiture,1,2,3,1,3
202300028945,2023-06-27 20:29:00,2023,6,27,20,29,25,25056,MONTS DE BREGILLE RUELLE DES,47.242525,6.044741,Plein jour,En agglomération,Intersection en T,Normale,Deux véhicules - côté,4,2,2,-1,1,1,-1,5,-1,-1,2,3,1,0,0,2,43.0,25.0,deux_roues,voiture,1,2,3,1,3
202300028946,2023-06-27 15:00:00,2023,6,27,15,0,25,25056,CHOPARD RUE ALEXIS,47.24896,6.03135,Plein jour,En agglomération,Intersection en X,Normale,Deux véhicules - arrière,3,2,3,0,1,1,1,5,1,50,2,2,1,0,0,1,57.0,34.0,deux_roues,voiture,1,2,2,1,2
202300028946,2023-06-27 15:00:00,2023,6,27,15,0,25,25056,CHOPARD RUE ALEXIS,47.24896,6.03135,Plein jour,En agglomération,Intersection en X,Normale,Deux véhicules - arrière,3,1,2,3,1,1,1,5,1,50,2,2,1,0,0,1,57.0,34.0,deux_roues,voiture,1,2,2,1,2
202300028947,2023-06-27 11:20:00,2023,6,27,11,20,25,25056,DENFERT ROCHEREAU AVENUE,47.244,6.027,Plein jour,En agglomération,Hors intersection,Normale,Autre collision,4,1,2,3,2,1,1,5,1,50,1,2,0,0,0,2,36.0,,deux_roues,,1,2,1,1,6
202300028948,2023-06-27 08:20:00,2023,6,27,8,20,25,25056,rue francis clerc,47.257674,6.017568,Plein jour,En agglomération,Hors intersection,Normale,Deux véhicules - côté,4,1,1,0,2,1,1,0,1,50,2,2,1,0,0,1,24.0,73.0,utilitaire_camion,deux_roues,1,2,1,1,3
202300028949,2023-06-26 13:15:00,2023,6,26,13,15,14,14333,Quai de la Quarantaine,49.420462,0.234681,Plein jour,En agglomération,Hors intersection,Normale,Autre collision,4,2,2,0,1,1,1,0,1,50,1,2,1,0,0,1,92.0,,voiture,,1,2,1,1,6