accident_id,datetime,annee,mois,jour,heure,minute,departement,commune_insee,adresse,latitude,longitude,luminosite,agglomeration,intersection,meteo,collision,catr,circ,nbv,vosp,prof,plan,surf,infra,situ,vma,nb_vehicules,nb_usagers,nb_indemnes,nb_tues,nb_blesses_hosp,nb_blesses_legers,age_cond_1,age_cond_2,veh_type_cond_1,veh_type_cond_2,lum_code,agg_code,int_code,atm_code,col_code
202300028950,2023-06-27 08:35:00,2023,6,27,8,35,13,13117,CD20 E,43.42721,5.23544,Plein jour,En agglomération,Intersection en X,Normale,Deux véhicules - côté,3,1,1,0,3,1,1,3,1,70,3,6,4,0,0,2,53.0,28.0,voiture,voiture,1,2,2,1,3
202300028950,2023-06-27 08:35:00,2023,6,27,8,35,13,13117,CD20 E,43.42721,5.23544,Plein jour,En agglomération,Intersection en X,Normale,Deux véhicules - côté,3,2,1,0,1,1,1,0,1,50,3,6,4,0,0,2,53.0,28.0,voiture,voiture,1,2,2,1,3
202300028951,2023-06-27 07:40:00,2023,6,27,7,40,13,13047,RN 569,43.55042,4.95739,Plein jour,Hors agglomération,Hors intersection,Normale,Deux véhicules - arrière,2,2,2,0,1,1,1,0,1,80,2,2,1,0,0,1,38.0,30.0,deux_roues,voiture,1,1,1,1,2
202300028952,2023-06-27 14:17:00,2023,6,27,14,17,06,06088,RIQUIER (BD DE),43.703245,7.289539,Plein jour,En agglomération,Intersection en X,Normale,Autre collision,4,1,1,0,1,1,1,0,1,50,1,2,1,1,0,0,57.0,,utilitaire_camion,,1,2,2,1,6
202300028952,2023-06-27 14:17:00,2023,6,27,14,17,06,06088,RIQUIER (BD DE),43.703245,7.289539,Plein jour,En agglomération,Intersection en X,Normale,Autre collision,4,1,3,3,1,1,1,0,1,50,1,2,1,1,0,0,57.0,,utilitaire_camion,,1,2,2,1,6
202300028953,2023-06-26 13:20:00,2023,6,26,13,20,06,06069,SAINT MATHIEU (ROUTE ET PLACE),43.657294,6.933256,Plein jour,En agglomération,Hors intersection,Normale,Deux véhicules - côté,3,2,2,0,2,3,1,0,1,50,2,2,1,0,0,1,41.0,21.0,voiture,deux_roues,1,2,1,1,3
202300028954,2023-06-27 08:30:00,2023,6,27,8,30,06,06029,TONNER (AVENUE FRANCIS),43.55026,6.95767,Plein jour,En agglomération,Autre intersection,Normale,Deux véhicules - côté,4,2,2,0,1,1,1,0,1,50,2,2,1,0,1,0,51.0,22.0,voiture,autre,1,2,9,1,3
202300028955,2023-06-27 10:24:00,2023,6,27,10,24,05,05061,VARSIE  ( RUE DE ),44.57933,6.07414,Plein jour,En agglomération,Hors intersection,Normale,Sans collision,4,-1,2,0,2,1,1,0,1,50,1,1,0,0,0,1,54.0,,utilitaire_camion,,1,2,1,1,7
202300028956,2023-06-27 22:30:00,2023,6,27,22,30,01,01053,Route de Marboz,46.22257,5.22853,Nuit avec éclairage allumé,En agglomération,Autre intersection,Normale,Deux véhicules - côté,4,2,4,1,1,1,1,9,5,50,2,2,1,0,0,1,18.0,33.0,deux_roues,voiture,5,2,9,1,3
202300028957,2023-06-27 08:35:00,2023,6,27,8,35,75,75120,PORTE DES LILAS,48.876534,2.409645,Plein jour,En agglomération,Hors intersection,Normale,Trois véhicules et plus - collisions multiples,4,1,2,0,2,3,1,0,1,50,3,4,3,0,0,1,41.0,44.0,voiture,voiture,1,2,1,1,5
202300028958,2023-06-26 08:20:00,2023,6,26,8,20,75,75116,PORTE MAILLOT,48.877655,2.280344,Plein jour,En agglomération,Intersection en Y,Normale,Deux véhicules - arrière,4,1,4,0,1,1,1,1,1,70,2,2,1,0,0,1,31.0,27.0,voiture,deux_roues,1,2,4,1,2
202300028958,2023-06-26 08:20:00,2023,6,26,8,20,75,75116,PORTE MAILLOT,48.877655,2.280344,Plein jour,En agglomération,Intersection en Y,Normale,Deux véhicules - arrière,4,1,2,0,2,1,1,0,1,50,2,2,1,0,0,1,31.0,27.0,voiture,deux_roues,1,2,4,1,2
202300028959,2023-06-26 10:20:00,2023,6,26,10,20,75,75120,PORTE DE MONTREUIL,48.852713,2.414464,Plein jour,En agglomération,Hors intersection,Normale,Trois véhicules et plus - collisions multiples,4,1,4,0,1,1,1,0,1,70,3,3,2,0,0,1,37.0,26.0,deux_roues,utilitaire_camion,1,2,1,1,5
202300028960,2023-06-26 09:50:00,2023,6,26,9,50,75,75117,PORTE DE CHAMPERRET,48.887035,2.29029,Plein jour,En agglomération,Hors intersection,Normale,Deux véhicules - arrière,4,1,4,0,1,1,1,0,1,70,2,2,0,0,0,2,45.0,24.0,utilitaire_camion,deux_roues,1,2,1,1,2
202300028961,2023-06-27 13:30:00,2023,6,27,13,30,75,75112,BOULEVARD PERIPHERIQUE INTERIEUR SUD,48.831429,2.403851,Plein jour,En agglomération,Hors intersection,Normale,Deux véhicules - arrière,4,1,4,0,1,1,1,0,1,70,2,2,1,0,1,0,22.0,43.0,deux_roues,utilitaire_camion,1,2,1,1,2
202300028962,2023-06-26 18:10:00,2023,6,26,18,10,75,75115,RUE FALGUIERE,48.839882,2.31243,Plein jour,En agglomération,Autre intersection,Normale,Autre collision,4,-1,2,0,1,1,1,0,1,30,1,3,2,0,0,1,49.0,,deux_roues,,1,2,9,1,6
202300028963,2023-06-27 10:30:00,2023,6,27,10,30,75,75105,QUAI DE LA TOURNELLE,48.851104,2.351295,Plein jour,En agglomération,Intersection en X,Normale,Deux véhicules - côté,4,1, -1,-1,1,1,1,-1,5,-1,2,2,1,0,0,1,56.0,40.0,voiture,deux_roues,1,2,2,1,3
202300028963,2023-06-27 10:30:00,2023,6,27,10,30,75,75105,QUAI DE LA TOURNELLE,48.851104,2.351295,Plein jour,En agglomération,Intersection en X,Normale,Deux véhicules - côté,4,2,3,1,1,1,1,-1,5,30,2,2,1,0,0,1,56.0,40.0,voiture,deux_roues,1,2,2,1,3
202300028964,2023-06-27 18:50:00,2023,6,27,18,50,75,75120,RUE DE BAGNOLET,48.859665,2.403088,Plein jour,En agglomération,Intersection en T,Normale,Deux véhicules - arrière,4,1, -1,-1,1,1,1,0,1,-1,2,2,1,0,0,1,35.0,41.0,deux_roues,deux_roues,1,2,3,1,2
202300028964,2023-06-27 18:50:00,2023,6,27,18,50,75,75120,RUE DE BAGNOLET,48.859665,2.403088,Plein jour,En agglomération,Intersection en T,Normale,Deux véhicules - arrière,4,1,1,0,1,1,1,0,1,30,2,2,1,0,0,1,35.0,41.0,deux_roues,deux_roues,1,2,3,1,2
202300028965,2023-06-27 18:31:00,2023,6,27,18,31,75,75119,PORTE DE LA VILLETTE,48.89853,2.386531,Plein jour,En agglomération,Intersection en X,Normale,Autre collision,4,2, -1,-1,1,1,1,0,1,-1,1,2,1,0,0,1,34.0,,voiture,,1,2,2,1,6
202300028965,2023-06-27 18:31:00,2023,6,27,18,31,75,75119,PORTE DE LA VILLETTE,48.89853,2.386531,Plein jour,En agglomération,Intersection en X,Normale,Autre collision,4,-1,1,0,1,1,1,0,1,30,1,2,1,0,0,1,34.0,,voiture,,1,2,2,1,6
202300028966,2023-06-27 15:45:00,2023,6,27,15,45,75,75119,PLACE AUGUSTE BARON,48.900657,2.387002,Plein jour,En agglomération,Place,Normale,Deux véhicules - côté,4,1, -1,-1,1,1,1,0,1,-1,2,2,1,0,0,1,38.0,26.0,voiture,deux_roues,1,2,7,1,3
202300028966,2023-06-27 15:45:00,2023,6,27,15,45,75,75119,PLACE AUGUSTE BARON,48.900657,2.387002,Plein jour,En agglomération,Place,Normale,Deux véhicules - côté,4,2,4,0,1,1,1,0,1,30,2,2,1,0,0,1,38.0,26.0,voiture,deux_roues,1,2,7,1,3
202300028967,2023-06-27 14:55:00,2023,6,27,14,55,75,75118,BOULEVARD DE CLICHY,48.884531,2.326964,Plein jour,En agglomération,Intersection en T,Normale,Deux véhicules - côté,4,2,1,1,1,1,1,-1,5,30,2,2,1,0,0,1,58.0,23.0,voiture,deux_roues,1,2,3,1,3
202300028967,2023-06-27 14:55:00,2023,6,27,14,55,75,75118,BOULEVARD DE CLICHY,48.884531,2.326964,Plein jour,En agglomération,Intersection en T,Normale,Deux véhicules - côté,4,2, -1,-1,1,1,1,-1,5,-1,2,2,1,0,0,1,58.0,23.0,voiture,deux_roues,1,2,3,1,3
202300028968,2023-06-22 03:00:00,2023,6,22,3,0,75,75117,RUE DE ROME,48.885669,2.316823,Nuit avec éclairage allumé,En agglomération,Intersection en X,Normale,Sans collision,4,2,3,1,1,1,1,0,1,30,1,1,0,0,0,1,31.0,,deux_roues,,5,2,2,1,7
202300028968,2023-06-22 03:00:00,2023,6,22,3,0,75,75117,RUE DE ROME,48.885669,2.316823,Nuit avec éclairage allumé,En agglomération,Intersection en X,Normale,Sans collision,4,1,2,1,1,1,1,0,1,30,1,1,0,0,0,1,31.0,,deux_roues,,5,2,2,1,7
202300028969,2023-06-27 18:40:00,2023,6,27,18,40,75,75116,PLACE DE COLOMBIE,48.86263148,2.26811349,Plein jour,En agglomération,Intersection en X,Normale,Deux véhicules - côté,4,3,2,0,1,1,1,0,1,30,2,2,1,0,0,1,25.0,26.0,deux_roues,voiture,1,2,2,1,3
202300028969,2023-06-27 18:40:00,2023,6,27,18,40,75,75116,PLACE DE COLOMBIE,48.86263148,2.26811349,Plein jour,En agglomération,Intersection en X,Normale,Deux véhicules - côté,4,3,6,0,1,1,1,0,1,30,2,2,1,0,0,1,25.0,26.0,deux_roues,voiture,1,2,2,1,3
202300028970,2023-06-27 09:45:00,2023,6,27,9,45,75,75116,ROUTE DES TRIBUNES,48.86215,2.230505,Plein jour,En agglomération,Hors intersection,Normale,Deux véhicules - arrière,4,2,4,1,1,1,1,-1,5,30,2,2,1,0,0,1,68.0,50.0,deux_roues,utilitaire_camion,1,2,1,1,2
202300028971,2023-06-27 17:15:00,2023,6,27,17,15,75,75115,AVENUE DE SUFFREN,48.851563,2.30026,Plein jour,En agglomération,Intersection en T,Normale,Deux véhicules - côté,4,2,0,0,1,1,1,0,4,-1,2,2,1,0,0,1,,10.0,voiture,deux_roues,1,2,3,1,3
202300028971,2023-06-27 17:15:00,2023,6,27,17,15,75,75115,AVENUE DE SUFFREN,48.851563,2.30026,Plein jour,En agglomération,Intersection en T,Normale,Deux véhicules - côté,4,1, -1,-1,1,1,1,0,4,-1,2,2,1,0,0,1,,10.0,voiture,deux_roues,1,2,3,1,3
202300028972,2023-06-26 09:25:00,2023,6,26,9,25,75,75114,AVENUE DU GENERAL LECLERC,48.83178,2.330318,Plein jour,En agglomération,Hors intersection,Normale,Deux véhicules - côté,4,2,3,1,1,1,1,8,5,50,2,2,1,0,0,1,33.0,30.0,deux_roues,voiture,1,2,1,1,3
202300028973,2023-06-26 08:55:00,2023,6,26,8,55,75,75115,RUE DE JAVEL,48.843769,2.286354,Plein jour,En agglomération,Intersection en X,Normale,Deux véhicules - côté,4,1,2,2,1,1,1,0,1,30,2,2,1,0,0,1,57.0,31.0,deux_roues,voiture,1,2,2,1,3
202300028973,2023-06-26 08:55:00,2023,6,26,8,55,75,75115,RUE DE JAVEL,48.843769,2.286354,Plein jour,En agglomération,Intersection en X,Normale,Deux véhicules - côté,4,1,2,2,1,1,1,0,1,30,2,2,1,0,0,1,57.0,31.0,deux_roues,voiture,1,2,2,1,3
202300028974,2023-06-27 17:55:00,2023,6,27,17,55,75,75113,RUE DES CORDELIERES,48.834224,2.34896,Plein jour,En agglomération,Hors intersection,Normale,Autre collision,4,1,2,1,1,1,1,0,1,30,1,2,1,0,0,1,28.0,,deux_roues,,1,2,1,1,6
202300028975,2023-06-16 18:40:00,2023,6,16,18,40,75,75113,BOULEVARD MASSENA,48.822639,2.373072,Plein jour,En agglomération,Intersection en Y,Normale,Deux véhicules - côté,4,2,3,0,1,1,1,0,1,30,2,2,1,0,0,1,23.0,15.0,voiture,deux_roues,1,2,4,1,3
202300028975,2023-06-16 18:40:00,2023,6,16,18,40,75,75113,BOULEVARD MASSENA,48.822639,2.373072,Plein jour,En agglomération,Intersection en Y,Normale,Deux véhicules - côté,4,2,2,0,1,1,1,0,1,30,2,2,1,0,0,1,23.0,15.0,voiture,deux_roues,1,2,4,1,3
202300028976,2023-06-27 16:55:00,2023,6,27,16,55,75,75112,RUE DE CHARENTON,48.83464,2.393516,Plein jour,En agglomération,Hors intersection,Normale,Deux véhicules - arrière,4,2,2,0,2,1,1,0,1,30,2,3,2,0,0,1,50.0,56.0,voiture,voiture,1,2,1,1,2
202300028977,2023-06-09 22:40:00,2023,6,9,22,40,75,75112,RUE CHALIGNY,48.848219,2.384001,Nuit avec éclairage allumé,En agglomération,Hors intersection,Normale,Autre collision,4,2,2,0,1,1,1,0,1,30,1,1,0,0,0,1,60.0,,deux_roues,,5,2,1,1,6
202300028978,2023-06-27 18:00:00,2023,6,27,18,0,75,75109,RUE DU DELTA,48.882419,2.348927,Plein jour,En agglomération,Hors intersection,Normale,Deux véhicules - arrière,4,1,1,2,2,1,1,0,1,30,2,2,1,0,0,1,,57.0,utilitaire_camion,deux_roues,1,2,1,1,2
202300028979,2023-06-27 10:34:00,2023,6,27,10,34,75,75108,BOULEVARD MALESHERBES,48.872742,2.321368,Plein jour,En agglomération,Hors intersection,Normale,Deux véhicules - côté,4,2,0,1,1,1,1,-1,5,30,2,2,1,0,0,1,25.0,62.0,utilitaire_camion,deux_roues,1,2,1,1,3
202300028980,2023-06-27 09:56:00,2023,6,27,9,56,75,75115,RUE LINOIS,48.847675,2.284142,Plein jour,En agglomération,Intersection en X,Normale,Deux véhicules - arrière,4,1, -1,-1,1,1,1,0,1,-1,2,2,0,0,0,2,29.0,34.0,voiture,utilitaire_camion,1,2,2,1,2
202300028980,2023-06-27 09:56:00,2023,6,27,9,56,75,75115,RUE LINOIS,48.847675,2.284142,Plein jour,En agglomération,Intersection en X,Normale,Deux véhicules - arrière,4,2,2,1,1,1,1,0,1,30,2,2,0,0,0,2,29.0,34.0,voiture,utilitaire_camion,1,2,2,1,2
202300028981,2023-06-27 08:30:00,2023,6,27,8,30,75,75103,BOULEVARD BEAUMARCHAIS,48.857607,2.368059,Plein jour,En agglomération,Intersection en T,Normale,Deux véhicules - côté,4,2,5,0,1,1,1,0,1,30,2,2,1,0,0,1,18.0,46.0,deux_roues,voiture,1,2,3,1,3
202300028981,2023-06-27 08:30:00,2023,6,27,8,30,75,75103,BOULEVARD BEAUMARCHAIS,48.857607,2.368059,Plein jour,En agglomération,Intersection en T,Normale,Deux véhicules - côté,4,1,1,0,1,1,1,0,1,30,2,2,1,0,0,1,18.0,46.0,deux_roues,voiture,1,2,3,1,3
202300028982,2023-06-27 18:45:00,2023,6,27,18,45,94,94044,Rue Paul Valéry,48.75308,2.47521,Plein jour,En agglomération,Hors intersection,Normale,Autre collision,4,2,1,0,1,1,1,0,1,50,1,2,1,0,0,1,,,voiture,,1,2,1,1,6
202300028983,2023-06-27 11:30:00,2023,6,27,11,30,94,94058,Boulevard d'Alsace-lorraine,48.852028,2.509349,Plein jour,En agglomération,Hors intersection,Normale,Deux véhicules - côté,3,3,2,3,1,1,1,0,1,50,2,2,1,0,0,1,64.0,49.0,utilitaire_camion,voiture,1,2,1,1,3
202300028984,2023-06-26 09:10:00,2023,6,26,9,10,94,94042,Avenue du Général Galliéni,48.82011,2.47841,Plein jour,En agglomération,Intersection en X,Normale,Deux véhicules - frontale,3,2,2,0,1,1,1,0,1,50,2,2,1,0,0,1,77.0,22.0,utilitaire_camion,deux_roues,1,2,2,1,1
202300028984,2023-06-26 09:10:00,2023,6,26,9,10,94,94042,Avenue du Général Galliéni,48.82011,2.47841,Plein jour,En agglomération,Intersection en X,Normale,Deux véhicules - frontale,3,4,1,0,1,1,1,0,1,-1,2,2,1,0,0,1,77.0,22.0,utilitaire_camion,deux_roues,1,2,2,1,1
202300028985,2023-06-27 20:10:00,2023,6,27,20,10,94,94081,Avenue Lucien Français,48.78504743,2.38848594,Plein jour,En agglomération,Intersection en X,Normale,Deux véhicules - côté,4,2,2,0,1,1,1,0,1,50,2,2,1,0,0,1,23.0,22.0,utilitaire_camion,deux_roues,1,2,2,1,3
202300028986,2023-06-27 19:05:00,2023,6,27,19,5,94,94081,21 Avenue Anatole France,48.80264,2.403547,Plein jour,En agglomération,Hors intersection,Normale,Deux véhicules - côté,3,2,2,0,1,1,1,0,1,50,2,2,1,0,0,1,29.0,3.0,deux_roues,deux_roues,1,2,1,1,3
202300028987,2023-06-25 14:51:00,2023,6,25,14,51,94,94019,Rue du Pont,48.79023,2.52244,Plein jour,En agglomération,Intersection en X,Normale,Deux véhicules - côté,3,2,4,0,1,1,1,5,1,50,2,3,2,0,0,1,62.0,22.0,voiture,voiture,1,2,2,1,3
202300028987,2023-06-25 14:51:00,2023,6,25,14,51,94,94019,Rue du Pont,48.79023,2.52244,Plein jour,En agglomération,Intersection en X,Normale,Deux véhicules - côté,3,2,4,0,4,1,1,5,1,50,2,3,2,0,0,1,62.0,22.0,voiture,voiture,1,2,2,1,3
202300028988,2023-06-27 11:30:00,2023,6,27,11,30,94,94075,Av du Mal de Lattre de Tassigny,48.73443,2.52009,Plein jour,En agglomération,Intersection en T,Normale,Deux véhicules - arrière,2,2,0,0,1,2,1,0,1,70,2,5,3,0,0,2,45.0,42.0,utilitaire_camion,voiture,1,2,3,1,2
202300028988,2023-06-27 11:30:00,2023,6,27,11,30,94,94075,Av du Mal de Lattre de Tassigny,48.73443,2.52009,Plein jour,En agglomération,Intersection en T,Normale,Deux véhicules - arrière,2,2,0,0,1,3,1,0,1,70,2,5,3,0,0,2,45.0,42.0,utilitaire_camion,voiture,1,2,3,1,2
202300028989,2023-06-26 14:40:00,2023,6,26,14,40,93,93078,Boulevard Robert Ballanger,48.95637737,2.54154498,Plein jour,En agglomération,Hors intersection,Normale,Autre collision,3,2,2,0,1,1,1,0,1,50,1,2,1,0,0,1,27.0,,voiture,,1,2,1,1,6
202300028990,2023-06-27 11:45:00,2023,6,27,11,45,93,93059,Chemin des Joncherolles / Rue du 8 Mai 1945,48.95839508,2.35401928,Plein jour,En agglomération,Intersection en T,Normale,Deux véhicules - côté,4,2,2,0,1,1,1,0,1,50,2,2,1,0,1,0,63.0,21.0,voiture,deux_roues,1,2,3,1,3
202300028990,2023-06-27 11:45:00,2023,6,27,11,45,93,93059,Chemin des Joncherolles / Rue du 8 Mai 1945,48.95839508,2.35401928,Plein jour,En agglomération,Intersection en T,Normale,Deux véhicules - côté,4,1,1,-1,1,1,1,0,1,-1,2,2,1,0,1,0,63.0,21.0,voiture,deux_roues,1,2,3,1,3
202300028991,2023-06-24 12:00:00,2023,6,24,12,0,93,93064,Rue du 4e Zouave,48.87279231,2.47799054,Plein jour,En agglomération,Hors intersection,Normale,Deux véhicules - côté,3,2,2,0,1,1,1,0,1,50,2,2,1,0,0,1,60.0,48.0,voiture,deux_roues,1,2,1,1,3
202300028992,2023-06-27 18:45:00,2023,6,27,18,45,93,93001,Rue du Clos Bénard,48.9121,2.38549,Plein jour,En agglomération,Hors intersection,Normale,Deux véhicules - côté,4,1,1,0,1,1,1,0,1,30,2,4,2,0,0,2,17.0,55.0,deux_roues,utilitaire_camion,1,2,1,1,3
202300028993,2023-06-26 09:10:00,2023,6,26,9,10,93,93001,Rue Lopez et Jules Martin / Rue Danielle Casanova,48.91549654,2.3999523,Plein jour,En agglomération,Intersection en X,Normale,Deux véhicules - côté,3,2,2,0,1,1,1,0,8,50,2,2,1,0,0,1,33.0,31.0,voiture,deux_roues,1,2,2,1,3
202300028993,2023-06-26 09:10:00,2023,6,26,9,10,93,93001,Rue Lopez et Jules Martin / Rue Danielle Casanova,48.91549654,2.3999523,Plein jour,En agglomération,Intersection en X,Normale,Deux véhicules - côté,3,2,2,-1,1,1,1,0,1,-1,2,2,1,0,0,1,33.0,31.0,voiture,deux_roues,1,2,2,1,3
202300028994,2023-06-27 20:20:00,2023,6,27,20,20,92,92064,REPUBLIQUE,48.851584,2.213067,Plein jour,En agglomération,Hors intersection,Normale,Sans collision,3,2,2,0,2,1,1,0,1,50,2,2,1,0,0,1,55.0,41.0,voiture,deux_roues,1,2,1,1,7
202300028995,2023-06-26 17:00:00,2023,6,26,17,0,92,92051,"ROULE (AVENUE DU, N° 29 A 91 ET 30 A 86)",48.88264,2.27685,Plein jour,En agglomération,Hors intersection,Normale,Deux véhicules - côté,4,-1,2,1,1,1,1,0,1,50,2,2,1,0,0,1,38.0,17.0,voiture,deux_roues,1,2,1,1,3
202300028996,2023-06-23 12:30:00,2023,6,23,12,30,92,92051,"ROULE (AVENUE DU, N° 29 A 91 ET 30 A 86)",48.88189591,2.28016287,Plein jour,En agglomération,Intersection en X,Normale,Autre collision,4,1, -1,-1,1,1,1,0,1,-1,1,2,1,0,0,1,23.0,,voiture,,1,2,2,1,6
202300028996,2023-06-23 12:30:00,2023,6,23,12,30,92,92051,"ROULE (AVENUE DU, N° 29 A 91 ET 30 A 86)",48.88189591,2.28016287,Plein jour,En agglomération,Intersection en X,Normale,Autre collision,4,2,4,2,2,2,2,0,2,50,1,2,1,0,0,1,23.0,,voiture,,1,2,2,1,6
202300028997,2023-06-27 18:45:00,2023,6,27,18,45,92,92040,CAMILLE DESMOULINS,48.83153541,2.26721585,Plein jour,En agglomération,Intersection en X,Normale,Deux véhicules - côté,3,2,4,0,1,1,1,5,1,30,2,3,2,0,0,1,65.0,36.0,deux_roues,transport_commun,1,2,2,1,3
202300028997,2023-06-27 18:45:00,2023,6,27,18,45,92,92040,CAMILLE DESMOULINS,48.83153541,2.26721585,Plein jour,En agglomération,Intersection en X,Normale,Deux véhicules - côté,3,2,2,0,1,1,1,8,1,30,2,3,2,0,0,1,65.0,36.0,deux_roues,transport_commun,1,2,2,1,3
202300028998,2023-06-27 21:20:00,2023,6,27,21,20,92,92012,SILLY (RUE DE) 89/FIN - 90/FIN,48.83394756,2.2331804,Crépuscule ou aube,En agglomération,Hors intersection,Normale,Sans collision,4,2,3,1,1,1,1,0,5,50,1,1,0,0,0,1,54.0,,deux_roues,,2,2,1,1,7
202300028999,2023-06-12 20:15:00,2023,6,12,20,15,92,92004,ALBERT DE MUN,48.920565,2.281368,Plein jour,En agglomération,Hors intersection,Normale,Autre collision,4,-1,1,0,1,1,1,0,1,50,1,2,1,0,0,1,32.0,,utilitaire_camion,,1,2,1,1,6
202300029000,2023-06-10 07:40:00,2023,6,10,7,40,92,92004,ARGENTEUIL AV D',48.92122,2.27841,Plein jour,En agglomération,Intersection en X,Normale,Deux véhicules - côté,3,-1,1,0,1,1,1,0,1,50,2,2,1,0,0,1,32.0,55.0,deux_roues,voiture,1,2,2,1,3
202300029000,2023-06-10 07:40:00,2023,6,10,7,40,92,92004,ARGENTEUIL AV D',48.92122,2.27841,Plein jour,En agglomération,Intersection en X,Normale,Deux véhicules - côté,3,-1,1,0,1,1,1,0,1,50,2,2,1,0,0,1,32.0,55.0,deux_roues,voiture,1,2,2,1,3
202300029001,2023-06-26 18:15:00,2023,6,26,18,15,92,92004,PARFUMERIE ( RUE DE LA ),48.91344328,2.29918152,Plein jour,En agglomération,Intersection en Y,Normale,Autre collision,4,-1,1,0,1,1,1,0,1,50,1,2,1,0,0,1,63.0,,deux_roues,,1,2,4,1,6
202300029002,2023-06-15 07:50:00,2023,6,15,7,50,92,92004,AULAGNIER ( QUAI ),48.914752,2.312129,Plein jour,En agglomération,Hors intersection,Normale,Deux véhicules - côté,3,-1,1,0,1,1,1,0,1,50,2,2,1,0,0,1,35.0,65.0,utilitaire_camion,deux_roues,1,2,1,1,3
202300029003,2023-06-28 14:55:00,2023,6,28,14,55,76,76421,D6015,49.554937,0.426793,Plein jour,Hors agglomération,Hors intersection,Normale,Trois véhicules et plus - collisions multiples,3,2,3,0,1,1,1,0,1,80,3,5,1,0,1,3,24.0,32.0,voiture,voiture,1,1,1,1,5
202300029004,2023-06-28 18:29:00,2023,6,28,18,29,80,80569,Rue d'Harbonnières,49.890052,2.652442,Plein jour,Hors agglomération,Intersection en X,Normale,Deux véhicules - côté,3,2,2,0,1,1,1,0,1,80,2,3,1,0,1,1,30.0,73.0,voiture,voiture,1,1,2,1,3
202300029004,2023-06-28 18:29:00,2023,6,28,18,29,80,80569,Rue d'Harbonnières,49.890052,2.652442,Plein jour,Hors agglomération,Intersection en X,Normale,Deux véhicules - côté,3,2, -1,-1,1,1,1,0,1,-1,2,3,1,0,1,1,30.0,73.0,voiture,voiture,1,1,2,1,3
202300029005,2023-06-27 13:20:00,2023,6,27,13,20,11,11069,,43.192275,2.364119,Plein jour,Hors agglomération,Hors intersection,Normale,Deux véhicules - arrière,1,3,4,0,1,1,1,0,1,130,2,2,1,0,1,0,49.0,78.0,utilitaire_camion,voiture,1,1,1,1,2
202300029006,2023-06-25 02:39:00,2023,6,25,2,39,33,33392,D10,44.600067,-0.291524,Nuit sans éclairage public,Hors agglomération,Hors intersection,Normale,Autre collision,3,2,2,0,1,2,1,0,3,80,1,1,0,0,1,0,47.0,,deux_roues,,3,1,1,1,6
202300029007,2023-06-28 17:12:00,2023,6,28,17,12,31,31573,D112,43.664783,1.720519,Plein jour,Hors agglomération,Hors intersection,Normale,Autre collision,3,2,2,0,1,2,1,0,3,80,1,1,0,1,0,0,58.0,,voiture,,1,1,1,1,6
202300029008,2023-06-28 11:40:00,2023,6,28,11,40,42,42284,Rte de Saint Germain Lespinasse,46.09298,3.974717,Plein jour,Hors agglomération,Intersection en X,Normale,Deux véhicules - côté,3,2,2,0,1,1,1,0,1,80,2,3,0,0,1,2,48.0,51.0,voiture,voiture,1,1,2,1,3
202300029008,2023-06-28 11:40:00,2023,6,28,11,40,42,42284,Rte de Saint Germain Lespinasse,46.09298,3.974717,Plein jour,Hors agglomération,Intersection en X,Normale,Deux véhicules - côté,3,2,2,0,1,1,1,0,1,80,2,3,0,0,1,2,48.0,51.0,voiture,voiture,1,1,2,1,3
202300029009,2023-06-28 00:50:00,2023,6,28,0,50,51,51476,D977,49.015581,4.410152,Nuit sans éclairage public,Hors agglomération,Hors intersection,Normale,Sans collision,3,2,2,0,1,3,1,9,8,90,1,2,0,0,1,1,23.0,,deux_roues,,3,1,1,1,7
202300029010,2023-06-28 11:14:00,2023,6,28,11,14,44,44111,La Noé,47.370269,-1.725331,Plein jour,Hors agglomération,Hors intersection,Normale,Deux véhicules - frontale,4,2,2,0,2,1,1,0,1,80,2,2,1,1,0,0,62.0,47.0,deux_roues,utilitaire_camion,1,1,1,1,1
202300029011,2023-06-26 07:50:00,2023,6,26,7,50,62,62269,D941,50.433518,2.450125,Plein jour,Hors agglomération,Hors intersection,Normale,Trois véhicules et plus - collisions multiples,3,2,2,0,1,1,1,0,1,80,3,3,1,0,1,1,21.0,47.0,utilitaire_camion,voiture,1,1,1,1,5
202300029012,2023-06-24 09:00:00,2023,6,24,9,0,56,56128,Toulmelin,47.999367,-3.092555,Plein jour,Hors agglomération,Intersection en T,Temps éblouissant,Deux véhicules - côté,3,2,2,0,2,1,1,0,1,80,2,3,2,0,1,0,40.0,86.0,voiture,voiture,1,1,3,7,3
202300029012,2023-06-24 09:00:00,2023,6,24,9,0,56,56128,Toulmelin,47.999367,-3.092555,Plein jour,Hors agglomération,Intersection en T,Temps éblouissant,Deux véhicules - côté,3,2,2,0,1,1,1,0,1,80,2,3,2,0,1,0,40.0,86.0,voiture,voiture,1,1,3,7,3
202300029013,2023-06-27 19:15:00,2023,6,27,19,15,79,79005,,46.824525,-0.140778,Plein jour,En agglomération,Hors intersection,Normale,Deux véhicules - frontale,4,2,2,0,3,1,1,0,1,30,2,2,1,1,0,0,32.0,38.0,deux_roues,utilitaire_camion,1,2,1,1,1
202300029014,2023-06-28 07:55:00,2023,6,28,7,55,2A,2A130,Lorello,41.875593,8.80066,Plein jour,Hors agglomération,Hors intersection,Normale,Deux véhicules - frontale,3,2,2,0,2,3,1,0,1,-1,2,2,0,1,0,1,29.0,43.0,deux_roues,voiture,1,1,1,1,1