accident_id,datetime,annee,mois,jour,heure,minute,departement,commune_insee,adresse,latitude,longitude,luminosite,agglomeration,intersection,meteo,collision,catr,circ,nbv,vosp,prof,plan,surf,infra,situ,vma,nb_vehicules,nb_usagers,nb_indemnes,nb_tues,nb_blesses_hosp,nb_blesses_legers,age_cond_1,age_cond_2,veh_type_cond_1,veh_type_cond_2,lum_code,agg_code,int_code,atm_code,col_code
202300029086,2023-10-09 19:50:00,2023,10,9,19,50,30,30007,Avenue Monge,44.14584,4.10096,Crépuscule ou aube,En agglomération,Giratoire,Normale,Deux véhicules - côté,3,2,2,0,2,1,1,5,1,50,2,2,1,0,0,1,73.0,44.0,voiture,voiture,2,2,6,1,3
202300029086,2023-10-09 19:50:00,2023,10,9,19,50,30,30007,Avenue Monge,44.14584,4.10096,Crépuscule ou aube,En agglomération,Giratoire,Normale,Deux véhicules - côté,3,2,2,0,1,1,1,5,1,50,2,2,1,0,0,1,73.0,44.0,voiture,voiture,2,2,6,1,3
202300029087,2023-10-09 14:45:00,2023,10,9,14,45,30,30007,Quai de Grabieux,44.13875,4.08534,Plein jour,En agglomération,Hors intersection,Normale,Deux véhicules - arrière,4,3,2,1,1,3,1,0,1,50,2,2,1,0,0,1,27.0,36.0,utilitaire_camion,voiture,1,2,1,1,2
202300029088,2023-10-09 15:20:00,2023,10,9,15,20,29,29232,Pont Max Jacob,47.99352,-4.1058,Plein jour,En agglomération,Intersection en X,Normale,Autre collision,4,-1,2,0,1,2,1,2,1,50,1,2,1,0,0,1,75.0,,voiture,,1,2,2,1,6
202300029088,2023-10-09 15:20:00,2023,10,9,15,20,29,29232,Pont Max Jacob,47.99352,-4.1058,Plein jour,En agglomération,Intersection en X,Normale,Autre collision,4,2,2,0,1,1,1,0,1,50,1,2,1,0,0,1,75.0,,voiture,,1,2,2,1,6
202300029089,2023-10-09 07:36:00,2023,10,9,7,36,29,29019,rue de Guilers,48.38839489,-4.51576978,Nuit avec éclairage allumé,En agglomération,Intersection en T,Normale,Deux véhicules - côté,4,4,2,1,1,1,1,9,1,50,2,2,1,0,0,1,26.0,47.0,voiture,deux_roues,5,2,3,1,3
202300029089,2023-10-09 07:36:00,2023,10,9,7,36,29,29019,rue de Guilers,48.38839489,-4.51576978,Nuit avec éclairage allumé,En agglomération,Intersection en T,Normale,Deux véhicules - côté,4,2,2,0,2,1,1,0,1,50,2,2,1,0,0,1,26.0,47.0,voiture,deux_roues,5,2,3,1,3
202300029090,2023-10-09 13:33:00,2023,10,9,13,33,27,27681,POTERIE (RUE DE LA),49.08129,1.4841,Plein jour,En agglomération,Hors intersection,Normale,Deux véhicules - côté,4,2,1,0,1,2,1,0,1,50,2,2,1,0,0,1,51.0,33.0,utilitaire_camion,voiture,1,2,1,1,3
202300029091,2023-10-09 12:40:00,2023,10,9,12,40,22,22113,PRUD'HOMME (RUE SULLY),48.742034,-3.474243,Plein jour,En agglomération,Intersection en T,Normale,Deux véhicules - côté,4,2,2,0,1,1,1,0,1,50,2,2,1,0,0,1,,12.0,autre,deux_roues,1,2,3,1,3
202300029091,2023-10-09 12:40:00,2023,10,9,12,40,22,22113,PRUD'HOMME (RUE SULLY),48.742034,-3.474243,Plein jour,En agglomération,Intersection en T,Normale,Deux véhicules - côté,4,2,2,0,1,1,1,0,1,50,2,2,1,0,0,1,,12.0,autre,deux_roues,1,2,3,1,3
202300029092,2023-10-08 08:25:00,2023,10,8,8,25,19,19031,RHIN ET DANUBE (ROND POINT),45.14464,1.47591,Plein jour,En agglomération,Giratoire,Normale,Deux véhicules - côté,3,1,2,0,1,3,1,0,1,50,2,2,1,0,0,1,58.0,50.0,deux_roues,voiture,1,2,6,1,3
202300029093,2023-10-09 15:30:00,2023,10,9,15,30,15,15014,RD 120,44.9223,2.42771,Plein jour,En agglomération,Hors intersection,Normale,Autre collision,3,1,2,0,1,2,1,9,3,50,1,1,0,0,0,1,42.0,,voiture,,1,2,1,1,6
202300029094,2023-10-09 10:40:00,2023,10,9,10,40,15,15014,RD 120,44.9193,2.42842,Plein jour,En agglomération,Hors intersection,Normale,Deux véhicules - côté,3,3,4,0,1,3,1,0,1,50,2,3,2,0,0,1,62.0,43.0,voiture,voiture,1,2,1,1,3
202300029095,2023-10-07 23:38:00,2023,10,7,23,38,15,15014,CHAZERAT (RUE),44.92992,2.44705,Nuit avec éclairage allumé,En agglomération,Hors intersection,Normale,Autre collision,4,1,1,0,1,1,1,0,4,30,1,2,1,0,0,1,30.0,,voiture,,5,2,1,1,6
202300029096,2023-10-08 20:40:00,2023,10,8,20,40,14,14069,108 Route d’Orbec,49.13085,0.25827,Nuit avec éclairage allumé,En agglomération,Hors intersection,Normale,Sans collision,3,1,2,0,1,1,1,0,1,50,1,1,0,0,0,1,47.0,,voiture,,5,2,1,1,7
202300029097,2023-10-09 15:30:00,2023,10,9,15,30,14,14118,2 Boulevard André Detolle,49.183072,-0.387234,Plein jour,En agglomération,Hors intersection,Normale,Deux véhicules - arrière,4,1,2,0,1,1,1,0,1,50,2,2,1,0,0,1,20.0,31.0,voiture,deux_roues,1,2,1,1,2
202300029098,2023-10-09 09:20:00,2023,10,9,9,20,13,13213,MARCEL DELPRAT (AVENUE),43.3343,5.45454,Plein jour,En agglomération,Autre intersection,Normale,Autre collision,4,2,1,0,1,1,1,6,1,50,1,2,1,0,1,0,74.0,,utilitaire_camion,,1,2,9,1,6
202300029099,2023-10-05 18:00:00,2023,10,5,18,0,13,13005,BLANCARD (PROMENADE PIERRE),43.297,5.5686,Plein jour,En agglomération,Hors intersection,Normale,Deux véhicules - frontale,4,3,2,0,1,1,1,0,1,50,1,2,1,0,1,0,65.0,,voiture,,1,2,1,1,1
202300029100,2023-10-08 09:40:00,2023,10,8,9,40,12,12202,JEAN MONNET (AVENUE),44.35852,2.55699,Plein jour,En agglomération,Hors intersection,Normale,Autre collision,4,2,2,1,1,1,1,0,1,30,1,2,1,0,1,0,59.0,,voiture,,1,2,1,1,6
202300029101,2023-10-10 07:34:00,2023,10,10,7,34,10,10325,Rue de la Liberté,48.26305,4.05908,Crépuscule ou aube,En agglomération,Intersection en X,Normale,Deux véhicules - frontale,3,2,2,0,1,1,1,0,1,50,2,2,1,0,0,1,16.0,50.0,deux_roues,utilitaire_camion,2,2,2,1,1
202300029101,2023-10-10 07:34:00,2023,10,10,7,34,10,10325,Rue de la Liberté,48.26305,4.05908,Crépuscule ou aube,En agglomération,Intersection en X,Normale,Deux véhicules - frontale,3,2,2,0,1,1,1,0,1,50,2,2,1,0,0,1,16.0,50.0,deux_roues,utilitaire_camion,2,2,2,1,1
202300029101,2023-10-10 07:34:00,2023,10,10,7,34,10,10325,Rue de la Liberté,48.26305,4.05908,Crépuscule ou aube,En agglomération,Intersection en X,Normale,Deux véhicules - frontale,3,2,2,0,1,1,1,0,1,50,2,2,1,0,0,1,16.0,50.0,deux_roues,utilitaire_camion,2,2,2,1,1
202300029102,2023-10-09 08:32:00,2023,10,9,8,32,10,10081,PENETRANTE NORD,48.31608,4.0624,Plein jour,En agglomération,Hors intersection,Normale,Trois véhicules et plus - en chaîne,3,3,4,0,1,1,1,0,1,90,3,3,1,0,0,2,34.0,64.0,voiture,voiture,1,2,1,1,4
202300029103,2023-10-06 17:28:00,2023,10,6,17,28,10,10387,FAUBOURG CRONCELS (RUE DU),48.28328,4.07888,Plein jour,En agglomération,Intersection en T,Normale,Deux véhicules - côté,4,2,2,0,1,1,1,0,1,50,2,2,1,0,0,1,75.0,47.0,voiture,deux_roues,1,2,3,1,3
202300029103,2023-10-06 17:28:00,2023,10,6,17,28,10,10387,FAUBOURG CRONCELS (RUE DU),48.28328,4.07888,Plein jour,En agglomération,Intersection en T,Normale,Deux véhicules - côté,4,1,1,0,1,1,1,0,1,50,2,2,1,0,0,1,75.0,47.0,voiture,deux_roues,1,2,3,1,3
202300029104,2023-10-09 18:00:00,2023,10,9,18,0,07,07281,NARVIK (RUE DE),44.94862,4.84538,Plein jour,En agglomération,Hors intersection,Normale,Deux véhicules - côté,4,2,1,0,1,3,1,0,1,50,2,2,1,0,0,1,11.0,52.0,deux_roues,voiture,1,2,1,1,3
202300029105,2023-08-23 10:27:00,2023,8,23,10,27,06,06083,EDOUARD VII (AVENUE),43.7731,7.49565,Plein jour,En agglomération,Intersection en X,Normale,Autre collision,4,2,2,0,1,1,1,0,1,50,1,3,2,0,1,0,77.0,,voiture,,1,2,2,1,6
202300029105,2023-08-23 10:27:00,2023,8,23,10,27,06,06083,EDOUARD VII (AVENUE),43.7731,7.49565,Plein jour,En agglomération,Intersection en X,Normale,Autre collision,4,1,1,0,1,1,1,0,1,50,1,3,2,0,1,0,77.0,,voiture,,1,2,2,1,6
202300029106,2023-10-09 15:35:00,2023,10,9,15,35,06,06029,GRASSE (AVENUE DE),43.55506,7.00839,Plein jour,En agglomération,Autre intersection,Normale,Deux véhicules - côté,4,2,2,0,2,1,1,0,1,30,2,5,2,0,0,3,53.0,48.0,utilitaire_camion,transport_commun,1,2,9,1,3
202300029107,2023-10-09 10:45:00,2023,10,9,10,45,06,06030,SADI CARNOT (BOULEVARD),43.57553,7.01691,Plein jour,En agglomération,Hors intersection,Normale,Autre collision,4,2,2,0,1,1,1,0,1,30,1,3,1,0,0,2,64.0,,voiture,,1,2,1,1,6
202300029108,2023-10-09 13:20:00,2023,10,9,13,20,04,04070,JUIN (AV. MAR.),44.08159,6.22268,Plein jour,En agglomération,Hors intersection,Normale,Sans collision,9,2,1,0,2,1,1,0,1,50,1,1,0,0,1,0,36.0,,deux_roues,,1,2,1,1,7
202300029109,2023-10-07 20:28:00,2023,10,7,20,28,03,03190,TANNERIES (RUE DES),46.56608,3.33721,Nuit avec éclairage allumé,En agglomération,Intersection en T,Normale,Deux véhicules - côté,4,-1, -1,-1,1,1,1,0,1,-1,2,2,0,0,1,1,33.0,18.0,voiture,deux_roues,5,2,3,1,3
202300029109,2023-10-07 20:28:00,2023,10,7,20,28,03,03190,TANNERIES (RUE DES),46.56608,3.33721,Nuit avec éclairage allumé,En agglomération,Intersection en T,Normale,Deux véhicules - côté,4,1,1,0,1,3,1,0,1,50,2,2,0,0,1,1,33.0,18.0,voiture,deux_roues,5,2,3,1,3
202300029110,2023-10-06 20:20:00,2023,10,6,20,20,02,02212,,49.63188,3.27725,Nuit sans éclairage public,Hors agglomération,Hors intersection,Normale,Deux véhicules - frontale,3,2,2,0,1,1,1,0,1,80,2,2,0,0,0,2,56.0,32.0,voiture,voiture,3,1,1,1,1
202300029111,2023-10-10 19:15:00,2023,10,10,19,15,75,75116,PORTE DAUPHINE,48.872906,2.274447,Nuit avec éclairage allumé,En agglomération,Hors intersection,Normale,Trois véhicules et plus - en chaîne,4,1,4,0,1,1,1,0,1,70,3,3,2,0,0,1,37.0,45.0,voiture,deux_roues,5,2,1,1,4
202300029112,2023-10-09 21:10:00,2023,10,9,21,10,75,75113,PORTE D ITALIE,48.816114,2.362523,Nuit avec éclairage allumé,En agglomération,Intersection en Y,Normale,Deux véhicules - arrière,4,1,2,0,1,3,2,0,1,50,2,3,2,0,0,1,60.0,70.0,voiture,voiture,5,2,4,1,2
202300029112,2023-10-09 21:10:00,2023,10,9,21,10,75,75113,PORTE D ITALIE,48.816114,2.362523,Nuit avec éclairage allumé,En agglomération,Intersection en Y,Normale,Deux véhicules - arrière,4,1,3,0,1,1,1,0,1,70,2,3,2,0,0,1,60.0,70.0,voiture,voiture,5,2,4,1,2
202300029113,2023-10-10 17:40:00,2023,10,10,17,40,75,75120,RUE DES RONDONNEAUX,48.863476,2.39958,Plein jour,En agglomération,Intersection en Y,Normale,Autre collision,4,2, -1,-1,1,1,1,0,1,-1,1,2,1,0,0,1,38.0,,utilitaire_camion,,1,2,4,1,6
202300029113,2023-10-10 17:40:00,2023,10,10,17,40,75,75120,RUE DES RONDONNEAUX,48.863476,2.39958,Plein jour,En agglomération,Intersection en Y,Normale,Autre collision,4,2,2,2,1,2,1,0,1,30,1,2,1,0,0,1,38.0,,utilitaire_camion,,1,2,4,1,6
202300029114,2023-10-10 10:30:00,2023,10,10,10,30,75,75119,RUE DU MAROC,48.886468,2.369355,Plein jour,En agglomération,Intersection en X,Normale,Autre collision,4,2, -1,-1,1,1,1,0,1,-1,1,2,1,0,0,1,22.0,,deux_roues,,1,2,2,1,6
202300029114,2023-10-10 10:30:00,2023,10,10,10,30,75,75119,RUE DU MAROC,48.886468,2.369355,Plein jour,En agglomération,Intersection en X,Normale,Autre collision,4,2,2,0,1,1,1,0,1,30,1,2,1,0,0,1,22.0,,deux_roues,,1,2,2,1,6
202300029115,2023-10-10 08:45:00,2023,10,10,8,45,75,75116,PLACE DE L ALMA,48.86453,2.301301,Plein jour,En agglomération,Place,Normale,Deux véhicules - côté,4,1, -1,-1,1,1,1,0,1,-1,2,2,1,0,0,1,46.0,46.0,utilitaire_camion,deux_roues,1,2,7,1,3
202300029115,2023-10-10 08:45:00,2023,10,10,8,45,75,75116,PLACE DE L ALMA,48.86453,2.301301,Plein jour,En agglomération,Place,Normale,Deux véhicules - côté,4,1,4,0,1,3,1,0,1,30,2,2,1,0,0,1,46.0,46.0,utilitaire_camion,deux_roues,1,2,7,1,3
202300029116,2023-10-10 17:20:00,2023,10,10,17,20,75,75114,BOULEVARD RASPAIL,48.839223,2.330616,Plein jour,En agglomération,Intersection en Y,Normale,Sans collision,4,3,2,0,1,1,1,0,1,30,1,1,0,0,0,1,34.0,,deux_roues,,1,2,4,1,7
202300029116,2023-10-10 17:20:00,2023,10,10,17,20,75,75114,BOULEVARD RASPAIL,48.839223,2.330616,Plein jour,En agglomération,Intersection en Y,Normale,Sans collision,4,2,5,0,1,1,1,0,1,30,1,1,0,0,0,1,34.0,,deux_roues,,1,2,4,1,7
202300029117,2023-10-10 11:15:00,2023,10,10,11,15,75,75114,BOULEVARD JOURDAN,48.82323743,2.32553959,Plein jour,En agglomération,Intersection en X,Normale,Sans collision,4,2,8,0,1,1,1,0,1,50,1,1,0,0,0,1,29.0,,deux_roues,,1,2,2,1,7
202300029117,2023-10-10 11:15:00,2023,10,10,11,15,75,75114,BOULEVARD JOURDAN,48.82323743,2.32553959,Plein jour,En agglomération,Intersection en X,Normale,Sans collision,4,2, -1,-1,1,1,1,0,1,-1,1,1,0,0,0,1,29.0,,deux_roues,,1,2,2,1,7
202300029118,2023-10-10 16:10:00,2023,10,10,16,10,75,75113,RUE BAUDRICOURT,48.825743,2.363021,Plein jour,En agglomération,Autre intersection,Normale,Deux véhicules - côté,4,1,1,1,2,1,1,0,5,30,2,2,1,0,0,1,50.0,57.0,voiture,deux_roues,1,2,9,1,3
202300029119,2023-10-10 11:25:00,2023,10,10,11,25,75,75112,RUE DE BERCY,48.84389,2.373163,Plein jour,En agglomération,Hors intersection,Normale,Deux véhicules - côté,4,2,4,1,1,1,1,0,5,30,2,2,1,0,0,1,32.0,23.0,voiture,deux_roues,1,2,1,1,3
202300029120,2023-10-10 08:10:00,2023,10,10,8,10,75,75112,AVENUE DAUMESNIL,48.836218,2.404759,Plein jour,En agglomération,Hors intersection,Normale,Deux véhicules - côté,4,2,5,1,1,1,1,0,1,30,2,2,1,0,0,1,32.0,19.0,voiture,deux_roues,1,2,1,1,3
202300029121,2023-10-10 21:05:00,2023,10,10,21,5,75,75111,RUE OBERKAMPF,48.866005,2.378851,Nuit avec éclairage allumé,En agglomération,Hors intersection,Normale,Deux véhicules - côté,4,1,2,0,1,1,1,0,1,30,2,2,1,0,0,1,22.0,23.0,voiture,deux_roues,5,2,1,1,3
202300029122,2023-10-10 19:10:00,2023,10,10,19,10,75,75109,BOULEVARD DE ROCHECHOUART,48.88327,2.34692,Crépuscule ou aube,En agglomération,Intersection en X,Normale,Deux véhicules - côté,4,4,2,0,1,1,1,0,1,30,2,2,1,0,0,1,51.0,37.0,utilitaire_camion,deux_roues,2,2,2,1,3
202300029122,2023-10-10 19:10:00,2023,10,10,19,10,75,75109,BOULEVARD DE ROCHECHOUART,48.88327,2.34692,Crépuscule ou aube,En agglomération,Intersection en X,Normale,Deux véhicules - côté,4,2,3,0,1,1,1,0,1,30,2,2,1,0,0,1,51.0,37.0,utilitaire_camion,deux_roues,2,2,2,1,3
202300029123,2023-10-10 16:05:00,2023,10,10,16,5,75,75108,BOULEVARD MALESHERBES,48.880151,2.30778,Plein jour,En agglomération,Hors intersection,Normale,Autre collision,4,2,4,1,1,1,1,0,4,30,1,1,0,0,0,1,33.0,,deux_roues,,1,2,1,1,6
202300029124,2023-10-10 09:50:00,2023,10,10,9,50,75,75108,Place de l'Alma,48.86421248,2.3018074,Plein jour,En agglomération,Place,Normale,Deux véhicules - frontale,4,2, -1,-1,1,1,1,0,5,-1,2,2,0,0,0,2,40.0,35.0,deux_roues,deux_roues,1,2,7,1,1
202300029124,2023-10-10 09:50:00,2023,10,10,9,50,75,75108,Place de l'Alma,48.86421248,2.3018074,Plein jour,En agglomération,Place,Normale,Deux véhicules - frontale,4,2,2,1,1,1,1,0,5,30,2,2,0,0,0,2,40.0,35.0,deux_roues,deux_roues,1,2,7,1,1
202300029125,2023-10-09 17:45:00,2023,10,9,17,45,75,75107,AVENUE DE BRETEUIL,48.848832,2.31142,Plein jour,En agglomération,Intersection en T,Normale,Deux véhicules - arrière,4,1,1,0,1,1,1,0,1,30,2,2,0,0,0,2,41.0,29.0,transport_commun,deux_roues,1,2,3,1,2
202300029125,2023-10-09 17:45:00,2023,10,9,17,45,75,75107,AVENUE DE BRETEUIL,48.848832,2.31142,Plein jour,En agglomération,Intersection en T,Normale,Deux véhicules - arrière,4,-1, -1,0,1,1,1,0,1,30,2,2,0,0,0,2,41.0,29.0,transport_commun,deux_roues,1,2,3,1,2
202300029126,2023-10-10 14:20:00,2023,10,10,14,20,75,75104,BOULEVARD HENRI IV,48.852069,2.365442,Plein jour,En agglomération,Intersection en X,Normale,Trois véhicules et plus - collisions multiples,4,2,4,2,1,1,1,0,1,30,3,3,0,0,0,3,29.0,25.0,voiture,voiture,1,2,2,1,5
202300029126,2023-10-10 14:20:00,2023,10,10,14,20,75,75104,BOULEVARD HENRI IV,48.852069,2.365442,Plein jour,En agglomération,Intersection en X,Normale,Trois véhicules et plus - collisions multiples,4,1,2,2,1,1,1,0,1,30,3,3,0,0,0,3,29.0,25.0,voiture,voiture,1,2,2,1,5
202300029127,2023-10-10 14:30:00,2023,10,10,14,30,75,75101,RUE DE RIVOLI,48.859632,2.34481,Plein jour,En agglomération,Intersection en X,Normale,Autre collision,4,2,3,1,1,1,1,0,5,30,1,2,1,0,0,1,23.0,,deux_roues,,1,2,2,1,6
202300029127,2023-10-10 14:30:00,2023,10,10,14,30,75,75101,RUE DE RIVOLI,48.859632,2.34481,Plein jour,En agglomération,Intersection en X,Normale,Autre collision,4,1,1,0,1,1,1,0,5,30,1,2,1,0,0,1,23.0,,deux_roues,,1,2,2,1,6
202300029128,2023-10-10 13:35:00,2023,10,10,13,35,75,75101,RUE DE LA GRANDE TRUANDERIE,48.862469,2.350437,Plein jour,En agglomération,Intersection en T,Normale,Deux véhicules - côté,4,3,4,1,1,1,1,0,1,30,2,2,1,0,0,1,,22.0,utilitaire_camion,deux_roues,1,2,3,1,3
202300029128,2023-10-10 13:35:00,2023,10,10,13,35,75,75101,RUE DE LA GRANDE TRUANDERIE,48.862469,2.350437,Plein jour,En agglomération,Intersection en T,Normale,Deux véhicules - côté,4,1,1,0,1,1,1,0,1,30,2,2,1,0,0,1,,22.0,utilitaire_camion,deux_roues,1,2,3,1,3
202300029129,2023-10-10 09:30:00,2023,10,10,9,30,75,75103,RUE DE TURBIGO,48.866844,2.361909,Plein jour,En agglomération,Intersection en X,Normale,Autre collision,4,2,2,1,1,1,1,0,5,30,1,2,1,0,0,1,26.0,,deux_roues,,1,2,2,1,6
202300029129,2023-10-10 09:30:00,2023,10,10,9,30,75,75103,RUE DE TURBIGO,48.866844,2.361909,Plein jour,En agglomération,Intersection en X,Normale,Autre collision,4,1,3,3,1,1,1,0,5,30,1,2,1,0,0,1,26.0,,deux_roues,,1,2,2,1,6
202300029130,2023-10-09 23:00:00,2023,10,9,23,0,94,94081,Avenue Paul Vaillant Couturier,48.796514,2.398536,Nuit avec éclairage allumé,En agglomération,Hors intersection,Normale,Deux véhicules - côté,3,2,2,0,1,1,1,0,1,50,2,2,1,0,0,1,27.0,31.0,utilitaire_camion,voiture,5,2,1,1,3
202300029131,2023-10-10 16:35:00,2023,10,10,16,35,94,94078,Avenue Winston Churchill,48.754034,2.44869938,Plein jour,En agglomération,Autre intersection,Normale,Deux véhicules - côté,3,3,4,0,1,1,1,0,1,50,2,2,1,0,0,1,56.0,27.0,voiture,deux_roues,1,2,9,1,3
202300029131,2023-10-10 16:35:00,2023,10,10,16,35,94,94078,Avenue Winston Churchill,48.754034,2.44869938,Plein jour,En agglomération,Autre intersection,Normale,Deux véhicules - côté,3,2, -1,-1,1,1,1,0,1,-1,2,2,1,0,0,1,56.0,27.0,voiture,deux_roues,1,2,9,1,3
202300029132,2023-10-10 18:20:00,2023,10,10,18,20,94,94028,Avenue du Maréchal Foch,48.777659,2.438597,Plein jour,Hors agglomération,Hors intersection,Normale,Deux véhicules - arrière,2,3,6,0,1,1,1,3,1,70,2,2,1,0,1,0,47.0,22.0,deux_roues,utilitaire_camion,1,1,1,1,2
202300029133,2023-10-10 11:30:00,2023,10,10,11,30,94,94068,40bis Rue du Four,48.812424,2.472948,Plein jour,En agglomération,Hors intersection,Normale,Autre collision,4,2,2,0,1,1,1,0,1,30,1,2,1,0,0,1,32.0,,voiture,,1,2,1,1,6
202300029134,2023-10-10 08:06:00,2023,10,10,8,6,94,94054,Av des Martyrs de Chateaubriant,48.74946,2.40649,Plein jour,En agglomération,Intersection en X,Normale,Deux véhicules - côté,3,2,2,0,1,1,1,0,1,50,2,3,1,0,2,0,46.0,57.0,voiture,deux_roues,1,2,2,1,3
202300029134,2023-10-10 08:06:00,2023,10,10,8,6,94,94054,Av des Martyrs de Chateaubriant,48.74946,2.40649,Plein jour,En agglomération,Intersection en X,Normale,Deux véhicules - côté,3,2,2,0,1,1,1,0,1,50,2,3,1,0,2,0,46.0,57.0,voiture,deux_roues,1,2,2,1,3
202300029135,2023-10-10 20:50:00,2023,10,10,20,50,94,94018,Quai des Carrieres,48.8184,2.41098,Nuit avec éclairage allumé,En agglomération,Giratoire,Normale,Autre collision,3,3,3,0,1,1,1,0,1,50,1,3,2,0,0,1,39.0,,deux_roues,,5,2,6,1,6
202300029135,2023-10-10 20:50:00,2023,10,10,20,50,94,94018,Quai des Carrieres,48.8184,2.41098,Nuit avec éclairage allumé,En agglomération,Giratoire,Normale,Autre collision,3,3,3,0,2,1,1,0,1,50,1,3,2,0,0,1,39.0,,deux_roues,,5,2,6,1,6
202300029136,2023-10-10 19:35:00,2023,10,10,19,35,94,94071,rue Delacroix,48.77498,2.52548,Nuit avec éclairage allumé,En agglomération,Intersection en T,Normale,Autre collision,4,-1,2,0,3,3,1,0,1,50,1,2,1,0,0,1,85.0,,voiture,,5,2,3,1,6
202300029136,2023-10-10 19:35:00,2023,10,10,19,35,94,94071,rue Delacroix,48.77498,2.52548,Nuit avec éclairage allumé,En agglomération,Intersection en T,Normale,Autre collision,4,3,1,0,1,1,1,0,1,50,1,2,1,0,0,1,85.0,,voiture,,5,2,3,1,6
202300029137,2023-10-10 17:40:00,2023,10,10,17,40,93,93078,Avenue du Sausset,48.96271,2.5166,Plein jour,En agglomération,Hors intersection,Normale,Autre collision,4,2,2,0,1,1,1,0,1,50,1,2,1,0,0,1,30.0,,voiture,,1,2,1,1,6
202300029138,2023-10-10 14:00:00,2023,10,10,14,0,93,93073,Avenue du Valquiou,48.98068471,2.53191924,Plein jour,En agglomération,Hors intersection,Normale,Trois véhicules et plus - en chaîne,4,3,2,0,1,1,1,0,1,50,3,3,2,0,0,1,55.0,30.0,voiture,utilitaire_camion,1,2,1,1,4
202300029139,2023-10-10 00:05:00,2023,10,10,0,5,93,93007,Rue Jean-Pierre Timbaud / Allée des Dahlias,48.943732,2.451453,Nuit avec éclairage allumé,En agglomération,Intersection en T,Normale,Autre collision,4,2,2,0,1,3,1,0,4,50,1,1,0,0,0,1,22.0,,voiture,,5,2,3,1,6
202300029139,2023-10-10 00:05:00,2023,10,10,0,5,93,93007,Rue Jean-Pierre Timbaud / Allée des Dahlias,48.943732,2.451453,Nuit avec éclairage allumé,En agglomération,Intersection en T,Normale,Autre collision,4,-1, -1,0,1,1,1,0,1,-1,1,1,0,0,0,1,22.0,,voiture,,5,2,3,1,6
202300029140,2023-10-09 21:20:00,2023,10,9,21,20,93,93071,Rue du Pont Blanc / Rue Gabriel Péri,48.94228,2.53269,Nuit avec éclairage allumé,En agglomération,Intersection en T,Normale,Deux véhicules - côté,4,2,2,0,1,1,1,0,1,50,2,2,1,0,0,1,18.0,34.0,deux_roues,utilitaire_camion,5,2,3,1,3
202300029140,2023-10-09 21:20:00,2023,10,9,21,20,93,93071,Rue du Pont Blanc / Rue Gabriel Péri,48.94228,2.53269,Nuit avec éclairage allumé,En agglomération,Intersection en T,Normale,Deux véhicules - côté,4,1,1,0,1,1,1,0,8,50,2,2,1,0,0,1,18.0,34.0,deux_roues,utilitaire_camion,5,2,3,1,3
202300029141,2023-10-10 13:40:00,2023,10,10,13,40,93,93051,Boulevard du Ru de Nesles / Rue des Aerostiers,48.831894,2.584045,Plein jour,En agglomération,Intersection en X,Normale,Deux véhicules - côté,3,2,2,0,1,1,1,0,1,50,2,3,2,0,0,1,72.0,72.0,voiture,voiture,1,2,2,1,3
202300029141,2023-10-10 13:40:00,2023,10,10,13,40,93,93051,Boulevard du Ru de Nesles / Rue des Aerostiers,48.831894,2.584045,Plein jour,En agglomération,Intersection en X,Normale,Deux véhicules - côté,3,2,3,0,1,1,1,0,1,50,2,3,2,0,0,1,72.0,72.0,voiture,voiture,1,2,2,1,3
202300029142,2023-10-10 21:30:00,2023,10,10,21,30,93,93008,Avenue Paul Vaillant - Couturier / Avenue Pierre Sémard,48.909534,2.445693,Nuit sans éclairage public,En agglomération,Giratoire,Normale,Deux véhicules - côté,3,3,4,0,1,1,1,0,1,-1,2,3,2,0,0,1,24.0,25.0,voiture,deux_roues,3,2,6,1,3
202300029142,2023-10-10 21:30:00,2023,10,10,21,30,93,93008,Avenue Paul Vaillant - Couturier / Avenue Pierre Sémard,48.909534,2.445693,Nuit sans éclairage public,En agglomération,Giratoire,Normale,Deux véhicules - côté,3,1,2,0,1,1,1,0,1,50,2,3,2,0,0,1,24.0,25.0,voiture,deux_roues,3,2,6,1,3
202300029143,2023-10-10 18:22:00,2023,10,10,18,22,92,92078,CHARLES DE GAULLE (BD) (71 AU 153),48.93888,2.32686,Plein jour,Hors agglomération,Hors intersection,Normale,Deux véhicules - frontale,3,3,2,0,1,1,1,5,1,70,2,2,1,0,1,0,33.0,50.0,deux_roues,utilitaire_camion,1,1,1,1,1
202300029144,2023-10-09 20:30:00,2023,10,9,20,30,92,92072,GRANDE RUE,48.82382901,2.20884025,Nuit avec éclairage allumé,En agglomération,Autre intersection,Normale,Sans collision,3,-1,0,0,1,3,1,0,4,30,1,1,0,0,0,1,14.0,,deux_roues,,5,2,9,1,7
202300029145,2023-10-10 16:15:00,2023,10,10,16,15,92,92064,DOCTEUR DESFOSSEZ,48.84382012,2.21857872,Plein jour,En agglomération,Hors intersection,Normale,Autre collision,4,-1,1,0,2,1,1,0,4,30,1,1,0,0,0,1,69.0,,voiture,,1,2,1,1,6
202300029146,2023-10-04 09:18:00,2023,10,4,9,18,92,92063,DIX-HUIT JUIN 1940 (AVENUE DU) EST,48.86782629,2.19519585,Plein jour,En agglomération,Hors intersection,Temps éblouissant,Autre collision,3,2,2,0,2,1,1,0,1,50,1,2,1,0,0,1,62.0,,voiture,,1,2,1,7,6