accident_id,datetime,annee,mois,jour,heure,minute,departement,commune_insee,adresse,latitude,longitude,luminosite,agglomeration,intersection,meteo,collision,catr,circ,nbv,vosp,prof,plan,surf,infra,situ,vma,nb_vehicules,nb_usagers,nb_indemnes,nb_tues,nb_blesses_hosp,nb_blesses_legers,age_cond_1,age_cond_2,veh_type_cond_1,veh_type_cond_2,lum_code,agg_code,int_code,atm_code,col_code
202300029226,2023-10-10 18:30:00,2023,10,10,18,30,95,95555,D170,48.97143,2.27607,Plein jour,Hors agglomération,Hors intersection,Normale,Trois véhicules et plus - collisions multiples,3,1,0,0,1,1,1,0,1,90,3,3,2,0,1,0,27.0,43.0,voiture,voiture,1,1,1,1,5
202300029227,2023-09-21 15:00:00,2023,9,21,15,0,95,95018,DESERTS (RUE DES),48.95150621,2.28003055,Plein jour,Hors agglomération,Hors intersection,Pluie légère,Autre collision,1,3,8,0,2,2,2,0,2,30,1,2,1,1,0,0,43.0,,voiture,,1,1,1,2,6
202300029228,2023-10-10 08:50:00,2023,10,10,8,50,95,95582,D170,48.96395,2.26747,Plein jour,Hors agglomération,Hors intersection,Normale,Deux véhicules - arrière,3,2,0,0,1,1,1,0,1,70,2,2,1,0,0,1,23.0,50.0,voiture,voiture,1,1,1,1,2
202300029229,2023-10-10 06:50:00,2023,10,10,6,50,93,93064,AUTOROUTE A86,48.86737315,2.48181211,Nuit sans éclairage public,Hors agglomération,Hors intersection,Normale,Deux véhicules - côté,1,3,3,0,1,1,1,0,1,90,2,2,1,0,0,1,39.0,38.0,utilitaire_camion,voiture,3,1,1,1,3
202300029230,2023-10-10 17:14:00,2023,10,10,17,14,77,77373,RN104,48.77395173,2.61204393,Plein jour,Hors agglomération,Hors intersection,Normale,Autre collision,2,1,3,0,1,1,1,2,1,90,1,1,0,0,1,0,67.0,,deux_roues,,1,1,1,1,6
202300029231,2023-07-03 22:36:00,2023,7,3,22,36,19,19031,33 avenue Ribot,45.16481158,1.51811809,Nuit avec éclairage allumé,En agglomération,Hors intersection,Normale,Autre collision,4,2,2,0,1,1,1,0,1,-1,1,2,1,0,1,0,59.0,,voiture,,5,2,1,1,6
202300029232,2023-05-07 08:25:00,2023,5,7,8,25,28,28023,D32,48.517454,1.680366,Plein jour,Hors agglomération,Hors intersection,Pluie légère,Autre collision,3,2,2,0,1,1,2,0,8,80,1,1,0,0,1,0,31.0,,voiture,,1,1,1,2,6
202300029233,2023-05-30 18:40:00,2023,5,30,18,40,13,13215,A7-Sens Lyon vers Marseille,43.3799,5.35355,Plein jour,Hors agglomération,Hors intersection,Temps couvert,Deux véhicules - arrière,1,1,3,0,2,1,1,0,1,90,2,4,3,0,0,1,40.0,30.0,voiture,voiture,1,1,1,8,2
202300029234,2023-10-08 03:15:00,2023,10,8,3,15,75,75116,PORT DEBILLY,48.861394,2.292767,Nuit sans éclairage public,En agglomération,Hors intersection,Normale,Autre collision,4,-1,1,0,1,1,1,9,1,30,1,1,0,0,0,1,21.0,,deux_roues,,3,2,1,1,6
202300029235,2023-10-09 17:45:00,2023,10,9,17,45,75,75115,RUE DE LOURMEL,48.83971,2.283147,Plein jour,En agglomération,Intersection en T,Normale,Sans collision,4,-1, -1,1,1,1,1,0,5,30,1,1,0,0,0,1,16.0,,deux_roues,,1,2,3,1,7
202300029235,2023-10-09 17:45:00,2023,10,9,17,45,75,75115,RUE DE LOURMEL,48.83971,2.283147,Plein jour,En agglomération,Intersection en T,Normale,Sans collision,4,1,0,1,1,1,1,0,5,30,1,1,0,0,0,1,16.0,,deux_roues,,1,2,3,1,7
202300029236,2023-10-09 07:10:00,2023,10,9,7,10,75,75114,BOULEVARD JOURDAN,48.822786,2.326606,Crépuscule ou aube,En agglomération,Intersection en X,Normale,Autre collision,4,1,6,1,1,1,1,0,5,30,1,1,0,0,0,1,44.0,,deux_roues,,2,2,2,1,6
202300029236,2023-10-09 07:10:00,2023,10,9,7,10,75,75114,BOULEVARD JOURDAN,48.822786,2.326606,Crépuscule ou aube,En agglomération,Intersection en X,Normale,Autre collision,4,-1, -1,1,1,1,1,0,1,30,1,1,0,0,0,1,44.0,,deux_roues,,2,2,2,1,6
202300029237,2023-10-09 19:10:00,2023,10,9,19,10,75,75111,RUE DE LA ROQUETTE,48.853288,2.370251,Crépuscule ou aube,En agglomération,Intersection en T,Normale,Autre collision,4,-1, -1,0,1,1,1,0,4,30,1,2,1,0,0,1,,,voiture,,2,2,3,1,6
202300029237,2023-10-09 19:10:00,2023,10,9,19,10,75,75111,RUE DE LA ROQUETTE,48.853288,2.370251,Crépuscule ou aube,En agglomération,Intersection en T,Normale,Autre collision,4,1,1,0,1,1,1,0,4,30,1,2,1,0,0,1,,,voiture,,2,2,3,1,6
202300029238,2023-10-09 18:00:00,2023,10,9,18,0,75,75110,RUE LA FAYETTE,48.881616,2.365797,Plein jour,En agglomération,Intersection en X,Normale,Deux véhicules - arrière,4,-1, -1,0,1,1,1,0,1,30,2,2,1,0,0,1,45.0,25.0,voiture,deux_roues,1,2,2,1,2
202300029238,2023-10-09 18:00:00,2023,10,9,18,0,75,75110,RUE LA FAYETTE,48.881616,2.365797,Plein jour,En agglomération,Intersection en X,Normale,Deux véhicules - arrière,4,2,4,0,1,1,1,0,1,30,2,2,1,0,0,1,45.0,25.0,voiture,deux_roues,1,2,2,1,2
202300029239,2023-10-09 00:40:00,2023,10,9,0,40,75,75110,QUAI DE JEMMAPES,48.869611,2.367,Nuit avec éclairage allumé,En agglomération,Hors intersection,Normale,Deux véhicules - côté,4,1,2,1,1,1,1,0,1,30,2,4,3,0,0,1,29.0,31.0,voiture,deux_roues,5,2,1,1,3
202300029240,2023-10-08 22:15:00,2023,10,8,22,15,75,75109,RUE DE LIEGE,48.879634,2.327042,Nuit avec éclairage allumé,En agglomération,Intersection à plus de 4 branches,Normale,Deux véhicules - côté,4,1, -1,-1,1,1,1,0,1,30,2,2,1,0,0,1,23.0,29.0,voiture,deux_roues,5,2,5,1,3
202300029240,2023-10-08 22:15:00,2023,10,8,22,15,75,75109,RUE DE LIEGE,48.879634,2.327042,Nuit avec éclairage allumé,En agglomération,Intersection à plus de 4 branches,Normale,Deux véhicules - côté,4,1,1,1,2,1,1,5,1,30,2,2,1,0,0,1,23.0,29.0,voiture,deux_roues,5,2,5,1,3
202300029241,2023-10-09 01:09:00,2023,10,9,1,9,75,75107,AVENUE DE LOWENDAL,48.852081,2.30763,Nuit sans éclairage public,En agglomération,Hors intersection,Normale,Deux véhicules - côté,4,3,0,0,1,1,1,0,1,30,2,2,1,0,0,1,44.0,50.0,deux_roues,voiture,3,2,1,1,3
202300029242,2023-10-08 18:55:00,2023,10,8,18,55,94,94081,Avenue Rabelais,48.780789,2.390674,Crépuscule ou aube,En agglomération,Hors intersection,Normale,Sans collision,4,2,2,0,2,1,1,0,1,50,1,1,0,0,1,0,20.0,,deux_roues,,2,2,1,1,7
202300029243,2023-10-09 17:05:00,2023,10,9,17,5,94,94015,Boulevard Pasteur,48.832427,2.525029,Plein jour,En agglomération,Hors intersection,Normale,Sans collision,3,1,1,0,2,2,1,6,1,50,1,1,0,0,1,0,30.0,,autre,,1,2,1,1,7
202300029244,2023-10-09 18:00:00,2023,10,9,18,0,94,94076,58 Avenue de Stalingrad,48.78567,2.366823,Plein jour,En agglomération,Autre intersection,Normale,Autre collision,3,-1,0,0,1,1,1,9,8,50,1,2,1,0,1,0,45.0,,voiture,,1,2,9,1,6
202300029245,2023-10-09 21:40:00,2023,10,9,21,40,94,94041,Avenue Georges Gosnat,48.81122,2.38402,Nuit avec éclairage allumé,En agglomération,Autre intersection,Normale,Deux véhicules - côté,3,2,2,0,2,1,1,0,1,50,2,2,1,0,0,1,44.0,20.0,deux_roues,voiture,5,2,9,1,3
202300029245,2023-10-09 21:40:00,2023,10,9,21,40,94,94041,Avenue Georges Gosnat,48.81122,2.38402,Nuit avec éclairage allumé,En agglomération,Autre intersection,Normale,Deux véhicules - côté,3,1,1,0,1,1,1,0,1,50,2,2,1,0,0,1,44.0,20.0,deux_roues,voiture,5,2,9,1,3
202300029246,2023-10-09 19:20:00,2023,10,9,19,20,94,94034,Avenue de Stalingrad,48.76333,2.33381,Nuit avec éclairage allumé,En agglomération,Hors intersection,Normale,Deux véhicules - arrière,3,1,0,0,1,1,1,0,1,50,2,2,1,0,0,1,26.0,54.0,transport_commun,voiture,5,2,1,1,2
202300029247,2023-10-09 18:00:00,2023,10,9,18,0,94,94073,Avenue du Luxembourg,48.75552,2.37348,Plein jour,Hors agglomération,Hors intersection,Normale,Deux véhicules - côté,5,-1,2,0,1,1,1,0,8,-1,2,5,3,0,0,2,19.0,74.0,voiture,voiture,1,1,1,1,3
202300029248,2023-10-09 19:00:00,2023,10,9,19,0,94,94033,Place Moreau-david,48.8438,2.465,Crépuscule ou aube,En agglomération,Hors intersection,Normale,Autre collision,4,2,2,0,1,1,1,0,1,30,1,2,1,0,0,1,52.0,,voiture,,2,2,1,1,6
202300029249,2023-10-09 05:52:00,2023,10,9,5,52,94,94073,Av du Pdt Franklin Roosevelt,48.76690945,2.4037456,Plein jour,En agglomération,Passage à niveau,Normale,Autre collision,3,2,2,0,1,1,1,4,6,50,1,2,1,0,0,1,49.0,,voiture,,1,2,8,1,6
202300029249,2023-10-09 05:52:00,2023,10,9,5,52,94,94073,Av du Pdt Franklin Roosevelt,48.76690945,2.4037456,Plein jour,En agglomération,Passage à niveau,Normale,Autre collision,3,2,2,0,1,1,1,4,6,50,1,2,1,0,0,1,49.0,,voiture,,1,2,8,1,6
202300029250,2023-10-09 12:10:00,2023,10,9,12,10,93,93070,Boulevard Jean Jaurès / Rue du Docteur Bauer,48.91295,2.33522,Plein jour,En agglomération,Intersection à plus de 4 branches,Normale,Deux véhicules - côté,3,3,4,2,1,1,1,0,1,-1,2,2,1,0,0,1,30.0,21.0,voiture,voiture,1,2,5,1,3
202300029250,2023-10-09 12:10:00,2023,10,9,12,10,93,93070,Boulevard Jean Jaurès / Rue du Docteur Bauer,48.91295,2.33522,Plein jour,En agglomération,Intersection à plus de 4 branches,Normale,Deux véhicules - côté,3,1,2,0,1,1,1,0,1,-1,2,2,1,0,0,1,30.0,21.0,voiture,voiture,1,2,5,1,3
202300029251,2023-10-09 09:20:00,2023,10,9,9,20,93,93048,Boulevard Aristide Briand / Boulevard de la Boissière,48.87811549,2.45750144,Plein jour,En agglomération,Intersection en X,Normale,Deux véhicules - côté,3,2,2,0,1,1,1,9,1,25,2,2,1,0,0,1,40.0,51.0,deux_roues,utilitaire_camion,1,2,2,1,3
202300029251,2023-10-09 09:20:00,2023,10,9,9,20,93,93048,Boulevard Aristide Briand / Boulevard de la Boissière,48.87811549,2.45750144,Plein jour,En agglomération,Intersection en X,Normale,Deux véhicules - côté,3,2,2,0,1,1,1,0,1,50,2,2,1,0,0,1,40.0,51.0,deux_roues,utilitaire_camion,1,2,2,1,3
202300029252,2023-10-09 19:45:00,2023,10,9,19,45,93,93079,Avenue de la Division Leclerc,48.95199373,2.34306222,Nuit avec éclairage allumé,En agglomération,Hors intersection,Normale,Autre collision,3,2,2,3,1,1,1,4,8,50,1,2,1,0,0,1,23.0,,deux_roues,,5,2,1,1,6
202300029253,2023-10-09 10:45:00,2023,10,9,10,45,93,93031,Avenue de Lattre de Tassigny / Avenue Salvador Allende,48.95726,2.30994,Plein jour,En agglomération,Intersection à plus de 4 branches,Normale,Deux véhicules - côté,3,2,4,3,1,2,1,0,1,50,2,2,1,0,0,1,43.0,73.0,utilitaire_camion,voiture,1,2,5,1,3
202300029253,2023-10-09 10:45:00,2023,10,9,10,45,93,93031,Avenue de Lattre de Tassigny / Avenue Salvador Allende,48.95726,2.30994,Plein jour,En agglomération,Intersection à plus de 4 branches,Normale,Deux véhicules - côté,3,3,4,3,1,1,1,0,1,-1,2,2,1,0,0,1,43.0,73.0,utilitaire_camion,voiture,1,2,5,1,3
202300029254,2023-10-09 09:30:00,2023,10,9,9,30,93,93031,Avenue de Lattre de Tassigny,48.95896,2.306802,Plein jour,En agglomération,Autre intersection,Normale,Deux véhicules - côté,3,2,3,1,1,1,1,5,1,50,2,2,1,0,0,1,23.0,30.0,voiture,deux_roues,1,2,9,1,3
202300029255,2023-10-09 07:30:00,2023,10,9,7,30,93,93031,Rue d'Ormesson / Rue des Econdeaux,48.962104,2.310959,Crépuscule ou aube,En agglomération,Intersection en T,Normale,Deux véhicules - côté,4,2,2,0,1,1,1,0,1,50,2,2,1,0,0,1,54.0,76.0,deux_roues,voiture,2,2,3,1,3
202300029255,2023-10-09 07:30:00,2023,10,9,7,30,93,93031,Rue d'Ormesson / Rue des Econdeaux,48.962104,2.310959,Crépuscule ou aube,En agglomération,Intersection en T,Normale,Deux véhicules - côté,4,2,2,0,1,1,1,0,1,50,2,2,1,0,0,1,54.0,76.0,deux_roues,voiture,2,2,3,1,3
202300029256,2023-10-08 23:20:00,2023,10,8,23,20,93,93001,Avenue de la République / Rue Guyard Delalain,48.910722,2.385161,Nuit avec éclairage allumé,En agglomération,Intersection en T,Normale,Deux véhicules - côté,3,1,1,0,1,1,1,0,1,-1,2,2,1,0,0,1,44.0,44.0,deux_roues,voiture,5,2,3,1,3
202300029256,2023-10-08 23:20:00,2023,10,8,23,20,93,93001,Avenue de la République / Rue Guyard Delalain,48.910722,2.385161,Nuit avec éclairage allumé,En agglomération,Intersection en T,Normale,Deux véhicules - côté,3,2,3,3,1,1,1,0,1,50,2,2,1,0,0,1,44.0,44.0,deux_roues,voiture,5,2,3,1,3
202300029257,2023-10-09 21:55:00,2023,10,9,21,55,92,92073,SELLIER (BOULEVARD HENRI),48.86774519,2.22179747,Nuit avec éclairage allumé,En agglomération,Hors intersection,Normale,Deux véhicules - arrière,3,2,4,0,2,2,1,2,1,50,2,2,1,0,0,1,29.0,41.0,voiture,voiture,5,2,1,1,2
202300029258,2023-10-08 12:45:00,2023,10,8,12,45,92,92064,DOCTEUR NICOLI,48.85564518,2.22110831,Plein jour,En agglomération,Hors intersection,Normale,Sans collision,4,-1,2,0,2,1,1,0,1,50,1,1,0,0,0,1,27.0,,deux_roues,,1,2,1,1,7
202300029259,2023-10-08 04:45:00,2023,10,8,4,45,92,92051,"BINEAU (BOULEVARD, N°133 A 217 ET 134 A",48.89331722,2.26794809,Nuit avec éclairage allumé,En agglomération,Hors intersection,Normale,Deux véhicules - arrière,3,3,4,0,1,1,1,5,1,50,2,2,1,0,0,1,53.0,42.0,voiture,voiture,5,2,1,1,2
202300029260,2023-10-08 18:35:00,2023,10,8,18,35,92,92036,RESISTANCE (RUE DE LA),48.93291,2.29947,Plein jour,En agglomération,Autre intersection,Normale,Autre collision,4,2,1,0,1,1,1,0,1,30,1,2,1,0,0,1,22.0,,voiture,,1,2,9,1,6
202300029261,2023-10-09 12:07:00,2023,10,9,12,7,92,92025,CHARLES DE GAULLE (BD),48.91039542,2.23438912,Plein jour,En agglomération,Intersection en T,Normale,Deux véhicules - côté,3,-1,2,0,1,1,1,0,1,50,2,2,1,0,0,1,54.0,24.0,voiture,deux_roues,1,2,3,1,3
202300029261,2023-10-09 12:07:00,2023,10,9,12,7,92,92025,CHARLES DE GAULLE (BD),48.91039542,2.23438912,Plein jour,En agglomération,Intersection en T,Normale,Deux véhicules - côté,3,-1,2,0,1,1,1,0,1,50,2,2,1,0,0,1,54.0,24.0,voiture,deux_roues,1,2,3,1,3
202300029262,2023-10-09 18:40:00,2023,10,9,18,40,92,92024,CLICHY (QUAI DE) DE (8 A 60),48.90844466,2.30020112,Crépuscule ou aube,Hors agglomération,Intersection en X,Normale,Deux véhicules - côté,3,3,6,0,1,1,1,0,1,50,2,2,1,0,0,1,32.0,27.0,voiture,deux_roues,2,1,2,1,3
202300029262,2023-10-09 18:40:00,2023,10,9,18,40,92,92024,CLICHY (QUAI DE) DE (8 A 60),48.90844466,2.30020112,Crépuscule ou aube,Hors agglomération,Intersection en X,Normale,Deux véhicules - côté,3,4,4,2,1,1,1,5,1,50,2,2,1,0,0,1,32.0,27.0,voiture,deux_roues,2,1,2,1,3
202300029263,2023-10-09 16:22:00,2023,10,9,16,22,92,92019,CLEMENT JEAN BAPTISTE (RUE),48.75877,2.27011,Plein jour,En agglomération,Hors intersection,Normale,Autre collision,3,1,0,0,1,1,1,0,4,50,1,2,1,0,0,1,,,utilitaire_camion,,1,2,1,1,6
202300029264,2023-10-10 15:38:00,2023,10,10,15,38,60,60229,RD 522,49.38236906,2.68849075,Plein jour,Hors agglomération,Intersection en X,Normale,Deux véhicules - côté,3,2,2,0,1,1,1,0,1,80,2,2,1,0,1,0,16.0,27.0,deux_roues,voiture,1,1,2,1,3
202300029264,2023-10-10 15:38:00,2023,10,10,15,38,60,60229,RD 522,49.38236906,2.68849075,Plein jour,Hors agglomération,Intersection en X,Normale,Deux véhicules - côté,3,2, -1,-1,1,1,1,0,1,-1,2,2,1,0,1,0,16.0,27.0,deux_roues,voiture,1,1,2,1,3
202300029265,2023-10-10 14:40:00,2023,10,10,14,40,24,24550,route de lavaux,45.158952,1.047885,Plein jour,Hors agglomération,Hors intersection,Normale,Autre collision,4,2,2,0,1,3,1,0,3,80,1,1,0,1,0,0,52.0,,voiture,,1,1,1,1,6
202300029266,2023-10-09 18:40:00,2023,10,9,18,40,60,60201,Rue de la Mazurelle,49.598306,2.543571,Crépuscule ou aube,Hors agglomération,Hors intersection,Temps éblouissant,Autre collision,4,2,2,0,1,1,1,0,3,80,1,2,1,0,0,1,51.0,,voiture,,2,1,1,7,6
202300029267,2023-10-09 14:53:00,2023,10,9,14,53,01,01427,rue batlie,45.940411,4.769429,Plein jour,En agglomération,Giratoire,Normale,Autre collision,4,2,2,0,1,3,1,0,1,50,1,2,1,1,0,0,57.0,,voiture,,1,2,6,1,6
202300029268,2023-10-10 05:25:00,2023,10,10,5,25,68,68253,D52,47.787686,7.517309,Nuit sans éclairage public,Hors agglomération,Hors intersection,Normale,Autre collision,3,2,2,0,1,3,1,0,1,70,1,2,1,1,0,0,53.0,,utilitaire_camion,,3,1,1,1,6
202300029269,2023-10-09 19:45:00,2023,10,9,19,45,83,83019,D559,43.151145,6.315111,Crépuscule ou aube,Hors agglomération,Intersection en T,Normale,Deux véhicules - côté,3,2,2,0,2,3,1,2,1,70,2,2,1,0,0,1,56.0,52.0,deux_roues,voiture,2,1,3,1,3
202300029269,2023-10-09 19:45:00,2023,10,9,19,45,83,83019,D559,43.151145,6.315111,Crépuscule ou aube,Hors agglomération,Intersection en T,Normale,Deux véhicules - côté,3,1,2,0,1,1,1,0,1,50,2,2,1,0,0,1,56.0,52.0,deux_roues,voiture,2,1,3,1,3
202300029270,2023-08-01 15:00:00,2023,8,1,15,0,2A,2A006,D81,41.974631,8.781016,Plein jour,Hors agglomération,Hors intersection,Normale,Deux véhicules - frontale,3,2,2,0,1,2,1,0,1,70,2,2,1,0,1,0,62.0,30.0,voiture,utilitaire_camion,1,1,1,1,1
202300029271,2023-07-28 18:50:00,2023,7,28,18,50,82,82079,,43.898597,1.35922,Plein jour,Hors agglomération,Intersection en X,Normale,Deux véhicules - côté,3,2,2,0,1,1,1,0,1,80,2,6,1,1,2,2,21.0,50.0,voiture,voiture,1,1,2,1,3
202300029271,2023-07-28 18:50:00,2023,7,28,18,50,82,82079,,43.898597,1.35922,Plein jour,Hors agglomération,Intersection en X,Normale,Deux véhicules - côté,3,2,2,0,1,1,1,0,8,80,2,6,1,1,2,2,21.0,50.0,voiture,voiture,1,1,2,1,3
202300029272,2023-07-30 07:15:00,2023,7,30,7,15,49,49003,d761,47.285969,-0.367162,Plein jour,Hors agglomération,Hors intersection,Normale,Deux véhicules - arrière,3,3,2,0,1,1,1,0,1,110,2,4,0,1,1,2,23.0,41.0,voiture,voiture,1,1,1,1,2
202300029273,2023-08-01 14:45:00,2023,8,1,14,45,12,12069,RD 999,43.87874,2.722882,Plein jour,Hors agglomération,Hors intersection,Normale,Deux véhicules - arrière,3,2,2,0,2,3,2,0,1,90,2,2,1,0,1,0,24.0,19.0,deux_roues,utilitaire_camion,1,1,1,1,2
202300029274,2023-08-02 16:57:00,2023,8,2,16,57,12,12215,D840,44.483563,2.400813,Plein jour,Hors agglomération,Hors intersection,Normale,Deux véhicules - frontale,3,2,2,0,2,1,1,0,1,90,2,5,0,1,4,0,65.0,28.0,voiture,utilitaire_camion,1,1,1,1,1
202300029275,2023-08-02 03:00:00,2023,8,2,3,0,42,42287,Route de la Combe,45.310134,4.522676,Nuit sans éclairage public,Hors agglomération,Hors intersection,Normale,Sans collision,4,2,2,0,1,1,1,0,8,80,1,1,0,0,1,0,66.0,,autre,,3,1,1,1,7
202300029276,2023-08-01 12:30:00,2023,8,1,12,30,34,34187,Route de St Pons,43.553431,2.904961,Plein jour,En agglomération,Autre intersection,Normale,Autre collision,3,2,2,0,1,1,1,0,1,-1,1,5,1,0,2,2,80.0,,voiture,,1,2,9,1,6
202300029277,2023-08-02 08:15:00,2023,8,2,8,15,03,03220,23 Route de Linard,46.150903,3.145389,Plein jour,Hors agglomération,Hors intersection,Normale,Autre collision,4,2,2,0,1,1,1,0,1,50,1,2,1,0,1,0,42.0,,utilitaire_camion,,1,1,1,1,6
202300029278,2023-08-02 13:30:00,2023,8,2,13,30,03,03093,D907,46.18223,3.470339,Plein jour,Hors agglomération,Hors intersection,Normale,Deux véhicules - frontale,3,2,2,0,1,1,1,0,1,90,2,4,2,1,1,0,41.0,43.0,voiture,utilitaire_camion,1,1,1,1,1
202300029279,2023-01-22 04:40:00,2023,1,22,4,40,77,77514,A104,48.94303,2.62851,Nuit sans éclairage public,Hors agglomération,Hors intersection,Normale,Deux véhicules - arrière,1,3,2,0,2,1,1,0,1,90,2,3,2,0,0,1,,52.0,voiture,voiture,3,1,1,1,2
202300029280,2023-07-24 02:45:00,2023,7,24,2,45,26,26005,Route de Montelimar,44.509338,4.778033,Nuit sans éclairage public,Hors agglomération,Hors intersection,Normale,Deux véhicules - frontale,3,2,2,0,1,1,1,0,1,80,2,2,0,0,0,2,72.0,51.0,voiture,voiture,3,1,1,1,1
202300029281,2023-01-21 14:20:00,2023,1,21,14,20,973,97302,MONTABO (ROUTE DE) 3,4.93677651,-52.29718566,Plein jour,En agglomération,Hors intersection,Normale,Deux véhicules - côté,3,2,2,0,1,1,1,0,1,30,2,3,2,0,1,0,81.0,23.0,voiture,voiture,1,2,1,1,3
202300029282,2023-07-31 11:40:00,2023,7,31,11,40,06,06108,Avenue de la Republique,43.585221,6.941648,Plein jour,En agglomération,Hors intersection,Normale,Deux véhicules - frontale,3,-1,2,0,1,3,1,9,1,50,2,2,0,0,1,1,86.0,73.0,voiture,voiture,1,2,1,1,1
202300029283,2023-01-21 11:34:00,2023,1,21,11,34,973,97302,MONTABO (ROUTE DE) 2,4.94341,-52.30691,Plein jour,En agglomération,Hors intersection,Normale,Deux véhicules - côté,3,2,2,2,1,1,2,0,1,50,2,3,1,0,0,2,47.0,15.0,voiture,deux_roues,1,2,1,1,3
202300029284,2023-07-27 17:00:00,2023,7,27,17,0,45,45329,Route de Melleroy,47.919283,2.972834,Plein jour,Hors agglomération,Intersection en X,Normale,Deux véhicules - côté,3,2,2,0,1,1,1,0,1,90,2,2,0,0,1,1,58.0,42.0,utilitaire_camion,voiture,1,1,2,1,3
202300029284,2023-07-27 17:00:00,2023,7,27,17,0,45,45329,Route de Melleroy,47.919283,2.972834,Plein jour,Hors agglomération,Intersection en X,Normale,Deux véhicules - côté,3,2,2,0,1,1,1,0,1,90,2,2,0,0,1,1,58.0,42.0,utilitaire_camion,voiture,1,1,2,1,3
202300029285,2023-01-19 13:40:00,2023,1,19,13,40,973,97302,BADUEL (ROND POINT DE),4.93336,-52.30942,Plein jour,En agglomération,Giratoire,Normale,Sans collision,3,2,1,0,1,3,1,0,1,50,1,1,0,0,1,0,31.0,,deux_roues,,1,2,6,1,7
202300029286,2023-08-01 14:50:00,2023,8,1,14,50,43,43165,39 Route d’Yssingeaux,45.141424,4.002832,Plein jour,Hors agglomération,Hors intersection,Normale,Sans collision,3,2,2,0,1,3,1,0,3,80,1,7,6,0,1,0,32.0,,voiture,,1,1,1,1,7
202300029287,2023-01-19 12:45:00,2023,1,19,12,45,973,97302,ROUTE NATIONALE 1,4.89809,-52.32746,Plein jour,Hors agglomération,Hors intersection,Normale,Deux véhicules - arrière,2,2,4,2,1,1,1,0,1,90,2,3,0,0,1,2,47.0,62.0,deux_roues,deux_roues,1,1,1,1,2
202300029288,2023-08-02 16:25:00,2023,8,2,16,25,36,36188,La Motte Blanche,47.029514,1.174507,Plein jour,Hors agglomération,Hors intersection,Vent fort / tempête,Autre collision,4,2,2,0,1,1,1,0,3,80,1,1,0,1,0,0,24.0,,voiture,,1,1,1,6,6
202300029289,2023-08-02 01:25:00,2023,8,2,1,25,40,40046,226 avenue de la liberation,44.449157,-1.247951,Nuit sans éclairage public,En agglomération,Giratoire,Normale,Sans collision,4,2,2,0,1,1,1,5,1,50,1,1,0,0,1,0,39.0,,deux_roues,,3,2,6,1,7
202300029290,2023-01-18 12:30:00,2023,1,18,12,30,973,97302,FELIX EBOUE(ROCADE),4.93099,-52.3133,Plein jour,En agglomération,Intersection en X,Normale,Deux véhicules - côté,3,2,2,0,1,1,1,0,1,50,2,2,0,0,0,2,46.0,41.0,deux_roues,deux_roues,1,2,2,1,3
202300029290,2023-01-18 12:30:00,2023,1,18,12,30,973,97302,FELIX EBOUE(ROCADE),4.93099,-52.3133,Plein jour,En agglomération,Intersection en X,Normale,Deux véhicules - côté,3,2,2,0,1,1,1,0,1,50,2,2,0,0,0,2,46.0,41.0,deux_roues,deux_roues,1,2,2,1,3
202300029291,2023-01-18 08:35:00,2023,1,18,8,35,973,97302,RABAN (ROUTE DE),4.92794,-52.31392,Plein jour,En agglomération,Hors intersection,Normale,Autre collision,4,2,2,0,1,1,1,0,1,50,1,2,0,0,2,0,35.0,,deux_roues,,1,2,1,1,6
202300029292,2023-08-01 18:15:00,2023,8,1,18,15,24,24499,Route de Vergt,44.884065,0.568795,Plein jour,Hors agglomération,Autre intersection,Normale,Deux véhicules - frontale,3,2,2,0,2,2,1,0,1,80,2,2,1,1,0,0,64.0,62.0,voiture,deux_roues,1,1,9,1,1
202300029293,2023-08-01 14:45:00,2023,8,1,14,45,27,27044,D51,48.965132,1.13826,Plein jour,Hors agglomération,Hors intersection,Pluie légère,Sans collision,3,2,2,0,1,1,2,0,1,80,1,1,0,0,0,1,33.0,,deux_roues,,1,1,1,2,7
202300029294,2023-01-21 14:57:00,2023,1,21,14,57,69,69387,35 Rue Jules Brunard,45.74869,4.85796,Plein jour,En agglomération,Intersection en X,Normale,Deux véhicules - côté,4,1,1,2,1,1,1,0,1,30,2,3,2,0,0,1,31.0,22.0,deux_roues,voiture,1,2,2,1,3
202300029294,2023-01-21 14:57:00,2023,1,21,14,57,69,69387,35 Rue Jules Brunard,45.74869,4.85796,Plein jour,En agglomération,Intersection en X,Normale,Deux véhicules - côté,4,1,1,0,1,1,1,0,1,30,2,3,2,0,0,1,31.0,22.0,deux_roues,voiture,1,2,2,1,3
202300029295,2023-07-30 14:00:00,2023,7,30,14,0,973,97309,La Matourienne,4.876185,-52.299342,Plein jour,Hors agglomération,Hors intersection,Normale,Deux véhicules - frontale,3,2,2,0,1,1,1,0,1,80,2,2,0,0,0,2,29.0,22.0,utilitaire_camion,voiture,1,1,1,1,1
202300029296,2023-01-21 15:00:00,2023,1,21,15,0,69,69388,Route de Vienne,45.73404,4.85335,Plein jour,En agglomération,Intersection en T,Normale,Autre collision,4,1,1,0,1,1,1,0,1,30,1,2,1,0,0,1,22.0,,utilitaire_camion,,1,2,3,1,6