accident_id,datetime,annee,mois,jour,heure,minute,departement,commune_insee,adresse,latitude,longitude,luminosite,agglomeration,intersection,meteo,collision,catr,circ,nbv,vosp,prof,plan,surf,infra,situ,vma,nb_vehicules,nb_usagers,nb_indemnes,nb_tues,nb_blesses_hosp,nb_blesses_legers,age_cond_1,age_cond_2,veh_type_cond_1,veh_type_cond_2,lum_code,agg_code,int_code,atm_code,col_code
202300029448,2023-01-21 16:20:00,2023,1,21,16,20,56,56169,Lieu Dit Maneguen,47.706177,-3.2194465,Plein jour,Hors agglomération,Giratoire,Temps éblouissant,Deux véhicules - côté,3,2,2,0,1,1,1,5,1,50,2,2,1,0,1,0,52.0,80.0,voiture,deux_roues,1,1,6,7,3
202300029448,2023-01-21 16:20:00,2023,1,21,16,20,56,56169,Lieu Dit Maneguen,47.706177,-3.2194465,Plein jour,Hors agglomération,Giratoire,Temps éblouissant,Deux véhicules - côté,3,2,2,-1,1,1,1,5,1,50,2,2,1,0,1,0,52.0,80.0,voiture,deux_roues,1,1,6,7,3
202300029449,2023-01-19 20:50:00,2023,1,19,20,50,56,56078,,47.80877,-3.46003,Nuit sans éclairage public,Hors agglomération,Autre intersection,Normale,Autre collision,2,3,4,0,2,1,1,3,1,110,1,2,1,0,1,0,59.0,,voiture,,3,1,9,1,6
202300029450,2023-07-14 11:25:00,2023,7,14,11,25,60,60382,,49.42041457,2.80919015,Plein jour,En agglomération,Giratoire,Normale,Deux véhicules - côté,4,2,2,0,1,1,1,0,1,30,2,2,1,0,0,1,33.0,26.0,deux_roues,voiture,1,2,6,1,3
202300029450,2023-07-14 11:25:00,2023,7,14,11,25,60,60382,,49.42041457,2.80919015,Plein jour,En agglomération,Giratoire,Normale,Deux véhicules - côté,4,2,2,0,1,1,1,5,1,30,2,2,1,0,0,1,33.0,26.0,deux_roues,voiture,1,2,6,1,3
202300029451,2023-07-29 23:30:00,2023,7,29,23,30,56,56162,MOULIN DU TER (RUE DU ),47.73757,-3.40035,Nuit sans éclairage public,En agglomération,Hors intersection,Normale,Sans collision,3,2,2,0,1,3,1,0,3,50,1,4,2,0,0,2,20.0,,voiture,,3,2,1,1,7
202300029452,2023-07-29 14:45:00,2023,7,29,14,45,50,50129,SALINE (BOULEVARD DE LA),49.64871,-1.64397,Plein jour,En agglomération,Hors intersection,Normale,Deux véhicules - arrière,3,3,4,0,1,1,2,0,1,70,2,3,2,0,1,0,37.0,58.0,voiture,deux_roues,1,2,1,1,2
202300029453,2023-01-22 10:12:00,2023,1,22,10,12,24,24229,rd6089,45.140838,1.196126,Plein jour,Hors agglomération,Intersection en T,Normale,Deux véhicules - côté,3,-1,2,0,1,1,1,0,1,90,2,18,17,1,0,0,60.0,85.0,transport_commun,voiture,1,1,3,1,3
202300029453,2023-01-22 10:12:00,2023,1,22,10,12,24,24229,rd6089,45.140838,1.196126,Plein jour,Hors agglomération,Intersection en T,Normale,Deux véhicules - côté,3,-1, -1,-1,1,1,1,0,1,90,2,18,17,1,0,0,60.0,85.0,transport_commun,voiture,1,1,3,1,3
202300029454,2023-07-28 22:00:00,2023,7,28,22,0,50,50129,8 MAI (AVENUE DU),49.64929,-1.65413,Nuit avec éclairage allumé,En agglomération,Hors intersection,Normale,Autre collision,4,2,2,0,1,4,1,0,1,50,1,1,0,0,0,1,71.0,,voiture,,5,2,1,1,6
202300029455,2023-01-21 12:20:00,2023,1,21,12,20,80,80275,D58,50.03944,3.013242,Plein jour,Hors agglomération,Hors intersection,Temps éblouissant,Deux véhicules - frontale,3,2,2,0,2,1,1,0,1,80,2,3,0,0,3,0,24.0,38.0,voiture,voiture,1,1,1,7,1
202300029456,2023-07-31 17:50:00,2023,7,31,17,50,45,45302,Rue du Champ Rouge,47.95595201,1.84663653,Plein jour,En agglomération,Giratoire,Pluie légère,Trois véhicules et plus - collisions multiples,4,3,2,2,1,1,2,0,1,50,3,3,1,0,0,2,55.0,50.0,deux_roues,deux_roues,1,2,6,2,5
202300029457,2023-01-21 20:50:00,2023,1,21,20,50,80,80575,D25,49.926803,1.734595,Nuit sans éclairage public,Hors agglomération,Hors intersection,Normale,Deux véhicules - frontale,3,2,2,0,1,1,1,0,1,80,2,6,4,0,0,2,61.0,47.0,voiture,voiture,3,1,1,1,1
202300029458,2023-01-20 07:50:00,2023,1,20,7,50,69,69165,Chemin des Bruyères,46.135397,4.641885,Crépuscule ou aube,En agglomération,Intersection en X,Brouillard / fumée,Deux véhicules - côté,3,2,2,0,1,1,1,0,1,50,2,2,0,0,0,2,22.0,62.0,voiture,voiture,2,2,2,5,3
202300029458,2023-01-20 07:50:00,2023,1,20,7,50,69,69165,Chemin des Bruyères,46.135397,4.641885,Crépuscule ou aube,En agglomération,Intersection en X,Brouillard / fumée,Deux véhicules - côté,3,2,2,0,1,1,1,0,1,50,2,2,0,0,0,2,22.0,62.0,voiture,voiture,2,2,2,5,3
202300029459,2023-07-31 16:30:00,2023,7,31,16,30,35,35238,LIBERTE (BD DE LA),48.1074,-1.67458,Plein jour,En agglomération,Intersection en T,Pluie forte,Deux véhicules - côté,4,2,2,3,1,1,2,0,1,50,2,3,2,0,0,1,62.0,26.0,voiture,deux_roues,1,2,3,3,3
202300029459,2023-07-31 16:30:00,2023,7,31,16,30,35,35238,LIBERTE (BD DE LA),48.1074,-1.67458,Plein jour,En agglomération,Intersection en T,Pluie forte,Deux véhicules - côté,4,2,2,0,2,1,2,0,1,50,2,3,2,0,0,1,62.0,26.0,voiture,deux_roues,1,2,3,3,3
202300029460,2023-01-22 19:30:00,2023,1,22,19,30,32,32286,Le Baleyron,43.803957,0.642185,Nuit sans éclairage public,Hors agglomération,Hors intersection,Temps couvert,Autre collision,2,2,2,0,1,3,1,0,3,80,1,2,0,0,1,1,23.0,,voiture,,3,1,1,8,6
202300029461,2023-07-24 11:30:00,2023,7,24,11,30,33,33249,Rue des Amoureux,44.8735,-0.52876,Plein jour,En agglomération,Giratoire,Normale,Autre collision,4,3,2,0,1,3,1,5,4,30,1,1,0,1,0,0,78.0,,voiture,,1,2,6,1,6
202300029461,2023-07-24 11:30:00,2023,7,24,11,30,33,33249,Rue des Amoureux,44.8735,-0.52876,Plein jour,En agglomération,Giratoire,Normale,Autre collision,4,2,2,0,1,1,1,0,8,50,1,1,0,1,0,0,78.0,,voiture,,1,2,6,1,6
202300029462,2023-01-20 17:53:00,2023,1,20,17,53,32,32462,Route de Mouchan RD 35 PK 16+700,43.769649,0.302237,Crépuscule ou aube,En agglomération,Hors intersection,Normale,Sans collision,3,2,2,0,1,3,9,2,1,50,1,1,0,0,1,0,20.0,,deux_roues,,2,2,1,1,7
202300029463,2023-01-21 05:00:00,2023,1,21,5,0,32,32334,N124 PK 2,43.586018,1.176353,Nuit sans éclairage public,Hors agglomération,Hors intersection,Neige / grêle,Autre collision,2,3,4,0,1,1,2,0,1,110,1,1,0,0,1,0,31.0,,voiture,,3,1,1,4,6
202300029464,2023-07-31 22:40:00,2023,7,31,22,40,30,30007,Quai de Grabieux,44.13971,4.08753,Nuit avec éclairage non allumé,En agglomération,Giratoire,Normale,Deux véhicules - côté,4,2,2,0,1,1,1,5,1,50,2,4,3,0,0,1,17.0,61.0,voiture,voiture,4,2,6,1,3
202300029464,2023-07-31 22:40:00,2023,7,31,22,40,30,30007,Quai de Grabieux,44.13971,4.08753,Nuit avec éclairage non allumé,En agglomération,Giratoire,Normale,Deux véhicules - côté,4,2,2,0,1,2,1,0,1,50,2,4,3,0,0,1,17.0,61.0,voiture,voiture,4,2,6,1,3
202300029465,2023-01-19 11:45:00,2023,1,19,11,45,71,71263,16 Rue du Guidon,46.633614,5.216966,Plein jour,En agglomération,Hors intersection,Normale,Deux véhicules - frontale,3,2,2,0,1,1,1,0,1,50,2,2,1,1,0,0,30.0,69.0,utilitaire_camion,voiture,1,2,1,1,1
202300029466,2023-07-28 06:40:00,2023,7,28,6,40,29,29232,Boulevard de Poulguinan,47.98145316,-4.12027374,Crépuscule ou aube,En agglomération,Hors intersection,Normale,Autre collision,3,1,0,0,2,2,2,1,1,70,1,1,0,0,0,1,35.0,,voiture,,2,2,1,1,6
202300029467,2023-01-22 18:35:00,2023,1,22,18,35,61,61302,D242,48.848111,0.1269,Crépuscule ou aube,Hors agglomération,Hors intersection,Normale,Autre collision,3,2,2,0,2,2,1,0,3,80,1,2,1,1,0,0,57.0,,utilitaire_camion,,2,1,1,1,6
202300029468,2023-07-31 09:20:00,2023,7,31,9,20,29,29232,Boulevard President Allende,48.003351,-4.083584,Plein jour,En agglomération,Autre intersection,Pluie forte,Sans collision,4,3,4,0,1,1,2,0,1,50,1,1,0,0,0,1,23.0,,deux_roues,,1,2,9,3,7
202300029469,2023-04-17 06:40:00,2023,4,17,6,40,86,86131,N147,46.429229,0.615017,Crépuscule ou aube,Hors agglomération,Hors intersection,Normale,Trois véhicules et plus - collisions multiples,2,2,2,0,1,1,1,0,1,80,3,3,1,0,1,1,38.0,45.0,utilitaire_camion,voiture,2,1,1,1,5
202300029470,2023-01-22 00:00:00,2023,1,22,0,0,55,55489,D115,49.145826,5.272751,Nuit sans éclairage public,Hors agglomération,Intersection en Y,Normale,Autre collision,3,2,2,0,1,3,1,0,1,90,1,3,0,0,2,1,34.0,,voiture,,3,1,4,1,6
202300029470,2023-01-22 00:00:00,2023,1,22,0,0,55,55489,D115,49.145826,5.272751,Nuit sans éclairage public,Hors agglomération,Intersection en Y,Normale,Autre collision,3,2, -1,-1,1,1,1,0,1,-1,1,3,0,0,2,1,34.0,,voiture,,3,1,4,1,6
202300029471,2023-07-30 08:20:00,2023,7,30,8,20,29,29019,rue Léopold Segar-Senghor,48.42100107,-4.50846612,Plein jour,En agglomération,Hors intersection,Pluie légère,Autre collision,4,3,2,0,1,3,2,0,1,50,1,1,0,0,0,1,22.0,,voiture,,1,2,1,2,6
202300029472,2023-01-23 15:00:00,2023,1,23,15,0,49,49003,D156,47.240142,-0.367012,Plein jour,Hors agglomération,Hors intersection,Normale,Sans collision,3,2,2,0,1,2,1,0,1,80,1,1,0,1,0,0,59.0,,deux_roues,,1,1,1,1,7
202300029473,2023-07-31 09:45:00,2023,7,31,9,45,28,28404,LIBERTE (AVENUE DE LA),48.73134,1.32612,Plein jour,En agglomération,Hors intersection,Pluie légère,Sans collision,4,2,2,0,1,1,2,0,1,50,1,1,0,0,0,1,24.0,,deux_roues,,1,2,1,2,7
202300029474,2023-01-21 18:50:00,2023,1,21,18,50,12,12215,D840,44.460748,2.420737,Nuit sans éclairage public,Hors agglomération,Hors intersection,Normale,Deux véhicules - côté,3,2,2,0,1,1,2,0,1,90,2,3,2,0,0,1,74.0,59.0,voiture,utilitaire_camion,3,1,1,1,3
202300029475,2023-04-17 01:30:00,2023,4,17,1,30,43,43040,Avenue du Velay,45.280013,3.392286,Nuit avec éclairage allumé,En agglomération,Hors intersection,Normale,Autre collision,3,2,2,0,1,1,1,0,3,50,1,2,0,0,2,0,17.0,,deux_roues,,5,2,1,1,6
202300029476,2023-07-31 20:25:00,2023,7,31,20,25,27,27681,QUEUE D'HAYE (RUE DE LA ),49.10312,1.51028,Crépuscule ou aube,Hors agglomération,Hors intersection,Pluie forte,Autre collision,4,2,2,0,2,4,2,0,1,70,1,1,0,0,0,1,22.0,,voiture,,2,1,1,3,6
202300029477,2023-01-21 14:40:00,2023,1,21,14,40,42,42026,Route des Chambons,46.13505255,4.09911751,Plein jour,Hors agglomération,Hors intersection,Normale,Deux véhicules - frontale,4,2,2,0,1,1,1,0,5,80,2,3,0,0,3,0,24.0,21.0,voiture,voiture,1,1,1,1,1
202300029478,2023-07-31 05:10:00,2023,7,31,5,10,25,25462,ROCADE G.POMPIDOU (DU 25 A LA FIN),46.89999,6.336,Nuit avec éclairage allumé,Hors agglomération,Hors intersection,Normale,Autre collision,2,2,2,1,4,1,1,5,1,80,1,2,1,0,1,0,28.0,,voiture,,5,1,1,1,6
202300029479,2023-04-17 02:05:00,2023,4,17,2,5,05,05161,Route de Briançon,44.943296,6.566568,Nuit avec éclairage allumé,En agglomération,Hors intersection,Normale,Autre collision,3,2,2,0,1,2,1,0,1,50,1,1,0,0,1,0,44.0,,voiture,,5,2,1,1,6
202300029480,2023-01-20 07:30:00,2023,1,20,7,30,42,42092,Rue du 11 Novembre,45.484737,4.379221,Nuit avec éclairage allumé,En agglomération,Hors intersection,Neige / grêle,Autre collision,7,2,2,0,1,1,5,0,1,30,1,2,1,0,1,0,30.0,,voiture,,5,2,1,4,6
202300029481,2023-07-30 23:10:00,2023,7,30,23,10,22,22278,LAENNEC (BD),48.509,-2.772,Nuit avec éclairage allumé,En agglomération,Hors intersection,Normale,Autre collision,4,2,2,0,1,1,1,0,1,50,1,1,0,0,1,0,37.0,,deux_roues,,5,2,1,1,6
202300029482,2023-07-31 12:52:00,2023,7,31,12,52,22,22278,ABERYSWITH (ROND POINT),48.49774,-2.7533,Plein jour,En agglomération,Giratoire,Normale,Deux véhicules - côté,4,1,1,0,1,2,1,0,1,50,2,2,1,0,0,1,19.0,,deux_roues,voiture,1,2,6,1,3
202300029482,2023-07-31 12:52:00,2023,7,31,12,52,22,22278,ABERYSWITH (ROND POINT),48.49774,-2.7533,Plein jour,En agglomération,Giratoire,Normale,Deux véhicules - côté,4,2,2,0,1,1,1,0,1,50,2,2,1,0,0,1,19.0,,deux_roues,voiture,1,2,6,1,3
202300029483,2023-01-05 18:00:00,2023,1,5,18,0,47,47052,Avenue de Marmande,44.319513,0.09418,Nuit sans éclairage public,En agglomération,Intersection en T,Normale,Deux véhicules - frontale,3,2,2,0,1,1,1,5,1,50,2,2,1,0,0,1,46.0,48.0,voiture,deux_roues,3,2,3,1,1
202300029483,2023-01-05 18:00:00,2023,1,5,18,0,47,47052,Avenue de Marmande,44.319513,0.09418,Nuit sans éclairage public,En agglomération,Intersection en T,Normale,Deux véhicules - frontale,3,2,2,-1,2,1,1,5,1,-1,2,2,1,0,0,1,46.0,48.0,voiture,deux_roues,3,2,3,1,1
202300029484,2023-04-17 19:00:00,2023,4,17,19,0,974,97404,RN  1A/ D17,-21.26521,55.336558,Nuit avec éclairage allumé,En agglomération,Giratoire,Normale,Deux véhicules - côté,2,-1,2,0,1,3,1,9,1,50,2,3,0,0,1,2,43.0,26.0,voiture,voiture,5,2,6,1,3
202300029485,2023-07-17 16:13:00,2023,7,17,16,13,15,15012,D6 ,44.8904,2.47436,Plein jour,Hors agglomération,Intersection en T,Normale,Deux véhicules - côté,4,2,1,0,2,1,1,0,1,50,2,2,1,0,0,1,42.0,17.0,voiture,deux_roues,1,1,3,1,3
202300029485,2023-07-17 16:13:00,2023,7,17,16,13,15,15012,D6 ,44.8904,2.47436,Plein jour,Hors agglomération,Intersection en T,Normale,Deux véhicules - côté,4,2,2,0,2,3,1,0,1,90,2,2,1,0,0,1,42.0,17.0,voiture,deux_roues,1,1,3,1,3
202300029486,2023-01-21 23:00:00,2023,1,21,23,0,86,86086,D725,46.814814,0.704557,Nuit sans éclairage public,Hors agglomération,Hors intersection,Temps couvert,Autre collision,3,2,2,0,4,2,1,0,3,80,1,5,0,1,3,1,21.0,,voiture,,3,1,1,8,6
202300029487,2023-07-28 20:15:00,2023,7,28,20,15,30,30032,Allée du Casino,43.81075,4.6472,Plein jour,En agglomération,Hors intersection,Normale,Autre collision,4,2,2,0,1,1,1,0,1,30,1,2,1,0,1,0,75.0,,deux_roues,,1,2,1,1,6
202300029488,2023-01-20 18:07:00,2023,1,20,18,7,68,68135,Rue de Buschwiller,47.569293,7.511341,Crépuscule ou aube,En agglomération,Intersection en T,Normale,Sans collision,3,2,2,0,1,1,1,0,1,-1,2,2,1,0,0,1,17.0,54.0,deux_roues,voiture,2,2,3,1,7
202300029488,2023-01-20 18:07:00,2023,1,20,18,7,68,68135,Rue de Buschwiller,47.569293,7.511341,Crépuscule ou aube,En agglomération,Intersection en T,Normale,Sans collision,3,2,2,0,1,1,1,0,1,50,2,2,1,0,0,1,17.0,54.0,deux_roues,voiture,2,2,3,1,7
202300029489,2023-07-28 23:00:00,2023,7,28,23,0,13,13056,SAINT-PIERRE,43.37809,5.0646,Nuit sans éclairage public,Hors agglomération,Hors intersection,Normale,Deux véhicules - frontale,3,2,2,0,1,1,1,0,1,90,2,3,1,0,1,1,31.0,41.0,voiture,voiture,3,1,1,1,1
202300029490,2023-01-20 15:45:00,2023,1,20,15,45,22,22158,RN164,48.20312,-2.96585,Plein jour,Hors agglomération,Intersection en X,Normale,Deux véhicules - côté,2,2,2,0,1,1,1,5,1,70,2,2,1,0,0,1,41.0,50.0,voiture,utilitaire_camion,1,1,2,1,3
202300029490,2023-01-20 15:45:00,2023,1,20,15,45,22,22158,RN164,48.20312,-2.96585,Plein jour,Hors agglomération,Intersection en X,Normale,Deux véhicules - côté,2,2,2,0,1,1,1,5,1,80,2,2,1,0,0,1,41.0,50.0,voiture,utilitaire_camion,1,1,2,1,3
202300029491,2023-07-29 18:00:00,2023,7,29,18,0,13,13026,COTTE EMILE (avenue),43.39528,5.12162,Plein jour,En agglomération,Hors intersection,Normale,Deux véhicules - frontale,4,2,2,0,1,1,1,0,1,50,2,2,0,0,1,1,55.0,64.0,deux_roues,voiture,1,2,1,1,1
202300029492,2023-04-15 19:00:00,2023,4,15,19,0,972,97220,Quartier Lourdes,14.49481,-60.894041,Crépuscule ou aube,Hors agglomération,Hors intersection,Normale,Deux véhicules - frontale,2,2,2,0,1,3,1,0,1,50,2,4,2,2,0,0,65.0,26.0,voiture,deux_roues,2,1,1,1,1
202300029493,2023-01-22 05:30:00,2023,1,22,5,30,25,25549,Chemin du Troné,46.943846,6.234248,Nuit sans éclairage public,Hors agglomération,Hors intersection,Neige / grêle,Autre collision,4,2,2,0,1,2,5,0,3,80,1,2,1,0,1,0,25.0,,voiture,,3,1,1,4,6
202300029494,2023-07-31 18:20:00,2023,7,31,18,20,06,06069,POMPIDOU (AVENUE GEORGES) -RD 6085,43.64544,6.93981,Plein jour,En agglomération,Hors intersection,Normale,Deux véhicules - côté,4,2,2,0,2,1,1,0,1,50,2,2,1,0,0,1,28.0,58.0,voiture,deux_roues,1,2,1,1,3
202300029495,2023-01-16 12:25:00,2023,1,16,12,25,38,38351,D522,45.538046,5.228773,Plein jour,Hors agglomération,Hors intersection,Normale,Trois véhicules et plus - collisions multiples,3,2,2,0,2,3,1,0,1,80,3,4,3,0,0,1,60.0,29.0,voiture,voiture,1,1,1,1,5
202300029496,2023-07-31 07:25:00,2023,7,31,7,25,06,06027,POMPIDOU AVENUE GEORGES,43.662936,7.153774,Plein jour,En agglomération,Hors intersection,Normale,Autre collision,4,1,2,0,2,1,1,0,1,50,1,2,1,0,0,1,59.0,,voiture,,1,2,1,1,6
202300029497,2023-01-23 06:36:00,2023,1,23,6,36,85,85084,A83 PK45.650,46.7938,-1.19932,Nuit avec éclairage allumé,Hors agglomération,Autre intersection,Autre,Trois véhicules et plus - collisions multiples,1,3,5,0,1,1,7,3,1,130,3,3,1,0,1,1,46.0,51.0,utilitaire_camion,voiture,5,1,9,9,5
202300029498,2023-07-30 18:50:00,2023,7,30,18,50,06,06004,LITTORAL(BDM APRES BIJOU PLAGE RN98,43.57071,7.09239,Plein jour,En agglomération,Hors intersection,Normale,Deux véhicules - côté,4,2,2,0,1,1,1,0,1,50,2,3,2,0,1,0,33.0,53.0,voiture,deux_roues,1,2,1,1,3
202300029499,2023-04-16 07:40:00,2023,4,16,7,40,22,22339,RN 176 PR 011+400 sens St Malo vers St Brieuc,48.470773,-2.05557,Crépuscule ou aube,Hors agglomération,Hors intersection,Normale,Autre collision,2,3,2,0,1,1,1,0,3,110,1,4,3,0,0,1,21.0,,voiture,,2,1,1,1,6
202300029500,2023-01-21 16:20:00,2023,1,21,16,20,58,58121,D47,47.042573,3.122832,Plein jour,Hors agglomération,Hors intersection,Normale,Deux véhicules - frontale,3,2,2,0,1,1,1,0,1,80,2,3,1,0,0,2,75.0,49.0,voiture,voiture,1,1,1,1,1
202300029501,2023-07-30 11:40:00,2023,7,30,11,40,75,75114,BD PERIPHERIQUE EXTERIEUR,48.820274,2.324397,Plein jour,En agglomération,Hors intersection,Normale,Trois véhicules et plus - en chaîne,4,1,3,0,1,1,1,0,1,70,3,3,2,0,0,1,47.0,47.0,voiture,voiture,1,2,1,1,4
202300029502,2023-01-22 19:15:00,2023,1,22,19,15,14,14431,879 Route de le Mesnil Mauger,49.08611169,0.01701763,Nuit sans éclairage public,Hors agglomération,Hors intersection,Normale,Autre collision,3,2,2,0,1,1,1,0,3,80,1,1,0,0,1,0,76.0,,voiture,,3,1,1,1,6
202300029503,2023-01-23 15:30:00,2023,1,23,15,30,50,50087,,49.560393,-1.611235,Plein jour,Hors agglomération,Hors intersection,Normale,Deux véhicules - frontale,3,2,2,0,1,2,1,0,1,80,2,2,0,0,1,1,31.0,36.0,voiture,voiture,1,1,1,1,1
202300029504,2023-04-12 17:10:00,2023,4,12,17,10,84,84149,Route de Vaison-la-romaine,44.164705,4.954094,Plein jour,Hors agglomération,Hors intersection,Normale,Trois véhicules et plus - collisions multiples,3,2,2,0,1,3,1,0,1,90,3,3,0,0,1,2,54.0,73.0,voiture,voiture,1,1,1,1,5
202300029505,2023-07-31 15:00:00,2023,7,31,15,0,75,75114,AVENUE DU GENERAL LECLERC,48.826913,2.326509,Plein jour,En agglomération,Intersection en T,Pluie légère,Autre collision,4,2,2,0,1,1,2,0,1,30,1,2,1,0,0,1,34.0,,deux_roues,,1,2,3,2,6
202300029505,2023-07-31 15:00:00,2023,7,31,15,0,75,75114,AVENUE DU GENERAL LECLERC,48.826913,2.326509,Plein jour,En agglomération,Intersection en T,Pluie légère,Autre collision,4,-1, -1,0,1,1,2,0,1,30,1,2,1,0,0,1,34.0,,deux_roues,,1,2,3,2,6
202300029506,2023-01-22 16:30:00,2023,1,22,16,30,83,83028,RD562,43.574204,6.564744,Crépuscule ou aube,Hors agglomération,Hors intersection,Normale,Deux véhicules - arrière,3,2,2,0,1,1,1,0,1,80,2,2,1,0,1,0,84.0,25.0,voiture,deux_roues,2,1,1,1,2
202300029507,2023-01-16 17:30:00,2023,1,16,17,30,18,18175,,46.925473,2.778547,Plein jour,Hors agglomération,Hors intersection,Normale,Autre collision,3,2,2,0,1,2,1,0,1,80,1,2,1,0,1,0,24.0,,voiture,,1,1,1,1,6
202300029508,2023-07-31 13:15:00,2023,7,31,13,15,75,75113,QUAI PANHARD ET LEVASSOR,48.832242,2.379782,Plein jour,En agglomération,Intersection en X,Pluie légère,Deux véhicules - arrière,4,-1, -1,0,1,1,2,0,1,30,2,4,3,0,0,1,67.0,28.0,voiture,voiture,1,2,2,2,2
202300029508,2023-07-31 13:15:00,2023,7,31,13,15,75,75113,QUAI PANHARD ET LEVASSOR,48.832242,2.379782,Plein jour,En agglomération,Intersection en X,Pluie légère,Deux véhicules - arrière,4,2,3,3,1,1,2,0,1,30,2,4,3,0,0,1,67.0,28.0,voiture,voiture,1,2,2,2,2
202300029509,2023-01-19 06:00:00,2023,1,19,6,0,10,10220,,48.500761,3.795948,Nuit sans éclairage public,Hors agglomération,Hors intersection,Normale,Deux véhicules - frontale,3,2,2,0,1,1,1,0,1,90,2,2,0,0,1,1,42.0,57.0,utilitaire_camion,voiture,3,1,1,1,1
202300029510,2023-04-16 18:25:00,2023,4,16,18,25,59,59463,Rue Voie Romaine Cd 52,50.93259527,2.36963511,Plein jour,Hors agglomération,Autre intersection,Normale,Deux véhicules - côté,3,2,2,0,1,1,1,0,1,50,2,2,1,0,1,0,22.0,20.0,voiture,deux_roues,1,1,9,1,3
202300029511,2023-07-31 11:45:00,2023,7,31,11,45,75,75113,AVENUE DE LA PORTE D IVRY,48.819777,2.372808,Plein jour,En agglomération,Hors intersection,Pluie légère,Deux véhicules - côté,4,1,6,1,1,1,2,0,5,30,2,3,2,0,0,1,30.0,57.0,deux_roues,voiture,1,2,1,2,3
202300029512,2023-01-21 11:30:00,2023,1,21,11,30,07,07166,route de saint félicien,45.030457,4.545856,Plein jour,Hors agglomération,Intersection en Y,Neige / grêle,Sans collision,4,2,1,0,1,1,5,0,8,90,1,2,1,0,1,0,60.0,,utilitaire_camion,,1,1,4,4,7
202300029512,2023-01-21 11:30:00,2023,1,21,11,30,07,07166,route de saint félicien,45.030457,4.545856,Plein jour,Hors agglomération,Intersection en Y,Neige / grêle,Sans collision,4,2, -1,-1,1,1,5,0,8,-1,1,2,1,0,1,0,60.0,,utilitaire_camion,,1,1,4,4,7
202300029513,2023-07-31 12:10:00,2023,7,31,12,10,75,75109,RUE DU FAUBOURG MONTMARTRE,48.873763,2.342648,Plein jour,En agglomération,Hors intersection,Pluie légère,Autre collision,4,1,2,3,1,2,2,0,4,30,1,2,1,0,0,1,43.0,,transport_commun,,1,2,1,2,6
202300029514,2023-04-14 18:15:00,2023,4,14,18,15,34,34123,N109,43.615738,3.798153,Plein jour,Hors agglomération,Hors intersection,Pluie légère,Autre collision,2,3,2,0,1,3,2,0,1,90,2,2,1,0,0,1,36.0,64.0,voiture,transport_commun,1,1,1,2,6
202300029515,2023-07-31 06:23:00,2023,7,31,6,23,75,75114,AVENUE DU MAINE,48.837551,2.322936,Plein jour,En agglomération,Intersection en X,Normale,Deux véhicules - côté,4,2,4,1,1,1,1,0,1,30,2,2,1,0,1,0,41.0,34.0,voiture,deux_roues,1,2,2,1,3
202300029515,2023-07-31 06:23:00,2023,7,31,6,23,75,75114,AVENUE DU MAINE,48.837551,2.322936,Plein jour,En agglomération,Intersection en X,Normale,Deux véhicules - côté,4,1,1,1,1,1,1,0,1,30,2,2,1,0,1,0,41.0,34.0,voiture,deux_roues,1,2,2,1,3
202300029516,2023-01-13 22:30:00,2023,1,13,22,30,24,24064,27 Avenue André Maurois,45.364584,0.652737,Nuit avec éclairage allumé,En agglomération,Hors intersection,Normale,Deux véhicules - côté,3,2,2,0,1,1,1,0,1,50,2,2,1,0,0,1,51.0,34.0,deux_roues,voiture,5,2,1,1,3
202300029517,2023-07-31 17:00:00,2023,7,31,17,0,94,94015,Quai Victor Berrière,48.842553,2.51263,Plein jour,En agglomération,Hors intersection,Pluie légère,Deux véhicules - frontale,4,1,1,1,1,4,2,0,5,30,2,2,1,0,0,1,53.0,54.0,deux_roues,deux_roues,1,2,1,2,1
202300029518,2023-01-23 14:30:00,2023,1,23,14,30,24,24224,RD32,44.880551,0.599838,Plein jour,Hors agglomération,Intersection en X,Normale,Deux véhicules - côté,3,2,2,0,1,1,1,0,1,80,2,2,0,0,1,1,61.0,54.0,utilitaire_camion,voiture,1,1,2,1,3
202300029518,2023-01-23 14:30:00,2023,1,23,14,30,24,24224,RD32,44.880551,0.599838,Plein jour,Hors agglomération,Intersection en X,Normale,Deux véhicules - côté,3,2,2,0,1,1,1,0,1,80,2,2,0,0,1,1,61.0,54.0,utilitaire_camion,voiture,1,1,2,1,3
202300029519,2023-04-16 23:10:00,2023,4,16,23,10,30,30295,,44.071122,4.446716,Nuit sans éclairage public,Hors agglomération,Hors intersection,Normale,Autre collision,3,2,2,0,2,3,1,0,3,80,1,1,0,0,1,0,19.0,,voiture,,3,1,1,1,6
202300029520,2023-07-31 17:45:00,2023,7,31,17,45,94,94046,Rue Ernest Renan,48.81422452,2.4291088,Plein jour,En agglomération,Hors intersection,Pluie légère,Deux véhicules - côté,4,1,1,2,1,1,2,0,1,50,2,3,2,0,0,1,70.0,31.0,voiture,deux_roues,1,2,1,2,3
202300029521,2023-01-21 08:39:00,2023,1,21,8,39,27,27426,D14b,49.281975,1.742609,Crépuscule ou aube,Hors agglomération,Hors intersection,Temps éblouissant,Deux véhicules - frontale,3,2,2,0,1,1,1,0,1,70,2,2,0,0,0,2,25.0,36.0,voiture,voiture,2,1,1,7,1