accident_id,datetime,annee,mois,jour,heure,minute,departement,commune_insee,adresse,latitude,longitude,luminosite,agglomeration,intersection,meteo,collision,catr,circ,nbv,vosp,prof,plan,surf,infra,situ,vma,nb_vehicules,nb_usagers,nb_indemnes,nb_tues,nb_blesses_hosp,nb_blesses_legers,age_cond_1,age_cond_2,veh_type_cond_1,veh_type_cond_2,lum_code,agg_code,int_code,atm_code,col_code
202300029741,2023-04-14 19:05:00,2023,4,14,19,5,72,72181,JACOBINS (PL DES),48.00772,0.19877,Plein jour,En agglomération,Hors intersection,Normale,Deux véhicules - côté,4,-1,2,0,1,2,1,0,1,30,2,2,1,0,0,1,,18.0,utilitaire_camion,deux_roues,1,2,1,1,3
202300029742,2023-04-05 07:05:00,2023,4,5,7,5,11,11262,50 Avenue du General Leclerc,43.1779,2.9949,Plein jour,En agglomération,Hors intersection,Normale,Autre collision,4,2,2,0,1,1,1,0,8,50,1,2,1,0,1,0,69.0,,voiture,,1,2,1,1,6
202300029743,2023-04-14 13:25:00,2023,4,14,13,25,72,72181,TOURS (RTE) LIGNE DROITE DES HUNAUDIERES,47.96282,0.22217,Plein jour,Hors agglomération,Hors intersection,Pluie légère,Deux véhicules - frontale,3,-1,2,0,1,1,2,0,1,50,2,2,1,0,0,1,51.0,35.0,voiture,deux_roues,1,1,1,2,1
202300029744,2023-04-15 11:20:00,2023,4,15,11,20,71,71486,WALDECK ROCHET (AVENUE),46.66035233,4.37197655,Plein jour,En agglomération,Hors intersection,Pluie légère,Autre collision,4,2,2,0,1,1,2,0,1,50,1,1,0,0,0,1,70.0,,voiture,,1,2,1,2,6
202300029745,2023-05-24 11:00:00,2023,5,24,11,0,07,07281,MALET (RUE FERNINAND),44.94059,4.8377,Plein jour,En agglomération,Intersection en X,Normale,Autre collision,3,4,2,0,2,1,1,0,1,50,2,2,1,0,0,1,84.0,52.0,deux_roues,utilitaire_camion,1,2,2,1,6
202300029745,2023-05-24 11:00:00,2023,5,24,11,0,07,07281,MALET (RUE FERNINAND),44.94059,4.8377,Plein jour,En agglomération,Intersection en X,Normale,Autre collision,3,4,2,0,2,1,1,0,1,50,2,2,1,0,0,1,84.0,52.0,deux_roues,utilitaire_camion,1,2,2,1,6
202300029746,2023-04-15 03:50:00,2023,4,15,3,50,69,69264,Boulevard Burdeau,45.99712,4.73038,Nuit avec éclairage allumé,En agglomération,Giratoire,Pluie légère,Autre collision,3,1,2,2,1,2,2,0,3,50,1,1,0,0,1,0,32.0,,voiture,,5,2,6,2,6
202300029746,2023-04-15 03:50:00,2023,4,15,3,50,69,69264,Boulevard Burdeau,45.99712,4.73038,Nuit avec éclairage allumé,En agglomération,Giratoire,Pluie légère,Autre collision,3,2,4,2,1,1,2,9,3,50,1,1,0,0,1,0,32.0,,voiture,,5,2,6,2,6
202300029747,2023-05-24 18:15:00,2023,5,24,18,15,06,06069,SAINT JOSEPH (CHEMIN ET PLACE),43.65236,6.95155,Plein jour,Hors agglomération,Intersection en T,Normale,Deux véhicules - côté,3,2,2,0,1,2,1,0,1,50,2,2,1,0,0,1,37.0,21.0,voiture,deux_roues,1,1,3,1,3
202300029747,2023-05-24 18:15:00,2023,5,24,18,15,06,06069,SAINT JOSEPH (CHEMIN ET PLACE),43.65236,6.95155,Plein jour,Hors agglomération,Intersection en T,Normale,Deux véhicules - côté,3,2,2,0,2,1,1,0,1,50,2,2,1,0,0,1,37.0,21.0,voiture,deux_roues,1,1,3,1,3
202300029748,2023-04-15 15:20:00,2023,4,15,15,20,69,69264,747 Route de Frans,45.98499,4.73086,Plein jour,En agglomération,Hors intersection,Normale,Autre collision,4,1,1,1,1,1,1,0,5,25,1,2,1,0,0,1,18.0,,deux_roues,,1,2,1,1,6
202300029749,2023-03-05 15:00:00,2023,3,5,15,0,51,51250,N31,49.310078,3.687083,Plein jour,En agglomération,Intersection en T,Temps couvert,Trois véhicules et plus - en chaîne,2,2,2,0,1,1,2,0,1,50,4,4,2,0,0,2,40.0,46.0,utilitaire_camion,deux_roues,1,2,3,8,4
202300029749,2023-03-05 15:00:00,2023,3,5,15,0,51,51250,N31,49.310078,3.687083,Plein jour,En agglomération,Intersection en T,Temps couvert,Trois véhicules et plus - en chaîne,2,2,2,-1,1,1,-1,0,1,-1,4,4,2,0,0,2,40.0,46.0,utilitaire_camion,deux_roues,1,2,3,8,4
202300029750,2023-05-24 19:10:00,2023,5,24,19,10,75,75120,PORTE DE BAGNOLET,48.869643,2.413267,Plein jour,En agglomération,Hors intersection,Normale,Deux véhicules - arrière,4,1,4,0,1,1,1,0,1,70,2,2,1,0,0,1,21.0,,deux_roues,voiture,1,2,1,1,2
202300029751,2023-04-15 23:53:00,2023,4,15,23,53,64,64102,AQUITAINE (AVENUE DE L'),43.48655,-1.4674,Nuit avec éclairage allumé,En agglomération,Hors intersection,Normale,Autre collision,3,2,2,0,3,3,1,2,1,50,1,2,0,0,0,2,22.0,,voiture,,5,2,1,1,6
202300029752,2023-03-05 16:23:00,2023,3,5,16,23,09,09130,route forrestière,42.938788,1.571056,Plein jour,Hors agglomération,Hors intersection,Normale,Sans collision,4,2,2,0,2,1,6,0,3,40,1,2,1,0,1,0,22.0,,deux_roues,,1,1,1,1,7
202300029753,2023-05-24 16:42:00,2023,5,24,16,42,75,75116,BOULEVARD PERIPHERIQUE,48.859496,2.262727,Plein jour,En agglomération,Hors intersection,Normale,Deux véhicules - côté,4,1,4,0,1,1,1,0,1,70,2,2,1,0,0,1,37.0,62.0,voiture,deux_roues,1,2,1,1,3
202300029754,2023-04-15 17:36:00,2023,4,15,17,36,62,62250,D39,50.44323315,2.91927946,Plein jour,Hors agglomération,Hors intersection,Normale,Deux véhicules - frontale,3,2,2,0,1,2,1,0,1,70,2,4,0,0,3,1,34.0,59.0,voiture,voiture,1,1,1,1,1
202300029755,2023-03-04 19:50:00,2023,3,4,19,50,44,44159,,47.1381,-1.402597,Crépuscule ou aube,Hors agglomération,Hors intersection,Normale,Deux véhicules - frontale,3,2,2,0,1,1,1,0,1,70,2,2,0,0,1,1,41.0,23.0,deux_roues,voiture,2,1,1,1,1
202300029756,2023-05-23 10:20:00,2023,5,23,10,20,75,75116,BD PERIPHERIQUE INTERIEUR,48.854539,2.254923,Plein jour,En agglomération,Hors intersection,Normale,Sans collision,4,1,4,0,1,1,1,0,1,70,1,1,0,0,0,1,34.0,,deux_roues,,1,2,1,1,7
202300029757,2023-05-23 06:00:00,2023,5,23,6,0,75,75114,BD PERIPHERIQUE INTERIEUR,48.820099,2.325741,Crépuscule ou aube,En agglomération,Hors intersection,Normale,Sans collision,4,1,3,0,1,1,1,0,1,70,1,1,0,0,0,1,41.0,,deux_roues,,2,2,1,1,7
202300029758,2023-04-06 15:50:00,2023,4,6,15,50,62,62628,Rue de Courtaigne,50.42445,2.8838,Plein jour,En agglomération,Intersection en T,Normale,Deux véhicules - arrière,4,2,2,0,1,1,1,0,1,50,2,2,1,0,0,1,82.0,15.0,voiture,deux_roues,1,2,3,1,2
202300029758,2023-04-06 15:50:00,2023,4,6,15,50,62,62628,Rue de Courtaigne,50.42445,2.8838,Plein jour,En agglomération,Intersection en T,Normale,Deux véhicules - arrière,4,2,2,0,1,1,1,0,8,50,2,2,1,0,0,1,82.0,15.0,voiture,deux_roues,1,2,3,1,2
202300029759,2023-03-04 12:05:00,2023,3,4,12,5,13,13070,A50-Sens Aubagne vers Marseille,43.28559,5.514,Plein jour,Hors agglomération,Hors intersection,Normale,Deux véhicules - arrière,1,3,3,0,1,1,1,0,1,90,2,4,3,0,0,1,31.0,70.0,voiture,voiture,1,1,1,1,2
202300029760,2023-05-24 10:00:00,2023,5,24,10,0,75,75117,BD PERIPHERIQUE EXTERIEUR OUEST,48.884658,2.286128,Plein jour,En agglomération,Hors intersection,Normale,Deux véhicules - arrière,4,1,5,0,1,1,1,0,1,70,2,2,1,0,1,0,40.0,42.0,voiture,deux_roues,1,2,1,1,2
202300029761,2023-04-15 21:15:00,2023,4,15,21,15,59,59599,FOREST (CHAUSSEE FERNAND),50.73686,3.1543,Plein jour,En agglomération,Intersection en T,Normale,Deux véhicules - côté,7,1,4,1,1,1,1,0,1,50,2,3,2,0,1,0,30.0,53.0,voiture,voiture,1,2,3,1,3
202300029761,2023-04-15 21:15:00,2023,4,15,21,15,59,59599,FOREST (CHAUSSEE FERNAND),50.73686,3.1543,Plein jour,En agglomération,Intersection en T,Normale,Deux véhicules - côté,7,1,1,0,1,1,1,0,1,50,2,3,2,0,1,0,30.0,53.0,voiture,voiture,1,2,3,1,3
202300029762,2023-03-04 10:55:00,2023,3,4,10,55,13,13211,A50-Sens Aubagne vers Marseille,43.28653,5.43258,Plein jour,Hors agglomération,Hors intersection,Normale,Deux véhicules - arrière,1,3,3,0,1,1,1,0,1,70,2,5,0,0,0,5,32.0,29.0,utilitaire_camion,voiture,1,1,1,1,2
202300029763,2023-05-24 19:45:00,2023,5,24,19,45,75,75108,AVENUE DE WAGRAM,48.876904,2.297299,Plein jour,En agglomération,Hors intersection,Normale,Autre collision,4,2,2,3,2,1,1,0,1,30,1,2,1,0,0,1,34.0,,deux_roues,,1,2,1,1,6
202300029764,2023-04-15 16:35:00,2023,4,15,16,35,54,54197,SAINT-EXUPERY (RUE ANTOINE DE),48.63851906,6.18810296,Plein jour,En agglomération,Hors intersection,Normale,Deux véhicules - arrière,4,1,1,0,1,1,1,0,1,50,2,4,3,0,0,1,62.0,74.0,voiture,voiture,1,2,1,1,2
202300029765,2023-03-04 08:30:00,2023,3,4,8,30,13,13026,A55-Sens Marseille vers Martigues,43.39821,5.121322,Plein jour,Hors agglomération,Hors intersection,Normale,Deux véhicules - arrière,1,1,2,0,1,1,1,0,1,110,2,2,0,0,0,2,55.0,27.0,voiture,voiture,1,1,1,1,2
202300029766,2023-05-24 20:10:00,2023,5,24,20,10,75,75115,AVENUE DE LA MOTTE PICQUET,48.849138,2.298131,Plein jour,En agglomération,Intersection en X,Normale,Autre collision,4,1,2,1,1,1,1,0,1,30,1,2,1,0,0,1,32.0,,deux_roues,,1,2,2,1,6
202300029766,2023-05-24 20:10:00,2023,5,24,20,10,75,75115,AVENUE DE LA MOTTE PICQUET,48.849138,2.298131,Plein jour,En agglomération,Intersection en X,Normale,Autre collision,4,-1, -1,1,1,1,1,0,1,30,1,2,1,0,0,1,32.0,,deux_roues,,1,2,2,1,6
202300029767,2023-02-19 01:35:00,2023,2,19,1,35,13,13210,S10CD-Sens Aubagne vers Marseille,43.28495394,5.40975531,Nuit sans éclairage public,Hors agglomération,Hors intersection,Normale,Deux véhicules - arrière,1,3,3,0,1,1,1,0,1,90,2,3,1,0,2,0,36.0,27.0,deux_roues,voiture,3,1,1,1,2
202300029768,2023-04-14 17:49:00,2023,4,14,17,49,54,54184,route de l'Amezule,48.712,6.242917,Plein jour,Hors agglomération,Hors intersection,Normale,Trois véhicules et plus - en chaîne,7,2,3,0,2,1,1,0,1,80,4,4,3,0,0,1,59.0,48.0,voiture,voiture,1,1,1,1,4
202300029769,2023-05-24 07:00:00,2023,5,24,7,0,75,75114,RUE DE GERGOVIE,48.834362,2.313625,Plein jour,En agglomération,Intersection en X,Normale,Deux véhicules - côté,4,-1, -1,0,1,1,1,0,1,30,2,2,1,0,0,1,62.0,62.0,voiture,deux_roues,1,2,2,1,3
202300029769,2023-05-24 07:00:00,2023,5,24,7,0,75,75114,RUE DE GERGOVIE,48.834362,2.313625,Plein jour,En agglomération,Intersection en X,Normale,Deux véhicules - côté,4,1,1,1,1,1,1,0,5,30,2,2,1,0,0,1,62.0,62.0,voiture,deux_roues,1,2,2,1,3
202300029770,2023-05-24 19:50:00,2023,5,24,19,50,75,75113,QUAI D AUSTERLITZ,48.843377,2.365961,Plein jour,En agglomération,Hors intersection,Normale,Autre collision,4,1,2,1,1,1,1,6,4,30,1,2,1,0,0,1,27.0,,deux_roues,,1,2,1,1,6
202300029771,2023-03-05 13:30:00,2023,3,5,13,30,69,69199,Route Départementale 383,45.70172,4.84517,Plein jour,Hors agglomération,Hors intersection,Normale,Trois véhicules et plus - collisions multiples,7,3,8,0,1,1,1,0,1,70,3,7,1,0,0,6,43.0,28.0,voiture,voiture,1,1,1,1,5
202300029772,2023-04-14 18:00:00,2023,4,14,18,0,51,51454,avenue du Général Bonaparte,49.22995349,4.00711164,Plein jour,En agglomération,Intersection en X,Normale,Autre collision,4,1,1,3,1,1,1,0,1,50,2,2,1,0,0,1,32.0,12.0,voiture,deux_roues,1,2,2,1,6
202300029772,2023-04-14 18:00:00,2023,4,14,18,0,51,51454,avenue du Général Bonaparte,49.22995349,4.00711164,Plein jour,En agglomération,Intersection en X,Normale,Autre collision,4,2,2,-1,1,1,1,0,1,-1,2,2,1,0,0,1,32.0,12.0,voiture,deux_roues,1,2,2,1,6
202300029773,2023-03-04 13:10:00,2023,3,4,13,10,69,69266,Route Départementale 383 ,45.76036,4.90932,Plein jour,Hors agglomération,Hors intersection,Normale,Deux véhicules - côté,7,3,9,0,1,3,1,9,1,70,2,4,2,0,0,2,25.0,32.0,voiture,voiture,1,1,1,1,3
202300029774,2023-05-24 08:10:00,2023,5,24,8,10,75,75112,QUAI DE LA RAPEE,48.84644,2.366836,Plein jour,En agglomération,Intersection en X,Normale,Deux véhicules - côté,4,-1, -1,0,1,1,1,0,1,30,2,2,0,0,0,2,52.0,56.0,deux_roues,deux_roues,1,2,2,1,3
202300029774,2023-05-24 08:10:00,2023,5,24,8,10,75,75112,QUAI DE LA RAPEE,48.84644,2.366836,Plein jour,En agglomération,Intersection en X,Normale,Deux véhicules - côté,4,2,4,2,1,1,1,0,1,30,2,2,0,0,0,2,52.0,56.0,deux_roues,deux_roues,1,2,2,1,3
202300029775,2023-04-15 21:40:00,2023,4,15,21,40,51,51431,D951,49.014549,3.941922,Nuit sans éclairage public,Hors agglomération,Intersection en X,Normale,Deux véhicules - côté,3,2,2,0,1,1,1,5,1,90,2,2,1,0,0,1,22.0,27.0,voiture,voiture,3,1,2,1,3
202300029775,2023-04-15 21:40:00,2023,4,15,21,40,51,51431,D951,49.014549,3.941922,Nuit sans éclairage public,Hors agglomération,Intersection en X,Normale,Deux véhicules - côté,3,2,2,0,2,1,1,5,1,50,2,2,1,0,0,1,22.0,27.0,voiture,voiture,3,1,2,1,3
202300029776,2023-11-12 21:00:00,2023,11,12,21,0,04,04157,"Route de Moustiers - D56 PK17,500",43.850251,6.144801,Nuit sans éclairage public,Hors agglomération,Hors intersection,Normale,Sans collision,3,2,2,0,4,1,1,0,3,80,1,1,0,0,1,0,32.0,,deux_roues,,3,1,1,1,7
202300029777,2023-05-24 23:10:00,2023,5,24,23,10,75,75111,BOULEVARD DE BELLEVILLE,48.869537,2.379691,Nuit avec éclairage allumé,En agglomération,Hors intersection,Normale,Deux véhicules - côté,4,1,1,0,1,1,1,0,6,30,2,2,1,0,0,1,31.0,26.0,deux_roues,deux_roues,5,2,1,1,3
202300029778,2023-03-05 03:20:00,2023,3,5,3,20,33,33192,ROCADE A 630,44.78594,-0.59459,Nuit avec éclairage non allumé,Hors agglomération,Hors intersection,Normale,Deux véhicules - arrière,1,3,6,0,1,1,1,0,1,90,2,4,1,0,0,3,,35.0,voiture,voiture,4,1,1,1,2
202300029779,2023-04-15 14:30:00,2023,4,15,14,30,49,49007,MAINE,47.47841,-0.54692,Plein jour,En agglomération,Intersection en X,Normale,Deux véhicules - côté,4,1,2,1,1,1,1,0,1,30,2,3,2,0,0,1,52.0,28.0,voiture,deux_roues,1,2,2,1,3
202300029779,2023-04-15 14:30:00,2023,4,15,14,30,49,49007,MAINE,47.47841,-0.54692,Plein jour,En agglomération,Intersection en X,Normale,Deux véhicules - côté,4,1,2,2,1,1,1,0,1,30,2,3,2,0,0,1,52.0,28.0,voiture,deux_roues,1,2,2,1,3
202300029780,2023-11-09 09:50:00,2023,11,9,9,50,85,85227,D745,46.472242,-0.648313,Plein jour,Hors agglomération,Hors intersection,Temps couvert,Autre collision,3,2,2,0,1,1,2,0,1,80,1,1,0,1,0,0,72.0,,voiture,,1,1,1,8,6
202300029781,2023-03-05 17:00:00,2023,3,5,17,0,91,91339,RN 104,48.62465,2.26302,Plein jour,Hors agglomération,Hors intersection,Normale,Sans collision,2,1,1,0,2,3,1,0,1,50,1,1,0,0,0,1,34.0,,deux_roues,,1,1,1,1,7
202300029782,2023-05-24 19:45:00,2023,5,24,19,45,75,75110,BOULEVARD DE MAGENTA,48.872657,2.3593,Plein jour,En agglomération,Hors intersection,Normale,Sans collision,4,2,6,1,1,1,1,0,5,30,1,1,0,0,0,1,28.0,,deux_roues,,1,2,1,1,7
202300029783,2023-03-05 08:20:00,2023,3,5,8,20,91,91086,RN 104,48.623,2.387,Plein jour,Hors agglomération,Hors intersection,Normale,Autre collision,2,1,2,0,1,1,1,0,8,110,1,1,0,0,1,0,31.0,,voiture,,1,1,1,1,6
202300029784,2023-04-15 13:20:00,2023,4,15,13,20,45,45308,90 Route de Saint-Jean de Braye,47.931596,1.950061,Plein jour,Hors agglomération,Hors intersection,Pluie légère,Deux véhicules - arrière,4,2,2,0,2,1,2,0,1,50,2,2,1,0,0,1,54.0,49.0,voiture,utilitaire_camion,1,1,1,2,2
202300029785,2023-11-13 17:20:00,2023,11,13,17,20,27,27243,Route d'Honfleur,49.408513,0.302566,Plein jour,Hors agglomération,Hors intersection,Normale,Deux véhicules - arrière,3,2,2,0,2,2,2,0,1,90,2,2,1,0,1,0,25.0,56.0,voiture,utilitaire_camion,1,1,1,1,2
202300029786,2023-05-24 09:50:00,2023,5,24,9,50,75,75109,RUE DU HAVRE,48.874826,2.326777,Plein jour,En agglomération,Intersection en T,Normale,Autre collision,4,-1, -1,-1,1,1,1,0,1,30,1,2,0,0,0,2,28.0,,deux_roues,,1,2,3,1,6
202300029786,2023-05-24 09:50:00,2023,5,24,9,50,75,75109,RUE DU HAVRE,48.874826,2.326777,Plein jour,En agglomération,Intersection en T,Normale,Autre collision,4,2,1,1,1,1,1,0,1,30,1,2,0,0,0,2,28.0,,deux_roues,,1,2,3,1,6
202300029787,2023-03-04 22:05:00,2023,3,4,22,5,91,91174,RN 104,48.61466,2.45296,Nuit sans éclairage public,Hors agglomération,Hors intersection,Normale,Trois véhicules et plus - en chaîne,2,-1,6,0,1,1,1,0,1,110,3,3,2,0,0,1,57.0,21.0,voiture,voiture,3,1,1,1,4
202300029788,2023-11-13 06:40:00,2023,11,13,6,40,27,27622,Route de Beaumont,49.109207,0.724521,Nuit avec éclairage allumé,En agglomération,Hors intersection,Pluie légère,Autre collision,3,2,2,0,1,1,2,6,1,50,1,2,0,0,1,1,26.0,,voiture,,5,2,1,2,6
202300029789,2023-04-14 17:15:00,2023,4,14,17,15,45,45234,18bis Rue des Montées,47.87842,1.91242,Plein jour,En agglomération,Hors intersection,Normale,Deux véhicules - côté,4,2,2,2,1,1,1,0,1,30,2,3,2,0,0,1,17.0,52.0,deux_roues,voiture,1,2,1,1,3
202300029790,2023-05-23 18:40:00,2023,5,23,18,40,75,75108,AVENUE DES CHAMPS ELYSEES,48.868873,2.30989,Plein jour,En agglomération,Intersection à plus de 4 branches,Normale,Deux véhicules - côté,4,2,4,1,1,1,1,5,1,50,2,3,2,0,0,1,48.0,49.0,deux_roues,voiture,1,2,5,1,3
202300029790,2023-05-23 18:40:00,2023,5,23,18,40,75,75108,AVENUE DES CHAMPS ELYSEES,48.868873,2.30989,Plein jour,En agglomération,Intersection à plus de 4 branches,Normale,Deux véhicules - côté,4,1,2,1,1,1,1,5,1,30,2,3,2,0,0,1,48.0,49.0,deux_roues,voiture,1,2,5,1,3
202300029791,2023-11-12 19:50:00,2023,11,12,19,50,28,28319,D2020,48.286796,1.980626,Nuit sans éclairage public,Hors agglomération,Hors intersection,Pluie légère,Autre collision,3,2,3,0,1,1,2,0,1,90,1,3,2,1,0,0,26.0,,voiture,,3,1,1,2,6
202300029792,2023-03-04 05:40:00,2023,3,4,5,40,86,86194,Avenue du 11 Novembre,46.566253,0.363401,Nuit avec éclairage allumé,En agglomération,Intersection en X,Normale,Autre collision,3,-1,2,3,1,1,1,0,1,50,2,3,1,0,1,1,27.0,26.0,voiture,utilitaire_camion,5,2,2,1,6
202300029792,2023-03-04 05:40:00,2023,3,4,5,40,86,86194,Avenue du 11 Novembre,46.566253,0.363401,Nuit avec éclairage allumé,En agglomération,Intersection en X,Normale,Autre collision,3,3,1,0,1,1,1,0,1,50,2,3,1,0,1,1,27.0,26.0,voiture,utilitaire_camion,5,2,2,1,6
202300029793,2023-03-03 18:26:00,2023,3,3,18,26,72,72181,rue Martial VIVET,48.01899,0.15393,Plein jour,En agglomération,Giratoire,Normale,Autre collision,4,-1,2,0,1,3,1,0,1,30,1,2,1,0,0,1,37.0,,voiture,,1,2,6,1,6
202300029793,2023-03-03 18:26:00,2023,3,3,18,26,72,72181,rue Martial VIVET,48.01899,0.15393,Plein jour,En agglomération,Giratoire,Normale,Autre collision,4,2,2,0,1,1,1,0,1,30,1,2,1,0,0,1,37.0,,voiture,,1,2,6,1,6
202300029794,2023-11-13 07:50:00,2023,11,13,7,50,17,17211,D150 et rue de la montagne PK 8+500,46.037768,-0.512034,Plein jour,Hors agglomération,Intersection en X,Normale,Sans collision,3,2,2,0,4,2,2,0,3,90,1,1,0,0,0,1,26.0,,voiture,,1,1,2,1,7
202300029794,2023-11-13 07:50:00,2023,11,13,7,50,17,17211,D150 et rue de la montagne PK 8+500,46.037768,-0.512034,Plein jour,Hors agglomération,Intersection en X,Normale,Sans collision,3,2,2,-1,1,1,2,5,3,50,1,1,0,0,0,1,26.0,,voiture,,1,1,2,1,7
202300029795,2023-05-24 17:15:00,2023,5,24,17,15,75,75102,BOULEVARD DES CAPUCINES,48.87027,2.330054,Plein jour,En agglomération,Intersection en X,Normale,Deux véhicules - côté,4,1,2,3,1,1,1,0,1,30,2,2,1,0,0,1,36.0,52.0,voiture,deux_roues,1,2,2,1,3
202300029795,2023-05-24 17:15:00,2023,5,24,17,15,75,75102,BOULEVARD DES CAPUCINES,48.87027,2.330054,Plein jour,En agglomération,Intersection en X,Normale,Deux véhicules - côté,4,-1, -1,3,1,1,1,0,1,30,2,2,1,0,0,1,36.0,52.0,voiture,deux_roues,1,2,2,1,3
202300029796,2023-04-10 15:00:00,2023,4,10,15,0,34,34301,59 Boulevard Camille Blanc,43.407557,3.668573,Plein jour,En agglomération,Intersection en T,Normale,Deux véhicules - côté,4,1,2,0,1,1,1,2,1,30,2,3,2,0,0,1,53.0,31.0,voiture,voiture,1,2,3,1,3
202300029796,2023-04-10 15:00:00,2023,4,10,15,0,34,34301,59 Boulevard Camille Blanc,43.407557,3.668573,Plein jour,En agglomération,Intersection en T,Normale,Deux véhicules - côté,4,2,0,0,1,1,1,2,1,30,2,3,2,0,0,1,53.0,31.0,voiture,voiture,1,2,3,1,3
202300029797,2023-11-10 19:05:00,2023,11,10,19,5,17,17113,Route du Bourg,45.118393,-0.147393,Nuit sans éclairage public,En agglomération,Autre intersection,Pluie légère,Sans collision,3,2,2,0,1,2,2,0,3,50,1,1,0,0,1,0,31.0,,voiture,,3,2,9,2,7
202300029798,2023-03-03 12:20:00,2023,3,3,12,20,69,69290,100 Route de Lyon,45.70471,4.91239,Plein jour,Hors agglomération,Intersection à plus de 4 branches,Normale,Deux véhicules - côté,7,2,6,3,1,1,1,0,1,50,2,4,2,0,0,2,51.0,47.0,voiture,transport_commun,1,1,5,1,3
202300029798,2023-03-03 12:20:00,2023,3,3,12,20,69,69290,100 Route de Lyon,45.70471,4.91239,Plein jour,Hors agglomération,Intersection à plus de 4 branches,Normale,Deux véhicules - côté,7,2,6,3,1,1,1,5,1,50,2,4,2,0,0,2,51.0,47.0,voiture,transport_commun,1,1,5,1,3
202300029799,2023-05-23 11:50:00,2023,5,23,11,50,94,94052,Avenue de Joinville,48.829325,2.467027,Plein jour,En agglomération,Hors intersection,Normale,Autre collision,3,1,0,0,1,1,1,0,1,50,1,2,1,0,0,1,92.0,,voiture,,1,2,1,1,6
202300029800,2023-04-15 12:30:00,2023,4,15,12,30,33,33529,rue Lagrua,44.64564,-1.15788,Plein jour,En agglomération,Hors intersection,Normale,Deux véhicules - côté,4,2,2,1,1,1,1,0,5,30,2,3,2,0,0,1,43.0,63.0,deux_roues,voiture,1,2,1,1,3
202300029801,2023-11-12 11:55:00,2023,11,12,11,55,30,30004,5 Place Emile Jamais,43.738746,4.181647,Plein jour,En agglomération,Place,Normale,Autre collision,3,1,1,0,1,1,1,0,1,50,1,2,1,0,0,1,36.0,,voiture,,1,2,7,1,6
202300029802,2023-03-03 18:52:00,2023,3,3,18,52,64,64024,BAB (BOULEVARD DU),43.488099,-1.535827,Plein jour,En agglomération,Hors intersection,Normale,Deux véhicules - côté,4,2,4,0,1,1,1,8,1,50,2,2,1,0,0,1,35.0,51.0,deux_roues,voiture,1,2,1,1,3
202300029803,2023-05-24 15:22:00,2023,5,24,15,22,94,94003,Avenue Aristide Briand,48.8098,2.32631,Plein jour,En agglomération,Hors intersection,Normale,Sans collision,3,1,4,0,1,1,1,0,1,50,1,1,0,0,0,1,28.0,,deux_roues,,1,2,1,1,7
202300029804,2023-04-14 17:20:00,2023,4,14,17,20,30,30007,Avenue des Maladreries,44.11964,4.10313,Plein jour,En agglomération,Intersection en T,Pluie légère,Deux véhicules - côté,4,2,2,0,1,1,2,0,1,30,2,2,1,0,1,0,39.0,55.0,voiture,deux_roues,1,2,3,2,3
202300029804,2023-04-14 17:20:00,2023,4,14,17,20,30,30007,Avenue des Maladreries,44.11964,4.10313,Plein jour,En agglomération,Intersection en T,Pluie légère,Deux véhicules - côté,4,2,2,0,2,2,2,0,1,30,2,2,1,0,1,0,39.0,55.0,voiture,deux_roues,1,2,3,2,3
202300029805,2023-11-11 18:30:00,2023,11,11,18,30,67,67388,D1062,48.91413927,7.64624388,Nuit sans éclairage public,Hors agglomération,Hors intersection,Pluie légère,Deux véhicules - frontale,3,2,2,0,1,1,2,0,1,90,2,3,2,1,0,0,37.0,23.0,voiture,deux_roues,3,1,1,2,1
202300029806,2023-03-03 15:50:00,2023,3,3,15,50,54,54357,QUINZE SEPTEMBRE 1944 (RUE DU),48.71369,6.16373,Plein jour,En agglomération,Intersection en Y,Temps couvert,Autre collision,4,2,2,0,1,1,1,0,1,30,1,2,1,0,0,1,42.0,,voiture,,1,2,4,8,6
202300029806,2023-03-03 15:50:00,2023,3,3,15,50,54,54357,QUINZE SEPTEMBRE 1944 (RUE DU),48.71369,6.16373,Plein jour,En agglomération,Intersection en Y,Temps couvert,Autre collision,4,2,2,0,1,1,1,0,1,30,1,2,1,0,0,1,42.0,,voiture,,1,2,4,8,6
202300029807,2023-05-23 13:15:00,2023,5,23,13,15,94,94037,Avenue Paul Vaillant-couturier,48.8165,2.33801,Plein jour,En agglomération,Intersection en T,Normale,Deux véhicules - côté,3,2,0,0,1,1,1,0,1,50,2,2,1,0,0,1,54.0,27.0,voiture,deux_roues,1,2,3,1,3
202300029807,2023-05-23 13:15:00,2023,5,23,13,15,94,94037,Avenue Paul Vaillant-couturier,48.8165,2.33801,Plein jour,En agglomération,Intersection en T,Normale,Deux véhicules - côté,3,1,1,0,1,1,1,0,1,50,2,2,1,0,0,1,54.0,27.0,voiture,deux_roues,1,2,3,1,3
202300029808,2023-03-04 15:55:00,2023,3,4,15,55,973,97302,MADELEINE (ROUTE DE LA),4.9178,-52.32148,Plein jour,En agglomération,Hors intersection,Normale,Deux véhicules - côté,3,2,2,0,1,1,1,0,1,50,2,2,1,0,0,1,66.0,49.0,voiture,deux_roues,1,2,1,1,3
202300029809,2023-04-14 18:30:00,2023,4,14,18,30,30,30243,,44.061,4.0902,Plein jour,En agglomération,Intersection en T,Pluie légère,Trois véhicules et plus - en chaîne,3,2,2,0,1,1,2,0,1,80,3,3,1,0,0,2,47.0,66.0,voiture,voiture,1,2,3,2,4