accident_id,datetime,annee,mois,jour,heure,minute,departement,commune_insee,adresse,latitude,longitude,luminosite,agglomeration,intersection,meteo,collision,catr,circ,nbv,vosp,prof,plan,surf,infra,situ,vma,nb_vehicules,nb_usagers,nb_indemnes,nb_tues,nb_blesses_hosp,nb_blesses_legers,age_cond_1,age_cond_2,veh_type_cond_1,veh_type_cond_2,lum_code,agg_code,int_code,atm_code,col_code
202300029809,2023-04-14 18:30:00,2023,4,14,18,30,30,30243,,44.061,4.0902,Plein jour,En agglomération,Intersection en T,Pluie légère,Trois véhicules et plus - en chaîne,3,2,2,0,1,1,2,0,1,70,3,3,1,0,0,2,47.0,66.0,voiture,voiture,1,2,3,2,4
202300029809,2023-04-14 18:30:00,2023,4,14,18,30,30,30243,,44.061,4.0902,Plein jour,En agglomération,Intersection en T,Pluie légère,Trois véhicules et plus - en chaîne,3,2,2,0,1,1,2,0,8,50,3,3,1,0,0,2,47.0,66.0,voiture,voiture,1,2,3,2,4
202300029810,2023-05-24 16:40:00,2023,5,24,16,40,94,94070,Route de Paris,48.7171,2.57132,Plein jour,En agglomération,Hors intersection,Normale,Deux véhicules - arrière,2,3,3,0,1,1,1,0,1,80,2,2,1,0,0,1,43.0,38.0,voiture,utilitaire_camion,1,2,1,1,2
202300029811,2023-03-03 19:50:00,2023,3,3,19,50,973,97302,GIRATOIRE MARINGOUINS,4.90771596,-52.32248282,Nuit avec éclairage non allumé,Hors agglomération,Autre intersection,Normale,Deux véhicules - côté,2,2,2,0,1,1,1,0,1,50,2,2,1,0,1,0,18.0,23.0,deux_roues,utilitaire_camion,4,1,9,1,3
202300029812,2023-11-13 08:15:00,2023,11,13,8,15,31,31351,4 Chemin des Panedautes,43.674557,1.293479,Crépuscule ou aube,En agglomération,Hors intersection,Temps éblouissant,Autre collision,4,2,2,0,3,1,1,0,5,50,1,2,1,0,1,0,30.0,,voiture,,2,2,1,7,6
202300029813,2023-04-15 19:00:00,2023,4,15,19,0,25,25388,GRAND -CHARMONT (ROUTE DE),47.51695,6.81176,Plein jour,En agglomération,Intersection en Y,Pluie légère,Deux véhicules - arrière,3,2,2,-1,1,3,2,5,-1,-1,2,2,1,0,0,1,22.0,33.0,voiture,voiture,1,2,4,2,2
202300029813,2023-04-15 19:00:00,2023,4,15,19,0,25,25388,GRAND -CHARMONT (ROUTE DE),47.51695,6.81176,Plein jour,En agglomération,Intersection en Y,Pluie légère,Deux véhicules - arrière,3,2,3,1,2,1,2,5,1,50,2,2,1,0,0,1,22.0,33.0,voiture,voiture,1,2,4,2,2
202300029814,2023-03-04 16:00:00,2023,3,4,16,0,69,69388,Boulevard des Etats-Unis,45.73003,4.86696,Plein jour,En agglomération,Hors intersection,Normale,Autre collision,4,2,2,3,1,1,1,0,1,50,1,2,1,0,0,1,,,voiture,,1,2,1,1,6
202300029815,2023-05-24 16:15:00,2023,5,24,16,15,93,93078,Avenue des Nations,48.97302904,2.51052728,Plein jour,En agglomération,Autre intersection,Normale,Deux véhicules - côté,4,1,1,0,1,3,1,0,1,50,2,2,1,0,0,1,30.0,20.0,voiture,voiture,1,2,9,1,3
202300029815,2023-05-24 16:15:00,2023,5,24,16,15,93,93078,Avenue des Nations,48.97302904,2.51052728,Plein jour,En agglomération,Autre intersection,Normale,Deux véhicules - côté,4,2,2,0,1,3,1,0,1,50,2,2,1,0,0,1,30.0,20.0,voiture,voiture,1,2,9,1,3
202300029816,2023-11-13 06:50:00,2023,11,13,6,50,82,82085,A62 - PK 183+450,43.986358,1.241906,Nuit sans éclairage public,Hors agglomération,Hors intersection,Normale,Deux véhicules - arrière,1,3,2,0,1,1,1,0,1,130,2,2,1,0,1,0,49.0,36.0,voiture,utilitaire_camion,3,1,1,1,2
202300029817,2023-04-15 19:18:00,2023,4,15,19,18,25,25056,route de gray,47.24757,5.97897,Plein jour,Hors agglomération,Hors intersection,Normale,Autre collision,3,2,2,0,2,4,2,0,3,50,1,1,0,0,0,1,48.0,,voiture,,1,1,1,1,6
202300029818,2023-03-03 07:00:00,2023,3,3,7,0,972,97209,RD 41 (ROCADE),14.61382,-61.06381,Plein jour,Hors agglomération,Hors intersection,Normale,Deux véhicules - arrière,3,1,2,0,3,1,1,0,1,60,2,2,1,0,0,1,49.0,38.0,voiture,utilitaire_camion,1,1,1,1,2
202300029819,2023-11-12 18:25:00,2023,11,12,18,25,44,44026,,47.286303,-1.508013,Nuit sans éclairage public,Hors agglomération,Autre intersection,Pluie légère,Autre collision,1,1,2,0,2,3,2,3,3,70,1,1,0,0,0,1,20.0,,voiture,,3,1,9,2,6
202300029820,2023-03-04 00:25:00,2023,3,4,0,25,971,97101,ROUTE DES ABYMES,16.25735,-61.52012,Nuit sans éclairage public,En agglomération,Hors intersection,Normale,Deux véhicules - arrière,2,2,1,0,1,1,1,0,3,50,2,2,1,0,1,0,35.0,43.0,voiture,voiture,3,2,1,1,2
202300029821,2023-05-23 18:50:00,2023,5,23,18,50,93,93073,Rue Louis Eschard / Rue de la Raperie,48.97675,2.55859,Plein jour,En agglomération,Intersection en X,Normale,Deux véhicules - côté,3,2,2,0,1,1,1,0,1,50,2,2,1,0,0,1,29.0,66.0,voiture,voiture,1,2,2,1,3
202300029821,2023-05-23 18:50:00,2023,5,23,18,50,93,93073,Rue Louis Eschard / Rue de la Raperie,48.97675,2.55859,Plein jour,En agglomération,Intersection en X,Normale,Deux véhicules - côté,3,2,2,0,1,1,1,0,1,50,2,2,1,0,0,1,29.0,66.0,voiture,voiture,1,2,2,1,3
202300029822,2023-04-14 19:58:00,2023,4,14,19,58,17,17306,REPUBLIQUE (DE LA) (BD),45.62462,-1.02734,Plein jour,En agglomération,Hors intersection,Normale,Deux véhicules - côté,4,-1,4,0,1,1,1,0,1,50,2,2,1,0,0,1,,28.0,voiture,deux_roues,1,2,1,1,3
202300029823,2023-03-04 05:00:00,2023,3,4,5,0,91,91114,RUE TALMA,48.69308,2.50159,Nuit avec éclairage allumé,En agglomération,Hors intersection,Normale,Sans collision,3,-1,2,0,2,2,1,0,4,30,1,5,0,0,0,5,22.0,,voiture,,5,2,1,1,7
202300029824,2023-04-15 18:55:00,2023,4,15,18,55,17,17300,MARILLAC   QUAI,46.146271,-1.161258,Plein jour,En agglomération,Hors intersection,Normale,Deux véhicules - côté,4,2,2,0,1,1,1,0,1,30,2,2,1,0,0,1,71.0,42.0,deux_roues,utilitaire_camion,1,2,1,1,3
202300029825,2023-11-08 08:08:00,2023,11,8,8,8,06,06085,"A8, PK 165.800 voie SUD",43.5839892,7.0118096,Plein jour,Hors agglomération,Hors intersection,Normale,Trois véhicules et plus - collisions multiples,1,2,3,0,1,2,1,0,1,-1,3,3,2,0,0,1,43.0,45.0,utilitaire_camion,deux_roues,1,1,1,1,5
202300029826,2023-05-24 11:51:00,2023,5,24,11,51,93,93066,Rue Charles Michels,48.93423,2.34343,Plein jour,En agglomération,Hors intersection,Normale,Deux véhicules - côté,4,2,2,0,1,1,1,0,1,50,2,2,1,0,0,1,41.0,56.0,transport_commun,voiture,1,2,1,1,3
202300029827,2023-04-02 03:20:00,2023,4,2,3,20,15,15014,Rue des Malaudes,44.91614,2.43789,Nuit avec éclairage non allumé,En agglomération,Hors intersection,Pluie légère,Autre collision,4,1,1,0,1,1,2,0,1,50,1,1,0,0,0,1,40.0,,voiture,,4,2,1,2,6
202300029828,2023-03-04 14:55:00,2023,3,4,14,55,71,71306,PAGEOT (RUE DE LA PLACE ),46.65939,4.35922,Plein jour,En agglomération,Hors intersection,Normale,Deux véhicules - côté,4,2,2,0,1,1,1,0,1,50,2,2,1,0,0,1,22.0,83.0,deux_roues,voiture,1,2,1,1,3
202300029829,2023-11-10 08:20:00,2023,11,10,8,20,86,86297,A10,46.570913,0.288806,Plein jour,Hors agglomération,Hors intersection,Normale,Deux véhicules - arrière,1,3,2,0,1,1,2,0,1,130,2,3,2,0,1,0,43.0,58.0,voiture,utilitaire_camion,1,1,1,1,2
202300029830,2023-03-04 10:15:00,2023,3,4,10,15,64,64102,CAMOUSEIGT (ALLEE DE),43.48385,-1.50186,Plein jour,En agglomération,Hors intersection,Normale,Deux véhicules - côté,4,2,2,0,1,1,1,0,1,50,2,2,1,0,0,1,84.0,17.0,voiture,deux_roues,1,2,1,1,3
202300029831,2023-05-24 17:27:00,2023,5,24,17,27,93,93051,Rue du Docteur Vaillant / Rue Camille Flammarion,48.83862215,2.56725669,Plein jour,En agglomération,Giratoire,Normale,Deux véhicules - côté,4,1,1,0,1,2,1,0,1,50,2,2,1,0,0,1,25.0,42.0,deux_roues,voiture,1,2,6,1,3
202300029831,2023-05-24 17:27:00,2023,5,24,17,27,93,93051,Rue du Docteur Vaillant / Rue Camille Flammarion,48.83862215,2.56725669,Plein jour,En agglomération,Giratoire,Normale,Deux véhicules - côté,4,2,2,-1,1,1,1,0,1,-1,2,2,1,0,0,1,25.0,42.0,deux_roues,voiture,1,2,6,1,3
202300029832,2023-04-15 20:15:00,2023,4,15,20,15,13,13001,BRIAND ARISTIDE (BD),43.53231957,5.45093091,Crépuscule ou aube,En agglomération,Intersection en X,Normale,Deux véhicules - arrière,4,1,0,3,1,1,1,0,1,50,2,2,1,0,0,1,21.0,42.0,deux_roues,voiture,2,2,2,1,2
202300029832,2023-04-15 20:15:00,2023,4,15,20,15,13,13001,BRIAND ARISTIDE (BD),43.53231957,5.45093091,Crépuscule ou aube,En agglomération,Intersection en X,Normale,Deux véhicules - arrière,4,2, -1,-1,1,1,1,0,1,-1,2,2,1,0,0,1,21.0,42.0,deux_roues,voiture,2,2,2,1,2
202300029833,2023-11-11 08:30:00,2023,11,11,8,30,73,73104,A 43,45.55549215,5.75633973,Plein jour,Hors agglomération,Hors intersection,Normale,Autre collision,1,3,4,0,2,3,2,0,1,110,1,2,1,0,0,1,23.0,,voiture,,1,1,1,1,6
202300029834,2023-03-03 16:30:00,2023,3,3,16,30,62,62587,D46,50.432294,2.922045,Plein jour,En agglomération,Intersection en T,Normale,Deux véhicules - côté,1,2,2,0,1,1,1,0,1,50,2,2,1,0,1,0,32.0,73.0,deux_roues,voiture,1,2,3,1,3
202300029834,2023-03-03 16:30:00,2023,3,3,16,30,62,62587,D46,50.432294,2.922045,Plein jour,En agglomération,Intersection en T,Normale,Deux véhicules - côté,1,1,1,0,2,1,1,0,1,50,2,2,1,0,1,0,32.0,73.0,deux_roues,voiture,1,2,3,1,3
202300029835,2023-04-15 13:00:00,2023,4,15,13,0,09,09122,VILLOTE (ALLEES DE),42.96408,1.61049,Plein jour,En agglomération,Autre intersection,Pluie légère,Deux véhicules - arrière,4,-1,2,0,2,3,2,2,1,50,2,2,1,0,0,1,61.0,71.0,voiture,voiture,1,2,9,2,2
202300029836,2023-05-14 17:30:00,2023,5,14,17,30,93,93048,Avenue Paul Signac / Boulevard Aristide Briand,48.86974,2.44969,Plein jour,En agglomération,Intersection en T,Normale,Deux véhicules - côté,3,3,4,-1,1,1,1,0,1,-1,2,2,1,0,0,1,,48.0,voiture,deux_roues,1,2,3,1,3
202300029836,2023-05-14 17:30:00,2023,5,14,17,30,93,93048,Avenue Paul Signac / Boulevard Aristide Briand,48.86974,2.44969,Plein jour,En agglomération,Intersection en T,Normale,Deux véhicules - côté,3,2,2,0,1,1,1,8,1,30,2,2,1,0,0,1,,48.0,voiture,deux_roues,1,2,3,1,3
202300029837,2023-11-13 08:45:00,2023,11,13,8,45,988,98808,RPN3,-21.377189,165.684675,Plein jour,Hors agglomération,Hors intersection,Normale,Sans collision,3,2,2,0,2,3,1,0,3,110,1,4,0,0,2,2,39.0,,voiture,,1,1,1,1,7
202300029838,2023-03-03 12:00:00,2023,3,3,12,0,62,62270,D301,50.47122,2.52422,Plein jour,Hors agglomération,Hors intersection,Normale,Trois véhicules et plus - collisions multiples,3,2,3,0,4,1,1,2,1,90,3,3,1,0,0,2,47.0,46.0,voiture,utilitaire_camion,1,1,1,1,5
202300029839,2023-04-15 09:10:00,2023,4,15,9,10,06,06088,ST LAMBERT A PARTIR DU N° 131),43.717691,7.262898,Plein jour,En agglomération,Intersection en Y,Normale,Deux véhicules - côté,4,1,1,0,1,1,1,0,1,50,2,2,1,0,1,0,26.0,44.0,deux_roues,voiture,1,2,4,1,3
202300029839,2023-04-15 09:10:00,2023,4,15,9,10,06,06088,ST LAMBERT A PARTIR DU N° 131),43.717691,7.262898,Plein jour,En agglomération,Intersection en Y,Normale,Deux véhicules - côté,4,2,2,0,2,2,1,0,1,50,2,2,1,0,1,0,26.0,44.0,deux_roues,voiture,1,2,4,1,3
202300029840,2023-11-13 07:30:00,2023,11,13,7,30,29,29005,Rue Jean-Marie Carer,47.85734643,-3.60500736,Nuit avec éclairage allumé,En agglomération,Hors intersection,Pluie forte,Autre collision,3,2,2,0,1,1,2,0,1,30,1,3,1,0,2,0,54.0,,voiture,,5,2,1,3,6
202300029841,2023-05-24 15:50:00,2023,5,24,15,50,93,93046,Avenue Aristide Briand / Boulevard Gutenberg,48.91198299,2.52079034,Plein jour,En agglomération,Intersection en T,Normale,Deux véhicules - côté,3,3,4,0,1,1,1,0,1,50,2,3,2,0,0,1,40.0,66.0,voiture,voiture,1,2,3,1,3
202300029841,2023-05-24 15:50:00,2023,5,24,15,50,93,93046,Avenue Aristide Briand / Boulevard Gutenberg,48.91198299,2.52079034,Plein jour,En agglomération,Intersection en T,Normale,Deux véhicules - côté,3,2,2,0,1,1,1,0,1,50,2,3,2,0,0,1,40.0,66.0,voiture,voiture,1,2,3,1,3
202300029842,2023-03-03 17:55:00,2023,3,3,17,55,60,60057,Boulevard du Général de Gaulle,49.42952,2.09012,Crépuscule ou aube,En agglomération,Autre intersection,Pluie légère,Autre collision,4,2,2,0,1,1,2,0,8,50,1,2,1,0,0,1,,,voiture,,2,2,9,2,6
202300029843,2023-04-15 06:50:00,2023,4,15,6,50,06,06029,CROISETTE (BOULEVARD DE),43.5512,7.01827,Crépuscule ou aube,En agglomération,Hors intersection,Normale,Autre collision,4,3,2,0,1,1,1,0,1,30,1,2,1,0,1,0,41.0,,voiture,,2,2,1,1,6
202300029844,2023-11-09 00:45:00,2023,11,9,0,45,77,77257,D17,49.020321,3.031661,Nuit avec éclairage non allumé,En agglomération,Hors intersection,Pluie légère,Deux véhicules - frontale,3,2,2,0,1,1,2,0,1,50,1,2,1,1,0,0,24.0,,voiture,,4,2,1,2,1
202300029845,2023-04-15 21:00:00,2023,4,15,21,0,06,06027,PLAGE BOULEVARD DE LA,43.651,7.152,Nuit avec éclairage allumé,En agglomération,Autre intersection,Temps couvert,Deux véhicules - arrière,7,3,5,0,1,1,1,0,1,50,2,2,1,0,1,0,31.0,32.0,utilitaire_camion,deux_roues,5,2,9,8,2
202300029846,2023-03-04 18:30:00,2023,3,4,18,30,42,42187,Boulevard Jean-Baptiste Clément,46.0463,4.08487,Crépuscule ou aube,En agglomération,Intersection en X,Normale,Deux véhicules - côté,4,-1,2,0,1,1,1,0,1,50,2,6,2,0,0,4,49.0,27.0,voiture,voiture,2,2,2,1,3
202300029846,2023-03-04 18:30:00,2023,3,4,18,30,42,42187,Boulevard Jean-Baptiste Clément,46.0463,4.08487,Crépuscule ou aube,En agglomération,Intersection en X,Normale,Deux véhicules - côté,4,2,2,-1,1,1,1,0,1,-1,2,6,2,0,0,4,49.0,27.0,voiture,voiture,2,2,2,1,3
202300029847,2023-05-28 17:20:00,2023,5,28,17,20,93,93032,Avenue de l'Abbaye / Avenue Guynemer,48.87793252,2.56917501,Plein jour,En agglomération,Intersection en X,Normale,Deux véhicules - côté,4,1,1,0,1,1,1,0,1,30,2,5,4,0,0,1,24.0,32.0,voiture,voiture,1,2,2,1,3
202300029847,2023-05-28 17:20:00,2023,5,28,17,20,93,93032,Avenue de l'Abbaye / Avenue Guynemer,48.87793252,2.56917501,Plein jour,En agglomération,Intersection en X,Normale,Deux véhicules - côté,4,2,1,0,1,1,1,0,1,30,2,5,4,0,0,1,24.0,32.0,voiture,voiture,1,2,2,1,3
202300029848,2023-04-15 10:30:00,2023,4,15,10,30,75,75113,QUAI D IVRY,48.825999,2.387071,Plein jour,En agglomération,Hors intersection,Pluie légère,Deux véhicules - arrière,4,1,4,0,1,1,2,0,1,70,2,2,1,0,0,1,48.0,33.0,deux_roues,utilitaire_camion,1,2,1,2,2
202300029849,2023-11-13 18:47:00,2023,11,13,18,47,78,78090,D44,48.970802,1.907287,Nuit avec éclairage allumé,Hors agglomération,Intersection en Y,Normale,Deux véhicules - frontale,1,2,2,0,1,1,2,0,1,70,2,2,1,0,1,0,39.0,47.0,voiture,deux_roues,5,1,4,1,1
202300029849,2023-11-13 18:47:00,2023,11,13,18,47,78,78090,D44,48.970802,1.907287,Nuit avec éclairage allumé,Hors agglomération,Intersection en Y,Normale,Deux véhicules - frontale,1,1,2,0,1,2,1,3,8,130,2,2,1,0,1,0,39.0,47.0,voiture,deux_roues,5,1,4,1,1
202300029850,2023-05-23 19:40:00,2023,5,23,19,40,93,93032,Avenue Jean Jaurès,48.88331604,2.52851708,Plein jour,En agglomération,Hors intersection,Normale,Autre collision,3,2,2,0,1,1,1,0,1,50,1,2,1,0,0,1,19.0,,deux_roues,,1,2,1,1,6
202300029851,2023-03-04 19:45:00,2023,3,4,19,45,37,37261,SANITAS (PONT DU),47.37168,0.69653,Plein jour,En agglomération,Hors intersection,Normale,Trois véhicules et plus - en chaîne,4,2,2,0,1,1,1,0,1,50,3,4,3,0,0,1,20.0,39.0,voiture,deux_roues,1,2,1,1,4
202300029852,2023-11-13 15:00:00,2023,11,13,15,0,84,84141,Rue de la Groseillere,43.985547,4.901737,Plein jour,En agglomération,Hors intersection,Normale,Deux véhicules - frontale,4,1,1,0,1,4,1,0,1,30,1,1,0,0,0,1,21.0,,deux_roues,,1,2,1,1,1
202300029853,2023-04-13 08:50:00,2023,4,13,8,50,75,75118,PORTE DE CLIGNANCOURT,48.901104,2.346646,Plein jour,En agglomération,Hors intersection,Normale,Trois véhicules et plus - collisions multiples,4,1,4,0,1,1,1,0,1,70,3,3,2,0,0,1,31.0,62.0,voiture,deux_roues,1,2,1,1,5
202300029854,2023-05-24 17:30:00,2023,5,24,17,30,93,93001,Rue Henri Manigart,48.91275112,2.39843854,Plein jour,En agglomération,Hors intersection,Normale,Deux véhicules - côté,4,2,2,0,1,1,1,9,1,50,2,2,1,0,0,1,39.0,22.0,voiture,deux_roues,1,2,1,1,3
202300029855,2023-11-11 01:20:00,2023,11,11,1,20,06,06048,D2204,43.790372,7.350338,Nuit sans éclairage public,En agglomération,Hors intersection,Normale,Autre collision,3,2,2,0,1,2,1,0,8,50,1,1,0,1,0,0,43.0,,voiture,,3,2,1,1,6
202300029856,2023-03-04 19:00:00,2023,3,4,19,0,37,37122,VERDUN (RUE DE),47.34459,0.66484,Crépuscule ou aube,En agglomération,Intersection en T,Normale,Autre collision,4,-1,2,0,1,1,1,0,1,50,1,2,1,0,0,1,72.0,,voiture,,2,2,3,1,6
202300029856,2023-03-04 19:00:00,2023,3,4,19,0,37,37122,VERDUN (RUE DE),47.34459,0.66484,Crépuscule ou aube,En agglomération,Intersection en T,Normale,Autre collision,4,-1,4,1,1,1,1,0,5,50,1,2,1,0,0,1,72.0,,voiture,,2,2,3,1,6
202300029857,2023-11-12 14:45:00,2023,11,12,14,45,88,88344,D71,48.362334,5.603939,Plein jour,Hors agglomération,Hors intersection,Pluie forte,Sans collision,3,2,2,0,1,1,2,0,8,80,1,1,0,1,0,0,89.0,,voiture,,1,1,1,3,7
202300029858,2023-04-15 18:05:00,2023,4,15,18,5,75,75116,BOULEVARD PERIPHERIQUE INTERIEUR OUEST,48.851156,2.252293,Plein jour,En agglomération,Hors intersection,Normale,Deux véhicules - arrière,4,1,4,0,1,1,1,0,1,70,2,6,4,0,0,2,51.0,27.0,voiture,deux_roues,1,2,1,1,2
202300029859,2023-05-24 12:50:00,2023,5,24,12,50,93,93001,Boulevard Félix Faure,48.90953903,2.37713188,Plein jour,En agglomération,Hors intersection,Normale,Trois véhicules et plus - collisions multiples,3,2,2,0,1,1,1,0,1,50,3,3,2,0,0,1,57.0,46.0,voiture,utilitaire_camion,1,2,1,1,5
202300029860,2023-03-04 23:40:00,2023,3,4,23,40,33,33063,Avenue d'Ares,44.83651,-0.60116,Nuit avec éclairage allumé,En agglomération,Intersection en X,Normale,Deux véhicules - côté,4,1,2,2,2,1,1,5,1,50,2,4,1,0,0,3,,54.0,voiture,voiture,5,2,2,1,3
202300029860,2023-03-04 23:40:00,2023,3,4,23,40,33,33063,Avenue d'Ares,44.83651,-0.60116,Nuit avec éclairage allumé,En agglomération,Intersection en X,Normale,Deux véhicules - côté,4,1,1,0,2,1,1,5,1,50,2,4,1,0,0,3,,54.0,voiture,voiture,5,2,2,1,3
202300029861,2023-11-13 07:45:00,2023,11,13,7,45,57,57206,53 Avenue Jeanne d'Arc,49.302446,6.10518,Crépuscule ou aube,En agglomération,Hors intersection,Pluie forte,Autre collision,3,2,2,0,1,1,2,0,1,50,1,2,1,0,1,0,57.0,,voiture,,2,2,1,3,6
202300029862,2023-04-15 14:15:00,2023,4,15,14,15,75,75120,RUE DE BAGNOLET,48.862346,2.406327,Plein jour,En agglomération,Intersection en T,Normale,Autre collision,4,2,2,1,1,1,1,0,1,30,1,2,1,0,0,1,67.0,,voiture,,1,2,3,1,6
202300029862,2023-04-15 14:15:00,2023,4,15,14,15,75,75120,RUE DE BAGNOLET,48.862346,2.406327,Plein jour,En agglomération,Intersection en T,Normale,Autre collision,4,2,2,0,1,1,1,0,1,30,1,2,1,0,0,1,67.0,,voiture,,1,2,3,1,6
202300029863,2023-11-12 21:45:00,2023,11,12,21,45,57,57160,D23a,49.201935,6.661824,Nuit sans éclairage public,Hors agglomération,Hors intersection,Pluie forte,Autre collision,3,2,2,0,4,2,2,0,3,80,1,2,0,0,0,2,24.0,,voiture,,3,1,1,3,6
202300029864,2023-03-04 18:52:00,2023,3,4,18,52,33,33063,Rue Bellus Mareilhac,44.85252863,-0.61693758,Crépuscule ou aube,En agglomération,Intersection en X,Normale,Deux véhicules - côté,4,1,2,3,1,1,1,0,1,30,2,2,1,0,0,1,44.0,21.0,voiture,deux_roues,2,2,2,1,3
202300029864,2023-03-04 18:52:00,2023,3,4,18,52,33,33063,Rue Bellus Mareilhac,44.85252863,-0.61693758,Crépuscule ou aube,En agglomération,Intersection en X,Normale,Deux véhicules - côté,4,2,2,0,1,1,1,0,1,30,2,2,1,0,0,1,44.0,21.0,voiture,deux_roues,2,2,2,1,3
202300029865,2023-05-23 17:27:00,2023,5,23,17,27,93,93001,Avenue du Président Roosevelt,48.91793611,2.37908517,Plein jour,En agglomération,Autre intersection,Normale,Deux véhicules - côté,3,2,2,0,1,1,1,0,1,50,2,3,2,0,0,1,29.0,,deux_roues,utilitaire_camion,1,2,9,1,3
202300029866,2023-04-14 03:00:00,2023,4,14,3,0,75,75117,AVENUE DE WAGRAM,48.881547,2.300689,Nuit avec éclairage allumé,En agglomération,Intersection en X,Normale,Deux véhicules - côté,4,2,2,0,1,1,1,8,1,30,2,3,2,0,0,1,,38.0,voiture,voiture,5,2,2,1,3
202300029866,2023-04-14 03:00:00,2023,4,14,3,0,75,75117,AVENUE DE WAGRAM,48.881547,2.300689,Nuit avec éclairage allumé,En agglomération,Intersection en X,Normale,Deux véhicules - côté,4,2,2,0,1,1,1,8,1,30,2,3,2,0,0,1,,38.0,voiture,voiture,5,2,2,1,3
202300029867,2023-03-03 05:30:00,2023,3,3,5,30,33,33119,Rue Frédéric Joliot-Curie,44.85304,-0.53855,Nuit avec éclairage allumé,En agglomération,Hors intersection,Normale,Deux véhicules - frontale,4,2,6,3,2,1,1,0,1,50,2,2,1,0,1,0,22.0,45.0,utilitaire_camion,voiture,5,2,1,1,1
202300029868,2023-11-12 15:40:00,2023,11,12,15,40,01,01262,Route de Tramoyes,45.896264,4.969278,Plein jour,Hors agglomération,Intersection en X,Pluie légère,Deux véhicules - arrière,3,2,2,0,1,1,2,0,1,80,2,2,0,0,1,1,22.0,53.0,voiture,deux_roues,1,1,2,2,2
202300029868,2023-11-12 15:40:00,2023,11,12,15,40,01,01262,Route de Tramoyes,45.896264,4.969278,Plein jour,Hors agglomération,Intersection en X,Pluie légère,Deux véhicules - arrière,3,2,2,0,1,1,2,0,1,80,2,2,0,0,1,1,22.0,53.0,voiture,deux_roues,1,1,2,2,2
202300029869,2023-05-24 16:10:00,2023,5,24,16,10,92,92064,PARC SAINT CLOUD,48.83667,2.19481,Plein jour,Hors agglomération,Hors intersection,Normale,Sans collision,5,2,2,0,1,1,1,0,1,50,1,1,0,0,0,1,11.0,,deux_roues,,1,1,1,1,7
202300029870,2023-03-04 16:05:00,2023,3,4,16,5,31,31555,CHE DE FENOUILLET,43.64982,1.41366,Plein jour,En agglomération,Hors intersection,Normale,Deux véhicules - côté,4,2,2,0,1,1,1,0,1,30,2,2,1,0,0,1,22.0,31.0,deux_roues,voiture,1,2,1,1,3
202300029871,2023-11-10 22:34:00,2023,11,10,22,34,01,01211,D22,46.100984,5.189586,Nuit sans éclairage public,Hors agglomération,Hors intersection,Pluie légère,Autre collision,3,2,2,0,1,1,2,0,1,80,1,3,0,0,2,1,21.0,,voiture,,3,1,1,2,6
202300029872,2023-04-14 23:30:00,2023,4,14,23,30,75,75116,ALLEE DE LONGCHAMP,48.86765,2.25089,Nuit avec éclairage allumé,En agglomération,Intersection en X,Normale,Deux véhicules - frontale,4,2,4,0,1,1,1,0,1,50,2,2,1,0,0,1,76.0,24.0,voiture,deux_roues,5,2,2,1,1
202300029872,2023-04-14 23:30:00,2023,4,14,23,30,75,75116,ALLEE DE LONGCHAMP,48.86765,2.25089,Nuit avec éclairage allumé,En agglomération,Intersection en X,Normale,Deux véhicules - frontale,4,2,4,0,1,1,1,0,1,50,2,2,1,0,0,1,76.0,24.0,voiture,deux_roues,5,2,2,1,1
202300029873,2023-05-24 01:30:00,2023,5,24,1,30,92,92051,GENERAL CORDONNIER (RUE DU),48.88442178,2.27527097,Nuit avec éclairage allumé,En agglomération,Hors intersection,Normale,Autre collision,4,1,1,0,1,1,1,0,1,50,1,1,0,0,0,1,28.0,,voiture,,5,2,1,1,6
202300029874,2023-03-04 05:10:00,2023,3,4,5,10,29,29232,Pont de Poulguinan,47.98388,-4.11631,Nuit sans éclairage public,Hors agglomération,Hors intersection,Normale,Autre collision,3,3,4,0,1,1,1,2,1,50,1,2,1,0,0,1,24.0,,voiture,,3,1,1,1,6
202300029875,2023-04-15 16:00:00,2023,4,15,16,0,75,75112,QUAI DE LA RAPEE,48.844127,2.368866,Plein jour,En agglomération,Hors intersection,Normale,Deux véhicules - arrière,4,1,3,0,2,3,1,0,1,50,2,3,2,0,0,1,26.0,48.0,deux_roues,voiture,1,2,1,1,2
202300029876,2023-03-04 14:33:00,2023,3,4,14,33,29,29019,rue Commandant Somme-Py,48.403797,-4.486673,Plein jour,En agglomération,Hors intersection,Normale,Deux véhicules - arrière,4,2,2,0,2,1,1,0,1,50,2,2,1,0,0,1,64.0,20.0,voiture,deux_roues,1,2,1,1,2
202300029877,2023-05-24 09:40:00,2023,5,24,9,40,92,92040,GALLIENI (BOULEVARD),48.83458,2.26693,Plein jour,En agglomération,Intersection en X,Normale,Trois véhicules et plus - en chaîne,3,1,2,0,1,1,1,0,1,50,3,3,2,0,0,1,47.0,45.0,voiture,deux_roues,1,2,2,1,4