accident_id,datetime,annee,mois,jour,heure,minute,departement,commune_insee,adresse,latitude,longitude,luminosite,agglomeration,intersection,meteo,collision,catr,circ,nbv,vosp,prof,plan,surf,infra,situ,vma,nb_vehicules,nb_usagers,nb_indemnes,nb_tues,nb_blesses_hosp,nb_blesses_legers,age_cond_1,age_cond_2,veh_type_cond_1,veh_type_cond_2,lum_code,agg_code,int_code,atm_code,col_code
202300029877,2023-05-24 09:40:00,2023,5,24,9,40,92,92040,GALLIENI (BOULEVARD),48.83458,2.26693,Plein jour,En agglomération,Intersection en X,Normale,Trois véhicules et plus - en chaîne,3,1,2,0,1,1,1,3,1,50,3,3,2,0,0,1,47.0,45.0,voiture,deux_roues,1,2,2,1,4
202300029878,2023-11-06 13:44:00,2023,11,6,13,44,33,33184,les forgettes,45.168635,-0.543593,Plein jour,Hors agglomération,Intersection en X,Pluie forte,Deux véhicules - côté,3,2,2,0,1,1,2,0,1,80,2,2,1,0,0,1,42.0,32.0,utilitaire_camion,voiture,1,1,2,3,3
202300029878,2023-11-06 13:44:00,2023,11,6,13,44,33,33184,les forgettes,45.168635,-0.543593,Plein jour,Hors agglomération,Intersection en X,Pluie forte,Deux véhicules - côté,3,2,2,0,1,1,2,0,1,70,2,2,1,0,0,1,42.0,32.0,utilitaire_camion,voiture,1,1,2,3,3
202300029879,2023-04-15 19:38:00,2023,4,15,19,38,75,75110,RUE DU FAUBOURG SAINT MARTIN,48.871757,2.357203,Plein jour,En agglomération,Intersection en X,Normale,Deux véhicules - côté,4,1, -1,-1,1,1,1,0,1,-1,2,2,0,0,0,2,40.0,15.0,deux_roues,deux_roues,1,2,2,1,3
202300029879,2023-04-15 19:38:00,2023,4,15,19,38,75,75110,RUE DU FAUBOURG SAINT MARTIN,48.871757,2.357203,Plein jour,En agglomération,Intersection en X,Normale,Deux véhicules - côté,4,1,2,1,1,1,1,0,1,30,2,2,0,0,0,2,40.0,15.0,deux_roues,deux_roues,1,2,2,1,3
202300029880,2023-04-15 23:30:00,2023,4,15,23,30,75,75107,QUAI D ORSAY,48.862295,2.305431,Nuit avec éclairage allumé,En agglomération,Hors intersection,Normale,Sans collision,4,2,2,1,1,1,1,0,5,25,1,1,0,0,0,1,55.0,,deux_roues,,5,2,1,1,7
202300029881,2023-05-24 12:00:00,2023,5,24,12,0,92,92025,CHARLES DE GAULLE (BD),48.914548,2.229141,Plein jour,En agglomération,Intersection en X,Normale,Autre collision,3,-1,2,0,1,1,1,0,1,30,1,2,1,0,0,1,22.0,,deux_roues,,1,2,2,1,6
202300029881,2023-05-24 12:00:00,2023,5,24,12,0,92,92025,CHARLES DE GAULLE (BD),48.914548,2.229141,Plein jour,En agglomération,Intersection en X,Normale,Autre collision,3,-1,2,0,1,1,1,0,1,50,1,2,1,0,0,1,22.0,,deux_roues,,1,2,2,1,6
202300029882,2023-03-04 18:15:00,2023,3,4,18,15,18,18279,9 Rue Blanche Baron,47.22234,2.06546,Plein jour,En agglomération,Intersection en X,Normale,Deux véhicules - côté,4,2,2,0,2,1,1,0,1,50,2,3,2,0,1,0,75.0,15.0,voiture,deux_roues,1,2,2,1,3
202300029882,2023-03-04 18:15:00,2023,3,4,18,15,18,18279,9 Rue Blanche Baron,47.22234,2.06546,Plein jour,En agglomération,Intersection en X,Normale,Deux véhicules - côté,4,2,2,0,2,1,1,0,1,50,2,3,2,0,1,0,75.0,15.0,voiture,deux_roues,1,2,2,1,3
202300029883,2023-11-12 18:35:00,2023,11,12,18,35,33,33449,D1215,44.90657257,-0.746786,Nuit avec éclairage allumé,Hors agglomération,Hors intersection,Normale,Deux véhicules - frontale,3,2,2,0,1,1,2,0,1,80,2,5,1,0,1,3,39.0,41.0,voiture,utilitaire_camion,5,1,1,1,1
202300029884,2023-04-12 06:30:00,2023,4,12,6,30,75,75101,RUE DE VALOIS,48.864689,2.338587,Crépuscule ou aube,En agglomération,Intersection en T,Pluie légère,Autre collision,4,1,2,0,1,1,2,0,4,30,1,2,1,0,1,0,,,utilitaire_camion,,2,2,3,2,6
202300029884,2023-04-12 06:30:00,2023,4,12,6,30,75,75101,RUE DE VALOIS,48.864689,2.338587,Crépuscule ou aube,En agglomération,Intersection en T,Pluie légère,Autre collision,4,2,2,0,1,1,2,0,4,30,1,2,1,0,1,0,,,utilitaire_camion,,2,2,3,2,6
202300029885,2023-05-23 22:40:00,2023,5,23,22,40,92,92071,DESGRANGES (BOULEVARD DES),48.78164933,2.29332894,Nuit avec éclairage allumé,En agglomération,Hors intersection,Normale,Autre collision,4,2,2,0,4,1,1,0,1,50,1,2,1,0,0,1,44.0,,voiture,,5,2,1,1,6
202300029886,2023-03-04 20:45:00,2023,3,4,20,45,18,18033,Avenue d'Issoudun,47.05938,2.36164,Nuit sans éclairage public,Hors agglomération,Hors intersection,Temps couvert,Deux véhicules - arrière,4,2,2,0,1,1,1,0,1,70,2,5,3,0,0,2,49.0,61.0,voiture,voiture,3,1,1,8,2
202300029887,2023-11-12 18:30:00,2023,11,12,18,30,22,22081,Rue Morin,48.485581,-2.64159,Nuit sans éclairage public,En agglomération,Autre intersection,Pluie légère,Deux véhicules - côté,4,3,2,0,1,1,2,0,1,50,2,2,1,1,0,0,38.0,60.0,utilitaire_camion,deux_roues,3,2,9,2,3
202300029888,2023-04-14 12:50:00,2023,4,14,12,50,94,94076,Boulevard Maxime Gorki,48.787945,2.367785,Plein jour,En agglomération,Hors intersection,Pluie légère,Autre collision,9,1,2,3,1,1,2,-1,6,30,1,2,1,0,0,1,36.0,,transport_commun,,1,2,1,2,6
202300029889,2023-03-04 10:15:00,2023,3,4,10,15,13,13075,GENERAL DE GAULLE (MAIL),43.34661988,5.46585006,Plein jour,En agglomération,Hors intersection,Normale,Autre collision,4,3,2,0,1,1,1,0,1,30,1,2,1,0,1,0,58.0,,voiture,,1,2,1,1,6
202300029890,2023-05-24 12:20:00,2023,5,24,12,20,92,92012,JEAN BAPTISTE CLEMENT (AVENUE) 49/FIN -,48.84507955,2.23533757,Plein jour,En agglomération,Hors intersection,Normale,Autre collision,3,2,2,0,1,1,1,9,8,50,1,2,1,0,0,1,34.0,,voiture,,1,2,1,1,6
202300029891,2023-11-13 15:45:00,2023,11,13,15,45,27,27279,Avenue du General de Gaulle,49.092596,1.602078,Plein jour,En agglomération,Intersection en X,Pluie légère,Autre collision,3,1,2,0,2,1,2,0,1,50,1,2,1,0,1,0,78.0,,voiture,,1,2,2,2,6
202300029891,2023-11-13 15:45:00,2023,11,13,15,45,27,27279,Avenue du General de Gaulle,49.092596,1.602078,Plein jour,En agglomération,Intersection en X,Pluie légère,Autre collision,3,2,2,0,1,1,2,0,1,50,1,2,1,0,1,0,78.0,,voiture,,1,2,2,2,6
202300029892,2023-04-15 09:30:00,2023,4,15,9,30,94,94002,Rue de Dijon / Rue de Grenoble,48.78663,2.43074,Plein jour,En agglomération,Intersection en X,Pluie légère,Deux véhicules - côté,4,1,1,0,1,1,2,0,1,50,2,2,1,0,0,1,49.0,44.0,voiture,voiture,1,2,2,2,3
202300029892,2023-04-15 09:30:00,2023,4,15,9,30,94,94002,Rue de Dijon / Rue de Grenoble,48.78663,2.43074,Plein jour,En agglomération,Intersection en X,Pluie légère,Deux véhicules - côté,4,2,2,0,1,1,2,0,1,50,2,2,1,0,0,1,49.0,44.0,voiture,voiture,1,2,2,2,3
202300029893,2023-05-24 15:48:00,2023,5,24,15,48,92,92004,COLOMBES ( RUE DE 31 A ),48.91362,2.28156,Plein jour,En agglomération,Hors intersection,Normale,Autre collision,3,-1,1,0,1,1,1,0,1,50,1,2,1,0,0,1,34.0,,utilitaire_camion,,1,2,1,1,6
202300029894,2023-03-03 15:15:00,2023,3,3,15,15,13,13212,JEAN RAMEAU (RUE),43.30816929,5.41854873,Plein jour,En agglomération,Hors intersection,Normale,Deux véhicules - arrière,4,2,2,0,1,1,1,0,1,50,2,2,1,0,0,1,74.0,27.0,voiture,voiture,1,2,1,1,2
202300029895,2023-11-13 12:45:00,2023,11,13,12,45,59,59174,D27,50.187794,4.052153,Plein jour,Hors agglomération,Hors intersection,Pluie forte,Deux véhicules - frontale,3,2,2,0,3,4,2,0,1,80,2,4,0,1,2,1,20.0,84.0,voiture,voiture,1,1,1,3,1
202300029896,2023-05-24 15:20:00,2023,5,24,15,20,92,92004,FAIDHERBE ( AVENUE ),48.908449,2.268888,Plein jour,En agglomération,Hors intersection,Normale,Deux véhicules - côté,3,-1,1,0,1,1,1,0,1,50,2,2,1,0,0,1,48.0,55.0,deux_roues,voiture,1,2,1,1,3
202300029897,2023-04-15 12:30:00,2023,4,15,12,30,93,93073,Place Pierre Curie / Rue de Reims,48.94063,2.57844,Plein jour,En agglomération,Giratoire,Normale,Deux véhicules - frontale,4,1,1,0,1,1,1,0,1,50,2,3,2,0,0,1,29.0,31.0,deux_roues,voiture,1,2,6,1,1
202300029897,2023-04-15 12:30:00,2023,4,15,12,30,93,93073,Place Pierre Curie / Rue de Reims,48.94063,2.57844,Plein jour,En agglomération,Giratoire,Normale,Deux véhicules - frontale,4,2,2,0,1,1,1,0,1,50,2,3,2,0,0,1,29.0,31.0,deux_roues,voiture,1,2,6,1,1
202300029898,2023-03-04 18:38:00,2023,3,4,18,38,13,13005,VERDUN (AVENUE DE),43.28791,5.57784,Crépuscule ou aube,En agglomération,Hors intersection,Normale,Deux véhicules - côté,3,2,2,0,1,1,1,0,1,50,2,3,1,0,2,0,28.0,70.0,deux_roues,voiture,2,2,1,1,3
202300029899,2023-11-12 19:50:00,2023,11,12,19,50,13,13055,A50-Sens Marseille vers Aubagne,43.2847285,5.41130939,Nuit sans éclairage public,Hors agglomération,Hors intersection,Normale,Deux véhicules - arrière,1,3,3,0,1,1,1,0,1,90,2,2,1,0,0,1,19.0,31.0,deux_roues,voiture,3,1,1,1,2
202300029900,2023-03-04 23:25:00,2023,3,4,23,25,10,10387,CARNOT (RUE),48.29703,4.06654,Nuit avec éclairage allumé,En agglomération,Hors intersection,Normale,Deux véhicules - frontale,4,2,2,0,1,1,1,0,1,50,2,2,0,0,0,2,21.0,55.0,voiture,voiture,5,2,1,1,1
202300029901,2023-04-14 22:16:00,2023,4,14,22,16,93,93063,Boulevard Roger Salengro,48.8808,2.45028,Nuit avec éclairage allumé,En agglomération,Hors intersection,Pluie légère,Deux véhicules - frontale,3,3,2,2,2,2,2,0,1,50,2,2,1,0,0,1,32.0,43.0,voiture,deux_roues,5,2,1,2,1
202300029902,2023-05-24 11:15:00,2023,5,24,11,15,92,92004,VOLTAIRE ( BD 16 A FIN ),48.91659,2.28915,Plein jour,En agglomération,Hors intersection,Normale,Deux véhicules - côté,3,-1,1,0,1,1,1,0,1,50,2,2,1,0,0,1,54.0,29.0,voiture,deux_roues,1,2,1,1,3
202300029903,2023-11-10 19:00:00,2023,11,10,19,0,13,13211,A50-Sens Marseille vers Aubagne,43.28569,5.42902,Nuit sans éclairage public,Hors agglomération,Hors intersection,Normale,Trois véhicules et plus - en chaîne,1,1,3,0,1,1,1,0,1,50,3,3,2,0,0,1,74.0,34.0,voiture,voiture,3,1,1,1,4
202300029904,2023-03-04 14:55:00,2023,3,4,14,55,10,10387,EDOUARD HERRIOT (RUE),48.28012,4.07268,Plein jour,En agglomération,Intersection en X,Normale,Deux véhicules - côté,4,2,2,2,1,1,1,0,1,50,2,2,1,0,0,1,15.0,20.0,deux_roues,voiture,1,2,2,1,3
202300029904,2023-03-04 14:55:00,2023,3,4,14,55,10,10387,EDOUARD HERRIOT (RUE),48.28012,4.07268,Plein jour,En agglomération,Intersection en X,Normale,Deux véhicules - côté,4,-1,0,0,1,1,9,8,1,-1,2,2,1,0,0,1,15.0,20.0,deux_roues,voiture,1,2,2,1,3
202300029905,2023-05-25 15:15:00,2023,5,25,15,15,76,76281,D110,49.509808,0.575624,Plein jour,Hors agglomération,Hors intersection,Normale,Deux véhicules - côté,3,2,2,0,2,1,1,0,1,70,2,2,1,0,1,0,17.0,50.0,deux_roues,utilitaire_camion,1,1,1,1,3
202300029906,2023-04-14 22:54:00,2023,4,14,22,54,92,92063,HOPITAL STELL (BOULEVARD DE L'),48.87631,2.18582,Nuit avec éclairage allumé,En agglomération,Intersection en X,Normale,Deux véhicules - frontale,3,2,2,0,2,1,1,0,1,50,2,2,1,0,0,1,87.0,34.0,voiture,deux_roues,5,2,2,1,1
202300029906,2023-04-14 22:54:00,2023,4,14,22,54,92,92063,HOPITAL STELL (BOULEVARD DE L'),48.87631,2.18582,Nuit avec éclairage allumé,En agglomération,Intersection en X,Normale,Deux véhicules - frontale,3,2,2,0,1,1,1,9,1,50,2,2,1,0,0,1,87.0,34.0,voiture,deux_roues,5,2,2,1,1
202300029907,2023-03-04 14:11:00,2023,3,4,14,11,10,10387,REPUBLIQUE (RUE DE LA ),48.29834,4.07388,Plein jour,En agglomération,Intersection en T,Normale,Autre collision,4,2,2,0,1,1,1,0,1,50,1,2,1,0,1,0,47.0,,voiture,,1,2,3,1,6
202300029907,2023-03-04 14:11:00,2023,3,4,14,11,10,10387,REPUBLIQUE (RUE DE LA ),48.29834,4.07388,Plein jour,En agglomération,Intersection en T,Normale,Autre collision,4,2,3,0,1,1,1,0,1,50,1,2,1,0,1,0,47.0,,voiture,,1,2,3,1,6
202300029908,2023-11-06 16:40:00,2023,11,6,16,40,42,42218,N88,45.43415,4.42016,Plein jour,Hors agglomération,Hors intersection,Normale,Deux véhicules - côté,2,3,4,0,2,3,1,0,1,70,2,3,2,0,1,0,59.0,60.0,voiture,voiture,1,1,1,1,3
202300029909,2023-03-04 04:40:00,2023,3,4,4,40,09,09225,RIJOLE AVENUE DE LA,43.12,1.62,Nuit avec éclairage allumé,En agglomération,Autre intersection,Normale,Autre collision,4,-1,2,0,3,3,1,0,3,50,1,1,0,0,0,1,23.0,,voiture,,5,2,9,1,6
202300029910,2023-04-15 11:15:00,2023,4,15,11,15,92,92050,VAILLANT COUTURIER PAUL RUE,48.87976,2.20735,Plein jour,En agglomération,Hors intersection,Pluie légère,Deux véhicules - frontale,3,3,2,0,1,1,2,0,1,50,2,3,2,0,0,1,67.0,41.0,deux_roues,voiture,1,2,1,2,1
202300029911,2023-05-25 16:35:00,2023,5,25,16,35,80,80151,D929,49.985752,2.594576,Plein jour,Hors agglomération,Hors intersection,Normale,Deux véhicules - frontale,3,-1,2,0,1,1,1,0,1,80,3,6,2,0,1,3,29.0,46.0,voiture,voiture,1,1,1,1,1
202300029912,2023-03-02 20:30:00,2023,3,2,20,30,72,72181,AUVRAY (RUE) N° PAIRS,48.00135,0.19722,Nuit avec éclairage allumé,En agglomération,Intersection en Y,Normale,Autre collision,4,1,1,0,2,3,1,6,1,30,1,2,0,0,0,2,21.0,,voiture,,5,2,4,1,6
202300029912,2023-03-02 20:30:00,2023,3,2,20,30,72,72181,AUVRAY (RUE) N° PAIRS,48.00135,0.19722,Nuit avec éclairage allumé,En agglomération,Intersection en Y,Normale,Autre collision,4,1,1,0,1,1,1,0,1,30,1,2,0,0,0,2,21.0,,voiture,,5,2,4,1,6
202300029913,2023-04-15 12:18:00,2023,4,15,12,18,92,92062,DEFENSE (ROND POINT DE LA),48.89037844,2.24164236,Plein jour,En agglomération,Hors intersection,Temps couvert,Autre collision,3,1,1,3,1,1,2,1,1,20,1,2,1,0,0,1,,,voiture,,1,2,1,8,6
202300029914,2023-02-27 16:20:00,2023,2,27,16,20,29,29019,rue Joachim du Bellay,48.400573,-4.484091,Plein jour,En agglomération,Hors intersection,Normale,Autre collision,4,2,2,0,1,1,1,0,1,50,1,2,1,0,0,1,25.0,,voiture,,1,2,1,1,6
202300029915,2023-11-12 18:45:00,2023,11,12,18,45,33,33448,AUTOROUTE A 62,44.71770432,-0.52012056,Nuit sans éclairage public,Hors agglomération,Hors intersection,Pluie légère,Deux véhicules - arrière,1,3,4,0,1,1,2,0,1,130,2,6,5,0,0,1,28.0,52.0,voiture,voiture,3,1,1,2,2
202300029916,2023-02-08 10:45:00,2023,2,8,10,45,13,13056,BOUIN RUE JEAN,43.42399,5.04132,Plein jour,En agglomération,Hors intersection,Normale,Autre collision,4,2,2,0,1,1,1,0,1,50,1,2,1,0,0,1,72.0,,voiture,,1,2,1,1,6
202300029917,2023-04-15 09:29:00,2023,4,15,9,29,92,92024,REPUBLIQUE (PLACE DE LA),48.90339464,2.31294662,Plein jour,En agglomération,Giratoire,Pluie légère,Deux véhicules - frontale,3,2,2,0,1,1,2,0,1,50,2,2,1,0,0,1,31.0,37.0,deux_roues,voiture,1,2,6,2,1
202300029917,2023-04-15 09:29:00,2023,4,15,9,29,92,92024,REPUBLIQUE (PLACE DE LA),48.90339464,2.31294662,Plein jour,En agglomération,Giratoire,Pluie légère,Deux véhicules - frontale,3,1,2,0,1,2,2,9,1,50,2,2,1,0,0,1,31.0,37.0,deux_roues,voiture,1,2,6,2,1
202300029918,2023-11-12 18:10:00,2023,11,12,18,10,33,33167,ROUTE NATIONALE 230,44.8224076,-0.51434577,Nuit avec éclairage non allumé,Hors agglomération,Hors intersection,Pluie légère,Deux véhicules - côté,2,3,6,0,2,1,2,0,1,90,2,2,1,0,0,1,57.0,60.0,voiture,voiture,4,1,1,2,3
202300029919,2023-05-23 11:30:00,2023,5,23,11,30,67,67507,3 Rue de Breitenau,48.340446,7.299201,Plein jour,En agglomération,Autre intersection,Normale,Autre collision,4,-1,2,0,1,1,1,0,1,-1,1,2,1,0,1,0,36.0,,utilitaire_camion,,1,2,9,1,6
202300029920,2023-02-27 19:10:00,2023,2,27,19,10,13,13047,RADOLFZELL AVENUE DE,43.49862,4.97962,Nuit avec éclairage allumé,En agglomération,Giratoire,Pluie légère,Autre collision,4,3,4,0,1,1,2,5,1,50,1,2,1,0,0,1,34.0,,voiture,,5,2,6,2,6
202300029920,2023-02-27 19:10:00,2023,2,27,19,10,13,13047,RADOLFZELL AVENUE DE,43.49862,4.97962,Nuit avec éclairage allumé,En agglomération,Giratoire,Pluie légère,Autre collision,4,2,2,0,1,1,2,5,8,50,1,2,1,0,0,1,34.0,,voiture,,5,2,6,2,6
202300029921,2023-11-12 20:40:00,2023,11,12,20,40,91,91549,RN 104,48.62608,2.34042,Nuit sans éclairage public,Hors agglomération,Hors intersection,Pluie légère,Autre collision,2,1,2,0,1,1,2,0,2,110,1,1,0,0,0,1,34.0,,voiture,,3,1,1,2,6
202300029922,2023-04-15 05:50:00,2023,4,15,5,50,92,92004,VOLTAIRE ( BD ),48.91638,2.28955,Nuit avec éclairage allumé,En agglomération,Intersection en T,Pluie légère,Deux véhicules - côté,3,-1,2,0,1,1,2,0,1,50,2,2,1,0,0,1,30.0,23.0,voiture,deux_roues,5,2,3,2,3
202300029922,2023-04-15 05:50:00,2023,4,15,5,50,92,92004,VOLTAIRE ( BD ),48.91638,2.28955,Nuit avec éclairage allumé,En agglomération,Intersection en T,Pluie légère,Deux véhicules - côté,3,-1,1,0,1,1,2,0,1,50,2,2,1,0,0,1,30.0,23.0,voiture,deux_roues,5,2,3,2,3
202300029923,2023-05-25 11:10:00,2023,5,25,11,10,972,97210,N6,14.607313,-60.929832,Plein jour,Hors agglomération,Hors intersection,Normale,Autre collision,2,2,2,0,2,1,1,0,1,80,2,2,1,0,1,0,36.0,24.0,deux_roues,voiture,1,1,1,1,6
202300029924,2023-11-12 13:41:00,2023,11,12,13,41,91,91617,RN 104,48.63319,2.53403,Plein jour,Hors agglomération,Hors intersection,Pluie légère,Deux véhicules - côté,2,1,2,0,1,3,2,0,1,70,2,2,1,0,0,1,28.0,42.0,voiture,voiture,1,1,1,2,3
202300029925,2023-02-26 23:15:00,2023,2,26,23,15,75,75111,AVENUE PARMENTIER,48.86244,2.37663,Nuit avec éclairage allumé,En agglomération,Intersection en T,Normale,Autre collision,4,2,2,0,1,1,1,8,1,30,1,1,0,0,0,1,28.0,,deux_roues,,5,2,3,1,6
202300029925,2023-02-26 23:15:00,2023,2,26,23,15,75,75111,AVENUE PARMENTIER,48.86244,2.37663,Nuit avec éclairage allumé,En agglomération,Intersection en T,Normale,Autre collision,4,2, -1,-1,1,1,1,8,1,-1,1,1,0,0,0,1,28.0,,deux_roues,,5,2,3,1,6
202300029926,2023-04-16 10:40:00,2023,4,16,10,40,33,33453,Saint Laurent,44.586311,0.08494,Plein jour,Hors agglomération,Intersection en T,Normale,Deux véhicules - côté,3,2,2,0,1,1,1,0,1,80,2,2,1,0,1,0,63.0,33.0,voiture,deux_roues,1,1,3,1,3
202300029926,2023-04-16 10:40:00,2023,4,16,10,40,33,33453,Saint Laurent,44.586311,0.08494,Plein jour,Hors agglomération,Intersection en T,Normale,Deux véhicules - côté,3,2, -1,-1,2,1,1,0,1,80,2,2,1,0,1,0,63.0,33.0,voiture,deux_roues,1,1,3,1,3
202300029927,2023-03-01 16:58:00,2023,3,1,16,58,93,93057,Chemin des Postes,48.901112,2.508427,Plein jour,En agglomération,Hors intersection,Normale,Deux véhicules - frontale,4,1,1,0,1,1,1,0,4,30,2,2,1,0,0,1,49.0,37.0,deux_roues,utilitaire_camion,1,2,1,1,1
202300029928,2023-11-12 06:45:00,2023,11,12,6,45,91,91235,RN 104,48.6256,2.35544,Nuit sans éclairage public,Hors agglomération,Hors intersection,Pluie légère,Trois véhicules et plus - collisions multiples,2,1,2,0,2,3,2,0,1,70,3,3,2,0,0,1,25.0,26.0,utilitaire_camion,utilitaire_camion,3,1,1,2,5
202300029929,2023-04-24 17:00:00,2023,4,24,17,0,52,52147,A31 PK 108+000,47.857568,5.22622,Plein jour,Hors agglomération,Hors intersection,Normale,Deux véhicules - arrière,1,3,6,0,1,1,1,0,1,130,2,6,5,0,0,1,31.0,42.0,utilitaire_camion,voiture,1,1,1,1,2
202300029930,2023-02-26 11:23:00,2023,2,26,11,23,92,92025,MENELOTTE 2A 50 (AV),48.93184,2.26061,Plein jour,En agglomération,Hors intersection,Normale,Autre collision,4,2,2,0,1,1,1,1,1,30,1,2,1,0,1,0,57.0,,voiture,,1,2,1,1,6
202300029931,2023-11-12 12:45:00,2023,11,12,12,45,78,78466,A13,48.934845,1.966473,Plein jour,Hors agglomération,Hors intersection,Pluie légère,Deux véhicules - arrière,1,1,3,0,1,1,2,0,1,130,2,2,1,0,0,1,38.0,77.0,voiture,voiture,1,1,1,2,2
202300029932,2023-05-14 18:25:00,2023,5,14,18,25,01,01143,Chemin du Munet,46.360757,6.120157,Plein jour,Hors agglomération,Hors intersection,Pluie légère,Deux véhicules - frontale,4,2,2,0,2,3,2,0,1,80,2,2,1,0,1,0,47.0,44.0,voiture,deux_roues,1,1,1,2,1
202300029933,2023-04-15 19:50:00,2023,4,15,19,50,972,97216,intersection RN1/D15,14.818942,-61.027419,Crépuscule ou aube,En agglomération,Intersection en T,Normale,Deux véhicules - côté,2,2,2,0,2,1,1,5,1,-1,2,4,0,0,2,2,23.0,54.0,voiture,voiture,2,2,3,1,3
202300029933,2023-04-15 19:50:00,2023,4,15,19,50,972,97216,intersection RN1/D15,14.818942,-61.027419,Crépuscule ou aube,En agglomération,Intersection en T,Normale,Deux véhicules - côté,2,1,1,0,2,1,1,0,1,50,2,4,0,0,2,2,23.0,54.0,voiture,voiture,2,2,3,1,3
202300029934,2023-03-02 11:30:00,2023,3,2,11,30,92,92012,POINT DU JOUR (QUAI DU),48.8275,2.2527,Plein jour,En agglomération,Hors intersection,Normale,Autre collision,3,2,1,0,1,1,1,0,1,50,1,2,1,0,0,1,32.0,,deux_roues,,1,2,1,1,6
202300029935,2023-11-12 17:00:00,2023,11,12,17,0,95,95678,N104,49.07166365,2.24461198,Nuit sans éclairage public,Hors agglomération,Hors intersection,Pluie légère,Autre collision,2,3,4,0,1,1,2,0,1,90,1,1,0,0,0,1,22.0,,voiture,,3,1,1,2,6
202300029936,2023-05-25 16:15:00,2023,5,25,16,15,25,25067,A36 PK 072.000 SENS BESANÇON/MULHOUSE,47.4195157,6.59601919,Plein jour,Hors agglomération,Hors intersection,Normale,Autre collision,1,1,2,0,2,3,1,0,1,130,1,3,2,0,0,1,81.0,,voiture,,1,1,1,1,6
202300029937,2023-11-12 16:00:00,2023,11,12,16,0,93,93005,AUTOROUTE A1,48.95772,2.46285,Plein jour,Hors agglomération,Hors intersection,Pluie forte,Autre collision,1,3,4,0,1,1,2,0,1,110,1,1,0,0,0,1,27.0,,voiture,,1,1,1,3,6
202300029938,2023-03-04 10:15:00,2023,3,4,10,15,988,98818,RUE JACQUES IEKAWE/RUE EDOUARD DALMAYRAC,-22.23919,166.47272,Plein jour,En agglomération,Intersection en T,Pluie légère,Trois véhicules et plus - en chaîne,4,2,2,0,1,1,2,5,1,50,3,3,2,0,0,1,28.0,35.0,utilitaire_camion,voiture,1,2,3,2,4
202300029938,2023-03-04 10:15:00,2023,3,4,10,15,988,98818,RUE JACQUES IEKAWE/RUE EDOUARD DALMAYRAC,-22.23919,166.47272,Plein jour,En agglomération,Intersection en T,Pluie légère,Trois véhicules et plus - en chaîne,4,2,2,-1,1,1,2,5,1,50,3,3,2,0,0,1,28.0,35.0,utilitaire_camion,voiture,1,2,3,2,4
202300029939,2023-05-25 01:00:00,2023,5,25,1,0,59,59173,M945,50.731294,2.946804,Nuit sans éclairage public,Hors agglomération,Hors intersection,Normale,Autre collision,7,4,2,0,4,1,1,0,1,30,1,1,0,0,0,1,48.0,,voiture,,3,1,1,1,6
202300029940,2023-04-14 21:20:00,2023,4,14,21,20,34,34123,N109,43.628876,3.780194,Nuit sans éclairage public,Hors agglomération,Hors intersection,Normale,Sans collision,2,3,2,0,1,3,2,0,8,110,3,4,3,0,0,1,43.0,23.0,voiture,voiture,3,1,1,1,7
202300029941,2023-03-03 13:55:00,2023,3,3,13,55,974,97411,TOPAZES(ALLEE DES),-20.89171,55.44507,Plein jour,En agglomération,Hors intersection,Normale,Sans collision,3,-1,2,0,2,1,1,0,1,50,2,2,1,0,0,1,35.0,15.0,voiture,deux_roues,1,2,1,1,7
202300029942,2023-11-12 13:50:00,2023,11,12,13,50,93,93006,AUTOROUTE A3,48.87004,2.4305,Plein jour,Hors agglomération,Hors intersection,Pluie forte,Deux véhicules - arrière,1,1,4,0,1,1,2,0,1,70,2,2,1,0,0,1,26.0,25.0,utilitaire_camion,deux_roues,1,1,1,3,2
202300029943,2023-04-16 03:15:00,2023,4,16,3,15,38,38113,Départementale 526,44.828406,5.639462,Nuit sans éclairage public,Hors agglomération,Hors intersection,Normale,Sans collision,3,2,2,0,1,2,1,0,8,80,1,3,1,0,1,1,42.0,,voiture,,3,1,1,1,7
202300029944,2023-03-04 00:45:00,2023,3,4,0,45,974,97409,PENTE SASSY (chemin de la),-20.963968,55.658981,Nuit avec éclairage allumé,En agglomération,Autre intersection,Normale,Autre collision,3,3,2,0,1,2,1,0,8,50,1,2,0,0,1,1,26.0,,voiture,,5,2,9,1,6
202300029945,2023-11-12 15:50:00,2023,11,12,15,50,95,95572,A15,49.0309255,2.12129474,Plein jour,Hors agglomération,Hors intersection,Pluie forte,Autre collision,1,1,4,0,2,2,2,0,1,70,1,1,0,0,0,1,22.0,,voiture,,1,1,1,3,6
202300029946,2023-05-24 14:40:00,2023,5,24,14,40,72,72058,D304,47.959432,0.302789,Plein jour,Hors agglomération,Intersection en X,Normale,Trois véhicules et plus - en chaîne,3,2,2,0,1,1,1,0,1,90,3,4,2,0,2,0,53.0,56.0,utilitaire_camion,voiture,1,1,2,1,4
202300029946,2023-05-24 14:40:00,2023,5,24,14,40,72,72058,D304,47.959432,0.302789,Plein jour,Hors agglomération,Intersection en X,Normale,Trois véhicules et plus - en chaîne,3,2, -1,-1,1,1,-1,0,1,-1,3,4,2,0,2,0,53.0,56.0,utilitaire_camion,voiture,1,1,2,1,4
202300029947,2023-11-12 15:00:00,2023,11,12,15,0,93,93078,AUTOROUTE A104,48.96388,2.52115,Plein jour,Hors agglomération,Hors intersection,Pluie forte,Autre collision,1,3,3,0,1,2,2,0,1,90,1,1,0,0,0,1,21.0,,voiture,,1,1,1,3,6