accident_id,datetime,annee,mois,jour,heure,minute,departement,commune_insee,adresse,latitude,longitude,luminosite,agglomeration,intersection,meteo,collision,catr,circ,nbv,vosp,prof,plan,surf,infra,situ,vma,nb_vehicules,nb_usagers,nb_indemnes,nb_tues,nb_blesses_hosp,nb_blesses_legers,age_cond_1,age_cond_2,veh_type_cond_1,veh_type_cond_2,lum_code,agg_code,int_code,atm_code,col_code
202300029948,2023-04-14 21:35:00,2023,4,14,21,35,34,34095,RM613 PR 41+550,43.528816,3.744803,Nuit avec éclairage non allumé,Hors agglomération,Hors intersection,Normale,Deux véhicules - arrière,7,2,1,0,1,1,1,0,1,80,2,2,1,0,1,0,16.0,49.0,deux_roues,utilitaire_camion,4,1,1,1,2
202300029949,2023-03-03 12:10:00,2023,3,3,12,10,973,97302,LALLOUETTE(RUE),4.94071701,-52.32925938,Plein jour,En agglomération,Hors intersection,Normale,Deux véhicules - arrière,4,1,2,0,1,1,1,0,1,50,2,2,1,0,0,1,69.0,28.0,voiture,voiture,1,2,1,1,2
202300029950,2023-05-25 08:54:00,2023,5,25,8,54,85,85109,la Garlopière,46.842816,-1.048508,Plein jour,Hors agglomération,Intersection en Y,Normale,Deux véhicules - frontale,4,2,2,0,1,2,1,0,1,80,2,2,1,0,0,1,57.0,24.0,voiture,voiture,1,1,4,1,1
202300029950,2023-05-25 08:54:00,2023,5,25,8,54,85,85109,la Garlopière,46.842816,-1.048508,Plein jour,Hors agglomération,Intersection en Y,Normale,Deux véhicules - frontale,4,2, -1,-1,-1,2,1,0,1,-1,2,2,1,0,0,1,57.0,24.0,voiture,voiture,1,1,4,1,1
202300029951,2023-11-12 13:30:00,2023,11,12,13,30,95,95252,A15,48.98775556,2.20669627,Plein jour,Hors agglomération,Hors intersection,Pluie forte,Autre collision,1,1,4,0,1,1,2,0,1,70,1,1,0,0,0,1,27.0,,voiture,,1,1,1,3,6
202300029952,2023-03-04 01:14:00,2023,3,4,1,14,69,69386,Cours Lafayette,45.76371492,4.85805004,Nuit avec éclairage allumé,En agglomération,Intersection en X,Normale,Deux véhicules - frontale,4,1,2,2,1,1,1,0,1,30,2,2,0,0,0,2,25.0,28.0,deux_roues,deux_roues,5,2,2,1,1
202300029952,2023-03-04 01:14:00,2023,3,4,1,14,69,69386,Cours Lafayette,45.76371492,4.85805004,Nuit avec éclairage allumé,En agglomération,Intersection en X,Normale,Deux véhicules - frontale,4,1,1,2,1,1,1,0,1,30,2,2,0,0,0,2,25.0,28.0,deux_roues,deux_roues,5,2,2,1,1
202300029953,2023-04-16 15:10:00,2023,4,16,15,10,56,56173,646 Kercadoret Pennaut,47.997353,-2.986194,Plein jour,Hors agglomération,Intersection en X,Normale,Deux véhicules - côté,4,2,2,0,1,1,1,0,1,80,2,3,0,0,0,3,61.0,20.0,voiture,voiture,1,1,2,1,3
202300029954,2023-05-25 13:15:00,2023,5,25,13,15,67,67194,4 Rue de Drusenheim,48.730461,7.906959,Plein jour,En agglomération,Giratoire,Normale,Autre collision,3,2,1,0,1,1,1,0,1,50,1,2,1,0,0,1,67.0,,voiture,,1,2,6,1,6
202300029955,2023-11-12 10:40:00,2023,11,12,10,40,95,95018,A15,48.9630397,2.26571023,Plein jour,Hors agglomération,Hors intersection,Pluie légère,Autre collision,1,1,2,0,2,3,2,0,1,50,1,2,0,0,0,2,26.0,,voiture,,1,1,1,2,6
202300029956,2023-03-03 13:05:00,2023,3,3,13,5,972,97209,MARNE (BOULEVARD DE LA),14.60475,-61.08387,Plein jour,En agglomération,Hors intersection,Normale,Deux véhicules - côté,2,2,2,0,2,1,1,0,4,50,2,4,2,0,1,0,51.0,,voiture,autre,1,2,1,1,3
202300029957,2023-04-16 08:30:00,2023,4,16,8,30,65,65435,D920,42.948664,-0.083342,Plein jour,Hors agglomération,Hors intersection,Normale,Autre collision,3,-1,2,0,2,3,9,0,8,80,1,2,1,0,1,0,18.0,,voiture,,1,1,1,1,6
202300029958,2023-04-15 01:30:00,2023,4,15,1,30,11,11206,,43.056101,2.202558,Nuit avec éclairage allumé,En agglomération,Hors intersection,Pluie forte,Autre collision,4,2,2,0,1,1,2,0,3,50,1,1,0,0,1,0,40.0,,voiture,,5,2,1,3,6
202300029959,2023-03-02 17:50:00,2023,3,2,17,50,69,69389,Rue du Bourbonnais,45.7736,4.79514,Plein jour,En agglomération,Intersection en X,Normale,Autre collision,4,1,1,0,1,1,1,0,1,30,1,2,1,0,0,1,63.0,,voiture,,1,2,2,1,6
202300029959,2023-03-02 17:50:00,2023,3,2,17,50,69,69389,Rue du Bourbonnais,45.7736,4.79514,Plein jour,En agglomération,Intersection en X,Normale,Autre collision,4,2,3,0,1,1,1,0,1,30,1,2,1,0,0,1,63.0,,voiture,,1,2,2,1,6
202300029960,2023-11-11 23:20:00,2023,11,11,23,20,93,93013,AUTOROUTE A1,48.94049514,2.42470833,Nuit sans éclairage public,Hors agglomération,Hors intersection,Normale,Deux véhicules - côté,1,3,4,0,1,1,1,0,1,110,2,5,1,0,0,4,25.0,42.0,voiture,transport_commun,3,1,1,1,3
202300029961,2023-05-23 09:00:00,2023,5,23,9,0,24,24309,A 89 Pk 97.500,45.102062,0.489278,Plein jour,Hors agglomération,Hors intersection,Normale,Sans collision,1,3,2,0,2,2,1,0,1,130,1,1,0,0,1,0,43.0,,voiture,,1,1,1,1,7
202300029962,2023-03-03 16:30:00,2023,3,3,16,30,95,95427,Rue Maurice Berteaux,48.97506,2.34714,Plein jour,En agglomération,Hors intersection,Temps couvert,Autre collision,3,2,2,0,1,1,1,0,1,30,1,2,1,0,0,1,75.0,,voiture,,1,2,1,8,6
202300029963,2023-11-11 11:30:00,2023,11,11,11,30,92,92036,AUTOROUTE A15,48.94364712,2.28775617,Plein jour,Hors agglomération,Hors intersection,Normale,Deux véhicules - arrière,1,3,4,0,1,1,2,2,1,90,2,2,1,0,0,1,41.0,60.0,utilitaire_camion,voiture,1,1,1,1,2
202300029964,2023-05-24 19:00:00,2023,5,24,19,0,44,44009,,47.2171,-1.453641,Plein jour,Hors agglomération,Hors intersection,Normale,Deux véhicules - arrière,2,3,4,0,1,1,1,3,1,110,2,3,2,0,1,0,30.0,41.0,voiture,deux_roues,1,1,1,1,2
202300029965,2023-04-15 19:20:00,2023,4,15,19,20,22,22079,Les Bourrieux,48.40155,-2.683507,Plein jour,Hors agglomération,Hors intersection,Normale,Sans collision,5,-1,1,0,1,1,9,0,8,-1,1,1,0,1,0,0,64.0,,deux_roues,,1,1,1,1,7
202300029966,2023-03-03 20:06:00,2023,3,3,20,6,91,91425,RTE D ORLEANS RN 20,48.65168,2.27277,Nuit avec éclairage allumé,En agglomération,Intersection en T,Normale,Autre collision,3,3,2,3,1,1,1,5,1,50,1,5,4,0,1,0,28.0,,voiture,,5,2,3,1,6
202300029966,2023-03-03 20:06:00,2023,3,3,20,6,91,91425,RTE D ORLEANS RN 20,48.65168,2.27277,Nuit avec éclairage allumé,En agglomération,Intersection en T,Normale,Autre collision,3,2,2,0,1,1,1,5,1,50,1,5,4,0,1,0,28.0,,voiture,,5,2,3,1,6
202300029967,2023-05-22 17:30:00,2023,5,22,17,30,51,51266,Rue d?Avenay,49.113118,4.034509,Plein jour,En agglomération,Hors intersection,Normale,Autre collision,3,2,2,0,2,1,1,0,1,50,1,2,0,0,1,1,67.0,,deux_roues,,1,2,1,1,6
202300029968,2023-11-11 17:30:00,2023,11,11,17,30,77,77053,RN104,48.69945746,2.59393277,Crépuscule ou aube,Hors agglomération,Hors intersection,Pluie légère,Deux véhicules - côté,2,3,6,0,1,1,2,0,1,90,2,4,2,0,0,2,50.0,30.0,voiture,voiture,2,1,1,2,3
202300029969,2023-03-03 22:05:00,2023,3,3,22,5,91,91432,RD 118,48.71369,2.34683,Nuit sans éclairage public,En agglomération,Hors intersection,Normale,Sans collision,3,-1,2,0,1,1,1,0,3,70,1,1,0,0,1,0,41.0,,voiture,,3,2,1,1,7
202300029970,2023-04-15 18:25:00,2023,4,15,18,25,44,44126,84 Route de la Prée,47.14260613,-2.21057475,Plein jour,Hors agglomération,Intersection en X,Normale,Deux véhicules - côté,3,2,2,0,1,1,1,0,1,80,2,2,1,0,1,0,73.0,34.0,autre,deux_roues,1,1,2,1,3
202300029970,2023-04-15 18:25:00,2023,4,15,18,25,44,44126,84 Route de la Prée,47.14260613,-2.21057475,Plein jour,Hors agglomération,Intersection en X,Normale,Deux véhicules - côté,3,2,0,0,1,1,1,5,1,50,2,2,1,0,1,0,73.0,34.0,autre,deux_roues,1,1,2,1,3
202300029971,2023-03-03 22:00:00,2023,3,3,22,0,91,91286,1ERE ARMEE (AVENUE),48.65435,2.39685,Nuit avec éclairage allumé,En agglomération,Hors intersection,Normale,Deux véhicules - côté,3,2,2,0,4,1,1,0,1,50,2,2,1,0,0,1,28.0,27.0,voiture,voiture,5,2,1,1,3
202300029972,2023-05-25 08:40:00,2023,5,25,8,40,56,56075,La Meaudaie,47.953522,-2.111845,Plein jour,Hors agglomération,Intersection en T,Normale,Deux véhicules - frontale,4,2,2,0,1,1,1,0,1,80,2,2,1,0,0,1,43.0,17.0,voiture,deux_roues,1,1,3,1,1
202300029972,2023-05-25 08:40:00,2023,5,25,8,40,56,56075,La Meaudaie,47.953522,-2.111845,Plein jour,Hors agglomération,Intersection en T,Normale,Deux véhicules - frontale,4,2,2,-1,1,1,1,0,1,80,2,2,1,0,0,1,43.0,17.0,voiture,deux_roues,1,1,3,1,1
202300029973,2023-07-17 11:49:00,2023,7,17,11,49,13,13053,D23e,43.728204,5.161557,Plein jour,En agglomération,Intersection en X,Normale,Deux véhicules - arrière,3,2,2,0,2,1,1,0,1,70,2,3,1,0,1,1,39.0,53.0,voiture,deux_roues,1,2,2,1,2
202300029973,2023-07-17 11:49:00,2023,7,17,11,49,13,13053,D23e,43.728204,5.161557,Plein jour,En agglomération,Intersection en X,Normale,Deux véhicules - arrière,3,2, -1,-1,1,1,1,0,1,-1,2,3,1,0,1,1,39.0,53.0,voiture,deux_roues,1,2,2,1,2
202300029974,2023-04-16 02:49:00,2023,4,16,2,49,38,38263,655 Grand Chemin Royal,45.285111,5.461253,Nuit sans éclairage public,Hors agglomération,Hors intersection,Normale,Autre collision,3,2,2,0,2,2,2,0,8,70,1,5,0,5,0,0,23.0,,voiture,,3,1,1,1,6
202300029975,2023-05-24 18:50:00,2023,5,24,18,50,79,79063,,47.077911,-0.345812,Plein jour,Hors agglomération,Hors intersection,Normale,Sans collision,3,2,2,0,1,2,1,0,3,80,1,1,0,0,1,0,17.0,,deux_roues,,1,1,1,1,7
202300029976,2023-03-01 14:00:00,2023,3,1,14,0,87,87085,BAC (RUE THEODORE),45.83763,1.26513,Plein jour,En agglomération,Hors intersection,Normale,Trois véhicules et plus - en chaîne,4,2,2,0,2,1,1,0,1,30,3,3,2,0,0,1,42.0,76.0,voiture,voiture,1,2,1,1,4
202300029977,2023-04-16 04:30:00,2023,4,16,4,30,38,38104,RD592,45.567836,5.599597,Nuit sans éclairage public,Hors agglomération,Hors intersection,Temps couvert,Autre collision,3,2,2,0,1,1,2,0,1,70,1,2,1,1,0,0,33.0,,utilitaire_camion,,3,1,1,8,6
202300029978,2023-07-30 01:00:00,2023,7,30,1,0,13,13096,D38b,43.522434,4.386136,Nuit avec éclairage allumé,En agglomération,Hors intersection,Normale,Deux véhicules - frontale,3,2,2,0,1,2,1,0,8,80,1,3,0,0,1,2,28.0,,voiture,,5,2,1,1,1
202300029979,2023-04-15 22:45:00,2023,4,15,22,45,01,01457,Route de Chaveyriat,46.217874,5.003328,Nuit sans éclairage public,Hors agglomération,Intersection en Y,Temps couvert,Autre collision,3,2,2,0,1,1,2,2,1,80,1,1,0,0,1,0,23.0,,voiture,,3,1,4,8,6
202300029979,2023-04-15 22:45:00,2023,4,15,22,45,01,01457,Route de Chaveyriat,46.217874,5.003328,Nuit sans éclairage public,Hors agglomération,Intersection en Y,Temps couvert,Autre collision,3,2,2,0,1,1,2,0,1,80,1,1,0,0,1,0,23.0,,voiture,,3,1,4,8,6
202300029980,2023-06-19 23:55:00,2023,6,19,23,55,71,71270,LAGUICHE (RUE PHILIBERT),46.3056,4.83335,Nuit avec éclairage allumé,En agglomération,Hors intersection,Normale,Sans collision,4,1,1,0,1,1,1,0,1,50,1,1,0,0,0,1,22.0,,deux_roues,,5,2,1,1,7
202300029981,2023-05-24 08:00:00,2023,5,24,8,0,82,82144,d959,44.172159,1.363366,Plein jour,Hors agglomération,Intersection en X,Normale,Deux véhicules - côté,3,2,2,0,1,1,1,0,1,80,2,3,1,0,1,1,57.0,33.0,voiture,voiture,1,1,2,1,3
202300029981,2023-05-24 08:00:00,2023,5,24,8,0,82,82144,d959,44.172159,1.363366,Plein jour,Hors agglomération,Intersection en X,Normale,Deux véhicules - côté,3,2,2,0,1,1,1,0,1,80,2,3,1,0,1,1,57.0,33.0,voiture,voiture,1,1,2,1,3
202300029982,2023-03-03 16:30:00,2023,3,3,16,30,77,77132,AV ROBERT SCHUMAN,48.86859,2.79224,Plein jour,En agglomération,Hors intersection,Normale,Sans collision,4,2,2,0,1,3,1,0,1,50,1,1,0,0,0,1,61.0,,deux_roues,,1,2,1,1,7
202300029983,2023-06-22 11:15:00,2023,6,22,11,15,62,62160,Rue Nationale,50.72049,1.61324,Plein jour,En agglomération,Intersection en X,Normale,Autre collision,4,2, -1,-1,1,1,1,5,1,50,1,2,1,0,1,0,20.0,,utilitaire_camion,,1,2,2,1,6
202300029983,2023-06-22 11:15:00,2023,6,22,11,15,62,62160,Rue Nationale,50.72049,1.61324,Plein jour,En agglomération,Intersection en X,Normale,Autre collision,4,2,0,0,1,1,1,5,1,50,1,2,1,0,1,0,20.0,,utilitaire_camion,,1,2,2,1,6
202300029984,2023-03-27 15:35:00,2023,3,27,15,35,72,72191,Hameau de Sainte Croix,47.762962,0.295365,Plein jour,Hors agglomération,Intersection en T,Normale,Autre collision,3,2,2,0,2,1,1,0,1,80,2,2,1,0,1,0,53.0,71.0,voiture,deux_roues,1,1,3,1,6
202300029984,2023-03-27 15:35:00,2023,3,27,15,35,72,72191,Hameau de Sainte Croix,47.762962,0.295365,Plein jour,Hors agglomération,Intersection en T,Normale,Autre collision,3,-1, -1,-1,1,1,1,0,1,-1,2,2,1,0,1,0,53.0,71.0,voiture,deux_roues,1,1,3,1,6
202300029985,2023-03-03 07:50:00,2023,3,3,7,50,76,76351,FRISSARD (QUAI),49.49145,0.13253,Plein jour,En agglomération,Giratoire,Normale,Autre collision,4,-1,2,3,1,1,1,0,8,30,2,2,1,0,1,0,31.0,53.0,deux_roues,voiture,1,2,6,1,6
202300029986,2023-04-15 10:15:00,2023,4,15,10,15,72,72320,D197,48.067856,0.169119,Plein jour,Hors agglomération,Giratoire,Normale,Deux véhicules - côté,3,2,2,0,1,2,1,0,1,90,2,2,1,0,1,0,53.0,34.0,deux_roues,utilitaire_camion,1,1,6,1,3
202300029987,2023-05-30 12:10:00,2023,5,30,12,10,91,91228,RUE DE LA MARE NEUVE,48.61864,2.42458,Plein jour,En agglomération,Autre intersection,Normale,Deux véhicules - côté,4,2,2,0,1,1,1,9,1,50,2,3,1,0,0,2,39.0,29.0,voiture,voiture,1,2,9,1,3
202300029988,2023-05-24 21:55:00,2023,5,24,21,55,63,63420,RD2089 / RD104,45.814268,3.337317,Crépuscule ou aube,Hors agglomération,Intersection en X,Normale,Deux véhicules - côté,3,2,1,0,1,1,1,5,1,90,2,6,3,1,2,0,21.0,41.0,voiture,voiture,2,1,2,1,3
202300029988,2023-05-24 21:55:00,2023,5,24,21,55,63,63420,RD2089 / RD104,45.814268,3.337317,Crépuscule ou aube,Hors agglomération,Intersection en X,Normale,Deux véhicules - côté,3,2,2,0,1,1,1,5,1,-1,2,6,3,1,2,0,21.0,41.0,voiture,voiture,2,1,2,1,3
202300029989,2023-03-02 15:25:00,2023,3,2,15,25,76,76351,ALBERT 1ER,49.50186,0.08724,Plein jour,En agglomération,Hors intersection,Normale,Deux véhicules - frontale,4,2,2,0,2,1,1,0,1,50,2,2,1,0,1,0,50.0,55.0,transport_commun,voiture,1,2,1,1,1
202300029990,2023-04-14 15:45:00,2023,4,14,15,45,07,07090,Grand rue,44.747581,4.674023,Plein jour,En agglomération,Intersection en T,Normale,Deux véhicules - frontale,4,2,2,0,1,1,1,0,1,50,2,2,1,0,1,0,14.0,64.0,deux_roues,voiture,1,2,3,1,1
202300029990,2023-04-14 15:45:00,2023,4,14,15,45,07,07090,Grand rue,44.747581,4.674023,Plein jour,En agglomération,Intersection en T,Normale,Deux véhicules - frontale,4,2, -1,-1,2,1,1,0,1,-1,2,2,1,0,1,0,14.0,64.0,deux_roues,voiture,1,2,3,1,1
202300029991,2023-11-10 16:40:00,2023,11,10,16,40,976,97611,Rue de la plage hamaha,-12.75942,45.22871,Plein jour,En agglomération,Hors intersection,Normale,Autre collision,9,-1, -1,0,2,1,1,0,1,50,2,4,1,0,0,3,30.0,32.0,voiture,deux_roues,1,2,1,1,6
202300029992,2023-05-25 18:40:00,2023,5,25,18,40,76,76638,D1314,50.009415,1.429901,Plein jour,Hors agglomération,Intersection en X,Normale,Deux véhicules - côté,3,2,2,0,1,1,1,0,1,50,2,3,1,0,2,0,81.0,27.0,voiture,deux_roues,1,1,2,1,3
202300029992,2023-05-25 18:40:00,2023,5,25,18,40,76,76638,D1314,50.009415,1.429901,Plein jour,Hors agglomération,Intersection en X,Normale,Deux véhicules - côté,3,-1,2,0,3,1,1,0,1,80,2,3,1,0,2,0,81.0,27.0,voiture,deux_roues,1,1,2,1,3
202300029993,2023-04-15 20:45:00,2023,4,15,20,45,40,40044,D817,43.550575,-1.320189,Crépuscule ou aube,Hors agglomération,Hors intersection,Normale,Deux véhicules - côté,3,3,2,0,1,1,1,0,1,80,2,2,1,0,0,1,57.0,57.0,voiture,utilitaire_camion,2,1,1,1,3
202300029994,2023-03-03 21:35:00,2023,3,3,21,35,71,71105,BALME (CHEMIN DE),46.28585073,4.78234112,Nuit sans éclairage public,Hors agglomération,Intersection en T,Normale,Trois véhicules et plus - collisions multiples,2,3,2,0,1,1,1,2,1,50,3,7,4,0,0,3,42.0,42.0,voiture,voiture,3,1,3,1,5
202300029994,2023-03-03 21:35:00,2023,3,3,21,35,71,71105,BALME (CHEMIN DE),46.28585073,4.78234112,Nuit sans éclairage public,Hors agglomération,Intersection en T,Normale,Trois véhicules et plus - collisions multiples,2,1,1,0,3,3,1,3,1,70,3,7,4,0,0,3,42.0,42.0,voiture,voiture,3,1,3,1,5
202300029995,2023-11-11 11:55:00,2023,11,11,11,55,974,97416,RN1(BRETELLE ACCES),-21.33017,55.4561,Plein jour,Hors agglomération,Hors intersection,Normale,Autre collision,2,-1,1,0,1,3,1,9,1,50,1,1,0,0,0,1,41.0,,deux_roues,,1,1,1,1,6
202300029996,2023-04-16 06:50:00,2023,4,16,6,50,85,85051,RD137,46.690855,-1.064258,Plein jour,Hors agglomération,Hors intersection,Normale,Autre collision,3,2,2,0,1,1,1,2,1,80,1,1,0,0,1,0,24.0,,voiture,,1,1,1,1,6
202300029997,2023-05-25 15:58:00,2023,5,25,15,58,12,12088,Lieu Dit Longueroque,44.653597,2.889351,Plein jour,Hors agglomération,Hors intersection,Normale,Sans collision,3,2,2,0,1,1,1,0,3,90,2,2,1,1,0,0,64.0,59.0,deux_roues,utilitaire_camion,1,1,1,1,7
202300029998,2023-03-02 16:20:00,2023,3,2,16,20,71,71076,MESSAGERIES (QUAI DES ),46.781,4.85824,Plein jour,En agglomération,Hors intersection,Normale,Autre collision,4,2,2,0,1,1,1,0,1,50,1,2,1,0,1,0,,,voiture,,1,2,1,1,6
202300029999,2023-05-24 18:55:00,2023,5,24,18,55,68,68202,Rue des Bonnes-gens,47.590232,7.131248,Plein jour,En agglomération,Hors intersection,Normale,Sans collision,4,2,2,0,2,1,1,0,1,50,1,1,0,0,0,1,24.0,,deux_roues,,1,2,1,1,7
202300030000,2023-11-09 08:00:00,2023,11,9,8,0,974,97416,PRESIDENT MITTERAND(AVENUE),-21.34863,55.50096,Plein jour,Hors agglomération,Hors intersection,Normale,Deux véhicules - côté,2,2,2,0,2,1,1,0,1,50,2,3,2,0,0,1,42.0,17.0,transport_commun,deux_roues,1,1,1,1,3
202300030001,2023-04-14 06:55:00,2023,4,14,6,55,27,27102,intersection D675 et rue de la fosse à lingot,49.357617,0.779992,Crépuscule ou aube,Hors agglomération,Intersection en T,Normale,Deux véhicules - côté,3,2,2,0,1,1,1,0,1,80,2,3,2,0,1,0,20.0,25.0,utilitaire_camion,voiture,2,1,3,1,3
202300030001,2023-04-14 06:55:00,2023,4,14,6,55,27,27102,intersection D675 et rue de la fosse à lingot,49.357617,0.779992,Crépuscule ou aube,Hors agglomération,Intersection en T,Normale,Deux véhicules - côté,3,2,2,0,1,1,1,0,8,80,2,3,2,0,1,0,20.0,25.0,utilitaire_camion,voiture,2,1,3,1,3
202300030002,2023-05-22 13:55:00,2023,5,22,13,55,39,39184,,46.449966,5.806682,Plein jour,Hors agglomération,Hors intersection,Normale,Sans collision,3,2,2,0,2,3,1,2,1,80,1,1,0,0,1,0,67.0,,deux_roues,,1,1,1,1,7
202300030003,2023-03-03 08:15:00,2023,3,3,8,15,69,69266,Autoroute 42,45.78231,4.8913,Plein jour,Hors agglomération,Hors intersection,Normale,Trois véhicules et plus - collisions multiples,1,3,3,0,1,2,1,3,1,50,3,5,3,0,0,2,24.0,51.0,voiture,voiture,1,1,1,1,5
202300030004,2023-05-25 01:00:00,2023,5,25,1,0,39,39171,,46.671654,5.460022,Nuit avec éclairage allumé,Hors agglomération,Autre intersection,Normale,Autre collision,3,2,2,0,1,1,1,0,8,70,1,2,0,0,0,2,48.0,,utilitaire_camion,,5,1,9,1,6
202300030005,2023-04-15 16:35:00,2023,4,15,16,35,27,27533,37 Rue Guèrard,49.326115,1.719709,Plein jour,En agglomération,Autre intersection,Normale,Sans collision,3,2,2,0,1,4,1,0,3,50,1,1,0,0,1,0,43.0,,voiture,,1,2,9,1,7
202300030006,2023-04-09 19:30:00,2023,4,9,19,30,17,17439,D109,46.29343,-0.842857,Plein jour,Hors agglomération,Hors intersection,Normale,Sans collision,3,2,2,0,1,1,1,0,1,50,1,1,0,0,1,0,23.0,,deux_roues,,1,1,1,1,7
202300030007,2023-03-03 20:48:00,2023,3,3,20,48,69,69259,Route de Vienne,45.72448,4.85406,Nuit avec éclairage allumé,En agglomération,Intersection en T,Normale,Deux véhicules - frontale,4,1,1,2,1,1,1,0,1,50,2,5,4,1,0,0,41.0,17.0,voiture,voiture,5,2,3,1,1
202300030007,2023-03-03 20:48:00,2023,3,3,20,48,69,69259,Route de Vienne,45.72448,4.85406,Nuit avec éclairage allumé,En agglomération,Intersection en T,Normale,Deux véhicules - frontale,4,2,3,2,1,1,1,0,1,50,2,5,4,1,0,0,41.0,17.0,voiture,voiture,5,2,3,1,1
202300030008,2023-11-09 15:45:00,2023,11,9,15,45,974,97411,LATTRE DE TASSIGNY (AVENUE MARECHAL DE),-20.88751,55.47227,Plein jour,En agglomération,Giratoire,Normale,Trois véhicules et plus - collisions multiples,4,2,4,0,2,2,1,9,1,50,4,6,2,0,0,4,44.0,59.0,voiture,voiture,1,2,6,1,5
202300030008,2023-11-09 15:45:00,2023,11,9,15,45,974,97411,LATTRE DE TASSIGNY (AVENUE MARECHAL DE),-20.88751,55.47227,Plein jour,En agglomération,Giratoire,Normale,Trois véhicules et plus - collisions multiples,4,2,4,3,2,3,1,9,1,50,4,6,2,0,0,4,44.0,59.0,voiture,voiture,1,2,6,1,5
202300030009,2023-05-25 07:45:00,2023,5,25,7,45,44,44069,Rue des Collèges,47.3377318,-2.4281966,Plein jour,En agglomération,Intersection en T,Normale,Deux véhicules - côté,4,1,1,1,1,3,1,0,5,30,2,2,1,0,0,1,12.0,58.0,deux_roues,transport_commun,1,2,3,1,3
202300030009,2023-05-25 07:45:00,2023,5,25,7,45,44,44069,Rue des Collèges,47.3377318,-2.4281966,Plein jour,En agglomération,Intersection en T,Normale,Deux véhicules - côté,4,2,1,0,2,1,1,0,5,30,2,2,1,0,0,1,12.0,58.0,deux_roues,transport_commun,1,2,3,1,3
202300030010,2023-03-02 17:30:00,2023,3,2,17,30,69,69290,18 Rue de la Cordière,45.69458,4.94835,Plein jour,En agglomération,Hors intersection,Normale,Deux véhicules - arrière,4,2,2,2,2,1,1,0,1,50,2,2,1,0,0,1,23.0,20.0,voiture,voiture,1,2,1,1,2
202300030011,2023-04-16 16:25:00,2023,4,16,16,25,17,17091,D9,46.275172,-1.068099,Plein jour,Hors agglomération,Hors intersection,Normale,Deux véhicules - côté,3,2,2,0,1,3,1,0,1,80,2,5,2,1,0,2,63.0,65.0,voiture,voiture,1,1,1,1,3
202300030012,2023-11-11 12:54:00,2023,11,11,12,54,973,97309,COLLERY (ZONE INDUSTRIELLE),4.90049,-52.30746,Plein jour,Hors agglomération,Hors intersection,Normale,Trois véhicules et plus - collisions multiples,3,2,2,0,1,2,1,0,1,70,3,3,0,0,0,3,21.0,60.0,voiture,voiture,1,1,1,1,5
202300030013,2023-03-02 18:15:00,2023,3,2,18,15,69,69259,120 Boulevard Irène Joliot Curie,45.70913,4.88481,Plein jour,En agglomération,Hors intersection,Normale,Deux véhicules - côté,7,2,4,2,1,1,1,0,1,50,2,2,1,0,0,1,37.0,54.0,deux_roues,voiture,1,2,1,1,3
202300030014,2023-05-25 07:35:00,2023,5,25,7,35,38,38393,d1085,45.407448,5.34487,Plein jour,Hors agglomération,Intersection en T,Normale,Deux véhicules - côté,3,2,2,0,3,1,1,0,1,90,2,3,0,0,1,2,56.0,62.0,voiture,voiture,1,1,3,1,3
202300030014,2023-05-25 07:35:00,2023,5,25,7,35,38,38393,d1085,45.407448,5.34487,Plein jour,Hors agglomération,Intersection en T,Normale,Deux véhicules - côté,3,2,2,0,2,3,1,0,1,50,2,3,0,0,1,2,56.0,62.0,voiture,voiture,1,1,3,1,3
202300030015,2023-11-11 03:00:00,2023,11,11,3,0,973,97302,ROUTE NATIONALE 1,4.9149,-52.32965,Nuit avec éclairage allumé,Hors agglomération,Hors intersection,Normale,Sans collision,2,1,2,0,1,1,1,0,1,90,2,2,1,0,0,1,,18.0,autre,deux_roues,5,1,1,1,7
202300030016,2023-04-15 05:56:00,2023,4,15,5,56,57,57743,N4 PR 28+900,48.754491,7.192472,Crépuscule ou aube,Hors agglomération,Hors intersection,Normale,Sans collision,2,3,2,0,1,1,1,0,3,110,1,1,0,0,1,0,24.0,,voiture,,2,1,1,1,7
202300030017,2023-05-24 18:20:00,2023,5,24,18,20,50,50013,Le Petit Vicel,49.631204,-1.292685,Plein jour,Hors agglomération,Hors intersection,Normale,Deux véhicules - frontale,4,2,2,0,1,3,1,0,1,80,2,2,1,0,1,0,31.0,49.0,deux_roues,utilitaire_camion,1,1,1,1,1
202300030018,2023-03-01 18:20:00,2023,3,1,18,20,69,69029,Avenue Franklin Roosevelt,45.73457,4.90503,Plein jour,En agglomération,Passage à niveau,Normale,Deux véhicules - côté,4,1,1,0,1,1,1,0,6,50,2,6,2,0,0,4,33.0,24.0,voiture,transport_commun,1,2,8,1,3
202300030018,2023-03-01 18:20:00,2023,3,1,18,20,69,69029,Avenue Franklin Roosevelt,45.73457,4.90503,Plein jour,En agglomération,Passage à niveau,Normale,Deux véhicules - côté,4,2,2,3,1,2,1,4,6,50,2,6,2,0,0,4,33.0,24.0,voiture,transport_commun,1,2,8,1,3