accident_id,datetime,annee,mois,jour,heure,minute,departement,commune_insee,adresse,latitude,longitude,luminosite,agglomeration,intersection,meteo,collision,catr,circ,nbv,vosp,prof,plan,surf,infra,situ,vma,nb_vehicules,nb_usagers,nb_indemnes,nb_tues,nb_blesses_hosp,nb_blesses_legers,age_cond_1,age_cond_2,veh_type_cond_1,veh_type_cond_2,lum_code,agg_code,int_code,atm_code,col_code
202300030019,2023-11-10 22:35:00,2023,11,10,22,35,973,97302,GONTRAN BRADIN (CITE ANATOLE),4.93501416,-52.31805995,Nuit avec éclairage allumé,En agglomération,Intersection en T,Normale,Deux véhicules - côté,4,2,2,0,1,3,1,0,1,50,2,2,1,0,0,1,39.0,22.0,deux_roues,voiture,5,2,3,1,3
202300030019,2023-11-10 22:35:00,2023,11,10,22,35,973,97302,GONTRAN BRADIN (CITE ANATOLE),4.93501416,-52.31805995,Nuit avec éclairage allumé,En agglomération,Intersection en T,Normale,Deux véhicules - côté,4,2,2,0,1,3,1,0,1,50,2,2,1,0,0,1,39.0,22.0,deux_roues,voiture,5,2,3,1,3
202300030020,2023-04-15 15:05:00,2023,4,15,15,5,988,98824,Tchambouenne (Tribu),-20.41264,164.603149,Plein jour,Hors agglomération,Intersection en T,Pluie légère,Autre collision,3,2,2,0,2,2,2,0,3,110,1,3,0,3,0,0,28.0,,voiture,,1,1,3,2,6
202300030020,2023-04-15 15:05:00,2023,4,15,15,5,988,98824,Tchambouenne (Tribu),-20.41264,164.603149,Plein jour,Hors agglomération,Intersection en T,Pluie légère,Autre collision,3,2,2,-1,-1,1,2,-1,3,-1,1,3,0,3,0,0,28.0,,voiture,,1,1,3,2,6
202300030021,2023-05-24 20:15:00,2023,5,24,20,15,53,53064,route départementale 5,48.328837,-0.719454,Plein jour,Hors agglomération,Hors intersection,Normale,Autre collision,3,-1,2,0,3,3,1,0,3,80,1,1,0,0,1,0,22.0,,deux_roues,,1,1,1,1,6
202300030022,2023-03-03 12:45:00,2023,3,3,12,45,69,69091,Rue de la Paix,45.5878,4.76032,Plein jour,En agglomération,Giratoire,Temps couvert,Deux véhicules - frontale,7,2,2,0,1,1,1,2,1,50,2,2,1,0,0,1,45.0,38.0,voiture,deux_roues,1,2,6,8,1
202300030022,2023-03-03 12:45:00,2023,3,3,12,45,69,69091,Rue de la Paix,45.5878,4.76032,Plein jour,En agglomération,Giratoire,Temps couvert,Deux véhicules - frontale,7,2,4,0,1,1,1,9,1,50,2,2,1,0,0,1,45.0,38.0,voiture,deux_roues,1,2,6,8,1
202300030023,2023-11-10 09:35:00,2023,11,10,9,35,973,97302,UNIVERSITE CHICAGO (RUE DE),4.93710253,-52.30491579,Plein jour,En agglomération,Hors intersection,Normale,Deux véhicules - arrière,4,2,2,0,1,1,1,0,1,50,2,2,1,0,0,1,64.0,36.0,voiture,utilitaire_camion,1,2,1,1,2
202300030024,2023-04-16 05:10:00,2023,4,16,5,10,988,98823,Néouta (Tribu),-21.063557,165.385458,Crépuscule ou aube,En agglomération,Hors intersection,Pluie légère,Autre collision,2,2,2,0,1,3,2,0,3,-1,1,2,0,0,2,0,37.0,,voiture,,2,2,1,2,6
202300030025,2023-05-24 17:50:00,2023,5,24,17,50,85,85182,RD752,46.77888,-0.857178,Plein jour,Hors agglomération,Hors intersection,Normale,Deux véhicules - frontale,3,2,2,0,1,1,1,9,1,80,2,2,1,0,0,1,63.0,48.0,voiture,voiture,1,1,1,1,1
202300030026,2023-03-03 17:00:00,2023,3,3,17,0,59,59350,Avenue Marie-Louise Delwaulle,50.63315,3.01926,Plein jour,En agglomération,Hors intersection,Normale,Autre collision,4,2,2,0,1,1,1,9,1,30,1,2,1,1,0,0,45.0,,transport_commun,,1,2,1,1,6
202300030027,2023-11-10 07:45:00,2023,11,10,7,45,973,97302,CABASSOU (ROUTE DE),4.92019316,-52.3201561,Plein jour,En agglomération,Hors intersection,Normale,Deux véhicules - côté,3,2,2,0,1,1,1,0,1,50,2,2,1,0,0,1,24.0,33.0,deux_roues,voiture,1,2,1,1,3
202300030028,2023-05-24 08:20:00,2023,5,24,8,20,37,37179,la coudrière,47.450797,0.726122,Plein jour,En agglomération,Hors intersection,Normale,Deux véhicules - frontale,4,2,2,0,1,3,1,0,1,50,2,2,1,0,0,1,52.0,30.0,utilitaire_camion,deux_roues,1,2,1,1,1
202300030029,2023-03-03 10:49:00,2023,3,3,10,49,59,59368,SAINT CHARLES RUE,50.6656392,3.06864023,Plein jour,En agglomération,Hors intersection,Normale,Deux véhicules - frontale,4,2,2,0,1,1,1,0,1,50,2,2,1,0,0,1,32.0,24.0,deux_roues,voiture,1,2,1,1,1
202300030030,2023-05-24 16:30:00,2023,5,24,16,30,987,98724,District de Fitii,-16.730886,-151.035404,Plein jour,Hors agglomération,Hors intersection,Normale,Autre collision,2,2,2,0,1,3,1,0,8,60,1,1,0,0,0,1,53.0,,utilitaire_camion,,1,1,1,1,6
202300030031,2023-04-15 21:45:00,2023,4,15,21,45,971,97128,Castaing,16.22833,-61.374489,Nuit sans éclairage public,Hors agglomération,Hors intersection,Normale,Deux véhicules - frontale,2,2,2,0,1,1,1,0,1,80,2,3,1,0,2,0,22.0,37.0,deux_roues,voiture,3,1,1,1,1
202300030032,2023-11-10 07:15:00,2023,11,10,7,15,973,97302,RABAN (ROUTE DE),4.93023568,-52.31339157,Plein jour,En agglomération,Hors intersection,Normale,Deux véhicules - côté,4,2,2,0,2,1,1,0,1,50,2,3,1,0,0,2,15.0,51.0,deux_roues,deux_roues,1,2,1,1,3
202300030033,2023-03-03 19:35:00,2023,3,3,19,35,59,59588,CHAPEAU ROUGE - ROUTE,51.027495,2.428273,Nuit sans éclairage public,En agglomération,Hors intersection,Normale,Deux véhicules - frontale,3,-1,2,0,1,1,1,0,1,70,2,2,1,0,1,0,18.0,55.0,deux_roues,voiture,3,2,1,1,1
202300030034,2023-04-16 00:40:00,2023,4,16,0,40,971,97106,Route Nationale 2,16.148903,-61.772105,Nuit avec éclairage allumé,En agglomération,Hors intersection,Normale,Autre collision,2,2,2,0,2,1,1,0,3,50,1,1,0,1,0,0,40.0,,voiture,,5,2,1,1,6
202300030035,2023-03-02 16:20:00,2023,3,2,16,20,59,59178,RHIN ET DANUBE (RUE),50.38818,3.07494,Plein jour,En agglomération,Hors intersection,Normale,Autre collision,3,2,2,0,1,1,1,0,1,50,1,2,1,0,1,0,75.0,,voiture,,1,2,1,1,6
202300030036,2023-11-09 08:20:00,2023,11,9,8,20,973,97302,CABASSOU (ROUTE DE),4.92,-52.31955,Plein jour,En agglomération,Intersection en T,Normale,Deux véhicules - côté,3,2,2,2,1,1,1,0,1,50,2,2,1,0,0,1,27.0,23.0,deux_roues,autre,1,2,3,1,3
202300030036,2023-11-09 08:20:00,2023,11,9,8,20,973,97302,CABASSOU (ROUTE DE),4.92,-52.31955,Plein jour,En agglomération,Intersection en T,Normale,Deux véhicules - côté,3,2,2,0,1,1,1,0,1,50,2,2,1,0,0,1,27.0,23.0,deux_roues,autre,1,2,3,1,3
202300030037,2023-05-25 16:00:00,2023,5,25,16,0,78,78437,D125,49.051933,1.656275,Plein jour,Hors agglomération,Intersection en X,Normale,Deux véhicules - côté,3,2,2,0,1,1,1,5,1,80,2,2,1,1,0,0,65.0,86.0,deux_roues,voiture,1,1,2,1,3
202300030037,2023-05-25 16:00:00,2023,5,25,16,0,78,78437,D125,49.051933,1.656275,Plein jour,Hors agglomération,Intersection en X,Normale,Deux véhicules - côté,3,2,2,0,1,1,1,0,1,80,2,2,1,1,0,0,65.0,86.0,deux_roues,voiture,1,1,2,1,3
202300030038,2023-02-28 09:35:00,2023,2,28,9,35,57,57306,MARNE (RUE DE LA),49.33064,6.06049,Plein jour,En agglomération,Hors intersection,Normale,Autre collision,3,2,1,0,1,1,1,0,1,50,1,2,1,0,1,0,71.0,,voiture,,1,2,1,1,6
202300030039,2023-04-13 11:00:00,2023,4,13,11,0,77,77273,D401,49.047967,2.747226,Plein jour,Hors agglomération,Intersection en T,Normale,Trois véhicules et plus - collisions multiples,3,2,1,0,1,1,1,5,1,90,3,4,1,0,1,2,51.0,44.0,utilitaire_camion,voiture,1,1,3,1,5
202300030039,2023-04-13 11:00:00,2023,4,13,11,0,77,77273,D401,49.047967,2.747226,Plein jour,Hors agglomération,Intersection en T,Normale,Trois véhicules et plus - collisions multiples,3,2,1,0,1,1,1,5,1,70,3,4,1,0,1,2,51.0,44.0,utilitaire_camion,voiture,1,1,3,1,5
202300030040,2023-05-23 08:30:00,2023,5,23,8,30,03,03290,RD 29 PK 09+100,46.664665,3.349543,Plein jour,Hors agglomération,Hors intersection,Normale,Sans collision,3,2,2,0,1,1,1,0,8,90,1,1,0,0,0,1,59.0,,voiture,,1,1,1,1,7
202300030041,2023-02-28 08:32:00,2023,2,28,8,32,57,57012,FOCH (RUE),49.35975,6.04911,Plein jour,En agglomération,Hors intersection,Normale,Autre collision,3,2,2,0,1,1,1,0,1,50,1,2,1,0,0,1,85.0,,voiture,,1,2,1,1,6
202300030042,2023-11-08 20:21:00,2023,11,8,20,21,973,97302,FLAMBOYANTS (RUE DES),4.92497126,-52.31714398,Nuit sans éclairage public,En agglomération,Intersection en T,Normale,Deux véhicules - côté,4,2,2,0,1,1,1,0,1,50,2,4,0,0,1,3,45.0,24.0,deux_roues,voiture,3,2,3,1,3
202300030042,2023-11-08 20:21:00,2023,11,8,20,21,973,97302,FLAMBOYANTS (RUE DES),4.92497126,-52.31714398,Nuit sans éclairage public,En agglomération,Intersection en T,Normale,Deux véhicules - côté,4,2,2,0,1,1,1,0,1,50,2,4,0,0,1,3,45.0,24.0,deux_roues,voiture,3,2,3,1,3
202300030043,2023-04-14 18:30:00,2023,4,14,18,30,73,73153,D67,45.73065511,6.42131565,Plein jour,Hors agglomération,Hors intersection,Normale,Deux véhicules - frontale,3,2,2,0,1,2,1,0,1,80,2,2,1,0,1,0,17.0,66.0,deux_roues,voiture,1,1,1,1,1
202300030044,2023-04-16 12:15:00,2023,4,16,12,15,77,77280,VC,49.01915006,3.02651968,Plein jour,En agglomération,Intersection en T,Normale,Deux véhicules - frontale,4,2,2,0,2,1,1,0,1,50,2,2,1,0,1,0,44.0,36.0,voiture,deux_roues,1,2,3,1,1
202300030044,2023-04-16 12:15:00,2023,4,16,12,15,77,77280,VC,49.01915006,3.02651968,Plein jour,En agglomération,Intersection en T,Normale,Deux véhicules - frontale,4,-1, -1,-1,1,1,1,0,1,-1,2,2,1,0,1,0,44.0,36.0,voiture,deux_roues,1,2,3,1,1
202300030045,2023-03-02 14:30:00,2023,3,2,14,30,56,56098,LANN-SEVELIN (ROND POINT DE),47.77808,-3.34523,Plein jour,En agglomération,Giratoire,Normale,Deux véhicules - arrière,3,1,3,0,1,2,1,5,1,50,2,2,1,0,0,1,60.0,24.0,voiture,voiture,1,2,6,1,2
202300030046,2023-11-08 11:10:00,2023,11,8,11,10,973,97302,CESAIRE (CITE),4.93051,-52.32233,Plein jour,En agglomération,Intersection en X,Normale,Deux véhicules - côté,4,2,2,0,1,1,1,0,1,50,2,3,2,0,0,1,61.0,31.0,utilitaire_camion,deux_roues,1,2,2,1,3
202300030047,2023-04-15 14:00:00,2023,4,15,14,0,30,30345,La Canebiere,44.279467,4.003884,Plein jour,En agglomération,Hors intersection,Normale,Sans collision,3,2,2,0,1,3,1,0,1,50,2,2,1,0,1,0,23.0,48.0,deux_roues,transport_commun,1,2,1,1,7
202300030048,2023-03-03 06:50:00,2023,3,3,6,50,54,54328,route de mirecourt,48.60932,6.174146,Crépuscule ou aube,Hors agglomération,Giratoire,Normale,Deux véhicules - côté,7,1, -1,0,1,1,1,0,1,50,2,2,1,0,0,1,21.0,40.0,deux_roues,voiture,2,1,6,1,3
202300030048,2023-03-03 06:50:00,2023,3,3,6,50,54,54328,route de mirecourt,48.60932,6.174146,Crépuscule ou aube,Hors agglomération,Giratoire,Normale,Deux véhicules - côté,7,-1,2,0,1,1,1,0,1,50,2,2,1,0,0,1,21.0,40.0,deux_roues,voiture,2,1,6,1,3
202300030049,2023-11-11 09:57:00,2023,11,11,9,57,972,97213,ROUTE DEPARTEMENTALE 15 A,14.63242957,-61.01113917,Plein jour,En agglomération,Hors intersection,Normale,Deux véhicules - arrière,3,2,2,0,1,1,1,0,1,70,2,2,1,0,0,1,60.0,26.0,voiture,voiture,1,2,1,1,2
202300030050,2023-03-16 12:10:00,2023,3,16,12,10,64,64496,D137,43.466298,-1.449723,Plein jour,En agglomération,Intersection en T,Normale,Sans collision,3,2,2,0,1,1,1,5,1,50,2,2,1,0,1,0,60.0,72.0,utilitaire_camion,deux_roues,1,2,3,1,7
202300030050,2023-03-16 12:10:00,2023,3,16,12,10,64,64496,D137,43.466298,-1.449723,Plein jour,En agglomération,Intersection en T,Normale,Sans collision,3,2, -1,-1,1,1,1,0,1,-1,2,2,1,0,1,0,60.0,72.0,utilitaire_camion,deux_roues,1,2,3,1,7
202300030051,2023-03-02 17:40:00,2023,3,2,17,40,54,54439,DE GAULLE (AVENUE CHARLES),48.70435349,6.25269055,Plein jour,En agglomération,Intersection en T,Normale,Deux véhicules - frontale,4,2,2,0,1,1,1,0,1,50,2,2,1,0,0,1,41.0,21.0,voiture,deux_roues,1,2,3,1,1
202300030051,2023-03-02 17:40:00,2023,3,2,17,40,54,54439,DE GAULLE (AVENUE CHARLES),48.70435349,6.25269055,Plein jour,En agglomération,Intersection en T,Normale,Deux véhicules - frontale,4,2, -1,-1,1,1,1,0,1,50,2,2,1,0,0,1,41.0,21.0,voiture,deux_roues,1,2,3,1,1
202300030052,2023-04-01 00:10:00,2023,4,1,0,10,11,11076,,43.305143,1.956993,Nuit avec éclairage non allumé,En agglomération,Giratoire,Normale,Deux véhicules - côté,4,2,2,0,1,1,1,5,1,50,2,2,1,0,1,0,20.0,30.0,deux_roues,utilitaire_camion,4,2,6,1,3
202300030053,2023-03-31 06:57:00,2023,3,31,6,57,44,44204,25 Rue du Petit Plessis,47.261251,-1.450753,Plein jour,En agglomération,Hors intersection,Normale,Autre collision,4,2,2,0,1,1,1,0,1,50,1,2,1,0,0,1,,,autre,,1,2,1,1,6
202300030054,2023-11-08 17:30:00,2023,11,8,17,30,972,97213,ROUTE NATIONALE 1,14.62353,-60.9888,Crépuscule ou aube,En agglomération,Giratoire,Pluie légère,Deux véhicules - frontale,2,2,2,0,1,3,2,0,1,70,2,2,1,0,0,1,69.0,38.0,utilitaire_camion,voiture,2,2,6,2,1
202300030054,2023-11-08 17:30:00,2023,11,8,17,30,972,97213,ROUTE NATIONALE 1,14.62353,-60.9888,Crépuscule ou aube,En agglomération,Giratoire,Pluie légère,Deux véhicules - frontale,2,1,2,0,1,2,2,0,1,70,2,2,1,0,0,1,69.0,38.0,utilitaire_camion,voiture,2,2,6,2,1
202300030055,2023-03-02 08:00:00,2023,3,2,8,0,54,54300,GALTIER (RUE LUCIEN),48.66618476,6.21454954,Crépuscule ou aube,En agglomération,Hors intersection,Temps éblouissant,Autre collision,4,2,2,0,1,1,1,0,1,50,1,2,1,0,0,1,48.0,,voiture,,2,2,1,7,6
202300030056,2023-04-15 15:05:00,2023,4,15,15,5,84,84019,D994,44.284583,4.732404,Plein jour,Hors agglomération,Hors intersection,Vent fort / tempête,Trois véhicules et plus - collisions multiples,3,2,2,0,1,1,1,0,1,80,3,3,2,0,1,0,58.0,29.0,deux_roues,voiture,1,1,1,6,5
202300030057,2023-03-03 08:10:00,2023,3,3,8,10,54,54580,RUE DE VERDUN,49.46667,5.93284,Plein jour,En agglomération,Hors intersection,Normale,Autre collision,4,2,2,0,2,1,1,0,1,50,1,2,1,0,0,1,74.0,,voiture,,1,2,1,1,6
202300030058,2023-11-08 17:15:00,2023,11,8,17,15,972,97209,AUTOROUTE (A1),14.61442,-61.04642,Plein jour,Hors agglomération,Hors intersection,Normale,Deux véhicules - côté,1,1,4,3,2,1,1,9,1,60,2,2,1,0,1,0,,49.0,voiture,deux_roues,1,1,1,1,3
202300030059,2023-04-05 07:20:00,2023,4,5,7,20,27,27022,d82 vieux villez,49.167788,1.288404,Plein jour,Hors agglomération,Hors intersection,Normale,Deux véhicules - frontale,3,2,2,0,1,3,1,0,1,80,2,2,1,0,0,1,23.0,44.0,voiture,voiture,1,1,1,1,1
202300030060,2023-04-16 02:50:00,2023,4,16,2,50,83,83107,1 Route de la Bouverie,43.462665,6.65735,Nuit sans éclairage public,Hors agglomération,Hors intersection,Normale,Autre collision,4,2,2,0,1,1,1,0,1,70,1,2,1,0,1,0,23.0,,voiture,,3,1,1,1,6
202300030061,2023-03-03 21:10:00,2023,3,3,21,10,51,51454,rue de Cernay,49.25782,4.0526,Nuit avec éclairage allumé,En agglomération,Intersection en T,Normale,Deux véhicules - frontale,4,2,2,0,1,1,1,0,1,50,2,2,1,0,0,1,43.0,29.0,voiture,deux_roues,5,2,3,1,1
202300030061,2023-03-03 21:10:00,2023,3,3,21,10,51,51454,rue de Cernay,49.25782,4.0526,Nuit avec éclairage allumé,En agglomération,Intersection en T,Normale,Deux véhicules - frontale,4,1,1,2,1,1,1,0,1,-1,2,2,1,0,0,1,43.0,29.0,voiture,deux_roues,5,2,3,1,1
202300030062,2023-04-15 21:30:00,2023,4,15,21,30,89,89206,,48.02401086,3.42479263,Nuit sans éclairage public,Hors agglomération,Hors intersection,Normale,Sans collision,3,2,2,0,1,1,2,0,3,90,1,3,0,2,0,1,21.0,,voiture,,3,1,1,1,7
202300030063,2023-11-11 10:58:00,2023,11,11,10,58,2B,2B037,TOUTES RUES,42.62861,9.43769,Plein jour,En agglomération,Giratoire,Normale,Deux véhicules - arrière,2,1,2,0,1,1,1,0,1,50,2,2,1,0,0,1,22.0,50.0,voiture,utilitaire_camion,1,2,6,1,2
202300030063,2023-11-11 10:58:00,2023,11,11,10,58,2B,2B037,TOUTES RUES,42.62861,9.43769,Plein jour,En agglomération,Giratoire,Normale,Deux véhicules - arrière,2,4,2,0,1,3,1,9,1,50,2,2,1,0,0,1,22.0,50.0,voiture,utilitaire_camion,1,2,6,1,2
202300030064,2023-05-25 18:30:00,2023,5,25,18,30,27,27287,D830,48.983597,1.014819,Plein jour,Hors agglomération,Intersection en Y,Normale,Deux véhicules - côté,3,2,2,0,1,1,1,0,1,-1,2,2,1,0,1,0,29.0,20.0,deux_roues,voiture,1,1,4,1,3
202300030064,2023-05-25 18:30:00,2023,5,25,18,30,27,27287,D830,48.983597,1.014819,Plein jour,Hors agglomération,Intersection en Y,Normale,Deux véhicules - côté,3,2,2,-1,1,1,1,0,1,80,2,2,1,0,1,0,29.0,20.0,deux_roues,voiture,1,1,4,1,3
202300030065,2023-03-03 17:00:00,2023,3,3,17,0,51,51172,Rue Jean Cocteau,49.21668,4.04266,Plein jour,En agglomération,Hors intersection,Normale,Deux véhicules - côté,6,-1, -1,0,1,1,1,0,1,-1,2,2,1,0,0,1,38.0,58.0,deux_roues,voiture,1,2,1,1,3
202300030066,2023-04-15 10:15:00,2023,4,15,10,15,67,67217,D83,48.4813,7.671418,Plein jour,Hors agglomération,Hors intersection,Normale,Deux véhicules - arrière,3,3,2,0,1,1,1,0,1,110,2,2,1,0,1,0,27.0,75.0,voiture,utilitaire_camion,1,1,1,1,2
202300030067,2023-05-25 04:32:00,2023,5,25,4,32,60,60446,Nationale 2,49.14782883,2.82107717,Crépuscule ou aube,Hors agglomération,Hors intersection,Normale,Autre collision,2,2,0,0,1,1,1,0,3,80,1,1,0,0,0,1,27.0,,voiture,,2,1,1,1,6
202300030068,2023-11-11 01:02:00,2023,11,11,1,2,2B,2B037,TOUTES RUES,42.619,9.432,Nuit avec éclairage allumé,En agglomération,Hors intersection,Normale,Deux véhicules - frontale,3,2,2,0,2,1,1,0,1,50,2,3,0,0,1,2,53.0,25.0,voiture,voiture,5,2,1,1,1
202300030069,2023-03-03 17:30:00,2023,3,3,17,30,51,51454,rue Libergier,49.25211,4.02939,Plein jour,En agglomération,Hors intersection,Normale,Autre collision,4,2,2,0,2,1,1,0,1,50,1,2,1,0,0,1,23.0,,voiture,,1,2,1,1,6
202300030070,2023-04-16 13:00:00,2023,4,16,13,0,69,69106,Chemin des Verchères,45.92717,4.690078,Plein jour,En agglomération,Intersection en X,Normale,Deux véhicules - côté,3,2,2,0,1,1,1,0,1,50,2,3,0,0,1,2,63.0,35.0,voiture,voiture,1,2,2,1,3
202300030070,2023-04-16 13:00:00,2023,4,16,13,0,69,69106,Chemin des Verchères,45.92717,4.690078,Plein jour,En agglomération,Intersection en X,Normale,Deux véhicules - côté,3,2,2,0,1,1,1,0,1,50,2,3,0,0,1,2,63.0,35.0,voiture,voiture,1,2,2,1,3
202300030071,2023-03-03 07:34:00,2023,3,3,7,34,49,49007,ARBRISSEL,47.4446,-0.5606,Plein jour,En agglomération,Hors intersection,Normale,Deux véhicules - côté,4,2,2,0,1,1,1,0,1,20,2,2,1,0,0,1,23.0,63.0,deux_roues,voiture,1,2,1,1,3
202300030072,2023-11-09 12:34:00,2023,11,9,12,34,2B,2B037,TOUTES RUES,42.61916,9.42522,Plein jour,En agglomération,Intersection en T,Normale,Autre collision,3,-1,2,0,1,1,1,0,1,50,3,3,1,0,0,2,36.0,44.0,voiture,utilitaire_camion,1,2,3,1,6
202300030073,2023-04-15 23:00:00,2023,4,15,23,0,31,31451,Route de Saint-Fèrrèol,43.44689286,2.01155484,Nuit sans éclairage public,En agglomération,Hors intersection,Normale,Autre collision,3,2,2,0,2,2,1,0,3,80,1,1,0,0,0,1,20.0,,voiture,,3,2,1,1,6
202300030074,2023-05-24 14:00:00,2023,5,24,14,0,69,69116,Autoroute 6,45.83266,4.75989,Plein jour,Hors agglomération,Hors intersection,Normale,Trois véhicules et plus - en chaîne,1,3,4,0,1,1,1,0,1,70,4,6,1,0,0,5,22.0,78.0,voiture,voiture,1,1,1,1,4
202300030075,2023-04-16 10:15:00,2023,4,16,10,15,31,31151,Route de Pompertuzat,43.474789,1.497381,Plein jour,En agglomération,Hors intersection,Normale,Deux véhicules - frontale,3,2,2,0,2,4,1,0,1,50,2,2,1,1,0,0,62.0,57.0,deux_roues,voiture,1,2,1,1,1
202300030076,2023-11-09 10:55:00,2023,11,9,10,55,2B,2B033,CAMPINCHI NR 1 AU 5 -RUE,42.69667,9.4481,Plein jour,En agglomération,Hors intersection,Normale,Deux véhicules - frontale,4,2,1,0,2,1,1,0,1,50,1,3,1,0,0,2,62.0,,voiture,,1,2,1,1,1
202300030077,2023-03-03 08:00:00,2023,3,3,8,0,49,49267,RD 347,47.47295,-0.4633,Plein jour,Hors agglomération,Hors intersection,Normale,Trois véhicules et plus - en chaîne,3,2,2,0,1,1,1,0,1,90,3,6,1,0,0,5,28.0,56.0,utilitaire_camion,voiture,1,1,1,1,4
202300030078,2023-03-01 13:23:00,2023,3,1,13,23,49,49007,CHAUMIN BOULEVARD,47.45044,-0.55565,Plein jour,En agglomération,Hors intersection,Normale,Sans collision,4,3,4,0,1,1,1,0,1,50,1,1,0,0,1,0,66.0,,deux_roues,,1,2,1,1,7
202300030079,2023-04-16 03:00:00,2023,4,16,3,0,86,86018,Basses,47.04818,0.107793,Plein jour,Hors agglomération,Hors intersection,Normale,Autre collision,4,-1,1,0,1,1,1,0,3,80,1,1,0,0,1,0,33.0,,voiture,,1,1,1,1,6
202300030080,2023-05-24 18:21:00,2023,5,24,18,21,94,94034,A86,48.75772551,2.32805983,Plein jour,Hors agglomération,Hors intersection,Normale,Trois véhicules et plus - collisions multiples,1,1,2,0,1,2,1,0,1,70,3,3,2,0,0,1,23.0,59.0,voiture,deux_roues,1,1,1,1,5
202300030081,2023-11-08 17:04:00,2023,11,8,17,4,2B,2B120,11 - RT,42.64646,9.44,Plein jour,Hors agglomération,Hors intersection,Normale,Deux véhicules - côté,2,1,4,0,1,1,1,0,1,90,2,2,1,0,1,0,17.0,51.0,deux_roues,voiture,1,1,1,1,3
202300030082,2023-04-15 17:30:00,2023,4,15,17,30,85,85035,RD38,46.63287,-1.862247,Plein jour,En agglomération,Giratoire,Normale,Deux véhicules - côté,3,2,2,1,1,3,1,5,1,50,2,1,0,0,0,1,17.0,,deux_roues,,1,2,6,1,3
202300030083,2023-11-10 16:20:00,2023,11,10,16,20,971,97113,BESSON,16.2358,-61.5054,Plein jour,Hors agglomération,Hors intersection,Normale,Deux véhicules - côté,3,2,2,0,1,3,1,0,1,70,2,2,1,0,0,1,58.0,75.0,voiture,deux_roues,1,1,1,1,3
202300030084,2023-05-24 17:20:00,2023,5,24,17,20,91,91161,AUTOROUTE A6,48.69983,2.31112,Plein jour,Hors agglomération,Hors intersection,Normale,Deux véhicules - côté,1,1,3,0,1,1,1,0,1,90,2,2,1,0,0,1,46.0,24.0,deux_roues,voiture,1,1,1,1,3
202300030085,2023-03-03 18:10:00,2023,3,3,18,10,44,44114,,47.26266,-1.60947,Plein jour,Hors agglomération,Hors intersection,Normale,Trois véhicules et plus - en chaîne,1,3,6,0,1,1,1,0,1,90,4,6,3,0,0,3,25.0,32.0,voiture,voiture,1,1,1,1,4
202300030086,2023-04-15 19:00:00,2023,4,15,19,0,53,53056,La Filerie,48.122441,-0.687574,Plein jour,Hors agglomération,Hors intersection,Normale,Sans collision,4,2,2,0,1,1,1,0,1,50,1,1,0,0,1,0,50.0,,deux_roues,,1,1,1,1,7
202300030087,2023-11-09 16:57:00,2023,11,9,16,57,971,97101,PALAIS ROYAL,16.28453,-61.49393,Plein jour,En agglomération,Hors intersection,Pluie forte,Autre collision,4,2,1,0,1,1,2,0,1,50,1,3,1,0,0,2,61.0,,voiture,,1,2,1,3,6
202300030088,2023-04-16 04:30:00,2023,4,16,4,30,76,76557,Route du Havre,49.528273,0.660709,Nuit avec éclairage allumé,En agglomération,Hors intersection,Brouillard / fumée,Autre collision,3,2,2,0,1,1,1,9,1,50,1,3,0,1,2,0,31.0,,voiture,,5,2,1,5,6
202300030089,2023-05-24 13:58:00,2023,5,24,13,58,91,91286,AUTOROUTE A6,48.65,2.38447,Plein jour,Hors agglomération,Hors intersection,Normale,Deux véhicules - arrière,1,1,3,0,1,1,1,0,1,110,2,3,2,0,0,1,39.0,25.0,voiture,voiture,1,1,1,1,2
202300030090,2023-03-03 08:30:00,2023,3,3,8,30,44,44190,190 Boulevard des Pas Enchantés,47.21206,-1.48746,Plein jour,Hors agglomération,Hors intersection,Normale,Trois véhicules et plus - collisions multiples,4,2,2,1,1,1,1,0,1,50,3,3,2,0,1,0,50.0,28.0,utilitaire_camion,voiture,1,1,1,1,5
202300030091,2023-11-03 16:30:00,2023,11,3,16,30,971,97101,GRAND CAMP(SECTION),16.25401768,-61.53820574,Plein jour,Hors agglomération,Hors intersection,Normale,Sans collision,2,1,1,0,1,1,1,0,1,90,1,1,0,0,0,1,18.0,,deux_roues,,1,1,1,1,7
202300030092,2023-04-15 15:50:00,2023,4,15,15,50,62,62014,Rue du Portugal,50.63263544,2.4060815,Plein jour,En agglomération,Intersection en X,Normale,Deux véhicules - frontale,4,2,2,0,1,1,1,0,1,50,2,4,1,0,0,3,42.0,49.0,voiture,voiture,1,2,2,1,1
202300030093,2023-05-24 01:35:00,2023,5,24,1,35,94,94021,A6B,48.77043046,2.34474022,Nuit avec éclairage non allumé,Hors agglomération,Hors intersection,Normale,Deux véhicules - arrière,1,-1,2,0,1,1,1,0,1,90,2,2,1,0,0,1,31.0,64.0,voiture,utilitaire_camion,4,1,1,1,2
202300030094,2023-11-09 06:45:00,2023,11,9,6,45,971,97120,BAS DU FORT,16.22364062,-61.52597487,Plein jour,Hors agglomération,Hors intersection,Normale,Autre collision,4,1,1,0,1,1,1,9,1,30,1,2,1,0,0,1,,,voiture,,1,1,1,1,6
202300030095,2023-03-02 20:20:00,2023,3,2,20,20,41,41018,PIGELEE (RUE) N° PAIRS,47.598,1.307,Nuit avec éclairage allumé,En agglomération,Intersection en T,Normale,Deux véhicules - frontale,4,2,2,1,1,1,1,0,1,30,2,2,1,0,1,0,49.0,19.0,voiture,deux_roues,5,2,3,1,1