accident_id,datetime,annee,mois,jour,heure,minute,departement,commune_insee,adresse,latitude,longitude,luminosite,agglomeration,intersection,meteo,collision,catr,circ,nbv,vosp,prof,plan,surf,infra,situ,vma,nb_vehicules,nb_usagers,nb_indemnes,nb_tues,nb_blesses_hosp,nb_blesses_legers,age_cond_1,age_cond_2,veh_type_cond_1,veh_type_cond_2,lum_code,agg_code,int_code,atm_code,col_code
202300030166,2023-10-31 17:05:00,2023,10,31,17,5,84,84007,MORIERES (Route de ),43.94418,4.88284,Plein jour,Hors agglomération,Intersection en X,Normale,Trois véhicules et plus - en chaîne,3,3,3,0,1,1,1,0,1,80,3,3,1,0,0,2,18.0,26.0,voiture,transport_commun,1,1,2,1,4
202300030166,2023-10-31 17:05:00,2023,10,31,17,5,84,84007,MORIERES (Route de ),43.94418,4.88284,Plein jour,Hors agglomération,Intersection en X,Normale,Trois véhicules et plus - en chaîne,3,2,2,0,1,1,1,0,1,80,3,3,1,0,0,2,18.0,26.0,voiture,transport_commun,1,1,2,1,4
202300030167,2023-05-23 07:55:00,2023,5,23,7,55,971,97101,BOULEVARD DES HEROS,16.24982,-61.52369,Plein jour,En agglomération,Intersection en T,Normale,Autre collision,3,1,2,0,2,1,1,0,1,50,1,3,1,0,0,2,46.0,,voiture,,1,2,3,1,6
202300030167,2023-05-23 07:55:00,2023,5,23,7,55,971,97101,BOULEVARD DES HEROS,16.24982,-61.52369,Plein jour,En agglomération,Intersection en T,Normale,Autre collision,3,2,2,-1,2,1,1,0,1,-1,1,3,1,0,0,2,46.0,,voiture,,1,2,3,1,6
202300030168,2023-03-04 21:40:00,2023,3,4,21,40,75,75117,RUE GUERSANT,48.88108,2.289708,Nuit avec éclairage allumé,En agglomération,Intersection en X,Normale,Deux véhicules - côté,4,1,1,2,1,1,1,0,1,30,2,2,1,0,0,1,55.0,23.0,deux_roues,deux_roues,5,2,2,1,3
202300030168,2023-03-04 21:40:00,2023,3,4,21,40,75,75117,RUE GUERSANT,48.88108,2.289708,Nuit avec éclairage allumé,En agglomération,Intersection en X,Normale,Deux véhicules - côté,4,1,1,0,1,1,1,0,1,30,2,2,1,0,0,1,55.0,23.0,deux_roues,deux_roues,5,2,2,1,3
202300030169,2023-05-23 16:40:00,2023,5,23,16,40,2A,2A004,SARTENE ANCIENNE ROUTE,41.92908,8.77026,Plein jour,En agglomération,Hors intersection,Normale,Deux véhicules - arrière,4,2,1,0,1,1,1,0,1,50,2,2,1,0,0,1,24.0,59.0,utilitaire_camion,utilitaire_camion,1,2,1,1,2
202300030170,2023-11-08 08:10:00,2023,11,8,8,10,83,83126,STALINGRAD (BD),43.10615523,5.86689707,Plein jour,En agglomération,Intersection en T,Normale,Autre collision,4,2, -1,-1,1,1,1,0,1,-1,1,2,1,0,1,0,37.0,,voiture,,1,2,3,1,6
202300030170,2023-11-08 08:10:00,2023,11,8,8,10,83,83126,STALINGRAD (BD),43.10615523,5.86689707,Plein jour,En agglomération,Intersection en T,Normale,Autre collision,4,3,2,0,1,1,1,0,1,50,1,2,1,0,1,0,37.0,,voiture,,1,2,3,1,6
202300030171,2023-03-03 12:10:00,2023,3,3,12,10,75,75116,RUE RAYNOUARD,48.855626,2.280927,Plein jour,En agglomération,Intersection en T,Normale,Deux véhicules - arrière,4,-1, -1,0,1,1,1,0,1,30,2,2,1,0,0,1,21.0,27.0,deux_roues,deux_roues,1,2,3,1,2
202300030171,2023-03-03 12:10:00,2023,3,3,12,10,75,75116,RUE RAYNOUARD,48.855626,2.280927,Plein jour,En agglomération,Intersection en T,Normale,Deux véhicules - arrière,4,1,1,0,1,1,1,0,1,30,2,2,1,0,0,1,21.0,27.0,deux_roues,deux_roues,1,2,3,1,2
202300030172,2023-11-11 01:55:00,2023,11,11,1,55,82,82042,Route de Molières,44.23514,1.21235,Nuit avec éclairage allumé,En agglomération,Intersection en T,Temps couvert,Autre collision,4,2,2,0,1,1,1,0,1,50,1,1,0,1,0,0,22.0,,voiture,,5,2,3,8,6
202300030172,2023-11-11 01:55:00,2023,11,11,1,55,82,82042,Route de Molières,44.23514,1.21235,Nuit avec éclairage allumé,En agglomération,Intersection en T,Temps couvert,Autre collision,4,2,2,0,1,1,1,0,1,50,1,1,0,1,0,0,22.0,,voiture,,5,2,3,8,6
202300030173,2023-03-04 06:00:00,2023,3,4,6,0,75,75114,RUE VERCINGETORIX,48.837345,2.319472,Nuit avec éclairage allumé,En agglomération,Intersection en T,Normale,Autre collision,4,1, -1,-1,1,1,1,0,1,-1,1,2,1,0,0,1,34.0,,voiture,,5,2,3,1,6
202300030173,2023-03-04 06:00:00,2023,3,4,6,0,75,75114,RUE VERCINGETORIX,48.837345,2.319472,Nuit avec éclairage allumé,En agglomération,Intersection en T,Normale,Autre collision,4,2,2,0,1,1,1,9,1,30,1,2,1,0,0,1,34.0,,voiture,,5,2,3,1,6
202300030174,2023-11-08 21:00:00,2023,11,8,21,0,82,82085,Route d'Auch,43.98433,1.29932,Nuit sans éclairage public,En agglomération,Hors intersection,Pluie légère,Autre collision,3,2,2,0,1,1,2,0,1,80,1,2,1,1,0,0,47.0,,voiture,,3,2,1,2,6
202300030175,2023-03-04 02:15:00,2023,3,4,2,15,75,75115,AVENUE DU MAINE,48.845094,2.320125,Nuit avec éclairage allumé,En agglomération,Intersection à plus de 4 branches,Normale,Deux véhicules - côté,4,3,3,1,1,1,1,0,1,30,2,2,1,0,0,1,26.0,34.0,deux_roues,voiture,5,2,5,1,3
202300030175,2023-03-04 02:15:00,2023,3,4,2,15,75,75115,AVENUE DU MAINE,48.845094,2.320125,Nuit avec éclairage allumé,En agglomération,Intersection à plus de 4 branches,Normale,Deux véhicules - côté,4,2,3,1,1,1,1,0,1,30,2,2,1,0,0,1,26.0,34.0,deux_roues,voiture,5,2,5,1,3
202300030176,2023-05-23 15:30:00,2023,5,23,15,30,91,91477,MOTTE SAMSON (RUE DE LA),48.71869,2.23148,Plein jour,En agglomération,Giratoire,Normale,Deux véhicules - arrière,4,2,3,0,1,2,1,0,1,30,2,2,1,0,0,1,20.0,62.0,deux_roues,voiture,1,2,6,1,2
202300030177,2023-03-04 20:45:00,2023,3,4,20,45,75,75112,RUE DU FAUBOURG SAINT ANTOINE,48.850356,2.381391,Nuit avec éclairage allumé,En agglomération,Intersection en X,Normale,Autre collision,4,1, -1,-1,1,1,1,0,1,-1,1,3,2,0,0,1,20.0,,deux_roues,,5,2,2,1,6
202300030177,2023-03-04 20:45:00,2023,3,4,20,45,75,75112,RUE DU FAUBOURG SAINT ANTOINE,48.850356,2.381391,Nuit avec éclairage allumé,En agglomération,Intersection en X,Normale,Autre collision,4,1,1,1,1,1,1,-1,5,30,1,3,2,0,0,1,20.0,,deux_roues,,5,2,2,1,6
202300030178,2023-11-09 18:30:00,2023,11,9,18,30,81,81065,DE GAULLE RD 612 (AV. CHARLES),43.6036,2.24877,Nuit avec éclairage allumé,En agglomération,Hors intersection,Pluie légère,Deux véhicules - arrière,4,1,1,0,1,1,2,0,1,50,2,3,2,0,0,1,82.0,28.0,voiture,voiture,5,2,1,2,2
202300030179,2023-05-23 14:50:00,2023,5,23,14,50,91,91114,AV DES LILAS,48.68231,2.4938,Plein jour,En agglomération,Intersection en X,Normale,Deux véhicules - côté,4,2,2,0,1,1,1,0,1,50,2,2,1,0,0,1,22.0,34.0,voiture,utilitaire_camion,1,2,2,1,3
202300030179,2023-05-23 14:50:00,2023,5,23,14,50,91,91114,AV DES LILAS,48.68231,2.4938,Plein jour,En agglomération,Intersection en X,Normale,Deux véhicules - côté,4,2,2,0,1,1,1,0,1,50,2,2,1,0,0,1,22.0,34.0,voiture,utilitaire_camion,1,2,2,1,3
202300030180,2023-03-04 19:00:00,2023,3,4,19,0,75,75112,RUE ESCOFFIER,48.82664908,2.39040077,Nuit avec éclairage allumé,En agglomération,Intersection en Y,Normale,Deux véhicules - côté,4,-1, -1,-1,1,1,1,0,1,-1,2,2,1,0,0,1,,36.0,voiture,deux_roues,5,2,4,1,3
202300030180,2023-03-04 19:00:00,2023,3,4,19,0,75,75112,RUE ESCOFFIER,48.82664908,2.39040077,Nuit avec éclairage allumé,En agglomération,Intersection en Y,Normale,Deux véhicules - côté,4,1,2,0,1,1,1,0,1,50,2,2,1,0,0,1,,36.0,voiture,deux_roues,5,2,4,1,3
202300030181,2023-05-23 08:25:00,2023,5,23,8,25,91,91114,RUE ERNEST GERVAISE,48.691877,2.489649,Plein jour,En agglomération,Hors intersection,Normale,Sans collision,4,-1,2,0,1,1,1,0,1,50,1,1,0,0,0,1,18.0,,deux_roues,,1,2,1,1,7
202300030182,2023-03-03 22:40:00,2023,3,3,22,40,75,75110,RUE LA FAYETTE,48.87799,2.35211,Nuit avec éclairage allumé,En agglomération,Intersection en X,Normale,Deux véhicules - côté,4,1, -1,-1,1,1,1,0,1,-1,2,2,0,0,0,2,34.0,28.0,transport_commun,deux_roues,5,2,2,1,3
202300030182,2023-03-03 22:40:00,2023,3,3,22,40,75,75110,RUE LA FAYETTE,48.87799,2.35211,Nuit avec éclairage allumé,En agglomération,Intersection en X,Normale,Deux véhicules - côté,4,1,4,3,1,1,1,0,1,30,2,2,0,0,0,2,34.0,28.0,transport_commun,deux_roues,5,2,2,1,3
202300030183,2023-05-23 20:15:00,2023,5,23,20,15,91,91589,BD ARISTIDE BRIAND,48.68136,2.34324,Plein jour,En agglomération,Hors intersection,Normale,Deux véhicules - côté,3,2,3,0,1,1,1,0,1,50,2,2,1,0,0,1,25.0,38.0,voiture,deux_roues,1,2,1,1,3
202300030184,2023-11-09 18:50:00,2023,11,9,18,50,77,77215,D350,48.73898512,2.7474761,Nuit avec éclairage allumé,En agglomération,Hors intersection,Normale,Deux véhicules - frontale,3,3,2,3,2,3,1,0,1,50,2,2,1,0,0,1,39.0,49.0,utilitaire_camion,voiture,5,2,1,1,1
202300030185,2023-03-04 03:00:00,2023,3,4,3,0,75,75108,RUE DE BERRI,48.8737,2.306513,Nuit avec éclairage allumé,En agglomération,Intersection en X,Normale,Deux véhicules - arrière,4,1, -1,-1,1,1,1,0,1,-1,2,3,2,0,0,1,20.0,,voiture,voiture,5,2,2,1,2
202300030185,2023-03-04 03:00:00,2023,3,4,3,0,75,75108,RUE DE BERRI,48.8737,2.306513,Nuit avec éclairage allumé,En agglomération,Intersection en X,Normale,Deux véhicules - arrière,4,1,1,0,1,1,1,0,1,50,2,3,2,0,0,1,20.0,,voiture,voiture,5,2,2,1,2
202300030186,2023-05-22 15:54:00,2023,5,22,15,54,87,87085,GAMBETTA (BOULEVARD),45.82795,1.25741,Plein jour,En agglomération,Hors intersection,Normale,Deux véhicules - arrière,4,3,4,0,2,1,1,0,1,30,2,3,2,0,0,1,23.0,22.0,voiture,utilitaire_camion,1,2,1,1,2
202300030187,2023-11-10 22:00:00,2023,11,10,22,0,76,76540,Rue Jeanne d'Arc,49.44006,1.08932,Nuit avec éclairage allumé,En agglomération,Intersection en X,Pluie légère,Autre collision,4,2,2,0,4,1,2,0,1,50,1,2,1,0,0,1,58.0,,voiture,,5,2,2,2,6
202300030187,2023-11-10 22:00:00,2023,11,10,22,0,76,76540,Rue Jeanne d'Arc,49.44006,1.08932,Nuit avec éclairage allumé,En agglomération,Intersection en X,Pluie légère,Autre collision,4,1,1,3,1,1,2,-1,1,50,1,2,1,0,0,1,58.0,,voiture,,5,2,2,2,6
202300030188,2023-03-04 19:04:00,2023,3,4,19,4,75,75107,RUE SAINT DOMINIQUE,48.85766,2.30025,Nuit avec éclairage allumé,En agglomération,Intersection à plus de 4 branches,Normale,Autre collision,4,1, -1,-1,1,1,1,0,4,-1,1,3,1,0,0,2,74.0,,voiture,,5,2,5,1,6
202300030188,2023-03-04 19:04:00,2023,3,4,19,4,75,75107,RUE SAINT DOMINIQUE,48.85766,2.30025,Nuit avec éclairage allumé,En agglomération,Intersection à plus de 4 branches,Normale,Autre collision,4,1,1,0,1,1,1,0,4,30,1,3,1,0,0,2,74.0,,voiture,,5,2,5,1,6
202300030189,2023-05-23 07:50:00,2023,5,23,7,50,83,83137,LOTI (AVE PIERRE),43.11458701,5.94525647,Plein jour,En agglomération,Intersection à plus de 4 branches,Normale,Deux véhicules - frontale,4,2,2,0,2,1,1,0,1,50,2,2,1,0,1,0,36.0,73.0,deux_roues,voiture,1,2,5,1,1
202300030189,2023-05-23 07:50:00,2023,5,23,7,50,83,83137,LOTI (AVE PIERRE),43.11458701,5.94525647,Plein jour,En agglomération,Intersection à plus de 4 branches,Normale,Deux véhicules - frontale,4,2,2,0,1,1,1,0,1,50,2,2,1,0,1,0,36.0,73.0,deux_roues,voiture,1,2,5,1,1
202300030190,2023-03-04 21:30:00,2023,3,4,21,30,75,75104,BOULEVARD HENRI IV,48.851203,2.362626,Nuit avec éclairage allumé,En agglomération,Intersection en X,Normale,Deux véhicules - côté,4,2,3,0,1,1,1,0,1,50,2,2,1,0,0,1,68.0,55.0,deux_roues,voiture,5,2,2,1,3
202300030190,2023-03-04 21:30:00,2023,3,4,21,30,75,75104,BOULEVARD HENRI IV,48.851203,2.362626,Nuit avec éclairage allumé,En agglomération,Intersection en X,Normale,Deux véhicules - côté,4,2,5,0,1,1,1,0,1,50,2,2,1,0,0,1,68.0,55.0,deux_roues,voiture,5,2,2,1,3
202300030191,2023-11-11 18:45:00,2023,11,11,18,45,73,73008,D1201 - ROOSEVELT FRANKLIN AVENUE,45.69695,5.90741,Nuit avec éclairage allumé,En agglomération,Giratoire,Normale,Deux véhicules - côté,3,1,2,0,1,2,1,0,1,50,2,2,1,0,0,1,20.0,71.0,deux_roues,voiture,5,2,6,1,3
202300030192,2023-05-23 09:50:00,2023,5,23,9,50,83,83069,BRIAND (AVENUE ARISTIDE),43.120561,6.131226,Plein jour,En agglomération,Hors intersection,Normale,Autre collision,4,1,2,0,1,1,1,0,1,30,1,2,1,0,0,1,76.0,,voiture,,1,2,1,1,6
202300030193,2023-11-11 21:20:00,2023,11,11,21,20,72,72181,BOLLEE (AV) N° IMP 65 A 199,48.00182,0.20965,Nuit avec éclairage allumé,En agglomération,Autre intersection,Normale,Deux véhicules - côté,4,2,2,0,1,1,1,0,1,30,2,2,1,0,0,1,23.0,23.0,deux_roues,voiture,5,2,9,1,3
202300030194,2023-03-04 13:14:00,2023,3,4,13,14,75,75102,RUE DU MAIL,48.867368,2.344005,Plein jour,En agglomération,Intersection en X,Normale,Deux véhicules - côté,4,1,1,0,1,1,1,0,1,30,2,2,1,0,0,1,25.0,23.0,utilitaire_camion,deux_roues,1,2,2,1,3
202300030194,2023-03-04 13:14:00,2023,3,4,13,14,75,75102,RUE DU MAIL,48.867368,2.344005,Plein jour,En agglomération,Intersection en X,Normale,Deux véhicules - côté,4,2,2,0,1,1,1,0,1,30,2,2,1,0,0,1,25.0,23.0,utilitaire_camion,deux_roues,1,2,2,1,3
202300030195,2023-05-23 18:40:00,2023,5,23,18,40,81,81004,VERDIER (FRANCOIS),43.91905,2.12639,Plein jour,En agglomération,Giratoire,Normale,Deux véhicules - côté,3,2, -1,-1,1,1,1,5,1,50,2,2,1,0,0,1,30.0,,deux_roues,voiture,1,2,6,1,3
202300030195,2023-05-23 18:40:00,2023,5,23,18,40,81,81004,VERDIER (FRANCOIS),43.91905,2.12639,Plein jour,En agglomération,Giratoire,Normale,Deux véhicules - côté,3,1,1,0,1,2,1,5,1,50,2,2,1,0,0,1,30.0,,deux_roues,voiture,1,2,6,1,3
202300030196,2023-11-05 13:20:00,2023,11,5,13,20,72,72181,JAURES JEAN (AV) N° IMP 1 A 25,47.99372,0.20397,Plein jour,En agglomération,Autre intersection,Normale,Autre collision,4,3,3,1,1,1,1,0,1,-1,1,2,0,0,1,1,19.0,,deux_roues,,1,2,9,1,6
202300030197,2023-03-03 19:45:00,2023,3,3,19,45,75,75101,Boulevard de Sébastopol,48.862457,2.350516,Nuit avec éclairage allumé,En agglomération,Intersection en T,Normale,Deux véhicules - arrière,4,1,4,3,1,1,1,0,1,30,2,2,1,0,0,1,33.0,17.0,voiture,deux_roues,5,2,3,1,2
202300030197,2023-03-03 19:45:00,2023,3,3,19,45,75,75101,Boulevard de Sébastopol,48.862457,2.350516,Nuit avec éclairage allumé,En agglomération,Intersection en T,Normale,Deux véhicules - arrière,4,-1, -1,3,1,1,1,0,1,20,2,2,1,0,0,1,33.0,17.0,voiture,deux_roues,5,2,3,1,2
202300030198,2023-03-02 21:15:00,2023,3,2,21,15,75,75102,RUE DE RICHELIEU,48.868887,2.33854,Nuit sans éclairage public,En agglomération,Intersection en X,Normale,Deux véhicules - côté,4,1,2,0,1,1,1,0,1,30,2,2,1,0,0,1,55.0,39.0,voiture,deux_roues,3,2,2,1,3
202300030198,2023-03-02 21:15:00,2023,3,2,21,15,75,75102,RUE DE RICHELIEU,48.868887,2.33854,Nuit sans éclairage public,En agglomération,Intersection en X,Normale,Deux véhicules - côté,4,1,2,0,1,1,1,0,1,30,2,2,1,0,0,1,55.0,39.0,voiture,deux_roues,3,2,2,1,3
202300030199,2023-11-11 15:55:00,2023,11,11,15,55,71,71306,SAINT ELOI (RUE),46.6706261,4.35513278,Plein jour,En agglomération,Intersection en T,Pluie légère,Deux véhicules - côté,4,-1, -1,0,1,1,2,0,1,50,2,3,1,0,0,2,23.0,28.0,voiture,deux_roues,1,2,3,2,3
202300030199,2023-11-11 15:55:00,2023,11,11,15,55,71,71306,SAINT ELOI (RUE),46.6706261,4.35513278,Plein jour,En agglomération,Intersection en T,Pluie légère,Deux véhicules - côté,4,2,2,0,1,1,2,0,1,50,2,3,1,0,0,2,23.0,28.0,voiture,deux_roues,1,2,3,2,3
202300030200,2023-03-04 19:15:00,2023,3,4,19,15,94,94068,Avenue des Perdrix,48.78755,2.4951,Nuit avec éclairage allumé,En agglomération,Hors intersection,Normale,Autre collision,4,1,1,0,1,1,1,0,1,30,1,2,1,0,0,1,58.0,,voiture,,5,2,1,1,6
202300030201,2023-05-23 08:15:00,2023,5,23,8,15,77,77464,CORNILLOT (RUE),48.88277,2.70796,Plein jour,En agglomération,Hors intersection,Normale,Autre collision,4,2,2,0,2,1,1,0,1,50,1,2,1,0,0,1,49.0,,voiture,,1,2,1,1,6
202300030202,2023-11-09 11:50:00,2023,11,9,11,50,71,71270,CASSIN (AVENUE RENE),46.32959,4.82361,Plein jour,En agglomération,Hors intersection,Pluie forte,Deux véhicules - côté,4,3,1,0,1,1,2,0,1,50,2,2,1,0,0,1,76.0,9.0,voiture,deux_roues,1,2,1,3,3
202300030203,2023-03-04 21:00:00,2023,3,4,21,0,94,94076,Boulevard Maxime Gorki,48.79599,2.36841,Nuit avec éclairage allumé,En agglomération,Intersection en X,Normale,Deux véhicules - côté,3,2,4,3,1,1,1,0,1,50,2,2,1,0,0,1,47.0,24.0,voiture,deux_roues,5,2,2,1,3
202300030203,2023-03-04 21:00:00,2023,3,4,21,0,94,94076,Boulevard Maxime Gorki,48.79599,2.36841,Nuit avec éclairage allumé,En agglomération,Intersection en X,Normale,Deux véhicules - côté,3,1,1,0,1,1,1,5,1,50,2,2,1,0,0,1,47.0,24.0,voiture,deux_roues,5,2,2,1,3
202300030204,2023-05-22 13:30:00,2023,5,22,13,30,76,76351,BOIS AU COQ (RUE),49.5092,0.13485,Plein jour,En agglomération,Intersection en T,Normale,Deux véhicules - côté,4,3,3,2,2,1,1,4,1,50,2,2,1,0,0,1,32.0,41.0,voiture,deux_roues,1,2,3,1,3
202300030204,2023-05-22 13:30:00,2023,5,22,13,30,76,76351,BOIS AU COQ (RUE),49.5092,0.13485,Plein jour,En agglomération,Intersection en T,Normale,Deux véhicules - côté,4,1,1,0,2,1,1,0,1,30,2,2,1,0,0,1,32.0,41.0,voiture,deux_roues,1,2,3,1,3
202300030205,2023-03-04 09:30:00,2023,3,4,9,30,94,94021,Avenue des pépinère,48.76806,2.35275,Plein jour,En agglomération,Giratoire,Normale,Deux véhicules - côté,9,1,3,0,1,1,1,0,1,50,2,2,1,0,0,1,54.0,46.0,deux_roues,utilitaire_camion,1,2,6,1,3
202300030205,2023-03-04 09:30:00,2023,3,4,9,30,94,94021,Avenue des pépinère,48.76806,2.35275,Plein jour,En agglomération,Giratoire,Normale,Deux véhicules - côté,9,1,1,0,1,2,1,0,1,50,2,2,1,0,0,1,54.0,46.0,deux_roues,utilitaire_camion,1,2,6,1,3
202300030206,2023-11-08 20:15:00,2023,11,8,20,15,71,71076,PARIS (AVENUE DE),46.79176,4.84963,Nuit avec éclairage allumé,En agglomération,Intersection en X,Normale,Deux véhicules - côté,4,3,4,0,1,1,1,5,1,50,2,3,1,0,0,2,18.0,26.0,deux_roues,voiture,5,2,2,1,3
202300030206,2023-11-08 20:15:00,2023,11,8,20,15,71,71076,PARIS (AVENUE DE),46.79176,4.84963,Nuit avec éclairage allumé,En agglomération,Intersection en X,Normale,Deux véhicules - côté,4,3,4,0,1,1,1,5,1,50,2,3,1,0,0,2,18.0,26.0,deux_roues,voiture,5,2,2,1,3
202300030207,2023-05-22 15:30:00,2023,5,22,15,30,72,72181,FAROUX CHARLES (RUE) N° IMP,47.97385,0.22356,Plein jour,En agglomération,Hors intersection,Normale,Autre collision,4,2,0,0,1,1,1,0,1,50,1,2,1,0,0,1,22.0,,voiture,,1,2,1,1,6
202300030208,2023-03-03 19:30:00,2023,3,3,19,30,94,94004,11 Avenue Charles de Gaulle,48.75136618,2.50296396,Nuit avec éclairage allumé,En agglomération,Intersection en T,Normale,Deux véhicules - côté,3,-1, -1,1,1,1,1,0,5,50,2,2,1,0,0,1,54.0,27.0,voiture,deux_roues,5,2,3,1,3
202300030208,2023-03-03 19:30:00,2023,3,3,19,30,94,94004,11 Avenue Charles de Gaulle,48.75136618,2.50296396,Nuit avec éclairage allumé,En agglomération,Intersection en T,Normale,Deux véhicules - côté,3,-1, -1,-1,2,1,1,0,5,-1,2,2,1,0,0,1,54.0,27.0,voiture,deux_roues,5,2,3,1,3
202300030209,2023-11-09 09:30:00,2023,11,9,9,30,69,69092,Avenue du Beaujolais,45.99804078,4.70645724,Plein jour,En agglomération,Intersection en T,Pluie légère,Deux véhicules - côté,4,2,2,0,1,1,2,0,1,50,2,2,1,0,0,1,26.0,44.0,deux_roues,voiture,1,2,3,2,3
202300030209,2023-11-09 09:30:00,2023,11,9,9,30,69,69092,Avenue du Beaujolais,45.99804078,4.70645724,Plein jour,En agglomération,Intersection en T,Pluie légère,Deux véhicules - côté,4,2,2,0,2,1,2,0,1,50,2,2,1,0,0,1,26.0,44.0,deux_roues,voiture,1,2,3,2,3
202300030210,2023-05-17 08:45:00,2023,5,17,8,45,70,70550,BRANLY (RUE EDOUARD),47.641414,6.172275,Plein jour,En agglomération,Autre intersection,Normale,Deux véhicules - côté,4,2,1,0,4,3,1,0,1,50,2,2,0,0,0,2,30.0,21.0,voiture,voiture,1,2,9,1,3
202300030210,2023-05-17 08:45:00,2023,5,17,8,45,70,70550,BRANLY (RUE EDOUARD),47.641414,6.172275,Plein jour,En agglomération,Autre intersection,Normale,Deux véhicules - côté,4,2, -1,-1,2,1,1,0,1,-1,2,2,0,0,0,2,30.0,21.0,voiture,voiture,1,2,9,1,3
202300030211,2023-03-04 17:13:00,2023,3,4,17,13,93,93051,Route de Neuilly,48.85132,2.53424,Plein jour,En agglomération,Hors intersection,Normale,Trois véhicules et plus - collisions multiples,3,2,3,0,1,1,1,0,1,50,3,4,1,0,0,3,22.0,37.0,voiture,transport_commun,1,2,1,1,5
202300030212,2023-03-04 02:25:00,2023,3,4,2,25,93,93046,Avenue Aristide Briand,48.91312,2.523729,Nuit avec éclairage allumé,En agglomération,Hors intersection,Normale,Autre collision,3,3,4,0,1,1,1,0,1,50,1,2,1,0,0,1,19.0,,voiture,,5,2,1,1,6
202300030213,2023-05-22 12:10:00,2023,5,22,12,10,69,69259,Rue Chêne Velin,45.71803329,4.87207906,Plein jour,En agglomération,Intersection en T,Normale,Autre collision,4,2,2,0,1,2,1,5,1,50,1,2,1,0,0,1,64.0,,voiture,,1,2,3,1,6
202300030213,2023-05-22 12:10:00,2023,5,22,12,10,69,69259,Rue Chêne Velin,45.71803329,4.87207906,Plein jour,En agglomération,Intersection en T,Normale,Autre collision,4,2,2,3,1,2,1,0,1,50,1,2,1,0,0,1,64.0,,voiture,,1,2,3,1,6
202300030214,2023-11-11 11:04:00,2023,11,11,11,4,69,69029,Avenue Pierre Allard,45.73888,4.91036,Plein jour,En agglomération,Intersection en T,Normale,Deux véhicules - côté,4,1,2,2,1,2,1,0,1,30,2,2,1,0,0,1,,45.0,voiture,deux_roues,1,2,3,1,3
202300030214,2023-11-11 11:04:00,2023,11,11,11,4,69,69029,Avenue Pierre Allard,45.73888,4.91036,Plein jour,En agglomération,Intersection en T,Normale,Deux véhicules - côté,4,2,2,0,1,2,1,0,1,30,2,2,1,0,0,1,,45.0,voiture,deux_roues,1,2,3,1,3
202300030215,2023-03-04 13:30:00,2023,3,4,13,30,93,93007,Avenue Paul Vaillant Couturier,48.92914195,2.47888416,Plein jour,En agglomération,Hors intersection,Normale,Deux véhicules - arrière,3,2,2,0,1,1,1,0,1,50,2,2,1,0,0,1,25.0,68.0,voiture,voiture,1,2,1,1,2
202300030216,2023-05-22 17:15:00,2023,5,22,17,15,65,65286,19 Avenue Alexandre Marqui,43.10244,-0.0434,Plein jour,En agglomération,Hors intersection,Normale,Autre collision,6,-1, -1,0,1,1,1,9,8,30,1,2,1,0,0,1,50.0,,utilitaire_camion,,1,2,1,1,6
202300030217,2023-11-09 13:40:00,2023,11,9,13,40,69,69259,Rue Joannès Vallet,45.71074,4.88539,Plein jour,En agglomération,Hors intersection,Pluie légère,Autre collision,4,2,2,3,1,1,2,0,1,30,1,2,1,0,0,1,35.0,,voiture,,1,2,1,2,6
202300030218,2023-03-04 14:50:00,2023,3,4,14,50,92,92063,DAHLIAS (RUE DES),48.86026753,2.18534678,Plein jour,En agglomération,Hors intersection,Normale,Autre collision,4,2,1,0,2,2,1,0,1,30,1,1,0,0,0,1,24.0,,utilitaire_camion,,1,2,1,1,6
202300030219,2023-03-04 21:15:00,2023,3,4,21,15,92,92044,CHARLES PASQUA(QUAI) 2 A 30,48.89718,2.27441,Nuit avec éclairage allumé,En agglomération,Hors intersection,Normale,Deux véhicules - arrière,3,1,2,0,1,1,1,0,1,50,2,3,2,0,0,1,,21.0,voiture,deux_roues,5,2,1,1,2
202300030220,2023-11-09 12:40:00,2023,11,9,12,40,68,68224,ALGER (QUAI D'),47.74498,7.34661,Plein jour,En agglomération,Hors intersection,Pluie légère,Deux véhicules - frontale,4,2,3,0,1,1,2,0,1,50,2,2,1,0,1,0,45.0,42.0,voiture,deux_roues,1,2,1,2,1
202300030221,2023-05-22 17:00:00,2023,5,22,17,0,64,64483,ASCAIN (ROUTE D'),43.375,-1.638,Plein jour,En agglomération,Intersection en X,Temps couvert,Deux véhicules - côté,3,2,2,0,1,1,1,0,1,50,2,2,0,0,0,2,16.0,16.0,deux_roues,deux_roues,1,2,2,8,3
202300030221,2023-05-22 17:00:00,2023,5,22,17,0,64,64483,ASCAIN (ROUTE D'),43.375,-1.638,Plein jour,En agglomération,Intersection en X,Temps couvert,Deux véhicules - côté,3,2,4,1,1,1,1,0,6,50,2,2,0,0,0,2,16.0,16.0,deux_roues,deux_roues,1,2,2,8,3
202300030222,2023-03-04 06:40:00,2023,3,4,6,40,92,92025,EUGENE BESANCON (RUE),48.916448,2.24597,Nuit avec éclairage allumé,En agglomération,Hors intersection,Normale,Deux véhicules - frontale,4,1,4,0,1,1,1,0,1,50,2,2,1,0,0,1,43.0,42.0,deux_roues,voiture,5,2,1,1,1