accident_id,datetime,annee,mois,jour,heure,minute,departement,commune_insee,adresse,latitude,longitude,luminosite,agglomeration,intersection,meteo,collision,catr,circ,nbv,vosp,prof,plan,surf,infra,situ,vma,nb_vehicules,nb_usagers,nb_indemnes,nb_tues,nb_blesses_hosp,nb_blesses_legers,age_cond_1,age_cond_2,veh_type_cond_1,veh_type_cond_2,lum_code,agg_code,int_code,atm_code,col_code
202300030223,2023-11-09 22:25:00,2023,11,9,22,25,67,67482,MONTAGNE VERTE (RUE DE LA),48.57196,7.72437,Nuit avec éclairage allumé,En agglomération,Passage à niveau,Pluie forte,Deux véhicules - frontale,4,2,0,3,2,2,2,4,6,50,2,2,1,0,0,1,20.0,56.0,deux_roues,transport_commun,5,2,8,3,1
202300030224,2023-05-23 09:25:00,2023,5,23,9,25,64,64445,ALFRED NOBEL,43.31579,-0.31409,Plein jour,En agglomération,Hors intersection,Normale,Trois véhicules et plus - en chaîne,4,2,2,0,1,1,1,0,1,50,3,3,0,0,0,3,44.0,43.0,voiture,voiture,1,2,1,1,4
202300030225,2023-03-05 17:40:00,2023,3,5,17,40,01,01004,Avenue du General Sarrail,45.955685,5.334576,Crépuscule ou aube,En agglomération,Intersection en T,Normale,Deux véhicules - côté,3,2,2,0,1,1,1,0,1,50,2,2,1,0,0,1,48.0,17.0,voiture,deux_roues,2,2,3,1,3
202300030225,2023-03-05 17:40:00,2023,3,5,17,40,01,01004,Avenue du General Sarrail,45.955685,5.334576,Crépuscule ou aube,En agglomération,Intersection en T,Normale,Deux véhicules - côté,3,2,1,0,1,1,1,0,1,50,2,2,1,0,0,1,48.0,17.0,voiture,deux_roues,2,2,3,1,3
202300030226,2023-03-05 08:30:00,2023,3,5,8,30,18,18233,Avenue de verdun,47.343672,2.858221,Plein jour,En agglomération,Hors intersection,Normale,Autre collision,3,2,2,0,1,1,1,0,3,50,1,1,0,1,0,0,46.0,,voiture,,1,2,1,1,6
202300030227,2023-11-09 16:08:00,2023,11,9,16,8,67,67482,MARNE (BOULEVARD DE LA),48.58568,7.77523,Plein jour,En agglomération,Intersection en T,Temps couvert,Deux véhicules - côté,4,1,1,0,1,1,1,0,1,50,2,2,1,0,0,1,32.0,19.0,deux_roues,voiture,1,2,3,8,3
202300030227,2023-11-09 16:08:00,2023,11,9,16,8,67,67482,MARNE (BOULEVARD DE LA),48.58568,7.77523,Plein jour,En agglomération,Intersection en T,Temps couvert,Deux véhicules - côté,4,3,4,1,1,1,1,0,1,50,2,2,1,0,0,1,32.0,19.0,deux_roues,voiture,1,2,3,8,3
202300030228,2023-05-22 18:55:00,2023,5,22,18,55,59,59512,STRASBOURG (BOULEVARD DE),50.69646,3.18667,Plein jour,En agglomération,Hors intersection,Normale,Deux véhicules - côté,7,2,2,1,1,1,1,0,1,50,2,2,1,0,1,0,21.0,30.0,voiture,deux_roues,1,2,1,1,3
202300030229,2023-03-03 13:35:00,2023,3,3,13,35,84,84069,D242,44.210056,5.172827,Plein jour,Hors agglomération,Hors intersection,Normale,Sans collision,3,2,2,0,2,3,1,0,3,80,1,1,0,0,1,0,75.0,,deux_roues,,1,1,1,1,7
202300030230,2023-02-28 12:50:00,2023,2,28,12,50,974,97422,Rue Pierre Rivals,-21.240542,55.528078,Plein jour,En agglomération,Giratoire,Normale,Deux véhicules - côté,2,1,1,0,2,2,1,0,1,50,2,2,1,0,1,0,59.0,29.0,deux_roues,voiture,1,2,6,1,3
202300030231,2023-11-08 15:30:00,2023,11,8,15,30,66,66136,,42.67425,2.8883,Plein jour,En agglomération,Giratoire,Normale,Trois véhicules et plus - collisions multiples,3,1,3,0,1,3,1,0,1,50,3,3,1,0,0,2,23.0,35.0,voiture,voiture,1,2,6,1,5
202300030231,2023-11-08 15:30:00,2023,11,8,15,30,66,66136,,42.67425,2.8883,Plein jour,En agglomération,Giratoire,Normale,Trois véhicules et plus - collisions multiples,3,3,5,0,1,1,1,0,1,50,3,3,1,0,0,2,23.0,35.0,voiture,voiture,1,2,6,1,5
202300030232,2023-03-04 21:25:00,2023,3,4,21,25,974,97422,466 Rue Hubert Delisle,-21.266128,55.508898,Nuit avec éclairage allumé,En agglomération,Intersection en T,Normale,Deux véhicules - côté,3,2,2,0,1,1,2,5,1,50,2,2,1,0,1,0,,25.0,utilitaire_camion,deux_roues,5,2,3,1,3
202300030232,2023-03-04 21:25:00,2023,3,4,21,25,974,97422,466 Rue Hubert Delisle,-21.266128,55.508898,Nuit avec éclairage allumé,En agglomération,Intersection en T,Normale,Deux véhicules - côté,3,2, -1,-1,1,1,1,0,1,-1,2,2,1,0,1,0,,25.0,utilitaire_camion,deux_roues,5,2,3,1,3
202300030233,2023-05-23 17:55:00,2023,5,23,17,55,58,58194,RUE ALBERT CAMUS,46.991674,3.128767,Plein jour,En agglomération,Intersection en T,Normale,Deux véhicules - côté,4,2,2,0,1,1,1,0,1,50,2,2,1,0,0,1,44.0,66.0,voiture,voiture,1,2,3,1,3
202300030233,2023-05-23 17:55:00,2023,5,23,17,55,58,58194,RUE ALBERT CAMUS,46.991674,3.128767,Plein jour,En agglomération,Intersection en T,Normale,Deux véhicules - côté,4,2,2,0,1,1,1,0,1,50,2,2,1,0,0,1,44.0,66.0,voiture,voiture,1,2,3,1,3
202300030234,2023-11-11 19:00:00,2023,11,11,19,0,64,64445,TOURASSE,43.31129,-0.35642,Nuit avec éclairage allumé,En agglomération,Intersection en X,Pluie légère,Deux véhicules - frontale,4,2,2,0,1,1,2,0,1,50,2,2,1,0,0,1,34.0,21.0,voiture,deux_roues,5,2,2,2,1
202300030234,2023-11-11 19:00:00,2023,11,11,19,0,64,64445,TOURASSE,43.31129,-0.35642,Nuit avec éclairage allumé,En agglomération,Intersection en X,Pluie légère,Deux véhicules - frontale,4,2,5,0,1,1,2,0,1,50,2,2,1,0,0,1,34.0,21.0,voiture,deux_roues,5,2,2,2,1
202300030235,2023-05-23 14:28:00,2023,5,23,14,28,57,57631,RABELAIS  A3-A4,49.10604,7.060572,Plein jour,En agglomération,Autre intersection,Normale,Deux véhicules - côté,4,2,2,0,2,2,1,0,1,50,2,3,0,0,1,2,26.0,26.0,deux_roues,voiture,1,2,9,1,3
202300030236,2023-03-03 17:58:00,2023,3,3,17,58,22,22246,RN12,48.47682,-2.60696,Plein jour,Hors agglomération,Hors intersection,Normale,Trois véhicules et plus - collisions multiples,2,3,4,0,1,1,1,0,1,110,6,8,6,0,0,2,23.0,20.0,voiture,voiture,1,1,1,1,5
202300030237,2023-11-09 20:16:00,2023,11,9,20,16,64,64348,JEAN MERMOZ,43.32091474,-0.37905782,Nuit avec éclairage allumé,En agglomération,Intersection en X,Normale,Deux véhicules - côté,4,2,3,0,1,1,1,0,1,50,2,3,1,0,0,2,19.0,23.0,voiture,voiture,5,2,2,1,3
202300030237,2023-11-09 20:16:00,2023,11,9,20,16,64,64348,JEAN MERMOZ,43.32091474,-0.37905782,Nuit avec éclairage allumé,En agglomération,Intersection en X,Normale,Deux véhicules - côté,4,2,2,0,1,1,1,0,1,50,2,3,1,0,0,2,19.0,23.0,voiture,voiture,5,2,2,1,3
202300030238,2023-03-04 21:05:00,2023,3,4,21,5,26,26216,Route de Saint Uze,45.18744,4.890863,Nuit sans éclairage public,Hors agglomération,Hors intersection,Normale,Deux véhicules - frontale,3,2,2,0,1,1,1,0,1,80,2,4,0,0,2,2,34.0,19.0,voiture,voiture,3,1,1,1,1
202300030239,2023-05-19 07:15:00,2023,5,19,7,15,57,57019,CD8,49.26145,6.12639,Plein jour,Hors agglomération,Hors intersection,Normale,Sans collision,3,2,2,0,1,1,1,0,3,70,1,5,1,0,4,0,,,voiture,,1,1,1,1,7
202300030240,2023-11-09 07:37:00,2023,11,9,7,37,64,64284,,43.26777141,-0.38945407,Crépuscule ou aube,En agglomération,Hors intersection,Normale,Trois véhicules et plus - en chaîne,2,2,2,0,1,1,2,0,1,50,3,3,2,0,0,1,38.0,48.0,utilitaire_camion,voiture,2,2,1,1,4
202300030241,2023-03-05 03:00:00,2023,3,5,3,0,42,42032,Rue du Marché,45.523127,4.543254,Nuit avec éclairage non allumé,En agglomération,Hors intersection,Normale,Deux véhicules - côté,7,-1,2,0,3,3,1,0,1,30,2,2,1,0,0,1,67.0,19.0,voiture,voiture,4,2,1,1,3
202300030242,2023-05-22 18:25:00,2023,5,22,18,25,57,57227,PENSEES (LES),49.17770346,6.88526809,Plein jour,En agglomération,Intersection en Y,Pluie forte,Autre collision,4,-1,2,0,1,1,2,0,1,50,1,2,1,0,0,1,43.0,,voiture,,1,2,4,3,6
202300030242,2023-05-22 18:25:00,2023,5,22,18,25,57,57227,PENSEES (LES),49.17770346,6.88526809,Plein jour,En agglomération,Intersection en Y,Pluie forte,Autre collision,4,-1,2,0,1,2,2,0,1,50,1,2,1,0,0,1,43.0,,voiture,,1,2,4,3,6
202300030243,2023-11-08 18:30:00,2023,11,8,18,30,64,64230,Route de Pau,43.25246932,-0.38926482,Nuit sans éclairage public,En agglomération,Hors intersection,Normale,Deux véhicules - arrière,2,-1,2,0,1,1,1,0,1,50,2,2,0,0,0,2,71.0,41.0,voiture,voiture,3,2,1,1,2
202300030244,2023-03-05 02:25:00,2023,3,5,2,25,42,42032,Route des Etangs,45.522721,4.54937,Nuit sans éclairage public,Hors agglomération,Hors intersection,Normale,Autre collision,4,2,1,0,2,1,1,0,3,80,1,4,1,0,1,2,22.0,,voiture,,3,1,1,1,6
202300030245,2023-03-02 19:00:00,2023,3,2,19,0,30,30135,Route departementale 999,43.831419,4.576196,Nuit sans éclairage public,Hors agglomération,Hors intersection,Normale,Deux véhicules - frontale,3,2,2,0,1,1,1,0,1,80,2,2,0,0,1,1,42.0,60.0,deux_roues,voiture,3,1,1,1,1
202300030246,2023-11-11 21:10:00,2023,11,11,21,10,64,64102,ARITXAGUE (BD D'),43.47355,-1.48961,Nuit avec éclairage allumé,En agglomération,Hors intersection,Pluie forte,Autre collision,4,3,4,0,1,2,2,0,3,50,1,2,0,0,0,2,33.0,,voiture,,5,2,1,3,6
202300030247,2023-05-22 08:00:00,2023,5,22,8,0,54,54578,Boulevard du Docteur Cattenoz,48.67458097,6.1588186,Plein jour,En agglomération,Hors intersection,Normale,Deux véhicules - côté,4,2,2,2,1,1,1,-1,1,50,2,2,1,0,0,1,44.0,59.0,deux_roues,voiture,1,2,1,1,3
202300030248,2023-11-11 09:30:00,2023,11,11,9,30,64,64102,MOULIN DE HABAS (CHEMIN DU),43.51017,-1.44978,Plein jour,En agglomération,Hors intersection,Pluie légère,Deux véhicules - frontale,4,2,2,0,1,1,2,0,1,50,2,2,1,0,0,1,19.0,46.0,voiture,utilitaire_camion,1,2,1,2,1
202300030249,2023-03-05 14:13:00,2023,3,5,14,13,56,56211,17 Beauroc,47.774177,-2.316826,Plein jour,Hors agglomération,Hors intersection,Normale,Trois véhicules et plus - collisions multiples,3,2,2,0,1,1,1,0,3,80,3,5,3,0,1,1,63.0,81.0,voiture,voiture,1,1,1,1,5
202300030250,2023-05-23 20:55:00,2023,5,23,20,55,53,53130,BOUDET ( QUAI PAUL ),48.06661,-0.7673,Plein jour,En agglomération,Hors intersection,Normale,Deux véhicules - côté,4,2,2,0,1,1,1,0,1,50,2,3,2,0,1,0,75.0,17.0,voiture,deux_roues,1,2,1,1,3
202300030251,2023-11-08 18:40:00,2023,11,8,18,40,64,64024,BAHINOS (ROUTE DE),43.49132,-1.51704,Nuit avec éclairage allumé,En agglomération,Hors intersection,Pluie légère,Sans collision,4,2,2,0,1,1,2,0,1,50,1,1,0,0,0,1,17.0,,deux_roues,,5,2,1,2,7
202300030252,2023-02-12 13:40:00,2023,2,12,13,40,56,56193,26 Groach Carnec,47.709071,-3.278423,Plein jour,Hors agglomération,Autre intersection,Normale,Deux véhicules - côté,3,2,2,0,1,1,1,0,1,50,2,2,1,0,1,0,,49.0,voiture,deux_roues,1,1,9,1,3
202300030253,2023-05-23 16:44:00,2023,5,23,16,44,51,51454,rue de Courcelles,49.26023024,4.01964024,Plein jour,En agglomération,Hors intersection,Normale,Autre collision,4,2,2,1,1,1,1,0,6,50,1,2,1,0,0,1,47.0,,voiture,,1,2,1,1,6
202300030254,2023-05-23 05:30:00,2023,5,23,5,30,51,51454,place Drouet d'Erlon,49.25650976,4.02636856,Nuit avec éclairage allumé,En agglomération,Hors intersection,Normale,Sans collision,4,4,1,3,1,1,2,6,1,30,1,1,0,0,0,1,25.0,,deux_roues,,5,2,1,1,7
202300030255,2023-11-08 17:00:00,2023,11,8,17,0,62,62525,Rue de la Libération,50.74129,2.26157,Crépuscule ou aube,En agglomération,Intersection en X,Pluie légère,Deux véhicules - côté,4,3,3,0,1,1,2,5,1,50,2,3,0,0,0,3,40.0,19.0,voiture,voiture,2,2,2,2,3
202300030255,2023-11-08 17:00:00,2023,11,8,17,0,62,62525,Rue de la Libération,50.74129,2.26157,Crépuscule ou aube,En agglomération,Intersection en X,Pluie légère,Deux véhicules - côté,4,2,3,0,1,1,2,5,1,50,2,3,0,0,0,3,40.0,19.0,voiture,voiture,2,2,2,2,3
202300030256,2023-03-03 17:00:00,2023,3,3,17,0,78,78565,D11,48.889439,1.722547,Plein jour,Hors agglomération,Intersection en X,Normale,Trois véhicules et plus - collisions multiples,3,2,2,0,1,1,1,0,1,80,3,3,2,0,0,1,24.0,35.0,voiture,voiture,1,1,2,1,5
202300030256,2023-03-03 17:00:00,2023,3,3,17,0,78,78565,D11,48.889439,1.722547,Plein jour,Hors agglomération,Intersection en X,Normale,Trois véhicules et plus - collisions multiples,3,2,2,0,1,1,1,0,1,80,3,3,2,0,0,1,24.0,35.0,voiture,voiture,1,1,2,1,5
202300030257,2023-02-16 17:50:00,2023,2,16,17,50,79,79202,,46.637669,-0.265136,Plein jour,En agglomération,Giratoire,Normale,Autre collision,3,2,2,0,2,1,1,0,1,50,1,2,1,0,0,1,,,voiture,,1,2,6,1,6
202300030258,2023-11-08 15:20:00,2023,11,8,15,20,62,62765,Boulevard Vauban,50.74757,2.25071,Plein jour,En agglomération,Hors intersection,Pluie forte,Autre collision,4,2,2,3,1,1,2,9,1,50,1,2,1,0,1,0,61.0,,voiture,,1,2,1,3,6
202300030259,2023-05-22 17:55:00,2023,5,22,17,55,51,51058,Rue Romain Rolland,49.2194,3.99955,Plein jour,En agglomération,Intersection en X,Normale,Deux véhicules - côté,4,2,2,0,1,1,1,0,1,50,2,2,1,0,0,1,66.0,35.0,voiture,deux_roues,1,2,2,1,3
202300030259,2023-05-22 17:55:00,2023,5,22,17,55,51,51058,Rue Romain Rolland,49.2194,3.99955,Plein jour,En agglomération,Intersection en X,Normale,Deux véhicules - côté,4,2,2,0,1,1,1,0,1,50,2,2,1,0,0,1,66.0,35.0,voiture,deux_roues,1,2,2,1,3
202300030260,2023-03-03 18:10:00,2023,3,3,18,10,61,61140,RD 918,48.71852,0.65972,Plein jour,Hors agglomération,Hors intersection,Normale,Deux véhicules - frontale,3,2,2,0,2,1,1,0,1,90,2,4,0,0,0,4,56.0,26.0,voiture,voiture,1,1,1,1,1
202300030261,2023-11-09 10:00:00,2023,11,9,10,0,62,62737,D937,50.44675,2.69107,Plein jour,En agglomération,Hors intersection,Normale,Deux véhicules - arrière,3,3,1,1,2,1,2,0,1,30,2,3,2,0,0,1,46.0,74.0,voiture,voiture,1,2,1,1,2
202300030262,2023-03-05 14:55:00,2023,3,5,14,55,34,34150,D51,43.350336,3.51172,Plein jour,Hors agglomération,Hors intersection,Normale,Sans collision,3,2,2,0,2,2,1,0,3,80,1,2,0,0,1,1,44.0,,voiture,,1,1,1,1,7
202300030263,2023-05-19 18:50:00,2023,5,19,18,50,50,50129,PARIS (AVENUE DE),49.62862,-1.61816,Plein jour,En agglomération,Hors intersection,Normale,Deux véhicules - côté,3,2,2,1,1,1,1,0,1,50,2,2,1,0,0,1,67.0,23.0,voiture,voiture,1,2,1,1,3
202300030264,2023-11-10 16:55:00,2023,11,10,16,55,62,62215,Rue Cyprien Quinet,50.49145,2.97151,Plein jour,En agglomération,Hors intersection,Normale,Autre collision,4,1,0,0,1,1,1,0,1,50,1,1,0,0,1,0,,,,,1,2,1,1,6
202300030265,2023-03-04 06:45:00,2023,3,4,6,45,34,34147,D909,43.455878,3.207514,Crépuscule ou aube,Hors agglomération,Hors intersection,Normale,Deux véhicules - arrière,3,2,2,0,1,1,1,0,1,90,2,2,1,0,0,1,77.0,,deux_roues,voiture,2,1,1,1,2
202300030266,2023-05-23 14:30:00,2023,5,23,14,30,49,49328,POMPIDOU (AVENUE GEORGES),47.26478119,-0.09849072,Plein jour,En agglomération,Hors intersection,Normale,Deux véhicules - côté,4,2,2,0,1,1,1,0,1,50,2,2,1,0,0,1,44.0,23.0,voiture,deux_roues,1,2,1,1,3
202300030267,2023-11-06 02:10:00,2023,11,6,2,10,62,62510,D58,50.42186114,2.79985294,Nuit avec éclairage non allumé,Hors agglomération,Hors intersection,Pluie forte,Autre collision,3,3,0,0,1,3,2,3,1,50,1,1,0,0,0,1,33.0,,voiture,,4,1,1,3,6
202300030268,2023-02-24 08:45:00,2023,2,24,8,45,34,34130,D909,43.522149,3.18839,Plein jour,Hors agglomération,Hors intersection,Normale,Trois véhicules et plus - collisions multiples,3,2,2,0,1,1,2,0,1,90,3,3,1,0,0,2,46.0,84.0,voiture,utilitaire_camion,1,1,1,1,5
202300030269,2023-11-16 16:50:00,2023,11,16,16,50,62,62160,RUE DE SAINT-OMER,50.72663,1.62126,Crépuscule ou aube,En agglomération,Hors intersection,Pluie légère,Autre collision,4,2,2,0,2,1,2,0,1,50,1,2,1,0,1,0,82.0,,voiture,,2,2,1,2,6
202300030270,2023-05-23 13:30:00,2023,5,23,13,30,49,49099,RONTARDIERE (BOULEVARD DE LA),47.06128,-0.84814,Plein jour,En agglomération,Hors intersection,Normale,Deux véhicules - frontale,3,3,0,0,2,1,1,0,1,70,2,2,0,0,1,1,36.0,40.0,voiture,voiture,1,2,1,1,1
202300030271,2023-10-02 12:15:00,2023,10,2,12,15,62,62119,Rue Fernand Bar,50.53301224,2.6350995,Plein jour,En agglomération,Hors intersection,Normale,Autre collision,4,2,2,0,1,1,1,0,1,50,1,2,1,0,1,0,50.0,,voiture,,1,2,1,1,6
202300030272,2023-03-05 03:02:00,2023,3,5,3,2,68,68290,2 Rue de Hirtzfelden,47.941099,7.463702,Nuit avec éclairage non allumé,En agglomération,Giratoire,Normale,Autre collision,3,2,2,0,1,1,1,0,1,50,1,2,0,2,0,0,46.0,,voiture,,4,2,6,1,6
202300030272,2023-03-05 03:02:00,2023,3,5,3,2,68,68290,2 Rue de Hirtzfelden,47.941099,7.463702,Nuit avec éclairage non allumé,En agglomération,Giratoire,Normale,Autre collision,3,2,2,0,1,2,1,0,4,50,1,2,0,2,0,0,46.0,,voiture,,4,2,6,1,6
202300030273,2023-05-23 10:45:00,2023,5,23,10,45,43,43157,Rue Salvador Allende,45.025898,3.881712,Plein jour,En agglomération,Hors intersection,Normale,Trois véhicules et plus - en chaîne,4,-1,1,0,1,1,1,0,1,50,3,3,2,0,0,1,55.0,37.0,voiture,voiture,1,2,1,1,4
202300030274,2023-11-09 17:25:00,2023,11,9,17,25,62,62041,Boulevard Robert Schuman,50.2973,2.77989,Nuit avec éclairage allumé,En agglomération,Hors intersection,Pluie forte,Deux véhicules - arrière,4,2,4,0,1,1,2,0,1,50,2,2,1,0,0,1,45.0,42.0,voiture,voiture,5,2,1,3,2
202300030275,2023-05-17 19:20:00,2023,5,17,19,20,42,42237,N88,45.4404,4.45566,Plein jour,Hors agglomération,Hors intersection,Normale,Deux véhicules - arrière,2,1,1,0,1,1,1,3,1,70,2,3,2,0,0,1,49.0,49.0,voiture,voiture,1,1,1,1,2
202300030276,2023-03-05 14:45:00,2023,3,5,14,45,35,35078,Rue de la Plage,48.606433,-1.707875,Plein jour,En agglomération,Hors intersection,Temps couvert,Sans collision,4,1,1,0,1,3,1,0,4,50,1,2,1,0,1,0,15.0,,deux_roues,,1,2,1,8,7
202300030277,2023-05-22 11:40:00,2023,5,22,11,40,42,42218,Rue Pierre Blachon,45.42724,4.40499,Plein jour,En agglomération,Hors intersection,Normale,Autre collision,4,2,2,0,2,1,1,0,1,50,1,1,0,1,0,0,89.0,,voiture,,1,2,1,1,6
202300030278,2023-03-05 19:00:00,2023,3,5,19,0,31,31579,Route de Toulouse,43.736841,1.491029,Crépuscule ou aube,Hors agglomération,Hors intersection,Normale,Sans collision,3,2,2,0,1,1,1,0,1,80,1,1,0,1,0,0,31.0,,deux_roues,,2,1,1,1,7
202300030279,2023-10-27 17:08:00,2023,10,27,17,8,61,61006,D958,48.75045,-0.02971,Plein jour,En agglomération,Hors intersection,Pluie légère,Autre collision,3,3,2,0,1,1,2,0,1,50,1,2,1,0,0,1,54.0,,voiture,,1,2,1,2,6
202300030280,2023-05-23 18:15:00,2023,5,23,18,15,38,38053,PRE BENIT (AVE DE),45.58973,5.2844,Plein jour,En agglomération,Intersection en T,Normale,Deux véhicules - côté,4,1,1,0,1,1,1,0,1,50,2,2,1,0,0,1,15.0,48.0,deux_roues,voiture,1,2,3,1,3
202300030280,2023-05-23 18:15:00,2023,5,23,18,15,38,38053,PRE BENIT (AVE DE),45.58973,5.2844,Plein jour,En agglomération,Intersection en T,Normale,Deux véhicules - côté,4,2,2,0,1,1,1,0,1,50,2,2,1,0,0,1,15.0,48.0,deux_roues,voiture,1,2,3,1,3
202300030281,2023-03-04 19:40:00,2023,3,4,19,40,02,02656,,49.367277,3.81408,Nuit sans éclairage public,Hors agglomération,Hors intersection,Normale,Deux véhicules - frontale,3,2,2,0,2,3,1,0,1,80,2,3,2,0,1,0,25.0,52.0,voiture,voiture,3,1,1,1,1
202300030282,2023-11-09 18:30:00,2023,11,9,18,30,60,60057,Boulevard de l'Assaut,49.43513,2.08814,Nuit avec éclairage allumé,En agglomération,Place,Normale,Deux véhicules - côté,4,1, -1,-1,2,1,1,0,1,-1,2,2,1,0,0,1,16.0,,deux_roues,voiture,5,2,7,1,3
202300030282,2023-11-09 18:30:00,2023,11,9,18,30,60,60057,Boulevard de l'Assaut,49.43513,2.08814,Nuit avec éclairage allumé,En agglomération,Place,Normale,Deux véhicules - côté,4,-1,2,0,1,1,1,0,1,50,2,2,1,0,0,1,16.0,,deux_roues,voiture,5,2,7,1,3
202300030283,2023-05-23 19:40:00,2023,5,23,19,40,33,33318,Avenue de la Forge,44.80191,-0.64545,Plein jour,En agglomération,Hors intersection,Normale,Autre collision,4,2,3,2,1,1,1,0,1,50,1,2,1,0,0,1,71.0,,voiture,,1,2,1,1,6
202300030284,2023-03-04 16:15:00,2023,3,4,16,15,02,02158,,49.468567,3.665174,Plein jour,Hors agglomération,Giratoire,Normale,Deux véhicules - côté,3,2,1,0,1,3,1,0,1,70,2,2,1,0,0,1,47.0,53.0,voiture,deux_roues,1,1,6,1,3
202300030285,2023-05-22 08:45:00,2023,5,22,8,45,33,33281,Avenue des Eyquems,44.82685,-0.6159,Plein jour,En agglomération,Hors intersection,Normale,Autre collision,4,1,1,2,2,3,1,0,3,30,1,1,0,0,0,1,42.0,,voiture,,1,2,1,1,6
202300030286,2023-11-09 14:00:00,2023,11,9,14,0,60,60057,Rue des Cheminots,49.42353136,2.10074367,Plein jour,En agglomération,Intersection en X,Normale,Deux véhicules - côté,4,2,2,0,1,1,1,0,1,50,2,2,1,0,0,1,49.0,68.0,deux_roues,voiture,1,2,2,1,3
202300030286,2023-11-09 14:00:00,2023,11,9,14,0,60,60057,Rue des Cheminots,49.42353136,2.10074367,Plein jour,En agglomération,Intersection en X,Normale,Deux véhicules - côté,4,2, -1,-1,1,1,1,0,1,-1,2,2,1,0,0,1,49.0,68.0,deux_roues,voiture,1,2,2,1,3
202300030287,2023-03-04 23:25:00,2023,3,4,23,25,15,15045,RD 921,44.864056,3.010946,Nuit sans éclairage public,Hors agglomération,Hors intersection,Normale,Autre collision,3,2,2,0,1,2,1,0,3,90,1,1,0,0,0,1,25.0,,voiture,,3,1,1,1,6
202300030288,2023-11-11 05:20:00,2023,11,11,5,20,59,59352,BOUSBECQUE (RUE DE),50.74131,3.07996,Nuit avec éclairage allumé,En agglomération,Intersection en X,Pluie légère,Autre collision,4,2,1,0,2,1,2,0,4,50,1,1,0,0,0,1,19.0,,voiture,,5,2,2,2,6
202300030288,2023-11-11 05:20:00,2023,11,11,5,20,59,59352,BOUSBECQUE (RUE DE),50.74131,3.07996,Nuit avec éclairage allumé,En agglomération,Intersection en X,Pluie légère,Autre collision,4,1,1,0,1,1,2,0,4,30,1,1,0,0,0,1,19.0,,voiture,,5,2,2,2,6
202300030289,2023-05-23 18:31:00,2023,5,23,18,31,31,31555,MURET (AV DE) DU 1AU 134,43.58356,1.42706,Plein jour,En agglomération,Hors intersection,Normale,Deux véhicules - côté,4,2,4,1,1,1,1,0,1,50,2,4,3,0,0,1,21.0,39.0,deux_roues,voiture,1,2,1,1,3
202300030290,2023-03-05 15:00:00,2023,3,5,15,0,70,70219,D9,47.53847,6.359196,Plein jour,Hors agglomération,Hors intersection,Normale,Deux véhicules - arrière,3,2,2,0,1,1,1,0,1,90,2,3,0,0,2,1,26.0,35.0,voiture,voiture,1,1,1,1,2
202300030291,2023-05-22 19:55:00,2023,5,22,19,55,29,29019,rampe du Vieux Kerveguen,48.394459,-4.445881,Plein jour,En agglomération,Hors intersection,Normale,Deux véhicules - frontale,4,-1,0,0,1,2,1,0,1,50,2,2,1,0,0,1,69.0,48.0,voiture,deux_roues,1,2,1,1,1
202300030292,2023-11-08 18:30:00,2023,11,8,18,30,59,59512,TUILERIE (RUE DE LA),50.68981,3.17914,Nuit avec éclairage allumé,En agglomération,Intersection en Y,Pluie forte,Deux véhicules - côté,4,1,1,0,1,1,2,0,1,30,2,2,1,0,0,1,33.0,25.0,voiture,deux_roues,5,2,4,3,3
202300030292,2023-11-08 18:30:00,2023,11,8,18,30,59,59512,TUILERIE (RUE DE LA),50.68981,3.17914,Nuit avec éclairage allumé,En agglomération,Intersection en Y,Pluie forte,Deux véhicules - côté,4,1,0,0,1,2,2,0,1,30,2,2,1,0,0,1,33.0,25.0,voiture,deux_roues,5,2,4,3,3
202300030293,2023-03-05 10:40:00,2023,3,5,10,40,06,06079,Boulevard des Termes,43.545931,6.925565,Plein jour,Hors agglomération,Hors intersection,Normale,Deux véhicules - frontale,3,2,2,0,2,1,1,0,1,50,2,2,1,0,0,1,,16.0,voiture,deux_roues,1,1,1,1,1
202300030294,2023-05-22 17:00:00,2023,5,22,17,0,27,27701,D6154,49.24798,1.18537,Plein jour,Hors agglomération,Hors intersection,Normale,Deux véhicules - arrière,3,1,1,0,1,1,1,3,1,50,2,3,2,0,0,1,20.0,20.0,voiture,voiture,1,1,1,1,2
202300030295,2023-11-09 16:00:00,2023,11,9,16,0,59,59350,BONTE AUGUSTE RUE,50.64459,3.01348,Plein jour,En agglomération,Intersection en X,Pluie légère,Autre collision,7,2,1,0,1,1,2,0,1,50,1,2,1,0,0,1,22.0,,voiture,,1,2,2,2,6
202300030295,2023-11-09 16:00:00,2023,11,9,16,0,59,59350,BONTE AUGUSTE RUE,50.64459,3.01348,Plein jour,En agglomération,Intersection en X,Pluie légère,Autre collision,7,2,1,0,1,1,2,0,1,50,1,2,1,0,0,1,22.0,,voiture,,1,2,2,2,6
202300030296,2023-03-05 06:30:00,2023,3,5,6,30,64,64399,D834,43.354501,-0.37995,Nuit avec éclairage allumé,Hors agglomération,Hors intersection,Normale,Autre collision,3,2,2,0,1,1,1,0,3,70,1,2,0,0,2,0,31.0,,voiture,,5,1,1,1,6
202300030297,2023-11-09 13:45:00,2023,11,9,13,45,59,59350,FAUBOURG DES POSTES RUE,50.61304,3.04705,Plein jour,En agglomération,Hors intersection,Temps couvert,Autre collision,7,2,2,0,1,1,1,0,1,50,1,5,4,0,0,1,20.0,,voiture,,1,2,1,8,6