accident_id,datetime,annee,mois,jour,heure,minute,departement,commune_insee,adresse,latitude,longitude,luminosite,agglomeration,intersection,meteo,collision,catr,circ,nbv,vosp,prof,plan,surf,infra,situ,vma,nb_vehicules,nb_usagers,nb_indemnes,nb_tues,nb_blesses_hosp,nb_blesses_legers,age_cond_1,age_cond_2,veh_type_cond_1,veh_type_cond_2,lum_code,agg_code,int_code,atm_code,col_code
202300030367,2023-12-14 18:10:00,2023,12,14,18,10,71,71306,64 Avenue Maréchal Leclerc,46.67982878,4.36758846,Plein jour,En agglomération,Hors intersection,Normale,Sans collision,4,2,4,0,1,1,1,0,1,50,1,1,0,0,0,1,16.0,,deux_roues,,1,2,1,1,7
202300030368,2023-11-09 08:25:00,2023,11,9,8,25,45,45234,48 Rue des Montées,47.872117,1.920652,Plein jour,En agglomération,Hors intersection,Normale,Autre collision,4,2,2,0,1,1,1,0,1,50,1,2,1,0,0,1,29.0,,voiture,,1,2,1,1,6
202300030369,2023-12-14 16:50:00,2023,12,14,16,50,71,71306,parking de la mairie,46.67435086,4.36257541,Plein jour,En agglomération,Hors intersection,Normale,Autre collision,6,-1, -1,0,1,1,1,0,1,50,1,2,1,0,0,1,57.0,,voiture,,1,2,1,1,6
202300030370,2023-05-23 18:01:00,2023,5,23,18,1,94,94022,Avenue de la Folie / Rue Bernard Palissy,48.77199,2.41824,Plein jour,En agglomération,Intersection en T,Normale,Deux véhicules - côté,4,2, -1,0,1,1,1,0,1,-1,2,2,1,0,0,1,52.0,52.0,voiture,deux_roues,1,2,3,1,3
202300030370,2023-05-23 18:01:00,2023,5,23,18,1,94,94022,Avenue de la Folie / Rue Bernard Palissy,48.77199,2.41824,Plein jour,En agglomération,Intersection en T,Normale,Deux véhicules - côté,4,2,2,0,1,1,1,0,1,50,2,2,1,0,0,1,52.0,52.0,voiture,deux_roues,1,2,3,1,3
202300030371,2023-11-08 15:30:00,2023,11,8,15,30,45,45232,D2020 PR 35 + 345,47.85035,1.91146,Plein jour,En agglomération,Hors intersection,Normale,Sans collision,3,3,4,0,1,1,1,0,1,70,1,1,0,0,1,0,24.0,,deux_roues,,1,2,1,1,7
202300030372,2023-11-11 19:20:00,2023,11,11,19,20,44,44109,Place Victor Mangin,47.20083554,-1.5444967,Nuit avec éclairage allumé,En agglomération,Giratoire,Pluie légère,Deux véhicules - côté,4,2,4,0,1,1,2,9,1,50,2,2,1,0,0,1,43.0,52.0,deux_roues,voiture,5,2,6,2,3
202300030373,2023-12-15 18:30:00,2023,12,15,18,30,69,69282,Rue de la République,45.76046,5.03089,Nuit avec éclairage allumé,Hors agglomération,Intersection en T,Normale,Trois véhicules et plus - en chaîne,4,2,2,0,1,1,1,9,1,50,3,3,2,0,0,1,52.0,26.0,voiture,voiture,5,1,3,1,4
202300030373,2023-12-15 18:30:00,2023,12,15,18,30,69,69282,Rue de la République,45.76046,5.03089,Nuit avec éclairage allumé,Hors agglomération,Intersection en T,Normale,Trois véhicules et plus - en chaîne,4,2,2,0,1,1,1,9,1,50,3,3,2,0,0,1,52.0,26.0,voiture,voiture,5,1,3,1,4
202300030374,2023-05-22 11:45:00,2023,5,22,11,45,94,94018,84 Rue de Paris,48.82305,2.41133,Plein jour,En agglomération,Intersection en T,Normale,Deux véhicules - côté,3,2,2,2,1,1,1,0,1,30,2,2,1,0,0,1,43.0,60.0,deux_roues,voiture,1,2,3,1,3
202300030374,2023-05-22 11:45:00,2023,5,22,11,45,94,94018,84 Rue de Paris,48.82305,2.41133,Plein jour,En agglomération,Intersection en T,Normale,Deux véhicules - côté,3,1,1,-1,1,1,1,0,1,-1,2,2,1,0,0,1,43.0,60.0,deux_roues,voiture,1,2,3,1,3
202300030375,2023-11-09 20:20:00,2023,11,9,20,20,44,44162,Boulevard Salvador Allende,47.22223,-1.63869,Nuit avec éclairage allumé,En agglomération,Hors intersection,Pluie légère,Autre collision,4,2,2,0,1,1,2,0,6,30,1,2,1,0,1,0,60.0,,voiture,,5,2,1,2,6
202300030376,2023-12-15 11:35:00,2023,12,15,11,35,69,69290,Boulevard de la Porte des Alpes,45.7151,4.92561,Plein jour,En agglomération,Intersection en X,Normale,Deux véhicules - arrière,4,2,2,0,1,1,1,0,1,50,2,3,2,0,0,1,23.0,64.0,voiture,voiture,1,2,2,1,2
202300030376,2023-12-15 11:35:00,2023,12,15,11,35,69,69290,Boulevard de la Porte des Alpes,45.7151,4.92561,Plein jour,En agglomération,Intersection en X,Normale,Deux véhicules - arrière,4,2,4,0,1,1,1,0,1,70,2,3,2,0,0,1,23.0,64.0,voiture,voiture,1,2,2,1,2
202300030377,2023-05-23 13:00:00,2023,5,23,13,0,93,93064,Rue de Rosny / Boulevard Théophile Sueur,48.8710314,2.4709298,Plein jour,En agglomération,Intersection en X,Normale,Deux véhicules - arrière,3,2,2,0,1,1,1,0,1,50,2,2,1,0,0,1,,49.0,utilitaire_camion,deux_roues,1,2,2,1,2
202300030377,2023-05-23 13:00:00,2023,5,23,13,0,93,93064,Rue de Rosny / Boulevard Théophile Sueur,48.8710314,2.4709298,Plein jour,En agglomération,Intersection en X,Normale,Deux véhicules - arrière,3,2,2,0,1,1,1,0,1,50,2,2,1,0,0,1,,49.0,utilitaire_camion,deux_roues,1,2,2,1,2
202300030377,2023-05-23 13:00:00,2023,5,23,13,0,93,93064,Rue de Rosny / Boulevard Théophile Sueur,48.8710314,2.4709298,Plein jour,En agglomération,Intersection en X,Normale,Deux véhicules - arrière,3,2,2,0,1,1,1,0,1,50,2,2,1,0,0,1,,49.0,utilitaire_camion,deux_roues,1,2,2,1,2
202300030378,2023-10-28 19:45:00,2023,10,28,19,45,40,40279,CD 129 - ROUTE DE MONT DE MARSAN,43.7216,-1.0388,Crépuscule ou aube,Hors agglomération,Hors intersection,Normale,Trois véhicules et plus - collisions multiples,3,2,2,0,1,3,1,0,1,80,3,6,4,0,0,2,27.0,47.0,voiture,utilitaire_camion,2,1,1,1,5
202300030379,2023-12-15 21:39:00,2023,12,15,21,39,67,67482,ABBE LEMIRE (RUE DE L ),48.57626,7.72681,Nuit avec éclairage allumé,En agglomération,Intersection en T,Normale,Deux véhicules - côté,4,2,2,0,1,1,1,9,1,-1,2,2,1,0,0,1,20.0,38.0,deux_roues,voiture,5,2,3,1,3
202300030379,2023-12-15 21:39:00,2023,12,15,21,39,67,67482,ABBE LEMIRE (RUE DE L ),48.57626,7.72681,Nuit avec éclairage allumé,En agglomération,Intersection en T,Normale,Deux véhicules - côté,4,2,2,0,1,1,1,1,5,20,2,2,1,0,0,1,20.0,38.0,deux_roues,voiture,5,2,3,1,3
202300030380,2023-05-23 09:05:00,2023,5,23,9,5,93,93048,Rue Franklin,48.86324,2.44407,Plein jour,En agglomération,Hors intersection,Temps couvert,Deux véhicules - côté,4,2,2,0,2,1,1,0,1,30,2,2,1,0,0,1,22.0,33.0,deux_roues,voiture,1,2,1,8,3
202300030381,2023-11-09 21:25:00,2023,11,9,21,25,37,37261,EUROPE (AVENUE DE L'),47.4229,0.68568,Nuit avec éclairage allumé,En agglomération,Intersection en X,Pluie légère,Deux véhicules - arrière,4,2,2,0,1,1,2,0,1,50,2,2,1,0,0,1,22.0,,voiture,voiture,5,2,2,2,2
202300030381,2023-11-09 21:25:00,2023,11,9,21,25,37,37261,EUROPE (AVENUE DE L'),47.4229,0.68568,Nuit avec éclairage allumé,En agglomération,Intersection en X,Pluie légère,Deux véhicules - arrière,4,2,2,0,1,1,2,0,1,50,2,2,1,0,0,1,22.0,,voiture,voiture,5,2,2,2,2
202300030382,2023-12-15 07:00:00,2023,12,15,7,0,67,67482,BORDEAUX (PLACE DE),48.59354,7.75853,Nuit avec éclairage allumé,En agglomération,Intersection en Y,Normale,Deux véhicules - côté,4,1,3,0,1,1,1,0,5,50,2,2,1,0,0,1,73.0,31.0,voiture,deux_roues,5,2,4,1,3
202300030382,2023-12-15 07:00:00,2023,12,15,7,0,67,67482,BORDEAUX (PLACE DE),48.59354,7.75853,Nuit avec éclairage allumé,En agglomération,Intersection en Y,Normale,Deux véhicules - côté,4,2,5,1,1,1,1,0,5,50,2,2,1,0,0,1,73.0,31.0,voiture,deux_roues,5,2,4,1,3
202300030382,2023-12-15 07:00:00,2023,12,15,7,0,67,67482,BORDEAUX (PLACE DE),48.59354,7.75853,Nuit avec éclairage allumé,En agglomération,Intersection en Y,Normale,Deux véhicules - côté,4,1,3,0,1,1,1,0,5,50,2,2,1,0,0,1,73.0,31.0,voiture,deux_roues,5,2,4,1,3
202300030383,2023-05-23 12:00:00,2023,5,23,12,0,93,93046,Av du Consul General Nordling,48.91821,2.53571,Plein jour,En agglomération,Hors intersection,Normale,Deux véhicules - côté,3,3,4,0,1,1,1,0,1,50,2,2,1,0,1,0,27.0,34.0,deux_roues,utilitaire_camion,1,2,1,1,3
202300030384,2023-11-09 18:00:00,2023,11,9,18,0,37,37261,VAILLANT (RUE EDOUARD),47.38695,0.69822,Nuit avec éclairage allumé,En agglomération,Intersection en X,Temps couvert,Deux véhicules - côté,4,2,2,0,1,1,2,0,1,50,2,2,1,0,0,1,53.0,26.0,voiture,deux_roues,5,2,2,8,3
202300030384,2023-11-09 18:00:00,2023,11,9,18,0,37,37261,VAILLANT (RUE EDOUARD),47.38695,0.69822,Nuit avec éclairage allumé,En agglomération,Intersection en X,Temps couvert,Deux véhicules - côté,4,2,2,1,1,1,2,0,1,50,2,2,1,0,0,1,53.0,26.0,voiture,deux_roues,5,2,2,8,3
202300030385,2023-12-15 14:15:00,2023,12,15,14,15,67,67180,WISSEMBOURG (AV. DE),48.82759,7.79402,Plein jour,En agglomération,Autre intersection,Temps couvert,Autre collision,3,2,2,0,2,1,1,0,1,50,2,4,2,0,1,1,20.0,20.0,voiture,voiture,1,2,9,8,6
202300030386,2023-05-23 10:40:00,2023,5,23,10,40,93,93005,Av I et Frederic Joliot Curie,48.92918771,2.51238846,Plein jour,En agglomération,Hors intersection,Normale,Deux véhicules - frontale,4,2,2,0,1,1,1,1,1,50,2,2,1,0,0,1,44.0,54.0,voiture,voiture,1,2,1,1,1
202300030387,2023-11-09 16:00:00,2023,11,9,16,0,37,37261,GRAMMONT (AVENUE DE),47.38256763,0.6921038,Plein jour,En agglomération,Intersection en T,Temps couvert,Deux véhicules - côté,4,3,6,0,1,1,2,0,1,50,2,3,2,0,0,1,66.0,38.0,voiture,transport_commun,1,2,3,8,3
202300030387,2023-11-09 16:00:00,2023,11,9,16,0,37,37261,GRAMMONT (AVENUE DE),47.38256763,0.6921038,Plein jour,En agglomération,Intersection en T,Temps couvert,Deux véhicules - côté,4,1,1,0,1,1,2,0,1,50,2,3,2,0,0,1,66.0,38.0,voiture,transport_commun,1,2,3,8,3
202300030388,2023-12-15 16:30:00,2023,12,15,16,30,66,66136,Av Georges et Claude CAUSTIER,42.68988,2.85981,Plein jour,En agglomération,Hors intersection,Normale,Autre collision,4,2,1,0,1,1,1,0,1,50,2,2,1,0,1,0,30.0,53.0,utilitaire_camion,utilitaire_camion,1,2,1,1,6
202300030389,2023-05-22 15:05:00,2023,5,22,15,5,92,92072,TROYON (RUE),48.82658,2.22654,Plein jour,En agglomération,Autre intersection,Normale,Deux véhicules - arrière,3,2,0,0,1,1,1,0,1,50,2,2,1,0,0,1,24.0,49.0,deux_roues,voiture,1,2,9,1,2
202300030390,2023-12-16 01:40:00,2023,12,16,1,40,64,64140,DUVERT (RUE RENE),43.52268,-1.48939,Nuit avec éclairage allumé,En agglomération,Intersection en X,Normale,Autre collision,4,2,2,0,1,3,1,5,1,50,1,1,0,0,0,1,53.0,,deux_roues,,5,2,2,1,6
202300030390,2023-12-16 01:40:00,2023,12,16,1,40,64,64140,DUVERT (RUE RENE),43.52268,-1.48939,Nuit avec éclairage allumé,En agglomération,Intersection en X,Normale,Autre collision,4,2,2,0,1,3,1,5,1,50,1,1,0,0,0,1,53.0,,deux_roues,,5,2,2,1,6
202300030391,2023-11-09 12:35:00,2023,11,9,12,35,37,37208,POMPIDOU (AVENUE GEORGES),47.37188593,0.71603179,Plein jour,En agglomération,Intersection en Y,Temps couvert,Deux véhicules - arrière,4,3,4,0,1,1,2,0,1,50,2,2,1,0,0,1,27.0,32.0,voiture,voiture,1,2,4,8,2
202300030391,2023-11-09 12:35:00,2023,11,9,12,35,37,37208,POMPIDOU (AVENUE GEORGES),47.37188593,0.71603179,Plein jour,En agglomération,Intersection en Y,Temps couvert,Deux véhicules - arrière,4,1,1,0,2,3,2,0,1,50,2,2,1,0,0,1,27.0,32.0,voiture,voiture,1,2,4,8,2
202300030392,2023-05-22 01:20:00,2023,5,22,1,20,92,92072,GRANDE RUE,48.82644,2.21926,Nuit avec éclairage allumé,En agglomération,Intersection en T,Normale,Deux véhicules - côté,3,2,0,0,2,1,1,0,1,50,2,2,1,0,0,1,23.0,34.0,voiture,deux_roues,5,2,3,1,3
202300030392,2023-05-22 01:20:00,2023,5,22,1,20,92,92072,GRANDE RUE,48.82644,2.21926,Nuit avec éclairage allumé,En agglomération,Intersection en T,Normale,Deux véhicules - côté,3,2,3,0,1,1,1,5,1,50,2,2,1,0,0,1,23.0,34.0,voiture,deux_roues,5,2,3,1,3
202300030393,2023-12-15 19:00:00,2023,12,15,19,0,63,63113,KESSLER (RUE),45.76956,3.08731,Nuit avec éclairage allumé,En agglomération,Intersection en X,Pluie légère,Deux véhicules - côté,4,1,1,0,1,1,2,5,1,30,2,2,1,0,0,1,19.0,44.0,voiture,voiture,5,2,2,2,3
202300030393,2023-12-15 19:00:00,2023,12,15,19,0,63,63113,KESSLER (RUE),45.76956,3.08731,Nuit avec éclairage allumé,En agglomération,Intersection en X,Pluie légère,Deux véhicules - côté,4,2,2,0,1,1,2,5,1,30,2,2,1,0,0,1,19.0,44.0,voiture,voiture,5,2,2,2,3
202300030394,2023-11-09 09:22:00,2023,11,9,9,22,37,37122,CHINON (BOULEVARD DE),47.35403,0.69387,Plein jour,En agglomération,Intersection en T,Temps couvert,Deux véhicules - côté,4,2,2,2,1,1,2,0,1,50,2,2,1,0,0,1,48.0,20.0,deux_roues,utilitaire_camion,1,2,3,8,3
202300030394,2023-11-09 09:22:00,2023,11,9,9,22,37,37122,CHINON (BOULEVARD DE),47.35403,0.69387,Plein jour,En agglomération,Intersection en T,Temps couvert,Deux véhicules - côté,4,2,2,0,1,1,2,0,1,50,2,2,1,0,0,1,48.0,20.0,deux_roues,utilitaire_camion,1,2,3,8,3
202300030395,2023-05-23 08:55:00,2023,5,23,8,55,92,92063,RICHELIEU (BOULEVARD),48.8721745,2.18297392,Plein jour,En agglomération,Hors intersection,Normale,Deux véhicules - frontale,3,2,2,0,1,1,1,0,1,50,2,3,2,0,0,1,43.0,48.0,voiture,deux_roues,1,2,1,1,1
202300030396,2023-11-09 07:55:00,2023,11,9,7,55,37,37195,MOULIN (RUE JEAN),47.38480323,0.65418005,Plein jour,En agglomération,Giratoire,Temps couvert,Deux véhicules - côté,4,2,2,0,1,1,2,0,1,50,2,2,1,0,0,1,44.0,45.0,deux_roues,voiture,1,2,6,8,3
202300030396,2023-11-09 07:55:00,2023,11,9,7,55,37,37195,MOULIN (RUE JEAN),47.38480323,0.65418005,Plein jour,En agglomération,Giratoire,Temps couvert,Deux véhicules - côté,4,2,2,0,1,1,2,0,1,50,2,2,1,0,0,1,44.0,45.0,deux_roues,voiture,1,2,6,8,3
202300030396,2023-11-09 07:55:00,2023,11,9,7,55,37,37195,MOULIN (RUE JEAN),47.38480323,0.65418005,Plein jour,En agglomération,Giratoire,Temps couvert,Deux véhicules - côté,4,2,2,0,1,1,2,0,1,50,2,2,1,0,0,1,44.0,45.0,deux_roues,voiture,1,2,6,8,3
202300030397,2023-12-15 17:40:00,2023,12,15,17,40,62,62842,RN47,50.46237529,2.83096218,Nuit sans éclairage public,Hors agglomération,Autre intersection,Normale,Trois véhicules et plus - en chaîne,2,1,2,0,1,1,1,0,1,110,6,6,4,0,0,2,24.0,34.0,voiture,voiture,3,1,9,1,4
202300030398,2023-05-23 18:20:00,2023,5,23,18,20,92,92044,GEO.POMPIDOU(AVE) 21+ ET 22+,48.89812622,2.2801432,Plein jour,En agglomération,Intersection en T,Normale,Deux véhicules - côté,4,2,#VALEURMULTI,0,1,1,1,0,1,50,2,2,1,0,0,1,66.0,45.0,deux_roues,deux_roues,1,2,3,1,3
202300030399,2023-11-09 07:35:00,2023,11,9,7,35,37,37261,SAINT-SAUVEUR (ROND POINT),47.37348,0.67865,Crépuscule ou aube,En agglomération,Giratoire,Temps couvert,Deux véhicules - côté,4,1,4,1,1,1,2,9,5,50,2,2,1,0,0,1,26.0,55.0,utilitaire_camion,deux_roues,2,2,6,8,3
202300030399,2023-11-09 07:35:00,2023,11,9,7,35,37,37261,SAINT-SAUVEUR (ROND POINT),47.37348,0.67865,Crépuscule ou aube,En agglomération,Giratoire,Temps couvert,Deux véhicules - côté,4,3,4,0,1,1,2,0,5,50,2,2,1,0,0,1,26.0,55.0,utilitaire_camion,deux_roues,2,2,6,8,3
202300030399,2023-11-09 07:35:00,2023,11,9,7,35,37,37261,SAINT-SAUVEUR (ROND POINT),47.37348,0.67865,Crépuscule ou aube,En agglomération,Giratoire,Temps couvert,Deux véhicules - côté,4,1,2,2,1,1,2,5,5,50,2,2,1,0,0,1,26.0,55.0,utilitaire_camion,deux_roues,2,2,6,8,3
202300030400,2023-12-12 16:00:00,2023,12,12,16,0,62,62624,Avenue de la République,50.41540886,2.98103499,Plein jour,Hors agglomération,Autre intersection,Normale,Autre collision,4,1,0,0,1,1,1,6,1,30,1,2,1,0,0,1,,,,,1,1,9,1,6
202300030401,2023-11-08 18:33:00,2023,11,8,18,33,37,37122,RD 37,47.36625,0.65284,Nuit sans éclairage public,Hors agglomération,Hors intersection,Temps couvert,Autre collision,7,2,2,0,2,1,2,0,1,90,1,2,1,1,0,0,58.0,,voiture,,3,1,1,8,6
202300030402,2023-11-10 01:15:00,2023,11,10,1,15,60,60057,Rue du Pont d'Arcole,49.42463,2.09853,Nuit avec éclairage allumé,En agglomération,Hors intersection,Normale,Autre collision,4,2,1,0,1,3,1,0,4,50,1,1,0,0,1,0,25.0,,voiture,,5,2,1,1,6
202300030403,2023-11-08 12:38:00,2023,11,8,12,38,36,36044,Boulevard des Marins,46.8067,1.68041,Plein jour,En agglomération,Hors intersection,Normale,Autre collision,4,3,4,1,1,1,1,0,1,50,1,2,1,0,1,0,51.0,,voiture,,1,2,1,1,6
202300030404,2023-12-15 16:40:00,2023,12,15,16,40,59,59152,HURLUPIN (RUE D'),50.76351,3.01048,Plein jour,En agglomération,Hors intersection,Temps couvert,Deux véhicules - arrière,4,2,0,0,1,1,1,0,1,50,2,2,1,0,0,1,45.0,16.0,voiture,deux_roues,1,2,1,8,2
202300030405,2023-05-23 08:10:00,2023,5,23,8,10,92,92044,CHARLES PASQUA (QUAI) 58 A90,48.90118384,2.28516161,Plein jour,En agglomération,Hors intersection,Normale,Deux véhicules - arrière,3,1,3,0,1,1,1,0,1,50,2,2,1,0,0,1,23.0,32.0,deux_roues,voiture,1,2,1,1,2
202300030406,2023-11-09 15:00:00,2023,11,9,15,0,35,35238,N136,48.1367,-1.70342,Plein jour,Hors agglomération,Hors intersection,Normale,Trois véhicules et plus - en chaîne,2,3,4,0,1,1,1,0,1,90,3,3,2,0,0,1,54.0,28.0,voiture,voiture,1,1,1,1,4
202300030407,2023-12-15 23:10:00,2023,12,15,23,10,59,59299,CLEMENCEAU (BOULEVARD),50.66041,3.18461,Nuit avec éclairage allumé,En agglomération,Intersection en X,Normale,Deux véhicules - frontale,4,-1,2,0,2,1,1,0,1,50,2,2,0,0,0,2,52.0,22.0,voiture,voiture,5,2,2,1,1
202300030407,2023-12-15 23:10:00,2023,12,15,23,10,59,59299,CLEMENCEAU (BOULEVARD),50.66041,3.18461,Nuit avec éclairage allumé,En agglomération,Intersection en X,Normale,Deux véhicules - frontale,4,-1,2,0,2,1,1,0,1,50,2,2,0,0,0,2,52.0,22.0,voiture,voiture,5,2,2,1,1
202300030408,2023-12-14 15:35:00,2023,12,14,15,35,57,57672,REPUBLIQUE (PLACE DE LA),49.355829,6.16354,Plein jour,En agglomération,Hors intersection,Normale,Autre collision,4,1,1,0,1,1,1,0,1,50,1,2,1,0,1,0,19.0,,voiture,,1,2,1,1,6
202300030409,2023-05-23 15:25:00,2023,5,23,15,25,92,92040,MAURICE MALLET,48.82989805,2.2661975,Plein jour,En agglomération,Hors intersection,Normale,Sans collision,4,2,2,0,1,1,1,0,4,30,1,1,0,0,0,1,57.0,,deux_roues,,1,2,1,1,7
202300030410,2023-11-09 09:55:00,2023,11,9,9,55,35,35238,PATTON (AVENUE DU GENERAL SIR GEORGES),48.12857,-1.66423,Plein jour,En agglomération,Intersection en X,Normale,Deux véhicules - côté,4,3,4,1,1,2,1,0,1,50,2,4,3,0,0,1,21.0,46.0,voiture,voiture,1,2,2,1,3
202300030410,2023-11-09 09:55:00,2023,11,9,9,55,35,35238,PATTON (AVENUE DU GENERAL SIR GEORGES),48.12857,-1.66423,Plein jour,En agglomération,Intersection en X,Normale,Deux véhicules - côté,4,2,3,3,1,1,1,0,1,50,2,4,3,0,0,1,21.0,46.0,voiture,voiture,1,2,2,1,3
202300030411,2023-12-14 19:10:00,2023,12,14,19,10,57,57631,MONTAGNE (RUE DE LA),49.10666,7.06005,Nuit avec éclairage allumé,En agglomération,Hors intersection,Normale,Autre collision,4,2,2,0,2,1,1,0,1,50,1,2,1,0,0,1,,,autre,,5,2,1,1,6
202300030412,2023-05-23 11:10:00,2023,5,23,11,10,92,92025,GABRIEL PERI (RUE),48.918231,2.238889,Plein jour,En agglomération,Hors intersection,Normale,Deux véhicules - frontale,3,2,2,0,1,1,1,0,1,50,2,2,1,0,0,1,33.0,41.0,voiture,deux_roues,1,2,1,1,1
202300030413,2023-11-11 06:20:00,2023,11,11,6,20,34,34129,PALAVAS D986 (ROUTE DE),43.571,3.89612,Nuit sans éclairage public,Hors agglomération,Hors intersection,Normale,Deux véhicules - arrière,7,1,2,0,1,1,1,2,1,90,2,3,1,2,0,0,32.0,,voiture,voiture,3,1,1,1,2
202300030414,2023-12-14 19:46:00,2023,12,14,19,46,49,49007,BIRGE BOULEVARD,47.47664,-0.52054,Nuit avec éclairage allumé,En agglomération,Hors intersection,Pluie légère,Autre collision,4,3,4,0,1,1,2,0,1,50,2,3,2,0,0,1,20.0,22.0,voiture,voiture,5,2,1,2,6
202300030415,2023-11-08 01:15:00,2023,11,8,1,15,33,33063,Quai de la Souys,44.83146,-0.546,Nuit avec éclairage allumé,En agglomération,Hors intersection,Normale,Deux véhicules - arrière,4,2,4,1,1,1,1,0,1,50,2,2,1,0,0,1,25.0,,deux_roues,voiture,5,2,1,1,2
202300030416,2023-12-14 08:00:00,2023,12,14,8,0,49,49007,DAILLIERE,47.46443,-0.546,Nuit avec éclairage allumé,En agglomération,Hors intersection,Normale,Sans collision,4,1,1,0,1,1,1,0,1,50,1,1,0,0,0,1,14.0,,deux_roues,,5,2,1,1,7
202300030417,2023-11-10 23:16:00,2023,11,10,23,16,31,31555,VA007333 LA FAOURETTE A620 Sortie 26,43.57021,1.41264,Nuit avec éclairage non allumé,Hors agglomération,Hors intersection,Normale,Deux véhicules - frontale,1,3,6,0,1,1,2,0,1,90,2,2,0,1,0,1,43.0,54.0,voiture,voiture,4,1,1,1,1
202300030418,2023-12-14 15:00:00,2023,12,14,15,0,49,49015,MEIGNANNE ROUTE DE LA,47.503366,-0.632263,Plein jour,En agglomération,Hors intersection,Temps couvert,Deux véhicules - frontale,3,2,2,0,1,1,1,0,1,90,2,3,2,0,0,1,68.0,38.0,voiture,voiture,1,2,1,8,1
202300030419,2023-11-08 08:47:00,2023,11,8,8,47,31,31555,ALL DE BARCELONE,43.60914,1.42375,Plein jour,En agglomération,Hors intersection,Normale,Deux véhicules - côté,4,1,2,0,1,1,1,0,1,50,2,2,1,0,1,0,33.0,42.0,voiture,deux_roues,1,2,1,1,3
202300030420,2023-11-09 22:00:00,2023,11,9,22,0,31,31483,ROUTE DE LA SERRE DE CAZAUX,43.133995,0.726066,Nuit sans éclairage public,Hors agglomération,Hors intersection,Normale,Autre collision,3,2,2,0,2,2,1,0,3,50,1,1,0,0,0,1,62.0,,voiture,,3,1,1,1,6
202300030421,2023-12-15 23:40:00,2023,12,15,23,40,47,47001,SCALIGER (BOULEVARD),44.20729,0.61544,Nuit avec éclairage allumé,En agglomération,Intersection en X,Normale,Deux véhicules - côté,4,1,1,0,1,1,1,0,1,50,2,2,1,0,0,1,19.0,63.0,deux_roues,voiture,5,2,2,1,3
202300030421,2023-12-15 23:40:00,2023,12,15,23,40,47,47001,SCALIGER (BOULEVARD),44.20729,0.61544,Nuit avec éclairage allumé,En agglomération,Intersection en X,Normale,Deux véhicules - côté,4,2,2,0,1,1,1,0,1,50,2,2,1,0,0,1,19.0,63.0,deux_roues,voiture,5,2,2,1,3
202300030422,2023-05-22 21:46:00,2023,5,22,21,46,92,92012,GEORGES GORSE (QUAI),48.82547,2.23427,Nuit avec éclairage allumé,En agglomération,Hors intersection,Normale,Sans collision,4,1,1,0,1,1,1,9,1,30,2,2,1,0,0,1,24.0,57.0,voiture,deux_roues,5,2,1,1,7
202300030423,2023-11-09 17:00:00,2023,11,9,17,0,31,31483,FRANCOIS MITTERAND ( AVENUE),43.1118,0.7435,Plein jour,En agglomération,Hors intersection,Normale,Deux véhicules - arrière,3,2,2,2,1,1,1,0,1,50,2,2,1,0,0,1,59.0,15.0,voiture,deux_roues,1,2,1,1,2
202300030424,2023-12-15 09:00:00,2023,12,15,9,0,45,45234,1 Rue du Commandant Arago,47.90703,1.8999,Plein jour,En agglomération,Intersection en T,Temps couvert,Autre collision,4,1,1,0,3,3,2,0,1,50,2,2,1,0,0,1,22.0,13.0,voiture,deux_roues,1,2,3,8,6
202300030424,2023-12-15 09:00:00,2023,12,15,9,0,45,45234,1 Rue du Commandant Arago,47.90703,1.8999,Plein jour,En agglomération,Intersection en T,Temps couvert,Autre collision,4,1,3,1,1,1,2,0,1,50,2,2,1,0,0,1,22.0,13.0,voiture,deux_roues,1,2,3,8,6
202300030425,2023-05-23 08:55:00,2023,5,23,8,55,92,92009,GENERAL LECLERC ( RUE DU ),48.916278,2.26758,Plein jour,En agglomération,Hors intersection,Normale,Autre collision,3,-1,1,0,1,1,1,0,1,50,1,2,1,0,0,1,32.0,,voiture,,1,2,1,1,6
202300030426,2023-11-09 17:22:00,2023,11,9,17,22,29,29232,Rd 365 - Avenue du Morbihan,47.97849253,-4.0478843,Nuit sans éclairage public,Hors agglomération,Hors intersection,Pluie forte,Sans collision,3,1,0,0,1,1,2,0,3,90,1,1,0,0,0,1,20.0,,voiture,,3,1,1,3,7
202300030427,2023-12-14 17:20:00,2023,12,14,17,20,37,37261,DE GAULLE (AVENUE DU GENERAL),47.38145,0.70263,Nuit avec éclairage allumé,En agglomération,Hors intersection,Pluie légère,Autre collision,4,2,2,0,1,1,2,0,1,50,1,2,1,0,0,1,49.0,,deux_roues,,5,2,1,2,6
202300030428,2023-05-23 15:20:00,2023,5,23,15,20,60,60122,D107,49.610529,1.776588,Plein jour,Hors agglomération,Hors intersection,Normale,Sans collision,3,2,2,0,1,2,1,0,3,80,1,1,0,0,0,1,19.0,,voiture,,1,1,1,1,7
202300030429,2023-11-09 15:24:00,2023,11,9,15,24,29,29039,Rue Amiral Courbet,47.87214,-3.92281,Plein jour,En agglomération,Hors intersection,Pluie légère,Autre collision,4,1,1,0,1,1,2,8,1,50,1,2,1,1,0,0,43.0,,utilitaire_camion,,1,2,1,2,6