accident_id,datetime,annee,mois,jour,heure,minute,departement,commune_insee,adresse,latitude,longitude,luminosite,agglomeration,intersection,meteo,collision,catr,circ,nbv,vosp,prof,plan,surf,infra,situ,vma,nb_vehicules,nb_usagers,nb_indemnes,nb_tues,nb_blesses_hosp,nb_blesses_legers,age_cond_1,age_cond_2,veh_type_cond_1,veh_type_cond_2,lum_code,agg_code,int_code,atm_code,col_code
202300030566,2023-12-15 11:00:00,2023,12,15,11,0,92,92012,SILLY (RUE DE) 89/FIN - 90/FIN,48.83460222,2.23286703,Plein jour,En agglomération,Hors intersection,Normale,Deux véhicules - côté,4,-1,0,1,1,1,1,6,5,-1,2,2,1,0,0,1,53.0,52.0,voiture,deux_roues,1,2,1,1,3
202300030567,2023-06-25 04:15:00,2023,6,25,4,15,85,85194,Rue de la tour,46.49584,-1.78546,Nuit avec éclairage allumé,En agglomération,Hors intersection,Normale,Autre collision,4,-1,1,0,2,1,1,6,1,50,1,3,1,0,2,0,16.0,,deux_roues,,5,2,1,1,6
202300030568,2023-12-15 14:53:00,2023,12,15,14,53,92,92002,ABBAYE (RUE DE L'),48.75101449,2.29656838,Plein jour,En agglomération,Hors intersection,Normale,Sans collision,4,1,1,0,1,2,1,0,1,50,1,1,0,0,0,1,43.0,,deux_roues,,1,2,1,1,7
202300030569,2023-09-07 11:10:00,2023,9,7,11,10,75,75114,AVENUE DU MAINE,48.837545,2.322944,Plein jour,En agglomération,Intersection en X,Normale,Deux véhicules - côté,4,-1,2,0,1,1,1,0,1,30,2,2,1,0,0,1,33.0,38.0,deux_roues,utilitaire_camion,1,2,2,1,3
202300030569,2023-09-07 11:10:00,2023,9,7,11,10,75,75114,AVENUE DU MAINE,48.837545,2.322944,Plein jour,En agglomération,Intersection en X,Normale,Deux véhicules - côté,4,-1, -1,0,1,1,1,0,1,30,2,2,1,0,0,1,33.0,38.0,deux_roues,utilitaire_camion,1,2,2,1,3
202300030570,2023-06-22 15:10:00,2023,6,22,15,10,84,84087,ABRIAN (CHEMIN DE L'),44.152,4.825,Plein jour,Hors agglomération,Intersection en T,Pluie forte,Deux véhicules - côté,4,2,2,0,1,1,2,0,1,50,2,2,1,0,1,0,56.0,28.0,deux_roues,voiture,1,1,3,3,3
202300030570,2023-06-22 15:10:00,2023,6,22,15,10,84,84087,ABRIAN (CHEMIN DE L'),44.152,4.825,Plein jour,Hors agglomération,Intersection en T,Pluie forte,Deux véhicules - côté,4,2,2,0,1,1,2,0,1,50,2,2,1,0,1,0,56.0,28.0,deux_roues,voiture,1,1,3,3,3
202300030571,2023-12-16 12:17:00,2023,12,16,12,17,63,63345,D2089 pk 73+650,45.69848437,3.0012888,Plein jour,Hors agglomération,Hors intersection,Normale,Trois véhicules et plus - collisions multiples,3,2,3,0,2,1,2,0,1,90,3,3,2,0,0,1,23.0,22.0,deux_roues,voiture,1,1,1,1,5
202300030572,2023-09-06 22:55:00,2023,9,6,22,55,75,75114,AVENUE DE LA PORTE DE CHATILLON,48.82264408,2.31488585,Nuit avec éclairage allumé,En agglomération,Intersection en X,Normale,Sans collision,4,2,6,0,1,1,1,9,5,30,1,2,1,0,0,1,69.0,,deux_roues,,5,2,2,1,7
202300030572,2023-09-06 22:55:00,2023,9,6,22,55,75,75114,AVENUE DE LA PORTE DE CHATILLON,48.82264408,2.31488585,Nuit avec éclairage allumé,En agglomération,Intersection en X,Normale,Sans collision,4,1,2,0,1,1,1,0,1,30,1,2,1,0,0,1,69.0,,deux_roues,,5,2,2,1,7
202300030573,2023-06-26 18:00:00,2023,6,26,18,0,83,83137,REPUBLIQUE (AVE DE LA),43.118945,5.934668,Plein jour,En agglomération,Autre intersection,Normale,Autre collision,4,2,5,2,1,1,1,0,5,50,1,2,0,0,0,2,29.0,,deux_roues,,1,2,9,1,6
202300030574,2023-12-05 08:20:00,2023,12,5,8,20,35,35120,Rue de Dinan,48.221243,-1.79075,Nuit avec éclairage allumé,En agglomération,Intersection en T,Pluie légère,Autre collision,3,2,2,0,2,1,2,0,1,50,1,2,1,0,1,0,37.0,,voiture,,5,2,3,2,6
202300030574,2023-12-05 08:20:00,2023,12,5,8,20,35,35120,Rue de Dinan,48.221243,-1.79075,Nuit avec éclairage allumé,En agglomération,Intersection en T,Pluie légère,Autre collision,3,1,1,0,1,1,2,0,1,30,1,2,1,0,1,0,37.0,,voiture,,5,2,3,2,6
202300030575,2023-06-25 20:48:00,2023,6,25,20,48,83,83123,LANGE (CHEMIN),43.12647576,5.79652753,Plein jour,En agglomération,Autre intersection,Normale,Deux véhicules - frontale,4,2,2,0,4,1,1,0,1,50,2,2,1,0,1,0,35.0,59.0,voiture,deux_roues,1,2,9,1,1
202300030576,2023-12-15 22:30:00,2023,12,15,22,30,54,54062,N57,48.52966888,6.22286478,Nuit sans éclairage public,Hors agglomération,Hors intersection,Normale,Sans collision,2,3,2,0,1,2,2,0,1,110,1,1,0,1,0,0,51.0,,voiture,,3,1,1,1,7
202300030577,2023-09-08 16:45:00,2023,9,8,16,45,75,75111,AVENUE DE TAILLEBOURG,48.850307,2.398603,Plein jour,En agglomération,Intersection en X,Normale,Deux véhicules - côté,4,1,1,0,1,1,1,0,1,30,2,3,1,0,0,2,25.0,27.0,voiture,deux_roues,1,2,2,1,3
202300030577,2023-09-08 16:45:00,2023,9,8,16,45,75,75111,AVENUE DE TAILLEBOURG,48.850307,2.398603,Plein jour,En agglomération,Intersection en X,Normale,Deux véhicules - côté,4,1,1,1,1,1,1,0,1,30,2,3,1,0,0,2,25.0,27.0,voiture,deux_roues,1,2,2,1,3
202300030578,2023-06-25 20:50:00,2023,6,25,20,50,81,81060,PETITARIE (RUE DE LA ),44.07884,2.16338,Plein jour,Hors agglomération,Hors intersection,Normale,Sans collision,4,2,1,0,2,3,1,0,1,50,1,1,0,1,0,0,33.0,,deux_roues,,1,1,1,1,7
202300030579,2023-12-15 15:10:00,2023,12,15,15,10,24,24294,80 Route de Périgueux,45.00967,0.178555,Plein jour,Hors agglomération,Hors intersection,Normale,Deux véhicules - frontale,3,2,2,0,1,1,1,0,3,70,1,2,0,0,1,1,84.0,,voiture,,1,1,1,1,1
202300030580,2023-06-25 15:10:00,2023,6,25,15,10,78,78551,RN 13,48.8994,2.07252,Plein jour,En agglomération,Autre intersection,Normale,Deux véhicules - côté,2,3,2,0,1,1,1,0,1,50,2,2,1,0,0,1,37.0,29.0,voiture,deux_roues,1,2,9,1,3
202300030581,2023-09-08 20:50:00,2023,9,8,20,50,75,75108,AVENUE GEORGE V,48.867591,2.301242,Nuit avec éclairage allumé,En agglomération,Intersection en T,Normale,Autre collision,4,1,4,0,2,1,1,0,1,30,1,2,1,0,0,1,29.0,,deux_roues,,5,2,3,1,6
202300030581,2023-09-08 20:50:00,2023,9,8,20,50,75,75108,AVENUE GEORGE V,48.867591,2.301242,Nuit avec éclairage allumé,En agglomération,Intersection en T,Normale,Autre collision,4,-1, -1,-1,2,1,1,0,1,30,1,2,1,0,0,1,29.0,,deux_roues,,5,2,3,1,6
202300030582,2023-12-15 16:00:00,2023,12,15,16,0,83,83072,Boulevard de la Libération,43.492689,6.354089,Plein jour,En agglomération,Intersection en T,Normale,Deux véhicules - côté,3,2,2,0,1,1,1,0,1,50,2,2,1,0,1,0,63.0,75.0,deux_roues,utilitaire_camion,1,2,3,1,3
202300030582,2023-12-15 16:00:00,2023,12,15,16,0,83,83072,Boulevard de la Libération,43.492689,6.354089,Plein jour,En agglomération,Intersection en T,Normale,Deux véhicules - côté,3,2, -1,-1,1,1,1,0,1,-1,2,2,1,0,1,0,63.0,75.0,deux_roues,utilitaire_camion,1,2,3,1,3
202300030583,2023-12-15 17:00:00,2023,12,15,17,0,06,06044,864 Boulevard Honoré Teisseire,43.685563,7.098679,Nuit avec éclairage allumé,En agglomération,Hors intersection,Normale,Autre collision,3,2,2,0,1,1,1,9,1,50,1,2,1,0,0,1,23.0,,voiture,,5,2,1,1,6
202300030584,2023-09-08 11:30:00,2023,9,8,11,30,75,75107,RUE DE GRENELLE,48.857495,2.305354,Plein jour,En agglomération,Intersection en T,Normale,Autre collision,4,1, -1,-1,1,1,1,0,1,30,1,3,2,0,0,1,76.0,,voiture,,1,2,3,1,6
202300030584,2023-09-08 11:30:00,2023,9,8,11,30,75,75107,RUE DE GRENELLE,48.857495,2.305354,Plein jour,En agglomération,Intersection en T,Normale,Autre collision,4,1,1,0,1,1,1,0,1,30,1,3,2,0,0,1,76.0,,voiture,,1,2,3,1,6
202300030585,2023-12-16 04:05:00,2023,12,16,4,5,28,28211,D23,48.129284,1.256347,Nuit sans éclairage public,Hors agglomération,Hors intersection,Normale,Autre collision,3,2,2,0,1,2,1,0,3,90,1,1,0,1,0,0,32.0,,utilitaire_camion,,3,1,1,1,6
202300030586,2023-11-27 19:30:00,2023,11,27,19,30,85,85274,78 Rue de l'école,46.52521,-0.939811,Nuit sans éclairage public,En agglomération,Hors intersection,Normale,Autre collision,3,2,2,0,1,1,1,0,1,50,1,2,1,0,1,0,20.0,,voiture,,3,2,1,1,6
202300030587,2023-09-07 22:35:00,2023,9,7,22,35,75,75102,BOULEVARD DE SEBASTOPOL,48.867022,2.352988,Nuit avec éclairage allumé,En agglomération,Intersection en X,Normale,Deux véhicules - arrière,4,1,3,0,1,1,1,0,1,30,2,2,1,0,0,1,27.0,45.0,deux_roues,voiture,5,2,2,1,2
202300030587,2023-09-07 22:35:00,2023,9,7,22,35,75,75102,BOULEVARD DE SEBASTOPOL,48.867022,2.352988,Nuit avec éclairage allumé,En agglomération,Intersection en X,Normale,Deux véhicules - arrière,4,-1, -1,0,1,1,1,0,1,30,2,2,1,0,0,1,27.0,45.0,deux_roues,voiture,5,2,2,1,2
202300030588,2023-09-08 17:39:00,2023,9,8,17,39,94,94081,Avenue Ernest Havet,48.787486,2.402515,Plein jour,En agglomération,Hors intersection,Normale,Sans collision,4,2,2,0,1,1,1,0,1,50,1,1,0,0,0,1,53.0,,deux_roues,,1,2,1,1,7
202300030589,2023-12-15 23:10:00,2023,12,15,23,10,63,63244,Départementale 2009,45.93059856,3.1444902,Nuit sans éclairage public,Hors agglomération,Hors intersection,Normale,Deux véhicules - frontale,3,2,2,0,2,1,1,0,1,90,2,3,0,1,2,0,68.0,20.0,voiture,voiture,3,1,1,1,1
202300030590,2023-06-26 18:20:00,2023,6,26,18,20,77,77083,BLAISE PASCAL (AVENUE),48.8406995,2.59287993,Plein jour,En agglomération,Hors intersection,Normale,Autre collision,4,2,2,0,4,1,1,0,1,50,1,2,1,0,0,1,25.0,,voiture,,1,2,1,1,6
202300030591,2023-09-07 12:30:00,2023,9,7,12,30,94,94011,Avenue de la République,48.76655198,2.47996402,Plein jour,En agglomération,Hors intersection,Normale,Deux véhicules - arrière,4,2,1,0,1,1,1,0,1,20,2,2,1,0,0,1,35.0,35.0,voiture,voiture,1,2,1,1,2
202300030592,2023-06-26 07:25:00,2023,6,26,7,25,76,76108,Chemin de Clères,49.46677,1.10284,Plein jour,En agglomération,Hors intersection,Normale,Deux véhicules - côté,7,2,2,0,2,2,1,0,1,50,2,2,1,0,1,0,27.0,35.0,voiture,deux_roues,1,2,1,1,3
202300030593,2023-12-16 13:15:00,2023,12,16,13,15,974,97414,Rue Leconte de Lisle,-21.27233,55.414352,Plein jour,Hors agglomération,Hors intersection,Normale,Deux véhicules - frontale,3,2,2,0,2,2,1,0,1,70,2,5,4,0,0,1,44.0,15.0,voiture,deux_roues,1,1,1,1,1
202300030594,2023-06-25 01:20:00,2023,6,25,1,20,76,76351,FOCH (AVENUE),49.49356,0.09944,Nuit avec éclairage allumé,Hors agglomération,Intersection en X,Normale,Autre collision,4,3,5,1,1,1,1,4,6,50,1,1,0,0,1,0,34.0,,deux_roues,,5,1,2,1,6
202300030594,2023-06-25 01:20:00,2023,6,25,1,20,76,76351,FOCH (AVENUE),49.49356,0.09944,Nuit avec éclairage allumé,Hors agglomération,Intersection en X,Normale,Autre collision,4,2,2,0,1,1,1,0,1,50,1,1,0,0,1,0,34.0,,deux_roues,,5,1,2,1,6
202300030595,2023-09-08 08:34:00,2023,9,8,8,34,94,94044,Avenue de Verdun,48.74941,2.47783,Plein jour,En agglomération,Hors intersection,Normale,Autre collision,3,-1,1,0,1,1,1,9,1,30,1,2,1,0,0,1,36.0,,voiture,,1,2,1,1,6
202300030596,2023-12-15 16:25:00,2023,12,15,16,25,59,59250,route nationale 41,50.587596,2.920861,Plein jour,Hors agglomération,Hors intersection,Normale,Deux véhicules - arrière,2,3,2,0,1,1,1,0,1,90,2,2,1,0,0,1,36.0,26.0,voiture,deux_roues,1,1,1,1,2
202300030597,2023-06-26 07:47:00,2023,6,26,7,47,74,74012,COURRIARD (RUE MARC),46.19076,6.23442,Plein jour,En agglomération,Hors intersection,Normale,Deux véhicules - côté,4,1,1,2,1,1,1,0,5,50,2,2,1,0,0,1,46.0,51.0,voiture,deux_roues,1,2,1,1,3
202300030598,2023-06-25 03:40:00,2023,6,25,3,40,71,71306,25 Rue Jules Guesde,46.67649793,4.36416596,Nuit avec éclairage allumé,En agglomération,Hors intersection,Normale,Autre collision,4,2,2,0,1,1,1,0,1,50,1,1,0,0,0,1,24.0,,voiture,,5,2,1,1,6
202300030599,2023-12-15 06:51:00,2023,12,15,6,51,35,35024,47 Rue du Mont Saint-Michel,48.189333,-1.626395,Nuit sans éclairage public,En agglomération,Hors intersection,Temps couvert,Deux véhicules - frontale,4,2,2,2,1,1,2,0,1,50,2,4,1,0,0,3,30.0,58.0,voiture,voiture,3,2,1,8,1
202300030600,2023-09-08 19:20:00,2023,9,8,19,20,94,94017,Avenue de la République,48.82694,2.50946,Plein jour,En agglomération,Giratoire,Normale,Deux véhicules - côté,3,2,2,0,1,1,1,9,1,50,2,2,1,0,0,1,48.0,44.0,voiture,deux_roues,1,2,6,1,3
202300030600,2023-09-08 19:20:00,2023,9,8,19,20,94,94017,Avenue de la République,48.82694,2.50946,Plein jour,En agglomération,Giratoire,Normale,Deux véhicules - côté,3,2,2,1,1,1,1,9,1,50,2,2,1,0,0,1,48.0,44.0,voiture,deux_roues,1,2,6,1,3
202300030601,2023-12-16 15:30:00,2023,12,16,15,30,51,51193,D79,48.952684,4.52803,Plein jour,Hors agglomération,Hors intersection,Normale,Autre collision,3,2,2,0,1,3,2,0,3,80,1,1,0,0,1,0,22.0,,voiture,,1,1,1,1,6
202300030602,2023-06-26 15:05:00,2023,6,26,15,5,71,71445,rond point de Bresse,46.76156417,4.87012312,Plein jour,En agglomération,Giratoire,Normale,Sans collision,3,1,1,0,1,2,1,5,1,50,1,2,0,0,0,2,61.0,,deux_roues,,1,2,6,1,7
202300030603,2023-12-16 16:00:00,2023,12,16,16,0,76,76334,D70,49.844044,0.969565,Plein jour,Hors agglomération,Hors intersection,Temps couvert,Sans collision,3,2,2,0,1,2,1,0,4,80,1,1,0,0,1,0,19.0,,deux_roues,,1,1,1,8,7
202300030604,2023-09-08 15:10:00,2023,9,8,15,10,94,94002,Rue Etienne Dolet,48.79122,2.42578,Plein jour,En agglomération,Hors intersection,Normale,Deux véhicules - côté,4,2,3,0,1,1,1,0,1,50,2,3,1,0,0,2,62.0,28.0,voiture,deux_roues,1,2,1,1,3
202300030605,2023-12-15 09:10:00,2023,12,15,9,10,79,79079,rue du mouton blanc,46.927453,-0.75476,Plein jour,Hors agglomération,Hors intersection,Normale,Deux véhicules - frontale,3,2,2,0,2,1,1,0,1,50,2,2,1,0,0,1,16.0,40.0,deux_roues,voiture,1,1,1,1,1
202300030606,2023-06-26 21:30:00,2023,6,26,21,30,69,69256,Rue Alexandre Dumas,45.75346,4.93235,Crépuscule ou aube,En agglomération,Autre intersection,Normale,Deux véhicules - côté,4,2,4,3,1,1,1,0,1,50,2,5,4,0,0,1,28.0,33.0,deux_roues,voiture,2,2,9,1,3
202300030606,2023-06-26 21:30:00,2023,6,26,21,30,69,69256,Rue Alexandre Dumas,45.75346,4.93235,Crépuscule ou aube,En agglomération,Autre intersection,Normale,Deux véhicules - côté,4,2,2,2,1,1,1,0,1,50,2,5,4,0,0,1,28.0,33.0,deux_roues,voiture,2,2,9,1,3
202300030607,2023-12-15 23:45:00,2023,12,15,23,45,80,80061,D1015,49.821871,1.780987,Nuit sans éclairage public,Hors agglomération,Hors intersection,Normale,Autre collision,3,2,2,0,1,1,1,0,3,-1,1,1,0,1,0,0,55.0,,voiture,,3,1,1,1,6
202300030608,2023-09-08 12:40:00,2023,9,8,12,40,93,93073,Avenue du Parc / Avenue Ernest Renan,48.95335,2.57366,Plein jour,En agglomération,Intersection en T,Normale,Deux véhicules - côté,4,2,2,0,1,1,1,0,1,50,2,2,1,0,0,1,18.0,42.0,deux_roues,voiture,1,2,3,1,3
202300030608,2023-09-08 12:40:00,2023,9,8,12,40,93,93073,Avenue du Parc / Avenue Ernest Renan,48.95335,2.57366,Plein jour,En agglomération,Intersection en T,Normale,Deux véhicules - côté,4,2,2,0,1,1,1,0,8,50,2,2,1,0,0,1,18.0,42.0,deux_roues,voiture,1,2,3,1,3
202300030609,2023-06-26 21:11:00,2023,6,26,21,11,69,69092,Avenue du Beaujolais,45.99641,4.7069,Crépuscule ou aube,En agglomération,Intersection en T,Normale,Deux véhicules - côté,3,2,2,0,1,1,1,0,1,50,2,2,0,0,1,1,39.0,36.0,deux_roues,voiture,2,2,3,1,3
202300030609,2023-06-26 21:11:00,2023,6,26,21,11,69,69092,Avenue du Beaujolais,45.99641,4.7069,Crépuscule ou aube,En agglomération,Intersection en T,Normale,Deux véhicules - côté,3,2,2,0,2,1,1,0,8,30,2,2,0,0,1,1,39.0,36.0,deux_roues,voiture,2,2,3,1,3
202300030610,2023-12-12 08:15:00,2023,12,12,8,15,69,69293,Route de Saint Trivier,45.8387966,4.87751111,Plein jour,En agglomération,Intersection en T,Brouillard / fumée,Deux véhicules - côté,3,2,2,0,1,1,2,0,1,50,2,2,1,0,0,1,47.0,42.0,deux_roues,voiture,1,2,3,5,3
202300030610,2023-12-12 08:15:00,2023,12,12,8,15,69,69293,Route de Saint Trivier,45.8387966,4.87751111,Plein jour,En agglomération,Intersection en T,Brouillard / fumée,Deux véhicules - côté,3,2,2,0,1,1,1,0,1,-1,2,2,1,0,0,1,47.0,42.0,deux_roues,voiture,1,2,3,5,3
202300030611,2023-12-16 08:50:00,2023,12,16,8,50,11,11439,CD126,43.322742,2.092788,Plein jour,Hors agglomération,Hors intersection,Temps éblouissant,Autre collision,3,2,2,0,1,1,1,0,3,80,1,1,0,0,1,0,27.0,,voiture,,1,1,1,7,6
202300030612,2023-06-25 18:40:00,2023,6,25,18,40,67,67482,PORT DU RHIN (RUE DU),48.57783,7.7843,Plein jour,En agglomération,Hors intersection,Normale,Deux véhicules - arrière,4,3,4,0,1,1,1,0,1,50,2,3,2,0,0,1,54.0,48.0,voiture,voiture,1,2,1,1,2
202300030613,2023-09-08 15:30:00,2023,9,8,15,30,93,93051,Avenue du Marechal Joffre / Rue de la République,48.84661,2.5564,Plein jour,En agglomération,Intersection en X,Normale,Deux véhicules - côté,4,1,1,0,1,1,1,0,1,30,2,3,1,0,0,2,24.0,44.0,utilitaire_camion,utilitaire_camion,1,2,2,1,3
202300030613,2023-09-08 15:30:00,2023,9,8,15,30,93,93051,Avenue du Marechal Joffre / Rue de la République,48.84661,2.5564,Plein jour,En agglomération,Intersection en X,Normale,Deux véhicules - côté,4,1,1,0,1,1,1,0,1,30,2,3,1,0,0,2,24.0,44.0,utilitaire_camion,utilitaire_camion,1,2,2,1,3
202300030614,2023-12-16 14:45:00,2023,12,16,14,45,71,71120,5 route de laye,46.21047,4.342305,Plein jour,En agglomération,Hors intersection,Normale,Sans collision,4,2,2,0,2,1,1,0,1,50,1,1,0,0,1,0,21.0,,deux_roues,,1,2,1,1,7
202300030615,2023-06-22 09:17:00,2023,6,22,9,17,66,66136,,42.72245,2.88653,Plein jour,En agglomération,Intersection en T,Normale,Deux véhicules - côté,4,2,2,0,1,1,1,0,1,50,2,2,1,0,0,1,42.0,38.0,deux_roues,voiture,1,2,3,1,3
202300030615,2023-06-22 09:17:00,2023,6,22,9,17,66,66136,,42.72245,2.88653,Plein jour,En agglomération,Intersection en T,Normale,Deux véhicules - côté,4,2,2,0,1,1,1,0,1,50,2,2,1,0,0,1,42.0,38.0,deux_roues,voiture,1,2,3,1,3
202300030616,2023-09-08 17:20:00,2023,9,8,17,20,93,93048,Boulevard Rouget de Lisle,48.8599571,2.43890388,Plein jour,En agglomération,Hors intersection,Normale,Deux véhicules - côté,3,2,2,3,1,1,1,0,1,30,2,2,1,0,0,1,38.0,35.0,voiture,deux_roues,1,2,1,1,3
202300030617,2023-12-15 17:50:00,2023,12,15,17,50,49,49176,D775,47.63567,-0.723539,Nuit sans éclairage public,Hors agglomération,Giratoire,Normale,Deux véhicules - arrière,3,1,0,0,1,2,1,5,1,50,2,5,3,0,0,2,37.0,39.0,voiture,voiture,3,1,6,1,2
202300030618,2023-06-15 11:06:00,2023,6,15,11,6,65,65440, ROND-POINT ROUTE DE LOURDES,43.220985,0.060927,Plein jour,En agglomération,Giratoire,Normale,Deux véhicules - côté,2,2,2,0,1,1,1,0,1,50,2,2,1,0,1,0,61.0,42.0,deux_roues,voiture,1,2,6,1,3
202300030618,2023-06-15 11:06:00,2023,6,15,11,6,65,65440, ROND-POINT ROUTE DE LOURDES,43.220985,0.060927,Plein jour,En agglomération,Giratoire,Normale,Deux véhicules - côté,2,1,2,0,1,2,1,0,1,50,2,2,1,0,1,0,61.0,42.0,deux_roues,voiture,1,2,6,1,3
202300030619,2023-09-08 14:20:00,2023,9,8,14,20,93,93048,Rue de Rosny / Avenue Walwein,48.86186,2.44674,Plein jour,En agglomération,Intersection en X,Temps éblouissant,Autre collision,4,2,2,0,2,1,1,0,1,50,1,2,1,0,0,1,,,voiture,,1,2,2,7,6
202300030619,2023-09-08 14:20:00,2023,9,8,14,20,93,93048,Rue de Rosny / Avenue Walwein,48.86186,2.44674,Plein jour,En agglomération,Intersection en X,Temps éblouissant,Autre collision,4,2,2,3,1,1,1,0,8,50,1,2,1,0,0,1,,,voiture,,1,2,2,7,6
202300030620,2023-12-16 07:50:00,2023,12,16,7,50,42,42229,Route de Botoret,46.17849,4.385015,Crépuscule ou aube,Hors agglomération,Hors intersection,Normale,Autre collision,3,2,2,0,2,3,2,0,3,80,1,1,0,0,1,0,27.0,,voiture,,2,1,1,1,6
202300030621,2023-06-26 06:35:00,2023,6,26,6,35,64,64024,MAIGNON (ROUTE DE),43.47162,-1.49881,Crépuscule ou aube,En agglomération,Hors intersection,Normale,Autre collision,4,2,2,0,1,1,1,0,1,50,2,2,1,0,0,1,20.0,56.0,voiture,deux_roues,2,2,1,1,6
202300030622,2023-12-15 19:30:00,2023,12,15,19,30,42,42323,61 Avenue d'Andrézieux,45.554657,4.283553,Nuit avec éclairage allumé,En agglomération,Hors intersection,Normale,Deux véhicules - côté,3,2,2,0,1,1,1,0,1,50,2,2,1,0,1,0,52.0,15.0,voiture,deux_roues,5,2,1,1,3
202300030623,2023-09-08 15:45:00,2023,9,8,15,45,93,93053,Rue Anatole France / Rue de Brément,48.889885,2.452714,Plein jour,En agglomération,Place,Normale,Autre collision,3,3,2,0,1,1,1,8,8,50,1,2,1,0,0,1,26.0,,voiture,,1,2,7,1,6
202300030623,2023-09-08 15:45:00,2023,9,8,15,45,93,93053,Rue Anatole France / Rue de Brément,48.889885,2.452714,Plein jour,En agglomération,Place,Normale,Autre collision,3,3,4,2,1,1,1,8,1,-1,1,2,1,0,0,1,26.0,,voiture,,1,2,7,1,6
202300030624,2023-06-26 19:20:00,2023,6,26,19,20,62,62737,D188,50.44951,2.68391,Plein jour,En agglomération,Hors intersection,Normale,Autre collision,3,2, -1,-1,1,1,1,0,1,-1,1,1,0,0,0,1,27.0,,utilitaire_camion,,1,2,1,1,6
202300030625,2023-12-15 23:37:00,2023,12,15,23,37,47,47290,"RD 19, PR 002+300",44.65342709,0.33475011,Nuit sans éclairage public,Hors agglomération,Hors intersection,Normale,Autre collision,3,2,2,0,2,1,1,0,8,80,1,1,0,0,1,0,33.0,,voiture,,3,1,1,1,6
202300030626,2023-06-26 01:20:00,2023,6,26,1,20,62,62846,D75,50.49903172,2.75234556,Nuit sans éclairage public,Hors agglomération,Hors intersection,Normale,Autre collision,3,2,2,0,1,3,1,0,3,90,1,1,0,0,1,0,39.0,,deux_roues,,3,1,1,1,6
202300030627,2023-09-08 10:30:00,2023,9,8,10,30,93,93007,Allee Mansart / Rue Maurice Audin,48.94805448,2.45140761,Plein jour,En agglomération,Intersection en T,Normale,Autre collision,4,2,2,0,1,1,1,0,1,30,1,2,1,0,0,1,58.0,,voiture,,1,2,3,1,6
202300030627,2023-09-08 10:30:00,2023,9,8,10,30,93,93007,Allee Mansart / Rue Maurice Audin,48.94805448,2.45140761,Plein jour,En agglomération,Intersection en T,Normale,Autre collision,4,2,2,1,1,1,1,-1,1,-1,1,2,1,0,0,1,58.0,,voiture,,1,2,3,1,6
202300030628,2023-12-15 18:00:00,2023,12,15,18,0,47,47269,Pont de Labe,44.174256,0.75126,Nuit sans éclairage public,Hors agglomération,Intersection en T,Temps couvert,Deux véhicules - côté,3,2,2,0,1,1,1,0,1,80,2,2,1,1,0,0,37.0,13.0,voiture,deux_roues,3,1,3,8,3
202300030628,2023-12-15 18:00:00,2023,12,15,18,0,47,47269,Pont de Labe,44.174256,0.75126,Nuit sans éclairage public,Hors agglomération,Intersection en T,Temps couvert,Deux véhicules - côté,3,2,2,-1,1,1,1,0,1,50,2,2,1,1,0,0,37.0,13.0,voiture,deux_roues,3,1,3,8,3
202300030629,2023-12-16 04:40:00,2023,12,16,4,40,86,86177,D347,46.683678,0.263771,Nuit sans éclairage public,Hors agglomération,Hors intersection,Normale,Autre collision,3,2,2,0,1,1,1,0,3,50,1,1,0,0,1,0,19.0,,voiture,,3,1,1,1,6
202300030630,2023-06-17 14:15:00,2023,6,17,14,15,60,60665,RN 1031,49.42001,2.79415,Plein jour,Hors agglomération,Hors intersection,Normale,Deux véhicules - arrière,2,3,4,0,1,1,1,0,1,110,2,4,1,0,0,3,23.0,73.0,voiture,autre,1,1,1,1,2
202300030631,2023-09-08 08:00:00,2023,9,8,8,0,93,93005,Boulevard André Citroën / Avenue Raoul Dufy,48.96446,2.494656,Plein jour,En agglomération,Giratoire,Normale,Deux véhicules - côté,3,2,3,0,1,1,1,0,1,50,2,2,1,0,0,1,53.0,26.0,voiture,deux_roues,1,2,6,1,3
202300030631,2023-09-08 08:00:00,2023,9,8,8,0,93,93005,Boulevard André Citroën / Avenue Raoul Dufy,48.96446,2.494656,Plein jour,En agglomération,Giratoire,Normale,Deux véhicules - côté,3,2,4,0,1,1,1,0,1,-1,2,2,1,0,0,1,53.0,26.0,voiture,deux_roues,1,2,6,1,3
202300030632,2023-12-16 13:50:00,2023,12,16,13,50,25,25609,D67B,46.88724,6.430821,Plein jour,Hors agglomération,Hors intersection,Normale,Deux véhicules - frontale,3,-1,2,0,1,3,1,0,1,90,2,3,0,0,2,1,42.0,38.0,voiture,voiture,1,1,1,1,1
202300030633,2023-09-06 02:00:00,2023,9,6,2,0,92,92078,HAUT DE LA NOUE (RUE),48.93040229,2.32707417,Nuit avec éclairage allumé,En agglomération,Hors intersection,Normale,Deux véhicules - côté,4,2,4,1,1,1,1,0,1,50,2,2,1,0,0,1,31.0,44.0,voiture,voiture,5,2,1,1,3
202300030634,2023-06-07 12:40:00,2023,6,7,12,40,59,59526,RUE DU MOULIN BLANC,50.44429651,3.41612577,Plein jour,En agglomération,Hors intersection,Normale,Autre collision,3,2,2,0,1,1,1,2,1,50,2,2,1,1,0,0,44.0,12.0,transport_commun,deux_roues,1,2,1,1,6