accident_id,datetime,annee,mois,jour,heure,minute,departement,commune_insee,adresse,latitude,longitude,luminosite,agglomeration,intersection,meteo,collision,catr,circ,nbv,vosp,prof,plan,surf,infra,situ,vma,nb_vehicules,nb_usagers,nb_indemnes,nb_tues,nb_blesses_hosp,nb_blesses_legers,age_cond_1,age_cond_2,veh_type_cond_1,veh_type_cond_2,lum_code,agg_code,int_code,atm_code,col_code
202300030635,2023-06-26 18:45:00,2023,6,26,18,45,59,59279,LILLE (RUE DE),50.77850104,3.12472951,Plein jour,En agglomération,Hors intersection,Normale,Autre collision,7,2,1,0,1,1,1,0,4,50,1,2,1,0,0,1,,,autre,,1,2,1,1,6
202300030636,2023-09-08 18:10:00,2023,9,8,18,10,92,92046,PIERRE BROSSOLETTE (AVENUE),48.82060297,2.31164795,Plein jour,En agglomération,Hors intersection,Normale,Deux véhicules - côté,3,3,2,0,1,1,1,0,1,50,2,3,1,0,0,2,62.0,23.0,deux_roues,voiture,1,2,1,1,3
202300030637,2023-12-07 09:00:00,2023,12,7,9,0,44,44036,29 Place Charles de Gaulle,47.718734,-1.373758,Crépuscule ou aube,En agglomération,Giratoire,Pluie légère,Autre collision,4,2,2,0,1,1,2,0,1,50,2,2,1,0,0,1,23.0,18.0,voiture,deux_roues,2,2,6,2,6
202300030638,2023-06-23 07:55:00,2023,6,23,7,55,59,59178,HERILLIER (PLACE L'),50.363,3.07809,Plein jour,En agglomération,Hors intersection,Normale,Deux véhicules - côté,3,1,3,2,1,2,1,0,5,50,2,2,1,0,1,0,40.0,65.0,voiture,deux_roues,1,2,1,1,3
202300030639,2023-09-07 21:40:00,2023,9,7,21,40,92,92046,GABRIEL PERI,48.8195833,2.30611145,Nuit avec éclairage allumé,En agglomération,Intersection en X,Normale,Deux véhicules - côté,3,1,2,0,1,1,1,0,1,50,2,2,1,0,0,1,51.0,34.0,deux_roues,utilitaire_camion,5,2,2,1,3
202300030639,2023-09-07 21:40:00,2023,9,7,21,40,92,92046,GABRIEL PERI,48.8195833,2.30611145,Nuit avec éclairage allumé,En agglomération,Intersection en X,Normale,Deux véhicules - côté,3,1,2,0,1,1,1,0,1,50,2,2,1,0,0,1,51.0,34.0,deux_roues,utilitaire_camion,5,2,2,1,3
202300030640,2023-06-25 20:27:00,2023,6,25,20,27,56,56121,SOUS-MARIN VENUS (RUE DU),47.73175,-3.37686,Plein jour,En agglomération,Hors intersection,Normale,Deux véhicules - frontale,4,2,2,0,1,2,1,0,1,30,2,2,1,0,0,1,21.0,48.0,voiture,voiture,1,2,1,1,1
202300030641,2023-09-08 18:30:00,2023,9,8,18,30,92,92064,ANDRE CHEVRILLON,48.84973412,2.22108964,Plein jour,En agglomération,Intersection en T,Normale,Deux véhicules - arrière,4,2,2,0,1,3,1,0,1,50,2,2,1,0,0,1,27.0,56.0,deux_roues,voiture,1,2,3,1,2
202300030641,2023-09-08 18:30:00,2023,9,8,18,30,92,92064,ANDRE CHEVRILLON,48.84973412,2.22108964,Plein jour,En agglomération,Intersection en T,Normale,Deux véhicules - arrière,4,2,2,0,1,1,1,0,1,50,2,2,1,0,0,1,27.0,56.0,deux_roues,voiture,1,2,3,1,2
202300030642,2023-12-15 18:25:00,2023,12,15,18,25,50,50267,Route du Ferrage,49.21146,-1.516258,Nuit avec éclairage allumé,Hors agglomération,Intersection en T,Normale,Deux véhicules - côté,3,2,2,0,1,1,1,0,1,80,2,3,1,0,0,2,18.0,42.0,deux_roues,utilitaire_camion,5,1,3,1,3
202300030642,2023-12-15 18:25:00,2023,12,15,18,25,50,50267,Route du Ferrage,49.21146,-1.516258,Nuit avec éclairage allumé,Hors agglomération,Intersection en T,Normale,Deux véhicules - côté,3,2,2,0,2,1,1,0,1,80,2,3,1,0,0,2,18.0,42.0,deux_roues,utilitaire_camion,5,1,3,1,3
202300030643,2023-06-24 18:22:00,2023,6,24,18,22,56,56098,JAURES (RUE  JEAN ),47.7695,-3.35129,Plein jour,En agglomération,Hors intersection,Normale,Autre collision,3,2,2,0,1,1,1,0,1,50,1,2,1,0,0,1,33.0,,deux_roues,,1,2,1,1,6
202300030644,2023-09-08 09:42:00,2023,9,8,9,42,92,92063,DEUX GARES (RUE DES),48.89060425,2.17638481,Plein jour,En agglomération,Intersection en T,Normale,Deux véhicules - côté,4,2,2,0,1,1,1,0,1,50,2,2,1,0,0,1,69.0,46.0,voiture,deux_roues,1,2,3,1,3
202300030644,2023-09-08 09:42:00,2023,9,8,9,42,92,92063,DEUX GARES (RUE DES),48.89060425,2.17638481,Plein jour,En agglomération,Intersection en T,Normale,Deux véhicules - côté,4,2,0,0,1,1,1,0,1,50,2,2,1,0,0,1,69.0,46.0,voiture,deux_roues,1,2,3,1,3
202300030645,2023-06-24 12:45:00,2023,6,24,12,45,56,56121,PERRIN (RUE  DU PROFESSEUR ),47.75708,-3.35575,Plein jour,En agglomération,Hors intersection,Temps éblouissant,Autre collision,4,2,2,0,2,1,1,0,1,30,1,1,0,0,0,1,83.0,,voiture,,1,2,1,7,6
202300030646,2023-12-15 22:30:00,2023,12,15,22,30,18,18075,Route de Nevers,47.015434,3.0654,Nuit sans éclairage public,Hors agglomération,Autre intersection,Brouillard / fumée,Deux véhicules - côté,3,2,2,0,4,3,1,0,1,70,2,2,1,0,1,0,32.0,59.0,deux_roues,voiture,3,1,9,5,3
202300030647,2023-09-08 18:50:00,2023,9,8,18,50,92,92051,GENERAL KOENIG (BOULEVARD DU),48.87962989,2.25023299,Plein jour,En agglomération,Hors intersection,Normale,Deux véhicules - frontale,3,2,2,0,1,1,1,0,1,50,2,2,1,0,0,1,26.0,58.0,deux_roues,voiture,1,2,1,1,1
202300030648,2023-12-15 21:50:00,2023,12,15,21,50,10,10166,Route d’Arcis,48.465913,4.019615,Crépuscule ou aube,En agglomération,Hors intersection,Normale,Sans collision,4,2,2,0,1,3,1,0,1,30,1,2,1,0,0,1,20.0,,voiture,,2,2,1,1,7
202300030649,2023-06-24 05:17:00,2023,6,24,5,17,56,56098,ZEDE (RUE  GUSTAVE ),47.77536,-3.35451,Nuit avec éclairage allumé,En agglomération,Hors intersection,Normale,Autre collision,4,-1,0,0,1,1,1,0,4,-1,1,2,1,0,0,1,,,voiture,,5,2,1,1,6
202300030650,2023-12-16 09:20:00,2023,12,16,9,20,85,85146,RD137,47.026976,-1.349924,Plein jour,Hors agglomération,Hors intersection,Temps éblouissant,Deux véhicules - arrière,3,2,1,0,1,1,1,0,1,80,2,2,1,0,1,0,35.0,24.0,voiture,deux_roues,1,1,1,7,2
202300030651,2023-09-07 09:00:00,2023,9,7,9,0,92,92050,PICASSO PABLO AVENUE,48.89250203,2.21360743,Plein jour,En agglomération,Hors intersection,Normale,Deux véhicules - côté,4,3,2,1,2,1,1,0,1,50,2,3,1,0,0,2,47.0,48.0,voiture,voiture,1,2,1,1,3
202300030652,2023-06-25 12:40:00,2023,6,25,12,40,56,56107,LE GUEN (RUE  JULES ),47.70973,-3.38444,Plein jour,En agglomération,Giratoire,Normale,Deux véhicules - côté,4,2,2,0,1,1,1,5,1,30,2,2,1,0,0,1,44.0,38.0,voiture,deux_roues,1,2,6,1,3
202300030652,2023-06-25 12:40:00,2023,6,25,12,40,56,56107,LE GUEN (RUE  JULES ),47.70973,-3.38444,Plein jour,En agglomération,Giratoire,Normale,Deux véhicules - côté,4,1,1,0,1,1,1,5,1,30,2,2,1,0,0,1,44.0,38.0,voiture,deux_roues,1,2,6,1,3
202300030653,2023-12-15 16:00:00,2023,12,15,16,0,27,27468,rd130,49.234336,0.706204,Plein jour,Hors agglomération,Intersection en T,Normale,Deux véhicules - côté,3,2,2,0,1,1,1,0,1,-1,2,2,1,0,1,0,73.0,27.0,voiture,voiture,1,1,3,1,3
202300030653,2023-12-15 16:00:00,2023,12,15,16,0,27,27468,rd130,49.234336,0.706204,Plein jour,Hors agglomération,Intersection en T,Normale,Deux véhicules - côté,3,2,2,-1,1,1,1,0,1,80,2,2,1,0,1,0,73.0,27.0,voiture,voiture,1,1,3,1,3
202300030654,2023-09-08 06:30:00,2023,9,8,6,30,92,92036,MARCEL PAUL (AVENUE) (52/102),48.93425736,2.30306715,Nuit avec éclairage allumé,En agglomération,Intersection en T,Normale,Autre collision,3,2,0,0,1,1,1,0,1,50,2,2,1,0,1,0,,44.0,voiture,deux_roues,5,2,3,1,6
202300030654,2023-09-08 06:30:00,2023,9,8,6,30,92,92036,MARCEL PAUL (AVENUE) (52/102),48.93425736,2.30306715,Nuit avec éclairage allumé,En agglomération,Intersection en T,Normale,Autre collision,3,1,0,0,1,1,1,0,1,50,2,2,1,0,1,0,,44.0,voiture,deux_roues,5,2,3,1,6
202300030655,2023-06-24 17:26:00,2023,6,24,17,26,54,54329,RD 400,48.59961,6.46697,Plein jour,Hors agglomération,Intersection en T,Normale,Deux véhicules - côté,3,2,2,0,2,1,1,0,1,80,2,2,1,1,0,0,21.0,58.0,voiture,deux_roues,1,1,3,1,3
202300030655,2023-06-24 17:26:00,2023,6,24,17,26,54,54329,RD 400,48.59961,6.46697,Plein jour,Hors agglomération,Intersection en T,Normale,Deux véhicules - côté,3,2,2,0,1,1,1,0,1,80,2,2,1,1,0,0,21.0,58.0,voiture,deux_roues,1,1,3,1,3
202300030656,2023-12-16 01:51:00,2023,12,16,1,51,88,88060,D14c,48.35848,6.044422,Nuit sans éclairage public,Hors agglomération,Intersection en Y,Brouillard / fumée,Sans collision,4,2,2,0,1,3,2,0,1,80,1,2,1,0,1,0,40.0,,deux_roues,,3,1,4,5,7
202300030656,2023-12-16 01:51:00,2023,12,16,1,51,88,88060,D14c,48.35848,6.044422,Nuit sans éclairage public,Hors agglomération,Intersection en Y,Brouillard / fumée,Sans collision,4,2,2,0,1,1,2,0,8,50,1,2,1,0,1,0,40.0,,deux_roues,,3,1,4,5,7
202300030657,2023-09-08 11:15:00,2023,9,8,11,15,92,92026,MARCEAU,48.89978738,2.24553055,Plein jour,En agglomération,Hors intersection,Normale,Deux véhicules - arrière,4,2,2,0,1,1,1,0,1,50,2,4,3,0,0,1,42.0,19.0,voiture,voiture,1,2,1,1,2
202300030658,2023-06-26 08:45:00,2023,6,26,8,45,51,51172,BLANCS MONTS (RUE),49.21657,4.05787,Plein jour,En agglomération,Intersection en T,Normale,Deux véhicules - arrière,4,2,2,0,1,1,1,0,1,50,2,2,1,0,0,1,33.0,26.0,voiture,voiture,1,2,3,1,2
202300030658,2023-06-26 08:45:00,2023,6,26,8,45,51,51172,BLANCS MONTS (RUE),49.21657,4.05787,Plein jour,En agglomération,Intersection en T,Normale,Deux véhicules - arrière,4,-1,1,0,2,3,1,0,1,50,2,2,1,0,0,1,33.0,26.0,voiture,voiture,1,2,3,1,2
202300030659,2023-12-15 17:00:00,2023,12,15,17,0,49,49180,RD 347 PK 39+693,47.39047929,-0.12107894,Crépuscule ou aube,Hors agglomération,Hors intersection,Normale,Deux véhicules - frontale,3,-1,2,0,1,1,1,0,1,80,2,4,3,0,1,0,45.0,60.0,transport_commun,voiture,2,1,1,1,1
202300030660,2023-09-08 10:00:00,2023,9,8,10,0,92,92025,CHARLES DE GAULLE (BD),48.91586271,2.22699165,Plein jour,En agglomération,Passage à niveau,Normale,Autre collision,3,2,4,3,1,1,1,4,6,30,1,2,1,0,0,1,52.0,,transport_commun,,1,2,8,1,6
202300030661,2023-06-25 14:15:00,2023,6,25,14,15,51,51454,DROUET D'ERLON (PLACE),49.25702,4.02614,Plein jour,En agglomération,Hors intersection,Normale,Autre collision,4,1,2,0,1,1,1,0,1,50,1,2,1,0,0,1,25.0,,voiture,,1,2,1,1,6
202300030662,2023-12-15 10:27:00,2023,12,15,10,27,01,01229,Route d'Etrez,46.336155,5.129462,Plein jour,En agglomération,Intersection en X,Normale,Autre collision,3,2,2,0,1,1,1,0,1,50,1,2,1,0,1,0,57.0,,utilitaire_camion,,1,2,2,1,6
202300030662,2023-12-15 10:27:00,2023,12,15,10,27,01,01229,Route d'Etrez,46.336155,5.129462,Plein jour,En agglomération,Intersection en X,Normale,Autre collision,3,2,2,0,1,1,1,0,1,50,1,2,1,0,1,0,57.0,,utilitaire_camion,,1,2,2,1,6
202300030663,2023-09-07 19:55:00,2023,9,7,19,55,92,92024,GENERAL LECLERC (BD DU) DE (61 A 9),48.90129,2.31519,Plein jour,En agglomération,Intersection en T,Normale,Deux véhicules - côté,3,2,4,1,1,1,1,0,5,50,2,2,1,0,0,1,40.0,44.0,deux_roues,voiture,1,2,3,1,3
202300030663,2023-09-07 19:55:00,2023,9,7,19,55,92,92024,GENERAL LECLERC (BD DU) DE (61 A 9),48.90129,2.31519,Plein jour,En agglomération,Intersection en T,Normale,Deux véhicules - côté,3,1,1,0,1,1,1,0,5,30,2,2,1,0,0,1,40.0,44.0,deux_roues,voiture,1,2,3,1,3
202300030664,2023-06-25 07:00:00,2023,6,25,7,0,51,51454,GRAND CREDO (RUE DU),49.25495,4.03521,Plein jour,En agglomération,Intersection en T,Normale,Autre collision,4,2,2,0,1,2,1,5,1,30,1,2,1,0,0,1,19.0,,deux_roues,,1,2,3,1,6
202300030664,2023-06-25 07:00:00,2023,6,25,7,0,51,51454,GRAND CREDO (RUE DU),49.25495,4.03521,Plein jour,En agglomération,Intersection en T,Normale,Autre collision,4,2, -1,-1,1,2,1,0,1,-1,1,2,1,0,0,1,19.0,,deux_roues,,1,2,3,1,6
202300030665,2023-11-24 17:30:00,2023,11,24,17,30,06,06085,Avenue de la Borde,43.582971,6.973454,Nuit sans éclairage public,En agglomération,Intersection en T,Normale,Deux véhicules - côté,3,2,2,0,2,1,1,0,1,50,2,2,1,0,1,0,44.0,60.0,voiture,deux_roues,3,2,3,1,3
202300030665,2023-11-24 17:30:00,2023,11,24,17,30,06,06085,Avenue de la Borde,43.582971,6.973454,Nuit sans éclairage public,En agglomération,Intersection en T,Normale,Deux véhicules - côté,3,2,2,0,1,1,1,0,1,-1,2,2,1,0,1,0,44.0,60.0,voiture,deux_roues,3,2,3,1,3
202300030666,2023-09-08 13:45:00,2023,9,8,13,45,92,92032,FOCH MARECHAL (AVENUE DU),48.78963889,2.30039701,Plein jour,En agglomération,Autre intersection,Normale,Autre collision,3,-1,0,0,1,1,1,0,1,50,1,2,1,0,0,1,43.0,,utilitaire_camion,,1,2,9,1,6
202300030667,2023-06-25 18:55:00,2023,6,25,18,55,50,50129,CALIGNY (QUAI DE),49.63923,-1.62107,Plein jour,En agglomération,Giratoire,Normale,Deux véhicules - arrière,4,2,2,0,1,1,1,0,1,50,2,2,1,0,0,1,23.0,48.0,voiture,voiture,1,2,6,1,2
202300030667,2023-06-25 18:55:00,2023,6,25,18,55,50,50129,CALIGNY (QUAI DE),49.63923,-1.62107,Plein jour,En agglomération,Giratoire,Normale,Deux véhicules - arrière,4,2,2,0,1,1,1,0,1,50,2,2,1,0,0,1,23.0,48.0,voiture,voiture,1,2,6,1,2
202300030668,2023-09-07 09:30:00,2023,9,7,9,30,18,18032,,47.420872,2.895885,Plein jour,Hors agglomération,Hors intersection,Normale,Deux véhicules - frontale,3,2,2,0,1,2,1,0,1,80,2,2,1,1,0,0,86.0,37.0,voiture,utilitaire_camion,1,1,1,1,1
202300030669,2023-06-24 20:51:00,2023,6,24,20,51,49,49007,SAUMUROISE IMPASSE ET RUE,47.45746,-0.53284,Plein jour,En agglomération,Hors intersection,Normale,Sans collision,4,2,2,0,1,1,1,0,1,50,1,1,0,0,0,1,21.0,,deux_roues,,1,2,1,1,7
202300030670,2023-12-15 17:15:00,2023,12,15,17,15,974,97415,D100,-21.065138,55.239966,Plein jour,Hors agglomération,Hors intersection,Temps éblouissant,Deux véhicules - frontale,3,2,2,0,2,2,1,0,1,70,2,2,0,0,2,0,48.0,25.0,voiture,voiture,1,1,1,7,1
202300030671,2023-09-09 03:10:00,2023,9,9,3,10,69,69277,Rue de la Fraternite,45.726929,5.029249,Nuit sans éclairage public,Hors agglomération,Giratoire,Normale,Autre collision,3,1,2,0,1,1,1,5,3,80,1,2,0,0,2,0,41.0,,voiture,,3,1,6,1,6
202300030672,2023-06-24 01:35:00,2023,6,24,1,35,49,49007,PICOTIERE,47.46703,-0.59631,Nuit avec éclairage non allumé,En agglomération,Hors intersection,Normale,Sans collision,4,1,1,2,1,1,1,0,1,30,1,1,0,0,0,1,22.0,,deux_roues,,4,2,1,1,7
202300030673,2023-06-26 19:10:00,2023,6,26,19,10,45,45286,RUE DES BALLETIERES,47.87047,1.93218,Plein jour,Hors agglomération,Autre intersection,Normale,Deux véhicules - frontale,4,4,3,0,1,1,1,0,1,50,2,2,1,0,0,1,55.0,59.0,voiture,voiture,1,1,9,1,1
202300030674,2023-09-08 06:25:00,2023,9,8,6,25,62,62706,D72,50.565589,2.780871,Crépuscule ou aube,Hors agglomération,Hors intersection,Brouillard / fumée,Deux véhicules - côté,3,2,2,0,1,3,1,0,1,80,2,2,1,0,1,0,40.0,59.0,voiture,deux_roues,2,1,1,5,3
202300030675,2023-06-24 15:30:00,2023,6,24,15,30,44,44109,Quai du Marquis d'Aiguillon,47.20149,-1.57702,Plein jour,En agglomération,Hors intersection,Normale,Deux véhicules - frontale,4,3,4,3,1,1,1,0,1,50,2,2,1,1,0,0,72.0,39.0,deux_roues,voiture,1,2,1,1,1
202300030676,2023-09-09 12:15:00,2023,9,9,12,15,30,30308,Chemin des Abels,43.95883,4.421986,Plein jour,En agglomération,Hors intersection,Normale,Deux véhicules - frontale,4,2,2,0,2,1,1,0,1,50,2,2,1,0,0,1,18.0,63.0,deux_roues,voiture,1,2,1,1,1
202300030677,2023-12-15 11:00:00,2023,12,15,11,0,971,97119,Boulevard de Dumaine Delisle,16.373901,-61.452729,Plein jour,Hors agglomération,Hors intersection,Normale,Deux véhicules - frontale,2,2,2,0,2,4,1,0,1,80,2,2,0,0,1,1,61.0,58.0,voiture,voiture,1,1,1,1,1
202300030678,2023-06-26 16:30:00,2023,6,26,16,30,42,42316,Rue Joseph Dussauze,45.40522,4.26551,Plein jour,En agglomération,Hors intersection,Normale,Autre collision,7,2,1,0,1,1,1,0,1,50,1,2,1,0,0,1,60.0,,utilitaire_camion,,1,2,1,1,6
202300030679,2023-09-09 05:55:00,2023,9,9,5,55,37,37278,A10,47.208782,0.654802,Nuit sans éclairage public,Hors agglomération,Hors intersection,Normale,Autre collision,1,3,2,0,1,1,1,0,1,130,1,3,2,1,0,0,39.0,,voiture,,3,1,1,1,6
202300030680,2023-06-24 01:15:00,2023,6,24,1,15,41,41018,JOSEPH PAUL BONCOUR (ROND POINT),47.57465,1.32415,Nuit sans éclairage public,En agglomération,Giratoire,Normale,Autre collision,3,1,2,0,1,2,1,9,3,50,1,1,0,0,1,0,39.0,,voiture,,3,2,6,1,6
202300030681,2023-09-07 13:50:00,2023,9,7,13,50,65,65018,D918,42.95923377,-0.26868886,Plein jour,Hors agglomération,Hors intersection,Normale,Sans collision,3,2,2,0,3,1,1,0,1,80,1,1,0,0,1,0,64.0,,deux_roues,,1,1,1,1,7
202300030682,2023-12-16 14:15:00,2023,12,16,14,15,29,29297,Impasse Coat Pin,47.900574,-3.524531,Plein jour,Hors agglomération,Hors intersection,Temps éblouissant,Autre collision,4,2,2,0,4,3,2,0,3,50,1,1,0,0,0,1,18.0,,voiture,,1,1,1,7,6
202300030683,2023-06-26 08:10:00,2023,6,26,8,10,37,37214,VOISIN (BOULEVARD ANDRE-GEORGES),47.43215,0.66504,Plein jour,En agglomération,Hors intersection,Normale,Autre collision,4,2,2,0,1,1,1,0,1,50,1,2,1,0,1,0,52.0,,voiture,,1,2,1,1,6
202300030684,2023-09-07 07:30:00,2023,9,7,7,30,55,55054,D171,48.871179,5.50694,Crépuscule ou aube,Hors agglomération,Hors intersection,Temps éblouissant,Deux véhicules - côté,3,2,2,0,2,1,1,0,1,90,2,2,1,0,0,1,52.0,29.0,deux_roues,utilitaire_camion,2,1,1,7,3
202300030685,2023-06-26 07:45:00,2023,6,26,7,45,34,34172,1682 Rue de la Valsière,43.64033,3.82872,Plein jour,En agglomération,Intersection en Y,Normale,Deux véhicules - frontale,4,2,2,0,1,1,1,5,1,50,2,2,1,0,1,0,49.0,69.0,deux_roues,voiture,1,2,4,1,1
202300030685,2023-06-26 07:45:00,2023,6,26,7,45,34,34172,1682 Rue de la Valsière,43.64033,3.82872,Plein jour,En agglomération,Intersection en Y,Normale,Deux véhicules - frontale,4,2,2,0,1,3,1,5,1,50,2,2,1,0,1,0,49.0,69.0,deux_roues,voiture,1,2,4,1,1
202300030686,2023-12-13 14:50:00,2023,12,13,14,50,34,34022,N113,43.661057,4.027798,Plein jour,Hors agglomération,Intersection en Y,Normale,Deux véhicules - arrière,2,2,2,0,1,1,1,0,1,70,2,3,1,0,0,2,72.0,56.0,voiture,voiture,1,1,4,1,2
202300030686,2023-12-13 14:50:00,2023,12,13,14,50,34,34022,N113,43.661057,4.027798,Plein jour,Hors agglomération,Intersection en Y,Normale,Deux véhicules - arrière,2,2, -1,-1,1,1,1,5,1,-1,2,3,1,0,0,2,72.0,56.0,voiture,voiture,1,1,4,1,2
202300030687,2023-09-08 18:05:00,2023,9,8,18,5,34,34119,Avenue de Bédarieux,43.593891,3.117322,Crépuscule ou aube,En agglomération,Hors intersection,Normale,Autre collision,3,2,2,0,1,1,1,9,1,30,1,2,1,1,0,0,43.0,,utilitaire_camion,,2,2,1,1,6
202300030688,2023-06-26 18:25:00,2023,6,26,18,25,33,33281,Chemin du Phare,44.8527,-0.69343,Plein jour,En agglomération,Intersection en T,Normale,Deux véhicules - côté,4,2,2,1,1,1,1,0,1,50,2,3,1,0,0,2,58.0,54.0,voiture,deux_roues,1,2,3,1,3
202300030688,2023-06-26 18:25:00,2023,6,26,18,25,33,33281,Chemin du Phare,44.8527,-0.69343,Plein jour,En agglomération,Intersection en T,Normale,Deux véhicules - côté,4,2,2,0,1,1,1,0,1,50,2,3,1,0,0,2,58.0,54.0,voiture,deux_roues,1,2,3,1,3
202300030689,2023-09-08 16:30:00,2023,9,8,16,30,39,39068,,46.279021,5.794156,Plein jour,Hors agglomération,Hors intersection,Normale,Deux véhicules - frontale,3,2,2,0,2,2,1,0,1,80,2,2,1,1,0,0,38.0,70.0,voiture,deux_roues,1,1,1,1,1
202300030690,2023-06-26 18:20:00,2023,6,26,18,20,33,33013,Avenue du Peyrou,44.86964,-0.49847,Plein jour,En agglomération,Intersection en T,Normale,Deux véhicules - côté,2,2,2,0,1,1,1,0,1,50,2,2,1,0,0,1,39.0,20.0,utilitaire_camion,deux_roues,1,2,3,1,3
202300030690,2023-06-26 18:20:00,2023,6,26,18,20,33,33013,Avenue du Peyrou,44.86964,-0.49847,Plein jour,En agglomération,Intersection en T,Normale,Deux véhicules - côté,2,2, -1,0,1,1,1,0,1,50,2,2,1,0,0,1,39.0,20.0,utilitaire_camion,deux_roues,1,2,3,1,3
202300030691,2023-06-26 17:30:00,2023,6,26,17,30,33,33063,Boulevard George V,44.82537,-0.58947,Plein jour,En agglomération,Hors intersection,Normale,Autre collision,4,1,4,3,1,1,1,0,1,50,1,2,1,0,0,1,24.0,,voiture,,1,2,1,1,6
202300030692,2023-09-09 02:45:00,2023,9,9,2,45,39,39078,,47.108567,5.523645,Nuit sans éclairage public,Hors agglomération,Hors intersection,Normale,Deux véhicules - frontale,3,2,2,0,1,1,1,0,1,80,2,2,1,1,0,0,31.0,24.0,voiture,voiture,3,1,1,1,1
202300030693,2023-09-09 08:25:00,2023,9,9,8,25,03,03049,D46 - PR 021.530,46.31492,3.20102,Plein jour,Hors agglomération,Hors intersection,Normale,Sans collision,3,2,2,0,1,2,1,0,8,90,1,1,0,0,0,1,19.0,,voiture,,1,1,1,1,7
202300030694,2023-06-26 08:30:00,2023,6,26,8,30,33,33550,Chemin du Pas de la Côte,44.78209,-0.54013,Plein jour,En agglomération,Intersection en X,Normale,Deux véhicules - côté,4,2,2,0,1,1,1,5,1,50,2,2,1,0,0,1,39.0,27.0,voiture,deux_roues,1,2,2,1,3
202300030694,2023-06-26 08:30:00,2023,6,26,8,30,33,33550,Chemin du Pas de la Côte,44.78209,-0.54013,Plein jour,En agglomération,Intersection en X,Normale,Deux véhicules - côté,4,2,2,0,1,1,1,5,1,50,2,2,1,0,0,1,39.0,27.0,voiture,deux_roues,1,2,2,1,3
202300030695,2023-12-16 07:55:00,2023,12,16,7,55,68,68113,D106 - ROUTE DE RIBEAUVILLÉ,48.186533,7.388094,Crépuscule ou aube,Hors agglomération,Intersection en T,Normale,Deux véhicules - arrière,3,2,2,0,1,1,1,0,1,80,2,2,1,0,0,1,30.0,69.0,voiture,utilitaire_camion,2,1,3,1,2
202300030695,2023-12-16 07:55:00,2023,12,16,7,55,68,68113,D106 - ROUTE DE RIBEAUVILLÉ,48.186533,7.388094,Crépuscule ou aube,Hors agglomération,Intersection en T,Normale,Deux véhicules - arrière,3,2,2,0,1,1,1,0,1,30,2,2,1,0,0,1,30.0,69.0,voiture,utilitaire_camion,2,1,3,1,2
202300030696,2023-09-08 17:55:00,2023,9,8,17,55,06,06079,Rue des Hautes Roches,43.525795,6.939234,Plein jour,En agglomération,Hors intersection,Normale,Autre collision,4,2,2,0,2,1,1,0,1,50,1,1,0,0,0,1,61.0,,voiture,,1,2,1,1,6
202300030697,2023-06-25 07:50:00,2023,6,25,7,50,33,33063,Cours Victor Hugo,44.83579,-0.56756,Plein jour,En agglomération,Hors intersection,Normale,Sans collision,4,3,4,3,2,1,1,9,1,30,2,2,1,0,0,1,52.0,33.0,voiture,deux_roues,1,2,1,1,7
202300030698,2023-06-15 14:10:00,2023,6,15,14,10,33,33063,Rue Pelleport,44.82119,-0.5658,Plein jour,En agglomération,Intersection en X,Normale,Deux véhicules - côté,4,2,2,0,1,1,1,5,1,30,2,2,1,0,1,0,31.0,18.0,utilitaire_camion,deux_roues,1,2,2,1,3
202300030698,2023-06-15 14:10:00,2023,6,15,14,10,33,33063,Rue Pelleport,44.82119,-0.5658,Plein jour,En agglomération,Intersection en X,Normale,Deux véhicules - côté,4,1,1,2,1,1,1,5,1,30,2,2,1,0,1,0,31.0,18.0,utilitaire_camion,deux_roues,1,2,2,1,3
202300030699,2023-09-08 19:50:00,2023,9,8,19,50,50,50350,Le Fondray,49.014849,-1.321596,Plein jour,Hors agglomération,Intersection en X,Temps éblouissant,Autre collision,3,2,2,0,2,1,1,9,1,80,2,4,1,0,0,3,38.0,65.0,voiture,voiture,1,1,2,7,6
202300030699,2023-09-08 19:50:00,2023,9,8,19,50,50,50350,Le Fondray,49.014849,-1.321596,Plein jour,Hors agglomération,Intersection en X,Temps éblouissant,Autre collision,3,2,2,0,1,1,1,9,1,80,2,4,1,0,0,3,38.0,65.0,voiture,voiture,1,1,2,7,6
202300030700,2023-06-26 14:25:00,2023,6,26,14,25,28,28229,,48.47286,1.46304,Plein jour,Hors agglomération,Hors intersection,Normale,Deux véhicules - frontale,2,2,2,0,1,1,1,0,1,70,2,2,1,0,1,0,77.0,31.0,voiture,utilitaire_camion,1,1,1,1,1
202300030701,2023-12-16 17:30:00,2023,12,16,17,30,03,03102,les coulardiers,46.520913,3.707242,Nuit sans éclairage public,Hors agglomération,Hors intersection,Autre,Autre collision,3,2,2,0,2,1,2,0,3,90,1,2,1,0,1,0,27.0,,voiture,,3,1,1,9,6
202300030702,2023-09-09 08:30:00,2023,9,9,8,30,50,50628,Le Bieu (Ruisseau),48.722339,-1.218281,Plein jour,Hors agglomération,Hors intersection,Normale,Deux véhicules - frontale,3,2,2,0,1,1,1,0,1,80,2,2,0,0,2,0,22.0,20.0,voiture,voiture,1,1,1,1,1
202300030703,2023-06-25 20:20:00,2023,6,25,20,20,27,27701,ANDELLE (CHAUSSEE D'),49.28012,1.22654,Plein jour,Hors agglomération,Intersection en T,Normale,Deux véhicules - frontale,3,2,2,0,1,1,1,0,1,70,2,2,0,0,0,2,43.0,28.0,voiture,voiture,1,1,3,1,1