accident_id,datetime,annee,mois,jour,heure,minute,departement,commune_insee,adresse,latitude,longitude,luminosite,agglomeration,intersection,meteo,collision,catr,circ,nbv,vosp,prof,plan,surf,infra,situ,vma,nb_vehicules,nb_usagers,nb_indemnes,nb_tues,nb_blesses_hosp,nb_blesses_legers,age_cond_1,age_cond_2,veh_type_cond_1,veh_type_cond_2,lum_code,agg_code,int_code,atm_code,col_code
202300031134,2023-10-06 16:25:00,2023,10,6,16,25,63,63302,Plateau de Gergovie,45.71884,3.123765,Plein jour,Hors agglomération,Autre intersection,Temps éblouissant,Deux véhicules - frontale,3,2,2,0,3,1,1,9,1,90,2,3,2,0,1,0,42.0,51.0,voiture,deux_roues,1,1,9,7,1
202300031135,2023-10-08 13:17:00,2023,10,8,13,17,81,81206,D115,44.08352,1.738222,Plein jour,Hors agglomération,Intersection en T,Temps éblouissant,Deux véhicules - frontale,3,2,2,0,1,1,1,5,1,-1,2,2,1,1,0,0,39.0,23.0,utilitaire_camion,deux_roues,1,1,3,7,1
202300031135,2023-10-08 13:17:00,2023,10,8,13,17,81,81206,D115,44.08352,1.738222,Plein jour,Hors agglomération,Intersection en T,Temps éblouissant,Deux véhicules - frontale,3,2, -1,-1,3,3,1,5,1,80,2,2,1,1,0,0,39.0,23.0,utilitaire_camion,deux_roues,1,1,3,7,1
202300031136,2023-10-09 07:05:00,2023,10,9,7,5,34,34148,D612,43.360504,3.176326,Nuit sans éclairage public,Hors agglomération,Hors intersection,Normale,Deux véhicules - frontale,3,2,0,0,1,1,1,8,1,50,2,2,1,1,0,0,60.0,62.0,voiture,utilitaire_camion,3,1,1,1,1
202300031137,2023-10-07 15:35:00,2023,10,7,15,35,26,26139,D123,45.073127,5.112548,Plein jour,Hors agglomération,Intersection en X,Normale,Deux véhicules - côté,3,2,2,0,1,1,1,0,1,80,2,2,1,0,1,0,69.0,21.0,voiture,voiture,1,1,2,1,3
202300031137,2023-10-07 15:35:00,2023,10,7,15,35,26,26139,D123,45.073127,5.112548,Plein jour,Hors agglomération,Intersection en X,Normale,Deux véhicules - côté,3,-1,2,0,1,1,1,0,1,80,2,2,1,0,1,0,69.0,21.0,voiture,voiture,1,1,2,1,3
202300031138,2023-09-28 16:00:00,2023,9,28,16,0,24,24509,Impasse des Forêts,45.19092,0.422901,Plein jour,Hors agglomération,Hors intersection,Normale,Autre collision,4,2,2,0,2,1,1,0,1,50,1,2,1,0,1,0,69.0,,utilitaire_camion,,1,1,1,1,6
202300031139,2023-10-07 23:10:00,2023,10,7,23,10,38,38160,D41,45.488178,4.986827,Nuit sans éclairage public,Hors agglomération,Hors intersection,Normale,Autre collision,3,2,2,0,1,2,1,0,8,80,1,2,0,0,1,1,18.0,,voiture,,3,1,1,1,6
202300031140,2023-10-09 04:30:00,2023,10,9,4,30,95,95313,D922,49.116691,2.229931,Nuit avec éclairage allumé,En agglomération,Hors intersection,Normale,Autre collision,3,2,2,0,1,1,1,0,1,50,1,1,0,0,0,1,46.0,,voiture,,5,2,1,1,6
202300031141,2023-10-08 23:30:00,2023,10,8,23,30,95,95058,51 CREIL (RUE DE),49.161041,2.297336,Nuit avec éclairage allumé,En agglomération,Hors intersection,Normale,Sans collision,4,2,2,0,1,1,1,0,4,50,1,1,0,0,0,1,25.0,,deux_roues,,5,2,1,1,7
202300031142,2023-10-07 20:30:00,2023,10,7,20,30,40,40296,Route de Saubion,43.680326,-1.358764,Nuit avec éclairage allumé,En agglomération,Intersection en T,Normale,Deux véhicules - arrière,3,2,2,0,1,1,1,0,1,50,2,3,1,0,1,1,22.0,14.0,voiture,deux_roues,5,2,3,1,2
202300031142,2023-10-07 20:30:00,2023,10,7,20,30,40,40296,Route de Saubion,43.680326,-1.358764,Nuit avec éclairage allumé,En agglomération,Intersection en T,Normale,Deux véhicules - arrière,3,-1, -1,-1,-1,-1,-1,-1,-1,-1,2,3,1,0,1,1,22.0,14.0,voiture,deux_roues,5,2,3,1,2
202300031143,2023-10-08 20:30:00,2023,10,8,20,30,31,31044,N 826,43.586701,1.52151,Nuit avec éclairage allumé,En agglomération,Hors intersection,Normale,Deux véhicules - arrière,7,2,2,3,1,1,1,0,1,50,2,2,1,0,1,0,69.0,17.0,voiture,deux_roues,5,2,1,1,2
202300031144,2023-10-07 10:55:00,2023,10,7,10,55,81,81284,RN88,43.914017,2.12373,Plein jour,Hors agglomération,Hors intersection,Normale,Deux véhicules - arrière,2,3,2,0,1,1,1,0,1,90,2,3,2,0,1,0,27.0,50.0,voiture,deux_roues,1,1,1,1,2
202300031145,2023-10-09 17:30:00,2023,10,9,17,30,974,97404,Avenue de Bourbon,-21.268441,55.337332,Plein jour,En agglomération,Hors intersection,Normale,Autre collision,4,2,2,0,1,1,1,0,1,50,1,2,1,0,1,0,49.0,,deux_roues,,1,2,1,1,6
202300031146,2023-10-08 11:45:00,2023,10,8,11,45,35,35029,Lieu Dit Terre Rouge,48.45983065,-1.7432917,Plein jour,Hors agglomération,Hors intersection,Normale,Deux véhicules - côté,3,2,2,0,1,1,1,0,1,80,2,2,1,1,0,0,62.0,53.0,utilitaire_camion,deux_roues,1,1,1,1,3
202300031147,2023-10-08 10:40:00,2023,10,8,10,40,84,84091,Voie Communale 85 des Pres,44.179934,4.753529,Plein jour,Hors agglomération,Hors intersection,Normale,Deux véhicules - frontale,4,2,2,0,1,1,1,0,1,50,1,2,1,0,1,0,19.0,,voiture,,1,1,1,1,1
202300031148,2023-10-04 12:30:00,2023,10,4,12,30,28,28380,D136,48.412781,1.586967,Plein jour,Hors agglomération,Hors intersection,Normale,Sans collision,3,2,2,0,1,1,1,0,3,80,1,1,0,0,1,0,54.0,,deux_roues,,1,1,1,1,7
202300031149,2023-10-08 23:00:00,2023,10,8,23,0,86,86070,10 Route de Lussac Pouzioux,46.517401,0.693913,Nuit sans éclairage public,En agglomération,Hors intersection,Normale,Autre collision,3,2,2,0,1,3,1,0,4,50,1,1,0,0,1,0,46.0,,voiture,,3,2,1,1,6
202300031150,2023-10-08 14:15:00,2023,10,8,14,15,59,59487,rue du bas,50.631879,2.895246,Plein jour,Hors agglomération,Hors intersection,Normale,Autre collision,7,2,2,0,1,1,1,0,3,70,1,1,0,0,1,0,92.0,,voiture,,1,1,1,1,6
202300031151,2023-10-08 22:15:00,2023,10,8,22,15,60,60260,D32,49.280871,2.931558,Nuit sans éclairage public,Hors agglomération,Hors intersection,Normale,Sans collision,3,2,2,0,2,1,1,0,1,80,1,1,0,0,0,1,36.0,,deux_roues,,3,1,1,1,7
202300031152,2023-10-08 11:35:00,2023,10,8,11,35,66,66189,,42.661641,2.954373,Plein jour,En agglomération,Hors intersection,Normale,Autre collision,4,2,2,0,1,1,1,0,1,50,2,2,1,0,1,0,40.0,6.0,utilitaire_camion,deux_roues,1,2,1,1,6
202300031153,2023-10-05 18:45:00,2023,10,5,18,45,35,35173,D137,48.18458592,-1.72062904,Plein jour,Hors agglomération,Hors intersection,Normale,Deux véhicules - arrière,3,2,2,0,1,1,1,0,1,110,2,2,1,0,1,0,23.0,84.0,voiture,voiture,1,1,1,1,2
202300031154,2023-10-05 23:40:00,2023,10,5,23,40,35,35173,D137,48.189862,-1.721593,Nuit sans éclairage public,Hors agglomération,Hors intersection,Normale,Deux véhicules - arrière,3,3,4,0,1,1,1,0,1,110,2,2,1,0,0,1,39.0,38.0,deux_roues,voiture,3,1,1,1,2
202300031155,2023-10-08 22:00:00,2023,10,8,22,0,62,62524,D215,50.66546828,1.80624551,Nuit sans éclairage public,Hors agglomération,Hors intersection,Normale,Sans collision,3,2,2,0,2,4,1,0,3,50,1,4,3,0,1,0,18.0,,voiture,,3,1,1,1,7
202300031156,2023-10-08 23:30:00,2023,10,8,23,30,19,19285,D3,45.39592008,1.56742015,Nuit sans éclairage public,Hors agglomération,Hors intersection,Normale,Sans collision,3,2,2,0,1,1,1,2,1,90,1,1,0,0,1,0,17.0,,deux_roues,,3,1,1,1,7
202300031157,2023-10-08 18:50:00,2023,10,8,18,50,56,56127,Avenue du Grand Moulin,48.0776545,-2.29002437,Plein jour,En agglomération,Giratoire,Temps éblouissant,Deux véhicules - côté,3,2,2,0,1,1,1,5,1,50,2,2,1,0,0,1,41.0,67.0,voiture,deux_roues,1,2,6,7,3
202300031157,2023-10-08 18:50:00,2023,10,8,18,50,56,56127,Avenue du Grand Moulin,48.0776545,-2.29002437,Plein jour,En agglomération,Giratoire,Temps éblouissant,Deux véhicules - côté,3,2,2,-1,1,2,1,5,1,50,2,2,1,0,0,1,41.0,67.0,voiture,deux_roues,1,2,6,7,3
202300031158,2023-10-03 15:20:00,2023,10,3,15,20,56,56177,7 Lann Kerès,47.792072,-2.985309,Plein jour,Hors agglomération,Intersection en Y,Normale,Deux véhicules - frontale,3,2,2,0,1,1,1,0,1,80,2,2,0,0,1,1,81.0,56.0,voiture,voiture,1,1,4,1,1
202300031158,2023-10-03 15:20:00,2023,10,3,15,20,56,56177,7 Lann Kerès,47.792072,-2.985309,Plein jour,Hors agglomération,Intersection en Y,Normale,Deux véhicules - frontale,3,2,2,-1,1,1,1,0,1,80,2,2,0,0,1,1,81.0,56.0,voiture,voiture,1,1,4,1,1
202300031159,2023-10-08 20:35:00,2023,10,8,20,35,59,59580,Route de Poperinghe,50.810653,2.601142,Nuit avec éclairage allumé,En agglomération,Giratoire,Normale,Autre collision,3,1,0,0,1,4,1,0,3,70,1,1,0,0,1,0,39.0,,voiture,,5,2,6,1,6
202300031160,2023-10-06 20:15:00,2023,10,6,20,15,82,82005,564 Route de Toulouse,43.799714,1.220523,Nuit sans éclairage public,En agglomération,Hors intersection,Normale,Deux véhicules - côté,3,2,2,0,2,1,1,0,1,50,2,2,1,0,1,0,55.0,29.0,deux_roues,voiture,3,2,1,1,3
202300031161,2023-10-05 22:31:00,2023,10,5,22,31,33,33226,,44.70572876,-0.39987981,Nuit avec éclairage allumé,En agglomération,Intersection en T,Normale,Deux véhicules - côté,3,2,2,0,1,1,1,0,1,50,2,3,1,1,0,1,24.0,21.0,deux_roues,voiture,5,2,3,1,3
202300031161,2023-10-05 22:31:00,2023,10,5,22,31,33,33226,,44.70572876,-0.39987981,Nuit avec éclairage allumé,En agglomération,Intersection en T,Normale,Deux véhicules - côté,3,2, -1,-1,1,1,1,2,1,50,2,3,1,1,0,1,24.0,21.0,deux_roues,voiture,5,2,3,1,3
202300031162,2023-10-07 15:00:00,2023,10,7,15,0,32,32462,Rue Lebbe Frères,43.757939,0.302942,Plein jour,En agglomération,Intersection en Y,Temps éblouissant,Deux véhicules - côté,4,1,1,0,1,1,1,0,1,30,2,3,2,0,1,0,38.0,17.0,voiture,deux_roues,1,2,4,7,3
202300031163,2023-10-08 11:30:00,2023,10,8,11,30,11,11306,D81,42.82874,2.184649,Plein jour,Hors agglomération,Hors intersection,Normale,Sans collision,3,2,1,0,1,1,1,0,1,80,1,1,0,0,0,1,69.0,,deux_roues,,1,1,1,1,7
202300031164,2023-10-08 16:45:00,2023,10,8,16,45,71,71490,D25,46.530552,4.138367,Plein jour,Hors agglomération,Hors intersection,Normale,Autre collision,3,2,2,0,1,2,1,0,3,80,1,1,0,0,1,0,60.0,,deux_roues,,1,1,1,1,6
202300031165,2023-10-07 18:40:00,2023,10,7,18,40,89,89464,38 Rue de la Gare,48.0865,3.2868,Plein jour,En agglomération,Intersection en T,Normale,Deux véhicules - frontale,3,2,2,0,1,2,1,5,1,50,2,4,2,0,1,1,75.0,15.0,voiture,deux_roues,1,2,3,1,1
202300031165,2023-10-07 18:40:00,2023,10,7,18,40,89,89464,38 Rue de la Gare,48.0865,3.2868,Plein jour,En agglomération,Intersection en T,Normale,Deux véhicules - frontale,3,-1, -1,-1,-1,-1,-1,-1,-1,-1,2,4,2,0,1,1,75.0,15.0,voiture,deux_roues,1,2,3,1,1
202300031166,2023-10-09 14:30:00,2023,10,9,14,30,89,89209,D41,48.172182,2.982922,Plein jour,Hors agglomération,Intersection en T,Normale,Deux véhicules - côté,3,2,2,0,1,1,1,0,1,80,2,2,1,0,1,0,60.0,59.0,voiture,deux_roues,1,1,3,1,3
202300031166,2023-10-09 14:30:00,2023,10,9,14,30,89,89209,D41,48.172182,2.982922,Plein jour,Hors agglomération,Intersection en T,Normale,Deux véhicules - côté,3,2,2,-1,-1,-1,-1,-1,-1,-1,2,2,1,0,1,0,60.0,59.0,voiture,deux_roues,1,1,3,1,3
202300031167,2023-10-08 15:45:00,2023,10,8,15,45,61,61300,D920,48.466042,0.815466,Plein jour,Hors agglomération,Hors intersection,Normale,Autre collision,3,2,2,0,1,3,1,0,3,90,1,1,0,0,1,0,34.0,,deux_roues,,1,1,1,1,6
202300031168,2023-10-08 18:10:00,2023,10,8,18,10,61,61258,D6,48.511575,0.352432,Plein jour,En agglomération,Hors intersection,Normale,Sans collision,3,2,2,0,2,1,1,0,1,50,1,1,0,1,0,0,60.0,,deux_roues,,1,2,1,1,7
202300031169,2023-10-08 15:00:00,2023,10,8,15,0,55,55567,route départementale 163,49.08883919,5.18466725,Plein jour,Hors agglomération,Hors intersection,Normale,Autre collision,3,2,2,0,1,2,1,9,1,90,1,2,0,0,2,0,48.0,,deux_roues,,1,1,1,1,6
202300031170,2023-10-08 16:00:00,2023,10,8,16,0,49,49125,Chemin des charbonnieres,47.181998,-0.253952,Plein jour,En agglomération,Hors intersection,Normale,Sans collision,4,2,2,0,2,2,1,1,1,50,1,1,0,0,1,0,16.0,,deux_roues,,1,2,1,1,7
202300031171,2023-10-08 14:45:00,2023,10,8,14,45,42,42241,Route de Villerest,45.890187,4.111333,Plein jour,Hors agglomération,Hors intersection,Normale,Sans collision,3,2,2,0,1,2,1,0,3,70,1,1,0,0,0,1,22.0,,deux_roues,,1,1,1,1,7
202300031172,2023-10-08 05:40:00,2023,10,8,5,40,68,68081,D18,47.660624,7.194626,Nuit sans éclairage public,Hors agglomération,Hors intersection,Normale,Autre collision,3,2,2,0,1,3,1,0,3,-1,1,1,0,0,1,0,22.0,,voiture,,3,1,1,1,6
202300031173,2023-10-07 13:45:00,2023,10,7,13,45,22,22218,17 Kermerrien Hent Gouermel,48.833112,-3.259748,Plein jour,Hors agglomération,Hors intersection,Normale,Sans collision,4,2,2,0,2,4,1,0,1,80,1,1,0,0,1,0,69.0,,deux_roues,,1,1,1,1,7
202300031174,2023-09-04 17:45:00,2023,9,4,17,45,39,39547,1049 Route de la Vallée,46.35477,5.740753,Plein jour,En agglomération,Hors intersection,Normale,Autre collision,3,2,2,0,1,1,1,0,1,50,1,2,1,0,0,1,64.0,,voiture,,1,2,1,1,6
202300031175,2023-10-08 15:00:00,2023,10,8,15,0,25,25142,D46,46.659669,6.137826,Plein jour,Hors agglomération,Hors intersection,Normale,Sans collision,3,2,2,0,2,1,1,0,1,90,2,3,1,1,1,0,30.0,38.0,deux_roues,voiture,1,1,1,1,7
202300031176,2023-10-06 19:30:00,2023,10,6,19,30,44,44183,1 pennemont,47.394377,-2.399086,Plein jour,Hors agglomération,Hors intersection,Normale,Sans collision,3,2,2,2,2,1,1,0,3,-1,1,1,0,0,1,0,16.0,,utilitaire_camion,,1,1,1,1,7
202300031177,2023-10-06 09:03:00,2023,10,6,9,3,44,44186,Le Moulin Mallessard,47.098493,-1.827752,Plein jour,En agglomération,Hors intersection,Temps éblouissant,Deux véhicules - côté,3,2,2,0,1,1,1,0,3,80,2,2,1,0,1,0,49.0,81.0,voiture,deux_roues,1,2,1,7,3
202300031178,2023-10-08 06:15:00,2023,10,8,6,15,44,44085,rue des Coquelicots - ZAC de la Bergerie,47.68183,-1.445239,Nuit avec éclairage allumé,Hors agglomération,Hors intersection,Normale,Autre collision,4,2,2,0,1,1,1,0,3,50,1,2,1,0,1,0,30.0,,voiture,,5,1,1,1,6
202300031179,2023-10-08 08:10:00,2023,10,8,8,10,35,35184,Costard,48.1990609,-2.02220857,Crépuscule ou aube,Hors agglomération,Hors intersection,Normale,Autre collision,3,2,2,0,4,1,1,0,3,80,1,3,2,0,1,0,20.0,,voiture,,2,1,1,1,6
202300031180,2023-10-09 00:15:00,2023,10,9,0,15,34,34154,D62,43.559267,4.029712,Nuit sans éclairage public,Hors agglomération,Autre intersection,Normale,Autre collision,3,1,2,0,1,3,1,3,8,70,1,1,0,0,0,1,52.0,,voiture,,3,1,9,1,6
202300031181,2023-10-08 17:30:00,2023,10,8,17,30,29,29249,Fast Navel,48.142408,-3.733077,Plein jour,Hors agglomération,Hors intersection,Normale,Autre collision,3,2,2,0,2,1,1,0,3,80,1,1,0,0,1,0,24.0,,deux_roues,,1,1,1,1,6
202300031182,2023-10-06 20:20:00,2023,10,6,20,20,29,29165,Rue du Docteur Fleming,47.796087,-4.217989,Nuit avec éclairage allumé,En agglomération,Intersection en T,Normale,Deux véhicules - côté,4,2,2,0,1,1,1,0,1,30,2,2,1,0,1,0,16.0,26.0,deux_roues,voiture,5,2,3,1,3
202300031182,2023-10-06 20:20:00,2023,10,6,20,20,29,29165,Rue du Docteur Fleming,47.796087,-4.217989,Nuit avec éclairage allumé,En agglomération,Intersection en T,Normale,Deux véhicules - côté,4,2,2,0,1,1,1,0,1,50,2,2,1,0,1,0,16.0,26.0,deux_roues,voiture,5,2,3,1,3
202300031183,2023-10-05 20:30:00,2023,10,5,20,30,29,29037,D44,47.878736,-4.138327,Nuit sans éclairage public,Hors agglomération,Hors intersection,Normale,Autre collision,3,2,2,0,1,1,1,0,1,70,1,2,1,0,1,0,56.0,,voiture,,3,1,1,1,6
202300031184,2023-10-09 07:30:00,2023,10,9,7,30,02,02211,,49.411406,3.958919,Crépuscule ou aube,Hors agglomération,Hors intersection,Brouillard / fumée,Deux véhicules - frontale,3,2,2,0,1,1,1,0,1,80,2,3,2,0,1,0,67.0,16.0,voiture,deux_roues,2,1,1,5,1
202300031185,2023-10-07 04:14:00,2023,10,7,4,14,01,01452,En Mussignin,45.836465,5.665898,Nuit sans éclairage public,Hors agglomération,Hors intersection,Normale,Autre collision,3,2,2,0,1,1,1,9,1,80,1,1,0,0,0,1,38.0,,voiture,,3,1,1,1,6
202300031186,2023-10-08 16:05:00,2023,10,8,16,5,66,66025,D30c,42.438856,1.95658028,Plein jour,Hors agglomération,Hors intersection,Normale,Autre collision,3,2,2,0,1,2,1,0,3,80,1,2,0,0,0,2,32.0,,voiture,,1,1,1,1,6
202300031187,2023-10-08 14:35:00,2023,10,8,14,35,54,54029,12 Rue Lucien Michel,49.37079276,5.89709468,Plein jour,En agglomération,Intersection en X,Normale,Deux véhicules - côté,3,2,2,0,1,1,1,0,1,50,2,3,2,0,1,0,40.0,37.0,voiture,deux_roues,1,2,2,1,3
202300031187,2023-10-08 14:35:00,2023,10,8,14,35,54,54029,12 Rue Lucien Michel,49.37079276,5.89709468,Plein jour,En agglomération,Intersection en X,Normale,Deux véhicules - côté,3,2, -1,0,1,1,1,0,1,50,2,3,2,0,1,0,40.0,37.0,voiture,deux_roues,1,2,2,1,3
202300031188,2023-10-07 19:30:00,2023,10,7,19,30,50,50210,lieu dit st Anne,49.26254,-1.423759,Crépuscule ou aube,Hors agglomération,Hors intersection,Normale,Sans collision,3,2,2,0,2,3,1,0,1,80,1,2,0,0,2,0,49.0,,utilitaire_camion,,2,1,1,1,7
202300031189,2023-01-21 12:30:00,2023,1,21,12,30,93,93047,Avenue Jean Jaurés / Avenue des Lys,48.898489,2.551889,Plein jour,En agglomération,Intersection en X,Normale,Deux véhicules - côté,3,2,2,1,1,1,1,0,1,50,2,3,1,0,0,2,22.0,38.0,deux_roues,voiture,1,2,2,1,3
202300031189,2023-01-21 12:30:00,2023,1,21,12,30,93,93047,Avenue Jean Jaurés / Avenue des Lys,48.898489,2.551889,Plein jour,En agglomération,Intersection en X,Normale,Deux véhicules - côté,3,1,1,0,1,1,1,0,1,50,2,3,1,0,0,2,22.0,38.0,deux_roues,voiture,1,2,2,1,3
202300031190,2023-01-07 17:27:00,2023,1,7,17,27,92,92073,JAURES (AVENUE JEAN),48.8645339,2.20746696,Crépuscule ou aube,En agglomération,Hors intersection,Pluie légère,Deux véhicules - arrière,3,2,2,0,1,1,2,0,1,50,2,2,1,0,0,1,,27.0,voiture,deux_roues,2,2,1,2,2
202300031191,2023-01-21 19:57:00,2023,1,21,19,57,92,92035,République ( boulevard de la ),48.9069,2.24432,Nuit avec éclairage allumé,En agglomération,Hors intersection,Normale,Deux véhicules - côté,3,2,2,0,1,1,1,0,1,50,2,2,1,0,0,1,25.0,59.0,deux_roues,voiture,5,2,1,1,3
202300031192,2023-01-21 18:55:00,2023,1,21,18,55,92,92025,GABRIEL PERI (RUE),48.918923,2.240729,Nuit avec éclairage allumé,En agglomération,Intersection en T,Normale,Deux véhicules - côté,3,3,2,0,1,1,1,0,1,30,2,3,2,0,0,1,28.0,25.0,deux_roues,voiture,5,2,3,1,3
202300031192,2023-01-21 18:55:00,2023,1,21,18,55,92,92025,GABRIEL PERI (RUE),48.918923,2.240729,Nuit avec éclairage allumé,En agglomération,Intersection en T,Normale,Deux véhicules - côté,3,1,1,0,1,1,1,0,1,30,2,3,2,0,0,1,28.0,25.0,deux_roues,voiture,5,2,3,1,3
202300031193,2023-01-21 18:10:00,2023,1,21,18,10,92,92024,ESTIENNE D'ORVES (RUE D') DE (4 A 20BIS),48.90641112,2.30351999,Nuit avec éclairage allumé,En agglomération,Hors intersection,Normale,Sans collision,3,1,1,0,1,1,1,0,1,30,1,1,0,0,0,1,45.0,,deux_roues,,5,2,1,1,7
202300031194,2023-01-21 11:00:00,2023,1,21,11,0,92,92024,VILLENEUVE (RUE) DE (1 A 45)   (2 A 44),48.905369,2.31031,Plein jour,En agglomération,Intersection en X,Normale,Deux véhicules - côté,3,2,2,0,1,1,1,0,1,50,2,2,1,0,0,1,55.0,34.0,deux_roues,deux_roues,1,2,2,1,3
202300031194,2023-01-21 11:00:00,2023,1,21,11,0,92,92024,VILLENEUVE (RUE) DE (1 A 45)   (2 A 44),48.905369,2.31031,Plein jour,En agglomération,Intersection en X,Normale,Deux véhicules - côté,3,1,1,0,1,1,1,0,1,30,2,2,1,0,0,1,55.0,34.0,deux_roues,deux_roues,1,2,2,1,3
202300031195,2023-01-21 07:00:00,2023,1,21,7,0,92,92023,PORTE DE TRIVAUX (RUE DE) N°57 A 197 ET,48.78481,2.23807,Nuit avec éclairage allumé,En agglomération,Intersection en X,Normale,Autre collision,3,2,2,0,1,1,1,0,1,30,1,3,1,0,2,0,,,voiture,,5,2,2,1,6
202300031195,2023-01-21 07:00:00,2023,1,21,7,0,92,92023,PORTE DE TRIVAUX (RUE DE) N°57 A 197 ET,48.78481,2.23807,Nuit avec éclairage allumé,En agglomération,Intersection en X,Normale,Autre collision,3,2,2,0,1,1,1,0,1,30,1,3,1,0,2,0,,,voiture,,5,2,2,1,6
202300031196,2023-01-20 22:15:00,2023,1,20,22,15,69,69266,Boulevard Périphérique Laurent Bonnevay,45.77912,4.89517,Nuit avec éclairage allumé,Hors agglomération,Hors intersection,Neige / grêle,Autre collision,7,3,6,0,1,1,2,0,2,70,1,1,0,0,0,1,26.0,,voiture,,5,1,1,4,6
202300031197,2023-01-19 22:15:00,2023,1,19,22,15,67,67152,M35,48.52452546,7.66274929,Nuit sans éclairage public,Hors agglomération,Hors intersection,Normale,Sans collision,7,3,2,0,1,1,2,3,2,90,1,1,0,0,0,1,22.0,,voiture,,3,1,1,1,7
202300031198,2023-01-21 21:49:00,2023,1,21,21,49,91,91161,AUTOROUTE A6,48.70659,2.30618,Nuit avec éclairage non allumé,Hors agglomération,Hors intersection,Normale,Autre collision,1,1,7,0,1,3,1,0,1,110,1,3,2,0,0,1,38.0,,voiture,,4,1,1,1,6
202300031199,2023-01-21 14:30:00,2023,1,21,14,30,94,94034,A6B,48.75580758,2.33353913,Plein jour,Hors agglomération,Hors intersection,Normale,Sans collision,1,1,2,0,2,2,1,0,1,70,1,1,0,0,0,1,32.0,,deux_roues,,1,1,1,1,7
202300031200,2023-01-21 14:10:00,2023,1,21,14,10,94,94038,A6A,48.7782741,2.34650341,Plein jour,Hors agglomération,Hors intersection,Normale,Trois véhicules et plus - en chaîne,1,1,3,0,1,1,1,0,1,110,3,7,6,0,0,1,30.0,37.0,voiture,voiture,1,1,1,1,4
202300031201,2023-01-21 06:55:00,2023,1,21,6,55,91,91553,RN 104,48.631361,2.504628,Nuit sans éclairage public,Hors agglomération,Hors intersection,Temps couvert,Autre collision,2,1,2,0,1,1,1,0,3,110,1,1,0,0,0,1,32.0,,voiture,,3,1,1,8,6
202300031202,2023-01-21 04:15:00,2023,1,21,4,15,93,93007,AUTOROUTE A1,48.94774549,2.44391968,Nuit avec éclairage allumé,Hors agglomération,Hors intersection,Autre,Deux véhicules - arrière,1,3,8,0,1,1,2,1,1,110,2,2,1,0,0,1,41.0,33.0,voiture,deux_roues,5,1,1,9,2
202300031203,2023-01-17 16:15:00,2023,1,17,16,15,92,92036,AUTOROUTE A15,48.94074039,2.29291143,Plein jour,Hors agglomération,Hors intersection,Normale,Deux véhicules - côté,1,-1,8,0,2,3,1,2,1,90,2,2,1,0,0,1,20.0,28.0,voiture,deux_roues,1,1,1,1,3
202300031204,2023-01-20 16:50:00,2023,1,20,16,50,54,54547,Route de Mirecourt,48.672157,6.193633,Plein jour,En agglomération,Intersection en T,Normale,Autre collision,4,1,2,0,1,1,1,2,1,50,1,2,1,0,0,1,65.0,,voiture,,1,2,3,1,6
202300031204,2023-01-20 16:50:00,2023,1,20,16,50,54,54547,Route de Mirecourt,48.672157,6.193633,Plein jour,En agglomération,Intersection en T,Normale,Autre collision,4,2,2,0,1,1,1,2,1,50,1,2,1,0,0,1,65.0,,voiture,,1,2,3,1,6
202300031205,2023-01-20 19:14:00,2023,1,20,19,14,10,10387,ROGER SALENGRO (RUE),48.29822527,4.07866091,Nuit avec éclairage allumé,En agglomération,Intersection en Y,Pluie légère,Deux véhicules - arrière,4,2,2,1,1,1,2,0,1,50,2,3,2,0,0,1,80.0,49.0,voiture,deux_roues,5,2,4,2,2
202300031205,2023-01-20 19:14:00,2023,1,20,19,14,10,10387,ROGER SALENGRO (RUE),48.29822527,4.07866091,Nuit avec éclairage allumé,En agglomération,Intersection en Y,Pluie légère,Deux véhicules - arrière,4,2,2,0,1,1,2,0,1,50,2,3,2,0,0,1,80.0,49.0,voiture,deux_roues,5,2,4,2,2
202300031206,2023-01-20 22:50:00,2023,1,20,22,50,974,97411,BERTHO (RUE JEAN),-20.89219,55.48793,Nuit avec éclairage allumé,En agglomération,Hors intersection,Normale,Sans collision,4,2,2,0,1,1,1,0,4,50,1,1,0,0,0,1,29.0,,deux_roues,,5,2,1,1,7
202300031207,2023-01-20 08:20:00,2023,1,20,8,20,974,97411,JACINTHES (RUE DES),-20.91053,55.48167,Plein jour,En agglomération,Intersection en Y,Normale,Autre collision,4,2,2,0,1,1,2,0,8,50,1,2,1,0,0,1,41.0,,voiture,,1,2,4,1,6
202300031207,2023-01-20 08:20:00,2023,1,20,8,20,974,97411,JACINTHES (RUE DES),-20.91053,55.48167,Plein jour,En agglomération,Intersection en Y,Normale,Autre collision,4,2,2,0,2,1,2,0,1,30,1,2,1,0,0,1,41.0,,voiture,,1,2,4,1,6
202300031208,2023-01-19 18:10:00,2023,1,19,18,10,974,97411,RN2/043,-20.88607,55.49451,Plein jour,En agglomération,Hors intersection,Pluie légère,Sans collision,2,3,2,0,1,3,2,0,1,90,1,1,0,0,0,1,50.0,,deux_roues,,1,2,1,2,7
202300031209,2023-01-20 14:10:00,2023,1,20,14,10,973,97302,TROUBIRAN (CHEMIN DE),4.9291151,-52.30419964,Plein jour,En agglomération,Hors intersection,Pluie légère,Deux véhicules - frontale,4,2,2,0,1,3,2,0,1,50,2,3,2,0,0,1,48.0,48.0,voiture,voiture,1,2,1,2,1