accident_id,datetime,annee,mois,jour,heure,minute,departement,commune_insee,adresse,latitude,longitude,luminosite,agglomeration,intersection,meteo,collision,catr,circ,nbv,vosp,prof,plan,surf,infra,situ,vma,nb_vehicules,nb_usagers,nb_indemnes,nb_tues,nb_blesses_hosp,nb_blesses_legers,age_cond_1,age_cond_2,veh_type_cond_1,veh_type_cond_2,lum_code,agg_code,int_code,atm_code,col_code
202300031210,2023-01-20 09:07:00,2023,1,20,9,7,973,97302,ZEPHIR (ROCADE),4.94095,-52.30476,Plein jour,En agglomération,Hors intersection,Pluie forte,Sans collision,3,2,2,0,1,1,2,0,1,50,1,1,0,0,0,1,55.0,,deux_roues,,1,2,1,3,7
202300031211,2023-01-20 08:40:00,2023,1,20,8,40,973,97302,LALLOUETTE,4.93972267,-52.33328283,Plein jour,En agglomération,Intersection en X,Pluie forte,Autre collision,4,1,1,0,1,1,2,0,1,50,1,2,1,0,0,1,25.0,,voiture,,1,2,2,3,6
202300031211,2023-01-20 08:40:00,2023,1,20,8,40,973,97302,LALLOUETTE,4.93972267,-52.33328283,Plein jour,En agglomération,Intersection en X,Pluie forte,Autre collision,4,1,1,0,1,1,2,0,1,50,1,2,1,0,0,1,25.0,,voiture,,1,2,2,3,6
202300031212,2023-01-20 19:50:00,2023,1,20,19,50,69,69386,112 Boulevard des Belges,45.76848,4.85855,Nuit avec éclairage allumé,En agglomération,Intersection en Y,Pluie légère,Deux véhicules - frontale,4,1,4,3,1,1,2,0,6,50,2,2,1,0,0,1,41.0,,deux_roues,voiture,5,2,4,2,1
202300031212,2023-01-20 19:50:00,2023,1,20,19,50,69,69386,112 Boulevard des Belges,45.76848,4.85855,Nuit avec éclairage allumé,En agglomération,Intersection en Y,Pluie légère,Deux véhicules - frontale,4,1,1,0,1,1,2,0,8,50,2,2,1,0,0,1,41.0,,deux_roues,voiture,5,2,4,2,1
202300031213,2023-01-20 15:30:00,2023,1,20,15,30,69,69383,Rue Docteur Bonhomme,45.7464,4.8736,Plein jour,En agglomération,Hors intersection,Temps couvert,Autre collision,4,1,1,2,1,1,1,0,5,30,1,2,1,0,0,1,23.0,,deux_roues,,1,2,1,8,6
202300031214,2023-01-20 17:27:00,2023,1,20,17,27,2A,2A004,AVENUE DU DOCTEUR NOEL FRANCHINI,41.9384,8.75447,Crépuscule ou aube,En agglomération,Hors intersection,Normale,Deux véhicules - côté,2,2,2,0,1,1,1,0,1,50,2,2,1,0,0,1,51.0,22.0,utilitaire_camion,deux_roues,2,2,1,1,3
202300031215,2023-01-20 08:10:00,2023,1,20,8,10,95,95197,D311,48.975359,2.332783,Crépuscule ou aube,En agglomération,Intersection en T,Temps couvert,Autre collision,3,1,1,0,1,3,1,0,4,50,1,2,1,0,0,1,23.0,,utilitaire_camion,,2,2,3,8,6
202300031215,2023-01-20 08:10:00,2023,1,20,8,10,95,95197,D311,48.975359,2.332783,Crépuscule ou aube,En agglomération,Intersection en T,Temps couvert,Autre collision,3,2,2,0,1,1,1,8,4,50,1,2,1,0,0,1,23.0,,utilitaire_camion,,2,2,3,8,6
202300031216,2023-01-20 18:53:00,2023,1,20,18,53,91,91064,PORTE JAUNE (CHEMIN DE LA),48.76637,2.23015,Nuit sans éclairage public,Hors agglomération,Autre intersection,Temps couvert,Deux véhicules - frontale,4,2,0,0,1,1,1,0,1,50,2,2,1,0,0,1,31.0,25.0,utilitaire_camion,deux_roues,3,1,9,8,1
202300031217,2023-01-17 08:40:00,2023,1,17,8,40,90,90010,SAUSSOT (RUE),47.63371,6.84214,Plein jour,En agglomération,Hors intersection,Normale,Autre collision,4,2,2,0,1,1,1,0,1,30,1,2,1,0,0,1,52.0,,voiture,,1,2,1,1,6
202300031218,2023-01-18 07:23:00,2023,1,18,7,23,89,89024,11 NOVEMBRE (BOULEVARD DU) N° PAIRS,47.79232,3.56751,Nuit avec éclairage allumé,En agglomération,Intersection en X,Normale,Autre collision,3,2,3,0,1,1,2,0,1,50,1,2,1,1,0,0,36.0,,utilitaire_camion,,5,2,2,1,6
202300031218,2023-01-18 07:23:00,2023,1,18,7,23,89,89024,11 NOVEMBRE (BOULEVARD DU) N° PAIRS,47.79232,3.56751,Nuit avec éclairage allumé,En agglomération,Intersection en X,Normale,Autre collision,3,2,3,0,1,1,2,0,1,50,1,2,1,1,0,0,36.0,,utilitaire_camion,,5,2,2,1,6
202300031219,2023-01-20 07:40:00,2023,1,20,7,40,87,87085,DUTREIX (RUE ARMAND),45.83266,1.23255,Nuit avec éclairage allumé,En agglomération,Intersection en T,Normale,Autre collision,4,2,2,0,1,1,2,0,1,30,1,2,1,0,0,1,48.0,,utilitaire_camion,,5,2,3,1,6
202300031219,2023-01-20 07:40:00,2023,1,20,7,40,87,87085,DUTREIX (RUE ARMAND),45.83266,1.23255,Nuit avec éclairage allumé,En agglomération,Intersection en T,Normale,Autre collision,4,2,2,0,1,1,2,0,1,50,1,2,1,0,0,1,48.0,,utilitaire_camion,,5,2,3,1,6
202300031220,2023-01-19 19:05:00,2023,1,19,19,5,87,87085,SOIXANTE ET ONZIEME MOBILE (RUE DU),45.83143,1.26416,Nuit avec éclairage allumé,En agglomération,Hors intersection,Neige / grêle,Autre collision,4,1,1,0,1,1,5,0,1,30,1,2,1,0,0,1,49.0,,voiture,,5,2,1,4,6
202300031221,2023-01-18 13:29:00,2023,1,18,13,29,80,80489,Avenue Henri Barbusse,49.869424,2.360349,Plein jour,En agglomération,Hors intersection,Normale,Deux véhicules - côté,4,1,2,0,1,2,1,0,1,50,2,2,1,0,0,1,37.0,89.0,voiture,voiture,1,2,1,1,3
202300031222,2023-01-20 19:15:00,2023,1,20,19,15,79,79191,,46.34398,-0.4855,Nuit avec éclairage allumé,En agglomération,Intersection en T,Normale,Deux véhicules - arrière,4,2,2,-1,1,1,1,0,1,50,2,2,1,0,0,1,16.0,37.0,deux_roues,voiture,5,2,3,1,2
202300031222,2023-01-20 19:15:00,2023,1,20,19,15,79,79191,,46.34398,-0.4855,Nuit avec éclairage allumé,En agglomération,Intersection en T,Normale,Deux véhicules - arrière,4,2,2,0,1,1,1,5,1,50,2,2,1,0,0,1,16.0,37.0,deux_roues,voiture,5,2,3,1,2
202300031223,2023-01-09 18:15:00,2023,1,9,18,15,78,78208,MONTFORT (ROUTE DE),48.784568,1.955294,Nuit avec éclairage allumé,En agglomération,Hors intersection,Pluie légère,Autre collision,3,2,1,0,2,3,2,5,3,50,1,1,0,1,0,0,30.0,,voiture,,5,2,1,2,6
202300031224,2023-01-20 15:30:00,2023,1,20,15,30,77,77350,RUE DANTON,48.75936294,2.67805651,Plein jour,En agglomération,Hors intersection,Normale,Autre collision,4,3,2,0,1,1,1,0,1,50,3,3,1,0,0,2,47.0,41.0,voiture,voiture,1,2,1,1,6
202300031225,2023-01-20 07:42:00,2023,1,20,7,42,74,74281,THUYSET (AVENUE DE),46.38116,6.49788,Nuit avec éclairage allumé,En agglomération,Hors intersection,Temps couvert,Autre collision,4,2,2,0,1,1,7,0,1,50,1,2,1,0,0,1,53.0,,voiture,,5,2,1,8,6
202300031226,2023-01-19 17:30:00,2023,1,19,17,30,74,74010,SOMMEILLER,45.9025,6.1268,Crépuscule ou aube,En agglomération,Hors intersection,Normale,Autre collision,4,3,3,3,1,1,1,0,6,30,1,2,1,0,0,1,55.0,,transport_commun,,2,2,1,1,6
202300031227,2023-01-19 01:00:00,2023,1,19,1,0,72,72181,ARSENAL (RUE DE L') N° IMP,47.99759,0.20776,Nuit avec éclairage allumé,En agglomération,Hors intersection,Normale,Autre collision,4,2,2,0,1,1,1,0,1,50,1,2,0,0,0,2,23.0,,deux_roues,,5,2,1,1,6
202300031228,2023-01-20 08:10:00,2023,1,20,8,10,71,71540,THIELLAY (LE)  RN.80,46.75935593,4.4645979,Plein jour,Hors agglomération,Intersection en Y,Temps couvert,Deux véhicules - arrière,3,1, -1,-1,1,2,1,5,1,80,2,2,1,0,0,1,19.0,42.0,voiture,voiture,1,1,4,8,2
202300031228,2023-01-20 08:10:00,2023,1,20,8,10,71,71540,THIELLAY (LE)  RN.80,46.75935593,4.4645979,Plein jour,Hors agglomération,Intersection en Y,Temps couvert,Deux véhicules - arrière,3,3,1,0,1,3,2,5,1,80,2,2,1,0,0,1,19.0,42.0,voiture,voiture,1,1,4,8,2
202300031229,2023-01-20 19:20:00,2023,1,20,19,20,70,70550,GAULLE (BOULEVARD CHARLES DE),47.615913,6.152876,Nuit avec éclairage allumé,En agglomération,Intersection en X,Neige / grêle,Autre collision,2,2,2,0,1,1,2,5,1,50,1,3,2,0,1,0,24.0,,voiture,,5,2,2,4,6
202300031229,2023-01-20 19:20:00,2023,1,20,19,20,70,70550,GAULLE (BOULEVARD CHARLES DE),47.615913,6.152876,Nuit avec éclairage allumé,En agglomération,Intersection en X,Neige / grêle,Autre collision,2,2,2,0,1,1,2,0,1,50,1,3,2,0,1,0,24.0,,voiture,,5,2,2,4,6
202300031229,2023-01-20 19:20:00,2023,1,20,19,20,70,70550,GAULLE (BOULEVARD CHARLES DE),47.615913,6.152876,Nuit avec éclairage allumé,En agglomération,Intersection en X,Neige / grêle,Autre collision,2,2, -1,-1,1,1,2,5,1,-1,1,3,2,0,1,0,24.0,,voiture,,5,2,2,4,6
202300031230,2023-01-21 00:35:00,2023,1,21,0,35,69,69282,Chemin de Chassieu à Meyzieu,45.75479,4.9862,Nuit sans éclairage public,En agglomération,Hors intersection,Neige / grêle,Deux véhicules - frontale,4,2,2,0,2,3,5,0,1,50,2,4,3,0,0,1,31.0,27.0,voiture,voiture,3,2,1,4,1
202300031231,2023-01-20 20:45:00,2023,1,20,20,45,69,69282,Rue du Rambion,45.76115,4.98973,Nuit avec éclairage allumé,En agglomération,Intersection en T,Neige / grêle,Deux véhicules - frontale,4,2,2,1,1,1,2,0,1,50,2,3,0,0,0,3,22.0,35.0,voiture,voiture,5,2,3,4,1
202300031231,2023-01-20 20:45:00,2023,1,20,20,45,69,69282,Rue du Rambion,45.76115,4.98973,Nuit avec éclairage allumé,En agglomération,Intersection en T,Neige / grêle,Deux véhicules - frontale,4,2,2,1,1,1,2,0,1,50,2,3,0,0,0,3,22.0,35.0,voiture,voiture,5,2,3,4,1
202300031232,2023-01-20 09:55:00,2023,1,20,9,55,69,69256,Avenue Franklin Roosevelt,45.7483,4.92883,Plein jour,En agglomération,Hors intersection,Normale,Autre collision,6,-1,0,0,1,2,1,0,1,20,1,2,1,0,0,1,70.0,,voiture,,1,2,1,1,6
202300031233,2023-01-19 14:00:00,2023,1,19,14,0,69,69029,Avenue Camille Rousset,45.73587,4.91167,Plein jour,En agglomération,Intersection en X,Pluie légère,Deux véhicules - côté,4,2,2,0,1,1,2,0,1,50,2,2,1,0,0,1,23.0,29.0,voiture,voiture,1,2,2,2,3
202300031233,2023-01-19 14:00:00,2023,1,19,14,0,69,69029,Avenue Camille Rousset,45.73587,4.91167,Plein jour,En agglomération,Intersection en X,Pluie légère,Deux véhicules - côté,4,1,2,2,1,1,2,0,1,50,2,2,1,0,0,1,23.0,29.0,voiture,voiture,1,2,2,2,3
202300031234,2023-01-19 17:00:00,2023,1,19,17,0,67,67482,OBERLIN (RUE),48.59166,7.75529,Crépuscule ou aube,En agglomération,Intersection en T,Normale,Autre collision,4,1,1,0,1,1,1,0,1,50,1,2,1,0,1,0,25.0,,utilitaire_camion,,2,2,3,1,6
202300031234,2023-01-19 17:00:00,2023,1,19,17,0,67,67482,OBERLIN (RUE),48.59166,7.75529,Crépuscule ou aube,En agglomération,Intersection en T,Normale,Autre collision,4,2,2,0,1,1,1,0,1,50,1,2,1,0,1,0,25.0,,utilitaire_camion,,2,2,3,1,6
202300031235,2023-01-18 18:25:00,2023,1,18,18,25,66,66136,BRIAND BOULEVARD ARISTIDE,42.69379,2.90078,Nuit avec éclairage allumé,En agglomération,Hors intersection,Normale,Autre collision,4,2,2,0,1,1,1,0,1,30,1,3,1,0,0,2,65.0,,voiture,,5,2,1,1,6
202300031236,2023-01-20 09:50:00,2023,1,20,9,50,64,64284,CORPS FRANC POMMIES,43.29309,-0.38697,Plein jour,Hors agglomération,Giratoire,Normale,Deux véhicules - côté,4,2,2,0,1,1,1,0,1,50,2,2,1,0,0,1,72.0,57.0,voiture,voiture,1,1,6,1,3
202300031236,2023-01-20 09:50:00,2023,1,20,9,50,64,64284,CORPS FRANC POMMIES,43.29309,-0.38697,Plein jour,Hors agglomération,Giratoire,Normale,Deux véhicules - côté,4,2,2,-1,1,1,1,8,1,-1,2,2,1,0,0,1,72.0,57.0,voiture,voiture,1,1,6,1,3
202300031237,2023-01-19 13:30:00,2023,1,19,13,30,64,64102,Avenue Henri de Navarre,43.51263488,-1.43830705,Plein jour,En agglomération,Hors intersection,Pluie forte,Sans collision,3,2,2,0,1,1,2,0,1,50,1,1,0,0,0,1,28.0,,voiture,,1,2,1,3,7
202300031238,2023-01-19 17:19:00,2023,1,19,17,19,63,63113,COCHET (RUE GENERAL),45.7806,3.10993,Plein jour,En agglomération,Hors intersection,Normale,Deux véhicules - côté,4,2,2,0,1,1,1,0,1,50,2,2,1,0,0,1,25.0,43.0,voiture,deux_roues,1,2,1,1,3
202300031239,2023-01-16 17:30:00,2023,1,16,17,30,62,62215,D919,50.50728,2.96206,Nuit sans éclairage public,Hors agglomération,Autre intersection,Pluie légère,Trois véhicules et plus - collisions multiples,3,2,2,0,1,1,2,0,1,50,3,3,1,0,0,2,23.0,60.0,voiture,voiture,3,1,9,2,5
202300031240,2023-01-20 01:37:00,2023,1,20,1,37,59,59350,NATIONALE RUE N°RESTE PAIRS,50.63233,3.051501,Nuit avec éclairage allumé,En agglomération,Hors intersection,Brouillard / fumée,Deux véhicules - côté,4,2,2,1,1,1,2,0,1,30,2,3,2,0,0,1,20.0,25.0,voiture,voiture,5,2,1,5,3
202300031241,2023-01-18 18:00:00,2023,1,18,18,0,59,59346,LEZENNES BOULEVARD DE,50.61761,3.11646,Plein jour,En agglomération,Hors intersection,Normale,Deux véhicules - arrière,7,2,2,3,1,1,1,2,1,50,2,2,1,0,0,1,43.0,44.0,voiture,voiture,1,2,1,1,2
202300031242,2023-01-20 16:30:00,2023,1,20,16,30,57,57227,SAINTE CROIX (RUE ),49.18539211,6.90716028,Plein jour,En agglomération,Intersection en T,Pluie légère,Deux véhicules - frontale,4,1,1,0,2,1,2,0,1,50,2,2,1,0,0,1,33.0,84.0,voiture,voiture,1,2,3,2,1
202300031242,2023-01-20 16:30:00,2023,1,20,16,30,57,57227,SAINTE CROIX (RUE ),49.18539211,6.90716028,Plein jour,En agglomération,Intersection en T,Pluie légère,Deux véhicules - frontale,4,2,2,0,1,1,2,5,1,50,2,2,1,0,0,1,33.0,84.0,voiture,voiture,1,2,3,2,1
202300031243,2023-01-20 23:55:00,2023,1,20,23,55,56,56260,Rue Pierre Servel,47.64634,-2.7632,Nuit avec éclairage allumé,En agglomération,Hors intersection,Normale,Autre collision,4,2,2,0,2,1,1,0,1,30,1,3,0,0,0,3,24.0,,voiture,,5,2,1,1,6
202300031244,2023-01-20 19:10:00,2023,1,20,19,10,56,56260,Boulevard Général Maurice Guillaudot,47.6669,-2.74588,Nuit avec éclairage allumé,En agglomération,Intersection en T,Normale,Deux véhicules - côté,4,1,1,0,1,1,1,1,5,50,2,2,1,0,0,1,43.0,20.0,voiture,deux_roues,5,2,3,1,3
202300031244,2023-01-20 19:10:00,2023,1,20,19,10,56,56260,Boulevard Général Maurice Guillaudot,47.6669,-2.74588,Nuit avec éclairage allumé,En agglomération,Intersection en T,Normale,Deux véhicules - côté,4,3,2,1,2,1,1,0,5,50,2,2,1,0,0,1,43.0,20.0,voiture,deux_roues,5,2,3,1,3
202300031245,2023-01-18 08:10:00,2023,1,18,8,10,52,52448,SARRAIL (AVENUE DU GENERAL),48.64141,4.94946,Crépuscule ou aube,En agglomération,Hors intersection,Normale,Autre collision,4,2,2,0,4,1,1,0,1,50,1,2,1,0,1,0,31.0,,voiture,,2,2,1,1,6
202300031246,2023-01-20 17:50:00,2023,1,20,17,50,51,51058,Avenue Alcide de Gasperi,49.21832,3.99835,Nuit avec éclairage allumé,En agglomération,Hors intersection,Normale,Autre collision,4,2,2,0,1,1,2,0,1,50,1,2,1,0,0,1,22.0,,voiture,,5,2,1,1,6
202300031247,2023-01-19 12:45:00,2023,1,19,12,45,51,51454,avenue du Maréchal Juin,49.22591,4.01662,Plein jour,En agglomération,Intersection en T,Normale,Deux véhicules - côté,4,1,1,0,1,1,1,0,4,50,2,2,1,0,0,1,29.0,28.0,voiture,deux_roues,1,2,3,1,3
202300031247,2023-01-19 12:45:00,2023,1,19,12,45,51,51454,avenue du Maréchal Juin,49.22591,4.01662,Plein jour,En agglomération,Intersection en T,Normale,Deux véhicules - côté,4,2,2,0,2,1,1,0,4,50,2,2,1,0,0,1,29.0,28.0,voiture,deux_roues,1,2,3,1,3
202300031248,2023-01-19 17:48:00,2023,1,19,17,48,49,49278,D312,47.44425,-0.55167,Crépuscule ou aube,En agglomération,Hors intersection,Pluie légère,Deux véhicules - côté,3,3,2,0,1,1,2,0,1,30,2,3,2,0,0,1,57.0,39.0,voiture,voiture,2,2,1,2,3
202300031249,2023-01-19 11:45:00,2023,1,19,11,45,49,49007,SAUMUROISE IMPASSE ET RUE,47.45909,-0.53552,Plein jour,En agglomération,Hors intersection,Normale,Autre collision,4,2,2,0,1,1,2,0,1,50,1,2,1,0,1,0,52.0,,transport_commun,,1,2,1,1,6
202300031250,2023-01-19 09:00:00,2023,1,19,9,0,49,49007,Rue Victor Hugo,47.478,-0.5335,Plein jour,En agglomération,Intersection en X,Temps couvert,Deux véhicules - côté,4,2,2,0,1,1,2,0,1,30,2,2,1,0,0,1,67.0,39.0,voiture,voiture,1,2,2,8,3
202300031250,2023-01-19 09:00:00,2023,1,19,9,0,49,49007,Rue Victor Hugo,47.478,-0.5335,Plein jour,En agglomération,Intersection en X,Temps couvert,Deux véhicules - côté,4,2,2,0,1,1,2,0,1,30,2,2,1,0,0,1,67.0,39.0,voiture,voiture,1,2,2,8,3
202300031251,2023-01-19 08:49:00,2023,1,19,8,49,49,49246,EUROPE AVENUE,47.44384,-0.52716,Plein jour,En agglomération,Hors intersection,Normale,Trois véhicules et plus - en chaîne,4,2,4,0,1,1,7,0,1,50,4,4,3,0,0,1,25.0,51.0,voiture,voiture,1,2,1,1,4
202300031252,2023-01-20 11:00:00,2023,1,20,11,0,45,45208,29bis Rue du Faubourg d’Orléans,47.99525,2.72682,Plein jour,En agglomération,Hors intersection,Normale,Deux véhicules - arrière,4,1,1,0,1,1,1,0,1,50,2,2,1,0,0,1,45.0,19.0,utilitaire_camion,deux_roues,1,2,1,1,2
202300031253,2023-01-20 08:10:00,2023,1,20,8,10,37,37122,DOUZILLIERE (RUE DE LA),47.33814,0.65332,Crépuscule ou aube,En agglomération,Intersection en T,Temps couvert,Autre collision,4,2,2,0,1,1,2,0,1,50,1,2,1,0,0,1,60.0,,utilitaire_camion,,2,2,3,8,6
202300031253,2023-01-20 08:10:00,2023,1,20,8,10,37,37122,DOUZILLIERE (RUE DE LA),47.33814,0.65332,Crépuscule ou aube,En agglomération,Intersection en T,Temps couvert,Autre collision,4,2,2,0,1,1,2,0,1,50,1,2,1,0,0,1,60.0,,utilitaire_camion,,2,2,3,8,6
202300031254,2023-01-20 23:15:00,2023,1,20,23,15,35,35238,ROHAN (RUE DE),48.11123037,-1.6802457,Nuit avec éclairage allumé,En agglomération,Hors intersection,Normale,Deux véhicules - côté,4,1,1,3,1,1,1,0,1,30,2,2,1,0,0,1,27.0,33.0,deux_roues,voiture,5,2,1,1,3
202300031255,2023-01-20 17:30:00,2023,1,20,17,30,35,35238,ILLE ET RANCE (QUAI D'),48.11136349,-1.68680236,Crépuscule ou aube,En agglomération,Hors intersection,Normale,Autre collision,4,1,1,3,1,1,1,0,1,50,1,2,1,0,0,1,23.0,,utilitaire_camion,,2,2,1,1,6
202300031256,2023-01-20 09:20:00,2023,1,20,9,20,35,35281,AURIOL (JACQUELINE),48.07538,-1.73635,Plein jour,En agglomération,Hors intersection,Normale,Deux véhicules - côté,4,2,2,0,1,2,7,0,1,50,2,2,1,0,0,1,48.0,43.0,utilitaire_camion,voiture,1,2,1,1,3
202300031257,2023-01-20 12:20:00,2023,1,20,12,20,34,34172,587 Avenue de la Justice de Castelnau,43.62634,3.87665,Plein jour,En agglomération,Hors intersection,Normale,Deux véhicules - côté,4,2,4,3,1,1,1,0,1,50,2,2,1,0,1,0,46.0,36.0,voiture,deux_roues,1,2,1,1,3
202300031258,2023-01-20 11:20:00,2023,1,20,11,20,31,31555,AV HONORE SERRES,43.61546,1.43739,Plein jour,En agglomération,Hors intersection,Temps couvert,Deux véhicules - arrière,7,2,2,1,1,1,1,0,1,50,2,2,1,0,1,0,65.0,63.0,voiture,deux_roues,1,2,1,8,2
202300031259,2023-01-19 15:35:00,2023,1,19,15,35,31,31555,VA007306 A64,43.55786,1.41301,Plein jour,En agglomération,Hors intersection,Pluie forte,Deux véhicules - côté,1,1,0,0,1,1,2,0,1,90,2,2,1,0,1,0,40.0,59.0,utilitaire_camion,voiture,1,2,1,3,3
202300031260,2023-01-20 05:16:00,2023,1,20,5,16,29,29232,D365 - Avenue du Morbihan,47.97798,-4.02274,Nuit sans éclairage public,Hors agglomération,Hors intersection,Normale,Sans collision,3,3,4,0,1,1,1,0,3,110,1,1,0,0,0,1,19.0,,voiture,,3,1,1,1,7
202300031261,2023-01-20 12:20:00,2023,1,20,12,20,25,25056,rue thomas edison,47.232308,5.972349,Plein jour,En agglomération,Hors intersection,Normale,Trois véhicules et plus - en chaîne,4,2,2,0,1,1,1,0,1,50,3,3,2,0,0,1,36.0,42.0,voiture,voiture,1,2,1,1,4
202300031262,2023-01-20 11:00:00,2023,1,20,11,0,25,25056,,47.222449,5.974356,Plein jour,En agglomération,Hors intersection,Normale,Autre collision,4,2,2,0,1,1,1,6,1,20,1,2,1,0,0,1,34.0,,voiture,,1,2,1,1,6
202300031263,2023-01-20 03:50:00,2023,1,20,3,50,19,19031,DE JOUVENEL (BOULEVARD HENRI),45.15800259,1.52361274,Nuit sans éclairage public,En agglomération,Hors intersection,Autre,Deux véhicules - arrière,4,2,2,0,1,1,9,0,1,50,2,2,1,0,0,1,42.0,47.0,deux_roues,voiture,3,2,1,9,2
202300031264,2023-01-20 15:00:00,2023,1,20,15,0,17,17415,GAUTIER RUE,45.740432,-0.621053,Plein jour,En agglomération,Hors intersection,Normale,Deux véhicules - arrière,4,2,2,0,1,1,2,0,1,50,2,2,1,0,0,1,36.0,70.0,voiture,voiture,1,2,1,1,2
202300031265,2023-01-20 17:20:00,2023,1,20,17,20,17,17306,LAMY (BD FRANCK),45.627951,-1.016089,Plein jour,En agglomération,Intersection en T,Normale,Deux véhicules - côté,4,2,2,0,1,1,1,0,1,50,2,2,1,0,0,1,82.0,69.0,voiture,deux_roues,1,2,3,1,3
202300031265,2023-01-20 17:20:00,2023,1,20,17,20,17,17306,LAMY (BD FRANCK),45.627951,-1.016089,Plein jour,En agglomération,Intersection en T,Normale,Deux véhicules - côté,4,2,2,-1,1,1,1,5,1,50,2,2,1,0,0,1,82.0,69.0,voiture,deux_roues,1,2,3,1,3
202300031266,2023-01-20 11:05:00,2023,1,20,11,5,17,17306,EUROPE (COURS DE L'),45.624847,-1.022877,Plein jour,En agglomération,Hors intersection,Normale,Autre collision,4,2,2,0,1,1,2,0,1,30,1,2,1,0,0,1,76.0,,voiture,,1,2,1,1,6
202300031267,2023-01-20 03:13:00,2023,1,20,3,13,17,17300,N137,46.16053,-1.12141,Nuit sans éclairage public,Hors agglomération,Hors intersection,Temps couvert,Sans collision,2,3,4,0,1,1,7,0,1,90,1,2,1,0,0,1,21.0,,voiture,,3,1,1,8,7
202300031268,2023-01-20 18:00:00,2023,1,20,18,0,13,13102,MARECHAL JUIN (AV ),43.421,5.229,Nuit sans éclairage public,En agglomération,Intersection en Y,Normale,Deux véhicules - frontale,3,1,1,0,1,2,1,0,1,50,2,2,1,0,0,1,75.0,33.0,voiture,voiture,3,2,4,1,1
202300031268,2023-01-20 18:00:00,2023,1,20,18,0,13,13102,MARECHAL JUIN (AV ),43.421,5.229,Nuit sans éclairage public,En agglomération,Intersection en Y,Normale,Deux véhicules - frontale,3,1,1,0,1,2,1,0,1,30,2,2,1,0,0,1,75.0,33.0,voiture,voiture,3,2,4,1,1
202300031269,2023-01-20 16:40:00,2023,1,20,16,40,13,13213,ALPHONSE DAUDET (RUE),43.3206,5.40995,Crépuscule ou aube,En agglomération,Hors intersection,Normale,Deux véhicules - frontale,4,2,2,0,1,1,1,0,1,50,2,2,1,0,0,1,36.0,22.0,voiture,deux_roues,2,2,1,1,1
202300031270,2023-01-20 11:50:00,2023,1,20,11,50,13,13201,ADOLPHE THIERS (RUE),43.29667,5.38545,Plein jour,En agglomération,Intersection en T,Normale,Deux véhicules - côté,4,1,2,1,2,1,1,0,1,50,2,2,1,0,0,1,30.0,20.0,utilitaire_camion,deux_roues,1,2,3,1,3
202300031270,2023-01-20 11:50:00,2023,1,20,11,50,13,13201,ADOLPHE THIERS (RUE),43.29667,5.38545,Plein jour,En agglomération,Intersection en T,Normale,Deux véhicules - côté,4,1,1,0,2,1,1,0,8,50,2,2,1,0,0,1,30.0,20.0,utilitaire_camion,deux_roues,1,2,3,1,3
202300031271,2023-01-20 08:00:00,2023,1,20,8,0,13,13210,RABATAU (BOULEVARD),43.28247897,5.39952155,Plein jour,En agglomération,Hors intersection,Normale,Deux véhicules - côté,4,2,4,0,1,2,1,0,1,50,2,2,1,0,0,1,36.0,27.0,voiture,deux_roues,1,2,1,1,3
202300031272,2023-01-20 00:45:00,2023,1,20,0,45,13,13214,JEAN QUEILLAU (RUE),43.33486,5.38538,Nuit avec éclairage allumé,Hors agglomération,Autre intersection,Normale,Deux véhicules - frontale,4,2,3,0,2,3,1,0,1,70,2,2,1,0,0,1,30.0,39.0,voiture,utilitaire_camion,5,1,9,1,1
202300031273,2023-01-20 20:20:00,2023,1,20,20,20,13,13005,CHARREL (CHEMIN DU),43.28278,5.54927,Nuit avec éclairage allumé,En agglomération,Hors intersection,Normale,Deux véhicules - frontale,4,2,2,0,3,1,1,0,1,50,2,2,1,0,0,1,,21.0,voiture,voiture,5,2,1,1,1
202300031274,2023-01-20 14:06:00,2023,1,20,14,6,10,10387,Avenue Edouard Herriot,48.27586487,4.07811105,Plein jour,En agglomération,Hors intersection,Normale,Autre collision,4,2,2,1,1,1,1,0,1,50,1,2,1,0,0,1,,,voiture,,1,2,1,1,6
202300031275,2023-01-20 07:48:00,2023,1,20,7,48,10,10387,BLANQUI (RUE),48.30724,4.05486,Nuit avec éclairage allumé,En agglomération,Hors intersection,Temps couvert,Autre collision,4,1,2,1,1,1,2,0,5,50,1,2,0,0,0,2,31.0,,deux_roues,,5,2,1,8,6
202300031276,2023-01-18 12:00:00,2023,1,18,12,0,10,10387,CHARLES DELAUNAY (RUE),48.30282,4.06805,Plein jour,En agglomération,Intersection en X,Normale,Autre collision,4,2,2,0,1,1,1,0,1,50,1,2,1,0,1,0,56.0,,voiture,,1,2,2,1,6
202300031276,2023-01-18 12:00:00,2023,1,18,12,0,10,10387,CHARLES DELAUNAY (RUE),48.30282,4.06805,Plein jour,En agglomération,Intersection en X,Normale,Autre collision,4,2,2,0,1,1,1,0,1,50,1,2,1,0,1,0,56.0,,voiture,,1,2,2,1,6
202300031277,2023-01-20 15:10:00,2023,1,20,15,10,06,06029,CHEVALIER (AVENUE MAURICE),43.560151,6.962681,Plein jour,En agglomération,Hors intersection,Normale,Autre collision,4,2,2,0,1,2,1,0,1,50,1,2,1,0,0,1,58.0,,voiture,,1,2,1,1,6