accident_id,datetime,annee,mois,jour,heure,minute,departement,commune_insee,adresse,latitude,longitude,luminosite,agglomeration,intersection,meteo,collision,catr,circ,nbv,vosp,prof,plan,surf,infra,situ,vma,nb_vehicules,nb_usagers,nb_indemnes,nb_tues,nb_blesses_hosp,nb_blesses_legers,age_cond_1,age_cond_2,veh_type_cond_1,veh_type_cond_2,lum_code,agg_code,int_code,atm_code,col_code
202300031278,2023-01-18 19:15:00,2023,1,18,19,15,06,06027,PLAGE BOULEVARD DE LA,43.652,7.1535,Nuit avec éclairage allumé,En agglomération,Hors intersection,Normale,Deux véhicules - arrière,7,3,4,0,1,1,1,0,1,50,2,4,0,0,0,4,37.0,60.0,voiture,voiture,5,2,1,1,2
202300031279,2023-01-20 14:30:00,2023,1,20,14,30,75,75113,PORTE D ITALIE,48.816215,2.358558,Plein jour,En agglomération,Hors intersection,Normale,Trois véhicules et plus - collisions multiples,4,1,2,0,1,2,1,0,1,70,3,3,2,0,0,1,40.0,62.0,voiture,utilitaire_camion,1,2,1,1,5
202300031280,2023-01-20 09:55:00,2023,1,20,9,55,75,75116,PORTE DE SAINT CLOUD,48.83698,2.255462,Crépuscule ou aube,En agglomération,Hors intersection,Normale,Trois véhicules et plus - collisions multiples,4,1,4,0,1,1,1,0,1,70,3,3,2,0,0,1,63.0,35.0,voiture,utilitaire_camion,2,2,1,1,5
202300031281,2023-01-20 08:19:00,2023,1,20,8,19,75,75114,AVENUE DU MAINE,48.838513,2.322607,Plein jour,En agglomération,Intersection en T,Normale,Deux véhicules - côté,4,2,4,2,1,1,1,0,1,30,2,2,1,0,1,0,26.0,32.0,utilitaire_camion,deux_roues,1,2,3,1,3
202300031281,2023-01-20 08:19:00,2023,1,20,8,19,75,75114,AVENUE DU MAINE,48.838513,2.322607,Plein jour,En agglomération,Intersection en T,Normale,Deux véhicules - côté,4,1, -1,-1,1,1,1,0,1,-1,2,2,1,0,1,0,26.0,32.0,utilitaire_camion,deux_roues,1,2,3,1,3
202300031282,2023-01-20 18:00:00,2023,1,20,18,0,75,75119,AVENUE JEAN JAURES,48.88595,2.382147,Nuit avec éclairage allumé,En agglomération,Intersection en X,Normale,Autre collision,4,3,4,0,1,1,1,0,1,30,1,2,1,0,0,1,33.0,,voiture,,5,2,2,1,6
202300031282,2023-01-20 18:00:00,2023,1,20,18,0,75,75119,AVENUE JEAN JAURES,48.88595,2.382147,Nuit avec éclairage allumé,En agglomération,Intersection en X,Normale,Autre collision,4,1, -1,-1,1,1,1,0,1,-1,1,2,1,0,0,1,33.0,,voiture,,5,2,2,1,6
202300031283,2023-01-20 09:10:00,2023,1,20,9,10,75,75116,AVENUE KLEBER,48.86581813,2.28927344,Plein jour,En agglomération,Hors intersection,Normale,Sans collision,4,2,2,0,1,1,1,0,1,30,1,1,0,0,0,1,32.0,,deux_roues,,1,2,1,1,7
202300031284,2023-01-20 20:10:00,2023,1,20,20,10,75,75113,RUE DE TOLBIAC,48.825765,2.346586,Nuit avec éclairage allumé,En agglomération,Intersection en X,Normale,Autre collision,4,1, -1,-1,1,1,1,0,1,-1,1,2,1,0,0,1,45.0,,transport_commun,,5,2,2,1,6
202300031284,2023-01-20 20:10:00,2023,1,20,20,10,75,75113,RUE DE TOLBIAC,48.825765,2.346586,Nuit avec éclairage allumé,En agglomération,Intersection en X,Normale,Autre collision,4,2,4,3,1,1,1,0,1,50,1,2,1,0,0,1,45.0,,transport_commun,,5,2,2,1,6
202300031285,2023-01-20 19:17:00,2023,1,20,19,17,75,75113,QUAI D AUSTERLITZ,48.841915,2.367862,Nuit avec éclairage allumé,En agglomération,Intersection en X,Normale,Deux véhicules - côté,4,1,4,1,1,1,1,0,1,30,2,2,1,0,0,1,37.0,59.0,voiture,deux_roues,5,2,2,1,3
202300031285,2023-01-20 19:17:00,2023,1,20,19,17,75,75113,QUAI D AUSTERLITZ,48.841915,2.367862,Nuit avec éclairage allumé,En agglomération,Intersection en X,Normale,Deux véhicules - côté,4,1,4,1,1,1,1,0,1,30,2,2,1,0,0,1,37.0,59.0,voiture,deux_roues,5,2,2,1,3
202300031286,2023-01-20 19:50:00,2023,1,20,19,50,75,75112,RUE CROZATIER,48.847488,2.381201,Nuit avec éclairage allumé,En agglomération,Hors intersection,Normale,Autre collision,4,2,2,0,1,1,2,0,4,30,2,3,2,0,0,1,38.0,21.0,voiture,voiture,5,2,1,1,6
202300031287,2023-01-20 13:10:00,2023,1,20,13,10,75,75112,RUE CROZATIER,48.849691,2.379482,Plein jour,En agglomération,Intersection en T,Normale,Deux véhicules - frontale,4,2, -1,-1,1,1,1,0,1,-1,2,2,1,0,0,1,39.0,36.0,voiture,deux_roues,1,2,3,1,1
202300031287,2023-01-20 13:10:00,2023,1,20,13,10,75,75112,RUE CROZATIER,48.849691,2.379482,Plein jour,En agglomération,Intersection en T,Normale,Deux véhicules - frontale,4,2,2,0,1,1,1,0,1,30,2,2,1,0,0,1,39.0,36.0,voiture,deux_roues,1,2,3,1,1
202300031288,2023-01-20 16:40:00,2023,1,20,16,40,75,75107,RUE DE SEVRES,48.849071,2.321686,Plein jour,En agglomération,Hors intersection,Temps couvert,Deux véhicules - arrière,4,-1,3,0,1,1,2,0,1,30,2,2,1,0,0,1,23.0,40.0,deux_roues,deux_roues,1,2,1,8,2
202300031289,2023-01-19 13:40:00,2023,1,19,13,40,75,75103,RUE DE TURENNE,48.857451,2.364449,Plein jour,En agglomération,Intersection en T,Temps couvert,Autre collision,4,1,1,0,1,1,1,0,1,30,1,2,1,0,0,1,61.0,,deux_roues,,1,2,3,8,6
202300031289,2023-01-19 13:40:00,2023,1,19,13,40,75,75103,RUE DE TURENNE,48.857451,2.364449,Plein jour,En agglomération,Intersection en T,Temps couvert,Autre collision,4,2,2,0,1,1,1,0,1,30,1,2,1,0,0,1,61.0,,deux_roues,,1,2,3,8,6
202300031290,2023-01-20 07:16:00,2023,1,20,7,16,94,94068,pont du petit parc,48.81345,2.48006,Nuit avec éclairage allumé,En agglomération,Hors intersection,Pluie légère,Deux véhicules - frontale,3,2,2,0,1,1,2,2,1,50,2,2,0,0,1,1,34.0,28.0,deux_roues,deux_roues,5,2,1,2,1
202300031291,2023-01-19 18:15:00,2023,1,19,18,15,94,94068,GUYNEMER (AV),48.78892,2.48591,Nuit avec éclairage allumé,En agglomération,Hors intersection,Pluie légère,Autre collision,4,2,2,0,1,1,2,0,1,30,1,1,0,0,0,1,21.0,,voiture,,5,2,1,2,6
202300031292,2023-01-19 12:40:00,2023,1,19,12,40,94,94068,LEON BOCQUET (R),48.800594,2.484171,Plein jour,En agglomération,Hors intersection,Normale,Deux véhicules - côté,4,1,1,0,1,1,1,0,1,30,2,2,1,0,0,1,23.0,36.0,deux_roues,utilitaire_camion,1,2,1,1,3
202300031293,2023-01-19 20:30:00,2023,1,19,20,30,94,94052,boulevard de strasbourg,48.845809,2.490079,Nuit avec éclairage allumé,En agglomération,Hors intersection,Pluie légère,Deux véhicules - côté,3,2,2,1,2,1,2,2,1,50,2,3,2,0,0,1,50.0,49.0,deux_roues,voiture,5,2,1,2,3
202300031294,2023-01-20 07:50:00,2023,1,20,7,50,94,94038,Rue Gabriel Péri / Rue Dispan,48.78018,2.33915,Nuit avec éclairage allumé,En agglomération,Intersection en T,Normale,Autre collision,3,2,2,0,1,1,1,0,1,30,1,2,1,0,0,1,34.0,,voiture,,5,2,3,1,6
202300031294,2023-01-20 07:50:00,2023,1,20,7,50,94,94038,Rue Gabriel Péri / Rue Dispan,48.78018,2.33915,Nuit avec éclairage allumé,En agglomération,Intersection en T,Normale,Autre collision,3,2,2,3,1,1,1,0,1,30,1,2,1,0,0,1,34.0,,voiture,,5,2,3,1,6
202300031295,2023-01-18 09:54:00,2023,1,18,9,54,93,93030,Rue Paul Langevin / Rue Maurice Henniaux,48.95206,2.41517,Plein jour,En agglomération,Intersection en T,Normale,Autre collision,4,2,1,0,1,1,1,0,1,50,1,2,1,0,1,0,45.0,,voiture,,1,2,3,1,6
202300031295,2023-01-18 09:54:00,2023,1,18,9,54,93,93030,Rue Paul Langevin / Rue Maurice Henniaux,48.95206,2.41517,Plein jour,En agglomération,Intersection en T,Normale,Autre collision,4,2,2,0,1,1,1,0,1,50,1,2,1,0,1,0,45.0,,voiture,,1,2,3,1,6
202300031296,2023-01-11 00:30:00,2023,1,11,0,30,92,92073,PONT DE SURESNES,48.86688677,2.22944409,Nuit avec éclairage allumé,En agglomération,Hors intersection,Pluie légère,Deux véhicules - arrière,3,3,0,0,1,1,2,0,8,50,2,2,0,0,0,2,58.0,60.0,voiture,utilitaire_camion,5,2,1,2,2
202300031297,2023-01-19 23:20:00,2023,1,19,23,20,92,92064,DAILLY,48.8448,2.2175,Nuit avec éclairage allumé,En agglomération,Hors intersection,Pluie légère,Autre collision,3,2,3,0,2,1,2,0,1,30,1,2,1,0,1,0,,,voiture,,5,2,1,2,6
202300031298,2023-01-20 16:20:00,2023,1,20,16,20,92,92051,"VICTOR HUGO (BOULEVARD, N° 51 A 75 ET 62",48.89132927,2.27518246,Plein jour,En agglomération,Autre intersection,Temps couvert,Deux véhicules - arrière,4,-1,2,0,1,1,1,0,1,50,2,2,1,0,0,1,23.0,23.0,deux_roues,voiture,1,2,9,8,2
202300031299,2023-01-20 12:20:00,2023,1,20,12,20,92,92051,"BINEAU (BOULEVARD, N°133 A 217 ET 134 A",48.89355082,2.26774657,Plein jour,En agglomération,Giratoire,Normale,Deux véhicules - côté,3,1,1,0,1,1,1,0,8,50,2,2,1,0,0,1,35.0,48.0,voiture,deux_roues,1,2,6,1,3
202300031299,2023-01-20 12:20:00,2023,1,20,12,20,92,92051,"BINEAU (BOULEVARD, N°133 A 217 ET 134 A",48.89355082,2.26774657,Plein jour,En agglomération,Giratoire,Normale,Deux véhicules - côté,3,1,3,0,1,1,1,0,8,50,2,2,1,0,0,1,35.0,48.0,voiture,deux_roues,1,2,6,1,3
202300031300,2023-01-20 21:00:00,2023,1,20,21,0,92,92020,PARIS AVENUE DE N°84 A FIN,48.806738,2.293453,Nuit avec éclairage allumé,En agglomération,Hors intersection,Pluie légère,Autre collision,4,2,1,3,1,1,2,0,6,50,1,2,1,0,0,1,,,autre,,5,2,1,2,6
202300031301,2023-01-19 18:40:00,2023,1,19,18,40,92,92049,BROSSOLETTE AVENUE PIERRE,48.81683,2.306747,Nuit avec éclairage allumé,En agglomération,Hors intersection,Pluie légère,Deux véhicules - côté,3,1,1,1,1,1,2,0,1,50,2,2,1,0,0,1,28.0,51.0,utilitaire_camion,deux_roues,5,2,1,2,3
202300031302,2023-01-20 00:10:00,2023,1,20,0,10,92,92035,Souvenir Français ( rond point du ),48.90661,2.24808,Nuit avec éclairage allumé,En agglomération,Giratoire,Pluie légère,Autre collision,4,1,2,0,1,3,2,0,1,50,1,2,1,0,1,0,36.0,,voiture,,5,2,6,2,6
202300031303,2023-01-20 19:46:00,2023,1,20,19,46,92,92025,BOURNARD (RUE DU),48.923039,2.254626,Nuit avec éclairage allumé,En agglomération,Hors intersection,Normale,Deux véhicules - côté,3,-1,4,1,2,2,1,0,1,30,2,2,1,0,0,1,30.0,43.0,deux_roues,voiture,5,2,1,1,3
202300031304,2023-01-20 20:47:00,2023,1,20,20,47,92,92012,EDOUARD VAILLANT (AVENUE) - DEBUT/55 - C,48.83396,2.24482,Nuit avec éclairage allumé,En agglomération,Autre intersection,Normale,Autre collision,3,3,4,0,1,1,1,1,1,50,1,2,1,0,1,0,28.0,,voiture,,5,2,9,1,6
202300031305,2023-01-18 14:55:00,2023,1,18,14,55,92,92012,REPUBLIQUE (BOULEVARD DE LA) 5/77BIS - 6,48.83202,2.25309,Plein jour,En agglomération,Intersection en X,Normale,Deux véhicules - côté,3,2,5,0,1,1,1,0,1,50,2,2,1,0,0,1,32.0,56.0,deux_roues,voiture,1,2,2,1,3
202300031305,2023-01-18 14:55:00,2023,1,18,14,55,92,92012,REPUBLIQUE (BOULEVARD DE LA) 5/77BIS - 6,48.83202,2.25309,Plein jour,En agglomération,Intersection en X,Normale,Deux véhicules - côté,3,2,5,0,1,1,1,0,1,50,2,2,1,0,0,1,32.0,56.0,deux_roues,voiture,1,2,2,1,3
202300031306,2023-01-07 23:45:00,2023,1,7,23,45,83,83062,A570,43.143947,6.032381,Nuit sans éclairage public,Hors agglomération,Hors intersection,Normale,Trois véhicules et plus - en chaîne,1,3,3,0,1,1,1,0,1,110,3,4,2,0,0,2,20.0,37.0,voiture,voiture,3,1,1,1,4
202300031307,2023-01-11 16:55:00,2023,1,11,16,55,69,69382,Route de Métropole 7,45.74457,4.82731,Plein jour,Hors agglomération,Hors intersection,Normale,Deux véhicules - côté,7,3,6,0,1,1,2,0,1,70,2,2,1,0,0,1,,52.0,autre,deux_roues,1,1,1,1,3
202300031308,2023-01-20 19:15:00,2023,1,20,19,15,33,33397,AUTOROUTE A 10,44.910844,-0.486943,Nuit sans éclairage public,Hors agglomération,Hors intersection,Normale,Trois véhicules et plus - collisions multiples,1,3,6,0,3,3,1,3,1,110,4,5,3,0,0,2,40.0,33.0,voiture,voiture,3,1,1,1,5
202300031309,2023-01-20 18:40:00,2023,1,20,18,40,33,33249,ROUTE NATIONALE 230,44.88532,-0.51021,Nuit sans éclairage public,Hors agglomération,Hors intersection,Normale,Deux véhicules - arrière,2,1,2,0,2,1,1,3,1,50,2,2,1,0,0,1,46.0,27.0,utilitaire_camion,voiture,3,1,1,1,2
202300031310,2023-01-20 06:25:00,2023,1,20,6,25,33,33162,ROCADE A 630,44.86722903,-0.64899534,Nuit sans éclairage public,Hors agglomération,Hors intersection,Pluie légère,Sans collision,1,3,6,0,1,1,2,0,1,90,1,1,0,0,0,1,33.0,,deux_roues,,3,1,1,2,7
202300031311,2023-01-18 11:50:00,2023,1,18,11,50,93,93007,AUTOROUTE A3,48.92833137,2.48120159,Plein jour,Hors agglomération,Hors intersection,Normale,Deux véhicules - côté,1,3,3,0,1,1,1,0,1,90,2,2,1,0,0,1,32.0,55.0,voiture,deux_roues,1,1,1,1,3
202300031312,2023-07-30 01:30:00,2023,7,30,1,30,75,75110,RUE DE LA GRANGE AUX BELLES,48.875327,2.36739,Nuit avec éclairage allumé,En agglomération,Hors intersection,Normale,Deux véhicules - côté,4,1,1,0,2,1,1,0,1,30,2,4,2,0,0,2,33.0,34.0,utilitaire_camion,deux_roues,5,2,1,1,3
202300031313,2023-07-30 15:27:00,2023,7,30,15,27,973,97302,FLAMBOYANTS (RUE DES),4.92497,-52.31717,Plein jour,En agglomération,Intersection en T,Normale,Deux véhicules - côté,4,2,2,0,1,1,1,0,1,50,2,3,0,0,1,2,34.0,38.0,voiture,voiture,1,2,3,1,3
202300031313,2023-07-30 15:27:00,2023,7,30,15,27,973,97302,FLAMBOYANTS (RUE DES),4.92497,-52.31717,Plein jour,En agglomération,Intersection en T,Normale,Deux véhicules - côté,4,2,2,0,1,1,1,0,1,50,2,3,0,0,1,2,34.0,38.0,voiture,voiture,1,2,3,1,3
202300031314,2023-01-19 08:10:00,2023,1,19,8,10,22,22278,ARMORIQUE (AV. D'),48.51549,-2.7932,Crépuscule ou aube,En agglomération,Hors intersection,Pluie légère,Autre collision,3,2,2,0,1,1,2,0,1,30,1,2,1,0,0,1,53.0,,voiture,,2,2,1,2,6
202300031315,2023-07-30 03:40:00,2023,7,30,3,40,973,97302,LIBERTE (AVENUE DE LA),4.93488722,-52.33346388,Nuit avec éclairage allumé,En agglomération,Hors intersection,Normale,Deux véhicules - côté,4,-1,2,0,1,1,1,0,8,50,2,3,1,0,0,2,22.0,,deux_roues,voiture,5,2,1,1,3
202300031316,2023-01-19 20:30:00,2023,1,19,20,30,27,27229,CITES UNIES (BOULEVARD DES),49.01654456,1.14386086,Nuit avec éclairage allumé,En agglomération,Hors intersection,Brouillard / fumée,Deux véhicules - frontale,4,2,4,1,2,2,2,0,1,50,2,4,3,0,0,1,55.0,21.0,voiture,voiture,5,2,1,5,1
202300031317,2023-07-30 00:35:00,2023,7,30,0,35,973,97302,GALMOT (ROND-POINT),4.9316,-52.32985,Nuit avec éclairage allumé,En agglomération,Hors intersection,Normale,Sans collision,2,1,2,0,1,3,1,0,1,50,1,1,0,0,0,1,24.0,,voiture,,5,2,1,1,7
202300031318,2023-01-18 14:00:00,2023,1,18,14,0,77,77186,D606,48.41245,2.69789,Plein jour,En agglomération,Intersection en X,Normale,Autre collision,3,2,2,0,1,1,1,5,1,50,1,2,1,0,0,1,75.0,,voiture,,1,2,2,1,6
202300031318,2023-01-18 14:00:00,2023,1,18,14,0,77,77186,D606,48.41245,2.69789,Plein jour,En agglomération,Intersection en X,Normale,Autre collision,3,2,3,0,1,1,1,5,1,50,1,2,1,0,0,1,75.0,,voiture,,1,2,2,1,6
202300031319,2023-07-29 18:50:00,2023,7,29,18,50,971,97113,SECTION COCOYER,16.24129,-61.49234,Nuit sans éclairage public,Hors agglomération,Hors intersection,Normale,Trois véhicules et plus - en chaîne,3,2,2,0,1,1,1,0,1,70,3,3,1,0,0,2,33.0,24.0,deux_roues,voiture,3,1,1,1,4
202300031320,2023-07-29 02:45:00,2023,7,29,2,45,971,97113,RN4 - SECTION RIVIERA,16.21191,-61.4748,Nuit avec éclairage allumé,En agglomération,Hors intersection,Normale,Autre collision,2,3,2,0,1,1,1,0,3,70,1,1,0,1,0,0,39.0,,deux_roues,,5,2,1,1,6
202300031321,2023-01-19 14:20:00,2023,1,19,14,20,976,97611,kaweni-Mangrove ( rue de la ),-12.77577,45.22725,Plein jour,En agglomération,Hors intersection,Normale,Deux véhicules - côté,2,2,2,0,1,1,1,0,1,50,2,2,0,0,1,1,51.0,32.0,deux_roues,deux_roues,1,2,1,1,3
202300031322,2023-07-31 01:55:00,2023,7,31,1,55,2A,2A004,KENNEDY AV PRESIDENT,41.931,8.737,Nuit avec éclairage allumé,En agglomération,Hors intersection,Normale,Autre collision,4,1,1,0,4,1,1,0,1,50,1,1,0,0,0,1,40.0,,voiture,,5,2,1,1,6
202300031323,2023-01-19 18:20:00,2023,1,19,18,20,69,69383,Cours Docteur Long,45.74933,4.884,Nuit avec éclairage allumé,En agglomération,Intersection en X,Normale,Deux véhicules - côté,4,1,1,2,1,1,1,0,1,30,2,2,1,0,0,1,26.0,32.0,utilitaire_camion,deux_roues,5,2,2,1,3
202300031323,2023-01-19 18:20:00,2023,1,19,18,20,69,69383,Cours Docteur Long,45.74933,4.884,Nuit avec éclairage allumé,En agglomération,Intersection en X,Normale,Deux véhicules - côté,4,1,1,0,1,1,1,0,1,30,2,2,1,0,0,1,26.0,32.0,utilitaire_camion,deux_roues,5,2,2,1,3
202300031324,2023-07-30 07:45:00,2023,7,30,7,45,95,95500,FRANCOIS MITTERRAND (AVENUE),49.04392,2.08499,Plein jour,En agglomération,Intersection en T,Normale,Deux véhicules - côté,4,1,2,0,1,1,1,5,1,50,2,4,2,0,0,2,22.0,47.0,voiture,voiture,1,2,3,1,3
202300031324,2023-07-30 07:45:00,2023,7,30,7,45,95,95500,FRANCOIS MITTERRAND (AVENUE),49.04392,2.08499,Plein jour,En agglomération,Intersection en T,Normale,Deux véhicules - côté,4,3,2,0,1,1,1,5,1,50,2,4,2,0,0,2,22.0,47.0,voiture,voiture,1,2,3,1,3
202300031325,2023-01-19 03:47:00,2023,1,19,3,47,69,69387,103 Avenue Berthelot,45.74388,4.84604,Nuit avec éclairage non allumé,En agglomération,Hors intersection,Normale,Deux véhicules - arrière,4,1,2,1,1,1,1,0,1,50,2,2,1,1,0,0,23.0,21.0,voiture,deux_roues,4,2,1,1,2
202300031326,2023-01-13 07:45:00,2023,1,13,7,45,972,97213,BOIS D'INDE (CITE),14.6255652,-61.0107221,Plein jour,Hors agglomération,Hors intersection,Pluie légère,Sans collision,4,2,2,0,1,2,2,0,8,50,1,1,0,0,0,1,39.0,,deux_roues,,1,1,1,2,7
202300031327,2023-07-30 18:00:00,2023,7,30,18,0,91,91657,RUE DES ANEMONES,48.69843,2.42606,Plein jour,En agglomération,Giratoire,Normale,Deux véhicules - côté,4,1,1,0,1,2,1,0,1,50,2,2,1,0,1,0,65.0,65.0,voiture,deux_roues,1,2,6,1,3
202300031327,2023-07-30 18:00:00,2023,7,30,18,0,91,91657,RUE DES ANEMONES,48.69843,2.42606,Plein jour,En agglomération,Giratoire,Normale,Deux véhicules - côté,4,1,1,0,1,1,1,5,1,50,2,2,1,0,1,0,65.0,65.0,voiture,deux_roues,1,2,6,1,3
202300031328,2023-01-19 07:50:00,2023,1,19,7,50,972,97213,BOIS D'INDE (CITE),14.62888,-61.0152,Plein jour,En agglomération,Giratoire,Normale,Deux véhicules - côté,4,-1,1,0,1,2,1,0,1,30,2,2,1,0,1,0,35.0,37.0,voiture,deux_roues,1,2,6,1,3
202300031328,2023-01-19 07:50:00,2023,1,19,7,50,972,97213,BOIS D'INDE (CITE),14.62888,-61.0152,Plein jour,En agglomération,Giratoire,Normale,Deux véhicules - côté,4,1,1,0,1,2,1,5,1,30,2,2,1,0,1,0,35.0,37.0,voiture,deux_roues,1,2,6,1,3
202300031329,2023-07-30 16:45:00,2023,7,30,16,45,83,83062,DRAGUIGNAN (AVENUE DE),43.14577,6.03985,Plein jour,En agglomération,Autre intersection,Normale,Autre collision,3,3,2,0,1,1,1,9,4,50,1,2,0,0,2,0,14.0,,deux_roues,,1,2,9,1,6
202300031330,2023-01-19 15:19:00,2023,1,19,15,19,972,97209,RD 41 (ROCADE),14.61005,-61.0652,Plein jour,Hors agglomération,Hors intersection,Normale,Deux véhicules - côté,3,2,5,0,2,2,1,0,1,60,2,2,1,0,0,1,56.0,33.0,voiture,deux_roues,1,1,1,1,3
202300031331,2023-01-18 18:45:00,2023,1,18,18,45,69,69382,Quai Perrache,45.7383,4.82161,Crépuscule ou aube,En agglomération,Intersection en T,Temps couvert,Deux véhicules - côté,4,2,2,0,1,1,1,0,1,30,2,2,1,0,0,1,17.0,23.0,deux_roues,voiture,2,2,3,8,3
202300031331,2023-01-18 18:45:00,2023,1,18,18,45,69,69382,Quai Perrache,45.7383,4.82161,Crépuscule ou aube,En agglomération,Intersection en T,Temps couvert,Deux véhicules - côté,4,2,2,0,1,1,1,0,1,30,2,2,1,0,0,1,17.0,23.0,deux_roues,voiture,2,2,3,8,3
202300031332,2023-07-30 17:21:00,2023,7,30,17,21,77,77108,D934,48.868805,2.573847,Plein jour,En agglomération,Intersection en T,Normale,Deux véhicules - frontale,3,1,2,0,1,1,1,0,1,50,1,1,0,0,0,1,50.0,,deux_roues,,1,2,3,1,1
202300031332,2023-07-30 17:21:00,2023,7,30,17,21,77,77108,D934,48.868805,2.573847,Plein jour,En agglomération,Intersection en T,Normale,Deux véhicules - frontale,3,2,2,0,2,1,1,0,1,50,1,1,0,0,0,1,50.0,,deux_roues,,1,2,3,1,1
202300031333,2023-01-19 11:55:00,2023,1,19,11,55,971,97113,DENIS BORDELAIS,16.20763,-61.48248,Plein jour,Hors agglomération,Autre intersection,Normale,Autre collision,4,2,2,0,1,1,1,0,3,30,1,1,0,0,0,1,75.0,,voiture,,1,1,9,1,6
202300031334,2023-07-30 06:00:00,2023,7,30,6,0,77,77058,EUROPE (AVENUE DE L' ),48.834657,2.740087,Plein jour,Hors agglomération,Intersection en X,Normale,Deux véhicules - côté,4,2,4,0,1,1,1,0,1,50,2,3,1,0,0,2,22.0,50.0,voiture,utilitaire_camion,1,1,2,1,3
202300031334,2023-07-30 06:00:00,2023,7,30,6,0,77,77058,EUROPE (AVENUE DE L' ),48.834657,2.740087,Plein jour,Hors agglomération,Intersection en X,Normale,Deux véhicules - côté,4,2, -1,-1,1,1,1,0,1,-1,2,3,1,0,0,2,22.0,50.0,voiture,utilitaire_camion,1,1,2,1,3
202300031335,2023-01-19 08:55:00,2023,1,19,8,55,2A,2A004,ROUTE DU STILETTO,41.94664,8.7652,Plein jour,En agglomération,Hors intersection,Normale,Autre collision,3,2,2,0,2,1,1,0,1,50,1,2,1,0,0,1,65.0,,utilitaire_camion,,1,2,1,1,6
202300031336,2023-07-29 17:05:00,2023,7,29,17,5,76,76026,RD 100,49.86801,1.12468,Plein jour,Hors agglomération,Hors intersection,Normale,Autre collision,3,2,2,0,2,2,1,0,1,80,1,2,0,0,0,2,19.0,,voiture,,1,1,1,1,6
202300031337,2023-01-19 15:20:00,2023,1,19,15,20,95,95277,FERME SAINT SIMON (RUE DE LA),48.962912,2.452591,Plein jour,En agglomération,Hors intersection,Normale,Autre collision,4,1,1,0,1,1,1,0,1,30,1,1,0,0,0,1,37.0,,deux_roues,,1,2,1,1,6
202300031338,2023-07-30 16:56:00,2023,7,30,16,56,64,64024,ADOUR (AV DE L'),43.50593,-1.49634,Plein jour,En agglomération,Hors intersection,Normale,Deux véhicules - côté,4,2,2,0,1,1,1,0,1,50,2,3,1,0,1,1,25.0,52.0,voiture,deux_roues,1,2,1,1,3
202300031339,2023-01-18 11:20:00,2023,1,18,11,20,95,95203,JEANNE D'ARC (AVENUE),48.99112197,2.27862239,Plein jour,En agglomération,Place,Normale,Autre collision,4,1,1,0,1,2,1,9,8,30,1,2,1,0,1,0,92.0,,voiture,,1,2,7,1,6
202300031340,2023-01-18 09:06:00,2023,1,18,9,6,87,87085,FOUGERAS (RUE DE),45.86448,1.29177,Plein jour,En agglomération,Intersection en T,Autre,Sans collision,3,3,4,0,1,1,2,5,1,50,1,1,0,0,0,1,28.0,,deux_roues,,1,2,3,9,7
202300031340,2023-01-18 09:06:00,2023,1,18,9,6,87,87085,FOUGERAS (RUE DE),45.86448,1.29177,Plein jour,En agglomération,Intersection en T,Autre,Sans collision,3,2,2,0,1,1,2,5,1,50,1,1,0,0,0,1,28.0,,deux_roues,,1,2,3,9,7
202300031341,2023-07-30 02:45:00,2023,7,30,2,45,62,62617,D937,50.4756948,2.66575974,Nuit avec éclairage allumé,En agglomération,Intersection en X,Temps couvert,Deux véhicules - côté,3,2,2,0,1,1,1,0,1,50,2,4,1,0,1,2,19.0,24.0,voiture,voiture,5,2,2,8,3
202300031341,2023-07-30 02:45:00,2023,7,30,2,45,62,62617,D937,50.4756948,2.66575974,Nuit avec éclairage allumé,En agglomération,Intersection en X,Temps couvert,Deux véhicules - côté,3,2,0,0,1,1,1,0,1,50,2,4,1,0,1,2,19.0,24.0,voiture,voiture,5,2,2,8,3
202300031342,2023-01-19 13:40:00,2023,1,19,13,40,83,83137,PASSY (AVE FREDERIC),43.12018266,5.94723353,Plein jour,En agglomération,Hors intersection,Normale,Deux véhicules - côté,4,2,3,3,1,1,1,0,1,50,2,2,1,0,1,0,24.0,39.0,voiture,deux_roues,1,2,1,1,3
202300031343,2023-07-29 21:30:00,2023,7,29,21,30,56,56260,SAINTE-ANNE(RUE),47.66065,-2.77642,Plein jour,En agglomération,Autre intersection,Normale,Deux véhicules - côté,3,2,2,0,1,1,1,0,1,50,2,5,2,0,1,2,31.0,36.0,voiture,voiture,1,2,9,1,3
202300031344,2023-01-16 08:25:00,2023,1,16,8,25,80,80021,PARIS (RUE DE),49.88895,2.28999,Nuit avec éclairage allumé,En agglomération,Hors intersection,Pluie légère,Autre collision,4,2,3,0,1,1,2,0,1,50,1,2,1,0,0,1,39.0,,voiture,,5,2,1,2,6
202300031345,2023-07-29 17:25:00,2023,7,29,17,25,49,49328,KLEBER (PLACE),47.26287,-0.07955,Plein jour,En agglomération,Place,Normale,Deux véhicules - côté,4,1,2,0,1,1,1,5,1,30,2,2,1,0,0,1,37.0,15.0,voiture,deux_roues,1,2,7,1,3
202300031346,2023-01-16 07:35:00,2023,1,16,7,35,80,80021,Place Alphonse Fiquet,49.89113,2.30726,Nuit avec éclairage allumé,En agglomération,Hors intersection,Pluie forte,Autre collision,4,3,4,0,1,1,2,0,1,30,1,2,1,0,0,1,,,voiture,,5,2,1,3,6
202300031347,2023-07-30 19:40:00,2023,7,30,19,40,44,44109,41 Rue Général Buat,47.23148,-1.53812,Plein jour,En agglomération,Intersection en X,Normale,Autre collision,4,2,2,0,1,1,1,0,1,30,1,2,1,0,1,0,25.0,,utilitaire_camion,,1,2,2,1,6