accident_id,datetime,annee,mois,jour,heure,minute,departement,commune_insee,adresse,latitude,longitude,luminosite,agglomeration,intersection,meteo,collision,catr,circ,nbv,vosp,prof,plan,surf,infra,situ,vma,nb_vehicules,nb_usagers,nb_indemnes,nb_tues,nb_blesses_hosp,nb_blesses_legers,age_cond_1,age_cond_2,veh_type_cond_1,veh_type_cond_2,lum_code,agg_code,int_code,atm_code,col_code
202300031494,2023-07-30 09:20:00,2023,7,30,9,20,13,13082,D543 pk 02+850,43.694982,5.344055,Plein jour,Hors agglomération,Hors intersection,Normale,Deux véhicules - côté,3,2,2,0,1,3,1,0,1,80,2,2,1,0,0,1,,33.0,voiture,deux_roues,1,1,1,1,3
202300031495,2023-07-30 08:30:00,2023,7,30,8,30,13,13059,D96,43.633229,5.516832,Plein jour,Hors agglomération,Hors intersection,Normale,Deux véhicules - côté,3,2,3,0,2,3,1,0,1,70,2,2,1,0,0,1,23.0,55.0,voiture,utilitaire_camion,1,1,1,1,3
202300031496,2023-07-29 20:20:00,2023,7,29,20,20,13,13048,chemin de la colle,43.633202,5.629174,Plein jour,En agglomération,Hors intersection,Normale,Sans collision,9,2,2,0,1,3,1,0,8,50,1,3,2,0,0,1,25.0,,voiture,,1,2,1,1,7
202300031497,2023-07-30 13:55:00,2023,7,30,13,55,71,71150,440 Rue du Stade,46.241176,4.781422,Plein jour,En agglomération,Hors intersection,Normale,Sans collision,4,2,2,0,1,1,1,0,1,50,1,1,0,0,0,1,15.0,,deux_roues,,1,2,1,1,7
202300031498,2023-07-31 08:35:00,2023,7,31,8,35,67,67127,48 Rue de Wolxheim,48.5697,7.523012,Plein jour,En agglomération,Hors intersection,Normale,Deux véhicules - côté,3,2,2,0,1,1,1,0,1,30,2,2,1,0,0,1,47.0,69.0,deux_roues,voiture,1,2,1,1,3
202300031499,2023-07-30 19:28:00,2023,7,30,19,28,54,54090,Rue Victor Henry,48.75306,6.16424,Crépuscule ou aube,En agglomération,Intersection en T,Normale,Autre collision,4,2, -1,0,2,1,1,0,1,50,1,2,0,0,1,1,84.0,,voiture,,2,2,3,1,6
202300031499,2023-07-30 19:28:00,2023,7,30,19,28,54,54090,Rue Victor Henry,48.75306,6.16424,Crépuscule ou aube,En agglomération,Intersection en T,Normale,Autre collision,4,-1,2,0,2,1,1,9,1,30,1,2,0,0,1,1,84.0,,voiture,,2,2,3,1,6
202300031500,2023-07-30 14:00:00,2023,7,30,14,0,63,63092,D455,45.916288,3.030338,Plein jour,Hors agglomération,Hors intersection,Normale,Deux véhicules - frontale,3,-1,2,0,2,2,1,0,1,90,2,7,4,0,0,3,,54.0,voiture,voiture,1,1,1,1,1
202300031501,2023-07-29 10:15:00,2023,7,29,10,15,07,07127,Rue des Tanins,44.64666,4.324596,Plein jour,En agglomération,Hors intersection,Normale,Autre collision,4,2,2,0,1,1,1,0,1,50,1,2,1,0,0,1,78.0,,voiture,,1,2,1,1,6
202300031502,2023-07-28 14:00:00,2023,7,28,14,0,85,85222,9 Avenue de l'atlantique,46.688321,-1.9337278,Plein jour,En agglomération,Hors intersection,Normale,Sans collision,4,3,2,1,1,1,1,0,5,50,1,1,0,1,0,0,61.0,,deux_roues,,1,2,1,1,7
202300031503,2023-07-30 07:55:00,2023,7,30,7,55,29,29237,Lez Elorn,48.47506963,-4.20591814,Plein jour,En agglomération,Hors intersection,Normale,Autre collision,3,2,2,0,1,1,1,0,8,50,1,4,0,1,1,2,18.0,,voiture,,1,2,1,1,6
202300031504,2023-07-30 16:53:00,2023,7,30,16,53,22,22198,D788,48.80916,-3.533065,Plein jour,Hors agglomération,Intersection en X,Normale,Deux véhicules - côté,4,2,2,0,1,1,1,0,1,50,2,4,3,0,1,0,21.0,53.0,deux_roues,voiture,1,1,2,1,3
202300031504,2023-07-30 16:53:00,2023,7,30,16,53,22,22198,D788,48.80916,-3.533065,Plein jour,Hors agglomération,Intersection en X,Normale,Deux véhicules - côté,4,2,2,0,1,1,1,0,1,70,2,4,3,0,1,0,21.0,53.0,deux_roues,voiture,1,1,2,1,3
202300031505,2023-07-26 14:45:00,2023,7,26,14,45,22,22198,D788,48.798636,-3.540667,Plein jour,Hors agglomération,Hors intersection,Normale,Deux véhicules - côté,3,-1,2,0,1,1,1,0,1,70,2,2,1,0,1,0,82.0,16.0,voiture,deux_roues,1,1,1,1,3
202300031506,2023-07-31 09:40:00,2023,7,31,9,40,22,22186,route de la liberation,48.585384,-2.5175,Plein jour,Hors agglomération,Intersection en X,Temps couvert,Deux véhicules - côté,4,3,2,0,1,1,1,0,1,80,2,2,1,0,0,1,89.0,31.0,voiture,deux_roues,1,1,2,8,3
202300031506,2023-07-31 09:40:00,2023,7,31,9,40,22,22186,route de la liberation,48.585384,-2.5175,Plein jour,Hors agglomération,Intersection en X,Temps couvert,Deux véhicules - côté,4,2,2,0,1,1,1,0,1,80,2,2,1,0,0,1,89.0,31.0,voiture,deux_roues,1,1,2,8,3
202300031507,2023-07-29 16:20:00,2023,7,29,16,20,59,59399,499 Rue de Bailleul,50.714084,2.668308,Plein jour,En agglomération,Hors intersection,Normale,Deux véhicules - frontale,3,2,2,0,1,1,1,0,1,50,2,3,2,0,0,1,44.0,17.0,voiture,deux_roues,1,2,1,1,1
202300031508,2023-07-29 11:00:00,2023,7,29,11,0,13,13071,F1-Sens Lyon vers A55-Martigues,43.40498,5.29499,Plein jour,Hors agglomération,Hors intersection,Normale,Deux véhicules - côté,1,1,2,0,1,3,1,0,1,90,3,11,6,0,0,5,43.0,51.0,voiture,voiture,1,1,1,1,3
202300031509,2023-07-29 03:45:00,2023,7,29,3,45,13,13005,A50-Sens Aubagne vers Marseille,43.289,5.55095,Nuit sans éclairage public,Hors agglomération,Hors intersection,Normale,Deux véhicules - arrière,1,1,2,0,1,1,1,0,1,90,2,5,0,0,0,5,19.0,46.0,voiture,voiture,3,1,1,1,2
202300031510,2023-07-05 04:35:00,2023,7,5,4,35,83,83144,A57,43.14334,6.0132,Nuit sans éclairage public,Hors agglomération,Hors intersection,Normale,Autre collision,1,3,2,0,2,1,1,0,1,70,1,1,0,0,0,1,50.0,,deux_roues,,3,1,1,1,6
202300031511,2023-07-30 15:45:00,2023,7,30,15,45,33,33550,ROCADE A 630,44.77847,-0.55431,Plein jour,Hors agglomération,Hors intersection,Normale,Trois véhicules et plus - en chaîne,1,3,6,0,1,1,1,0,1,90,3,9,4,0,0,5,59.0,50.0,autre,voiture,1,1,1,1,4
202300031512,2023-07-30 01:25:00,2023,7,30,1,25,33,33162,ROCADE A 630,44.859293,-0.660958,Nuit sans éclairage public,Hors agglomération,Hors intersection,Normale,Autre collision,1,3,6,0,2,3,1,3,1,50,1,1,0,0,1,0,37.0,,deux_roues,,3,1,1,1,6
202300031513,2023-07-30 16:10:00,2023,7,30,16,10,91,91689,AUTOROUTE A6B,48.74369,2.32333,Plein jour,Hors agglomération,Hors intersection,Normale,Deux véhicules - côté,1,3,4,0,1,1,1,0,1,90,2,2,1,0,0,1,32.0,,deux_roues,voiture,1,1,1,1,3
202300031514,2023-04-14 13:15:00,2023,4,14,13,15,76,76681,Avenue du 14 Juillet,49.40643,1.09669,Plein jour,En agglomération,Intersection en X,Normale,Deux véhicules - côté,7,2,2,0,1,1,1,0,1,50,2,2,1,0,0,1,29.0,,voiture,utilitaire_camion,1,2,2,1,3
202300031514,2023-04-14 13:15:00,2023,4,14,13,15,76,76681,Avenue du 14 Juillet,49.40643,1.09669,Plein jour,En agglomération,Intersection en X,Normale,Deux véhicules - côté,7,2,2,0,1,3,1,0,1,50,2,2,1,0,0,1,29.0,,voiture,utilitaire_camion,1,2,2,1,3
202300031515,2023-07-30 13:23:00,2023,7,30,13,23,92,92002,AUTOROUTE A10,48.73057039,2.30851382,Plein jour,Hors agglomération,Hors intersection,Normale,Trois véhicules et plus - en chaîne,1,-1,3,0,1,1,1,0,1,110,4,5,4,0,0,1,45.0,75.0,voiture,voiture,1,1,1,1,4
202300031516,2023-04-13 19:00:00,2023,4,13,19,0,76,76296,LIBERATION (RUE DE LA ),49.51751,0.24723,Plein jour,Hors agglomération,Hors intersection,Normale,Trois véhicules et plus - collisions multiples,3,-1,2,0,1,1,1,0,1,70,3,3,1,0,0,2,52.0,27.0,voiture,voiture,1,1,1,1,5
202300031517,2023-07-29 22:58:00,2023,7,29,22,58,91,91689,A6,48.74795,2.32665,Nuit sans éclairage public,Hors agglomération,Hors intersection,Normale,Deux véhicules - arrière,1,1,3,0,2,1,1,0,1,110,2,4,1,0,0,3,43.0,19.0,voiture,voiture,3,1,1,1,2
202300031518,2023-07-30 01:30:00,2023,7,30,1,30,92,92064,A13,48.83971944,2.21953969,Nuit sans éclairage public,Hors agglomération,Hors intersection,Normale,Autre collision,1,1,2,0,1,1,2,2,1,70,1,4,0,0,0,4,20.0,,voiture,,3,1,1,1,6
202300031519,2023-04-14 14:40:00,2023,4,14,14,40,72,72181,PATTON GENERAL RTE BAUGE A CHEMIN RONDE,47.98884,0.17843,Plein jour,En agglomération,Hors intersection,Pluie forte,Deux véhicules - arrière,4,3,4,0,1,1,2,0,1,70,2,2,1,0,0,1,22.0,61.0,voiture,voiture,1,2,1,3,2
202300031520,2023-04-14 09:10:00,2023,4,14,9,10,72,72181,BOLLEE (AV) N° PAIRS 2 A 62,48.00237,0.206,Plein jour,En agglomération,Intersection en T,Pluie légère,Autre collision,4,-1,2,0,1,3,2,0,4,50,1,1,0,0,0,1,24.0,,voiture,,1,2,3,2,6
202300031520,2023-04-14 09:10:00,2023,4,14,9,10,72,72181,BOLLEE (AV) N° PAIRS 2 A 62,48.00237,0.206,Plein jour,En agglomération,Intersection en T,Pluie légère,Autre collision,4,-1,5,0,1,1,2,0,1,50,1,1,0,0,0,1,24.0,,voiture,,1,2,3,2,6
202300031521,2023-07-30 06:45:00,2023,7,30,6,45,94,94018,A4,48.81737894,2.41732391,Crépuscule ou aube,Hors agglomération,Hors intersection,Normale,Deux véhicules - côté,1,1,5,0,1,1,1,0,1,90,2,5,3,0,0,2,22.0,37.0,voiture,voiture,2,1,1,1,3
202300031522,2023-04-13 17:50:00,2023,4,13,17,50,71,71270,OLIVIER DE SERRES (RUE),46.29411,4.81584,Plein jour,En agglomération,Hors intersection,Normale,Autre collision,4,1,1,0,1,1,1,0,1,50,1,2,1,0,0,1,53.0,,voiture,,1,2,1,1,6
202300031523,2023-07-29 21:55:00,2023,7,29,21,55,77,77495,A5b,48.57555,2.63901,Nuit sans éclairage public,Hors agglomération,Hors intersection,Normale,Autre collision,1,3,3,0,1,1,1,0,1,110,3,3,2,0,0,1,33.0,19.0,deux_roues,voiture,3,1,1,1,6
202300031524,2023-04-14 21:50:00,2023,4,14,21,50,69,69256,Avenue Roger Salengro,45.7547,4.9282,Nuit avec éclairage allumé,En agglomération,Hors intersection,Pluie légère,Autre collision,4,2,2,0,1,1,2,0,4,50,1,2,1,0,0,1,20.0,,voiture,,5,2,1,2,6
202300031525,2023-04-25 07:55:00,2023,4,25,7,55,42,42186,M88,45.521,4.59663,Plein jour,En agglomération,Hors intersection,Normale,Deux véhicules - frontale,7,2,2,1,2,1,1,0,1,50,2,3,1,0,1,1,16.0,65.0,deux_roues,voiture,1,2,1,1,1
202300031526,2023-04-14 02:30:00,2023,4,14,2,30,69,69264,706 Rue d’Anse,45.97943,4.7176,Nuit avec éclairage allumé,En agglomération,Hors intersection,Normale,Autre collision,3,2,3,0,1,1,1,9,8,50,1,2,1,0,0,1,22.0,,voiture,,5,2,1,1,6
202300031527,2023-07-28 11:10:00,2023,7,28,11,10,38,38053,Avenue Henri Barbusse,45.59578405,5.26772745,Plein jour,En agglomération,Autre intersection,Normale,Autre collision,4,1,0,0,1,1,1,9,8,50,1,2,1,0,0,1,76.0,,voiture,,1,2,9,1,6
202300031528,2023-07-27 10:45:00,2023,7,27,10,45,34,34301,4 Place Delille,43.4047,3.7009,Plein jour,En agglomération,Giratoire,Normale,Autre collision,4,2,1,0,1,1,1,0,1,50,1,3,1,0,0,2,57.0,,utilitaire_camion,,1,2,6,1,6
202300031528,2023-07-27 10:45:00,2023,7,27,10,45,34,34301,4 Place Delille,43.4047,3.7009,Plein jour,En agglomération,Giratoire,Normale,Autre collision,4,-1,1,0,1,1,1,0,1,50,1,3,1,0,0,2,57.0,,utilitaire_camion,,1,2,6,1,6
202300031529,2023-04-13 10:32:00,2023,4,13,10,32,66,66136,,42.68705,2.90611,Plein jour,En agglomération,Hors intersection,Normale,Autre collision,4,3,4,0,1,1,1,0,1,50,1,2,0,0,0,2,45.0,,deux_roues,,1,2,1,1,6
202300031530,2023-03-10 10:55:00,2023,3,10,10,55,974,97409,RN2 SENS STE SUZANNE ST BENOIT,-20.94394,55.64944,Plein jour,En agglomération,Autre intersection,Pluie forte,Deux véhicules - côté,2,2,4,0,1,1,2,3,1,90,2,3,2,0,0,1,49.0,34.0,voiture,voiture,1,2,9,3,3
202300031531,2023-04-14 10:15:00,2023,4,14,10,15,64,64545,BRETELLE DE LAUTOROUTE RD 913,43.37482,-1.68547,Plein jour,Hors agglomération,Hors intersection,Pluie forte,Deux véhicules - côté,3,2,2,0,1,1,2,0,1,50,2,3,2,0,0,1,29.0,45.0,voiture,voiture,1,1,1,3,3
202300031532,2023-07-29 07:50:00,2023,7,29,7,50,974,97411,JAURES (BLD 1 JEAN),-20.89067,55.45521,Plein jour,En agglomération,Autre intersection,Normale,Trois véhicules et plus - collisions multiples,2,-1,2,0,1,1,1,0,1,50,3,5,4,0,0,1,,46.0,voiture,voiture,1,2,9,1,5
202300031533,2023-07-28 16:15:00,2023,7,28,16,15,974,97411,JAURES (BOULEVARD JEAN),-20.9023,55.5025,Plein jour,En agglomération,Giratoire,Normale,Deux véhicules - arrière,2,3,2,0,1,1,1,9,1,50,2,2,1,0,0,1,25.0,50.0,voiture,voiture,1,2,6,1,2
202300031533,2023-07-28 16:15:00,2023,7,28,16,15,974,97411,JAURES (BOULEVARD JEAN),-20.9023,55.5025,Plein jour,En agglomération,Giratoire,Normale,Deux véhicules - arrière,2,2,2,0,1,1,1,0,1,50,2,2,1,0,0,1,25.0,50.0,voiture,voiture,1,2,6,1,2
202300031534,2023-04-14 08:36:00,2023,4,14,8,36,60,60057,Rue Fermepin,49.43364,2.09372,Plein jour,En agglomération,Autre intersection,Normale,Deux véhicules - frontale,4,1,1,1,1,1,1,0,5,30,2,2,1,0,0,1,29.0,54.0,voiture,deux_roues,1,2,9,1,1
202300031535,2023-07-29 17:50:00,2023,7,29,17,50,974,97407,LOUIS GUILLOUX (ALLEE)- RIV. DES GALETS,-20.95775,55.31369,Plein jour,En agglomération,Autre intersection,Normale,Autre collision,6,-1,0,0,1,1,1,9,8,-1,1,2,1,0,0,1,22.0,,deux_roues,,1,2,9,1,6
202300031536,2023-04-14 03:10:00,2023,4,14,3,10,59,59648,GUILLAIN CHARLES AVENUE,50.588462,3.044315,Nuit avec éclairage non allumé,En agglomération,Hors intersection,Normale,Autre collision,4,3,4,3,1,1,1,0,1,50,1,2,1,0,0,1,31.0,,voiture,,4,2,1,1,6
202300031537,2023-07-29 11:27:00,2023,7,29,11,27,973,97302,CRIQUE FOUILLEE (ROND POINT),4.89655,-52.32864,Plein jour,En agglomération,Hors intersection,Normale,Deux véhicules - côté,2,1,2,0,1,1,1,0,1,50,2,4,1,0,0,3,41.0,19.0,voiture,deux_roues,1,2,1,1,3
202300031538,2023-07-29 00:10:00,2023,7,29,0,10,973,97302,MADELEINE (ROUTE DE LA),4.9123,-52.3211,Nuit avec éclairage allumé,En agglomération,Hors intersection,Normale,Deux véhicules - frontale,3,2,2,0,1,1,1,0,1,50,2,2,1,0,0,1,29.0,33.0,voiture,voiture,5,2,1,1,1
202300031539,2023-04-14 10:50:00,2023,4,14,10,50,59,59317,HUGO  (RUE VICTOR),50.687511,2.896865,Plein jour,En agglomération,Autre intersection,Normale,Deux véhicules - côté,7,2,2,0,1,1,1,5,1,50,2,2,1,0,1,0,34.0,60.0,deux_roues,voiture,1,2,9,1,3
202300031540,2023-07-29 01:00:00,2023,7,29,1,0,69,69386,Rue Tronchet,45.77056,4.85503,Nuit avec éclairage allumé,En agglomération,Intersection en X,Normale,Deux véhicules - côté,4,1,1,0,1,1,1,0,1,30,2,4,3,0,0,1,21.0,25.0,voiture,voiture,5,2,2,1,3
202300031540,2023-07-29 01:00:00,2023,7,29,1,0,69,69386,Rue Tronchet,45.77056,4.85503,Nuit avec éclairage allumé,En agglomération,Intersection en X,Normale,Deux véhicules - côté,4,1,1,2,1,1,1,0,1,30,2,4,3,0,0,1,21.0,25.0,voiture,voiture,5,2,2,1,3
202300031541,2023-04-14 13:20:00,2023,4,14,13,20,57,57447,11EME D'AVIATION (RUE DE LA),49.08524,6.14901,Plein jour,En agglomération,Hors intersection,Normale,Autre collision,4,2,2,0,1,1,1,0,1,50,2,2,1,0,1,0,41.0,12.0,voiture,deux_roues,1,2,1,1,6
202300031542,2023-07-29 04:05:00,2023,7,29,4,5,95,95288,D311,48.98194213,2.3531878,Nuit avec éclairage allumé,En agglomération,Hors intersection,Autre,Autre collision,3,2,2,0,1,2,2,0,1,30,1,2,1,0,1,0,26.0,,voiture,,5,2,1,9,6
202300031543,2023-04-13 19:00:00,2023,4,13,19,0,56,56121,LECLERC ( BD GENERAL ),47.74851,-3.36539,Plein jour,En agglomération,Hors intersection,Pluie légère,Deux véhicules - arrière,4,2,2,0,1,1,2,0,1,30,2,2,0,0,0,2,21.0,39.0,voiture,voiture,1,2,1,2,2
202300031544,2023-07-28 23:20:00,2023,7,28,23,20,91,91216,CD 257,48.675957,2.336313,Nuit avec éclairage allumé,En agglomération,Hors intersection,Normale,Deux véhicules - côté,3,-1,0,0,2,1,1,0,1,50,2,3,2,0,0,1,33.0,18.0,voiture,deux_roues,5,2,1,1,3
202300031545,2023-04-13 17:55:00,2023,4,13,17,55,51,51454,rue Michel Ange,49.26886,4.01195,Plein jour,En agglomération,Intersection en X,Normale,Deux véhicules - côté,4,1,1,0,1,1,2,0,1,50,2,3,2,0,0,1,31.0,32.0,voiture,voiture,1,2,2,1,3
202300031545,2023-04-13 17:55:00,2023,4,13,17,55,51,51454,rue Michel Ange,49.26886,4.01195,Plein jour,En agglomération,Intersection en X,Normale,Deux véhicules - côté,4,-1,0,0,1,1,2,0,1,50,2,3,2,0,0,1,31.0,32.0,voiture,voiture,1,2,2,1,3
202300031546,2023-07-29 13:46:00,2023,7,29,13,46,86,86066,D749,46.785469,0.54724,Plein jour,Hors agglomération,Hors intersection,Temps couvert,Sans collision,3,3,1,0,1,1,2,0,1,80,2,2,0,0,0,2,30.0,28.0,deux_roues,deux_roues,1,1,1,8,7
202300031547,2023-04-13 11:20:00,2023,4,13,11,20,50,50129,NAPOLEON (PLACE),49.6437,-1.62579,Plein jour,En agglomération,Intersection en T,Normale,Deux véhicules - frontale,4,1,1,0,1,1,2,0,1,50,2,3,2,0,0,1,22.0,20.0,voiture,voiture,1,2,3,1,1
202300031547,2023-04-13 11:20:00,2023,4,13,11,20,50,50129,NAPOLEON (PLACE),49.6437,-1.62579,Plein jour,En agglomération,Intersection en T,Normale,Deux véhicules - frontale,4,2,2,0,1,1,2,8,1,50,2,3,2,0,0,1,22.0,20.0,voiture,voiture,1,2,3,1,1
202300031548,2023-06-16 15:10:00,2023,6,16,15,10,79,79329,,46.986758,-0.21085,Plein jour,En agglomération,Intersection en T,Normale,Autre collision,4,2,2,0,1,1,1,6,1,30,1,2,1,0,1,0,75.0,,voiture,,1,2,3,1,6
202300031548,2023-06-16 15:10:00,2023,6,16,15,10,79,79329,,46.986758,-0.21085,Plein jour,En agglomération,Intersection en T,Normale,Autre collision,4,2,2,0,1,1,1,0,1,-1,1,2,1,0,1,0,75.0,,voiture,,1,2,3,1,6
202300031549,2023-04-12 18:15:00,2023,4,12,18,15,49,49099,PAGANNES (RUE DES),47.07488,-0.84522,Plein jour,En agglomération,Hors intersection,Normale,Sans collision,4,2,2,0,1,1,1,0,1,50,1,1,0,0,1,0,30.0,,deux_roues,,1,2,1,1,7
202300031550,2023-07-28 18:50:00,2023,7,28,18,50,78,78481,LECLERC (AVENUE DU GENERAL),48.88932,2.09898,Plein jour,En agglomération,Intersection en T,Pluie légère,Autre collision,3,1,2,0,1,1,2,0,1,50,2,3,2,0,1,0,57.0,68.0,transport_commun,voiture,1,2,3,2,6
202300031550,2023-07-28 18:50:00,2023,7,28,18,50,78,78481,LECLERC (AVENUE DU GENERAL),48.88932,2.09898,Plein jour,En agglomération,Intersection en T,Pluie légère,Autre collision,3,1, -1,-1,1,1,2,0,1,-1,2,3,2,0,1,0,57.0,68.0,transport_commun,voiture,1,2,3,2,6
202300031551,2023-07-29 13:30:00,2023,7,29,13,30,77,77251,D 402,48.62436,2.54626,Plein jour,Hors agglomération,Hors intersection,Pluie légère,Autre collision,3,2,3,0,1,1,2,0,1,50,1,1,0,0,1,0,59.0,,deux_roues,,1,1,1,2,6
202300031552,2023-04-14 08:50:00,2023,4,14,8,50,49,49007,BEDIER BOULEVARD,47.45271,-0.54103,Plein jour,En agglomération,Intersection en X,Normale,Deux véhicules - côté,4,3,8,2,1,2,2,0,1,50,2,2,1,0,0,1,70.0,26.0,voiture,deux_roues,1,2,2,1,3
202300031552,2023-04-14 08:50:00,2023,4,14,8,50,49,49007,BEDIER BOULEVARD,47.45271,-0.54103,Plein jour,En agglomération,Intersection en X,Normale,Deux véhicules - côté,4,3,7,2,1,1,2,0,1,50,2,2,1,0,0,1,70.0,26.0,voiture,deux_roues,1,2,2,1,3
202300031553,2023-07-29 23:15:00,2023,7,29,23,15,76,76681,ELUARD. RUE PAUL,49.40379,1.09874,Nuit avec éclairage allumé,En agglomération,Hors intersection,Pluie légère,Autre collision,4,2,2,0,1,1,2,6,1,30,1,1,0,0,0,1,43.0,,voiture,,5,2,1,2,6
202300031554,2023-07-29 14:31:00,2023,7,29,14,31,72,72181,PERRIN (PONT),48.007,0.193,Plein jour,En agglomération,Autre intersection,Normale,Deux véhicules - côté,4,2,2,0,1,1,1,0,1,50,2,2,1,0,0,1,26.0,22.0,voiture,voiture,1,2,9,1,3
202300031555,2023-04-14 04:55:00,2023,4,14,4,55,49,49007,VOLNEY,47.46326,-0.54505,Nuit avec éclairage allumé,En agglomération,Intersection en X,Normale,Deux véhicules - côté,4,2,2,0,1,1,1,0,1,30,2,2,1,0,0,1,37.0,21.0,voiture,deux_roues,5,2,2,1,3
202300031555,2023-04-14 04:55:00,2023,4,14,4,55,49,49007,VOLNEY,47.46326,-0.54505,Nuit avec éclairage allumé,En agglomération,Intersection en X,Normale,Deux véhicules - côté,4,2,2,0,1,1,1,0,1,30,2,2,1,0,0,1,37.0,21.0,voiture,deux_roues,5,2,2,1,3
202300031556,2023-04-11 16:50:00,2023,4,11,16,50,44,44132,Avenue de l'Hippodrome,47.25926,-2.32955,Plein jour,En agglomération,Hors intersection,Normale,Autre collision,4,-1,2,0,1,1,1,0,1,50,1,2,1,0,1,0,86.0,,voiture,,1,2,1,1,6
202300031557,2023-07-29 22:50:00,2023,7,29,22,50,64,64122,"""KENNEDY (AVENUE DU PRESIDENT J,F)""",43.46247,-1.55125,Nuit avec éclairage allumé,En agglomération,Hors intersection,Normale,Deux véhicules - côté,4,2,3,0,2,1,1,0,1,50,2,4,3,0,1,0,21.0,22.0,voiture,deux_roues,5,2,1,1,3
202300031558,2023-04-14 18:50:00,2023,4,14,18,50,38,38185,COURS DE LA LIBÉRATION ET DU GÉNÉRAL DE,45.1605,5.7098,Plein jour,En agglomération,Hors intersection,Pluie légère,Autre collision,7,3,0,3,1,1,2,0,1,50,1,1,0,1,0,0,19.0,,deux_roues,,1,2,1,2,6
202300031559,2023-04-14 17:55:00,2023,4,14,17,55,38,38151,AVENUE VICTOR HUGO,45.15461,5.71226,Plein jour,En agglomération,Intersection en T,Normale,Deux véhicules - côté,4,2,2,1,1,1,1,0,5,50,2,2,1,0,0,1,45.0,24.0,voiture,deux_roues,1,2,3,1,3
202300031559,2023-04-14 17:55:00,2023,4,14,17,55,38,38151,AVENUE VICTOR HUGO,45.15461,5.71226,Plein jour,En agglomération,Intersection en T,Normale,Deux véhicules - côté,4,2,2,0,1,3,1,0,5,50,2,2,1,0,0,1,45.0,24.0,voiture,deux_roues,1,2,3,1,3
202300031560,2023-07-29 18:15:00,2023,7,29,18,15,64,64024,ARITXAGUE (ROUTE D'),43.4933,-1.49722,Plein jour,En agglomération,Hors intersection,Normale,Deux véhicules - côté,4,3,4,0,1,2,1,9,1,50,2,7,3,0,0,4,22.0,44.0,voiture,voiture,1,2,1,1,3
202300031561,2023-04-14 07:40:00,2023,4,14,7,40,38,38185,BOULEVARD JOSEPH VALLIER,45.18024,5.71134,Plein jour,En agglomération,Intersection en X,Temps couvert,Deux véhicules - côté,4,2,4,0,1,1,1,0,1,50,2,2,1,0,1,0,34.0,55.0,voiture,deux_roues,1,2,2,8,3
202300031561,2023-04-14 07:40:00,2023,4,14,7,40,38,38185,BOULEVARD JOSEPH VALLIER,45.18024,5.71134,Plein jour,En agglomération,Intersection en X,Temps couvert,Deux véhicules - côté,4,2,4,0,1,1,1,0,1,50,2,2,1,0,1,0,34.0,55.0,voiture,deux_roues,1,2,2,8,3
202300031562,2023-07-29 16:45:00,2023,7,29,16,45,64,64102,PAULMY (AVENUE DES ALLEES),43.49393,-1.47957,Plein jour,En agglomération,Hors intersection,Normale,Sans collision,4,2,4,3,2,1,1,0,1,50,1,1,0,0,0,1,57.0,,deux_roues,,1,2,1,1,7
202300031563,2023-04-14 13:00:00,2023,4,14,13,0,37,37261,DANEMARK (AVENUE DU),47.42988,0.67918,Plein jour,En agglomération,Hors intersection,Normale,Sans collision,4,3,2,0,1,3,2,0,1,50,1,1,0,0,0,1,19.0,,deux_roues,,1,2,1,1,7
202300031564,2023-04-14 12:40:00,2023,4,14,12,40,37,37122,RD 37,47.34000535,0.66641092,Plein jour,Hors agglomération,Autre intersection,Pluie légère,Sans collision,3,2,4,0,1,1,2,3,1,90,1,2,1,0,0,1,26.0,,voiture,,1,1,9,2,7
202300031565,2023-07-29 10:40:00,2023,7,29,10,40,63,63113,BEAULIEU (CHEMIN DE),45.75747,3.15475,Plein jour,Hors agglomération,Hors intersection,Pluie légère,Autre collision,7,2,2,1,1,2,2,0,1,90,2,4,1,0,0,3,58.0,19.0,voiture,voiture,1,1,1,2,6
202300031566,2023-04-14 04:50:00,2023,4,14,4,50,36,36202,,46.78309369,1.60174012,Nuit sans éclairage public,Hors agglomération,Hors intersection,Normale,Autre collision,3,2,2,0,1,1,1,0,3,80,1,2,1,0,0,1,34.0,,utilitaire_camion,,3,1,1,1,6
202300031567,2023-07-29 20:10:00,2023,7,29,20,10,60,60159,Rue Winston Churchill,49.412326,2.815052,Plein jour,En agglomération,Intersection en X,Normale,Autre collision,4,2,2,0,1,1,1,0,1,50,1,2,1,0,0,1,21.0,,voiture,,1,2,2,1,6
202300031567,2023-07-29 20:10:00,2023,7,29,20,10,60,60159,Rue Winston Churchill,49.412326,2.815052,Plein jour,En agglomération,Intersection en X,Normale,Autre collision,4,2,2,0,1,1,1,0,1,50,1,2,1,0,0,1,21.0,,voiture,,1,2,2,1,6
202300031568,2023-04-14 23:30:00,2023,4,14,23,30,35,35238,VERN (DE),48.10145485,-1.65966779,Nuit avec éclairage allumé,En agglomération,Intersection en T,Normale,Trois véhicules et plus - collisions multiples,4,1,1,2,4,1,1,0,1,50,3,3,2,0,0,1,24.0,19.0,voiture,voiture,5,2,3,1,5
202300031568,2023-04-14 23:30:00,2023,4,14,23,30,35,35238,VERN (DE),48.10145485,-1.65966779,Nuit avec éclairage allumé,En agglomération,Intersection en T,Normale,Trois véhicules et plus - collisions multiples,4,2,2,2,2,1,1,0,1,50,3,3,2,0,0,1,24.0,19.0,voiture,voiture,5,2,3,1,5
202300031569,2023-04-14 19:40:00,2023,4,14,19,40,35,35238,JANVIER (AVENUE JEAN),48.10449,-1.67263,Plein jour,En agglomération,Hors intersection,Normale,Autre collision,4,2,4,3,1,1,1,9,1,50,1,2,1,0,0,1,,,voiture,,1,2,1,1,6