accident_id,datetime,annee,mois,jour,heure,minute,departement,commune_insee,adresse,latitude,longitude,luminosite,agglomeration,intersection,meteo,collision,catr,circ,nbv,vosp,prof,plan,surf,infra,situ,vma,nb_vehicules,nb_usagers,nb_indemnes,nb_tues,nb_blesses_hosp,nb_blesses_legers,age_cond_1,age_cond_2,veh_type_cond_1,veh_type_cond_2,lum_code,agg_code,int_code,atm_code,col_code
202300031570,2023-07-28 18:40:00,2023,7,28,18,40,59,59041,HORIPETTE (RUE DE L') ,50.20704,3.86486,Plein jour,En agglomération,Hors intersection,Normale,Autre collision,4,2,1,0,1,2,1,0,4,50,1,3,1,0,2,0,19.0,,voiture,,1,2,1,1,6
202300031571,2023-04-14 15:50:00,2023,4,14,15,50,35,35238,LORIENT (DE),48.10846,-1.71247,Plein jour,En agglomération,Hors intersection,Normale,Deux véhicules - côté,4,3,4,0,1,1,1,0,1,50,2,2,1,0,0,1,23.0,32.0,deux_roues,voiture,1,2,1,1,3
202300031572,2023-07-29 02:15:00,2023,7,29,2,15,59,59350,Rue Léon Gambetta,50.62954,3.05492,Nuit avec éclairage allumé,En agglomération,Intersection à plus de 4 branches,Normale,Autre collision,4,2,2,0,1,1,1,0,1,30,1,5,4,0,1,0,23.0,,voiture,,5,2,5,1,6
202300031572,2023-07-29 02:15:00,2023,7,29,2,15,59,59350,Rue Léon Gambetta,50.62954,3.05492,Nuit avec éclairage allumé,En agglomération,Intersection à plus de 4 branches,Normale,Autre collision,4,1,2,2,1,1,1,0,8,30,1,5,4,0,1,0,23.0,,voiture,,5,2,5,1,6
202300031573,2023-07-25 17:10:00,2023,7,25,17,10,54,54431,Rue du Bois le Prêtre,48.907578,6.0497,Plein jour,En agglomération,Giratoire,Normale,Deux véhicules - côté,4,2,2,0,1,2,1,9,1,50,2,2,1,0,1,0,19.0,63.0,deux_roues,voiture,1,2,6,1,3
202300031573,2023-07-25 17:10:00,2023,7,25,17,10,54,54431,Rue du Bois le Prêtre,48.907578,6.0497,Plein jour,En agglomération,Giratoire,Normale,Deux véhicules - côté,4,2,2,0,1,1,1,9,1,50,2,2,1,0,1,0,19.0,63.0,deux_roues,voiture,1,2,6,1,3
202300031574,2023-07-29 16:45:00,2023,7,29,16,45,54,54257,Parc Commercial de l'Espinette,48.6484,6.18188,Plein jour,En agglomération,Hors intersection,Normale,Autre collision,4,2,2,0,1,1,1,0,1,30,1,2,1,0,0,1,36.0,,voiture,,1,2,1,1,6
202300031575,2023-07-29 07:00:00,2023,7,29,7,0,54,54382,Rue du Fond de Piedmont,49.54636,5.77179,Plein jour,En agglomération,Hors intersection,Normale,Autre collision,4,2,2,0,2,3,1,0,1,50,1,1,0,0,0,1,34.0,,voiture,,1,2,1,1,6
202300031576,2023-04-14 23:00:00,2023,4,14,23,0,33,33063,Rue Professeur Darget,44.8772,-0.55935,Nuit avec éclairage allumé,En agglomération,Hors intersection,Pluie légère,Autre collision,4,2,2,0,1,2,2,9,4,30,1,17,4,0,0,13,33.0,,voiture,,5,2,1,2,6
202300031577,2023-07-29 12:30:00,2023,7,29,12,30,37,37233,LOIRE (LEVEE DE LA),47.39682,0.71034,Plein jour,En agglomération,Hors intersection,Normale,Deux véhicules - arrière,4,2,2,0,1,1,1,0,1,50,2,8,4,0,0,4,22.0,44.0,utilitaire_camion,voiture,1,2,1,1,2
202300031578,2023-04-14 11:20:00,2023,4,14,11,20,33,33063,Avenue de Mérignac,44.83857,-0.62444,Plein jour,En agglomération,Hors intersection,Pluie forte,Autre collision,4,2,2,2,1,1,2,0,1,50,1,2,1,0,0,1,77.0,,voiture,,1,2,1,3,6
202300031579,2023-07-29 11:00:00,2023,7,29,11,0,37,37261,ROYER (BD JEAN),47.38103,0.68527,Plein jour,En agglomération,Hors intersection,Pluie légère,Sans collision,4,2,2,2,1,1,2,0,1,50,1,2,0,0,0,2,51.0,,deux_roues,,1,2,1,2,7
202300031580,2023-04-14 12:30:00,2023,4,14,12,30,31,31483,Avenue de l’Isle,43.11171,0.72581,Plein jour,En agglomération,Place,Pluie légère,Deux véhicules - arrière,3,2,2,0,1,1,2,0,1,50,2,2,1,0,0,1,52.0,45.0,deux_roues,voiture,1,2,7,2,2
202300031581,2023-07-28 12:20:00,2023,7,28,12,20,37,37261,ALOUETTE (AVENUE),47.36295,0.69682,Plein jour,En agglomération,Autre intersection,Pluie légère,Autre collision,4,1,2,1,2,1,2,9,5,50,1,1,0,0,0,1,16.0,,deux_roues,,1,2,9,2,6
202300031582,2023-07-29 04:55:00,2023,7,29,4,55,33,33009,COTE D'ARGENT (BD) DU 69 AU 263,44.64468,-1.19528,Nuit sans éclairage public,En agglomération,Hors intersection,Normale,Autre collision,3,-1,2,0,1,1,1,0,1,50,1,1,0,0,0,1,29.0,,deux_roues,,3,2,1,1,6
202300031583,2023-04-14 18:05:00,2023,4,14,18,5,29,29254,Route de Saint-Germain,48.5947,-3.84149,Plein jour,Hors agglomération,Hors intersection,Normale,Autre collision,4,2,2,0,1,1,1,0,1,50,1,2,1,0,1,0,34.0,,transport_commun,,1,1,1,1,6
202300031584,2023-07-29 11:35:00,2023,7,29,11,35,31,31555,AV DU GENERAL EISENHOWER,43.5579148,1.40277654,Plein jour,En agglomération,Hors intersection,Normale,Deux véhicules - côté,7,2,4,0,1,1,1,5,1,50,2,2,1,0,1,0,46.0,46.0,voiture,deux_roues,1,2,1,1,3
202300031585,2023-04-14 16:45:00,2023,4,14,16,45,28,28134,D152 (VERT EN DROUAIS),48.74766,1.31756,Plein jour,Hors agglomération,Hors intersection,Pluie légère,Sans collision,3,2,2,0,1,2,2,0,1,80,1,2,1,0,0,1,26.0,,utilitaire_camion,,1,1,1,2,7
202300031586,2023-07-29 18:45:00,2023,7,29,18,45,27,27562,ROUEN (ROUTE DE ),49.10225,1.46674,Plein jour,En agglomération,Hors intersection,Temps couvert,Deux véhicules - côté,3,2,2,0,1,1,1,0,1,50,2,2,1,0,0,1,58.0,53.0,voiture,deux_roues,1,2,1,8,3
202300031587,2023-07-29 05:30:00,2023,7,29,5,30,17,17300,09 PK RN237 MOULIN JUSTICE RE,46.17149,-1.19409,Nuit sans éclairage public,Hors agglomération,Hors intersection,Pluie légère,Sans collision,2,3,4,0,1,3,2,0,1,90,1,1,0,0,0,1,26.0,,voiture,,3,1,1,2,7
202300031588,2023-04-14 17:21:00,2023,4,14,17,21,27,27681,VIROLET (RUE DU),49.09657,1.46463,Plein jour,En agglomération,Autre intersection,Pluie légère,Autre collision,4,3,2,3,1,3,2,6,6,50,1,2,1,0,0,1,91.0,,voiture,,1,2,9,2,6
202300031589,2023-07-15 16:48:00,2023,7,15,16,48,10,10333,CROIX BLANCHE (RUE DE LA ),48.27615,4.05642,Plein jour,En agglomération,Hors intersection,Normale,Deux véhicules - arrière,4,2,2,0,1,1,1,0,1,50,2,2,1,0,1,0,58.0,19.0,voiture,voiture,1,2,1,1,2
202300031590,2023-03-04 09:50:00,2023,3,4,9,50,33,33249,ROUTE NATIONALE 230,44.87955251,-0.50989866,Plein jour,Hors agglomération,Hors intersection,Normale,Autre collision,2,1,2,0,2,2,1,3,1,70,1,1,0,0,1,0,20.0,,deux_roues,,1,1,1,1,6
202300031591,2023-04-14 09:45:00,2023,4,14,9,45,27,27681,SAMSON (RUE),49.09086,1.48277,Plein jour,En agglomération,Hors intersection,Normale,Deux véhicules - côté,4,1,1,0,1,1,1,0,1,30,2,2,1,0,0,1,19.0,64.0,deux_roues,voiture,1,2,1,1,3
202300031592,2023-07-29 04:49:00,2023,7,29,4,49,10,10191,ROCADE OUEST (RD 610),48.33007,4.08386,Nuit sans éclairage public,Hors agglomération,Hors intersection,Normale,Deux véhicules - côté,3,3,2,3,1,1,1,9,1,110,2,2,1,0,0,1,32.0,56.0,deux_roues,voiture,3,1,1,1,3
202300031593,2023-03-04 15:33:00,2023,3,4,15,33,75,75114,A6A,48.818723,2.33099,Plein jour,Hors agglomération,Hors intersection,Normale,Sans collision,1,1,2,0,1,2,1,1,1,50,1,4,0,0,0,4,24.0,,voiture,,1,1,1,1,7
202300031594,2023-07-25 09:55:00,2023,7,25,9,55,06,06123,BARTHELEMY AVENUE PIERRE,43.67341,7.18981,Plein jour,En agglomération,Intersection en Y,Normale,Autre collision,4,2,2,0,1,1,1,0,1,50,1,2,1,0,1,0,75.0,,utilitaire_camion,,1,2,4,1,6
202300031594,2023-07-25 09:55:00,2023,7,25,9,55,06,06123,BARTHELEMY AVENUE PIERRE,43.67341,7.18981,Plein jour,En agglomération,Intersection en Y,Normale,Autre collision,4,1,1,0,2,3,1,0,1,50,1,2,1,0,1,0,75.0,,utilitaire_camion,,1,2,4,1,6
202300031595,2023-04-15 00:01:00,2023,4,15,0,1,23,23096,AUVERGNE (AVENUE),46.162,1.891,Nuit sans éclairage public,En agglomération,Hors intersection,Pluie légère,Trois véhicules et plus - collisions multiples,4,2,2,0,1,1,2,0,1,50,3,4,2,0,0,2,27.0,52.0,voiture,voiture,3,2,1,2,5
202300031596,2023-03-04 16:00:00,2023,3,4,16,0,91,91235,RN 104,48.62579,2.35573,Plein jour,Hors agglomération,Hors intersection,Normale,Sans collision,2,1,1,0,2,3,8,0,8,50,1,1,0,0,0,1,44.0,,deux_roues,,1,1,1,1,7
202300031597,2023-11-11 18:45:00,2023,11,11,18,45,13,13209,MICHELET (BOULEVARD),43.2587,5.399,Nuit sans éclairage public,En agglomération,Hors intersection,Normale,Deux véhicules - côté,4,2,6,3,1,1,1,0,1,50,2,2,1,0,0,1,27.0,25.0,deux_roues,voiture,3,2,1,1,3
202300031598,2023-04-08 10:30:00,2023,4,8,10,30,22,22278,LE GORREC (PIERRE),48.51252,-2.76155,Plein jour,En agglomération,Hors intersection,Normale,Autre collision,4,1,1,0,1,1,1,0,1,30,1,2,1,0,0,1,,,deux_roues,,1,2,1,1,6
202300031599,2023-07-28 10:40:00,2023,7,28,10,40,06,06123,BORD DE MER RN 98,43.665589,7.186593,Plein jour,En agglomération,Autre intersection,Normale,Deux véhicules - côté,7,3,2,0,1,1,1,0,1,70,2,2,1,0,1,0,58.0,24.0,voiture,deux_roues,1,2,9,1,3
202300031600,2023-03-03 23:04:00,2023,3,3,23,4,92,92050,A86,48.89784194,2.19804328,Nuit avec éclairage allumé,Hors agglomération,Hors intersection,Normale,Deux véhicules - arrière,1,1,2,0,1,1,1,1,1,70,2,3,0,0,0,3,21.0,20.0,voiture,voiture,5,1,1,1,2
202300031601,2023-11-11 15:00:00,2023,11,11,15,0,13,13214,SAINT JOSEPH (CHEMIN DE),43.34175982,5.38661797,Plein jour,En agglomération,Hors intersection,Normale,Deux véhicules - arrière,4,2,4,0,1,1,1,0,1,50,2,2,1,0,0,1,35.0,,deux_roues,voiture,1,2,1,1,2
202300031602,2023-07-28 12:00:00,2023,7,28,12,0,04,04070,PLAN DE GAUBERT (RTE DU),44.07386,6.19593,Plein jour,En agglomération,Hors intersection,Normale,Deux véhicules - frontale,4,2,2,0,1,1,1,0,1,50,2,2,1,0,1,0,15.0,69.0,deux_roues,deux_roues,1,2,1,1,1
202300031603,2023-04-08 18:00:00,2023,4,8,18,0,19,19031,ALSACE LORRAINE (AVENUE) JUSQU'A N° 55 ,45.15199,1.54091,Plein jour,En agglomération,Intersection en T,Normale,Deux véhicules - côté,3,2,2,0,1,1,1,0,1,50,2,3,1,0,2,0,18.0,75.0,deux_roues,voiture,1,2,3,1,3
202300031603,2023-04-08 18:00:00,2023,4,8,18,0,19,19031,ALSACE LORRAINE (AVENUE) JUSQU'A N° 55 ,45.15199,1.54091,Plein jour,En agglomération,Intersection en T,Normale,Deux véhicules - côté,3,2,2,0,1,1,1,0,1,50,2,3,1,0,2,0,18.0,75.0,deux_roues,voiture,1,2,3,1,3
202300031604,2023-03-03 19:15:00,2023,3,3,19,15,92,92036,A86,48.93576409,2.28722247,Nuit sans éclairage public,Hors agglomération,Hors intersection,Normale,Deux véhicules - côté,1,1,3,0,1,1,1,0,1,90,2,2,1,0,0,1,24.0,24.0,voiture,deux_roues,3,1,1,1,3
202300031605,2023-07-25 11:15:00,2023,7,25,11,15,04,04070,verdun ( avenue de ),44.08622,6.221296,Plein jour,En agglomération,Hors intersection,Normale,Autre collision,9,-1,0,0,1,1,1,0,8,30,1,2,1,0,1,0,86.0,,voiture,,1,2,1,1,6
202300031606,2023-04-07 12:20:00,2023,4,7,12,20,19,19031,MAJOUR (RUE),45.15938,1.53217,Plein jour,En agglomération,Intersection en X,Normale,Deux véhicules - côté,4,1,1,0,1,1,1,0,1,30,2,2,0,0,0,2,18.0,59.0,deux_roues,deux_roues,1,2,2,1,3
202300031606,2023-04-07 12:20:00,2023,4,7,12,20,19,19031,MAJOUR (RUE),45.15938,1.53217,Plein jour,En agglomération,Intersection en X,Normale,Deux véhicules - côté,4,1,1,0,1,1,1,0,1,30,2,2,0,0,0,2,18.0,59.0,deux_roues,deux_roues,1,2,2,1,3
202300031607,2023-11-09 13:45:00,2023,11,9,13,45,13,13214,MERIMEE,43.32802583,5.39740148,Plein jour,En agglomération,Autre intersection,Pluie légère,Trois véhicules et plus - collisions multiples,9,2,2,0,1,1,2,9,1,-1,2,4,1,0,0,2,,25.0,voiture,voiture,1,2,9,2,5
202300031608,2023-03-04 19:10:00,2023,3,4,19,10,95,95277,RD 170 ,48.97690265,2.47768521,Nuit sans éclairage public,Hors agglomération,Hors intersection,Normale,Trois véhicules et plus - collisions multiples,3,3,4,0,1,1,1,0,1,90,3,3,2,0,0,1,46.0,27.0,voiture,voiture,3,1,1,1,5
202300031609,2023-07-29 20:00:00,2023,7,29,20,0,01,01344,BRESSE (AVENUE DE),46.21135,5.20376,Plein jour,En agglomération,Hors intersection,Normale,Sans collision,3,2,2,0,1,2,1,0,3,80,1,3,1,0,0,2,40.0,,voiture,,1,2,1,1,7
202300031610,2023-04-13 15:00:00,2023,4,13,15,0,14,14366,48 Boulevard Sainte Anne,49.14289,0.22554,Plein jour,En agglomération,Hors intersection,Normale,Autre collision,4,3,2,0,1,1,1,0,1,30,1,2,1,0,0,1,71.0,,voiture,,1,2,1,1,6
202300031611,2023-11-12 01:20:00,2023,11,12,1,20,13,13001,CARNOT (BD),43.52567,5.45505,Nuit avec éclairage allumé,En agglomération,Hors intersection,Pluie forte,Deux véhicules - frontale,4,1,3,0,1,2,2,0,4,50,1,2,1,0,1,0,21.0,,voiture,,5,2,1,3,1
202300031612,2023-07-29 10:20:00,2023,7,29,10,20,75,75114,PORTE D ORLEANS,48.820562,2.323112,Plein jour,En agglomération,Hors intersection,Normale,Sans collision,4,1,3,0,1,1,1,0,1,70,1,1,0,0,0,1,53.0,,deux_roues,,1,2,1,1,7
202300031613,2023-03-03 22:20:00,2023,3,3,22,20,93,93048,AUTOROUTE A3,48.87186,2.4336,Nuit sans éclairage public,Hors agglomération,Autre intersection,Normale,Deux véhicules - arrière,1,1,3,0,1,1,1,0,8,70,2,3,2,0,1,0,55.0,,utilitaire_camion,voiture,3,1,9,1,2
202300031614,2023-04-14 19:15:00,2023,4,14,19,15,13,13201,MONTRICHER (BOULEVARD),43.30388,5.39305,Plein jour,En agglomération,Intersection à plus de 4 branches,Pluie légère,Deux véhicules - arrière,4,2,3,0,2,1,2,0,4,50,1,2,0,0,0,2,21.0,,voiture,,1,2,5,2,2
202300031614,2023-04-14 19:15:00,2023,4,14,19,15,13,13201,MONTRICHER (BOULEVARD),43.30388,5.39305,Plein jour,En agglomération,Intersection à plus de 4 branches,Pluie légère,Deux véhicules - arrière,4,3,4,3,1,1,2,0,4,50,1,2,0,0,0,2,21.0,,voiture,,1,2,5,2,2
202300031615,2023-04-14 10:50:00,2023,4,14,10,50,13,13214,Voie sans nom (sud)/ave du marche national m.i.n,43.33936228,5.38073718,Plein jour,En agglomération,Hors intersection,Normale,Deux véhicules - frontale,4,1,1,0,1,1,1,0,1,50,1,2,0,0,0,2,46.0,,autre,,1,2,1,1,1
202300031616,2023-11-11 19:46:00,2023,11,11,19,46,11,11069,,43.19629,2.32244,Nuit sans éclairage public,Hors agglomération,Giratoire,Pluie légère,Deux véhicules - côté,3,1,2,0,1,2,2,5,1,50,2,4,1,0,0,3,34.0,34.0,voiture,voiture,3,1,6,2,3
202300031616,2023-11-11 19:46:00,2023,11,11,19,46,11,11069,,43.19629,2.32244,Nuit sans éclairage public,Hors agglomération,Giratoire,Pluie légère,Deux véhicules - côté,3,1,2,0,1,2,2,5,1,50,2,4,1,0,0,3,34.0,34.0,voiture,voiture,3,1,6,2,3
202300031617,2023-03-04 07:30:00,2023,3,4,7,30,77,77058,A4,48.828,2.731,Plein jour,Hors agglomération,Hors intersection,Normale,Deux véhicules - arrière,1,1,3,0,1,1,1,0,1,130,2,4,1,0,1,2,41.0,41.0,voiture,utilitaire_camion,1,1,1,1,2
202300031618,2023-07-28 17:40:00,2023,7,28,17,40,75,75112,ECHANGEUR BERCY,48.828471,2.397418,Plein jour,En agglomération,Hors intersection,Normale,Trois véhicules et plus - en chaîne,4,1,4,0,1,1,2,0,1,70,3,7,3,0,0,4,53.0,58.0,voiture,voiture,1,2,1,1,4
202300031619,2023-11-11 17:25:00,2023,11,11,17,25,11,11069,9 Allée d'Iéna,43.21064,2.345,Crépuscule ou aube,En agglomération,Place,Pluie légère,Sans collision,4,1,2,-1,1,1,2,0,1,-1,1,1,0,0,0,1,17.0,,deux_roues,,2,2,7,2,7
202300031619,2023-11-11 17:25:00,2023,11,11,17,25,11,11069,9 Allée d'Iéna,43.21064,2.345,Crépuscule ou aube,En agglomération,Place,Pluie légère,Sans collision,4,1,3,0,1,1,2,0,1,50,1,1,0,0,0,1,17.0,,deux_roues,,2,2,7,2,7
202300031620,2023-03-03 22:30:00,2023,3,3,22,30,77,77517,A104.EXT,48.91039,2.6408,Nuit sans éclairage public,Hors agglomération,Hors intersection,Normale,Sans collision,1,1,2,0,1,2,1,0,1,50,1,1,0,0,0,1,46.0,,utilitaire_camion,,3,1,1,1,7
202300031621,2023-04-14 10:30:00,2023,4,14,10,30,13,13206,EDMOND ROSTAND (RUE),43.28955,5.37981,Plein jour,En agglomération,Intersection en T,Normale,Deux véhicules - frontale,4,1,1,0,2,1,1,0,1,50,2,3,1,0,0,2,,61.0,voiture,voiture,1,2,3,1,1
202300031621,2023-04-14 10:30:00,2023,4,14,10,30,13,13206,EDMOND ROSTAND (RUE),43.28955,5.37981,Plein jour,En agglomération,Intersection en T,Normale,Deux véhicules - frontale,4,1,1,0,1,1,1,0,1,50,2,3,1,0,0,2,,61.0,voiture,voiture,1,2,3,1,1
202300031622,2023-07-29 13:28:00,2023,7,29,13,28,75,75106,QUAI DES GRANDS AUGUSTINS,48.854602,2.342514,Plein jour,En agglomération,Intersection en T,Normale,Deux véhicules - arrière,4,1, -1,-1,1,1,1,0,1,-1,2,2,1,0,0,1,37.0,30.0,voiture,deux_roues,1,2,3,1,2
202300031622,2023-07-29 13:28:00,2023,7,29,13,28,75,75106,QUAI DES GRANDS AUGUSTINS,48.854602,2.342514,Plein jour,En agglomération,Intersection en T,Normale,Deux véhicules - arrière,4,1,2,0,1,1,1,0,1,30,2,2,1,0,0,1,37.0,30.0,voiture,deux_roues,1,2,3,1,2
202300031623,2023-11-10 17:00:00,2023,11,10,17,0,11,11069,28 Route de Bram,43.22861,2.28256,Crépuscule ou aube,Hors agglomération,Hors intersection,Pluie forte,Deux véhicules - frontale,3,2,2,0,1,1,2,0,1,80,2,2,0,0,0,2,72.0,20.0,voiture,voiture,2,1,1,3,1
202300031624,2023-03-02 08:20:00,2023,3,2,8,20,976,97611,tsoundzou-SIM ( rue de la ),-12.81976,45.19601,Plein jour,En agglomération,Hors intersection,Normale,Deux véhicules - côté,2,2,2,0,1,1,1,0,1,50,2,2,0,0,0,2,55.0,42.0,deux_roues,voiture,1,2,1,1,3
202300031625,2023-04-13 18:09:00,2023,4,13,18,9,10,10387,DANTON (RUE),48.303,4.077,Plein jour,En agglomération,Hors intersection,Normale,Autre collision,4,1,1,1,1,1,1,0,1,50,2,2,1,0,1,0,74.0,20.0,deux_roues,voiture,1,2,1,1,6
202300031626,2023-04-13 21:10:00,2023,4,13,21,10,09,09122,FAURE (COURS GABRIEL),42.963762,1.605793,Nuit avec éclairage allumé,En agglomération,Hors intersection,Pluie légère,Autre collision,4,1,2,0,1,1,2,0,8,30,1,2,1,0,0,1,90.0,,voiture,,5,2,1,2,6
202300031627,2023-07-28 19:20:00,2023,7,28,19,20,75,75119,AVENUE JEAN JAURES,48.884098,2.375247,Plein jour,En agglomération,Intersection en T,Temps couvert,Deux véhicules - frontale,4,2,4,0,1,1,2,0,1,30,2,2,1,0,0,1,25.0,51.0,voiture,deux_roues,1,2,3,8,1
202300031627,2023-07-28 19:20:00,2023,7,28,19,20,75,75119,AVENUE JEAN JAURES,48.884098,2.375247,Plein jour,En agglomération,Intersection en T,Temps couvert,Deux véhicules - frontale,4,-1, -1,-1,1,1,2,0,1,30,2,2,1,0,0,1,25.0,51.0,voiture,deux_roues,1,2,3,8,1
202300031628,2023-11-11 11:35:00,2023,11,11,11,35,10,10333,CROIX BLANCHE (RUE DE LA ),48.2754,4.057,Plein jour,En agglomération,Hors intersection,Pluie légère,Deux véhicules - côté,4,2,2,0,1,1,2,0,1,50,2,2,1,0,0,1,17.0,77.0,deux_roues,deux_roues,1,2,1,2,3
202300031629,2023-04-15 00:55:00,2023,4,15,0,55,05,05061,Avenue de Provence,44.53752396,6.05326027,Nuit avec éclairage allumé,En agglomération,Intersection en Y,Pluie légère,Autre collision,2,1,1,0,2,3,2,-1,1,-1,1,1,0,0,0,1,54.0,,deux_roues,,5,2,4,2,6
202300031629,2023-04-15 00:55:00,2023,4,15,0,55,05,05061,Avenue de Provence,44.53752396,6.05326027,Nuit avec éclairage allumé,En agglomération,Intersection en Y,Pluie légère,Autre collision,2,2,1,0,1,1,2,0,1,70,1,1,0,0,0,1,54.0,,deux_roues,,5,2,4,2,6
202300031630,2023-03-02 09:00:00,2023,3,2,9,0,974,97416,LIGNE PARADIS(ROUTE DE LA),-21.30587,55.46384,Plein jour,En agglomération,Intersection en T,Normale,Deux véhicules - côté,3,2,2,0,1,1,1,0,1,30,2,2,1,0,0,1,33.0,29.0,voiture,deux_roues,1,2,3,1,3
202300031630,2023-03-02 09:00:00,2023,3,2,9,0,974,97416,LIGNE PARADIS(ROUTE DE LA),-21.30587,55.46384,Plein jour,En agglomération,Intersection en T,Normale,Deux véhicules - côté,3,2,2,0,2,1,1,0,4,30,2,2,1,0,0,1,33.0,29.0,voiture,deux_roues,1,2,3,1,3
202300031631,2023-03-31 13:30:00,2023,3,31,13,30,04,04112,DE GAULLE (BD. CH.),43.8291,5.78578,Plein jour,En agglomération,Hors intersection,Normale,Autre collision,3,2,2,0,2,2,1,0,1,50,1,2,1,0,0,1,32.0,,transport_commun,,1,2,1,1,6
202300031632,2023-07-29 19:01:00,2023,7,29,19,1,75,75118,RUE CUSTINE,48.888408,2.347998,Plein jour,En agglomération,Intersection en X,Pluie légère,Autre collision,4,2,1,0,2,1,2,0,1,30,1,2,1,0,0,1,28.0,,deux_roues,,1,2,2,2,6
202300031632,2023-07-29 19:01:00,2023,7,29,19,1,75,75118,RUE CUSTINE,48.888408,2.347998,Plein jour,En agglomération,Intersection en X,Pluie légère,Autre collision,4,1,1,0,2,1,2,0,1,30,1,2,1,0,0,1,28.0,,deux_roues,,1,2,2,2,6
202300031633,2023-11-08 15:00:00,2023,11,8,15,0,10,10325,ROCADE OUEST (RD 610),48.26062,4.09109,Plein jour,Hors agglomération,Hors intersection,Normale,Deux véhicules - arrière,3,2,2,0,1,1,1,0,1,90,2,4,3,0,0,1,58.0,58.0,voiture,voiture,1,1,1,1,2
202300031634,2023-03-01 14:25:00,2023,3,1,14,25,974,97416,RN2 (1),-21.35367,55.5162,Plein jour,Hors agglomération,Hors intersection,Normale,Deux véhicules - arrière,2,3,4,0,1,1,1,2,1,90,2,3,1,0,0,2,43.0,63.0,voiture,voiture,1,1,1,1,2
202300031635,2023-04-11 16:45:00,2023,4,11,16,45,75,75115,PORTE DE SEVRES,48.831897,2.28169,Plein jour,En agglomération,Hors intersection,Normale,Deux véhicules - côté,4,1,3,0,1,1,1,0,1,70,2,2,0,0,0,2,54.0,42.0,voiture,deux_roues,1,2,1,1,3
202300031636,2023-05-15 08:00:00,2023,5,15,8,0,13,13078,rue max Barel,43.392709,4.804952,Plein jour,En agglomération,Intersection en Y,Normale,Deux véhicules - frontale,4,2,2,0,1,1,1,0,1,-1,2,3,1,0,0,2,19.0,49.0,deux_roues,voiture,1,2,4,1,1
202300031636,2023-05-15 08:00:00,2023,5,15,8,0,13,13078,rue max Barel,43.392709,4.804952,Plein jour,En agglomération,Intersection en Y,Normale,Deux véhicules - frontale,4,2, -1,-1,1,1,1,0,1,-1,2,3,1,0,0,2,19.0,49.0,deux_roues,voiture,1,2,4,1,1
202300031637,2023-11-09 14:25:00,2023,11,9,14,25,07,07102,BEAUCAIRE (AVENUE DE),44.92338,4.85681,Plein jour,Hors agglomération,Hors intersection,Pluie légère,Sans collision,3,-1,2,0,1,3,2,0,1,70,1,1,0,0,0,1,51.0,,voiture,,1,1,1,2,7
202300031638,2023-04-14 08:52:00,2023,4,14,8,52,75,75105,BOULEVARD SAINT GERMAIN,48.850347,2.347559,Plein jour,En agglomération,Intersection en T,Normale,Autre collision,4,1,0,0,1,1,1,0,1,30,1,2,1,0,0,1,,,utilitaire_camion,,1,2,3,1,6
202300031638,2023-04-14 08:52:00,2023,4,14,8,52,75,75105,BOULEVARD SAINT GERMAIN,48.850347,2.347559,Plein jour,En agglomération,Intersection en T,Normale,Autre collision,4,1, -1,0,1,1,1,0,1,30,1,2,1,0,0,1,,,utilitaire_camion,,1,2,3,1,6
202300031639,2023-03-02 17:20:00,2023,3,2,17,20,974,97411,MACE (BOULEVARD GABRIEL),-20.87649,55.44227,Plein jour,En agglomération,Giratoire,Normale,Deux véhicules - côté,2,1,2,1,1,3,1,9,1,50,2,2,1,0,0,1,56.0,28.0,deux_roues,voiture,1,2,6,1,3
202300031640,2023-07-29 08:05:00,2023,7,29,8,5,75,75118,RUE DAMREMONT,48.890554,2.334311,Plein jour,En agglomération,Intersection en X,Normale,Sans collision,4,1,1,0,2,1,1,0,1,30,1,1,0,0,0,1,47.0,,deux_roues,,1,2,2,1,7
202300031640,2023-07-29 08:05:00,2023,7,29,8,5,75,75118,RUE DAMREMONT,48.890554,2.334311,Plein jour,En agglomération,Intersection en X,Normale,Sans collision,4,1,1,0,2,1,1,0,1,30,1,1,0,0,0,1,47.0,,deux_roues,,1,2,2,1,7
202300031641,2023-05-24 07:20:00,2023,5,24,7,20,59,59653,RN 41,50.58404,2.906678,Plein jour,Hors agglomération,Hors intersection,Normale,Deux véhicules - arrière,2,4,0,0,2,1,1,0,1,110,2,3,2,0,0,1,41.0,52.0,utilitaire_camion,deux_roues,1,1,1,1,2
202300031642,2023-11-06 20:15:00,2023,11,6,20,15,06,06083,"COTY (COURS RENE, SENS MONT/MER)",43.77578,7.48842,Nuit avec éclairage non allumé,En agglomération,Giratoire,Normale,Autre collision,3,-1,1,0,2,1,1,0,8,50,1,1,0,0,1,0,42.0,,deux_roues,,4,2,6,1,6
202300031642,2023-11-06 20:15:00,2023,11,6,20,15,06,06083,"COTY (COURS RENE, SENS MONT/MER)",43.77578,7.48842,Nuit avec éclairage non allumé,En agglomération,Giratoire,Normale,Autre collision,3,2,2,0,2,1,1,5,1,50,1,1,0,0,1,0,42.0,,deux_roues,,4,2,6,1,6
202300031643,2023-04-14 12:30:00,2023,4,14,12,30,75,75120,RUE DES PYRENEES,48.85764,2.403897,Plein jour,En agglomération,Intersection en X,Normale,Deux véhicules - côté,4,2,2,0,2,1,1,0,1,30,2,2,1,0,0,1,49.0,50.0,voiture,deux_roues,1,2,2,1,3