accident_id,datetime,annee,mois,jour,heure,minute,departement,commune_insee,adresse,latitude,longitude,luminosite,agglomeration,intersection,meteo,collision,catr,circ,nbv,vosp,prof,plan,surf,infra,situ,vma,nb_vehicules,nb_usagers,nb_indemnes,nb_tues,nb_blesses_hosp,nb_blesses_legers,age_cond_1,age_cond_2,veh_type_cond_1,veh_type_cond_2,lum_code,agg_code,int_code,atm_code,col_code
202300031707,2023-05-20 14:55:00,2023,5,20,14,55,29,29158,Rue Edmond Michelet,47.81363622,-4.3362616,Plein jour,En agglomération,Giratoire,Normale,Deux véhicules - côté,3,2,2,0,1,3,1,3,1,30,2,2,1,0,0,1,24.0,15.0,voiture,deux_roues,1,2,6,1,3
202300031708,2023-04-14 07:40:00,2023,4,14,7,40,94,94074,Rue Etienne Dolet / Avenue du Rû de Gironde,48.74528215,2.4638245,Plein jour,En agglomération,Intersection en X,Normale,Autre collision,3,3,2,0,1,1,1,0,1,-1,1,2,1,0,0,1,61.0,,voiture,,1,2,2,1,6
202300031708,2023-04-14 07:40:00,2023,4,14,7,40,94,94074,Rue Etienne Dolet / Avenue du Rû de Gironde,48.74528215,2.4638245,Plein jour,En agglomération,Intersection en X,Normale,Autre collision,3,2,2,1,1,1,1,0,1,50,1,2,1,0,0,1,61.0,,voiture,,1,2,2,1,6
202300031709,2023-11-11 23:00:00,2023,11,11,23,0,93,93078,Boulevard Robert Ballanger,48.95942541,2.55084277,Nuit avec éclairage allumé,En agglomération,Hors intersection,Normale,Deux véhicules - côté,3,3,4,0,1,3,1,0,1,50,2,2,1,0,0,1,31.0,19.0,deux_roues,voiture,5,2,1,1,3
202300031710,2023-03-02 07:15:00,2023,3,2,7,15,72,72181,DEMORIEUX IMP DE ROCADE A RP D'ALLONNES,47.9786,0.1734,Crépuscule ou aube,En agglomération,Hors intersection,Normale,Deux véhicules - arrière,4,2,0,0,1,1,1,6,1,50,2,2,1,0,0,1,41.0,30.0,voiture,utilitaire_camion,2,2,1,1,2
202300031711,2023-05-23 13:30:00,2023,5,23,13,30,02,02303,,49.85847,3.253336,Plein jour,En agglomération,Giratoire,Normale,Deux véhicules - côté,3,-1,2,0,1,2,1,0,1,50,2,2,1,0,1,0,40.0,77.0,deux_roues,voiture,1,2,6,1,3
202300031711,2023-05-23 13:30:00,2023,5,23,13,30,02,02303,,49.85847,3.253336,Plein jour,En agglomération,Giratoire,Normale,Deux véhicules - côté,3,-1,2,0,1,3,1,0,1,50,2,2,1,0,1,0,40.0,77.0,deux_roues,voiture,1,2,6,1,3
202300031712,2023-04-13 14:00:00,2023,4,13,14,0,94,94011,D60,48.76243,2.47725,Plein jour,Hors agglomération,Hors intersection,Normale,Trois véhicules et plus - en chaîne,3,3,4,0,1,1,1,0,1,70,5,5,3,0,0,2,22.0,52.0,utilitaire_camion,voiture,1,1,1,1,4
202300031713,2023-03-01 11:00:00,2023,3,1,11,0,72,72181,FONDERIE (RUE DE LA),48.009039,0.194571,Plein jour,En agglomération,Hors intersection,Normale,Deux véhicules - côté,4,2,2,0,1,1,1,0,8,50,2,2,1,0,0,1,23.0,60.0,deux_roues,voiture,1,2,1,1,3
202300031714,2023-11-11 09:25:00,2023,11,11,9,25,93,93077,Avenue du Général Galliéni / Rue Charles Hildevert,48.89204,2.5056,Plein jour,En agglomération,Intersection en T,Temps couvert,Deux véhicules - côté,4,2,2,1,1,1,2,0,1,50,2,2,1,0,0,1,47.0,52.0,voiture,voiture,1,2,3,8,3
202300031714,2023-11-11 09:25:00,2023,11,11,9,25,93,93077,Avenue du Général Galliéni / Rue Charles Hildevert,48.89204,2.5056,Plein jour,En agglomération,Intersection en T,Temps couvert,Deux véhicules - côté,4,2,2,0,1,1,2,0,1,50,2,2,1,0,0,1,47.0,52.0,voiture,voiture,1,2,3,8,3
202300031715,2023-05-24 12:45:00,2023,5,24,12,45,03,03254,Route de Gannat,46.303504,3.296703,Plein jour,En agglomération,Hors intersection,Normale,Autre collision,3,2,2,0,1,1,1,0,3,50,1,2,1,1,0,0,82.0,,voiture,,1,2,1,1,6
202300031716,2023-04-13 11:00:00,2023,4,13,11,0,94,94017,Avenue de la République,48.82688,2.51015,Plein jour,En agglomération,Autre intersection,Normale,Deux véhicules - côté,3,3,4,0,1,1,1,5,1,50,2,2,1,0,0,1,31.0,32.0,deux_roues,voiture,1,2,9,1,3
202300031716,2023-04-13 11:00:00,2023,4,13,11,0,94,94017,Avenue de la République,48.82688,2.51015,Plein jour,En agglomération,Autre intersection,Normale,Deux véhicules - côté,3,1,1,0,1,2,1,5,1,50,2,2,1,0,0,1,31.0,32.0,deux_roues,voiture,1,2,9,1,3
202300031717,2023-02-28 14:35:00,2023,2,28,14,35,70,70261,RN19,47.62389,6.18919,Plein jour,Hors agglomération,Hors intersection,Normale,Autre collision,2,2,2,0,1,1,1,2,3,80,1,1,0,0,1,0,22.0,,utilitaire_camion,,1,1,1,1,6
202300031718,2023-03-02 23:00:00,2023,3,2,23,0,69,69266,Avenue Paul Krüger,45.75588,4.89627,Nuit avec éclairage allumé,En agglomération,Hors intersection,Normale,Autre collision,4,2,2,0,1,2,1,0,1,50,1,1,0,0,0,1,52.0,,utilitaire_camion,,5,2,1,1,6
202300031719,2023-04-14 12:40:00,2023,4,14,12,40,93,93073,Route de l'Epinette / Rue de Rome,49.00804,2.55757,Plein jour,Hors agglomération,Intersection en X,Pluie légère,Deux véhicules - côté,4,1,4,0,1,1,2,9,1,50,2,2,1,0,0,1,38.0,39.0,voiture,voiture,1,1,2,2,3
202300031719,2023-04-14 12:40:00,2023,4,14,12,40,93,93073,Route de l'Epinette / Rue de Rome,49.00804,2.55757,Plein jour,Hors agglomération,Intersection en X,Pluie légère,Deux véhicules - côté,4,2,2,0,1,1,2,9,1,50,2,2,1,0,0,1,38.0,39.0,voiture,voiture,1,1,2,2,3
202300031720,2023-05-23 17:00:00,2023,5,23,17,0,01,01306,97 Grande Rue,46.260073,4.887832,Plein jour,En agglomération,Intersection en T,Normale,Autre collision,3,2,2,0,1,1,1,0,1,50,1,2,1,0,1,0,16.0,,deux_roues,,1,2,3,1,6
202300031720,2023-05-23 17:00:00,2023,5,23,17,0,01,01306,97 Grande Rue,46.260073,4.887832,Plein jour,En agglomération,Intersection en T,Normale,Autre collision,3,2,2,0,1,1,1,0,1,30,1,2,1,0,1,0,16.0,,deux_roues,,1,2,3,1,6
202300031721,2023-11-11 13:00:00,2023,11,11,13,0,93,93001,Avenue Jean Jaurès / Avenue de la République,48.903677,2.391914,Plein jour,En agglomération,Intersection en X,Temps couvert,Trois véhicules et plus - en chaîne,3,3,2,0,1,1,2,0,1,50,3,3,2,0,0,1,45.0,22.0,deux_roues,utilitaire_camion,1,2,2,8,4
202300031721,2023-11-11 13:00:00,2023,11,11,13,0,93,93001,Avenue Jean Jaurès / Avenue de la République,48.903677,2.391914,Plein jour,En agglomération,Intersection en X,Temps couvert,Trois véhicules et plus - en chaîne,3,2,2,3,1,1,2,0,1,-1,3,3,2,0,0,1,45.0,22.0,deux_roues,utilitaire_camion,1,2,2,8,4
202300031722,2023-03-02 11:15:00,2023,3,2,11,15,69,69264,623 Rue de Thizy,45.98825,4.71048,Plein jour,En agglomération,Hors intersection,Normale,Autre collision,3,2,2,0,1,1,1,0,1,50,1,2,1,0,0,1,74.0,,voiture,,1,2,1,1,6
202300031723,2023-05-23 18:45:00,2023,5,23,18,45,01,01426,Route de Saint Etienne du Bois,46.285078,5.316347,Plein jour,Hors agglomération,Hors intersection,Normale,Autre collision,3,2,2,0,1,1,1,0,3,80,1,1,0,1,0,0,28.0,,voiture,,1,1,1,1,6
202300031724,2023-11-11 13:59:00,2023,11,11,13,59,92,92078,GALLIENI (BD) (1 A 79 ET 22 A 102),48.92795,2.33113,Plein jour,En agglomération,Autre intersection,Temps couvert,Deux véhicules - frontale,3,3,3,1,1,1,1,2,1,50,2,2,0,0,1,1,21.0,26.0,voiture,voiture,1,2,9,8,1
202300031725,2023-04-13 18:30:00,2023,4,13,18,30,93,93046,Avenue Paul Bert / Avenue Vauban,48.919006,2.524444,Plein jour,En agglomération,Intersection en X,Pluie légère,Trois véhicules et plus - collisions multiples,4,2,2,0,1,1,2,0,1,50,3,3,0,0,0,3,31.0,36.0,voiture,voiture,1,2,2,2,5
202300031725,2023-04-13 18:30:00,2023,4,13,18,30,93,93046,Avenue Paul Bert / Avenue Vauban,48.919006,2.524444,Plein jour,En agglomération,Intersection en X,Pluie légère,Trois véhicules et plus - collisions multiples,4,2,2,0,1,1,2,0,1,50,3,3,0,0,0,3,31.0,36.0,voiture,voiture,1,2,2,2,5
202300031726,2023-03-02 03:45:00,2023,3,2,3,45,66,66136,,42.70232,2.897476,Nuit avec éclairage allumé,En agglomération,Hors intersection,Normale,Autre collision,4,2,2,0,1,3,1,0,1,50,1,1,0,0,1,0,20.0,,voiture,,5,2,1,1,6
202300031727,2023-05-19 10:45:00,2023,5,19,10,45,72,72010,Cimetière,47.890593,-0.240203,Plein jour,Hors agglomération,Hors intersection,Normale,Autre collision,3,2,2,0,1,4,1,0,1,80,2,3,1,0,1,1,66.0,29.0,deux_roues,utilitaire_camion,1,1,1,1,6
202300031728,2023-04-14 11:00:00,2023,4,14,11,0,93,93070,136 Avenue Michelet,48.90229793,2.34412059,Plein jour,En agglomération,Hors intersection,Normale,Deux véhicules - côté,3,2,2,0,1,1,1,0,1,50,2,2,1,0,0,1,24.0,28.0,deux_roues,voiture,1,2,1,1,3
202300031729,2023-11-10 19:10:00,2023,11,10,19,10,92,92048,GABRIELE D' ANNUNZIO (RUE),48.78835764,2.23008256,Nuit avec éclairage allumé,En agglomération,Intersection en T,Pluie légère,Deux véhicules - côté,4,2,1,0,1,1,2,0,1,50,2,2,1,0,0,1,86.0,48.0,voiture,deux_roues,5,2,3,2,3
202300031729,2023-11-10 19:10:00,2023,11,10,19,10,92,92048,GABRIELE D' ANNUNZIO (RUE),48.78835764,2.23008256,Nuit avec éclairage allumé,En agglomération,Intersection en T,Pluie légère,Deux véhicules - côté,4,2,2,0,1,1,2,0,1,50,2,2,1,0,0,1,86.0,48.0,voiture,deux_roues,5,2,3,2,3
202300031730,2023-03-01 10:05:00,2023,3,1,10,5,66,66136,,42.72242805,2.88627684,Plein jour,En agglomération,Hors intersection,Normale,Autre collision,4,3,2,0,1,1,1,0,1,30,1,2,1,0,0,1,38.0,,voiture,,1,2,1,1,6
202300031731,2023-04-14 07:30:00,2023,4,14,7,30,93,93066,Avenue Lénine,48.9373327,2.36816043,Plein jour,En agglomération,Autre intersection,Normale,Deux véhicules - côté,4,2,2,0,1,1,1,0,1,50,2,2,1,0,0,1,49.0,56.0,voiture,deux_roues,1,2,9,1,3
202300031732,2023-11-11 05:30:00,2023,11,11,5,30,92,92012,POINT DU JOUR (QUAI DU),48.82816,2.25367,Nuit avec éclairage allumé,En agglomération,Intersection en T,Pluie légère,Autre collision,3,1,1,0,1,1,2,5,1,-1,1,1,0,0,0,1,41.0,,voiture,,5,2,3,2,6
202300031732,2023-11-11 05:30:00,2023,11,11,5,30,92,92012,POINT DU JOUR (QUAI DU),48.82816,2.25367,Nuit avec éclairage allumé,En agglomération,Intersection en T,Pluie légère,Autre collision,3,-1,2,0,1,1,2,0,4,50,1,1,0,0,0,1,41.0,,voiture,,5,2,3,2,6
202300031733,2023-05-24 12:10:00,2023,5,24,12,10,50,50219,Route de la Houguette,49.068995,-1.460023,Plein jour,Hors agglomération,Intersection en T,Normale,Trois véhicules et plus - collisions multiples,3,2,2,0,1,1,1,0,1,80,3,4,1,0,0,3,51.0,19.0,voiture,voiture,1,1,3,1,5
202300031733,2023-05-24 12:10:00,2023,5,24,12,10,50,50219,Route de la Houguette,49.068995,-1.460023,Plein jour,Hors agglomération,Intersection en T,Normale,Trois véhicules et plus - collisions multiples,3,2, -1,-1,1,1,1,0,1,-1,3,4,1,0,0,3,51.0,19.0,voiture,voiture,1,1,3,1,5
202300031734,2023-03-02 15:36:00,2023,3,2,15,36,64,64132,MARECHAL FOCH,43.28751,-0.35011,Plein jour,En agglomération,Hors intersection,Normale,Deux véhicules - arrière,4,2,2,0,1,1,1,0,1,50,2,2,1,0,0,1,19.0,63.0,voiture,voiture,1,2,1,1,2
202300031735,2023-04-14 18:45:00,2023,4,14,18,45,93,93031,Avenue de la République / Avenue de la Marne,48.95015,2.32837,Crépuscule ou aube,En agglomération,Intersection en T,Pluie légère,Autre collision,3,2,2,-1,1,1,2,5,1,-1,1,2,1,0,0,1,33.0,,deux_roues,,2,2,3,2,6
202300031735,2023-04-14 18:45:00,2023,4,14,18,45,93,93031,Avenue de la République / Avenue de la Marne,48.95015,2.32837,Crépuscule ou aube,En agglomération,Intersection en T,Pluie légère,Autre collision,3,3,4,0,1,1,2,5,1,50,1,2,1,0,0,1,33.0,,deux_roues,,2,2,3,2,6
202300031736,2023-09-26 08:35:00,2023,9,26,8,35,40,40075,A63,43.835078,-1.180244,Plein jour,Hors agglomération,Autre intersection,Normale,Autre collision,1,1,0,0,1,1,1,7,8,70,1,3,1,0,2,0,27.0,,voiture,,1,1,9,1,6
202300031737,2023-05-24 07:40:00,2023,5,24,7,40,60,60319,D981,49.355061,1.942256,Plein jour,Hors agglomération,Hors intersection,Normale,Sans collision,6,-1, -1,0,1,1,1,9,8,30,1,2,1,0,1,0,66.0,,deux_roues,,1,1,1,1,7
202300031738,2023-03-01 09:00:00,2023,3,1,9,0,64,64445,ALSACE LORRAINE D',43.3039,-0.36596,Plein jour,En agglomération,Hors intersection,Normale,Autre collision,4,2,3,0,1,1,1,0,1,50,1,2,0,0,0,2,28.0,,deux_roues,,1,2,1,1,6
202300031739,2023-04-14 09:10:00,2023,4,14,9,10,92,92073,DE LATTRE DE TASSIGNY (BOULEVARD DU MARE,48.866267,2.215774,Plein jour,En agglomération,Hors intersection,Normale,Autre collision,3,2,2,0,2,2,1,0,3,50,1,1,0,0,0,1,23.0,,deux_roues,,1,2,1,1,6
202300031740,2023-05-23 14:00:00,2023,5,23,14,0,73,73019,D72,45.519662,6.317954,Plein jour,Hors agglomération,Hors intersection,Normale,Autre collision,3,2,2,0,2,4,1,0,3,80,1,1,0,0,1,0,66.0,,deux_roues,,1,1,1,1,6
202300031741,2023-11-12 06:30:00,2023,11,12,6,30,91,91086,D31,48.602836,2.383046,Nuit sans éclairage public,Hors agglomération,Autre intersection,Pluie légère,Deux véhicules - frontale,3,2,2,0,1,2,2,0,1,90,2,2,0,0,1,1,26.0,31.0,voiture,voiture,3,1,9,2,1
202300031742,2023-04-14 10:50:00,2023,4,14,10,50,92,92064,ROUTE DE PARIS A VERSAILLES,48.84168156,2.21584931,Plein jour,Hors agglomération,Autre intersection,Normale,Deux véhicules - côté,4,2,2,0,2,1,1,0,1,50,2,3,1,0,0,2,80.0,22.0,voiture,deux_roues,1,1,9,1,3
202300031743,2023-03-01 15:45:00,2023,3,1,15,45,64,64122,MARIE HOPE VERE (RUE),43.48285,-1.55658,Plein jour,En agglomération,Intersection en X,Normale,Deux véhicules - côté,4,1,1,0,2,1,1,0,1,30,2,2,1,0,0,1,17.0,51.0,deux_roues,voiture,1,2,2,1,3
202300031743,2023-03-01 15:45:00,2023,3,1,15,45,64,64122,MARIE HOPE VERE (RUE),43.48285,-1.55658,Plein jour,En agglomération,Intersection en X,Normale,Deux véhicules - côté,4,1, -1,-1,1,1,1,0,1,-1,2,2,1,0,0,1,17.0,51.0,deux_roues,voiture,1,2,2,1,3
202300031744,2023-11-12 13:45:00,2023,11,12,13,45,38,38336,N7,45.495661,4.836334,Plein jour,Hors agglomération,Hors intersection,Normale,Sans collision,2,2,2,0,2,2,2,0,3,80,1,1,0,0,1,0,20.0,,voiture,,1,1,1,1,7
202300031745,2023-05-22 04:25:00,2023,5,22,4,25,36,36018,Rue du Marchais,46.648939,1.070518,Nuit sans éclairage public,Hors agglomération,Hors intersection,Normale,Autre collision,4,-1,2,0,1,4,1,0,3,80,1,1,0,0,1,0,29.0,,voiture,,3,1,1,1,6
202300031746,2023-11-12 16:30:00,2023,11,12,16,30,21,21572,A36,47.121775,5.390339,Crépuscule ou aube,Hors agglomération,Hors intersection,Pluie légère,Autre collision,1,1,2,0,1,2,3,3,1,70,1,2,0,0,0,2,49.0,,voiture,,2,1,1,2,6
202300031747,2023-04-13 21:55:00,2023,4,13,21,55,92,92063,COLMAR (AVENUE DE),48.88715387,2.16948062,Nuit avec éclairage allumé,En agglomération,Hors intersection,Pluie légère,Trois véhicules et plus - collisions multiples,3,2,0,0,2,1,2,2,1,50,4,4,2,0,0,2,21.0,62.0,voiture,voiture,5,2,1,2,5
202300031748,2023-03-01 09:45:00,2023,3,1,9,45,64,64122,MARNE (AVENUE DE LA),43.4819,-1.54296,Plein jour,En agglomération,Hors intersection,Normale,Deux véhicules - côté,4,2,2,0,1,1,1,0,1,50,2,2,1,0,0,1,32.0,19.0,voiture,voiture,1,2,1,1,3
202300031749,2023-05-23 22:45:00,2023,5,23,22,45,24,24484,D6089,45.122634,0.85695,Nuit sans éclairage public,En agglomération,Hors intersection,Normale,Autre collision,3,3,2,0,1,1,1,0,1,50,1,1,0,0,0,1,64.0,,deux_roues,,3,2,1,1,6
202300031750,2023-05-24 12:20:00,2023,5,24,12,20,85,85234,23 Rue de challans,46.793572,-2.053686,Plein jour,En agglomération,Hors intersection,Normale,Deux véhicules - côté,4,-1,2,0,1,1,1,0,1,-1,2,2,1,0,1,0,43.0,78.0,deux_roues,voiture,1,2,1,1,3
202300031751,2023-03-02 16:10:00,2023,3,2,16,10,64,64024,COMPAGNET (GIRATOIRE DE),43.46047975,-1.49623007,Plein jour,En agglomération,Hors intersection,Normale,Deux véhicules - côté,4,1,2,0,1,2,1,0,1,50,2,2,1,0,0,1,16.0,38.0,deux_roues,voiture,1,2,1,1,3
202300031752,2023-10-02 10:20:00,2023,10,2,10,20,71,71550,"Autoroute A6, sens Paris-Lyon, PK 366.600",46.489005,4.894897,Plein jour,Hors agglomération,Hors intersection,Normale,Deux véhicules - arrière,1,3,3,0,1,1,1,0,1,130,2,3,2,0,0,1,23.0,55.0,voiture,utilitaire_camion,1,1,1,1,2
202300031753,2023-04-14 16:45:00,2023,4,14,16,45,92,92050,HAVRE BOULEVARD DU,48.91886166,2.22245961,Plein jour,En agglomération,Intersection en Y,Pluie forte,Deux véhicules - côté,3,4,5,0,2,1,2,5,1,50,2,3,1,0,0,2,20.0,32.0,deux_roues,voiture,1,2,4,3,3
202300031753,2023-04-14 16:45:00,2023,4,14,16,45,92,92050,HAVRE BOULEVARD DU,48.91886166,2.22245961,Plein jour,En agglomération,Intersection en Y,Pluie forte,Deux véhicules - côté,3,1,0,3,1,3,2,5,1,50,2,3,1,0,0,2,20.0,32.0,deux_roues,voiture,1,2,4,3,3
202300031754,2023-11-12 00:45:00,2023,11,12,0,45,974,97422,140 Rue Emile Zola,-21.241001,55.493328,Nuit sans éclairage public,Hors agglomération,Hors intersection,Temps couvert,Autre collision,3,2,2,0,2,4,1,0,1,70,1,2,0,0,2,0,16.0,,deux_roues,,3,1,1,8,6
202300031755,2023-04-14 16:45:00,2023,4,14,16,45,92,92050,SAULES RUE DES,48.90973433,2.21578091,Plein jour,En agglomération,Hors intersection,Pluie légère,Deux véhicules - côté,4,2,4,0,1,1,2,1,1,50,2,2,1,0,0,1,45.0,58.0,voiture,deux_roues,1,2,1,2,3
202300031756,2023-05-24 16:50:00,2023,5,24,16,50,28,28116,Intersection D23/D139,48.457925,1.243032,Plein jour,Hors agglomération,Intersection en Y,Normale,Deux véhicules - côté,3,2,2,0,1,1,1,5,1,80,2,2,1,0,1,0,46.0,18.0,voiture,deux_roues,1,1,4,1,3
202300031756,2023-05-24 16:50:00,2023,5,24,16,50,28,28116,Intersection D23/D139,48.457925,1.243032,Plein jour,Hors agglomération,Intersection en Y,Normale,Deux véhicules - côté,3,2, -1,-1,1,1,1,0,1,-1,2,2,1,0,1,0,46.0,18.0,voiture,deux_roues,1,1,4,1,3
202300031757,2023-03-01 13:10:00,2023,3,1,13,10,63,63113,BRUGIERE / Gravanche,45.78969,3.11806,Plein jour,En agglomération,Intersection en X,Normale,Deux véhicules - arrière,7,3,4,0,1,1,1,0,1,50,2,3,2,0,0,1,22.0,40.0,voiture,voiture,1,2,2,1,2
202300031757,2023-03-01 13:10:00,2023,3,1,13,10,63,63113,BRUGIERE / Gravanche,45.78969,3.11806,Plein jour,En agglomération,Intersection en X,Normale,Deux véhicules - arrière,7,2,2,-1,1,1,1,0,1,-1,2,3,2,0,0,1,22.0,40.0,voiture,voiture,1,2,2,1,2
202300031758,2023-11-12 08:00:00,2023,11,12,8,0,972,97222,Pontaléry,14.668693,-60.94766,Plein jour,En agglomération,Hors intersection,Normale,Autre collision,4,2,2,0,1,1,1,0,1,50,1,2,1,0,0,1,38.0,,voiture,,1,2,1,1,6
202300031759,2023-04-14 12:25:00,2023,4,14,12,25,92,92049,GINOUX AVENUE HENRI AUTRES N°,48.81121,2.31843,Plein jour,En agglomération,Intersection en X,Normale,Deux véhicules - côté,3,1,1,0,1,1,1,0,1,50,2,3,1,0,0,2,56.0,37.0,voiture,utilitaire_camion,1,2,2,1,3
202300031759,2023-04-14 12:25:00,2023,4,14,12,25,92,92049,GINOUX AVENUE HENRI AUTRES N°,48.81121,2.31843,Plein jour,En agglomération,Intersection en X,Normale,Deux véhicules - côté,3,1,0,0,1,1,1,8,1,50,2,3,1,0,0,2,56.0,37.0,voiture,utilitaire_camion,1,2,2,1,3
202300031760,2023-04-13 21:25:00,2023,4,13,21,25,92,92025,HENRI BARBUSSE (AV),48.918542,2.252655,Nuit avec éclairage allumé,En agglomération,Hors intersection,Pluie forte,Autre collision,3,4,2,0,2,1,2,9,8,30,1,2,0,0,0,2,71.0,,voiture,,5,2,1,3,6
202300031761,2023-05-22 17:20:00,2023,5,22,17,20,87,87116,N147,46.128073,1.009927,Plein jour,Hors agglomération,Autre intersection,Normale,Deux véhicules - côté,2,2,3,0,1,1,1,9,1,80,2,5,2,0,0,3,62.0,66.0,voiture,voiture,1,1,9,1,3
202300031762,2023-03-02 13:30:00,2023,3,2,13,30,60,60057,Avenue du 8 Mai 1945,49.44131,2.09517,Plein jour,En agglomération,Intersection en X,Normale,Deux véhicules - côté,4,2,8,0,1,1,1,0,1,50,2,3,2,0,0,1,55.0,38.0,utilitaire_camion,utilitaire_camion,1,2,2,1,3
202300031763,2023-11-11 14:50:00,2023,11,11,14,50,972,97205,Route Nationale 2,14.633023,-61.129131,Plein jour,Hors agglomération,Hors intersection,Normale,Trois véhicules et plus - collisions multiples,2,2,2,0,1,4,1,0,1,-1,3,3,1,0,2,0,29.0,53.0,deux_roues,deux_roues,1,1,1,1,5
202300031764,2023-05-23 20:37:00,2023,5,23,20,37,37,37050,41 Rue de la Plaine,47.343281,0.715182,Plein jour,En agglomération,Hors intersection,Normale,Autre collision,4,2,2,0,1,1,1,0,1,50,1,2,1,0,0,1,22.0,,voiture,,1,2,1,1,6
202300031765,2023-03-01 23:00:00,2023,3,1,23,0,59,59343,DOUAI RUE DE       N° PAIR,50.58323,3.08886,Nuit sans éclairage public,En agglomération,Giratoire,Normale,Autre collision,7,1,1,0,1,2,1,0,1,30,2,2,1,0,0,1,,36.0,voiture,deux_roues,3,2,6,1,6
202300031766,2023-04-14 17:52:00,2023,4,14,17,52,92,92024,JEAN JAURES (BD) DE 47 A 109)   (56 A 14,48.90115,2.30526,Plein jour,En agglomération,Intersection en X,Pluie légère,Deux véhicules - côté,3,1,3,0,1,1,2,0,1,50,2,2,1,0,0,1,22.0,56.0,deux_roues,voiture,1,2,2,2,3
202300031766,2023-04-14 17:52:00,2023,4,14,17,52,92,92024,JEAN JAURES (BD) DE 47 A 109)   (56 A 14,48.90115,2.30526,Plein jour,En agglomération,Intersection en X,Pluie légère,Deux véhicules - côté,3,1,3,0,1,1,2,0,1,50,2,2,1,0,0,1,22.0,56.0,deux_roues,voiture,1,2,2,2,3
202300031767,2023-11-11 17:55:00,2023,11,11,17,55,44,44071,14 Rue de la châtaigneraie,47.186187,-1.43797,Nuit sans éclairage public,En agglomération,Intersection en T,Pluie légère,Deux véhicules - côté,3,2,2,0,1,1,2,0,1,70,2,2,1,0,1,0,14.0,74.0,deux_roues,voiture,3,2,3,2,3
202300031767,2023-11-11 17:55:00,2023,11,11,17,55,44,44071,14 Rue de la châtaigneraie,47.186187,-1.43797,Nuit sans éclairage public,En agglomération,Intersection en T,Pluie légère,Deux véhicules - côté,3,2,2,0,1,1,2,0,1,50,2,2,1,0,1,0,14.0,74.0,deux_roues,voiture,3,2,3,2,3
202300031768,2023-05-24 12:40:00,2023,5,24,12,40,30,30228,,43.958472,4.332561,Plein jour,Hors agglomération,Hors intersection,Normale,Autre collision,3,2,2,0,1,3,1,0,3,80,1,1,0,0,1,0,52.0,,deux_roues,,1,1,1,1,6
202300031769,2023-04-14 22:55:00,2023,4,14,22,55,92,92023,BIEVRES (RUE DE),48.79392,2.2651,Nuit avec éclairage allumé,En agglomération,Intersection en T,Pluie légère,Sans collision,4,2,2,0,2,1,2,0,1,30,1,1,0,0,0,1,17.0,,deux_roues,,5,2,3,2,7
202300031769,2023-04-14 22:55:00,2023,4,14,22,55,92,92023,BIEVRES (RUE DE),48.79392,2.2651,Nuit avec éclairage allumé,En agglomération,Intersection en T,Pluie légère,Sans collision,4,2,2,-1,1,1,2,5,1,-1,1,1,0,0,0,1,17.0,,deux_roues,,5,2,3,2,7
202300031770,2023-03-02 09:00:00,2023,3,2,9,0,59,59350,Avenue Le Corbusier,50.63737496,3.07057679,Plein jour,En agglomération,Hors intersection,Normale,Sans collision,4,1,1,2,1,1,1,9,5,30,2,3,2,0,0,1,76.0,42.0,voiture,deux_roues,1,2,1,1,7
202300031771,2023-05-24 09:15:00,2023,5,24,9,15,52,52442,N67,48.431649,5.148554,Plein jour,Hors agglomération,Hors intersection,Normale,Deux véhicules - frontale,2,2,2,0,1,1,1,0,1,80,2,2,1,1,0,0,57.0,33.0,voiture,utilitaire_camion,1,1,1,1,1
202300031772,2023-04-14 06:30:00,2023,4,14,6,30,92,92012,EDOUARD VAILLANT (AVENUE) 57/FIN - 58/FI,48.83472775,2.24703938,Crépuscule ou aube,En agglomération,Intersection en T,Normale,Deux véhicules - côté,3,2,2,0,1,1,1,0,1,50,2,2,1,0,0,1,43.0,19.0,voiture,deux_roues,2,2,3,1,3
202300031772,2023-04-14 06:30:00,2023,4,14,6,30,92,92012,EDOUARD VAILLANT (AVENUE) 57/FIN - 58/FI,48.83472775,2.24703938,Crépuscule ou aube,En agglomération,Intersection en T,Normale,Deux véhicules - côté,3,1,4,0,1,1,1,0,1,50,2,2,1,0,0,1,43.0,19.0,voiture,deux_roues,2,2,3,1,3
202300031773,2023-03-01 11:30:00,2023,3,1,11,30,59,59024,CALVAIRE (RUE),50.33369,3.23256,Plein jour,En agglomération,Hors intersection,Normale,Deux véhicules - frontale,3,2,2,0,1,1,1,0,1,50,2,3,2,1,0,0,42.0,71.0,voiture,voiture,1,2,1,1,1
202300031774,2023-11-10 15:30:00,2023,11,10,15,30,95,95633,D317,48.999831,2.484176,Plein jour,Hors agglomération,Hors intersection,Pluie légère,Trois véhicules et plus - en chaîne,3,3,2,0,2,1,2,0,1,90,5,5,4,0,1,0,52.0,44.0,utilitaire_camion,utilitaire_camion,1,1,1,2,4
202300031775,2023-04-15 06:30:00,2023,4,15,6,30,51,51457,D1E4,49.094332,3.777848,Crépuscule ou aube,Hors agglomération,Hors intersection,Pluie légère,Sans collision,3,2,2,0,1,2,2,9,3,80,1,4,1,0,0,3,30.0,,voiture,,2,1,1,2,7