accident_id,datetime,annee,mois,jour,heure,minute,departement,commune_insee,adresse,latitude,longitude,luminosite,agglomeration,intersection,meteo,collision,catr,circ,nbv,vosp,prof,plan,surf,infra,situ,vma,nb_vehicules,nb_usagers,nb_indemnes,nb_tues,nb_blesses_hosp,nb_blesses_legers,age_cond_1,age_cond_2,veh_type_cond_1,veh_type_cond_2,lum_code,agg_code,int_code,atm_code,col_code
202300031776,2023-05-23 07:48:00,2023,5,23,7,48,67,67176,D1062,48.881055,7.67101,Crépuscule ou aube,Hors agglomération,Hors intersection,Normale,Deux véhicules - arrière,3,2,2,0,1,1,1,0,1,80,2,2,1,0,1,0,47.0,52.0,deux_roues,voiture,2,1,1,1,2
202300031777,2023-03-02 21:50:00,2023,3,2,21,50,59,59043,MONT NOIR (ROUTE DU),50.7591,2.75119,Nuit sans éclairage public,Hors agglomération,Hors intersection,Normale,Autre collision,3,2,2,0,1,1,1,0,8,70,1,1,0,0,0,1,33.0,,voiture,,3,1,1,1,6
202300031778,2023-04-13 06:30:00,2023,4,13,6,30,972,97217,D9,14.469744,-60.85708,Plein jour,En agglomération,Giratoire,Normale,Deux véhicules - côté,3,1,2,0,1,2,1,5,1,50,2,2,1,0,0,1,65.0,51.0,voiture,deux_roues,1,2,6,1,3
202300031779,2023-11-12 18:50:00,2023,11,12,18,50,56,56010,Tenuel,47.866789,-3.049521,Nuit sans éclairage public,Hors agglomération,Intersection en T,Pluie légère,Deux véhicules - côté,3,2,2,0,1,1,2,0,1,80,2,3,1,1,1,0,29.0,76.0,voiture,voiture,3,1,3,2,3
202300031779,2023-11-12 18:50:00,2023,11,12,18,50,56,56010,Tenuel,47.866789,-3.049521,Nuit sans éclairage public,Hors agglomération,Intersection en T,Pluie légère,Deux véhicules - côté,3,2,2,-1,1,1,2,0,1,-1,2,3,1,1,1,0,29.0,76.0,voiture,voiture,3,1,3,2,3
202300031780,2023-03-01 11:25:00,2023,3,1,11,25,57,57631,DEVIATION SUD,49.10701,7.08569,Plein jour,En agglomération,Hors intersection,Normale,Deux véhicules - frontale,3,2,2,0,2,3,1,0,1,70,2,2,0,0,1,1,35.0,35.0,utilitaire_camion,utilitaire_camion,1,2,1,1,1
202300031781,2023-05-21 16:58:00,2023,5,21,16,58,11,11170,1 Boulevard du Bois de l’Etang,43.111796,3.092474,Plein jour,En agglomération,Hors intersection,Pluie légère,Deux véhicules - frontale,4,2,2,0,1,1,2,0,1,50,2,6,0,0,1,5,55.0,57.0,voiture,voiture,1,2,1,2,1
202300031782,2023-03-28 16:35:00,2023,3,28,16,35,83,83004,Rdn 7,43.447171,6.48159,Plein jour,Hors agglomération,Hors intersection,Normale,Trois véhicules et plus - collisions multiples,3,2,2,0,1,3,1,0,1,80,3,4,1,0,2,1,78.0,62.0,voiture,voiture,1,1,1,1,5
202300031783,2023-03-02 05:20:00,2023,3,2,5,20,56,56121,D465 Desserte Portuaire,47.75006,-3.38707,Nuit sans éclairage public,Hors agglomération,Hors intersection,Normale,Autre collision,3,3,4,0,1,1,1,0,3,70,1,1,0,0,0,1,23.0,,voiture,,3,1,1,1,6
202300031784,2023-04-14 18:10:00,2023,4,14,18,10,23,23195,D940,46.204811,1.905307,Plein jour,En agglomération,Intersection en T,Pluie forte,Deux véhicules - côté,3,2,2,0,1,1,2,0,1,50,2,2,1,0,1,0,37.0,21.0,autre,deux_roues,1,2,3,3,3
202300031784,2023-04-14 18:10:00,2023,4,14,18,10,23,23195,D940,46.204811,1.905307,Plein jour,En agglomération,Intersection en T,Pluie forte,Deux véhicules - côté,3,2,2,0,1,1,2,0,1,50,2,2,1,0,1,0,37.0,21.0,autre,deux_roues,1,2,3,3,3
202300031785,2023-11-10 12:50:00,2023,11,10,12,50,2B,2B043,Sagro,42.796302,9.490034,Plein jour,Hors agglomération,Hors intersection,Vent fort / tempête,Deux véhicules - frontale,3,2,2,0,2,2,2,0,1,80,2,3,1,0,0,2,67.0,31.0,voiture,voiture,1,1,1,6,1
202300031786,2023-05-23 20:55:00,2023,5,23,20,55,29,29234,D62,47.86251164,-3.50471948,Crépuscule ou aube,Hors agglomération,Hors intersection,Normale,Deux véhicules - côté,3,2,2,0,1,1,1,0,1,80,2,4,3,0,1,0,62.0,33.0,deux_roues,voiture,2,1,1,1,3
202300031787,2023-03-01 07:40:00,2023,3,1,7,40,56,56121,39 Rue Monistrol,47.73755,-3.38225,Plein jour,En agglomération,Hors intersection,Normale,Deux véhicules - côté,4,3,2,1,2,1,1,0,1,30,2,2,1,0,0,1,42.0,52.0,deux_roues,utilitaire_camion,1,2,1,1,3
202300031788,2023-04-15 14:00:00,2023,4,15,14,0,52,52014,A31 PK97.050 direction Dijon (21),47.76917461,5.19473681,Plein jour,Hors agglomération,Hors intersection,Pluie forte,Autre collision,1,3,6,0,1,1,3,0,2,130,1,2,1,0,0,1,30.0,,voiture,,1,1,1,3,6
202300031789,2023-11-12 06:30:00,2023,11,12,6,30,80,80613,D1015,50.041773,1.462355,Nuit sans éclairage public,Hors agglomération,Hors intersection,Normale,Autre collision,3,2,2,0,1,1,1,0,3,80,1,1,0,0,1,0,21.0,,voiture,,3,1,1,1,6
202300031790,2023-11-12 02:30:00,2023,11,12,2,30,71,71543,D215,46.568929,4.890193,Nuit sans éclairage public,En agglomération,Hors intersection,Pluie forte,Autre collision,3,2,2,0,2,1,2,0,3,70,1,1,0,0,0,1,19.0,,deux_roues,,3,2,1,3,6
202300031791,2023-05-22 22:50:00,2023,5,22,22,50,37,37110,D976,47.32100449,1.0639143,Nuit avec éclairage non allumé,Hors agglomération,Intersection en Y,Normale,Deux véhicules - côté,3,2,2,0,1,1,1,0,1,80,2,2,1,0,1,0,29.0,35.0,utilitaire_camion,voiture,4,1,4,1,3
202300031791,2023-05-22 22:50:00,2023,5,22,22,50,37,37110,D976,47.32100449,1.0639143,Nuit avec éclairage non allumé,Hors agglomération,Intersection en Y,Normale,Deux véhicules - côté,3,2,2,0,1,1,1,0,1,90,2,2,1,0,1,0,29.0,35.0,utilitaire_camion,voiture,4,1,4,1,3
202300031792,2023-03-01 09:12:00,2023,3,1,9,12,54,54184,RD 674,48.70077,6.24274,Plein jour,En agglomération,Hors intersection,Normale,Deux véhicules - frontale,7,2,2,0,1,1,1,0,1,70,2,2,0,0,1,1,42.0,54.0,utilitaire_camion,utilitaire_camion,1,2,1,1,1
202300031793,2023-04-13 08:55:00,2023,4,13,8,55,22,22389,N12,48.47923,-2.666411,Plein jour,Hors agglomération,Hors intersection,Normale,Trois véhicules et plus - en chaîne,2,3,2,0,1,1,1,0,1,110,4,5,4,0,0,1,45.0,48.0,voiture,voiture,1,1,1,1,4
202300031794,2023-05-24 11:10:00,2023,5,24,11,10,77,77175,Route departementale 619 PK 6+900,48.631391,2.642534,Plein jour,Hors agglomération,Hors intersection,Normale,Deux véhicules - frontale,3,2,2,0,1,1,1,0,3,90,1,3,0,1,2,0,84.0,,voiture,,1,1,1,1,1
202300031795,2023-04-14 11:05:00,2023,4,14,11,5,62,62307,D243,50.914994,1.732385,Plein jour,Hors agglomération,Hors intersection,Normale,Sans collision,3,2,2,0,2,2,1,0,3,80,1,1,0,0,1,0,67.0,,deux_roues,,1,1,1,1,7
202300031796,2023-11-11 04:30:00,2023,11,11,4,30,63,63165,route de ligny,45.786021,2.464854,Nuit sans éclairage public,Hors agglomération,Hors intersection,Normale,Autre collision,4,2,2,0,1,4,2,0,3,90,1,2,0,0,0,2,34.0,,voiture,,3,1,1,1,6
202300031797,2023-03-01 17:00:00,2023,3,1,17,0,54,54099,MONDON (RUE RAYMOND),49.2499,5.9416,Plein jour,En agglomération,Hors intersection,Normale,Autre collision,4,2,2,0,1,1,1,0,1,50,1,2,1,0,0,1,19.0,,voiture,,1,2,1,1,6
202300031798,2023-04-15 18:05:00,2023,4,15,18,5,56,56140,Kerrozet D767E,47.900132,-2.808836,Plein jour,Hors agglomération,Giratoire,Normale,Autre collision,3,1,2,0,1,2,1,5,3,70,1,2,0,0,0,2,50.0,,voiture,,1,1,6,1,6
202300031799,2023-11-10 11:05:00,2023,11,10,11,5,49,49155,D775,47.594689,-0.704842,Plein jour,Hors agglomération,Hors intersection,Normale,Sans collision,3,3,0,0,1,1,1,0,2,110,1,1,0,0,1,0,77.0,,voiture,,1,1,1,1,7
202300031800,2023-05-23 22:05:00,2023,5,23,22,5,91,91148,D148,48.50563,2.163416,Nuit sans éclairage public,Hors agglomération,Hors intersection,Normale,Deux véhicules - frontale,3,2,2,0,1,1,1,0,1,80,2,2,0,0,0,2,51.0,25.0,voiture,voiture,3,1,1,1,1
202300031801,2023-04-15 01:20:00,2023,4,15,1,20,56,56177,Kerlihuen,47.824577,-3.048642,Nuit sans éclairage public,Hors agglomération,Hors intersection,Pluie légère,Autre collision,3,2,2,0,1,3,2,0,1,80,1,2,0,0,1,1,24.0,,voiture,,3,1,1,2,6
202300031802,2023-03-01 09:45:00,2023,3,1,9,45,51,51454,rue Bertrand De Mun,49.25213,4.06262,Plein jour,En agglomération,Hors intersection,Normale,Autre collision,4,2,2,0,1,1,1,0,1,50,1,2,1,0,1,0,53.0,,voiture,,1,2,1,1,6
202300031803,2023-05-23 17:20:00,2023,5,23,17,20,2B,2B168,D63,42.629637,8.948241,Plein jour,En agglomération,Hors intersection,Normale,Sans collision,3,2,2,0,2,1,1,0,1,50,1,1,0,0,1,0,56.0,,deux_roues,,1,2,1,1,7
202300031804,2023-04-15 00:45:00,2023,4,15,0,45,56,56186,14 Rue du Phare,47.479766,-3.123143,Nuit sans éclairage public,En agglomération,Hors intersection,Normale,Autre collision,4,1,1,2,2,1,1,0,1,30,1,2,1,0,0,1,32.0,,deux_roues,,3,2,1,1,6
202300031805,2023-11-04 15:00:00,2023,11,4,15,0,39,39470,,46.48466,6.042478,Plein jour,Hors agglomération,Hors intersection,Pluie forte,Deux véhicules - frontale,2,2,2,0,1,2,2,0,1,80,2,4,1,0,1,2,25.0,23.0,utilitaire_camion,voiture,1,1,1,3,1
202300031806,2023-03-09 12:20:00,2023,3,9,12,20,47,47001,LABOULBENE (RUE),44.201,0.62138,Plein jour,En agglomération,Hors intersection,Normale,Autre collision,4,1,1,0,1,1,1,0,1,30,1,2,1,0,0,1,44.0,,voiture,,1,2,1,1,6
202300031807,2023-04-15 12:40:00,2023,4,15,12,40,56,56243,Route de Moustérian,47.614286,-2.730966,Plein jour,En agglomération,Hors intersection,Normale,Sans collision,4,2,2,0,1,3,1,0,1,50,1,2,0,0,0,2,18.0,,deux_roues,,1,2,1,1,7
202300031808,2023-05-23 12:00:00,2023,5,23,12,0,84,84036,15 Route de Caumont,43.926722,4.948418,Plein jour,En agglomération,Intersection en X,Normale,Deux véhicules - arrière,3,2,2,0,1,1,1,0,1,50,2,2,0,0,1,1,57.0,54.0,voiture,utilitaire_camion,1,2,2,1,2
202300031808,2023-05-23 12:00:00,2023,5,23,12,0,84,84036,15 Route de Caumont,43.926722,4.948418,Plein jour,En agglomération,Intersection en X,Normale,Deux véhicules - arrière,3,2, -1,-1,1,1,1,0,1,-1,2,2,0,0,1,1,57.0,54.0,voiture,utilitaire_camion,1,2,2,1,2
202300031809,2023-11-10 07:00:00,2023,11,10,7,0,25,25278,RD 104-PK 43+200,47.232931,6.290596,Crépuscule ou aube,Hors agglomération,Hors intersection,Pluie légère,Deux véhicules - frontale,3,2,2,0,1,1,2,0,3,80,2,2,1,0,1,0,27.0,44.0,voiture,voiture,2,1,1,2,1
202300031810,2023-04-15 07:15:00,2023,4,15,7,15,79,79132,,47.0183015,-0.45387,Plein jour,Hors agglomération,Hors intersection,Normale,Sans collision,3,2,2,0,1,1,1,0,3,80,1,1,0,0,1,0,19.0,,utilitaire_camion,,1,1,1,1,7
202300031811,2023-05-23 17:50:00,2023,5,23,17,50,68,68262,D431,47.921379,7.03876,Plein jour,Hors agglomération,Hors intersection,Normale,Sans collision,3,2,2,0,1,1,1,0,3,70,1,2,1,0,1,0,64.0,,deux_roues,,1,1,1,1,7
202300031812,2023-11-12 09:00:00,2023,11,12,9,0,35,35290,Tremel,48.10330215,-2.10713804,Plein jour,Hors agglomération,Hors intersection,Normale,Autre collision,4,2,2,0,1,2,1,0,3,80,1,1,0,0,1,0,20.0,,voiture,,1,1,1,1,6
202300031813,2023-03-02 19:45:00,2023,3,2,19,45,38,38185,PORTE DE FRANCE (PONT DE LA),45.19336,5.71987,Nuit avec éclairage allumé,En agglomération,Intersection à plus de 4 branches,Normale,Deux véhicules - frontale,7,-1,6,0,1,2,1,0,1,50,2,2,1,0,1,0,35.0,21.0,deux_roues,utilitaire_camion,5,2,5,1,1
202300031813,2023-03-02 19:45:00,2023,3,2,19,45,38,38185,PORTE DE FRANCE (PONT DE LA),45.19336,5.71987,Nuit avec éclairage allumé,En agglomération,Intersection à plus de 4 branches,Normale,Deux véhicules - frontale,7,4,2,0,1,1,1,0,1,50,2,2,1,0,1,0,35.0,21.0,deux_roues,utilitaire_camion,5,2,5,1,1
202300031813,2023-03-02 19:45:00,2023,3,2,19,45,38,38185,PORTE DE FRANCE (PONT DE LA),45.19336,5.71987,Nuit avec éclairage allumé,En agglomération,Intersection à plus de 4 branches,Normale,Deux véhicules - frontale,7,-1,0,0,1,1,1,0,1,50,2,2,1,0,1,0,35.0,21.0,deux_roues,utilitaire_camion,5,2,5,1,1
202300031814,2023-04-14 21:05:00,2023,4,14,21,5,80,80019,D 936,49.958882,1.869559,Nuit sans éclairage public,Hors agglomération,Hors intersection,Normale,Deux véhicules - frontale,3,2,2,0,1,1,2,0,1,80,2,2,0,0,2,0,50.0,20.0,voiture,voiture,3,1,1,1,1
202300031815,2023-04-14 21:50:00,2023,4,14,21,50,82,82192,Route d?Albi,43.92411,1.515405,Nuit sans éclairage public,Hors agglomération,Hors intersection,Pluie légère,Autre collision,3,2,2,0,1,1,2,0,3,80,1,1,0,1,0,0,24.0,,voiture,,3,1,1,2,6
202300031816,2023-05-23 23:00:00,2023,5,23,23,0,88,88183,Voie verte,48.384131,5.696862,Nuit sans éclairage public,Hors agglomération,Hors intersection,Normale,Deux véhicules - arrière,9,-1,1,1,1,1,1,0,6,-1,2,2,1,0,1,0,19.0,17.0,deux_roues,deux_roues,3,1,1,1,2
202300031817,2023-11-12 01:20:00,2023,11,12,1,20,38,38422,Route de Champ Ruti,45.162901,5.82704,Nuit sans éclairage public,Hors agglomération,Hors intersection,Pluie légère,Autre collision,4,2,2,0,2,3,2,0,3,50,1,3,2,0,1,0,18.0,,voiture,,3,1,1,2,6
202300031818,2023-03-02 08:50:00,2023,3,2,8,50,38,38185,RUE HONORÉ DE BALZAC,45.17444,5.72441,Plein jour,En agglomération,Intersection en Y,Normale,Autre collision,4,2,2,0,1,1,1,0,1,30,1,3,2,0,0,1,29.0,,voiture,,1,2,4,1,6
202300031818,2023-03-02 08:50:00,2023,3,2,8,50,38,38185,RUE HONORÉ DE BALZAC,45.17444,5.72441,Plein jour,En agglomération,Intersection en Y,Normale,Autre collision,4,2,2,0,1,1,1,0,1,30,1,3,2,0,0,1,29.0,,voiture,,1,2,4,1,6
202300031819,2023-04-14 19:50:00,2023,4,14,19,50,71,71010,Route du Paquier Neuf,46.90358,4.446966,Plein jour,En agglomération,Hors intersection,Pluie légère,Autre collision,3,2,1,0,1,3,2,0,3,80,1,1,0,0,0,1,31.0,,deux_roues,,1,2,1,2,6
202300031820,2023-05-24 16:40:00,2023,5,24,16,40,55,55414,D27,48.809939,4.914755,Plein jour,Hors agglomération,Hors intersection,Normale,Sans collision,3,3,2,0,1,1,1,0,3,90,1,1,0,0,0,1,83.0,,deux_roues,,1,1,1,1,7
202300031821,2023-04-15 07:30:00,2023,4,15,7,30,63,63149,route départementale 224,45.896579,3.270922,Crépuscule ou aube,Hors agglomération,Hors intersection,Pluie légère,Sans collision,3,2,2,0,1,2,2,0,1,90,1,1,0,0,1,0,19.0,,voiture,,2,1,1,2,7
202300031822,2023-11-12 17:50:00,2023,11,12,17,50,38,38012,D592,45.612874,5.610041,Nuit avec éclairage allumé,Hors agglomération,Hors intersection,Pluie forte,Trois véhicules et plus - collisions multiples,3,2,2,0,1,1,2,0,1,90,3,3,2,0,1,0,15.0,32.0,deux_roues,voiture,5,1,1,3,5
202300031823,2023-03-02 13:00:00,2023,3,2,13,0,35,35150,RN12,48.34346,-1.22193,Plein jour,Hors agglomération,Hors intersection,Normale,Trois véhicules et plus - collisions multiples,2,2,2,0,2,1,1,0,1,80,3,3,0,0,2,1,25.0,32.0,utilitaire_camion,voiture,1,1,1,1,5
202300031824,2023-05-24 18:16:00,2023,5,24,18,16,69,69159,224 Route de Liergues,45.961215,4.651076,Plein jour,En agglomération,Hors intersection,Normale,Deux véhicules - côté,3,2,2,0,1,1,1,9,1,30,2,2,1,0,1,0,41.0,60.0,deux_roues,voiture,1,2,1,1,3
202300031825,2023-11-11 14:40:00,2023,11,11,14,40,84,84068,rd943,43.785223,5.345535,Plein jour,Hors agglomération,Hors intersection,Normale,Deux véhicules - frontale,3,2,2,0,4,4,1,0,8,80,1,1,0,0,1,0,66.0,,deux_roues,,1,1,1,1,1
202300031826,2023-04-08 14:45:00,2023,4,8,14,45,63,63443,D211,45.93823832,3.17777127,Plein jour,Hors agglomération,Intersection en T,Normale,Sans collision,3,2,2,0,1,1,1,0,8,90,2,4,1,0,1,2,23.0,34.0,voiture,voiture,1,1,3,1,7
202300031826,2023-04-08 14:45:00,2023,4,8,14,45,63,63443,D211,45.93823832,3.17777127,Plein jour,Hors agglomération,Intersection en T,Normale,Sans collision,3,2,2,0,1,1,1,0,3,90,2,4,1,0,1,2,23.0,34.0,voiture,voiture,1,1,3,1,7
202300031827,2023-05-23 11:40:00,2023,5,23,11,40,14,14258,Rue Georges Clémenceau,48.89593,-0.19483,Plein jour,En agglomération,Hors intersection,Normale,Deux véhicules - côté,6,-1, -1,0,1,1,1,0,1,50,2,2,1,0,0,1,81.0,74.0,voiture,voiture,1,2,1,1,3
202300031828,2023-11-11 16:15:00,2023,11,11,16,15,07,07319,Chemin Joseph Lapierre,44.536409,4.67185,Plein jour,En agglomération,Hors intersection,Normale,Deux véhicules - frontale,4,2,2,0,2,3,1,0,1,50,2,2,1,0,0,1,14.0,57.0,deux_roues,voiture,1,2,1,1,1
202300031829,2023-03-02 23:25:00,2023,3,2,23,25,33,33318,Avenue du Bourgailh,44.80388,-0.66266,Nuit avec éclairage allumé,En agglomération,Autre intersection,Normale,Deux véhicules - côté,1,1,3,0,1,3,1,3,1,50,2,2,1,0,0,1,63.0,,voiture,voiture,5,2,9,1,3
202300031829,2023-03-02 23:25:00,2023,3,2,23,25,33,33318,Avenue du Bourgailh,44.80388,-0.66266,Nuit avec éclairage allumé,En agglomération,Autre intersection,Normale,Deux véhicules - côté,1,1,2,2,1,1,1,2,1,50,2,2,1,0,0,1,63.0,,voiture,voiture,5,2,9,1,3
202300031830,2023-04-14 17:49:00,2023,4,14,17,49,61,61087,D8,48.568188,0.422822,Plein jour,Hors agglomération,Hors intersection,Normale,Deux véhicules - frontale,3,2,2,0,1,2,1,0,1,90,2,2,1,1,0,0,39.0,23.0,utilitaire_camion,voiture,1,1,1,1,1
202300031831,2023-11-10 12:33:00,2023,11,10,12,33,07,07157,Route de Privas,44.61169,4.718064,Plein jour,En agglomération,Hors intersection,Normale,Autre collision,3,2,2,0,1,1,1,0,3,70,1,2,1,0,1,0,19.0,,utilitaire_camion,,1,2,1,1,6
202300031832,2023-05-23 16:42:00,2023,5,23,16,42,56,56178,Rue Roger Vercel,48.064235,-2.957543,Plein jour,En agglomération,Hors intersection,Normale,Autre collision,4,2,2,0,1,1,1,0,1,50,1,2,1,0,0,1,41.0,,voiture,,1,2,1,1,6
202300031833,2023-04-15 15:30:00,2023,4,15,15,30,12,12113,voie communale,44.272223,2.364217,Plein jour,Hors agglomération,Hors intersection,Normale,Autre collision,9,-1,1,0,1,1,9,9,8,50,1,2,1,0,1,0,40.0,,deux_roues,,1,1,1,1,6
202300031834,2023-03-02 02:05:00,2023,3,2,2,5,33,33063,Cours Aristide Briand,44.83202,-0.57786,Nuit avec éclairage allumé,En agglomération,Intersection en X,Normale,Deux véhicules - côté,4,2,2,0,1,1,1,5,1,30,2,2,1,0,0,1,46.0,22.0,voiture,voiture,5,2,2,1,3
202300031834,2023-03-02 02:05:00,2023,3,2,2,5,33,33063,Cours Aristide Briand,44.83202,-0.57786,Nuit avec éclairage allumé,En agglomération,Intersection en X,Normale,Deux véhicules - côté,4,1,1,1,1,1,1,5,1,30,2,2,1,0,0,1,46.0,22.0,voiture,voiture,5,2,2,1,3
202300031835,2023-05-23 16:05:00,2023,5,23,16,5,22,22040,D8,48.523085,-3.168848,Plein jour,Hors agglomération,Hors intersection,Normale,Autre collision,3,2,2,0,1,1,1,0,1,80,1,1,0,0,1,0,48.0,,voiture,,1,1,1,1,6
202300031836,2023-04-14 22:15:00,2023,4,14,22,15,02,02489,D7,49.564119,3.551596,Nuit sans éclairage public,Hors agglomération,Intersection en X,Normale,Autre collision,3,2,2,0,1,1,1,5,8,80,1,1,0,0,0,1,50.0,,voiture,,3,1,2,1,6
202300031836,2023-04-14 22:15:00,2023,4,14,22,15,02,02489,D7,49.564119,3.551596,Nuit sans éclairage public,Hors agglomération,Intersection en X,Normale,Autre collision,3,2, -1,-1,1,1,1,0,1,-1,1,1,0,0,0,1,50.0,,voiture,,3,1,2,1,6
202300031837,2023-11-12 07:05:00,2023,11,12,7,5,21,21429,D980,47.59777,4.32629,Crépuscule ou aube,Hors agglomération,Hors intersection,Pluie légère,Deux véhicules - frontale,3,2,2,0,1,1,2,0,1,90,2,3,0,0,0,3,18.0,61.0,voiture,utilitaire_camion,2,1,1,2,1
202300031838,2023-02-28 08:55:00,2023,2,28,8,55,33,33162,Rue du Moulineau,44.87534,-0.6646,Plein jour,En agglomération,Hors intersection,Normale,Deux véhicules - frontale,4,2,2,0,1,1,1,0,1,50,2,2,1,0,0,1,48.0,49.0,voiture,voiture,1,2,1,1,1
202300031839,2023-04-15 02:15:00,2023,4,15,2,15,72,72315,le chant de la croix qualeux,48.18444,-0.10545,Nuit sans éclairage public,Hors agglomération,Hors intersection,Normale,Autre collision,3,2,2,0,1,1,2,0,1,90,1,1,0,0,0,1,62.0,,voiture,,3,1,1,1,6
202300031840,2023-11-08 18:35:00,2023,11,8,18,35,85,85084,RD160,46.77172,-1.226987,Nuit avec éclairage allumé,En agglomération,Hors intersection,Pluie forte,Autre collision,3,1,1,0,1,1,2,6,1,50,1,2,1,0,1,0,71.0,,voiture,,5,2,1,3,6
202300031841,2023-03-02 18:10:00,2023,3,2,18,10,28,28404,CRECY (ROUTE DE),48.7323,1.34086,Plein jour,En agglomération,Hors intersection,Normale,Autre collision,4,2,0,0,1,1,1,0,1,50,1,2,1,0,0,1,50.0,,voiture,,1,2,1,1,6
202300031842,2023-05-24 00:45:00,2023,5,24,0,45,27,27022,Rue de la Chartreuse,49.171102,1.338439,Nuit avec éclairage non allumé,En agglomération,Hors intersection,Normale,Sans collision,4,2,2,1,1,1,1,0,5,-1,1,2,1,0,1,0,22.0,,deux_roues,,4,2,1,1,7
202300031843,2023-11-12 03:30:00,2023,11,12,3,30,17,17024,Rue de Mondevis,46.013297,-0.355511,Nuit sans éclairage public,Hors agglomération,Hors intersection,Pluie légère,Sans collision,3,2,2,0,1,1,2,0,3,50,1,1,0,0,1,0,34.0,,voiture,,3,1,1,2,7
202300031844,2023-04-15 11:35:00,2023,4,15,11,35,64,64065,448 Route de Dorrea,43.353128,-1.642606,Plein jour,Hors agglomération,Intersection en T,Pluie légère,Deux véhicules - côté,4,2,2,0,1,1,2,0,1,50,2,2,1,0,1,0,20.0,47.0,deux_roues,voiture,1,1,3,2,3
202300031844,2023-04-15 11:35:00,2023,4,15,11,35,64,64065,448 Route de Dorrea,43.353128,-1.642606,Plein jour,Hors agglomération,Intersection en T,Pluie légère,Deux véhicules - côté,4,2,2,0,2,1,2,0,1,50,2,2,1,0,1,0,20.0,47.0,deux_roues,voiture,1,1,3,2,3
202300031845,2023-03-02 13:00:00,2023,3,2,13,0,27,27375,VEXIN (CHAUSSEE DU),49.21865,1.17654,Plein jour,En agglomération,Hors intersection,Temps éblouissant,Deux véhicules - frontale,4,2,2,0,1,3,1,0,1,50,2,2,1,0,0,1,22.0,65.0,voiture,voiture,1,2,1,7,1
202300031846,2023-04-14 22:10:00,2023,4,14,22,10,24,24577,D57,44.852332,1.200525,Nuit sans éclairage public,Hors agglomération,Hors intersection,Pluie forte,Deux véhicules - frontale,3,2,2,0,2,3,2,0,1,-1,2,3,0,0,1,2,59.0,19.0,voiture,voiture,3,1,1,3,1
202300031847,2023-05-23 20:45:00,2023,5,23,20,45,59,59139,Boulevard du 8 Mai 1945,50.125747,3.422585,Crépuscule ou aube,En agglomération,Giratoire,Temps éblouissant,Deux véhicules - frontale,4,4,1,1,1,2,1,0,1,50,2,2,1,0,1,0,33.0,45.0,voiture,deux_roues,2,2,6,7,1
202300031848,2023-04-14 17:30:00,2023,4,14,17,30,87,87185,LE GRAND MOREAU,45.876162,1.030583,Plein jour,Hors agglomération,Hors intersection,Pluie forte,Autre collision,3,2,2,0,1,1,2,0,3,80,1,1,0,0,1,0,91.0,,voiture,,1,1,1,3,6
202300031849,2023-11-11 06:50:00,2023,11,11,6,50,37,37251,D959,47.518568,0.40397,Crépuscule ou aube,Hors agglomération,Intersection en X,Normale,Deux véhicules - côté,3,2,1,0,1,1,2,1,1,80,2,5,0,0,2,3,57.0,28.0,voiture,voiture,2,1,2,1,3
202300031849,2023-11-11 06:50:00,2023,11,11,6,50,37,37251,D959,47.518568,0.40397,Crépuscule ou aube,Hors agglomération,Intersection en X,Normale,Deux véhicules - côté,3,2,1,0,1,1,2,0,1,90,2,5,0,0,2,3,57.0,28.0,voiture,voiture,2,1,2,1,3
202300031850,2023-05-22 00:40:00,2023,5,22,0,40,33,33013,ROUTE NATIONALE 89,44.86702245,-0.47627449,Nuit sans éclairage public,Hors agglomération,Autre intersection,Pluie légère,Autre collision,2,3,4,0,4,1,2,0,1,110,1,2,1,0,0,1,22.0,,voiture,,3,1,9,2,6
202300031851,2023-03-01 08:38:00,2023,3,1,8,38,27,27229,Avenue du Maréchal Foch,49.023875,1.12862,Plein jour,En agglomération,Hors intersection,Normale,Deux véhicules - arrière,4,2,4,0,1,1,1,0,8,50,2,2,1,0,0,1,24.0,23.0,voiture,voiture,1,2,1,1,2
202300031852,2023-04-15 10:30:00,2023,4,15,10,30,48,48041,D988,44.723526,3.745705,Plein jour,Hors agglomération,Hors intersection,Temps couvert,Deux véhicules - frontale,3,2,2,0,2,2,1,0,1,90,2,2,1,0,0,1,24.0,52.0,voiture,utilitaire_camion,1,1,1,8,1
202300031853,2023-11-11 19:00:00,2023,11,11,19,0,30,30018,D35,43.826617,4.047861,Nuit sans éclairage public,Hors agglomération,Hors intersection,Normale,Deux véhicules - frontale,3,2,2,0,4,1,1,0,1,80,2,2,0,1,1,0,29.0,39.0,voiture,voiture,3,1,1,1,1
202300031854,2023-05-23 18:30:00,2023,5,23,18,30,94,94034,A86,48.75762305,2.32812012,Plein jour,Hors agglomération,Hors intersection,Normale,Deux véhicules - arrière,1,-1,3,0,1,1,1,1,8,70,2,2,1,0,0,1,30.0,55.0,deux_roues,utilitaire_camion,1,1,1,1,2
202300031855,2023-04-09 20:05:00,2023,4,9,20,5,24,24331,6 Route des Coteaux,44.814785,0.425817,Plein jour,Hors agglomération,Hors intersection,Normale,Autre collision,3,2,2,0,1,1,1,0,1,70,1,1,0,0,1,0,79.0,,voiture,,1,1,1,1,6