accident_id,datetime,annee,mois,jour,heure,minute,departement,commune_insee,adresse,latitude,longitude,luminosite,agglomeration,intersection,meteo,collision,catr,circ,nbv,vosp,prof,plan,surf,infra,situ,vma,nb_vehicules,nb_usagers,nb_indemnes,nb_tues,nb_blesses_hosp,nb_blesses_legers,age_cond_1,age_cond_2,veh_type_cond_1,veh_type_cond_2,lum_code,agg_code,int_code,atm_code,col_code
202300031930,2023-03-03 17:30:00,2023,3,3,17,30,75,75116,BOULEVARD EXELMANS,48.840877,2.265178,Plein jour,En agglomération,Intersection en X,Normale,Deux véhicules - côté,4,2,2,0,1,1,1,0,1,30,2,2,1,0,0,1,25.0,23.0,deux_roues,voiture,1,2,2,1,3
202300031930,2023-03-03 17:30:00,2023,3,3,17,30,75,75116,BOULEVARD EXELMANS,48.840877,2.265178,Plein jour,En agglomération,Intersection en X,Normale,Deux véhicules - côté,4,2,2,0,1,1,1,0,1,30,2,2,1,0,0,1,25.0,23.0,deux_roues,voiture,1,2,2,1,3
202300031931,2023-04-13 08:25:00,2023,4,13,8,25,62,62907,AUTOROUTE A1,50.47743,2.98021,Plein jour,Hors agglomération,Hors intersection,Normale,Autre collision,1,-1,3,0,1,1,1,0,1,130,2,2,1,0,1,0,41.0,52.0,voiture,deux_roues,1,1,1,1,6
202300031932,2023-11-10 12:20:00,2023,11,10,12,20,13,13117,A7-Sens Lyon vers Marseille,43.42649223,5.26333366,Plein jour,Hors agglomération,Hors intersection,Normale,Trois véhicules et plus - collisions multiples,1,-1,2,0,1,1,1,0,1,90,3,3,2,0,0,1,51.0,29.0,voiture,voiture,1,1,1,1,5
202300031933,2023-04-09 08:32:00,2023,4,9,8,32,59,59459,AUTOROUTE A23,50.3745,3.47493,Plein jour,Hors agglomération,Hors intersection,Brouillard / fumée,Autre collision,1,-1,2,0,1,1,1,0,3,110,1,1,0,0,0,1,36.0,,voiture,,1,1,1,5,6
202300031934,2023-11-11 04:35:00,2023,11,11,4,35,83,83090,A50,43.1241327,5.87154558,Nuit sans éclairage public,Hors agglomération,Hors intersection,Normale,Autre collision,1,3,6,0,1,1,1,0,1,110,1,1,0,0,0,1,20.0,,voiture,,3,1,1,1,6
202300031935,2023-03-03 15:00:00,2023,3,3,15,0,75,75116,RUE DE PASSY,48.857741,2.279922,Plein jour,En agglomération,Intersection en T,Normale,Autre collision,4,1, -1,-1,1,1,1,0,1,-1,1,2,1,0,0,1,28.0,,voiture,,1,2,3,1,6
202300031935,2023-03-03 15:00:00,2023,3,3,15,0,75,75116,RUE DE PASSY,48.857741,2.279922,Plein jour,En agglomération,Intersection en T,Normale,Autre collision,4,1,1,0,1,1,1,0,1,30,1,2,1,0,0,1,28.0,,voiture,,1,2,3,1,6
202300031936,2023-03-16 18:45:00,2023,3,16,18,45,43,43099,Route de Lempdes,45.388328,3.304433,Nuit avec éclairage allumé,En agglomération,Intersection en X,Normale,Deux véhicules - côté,3,2, -1,0,3,1,1,5,1,50,2,5,2,0,1,2,50.0,51.0,utilitaire_camion,utilitaire_camion,5,2,2,1,3
202300031936,2023-03-16 18:45:00,2023,3,16,18,45,43,43099,Route de Lempdes,45.388328,3.304433,Nuit avec éclairage allumé,En agglomération,Intersection en X,Normale,Deux véhicules - côté,3,2, -1,-1,1,1,1,5,1,-1,2,5,2,0,1,2,50.0,51.0,utilitaire_camion,utilitaire_camion,5,2,2,1,3
202300031937,2023-11-11 19:40:00,2023,11,11,19,40,33,33487,AUTOROUTE A 10,44.95230669,-0.45964479,Nuit avec éclairage allumé,Hors agglomération,Hors intersection,Pluie légère,Autre collision,1,3,6,0,4,1,2,2,1,110,1,2,0,0,1,1,19.0,,voiture,,5,1,1,2,6
202300031938,2023-04-14 16:55:00,2023,4,14,16,55,91,91064,RN 118,48.74422,2.19048,Plein jour,Hors agglomération,Hors intersection,Pluie légère,Trois véhicules et plus - en chaîne,2,1,2,0,1,1,2,0,1,90,3,3,2,0,0,1,21.0,49.0,deux_roues,voiture,1,1,1,2,4
202300031939,2023-03-16 17:00:00,2023,3,16,17,0,43,43132,Pont de Costet,45.116389,3.49082,Plein jour,Hors agglomération,Hors intersection,Normale,Deux véhicules - frontale,3,2,2,0,1,1,1,2,1,70,2,2,1,0,0,1,75.0,36.0,voiture,voiture,1,1,1,1,1
202300031940,2023-03-03 11:20:00,2023,3,3,11,20,75,75116,RUE DU RANELAGH,48.853354,2.278733,Plein jour,En agglomération,Hors intersection,Normale,Deux véhicules - côté,4,1,1,0,2,1,1,0,1,50,2,3,2,0,1,0,45.0,33.0,deux_roues,voiture,1,2,1,1,3
202300031941,2023-04-14 00:40:00,2023,4,14,0,40,92,92004,RN315 W,48.91514617,2.30963154,Nuit avec éclairage allumé,Hors agglomération,Hors intersection,Normale,Autre collision,2,1,1,0,1,1,2,0,1,70,1,1,0,0,0,1,22.0,,utilitaire_camion,,5,1,1,1,6
202300031942,2023-03-11 20:35:00,2023,3,11,20,35,43,43041,Place de La Mairie,45.04696445,3.92664403,Nuit avec éclairage allumé,En agglomération,Giratoire,Normale,Autre collision,3,2,2,0,1,2,1,5,4,50,1,1,0,0,0,1,36.0,,voiture,,5,2,6,1,6
202300031943,2023-04-14 09:00:00,2023,4,14,9,0,93,93005,AUTOROUTE A3,48.96024199,2.47332287,Plein jour,Hors agglomération,Hors intersection,Normale,Deux véhicules - côté,1,3,6,0,1,3,1,0,1,90,2,2,1,0,0,1,33.0,50.0,deux_roues,voiture,1,1,1,1,3
202300031944,2023-11-11 15:00:00,2023,11,11,15,0,33,33039,ROCADE A 630,44.79584035,-0.5386278,Plein jour,Hors agglomération,Hors intersection,Pluie légère,Trois véhicules et plus - en chaîne,1,3,6,0,1,1,2,0,1,90,3,8,6,0,0,2,67.0,26.0,voiture,voiture,1,1,1,2,4
202300031945,2023-04-13 17:15:00,2023,4,13,17,15,92,92036,AUTOROUTE A15,48.94122394,2.29162986,Plein jour,Hors agglomération,Hors intersection,Normale,Autre collision,1,3,4,0,1,1,1,0,1,90,1,1,0,0,0,1,38.0,,deux_roues,,1,1,1,1,6
202300031946,2023-03-02 19:15:00,2023,3,2,19,15,75,75113,BOULEVARD PERIPHERIQUE EXTERIEUR SUD,48.824117,2.383399,Nuit avec éclairage allumé,En agglomération,Hors intersection,Normale,Deux véhicules - arrière,4,1,4,0,1,1,1,0,1,70,2,2,1,0,0,1,37.0,49.0,deux_roues,voiture,5,2,1,1,2
202300031947,2023-03-11 11:40:00,2023,3,11,11,40,43,43218,N 88,45.062609,4.018164,Plein jour,Hors agglomération,Hors intersection,Temps couvert,Trois véhicules et plus - collisions multiples,2,2,2,0,1,2,2,0,1,90,3,4,1,0,1,2,18.0,23.0,voiture,voiture,1,1,1,8,5
202300031948,2023-04-12 08:00:00,2023,4,12,8,0,92,92036,AUTOROUTE A15,48.93788866,2.29766722,Plein jour,Hors agglomération,Hors intersection,Normale,Autre collision,1,3,10,0,1,1,2,2,1,90,1,1,0,0,0,1,44.0,,deux_roues,,1,1,1,1,6
202300031949,2023-11-11 04:15:00,2023,11,11,4,15,33,33039,ROCADE A 630,44.79166805,-0.5404222,Nuit avec éclairage non allumé,Hors agglomération,Hors intersection,Pluie légère,Trois véhicules et plus - en chaîne,1,3,6,0,1,3,2,0,1,90,3,3,2,0,0,1,32.0,22.0,voiture,voiture,4,1,1,2,4
202300031950,2023-03-10 08:55:00,2023,3,10,8,55,43,43157,Rue des Tables,45.04542,3.88262,Plein jour,En agglomération,Hors intersection,Normale,Autre collision,4,-1,1,0,2,1,2,0,1,30,1,1,0,0,0,1,27.0,,utilitaire_camion,,1,2,1,1,6
202300031951,2023-01-24 18:30:00,2023,1,24,18,30,2A,2A004,BONAPARTE CHARLES  BD,41.93389,8.74789,Nuit avec éclairage allumé,En agglomération,Hors intersection,Normale,Deux véhicules - arrière,2,1,3,0,1,1,1,0,1,50,2,2,1,0,0,1,31.0,,voiture,utilitaire_camion,5,2,1,1,2
202300031952,2023-03-03 16:35:00,2023,3,3,16,35,75,75111,RUE SAINT MAUR,48.86212,2.380157,Plein jour,En agglomération,Intersection en T,Normale,Deux véhicules - côté,4,2, -1,-1,1,1,1,0,1,-1,2,2,1,0,0,1,35.0,58.0,deux_roues,deux_roues,1,2,3,1,3
202300031952,2023-03-03 16:35:00,2023,3,3,16,35,75,75111,RUE SAINT MAUR,48.86212,2.380157,Plein jour,En agglomération,Intersection en T,Normale,Deux véhicules - côté,4,1,2,2,1,1,1,8,1,30,2,2,1,0,0,1,35.0,58.0,deux_roues,deux_roues,1,2,3,1,3
202300031953,2023-03-05 11:55:00,2023,3,5,11,55,43,43157,1 Avenue de la Dentelle,45.04209,3.88867,Plein jour,En agglomération,Hors intersection,Normale,Autre collision,4,1,2,0,1,1,1,0,4,50,1,1,0,0,0,1,96.0,,voiture,,1,2,1,1,6
202300031954,2023-11-11 03:55:00,2023,11,11,3,55,91,91377,AUTOROUTE A10,48.72183,2.29553,Nuit sans éclairage public,Hors agglomération,Hors intersection,Normale,Trois véhicules et plus - en chaîne,1,1,3,0,1,1,1,0,1,110,3,5,2,0,0,3,30.0,19.0,voiture,voiture,3,1,1,1,4
202300031955,2023-04-13 12:22:00,2023,4,13,12,22,976,97611,tsoundzou-Kwalé ( route de ),-12.82037,45.19535,Plein jour,En agglomération,Hors intersection,Normale,Deux véhicules - côté,4,2,2,0,1,1,1,0,1,50,2,2,1,0,0,1,29.0,36.0,deux_roues,autre,1,2,1,1,3
202300031956,2023-03-03 20:45:00,2023,3,3,20,45,75,75110,BOULEVARD DE STRASBOURG,48.86933038,2.35427141,Nuit avec éclairage allumé,En agglomération,Intersection en X,Normale,Deux véhicules - arrière,4,1,3,3,1,1,1,0,1,30,2,3,2,0,0,1,22.0,65.0,deux_roues,voiture,5,2,2,1,2
202300031956,2023-03-03 20:45:00,2023,3,3,20,45,75,75110,BOULEVARD DE STRASBOURG,48.86933038,2.35427141,Nuit avec éclairage allumé,En agglomération,Intersection en X,Normale,Deux véhicules - arrière,4,2,2,0,1,1,1,0,1,30,2,3,2,0,0,1,22.0,65.0,deux_roues,voiture,5,2,2,1,2
202300031957,2023-03-02 17:10:00,2023,3,2,17,10,43,43157,7 Boulevard Marechal Fayolle,45.04214,3.88591,Crépuscule ou aube,En agglomération,Hors intersection,Normale,Autre collision,4,1, -1,-1,1,1,1,9,1,-1,1,3,1,0,0,2,23.0,,voiture,,2,2,1,1,6
202300031958,2023-04-13 16:30:00,2023,4,13,16,30,974,97411,VINH-SAN (BLD 1 DU PRINCE),-20.88739,55.44134,Plein jour,En agglomération,Hors intersection,Normale,Deux véhicules - arrière,4,1,2,0,3,1,1,0,1,70,2,2,1,0,0,1,58.0,67.0,deux_roues,utilitaire_camion,1,2,1,1,2
202300031959,2023-11-10 23:55:00,2023,11,10,23,55,94,94076,A6B,48.78543196,2.34573083,Nuit sans éclairage public,Hors agglomération,Hors intersection,Pluie légère,Trois véhicules et plus - collisions multiples,1,1,12,0,1,1,2,0,1,90,3,5,3,0,0,2,30.0,22.0,utilitaire_camion,utilitaire_camion,3,1,1,2,5
202300031960,2023-05-22 21:25:00,2023,5,22,21,25,95,95277,D370,48.99419719,2.42385864,Nuit avec éclairage allumé,En agglomération,Hors intersection,Normale,Autre collision,3,2,2,0,1,1,1,0,8,50,1,4,3,0,0,1,19.0,,voiture,,5,2,1,1,6
202300031961,2023-04-12 05:20:00,2023,4,12,5,20,69,69152,Chemin d'Yvours,45.6929777,4.82765637,Nuit avec éclairage allumé,En agglomération,Giratoire,Normale,Deux véhicules - côté,7,1,2,0,1,1,1,0,1,50,2,2,1,0,0,1,36.0,24.0,voiture,utilitaire_camion,5,2,6,1,3
202300031961,2023-04-12 05:20:00,2023,4,12,5,20,69,69152,Chemin d'Yvours,45.6929777,4.82765637,Nuit avec éclairage allumé,En agglomération,Giratoire,Normale,Deux véhicules - côté,7,2,2,0,1,1,1,0,1,50,2,2,1,0,0,1,36.0,24.0,voiture,utilitaire_camion,5,2,6,1,3
202300031962,2023-03-03 16:20:00,2023,3,3,16,20,75,75107,RUE SAINT DOMINIQUE,48.858315,2.322369,Plein jour,En agglomération,Intersection en T,Normale,Deux véhicules - côté,4,1, -1,-1,1,1,1,0,1,-1,2,3,2,0,0,1,62.0,61.0,deux_roues,voiture,1,2,3,1,3
202300031962,2023-03-03 16:20:00,2023,3,3,16,20,75,75107,RUE SAINT DOMINIQUE,48.858315,2.322369,Plein jour,En agglomération,Intersection en T,Normale,Deux véhicules - côté,4,1,2,0,1,1,1,0,1,50,2,3,2,0,0,1,62.0,61.0,deux_roues,voiture,1,2,3,1,3
202300031963,2023-04-13 14:08:00,2023,4,13,14,8,2B,2B033,ROUTE ROYALE,42.678036,9.432629,Plein jour,En agglomération,Hors intersection,Normale,Deux véhicules - arrière,4,2,2,0,2,1,1,0,1,50,2,2,1,0,0,1,22.0,42.0,voiture,voiture,1,2,1,1,2
202300031964,2023-03-03 14:41:00,2023,3,3,14,41,75,75107,QUAI BRANLY,48.862156,2.300001,Plein jour,En agglomération,Hors intersection,Normale,Autre collision,4,-1,0,0,1,1,1,0,4,30,1,2,0,0,0,2,16.0,,deux_roues,,1,2,1,1,6
202300031965,2023-11-10 21:31:00,2023,11,10,21,31,91,91161,AUTOROUTE A6,48.69586,2.31743,Nuit sans éclairage public,Hors agglomération,Hors intersection,Temps couvert,Trois véhicules et plus - en chaîne,1,1,3,0,1,1,2,0,1,110,4,6,5,0,0,1,30.0,40.0,voiture,utilitaire_camion,3,1,1,8,4
202300031966,2023-05-22 17:00:00,2023,5,22,17,0,42,42095,Rue Verdié,45.39055,4.28553,Plein jour,En agglomération,Intersection en Y,Normale,Autre collision,4,1,1,0,1,1,1,0,1,50,1,2,1,0,0,1,20.0,,voiture,,1,2,4,1,6
202300031966,2023-05-22 17:00:00,2023,5,22,17,0,42,42095,Rue Verdié,45.39055,4.28553,Plein jour,En agglomération,Intersection en Y,Normale,Autre collision,4,1,1,0,1,1,1,0,1,50,1,2,1,0,0,1,20.0,,voiture,,1,2,4,1,6
202300031967,2023-04-12 15:45:00,2023,4,12,15,45,2B,2B033,11 - RT,42.67081,9.44359,Plein jour,En agglomération,Hors intersection,Normale,Autre collision,2,2,4,0,1,1,1,0,1,70,1,2,1,0,0,1,,,voiture,,1,2,1,1,6
202300031968,2023-11-11 19:00:00,2023,11,11,19,0,92,92036,RN315 Y,48.92009017,2.30667222,Nuit sans éclairage public,Hors agglomération,Hors intersection,Temps couvert,Deux véhicules - arrière,2,1,1,0,1,1,2,0,1,70,2,2,1,0,0,1,56.0,50.0,voiture,voiture,3,1,1,8,2
202300031969,2023-03-02 22:55:00,2023,3,2,22,55,75,75102,BOULEVARD DE SEBASTOPOL,48.863402,2.350948,Nuit avec éclairage allumé,En agglomération,Intersection en X,Normale,Deux véhicules - côté,4,1,3,1,1,1,1,-1,5,30,2,2,1,0,0,1,54.0,27.0,voiture,deux_roues,5,2,2,1,3
202300031969,2023-03-02 22:55:00,2023,3,2,22,55,75,75102,BOULEVARD DE SEBASTOPOL,48.863402,2.350948,Nuit avec éclairage allumé,En agglomération,Intersection en X,Normale,Deux véhicules - côté,4,2,3,0,1,1,1,-1,5,30,2,2,1,0,0,1,54.0,27.0,voiture,deux_roues,5,2,2,1,3
202300031970,2023-05-22 18:20:00,2023,5,22,18,20,75,75115,RUE DE LA FEDERATION,48.854314,2.292312,Plein jour,En agglomération,Intersection en T,Normale,Autre collision,4,1, -1,0,1,1,1,0,1,30,1,2,1,0,0,1,35.0,,deux_roues,,1,2,3,1,6
202300031970,2023-05-22 18:20:00,2023,5,22,18,20,75,75115,RUE DE LA FEDERATION,48.854314,2.292312,Plein jour,En agglomération,Intersection en T,Normale,Autre collision,4,1, -1,0,1,1,1,0,1,30,1,2,1,0,0,1,35.0,,deux_roues,,1,2,3,1,6
202300031971,2023-04-12 18:30:00,2023,4,12,18,30,2A,2A004,PARC IMPERIAL RCE RTE DES CEDRES,41.9088,8.71801,Plein jour,En agglomération,Intersection en Y,Normale,Deux véhicules - frontale,3,-1,3,0,1,1,1,0,1,50,2,2,1,0,0,1,23.0,18.0,voiture,deux_roues,1,2,4,1,1
202300031971,2023-04-12 18:30:00,2023,4,12,18,30,2A,2A004,PARC IMPERIAL RCE RTE DES CEDRES,41.9088,8.71801,Plein jour,En agglomération,Intersection en Y,Normale,Deux véhicules - frontale,3,2,2,0,1,1,1,0,1,50,2,2,1,0,0,1,23.0,18.0,voiture,deux_roues,1,2,4,1,1
202300031972,2023-11-11 17:06:00,2023,11,11,17,6,92,92050,A14,48.90293811,2.20539182,Crépuscule ou aube,Hors agglomération,Intersection en Y,Temps couvert,Sans collision,1,1,2,0,1,4,1,1,1,50,2,2,0,0,0,2,34.0,65.0,deux_roues,deux_roues,2,1,4,8,7
202300031972,2023-11-11 17:06:00,2023,11,11,17,6,92,92050,A14,48.90293811,2.20539182,Crépuscule ou aube,Hors agglomération,Intersection en Y,Temps couvert,Sans collision,1,1,1,0,1,1,1,3,1,50,2,2,0,0,0,2,34.0,65.0,deux_roues,deux_roues,2,1,4,8,7
202300031973,2023-05-20 16:35:00,2023,5,20,16,35,76,76351,IRENE JOLIOT CURIE (RUE),49.50974,0.10166,Plein jour,En agglomération,Hors intersection,Normale,Autre collision,4,2,2,0,1,1,1,0,1,50,1,2,1,0,0,1,48.0,,voiture,,1,2,1,1,6
202300031974,2023-04-12 14:20:00,2023,4,12,14,20,83,83129,FARAUD LOUIS (BD ET PONT),43.095576,5.83712,Plein jour,En agglomération,Hors intersection,Temps éblouissant,Autre collision,4,-1,2,0,1,1,1,0,1,30,1,2,1,0,1,0,29.0,,voiture,,1,2,1,7,6
202300031975,2023-03-02 17:50:00,2023,3,2,17,50,94,94046,Avenue du Général de Gaulle,48.81313,2.4214,Plein jour,En agglomération,Hors intersection,Normale,Trois véhicules et plus - collisions multiples,3,2,4,0,1,1,1,0,1,50,3,3,2,0,0,1,,29.0,voiture,voiture,1,2,1,1,5
202300031976,2023-11-11 21:40:00,2023,11,11,21,40,93,93064,AUTOROUTE A86,48.87012,2.48243,Nuit sans éclairage public,Hors agglomération,Hors intersection,Normale,Deux véhicules - arrière,1,3,3,0,1,3,1,0,1,90,2,3,2,0,0,1,46.0,35.0,voiture,voiture,3,1,1,1,2
202300031977,2023-04-13 14:10:00,2023,4,13,14,10,83,83061,AVENUE DU HUIT MAI 1945,43.432637,6.725205,Plein jour,En agglomération,Autre intersection,Vent fort / tempête,Deux véhicules - côté,3,1,2,0,1,1,1,9,8,50,2,2,1,0,1,0,28.0,54.0,utilitaire_camion,deux_roues,1,2,9,6,3
202300031978,2023-03-12 14:50:00,2023,3,12,14,50,43,43234,Avenue du Gévaudan,44.956071,3.541213,Plein jour,En agglomération,Giratoire,Normale,Deux véhicules - côté,3,1,1,0,1,2,1,5,1,50,2,2,1,1,0,0,74.0,61.0,deux_roues,voiture,1,2,6,1,3
202300031979,2023-03-03 13:40:00,2023,3,3,13,40,94,94003,Avenue Gabriel Péri,48.8046,2.34425,Plein jour,En agglomération,Hors intersection,Normale,Deux véhicules - arrière,3,1,1,0,1,1,1,0,1,50,2,2,1,0,0,1,27.0,59.0,deux_roues,voiture,1,2,1,1,2
202300031980,2023-11-11 18:35:00,2023,11,11,18,35,95,95582,A15,48.97522663,2.24280953,Nuit sans éclairage public,Hors agglomération,Hors intersection,Normale,Deux véhicules - arrière,1,3,3,0,1,1,1,0,1,90,2,4,1,0,0,3,19.0,73.0,voiture,voiture,3,1,1,1,2
202300031981,2023-04-12 21:35:00,2023,4,12,21,35,83,83061,RUE DU DOCTEUR DONNADIEU,43.43287,6.75449,Crépuscule ou aube,En agglomération,Intersection en T,Normale,Deux véhicules - côté,4,2,2,0,1,1,1,9,1,50,2,2,0,0,1,1,74.0,35.0,voiture,deux_roues,2,2,3,1,3
202300031981,2023-04-12 21:35:00,2023,4,12,21,35,83,83061,RUE DU DOCTEUR DONNADIEU,43.43287,6.75449,Crépuscule ou aube,En agglomération,Intersection en T,Normale,Deux véhicules - côté,4,2,2,0,1,1,1,9,1,50,2,2,0,0,1,1,74.0,35.0,voiture,deux_roues,2,2,3,1,3
202300031982,2023-03-03 13:15:00,2023,3,3,13,15,94,94076,175 Boulevard Maxime Gorki,48.787631,2.367891,Plein jour,En agglomération,Hors intersection,Normale,Deux véhicules - arrière,3,3,2,0,1,1,1,5,1,50,2,2,1,0,0,1,44.0,53.0,voiture,voiture,1,2,1,1,2
202300031983,2023-05-22 19:40:00,2023,5,22,19,40,976,97611,cavani-Kavani sud ( rue ),-12.78609,45.21893,Nuit avec éclairage allumé,En agglomération,Hors intersection,Normale,Deux véhicules - frontale,4,2,2,0,2,1,1,9,1,50,2,2,1,0,0,1,27.0,40.0,voiture,deux_roues,5,2,1,1,1
202300031984,2023-11-10 15:30:00,2023,11,10,15,30,77,77288,ALMONT (BOULEVARD DE L'),48.543519,2.67849,Plein jour,En agglomération,Hors intersection,Pluie légère,Autre collision,4,2,2,0,1,1,1,0,1,50,1,2,1,0,1,0,,,voiture,,1,2,1,2,6
202300031985,2023-05-22 06:10:00,2023,5,22,6,10,974,97416,ANCIENNE RN 1,-21.32543,55.44706,Crépuscule ou aube,Hors agglomération,Hors intersection,Normale,Autre collision,4,3,2,0,1,1,1,9,8,50,1,1,0,0,0,1,43.0,,deux_roues,,2,1,1,1,6
202300031986,2023-06-14 14:30:00,2023,6,14,14,30,24,24256,BORDEAUX (ROUTE DE),45.18301,0.65237,Plein jour,En agglomération,Hors intersection,Normale,Deux véhicules - frontale,3,2,2,0,1,1,1,0,1,50,2,2,0,0,1,1,21.0,43.0,voiture,utilitaire_camion,1,2,1,1,1
202300031987,2023-03-03 21:10:00,2023,3,3,21,10,94,94033,12 Rue Notre Dame,48.84601879,2.47037172,Nuit avec éclairage allumé,En agglomération,Intersection en X,Normale,Deux véhicules - côté,4,1,1,0,1,1,1,5,1,30,2,2,0,0,0,2,37.0,46.0,deux_roues,deux_roues,5,2,2,1,3
202300031988,2023-04-13 08:40:00,2023,4,13,8,40,78,78440,EUROPE (AVENUE DE L'),48.97453,1.91684,Crépuscule ou aube,En agglomération,Giratoire,Normale,Autre collision,3,1,2,0,1,1,1,0,1,50,1,2,1,0,0,1,65.0,,autre,,2,2,6,1,6
202300031989,2023-11-10 21:00:00,2023,11,10,21,0,988,98818,AVENUE JAMES COOK/RUE DU C.A. JOSEPH DU BOUZET,-22.26718,166.41238,Nuit avec éclairage allumé,En agglomération,Intersection en T,Pluie légère,Autre collision,4,2,2,0,1,1,2,0,1,50,1,2,1,1,0,0,65.0,,voiture,,5,2,3,2,6
202300031989,2023-11-10 21:00:00,2023,11,10,21,0,988,98818,AVENUE JAMES COOK/RUE DU C.A. JOSEPH DU BOUZET,-22.26718,166.41238,Nuit avec éclairage allumé,En agglomération,Intersection en T,Pluie légère,Autre collision,4,2,2,-1,1,1,2,5,1,50,1,2,1,1,0,0,65.0,,voiture,,5,2,3,2,6
202300031990,2023-05-21 22:00:00,2023,5,21,22,0,974,97411,RAMBAUD (LEOPOLD),-20.8866,55.4895,Nuit avec éclairage allumé,Hors agglomération,Autre intersection,Normale,Autre collision,2,1,2,0,1,1,1,9,3,70,1,5,3,0,0,2,20.0,,voiture,,5,1,9,1,6
202300031991,2023-02-25 02:15:00,2023,2,25,2,15,94,94028,Rue de l’Echat,48.8014,2.44663,Nuit avec éclairage non allumé,En agglomération,Hors intersection,Normale,Trois véhicules et plus - collisions multiples,3,1,1,0,3,2,1,3,1,50,3,3,0,0,1,2,33.0,53.0,deux_roues,voiture,4,2,1,1,5
202300031992,2023-11-10 17:50:00,2023,11,10,17,50,974,97411,VAUTHIER (RUE  MARCEL),-20.91218,55.50229,Crépuscule ou aube,En agglomération,Intersection en X,Normale,Deux véhicules - côté,4,2,0,0,2,1,1,0,1,30,2,2,1,0,0,1,55.0,39.0,deux_roues,voiture,2,2,2,1,3
202300031992,2023-11-10 17:50:00,2023,11,10,17,50,974,97411,VAUTHIER (RUE  MARCEL),-20.91218,55.50229,Crépuscule ou aube,En agglomération,Intersection en X,Normale,Deux véhicules - côté,4,2,2,0,2,4,1,0,1,50,2,2,1,0,0,1,55.0,39.0,deux_roues,voiture,2,2,2,1,3
202300031993,2023-05-22 14:45:00,2023,5,22,14,45,973,97302,FELIX EBOUE(ROCADE),4.92952,-52.31513,Plein jour,En agglomération,Intersection en X,Pluie légère,Trois véhicules et plus - en chaîne,3,2,2,0,1,1,2,0,1,50,3,3,2,0,0,1,67.0,29.0,voiture,voiture,1,2,2,2,4
202300031993,2023-05-22 14:45:00,2023,5,22,14,45,973,97302,FELIX EBOUE(ROCADE),4.92952,-52.31513,Plein jour,En agglomération,Intersection en X,Pluie légère,Trois véhicules et plus - en chaîne,3,2, -1,-1,1,1,2,0,1,-1,3,3,2,0,0,1,67.0,29.0,voiture,voiture,1,2,2,2,4
202300031994,2023-04-12 20:00:00,2023,4,12,20,0,77,77305,Rue du Général Pajol,48.3994,2.9611,Plein jour,En agglomération,Intersection en Y,Normale,Deux véhicules - côté,4,2,2,0,1,1,1,0,1,50,2,2,1,0,1,0,39.0,53.0,deux_roues,voiture,1,2,4,1,3
202300031994,2023-04-12 20:00:00,2023,4,12,20,0,77,77305,Rue du Général Pajol,48.3994,2.9611,Plein jour,En agglomération,Intersection en Y,Normale,Deux véhicules - côté,4,2,3,1,2,1,1,0,5,50,2,2,1,0,1,0,39.0,53.0,deux_roues,voiture,1,2,4,1,3
202300031995,2023-03-02 14:45:00,2023,3,2,14,45,94,94028,96 Av du Mal de Lattre de Tassigny,48.800681,2.450675,Plein jour,En agglomération,Hors intersection,Normale,Deux véhicules - côté,3,1,3,0,1,1,1,0,1,50,2,3,2,0,0,1,31.0,44.0,voiture,utilitaire_camion,1,2,1,1,3
202300031996,2023-11-10 07:15:00,2023,11,10,7,15,974,97411,BOIS DE NEFLES (ROUTE DE),-20.90196,55.47713,Plein jour,En agglomération,Intersection en T,Normale,Autre collision,4,-1,2,0,2,2,1,0,1,50,1,2,1,0,0,1,62.0,,voiture,,1,2,3,1,6
202300031996,2023-11-10 07:15:00,2023,11,10,7,15,974,97411,BOIS DE NEFLES (ROUTE DE),-20.90196,55.47713,Plein jour,En agglomération,Intersection en T,Normale,Autre collision,4,-1,2,0,2,1,1,0,8,50,1,2,1,0,0,1,62.0,,voiture,,1,2,3,1,6
202300031997,2023-05-22 13:20:00,2023,5,22,13,20,69,69386,74 Rue Vauban,45.76543137,4.84947962,Plein jour,En agglomération,Hors intersection,Normale,Deux véhicules - frontale,4,1,1,2,1,1,1,0,1,50,2,2,1,0,0,1,51.0,22.0,deux_roues,voiture,1,2,1,1,1
202300031998,2023-03-02 19:00:00,2023,3,2,19,0,94,94079,2 Boulevard de Friedberg,48.83265734,2.54380462,Crépuscule ou aube,En agglomération,Hors intersection,Normale,Autre collision,3,2,2,0,1,1,1,0,1,50,1,2,1,0,0,1,30.0,,voiture,,2,2,1,1,6
202300031999,2023-11-09 20:10:00,2023,11,9,20,10,974,97411,OCEAN (BOULEVARD DE L'),-20.87934,55.45807,Nuit avec éclairage allumé,En agglomération,Hors intersection,Normale,Deux véhicules - frontale,4,2,2,0,1,1,1,0,1,50,2,2,1,0,0,1,77.0,52.0,voiture,deux_roues,5,2,1,1,1
202300032000,2023-04-13 23:42:00,2023,4,13,23,42,76,76322,Rue Hector Berlioz,49.40564,1.04872,Nuit avec éclairage allumé,En agglomération,Hors intersection,Vent fort / tempête,Sans collision,4,2,2,0,1,2,1,0,1,30,1,1,0,0,0,1,18.0,,deux_roues,,5,2,1,6,7
202300032001,2023-11-09 12:10:00,2023,11,9,12,10,974,97411,LANCASTEL (BOULEVARD),-20.87502,55.45396,Plein jour,En agglomération,Hors intersection,Normale,Deux véhicules - arrière,2,2,0,0,1,1,1,0,1,50,2,3,2,0,0,1,48.0,46.0,utilitaire_camion,voiture,1,2,1,1,2