accident_id,datetime,annee,mois,jour,heure,minute,departement,commune_insee,adresse,latitude,longitude,luminosite,agglomeration,intersection,meteo,collision,catr,circ,nbv,vosp,prof,plan,surf,infra,situ,vma,nb_vehicules,nb_usagers,nb_indemnes,nb_tues,nb_blesses_hosp,nb_blesses_legers,age_cond_1,age_cond_2,veh_type_cond_1,veh_type_cond_2,lum_code,agg_code,int_code,atm_code,col_code
202300032278,2023-05-20 14:30:00,2023,5,20,14,30,92,92036,PIERRE DE COUBERTIN (BOULEVARD) (PORT ->,48.930333,2.284608,Plein jour,En agglomération,Giratoire,Normale,Autre collision,3,1,3,0,1,1,1,0,1,50,2,2,1,0,0,1,21.0,24.0,voiture,deux_roues,1,2,6,1,6
202300032278,2023-05-20 14:30:00,2023,5,20,14,30,92,92036,PIERRE DE COUBERTIN (BOULEVARD) (PORT ->,48.930333,2.284608,Plein jour,En agglomération,Giratoire,Normale,Autre collision,3,2,4,0,1,1,1,0,1,50,2,2,1,0,0,1,21.0,24.0,voiture,deux_roues,1,2,6,1,6
202300032279,2023-06-25 12:20:00,2023,6,25,12,20,45,45234,RIOBE (BOULEVARD GUY MARIE),47.91356,1.9099,Plein jour,En agglomération,Intersection en X,Normale,Deux véhicules - côté,4,2,3,2,1,1,1,0,1,50,2,2,1,0,0,1,64.0,23.0,voiture,deux_roues,1,2,2,1,3
202300032279,2023-06-25 12:20:00,2023,6,25,12,20,45,45234,RIOBE (BOULEVARD GUY MARIE),47.91356,1.9099,Plein jour,En agglomération,Intersection en X,Normale,Deux véhicules - côté,4,2,3,2,1,1,1,0,1,50,2,2,1,0,0,1,64.0,23.0,voiture,deux_roues,1,2,2,1,3
202300032280,2023-12-13 18:45:00,2023,12,13,18,45,54,54395,Rue Stanislas,48.69159293,6.17700934,Nuit avec éclairage allumé,En agglomération,Hors intersection,Pluie légère,Autre collision,4,1,2,3,2,1,2,-1,1,30,1,2,1,0,0,1,55.0,,utilitaire_camion,,5,2,1,2,6
202300032281,2023-03-03 17:25:00,2023,3,3,17,25,94,94021,A106,48.76360182,2.34384403,Plein jour,Hors agglomération,Hors intersection,Normale,Deux véhicules - arrière,1,1,2,0,1,1,1,0,1,70,2,2,1,0,0,1,58.0,36.0,voiture,utilitaire_camion,1,1,1,1,2
202300032282,2023-11-10 02:40:00,2023,11,10,2,40,31,31555,LASCROSSES (RUE) DU 2AU 15,43.6103,1.4362,Nuit avec éclairage allumé,En agglomération,Hors intersection,Pluie légère,Autre collision,4,1,1,0,1,1,2,0,1,30,1,2,1,0,0,1,21.0,,voiture,,5,2,1,2,6
202300032283,2023-05-19 20:45:00,2023,5,19,20,45,92,92036,RETROU (RUE),48.929447,2.299288,Nuit avec éclairage allumé,En agglomération,Hors intersection,Normale,Sans collision,4,2,2,0,1,1,1,0,1,50,1,2,1,0,0,1,20.0,,deux_roues,,5,2,1,1,7
202300032284,2023-06-25 11:36:00,2023,6,25,11,36,45,45169,Parking Leroy-Merlin,47.90161,1.85951,Plein jour,Hors agglomération,Autre intersection,Normale,Autre collision,6,-1, -1,3,1,1,1,0,1,30,1,2,1,0,0,1,59.0,,voiture,,1,1,9,1,6
202300032285,2023-12-13 13:45:00,2023,12,13,13,45,54,54547,Rue du Portugal,48.66356317,6.17071688,Plein jour,En agglomération,Hors intersection,Pluie légère,Deux véhicules - arrière,4,2,4,0,1,1,2,0,1,20,2,2,1,0,0,1,63.0,53.0,voiture,voiture,1,2,1,2,2
202300032286,2023-11-10 20:20:00,2023,11,10,20,20,30,30007,UZES (ROUTE D'),44.11429,4.10322,Nuit avec éclairage allumé,En agglomération,Giratoire,Normale,Deux véhicules - côté,4,2,2,0,1,3,1,9,8,50,2,2,0,0,0,2,54.0,38.0,voiture,deux_roues,5,2,6,1,3
202300032286,2023-11-10 20:20:00,2023,11,10,20,20,30,30007,UZES (ROUTE D'),44.11429,4.10322,Nuit avec éclairage allumé,En agglomération,Giratoire,Normale,Deux véhicules - côté,4,2,2,0,1,1,1,0,8,50,2,2,0,0,0,2,54.0,38.0,voiture,deux_roues,5,2,6,1,3
202300032287,2023-05-21 22:40:00,2023,5,21,22,40,92,92032,DORMOY MAX (AVENUE),48.79124,2.29248,Nuit avec éclairage allumé,En agglomération,Hors intersection,Normale,Autre collision,3,2,2,0,1,2,1,0,1,30,1,2,1,0,0,1,32.0,,voiture,,5,2,1,1,6
202300032288,2023-06-06 01:00:00,2023,6,6,1,0,42,42218,Rue du Treyve,45.447,4.394,Nuit avec éclairage non allumé,En agglomération,Intersection en Y,Autre,Autre collision,4,2,2,-1,1,1,9,0,6,-1,1,2,1,0,1,0,,,voiture,,4,2,4,9,6
202300032288,2023-06-06 01:00:00,2023,6,6,1,0,42,42218,Rue du Treyve,45.447,4.394,Nuit avec éclairage non allumé,En agglomération,Intersection en Y,Autre,Autre collision,4,-1,0,0,1,1,9,9,6,50,1,2,1,0,1,0,,,voiture,,4,2,4,9,6
202300032289,2023-03-03 17:50:00,2023,3,3,17,50,91,91161,AUTOROUTE A6,48.69582,2.31747,Plein jour,Hors agglomération,Hors intersection,Normale,Trois véhicules et plus - en chaîne,1,3,6,0,1,1,1,0,1,110,3,4,1,0,0,3,45.0,54.0,utilitaire_camion,voiture,1,1,1,1,4
202300032290,2023-12-13 13:20:00,2023,12,13,13,20,54,54395,Rue de la Bergamote,48.70072818,6.15134597,Plein jour,En agglomération,Hors intersection,Normale,Autre collision,4,1,1,0,1,1,1,0,4,30,1,2,1,0,0,1,22.0,,utilitaire_camion,,1,2,1,1,6
202300032291,2023-11-10 17:05:00,2023,11,10,17,5,29,29232,Boulevard Flandres Dunkerque1940,47.97993992,-4.08075934,Plein jour,Hors agglomération,Hors intersection,Pluie légère,Trois véhicules et plus - en chaîne,3,3,0,0,2,1,2,0,1,70,3,3,1,0,0,2,21.0,20.0,voiture,voiture,1,1,1,2,4
202300032292,2023-03-02 15:15:00,2023,3,2,15,15,93,93007,AUTOROUTE A3,48.92489,2.48104,Plein jour,Hors agglomération,Hors intersection,Normale,Sans collision,1,3,6,0,1,1,1,0,1,90,1,1,0,0,0,1,42.0,,deux_roues,,1,1,1,1,7
202300032293,2023-05-22 15:27:00,2023,5,22,15,27,92,92004,BAS ( RUE DES ),48.91549,2.29537,Plein jour,En agglomération,Hors intersection,Normale,Deux véhicules - arrière,3,-1,1,0,1,1,1,0,1,50,2,3,2,0,0,1,23.0,40.0,utilitaire_camion,voiture,1,2,1,1,2
202300032294,2023-06-25 11:45:00,2023,6,25,11,45,34,34129,1e Rue des Chevaliers de Malte,43.57212,3.9019,Plein jour,En agglomération,Intersection en T,Normale,Autre collision,4,2,2,0,1,1,1,0,1,30,2,3,2,0,1,0,25.0,56.0,deux_roues,voiture,1,2,3,1,6
202300032294,2023-06-25 11:45:00,2023,6,25,11,45,34,34129,1e Rue des Chevaliers de Malte,43.57212,3.9019,Plein jour,En agglomération,Intersection en T,Normale,Autre collision,4,2,2,0,1,1,1,0,1,50,2,3,2,0,1,0,25.0,56.0,deux_roues,voiture,1,2,3,1,6
202300032295,2023-03-02 13:00:00,2023,3,2,13,0,92,92036,AUTOROUTE A15,48.9446849,2.28538563,Plein jour,Hors agglomération,Hors intersection,Normale,Sans collision,1,3,8,0,1,1,1,2,1,90,1,1,0,0,0,1,23.0,,deux_roues,,1,1,1,1,7
202300032296,2023-12-13 08:55:00,2023,12,13,8,55,54,54395,Rue des Carmes,48.69209,6.18014,Plein jour,En agglomération,Intersection en X,Normale,Deux véhicules - côté,4,2,2,3,1,1,1,-1,1,30,2,2,1,0,0,1,49.0,24.0,voiture,deux_roues,1,2,2,1,3
202300032296,2023-12-13 08:55:00,2023,12,13,8,55,54,54395,Rue des Carmes,48.69209,6.18014,Plein jour,En agglomération,Intersection en X,Normale,Deux véhicules - côté,4,1,2,0,2,1,1,0,1,30,2,2,1,0,0,1,49.0,24.0,voiture,deux_roues,1,2,2,1,3
202300032297,2023-11-10 13:50:00,2023,11,10,13,50,29,29232,Rond-Point de Ti Douar,47.980347,-4.072361,Plein jour,En agglomération,Giratoire,Pluie légère,Deux véhicules - côté,3,1,1,0,2,2,2,0,1,50,2,2,1,0,0,1,45.0,19.0,deux_roues,voiture,1,2,6,2,3
202300032298,2023-05-23 10:00:00,2023,5,23,10,0,39,39097,12 Rue Jacques Prévert,46.754005,5.898033,Plein jour,En agglomération,Intersection en T,Normale,Deux véhicules - côté,4,2,2,0,1,3,1,0,1,30,2,2,1,0,0,1,17.0,72.0,deux_roues,voiture,1,2,3,1,3
202300032298,2023-05-23 10:00:00,2023,5,23,10,0,39,39097,12 Rue Jacques Prévert,46.754005,5.898033,Plein jour,En agglomération,Intersection en T,Normale,Deux véhicules - côté,4,2,2,-1,1,1,1,0,1,50,2,2,1,0,0,1,17.0,72.0,deux_roues,voiture,1,2,3,1,3
202300032299,2023-06-25 10:45:00,2023,6,25,10,45,34,34003,RD612,43.31342,3.5276,Plein jour,Hors agglomération,Hors intersection,Normale,Trois véhicules et plus - collisions multiples,3,2,2,0,1,1,1,0,1,80,3,4,2,0,0,2,50.0,72.0,voiture,utilitaire_camion,1,1,1,1,5
202300032300,2023-03-02 15:00:00,2023,3,2,15,0,93,93064,AUTOROUTE A86,48.88549,2.47276,Plein jour,Hors agglomération,Hors intersection,Normale,Trois véhicules et plus - en chaîne,1,-1,3,0,1,1,1,0,1,50,3,3,2,0,0,1,43.0,49.0,voiture,voiture,1,1,1,1,4
202300032301,2023-11-10 08:40:00,2023,11,10,8,40,27,27562,ROUEN (ROUTE DE ),49.1024,1.46651,Plein jour,En agglomération,Hors intersection,Normale,Trois véhicules et plus - en chaîne,3,1,2,0,1,1,1,0,1,50,3,3,1,0,0,2,30.0,49.0,voiture,voiture,1,2,1,1,4
202300032302,2023-12-14 16:40:00,2023,12,14,16,40,51,51454,DOUMER (BOULEVARD PAUL),49.24951,4.02553,Plein jour,En agglomération,Hors intersection,Normale,Trois véhicules et plus - en chaîne,4,1,3,0,1,1,1,0,1,50,3,5,4,0,0,1,55.0,,voiture,voiture,1,2,1,1,4
202300032303,2023-05-23 09:10:00,2023,5,23,9,10,14,14162,La Baronnerie,48.881171,-0.453292,Plein jour,Hors agglomération,Intersection en T,Normale,Deux véhicules - côté,3,2,2,0,1,1,1,0,1,90,2,2,1,0,0,1,58.0,24.0,voiture,voiture,1,1,3,1,3
202300032303,2023-05-23 09:10:00,2023,5,23,9,10,14,14162,La Baronnerie,48.881171,-0.453292,Plein jour,Hors agglomération,Intersection en T,Normale,Deux véhicules - côté,3,2,2,0,3,1,1,0,1,80,2,2,1,0,0,1,58.0,24.0,voiture,voiture,1,1,3,1,3
202300032304,2023-06-25 21:40:00,2023,6,25,21,40,33,33318,Avenue Antoine Becquerel,44.78747,-0.64558,Plein jour,En agglomération,Hors intersection,Normale,Deux véhicules - côté,4,2,3,0,1,1,1,0,1,50,2,2,1,0,0,1,51.0,27.0,utilitaire_camion,deux_roues,1,2,1,1,3
202300032305,2023-11-09 08:45:00,2023,11,9,8,45,27,27229,MARNIERE RIGA (RUE DE LA),49.013683,1.165191,Plein jour,Hors agglomération,Hors intersection,Pluie légère,Autre collision,4,2,2,3,1,1,2,6,6,50,1,2,1,0,0,1,23.0,,voiture,,1,1,1,2,6
202300032306,2023-03-01 18:30:00,2023,3,1,18,30,92,92036,AUTOROUTE A15,48.94355783,2.28738079,Nuit sans éclairage public,Hors agglomération,Hors intersection,Normale,Deux véhicules - arrière,1,3,8,0,1,1,1,2,1,90,2,2,1,0,0,1,46.0,58.0,voiture,voiture,3,1,1,1,2
202300032307,2023-12-13 18:38:00,2023,12,13,18,38,51,51573,BONAPARTE (AVENUE),49.24337,3.99139,Nuit sans éclairage public,En agglomération,Hors intersection,Normale,Autre collision,4,1,2,0,1,1,2,0,1,50,1,2,1,0,0,1,44.0,,voiture,,3,2,1,1,6
202300032308,2023-06-25 20:25:00,2023,6,25,20,25,31,31555,ALL CHARLES DE FITTE,43.596024,1.432142,Plein jour,En agglomération,Hors intersection,Normale,Deux véhicules - côté,4,3,2,0,1,1,1,5,1,50,2,3,1,0,1,1,23.0,19.0,voiture,deux_roues,1,2,1,1,3
202300032309,2023-05-12 22:41:00,2023,5,12,22,41,62,62150,D142,50.40807,1.766184,Nuit avec éclairage allumé,En agglomération,Intersection en X,Normale,Deux véhicules - côté,3,2,2,0,1,1,1,0,1,50,2,4,2,0,1,1,53.0,39.0,voiture,voiture,5,2,2,1,3
202300032309,2023-05-12 22:41:00,2023,5,12,22,41,62,62150,D142,50.40807,1.766184,Nuit avec éclairage allumé,En agglomération,Intersection en X,Normale,Deux véhicules - côté,3,2,2,0,1,1,1,0,1,50,2,4,2,0,1,1,53.0,39.0,voiture,voiture,5,2,2,1,3
202300032310,2023-12-14 18:20:00,2023,12,14,18,20,49,49099,LORRAINE (RUE DE),47.05149,-0.85218,Nuit avec éclairage allumé,En agglomération,Hors intersection,Pluie forte,Autre collision,3,3,0,0,1,1,2,0,1,50,1,2,1,0,1,0,50.0,,voiture,,5,2,1,3,6
202300032311,2023-03-01 11:25:00,2023,3,1,11,25,988,98818,RUE PASTEUR/RUE EDOUARD UNGER,-22.26256,166.44481,Plein jour,En agglomération,Intersection en T,Normale,Deux véhicules - côté,4,2,2,0,1,1,1,0,1,50,2,4,3,0,0,1,48.0,60.0,voiture,utilitaire_camion,1,2,3,1,3
202300032311,2023-03-01 11:25:00,2023,3,1,11,25,988,98818,RUE PASTEUR/RUE EDOUARD UNGER,-22.26256,166.44481,Plein jour,En agglomération,Intersection en T,Normale,Deux véhicules - côté,4,1,2,0,2,1,1,0,1,50,2,4,3,0,0,1,48.0,60.0,voiture,utilitaire_camion,1,2,3,1,3
202300032312,2023-11-10 08:10:00,2023,11,10,8,10,22,22187,NOE RIDO (RUE DE LA ),48.53332,-2.78333,Plein jour,En agglomération,Hors intersection,Normale,Deux véhicules - côté,4,2,2,0,1,1,1,0,1,50,2,2,1,0,0,1,17.0,33.0,deux_roues,utilitaire_camion,1,2,1,1,3
202300032313,2023-05-20 18:51:00,2023,5,20,18,51,26,26259,Route de Saint-Donat-sur-l'Herbasse,45.176425,4.956765,Plein jour,Hors agglomération,Hors intersection,Pluie légère,Autre collision,3,2,2,0,2,1,2,0,3,80,1,2,0,0,1,1,20.0,,voiture,,1,1,1,2,6
202300032314,2023-06-24 21:15:00,2023,6,24,21,15,25,25056,boulevard léon blum,47.2594,6.02876,Plein jour,En agglomération,Intersection à plus de 4 branches,Normale,Deux véhicules - côté,4,2,2,0,1,1,1,0,1,50,2,3,1,0,0,2,,23.0,voiture,voiture,1,2,5,1,3
202300032314,2023-06-24 21:15:00,2023,6,24,21,15,25,25056,boulevard léon blum,47.2594,6.02876,Plein jour,En agglomération,Intersection à plus de 4 branches,Normale,Deux véhicules - côté,4,3,5,0,1,1,1,5,1,50,2,3,1,0,0,2,,23.0,voiture,voiture,1,2,5,1,3
202300032315,2023-12-13 10:30:00,2023,12,13,10,30,49,49007,BLANCHOIN BOULEVARD,47.44831,-0.53853,Plein jour,En agglomération,Hors intersection,Normale,Deux véhicules - côté,4,3,4,0,1,1,2,0,1,50,2,2,1,0,0,1,23.0,26.0,deux_roues,voiture,1,2,1,1,3
202300032316,2023-03-01 13:10:00,2023,3,1,13,10,976,97611,tsoundzou-Kwalé ( route de ),-12.81265,45.20235,Plein jour,Hors agglomération,Hors intersection,Normale,Deux véhicules - arrière,2,2,2,0,1,1,1,0,1,50,2,2,1,0,0,1,21.0,33.0,deux_roues,voiture,1,1,1,1,2
202300032317,2023-05-23 15:50:00,2023,5,23,15,50,95,95480,20 VAL D'OISE (RUE DU),49.09659024,2.20396042,Plein jour,En agglomération,Hors intersection,Normale,Deux véhicules - côté,4,2,2,0,1,1,1,0,1,50,2,2,1,0,0,1,12.0,70.0,deux_roues,voiture,1,2,1,1,3
202300032318,2023-11-09 14:30:00,2023,11,9,14,30,19,19031,GUYNEMER (AVENUE),45.15224,1.50508,Plein jour,En agglomération,Hors intersection,Normale,Deux véhicules - arrière,4,2,2,0,1,1,1,0,1,50,2,2,1,0,0,1,51.0,32.0,deux_roues,voiture,1,2,1,1,2
202300032319,2023-12-14 17:11:00,2023,12,14,17,11,45,45147,153 Rue Marcellin Berthelot,47.929,1.916,Nuit avec éclairage allumé,En agglomération,Hors intersection,Normale,Deux véhicules - côté,4,2,2,0,1,1,1,0,1,50,2,2,1,0,0,1,36.0,17.0,voiture,deux_roues,5,2,1,1,3
202300032320,2023-05-16 17:45:00,2023,5,16,17,45,83,83086,20 Route Nationale 7,43.471894,6.567757,Plein jour,En agglomération,Hors intersection,Pluie légère,Sans collision,3,2,2,0,2,1,2,0,1,50,1,1,0,0,0,1,57.0,,deux_roues,,1,2,1,2,7
202300032321,2023-06-24 12:00:00,2023,6,24,12,0,21,21054,SAVIGNY (ROUTE DE),47.04198,4.83996,Plein jour,En agglomération,Intersection en Y,Normale,Deux véhicules - côté,4,2, -1,-1,2,3,1,0,1,50,2,3,2,0,0,1,51.0,77.0,voiture,deux_roues,1,2,4,1,3
202300032321,2023-06-24 12:00:00,2023,6,24,12,0,21,21054,SAVIGNY (ROUTE DE),47.04198,4.83996,Plein jour,En agglomération,Intersection en Y,Normale,Deux véhicules - côté,4,2,3,0,2,1,1,0,1,50,2,3,2,0,0,1,51.0,77.0,voiture,deux_roues,1,2,4,1,3
202300032322,2023-11-07 20:35:00,2023,11,7,20,35,18,18279,39bis Rue Jules Louis Breton,47.22059,2.07964,Nuit avec éclairage allumé,En agglomération,Hors intersection,Temps couvert,Autre collision,4,2,0,0,1,1,2,0,1,50,1,2,1,0,1,0,50.0,,voiture,,5,2,1,8,6
202300032323,2023-03-01 09:25:00,2023,3,1,9,25,976,97611,kaweni-Kakal (rue),-12.77252,45.21788,Plein jour,En agglomération,Hors intersection,Normale,Autre collision,4,2,1,0,2,3,1,0,1,50,1,2,1,0,0,1,32.0,,deux_roues,,1,2,1,1,6
202300032324,2023-11-10 10:30:00,2023,11,10,10,30,17,17415,GENET 2 A 64 COURS,45.74861,-0.65517,Plein jour,En agglomération,Giratoire,Pluie légère,Sans collision,4,1,1,0,1,1,2,0,1,50,1,1,0,0,0,1,20.0,,deux_roues,,1,2,6,2,7
202300032325,2023-12-14 14:00:00,2023,12,14,14,0,45,45308,Route de Saint-Jean de Braye,47.92335878,1.95644116,Plein jour,En agglomération,Hors intersection,Normale,Deux véhicules - arrière,4,1,1,0,4,1,1,0,1,50,2,2,1,0,0,1,31.0,51.0,utilitaire_camion,voiture,1,2,1,1,2
202300032326,2023-11-10 10:30:00,2023,11,10,10,30,13,13106,NELSON MANDELA (AVENUE),43.40919,5.36613,Plein jour,En agglomération,Hors intersection,Normale,Deux véhicules - côté,3,-1,2,0,2,1,2,0,1,50,2,3,1,0,0,2,27.0,34.0,voiture,deux_roues,1,2,1,1,3
202300032327,2023-12-14 07:50:00,2023,12,14,7,50,45,45285,D520 PR 4 + 935,47.90805,1.86864,Nuit avec éclairage allumé,En agglomération,Hors intersection,Normale,Deux véhicules - arrière,3,3,4,0,1,1,1,0,1,70,2,2,1,0,0,1,45.0,18.0,voiture,voiture,5,2,1,1,2
202300032328,2023-05-18 22:20:00,2023,5,18,22,20,26,26085,Autoroute A7,44.499934,4.768581,Nuit sans éclairage public,Hors agglomération,Hors intersection,Pluie légère,Deux véhicules - arrière,1,3,3,0,1,1,2,0,1,130,2,2,1,0,0,1,30.0,56.0,voiture,voiture,3,1,1,2,2
202300032329,2023-11-10 18:30:00,2023,11,10,18,30,13,13203,LOUBON (RUE),43.31183,5.37924,Nuit avec éclairage allumé,En agglomération,Hors intersection,Normale,Deux véhicules - frontale,4,2,2,0,1,1,1,0,1,50,2,2,1,0,0,1,32.0,21.0,voiture,deux_roues,5,2,1,1,1
202300032330,2023-06-25 14:00:00,2023,6,25,14,0,13,13054,D9 (BRETELLE),43.42372,5.23156,Plein jour,En agglomération,Autre intersection,Normale,Trois véhicules et plus - collisions multiples,3,-1,2,0,1,3,1,0,1,50,3,6,2,0,0,4,25.0,58.0,voiture,voiture,1,2,9,1,5
202300032331,2023-03-01 10:45:00,2023,3,1,10,45,974,97416,ANCIENNE RN 1,-21.32729,55.45014,Plein jour,Hors agglomération,Intersection en T,Normale,Deux véhicules - côté,4,2,2,0,2,1,1,5,1,50,2,2,1,0,0,1,32.0,23.0,utilitaire_camion,deux_roues,1,1,3,1,3
202300032331,2023-03-01 10:45:00,2023,3,1,10,45,974,97416,ANCIENNE RN 1,-21.32729,55.45014,Plein jour,Hors agglomération,Intersection en T,Normale,Deux véhicules - côté,4,2, -1,-1,1,1,1,5,1,-1,2,2,1,0,0,1,32.0,23.0,utilitaire_camion,deux_roues,1,1,3,1,3
202300032332,2023-11-10 13:55:00,2023,11,10,13,55,13,13206,PRADO (AVENUE DU),43.28316894,5.38531203,Plein jour,En agglomération,Hors intersection,Normale,Autre collision,4,1,6,3,1,1,1,0,6,50,1,2,1,0,1,0,44.0,,transport_commun,,1,2,1,1,6
202300032333,2023-05-22 21:05:00,2023,5,22,21,5,28,28158,D921,48.413935,1.431441,Plein jour,Hors agglomération,Giratoire,Normale,Deux véhicules - frontale,3,2,1,0,1,2,1,5,1,30,2,4,3,0,0,1,16.0,39.0,deux_roues,voiture,1,1,6,1,1
202300032334,2023-12-14 19:30:00,2023,12,14,19,30,44,44184,58 Rue de Stalingrad,47.27743,-2.21007,Nuit avec éclairage allumé,En agglomération,Intersection en X,Temps couvert,Trois véhicules et plus - collisions multiples,4,4,3,3,1,1,2,5,1,50,3,5,3,0,0,2,,27.0,voiture,voiture,5,2,2,8,5
202300032334,2023-12-14 19:30:00,2023,12,14,19,30,44,44184,58 Rue de Stalingrad,47.27743,-2.21007,Nuit avec éclairage allumé,En agglomération,Intersection en X,Temps couvert,Trois véhicules et plus - collisions multiples,4,4,2,0,1,1,2,5,1,50,3,5,3,0,0,2,,27.0,voiture,voiture,5,2,2,8,5
202300032335,2023-11-10 11:50:00,2023,11,10,11,50,13,13214,MORETTI (BOULEVARD),43.32526308,5.38152246,Plein jour,En agglomération,Hors intersection,Pluie légère,Autre collision,4,2,2,0,1,1,2,0,1,50,1,2,1,0,1,0,31.0,,deux_roues,,1,2,1,2,6
202300032336,2023-06-25 19:30:00,2023,6,25,19,30,13,13001,EUROPE (AV),43.52439,5.4314,Plein jour,En agglomération,Intersection en X,Normale,Deux véhicules - côté,4,1,1,3,1,1,1,0,1,50,2,3,1,0,0,2,18.0,34.0,deux_roues,utilitaire_camion,1,2,2,1,3
202300032336,2023-06-25 19:30:00,2023,6,25,19,30,13,13001,EUROPE (AV),43.52439,5.4314,Plein jour,En agglomération,Intersection en X,Normale,Deux véhicules - côté,4,2,1,0,1,1,1,0,1,50,2,3,1,0,0,2,18.0,34.0,deux_roues,utilitaire_camion,1,2,2,1,3
202300032337,2023-05-21 18:30:00,2023,5,21,18,30,12,12157,RN 88 ROUTE DE LAISSAC,44.399433,2.717443,Plein jour,Hors agglomération,Hors intersection,Pluie légère,Deux véhicules - frontale,2,2,2,0,1,3,2,4,1,80,2,2,1,0,1,0,34.0,25.0,voiture,voiture,1,1,1,2,1
202300032338,2023-03-01 14:50:00,2023,3,1,14,50,69,69386,Rue de Créqui,45.76361,4.84707,Plein jour,En agglomération,Intersection en X,Normale,Deux véhicules - côté,4,1,1,2,1,1,1,0,1,30,2,2,1,0,1,0,2.0,25.0,deux_roues,voiture,1,2,2,1,3
202300032338,2023-03-01 14:50:00,2023,3,1,14,50,69,69386,Rue de Créqui,45.76361,4.84707,Plein jour,En agglomération,Intersection en X,Normale,Deux véhicules - côté,4,1,1,3,1,1,1,0,1,30,2,2,1,0,1,0,2.0,25.0,deux_roues,voiture,1,2,2,1,3
202300032339,2023-12-14 19:10:00,2023,12,14,19,10,44,44109,91 Boulevard de Doulon,47.22606,-1.52298,Nuit avec éclairage allumé,En agglomération,Giratoire,Pluie légère,Deux véhicules - arrière,4,3,2,0,1,1,2,0,1,30,2,2,1,0,1,0,6.0,49.0,deux_roues,voiture,5,2,6,2,2
202300032339,2023-12-14 19:10:00,2023,12,14,19,10,44,44109,91 Boulevard de Doulon,47.22606,-1.52298,Nuit avec éclairage allumé,En agglomération,Giratoire,Pluie légère,Deux véhicules - arrière,4,-1, -1,0,1,1,2,0,1,30,2,2,1,0,1,0,6.0,49.0,deux_roues,voiture,5,2,6,2,2
202300032340,2023-11-10 07:00:00,2023,11,10,7,0,13,13204,ESPERANDIEU (RUE),43.30298781,5.39359443,Nuit avec éclairage allumé,En agglomération,Hors intersection,Pluie légère,Autre collision,4,1,1,0,1,1,2,0,1,50,2,2,1,0,0,1,32.0,31.0,autre,deux_roues,5,2,1,2,6
202300032341,2023-06-25 03:10:00,2023,6,25,3,10,06,06123,PONANT AVENUE DU,43.65847,7.188275,Nuit avec éclairage allumé,En agglomération,Hors intersection,Normale,Deux véhicules - frontale,4,2,2,0,1,1,1,0,1,50,2,2,0,0,0,2,24.0,27.0,voiture,voiture,5,2,1,1,1
202300032342,2023-05-23 16:36:00,2023,5,23,16,36,22,22353,Chemin de Roc'h Bran Bihan,48.803761,-3.500138,Plein jour,Hors agglomération,Hors intersection,Normale,Deux véhicules - frontale,3,2,2,0,1,1,1,0,1,80,2,3,1,1,1,0,52.0,79.0,transport_commun,voiture,1,1,1,1,1
202300032343,2023-12-14 07:45:00,2023,12,14,7,45,38,38421,RUE HENRI WALLON,45.17241,5.75798,Nuit avec éclairage non allumé,En agglomération,Hors intersection,Pluie forte,Autre collision,4,2,2,0,1,1,2,0,1,30,1,2,1,0,0,1,,,voiture,,4,2,1,3,6
202300032344,2023-11-10 01:35:00,2023,11,10,1,35,13,13216,ESTAQUE PLAGE,43.35771,5.28724,Nuit avec éclairage allumé,En agglomération,Hors intersection,Normale,Autre collision,4,2,2,0,2,2,1,0,1,50,1,1,0,0,0,1,31.0,,utilitaire_camion,,5,2,1,1,6
202300032345,2023-03-01 09:12:00,2023,3,1,9,12,69,69388,Rue Henri Barbusse,45.7298,4.85382,Plein jour,En agglomération,Intersection en X,Normale,Deux véhicules - arrière,4,2,3,2,1,1,1,0,1,30,2,2,1,0,0,1,38.0,19.0,voiture,deux_roues,1,2,2,1,2
202300032345,2023-03-01 09:12:00,2023,3,1,9,12,69,69388,Rue Henri Barbusse,45.7298,4.85382,Plein jour,En agglomération,Intersection en X,Normale,Deux véhicules - arrière,4,2,3,2,1,1,1,0,1,30,2,2,1,0,0,1,38.0,19.0,voiture,deux_roues,1,2,2,1,2
202300032346,2023-06-17 11:00:00,2023,6,17,11,0,75,75117,PORTE DE CLICHY,48.897468,2.312269,Plein jour,En agglomération,Intersection en Y,Normale,Deux véhicules - frontale,4,1,4,0,1,1,1,0,1,70,2,3,2,0,0,1,68.0,20.0,voiture,utilitaire_camion,1,2,4,1,1
202300032346,2023-06-17 11:00:00,2023,6,17,11,0,75,75117,PORTE DE CLICHY,48.897468,2.312269,Plein jour,En agglomération,Intersection en Y,Normale,Deux véhicules - frontale,4,1,3,0,2,1,1,0,1,50,2,3,2,0,0,1,68.0,20.0,voiture,utilitaire_camion,1,2,4,1,1
202300032347,2023-05-22 12:50:00,2023,5,22,12,50,17,17407,N11,46.202052,-1.025382,Plein jour,Hors agglomération,Hors intersection,Normale,Autre collision,2,3,4,3,1,1,1,0,1,110,1,3,1,1,0,1,70.0,,voiture,,1,1,1,1,6
202300032348,2023-12-14 18:36:00,2023,12,14,18,36,35,35238,LORIENT (DE),48.10687,-1.72792,Nuit avec éclairage allumé,En agglomération,Hors intersection,Normale,Deux véhicules - côté,2,3,5,3,1,1,2,0,1,50,2,2,1,0,0,1,82.0,26.0,voiture,voiture,5,2,1,1,3