accident_id,datetime,annee,mois,jour,heure,minute,departement,commune_insee,adresse,latitude,longitude,luminosite,agglomeration,intersection,meteo,collision,catr,circ,nbv,vosp,prof,plan,surf,infra,situ,vma,nb_vehicules,nb_usagers,nb_indemnes,nb_tues,nb_blesses_hosp,nb_blesses_legers,age_cond_1,age_cond_2,veh_type_cond_1,veh_type_cond_2,lum_code,agg_code,int_code,atm_code,col_code
202300032349,2023-03-01 15:40:00,2023,3,1,15,40,972,97213,AUTOROUTE A1,14.61762,-61.01808,Plein jour,Hors agglomération,Hors intersection,Normale,Deux véhicules - arrière,1,2,6,0,1,1,1,2,1,90,2,2,1,0,0,1,72.0,39.0,voiture,deux_roues,1,1,1,1,2
202300032350,2023-06-15 11:15:00,2023,6,15,11,15,75,75112,PORTE DOREE,48.832542,2.406109,Plein jour,En agglomération,Hors intersection,Normale,Trois véhicules et plus - en chaîne,4,1,4,0,1,1,1,0,1,70,3,3,2,0,0,1,35.0,41.0,voiture,utilitaire_camion,1,2,1,1,4
202300032351,2023-05-23 15:05:00,2023,5,23,15,5,01,01033,701 route des etournelles  (Châtillon-en-Michaille),46.129761,5.80087,Plein jour,En agglomération,Hors intersection,Normale,Autre collision,6,-1, -1,0,1,1,1,0,1,-1,1,3,1,0,2,0,86.0,,voiture,,1,2,1,1,6
202300032352,2023-12-14 08:20:00,2023,12,14,8,20,35,35278,DISCALCEAT (RUE J),48.15435,-1.68141,Plein jour,En agglomération,Intersection en X,Normale,Deux véhicules - côté,4,1,2,0,2,1,1,0,1,50,2,3,2,0,0,1,59.0,45.0,voiture,voiture,1,2,2,1,3
202300032352,2023-12-14 08:20:00,2023,12,14,8,20,35,35278,DISCALCEAT (RUE J),48.15435,-1.68141,Plein jour,En agglomération,Intersection en X,Normale,Deux véhicules - côté,4,2,2,0,2,1,1,0,1,50,2,3,2,0,0,1,59.0,45.0,voiture,voiture,1,2,2,1,3
202300032353,2023-05-22 15:50:00,2023,5,22,15,50,71,71578,Route Nationale (La Villeneuve),46.95916,5.16808,Plein jour,Hors agglomération,Hors intersection,Normale,Autre collision,3,2,2,0,1,1,1,0,3,80,1,1,0,0,1,0,74.0,,utilitaire_camion,,1,1,1,1,6
202300032354,2023-11-10 19:00:00,2023,11,10,19,0,13,13047,RN 569,43.50246,4.96596,Nuit sans éclairage public,Hors agglomération,Hors intersection,Temps couvert,Trois véhicules et plus - en chaîne,2,2,2,0,1,1,2,0,1,80,4,11,10,0,0,1,35.0,22.0,voiture,voiture,3,1,1,8,4
202300032355,2023-03-01 09:08:00,2023,3,1,9,8,972,97213,ROUTE DEPARTEMENTALE 3,14.6275,-60.9893,Plein jour,Hors agglomération,Hors intersection,Normale,Deux véhicules - côté,3,2,2,0,1,1,1,0,1,50,2,2,1,0,1,0,20.0,22.0,deux_roues,voiture,1,1,1,1,3
202300032356,2023-06-25 08:25:00,2023,6,25,8,25,75,75119,AVENUE CORENTIN CARIOU,48.895784,2.383602,Plein jour,En agglomération,Intersection en T,Normale,Deux véhicules - frontale,4,2,2,0,1,1,1,0,1,30,2,2,0,0,0,2,31.0,44.0,deux_roues,deux_roues,1,2,3,1,1
202300032356,2023-06-25 08:25:00,2023,6,25,8,25,75,75119,AVENUE CORENTIN CARIOU,48.895784,2.383602,Plein jour,En agglomération,Intersection en T,Normale,Deux véhicules - frontale,4,1,3,2,1,1,1,0,1,30,2,2,0,0,0,2,31.0,44.0,deux_roues,deux_roues,1,2,3,1,1
202300032357,2023-12-14 12:10:00,2023,12,14,12,10,33,33063,PCE LUCIEN VICTOR MEUNIER,44.84362,-0.58668,Plein jour,En agglomération,Place,Normale,Autre collision,4,2,2,0,1,1,1,9,1,50,1,2,1,0,1,0,69.0,,voiture,,1,2,7,1,6
202300032358,2023-11-10 15:25:00,2023,11,10,15,25,10,10387,GUSTAVE MASSON (RUE),48.274,4.0803,Plein jour,En agglomération,Intersection en X,Normale,Autre collision,4,2,2,0,1,1,1,5,1,50,1,2,1,0,1,0,71.0,,voiture,,1,2,2,1,6
202300032358,2023-11-10 15:25:00,2023,11,10,15,25,10,10387,GUSTAVE MASSON (RUE),48.274,4.0803,Plein jour,En agglomération,Intersection en X,Normale,Autre collision,4,2,2,0,1,1,1,5,1,50,1,2,1,0,1,0,71.0,,voiture,,1,2,2,1,6
202300032359,2023-05-22 13:20:00,2023,5,22,13,20,77,77423,D934,48.772985,3.326679,Plein jour,Hors agglomération,Hors intersection,Normale,Autre collision,3,2,2,0,1,1,1,0,1,80,2,2,1,0,1,0,25.0,76.0,voiture,voiture,1,1,1,1,6
202300032360,2023-03-01 15:10:00,2023,3,1,15,10,972,97209,AURELIE DICANOT (RUE),14.6168,-61.07125,Plein jour,En agglomération,Hors intersection,Normale,Deux véhicules - côté,4,2,2,0,4,3,1,0,1,50,2,2,1,0,1,0,28.0,57.0,voiture,deux_roues,1,2,1,1,3
202300032361,2023-06-25 19:30:00,2023,6,25,19,30,75,75117,AVENUE DE WAGRAM,48.881538,2.300722,Plein jour,En agglomération,Intersection en X,Normale,Deux véhicules - côté,4,2,2,0,1,1,1,8,1,30,2,2,1,0,0,1,68.0,27.0,deux_roues,voiture,1,2,2,1,3
202300032361,2023-06-25 19:30:00,2023,6,25,19,30,75,75117,AVENUE DE WAGRAM,48.881538,2.300722,Plein jour,En agglomération,Intersection en X,Normale,Deux véhicules - côté,4,2,2,0,1,1,1,8,1,30,2,2,1,0,0,1,68.0,27.0,deux_roues,voiture,1,2,2,1,3
202300032362,2023-11-09 18:55:00,2023,11,9,18,55,10,10387,PASTEUR (RUE),48.2991,4.0659,Nuit avec éclairage allumé,En agglomération,Hors intersection,Pluie légère,Autre collision,4,2,2,0,1,1,2,0,1,50,1,2,1,0,1,0,18.0,,voiture,,5,2,1,2,6
202300032363,2023-05-22 16:15:00,2023,5,22,16,15,57,57767,Rue de la Liberte,49.327709,6.241887,Plein jour,En agglomération,Hors intersection,Normale,Autre collision,4,2,2,0,1,1,1,0,1,50,1,2,1,1,0,0,22.0,,voiture,,1,2,1,1,6
202300032364,2023-12-14 07:40:00,2023,12,14,7,40,33,33318,Avenue du Maréchal de Lattre de Tassigny (rd),44.76858858,-0.71882038,Nuit sans éclairage public,En agglomération,Intersection en T,Normale,Deux véhicules - côté,3,2,2,0,1,1,2,0,1,50,2,2,1,0,0,1,41.0,45.0,voiture,deux_roues,3,2,3,1,3
202300032364,2023-12-14 07:40:00,2023,12,14,7,40,33,33318,Avenue du Maréchal de Lattre de Tassigny (rd),44.76858858,-0.71882038,Nuit sans éclairage public,En agglomération,Intersection en T,Normale,Deux véhicules - côté,3,2,2,0,1,1,2,0,1,50,2,2,1,0,0,1,41.0,45.0,voiture,deux_roues,3,2,3,1,3
202300032365,2023-03-01 08:30:00,2023,3,1,8,30,69,69384,Rue Guitton,45.77974,4.83959,Plein jour,En agglomération,Hors intersection,Normale,Sans collision,4,2,2,0,2,2,1,0,1,50,1,1,0,0,0,1,44.0,,deux_roues,,1,2,1,1,7
202300032366,2023-06-25 16:45:00,2023,6,25,16,45,75,75116,RUE DUBAN,48.857628,2.277551,Plein jour,En agglomération,Intersection en T,Normale,Autre collision,4,1,1,0,1,1,1,0,1,50,1,1,0,0,0,1,35.0,,voiture,,1,2,3,1,6
202300032366,2023-06-25 16:45:00,2023,6,25,16,45,75,75116,RUE DUBAN,48.857628,2.277551,Plein jour,En agglomération,Intersection en T,Normale,Autre collision,4,1,1,0,1,1,1,8,1,50,1,1,0,0,0,1,35.0,,voiture,,1,2,3,1,6
202300032367,2023-05-21 16:15:00,2023,5,21,16,15,67,67002,D919,48.91459498,7.20524536,Plein jour,Hors agglomération,Hors intersection,Normale,Deux véhicules - frontale,3,2,2,0,1,4,1,0,1,80,2,2,1,1,0,0,64.0,33.0,voiture,deux_roues,1,1,1,1,1
202300032368,2023-06-25 05:56:00,2023,6,25,5,56,75,75116,RUE DE BOULAINVILLIERS,48.852733,2.275894,Plein jour,En agglomération,Intersection en X,Normale,Sans collision,4,1,2,0,1,1,1,1,1,30,1,1,0,0,1,0,20.0,,deux_roues,,1,2,2,1,7
202300032368,2023-06-25 05:56:00,2023,6,25,5,56,75,75116,RUE DE BOULAINVILLIERS,48.852733,2.275894,Plein jour,En agglomération,Intersection en X,Normale,Sans collision,4,2,2,0,1,1,1,0,1,30,1,1,0,0,1,0,20.0,,deux_roues,,1,2,2,1,7
202300032369,2023-11-09 16:15:00,2023,11,9,16,15,10,10333,CHARLES DE REFUGE (RUE),48.2823,4.0542,Plein jour,En agglomération,Intersection en T,Normale,Deux véhicules - côté,4,-1, -1,0,1,1,1,0,1,50,2,3,2,0,0,1,25.0,49.0,deux_roues,voiture,1,2,3,1,3
202300032369,2023-11-09 16:15:00,2023,11,9,16,15,10,10333,CHARLES DE REFUGE (RUE),48.2823,4.0542,Plein jour,En agglomération,Intersection en T,Normale,Deux véhicules - côté,4,1,1,0,1,1,1,0,1,30,2,3,2,0,0,1,25.0,49.0,deux_roues,voiture,1,2,3,1,3
202300032370,2023-03-01 11:50:00,2023,3,1,11,50,95,95277,Avenue des Hortensias,48.999072,2.426372,Plein jour,En agglomération,Hors intersection,Normale,Autre collision,4,1,1,0,1,1,1,0,1,50,1,2,1,0,0,1,61.0,,voiture,,1,2,1,1,6
202300032371,2023-12-14 18:40:00,2023,12,14,18,40,32,32013,YSER (AVENUE DE L'),43.65458,0.59601,Nuit sans éclairage public,En agglomération,Hors intersection,Normale,Deux véhicules - arrière,2,2,2,0,1,1,1,6,1,50,2,5,4,0,0,1,38.0,29.0,voiture,voiture,3,2,1,1,2
202300032372,2023-11-09 15:15:00,2023,11,9,15,15,10,10387,JARDINS (RUE DES),48.29829,4.06027,Plein jour,En agglomération,Hors intersection,Normale,Deux véhicules - arrière,4,2,2,0,1,1,1,0,1,50,2,2,1,0,0,1,22.0,21.0,deux_roues,voiture,1,2,1,1,2
202300032373,2023-03-01 15:19:00,2023,3,1,15,19,91,91286,EMILE ALLIAUD (AVENUE),48.649169,2.380419,Plein jour,En agglomération,Hors intersection,Normale,Autre collision,3,-1,0,0,1,1,1,0,8,20,1,1,0,0,0,1,54.0,,voiture,,1,2,1,1,6
202300032374,2023-06-25 13:05:00,2023,6,25,13,5,75,75115,RUE LINOIS,48.847713,2.284139,Plein jour,En agglomération,Intersection en T,Normale,Deux véhicules - côté,4,1,2,1,1,1,1,0,1,50,2,2,1,0,0,1,40.0,36.0,deux_roues,voiture,1,2,3,1,3
202300032374,2023-06-25 13:05:00,2023,6,25,13,5,75,75115,RUE LINOIS,48.847713,2.284139,Plein jour,En agglomération,Intersection en T,Normale,Deux véhicules - côté,4,2,2,1,1,1,1,0,1,50,2,2,1,0,0,1,40.0,36.0,deux_roues,voiture,1,2,3,1,3
202300032375,2023-05-23 10:20:00,2023,5,23,10,20,2B,2B207,Caragiuti,42.457396,9.501275,Plein jour,Hors agglomération,Autre intersection,Normale,Trois véhicules et plus - collisions multiples,2,2,2,0,1,1,1,0,1,80,3,6,3,0,2,1,58.0,68.0,utilitaire_camion,voiture,1,1,9,1,5
202300032376,2023-12-14 08:33:00,2023,12,14,8,33,29,29019,rue de Quimper,48.401453,-4.456362,Nuit avec éclairage allumé,En agglomération,Intersection en T,Pluie légère,Deux véhicules - frontale,4,1,1,0,1,1,2,0,1,50,2,2,1,0,0,1,77.0,20.0,voiture,deux_roues,5,2,3,2,1
202300032376,2023-12-14 08:33:00,2023,12,14,8,33,29,29019,rue de Quimper,48.401453,-4.456362,Nuit avec éclairage allumé,En agglomération,Intersection en T,Pluie légère,Deux véhicules - frontale,4,2,2,1,1,1,2,0,1,50,2,2,1,0,0,1,77.0,20.0,voiture,deux_roues,5,2,3,2,1
202300032377,2023-06-25 07:45:00,2023,6,25,7,45,75,75115,QUAI D ISSY LES MOULINEAUX,48.83488,2.26608,Plein jour,En agglomération,Hors intersection,Normale,Sans collision,4,1,2,0,1,1,1,0,1,50,1,1,0,0,0,1,63.0,,deux_roues,,1,2,1,1,7
202300032378,2023-03-01 07:56:00,2023,3,1,7,56,87,87085,BEL AIR (BOULEVARD DE),45.81988,1.2495,Crépuscule ou aube,En agglomération,Hors intersection,Normale,Autre collision,4,3,4,0,1,1,1,5,1,50,1,2,1,0,0,1,22.0,,voiture,,2,2,1,1,6
202300032379,2023-11-08 17:55:00,2023,11,8,17,55,07,07316,MONTGOLFIERS (AVENENUE DES FRERES),44.88964,4.85071,Crépuscule ou aube,En agglomération,Hors intersection,Normale,Trois véhicules et plus - collisions multiples,3,2,2,0,1,1,1,0,1,50,3,3,2,0,0,1,67.0,37.0,utilitaire_camion,voiture,2,2,1,1,5
202300032380,2023-05-22 18:23:00,2023,5,22,18,23,32,32064,Lieu dit Terrouge,43.876033,0.1531,Plein jour,Hors agglomération,Intersection en T,Normale,Trois véhicules et plus - collisions multiples,3,2,2,0,2,1,1,0,1,90,3,3,2,0,1,0,40.0,34.0,voiture,voiture,1,1,3,1,5
202300032380,2023-05-22 18:23:00,2023,5,22,18,23,32,32064,Lieu dit Terrouge,43.876033,0.1531,Plein jour,Hors agglomération,Intersection en T,Normale,Trois véhicules et plus - collisions multiples,3,-1,2,0,1,1,1,0,8,-1,3,3,2,0,1,0,40.0,34.0,voiture,voiture,1,1,3,1,5
202300032381,2023-12-12 17:40:00,2023,12,12,17,40,29,29019,avenue Victor Le Gorgeu,48.406732,-4.50909,Crépuscule ou aube,En agglomération,Autre intersection,Normale,Deux véhicules - côté,4,3,4,3,1,1,2,0,6,50,2,2,1,0,1,0,17.0,72.0,deux_roues,voiture,2,2,9,1,3
202300032382,2023-06-25 11:50:00,2023,6,25,11,50,75,75112,QUAI DE BERCY,48.831562,2.385325,Plein jour,En agglomération,Intersection en T,Normale,Deux véhicules - arrière,4,2,6,0,1,1,1,0,1,50,2,2,1,0,0,1,48.0,50.0,deux_roues,voiture,1,2,3,1,2
202300032382,2023-06-25 11:50:00,2023,6,25,11,50,75,75112,QUAI DE BERCY,48.831562,2.385325,Plein jour,En agglomération,Intersection en T,Normale,Deux véhicules - arrière,4,1,3,0,2,1,1,0,1,50,2,2,1,0,0,1,48.0,50.0,deux_roues,voiture,1,2,3,1,2
202300032383,2023-02-28 12:14:00,2023,2,28,12,14,87,87085,PERRIN (RUE FRANCOIS),45.8258,1.2356,Plein jour,En agglomération,Hors intersection,Normale,Deux véhicules - côté,4,2,2,0,1,1,1,0,1,50,2,2,1,0,0,1,26.0,51.0,deux_roues,voiture,1,2,1,1,3
202300032384,2023-11-10 08:00:00,2023,11,10,8,0,06,06069,CANNES (ROUTE DE)  -RD 6085-,43.6331703,6.9535489,Plein jour,En agglomération,Hors intersection,Normale,Deux véhicules - côté,4,2,2,0,1,1,1,0,1,50,2,2,1,0,0,1,21.0,16.0,voiture,deux_roues,1,2,1,1,3
202300032385,2023-12-12 12:00:00,2023,12,12,12,0,29,29019,avenue Camille Desmoulins,48.397151,-4.487655,Plein jour,En agglomération,Autre intersection,Temps couvert,Autre collision,4,3,3,3,3,1,1,0,1,30,1,2,1,0,0,1,53.0,,voiture,,1,2,9,8,6
202300032386,2023-06-25 10:54:00,2023,6,25,10,54,75,75112,BOULEVARD DE PICPUS,48.846482,2.40037,Plein jour,En agglomération,Hors intersection,Normale,Autre collision,4,1,2,1,1,1,1,0,1,30,1,2,1,0,0,1,33.0,,voiture,,1,2,1,1,6
202300032387,2023-11-10 18:05:00,2023,11,10,18,5,06,06004,CANNES(RN.7) AV.DE,43.57529,7.0944,Nuit avec éclairage allumé,En agglomération,Intersection en T,Normale,Deux véhicules - côté,4,2,2,0,1,1,1,0,1,50,2,2,1,1,0,0,44.0,36.0,deux_roues,voiture,5,2,3,1,3
202300032387,2023-11-10 18:05:00,2023,11,10,18,5,06,06004,CANNES(RN.7) AV.DE,43.57529,7.0944,Nuit avec éclairage allumé,En agglomération,Intersection en T,Normale,Deux véhicules - côté,4,2,2,0,1,1,1,0,1,30,2,2,1,1,0,0,44.0,36.0,deux_roues,voiture,5,2,3,1,3
202300032388,2023-05-20 21:00:00,2023,5,20,21,0,61,61402,D862,48.701363,-0.291888,Crépuscule ou aube,Hors agglomération,Hors intersection,Normale,Autre collision,3,2,2,0,1,2,9,0,3,80,1,1,0,0,1,0,16.0,,deux_roues,,2,1,1,1,6
202300032389,2023-03-01 10:05:00,2023,3,1,10,5,83,83090,NATIONALE 8 (ROUTE),43.13369,5.86169,Plein jour,Hors agglomération,Intersection en X,Normale,Deux véhicules - côté,3,-1,2,0,1,1,1,0,1,50,2,2,1,0,0,1,45.0,85.0,voiture,deux_roues,1,1,2,1,3
202300032389,2023-03-01 10:05:00,2023,3,1,10,5,83,83090,NATIONALE 8 (ROUTE),43.13369,5.86169,Plein jour,Hors agglomération,Intersection en X,Normale,Deux véhicules - côté,3,2,2,0,1,1,1,9,1,70,2,2,1,0,0,1,45.0,85.0,voiture,deux_roues,1,1,2,1,3
202300032390,2023-06-25 06:50:00,2023,6,25,6,50,75,75112,QUAI DE LA RAPEE,48.84528,2.368408,Plein jour,En agglomération,Intersection en T,Normale,Sans collision,4,2,3,1,1,1,1,0,1,30,1,1,0,0,0,1,28.0,,deux_roues,,1,2,3,1,7
202300032390,2023-06-25 06:50:00,2023,6,25,6,50,75,75112,QUAI DE LA RAPEE,48.84528,2.368408,Plein jour,En agglomération,Intersection en T,Normale,Sans collision,4,1,4,1,1,1,1,0,1,50,1,1,0,0,0,1,28.0,,deux_roues,,1,2,3,1,7
202300032391,2023-12-14 12:22:00,2023,12,14,12,22,27,27562,DE GAULLE (BOULEVARD),49.09556,1.45989,Plein jour,En agglomération,Giratoire,Normale,Deux véhicules - côté,4,2,2,0,1,1,1,9,1,50,2,2,1,0,0,1,29.0,50.0,deux_roues,voiture,1,2,6,1,3
202300032391,2023-12-14 12:22:00,2023,12,14,12,22,27,27562,DE GAULLE (BOULEVARD),49.09556,1.45989,Plein jour,En agglomération,Giratoire,Normale,Deux véhicules - côté,4,2,2,0,1,1,1,0,1,50,2,2,1,0,0,1,29.0,50.0,deux_roues,voiture,1,2,6,1,3
202300032392,2023-05-21 13:45:00,2023,5,21,13,45,39,39209,65 Rue des Combes,46.408766,5.399888,Plein jour,En agglomération,Hors intersection,Normale,Autre collision,3,2,2,0,2,1,1,0,3,50,1,1,0,1,0,0,69.0,,utilitaire_camion,,1,2,1,1,6
202300032393,2023-02-26 21:40:00,2023,2,26,21,40,83,83141,D 54(VERS LA MOTTE),43.50649,6.51082,Nuit sans éclairage public,Hors agglomération,Hors intersection,Pluie forte,Sans collision,3,2,3,0,2,2,2,0,8,70,1,1,0,0,1,0,31.0,,voiture,,3,1,1,3,7
202300032394,2023-11-07 13:34:00,2023,11,7,13,34,05,05061,PIERRE ET MARIE CURIE ( BD),44.56165,6.08413,Plein jour,En agglomération,Hors intersection,Normale,Deux véhicules - côté,4,2,3,0,2,1,1,9,1,50,2,2,1,0,0,1,73.0,27.0,utilitaire_camion,deux_roues,1,2,1,1,3
202300032395,2023-05-23 18:00:00,2023,5,23,18,0,01,01068,D1084,46.082759,5.476711,Plein jour,Hors agglomération,Hors intersection,Normale,Autre collision,3,2,2,0,2,4,1,0,3,80,1,1,0,0,1,0,22.0,,deux_roues,,1,1,1,1,6
202300032396,2023-03-01 13:30:00,2023,3,1,13,30,78,78440,PAUL RAOULT (AVENUE),48.98941,1.9132,Plein jour,En agglomération,Hors intersection,Normale,Autre collision,3,3,4,0,1,1,1,9,8,50,1,2,1,0,0,1,21.0,,voiture,,1,2,1,1,6
202300032397,2023-12-13 15:51:00,2023,12,13,15,51,27,27681,DOCTEUR DEVIGNEVIEILLE,49.08602,1.48176,Plein jour,En agglomération,Hors intersection,Normale,Deux véhicules - côté,4,2,2,0,1,1,1,0,1,50,2,3,1,0,0,2,31.0,43.0,utilitaire_camion,voiture,1,2,1,1,3
202300032398,2023-11-10 21:30:00,2023,11,10,21,30,75,75115,PORTE BRANCION,48.826474,2.297076,Nuit avec éclairage allumé,En agglomération,Hors intersection,Normale,Deux véhicules - arrière,4,1,3,0,1,1,1,0,1,70,2,2,1,0,0,1,43.0,20.0,deux_roues,voiture,5,2,1,1,2
202300032399,2023-06-25 04:22:00,2023,6,25,4,22,75,75109,RUE DE LA CHAUSSEE D ANTIN,48.872945,2.333332,Crépuscule ou aube,En agglomération,Intersection en X,Normale,Trois véhicules et plus - en chaîne,4,1,3,0,1,1,1,0,1,30,3,5,3,0,0,2,26.0,31.0,voiture,voiture,2,2,2,1,4
202300032399,2023-06-25 04:22:00,2023,6,25,4,22,75,75109,RUE DE LA CHAUSSEE D ANTIN,48.872945,2.333332,Crépuscule ou aube,En agglomération,Intersection en X,Normale,Trois véhicules et plus - en chaîne,4,1,2,1,1,1,1,0,1,30,3,5,3,0,0,2,26.0,31.0,voiture,voiture,2,2,2,1,4
202300032400,2023-11-10 13:55:00,2023,11,10,13,55,75,75112,ECHANGEUR BERCY,48.827927,2.394822,Plein jour,En agglomération,Hors intersection,Pluie légère,Autre collision,4,1,2,0,1,1,2,0,1,50,1,1,0,0,0,1,29.0,,deux_roues,,1,2,1,2,6
202300032401,2023-05-22 16:15:00,2023,5,22,16,15,54,54231,6 Rue de l'Eglise,49.253472,5.759605,Plein jour,En agglomération,Intersection en T,Normale,Deux véhicules - côté,3,2, -1,0,1,1,1,0,1,50,2,2,1,0,1,0,57.0,22.0,deux_roues,utilitaire_camion,1,2,3,1,3
202300032401,2023-05-22 16:15:00,2023,5,22,16,15,54,54231,6 Rue de l'Eglise,49.253472,5.759605,Plein jour,En agglomération,Intersection en T,Normale,Deux véhicules - côté,3,2,2,0,1,1,1,0,1,50,2,2,1,0,1,0,57.0,22.0,deux_roues,utilitaire_camion,1,2,3,1,3
202300032402,2023-03-01 10:00:00,2023,3,1,10,0,78,78299,CARNOT (BOULEVARD),49.00502,1.9015,Plein jour,En agglomération,Intersection en Y,Normale,Autre collision,3,2,2,0,1,1,1,0,8,50,1,2,1,0,0,1,84.0,,voiture,,1,2,4,1,6
202300032402,2023-03-01 10:00:00,2023,3,1,10,0,78,78299,CARNOT (BOULEVARD),49.00502,1.9015,Plein jour,En agglomération,Intersection en Y,Normale,Autre collision,3,2,2,0,1,1,1,0,1,50,1,2,1,0,0,1,84.0,,voiture,,1,2,4,1,6
202300032403,2023-06-25 07:00:00,2023,6,25,7,0,75,75108,AVENUE HOCHE,48.875197,2.298443,Plein jour,En agglomération,Intersection en X,Normale,Sans collision,4,2,2,0,1,1,1,0,1,30,1,3,1,0,0,2,20.0,,voiture,,1,2,2,1,7
202300032403,2023-06-25 07:00:00,2023,6,25,7,0,75,75108,AVENUE HOCHE,48.875197,2.298443,Plein jour,En agglomération,Intersection en X,Normale,Sans collision,4,2,2,0,1,1,1,0,1,30,1,3,1,0,0,2,20.0,,voiture,,1,2,2,1,7
202300032404,2023-12-13 18:16:00,2023,12,13,18,16,24,24037,RD 936 E1,44.831,0.499,Nuit sans éclairage public,Hors agglomération,Hors intersection,Temps couvert,Autre collision,3,2,2,0,1,1,2,0,1,70,1,2,1,0,1,0,19.0,,voiture,,3,1,1,8,6
202300032405,2023-06-25 18:28:00,2023,6,25,18,28,75,75107,QUAI BRANLY,48.862112,2.299791,Plein jour,En agglomération,Hors intersection,Normale,Sans collision,4,2,6,2,1,1,1,9,1,30,1,1,0,0,0,1,25.0,,deux_roues,,1,2,1,1,7
202300032406,2023-05-22 18:55:00,2023,5,22,18,55,14,14035,Guérot (vaubadon) (Vaubadon),49.191366,-0.853972,Plein jour,Hors agglomération,Hors intersection,Normale,Sans collision,4,2,2,0,2,2,1,0,3,80,1,2,0,0,0,2,17.0,,voiture,,1,1,1,1,7
202300032407,2023-11-09 18:00:00,2023,11,9,18,0,75,75115,PORTE DE SEVRES,48.83568,2.274681,Nuit avec éclairage allumé,En agglomération,Hors intersection,Normale,Trois véhicules et plus - en chaîne,4,-1,3,0,1,1,1,0,1,70,3,6,5,0,0,1,59.0,41.0,voiture,utilitaire_camion,5,2,1,1,4
202300032408,2023-03-01 07:20:00,2023,3,1,7,20,76,76540,Boulevard Gambetta,49.436958,1.102368,Crépuscule ou aube,En agglomération,Giratoire,Normale,Autre collision,4,2,2,0,1,3,1,0,1,30,1,2,1,0,1,0,36.0,,voiture,,2,2,6,1,6
202300032408,2023-03-01 07:20:00,2023,3,1,7,20,76,76540,Boulevard Gambetta,49.436958,1.102368,Crépuscule ou aube,En agglomération,Giratoire,Normale,Autre collision,4,3,2,0,1,1,1,-1,1,50,1,2,1,0,1,0,36.0,,voiture,,2,2,6,1,6
202300032409,2023-06-25 14:00:00,2023,6,25,14,0,75,75107,AVENUE BOSQUET,48.857118,2.304313,Plein jour,En agglomération,Intersection en X,Normale,Sans collision,4,1,1,0,1,1,1,0,1,30,1,1,0,0,0,1,23.0,,deux_roues,,1,2,2,1,7
202300032409,2023-06-25 14:00:00,2023,6,25,14,0,75,75107,AVENUE BOSQUET,48.857118,2.304313,Plein jour,En agglomération,Intersection en X,Normale,Sans collision,4,1,1,1,1,1,1,0,1,30,1,1,0,0,0,1,23.0,,deux_roues,,1,2,2,1,7
202300032410,2023-12-13 17:30:00,2023,12,13,17,30,21,21054,REON (RUE DE),47.02917,4.84377,Nuit avec éclairage allumé,En agglomération,Intersection en X,Pluie légère,Deux véhicules - côté,4,2,2,0,1,1,2,0,1,50,2,2,1,0,0,1,82.0,28.0,voiture,voiture,5,2,2,2,3
202300032410,2023-12-13 17:30:00,2023,12,13,17,30,21,21054,REON (RUE DE),47.02917,4.84377,Nuit avec éclairage allumé,En agglomération,Intersection en X,Pluie légère,Deux véhicules - côté,4,2,2,0,1,1,2,0,1,50,2,2,1,0,0,1,82.0,28.0,voiture,voiture,5,2,2,2,3
202300032411,2023-11-10 19:26:00,2023,11,10,19,26,75,75105,RUE SOUFFLOT,48.84655,2.344476,Nuit avec éclairage allumé,En agglomération,Intersection en Y,Normale,Autre collision,4,1, -1,0,2,1,1,0,1,30,1,2,0,0,0,2,82.0,,voiture,,5,2,4,1,6
202300032411,2023-11-10 19:26:00,2023,11,10,19,26,75,75105,RUE SOUFFLOT,48.84655,2.344476,Nuit avec éclairage allumé,En agglomération,Intersection en Y,Normale,Autre collision,4,2,3,3,2,1,1,0,1,30,1,2,0,0,0,2,82.0,,voiture,,5,2,4,1,6
202300032412,2023-05-22 17:30:00,2023,5,22,17,30,21,21629,D977bis,47.262096,4.344202,Plein jour,En agglomération,Intersection en Y,Normale,Deux véhicules - frontale,3,2,2,0,1,1,1,0,1,50,2,3,2,0,0,1,86.0,67.0,voiture,deux_roues,1,2,4,1,1
202300032412,2023-05-22 17:30:00,2023,5,22,17,30,21,21629,D977bis,47.262096,4.344202,Plein jour,En agglomération,Intersection en Y,Normale,Deux véhicules - frontale,3,2, -1,0,1,1,1,0,1,50,2,3,2,0,0,1,86.0,67.0,voiture,deux_roues,1,2,4,1,1
202300032413,2023-02-28 14:25:00,2023,2,28,14,25,72,72181,ANGEVINIERE (RUE DE L'),47.98542,0.1784,Plein jour,En agglomération,Intersection en Y,Normale,Deux véhicules - frontale,4,1,0,1,1,3,1,0,5,50,2,2,1,0,0,1,65.0,19.0,deux_roues,voiture,1,2,4,1,1
202300032413,2023-02-28 14:25:00,2023,2,28,14,25,72,72181,ANGEVINIERE (RUE DE L'),47.98542,0.1784,Plein jour,En agglomération,Intersection en Y,Normale,Deux véhicules - frontale,4,-1,2,0,1,3,1,0,1,50,2,2,1,0,0,1,65.0,19.0,deux_roues,voiture,1,2,4,1,1
202300032414,2023-06-24 22:55:00,2023,6,24,22,55,75,75107,QUAI ANATOLE FRANCE,48.861993,2.321213,Nuit avec éclairage allumé,En agglomération,Hors intersection,Normale,Deux véhicules - arrière,4,1,1,1,1,1,1,0,1,30,2,2,1,0,0,1,30.0,48.0,deux_roues,utilitaire_camion,5,2,1,1,2