accident_id,datetime,annee,mois,jour,heure,minute,departement,commune_insee,adresse,latitude,longitude,luminosite,agglomeration,intersection,meteo,collision,catr,circ,nbv,vosp,prof,plan,surf,infra,situ,vma,nb_vehicules,nb_usagers,nb_indemnes,nb_tues,nb_blesses_hosp,nb_blesses_legers,age_cond_1,age_cond_2,veh_type_cond_1,veh_type_cond_2,lum_code,agg_code,int_code,atm_code,col_code
202300032415,2023-05-21 16:55:00,2023,5,21,16,55,24,24082,ROUTE DE GOURDON - D704,44.857998,1.254201,Plein jour,Hors agglomération,Hors intersection,Normale,Sans collision,3,2,2,0,1,2,1,1,1,80,1,1,0,0,1,0,23.0,,deux_roues,,1,1,1,1,7
202300032416,2023-12-14 23:00:00,2023,12,14,23,0,13,13054,D9 (BRETELLE),43.42367873,5.23104083,Nuit avec éclairage non allumé,En agglomération,Autre intersection,Vent fort / tempête,Deux véhicules - côté,3,1,2,0,1,2,1,0,1,50,2,3,1,0,0,2,26.0,43.0,voiture,voiture,4,2,9,6,3
202300032417,2023-02-28 14:38:00,2023,2,28,14,38,72,72181,DURAND GEORGES (AV) N° IMP 199 AU N° 311,47.97205,0.2175,Plein jour,En agglomération,Hors intersection,Normale,Autre collision,4,-1,0,0,1,1,1,0,1,30,1,2,1,0,0,1,25.0,,voiture,,1,2,1,1,6
202300032418,2023-11-09 23:25:00,2023,11,9,23,25,75,75106,BOULEVARD SAINT GERMAIN,48.851829,2.341455,Nuit avec éclairage allumé,En agglomération,Intersection en X,Normale,Deux véhicules - arrière,4,1, -1,0,1,1,1,0,1,30,2,2,1,0,1,0,33.0,50.0,voiture,deux_roues,5,2,2,1,2
202300032418,2023-11-09 23:25:00,2023,11,9,23,25,75,75106,BOULEVARD SAINT GERMAIN,48.851829,2.341455,Nuit avec éclairage allumé,En agglomération,Intersection en X,Normale,Deux véhicules - arrière,4,1, -1,-1,1,1,1,0,1,-1,2,2,1,0,1,0,33.0,50.0,voiture,deux_roues,5,2,2,1,2
202300032419,2023-06-25 13:30:00,2023,6,25,13,30,75,75102,RUE DE GRAMONT,48.870391,2.336934,Plein jour,En agglomération,Intersection en T,Normale,Deux véhicules - côté,4,1,1,0,1,1,1,0,1,30,2,2,1,0,0,1,29.0,55.0,deux_roues,voiture,1,2,3,1,3
202300032419,2023-06-25 13:30:00,2023,6,25,13,30,75,75102,RUE DE GRAMONT,48.870391,2.336934,Plein jour,En agglomération,Intersection en T,Normale,Deux véhicules - côté,4,2,2,0,1,1,1,0,1,30,2,2,1,0,0,1,29.0,55.0,deux_roues,voiture,1,2,3,1,3
202300032420,2023-05-22 17:00:00,2023,5,22,17,0,24,24064,D939,45.353778,0.654218,Plein jour,Hors agglomération,Hors intersection,Pluie légère,Sans collision,3,2,2,0,2,3,2,0,1,90,1,1,0,0,0,1,15.0,,deux_roues,,1,1,1,2,7
202300032421,2023-12-14 14:46:00,2023,12,14,14,46,13,13117,ROUTE NATIONALE 113 - CADESTEAUX,43.47593,5.22766,Plein jour,En agglomération,Hors intersection,Normale,Autre collision,3,2,2,0,1,1,1,0,8,50,1,1,0,0,0,1,74.0,,voiture,,1,2,1,1,6
202300032422,2023-05-22 12:40:00,2023,5,22,12,40,04,04054,D907,44.013979,6.210296,Plein jour,Hors agglomération,Hors intersection,Normale,Autre collision,3,2,2,0,1,2,1,0,3,80,1,1,0,0,1,0,58.0,,deux_roues,,1,1,1,1,6
202300032423,2023-11-10 17:35:00,2023,11,10,17,35,75,75120,RUE PIXERECOURT,48.875254,2.39537,Nuit avec éclairage allumé,En agglomération,Intersection en T,Pluie légère,Autre collision,4,2,2,0,2,1,2,0,1,30,1,2,1,0,0,1,34.0,,voiture,,5,2,3,2,6
202300032423,2023-11-10 17:35:00,2023,11,10,17,35,75,75120,RUE PIXERECOURT,48.875254,2.39537,Nuit avec éclairage allumé,En agglomération,Intersection en T,Pluie légère,Autre collision,4,2,2,0,2,1,2,0,1,30,1,2,1,0,0,1,34.0,,voiture,,5,2,3,2,6
202300032424,2023-06-25 12:15:00,2023,6,25,12,15,94,94017,8 Quai Victor Hugo,48.811031,2.510096,Plein jour,En agglomération,Hors intersection,Normale,Autre collision,4,1,1,1,1,1,1,0,1,30,1,2,1,0,0,1,60.0,,voiture,,1,2,1,1,6
202300032425,2023-03-01 15:20:00,2023,3,1,15,20,69,69266,Rue Louis Guérin,45.77456,4.85992,Plein jour,En agglomération,Intersection en X,Normale,Deux véhicules - côté,4,2,2,0,1,1,1,0,1,50,2,2,1,0,0,1,56.0,37.0,deux_roues,voiture,1,2,2,1,3
202300032425,2023-03-01 15:20:00,2023,3,1,15,20,69,69266,Rue Louis Guérin,45.77456,4.85992,Plein jour,En agglomération,Intersection en X,Normale,Deux véhicules - côté,4,2,2,0,1,1,1,0,1,50,2,2,1,0,0,1,56.0,37.0,deux_roues,voiture,1,2,2,1,3
202300032426,2023-12-13 18:10:00,2023,12,13,18,10,13,13215,MADRAGUE VILLE (chemin de la),43.32902,5.35906,Nuit avec éclairage allumé,En agglomération,Hors intersection,Normale,Deux véhicules - frontale,4,2,2,0,2,1,1,0,1,50,1,2,1,0,0,1,,,deux_roues,,5,2,1,1,1
202300032427,2023-05-19 17:00:00,2023,5,19,17,0,87,87047,Route d?Ambazac,45.989784,1.285475,Plein jour,Hors agglomération,Hors intersection,Normale,Deux véhicules - arrière,3,2,2,0,3,1,1,0,1,80,2,2,1,0,1,0,46.0,35.0,deux_roues,deux_roues,1,1,1,1,2
202300032428,2023-06-25 15:30:00,2023,6,25,15,30,94,94002,Quai Blanqui,48.80587892,2.41076303,Plein jour,En agglomération,Hors intersection,Normale,Deux véhicules - arrière,3,1,2,0,1,1,1,0,1,50,2,3,2,0,0,1,52.0,53.0,voiture,voiture,1,2,1,1,2
202300032429,2023-03-01 18:10:00,2023,3,1,18,10,69,69271,12 Rue Lavoisier,45.73174,4.97069,Plein jour,En agglomération,Intersection en T,Normale,Autre collision,4,2,2,0,1,1,1,0,4,50,1,1,0,0,0,1,28.0,,voiture,,1,2,3,1,6
202300032429,2023-03-01 18:10:00,2023,3,1,18,10,69,69271,12 Rue Lavoisier,45.73174,4.97069,Plein jour,En agglomération,Intersection en T,Normale,Autre collision,4,2,2,0,1,1,1,0,4,50,1,1,0,0,0,1,28.0,,voiture,,1,2,3,1,6
202300032430,2023-11-10 04:25:00,2023,11,10,4,25,75,75120,AVENUE DE LA PORTE DE BAGNOLET,48.86478,2.410116,Nuit avec éclairage allumé,En agglomération,Intersection en T,Normale,Deux véhicules - arrière,4,3,3,0,1,1,1,0,1,50,2,2,1,0,0,1,29.0,62.0,voiture,utilitaire_camion,5,2,3,1,2
202300032430,2023-11-10 04:25:00,2023,11,10,4,25,75,75120,AVENUE DE LA PORTE DE BAGNOLET,48.86478,2.410116,Nuit avec éclairage allumé,En agglomération,Intersection en T,Normale,Deux véhicules - arrière,4,-1, -1,0,1,1,1,0,1,30,2,2,1,0,0,1,29.0,62.0,voiture,utilitaire_camion,5,2,3,1,2
202300032431,2023-12-13 15:28:00,2023,12,13,15,28,13,13215,LYON (RUE DE),43.32611,5.36675,Plein jour,En agglomération,Autre intersection,Normale,Autre collision,4,2,2,0,1,1,1,9,1,30,1,2,1,0,1,0,23.0,,voiture,,1,2,9,1,6
202300032432,2023-05-23 12:05:00,2023,5,23,12,5,48,48094,Route Departementale 907 Bis,44.256864,3.230095,Plein jour,Hors agglomération,Hors intersection,Normale,Autre collision,3,2,2,0,1,2,1,0,3,90,1,1,0,1,0,0,65.0,,deux_roues,,1,1,1,1,6
202300032433,2023-11-25 10:30:00,2023,11,25,10,30,11,11262,15 Rue de la Cesse,43.18882,2.98455,Plein jour,En agglomération,Intersection en X,Normale,Autre collision,4,2,2,0,1,1,1,9,1,50,1,2,1,0,0,1,55.0,,autre,,1,2,2,1,6
202300032433,2023-11-25 10:30:00,2023,11,25,10,30,11,11262,15 Rue de la Cesse,43.18882,2.98455,Plein jour,En agglomération,Intersection en X,Normale,Autre collision,4,2,4,0,1,1,1,9,1,50,1,2,1,0,0,1,55.0,,autre,,1,2,2,1,6
202300032434,2023-06-25 11:20:00,2023,6,25,11,20,93,93064,Boulevard de la Boissière / Rue du 4e Zouave,48.87120698,2.4709623,Plein jour,En agglomération,Intersection en X,Normale,Deux véhicules - côté,3,2,2,0,1,1,1,0,1,50,2,2,1,0,0,1,45.0,60.0,voiture,deux_roues,1,2,2,1,3
202300032434,2023-06-25 11:20:00,2023,6,25,11,20,93,93064,Boulevard de la Boissière / Rue du 4e Zouave,48.87120698,2.4709623,Plein jour,En agglomération,Intersection en X,Normale,Deux véhicules - côté,3,2,4,2,1,1,1,0,1,50,2,2,1,0,0,1,45.0,60.0,voiture,deux_roues,1,2,2,1,3
202300032435,2023-11-10 21:10:00,2023,11,10,21,10,75,75118,RUE ORDENER,48.890895,2.353202,Nuit avec éclairage allumé,En agglomération,Intersection en T,Pluie légère,Deux véhicules - frontale,4,1,1,0,1,1,2,0,1,30,2,4,3,0,1,0,27.0,48.0,voiture,deux_roues,5,2,3,2,1
202300032435,2023-11-10 21:10:00,2023,11,10,21,10,75,75118,RUE ORDENER,48.890895,2.353202,Nuit avec éclairage allumé,En agglomération,Intersection en T,Pluie légère,Deux véhicules - frontale,4,2,2,1,1,1,2,0,1,30,2,4,3,0,1,0,27.0,48.0,voiture,deux_roues,5,2,3,2,1
202300032436,2023-03-01 13:30:00,2023,3,1,13,30,69,69029,Avenue Pierre Mendès France,45.72466,4.91515,Plein jour,En agglomération,Passage à niveau,Temps couvert,Deux véhicules - côté,7,2,2,3,1,1,1,4,6,50,2,3,2,0,0,1,43.0,26.0,voiture,transport_commun,1,2,8,8,3
202300032436,2023-03-01 13:30:00,2023,3,1,13,30,69,69029,Avenue Pierre Mendès France,45.72466,4.91515,Plein jour,En agglomération,Passage à niveau,Temps couvert,Deux véhicules - côté,7,2,3,0,1,2,1,0,6,50,2,3,2,0,0,1,43.0,26.0,voiture,transport_commun,1,2,8,8,3
202300032437,2023-05-21 14:50:00,2023,5,21,14,50,24,24331,D14,44.81257222,0.4010582,Plein jour,Hors agglomération,Intersection en X,Normale,Autre collision,3,2,2,0,1,3,1,0,3,80,1,2,0,0,2,0,68.0,,voiture,,1,1,2,1,6
202300032437,2023-05-21 14:50:00,2023,5,21,14,50,24,24331,D14,44.81257222,0.4010582,Plein jour,Hors agglomération,Intersection en X,Normale,Autre collision,3,2,2,-1,1,3,1,0,3,-1,1,2,0,0,2,0,68.0,,voiture,,1,1,2,1,6
202300032438,2023-12-13 14:00:00,2023,12,13,14,0,10,10412,ROUTE DE BOURANTON (D147),48.29749,4.13449,Plein jour,Hors agglomération,Hors intersection,Temps couvert,Deux véhicules - arrière,3,-1,0,0,1,1,1,0,1,90,2,2,1,0,1,0,80.0,54.0,voiture,deux_roues,1,1,1,8,2
202300032439,2023-06-25 15:30:00,2023,6,25,15,30,93,93031,Route d'Argenteuil / Villa du Colombier,48.95899,2.2903,Plein jour,En agglomération,Intersection en T,Normale,Deux véhicules - côté,3,2,2,0,2,1,1,0,1,50,2,2,1,0,0,1,55.0,23.0,utilitaire_camion,deux_roues,1,2,3,1,3
202300032439,2023-06-25 15:30:00,2023,6,25,15,30,93,93031,Route d'Argenteuil / Villa du Colombier,48.95899,2.2903,Plein jour,En agglomération,Intersection en T,Normale,Deux véhicules - côté,3,2,1,0,1,1,1,0,1,50,2,2,1,0,0,1,55.0,23.0,utilitaire_camion,deux_roues,1,2,3,1,3
202300032440,2023-12-14 16:20:00,2023,12,14,16,20,06,06069,PAOUTE (ROUTE ET TRAVERSE DE LA),43.632132,6.9577,Plein jour,Hors agglomération,Hors intersection,Normale,Deux véhicules - côté,3,2,2,0,1,1,1,0,1,50,2,3,2,0,0,1,37.0,18.0,voiture,deux_roues,1,1,1,1,3
202300032441,2023-06-25 19:15:00,2023,6,25,19,15,93,93014,Allée Romain Rolland / Allée Etienne Laurent,48.90464,2.55082,Plein jour,En agglomération,Intersection en X,Normale,Autre collision,4,2,2,-1,1,1,1,0,1,-1,1,2,1,0,0,1,35.0,,voiture,,1,2,2,1,6
202300032441,2023-06-25 19:15:00,2023,6,25,19,15,93,93014,Allée Romain Rolland / Allée Etienne Laurent,48.90464,2.55082,Plein jour,En agglomération,Intersection en X,Normale,Autre collision,4,3,2,0,1,1,1,0,1,30,1,2,1,0,0,1,35.0,,voiture,,1,2,2,1,6
202300032442,2023-02-28 10:40:00,2023,2,28,10,40,66,66136,WALDECK-ROUSSEAU (RENE),42.69377,2.90287,Plein jour,En agglomération,Intersection en T,Normale,Deux véhicules - frontale,4,1,1,0,1,1,1,0,1,30,2,2,1,0,0,1,48.0,54.0,voiture,deux_roues,1,2,3,1,1
202300032442,2023-02-28 10:40:00,2023,2,28,10,40,66,66136,WALDECK-ROUSSEAU (RENE),42.69377,2.90287,Plein jour,En agglomération,Intersection en T,Normale,Deux véhicules - frontale,4,2,2,0,1,1,1,0,1,30,2,2,1,0,0,1,48.0,54.0,voiture,deux_roues,1,2,3,1,1
202300032443,2023-11-10 18:05:00,2023,11,10,18,5,75,75118,RUE MYRHA,48.886704,2.350736,Nuit avec éclairage allumé,En agglomération,Intersection en X,Pluie légère,Autre collision,4,1,1,0,1,1,2,0,1,30,1,3,2,0,0,1,47.0,,voiture,,5,2,2,2,6
202300032443,2023-11-10 18:05:00,2023,11,10,18,5,75,75118,RUE MYRHA,48.886704,2.350736,Nuit avec éclairage allumé,En agglomération,Intersection en X,Pluie légère,Autre collision,4,1,1,0,1,1,2,0,1,30,1,3,2,0,0,1,47.0,,voiture,,5,2,2,2,6
202300032444,2023-12-13 16:00:00,2023,12,13,16,0,05,05061,JEAN JAURES ( AVENUE ),44.54696,6.06502,Plein jour,En agglomération,Hors intersection,Pluie légère,Autre collision,2,2,2,0,1,1,2,9,1,50,1,2,1,0,0,1,25.0,,utilitaire_camion,,1,2,1,2,6
202300032445,2023-06-25 12:50:00,2023,6,25,12,50,93,93007,Avenue Henri Barbusse / Rue Boieldieu,48.94014907,2.4624925,Plein jour,En agglomération,Intersection en X,Normale,Deux véhicules - côté,4,1,1,0,1,1,1,0,1,30,2,2,1,0,1,0,75.0,18.0,voiture,deux_roues,1,2,2,1,3
202300032445,2023-06-25 12:50:00,2023,6,25,12,50,93,93007,Avenue Henri Barbusse / Rue Boieldieu,48.94014907,2.4624925,Plein jour,En agglomération,Intersection en X,Normale,Deux véhicules - côté,4,2,2,0,1,1,1,0,1,50,2,2,1,0,1,0,75.0,18.0,voiture,deux_roues,1,2,2,1,3
202300032446,2023-09-06 14:00:00,2023,9,6,14,0,10,10343,CANAL (RUE DU),48.27305,4.08987,Plein jour,En agglomération,Hors intersection,Normale,Deux véhicules - côté,4,1,2,2,1,1,1,0,5,50,2,2,1,0,0,1,11.0,22.0,deux_roues,voiture,1,2,1,1,3
202300032447,2023-12-14 10:05:00,2023,12,14,10,5,04,04112,GIONO (AV. J.),43.83123,5.78438,Plein jour,En agglomération,Hors intersection,Temps éblouissant,Autre collision,4,2,2,0,2,1,1,0,1,50,1,2,1,0,1,0,79.0,,voiture,,1,2,1,7,6
202300032448,2023-03-01 14:50:00,2023,3,1,14,50,60,60057,Rue Jean Racine,49.43261725,2.08349061,Plein jour,En agglomération,Intersection en X,Normale,Deux véhicules - côté,4,1,7,0,1,1,1,0,1,30,2,2,1,0,1,0,25.0,59.0,deux_roues,utilitaire_camion,1,2,2,1,3
202300032448,2023-03-01 14:50:00,2023,3,1,14,50,60,60057,Rue Jean Racine,49.43261725,2.08349061,Plein jour,En agglomération,Intersection en X,Normale,Deux véhicules - côté,4,1,7,0,1,1,1,0,1,30,2,2,1,0,1,0,25.0,59.0,deux_roues,utilitaire_camion,1,2,2,1,3
202300032449,2023-06-25 19:20:00,2023,6,25,19,20,92,92075,JEAN BLEUZEN (RUE),48.820416,2.290998,Plein jour,En agglomération,Giratoire,Normale,Deux véhicules - côté,3,1,2,0,1,3,1,0,1,30,2,3,1,0,0,2,39.0,29.0,voiture,deux_roues,1,2,6,1,3
202300032449,2023-06-25 19:20:00,2023,6,25,19,20,92,92075,JEAN BLEUZEN (RUE),48.820416,2.290998,Plein jour,En agglomération,Giratoire,Normale,Deux véhicules - côté,3,1,2,0,1,1,1,0,1,30,2,3,1,0,0,2,39.0,29.0,voiture,deux_roues,1,2,6,1,3
202300032450,2023-09-07 08:00:00,2023,9,7,8,0,06,06069,MARIGARDE (ROUTE DE LA),43.653664,6.935681,Plein jour,En agglomération,Hors intersection,Normale,Sans collision,3,2,2,0,1,4,1,0,1,50,1,1,0,0,0,1,16.0,,deux_roues,,1,2,1,1,7
202300032451,2023-12-13 18:15:00,2023,12,13,18,15,04,04112,CUGNOT (AV. J.),43.8256,5.803648,Nuit sans éclairage public,En agglomération,Autre intersection,Normale,Deux véhicules - frontale,4,2,2,0,1,1,1,0,1,50,2,3,2,0,0,1,19.0,22.0,voiture,voiture,3,2,9,1,1
202300032452,2023-05-23 07:20:00,2023,5,23,7,20,988,98805,VE2 sens N/S au PK 07+250,-22.17868,166.42749,Plein jour,Hors agglomération,Hors intersection,Normale,Deux véhicules - arrière,1,3,4,3,1,1,1,0,1,110,2,26,2,1,1,22,28.0,27.0,utilitaire_camion,transport_commun,1,1,1,1,2
202300032453,2023-03-01 16:35:00,2023,3,1,16,35,59,59512,Rue du Grand Chemin,50.69308,3.16119,Plein jour,En agglomération,Hors intersection,Temps éblouissant,Deux véhicules - côté,7,-1,2,0,1,1,1,9,1,30,2,2,1,0,0,1,20.0,22.0,voiture,deux_roues,1,2,1,7,3
202300032454,2023-06-25 15:00:00,2023,6,25,15,0,92,92050,FRACHON BENOIT AVENUE,48.89295512,2.18681279,Plein jour,En agglomération,Intersection en X,Normale,Deux véhicules - côté,3,1,2,0,1,1,1,3,1,50,2,2,1,0,0,1,21.0,47.0,voiture,deux_roues,1,2,2,1,3
202300032454,2023-06-25 15:00:00,2023,6,25,15,0,92,92050,FRACHON BENOIT AVENUE,48.89295512,2.18681279,Plein jour,En agglomération,Intersection en X,Normale,Deux véhicules - côté,3,2,2,0,1,1,1,0,1,50,2,2,1,0,0,1,21.0,47.0,voiture,deux_roues,1,2,2,1,3
202300032455,2023-09-02 05:55:00,2023,9,2,5,55,06,06155,CANNES RTE DE,43.551206,7.057054,Nuit avec éclairage allumé,Hors agglomération,Giratoire,Normale,Sans collision,3,2,1,2,1,1,1,0,1,70,1,3,1,0,2,0,20.0,,voiture,,5,1,6,1,7
202300032455,2023-09-02 05:55:00,2023,9,2,5,55,06,06155,CANNES RTE DE,43.551206,7.057054,Nuit avec éclairage allumé,Hors agglomération,Giratoire,Normale,Sans collision,3,2,1,0,2,1,1,0,8,50,1,3,1,0,2,0,20.0,,voiture,,5,1,6,1,7
202300032456,2023-05-23 12:46:00,2023,5,23,12,46,01,01451,A40 PK 168+800,46.250789,5.259515,Plein jour,Hors agglomération,Hors intersection,Normale,Deux véhicules - arrière,1,3,3,0,1,1,1,0,1,130,2,2,1,0,0,1,55.0,44.0,voiture,utilitaire_camion,1,1,1,1,2
202300032457,2023-06-25 22:03:00,2023,6,25,22,3,92,92049,JAURES AVENUE JEAN N°52 A FIN,48.81839,2.31891,Nuit avec éclairage allumé,En agglomération,Hors intersection,Normale,Autre collision,3,2,2,0,1,2,1,0,3,30,1,1,0,0,0,1,31.0,,deux_roues,,5,2,1,1,6
202300032458,2023-03-01 10:10:00,2023,3,1,10,10,59,59512,CHAMPS (RUE DES),50.6928,3.1666,Plein jour,En agglomération,Hors intersection,Normale,Autre collision,4,1,1,1,1,1,1,9,1,30,1,2,1,0,1,0,36.0,,utilitaire_camion,,1,2,1,1,6
202300032459,2023-12-14 07:15:00,2023,12,14,7,15,01,01451,PARIS (ROUTE DE),46.25193,5.1833,Nuit avec éclairage allumé,Hors agglomération,Intersection en X,Pluie légère,Trois véhicules et plus - collisions multiples,3,2,10,0,1,1,2,0,1,80,4,4,2,0,0,2,26.0,20.0,voiture,voiture,5,1,2,2,5
202300032459,2023-12-14 07:15:00,2023,12,14,7,15,01,01451,PARIS (ROUTE DE),46.25193,5.1833,Nuit avec éclairage allumé,Hors agglomération,Intersection en X,Pluie légère,Trois véhicules et plus - collisions multiples,3,2,2,0,1,1,2,0,1,80,4,4,2,0,0,2,26.0,20.0,voiture,voiture,5,1,2,2,5
202300032460,2023-05-23 16:50:00,2023,5,23,16,50,06,06088,A8 PK 194.500 chaussée sud,43.724777,7.229819,Plein jour,Hors agglomération,Hors intersection,Normale,Deux véhicules - arrière,1,3,2,0,1,1,1,0,1,90,2,2,1,0,1,0,56.0,32.0,deux_roues,voiture,1,1,1,1,2
202300032461,2023-06-25 10:30:00,2023,6,25,10,30,92,92048,PARIS (RUE DE) N° 1 A 15BIS,48.81662891,2.24758007,Plein jour,En agglomération,Hors intersection,Normale,Deux véhicules - côté,4,3,2,1,2,1,1,0,1,50,2,2,1,0,0,1,49.0,44.0,deux_roues,deux_roues,1,2,1,1,3
202300032462,2023-07-23 10:20:00,2023,7,23,10,20,04,04112,D907,43.8482,5.73631,Plein jour,Hors agglomération,Hors intersection,Normale,Deux véhicules - frontale,3,2,2,0,2,1,1,0,1,80,2,4,1,0,1,2,93.0,53.0,voiture,voiture,1,1,1,1,1
202300032463,2023-12-14 13:55:00,2023,12,14,13,55,75,75118,PORTE D AUBERVILLIERS,48.900672,2.3684433,Plein jour,En agglomération,Hors intersection,Normale,Autre collision,4,1,4,0,1,1,1,0,1,70,1,1,0,0,0,1,37.0,,voiture,,1,2,1,1,6
202300032464,2023-02-26 11:00:00,2023,2,26,11,0,59,59183,RASPAIL,51.033824,2.347424,Plein jour,En agglomération,Intersection en X,Normale,Deux véhicules - côté,4,2,0,0,1,1,1,0,1,50,2,3,2,0,1,0,42.0,50.0,voiture,deux_roues,1,2,2,1,3
202300032464,2023-02-26 11:00:00,2023,2,26,11,0,59,59183,RASPAIL,51.033824,2.347424,Plein jour,En agglomération,Intersection en X,Normale,Deux véhicules - côté,4,2,0,0,1,1,1,0,1,50,2,3,2,0,1,0,42.0,50.0,voiture,deux_roues,1,2,2,1,3
202300032465,2023-05-23 06:38:00,2023,5,23,6,38,30,30347,A9 PK 65+500 sens 2,43.748545,4.248008,Crépuscule ou aube,Hors agglomération,Hors intersection,Normale,Deux véhicules - arrière,1,3,3,0,1,2,1,0,1,130,2,3,2,0,1,0,25.0,60.0,voiture,utilitaire_camion,2,1,1,1,2
202300032466,2023-06-26 12:45:00,2023,6,26,12,45,25,25058,Route Nationale 83,47.197236,5.981798,Plein jour,Hors agglomération,Hors intersection,Normale,Deux véhicules - frontale,2,2,2,0,1,3,1,0,1,70,2,2,1,0,1,0,68.0,51.0,voiture,utilitaire_camion,1,1,1,1,1
202300032467,2023-09-06 14:30:00,2023,9,6,14,30,02,02691,,49.8428,3.27878,Plein jour,Hors agglomération,Hors intersection,Temps éblouissant,Deux véhicules - arrière,3,3,1,0,4,1,1,2,1,70,2,6,0,0,0,6,36.0,71.0,voiture,voiture,1,1,1,7,2
202300032468,2023-12-14 08:40:00,2023,12,14,8,40,75,75113,PORTE D ITALIE,48.815989,2.362638,Plein jour,En agglomération,Hors intersection,Pluie légère,Deux véhicules - côté,4,1,4,0,1,1,2,0,1,70,2,2,1,0,0,1,23.0,40.0,voiture,deux_roues,1,2,1,2,3
202300032469,2023-02-27 10:50:00,2023,2,27,10,50,54,54304,Boulevard de Hardeval,48.6800075,6.1539048,Plein jour,En agglomération,Intersection en X,Normale,Autre collision,4,2,2,0,1,1,1,0,1,50,1,2,1,0,0,1,59.0,,utilitaire_camion,,1,2,2,1,6
202300032469,2023-02-27 10:50:00,2023,2,27,10,50,54,54304,Boulevard de Hardeval,48.6800075,6.1539048,Plein jour,En agglomération,Intersection en X,Normale,Autre collision,4,2,2,0,1,1,1,0,1,50,1,2,1,0,0,1,59.0,,utilitaire_camion,,1,2,2,1,6
202300032470,2023-05-23 10:45:00,2023,5,23,10,45,33,33229,61 Avenue de la Liberation,44.706257,-1.045246,Plein jour,En agglomération,Autre intersection,Normale,Deux véhicules - arrière,3,2,2,0,1,1,1,0,1,50,2,2,1,0,0,1,16.0,58.0,deux_roues,voiture,1,2,9,1,2
202300032471,2023-12-13 14:40:00,2023,12,13,14,40,75,75117,PORTE DE CLICHY,48.897022,2.311083,Plein jour,En agglomération,Hors intersection,Pluie légère,Deux véhicules - arrière,4,1,4,0,1,1,2,0,1,70,2,2,1,0,0,1,43.0,39.0,deux_roues,voiture,1,2,1,2,2
202300032472,2023-06-25 01:15:00,2023,6,25,1,15,71,71446,D980,46.577592,4.534006,Nuit sans éclairage public,Hors agglomération,Intersection en X,Normale,Deux véhicules - côté,3,2,2,0,1,1,1,0,1,80,2,3,1,0,0,2,40.0,19.0,voiture,voiture,3,1,2,1,3
202300032472,2023-06-25 01:15:00,2023,6,25,1,15,71,71446,D980,46.577592,4.534006,Nuit sans éclairage public,Hors agglomération,Intersection en X,Normale,Deux véhicules - côté,3,2,2,0,3,1,1,5,1,80,2,3,1,0,0,2,40.0,19.0,voiture,voiture,3,1,2,1,3
202300032473,2023-05-22 04:00:00,2023,5,22,4,0,987,98729,PK18.7 Atiha HAAPITI,-17.577,-150.202,Nuit sans éclairage public,En agglomération,Hors intersection,Normale,Deux véhicules - côté,2,2,2,0,1,1,1,0,1,40,2,2,1,0,1,0,43.0,32.0,deux_roues,utilitaire_camion,3,2,1,1,3
202300032474,2023-09-06 08:20:00,2023,9,6,8,20,75,75119,PORTE DE PANTIN,48.89361,2.395287,Plein jour,En agglomération,Hors intersection,Normale,Trois véhicules et plus - collisions multiples,4,1,4,0,1,1,1,0,1,70,3,3,2,0,0,1,22.0,39.0,deux_roues,deux_roues,1,2,1,1,5
202300032475,2023-03-01 20:00:00,2023,3,1,20,0,51,51344,Allée de Cumières,49.05896,3.94687,Plein jour,En agglomération,Hors intersection,Normale,Deux véhicules - côté,4,2,2,0,1,1,1,5,1,50,2,2,1,0,1,0,19.0,28.0,voiture,deux_roues,1,2,1,1,3
202300032476,2023-06-25 20:50:00,2023,6,25,20,50,43,43073,D588,45.340899,3.600082,Crépuscule ou aube,Hors agglomération,Hors intersection,Temps éblouissant,Autre collision,3,2,2,0,2,2,8,0,3,80,1,2,0,1,1,0,75.0,,voiture,,2,1,1,7,6
202300032477,2023-05-21 19:10:00,2023,5,21,19,10,971,97129,Montplaisir,16.320634,-61.690453,Nuit sans éclairage public,En agglomération,Hors intersection,Normale,Deux véhicules - côté,2,2,2,0,3,1,1,0,5,-1,2,4,2,0,2,0,75.0,28.0,voiture,deux_roues,3,2,1,1,3
202300032478,2023-12-12 16:05:00,2023,12,12,16,5,75,75119,AVENUE DE FLANDRE,48.893046,2.380064,Plein jour,En agglomération,Intersection en T,Normale,Autre collision,4,1,1,1,1,1,1,0,1,30,2,4,3,1,0,0,23.0,53.0,deux_roues,utilitaire_camion,1,2,3,1,6
202300032478,2023-12-12 16:05:00,2023,12,12,16,5,75,75119,AVENUE DE FLANDRE,48.893046,2.380064,Plein jour,En agglomération,Intersection en T,Normale,Autre collision,4,1,1,2,1,1,1,0,1,30,2,4,3,1,0,0,23.0,53.0,deux_roues,utilitaire_camion,1,2,3,1,6
202300032479,2023-09-05 09:00:00,2023,9,5,9,0,75,75116,BD PERIPHERIQUE INTERIEUR,48.839637,2.254165,Plein jour,En agglomération,Hors intersection,Normale,Trois véhicules et plus - en chaîne,4,1,4,0,1,1,1,0,1,70,4,6,5,0,0,1,32.0,63.0,voiture,voiture,1,2,1,1,4
202300032480,2023-05-23 11:45:00,2023,5,23,11,45,13,13097,N568,43.58475859,4.76528406,Plein jour,Hors agglomération,Intersection en X,Normale,Deux véhicules - côté,2,3,2,0,3,2,1,0,1,-1,2,3,0,2,0,1,52.0,81.0,utilitaire_camion,utilitaire_camion,1,1,2,1,3