accident_id,datetime,annee,mois,jour,heure,minute,departement,commune_insee,adresse,latitude,longitude,luminosite,agglomeration,intersection,meteo,collision,catr,circ,nbv,vosp,prof,plan,surf,infra,situ,vma,nb_vehicules,nb_usagers,nb_indemnes,nb_tues,nb_blesses_hosp,nb_blesses_legers,age_cond_1,age_cond_2,veh_type_cond_1,veh_type_cond_2,lum_code,agg_code,int_code,atm_code,col_code
202300032750,2023-12-15 08:20:00,2023,12,15,8,20,69,69027,6 Rue Rene Mondonneix,45.67262797,4.76009261,Plein jour,En agglomération,Intersection en T,Normale,Autre collision,4,2,2,2,1,1,1,0,1,-1,1,2,1,0,0,1,42.0,,voiture,,1,2,3,1,6
202300032750,2023-12-15 08:20:00,2023,12,15,8,20,69,69027,6 Rue Rene Mondonneix,45.67262797,4.76009261,Plein jour,En agglomération,Intersection en T,Normale,Autre collision,4,2,2,0,1,1,1,0,1,-1,1,2,1,0,0,1,42.0,,voiture,,1,2,3,1,6
202300032751,2023-06-24 10:00:00,2023,6,24,10,0,69,69264,Rue d’Anse,45.98337248,4.71794145,Plein jour,En agglomération,Hors intersection,Normale,Deux véhicules - côté,3,2,2,0,1,1,1,9,1,50,2,2,1,0,0,1,54.0,47.0,deux_roues,voiture,1,2,1,1,3
202300032752,2023-06-24 03:00:00,2023,6,24,3,0,69,69264,Rue Montesquieu,45.985,4.71423,Nuit avec éclairage allumé,En agglomération,Hors intersection,Normale,Autre collision,4,1,1,0,1,1,1,0,1,50,1,1,0,0,0,1,26.0,,voiture,,5,2,1,1,6
202300032753,2023-09-08 17:45:00,2023,9,8,17,45,01,01376,D1084a,45.820874,4.990067,Plein jour,Hors agglomération,Giratoire,Normale,Deux véhicules - arrière,3,3,3,0,1,2,1,0,1,80,2,3,2,0,0,1,51.0,48.0,voiture,voiture,1,1,6,1,2
202300032754,2023-06-24 11:25:00,2023,6,24,11,25,69,69199,Boulevard Lucien Sampaix,45.71449,4.85283,Plein jour,En agglomération,Hors intersection,Normale,Deux véhicules - côté,4,2,2,0,1,1,1,0,1,50,2,2,1,0,0,1,34.0,19.0,deux_roues,utilitaire_camion,1,2,1,1,3
202300032755,2023-09-08 19:00:00,2023,9,8,19,0,65,65481,D918,42.907461,0.143745,Plein jour,Hors agglomération,Hors intersection,Normale,Autre collision,3,2,2,0,2,2,1,0,1,80,1,1,0,0,1,0,31.0,,deux_roues,,1,1,1,1,6
202300032756,2023-06-24 10:10:00,2023,6,24,10,10,67,67482,FORET NOIRE (AVENUE DE LA),48.58441,7.76971,Plein jour,En agglomération,Hors intersection,Normale,Deux véhicules - côté,4,2,4,0,1,1,1,0,1,50,2,2,1,0,0,1,66.0,26.0,voiture,deux_roues,1,2,1,1,3
202300032757,2023-12-15 01:00:00,2023,12,15,1,0,77,77333,"Autoroute A6, au point kilométrique 075.450 dans le sens PARIS vers province",48.253079,2.732071,Nuit sans éclairage public,Hors agglomération,Hors intersection,Pluie légère,Deux véhicules - arrière,1,3,3,0,2,2,2,0,1,130,2,2,1,0,1,0,47.0,20.0,utilitaire_camion,voiture,3,1,1,2,2
202300032758,2023-09-08 00:00:00,2023,9,8,0,0,09,09282,Lieu Dit la Trille,43.246336,1.589692,Nuit sans éclairage public,Hors agglomération,Hors intersection,Normale,Sans collision,3,2,2,0,1,1,1,0,1,80,1,2,0,0,1,1,19.0,,voiture,,3,1,1,1,7
202300032759,2023-06-24 01:30:00,2023,6,24,1,30,67,67447,DEUXIEME DIVISION BLINDEE (AVENUE DE LA),48.610634,7.733899,Nuit avec éclairage allumé,En agglomération,Intersection en T,Normale,Deux véhicules - côté,7,2,2,0,1,1,1,0,1,50,2,6,4,0,0,2,21.0,20.0,voiture,voiture,5,2,3,1,3
202300032759,2023-06-24 01:30:00,2023,6,24,1,30,67,67447,DEUXIEME DIVISION BLINDEE (AVENUE DE LA),48.610634,7.733899,Nuit avec éclairage allumé,En agglomération,Intersection en T,Normale,Deux véhicules - côté,7,2,4,3,1,1,1,0,1,50,2,6,4,0,0,2,21.0,20.0,voiture,voiture,5,2,3,1,3
202300032760,2023-12-09 19:00:00,2023,12,9,19,0,988,98817,Route Express du Mont-Dore,-22.226243,166.49806,Nuit sans éclairage public,Hors agglomération,Hors intersection,Normale,Sans collision,1,2,2,0,1,1,1,0,3,90,1,2,1,1,0,0,68.0,,voiture,,3,1,1,1,7
202300032761,2023-09-07 21:00:00,2023,9,7,21,0,29,29103,allée du Petit Paris,48.453983,-4.244725,Crépuscule ou aube,En agglomération,Giratoire,Normale,Deux véhicules - côté,3,4,2,0,1,2,1,5,1,50,2,2,1,0,1,0,40.0,33.0,voiture,deux_roues,2,2,6,1,3
202300032762,2023-06-23 11:55:00,2023,6,23,11,55,67,67365,LILAS (RUE DES),48.55316,7.71271,Plein jour,En agglomération,Hors intersection,Normale,Deux véhicules - frontale,4,2,2,0,1,1,1,0,1,30,2,3,2,0,0,1,32.0,61.0,utilitaire_camion,deux_roues,1,2,1,1,1
202300032763,2023-09-07 04:55:00,2023,9,7,4,55,22,22197,D795,48.483447,-1.958334,Nuit sans éclairage public,Hors agglomération,Hors intersection,Normale,Deux véhicules - arrière,3,2,2,0,1,1,1,0,1,80,2,2,1,0,0,1,20.0,,deux_roues,autre,3,1,1,1,2
202300032764,2023-12-07 16:40:00,2023,12,7,16,40,974,97418,Route nationale 2,-20.902768,55.554031,Plein jour,Hors agglomération,Hors intersection,Normale,Deux véhicules - arrière,2,3,2,0,1,1,1,0,1,110,2,2,1,0,1,0,42.0,68.0,deux_roues,voiture,1,1,1,1,2
202300032765,2023-06-24 19:29:00,2023,6,24,19,29,64,64189,MITTERRAND FRANCOIS  (AVENUE),43.38267,-1.66655,Plein jour,En agglomération,Autre intersection,Normale,Deux véhicules - côté,4,2,2,0,1,1,1,0,1,50,2,2,1,0,0,1,43.0,22.0,voiture,deux_roues,1,2,9,1,3
202300032766,2023-06-23 17:30:00,2023,6,23,17,30,64,64284,RAUSKI,43.25455,-0.38966,Plein jour,En agglomération,Autre intersection,Normale,Deux véhicules - côté,2,-1, -1,-1,1,1,1,0,1,-1,2,3,0,0,0,3,47.0,73.0,voiture,voiture,1,2,9,1,3
202300032766,2023-06-23 17:30:00,2023,6,23,17,30,64,64284,RAUSKI,43.25455,-0.38966,Plein jour,En agglomération,Autre intersection,Normale,Deux véhicules - côté,2,2,2,0,1,1,1,0,1,50,2,3,0,0,0,3,47.0,73.0,voiture,voiture,1,2,9,1,3
202300032767,2023-09-07 18:30:00,2023,9,7,18,30,22,22376,la Ville Neuve,48.22127,-2.818916,Plein jour,Hors agglomération,Intersection en X,Normale,Deux véhicules - côté,3,2,2,0,1,1,1,0,1,80,2,2,0,0,1,1,31.0,31.0,voiture,voiture,1,1,2,1,3
202300032767,2023-09-07 18:30:00,2023,9,7,18,30,22,22376,la Ville Neuve,48.22127,-2.818916,Plein jour,Hors agglomération,Intersection en X,Normale,Deux véhicules - côté,3,2,2,0,1,1,1,0,1,80,2,2,0,0,1,1,31.0,31.0,voiture,voiture,1,1,2,1,3
202300032768,2023-12-15 09:30:00,2023,12,15,9,30,13,13073,D908,43.386911,5.555686,Plein jour,En agglomération,Hors intersection,Normale,Deux véhicules - frontale,3,2,2,1,2,1,1,5,3,-1,2,2,1,0,1,0,69.0,88.0,deux_roues,voiture,1,2,1,1,1
202300032769,2023-06-24 18:50:00,2023,6,24,18,50,64,64125,ATHERBEA (AVENUE),43.43237,-1.5964,Plein jour,En agglomération,Intersection en T,Normale,Deux véhicules - côté,3,2,2,0,1,1,1,0,1,50,2,2,1,0,1,0,35.0,32.0,utilitaire_camion,deux_roues,1,2,3,1,3
202300032769,2023-06-24 18:50:00,2023,6,24,18,50,64,64125,ATHERBEA (AVENUE),43.43237,-1.5964,Plein jour,En agglomération,Intersection en T,Normale,Deux véhicules - côté,3,2,2,0,1,1,1,5,1,30,2,2,1,0,1,0,35.0,32.0,utilitaire_camion,deux_roues,1,2,3,1,3
202300032770,2023-09-07 19:17:00,2023,9,7,19,17,60,60034,D916,49.445249,2.436433,Crépuscule ou aube,Hors agglomération,Autre intersection,Normale,Deux véhicules - côté,3,2,2,0,1,1,1,0,1,80,2,2,1,0,0,1,33.0,57.0,voiture,voiture,2,1,9,1,3
202300032771,2023-06-24 08:35:00,2023,6,24,8,35,64,64122,GEORGES CLEMENCEAU (PLACE),43.48207,-1.55975,Plein jour,En agglomération,Intersection en T,Normale,Deux véhicules - côté,4,1,1,0,1,1,1,0,1,30,2,2,1,0,0,1,47.0,52.0,deux_roues,utilitaire_camion,1,2,3,1,3
202300032771,2023-06-24 08:35:00,2023,6,24,8,35,64,64122,GEORGES CLEMENCEAU (PLACE),43.48207,-1.55975,Plein jour,En agglomération,Intersection en T,Normale,Deux véhicules - côté,4,1,1,0,1,1,1,0,1,30,2,2,1,0,0,1,47.0,52.0,deux_roues,utilitaire_camion,1,2,3,1,3
202300032772,2023-09-07 16:23:00,2023,9,7,16,23,13,13212,A507 sens Marseille - Aubagne,43.2926,5.42488,Plein jour,Hors agglomération,Hors intersection,Normale,Deux véhicules - arrière,1,3,4,0,1,1,1,1,1,70,2,2,1,0,0,1,48.0,20.0,voiture,voiture,1,1,1,1,2
202300032773,2023-12-14 21:25:00,2023,12,14,21,25,89,89099,D380,47.926904,3.556502,Nuit avec éclairage allumé,Hors agglomération,Hors intersection,Pluie légère,Deux véhicules - côté,3,2,2,0,1,1,2,0,1,50,2,2,0,0,0,2,40.0,66.0,deux_roues,deux_roues,5,1,1,2,3
202300032774,2023-11-11 14:15:00,2023,11,11,14,15,67,67348,Route de Niedernai,48.458939,7.504413,Plein jour,En agglomération,Giratoire,Normale,Deux véhicules - arrière,3,2,2,0,2,1,1,0,1,50,2,2,1,0,0,1,77.0,75.0,voiture,voiture,1,2,6,1,2
202300032775,2023-09-07 13:45:00,2023,9,7,13,45,13,13071,A7-Sens Marseille vers Lyon,43.41303,5.28129,Plein jour,Hors agglomération,Hors intersection,Normale,Deux véhicules - côté,1,1,3,0,1,1,1,1,1,90,3,5,4,0,0,1,33.0,33.0,voiture,voiture,1,1,1,1,3
202300032776,2023-06-24 20:00:00,2023,6,24,20,0,64,64024,BAB (BOULEVARD DU),43.49372,-1.5231,Plein jour,En agglomération,Intersection en T,Normale,Deux véhicules - arrière,4,2,4,0,1,1,1,0,1,50,2,3,2,0,0,1,47.0,17.0,voiture,deux_roues,1,2,3,1,2
202300032776,2023-06-24 20:00:00,2023,6,24,20,0,64,64024,BAB (BOULEVARD DU),43.49372,-1.5231,Plein jour,En agglomération,Intersection en T,Normale,Deux véhicules - arrière,4,2,2,0,1,1,1,0,8,50,2,3,2,0,0,1,47.0,17.0,voiture,deux_roues,1,2,3,1,2
202300032777,2023-12-15 09:40:00,2023,12,15,9,40,54,54043,Route départementale D331,48.5799872,6.09865453,Plein jour,Hors agglomération,Hors intersection,Pluie légère,Deux véhicules - arrière,3,2,3,0,1,1,2,0,1,80,2,3,1,0,0,2,44.0,37.0,voiture,voiture,1,1,1,2,2
202300032778,2023-09-07 12:00:00,2023,9,7,12,0,13,13071,A7-Sens Marseille vers Lyon,43.40972592,5.28550357,Plein jour,Hors agglomération,Hors intersection,Normale,Deux véhicules - côté,1,1,3,0,1,1,1,0,1,110,3,5,3,0,0,2,23.0,24.0,voiture,voiture,1,1,1,1,3
202300032779,2023-12-10 04:15:00,2023,12,10,4,15,57,57765,14 Rue de Carling,49.175609,6.683995,Nuit avec éclairage allumé,En agglomération,Hors intersection,Normale,Deux véhicules - frontale,3,2,2,0,1,1,2,0,1,50,2,6,4,0,0,2,45.0,30.0,voiture,voiture,5,2,1,1,1
202300032780,2023-09-06 20:20:00,2023,9,6,20,20,13,13028,A50-Sens Aubagne vers Toulon,43.2048,5.5908,Crépuscule ou aube,Hors agglomération,Hors intersection,Normale,Deux véhicules - côté,1,1,0,0,1,1,1,0,1,110,2,6,1,0,0,5,19.0,,voiture,utilitaire_camion,2,1,1,1,3
202300032781,2023-09-07 17:30:00,2023,9,7,17,30,69,69199,Route Départementale 383,45.70932,4.84354,Plein jour,Hors agglomération,Hors intersection,Normale,Trois véhicules et plus - collisions multiples,7,3,6,0,1,1,1,0,1,70,3,3,2,0,0,1,46.0,48.0,deux_roues,voiture,1,1,1,1,5
202300032782,2023-12-14 17:00:00,2023,12,14,17,0,69,69243,Route Nationale 7,45.88931679,4.45592229,Nuit avec éclairage allumé,En agglomération,Hors intersection,Pluie forte,Deux véhicules - frontale,2,3,4,0,1,1,2,0,1,110,2,2,1,0,1,0,80.0,15.0,voiture,deux_roues,5,2,1,3,1
202300032783,2023-09-06 17:51:00,2023,9,6,17,51,69,69081,Route de Métropole 6,45.7739,4.7855,Plein jour,Hors agglomération,Hors intersection,Normale,Deux véhicules - arrière,7,3,8,0,1,1,1,0,1,70,2,3,0,0,0,3,35.0,58.0,deux_roues,voiture,1,1,1,1,2
202300032784,2023-12-15 07:03:00,2023,12,15,7,3,69,69094,Route de Bordeaux,45.744055,4.699327,Nuit avec éclairage allumé,En agglomération,Intersection en X,Normale,Deux véhicules - côté,3,2,2,0,1,1,2,0,1,-1,2,2,1,0,1,0,21.0,53.0,deux_roues,utilitaire_camion,5,2,2,1,3
202300032784,2023-12-15 07:03:00,2023,12,15,7,3,69,69094,Route de Bordeaux,45.744055,4.699327,Nuit avec éclairage allumé,En agglomération,Intersection en X,Normale,Deux véhicules - côté,3,2,2,0,1,1,2,0,1,50,2,2,1,0,1,0,21.0,53.0,deux_roues,utilitaire_camion,5,2,2,1,3
202300032785,2023-09-05 14:15:00,2023,9,5,14,15,33,33192,ROCADE A 630,44.78986,-0.61239,Plein jour,Hors agglomération,Hors intersection,Normale,Deux véhicules - arrière,1,3,6,0,1,1,1,0,1,90,2,2,1,0,0,1,23.0,50.0,deux_roues,voiture,1,1,1,1,2
202300032786,2023-09-07 20:40:00,2023,9,7,20,40,94,94003,A6A,48.79951772,2.34247635,Nuit avec éclairage non allumé,Hors agglomération,Hors intersection,Normale,Autre collision,1,1,3,0,1,2,1,0,2,90,1,1,0,0,0,1,29.0,,deux_roues,,4,1,1,1,6
202300032787,2023-09-07 18:15:00,2023,9,7,18,15,94,94038,A6A,48.78021943,2.34653059,Plein jour,Hors agglomération,Hors intersection,Normale,Deux véhicules - côté,1,1,3,0,1,1,1,0,1,110,2,2,1,0,0,1,20.0,68.0,deux_roues,voiture,1,1,1,1,3
202300032788,2023-12-14 07:45:00,2023,12,14,7,45,69,69289,Route Départementale 153,45.658063,5.055031,Crépuscule ou aube,Hors agglomération,Intersection en Y,Pluie légère,Trois véhicules et plus - collisions multiples,3,2,2,0,1,1,2,0,1,-1,3,4,1,0,1,2,24.0,30.0,voiture,voiture,2,1,4,2,5
202300032788,2023-12-14 07:45:00,2023,12,14,7,45,69,69289,Route Départementale 153,45.658063,5.055031,Crépuscule ou aube,Hors agglomération,Intersection en Y,Pluie légère,Trois véhicules et plus - collisions multiples,3,2,2,0,1,3,2,0,1,70,3,4,1,0,1,2,24.0,30.0,voiture,voiture,2,1,4,2,5
202300032789,2023-09-07 17:20:00,2023,9,7,17,20,94,94034,A86,48.75762305,2.32812012,Plein jour,Hors agglomération,Hors intersection,Normale,Trois véhicules et plus - en chaîne,1,3,2,0,1,1,1,1,1,70,3,3,2,0,0,1,58.0,53.0,voiture,voiture,1,1,1,1,4
202300032790,2023-12-15 18:20:00,2023,12,15,18,20,17,17476,La Touche,45.372646,-0.440789,Nuit sans éclairage public,Hors agglomération,Intersection en X,Normale,Deux véhicules - côté,3,2,2,0,4,1,1,5,1,80,2,2,0,1,1,0,29.0,28.0,deux_roues,voiture,3,1,2,1,3
202300032790,2023-12-15 18:20:00,2023,12,15,18,20,17,17476,La Touche,45.372646,-0.440789,Nuit sans éclairage public,Hors agglomération,Intersection en X,Normale,Deux véhicules - côté,3,2,2,-1,1,3,1,5,1,80,2,2,0,1,1,0,29.0,28.0,deux_roues,voiture,3,1,2,1,3
202300032791,2023-12-15 08:00:00,2023,12,15,8,0,64,64510,D933 Avenue des Landes,43.560794,-0.664997,Plein jour,Hors agglomération,Hors intersection,Normale,Autre collision,3,2,2,0,4,1,1,0,3,80,1,1,0,1,0,0,41.0,,voiture,,1,1,1,1,6
202300032792,2023-09-07 15:30:00,2023,9,7,15,30,94,94034,A6B,48.75646884,2.33489378,Plein jour,Hors agglomération,Hors intersection,Normale,Deux véhicules - côté,1,-1,2,0,1,1,1,0,1,90,2,2,1,0,0,1,38.0,24.0,utilitaire_camion,deux_roues,1,1,1,1,3
202300032793,2023-12-14 08:50:00,2023,12,14,8,50,33,33238,15 Avenue de Gradignan,44.73056093,-0.60211703,Plein jour,En agglomération,Hors intersection,Normale,Autre collision,3,2,2,0,1,1,2,0,1,50,1,2,1,0,0,1,43.0,,voiture,,1,2,1,1,6
202300032794,2023-09-07 10:45:00,2023,9,7,10,45,91,91573,RN 104,48.63092,2.51113,Plein jour,Hors agglomération,Hors intersection,Normale,Sans collision,2,3,2,0,1,3,1,0,3,50,1,1,0,0,1,0,40.0,,deux_roues,,1,1,1,1,7
202300032795,2023-09-06 19:30:00,2023,9,6,19,30,91,91228,RN 104,48.627,2.415,Plein jour,Hors agglomération,Hors intersection,Normale,Deux véhicules - arrière,2,-1,3,0,1,1,1,0,1,90,2,2,1,0,0,1,29.0,51.0,utilitaire_camion,utilitaire_camion,1,1,1,1,2
202300032796,2023-12-14 18:00:00,2023,12,14,18,0,27,27273,RD 71,48.980217,1.400049,Nuit sans éclairage public,Hors agglomération,Intersection en T,Normale,Deux véhicules - frontale,3,2,2,0,2,1,2,0,1,80,2,2,0,1,0,1,25.0,48.0,utilitaire_camion,voiture,3,1,3,1,1
202300032796,2023-12-14 18:00:00,2023,12,14,18,0,27,27273,RD 71,48.980217,1.400049,Nuit sans éclairage public,Hors agglomération,Intersection en T,Normale,Deux véhicules - frontale,3,2,2,-1,2,1,1,0,1,80,2,2,0,1,0,1,25.0,48.0,utilitaire_camion,voiture,3,1,3,1,1
202300032797,2023-12-15 00:30:00,2023,12,15,0,30,76,76454,route departementale 929,49.754107,1.547592,Nuit sans éclairage public,Hors agglomération,Hors intersection,Pluie légère,Autre collision,3,2,2,0,2,3,2,0,8,70,1,1,0,0,1,0,19.0,,voiture,,3,1,1,2,6
202300032798,2023-09-07 08:25:00,2023,9,7,8,25,92,92019,RN 385 Extèrieure,48.76695347,2.24441492,Plein jour,Hors agglomération,Hors intersection,Normale,Trois véhicules et plus - en chaîne,2,1,2,0,1,1,1,0,1,90,3,3,2,0,0,1,19.0,,voiture,voiture,1,1,1,1,4
202300032799,2023-12-08 02:10:00,2023,12,8,2,10,42,42110,M288,45.488233,4.541351,Nuit sans éclairage public,Hors agglomération,Hors intersection,Pluie légère,Autre collision,7,3,4,0,1,1,2,0,1,110,1,1,0,0,0,1,22.0,,voiture,,3,1,1,2,6
202300032800,2023-09-07 09:00:00,2023,9,7,9,0,75,75116,A13W,48.848202,2.248716,Plein jour,Hors agglomération,Hors intersection,Normale,Deux véhicules - côté,1,1,4,0,1,1,1,0,1,70,2,2,1,0,0,1,52.0,24.0,deux_roues,voiture,1,1,1,1,3
202300032801,2023-12-13 13:10:00,2023,12,13,13,10,33,33013,RN 230,44.86839024,-0.50444307,Plein jour,Hors agglomération,Hors intersection,Pluie légère,Deux véhicules - côté,2,3,6,0,1,1,2,0,1,90,2,2,1,0,0,1,57.0,48.0,utilitaire_camion,voiture,1,1,1,2,3
202300032802,2023-09-07 07:40:00,2023,9,7,7,40,92,92076,A13,48.8320354,2.1517684,Plein jour,Hors agglomération,Hors intersection,Normale,Deux véhicules - côté,1,1,3,0,1,1,1,0,1,110,2,2,1,0,0,1,36.0,52.0,deux_roues,voiture,1,1,1,1,3
202300032803,2023-12-14 07:00:00,2023,12,14,7,0,91,91136,AUTOROUTE A10,48.71377,2.27518,Nuit sans éclairage public,Hors agglomération,Hors intersection,Pluie légère,Deux véhicules - arrière,1,1,3,0,1,1,2,0,1,90,2,2,1,0,0,1,48.0,31.0,voiture,voiture,3,1,1,2,2
202300032804,2023-12-14 14:20:00,2023,12,14,14,20,92,92050,A86,48.90574373,2.20997706,Plein jour,Hors agglomération,Hors intersection,Normale,Deux véhicules - côté,1,1,2,0,1,1,1,0,1,90,2,2,1,0,0,1,29.0,23.0,deux_roues,voiture,1,1,1,1,3
202300032805,2023-09-06 17:00:00,2023,9,6,17,0,92,92036,A86,48.93391754,2.27790653,Plein jour,Hors agglomération,Hors intersection,Normale,Trois véhicules et plus - en chaîne,1,-1,2,0,1,1,1,0,1,90,3,3,2,0,0,1,21.0,26.0,voiture,deux_roues,1,1,1,1,4
202300032806,2023-12-13 11:15:00,2023,12,13,11,15,92,92012,A13,48.84842319,2.22997214,Plein jour,Hors agglomération,Hors intersection,Normale,Trois véhicules et plus - en chaîne,1,1,3,0,1,1,1,2,1,70,3,4,2,0,0,2,63.0,22.0,utilitaire_camion,utilitaire_camion,1,1,1,1,4
202300032807,2023-09-07 10:30:00,2023,9,7,10,30,93,93029,AUTOROUTE A86,48.92249,2.42736,Plein jour,Hors agglomération,Hors intersection,Normale,Deux véhicules - arrière,1,1,3,0,1,1,1,1,1,70,2,2,1,0,0,1,26.0,20.0,voiture,deux_roues,1,1,1,1,2
202300032808,2023-09-07 10:00:00,2023,9,7,10,0,93,93064,AUTOROUTE A103,48.88668,2.48072,Plein jour,Hors agglomération,Hors intersection,Normale,Deux véhicules - arrière,1,-1,2,0,1,1,1,0,1,70,2,2,1,0,1,0,71.0,50.0,voiture,utilitaire_camion,1,1,1,1,2
202300032809,2023-12-13 08:00:00,2023,12,13,8,0,78,78217,A13,48.96472134,1.82036137,Crépuscule ou aube,Hors agglomération,Hors intersection,Pluie légère,Trois véhicules et plus - collisions multiples,1,1,3,0,1,1,2,0,1,130,3,3,2,0,0,1,38.0,63.0,utilitaire_camion,voiture,2,1,1,2,5
202300032810,2023-09-07 08:50:00,2023,9,7,8,50,93,93053,AUTOROUTE A103,48.88844553,2.47369949,Plein jour,Hors agglomération,Hors intersection,Normale,Trois véhicules et plus - en chaîne,1,1,2,0,1,1,1,0,1,90,3,3,2,0,0,1,35.0,26.0,voiture,voiture,1,1,1,1,4
202300032811,2023-12-14 07:50:00,2023,12,14,7,50,95,95678,N184,49.06243439,2.21264845,Plein jour,Hors agglomération,Hors intersection,Normale,Trois véhicules et plus - en chaîne,2,3,4,0,1,1,2,0,1,90,3,3,1,0,0,2,19.0,35.0,voiture,voiture,1,1,1,1,4
202300032812,2023-09-06 18:25:00,2023,9,6,18,25,93,93066,AUTOROUTE A1,48.91623043,2.35752085,Plein jour,Hors agglomération,Hors intersection,Normale,Trois véhicules et plus - en chaîne,1,3,4,0,1,1,1,1,1,90,3,3,2,0,0,1,47.0,58.0,utilitaire_camion,voiture,1,1,1,1,4
202300032813,2023-12-13 22:20:00,2023,12,13,22,20,95,95572,A15,49.03334361,2.10555387,Nuit sans éclairage public,Hors agglomération,Hors intersection,Pluie légère,Deux véhicules - arrière,1,3,4,0,1,1,2,0,2,90,2,2,1,0,0,1,52.0,,voiture,transport_commun,3,1,1,2,2
202300032814,2023-09-06 14:00:00,2023,9,6,14,0,93,93006,AUTOROUTE A3,48.86863,2.42906,Plein jour,Hors agglomération,Hors intersection,Normale,Deux véhicules - arrière,1,3,4,0,1,1,1,0,1,70,2,2,1,0,0,1,43.0,28.0,deux_roues,utilitaire_camion,1,1,1,1,2
202300032815,2023-12-13 07:15:00,2023,12,13,7,15,93,93053,AUTOROUTE A3,48.88402,2.46432,Crépuscule ou aube,Hors agglomération,Hors intersection,Normale,Autre collision,1,3,3,0,1,1,1,0,1,90,2,2,1,0,0,1,44.0,50.0,utilitaire_camion,deux_roues,2,1,1,1,6
202300032816,2023-09-07 11:15:00,2023,9,7,11,15,94,94069,A86,48.81626132,2.45282484,Plein jour,Hors agglomération,Hors intersection,Normale,Sans collision,1,-1,4,0,1,1,1,0,1,90,2,2,1,0,0,1,60.0,,deux_roues,voiture,1,1,1,1,7
202300032817,2023-12-14 20:30:00,2023,12,14,20,30,75,75112,A4,48.819353,2.458441,Nuit sans éclairage public,Hors agglomération,Hors intersection,Normale,Trois véhicules et plus - collisions multiples,1,3,8,0,1,1,1,0,1,90,4,5,1,0,0,4,64.0,22.0,utilitaire_camion,utilitaire_camion,3,1,1,1,5
202300032818,2023-09-04 21:06:00,2023,9,4,21,6,87,87085,KING (AVENUE MARTIN LUTHER),45.81882,1.23414,Crépuscule ou aube,En agglomération,Hors intersection,Normale,Autre collision,4,2,2,0,1,1,1,9,1,30,1,5,1,0,0,4,24.0,,voiture,,2,2,1,1,6
202300032819,2023-06-25 12:15:00,2023,6,25,12,15,02,02691,32 Boulevard Richelieu,49.8516,3.28491,Plein jour,En agglomération,Intersection en T,Temps éblouissant,Autre collision,4,1, -1,-1,1,1,1,0,1,-1,1,2,1,0,1,0,82.0,,voiture,,1,2,3,7,6
202300032819,2023-06-25 12:15:00,2023,6,25,12,15,02,02691,32 Boulevard Richelieu,49.8516,3.28491,Plein jour,En agglomération,Intersection en T,Temps éblouissant,Autre collision,4,2,2,0,1,1,1,0,1,50,1,2,1,0,1,0,82.0,,voiture,,1,2,3,7,6
202300032820,2023-08-19 18:00:00,2023,8,19,18,0,13,13030,116 Route Nationale 8,43.275807,5.7039,Plein jour,En agglomération,Hors intersection,Temps éblouissant,Deux véhicules - frontale,3,2,2,0,2,1,1,0,1,50,3,3,1,0,1,1,67.0,62.0,voiture,voiture,1,2,1,7,1
202300032821,2023-08-06 08:40:00,2023,8,6,8,40,13,13209,CABOT (BOULEVARD),43.25736296,5.41884413,Plein jour,En agglomération,Giratoire,Normale,Deux véhicules - frontale,4,3,0,0,1,3,1,5,1,50,2,2,1,0,1,0,30.0,58.0,voiture,voiture,1,2,6,1,1
202300032821,2023-08-06 08:40:00,2023,8,6,8,40,13,13209,CABOT (BOULEVARD),43.25736296,5.41884413,Plein jour,En agglomération,Giratoire,Normale,Deux véhicules - frontale,4,2,2,0,4,1,1,5,1,50,2,2,1,0,1,0,30.0,58.0,voiture,voiture,1,2,6,1,1
202300032822,2023-10-10 17:20:00,2023,10,10,17,20,973,97302,ARON (ANDRE),4.94272,-52.31975,Plein jour,En agglomération,Hors intersection,Normale,Deux véhicules - frontale,3,2,2,0,1,1,1,5,1,50,2,2,0,0,2,0,22.0,16.0,voiture,deux_roues,1,2,1,1,1
202300032823,2023-10-09 13:40:00,2023,10,9,13,40,80,80021,BEL AIR (RUE DU),49.8653,2.33899,Plein jour,En agglomération,Intersection en T,Normale,Deux véhicules - côté,4,1,1,0,2,1,1,0,1,50,2,2,1,0,0,1,26.0,31.0,deux_roues,voiture,1,2,3,1,3
202300032823,2023-10-09 13:40:00,2023,10,9,13,40,80,80021,BEL AIR (RUE DU),49.8653,2.33899,Plein jour,En agglomération,Intersection en T,Normale,Deux véhicules - côté,4,1,1,0,1,1,1,0,1,50,2,2,1,0,0,1,26.0,31.0,deux_roues,voiture,1,2,3,1,3
202300032824,2023-04-29 18:43:00,2023,4,29,18,43,92,92078,CHARLES DE GAULLE (BD)(72 AU 308),48.941536,2.321406,Plein jour,En agglomération,Hors intersection,Normale,Deux véhicules - côté,3,2,4,0,1,1,1,0,1,50,2,5,0,0,0,5,22.0,43.0,voiture,voiture,1,2,1,1,3
202300032825,2023-10-11 09:00:00,2023,10,11,9,0,37,37233,BLANQUI (RUE),47.3949,0.71827,Plein jour,En agglomération,Giratoire,Normale,Autre collision,4,-1,1,0,1,1,1,0,1,50,2,2,1,0,0,1,23.0,30.0,voiture,deux_roues,1,2,6,1,6