accident_id,datetime,annee,mois,jour,heure,minute,departement,commune_insee,adresse,latitude,longitude,luminosite,agglomeration,intersection,meteo,collision,catr,circ,nbv,vosp,prof,plan,surf,infra,situ,vma,nb_vehicules,nb_usagers,nb_indemnes,nb_tues,nb_blesses_hosp,nb_blesses_legers,age_cond_1,age_cond_2,veh_type_cond_1,veh_type_cond_2,lum_code,agg_code,int_code,atm_code,col_code
202300032825,2023-10-11 09:00:00,2023,10,11,9,0,37,37233,BLANQUI (RUE),47.3949,0.71827,Plein jour,En agglomération,Giratoire,Normale,Autre collision,4,-1,1,0,1,1,1,0,1,50,2,2,1,0,0,1,23.0,30.0,voiture,deux_roues,1,2,6,1,6
202300032826,2023-04-22 17:50:00,2023,4,22,17,50,27,27408,Mézières-en-Vexin,49.187629,1.501388,Plein jour,Hors agglomération,Intersection en X,Normale,Deux véhicules - côté,3,2,2,0,1,1,1,0,1,80,2,9,7,0,0,2,32.0,77.0,voiture,voiture,1,1,2,1,3
202300032826,2023-04-22 17:50:00,2023,4,22,17,50,27,27408,Mézières-en-Vexin,49.187629,1.501388,Plein jour,Hors agglomération,Intersection en X,Normale,Deux véhicules - côté,3,3,2,-1,1,1,1,0,1,80,2,9,7,0,0,2,32.0,77.0,voiture,voiture,1,1,2,1,3
202300032827,2023-10-10 14:50:00,2023,10,10,14,50,37,37261,LESSEPS (ALLEE FERDINAND DE),47.36689,0.68075,Plein jour,En agglomération,Hors intersection,Normale,Autre collision,4,1,1,0,1,1,1,0,1,50,1,2,1,0,0,1,32.0,,voiture,,1,2,1,1,6
202300032828,2023-09-06 08:45:00,2023,9,6,8,45,974,97416,RN3 (3),-21.31356,55.49534,Plein jour,Hors agglomération,Hors intersection,Temps éblouissant,Deux véhicules - arrière,2,1,2,0,1,1,1,0,1,110,2,2,0,0,0,2,32.0,37.0,voiture,voiture,1,1,1,7,2
202300032829,2023-10-09 12:00:00,2023,10,9,12,0,37,37195,PONT DE SAINT COME BLD PERIPHERIQUE,47.3914651,0.64802071,Plein jour,En agglomération,Hors intersection,Normale,Trois véhicules et plus - en chaîne,7,3,2,0,1,1,1,2,1,90,3,3,1,0,0,2,51.0,34.0,voiture,voiture,1,2,1,1,4
202300032830,2023-09-06 04:05:00,2023,9,6,4,5,974,97416,THOREZ (CHEMIN MAURICE),-21.26425254,55.48027217,Nuit sans éclairage public,Hors agglomération,Hors intersection,Normale,Autre collision,3,2,2,0,1,2,1,0,3,90,1,6,0,0,0,6,22.0,,voiture,,3,1,1,1,6
202300032831,2023-10-10 18:10:00,2023,10,10,18,10,35,35238,RICHEMOND (QUAI DE),48.109886,-1.67185843,Plein jour,En agglomération,Hors intersection,Normale,Autre collision,4,1,2,3,1,1,1,0,1,30,1,2,1,0,0,1,45.0,,transport_commun,,1,2,1,1,6
202300032832,2023-09-04 07:15:00,2023,9,4,7,15,974,97411,LATTRE DE TASSIGNY (AVENUE MARECHAL DE),-20.88624,55.46958,Plein jour,En agglomération,Intersection en X,Pluie légère,Deux véhicules - arrière,4,1,1,3,1,1,2,9,1,50,2,2,1,0,0,1,34.0,46.0,utilitaire_camion,deux_roues,1,2,2,2,2
202300032832,2023-09-04 07:15:00,2023,9,4,7,15,974,97411,LATTRE DE TASSIGNY (AVENUE MARECHAL DE),-20.88624,55.46958,Plein jour,En agglomération,Intersection en X,Pluie légère,Deux véhicules - arrière,4,2,4,3,1,1,2,0,6,50,2,2,1,0,0,1,34.0,46.0,utilitaire_camion,deux_roues,1,2,2,2,2
202300032833,2023-10-10 07:50:00,2023,10,10,7,50,28,28134,RN 154,48.72903471,1.38969898,Crépuscule ou aube,Hors agglomération,Autre intersection,Normale,Trois véhicules et plus - collisions multiples,2,2,2,0,1,1,1,0,1,70,3,3,1,0,0,2,51.0,41.0,utilitaire_camion,utilitaire_camion,2,1,9,1,5
202300032834,2023-09-06 20:00:00,2023,9,6,20,0,973,97302,MARINGOUINS (ROND-POINT),4.90703,-52.32212,Nuit avec éclairage allumé,En agglomération,Giratoire,Normale,Deux véhicules - arrière,2,1,2,0,1,2,1,0,1,50,2,2,1,0,0,1,47.0,18.0,voiture,deux_roues,5,2,6,1,2
202300032835,2023-04-07 20:10:00,2023,4,7,20,10,93,93079,Route de Saint-leu,48.95322908,2.33662737,Crépuscule ou aube,En agglomération,Hors intersection,Normale,Deux véhicules - frontale,3,2,2,0,1,1,1,0,1,50,2,3,2,0,0,1,78.0,27.0,voiture,deux_roues,2,2,1,1,1
202300032836,2023-09-06 11:55:00,2023,9,6,11,55,973,97302,PAYEE (MADAME),4.94149437,-52.32893631,Plein jour,En agglomération,Intersection en X,Normale,Deux véhicules - côté,4,1,1,0,1,1,1,0,1,50,2,4,3,0,0,1,24.0,41.0,voiture,voiture,1,2,2,1,3
202300032836,2023-09-06 11:55:00,2023,9,6,11,55,973,97302,PAYEE (MADAME),4.94149437,-52.32893631,Plein jour,En agglomération,Intersection en X,Normale,Deux véhicules - côté,4,1,1,0,1,1,1,0,1,50,2,4,3,0,0,1,24.0,41.0,voiture,voiture,1,2,2,1,3
202300032837,2023-09-06 12:20:00,2023,9,6,12,20,69,69388,Avenue des Frères Lumière,45.7436,4.87276,Plein jour,En agglomération,Intersection en T,Normale,Autre collision,4,1,1,0,1,1,1,0,8,30,1,2,1,0,0,1,21.0,,voiture,,1,2,3,1,6
202300032837,2023-09-06 12:20:00,2023,9,6,12,20,69,69388,Avenue des Frères Lumière,45.7436,4.87276,Plein jour,En agglomération,Intersection en T,Normale,Autre collision,4,1,1,2,1,1,1,0,1,30,1,2,1,0,0,1,21.0,,voiture,,1,2,3,1,6
202300032838,2023-09-06 08:50:00,2023,9,6,8,50,69,69386,Boulevard Anatole France,45.77016,4.85705,Plein jour,En agglomération,Hors intersection,Normale,Deux véhicules - côté,4,1,1,2,1,1,1,0,1,30,2,2,1,0,1,0,66.0,33.0,voiture,deux_roues,1,2,1,1,3
202300032839,2023-04-29 18:25:00,2023,4,29,18,25,92,92078,CHARLES DE GAULLE (BD) (4 AU 70),48.94133696,2.32229429,Plein jour,En agglomération,Giratoire,Normale,Deux véhicules - côté,3,2,0,0,1,1,1,5,1,50,2,5,0,0,0,5,22.0,43.0,voiture,voiture,1,2,6,1,3
202300032839,2023-04-29 18:25:00,2023,4,29,18,25,92,92078,CHARLES DE GAULLE (BD) (4 AU 70),48.94133696,2.32229429,Plein jour,En agglomération,Giratoire,Normale,Deux véhicules - côté,3,2,0,0,1,1,1,5,1,50,2,5,0,0,0,5,22.0,43.0,voiture,voiture,1,2,6,1,3
202300032840,2023-09-06 08:30:00,2023,9,6,8,30,69,69386,Boulevard Jules Favre,45.768,4.85915,Plein jour,En agglomération,Hors intersection,Normale,Deux véhicules - côté,4,2,3,2,1,2,1,0,5,50,2,2,1,0,0,1,55.0,30.0,voiture,deux_roues,1,2,1,1,3
202300032841,2023-09-06 15:25:00,2023,9,6,15,25,972,97209,LEOPOLD SEDAR SENGOR (AVENUE),14.61359,-61.04686,Plein jour,En agglomération,Autre intersection,Normale,Deux véhicules - côté,4,2,2,0,1,1,1,0,1,50,2,2,1,0,0,1,20.0,19.0,voiture,deux_roues,1,2,9,1,3
202300032842,2023-04-22 19:45:00,2023,4,22,19,45,92,92078,VERDUN (AVENUE) (PAIRS 92 ET PLUS),48.93449241,2.3211236,Plein jour,En agglomération,Hors intersection,Normale,Deux véhicules - côté,3,3,3,0,1,1,1,9,1,50,2,4,2,0,1,1,22.0,54.0,voiture,deux_roues,1,2,1,1,3
202300032843,2023-09-04 00:19:00,2023,9,4,0,19,972,97209,BISHOP (Avenue Maurice),14.61347969,-61.05251231,Nuit avec éclairage allumé,En agglomération,Hors intersection,Normale,Autre collision,2,3,6,3,1,1,1,9,4,30,1,1,0,0,1,0,28.0,,deux_roues,,5,2,1,1,6
202300032844,2023-09-06 18:10:00,2023,9,6,18,10,69,69382,47 Quai Docteur Gailleton,45.75095141,4.83210044,Plein jour,En agglomération,Hors intersection,Normale,Deux véhicules - côté,4,2,5,3,1,1,1,2,1,50,2,3,2,0,0,1,74.0,53.0,voiture,deux_roues,1,2,1,1,3
202300032845,2023-06-15 22:46:00,2023,6,15,22,46,92,92026,AJOUX,48.90206,2.2738,Nuit avec éclairage allumé,En agglomération,Hors intersection,Normale,Deux véhicules - frontale,4,2,2,0,1,1,1,0,1,50,2,2,1,0,0,1,81.0,48.0,voiture,deux_roues,5,2,1,1,1
202300032846,2023-09-03 04:20:00,2023,9,3,4,20,69,69382,Quai Tilsitt,45.75911963,4.82940673,Nuit avec éclairage allumé,En agglomération,Intersection en X,Normale,Deux véhicules - côté,4,2,2,1,1,1,1,2,1,30,2,2,1,0,1,0,19.0,32.0,deux_roues,voiture,5,2,2,1,3
202300032846,2023-09-03 04:20:00,2023,9,3,4,20,69,69382,Quai Tilsitt,45.75911963,4.82940673,Nuit avec éclairage allumé,En agglomération,Intersection en X,Normale,Deux véhicules - côté,4,1,1,3,1,1,1,8,1,30,2,2,1,0,1,0,19.0,32.0,deux_roues,voiture,5,2,2,1,3
202300032847,2023-06-15 12:00:00,2023,6,15,12,0,92,92026,ARMAND SILVESTRE (DE 95 A FIN),48.90227782,2.26799029,Plein jour,En agglomération,Hors intersection,Normale,Sans collision,4,2,2,0,1,1,1,0,1,50,1,1,0,0,0,1,57.0,,deux_roues,,1,2,1,1,7
202300032848,2023-09-05 17:25:00,2023,9,5,17,25,2B,2B120,11 - RT,42.65144,9.44072,Plein jour,Hors agglomération,Hors intersection,Normale,Deux véhicules - côté,2,1,2,0,1,1,1,9,1,70,2,3,1,0,1,1,,75.0,autre,deux_roues,1,1,1,1,3
202300032849,2023-09-05 19:00:00,2023,9,5,19,0,971,97120,ALEXANDRE ISAAC,16.2375284,-61.53233707,Nuit avec éclairage allumé,En agglomération,Autre intersection,Normale,Deux véhicules - frontale,4,1,1,0,1,1,1,0,1,50,2,2,1,0,0,1,28.0,24.0,voiture,deux_roues,5,2,9,1,1
202300032849,2023-09-05 19:00:00,2023,9,5,19,0,971,97120,ALEXANDRE ISAAC,16.2375284,-61.53233707,Nuit avec éclairage allumé,En agglomération,Autre intersection,Normale,Deux véhicules - frontale,4,1,1,0,1,1,1,0,8,50,2,2,1,0,0,1,28.0,24.0,voiture,deux_roues,5,2,9,1,1
202300032850,2023-12-12 21:13:00,2023,12,12,21,13,973,97302,MANGO (ROUTE),4.93187486,-52.31770599,Nuit avec éclairage allumé,En agglomération,Intersection en T,Normale,Deux véhicules - côté,4,2,2,0,1,1,1,0,1,50,2,4,2,0,0,2,52.0,45.0,voiture,deux_roues,5,2,3,1,3
202300032850,2023-12-12 21:13:00,2023,12,12,21,13,973,97302,MANGO (ROUTE),4.93187486,-52.31770599,Nuit avec éclairage allumé,En agglomération,Intersection en T,Normale,Deux véhicules - côté,4,2,2,0,1,1,1,0,1,50,2,4,2,0,0,2,52.0,45.0,voiture,deux_roues,5,2,3,1,3
202300032851,2023-09-05 17:38:00,2023,9,5,17,38,87,87065,ARSONVAL (RUE ARSENE D'),45.81322,1.3051,Plein jour,En agglomération,Intersection en T,Normale,Deux véhicules - côté,4,2,2,0,2,1,1,0,1,50,2,3,2,0,0,1,39.0,52.0,utilitaire_camion,voiture,1,2,3,1,3
202300032851,2023-09-05 17:38:00,2023,9,5,17,38,87,87065,ARSONVAL (RUE ARSENE D'),45.81322,1.3051,Plein jour,En agglomération,Intersection en T,Normale,Deux véhicules - côté,4,2,2,0,1,1,1,0,1,50,2,3,2,0,0,1,39.0,52.0,utilitaire_camion,voiture,1,2,3,1,3
202300032852,2023-12-13 13:55:00,2023,12,13,13,55,973,97302,SOURCE DE BADUEL (CHEMIN DE LA),4.92531,-52.30843,Plein jour,En agglomération,Hors intersection,Normale,Sans collision,4,2,2,0,1,1,1,0,1,50,1,1,0,0,0,1,16.0,,deux_roues,,1,2,1,1,7
202300032853,2023-09-06 06:40:00,2023,9,6,6,40,81,81065,DE GAULLE RD 612 (AV. CHARLES),43.5940311,2.2653918,Crépuscule ou aube,En agglomération,Intersection en Y,Normale,Deux véhicules - côté,3,2,2,0,1,1,1,0,1,50,2,2,1,0,1,0,32.0,41.0,deux_roues,voiture,2,2,4,1,3
202300032853,2023-09-06 06:40:00,2023,9,6,6,40,81,81065,DE GAULLE RD 612 (AV. CHARLES),43.5940311,2.2653918,Crépuscule ou aube,En agglomération,Intersection en Y,Normale,Deux véhicules - côté,3,2,2,0,2,1,1,0,1,50,2,2,1,0,1,0,32.0,41.0,deux_roues,voiture,2,2,4,1,3
202300032854,2023-12-13 18:30:00,2023,12,13,18,30,69,69383,Cours Lafayette,45.76363,4.86236,Nuit avec éclairage allumé,En agglomération,Autre intersection,Normale,Autre collision,4,1,1,2,1,1,1,0,1,30,1,2,1,0,0,1,23.0,,deux_roues,,5,2,9,1,6
202300032855,2023-09-06 18:13:00,2023,9,6,18,13,78,78190,GABILLONS (RUE DES),48.87,2.13,Plein jour,En agglomération,Intersection en T,Normale,Deux véhicules - côté,4,1,1,0,1,1,1,0,1,30,2,2,1,0,0,1,47.0,13.0,voiture,deux_roues,1,2,3,1,3
202300032855,2023-09-06 18:13:00,2023,9,6,18,13,78,78190,GABILLONS (RUE DES),48.87,2.13,Plein jour,En agglomération,Intersection en T,Normale,Deux véhicules - côté,4,2,2,0,1,1,1,0,1,50,2,2,1,0,0,1,47.0,13.0,voiture,deux_roues,1,2,3,1,3
202300032856,2023-09-06 19:30:00,2023,9,6,19,30,77,77122,RUE JEAN MOULIN,48.66085,2.55883,Plein jour,En agglomération,Intersection en X,Normale,Autre collision,4,2,2,0,1,1,1,0,1,50,1,2,1,0,0,1,,,autre,,1,2,2,1,6
202300032856,2023-09-06 19:30:00,2023,9,6,19,30,77,77122,RUE JEAN MOULIN,48.66085,2.55883,Plein jour,En agglomération,Intersection en X,Normale,Autre collision,4,2,2,0,1,1,1,0,1,50,1,2,1,0,0,1,,,autre,,1,2,2,1,6
202300032857,2023-09-06 18:50:00,2023,9,6,18,50,77,77284,CRECHE (RUE DE LA),48.95683,2.88576,Plein jour,En agglomération,Autre intersection,Normale,Autre collision,4,1,2,0,1,1,1,0,1,50,1,2,1,0,0,1,24.0,,utilitaire_camion,,1,2,9,1,6
202300032858,2023-12-13 13:50:00,2023,12,13,13,50,69,69383,Rue Général Mouton-Duvernet,45.74995,4.8605,Plein jour,En agglomération,Intersection en T,Normale,Deux véhicules - côté,4,2,2,2,1,1,1,0,1,30,2,2,1,0,0,1,26.0,46.0,deux_roues,utilitaire_camion,1,2,3,1,3
202300032858,2023-12-13 13:50:00,2023,12,13,13,50,69,69383,Rue Général Mouton-Duvernet,45.74995,4.8605,Plein jour,En agglomération,Intersection en T,Normale,Deux véhicules - côté,4,2,3,1,2,1,1,0,5,30,2,2,1,0,0,1,26.0,46.0,deux_roues,utilitaire_camion,1,2,3,1,3
202300032859,2023-09-06 14:02:00,2023,9,6,14,2,77,77369,MEAUX (AVENUE DE),48.96629,2.91888,Plein jour,En agglomération,Hors intersection,Temps éblouissant,Deux véhicules - arrière,3,2,2,0,1,1,1,0,1,50,2,2,1,0,0,1,56.0,33.0,voiture,voiture,1,2,1,7,2
202300032860,2023-09-06 19:05:00,2023,9,6,19,5,76,76319,Rue de Seelze,49.35238,1.0034,Plein jour,En agglomération,Hors intersection,Normale,Sans collision,4,2,2,0,1,1,1,0,1,30,1,1,0,0,0,1,43.0,,deux_roues,,1,2,1,1,7
202300032861,2023-12-13 12:20:00,2023,12,13,12,20,69,69388,Cours Albert Thomas,45.74878,4.86181,Plein jour,En agglomération,Intersection en T,Temps couvert,Autre collision,4,1,3,3,1,1,1,0,1,50,1,2,1,0,0,1,35.0,,voiture,,1,2,3,8,6
202300032861,2023-12-13 12:20:00,2023,12,13,12,20,69,69388,Cours Albert Thomas,45.74878,4.86181,Plein jour,En agglomération,Intersection en T,Temps couvert,Autre collision,4,1,1,0,1,1,1,6,1,30,1,2,1,0,0,1,35.0,,voiture,,1,2,3,8,6
202300032862,2023-08-20 15:50:00,2023,8,20,15,50,76,76486,Route de Moulineaux,49.3221,0.9857,Plein jour,Hors agglomération,Hors intersection,Normale,Deux véhicules - frontale,7,2,2,0,2,3,1,0,1,80,2,3,0,0,0,3,46.0,19.0,voiture,voiture,1,1,1,1,1
202300032863,2023-09-06 13:55:00,2023,9,6,13,55,76,76217,DUQUESNE (QUAI),49.92415,1.08113,Plein jour,En agglomération,Intersection en T,Normale,Deux véhicules - côté,3,2,3,0,1,1,1,0,1,30,2,2,1,0,0,1,25.0,55.0,voiture,voiture,1,2,3,1,3
202300032863,2023-09-06 13:55:00,2023,9,6,13,55,76,76217,DUQUESNE (QUAI),49.92415,1.08113,Plein jour,En agglomération,Intersection en T,Normale,Deux véhicules - côté,3,1,1,0,1,1,1,0,1,50,2,2,1,0,0,1,25.0,55.0,voiture,voiture,1,2,3,1,3
202300032864,2023-09-05 19:35:00,2023,9,5,19,35,72,72181,PIFFAULT PIERRE (AV) BESSEMER A MONNIER,47.9739,0.17338,Plein jour,En agglomération,Autre intersection,Normale,Deux véhicules - côté,4,2,2,0,1,1,1,0,1,50,2,2,1,0,0,1,54.0,39.0,transport_commun,deux_roues,1,2,9,1,3
202300032865,2023-12-13 05:40:00,2023,12,13,5,40,69,69388,Boulevard des Etats-Unis,45.72426131,4.87205371,Nuit avec éclairage allumé,En agglomération,Intersection en X,Pluie légère,Autre collision,4,2,5,1,1,1,2,0,1,50,1,2,1,0,1,0,22.0,,utilitaire_camion,,5,2,2,2,6
202300032865,2023-12-13 05:40:00,2023,12,13,5,40,69,69388,Boulevard des Etats-Unis,45.72426131,4.87205371,Nuit avec éclairage allumé,En agglomération,Intersection en X,Pluie légère,Autre collision,4,2,3,2,1,1,2,0,1,50,1,2,1,0,1,0,22.0,,utilitaire_camion,,5,2,2,2,6
202300032866,2023-09-05 14:00:00,2023,9,5,14,0,72,72003,RD 23 (RTE),47.96505236,0.13188958,Plein jour,Hors agglomération,Autre intersection,Normale,Deux véhicules - côté,4,2,2,0,1,1,1,0,1,90,2,2,1,0,0,1,72.0,45.0,voiture,deux_roues,1,1,9,1,3
202300032867,2023-09-06 21:45:00,2023,9,6,21,45,69,69266,Rue Edouard Aynard,45.76061,4.87622,Nuit avec éclairage allumé,En agglomération,Intersection en X,Normale,Deux véhicules - côté,4,2,2,0,1,1,1,0,1,30,2,5,1,0,0,4,21.0,20.0,voiture,voiture,5,2,2,1,3
202300032867,2023-09-06 21:45:00,2023,9,6,21,45,69,69266,Rue Edouard Aynard,45.76061,4.87622,Nuit avec éclairage allumé,En agglomération,Intersection en X,Normale,Deux véhicules - côté,4,1,1,0,1,1,1,0,1,30,2,5,1,0,0,4,21.0,20.0,voiture,voiture,5,2,2,1,3
202300032868,2023-12-13 13:30:00,2023,12,13,13,30,69,69142,Quai Jean-Jacques Rousseau,45.7449,4.81311,Plein jour,En agglomération,Hors intersection,Normale,Deux véhicules - côté,4,2,2,0,1,1,1,0,1,50,2,4,3,0,0,1,55.0,41.0,voiture,voiture,1,2,1,1,3
202300032869,2023-09-03 18:10:00,2023,9,3,18,10,69,69264,Chemin des Rousses,45.99459,4.70723,Plein jour,En agglomération,Giratoire,Normale,Deux véhicules - frontale,3,1,2,0,1,2,1,0,1,50,2,2,1,0,0,1,41.0,28.0,deux_roues,voiture,1,2,6,1,1
202300032869,2023-09-03 18:10:00,2023,9,3,18,10,69,69264,Chemin des Rousses,45.99459,4.70723,Plein jour,En agglomération,Giratoire,Normale,Deux véhicules - frontale,3,2,2,0,1,2,1,0,1,50,2,2,1,0,0,1,41.0,28.0,deux_roues,voiture,1,2,6,1,1
202300032870,2023-09-05 07:40:00,2023,9,5,7,40,67,67180,NESSEL (BLD),48.813513,7.784059,Plein jour,En agglomération,Intersection en X,Normale,Deux véhicules - frontale,3,1,1,0,1,1,1,5,1,50,2,3,2,0,1,0,20.0,17.0,voiture,deux_roues,1,2,2,1,1
202300032870,2023-09-05 07:40:00,2023,9,5,7,40,67,67180,NESSEL (BLD),48.813513,7.784059,Plein jour,En agglomération,Intersection en X,Normale,Deux véhicules - frontale,3,2,4,0,1,1,1,9,8,50,2,3,2,0,1,0,20.0,17.0,voiture,deux_roues,1,2,2,1,1
202300032871,2023-12-13 19:28:00,2023,12,13,19,28,2B,2B120,11 - RT,42.66279,9.44254,Nuit sans éclairage public,En agglomération,Hors intersection,Normale,Deux véhicules - côté,4,3,4,0,1,1,1,0,1,50,2,2,1,0,0,1,24.0,23.0,voiture,deux_roues,3,2,1,1,3
202300032872,2023-09-06 11:38:00,2023,9,6,11,38,64,64260,PORT (RUE DU),43.35885,-1.77726,Plein jour,En agglomération,Hors intersection,Normale,Deux véhicules - côté,4,2,1,0,2,1,1,0,1,30,2,3,0,0,0,3,41.0,80.0,voiture,voiture,1,2,1,1,3
202300032873,2023-12-12 17:25:00,2023,12,12,17,25,971,97101,RN1 ROCADE DE CHAUVEL,16.24272,-61.52253,Crépuscule ou aube,Hors agglomération,Hors intersection,Normale,Deux véhicules - arrière,2,2,4,0,1,1,1,0,1,90,2,2,1,0,0,1,61.0,19.0,voiture,voiture,2,1,1,1,2
202300032874,2023-09-06 12:20:00,2023,9,6,12,20,64,64445,BUROS DE,43.31326,-0.34993,Plein jour,En agglomération,Hors intersection,Normale,Autre collision,4,2,2,0,1,1,1,0,1,-1,1,2,1,1,0,0,28.0,,voiture,,1,2,1,1,6
202300032875,2023-09-06 17:30:00,2023,9,6,17,30,64,64122,"""KENNEDY (AVENUE DU PRESIDENT J,F)""",43.46396,-1.55214,Plein jour,En agglomération,Intersection en T,Normale,Deux véhicules - côté,4,2,4,1,1,1,1,0,1,50,2,2,1,0,1,0,61.0,14.0,voiture,deux_roues,1,2,3,1,3
202300032875,2023-09-06 17:30:00,2023,9,6,17,30,64,64122,"""KENNEDY (AVENUE DU PRESIDENT J,F)""",43.46396,-1.55214,Plein jour,En agglomération,Intersection en T,Normale,Deux véhicules - côté,4,2, -1,-1,1,1,1,0,1,-1,2,2,1,0,1,0,61.0,14.0,voiture,deux_roues,1,2,3,1,3
202300032876,2023-12-13 17:10:00,2023,12,13,17,10,91,91377,AV DU PRESIDENT J F KENNEDY,48.73815,2.297209,Nuit sans éclairage public,En agglomération,Hors intersection,Pluie légère,Autre collision,3,2,2,0,1,1,2,0,1,50,1,2,1,0,1,0,32.0,,voiture,,3,2,1,2,6
202300032877,2023-09-06 18:00:00,2023,9,6,18,0,63,63113,BELLOY (RUE DU),45.78439209,3.08009058,Plein jour,En agglomération,Hors intersection,Normale,Deux véhicules - côté,4,2,2,0,2,1,1,0,1,30,2,2,1,0,0,1,42.0,36.0,deux_roues,voiture,1,2,1,1,3
202300032878,2023-09-06 01:05:00,2023,9,6,1,5,59,59350,SOLFERINO RUE N°110 - 206,50.63087315,3.05553029,Nuit sans éclairage public,En agglomération,Hors intersection,Normale,Deux véhicules - côté,7,2,2,2,1,1,1,0,1,30,2,2,1,0,1,0,50.0,28.0,voiture,deux_roues,3,2,1,1,3
202300032879,2023-12-13 17:40:00,2023,12,13,17,40,91,91191,LEON JOUHAUX (AVENUE),48.72222,2.46963,Nuit avec éclairage allumé,En agglomération,Hors intersection,Normale,Deux véhicules - côté,3,2,2,0,1,1,2,0,1,50,2,2,1,0,0,1,50.0,41.0,voiture,deux_roues,5,2,1,1,3
202300032880,2023-09-05 08:00:00,2023,9,5,8,0,56,56121,VERDUN (RUE  DE ),47.76023,-3.36567,Plein jour,En agglomération,Hors intersection,Normale,Deux véhicules - frontale,4,2,2,0,1,3,1,0,5,30,2,2,0,0,0,2,18.0,21.0,deux_roues,deux_roues,1,2,1,1,1
202300032881,2023-09-05 07:00:00,2023,9,5,7,0,56,56121,GAULLE ( AVE DU GENERAL DE ),47.74139,-3.37276,Crépuscule ou aube,En agglomération,Hors intersection,Normale,Autre collision,4,3,2,2,1,1,1,-1,5,30,1,2,0,0,0,2,32.0,,deux_roues,,2,2,1,1,6
202300032882,2023-12-13 00:00:00,2023,12,13,0,0,91,91600,RTE NATIONALE 6,48.6731,2.50255,Nuit sans éclairage public,Hors agglomération,Hors intersection,Pluie légère,Deux véhicules - côté,3,3,4,0,1,1,2,0,1,90,2,2,0,0,0,2,34.0,28.0,voiture,voiture,3,1,1,2,3
202300032883,2023-09-06 01:00:00,2023,9,6,1,0,51,51454,LECLERC (BOULEVARD DU GENERAL),49.25600521,4.02429443,Nuit avec éclairage allumé,En agglomération,Intersection en T,Normale,Autre collision,4,2,2,0,1,1,1,0,4,30,1,1,0,0,0,1,21.0,,deux_roues,,5,2,3,1,6
202300032883,2023-09-06 01:00:00,2023,9,6,1,0,51,51454,LECLERC (BOULEVARD DU GENERAL),49.25600521,4.02429443,Nuit avec éclairage allumé,En agglomération,Intersection en T,Normale,Autre collision,4,1,1,0,1,1,1,0,4,30,1,1,0,0,0,1,21.0,,deux_roues,,5,2,3,1,6
202300032884,2023-09-05 18:22:00,2023,9,5,18,22,49,49007,ALSACE,47.4697,-0.5495,Plein jour,En agglomération,Passage à niveau,Temps éblouissant,Autre collision,4,2,2,3,1,1,1,4,1,30,1,2,1,0,0,1,58.0,,transport_commun,,1,2,8,7,6
202300032885,2023-12-13 07:40:00,2023,12,13,7,40,90,90010,JUIN (AVENUE DU MARECHAL),47.644,6.84056,Nuit avec éclairage allumé,En agglomération,Intersection en T,Pluie légère,Autre collision,4,2,1,0,1,2,2,6,1,30,1,2,1,0,0,1,50.0,,voiture,,5,2,3,2,6
202300032885,2023-12-13 07:40:00,2023,12,13,7,40,90,90010,JUIN (AVENUE DU MARECHAL),47.644,6.84056,Nuit avec éclairage allumé,En agglomération,Intersection en T,Pluie légère,Autre collision,4,2,1,0,1,2,2,9,1,30,1,2,1,0,0,1,50.0,,voiture,,5,2,3,2,6
202300032886,2023-09-04 22:15:00,2023,9,4,22,15,49,49007,MIRABEAU,47.4597,-0.5496,Nuit avec éclairage allumé,En agglomération,Hors intersection,Normale,Sans collision,4,2,2,0,1,1,1,0,1,50,1,2,0,0,0,2,19.0,,deux_roues,,5,2,1,1,7
202300032887,2023-12-13 14:55:00,2023,12,13,14,55,89,89387,BOURRIENNE (RUE DE),48.2053,3.29248,Plein jour,En agglomération,Intersection en T,Normale,Deux véhicules - côté,4,1,1,0,1,1,1,0,1,50,2,2,1,0,0,1,41.0,19.0,voiture,deux_roues,1,2,3,1,3
202300032887,2023-12-13 14:55:00,2023,12,13,14,55,89,89387,BOURRIENNE (RUE DE),48.2053,3.29248,Plein jour,En agglomération,Intersection en T,Normale,Deux véhicules - côté,4,2,1,0,1,1,1,0,1,50,2,2,1,0,0,1,41.0,19.0,voiture,deux_roues,1,2,3,1,3
202300032888,2023-09-06 07:50:00,2023,9,6,7,50,45,45234,10 Boulevard Guy-Marie Riobé,47.91353,1.90988,Plein jour,En agglomération,Intersection en X,Normale,Deux véhicules - arrière,4,2,3,1,1,1,1,0,1,50,2,2,1,0,0,1,19.0,48.0,deux_roues,voiture,1,2,2,1,2
202300032888,2023-09-06 07:50:00,2023,9,6,7,50,45,45234,10 Boulevard Guy-Marie Riobé,47.91353,1.90988,Plein jour,En agglomération,Intersection en X,Normale,Deux véhicules - arrière,4,2,3,1,1,1,1,0,1,50,2,2,1,0,0,1,19.0,48.0,deux_roues,voiture,1,2,2,1,2
202300032889,2023-09-05 18:40:00,2023,9,5,18,40,41,41018,BESNARD (QUAI ULYSSE),47.57811,1.32122,Plein jour,En agglomération,Hors intersection,Normale,Deux véhicules - frontale,4,2,3,0,1,1,1,0,1,50,2,5,2,0,1,2,19.0,68.0,voiture,voiture,1,2,1,1,1
202300032890,2023-12-12 07:54:00,2023,12,12,7,54,80,80001,Route d'Amiens,50.100965,1.857925,Nuit avec éclairage allumé,En agglomération,Giratoire,Pluie légère,Deux véhicules - côté,3,2, -1,-1,1,2,2,0,1,-1,2,2,1,0,0,1,17.0,47.0,deux_roues,voiture,5,2,6,2,3