accident_id,datetime,annee,mois,jour,heure,minute,departement,commune_insee,adresse,latitude,longitude,luminosite,agglomeration,intersection,meteo,collision,catr,circ,nbv,vosp,prof,plan,surf,infra,situ,vma,nb_vehicules,nb_usagers,nb_indemnes,nb_tues,nb_blesses_hosp,nb_blesses_legers,age_cond_1,age_cond_2,veh_type_cond_1,veh_type_cond_2,lum_code,agg_code,int_code,atm_code,col_code
202300032891,2023-09-06 08:00:00,2023,9,6,8,0,38,38185,JOSEPH VALLIER (BOULEVARD),45.18032,5.71144,Plein jour,En agglomération,Intersection en X,Normale,Deux véhicules - côté,7,2,0,0,1,1,1,0,1,50,2,2,1,0,0,1,41.0,26.0,deux_roues,voiture,1,2,2,1,3
202300032891,2023-09-06 08:00:00,2023,9,6,8,0,38,38185,JOSEPH VALLIER (BOULEVARD),45.18032,5.71144,Plein jour,En agglomération,Intersection en X,Normale,Deux véhicules - côté,7,2,0,0,1,1,1,0,1,30,2,2,1,0,0,1,41.0,26.0,deux_roues,voiture,1,2,2,1,3
202300032891,2023-09-06 08:00:00,2023,9,6,8,0,38,38185,JOSEPH VALLIER (BOULEVARD),45.18032,5.71144,Plein jour,En agglomération,Intersection en X,Normale,Deux véhicules - côté,7,1,0,1,1,1,1,0,1,30,2,2,1,0,0,1,41.0,26.0,deux_roues,voiture,1,2,2,1,3
202300032892,2023-09-06 18:35:00,2023,9,6,18,35,37,37261,GRAMMONT (AVENUE DE),47.38678,0.6903,Plein jour,En agglomération,Intersection en T,Temps éblouissant,Deux véhicules - côté,4,-1,2,1,1,1,1,6,5,50,2,2,1,0,0,1,42.0,84.0,deux_roues,voiture,1,2,3,7,3
202300032892,2023-09-06 18:35:00,2023,9,6,18,35,37,37261,GRAMMONT (AVENUE DE),47.38678,0.6903,Plein jour,En agglomération,Intersection en T,Temps éblouissant,Deux véhicules - côté,4,1,1,1,1,1,1,6,5,30,2,2,1,0,0,1,42.0,84.0,deux_roues,voiture,1,2,3,7,3
202300032893,2023-09-04 09:45:00,2023,9,4,9,45,35,35206,PORTE ALMA,48.08023172,-1.68019205,Plein jour,Hors agglomération,Hors intersection,Normale,Autre collision,2,3,6,0,1,1,1,3,1,90,1,1,0,0,0,1,52.0,,deux_roues,,1,1,1,1,6
202300032894,2023-09-06 13:45:00,2023,9,6,13,45,33,33069,Boulevard Godard,44.86247253,-0.58469206,Plein jour,En agglomération,Intersection en X,Normale,Deux véhicules - côté,4,2,4,3,1,1,1,0,1,50,2,2,1,0,0,1,34.0,33.0,deux_roues,voiture,1,2,2,1,3
202300032894,2023-09-06 13:45:00,2023,9,6,13,45,33,33069,Boulevard Godard,44.86247253,-0.58469206,Plein jour,En agglomération,Intersection en X,Normale,Deux véhicules - côté,4,2,2,0,1,1,1,0,1,50,2,2,1,0,0,1,34.0,33.0,deux_roues,voiture,1,2,2,1,3
202300032895,2023-09-06 07:50:00,2023,9,6,7,50,33,33522,Cours de la Libération,44.8031,-0.5932,Plein jour,En agglomération,Hors intersection,Normale,Deux véhicules - arrière,4,3,2,1,1,1,1,0,1,30,2,2,1,0,0,1,32.0,47.0,deux_roues,voiture,1,2,1,1,2
202300032896,2023-09-06 07:45:00,2023,9,6,7,45,31,31565,BOUT DU PUY (RUE DU),43.094198,0.709443,Plein jour,En agglomération,Intersection en T,Normale,Deux véhicules - frontale,3,2,2,0,1,2,1,0,1,50,2,2,1,0,0,1,15.0,45.0,deux_roues,voiture,1,2,3,1,1
202300032896,2023-09-06 07:45:00,2023,9,6,7,45,31,31565,BOUT DU PUY (RUE DU),43.094198,0.709443,Plein jour,En agglomération,Intersection en T,Normale,Deux véhicules - frontale,3,-1,2,0,1,1,1,0,1,50,2,2,1,0,0,1,15.0,45.0,deux_roues,voiture,1,2,3,1,1
202300032897,2023-12-13 08:05:00,2023,12,13,8,5,77,77215,BD VICTOR HUGO,48.73979,2.72376,Crépuscule ou aube,En agglomération,Autre intersection,Normale,Deux véhicules - côté,4,2,1,0,1,1,2,0,1,50,2,2,1,0,0,1,17.0,18.0,deux_roues,voiture,2,2,9,1,3
202300032898,2023-12-13 03:00:00,2023,12,13,3,0,77,77122,RUE DES ROCHES,48.67125,2.55838,Nuit avec éclairage allumé,En agglomération,Hors intersection,Pluie légère,Autre collision,4,2,2,0,1,1,2,0,1,50,1,2,1,0,0,1,27.0,,voiture,,5,2,1,2,6
202300032899,2023-09-05 12:50:00,2023,9,5,12,50,27,27229,LUXEMBOURG (RUE DU),49.03088,1.18493,Plein jour,En agglomération,Intersection en T,Normale,Deux véhicules - côté,4,2,0,0,1,1,1,0,1,50,2,3,1,0,0,2,29.0,25.0,utilitaire_camion,voiture,1,2,3,1,3
202300032899,2023-09-05 12:50:00,2023,9,5,12,50,27,27229,LUXEMBOURG (RUE DU),49.03088,1.18493,Plein jour,En agglomération,Intersection en T,Normale,Deux véhicules - côté,4,2,0,0,1,1,1,0,1,50,2,3,1,0,0,2,29.0,25.0,utilitaire_camion,voiture,1,2,3,1,3
202300032900,2023-09-06 06:00:00,2023,9,6,6,0,22,22187,RN12,48.54606,-2.78623,Nuit sans éclairage public,Hors agglomération,Hors intersection,Normale,Autre collision,2,3,2,0,2,1,1,9,1,70,1,2,1,1,0,0,22.0,,voiture,,3,1,1,1,6
202300032901,2023-12-13 19:15:00,2023,12,13,19,15,77,77449,AV BERNARD DE JUSSIEU,48.83520774,2.78295433,Nuit avec éclairage allumé,En agglomération,Intersection en X,Pluie légère,Deux véhicules - frontale,4,2,2,0,1,1,2,0,1,50,2,2,1,0,0,1,18.0,38.0,deux_roues,utilitaire_camion,5,2,2,2,1
202300032901,2023-12-13 19:15:00,2023,12,13,19,15,77,77449,AV BERNARD DE JUSSIEU,48.83520774,2.78295433,Nuit avec éclairage allumé,En agglomération,Intersection en X,Pluie légère,Deux véhicules - frontale,4,2,2,0,1,1,2,0,1,50,2,2,1,0,0,1,18.0,38.0,deux_roues,utilitaire_camion,5,2,2,2,1
202300032902,2023-09-06 09:31:00,2023,9,6,9,31,21,21231,MARIOTTE (RUE),47.32212079,5.031276,Plein jour,En agglomération,Intersection en T,Temps éblouissant,Autre collision,4,1,3,3,1,2,1,0,1,50,2,3,1,0,1,1,77.0,20.0,voiture,deux_roues,1,2,3,7,6
202300032902,2023-09-06 09:31:00,2023,9,6,9,31,21,21231,MARIOTTE (RUE),47.32212079,5.031276,Plein jour,En agglomération,Intersection en T,Temps éblouissant,Autre collision,4,1,2,0,1,1,1,0,1,50,2,3,1,0,1,1,77.0,20.0,voiture,deux_roues,1,2,3,7,6
202300032903,2023-12-13 20:10:00,2023,12,13,20,10,76,76540,Rue Saint Filleul,49.4470007,1.06980121,Nuit avec éclairage allumé,En agglomération,Intersection en X,Pluie légère,Deux véhicules - côté,7,2,2,3,1,1,2,-1,5,-1,2,2,1,0,1,0,42.0,26.0,voiture,deux_roues,5,2,2,2,3
202300032903,2023-12-13 20:10:00,2023,12,13,20,10,76,76540,Rue Saint Filleul,49.4470007,1.06980121,Nuit avec éclairage allumé,En agglomération,Intersection en X,Pluie légère,Deux véhicules - côté,7,2,2,0,1,1,2,0,5,50,2,2,1,0,1,0,42.0,26.0,voiture,deux_roues,5,2,2,2,3
202300032904,2023-09-06 08:08:00,2023,9,6,8,8,21,21231,BARBE (PLACE),47.32888049,5.03863421,Plein jour,En agglomération,Hors intersection,Normale,Autre collision,4,2,2,0,2,1,1,0,1,50,1,3,1,0,0,2,22.0,,voiture,,1,2,1,1,6
202300032905,2023-12-13 12:20:00,2023,12,13,12,20,76,76540,Quai du havre (Haut),49.4409,1.0825,Plein jour,En agglomération,Intersection à plus de 4 branches,Pluie légère,Autre collision,7,2,4,3,1,1,2,-1,1,50,1,5,4,0,0,1,34.0,,utilitaire_camion,,1,2,5,2,6
202300032905,2023-12-13 12:20:00,2023,12,13,12,20,76,76540,Quai du havre (Haut),49.4409,1.0825,Plein jour,En agglomération,Intersection à plus de 4 branches,Pluie légère,Autre collision,7,2,4,3,1,1,2,-1,1,50,1,5,4,0,0,1,34.0,,utilitaire_camion,,1,2,5,2,6
202300032906,2023-09-06 07:35:00,2023,9,6,7,35,21,21054,SAINT-JACQUES (BOULEVARD),47.02074,4.83759,Plein jour,En agglomération,Intersection en X,Normale,Deux véhicules - côté,4,2,2,0,1,1,1,5,1,50,2,2,1,0,0,1,16.0,20.0,deux_roues,voiture,1,2,2,1,3
202300032906,2023-09-06 07:35:00,2023,9,6,7,35,21,21054,SAINT-JACQUES (BOULEVARD),47.02074,4.83759,Plein jour,En agglomération,Intersection en X,Normale,Deux véhicules - côté,4,1,2,0,1,1,1,0,1,50,2,2,1,0,0,1,16.0,20.0,deux_roues,voiture,1,2,2,1,3
202300032907,2023-12-13 08:30:00,2023,12,13,8,30,76,76351,JEAN BAPTISTE EYRIES,49.49488,0.1163,Plein jour,En agglomération,Intersection en T,Normale,Deux véhicules - côté,4,1,1,2,1,1,2,0,1,50,2,2,1,0,0,1,23.0,59.0,deux_roues,voiture,1,2,3,1,3
202300032907,2023-12-13 08:30:00,2023,12,13,8,30,76,76351,JEAN BAPTISTE EYRIES,49.49488,0.1163,Plein jour,En agglomération,Intersection en T,Normale,Deux véhicules - côté,4,1, -1,0,1,1,1,0,1,30,2,2,1,0,0,1,23.0,59.0,deux_roues,voiture,1,2,3,1,3
202300032908,2023-09-03 19:30:00,2023,9,3,19,30,19,19031,SEMARD (AVENUE PIERRE) A PARTIR DE N° 75,45.15738,1.52372,Plein jour,En agglomération,Intersection en X,Normale,Deux véhicules - arrière,4,2,3,0,1,1,1,0,1,50,2,2,1,0,0,1,25.0,55.0,deux_roues,voiture,1,2,2,1,2
202300032908,2023-09-03 19:30:00,2023,9,3,19,30,19,19031,SEMARD (AVENUE PIERRE) A PARTIR DE N° 75,45.15738,1.52372,Plein jour,En agglomération,Intersection en X,Normale,Deux véhicules - arrière,4,2,3,0,1,1,1,0,1,50,2,2,1,0,0,1,25.0,55.0,deux_roues,voiture,1,2,2,1,2
202300032909,2023-09-03 17:35:00,2023,9,3,17,35,19,19031,LATRADE (RUE LOUIS),45.16222,1.53064,Plein jour,En agglomération,Intersection en T,Normale,Deux véhicules - côté,4,2,0,0,1,1,1,0,1,50,2,3,2,0,0,1,16.0,41.0,deux_roues,voiture,1,2,3,1,3
202300032909,2023-09-03 17:35:00,2023,9,3,17,35,19,19031,LATRADE (RUE LOUIS),45.16222,1.53064,Plein jour,En agglomération,Intersection en T,Normale,Deux véhicules - côté,4,1,1,0,1,1,1,0,1,50,2,3,2,0,0,1,16.0,41.0,deux_roues,voiture,1,2,3,1,3
202300032910,2023-12-13 19:30:00,2023,12,13,19,30,73,73065,ROISSARD CHARLES (QUAI),45.56909502,5.91952533,Nuit avec éclairage non allumé,En agglomération,Intersection en X,Pluie forte,Deux véhicules - côté,4,2,2,2,1,1,2,5,5,50,2,2,1,0,0,1,,16.0,autre,deux_roues,4,2,2,3,3
202300032910,2023-12-13 19:30:00,2023,12,13,19,30,73,73065,ROISSARD CHARLES (QUAI),45.56909502,5.91952533,Nuit avec éclairage non allumé,En agglomération,Intersection en X,Pluie forte,Deux véhicules - côté,4,1,1,2,1,1,2,5,1,50,2,2,1,0,0,1,,16.0,autre,deux_roues,4,2,2,3,3
202300032910,2023-12-13 19:30:00,2023,12,13,19,30,73,73065,ROISSARD CHARLES (QUAI),45.56909502,5.91952533,Nuit avec éclairage non allumé,En agglomération,Intersection en X,Pluie forte,Deux véhicules - côté,4,1,1,2,1,1,2,-1,5,50,2,2,1,0,0,1,,16.0,autre,deux_roues,4,2,2,3,3
202300032911,2023-09-02 08:28:00,2023,9,2,8,28,18,18213,10 Avenue du Général de Gaulle,47.09899,2.48218,Plein jour,En agglomération,Autre intersection,Temps éblouissant,Autre collision,2,3,2,0,1,1,1,0,1,50,1,2,1,1,0,0,49.0,,voiture,,1,2,9,7,6
202300032912,2023-12-13 18:30:00,2023,12,13,18,30,69,69282,Rue d'Aquitaine,45.76372,5.00252,Nuit avec éclairage allumé,En agglomération,Intersection en X,Pluie légère,Deux véhicules - côté,4,2,2,0,1,1,2,0,1,30,2,3,1,0,0,2,23.0,28.0,voiture,voiture,5,2,2,2,3
202300032913,2023-12-12 10:44:00,2023,12,12,10,44,69,69199,Rue Danielle Casanova,45.71031,4.86264,Plein jour,En agglomération,Hors intersection,Pluie légère,Autre collision,4,2,2,0,1,1,2,0,1,50,1,1,0,0,0,1,20.0,,utilitaire_camion,,1,2,1,2,6
202300032914,2023-09-06 19:00:00,2023,9,6,19,0,75,75118,PORTE DE CLIGNANCOURT,48.901104,2.346646,Crépuscule ou aube,En agglomération,Hors intersection,Normale,Trois véhicules et plus - en chaîne,4,1,4,0,1,1,1,0,1,70,4,4,3,0,0,1,49.0,51.0,deux_roues,voiture,2,2,1,1,4
202300032915,2023-12-13 17:25:00,2023,12,13,17,25,68,68166,MULHOUSE (FAUBOURG DE),47.790295,7.334371,Nuit avec éclairage allumé,En agglomération,Hors intersection,Pluie légère,Autre collision,4,2,2,0,1,1,2,0,1,50,1,2,1,0,1,0,35.0,,voiture,,5,2,1,2,6
202300032916,2023-12-13 12:10:00,2023,12,13,12,10,66,66136,Avenue Général GILLES,42.69767,2.92601,Plein jour,En agglomération,Hors intersection,Normale,Autre collision,4,3,2,0,1,1,1,0,3,30,1,3,1,0,0,2,54.0,,voiture,,1,2,1,1,6
202300032917,2023-09-06 09:10:00,2023,9,6,9,10,75,75113,PORTE D ITALIE,48.816833,2.364982,Plein jour,En agglomération,Hors intersection,Normale,Deux véhicules - côté,4,1,3,0,1,1,1,0,1,70,2,2,1,0,0,1,76.0,40.0,voiture,deux_roues,1,2,1,1,3
202300032918,2023-12-13 08:40:00,2023,12,13,8,40,64,64545,BRETELLE DE LAUTOROUTE RD 913,43.37625,-1.6864,Plein jour,En agglomération,Hors intersection,Pluie forte,Deux véhicules - frontale,3,2,2,1,1,3,2,0,1,70,2,2,0,0,0,2,40.0,47.0,voiture,voiture,1,2,1,3,1
202300032919,2023-09-05 18:12:00,2023,9,5,18,12,75,75107,QUAI ANATOLE FRANCE,48.861103,2.324175,Plein jour,En agglomération,Intersection en T,Normale,Deux véhicules - côté,4,-1, -1,-1,1,1,1,0,4,30,2,2,1,0,0,1,30.0,43.0,deux_roues,voiture,1,2,3,1,3
202300032919,2023-09-05 18:12:00,2023,9,5,18,12,75,75107,QUAI ANATOLE FRANCE,48.861103,2.324175,Plein jour,En agglomération,Intersection en T,Normale,Deux véhicules - côté,4,1,3,0,1,1,1,0,4,30,2,2,1,0,0,1,30.0,43.0,deux_roues,voiture,1,2,3,1,3
202300032920,2023-09-05 15:03:00,2023,9,5,15,3,75,75119,BOULEVARD DE LA VILLETTE,48.872528,2.376559,Plein jour,En agglomération,Hors intersection,Normale,Autre collision,4,1,1,0,1,1,1,0,1,30,1,2,1,1,0,0,44.0,,utilitaire_camion,,1,2,1,1,6
202300032921,2023-12-13 09:15:00,2023,12,13,9,15,64,64445,CARNOT,43.30385,-0.3684,Plein jour,En agglomération,Hors intersection,Pluie légère,Autre collision,4,1,3,1,1,1,2,0,1,30,3,3,2,0,0,1,41.0,23.0,voiture,utilitaire_camion,1,2,1,2,6
202300032922,2023-09-06 16:30:00,2023,9,6,16,30,75,75120,RUE BELGRAND,48.864663,2.404629,Plein jour,En agglomération,Intersection en X,Normale,Autre collision,4,1, -1,-1,1,1,1,0,1,30,1,2,1,0,0,1,23.0,,deux_roues,,1,2,2,1,6
202300032922,2023-09-06 16:30:00,2023,9,6,16,30,75,75120,RUE BELGRAND,48.864663,2.404629,Plein jour,En agglomération,Intersection en X,Normale,Autre collision,4,2,4,1,1,1,1,0,5,30,1,2,1,0,0,1,23.0,,deux_roues,,1,2,2,1,6
202300032923,2023-12-12 08:00:00,2023,12,12,8,0,64,64102,MARINES (AVENUE DES ALLEES),43.49638,-1.48168,Nuit avec éclairage allumé,En agglomération,Hors intersection,Temps couvert,Autre collision,4,2,2,0,1,1,1,0,1,30,1,2,0,0,1,1,42.0,,deux_roues,,5,2,1,8,6
202300032924,2023-09-05 08:45:00,2023,9,5,8,45,75,75116,AVENUE DU MAHATMA GANDHI,48.874113,2.255427,Plein jour,En agglomération,Place,Normale,Deux véhicules - frontale,4,2, -1,0,1,1,1,8,1,50,2,5,2,0,0,3,32.0,26.0,voiture,voiture,1,2,7,1,1
202300032924,2023-09-05 08:45:00,2023,9,5,8,45,75,75116,AVENUE DU MAHATMA GANDHI,48.874113,2.255427,Plein jour,En agglomération,Place,Normale,Deux véhicules - frontale,4,-1, -1,-1,1,1,1,0,1,50,2,5,2,0,0,3,32.0,26.0,voiture,voiture,1,2,7,1,1
202300032925,2023-12-10 21:15:00,2023,12,10,21,15,63,63300,JENZAT (RUE DU),45.87416,3.13283,Nuit sans éclairage public,Hors agglomération,Autre intersection,Pluie légère,Sans collision,3,-1,2,0,1,1,2,0,5,50,1,1,0,1,0,0,79.0,,voiture,,3,1,9,2,7
202300032926,2023-09-06 16:55:00,2023,9,6,16,55,75,75115,RUE LECOURBE,48.838604,2.289416,Plein jour,En agglomération,Intersection en X,Normale,Deux véhicules - frontale,4,1,2,2,1,1,1,0,1,30,2,2,1,0,0,1,34.0,71.0,deux_roues,voiture,1,2,2,1,1
202300032926,2023-09-06 16:55:00,2023,9,6,16,55,75,75115,RUE LECOURBE,48.838604,2.289416,Plein jour,En agglomération,Intersection en X,Normale,Deux véhicules - frontale,4,1,2,2,1,1,1,0,1,30,2,2,1,0,0,1,34.0,71.0,deux_roues,voiture,1,2,2,1,1
202300032927,2023-09-06 16:39:00,2023,9,6,16,39,75,75113,RUE JENNER,48.83587,2.361091,Plein jour,En agglomération,Hors intersection,Normale,Autre collision,4,1,1,0,1,1,1,0,1,30,1,2,1,0,0,1,35.0,,deux_roues,,1,2,1,1,6
202300032928,2023-12-13 06:05:00,2023,12,13,6,5,63,63113,BLERIOT (AVENUE LOUIS),45.78777,3.1395,Nuit avec éclairage allumé,En agglomération,Intersection en X,Normale,Deux véhicules - côté,7,1,1,0,1,2,1,9,1,50,2,2,0,0,0,2,49.0,24.0,autre,voiture,5,2,2,1,3
202300032928,2023-12-13 06:05:00,2023,12,13,6,5,63,63113,BLERIOT (AVENUE LOUIS),45.78777,3.1395,Nuit avec éclairage allumé,En agglomération,Intersection en X,Normale,Deux véhicules - côté,7,1,1,0,1,3,1,0,1,50,2,2,0,0,0,2,49.0,24.0,autre,voiture,5,2,2,1,3
202300032929,2023-09-06 11:12:00,2023,9,6,11,12,75,75111,BOULEVARD RICHARD LENOIR,48.857785,2.370916,Plein jour,En agglomération,Intersection en X,Normale,Sans collision,4,1,2,0,1,1,1,0,1,30,1,1,0,0,1,0,68.0,,deux_roues,,1,2,2,1,7
202300032929,2023-09-06 11:12:00,2023,9,6,11,12,75,75111,BOULEVARD RICHARD LENOIR,48.857785,2.370916,Plein jour,En agglomération,Intersection en X,Normale,Sans collision,4,1, -1,-1,1,1,1,0,1,30,1,1,0,0,1,0,68.0,,deux_roues,,1,2,2,1,7
202300032930,2023-09-06 15:30:00,2023,9,6,15,30,75,75110,RUE DU FAUBOURG SAINT MARTIN,48.878893,2.362424,Plein jour,En agglomération,Intersection en Y,Normale,Deux véhicules - côté,4,1, -1,-1,1,1,1,0,1,30,2,2,1,0,0,1,61.0,62.0,utilitaire_camion,deux_roues,1,2,4,1,3
202300032930,2023-09-06 15:30:00,2023,9,6,15,30,75,75110,RUE DU FAUBOURG SAINT MARTIN,48.878893,2.362424,Plein jour,En agglomération,Intersection en Y,Normale,Deux véhicules - côté,4,3,2,0,1,1,1,0,1,30,2,2,1,0,0,1,61.0,62.0,utilitaire_camion,deux_roues,1,2,4,1,3
202300032931,2023-10-07 20:15:00,2023,10,7,20,15,83,83025,RD35,43.507647,5.931158,Nuit sans éclairage public,Hors agglomération,Hors intersection,Normale,Autre collision,3,2,2,0,1,2,1,0,3,80,1,1,0,0,1,0,20.0,,deux_roues,,3,1,1,1,6
202300032932,2023-10-08 18:10:00,2023,10,8,18,10,60,60287,Rue du Houlet,49.607878,3.085359,Plein jour,En agglomération,Hors intersection,Normale,Deux véhicules - frontale,4,2,2,0,1,3,1,0,1,50,2,2,1,0,0,1,39.0,48.0,deux_roues,voiture,1,2,1,1,1
202300032933,2023-10-09 08:45:00,2023,10,9,8,45,64,64225,Rue de Barétous (Féas) - CD 919,43.164293,-0.678363,Plein jour,Hors agglomération,Hors intersection,Normale,Deux véhicules - frontale,3,2,2,0,2,3,1,0,1,80,2,4,2,2,0,0,48.0,36.0,transport_commun,voiture,1,1,1,1,1
202300032934,2023-10-07 15:09:00,2023,10,7,15,9,43,43268,53 Avenue de la Marne,45.145121,4.126471,Plein jour,En agglomération,Hors intersection,Normale,Deux véhicules - arrière,3,2,2,0,1,1,1,0,1,30,2,2,1,0,1,0,18.0,54.0,voiture,deux_roues,1,2,1,1,2
202300032935,2023-10-07 15:15:00,2023,10,7,15,15,43,43203,Route de Veyrines,45.165269,4.055935,Plein jour,Hors agglomération,Intersection en T,Normale,Deux véhicules - côté,3,2,2,0,1,1,1,0,1,90,2,3,2,0,0,1,59.0,65.0,utilitaire_camion,deux_roues,1,1,3,1,3
202300032935,2023-10-07 15:15:00,2023,10,7,15,15,43,43203,Route de Veyrines,45.165269,4.055935,Plein jour,Hors agglomération,Intersection en T,Normale,Deux véhicules - côté,3,2, -1,-1,3,1,1,0,1,-1,2,3,2,0,0,1,59.0,65.0,utilitaire_camion,deux_roues,1,1,3,1,3
202300032936,2023-10-08 18:25:00,2023,10,8,18,25,53,53039,RD 123 Lieu dit la Jourdanerie,48.151886,-1.004648,Plein jour,Hors agglomération,Hors intersection,Normale,Deux véhicules - frontale,3,3,2,0,1,1,1,0,1,80,2,3,0,0,3,0,22.0,65.0,voiture,voiture,1,1,1,1,1
202300032937,2023-10-08 06:30:00,2023,10,8,6,30,21,21715,RD981,47.10986088,4.4189034,Nuit sans éclairage public,Hors agglomération,Hors intersection,Normale,Autre collision,3,2,2,0,1,1,1,0,3,90,1,3,2,0,1,0,23.0,,voiture,,3,1,1,1,6
202300032938,2023-10-07 11:12:00,2023,10,7,11,12,28,28405,D152,48.759492,1.311858,Plein jour,Hors agglomération,Intersection en Y,Normale,Deux véhicules - frontale,3,-1,2,0,1,2,1,0,1,80,2,2,0,0,1,1,35.0,44.0,voiture,voiture,1,1,4,1,1
202300032938,2023-10-07 11:12:00,2023,10,7,11,12,28,28405,D152,48.759492,1.311858,Plein jour,Hors agglomération,Intersection en Y,Normale,Deux véhicules - frontale,3,2,2,0,1,2,1,0,1,50,2,2,0,0,1,1,35.0,44.0,voiture,voiture,1,1,4,1,1
202300032939,2023-10-08 17:00:00,2023,10,8,17,0,17,17396,Rue Porte Fache,46.23247,-0.885386,Plein jour,En agglomération,Hors intersection,Normale,Deux véhicules - frontale,4,2,2,0,1,1,1,0,1,50,2,2,0,0,1,1,20.0,23.0,deux_roues,deux_roues,1,2,1,1,1
202300032940,2023-10-07 16:35:00,2023,10,7,16,35,30,30185,D1,43.734724,4.211444,Plein jour,Hors agglomération,Intersection en X,Normale,Deux véhicules - côté,3,2,2,0,1,1,1,0,1,80,2,6,5,0,0,1,38.0,44.0,voiture,deux_roues,1,1,2,1,3
202300032940,2023-10-07 16:35:00,2023,10,7,16,35,30,30185,D1,43.734724,4.211444,Plein jour,Hors agglomération,Intersection en X,Normale,Deux véhicules - côté,3,2, -1,0,1,1,1,0,1,-1,2,6,5,0,0,1,38.0,44.0,voiture,deux_roues,1,1,2,1,3
202300032941,2023-10-04 16:30:00,2023,10,4,16,30,30,30348,,44.048526,4.148269,Plein jour,Hors agglomération,Giratoire,Normale,Deux véhicules - côté,3,2,2,0,1,4,1,0,1,80,2,2,1,0,1,0,63.0,27.0,voiture,deux_roues,1,1,6,1,3
202300032942,2023-10-07 19:05:00,2023,10,7,19,5,48,48080,Place de la Halle,44.72619,3.855128,Plein jour,En agglomération,Intersection en T,Normale,Autre collision,2,2,2,0,1,1,1,0,8,50,1,2,1,0,1,0,39.0,,voiture,,1,2,3,1,6
202300032942,2023-10-07 19:05:00,2023,10,7,19,5,48,48080,Place de la Halle,44.72619,3.855128,Plein jour,En agglomération,Intersection en T,Normale,Autre collision,2,1,1,0,2,2,1,0,1,30,1,2,1,0,1,0,39.0,,voiture,,1,2,3,1,6
202300032943,2023-10-09 01:45:00,2023,10,9,1,45,52,52332,D240,47.971634,5.545102,Nuit sans éclairage public,Hors agglomération,Hors intersection,Normale,Autre collision,3,2,2,0,2,1,1,0,3,80,1,2,1,0,1,0,20.0,,voiture,,3,1,1,1,6
202300032944,2023-10-08 14:45:00,2023,10,8,14,45,52,52135,D158,47.917514,5.678644,Plein jour,Hors agglomération,Hors intersection,Normale,Autre collision,3,2,2,0,2,2,1,0,3,80,1,1,0,0,0,1,64.0,,voiture,,1,1,1,1,6
202300032945,2023-09-30 17:55:00,2023,9,30,17,55,08,08413,Rue Reginald Flack,49.605266,4.19667,Crépuscule ou aube,Hors agglomération,Hors intersection,Temps éblouissant,Sans collision,3,2,2,0,1,4,1,0,3,80,1,2,0,0,2,0,48.0,,voiture,,2,1,1,7,7
202300032946,2023-10-07 16:10:00,2023,10,7,16,10,04,04112,A51,43.807825,5.813017,Plein jour,Hors agglomération,Hors intersection,Normale,Sans collision,1,3,4,0,1,1,1,7,1,50,1,2,1,0,0,1,66.0,,deux_roues,,1,1,1,1,7
202300032947,2023-10-09 09:55:00,2023,10,9,9,55,13,13008,Route de Pelissanne,43.661589,5.156145,Plein jour,En agglomération,Hors intersection,Normale,Sans collision,3,2,2,0,2,1,1,0,1,50,1,1,0,0,0,1,61.0,,deux_roues,,1,2,1,1,7
202300032948,2023-10-09 05:45:00,2023,10,9,5,45,13,13051,D113,43.584595,5.139349,Nuit avec éclairage allumé,Hors agglomération,Giratoire,Normale,Sans collision,3,2,1,0,1,1,1,0,3,50,1,1,0,0,0,1,54.0,,deux_roues,,5,1,6,1,7
202300032949,2023-10-08 17:20:00,2023,10,8,17,20,42,42279,21 Avenue Grégoire Chapoton,45.501753,4.256757,Plein jour,En agglomération,Hors intersection,Normale,Autre collision,3,2,2,0,1,1,1,0,1,50,1,1,0,0,1,0,53.0,,deux_roues,,1,2,1,1,6
202300032950,2023-10-09 03:18:00,2023,10,9,3,18,60,60229,"Autoroute A1, sens L/P, PK 63+000",49.36598801,2.7038877,Nuit sans éclairage public,Hors agglomération,Hors intersection,Normale,Trois véhicules et plus - collisions multiples,1,2,3,0,1,1,1,0,1,130,3,4,3,0,0,1,55.0,18.0,voiture,voiture,3,1,1,1,5
202300032951,2023-10-08 16:17:00,2023,10,8,16,17,60,60024,"Autoroute A1, sens Lille vers Paris, PK 67+600",49.406631,2.693946,Plein jour,Hors agglomération,Hors intersection,Normale,Autre collision,1,2,3,0,1,1,1,0,3,130,1,3,2,0,0,1,28.0,,voiture,,1,1,1,1,6
202300032952,2023-07-29 14:05:00,2023,7,29,14,5,976,97608,Route des Badamiers,-12.781079,45.278837,Plein jour,En agglomération,Intersection en Y,Normale,Deux véhicules - frontale,3,2,2,0,1,1,1,0,1,50,2,2,1,0,1,0,31.0,49.0,deux_roues,voiture,1,2,4,1,1
202300032952,2023-07-29 14:05:00,2023,7,29,14,5,976,97608,Route des Badamiers,-12.781079,45.278837,Plein jour,En agglomération,Intersection en Y,Normale,Deux véhicules - frontale,3,2, -1,-1,1,1,1,0,1,-1,2,2,1,0,1,0,31.0,49.0,deux_roues,voiture,1,2,4,1,1
202300032953,2023-10-08 20:20:00,2023,10,8,20,20,973,97311,Avenue Christophe Colomb,5.47676,-54.038551,Nuit avec éclairage allumé,En agglomération,Intersection en T,Normale,Deux véhicules - frontale,3,2,2,2,1,1,1,0,1,50,2,2,1,0,0,1,20.0,53.0,voiture,deux_roues,5,2,3,1,1