accident_id,datetime,annee,mois,jour,heure,minute,departement,commune_insee,adresse,latitude,longitude,luminosite,agglomeration,intersection,meteo,collision,catr,circ,nbv,vosp,prof,plan,surf,infra,situ,vma,nb_vehicules,nb_usagers,nb_indemnes,nb_tues,nb_blesses_hosp,nb_blesses_legers,age_cond_1,age_cond_2,veh_type_cond_1,veh_type_cond_2,lum_code,agg_code,int_code,atm_code,col_code
202300032953,2023-10-08 20:20:00,2023,10,8,20,20,973,97311,Avenue Christophe Colomb,5.47676,-54.038551,Nuit avec éclairage allumé,En agglomération,Intersection en T,Normale,Deux véhicules - frontale,3,2, -1,-1,1,1,1,0,1,-1,2,2,1,0,0,1,20.0,53.0,voiture,deux_roues,5,2,3,1,1
202300032954,2023-10-07 15:15:00,2023,10,7,15,15,973,97312,N1,5.184637,-52.914877,Plein jour,Hors agglomération,Hors intersection,Normale,Sans collision,2,2,2,0,1,1,1,0,3,80,1,6,0,0,2,4,38.0,,voiture,,1,1,1,1,7
202300032955,2023-10-07 17:20:00,2023,10,7,17,20,978,97801,rue de hollande,18.074486,-63.079526,Plein jour,En agglomération,Hors intersection,Temps éblouissant,Autre collision,2,2,2,0,1,1,1,0,1,50,1,2,1,0,0,1,,,voiture,,1,2,1,7,6
202300032956,2023-10-08 08:45:00,2023,10,8,8,45,77,77135,D201,48.657411,2.952082,Plein jour,Hors agglomération,Hors intersection,Normale,Sans collision,3,2,2,0,1,3,1,0,3,90,1,1,0,0,0,1,24.0,,voiture,,1,1,1,1,7
202300032957,2023-10-07 15:10:00,2023,10,7,15,10,95,95438,D159,49.132679,1.931577,Plein jour,Hors agglomération,Hors intersection,Normale,Sans collision,3,2,2,1,2,3,1,0,1,80,1,1,0,0,1,0,42.0,,deux_roues,,1,1,1,1,7
202300032958,2023-10-08 11:10:00,2023,10,8,11,10,78,78334,D58,48.723971,1.956173,Plein jour,En agglomération,Intersection en T,Normale,Deux véhicules - côté,3,2,2,0,2,1,1,0,1,50,2,2,1,0,0,1,56.0,62.0,voiture,deux_roues,1,2,3,1,3
202300032958,2023-10-08 11:10:00,2023,10,8,11,10,78,78334,D58,48.723971,1.956173,Plein jour,En agglomération,Intersection en T,Normale,Deux véhicules - côté,3,2,2,0,1,1,1,0,1,50,2,2,1,0,0,1,56.0,62.0,voiture,deux_roues,1,2,3,1,3
202300032959,2023-10-08 11:25:00,2023,10,8,11,25,30,30051,le Galissard,44.21835,4.015696,Plein jour,Hors agglomération,Hors intersection,Normale,Autre collision,2,2,2,0,1,1,1,0,3,80,1,1,0,1,0,0,73.0,,voiture,,1,1,1,1,6
202300032960,2023-10-05 12:15:00,2023,10,5,12,15,11,11076,1 Place de la Gare,43.312763,1.9504,Plein jour,En agglomération,Hors intersection,Normale,Autre collision,4,2,2,0,1,2,1,0,1,50,1,2,1,0,1,0,21.0,,voiture,,1,2,1,1,6
202300032961,2023-10-08 08:10:00,2023,10,8,8,10,34,34199,Route de Tourbes,43.450668,3.40559,Nuit sans éclairage public,Hors agglomération,Hors intersection,Normale,Sans collision,3,2,2,0,1,3,1,0,8,-1,1,1,0,1,0,0,71.0,,deux_roues,,3,1,1,1,7
202300032962,2023-10-07 16:18:00,2023,10,7,16,18,06,06134,Col de Valferrière (Selle),43.750994,6.730092,Plein jour,Hors agglomération,Hors intersection,Normale,Deux véhicules - côté,3,2,2,0,3,3,1,0,1,80,2,2,0,0,2,0,79.0,50.0,voiture,voiture,1,1,1,1,3
202300032963,2023-10-07 17:10:00,2023,10,7,17,10,06,06039,461 Route de Villevieille,43.811425,7.293532,Plein jour,En agglomération,Hors intersection,Normale,Autre collision,7,2,2,0,2,1,1,0,1,50,2,2,1,0,0,1,63.0,,deux_roues,voiture,1,2,1,1,6
202300032964,2023-10-06 00:40:00,2023,10,6,0,40,13,13086,Avenue du Repos,43.338166,5.601376,Nuit sans éclairage public,En agglomération,Giratoire,Normale,Deux véhicules - arrière,3,2,1,0,1,2,1,5,1,70,2,2,1,0,1,0,20.0,25.0,voiture,deux_roues,3,2,6,1,2
202300032965,2023-10-09 13:00:00,2023,10,9,13,0,13,13023,32 Chemin de Sainte Catherine,43.208734,5.631903,Plein jour,En agglomération,Hors intersection,Normale,Deux véhicules - frontale,4,2,2,0,3,1,1,0,1,50,2,2,1,0,1,0,53.0,46.0,deux_roues,voiture,1,2,1,1,1
202300032966,2023-10-08 08:40:00,2023,10,8,8,40,13,13059,D96,43.620932,5.506591,Plein jour,Hors agglomération,Hors intersection,Normale,Sans collision,3,2,2,0,2,3,1,0,8,80,1,1,0,1,0,0,19.0,,voiture,,1,1,1,1,7
202300032967,2023-10-06 14:25:00,2023,10,6,14,25,26,26002,Autoroute A7 PK033+000 sens S/N,45.242745,4.840336,Plein jour,Hors agglomération,Hors intersection,Normale,Deux véhicules - arrière,1,1,3,0,1,3,1,0,1,130,2,2,1,0,0,1,20.0,43.0,voiture,utilitaire_camion,1,1,1,1,2
202300032968,2023-10-08 12:17:00,2023,10,8,12,17,71,71026,D906,46.67213,4.871085,Plein jour,Hors agglomération,Hors intersection,Normale,Autre collision,3,2,2,0,2,1,1,0,3,90,1,3,2,0,0,1,26.0,,voiture,,1,1,1,1,6
202300032969,2023-10-07 19:15:00,2023,10,7,19,15,21,21590,Route de Bouilland,47.067137,4.807227,Nuit avec éclairage allumé,En agglomération,Hors intersection,Normale,Autre collision,3,2,2,0,1,1,1,9,3,-1,1,2,1,0,1,0,41.0,,utilitaire_camion,,5,2,1,1,6
202300032970,2023-10-08 18:00:00,2023,10,8,18,0,68,68247,Route départementale 27,47.940727,7.006273,Plein jour,Hors agglomération,Hors intersection,Normale,Sans collision,3,-1,2,0,2,2,1,0,3,70,1,1,0,0,0,1,29.0,,deux_roues,,1,1,1,1,7
202300032971,2023-10-08 17:05:00,2023,10,8,17,5,68,68069,D2,47.958404,7.476325,Plein jour,Hors agglomération,Hors intersection,Normale,Deux véhicules - frontale,3,2,2,0,1,1,1,0,1,80,2,3,0,0,1,2,20.0,54.0,voiture,voiture,1,1,1,1,1
202300032972,2023-10-08 19:15:00,2023,10,8,19,15,73,73186,D128B - Route du Plan Dernier,45.785654,6.549363,Crépuscule ou aube,Hors agglomération,Hors intersection,Normale,Deux véhicules - frontale,3,2,2,0,2,1,1,0,1,80,2,2,1,0,1,0,16.0,40.0,deux_roues,voiture,2,1,1,1,1
202300032973,2023-10-08 13:15:00,2023,10,8,13,15,73,73005,D59A - Aillon-le-Vieux,45.653258,6.076148,Plein jour,Hors agglomération,Hors intersection,Normale,Autre collision,3,2,2,0,2,3,1,0,3,80,1,3,0,1,1,1,21.0,,voiture,,1,1,1,1,6
202300032974,2023-10-09 16:30:00,2023,10,9,16,30,44,44035,51 Rue Hervé Le Guyader,47.287117,-1.557138,Plein jour,En agglomération,Hors intersection,Normale,Deux véhicules - frontale,7,2,2,0,1,1,1,5,1,50,2,2,1,0,1,0,79.0,40.0,voiture,voiture,1,2,1,1,1
202300032975,2023-10-09 00:30:00,2023,10,9,0,30,38,38407,1338 Route du Col,45.33358,5.659145,Nuit sans éclairage public,Hors agglomération,Hors intersection,Normale,Sans collision,3,2,2,0,2,2,1,0,1,70,1,1,0,0,1,0,24.0,,voiture,,3,1,1,1,7
202300032976,2023-10-08 19:00:00,2023,10,8,19,0,26,26235,Rue Pierre Larousse,44.361043,4.686425,Plein jour,Hors agglomération,Intersection en X,Normale,Deux véhicules - arrière,3,2,2,0,1,1,1,0,1,80,2,4,0,0,0,4,19.0,22.0,voiture,voiture,1,1,2,1,2
202300032976,2023-10-08 19:00:00,2023,10,8,19,0,26,26235,Rue Pierre Larousse,44.361043,4.686425,Plein jour,Hors agglomération,Intersection en X,Normale,Deux véhicules - arrière,3,2,2,0,1,1,1,0,1,70,2,4,0,0,0,4,19.0,22.0,voiture,voiture,1,1,2,1,2
202300032977,2023-10-08 12:40:00,2023,10,8,12,40,07,07264,Route departementale 290,44.322159,4.5504,Plein jour,Hors agglomération,Hors intersection,Normale,Sans collision,3,-1,2,0,2,4,1,0,8,90,1,1,0,0,1,0,35.0,,deux_roues,,1,1,1,1,7
202300032978,2023-10-05 18:25:00,2023,10,5,18,25,01,01262,Rue des Marronniers,45.851101,5.060875,Plein jour,En agglomération,Hors intersection,Normale,Autre collision,4,2,2,0,1,1,1,0,1,50,1,2,1,0,0,1,20.0,,voiture,,1,2,1,1,6
202300032979,2023-10-08 08:05:00,2023,10,8,8,5,69,69204,28 Rue des Collonges,45.693321,4.797619,Plein jour,En agglomération,Intersection en T,Normale,Deux véhicules - côté,4,2,2,0,1,1,1,0,1,30,2,2,1,0,0,1,52.0,,voiture,autre,1,2,3,1,3
202300032979,2023-10-08 08:05:00,2023,10,8,8,5,69,69204,28 Rue des Collonges,45.693321,4.797619,Plein jour,En agglomération,Intersection en T,Normale,Deux véhicules - côté,4,2,2,0,2,1,1,5,1,30,2,2,1,0,0,1,52.0,,voiture,autre,1,2,3,1,3
202300032980,2023-10-06 10:15:00,2023,10,6,10,15,81,81219,D92,43.573022,2.019403,Plein jour,Hors agglomération,Hors intersection,Normale,Sans collision,3,2,2,0,2,4,1,0,1,80,1,2,0,0,0,2,23.0,,deux_roues,,1,1,1,1,7
202300032981,2023-10-04 19:30:00,2023,10,4,19,30,81,81140,Route de Caraman,43.680454,1.814911,Nuit avec éclairage allumé,Hors agglomération,Intersection en Y,Normale,Deux véhicules - côté,3,2,2,0,1,1,1,0,1,70,2,2,1,0,1,0,18.0,44.0,voiture,deux_roues,5,1,4,1,3
202300032981,2023-10-04 19:30:00,2023,10,4,19,30,81,81140,Route de Caraman,43.680454,1.814911,Nuit avec éclairage allumé,Hors agglomération,Intersection en Y,Normale,Deux véhicules - côté,3,2, -1,-1,1,1,1,5,1,-1,2,2,1,0,1,0,18.0,44.0,voiture,deux_roues,5,1,4,1,3
202300032982,2023-10-06 21:15:00,2023,10,6,21,15,31,31187,Avenue de la Gare,43.533986,1.236492,Nuit avec éclairage allumé,En agglomération,Intersection en X,Normale,Deux véhicules - frontale,3,2,2,0,2,1,1,0,1,50,2,2,1,0,1,0,24.0,35.0,deux_roues,voiture,5,2,2,1,1
202300032982,2023-10-06 21:15:00,2023,10,6,21,15,31,31187,Avenue de la Gare,43.533986,1.236492,Nuit avec éclairage allumé,En agglomération,Intersection en X,Normale,Deux véhicules - frontale,3,2,2,0,1,1,1,0,1,50,2,2,1,0,1,0,24.0,35.0,deux_roues,voiture,5,2,2,1,1
202300032983,2023-10-06 21:25:00,2023,10,6,21,25,33,33435,D1113,44.570559,-0.216988,Nuit sans éclairage public,Hors agglomération,Hors intersection,Normale,Trois véhicules et plus - collisions multiples,3,2,2,0,1,1,1,0,1,80,3,4,0,1,2,1,89.0,55.0,voiture,voiture,3,1,1,1,5
202300032984,2023-10-07 17:20:00,2023,10,7,17,20,14,14325,Rue de la Croix Rose,49.284058,-0.329976,Plein jour,Hors agglomération,Intersection en T,Temps éblouissant,Deux véhicules - côté,3,2,2,0,1,1,1,5,1,80,2,2,1,0,1,0,21.0,41.0,voiture,voiture,1,1,3,7,3
202300032984,2023-10-07 17:20:00,2023,10,7,17,20,14,14325,Rue de la Croix Rose,49.284058,-0.329976,Plein jour,Hors agglomération,Intersection en T,Temps éblouissant,Deux véhicules - côté,3,2,2,0,1,1,1,5,1,80,2,2,1,0,1,0,21.0,41.0,voiture,voiture,1,1,3,7,3
202300032985,2023-10-08 20:20:00,2023,10,8,20,20,22,22093,Route de Trémilliac,48.472324,-2.533518,Nuit sans éclairage public,Hors agglomération,Intersection en X,Normale,Deux véhicules - arrière,3,2,2,2,1,1,1,5,1,80,2,2,0,0,0,2,28.0,20.0,deux_roues,deux_roues,3,1,2,1,2
202300032985,2023-10-08 20:20:00,2023,10,8,20,20,22,22093,Route de Trémilliac,48.472324,-2.533518,Nuit sans éclairage public,Hors agglomération,Intersection en X,Normale,Deux véhicules - arrière,3,2,2,0,1,1,1,0,8,50,2,2,0,0,0,2,28.0,20.0,deux_roues,deux_roues,3,1,2,1,2
202300032986,2023-10-07 13:10:00,2023,10,7,13,10,35,35343,La Lande de Pussac,47.85114555,-1.56415969,Plein jour,Hors agglomération,Hors intersection,Normale,Autre collision,3,2,2,0,1,1,1,0,1,80,1,1,0,0,1,0,25.0,,deux_roues,,1,1,1,1,6
202300032987,2023-10-08 14:50:00,2023,10,8,14,50,76,76495,Rue Bezuel,49.569328,0.952806,Plein jour,En agglomération,Intersection en X,Normale,Deux véhicules - côté,3,2,2,0,1,1,1,5,1,50,2,3,2,0,1,0,32.0,14.0,utilitaire_camion,deux_roues,1,2,2,1,3
202300032987,2023-10-08 14:50:00,2023,10,8,14,50,76,76495,Rue Bezuel,49.569328,0.952806,Plein jour,En agglomération,Intersection en X,Normale,Deux véhicules - côté,3,2,2,0,1,1,1,5,1,50,2,3,2,0,1,0,32.0,14.0,utilitaire_camion,deux_roues,1,2,2,1,3
202300032988,2023-10-08 11:30:00,2023,10,8,11,30,60,60581,Rue Jean Moulin,49.510526,2.439045,Plein jour,En agglomération,Intersection en X,Normale,Deux véhicules - côté,4,2,2,0,1,1,1,0,1,50,2,3,2,0,0,1,28.0,35.0,voiture,voiture,1,2,2,1,3
202300032988,2023-10-08 11:30:00,2023,10,8,11,30,60,60581,Rue Jean Moulin,49.510526,2.439045,Plein jour,En agglomération,Intersection en X,Normale,Deux véhicules - côté,4,2, -1,-1,1,1,1,0,1,-1,2,3,2,0,0,1,28.0,35.0,voiture,voiture,1,2,2,1,3
202300032989,2023-10-07 16:11:00,2023,10,7,16,11,13,13211,A50-Sens Marseille vers Aubagne,43.29273,5.47667,Plein jour,Hors agglomération,Hors intersection,Normale,Deux véhicules - arrière,1,1,3,0,1,1,1,0,1,90,2,3,1,0,0,2,32.0,36.0,voiture,voiture,1,1,1,1,2
202300032990,2023-10-08 07:50:00,2023,10,8,7,50,13,13210,A50-Sens Aubagne vers Marseille,43.28677,5.43306,Crépuscule ou aube,Hors agglomération,Hors intersection,Normale,Autre collision,1,3,3,0,1,1,1,0,8,70,1,2,1,0,1,0,20.0,,voiture,,2,1,1,1,6
202300032991,2023-10-07 12:36:00,2023,10,7,12,36,13,13085,A50-Sens Aubagne vers Toulon,43.25770567,5.59258189,Plein jour,Hors agglomération,Hors intersection,Normale,Deux véhicules - arrière,1,3,3,0,1,1,1,0,1,110,2,3,1,0,1,1,24.0,43.0,deux_roues,voiture,1,1,1,1,2
202300032992,2023-10-07 00:00:00,2023,10,7,0,0,13,13212,A507 sens Marseille - Aubagne,43.30207,5.42436,Nuit avec éclairage allumé,Hors agglomération,Hors intersection,Normale,Deux véhicules - arrière,1,3,3,0,2,1,1,0,1,70,2,2,0,0,0,2,25.0,43.0,voiture,voiture,5,1,1,1,2
202300032993,2023-10-08 11:35:00,2023,10,8,11,35,33,33550,ROCADE A 630,44.77910364,-0.55226684,Plein jour,Hors agglomération,Hors intersection,Normale,Deux véhicules - arrière,1,3,6,0,1,1,1,0,1,90,2,6,5,0,0,1,24.0,41.0,voiture,voiture,1,1,1,1,2
202300032994,2023-10-08 12:28:00,2023,10,8,12,28,94,94038,A6A,48.77779858,2.34644477,Plein jour,Hors agglomération,Hors intersection,Normale,Deux véhicules - arrière,1,-1,3,0,1,1,1,0,1,90,2,3,2,0,0,1,24.0,49.0,voiture,voiture,1,1,1,1,2
202300032995,2023-10-08 10:30:00,2023,10,8,10,30,91,91689,AUTOROUTE A6B,48.74588,2.32413,Plein jour,Hors agglomération,Hors intersection,Normale,Trois véhicules et plus - collisions multiples,1,1,3,0,1,1,1,0,1,110,3,3,2,0,0,1,64.0,50.0,voiture,voiture,1,1,1,1,5
202300032996,2023-10-08 02:34:00,2023,10,8,2,34,91,91689,AUTOROUTE A6A,48.7456,2.32526,Nuit sans éclairage public,Hors agglomération,Hors intersection,Normale,Deux véhicules - arrière,1,1,4,0,2,1,1,0,1,110,2,2,1,0,0,1,21.0,48.0,voiture,voiture,3,1,1,1,2
202300032997,2023-10-07 18:44:00,2023,10,7,18,44,94,94034,A6A,48.75691382,2.33507254,Plein jour,Hors agglomération,Hors intersection,Normale,Deux véhicules - côté,1,2,3,0,1,1,1,0,1,110,2,2,1,0,0,1,58.0,75.0,voiture,deux_roues,1,1,1,1,3
202300032998,2023-10-08 16:00:00,2023,10,8,16,0,93,93007,AUTOROUTE A3,48.92069124,2.47959998,Plein jour,Hors agglomération,Hors intersection,Normale,Deux véhicules - arrière,1,3,3,0,1,1,1,0,1,90,2,3,2,0,0,1,39.0,41.0,voiture,voiture,1,1,1,1,2
202300032999,2023-10-08 15:05:00,2023,10,8,15,5,93,93066,AUTOROUTE A1,48.92865,2.35891,Plein jour,Hors agglomération,Hors intersection,Normale,Deux véhicules - côté,1,-1,3,0,1,1,1,0,1,90,2,2,1,0,0,1,30.0,74.0,deux_roues,voiture,1,1,1,1,3
202300033000,2023-10-08 10:00:00,2023,10,8,10,0,93,93029,AUTOROUTE A86,48.92501602,2.42564723,Plein jour,Hors agglomération,Hors intersection,Normale,Deux véhicules - arrière,1,1,8,0,2,1,1,0,1,70,2,2,1,0,0,1,47.0,,voiture,voiture,1,1,1,1,2
202300033001,2023-10-07 20:45:00,2023,10,7,20,45,93,93005,AUTOROUTE A1,48.96267,2.47068,Nuit sans éclairage public,Hors agglomération,Hors intersection,Normale,Deux véhicules - arrière,1,1,4,0,1,1,1,0,1,90,2,2,1,0,0,1,21.0,39.0,deux_roues,voiture,3,1,1,1,2
202300033002,2023-10-07 10:10:00,2023,10,7,10,10,93,93078,AUTOROUTE A104,48.95866,2.52701,Plein jour,Hors agglomération,Hors intersection,Normale,Deux véhicules - arrière,1,3,3,0,1,3,1,0,1,90,2,2,1,0,0,1,24.0,20.0,voiture,voiture,1,1,1,1,2
202300033003,2023-10-07 20:40:00,2023,10,7,20,40,95,95500,A15,49.0408254,2.08207548,Nuit sans éclairage public,Hors agglomération,Hors intersection,Normale,Deux véhicules - arrière,1,3,4,0,1,1,1,0,1,90,2,2,1,0,0,1,22.0,31.0,voiture,voiture,3,1,1,1,2
202300033004,2023-10-08 17:05:00,2023,10,8,17,5,94,94018,A4,48.82318581,2.39579469,Plein jour,Hors agglomération,Hors intersection,Normale,Deux véhicules - côté,1,3,10,0,1,1,1,0,1,90,2,2,1,0,0,1,32.0,28.0,voiture,deux_roues,1,1,1,1,3
202300033005,2023-07-31 19:00:00,2023,7,31,19,0,73,73183,D19,45.52384361,5.9714777,Crépuscule ou aube,Hors agglomération,Hors intersection,Normale,Deux véhicules - frontale,3,2,2,0,1,1,1,0,1,70,2,2,0,0,1,1,53.0,28.0,voiture,utilitaire_camion,2,1,1,1,1
202300033006,2023-10-07 02:35:00,2023,10,7,2,35,974,97416,RN2 (2),-21.35336,55.51013,Nuit avec éclairage allumé,En agglomération,Hors intersection,Normale,Deux véhicules - arrière,2,1,2,0,1,1,1,0,1,50,2,2,1,0,0,1,54.0,34.0,utilitaire_camion,voiture,5,2,1,1,2
202300033007,2023-10-07 19:45:00,2023,10,7,19,45,974,97411,VINH-SAN (BLD 1 DU PRINCE),-20.8878,55.4429,Nuit sans éclairage public,Hors agglomération,Hors intersection,Normale,Autre collision,2,1,2,0,2,1,1,9,1,70,3,5,3,0,0,2,69.0,32.0,voiture,voiture,3,1,1,1,6
202300033008,2023-10-06 18:00:00,2023,10,6,18,0,973,97302,CESAIRE (CITE),4.93202789,-52.32170239,Plein jour,En agglomération,Hors intersection,Normale,Autre collision,4,2,2,0,1,1,1,0,1,50,1,2,1,0,0,1,61.0,,voiture,,1,2,1,1,6
202300033009,2023-10-06 09:25:00,2023,10,6,9,25,973,97302,BARRAT (DU DOCTEUR),4.93756,-52.32836,Plein jour,En agglomération,Hors intersection,Normale,Autre collision,4,2,2,0,1,1,1,0,1,50,1,2,1,0,0,1,44.0,,deux_roues,,1,2,1,1,6
202300033010,2023-10-07 18:20:00,2023,10,7,18,20,69,69388,Boulevard des Etats-Unis,45.72591993,4.87046629,Plein jour,En agglomération,Hors intersection,Normale,Autre collision,4,2,2,3,1,1,1,0,1,50,1,2,1,0,0,1,50.0,,deux_roues,,1,2,1,1,6
202300033011,2023-10-07 11:35:00,2023,10,7,11,35,69,69034,Montée des Soldats,45.79268,4.86024,Plein jour,En agglomération,Hors intersection,Normale,Deux véhicules - arrière,7,2,4,0,2,1,1,0,1,50,2,5,2,0,0,3,35.0,69.0,voiture,voiture,1,2,1,1,2
202300033012,2023-10-07 07:40:00,2023,10,7,7,40,69,69389,Rue Laure Diébold,45.77863,4.79821,Plein jour,En agglomération,Intersection en X,Normale,Deux véhicules - côté,4,2,2,0,1,1,1,0,1,30,2,2,1,0,0,1,25.0,20.0,voiture,deux_roues,1,2,2,1,3
202300033012,2023-10-07 07:40:00,2023,10,7,7,40,69,69389,Rue Laure Diébold,45.77863,4.79821,Plein jour,En agglomération,Intersection en X,Normale,Deux véhicules - côté,4,2,2,0,1,1,1,0,1,30,2,2,1,0,0,1,25.0,20.0,voiture,deux_roues,1,2,2,1,3
202300033013,2023-10-07 17:00:00,2023,10,7,17,0,95,95427,JULES FERRY (RUE),48.96294783,2.33895734,Plein jour,En agglomération,Intersection en X,Normale,Deux véhicules - côté,4,2,2,0,1,1,1,0,1,50,2,3,1,0,0,2,33.0,21.0,voiture,deux_roues,1,2,2,1,3
202300033013,2023-10-07 17:00:00,2023,10,7,17,0,95,95427,JULES FERRY (RUE),48.96294783,2.33895734,Plein jour,En agglomération,Intersection en X,Normale,Deux véhicules - côté,4,1,1,0,1,1,1,0,1,50,2,3,1,0,0,2,33.0,21.0,voiture,deux_roues,1,2,2,1,3
202300033014,2023-10-07 19:00:00,2023,10,7,19,0,95,95127,N14,49.05569089,2.04818845,Plein jour,Hors agglomération,Autre intersection,Normale,Trois véhicules et plus - en chaîne,2,1,3,0,1,1,1,0,1,110,3,5,4,0,0,1,76.0,42.0,utilitaire_camion,utilitaire_camion,1,1,9,1,4
202300033015,2023-10-06 17:51:00,2023,10,6,17,51,91,91549,CORBEIL (ROUTE DE),48.63858,2.33479,Plein jour,Hors agglomération,Autre intersection,Normale,Autre collision,3,-1,2,0,1,1,1,9,8,30,1,2,1,0,0,1,35.0,,voiture,,1,1,9,1,6
202300033016,2023-10-07 11:40:00,2023,10,7,11,40,91,91201,RUE EUGENE DELACROIX,48.67772,2.4226,Plein jour,En agglomération,Hors intersection,Normale,Deux véhicules - arrière,3,2,2,0,2,1,1,0,1,50,2,4,3,0,0,1,41.0,48.0,voiture,voiture,1,2,1,1,2
202300033017,2023-10-06 19:15:00,2023,10,6,19,15,78,78551,AMPERE,48.900464,2.080163,Nuit avec éclairage allumé,En agglomération,Intersection en X,Normale,Deux véhicules - côté,4,2,2,0,1,1,1,5,1,30,2,2,1,0,0,1,21.0,56.0,deux_roues,voiture,5,2,2,1,3
202300033017,2023-10-06 19:15:00,2023,10,6,19,15,78,78551,AMPERE,48.900464,2.080163,Nuit avec éclairage allumé,En agglomération,Intersection en X,Normale,Deux véhicules - côté,4,2,2,0,1,1,1,5,1,30,2,2,1,0,0,1,21.0,56.0,deux_roues,voiture,5,2,2,1,3
202300033018,2023-10-07 09:55:00,2023,10,7,9,55,78,78440,avenue de la République,48.98621,1.92058,Plein jour,En agglomération,Hors intersection,Normale,Deux véhicules - côté,4,2,0,0,1,1,1,0,1,50,2,5,4,0,0,1,49.0,33.0,voiture,voiture,1,2,1,1,3
202300033019,2023-10-07 18:30:00,2023,10,7,18,30,77,77215,RUE FRANCOIS COUPERIN,48.73624,2.73419,Plein jour,En agglomération,Hors intersection,Normale,Autre collision,4,2,2,0,1,1,1,9,1,30,1,2,1,0,1,0,41.0,,voiture,,1,2,1,1,6
202300033020,2023-10-07 18:00:00,2023,10,7,18,0,77,77079,PL DE L'EUROPE,48.40579,2.79906,Plein jour,En agglomération,Giratoire,Normale,Autre collision,4,3,2,0,1,2,1,0,1,50,1,2,1,0,0,1,49.0,,voiture,,1,2,6,1,6
202300033021,2023-10-07 17:05:00,2023,10,7,17,5,77,77285,BOIS GUYOT (RUE DU),48.53802,2.6228,Plein jour,En agglomération,Hors intersection,Normale,Deux véhicules - côté,4,2,2,0,1,1,1,9,1,50,2,2,1,0,1,0,31.0,9.0,voiture,deux_roues,1,2,1,1,3
202300033022,2023-10-06 18:34:00,2023,10,6,18,34,77,77307,RUE DE ROME,48.85896,2.75786,Crépuscule ou aube,En agglomération,Hors intersection,Temps éblouissant,Autre collision,4,2,2,3,1,1,1,0,1,50,1,2,1,0,0,1,69.0,,voiture,,2,2,1,7,6
202300033023,2023-10-07 21:50:00,2023,10,7,21,50,73,73011,D990 HUGO (AVENUE VICTOR),45.67218,6.38235,Nuit avec éclairage allumé,En agglomération,Hors intersection,Normale,Autre collision,3,2,2,0,1,1,1,0,1,30,1,2,1,0,0,1,32.0,,voiture,,5,2,1,1,6
202300033024,2023-10-07 20:41:00,2023,10,7,20,41,72,72181,BEAUREGARD (RUE DE),48.0285,0.1796,Nuit avec éclairage allumé,Hors agglomération,Autre intersection,Normale,Deux véhicules - côté,4,1,2,0,1,2,1,5,1,50,2,3,2,0,0,1,23.0,63.0,voiture,voiture,5,1,9,1,3
202300033025,2023-10-07 19:40:00,2023,10,7,19,40,69,69290,Rue de l'Aviation,45.70664,4.94031,Nuit avec éclairage allumé,En agglomération,Giratoire,Normale,Deux véhicules - frontale,4,1,2,2,1,3,1,0,1,50,2,2,1,0,0,1,25.0,50.0,voiture,deux_roues,5,2,6,1,1
202300033025,2023-10-07 19:40:00,2023,10,7,19,40,69,69290,Rue de l'Aviation,45.70664,4.94031,Nuit avec éclairage allumé,En agglomération,Giratoire,Normale,Deux véhicules - frontale,4,2,2,0,1,1,1,0,1,50,2,2,1,0,0,1,25.0,50.0,voiture,deux_roues,5,2,6,1,1
202300033026,2023-10-07 18:00:00,2023,10,7,18,0,69,69029,Route de Genas,45.7501555,4.91141292,Plein jour,En agglomération,Intersection en T,Normale,Deux véhicules - frontale,7,2,2,3,1,2,1,0,1,50,2,2,1,0,0,1,27.0,12.0,voiture,deux_roues,1,2,3,1,1
202300033026,2023-10-07 18:00:00,2023,10,7,18,0,69,69029,Route de Genas,45.7501555,4.91141292,Plein jour,En agglomération,Intersection en T,Normale,Deux véhicules - frontale,7,2,2,0,1,1,1,0,1,50,2,2,1,0,0,1,27.0,12.0,voiture,deux_roues,1,2,3,1,1
202300033027,2023-10-06 16:30:00,2023,10,6,16,30,69,69290,12 Avenue Jean Jaurès,45.69693,4.94074,Plein jour,En agglomération,Intersection en T,Normale,Autre collision,4,2,2,2,1,1,1,0,1,30,1,2,1,0,1,0,57.0,,voiture,,1,2,3,1,6
202300033027,2023-10-06 16:30:00,2023,10,6,16,30,69,69290,12 Avenue Jean Jaurès,45.69693,4.94074,Plein jour,En agglomération,Intersection en T,Normale,Autre collision,4,2,2,0,1,1,1,0,1,30,1,2,1,0,1,0,57.0,,voiture,,1,2,3,1,6
202300033028,2023-10-07 00:12:00,2023,10,7,0,12,69,69290,Route de Grenoble,45.71779,4.94948,Nuit avec éclairage non allumé,En agglomération,Giratoire,Normale,Autre collision,7,1,2,0,1,2,1,0,3,80,1,1,0,1,0,0,23.0,,deux_roues,,4,2,6,1,6
202300033028,2023-10-07 00:12:00,2023,10,7,0,12,69,69290,Route de Grenoble,45.71779,4.94948,Nuit avec éclairage non allumé,En agglomération,Giratoire,Normale,Autre collision,7,2,2,0,1,1,1,0,3,50,1,1,0,1,0,0,23.0,,deux_roues,,4,2,6,1,6
202300033029,2023-10-03 17:29:00,2023,10,3,17,29,68,68149,ABBATUCCI ( RUE ET PLACE ),47.59308,7.58332,Plein jour,En agglomération,Hors intersection,Normale,Autre collision,4,2,1,0,1,1,1,0,4,50,1,2,1,0,0,1,81.0,,voiture,,1,2,1,1,6