accident_id,datetime,annee,mois,jour,heure,minute,departement,commune_insee,adresse,latitude,longitude,luminosite,agglomeration,intersection,meteo,collision,catr,circ,nbv,vosp,prof,plan,surf,infra,situ,vma,nb_vehicules,nb_usagers,nb_indemnes,nb_tues,nb_blesses_hosp,nb_blesses_legers,age_cond_1,age_cond_2,veh_type_cond_1,veh_type_cond_2,lum_code,agg_code,int_code,atm_code,col_code
202300033030,2023-10-07 17:00:00,2023,10,7,17,0,67,67482,CHAMP DE MANOEUVRE (RUE DU),48.60211,7.71135,Plein jour,En agglomération,Hors intersection,Normale,Autre collision,4,2,2,0,1,1,1,0,1,50,1,2,1,0,0,1,26.0,,utilitaire_camion,,1,2,1,1,6
202300033031,2023-10-07 15:30:00,2023,10,7,15,30,67,67482,GENERAL DE GAULLE (AVENUE DU),48.58092,7.76979,Plein jour,En agglomération,Intersection en T,Normale,Deux véhicules - côté,4,3,6,1,1,2,1,0,1,50,2,2,1,0,0,1,81.0,22.0,voiture,deux_roues,1,2,3,1,3
202300033031,2023-10-07 15:30:00,2023,10,7,15,30,67,67482,GENERAL DE GAULLE (AVENUE DU),48.58092,7.76979,Plein jour,En agglomération,Intersection en T,Normale,Deux véhicules - côté,4,3,4,3,1,1,1,0,1,50,2,2,1,0,0,1,81.0,22.0,voiture,deux_roues,1,2,3,1,3
202300033032,2023-10-06 17:45:00,2023,10,6,17,45,64,64189,BENOIT PIERRE (BOULEVARD),43.3888,-1.6806,Plein jour,En agglomération,Hors intersection,Normale,Deux véhicules - frontale,3,2,2,0,1,1,1,0,1,50,2,4,2,0,0,2,60.0,61.0,voiture,transport_commun,1,2,1,1,1
202300033033,2023-10-07 15:05:00,2023,10,7,15,5,63,63113,Quinet / Kennedy,45.80362,3.11909,Plein jour,En agglomération,Giratoire,Normale,Deux véhicules - côté,7,3,4,-1,1,1,1,0,1,50,2,2,1,0,0,1,56.0,67.0,voiture,deux_roues,1,2,6,1,3
202300033033,2023-10-07 15:05:00,2023,10,7,15,5,63,63113,Quinet / Kennedy,45.80362,3.11909,Plein jour,En agglomération,Giratoire,Normale,Deux véhicules - côté,7,-1,2,0,1,2,1,5,1,50,2,2,1,0,0,1,56.0,67.0,voiture,deux_roues,1,2,6,1,3
202300033034,2023-10-07 02:43:00,2023,10,7,2,43,62,62895,D 165,50.48429346,2.84580231,Nuit sans éclairage public,Hors agglomération,Autre intersection,Normale,Autre collision,3,2,1,0,1,2,1,9,3,90,1,1,0,0,0,1,18.0,,voiture,,3,1,9,1,6
202300033035,2023-10-08 00:35:00,2023,10,8,0,35,59,59163,JAURES (RUE JEAN),50.67847,3.15572,Nuit avec éclairage allumé,En agglomération,Hors intersection,Normale,Autre collision,7,2,1,0,1,1,1,0,1,50,1,2,0,0,0,2,27.0,,voiture,,5,2,1,1,6
202300033036,2023-10-07 18:00:00,2023,10,7,18,0,59,59299,RIBOT (RUE ALEXANDRE),50.66521,3.18975,Plein jour,En agglomération,Hors intersection,Normale,Autre collision,4,1,1,1,1,1,1,0,1,50,1,2,1,0,1,0,28.0,,voiture,,1,2,1,1,6
202300033037,2023-10-07 10:10:00,2023,10,7,10,10,59,59350,LAMBRET OSCAR AVENUE,50.6168,3.03397,Plein jour,En agglomération,Hors intersection,Normale,Deux véhicules - côté,1,1,1,0,2,3,1,3,1,50,2,2,1,1,0,0,54.0,39.0,deux_roues,voiture,1,2,1,1,3
202300033038,2023-10-07 11:25:00,2023,10,7,11,25,54,54304,Boulevard des Aiguillettes,48.67934869,6.1425215,Plein jour,En agglomération,Intersection en X,Normale,Deux véhicules - arrière,4,3,4,0,1,1,1,0,1,50,2,3,1,0,0,2,31.0,50.0,voiture,voiture,1,2,2,1,2
202300033038,2023-10-07 11:25:00,2023,10,7,11,25,54,54304,Boulevard des Aiguillettes,48.67934869,6.1425215,Plein jour,En agglomération,Intersection en X,Normale,Deux véhicules - arrière,4,2,3,0,1,1,1,0,1,50,2,3,1,0,0,2,31.0,50.0,voiture,voiture,1,2,2,1,2
202300033039,2023-10-07 04:25:00,2023,10,7,4,25,54,54382,52 (ROUTE NATIONALE),49.55089,5.7889,Nuit sans éclairage public,Hors agglomération,Hors intersection,Brouillard / fumée,Deux véhicules - arrière,2,1,2,0,1,3,2,0,1,90,2,2,1,0,0,1,25.0,,voiture,voiture,3,1,1,5,2
202300033040,2023-10-08 00:44:00,2023,10,8,0,44,49,49007,PARCHEMINERIE,47.47364,-0.55304,Nuit avec éclairage allumé,En agglomération,Intersection en T,Normale,Sans collision,4,1,1,2,1,1,1,0,1,30,1,1,0,0,1,0,20.0,,deux_roues,,5,2,3,1,7
202300033040,2023-10-08 00:44:00,2023,10,8,0,44,49,49007,PARCHEMINERIE,47.47364,-0.55304,Nuit avec éclairage allumé,En agglomération,Intersection en T,Normale,Sans collision,4,1,1,2,1,1,1,0,1,30,1,1,0,0,1,0,20.0,,deux_roues,,5,2,3,1,7
202300033041,2023-10-07 19:49:00,2023,10,7,19,49,45,45234,1 Boulevard Saint-Euverte,47.90111,1.91922,Nuit avec éclairage allumé,En agglomération,Giratoire,Normale,Deux véhicules - frontale,4,-1,1,0,1,1,1,0,1,50,2,2,1,0,0,1,28.0,54.0,voiture,deux_roues,5,2,6,1,1
202300033041,2023-10-07 19:49:00,2023,10,7,19,49,45,45234,1 Boulevard Saint-Euverte,47.90111,1.91922,Nuit avec éclairage allumé,En agglomération,Giratoire,Normale,Deux véhicules - frontale,4,-1,2,0,1,1,1,0,1,50,2,2,1,0,0,1,28.0,54.0,voiture,deux_roues,5,2,6,1,1
202300033042,2023-10-07 03:15:00,2023,10,7,3,15,45,45274,D951 PR 86 + 773,47.86835,1.95742,Nuit sans éclairage public,Hors agglomération,Giratoire,Normale,Autre collision,3,1,2,0,1,1,1,0,1,70,1,3,2,0,0,1,22.0,,voiture,,3,1,6,1,6
202300033043,2023-10-06 16:40:00,2023,10,6,16,40,44,44184,33 Rue de la Paix et des Arts,47.27686,-2.21207,Plein jour,En agglomération,Hors intersection,Normale,Autre collision,4,4,0,2,1,1,1,0,6,50,1,3,2,0,1,0,17.0,,deux_roues,,1,2,1,1,6
202300033044,2023-10-07 09:25:00,2023,10,7,9,25,38,38053,LIBERATION,45.598,5.27395,Plein jour,En agglomération,Hors intersection,Normale,Deux véhicules - arrière,4,2,2,0,1,1,1,0,1,50,2,3,2,0,0,1,35.0,41.0,voiture,voiture,1,2,1,1,2
202300033045,2023-10-06 17:20:00,2023,10,6,17,20,33,33119,Avenue des Quatre Pavillons,44.86288,-0.51673,Plein jour,En agglomération,Intersection en T,Normale,Deux véhicules - côté,4,2,2,0,1,1,1,0,1,30,2,3,1,0,0,2,57.0,23.0,voiture,deux_roues,1,2,3,1,3
202300033045,2023-10-06 17:20:00,2023,10,6,17,20,33,33119,Avenue des Quatre Pavillons,44.86288,-0.51673,Plein jour,En agglomération,Intersection en T,Normale,Deux véhicules - côté,4,2,2,0,1,1,1,0,1,30,2,3,1,0,0,2,57.0,23.0,voiture,deux_roues,1,2,3,1,3
202300033046,2023-01-18 08:28:00,2023,1,18,8,28,10,10362,CD60,48.30213,4.02448,Plein jour,Hors agglomération,Giratoire,Normale,Deux véhicules - côté,3,1,1,0,1,2,7,3,1,50,2,2,1,0,0,1,59.0,21.0,utilitaire_camion,voiture,1,1,6,1,3
202300033046,2023-01-18 08:28:00,2023,1,18,8,28,10,10362,CD60,48.30213,4.02448,Plein jour,Hors agglomération,Giratoire,Normale,Deux véhicules - côté,3,1,1,0,1,1,1,3,1,50,2,2,1,0,0,1,59.0,21.0,utilitaire_camion,voiture,1,1,6,1,3
202300033047,2023-01-12 20:01:00,2023,1,12,20,1,10,10387,VICTOR HUGO (RUE),48.29133484,4.07098442,Nuit avec éclairage allumé,En agglomération,Intersection en X,Temps couvert,Deux véhicules - côté,4,2,10,0,1,1,1,0,1,50,2,2,1,0,0,1,48.0,19.0,voiture,voiture,5,2,2,8,3
202300033047,2023-01-12 20:01:00,2023,1,12,20,1,10,10387,VICTOR HUGO (RUE),48.29133484,4.07098442,Nuit avec éclairage allumé,En agglomération,Intersection en X,Temps couvert,Deux véhicules - côté,4,2,2,0,1,1,1,0,1,50,2,2,1,0,0,1,48.0,19.0,voiture,voiture,5,2,2,8,3
202300033048,2023-10-06 18:20:00,2023,10,6,18,20,33,33529,LECLERC (AVE DU GAL) DU 02 ET +,44.638822,-1.145904,Plein jour,En agglomération,Hors intersection,Normale,Deux véhicules - côté,3,2,2,0,1,1,1,0,1,50,2,2,1,0,0,1,47.0,61.0,deux_roues,voiture,1,2,1,1,3
202300033049,2023-01-19 10:30:00,2023,1,19,10,30,04,04112,PREMIER MAI AV.DU),43.82114,5.79825,Plein jour,En agglomération,Intersection en T,Vent fort / tempête,Sans collision,4,2,2,0,1,1,1,0,1,30,1,1,0,0,1,0,50.0,,deux_roues,,1,2,3,6,7
202300033049,2023-01-19 10:30:00,2023,1,19,10,30,04,04112,PREMIER MAI AV.DU),43.82114,5.79825,Plein jour,En agglomération,Intersection en T,Vent fort / tempête,Sans collision,4,2,2,0,1,1,9,0,1,50,1,1,0,0,1,0,50.0,,deux_roues,,1,2,3,6,7
202300033050,2023-01-19 20:15:00,2023,1,19,20,15,01,01014,POINT B (RUE DU),46.28396,5.66909,Nuit avec éclairage non allumé,En agglomération,Hors intersection,Temps couvert,Deux véhicules - côté,3,2,2,0,1,1,7,0,1,50,2,2,0,0,0,2,39.0,29.0,voiture,voiture,4,2,1,8,3
202300033051,2023-01-19 03:47:00,2023,1,19,3,47,75,75114,PORTE D ORLEANS,48.819228,2.329614,Nuit avec éclairage allumé,En agglomération,Hors intersection,Normale,Autre collision,4,1,2,0,1,1,1,0,1,70,1,1,0,0,0,1,26.0,,deux_roues,,5,2,1,1,6
202300033052,2023-01-19 18:48:00,2023,1,19,18,48,75,75116,BOULEVARD EXELMANS,48.843024,2.260105,Nuit avec éclairage allumé,En agglomération,Intersection en X,Pluie légère,Autre collision,4,2,4,0,1,2,2,0,1,50,1,2,1,0,1,0,24.0,,deux_roues,,5,2,2,2,6
202300033052,2023-01-19 18:48:00,2023,1,19,18,48,75,75116,BOULEVARD EXELMANS,48.843024,2.260105,Nuit avec éclairage allumé,En agglomération,Intersection en X,Pluie légère,Autre collision,4,1,1,0,1,1,2,0,1,30,1,2,1,0,1,0,24.0,,deux_roues,,5,2,2,2,6
202300033053,2023-10-07 22:00:00,2023,10,7,22,0,31,31555,AV DE FRONTON,43.6365,1.4333,Nuit avec éclairage allumé,En agglomération,Intersection en X,Normale,Deux véhicules - côté,4,2,2,0,1,1,1,5,1,50,2,2,1,0,0,1,21.0,23.0,voiture,deux_roues,5,2,2,1,3
202300033053,2023-10-07 22:00:00,2023,10,7,22,0,31,31555,AV DE FRONTON,43.6365,1.4333,Nuit avec éclairage allumé,En agglomération,Intersection en X,Normale,Deux véhicules - côté,4,2,2,0,1,1,1,5,1,50,2,2,1,0,0,1,21.0,23.0,voiture,deux_roues,5,2,2,1,3
202300033054,2023-01-18 20:05:00,2023,1,18,20,5,75,75105,BOULEVARD SAINT GERMAIN,48.851386,2.343172,Nuit avec éclairage allumé,En agglomération,Intersection en X,Normale,Deux véhicules - côté,4,2,4,0,1,1,1,0,1,30,2,2,1,0,0,1,50.0,41.0,deux_roues,voiture,5,2,2,1,3
202300033054,2023-01-18 20:05:00,2023,1,18,20,5,75,75105,BOULEVARD SAINT GERMAIN,48.851386,2.343172,Nuit avec éclairage allumé,En agglomération,Intersection en X,Normale,Deux véhicules - côté,4,1,3,3,1,1,1,0,1,30,2,2,1,0,0,1,50.0,41.0,deux_roues,voiture,5,2,2,1,3
202300033055,2023-10-07 07:52:00,2023,10,7,7,52,31,31555,RTE DE SAINT SIMON,43.577399,1.38949,Plein jour,En agglomération,Hors intersection,Normale,Autre collision,4,2,4,3,1,1,1,0,1,50,1,1,0,0,1,0,21.0,,deux_roues,,1,2,1,1,6
202300033056,2023-01-17 21:20:00,2023,1,17,21,20,75,75105,BOULEVARD SAINT MICHEL,48.840861,2.337333,Nuit avec éclairage allumé,En agglomération,Intersection en Y,Normale,Deux véhicules - côté,4,2,3,3,1,1,1,0,1,30,2,2,1,0,0,1,40.0,20.0,deux_roues,deux_roues,5,2,4,1,3
202300033056,2023-01-17 21:20:00,2023,1,17,21,20,75,75105,BOULEVARD SAINT MICHEL,48.840861,2.337333,Nuit avec éclairage allumé,En agglomération,Intersection en Y,Normale,Deux véhicules - côté,4,1, -1,-1,1,1,1,0,1,-1,2,2,1,0,0,1,40.0,20.0,deux_roues,deux_roues,5,2,4,1,3
202300033057,2023-01-18 18:20:00,2023,1,18,18,20,75,75120,RUE BELGRAND,48.864638,2.405585,Nuit avec éclairage allumé,En agglomération,Intersection en Y,Pluie légère,Autre collision,4,1, -1,-1,1,1,2,0,1,-1,1,2,1,0,0,1,42.0,,deux_roues,,5,2,4,2,6
202300033057,2023-01-18 18:20:00,2023,1,18,18,20,75,75120,RUE BELGRAND,48.864638,2.405585,Nuit avec éclairage allumé,En agglomération,Intersection en Y,Pluie légère,Autre collision,4,2,2,0,1,1,2,0,1,30,1,2,1,0,0,1,42.0,,deux_roues,,5,2,4,2,6
202300033058,2023-01-19 15:50:00,2023,1,19,15,50,75,75119,RUE DE MEAUX,48.882199,2.374522,Plein jour,En agglomération,Intersection en T,Normale,Deux véhicules - côté,4,1, -1,-1,1,1,1,0,1,-1,2,2,1,0,0,1,36.0,39.0,voiture,deux_roues,1,2,3,1,3
202300033058,2023-01-19 15:50:00,2023,1,19,15,50,75,75119,RUE DE MEAUX,48.882199,2.374522,Plein jour,En agglomération,Intersection en T,Normale,Deux véhicules - côté,4,1,1,0,1,1,1,0,1,30,2,2,1,0,0,1,36.0,39.0,voiture,deux_roues,1,2,3,1,3
202300033059,2023-01-18 22:50:00,2023,1,18,22,50,75,75119,RUE RIQUET,48.889703,2.368129,Nuit avec éclairage allumé,En agglomération,Intersection en X,Temps couvert,Autre collision,4,1,1,0,1,1,2,0,1,30,1,2,1,0,0,1,25.0,,voiture,,5,2,2,8,6
202300033059,2023-01-18 22:50:00,2023,1,18,22,50,75,75119,RUE RIQUET,48.889703,2.368129,Nuit avec éclairage allumé,En agglomération,Intersection en X,Temps couvert,Autre collision,4,1,1,0,1,2,2,0,1,30,1,2,1,0,0,1,25.0,,voiture,,5,2,2,8,6
202300033060,2023-10-07 10:03:00,2023,10,7,10,3,27,27229,FAUVILLE (RUE DE),49.028436,1.184315,Plein jour,En agglomération,Giratoire,Normale,Deux véhicules - côté,4,1,1,0,1,2,1,0,1,30,2,2,1,0,0,1,,18.0,voiture,deux_roues,1,2,6,1,3
202300033060,2023-10-07 10:03:00,2023,10,7,10,3,27,27229,FAUVILLE (RUE DE),49.028436,1.184315,Plein jour,En agglomération,Giratoire,Normale,Deux véhicules - côté,4,1,1,0,1,2,1,0,1,50,2,2,1,0,0,1,,18.0,voiture,deux_roues,1,2,6,1,3
202300033061,2023-01-19 11:20:00,2023,1,19,11,20,75,75109,RUE DES MARTYRS,48.878914,2.339831,Plein jour,En agglomération,Intersection en T,Normale,Deux véhicules - frontale,4,1, -1,-1,1,1,1,-1,5,-1,2,2,1,0,0,1,34.0,34.0,deux_roues,deux_roues,1,2,3,1,1
202300033061,2023-01-19 11:20:00,2023,1,19,11,20,75,75109,RUE DES MARTYRS,48.878914,2.339831,Plein jour,En agglomération,Intersection en T,Normale,Deux véhicules - frontale,4,2,2,1,2,1,1,-1,5,50,2,2,1,0,0,1,34.0,34.0,deux_roues,deux_roues,1,2,3,1,1
202300033062,2023-10-06 18:40:00,2023,10,6,18,40,27,27229,SEPTIEME CHASSEUR (RUE DU),49.02817,1.14616,Plein jour,En agglomération,Hors intersection,Normale,Autre collision,4,2,2,0,1,1,1,0,1,50,1,2,1,0,0,1,22.0,,voiture,,1,2,1,1,6
202300033063,2023-01-19 18:25:00,2023,1,19,18,25,75,75116,BOULEVARD LANNES,48.868832,2.273532,Nuit avec éclairage allumé,En agglomération,Intersection en T,Neige / grêle,Autre collision,4,2,3,0,1,1,5,8,1,50,1,1,0,0,0,1,51.0,,deux_roues,,5,2,3,4,6
202300033063,2023-01-19 18:25:00,2023,1,19,18,25,75,75116,BOULEVARD LANNES,48.868832,2.273532,Nuit avec éclairage allumé,En agglomération,Intersection en T,Neige / grêle,Autre collision,4,2, -1,-1,1,1,5,0,1,-1,1,1,0,0,0,1,51.0,,deux_roues,,5,2,3,4,6
202300033064,2023-01-19 20:40:00,2023,1,19,20,40,75,75115,RUE FREMICOURT,48.847621,2.299663,Nuit avec éclairage allumé,En agglomération,Hors intersection,Pluie légère,Deux véhicules - côté,4,-1,2,0,1,1,2,0,1,30,2,2,1,0,0,1,34.0,30.0,deux_roues,voiture,5,2,1,2,3
202300033065,2023-10-07 17:00:00,2023,10,7,17,0,26,26198,Route de Chateauneuf,44.53092,4.73641,Plein jour,Hors agglomération,Autre intersection,Normale,Autre collision,4,4,1,0,1,1,1,0,8,-1,1,2,1,0,0,1,24.0,,voiture,,1,1,9,1,6
202300033066,2023-01-19 19:10:00,2023,1,19,19,10,75,75115,RUE DE LA CROIX NIVERT,48.843735,2.295885,Nuit avec éclairage allumé,En agglomération,Intersection en T,Pluie légère,Sans collision,4,1, -1,-1,1,1,2,0,1,-1,1,1,0,0,0,1,33.0,,deux_roues,,5,2,3,2,7
202300033066,2023-01-19 19:10:00,2023,1,19,19,10,75,75115,RUE DE LA CROIX NIVERT,48.843735,2.295885,Nuit avec éclairage allumé,En agglomération,Intersection en T,Pluie légère,Sans collision,4,2,2,0,1,1,2,0,1,30,1,1,0,0,0,1,33.0,,deux_roues,,5,2,3,2,7
202300033067,2023-01-19 04:00:00,2023,1,19,4,0,75,75114,BOULEVARD ADOLPHE PINARD,48.824419,2.304796,Nuit avec éclairage allumé,En agglomération,Intersection en Y,Normale,Deux véhicules - arrière,4,1,1,0,1,1,1,0,1,50,2,2,1,0,0,1,56.0,54.0,utilitaire_camion,voiture,5,2,4,1,2
202300033067,2023-01-19 04:00:00,2023,1,19,4,0,75,75114,BOULEVARD ADOLPHE PINARD,48.824419,2.304796,Nuit avec éclairage allumé,En agglomération,Intersection en Y,Normale,Deux véhicules - arrière,4,1, -1,-1,1,1,1,0,1,-1,2,2,1,0,0,1,56.0,54.0,utilitaire_camion,voiture,5,2,4,1,2
202300033068,2023-10-07 06:20:00,2023,10,7,6,20,22,22278,HAREL-DE-LA-NOE (BD),48.51975,-2.74768,Nuit sans éclairage public,En agglomération,Hors intersection,Normale,Deux véhicules - côté,3,2,2,0,2,2,1,2,1,50,2,2,1,0,0,1,37.0,25.0,deux_roues,voiture,3,2,1,1,3
202300033069,2023-10-06 23:45:00,2023,10,6,23,45,18,18279,Rue France Bloch-sérazin,47.206937,2.077794,Nuit sans éclairage public,En agglomération,Hors intersection,Normale,Sans collision,4,2,2,0,1,1,1,0,4,50,1,2,1,0,0,1,26.0,,utilitaire_camion,,3,2,1,1,7
202300033070,2023-01-18 16:10:00,2023,1,18,16,10,75,75114,PLACE DENFERT ROCHEREAU,48.834969,2.331763,Plein jour,En agglomération,Place,Normale,Deux véhicules - côté,4,1, -1,-1,1,1,1,0,1,-1,2,4,2,0,0,2,42.0,33.0,voiture,transport_commun,1,2,7,1,3
202300033070,2023-01-18 16:10:00,2023,1,18,16,10,75,75114,PLACE DENFERT ROCHEREAU,48.834969,2.331763,Plein jour,En agglomération,Place,Normale,Deux véhicules - côté,4,1,2,0,1,2,1,0,1,30,2,4,2,0,0,2,42.0,33.0,voiture,transport_commun,1,2,7,1,3
202300033071,2023-01-19 20:50:00,2023,1,19,20,50,75,75112,RUE JOSEPH KESSEL,48.833763,2.382569,Nuit avec éclairage allumé,En agglomération,Intersection en X,Pluie légère,Deux véhicules - côté,4,3, -1,-1,1,1,2,0,1,-1,2,4,3,0,0,1,23.0,39.0,deux_roues,utilitaire_camion,5,2,2,2,3
202300033071,2023-01-19 20:50:00,2023,1,19,20,50,75,75112,RUE JOSEPH KESSEL,48.833763,2.382569,Nuit avec éclairage allumé,En agglomération,Intersection en X,Pluie légère,Deux véhicules - côté,4,2,4,0,1,1,2,0,1,30,2,4,3,0,0,1,23.0,39.0,deux_roues,utilitaire_camion,5,2,2,2,3
202300033072,2023-10-07 16:40:00,2023,10,7,16,40,15,15014,REPUBLIQUE (AVENUE DE LA),44.92706,2.44094,Plein jour,En agglomération,Hors intersection,Normale,Autre collision,4,2,2,0,1,1,1,0,1,50,1,2,1,0,1,0,66.0,,voiture,,1,2,1,1,6
202300033073,2023-01-19 18:40:00,2023,1,19,18,40,75,75109,RUE CHAUCHAT,48.874106,2.339766,Nuit avec éclairage allumé,En agglomération,Intersection en X,Pluie légère,Deux véhicules - côté,4,-1,1,0,1,1,2,0,1,30,2,2,1,0,0,1,28.0,20.0,voiture,deux_roues,5,2,2,2,3
202300033073,2023-01-19 18:40:00,2023,1,19,18,40,75,75109,RUE CHAUCHAT,48.874106,2.339766,Nuit avec éclairage allumé,En agglomération,Intersection en X,Pluie légère,Deux véhicules - côté,4,2,1,0,1,1,2,0,1,30,2,2,1,0,0,1,28.0,20.0,voiture,deux_roues,5,2,2,2,3
202300033074,2023-10-06 17:55:00,2023,10,6,17,55,14,14242,21 Rue de Lebisey,49.221821,-0.363826,Plein jour,En agglomération,Hors intersection,Normale,Deux véhicules - arrière,4,2,2,1,2,1,1,0,1,50,2,2,1,0,1,0,54.0,22.0,voiture,deux_roues,1,2,1,1,2
202300033075,2023-01-18 13:30:00,2023,1,18,13,30,75,75108,RUE DE SAINT PETERSBOURG,48.882719,2.326393,Plein jour,En agglomération,Hors intersection,Normale,Autre collision,4,2,2,0,2,1,1,0,1,30,1,2,1,0,0,1,30.0,,deux_roues,,1,2,1,1,6
202300033076,2023-01-19 15:40:00,2023,1,19,15,40,75,75102,BOULEVARD DE SEBASTOPOL,48.86442,2.351493,Plein jour,En agglomération,Intersection en X,Normale,Autre collision,4,2,4,1,1,1,1,-1,5,30,1,1,0,0,0,1,62.0,,deux_roues,,1,2,2,1,6
202300033076,2023-01-19 15:40:00,2023,1,19,15,40,75,75102,BOULEVARD DE SEBASTOPOL,48.86442,2.351493,Plein jour,En agglomération,Intersection en X,Normale,Autre collision,4,2,3,1,1,1,1,-1,5,30,1,1,0,0,0,1,62.0,,deux_roues,,1,2,2,1,6
202300033077,2023-01-18 11:00:00,2023,1,18,11,0,94,94078,Avenue du 8 Mai 1945 / Pont de Villeneuve le Roi,48.72776,2.4457,Plein jour,En agglomération,Intersection en T,Normale,Deux véhicules - frontale,2,2,2,1,1,1,1,2,1,50,2,2,1,0,1,0,24.0,22.0,utilitaire_camion,deux_roues,1,2,3,1,1
202300033077,2023-01-18 11:00:00,2023,1,18,11,0,94,94078,Avenue du 8 Mai 1945 / Pont de Villeneuve le Roi,48.72776,2.4457,Plein jour,En agglomération,Intersection en T,Normale,Deux véhicules - frontale,2,2,4,0,1,1,1,5,1,50,2,2,1,0,1,0,24.0,22.0,utilitaire_camion,deux_roues,1,2,3,1,1
202300033078,2023-10-07 17:25:00,2023,10,7,17,25,13,13210,L ARMEE D AFRIQUE (CHEMIN DE L'),43.28654531,5.415872,Plein jour,En agglomération,Hors intersection,Normale,Deux véhicules - frontale,4,2,2,0,1,1,1,0,1,50,3,4,2,0,0,2,,57.0,utilitaire_camion,voiture,1,2,1,1,1
202300033079,2023-01-19 10:45:00,2023,1,19,10,45,94,94043,Rue Gabriel Péri,48.80482,2.34476,Plein jour,En agglomération,Intersection en X,Normale,Deux véhicules - côté,3,3,2,0,1,1,1,0,1,30,2,3,2,0,0,1,42.0,21.0,deux_roues,voiture,1,2,2,1,3
202300033079,2023-01-19 10:45:00,2023,1,19,10,45,94,94043,Rue Gabriel Péri,48.80482,2.34476,Plein jour,En agglomération,Intersection en X,Normale,Deux véhicules - côté,3,3,3,3,1,2,1,0,1,30,2,3,2,0,0,1,42.0,21.0,deux_roues,voiture,1,2,2,1,3
202300033080,2023-01-19 13:45:00,2023,1,19,13,45,94,94022,Rue Georges Clémenceau,48.767217,2.407271,Plein jour,En agglomération,Hors intersection,Normale,Autre collision,4,1,1,0,1,1,1,0,1,30,1,2,1,0,1,0,,,utilitaire_camion,,1,2,1,1,6
202300033081,2023-10-07 18:20:00,2023,10,7,18,20,13,13209,MICHELET (BOULEVARD),43.25316,5.40224,Plein jour,En agglomération,Intersection en T,Normale,Deux véhicules - frontale,7,2,6,0,2,1,1,0,8,50,3,4,3,0,1,0,23.0,70.0,deux_roues,voiture,1,2,3,1,1
202300033081,2023-10-07 18:20:00,2023,10,7,18,20,13,13209,MICHELET (BOULEVARD),43.25316,5.40224,Plein jour,En agglomération,Intersection en T,Normale,Deux véhicules - frontale,7,2,6,3,1,1,1,0,1,50,3,4,3,0,1,0,23.0,70.0,deux_roues,voiture,1,2,3,1,1
202300033082,2023-01-19 08:18:00,2023,1,19,8,18,94,94022,9 Avenue Jean Jaurès,48.76456,2.406535,Crépuscule ou aube,En agglomération,Hors intersection,Neige / grêle,Deux véhicules - arrière,3,3,4,0,2,1,2,0,1,50,2,2,1,0,0,1,25.0,25.0,voiture,voiture,2,2,1,4,2
202300033083,2023-10-07 10:15:00,2023,10,7,10,15,13,13055,SAINT PIERRE (RUE),43.29238,5.40126,Plein jour,En agglomération,Hors intersection,Normale,Autre collision,7,3,4,3,1,1,1,5,1,50,1,2,1,0,0,1,58.0,,voiture,,1,2,1,1,6
202300033084,2023-01-19 15:35:00,2023,1,19,15,35,94,94017,36 Rue Louis Talamoni,48.81307033,2.51282483,Plein jour,En agglomération,Hors intersection,Normale,Deux véhicules - côté,3,2,4,3,1,1,1,0,1,50,2,2,1,0,0,1,48.0,19.0,deux_roues,voiture,1,2,1,1,3
202300033085,2023-10-07 09:40:00,2023,10,7,9,40,13,13205,JEAN MOULIN (BOULEVARD),43.28898,5.40015,Plein jour,En agglomération,Hors intersection,Normale,Deux véhicules - côté,4,3,4,0,1,1,1,0,1,50,2,2,1,0,1,0,49.0,54.0,voiture,deux_roues,1,2,1,1,3
202300033086,2023-01-17 16:30:00,2023,1,17,16,30,93,93039,Rue Méchin / Avenue Jean Jaurés,48.935743,2.338611,Plein jour,En agglomération,Intersection en X,Normale,Deux véhicules - côté,3,2,2,0,1,1,1,0,1,50,2,2,1,0,0,1,21.0,57.0,voiture,deux_roues,1,2,2,1,3
202300033086,2023-01-17 16:30:00,2023,1,17,16,30,93,93039,Rue Méchin / Avenue Jean Jaurés,48.935743,2.338611,Plein jour,En agglomération,Intersection en X,Normale,Deux véhicules - côté,3,3,4,0,1,1,1,9,1,50,2,2,1,0,0,1,21.0,57.0,voiture,deux_roues,1,2,2,1,3
202300033087,2023-01-19 00:20:00,2023,1,19,0,20,93,93064,Rue du Général Leclerc,48.86830939,2.49180168,Nuit avec éclairage allumé,En agglomération,Hors intersection,Temps couvert,Autre collision,3,1,1,1,1,1,2,0,1,30,1,2,1,0,0,1,,,autre,,5,2,1,8,6
202300033088,2023-10-06 22:20:00,2023,10,6,22,20,13,13047,RN 569,43.51645,4.96385,Nuit sans éclairage public,Hors agglomération,Hors intersection,Normale,Deux véhicules - frontale,2,2,2,0,1,1,1,0,1,80,3,6,0,1,0,5,20.0,22.0,voiture,voiture,3,1,1,1,1
202300033089,2023-01-19 08:35:00,2023,1,19,8,35,93,93031,Avenue Jean Jaurès,48.95305387,2.31600702,Plein jour,En agglomération,Hors intersection,Normale,Deux véhicules - côté,3,1,2,0,1,1,1,0,1,50,2,2,1,0,0,1,23.0,52.0,voiture,voiture,1,2,1,1,3
202300033090,2023-10-07 15:10:00,2023,10,7,15,10,10,10387,Avenue des Lombards,48.27013,4.0822,Plein jour,En agglomération,Hors intersection,Normale,Autre collision,4,2,2,0,1,1,1,6,1,50,1,2,1,0,0,1,29.0,,voiture,,1,2,1,1,6