accident_id,datetime,annee,mois,jour,heure,minute,departement,commune_insee,adresse,latitude,longitude,luminosite,agglomeration,intersection,meteo,collision,catr,circ,nbv,vosp,prof,plan,surf,infra,situ,vma,nb_vehicules,nb_usagers,nb_indemnes,nb_tues,nb_blesses_hosp,nb_blesses_legers,age_cond_1,age_cond_2,veh_type_cond_1,veh_type_cond_2,lum_code,agg_code,int_code,atm_code,col_code
202300033091,2023-01-18 18:50:00,2023,1,18,18,50,93,93010,Rue du Verger,48.91815001,2.47684888,Nuit avec éclairage allumé,En agglomération,Giratoire,Pluie légère,Deux véhicules - arrière,4,2,2,0,1,2,2,9,8,30,2,2,1,0,0,1,47.0,49.0,deux_roues,voiture,5,2,6,2,2
202300033092,2023-01-19 19:13:00,2023,1,19,19,13,93,93007,Avenue Paul Vaillant Couturier / Avenue Danielle Casanova,48.92689,2.47219,Nuit avec éclairage allumé,En agglomération,Intersection en X,Pluie légère,Deux véhicules - côté,3,1,1,-1,1,1,2,0,1,-1,2,2,1,0,0,1,,26.0,voiture,deux_roues,5,2,2,2,3
202300033092,2023-01-19 19:13:00,2023,1,19,19,13,93,93007,Avenue Paul Vaillant Couturier / Avenue Danielle Casanova,48.92689,2.47219,Nuit avec éclairage allumé,En agglomération,Intersection en X,Pluie légère,Deux véhicules - côté,3,2,2,0,1,1,2,0,1,50,2,2,1,0,0,1,,26.0,voiture,deux_roues,5,2,2,2,3
202300033093,2023-10-07 12:19:00,2023,10,7,12,19,10,10081,MOULIN (RUE DU),48.30819,4.03504,Plein jour,En agglomération,Intersection en T,Normale,Deux véhicules - côté,4,-1,1,0,1,1,1,0,1,50,2,2,1,0,0,1,,13.0,voiture,deux_roues,1,2,3,1,3
202300033093,2023-10-07 12:19:00,2023,10,7,12,19,10,10081,MOULIN (RUE DU),48.30819,4.03504,Plein jour,En agglomération,Intersection en T,Normale,Deux véhicules - côté,4,2,2,0,1,1,1,0,1,50,2,2,1,0,0,1,,13.0,voiture,deux_roues,1,2,3,1,3
202300033094,2023-01-18 13:30:00,2023,1,18,13,30,92,92073,VERDUN (RUE DE),48.87220276,2.22853214,Plein jour,En agglomération,Hors intersection,Normale,Autre collision,4,1,2,1,1,1,1,0,1,30,1,2,0,0,0,2,24.0,,deux_roues,,1,2,1,1,6
202300033095,2023-01-19 08:05:00,2023,1,19,8,5,92,92050,COMMUNE DE PARIS AVENUE DE LA,48.89976,2.19955,Nuit avec éclairage non allumé,En agglomération,Hors intersection,Normale,Autre collision,3,1,2,0,1,1,1,0,1,50,1,2,1,0,0,1,34.0,,voiture,,4,2,1,1,6
202300033096,2023-10-07 20:55:00,2023,10,7,20,55,06,06088,MERCANTOUR (BD),43.681969,7.198893,Nuit avec éclairage allumé,En agglomération,Intersection à plus de 4 branches,Normale,Deux véhicules - côté,7,2,3,1,1,1,1,5,8,50,2,2,1,1,0,0,54.0,49.0,voiture,deux_roues,5,2,5,1,3
202300033096,2023-10-07 20:55:00,2023,10,7,20,55,06,06088,MERCANTOUR (BD),43.681969,7.198893,Nuit avec éclairage allumé,En agglomération,Intersection à plus de 4 branches,Normale,Deux véhicules - côté,7,2,4,0,1,1,1,0,1,70,2,2,1,1,0,0,54.0,49.0,voiture,deux_roues,5,2,5,1,3
202300033097,2023-01-19 20:00:00,2023,1,19,20,0,92,92048,GARDES (ROUTE DES) N° 5 A 51,48.81886363,2.23464578,Nuit avec éclairage allumé,En agglomération,Intersection en X,Pluie légère,Sans collision,3,2,2,0,2,1,2,5,1,50,1,1,0,0,0,1,23.0,,deux_roues,,5,2,2,2,7
202300033097,2023-01-19 20:00:00,2023,1,19,20,0,92,92048,GARDES (ROUTE DES) N° 5 A 51,48.81886363,2.23464578,Nuit avec éclairage allumé,En agglomération,Intersection en X,Pluie légère,Sans collision,3,2,2,0,2,1,2,5,1,30,1,1,0,0,0,1,23.0,,deux_roues,,5,2,2,2,7
202300033098,2023-01-18 19:24:00,2023,1,18,19,24,92,92024,MADAME DE SANZILLON (RUE),48.90362,2.31864,Nuit avec éclairage allumé,En agglomération,Hors intersection,Autre,Sans collision,3,2,2,0,1,1,2,9,1,50,1,1,0,0,0,1,51.0,,deux_roues,,5,2,1,9,7
202300033099,2023-10-07 22:45:00,2023,10,7,22,45,06,06123,DE GAULLE GENERAL AVENUE,43.6671,7.1925,Nuit avec éclairage allumé,En agglomération,Intersection en T,Normale,Deux véhicules - côté,4,2,2,0,1,1,1,5,1,50,2,4,2,0,2,0,25.0,20.0,voiture,deux_roues,5,2,3,1,3
202300033099,2023-10-07 22:45:00,2023,10,7,22,45,06,06123,DE GAULLE GENERAL AVENUE,43.6671,7.1925,Nuit avec éclairage allumé,En agglomération,Intersection en T,Normale,Deux véhicules - côté,4,1,1,0,2,1,1,0,1,50,2,4,2,0,2,0,25.0,20.0,voiture,deux_roues,5,2,3,1,3
202300033100,2023-01-19 21:18:00,2023,1,19,21,18,92,92012,REINE (ROUTE DE LA) 82/FIN - 107TER/FIN,48.83971191,2.23976952,Nuit avec éclairage allumé,En agglomération,Intersection en X,Pluie légère,Deux véhicules - côté,3,2,1,2,1,1,2,0,1,50,2,2,1,0,0,1,26.0,21.0,deux_roues,voiture,5,2,2,2,3
202300033100,2023-01-19 21:18:00,2023,1,19,21,18,92,92012,REINE (ROUTE DE LA) 82/FIN - 107TER/FIN,48.83971191,2.23976952,Nuit avec éclairage allumé,En agglomération,Intersection en X,Pluie légère,Deux véhicules - côté,3,1,1,0,1,1,2,0,1,50,2,2,1,0,0,1,26.0,21.0,deux_roues,voiture,5,2,2,2,3
202300033101,2023-01-19 18:30:00,2023,1,19,18,30,92,92012,AUTEUIL (BOULEVARD D') - COTE IMPAIR,48.84613,2.24814,Nuit avec éclairage allumé,En agglomération,Hors intersection,Normale,Deux véhicules - arrière,4,2,2,0,1,1,1,0,1,50,2,2,1,0,0,1,33.0,58.0,voiture,voiture,5,2,1,1,2
202300033102,2023-10-07 21:00:00,2023,10,7,21,0,75,75118,PORTE DE SAINT OUEN,48.900787,2.338559,Nuit avec éclairage allumé,En agglomération,Hors intersection,Normale,Deux véhicules - arrière,4,1,4,0,1,1,1,0,1,70,2,3,2,0,0,1,29.0,40.0,voiture,deux_roues,5,2,1,1,2
202300033103,2023-01-18 21:40:00,2023,1,18,21,40,92,92002,DIVISION LECLERC (53 A 217 - 58 A 186),48.73861,2.30205,Nuit avec éclairage allumé,En agglomération,Autre intersection,Pluie légère,Autre collision,3,1,2,0,1,1,2,0,1,50,1,2,1,0,0,1,,,autre,,5,2,9,2,6
202300033104,2023-01-18 17:32:00,2023,1,18,17,32,13,13215,A7-Sens Lyon vers Marseille,43.379,5.355,Crépuscule ou aube,Hors agglomération,Hors intersection,Normale,Sans collision,1,1,3,0,1,2,1,0,1,90,1,1,0,0,0,1,30.0,,deux_roues,,2,1,1,1,7
202300033105,2023-10-06 17:10:00,2023,10,6,17,10,75,75118,PORTE D AUBERVILLIERS,48.90086,2.365712,Plein jour,En agglomération,Hors intersection,Normale,Deux véhicules - arrière,4,1,4,0,1,1,1,1,1,70,2,2,1,0,0,1,37.0,26.0,utilitaire_camion,deux_roues,1,2,1,1,2
202300033106,2023-01-19 07:00:00,2023,1,19,7,0,83,83069,A570,43.11537,6.11426,Nuit sans éclairage public,Hors agglomération,Hors intersection,Normale,Autre collision,1,1,1,0,2,3,1,3,1,70,1,1,0,0,0,1,36.0,,voiture,,3,1,1,1,6
202300033107,2023-01-18 07:22:00,2023,1,18,7,22,69,69297,Autoroute 7 ,45.62081285,4.81335354,Nuit sans éclairage public,Hors agglomération,Hors intersection,Normale,Deux véhicules - côté,1,3,6,0,1,1,1,0,1,110,2,2,1,0,0,1,,39.0,voiture,utilitaire_camion,3,1,1,1,3
202300033108,2023-10-06 16:00:00,2023,10,6,16,0,75,75119,PORTE DE PANTIN,48.896021,2.394351,Plein jour,En agglomération,Hors intersection,Normale,Trois véhicules et plus - collisions multiples,4,1,4,0,1,1,1,0,1,70,4,4,3,0,0,1,29.0,30.0,utilitaire_camion,deux_roues,1,2,1,1,5
202300033109,2023-01-19 17:42:00,2023,1,19,17,42,33,33487,AUTOROUTE A 10,44.95442,-0.45581,Nuit avec éclairage non allumé,Hors agglomération,Hors intersection,Pluie forte,Deux véhicules - arrière,1,3,6,0,2,2,2,2,1,130,2,2,1,0,0,1,48.0,50.0,voiture,voiture,4,1,1,3,2
202300033110,2023-01-19 16:25:00,2023,1,19,16,25,91,91553,RN 104,48.631438,2.504346,Plein jour,Hors agglomération,Hors intersection,Normale,Autre collision,2,3,6,0,1,1,1,0,1,110,1,1,0,0,0,1,53.0,,utilitaire_camion,,1,1,1,1,6
202300033111,2023-10-07 00:55:00,2023,10,7,0,55,75,75108,RUE DES MATHURINS,48.873307,2.3243,Nuit avec éclairage allumé,En agglomération,Intersection en X,Normale,Deux véhicules - côté,4,1,1,0,1,1,1,8,1,30,2,2,1,0,1,0,42.0,58.0,deux_roues,voiture,5,2,2,1,3
202300033111,2023-10-07 00:55:00,2023,10,7,0,55,75,75108,RUE DES MATHURINS,48.873307,2.3243,Nuit avec éclairage allumé,En agglomération,Intersection en X,Normale,Deux véhicules - côté,4,1,1,0,1,1,1,8,1,30,2,2,1,0,1,0,42.0,58.0,deux_roues,voiture,5,2,2,1,3
202300033112,2023-01-19 12:35:00,2023,1,19,12,35,94,94076,A6B,48.79309594,2.34508279,Plein jour,Hors agglomération,Hors intersection,Normale,Deux véhicules - côté,1,1,3,0,1,1,1,0,1,110,2,2,1,0,0,1,62.0,42.0,voiture,utilitaire_camion,1,1,1,1,3
202300033113,2023-10-04 14:00:00,2023,10,4,14,0,75,75106,BOULEVARD RASPAIL,48.845227,2.328535,Plein jour,En agglomération,Intersection en X,Normale,Sans collision,4,1,2,0,1,1,1,0,1,30,1,1,0,0,0,1,39.0,,deux_roues,,1,2,2,1,7
202300033113,2023-10-04 14:00:00,2023,10,4,14,0,75,75106,BOULEVARD RASPAIL,48.845227,2.328535,Plein jour,En agglomération,Intersection en X,Normale,Sans collision,4,1, -1,-1,1,1,1,0,1,-1,1,1,0,0,0,1,39.0,,deux_roues,,1,2,2,1,7
202300033114,2023-10-07 20:25:00,2023,10,7,20,25,75,75120,RUE SAINT BLAISE,48.859696,2.404855,Nuit avec éclairage allumé,En agglomération,Intersection en T,Normale,Autre collision,4,1, -1,-1,1,1,1,0,1,-1,1,2,1,0,0,1,28.0,,deux_roues,,5,2,3,1,6
202300033114,2023-10-07 20:25:00,2023,10,7,20,25,75,75120,RUE SAINT BLAISE,48.859696,2.404855,Nuit avec éclairage allumé,En agglomération,Intersection en T,Normale,Autre collision,4,1,1,0,2,1,1,0,1,20,1,2,1,0,0,1,28.0,,deux_roues,,5,2,3,1,6
202300033115,2023-10-07 16:45:00,2023,10,7,16,45,75,75120,BOULEVARD DAVOUT,48.863697,2.408635,Plein jour,En agglomération,Hors intersection,Normale,Autre collision,4,1,2,0,1,1,1,0,1,50,1,2,1,0,0,1,23.0,,deux_roues,,1,2,1,1,6
202300033116,2023-01-19 07:50:00,2023,1,19,7,50,94,94034,A86,48.76061147,2.31935953,Crépuscule ou aube,Hors agglomération,Hors intersection,Temps couvert,Trois véhicules et plus - en chaîne,1,3,4,0,1,1,1,1,1,90,3,4,3,0,0,1,31.0,37.0,voiture,voiture,2,1,1,8,4
202300033117,2023-10-07 16:30:00,2023,10,7,16,30,75,75119,AVENUE CORENTIN CARIOU,48.895845,2.383548,Plein jour,En agglomération,Intersection en X,Normale,Deux véhicules - côté,4,2,6,1,1,1,1,5,1,30,2,2,1,0,0,1,39.0,42.0,voiture,deux_roues,1,2,2,1,3
202300033117,2023-10-07 16:30:00,2023,10,7,16,30,75,75119,AVENUE CORENTIN CARIOU,48.895845,2.383548,Plein jour,En agglomération,Intersection en X,Normale,Deux véhicules - côté,4,1,1,0,1,1,1,0,1,30,2,2,1,0,0,1,39.0,42.0,voiture,deux_roues,1,2,2,1,3
202300033118,2023-10-07 01:15:00,2023,10,7,1,15,75,75118,RUE ORDENER,48.890236,2.359905,Nuit avec éclairage allumé,En agglomération,Intersection en X,Normale,Deux véhicules - frontale,4,2, -1,-1,1,1,1,0,1,-1,2,2,1,0,0,1,21.0,,voiture,deux_roues,5,2,2,1,1
202300033118,2023-10-07 01:15:00,2023,10,7,1,15,75,75118,RUE ORDENER,48.890236,2.359905,Nuit avec éclairage allumé,En agglomération,Intersection en X,Normale,Deux véhicules - frontale,4,-1,2,0,1,1,1,0,1,30,2,2,1,0,0,1,21.0,,voiture,deux_roues,5,2,2,1,1
202300033119,2023-01-19 07:40:00,2023,1,19,7,40,94,94003,A6A,48.80756471,2.34094016,Nuit sans éclairage public,Hors agglomération,Hors intersection,Temps couvert,Deux véhicules - côté,1,1,3,0,2,1,1,8,1,50,2,2,1,0,0,1,43.0,44.0,utilitaire_camion,deux_roues,3,1,1,8,3
202300033120,2023-10-07 08:40:00,2023,10,7,8,40,75,75117,AVENUE NIEL,48.881957,2.295914,Plein jour,En agglomération,Intersection en X,Normale,Deux véhicules - côté,4,2,2,0,1,1,1,0,1,30,2,3,1,0,0,2,38.0,76.0,deux_roues,voiture,1,2,2,1,3
202300033120,2023-10-07 08:40:00,2023,10,7,8,40,75,75117,AVENUE NIEL,48.881957,2.295914,Plein jour,En agglomération,Intersection en X,Normale,Deux véhicules - côté,4,1, -1,-1,1,1,1,0,1,-1,2,3,1,0,0,2,38.0,76.0,deux_roues,voiture,1,2,2,1,3
202300033121,2023-10-06 13:00:00,2023,10,6,13,0,75,75116,AVENUE ALPHONSE XIII,48.85621,2.281649,Plein jour,En agglomération,Intersection en T,Normale,Deux véhicules - côté,4,2,2,0,1,1,1,0,1,30,2,2,1,0,0,1,29.0,56.0,deux_roues,utilitaire_camion,1,2,3,1,3
202300033121,2023-10-06 13:00:00,2023,10,6,13,0,75,75116,AVENUE ALPHONSE XIII,48.85621,2.281649,Plein jour,En agglomération,Intersection en T,Normale,Deux véhicules - côté,4,1,1,0,1,1,1,0,1,30,2,2,1,0,0,1,29.0,56.0,deux_roues,utilitaire_camion,1,2,3,1,3
202300033122,2023-01-19 20:30:00,2023,1,19,20,30,93,93006,AUTOROUTE A3,48.86425,2.41412,Nuit avec éclairage allumé,Hors agglomération,Hors intersection,Normale,Autre collision,1,1,1,0,2,3,1,0,1,70,1,1,0,0,0,1,22.0,,deux_roues,,5,1,1,1,6
202300033123,2023-10-07 21:00:00,2023,10,7,21,0,75,75115,RUE OLIVIER DE SERRES,48.836137,2.297234,Nuit avec éclairage allumé,En agglomération,Intersection en X,Normale,Autre collision,4,1, -1,-1,1,1,1,0,1,-1,1,2,1,0,0,1,27.0,,voiture,,5,2,2,1,6
202300033123,2023-10-07 21:00:00,2023,10,7,21,0,75,75115,RUE OLIVIER DE SERRES,48.836137,2.297234,Nuit avec éclairage allumé,En agglomération,Intersection en X,Normale,Autre collision,4,1, -1,0,2,1,1,0,1,30,1,2,1,0,0,1,27.0,,voiture,,5,2,2,1,6
202300033124,2023-10-07 10:41:00,2023,10,7,10,41,75,75114,AVENUE PAUL APPELL,48.821684,2.326675,Plein jour,En agglomération,Intersection en T,Normale,Autre collision,4,2,2,0,1,1,1,0,1,30,1,2,1,0,0,1,55.0,,voiture,,1,2,3,1,6
202300033124,2023-10-07 10:41:00,2023,10,7,10,41,75,75114,AVENUE PAUL APPELL,48.821684,2.326675,Plein jour,En agglomération,Intersection en T,Normale,Autre collision,4,2, -1,-1,1,1,1,0,1,-1,1,2,1,0,0,1,55.0,,voiture,,1,2,3,1,6
202300033125,2023-01-19 13:30:00,2023,1,19,13,30,93,93066,AUTOROUTE A86,48.92279781,2.35128419,Plein jour,Hors agglomération,Hors intersection,Normale,Deux véhicules - côté,1,1,3,0,1,1,1,0,1,70,2,2,1,0,1,0,36.0,33.0,voiture,deux_roues,1,1,1,1,3
202300033126,2023-10-06 06:40:00,2023,10,6,6,40,75,75114,AVENUE DU GENERAL LECLERC,48.829591,2.3284,Nuit avec éclairage allumé,En agglomération,Intersection en X,Normale,Deux véhicules - côté,4,2,5,1,1,1,1,0,5,50,2,2,1,0,0,1,59.0,33.0,utilitaire_camion,deux_roues,5,2,2,1,3
202300033126,2023-10-06 06:40:00,2023,10,6,6,40,75,75114,AVENUE DU GENERAL LECLERC,48.829591,2.3284,Nuit avec éclairage allumé,En agglomération,Intersection en X,Normale,Deux véhicules - côté,4,1,1,0,1,1,1,0,5,30,2,2,1,0,0,1,59.0,33.0,utilitaire_camion,deux_roues,5,2,2,1,3
202300033127,2023-10-06 23:15:00,2023,10,6,23,15,75,75112,QUAI DE BERCY,48.830938,2.385598,Nuit avec éclairage allumé,En agglomération,Hors intersection,Normale,Deux véhicules - arrière,4,1,3,0,2,1,1,0,1,50,2,2,1,0,0,1,58.0,52.0,deux_roues,voiture,5,2,1,1,2
202300033128,2023-10-07 22:00:00,2023,10,7,22,0,75,75111,RUE RAMPON,48.866018,2.366325,Nuit avec éclairage allumé,En agglomération,Intersection en X,Normale,Autre collision,4,2,2,0,1,1,1,0,1,30,1,2,1,0,0,1,42.0,,voiture,,5,2,2,1,6
202300033128,2023-10-07 22:00:00,2023,10,7,22,0,75,75111,RUE RAMPON,48.866018,2.366325,Nuit avec éclairage allumé,En agglomération,Intersection en X,Normale,Autre collision,4,1,1,0,1,1,1,0,1,30,1,2,1,0,0,1,42.0,,voiture,,5,2,2,1,6
202300033129,2023-01-19 15:10:00,2023,1,19,15,10,95,95018,A15,48.95967623,2.27188361,Plein jour,Hors agglomération,Hors intersection,Normale,Autre collision,1,3,5,0,1,1,1,0,1,110,1,1,0,0,0,1,28.0,,voiture,,1,1,1,1,6
202300033130,2023-10-07 00:35:00,2023,10,7,0,35,75,75110,RUE YVES TOUDIC,48.86886,2.364678,Nuit avec éclairage allumé,En agglomération,Hors intersection,Normale,Deux véhicules - arrière,4,1,1,0,1,1,1,0,1,30,2,2,1,0,0,1,47.0,22.0,voiture,deux_roues,5,2,1,1,2
202300033131,2023-10-07 17:31:00,2023,10,7,17,31,75,75107,PORT DE SOLFERINO,48.861063,2.325152,Plein jour,En agglomération,Hors intersection,Normale,Autre collision,4,4,1,3,1,1,1,6,1,30,1,1,0,0,0,1,26.0,,deux_roues,,1,2,1,1,6
202300033132,2023-10-07 16:05:00,2023,10,7,16,5,75,75107,BOULEVARD DES INVALIDES,48.847932,2.315975,Plein jour,En agglomération,Intersection en T,Normale,Autre collision,4,-1,2,2,1,1,1,0,1,30,1,1,0,0,0,1,29.0,,deux_roues,,1,2,3,1,6
202300033132,2023-10-07 16:05:00,2023,10,7,16,5,75,75107,BOULEVARD DES INVALIDES,48.847932,2.315975,Plein jour,En agglomération,Intersection en T,Normale,Autre collision,4,2, -1,-1,1,1,1,0,1,-1,1,1,0,0,0,1,29.0,,deux_roues,,1,2,3,1,6
202300033133,2023-10-07 14:50:00,2023,10,7,14,50,75,75103,RUE RAMBUTEAU,48.861818,2.350892,Plein jour,En agglomération,Intersection en X,Normale,Autre collision,4,1,1,0,1,1,1,0,1,30,1,2,1,0,0,1,73.0,,voiture,,1,2,2,1,6
202300033133,2023-10-07 14:50:00,2023,10,7,14,50,75,75103,RUE RAMBUTEAU,48.861818,2.350892,Plein jour,En agglomération,Intersection en X,Normale,Autre collision,4,1,1,0,1,1,1,0,1,30,1,2,1,0,0,1,73.0,,voiture,,1,2,2,1,6
202300033134,2023-10-07 02:50:00,2023,10,7,2,50,94,94081,Avenue Henri Barbusse,48.79277,2.39133,Nuit avec éclairage allumé,En agglomération,Autre intersection,Normale,Autre collision,3,1,3,0,3,1,1,0,1,50,1,1,0,0,0,1,21.0,,voiture,,5,2,9,1,6
202300033134,2023-10-07 02:50:00,2023,10,7,2,50,94,94081,Avenue Henri Barbusse,48.79277,2.39133,Nuit avec éclairage allumé,En agglomération,Autre intersection,Normale,Autre collision,3,2, -1,0,1,1,1,0,1,-1,1,1,0,0,0,1,21.0,,voiture,,5,2,9,1,6
202300033135,2023-01-19 06:30:00,2023,1,19,6,30,95,95277, A3,48.97065,2.48255,Nuit sans éclairage public,Hors agglomération,Hors intersection,Normale,Trois véhicules et plus - collisions multiples,1,3,5,0,1,1,1,0,1,90,3,3,2,0,0,1,59.0,37.0,voiture,voiture,3,1,1,1,5
202300033136,2023-10-07 15:45:00,2023,10,7,15,45,94,94074,Avenue Henri Barbusse,48.77002988,2.44049084,Plein jour,En agglomération,Hors intersection,Normale,Deux véhicules - arrière,2,3,0,0,1,1,1,0,1,50,2,2,1,0,0,1,56.0,32.0,voiture,voiture,1,2,1,1,2
202300033137,2023-10-07 12:46:00,2023,10,7,12,46,94,94055,Avenue du Général de Gaulle,48.79176382,2.53296764,Plein jour,En agglomération,Hors intersection,Normale,Deux véhicules - côté,3,-1,0,0,1,1,1,9,1,50,2,2,1,0,0,1,16.0,56.0,deux_roues,utilitaire_camion,1,2,1,1,3
202300033138,2023-10-06 16:50:00,2023,10,6,16,50,94,94068,Rue du Docteur Roux,48.78728,2.48843,Plein jour,En agglomération,Intersection en X,Temps éblouissant,Deux véhicules - côté,4,2,2,0,1,1,1,0,1,30,2,2,1,0,0,1,31.0,43.0,voiture,voiture,1,2,2,7,3
202300033139,2023-10-07 23:20:00,2023,10,7,23,20,94,94042,Boulevard de l'Europe,48.814248,2.464247,Nuit avec éclairage allumé,Hors agglomération,Hors intersection,Normale,Autre collision,3,1,1,0,1,1,1,9,1,25,1,2,0,0,0,2,62.0,,deux_roues,,5,1,1,1,6
202300033140,2023-01-19 14:40:00,2023,1,19,14,40,94,94018,A4,48.8214243,2.39921053,Plein jour,Hors agglomération,Hors intersection,Normale,Trois véhicules et plus - en chaîne,1,3,9,0,1,1,1,0,1,90,3,3,2,0,0,1,48.0,44.0,voiture,voiture,1,1,1,1,4
202300033141,2023-10-07 17:00:00,2023,10,7,17,0,94,94021,43 Av du Pdt Franklin Roosevelt,48.771329,2.361179,Plein jour,En agglomération,Hors intersection,Normale,Autre collision,3,2,2,0,1,1,1,0,4,30,2,3,2,0,0,1,4.0,57.0,deux_roues,voiture,1,2,1,1,6
202300033142,2023-10-07 17:00:00,2023,10,7,17,0,94,94022,Avenue du Docteur Charcot,48.76932552,2.41565216,Plein jour,En agglomération,Hors intersection,Normale,Autre collision,4,2,2,0,1,1,1,1,1,30,1,2,1,0,0,1,35.0,,voiture,,1,2,1,1,6
202300033143,2023-01-19 08:00:00,2023,1,19,8,0,94,94073,A86,48.77107455,2.38866733,Nuit sans éclairage public,Hors agglomération,Hors intersection,Normale,Deux véhicules - arrière,1,-1,3,0,1,1,1,0,1,90,2,2,1,0,0,1,43.0,59.0,utilitaire_camion,utilitaire_camion,3,1,1,1,2
202300033144,2023-10-07 19:20:00,2023,10,7,19,20,94,94070,Rte de Paris,48.72316,2.56049,Plein jour,Hors agglomération,Hors intersection,Normale,Deux véhicules - arrière,2,1,2,0,2,1,1,0,1,80,2,3,2,0,0,1,50.0,27.0,voiture,voiture,1,1,1,1,2
202300033145,2023-10-07 12:50:00,2023,10,7,12,50,93,93049,Boulevard Galliéni / Rue du Bac,48.85273,2.51331,Plein jour,En agglomération,Intersection en T,Normale,Autre collision,3,3,4,0,1,1,1,0,1,50,1,2,1,0,0,1,19.0,,voiture,,1,2,3,1,6
202300033145,2023-10-07 12:50:00,2023,10,7,12,50,93,93049,Boulevard Galliéni / Rue du Bac,48.85273,2.51331,Plein jour,En agglomération,Intersection en T,Normale,Autre collision,3,1,1,0,1,1,1,0,1,-1,1,2,1,0,0,1,19.0,,voiture,,1,2,3,1,6
202300033146,2023-10-07 13:50:00,2023,10,7,13,50,93,93074,Rue de Meaux / Allée Eugène Burlot,48.93411,2.56245,Plein jour,En agglomération,Intersection en T,Normale,Autre collision,3,2,2,0,1,1,1,0,4,50,1,3,0,0,1,2,24.0,,utilitaire_camion,,1,2,3,1,6
202300033146,2023-10-07 13:50:00,2023,10,7,13,50,93,93074,Rue de Meaux / Allée Eugène Burlot,48.93411,2.56245,Plein jour,En agglomération,Intersection en T,Normale,Autre collision,3,1,2,1,1,1,1,0,4,50,1,3,0,0,1,2,24.0,,utilitaire_camion,,1,2,3,1,6
202300033147,2023-10-07 16:05:00,2023,10,7,16,5,93,93014,Allée de Coubron,48.912298,2.550966,Plein jour,En agglomération,Hors intersection,Normale,Deux véhicules - arrière,3,2,2,0,1,1,1,0,1,50,2,2,1,0,0,1,37.0,34.0,voiture,deux_roues,1,2,1,1,2
202300033148,2023-10-07 19:10:00,2023,10,7,19,10,93,93010,Allee des Alouettes,48.893203,2.496082,Plein jour,En agglomération,Hors intersection,Normale,Autre collision,4,1,1,0,1,1,1,0,1,30,1,1,0,0,0,1,17.0,,deux_roues,,1,2,1,1,6
202300033149,2023-10-07 18:15:00,2023,10,7,18,15,93,93007,Allée Salomon de Brosse,48.948259,2.44998,Plein jour,En agglomération,Hors intersection,Normale,Autre collision,6,-1, -1,0,1,1,1,0,1,30,1,4,1,0,0,3,33.0,,voiture,,1,2,1,1,6
202300033150,2023-01-17 06:55:00,2023,1,17,6,55,974,97411,ROSTAND (RUE EDMOND),-20.88702,55.46974,Plein jour,En agglomération,Hors intersection,Normale,Deux véhicules - côté,4,3,2,0,1,1,1,0,1,30,2,3,2,0,0,1,50.0,57.0,voiture,voiture,1,2,1,1,3
202300033151,2023-10-07 18:30:00,2023,10,7,18,30,93,93001,Rue du Landy,48.915248,2.374815,Plein jour,En agglomération,Hors intersection,Normale,Deux véhicules - côté,4,2,2,0,1,1,1,0,1,50,2,2,1,0,0,1,18.0,31.0,deux_roues,deux_roues,1,2,1,1,3
202300033152,2023-10-06 18:50:00,2023,10,6,18,50,92,92020,VEDRINES RUE JULES,48.80864583,2.29123458,Plein jour,En agglomération,Intersection à plus de 4 branches,Normale,Deux véhicules - côté,4,2,2,0,1,1,1,0,1,50,2,2,1,0,0,1,18.0,22.0,voiture,deux_roues,1,2,5,1,3
202300033152,2023-10-06 18:50:00,2023,10,6,18,50,92,92020,VEDRINES RUE JULES,48.80864583,2.29123458,Plein jour,En agglomération,Intersection à plus de 4 branches,Normale,Deux véhicules - côté,4,2,2,0,1,1,1,0,1,50,2,2,1,0,0,1,18.0,22.0,voiture,deux_roues,1,2,5,1,3
202300033153,2023-10-07 15:10:00,2023,10,7,15,10,92,92025,GABRIEL PERI (RUE),48.91350833,2.22670846,Plein jour,En agglomération,Hors intersection,Normale,Deux véhicules - côté,3,2,2,0,1,1,1,8,1,30,2,3,1,0,0,2,34.0,16.0,voiture,deux_roues,1,2,1,1,3
202300033154,2023-01-16 17:15:00,2023,1,16,17,15,974,97411,MAINE (RUE DU),-20.90308,55.49162,Plein jour,En agglomération,Hors intersection,Normale,Autre collision,4,2,2,0,1,1,1,0,1,50,1,2,1,0,0,1,32.0,,voiture,,1,2,1,1,6
202300033155,2023-10-07 15:55:00,2023,10,7,15,55,92,92023,PORTE DE TRIVAUX (RUE DE LA) N°1 A 55 ET,48.79155086,2.26318449,Plein jour,En agglomération,Intersection en Y,Normale,Deux véhicules - côté,4,2,0,0,1,1,1,0,1,30,2,2,1,0,1,0,33.0,15.0,utilitaire_camion,deux_roues,1,2,4,1,3
202300033155,2023-10-07 15:55:00,2023,10,7,15,55,92,92023,PORTE DE TRIVAUX (RUE DE LA) N°1 A 55 ET,48.79155086,2.26318449,Plein jour,En agglomération,Intersection en Y,Normale,Deux véhicules - côté,4,2,2,0,1,1,1,0,1,30,2,2,1,0,1,0,33.0,15.0,utilitaire_camion,deux_roues,1,2,4,1,3
202300033156,2023-10-07 13:00:00,2023,10,7,13,0,92,92004,ABBE LEMIRE DE L',48.92541,2.27946,Plein jour,En agglomération,Hors intersection,Normale,Autre collision,4,2,2,0,1,1,1,6,1,50,1,2,1,0,0,1,57.0,,utilitaire_camion,,1,2,1,1,6