accident_id,datetime,annee,mois,jour,heure,minute,departement,commune_insee,adresse,latitude,longitude,luminosite,agglomeration,intersection,meteo,collision,catr,circ,nbv,vosp,prof,plan,surf,infra,situ,vma,nb_vehicules,nb_usagers,nb_indemnes,nb_tues,nb_blesses_hosp,nb_blesses_legers,age_cond_1,age_cond_2,veh_type_cond_1,veh_type_cond_2,lum_code,agg_code,int_code,atm_code,col_code
202300033221,2023-01-18 08:50:00,2023,1,18,8,50,33,33318,Rue du Pin Vert,44.80948194,-0.62678665,Plein jour,En agglomération,Intersection à plus de 4 branches,Temps couvert,Deux véhicules - côté,4,2,2,0,1,2,1,5,1,50,2,2,1,0,0,1,30.0,39.0,deux_roues,voiture,1,2,5,8,3
202300033222,2023-01-15 19:43:00,2023,1,15,19,43,30,30189,ARTS (AVENUE),43.82299,4.33599,Nuit avec éclairage allumé,En agglomération,Intersection en X,Normale,Deux véhicules - côté,4,2,2,0,1,1,1,5,1,50,2,2,0,1,0,1,48.0,21.0,voiture,deux_roues,5,2,2,1,3
202300033222,2023-01-15 19:43:00,2023,1,15,19,43,30,30189,ARTS (AVENUE),43.82299,4.33599,Nuit avec éclairage allumé,En agglomération,Intersection en X,Normale,Deux véhicules - côté,4,2,2,0,1,1,1,5,1,50,2,2,0,1,0,1,48.0,21.0,voiture,deux_roues,5,2,2,1,3
202300033223,2023-01-18 17:00:00,2023,1,18,17,0,29,29232,Boulevard de Poulguinan,47.97994,-4.12139,Plein jour,Hors agglomération,Hors intersection,Normale,Sans collision,3,1,1,0,2,2,2,1,1,50,1,1,0,0,0,1,42.0,,voiture,,1,1,1,1,7
202300033224,2023-01-18 13:45:00,2023,1,18,13,45,29,29232,Rue de la Tourelle,47.98757,-4.09851,Plein jour,En agglomération,Hors intersection,Temps couvert,Autre collision,4,2,2,0,1,1,2,0,1,50,1,2,1,0,1,0,23.0,,voiture,,1,2,1,8,6
202300033225,2023-01-18 16:10:00,2023,1,18,16,10,25,25462,ROCADE G.POMPIDOU ( DE 0 A 6),46.90016,6.3577,Plein jour,En agglomération,Hors intersection,Neige / grêle,Deux véhicules - arrière,2,2,2,1,1,1,5,2,1,50,2,2,1,0,0,1,43.0,73.0,voiture,voiture,1,2,1,4,2
202300033226,2023-01-18 07:50:00,2023,1,18,7,50,25,25056,CAUSSES RUE DES,47.217646,5.966086,Crépuscule ou aube,En agglomération,Hors intersection,Neige / grêle,Autre collision,4,-1,2,0,1,1,2,0,1,50,1,2,1,0,0,1,62.0,,voiture,,2,2,1,4,6
202300033227,2023-01-18 11:45:00,2023,1,18,11,45,17,17306,HEDDE (AVENUE DANIEL),45.635208,-1.02882,Plein jour,En agglomération,Hors intersection,Pluie légère,Autre collision,4,3,2,1,1,1,2,0,1,50,1,2,1,0,0,1,75.0,,voiture,,1,2,1,2,6
202300033228,2023-01-17 21:00:00,2023,1,17,21,0,13,13204,FRANÇOISE DUPARC (BOULEVARD),43.30348,5.40093,Nuit avec éclairage allumé,En agglomération,Hors intersection,Normale,Autre collision,4,3,0,0,1,1,1,0,1,50,2,2,0,0,0,2,20.0,41.0,voiture,voiture,5,2,1,1,6
202300033229,2023-01-18 12:20:00,2023,1,18,12,20,13,13005,NATIONALE 8 DE PARIS A TOULON (ROUTE),43.286,5.58801,Plein jour,En agglomération,Hors intersection,Normale,Deux véhicules - côté,3,2,2,0,1,1,1,0,1,50,2,2,1,0,0,1,20.0,53.0,deux_roues,voiture,1,2,1,1,3
202300033230,2023-01-18 08:25:00,2023,1,18,8,25,13,13005,COMBES (BOULEVARD EMILE),43.28933,5.56833,Plein jour,En agglomération,Intersection en T,Normale,Deux véhicules - côté,4,1,2,0,3,1,1,0,1,50,2,2,0,0,0,2,40.0,40.0,deux_roues,voiture,1,2,3,1,3
202300033230,2023-01-18 08:25:00,2023,1,18,8,25,13,13005,COMBES (BOULEVARD EMILE),43.28933,5.56833,Plein jour,En agglomération,Intersection en T,Normale,Deux véhicules - côté,4,1,1,0,3,1,1,0,1,50,2,2,0,0,0,2,40.0,40.0,deux_roues,voiture,1,2,3,1,3
202300033231,2023-01-18 18:30:00,2023,1,18,18,30,13,13001,EUROPE (AV),43.52464,5.43029,Crépuscule ou aube,En agglomération,Hors intersection,Normale,Deux véhicules - arrière,4,1,1,0,1,1,1,0,1,50,2,2,1,0,0,1,38.0,28.0,voiture,utilitaire_camion,2,2,1,1,2
202300033232,2023-01-17 12:30:00,2023,1,17,12,30,11,11069,440 Rue Magellan,43.235811,2.368179,Plein jour,En agglomération,Hors intersection,Pluie légère,Deux véhicules - arrière,4,3,2,0,1,1,2,0,1,50,2,2,1,0,0,1,45.0,45.0,voiture,voiture,1,2,1,2,2
202300033233,2023-01-18 07:35:00,2023,1,18,7,35,07,07019,DELATTRE DE TASSIGNY(AVENUE),44.61046,4.39,Nuit avec éclairage allumé,En agglomération,Giratoire,Temps couvert,Deux véhicules - côté,4,1,1,0,2,2,1,0,1,50,2,3,1,0,0,2,16.0,31.0,deux_roues,deux_roues,5,2,6,8,3
202300033233,2023-01-18 07:35:00,2023,1,18,7,35,07,07019,DELATTRE DE TASSIGNY(AVENUE),44.61046,4.39,Nuit avec éclairage allumé,En agglomération,Giratoire,Temps couvert,Deux véhicules - côté,4,1,1,0,2,2,1,0,1,50,2,3,1,0,0,2,16.0,31.0,deux_roues,deux_roues,5,2,6,8,3
202300033234,2023-01-18 15:56:00,2023,1,18,15,56,06,06029,RIOU (BOULEVARD DU),43.56577,7.00256,Plein jour,En agglomération,Giratoire,Normale,Autre collision,4,3,2,0,2,1,1,0,1,30,2,2,1,0,0,1,25.0,49.0,deux_roues,utilitaire_camion,1,2,6,1,6
202300033234,2023-01-18 15:56:00,2023,1,18,15,56,06,06029,RIOU (BOULEVARD DU),43.56577,7.00256,Plein jour,En agglomération,Giratoire,Normale,Autre collision,4,3,2,1,2,1,1,5,1,30,2,2,1,0,0,1,25.0,49.0,deux_roues,utilitaire_camion,1,2,6,1,6
202300033235,2023-01-18 10:50:00,2023,1,18,10,50,06,06030,DUNKERQUE (RUE DE),43.56559,7.01523,Plein jour,En agglomération,Intersection en X,Normale,Deux véhicules - côté,4,1,1,0,1,1,1,0,1,30,2,4,0,0,0,4,20.0,53.0,voiture,utilitaire_camion,1,2,2,1,3
202300033235,2023-01-18 10:50:00,2023,1,18,10,50,06,06030,DUNKERQUE (RUE DE),43.56559,7.01523,Plein jour,En agglomération,Intersection en X,Normale,Deux véhicules - côté,4,2,2,0,1,1,1,0,1,30,2,4,0,0,0,4,20.0,53.0,voiture,utilitaire_camion,1,2,2,1,3
202300033236,2023-01-17 04:45:00,2023,1,17,4,45,06,06027,GRASSE AVENUE DE,43.660239,7.130255,Nuit avec éclairage allumé,En agglomération,Hors intersection,Normale,Deux véhicules - arrière,7,2,2,0,1,1,1,0,1,50,2,4,0,0,0,4,21.0,72.0,voiture,voiture,5,2,1,1,2
202300033237,2023-01-14 17:45:00,2023,1,14,17,45,05,05061,SAGNIERES ( RUE DES ),44.54971,6.06522,Nuit avec éclairage allumé,En agglomération,Intersection en X,Normale,Deux véhicules - côté,4,2,2,0,2,1,1,0,1,50,2,3,1,0,1,1,16.0,64.0,deux_roues,voiture,5,2,2,1,3
202300033237,2023-01-14 17:45:00,2023,1,14,17,45,05,05061,SAGNIERES ( RUE DES ),44.54971,6.06522,Nuit avec éclairage allumé,En agglomération,Intersection en X,Normale,Deux véhicules - côté,4,2,2,0,1,1,1,0,1,30,2,3,1,0,1,1,16.0,64.0,deux_roues,voiture,5,2,2,1,3
202300033238,2023-01-16 09:10:00,2023,1,16,9,10,75,75113,BOULEVARD PERIPHERIQUE,48.817884,2.35351,Plein jour,En agglomération,Hors intersection,Pluie légère,Deux véhicules - arrière,4,1,3,0,1,2,2,0,1,70,2,2,1,0,0,1,33.0,59.0,utilitaire_camion,deux_roues,1,2,1,2,2
202300033239,2023-01-18 20:25:00,2023,1,18,20,25,75,75119,AVENUE JEAN JAURES,48.882785,2.370285,Nuit avec éclairage allumé,En agglomération,Place,Temps couvert,Sans collision,4,2,1,1,1,3,2,-1,5,-1,1,1,0,0,1,0,77.0,,deux_roues,,5,2,7,8,7
202300033239,2023-01-18 20:25:00,2023,1,18,20,25,75,75119,AVENUE JEAN JAURES,48.882785,2.370285,Nuit avec éclairage allumé,En agglomération,Place,Temps couvert,Sans collision,4,3, -1,-1,1,1,2,-1,5,-1,1,1,0,0,1,0,77.0,,deux_roues,,5,2,7,8,7
202300033240,2023-01-18 15:30:00,2023,1,18,15,30,75,75119,RUE DE BELLEVILLE,48.875273,2.395223,Plein jour,En agglomération,Intersection en T,Normale,Autre collision,4,2,2,0,1,1,1,0,1,30,1,2,0,0,0,2,30.0,,deux_roues,,1,2,3,1,6
202300033240,2023-01-18 15:30:00,2023,1,18,15,30,75,75119,RUE DE BELLEVILLE,48.875273,2.395223,Plein jour,En agglomération,Intersection en T,Normale,Autre collision,4,2,2,0,1,1,1,0,1,30,1,2,0,0,0,2,30.0,,deux_roues,,1,2,3,1,6
202300033241,2023-01-18 16:00:00,2023,1,18,16,0,75,75117,BOULEVARD BESSIERES,48.896502,2.319399,Plein jour,En agglomération,Hors intersection,Normale,Deux véhicules - côté,4,3,3,2,2,1,1,-1,5,30,2,2,1,0,0,1,24.0,40.0,deux_roues,utilitaire_camion,1,2,1,1,3
202300033242,2023-01-18 09:00:00,2023,1,18,9,0,75,75116,RUE D AUTEUIL,48.847989,2.264162,Plein jour,En agglomération,Intersection en X,Normale,Deux véhicules - arrière,4,1, -1,-1,1,1,1,0,1,-1,2,2,1,0,0,1,42.0,61.0,utilitaire_camion,voiture,1,2,2,1,2
202300033242,2023-01-18 09:00:00,2023,1,18,9,0,75,75116,RUE D AUTEUIL,48.847989,2.264162,Plein jour,En agglomération,Intersection en X,Normale,Deux véhicules - arrière,4,1,1,0,1,1,1,0,1,30,2,2,1,0,0,1,42.0,61.0,utilitaire_camion,voiture,1,2,2,1,2
202300033243,2023-01-18 08:50:00,2023,1,18,8,50,75,75115,RUE DE VAUGIRARD,48.836257,2.294397,Plein jour,En agglomération,Intersection en T,Normale,Sans collision,4,-1, -1,-1,1,1,1,-1,5,-1,1,1,0,0,0,1,21.0,,deux_roues,,1,2,3,1,7
202300033243,2023-01-18 08:50:00,2023,1,18,8,50,75,75115,RUE DE VAUGIRARD,48.836257,2.294397,Plein jour,En agglomération,Intersection en T,Normale,Sans collision,4,1,4,1,1,1,1,-1,5,30,1,1,0,0,0,1,21.0,,deux_roues,,1,2,3,1,7
202300033244,2023-01-18 18:00:00,2023,1,18,18,0,75,75114,AVENUE DE LA PORTE DE CHATILLON,48.823204,2.316007,Nuit avec éclairage allumé,En agglomération,Hors intersection,Pluie légère,Autre collision,4,2,4,3,1,1,2,-1,6,50,1,1,0,0,0,1,53.0,,deux_roues,,5,2,1,2,6
202300033245,2023-01-18 20:55:00,2023,1,18,20,55,75,75111,RUE LOUIS BONNET,48.871126,2.376709,Nuit avec éclairage allumé,En agglomération,Intersection en X,Temps couvert,Autre collision,4,1,1,1,1,1,2,-1,5,30,1,2,1,0,0,1,29.0,,deux_roues,,5,2,2,8,6
202300033245,2023-01-18 20:55:00,2023,1,18,20,55,75,75111,RUE LOUIS BONNET,48.871126,2.376709,Nuit avec éclairage allumé,En agglomération,Intersection en X,Temps couvert,Autre collision,4,1,2,1,2,1,2,-1,5,30,1,2,1,0,0,1,29.0,,deux_roues,,5,2,2,8,6
202300033246,2023-01-18 15:28:00,2023,1,18,15,28,75,75111,BOULEVARD VOLTAIRE,48.86485,2.368307,Plein jour,En agglomération,Hors intersection,Normale,Deux véhicules - côté,4,2,4,1,1,1,1,0,1,30,2,2,1,0,0,1,30.0,56.0,deux_roues,voiture,1,2,1,1,3
202300033247,2023-01-18 09:35:00,2023,1,18,9,35,75,75108,BOULEVARD MALESHERBES,48.876119,2.318349,Plein jour,En agglomération,Hors intersection,Normale,Autre collision,4,2,2,1,1,1,1,0,1,30,2,3,2,0,0,1,49.0,37.0,deux_roues,utilitaire_camion,1,2,1,1,6
202300033248,2023-01-18 19:45:00,2023,1,18,19,45,75,75101,RUE DE RIVOLI,48.863764,2.332116,Nuit avec éclairage allumé,En agglomération,Intersection en T,Normale,Autre collision,4,2,4,1,1,1,1,-1,5,30,1,1,0,0,0,1,67.0,,deux_roues,,5,2,3,1,6
202300033248,2023-01-18 19:45:00,2023,1,18,19,45,75,75101,RUE DE RIVOLI,48.863764,2.332116,Nuit avec éclairage allumé,En agglomération,Intersection en T,Normale,Autre collision,4,1,1,1,1,1,1,-1,5,30,1,1,0,0,0,1,67.0,,deux_roues,,5,2,3,1,6
202300033249,2023-01-18 14:50:00,2023,1,18,14,50,75,75103,BOULEVARD BEAUMARCHAIS,48.859258,2.367654,Plein jour,En agglomération,Intersection en T,Normale,Deux véhicules - côté,4,2,5,0,1,1,1,0,1,30,2,3,1,0,0,2,39.0,45.0,voiture,deux_roues,1,2,3,1,3
202300033249,2023-01-18 14:50:00,2023,1,18,14,50,75,75103,BOULEVARD BEAUMARCHAIS,48.859258,2.367654,Plein jour,En agglomération,Intersection en T,Normale,Deux véhicules - côté,4,1,1,0,1,1,1,0,1,30,2,3,1,0,0,2,39.0,45.0,voiture,deux_roues,1,2,3,1,3
202300033250,2023-01-18 09:55:00,2023,1,18,9,55,94,94076,COLONEL MARCHAND (R DU),48.7943,2.36221,Plein jour,En agglomération,Hors intersection,Normale,Autre collision,4,1,1,0,1,1,1,0,1,30,1,2,1,0,0,1,,,voiture,,1,2,1,1,6
202300033251,2023-01-18 09:00:00,2023,1,18,9,0,94,94038,Rue Henri Thirard / Rue de Picardie,48.77814,2.34424,Plein jour,En agglomération,Intersection en X,Normale,Deux véhicules - côté,4,2,2,0,1,1,1,0,1,30,2,2,0,0,0,2,52.0,34.0,voiture,voiture,1,2,2,1,3
202300033251,2023-01-18 09:00:00,2023,1,18,9,0,94,94038,Rue Henri Thirard / Rue de Picardie,48.77814,2.34424,Plein jour,En agglomération,Intersection en X,Normale,Deux véhicules - côté,4,2,2,0,1,1,1,0,1,50,2,2,0,0,0,2,52.0,34.0,voiture,voiture,1,2,2,1,3
202300033252,2023-01-18 18:10:00,2023,1,18,18,10,94,94028,Av du Mal de Lattre de Tassigny,48.79756,2.45632,Nuit avec éclairage allumé,En agglomération,Intersection en T,Pluie légère,Autre collision,3,2,4,0,1,1,2,0,1,50,1,2,0,0,0,2,34.0,,deux_roues,,5,2,3,2,6
202300033252,2023-01-18 18:10:00,2023,1,18,18,10,94,94028,Av du Mal de Lattre de Tassigny,48.79756,2.45632,Nuit avec éclairage allumé,En agglomération,Intersection en T,Pluie légère,Autre collision,3,2,2,-1,1,1,2,0,1,-1,1,2,0,0,0,2,34.0,,deux_roues,,5,2,3,2,6
202300033253,2023-01-17 15:15:00,2023,1,17,15,15,94,94028,Avenue du Général de Gaulle / Rue Saint-simon,48.79404009,2.44708121,Plein jour,En agglomération,Intersection en X,Pluie légère,Deux véhicules - côté,4,3,2,3,1,1,2,0,1,-1,2,2,1,0,0,1,44.0,45.0,voiture,voiture,1,2,2,2,3
202300033253,2023-01-17 15:15:00,2023,1,17,15,15,94,94028,Avenue du Général de Gaulle / Rue Saint-simon,48.79404009,2.44708121,Plein jour,En agglomération,Intersection en X,Pluie légère,Deux véhicules - côté,4,3,5,0,1,1,2,0,1,50,2,2,1,0,0,1,44.0,45.0,voiture,voiture,1,2,2,2,3
202300033254,2023-01-18 18:15:00,2023,1,18,18,15,94,94073,Av du Mal de Lattre de Tassigny,48.75207,2.4058,Nuit avec éclairage allumé,En agglomération,Hors intersection,Normale,Autre collision,3,2,2,0,1,1,1,0,1,50,1,2,1,0,1,0,28.0,,voiture,,5,2,1,1,6
202300033255,2023-01-18 14:00:00,2023,1,18,14,0,94,94018,Rue Victor Hugo / Rue de Conflans,48.821492,2.413084,Plein jour,En agglomération,Intersection en X,Normale,Deux véhicules - côté,4,1,1,0,1,1,1,5,1,30,2,2,1,0,1,0,76.0,22.0,voiture,deux_roues,1,2,2,1,3
202300033255,2023-01-18 14:00:00,2023,1,18,14,0,94,94018,Rue Victor Hugo / Rue de Conflans,48.821492,2.413084,Plein jour,En agglomération,Intersection en X,Normale,Deux véhicules - côté,4,2,3,0,3,1,1,5,1,30,2,2,1,0,1,0,76.0,22.0,voiture,deux_roues,1,2,2,1,3
202300033256,2023-01-17 08:40:00,2023,1,17,8,40,94,94041,Rue Victor Hugo / Quai Marcel Boyer,48.8224,2.39234,Plein jour,En agglomération,Intersection en T,Normale,Deux véhicules - côté,3,2,2,0,1,1,1,0,1,50,2,2,1,0,0,1,46.0,63.0,deux_roues,voiture,1,2,3,1,3
202300033256,2023-01-17 08:40:00,2023,1,17,8,40,94,94041,Rue Victor Hugo / Quai Marcel Boyer,48.8224,2.39234,Plein jour,En agglomération,Intersection en T,Normale,Deux véhicules - côté,3,2,2,3,1,1,1,0,1,-1,2,2,1,0,0,1,46.0,63.0,deux_roues,voiture,1,2,3,1,3
202300033257,2023-01-18 15:00:00,2023,1,18,15,0,94,94071,Rue de Paris,48.7741,2.50797,Plein jour,En agglomération,Hors intersection,Temps couvert,Autre collision,3,2,2,0,1,1,1,2,3,50,1,2,1,0,0,1,51.0,,voiture,,1,2,1,8,6
202300033258,2023-01-18 07:20:00,2023,1,18,7,20,93,93059,Boulevard Jean Mermoz / Rue Robert Desnos,48.97139309,2.3662624,Nuit avec éclairage allumé,En agglomération,Intersection en T,Normale,Autre collision,3,3,4,0,1,3,2,9,1,50,1,2,1,0,0,1,44.0,,voiture,,5,2,3,1,6
202300033258,2023-01-18 07:20:00,2023,1,18,7,20,93,93059,Boulevard Jean Mermoz / Rue Robert Desnos,48.97139309,2.3662624,Nuit avec éclairage allumé,En agglomération,Intersection en T,Normale,Autre collision,3,2,2,0,1,1,2,0,8,30,1,2,1,0,0,1,44.0,,voiture,,5,2,3,1,6
202300033259,2023-01-18 13:20:00,2023,1,18,13,20,93,93070,Rue Paul Bert,48.90237954,2.33926401,Plein jour,En agglomération,Hors intersection,Normale,Autre collision,4,2,1,0,2,1,1,0,1,30,1,2,1,0,0,1,,,voiture,,1,2,1,1,6
202300033260,2023-01-18 09:00:00,2023,1,18,9,0,93,93064,Avenue Jean Jaurès,48.8662567,2.48711815,Plein jour,En agglomération,Hors intersection,Normale,Deux véhicules - côté,3,2,2,0,1,1,1,0,1,50,2,2,1,0,1,0,45.0,60.0,deux_roues,utilitaire_camion,1,2,1,1,3
202300033261,2023-01-18 07:50:00,2023,1,18,7,50,93,93062,Avenue de la Résistance,48.898664,2.517068,Nuit avec éclairage allumé,En agglomération,Hors intersection,Autre,Autre collision,3,2,2,0,1,1,1,0,1,50,1,2,1,0,0,1,57.0,,voiture,,5,2,1,9,6
202300033262,2023-01-16 08:15:00,2023,1,16,8,15,93,93010,Rue Jules Guesde / Rue du Breuil,48.9037,2.47629,Crépuscule ou aube,En agglomération,Intersection en Y,Pluie légère,Deux véhicules - frontale,3,1,1,0,1,1,2,0,1,30,2,2,1,0,0,1,24.0,42.0,voiture,deux_roues,2,2,4,2,1
202300033262,2023-01-16 08:15:00,2023,1,16,8,15,93,93010,Rue Jules Guesde / Rue du Breuil,48.9037,2.47629,Crépuscule ou aube,En agglomération,Intersection en Y,Pluie légère,Deux véhicules - frontale,3,2,2,0,1,1,2,0,1,30,2,2,1,0,0,1,24.0,42.0,voiture,deux_roues,2,2,4,2,1
202300033263,2023-01-18 19:30:00,2023,1,18,19,30,93,93005,Boulevard André Citroën,48.95855542,2.48545557,Nuit sans éclairage public,En agglomération,Autre intersection,Pluie légère,Deux véhicules - côté,3,3,4,0,1,2,2,5,1,50,2,2,1,0,0,1,34.0,54.0,deux_roues,voiture,3,2,9,2,3
202300033264,2023-01-18 05:50:00,2023,1,18,5,50,92,92064,REPUBLIQUE,48.85909,2.21226,Nuit avec éclairage allumé,En agglomération,Hors intersection,Normale,Autre collision,3,1,2,1,2,1,1,1,1,50,1,1,0,0,0,1,38.0,,deux_roues,,5,2,1,1,6
202300033265,2023-01-17 23:19:00,2023,1,17,23,19,92,92064,GOUNOD,48.84245,2.20808,Nuit avec éclairage allumé,En agglomération,Hors intersection,Normale,Autre collision,3,2,2,0,1,1,1,0,1,50,1,2,0,0,0,2,41.0,,deux_roues,,5,2,1,1,6
202300033266,2023-01-16 11:25:00,2023,1,16,11,25,92,92063,BROSSOLETTE (RUE PIERRE),48.88066,2.18165,Plein jour,En agglomération,Hors intersection,Pluie légère,Autre collision,4,1,1,0,1,1,2,0,1,50,1,2,1,0,1,0,32.0,,deux_roues,,1,2,1,2,6
202300033267,2023-01-18 08:35:00,2023,1,18,8,35,92,92062,PUTEAUX (PONT DE),48.87724105,2.24402457,Plein jour,En agglomération,Hors intersection,Normale,Deux véhicules - arrière,3,3,4,0,2,1,1,2,1,50,2,2,1,0,0,1,58.0,58.0,deux_roues,voiture,1,2,1,1,2
202300033268,2023-01-17 11:00:00,2023,1,17,11,0,92,92051,BERTEAUX-DUMAS (RUE),48.882192,2.27534,Plein jour,En agglomération,Hors intersection,Temps couvert,Autre collision,4,2,2,0,1,1,1,0,1,50,1,2,1,0,0,1,40.0,,voiture,,1,2,1,8,6
202300033269,2023-01-18 18:00:00,2023,1,18,18,0,92,92048,GARDES (ROUTE DES) N° 5 A 51,48.81853279,2.23124117,Nuit avec éclairage allumé,En agglomération,Intersection en X,Pluie légère,Deux véhicules - arrière,3,2,2,0,1,1,2,2,1,30,2,3,2,0,0,1,30.0,30.0,deux_roues,voiture,5,2,2,2,2
202300033269,2023-01-18 18:00:00,2023,1,18,18,0,92,92048,GARDES (ROUTE DES) N° 5 A 51,48.81853279,2.23124117,Nuit avec éclairage allumé,En agglomération,Intersection en X,Pluie légère,Deux véhicules - arrière,3,1,2,0,2,1,2,0,1,30,2,3,2,0,0,1,30.0,30.0,deux_roues,voiture,5,2,2,2,2
202300033270,2023-01-18 10:52:00,2023,1,18,10,52,92,92040,FOUCHER LEPELLETIER,48.830416,2.280095,Plein jour,En agglomération,Hors intersection,Normale,Autre collision,4,1,2,0,1,1,1,0,1,30,1,2,1,0,0,1,42.0,,utilitaire_camion,,1,2,1,1,6
202300033271,2023-01-16 15:33:00,2023,1,16,15,33,92,92036,Henri Colin (rue),48.925239,2.32105,Plein jour,En agglomération,Hors intersection,Normale,Deux véhicules - arrière,4,2,2,0,1,1,1,0,1,50,2,3,1,0,0,2,53.0,26.0,voiture,voiture,1,2,1,1,2
202300033272,2023-01-12 09:10:00,2023,1,12,9,10,57,57463,RN 431,49.08935,6.2268,Plein jour,Hors agglomération,Hors intersection,Temps couvert,Deux véhicules - arrière,2,1,1,0,2,1,1,0,1,70,2,5,2,0,0,3,33.0,23.0,voiture,utilitaire_camion,1,1,1,8,2
202300033273,2023-01-18 19:25:00,2023,1,18,19,25,33,33249,ROUTE NATIONALE 230,44.87836,-0.50928,Nuit avec éclairage allumé,Hors agglomération,Hors intersection,Pluie légère,Trois véhicules et plus - en chaîne,2,3,6,0,1,1,2,2,1,90,4,4,3,0,0,1,56.0,63.0,utilitaire_camion,utilitaire_camion,5,1,1,2,4
202300033274,2023-01-18 17:58:00,2023,1,18,17,58,33,33397,AUTOROUTE A 10,44.922858,-0.474306,Plein jour,Hors agglomération,Hors intersection,Neige / grêle,Deux véhicules - arrière,1,3,6,0,1,1,2,0,1,130,2,2,1,0,0,1,48.0,29.0,utilitaire_camion,voiture,1,1,1,4,2
202300033275,2023-01-18 09:35:00,2023,1,18,9,35,33,33550,AUTOROUTE A 62,44.77258,-0.55556,Plein jour,Hors agglomération,Hors intersection,Pluie légère,Deux véhicules - côté,1,3,4,0,1,1,2,0,1,130,2,2,1,0,0,1,32.0,52.0,deux_roues,voiture,1,1,1,2,3
202300033276,2023-01-18 16:30:00,2023,1,18,16,30,91,91363,RN 104,48.64617,2.19207,Plein jour,Hors agglomération,Hors intersection,Normale,Deux véhicules - arrière,2,3,4,0,1,1,2,0,3,110,2,2,1,0,0,1,,48.0,utilitaire_camion,deux_roues,1,1,1,1,2
202300033277,2023-01-17 06:13:00,2023,1,17,6,13,78,78043,A13W,48.842125,2.09337,Nuit sans éclairage public,Hors agglomération,Hors intersection,Normale,Deux véhicules - arrière,1,1,1,0,3,2,7,0,1,50,2,4,1,0,0,3,20.0,54.0,voiture,voiture,3,1,1,1,2
202300033278,2023-01-18 18:00:00,2023,1,18,18,0,95,95212, A1,49.028862,2.538242,Nuit sans éclairage public,Hors agglomération,Hors intersection,Pluie légère,Autre collision,1,3,6,0,1,1,2,0,1,110,1,1,0,0,0,1,23.0,,deux_roues,,3,1,1,2,6
202300033279,2023-01-17 13:10:00,2023,1,17,13,10,93,93064,AUTOROUTE A3,48.88604,2.47307,Plein jour,Hors agglomération,Hors intersection,Normale,Deux véhicules - arrière,1,-1,4,0,2,2,1,0,1,70,2,2,1,0,0,1,63.0,67.0,voiture,deux_roues,1,1,1,1,2
202300033280,2023-01-17 08:15:00,2023,1,17,8,15,02,02722,GAMBETTA ( BOULEVARD ),49.3766,3.32974,Crépuscule ou aube,En agglomération,Giratoire,Normale,Autre collision,4,2,2,1,1,1,1,0,1,50,1,2,1,1,0,0,86.0,,voiture,,2,2,6,1,6
202300033280,2023-01-17 08:15:00,2023,1,17,8,15,02,02722,GAMBETTA ( BOULEVARD ),49.3766,3.32974,Crépuscule ou aube,En agglomération,Giratoire,Normale,Autre collision,4,1,0,1,1,3,1,0,1,50,1,2,1,1,0,0,86.0,,voiture,,2,2,6,1,6
202300033281,2023-01-16 08:40:00,2023,1,16,8,40,64,64445,boulevard BARBANEGRE,43.29743904,-0.35898238,Plein jour,En agglomération,Hors intersection,Pluie forte,Autre collision,4,2,0,0,1,1,2,0,1,30,1,2,1,0,0,1,74.0,,voiture,,1,2,1,3,6
202300033282,2023-01-09 09:58:00,2023,1,9,9,58,62,62041,Rue André Gatoux,50.290661,2.75766,Plein jour,En agglomération,Hors intersection,Pluie légère,Deux véhicules - côté,4,1,1,0,1,1,2,0,1,30,2,2,1,0,1,0,23.0,25.0,voiture,deux_roues,1,2,1,2,3
202300033283,2023-01-16 17:45:00,2023,1,16,17,45,974,97416,RN03,-21.31177,55.4957,Crépuscule ou aube,Hors agglomération,Hors intersection,Normale,Trois véhicules et plus - en chaîne,2,2,4,0,2,1,1,0,1,110,6,11,10,0,1,0,45.0,24.0,voiture,voiture,2,1,1,1,4
202300033284,2023-01-17 16:30:00,2023,1,17,16,30,974,97411,LITTORAL (ROUTE 2 DU),-20.89325272,55.37836522,Plein jour,Hors agglomération,Hors intersection,Normale,Deux véhicules - côté,2,1,2,0,2,2,1,9,1,70,2,3,2,0,0,1,41.0,56.0,deux_roues,voiture,1,1,1,1,3
202300033285,2023-01-17 11:15:00,2023,1,17,11,15,973,97302,VOLTAIRE(AVENUE),4.94235483,-52.32242256,Plein jour,En agglomération,Intersection en X,Normale,Deux véhicules - côté,4,2,2,0,1,1,1,0,1,30,2,2,1,0,0,1,17.0,70.0,deux_roues,voiture,1,2,2,1,3
202300033285,2023-01-17 11:15:00,2023,1,17,11,15,973,97302,VOLTAIRE(AVENUE),4.94235483,-52.32242256,Plein jour,En agglomération,Intersection en X,Normale,Deux véhicules - côté,4,1,1,0,1,1,1,0,1,30,2,2,1,0,0,1,17.0,70.0,deux_roues,voiture,1,2,2,1,3
202300033286,2023-01-17 11:50:00,2023,1,17,11,50,973,97302,MARAN (RENE) CITE THEMIRE,4.93464494,-52.3212558,Plein jour,En agglomération,Intersection en T,Temps couvert,Deux véhicules - côté,4,2,2,0,1,1,1,9,1,50,2,3,1,0,0,2,68.0,33.0,voiture,deux_roues,1,2,3,8,3
202300033286,2023-01-17 11:50:00,2023,1,17,11,50,973,97302,MARAN (RENE) CITE THEMIRE,4.93464494,-52.3212558,Plein jour,En agglomération,Intersection en T,Temps couvert,Deux véhicules - côté,4,1,1,0,1,1,1,0,1,50,2,3,1,0,0,2,68.0,33.0,voiture,deux_roues,1,2,3,8,3