accident_id,datetime,annee,mois,jour,heure,minute,departement,commune_insee,adresse,latitude,longitude,luminosite,agglomeration,intersection,meteo,collision,catr,circ,nbv,vosp,prof,plan,surf,infra,situ,vma,nb_vehicules,nb_usagers,nb_indemnes,nb_tues,nb_blesses_hosp,nb_blesses_legers,age_cond_1,age_cond_2,veh_type_cond_1,veh_type_cond_2,lum_code,agg_code,int_code,atm_code,col_code
202300033358,2023-07-28 05:25:00,2023,7,28,5,25,76,76351,VALLEE (RUE DE LA),49.49328,0.15163,Nuit avec éclairage allumé,En agglomération,Intersection en T,Normale,Autre collision,4,1,1,0,1,1,2,0,4,50,1,5,1,0,0,4,22.0,,voiture,,5,2,3,1,6
202300033358,2023-07-28 05:25:00,2023,7,28,5,25,76,76351,VALLEE (RUE DE LA),49.49328,0.15163,Nuit avec éclairage allumé,En agglomération,Intersection en T,Normale,Autre collision,4,2,4,1,1,1,2,0,4,50,1,5,1,0,0,4,22.0,,voiture,,5,2,3,1,6
202300033359,2023-07-26 23:00:00,2023,7,26,23,0,76,76447,BELLE ETOILE,49.54054,0.17353,Nuit avec éclairage allumé,En agglomération,Hors intersection,Normale,Deux véhicules - frontale,3,2,2,1,2,2,2,0,1,50,2,3,1,0,0,2,42.0,34.0,voiture,voiture,5,2,1,1,1
202300033360,2023-07-28 20:45:00,2023,7,28,20,45,76,76384,MARRECHAL LECLERC (AVENUE DU),49.51488,0.5331,Crépuscule ou aube,En agglomération,Autre intersection,Temps couvert,Sans collision,3,4,2,0,1,2,1,5,3,30,1,2,1,0,0,1,34.0,,deux_roues,,2,2,9,8,7
202300033361,2023-06-16 13:40:00,2023,6,16,13,40,76,76114,DEBRAY  LOUIS (AVENUE),49.57763,0.47181,Plein jour,En agglomération,Hors intersection,Normale,Deux véhicules - arrière,4,2,2,0,2,1,1,0,1,50,2,4,2,0,0,2,57.0,26.0,voiture,voiture,1,2,1,1,2
202300033362,2023-07-28 19:00:00,2023,7,28,19,0,71,71306,GRANDE SORME (RUE DE LA ),46.69368,4.36364,Plein jour,En agglomération,Intersection en X,Normale,Deux véhicules - côté,3,2,2,0,1,1,1,0,1,50,2,2,1,0,1,0,67.0,20.0,voiture,deux_roues,1,2,2,1,3
202300033362,2023-07-28 19:00:00,2023,7,28,19,0,71,71306,GRANDE SORME (RUE DE LA ),46.69368,4.36364,Plein jour,En agglomération,Intersection en X,Normale,Deux véhicules - côté,3,2,2,-1,2,1,1,0,1,-1,2,2,1,0,1,0,67.0,20.0,voiture,deux_roues,1,2,2,1,3
202300033363,2023-07-28 18:25:00,2023,7,28,18,25,71,71486,ORADOUR-SUR-GLANE (RUE D'),46.66633,4.38181,Plein jour,En agglomération,Hors intersection,Normale,Sans collision,4,2,2,0,1,1,1,0,4,50,1,1,0,0,1,0,65.0,,deux_roues,,1,2,1,1,7
202300033364,2023-07-28 13:40:00,2023,7,28,13,40,69,69256,Avenue Franklin Roosevelt,45.74462056,4.93246302,Plein jour,En agglomération,Hors intersection,Normale,Autre collision,4,2,2,2,1,1,1,0,1,50,1,2,1,0,0,1,46.0,,voiture,,1,2,1,1,6
202300033365,2023-06-18 20:00:00,2023,6,18,20,0,69,69264,Route de Beauregard,45.99821,4.73941,Plein jour,En agglomération,Giratoire,Normale,Deux véhicules - frontale,3,1,2,0,1,3,1,9,8,50,2,2,1,0,0,1,25.0,19.0,deux_roues,voiture,1,2,6,1,1
202300033365,2023-06-18 20:00:00,2023,6,18,20,0,69,69264,Route de Beauregard,45.99821,4.73941,Plein jour,En agglomération,Giratoire,Normale,Deux véhicules - frontale,3,2,2,2,1,3,1,9,8,50,2,2,1,0,0,1,25.0,19.0,deux_roues,voiture,1,2,6,1,1
202300033366,2023-06-17 19:05:00,2023,6,17,19,5,68,68066,PARIS (AVENUE DE),48.07493,7.32973,Plein jour,En agglomération,Giratoire,Temps éblouissant,Deux véhicules - côté,4,-1,2,0,1,1,1,9,8,50,2,2,1,0,0,1,13.0,69.0,deux_roues,voiture,1,2,6,7,3
202300033366,2023-06-17 19:05:00,2023,6,17,19,5,68,68066,PARIS (AVENUE DE),48.07493,7.32973,Plein jour,En agglomération,Giratoire,Temps éblouissant,Deux véhicules - côté,4,2,2,0,1,1,1,9,8,50,2,2,1,0,0,1,13.0,69.0,deux_roues,voiture,1,2,6,7,3
202300033367,2023-07-26 18:25:00,2023,7,26,18,25,67,67218,ALFRED KASTLER (ROUTE),48.5418,7.73986,Plein jour,En agglomération,Hors intersection,Normale,Trois véhicules et plus - en chaîne,7,2,2,0,1,1,1,2,1,50,4,5,2,0,0,3,22.0,49.0,voiture,voiture,1,2,1,1,4
202300033368,2023-06-17 01:25:00,2023,6,17,1,25,67,67482,HOPITAL (ROUTE DE L ),48.57167,7.75057,Nuit avec éclairage allumé,En agglomération,Intersection en X,Normale,Deux véhicules - côté,4,2,3,0,1,1,1,8,1,50,2,2,1,0,1,0,,26.0,voiture,deux_roues,5,2,2,1,3
202300033368,2023-06-17 01:25:00,2023,6,17,1,25,67,67482,HOPITAL (ROUTE DE L ),48.57167,7.75057,Nuit avec éclairage allumé,En agglomération,Intersection en X,Normale,Deux véhicules - côté,4,1,3,0,1,1,1,0,1,50,2,2,1,0,1,0,,26.0,voiture,deux_roues,5,2,2,1,3
202300033369,2023-07-28 22:07:00,2023,7,28,22,7,64,64445,LIEGE DE,43.29886,-0.37497,Nuit avec éclairage allumé,En agglomération,Intersection en X,Normale,Deux véhicules - côté,4,2,3,0,1,1,1,0,1,30,2,4,1,0,0,3,21.0,34.0,voiture,voiture,5,2,2,1,3
202300033369,2023-07-28 22:07:00,2023,7,28,22,7,64,64445,LIEGE DE,43.29886,-0.37497,Nuit avec éclairage allumé,En agglomération,Intersection en X,Normale,Deux véhicules - côté,4,4,4,0,1,1,1,0,1,50,2,4,1,0,0,3,21.0,34.0,voiture,voiture,5,2,2,1,3
202300033369,2023-07-28 22:07:00,2023,7,28,22,7,64,64445,LIEGE DE,43.29886,-0.37497,Nuit avec éclairage allumé,En agglomération,Intersection en X,Normale,Deux véhicules - côté,4,2, -1,-1,1,1,1,0,1,-1,2,4,1,0,0,3,21.0,34.0,voiture,voiture,5,2,2,1,3
202300033370,2023-07-29 00:36:00,2023,7,29,0,36,64,64024,PINANE (RUE DE),43.48881,-1.51955,Nuit avec éclairage non allumé,En agglomération,Hors intersection,Normale,Deux véhicules - frontale,4,2,2,0,1,1,1,0,1,30,2,2,0,0,0,2,54.0,50.0,deux_roues,deux_roues,4,2,1,1,1
202300033371,2023-07-27 21:25:00,2023,7,27,21,25,64,64102,SOULT (AVENUE MARECHAL),43.48515,-1.49403,Crépuscule ou aube,En agglomération,Hors intersection,Normale,Deux véhicules - côté,3,3,4,3,2,1,1,0,1,50,2,3,1,0,2,0,17.0,,deux_roues,voiture,2,2,1,1,3
202300033372,2023-07-28 10:27:00,2023,7,28,10,27,63,63113,MICHELIN (AVENUE EDOUARD),45.78071826,3.10952783,Plein jour,En agglomération,Hors intersection,Normale,Deux véhicules - arrière,4,1,2,0,1,1,1,0,1,50,2,3,2,0,0,1,43.0,48.0,voiture,voiture,1,2,1,1,2
202300033373,2023-06-16 12:00:00,2023,6,16,12,0,61,61391,CANADIENS (RUE DES),48.773089,-0.569251,Plein jour,En agglomération,Giratoire,Normale,Deux véhicules - côté,3,2,2,0,1,2,1,5,1,50,2,2,1,0,0,1,18.0,62.0,deux_roues,voiture,1,2,6,1,3
202300033373,2023-06-16 12:00:00,2023,6,16,12,0,61,61391,CANADIENS (RUE DES),48.773089,-0.569251,Plein jour,En agglomération,Giratoire,Normale,Deux véhicules - côté,3,2,2,-1,1,1,1,0,1,-1,2,2,1,0,0,1,18.0,62.0,deux_roues,voiture,1,2,6,1,3
202300033374,2023-07-28 07:45:00,2023,7,28,7,45,59,59650,EGALITE (BOULEVARD DE L'),50.71015,3.19761,Plein jour,En agglomération,Intersection en X,Pluie légère,Deux véhicules - côté,7,3,4,1,1,1,2,0,1,50,2,6,3,0,1,2,31.0,32.0,voiture,voiture,1,2,2,2,3
202300033374,2023-07-28 07:45:00,2023,7,28,7,45,59,59650,EGALITE (BOULEVARD DE L'),50.71015,3.19761,Plein jour,En agglomération,Intersection en X,Pluie légère,Deux véhicules - côté,7,2,2,0,1,1,2,0,1,50,2,6,3,0,1,2,31.0,32.0,voiture,voiture,1,2,2,2,3
202300033375,2023-07-28 18:00:00,2023,7,28,18,0,54,54395,Rue Raymond Poincaré,48.69107127,6.17518008,Plein jour,En agglomération,Intersection en X,Normale,Autre collision,4,1, -1,3,1,1,1,-1,1,30,1,2,1,0,0,1,63.0,,voiture,,1,2,2,1,6
202300033375,2023-07-28 18:00:00,2023,7,28,18,0,54,54395,Rue Raymond Poincaré,48.69107127,6.17518008,Plein jour,En agglomération,Intersection en X,Normale,Autre collision,4,1,2,0,1,1,1,0,1,30,1,2,1,0,0,1,63.0,,voiture,,1,2,2,1,6
202300033376,2023-07-28 17:15:00,2023,7,28,17,15,51,51454,GIRAUD (AVENUE DU GENERAL),49.2408,4.05293,Plein jour,En agglomération,Intersection en T,Normale,Deux véhicules - côté,4,1,1,0,3,1,1,0,1,50,2,2,1,0,0,1,33.0,29.0,voiture,deux_roues,1,2,3,1,3
202300033376,2023-07-28 17:15:00,2023,7,28,17,15,51,51454,GIRAUD (AVENUE DU GENERAL),49.2408,4.05293,Plein jour,En agglomération,Intersection en T,Normale,Deux véhicules - côté,4,2,2,0,1,2,1,0,1,50,2,2,1,0,0,1,33.0,29.0,voiture,deux_roues,1,2,3,1,3
202300033377,2023-07-28 13:15:00,2023,7,28,13,15,51,51454,GIRAUD (AVENUE DU GENERAL),49.2408,4.05293,Plein jour,En agglomération,Intersection en T,Temps couvert,Deux véhicules - côté,4,1,1,0,3,1,2,0,1,50,2,2,1,0,0,1,29.0,25.0,deux_roues,voiture,1,2,3,8,3
202300033377,2023-07-28 13:15:00,2023,7,28,13,15,51,51454,GIRAUD (AVENUE DU GENERAL),49.2408,4.05293,Plein jour,En agglomération,Intersection en T,Temps couvert,Deux véhicules - côté,4,2,2,0,1,2,2,0,1,50,2,2,1,0,0,1,29.0,25.0,deux_roues,voiture,1,2,3,8,3
202300033378,2023-07-27 12:00:00,2023,7,27,12,0,51,51108,MARNE (RUE DE LA),48.95599,4.35922,Plein jour,En agglomération,Intersection en T,Normale,Deux véhicules - côté,4,2,2,0,1,1,1,0,1,30,2,2,1,0,1,0,60.0,48.0,deux_roues,voiture,1,2,3,1,3
202300033378,2023-07-27 12:00:00,2023,7,27,12,0,51,51108,MARNE (RUE DE LA),48.95599,4.35922,Plein jour,En agglomération,Intersection en T,Normale,Deux véhicules - côté,4,2,2,1,1,1,1,0,1,30,2,2,1,0,1,0,60.0,48.0,deux_roues,voiture,1,2,3,1,3
202300033379,2023-07-28 21:23:00,2023,7,28,21,23,49,49007,VILLESICARD RUE ET SQUARE,47.44857,-0.52969,Nuit avec éclairage allumé,En agglomération,Hors intersection,Normale,Deux véhicules - côté,4,2,2,0,1,1,1,0,1,30,2,2,1,0,0,1,,34.0,voiture,voiture,5,2,1,1,3
202300033380,2023-07-28 18:42:00,2023,7,28,18,42,49,49007,LIBERTE BOULEVARD,47.4487,-0.53672,Plein jour,En agglomération,Intersection en X,Normale,Sans collision,4,3,4,2,1,1,1,0,1,50,1,1,0,0,1,0,87.0,,voiture,,1,2,2,1,7
202300033380,2023-07-28 18:42:00,2023,7,28,18,42,49,49007,LIBERTE BOULEVARD,47.4487,-0.53672,Plein jour,En agglomération,Intersection en X,Normale,Sans collision,4,2,2,0,1,1,1,0,1,30,1,1,0,0,1,0,87.0,,voiture,,1,2,2,1,7
202300033381,2023-07-28 13:47:00,2023,7,28,13,47,49,49007,MONPROFIT PLACE,47.4743,-0.56715,Plein jour,En agglomération,Place,Pluie légère,Deux véhicules - côté,4,1,2,3,1,1,2,0,1,50,2,2,1,0,0,1,50.0,24.0,voiture,deux_roues,1,2,7,2,3
202300033381,2023-07-28 13:47:00,2023,7,28,13,47,49,49007,MONPROFIT PLACE,47.4743,-0.56715,Plein jour,En agglomération,Place,Pluie légère,Deux véhicules - côté,4,2,2,2,1,1,2,0,1,30,2,2,1,0,0,1,50.0,24.0,voiture,deux_roues,1,2,7,2,3
202300033382,2023-07-28 10:20:00,2023,7,28,10,20,49,49007,RD 323,47.4698,-0.58947,Plein jour,En agglomération,Hors intersection,Normale,Sans collision,3,1,2,0,1,2,2,0,1,90,1,1,0,0,0,1,21.0,,voiture,,1,2,1,1,7
202300033383,2023-07-28 09:25:00,2023,7,28,9,25,49,49007,SAINT EXUPERY,47.46801,-0.53704,Plein jour,En agglomération,Intersection en X,Pluie légère,Autre collision,4,2,2,2,1,1,2,0,1,50,1,2,1,0,0,1,32.0,,voiture,,1,2,2,2,6
202300033383,2023-07-28 09:25:00,2023,7,28,9,25,49,49007,SAINT EXUPERY,47.46801,-0.53704,Plein jour,En agglomération,Intersection en X,Pluie légère,Autre collision,4,2,2,0,1,1,2,0,1,30,1,2,1,0,0,1,32.0,,voiture,,1,2,2,2,6
202300033384,2023-07-27 08:06:00,2023,7,27,8,6,49,49007,MOULIN BOULEVARD,47.49236,-0.55054,Plein jour,En agglomération,Giratoire,Pluie légère,Deux véhicules - côté,4,3,4,0,1,3,2,0,1,30,2,2,1,0,0,1,58.0,33.0,voiture,deux_roues,1,2,6,2,3
202300033385,2023-06-19 00:30:00,2023,6,19,0,30,47,47001,VERONE (AVENUE DE),44.22326,0.61568,Nuit sans éclairage public,Hors agglomération,Hors intersection,Pluie légère,Sans collision,3,2,2,0,1,3,2,0,3,70,1,1,0,0,0,1,19.0,,voiture,,3,1,1,2,7
202300033386,2023-06-18 16:30:00,2023,6,18,16,30,47,47001,DUNKERQUE (QUAI DE),44.20876,0.6279,Plein jour,En agglomération,Giratoire,Normale,Deux véhicules - côté,3,2,2,0,1,1,1,0,1,50,2,2,1,0,0,1,41.0,53.0,deux_roues,voiture,1,2,6,1,3
202300033386,2023-06-18 16:30:00,2023,6,18,16,30,47,47001,DUNKERQUE (QUAI DE),44.20876,0.6279,Plein jour,En agglomération,Giratoire,Normale,Deux véhicules - côté,3,2,3,0,1,2,1,0,1,50,2,2,1,0,0,1,41.0,53.0,deux_roues,voiture,1,2,6,1,3
202300033387,2023-06-18 10:30:00,2023,6,18,10,30,47,47001,LECLERC (AV. DU GENERAL),44.19086,0.61663,Plein jour,En agglomération,Intersection en Y,Normale,Deux véhicules - côté,4,2,2,2,1,1,1,0,1,50,2,2,1,0,0,1,57.0,59.0,voiture,deux_roues,1,2,4,1,3
202300033387,2023-06-18 10:30:00,2023,6,18,10,30,47,47001,LECLERC (AV. DU GENERAL),44.19086,0.61663,Plein jour,En agglomération,Intersection en Y,Normale,Deux véhicules - côté,4,2,2,0,1,1,1,0,1,50,2,2,1,0,0,1,57.0,59.0,voiture,deux_roues,1,2,4,1,3
202300033388,2023-06-17 16:25:00,2023,6,17,16,25,45,45234,Avenue des Droits de l'Homme,47.91467091,1.9237318,Plein jour,En agglomération,Intersection en X,Normale,Deux véhicules - côté,4,2,2,0,1,1,1,0,1,50,2,4,2,0,1,1,34.0,47.0,voiture,deux_roues,1,2,2,1,3
202300033388,2023-06-17 16:25:00,2023,6,17,16,25,45,45234,Avenue des Droits de l'Homme,47.91467091,1.9237318,Plein jour,En agglomération,Intersection en X,Normale,Deux véhicules - côté,4,3,4,0,1,1,1,0,1,50,2,4,2,0,1,1,34.0,47.0,voiture,deux_roues,1,2,2,1,3
202300033389,2023-07-29 01:55:00,2023,7,29,1,55,41,41295,RD 956,47.58273,1.3661,Nuit sans éclairage public,Hors agglomération,Hors intersection,Normale,Autre collision,3,3,4,0,1,1,1,0,1,90,1,1,0,0,1,0,36.0,,voiture,,3,1,1,1,6
202300033390,2023-07-28 01:50:00,2023,7,28,1,50,39,39198,20 Rue Charles Blind,47.086128,5.501747,Nuit avec éclairage non allumé,En agglomération,Hors intersection,Normale,Deux véhicules - côté,4,2,2,0,2,2,1,0,1,30,2,2,1,0,1,0,,18.0,autre,deux_roues,4,2,1,1,3
202300033391,2023-07-28 06:50:00,2023,7,28,6,50,38,38185,Avenue Paul Verlaine,45.16183,5.71571,Plein jour,En agglomération,Intersection en X,Pluie légère,Deux véhicules - côté,7,2,0,2,1,1,2,0,5,30,2,3,2,0,1,0,19.0,30.0,deux_roues,voiture,1,2,2,2,3
202300033391,2023-07-28 06:50:00,2023,7,28,6,50,38,38185,Avenue Paul Verlaine,45.16183,5.71571,Plein jour,En agglomération,Intersection en X,Pluie légère,Deux véhicules - côté,7,2,5,1,1,1,2,0,5,30,2,3,2,0,1,0,19.0,30.0,deux_roues,voiture,1,2,2,2,3
202300033392,2023-06-18 20:54:00,2023,6,18,20,54,38,38185,D5,45.18559,5.73064,Plein jour,En agglomération,Hors intersection,Normale,Autre collision,7,4,1,1,1,1,1,0,1,50,1,5,3,0,0,2,45.0,,voiture,,1,2,1,1,6
202300033393,2023-06-17 19:05:00,2023,6,17,19,5,38,38421,RUE HENRI WALLON,45.17283,5.75864,Plein jour,En agglomération,Intersection en T,Normale,Deux véhicules - côté,4,2, -1,-1,1,1,1,0,1,-1,2,2,1,0,0,1,28.0,49.0,voiture,voiture,1,2,3,1,3
202300033393,2023-06-17 19:05:00,2023,6,17,19,5,38,38421,RUE HENRI WALLON,45.17283,5.75864,Plein jour,En agglomération,Intersection en T,Normale,Deux véhicules - côté,4,2,0,0,1,1,1,0,1,50,2,2,1,0,0,1,28.0,49.0,voiture,voiture,1,2,3,1,3
202300033394,2023-07-28 18:20:00,2023,7,28,18,20,37,37261,GIRAUDEAU (RUE),47.3822,0.677,Plein jour,En agglomération,Hors intersection,Normale,Autre collision,4,2,0,0,1,1,1,0,4,50,1,2,0,0,1,1,19.0,,voiture,,1,2,1,1,6
202300033395,2023-07-28 10:36:00,2023,7,28,10,36,34,34032,32 Boulevard Frédéric Mistral,43.34716,3.21857,Plein jour,En agglomération,Hors intersection,Normale,Autre collision,4,2,3,0,1,1,1,0,1,30,1,2,1,0,1,0,30.0,,voiture,,1,2,1,1,6
202300033396,2023-07-28 16:10:00,2023,7,28,16,10,34,34003,8 Avenue des Alizes,43.281082,3.493435,Plein jour,En agglomération,Hors intersection,Normale,Deux véhicules - côté,4,-1,2,0,1,1,1,0,1,50,2,2,1,0,0,1,23.0,17.0,voiture,deux_roues,1,2,1,1,3
202300033397,2023-07-27 18:20:00,2023,7,27,18,20,34,34003,RD612,43.2975,3.47783,Plein jour,Hors agglomération,Hors intersection,Normale,Deux véhicules - arrière,3,2,2,0,1,1,1,0,1,90,2,5,1,0,0,4,21.0,37.0,voiture,voiture,1,1,1,1,2
202300033398,2023-07-27 15:45:00,2023,7,27,15,45,33,33032,Quai de Vial,44.91923963,-0.5438903,Plein jour,Hors agglomération,Giratoire,Normale,Deux véhicules - côté,4,2,2,0,1,1,1,0,1,50,2,2,0,0,0,2,64.0,55.0,voiture,voiture,1,1,6,1,3
202300033398,2023-07-27 15:45:00,2023,7,27,15,45,33,33032,Quai de Vial,44.91923963,-0.5438903,Plein jour,Hors agglomération,Giratoire,Normale,Deux véhicules - côté,4,2,2,0,1,1,1,0,1,50,2,2,0,0,0,2,64.0,55.0,voiture,voiture,1,1,6,1,3
202300033399,2023-06-18 14:20:00,2023,6,18,14,20,33,33529,OCEAN (BD DE L'),44.634419,-1.202471,Plein jour,En agglomération,Intersection en T,Normale,Trois véhicules et plus - collisions multiples,3,2,2,0,1,1,1,0,1,50,3,3,2,0,0,1,25.0,67.0,utilitaire_camion,utilitaire_camion,1,2,3,1,5
202300033399,2023-06-18 14:20:00,2023,6,18,14,20,33,33529,OCEAN (BD DE L'),44.634419,-1.202471,Plein jour,En agglomération,Intersection en T,Normale,Trois véhicules et plus - collisions multiples,3,2,2,0,1,1,1,0,1,50,3,3,2,0,0,1,25.0,67.0,utilitaire_camion,utilitaire_camion,1,2,3,1,5
202300033400,2023-06-16 19:00:00,2023,6,16,19,0,33,33529,LIGNON (BD LOUIS),44.63350779,-1.18222386,Plein jour,Hors agglomération,Hors intersection,Normale,Autre collision,3,2,2,0,4,3,1,0,1,70,1,1,0,0,0,1,45.0,,deux_roues,,1,1,1,1,6
202300033401,2023-06-17 21:50:00,2023,6,17,21,50,31,31555,RTE DE SAINT SIMON,43.59005,1.41573,Nuit avec éclairage allumé,En agglomération,Hors intersection,Temps couvert,Deux véhicules - frontale,4,2,4,2,1,1,2,0,1,50,2,3,2,0,1,0,56.0,38.0,voiture,deux_roues,5,2,1,8,1
202300033402,2023-07-28 10:20:00,2023,7,28,10,20,29,29232,Pont de Poulguinan,47.98149755,-4.12038991,Plein jour,Hors agglomération,Hors intersection,Pluie légère,Autre collision,3,3,0,0,1,1,2,2,1,70,1,2,0,0,0,2,51.0,,deux_roues,,1,1,1,2,6
202300033403,2023-06-17 10:20:00,2023,6,17,10,20,29,29232,Rue Henri Barbusse,47.990399,-4.07394,Plein jour,Hors agglomération,Hors intersection,Normale,Deux véhicules - côté,3,1,2,0,1,2,1,0,1,30,2,2,1,0,0,1,59.0,29.0,utilitaire_camion,deux_roues,1,1,1,1,3
202300033404,2023-06-16 16:15:00,2023,6,16,16,15,29,29232,RN 165,47.99168,-4.043737,Plein jour,Hors agglomération,Hors intersection,Normale,Sans collision,2,3,4,0,2,2,1,0,1,110,2,2,1,0,0,1,41.0,23.0,deux_roues,voiture,1,1,1,1,7
202300033405,2023-07-28 18:30:00,2023,7,28,18,30,29,29019,rue de Gouesnou,48.41208995,-4.4684945,Plein jour,En agglomération,Hors intersection,Normale,Deux véhicules - côté,4,2,2,0,1,1,2,0,1,50,2,2,1,0,0,1,45.0,59.0,deux_roues,deux_roues,1,2,1,1,3
202300033406,2023-06-16 11:55:00,2023,6,16,11,55,28,28085,SABLONS (AVENUE DES),48.44971,1.51548,Plein jour,En agglomération,Hors intersection,Normale,Autre collision,4,2,2,0,1,1,1,0,1,30,1,2,1,0,0,1,52.0,,voiture,,1,2,1,1,6
202300033407,2023-06-18 00:02:00,2023,6,18,0,2,22,22360,MENDES FRANCE (AVENUE PIERRE),48.48931,-2.7669,Nuit sans éclairage public,Hors agglomération,Hors intersection,Normale,Autre collision,4,2,2,0,2,1,1,0,8,50,1,1,0,0,0,1,39.0,,voiture,,3,1,1,1,6
202300033408,2023-06-16 17:20:00,2023,6,16,17,20,19,19031,RIBOT (AVENUE),45.1647,1.51287,Plein jour,En agglomération,Hors intersection,Normale,Deux véhicules - arrière,4,2,2,0,1,1,1,0,1,50,2,2,1,0,0,1,17.0,84.0,deux_roues,voiture,1,2,1,1,2
202300033409,2023-06-18 19:45:00,2023,6,18,19,45,17,17300,CHERET   RUE JULES,46.16896,-1.1766,Plein jour,En agglomération,Hors intersection,Normale,Deux véhicules - côté,6,-1, -1,0,1,1,1,0,1,50,2,2,1,0,0,1,21.0,11.0,voiture,deux_roues,1,2,1,1,3
202300033410,2023-06-18 18:30:00,2023,6,18,18,30,17,17300,CHARLEVILLE MEZIERES   RUE DE,46.168835,-1.119714,Plein jour,En agglomération,Hors intersection,Normale,Autre collision,4,2,2,0,2,1,1,0,4,30,1,2,1,0,0,1,64.0,,voiture,,1,2,1,1,6
202300033411,2023-07-28 08:20:00,2023,7,28,8,20,17,17299,GAMBETTA RUE,45.940423,-0.971718,Plein jour,En agglomération,Hors intersection,Normale,Deux véhicules - côté,4,2,2,0,1,1,1,0,1,30,2,2,0,0,1,1,53.0,53.0,utilitaire_camion,deux_roues,1,2,1,1,3
202300033412,2023-06-16 18:30:00,2023,6,16,18,30,16,16089,BARBEZIEUX (ROUTE DE),45.68014,-0.32839,Plein jour,En agglomération,Hors intersection,Normale,Autre collision,3,2,2,0,1,1,1,0,1,50,1,1,0,0,0,1,39.0,,deux_roues,,1,2,1,1,6
202300033413,2023-07-27 20:20:00,2023,7,27,20,20,14,14118,1 Rue de la Pigacière,49.18831,-0.35981,Plein jour,En agglomération,Intersection en X,Normale,Deux véhicules - côté,4,2,2,0,1,1,1,0,1,50,2,4,3,0,0,1,48.0,36.0,voiture,voiture,1,2,2,1,3
202300033413,2023-07-27 20:20:00,2023,7,27,20,20,14,14118,1 Rue de la Pigacière,49.18831,-0.35981,Plein jour,En agglomération,Intersection en X,Normale,Deux véhicules - côté,4,-1,2,0,1,1,1,0,1,50,2,4,3,0,0,1,48.0,36.0,voiture,voiture,1,2,2,1,3
202300033414,2023-06-17 18:35:00,2023,6,17,18,35,13,13103,ROUTE D'ARLES-RN 113,43.64,4.97838,Plein jour,Hors agglomération,Hors intersection,Normale,Deux véhicules - frontale,3,2,2,0,1,1,1,0,1,80,2,3,0,0,2,1,65.0,53.0,voiture,voiture,1,1,1,1,1
202300033415,2023-07-27 09:30:00,2023,7,27,9,30,13,13207,CORSE (AVENUE DE LA),43.28879618,5.36043136,Plein jour,En agglomération,Hors intersection,Normale,Autre collision,4,1,2,3,1,1,1,0,6,50,1,2,1,0,0,1,42.0,,transport_commun,,1,2,1,1,6
202300033416,2023-06-18 01:15:00,2023,6,18,1,15,13,13210,PONT DE VIVAUX (BOULEVARD),43.28165,5.42759,Nuit avec éclairage allumé,En agglomération,Intersection en T,Normale,Deux véhicules - côté,4,1,1,0,1,1,1,0,1,50,2,2,1,0,0,1,19.0,27.0,voiture,deux_roues,5,2,3,1,3
202300033416,2023-06-18 01:15:00,2023,6,18,1,15,13,13210,PONT DE VIVAUX (BOULEVARD),43.28165,5.42759,Nuit avec éclairage allumé,En agglomération,Intersection en T,Normale,Deux véhicules - côté,4,2,2,0,1,1,1,0,1,50,2,2,1,0,0,1,19.0,27.0,voiture,deux_roues,5,2,3,1,3
202300033416,2023-06-18 01:15:00,2023,6,18,1,15,13,13210,PONT DE VIVAUX (BOULEVARD),43.28165,5.42759,Nuit avec éclairage allumé,En agglomération,Intersection en T,Normale,Deux véhicules - côté,4,2,2,0,1,1,1,0,1,50,2,2,1,0,0,1,19.0,27.0,voiture,deux_roues,5,2,3,1,3
202300033417,2023-06-18 14:15:00,2023,6,18,14,15,13,13208,MONTREDON (AVENUE DE),43.24384,5.37072,Plein jour,En agglomération,Hors intersection,Normale,Autre collision,4,1,1,2,1,1,1,0,1,50,1,4,0,0,0,4,20.0,,deux_roues,,1,2,1,1,6
202300033418,2023-06-18 12:00:00,2023,6,18,12,0,13,13213,OLIVES (AVENUE DES),43.32392,5.44547,Plein jour,En agglomération,Hors intersection,Normale,Trois véhicules et plus - en chaîne,4,2,2,0,1,1,1,0,1,50,3,4,0,0,0,4,27.0,52.0,voiture,voiture,1,2,1,1,4
202300033419,2023-06-17 23:25:00,2023,6,17,23,25,13,13215,SAINT ANTOINE A SAINT JOSEPH (CHEMIN DE),43.34994,5.375,Nuit avec éclairage allumé,En agglomération,Hors intersection,Normale,Autre collision,3,2,2,0,1,1,1,0,4,50,1,1,0,0,1,0,18.0,,deux_roues,,5,2,1,1,6
202300033420,2023-06-17 22:25:00,2023,6,17,22,25,13,13203,CLOVIS HUGUES (RUE),43.31029,5.3854,Crépuscule ou aube,En agglomération,Intersection en X,Normale,Deux véhicules - arrière,4,-1,2,0,1,1,1,0,1,50,2,5,2,0,0,3,39.0,20.0,voiture,voiture,2,2,2,1,2
202300033420,2023-06-17 22:25:00,2023,6,17,22,25,13,13203,CLOVIS HUGUES (RUE),43.31029,5.3854,Crépuscule ou aube,En agglomération,Intersection en X,Normale,Deux véhicules - arrière,4,-1,1,0,1,1,1,0,1,50,2,5,2,0,0,3,39.0,20.0,voiture,voiture,2,2,2,1,2
202300033421,2023-06-17 19:07:00,2023,6,17,19,7,13,13211,ROUGUIERE (ALLÉE DE LA ),43.29375,5.4566,Plein jour,En agglomération,Intersection en Y,Normale,Deux véhicules - frontale,4,2,2,0,2,2,1,0,1,50,2,3,1,0,0,2,62.0,18.0,voiture,deux_roues,1,2,4,1,1
202300033421,2023-06-17 19:07:00,2023,6,17,19,7,13,13211,ROUGUIERE (ALLÉE DE LA ),43.29375,5.4566,Plein jour,En agglomération,Intersection en Y,Normale,Deux véhicules - frontale,4,2,2,0,1,1,1,0,1,50,2,3,1,0,0,2,62.0,18.0,voiture,deux_roues,1,2,4,1,1