accident_id,datetime,annee,mois,jour,heure,minute,departement,commune_insee,adresse,latitude,longitude,luminosite,agglomeration,intersection,meteo,collision,catr,circ,nbv,vosp,prof,plan,surf,infra,situ,vma,nb_vehicules,nb_usagers,nb_indemnes,nb_tues,nb_blesses_hosp,nb_blesses_legers,age_cond_1,age_cond_2,veh_type_cond_1,veh_type_cond_2,lum_code,agg_code,int_code,atm_code,col_code
202300033422,2023-06-17 11:40:00,2023,6,17,11,40,13,13208,GRAND LARGE (PROMENADE DU),43.23973,5.36264,Plein jour,En agglomération,Hors intersection,Normale,Deux véhicules - côté,4,1,1,0,1,1,1,0,1,50,2,3,1,0,0,2,19.0,37.0,deux_roues,voiture,1,2,1,1,3
202300033423,2023-06-17 11:30:00,2023,6,17,11,30,13,13215,Chemin de la madrague ville,43.33342775,5.35847623,Plein jour,En agglomération,Hors intersection,Normale,Deux véhicules - côté,4,2,2,0,1,3,1,0,1,50,2,3,0,0,0,3,21.0,69.0,voiture,voiture,1,2,1,1,3
202300033424,2023-06-16 14:15:00,2023,6,16,14,15,13,13209,LEON (BOULEVARD),43.26423,5.39896,Plein jour,En agglomération,Intersection en X,Normale,Deux véhicules - arrière,4,1,1,0,1,1,1,0,1,50,1,2,1,0,0,1,,,utilitaire_camion,,1,2,2,1,2
202300033424,2023-06-16 14:15:00,2023,6,16,14,15,13,13209,LEON (BOULEVARD),43.26423,5.39896,Plein jour,En agglomération,Intersection en X,Normale,Deux véhicules - arrière,4,1,1,0,1,1,1,0,1,50,1,2,1,0,0,1,,,utilitaire_camion,,1,2,2,1,2
202300033425,2023-06-16 13:38:00,2023,6,16,13,38,13,13213,CHATEAU GOMBERT CHEMIN,43.33755,5.4209,Plein jour,En agglomération,Intersection en X,Normale,Deux véhicules - côté,4,2,5,0,1,1,1,0,1,50,2,2,0,0,0,2,25.0,24.0,voiture,voiture,1,2,2,1,3
202300033425,2023-06-16 13:38:00,2023,6,16,13,38,13,13213,CHATEAU GOMBERT CHEMIN,43.33755,5.4209,Plein jour,En agglomération,Intersection en X,Normale,Deux véhicules - côté,4,2,2,0,2,1,1,0,1,50,2,2,0,0,0,2,25.0,24.0,voiture,voiture,1,2,2,1,3
202300033426,2023-06-17 17:30:00,2023,6,17,17,30,13,13047,RN 1569,43.58277424,4.98536825,Plein jour,Hors agglomération,Hors intersection,Normale,Deux véhicules - frontale,2,2,2,0,1,1,1,0,1,80,2,3,0,0,3,0,55.0,35.0,voiture,voiture,1,1,1,1,1
202300033427,2023-06-16 17:55:00,2023,6,16,17,55,13,13005,CIOTAT (ROUTE DE LA RN559),43.27268,5.59006,Plein jour,Hors agglomération,Hors intersection,Normale,Deux véhicules - côté,3,2,2,0,2,1,1,0,1,80,2,4,3,0,0,1,68.0,24.0,utilitaire_camion,deux_roues,1,1,1,1,3
202300033428,2023-06-16 20:35:00,2023,6,16,20,35,13,13005,SALENGRO (AVENUE ROGER),43.29962,5.56949,Plein jour,En agglomération,Hors intersection,Normale,Deux véhicules - côté,4,-1,2,0,2,1,1,0,1,50,3,3,2,0,1,0,46.0,,transport_commun,voiture,1,2,1,1,3
202300033429,2023-06-16 15:20:00,2023,6,16,15,20,13,13005,RD 559 A (ROUTE DE LA BEDOULE),43.26714,5.58786,Plein jour,Hors agglomération,Autre intersection,Normale,Deux véhicules - côté,3,2,2,0,2,3,1,3,1,80,2,3,2,0,1,0,25.0,24.0,voiture,deux_roues,1,1,9,1,3
202300033430,2023-06-16 12:00:00,2023,6,16,12,0,13,13005,RN 8,43.28501,5.5918,Plein jour,En agglomération,Hors intersection,Normale,Deux véhicules - côté,4,2,2,0,1,1,1,0,1,50,2,6,4,0,0,2,25.0,82.0,deux_roues,voiture,1,2,1,1,3
202300033431,2023-07-27 23:20:00,2023,7,27,23,20,10,10333,ECHENILLY (RUE),48.27882,4.04089,Nuit avec éclairage allumé,Hors agglomération,Autre intersection,Normale,Deux véhicules - côté,3,-1,4,0,1,1,1,3,1,50,2,4,1,0,0,3,22.0,34.0,voiture,voiture,5,1,9,1,3
202300033432,2023-07-28 23:15:00,2023,7,28,23,15,10,10333,AUXERRE (ROUTE),48.27458,4.05909,Nuit avec éclairage allumé,En agglomération,Hors intersection,Normale,Trois véhicules et plus - collisions multiples,4,2,2,0,1,1,1,0,1,50,3,4,3,0,0,1,22.0,49.0,autre,autre,5,2,1,1,5
202300033433,2023-06-16 09:55:00,2023,6,16,9,55,07,07019,D104,44.61507,4.40854,Plein jour,Hors agglomération,Hors intersection,Normale,Deux véhicules - frontale,3,2,2,0,1,1,1,0,1,90,2,2,0,0,1,1,22.0,66.0,voiture,voiture,1,1,1,1,1
202300033434,2023-07-27 13:20:00,2023,7,27,13,20,06,06088,CANTA GALET (RTE DE),43.697662,7.230787,Plein jour,En agglomération,Intersection en Y,Normale,Autre collision,4,2,3,0,2,1,1,0,1,50,1,2,1,0,1,0,39.0,,utilitaire_camion,,1,2,4,1,6
202300033434,2023-07-27 13:20:00,2023,7,27,13,20,06,06088,CANTA GALET (RTE DE),43.697662,7.230787,Plein jour,En agglomération,Intersection en Y,Normale,Autre collision,4,2,2,0,2,3,1,0,1,50,1,2,1,0,1,0,39.0,,utilitaire_camion,,1,2,4,1,6
202300033435,2023-06-16 22:00:00,2023,6,16,22,0,06,06088,MONT-BORON (R. FOREST. DU),43.69142,7.30309,Nuit sans éclairage public,Hors agglomération,Autre intersection,Normale,Autre collision,9,2,2,0,2,4,1,0,8,50,1,2,1,0,0,1,,,deux_roues,,3,1,9,1,6
202300033436,2023-07-28 10:10:00,2023,7,28,10,10,06,06123,RN202BIS,43.71477,7.1828,Plein jour,Hors agglomération,Hors intersection,Normale,Deux véhicules - arrière,7,1,3,0,1,1,1,0,1,110,2,2,1,0,0,1,58.0,27.0,transport_commun,deux_roues,1,1,1,1,2
202300033437,2023-07-22 14:25:00,2023,7,22,14,25,02,02408,,49.56864,3.64677,Plein jour,En agglomération,Giratoire,Normale,Deux véhicules - arrière,3,1,2,0,1,2,1,0,1,30,2,4,3,0,1,0,50.0,48.0,deux_roues,voiture,1,2,6,1,2
202300033437,2023-07-22 14:25:00,2023,7,22,14,25,02,02408,,49.56864,3.64677,Plein jour,En agglomération,Giratoire,Normale,Deux véhicules - arrière,3,1,2,0,1,2,1,0,1,30,2,4,3,0,1,0,50.0,48.0,deux_roues,voiture,1,2,6,1,2
202300033438,2023-07-28 19:50:00,2023,7,28,19,50,75,75117,ECHANGEUR MAILLOT,48.882612,2.283497,Plein jour,En agglomération,Hors intersection,Pluie forte,Sans collision,4,1,4,0,1,1,2,1,1,70,1,1,0,0,0,1,53.0,,deux_roues,,1,2,1,3,7
202300033439,2023-07-28 08:45:00,2023,7,28,8,45,75,75115,ECHANGEUR ISSY,48.83479937,2.26808667,Plein jour,En agglomération,Hors intersection,Pluie forte,Sans collision,4,1,2,0,3,2,3,0,1,50,1,1,0,0,0,1,36.0,,deux_roues,,1,2,1,3,7
202300033440,2023-07-26 12:50:00,2023,7,26,12,50,75,75112,BOULEVARD PERIPHERIQUE INTERIEUR PORTE DE BERCY,48.827581,2.392145,Plein jour,En agglomération,Hors intersection,Normale,Sans collision,4,1,4,0,1,1,1,0,1,70,1,1,0,0,0,1,39.0,,deux_roues,,1,2,1,1,7
202300033441,2023-06-16 09:40:00,2023,6,16,9,40,75,75113,BOULEVARD VINCENT AURIOL,48.832724,2.362208,Plein jour,En agglomération,Place,Normale,Deux véhicules - côté,4,3,2,1,2,1,1,0,1,30,2,2,1,0,1,0,44.0,45.0,voiture,deux_roues,1,2,7,1,3
202300033441,2023-06-16 09:40:00,2023,6,16,9,40,75,75113,BOULEVARD VINCENT AURIOL,48.832724,2.362208,Plein jour,En agglomération,Place,Normale,Deux véhicules - côté,4,2,4,0,1,1,1,0,1,30,2,2,1,0,1,0,44.0,45.0,voiture,deux_roues,1,2,7,1,3
202300033442,2023-07-28 19:40:00,2023,7,28,19,40,75,75106,RUE DE VAUGIRARD,48.848253,2.331047,Plein jour,En agglomération,Intersection en X,Pluie légère,Deux véhicules - côté,4,-1,0,0,1,1,2,0,1,30,2,2,1,0,0,1,43.0,42.0,voiture,deux_roues,1,2,2,2,3
202300033442,2023-07-28 19:40:00,2023,7,28,19,40,75,75106,RUE DE VAUGIRARD,48.848253,2.331047,Plein jour,En agglomération,Intersection en X,Pluie légère,Deux véhicules - côté,4,1,1,0,1,1,2,0,1,30,2,2,1,0,0,1,43.0,42.0,voiture,deux_roues,1,2,2,2,3
202300033443,2023-07-28 09:54:00,2023,7,28,9,54,75,75105,QUAI DE MONTEBELLO,48.852641,2.347641,Plein jour,En agglomération,Intersection en T,Pluie légère,Deux véhicules - côté,4,1,2,1,1,1,2,0,1,30,2,2,1,0,0,1,44.0,49.0,deux_roues,utilitaire_camion,1,2,3,2,3
202300033443,2023-07-28 09:54:00,2023,7,28,9,54,75,75105,QUAI DE MONTEBELLO,48.852641,2.347641,Plein jour,En agglomération,Intersection en T,Pluie légère,Deux véhicules - côté,4,1,1,0,1,1,2,0,1,30,2,2,1,0,0,1,44.0,49.0,deux_roues,utilitaire_camion,1,2,3,2,3
202300033444,2023-07-26 13:00:00,2023,7,26,13,0,75,75116,RUE JEAN DE LA FONTAINE,48.851109,2.272344,Plein jour,En agglomération,Intersection en X,Normale,Deux véhicules - côté,4,2,2,0,1,1,1,0,1,30,2,2,1,0,0,1,43.0,46.0,deux_roues,voiture,1,2,2,1,3
202300033444,2023-07-26 13:00:00,2023,7,26,13,0,75,75116,RUE JEAN DE LA FONTAINE,48.851109,2.272344,Plein jour,En agglomération,Intersection en X,Normale,Deux véhicules - côté,4,1,1,0,1,1,1,0,1,30,2,2,1,0,0,1,43.0,46.0,deux_roues,voiture,1,2,2,1,3
202300033445,2023-07-27 13:45:00,2023,7,27,13,45,75,75114,BOULEVARD ARAGO,48.834483,2.33433,Plein jour,En agglomération,Hors intersection,Pluie légère,Autre collision,4,2,4,1,1,1,2,0,1,30,2,2,1,0,0,1,61.0,43.0,deux_roues,utilitaire_camion,1,2,1,2,6
202300033446,2023-07-26 15:25:00,2023,7,26,15,25,75,75114,RUE FROIDEVAUX,48.837618,2.322947,Plein jour,En agglomération,Intersection en X,Normale,Trois véhicules et plus - en chaîne,4,2, -1,0,1,1,1,0,1,-1,4,6,4,0,0,2,39.0,49.0,utilitaire_camion,voiture,1,2,2,1,4
202300033446,2023-07-26 15:25:00,2023,7,26,15,25,75,75114,RUE FROIDEVAUX,48.837618,2.322947,Plein jour,En agglomération,Intersection en X,Normale,Trois véhicules et plus - en chaîne,4,2,2,1,1,1,1,0,1,30,4,6,4,0,0,2,39.0,49.0,utilitaire_camion,voiture,1,2,2,1,4
202300033447,2023-07-28 13:35:00,2023,7,28,13,35,75,75110,RUE DU FAUBOURG POISSONNIERE,48.875775,2.348226,Plein jour,En agglomération,Intersection en X,Pluie légère,Autre collision,4,1,1,-1,1,1,2,0,1,30,1,2,1,0,0,1,33.0,,voiture,,1,2,2,2,6
202300033447,2023-07-28 13:35:00,2023,7,28,13,35,75,75110,RUE DU FAUBOURG POISSONNIERE,48.875775,2.348226,Plein jour,En agglomération,Intersection en X,Pluie légère,Autre collision,4,1,1,0,1,1,2,0,1,30,1,2,1,0,0,1,33.0,,voiture,,1,2,2,2,6
202300033448,2023-07-28 13:15:00,2023,7,28,13,15,75,75109,RUE DE MOGADOR,48.874624,2.33136,Plein jour,En agglomération,Intersection en X,Normale,Autre collision,4,1,2,0,1,1,1,0,1,30,1,2,1,0,0,1,37.0,,voiture,,1,2,2,1,6
202300033448,2023-07-28 13:15:00,2023,7,28,13,15,75,75109,RUE DE MOGADOR,48.874624,2.33136,Plein jour,En agglomération,Intersection en X,Normale,Autre collision,4,1,1,0,1,1,1,0,1,30,1,2,1,0,0,1,37.0,,voiture,,1,2,2,1,6
202300033449,2023-07-28 14:55:00,2023,7,28,14,55,94,94058,Boulevard de la Liberté,48.837225,2.495582,Plein jour,En agglomération,Hors intersection,Pluie légère,Autre collision,4,2,2,0,2,1,2,0,8,30,1,2,1,0,0,1,56.0,,voiture,,1,2,1,2,6
202300033450,2023-07-28 17:00:00,2023,7,28,17,0,94,94046,Rue Michelet,48.811733,2.454137,Plein jour,En agglomération,Intersection en X,Pluie légère,Deux véhicules - côté,4,2,2,0,1,1,2,0,1,50,2,2,0,0,0,2,23.0,41.0,utilitaire_camion,voiture,1,2,2,2,3
202300033450,2023-07-28 17:00:00,2023,7,28,17,0,94,94046,Rue Michelet,48.811733,2.454137,Plein jour,En agglomération,Intersection en X,Pluie légère,Deux véhicules - côté,4,2,2,0,1,1,2,5,1,50,2,2,0,0,0,2,23.0,41.0,utilitaire_camion,voiture,1,2,2,2,3
202300033451,2023-07-28 15:00:00,2023,7,28,15,0,94,94011,Rue Pierre Sémard,48.76315,2.478971,Plein jour,En agglomération,Giratoire,Pluie légère,Deux véhicules - côté,3,-1,0,0,1,1,2,0,1,50,2,3,2,0,0,1,19.0,44.0,voiture,voiture,1,2,6,2,3
202300033451,2023-07-28 15:00:00,2023,7,28,15,0,94,94011,Rue Pierre Sémard,48.76315,2.478971,Plein jour,En agglomération,Giratoire,Pluie légère,Deux véhicules - côté,3,-1,1,0,1,1,2,0,1,50,2,3,2,0,0,1,19.0,44.0,voiture,voiture,1,2,6,2,3
202300033452,2023-07-28 20:00:00,2023,7,28,20,0,94,94079,Route de Bry,48.83154,2.53418,Plein jour,En agglomération,Intersection en T,Pluie légère,Autre collision,3,2,2,0,1,1,2,0,1,50,1,2,1,0,0,1,48.0,,utilitaire_camion,,1,2,3,2,6
202300033452,2023-07-28 20:00:00,2023,7,28,20,0,94,94079,Route de Bry,48.83154,2.53418,Plein jour,En agglomération,Intersection en T,Pluie légère,Autre collision,3,2, -1,0,1,1,2,0,1,-1,1,2,1,0,0,1,48.0,,utilitaire_camion,,1,2,3,2,6
202300033453,2023-07-28 18:10:00,2023,7,28,18,10,94,94017,Avenue du Général de Gaulle,48.82123,2.48796,Plein jour,En agglomération,Intersection en T,Pluie légère,Trois véhicules et plus - collisions multiples,3,3,2,0,1,1,2,0,1,50,3,4,2,0,0,2,23.0,23.0,utilitaire_camion,deux_roues,1,2,3,2,5
202300033453,2023-07-28 18:10:00,2023,7,28,18,10,94,94017,Avenue du Général de Gaulle,48.82123,2.48796,Plein jour,En agglomération,Intersection en T,Pluie légère,Trois véhicules et plus - collisions multiples,3,2,2,0,1,1,2,0,1,30,3,4,2,0,0,2,23.0,23.0,utilitaire_camion,deux_roues,1,2,3,2,5
202300033454,2023-07-26 11:40:00,2023,7,26,11,40,94,94017,Avenue du Général de Gaulle,48.82746,2.52208,Plein jour,En agglomération,Intersection en T,Normale,Deux véhicules - arrière,3,2,3,0,1,1,1,0,1,50,2,2,1,0,0,1,21.0,71.0,voiture,deux_roues,1,2,3,1,2
202300033454,2023-07-26 11:40:00,2023,7,26,11,40,94,94017,Avenue du Général de Gaulle,48.82746,2.52208,Plein jour,En agglomération,Intersection en T,Normale,Deux véhicules - arrière,3,1,3,0,1,1,1,0,1,50,2,2,1,0,0,1,21.0,71.0,voiture,deux_roues,1,2,3,1,2
202300033455,2023-07-28 16:40:00,2023,7,28,16,40,95,95527,A3,49.00085617,2.52058178,Plein jour,Hors agglomération,Hors intersection,Pluie forte,Deux véhicules - arrière,1,-1,3,0,1,1,2,0,1,90,2,4,1,0,0,3,37.0,37.0,voiture,voiture,1,1,1,3,2
202300033456,2023-07-28 13:00:00,2023,7,28,13,0,93,93032,Rue Hippolyte Pina / Avenue de Rambouillet,48.87226727,2.54708469,Plein jour,En agglomération,Intersection en T,Pluie légère,Deux véhicules - côté,3,2,2,1,1,1,2,0,1,50,2,2,1,0,0,1,26.0,28.0,deux_roues,utilitaire_camion,1,2,3,2,3
202300033456,2023-07-28 13:00:00,2023,7,28,13,0,93,93032,Rue Hippolyte Pina / Avenue de Rambouillet,48.87226727,2.54708469,Plein jour,En agglomération,Intersection en T,Pluie légère,Deux véhicules - côté,3,2,2,0,1,1,2,0,1,50,2,2,1,0,0,1,26.0,28.0,deux_roues,utilitaire_camion,1,2,3,2,3
202300033457,2023-07-28 20:00:00,2023,7,28,20,0,93,93049,Rue Pierre Brossolette,48.86460544,2.5011275,Crépuscule ou aube,En agglomération,Hors intersection,Pluie forte,Autre collision,4,1,1,0,1,1,3,0,1,50,1,1,0,0,0,1,28.0,,voiture,,2,2,1,3,6
202300033458,2023-07-28 13:55:00,2023,7,28,13,55,93,93046,Boulevard de l'Europe,48.93298,2.56114,Plein jour,En agglomération,Hors intersection,Temps couvert,Deux véhicules - côté,3,3,4,0,1,1,2,0,1,90,2,3,1,0,1,1,82.0,33.0,voiture,voiture,1,2,1,8,3
202300033459,2023-07-28 20:05:00,2023,7,28,20,5,93,93063,Rue de Paris / Avenue de Metz,48.89637647,2.43055828,Plein jour,En agglomération,Autre intersection,Pluie légère,Deux véhicules - côté,3,3,2,0,1,1,2,5,1,50,2,3,2,0,1,0,33.0,47.0,deux_roues,voiture,1,2,9,2,3
202300033459,2023-07-28 20:05:00,2023,7,28,20,5,93,93063,Rue de Paris / Avenue de Metz,48.89637647,2.43055828,Plein jour,En agglomération,Autre intersection,Pluie légère,Deux véhicules - côté,3,3,2,0,1,1,2,5,1,50,2,3,2,0,1,0,33.0,47.0,deux_roues,voiture,1,2,9,2,3
202300033460,2023-07-28 08:00:00,2023,7,28,8,0,92,92072,Pont de Sèvres,48.82812851,2.22600442,Plein jour,En agglomération,Hors intersection,Pluie légère,Autre collision,3,3,2,0,1,1,2,2,1,50,1,1,0,0,0,1,33.0,,voiture,,1,2,1,2,6
202300033461,2023-07-26 13:50:00,2023,7,26,13,50,92,92064,REPUBLIQUE,48.85146101,2.21314682,Plein jour,En agglomération,Hors intersection,Normale,Autre collision,3,-1,2,0,1,1,1,0,1,50,1,1,0,0,0,1,35.0,,utilitaire_camion,,1,2,1,1,6
202300033462,2023-07-28 16:15:00,2023,7,28,16,15,92,92049,BROSSOLETTE AVENUE PIERRE,48.81984168,2.31084967,Plein jour,En agglomération,Intersection à plus de 4 branches,Pluie légère,Deux véhicules - côté,3,2,7,3,1,1,2,0,1,50,2,5,3,0,0,2,32.0,74.0,voiture,voiture,1,2,5,2,3
202300033462,2023-07-28 16:15:00,2023,7,28,16,15,92,92049,BROSSOLETTE AVENUE PIERRE,48.81984168,2.31084967,Plein jour,En agglomération,Intersection à plus de 4 branches,Pluie légère,Deux véhicules - côté,3,2,7,3,1,1,2,0,1,50,2,5,3,0,0,2,32.0,74.0,voiture,voiture,1,2,5,2,3
202300033463,2023-07-28 14:27:00,2023,7,28,14,27,92,92044,J. GUESDES(RUE)103A139ET122A148,48.89706659,2.2893025,Plein jour,En agglomération,Intersection en X,Pluie légère,Deux véhicules - arrière,4,1,2,0,1,1,2,0,1,30,2,2,0,0,0,2,21.0,33.0,utilitaire_camion,voiture,1,2,2,2,2
202300033463,2023-07-28 14:27:00,2023,7,28,14,27,92,92044,J. GUESDES(RUE)103A139ET122A148,48.89706659,2.2893025,Plein jour,En agglomération,Intersection en X,Pluie légère,Deux véhicules - arrière,4,-1,1,1,1,1,2,0,1,30,2,2,0,0,0,2,21.0,33.0,utilitaire_camion,voiture,1,2,2,2,2
202300033464,2023-07-28 01:28:00,2023,7,28,1,28,92,92004,DOCTEUR DERVAUX  ( QUAI DU ),48.91130838,2.29871696,Nuit avec éclairage allumé,En agglomération,Intersection en X,Normale,Deux véhicules - arrière,3,-1,2,0,1,1,1,0,1,50,2,2,1,0,0,1,24.0,41.0,voiture,transport_commun,5,2,2,1,2
202300033464,2023-07-28 01:28:00,2023,7,28,1,28,92,92004,DOCTEUR DERVAUX  ( QUAI DU ),48.91130838,2.29871696,Nuit avec éclairage allumé,En agglomération,Intersection en X,Normale,Deux véhicules - arrière,3,-1,2,0,1,1,1,0,1,50,2,2,1,0,0,1,24.0,41.0,voiture,transport_commun,5,2,2,1,2
202300033465,2023-07-29 18:20:00,2023,7,29,18,20,60,60160,D1017,49.617002,2.723309,Plein jour,Hors agglomération,Hors intersection,Normale,Autre collision,3,2,2,0,1,1,1,0,1,80,1,1,0,1,0,0,34.0,,voiture,,1,1,1,1,6
202300033466,2023-07-28 18:55:00,2023,7,28,18,55,33,33040,D13,44.654718,-0.318636,Plein jour,En agglomération,Hors intersection,Normale,Deux véhicules - frontale,3,2,2,0,1,3,1,0,1,50,2,5,2,0,3,0,55.0,35.0,voiture,utilitaire_camion,1,2,1,1,1
202300033467,2023-07-29 17:10:00,2023,7,29,17,10,28,28031,PK 106+500,48.224079,0.971357,Plein jour,Hors agglomération,Hors intersection,Normale,Deux véhicules - arrière,1,1,3,0,1,1,1,0,1,130,2,8,4,0,1,3,43.0,36.0,voiture,voiture,1,1,1,1,2
202300033468,2023-07-28 12:43:00,2023,7,28,12,43,972,97222,N1,14.667754,-60.963564,Plein jour,Hors agglomération,Hors intersection,Pluie forte,Trois véhicules et plus - collisions multiples,2,2,2,0,2,1,2,0,3,80,3,4,3,0,1,0,22.0,61.0,deux_roues,voiture,1,1,1,3,5
202300033469,2023-07-28 12:05:00,2023,7,28,12,5,76,76616,"Hameau d'Énitot, route d'Epouville",49.543039,0.239071,Plein jour,Hors agglomération,Autre intersection,Temps couvert,Sans collision,4,2,2,0,2,2,6,0,3,80,1,1,0,0,1,0,40.0,,deux_roues,,1,1,9,8,7
202300033470,2023-07-28 19:30:00,2023,7,28,19,30,86,86165,Rue Prépaudière,46.427245,0.870273,Plein jour,En agglomération,Hors intersection,Normale,Sans collision,4,1,1,0,2,1,2,0,1,50,1,1,0,0,1,0,48.0,,deux_roues,,1,2,1,1,7
202300033471,2023-07-29 05:45:00,2023,7,29,5,45,68,68315,Route de Guebwiller,47.898844,7.220791,Crépuscule ou aube,En agglomération,Hors intersection,Normale,Sans collision,3,3,2,0,1,1,1,0,1,50,1,3,0,0,2,1,20.0,,voiture,,2,2,1,1,7
202300033472,2023-07-29 13:00:00,2023,7,29,13,0,62,62527,D901,50.526231,1.764454,Plein jour,Hors agglomération,Hors intersection,Pluie forte,Deux véhicules - frontale,3,2,2,0,1,1,2,0,1,80,2,2,1,0,0,1,79.0,26.0,voiture,voiture,1,1,1,3,1
202300033473,2023-07-29 06:30:00,2023,7,29,6,30,83,83116,Hameau Colbert,43.458554,5.864049,Plein jour,En agglomération,Giratoire,Normale,Autre collision,3,2,2,0,1,3,1,5,3,50,1,1,0,0,1,0,26.0,,deux_roues,,1,2,6,1,6
202300033474,2023-07-27 19:00:00,2023,7,27,19,0,62,62080,D917,50.10480179,2.86194155,Plein jour,En agglomération,Hors intersection,Pluie légère,Deux véhicules - arrière,3,3,1,0,1,1,2,0,1,50,2,5,2,0,0,3,56.0,39.0,voiture,voiture,1,2,1,2,2
202300033475,2023-07-28 18:21:00,2023,7,28,18,21,56,56129,Les Senardieres,48.13285,-2.473029,Plein jour,Hors agglomération,Hors intersection,Normale,Autre collision,3,2,2,0,2,3,1,0,3,80,1,1,0,1,0,0,29.0,,voiture,,1,1,1,1,6
202300033476,2023-11-10 14:15:00,2023,11,10,14,15,75,75118,AVENUE DE SAINT OUEN,48.893015,2.327435,Plein jour,En agglomération,Intersection en X,Pluie légère,Autre collision,4,2,2,1,1,1,2,0,5,30,1,2,1,0,0,1,19.0,,deux_roues,,1,2,2,2,6
202300033476,2023-11-10 14:15:00,2023,11,10,14,15,75,75118,AVENUE DE SAINT OUEN,48.893015,2.327435,Plein jour,En agglomération,Intersection en X,Pluie légère,Autre collision,4,2, -1,0,1,1,2,0,1,30,1,2,1,0,0,1,19.0,,deux_roues,,1,2,2,2,6
202300033477,2023-07-29 07:20:00,2023,7,29,7,20,79,79050,,46.870798,-0.603948,Plein jour,Hors agglomération,Hors intersection,Pluie forte,Sans collision,3,2,2,0,1,1,2,0,1,80,1,1,0,0,1,0,52.0,,deux_roues,,1,1,1,3,7
202300033478,2023-11-10 16:00:00,2023,11,10,16,0,75,75117,AVENUE GOURGAUD,48.886173,2.297328,Plein jour,En agglomération,Hors intersection,Pluie forte,Deux véhicules - côté,4,2,2,0,1,3,2,0,1,30,2,2,1,0,1,0,27.0,36.0,voiture,deux_roues,1,2,1,3,3
202300033479,2023-07-07 17:00:00,2023,7,7,17,0,33,33108,Rue Michel de Montaigne,44.85431,-0.041848,Plein jour,En agglomération,Intersection en Y,Normale,Deux véhicules - arrière,3,3,2,0,1,3,1,0,1,50,2,2,1,0,1,0,48.0,64.0,deux_roues,voiture,1,2,4,1,2
202300033479,2023-07-07 17:00:00,2023,7,7,17,0,33,33108,Rue Michel de Montaigne,44.85431,-0.041848,Plein jour,En agglomération,Intersection en Y,Normale,Deux véhicules - arrière,3,1, -1,0,1,1,1,0,1,50,2,2,1,0,1,0,48.0,64.0,deux_roues,voiture,1,2,4,1,2
202300033480,2023-07-28 23:50:00,2023,7,28,23,50,32,32235,route départementale n°20 pk 10+370,43.72417,0.11924,Nuit sans éclairage public,Hors agglomération,Hors intersection,Normale,Autre collision,3,2,2,0,4,2,1,0,3,90,1,2,0,0,1,1,26.0,,voiture,,3,1,1,1,6
202300033481,2023-07-29 07:20:00,2023,7,29,7,20,12,12231,Camping La Dourbie,44.019727,3.346257,Crépuscule ou aube,Hors agglomération,Hors intersection,Temps éblouissant,Deux véhicules - arrière,3,2,2,0,1,1,1,0,1,70,2,2,1,0,1,0,84.0,85.0,deux_roues,voiture,2,1,1,7,2
202300033482,2023-11-10 06:20:00,2023,11,10,6,20,75,75117,RUE LA CONDAMINE,48.884461,2.319523,Nuit avec éclairage allumé,En agglomération,Intersection en X,Normale,Deux véhicules - côté,4,1,1,0,1,1,1,0,1,30,2,2,1,0,0,1,42.0,21.0,voiture,voiture,5,2,2,1,3
202300033482,2023-11-10 06:20:00,2023,11,10,6,20,75,75117,RUE LA CONDAMINE,48.884461,2.319523,Nuit avec éclairage allumé,En agglomération,Intersection en X,Normale,Deux véhicules - côté,4,1, -1,0,1,1,1,0,1,30,2,2,1,0,0,1,42.0,21.0,voiture,voiture,5,2,2,1,3
202300033483,2023-07-29 14:50:00,2023,7,29,14,50,12,12103,D97,44.631795,2.670407,Plein jour,Hors agglomération,Hors intersection,Normale,Sans collision,3,2,2,0,2,1,1,0,1,90,1,2,0,0,2,0,15.0,,utilitaire_camion,,1,1,1,1,7
202300033484,2023-11-10 00:20:00,2023,11,10,0,20,75,75117,BOULEVARD MALESHERBES,48.88522,2.307211,Nuit avec éclairage allumé,En agglomération,Intersection à plus de 4 branches,Normale,Sans collision,4,2,2,0,1,1,1,0,1,30,1,1,0,0,1,0,32.0,,deux_roues,,5,2,5,1,7
202300033484,2023-11-10 00:20:00,2023,11,10,0,20,75,75117,BOULEVARD MALESHERBES,48.88522,2.307211,Nuit avec éclairage allumé,En agglomération,Intersection à plus de 4 branches,Normale,Sans collision,4,-1, -1,0,1,1,1,0,1,30,1,1,0,0,1,0,32.0,,deux_roues,,5,2,5,1,7
202300033485,2023-07-28 20:00:00,2023,7,28,20,0,47,47195,13 rue lafayette,44.13474,0.338613,Crépuscule ou aube,En agglomération,Intersection en T,Normale,Deux véhicules - arrière,3,2,2,0,1,1,1,0,1,50,2,3,2,0,1,0,26.0,57.0,deux_roues,voiture,2,2,3,1,2
202300033485,2023-07-28 20:00:00,2023,7,28,20,0,47,47195,13 rue lafayette,44.13474,0.338613,Crépuscule ou aube,En agglomération,Intersection en T,Normale,Deux véhicules - arrière,3,1,1,0,1,1,1,0,1,-1,2,3,2,0,1,0,26.0,57.0,deux_roues,voiture,2,2,3,1,2
202300033486,2023-11-09 23:40:00,2023,11,9,23,40,75,75117,BOULEVARD PEREIRE,48.885735,2.299167,Nuit avec éclairage allumé,En agglomération,Hors intersection,Normale,Deux véhicules - arrière,4,1,1,0,1,1,1,0,1,30,2,2,1,0,0,1,26.0,33.0,voiture,deux_roues,5,2,1,1,2