accident_id,datetime,annee,mois,jour,heure,minute,departement,commune_insee,adresse,latitude,longitude,luminosite,agglomeration,intersection,meteo,collision,catr,circ,nbv,vosp,prof,plan,surf,infra,situ,vma,nb_vehicules,nb_usagers,nb_indemnes,nb_tues,nb_blesses_hosp,nb_blesses_legers,age_cond_1,age_cond_2,veh_type_cond_1,veh_type_cond_2,lum_code,agg_code,int_code,atm_code,col_code
202300033487,2023-07-29 09:00:00,2023,7,29,9,0,34,34284,D907,43.463946,2.758577,Plein jour,Hors agglomération,Autre intersection,Normale,Deux véhicules - frontale,3,-1,2,0,1,2,1,0,1,-1,2,2,0,0,1,1,50.0,36.0,voiture,deux_roues,1,1,9,1,1
202300033488,2023-07-29 10:10:00,2023,7,29,10,10,68,68212,Rue du Maréchal Ferrant,47.496792,7.252328,Plein jour,Hors agglomération,Hors intersection,Normale,Sans collision,3,2,2,0,1,1,1,0,1,-1,1,1,0,0,0,1,38.0,,deux_roues,,1,1,1,1,7
202300033489,2023-11-10 13:30:00,2023,11,10,13,30,75,75116,AVENUE DE L HIPPODROME,48.858276,2.255677,Plein jour,En agglomération,Intersection en T,Normale,Deux véhicules - côté,4,2,2,0,1,1,1,0,1,30,2,2,1,0,0,1,77.0,42.0,voiture,deux_roues,1,2,3,1,3
202300033489,2023-11-10 13:30:00,2023,11,10,13,30,75,75116,AVENUE DE L HIPPODROME,48.858276,2.255677,Plein jour,En agglomération,Intersection en T,Normale,Deux véhicules - côté,4,2,2,0,1,1,1,0,1,30,2,2,1,0,0,1,77.0,42.0,voiture,deux_roues,1,2,3,1,3
202300033490,2023-07-28 20:00:00,2023,7,28,20,0,25,25410,11 Rue de l'Eglise,47.225692,6.066465,Plein jour,En agglomération,Hors intersection,Normale,Deux véhicules - frontale,4,2,2,0,2,1,1,0,1,50,2,2,1,0,1,0,24.0,17.0,voiture,deux_roues,1,2,1,1,1
202300033491,2023-11-10 10:30:00,2023,11,10,10,30,75,75116,AVENUE RAYMOND POINCARE,48.865069,2.286069,Plein jour,En agglomération,Intersection en X,Normale,Deux véhicules - côté,4,2,2,0,1,1,1,0,1,30,2,2,1,0,0,1,54.0,54.0,deux_roues,voiture,1,2,2,1,3
202300033491,2023-11-10 10:30:00,2023,11,10,10,30,75,75116,AVENUE RAYMOND POINCARE,48.865069,2.286069,Plein jour,En agglomération,Intersection en X,Normale,Deux véhicules - côté,4,1,2,0,1,1,1,0,1,30,2,2,1,0,0,1,54.0,54.0,deux_roues,voiture,1,2,2,1,3
202300033492,2023-07-28 19:15:00,2023,7,28,19,15,44,44137,,47.344515,-2.009822,Plein jour,Hors agglomération,Hors intersection,Pluie légère,Sans collision,3,2,2,0,1,3,2,0,8,80,1,1,0,1,0,0,33.0,,deux_roues,,1,1,1,2,7
202300033493,2023-07-28 19:30:00,2023,7,28,19,30,02,02401,12 Rue d'Haution,49.860698,3.85277,Plein jour,En agglomération,Intersection en Y,Pluie légère,Autre collision,3,2,2,0,2,3,2,0,8,50,2,2,1,0,1,0,18.0,18.0,voiture,voiture,1,2,4,2,6
202300033493,2023-07-28 19:30:00,2023,7,28,19,30,02,02401,12 Rue d'Haution,49.860698,3.85277,Plein jour,En agglomération,Intersection en Y,Pluie légère,Autre collision,3,-1, -1,-1,1,1,2,0,8,50,2,2,1,0,1,0,18.0,18.0,voiture,voiture,1,2,4,2,6
202300033494,2023-11-07 17:00:00,2023,11,7,17,0,75,75116,ALLEE DE LONGCHAMP,48.872522,2.264425,Plein jour,En agglomération,Intersection en X,Normale,Deux véhicules - côté,4,2,4,0,1,1,1,9,1,50,2,2,1,0,0,1,40.0,46.0,deux_roues,deux_roues,1,2,2,1,3
202300033494,2023-11-07 17:00:00,2023,11,7,17,0,75,75116,ALLEE DE LONGCHAMP,48.872522,2.264425,Plein jour,En agglomération,Intersection en X,Normale,Deux véhicules - côté,4,2, -1,-1,1,1,1,0,1,-1,2,2,1,0,0,1,40.0,46.0,deux_roues,deux_roues,1,2,2,1,3
202300033495,2023-07-28 21:30:00,2023,7,28,21,30,58,58177,d 232,47.144248,3.864446,Nuit sans éclairage public,Hors agglomération,Hors intersection,Temps couvert,Autre collision,3,2,2,0,2,3,2,0,3,80,1,1,0,0,1,0,40.0,,voiture,,3,1,1,8,6
202300033496,2023-07-26 09:50:00,2023,7,26,9,50,54,54222,D914  ,48.51964243,6.47726655,Plein jour,Hors agglomération,Hors intersection,Normale,Autre collision,3,2,2,0,1,1,1,0,3,80,1,2,0,0,2,0,75.0,,voiture,,1,1,1,1,6
202300033497,2023-07-28 18:35:00,2023,7,28,18,35,06,06042,"Route de la Tinée, PK 11+166 RM 2205",43.984836,7.137051,Plein jour,Hors agglomération,Autre intersection,Normale,Deux véhicules - côté,7,2,2,0,1,2,1,0,1,80,2,2,0,0,0,2,41.0,58.0,voiture,voiture,1,1,9,1,3
202300033498,2023-11-10 11:40:00,2023,11,10,11,40,75,75114,AVENUE DU GENERAL LECLERC,48.828778,2.327704,Plein jour,En agglomération,Intersection en Y,Normale,Deux véhicules - côté,4,2,4,3,1,1,1,0,1,50,2,2,1,0,0,1,48.0,55.0,deux_roues,deux_roues,1,2,4,1,3
202300033498,2023-11-10 11:40:00,2023,11,10,11,40,75,75114,AVENUE DU GENERAL LECLERC,48.828778,2.327704,Plein jour,En agglomération,Intersection en Y,Normale,Deux véhicules - côté,4,-1,1,0,1,1,1,0,1,50,2,2,1,0,0,1,48.0,55.0,deux_roues,deux_roues,1,2,4,1,3
202300033499,2023-07-29 09:00:00,2023,7,29,9,0,06,06071,Rue Jean Mineur,44.095383,6.929052,Plein jour,En agglomération,Intersection en T,Normale,Autre collision,3,2,2,0,1,2,1,0,8,30,1,2,1,0,1,0,58.0,,voiture,,1,2,3,1,6
202300033499,2023-07-29 09:00:00,2023,7,29,9,0,06,06071,Rue Jean Mineur,44.095383,6.929052,Plein jour,En agglomération,Intersection en T,Normale,Autre collision,3,1,1,-1,1,2,1,0,8,50,1,2,1,0,1,0,58.0,,voiture,,1,2,3,1,6
202300033500,2023-07-22 18:05:00,2023,7,22,18,5,06,06148,Route de Vence,43.717863,7.06942,Plein jour,Hors agglomération,Hors intersection,Normale,Sans collision,3,2,2,0,2,4,1,0,1,70,1,1,0,0,1,0,65.0,,deux_roues,,1,1,1,1,7
202300033501,2023-11-09 18:20:00,2023,11,9,18,20,75,75112,AVENUE DAUMESNIL,48.844836,2.380444,Nuit avec éclairage allumé,En agglomération,Intersection en T,Normale,Deux véhicules - côté,4,2,2,1,1,1,2,0,5,30,2,2,1,0,0,1,32.0,26.0,voiture,deux_roues,5,2,3,1,3
202300033501,2023-11-09 18:20:00,2023,11,9,18,20,75,75112,AVENUE DAUMESNIL,48.844836,2.380444,Nuit avec éclairage allumé,En agglomération,Intersection en T,Normale,Deux véhicules - côté,4,1,1,0,1,1,1,0,5,30,2,2,1,0,0,1,32.0,26.0,voiture,deux_roues,5,2,3,1,3
202300033502,2023-07-28 20:45:00,2023,7,28,20,45,14,14494,154 rd49,49.261811,-0.094639,Plein jour,Hors agglomération,Hors intersection,Normale,Autre collision,3,2,2,0,2,2,1,0,1,80,1,1,0,0,0,1,18.0,,deux_roues,,1,1,1,1,6
202300033503,2023-11-10 20:35:00,2023,11,10,20,35,75,75111,BOULEVARD VOLTAIRE,48.857354,2.380839,Nuit avec éclairage allumé,En agglomération,Intersection en Y,Normale,Deux véhicules - frontale,4,2,1,1,1,1,2,0,1,30,2,2,1,0,0,1,23.0,30.0,voiture,deux_roues,5,2,4,1,1
202300033503,2023-11-10 20:35:00,2023,11,10,20,35,75,75111,BOULEVARD VOLTAIRE,48.857354,2.380839,Nuit avec éclairage allumé,En agglomération,Intersection en Y,Normale,Deux véhicules - frontale,4,1, -1,0,1,1,2,0,1,30,2,2,1,0,0,1,23.0,30.0,voiture,deux_roues,5,2,4,1,1
202300033504,2023-07-29 02:30:00,2023,7,29,2,30,83,83056,D54,43.550675,6.530036,Nuit sans éclairage public,Hors agglomération,Hors intersection,Normale,Deux véhicules - côté,3,2,2,0,2,3,1,0,1,-1,2,7,6,0,0,1,23.0,56.0,voiture,voiture,3,1,1,1,3
202300033505,2023-07-29 09:24:00,2023,7,29,9,24,18,18210,Petite Rue de la Montagne,47.226603,1.936469,Plein jour,En agglomération,Intersection à plus de 4 branches,Pluie légère,Sans collision,4,2,2,0,2,3,2,0,1,50,1,1,0,0,0,1,75.0,,deux_roues,,1,2,5,2,7
202300033505,2023-07-29 09:24:00,2023,7,29,9,24,18,18210,Petite Rue de la Montagne,47.226603,1.936469,Plein jour,En agglomération,Intersection à plus de 4 branches,Pluie légère,Sans collision,4,2, -1,-1,1,1,2,5,1,-1,1,1,0,0,0,1,75.0,,deux_roues,,1,2,5,2,7
202300033506,2023-11-10 16:28:00,2023,11,10,16,28,75,75107,AVENUE DE LOWENDAL,48.853925,2.310305,Plein jour,En agglomération,Intersection en T,Pluie forte,Deux véhicules - côté,4,2,2,0,1,1,2,0,1,30,2,2,1,0,0,1,26.0,27.0,voiture,deux_roues,1,2,3,3,3
202300033506,2023-11-10 16:28:00,2023,11,10,16,28,75,75107,AVENUE DE LOWENDAL,48.853925,2.310305,Plein jour,En agglomération,Intersection en T,Pluie forte,Deux véhicules - côté,4,2, -1,0,1,1,2,0,1,30,2,2,1,0,0,1,26.0,27.0,voiture,deux_roues,1,2,3,3,3
202300033507,2023-07-29 14:15:00,2023,7,29,14,15,18,18235,,47.161357,2.56763,Plein jour,Hors agglomération,Hors intersection,Normale,Deux véhicules - frontale,3,2,2,0,1,3,1,0,1,80,2,2,0,1,0,1,53.0,19.0,voiture,voiture,1,1,1,1,1
202300033508,2023-11-10 12:30:00,2023,11,10,12,30,75,75107,RUE DE SEVRES,48.849813,2.323289,Plein jour,En agglomération,Intersection en T,Normale,Autre collision,4,1, -1,0,1,1,1,0,1,30,1,2,1,0,0,1,83.0,,voiture,,1,2,3,1,6
202300033508,2023-11-10 12:30:00,2023,11,10,12,30,75,75107,RUE DE SEVRES,48.849813,2.323289,Plein jour,En agglomération,Intersection en T,Normale,Autre collision,4,2,2,0,1,1,1,0,1,30,1,2,1,0,0,1,83.0,,voiture,,1,2,3,1,6
202300033509,2023-07-27 16:02:00,2023,7,27,16,2,43,43184,RD6,45.341951,4.272566,Crépuscule ou aube,Hors agglomération,Autre intersection,Normale,Deux véhicules - arrière,3,2,2,0,1,1,1,0,1,80,2,2,1,0,1,0,20.0,51.0,voiture,deux_roues,2,1,9,1,2
202300033510,2023-07-27 18:21:00,2023,7,27,18,21,43,43113,D28,44.996251,3.993584,Plein jour,Hors agglomération,Intersection en T,Normale,Deux véhicules - côté,3,2,2,0,1,1,1,0,1,70,2,2,1,0,1,0,26.0,41.0,deux_roues,voiture,1,1,3,1,3
202300033510,2023-07-27 18:21:00,2023,7,27,18,21,43,43113,D28,44.996251,3.993584,Plein jour,Hors agglomération,Intersection en T,Normale,Deux véhicules - côté,3,2, -1,-1,3,1,1,5,1,-1,2,2,1,0,1,0,26.0,41.0,deux_roues,voiture,1,1,3,1,3
202300033511,2023-11-10 00:20:00,2023,11,10,0,20,75,75104,RUE SAINT ANTOINE,48.853982,2.364785,Nuit avec éclairage allumé,En agglomération,Intersection en T,Normale,Deux véhicules - côté,4,1, -1,0,1,1,1,0,1,30,2,2,1,0,0,1,28.0,65.0,deux_roues,voiture,5,2,3,1,3
202300033511,2023-11-10 00:20:00,2023,11,10,0,20,75,75104,RUE SAINT ANTOINE,48.853982,2.364785,Nuit avec éclairage allumé,En agglomération,Intersection en T,Normale,Deux véhicules - côté,4,-1,2,1,1,1,1,5,5,30,2,2,1,0,0,1,28.0,65.0,deux_roues,voiture,5,2,3,1,3
202300033512,2023-07-29 13:39:00,2023,7,29,13,39,10,10268,RD 619,48.483138,3.489538,Plein jour,Hors agglomération,Hors intersection,Normale,Deux véhicules - côté,3,3,2,0,1,1,1,0,1,-1,2,4,0,0,2,2,31.0,26.0,voiture,utilitaire_camion,1,1,1,1,3
202300033513,2023-07-28 17:15:00,2023,7,28,17,15,16,16070,11 RUE SOUCHET,45.876663,0.72103,Plein jour,En agglomération,Hors intersection,Normale,Autre collision,3,2,2,0,1,1,1,5,4,50,1,3,2,0,1,0,58.0,,utilitaire_camion,,1,2,1,1,6
202300033514,2023-07-28 16:40:00,2023,7,28,16,40,07,07017,Le Plantier,44.422988,4.17819,Plein jour,Hors agglomération,Hors intersection,Normale,Autre collision,3,2,2,0,1,2,1,9,3,90,1,1,0,1,0,0,58.0,,deux_roues,,1,1,1,1,6
202300033515,2023-11-10 18:40:00,2023,11,10,18,40,94,94080,Avenue de Paris,48.845189,2.431558,Nuit avec éclairage allumé,En agglomération,Intersection en X,Pluie légère,Deux véhicules - frontale,3,2,2,1,1,1,2,5,1,30,2,3,1,0,0,2,24.0,39.0,voiture,deux_roues,5,2,2,2,1
202300033515,2023-11-10 18:40:00,2023,11,10,18,40,94,94080,Avenue de Paris,48.845189,2.431558,Nuit avec éclairage allumé,En agglomération,Intersection en X,Pluie légère,Deux véhicules - frontale,3,1,1,0,1,1,2,5,1,30,2,3,1,0,0,2,24.0,39.0,voiture,deux_roues,5,2,2,2,1
202300033516,2023-07-28 08:10:00,2023,7,28,8,10,30,30152,Route de Saint Ambroix,44.243414,4.178503,Plein jour,Hors agglomération,Intersection en T,Normale,Deux véhicules - côté,3,1,1,0,1,1,1,0,1,80,2,2,1,0,1,0,73.0,37.0,deux_roues,utilitaire_camion,1,1,3,1,3
202300033516,2023-07-28 08:10:00,2023,7,28,8,10,30,30152,Route de Saint Ambroix,44.243414,4.178503,Plein jour,Hors agglomération,Intersection en T,Normale,Deux véhicules - côté,3,2,2,0,1,1,1,0,1,80,2,2,1,0,1,0,73.0,37.0,deux_roues,utilitaire_camion,1,1,3,1,3
202300033517,2023-07-28 23:30:00,2023,7,28,23,30,08,08250,,49.370127,4.574647,Nuit sans éclairage public,Hors agglomération,Hors intersection,Temps couvert,Autre collision,3,2,2,0,1,1,1,0,3,80,1,1,0,0,1,0,19.0,,voiture,,3,1,1,8,6
202300033518,2023-07-25 05:30:00,2023,7,25,5,30,88,88499,D266,48.260259,6.17709,Crépuscule ou aube,Hors agglomération,Hors intersection,Normale,Autre collision,3,2,2,0,1,2,1,0,3,80,1,4,2,0,0,2,13.0,,voiture,,2,1,1,1,6
202300033519,2023-11-10 13:50:00,2023,11,10,13,50,94,94080,Rue du Donjon,48.84332,2.431991,Plein jour,En agglomération,Intersection en X,Normale,Deux véhicules - côté,4,1,#VALEURMULTI,0,1,1,1,0,1,30,2,2,1,0,0,1,47.0,25.0,voiture,voiture,1,2,2,1,3
202300033520,2023-07-27 23:45:00,2023,7,27,23,45,06,06085,D6285,43.585598,7.006327,Nuit avec éclairage allumé,En agglomération,Giratoire,Normale,Deux véhicules - frontale,3,1,0,0,3,1,1,5,1,50,2,2,1,0,1,0,38.0,19.0,deux_roues,voiture,5,2,6,1,1
202300033521,2023-07-26 16:30:00,2023,7,26,16,30,39,39150,,47.062799,5.437503,Plein jour,Hors agglomération,Hors intersection,Normale,Deux véhicules - arrière,1,3,4,0,2,3,1,0,1,130,2,3,2,0,1,0,59.0,40.0,voiture,utilitaire_camion,1,1,1,1,2
202300033522,2023-11-10 11:00:00,2023,11,10,11,0,94,94080,Avenue de Paris,48.8446,2.43949,Plein jour,En agglomération,Intersection en X,Normale,Deux véhicules - côté,3,2,6,2,1,1,1,0,1,50,2,2,1,0,0,1,49.0,22.0,voiture,voiture,1,2,2,1,3
202300033522,2023-11-10 11:00:00,2023,11,10,11,0,94,94080,Avenue de Paris,48.8446,2.43949,Plein jour,En agglomération,Intersection en X,Normale,Deux véhicules - côté,3,1,6,2,1,1,1,0,1,50,2,2,1,0,0,1,49.0,22.0,voiture,voiture,1,2,2,1,3
202300033523,2023-05-22 23:45:00,2023,5,22,23,45,40,40035,D29,43.628653,-1.045913,Nuit sans éclairage public,Hors agglomération,Hors intersection,Normale,Autre collision,3,2,2,0,1,3,1,0,3,80,1,2,0,0,1,1,25.0,,utilitaire_camion,,3,1,1,1,6
202300033524,2023-07-28 11:10:00,2023,7,28,11,10,57,57606,"barrière de péage de SAINT AVOLD, sens 1",49.135863,6.702535,Plein jour,Hors agglomération,Autre intersection,Pluie légère,Deux véhicules - côté,1,1,0,0,1,1,2,7,1,70,2,4,3,0,1,0,53.0,57.0,deux_roues,voiture,1,1,9,2,3
202300033525,2023-11-08 17:17:00,2023,11,8,17,17,94,94017,Avenue du Général Leclerc,48.82776179,2.51117709,Nuit avec éclairage allumé,En agglomération,Intersection en Y,Pluie légère,Deux véhicules - frontale,3,2,2,0,1,1,2,9,1,50,2,4,2,0,0,2,44.0,28.0,voiture,voiture,5,2,4,2,1
202300033525,2023-11-08 17:17:00,2023,11,8,17,17,94,94017,Avenue du Général Leclerc,48.82776179,2.51117709,Nuit avec éclairage allumé,En agglomération,Intersection en Y,Pluie légère,Deux véhicules - frontale,3,2,2,0,1,3,2,3,1,50,2,4,2,0,0,2,44.0,28.0,voiture,voiture,5,2,4,2,1
202300033526,2023-05-22 18:15:00,2023,5,22,18,15,44,44204,49 Rue des Etangs,47.27388,-1.44489,Plein jour,En agglomération,Hors intersection,Normale,Autre collision,7,2,2,2,2,1,1,0,1,50,1,3,1,0,1,1,72.0,,voiture,,1,2,1,1,6
202300033527,2023-07-28 15:20:00,2023,7,28,15,20,11,11262,Autoroute A9 - PK191+800 - sens 2,43.158298,2.988732,Plein jour,Hors agglomération,Hors intersection,Normale,Trois véhicules et plus - collisions multiples,1,1,4,0,1,1,1,0,1,130,3,5,3,0,0,2,28.0,27.0,deux_roues,utilitaire_camion,1,1,1,1,5
202300033528,2023-11-10 08:45:00,2023,11,10,8,45,94,94043,87 Avenue de Fontainebleau,48.81015,2.36228,Plein jour,En agglomération,Hors intersection,Normale,Autre collision,3,3,4,0,1,1,1,0,1,50,1,2,1,0,0,1,19.0,,deux_roues,,1,2,1,1,6
202300033529,2023-07-28 14:00:00,2023,7,28,14,0,987,98740,Avatoru - Lafayette,-15.364,-147.964,Plein jour,Hors agglomération,Hors intersection,Normale,Deux véhicules - côté,2,2,2,0,1,1,1,0,1,60,2,2,1,0,0,1,64.0,14.0,voiture,deux_roues,1,1,1,1,3
202300033530,2023-05-20 16:30:00,2023,5,20,16,30,56,56178,45 Rue Colbert,48.037628,-2.962457,Plein jour,En agglomération,Intersection en T,Normale,Deux véhicules - côté,3,2,2,0,1,1,1,0,1,50,2,2,1,0,1,0,71.0,65.0,deux_roues,deux_roues,1,2,3,1,3
202300033530,2023-05-20 16:30:00,2023,5,20,16,30,56,56178,45 Rue Colbert,48.037628,-2.962457,Plein jour,En agglomération,Intersection en T,Normale,Deux véhicules - côté,3,2,2,-1,1,1,1,0,1,-1,2,2,1,0,1,0,71.0,65.0,deux_roues,deux_roues,1,2,3,1,3
202300033531,2023-07-29 06:10:00,2023,7,29,6,10,78,78564,A10,48.522062,1.908177,Nuit sans éclairage public,Hors agglomération,Hors intersection,Normale,Sans collision,1,3,3,0,2,1,1,0,3,130,1,1,0,0,1,0,58.0,,voiture,,3,1,1,1,7
202300033532,2023-11-10 09:20:00,2023,11,10,9,20,94,94038,Bd Paul Vaillant Couturier,48.77902,2.34088,Plein jour,En agglomération,Hors intersection,Pluie légère,Trois véhicules et plus - en chaîne,3,1,4,0,1,1,2,0,1,50,3,3,2,0,0,1,36.0,72.0,transport_commun,voiture,1,2,1,2,4
202300033533,2023-05-22 17:25:00,2023,5,22,17,25,60,60367,D923,49.26088211,1.90565479,Plein jour,Hors agglomération,Hors intersection,Normale,Deux véhicules - frontale,3,2,2,0,2,3,1,0,1,80,2,2,1,1,0,0,36.0,52.0,deux_roues,utilitaire_camion,1,1,1,1,1
202300033534,2023-05-20 20:20:00,2023,5,20,20,20,59,59343,ROUTE NATIONALE 227,50.6002,3.13049,Plein jour,Hors agglomération,Hors intersection,Normale,Sans collision,2,-1,6,0,1,2,1,0,1,70,1,1,0,0,1,0,36.0,,deux_roues,,1,1,1,1,7
202300033535,2023-11-09 17:25:00,2023,11,9,17,25,94,94028,Avenue François Mitterrand,48.770076,2.462562,Crépuscule ou aube,En agglomération,Hors intersection,Pluie légère,Autre collision,4,2,2,0,2,1,2,0,1,50,1,2,1,0,0,1,,,utilitaire_camion,,2,2,1,2,6
202300033536,2023-05-17 17:20:00,2023,5,17,17,20,62,62498,A21,50.44779771,2.83733886,Plein jour,Hors agglomération,Hors intersection,Normale,Deux véhicules - arrière,1,-1,3,0,1,1,1,0,1,110,2,2,1,0,1,0,22.0,25.0,deux_roues,voiture,1,1,1,1,2
202300033537,2023-07-28 19:50:00,2023,7,28,19,50,987,98724,District de Faie,-16.752,-150.997,Nuit avec éclairage allumé,En agglomération,Hors intersection,Normale,Autre collision,2,2,2,0,1,2,1,0,3,40,1,1,0,0,1,0,23.0,,deux_roues,,5,2,1,1,6
202300033538,2023-11-09 09:30:00,2023,11,9,9,30,94,94028,Rue Jean Esquirol,48.79836,2.4458,Plein jour,En agglomération,Hors intersection,Temps couvert,Autre collision,4,2,2,0,2,1,2,0,1,50,1,2,1,0,0,1,36.0,,voiture,,1,2,1,8,6
202300033539,2023-05-22 09:00:00,2023,5,22,9,0,91,91228,AUTOROUTE A6,48.62471,2.41819,Crépuscule ou aube,Hors agglomération,Hors intersection,Normale,Trois véhicules et plus - en chaîne,1,2,3,0,1,1,1,0,1,110,4,4,1,0,0,3,42.0,49.0,voiture,utilitaire_camion,2,1,1,1,4
202300033540,2023-07-29 10:10:00,2023,7,29,10,10,974,97420,Avenue Mahatma Gandhi,-20.927748,55.633092,Plein jour,En agglomération,Hors intersection,Normale,Autre collision,2,2,2,0,1,1,1,0,1,50,1,2,1,0,1,0,31.0,,voiture,,1,2,1,1,6
202300033541,2023-05-22 05:15:00,2023,5,22,5,15,91,91136,RN20,48.7053,2.28713,Crépuscule ou aube,Hors agglomération,Hors intersection,Normale,Sans collision,2,-1,2,0,2,1,1,0,8,70,1,1,0,0,0,1,28.0,,voiture,,2,1,1,1,7
202300033542,2023-11-10 08:10:00,2023,11,10,8,10,94,94018,Quai des Carrieres,48.8186681,2.40996015,Plein jour,En agglomération,Hors intersection,Normale,Deux véhicules - côté,3,2,3,0,1,1,1,0,1,50,2,3,1,0,0,2,24.0,24.0,voiture,deux_roues,1,2,1,1,3
202300033543,2023-05-21 23:26:00,2023,5,21,23,26,92,92002,AUTOROUTE A10,48.729457,2.306788,Nuit sans éclairage public,Hors agglomération,Hors intersection,Normale,Deux véhicules - arrière,1,-1,6,0,1,1,1,0,1,90,2,4,3,0,0,1,32.0,29.0,voiture,voiture,3,1,1,1,2
202300033544,2023-05-22 00:20:00,2023,5,22,0,20,91,91161,AUTOROUTE A6,48.69724,2.31525,Nuit sans éclairage public,Hors agglomération,Hors intersection,Normale,Sans collision,1,1,3,0,1,1,1,0,1,110,1,1,0,0,0,1,25.0,,voiture,,3,1,1,1,7
202300033545,2023-05-22 07:20:00,2023,5,22,7,20,78,78362,A13,48.97644,1.72009,Plein jour,Hors agglomération,Hors intersection,Normale,Deux véhicules - côté,1,-1,3,0,1,1,1,0,1,90,2,2,1,0,0,1,48.0,56.0,voiture,utilitaire_camion,1,1,1,1,3
202300033546,2023-11-09 08:55:00,2023,11,9,8,55,94,94069,3 Avenue Saint Maurice du Valais,48.816435,2.460114,Plein jour,En agglomération,Hors intersection,Pluie légère,Trois véhicules et plus - collisions multiples,3,2,2,0,2,1,2,0,1,30,3,3,2,0,0,1,40.0,36.0,voiture,voiture,1,2,1,2,5
202300033547,2023-05-20 23:51:00,2023,5,20,23,51,78,78402,A13,48.965079,1.764328,Nuit sans éclairage public,Hors agglomération,Hors intersection,Normale,Deux véhicules - côté,1,3,3,0,1,1,1,0,1,90,2,3,1,0,0,2,32.0,29.0,voiture,voiture,3,1,1,1,3
202300033548,2023-11-10 17:40:00,2023,11,10,17,40,94,94017,Avenue Salvador Allendé,48.80821269,2.55409357,Nuit avec éclairage allumé,En agglomération,Giratoire,Temps couvert,Deux véhicules - côté,3,3,2,2,1,1,2,0,1,50,2,2,1,0,0,1,53.0,22.0,voiture,deux_roues,5,2,6,8,3
202300033549,2023-11-09 23:10:00,2023,11,9,23,10,93,93073,Rue de Dublin,49.00933,2.56154,Nuit avec éclairage allumé,En agglomération,Hors intersection,Pluie légère,Autre collision,9,2,2,0,1,2,2,0,1,30,1,2,1,0,0,1,47.0,,voiture,,5,2,1,2,6
202300033550,2023-05-20 08:50:00,2023,5,20,8,50,78,78043,A12 Y,48.831715,2.083067,Plein jour,Hors agglomération,Hors intersection,Normale,Deux véhicules - arrière,1,1,4,0,1,1,1,0,1,110,2,7,1,0,0,6,24.0,52.0,voiture,voiture,1,1,1,1,2
202300033551,2023-11-10 13:30:00,2023,11,10,13,30,93,93066,Avenue du Colonel Fabien / Rue de la Poterie,48.94606,2.34796,Plein jour,En agglomération,Intersection en T,Temps couvert,Autre collision,3,3,2,3,1,1,2,5,1,50,1,2,1,0,0,1,22.0,,deux_roues,,1,2,3,8,6
202300033551,2023-11-10 13:30:00,2023,11,10,13,30,93,93066,Avenue du Colonel Fabien / Rue de la Poterie,48.94606,2.34796,Plein jour,En agglomération,Intersection en T,Temps couvert,Autre collision,3,2,2,0,1,1,2,5,8,50,1,2,1,0,0,1,22.0,,deux_roues,,1,2,3,8,6
202300033552,2023-05-20 20:20:00,2023,5,20,20,20,93,93048,AUTOROUTE A86,48.86523057,2.48172641,Plein jour,Hors agglomération,Hors intersection,Normale,Trois véhicules et plus - en chaîne,1,3,3,0,1,1,1,1,1,90,3,3,2,0,0,1,59.0,28.0,voiture,voiture,1,1,1,1,4
202300033553,2023-11-10 08:15:00,2023,11,10,8,15,93,93066,Rue Henri Barbusse / Rue de Montmorency,48.94346,2.37233,Plein jour,En agglomération,Intersection en X,Normale,Autre collision,3,2,2,0,1,1,1,0,1,30,1,2,1,0,0,1,33.0,,voiture,,1,2,2,1,6
202300033553,2023-11-10 08:15:00,2023,11,10,8,15,93,93066,Rue Henri Barbusse / Rue de Montmorency,48.94346,2.37233,Plein jour,En agglomération,Intersection en X,Normale,Autre collision,3,1,1,-1,1,1,1,0,1,-1,1,2,1,0,0,1,33.0,,voiture,,1,2,2,1,6
202300033554,2023-11-10 08:15:00,2023,11,10,8,15,93,93074,D933,48.93375,2.58513,Plein jour,Hors agglomération,Hors intersection,Normale,Autre collision,3,3,4,0,1,1,1,0,1,90,1,1,0,0,0,1,38.0,,voiture,,1,1,1,1,6
202300033555,2023-05-19 16:50:00,2023,5,19,16,50,95,95582,A15,48.96810406,2.25241184,Plein jour,Hors agglomération,Hors intersection,Normale,Sans collision,1,3,6,0,1,1,1,0,1,110,1,1,0,0,1,0,24.0,,deux_roues,,1,1,1,1,7
202300033556,2023-11-10 14:00:00,2023,11,10,14,0,93,93008,Avenue Paul Vaillant - Couturier,48.909949,2.444003,Plein jour,En agglomération,Hors intersection,Temps couvert,Autre collision,3,3,2,3,1,1,1,0,1,50,1,2,1,0,0,1,,,voiture,,1,2,1,8,6
202300033557,2023-05-19 01:20:00,2023,5,19,1,20,69,69383,Cours Richard Vitton,45.75387,4.88788,Nuit avec éclairage allumé,En agglomération,Hors intersection,Normale,Deux véhicules - arrière,4,1,1,0,1,1,1,0,1,30,2,2,1,0,0,1,21.0,45.0,voiture,deux_roues,5,2,1,1,2