accident_id,datetime,annee,mois,jour,heure,minute,departement,commune_insee,adresse,latitude,longitude,luminosite,agglomeration,intersection,meteo,collision,catr,circ,nbv,vosp,prof,plan,surf,infra,situ,vma,nb_vehicules,nb_usagers,nb_indemnes,nb_tues,nb_blesses_hosp,nb_blesses_legers,age_cond_1,age_cond_2,veh_type_cond_1,veh_type_cond_2,lum_code,agg_code,int_code,atm_code,col_code
202300033688,2023-11-10 07:13:00,2023,11,10,7,13,17,17214,Route de Royan,45.702182,-0.776658,Nuit sans éclairage public,Hors agglomération,Intersection en Y,Pluie légère,Deux véhicules - frontale,3,2,2,-1,1,1,2,0,1,50,2,2,1,0,1,0,44.0,21.0,voiture,utilitaire_camion,3,1,4,2,1
202300033689,2023-05-21 19:00:00,2023,5,21,19,0,94,94041,Avenue de l’Industrie,48.813715,2.404811,Plein jour,En agglomération,Hors intersection,Normale,Autre collision,3,2,2,0,1,1,1,0,3,50,1,1,0,0,0,1,46.0,,utilitaire_camion,,1,2,1,1,6
202300033690,2023-04-13 09:25:00,2023,4,13,9,25,79,79012,,46.476948,-0.563682,Plein jour,En agglomération,Hors intersection,Pluie légère,Deux véhicules - arrière,3,2,2,0,1,1,2,9,1,50,2,2,1,0,0,1,21.0,52.0,deux_roues,utilitaire_camion,1,2,1,2,2
202300033691,2023-11-10 19:00:00,2023,11,10,19,0,85,85113,Rue calypso,46.724205,-2.347888,Nuit avec éclairage allumé,En agglomération,Giratoire,Normale,Sans collision,4,2,2,0,4,1,1,5,1,30,1,1,0,0,0,1,47.0,,deux_roues,,5,2,6,1,7
202300033692,2023-05-21 00:50:00,2023,5,21,0,50,94,94065,Avenue Charles Lindbergh,48.75128,2.35343,Nuit avec éclairage allumé,En agglomération,Intersection en X,Normale,Autre collision,3,3,4,0,2,2,1,5,1,50,1,1,0,0,0,1,21.0,,deux_roues,,5,2,2,1,6
202300033692,2023-05-21 00:50:00,2023,5,21,0,50,94,94065,Avenue Charles Lindbergh,48.75128,2.35343,Nuit avec éclairage allumé,En agglomération,Intersection en X,Normale,Autre collision,3,2,4,0,1,1,1,5,1,50,1,1,0,0,0,1,21.0,,deux_roues,,5,2,2,1,6
202300033693,2023-02-28 08:50:00,2023,2,28,8,50,49,49007,TARDAT,47.45004,-0.55268,Plein jour,En agglomération,Hors intersection,Normale,Deux véhicules - arrière,4,2,2,0,1,1,1,0,1,50,2,3,1,0,0,2,59.0,33.0,utilitaire_camion,voiture,1,2,1,1,2
202300033694,2023-04-13 16:22:00,2023,4,13,16,22,33,33541,D1215,45.41550825,-1.0351342,Plein jour,Hors agglomération,Intersection en X,Pluie légère,Deux véhicules - côté,3,2,2,0,1,1,2,5,1,80,2,2,1,0,0,1,46.0,70.0,voiture,voiture,1,1,2,2,3
202300033694,2023-04-13 16:22:00,2023,4,13,16,22,33,33541,D1215,45.41550825,-1.0351342,Plein jour,Hors agglomération,Intersection en X,Pluie légère,Deux véhicules - côté,3,2,2,0,1,1,2,0,1,80,2,2,1,0,0,1,46.0,70.0,voiture,voiture,1,1,2,2,3
202300033695,2023-11-11 19:25:00,2023,11,11,19,25,35,35228,Rue de Dinard,48.594918,-2.056761,Nuit sans éclairage public,Hors agglomération,Hors intersection,Pluie légère,Deux véhicules - frontale,4,2,2,0,1,1,2,8,1,70,2,3,0,1,0,2,55.0,60.0,voiture,voiture,3,1,1,2,1
202300033696,2023-05-21 08:00:00,2023,5,21,8,0,94,94019,Carrefour de Pince-Vent,48.79217,2.55545,Plein jour,En agglomération,Giratoire,Normale,Autre collision,3,3,2,0,1,2,1,9,1,50,1,3,1,0,0,2,,,voiture,,1,2,6,1,6
202300033696,2023-05-21 08:00:00,2023,5,21,8,0,94,94019,Carrefour de Pince-Vent,48.79217,2.55545,Plein jour,En agglomération,Giratoire,Normale,Autre collision,3,3,4,-1,1,1,1,0,1,-1,1,3,1,0,0,2,,,voiture,,1,2,6,1,6
202300033697,2023-02-28 18:25:00,2023,2,28,18,25,44,44184,Route des Forges,47.26789,-2.27812,Plein jour,Hors agglomération,Giratoire,Normale,Deux véhicules - côté,4,2,2,0,2,1,1,0,1,50,2,2,1,0,0,1,42.0,36.0,deux_roues,voiture,1,1,6,1,3
202300033697,2023-02-28 18:25:00,2023,2,28,18,25,44,44184,Route des Forges,47.26789,-2.27812,Plein jour,Hors agglomération,Giratoire,Normale,Deux véhicules - côté,4,2,2,0,2,1,1,0,1,50,2,2,1,0,0,1,42.0,36.0,deux_roues,voiture,1,1,6,1,3
202300033698,2023-04-13 15:30:00,2023,4,13,15,30,76,76638,D1314,50.009415,1.429901,Plein jour,Hors agglomération,Intersection en X,Normale,Deux véhicules - frontale,3,-1,2,0,3,1,1,0,1,80,2,2,1,0,0,1,71.0,49.0,voiture,deux_roues,1,1,2,1,1
202300033698,2023-04-13 15:30:00,2023,4,13,15,30,76,76638,D1314,50.009415,1.429901,Plein jour,Hors agglomération,Intersection en X,Normale,Deux véhicules - frontale,3,2, -1,-1,3,1,1,0,1,-1,2,2,1,0,0,1,71.0,49.0,voiture,deux_roues,1,1,2,1,1
202300033699,2023-11-10 13:40:00,2023,11,10,13,40,76,76354,4001 Route de Duclair,49.484604,0.923726,Plein jour,En agglomération,Intersection en T,Pluie forte,Deux véhicules - côté,7,2,2,0,1,3,2,0,1,50,2,2,0,0,1,1,24.0,54.0,voiture,voiture,1,2,3,3,3
202300033699,2023-11-10 13:40:00,2023,11,10,13,40,76,76354,4001 Route de Duclair,49.484604,0.923726,Plein jour,En agglomération,Intersection en T,Pluie forte,Deux véhicules - côté,7,2,2,0,1,2,2,0,1,50,2,2,0,0,1,1,24.0,54.0,voiture,voiture,1,2,3,3,3
202300033700,2023-04-13 13:45:00,2023,4,13,13,45,12,12076,D901,44.553112,2.411048,Plein jour,Hors agglomération,Hors intersection,Pluie légère,Autre collision,3,2,2,0,1,1,2,0,8,90,1,1,0,0,0,1,33.0,,utilitaire_camion,,1,1,1,2,6
202300033701,2023-05-21 18:20:00,2023,5,21,18,20,94,94028,Avenue de Verdun,48.796981,2.463847,Plein jour,En agglomération,Hors intersection,Normale,Autre collision,3,3,4,0,1,1,1,6,1,50,1,2,1,0,0,1,41.0,,voiture,,1,2,1,1,6
202300033702,2023-11-09 13:20:00,2023,11,9,13,20,13,13026,A55-Sens Marseille vers Martigues,43.38935,5.13906,Plein jour,Hors agglomération,Hors intersection,Pluie forte,Autre collision,1,1,2,0,1,1,2,0,1,110,1,1,0,0,0,1,39.0,,voiture,,1,1,1,3,6
202300033703,2023-03-01 08:50:00,2023,3,1,8,50,37,37233,SEMARD (RUE PIERRE),47.38723,0.71304,Plein jour,En agglomération,Intersection en T,Normale,Deux véhicules - côté,4,1,#VALEURMULTI,0,1,1,1,0,1,50,2,3,2,0,0,1,25.0,51.0,utilitaire_camion,deux_roues,1,2,3,1,3
202300033704,2023-04-13 18:50:00,2023,4,13,18,50,39,39443,,46.554697,5.596395,Plein jour,Hors agglomération,Hors intersection,Normale,Deux véhicules - frontale,3,2,2,0,1,1,1,0,1,90,2,2,1,1,0,0,55.0,49.0,voiture,utilitaire_camion,1,1,1,1,1
202300033705,2023-05-21 16:25:00,2023,5,21,16,25,93,93008,Rue Babeuf,48.91279102,2.46993122,Plein jour,En agglomération,Hors intersection,Normale,Autre collision,4,2,2,0,1,1,1,0,1,50,1,2,1,0,0,1,21.0,,voiture,,1,2,1,1,6
202300033706,2023-03-01 11:10:00,2023,3,1,11,10,35,35278,N136,48.14061,-1.69045,Plein jour,Hors agglomération,Hors intersection,Normale,Deux véhicules - arrière,2,3,4,0,1,1,1,0,1,90,2,2,1,0,0,1,45.0,66.0,utilitaire_camion,voiture,1,1,1,1,2
202300033707,2023-04-10 17:20:00,2023,4,10,17,20,39,39240,,46.617492,5.862579,Plein jour,Hors agglomération,Hors intersection,Normale,Autre collision,3,2,2,0,1,3,9,0,3,80,1,1,0,0,1,0,48.0,,deux_roues,,1,1,1,1,6
202300033708,2023-05-21 16:15:00,2023,5,21,16,15,93,93005,Allée d'Athenes,48.94983309,2.49126377,Plein jour,En agglomération,Hors intersection,Normale,Autre collision,9,-1,0,0,1,1,1,6,4,50,1,2,1,0,0,1,,,deux_roues,,1,2,1,1,6
202300033709,2023-03-01 10:45:00,2023,3,1,10,45,35,35238,COMBES (BD EMILE),48.09494516,-1.66399688,Plein jour,En agglomération,Hors intersection,Normale,Autre collision,4,2,2,2,1,1,1,0,3,50,1,1,0,0,0,1,92.0,,voiture,,1,2,1,1,6
202300033710,2023-11-08 08:20:00,2023,11,8,8,20,83,83126,A50,43.11996038,5.86434154,Plein jour,Hors agglomération,Hors intersection,Normale,Trois véhicules et plus - en chaîne,1,3,4,0,1,2,1,0,1,110,3,3,0,0,0,3,24.0,32.0,voiture,voiture,1,1,1,1,4
202300033711,2023-05-21 17:00:00,2023,5,21,17,0,92,92046,PIERRE BROSSOLETTE (AVENUE),48.82163294,2.31301636,Plein jour,En agglomération,Hors intersection,Normale,Autre collision,3,1,0,1,1,1,1,0,4,50,1,1,0,0,0,1,91.0,,voiture,,1,2,1,1,6
202300033712,2023-02-26 17:10:00,2023,2,26,17,10,34,34172,866 Avenue du Professeur Louis Ravaz,43.6219,3.84683,Plein jour,En agglomération,Hors intersection,Normale,Deux véhicules - côté,4,2,2,0,2,1,1,0,1,50,2,2,1,0,1,0,31.0,65.0,deux_roues,voiture,1,2,1,1,3
202300033713,2023-04-13 15:00:00,2023,4,13,15,0,01,01123,Route des Greffets,46.246312,4.834137,Plein jour,Hors agglomération,Intersection en Y,Normale,Deux véhicules - côté,3,2,1,0,1,1,1,0,1,80,2,5,4,0,1,0,24.0,18.0,voiture,deux_roues,1,1,4,1,3
202300033713,2023-04-13 15:00:00,2023,4,13,15,0,01,01123,Route des Greffets,46.246312,4.834137,Plein jour,Hors agglomération,Intersection en Y,Normale,Deux véhicules - côté,3,2,2,0,1,1,1,0,1,80,2,5,4,0,1,0,24.0,18.0,voiture,deux_roues,1,1,4,1,3
202300033714,2023-11-09 08:35:00,2023,11,9,8,35,69,69266,Route Départementale 383,45.75838,4.90902,Plein jour,Hors agglomération,Hors intersection,Pluie légère,Deux véhicules - arrière,7,3,8,0,1,1,2,0,1,70,2,2,1,0,0,1,33.0,36.0,voiture,voiture,1,1,1,2,2
202300033715,2023-04-12 21:00:00,2023,4,12,21,0,26,26342,2 route de saint paul,44.35729318,4.84215975,Nuit sans éclairage public,Hors agglomération,Hors intersection,Normale,Autre collision,3,2,2,0,1,1,1,0,3,80,1,1,0,0,1,0,86.0,,voiture,,3,1,1,1,6
202300033716,2023-03-01 19:05:00,2023,3,1,19,5,33,33063,Avenue d'Ares,44.83864,-0.62031,Nuit avec éclairage allumé,En agglomération,Hors intersection,Normale,Deux véhicules - côté,4,2,2,1,1,1,1,0,5,50,2,2,1,0,0,1,48.0,29.0,voiture,deux_roues,5,2,1,1,3
202300033717,2023-05-21 11:20:00,2023,5,21,11,20,92,92064,PORTE JAUNE,48.84899817,2.20116824,Plein jour,En agglomération,Intersection en X,Normale,Autre collision,4,2, -1,-1,1,1,1,5,1,-1,1,2,1,0,0,1,32.0,,transport_commun,,1,2,2,1,6
202300033717,2023-05-21 11:20:00,2023,5,21,11,20,92,92064,PORTE JAUNE,48.84899817,2.20116824,Plein jour,En agglomération,Intersection en X,Normale,Autre collision,4,2,3,0,3,1,1,0,1,50,1,2,1,0,0,1,32.0,,transport_commun,,1,2,2,1,6
202300033718,2023-11-08 03:50:00,2023,11,8,3,50,69,69290,Autoroute 43,45.69136,4.98786,Nuit sans éclairage public,Hors agglomération,Hors intersection,Normale,Deux véhicules - frontale,1,3,8,0,1,1,1,0,1,130,2,2,1,1,0,0,32.0,,voiture,voiture,3,1,1,1,1
202300033719,2023-04-14 07:45:00,2023,4,14,7,45,06,06059,Moyenne Corniche,43.727476,7.354317,Plein jour,Hors agglomération,Hors intersection,Normale,Sans collision,7,3,4,0,1,1,1,0,1,-1,1,1,0,0,0,1,45.0,,deux_roues,,1,1,1,1,7
202300033720,2023-03-01 15:00:00,2023,3,1,15,0,33,33119,Boulevard Entre Deux Mers,44.84631425,-0.53611189,Plein jour,En agglomération,Hors intersection,Normale,Deux véhicules - arrière,4,3,6,0,2,1,1,0,1,50,2,2,1,0,0,1,30.0,25.0,deux_roues,deux_roues,1,2,1,1,2
202300033721,2023-05-20 11:00:00,2023,5,20,11,0,92,92064,MARCEL DASSAULT,48.85530762,2.22291157,Plein jour,En agglomération,Hors intersection,Normale,Deux véhicules - arrière,3,2,2,0,1,1,1,0,1,50,2,2,1,0,0,1,34.0,55.0,voiture,voiture,1,2,1,1,2
202300033722,2023-11-10 16:20:00,2023,11,10,16,20,33,33550,ROCADE A 630,44.77784958,-0.55851638,Plein jour,Hors agglomération,Hors intersection,Normale,Deux véhicules - côté,1,3,6,0,1,1,1,0,1,90,2,2,1,0,0,1,21.0,61.0,voiture,utilitaire_camion,1,1,1,1,3
202300033723,2023-04-14 11:45:00,2023,4,14,11,45,09,09145,D12,43.079985,1.741118,Plein jour,Hors agglomération,Hors intersection,Pluie légère,Trois véhicules et plus - collisions multiples,3,2,2,0,1,3,2,0,1,80,3,4,1,0,1,2,20.0,58.0,voiture,transport_commun,1,1,1,2,5
202300033724,2023-11-10 15:25:00,2023,11,10,15,25,77,77251,AUTOROUTE A5A,48.62178,2.54502,Plein jour,Hors agglomération,Hors intersection,Pluie légère,Autre collision,1,3,3,0,1,1,2,0,1,110,1,1,0,0,0,1,82.0,,voiture,,1,1,1,2,6
202300033725,2023-02-28 15:20:00,2023,2,28,15,20,33,33069,Avenue de la Libération Charles de Gaulle,44.85999,-0.59924,Plein jour,En agglomération,Intersection en T,Normale,Deux véhicules - côté,4,1,3,3,1,1,1,0,6,30,2,3,1,0,0,2,19.0,32.0,deux_roues,voiture,1,2,3,1,3
202300033725,2023-02-28 15:20:00,2023,2,28,15,20,33,33069,Avenue de la Libération Charles de Gaulle,44.85999,-0.59924,Plein jour,En agglomération,Intersection en T,Normale,Deux véhicules - côté,4,1,1,0,1,1,1,0,1,30,2,3,1,0,0,2,19.0,32.0,deux_roues,voiture,1,2,3,1,3
202300033726,2023-05-21 12:36:00,2023,5,21,12,36,92,92063,POMPIDOU (AVENUE DU PRESIDENT),48.87038894,2.19647736,Plein jour,En agglomération,Hors intersection,Normale,Deux véhicules - frontale,4,2,1,0,1,1,1,0,1,50,2,4,2,0,1,1,78.0,26.0,voiture,deux_roues,1,2,1,1,1
202300033727,2023-04-13 16:35:00,2023,4,13,16,35,60,60178,52 Rue de Breteuil,49.609542,2.095578,Plein jour,En agglomération,Autre intersection,Normale,Autre collision,3,2,2,1,2,1,1,0,1,50,1,2,1,0,1,0,60.0,,utilitaire_camion,,1,2,9,1,6
202300033728,2023-11-10 08:37:00,2023,11,10,8,37,94,94021,A106,48.76076577,2.34564162,Plein jour,Hors agglomération,Hors intersection,Normale,Deux véhicules - côté,1,1,2,0,1,1,1,0,1,70,2,2,1,0,0,1,51.0,20.0,deux_roues,voiture,1,1,1,1,3
202300033729,2023-05-21 18:50:00,2023,5,21,18,50,92,92026,LOUIS ULBACH (DE 16 A FIN),48.90205884,2.26388741,Plein jour,En agglomération,Hors intersection,Normale,Autre collision,4,2,1,0,1,1,1,0,1,30,2,2,1,0,0,1,27.0,6.0,voiture,deux_roues,1,2,1,1,6
202300033730,2023-11-10 06:25:00,2023,11,10,6,25,94,94043,A6B,48.80476702,2.34457441,Crépuscule ou aube,Hors agglomération,Hors intersection,Normale,Deux véhicules - côté,1,1,2,0,1,1,1,1,1,70,2,3,2,0,0,1,35.0,30.0,utilitaire_camion,voiture,2,1,1,1,3
202300033731,2023-04-13 16:45:00,2023,4,13,16,45,73,73010,D54 / Route du Mazet,45.79443823,5.93267454,Plein jour,Hors agglomération,Intersection en X,Normale,Deux véhicules - côté,3,2,2,0,1,3,2,0,1,80,2,5,3,0,0,2,17.0,64.0,voiture,voiture,1,1,2,1,3
202300033731,2023-04-13 16:45:00,2023,4,13,16,45,73,73010,D54 / Route du Mazet,45.79443823,5.93267454,Plein jour,Hors agglomération,Intersection en X,Normale,Deux véhicules - côté,3,2,2,0,1,1,2,0,1,80,2,5,3,0,0,2,17.0,64.0,voiture,voiture,1,1,2,1,3
202300033732,2023-03-01 14:15:00,2023,3,1,14,15,31,31555,33 B SESQUIERES  (PERIPH OUEST A620),43.64841,1.42386,Plein jour,En agglomération,Hors intersection,Normale,Trois véhicules et plus - en chaîne,1,2,4,0,1,1,1,2,1,50,4,5,4,0,0,1,41.0,23.0,utilitaire_camion,voiture,1,2,1,1,4
202300033733,2023-11-10 11:45:00,2023,11,10,11,45,78,78242,A12 Y,48.804765,2.049858,Plein jour,Hors agglomération,Hors intersection,Normale,Deux véhicules - arrière,1,1,4,0,2,1,1,1,1,90,2,3,1,0,0,2,51.0,,voiture,voiture,1,1,1,1,2
202300033734,2023-11-10 10:20:00,2023,11,10,10,20,78,78029,A13Y,48.96631,1.85195,Plein jour,Hors agglomération,Hors intersection,Normale,Deux véhicules - côté,1,1,3,0,1,1,1,0,2,130,2,2,1,0,0,1,45.0,53.0,utilitaire_camion,voiture,1,1,1,1,3
202300033735,2023-04-14 09:15:00,2023,4,14,9,15,04,04055,N85,43.988739,6.296464,Plein jour,Hors agglomération,Hors intersection,Normale,Autre collision,2,2,2,0,1,3,1,0,1,70,3,9,4,0,2,3,36.0,59.0,utilitaire_camion,voiture,1,1,1,1,6
202300033736,2023-05-21 14:45:00,2023,5,21,14,45,92,92024,MARTRE DE (4 A 54),48.89931466,2.30945438,Plein jour,En agglomération,Intersection en T,Normale,Deux véhicules - côté,3,1,3,0,1,1,1,0,1,50,2,3,1,0,0,2,38.0,27.0,voiture,deux_roues,1,2,3,1,3
202300033736,2023-05-21 14:45:00,2023,5,21,14,45,92,92024,MARTRE DE (4 A 54),48.89931466,2.30945438,Plein jour,En agglomération,Intersection en T,Normale,Deux véhicules - côté,3,1,3,0,1,1,1,0,1,50,2,3,1,0,0,2,38.0,27.0,voiture,deux_roues,1,2,3,1,3
202300033737,2023-11-09 07:15:00,2023,11,9,7,15,78,78118,A13,48.98693,1.664935,Crépuscule ou aube,Hors agglomération,Hors intersection,Temps couvert,Autre collision,1,3,3,0,2,1,2,0,1,110,1,1,0,0,0,1,45.0,,voiture,,2,1,1,8,6
202300033738,2023-03-01 10:09:00,2023,3,1,10,9,29,29039,Chemin de Keramplen,47.90442,-3.915256,Plein jour,En agglomération,Intersection en X,Normale,Deux véhicules - frontale,3,2, -1,-1,1,1,1,0,1,-1,2,2,1,0,0,1,45.0,27.0,utilitaire_camion,voiture,1,2,2,1,1
202300033738,2023-03-01 10:09:00,2023,3,1,10,9,29,29039,Chemin de Keramplen,47.90442,-3.915256,Plein jour,En agglomération,Intersection en X,Normale,Deux véhicules - frontale,3,2,2,0,1,1,1,0,1,70,2,2,1,0,0,1,45.0,27.0,utilitaire_camion,voiture,1,2,2,1,1
202300033739,2023-04-13 10:10:00,2023,4,13,10,10,17,17385,Rue de la Liberation,45.944805,-1.309583,Plein jour,En agglomération,Giratoire,Normale,Deux véhicules - côté,3,2,1,0,1,1,1,0,1,50,2,2,1,0,1,0,77.0,77.0,deux_roues,voiture,1,2,6,1,3
202300033739,2023-04-13 10:10:00,2023,4,13,10,10,17,17385,Rue de la Liberation,45.944805,-1.309583,Plein jour,En agglomération,Giratoire,Normale,Deux véhicules - côté,3,2,2,0,1,2,1,0,1,50,2,2,1,0,1,0,77.0,77.0,deux_roues,voiture,1,2,6,1,3
202300033740,2023-05-21 02:50:00,2023,5,21,2,50,92,92012,MEUDON (RUE DE) - COTE PAIR,48.82811367,2.24207193,Nuit avec éclairage allumé,En agglomération,Hors intersection,Normale,Sans collision,4,2,1,0,1,1,1,0,1,50,1,2,1,0,0,1,19.0,,deux_roues,,5,2,1,1,7
202300033741,2023-11-08 21:12:00,2023,11,8,21,12,78,78118,A13,48.983163,1.685059,Nuit sans éclairage public,Hors agglomération,Hors intersection,Normale,Trois véhicules et plus - collisions multiples,1,-1,1,0,1,1,1,3,1,50,3,3,1,0,0,2,34.0,25.0,voiture,voiture,3,1,1,1,5
202300033742,2023-11-10 20:40:00,2023,11,10,20,40,93,93053,AUTOROUTE A3,48.88171885,2.45421891,Nuit sans éclairage public,Hors agglomération,Hors intersection,Normale,Autre collision,1,1,3,0,1,1,1,0,1,70,1,1,0,0,0,1,38.0,,deux_roues,,3,1,1,1,6
202300033743,2023-04-14 17:30:00,2023,4,14,17,30,87,87011,RN 47 PK035+800,46.100108,1.076231,Plein jour,Hors agglomération,Hors intersection,Pluie forte,Deux véhicules - côté,2,2,2,0,2,1,2,0,1,70,2,2,1,0,1,0,21.0,49.0,voiture,utilitaire_camion,1,1,1,3,3
202300033744,2023-02-28 13:07:00,2023,2,28,13,7,18,18033,Place de Juranville,47.083368,2.388667,Plein jour,En agglomération,Hors intersection,Normale,Deux véhicules - côté,4,3,2,2,1,1,1,0,5,50,2,2,1,0,0,1,36.0,23.0,voiture,deux_roues,1,2,1,1,3
202300033745,2023-04-08 15:25:00,2023,4,8,15,25,37,37250,Bourg Cocu,47.198782,0.700073,Plein jour,Hors agglomération,Hors intersection,Normale,Autre collision,4,2,2,0,1,3,1,0,3,-1,1,1,0,0,1,0,73.0,,voiture,,1,1,1,1,6
202300033746,2023-05-21 08:35:00,2023,5,21,8,35,92,92004,AULAGNIER ( QUAI ),48.91326,2.30712,Plein jour,En agglomération,Hors intersection,Normale,Deux véhicules - frontale,3,-1,1,0,1,1,1,0,1,50,2,2,1,0,0,1,60.0,51.0,voiture,deux_roues,1,2,1,1,1
202300033747,2023-02-28 22:00:00,2023,2,28,22,0,14,14118,51 Rue de Geôle,49.185085,-0.363596,Nuit avec éclairage allumé,En agglomération,Hors intersection,Pluie légère,Autre collision,4,2,1,0,1,1,2,0,1,50,1,2,1,0,0,1,49.0,,voiture,,5,2,1,2,6
202300033748,2023-11-10 17:30:00,2023,11,10,17,30,92,92036,AUTOROUTE A86,48.93810053,2.29792713,Nuit sans éclairage public,Hors agglomération,Hors intersection,Normale,Trois véhicules et plus - collisions multiples,1,1,4,0,1,1,1,0,1,70,3,3,2,0,1,0,53.0,52.0,voiture,deux_roues,3,1,1,1,5
202300033749,2023-02-08 14:15:00,2023,2,8,14,15,13,13039,CHALAND (Chemin du),43.45566,4.93169,Plein jour,En agglomération,Hors intersection,Normale,Deux véhicules - côté,4,2,2,0,1,1,1,0,1,50,2,2,1,0,0,1,26.0,38.0,voiture,deux_roues,1,2,1,1,3
202300033750,2023-11-10 14:55:00,2023,11,10,14,55,93,93007,AUTOROUTE A1,48.94605193,2.44078471,Plein jour,Hors agglomération,Hors intersection,Pluie légère,Sans collision,1,3,4,0,1,1,2,0,1,90,2,2,1,1,0,0,59.0,49.0,utilitaire_camion,deux_roues,1,1,1,2,7
202300033751,2023-04-12 11:40:00,2023,4,12,11,40,37,37130,Machefer,47.036168,0.849756,Plein jour,Hors agglomération,Intersection en X,Normale,Deux véhicules - côté,3,2,2,0,1,1,1,0,1,80,2,3,2,0,1,0,63.0,72.0,voiture,voiture,1,1,2,1,3
202300033751,2023-04-12 11:40:00,2023,4,12,11,40,37,37130,Machefer,47.036168,0.849756,Plein jour,Hors agglomération,Intersection en X,Normale,Deux véhicules - côté,3,2,2,0,2,1,1,0,1,70,2,3,2,0,1,0,63.0,72.0,voiture,voiture,1,1,2,1,3
202300033752,2023-04-13 18:40:00,2023,4,13,18,40,08,08302,,49.89169,4.761468,Plein jour,En agglomération,Hors intersection,Normale,Autre collision,4,2,2,0,4,1,1,0,3,30,1,1,0,0,1,0,52.0,,voiture,,1,2,1,1,6
202300033753,2023-11-10 15:30:00,2023,11,10,15,30,92,92036,AUTOROUTE A86,48.93817308,2.31344484,Plein jour,Hors agglomération,Hors intersection,Pluie légère,Deux véhicules - arrière,1,3,6,0,1,1,2,0,1,90,2,2,1,0,0,1,18.0,61.0,voiture,utilitaire_camion,1,1,1,2,2
202300033754,2023-05-21 16:10:00,2023,5,21,16,10,60,60332,Departemental 137,49.35994177,2.49832883,Plein jour,Hors agglomération,Intersection en X,Normale,Deux véhicules - arrière,3,2,2,0,1,1,1,0,1,80,2,3,1,0,1,1,37.0,18.0,deux_roues,deux_roues,1,1,2,1,2
202300033754,2023-05-21 16:10:00,2023,5,21,16,10,60,60332,Departemental 137,49.35994177,2.49832883,Plein jour,Hors agglomération,Intersection en X,Normale,Deux véhicules - arrière,3,2, -1,-1,1,1,1,0,1,-1,2,3,1,0,1,1,37.0,18.0,deux_roues,deux_roues,1,1,2,1,2
202300033755,2023-02-28 23:30:00,2023,2,28,23,30,13,13001,PREMIERE DIV FRANCAISE LIB (AV),43.55011,5.42881,Nuit sans éclairage public,En agglomération,Hors intersection,Normale,Sans collision,2,3,5,0,2,3,1,0,1,50,1,1,0,0,0,1,29.0,,voiture,,3,2,1,1,7
202300033756,2023-11-10 08:40:00,2023,11,10,8,40,93,93064,AUTOROUTE A86,48.88087,2.47514,Plein jour,Hors agglomération,Hors intersection,Normale,Deux véhicules - frontale,1,3,3,0,1,1,1,0,1,90,2,2,1,0,0,1,53.0,47.0,deux_roues,utilitaire_camion,1,1,1,1,1
202300033757,2023-02-01 09:47:00,2023,2,1,9,47,02,02722,50 Boulevard Condorcet,49.37726,3.31158,Plein jour,En agglomération,Giratoire,Normale,Autre collision,4,2,2,0,1,1,2,0,1,50,1,3,1,0,0,2,47.0,,voiture,,1,2,6,1,6
202300033757,2023-02-01 09:47:00,2023,2,1,9,47,02,02722,50 Boulevard Condorcet,49.37726,3.31158,Plein jour,En agglomération,Giratoire,Normale,Autre collision,4,2,1,0,1,1,2,9,1,50,1,3,1,0,0,2,47.0,,voiture,,1,2,6,1,6
202300033758,2023-04-14 11:25:00,2023,4,14,11,25,08,08449,D16/ D20,49.71379,4.50874,Plein jour,Hors agglomération,Intersection en Y,Normale,Deux véhicules - côté,3,2,2,0,1,2,1,0,1,80,2,2,1,0,1,0,27.0,42.0,deux_roues,voiture,1,1,4,1,3
202300033758,2023-04-14 11:25:00,2023,4,14,11,25,08,08449,D16/ D20,49.71379,4.50874,Plein jour,Hors agglomération,Intersection en Y,Normale,Deux véhicules - côté,3,2,2,0,1,3,1,0,1,80,2,2,1,0,1,0,27.0,42.0,deux_roues,voiture,1,1,4,1,3
202300033759,2023-05-21 15:48:00,2023,5,21,15,48,01,01085,D7,46.097385,4.992771,Plein jour,Hors agglomération,Hors intersection,Normale,Sans collision,3,2,2,0,1,1,1,0,3,80,1,1,0,0,1,0,69.0,,deux_roues,,1,1,1,1,7
202300033760,2023-11-10 15:30:00,2023,11,10,15,30,94,94073,A86,48.7542676,2.38140831,Plein jour,Hors agglomération,Hors intersection,Pluie légère,Deux véhicules - arrière,1,3,6,0,1,1,2,0,1,90,2,2,1,0,0,1,27.0,30.0,voiture,deux_roues,1,1,1,2,2
202300033761,2023-05-20 18:25:00,2023,5,20,18,25,62,62471,D341,50.6477916,2.22226422,Plein jour,Hors agglomération,Hors intersection,Normale,Sans collision,3,2,2,0,3,2,1,0,3,80,1,2,0,0,1,1,49.0,,deux_roues,,1,1,1,1,7
202300033762,2023-04-13 17:51:00,2023,4,13,17,51,68,68321,Rue de la République,47.828418,7.25099,Plein jour,En agglomération,Intersection en T,Normale,Deux véhicules - côté,3,2,2,0,1,1,1,5,1,50,2,2,1,0,0,1,40.0,61.0,voiture,deux_roues,1,2,3,1,3
202300033762,2023-04-13 17:51:00,2023,4,13,17,51,68,68321,Rue de la République,47.828418,7.25099,Plein jour,En agglomération,Intersection en T,Normale,Deux véhicules - côté,3,2,2,0,1,1,1,5,1,50,2,2,1,0,0,1,40.0,61.0,voiture,deux_roues,1,2,3,1,3