accident_id,datetime,annee,mois,jour,heure,minute,departement,commune_insee,adresse,latitude,longitude,luminosite,agglomeration,intersection,meteo,collision,catr,circ,nbv,vosp,prof,plan,surf,infra,situ,vma,nb_vehicules,nb_usagers,nb_indemnes,nb_tues,nb_blesses_hosp,nb_blesses_legers,age_cond_1,age_cond_2,veh_type_cond_1,veh_type_cond_2,lum_code,agg_code,int_code,atm_code,col_code
202300033821,2023-06-25 01:07:00,2023,6,25,1,7,37,37261,BERANGER (BOULEVARD),47.39003,0.68643,Nuit avec éclairage allumé,En agglomération,Intersection en T,Normale,Deux véhicules - côté,4,3,4,0,1,1,1,5,1,50,2,2,1,0,0,1,31.0,22.0,voiture,deux_roues,5,2,3,1,3
202300033821,2023-06-25 01:07:00,2023,6,25,1,7,37,37261,BERANGER (BOULEVARD),47.39003,0.68643,Nuit avec éclairage allumé,En agglomération,Intersection en T,Normale,Deux véhicules - côté,4,1,3,0,1,1,1,5,1,50,2,2,1,0,0,1,31.0,22.0,voiture,deux_roues,5,2,3,1,3
202300033822,2023-11-09 07:37:00,2023,11,9,7,37,93,93029,Avenue Henri Barbusse / Rue Jane Joye,48.9182,2.448,Plein jour,En agglomération,Intersection en T,Pluie légère,Deux véhicules - côté,3,2,2,0,1,1,2,0,1,50,2,2,0,0,1,1,27.0,20.0,voiture,deux_roues,1,2,3,2,3
202300033822,2023-11-09 07:37:00,2023,11,9,7,37,93,93029,Avenue Henri Barbusse / Rue Jane Joye,48.9182,2.448,Plein jour,En agglomération,Intersection en T,Pluie légère,Deux véhicules - côté,3,1,1,0,1,1,2,0,1,-1,2,2,0,0,1,1,27.0,20.0,voiture,deux_roues,1,2,3,2,3
202300033823,2023-03-01 15:35:00,2023,3,1,15,35,75,75108,RUE BALZAC,48.87440182,2.30105639,Plein jour,En agglomération,Intersection en X,Temps couvert,Deux véhicules - côté,4,1, -1,-1,1,1,1,0,1,-1,2,2,0,0,0,2,55.0,22.0,deux_roues,deux_roues,1,2,2,8,3
202300033823,2023-03-01 15:35:00,2023,3,1,15,35,75,75108,RUE BALZAC,48.87440182,2.30105639,Plein jour,En agglomération,Intersection en X,Temps couvert,Deux véhicules - côté,4,1,1,0,1,1,1,0,1,30,2,2,0,0,0,2,55.0,22.0,deux_roues,deux_roues,1,2,2,8,3
202300033824,2023-04-11 09:30:00,2023,4,11,9,30,01,01043,Chemin du Sermoraz,45.827808,4.998112,Plein jour,En agglomération,Giratoire,Normale,Deux véhicules - arrière,3,1, -1,-1,1,1,1,0,1,-1,2,2,1,0,0,1,39.0,18.0,voiture,deux_roues,1,2,6,1,2
202300033824,2023-04-11 09:30:00,2023,4,11,9,30,01,01043,Chemin du Sermoraz,45.827808,4.998112,Plein jour,En agglomération,Giratoire,Normale,Deux véhicules - arrière,3,1, -1,0,1,2,1,0,1,50,2,2,1,0,0,1,39.0,18.0,voiture,deux_roues,1,2,6,1,2
202300033825,2023-06-24 14:00:00,2023,6,24,14,0,37,37261,JOLIVET (RUE),47.38521003,0.70696592,Plein jour,En agglomération,Intersection en X,Normale,Autre collision,4,1,1,1,1,1,1,0,4,50,1,1,0,0,0,1,27.0,,deux_roues,,1,2,2,1,6
202300033825,2023-06-24 14:00:00,2023,6,24,14,0,37,37261,JOLIVET (RUE),47.38521003,0.70696592,Plein jour,En agglomération,Intersection en X,Normale,Autre collision,4,2,2,0,1,1,1,0,8,50,1,1,0,0,0,1,27.0,,deux_roues,,1,2,2,1,6
202300033826,2023-11-08 21:30:00,2023,11,8,21,30,93,93014,Allée de Gagny,48.90564,2.54895,Nuit avec éclairage allumé,En agglomération,Hors intersection,Pluie légère,Autre collision,3,3,2,0,1,1,2,0,1,50,1,2,1,0,0,1,27.0,,voiture,,5,2,1,2,6
202300033827,2023-03-02 13:12:00,2023,3,2,13,12,75,75107,AVENUE DUQUESNE,48.852241,2.309256,Plein jour,En agglomération,Hors intersection,Normale,Deux véhicules - arrière,4,2,2,0,1,1,1,0,1,30,2,2,1,0,0,1,49.0,27.0,utilitaire_camion,voiture,1,2,1,1,2
202300033828,2023-05-21 15:20:00,2023,5,21,15,20,63,63055,RD941/RD943,45.835875,2.846403,Plein jour,Hors agglomération,Intersection en T,Normale,Deux véhicules - côté,3,2,3,-1,1,1,1,5,1,90,2,6,3,0,0,3,74.0,50.0,voiture,voiture,1,1,3,1,3
202300033828,2023-05-21 15:20:00,2023,5,21,15,20,63,63055,RD941/RD943,45.835875,2.846403,Plein jour,Hors agglomération,Intersection en T,Normale,Deux véhicules - côté,3,2,3,0,1,1,1,5,1,90,2,6,3,0,0,3,74.0,50.0,voiture,voiture,1,1,3,1,3
202300033829,2023-06-25 02:15:00,2023,6,25,2,15,35,35238,INKERMANN (D'),48.10159,-1.68619,Nuit sans éclairage public,En agglomération,Hors intersection,Normale,Sans collision,4,2,2,0,1,1,1,0,1,50,1,1,0,0,0,1,40.0,,deux_roues,,3,2,1,1,7
202300033830,2023-04-14 12:25:00,2023,4,14,12,25,69,69184,Rue du Pertuis,45.601124,4.564835,Plein jour,En agglomération,Hors intersection,Normale,Deux véhicules - frontale,3,2,2,0,2,1,1,0,1,50,2,2,0,0,1,1,44.0,73.0,utilitaire_camion,utilitaire_camion,1,2,1,1,1
202300033831,2023-03-02 10:24:00,2023,3,2,10,24,75,75107,RUE DE BELLECHASSE,48.857792,2.322425,Plein jour,En agglomération,Intersection en T,Normale,Autre collision,4,1, -1,-1,1,1,1,-1,5,-1,1,2,1,0,0,1,32.0,,deux_roues,,1,2,3,1,6
202300033831,2023-03-02 10:24:00,2023,3,2,10,24,75,75107,RUE DE BELLECHASSE,48.857792,2.322425,Plein jour,En agglomération,Intersection en T,Normale,Autre collision,4,1,1,1,1,1,1,-1,5,30,1,2,1,0,0,1,32.0,,deux_roues,,1,2,3,1,6
202300033832,2023-11-09 16:35:00,2023,11,9,16,35,93,93001,Avenue Victor Hugo,48.90536462,2.3742578,Plein jour,En agglomération,Hors intersection,Pluie légère,Deux véhicules - côté,3,2,3,2,1,1,2,0,1,50,2,2,1,0,0,1,36.0,37.0,deux_roues,voiture,1,2,1,2,3
202300033833,2023-06-25 01:50:00,2023,6,25,1,50,33,33063,Quai Sainte-Croix,44.83355504,-0.56169748,Nuit avec éclairage allumé,En agglomération,Hors intersection,Normale,Autre collision,4,3,7,0,1,1,1,6,8,50,1,2,1,0,0,1,,,deux_roues,,5,2,1,1,6
202300033834,2023-05-21 12:00:00,2023,5,21,12,0,63,63465,RD205/ RD261,45.435691,3.882229,Plein jour,En agglomération,Intersection en T,Normale,Deux véhicules - arrière,3,2,2,0,2,1,1,0,1,50,2,2,1,0,1,0,53.0,58.0,deux_roues,deux_roues,1,2,3,1,2
202300033834,2023-05-21 12:00:00,2023,5,21,12,0,63,63465,RD205/ RD261,45.435691,3.882229,Plein jour,En agglomération,Intersection en T,Normale,Deux véhicules - arrière,3,2,2,-1,1,1,1,0,1,-1,2,2,1,0,1,0,53.0,58.0,deux_roues,deux_roues,1,2,3,1,2
202300033835,2023-04-14 16:25:00,2023,4,14,16,25,64,64230,N134,43.243187,-0.38694,Plein jour,Hors agglomération,Hors intersection,Pluie légère,Deux véhicules - frontale,2,-1,2,0,2,3,2,0,1,80,2,2,1,0,1,0,52.0,67.0,utilitaire_camion,voiture,1,1,1,2,1
202300033836,2023-03-02 07:50:00,2023,3,2,7,50,75,75102,BOULEVARD DE SEBASTOPOL,48.867052,2.352974,Plein jour,En agglomération,Intersection en X,Normale,Deux véhicules - côté,4,1,4,1,1,1,1,-1,5,30,2,2,1,0,0,1,34.0,33.0,utilitaire_camion,deux_roues,1,2,2,1,3
202300033836,2023-03-02 07:50:00,2023,3,2,7,50,75,75102,BOULEVARD DE SEBASTOPOL,48.867052,2.352974,Plein jour,En agglomération,Intersection en X,Normale,Deux véhicules - côté,4,2,2,2,1,1,1,-1,5,30,2,2,1,0,0,1,34.0,33.0,utilitaire_camion,deux_roues,1,2,2,1,3
202300033837,2023-06-24 18:15:00,2023,6,24,18,15,33,33167,Rue Léo Lagrange,44.83322,-0.53118,Plein jour,En agglomération,Hors intersection,Normale,Autre collision,4,2,2,0,1,1,1,0,1,50,1,3,2,0,0,1,20.0,,voiture,,1,2,1,1,6
202300033838,2023-11-09 07:10:00,2023,11,9,7,10,93,93001,Pont du Landy / Quai Lucien Lefranc,48.915275,2.371344,Crépuscule ou aube,En agglomération,Intersection en X,Normale,Deux véhicules - côté,3,2,2,2,1,1,1,2,5,50,2,2,1,0,0,1,23.0,49.0,deux_roues,voiture,2,2,2,1,3
202300033838,2023-11-09 07:10:00,2023,11,9,7,10,93,93001,Pont du Landy / Quai Lucien Lefranc,48.915275,2.371344,Crépuscule ou aube,En agglomération,Intersection en X,Normale,Deux véhicules - côté,3,2,2,1,1,1,1,2,5,50,2,2,1,0,0,1,23.0,49.0,deux_roues,voiture,2,2,2,1,3
202300033839,2023-05-20 15:30:00,2023,5,20,15,30,63,63003,Route des Pradeaux,45.53616,3.775778,Plein jour,Hors agglomération,Hors intersection,Normale,Deux véhicules - arrière,3,2,2,0,2,4,1,0,1,90,2,2,1,0,0,1,55.0,89.0,deux_roues,voiture,1,1,1,1,2
202300033840,2023-11-09 06:50:00,2023,11,9,6,50,93,93001,Boulevard Anatole France,48.916677,2.381813,Nuit avec éclairage allumé,En agglomération,Hors intersection,Pluie légère,Autre collision,3,2,2,0,1,1,2,9,1,50,1,2,1,0,0,1,22.0,,voiture,,5,2,1,2,6
202300033841,2023-03-01 09:10:00,2023,3,1,9,10,94,94068,Place d'Adamville Kennedy,48.79385509,2.48661,Plein jour,En agglomération,Giratoire,Normale,Deux véhicules - côté,4,1,1,1,1,2,1,0,1,30,2,2,1,0,0,1,26.0,75.0,deux_roues,voiture,1,2,6,1,3
202300033841,2023-03-01 09:10:00,2023,3,1,9,10,94,94068,Place d'Adamville Kennedy,48.79385509,2.48661,Plein jour,En agglomération,Giratoire,Normale,Deux véhicules - côté,4,1,1,2,1,1,1,0,1,30,2,2,1,0,0,1,26.0,75.0,deux_roues,voiture,1,2,6,1,3
202300033842,2023-06-24 19:30:00,2023,6,24,19,30,31,31069,PARC (AV DU),43.63056,1.38855,Plein jour,En agglomération,Hors intersection,Normale,Deux véhicules - frontale,4,2,2,0,1,1,1,0,1,50,2,3,1,0,2,0,31.0,60.0,deux_roues,voiture,1,2,1,1,1
202300033843,2023-04-13 13:10:00,2023,4,13,13,10,60,60141,Avenue du Maréchal Joffre,49.18751,2.461528,Plein jour,En agglomération,Hors intersection,Pluie légère,Trois véhicules et plus - en chaîne,3,2,2,0,1,1,2,0,1,50,3,3,2,0,0,1,28.0,53.0,voiture,voiture,1,2,1,2,4
202300033844,2023-05-14 22:15:00,2023,5,14,22,15,55,55496,D36,48.72862779,5.66338778,Nuit sans éclairage public,Hors agglomération,Intersection en T,Normale,Sans collision,3,2,2,0,1,3,1,0,1,90,1,2,1,0,0,1,22.0,,voiture,,3,1,3,1,7
202300033844,2023-05-14 22:15:00,2023,5,14,22,15,55,55496,D36,48.72862779,5.66338778,Nuit sans éclairage public,Hors agglomération,Intersection en T,Normale,Sans collision,3,2, -1,-1,1,1,1,0,1,-1,1,2,1,0,0,1,22.0,,voiture,,3,1,3,1,7
202300033845,2023-03-02 12:00:00,2023,3,2,12,0,94,94021,Boulevard Circulaire Est,48.7652,2.35563,Plein jour,En agglomération,Hors intersection,Normale,Deux véhicules - frontale,5,1,4,3,1,1,1,-1,6,60,2,2,1,0,0,1,22.0,29.0,deux_roues,transport_commun,1,2,1,1,1
202300033846,2023-06-24 10:30:00,2023,6,24,10,30,29,29232,Avenue Léon Blum,47.986624,-4.081663,Plein jour,En agglomération,Hors intersection,Normale,Autre collision,4,2,1,0,1,1,1,0,1,50,1,2,1,0,1,0,58.0,,voiture,,1,2,1,1,6
202300033847,2023-04-14 17:20:00,2023,4,14,17,20,60,60028,d1330,49.21795918,2.55411208,Plein jour,Hors agglomération,Hors intersection,Pluie légère,Deux véhicules - côté,3,1,4,0,1,1,2,0,1,80,2,2,1,0,1,0,35.0,34.0,deux_roues,voiture,1,1,1,2,3
202300033848,2023-06-25 00:20:00,2023,6,25,0,20,29,29019,rue Charles Le Goffic,48.397942,-4.443801,Nuit sans éclairage public,En agglomération,Hors intersection,Normale,Autre collision,4,2,2,0,3,1,1,0,1,50,1,1,0,0,1,0,21.0,,deux_roues,,3,2,1,1,6
202300033849,2023-03-02 06:45:00,2023,3,2,6,45,94,94065,Zone SOGARIS,48.75038291,2.36751001,Nuit sans éclairage public,Hors agglomération,Hors intersection,Normale,Autre collision,5,-1,1,0,1,1,1,0,1,50,1,2,1,0,0,1,24.0,,utilitaire_camion,,3,1,1,1,6
202300033850,2023-11-09 20:25:00,2023,11,9,20,25,92,92073,ROOSVELT (AVENUE FRANKLIN),48.87337,2.22151,Nuit avec éclairage allumé,En agglomération,Hors intersection,Pluie légère,Deux véhicules - arrière,3,3,3,0,2,1,2,6,1,50,2,2,1,0,0,1,20.0,20.0,deux_roues,voiture,5,2,1,2,2
202300033851,2023-04-11 16:21:00,2023,4,11,16,21,60,60612,34 Rue de Brichebay,49.1971,2.570282,Plein jour,En agglomération,Hors intersection,Normale,Autre collision,4,2,2,0,1,1,1,0,1,50,1,2,1,0,0,1,55.0,,deux_roues,,1,2,1,1,6
202300033852,2023-05-18 14:50:00,2023,5,18,14,50,47,47250,D8,44.289698,0.311936,Plein jour,Hors agglomération,Intersection en X,Normale,Trois véhicules et plus - collisions multiples,3,2,2,0,1,1,1,0,1,80,3,4,2,0,1,1,72.0,53.0,utilitaire_camion,voiture,1,1,2,1,5
202300033852,2023-05-18 14:50:00,2023,5,18,14,50,47,47250,D8,44.289698,0.311936,Plein jour,Hors agglomération,Intersection en X,Normale,Trois véhicules et plus - collisions multiples,3,2,2,0,1,1,1,0,1,70,3,4,2,0,1,1,72.0,53.0,utilitaire_camion,voiture,1,1,2,1,5
202300033853,2023-06-25 00:15:00,2023,6,25,0,15,28,28134,ISAACS (RUE SAM),48.75606,1.3944,Nuit sans éclairage public,Hors agglomération,Hors intersection,Normale,Sans collision,3,2,2,0,1,1,1,0,8,80,1,1,0,0,0,1,22.0,,voiture,,3,1,1,1,7
202300033854,2023-03-01 09:30:00,2023,3,1,9,30,94,94017,2 Rue a Trait,48.81247295,2.51394466,Plein jour,En agglomération,Hors intersection,Normale,Autre collision,3,2,3,0,2,1,1,0,8,20,1,2,1,0,0,1,65.0,,voiture,,1,2,1,1,6
202300033855,2023-04-13 17:25:00,2023,4,13,17,25,83,83144,A57,43.138459,5.996373,Plein jour,Hors agglomération,Hors intersection,Normale,Deux véhicules - côté,1,1,2,0,1,1,1,8,1,70,2,2,1,0,1,0,25.0,23.0,deux_roues,voiture,1,1,1,1,3
202300033856,2023-11-08 15:50:00,2023,11,8,15,50,92,92063,BRU (PLACE DU DOCTEUR JEAN),48.87624713,2.20113471,Plein jour,En agglomération,Autre intersection,Pluie légère,Deux véhicules - arrière,4,1,2,0,1,1,2,5,1,30,2,2,1,0,0,1,30.0,15.0,voiture,deux_roues,1,2,9,2,2
202300033856,2023-11-08 15:50:00,2023,11,8,15,50,92,92063,BRU (PLACE DU DOCTEUR JEAN),48.87624713,2.20113471,Plein jour,En agglomération,Autre intersection,Pluie légère,Deux véhicules - arrière,4,2,1,1,2,1,2,0,1,30,2,2,1,0,0,1,30.0,15.0,voiture,deux_roues,1,2,9,2,2
202300033857,2023-03-02 12:10:00,2023,3,2,12,10,93,93062,Allée des Hêtres,48.896147,2.517401,Plein jour,En agglomération,Hors intersection,Normale,Autre collision,4,2,2,0,1,1,1,0,1,50,1,2,1,0,0,1,33.0,,voiture,,1,2,1,1,6
202300033858,2023-06-24 19:45:00,2023,6,24,19,45,26,26362,Rue de Narvik,44.93787,4.90142,Plein jour,En agglomération,Hors intersection,Normale,Autre collision,4,2,1,0,1,1,1,6,1,30,1,4,2,0,0,2,20.0,,voiture,,1,2,1,1,6
202300033859,2023-05-20 13:40:00,2023,5,20,13,40,44,44063,,47.080242,-1.190761,Plein jour,Hors agglomération,Intersection en X,Normale,Deux véhicules - côté,3,2,1,0,1,2,1,0,6,80,2,4,1,0,0,3,35.0,46.0,voiture,voiture,1,1,2,1,3
202300033859,2023-05-20 13:40:00,2023,5,20,13,40,44,44063,,47.080242,-1.190761,Plein jour,Hors agglomération,Intersection en X,Normale,Deux véhicules - côté,3,2,2,0,1,1,1,0,1,80,2,4,1,0,0,3,35.0,46.0,voiture,voiture,1,1,2,1,3
202300033860,2023-11-09 21:20:00,2023,11,9,21,20,92,92040,RODIN (BOULEVARD),48.81912,2.25907,Nuit avec éclairage allumé,En agglomération,Hors intersection,Temps couvert,Autre collision,3,2,3,0,2,1,2,6,1,50,1,2,1,0,1,0,20.0,,deux_roues,,5,2,1,8,6
202300033861,2023-03-02 15:25:00,2023,3,2,15,25,93,93074,Rue Juan Valéra / Rue de la Tournelle,48.933791,2.576219,Plein jour,En agglomération,Intersection en T,Normale,Autre collision,4,2,2,0,1,1,1,0,4,50,1,1,0,0,0,1,20.0,,voiture,,1,2,3,1,6
202300033861,2023-03-02 15:25:00,2023,3,2,15,25,93,93074,Rue Juan Valéra / Rue de la Tournelle,48.933791,2.576219,Plein jour,En agglomération,Intersection en T,Normale,Autre collision,4,1,1,0,1,1,1,0,4,50,1,1,0,0,0,1,20.0,,voiture,,1,2,3,1,6
202300033862,2023-05-21 17:15:00,2023,5,21,17,15,29,29027,Penn Broez,48.200808,-3.854721,Plein jour,Hors agglomération,Hors intersection,Normale,Autre collision,4,2,2,0,2,4,1,0,3,80,1,1,0,0,0,1,41.0,,voiture,,1,1,1,1,6
202300033863,2023-06-23 15:10:00,2023,6,23,15,10,13,13005,RD 43 C,43.30157,5.5916,Plein jour,En agglomération,Intersection en T,Temps éblouissant,Deux véhicules - côté,3,2,2,0,1,1,1,0,1,50,2,3,2,0,0,1,61.0,72.0,deux_roues,voiture,1,2,3,7,3
202300033863,2023-06-23 15:10:00,2023,6,23,15,10,13,13005,RD 43 C,43.30157,5.5916,Plein jour,En agglomération,Intersection en T,Temps éblouissant,Deux véhicules - côté,3,2,2,0,1,1,1,0,1,50,2,3,2,0,0,1,61.0,72.0,deux_roues,voiture,1,2,3,7,3
202300033864,2023-04-12 16:35:00,2023,4,12,16,35,83,83137,A50 TUNNEL TUBE SUD,43.12610557,5.93425351,Plein jour,En agglomération,Hors intersection,Normale,Trois véhicules et plus - en chaîne,1,1,2,0,1,1,1,1,1,70,3,5,4,0,0,1,71.0,29.0,autre,voiture,1,2,1,1,4
202300033865,2023-11-09 09:00:00,2023,11,9,9,0,92,92040,VICTOR CRESSON (AVENUE) DU 02 AU 40,48.82382,2.27237,Plein jour,En agglomération,Hors intersection,Temps couvert,Deux véhicules - arrière,3,2,2,0,1,1,2,0,1,50,2,2,1,0,0,1,46.0,52.0,voiture,deux_roues,1,2,1,8,2
202300033866,2023-05-14 07:38:00,2023,5,14,7,38,29,29062,Lieu Dit Cabaret,48.172236,-4.000086,Crépuscule ou aube,Hors agglomération,Hors intersection,Normale,Autre collision,3,2,2,0,1,2,1,0,3,80,1,1,0,0,0,1,22.0,,voiture,,2,1,1,1,6
202300033867,2023-03-02 12:00:00,2023,3,2,12,0,93,93031,Boulevard Foch,48.94761,2.33248,Plein jour,En agglomération,Autre intersection,Normale,Deux véhicules - côté,3,3,2,0,1,1,1,0,1,50,2,2,1,0,0,1,31.0,54.0,deux_roues,utilitaire_camion,1,2,9,1,3
202300033867,2023-03-02 12:00:00,2023,3,2,12,0,93,93031,Boulevard Foch,48.94761,2.33248,Plein jour,En agglomération,Autre intersection,Normale,Deux véhicules - côté,3,1,1,-1,1,1,1,0,1,-1,2,2,1,0,0,1,31.0,54.0,deux_roues,utilitaire_camion,1,2,9,1,3
202300033868,2023-04-13 13:50:00,2023,4,13,13,50,33,33550,AUTOROUTE A 62,44.77144,-0.55537,Plein jour,Hors agglomération,Hors intersection,Normale,Autre collision,1,3,4,0,1,1,2,0,3,130,1,1,0,0,0,1,59.0,,voiture,,1,1,1,1,6
202300033869,2023-06-24 18:50:00,2023,6,24,18,50,11,11262,36 Rue du Verdouble,43.18263,2.97493,Plein jour,En agglomération,Hors intersection,Normale,Deux véhicules - arrière,4,3,2,0,1,1,1,0,1,50,2,2,1,0,1,0,50.0,32.0,voiture,deux_roues,1,2,1,1,2
202300033870,2023-11-09 18:40:00,2023,11,9,18,40,92,92035,République ( boulevard de la ),48.90684649,2.2447536,Nuit avec éclairage allumé,En agglomération,Hors intersection,Pluie légère,Deux véhicules - arrière,3,2,3,0,1,1,2,0,1,50,2,2,1,0,0,1,33.0,43.0,deux_roues,voiture,5,2,1,2,2
202300033871,2023-05-21 17:43:00,2023,5,21,17,43,38,38319,D518,45.06439,5.335354,Plein jour,Hors agglomération,Hors intersection,Normale,Autre collision,3,2,2,0,1,2,1,0,3,30,1,3,0,0,0,3,21.0,,voiture,,1,1,1,1,6
202300033872,2023-03-02 10:00:00,2023,3,2,10,0,93,93031,Rue de Paris / Rue du Maréchal Maison,48.953,2.31266,Plein jour,En agglomération,Intersection en T,Normale,Autre collision,4,1,1,-1,1,1,1,0,1,-1,1,2,1,0,0,1,68.0,,voiture,,1,2,3,1,6
202300033872,2023-03-02 10:00:00,2023,3,2,10,0,93,93031,Rue de Paris / Rue du Maréchal Maison,48.953,2.31266,Plein jour,En agglomération,Intersection en T,Normale,Autre collision,4,2,2,0,1,1,1,0,1,30,1,2,1,0,0,1,68.0,,voiture,,1,2,3,1,6
202300033873,2023-06-24 23:20:00,2023,6,24,23,20,11,11069,MEDIEVALE -VOIE-,43.20531,2.37112,Nuit sans éclairage public,En agglomération,Hors intersection,Normale,Deux véhicules - frontale,4,2,3,0,2,2,1,0,1,30,2,3,2,0,0,1,23.0,27.0,voiture,voiture,3,2,1,1,1
202300033874,2023-04-12 16:43:00,2023,4,12,16,43,59,59646,,50.67174,3.11458,Plein jour,Hors agglomération,Hors intersection,Normale,Trois véhicules et plus - en chaîne,7,-1,1,0,1,1,1,0,1,70,3,3,2,0,1,0,76.0,20.0,voiture,voiture,1,1,1,1,4
202300033875,2023-05-22 10:00:00,2023,5,22,10,0,02,02543,D973,49.163021,3.279119,Plein jour,Hors agglomération,Hors intersection,Normale,Sans collision,3,2,2,0,1,1,1,0,1,80,1,1,0,0,1,0,26.0,,voiture,,1,1,1,1,7
202300033876,2023-03-02 17:15:00,2023,3,2,17,15,93,93014,Allée Maurice Audin,48.908612,2.542545,Plein jour,En agglomération,Hors intersection,Normale,Deux véhicules - côté,4,3,2,2,1,1,1,0,1,30,2,2,1,0,0,1,21.0,51.0,voiture,voiture,1,2,1,1,3
202300033877,2023-11-06 20:15:00,2023,11,6,20,15,92,92026,MISSION MARCHAND (COTE PAIR),48.89710421,2.24028379,Nuit avec éclairage allumé,En agglomération,Hors intersection,Normale,Trois véhicules et plus - collisions multiples,3,1,0,0,1,1,1,0,8,50,3,3,1,0,0,2,31.0,58.0,voiture,transport_commun,5,2,1,1,5
202300033878,2023-04-13 19:53:00,2023,4,13,19,53,91,91228,AUTOROUTE A6,48.6264,2.4154,Crépuscule ou aube,Hors agglomération,Hors intersection,Pluie légère,Deux véhicules - arrière,1,3,3,0,1,1,2,0,1,110,2,2,1,0,0,1,23.0,27.0,voiture,voiture,2,1,1,2,2
202300033879,2023-03-02 14:45:00,2023,3,2,14,45,92,92044,ANA.FRANCE(RUE)77A139 ET 74A124,48.89539,2.28204,Plein jour,En agglomération,Intersection en X,Normale,Deux véhicules - côté,3,1,2,0,1,1,1,0,1,50,2,2,1,0,0,1,22.0,32.0,deux_roues,voiture,1,2,2,1,3
202300033879,2023-03-02 14:45:00,2023,3,2,14,45,92,92044,ANA.FRANCE(RUE)77A139 ET 74A124,48.89539,2.28204,Plein jour,En agglomération,Intersection en X,Normale,Deux véhicules - côté,3,1,2,0,1,1,1,0,1,50,2,2,1,0,0,1,22.0,32.0,deux_roues,voiture,1,2,2,1,3
202300033880,2023-05-22 08:54:00,2023,5,22,8,54,02,02810,Avenue de Boursonne,49.243049,3.086297,Plein jour,En agglomération,Hors intersection,Normale,Deux véhicules - côté,3,2,2,0,1,1,1,0,1,50,2,2,1,0,1,0,22.0,38.0,deux_roues,voiture,1,2,1,1,3
202300033881,2023-11-09 11:20:00,2023,11,9,11,20,92,92024,JEAN JAURES (BD) DE 47 A 109)   (56 A 14,48.90417492,2.30284005,Plein jour,En agglomération,Hors intersection,Normale,Deux véhicules - arrière,3,1,3,0,1,1,1,0,1,50,2,2,1,0,0,1,33.0,39.0,utilitaire_camion,voiture,1,2,1,1,2
202300033882,2023-06-23 16:45:00,2023,6,23,16,45,07,07281,C.D.533,44.93242,4.81473,Plein jour,Hors agglomération,Hors intersection,Normale,Sans collision,3,2,2,0,2,1,1,0,3,90,1,1,0,0,0,1,45.0,,deux_roues,,1,1,1,1,7
202300033883,2023-05-21 17:19:00,2023,5,21,17,19,02,02734,D973,49.305587,3.047765,Plein jour,Hors agglomération,Hors intersection,Normale,Sans collision,3,2,2,0,2,3,1,0,3,80,1,1,0,0,1,0,50.0,,deux_roues,,1,1,1,1,7
202300033884,2023-11-09 12:53:00,2023,11,9,12,53,92,92012,PARIS (RUE DE) 1/97 - 2/114,48.83954038,2.24825835,Plein jour,En agglomération,Hors intersection,Temps couvert,Autre collision,4,1,4,0,1,1,1,0,3,30,1,2,1,0,0,1,72.0,,voiture,,1,2,1,8,6
202300033885,2023-03-02 13:05:00,2023,3,2,13,5,92,92036,VIEUX CHEMIN D'ARGENTEUIL (AVENUE DU),48.938489,2.258477,Plein jour,En agglomération,Hors intersection,Normale,Deux véhicules - arrière,4,2,2,0,1,1,1,0,1,50,2,3,0,0,0,3,49.0,19.0,voiture,voiture,1,2,1,1,2
202300033886,2023-04-13 18:01:00,2023,4,13,18,1,91,91521,N449 ,48.63296,2.40372,Plein jour,Hors agglomération,Hors intersection,Normale,Trois véhicules et plus - en chaîne,2,-1,3,0,1,4,2,0,1,70,4,4,3,0,0,1,53.0,29.0,voiture,voiture,1,1,1,1,4
202300033887,2023-06-24 20:07:00,2023,6,24,20,7,06,06088,MADELEINE (BD DE LA),43.708191,7.230794,Plein jour,En agglomération,Intersection en X,Normale,Deux véhicules - côté,4,2,2,0,2,1,1,0,1,50,2,2,0,0,0,2,45.0,28.0,voiture,voiture,1,2,2,1,3
202300033888,2023-03-01 18:50:00,2023,3,1,18,50,92,92025,PIERRE EXPERT (RUE),48.915078,2.228028,Nuit avec éclairage allumé,En agglomération,Intersection en T,Normale,Deux véhicules - côté,3,-1,0,0,1,1,1,0,1,30,2,2,1,0,0,1,64.0,36.0,voiture,deux_roues,5,2,3,1,3
202300033888,2023-03-01 18:50:00,2023,3,1,18,50,92,92025,PIERRE EXPERT (RUE),48.915078,2.228028,Nuit avec éclairage allumé,En agglomération,Intersection en T,Normale,Deux véhicules - côté,3,1,1,0,1,1,1,0,1,30,2,2,1,0,0,1,64.0,36.0,voiture,deux_roues,5,2,3,1,3
202300033889,2023-11-08 21:20:00,2023,11,8,21,20,92,92007,BRIAND (AVENUE ARISTIDE) N° 2 A 98,48.80161,2.32387,Nuit avec éclairage allumé,En agglomération,Hors intersection,Pluie légère,Deux véhicules - côté,3,3,4,3,1,1,2,0,6,50,2,2,1,0,0,1,23.0,41.0,transport_commun,deux_roues,5,2,1,2,3
202300033890,2023-06-24 04:00:00,2023,6,24,4,0,06,06069,CLEMENCEAU (BOULEVARD GEORGES),43.658223,6.914309,Nuit avec éclairage allumé,En agglomération,Hors intersection,Normale,Sans collision,3,2,2,0,2,2,1,0,1,50,1,1,0,0,0,1,49.0,,deux_roues,,5,2,1,1,7
202300033891,2023-05-22 01:15:00,2023,5,22,1,15,03,03258,Rue de Marcenat,46.190911,3.405274,Nuit sans éclairage public,En agglomération,Hors intersection,Normale,Autre collision,3,2,2,0,1,1,2,0,8,50,1,11,0,0,5,6,41.0,,voiture,,3,2,1,1,6