accident_id,datetime,annee,mois,jour,heure,minute,departement,commune_insee,adresse,latitude,longitude,luminosite,agglomeration,intersection,meteo,collision,catr,circ,nbv,vosp,prof,plan,surf,infra,situ,vma,nb_vehicules,nb_usagers,nb_indemnes,nb_tues,nb_blesses_hosp,nb_blesses_legers,age_cond_1,age_cond_2,veh_type_cond_1,veh_type_cond_2,lum_code,agg_code,int_code,atm_code,col_code
202300033963,2023-05-22 12:25:00,2023,5,22,12,25,27,27096,intersection D37 / D21,48.882864,0.669007,Plein jour,Hors agglomération,Intersection en X,Normale,Deux véhicules - côté,3,2,2,0,1,1,1,0,1,80,2,3,1,1,0,1,19.0,55.0,deux_roues,voiture,1,1,2,1,3
202300033963,2023-05-22 12:25:00,2023,5,22,12,25,27,27096,intersection D37 / D21,48.882864,0.669007,Plein jour,Hors agglomération,Intersection en X,Normale,Deux véhicules - côté,3,2,2,-1,1,1,1,0,1,80,2,3,1,1,0,1,19.0,55.0,deux_roues,voiture,1,1,2,1,3
202300033964,2023-11-09 14:17:00,2023,11,9,14,17,42,42234,Route de l’Étrat,45.522522,4.378878,Plein jour,Hors agglomération,Autre intersection,Pluie légère,Autre collision,7,2,2,0,1,2,2,0,8,80,1,1,0,0,0,1,80.0,,voiture,,1,1,9,2,6
202300033965,2023-03-03 04:45:00,2023,3,3,4,45,69,69013,Autoroute 6,46.015085,4.728155,Nuit sans éclairage public,Hors agglomération,Hors intersection,Normale,Deux véhicules - arrière,1,3,6,0,1,1,1,0,1,130,2,3,1,0,2,0,20.0,48.0,voiture,utilitaire_camion,3,1,1,1,2
202300033966,2023-06-24 03:10:00,2023,6,24,3,10,75,75104,QUAI HENRI IV,48.847259,2.364901,Nuit avec éclairage allumé,En agglomération,Intersection en T,Normale,Autre collision,4,1, -1,-1,1,1,1,0,1,-1,1,2,1,0,0,1,33.0,,deux_roues,,5,2,3,1,6
202300033966,2023-06-24 03:10:00,2023,6,24,3,10,75,75104,QUAI HENRI IV,48.847259,2.364901,Nuit avec éclairage allumé,En agglomération,Intersection en T,Normale,Autre collision,4,1,2,0,1,1,1,0,1,30,1,2,1,0,0,1,33.0,,deux_roues,,5,2,3,1,6
202300033967,2023-04-12 11:15:00,2023,4,12,11,15,69,69388,Boulevard Pinel,45.7352,4.8897,Plein jour,En agglomération,Intersection en X,Normale,Deux véhicules - côté,4,2,3,0,1,1,1,0,1,30,2,2,1,0,0,1,21.0,42.0,deux_roues,voiture,1,2,2,1,3
202300033967,2023-04-12 11:15:00,2023,4,12,11,15,69,69388,Boulevard Pinel,45.7352,4.8897,Plein jour,En agglomération,Intersection en X,Normale,Deux véhicules - côté,4,2,2,2,1,1,1,0,1,50,2,2,1,0,0,1,21.0,42.0,deux_roues,voiture,1,2,2,1,3
202300033968,2023-11-09 15:00:00,2023,11,9,15,0,68,68304,Rue des Artisans,47.758126,7.048309,Plein jour,En agglomération,Hors intersection,Pluie légère,Sans collision,4,2,2,0,1,1,2,0,4,50,1,1,0,0,1,0,31.0,,deux_roues,,1,2,1,2,7
202300033969,2023-03-03 01:15:00,2023,3,3,1,15,971,97128,Fonds Thezan,16.219074,-61.406772,Nuit avec éclairage non allumé,Hors agglomération,Hors intersection,Normale,Deux véhicules - arrière,2,2,2,0,1,1,1,0,1,70,2,2,1,0,1,0,53.0,40.0,voiture,deux_roues,4,1,1,1,2
202300033970,2023-06-24 18:40:00,2023,6,24,18,40,94,94074,Rue Salvador Allende,48.750187,2.463162,Plein jour,En agglomération,Hors intersection,Normale,Deux véhicules - côté,4,2,2,0,1,1,1,0,1,50,2,2,1,0,0,1,51.0,12.0,utilitaire_camion,deux_roues,1,2,1,1,3
202300033971,2023-05-22 17:25:00,2023,5,22,17,25,38,38517,A49,45.2612555,5.51462105,Plein jour,Hors agglomération,Hors intersection,Normale,Autre collision,1,3,2,0,1,1,1,0,1,130,4,4,3,0,0,1,49.0,39.0,voiture,voiture,1,1,1,1,6
202300033972,2023-11-09 23:45:00,2023,11,9,23,45,44,44131,La Bate,47.185064,-2.064507,Nuit sans éclairage public,Hors agglomération,Hors intersection,Normale,Autre collision,3,2,2,0,1,1,1,0,3,80,1,1,0,0,1,0,33.0,,utilitaire_camion,,3,1,1,1,6
202300033973,2023-03-02 22:00:00,2023,3,2,22,0,971,97118,Chemin de la Glaciere,16.176558,-61.659104,Nuit sans éclairage public,Hors agglomération,Hors intersection,Normale,Sans collision,4,2,2,0,2,1,1,0,1,70,1,1,0,0,1,0,35.0,,deux_roues,,3,1,1,1,7
202300033974,2023-04-12 15:15:00,2023,4,12,15,15,972,97213,ROUTE NATIONALE 1,14.61357,-61.01237,Plein jour,Hors agglomération,Autre intersection,Normale,Deux véhicules - côté,2,2,2,3,1,1,1,9,1,50,2,4,2,0,0,2,29.0,77.0,voiture,voiture,1,1,9,1,3
202300033975,2023-06-24 13:45:00,2023,6,24,13,45,94,94015,Avenue des Frères Lumière,48.836684,2.532619,Plein jour,En agglomération,Hors intersection,Normale,Deux véhicules - côté,4,2,1,0,1,1,1,9,1,30,2,2,1,0,0,1,40.0,72.0,deux_roues,voiture,1,2,1,1,3
202300033976,2023-05-21 20:30:00,2023,5,21,20,30,973,97309,Avenue Gaston Monnerville,4.887537,-52.282192,Nuit avec éclairage allumé,En agglomération,Intersection en X,Temps couvert,Deux véhicules - arrière,3,2,2,0,1,1,1,0,1,50,2,2,1,0,1,0,26.0,16.0,voiture,deux_roues,5,2,2,8,2
202300033976,2023-05-21 20:30:00,2023,5,21,20,30,973,97309,Avenue Gaston Monnerville,4.887537,-52.282192,Nuit avec éclairage allumé,En agglomération,Intersection en X,Temps couvert,Deux véhicules - arrière,3,1, -1,-1,1,1,1,0,1,-1,2,2,1,0,1,0,26.0,16.0,voiture,deux_roues,5,2,2,8,2
202300033977,2023-11-07 12:30:00,2023,11,7,12,30,44,44158,23 Boulevard du Général Leclerc,47.274971,-1.784254,Plein jour,En agglomération,Hors intersection,Normale,Deux véhicules - côté,3,2,2,0,1,1,1,5,1,50,2,2,1,0,1,0,26.0,61.0,voiture,deux_roues,1,2,1,1,3
202300033978,2023-04-11 08:15:00,2023,4,11,8,15,69,69142,Pont de La Mulatière,45.72952,4.81608,Plein jour,En agglomération,Hors intersection,Normale,Deux véhicules - côté,7,1,2,0,1,1,1,2,1,50,2,2,1,0,0,1,30.0,52.0,deux_roues,voiture,1,2,1,1,3
202300033979,2023-02-24 23:38:00,2023,2,24,23,38,45,45085,19 Rue Belle-croix,47.821933,2.846704,Nuit avec éclairage allumé,En agglomération,Intersection en X,Normale,Deux véhicules - côté,4,1,2,0,1,1,1,0,1,50,2,2,1,0,1,0,41.0,20.0,utilitaire_camion,voiture,5,2,2,1,3
202300033979,2023-02-24 23:38:00,2023,2,24,23,38,45,45085,19 Rue Belle-croix,47.821933,2.846704,Nuit avec éclairage allumé,En agglomération,Intersection en X,Normale,Deux véhicules - côté,4,2,2,0,1,1,1,0,1,50,2,2,1,0,1,0,41.0,20.0,utilitaire_camion,voiture,5,2,2,1,3
202300033980,2023-06-24 18:22:00,2023,6,24,18,22,94,94076,Avenue de Paris,48.80675282,2.36313061,Plein jour,En agglomération,Hors intersection,Normale,Deux véhicules - arrière,3,2,0,0,1,1,1,0,1,50,2,3,2,0,0,1,65.0,56.0,voiture,utilitaire_camion,1,2,1,1,2
202300033981,2023-05-20 01:50:00,2023,5,20,1,50,45,45146,A71 PR 120 + 140,47.722018,1.889198,Nuit sans éclairage public,Hors agglomération,Hors intersection,Normale,Autre collision,1,3,4,0,1,1,1,0,3,130,1,4,0,0,1,3,28.0,,voiture,,3,1,1,1,6
202300033982,2023-11-09 18:22:00,2023,11,9,18,22,35,35179,La Butte,48.506433,-1.888002,Nuit sans éclairage public,Hors agglomération,Intersection en X,Pluie légère,Deux véhicules - côté,3,2,3,0,1,1,2,0,1,80,2,2,1,0,1,0,57.0,17.0,voiture,deux_roues,3,1,2,2,3
202300033982,2023-11-09 18:22:00,2023,11,9,18,22,35,35179,La Butte,48.506433,-1.888002,Nuit sans éclairage public,Hors agglomération,Intersection en X,Pluie légère,Deux véhicules - côté,3,2,2,0,1,1,2,0,1,80,2,2,1,0,1,0,57.0,17.0,voiture,deux_roues,3,1,2,2,3
202300033983,2023-04-08 08:54:00,2023,4,8,8,54,87,87085,AUTOROUTE A20,45.88977,1.29255,Plein jour,Hors agglomération,Hors intersection,Normale,Autre collision,1,3,2,0,1,1,1,0,1,110,1,1,0,0,0,1,35.0,,deux_roues,,1,1,1,1,6
202300033984,2023-02-10 16:20:00,2023,2,10,16,20,91,91315,Route de la Ferté-alais,48.508755,2.345617,Plein jour,En agglomération,Hors intersection,Normale,Deux véhicules - arrière,3,2,2,0,1,1,1,0,1,50,2,2,1,0,0,1,28.0,19.0,transport_commun,deux_roues,1,2,1,1,2
202300033985,2023-06-24 21:38:00,2023,6,24,21,38,94,94041,Avenue Jean Jaurès,48.81288693,2.40270406,Plein jour,En agglomération,Hors intersection,Normale,Deux véhicules - arrière,3,2,2,0,1,1,1,0,1,50,2,2,1,0,0,1,25.0,60.0,deux_roues,voiture,1,2,1,1,2
202300033986,2023-04-11 09:08:00,2023,4,11,9,8,87,87085,AUTOROUTE A20,45.807684,1.297817,Plein jour,Hors agglomération,Hors intersection,Normale,Autre collision,1,3,4,0,2,1,1,0,1,110,1,1,0,0,0,1,39.0,,utilitaire_camion,,1,1,1,1,6
202300033987,2023-11-10 12:45:00,2023,11,10,12,45,29,29163,D712,48.529226,-3.889453,Plein jour,Hors agglomération,Intersection en X,Temps couvert,Deux véhicules - côté,3,2,2,0,1,3,1,0,1,80,2,3,0,0,2,1,19.0,48.0,utilitaire_camion,utilitaire_camion,1,1,2,8,3
202300033987,2023-11-10 12:45:00,2023,11,10,12,45,29,29163,D712,48.529226,-3.889453,Plein jour,Hors agglomération,Intersection en X,Temps couvert,Deux véhicules - côté,3,2,2,0,2,1,1,0,1,80,2,3,0,0,2,1,19.0,48.0,utilitaire_camion,utilitaire_camion,1,1,2,8,3
202300033988,2023-01-04 16:35:00,2023,1,4,16,35,34,34344,Esplanade Maurice Justin,43.556339,4.08568,Plein jour,En agglomération,Hors intersection,Normale,Deux véhicules - côté,4,2,2,0,1,1,1,0,1,50,2,2,1,0,1,0,50.0,40.0,voiture,deux_roues,1,2,1,1,3
202300033989,2023-04-09 07:09:00,2023,4,9,7,9,87,87085,AUTOROUTE A20,45.87024,1.28772,Crépuscule ou aube,Hors agglomération,Hors intersection,Normale,Autre collision,1,3,2,0,2,1,1,0,1,90,1,1,0,0,0,1,33.0,,voiture,,2,1,1,1,6
202300033990,2023-06-20 05:50:00,2023,6,20,5,50,94,94021,Avenue des Trois Marchés Min,48.76152,2.35633,Crépuscule ou aube,En agglomération,Hors intersection,Normale,Deux véhicules - arrière,9,1,2,0,1,1,1,6,1,50,2,2,1,0,0,1,26.0,63.0,utilitaire_camion,voiture,2,2,1,1,2
202300033991,2023-11-10 07:40:00,2023,11,10,7,40,29,29220,Rue Guy le Garrec,47.858285,-4.239274,Nuit avec éclairage non allumé,En agglomération,Hors intersection,Normale,Deux véhicules - côté,4,2,2,0,1,1,2,0,1,50,2,2,1,0,0,1,78.0,17.0,voiture,deux_roues,4,2,1,1,3
202300033992,2023-03-02 10:30:00,2023,3,2,10,30,83,83101,D93,43.216764,6.648308,Plein jour,Hors agglomération,Hors intersection,Normale,Deux véhicules - arrière,3,2,2,0,1,3,1,0,1,80,2,2,1,0,1,0,34.0,21.0,utilitaire_camion,utilitaire_camion,1,1,1,1,2
202300033993,2023-04-10 15:40:00,2023,4,10,15,40,86,86194,Rue du Faubourg Saint Cyprien,46.567055,0.344363,Plein jour,En agglomération,Giratoire,Normale,Autre collision,4,2,2,0,1,1,1,0,1,50,1,2,1,0,0,1,24.0,,utilitaire_camion,,1,2,6,1,6
202300033993,2023-04-10 15:40:00,2023,4,10,15,40,86,86194,Rue du Faubourg Saint Cyprien,46.567055,0.344363,Plein jour,En agglomération,Giratoire,Normale,Autre collision,4,2,2,0,1,1,1,0,1,50,1,2,1,0,0,1,24.0,,utilitaire_camion,,1,2,6,1,6
202300033994,2023-05-21 10:54:00,2023,5,21,10,54,76,76705,A13,49.328845,1.088215,Plein jour,Hors agglomération,Hors intersection,Normale,Trois véhicules et plus - en chaîne,1,3,7,0,1,1,1,0,1,110,5,14,13,0,1,0,67.0,50.0,voiture,voiture,1,1,1,1,4
202300033995,2023-06-24 10:10:00,2023,6,24,10,10,94,94022,Avenue de la République,48.76149181,2.40755081,Plein jour,En agglomération,Intersection en T,Normale,Deux véhicules - côté,3,3,4,3,1,1,1,-1,5,50,2,2,1,0,0,1,33.0,47.0,deux_roues,voiture,1,2,3,1,3
202300033995,2023-06-24 10:10:00,2023,6,24,10,10,94,94022,Avenue de la République,48.76149181,2.40755081,Plein jour,En agglomération,Intersection en T,Normale,Deux véhicules - côté,3,1,1,0,1,1,1,0,1,50,2,2,1,0,0,1,33.0,47.0,deux_roues,voiture,1,2,3,1,3
202300033996,2023-11-09 15:08:00,2023,11,9,15,8,29,29215,Rue de Kerfily,47.9858,-4.424057,Plein jour,En agglomération,Hors intersection,Pluie légère,Autre collision,6,-1, -1,0,1,1,2,6,8,50,1,2,1,1,0,0,26.0,,utilitaire_camion,,1,2,1,2,6
202300033997,2023-01-19 13:00:00,2023,1,19,13,0,83,83107,Route Nd7,43.462202,6.646112,Plein jour,Hors agglomération,Hors intersection,Normale,Deux véhicules - frontale,3,2,2,0,1,1,1,0,1,70,2,4,1,0,1,2,70.0,60.0,voiture,utilitaire_camion,1,1,1,1,1
202300033998,2023-04-12 15:15:00,2023,4,12,15,15,83,83137,CD D559 BIS,43.124255,5.890972,Plein jour,En agglomération,Hors intersection,Normale,Deux véhicules - arrière,3,1,2,0,1,1,1,0,1,50,2,2,1,0,0,1,68.0,37.0,voiture,voiture,1,2,1,1,2
202300033999,2023-04-25 15:30:00,2023,4,25,15,30,973,97304,RN1 - montagne des pères,5.101716,-52.629275,Plein jour,Hors agglomération,Hors intersection,Normale,Deux véhicules - côté,2,2,2,0,1,1,1,0,1,80,2,2,1,0,0,1,32.0,73.0,deux_roues,utilitaire_camion,1,1,1,1,3
202300034000,2023-11-08 08:35:00,2023,11,8,8,35,38,38039,RD1090,45.270447,5.867407,Plein jour,En agglomération,Intersection en X,Normale,Deux véhicules - côté,3,2,2,0,2,1,1,5,1,30,2,2,1,0,1,0,54.0,49.0,voiture,deux_roues,1,2,2,1,3
202300034000,2023-11-08 08:35:00,2023,11,8,8,35,38,38039,RD1090,45.270447,5.867407,Plein jour,En agglomération,Intersection en X,Normale,Deux véhicules - côté,3,2,2,0,4,1,1,0,1,30,2,2,1,0,1,0,54.0,49.0,voiture,deux_roues,1,2,2,1,3
202300034001,2023-06-24 16:30:00,2023,6,24,16,30,93,93073,Rue Henri Farman,48.9667485,2.56497055,Plein jour,En agglomération,Autre intersection,Normale,Deux véhicules - côté,4,2,2,0,1,1,1,0,1,50,2,3,2,0,0,1,41.0,34.0,voiture,deux_roues,1,2,9,1,3
202300034002,2023-03-03 08:32:00,2023,3,3,8,32,05,05070,Avenue de la Gare,44.316218,5.820828,Plein jour,En agglomération,Hors intersection,Normale,Autre collision,3,2,2,0,1,1,1,0,1,50,1,2,1,0,0,1,35.0,,voiture,,1,2,1,1,6
202300034003,2023-04-12 06:00:00,2023,4,12,6,0,83,83137,CUZIN (AVE FRANCOIS),43.12295,5.94635,Nuit avec éclairage allumé,En agglomération,Intersection en Y,Normale,Autre collision,3,2,2,0,2,1,1,0,1,50,1,2,1,0,1,0,30.0,,voiture,,5,2,4,1,6
202300034003,2023-04-12 06:00:00,2023,4,12,6,0,83,83137,CUZIN (AVE FRANCOIS),43.12295,5.94635,Nuit avec éclairage allumé,En agglomération,Intersection en Y,Normale,Autre collision,3,2,2,0,2,1,1,0,1,50,1,2,1,0,1,0,30.0,,voiture,,5,2,4,1,6
202300034004,2023-03-03 19:30:00,2023,3,3,19,30,13,13014,D21,43.499336,5.152652,Nuit sans éclairage public,En agglomération,Hors intersection,Normale,Autre collision,3,2,2,0,2,1,1,0,1,80,1,2,1,1,0,0,23.0,,voiture,,3,2,1,1,6
202300034005,2023-05-21 17:35:00,2023,5,21,17,35,971,97125,Dubedou,16.29485,-61.290632,Plein jour,En agglomération,Hors intersection,Normale,Deux véhicules - côté,2,2,2,0,1,1,1,0,1,80,2,4,2,0,1,1,26.0,57.0,voiture,voiture,1,2,1,1,3
202300034006,2023-11-10 16:09:00,2023,11,10,16,9,02,02111,D14,49.520413,3.411416,Plein jour,Hors agglomération,Hors intersection,Temps couvert,Autre collision,3,2,2,0,1,1,2,0,3,80,1,2,0,0,2,0,21.0,,voiture,,1,1,1,8,6
202300034007,2023-06-24 17:30:00,2023,6,24,17,30,93,93066,Rue des Blés,48.91292,2.36055,Plein jour,En agglomération,Hors intersection,Normale,Autre collision,4,1,1,2,1,1,1,0,1,50,1,2,1,0,0,1,58.0,,voiture,,1,2,1,1,6
202300034008,2023-03-02 17:50:00,2023,3,2,17,50,57,57206,Avenue de Metz,49.306892,6.115056,Crépuscule ou aube,En agglomération,Hors intersection,Temps éblouissant,Autre collision,4,2,2,0,1,1,1,0,1,50,1,2,1,0,1,0,24.0,,voiture,,2,2,1,7,6
202300034009,2023-04-12 18:00:00,2023,4,12,18,0,83,83034,CHEMIN DU CANNEBAS,43.092173,6.060902,Plein jour,En agglomération,Intersection en T,Temps couvert,Deux véhicules - côté,4,2,2,0,2,1,1,0,1,30,2,2,1,0,1,0,32.0,24.0,voiture,deux_roues,1,2,3,8,3
202300034009,2023-04-12 18:00:00,2023,4,12,18,0,83,83034,CHEMIN DU CANNEBAS,43.092173,6.060902,Plein jour,En agglomération,Intersection en T,Temps couvert,Deux véhicules - côté,4,2, -1,-1,4,1,1,0,1,-1,2,2,1,0,1,0,32.0,24.0,voiture,deux_roues,1,2,3,8,3
202300034010,2023-05-16 14:17:00,2023,5,16,14,17,38,38019,a7 pk 14 sens sud nord,45.411768,4.824286,Plein jour,Hors agglomération,Hors intersection,Normale,Deux véhicules - côté,1,3,3,0,1,1,1,0,1,130,2,3,2,0,1,0,83.0,45.0,voiture,utilitaire_camion,1,1,1,1,3
202300034011,2023-11-08 15:30:00,2023,11,8,15,30,01,01445,Route de Strasbourg,46.337154,5.318314,Plein jour,Hors agglomération,Hors intersection,Normale,Deux véhicules - arrière,3,2,2,0,2,1,2,0,1,80,2,3,1,0,0,2,57.0,51.0,utilitaire_camion,voiture,1,1,1,1,2
202300034012,2023-06-24 16:50:00,2023,6,24,16,50,93,93007,Avenue du 8 Mai 1945 / Rue de l'Abbé Niort,48.94072,2.43166,Plein jour,En agglomération,Intersection en X,Normale,Autre collision,3,3,4,0,1,1,1,0,1,50,1,2,1,0,0,1,44.0,,voiture,,1,2,2,1,6
202300034012,2023-06-24 16:50:00,2023,6,24,16,50,93,93007,Avenue du 8 Mai 1945 / Rue de l'Abbé Niort,48.94072,2.43166,Plein jour,En agglomération,Intersection en X,Normale,Autre collision,3,3,4,-1,1,1,1,0,1,-1,1,2,1,0,0,1,44.0,,voiture,,1,2,2,1,6
202300034013,2023-03-02 19:10:00,2023,3,2,19,10,73,73285,D902,45.617053,6.816087,Nuit sans éclairage public,Hors agglomération,Hors intersection,Normale,Deux véhicules - frontale,3,2,2,0,2,2,1,0,1,80,2,2,0,0,1,1,31.0,23.0,voiture,voiture,3,1,1,1,1
202300034014,2023-04-12 12:46:00,2023,4,12,12,46,77,77258,NELSON MANDELA (ROND-POINT),48.833294,2.633826,Plein jour,En agglomération,Giratoire,Normale,Deux véhicules - côté,4,2,0,0,1,1,1,5,1,50,2,2,1,0,1,0,33.0,56.0,utilitaire_camion,deux_roues,1,2,6,1,3
202300034014,2023-04-12 12:46:00,2023,4,12,12,46,77,77258,NELSON MANDELA (ROND-POINT),48.833294,2.633826,Plein jour,En agglomération,Giratoire,Normale,Deux véhicules - côté,4,-1,1,0,1,1,1,0,1,50,2,2,1,0,1,0,33.0,56.0,utilitaire_camion,deux_roues,1,2,6,1,3
202300034015,2023-11-09 22:45:00,2023,11,9,22,45,58,58293,Route de Cossaye - c15,46.765001,3.437841,Nuit sans éclairage public,En agglomération,Hors intersection,Pluie légère,Autre collision,4,2,2,0,2,2,2,0,8,50,1,1,0,0,1,0,22.0,,voiture,,3,2,1,2,6
202300034016,2023-05-09 06:20:00,2023,5,9,6,20,21,21606,D115d,47.05951,4.881492,Plein jour,Hors agglomération,Intersection en X,Normale,Deux véhicules - frontale,3,2,2,0,1,1,1,0,3,80,2,3,1,0,0,2,52.0,43.0,utilitaire_camion,voiture,1,1,2,1,1
202300034016,2023-05-09 06:20:00,2023,5,9,6,20,21,21606,D115d,47.05951,4.881492,Plein jour,Hors agglomération,Intersection en X,Normale,Deux véhicules - frontale,3,2, -1,-1,1,1,1,0,1,-1,2,3,1,0,0,2,52.0,43.0,utilitaire_camion,voiture,1,1,2,1,1
202300034017,2023-06-24 05:30:00,2023,6,24,5,30,93,93064,Rue Lavoisier / Avenue Jean Jaurès,48.86108431,2.48980921,Crépuscule ou aube,En agglomération,Intersection en X,Normale,Deux véhicules - côté,3,2,2,0,1,1,1,0,1,50,2,2,1,0,1,0,,24.0,voiture,deux_roues,2,2,2,1,3
202300034017,2023-06-24 05:30:00,2023,6,24,5,30,93,93064,Rue Lavoisier / Avenue Jean Jaurès,48.86108431,2.48980921,Crépuscule ou aube,En agglomération,Intersection en X,Normale,Deux véhicules - côté,3,2,2,0,1,1,1,0,1,50,2,2,1,0,1,0,,24.0,voiture,deux_roues,2,2,2,1,3
202300034018,2023-11-09 06:45:00,2023,11,9,6,45,45,45282,Route d'Orleans,47.858209,1.819257,Nuit sans éclairage public,En agglomération,Hors intersection,Normale,Autre collision,3,2,2,0,1,1,2,0,8,50,1,2,0,0,2,0,18.0,,voiture,,3,2,1,1,6
202300034019,2023-05-21 15:11:00,2023,5,21,15,11,52,52269,Avenue Jean Lepetz,47.862024,5.343046,Plein jour,Hors agglomération,Hors intersection,Normale,Sans collision,3,2,2,0,1,1,1,0,3,70,1,1,0,0,1,0,34.0,,voiture,,1,1,1,1,7
202300034020,2023-03-03 09:00:00,2023,3,3,9,0,38,38158,Allée des Arcelles,45.146846,5.748854,Plein jour,En agglomération,Hors intersection,Normale,Autre collision,4,2,2,0,1,1,1,0,1,25,1,2,1,0,1,0,28.0,,utilitaire_camion,,1,2,1,1,6
202300034021,2023-05-21 11:00:00,2023,5,21,11,0,68,68359,Le Molkenrain,47.855654,7.135942,Plein jour,Hors agglomération,Hors intersection,Normale,Sans collision,5,2,2,0,2,1,1,0,1,70,1,1,0,0,1,0,65.0,,deux_roues,,1,1,1,1,7
202300034022,2023-11-10 16:22:00,2023,11,10,16,22,18,18170,,47.441778,2.513253,Plein jour,Hors agglomération,Hors intersection,Pluie forte,Deux véhicules - frontale,3,2,2,0,2,3,2,0,1,90,2,2,1,0,1,0,28.0,50.0,utilitaire_camion,utilitaire_camion,1,1,1,3,1
202300034023,2023-06-24 00:00:00,2023,6,24,0,0,93,93055,Avenue Jean Lolive / Avenue Anatole France,48.89535974,2.42556155,Nuit avec éclairage allumé,En agglomération,Intersection en X,Normale,Deux véhicules - côté,3,2,2,0,1,1,1,0,1,50,2,2,1,0,0,1,24.0,49.0,deux_roues,voiture,5,2,2,1,3
202300034023,2023-06-24 00:00:00,2023,6,24,0,0,93,93055,Avenue Jean Lolive / Avenue Anatole France,48.89535974,2.42556155,Nuit avec éclairage allumé,En agglomération,Intersection en X,Normale,Deux véhicules - côté,3,3,2,1,1,1,1,0,1,50,2,2,1,0,0,1,24.0,49.0,deux_roues,voiture,5,2,2,1,3
202300034024,2023-04-12 09:35:00,2023,4,12,9,35,77,77243,D418,48.8782,2.7016,Plein jour,En agglomération,Autre intersection,Pluie légère,Deux véhicules - côté,3,-1,0,0,1,1,2,0,1,50,2,2,1,0,0,1,41.0,45.0,voiture,deux_roues,1,2,9,2,3
202300034025,2023-02-28 16:00:00,2023,2,28,16,0,01,01093,Avenue Raymond Sarbach,46.119306,4.96077,Plein jour,En agglomération,Giratoire,Normale,Deux véhicules - côté,4,2,1,0,1,1,1,0,1,50,2,2,1,0,1,0,19.0,69.0,voiture,voiture,1,2,6,1,3
202300034026,2023-11-10 08:45:00,2023,11,10,8,45,43,43062,D590,45.066625,3.774383,Plein jour,Hors agglomération,Hors intersection,Normale,Deux véhicules - frontale,3,2,2,0,1,1,2,0,1,90,2,2,0,1,0,1,50.0,44.0,utilitaire_camion,voiture,1,1,1,1,1
202300034027,2023-05-21 14:30:00,2023,5,21,14,30,55,55177,D116,48.90923467,5.23171842,Plein jour,Hors agglomération,Hors intersection,Normale,Deux véhicules - frontale,3,2,2,0,2,1,1,0,1,80,2,3,0,0,1,2,20.0,58.0,voiture,voiture,1,1,1,1,1
202300034028,2023-06-24 16:15:00,2023,6,24,16,15,93,93071,Avenue Henri Barbusse / Avenue Lucie Aubrac,48.93359,2.54271,Plein jour,En agglomération,Giratoire,Normale,Deux véhicules - frontale,3,1,2,0,1,2,1,0,1,50,2,2,1,0,0,1,31.0,51.0,voiture,voiture,1,2,6,1,1
202300034028,2023-06-24 16:15:00,2023,6,24,16,15,93,93071,Avenue Henri Barbusse / Avenue Lucie Aubrac,48.93359,2.54271,Plein jour,En agglomération,Giratoire,Normale,Deux véhicules - frontale,3,2,2,-1,1,1,1,0,1,-1,2,2,1,0,0,1,31.0,51.0,voiture,voiture,1,2,6,1,1
202300034029,2023-03-03 03:05:00,2023,3,3,3,5,69,69003,Avenue Henri Barbusse,45.863497,4.8351109,Nuit avec éclairage allumé,En agglomération,Hors intersection,Normale,Autre collision,7,2,2,3,1,2,1,0,4,50,1,1,0,1,0,0,52.0,,deux_roues,,5,2,1,1,6
202300034030,2023-11-10 11:00:00,2023,11,10,11,0,36,36111,,46.5765333,1.64282084,Plein jour,Hors agglomération,Hors intersection,Normale,Autre collision,3,2,2,0,2,3,1,5,3,80,1,1,0,0,1,0,26.0,,voiture,,1,1,1,1,6
202300034031,2023-04-12 19:15:00,2023,4,12,19,15,77,77186,RD148 ,48.37659,2.73948,Crépuscule ou aube,Hors agglomération,Intersection en X,Normale,Deux véhicules - côté,3,4,1,0,1,1,1,5,1,70,2,2,1,0,1,0,52.0,38.0,voiture,deux_roues,2,1,2,1,3
202300034031,2023-04-12 19:15:00,2023,4,12,19,15,77,77186,RD148 ,48.37659,2.73948,Crépuscule ou aube,Hors agglomération,Intersection en X,Normale,Deux véhicules - côté,3,2,2,0,1,1,1,5,1,70,2,2,1,0,1,0,52.0,38.0,voiture,deux_roues,2,1,2,1,3
202300034032,2023-06-24 20:20:00,2023,6,24,20,20,93,93032,Rue Jules Guesde,48.88049,2.54399,Plein jour,En agglomération,Hors intersection,Normale,Deux véhicules - côté,3,3,4,1,1,1,1,0,5,50,2,2,1,0,0,1,34.0,28.0,voiture,deux_roues,1,2,1,1,3
202300034033,2023-03-03 04:15:00,2023,3,3,4,15,31,31406,D62,43.195787,1.061683,Nuit sans éclairage public,Hors agglomération,Hors intersection,Pluie légère,Autre collision,3,2,2,0,2,3,2,0,1,80,1,2,0,0,0,2,19.0,,voiture,,3,1,1,2,6
202300034034,2023-04-12 17:25:00,2023,4,12,17,25,76,76705,Rue de l'Ile aux Boeufs,49.32871,1.10031,Plein jour,En agglomération,Hors intersection,Vent fort / tempête,Autre collision,4,1,2,0,1,3,1,0,1,50,1,1,0,0,0,1,21.0,,deux_roues,,1,2,1,6,6