accident_id,datetime,annee,mois,jour,heure,minute,departement,commune_insee,adresse,latitude,longitude,luminosite,agglomeration,intersection,meteo,collision,catr,circ,nbv,vosp,prof,plan,surf,infra,situ,vma,nb_vehicules,nb_usagers,nb_indemnes,nb_tues,nb_blesses_hosp,nb_blesses_legers,age_cond_1,age_cond_2,veh_type_cond_1,veh_type_cond_2,lum_code,agg_code,int_code,atm_code,col_code
202300034111,2023-06-25 11:55:00,2023,6,25,11,55,972,97229,Route de Ravine Touza,14.621655,-61.090486,Plein jour,En agglomération,Hors intersection,Normale,Sans collision,4,2,2,0,2,2,1,0,4,50,1,2,0,1,1,0,68.0,,voiture,,1,2,1,1,7
202300034112,2023-10-27 13:50:00,2023,10,27,13,50,38,38415,Route de Corbeyssieu,45.63411,5.218461,Plein jour,Hors agglomération,Autre intersection,Pluie légère,Deux véhicules - frontale,3,-1,2,0,1,1,2,0,1,80,2,2,1,0,1,0,19.0,41.0,deux_roues,utilitaire_camion,1,1,9,2,1
202300034113,2023-03-02 17:50:00,2023,3,2,17,50,78,78640,N118,48.778319,2.222332,Plein jour,Hors agglomération,Hors intersection,Normale,Trois véhicules et plus - collisions multiples,2,1,2,0,1,1,1,0,1,90,3,4,3,0,0,1,48.0,53.0,voiture,voiture,1,1,1,1,5
202300034114,2023-06-24 19:30:00,2023,6,24,19,30,63,63100,PR 28-200 sur D227,46.01894016,2.90836377,Plein jour,Hors agglomération,Hors intersection,Normale,Sans collision,3,2,2,0,2,2,1,0,1,90,1,1,0,0,1,0,27.0,,deux_roues,,1,1,1,1,7
202300034115,2023-05-21 19:30:00,2023,5,21,19,30,93,93066,AUTOROUTE A1,48.91902717,2.3575817,Plein jour,Hors agglomération,Hors intersection,Normale,Trois véhicules et plus - en chaîne,1,1,4,0,1,1,1,0,1,70,3,3,2,0,0,1,20.0,34.0,voiture,voiture,1,1,1,1,4
202300034116,2023-04-12 11:34:00,2023,4,12,11,34,49,49007,PORTET BOULEVARD,47.45044,-0.56011,Plein jour,En agglomération,Hors intersection,Temps couvert,Autre collision,4,3,4,0,1,1,2,0,1,50,1,3,2,0,0,1,30.0,,voiture,,1,2,1,8,6
202300034117,2023-03-02 00:25:00,2023,3,2,0,25,95,95277,A3,48.97408,2.48846,Nuit sans éclairage public,Hors agglomération,Hors intersection,Normale,Autre collision,1,1,2,0,2,2,1,2,1,70,1,1,0,0,0,1,30.0,,voiture,,3,1,1,1,6
202300034118,2023-05-21 19:40:00,2023,5,21,19,40,95,95151,N104,49.06257,2.27641,Plein jour,Hors agglomération,Hors intersection,Normale,Sans collision,2,3,2,0,1,1,1,0,3,90,1,1,0,0,0,1,29.0,,voiture,,1,1,1,1,7
202300034119,2023-04-11 22:05:00,2023,4,11,22,5,49,49246,D952,47.43616,-0.4814,Nuit sans éclairage public,Hors agglomération,Hors intersection,Pluie légère,Autre collision,3,2,2,0,1,1,2,0,1,70,1,1,0,0,0,1,41.0,,voiture,,3,1,1,2,6
202300034120,2023-06-24 09:25:00,2023,6,24,9,25,86,86236,Puygirault,46.656183,0.912482,Plein jour,Hors agglomération,Hors intersection,Normale,Deux véhicules - côté,4,2,2,0,1,1,9,0,1,80,2,2,0,0,1,1,60.0,38.0,deux_roues,deux_roues,1,1,1,1,3
202300034121,2023-03-01 17:40:00,2023,3,1,17,40,93,93078,AUTOROUTE A104,48.9605,2.54155,Plein jour,Hors agglomération,Hors intersection,Normale,Deux véhicules - arrière,1,3,3,0,1,1,1,0,1,90,2,2,1,0,0,1,20.0,41.0,voiture,voiture,1,1,1,1,2
202300034122,2023-11-08 19:00:00,2023,11,8,19,0,69,69249,Route Saint-Martin-en-Haut,45.675362,4.632132,Nuit sans éclairage public,Hors agglomération,Hors intersection,Normale,Sans collision,3,2,2,2,2,3,1,0,1,-1,1,2,0,0,1,1,26.0,,deux_roues,,3,1,1,1,7
202300034123,2023-06-23 08:30:00,2023,6,23,8,30,14,14347,12-14 La Bruyère - Le Mesnil-Auzouf,48.989666,-0.744689,Plein jour,Hors agglomération,Intersection en T,Brouillard / fumée,Deux véhicules - côté,3,2,2,0,1,1,1,0,1,80,2,2,1,0,0,1,52.0,20.0,voiture,voiture,1,1,3,5,3
202300034123,2023-06-23 08:30:00,2023,6,23,8,30,14,14347,12-14 La Bruyère - Le Mesnil-Auzouf,48.989666,-0.744689,Plein jour,Hors agglomération,Intersection en T,Brouillard / fumée,Deux véhicules - côté,3,2,3,0,3,1,1,0,1,90,2,2,1,0,0,1,52.0,20.0,voiture,voiture,1,1,3,5,3
202300034124,2023-04-11 16:05:00,2023,4,11,16,5,38,38185,AVENUE MARIE REYNOARD,45.16503,5.7285,Plein jour,En agglomération,Hors intersection,Normale,Deux véhicules - côté,4,2,1,0,1,1,1,0,1,50,2,2,1,0,0,1,36.0,47.0,voiture,deux_roues,1,2,1,1,3
202300034125,2023-11-09 14:30:00,2023,11,9,14,30,17,17097,Lieu dit Les rentes,45.649238,-0.900552,Plein jour,Hors agglomération,Hors intersection,Pluie légère,Sans collision,4,2,2,0,1,1,2,0,3,80,1,1,0,0,1,0,42.0,,voiture,,1,1,1,2,7
202300034126,2023-05-21 10:15:00,2023,5,21,10,15,92,92036,AUTOROUTE A15,48.93788866,2.29766722,Plein jour,Hors agglomération,Hors intersection,Normale,Trois véhicules et plus - en chaîne,1,1,2,0,1,1,1,0,1,50,3,3,2,0,0,1,50.0,39.0,voiture,voiture,1,1,1,1,4
202300034127,2023-03-01 11:45:00,2023,3,1,11,45,92,92036,AUTOROUTE A86,48.93904651,2.30613129,Plein jour,Hors agglomération,Hors intersection,Normale,Deux véhicules - arrière,1,3,3,0,1,1,1,0,1,90,2,2,1,0,0,1,37.0,28.0,voiture,voiture,1,1,1,1,2
202300034128,2023-06-24 15:55:00,2023,6,24,15,55,971,97109,Avenue du Général de Gaulle Route Nationale 1,15.990331,-61.683292,Plein jour,En agglomération,Giratoire,Temps couvert,Autre collision,2,2,2,0,1,3,2,9,8,50,1,1,0,1,0,0,57.0,,deux_roues,,1,2,6,8,6
202300034129,2023-11-09 22:00:00,2023,11,9,22,0,17,17185,Route de Royan,45.721948,-0.966507,Nuit sans éclairage public,Hors agglomération,Hors intersection,Pluie forte,Sans collision,3,2,2,0,1,3,2,2,8,80,1,1,0,0,1,0,54.0,,voiture,,3,1,1,3,7
202300034130,2023-03-01 10:30:00,2023,3,1,10,30,92,92036,AUTOROUTE A15,48.94355783,2.28738079,Plein jour,Hors agglomération,Hors intersection,Normale,Autre collision,1,3,4,0,1,1,1,2,1,90,1,1,0,0,0,1,31.0,,deux_roues,,1,1,1,1,6
202300034131,2023-04-11 11:35:00,2023,4,11,11,35,38,38151,AVENUE DE KIMBERLEY,45.14667,5.73195,Plein jour,En agglomération,Hors intersection,Normale,Deux véhicules - frontale,4,2,1,0,1,1,1,0,1,50,2,2,1,0,1,0,19.0,30.0,deux_roues,voiture,1,2,1,1,1
202300034132,2023-05-21 07:50:00,2023,5,21,7,50,95,95252,A15,48.977393,2.233181,Plein jour,Hors agglomération,Hors intersection,Normale,Deux véhicules - arrière,1,3,7,0,1,1,1,0,1,110,2,3,1,0,0,2,24.0,37.0,voiture,voiture,1,1,1,1,2
202300034133,2023-03-01 08:30:00,2023,3,1,8,30,95,95582,A15,48.96767474,2.2528413,Plein jour,Hors agglomération,Hors intersection,Normale,Autre collision,1,3,5,0,1,1,1,0,1,110,1,1,0,0,0,1,43.0,,deux_roues,,1,1,1,1,6
202300034134,2023-11-07 09:40:00,2023,11,7,9,40,44,44026,2 Rue du Marquis de Dion,47.297237,-1.491968,Plein jour,En agglomération,Hors intersection,Temps éblouissant,Autre collision,4,2,2,0,1,2,2,0,1,50,1,2,1,0,0,1,28.0,,voiture,,1,2,1,7,6
202300034135,2023-04-12 12:00:00,2023,4,12,12,0,37,37233,JEAN MOULIN (RUE),47.38827,0.72701,Plein jour,En agglomération,Hors intersection,Temps couvert,Autre collision,4,2,2,0,1,1,2,0,1,50,1,2,1,0,0,1,52.0,,utilitaire_camion,,1,2,1,8,6
202300034136,2023-03-02 15:00:00,2023,3,2,15,0,94,94073,A86,48.75424369,2.38104533,Plein jour,Hors agglomération,Hors intersection,Normale,Deux véhicules - côté,1,1,4,0,1,1,1,0,1,90,2,2,1,0,0,1,55.0,33.0,utilitaire_camion,voiture,1,1,1,1,3
202300034137,2023-05-21 05:25:00,2023,5,21,5,25,95,95394,N184,49.05052,2.19023,Crépuscule ou aube,Hors agglomération,Hors intersection,Normale,Deux véhicules - arrière,2,3,2,0,2,1,1,0,1,90,2,2,1,0,0,1,33.0,47.0,utilitaire_camion,utilitaire_camion,2,1,1,1,2
202300034138,2023-10-05 08:00:00,2023,10,5,8,0,22,22070,Rue Montbareil,48.564773,-3.151499,Crépuscule ou aube,En agglomération,Intersection en T,Normale,Deux véhicules - frontale,4,2,2,0,1,1,1,0,1,50,2,2,1,0,0,1,18.0,48.0,deux_roues,voiture,2,2,3,1,1
202300034138,2023-10-05 08:00:00,2023,10,5,8,0,22,22070,Rue Montbareil,48.564773,-3.151499,Crépuscule ou aube,En agglomération,Intersection en T,Normale,Deux véhicules - frontale,4,2,2,0,1,1,1,0,8,-1,2,2,1,0,0,1,18.0,48.0,deux_roues,voiture,2,2,3,1,1
202300034139,2023-02-28 23:20:00,2023,2,28,23,20,94,94028,A86,48.79983715,2.44627859,Nuit sans éclairage public,Hors agglomération,Hors intersection,Normale,Deux véhicules - arrière,1,3,4,0,1,1,1,0,1,90,2,2,1,0,0,1,26.0,26.0,voiture,voiture,3,1,1,1,2
202300034140,2023-04-12 10:50:00,2023,4,12,10,50,35,35238,COLOMBIER (BD DU),48.10190265,-1.68401688,Plein jour,En agglomération,Intersection en X,Normale,Autre collision,4,2,2,1,1,1,1,5,1,50,1,2,1,0,0,1,21.0,,utilitaire_camion,,1,2,2,1,6
202300034140,2023-04-12 10:50:00,2023,4,12,10,50,35,35238,COLOMBIER (BD DU),48.10190265,-1.68401688,Plein jour,En agglomération,Intersection en X,Normale,Autre collision,4,2,2,3,1,1,1,5,1,50,1,2,1,0,0,1,21.0,,utilitaire_camion,,1,2,2,1,6
202300034141,2023-05-21 20:20:00,2023,5,21,20,20,94,94018,A4,48.81737894,2.41732391,Plein jour,Hors agglomération,Hors intersection,Normale,Deux véhicules - côté,1,1,4,0,1,1,1,0,1,90,2,2,1,0,0,1,31.0,50.0,deux_roues,voiture,1,1,1,1,3
202300034142,2023-06-24 11:30:00,2023,6,24,11,30,62,62179,RD215,50.725956,1.907544,Plein jour,Hors agglomération,Intersection en T,Normale,Deux véhicules - côté,3,2,2,0,3,1,1,0,3,80,2,3,2,0,1,0,45.0,73.0,voiture,voiture,1,1,3,1,3
202300034142,2023-06-24 11:30:00,2023,6,24,11,30,62,62179,RD215,50.725956,1.907544,Plein jour,Hors agglomération,Intersection en T,Normale,Deux véhicules - côté,3,2,2,0,1,1,1,0,1,80,2,3,2,0,1,0,45.0,73.0,voiture,voiture,1,1,3,1,3
202300034143,2023-11-10 07:40:00,2023,11,10,7,40,22,22307,Rue du centre,48.452186,-2.814651,Crépuscule ou aube,En agglomération,Intersection en T,Normale,Deux véhicules - côté,3,2,2,0,1,1,2,0,1,50,2,2,1,0,1,0,72.0,19.0,voiture,deux_roues,2,2,3,1,3
202300034143,2023-11-10 07:40:00,2023,11,10,7,40,22,22307,Rue du centre,48.452186,-2.814651,Crépuscule ou aube,En agglomération,Intersection en T,Normale,Deux véhicules - côté,3,2,2,0,1,1,2,0,1,50,2,2,1,0,1,0,72.0,19.0,voiture,deux_roues,2,2,3,1,3
202300034144,2023-06-24 14:15:00,2023,6,24,14,15,51,51210,,49.07922138,3.97745111,Plein jour,Hors agglomération,Hors intersection,Normale,Sans collision,3,2,2,0,3,2,1,0,1,90,1,1,0,0,0,1,27.0,,deux_roues,,1,1,1,1,7
202300034145,2023-05-20 10:40:00,2023,5,20,10,40,988,98818,Parking du PLEXUS,-22.24649,166.44888,Plein jour,En agglomération,Autre intersection,Normale,Autre collision,9,2,2,0,1,3,1,0,1,10,1,2,1,0,0,1,66.0,,utilitaire_camion,,1,2,9,1,6
202300034146,2023-02-28 09:40:00,2023,2,28,9,40,974,97411,MONTAGNE (ROUTE DE LA),-20.88818,55.43986,Plein jour,Hors agglomération,Hors intersection,Normale,Autre collision,3,2,2,0,2,3,1,0,1,50,1,1,0,0,0,1,32.0,,voiture,,1,1,1,1,6
202300034147,2023-04-12 20:30:00,2023,4,12,20,30,33,33522,Avenue Roul,44.80792,-0.60347,Plein jour,En agglomération,Intersection en T,Normale,Deux véhicules - arrière,4,2,3,0,1,1,1,0,1,50,2,4,0,0,0,4,21.0,19.0,voiture,voiture,1,2,3,1,2
202300034147,2023-04-12 20:30:00,2023,4,12,20,30,33,33522,Avenue Roul,44.80792,-0.60347,Plein jour,En agglomération,Intersection en T,Normale,Deux véhicules - arrière,4,3,5,1,1,1,1,0,1,50,2,4,0,0,0,4,21.0,19.0,voiture,voiture,1,2,3,1,2
202300034148,2023-06-25 06:38:00,2023,6,25,6,38,19,19276,Rue du Pont Neuf,45.42924047,1.56582694,Crépuscule ou aube,En agglomération,Hors intersection,Normale,Autre collision,3,2,2,0,1,1,1,1,4,50,1,2,0,1,0,1,23.0,,voiture,,2,2,1,1,6
202300034149,2023-11-10 17:30:00,2023,11,10,17,30,76,76473,rue du petit village,49.49369709,0.76389335,Crépuscule ou aube,En agglomération,Autre intersection,Pluie légère,Deux véhicules - côté,3,2,2,0,1,1,2,0,1,50,2,2,1,0,1,0,15.0,32.0,deux_roues,voiture,2,2,9,2,3
202300034149,2023-11-10 17:30:00,2023,11,10,17,30,76,76473,rue du petit village,49.49369709,0.76389335,Crépuscule ou aube,En agglomération,Autre intersection,Pluie légère,Deux véhicules - côté,3,2,2,0,1,1,2,0,1,-1,2,2,1,0,1,0,15.0,32.0,deux_roues,voiture,2,2,9,2,3
202300034150,2023-05-19 12:50:00,2023,5,19,12,50,976,97611,convalescence/vetivers-Vetiver ( rue ),-12.77931242,45.22188842,Plein jour,En agglomération,Hors intersection,Normale,Autre collision,4,2,2,0,2,2,1,0,1,50,2,2,1,0,0,1,54.0,33.0,utilitaire_camion,deux_roues,1,2,1,1,6
202300034151,2023-02-27 17:45:00,2023,2,27,17,45,974,97411,MONTAGNE (ROUTE DE LA),-20.88915,55.43645,Crépuscule ou aube,Hors agglomération,Hors intersection,Pluie légère,Deux véhicules - côté,3,2,2,0,2,2,2,0,1,50,2,2,1,0,0,1,33.0,37.0,voiture,voiture,2,1,1,2,3
202300034152,2023-06-24 23:45:00,2023,6,24,23,45,56,56119,61 route de l'océan,47.70549,-3.109535,Nuit sans éclairage public,En agglomération,Hors intersection,Normale,Autre collision,3,2,2,0,1,1,1,9,4,50,1,4,1,1,1,1,31.0,,voiture,,3,2,1,1,6
202300034153,2023-04-12 10:50:00,2023,4,12,10,50,33,33550,Rue de la Croix de Monjous,44.77948,-0.58797,Plein jour,En agglomération,Giratoire,Pluie légère,Deux véhicules - côté,4,2,2,0,1,1,2,0,1,50,2,2,1,0,0,1,61.0,68.0,deux_roues,voiture,1,2,6,2,3
202300034153,2023-04-12 10:50:00,2023,4,12,10,50,33,33550,Rue de la Croix de Monjous,44.77948,-0.58797,Plein jour,En agglomération,Giratoire,Pluie légère,Deux véhicules - côté,4,2,2,0,2,1,2,0,1,50,2,2,1,0,0,1,61.0,68.0,deux_roues,voiture,1,2,6,2,3
202300034154,2023-02-28 17:10:00,2023,2,28,17,10,973,97302,TIGRE (ROUTE DU),4.91036695,-52.30827123,Plein jour,Hors agglomération,Hors intersection,Normale,Sans collision,3,2,1,0,1,1,1,0,1,50,1,2,0,0,0,2,57.0,,deux_roues,,1,1,1,1,7
202300034155,2023-05-20 10:00:00,2023,5,20,10,0,974,97411,JAURES (BOULEVARD JEAN),-20.90232,55.50329,Plein jour,En agglomération,Hors intersection,Normale,Deux véhicules - côté,4,1,2,0,1,1,1,0,1,50,2,3,2,0,0,1,61.0,76.0,voiture,voiture,1,2,1,1,3
202300034156,2023-11-10 17:40:00,2023,11,10,17,40,62,62603,D113,50.628854,1.645718,Nuit avec éclairage allumé,En agglomération,Hors intersection,Normale,Autre collision,3,2,2,0,2,1,2,0,1,50,1,2,1,0,1,0,19.0,,voiture,,5,2,1,1,6
202300034157,2023-06-25 15:30:00,2023,6,25,15,30,77,77321,D411,48.405932,3.240976,Plein jour,Hors agglomération,Hors intersection,Normale,Deux véhicules - arrière,3,2,2,0,1,1,1,0,1,90,2,2,1,0,0,1,29.0,62.0,voiture,deux_roues,1,1,1,1,2
202300034158,2023-02-28 17:50:00,2023,2,28,17,50,972,97213,ROUTE NATIONALE 1,14.6355,-60.97751,Crépuscule ou aube,Hors agglomération,Hors intersection,Normale,Sans collision,2,-1,4,0,1,1,1,0,1,90,1,1,0,0,1,0,31.0,,voiture,,2,1,1,1,7
202300034159,2023-04-12 18:20:00,2023,4,12,18,20,31,31555,VA007379 BAYLAC  A624 Sortie 1,43.60465,1.39882,Plein jour,En agglomération,Autre intersection,Temps couvert,Deux véhicules - arrière,1,1,2,0,4,3,1,3,1,90,2,3,1,0,1,1,39.0,31.0,voiture,voiture,1,2,9,8,2
202300034160,2023-05-20 19:35:00,2023,5,20,19,35,973,97302,EBOUE (ROCADE FELIX),4.9326,-52.31072,Nuit avec éclairage allumé,En agglomération,Hors intersection,Pluie forte,Autre collision,3,2,2,0,1,1,2,0,1,50,1,2,1,0,0,1,67.0,,voiture,,5,2,1,3,6
202300034161,2023-06-24 20:35:00,2023,6,24,20,35,82,82127,D7,44.168276,0.997803,Plein jour,Hors agglomération,Hors intersection,Normale,Autre collision,3,2,2,0,4,2,1,0,1,80,1,1,0,0,1,0,52.0,,deux_roues,,1,1,1,1,6
202300034162,2023-02-28 13:30:00,2023,2,28,13,30,972,97213,ROUTE DEPARTEMENTALE 14,14.63267,-61.01667,Crépuscule ou aube,Hors agglomération,Hors intersection,Normale,Deux véhicules - côté,3,3,2,0,1,1,1,0,1,50,2,2,1,0,1,0,26.0,52.0,voiture,deux_roues,2,1,1,1,3
202300034163,2023-04-12 09:25:00,2023,4,12,9,25,31,31555,A620,43.58063,1.40552,Plein jour,Hors agglomération,Hors intersection,Normale,Autre collision,1,3,4,0,1,1,1,0,1,90,1,2,1,1,0,0,32.0,,utilitaire_camion,,1,1,1,1,6
202300034164,2023-11-08 18:40:00,2023,11,8,18,40,13,13210,A50-Sens Marseille vers Aubagne,43.28654,5.43391,Nuit sans éclairage public,Hors agglomération,Hors intersection,Normale,Deux véhicules - côté,1,1,3,0,1,1,1,0,1,70,2,3,0,0,0,2,19.0,,deux_roues,voiture,3,1,1,1,3
202300034165,2023-05-19 10:35:00,2023,5,19,10,35,973,97302,BADUEL (ROUTE DE),4.93002,-52.30419,Plein jour,En agglomération,Hors intersection,Normale,Deux véhicules - arrière,3,2,2,0,1,1,1,9,1,50,2,3,2,0,0,1,29.0,37.0,voiture,deux_roues,1,2,1,1,2
202300034166,2023-06-24 16:42:00,2023,6,24,16,42,82,82013,Route de Sérignac,43.893312,0.996113,Plein jour,Hors agglomération,Hors intersection,Normale,Deux véhicules - arrière,3,2,2,0,3,2,1,0,1,80,2,2,0,0,1,1,16.0,16.0,deux_roues,deux_roues,1,1,1,1,2
202300034167,2023-04-12 18:35:00,2023,4,12,18,35,28,28085,COUTE (RUE GASTON),48.45597,1.46509,Plein jour,En agglomération,Hors intersection,Normale,Autre collision,4,-1,0,0,1,1,1,9,8,50,1,2,1,0,1,0,,,voiture,,1,2,1,1,6
202300034168,2023-02-02 23:00:00,2023,2,2,23,0,972,97209,AUTOROUTE A1,14.616718,-61.042368,Nuit avec éclairage allumé,Hors agglomération,Hors intersection,Normale,Trois véhicules et plus - en chaîne,1,1,3,3,1,1,1,0,1,90,4,5,4,0,0,1,23.0,24.0,voiture,voiture,5,1,1,1,4
202300034169,2023-05-19 01:35:00,2023,5,19,1,35,973,97302,MADELEINE (ROUTE DE LA),4.90997,-52.32149,Nuit avec éclairage allumé,En agglomération,Hors intersection,Normale,Sans collision,3,3,2,0,2,2,1,0,3,50,1,2,0,0,0,2,23.0,,deux_roues,,5,2,1,1,7
202300034170,2023-06-24 17:40:00,2023,6,24,17,40,65,65128,Route de Trie sur Baise,43.18830161,0.35646568,Plein jour,En agglomération,Hors intersection,Normale,Autre collision,3,2,2,0,1,1,1,0,3,50,1,2,0,0,1,1,86.0,,voiture,,1,2,1,1,6
202300034171,2023-11-04 12:00:00,2023,11,4,12,0,13,13071,A51-Sens Marseille vers Aix en Provence,43.40941,5.36379,Plein jour,Hors agglomération,Hors intersection,Pluie forte,Deux véhicules - arrière,1,1,3,0,1,1,2,0,1,90,3,3,2,0,0,1,19.0,71.0,voiture,voiture,1,1,1,3,2
202300034172,2023-02-28 16:20:00,2023,2,28,16,20,971,97107,FILAOS ( RUE DES ),16.05295531,-61.56466305,Plein jour,En agglomération,Hors intersection,Normale,Autre collision,3,2,2,0,1,1,1,0,1,50,1,2,1,0,0,1,44.0,,voiture,,1,2,1,1,6
202300034173,2023-04-11 16:45:00,2023,4,11,16,45,27,27229,ARTOIS (RUE D'),49.03258,1.13517,Plein jour,En agglomération,Intersection en X,Pluie légère,Deux véhicules - côté,4,2,2,0,1,1,2,0,1,30,2,2,1,0,0,1,42.0,28.0,voiture,voiture,1,2,2,2,3
202300034173,2023-04-11 16:45:00,2023,4,11,16,45,27,27229,ARTOIS (RUE D'),49.03258,1.13517,Plein jour,En agglomération,Intersection en X,Pluie légère,Deux véhicules - côté,4,2,2,0,1,1,2,0,1,30,2,2,1,0,0,1,42.0,28.0,voiture,voiture,1,2,2,2,3
202300034174,2023-05-19 00:40:00,2023,5,19,0,40,973,97302,ROUTE NATIONALE 1,4.92645,-52.32903,Nuit avec éclairage allumé,Hors agglomération,Hors intersection,Pluie forte,Sans collision,2,3,2,0,1,1,2,0,1,90,1,1,0,0,0,1,18.0,,deux_roues,,5,1,1,3,7
202300034175,2023-06-24 14:57:00,2023,6,24,14,57,33,33540,D101,45.372014,-1.078158,Plein jour,Hors agglomération,Intersection en X,Temps éblouissant,Deux véhicules - côté,3,2,2,0,1,1,1,0,1,80,2,2,1,0,1,0,49.0,59.0,utilitaire_camion,deux_roues,1,1,2,7,3
202300034175,2023-06-24 14:57:00,2023,6,24,14,57,33,33540,D101,45.372014,-1.078158,Plein jour,Hors agglomération,Intersection en X,Temps éblouissant,Deux véhicules - côté,3,-1, -1,0,1,1,9,0,1,-1,2,2,1,0,1,0,49.0,59.0,utilitaire_camion,deux_roues,1,1,2,7,3
202300034176,2023-11-09 09:00:00,2023,11,9,9,0,83,83144,A57,43.14147362,6.00386413,Plein jour,Hors agglomération,Hors intersection,Pluie légère,Autre collision,1,1,1,0,1,2,2,3,1,70,1,1,0,0,0,1,42.0,,voiture,,1,1,1,2,6
202300034177,2023-04-12 09:45:00,2023,4,12,9,45,13,13002,PROVENCE (AVENUE DE),43.3260717,5.48201676,Plein jour,En agglomération,Hors intersection,Normale,Deux véhicules - côté,4,2,4,1,1,1,1,0,1,50,2,2,1,0,1,0,37.0,86.0,deux_roues,voiture,1,2,1,1,3
202300034178,2023-05-17 23:15:00,2023,5,17,23,15,972,97213,ROUTE DEPARTEMENTALE 3,14.62638,-60.98926,Nuit avec éclairage allumé,Hors agglomération,Hors intersection,Normale,Deux véhicules - frontale,3,2,2,0,1,1,1,0,1,70,2,3,0,1,1,1,20.0,41.0,voiture,deux_roues,5,1,1,1,1
202300034179,2023-06-25 13:30:00,2023,6,25,13,30,11,11163,,42.761833,2.325209,Plein jour,Hors agglomération,Hors intersection,Normale,Sans collision,3,2,2,0,2,1,1,0,1,80,1,1,0,0,1,0,48.0,,deux_roues,,1,1,1,1,7
202300034180,2023-02-28 16:45:00,2023,2,28,16,45,91,91589,BD ARISTIDE BRIAND,48.681365,2.342903,Plein jour,En agglomération,Hors intersection,Normale,Deux véhicules - côté,3,2,2,0,1,1,1,0,1,50,2,2,1,0,0,1,22.0,45.0,voiture,autre,1,2,1,1,3
202300034181,2023-04-10 03:20:00,2023,4,10,3,20,13,13211,RAOUL FOLLEREAU (AV),43.29241,5.4457,Nuit avec éclairage allumé,En agglomération,Giratoire,Normale,Sans collision,4,2,1,0,1,1,1,5,8,50,1,2,0,0,0,2,20.0,,voiture,,5,2,6,1,7
202300034181,2023-04-10 03:20:00,2023,4,10,3,20,13,13211,RAOUL FOLLEREAU (AV),43.29241,5.4457,Nuit avec éclairage allumé,En agglomération,Giratoire,Normale,Sans collision,4,2,1,0,1,1,1,0,4,50,1,2,0,0,0,2,20.0,,voiture,,5,2,6,1,7
202300034182,2023-06-24 20:20:00,2023,6,24,20,20,63,63297,D229,45.741255,3.349092,Plein jour,Hors agglomération,Hors intersection,Normale,Deux véhicules - côté,3,2,2,0,2,3,1,0,1,90,2,3,2,1,0,0,42.0,20.0,utilitaire_camion,deux_roues,1,1,1,1,3
202300034183,2023-02-27 16:30:00,2023,2,27,16,30,91,91223,R.D.20,48.431226,2.165267,Plein jour,Hors agglomération,Autre intersection,Normale,Deux véhicules - arrière,3,3,4,0,1,3,1,0,1,90,2,2,1,0,0,1,58.0,21.0,utilitaire_camion,utilitaire_camion,1,1,9,1,2
202300034184,2023-06-25 01:50:00,2023,6,25,1,50,55,55398,86 Avenue du General de Gaulle,48.696332,5.733334,Nuit sans éclairage public,En agglomération,Hors intersection,Normale,Sans collision,3,2,2,0,1,3,1,0,1,50,1,1,0,0,0,1,19.0,,deux_roues,,3,2,1,1,7
202300034185,2023-04-04 14:00:00,2023,4,4,14,0,13,13004,RUE JEAN JAURES,43.67664,4.62779,Plein jour,En agglomération,Place,Normale,Deux véhicules - frontale,4,2,1,0,2,1,1,9,1,20,1,1,0,1,0,0,79.0,,deux_roues,,1,2,7,1,1
202300034186,2023-05-20 19:05:00,2023,5,20,19,5,69,69034,79 Rue Pasteur,45.79234,4.84433,Plein jour,En agglomération,Intersection en Y,Normale,Trois véhicules et plus - en chaîne,4,1,1,0,1,1,1,0,1,50,4,4,3,0,0,1,25.0,19.0,voiture,voiture,1,2,4,1,4
202300034186,2023-05-20 19:05:00,2023,5,20,19,5,69,69034,79 Rue Pasteur,45.79234,4.84433,Plein jour,En agglomération,Intersection en Y,Normale,Trois véhicules et plus - en chaîne,4,2,2,0,1,1,1,0,1,50,4,4,3,0,0,1,25.0,19.0,voiture,voiture,1,2,4,1,4
202300034187,2023-02-27 19:49:00,2023,2,27,19,49,87,87085,PERRIN (RUE FRANCOIS),45.82891,1.24345,Nuit avec éclairage allumé,En agglomération,Intersection en X,Normale,Deux véhicules - côté,4,2,2,0,1,1,1,0,1,30,2,3,0,0,0,3,21.0,61.0,voiture,voiture,5,2,2,1,3
202300034187,2023-02-27 19:49:00,2023,2,27,19,49,87,87085,PERRIN (RUE FRANCOIS),45.82891,1.24345,Nuit avec éclairage allumé,En agglomération,Intersection en X,Normale,Deux véhicules - côté,4,2,2,0,1,1,1,0,1,50,2,3,0,0,0,3,21.0,61.0,voiture,voiture,5,2,2,1,3
202300034188,2023-05-19 19:15:00,2023,5,19,19,15,69,69142,20 Quai Pierre Sémard,45.72361,4.81727,Plein jour,En agglomération,Hors intersection,Normale,Autre collision,7,2,2,0,1,1,1,0,1,30,1,2,1,0,0,1,77.0,,voiture,,1,2,1,1,6
202300034189,2023-02-26 18:05:00,2023,2,26,18,5,87,87085,CHENIEUX (RUE FRANCOIS),45.83809,1.25659,Plein jour,En agglomération,Hors intersection,Normale,Autre collision,4,2,2,0,1,1,1,0,1,50,1,1,0,0,1,0,32.0,,deux_roues,,1,2,1,1,6