accident_id,datetime,annee,mois,jour,heure,minute,departement,commune_insee,adresse,latitude,longitude,luminosite,agglomeration,intersection,meteo,collision,catr,circ,nbv,vosp,prof,plan,surf,infra,situ,vma,nb_vehicules,nb_usagers,nb_indemnes,nb_tues,nb_blesses_hosp,nb_blesses_legers,age_cond_1,age_cond_2,veh_type_cond_1,veh_type_cond_2,lum_code,agg_code,int_code,atm_code,col_code
202300034261,2023-02-26 00:30:00,2023,2,26,0,30,51,51454,rue Lesage,49.265965,4.030968,Nuit avec éclairage allumé,En agglomération,Intersection en Y,Normale,Deux véhicules - arrière,4,1,1,2,1,1,1,0,3,50,2,3,2,0,0,1,41.0,,voiture,voiture,5,2,4,1,2
202300034262,2023-06-24 16:30:00,2023,6,24,16,30,37,37028,Cinge,46.792623,0.986543,Plein jour,Hors agglomération,Intersection en X,Normale,Deux véhicules - côté,3,2,2,0,1,1,1,0,1,80,2,2,1,0,0,1,56.0,16.0,voiture,deux_roues,1,1,2,1,3
202300034262,2023-06-24 16:30:00,2023,6,24,16,30,37,37028,Cinge,46.792623,0.986543,Plein jour,Hors agglomération,Intersection en X,Normale,Deux véhicules - côté,3,2,2,0,1,1,1,0,1,80,2,2,1,0,0,1,56.0,16.0,voiture,deux_roues,1,1,2,1,3
202300034263,2023-05-18 05:30:00,2023,5,18,5,30,76,76447,RD 489,49.53728,0.20264,Nuit avec éclairage allumé,Hors agglomération,Hors intersection,Normale,Deux véhicules - arrière,3,3,0,0,2,1,1,0,1,110,2,6,4,0,0,2,34.0,25.0,voiture,voiture,5,1,1,1,2
202300034264,2023-02-28 06:50:00,2023,2,28,6,50,50,50129,LEMONNIER (AVENUE AMIRAL),49.63463,-1.60167,Nuit avec éclairage allumé,En agglomération,Autre intersection,Normale,Deux véhicules - côté,3,2,4,1,1,1,1,0,5,50,2,2,1,0,0,1,38.0,,deux_roues,voiture,5,2,9,1,3
202300034265,2023-04-11 23:20:00,2023,4,11,23,20,75,75111,BOULEVARD RICHARD LENOIR,48.862915,2.371517,Nuit avec éclairage allumé,En agglomération,Intersection en X,Pluie forte,Deux véhicules - côté,4,3,4,1,1,1,2,0,1,30,2,2,1,0,0,1,29.0,29.0,deux_roues,voiture,5,2,2,3,3
202300034265,2023-04-11 23:20:00,2023,4,11,23,20,75,75111,BOULEVARD RICHARD LENOIR,48.862915,2.371517,Nuit avec éclairage allumé,En agglomération,Intersection en X,Pluie forte,Deux véhicules - côté,4,2,2,1,2,1,2,0,1,30,2,2,1,0,0,1,29.0,29.0,deux_roues,voiture,5,2,2,3,3
202300034266,2023-02-28 08:30:00,2023,2,28,8,30,49,49267,CLAIE,47.47832,-0.45442,Plein jour,En agglomération,Hors intersection,Normale,Sans collision,4,2,2,0,1,1,1,0,1,50,1,2,0,0,0,2,36.0,,voiture,,1,2,1,1,7
202300034267,2023-06-24 16:20:00,2023,6,24,16,20,37,37115,Rue Léveillé,46.974942,0.695068,Plein jour,En agglomération,Intersection en X,Normale,Deux véhicules - côté,4,-1, -1,0,1,1,1,0,1,50,2,3,1,0,1,1,58.0,18.0,voiture,deux_roues,1,2,2,1,3
202300034267,2023-06-24 16:20:00,2023,6,24,16,20,37,37115,Rue Léveillé,46.974942,0.695068,Plein jour,En agglomération,Intersection en X,Normale,Deux véhicules - côté,4,2,2,0,1,1,1,0,1,50,2,3,1,0,1,1,58.0,18.0,voiture,deux_roues,1,2,2,1,3
202300034267,2023-06-24 16:20:00,2023,6,24,16,20,37,37115,Rue Léveillé,46.974942,0.695068,Plein jour,En agglomération,Intersection en X,Normale,Deux véhicules - côté,4,2,2,0,3,1,1,0,1,50,2,3,1,0,1,1,58.0,18.0,voiture,deux_roues,1,2,2,1,3
202300034268,2023-04-12 08:52:00,2023,4,12,8,52,75,75108,PLACE DE LA CONCORDE,48.86585,2.319869,Plein jour,En agglomération,Intersection en T,Pluie légère,Deux véhicules - côté,4,3,3,3,1,1,2,0,1,50,2,2,1,0,0,1,44.0,68.0,voiture,deux_roues,1,2,3,2,3
202300034268,2023-04-12 08:52:00,2023,4,12,8,52,75,75108,PLACE DE LA CONCORDE,48.86585,2.319869,Plein jour,En agglomération,Intersection en T,Pluie légère,Deux véhicules - côté,4,1,4,0,1,1,2,0,1,50,2,2,1,0,0,1,44.0,68.0,voiture,deux_roues,1,2,3,2,3
202300034269,2023-05-18 12:25:00,2023,5,18,12,25,76,76305,INDUSTRIELLE (ROUTE),49.48693,0.21701,Plein jour,Hors agglomération,Intersection en Y,Normale,Trois véhicules et plus - en chaîne,4,2,2,0,1,1,1,0,1,70,4,4,3,0,1,0,52.0,47.0,deux_roues,deux_roues,1,1,4,1,4
202300034269,2023-05-18 12:25:00,2023,5,18,12,25,76,76305,INDUSTRIELLE (ROUTE),49.48693,0.21701,Plein jour,Hors agglomération,Intersection en Y,Normale,Trois véhicules et plus - en chaîne,4,2,2,0,1,1,1,0,1,70,4,4,3,0,1,0,52.0,47.0,deux_roues,deux_roues,1,1,4,1,4
202300034270,2023-06-23 23:45:00,2023,6,23,23,45,30,30263,Rue Pasteur,43.966187,3.857478,Nuit avec éclairage non allumé,En agglomération,Hors intersection,Normale,Autre collision,4,1,1,0,1,1,1,0,1,50,1,1,0,0,1,0,62.0,,voiture,,4,2,1,1,6
202300034271,2023-02-28 09:04:00,2023,2,28,9,4,47,47201,route de BRAX,44.19363,0.59397,Plein jour,En agglomération,Intersection en Y,Normale,Autre collision,3,2,2,1,2,1,1,0,1,50,2,2,0,0,0,2,32.0,58.0,deux_roues,utilitaire_camion,1,2,4,1,6
202300034271,2023-02-28 09:04:00,2023,2,28,9,4,47,47201,route de BRAX,44.19363,0.59397,Plein jour,En agglomération,Intersection en Y,Normale,Autre collision,3,2,2,0,2,1,1,0,1,50,2,2,0,0,0,2,32.0,58.0,deux_roues,utilitaire_camion,1,2,4,1,6
202300034272,2023-04-12 08:25:00,2023,4,12,8,25,75,75108,AVENUE DES CHAMPS ELYSEES,48.873143,2.297062,Plein jour,En agglomération,Intersection en X,Pluie légère,Autre collision,4,3,8,0,1,1,2,0,1,30,1,2,1,0,0,1,43.0,,voiture,,1,2,2,2,6
202300034272,2023-04-12 08:25:00,2023,4,12,8,25,75,75108,AVENUE DES CHAMPS ELYSEES,48.873143,2.297062,Plein jour,En agglomération,Intersection en X,Pluie légère,Autre collision,4,1, -1,-1,1,1,2,0,1,-1,1,2,1,0,0,1,43.0,,voiture,,1,2,2,2,6
202300034273,2023-05-20 19:40:00,2023,5,20,19,40,73,73029,N201 - VRU,45.56369438,5.94815634,Plein jour,Hors agglomération,Hors intersection,Normale,Deux véhicules - arrière,2,3,6,0,1,1,1,0,1,90,2,3,1,0,0,2,34.0,19.0,utilitaire_camion,voiture,1,1,1,1,2
202300034274,2023-06-25 11:30:00,2023,6,25,11,30,48,48097,St Roman de Tousque,44.14976341,3.76829405,Plein jour,Hors agglomération,Hors intersection,Normale,Sans collision,3,2,2,0,1,2,1,9,3,90,1,2,1,0,0,1,47.0,,deux_roues,,1,1,1,1,7
202300034275,2023-02-28 08:40:00,2023,2,28,8,40,47,47001,SERRES (AVENUE MICHEL),44.18384,0.62495,Plein jour,En agglomération,Hors intersection,Normale,Autre collision,4,2,1,0,1,1,1,0,1,30,1,2,1,0,1,0,33.0,,voiture,,1,2,1,1,6
202300034276,2023-06-24 02:00:00,2023,6,24,2,0,08,08340,,49.4187069,4.09929191,Nuit sans éclairage public,Hors agglomération,Hors intersection,Normale,Autre collision,3,2,2,0,1,3,1,0,3,80,1,1,0,0,1,0,24.0,,voiture,,3,1,1,1,6
202300034277,2023-05-19 22:40:00,2023,5,19,22,40,72,72095,COCTEAU JEAN (RUE),48.02839,0.20245,Nuit avec éclairage allumé,En agglomération,Giratoire,Normale,Autre collision,4,2,2,1,3,2,1,5,4,30,1,1,0,1,0,0,27.0,,deux_roues,,5,2,6,1,6
202300034277,2023-05-19 22:40:00,2023,5,19,22,40,72,72095,COCTEAU JEAN (RUE),48.02839,0.20245,Nuit avec éclairage allumé,En agglomération,Giratoire,Normale,Autre collision,4,2,0,0,2,1,1,5,8,30,1,1,0,1,0,0,27.0,,deux_roues,,5,2,6,1,6
202300034278,2023-04-11 17:45:00,2023,4,11,17,45,75,75108,BOULEVARD MALESHERBES,48.872143,2.321813,Plein jour,En agglomération,Intersection en T,Pluie légère,Deux véhicules - côté,4,2,4,0,1,1,2,0,1,30,2,3,1,0,0,2,48.0,34.0,deux_roues,voiture,1,2,3,2,3
202300034278,2023-04-11 17:45:00,2023,4,11,17,45,75,75108,BOULEVARD MALESHERBES,48.872143,2.321813,Plein jour,En agglomération,Intersection en T,Pluie légère,Deux véhicules - côté,4,2, -1,0,1,1,2,0,1,30,2,3,1,0,0,2,48.0,34.0,deux_roues,voiture,1,2,3,2,3
202300034279,2023-06-24 19:15:00,2023,6,24,19,15,88,88194,D3,48.282108,5.96137,Plein jour,Hors agglomération,Hors intersection,Normale,Autre collision,3,2,2,0,1,2,1,0,8,90,1,2,0,0,1,1,26.0,,voiture,,1,1,1,1,6
202300034280,2023-05-19 23:20:00,2023,5,19,23,20,72,72181,DEMORIEUX (BD) ENTRE HUISNE ET RD-POINT,47.99,0.186,Nuit avec éclairage allumé,En agglomération,Giratoire,Normale,Autre collision,4,-1,2,0,1,3,1,5,1,50,2,2,1,0,0,1,28.0,28.0,voiture,deux_roues,5,2,6,1,6
202300034281,2023-02-28 11:40:00,2023,2,28,11,40,45,45284,SOULAS (AVENUE LOUIS JOSEPH),47.90829,1.97123,Plein jour,En agglomération,Intersection en T,Normale,Deux véhicules - côté,4,2,2,0,1,1,1,0,1,50,2,2,1,0,0,1,32.0,22.0,voiture,utilitaire_camion,1,2,3,1,3
202300034281,2023-02-28 11:40:00,2023,2,28,11,40,45,45284,SOULAS (AVENUE LOUIS JOSEPH),47.90829,1.97123,Plein jour,En agglomération,Intersection en T,Normale,Deux véhicules - côté,4,2,2,0,1,1,1,0,1,50,2,2,1,0,0,1,32.0,22.0,voiture,utilitaire_camion,1,2,3,1,3
202300034282,2023-04-12 16:00:00,2023,4,12,16,0,94,94076,Rue Henri Barbusse,48.80442852,2.36889669,Plein jour,En agglomération,Hors intersection,Pluie légère,Autre collision,4,2,2,0,1,1,2,9,1,50,1,2,1,0,1,0,48.0,,deux_roues,,1,2,1,2,6
202300034283,2023-02-27 16:30:00,2023,2,27,16,30,42,42237,Rue Jean Rostand,45.46778,4.43275,Plein jour,En agglomération,Intersection en X,Normale,Deux véhicules - côté,4,2,2,0,1,1,1,0,1,50,2,2,1,0,1,0,56.0,26.0,transport_commun,deux_roues,1,2,2,1,3
202300034283,2023-02-27 16:30:00,2023,2,27,16,30,42,42237,Rue Jean Rostand,45.46778,4.43275,Plein jour,En agglomération,Intersection en X,Normale,Deux véhicules - côté,4,2,2,0,1,1,1,0,1,50,2,2,1,0,1,0,56.0,26.0,transport_commun,deux_roues,1,2,2,1,3
202300034284,2023-05-20 08:30:00,2023,5,20,8,30,71,71306,ALOUETTES (AVENUE DES),46.688919,4.357343,Plein jour,En agglomération,Hors intersection,Normale,Deux véhicules - côté,4,3,3,0,2,1,1,0,1,50,2,4,0,0,0,4,84.0,35.0,voiture,voiture,1,2,1,1,3
202300034285,2023-06-25 10:25:00,2023,6,25,10,25,10,10045,Autoroute A5,48.172783,4.457445,Plein jour,Hors agglomération,Hors intersection,Normale,Sans collision,1,3,2,0,1,1,1,0,1,130,1,2,0,0,2,0,67.0,,deux_roues,,1,1,1,1,7
202300034286,2023-04-12 17:45:00,2023,4,12,17,45,94,94073,Avenue de Versailles,48.757106,2.388088,Plein jour,En agglomération,Giratoire,Normale,Deux véhicules - côté,3,3,4,0,2,1,1,0,1,50,2,2,1,0,0,1,23.0,44.0,utilitaire_camion,voiture,1,2,6,1,3
202300034286,2023-04-12 17:45:00,2023,4,12,17,45,94,94073,Avenue de Versailles,48.757106,2.388088,Plein jour,En agglomération,Giratoire,Normale,Deux véhicules - côté,3,1, -1,-1,1,1,1,0,1,-1,2,2,1,0,0,1,23.0,44.0,utilitaire_camion,voiture,1,2,6,1,3
202300034287,2023-02-28 18:35:00,2023,2,28,18,35,38,38185,RUE FÉLIX ESCLANGON,45.19213,5.70738,Nuit avec éclairage allumé,En agglomération,Hors intersection,Normale,Autre collision,7,2,6,2,1,1,1,0,1,50,1,1,0,0,0,1,23.0,,voiture,,5,2,1,1,6
202300034288,2023-05-18 04:18:00,2023,5,18,4,18,71,71270,PARE (RUE AMBROISE),46.32022,4.81536,Nuit avec éclairage allumé,En agglomération,Hors intersection,Normale,Autre collision,4,1,1,0,1,1,1,0,1,50,1,1,0,0,1,0,21.0,,deux_roues,,5,2,1,1,6
202300034289,2023-04-11 19:40:00,2023,4,11,19,40,94,94028,Avenue du Général de Gaulle,48.78421,2.45157,Plein jour,En agglomération,Hors intersection,Pluie légère,Autre collision,3,3,4,0,1,1,2,0,1,50,1,2,1,0,0,1,22.0,,voiture,,1,2,1,2,6
202300034290,2023-02-28 17:45:00,2023,2,28,17,45,37,37214,DE GAULLE (BD CHARLES),47.40981,0.67912,Plein jour,En agglomération,Intersection en T,Normale,Autre collision,4,1,1,0,1,1,1,0,1,50,1,2,1,0,0,1,20.0,,voiture,,1,2,3,1,6
202300034290,2023-02-28 17:45:00,2023,2,28,17,45,37,37214,DE GAULLE (BD CHARLES),47.40981,0.67912,Plein jour,En agglomération,Intersection en T,Normale,Autre collision,4,2,2,0,1,2,1,6,1,50,1,2,1,0,0,1,20.0,,voiture,,1,2,3,1,6
202300034291,2023-05-19 15:00:00,2023,5,19,15,0,69,69264,Avenue Theodore Braun,45.98096,4.74034,Plein jour,En agglomération,Hors intersection,Normale,Trois véhicules et plus - en chaîne,3,2,2,0,1,1,1,0,1,50,3,6,1,0,0,5,39.0,52.0,voiture,voiture,1,2,1,1,4
202300034292,2023-06-24 14:20:00,2023,6,24,14,20,02,02559,A26,49.679867,3.501015,Plein jour,Hors agglomération,Hors intersection,Normale,Deux véhicules - arrière,1,1,2,0,1,1,1,0,1,130,2,7,2,0,0,5,49.0,21.0,utilitaire_camion,utilitaire_camion,1,1,1,1,2
202300034293,2023-04-12 18:30:00,2023,4,12,18,30,93,93072,Rue Pierre de Geyter / Rue Victor Hugo,48.95523,2.3792,Plein jour,En agglomération,Intersection en X,Normale,Autre collision,4,1,1,-1,1,1,1,0,1,-1,1,2,1,0,0,1,,,voiture,,1,2,2,1,6
202300034293,2023-04-12 18:30:00,2023,4,12,18,30,93,93072,Rue Pierre de Geyter / Rue Victor Hugo,48.95523,2.3792,Plein jour,En agglomération,Intersection en X,Normale,Autre collision,4,1,1,0,1,1,1,0,1,30,1,2,1,0,0,1,,,voiture,,1,2,2,1,6
202300034294,2023-02-28 21:05:00,2023,2,28,21,5,35,35238,ALMA (DE L'),48.09465,-1.67462,Nuit avec éclairage allumé,En agglomération,Intersection en X,Pluie légère,Deux véhicules - arrière,4,2,2,2,1,1,2,0,1,30,2,2,1,0,0,1,29.0,50.0,deux_roues,voiture,5,2,2,2,2
202300034294,2023-02-28 21:05:00,2023,2,28,21,5,35,35238,ALMA (DE L'),48.09465,-1.67462,Nuit avec éclairage allumé,En agglomération,Intersection en X,Pluie légère,Deux véhicules - arrière,4,2,2,0,1,1,2,0,1,30,2,2,1,0,0,1,29.0,50.0,deux_roues,voiture,5,2,2,2,2
202300034295,2023-05-20 10:45:00,2023,5,20,10,45,69,69290,Rue des Etats Unis,45.70211,4.91891,Plein jour,En agglomération,Intersection en T,Normale,Deux véhicules - côté,4,2,3,0,1,1,-1,0,-1,-1,2,2,0,0,0,2,40.0,28.0,voiture,voiture,1,2,3,1,3
202300034295,2023-05-20 10:45:00,2023,5,20,10,45,69,69290,Rue des Etats Unis,45.70211,4.91891,Plein jour,En agglomération,Intersection en T,Normale,Deux véhicules - côté,4,2,2,0,1,1,1,0,1,50,2,2,0,0,0,2,40.0,28.0,voiture,voiture,1,2,3,1,3
202300034296,2023-06-24 18:05:00,2023,6,24,18,5,35,35210,le Butais,48.133312,-1.80392,Plein jour,Hors agglomération,Hors intersection,Normale,Deux véhicules - frontale,3,2,2,0,1,2,1,0,1,80,2,2,0,0,0,2,39.0,26.0,voiture,voiture,1,1,1,1,1
202300034297,2023-02-28 19:15:00,2023,2,28,19,15,35,35238,BERGER (AVENUE GASTON),48.1165,-1.70474,Crépuscule ou aube,En agglomération,Hors intersection,Pluie légère,Autre collision,4,2,2,2,1,1,2,0,1,50,1,2,1,0,0,1,20.0,,deux_roues,,2,2,1,2,6
202300034298,2023-05-19 09:57:00,2023,5,19,9,57,68,68224,HOFER (RUE JOSUE),47.75633,7.31407,Plein jour,En agglomération,Hors intersection,Normale,Autre collision,4,2,2,0,1,1,1,0,1,50,1,2,1,1,0,0,83.0,,voiture,,1,2,1,1,6
202300034299,2023-04-12 14:00:00,2023,4,12,14,0,93,93070,Avenue Gabriel Péri / Rue Ernest Renan,48.90868585,2.33270377,Plein jour,En agglomération,Intersection en T,Normale,Deux véhicules - arrière,3,2,2,0,1,1,1,0,1,50,2,3,2,0,0,1,14.0,,deux_roues,voiture,1,2,3,1,2
202300034299,2023-04-12 14:00:00,2023,4,12,14,0,93,93070,Avenue Gabriel Péri / Rue Ernest Renan,48.90868585,2.33270377,Plein jour,En agglomération,Intersection en T,Normale,Deux véhicules - arrière,3,1,1,-1,1,1,1,0,1,-1,2,3,2,0,0,1,14.0,,deux_roues,voiture,1,2,3,1,2
202300034300,2023-06-24 17:00:00,2023,6,24,17,0,973,97309,402a Route de Montjoly,4.91486898,-52.27458537,Plein jour,En agglomération,Autre intersection,Normale,Deux véhicules - côté,3,2,2,0,1,1,1,0,1,50,2,3,1,0,0,2,31.0,33.0,voiture,deux_roues,1,2,9,1,3
202300034301,2023-05-19 19:00:00,2023,5,19,19,0,67,67218,ORME (RUE DE L ),48.51545,7.72247,Plein jour,En agglomération,Hors intersection,Normale,Autre collision,4,2,2,0,1,1,1,0,1,30,1,2,0,0,0,2,43.0,,voiture,,1,2,1,1,6
202300034302,2023-02-28 08:50:00,2023,2,28,8,50,35,35281,RD 177,48.06943824,-1.71278894,Plein jour,Hors agglomération,Hors intersection,Normale,Trois véhicules et plus - en chaîne,3,3,4,0,1,3,1,0,1,80,3,3,2,0,0,1,41.0,22.0,voiture,voiture,1,1,1,1,4
202300034303,2023-04-11 22:50:00,2023,4,11,22,50,93,93077,Grande Rue / Rue Beausire,48.8826612,2.51694068,Nuit avec éclairage allumé,En agglomération,Intersection en T,Pluie légère,Autre collision,3,2,2,0,1,1,2,0,1,30,1,2,1,0,0,1,27.0,,voiture,,5,2,3,2,6
202300034303,2023-04-11 22:50:00,2023,4,11,22,50,93,93077,Grande Rue / Rue Beausire,48.8826612,2.51694068,Nuit avec éclairage allumé,En agglomération,Intersection en T,Pluie légère,Autre collision,3,2,2,0,1,1,2,0,1,30,1,2,1,0,0,1,27.0,,voiture,,5,2,3,2,6
202300034304,2023-06-24 18:39:00,2023,6,24,18,39,39,39387,Bretelle d'accès à l'aire de repos Louis Pasteur,46.987689,5.504923,Plein jour,Hors agglomération,Hors intersection,Normale,Autre collision,1,3,4,0,1,3,1,9,8,30,1,2,0,0,1,1,80.0,,voiture,,1,1,1,1,6
202300034305,2023-05-18 22:50:00,2023,5,18,22,50,67,67482,HOCHFELDEN (RUE DE),48.5913,7.73136,Nuit avec éclairage allumé,En agglomération,Hors intersection,Normale,Deux véhicules - frontale,4,2,2,1,1,1,1,0,5,25,2,2,1,0,0,1,24.0,,deux_roues,deux_roues,5,2,1,1,1
202300034306,2023-02-28 07:45:00,2023,2,28,7,45,35,35238,PAINLEVE (BD PAUL),48.1219,-1.6563,Plein jour,En agglomération,Hors intersection,Normale,Deux véhicules - côté,4,2,2,0,1,1,1,0,1,30,2,2,1,0,0,1,19.0,18.0,voiture,deux_roues,1,2,1,1,3
202300034307,2023-04-12 08:35:00,2023,4,12,8,35,93,93014,Boulevard Gagarine,48.906573,2.53730616,Plein jour,En agglomération,Hors intersection,Pluie légère,Deux véhicules - côté,3,3,2,1,2,1,2,0,1,50,2,2,1,0,0,1,40.0,43.0,deux_roues,voiture,1,2,1,2,3
202300034308,2023-05-19 08:25:00,2023,5,19,8,25,66,66136,,42.70655,2.883,Plein jour,En agglomération,Hors intersection,Normale,Deux véhicules - frontale,4,2,2,0,3,3,1,0,1,30,2,3,2,0,0,1,62.0,51.0,voiture,voiture,1,2,1,1,1
202300034309,2023-02-28 08:30:00,2023,2,28,8,30,35,35238,RN136,48.08077,-1.67327,Plein jour,Hors agglomération,Hors intersection,Normale,Deux véhicules - arrière,2,3,6,0,1,1,1,0,1,90,2,2,0,0,0,2,44.0,27.0,voiture,voiture,1,1,1,1,2
202300034310,2023-06-24 06:10:00,2023,6,24,6,10,06,06088,A8 PK 196.300 - Chaussée Nord,43.735104,7.246149,Crépuscule ou aube,Hors agglomération,Hors intersection,Normale,Deux véhicules - arrière,1,3,3,0,1,2,1,1,1,90,2,2,1,0,0,1,35.0,37.0,voiture,voiture,2,1,1,1,2
202300034311,2023-05-19 09:30:00,2023,5,19,9,30,64,64249,GETARIA(AVENUE),43.422375,-1.605124,Plein jour,En agglomération,Hors intersection,Normale,Deux véhicules - côté,3,2,2,0,1,1,1,0,1,50,2,2,1,0,0,1,88.0,24.0,voiture,deux_roues,1,2,1,1,3
202300034312,2023-06-25 04:30:00,2023,6,25,4,30,34,34113,A9 ,43.48548207,3.7001769,Nuit sans éclairage public,Hors agglomération,Hors intersection,Normale,Deux véhicules - côté,1,3,3,0,2,1,1,0,2,130,2,2,1,0,1,0,29.0,62.0,voiture,utilitaire_camion,3,1,1,1,3
202300034313,2023-04-11 22:20:00,2023,4,11,22,20,93,93014,Boulevard Emile Zola / Allée Anatole France,48.9067,2.55613,Nuit avec éclairage allumé,En agglomération,Intersection en X,Pluie légère,Deux véhicules - côté,4,2,2,0,1,1,2,0,1,50,2,5,2,0,3,0,19.0,35.0,voiture,voiture,5,2,2,2,3
202300034313,2023-04-11 22:20:00,2023,4,11,22,20,93,93014,Boulevard Emile Zola / Allée Anatole France,48.9067,2.55613,Nuit avec éclairage allumé,En agglomération,Intersection en X,Pluie légère,Deux véhicules - côté,4,2,2,0,1,1,2,0,1,50,2,5,2,0,3,0,19.0,35.0,voiture,voiture,5,2,2,2,3
202300034314,2023-02-28 06:30:00,2023,2,28,6,30,33,33281,Rue Paul Dukas,44.82696,-0.66417,Nuit avec éclairage allumé,En agglomération,Intersection en T,Normale,Deux véhicules - frontale,4,2,3,2,1,1,1,0,1,50,2,2,1,0,0,1,21.0,20.0,deux_roues,voiture,5,2,3,1,1
202300034314,2023-02-28 06:30:00,2023,2,28,6,30,33,33281,Rue Paul Dukas,44.82696,-0.66417,Nuit avec éclairage allumé,En agglomération,Intersection en T,Normale,Deux véhicules - frontale,4,2,2,0,1,1,1,0,1,30,2,2,1,0,0,1,21.0,20.0,deux_roues,voiture,5,2,3,1,1
202300034315,2023-06-24 22:45:00,2023,6,24,22,45,987,98740,Avatoru face atelier équipement,-15.364,-147.964,Nuit sans éclairage public,Hors agglomération,Hors intersection,Normale,Sans collision,2,2,2,0,1,2,1,0,3,60,1,1,0,0,0,1,69.0,,deux_roues,,3,1,1,1,7
202300034316,2023-05-19 19:20:00,2023,5,19,19,20,64,64445,BUROS DE,43.32395,-0.3449,Plein jour,En agglomération,Giratoire,Normale,Deux véhicules - côté,4,2,#VALEURMULTI,0,1,1,1,0,1,30,2,2,1,0,1,0,33.0,31.0,deux_roues,voiture,1,2,6,1,3
202300034317,2023-02-28 10:10:00,2023,2,28,10,10,31,31565,BARBAZAN (ROUTE DE),43.08997,0.68982,Plein jour,Hors agglomération,Hors intersection,Temps couvert,Autre collision,3,2,2,0,1,2,1,0,3,80,1,1,0,0,0,1,51.0,,voiture,,1,1,1,8,6
202300034318,2023-04-12 15:08:00,2023,4,12,15,8,93,93007,Avenue de la République,48.93575648,2.46776038,Plein jour,En agglomération,Hors intersection,Normale,Deux véhicules - côté,4,2,2,0,1,1,1,5,1,50,2,2,1,0,0,1,31.0,28.0,deux_roues,voiture,1,2,1,1,3
202300034319,2023-05-18 14:20:00,2023,5,18,14,20,64,64445,CAZAUBON NORBERT,43.30409,-0.36694,Plein jour,En agglomération,Giratoire,Normale,Autre collision,4,2,2,3,1,1,1,0,1,50,1,2,1,0,0,1,61.0,,voiture,,1,2,6,1,6
202300034319,2023-05-18 14:20:00,2023,5,18,14,20,64,64445,CAZAUBON NORBERT,43.30409,-0.36694,Plein jour,En agglomération,Giratoire,Normale,Autre collision,4,1,1,1,1,1,1,0,1,30,1,2,1,0,0,1,61.0,,voiture,,1,2,6,1,6
202300034320,2023-02-28 19:00:00,2023,2,28,19,0,25,25462,SALINS DE (DU 64 A LA FIN),46.90996,6.334,Crépuscule ou aube,En agglomération,Hors intersection,Normale,Deux véhicules - arrière,4,2,2,0,1,1,1,0,1,50,2,2,1,0,1,0,57.0,24.0,voiture,voiture,2,2,1,1,2
202300034321,2023-06-25 15:00:00,2023,6,25,15,0,974,97415,route de saint-pierre,-21.087904,55.237541,Plein jour,Hors agglomération,Giratoire,Normale,Autre collision,2,2,2,1,2,1,1,0,4,-1,1,1,0,0,1,0,23.0,,deux_roues,,1,1,6,1,6
202300034322,2023-04-12 14:00:00,2023,4,12,14,0,93,93001,Avenue Jean Jaurès / Rue Danielle Casanova,48.91498117,2.40425223,Plein jour,En agglomération,Intersection en X,Normale,Trois véhicules et plus - collisions multiples,3,2,2,-1,1,1,1,0,1,-1,3,3,2,0,0,1,24.0,27.0,voiture,voiture,1,2,2,1,5
202300034322,2023-04-12 14:00:00,2023,4,12,14,0,93,93001,Avenue Jean Jaurès / Rue Danielle Casanova,48.91498117,2.40425223,Plein jour,En agglomération,Intersection en X,Normale,Trois véhicules et plus - collisions multiples,3,2,4,1,1,1,1,0,1,50,3,3,2,0,0,1,24.0,27.0,voiture,voiture,1,2,2,1,5
202300034323,2023-05-20 01:17:00,2023,5,20,1,17,64,64102,REPUBLIQUE (PLACE DE LA),43.49532,-1.47025,Nuit avec éclairage allumé,En agglomération,Intersection en Y,Pluie légère,Deux véhicules - arrière,4,2,4,0,1,1,2,5,1,50,2,2,1,0,0,1,21.0,36.0,voiture,voiture,5,2,4,2,2
202300034323,2023-05-20 01:17:00,2023,5,20,1,17,64,64102,REPUBLIQUE (PLACE DE LA),43.49532,-1.47025,Nuit avec éclairage allumé,En agglomération,Intersection en Y,Pluie légère,Deux véhicules - arrière,4,4,4,0,2,1,2,5,1,50,2,2,1,0,0,1,21.0,36.0,voiture,voiture,5,2,4,2,2
202300034324,2023-06-24 20:15:00,2023,6,24,20,15,974,97415,Route du Théâtre,-21.04233,55.22655,Nuit sans éclairage public,Hors agglomération,Hors intersection,Normale,Autre collision,3,2,2,0,2,1,1,0,1,70,1,2,1,0,1,0,67.0,,utilitaire_camion,,3,1,1,1,6
202300034325,2023-02-28 17:10:00,2023,2,28,17,10,25,25056,DENFERT ROCHEREAU AVENUE,47.244108,6.027043,Crépuscule ou aube,En agglomération,Intersection en X,Normale,Deux véhicules - côté,4,2,2,0,2,1,1,0,1,50,2,2,1,0,0,1,40.0,75.0,voiture,voiture,2,2,2,1,3
202300034325,2023-02-28 17:10:00,2023,2,28,17,10,25,25056,DENFERT ROCHEREAU AVENUE,47.244108,6.027043,Crépuscule ou aube,En agglomération,Intersection en X,Normale,Deux véhicules - côté,4,1,2,3,2,1,1,0,1,50,2,2,1,0,0,1,40.0,75.0,voiture,voiture,2,2,2,1,3
202300034326,2023-04-11 23:45:00,2023,4,11,23,45,92,92046,PIERRE BROSSOLETTE (AVENUE),48.81443,2.30337,Nuit avec éclairage allumé,En agglomération,Hors intersection,Pluie légère,Autre collision,3,3,2,0,1,1,2,0,8,50,1,1,0,0,0,1,51.0,,voiture,,5,2,1,2,6