accident_id,datetime,annee,mois,jour,heure,minute,departement,commune_insee,adresse,latitude,longitude,luminosite,agglomeration,intersection,meteo,collision,catr,circ,nbv,vosp,prof,plan,surf,infra,situ,vma,nb_vehicules,nb_usagers,nb_indemnes,nb_tues,nb_blesses_hosp,nb_blesses_legers,age_cond_1,age_cond_2,veh_type_cond_1,veh_type_cond_2,lum_code,agg_code,int_code,atm_code,col_code
202300034615,2023-09-07 19:00:00,2023,9,7,19,0,06,06078,D6202,43.915236,7.173981,Plein jour,Hors agglomération,Hors intersection,Normale,Trois véhicules et plus - collisions multiples,3,2,2,0,1,1,1,0,1,80,3,4,3,1,0,0,57.0,77.0,voiture,voiture,1,1,1,1,5
202300034616,2023-09-07 09:00:00,2023,9,7,9,0,13,13081,Bd du Vallat de la Chapelle,43.486136,5.230686,Crépuscule ou aube,En agglomération,Hors intersection,Temps éblouissant,Autre collision,3,2,2,0,1,1,1,0,1,50,1,2,1,0,0,1,80.0,,voiture,,2,2,1,7,6
202300034617,2023-12-13 15:02:00,2023,12,13,15,2,46,46240,D840 PK 61,44.841185,1.653689,Plein jour,Hors agglomération,Passage à niveau,Normale,Deux véhicules - côté,3,2,2,0,1,1,2,4,8,80,2,2,1,1,0,0,68.0,51.0,utilitaire_camion,transport_commun,1,1,8,1,3
202300034618,2023-12-14 07:15:00,2023,12,14,7,15,29,29061,10bis boulevard Gabriel Lippmann,48.428108,-4.454419,Nuit avec éclairage allumé,En agglomération,Hors intersection,Pluie légère,Deux véhicules - côté,4,2,2,0,1,1,2,0,1,50,2,2,1,0,0,1,35.0,25.0,voiture,deux_roues,5,2,1,2,3
202300034619,2023-09-06 23:00:00,2023,9,6,23,0,57,57254,Rue de Novéant,49.044873,6.023898,Nuit sans éclairage public,Hors agglomération,Hors intersection,Normale,Deux véhicules - frontale,3,3,2,0,1,1,1,0,1,80,2,3,0,0,1,2,45.0,44.0,utilitaire_camion,voiture,3,1,1,1,1
202300034620,2023-12-01 07:00:00,2023,12,1,7,0,13,13036,Avenue de la Bouvine,43.847813,4.84106,Nuit sans éclairage public,Hors agglomération,Intersection en T,Pluie légère,Deux véhicules - côté,3,2,2,0,1,1,2,0,1,80,2,2,1,0,0,1,45.0,51.0,voiture,deux_roues,3,1,3,2,3
202300034620,2023-12-01 07:00:00,2023,12,1,7,0,13,13036,Avenue de la Bouvine,43.847813,4.84106,Nuit sans éclairage public,Hors agglomération,Intersection en T,Pluie légère,Deux véhicules - côté,3,2, -1,-1,1,1,2,0,1,-1,2,2,1,0,0,1,45.0,51.0,voiture,deux_roues,3,1,3,2,3
202300034621,2023-09-06 13:38:00,2023,9,6,13,38,63,63150,D455,45.90138517,3.07332337,Plein jour,Hors agglomération,Intersection en T,Normale,Deux véhicules - côté,3,2,2,1,1,1,1,0,1,90,3,4,2,0,0,2,70.0,48.0,voiture,deux_roues,1,1,3,1,3
202300034621,2023-09-06 13:38:00,2023,9,6,13,38,63,63150,D455,45.90138517,3.07332337,Plein jour,Hors agglomération,Intersection en T,Normale,Deux véhicules - côté,3,2,2,-1,1,1,1,0,1,80,3,4,2,0,0,2,70.0,48.0,voiture,deux_roues,1,1,3,1,3
202300034622,2023-12-13 18:40:00,2023,12,13,18,40,02,02608,les épinettes,49.83827,4.062259,Nuit avec éclairage allumé,En agglomération,Hors intersection,Pluie légère,Autre collision,3,2,2,0,1,1,2,0,1,-1,1,2,0,1,0,1,25.0,,utilitaire_camion,,5,2,1,2,6
202300034623,2023-09-07 08:45:00,2023,9,7,8,45,42,42204,Boulevard du Haut Forez,45.424099,4.063262,Plein jour,En agglomération,Hors intersection,Normale,Deux véhicules - côté,3,2,2,0,1,1,1,0,1,50,2,5,4,0,0,1,64.0,53.0,transport_commun,utilitaire_camion,1,2,1,1,3
202300034624,2023-09-05 09:30:00,2023,9,5,9,30,38,38158,5 Avenue Raymond Chanas,45.156119,5.739102,Plein jour,En agglomération,Hors intersection,Normale,Deux véhicules - frontale,4,3,2,1,1,1,1,0,1,50,2,2,1,0,1,0,40.0,29.0,voiture,deux_roues,1,2,1,1,1
202300034625,2023-12-13 17:30:00,2023,12,13,17,30,01,01056,D12,46.045569,5.465478,Nuit sans éclairage public,Hors agglomération,Hors intersection,Pluie légère,Deux véhicules - frontale,3,2,2,0,2,3,2,0,1,80,2,3,0,0,1,2,44.0,64.0,utilitaire_camion,voiture,3,1,1,2,1
202300034626,2023-09-06 14:45:00,2023,9,6,14,45,17,17283,Rue Adolphe Thiers,45.579222,-0.544505,Plein jour,En agglomération,Hors intersection,Normale,Autre collision,4,1,1,0,1,1,1,6,4,30,1,2,1,0,1,0,,,deux_roues,,1,2,1,1,6
202300034627,2023-09-01 18:30:00,2023,9,1,18,30,33,33080,3700 Avenue de Toulouse,44.729975,-0.531413,Plein jour,Hors agglomération,Hors intersection,Normale,Autre collision,3,2,2,0,1,1,1,0,3,80,1,1,0,1,0,0,24.0,,voiture,,1,1,1,1,6
202300034628,2023-08-29 12:19:00,2023,8,29,12,19,33,33422,D213,44.81787318,-0.853149,Plein jour,Hors agglomération,Hors intersection,Normale,Deux véhicules - frontale,3,2,2,0,1,1,1,0,1,80,2,4,1,0,1,2,66.0,71.0,voiture,voiture,1,1,1,1,1
202300034629,2023-12-09 22:30:00,2023,12,9,22,30,01,01283,D106A,46.287659,5.651361,Nuit sans éclairage public,Hors agglomération,Hors intersection,Pluie forte,Deux véhicules - arrière,3,2,2,0,1,3,2,0,3,80,2,4,3,0,0,1,,39.0,voiture,voiture,3,1,1,3,2
202300034630,2023-09-07 08:30:00,2023,9,7,8,30,50,50492,Intersection D11 D213,49.095449,-0.900171,Plein jour,Hors agglomération,Hors intersection,Temps éblouissant,Autre collision,3,2,2,0,1,1,1,0,1,70,1,1,0,0,0,1,35.0,,voiture,,1,1,1,7,6
202300034631,2023-12-14 17:30:00,2023,12,14,17,30,50,50074,le vieux bourg,48.716956,-1.171522,Nuit sans éclairage public,Hors agglomération,Hors intersection,Pluie légère,Autre collision,4,2,2,0,2,1,2,0,1,80,1,2,1,0,0,1,30.0,,voiture,,3,1,1,2,6
202300034632,2023-09-05 17:56:00,2023,9,5,17,56,22,22223,L'Isle,48.592402,-3.176154,Plein jour,Hors agglomération,Hors intersection,Normale,Trois véhicules et plus - collisions multiples,3,2,2,0,1,1,1,0,1,80,3,3,2,0,0,1,64.0,23.0,voiture,deux_roues,1,1,1,1,5
202300034633,2023-09-07 08:35:00,2023,9,7,8,35,22,22136,Boulevard de Penthievre,48.187978,-2.756254,Plein jour,En agglomération,Hors intersection,Normale,Deux véhicules - arrière,4,2,2,1,1,1,1,9,5,30,2,2,1,0,1,0,27.0,53.0,voiture,deux_roues,1,2,1,1,2
202300034634,2023-09-06 17:20:00,2023,9,6,17,20,59,59249,D83,50.020997,4.078631,Plein jour,Hors agglomération,Hors intersection,Normale,Autre collision,3,2,2,0,2,2,1,0,3,80,1,1,0,0,0,1,47.0,,deux_roues,,1,1,1,1,6
202300034635,2023-12-14 10:30:00,2023,12,14,10,30,45,45167,D3 PR 3 + 425,47.862238,1.699798,Plein jour,Hors agglomération,Intersection en X,Normale,Deux véhicules - côté,3,2,2,0,1,1,1,0,1,80,2,2,1,0,1,0,54.0,63.0,voiture,voiture,1,1,2,1,3
202300034635,2023-12-14 10:30:00,2023,12,14,10,30,45,45167,D3 PR 3 + 425,47.862238,1.699798,Plein jour,Hors agglomération,Intersection en X,Normale,Deux véhicules - côté,3,2,2,0,1,1,1,0,1,50,2,2,1,0,1,0,54.0,63.0,voiture,voiture,1,1,2,1,3
202300034636,2023-12-14 09:30:00,2023,12,14,9,30,07,07317,Route de Sarras,45.215664,4.791155,Plein jour,Hors agglomération,Hors intersection,Pluie légère,Autre collision,3,2,2,0,2,1,2,2,3,90,1,1,0,0,0,1,75.0,,voiture,,1,1,1,2,6
202300034637,2023-06-29 13:50:00,2023,6,29,13,50,13,13212,A507 sens Aubagne- Marseille,43.303398,5.425341,Plein jour,Hors agglomération,Hors intersection,Normale,Deux véhicules - côté,1,1,3,0,1,1,1,0,1,70,3,3,2,0,0,1,34.0,40.0,utilitaire_camion,voiture,1,1,1,1,3
202300034638,2023-09-06 07:10:00,2023,9,6,7,10,83,83137,A57,43.1317,5.9806,Plein jour,Hors agglomération,Hors intersection,Normale,Deux véhicules - côté,1,3,2,0,1,1,2,8,1,70,2,2,1,0,1,0,28.0,52.0,deux_roues,utilitaire_camion,1,1,1,1,3
202300034639,2023-12-14 12:55:00,2023,12,14,12,55,07,07238,D104a,44.437177,4.19512,Plein jour,Hors agglomération,Intersection en T,Normale,Deux véhicules - côté,3,2,2,0,1,1,1,0,1,50,2,2,1,0,0,1,49.0,49.0,voiture,deux_roues,1,1,3,1,3
202300034639,2023-12-14 12:55:00,2023,12,14,12,55,07,07238,D104a,44.437177,4.19512,Plein jour,Hors agglomération,Intersection en T,Normale,Deux véhicules - côté,3,2,2,0,1,4,1,0,1,90,2,2,1,0,0,1,49.0,49.0,voiture,deux_roues,1,1,3,1,3
202300034640,2023-09-05 07:55:00,2023,9,5,7,55,83,83137,A50,43.12679027,5.91170232,Plein jour,Hors agglomération,Hors intersection,Normale,Deux véhicules - côté,1,3,6,0,1,1,1,0,1,70,2,2,1,0,1,0,19.0,56.0,deux_roues,voiture,1,1,1,1,3
202300034641,2023-09-05 08:50:00,2023,9,5,8,50,59,59359,AUTOROUTE A16,50.98179,2.22668,Plein jour,Hors agglomération,Hors intersection,Normale,Deux véhicules - arrière,1,-1,4,0,1,3,1,0,1,130,2,3,2,0,0,1,53.0,20.0,voiture,voiture,1,1,1,1,2
202300034642,2023-12-14 07:55:00,2023,12,14,7,55,85,85234,RD753,46.801102,-2.035995,Crépuscule ou aube,Hors agglomération,Hors intersection,Normale,Trois véhicules et plus - collisions multiples,3,2,2,1,1,1,1,0,1,80,3,3,1,0,0,2,27.0,43.0,voiture,voiture,2,1,1,1,5
202300034643,2023-08-29 09:15:00,2023,8,29,9,15,59,59328,ROUTE DEPARTEMENTALE 652,50.65927,3.0189,Plein jour,Hors agglomération,Hors intersection,Normale,Deux véhicules - arrière,7,1,4,0,1,1,1,0,1,90,2,3,1,0,2,0,73.0,43.0,voiture,voiture,1,1,1,1,2
202300034644,2023-12-12 17:40:00,2023,12,12,17,40,27,27102,Route de Routot,49.36096,0.781456,Nuit avec éclairage allumé,En agglomération,Hors intersection,Pluie légère,Autre collision,3,2,2,0,1,1,2,9,1,50,1,2,1,0,1,0,33.0,,voiture,,5,2,1,2,6
202300034645,2023-08-10 11:55:00,2023,8,10,11,55,59,59202,AUTOROUTE A25,50.67778,2.85683,Plein jour,Hors agglomération,Hors intersection,Normale,Deux véhicules - arrière,1,-1,2,0,1,1,1,0,1,130,2,2,1,0,0,1,30.0,72.0,voiture,voiture,1,1,1,1,2
202300034646,2023-09-06 18:35:00,2023,9,6,18,35,91,91174,RN 104,48.61039,2.44499,Plein jour,Hors agglomération,Hors intersection,Normale,Deux véhicules - côté,2,1,2,0,1,1,1,0,1,90,2,2,1,0,0,1,30.0,49.0,utilitaire_camion,deux_roues,1,1,1,1,3
202300034647,2023-09-06 16:45:00,2023,9,6,16,45,91,91553,RN 104,48.62802,2.48016,Plein jour,Hors agglomération,Hors intersection,Normale,Deux véhicules - côté,2,1,3,0,1,3,1,3,1,90,2,2,1,0,0,1,35.0,27.0,deux_roues,voiture,1,1,1,1,3
202300034648,2023-12-13 22:35:00,2023,12,13,22,35,987,98729,"pk 1,200 à Teavaro",-17.577,-150.202,Nuit avec éclairage non allumé,Hors agglomération,Autre intersection,Pluie forte,Deux véhicules - côté,2,2,2,1,4,2,2,0,1,60,2,2,0,1,0,1,34.0,54.0,deux_roues,deux_roues,4,1,9,3,3
202300034648,2023-12-13 22:35:00,2023,12,13,22,35,987,98729,"pk 1,200 à Teavaro",-17.577,-150.202,Nuit avec éclairage non allumé,Hors agglomération,Autre intersection,Pluie forte,Deux véhicules - côté,2,-1,2,0,2,1,2,0,1,-1,2,2,0,1,0,1,34.0,54.0,deux_roues,deux_roues,4,1,9,3,3
202300034649,2023-09-06 15:50:00,2023,9,6,15,50,92,92019,RN 385 INT,48.7665676,2.24478607,Plein jour,Hors agglomération,Hors intersection,Normale,Deux véhicules - arrière,2,1,3,0,1,1,1,0,1,90,2,2,0,0,0,2,52.0,26.0,utilitaire_camion,utilitaire_camion,1,1,1,1,2
202300034650,2023-09-05 23:40:00,2023,9,5,23,40,91,91692,RN 118,48.68487,2.18938,Nuit sans éclairage public,Hors agglomération,Hors intersection,Normale,Sans collision,2,1,2,0,1,1,1,0,3,110,1,1,0,0,0,1,21.0,,utilitaire_camion,,3,1,1,1,7
202300034651,2023-12-13 04:45:00,2023,12,13,4,45,974,97415,N1a,-21.061079,55.22347,Nuit avec éclairage allumé,En agglomération,Giratoire,Normale,Autre collision,2,1,1,1,1,3,1,0,8,50,1,1,0,0,1,0,35.0,,voiture,,5,2,6,1,6
202300034652,2023-09-05 08:40:00,2023,9,5,8,40,92,92047,A13,48.83231571,2.15438418,Plein jour,Hors agglomération,Hors intersection,Normale,Deux véhicules - côté,1,3,3,0,1,1,1,0,1,110,2,2,1,0,0,1,38.0,40.0,voiture,deux_roues,1,1,1,1,3
202300034653,2023-12-11 01:20:00,2023,12,11,1,20,974,97415,N1a,-21.022221,55.232252,Nuit sans éclairage public,Hors agglomération,Hors intersection,Normale,Deux véhicules - frontale,2,2,2,0,1,2,1,0,1,50,2,3,0,0,1,2,55.0,23.0,utilitaire_camion,voiture,3,1,1,1,1
202300034654,2023-09-05 06:50:00,2023,9,5,6,50,92,92064,A13,48.83736624,2.18864663,Crépuscule ou aube,Hors agglomération,Hors intersection,Normale,Trois véhicules et plus - en chaîne,1,-1,3,0,1,1,1,0,1,110,3,3,2,0,0,1,21.0,46.0,voiture,voiture,2,1,1,1,4
202300034655,2023-12-13 03:00:00,2023,12,13,3,0,973,97308,Rue Pierre Céron,3.887893,-51.802707,Nuit avec éclairage allumé,En agglomération,Hors intersection,Normale,Sans collision,4,2,2,0,1,1,1,0,1,50,1,1,0,0,0,1,25.0,,voiture,,5,2,1,1,7
202300034656,2023-09-06 06:15:00,2023,9,6,6,15,95,95018,A15,48.95759,2.27568,Crépuscule ou aube,Hors agglomération,Hors intersection,Normale,Deux véhicules - arrière,1,3,4,0,1,1,1,0,1,90,2,2,1,0,0,1,61.0,31.0,deux_roues,voiture,2,1,1,1,2
202300034657,2023-12-13 21:24:00,2023,12,13,21,24,95,95370,REPUBLIQUE (BOULEVARD DE LA),49.13934056,1.98479176,Nuit avec éclairage allumé,En agglomération,Hors intersection,Normale,Deux véhicules - côté,3,2,2,0,1,1,2,0,1,50,2,3,2,0,1,0,17.0,18.0,deux_roues,voiture,5,2,1,1,3
202300034658,2023-09-05 08:20:00,2023,9,5,8,20,93,93005,AUTOROUTE A1,48.95707,2.46129,Plein jour,Hors agglomération,Hors intersection,Normale,Deux véhicules - côté,1,3,3,0,1,1,1,0,1,90,2,2,1,0,1,0,51.0,,deux_roues,voiture,1,1,1,1,3
202300034659,2023-09-05 08:05:00,2023,9,5,8,5,93,93027,AUTOROUTE A86,48.92396263,2.38567719,Plein jour,Hors agglomération,Hors intersection,Normale,Deux véhicules - côté,1,3,8,0,1,1,1,0,1,90,2,2,1,0,0,1,20.0,38.0,utilitaire_camion,deux_roues,1,1,1,1,3
202300034660,2023-12-14 18:17:00,2023,12,14,18,17,30,30258,D6572,43.671224,4.405024,Nuit sans éclairage public,Hors agglomération,Hors intersection,Normale,Deux véhicules - frontale,3,2,2,0,1,3,1,0,1,80,2,2,0,0,2,0,51.0,32.0,deux_roues,deux_roues,3,1,1,1,1
202300034661,2023-09-04 19:50:00,2023,9,4,19,50,54,54257,Route de Fleville,48.65103791,6.20799422,Plein jour,En agglomération,Hors intersection,Temps éblouissant,Deux véhicules - arrière,4,2,2,0,1,1,1,0,1,50,2,2,1,0,0,1,68.0,31.0,voiture,deux_roues,1,2,1,7,2
202300034662,2023-12-08 17:39:00,2023,12,8,17,39,34,34057,Avenue Marcel Dassault,43.623747,3.91587,Nuit avec éclairage allumé,En agglomération,Hors intersection,Normale,Deux véhicules - frontale,4,2,2,0,1,1,1,0,1,50,2,2,1,0,1,0,53.0,32.0,voiture,deux_roues,5,2,1,1,1
202300034663,2023-03-09 09:15:00,2023,3,9,9,15,19,19272,Dr Valette (Rue),45.25416107,1.75927269,Plein jour,En agglomération,Hors intersection,Normale,Deux véhicules - arrière,4,2,1,0,1,1,1,0,1,30,2,2,1,0,0,1,30.0,22.0,voiture,voiture,1,2,1,1,2
202300034664,2023-06-18 21:10:00,2023,6,18,21,10,93,93005,Boulevard André Citroën,48.9603,2.48815,Crépuscule ou aube,En agglomération,Giratoire,Pluie légère,Deux véhicules - arrière,3,1,2,0,1,3,2,0,1,50,2,3,2,0,0,1,36.0,39.0,voiture,voiture,2,2,6,2,2
202300034664,2023-06-18 21:10:00,2023,6,18,21,10,93,93005,Boulevard André Citroën,48.9603,2.48815,Crépuscule ou aube,En agglomération,Giratoire,Pluie légère,Deux véhicules - arrière,3,2,2,0,1,1,2,0,1,50,2,3,2,0,0,1,36.0,39.0,voiture,voiture,2,2,6,2,2
202300034665,2023-12-13 12:45:00,2023,12,13,12,45,83,83119,avenue général leclerc,43.269472,6.636123,Plein jour,En agglomération,Hors intersection,Normale,Autre collision,3,1,2,0,1,1,1,0,1,30,1,2,1,0,1,0,52.0,,deux_roues,,1,2,1,1,6
202300034666,2023-06-10 19:55:00,2023,6,10,19,55,93,93005,Rue Jean Charcot / Avenue Gaston Chauvin,48.93319851,2.48961278,Plein jour,En agglomération,Intersection en X,Normale,Trois véhicules et plus - collisions multiples,3,1,2,0,1,1,1,5,1,50,4,6,5,0,0,1,28.0,35.0,voiture,transport_commun,1,2,2,1,5
202300034666,2023-06-10 19:55:00,2023,6,10,19,55,93,93005,Rue Jean Charcot / Avenue Gaston Chauvin,48.93319851,2.48961278,Plein jour,En agglomération,Intersection en X,Normale,Trois véhicules et plus - collisions multiples,3,2,4,0,1,1,1,0,1,50,4,6,5,0,0,1,28.0,35.0,voiture,transport_commun,1,2,2,1,5
202300034667,2023-04-02 16:35:00,2023,4,2,16,35,32,32285,lieu-dit Liebra,43.607556,0.337787,Plein jour,Hors agglomération,Hors intersection,Pluie forte,Autre collision,3,2,2,0,1,2,2,0,3,80,1,1,0,0,1,0,22.0,,voiture,,1,1,1,3,6
202300034668,2023-12-14 16:00:00,2023,12,14,16,0,06,06078,Malaussène,43.930524,7.110965,Plein jour,Hors agglomération,Hors intersection,Normale,Deux véhicules - côté,3,2,2,0,1,1,1,0,1,80,2,2,1,0,0,1,30.0,26.0,voiture,voiture,1,1,1,1,3
202300034669,2023-04-28 15:30:00,2023,4,28,15,30,32,32258,Lieu dit la bourdette,43.746871,0.674146,Plein jour,Hors agglomération,Hors intersection,Normale,Autre collision,3,2,2,0,2,2,1,0,3,80,1,1,0,0,1,0,75.0,,voiture,,1,1,1,1,6
202300034670,2023-09-05 16:25:00,2023,9,5,16,25,988,98818,RUE PAUL BOUTONNET/RUE BLAISE PASCAL,-22.29652,166.44321,Plein jour,En agglomération,Intersection en T,Normale,Autre collision,4,1,2,-1,1,1,1,-1,1,30,1,2,1,0,0,1,43.0,,deux_roues,,1,2,3,1,6
202300034670,2023-09-05 16:25:00,2023,9,5,16,25,988,98818,RUE PAUL BOUTONNET/RUE BLAISE PASCAL,-22.29652,166.44321,Plein jour,En agglomération,Intersection en T,Normale,Autre collision,4,2,2,0,1,1,1,0,1,30,1,2,1,0,0,1,43.0,,deux_roues,,1,2,3,1,6
202300034671,2023-12-14 16:30:00,2023,12,14,16,30,06,06157,2289 Route de Saint-Jeannet,43.738941,7.131071,Plein jour,Hors agglomération,Hors intersection,Normale,Deux véhicules - frontale,4,2,2,0,1,3,1,0,1,70,2,2,1,0,0,1,64.0,50.0,deux_roues,voiture,1,1,1,1,1
202300034672,2023-09-05 07:10:00,2023,9,5,7,10,974,97416,BASSIN PLAT(CHEMIN),-21.325277,55.48628,Plein jour,En agglomération,Giratoire,Temps éblouissant,Deux véhicules - frontale,2,2,2,0,1,1,1,5,5,50,2,2,1,0,0,1,19.0,36.0,voiture,deux_roues,1,2,6,7,1
202300034672,2023-09-05 07:10:00,2023,9,5,7,10,974,97416,BASSIN PLAT(CHEMIN),-21.325277,55.48628,Plein jour,En agglomération,Giratoire,Temps éblouissant,Deux véhicules - frontale,2,1,4,1,1,1,1,0,5,50,2,2,1,0,0,1,19.0,36.0,voiture,deux_roues,1,2,6,7,1
202300034673,2023-09-05 20:30:00,2023,9,5,20,30,973,97302,ROUTE NATIONALE 1,4.90482,-52.32341,Nuit avec éclairage allumé,Hors agglomération,Hors intersection,Normale,Deux véhicules - côté,2,3,4,2,1,1,1,0,1,90,2,2,1,0,0,1,51.0,54.0,voiture,deux_roues,5,1,1,1,3
202300034674,2023-12-14 15:30:00,2023,12,14,15,30,52,52102,220 Rue Pierre Durand,47.89351,5.346608,Plein jour,En agglomération,Hors intersection,Temps éblouissant,Autre collision,3,2,2,0,2,1,2,0,1,50,1,2,1,1,0,0,32.0,,voiture,,1,2,1,7,6
202300034675,2023-09-05 17:05:00,2023,9,5,17,5,973,97302,DIGUE RONJON,4.93334,-52.3317,Plein jour,En agglomération,Intersection en X,Normale,Deux véhicules - côté,4,1,1,0,1,1,1,0,1,50,2,2,1,0,0,1,62.0,32.0,voiture,deux_roues,1,2,2,1,3
202300034675,2023-09-05 17:05:00,2023,9,5,17,5,973,97302,DIGUE RONJON,4.93334,-52.3317,Plein jour,En agglomération,Intersection en X,Normale,Deux véhicules - côté,4,2,2,0,1,1,1,0,1,50,2,2,1,0,0,1,62.0,32.0,voiture,deux_roues,1,2,2,1,3
202300034676,2023-09-05 22:20:00,2023,9,5,22,20,69,69383,Rue André Philip,45.75279,4.85209,Nuit avec éclairage allumé,En agglomération,Intersection en X,Normale,Deux véhicules - côté,4,1,1,2,1,1,1,0,1,30,2,2,1,0,0,1,59.0,29.0,voiture,deux_roues,5,2,2,1,3
202300034676,2023-09-05 22:20:00,2023,9,5,22,20,69,69383,Rue André Philip,45.75279,4.85209,Nuit avec éclairage allumé,En agglomération,Intersection en X,Normale,Deux véhicules - côté,4,1,1,3,1,1,1,0,1,50,2,2,1,0,0,1,59.0,29.0,voiture,deux_roues,5,2,2,1,3
202300034677,2023-11-24 10:50:00,2023,11,24,10,50,69,69094,55 Route de Bordeaux,45.738993,4.688553,Plein jour,En agglomération,Hors intersection,Normale,Autre collision,3,2,2,0,1,1,1,0,3,50,1,1,0,1,0,0,81.0,,voiture,,1,2,1,1,6
202300034678,2023-09-05 18:20:00,2023,9,5,18,20,69,69383,Rue Villeroy,45.75601,4.84654,Plein jour,En agglomération,Intersection en Y,Normale,Deux véhicules - côté,4,1,1,3,1,1,1,0,1,30,2,2,1,0,0,1,64.0,,deux_roues,voiture,1,2,4,1,3
202300034678,2023-09-05 18:20:00,2023,9,5,18,20,69,69383,Rue Villeroy,45.75601,4.84654,Plein jour,En agglomération,Intersection en Y,Normale,Deux véhicules - côté,4,1,1,2,1,1,1,0,1,30,2,2,1,0,0,1,64.0,,deux_roues,voiture,1,2,4,1,3
202300034679,2023-09-04 12:05:00,2023,9,4,12,5,972,97213,ACAJOU PROLONGEE,14.63326,-61.02224,Plein jour,Hors agglomération,Hors intersection,Normale,Sans collision,3,2,2,0,2,3,1,0,3,50,1,1,0,0,0,1,57.0,,voiture,,1,1,1,1,7
202300034680,2023-09-05 13:40:00,2023,9,5,13,40,972,97209,BALATA (ROUTE DE),14.69478,-61.08851,Plein jour,Hors agglomération,Hors intersection,Normale,Sans collision,2,2,2,0,2,3,1,0,1,70,1,1,0,0,0,1,43.0,,utilitaire_camion,,1,1,1,1,7
202300034681,2023-09-05 15:30:00,2023,9,5,15,30,69,69081,Route de Métropole 6                                ,45.78682,4.78554,Plein jour,Hors agglomération,Hors intersection,Normale,Deux véhicules - arrière,7,1,1,0,1,3,1,0,1,50,2,3,2,0,0,1,20.0,44.0,voiture,voiture,1,1,1,1,2
202300034682,2023-12-13 19:15:00,2023,12,13,19,15,17,17185,Rue Champlain,45.732544,-0.957302,Nuit avec éclairage allumé,En agglomération,Autre intersection,Normale,Deux véhicules - côté,3,3,2,0,1,1,1,5,1,50,2,2,1,0,0,1,33.0,18.0,voiture,utilitaire_camion,5,2,9,1,3
202300034683,2023-09-04 16:35:00,2023,9,4,16,35,69,69034,Rue Jamen Grand,45.79544556,4.84123131,Plein jour,En agglomération,Intersection en T,Normale,Autre collision,4,1,1,2,1,1,1,0,1,50,1,2,1,0,0,1,54.0,,voiture,,1,2,3,1,6
202300034683,2023-09-04 16:35:00,2023,9,4,16,35,69,69034,Rue Jamen Grand,45.79544556,4.84123131,Plein jour,En agglomération,Intersection en T,Normale,Autre collision,4,2,2,0,1,1,1,0,1,-1,1,2,1,0,0,1,54.0,,voiture,,1,2,3,1,6
202300034684,2023-12-14 03:20:00,2023,12,14,3,20,16,16146,Rue de la Croix Blanche,45.63095,0.270538,Nuit sans éclairage public,Hors agglomération,Hors intersection,Normale,Autre collision,3,2,2,0,2,2,2,0,3,80,1,1,0,0,1,0,22.0,,voiture,,3,1,1,1,6
202300034685,2023-09-06 01:20:00,2023,9,6,1,20,2A,2A004,BONAPARTE CHARLES  BD,41.92,8.74,Nuit avec éclairage allumé,En agglomération,Hors intersection,Normale,Autre collision,2,1,3,0,1,2,1,0,3,50,1,1,0,0,0,1,19.0,,voiture,,5,2,1,1,6
202300034686,2023-12-14 18:07:00,2023,12,14,18,7,60,60612,Avenue du Général de Gaulle,49.208333,2.599361,Nuit avec éclairage allumé,En agglomération,Intersection en T,Normale,Deux véhicules - côté,3,2,2,0,1,1,1,0,1,50,2,3,0,0,0,3,19.0,24.0,deux_roues,deux_roues,5,2,3,1,3
202300034686,2023-12-14 18:07:00,2023,12,14,18,7,60,60612,Avenue du Général de Gaulle,49.208333,2.599361,Nuit avec éclairage allumé,En agglomération,Intersection en T,Normale,Deux véhicules - côté,3,2,2,0,1,1,1,0,1,50,2,3,0,0,0,3,19.0,24.0,deux_roues,deux_roues,5,2,3,1,3
202300034687,2023-09-05 08:00:00,2023,9,5,8,0,95,95280,JACQUES ANQUETIL (AVENUE),49.02288,2.45772,Plein jour,En agglomération,Giratoire,Normale,Deux véhicules - côté,4,1,2,0,1,3,1,0,1,50,2,2,1,0,0,1,67.0,24.0,voiture,deux_roues,1,2,6,1,3
202300034687,2023-09-05 08:00:00,2023,9,5,8,0,95,95280,JACQUES ANQUETIL (AVENUE),49.02288,2.45772,Plein jour,En agglomération,Giratoire,Normale,Deux véhicules - côté,4,2,2,0,1,1,1,0,1,50,2,2,1,0,0,1,67.0,24.0,voiture,deux_roues,1,2,6,1,3
202300034688,2023-12-13 08:20:00,2023,12,13,8,20,60,60360,D62,49.333037,2.454586,Nuit sans éclairage public,Hors agglomération,Hors intersection,Pluie légère,Deux véhicules - frontale,3,2,2,0,1,2,2,0,3,70,1,1,0,0,0,1,34.0,,voiture,,3,1,1,2,1
202300034689,2023-12-12 08:55:00,2023,12,12,8,55,83,83144,A57,43.14176207,6.00499817,Plein jour,Hors agglomération,Hors intersection,Temps couvert,Sans collision,1,1,0,0,2,2,1,5,1,50,1,2,0,0,0,2,19.0,,voiture,,1,1,1,8,7
202300034690,2023-09-05 19:00:00,2023,9,5,19,0,91,91377,AV SAINT MARC,48.733729,2.285939,Plein jour,En agglomération,Autre intersection,Normale,Deux véhicules - côté,4,2,2,0,1,1,1,9,1,50,2,2,1,0,0,1,59.0,46.0,voiture,utilitaire_camion,1,2,9,1,3