accident_id,datetime,annee,mois,jour,heure,minute,departement,commune_insee,adresse,latitude,longitude,luminosite,agglomeration,intersection,meteo,collision,catr,circ,nbv,vosp,prof,plan,surf,infra,situ,vma,nb_vehicules,nb_usagers,nb_indemnes,nb_tues,nb_blesses_hosp,nb_blesses_legers,age_cond_1,age_cond_2,veh_type_cond_1,veh_type_cond_2,lum_code,agg_code,int_code,atm_code,col_code
202300034691,2023-09-05 08:30:00,2023,9,5,8,30,91,91161,RUE SEVERINE,48.697077,2.306334,Plein jour,En agglomération,Hors intersection,Normale,Autre collision,4,2,2,0,1,1,1,0,1,30,1,2,1,0,1,0,34.0,,deux_roues,,1,2,1,1,6
202300034692,2023-12-12 19:45:00,2023,12,12,19,45,54,54265,A 33,48.63957058,6.17085438,Nuit sans éclairage public,Hors agglomération,Hors intersection,Pluie légère,Autre collision,1,3,2,3,2,3,2,9,1,90,1,1,0,1,0,0,50.0,,voiture,,3,1,1,2,6
202300034693,2023-09-04 17:35:00,2023,9,4,17,35,88,88383,RUE GEORGES LANG,48.01312109,6.59442008,Plein jour,En agglomération,Hors intersection,Temps éblouissant,Autre collision,4,2,2,0,1,1,1,0,1,50,1,2,0,0,0,2,67.0,,deux_roues,,1,2,1,7,6
202300034694,2023-12-12 13:32:00,2023,12,12,13,32,33,33063,ROCADE A 630,44.88523,-0.56193,Plein jour,Hors agglomération,Hors intersection,Pluie légère,Autre collision,1,1,2,0,1,3,2,3,1,30,1,3,2,0,0,1,56.0,,voiture,,1,1,1,2,6
202300034695,2023-09-04 12:00:00,2023,9,4,12,0,85,85194,intersection avenue du pas du bois- rue jean de la bruyère,46.49761,-1.74136,Plein jour,En agglomération,Intersection en T,Normale,Deux véhicules - frontale,4,2, -1,-1,1,1,1,0,5,-1,2,2,1,0,1,0,75.0,14.0,deux_roues,deux_roues,1,2,3,1,1
202300034695,2023-09-04 12:00:00,2023,9,4,12,0,85,85194,intersection avenue du pas du bois- rue jean de la bruyère,46.49761,-1.74136,Plein jour,En agglomération,Intersection en T,Normale,Deux véhicules - frontale,4,2,2,1,2,2,1,-1,5,20,2,2,1,0,1,0,75.0,14.0,deux_roues,deux_roues,1,2,3,1,1
202300034696,2023-09-05 20:45:00,2023,9,5,20,45,77,77409,CD 403,48.4023,2.9866,Nuit avec éclairage allumé,En agglomération,Hors intersection,Normale,Autre collision,3,2,2,0,2,1,1,0,1,50,1,2,1,0,1,0,58.0,,voiture,,5,2,1,1,6
202300034697,2023-09-05 19:10:00,2023,9,5,19,10,77,77251,ALL DU TRAIT D'UNION,48.619494,2.543732,Plein jour,En agglomération,Hors intersection,Normale,Autre collision,4,-1,2,0,1,1,1,0,1,30,1,2,1,0,0,1,90.0,,voiture,,1,2,1,1,6
202300034698,2023-12-13 19:05:00,2023,12,13,19,5,91,91363,RN 104,48.64087,2.19967,Nuit sans éclairage public,Hors agglomération,Hors intersection,Pluie légère,Deux véhicules - arrière,2,1,2,0,1,1,2,0,1,110,2,2,1,0,0,1,58.0,62.0,voiture,voiture,3,1,1,2,2
202300034699,2023-09-05 17:10:00,2023,9,5,17,10,77,77407,GRANDE(RUE ),48.52875,2.51684,Plein jour,En agglomération,Intersection en T,Normale,Deux véhicules - frontale,4,2,2,0,1,2,1,0,1,50,2,2,1,0,0,1,21.0,44.0,deux_roues,voiture,1,2,3,1,1
202300034699,2023-09-05 17:10:00,2023,9,5,17,10,77,77407,GRANDE(RUE ),48.52875,2.51684,Plein jour,En agglomération,Intersection en T,Normale,Deux véhicules - frontale,4,2,2,0,1,1,1,0,1,50,2,2,1,0,0,1,21.0,44.0,deux_roues,voiture,1,2,3,1,1
202300034700,2023-09-05 15:10:00,2023,9,5,15,10,77,77284,JOFFRE (AV.DU ML.),48.96296,2.89774,Plein jour,En agglomération,Hors intersection,Normale,Deux véhicules - côté,4,2,2,0,1,1,1,0,1,50,2,2,1,0,0,1,39.0,16.0,voiture,deux_roues,1,2,1,1,3
202300034701,2023-12-13 18:30:00,2023,12,13,18,30,91,91521,AUTOROUTE A6,48.63786,2.39712,Nuit sans éclairage public,Hors agglomération,Hors intersection,Pluie légère,Trois véhicules et plus - en chaîne,1,1,3,0,1,1,2,0,1,110,4,4,3,0,0,1,53.0,32.0,utilitaire_camion,utilitaire_camion,3,1,1,2,4
202300034702,2023-09-05 09:00:00,2023,9,5,9,0,77,77199,CD 228A,48.93967,2.92382,Plein jour,Hors agglomération,Hors intersection,Normale,Sans collision,3,2,2,0,1,1,1,0,1,90,1,1,0,0,0,1,44.0,,voiture,,1,1,1,1,7
202300034703,2023-12-13 09:55:00,2023,12,13,9,55,92,92012,A13,48.84862148,2.2283151,Plein jour,Hors agglomération,Hors intersection,Temps couvert,Autre collision,1,1,2,0,1,1,2,0,1,70,1,1,0,0,0,1,32.0,,deux_roues,,1,1,1,8,6
202300034704,2023-09-05 11:56:00,2023,9,5,11,56,77,77438,SAINT GERMAIN DES NOYERS  (AVENUE),48.86307,2.67504,Plein jour,En agglomération,Intersection en X,Normale,Deux véhicules - frontale,3,2,2,0,1,1,1,0,1,50,2,2,1,0,1,0,27.0,16.0,utilitaire_camion,deux_roues,1,2,2,1,1
202300034704,2023-09-05 11:56:00,2023,9,5,11,56,77,77438,SAINT GERMAIN DES NOYERS  (AVENUE),48.86307,2.67504,Plein jour,En agglomération,Intersection en X,Normale,Deux véhicules - frontale,3,2,2,0,1,1,1,0,1,50,2,2,1,0,1,0,27.0,16.0,utilitaire_camion,deux_roues,1,2,2,1,1
202300034705,2023-09-05 15:20:00,2023,9,5,15,20,77,77186,RD607 de Barbizon à pavé du roi,48.3651,2.6916,Plein jour,Hors agglomération,Hors intersection,Normale,Deux véhicules - arrière,3,2,0,0,2,1,1,0,1,90,2,2,1,0,1,0,33.0,53.0,voiture,voiture,1,1,1,1,2
202300034706,2023-12-12 11:00:00,2023,12,12,11,0,92,92064,A13,48.83953087,2.19743855,Plein jour,Hors agglomération,Hors intersection,Normale,Trois véhicules et plus - en chaîne,1,1,3,0,1,1,1,0,1,90,3,3,1,0,0,2,52.0,55.0,utilitaire_camion,voiture,1,1,1,1,4
202300034707,2023-09-06 02:00:00,2023,9,6,2,0,76,76540,Rue des Augustins,49.43793,1.09779,Nuit avec éclairage non allumé,En agglomération,Intersection en X,Normale,Deux véhicules - côté,4,1,1,0,1,1,1,-1,1,50,2,4,2,0,0,2,27.0,,voiture,voiture,4,2,2,1,3
202300034707,2023-09-06 02:00:00,2023,9,6,2,0,76,76540,Rue des Augustins,49.43793,1.09779,Nuit avec éclairage non allumé,En agglomération,Intersection en X,Normale,Deux véhicules - côté,4,1,1,0,2,1,1,-1,1,50,2,4,2,0,0,2,27.0,,voiture,voiture,4,2,2,1,3
202300034708,2023-12-13 03:20:00,2023,12,13,3,20,93,93006,AUTOROUTE A3,48.86633,2.42288,Nuit sans éclairage public,Hors agglomération,Hors intersection,Temps couvert,Autre collision,1,1,5,0,1,1,2,0,1,70,1,2,1,0,0,1,41.0,,voiture,,3,1,1,8,6
202300034709,2023-12-13 18:45:00,2023,12,13,18,45,77,77258,A4.W,48.83120837,2.63960212,Nuit avec éclairage allumé,Hors agglomération,Hors intersection,Pluie légère,Autre collision,1,-1,3,0,1,1,2,0,1,110,1,1,0,0,0,1,22.0,,voiture,,5,1,1,2,6
202300034710,2023-09-05 08:40:00,2023,9,5,8,40,76,76728,A150,49.47799,1.01662,Plein jour,Hors agglomération,Hors intersection,Normale,Trois véhicules et plus - en chaîne,1,1,2,0,1,1,1,0,1,110,3,3,2,0,0,1,39.0,19.0,voiture,voiture,1,1,1,1,4
202300034711,2023-09-04 16:39:00,2023,9,4,16,39,76,76351,PONT VII (ROUTE DU),49.49394,0.18016,Plein jour,En agglomération,Intersection en T,Normale,Deux véhicules - côté,4,2,2,0,1,1,1,0,1,50,2,3,1,0,1,1,37.0,27.0,deux_roues,utilitaire_camion,1,2,3,1,3
202300034711,2023-09-04 16:39:00,2023,9,4,16,39,76,76351,PONT VII (ROUTE DU),49.49394,0.18016,Plein jour,En agglomération,Intersection en T,Normale,Deux véhicules - côté,4,2,2,0,1,1,1,0,1,50,2,3,1,0,1,1,37.0,27.0,deux_roues,utilitaire_camion,1,2,3,1,3
202300034712,2023-09-05 12:30:00,2023,9,5,12,30,74,74012,ARVE (QUAI D'),46.18531,6.22599,Plein jour,En agglomération,Intersection en T,Normale,Deux véhicules - côté,4,2,2,0,1,1,1,0,1,50,2,2,1,0,0,1,60.0,35.0,voiture,deux_roues,1,2,3,1,3
202300034712,2023-09-05 12:30:00,2023,9,5,12,30,74,74012,ARVE (QUAI D'),46.18531,6.22599,Plein jour,En agglomération,Intersection en T,Normale,Deux véhicules - côté,4,2,2,0,1,1,1,0,1,50,2,2,1,0,0,1,60.0,35.0,voiture,deux_roues,1,2,3,1,3
202300034713,2023-08-31 11:40:00,2023,8,31,11,40,73,73008,VICTORIA AVENUE,45.68999873,5.91280991,Plein jour,En agglomération,Hors intersection,Normale,Autre collision,4,1,1,2,1,1,1,0,5,30,1,2,1,0,1,0,34.0,,utilitaire_camion,,1,2,1,1,6
202300034714,2023-09-01 17:50:00,2023,9,1,17,50,39,39285,,47.165858,5.638036,Plein jour,Hors agglomération,Hors intersection,Normale,Deux véhicules - arrière,1,3,4,0,1,1,1,0,1,130,2,6,3,0,1,2,53.0,34.0,voiture,voiture,1,1,1,1,2
202300034715,2023-10-14 19:45:00,2023,10,14,19,45,14,14207,16 Route de Caen,49.000422,-0.439877,Nuit sans éclairage public,En agglomération,Hors intersection,Normale,Autre collision,3,2,2,0,1,1,1,0,3,50,1,1,0,0,0,1,30.0,,voiture,,3,2,1,1,6
202300034716,2023-08-26 09:25:00,2023,8,26,9,25,73,73008,Rue Georges 1er,45.68756135,5.91650249,Plein jour,En agglomération,Giratoire,Normale,Autre collision,4,2,2,0,2,3,1,0,1,50,1,2,1,0,1,0,72.0,,voiture,,1,2,6,1,6
202300034716,2023-08-26 09:25:00,2023,8,26,9,25,73,73008,Rue Georges 1er,45.68756135,5.91650249,Plein jour,En agglomération,Giratoire,Normale,Autre collision,4,2,2,0,1,2,1,5,1,50,1,2,1,0,1,0,72.0,,voiture,,1,2,6,1,6
202300034717,2023-09-04 11:00:00,2023,9,4,11,0,72,72181,PREAU (RUE DE),47.988,0.207,Plein jour,En agglomération,Autre intersection,Normale,Deux véhicules - côté,4,2,2,0,1,1,1,0,1,25,2,2,1,0,0,1,22.0,49.0,deux_roues,voiture,1,2,9,1,3
202300034718,2023-10-11 07:50:00,2023,10,11,7,50,84,84007,VAN GOGH (rue VINCENT),43.94303,4.84267,Plein jour,En agglomération,Hors intersection,Normale,Deux véhicules - côté,4,2,2,0,1,1,1,0,1,30,2,2,1,0,0,1,15.0,40.0,voiture,deux_roues,1,2,1,1,3
202300034719,2023-09-03 18:35:00,2023,9,3,18,35,67,67447,CHATEAU D ANGLETERRE (RUE DU),48.62148925,7.77063847,Plein jour,En agglomération,Intersection en T,Normale,Deux véhicules - côté,4,2,3,0,1,1,1,0,1,50,2,2,1,0,0,1,25.0,29.0,deux_roues,voiture,1,2,3,1,3
202300034719,2023-09-03 18:35:00,2023,9,3,18,35,67,67447,CHATEAU D ANGLETERRE (RUE DU),48.62148925,7.77063847,Plein jour,En agglomération,Intersection en T,Normale,Deux véhicules - côté,4,2,3,0,1,1,1,0,1,50,2,2,1,0,0,1,25.0,29.0,deux_roues,voiture,1,2,3,1,3
202300034720,2023-10-10 14:24:00,2023,10,10,14,24,84,84007,SAINT ROCH (Boulevard),43.94237,4.80749,Plein jour,En agglomération,Hors intersection,Normale,Deux véhicules - côté,4,2,2,0,1,1,1,0,1,50,2,2,1,0,0,1,41.0,32.0,deux_roues,utilitaire_camion,1,2,1,1,3
202300034721,2023-09-04 11:38:00,2023,9,4,11,38,66,66136,,42.68398,2.8853,Plein jour,En agglomération,Hors intersection,Normale,Autre collision,4,2,2,0,1,1,1,0,1,30,1,2,1,0,0,1,57.0,,voiture,,1,2,1,1,6
202300034722,2023-09-03 13:10:00,2023,9,3,13,10,66,66136,,42.69737,2.904,Plein jour,En agglomération,Hors intersection,Normale,Deux véhicules - arrière,4,2,4,0,1,1,1,0,1,50,2,2,1,0,0,1,74.0,66.0,voiture,deux_roues,1,2,1,1,2
202300034723,2023-10-08 02:52:00,2023,10,8,2,52,84,84007,PIERRE SEMARD (avenue),43.93399,4.83201,Nuit avec éclairage allumé,En agglomération,Intersection en X,Normale,Deux véhicules - arrière,4,3,4,0,1,1,1,5,1,70,2,3,1,0,0,2,40.0,,voiture,voiture,5,2,2,1,2
202300034723,2023-10-08 02:52:00,2023,10,8,2,52,84,84007,PIERRE SEMARD (avenue),43.93399,4.83201,Nuit avec éclairage allumé,En agglomération,Intersection en X,Normale,Deux véhicules - arrière,4,3,6,0,1,1,1,5,1,50,2,3,1,0,0,2,40.0,,voiture,voiture,5,2,2,1,2
202300034724,2023-09-02 18:22:00,2023,9,2,18,22,66,66136,,42.68104,2.89397,Plein jour,En agglomération,Giratoire,Normale,Deux véhicules - côté,4,1,2,0,1,2,1,0,1,50,2,2,1,0,0,1,66.0,40.0,voiture,voiture,1,2,6,1,3
202300034724,2023-09-02 18:22:00,2023,9,2,18,22,66,66136,,42.68104,2.89397,Plein jour,En agglomération,Giratoire,Normale,Deux véhicules - côté,4,3,2,0,1,1,1,0,1,50,2,2,1,0,0,1,66.0,40.0,voiture,voiture,1,2,6,1,3
202300034725,2023-09-05 20:25:00,2023,9,5,20,25,64,64249,GETARIA(AVENUE),43.42496,-1.60424,Plein jour,En agglomération,Hors intersection,Normale,Deux véhicules - côté,4,2,2,0,2,1,1,0,1,50,2,3,1,0,1,1,79.0,17.0,voiture,deux_roues,1,2,1,1,3
202300034726,2023-09-05 16:40:00,2023,9,5,16,40,64,64122,GABRIELLE DORZIAT (ALLEE),43.4594,-1.56702,Plein jour,Hors agglomération,Intersection en X,Normale,Deux véhicules - côté,4,2,0,0,1,1,1,0,1,30,2,2,1,0,1,0,50.0,26.0,deux_roues,utilitaire_camion,1,1,2,1,3
202300034726,2023-09-05 16:40:00,2023,9,5,16,40,64,64122,GABRIELLE DORZIAT (ALLEE),43.4594,-1.56702,Plein jour,Hors agglomération,Intersection en X,Normale,Deux véhicules - côté,4,2, -1,-1,1,1,1,0,1,-1,2,2,1,0,1,0,50.0,26.0,deux_roues,utilitaire_camion,1,1,2,1,3
202300034727,2023-09-05 10:20:00,2023,9,5,10,20,64,64125,BIARRITZ (AVENUE DE),43.45415,-1.57363,Plein jour,En agglomération,Intersection en T,Normale,Deux véhicules - côté,3,2,3,1,2,1,1,0,1,30,2,2,1,0,0,1,61.0,56.0,voiture,deux_roues,1,2,3,1,3
202300034727,2023-09-05 10:20:00,2023,9,5,10,20,64,64125,BIARRITZ (AVENUE DE),43.45415,-1.57363,Plein jour,En agglomération,Intersection en T,Normale,Deux véhicules - côté,3,2, -1,-1,3,1,1,0,1,-1,2,2,1,0,0,1,61.0,56.0,voiture,deux_roues,1,2,3,1,3
202300034728,2023-09-05 10:10:00,2023,9,5,10,10,64,64102,MAI 1945 (AVENUE DU 8),43.47416,-1.48537,Plein jour,En agglomération,Hors intersection,Normale,Deux véhicules - arrière,4,2,2,0,1,1,1,0,1,50,2,2,1,0,0,1,25.0,45.0,deux_roues,voiture,1,2,1,1,2
202300034729,2023-09-04 15:20:00,2023,9,4,15,20,64,64024,BAHINOS (ROND POINT DE),43.49397,-1.51829,Plein jour,En agglomération,Giratoire,Normale,Deux véhicules - arrière,4,1,2,0,1,3,1,0,1,30,2,2,1,0,0,1,69.0,24.0,voiture,deux_roues,1,2,6,1,2
202300034730,2023-10-10 08:40:00,2023,10,10,8,40,71,71153,MARS 1962  (RUE DU 19),46.808798,4.434659,Plein jour,En agglomération,Intersection en X,Temps éblouissant,Deux véhicules - côté,4,1,1,0,1,1,1,0,1,50,2,2,1,0,0,1,77.0,43.0,voiture,voiture,1,2,2,7,3
202300034730,2023-10-10 08:40:00,2023,10,10,8,40,71,71153,MARS 1962  (RUE DU 19),46.808798,4.434659,Plein jour,En agglomération,Intersection en X,Temps éblouissant,Deux véhicules - côté,4,2,2,0,1,1,1,0,1,50,2,2,1,0,0,1,77.0,43.0,voiture,voiture,1,2,2,7,3
202300034731,2023-09-05 15:46:00,2023,9,5,15,46,63,63113,BLATIN (RUE),45.77704068,3.08122516,Plein jour,En agglomération,Hors intersection,Normale,Autre collision,4,2,3,3,1,1,1,0,1,30,1,2,1,0,0,1,34.0,,deux_roues,,1,2,1,1,6
202300034732,2023-10-11 10:40:00,2023,10,11,10,40,41,41018,CURIE (RUE PIERRE ET MARIE),47.59519,1.31794,Plein jour,Hors agglomération,Hors intersection,Normale,Autre collision,4,2,2,0,1,1,1,6,1,30,1,2,1,0,0,1,78.0,,voiture,,1,1,1,1,6
202300034733,2023-09-04 16:35:00,2023,9,4,16,35,62,62033,D917,50.46051937,2.89213228,Plein jour,En agglomération,Hors intersection,Normale,Deux véhicules - arrière,3,2,2,0,1,1,1,0,1,50,2,2,1,0,1,0,34.0,19.0,voiture,deux_roues,1,2,1,1,2
202300034734,2023-09-04 15:05:00,2023,9,4,15,5,62,62498,Rue du Lyonnais,50.44192674,2.79521817,Plein jour,En agglomération,Intersection en X,Normale,Autre collision,4,2,2,0,1,1,1,5,3,50,1,2,0,1,1,0,57.0,,voiture,,1,2,2,1,6
202300034734,2023-09-04 15:05:00,2023,9,4,15,5,62,62498,Rue du Lyonnais,50.44192674,2.79521817,Plein jour,En agglomération,Intersection en X,Normale,Autre collision,4,2,2,0,1,1,1,5,4,50,1,2,0,1,1,0,57.0,,voiture,,1,2,2,1,6
202300034735,2023-09-05 15:30:00,2023,9,5,15,30,62,62041,Route de Bapaume,50.2764,2.7826,Plein jour,En agglomération,Autre intersection,Normale,Deux véhicules - côté,4,2,2,0,1,1,1,0,1,50,2,2,1,0,0,1,24.0,53.0,utilitaire_camion,deux_roues,1,2,9,1,3
202300034736,2023-10-10 17:10:00,2023,10,10,17,10,35,35051,MOTTES (RUE DES GRANDES),48.12478551,-1.61260039,Plein jour,En agglomération,Giratoire,Normale,Deux véhicules - côté,4,2,2,0,1,2,1,0,1,30,2,3,2,0,0,1,15.0,39.0,deux_roues,voiture,1,2,6,1,3
202300034736,2023-10-10 17:10:00,2023,10,10,17,10,35,35051,MOTTES (RUE DES GRANDES),48.12478551,-1.61260039,Plein jour,En agglomération,Giratoire,Normale,Deux véhicules - côté,4,2,2,0,1,2,1,0,1,30,2,3,2,0,0,1,15.0,39.0,deux_roues,voiture,1,2,6,1,3
202300034737,2023-09-05 12:36:00,2023,9,5,12,36,60,60057,Avenue Marcel Dassault,49.44516,2.0935,Plein jour,En agglomération,Autre intersection,Normale,Trois véhicules et plus - en chaîne,4,2,2,0,1,1,1,0,1,50,3,3,2,0,0,1,43.0,25.0,voiture,voiture,1,2,9,1,4
202300034738,2023-10-11 09:15:00,2023,10,11,9,15,25,25462,GRENIER DOCTEUR,46.90159,6.35057,Plein jour,En agglomération,Intersection en T,Normale,Autre collision,2,1,1,0,1,1,1,0,1,50,1,2,1,0,0,1,49.0,,voiture,,1,2,3,1,6
202300034738,2023-10-11 09:15:00,2023,10,11,9,15,25,25462,GRENIER DOCTEUR,46.90159,6.35057,Plein jour,En agglomération,Intersection en T,Normale,Autre collision,2,2,2,1,1,1,1,0,8,50,1,2,1,0,0,1,49.0,,voiture,,1,2,3,1,6
202300034739,2023-09-05 14:45:00,2023,9,5,14,45,59,59346,CHANZY RUE,50.61181,3.12346,Plein jour,En agglomération,Giratoire,Temps éblouissant,Deux véhicules - côté,7,-1,0,1,1,1,1,5,1,50,2,2,1,0,0,1,31.0,42.0,deux_roues,voiture,1,2,6,7,3
202300034740,2023-10-11 14:45:00,2023,10,11,14,45,25,25388,DE LATTRE DE TASSIGNY (AVENUE DU MARECHA,47.51146,6.79616,Plein jour,En agglomération,Hors intersection,Normale,Autre collision,4,1,3,0,1,1,1,0,1,50,1,2,1,0,0,1,25.0,,voiture,,1,2,1,1,6
202300034741,2023-09-04 09:50:00,2023,9,4,9,50,57,57591,CD181,49.23997,6.1076,Plein jour,Hors agglomération,Hors intersection,Normale,Sans collision,3,2,1,0,1,2,1,0,1,50,1,1,0,0,0,1,40.0,,utilitaire_camion,,1,1,1,1,7
202300034742,2023-09-05 02:30:00,2023,9,5,2,30,56,56121,APPERT (RUE  NICOLAS ),47.74639,-3.390823,Nuit sans éclairage public,En agglomération,Hors intersection,Normale,Autre collision,4,2,2,0,1,1,1,0,4,30,1,1,0,0,0,1,17.0,,deux_roues,,3,2,1,1,6
202300034743,2023-08-01 14:15:00,2023,8,1,14,15,71,71263,Route de Lusigny,46.625974,5.166074,Plein jour,Hors agglomération,Intersection en T,Normale,Deux véhicules - côté,3,2,2,0,2,1,1,0,1,90,2,3,0,1,0,2,39.0,48.0,deux_roues,autre,1,1,3,1,3
202300034743,2023-08-01 14:15:00,2023,8,1,14,15,71,71263,Route de Lusigny,46.625974,5.166074,Plein jour,Hors agglomération,Intersection en T,Normale,Deux véhicules - côté,3,-1, -1,0,1,1,1,0,8,-1,2,3,0,1,0,2,39.0,48.0,deux_roues,autre,1,1,3,1,3
202300034744,2023-09-05 18:15:00,2023,9,5,18,15,54,54273,Rue Clément Humbert,49.15993,5.8831,Plein jour,En agglomération,Hors intersection,Normale,Autre collision,4,2,1,0,1,1,1,9,1,30,1,2,1,0,0,1,,,voiture,,1,2,1,1,6
202300034745,2023-08-19 13:15:00,2023,8,19,13,15,06,06105,D2085,43.658201,7.074112,Plein jour,Hors agglomération,Hors intersection,Normale,Deux véhicules - frontale,3,2,2,0,2,1,1,0,1,80,2,5,1,1,0,3,49.0,43.0,transport_commun,voiture,1,1,1,1,1
202300034746,2023-09-03 20:09:00,2023,9,3,20,9,52,52121,RD 200,48.13079,5.13275,Plein jour,Hors agglomération,Hors intersection,Normale,Deux véhicules - frontale,3,2,2,0,1,1,1,3,1,90,2,3,2,0,0,1,54.0,75.0,voiture,voiture,1,1,1,1,1
202300034747,2023-12-12 12:20:00,2023,12,12,12,20,976,97611,cavani-Rond point du Stade,-12.78431,45.223,Plein jour,En agglomération,Hors intersection,Normale,Autre collision,4,2,2,0,1,1,1,0,1,50,1,2,1,0,0,1,36.0,,voiture,,1,2,1,1,6
202300034748,2023-09-04 21:05:00,2023,9,4,21,5,51,51454,WILSON (BOULEVARD DU PRESIDENT) COTE PAI,49.23489,4.02827,Nuit avec éclairage allumé,En agglomération,Intersection en X,Normale,Deux véhicules - côté,4,2,2,0,1,1,1,0,1,50,2,2,1,0,0,1,36.0,55.0,utilitaire_camion,utilitaire_camion,5,2,2,1,3
202300034748,2023-09-04 21:05:00,2023,9,4,21,5,51,51454,WILSON (BOULEVARD DU PRESIDENT) COTE PAI,49.23489,4.02827,Nuit avec éclairage allumé,En agglomération,Intersection en X,Normale,Deux véhicules - côté,4,1,1,0,2,1,1,0,1,50,2,2,1,0,0,1,36.0,55.0,utilitaire_camion,utilitaire_camion,5,2,2,1,3
202300034748,2023-09-04 21:05:00,2023,9,4,21,5,51,51454,WILSON (BOULEVARD DU PRESIDENT) COTE PAI,49.23489,4.02827,Nuit avec éclairage allumé,En agglomération,Intersection en X,Normale,Deux véhicules - côté,4,2,2,0,2,1,1,0,1,50,2,2,1,0,0,1,36.0,55.0,utilitaire_camion,utilitaire_camion,5,2,2,1,3
202300034748,2023-09-04 21:05:00,2023,9,4,21,5,51,51454,WILSON (BOULEVARD DU PRESIDENT) COTE PAI,49.23489,4.02827,Nuit avec éclairage allumé,En agglomération,Intersection en X,Normale,Deux véhicules - côté,4,2,2,0,1,1,1,0,1,50,2,2,1,0,0,1,36.0,55.0,utilitaire_camion,utilitaire_camion,5,2,2,1,3
202300034749,2023-09-04 19:15:00,2023,9,4,19,15,51,51454,LAON (AVENUE) DU N°343 AU 469 ET DU N° 3,49.28076,4.01308,Plein jour,En agglomération,Hors intersection,Normale,Autre collision,4,2,2,2,1,1,1,0,8,50,1,3,2,0,0,1,50.0,,voiture,,1,2,1,1,6
202300034750,2023-12-12 07:15:00,2023,12,12,7,15,974,97416,RN1 (ROUTE NATIONALE),-21.31135,55.43575,Plein jour,Hors agglomération,Hors intersection,Normale,Trois véhicules et plus - en chaîne,2,1,4,0,1,1,1,0,1,110,3,7,6,0,0,1,66.0,53.0,voiture,voiture,1,1,1,1,4
202300034751,2023-09-04 20:50:00,2023,9,4,20,50,49,49099,GODINIERE (BOULEVARD DE LA),47.072457,-0.922554,Crépuscule ou aube,Hors agglomération,Hors intersection,Normale,Autre collision,3,2,2,0,1,4,1,0,3,90,1,1,0,0,1,0,18.0,,voiture,,2,1,1,1,6
202300034752,2023-09-04 16:08:00,2023,9,4,16,8,49,49007,PASTEUR AVENUE,47.47649,-0.53304,Plein jour,En agglomération,Hors intersection,Temps éblouissant,Autre collision,4,2,2,0,1,1,1,0,1,50,1,2,0,0,0,2,16.0,,deux_roues,,1,2,1,7,6
202300034753,2023-12-11 15:35:00,2023,12,11,15,35,973,97302,CABASSOU (ROUTE DE),4.91174,-52.30813,Plein jour,En agglomération,Hors intersection,Normale,Trois véhicules et plus - collisions multiples,3,2,2,0,1,1,1,0,1,50,3,3,1,0,0,2,33.0,41.0,voiture,utilitaire_camion,1,2,1,1,5
202300034754,2023-12-10 22:30:00,2023,12,10,22,30,973,97302,ROUTE NATIONALE 1,4.92274309,-52.32967615,Nuit avec éclairage allumé,Hors agglomération,Hors intersection,Normale,Sans collision,2,3,2,0,1,4,1,0,1,90,1,1,0,0,0,1,40.0,,deux_roues,,5,1,1,1,7
202300034755,2023-09-05 20:40:00,2023,9,5,20,40,47,47001,LUXEMBOURG (AV. MAURICE),44.19934,0.62167,Crépuscule ou aube,En agglomération,Intersection en X,Normale,Trois véhicules et plus - collisions multiples,3,2,2,0,1,1,1,0,1,30,3,4,3,0,0,1,20.0,75.0,voiture,voiture,2,2,2,1,5
202300034755,2023-09-05 20:40:00,2023,9,5,20,40,47,47001,LUXEMBOURG (AV. MAURICE),44.19934,0.62167,Crépuscule ou aube,En agglomération,Intersection en X,Normale,Trois véhicules et plus - collisions multiples,3,2,2,0,1,1,1,0,1,30,3,4,3,0,0,1,20.0,75.0,voiture,voiture,2,2,2,1,5
202300034756,2023-12-12 22:52:00,2023,12,12,22,52,69,69383,Rue de la Villette,45.76152076,4.86173222,Nuit avec éclairage allumé,En agglomération,Hors intersection,Normale,Autre collision,4,2,5,3,2,1,2,2,1,50,1,2,1,0,0,1,,,utilitaire_camion,,5,2,1,1,6
202300034757,2023-09-05 12:05:00,2023,9,5,12,5,45,45234,Avenue Roger Secrétain,47.88555,1.89707,Plein jour,En agglomération,Hors intersection,Normale,Deux véhicules - côté,4,3,4,0,1,1,1,0,1,50,2,2,1,0,0,1,78.0,47.0,voiture,deux_roues,1,2,1,1,3
202300034758,2023-12-12 17:40:00,2023,12,12,17,40,972,97209,BEAUSEJOUR JAMBETTE (ROUTE),14.64355,-61.04386,Nuit avec éclairage allumé,En agglomération,Hors intersection,Pluie légère,Deux véhicules - côté,3,2,0,0,1,2,2,0,1,50,2,2,1,0,1,0,44.0,70.0,deux_roues,voiture,5,2,1,2,3
202300034759,2023-09-05 12:20:00,2023,9,5,12,20,43,43157,Place du Breuil,45.04199,3.88435,Plein jour,En agglomération,Hors intersection,Normale,Trois véhicules et plus - collisions multiples,4,2,4,0,2,1,1,0,1,50,3,3,2,0,0,1,41.0,41.0,voiture,voiture,1,2,1,1,5
202300034760,2023-12-12 20:00:00,2023,12,12,20,0,69,69381,Rue Thimonnier,45.76755464,4.82907903,Nuit avec éclairage allumé,En agglomération,Hors intersection,Pluie légère,Deux véhicules - côté,4,1,1,2,1,1,2,0,1,30,2,2,1,0,0,1,60.0,44.0,voiture,deux_roues,5,2,1,2,3