accident_id,datetime,annee,mois,jour,heure,minute,departement,commune_insee,adresse,latitude,longitude,luminosite,agglomeration,intersection,meteo,collision,catr,circ,nbv,vosp,prof,plan,surf,infra,situ,vma,nb_vehicules,nb_usagers,nb_indemnes,nb_tues,nb_blesses_hosp,nb_blesses_legers,age_cond_1,age_cond_2,veh_type_cond_1,veh_type_cond_2,lum_code,agg_code,int_code,atm_code,col_code
202300034761,2023-09-04 16:40:00,2023,9,4,16,40,43,43041,4 Avenue Charles Dupuy,45.04717,3.9259,Plein jour,En agglomération,Hors intersection,Normale,Autre collision,3,2,2,0,1,1,1,0,1,50,1,3,1,0,1,1,87.0,,voiture,,1,2,1,1,6
202300034762,2023-12-12 11:20:00,2023,12,12,11,20,69,69149,Grande Rue,45.71233885,4.80323843,Plein jour,En agglomération,Intersection en T,Pluie légère,Autre collision,7,2,2,0,2,1,2,1,3,30,1,2,1,0,0,1,25.0,,utilitaire_camion,,1,2,3,2,6
202300034762,2023-12-12 11:20:00,2023,12,12,11,20,69,69149,Grande Rue,45.71233885,4.80323843,Plein jour,En agglomération,Intersection en T,Pluie légère,Autre collision,7,1,1,0,2,1,2,0,3,-1,1,2,1,0,0,1,25.0,,utilitaire_camion,,1,2,3,2,6
202300034763,2023-09-04 15:25:00,2023,9,4,15,25,38,38185,QUAI DE FRANCE,45.1932,5.72,Plein jour,En agglomération,Hors intersection,Normale,Deux véhicules - côté,7,2,4,0,1,1,1,0,1,30,2,2,1,0,0,1,39.0,44.0,utilitaire_camion,deux_roues,1,2,1,1,3
202300034764,2023-09-05 08:25:00,2023,9,5,8,25,37,37122,GITONNIERE (RUE DE LA),47.33887,0.65371,Crépuscule ou aube,En agglomération,Hors intersection,Normale,Deux véhicules - frontale,4,2,2,0,1,1,1,0,1,50,2,2,1,0,0,1,17.0,37.0,deux_roues,voiture,2,2,1,1,1
202300034765,2023-08-09 09:42:00,2023,8,9,9,42,36,36044,4 Avenue de Tours,46.8172,1.6834,Plein jour,En agglomération,Hors intersection,Normale,Deux véhicules - arrière,4,2,2,0,1,1,1,0,1,50,2,2,1,0,0,1,30.0,55.0,deux_roues,voiture,1,2,1,1,2
202300034766,2023-12-12 07:50:00,2023,12,12,7,50,69,69034,18B Montée de la Boucle,45.78205342,4.83870893,Crépuscule ou aube,En agglomération,Hors intersection,Normale,Trois véhicules et plus - collisions multiples,4,2,3,1,4,1,1,0,1,50,6,6,5,0,0,1,54.0,26.0,voiture,voiture,2,2,1,1,5
202300034767,2023-09-05 20:00:00,2023,9,5,20,0,35,35238,SAINT-HELIER,48.10598642,-1.66653425,Crépuscule ou aube,En agglomération,Hors intersection,Normale,Deux véhicules - arrière,4,2,2,2,1,1,1,0,5,50,2,2,1,0,0,1,29.0,49.0,deux_roues,voiture,2,2,1,1,2
202300034768,2023-09-05 08:20:00,2023,9,5,8,20,34,34301,REPUBLIQUE (QUAI DE LA),43.4044,3.701,Plein jour,En agglomération,Place,Temps couvert,Autre collision,4,-1,2,0,1,1,1,0,1,50,1,2,1,0,1,0,52.0,,voiture,,1,2,7,8,6
202300034769,2023-12-12 08:00:00,2023,12,12,8,0,2B,2B120,LAGUNE (Route de la) D107,42.63846,9.4596,Plein jour,Hors agglomération,Intersection en T,Normale,Deux véhicules - côté,3,2,2,1,1,3,1,0,1,70,2,2,0,0,0,2,27.0,25.0,voiture,voiture,1,1,3,1,3
202300034769,2023-12-12 08:00:00,2023,12,12,8,0,2B,2B120,LAGUNE (Route de la) D107,42.63846,9.4596,Plein jour,Hors agglomération,Intersection en T,Normale,Deux véhicules - côté,3,2,2,3,1,1,1,0,8,30,2,2,0,0,0,2,27.0,25.0,voiture,voiture,1,1,3,1,3
202300034770,2023-09-05 19:00:00,2023,9,5,19,0,34,34172,PILORY (RUE DU),43.61668,3.82489,Plein jour,En agglomération,Hors intersection,Normale,Deux véhicules - côté,4,2,2,0,1,1,1,0,1,30,2,2,1,0,0,1,67.0,24.0,voiture,deux_roues,1,2,1,1,3
202300034771,2023-09-05 12:40:00,2023,9,5,12,40,34,34172,Avenue Léon Jouhaux,43.60763,3.82095,Plein jour,Hors agglomération,Hors intersection,Normale,Deux véhicules - frontale,3,2,2,0,1,2,1,9,1,70,2,2,1,0,1,0,72.0,38.0,voiture,utilitaire_camion,1,1,1,1,1
202300034772,2023-12-11 22:44:00,2023,12,11,22,44,95,95088,D317,48.963042,2.451137,Nuit avec éclairage allumé,En agglomération,Autre intersection,Normale,Deux véhicules - côté,3,3,5,0,1,1,2,5,1,50,2,2,1,0,0,1,21.0,50.0,voiture,voiture,5,2,9,1,3
202300034773,2023-09-04 09:40:00,2023,9,4,9,40,34,34172,LIBERTE (AVENUE DE LA,43.61165,3.82715,Plein jour,En agglomération,Hors intersection,Normale,Deux véhicules - frontale,4,2,4,0,1,1,1,0,1,50,2,2,1,0,0,1,,48.0,voiture,utilitaire_camion,1,2,1,1,1
202300034774,2023-12-07 19:20:00,2023,12,7,19,20,95,95428,THEOPHILE VACHER (RUE),48.9906016,2.32130036,Nuit sans éclairage public,En agglomération,Hors intersection,Pluie légère,Autre collision,3,2,2,0,1,1,2,0,1,50,1,2,1,0,1,0,36.0,,voiture,,3,2,1,2,6
202300034775,2023-09-06 00:40:00,2023,9,6,0,40,33,33039,Quai du Président Wilson,44.81919613,-0.53867877,Nuit avec éclairage non allumé,En agglomération,Intersection en T,Normale,Deux véhicules - côté,4,2,2,0,1,1,1,0,1,50,2,2,1,0,0,1,27.0,,deux_roues,voiture,4,2,3,1,3
202300034775,2023-09-06 00:40:00,2023,9,6,0,40,33,33039,Quai du Président Wilson,44.81919613,-0.53867877,Nuit avec éclairage non allumé,En agglomération,Intersection en T,Normale,Deux véhicules - côté,4,1,1,0,1,1,1,0,1,50,2,2,1,0,0,1,27.0,,deux_roues,voiture,4,2,3,1,3
202300034776,2023-09-05 10:40:00,2023,9,5,10,40,31,31483,SIMONE VEIL ( AVENUE),43.11298027,0.71323693,Plein jour,En agglomération,Hors intersection,Normale,Deux véhicules - côté,3,2,1,0,1,1,1,9,1,50,2,2,1,0,0,1,53.0,22.0,voiture,voiture,1,2,1,1,3
202300034777,2023-12-12 08:05:00,2023,12,12,8,5,91,91161,AV MAZARIN,48.70738,2.31139,Plein jour,En agglomération,Autre intersection,Pluie légère,Autre collision,3,2,2,0,1,1,2,6,1,50,1,2,1,0,0,1,28.0,,voiture,,1,2,9,2,6
202300034778,2023-09-05 16:35:00,2023,9,5,16,35,29,29232,Avenue de Ty Bos,47.9829719,-4.07419146,Plein jour,En agglomération,Hors intersection,Normale,Autre collision,3,2,2,0,1,1,1,9,1,50,1,2,1,0,0,1,65.0,,utilitaire_camion,,1,2,1,1,6
202300034779,2023-12-12 05:00:00,2023,12,12,5,0,91,91514,RTE NATIONALE 6,48.66552,2.51329,Nuit sans éclairage public,Hors agglomération,Hors intersection,Pluie forte,Sans collision,3,3,4,0,1,1,2,0,3,80,1,1,0,0,0,1,24.0,,voiture,,3,1,1,3,7
202300034780,2023-09-05 18:10:00,2023,9,5,18,10,27,27681,AZEMIA (BOULEVARD GEORGES),49.0801,1.48654,Plein jour,En agglomération,Intersection en X,Temps éblouissant,Deux véhicules - frontale,6,-1,0,0,1,1,1,0,1,50,2,2,1,0,0,1,15.0,84.0,deux_roues,voiture,1,2,2,7,1
202300034780,2023-09-05 18:10:00,2023,9,5,18,10,27,27681,AZEMIA (BOULEVARD GEORGES),49.0801,1.48654,Plein jour,En agglomération,Intersection en X,Temps éblouissant,Deux véhicules - frontale,6,-1,0,0,2,1,1,0,1,50,2,2,1,0,0,1,15.0,84.0,deux_roues,voiture,1,2,2,7,1
202300034781,2023-12-11 16:15:00,2023,12,11,16,15,91,91228,RUE DESCARTES,48.63421,2.4371,Plein jour,En agglomération,Hors intersection,Normale,Autre collision,4,2,2,0,2,1,1,0,1,50,1,2,1,0,0,1,28.0,,voiture,,1,2,1,1,6
202300034782,2023-09-05 14:35:00,2023,9,5,14,35,22,22187,RN12,48.54619,-2.78111,Plein jour,En agglomération,Hors intersection,Normale,Sans collision,2,2,4,0,1,1,1,0,3,110,1,2,0,0,0,2,46.0,,utilitaire_camion,,1,2,1,1,7
202300034783,2023-12-11 07:08:00,2023,12,11,7,8,87,87085,PRE SAINT YRIEIX ( ROUTE DU),45.79723,1.25592,Nuit sans éclairage public,Hors agglomération,Hors intersection,Pluie légère,Sans collision,4,2,2,0,1,1,4,0,1,80,1,1,0,0,0,1,25.0,,deux_roues,,3,1,1,2,7
202300034784,2023-09-04 08:57:00,2023,9,4,8,57,22,22278,WALDECK-ROUSSEAU (BD ET PT),48.5089,-2.7578,Plein jour,En agglomération,Hors intersection,Normale,Autre collision,4,2,2,0,1,1,1,0,1,30,1,2,1,0,1,0,40.0,,voiture,,1,2,1,1,6
202300034785,2023-12-11 08:15:00,2023,12,11,8,15,83,83129,PONT FARAULT (TRAVERSE DU),43.0941896,5.8362194,Plein jour,En agglomération,Hors intersection,Normale,Autre collision,4,2,1,0,1,1,1,0,1,30,2,2,1,0,0,1,11.0,20.0,deux_roues,voiture,1,2,1,1,6
202300034786,2023-09-05 18:00:00,2023,9,5,18,0,17,17415,DE GAULLE COURS CHARLES,45.742376,-0.626195,Plein jour,En agglomération,Intersection en T,Normale,Deux véhicules - côté,4,2,2,0,1,1,1,0,1,50,2,2,1,0,0,1,72.0,77.0,deux_roues,voiture,1,2,3,1,3
202300034786,2023-09-05 18:00:00,2023,9,5,18,0,17,17415,DE GAULLE COURS CHARLES,45.742376,-0.626195,Plein jour,En agglomération,Intersection en T,Normale,Deux véhicules - côté,4,3,2,0,1,1,1,0,1,50,2,2,1,0,0,1,72.0,77.0,deux_roues,voiture,1,2,3,1,3
202300034787,2023-12-12 18:00:00,2023,12,12,18,0,81,81065,LAUTREC RD 83 (RTE DE),43.6638,2.17467,Nuit sans éclairage public,Hors agglomération,Hors intersection,Temps couvert,Deux véhicules - côté,3,2,2,0,1,1,1,0,1,80,2,2,1,0,1,0,57.0,30.0,voiture,utilitaire_camion,3,1,1,8,3
202300034788,2023-09-05 22:00:00,2023,9,5,22,0,13,13215,MADRAGUE VILLE (chemin de la),43.33239,5.35908,Nuit avec éclairage allumé,En agglomération,Hors intersection,Normale,Deux véhicules - arrière,4,2,2,0,1,1,1,0,1,50,2,3,1,0,0,2,44.0,40.0,voiture,voiture,5,2,1,1,2
202300034789,2023-10-06 21:03:00,2023,10,6,21,3,78,78545,CURIE (AVENUE PIERRE),48.798232,2.064249,Nuit avec éclairage allumé,En agglomération,Hors intersection,Normale,Autre collision,3,3,2,0,2,1,1,0,1,50,1,2,1,0,0,1,23.0,,voiture,,5,2,1,1,6
202300034790,2023-09-05 13:10:00,2023,9,5,13,10,13,13075,PAUL SIRVENT (AVE),43.34325,5.46753,Plein jour,En agglomération,Autre intersection,Normale,Deux véhicules - côté,4,2,2,1,2,1,1,0,5,50,2,3,2,0,0,1,28.0,38.0,voiture,deux_roues,1,2,9,1,3
202300034791,2023-09-04 15:23:00,2023,9,4,15,23,10,10387,CHARMILLES (MAIL DES),48.30158747,4.08728555,Plein jour,En agglomération,Hors intersection,Normale,Autre collision,4,-1,2,0,1,1,1,0,1,30,1,2,1,0,0,1,68.0,,voiture,,1,2,1,1,6
202300034792,2023-09-04 18:40:00,2023,9,4,18,40,07,07281,CASSIN (RUE RENE),44.94881,4.84082,Plein jour,En agglomération,Autre intersection,Normale,Autre collision,4,-1,0,3,2,1,1,9,6,-1,1,2,1,0,0,1,15.0,,deux_roues,,1,2,9,1,6
202300034793,2023-12-11 17:35:00,2023,12,11,17,35,78,78238,CD 14,48.97721,1.88411,Nuit avec éclairage allumé,Hors agglomération,Intersection en T,Normale,Trois véhicules et plus - en chaîne,3,-1,1,0,1,1,2,0,1,70,3,4,2,0,0,2,26.0,45.0,voiture,voiture,5,1,3,1,4
202300034793,2023-12-11 17:35:00,2023,12,11,17,35,78,78238,CD 14,48.97721,1.88411,Nuit avec éclairage allumé,Hors agglomération,Intersection en T,Normale,Trois véhicules et plus - en chaîne,3,2, -1,-1,1,1,2,0,1,-1,3,4,2,0,0,2,26.0,45.0,voiture,voiture,5,1,3,1,4
202300034794,2023-09-05 16:21:00,2023,9,5,16,21,06,06088,QUINZIEME CORPS (AV. DU),43.70739,7.28021,Plein jour,En agglomération,Hors intersection,Normale,Autre collision,4,1,2,0,1,1,1,0,1,50,1,6,0,0,0,6,68.0,,deux_roues,,1,2,1,1,6
202300034795,2023-09-05 12:20:00,2023,9,5,12,20,06,06027,GARE AVENUE DE LA,43.661049,7.148878,Plein jour,En agglomération,Hors intersection,Normale,Deux véhicules - frontale,7,2,2,0,1,1,1,0,1,50,2,2,1,0,0,1,15.0,50.0,deux_roues,transport_commun,1,2,1,1,1
202300034796,2023-10-10 08:30:00,2023,10,10,8,30,77,77316,RUE GRANDE à EPISY,48.334275,2.786695,Plein jour,En agglomération,Intersection en X,Normale,Deux véhicules - côté,3,2,2,0,1,1,1,0,1,30,1,2,1,0,0,1,20.0,,voiture,,1,2,2,1,3
202300034796,2023-10-10 08:30:00,2023,10,10,8,30,77,77316,RUE GRANDE à EPISY,48.334275,2.786695,Plein jour,En agglomération,Intersection en X,Normale,Deux véhicules - côté,3,2,2,0,1,1,9,0,1,30,1,2,1,0,0,1,20.0,,voiture,,1,2,2,1,3
202300034797,2023-09-03 01:38:00,2023,9,3,1,38,06,06155,LIBERTE AV.DE LA,43.571802,7.083772,Nuit avec éclairage allumé,En agglomération,Autre intersection,Normale,Deux véhicules - frontale,3,2,2,0,1,1,1,0,1,50,2,2,1,0,1,0,22.0,31.0,voiture,deux_roues,5,2,9,1,1
202300034798,2023-09-04 21:20:00,2023,9,4,21,20,04,04112,SAUNERIE (PORTE),43.83166,5.78412,Nuit avec éclairage non allumé,En agglomération,Autre intersection,Normale,Autre collision,4,1,1,0,1,1,1,0,8,30,1,2,1,0,0,1,19.0,,voiture,,4,2,9,1,6
202300034799,2023-12-12 14:50:00,2023,12,12,14,50,77,77268,D344,48.8672,2.80763,Plein jour,En agglomération,Intersection en T,Pluie forte,Deux véhicules - côté,3,3,2,0,1,1,2,0,1,50,2,3,2,0,0,1,25.0,39.0,voiture,voiture,1,2,3,3,3
202300034799,2023-12-12 14:50:00,2023,12,12,14,50,77,77268,D344,48.8672,2.80763,Plein jour,En agglomération,Intersection en T,Pluie forte,Deux véhicules - côté,3,2,2,0,1,1,2,0,1,50,2,3,2,0,0,1,25.0,39.0,voiture,voiture,1,2,3,3,3
202300034800,2023-09-05 14:10:00,2023,9,5,14,10,02,02408,27 Rue Pierre Curtil,49.56702,3.64421,Plein jour,En agglomération,Hors intersection,Normale,Deux véhicules - arrière,4,2,2,0,1,1,1,0,1,50,2,2,1,0,0,1,22.0,18.0,voiture,deux_roues,1,2,1,1,2
202300034801,2023-12-12 14:20:00,2023,12,12,14,20,76,76540,Rue Ledru Rollin,49.42596,1.09331,Plein jour,En agglomération,Intersection en X,Normale,Autre collision,4,2,2,0,1,1,1,0,1,50,1,2,1,0,0,1,60.0,,voiture,,1,2,2,1,6
202300034801,2023-12-12 14:20:00,2023,12,12,14,20,76,76540,Rue Ledru Rollin,49.42596,1.09331,Plein jour,En agglomération,Intersection en X,Normale,Autre collision,4,2,3,0,1,1,1,0,1,50,1,2,1,0,0,1,60.0,,voiture,,1,2,2,1,6
202300034802,2023-09-04 12:30:00,2023,9,4,12,30,75,75112,PORTE DE VINCENNES,48.844933,2.41426,Plein jour,En agglomération,Hors intersection,Normale,Trois véhicules et plus - en chaîne,4,1,4,0,1,1,1,0,1,70,3,6,2,0,0,4,47.0,32.0,voiture,voiture,1,2,1,1,4
202300034803,2023-08-14 08:00:00,2023,8,14,8,0,76,76540,BRISOUT DE BARNEVILLE. RUE,49.43467,1.08025,Plein jour,En agglomération,Hors intersection,Normale,Sans collision,4,2,2,0,1,1,1,0,3,50,1,1,0,0,0,1,46.0,,voiture,,1,2,1,1,7
202300034804,2023-09-05 08:15:00,2023,9,5,8,15,75,75119,BOULEVARD MACDONALD,48.898623,2.378182,Plein jour,En agglomération,Hors intersection,Normale,Autre collision,4,2,2,1,1,1,1,0,1,50,1,1,0,0,0,1,44.0,,voiture,,1,2,1,1,6
202300034805,2023-12-11 16:40:00,2023,12,11,16,40,72,72181,MAC JEAN (AV) N° PAIRS 308 ET plus,47.97755,0.23048,Crépuscule ou aube,En agglomération,Autre intersection,Pluie légère,Deux véhicules - côté,4,2,2,2,1,1,2,0,1,50,2,3,1,0,1,1,44.0,16.0,voiture,deux_roues,2,2,9,2,3
202300034806,2023-09-05 17:45:00,2023,9,5,17,45,75,75118,RUE DE LA CHAPELLE,48.89202,2.359882,Plein jour,En agglomération,Intersection en T,Normale,Deux véhicules - côté,4,-1, -1,-1,1,1,1,0,1,30,2,3,2,0,0,1,47.0,23.0,transport_commun,deux_roues,1,2,3,1,3
202300034806,2023-09-05 17:45:00,2023,9,5,17,45,75,75118,RUE DE LA CHAPELLE,48.89202,2.359882,Plein jour,En agglomération,Intersection en T,Normale,Deux véhicules - côté,4,-1,2,0,1,1,1,0,1,30,2,3,2,0,0,1,47.0,23.0,transport_commun,deux_roues,1,2,3,1,3
202300034807,2023-09-05 14:20:00,2023,9,5,14,20,75,75118,RUE VERSIGNY,48.894609,2.344457,Plein jour,En agglomération,Intersection en X,Normale,Autre collision,4,1,1,0,1,1,1,0,1,30,1,2,1,0,0,1,69.0,,utilitaire_camion,,1,2,2,1,6
202300034807,2023-09-05 14:20:00,2023,9,5,14,20,75,75118,RUE VERSIGNY,48.894609,2.344457,Plein jour,En agglomération,Intersection en X,Normale,Autre collision,4,1,1,0,1,1,1,0,1,30,1,2,1,0,0,1,69.0,,utilitaire_camion,,1,2,2,1,6
202300034808,2023-12-12 17:30:00,2023,12,12,17,30,69,69282,Avenue des Plantées,45.76444,5.01153,Nuit sans éclairage public,En agglomération,Hors intersection,Pluie forte,Autre collision,4,2,2,0,1,1,2,0,1,50,1,2,1,0,0,1,37.0,,voiture,,3,2,1,3,6
202300034809,2023-09-05 12:00:00,2023,9,5,12,0,75,75118,AVENUE DE LA PORTE DE SAINT OUEN,48.899158,2.329775,Plein jour,En agglomération,Intersection en T,Normale,Autre collision,4,-1,2,1,1,1,1,0,1,50,1,2,1,0,0,1,31.0,,deux_roues,,1,2,3,1,6
202300034809,2023-09-05 12:00:00,2023,9,5,12,0,75,75118,AVENUE DE LA PORTE DE SAINT OUEN,48.899158,2.329775,Plein jour,En agglomération,Intersection en T,Normale,Autre collision,4,-1, -1,-1,1,1,1,0,1,50,1,2,1,0,0,1,31.0,,deux_roues,,1,2,3,1,6
202300034810,2023-12-12 19:10:00,2023,12,12,19,10,69,69264,Rue Francois Meunier Vial,45.99836207,4.73396167,Nuit avec éclairage allumé,En agglomération,Autre intersection,Pluie légère,Deux véhicules - frontale,3,2,2,0,1,3,2,9,1,50,2,2,1,0,0,1,19.0,37.0,deux_roues,utilitaire_camion,5,2,9,2,1
202300034811,2023-09-05 09:40:00,2023,9,5,9,40,75,75116,AVENUE MOZART,48.857309,2.273022,Plein jour,En agglomération,Intersection en X,Normale,Deux véhicules - côté,4,-1,2,0,1,1,1,0,1,30,2,2,1,0,0,1,36.0,30.0,deux_roues,voiture,1,2,2,1,3
202300034811,2023-09-05 09:40:00,2023,9,5,9,40,75,75116,AVENUE MOZART,48.857309,2.273022,Plein jour,En agglomération,Intersection en X,Normale,Deux véhicules - côté,4,-1, -1,0,1,1,1,0,1,30,2,2,1,0,0,1,36.0,30.0,deux_roues,voiture,1,2,2,1,3
202300034812,2023-12-11 12:40:00,2023,12,11,12,40,69,69259,Rue Auguste Blanqui,45.70175,4.87446,Plein jour,En agglomération,Intersection en T,Normale,Deux véhicules - frontale,4,2,2,0,1,1,1,0,1,50,2,3,2,0,0,1,,48.0,voiture,voiture,1,2,3,1,1
202300034812,2023-12-11 12:40:00,2023,12,11,12,40,69,69259,Rue Auguste Blanqui,45.70175,4.87446,Plein jour,En agglomération,Intersection en T,Normale,Deux véhicules - frontale,4,2,2,0,2,1,1,0,1,50,2,3,2,0,0,1,,48.0,voiture,voiture,1,2,3,1,1
202300034813,2023-12-11 11:10:00,2023,12,11,11,10,69,69029,Avenue Franklin Roosevelt,45.73384,4.90775,Plein jour,En agglomération,Passage à niveau,Pluie légère,Deux véhicules - arrière,4,2,2,3,1,1,2,4,6,50,2,5,2,0,0,3,38.0,43.0,voiture,transport_commun,1,2,8,2,2
202300034814,2023-12-12 23:53:00,2023,12,12,23,53,67,67482,HAGUENAU (PLACE DE),48.59169,7.74176,Nuit avec éclairage allumé,En agglomération,Giratoire,Normale,Autre collision,4,2,2,0,1,1,2,9,8,50,1,4,1,0,1,2,25.0,,utilitaire_camion,,5,2,6,1,6
202300034814,2023-12-12 23:53:00,2023,12,12,23,53,67,67482,HAGUENAU (PLACE DE),48.59169,7.74176,Nuit avec éclairage allumé,En agglomération,Giratoire,Normale,Autre collision,4,1,4,0,1,2,2,0,4,50,1,4,1,0,1,2,25.0,,utilitaire_camion,,5,2,6,1,6
202300034815,2023-12-12 20:43:00,2023,12,12,20,43,67,67218,CEINTURE (RUE DE LA),48.5237,7.72509,Nuit avec éclairage allumé,En agglomération,Giratoire,Pluie légère,Sans collision,4,2,2,1,1,1,2,0,5,50,1,1,0,0,0,1,42.0,,voiture,,5,2,6,2,7
202300034816,2023-12-12 16:45:00,2023,12,12,16,45,67,67482,SCHIRMECK (ROUTE DE),48.57328,7.71869,Nuit avec éclairage allumé,En agglomération,Hors intersection,Pluie légère,Autre collision,4,2,4,3,1,1,2,0,1,50,1,3,1,0,0,2,41.0,,voiture,,5,2,1,2,6
202300034817,2023-12-11 14:40:00,2023,12,11,14,40,67,67482,RHIN (AVENUE DU),48.57146,7.77034,Plein jour,En agglomération,Intersection en T,Temps couvert,Deux véhicules - côté,4,2,5,1,1,1,1,5,1,50,2,3,2,0,0,1,77.0,35.0,voiture,voiture,1,2,3,8,3
202300034817,2023-12-11 14:40:00,2023,12,11,14,40,67,67482,RHIN (AVENUE DU),48.57146,7.77034,Plein jour,En agglomération,Intersection en T,Temps couvert,Deux véhicules - côté,4,3,7,1,1,1,1,5,1,50,2,3,2,0,0,1,77.0,35.0,voiture,voiture,1,2,3,8,3
202300034818,2023-12-12 17:35:00,2023,12,12,17,35,64,64445,COPERNIC,43.32348659,-0.32586694,Nuit avec éclairage allumé,Hors agglomération,Giratoire,Pluie légère,Deux véhicules - côté,4,2,2,0,1,2,2,0,1,50,2,2,1,0,0,1,23.0,41.0,voiture,deux_roues,5,1,6,2,3
202300034818,2023-12-12 17:35:00,2023,12,12,17,35,64,64445,COPERNIC,43.32348659,-0.32586694,Nuit avec éclairage allumé,Hors agglomération,Giratoire,Pluie légère,Deux véhicules - côté,4,2,0,0,1,2,2,0,1,50,2,2,1,0,0,1,23.0,41.0,voiture,deux_roues,5,1,6,2,3
202300034819,2023-12-12 10:10:00,2023,12,12,10,10,64,64445,CATHERINE DE BOURBON,43.31888,-0.35994,Plein jour,En agglomération,Giratoire,Normale,Deux véhicules - côté,4,1,2,3,1,1,1,0,6,50,2,4,2,0,0,2,51.0,44.0,voiture,transport_commun,1,2,6,1,3
202300034819,2023-12-12 10:10:00,2023,12,12,10,10,64,64445,CATHERINE DE BOURBON,43.31888,-0.35994,Plein jour,En agglomération,Giratoire,Normale,Deux véhicules - côté,4,1,2,0,1,1,1,0,8,50,2,4,2,0,0,2,51.0,44.0,voiture,transport_commun,1,2,6,1,3
202300034820,2023-10-11 09:20:00,2023,10,11,9,20,64,64024,ESPAGNE (AVENUE D'),43.47919,-1.52023,Plein jour,En agglomération,Hors intersection,Normale,Sans collision,3,2,2,0,1,1,1,0,1,50,1,1,0,0,0,1,16.0,,deux_roues,,1,2,1,1,7
202300034821,2023-10-10 20:48:00,2023,10,10,20,48,64,64102,PIECE NOYEE (ROND POINT DE LA),43.49958,-1.48177,Nuit avec éclairage allumé,En agglomération,Hors intersection,Normale,Sans collision,4,2,2,3,1,3,8,0,1,50,1,1,0,0,0,1,47.0,,deux_roues,,5,2,1,1,7
202300034822,2023-10-10 11:00:00,2023,10,10,11,0,64,64024,BARRE (Parking de la),43.52754,-1.5184,Plein jour,Hors agglomération,Autre intersection,Normale,Sans collision,5,-1,0,1,1,1,1,0,3,-1,1,1,0,0,1,0,66.0,,deux_roues,,1,1,9,1,7
202300034823,2023-12-12 16:45:00,2023,12,12,16,45,63,63032,MONT-DORE (AVENUE DU),45.75233,3.08224,Nuit avec éclairage allumé,En agglomération,Hors intersection,Pluie légère,Deux véhicules - côté,4,-1,3,1,2,1,2,0,5,50,2,2,1,0,0,1,53.0,19.0,voiture,deux_roues,5,2,1,2,3
202300034824,2023-12-11 16:35:00,2023,12,11,16,35,62,62765,Boulevard Vauban,50.74548,2.25308,Plein jour,En agglomération,Hors intersection,Normale,Autre collision,4,2,3,0,1,1,1,0,1,50,1,2,1,0,1,0,64.0,,voiture,,1,2,1,1,6
202300034825,2023-12-11 15:20:00,2023,12,11,15,20,62,62510,Rue Marie Lietard,50.4204,2.77273,Plein jour,En agglomération,Intersection en T,Normale,Autre collision,4,3,2,0,1,1,1,0,1,50,1,2,1,0,0,1,23.0,,voiture,,1,2,3,1,6
202300034825,2023-12-11 15:20:00,2023,12,11,15,20,62,62510,Rue Marie Lietard,50.4204,2.77273,Plein jour,En agglomération,Intersection en T,Normale,Autre collision,4,1,1,0,1,1,1,0,1,50,1,2,1,0,0,1,23.0,,voiture,,1,2,3,1,6
202300034826,2023-12-10 20:25:00,2023,12,10,20,25,62,62573,RD165,50.49534,2.91219,Nuit sans éclairage public,Hors agglomération,Hors intersection,Pluie légère,Deux véhicules - arrière,3,2,2,0,1,1,2,0,3,80,2,2,1,1,0,0,33.0,36.0,utilitaire_camion,deux_roues,3,1,1,2,2
202300034827,2023-12-09 04:40:00,2023,12,9,4,40,60,60382,Rue de la République,49.42905,2.82309,Nuit sans éclairage public,En agglomération,Hors intersection,Temps couvert,Autre collision,4,2,2,0,1,1,2,0,1,30,1,2,1,1,0,0,22.0,,voiture,,3,2,1,8,6
202300034828,2023-12-12 19:25:00,2023,12,12,19,25,59,59163,DUQUENIERE (RUE DE LA),50.67819,3.15511,Nuit avec éclairage allumé,En agglomération,Intersection en T,Pluie légère,Sans collision,4,2,2,2,1,1,2,6,6,50,2,2,1,0,1,0,48.0,58.0,deux_roues,voiture,5,2,3,2,7
202300034828,2023-12-12 19:25:00,2023,12,12,19,25,59,59163,DUQUENIERE (RUE DE LA),50.67819,3.15511,Nuit avec éclairage allumé,En agglomération,Intersection en T,Pluie légère,Sans collision,4,2,2,1,1,1,2,6,5,30,2,2,1,0,1,0,48.0,58.0,deux_roues,voiture,5,2,3,2,7
202300034829,2023-12-11 13:00:00,2023,12,11,13,0,59,59560,LILLE ROUTE DE,50.5586,3.03474,Plein jour,En agglomération,Hors intersection,Normale,Autre collision,6,-1, -1,0,1,1,1,9,8,30,1,2,1,0,0,1,48.0,,voiture,,1,2,1,1,6
202300034830,2023-12-12 18:25:00,2023,12,12,18,25,59,59183,RD 601,51.02594,2.35435,Nuit avec éclairage allumé,En agglomération,Hors intersection,Pluie forte,Autre collision,3,3,4,0,1,1,2,6,8,50,1,2,1,0,1,0,22.0,,autre,,5,2,1,3,6
202300034831,2023-12-12 08:00:00,2023,12,12,8,0,58,58194,TREIZIEME DE LIGNE,46.99225,3.14532,Nuit sans éclairage public,En agglomération,Hors intersection,Pluie légère,Deux véhicules - frontale,4,2,2,0,1,1,2,0,1,30,1,2,1,0,1,0,56.0,,voiture,,3,2,1,2,1