accident_id,datetime,annee,mois,jour,heure,minute,departement,commune_insee,adresse,latitude,longitude,luminosite,agglomeration,intersection,meteo,collision,catr,circ,nbv,vosp,prof,plan,surf,infra,situ,vma,nb_vehicules,nb_usagers,nb_indemnes,nb_tues,nb_blesses_hosp,nb_blesses_legers,age_cond_1,age_cond_2,veh_type_cond_1,veh_type_cond_2,lum_code,agg_code,int_code,atm_code,col_code
202300034906,2023-10-07 05:30:00,2023,10,7,5,30,2B,2B042,Route de Cateraghju,42.570505,9.440056,Nuit sans éclairage public,En agglomération,Hors intersection,Normale,Deux véhicules - frontale,4,2,2,0,2,1,1,0,1,50,1,2,1,0,0,1,,,voiture,,3,2,1,1,1
202300034907,2023-10-07 17:45:00,2023,10,7,17,45,30,30010,1870 Route de Nimes,44.038568,3.996105,Plein jour,Hors agglomération,Hors intersection,Normale,Trois véhicules et plus - collisions multiples,3,2,2,0,1,3,1,0,1,80,3,4,3,0,0,1,57.0,53.0,voiture,voiture,1,1,1,1,5
202300034908,2023-10-04 16:00:00,2023,10,4,16,0,34,34113,Rue de la Cave Cooperative,43.502094,3.715445,Plein jour,En agglomération,Hors intersection,Normale,Autre collision,4,1,1,0,1,1,1,0,1,20,1,2,1,0,1,0,54.0,,voiture,,1,2,1,1,6
202300034909,2023-10-07 20:05:00,2023,10,7,20,5,34,34145,D61,43.662128,4.138391,Nuit sans éclairage public,Hors agglomération,Intersection en T,Normale,Deux véhicules - frontale,3,2,2,0,1,4,1,8,1,80,2,3,0,0,0,3,54.0,29.0,utilitaire_camion,voiture,3,1,3,1,1
202300034909,2023-10-07 20:05:00,2023,10,7,20,5,34,34145,D61,43.662128,4.138391,Nuit sans éclairage public,Hors agglomération,Intersection en T,Normale,Deux véhicules - frontale,3,2, -1,-1,1,4,1,8,1,-1,2,3,0,0,0,3,54.0,29.0,utilitaire_camion,voiture,3,1,3,1,1
202300034910,2023-10-06 16:40:00,2023,10,6,16,40,34,34327,N113,43.653109,3.980312,Plein jour,Hors agglomération,Hors intersection,Normale,Deux véhicules - arrière,2,3,0,0,1,1,1,0,1,70,2,2,0,0,1,1,53.0,35.0,deux_roues,voiture,1,1,1,1,2
202300034911,2023-10-07 15:10:00,2023,10,7,15,10,84,84065,Avenue Joseph Garnier,43.747312,5.3155,Plein jour,En agglomération,Hors intersection,Normale,Deux véhicules - frontale,4,2,2,0,1,1,1,0,1,30,2,3,2,0,1,0,30.0,24.0,voiture,deux_roues,1,2,1,1,1
202300034912,2023-10-07 21:00:00,2023,10,7,21,0,83,83101,D93,43.22539,6.6501,Nuit sans éclairage public,Hors agglomération,Hors intersection,Normale,Trois véhicules et plus - collisions multiples,3,2,2,0,2,1,1,0,1,70,3,5,0,1,0,4,26.0,31.0,voiture,voiture,3,1,1,1,5
202300034913,2023-10-07 07:00:00,2023,10,7,7,0,83,83065,Route Départementale 559,43.239411,6.572742,Nuit sans éclairage public,Hors agglomération,Hors intersection,Normale,Autre collision,3,2,2,0,1,1,1,0,1,70,1,2,0,1,0,1,77.0,,utilitaire_camion,,3,1,1,1,6
202300034914,2023-10-07 16:10:00,2023,10,7,16,10,83,83107,D7,43.424149,6.678556,Plein jour,Hors agglomération,Hors intersection,Normale,Trois véhicules et plus - collisions multiples,3,2,2,1,1,1,1,0,1,80,3,6,1,0,2,3,47.0,38.0,voiture,voiture,1,1,1,1,5
202300034915,2023-10-06 22:10:00,2023,10,6,22,10,06,06057,Route du Col de Nice,43.813442,7.356387,Nuit sans éclairage public,Hors agglomération,Hors intersection,Normale,Deux véhicules - côté,3,2,2,0,2,2,1,0,1,80,2,4,3,0,0,1,36.0,45.0,voiture,voiture,3,1,1,1,3
202300034916,2023-10-07 07:30:00,2023,10,7,7,30,89,89380,A19,48.072416,3.118186,Crépuscule ou aube,Hors agglomération,Hors intersection,Normale,Sans collision,1,3,2,0,1,1,1,0,3,130,1,1,0,0,1,0,60.0,,utilitaire_camion,,2,1,1,1,7
202300034917,2023-10-07 17:10:00,2023,10,7,17,10,07,07245,Rue Centrale intersection rue du colombier,45.081566,4.814544,Plein jour,En agglomération,Intersection en T,Normale,Deux véhicules - côté,3,2,2,0,1,1,1,0,1,50,2,2,1,0,0,1,69.0,57.0,voiture,deux_roues,1,2,3,1,3
202300034917,2023-10-07 17:10:00,2023,10,7,17,10,07,07245,Rue Centrale intersection rue du colombier,45.081566,4.814544,Plein jour,En agglomération,Intersection en T,Normale,Deux véhicules - côté,3,2, -1,-1,1,2,1,0,1,-1,2,2,1,0,0,1,69.0,57.0,voiture,deux_roues,1,2,3,1,3
202300034918,2023-10-06 13:40:00,2023,10,6,13,40,69,69291,Route Départementale 307,45.62786687,4.85806422,Plein jour,Hors agglomération,Autre intersection,Normale,Deux véhicules - côté,3,2,2,2,2,1,1,0,1,70,2,3,2,0,1,0,63.0,31.0,deux_roues,voiture,1,1,9,1,3
202300034919,2023-10-07 18:15:00,2023,10,7,18,15,65,65059,12 Rue du Castelmouly,43.074209,0.148085,Plein jour,En agglomération,Intersection en X,Normale,Deux véhicules - côté,3,2,2,0,1,1,1,0,1,50,2,2,0,0,0,2,81.0,74.0,voiture,voiture,1,2,2,1,3
202300034919,2023-10-07 18:15:00,2023,10,7,18,15,65,65059,12 Rue du Castelmouly,43.074209,0.148085,Plein jour,En agglomération,Intersection en X,Normale,Deux véhicules - côté,3,2, -1,-1,1,1,1,0,1,50,2,2,0,0,0,2,81.0,74.0,voiture,voiture,1,2,2,1,3
202300034920,2023-10-01 10:18:00,2023,10,1,10,18,47,47157,Lestang,44.501412,0.158945,Plein jour,En agglomération,Intersection en X,Temps éblouissant,Deux véhicules - côté,3,2,2,0,1,1,1,0,1,50,2,2,1,0,1,0,77.0,34.0,deux_roues,voiture,1,2,2,7,3
202300034920,2023-10-01 10:18:00,2023,10,1,10,18,47,47157,Lestang,44.501412,0.158945,Plein jour,En agglomération,Intersection en X,Temps éblouissant,Deux véhicules - côté,3,4,5,0,1,2,1,0,1,50,2,2,1,0,1,0,77.0,34.0,deux_roues,voiture,1,2,2,7,3
202300034921,2023-10-07 04:45:00,2023,10,7,4,45,22,22081,Rue des Ponts Neufs,48.505897,-2.613807,Nuit avec éclairage non allumé,En agglomération,Hors intersection,Normale,Deux véhicules - frontale,3,2,2,0,2,2,1,0,1,50,2,2,1,1,0,0,21.0,51.0,deux_roues,voiture,4,2,1,1,1
202300034922,2023-10-07 18:30:00,2023,10,7,18,30,22,22162,Rue Raymond Pellier,48.770301,-3.039817,Plein jour,En agglomération,Intersection en T,Normale,Deux véhicules - arrière,3,2,2,0,2,1,1,0,1,50,2,2,1,0,1,0,39.0,16.0,voiture,deux_roues,1,2,3,1,2
202300034922,2023-10-07 18:30:00,2023,10,7,18,30,22,22162,Rue Raymond Pellier,48.770301,-3.039817,Plein jour,En agglomération,Intersection en T,Normale,Deux véhicules - arrière,3,2, -1,-1,1,1,1,0,1,-1,2,2,1,0,1,0,39.0,16.0,voiture,deux_roues,1,2,3,1,2
202300034923,2023-10-07 02:25:00,2023,10,7,2,25,60,60612,Avenue du Poteau,49.217337,2.594861,Nuit avec éclairage allumé,En agglomération,Hors intersection,Normale,Autre collision,4,2,2,0,2,2,1,9,1,50,1,1,0,0,0,1,33.0,,voiture,,5,2,1,1,6
202300034924,2023-10-06 23:30:00,2023,10,6,23,30,59,59015,Rue du Bias,50.273739,3.109222,Nuit avec éclairage allumé,En agglomération,Hors intersection,Normale,Autre collision,4,2,2,0,1,1,1,0,1,50,1,2,0,0,2,0,19.0,,voiture,,5,2,1,1,6
202300034925,2023-10-06 18:23:00,2023,10,6,18,23,13,13106,A7-Sens Lyon vers Marseille,43.394,5.351,Plein jour,Hors agglomération,Autre intersection,Normale,Deux véhicules - arrière,1,1,2,3,2,1,1,0,1,90,2,2,0,0,0,2,29.0,19.0,voiture,deux_roues,1,1,9,1,2
202300034926,2023-10-06 16:00:00,2023,10,6,16,0,83,83062,A570,43.144528,6.031006,Plein jour,Hors agglomération,Hors intersection,Normale,Deux véhicules - côté,1,1,3,0,1,1,1,3,1,90,2,2,1,0,1,0,28.0,54.0,voiture,deux_roues,1,1,1,1,3
202300034927,2023-10-07 16:04:00,2023,10,7,16,4,91,91689,AUTOROUTE A6B,48.74811,2.32737,Plein jour,Hors agglomération,Hors intersection,Normale,Trois véhicules et plus - en chaîne,1,1,3,0,1,1,1,0,1,110,3,3,2,0,0,1,50.0,29.0,voiture,voiture,1,1,1,1,4
202300034928,2023-10-07 01:20:00,2023,10,7,1,20,91,91064,RN 118,48.76565,2.22994,Nuit sans éclairage public,Hors agglomération,Hors intersection,Normale,Deux véhicules - côté,2,1,3,0,1,1,1,0,1,90,2,2,1,0,0,1,31.0,60.0,utilitaire_camion,voiture,3,1,1,1,3
202300034929,2023-10-07 16:50:00,2023,10,7,16,50,92,92036,A86,48.93464218,2.28152144,Plein jour,Hors agglomération,Hors intersection,Normale,Trois véhicules et plus - en chaîne,1,1,2,0,1,1,1,0,1,90,3,3,2,0,0,1,29.0,25.0,voiture,voiture,1,1,1,1,4
202300034930,2023-10-07 10:05:00,2023,10,7,10,5,78,78297,RN12,48.78883,2.068581,Plein jour,Hors agglomération,Hors intersection,Normale,Deux véhicules - arrière,2,-1,2,0,1,1,1,0,1,110,2,2,1,0,0,1,,58.0,utilitaire_camion,voiture,1,1,1,1,2
202300034931,2023-10-07 17:10:00,2023,10,7,17,10,93,93027,AUTOROUTE A1,48.93774911,2.41208205,Plein jour,Hors agglomération,Hors intersection,Normale,Trois véhicules et plus - en chaîne,1,3,4,0,1,1,1,0,1,90,3,3,1,0,0,2,46.0,28.0,voiture,voiture,1,1,1,1,4
202300034932,2023-10-07 12:35:00,2023,10,7,12,35,95,95527,A3,48.98673234,2.50466824,Plein jour,Hors agglomération,Hors intersection,Normale,Deux véhicules - arrière,1,1,4,0,2,1,1,0,1,90,2,2,0,1,0,1,42.0,21.0,deux_roues,voiture,1,1,1,1,2
202300034933,2023-10-06 19:40:00,2023,10,6,19,40,95,95582,A15,48.97114,2.24913,Crépuscule ou aube,Hors agglomération,Hors intersection,Normale,Trois véhicules et plus - en chaîne,1,3,4,0,1,1,1,0,1,110,3,3,2,0,0,1,19.0,30.0,voiture,utilitaire_camion,2,1,1,1,4
202300034934,2023-10-06 12:40:00,2023,10,6,12,40,93,93005,AUTOROUTE A3,48.95299,2.47417,Plein jour,Hors agglomération,Hors intersection,Normale,Trois véhicules et plus - en chaîne,1,-1,2,0,1,1,1,0,8,70,4,5,1,0,1,3,21.0,67.0,utilitaire_camion,voiture,1,1,1,1,4
202300034935,2023-10-06 18:35:00,2023,10,6,18,35,93,93066,AUTOROUTE A1,48.93155,2.36974,Plein jour,Hors agglomération,Hors intersection,Normale,Deux véhicules - arrière,1,3,4,0,1,1,1,0,1,90,2,2,1,0,0,1,23.0,28.0,voiture,voiture,1,1,1,1,2
202300034936,2023-10-06 17:55:00,2023,10,6,17,55,93,93078,AUTOROUTE A104,48.96133,2.52385,Plein jour,Hors agglomération,Hors intersection,Normale,Deux véhicules - arrière,1,3,3,0,1,1,1,0,1,90,2,2,1,0,0,1,27.0,32.0,voiture,deux_roues,1,1,1,1,2
202300034937,2023-10-07 19:25:00,2023,10,7,19,25,77,77514,A104,48.947182,2.628858,Nuit avec éclairage non allumé,Hors agglomération,Hors intersection,Normale,Deux véhicules - côté,1,1,2,0,1,1,1,0,1,90,2,2,0,0,0,1,30.0,,deux_roues,voiture,4,1,1,1,3
202300034938,2023-10-06 20:10:00,2023,10,6,20,10,93,93051,A4,48.83649423,2.55041242,Nuit sans éclairage public,Hors agglomération,Hors intersection,Normale,Trois véhicules et plus - en chaîne,1,3,3,0,1,1,1,0,1,90,5,5,3,0,1,1,69.0,24.0,utilitaire_camion,voiture,3,1,1,1,4
202300034939,2023-10-06 11:41:00,2023,10,6,11,41,988,98818,RUE ROGER GERVOLINO,-22.24925,166.47021,Plein jour,En agglomération,Hors intersection,Normale,Autre collision,4,3,2,1,1,1,1,0,4,50,1,3,0,1,0,2,58.0,,transport_commun,,1,2,1,1,6
202300034940,2023-10-06 10:26:00,2023,10,6,10,26,988,98818,VE1 sens Nord/Sud,-22.22462,166.46599,Plein jour,Hors agglomération,Hors intersection,Normale,Deux véhicules - arrière,1,3,4,0,1,1,1,0,1,70,2,2,1,0,0,1,53.0,81.0,deux_roues,voiture,1,1,1,1,2
202300034941,2023-10-03 17:28:00,2023,10,3,17,28,974,97416,MAURICE THOREZ(CHEMIN),-21.27784,55.4681,Plein jour,Hors agglomération,Hors intersection,Pluie légère,Sans collision,3,1,0,0,1,2,2,9,1,20,1,1,0,0,0,1,17.0,,deux_roues,,1,1,1,2,7
202300034942,2023-10-06 07:10:00,2023,10,6,7,10,974,97416,LIGNE PARADIS(ROUTE DE LA),-21.32279614,55.4853791,Plein jour,En agglomération,Hors intersection,Normale,Deux véhicules - arrière,4,2,2,0,1,3,1,0,1,50,2,2,1,0,0,1,48.0,53.0,utilitaire_camion,voiture,1,2,1,1,2
202300034943,2023-10-06 18:15:00,2023,10,6,18,15,974,97411,GARE ROUTIERE (DE LA),-20.87762,55.45744,Nuit avec éclairage allumé,En agglomération,Hors intersection,Normale,Deux véhicules - arrière,4,2,2,0,1,1,1,0,1,50,2,5,4,0,0,1,47.0,35.0,voiture,voiture,5,2,1,1,2
202300034944,2023-10-06 17:35:00,2023,10,6,17,35,974,97407,MAHY FRANCOIS(RUE),-20.93778,55.2912,Plein jour,En agglomération,Hors intersection,Normale,Autre collision,4,1,1,0,1,1,1,0,4,30,1,2,0,0,0,2,17.0,,deux_roues,,1,2,1,1,6
202300034945,2023-10-06 16:00:00,2023,10,6,16,0,973,97302,MADELEINE (ROUTE DE LA),4.91445833,-52.32092053,Plein jour,En agglomération,Intersection en X,Normale,Deux véhicules - côté,3,2,2,0,1,1,1,0,1,50,2,2,1,0,0,1,44.0,38.0,deux_roues,voiture,1,2,2,1,3
202300034945,2023-10-06 16:00:00,2023,10,6,16,0,973,97302,MADELEINE (ROUTE DE LA),4.91445833,-52.32092053,Plein jour,En agglomération,Intersection en X,Normale,Deux véhicules - côté,3,2,2,0,1,1,1,0,1,50,2,2,1,0,0,1,44.0,38.0,deux_roues,voiture,1,2,2,1,3
202300034946,2023-10-06 16:30:00,2023,10,6,16,30,69,69388,Route de Vienne,45.73265662,4.85346131,Plein jour,En agglomération,Hors intersection,Normale,Deux véhicules - côté,4,2,2,2,1,1,1,0,1,50,2,2,1,0,1,0,46.0,51.0,voiture,deux_roues,1,2,1,1,3
202300034947,2023-10-06 08:40:00,2023,10,6,8,40,69,69388,Rue Antoine Lumière,45.74033,4.86769,Plein jour,En agglomération,Intersection en X,Normale,Trois véhicules et plus - collisions multiples,4,1,1,3,1,1,1,0,1,30,3,3,2,0,0,1,34.0,52.0,deux_roues,voiture,1,2,2,1,5
202300034947,2023-10-06 08:40:00,2023,10,6,8,40,69,69388,Rue Antoine Lumière,45.74033,4.86769,Plein jour,En agglomération,Intersection en X,Normale,Trois véhicules et plus - collisions multiples,4,2,2,0,1,1,1,0,1,30,3,3,2,0,0,1,34.0,52.0,deux_roues,voiture,1,2,2,1,5
202300034948,2023-10-06 04:36:00,2023,10,6,4,36,69,69199,Rue Marcel Sembat,45.71165,4.84298,Nuit avec éclairage allumé,Hors agglomération,Intersection en T,Normale,Sans collision,7,1,1,0,1,1,1,0,1,50,1,2,1,0,0,1,23.0,,voiture,,5,1,3,1,7
202300034948,2023-10-06 04:36:00,2023,10,6,4,36,69,69199,Rue Marcel Sembat,45.71165,4.84298,Nuit avec éclairage allumé,Hors agglomération,Intersection en T,Normale,Sans collision,7,2,2,0,1,1,1,0,1,50,1,2,1,0,0,1,23.0,,voiture,,5,1,3,1,7
202300034949,2023-10-06 10:40:00,2023,10,6,10,40,69,69385,8 Rue des Aqueducs,45.75705,4.79656,Plein jour,En agglomération,Hors intersection,Normale,Autre collision,4,2,2,0,1,3,1,0,1,50,1,2,1,0,1,0,73.0,,voiture,,1,2,1,1,6
202300034950,2023-10-06 12:00:00,2023,10,6,12,0,69,69389,Avenue des Sources,45.78977252,4.78844058,Plein jour,En agglomération,Intersection en T,Normale,Deux véhicules - côté,4,1,1,0,1,1,1,0,1,30,2,2,1,0,0,1,18.0,38.0,deux_roues,voiture,1,2,3,1,3
202300034950,2023-10-06 12:00:00,2023,10,6,12,0,69,69389,Avenue des Sources,45.78977252,4.78844058,Plein jour,En agglomération,Intersection en T,Normale,Deux véhicules - côté,4,2,2,0,1,1,1,0,1,30,2,2,1,0,0,1,18.0,38.0,deux_roues,voiture,1,2,3,1,3
202300034951,2023-10-06 00:50:00,2023,10,6,0,50,69,69384,Rue du Chariot d'Or,45.77759,4.83486,Nuit avec éclairage allumé,En agglomération,Intersection en X,Normale,Deux véhicules - côté,4,1,1,0,1,1,1,6,1,30,2,5,0,0,0,5,34.0,19.0,voiture,voiture,5,2,2,1,3
202300034951,2023-10-06 00:50:00,2023,10,6,0,50,69,69384,Rue du Chariot d'Or,45.77759,4.83486,Nuit avec éclairage allumé,En agglomération,Intersection en X,Normale,Deux véhicules - côté,4,1,1,2,1,1,1,6,1,30,2,5,0,0,0,5,34.0,19.0,voiture,voiture,5,2,2,1,3
202300034952,2023-10-06 16:10:00,2023,10,6,16,10,95,95197,D311,48.97540034,2.31731057,Plein jour,En agglomération,Intersection en X,Normale,Deux véhicules - côté,3,4,4,0,1,1,1,0,1,30,2,2,1,0,0,1,43.0,52.0,deux_roues,voiture,1,2,2,1,3
202300034952,2023-10-06 16:10:00,2023,10,6,16,10,95,95197,D311,48.97540034,2.31731057,Plein jour,En agglomération,Intersection en X,Normale,Deux véhicules - côté,3,-1,0,0,1,1,1,0,1,30,2,2,1,0,0,1,43.0,52.0,deux_roues,voiture,1,2,2,1,3
202300034953,2023-10-06 12:00:00,2023,10,6,12,0,95,95428,D124,48.995683,2.32632,Plein jour,En agglomération,Hors intersection,Normale,Deux véhicules - arrière,3,2,2,0,2,1,1,0,1,50,2,3,1,0,0,2,57.0,59.0,voiture,utilitaire_camion,1,2,1,1,2
202300034954,2023-10-05 19:50:00,2023,10,5,19,50,95,95127,D915,49.03996,2.07561,Nuit avec éclairage allumé,En agglomération,Intersection en Y,Normale,Deux véhicules - frontale,3,1,1,0,1,1,1,0,8,50,2,2,1,0,1,0,40.0,33.0,voiture,deux_roues,5,2,4,1,1
202300034954,2023-10-05 19:50:00,2023,10,5,19,50,95,95127,D915,49.03996,2.07561,Nuit avec éclairage allumé,En agglomération,Intersection en Y,Normale,Deux véhicules - frontale,3,3,4,1,1,1,1,0,5,50,2,2,1,0,1,0,40.0,33.0,voiture,deux_roues,5,2,4,1,1
202300034955,2023-10-06 11:10:00,2023,10,6,11,10,91,91377,RUE DU PILEU,48.729754,2.242725,Plein jour,Hors agglomération,Giratoire,Normale,Autre collision,3,1,0,0,2,1,1,3,1,50,2,2,1,0,0,1,,19.0,voiture,deux_roues,1,1,6,1,6
202300034955,2023-10-06 11:10:00,2023,10,6,11,10,91,91377,RUE DU PILEU,48.729754,2.242725,Plein jour,Hors agglomération,Giratoire,Normale,Autre collision,3,1,1,0,2,1,1,3,1,50,2,2,1,0,0,1,,19.0,voiture,deux_roues,1,1,6,1,6
202300034956,2023-10-06 12:55:00,2023,10,6,12,55,91,91589,BD ARISTIDE BRIAND,48.68601,2.34893,Plein jour,En agglomération,Intersection en X,Normale,Deux véhicules - côté,3,2,2,0,1,1,1,5,1,50,2,2,1,0,0,1,37.0,21.0,voiture,deux_roues,1,2,2,1,3
202300034956,2023-10-06 12:55:00,2023,10,6,12,55,91,91589,BD ARISTIDE BRIAND,48.68601,2.34893,Plein jour,En agglomération,Intersection en X,Normale,Deux véhicules - côté,3,2,2,0,1,1,1,5,1,50,2,2,1,0,0,1,37.0,21.0,voiture,deux_roues,1,2,2,1,3
202300034957,2023-10-05 19:40:00,2023,10,5,19,40,84,84031,Route d'Orange,44.06045,5.03817,Crépuscule ou aube,Hors agglomération,Giratoire,Normale,Sans collision,3,2,2,0,1,1,1,0,1,80,1,1,0,1,0,0,19.0,,deux_roues,,2,1,6,1,7
202300034957,2023-10-05 19:40:00,2023,10,5,19,40,84,84031,Route d'Orange,44.06045,5.03817,Crépuscule ou aube,Hors agglomération,Giratoire,Normale,Sans collision,3,-1,2,0,1,2,1,0,1,-1,1,1,0,1,0,0,19.0,,deux_roues,,2,1,6,1,7
202300034958,2023-10-05 11:22:00,2023,10,5,11,22,84,84007,MARSEILLE (Route de ),43.88928,4.91472,Plein jour,Hors agglomération,Hors intersection,Normale,Deux véhicules - côté,3,3,4,0,1,1,1,0,1,50,2,2,1,0,1,0,49.0,53.0,autre,deux_roues,1,1,1,1,3
202300034959,2023-10-05 10:43:00,2023,10,5,10,43,84,84007,MONTAIGNE (RUE MICHEL DE)-MONTFAVET,43.91069,4.88952,Plein jour,En agglomération,Hors intersection,Normale,Deux véhicules - frontale,4,2,2,0,1,1,1,0,4,50,1,5,0,0,5,0,18.0,,voiture,,1,2,1,1,1
202300034960,2023-10-06 11:00:00,2023,10,6,11,0,83,83144,JUIN (AVE DU MARECHAL),43.13934,6.00214,Plein jour,En agglomération,Hors intersection,Temps éblouissant,Autre collision,4,2,2,0,1,1,1,6,1,50,1,2,1,0,1,0,84.0,,voiture,,1,2,1,7,6
202300034961,2023-10-06 13:50:00,2023,10,6,13,50,78,78551,RN 184,48.92257,2.08556,Plein jour,Hors agglomération,Hors intersection,Normale,Deux véhicules - frontale,2,3,2,1,1,1,1,0,1,70,2,2,1,0,0,1,33.0,53.0,utilitaire_camion,utilitaire_camion,1,1,1,1,1
202300034962,2023-10-06 14:20:00,2023,10,6,14,20,78,78551,CENTRALE (ROUTE),48.984453,2.11777,Plein jour,Hors agglomération,Hors intersection,Normale,Deux véhicules - arrière,4,3,4,0,2,1,1,0,1,50,2,2,1,0,0,1,19.0,35.0,deux_roues,utilitaire_camion,1,1,1,1,2
202300034963,2023-10-06 16:45:00,2023,10,6,16,45,77,77284,DUNANT (AVENUE HENRI),48.95091,2.89379,Plein jour,En agglomération,Hors intersection,Normale,Autre collision,4,2,2,0,1,1,1,0,1,50,1,3,1,0,0,2,35.0,,voiture,,1,2,1,1,6
202300034964,2023-10-05 17:45:00,2023,10,5,17,45,76,76540,Quai Gaston Boulet,49.44374,1.07671,Plein jour,En agglomération,Intersection en T,Normale,Deux véhicules - arrière,7,1,2,3,1,1,1,-1,1,50,2,2,1,0,0,1,39.0,21.0,utilitaire_camion,deux_roues,1,2,3,1,2
202300034964,2023-10-05 17:45:00,2023,10,5,17,45,76,76540,Quai Gaston Boulet,49.44374,1.07671,Plein jour,En agglomération,Intersection en T,Normale,Deux véhicules - arrière,7,1,2,0,1,1,1,0,1,50,2,2,1,0,0,1,39.0,21.0,utilitaire_camion,deux_roues,1,2,3,1,2
202300034965,2023-10-06 01:00:00,2023,10,6,1,0,76,76351,BELLOT,49.48602375,0.12685657,Nuit avec éclairage allumé,En agglomération,Hors intersection,Normale,Sans collision,4,2,3,1,1,1,1,0,1,50,1,2,1,0,0,1,22.0,,deux_roues,,5,2,1,1,7
202300034966,2023-10-06 14:55:00,2023,10,6,14,55,76,76545,RD 154E,49.90887,1.10034,Plein jour,Hors agglomération,Hors intersection,Normale,Deux véhicules - arrière,3,2,2,0,1,1,1,0,1,80,2,2,1,0,1,0,19.0,80.0,deux_roues,voiture,1,1,1,1,2
202300034967,2023-10-06 21:40:00,2023,10,6,21,40,74,74298,EUROPE (AVENUE DE L'),46.176,6.2438,Nuit avec éclairage allumé,En agglomération,Giratoire,Normale,Autre collision,3,1,1,0,1,3,1,0,8,50,1,1,0,0,0,1,66.0,,voiture,,5,2,6,1,6
202300034968,2023-10-06 15:15:00,2023,10,6,15,15,74,74012,FLORISSANT (AVENUE),46.1973,6.2398,Plein jour,En agglomération,Hors intersection,Normale,Deux véhicules - côté,4,2,2,0,1,1,1,0,1,50,2,2,1,0,0,1,58.0,23.0,autre,autre,1,2,1,1,3
202300034969,2023-10-06 09:05:00,2023,10,6,9,5,72,72181,BERTINIERE (RUE DE LA) N° IMP,47.99234,0.2165,Plein jour,En agglomération,Autre intersection,Normale,Deux véhicules - côté,4,2,2,2,1,2,1,0,1,50,2,2,1,0,0,1,25.0,60.0,voiture,deux_roues,1,2,9,1,3
202300034970,2023-10-06 20:55:00,2023,10,6,20,55,71,71475,CHARLES DODILLE (RUE),46.76332,4.83962,Nuit sans éclairage public,En agglomération,Intersection en X,Normale,Deux véhicules - côté,4,-1,2,0,2,1,1,0,1,50,2,2,1,0,0,1,61.0,16.0,voiture,deux_roues,3,2,2,1,3
202300034970,2023-10-06 20:55:00,2023,10,6,20,55,71,71475,CHARLES DODILLE (RUE),46.76332,4.83962,Nuit sans éclairage public,En agglomération,Intersection en X,Normale,Deux véhicules - côté,4,2,2,0,1,1,1,0,1,50,2,2,1,0,0,1,61.0,16.0,voiture,deux_roues,3,2,2,1,3
202300034971,2023-10-06 17:00:00,2023,10,6,17,0,69,69256,Avenue Bataillon Carmagnole Liberté,45.75898,4.92307,Plein jour,En agglomération,Intersection en X,Normale,Autre collision,4,2,2,0,1,1,1,0,1,50,1,2,1,0,1,0,32.0,,utilitaire_camion,,1,2,2,1,6
202300034971,2023-10-06 17:00:00,2023,10,6,17,0,69,69256,Avenue Bataillon Carmagnole Liberté,45.75898,4.92307,Plein jour,En agglomération,Intersection en X,Normale,Autre collision,4,1,1,0,1,1,1,0,1,50,1,2,1,0,1,0,32.0,,utilitaire_camion,,1,2,2,1,6
202300034972,2023-10-06 12:30:00,2023,10,6,12,30,69,69259,Boulevard Marcel Sembat,45.71318421,4.87709002,Plein jour,En agglomération,Hors intersection,Normale,Deux véhicules - côté,4,2,2,2,1,1,1,0,1,50,2,2,1,0,0,1,56.0,53.0,voiture,deux_roues,1,2,1,1,3
202300034973,2023-10-05 14:55:00,2023,10,5,14,55,69,69259,Boulevard Irène Joliot Curie,45.7143,4.87926,Plein jour,En agglomération,Intersection en X,Normale,Deux véhicules - côté,7,3,5,2,1,1,1,5,1,50,2,3,2,0,0,1,24.0,20.0,voiture,voiture,1,2,2,1,3
202300034973,2023-10-05 14:55:00,2023,10,5,14,55,69,69259,Boulevard Irène Joliot Curie,45.7143,4.87926,Plein jour,En agglomération,Intersection en X,Normale,Deux véhicules - côté,7,2,3,2,1,1,1,5,1,50,2,3,2,0,0,1,24.0,20.0,voiture,voiture,1,2,2,1,3
202300034974,2023-10-06 22:45:00,2023,10,6,22,45,67,67482,ILL (RUE DE L ),48.61248,7.77569,Nuit avec éclairage allumé,En agglomération,Intersection en T,Normale,Deux véhicules - côté,4,2,2,0,1,1,1,0,1,50,2,2,1,0,1,0,28.0,22.0,deux_roues,voiture,5,2,3,1,3
202300034974,2023-10-06 22:45:00,2023,10,6,22,45,67,67482,ILL (RUE DE L ),48.61248,7.77569,Nuit avec éclairage allumé,En agglomération,Intersection en T,Normale,Deux véhicules - côté,4,2,4,3,1,1,1,0,1,50,2,2,1,0,1,0,28.0,22.0,deux_roues,voiture,5,2,3,1,3
202300034975,2023-10-06 17:09:00,2023,10,6,17,9,64,64483,AICE ERROTA (RUE),43.39443,-1.65297,Plein jour,En agglomération,Hors intersection,Normale,Autre collision,4,2,2,3,1,1,1,0,4,30,1,2,1,0,1,0,77.0,,voiture,,1,2,1,1,6
202300034976,2023-10-06 07:58:00,2023,10,6,7,58,64,64445,GENERAL DE GAULLE DU,43.30265,-0.35206,Plein jour,En agglomération,Giratoire,Normale,Deux véhicules - côté,4,-1,5,0,1,1,1,0,1,50,2,2,1,0,0,1,11.0,55.0,deux_roues,voiture,1,2,6,1,3