accident_id,datetime,annee,mois,jour,heure,minute,departement,commune_insee,adresse,latitude,longitude,luminosite,agglomeration,intersection,meteo,collision,catr,circ,nbv,vosp,prof,plan,surf,infra,situ,vma,nb_vehicules,nb_usagers,nb_indemnes,nb_tues,nb_blesses_hosp,nb_blesses_legers,age_cond_1,age_cond_2,veh_type_cond_1,veh_type_cond_2,lum_code,agg_code,int_code,atm_code,col_code
202300034976,2023-10-06 07:58:00,2023,10,6,7,58,64,64445,GENERAL DE GAULLE DU,43.30265,-0.35206,Plein jour,En agglomération,Giratoire,Normale,Deux véhicules - côté,4,-1,5,0,1,1,1,0,1,50,2,2,1,0,0,1,11.0,55.0,deux_roues,voiture,1,2,6,1,3
202300034977,2023-10-05 17:35:00,2023,10,5,17,35,64,64125,ESPAGNE (AVENUE D'),43.4303,-1.59921,Plein jour,En agglomération,Intersection en T,Normale,Deux véhicules - côté,3,2,2,0,1,1,1,0,1,50,2,3,1,0,0,2,35.0,22.0,utilitaire_camion,deux_roues,1,2,3,1,3
202300034977,2023-10-05 17:35:00,2023,10,5,17,35,64,64125,ESPAGNE (AVENUE D'),43.4303,-1.59921,Plein jour,En agglomération,Intersection en T,Normale,Deux véhicules - côté,3,2, -1,-1,1,1,1,0,1,-1,2,3,1,0,0,2,35.0,22.0,utilitaire_camion,deux_roues,1,2,3,1,3
202300034978,2023-10-07 02:30:00,2023,10,7,2,30,64,64102,ALLEES MARINES (AVENUE DES),43.49817,-1.48681,Nuit avec éclairage allumé,En agglomération,Hors intersection,Normale,Sans collision,4,2,2,0,1,1,1,0,1,50,1,1,0,0,0,1,49.0,,deux_roues,,5,2,1,1,7
202300034979,2023-10-06 18:25:00,2023,10,6,18,25,64,64024,HARDOY (RUE DE),43.49336,-1.50877,Plein jour,En agglomération,Intersection en T,Normale,Deux véhicules - côté,4,1,1,0,3,1,1,0,1,30,2,2,1,0,1,0,17.0,25.0,deux_roues,voiture,1,2,3,1,3
202300034979,2023-10-06 18:25:00,2023,10,6,18,25,64,64024,HARDOY (RUE DE),43.49336,-1.50877,Plein jour,En agglomération,Intersection en T,Normale,Deux véhicules - côté,4,2,2,0,2,1,1,0,1,50,2,2,1,0,1,0,17.0,25.0,deux_roues,voiture,1,2,3,1,3
202300034980,2023-10-06 18:10:00,2023,10,6,18,10,64,64024,BAYONNE (AVENUE DE),43.48218,-1.50734,Plein jour,En agglomération,Hors intersection,Normale,Sans collision,3,3,4,3,1,1,1,0,1,50,1,1,0,0,0,1,17.0,,deux_roues,,1,2,1,1,7
202300034981,2023-10-06 13:25:00,2023,10,6,13,25,64,64102,BEYRIS (GIRATOIRE),43.47847,-1.49271,Plein jour,En agglomération,Hors intersection,Normale,Deux véhicules - côté,4,1,2,2,1,2,1,5,1,50,2,2,1,0,0,1,47.0,66.0,voiture,deux_roues,1,2,1,1,3
202300034982,2023-10-06 09:05:00,2023,10,6,9,5,64,64102,LASSEGUETTE (CHEMIN DE),43.48127,-1.48199,Plein jour,En agglomération,Hors intersection,Temps éblouissant,Autre collision,4,2,2,0,1,1,1,8,1,30,1,2,1,1,0,0,60.0,,voiture,,1,2,1,7,6
202300034983,2023-10-06 14:40:00,2023,10,6,14,40,63,63113,CLEMENTEL (BD ETIENNE),45.80963,3.10941,Plein jour,En agglomération,Intersection en X,Normale,Deux véhicules - arrière,7,1,2,-1,1,1,1,5,1,50,2,2,1,0,0,1,25.0,80.0,voiture,voiture,1,2,2,1,2
202300034983,2023-10-06 14:40:00,2023,10,6,14,40,63,63113,CLEMENTEL (BD ETIENNE),45.80963,3.10941,Plein jour,En agglomération,Intersection en X,Normale,Deux véhicules - arrière,7,3,4,0,1,1,1,0,1,50,2,2,1,0,0,1,25.0,80.0,voiture,voiture,1,2,2,1,2
202300034984,2023-10-06 12:35:00,2023,10,6,12,35,63,63075,VOIE ROMAINE,45.78057118,3.0462867,Plein jour,En agglomération,Hors intersection,Normale,Deux véhicules - arrière,4,-1,2,0,2,1,1,0,1,50,2,2,1,0,0,1,16.0,19.0,deux_roues,voiture,1,2,1,1,2
202300034985,2023-10-05 22:44:00,2023,10,5,22,44,63,63113,MICHELIN (AVENUE EDOUARD),45.7816,3.09855,Nuit avec éclairage non allumé,En agglomération,Intersection en T,Normale,Deux véhicules - côté,4,1,1,-1,1,1,1,0,1,-1,2,2,1,0,0,1,22.0,25.0,deux_roues,voiture,4,2,3,1,3
202300034985,2023-10-05 22:44:00,2023,10,5,22,44,63,63113,MICHELIN (AVENUE EDOUARD),45.7816,3.09855,Nuit avec éclairage non allumé,En agglomération,Intersection en T,Normale,Deux véhicules - côté,4,1,2,0,1,1,1,9,1,50,2,2,1,0,0,1,22.0,25.0,deux_roues,voiture,4,2,3,1,3
202300034986,2023-10-06 21:30:00,2023,10,6,21,30,62,62907,D954,50.48543,2.99761,Nuit sans éclairage public,En agglomération,Hors intersection,Normale,Deux véhicules - côté,3,2,0,0,1,1,1,0,1,50,2,2,0,0,2,0,37.0,39.0,voiture,deux_roues,3,2,1,1,3
202300034987,2023-10-06 23:40:00,2023,10,6,23,40,59,59508,HALLUIN (BOULEVARD D'),50.74109,3.13227,Nuit avec éclairage non allumé,En agglomération,Hors intersection,Normale,Autre collision,4,3,2,3,1,1,1,0,1,50,1,1,0,0,0,1,13.0,,voiture,,4,2,1,1,6
202300034988,2023-10-03 13:40:00,2023,10,3,13,40,59,59360,LALO EDOUARD RUE,50.608637,3.014159,Plein jour,En agglomération,Hors intersection,Normale,Deux véhicules - côté,4,1,2,2,1,1,1,0,1,50,2,2,1,0,1,0,77.0,34.0,voiture,deux_roues,1,2,1,1,3
202300034989,2023-10-06 11:30:00,2023,10,6,11,30,59,59648,DE GAULLE RUE DU GENERAL,50.58747,3.05165,Plein jour,En agglomération,Intersection en X,Normale,Deux véhicules - côté,4,2,4,3,1,1,1,0,1,50,2,3,2,0,0,1,33.0,27.0,voiture,transport_commun,1,2,2,1,3
202300034989,2023-10-06 11:30:00,2023,10,6,11,30,59,59648,DE GAULLE RUE DU GENERAL,50.58747,3.05165,Plein jour,En agglomération,Intersection en X,Normale,Deux véhicules - côté,4,2,2,0,1,1,1,0,1,50,2,3,2,0,0,1,33.0,27.0,voiture,transport_commun,1,2,2,1,3
202300034990,2023-01-16 12:35:00,2023,1,16,12,35,43,43251,Avenue de Vals,45.03547422,3.88120338,Plein jour,En agglomération,Intersection en T,Normale,Deux véhicules - côté,3,2,2,0,1,1,1,5,1,50,2,2,0,0,0,2,42.0,24.0,voiture,voiture,1,2,3,1,3
202300034990,2023-01-16 12:35:00,2023,1,16,12,35,43,43251,Avenue de Vals,45.03547422,3.88120338,Plein jour,En agglomération,Intersection en T,Normale,Deux véhicules - côté,3,2,3,0,2,1,1,0,1,50,2,2,0,0,0,2,42.0,24.0,voiture,voiture,1,2,3,1,3
202300034991,2023-10-06 15:40:00,2023,10,6,15,40,56,56098,MONTAGNE DU SALUT (RUE DE LA),47.790161,-3.319886,Plein jour,Hors agglomération,Autre intersection,Normale,Deux véhicules - côté,3,2,2,0,1,1,1,0,1,70,2,2,1,0,0,1,43.0,26.0,voiture,deux_roues,1,1,9,1,3
202300034992,2023-01-17 19:13:00,2023,1,17,19,13,37,37261,TONNELLE (BOULEVARD),47.38377,0.66829,Nuit avec éclairage allumé,En agglomération,Hors intersection,Pluie légère,Autre collision,4,2,2,0,1,1,2,6,1,30,1,2,1,0,0,1,19.0,,voiture,,5,2,1,2,6
202300034993,2023-10-06 13:10:00,2023,10,6,13,10,56,56121,Boulevard Yves Demaine,47.75449,-3.38367,Plein jour,En agglomération,Giratoire,Temps éblouissant,Deux véhicules - côté,4,2,2,0,1,1,1,5,1,30,2,2,1,0,0,1,,51.0,voiture,deux_roues,1,2,6,7,3
202300034994,2023-10-05 17:44:00,2023,10,5,17,44,56,56162,PENESCLUZ,47.75067,-3.41904,Plein jour,Hors agglomération,Giratoire,Normale,Sans collision,3,2,2,0,1,2,1,5,1,80,1,1,0,0,0,1,35.0,,deux_roues,,1,1,6,1,7
202300034995,2023-01-17 18:55:00,2023,1,17,18,55,35,35238,ROOSEVELT (BD FRANKLIN),48.09725,-1.65781,Nuit avec éclairage allumé,En agglomération,Intersection à plus de 4 branches,Normale,Deux véhicules - côté,4,2,2,0,1,1,2,5,1,30,2,2,1,0,0,1,41.0,20.0,deux_roues,voiture,5,2,5,1,3
202300034995,2023-01-17 18:55:00,2023,1,17,18,55,35,35238,ROOSEVELT (BD FRANKLIN),48.09725,-1.65781,Nuit avec éclairage allumé,En agglomération,Intersection à plus de 4 branches,Normale,Deux véhicules - côté,4,2,2,1,2,1,2,5,1,50,2,2,1,0,0,1,41.0,20.0,deux_roues,voiture,5,2,5,1,3
202300034996,2023-10-05 12:20:00,2023,10,5,12,20,56,56083,KERCROCH (RUE DE ),47.80937,-3.29359,Plein jour,En agglomération,Hors intersection,Normale,Sans collision,4,2,2,0,1,1,1,0,1,20,1,1,0,0,0,1,60.0,,deux_roues,,1,2,1,1,7
202300034997,2023-01-17 07:25:00,2023,1,17,7,25,35,35238,CHATEAUGIRON (DE),48.09884737,-1.6447936,Nuit avec éclairage allumé,En agglomération,Hors intersection,Pluie légère,Autre collision,4,2,2,2,1,1,2,0,1,50,1,1,0,0,0,1,75.0,,deux_roues,,5,2,1,2,6
202300034998,2023-10-05 09:00:00,2023,10,5,9,0,56,56121,FLANDRES-DUNKERQUE ( BD ),47.74483,-3.39565,Plein jour,En agglomération,Hors intersection,Normale,Autre collision,4,3,2,3,1,1,1,0,1,30,1,2,1,0,1,0,68.0,,transport_commun,,1,2,1,1,6
202300034999,2023-01-16 18:25:00,2023,1,16,18,25,35,35238,VERDUN (BD DE),48.11927077,-1.68839961,Nuit avec éclairage allumé,En agglomération,Hors intersection,Pluie légère,Trois véhicules et plus - en chaîne,4,2,2,1,2,1,2,0,1,50,3,3,1,0,0,2,54.0,43.0,voiture,voiture,5,2,1,2,4
202300035000,2023-01-17 19:55:00,2023,1,17,19,55,33,33318,Rue Paulin de Nole,44.79323,-0.61399,Nuit avec éclairage allumé,En agglomération,Autre intersection,Pluie forte,Autre collision,4,2,2,0,1,1,2,0,1,50,1,2,1,0,1,0,,,voiture,,5,2,9,3,6
202300035001,2023-10-04 07:50:00,2023,10,4,7,50,55,55505,VARENNES (ROUTE DE ),49.18249,5.33821,Crépuscule ou aube,Hors agglomération,Hors intersection,Brouillard / fumée,Deux véhicules - côté,3,2,2,0,1,1,1,0,1,90,2,3,0,0,2,1,20.0,86.0,utilitaire_camion,utilitaire_camion,2,1,1,5,3
202300035002,2023-10-05 20:50:00,2023,10,5,20,50,54,54395,Rue du Faubourg des Trois-Maisons,48.7028,6.17541,Nuit avec éclairage allumé,En agglomération,Hors intersection,Normale,Autre collision,4,1,2,1,1,1,1,-1,1,30,1,2,1,0,0,1,,,voiture,,5,2,1,1,6
202300035003,2023-01-16 23:05:00,2023,1,16,23,5,33,33281,Avenue François Mitterrand,44.81206,-0.69836,Nuit avec éclairage allumé,En agglomération,Giratoire,Pluie légère,Deux véhicules - frontale,4,2,3,1,1,1,2,5,1,50,2,2,0,1,0,1,38.0,23.0,utilitaire_camion,voiture,5,2,6,2,1
202300035003,2023-01-16 23:05:00,2023,1,16,23,5,33,33281,Avenue François Mitterrand,44.81206,-0.69836,Nuit avec éclairage allumé,En agglomération,Giratoire,Pluie légère,Deux véhicules - frontale,4,2,2,1,1,1,2,-1,1,50,2,2,0,1,0,1,38.0,23.0,utilitaire_camion,voiture,5,2,6,2,1
202300035004,2023-10-05 16:45:00,2023,10,5,16,45,54,54395,Avenue Foch,48.68815328,6.17251933,Plein jour,En agglomération,Hors intersection,Normale,Autre collision,4,2,2,0,1,1,1,0,1,50,1,2,1,0,0,1,26.0,,transport_commun,,1,2,1,1,6
202300035005,2023-10-04 10:20:00,2023,10,4,10,20,52,52448,HUGO (AVENUE VICTOR) IMPAIR,48.6381,4.95837,Plein jour,En agglomération,Hors intersection,Normale,Autre collision,4,2,2,0,1,1,1,0,1,50,1,2,1,0,1,0,82.0,,voiture,,1,2,1,1,6
202300035006,2023-01-16 18:45:00,2023,1,16,18,45,31,31555,BD HENRI GAUSSEN,43.66182,1.43266,Nuit avec éclairage allumé,En agglomération,Hors intersection,Pluie légère,Deux véhicules - frontale,7,2,2,0,1,1,2,0,1,50,2,3,1,0,0,2,27.0,35.0,utilitaire_camion,voiture,5,2,1,2,1
202300035007,2023-01-17 15:50:00,2023,1,17,15,50,28,28134,N 154 (ROCADE),48.71993,1.38227,Plein jour,Hors agglomération,Hors intersection,Pluie légère,Autre collision,2,2,3,0,1,1,2,0,3,90,1,1,0,0,0,1,50.0,,voiture,,1,1,1,2,6
202300035008,2023-10-06 08:55:00,2023,10,6,8,55,50,50218,VAUDROULIN (RUE DE),48.82223,-1.56633,Plein jour,Hors agglomération,Intersection en T,Normale,Deux véhicules - frontale,3,2,0,0,2,3,9,0,1,30,1,2,1,1,0,0,36.0,,voiture,,1,1,3,1,1
202300035008,2023-10-06 08:55:00,2023,10,6,8,55,50,50218,VAUDROULIN (RUE DE),48.82223,-1.56633,Plein jour,Hors agglomération,Intersection en T,Normale,Deux véhicules - frontale,3,2,1,0,1,2,1,0,1,80,1,2,1,1,0,0,36.0,,voiture,,1,1,3,1,1
202300035009,2023-10-05 22:25:00,2023,10,5,22,25,50,50129,RN 13,49.63347,-1.57747,Nuit sans éclairage public,En agglomération,Hors intersection,Normale,Autre collision,2,3,4,0,1,1,1,0,3,90,1,1,0,0,0,1,24.0,,voiture,,3,2,1,1,6
202300035010,2023-01-17 08:00:00,2023,1,17,8,0,28,28134,CHURCHILL (AVENUE WINSTON),48.73954,1.38608,Crépuscule ou aube,En agglomération,Hors intersection,Temps couvert,Autre collision,2,1,2,0,1,1,2,0,1,50,1,2,1,0,0,1,81.0,,voiture,,2,2,1,8,6
202300035011,2023-10-04 12:30:00,2023,10,4,12,30,49,49099,JOFFRE (BOULEVARD DU MARECHAL),47.06755,-0.88302,Plein jour,En agglomération,Intersection en T,Normale,Deux véhicules - côté,4,-1,1,0,1,1,1,0,1,50,2,3,2,0,0,1,39.0,51.0,voiture,deux_roues,1,2,3,1,3
202300035011,2023-10-04 12:30:00,2023,10,4,12,30,49,49099,JOFFRE (BOULEVARD DU MARECHAL),47.06755,-0.88302,Plein jour,En agglomération,Intersection en T,Normale,Deux véhicules - côté,4,2,2,0,2,1,1,0,1,50,2,3,2,0,0,1,39.0,51.0,voiture,deux_roues,1,2,3,1,3
202300035012,2023-10-06 08:20:00,2023,10,6,8,20,49,49007,DAVIERS BOULEVARD,47.47824,-0.55544,Plein jour,En agglomération,Hors intersection,Normale,Autre collision,4,2,3,2,1,1,1,0,1,50,2,2,1,0,0,1,28.0,37.0,voiture,deux_roues,1,2,1,1,6
202300035013,2023-10-06 02:32:00,2023,10,6,2,32,49,49007,JOACHIM DU BELLAY,47.46647,-0.54141,Nuit avec éclairage allumé,En agglomération,Hors intersection,Normale,Autre collision,4,1,2,1,1,1,1,0,1,50,1,1,0,0,0,1,22.0,,voiture,,5,2,1,1,6
202300035014,2023-01-16 15:30:00,2023,1,16,15,30,17,17415,PALISSY QUAI,45.74193,-0.63673,Plein jour,En agglomération,Intersection en T,Pluie légère,Deux véhicules - côté,4,2,2,0,1,1,2,0,1,50,2,3,1,0,0,2,39.0,28.0,voiture,voiture,1,2,3,2,3
202300035014,2023-01-16 15:30:00,2023,1,16,15,30,17,17415,PALISSY QUAI,45.74193,-0.63673,Plein jour,En agglomération,Intersection en T,Pluie légère,Deux véhicules - côté,4,2,2,0,1,1,2,0,1,50,2,3,1,0,0,2,39.0,28.0,voiture,voiture,1,2,3,2,3
202300035015,2023-01-16 15:30:00,2023,1,16,15,30,15,15014,53 Avenue Jean-baptiste Veyre,44.936979,2.45553,Plein jour,En agglomération,Intersection en T,Pluie légère,Deux véhicules - frontale,4,2,2,0,1,1,2,0,1,50,2,3,2,0,0,1,55.0,20.0,voiture,voiture,1,2,3,2,1
202300035015,2023-01-16 15:30:00,2023,1,16,15,30,15,15014,53 Avenue Jean-baptiste Veyre,44.936979,2.45553,Plein jour,En agglomération,Intersection en T,Pluie légère,Deux véhicules - frontale,4,2,2,0,1,1,2,0,1,50,2,3,2,0,0,1,55.0,20.0,voiture,voiture,1,2,3,2,1
202300035016,2023-10-05 18:22:00,2023,10,5,18,22,49,49246,LOUET PONT,47.41193,-0.52384,Plein jour,En agglomération,Intersection en X,Normale,Trois véhicules et plus - en chaîne,3,2,2,0,1,1,1,0,1,50,3,3,1,0,0,2,19.0,18.0,utilitaire_camion,deux_roues,1,2,2,1,4
202300035016,2023-10-05 18:22:00,2023,10,5,18,22,49,49246,LOUET PONT,47.41193,-0.52384,Plein jour,En agglomération,Intersection en X,Normale,Trois véhicules et plus - en chaîne,3,2,2,0,1,1,1,2,1,50,3,3,1,0,0,2,19.0,18.0,utilitaire_camion,deux_roues,1,2,2,1,4
202300035017,2023-10-03 15:55:00,2023,10,3,15,55,46,46191,DEPARTEMENTALE N°811 (ENTRE MERCUES ET C,44.49353,1.40167,Plein jour,Hors agglomération,Hors intersection,Normale,Autre collision,3,2,2,0,2,1,1,0,3,80,1,1,0,0,0,1,66.0,,voiture,,1,1,1,1,6
202300035018,2023-01-17 11:25:00,2023,1,17,11,25,13,13213,POILUS (AVENUE DES),43.32558,5.45202,Plein jour,En agglomération,Hors intersection,Normale,Autre collision,4,2,2,0,1,1,1,8,1,50,1,2,1,0,0,1,20.0,,voiture,,1,2,1,1,6
202300035019,2023-10-06 12:04:00,2023,10,6,12,4,45,45208,2 Place Victor Hugo,47.99481,2.73273,Plein jour,En agglomération,Autre intersection,Normale,Autre collision,4,1,1,0,1,3,1,0,1,30,1,2,1,0,0,1,52.0,,transport_commun,,1,2,9,1,6
202300035020,2023-01-17 01:00:00,2023,1,17,1,0,13,13209,CAMILLE BLANC (BOULEVARD),43.25271189,5.40162815,Nuit avec éclairage allumé,En agglomération,Hors intersection,Pluie légère,Deux véhicules - arrière,4,2,3,0,2,1,2,0,1,50,2,3,2,0,0,1,42.0,54.0,voiture,utilitaire_camion,5,2,1,2,2
202300035021,2023-10-06 17:52:00,2023,10,6,17,52,44,44109,77 Rue du Port Boyer,47.24195,-1.54001,Plein jour,En agglomération,Hors intersection,Normale,Deux véhicules - côté,4,2,0,0,1,1,1,0,1,30,2,2,1,0,0,1,36.0,17.0,voiture,deux_roues,1,2,1,1,3
202300035022,2023-01-12 17:05:00,2023,1,12,17,5,13,13028,PUITS DE BRUNET (CHEMIN DU),43.18506,5.59938,Plein jour,En agglomération,Hors intersection,Normale,Deux véhicules - côté,3,2,2,0,1,1,1,0,1,30,2,3,1,0,0,2,58.0,16.0,voiture,deux_roues,1,2,1,1,3
202300035023,2023-10-06 20:50:00,2023,10,6,20,50,42,42099,Rue de l'Ecole de Montessus,45.37626,4.2678,Nuit avec éclairage allumé,Hors agglomération,Intersection en X,Normale,Deux véhicules - frontale,4,1,1,0,1,1,1,0,1,50,2,3,1,0,0,2,31.0,22.0,voiture,utilitaire_camion,5,1,2,1,1
202300035023,2023-10-06 20:50:00,2023,10,6,20,50,42,42099,Rue de l'Ecole de Montessus,45.37626,4.2678,Nuit avec éclairage allumé,Hors agglomération,Intersection en X,Normale,Deux véhicules - frontale,4,1,1,0,2,1,1,0,1,50,2,3,1,0,0,2,31.0,22.0,voiture,utilitaire_camion,5,1,2,1,1
202300035024,2023-01-06 14:25:00,2023,1,6,14,25,11,11262,18 Boulevard du General de Gaulle,43.18576,3.00946,Plein jour,En agglomération,Hors intersection,Normale,Autre collision,4,2,2,0,1,1,1,0,1,50,1,2,1,0,0,1,53.0,,voiture,,1,2,1,1,6
202300035025,2023-10-03 17:45:00,2023,10,3,17,45,40,40192,JUIN (V DU MARECHAL),43.90729,-0.47134,Plein jour,En agglomération,Autre intersection,Normale,Deux véhicules - arrière,3,2,2,0,1,1,1,0,1,50,2,2,1,0,1,0,28.0,20.0,voiture,deux_roues,1,2,9,1,2
202300035026,2023-01-06 10:10:00,2023,1,6,10,10,11,11262,GAMBETTA (BOULEVARD),43.18317,3.00779,Plein jour,En agglomération,Intersection en T,Normale,Deux véhicules - côté,4,2,2,0,1,1,1,0,1,50,2,3,2,0,1,0,32.0,43.0,deux_roues,voiture,1,2,3,1,3
202300035026,2023-01-06 10:10:00,2023,1,6,10,10,11,11262,GAMBETTA (BOULEVARD),43.18317,3.00779,Plein jour,En agglomération,Intersection en T,Normale,Deux véhicules - côté,4,1,1,0,1,1,1,0,1,30,2,3,2,0,1,0,32.0,43.0,deux_roues,voiture,1,2,3,1,3
202300035027,2023-01-17 07:50:00,2023,1,17,7,50,11,11262,187 Avenue de Bordeaux,43.18119,2.97154,Crépuscule ou aube,En agglomération,Hors intersection,Brouillard / fumée,Autre collision,4,2,2,0,1,1,2,0,1,50,1,3,2,0,1,0,27.0,,utilitaire_camion,,2,2,1,5,6
202300035028,2023-10-06 15:35:00,2023,10,6,15,35,37,37261,SAINT SAUVEUR (PONT),47.37389,0.67873,Plein jour,En agglomération,Giratoire,Normale,Deux véhicules - côté,4,3,4,0,1,1,1,5,1,50,2,3,2,0,0,1,41.0,41.0,voiture,utilitaire_camion,1,2,6,1,3
202300035028,2023-10-06 15:35:00,2023,10,6,15,35,37,37261,SAINT SAUVEUR (PONT),47.37389,0.67873,Plein jour,En agglomération,Giratoire,Normale,Deux véhicules - côté,4,-1,2,0,1,2,1,5,1,50,2,3,2,0,0,1,41.0,41.0,voiture,utilitaire_camion,1,2,6,1,3
202300035029,2023-01-17 23:00:00,2023,1,17,23,0,06,06069,NAPOLEON (ROUTE),43.668055,6.923468,Nuit sans éclairage public,Hors agglomération,Hors intersection,Normale,Autre collision,3,2,2,0,1,1,1,0,1,70,1,1,0,0,0,1,44.0,,voiture,,3,1,1,1,6
202300035030,2023-10-03 17:20:00,2023,10,3,17,20,37,37261,SAINT SAUVEUR (PONT),47.37169,0.67773,Plein jour,En agglomération,Intersection en T,Normale,Deux véhicules - côté,4,2,2,1,2,1,1,5,1,50,2,5,4,0,0,1,20.0,43.0,voiture,voiture,1,2,3,1,3
202300035030,2023-10-03 17:20:00,2023,10,3,17,20,37,37261,SAINT SAUVEUR (PONT),47.37169,0.67773,Plein jour,En agglomération,Intersection en T,Normale,Deux véhicules - côté,4,3,4,1,1,1,1,2,1,50,2,5,4,0,0,1,20.0,43.0,voiture,voiture,1,2,3,1,3
202300035031,2023-01-17 15:20:00,2023,1,17,15,20,06,06029,PRADERIE (RUE DE LA),43.54796,6.96579,Plein jour,En agglomération,Hors intersection,Normale,Deux véhicules - côté,4,2,2,0,1,1,1,0,1,50,2,2,1,0,0,1,41.0,41.0,voiture,deux_roues,1,2,1,1,3
202300035032,2023-10-06 15:20:00,2023,10,6,15,20,35,35238,N24,48.107,-1.72774,Plein jour,En agglomération,Hors intersection,Normale,Autre collision,2,3,4,3,1,1,1,0,1,50,1,2,1,0,0,1,50.0,,utilitaire_camion,,1,2,1,1,6
202300035033,2023-01-17 07:20:00,2023,1,17,7,20,06,06027,NICE AVENUE DE (RN7),43.659225,7.164626,Nuit avec éclairage non allumé,En agglomération,Autre intersection,Normale,Autre collision,7,2,2,0,1,1,1,0,1,50,1,2,1,0,0,1,76.0,,voiture,,4,2,9,1,6
202300035034,2023-01-17 01:35:00,2023,1,17,1,35,04,04112,DEPARTEMENTALE 4096,43.85139,5.824216,Nuit sans éclairage public,Hors agglomération,Hors intersection,Temps couvert,Autre collision,3,2,2,0,1,1,2,0,8,70,1,1,0,0,1,0,27.0,,voiture,,3,1,1,8,6
202300035035,2023-10-06 12:25:00,2023,10,6,12,25,35,35278,RD 29,48.1583,-1.69754,Plein jour,Hors agglomération,Intersection en T,Normale,Deux véhicules - côté,3,2,2,0,1,1,1,0,1,80,2,2,1,0,0,1,36.0,44.0,deux_roues,voiture,1,1,3,1,3
202300035035,2023-10-06 12:25:00,2023,10,6,12,25,35,35278,RD 29,48.1583,-1.69754,Plein jour,Hors agglomération,Intersection en T,Normale,Deux véhicules - côté,3,2,2,0,1,1,1,0,1,80,2,2,1,0,0,1,36.0,44.0,deux_roues,voiture,1,1,3,1,3
202300035036,2023-01-16 15:00:00,2023,1,16,15,0,02,02408,,49.5562,3.59338,Plein jour,Hors agglomération,Hors intersection,Pluie légère,Deux véhicules - frontale,3,2,2,0,1,1,2,0,1,80,2,3,2,0,0,1,59.0,33.0,voiture,utilitaire_camion,1,1,1,2,1
202300035037,2023-10-05 15:00:00,2023,10,5,15,0,34,34032,ROUTE DEPARTEMENTALE 612,43.3585,3.17537,Plein jour,Hors agglomération,Autre intersection,Normale,Deux véhicules - frontale,3,2,0,0,1,1,1,8,1,70,2,5,0,0,5,0,42.0,86.0,voiture,voiture,1,1,9,1,1
202300035038,2023-01-16 17:50:00,2023,1,16,17,50,974,97411,JAURES (BOULEVARD JEAN),-20.90194,55.50282,Plein jour,En agglomération,Giratoire,Normale,Deux véhicules - côté,2,4,4,0,2,2,1,5,1,50,2,2,1,0,0,1,27.0,43.0,deux_roues,voiture,1,2,6,1,3
202300035038,2023-01-16 17:50:00,2023,1,16,17,50,974,97411,JAURES (BOULEVARD JEAN),-20.90194,55.50282,Plein jour,En agglomération,Giratoire,Normale,Deux véhicules - côté,2,2,4,0,2,1,1,5,1,50,2,2,1,0,0,1,27.0,43.0,deux_roues,voiture,1,2,6,1,3
202300035039,2023-10-06 20:33:00,2023,10,6,20,33,33,33192,Cours du Général de Gaulle,44.78393,-0.60662,Nuit avec éclairage allumé,En agglomération,Intersection en T,Normale,Deux véhicules - côté,4,2,2,0,1,1,1,0,1,50,2,2,1,0,0,1,,41.0,voiture,deux_roues,5,2,3,1,3
202300035039,2023-10-06 20:33:00,2023,10,6,20,33,33,33192,Cours du Général de Gaulle,44.78393,-0.60662,Nuit avec éclairage allumé,En agglomération,Intersection en T,Normale,Deux véhicules - côté,4,2,2,0,1,1,1,0,1,50,2,2,1,0,0,1,,41.0,voiture,deux_roues,5,2,3,1,3
202300035040,2023-01-16 09:50:00,2023,1,16,9,50,973,97302,ARAGO (FRANCOIS),4.94036357,-52.33213484,Plein jour,En agglomération,Hors intersection,Pluie légère,Deux véhicules - côté,4,2,2,0,1,1,2,0,1,50,2,2,1,0,0,1,74.0,39.0,voiture,deux_roues,1,2,1,2,3
202300035041,2023-10-05 18:35:00,2023,10,5,18,35,33,33063,Quai de Bacalan,44.85828,-0.55829,Plein jour,En agglomération,Passage à niveau,Normale,Autre collision,4,2,4,3,1,1,1,4,6,25,1,2,1,0,0,1,54.0,,transport_commun,,1,2,8,1,6
202300035042,2023-01-12 12:55:00,2023,1,12,12,55,69,69388,89 Avenue Paul Santy,45.73148374,4.87405658,Plein jour,En agglomération,Intersection en T,Normale,Deux véhicules - côté,4,3,3,3,1,1,1,5,6,50,2,2,1,0,0,1,32.0,71.0,voiture,deux_roues,1,2,3,1,3
202300035042,2023-01-12 12:55:00,2023,1,12,12,55,69,69388,89 Avenue Paul Santy,45.73148374,4.87405658,Plein jour,En agglomération,Intersection en T,Normale,Deux véhicules - côté,4,2,2,3,1,1,1,5,6,50,2,2,1,0,0,1,32.0,71.0,voiture,deux_roues,1,2,3,1,3
202300035043,2023-09-23 05:00:00,2023,9,23,5,0,30,30189,Route d'Avignon,43.84181,4.3773,Nuit avec éclairage allumé,En agglomération,Hors intersection,Normale,Deux véhicules - arrière,4,2,3,3,1,1,1,0,1,50,2,2,1,1,0,0,27.0,41.0,voiture,deux_roues,5,2,1,1,2
202300035044,2023-01-15 00:45:00,2023,1,15,0,45,69,69386,128 Rue Ney,45.76705,4.85567,Nuit avec éclairage allumé,En agglomération,Intersection en X,Pluie légère,Deux véhicules - côté,4,1,1,0,1,1,2,0,1,30,2,2,1,0,0,1,41.0,33.0,voiture,voiture,5,2,2,2,3
202300035045,2023-01-16 07:15:00,2023,1,16,7,15,972,97209,AUTOROUTE (A1),14.61759,-61.04064,Plein jour,Hors agglomération,Hors intersection,Normale,Deux véhicules - arrière,1,2,4,0,1,1,1,0,1,90,2,2,0,0,1,1,42.0,54.0,deux_roues,voiture,1,1,1,1,2