accident_id,datetime,annee,mois,jour,heure,minute,departement,commune_insee,adresse,latitude,longitude,luminosite,agglomeration,intersection,meteo,collision,catr,circ,nbv,vosp,prof,plan,surf,infra,situ,vma,nb_vehicules,nb_usagers,nb_indemnes,nb_tues,nb_blesses_hosp,nb_blesses_legers,age_cond_1,age_cond_2,veh_type_cond_1,veh_type_cond_2,lum_code,agg_code,int_code,atm_code,col_code
202300035114,2023-01-16 09:57:00,2023,1,16,9,57,54,54382,D618,49.54567,5.80241,Plein jour,Hors agglomération,Hors intersection,Pluie légère,Autre collision,3,3,2,0,2,1,2,0,3,110,1,1,0,0,0,1,40.0,,voiture,,1,1,1,2,6
202300035115,2023-10-05 13:10:00,2023,10,5,13,10,75,75103,RUE DE BRETAGNE,48.862302,2.363691,Plein jour,En agglomération,Intersection en T,Normale,Autre collision,4,1,1,2,1,1,1,0,1,30,1,2,1,0,0,1,16.0,,deux_roues,,1,2,3,1,6
202300035115,2023-10-05 13:10:00,2023,10,5,13,10,75,75103,RUE DE BRETAGNE,48.862302,2.363691,Plein jour,En agglomération,Intersection en T,Normale,Autre collision,4,1,1,2,1,1,1,0,1,30,1,2,1,0,0,1,16.0,,deux_roues,,1,2,3,1,6
202300035116,2023-01-16 07:15:00,2023,1,16,7,15,49,49007,MONPLAISIR BOULEVARD,47.49094,-0.52816,Nuit avec éclairage allumé,En agglomération,Hors intersection,Normale,Autre collision,4,1,2,2,1,1,2,0,1,50,1,2,1,0,0,1,25.0,,deux_roues,,5,2,1,1,6
202300035117,2023-10-04 15:05:00,2023,10,4,15,5,75,75101,BOULEVARD DE SEBASTOPOL,48.85852,2.348224,Plein jour,En agglomération,Intersection en X,Normale,Deux véhicules - frontale,4,1,4,1,1,1,1,0,5,30,2,2,1,0,0,1,53.0,39.0,deux_roues,deux_roues,1,2,2,1,1
202300035117,2023-10-04 15:05:00,2023,10,4,15,5,75,75101,BOULEVARD DE SEBASTOPOL,48.85852,2.348224,Plein jour,En agglomération,Intersection en X,Normale,Deux véhicules - frontale,4,1,3,1,1,1,1,0,5,30,2,2,1,0,0,1,53.0,39.0,deux_roues,deux_roues,1,2,2,1,1
202300035118,2023-01-15 17:29:00,2023,1,15,17,29,49,49007,BLANCHOIN BOULEVARD,47.44821,-0.54053,Plein jour,En agglomération,Hors intersection,Normale,Autre collision,4,3,6,2,1,1,1,0,1,50,1,4,3,0,0,1,48.0,,voiture,,1,2,1,1,6
202300035119,2023-10-06 20:08:00,2023,10,6,20,8,94,94078,Rue Emile Zola,48.73532064,2.4517065,Nuit avec éclairage allumé,En agglomération,Intersection en X,Normale,Deux véhicules - frontale,4,-1, -1,0,1,1,1,0,1,-1,2,2,0,0,1,1,31.0,49.0,voiture,deux_roues,5,2,2,1,1
202300035119,2023-10-06 20:08:00,2023,10,6,20,8,94,94078,Rue Emile Zola,48.73532064,2.4517065,Nuit avec éclairage allumé,En agglomération,Intersection en X,Normale,Deux véhicules - frontale,4,2,2,0,1,1,1,0,1,50,2,2,0,0,1,1,31.0,49.0,voiture,deux_roues,5,2,2,1,1
202300035120,2023-01-16 08:10:00,2023,1,16,8,10,47,47031,RD 813 (nouvelle rocade),44.17448144,0.64025291,Nuit sans éclairage public,Hors agglomération,Hors intersection,Pluie légère,Trois véhicules et plus - en chaîne,4,2,2,0,1,1,2,0,1,70,4,4,2,0,0,2,25.0,51.0,voiture,voiture,3,1,1,2,4
202300035121,2023-01-14 21:00:00,2023,1,14,21,0,44,44184,47 Allée des Tulipes,47.26565,-2.25017,Nuit avec éclairage allumé,En agglomération,Hors intersection,Pluie forte,Autre collision,4,2,2,0,2,1,2,0,1,50,1,3,1,0,1,1,23.0,,voiture,,5,2,1,3,6
202300035122,2023-01-12 11:45:00,2023,1,12,11,45,42,42218,Rue Docteur Fernand Merlin,45.4632,4.408,Plein jour,En agglomération,Hors intersection,Normale,Autre collision,4,-1,0,0,1,1,1,9,8,50,1,2,1,0,1,0,51.0,,voiture,,1,2,1,1,6
202300035123,2023-01-10 12:46:00,2023,1,10,12,46,40,40192,PLACE SAINT ROCH,43.888918,-0.49959868,Plein jour,En agglomération,Hors intersection,Normale,Deux véhicules - arrière,4,1,1,0,1,1,1,0,1,30,2,2,1,0,0,1,24.0,47.0,utilitaire_camion,deux_roues,1,2,1,1,2
202300035124,2023-01-16 19:10:00,2023,1,16,19,10,35,35278,RD 91,48.16253,-1.68365,Nuit sans éclairage public,Hors agglomération,Intersection en X,Normale,Deux véhicules - frontale,3,2,3,0,1,1,2,0,1,80,2,2,0,0,0,2,41.0,31.0,voiture,voiture,3,1,2,1,1
202300035124,2023-01-16 19:10:00,2023,1,16,19,10,35,35278,RD 91,48.16253,-1.68365,Nuit sans éclairage public,Hors agglomération,Intersection en X,Normale,Deux véhicules - frontale,3,2,2,0,1,2,2,0,1,80,2,2,0,0,0,2,41.0,31.0,voiture,voiture,3,1,2,1,1
202300035125,2023-01-16 08:45:00,2023,1,16,8,45,35,35238,RN24,48.10707358,-1.72589153,Plein jour,En agglomération,Hors intersection,Pluie forte,Deux véhicules - arrière,2,3,5,3,1,1,2,0,1,50,2,2,0,0,0,2,20.0,55.0,deux_roues,voiture,1,2,1,3,2
202300035126,2023-01-16 08:50:00,2023,1,16,8,50,33,33318,Avenue Gustave Eiffel,44.78607,-0.6401,Plein jour,En agglomération,Hors intersection,Pluie légère,Deux véhicules - côté,4,2,4,1,1,1,2,0,1,50,2,2,1,0,0,1,38.0,31.0,voiture,deux_roues,1,2,1,2,3
202300035127,2023-01-16 19:30:00,2023,1,16,19,30,31,31069,CORNEBARRIEU (ROUTE DE),43.64526,1.36544,Nuit sans éclairage public,En agglomération,Autre intersection,Pluie forte,Deux véhicules - arrière,7,3,1,0,1,1,2,0,1,50,2,2,1,0,0,1,23.0,40.0,voiture,voiture,3,2,9,3,2
202300035128,2023-01-16 16:28:00,2023,1,16,16,28,31,31555,AV DE FRONTON,43.64505778,1.43333092,Plein jour,En agglomération,Hors intersection,Pluie légère,Deux véhicules - côté,7,2,2,2,1,1,2,0,1,50,2,2,1,0,1,0,56.0,29.0,deux_roues,voiture,1,2,1,2,3
202300035129,2023-01-16 13:30:00,2023,1,16,13,30,31,31069,ARAGON (MAIL LOUIS),43.64469,1.37725,Plein jour,En agglomération,Hors intersection,Pluie légère,Autre collision,4,-1,4,3,1,1,2,0,1,30,1,2,1,0,1,0,75.0,,voiture,,1,2,1,2,6
202300035130,2023-01-16 08:30:00,2023,1,16,8,30,29,29039,D783 - Route de Quimper,47.91741,-3.93696,Crépuscule ou aube,Hors agglomération,Hors intersection,Pluie légère,Trois véhicules et plus - collisions multiples,3,2,2,0,2,2,2,0,1,70,3,3,1,0,0,2,38.0,44.0,voiture,voiture,2,1,1,2,5
202300035131,2023-01-16 07:32:00,2023,1,16,7,32,28,28218,REPUBLIQUE (AVENUE DE LA),48.43962,1.46249,Nuit avec éclairage allumé,En agglomération,Hors intersection,Pluie légère,Autre collision,4,2,2,0,1,1,2,0,8,50,1,2,1,0,0,1,,,voiture,,5,2,1,2,6
202300035132,2023-01-16 12:35:00,2023,1,16,12,35,25,25462,BOULEVARD PASTEUR (DE 0 A 54),46.9042,6.349103,Plein jour,En agglomération,Intersection en X,Neige / grêle,Autre collision,4,3,2,2,1,1,5,5,1,50,1,2,1,0,1,0,48.0,,voiture,,1,2,2,4,6
202300035132,2023-01-16 12:35:00,2023,1,16,12,35,25,25462,BOULEVARD PASTEUR (DE 0 A 54),46.9042,6.349103,Plein jour,En agglomération,Intersection en X,Neige / grêle,Autre collision,4,1,1,0,1,1,5,5,1,50,1,2,1,0,1,0,48.0,,voiture,,1,2,2,4,6
202300035133,2023-01-16 08:45:00,2023,1,16,8,45,22,22215,RD 222,48.47911152,-2.78111011,Crépuscule ou aube,Hors agglomération,Hors intersection,Normale,Deux véhicules - arrière,3,3,4,0,1,1,2,0,1,70,2,2,1,0,0,1,43.0,35.0,voiture,voiture,2,1,1,1,2
202300035134,2023-01-16 02:00:00,2023,1,16,2,0,22,22187,RD786,48.55271,-2.80299,Nuit sans éclairage public,Hors agglomération,Hors intersection,Pluie légère,Autre collision,3,1,2,0,2,1,2,0,3,110,1,1,0,0,0,1,29.0,,voiture,,3,1,1,2,6
202300035135,2023-01-14 19:30:00,2023,1,14,19,30,22,22113,Route de Trégastel,48.76159471,-3.47110301,Nuit avec éclairage allumé,Hors agglomération,Intersection en T,Pluie forte,Deux véhicules - côté,3,2,2,0,1,1,2,0,1,50,2,2,1,0,0,1,42.0,20.0,voiture,voiture,5,1,3,3,3
202300035135,2023-01-14 19:30:00,2023,1,14,19,30,22,22113,Route de Trégastel,48.76159471,-3.47110301,Nuit avec éclairage allumé,Hors agglomération,Intersection en T,Pluie forte,Deux véhicules - côté,3,3,4,0,1,1,2,0,1,50,2,2,1,0,0,1,42.0,20.0,voiture,voiture,5,1,3,3,3
202300035136,2023-01-13 07:35:00,2023,1,13,7,35,19,19031,MAILLARD (AVENUE),45.16512,1.531905,Nuit avec éclairage allumé,En agglomération,Intersection à plus de 4 branches,Normale,Autre collision,3,2,2,0,1,1,2,0,1,50,1,2,1,0,0,1,35.0,,utilitaire_camion,,5,2,5,1,6
202300035136,2023-01-13 07:35:00,2023,1,13,7,35,19,19031,MAILLARD (AVENUE),45.16512,1.531905,Nuit avec éclairage allumé,En agglomération,Intersection à plus de 4 branches,Normale,Autre collision,3,2,4,0,1,1,2,0,1,50,1,2,1,0,0,1,35.0,,utilitaire_camion,,5,2,5,1,6
202300035137,2023-01-12 22:30:00,2023,1,12,22,30,17,17415,VARZAY ROUTE DE,45.72734,-0.67519,Nuit sans éclairage public,Hors agglomération,Intersection en T,Pluie forte,Sans collision,3,2,2,0,1,1,2,0,8,70,1,1,0,1,0,0,50.0,,utilitaire_camion,,3,1,3,3,7
202300035137,2023-01-12 22:30:00,2023,1,12,22,30,17,17415,VARZAY ROUTE DE,45.72734,-0.67519,Nuit sans éclairage public,Hors agglomération,Intersection en T,Pluie forte,Sans collision,3,2,2,0,1,1,2,0,8,70,1,1,0,1,0,0,50.0,,utilitaire_camion,,3,1,3,3,7
202300035138,2023-01-16 08:55:00,2023,1,16,8,55,17,17415,JOURDAN AVENUE,45.74575,-0.60775,Crépuscule ou aube,En agglomération,Hors intersection,Temps couvert,Deux véhicules - côté,4,2,2,1,2,1,2,0,5,50,2,2,0,0,0,2,34.0,58.0,voiture,voiture,2,2,1,8,3
202300035139,2023-01-16 23:50:00,2023,1,16,23,50,17,17300,QUATORZE JUILLET   AVENUE DU,46.152034,-1.12406,Nuit avec éclairage allumé,En agglomération,Intersection en X,Pluie forte,Deux véhicules - côté,4,2,2,0,1,1,2,0,1,50,2,2,1,0,0,1,,72.0,voiture,voiture,5,2,2,3,3
202300035139,2023-01-16 23:50:00,2023,1,16,23,50,17,17300,QUATORZE JUILLET   AVENUE DU,46.152034,-1.12406,Nuit avec éclairage allumé,En agglomération,Intersection en X,Pluie forte,Deux véhicules - côté,4,2,2,0,1,1,2,0,1,50,2,2,1,0,0,1,,72.0,voiture,voiture,5,2,2,3,3
202300035140,2023-01-16 20:55:00,2023,1,16,20,55,13,13117,,43.42765375,5.26079726,Nuit sans éclairage public,Hors agglomération,Hors intersection,Normale,Deux véhicules - côté,3,3,4,0,1,1,1,0,1,90,2,4,3,0,0,1,27.0,24.0,utilitaire_camion,voiture,3,1,1,1,3
202300035141,2023-01-16 07:55:00,2023,1,16,7,55,13,13117,RABIN ( AVENUE YITZHAK ),43.44867,5.24656,Crépuscule ou aube,En agglomération,Hors intersection,Temps couvert,Autre collision,4,3,2,0,1,1,1,0,1,50,1,2,1,0,0,1,66.0,,voiture,,2,2,1,8,6
202300035142,2023-01-16 21:15:00,2023,1,16,21,15,13,13103,RN 113,43.63095,5.07886,Nuit sans éclairage public,Hors agglomération,Hors intersection,Normale,Deux véhicules - arrière,3,2,3,0,1,1,1,0,1,90,2,2,1,0,0,1,31.0,48.0,voiture,voiture,3,1,1,1,2
202300035143,2023-01-16 21:50:00,2023,1,16,21,50,13,13216,ALBIN MEYLAN (RUE),43.35944048,5.33979985,Nuit avec éclairage allumé,En agglomération,Autre intersection,Normale,Deux véhicules - côté,3,2,3,0,1,1,1,0,1,50,2,4,0,0,0,4,22.0,23.0,voiture,voiture,5,2,9,1,3
202300035144,2023-01-16 16:45:00,2023,1,16,16,45,13,13203,BD FERDINAND DE LESSEPS,43.3204,5.37337,Crépuscule ou aube,En agglomération,Hors intersection,Normale,Trois véhicules et plus - collisions multiples,4,1,3,0,1,1,1,0,1,50,3,4,1,0,1,2,78.0,47.0,voiture,voiture,2,2,1,1,5
202300035145,2023-01-15 15:56:00,2023,1,15,15,56,10,10081,JEAN MOULIN (RUE),48.30655,4.03093,Plein jour,En agglomération,Intersection en X,Normale,Deux véhicules - côté,4,2,2,0,1,1,1,0,1,30,2,8,3,0,0,5,36.0,32.0,voiture,voiture,1,2,2,1,3
202300035145,2023-01-15 15:56:00,2023,1,15,15,56,10,10081,JEAN MOULIN (RUE),48.30655,4.03093,Plein jour,En agglomération,Intersection en X,Normale,Deux véhicules - côté,4,2,2,0,1,1,1,0,1,50,2,8,3,0,0,5,36.0,32.0,voiture,voiture,1,2,2,1,3
202300035146,2023-01-16 14:13:00,2023,1,16,14,13,06,06069,DRAGUIGNAN (ROUTE DE) - D2562-,43.644999,6.901114,Plein jour,En agglomération,Hors intersection,Normale,Trois véhicules et plus - en chaîne,3,2,2,0,2,1,1,0,1,50,4,4,3,0,0,1,38.0,64.0,voiture,voiture,1,2,1,1,4
202300035147,2023-01-17 18:40:00,2023,1,17,18,40,75,75120,PORTE DES LILAS,48.872376,2.412504,Nuit avec éclairage allumé,En agglomération,Hors intersection,Normale,Trois véhicules et plus - en chaîne,4,1,4,0,1,1,1,1,1,70,3,4,3,0,0,1,28.0,36.0,deux_roues,deux_roues,5,2,1,1,4
202300035148,2023-01-17 08:36:00,2023,1,17,8,36,75,75106,RUE JACOB,48.856033,2.332494,Plein jour,En agglomération,Hors intersection,Normale,Autre collision,4,1,1,1,1,1,1,-1,5,30,1,2,1,0,0,1,56.0,,deux_roues,,1,2,1,1,6
202300035149,2023-01-17 07:45:00,2023,1,17,7,45,75,75105,QUAI DE LA TOURNELLE,48.849599,2.356125,Crépuscule ou aube,En agglomération,Intersection en T,Temps couvert,Deux véhicules - côté,4,2,3,0,1,1,2,0,1,30,2,2,1,0,0,1,38.0,46.0,transport_commun,deux_roues,2,2,3,8,3
202300035149,2023-01-17 07:45:00,2023,1,17,7,45,75,75105,QUAI DE LA TOURNELLE,48.849599,2.356125,Crépuscule ou aube,En agglomération,Intersection en T,Temps couvert,Deux véhicules - côté,4,4,2,0,1,1,2,0,1,30,2,2,1,0,0,1,38.0,46.0,transport_commun,deux_roues,2,2,3,8,3
202300035150,2023-01-17 17:00:00,2023,1,17,17,0,75,75118,AVENUE DE LA PORTE DE SAINT OUEN,48.900477,2.330193,Crépuscule ou aube,En agglomération,Intersection en X,Temps couvert,Deux véhicules - côté,4,3,4,0,1,1,1,0,1,30,2,3,2,0,0,1,24.0,53.0,voiture,utilitaire_camion,2,2,2,8,3
202300035150,2023-01-17 17:00:00,2023,1,17,17,0,75,75118,AVENUE DE LA PORTE DE SAINT OUEN,48.900477,2.330193,Crépuscule ou aube,En agglomération,Intersection en X,Temps couvert,Deux véhicules - côté,4,1, -1,-1,1,1,1,0,1,-1,2,3,2,0,0,1,24.0,53.0,voiture,utilitaire_camion,2,2,2,8,3
202300035151,2023-01-17 14:15:00,2023,1,17,14,15,75,75118,BOULEVARD NEY,48.897763,2.333826,Plein jour,En agglomération,Hors intersection,Temps couvert,Autre collision,4,1,3,1,1,1,1,0,1,50,1,2,1,0,0,1,52.0,,deux_roues,,1,2,1,8,6
202300035152,2023-01-17 11:00:00,2023,1,17,11,0,75,75118,RUE DEJEAN,48.887348,2.350486,Plein jour,En agglomération,Hors intersection,Normale,Autre collision,4,1,1,3,1,1,1,6,1,-1,1,2,1,0,0,1,36.0,,voiture,,1,2,1,1,6
202300035153,2023-01-17 06:00:00,2023,1,17,6,0,75,75118,ECHANGEUR AUBERVILLIERS,48.90094134,2.37030566,Nuit avec éclairage allumé,En agglomération,Place,Normale,Autre collision,4,1,1,0,1,2,1,0,1,30,1,2,1,0,0,1,41.0,,voiture,,5,2,7,1,6
202300035153,2023-01-17 06:00:00,2023,1,17,6,0,75,75118,ECHANGEUR AUBERVILLIERS,48.90094134,2.37030566,Nuit avec éclairage allumé,En agglomération,Place,Normale,Autre collision,4,1, -1,-1,1,1,1,0,1,-1,1,2,1,0,0,1,41.0,,voiture,,5,2,7,1,6
202300035154,2023-01-16 11:46:00,2023,1,16,11,46,75,75117,RUE DES BATIGNOLLES,48.884035,2.322454,Plein jour,En agglomération,Intersection en X,Pluie forte,Autre collision,4,1, -1,-1,1,1,2,0,1,-1,1,2,1,0,0,1,,,utilitaire_camion,,1,2,2,3,6
202300035154,2023-01-16 11:46:00,2023,1,16,11,46,75,75117,RUE DES BATIGNOLLES,48.884035,2.322454,Plein jour,En agglomération,Intersection en X,Pluie forte,Autre collision,4,1,1,0,1,2,2,0,1,30,1,2,1,0,0,1,,,utilitaire_camion,,1,2,2,3,6
202300035155,2023-01-17 16:00:00,2023,1,17,16,0,75,75116,ALLEE DU BORD DE L EAU,48.867945,2.23427,Plein jour,En agglomération,Hors intersection,Pluie légère,Deux véhicules - arrière,4,2,2,0,1,1,2,0,1,50,2,2,1,0,0,1,45.0,36.0,voiture,voiture,1,2,1,2,2
202300035156,2023-01-16 08:45:00,2023,1,16,8,45,75,75116,AVENUE D IENA,48.87166156,2.29539424,Plein jour,En agglomération,Intersection en T,Pluie légère,Sans collision,4,2,2,0,1,1,2,0,1,50,1,1,0,0,0,1,24.0,,deux_roues,,1,2,3,2,7
202300035156,2023-01-16 08:45:00,2023,1,16,8,45,75,75116,AVENUE D IENA,48.87166156,2.29539424,Plein jour,En agglomération,Intersection en T,Pluie légère,Sans collision,4,1, -1,-1,1,1,2,0,1,-1,1,1,0,0,0,1,24.0,,deux_roues,,1,2,3,2,7
202300035157,2023-01-17 08:03:00,2023,1,17,8,3,75,75115,RUE JACQUES BAUDRY,48.82998398,2.30559736,Crépuscule ou aube,En agglomération,Intersection en Y,Temps couvert,Autre collision,4,-1, -1,-1,1,1,1,8,1,-1,1,1,0,0,0,1,38.0,,transport_commun,,2,2,4,8,6
202300035157,2023-01-17 08:03:00,2023,1,17,8,3,75,75115,RUE JACQUES BAUDRY,48.82998398,2.30559736,Crépuscule ou aube,En agglomération,Intersection en Y,Temps couvert,Autre collision,4,1,1,0,2,1,1,8,1,50,1,1,0,0,0,1,38.0,,transport_commun,,2,2,4,8,6
202300035158,2023-01-16 19:45:00,2023,1,16,19,45,75,75115,RUE OLIVIER DE SERRES,48.836148,2.297247,Nuit avec éclairage allumé,En agglomération,Intersection en X,Pluie légère,Sans collision,4,1, -1,-1,1,1,2,0,1,-1,1,1,0,0,0,1,33.0,,deux_roues,,5,2,2,2,7
202300035158,2023-01-16 19:45:00,2023,1,16,19,45,75,75115,RUE OLIVIER DE SERRES,48.836148,2.297247,Nuit avec éclairage allumé,En agglomération,Intersection en X,Pluie légère,Sans collision,4,1,1,1,2,1,2,0,1,30,1,1,0,0,0,1,33.0,,deux_roues,,5,2,2,2,7
202300035159,2023-01-16 19:15:00,2023,1,16,19,15,75,75114,PLACE DU VINGT CINQ AOUT 1944,48.822081,2.325438,Nuit avec éclairage allumé,En agglomération,Place,Pluie légère,Autre collision,4,1,3,3,1,1,2,0,1,30,1,2,1,0,0,1,26.0,,deux_roues,,5,2,7,2,6
202300035159,2023-01-16 19:15:00,2023,1,16,19,15,75,75114,PLACE DU VINGT CINQ AOUT 1944,48.822081,2.325438,Nuit avec éclairage allumé,En agglomération,Place,Pluie légère,Autre collision,4,3,8,3,1,1,2,0,1,30,1,2,1,0,0,1,26.0,,deux_roues,,5,2,7,2,6
202300035160,2023-01-16 17:54:00,2023,1,16,17,54,75,75110,BOULEVARD DE MAGENTA,48.87633534,2.35598266,Crépuscule ou aube,En agglomération,Intersection en X,Pluie légère,Sans collision,4,1,1,1,1,1,2,-1,5,30,1,1,0,0,0,1,29.0,,deux_roues,,2,2,2,2,7
202300035160,2023-01-16 17:54:00,2023,1,16,17,54,75,75110,BOULEVARD DE MAGENTA,48.87633534,2.35598266,Crépuscule ou aube,En agglomération,Intersection en X,Pluie légère,Sans collision,4,1, -1,-1,1,1,2,-1,5,-1,1,1,0,0,0,1,29.0,,deux_roues,,2,2,2,2,7
202300035161,2023-01-17 13:45:00,2023,1,17,13,45,75,75108,RUE DE LIEGE,48.879338,2.32551,Plein jour,En agglomération,Intersection en T,Normale,Deux véhicules - arrière,4,1, -1,-1,1,1,1,0,1,-1,2,4,2,0,0,2,20.0,41.0,deux_roues,utilitaire_camion,1,2,3,1,2
202300035161,2023-01-17 13:45:00,2023,1,17,13,45,75,75108,RUE DE LIEGE,48.879338,2.32551,Plein jour,En agglomération,Intersection en T,Normale,Deux véhicules - arrière,4,1,1,0,1,1,1,0,1,30,2,4,2,0,0,2,20.0,41.0,deux_roues,utilitaire_camion,1,2,3,1,2
202300035162,2023-01-17 11:00:00,2023,1,17,11,0,75,75108,AVENUE DE FRIEDLAND,48.873999,2.297312,Plein jour,En agglomération,Intersection en X,Normale,Autre collision,4,1,2,0,1,1,1,0,1,30,1,2,1,0,0,1,47.0,,deux_roues,,1,2,2,1,6
202300035162,2023-01-17 11:00:00,2023,1,17,11,0,75,75108,AVENUE DE FRIEDLAND,48.873999,2.297312,Plein jour,En agglomération,Intersection en X,Normale,Autre collision,4,1, -1,-1,1,1,1,0,1,-1,1,2,1,0,0,1,47.0,,deux_roues,,1,2,2,1,6
202300035163,2023-01-17 17:05:00,2023,1,17,17,5,75,75103,BOULEVARD BEAUMARCHAIS,48.857599,2.368034,Nuit avec éclairage allumé,En agglomération,Intersection en T,Temps couvert,Deux véhicules - côté,4,2,5,3,1,1,2,-1,6,30,2,2,1,0,0,1,67.0,25.0,deux_roues,deux_roues,5,2,3,8,3
202300035163,2023-01-17 17:05:00,2023,1,17,17,5,75,75103,BOULEVARD BEAUMARCHAIS,48.857599,2.368034,Nuit avec éclairage allumé,En agglomération,Intersection en T,Temps couvert,Deux véhicules - côté,4,1,1,0,2,1,2,-1,6,30,2,2,1,0,0,1,67.0,25.0,deux_roues,deux_roues,5,2,3,8,3
202300035164,2023-01-17 14:15:00,2023,1,17,14,15,94,94081,10 Rue de Choisy,48.78159492,2.40273088,Plein jour,En agglomération,Hors intersection,Pluie légère,Deux véhicules - arrière,4,2,2,0,1,1,2,0,1,50,2,2,0,0,0,2,46.0,21.0,utilitaire_camion,voiture,1,2,1,2,2
202300035165,2023-01-16 09:10:00,2023,1,16,9,10,94,94078,Av de l’Appel du 18 Juin 1940,48.75700759,2.44380677,Plein jour,En agglomération,Hors intersection,Pluie forte,Deux véhicules - arrière,2,3,4,0,1,1,2,0,1,50,2,2,1,0,1,0,64.0,22.0,voiture,voiture,1,2,1,3,2
202300035166,2023-01-17 19:25:00,2023,1,17,19,25,94,94016,Avenue de la Division Leclerc /  Rue Marc Sangnier,48.78607,2.32914,Nuit avec éclairage allumé,En agglomération,Intersection en T,Normale,Deux véhicules - arrière,3,2,2,1,1,1,1,0,1,50,2,2,1,0,0,1,,69.0,voiture,voiture,5,2,3,1,2
202300035166,2023-01-17 19:25:00,2023,1,17,19,25,94,94016,Avenue de la Division Leclerc /  Rue Marc Sangnier,48.78607,2.32914,Nuit avec éclairage allumé,En agglomération,Intersection en T,Normale,Deux véhicules - arrière,3,2,2,0,1,1,1,0,1,-1,2,2,1,0,0,1,,69.0,voiture,voiture,5,2,3,1,2
202300035167,2023-01-17 18:05:00,2023,1,17,18,5,94,94038,Bd Paul Vaillant Couturier / Rue des Tournelles,48.776281,2.339965,Nuit sans éclairage public,En agglomération,Intersection en X,Pluie légère,Deux véhicules - côté,3,3,4,0,1,1,2,5,1,30,2,2,1,0,0,1,16.0,51.0,deux_roues,voiture,3,2,2,2,3
202300035167,2023-01-17 18:05:00,2023,1,17,18,5,94,94038,Bd Paul Vaillant Couturier / Rue des Tournelles,48.776281,2.339965,Nuit sans éclairage public,En agglomération,Intersection en X,Pluie légère,Deux véhicules - côté,3,2,2,-1,1,1,2,5,1,-1,2,2,1,0,0,1,16.0,51.0,deux_roues,voiture,3,2,2,2,3
202300035168,2023-01-17 18:55:00,2023,1,17,18,55,93,93059,Avenue Emile Zola / Rue Toussaint Louverture,48.94972226,2.36533231,Crépuscule ou aube,En agglomération,Intersection en X,Normale,Autre collision,3,2,3,3,1,1,1,5,1,50,1,2,1,0,1,0,60.0,,voiture,,2,2,2,1,6
202300035168,2023-01-17 18:55:00,2023,1,17,18,55,93,93059,Avenue Emile Zola / Rue Toussaint Louverture,48.94972226,2.36533231,Crépuscule ou aube,En agglomération,Intersection en X,Normale,Autre collision,3,2,2,1,1,1,1,0,1,-1,1,2,1,0,1,0,60.0,,voiture,,2,2,2,1,6
202300035169,2023-01-17 08:25:00,2023,1,17,8,25,93,93064,Avenue Jean Jaurès / Rue du Général Leclerc,48.87103,2.48657,Crépuscule ou aube,En agglomération,Intersection en X,Normale,Autre collision,3,2,2,0,1,1,1,0,1,50,1,2,1,0,0,1,63.0,,deux_roues,,2,2,2,1,6
202300035169,2023-01-17 08:25:00,2023,1,17,8,25,93,93064,Avenue Jean Jaurès / Rue du Général Leclerc,48.87103,2.48657,Crépuscule ou aube,En agglomération,Intersection en X,Normale,Autre collision,3,1,2,-1,1,1,1,0,1,-1,1,2,1,0,0,1,63.0,,deux_roues,,2,2,2,1,6
202300035170,2023-01-17 12:00:00,2023,1,17,12,0,93,93005,Boulevard de Strasbourg,48.92392916,2.48616904,Plein jour,En agglomération,Hors intersection,Normale,Deux véhicules - arrière,4,2,2,0,1,1,1,0,1,50,2,3,2,0,0,1,26.0,24.0,voiture,utilitaire_camion,1,2,1,1,2
202300035171,2023-01-17 19:45:00,2023,1,17,19,45,92,92046,PIERRE LAROUSSE (AVENUE),48.82134756,2.30450624,Nuit avec éclairage allumé,En agglomération,Hors intersection,Temps couvert,Deux véhicules - côté,3,2,2,0,1,1,2,0,1,50,2,2,0,0,1,1,17.0,22.0,deux_roues,deux_roues,5,2,1,8,3
202300035172,2023-01-17 19:35:00,2023,1,17,19,35,92,92044,ERNEST COGNACQ(RUE),48.895617,2.277542,Nuit avec éclairage allumé,En agglomération,Intersection en X,Normale,Deux véhicules - côté,4,-1,2,0,1,1,1,0,1,50,2,3,2,0,0,1,39.0,21.0,voiture,voiture,5,2,2,1,3
202300035172,2023-01-17 19:35:00,2023,1,17,19,35,92,92044,ERNEST COGNACQ(RUE),48.895617,2.277542,Nuit avec éclairage allumé,En agglomération,Intersection en X,Normale,Deux véhicules - côté,4,1,1,0,1,1,1,0,1,50,2,3,2,0,0,1,39.0,21.0,voiture,voiture,5,2,2,1,3
202300035173,2023-01-17 07:00:00,2023,1,17,7,0,92,92036,LOUIS ROCHE (AVENUE) (153/203),48.931051,2.306622,Nuit avec éclairage allumé,En agglomération,Hors intersection,Normale,Deux véhicules - frontale,3,2,2,0,1,1,1,0,1,50,2,2,1,0,0,1,26.0,34.0,deux_roues,voiture,5,2,1,1,1
202300035174,2023-01-17 15:30:00,2023,1,17,15,30,92,92007,PASTEUR (AVENUE LOUIS) N° 1 A 39 ET 2 A,48.80036,2.31815,Plein jour,En agglomération,Hors intersection,Temps couvert,Deux véhicules - côté,4,2,2,0,1,1,2,0,1,50,2,3,2,0,0,1,81.0,30.0,voiture,utilitaire_camion,1,2,1,8,3
202300035175,2023-01-17 12:53:00,2023,1,17,12,53,92,92009,ADOLPHE GUYOT ( RUE ),48.91790071,2.27911323,Plein jour,En agglomération,Intersection en X,Normale,Deux véhicules - côté,3,1,2,0,1,1,1,0,1,50,2,2,1,0,0,1,48.0,24.0,voiture,deux_roues,1,2,2,1,3