accident_id,datetime,annee,mois,jour,heure,minute,departement,commune_insee,adresse,latitude,longitude,luminosite,agglomeration,intersection,meteo,collision,catr,circ,nbv,vosp,prof,plan,surf,infra,situ,vma,nb_vehicules,nb_usagers,nb_indemnes,nb_tues,nb_blesses_hosp,nb_blesses_legers,age_cond_1,age_cond_2,veh_type_cond_1,veh_type_cond_2,lum_code,agg_code,int_code,atm_code,col_code
202300035175,2023-01-17 12:53:00,2023,1,17,12,53,92,92009,ADOLPHE GUYOT ( RUE ),48.91790071,2.27911323,Plein jour,En agglomération,Intersection en X,Normale,Deux véhicules - côté,3,2,2,0,1,1,1,0,1,50,2,2,1,0,0,1,48.0,24.0,voiture,deux_roues,1,2,2,1,3
202300035176,2023-01-16 07:00:00,2023,1,16,7,0,92,92009,ARGENTEUIL ( AVENUE D' ),48.92328856,2.27588037,Nuit avec éclairage allumé,En agglomération,Hors intersection,Normale,Autre collision,3,2,2,0,1,1,1,0,1,50,1,2,1,0,0,1,45.0,,utilitaire_camion,,5,2,1,1,6
202300035177,2023-01-16 11:15:00,2023,1,16,11,15,92,92004,VOLTAIRE ( BD ),48.916504,2.289309,Crépuscule ou aube,En agglomération,Hors intersection,Normale,Deux véhicules - côté,3,2,2,0,1,1,2,0,1,50,2,2,1,0,0,1,38.0,46.0,deux_roues,voiture,2,2,1,1,3
202300035178,2023-01-14 02:35:00,2023,1,14,2,35,92,92004,DOCTEUR DERVAUX  ( QUAI DU ),48.90845,2.29295,Nuit avec éclairage allumé,En agglomération,Hors intersection,Pluie légère,Deux véhicules - côté,3,3,4,0,1,1,2,0,1,50,2,5,4,0,1,0,20.0,29.0,voiture,voiture,5,2,1,2,3
202300035179,2023-01-16 18:10:00,2023,1,16,18,10,92,92014,HUIT MAI 1945 (RUE DU),48.78275,2.31586,Nuit avec éclairage allumé,En agglomération,Hors intersection,Normale,Autre collision,3,3,2,0,1,1,1,0,1,50,1,3,2,0,0,1,27.0,,autre,,5,2,1,1,6
202300035180,2023-01-15 16:55:00,2023,1,15,16,55,29,29236,Kernézet,47.88696304,-3.71466186,Plein jour,Hors agglomération,Hors intersection,Pluie légère,Autre collision,2,3,4,0,1,1,2,0,1,110,1,2,1,0,1,0,40.0,,voiture,,1,1,1,2,6
202300035181,2023-01-17 06:30:00,2023,1,17,6,30,37,37226,D910,47.101812,0.612381,Nuit avec éclairage allumé,En agglomération,Giratoire,Pluie légère,Deux véhicules - arrière,3,2,2,0,1,1,2,5,1,50,2,3,2,0,1,0,19.0,44.0,deux_roues,voiture,5,2,6,2,2
202300035181,2023-01-17 06:30:00,2023,1,17,6,30,37,37226,D910,47.101812,0.612381,Nuit avec éclairage allumé,En agglomération,Giratoire,Pluie légère,Deux véhicules - arrière,3,2,2,0,1,2,2,5,1,50,2,3,2,0,1,0,19.0,44.0,deux_roues,voiture,5,2,6,2,2
202300035182,2023-01-17 04:30:00,2023,1,17,4,30,90,90015,A36 pk 039.200 sens Mulhouse/Beaune,47.589458,6.857282,Nuit sans éclairage public,Hors agglomération,Hors intersection,Autre,Sans collision,1,3,3,0,1,2,7,0,1,110,1,1,0,0,1,0,35.0,,voiture,,3,1,1,9,7
202300035183,2023-01-16 10:46:00,2023,1,16,10,46,69,69175,Route Départementale 389,45.79077641,4.58551613,Plein jour,Hors agglomération,Hors intersection,Pluie légère,Autre collision,3,2,2,2,1,1,2,0,1,70,1,2,1,0,1,0,60.0,,voiture,,1,1,1,2,6
202300035184,2023-01-16 19:00:00,2023,1,16,19,0,13,13081,A7-Sens Marseille vers Lyon,43.48881066,5.24058515,Nuit avec éclairage allumé,Hors agglomération,Hors intersection,Normale,Deux véhicules - arrière,1,1,2,0,2,3,1,0,1,110,2,3,1,0,0,2,31.0,20.0,voiture,voiture,5,1,1,1,2
202300035185,2023-01-17 10:50:00,2023,1,17,10,50,13,13215,A507 sens Aubagne- Marseille,43.34402544,5.37531776,Plein jour,Hors agglomération,Hors intersection,Normale,Autre collision,1,1,2,0,2,2,2,0,1,70,1,1,0,0,0,1,36.0,,utilitaire_camion,,1,1,1,1,6
202300035186,2023-01-17 08:00:00,2023,1,17,8,0,13,13071,A7-Sens Marseille vers Lyon,43.40642663,5.29197251,Crépuscule ou aube,Hors agglomération,Hors intersection,Pluie légère,Deux véhicules - arrière,1,3,2,0,1,1,2,0,1,110,2,2,1,0,0,1,31.0,34.0,utilitaire_camion,utilitaire_camion,2,1,1,2,2
202300035187,2023-01-17 08:10:00,2023,1,17,8,10,13,13202,A55-Sens Martigues vers Marseille,43.312761,5.368108,Plein jour,Hors agglomération,Hors intersection,Pluie légère,Sans collision,1,1,3,0,1,1,2,3,1,50,1,1,0,0,0,1,31.0,,deux_roues,,1,1,1,2,7
202300035188,2023-01-17 07:00:00,2023,1,17,7,0,13,13071,A7-Sens Marseille vers Lyon,43.40642454,5.29149727,Nuit sans éclairage public,Hors agglomération,Hors intersection,Pluie légère,Trois véhicules et plus - en chaîne,1,1,3,0,1,1,2,0,2,110,3,4,1,0,0,3,45.0,53.0,voiture,utilitaire_camion,3,1,1,2,4
202300035189,2023-01-17 08:20:00,2023,1,17,8,20,33,33487,AUTOROUTE A10,44.939219,-0.466734,Plein jour,Hors agglomération,Hors intersection,Pluie légère,Trois véhicules et plus - en chaîne,1,3,6,0,1,1,2,0,1,130,3,4,2,0,0,2,63.0,47.0,voiture,voiture,1,1,1,2,4
202300035190,2023-01-16 18:15:00,2023,1,16,18,15,33,33119,ROUTE NATIONALE 230,44.851668,-0.504715,Nuit avec éclairage non allumé,Hors agglomération,Hors intersection,Pluie légère,Trois véhicules et plus - en chaîne,2,3,6,0,1,1,2,0,1,70,3,4,3,0,0,1,27.0,19.0,voiture,voiture,4,1,1,2,4
202300035191,2023-01-17 08:00:00,2023,1,17,8,0,94,94034,A86,48.76170971,2.31572551,Nuit sans éclairage public,Hors agglomération,Hors intersection,Normale,Deux véhicules - côté,1,3,2,0,1,1,1,0,1,70,2,2,1,0,0,1,32.0,41.0,deux_roues,voiture,3,1,1,1,3
202300035192,2023-01-16 09:00:00,2023,1,16,9,0,78,78640,A86 INT,48.778056,2.213416,Plein jour,Hors agglomération,Hors intersection,Pluie légère,Trois véhicules et plus - collisions multiples,1,-1,3,0,1,1,2,0,1,110,3,3,2,0,0,1,35.0,36.0,voiture,deux_roues,1,1,1,2,5
202300035193,2023-01-17 08:25:00,2023,1,17,8,25,95,95018,A15,48.96133067,2.2686043,Crépuscule ou aube,Hors agglomération,Hors intersection,Normale,Trois véhicules et plus - collisions multiples,1,3,6,0,1,1,1,0,1,110,4,4,3,1,0,0,58.0,60.0,voiture,voiture,2,1,1,1,5
202300035194,2023-01-16 14:30:00,2023,1,16,14,30,93,93027,BDL,48.93503675,2.40334511,Plein jour,Hors agglomération,Hors intersection,Pluie légère,Sans collision,1,1,2,0,3,2,2,2,1,70,1,1,0,0,0,1,19.0,,utilitaire_camion,,1,1,1,2,7
202300035195,2023-01-16 16:15:00,2023,1,16,16,15,93,93066,AUTOROUTE A1,48.91529,2.35797,Plein jour,Hors agglomération,Hors intersection,Temps couvert,Autre collision,1,3,4,0,1,1,2,1,1,90,2,2,1,0,0,1,,22.0,autre,voiture,1,1,1,8,6
202300035196,2023-01-15 03:20:00,2023,1,15,3,20,95,95582,A115,48.98062982,2.2409411,Nuit sans éclairage public,Hors agglomération,Hors intersection,Pluie forte,Deux véhicules - arrière,1,3,4,0,2,3,3,0,1,70,2,2,1,0,0,1,22.0,25.0,voiture,voiture,3,1,1,3,2
202300035197,2023-01-16 08:30:00,2023,1,16,8,30,77,77053,RN104,48.692762,2.595246,Plein jour,Hors agglomération,Hors intersection,Pluie forte,Trois véhicules et plus - collisions multiples,2,3,6,0,1,1,2,0,1,90,3,3,1,0,0,2,30.0,40.0,voiture,utilitaire_camion,1,1,1,3,5
202300035198,2023-01-14 20:45:00,2023,1,14,20,45,988,98818,PROMENADE ROGER LAROQUE,-22.30267,166.44393,Nuit avec éclairage allumé,En agglomération,Hors intersection,Normale,Deux véhicules - frontale,4,2,2,0,1,1,1,8,1,30,2,3,2,0,1,0,37.0,66.0,utilitaire_camion,deux_roues,5,2,1,1,1
202300035199,2023-01-15 12:43:00,2023,1,15,12,43,976,97611,tsoundzou-Kadjifouni ( rue ),-12.80621,45.20859,Plein jour,En agglomération,Autre intersection,Normale,Trois véhicules et plus - collisions multiples,2,2,2,0,1,3,1,9,1,50,3,4,3,0,1,0,34.0,33.0,voiture,deux_roues,1,2,9,1,5
202300035200,2023-01-15 15:15:00,2023,1,15,15,15,974,97416,COLARDEAU (CHEMIN FERNAND),-21.3377,55.46401,Plein jour,En agglomération,Hors intersection,Normale,Deux véhicules - côté,4,2,2,0,1,1,1,0,1,50,2,2,1,0,0,1,34.0,16.0,voiture,deux_roues,1,2,1,1,3
202300035201,2023-01-15 15:25:00,2023,1,15,15,25,973,97302,BADUEL (ROUTE DE),4.92859,-52.29398,Plein jour,En agglomération,Hors intersection,Normale,Sans collision,3,2,2,2,1,1,1,0,1,50,1,1,0,0,0,1,41.0,,deux_roues,,1,2,1,1,7
202300035202,2023-01-14 12:25:00,2023,1,14,12,25,972,97209,GENERAL DE GAULLE (BLD DU),14.60769,-61.0696,Plein jour,En agglomération,Intersection en X,Normale,Deux véhicules - côté,2,3,2,0,1,1,1,0,1,50,2,2,1,0,0,1,39.0,43.0,deux_roues,voiture,1,2,2,1,3
202300035202,2023-01-14 12:25:00,2023,1,14,12,25,972,97209,GENERAL DE GAULLE (BLD DU),14.60769,-61.0696,Plein jour,En agglomération,Intersection en X,Normale,Deux véhicules - côté,2,1,1,0,1,1,1,0,1,50,2,2,1,0,0,1,39.0,43.0,deux_roues,voiture,1,2,2,1,3
202300035203,2023-01-14 12:00:00,2023,1,14,12,0,972,97209,REDOUTE (ROUTE DE LA),14.61505,-61.06191,Plein jour,Hors agglomération,Giratoire,Normale,Deux véhicules - côté,2,1,0,0,2,2,1,9,1,50,2,3,2,0,0,1,52.0,60.0,deux_roues,voiture,1,1,6,1,3
202300035203,2023-01-14 12:00:00,2023,1,14,12,0,972,97209,REDOUTE (ROUTE DE LA),14.61505,-61.06191,Plein jour,Hors agglomération,Giratoire,Normale,Deux véhicules - côté,2,1,1,0,2,2,1,2,1,50,2,3,2,0,0,1,52.0,60.0,deux_roues,voiture,1,1,6,1,3
202300035204,2023-01-15 14:40:00,2023,1,15,14,40,91,91377,RTE DE PALAISEAU,48.728054,2.24538,Plein jour,En agglomération,Hors intersection,Normale,Autre collision,3,-1, -1,0,1,1,1,0,8,30,1,2,1,0,1,0,28.0,,voiture,,1,2,1,1,6
202300035205,2023-01-15 14:15:00,2023,1,15,14,15,91,91657,AV DE LA CONCORDE,48.70607,2.41846,Plein jour,En agglomération,Hors intersection,Normale,Autre collision,4,2,2,0,1,1,1,0,1,50,1,5,4,0,0,1,49.0,,voiture,,1,2,1,1,6
202300035206,2023-01-15 08:35:00,2023,1,15,8,35,88,88415,Grande Rue,48.02147,6.60695,Crépuscule ou aube,En agglomération,Hors intersection,Pluie forte,Deux véhicules - côté,3,2,2,0,1,1,2,0,1,50,2,2,1,0,1,0,50.0,56.0,deux_roues,voiture,2,2,1,3,3
202300035207,2023-01-15 17:50:00,2023,1,15,17,50,85,85194,6 Rue du 8 mai 1945,46.53696,-1.7724,Crépuscule ou aube,En agglomération,Hors intersection,Pluie légère,Deux véhicules - frontale,4,2,2,0,1,1,2,0,1,50,2,2,1,0,0,1,49.0,16.0,voiture,deux_roues,2,2,1,2,1
202300035208,2023-01-15 19:40:00,2023,1,15,19,40,82,82033,L'USINE (RUE DE),44.04962,1.10872,Nuit avec éclairage allumé,En agglomération,Intersection en T,Normale,Deux véhicules - côté,4,2,2,0,1,1,1,0,1,50,2,2,1,0,0,1,,16.0,voiture,deux_roues,5,2,3,1,3
202300035208,2023-01-15 19:40:00,2023,1,15,19,40,82,82033,L'USINE (RUE DE),44.04962,1.10872,Nuit avec éclairage allumé,En agglomération,Intersection en T,Normale,Deux véhicules - côté,4,2,2,0,1,1,1,0,1,50,2,2,1,0,0,1,,16.0,voiture,deux_roues,5,2,3,1,3
202300035209,2023-01-15 09:30:00,2023,1,15,9,30,76,76391,Rue de Rouen,49.30772667,0.98001966,Plein jour,Hors agglomération,Intersection en Y,Temps couvert,Autre collision,7,2,2,0,1,1,2,0,3,80,1,2,0,0,1,1,21.0,,voiture,,1,1,4,8,6
202300035209,2023-01-15 09:30:00,2023,1,15,9,30,76,76391,Rue de Rouen,49.30772667,0.98001966,Plein jour,Hors agglomération,Intersection en Y,Temps couvert,Autre collision,7,2,2,0,2,4,2,0,3,80,1,2,0,0,1,1,21.0,,voiture,,1,1,4,8,6
202300035210,2023-01-15 19:50:00,2023,1,15,19,50,74,74281,DRANSE (AVENUE DE LA),46.36502,6.50845,Nuit sans éclairage public,Hors agglomération,Hors intersection,Normale,Trois véhicules et plus - collisions multiples,3,2,2,0,2,1,1,0,1,70,3,4,2,0,0,2,27.0,26.0,voiture,voiture,3,1,1,1,5
202300035211,2023-01-15 13:15:00,2023,1,15,13,15,69,69264,Rue Ernest Renan,45.99384,4.70729,Plein jour,En agglomération,Hors intersection,Normale,Deux véhicules - côté,3,2,2,0,1,1,1,0,1,50,2,2,1,0,0,1,58.0,36.0,voiture,deux_roues,1,2,1,1,3
202300035212,2023-01-15 01:10:00,2023,1,15,1,10,60,60175,SORTIE RN 16 ACCES ROUTE DE CHANTI,49.24724678,2.47665095,Nuit sans éclairage public,Hors agglomération,Intersection en Y,Pluie légère,Autre collision,3,2,2,0,1,1,2,0,1,90,1,5,0,0,0,5,24.0,,voiture,,3,1,4,2,6
202300035212,2023-01-15 01:10:00,2023,1,15,1,10,60,60175,SORTIE RN 16 ACCES ROUTE DE CHANTI,49.24724678,2.47665095,Nuit sans éclairage public,Hors agglomération,Intersection en Y,Pluie légère,Autre collision,3,1,2,0,1,3,2,9,1,90,1,5,0,0,0,5,24.0,,voiture,,3,1,4,2,6
202300035213,2023-01-15 20:10:00,2023,1,15,20,10,59,59410,ACACIAS AVENUE DES,50.642,3.104,Nuit avec éclairage allumé,En agglomération,Intersection en X,Pluie légère,Deux véhicules - côté,7,1,2,1,1,1,2,0,1,30,2,2,0,0,0,2,27.0,30.0,voiture,voiture,5,2,2,2,3
202300035213,2023-01-15 20:10:00,2023,1,15,20,10,59,59410,ACACIAS AVENUE DES,50.642,3.104,Nuit avec éclairage allumé,En agglomération,Intersection en X,Pluie légère,Deux véhicules - côté,7,1,2,1,1,1,2,0,1,30,2,2,0,0,0,2,27.0,30.0,voiture,voiture,5,2,2,2,3
202300035214,2023-01-15 11:00:00,2023,1,15,11,0,59,59350,LOUIS XIV BOULEVARD,50.62883,3.07362,Plein jour,En agglomération,Intersection en T,Temps éblouissant,Deux véhicules - côté,4,3,4,3,1,1,2,0,1,30,2,2,1,0,0,1,32.0,47.0,voiture,deux_roues,1,2,3,7,3
202300035214,2023-01-15 11:00:00,2023,1,15,11,0,59,59350,LOUIS XIV BOULEVARD,50.62883,3.07362,Plein jour,En agglomération,Intersection en T,Temps éblouissant,Deux véhicules - côté,4,2,2,0,1,1,2,0,8,30,2,2,1,0,0,1,32.0,47.0,voiture,deux_roues,1,2,3,7,3
202300035215,2023-01-14 04:05:00,2023,1,14,4,5,59,59350,SOLFERINO RUE N°1 - 159,50.63023,3.05668,Nuit avec éclairage allumé,Hors agglomération,Intersection en X,Normale,Autre collision,4,2,0,2,1,1,1,0,1,30,1,2,1,0,1,0,23.0,,deux_roues,,5,1,2,1,6
202300035215,2023-01-14 04:05:00,2023,1,14,4,5,59,59350,SOLFERINO RUE N°1 - 159,50.63023,3.05668,Nuit avec éclairage allumé,Hors agglomération,Intersection en X,Normale,Autre collision,4,2,0,0,1,1,1,5,1,30,1,2,1,0,1,0,23.0,,deux_roues,,5,1,2,1,6
202300035216,2023-01-14 17:50:00,2023,1,14,17,50,54,54528,Avenue du General Bigeard,48.670179,5.890251,Nuit avec éclairage allumé,En agglomération,Autre intersection,Pluie forte,Autre collision,3,1, -1,0,1,2,2,5,1,50,2,6,5,0,0,1,49.0,26.0,voiture,voiture,5,2,9,3,6
202300035216,2023-01-14 17:50:00,2023,1,14,17,50,54,54528,Avenue du General Bigeard,48.670179,5.890251,Nuit avec éclairage allumé,En agglomération,Autre intersection,Pluie forte,Autre collision,3,1, -1,-1,1,3,2,5,1,50,2,6,5,0,0,1,49.0,26.0,voiture,voiture,5,2,9,3,6
202300035217,2023-01-14 19:55:00,2023,1,14,19,55,54,54528,Rue Albert Denis,48.6668,5.88228,Nuit avec éclairage allumé,En agglomération,Hors intersection,Pluie légère,Autre collision,3,2,2,0,1,1,2,9,8,50,1,2,1,1,0,0,28.0,,voiture,,5,2,1,2,6
202300035218,2023-01-15 13:40:00,2023,1,15,13,40,54,54482,Rue Alexandre 1er,48.70057483,6.20258152,Plein jour,En agglomération,Hors intersection,Normale,Autre collision,4,2,2,0,1,1,1,0,1,50,1,2,1,0,0,1,37.0,,voiture,,1,2,1,1,6
202300035219,2023-01-15 21:20:00,2023,1,15,21,20,54,54323,52 (ROUTE NATIONALE),49.52601,5.75416,Nuit sans éclairage public,Hors agglomération,Hors intersection,Pluie légère,Autre collision,2,3,4,0,1,1,2,0,3,110,1,1,0,0,0,1,40.0,,voiture,,3,1,1,2,6
202300035220,2023-01-15 06:45:00,2023,1,15,6,45,48,48095,FLEURS (RUE DES),44.52482,3.50356,Nuit avec éclairage allumé,En agglomération,Intersection en Y,Pluie légère,Autre collision,4,2,2,0,2,1,2,0,8,50,1,5,2,0,2,1,17.0,,voiture,,5,2,4,2,6
202300035220,2023-01-15 06:45:00,2023,1,15,6,45,48,48095,FLEURS (RUE DES),44.52482,3.50356,Nuit avec éclairage allumé,En agglomération,Intersection en Y,Pluie légère,Autre collision,4,2,2,0,2,1,2,0,8,50,1,5,2,0,2,1,17.0,,voiture,,5,2,4,2,6
202300035221,2023-01-13 17:00:00,2023,1,13,17,0,35,35115,FORET (RUE DE LA),48.35877867,-1.19304389,Crépuscule ou aube,En agglomération,Hors intersection,Temps couvert,Autre collision,4,2,2,0,1,1,1,0,1,30,1,2,1,0,0,1,88.0,,voiture,,2,2,1,8,6
202300035222,2023-01-15 06:45:00,2023,1,15,6,45,34,34172,210 Rue Mathieu Laurens,43.60525,3.8921,Nuit avec éclairage allumé,En agglomération,Place,Normale,Sans collision,4,1,1,0,1,3,8,0,1,50,1,2,0,0,0,2,21.0,,deux_roues,,5,2,7,1,7
202300035223,2023-01-15 02:40:00,2023,1,15,2,40,34,34172,679 Avenue des Prés d'Arènes,43.59154,3.88221,Nuit avec éclairage allumé,En agglomération,Intersection en T,Normale,Deux véhicules - arrière,4,2,2,0,1,1,1,0,1,30,2,2,1,0,0,1,36.0,,voiture,voiture,5,2,3,1,2
202300035223,2023-01-15 02:40:00,2023,1,15,2,40,34,34172,679 Avenue des Prés d'Arènes,43.59154,3.88221,Nuit avec éclairage allumé,En agglomération,Intersection en T,Normale,Deux véhicules - arrière,4,1,2,0,1,1,1,0,1,30,2,2,1,0,0,1,36.0,,voiture,voiture,5,2,3,1,2
202300035224,2023-01-15 16:10:00,2023,1,15,16,10,30,30007,ARAGO (RUE),44.12765,4.07315,Plein jour,En agglomération,Intersection en T,Normale,Deux véhicules - côté,4,1,1,0,1,1,1,0,1,50,2,2,1,0,1,0,20.0,27.0,voiture,deux_roues,1,2,3,1,3
202300035224,2023-01-15 16:10:00,2023,1,15,16,10,30,30007,ARAGO (RUE),44.12765,4.07315,Plein jour,En agglomération,Intersection en T,Normale,Deux véhicules - côté,4,2,2,0,1,2,1,9,1,70,2,2,1,0,1,0,20.0,27.0,voiture,deux_roues,1,2,3,1,3
202300035225,2023-01-16 00:40:00,2023,1,16,0,40,27,27229,SAINT ANDRE (ROUTE DE),49.00966,1.16658,Nuit avec éclairage allumé,En agglomération,Giratoire,Pluie forte,Sans collision,4,2,4,0,1,3,2,0,4,50,1,2,0,0,0,2,39.0,,voiture,,5,2,6,3,7
202300035225,2023-01-16 00:40:00,2023,1,16,0,40,27,27229,SAINT ANDRE (ROUTE DE),49.00966,1.16658,Nuit avec éclairage allumé,En agglomération,Giratoire,Pluie forte,Sans collision,4,2,0,0,1,3,2,0,4,50,1,2,0,0,0,2,39.0,,voiture,,5,2,6,3,7
202300035226,2023-01-14 18:30:00,2023,1,14,18,30,13,13210,SAINT LOUP (BOULEVARD DE),43.28221035,5.4300152,Nuit avec éclairage allumé,En agglomération,Hors intersection,Normale,Autre collision,4,2,2,0,1,1,1,0,1,50,1,2,1,0,0,1,66.0,,voiture,,5,2,1,1,6
202300035227,2023-01-14 21:45:00,2023,1,14,21,45,13,13210,L ARMEE D AFRIQUE (CHEMIN DE L'),43.28862,5.40929,Nuit avec éclairage allumé,En agglomération,Hors intersection,Normale,Deux véhicules - frontale,3,2,2,0,1,1,1,0,1,50,1,2,0,0,1,1,52.0,,voiture,,5,2,1,1,1
202300035228,2023-01-14 17:00:00,2023,1,14,17,0,13,13001,BERRE (ROUTE DE),43.53961,5.37831,Plein jour,Hors agglomération,Intersection en T,Normale,Deux véhicules - côté,3,2,2,0,1,1,1,0,1,80,2,2,1,0,1,0,38.0,46.0,deux_roues,utilitaire_camion,1,1,3,1,3
202300035228,2023-01-14 17:00:00,2023,1,14,17,0,13,13001,BERRE (ROUTE DE),43.53961,5.37831,Plein jour,Hors agglomération,Intersection en T,Normale,Deux véhicules - côté,3,2,0,0,1,1,1,0,8,80,2,2,1,0,1,0,38.0,46.0,deux_roues,utilitaire_camion,1,1,3,1,3
202300035229,2023-01-15 10:55:00,2023,1,15,10,55,06,06088,TURIN (RTE DE),43.718831,7.28497,Plein jour,En agglomération,Hors intersection,Normale,Autre collision,4,2,2,0,1,1,1,2,1,50,1,1,0,0,0,1,84.0,,voiture,,1,2,1,1,6
202300035230,2023-01-15 16:15:00,2023,1,15,16,15,06,06069,BELLETRUD (BOULEVARD DU DOCTEUR),43.665447,6.89584,Plein jour,Hors agglomération,Hors intersection,Normale,Autre collision,3,2,2,0,2,1,1,0,1,70,1,1,0,0,0,1,51.0,,voiture,,1,1,1,1,6
202300035231,2023-01-15 10:10:00,2023,1,15,10,10,02,02738,14 Boulevard Jean de la Fontaine,49.650173,3.287017,Plein jour,En agglomération,Intersection en T,Normale,Deux véhicules - côté,4,-1,2,0,1,1,2,0,8,50,2,2,1,0,0,1,60.0,16.0,voiture,deux_roues,1,2,3,1,3
202300035231,2023-01-15 10:10:00,2023,1,15,10,10,02,02738,14 Boulevard Jean de la Fontaine,49.650173,3.287017,Plein jour,En agglomération,Intersection en T,Normale,Deux véhicules - côté,4,-1,2,0,1,1,2,0,1,30,2,2,1,0,0,1,60.0,16.0,voiture,deux_roues,1,2,3,1,3
202300035232,2023-01-14 12:55:00,2023,1,14,12,55,75,75116,AVENUE PAUL DOUMER,48.85824,2.274849,Plein jour,En agglomération,Intersection à plus de 4 branches,Pluie légère,Autre collision,4,2,2,3,1,3,2,0,1,30,1,2,1,0,1,0,43.0,,voiture,,1,2,5,2,6
202300035232,2023-01-14 12:55:00,2023,1,14,12,55,75,75116,AVENUE PAUL DOUMER,48.85824,2.274849,Plein jour,En agglomération,Intersection à plus de 4 branches,Pluie légère,Autre collision,4,2,2,0,1,1,2,0,1,30,1,2,1,0,1,0,43.0,,voiture,,1,2,5,2,6
202300035233,2023-01-16 19:40:00,2023,1,16,19,40,75,75106,BOULEVARD SAINT MICHEL,48.841421,2.337499,Nuit avec éclairage allumé,En agglomération,Intersection en Y,Normale,Deux véhicules - côté,4,2,4,1,1,1,2,8,1,30,2,2,1,0,0,1,21.0,55.0,deux_roues,deux_roues,5,2,4,1,3
202300035233,2023-01-16 19:40:00,2023,1,16,19,40,75,75106,BOULEVARD SAINT MICHEL,48.841421,2.337499,Nuit avec éclairage allumé,En agglomération,Intersection en Y,Normale,Deux véhicules - côté,4,2, -1,-1,1,1,2,8,1,-1,2,2,1,0,0,1,21.0,55.0,deux_roues,deux_roues,5,2,4,1,3
202300035234,2023-01-14 20:50:00,2023,1,14,20,50,75,75114,RUE RAYMOND LOSSERAND,48.831799,2.314118,Nuit avec éclairage allumé,En agglomération,Hors intersection,Pluie légère,Autre collision,4,1,1,0,1,1,2,0,1,30,1,2,1,0,0,1,52.0,,voiture,,5,2,1,2,6
202300035235,2023-01-16 09:50:00,2023,1,16,9,50,75,75112,RUE DE CHARENTON,48.85278,2.370669,Plein jour,En agglomération,Hors intersection,Pluie légère,Autre collision,4,1,1,0,1,1,2,0,1,30,1,2,1,0,0,1,52.0,,deux_roues,,1,2,1,2,6
202300035236,2023-01-15 06:00:00,2023,1,15,6,0,75,75112,BOULEVARD DIDEROT,48.847349,2.386798,Nuit avec éclairage allumé,En agglomération,Intersection en X,Pluie légère,Autre collision,4,-1,2,0,1,1,2,0,1,30,1,1,0,0,0,1,38.0,,voiture,,5,2,2,2,6
202300035236,2023-01-15 06:00:00,2023,1,15,6,0,75,75112,BOULEVARD DIDEROT,48.847349,2.386798,Nuit avec éclairage allumé,En agglomération,Intersection en X,Pluie légère,Autre collision,4,2, -1,-1,1,1,2,0,1,-1,1,1,0,0,0,1,38.0,,voiture,,5,2,2,2,6
202300035237,2023-01-16 08:15:00,2023,1,16,8,15,75,75110,RUE DU CHATEAU LANDON,48.878856,2.362348,Nuit avec éclairage non allumé,En agglomération,Intersection en Y,Pluie légère,Autre collision,4,2,2,3,1,1,2,0,1,30,1,2,1,0,0,1,48.0,,voiture,,4,2,4,2,6
202300035237,2023-01-16 08:15:00,2023,1,16,8,15,75,75110,RUE DU CHATEAU LANDON,48.878856,2.362348,Nuit avec éclairage non allumé,En agglomération,Intersection en Y,Pluie légère,Autre collision,4,2,2,3,1,1,2,0,1,30,1,2,1,0,0,1,48.0,,voiture,,4,2,4,2,6
202300035238,2023-01-16 12:57:00,2023,1,16,12,57,75,75109,PLACE DE L OPERA,48.871067,2.331951,Plein jour,En agglomération,Place,Pluie légère,Autre collision,4,1, -1,-1,1,1,2,0,1,-1,1,3,1,0,0,2,58.0,,voiture,,1,2,7,2,6
202300035238,2023-01-16 12:57:00,2023,1,16,12,57,75,75109,PLACE DE L OPERA,48.871067,2.331951,Plein jour,En agglomération,Place,Pluie légère,Autre collision,4,2,2,0,1,2,2,0,1,30,1,3,1,0,0,2,58.0,,voiture,,1,2,7,2,6
202300035239,2023-01-16 16:00:00,2023,1,16,16,0,75,75108,RUE DE LA PEPINIERE,48.875144,2.322954,Plein jour,En agglomération,Intersection en X,Pluie légère,Sans collision,4,1, -1,-1,1,1,2,0,1,-1,1,1,0,0,0,1,31.0,,deux_roues,,1,2,2,2,7
202300035239,2023-01-16 16:00:00,2023,1,16,16,0,75,75108,RUE DE LA PEPINIERE,48.875144,2.322954,Plein jour,En agglomération,Intersection en X,Pluie légère,Sans collision,4,1,3,3,1,1,2,0,1,30,1,1,0,0,0,1,31.0,,deux_roues,,1,2,2,2,7
202300035240,2023-07-28 16:50:00,2023,7,28,16,50,78,78389,Route de la Bardelle,48.802804,1.815839,Plein jour,En agglomération,Hors intersection,Pluie forte,Deux véhicules - frontale,3,2,2,0,4,2,2,1,1,50,2,2,1,0,1,0,21.0,41.0,voiture,utilitaire_camion,1,2,1,3,1
202300035241,2023-07-19 08:25:00,2023,7,19,8,25,78,78605,4 Grande Rue,48.838043,1.678317,Plein jour,En agglomération,Hors intersection,Normale,Autre collision,3,2,2,0,1,1,1,0,1,50,1,2,1,0,1,0,25.0,,voiture,,1,2,1,1,6
202300035242,2023-07-28 23:15:00,2023,7,28,23,15,34,34167,RD16,43.287101,3.022624,Nuit sans éclairage public,Hors agglomération,Hors intersection,Normale,Autre collision,3,2,2,0,1,1,1,0,3,80,1,1,0,0,1,0,52.0,,utilitaire_camion,,3,1,1,1,6