accident_id,datetime,annee,mois,jour,heure,minute,departement,commune_insee,adresse,latitude,longitude,luminosite,agglomeration,intersection,meteo,collision,catr,circ,nbv,vosp,prof,plan,surf,infra,situ,vma,nb_vehicules,nb_usagers,nb_indemnes,nb_tues,nb_blesses_hosp,nb_blesses_legers,age_cond_1,age_cond_2,veh_type_cond_1,veh_type_cond_2,lum_code,agg_code,int_code,atm_code,col_code
202300035243,2023-07-29 15:05:00,2023,7,29,15,5,05,05007,Route départementale 902,44.758528,6.747451,Plein jour,Hors agglomération,Hors intersection,Normale,Deux véhicules - côté,3,2,2,0,2,4,1,0,1,90,2,2,1,1,0,0,71.0,62.0,deux_roues,deux_roues,1,1,1,1,3
202300035244,2023-07-29 00:00:00,2023,7,29,0,0,13,13018,D24 route de St Andiol,43.854204,4.951841,Nuit avec éclairage allumé,Hors agglomération,Hors intersection,Normale,Trois véhicules et plus - collisions multiples,3,2,2,0,1,2,1,0,3,80,1,1,0,0,1,0,19.0,,voiture,,5,1,1,1,5
202300035245,2023-07-28 16:10:00,2023,7,28,16,10,13,13041,D46a,43.460064,5.489039,Plein jour,Hors agglomération,Hors intersection,Normale,Deux véhicules - frontale,3,2,2,0,2,2,1,0,1,70,2,2,0,1,1,0,55.0,38.0,voiture,deux_roues,1,1,1,1,1
202300035246,2023-07-28 15:45:00,2023,7,28,15,45,67,67525,D75,48.607628,7.442046,Plein jour,Hors agglomération,Hors intersection,Pluie légère,Deux véhicules - frontale,3,2,2,0,2,1,2,0,1,80,2,2,0,0,0,2,38.0,39.0,voiture,voiture,1,1,1,2,1
202300035247,2023-07-28 09:45:00,2023,7,28,9,45,63,63077,D996,45.577898,2.880875,Plein jour,Hors agglomération,Intersection en Y,Normale,Deux véhicules - frontale,3,2,2,0,2,2,1,0,1,90,2,2,1,0,1,0,28.0,52.0,voiture,deux_roues,1,1,4,1,1
202300035247,2023-07-28 09:45:00,2023,7,28,9,45,63,63077,D996,45.577898,2.880875,Plein jour,Hors agglomération,Intersection en Y,Normale,Deux véhicules - frontale,3,2,2,-1,4,2,-1,0,-1,-1,2,2,1,0,1,0,28.0,52.0,voiture,deux_roues,1,1,4,1,1
202300035248,2023-07-29 17:30:00,2023,7,29,17,30,42,42285,Avenue du Prieuré,45.554809,4.131321,Plein jour,En agglomération,Giratoire,Pluie forte,Autre collision,3,2,1,0,1,2,2,0,1,80,1,3,2,0,0,1,31.0,,voiture,,1,2,6,3,6
202300035249,2023-07-28 23:55:00,2023,7,28,23,55,01,01275,Route du Mas Rillier,45.82555,4.923559,Plein jour,Hors agglomération,Hors intersection,Normale,Autre collision,4,2,2,0,1,1,1,0,3,80,1,1,0,0,0,1,20.0,,voiture,,1,1,1,1,6
202300035250,2023-07-28 20:40:00,2023,7,28,20,40,81,81271,Avenue Rhin et Danube,43.774158,1.685597,Plein jour,En agglomération,Hors intersection,Normale,Autre collision,4,2,2,0,1,1,1,0,1,30,1,2,1,0,1,0,19.0,,utilitaire_camion,,1,2,1,1,6
202300035251,2023-05-30 17:20:00,2023,5,30,17,20,33,33535,Avenue du Desclaud,44.845334,-0.470395,Plein jour,En agglomération,Hors intersection,Normale,Autre collision,3,2,2,0,1,1,1,9,1,30,1,2,1,0,0,1,43.0,,voiture,,1,2,1,1,6
202300035252,2023-07-29 11:45:00,2023,7,29,11,45,22,22259,19 Boulevard de Preval,48.45869207,-2.0636116,Plein jour,En agglomération,Hors intersection,Normale,Deux véhicules - côté,6,-1, -1,0,1,1,1,0,1,30,2,3,1,0,1,1,40.0,46.0,voiture,deux_roues,1,2,1,1,3
202300035253,2023-07-28 14:50:00,2023,7,28,14,50,60,60282,D1016,49.205843,2.461538,Plein jour,Hors agglomération,Giratoire,Pluie légère,Deux véhicules - arrière,3,1,2,0,1,3,2,0,5,50,2,2,1,0,0,1,48.0,49.0,voiture,voiture,1,1,6,2,2
202300035254,2023-07-25 18:25:00,2023,7,25,18,25,13,13071,A51-Sens Aix en Provence vers Marseille,43.4166,5.36507,Crépuscule ou aube,Hors agglomération,Hors intersection,Normale,Deux véhicules - arrière,1,1,3,0,1,1,1,0,1,90,2,2,1,0,0,1,52.0,29.0,voiture,voiture,2,1,1,1,2
202300035255,2023-07-25 17:45:00,2023,7,25,17,45,13,13019,A51-Sens Marseille vers Aix en Provence,43.42547,5.3775,Plein jour,Hors agglomération,Hors intersection,Normale,Deux véhicules - arrière,1,1,3,0,1,1,1,0,1,90,2,2,1,0,0,1,53.0,38.0,deux_roues,voiture,1,1,1,1,2
202300035256,2023-07-27 23:43:00,2023,7,27,23,43,13,13207,Tunnel Prado Carénage,43.29070287,5.36804215,Nuit avec éclairage allumé,Hors agglomération,Hors intersection,Normale,Autre collision,4,1,2,0,1,2,1,1,1,60,1,3,2,0,0,1,23.0,,voiture,,5,1,1,1,6
202300035257,2023-07-28 02:40:00,2023,7,28,2,40,83,83035,A50,43.18073151,5.7697739,Nuit sans éclairage public,Hors agglomération,Hors intersection,Pluie légère,Autre collision,1,1,1,0,2,2,2,9,1,70,1,2,0,0,0,2,20.0,,voiture,,3,1,1,2,6
202300035258,2023-07-28 16:35:00,2023,7,28,16,35,94,94003,A6A,48.80389457,2.3420366,Plein jour,Hors agglomération,Hors intersection,Pluie légère,Trois véhicules et plus - collisions multiples,1,3,3,0,1,1,2,0,1,70,3,3,1,0,0,2,62.0,25.0,voiture,voiture,1,1,1,2,5
202300035259,2023-07-27 20:30:00,2023,7,27,20,30,78,78498,A13,48.905074,2.005316,Plein jour,Hors agglomération,Hors intersection,Pluie légère,Deux véhicules - côté,1,3,2,0,2,1,2,0,1,110,2,2,1,0,0,1,20.0,42.0,voiture,utilitaire_camion,1,1,1,2,3
202300035260,2023-07-28 10:00:00,2023,7,28,10,0,78,78007,A13W,48.897474,2.006129,Plein jour,Hors agglomération,Hors intersection,Pluie légère,Trois véhicules et plus - en chaîne,1,1,2,0,2,1,2,0,1,110,3,4,3,0,0,1,47.0,21.0,voiture,voiture,1,1,1,2,4
202300035261,2023-07-28 08:05:00,2023,7,28,8,5,92,92063,A86,48.89044962,2.17238729,Plein jour,Hors agglomération,Hors intersection,Pluie légère,Sans collision,1,1,3,0,1,1,2,0,1,90,1,1,0,0,0,1,30.0,,deux_roues,,1,1,1,2,7
202300035262,2023-07-28 00:35:00,2023,7,28,0,35,78,78043,A13Y,48.850213,2.069036,Nuit sans éclairage public,Hors agglomération,Hors intersection,Pluie légère,Deux véhicules - arrière,1,1,2,0,1,1,2,0,1,110,2,5,3,0,0,2,27.0,58.0,voiture,voiture,3,1,1,2,2
202300035263,2023-07-27 17:21:00,2023,7,27,17,21,78,78043,A13Y,48.844822,2.088042,Plein jour,Hors agglomération,Hors intersection,Pluie légère,Trois véhicules et plus - collisions multiples,1,1,2,0,1,1,2,0,1,110,4,4,2,0,1,1,21.0,42.0,utilitaire_camion,utilitaire_camion,1,1,1,2,5
202300035264,2023-07-27 15:40:00,2023,7,27,15,40,78,78455,A13,48.860845,2.046942,Crépuscule ou aube,Hors agglomération,Hors intersection,Pluie légère,Deux véhicules - arrière,1,1,2,0,1,1,2,0,2,110,2,2,1,0,0,1,22.0,38.0,voiture,voiture,2,1,1,2,2
202300035265,2023-07-28 13:30:00,2023,7,28,13,30,93,93066,AUTOROUTE A1,48.91936344,2.35754643,Plein jour,Hors agglomération,Hors intersection,Pluie forte,Trois véhicules et plus - en chaîne,1,3,8,0,1,1,2,0,1,90,3,4,2,0,0,2,48.0,42.0,utilitaire_camion,utilitaire_camion,1,1,1,3,4
202300035266,2023-07-28 10:10:00,2023,7,28,10,10,95,95582,A115,48.97402708,2.24421501,Plein jour,Hors agglomération,Hors intersection,Pluie forte,Sans collision,1,1,2,0,2,2,2,2,1,70,1,1,0,0,1,0,24.0,,deux_roues,,1,1,1,3,7
202300035267,2023-07-28 01:25:00,2023,7,28,1,25,93,93053,AUTOROUTE A86,48.89375409,2.47211909,Nuit sans éclairage public,Hors agglomération,Hors intersection,Temps couvert,Autre collision,1,3,8,0,2,2,2,0,1,90,1,1,0,0,0,1,25.0,,voiture,,3,1,1,8,6
202300035268,2023-07-27 23:40:00,2023,7,27,23,40,95,95527,A3,48.98390662,2.50297308,Nuit sans éclairage public,Hors agglomération,Hors intersection,Pluie légère,Autre collision,1,3,4,0,1,3,2,0,2,90,1,1,0,0,0,1,20.0,,voiture,,3,1,1,2,6
202300035269,2023-07-27 21:30:00,2023,7,27,21,30,93,93053,AUTOROUTE A103,48.88833,2.47219,Nuit sans éclairage public,Hors agglomération,Hors intersection,Pluie légère,Autre collision,1,-1,2,0,2,3,2,0,1,70,1,1,0,0,0,1,28.0,,voiture,,3,1,1,2,6
202300035270,2023-07-27 19:15:00,2023,7,27,19,15,95,95018,A15,48.95778,2.2741,Plein jour,Hors agglomération,Hors intersection,Pluie forte,Autre collision,3,1,4,0,1,3,2,3,1,70,1,1,0,0,0,1,51.0,,voiture,,1,1,1,3,6
202300035271,2023-07-28 07:00:00,2023,7,28,7,0,94,94069,A4,48.81737044,2.42861395,Plein jour,Hors agglomération,Hors intersection,Pluie légère,Deux véhicules - arrière,1,1,1,0,1,1,2,3,1,90,2,2,1,0,0,1,26.0,44.0,voiture,voiture,1,1,1,2,2
202300035272,2023-06-15 21:50:00,2023,6,15,21,50,78,78372,AUGUSTE RENOIR (AVENUE),48.879421,2.090204,Crépuscule ou aube,En agglomération,Hors intersection,Normale,Autre collision,4,2,2,0,4,1,1,9,1,50,1,1,0,0,1,0,22.0,,deux_roues,,2,2,1,1,6
202300035273,2023-04-21 15:05:00,2023,4,21,15,5,45,45179,26 Route d'Orléans,47.771259,1.693284,Plein jour,En agglomération,Intersection en X,Normale,Deux véhicules - arrière,3,2,2,0,1,1,1,5,1,50,2,3,1,0,1,1,56.0,47.0,utilitaire_camion,voiture,1,2,2,1,2
202300035273,2023-04-21 15:05:00,2023,4,21,15,5,45,45179,26 Route d'Orléans,47.771259,1.693284,Plein jour,En agglomération,Intersection en X,Normale,Deux véhicules - arrière,3,2,2,0,1,1,1,5,8,50,2,3,1,0,1,1,56.0,47.0,utilitaire_camion,voiture,1,2,2,1,2
202300035274,2023-07-27 21:50:00,2023,7,27,21,50,976,97611,m'tsapere-Mosquée Maevantana (ruelle ),-12.7877,45.21862,Nuit avec éclairage allumé,En agglomération,Intersection en T,Normale,Deux véhicules - côté,4,2,2,0,1,1,1,0,1,50,2,2,0,0,0,2,25.0,45.0,voiture,voiture,5,2,3,1,3
202300035274,2023-07-27 21:50:00,2023,7,27,21,50,976,97611,m'tsapere-Mosquée Maevantana (ruelle ),-12.7877,45.21862,Nuit avec éclairage allumé,En agglomération,Intersection en T,Normale,Deux véhicules - côté,4,2, -1,0,1,4,1,0,1,-1,2,2,0,0,0,2,25.0,45.0,voiture,voiture,5,2,3,1,3
202300035275,2023-06-18 10:45:00,2023,6,18,10,45,976,97611,m'tsapere-Nationale 2 (route),-12.78762,45.22538,Plein jour,En agglomération,Autre intersection,Normale,Deux véhicules - côté,2,2,2,0,1,1,1,0,1,50,2,2,1,0,0,1,27.0,27.0,voiture,deux_roues,1,2,9,1,3
202300035276,2023-06-16 07:40:00,2023,6,16,7,40,976,97611,Avenue Martin Luther King,-12.771,45.225267,Plein jour,En agglomération,Hors intersection,Normale,Deux véhicules - côté,4,2,2,0,1,1,1,0,1,50,2,2,1,0,0,1,50.0,,deux_roues,,1,2,1,1,3
202300035277,2023-07-27 13:45:00,2023,7,27,13,45,974,97416,RN03,-21.34055,55.4935,Plein jour,Hors agglomération,Hors intersection,Pluie légère,Deux véhicules - côté,2,2,2,0,1,1,2,9,1,110,2,3,1,0,0,2,43.0,43.0,deux_roues,voiture,1,1,1,2,3
202300035278,2023-07-26 06:45:00,2023,7,26,6,45,974,97411,JAURES (BLD 1 JEAN),-20.88933,55.45044,Crépuscule ou aube,En agglomération,Hors intersection,Normale,Sans collision,4,2,7,2,1,1,1,0,5,50,1,1,0,0,1,0,33.0,,deux_roues,,2,2,1,1,7
202300035279,2023-06-16 09:00:00,2023,6,16,9,0,974,97411,COTONNIERS (ALLEE DES),-20.89497,55.46025,Plein jour,En agglomération,Hors intersection,Normale,Autre collision,4,2,2,0,1,1,1,0,1,30,1,2,1,0,0,1,34.0,,voiture,,1,2,1,1,6
202300035280,2023-06-14 11:20:00,2023,6,14,11,20,974,97409,PENTE SASSY (chemin de la),-20.96616,55.65925,Plein jour,En agglomération,Hors intersection,Normale,Autre collision,4,2,2,0,1,1,1,0,1,50,1,2,1,0,1,0,34.0,,voiture,,1,2,1,1,6
202300035281,2023-06-15 07:45:00,2023,6,15,7,45,974,97407,ANGLAIS (CHE DES) - RIVIERE DES GALETS ,-20.95543,55.31474,Plein jour,En agglomération,Intersection en T,Normale,Deux véhicules - frontale,4,1,1,0,2,1,1,0,1,50,2,2,1,0,0,1,26.0,14.0,voiture,deux_roues,1,2,3,1,1
202300035281,2023-06-15 07:45:00,2023,6,15,7,45,974,97407,ANGLAIS (CHE DES) - RIVIERE DES GALETS ,-20.95543,55.31474,Plein jour,En agglomération,Intersection en T,Normale,Deux véhicules - frontale,4,2,2,0,1,1,1,0,1,50,2,2,1,0,0,1,26.0,14.0,voiture,deux_roues,1,2,3,1,1
202300035282,2023-07-27 18:48:00,2023,7,27,18,48,973,97302,MADELEINE (ROUTE DE LA),4.91405,-52.32082,Nuit avec éclairage allumé,En agglomération,Hors intersection,Normale,Autre collision,3,2,2,0,1,1,1,0,1,50,1,2,1,0,0,1,21.0,,voiture,,5,2,1,1,6
202300035283,2023-06-18 17:20:00,2023,6,18,17,20,973,97302,VOLTAIRE(AVENUE),4.94238022,-52.32242525,Plein jour,En agglomération,Intersection en X,Normale,Deux véhicules - côté,4,2,2,0,1,1,1,9,1,50,2,2,1,0,0,1,23.0,43.0,voiture,deux_roues,1,2,2,1,3
202300035283,2023-06-18 17:20:00,2023,6,18,17,20,973,97302,VOLTAIRE(AVENUE),4.94238022,-52.32242525,Plein jour,En agglomération,Intersection en X,Normale,Deux véhicules - côté,4,1,2,0,1,1,1,0,1,50,2,2,1,0,0,1,23.0,43.0,voiture,deux_roues,1,2,2,1,3
202300035284,2023-06-17 06:25:00,2023,6,17,6,25,973,97302,CATAYEE (JUSTIN),4.93032,-52.326,Crépuscule ou aube,En agglomération,Intersection en T,Normale,Deux véhicules - côté,3,2,2,0,1,1,9,0,1,50,2,2,1,0,0,1,,32.0,voiture,deux_roues,2,2,3,1,3
202300035284,2023-06-17 06:25:00,2023,6,17,6,25,973,97302,CATAYEE (JUSTIN),4.93032,-52.326,Crépuscule ou aube,En agglomération,Intersection en T,Normale,Deux véhicules - côté,3,2,2,0,1,1,1,0,1,50,2,2,1,0,0,1,,32.0,voiture,deux_roues,2,2,3,1,3
202300035285,2023-06-16 16:15:00,2023,6,16,16,15,973,97302,BADUEL (ROUTE DE),4.92934,-52.30298,Plein jour,En agglomération,Giratoire,Normale,Deux véhicules - arrière,3,2,2,0,1,1,1,0,1,50,2,2,1,0,0,1,26.0,68.0,deux_roues,voiture,1,2,6,1,2
202300035286,2023-06-15 19:20:00,2023,6,15,19,20,973,97302,N'ZILA (CITE),4.93588309,-52.32466677,Nuit avec éclairage allumé,En agglomération,Intersection en X,Normale,Deux véhicules - côté,4,2,2,0,1,1,1,0,1,50,2,2,1,0,0,1,24.0,17.0,voiture,deux_roues,5,2,2,1,3
202300035287,2023-07-27 12:40:00,2023,7,27,12,40,69,69387,11 Cours Gambetta,45.75545122,4.84233908,Plein jour,En agglomération,Hors intersection,Normale,Deux véhicules - côté,4,1,3,3,1,1,1,0,1,50,2,2,1,0,0,1,43.0,28.0,voiture,deux_roues,1,2,1,1,3
202300035288,2023-06-17 04:00:00,2023,6,17,4,0,69,69387,Avenue Tony Garnier,45.72626,4.83563,Nuit avec éclairage allumé,En agglomération,Intersection en T,Normale,Deux véhicules - frontale,4,2,2,3,1,1,1,0,1,30,2,4,0,0,2,2,32.0,27.0,voiture,voiture,5,2,3,1,1
202300035288,2023-06-17 04:00:00,2023,6,17,4,0,69,69387,Avenue Tony Garnier,45.72626,4.83563,Nuit avec éclairage allumé,En agglomération,Intersection en T,Normale,Deux véhicules - frontale,4,2,4,0,1,4,1,8,1,50,2,4,0,0,2,2,32.0,27.0,voiture,voiture,5,2,3,1,1
202300035289,2023-06-16 12:25:00,2023,6,16,12,25,69,69387,Place Jean Macé,45.74523,4.84179,Plein jour,En agglomération,Place,Normale,Autre collision,4,2,4,3,1,1,1,0,6,50,1,2,1,0,0,1,23.0,,deux_roues,,1,2,7,1,6
202300035290,2023-06-16 08:30:00,2023,6,16,8,30,69,69388,Rue Villon,45.74056,4.86388,Plein jour,En agglomération,Intersection en X,Normale,Deux véhicules - côté,4,1,1,3,1,1,1,0,1,30,2,2,1,0,0,1,,57.0,deux_roues,deux_roues,1,2,2,1,3
202300035290,2023-06-16 08:30:00,2023,6,16,8,30,69,69388,Rue Villon,45.74056,4.86388,Plein jour,En agglomération,Intersection en X,Normale,Deux véhicules - côté,4,1,1,2,1,1,1,0,1,30,2,2,1,0,0,1,,57.0,deux_roues,deux_roues,1,2,2,1,3
202300035291,2023-06-15 13:00:00,2023,6,15,13,0,69,69387,Rue Montesquieu,45.75134,4.8449,Plein jour,En agglomération,Intersection en X,Normale,Deux véhicules - côté,4,1,1,2,1,1,1,0,1,50,2,3,0,0,0,3,24.0,52.0,deux_roues,deux_roues,1,2,2,1,3
202300035291,2023-06-15 13:00:00,2023,6,15,13,0,69,69387,Rue Montesquieu,45.75134,4.8449,Plein jour,En agglomération,Intersection en X,Normale,Deux véhicules - côté,4,1,1,2,1,1,1,0,1,50,2,3,0,0,0,3,24.0,52.0,deux_roues,deux_roues,1,2,2,1,3
202300035292,2023-06-15 11:00:00,2023,6,15,11,0,69,69388,Rue Professeur Beauvisage,45.72972,4.86857,Plein jour,En agglomération,Intersection en X,Normale,Deux véhicules - côté,4,1,1,0,1,1,1,0,6,50,2,3,0,0,0,3,41.0,63.0,voiture,voiture,1,2,2,1,3
202300035292,2023-06-15 11:00:00,2023,6,15,11,0,69,69388,Rue Professeur Beauvisage,45.72972,4.86857,Plein jour,En agglomération,Intersection en X,Normale,Deux véhicules - côté,4,2,2,2,1,1,1,0,6,50,2,3,0,0,0,3,41.0,63.0,voiture,voiture,1,2,2,1,3
202300035293,2023-06-18 13:40:00,2023,6,18,13,40,972,97209,GOUVERNEUR FOURREAU (RUE DU),14.61303,-61.07247,Plein jour,En agglomération,Hors intersection,Normale,Deux véhicules - côté,4,1,1,0,1,1,1,0,1,50,2,2,1,0,0,1,22.0,38.0,deux_roues,voiture,1,2,1,1,3
202300035294,2023-06-16 04:00:00,2023,6,16,4,0,972,97209,RN9,14.59623,-61.05596,Nuit sans éclairage public,Hors agglomération,Hors intersection,Normale,Autre collision,2,2,2,0,1,1,1,0,1,50,1,1,0,0,1,0,32.0,,deux_roues,,3,1,1,1,6
202300035295,2023-06-15 02:45:00,2023,6,15,2,45,69,69389,33 Rue de Saint-Cyr,45.77953,4.80721,Nuit avec éclairage allumé,En agglomération,Hors intersection,Normale,Autre collision,4,1,1,0,1,1,1,0,1,30,1,3,1,0,0,2,24.0,,voiture,,5,2,1,1,6
202300035296,2023-06-15 07:08:00,2023,6,15,7,8,2B,2B033,11 - RT,42.67716,9.4445,Plein jour,En agglomération,Hors intersection,Normale,Deux véhicules - arrière,2,1,1,0,2,3,1,0,1,50,2,2,1,0,0,1,,59.0,autre,deux_roues,1,2,1,1,2
202300035297,2023-07-27 10:00:00,2023,7,27,10,0,971,97101,RN1-  HAUTEUR DE SORTIE LAURICISQUE,16.25396,-61.53677,Plein jour,Hors agglomération,Hors intersection,Normale,Deux véhicules - côté,2,1,3,0,1,2,1,0,1,90,2,2,1,0,0,1,39.0,75.0,voiture,voiture,1,1,1,1,3
202300035298,2023-07-26 08:10:00,2023,7,26,8,10,971,97101,NEREE,16.26946,-61.50326,Plein jour,En agglomération,Hors intersection,Normale,Trois véhicules et plus - en chaîne,4,2,1,0,2,1,1,0,1,50,3,3,1,0,0,1,24.0,46.0,voiture,voiture,1,2,1,1,4
202300035299,2023-06-15 18:20:00,2023,6,15,18,20,971,97101,PERRIN (SECTEUR),16.27,-61.52,Plein jour,En agglomération,Hors intersection,Normale,Deux véhicules - arrière,3,2,2,0,1,1,1,0,1,50,2,3,2,0,0,1,35.0,48.0,deux_roues,voiture,1,2,1,1,2
202300035300,2023-06-15 09:35:00,2023,6,15,9,35,971,97113,MONTAUBAN (SECTEUR),16.20611,-61.49582,Plein jour,En agglomération,Hors intersection,Normale,Autre collision,3,-1,2,0,1,1,1,0,1,30,1,3,2,0,0,1,40.0,,voiture,,1,2,1,1,6
202300035301,2023-07-27 15:55:00,2023,7,27,15,55,95,95280,ROGER SALENGRO ( BOULEVARD),49.03814,2.467804,Plein jour,En agglomération,Hors intersection,Pluie légère,Autre collision,4,2,2,0,1,1,2,0,1,50,1,2,1,0,0,1,22.0,,utilitaire_camion,,1,2,1,2,6
202300035302,2023-06-18 08:50:00,2023,6,18,8,50,95,95280,ALICE (RUE),49.02371,2.46534,Plein jour,En agglomération,Intersection en T,Normale,Deux véhicules - frontale,4,2,2,0,1,2,2,0,1,50,2,3,2,0,0,1,33.0,51.0,voiture,voiture,1,2,3,1,1
202300035302,2023-06-18 08:50:00,2023,6,18,8,50,95,95280,ALICE (RUE),49.02371,2.46534,Plein jour,En agglomération,Intersection en T,Normale,Deux véhicules - frontale,4,2,2,-1,1,1,2,0,1,-1,2,3,2,0,0,1,33.0,51.0,voiture,voiture,1,2,3,1,1
202300035303,2023-06-15 18:29:00,2023,6,15,18,29,95,95277,POMPIDOU GEORGES (AVENUE),48.9904473,2.43018329,Plein jour,En agglomération,Hors intersection,Normale,Deux véhicules - arrière,4,2,2,0,1,3,1,0,1,30,2,2,1,0,0,1,63.0,44.0,deux_roues,voiture,1,2,1,1,2
202300035304,2023-06-16 08:20:00,2023,6,16,8,20,95,95197,D928,48.96468,2.32075,Plein jour,En agglomération,Hors intersection,Normale,Deux véhicules - arrière,3,2,2,0,1,1,1,0,1,50,2,2,1,0,0,1,21.0,52.0,voiture,voiture,1,2,1,1,2
202300035305,2023-07-26 22:15:00,2023,7,26,22,15,95,95127,OISE (BOULEVARD DE L'),49.03556,2.08163,Nuit sans éclairage public,En agglomération,Autre intersection,Pluie légère,Autre collision,4,1,2,0,1,1,2,9,8,50,1,3,2,0,0,1,88.0,,voiture,,3,2,9,2,6
202300035306,2023-06-14 11:53:00,2023,6,14,11,53,91,91645,SOLLIERE (CHEMIN DE LA),48.74476,2.25832,Plein jour,En agglomération,Intersection en T,Normale,Autre collision,4,2,2,0,1,1,1,0,1,30,2,2,1,0,0,1,41.0,13.0,voiture,deux_roues,1,2,3,1,6
202300035306,2023-06-14 11:53:00,2023,6,14,11,53,91,91645,SOLLIERE (CHEMIN DE LA),48.74476,2.25832,Plein jour,En agglomération,Intersection en T,Normale,Autre collision,4,2,2,0,1,3,1,0,1,30,2,2,1,0,0,1,41.0,13.0,voiture,deux_roues,1,2,3,1,6
202300035307,2023-06-16 14:25:00,2023,6,16,14,25,91,91114,RTE NATIONALE 6,48.68389,2.48958,Plein jour,En agglomération,Hors intersection,Normale,Autre collision,3,3,4,0,1,1,1,9,1,50,1,2,1,0,0,1,,,voiture,,1,2,1,1,6
202300035308,2023-06-15 19:50:00,2023,6,15,19,50,91,91421,COLBERT (ALLEE),48.69757,2.45487,Plein jour,En agglomération,Hors intersection,Normale,Autre collision,4,2,0,0,1,1,1,0,1,30,1,2,1,0,0,1,22.0,,voiture,,1,2,1,1,6
202300035309,2023-06-15 16:50:00,2023,6,15,16,50,91,91114,RTE NATIONALE 6,48.678691,2.495793,Plein jour,En agglomération,Hors intersection,Normale,Deux véhicules - arrière,3,3,4,0,1,1,1,0,1,50,2,2,1,0,0,1,41.0,41.0,voiture,deux_roues,1,2,1,1,2
202300035310,2023-07-27 19:30:00,2023,7,27,19,30,91,91687,GENERAL DE GAULLE (AVENUE DU),48.68063,2.37986,Plein jour,En agglomération,Hors intersection,Pluie légère,Deux véhicules - arrière,3,2,4,0,1,1,2,0,1,50,2,2,1,0,0,1,17.0,,deux_roues,voiture,1,2,1,2,2
202300035311,2023-06-14 22:40:00,2023,6,14,22,40,91,91326,COUR DE FRANCE (AVENUE DE LA),48.68877,2.37103,Nuit avec éclairage allumé,En agglomération,Hors intersection,Normale,Trois véhicules et plus - en chaîne,3,3,5,0,2,1,1,0,1,50,3,4,1,0,3,0,24.0,25.0,voiture,voiture,5,2,1,1,4
202300035312,2023-06-15 17:17:00,2023,6,15,17,17,91,91433,AUVERS (RUE D'),48.46914,2.19515,Plein jour,En agglomération,Hors intersection,Normale,Autre collision,3,2,2,0,1,1,1,0,1,50,2,2,0,0,0,2,27.0,28.0,deux_roues,deux_roues,1,2,1,1,6
202300035313,2023-07-26 15:18:00,2023,7,26,15,18,87,87085,FAURE (AVENUE DU PROFESSEUR MARCEL),45.81516,1.24416,Plein jour,En agglomération,Hors intersection,Normale,Autre collision,4,2,2,0,1,1,1,0,1,50,1,1,0,0,0,1,45.0,,voiture,,1,2,1,1,6
202300035314,2023-07-26 12:15:00,2023,7,26,12,15,83,83137,BOURGES (BD COMMMANDANT ANDRE),43.10534,5.93103,Plein jour,En agglomération,Hors intersection,Normale,Autre collision,4,2,2,0,2,1,1,0,1,30,1,2,1,0,0,1,24.0,,voiture,,1,2,1,1,6
202300035315,2023-07-26 19:15:00,2023,7,26,19,15,83,83069,MADRAGUE (ROUTE DE LA),43.04107,6.12795,Plein jour,En agglomération,Hors intersection,Normale,Deux véhicules - frontale,5,-1,1,0,1,1,9,0,6,-1,2,2,1,0,1,0,3.0,47.0,deux_roues,voiture,1,2,1,1,1
202300035316,2023-07-27 12:45:00,2023,7,27,12,45,83,83069,AVENUE RITONDALE LEOPOLD,43.11345,6.12965,Plein jour,En agglomération,Autre intersection,Normale,Deux véhicules - côté,3,1,3,0,1,1,1,0,1,50,2,2,1,0,1,0,27.0,43.0,deux_roues,voiture,1,2,9,1,3
202300035316,2023-07-27 12:45:00,2023,7,27,12,45,83,83069,AVENUE RITONDALE LEOPOLD,43.11345,6.12965,Plein jour,En agglomération,Autre intersection,Normale,Deux véhicules - côté,3,1,3,0,1,1,1,0,1,50,2,2,1,0,1,0,27.0,43.0,deux_roues,voiture,1,2,9,1,3
202300035317,2023-06-14 23:45:00,2023,6,14,23,45,79,79355,,46.33483,-0.37463,Nuit sans éclairage public,Hors agglomération,Hors intersection,Normale,Sans collision,3,2,2,0,1,1,1,0,3,80,1,1,0,0,1,0,30.0,,voiture,,3,1,1,1,7
202300035318,2023-07-27 16:35:00,2023,7,27,16,35,77,77132,AV ROBERT SCHUMAN,48.86462,2.79132,Plein jour,Hors agglomération,Hors intersection,Pluie forte,Deux véhicules - côté,4,2,2,0,1,1,2,0,1,50,2,5,4,0,0,1,40.0,22.0,voiture,voiture,1,1,1,3,3
202300035319,2023-07-26 18:08:00,2023,7,26,18,8,76,76540,Rue de Sotteville,49.42576,1.08755,Plein jour,En agglomération,Giratoire,Normale,Deux véhicules - côté,7,2,4,3,1,1,1,-1,5,50,2,2,1,0,0,1,22.0,19.0,voiture,deux_roues,1,2,6,1,3
202300035319,2023-07-26 18:08:00,2023,7,26,18,8,76,76540,Rue de Sotteville,49.42576,1.08755,Plein jour,En agglomération,Giratoire,Normale,Deux véhicules - côté,7,2,2,0,1,3,1,-1,5,30,2,2,1,0,0,1,22.0,19.0,voiture,deux_roues,1,2,6,1,3