accident_id,datetime,annee,mois,jour,heure,minute,departement,commune_insee,adresse,latitude,longitude,luminosite,agglomeration,intersection,meteo,collision,catr,circ,nbv,vosp,prof,plan,surf,infra,situ,vma,nb_vehicules,nb_usagers,nb_indemnes,nb_tues,nb_blesses_hosp,nb_blesses_legers,age_cond_1,age_cond_2,veh_type_cond_1,veh_type_cond_2,lum_code,agg_code,int_code,atm_code,col_code
202300035525,2023-11-08 08:10:00,2023,11,8,8,10,64,64129,BAYONNE DE,43.30167,-0.39516,Plein jour,En agglomération,Hors intersection,Normale,Deux véhicules - arrière,4,-1,2,0,1,1,1,0,1,50,2,4,3,0,0,1,34.0,44.0,voiture,voiture,1,2,1,1,2
202300035526,2023-06-23 16:55:00,2023,6,23,16,55,51,51055,TONDEURS (BOULEVARD),49.27836,4.04588,Plein jour,En agglomération,Hors intersection,Normale,Trois véhicules et plus - en chaîne,4,1,2,0,1,1,1,0,1,90,3,3,2,0,0,1,50.0,58.0,voiture,voiture,1,2,1,1,4
202300035527,2023-05-19 16:45:00,2023,5,19,16,45,75,75109,RUE DE LA CHAUSSEE D ANTIN,48.873527,2.33304,Plein jour,En agglomération,Hors intersection,Normale,Deux véhicules - côté,4,1,2,3,1,1,1,0,1,30,2,3,2,0,0,1,31.0,25.0,voiture,deux_roues,1,2,1,1,3
202300035528,2023-11-07 18:25:00,2023,11,7,18,25,64,64024,BIARRITZ (AVENUE DE),43.48014392,-1.52126044,Nuit avec éclairage allumé,En agglomération,Intersection en T,Pluie légère,Deux véhicules - arrière,4,2, -1,-1,1,1,2,0,1,-1,2,2,1,0,1,0,21.0,20.0,voiture,deux_roues,5,2,3,2,2
202300035528,2023-11-07 18:25:00,2023,11,7,18,25,64,64024,BIARRITZ (AVENUE DE),43.48014392,-1.52126044,Nuit avec éclairage allumé,En agglomération,Intersection en T,Pluie légère,Deux véhicules - arrière,4,2,2,0,1,1,2,0,1,50,2,2,1,0,1,0,21.0,20.0,voiture,deux_roues,5,2,3,2,2
202300035529,2023-06-24 00:18:00,2023,6,24,0,18,49,49267,RD 347,47.47298,-0.49132,Nuit sans éclairage public,Hors agglomération,Hors intersection,Normale,Deux véhicules - arrière,3,3,0,0,3,1,1,0,1,70,2,2,1,0,1,0,19.0,61.0,voiture,voiture,3,1,1,1,2
202300035530,2023-05-19 14:50:00,2023,5,19,14,50,75,75108,PLACE SAINT AUGUSTIN,48.875661,2.319628,Plein jour,En agglomération,Intersection en T,Normale,Autre collision,4,-1, -1,3,1,1,1,9,1,30,1,2,1,0,0,1,41.0,,utilitaire_camion,,1,2,3,1,6
202300035530,2023-05-19 14:50:00,2023,5,19,14,50,75,75108,PLACE SAINT AUGUSTIN,48.875661,2.319628,Plein jour,En agglomération,Intersection en T,Normale,Autre collision,4,1,2,3,1,1,1,9,1,30,1,2,1,0,0,1,41.0,,utilitaire_camion,,1,2,3,1,6
202300035531,2023-11-08 11:10:00,2023,11,8,11,10,63,63164,DOCTEUR POMMEROL (PL),45.82477,3.14534,Plein jour,En agglomération,Place,Normale,Autre collision,4,4,1,0,1,1,1,9,8,-1,1,2,1,0,0,1,35.0,,voiture,,1,2,7,1,6
202300035532,2023-06-23 08:30:00,2023,6,23,8,30,49,49015,ADEZIERE ROUTE,47.50342,-0.60203,Plein jour,En agglomération,Hors intersection,Normale,Sans collision,4,2,2,0,1,1,1,0,1,50,1,1,0,0,0,1,24.0,,voiture,,1,2,1,1,7
202300035533,2023-05-19 18:20:00,2023,5,19,18,20,75,75104,RUE DES JARDINS SAINT PAUL,48.85403,2.361123,Plein jour,En agglomération,Intersection en T,Normale,Autre collision,4,-1, -1,0,1,1,1,0,1,30,1,3,1,0,0,2,18.0,,voiture,,1,2,3,1,6
202300035533,2023-05-19 18:20:00,2023,5,19,18,20,75,75104,RUE DES JARDINS SAINT PAUL,48.85403,2.361123,Plein jour,En agglomération,Intersection en T,Normale,Autre collision,4,1,1,0,1,1,1,0,1,30,1,3,1,0,0,2,18.0,,voiture,,1,2,3,1,6
202300035534,2023-06-22 21:45:00,2023,6,22,21,45,49,49007,GAIN ( LOUIS),47.46855,-0.53868,Plein jour,En agglomération,Intersection en T,Normale,Deux véhicules - arrière,4,2,2,2,1,1,1,0,1,50,2,2,1,0,0,1,35.0,56.0,voiture,voiture,1,2,3,1,2
202300035534,2023-06-22 21:45:00,2023,6,22,21,45,49,49007,GAIN ( LOUIS),47.46855,-0.53868,Plein jour,En agglomération,Intersection en T,Normale,Deux véhicules - arrière,4,2,2,0,1,1,1,0,1,30,2,2,1,0,0,1,35.0,56.0,voiture,voiture,1,2,3,1,2
202300035535,2023-11-08 09:00:00,2023,11,8,9,0,62,62193,Boulevard de l'Egalité,50.94579648,1.87417674,Plein jour,En agglomération,Intersection en X,Pluie légère,Deux véhicules - arrière,4,2,2,0,1,1,2,0,1,50,2,2,1,0,0,1,,20.0,voiture,deux_roues,1,2,2,2,2
202300035535,2023-11-08 09:00:00,2023,11,8,9,0,62,62193,Boulevard de l'Egalité,50.94579648,1.87417674,Plein jour,En agglomération,Intersection en X,Pluie légère,Deux véhicules - arrière,4,2,0,0,1,1,2,0,8,50,2,2,1,0,0,1,,20.0,voiture,deux_roues,1,2,2,2,2
202300035536,2023-05-19 15:05:00,2023,5,19,15,5,75,75104,RUE GEOFFROY L ASNIER,48.854305,2.355933,Plein jour,En agglomération,Intersection en X,Normale,Deux véhicules - côté,4,1,0,0,1,1,1,0,1,30,2,2,1,0,0,1,,70.0,voiture,deux_roues,1,2,2,1,3
202300035536,2023-05-19 15:05:00,2023,5,19,15,5,75,75104,RUE GEOFFROY L ASNIER,48.854305,2.355933,Plein jour,En agglomération,Intersection en X,Normale,Deux véhicules - côté,4,2,0,0,1,1,1,0,1,30,2,2,1,0,0,1,,70.0,voiture,deux_roues,1,2,2,1,3
202300035537,2023-06-22 08:05:00,2023,6,22,8,5,49,49007,Rue de Bel Air,47.46456,-0.55208,Plein jour,En agglomération,Intersection en T,Normale,Deux véhicules - côté,4,2,2,0,1,1,2,0,1,50,2,2,1,0,1,0,50.0,39.0,voiture,deux_roues,1,2,3,1,3
202300035537,2023-06-22 08:05:00,2023,6,22,8,5,49,49007,Rue de Bel Air,47.46456,-0.55208,Plein jour,En agglomération,Intersection en T,Normale,Deux véhicules - côté,4,2, -1,-1,1,1,2,0,1,-1,2,2,1,0,1,0,50.0,39.0,voiture,deux_roues,1,2,3,1,3
202300035538,2023-11-08 11:10:00,2023,11,8,11,10,59,59512,FOSSE AUX CHENES (AVENUE DE LA),50.69807929,3.17425489,Plein jour,En agglomération,Intersection en X,Pluie légère,Deux véhicules - frontale,4,-1,1,0,1,1,2,5,1,30,2,2,1,0,1,0,51.0,41.0,deux_roues,transport_commun,1,2,2,2,1
202300035538,2023-11-08 11:10:00,2023,11,8,11,10,59,59512,FOSSE AUX CHENES (AVENUE DE LA),50.69807929,3.17425489,Plein jour,En agglomération,Intersection en X,Pluie légère,Deux véhicules - frontale,4,2,2,1,1,1,2,0,5,50,2,2,1,0,1,0,51.0,41.0,deux_roues,transport_commun,1,2,2,2,1
202300035539,2023-05-19 09:25:00,2023,5,19,9,25,75,75103,BOULEVARD DE SEBASTOPOL,48.864442,2.351544,Plein jour,En agglomération,Intersection en X,Normale,Deux véhicules - côté,4,1,3,3,1,1,1,0,1,30,2,2,1,0,0,1,49.0,32.0,deux_roues,voiture,1,2,2,1,3
202300035539,2023-05-19 09:25:00,2023,5,19,9,25,75,75103,BOULEVARD DE SEBASTOPOL,48.864442,2.351544,Plein jour,En agglomération,Intersection en X,Normale,Deux véhicules - côté,4,1,2,0,1,1,1,0,1,30,2,2,1,0,0,1,49.0,32.0,deux_roues,voiture,1,2,2,1,3
202300035540,2023-06-23 18:50:00,2023,6,23,18,50,47,47001,MIDI (AVENUE DU),44.18498,0.61693,Plein jour,En agglomération,Giratoire,Normale,Deux véhicules - côté,4,2,2,1,1,2,1,5,1,50,2,2,1,0,0,1,15.0,42.0,deux_roues,utilitaire_camion,1,2,6,1,3
202300035540,2023-06-23 18:50:00,2023,6,23,18,50,47,47001,MIDI (AVENUE DU),44.18498,0.61693,Plein jour,En agglomération,Giratoire,Normale,Deux véhicules - côté,4,2,2,1,1,1,1,5,1,-1,2,2,1,0,0,1,15.0,42.0,deux_roues,utilitaire_camion,1,2,6,1,3
202300035541,2023-11-08 17:10:00,2023,11,8,17,10,59,59350,SALENGRO ROGER RUE,50.61529,3.05006,Nuit avec éclairage allumé,En agglomération,Hors intersection,Pluie légère,Autre collision,7,2,2,0,1,1,2,0,1,50,1,2,1,0,0,1,27.0,,utilitaire_camion,,5,2,1,2,6
202300035542,2023-05-20 00:50:00,2023,5,20,0,50,94,94081,Quai Jules Guesde / Rue Berthie Albrecht,48.79978141,2.41355628,Nuit avec éclairage allumé,En agglomération,Intersection en T,Normale,Deux véhicules - côté,3,3,3,0,1,1,1,5,1,50,2,2,1,0,1,0,33.0,41.0,deux_roues,transport_commun,5,2,3,1,3
202300035542,2023-05-20 00:50:00,2023,5,20,0,50,94,94081,Quai Jules Guesde / Rue Berthie Albrecht,48.79978141,2.41355628,Nuit avec éclairage allumé,En agglomération,Intersection en T,Normale,Deux véhicules - côté,3,2,2,0,1,1,1,5,1,-1,2,2,1,0,1,0,33.0,41.0,deux_roues,transport_commun,5,2,3,1,3
202300035543,2023-06-23 12:35:00,2023,6,23,12,35,45,45302,580 Rue du Champ Rouge,47.95785,1.84762,Plein jour,En agglomération,Hors intersection,Normale,Deux véhicules - côté,4,2,2,1,1,1,1,0,1,50,2,2,1,0,0,1,51.0,35.0,voiture,deux_roues,1,2,1,1,3
202300035544,2023-05-19 09:40:00,2023,5,19,9,40,94,94074,Villa des Polognes,48.74149,2.468554,Plein jour,En agglomération,Hors intersection,Normale,Autre collision,4,-1,0,0,1,1,1,0,1,30,1,1,0,0,0,1,41.0,,utilitaire_camion,,1,2,1,1,6
202300035545,2023-11-08 17:45:00,2023,11,8,17,45,59,59350,SOLFERINO RUE N°208-FIN-161-FIN,50.62438,3.06778,Nuit avec éclairage non allumé,En agglomération,Intersection en X,Pluie légère,Deux véhicules - côté,4,3,4,0,1,1,2,0,1,30,2,2,1,0,0,1,17.0,35.0,deux_roues,voiture,4,2,2,2,3
202300035545,2023-11-08 17:45:00,2023,11,8,17,45,59,59350,SOLFERINO RUE N°208-FIN-161-FIN,50.62438,3.06778,Nuit avec éclairage non allumé,En agglomération,Intersection en X,Pluie légère,Deux véhicules - côté,4,2,0,1,1,1,2,5,1,30,2,2,1,0,0,1,17.0,35.0,deux_roues,voiture,4,2,2,2,3
202300035546,2023-05-18 18:30:00,2023,5,18,18,30,94,94042,Avenue Jean d'Estienne d'Orves,48.824674,2.470042,Plein jour,En agglomération,Hors intersection,Normale,Autre collision,4,2,1,0,1,3,1,0,1,30,1,1,0,0,1,0,39.0,,deux_roues,,1,2,1,1,6
202300035547,2023-06-23 08:50:00,2023,6,23,8,50,44,44184,17 Boulevard du Docteur René Laënnec,47.26371,-2.2397,Plein jour,En agglomération,Intersection en T,Normale,Deux véhicules - côté,4,2,2,0,1,3,1,5,1,50,2,2,1,0,0,1,44.0,44.0,deux_roues,utilitaire_camion,1,2,3,1,3
202300035547,2023-06-23 08:50:00,2023,6,23,8,50,44,44184,17 Boulevard du Docteur René Laënnec,47.26371,-2.2397,Plein jour,En agglomération,Intersection en T,Normale,Deux véhicules - côté,4,1,2,0,2,1,1,5,1,50,2,2,1,0,0,1,44.0,44.0,deux_roues,utilitaire_camion,1,2,3,1,3
202300035548,2023-11-08 08:40:00,2023,11,8,8,40,59,59195,HAUBOURDIN RUE D,50.6253,2.95961,Plein jour,En agglomération,Hors intersection,Temps éblouissant,Autre collision,7,2,1,0,1,3,2,0,1,50,1,2,1,0,0,1,42.0,,voiture,,1,2,1,7,6
202300035549,2023-06-24 01:10:00,2023,6,24,1,10,44,44162,Boulevard Salvador Allende,47.2207048,-1.6284012,Nuit avec éclairage allumé,En agglomération,Hors intersection,Normale,Deux véhicules - côté,4,3,4,2,1,1,1,0,1,50,2,2,1,0,0,1,22.0,30.0,deux_roues,deux_roues,5,2,1,1,3
202300035550,2023-05-19 17:00:00,2023,5,19,17,0,94,94076,Rue du Bel Air,48.78604416,2.35747813,Plein jour,En agglomération,Intersection en T,Normale,Deux véhicules - côté,4,2,2,0,1,1,1,0,1,30,2,4,2,0,0,2,25.0,,utilitaire_camion,utilitaire_camion,1,2,3,1,3
202300035550,2023-05-19 17:00:00,2023,5,19,17,0,94,94076,Rue du Bel Air,48.78604416,2.35747813,Plein jour,En agglomération,Intersection en T,Normale,Deux véhicules - côté,4,2,2,0,1,1,1,0,1,30,2,4,2,0,0,2,25.0,,utilitaire_camion,utilitaire_camion,1,2,3,1,3
202300035551,2023-11-08 07:25:00,2023,11,8,7,25,59,59350,CANONNIERS RUE DES 1:17-26:44,50.64063,3.06887,Crépuscule ou aube,En agglomération,Hors intersection,Normale,Deux véhicules - côté,4,2,2,3,1,1,2,9,1,50,2,2,1,0,0,1,46.0,45.0,deux_roues,transport_commun,2,2,1,1,3
202300035552,2023-05-28 10:07:00,2023,5,28,10,7,44,44109,14B Rue Gaston Veil,47.2093,-1.55551,Plein jour,En agglomération,Intersection en X,Normale,Deux véhicules - côté,4,3,0,0,1,1,1,0,1,30,2,2,1,0,1,0,38.0,30.0,voiture,deux_roues,1,2,2,1,3
202300035552,2023-05-28 10:07:00,2023,5,28,10,7,44,44109,14B Rue Gaston Veil,47.2093,-1.55551,Plein jour,En agglomération,Intersection en X,Normale,Deux véhicules - côté,4,4,3,2,1,1,1,0,1,30,2,2,1,0,1,0,38.0,30.0,voiture,deux_roues,1,2,2,1,3
202300035553,2023-11-08 19:19:00,2023,11,8,19,19,59,59131,SEPT PLANETES,51.00145,2.38323,Nuit avec éclairage allumé,En agglomération,Passage à niveau,Pluie forte,Deux véhicules - frontale,4,-1,2,3,1,1,2,4,6,30,2,2,1,1,0,0,48.0,80.0,transport_commun,voiture,5,2,8,3,1
202300035554,2023-05-20 16:50:00,2023,5,20,16,50,94,94028,Rue de la Basse Quinte,48.77491265,2.4424307,Plein jour,En agglomération,Hors intersection,Normale,Deux véhicules - côté,4,1,0,0,1,1,1,0,1,50,2,2,1,0,0,1,61.0,20.0,deux_roues,voiture,1,2,1,1,3
202300035555,2023-11-07 16:00:00,2023,11,7,16,0,59,59234,BARBUSSE (RUE HENRI),50.401,3.053,Plein jour,En agglomération,Hors intersection,Normale,Deux véhicules - frontale,4,2,2,0,1,1,2,6,1,50,2,2,0,0,0,2,42.0,45.0,voiture,voiture,1,2,1,1,1
202300035556,2023-05-19 21:02:00,2023,5,19,21,2,94,94028,Rue du Général Leclerc,48.78396,2.47183,Crépuscule ou aube,En agglomération,Hors intersection,Normale,Deux véhicules - arrière,3,2,2,0,1,1,1,0,1,50,2,2,1,0,0,1,18.0,45.0,deux_roues,voiture,2,2,1,1,2
202300035557,2023-11-06 12:10:00,2023,11,6,12,10,54,54395,Rue du Général Duroc,48.67187285,6.17427751,Plein jour,En agglomération,Hors intersection,Normale,Autre collision,4,1,2,2,2,1,1,0,1,50,2,2,1,0,0,1,12.0,72.0,deux_roues,voiture,1,2,1,1,6
202300035558,2023-06-22 17:50:00,2023,6,22,17,50,43,43041,Rue de Corsac,45.0499,3.91678,Plein jour,En agglomération,Intersection en T,Pluie légère,Autre collision,3,-1,2,0,1,1,2,0,1,50,1,2,1,0,0,1,40.0,,voiture,,1,2,3,2,6
202300035558,2023-06-22 17:50:00,2023,6,22,17,50,43,43041,Rue de Corsac,45.0499,3.91678,Plein jour,En agglomération,Intersection en T,Pluie légère,Autre collision,3,-1,2,0,1,1,2,0,1,50,1,2,1,0,0,1,40.0,,voiture,,1,2,3,2,6
202300035559,2023-05-19 12:15:00,2023,5,19,12,15,94,94077,17 Place Jeanne d’Arc,48.73288225,2.42467064,Plein jour,En agglomération,Giratoire,Normale,Autre collision,4,1,1,0,1,2,1,9,1,30,1,2,1,0,0,1,20.0,,voiture,,1,2,6,1,6
202300035560,2023-11-08 19:00:00,2023,11,8,19,0,54,54580,Place Jeanne d'Arc,49.46983,5.93059,Nuit avec éclairage allumé,En agglomération,Hors intersection,Normale,Autre collision,4,2,2,0,1,1,2,0,1,-1,1,3,2,0,0,1,24.0,,voiture,,5,2,1,1,6
202300035561,2023-05-20 20:25:00,2023,5,20,20,25,94,94058,Avenue Georges Clémenceau,48.84142,2.50453,Crépuscule ou aube,En agglomération,Hors intersection,Normale,Autre collision,4,1,2,0,1,1,1,0,4,30,1,1,0,0,0,1,63.0,,deux_roues,,2,2,1,1,6
202300035562,2023-11-08 07:30:00,2023,11,8,7,30,51,51454,KOENIG (RUE DU GENERAL),49.22701,4.02541,Plein jour,En agglomération,Hors intersection,Normale,Deux véhicules - côté,4,2,2,0,1,1,1,0,1,50,2,2,1,0,0,1,33.0,49.0,deux_roues,voiture,1,2,1,1,3
202300035563,2023-06-22 19:10:00,2023,6,22,19,10,39,39300,1 Avenue Thurel,46.672877,5.552007,Plein jour,En agglomération,Hors intersection,Pluie forte,Autre collision,4,1,2,0,1,2,2,5,1,30,1,2,1,0,1,0,16.0,,deux_roues,,1,2,1,3,6
202300035564,2023-05-19 18:15:00,2023,5,19,18,15,94,94048,N19,48.72775,2.54967,Plein jour,En agglomération,Hors intersection,Normale,Deux véhicules - côté,2,2,2,0,1,1,1,0,1,80,2,2,1,0,1,0,33.0,28.0,deux_roues,voiture,1,2,1,1,3
202300035565,2023-11-03 16:45:00,2023,11,3,16,45,50,50129,AXE NORD SUD,49.61753,-1.58228,Plein jour,Hors agglomération,Hors intersection,Temps couvert,Trois véhicules et plus - en chaîne,2,3,3,0,2,1,2,0,1,90,4,6,3,0,0,3,41.0,44.0,voiture,voiture,1,1,1,8,4
202300035566,2023-05-20 10:45:00,2023,5,20,10,45,93,93072,Rue des Fleurs / Rue Jean Jaurés,48.96383591,2.38052595,Plein jour,En agglomération,Intersection en T,Normale,Deux véhicules - côté,4,2,2,0,1,1,1,0,1,50,2,2,1,0,0,1,39.0,20.0,voiture,deux_roues,1,2,3,1,3
202300035566,2023-05-20 10:45:00,2023,5,20,10,45,93,93072,Rue des Fleurs / Rue Jean Jaurés,48.96383591,2.38052595,Plein jour,En agglomération,Intersection en T,Normale,Deux véhicules - côté,4,2,2,-1,1,1,1,0,1,-1,2,2,1,0,0,1,39.0,20.0,voiture,deux_roues,1,2,3,1,3
202300035567,2023-04-09 16:40:00,2023,4,9,16,40,72,72328,Route de Bonnétable,48.022381,0.230809,Plein jour,Hors agglomération,Giratoire,Normale,Deux véhicules - côté,3,-1,1,0,1,2,1,0,1,50,2,2,1,0,1,0,47.0,71.0,deux_roues,voiture,1,1,6,1,3
202300035568,2023-06-23 22:30:00,2023,6,23,22,30,38,38185,D269A,45.16632,5.72854,Nuit avec éclairage allumé,En agglomération,Intersection en X,Normale,Autre collision,7,2,2,0,1,1,1,0,1,50,1,2,1,0,0,1,22.0,,deux_roues,,5,2,2,1,6
202300035568,2023-06-23 22:30:00,2023,6,23,22,30,38,38185,D269A,45.16632,5.72854,Nuit avec éclairage allumé,En agglomération,Intersection en X,Normale,Autre collision,7,3,0,2,1,1,1,0,1,50,1,2,1,0,0,1,22.0,,deux_roues,,5,2,2,1,6
202300035569,2023-11-08 08:20:00,2023,11,8,8,20,49,49328,DAVID D'ANGERS (AVENUE),47.26932,-0.0714,Plein jour,En agglomération,Giratoire,Normale,Deux véhicules - côté,4,2,2,0,1,1,2,0,1,50,2,2,1,0,0,1,13.0,19.0,deux_roues,voiture,1,2,6,1,3
202300035569,2023-11-08 08:20:00,2023,11,8,8,20,49,49328,DAVID D'ANGERS (AVENUE),47.26932,-0.0714,Plein jour,En agglomération,Giratoire,Normale,Deux véhicules - côté,4,2,2,0,1,2,2,0,1,50,2,2,1,0,0,1,13.0,19.0,deux_roues,voiture,1,2,6,1,3
202300035570,2023-04-13 08:30:00,2023,4,13,8,30,83,83056,D54,43.555492,6.517146,Plein jour,Hors agglomération,Intersection en Y,Normale,Deux véhicules - côté,3,2,2,0,1,1,1,5,1,70,2,3,2,0,0,1,31.0,38.0,voiture,utilitaire_camion,1,1,4,1,3
202300035570,2023-04-13 08:30:00,2023,4,13,8,30,83,83056,D54,43.555492,6.517146,Plein jour,Hors agglomération,Intersection en Y,Normale,Deux véhicules - côté,3,2, -1,-1,1,1,1,0,1,-1,2,3,2,0,0,1,31.0,38.0,voiture,utilitaire_camion,1,1,4,1,3
202300035571,2023-05-20 09:30:00,2023,5,20,9,30,93,93059,Boulevard Jean Mermoz / Boulevard Pasteur,48.96556,2.36311,Plein jour,En agglomération,Intersection en X,Normale,Autre collision,3,3,4,0,1,1,1,0,1,50,1,2,1,0,1,0,84.0,,voiture,,1,2,2,1,6
202300035571,2023-05-20 09:30:00,2023,5,20,9,30,93,93059,Boulevard Jean Mermoz / Boulevard Pasteur,48.96556,2.36311,Plein jour,En agglomération,Intersection en X,Normale,Autre collision,3,2,2,0,1,1,1,0,1,50,1,2,1,0,1,0,84.0,,voiture,,1,2,2,1,6
202300035572,2023-06-23 11:30:00,2023,6,23,11,30,38,38151,ROND-POINT PIERRE ET MARIE CURIE,45.15981,5.7206,Plein jour,En agglomération,Giratoire,Normale,Deux véhicules - côté,7,2,2,2,1,1,1,5,1,50,2,2,1,0,0,1,22.0,59.0,deux_roues,utilitaire_camion,1,2,6,1,3
202300035572,2023-06-23 11:30:00,2023,6,23,11,30,38,38151,ROND-POINT PIERRE ET MARIE CURIE,45.15981,5.7206,Plein jour,En agglomération,Giratoire,Normale,Deux véhicules - côté,7,1,3,1,1,1,1,0,5,50,2,2,1,0,0,1,22.0,59.0,deux_roues,utilitaire_camion,1,2,6,1,3
202300035573,2023-05-19 21:14:00,2023,5,19,21,14,93,93066,Rue Guy Moquet,48.94111225,2.36158389,Crépuscule ou aube,En agglomération,Hors intersection,Normale,Autre collision,4,2,2,0,1,1,1,0,1,50,1,1,0,0,0,1,70.0,,voiture,,2,2,1,1,6
202300035574,2023-02-28 19:30:00,2023,2,28,19,30,07,07172,Route Departementale D820,45.28052,4.72398,Nuit sans éclairage public,En agglomération,Hors intersection,Pluie légère,Deux véhicules - frontale,3,2,2,0,1,1,2,0,1,80,2,3,2,0,0,1,20.0,40.0,voiture,voiture,3,2,1,2,1
202300035575,2023-11-07 16:10:00,2023,11,7,16,10,49,49015,PIECE DU MOULIN AVENUE DE LA,47.50752,-0.5963,Plein jour,En agglomération,Giratoire,Normale,Deux véhicules - côté,4,2,2,0,1,1,1,0,1,30,2,2,1,0,1,0,64.0,55.0,voiture,deux_roues,1,2,6,1,3
202300035575,2023-11-07 16:10:00,2023,11,7,16,10,49,49015,PIECE DU MOULIN AVENUE DE LA,47.50752,-0.5963,Plein jour,En agglomération,Giratoire,Normale,Deux véhicules - côté,4,1,2,0,1,2,1,9,1,30,2,2,1,0,1,0,64.0,55.0,voiture,deux_roues,1,2,6,1,3
202300035576,2023-06-23 16:30:00,2023,6,23,16,30,37,37261,PASCAL (RUE BLAISE),47.38918,0.69245,Plein jour,En agglomération,Hors intersection,Normale,Sans collision,4,1,1,0,1,2,1,0,1,50,1,1,0,0,0,1,25.0,,deux_roues,,1,2,1,1,7
202300035577,2023-05-20 14:36:00,2023,5,20,14,36,93,93055,Avenue Jean Lolive,48.89466941,2.42113088,Plein jour,En agglomération,Autre intersection,Normale,Deux véhicules - côté,3,2,2,0,1,1,1,9,1,50,2,2,1,0,0,1,44.0,51.0,utilitaire_camion,voiture,1,2,9,1,3
202300035578,2023-04-10 18:56:00,2023,4,10,18,56,987,98734,PK 33.500 RT1 SENS PAPEETE TARAVAO,-17.753837,-149.525283,Nuit avec éclairage allumé,En agglomération,Autre intersection,Normale,Deux véhicules - côté,2,2,2,0,1,1,1,0,8,30,2,2,1,0,1,0,18.0,50.0,deux_roues,voiture,5,2,9,1,3
202300035578,2023-04-10 18:56:00,2023,4,10,18,56,987,98734,PK 33.500 RT1 SENS PAPEETE TARAVAO,-17.753837,-149.525283,Nuit avec éclairage allumé,En agglomération,Autre intersection,Normale,Deux véhicules - côté,2,2,2,0,1,3,1,0,8,60,2,2,1,0,1,0,18.0,50.0,deux_roues,voiture,5,2,9,1,3
202300035579,2023-11-07 07:00:00,2023,11,7,7,0,44,44184,87 Allée des Jacinthes,47.26103,-2.25148,Crépuscule ou aube,En agglomération,Hors intersection,Normale,Autre collision,4,2,2,0,1,1,1,9,1,50,1,2,1,0,0,1,56.0,,voiture,,2,2,1,1,6
202300035580,2023-06-23 21:10:00,2023,6,23,21,10,35,35281,JAURES (COURS JEAN),48.08401,-1.71226,Plein jour,En agglomération,Hors intersection,Normale,Autre collision,4,2,2,0,4,1,1,9,1,50,1,1,0,0,1,0,62.0,,deux_roues,,1,2,1,1,6
202300035581,2023-05-20 11:09:00,2023,5,20,11,9,93,93055,Avenue du Général Leclerc,48.89512628,2.39974213,Plein jour,En agglomération,Autre intersection,Normale,Deux véhicules - côté,3,2,2,3,1,1,1,0,1,50,2,2,1,0,0,1,61.0,30.0,voiture,autre,1,2,9,1,3
202300035582,2023-04-11 21:50:00,2023,4,11,21,50,01,01004,201 Rue Alexandre Bérard,45.971219,5.352632,Nuit avec éclairage allumé,En agglomération,Intersection en X,Normale,Autre collision,4,2,2,0,1,1,1,0,1,50,1,2,1,1,0,0,33.0,,utilitaire_camion,,5,2,2,1,6
202300035582,2023-04-11 21:50:00,2023,4,11,21,50,01,01004,201 Rue Alexandre Bérard,45.971219,5.352632,Nuit avec éclairage allumé,En agglomération,Intersection en X,Normale,Autre collision,4,2,2,1,1,1,1,0,1,50,1,2,1,1,0,0,33.0,,utilitaire_camion,,5,2,2,1,6
202300035583,2023-06-23 12:10:00,2023,6,23,12,10,35,35055,VERGER (RUE DU),48.08239,-1.61173,Plein jour,En agglomération,Giratoire,Normale,Autre collision,4,2,2,0,1,1,1,0,1,50,2,2,1,0,0,1,54.0,10.0,voiture,deux_roues,1,2,6,1,6
202300035583,2023-06-23 12:10:00,2023,6,23,12,10,35,35055,VERGER (RUE DU),48.08239,-1.61173,Plein jour,En agglomération,Giratoire,Normale,Autre collision,4,2,2,0,1,1,1,0,1,50,2,2,1,0,0,1,54.0,10.0,voiture,deux_roues,1,2,6,1,6
202300035584,2023-11-08 08:00:00,2023,11,8,8,0,37,37233,FARGES (AVENUE YVES),47.38682,0.7452,Crépuscule ou aube,En agglomération,Giratoire,Normale,Deux véhicules - arrière,4,2,2,0,1,1,2,0,1,50,2,2,1,0,0,1,29.0,45.0,deux_roues,voiture,2,2,6,1,2
202300035584,2023-11-08 08:00:00,2023,11,8,8,0,37,37233,FARGES (AVENUE YVES),47.38682,0.7452,Crépuscule ou aube,En agglomération,Giratoire,Normale,Deux véhicules - arrière,4,2,2,0,1,1,2,0,1,50,2,2,1,0,0,1,29.0,45.0,deux_roues,voiture,2,2,6,1,2
202300035585,2023-05-19 13:30:00,2023,5,19,13,30,93,93055,Avenue Jean Lolive,48.89074245,2.40065083,Plein jour,En agglomération,Hors intersection,Normale,Autre collision,3,2,2,1,1,1,1,0,4,50,1,4,1,0,1,2,43.0,,voiture,,1,2,1,1,6
202300035586,2023-06-23 08:00:00,2023,6,23,8,0,35,35051,ALLIES (BOULEVARD DES),48.1024,-1.61016,Plein jour,En agglomération,Giratoire,Normale,Deux véhicules - arrière,4,1,3,0,1,1,1,0,1,50,2,2,1,0,0,1,30.0,34.0,voiture,deux_roues,1,2,6,1,2
202300035587,2023-04-08 15:05:00,2023,4,8,15,5,13,13088,D568,43.367427,5.247817,Plein jour,En agglomération,Intersection en X,Normale,Deux véhicules - frontale,3,2,2,0,1,1,9,8,1,50,2,3,1,0,1,1,38.0,46.0,deux_roues,voiture,1,2,2,1,1