accident_id,datetime,annee,mois,jour,heure,minute,departement,commune_insee,adresse,latitude,longitude,luminosite,agglomeration,intersection,meteo,collision,catr,circ,nbv,vosp,prof,plan,surf,infra,situ,vma,nb_vehicules,nb_usagers,nb_indemnes,nb_tues,nb_blesses_hosp,nb_blesses_legers,age_cond_1,age_cond_2,veh_type_cond_1,veh_type_cond_2,lum_code,agg_code,int_code,atm_code,col_code
202300035587,2023-04-08 15:05:00,2023,4,8,15,5,13,13088,D568,43.367427,5.247817,Plein jour,En agglomération,Intersection en X,Normale,Deux véhicules - frontale,3,2, -1,-1,1,1,1,0,1,-1,2,3,1,0,1,1,38.0,46.0,deux_roues,voiture,1,2,2,1,1
202300035588,2023-06-23 20:15:00,2023,6,23,20,15,34,34301,RD2,43.415088,3.702501,Plein jour,Hors agglomération,Hors intersection,Normale,Deux véhicules - arrière,3,3,2,0,1,1,1,0,1,50,2,2,1,1,0,0,35.0,17.0,voiture,deux_roues,1,1,1,1,2
202300035589,2023-05-18 03:05:00,2023,5,18,3,5,93,93053,87 Rue du Parc,48.89316,2.4443,Nuit sans éclairage public,En agglomération,Hors intersection,Normale,Deux véhicules - arrière,3,2,2,1,2,1,1,0,1,50,2,2,1,0,0,1,20.0,29.0,voiture,deux_roues,3,2,1,1,2
202300035590,2023-11-08 19:25:00,2023,11,8,19,25,35,35238,ROCADE 12-13,48.09499,-1.71078,Nuit sans éclairage public,Hors agglomération,Hors intersection,Pluie légère,Deux véhicules - côté,2,3,6,0,1,1,2,0,1,90,2,3,1,0,0,2,20.0,,utilitaire_camion,voiture,3,1,1,2,3
202300035591,2023-06-23 14:15:00,2023,6,23,14,15,34,34129,RM132,43.56049662,3.94190378,Plein jour,En agglomération,Hors intersection,Normale,Deux véhicules - côté,7,2,2,0,1,1,1,0,1,30,2,2,1,0,0,1,18.0,42.0,deux_roues,voiture,1,2,1,1,3
202300035592,2023-05-19 18:35:00,2023,5,19,18,35,93,93048,Boulevard de Chanzy,48.85857831,2.42996496,Plein jour,En agglomération,Hors intersection,Normale,Deux véhicules - côté,3,2,2,0,1,1,1,0,1,50,2,2,1,0,0,1,46.0,49.0,deux_roues,voiture,1,2,1,1,3
202300035593,2023-04-13 13:50:00,2023,4,13,13,50,77,77500,D225,48.215265,2.922259,Plein jour,Hors agglomération,Hors intersection,Normale,Deux véhicules - frontale,3,2,2,0,1,1,1,0,1,90,2,2,1,1,0,0,42.0,76.0,utilitaire_camion,voiture,1,1,1,1,1
202300035594,2023-06-23 08:58:00,2023,6,23,8,58,34,34129,62 traverse du mas rouge.,43.58574,3.91988,Plein jour,En agglomération,Intersection en T,Normale,Deux véhicules - côté,4,-1,1,1,1,1,1,0,1,50,2,2,1,0,0,1,38.0,48.0,voiture,deux_roues,1,2,3,1,3
202300035594,2023-06-23 08:58:00,2023,6,23,8,58,34,34129,62 traverse du mas rouge.,43.58574,3.91988,Plein jour,En agglomération,Intersection en T,Normale,Deux véhicules - côté,4,2,2,0,1,3,1,0,1,50,2,2,1,0,0,1,38.0,48.0,voiture,deux_roues,1,2,3,1,3
202300035595,2023-05-18 18:50:00,2023,5,18,18,50,93,93032,Rue Contant / Rue Gossec,48.8873,2.53343,Plein jour,En agglomération,Intersection en T,Normale,Autre collision,3,2,2,0,2,1,1,0,1,50,1,2,1,0,0,1,47.0,,voiture,,1,2,3,1,6
202300035595,2023-05-18 18:50:00,2023,5,18,18,50,93,93032,Rue Contant / Rue Gossec,48.8873,2.53343,Plein jour,En agglomération,Intersection en T,Normale,Autre collision,3,1,1,0,1,1,1,0,1,50,1,2,1,0,0,1,47.0,,voiture,,1,2,3,1,6
202300035596,2023-06-22 23:15:00,2023,6,22,23,15,30,30189,Avenue Jean-Jaurès,43.832,4.352,Nuit avec éclairage allumé,En agglomération,Intersection en T,Normale,Deux véhicules - côté,4,1,1,0,1,1,1,0,1,50,2,3,0,0,1,2,22.0,21.0,deux_roues,voiture,5,2,3,1,3
202300035596,2023-06-22 23:15:00,2023,6,22,23,15,30,30189,Avenue Jean-Jaurès,43.832,4.352,Nuit avec éclairage allumé,En agglomération,Intersection en T,Normale,Deux véhicules - côté,4,1,2,0,1,1,1,0,1,50,2,3,0,0,1,2,22.0,21.0,deux_roues,voiture,5,2,3,1,3
202300035597,2023-05-20 02:00:00,2023,5,20,2,0,93,93057,Rue Louis Auguste Blanqui / Avenue Anatole France,48.89576787,2.50012323,Nuit avec éclairage allumé,En agglomération,Intersection en X,Normale,Deux véhicules - frontale,3,2,2,0,1,3,1,0,1,50,2,2,1,0,0,1,,20.0,utilitaire_camion,deux_roues,5,2,2,1,1
202300035597,2023-05-20 02:00:00,2023,5,20,2,0,93,93057,Rue Louis Auguste Blanqui / Avenue Anatole France,48.89576787,2.50012323,Nuit avec éclairage allumé,En agglomération,Intersection en X,Normale,Deux véhicules - frontale,3,2,2,-1,1,1,1,0,1,-1,2,2,1,0,0,1,,20.0,utilitaire_camion,deux_roues,5,2,2,1,1
202300035598,2023-11-08 12:10:00,2023,11,8,12,10,35,35238,ROCHESTER (AVENUE DE),48.12793,-1.65929,Plein jour,En agglomération,Intersection en T,Pluie légère,Deux véhicules - côté,4,2,2,0,1,1,2,0,1,30,2,2,1,0,0,1,55.0,64.0,voiture,deux_roues,1,2,3,2,3
202300035598,2023-11-08 12:10:00,2023,11,8,12,10,35,35238,ROCHESTER (AVENUE DE),48.12793,-1.65929,Plein jour,En agglomération,Intersection en T,Pluie légère,Deux véhicules - côté,4,2,2,1,1,1,2,0,1,30,2,2,1,0,0,1,55.0,64.0,voiture,deux_roues,1,2,3,2,3
202300035599,2023-04-12 13:00:00,2023,4,12,13,0,34,34027,M120,43.72087,4.006577,Plein jour,Hors agglomération,Hors intersection,Normale,Deux véhicules - frontale,7,2,2,0,1,1,1,0,1,80,2,2,1,0,0,1,24.0,57.0,voiture,voiture,1,1,1,1,1
202300035600,2023-06-23 18:17:00,2023,6,23,18,17,29,29019,rue du point du jour,48.387624,-4.522775,Plein jour,En agglomération,Hors intersection,Normale,Deux véhicules - arrière,4,2,2,0,2,3,1,0,1,50,2,2,1,0,0,1,41.0,50.0,voiture,voiture,1,2,1,1,2
202300035601,2023-05-20 20:00:00,2023,5,20,20,0,93,93053,Rue Denfert-rochereau,48.89008457,2.46023101,Plein jour,En agglomération,Hors intersection,Normale,Autre collision,4,1,1,0,1,1,1,0,1,50,1,2,1,0,0,1,29.0,,voiture,,1,2,1,1,6
202300035602,2023-04-13 07:30:00,2023,4,13,7,30,68,68089,9 rue des écoles,47.896298,6.983367,Plein jour,En agglomération,Hors intersection,Pluie légère,Autre collision,4,1,1,0,1,1,2,0,1,30,1,1,0,1,0,0,78.0,,voiture,,1,2,1,2,6
202300035603,2023-06-22 08:15:00,2023,6,22,8,15,29,29019,rue Graham Bell,48.42567,-4.47267,Plein jour,En agglomération,Hors intersection,Normale,Deux véhicules - côté,4,-1,1,0,1,1,1,0,1,50,2,2,1,0,0,1,49.0,25.0,voiture,deux_roues,1,2,1,1,3
202300035604,2023-05-20 10:19:00,2023,5,20,10,19,93,93007,Avenue Paul Vaillant Couturier / Rue de Londres,48.92918,2.47928,Plein jour,En agglomération,Intersection en T,Normale,Deux véhicules - arrière,3,1,1,-1,1,1,1,0,1,-1,2,2,1,0,0,1,58.0,41.0,voiture,deux_roues,1,2,3,1,2
202300035604,2023-05-20 10:19:00,2023,5,20,10,19,93,93007,Avenue Paul Vaillant Couturier / Rue de Londres,48.92918,2.47928,Plein jour,En agglomération,Intersection en T,Normale,Deux véhicules - arrière,3,2,2,0,1,1,1,0,1,50,2,2,1,0,0,1,58.0,41.0,voiture,deux_roues,1,2,3,1,2
202300035605,2023-11-07 17:45:00,2023,11,7,17,45,35,35238,MALAKOFF,48.10673,-1.69312,Nuit avec éclairage allumé,En agglomération,Intersection en T,Normale,Deux véhicules - côté,4,1,1,2,1,1,1,0,5,30,2,2,1,0,0,1,58.0,71.0,deux_roues,voiture,5,2,3,1,3
202300035605,2023-11-07 17:45:00,2023,11,7,17,45,35,35238,MALAKOFF,48.10673,-1.69312,Nuit avec éclairage allumé,En agglomération,Intersection en T,Normale,Deux véhicules - côté,4,2,2,1,4,1,1,0,5,30,2,2,1,0,0,1,58.0,71.0,deux_roues,voiture,5,2,3,1,3
202300035606,2023-06-16 11:55:00,2023,6,16,11,55,29,29019,rue de Kervao,48.42308,-4.51075,Plein jour,En agglomération,Intersection en T,Normale,Deux véhicules - côté,4,2,2,0,2,1,1,0,1,50,2,3,1,0,0,2,39.0,30.0,voiture,voiture,1,2,3,1,3
202300035606,2023-06-16 11:55:00,2023,6,16,11,55,29,29019,rue de Kervao,48.42308,-4.51075,Plein jour,En agglomération,Intersection en T,Normale,Deux véhicules - côté,4,2,2,0,2,1,1,0,1,50,2,3,1,0,0,2,39.0,30.0,voiture,voiture,1,2,3,1,3
202300035607,2023-05-19 19:00:00,2023,5,19,19,0,93,93005,Rue de la Division Leclerc / Rue Turgot,48.9277864,2.48325801,Plein jour,En agglomération,Intersection en X,Normale,Deux véhicules - arrière,4,2,2,0,1,1,1,0,1,50,2,2,1,0,0,1,37.0,36.0,voiture,voiture,1,2,2,1,2
202300035607,2023-05-19 19:00:00,2023,5,19,19,0,93,93005,Rue de la Division Leclerc / Rue Turgot,48.9277864,2.48325801,Plein jour,En agglomération,Intersection en X,Normale,Deux véhicules - arrière,4,1,1,0,1,1,1,0,1,50,2,2,1,0,0,1,37.0,36.0,voiture,voiture,1,2,2,1,2
202300035608,2023-04-12 08:05:00,2023,4,12,8,5,54,54115,Rue de Nancy,48.73039347,6.16942942,Plein jour,En agglomération,Hors intersection,Pluie légère,Deux véhicules - côté,3,2,2,0,1,1,2,0,8,50,2,2,1,0,1,0,61.0,46.0,voiture,voiture,1,2,1,2,3
202300035609,2023-06-22 15:45:00,2023,6,22,15,45,27,27229,CITES UNIES (BOULEVARD DES),49.01391,1.14307,Plein jour,En agglomération,Hors intersection,Normale,Deux véhicules - arrière,4,2,2,1,2,3,1,0,1,50,2,3,1,0,0,2,29.0,46.0,voiture,voiture,1,2,1,1,2
202300035610,2023-10-22 00:40:00,2023,10,22,0,40,34,34129,MAUGUIO (ROUTE DE),43.57716,3.93316,Nuit sans éclairage public,En agglomération,Giratoire,Normale,Sans collision,3,-1,2,0,1,1,1,0,8,50,1,2,1,0,0,1,55.0,,voiture,,3,2,6,1,7
202300035611,2023-05-19 12:20:00,2023,5,19,12,20,93,93005,Rue Roger Salengro,48.92968282,2.4906025,Plein jour,En agglomération,Hors intersection,Normale,Deux véhicules - côté,4,1,1,0,1,1,1,0,1,50,2,2,1,0,0,1,78.0,67.0,voiture,deux_roues,1,2,1,1,3
202300035612,2023-06-23 17:30:00,2023,6,23,17,30,25,25056,chemin des essarts,47.26926,6.01022,Plein jour,En agglomération,Hors intersection,Normale,Deux véhicules - frontale,4,2,2,0,2,4,1,0,1,30,2,2,0,0,0,2,20.0,19.0,deux_roues,voiture,1,2,1,1,1
202300035613,2023-05-19 16:20:00,2023,5,19,16,20,93,93001,92 Rue de la Haie Coq,48.90526344,2.37259707,Plein jour,En agglomération,Hors intersection,Normale,Deux véhicules - arrière,4,1,1,0,1,1,1,0,1,50,2,2,1,0,1,0,46.0,65.0,deux_roues,voiture,1,2,1,1,2
202300035614,2023-06-16 20:29:00,2023,6,16,20,29,22,22187,CHEMIN DES MADIERES,48.55683,-2.7657,Plein jour,Hors agglomération,Hors intersection,Normale,Deux véhicules - frontale,4,2,1,0,2,3,1,0,1,50,2,3,2,0,0,1,21.0,26.0,voiture,voiture,1,1,1,1,1
202300035615,2023-05-19 18:05:00,2023,5,19,18,5,92,92051,GENERAL KOENIG (BOULEVARD DU),48.88013564,2.2508736,Plein jour,En agglomération,Intersection en X,Normale,Deux véhicules - frontale,3,-1,4,0,1,1,1,0,8,50,2,2,1,0,0,1,16.0,40.0,deux_roues,voiture,1,2,2,1,1
202300035615,2023-05-19 18:05:00,2023,5,19,18,5,92,92051,GENERAL KOENIG (BOULEVARD DU),48.88013564,2.2508736,Plein jour,En agglomération,Intersection en X,Normale,Deux véhicules - frontale,3,-1,4,0,1,1,1,9,8,50,2,2,1,0,0,1,16.0,40.0,deux_roues,voiture,1,2,2,1,1
202300035616,2023-06-23 13:40:00,2023,6,23,13,40,18,18279,Chemin Blanc,47.20513,2.0597,Plein jour,En agglomération,Hors intersection,Normale,Deux véhicules - frontale,4,2,2,0,1,2,1,0,1,50,2,3,2,0,0,1,60.0,53.0,deux_roues,voiture,1,2,1,1,1
202300035617,2023-05-18 10:47:00,2023,5,18,10,47,92,92051,"GENERAL LECLERC (BOULEVARD DU, N° 1 A 27",48.89029,2.26076,Plein jour,En agglomération,Hors intersection,Normale,Deux véhicules - arrière,3,1,2,0,1,1,1,0,1,50,2,2,1,0,0,1,39.0,37.0,voiture,deux_roues,1,2,1,1,2
202300035618,2023-11-08 22:51:00,2023,11,8,22,51,33,33063,Pont de Pierre,44.83853201,-0.56261212,Nuit avec éclairage allumé,En agglomération,Hors intersection,Temps couvert,Deux véhicules - frontale,4,2,2,3,1,1,2,0,1,50,2,2,1,0,0,1,50.0,21.0,deux_roues,deux_roues,5,2,1,8,1
202300035619,2023-04-12 18:50:00,2023,4,12,18,50,38,38388,D529,45.056179,5.715326,Plein jour,Hors agglomération,Hors intersection,Pluie forte,Deux véhicules - frontale,7,2,2,1,1,1,2,0,1,80,2,6,2,0,1,3,20.0,33.0,voiture,voiture,1,1,1,3,1
202300035620,2023-06-23 06:00:00,2023,6,23,6,0,17,17306,ROCHEFORT (DE)  (AVENUE),45.644704,-1.024676,Crépuscule ou aube,En agglomération,Intersection en X,Normale,Deux véhicules - côté,3,2,2,0,1,1,1,5,1,50,2,6,4,0,0,2,54.0,19.0,voiture,voiture,2,2,2,1,3
202300035620,2023-06-23 06:00:00,2023,6,23,6,0,17,17306,ROCHEFORT (DE)  (AVENUE),45.644704,-1.024676,Crépuscule ou aube,En agglomération,Intersection en X,Normale,Deux véhicules - côté,3,2,2,1,1,1,1,5,1,50,2,6,4,0,0,2,54.0,19.0,voiture,voiture,2,2,2,1,3
202300035621,2023-05-19 20:53:00,2023,5,19,20,53,92,92050,PICASSO PABLO AVENUE,48.88868,2.22206,Plein jour,En agglomération,Hors intersection,Normale,Autre collision,4,2,2,0,1,1,1,0,1,50,1,2,1,0,1,0,,,autre,,1,2,1,1,6
202300035622,2023-02-24 11:20:00,2023,2,24,11,20,16,16023,54 Rue des Ecoles,45.915765,0.244721,Plein jour,En agglomération,Hors intersection,Normale,Sans collision,3,2,2,0,1,1,1,0,1,50,1,1,0,0,0,1,44.0,,deux_roues,,1,2,1,1,7
202300035623,2023-11-08 18:45:00,2023,11,8,18,45,33,33162,Avenue Jean Mermoz,44.85828,-0.66625,Nuit avec éclairage allumé,En agglomération,Passage à niveau,Pluie forte,Deux véhicules - côté,4,2,3,0,1,1,2,4,1,50,2,2,1,0,1,0,26.0,30.0,transport_commun,voiture,5,2,8,3,3
202300035623,2023-11-08 18:45:00,2023,11,8,18,45,33,33162,Avenue Jean Mermoz,44.85828,-0.66625,Nuit avec éclairage allumé,En agglomération,Passage à niveau,Pluie forte,Deux véhicules - côté,4,2,4,3,1,1,2,4,1,50,2,2,1,0,1,0,26.0,30.0,transport_commun,voiture,5,2,8,3,3
202300035624,2023-06-23 08:07:00,2023,6,23,8,7,13,13103,AVENUE CHABAN DELMAS -JACQUES-RN 113,43.64045825,5.07342248,Plein jour,En agglomération,Hors intersection,Normale,Autre collision,4,2,2,0,1,1,1,0,1,50,1,2,1,0,0,1,44.0,,voiture,,1,2,1,1,6
202300035625,2023-05-20 21:10:00,2023,5,20,21,10,92,92049,GINOUX AVENUE HENRI AUTRES N°,48.81317,2.31964,Plein jour,En agglomération,Intersection en X,Normale,Deux véhicules - côté,3,1,2,0,1,1,1,0,1,30,2,2,1,0,0,1,17.0,46.0,deux_roues,voiture,1,2,2,1,3
202300035625,2023-05-20 21:10:00,2023,5,20,21,10,92,92049,GINOUX AVENUE HENRI AUTRES N°,48.81317,2.31964,Plein jour,En agglomération,Intersection en X,Normale,Deux véhicules - côté,3,1,1,0,1,1,1,0,1,30,2,2,1,0,0,1,17.0,46.0,deux_roues,voiture,1,2,2,1,3
202300035626,2023-04-13 16:15:00,2023,4,13,16,15,31,31135,53 Avenue de Toulouse,43.224215,1.084691,Plein jour,Hors agglomération,Hors intersection,Pluie légère,Trois véhicules et plus - collisions multiples,3,2,2,0,1,3,2,0,1,70,3,4,0,0,2,2,27.0,39.0,voiture,voiture,1,1,1,2,5
202300035627,2023-03-01 19:15:00,2023,3,1,19,15,40,40312,Boulevard de la Yayi,43.55127887,-1.45992228,Nuit avec éclairage allumé,En agglomération,Intersection en T,Normale,Deux véhicules - côté,3,1, -1,-1,1,2,1,-1,1,-1,2,2,1,0,0,1,43.0,19.0,voiture,deux_roues,5,2,3,1,3
202300035627,2023-03-01 19:15:00,2023,3,1,19,15,40,40312,Boulevard de la Yayi,43.55127887,-1.45992228,Nuit avec éclairage allumé,En agglomération,Intersection en T,Normale,Deux véhicules - côté,3,2,2,0,2,2,1,5,1,70,2,2,1,0,0,1,43.0,19.0,voiture,deux_roues,5,2,3,1,3
202300035628,2023-06-22 22:00:00,2023,6,22,22,0,13,13205,JEAN MOULIN (BOULEVARD),43.29122,5.39997,Nuit avec éclairage allumé,En agglomération,Hors intersection,Normale,Deux véhicules - côté,4,2,6,0,1,1,1,0,1,50,2,3,2,0,0,1,24.0,31.0,deux_roues,deux_roues,5,2,1,1,3
202300035629,2023-05-20 18:10:00,2023,5,20,18,10,92,92020,MAIRIE RUE DE LA,48.800736,2.288102,Plein jour,En agglomération,Autre intersection,Normale,Autre collision,4,1,1,0,2,2,1,6,1,50,1,2,1,0,0,1,22.0,,voiture,,1,2,9,1,6
202300035630,2023-11-08 19:50:00,2023,11,8,19,50,33,33063,Rue Georges Bonnac,44.83875137,-0.58921024,Nuit avec éclairage allumé,En agglomération,Intersection en X,Pluie légère,Deux véhicules - côté,4,1,1,2,1,1,2,0,1,50,2,2,1,0,0,1,58.0,62.0,deux_roues,voiture,5,2,2,2,3
202300035630,2023-11-08 19:50:00,2023,11,8,19,50,33,33063,Rue Georges Bonnac,44.83875137,-0.58921024,Nuit avec éclairage allumé,En agglomération,Intersection en X,Pluie légère,Deux véhicules - côté,4,1,1,0,1,1,2,0,1,50,2,2,1,0,0,1,58.0,62.0,deux_roues,voiture,5,2,2,2,3
202300035631,2023-06-13 11:00:00,2023,6,13,11,0,12,12202,PARIS (AVENUE DE),44.36057,2.58152,Plein jour,En agglomération,Hors intersection,Normale,Autre collision,4,2,2,1,2,1,1,8,1,30,1,1,0,0,1,0,71.0,,deux_roues,,1,2,1,1,6
202300035632,2023-01-13 20:10:00,2023,1,13,20,10,13,13037,Avenue du Général de Gaulle,43.550407,5.22674,Nuit sans éclairage public,En agglomération,Hors intersection,Normale,Deux véhicules - côté,3,2,1,0,1,1,1,0,1,50,2,2,1,0,1,0,45.0,32.0,deux_roues,voiture,3,2,1,1,3
202300035633,2023-04-13 18:30:00,2023,4,13,18,30,50,50041,Route du Saussey,49.612441,-1.703128,Plein jour,En agglomération,Intersection en X,Normale,Autre collision,3,2,2,0,2,1,1,9,1,50,2,2,1,0,1,0,13.0,54.0,deux_roues,voiture,1,2,2,1,6
202300035633,2023-04-13 18:30:00,2023,4,13,18,30,50,50041,Route du Saussey,49.612441,-1.703128,Plein jour,En agglomération,Intersection en X,Normale,Autre collision,3,2, -1,-1,2,1,1,-1,1,-1,2,2,1,0,1,0,13.0,54.0,deux_roues,voiture,1,2,2,1,6
202300035634,2023-05-19 12:30:00,2023,5,19,12,30,92,92040,GALLIENI (BOULEVARD),48.82818,2.2675,Plein jour,En agglomération,Hors intersection,Normale,Deux véhicules - arrière,3,2,2,0,1,1,1,0,1,30,2,2,1,0,0,1,70.0,52.0,voiture,deux_roues,1,2,1,1,2
202300035635,2023-11-08 18:36:00,2023,11,8,18,36,33,33281,Avenue de l'Yser,44.84131,-0.65072,Nuit avec éclairage allumé,En agglomération,Giratoire,Pluie légère,Autre collision,4,2,2,0,1,1,2,0,1,50,2,2,1,0,0,1,67.0,34.0,voiture,deux_roues,5,2,6,2,6
202300035635,2023-11-08 18:36:00,2023,11,8,18,36,33,33281,Avenue de l'Yser,44.84131,-0.65072,Nuit avec éclairage allumé,En agglomération,Giratoire,Pluie légère,Autre collision,4,2,2,0,2,1,2,0,1,50,2,2,1,0,0,1,67.0,34.0,voiture,deux_roues,5,2,6,2,6
202300035636,2023-06-20 18:35:00,2023,6,20,18,35,11,11262,4 Avenue de Toulouse,43.18236,2.99716,Plein jour,En agglomération,Hors intersection,Normale,Deux véhicules - côté,4,2,3,0,1,1,1,0,1,50,2,2,1,0,0,1,27.0,31.0,voiture,voiture,1,2,1,1,3
202300035637,2023-02-09 13:25:00,2023,2,9,13,25,69,69244,120 Avenue Charles de Gaulle,45.759507,4.774943,Plein jour,En agglomération,Hors intersection,Normale,Deux véhicules - côté,4,2,3,2,2,1,2,0,6,50,2,2,1,0,1,0,27.0,64.0,voiture,voiture,1,2,1,1,3
202300035638,2023-05-19 10:37:00,2023,5,19,10,37,92,92025,CHARLES DE GAULLE (BD),48.9146,2.22866,Plein jour,En agglomération,Hors intersection,Normale,Autre collision,3,2,0,0,1,1,1,0,1,50,1,2,1,0,0,1,19.0,,voiture,,1,2,1,1,6
202300035639,2023-03-19 15:00:00,2023,3,19,15,0,22,22040,D8,48.513319,-3.185461,Plein jour,Hors agglomération,Hors intersection,Normale,Deux véhicules - frontale,4,3,3,0,2,3,1,0,1,80,2,3,0,0,3,0,85.0,90.0,voiture,voiture,1,1,1,1,1
202300035640,2023-11-08 22:00:00,2023,11,8,22,0,31,31555,RTE D AGDE,43.6268,1.4771,Nuit avec éclairage allumé,En agglomération,Hors intersection,Normale,Autre collision,7,-1,1,0,1,3,1,0,1,50,1,2,1,0,0,1,51.0,,voiture,,5,2,1,1,6
202300035641,2023-03-02 11:00:00,2023,3,2,11,0,31,31161,"Autorute A61, sens TOULOUSE - NARBONNE, point kilométrique 248+000",43.484524,1.548965,Plein jour,Hors agglomération,Autre intersection,Normale,Autre collision,1,1,4,3,1,1,1,9,6,130,1,1,0,0,0,1,49.0,,utilitaire_camion,,1,1,9,1,6
202300035642,2023-05-19 11:45:00,2023,5,19,11,45,92,92019,DE VINCI LEONARD (AVENUE),48.76588,2.25064,Plein jour,En agglomération,Hors intersection,Normale,Autre collision,4,1,1,0,1,1,1,0,1,30,1,2,1,0,0,1,23.0,,voiture,,1,2,1,1,6
202300035643,2023-06-22 21:40:00,2023,6,22,21,40,10,10333,TILLEULS (AVENUE),48.28404,4.06131,Plein jour,En agglomération,Intersection en T,Normale,Deux véhicules - côté,4,2,2,0,1,1,1,0,1,50,2,3,1,0,1,1,,16.0,voiture,deux_roues,1,2,3,1,3
202300035643,2023-06-22 21:40:00,2023,6,22,21,40,10,10333,TILLEULS (AVENUE),48.28404,4.06131,Plein jour,En agglomération,Intersection en T,Normale,Deux véhicules - côté,4,2,2,0,1,1,1,0,1,50,2,3,1,0,1,1,,16.0,voiture,deux_roues,1,2,3,1,3
202300035644,2023-11-07 18:35:00,2023,11,7,18,35,29,29019,avenue de Provence,48.407297,-4.516989,Plein jour,En agglomération,Intersection en T,Normale,Autre collision,4,2,2,0,1,1,1,0,1,50,1,2,1,0,0,1,21.0,,voiture,,1,2,3,1,6
202300035644,2023-11-07 18:35:00,2023,11,7,18,35,29,29019,avenue de Provence,48.407297,-4.516989,Plein jour,En agglomération,Intersection en T,Normale,Autre collision,4,2,2,0,1,1,1,0,1,50,1,2,1,0,0,1,21.0,,voiture,,1,2,3,1,6
202300035645,2023-06-22 15:05:00,2023,6,22,15,5,10,10387,EMILE ZOLA (RUE),48.29514,4.07168,Plein jour,En agglomération,Intersection en X,Temps couvert,Deux véhicules - côté,4,1,1,0,2,1,2,0,1,50,2,2,1,0,0,1,16.0,33.0,deux_roues,voiture,1,2,2,8,3
202300035645,2023-06-22 15:05:00,2023,6,22,15,5,10,10387,EMILE ZOLA (RUE),48.29514,4.07168,Plein jour,En agglomération,Intersection en X,Temps couvert,Deux véhicules - côté,4,1,1,0,2,1,2,0,1,50,2,2,1,0,0,1,16.0,33.0,deux_roues,voiture,1,2,2,8,3
202300035646,2023-05-20 03:03:00,2023,5,20,3,3,92,92012,GENERAL LECLERC (AVENUE DU) 35/FIN - 60/,48.83242546,2.23942727,Nuit avec éclairage allumé,En agglomération,Hors intersection,Normale,Deux véhicules - arrière,3,1,3,0,1,1,1,0,1,50,2,5,4,0,0,1,25.0,25.0,voiture,voiture,5,2,1,1,2
202300035647,2023-04-08 17:10:00,2023,4,8,17,10,13,13213,A507 sens Marseille - Aubagne,43.32133,5.4226,Plein jour,Hors agglomération,Hors intersection,Normale,Deux véhicules - arrière,1,3,3,0,2,1,1,0,1,70,2,2,1,0,0,1,29.0,35.0,voiture,utilitaire_camion,1,1,1,1,2
202300035648,2023-06-22 16:00:00,2023,6,22,16,0,06,06027,CANNES AVENUE DE (RN7),43.65171,7.14233,Plein jour,En agglomération,Hors intersection,Temps couvert,Deux véhicules - côté,7,2,2,0,2,1,1,0,1,70,2,2,1,0,0,1,45.0,38.0,utilitaire_camion,deux_roues,1,2,1,8,3
202300035649,2023-05-21 08:30:00,2023,5,21,8,30,62,62169,Rue du 8e de Ligne,50.73016,2.021838,Plein jour,Hors agglomération,Hors intersection,Normale,Deux véhicules - frontale,4,2,2,0,1,3,1,0,1,80,2,2,1,0,1,0,50.0,48.0,voiture,deux_roues,1,1,1,1,1
202300035650,2023-11-08 07:51:00,2023,11,8,7,51,28,28085,BETHOUARD (AVENUE),48.4512,1.4936,Nuit avec éclairage allumé,En agglomération,Hors intersection,Pluie légère,Deux véhicules - côté,4,2,2,0,2,1,2,0,1,30,2,2,1,0,1,0,18.0,25.0,voiture,deux_roues,5,2,1,2,3
202300035651,2023-03-02 05:25:00,2023,3,2,5,25,78,78089,"Autoroute A13, PK 056+950",49.019726,1.577688,Nuit sans éclairage public,Hors agglomération,Hors intersection,Normale,Trois véhicules et plus - collisions multiples,1,3,5,0,2,3,1,0,1,130,3,3,0,1,0,2,27.0,25.0,voiture,voiture,3,1,1,1,5
202300035652,2023-06-20 11:35:00,2023,6,20,11,35,04,04070,ALPILLES (CH. DES),44.08382,6.2054,Plein jour,En agglomération,Hors intersection,Normale,Deux véhicules - arrière,4,-1,1,0,1,1,1,9,1,50,2,3,2,0,0,1,28.0,67.0,voiture,deux_roues,1,2,1,1,2
202300035653,2023-03-01 07:59:00,2023,3,1,7,59,2A,2A247,D859,41.566591,9.253793,Plein jour,Hors agglomération,Hors intersection,Normale,Deux véhicules - côté,3,2,2,0,1,2,1,0,1,80,2,2,1,0,1,0,31.0,54.0,voiture,voiture,1,1,1,1,3
202300035654,2023-11-08 12:15:00,2023,11,8,12,15,27,27229,FAUVILLE (RUE DE),49.028005,1.181795,Plein jour,Hors agglomération,Hors intersection,Normale,Deux véhicules - côté,4,-1,2,0,1,1,1,0,1,50,2,3,2,0,0,1,30.0,17.0,voiture,voiture,1,1,1,1,3
202300035655,2023-04-12 17:39:00,2023,4,12,17,39,33,33249,ROUTE NATIONALE 230,44.87231,-0.50595,Plein jour,Hors agglomération,Hors intersection,Normale,Trois véhicules et plus - en chaîne,2,1,3,0,1,1,1,3,1,90,4,6,3,0,0,3,31.0,53.0,utilitaire_camion,voiture,1,1,1,1,4
202300035656,2023-06-16 22:00:00,2023,6,16,22,0,02,02722,1 Avenue du Général de Gaulle,49.37605,3.32976,Nuit avec éclairage allumé,En agglomération,Giratoire,Normale,Deux véhicules - côté,4,-1,2,0,1,1,1,0,8,30,2,2,1,0,0,1,18.0,17.0,voiture,deux_roues,5,2,6,1,3