accident_id,datetime,annee,mois,jour,heure,minute,departement,commune_insee,adresse,latitude,longitude,luminosite,agglomeration,intersection,meteo,collision,catr,circ,nbv,vosp,prof,plan,surf,infra,situ,vma,nb_vehicules,nb_usagers,nb_indemnes,nb_tues,nb_blesses_hosp,nb_blesses_legers,age_cond_1,age_cond_2,veh_type_cond_1,veh_type_cond_2,lum_code,agg_code,int_code,atm_code,col_code
202300035656,2023-06-16 22:00:00,2023,6,16,22,0,02,02722,1 Avenue du Général de Gaulle,49.37605,3.32976,Nuit avec éclairage allumé,En agglomération,Giratoire,Normale,Deux véhicules - côté,4,-1,2,0,1,2,1,0,8,30,2,2,1,0,0,1,18.0,17.0,voiture,deux_roues,5,2,6,1,3
202300035657,2023-05-19 12:00:00,2023,5,19,12,0,22,22209,D786,48.58687,-2.143782,Plein jour,En agglomération,Hors intersection,Normale,Deux véhicules - frontale,3,2,2,1,4,1,1,0,1,70,2,2,1,1,0,0,66.0,79.0,voiture,deux_roues,1,2,1,1,1
202300035658,2023-06-22 22:45:00,2023,6,22,22,45,75,75117,PORTE DE SAINT OUEN,48.900488,2.322065,Nuit avec éclairage allumé,En agglomération,Hors intersection,Normale,Sans collision,4,1,4,0,1,1,1,0,1,70,1,2,0,0,0,2,36.0,,deux_roues,,5,2,1,1,7
202300035659,2023-05-20 11:34:00,2023,5,20,11,34,06,06044,233 Chemin du Puits de l?Eveque,43.684512,7.104887,Plein jour,En agglomération,Hors intersection,Normale,Autre collision,4,2,2,0,2,3,1,0,1,50,1,1,0,0,1,0,25.0,,deux_roues,,1,2,1,1,6
202300035660,2023-01-21 13:09:00,2023,1,21,13,9,22,22213,coutance,48.507862,-2.019687,Plein jour,Hors agglomération,Hors intersection,Normale,Deux véhicules - frontale,3,2,2,0,1,1,7,0,3,80,2,3,0,0,2,1,20.0,,voiture,,1,1,1,1,1
202300035661,2023-04-11 16:25:00,2023,4,11,16,25,59,59508,AUTOROUTE A22,50.74366326,3.13900568,Plein jour,Hors agglomération,Hors intersection,Normale,Deux véhicules - arrière,1,-1,2,0,1,1,1,0,1,110,2,3,2,0,1,0,68.0,59.0,autre,utilitaire_camion,1,1,1,1,2
202300035662,2023-11-08 19:30:00,2023,11,8,19,30,25,25056,,47.259831,6.008732,Nuit avec éclairage allumé,En agglomération,Giratoire,Normale,Deux véhicules - côté,3,2,2,0,2,3,1,5,1,50,2,2,1,0,0,1,48.0,46.0,deux_roues,voiture,5,2,6,1,3
202300035662,2023-11-08 19:30:00,2023,11,8,19,30,25,25056,,47.259831,6.008732,Nuit avec éclairage allumé,En agglomération,Giratoire,Normale,Deux véhicules - côté,3,-1, -1,-1,2,1,1,5,1,-1,2,2,1,0,0,1,48.0,46.0,deux_roues,voiture,5,2,6,1,3
202300035663,2023-05-19 23:40:00,2023,5,19,23,40,57,57493,D38,48.806355,6.676426,Nuit sans éclairage public,Hors agglomération,Hors intersection,Normale,Sans collision,3,2,2,0,1,1,1,0,8,80,1,1,0,0,1,0,55.0,,deux_roues,,3,1,1,1,7
202300035664,2023-06-22 01:20:00,2023,6,22,1,20,75,75117,PORTE MAILLOT,48.882612,2.283497,Nuit avec éclairage allumé,En agglomération,Hors intersection,Normale,Deux véhicules - côté,4,1,4,0,1,1,1,0,1,70,2,2,1,0,1,0,40.0,35.0,voiture,deux_roues,5,2,1,1,3
202300035665,2023-04-12 21:00:00,2023,4,12,21,0,91,91687,AUTOROUTE A6,48.66198,2.36964,Nuit sans éclairage public,Hors agglomération,Hors intersection,Pluie légère,Sans collision,1,3,3,0,1,1,2,0,1,110,1,1,0,0,0,1,29.0,,voiture,,3,1,1,2,7
202300035666,2023-11-07 18:15:00,2023,11,7,18,15,22,22278,CHRISOSTOME (MIREILLE),48.5129,-2.7616,Nuit avec éclairage allumé,En agglomération,Hors intersection,Normale,Autre collision,4,2,2,0,1,1,1,0,1,30,1,2,1,0,1,0,81.0,,voiture,,5,2,1,1,6
202300035667,2023-05-19 13:00:00,2023,5,19,13,0,68,68295,90a Route de Bâle,48.001402,7.381477,Plein jour,En agglomération,Hors intersection,Normale,Deux véhicules - arrière,3,2,2,0,1,1,1,0,1,50,2,2,1,0,1,0,31.0,64.0,voiture,deux_roues,1,2,1,1,2
202300035668,2023-06-20 12:08:00,2023,6,20,12,8,75,75118,PORTE DE SAINT OUEN,48.900646,2.331722,Plein jour,En agglomération,Hors intersection,Normale,Deux véhicules - côté,4,1,4,0,1,1,1,0,1,70,2,2,1,0,0,1,55.0,44.0,voiture,deux_roues,1,2,1,1,3
202300035669,2023-04-12 12:55:00,2023,4,12,12,55,91,91161,AUTOROUTE A126,48.70729,2.30669,Plein jour,Hors agglomération,Hors intersection,Normale,Deux véhicules - arrière,1,1,1,0,1,1,1,0,1,70,2,2,0,0,0,2,35.0,55.0,voiture,deux_roues,1,1,1,1,2
202300035670,2023-05-19 16:50:00,2023,5,19,16,50,46,46172,l'estang,44.352394,1.404748,Plein jour,Hors agglomération,Hors intersection,Normale,Sans collision,3,2,2,0,2,4,1,0,3,80,1,1,0,0,0,1,41.0,,voiture,,1,1,1,1,7
202300035671,2023-11-04 06:45:00,2023,11,4,6,45,19,19031,TURGOT (AVENUE),45.16607,1.52642,Nuit avec éclairage allumé,En agglomération,Hors intersection,Pluie forte,Autre collision,4,1,1,2,1,1,2,0,5,50,2,2,1,0,0,1,55.0,55.0,deux_roues,voiture,5,2,1,3,6
202300035672,2023-06-23 11:40:00,2023,6,23,11,40,75,75119,PLACE AUGUSTE BARON,48.900891,2.388337,Plein jour,En agglomération,Place,Normale,Deux véhicules - arrière,4,2,3,0,1,1,1,0,1,30,2,2,1,0,0,1,34.0,44.0,voiture,deux_roues,1,2,7,1,2
202300035672,2023-06-23 11:40:00,2023,6,23,11,40,75,75119,PLACE AUGUSTE BARON,48.900891,2.388337,Plein jour,En agglomération,Place,Normale,Deux véhicules - arrière,4,2,2,0,1,1,1,0,1,30,2,2,1,0,0,1,34.0,44.0,voiture,deux_roues,1,2,7,1,2
202300035673,2023-04-12 05:27:00,2023,4,12,5,27,91,91064,RD 444,48.74893,2.21903,Nuit sans éclairage public,Hors agglomération,Hors intersection,Pluie forte,Sans collision,3,1,1,0,1,3,8,0,1,90,1,1,0,0,0,1,40.0,,deux_roues,,3,1,1,3,7
202300035674,2023-03-01 07:30:00,2023,3,1,7,30,69,69276,Boulevard Urbain Sud,45.68218519,4.85108403,Plein jour,Hors agglomération,Hors intersection,Normale,Trois véhicules et plus - collisions multiples,7,3,4,0,1,1,1,0,1,80,3,3,2,0,0,1,54.0,56.0,deux_roues,voiture,1,1,1,1,5
202300035675,2023-11-08 13:20:00,2023,11,8,13,20,17,17415,LECLERC COURS DU MARECHAL,45.749288,-0.645402,Plein jour,En agglomération,Hors intersection,Normale,Deux véhicules - arrière,4,2,2,0,1,1,1,0,1,50,2,2,1,0,0,1,22.0,35.0,voiture,voiture,1,2,1,1,2
202300035676,2023-05-19 21:35:00,2023,5,19,21,35,59,59266,Rue de la Barre,50.556497,2.973454,Crépuscule ou aube,Hors agglomération,Hors intersection,Normale,Sans collision,3,2,2,0,1,1,1,0,8,-1,1,1,0,0,0,1,39.0,,voiture,,2,1,1,1,7
202300035677,2023-06-23 17:57:00,2023,6,23,17,57,75,75118,RUE CUSTINE,48.887413,2.349562,Plein jour,En agglomération,Autre intersection,Normale,Autre collision,4,2,4,0,1,1,1,0,1,30,1,2,1,0,0,1,55.0,,voiture,,1,2,9,1,6
202300035677,2023-06-23 17:57:00,2023,6,23,17,57,75,75118,RUE CUSTINE,48.887413,2.349562,Plein jour,En agglomération,Autre intersection,Normale,Autre collision,4,1,1,0,2,1,1,0,1,30,1,2,1,0,0,1,55.0,,voiture,,1,2,9,1,6
202300035678,2023-03-01 20:15:00,2023,3,1,20,15,92,92050,A86,48.90807693,2.21348528,Nuit avec éclairage allumé,Hors agglomération,Hors intersection,Normale,Trois véhicules et plus - en chaîne,1,1,2,0,1,2,1,0,1,70,3,3,2,0,0,1,61.0,28.0,voiture,voiture,5,1,1,1,4
202300035679,2023-06-22 03:00:00,2023,6,22,3,0,75,75118,BOULEVARD DE LA CHAPELLE,48.884137,2.353487,Nuit avec éclairage allumé,En agglomération,Hors intersection,Normale,Autre collision,4,-1,1,0,1,1,1,0,1,30,1,1,0,0,1,0,40.0,,deux_roues,,5,2,1,1,6
202300035680,2023-05-21 11:31:00,2023,5,21,11,31,65,65272,D817,43.196862,0.192701,Plein jour,Hors agglomération,Hors intersection,Normale,Autre collision,3,2,4,0,4,2,1,0,8,90,1,1,0,1,0,0,23.0,,voiture,,1,1,1,1,6
202300035681,2023-04-11 22:50:00,2023,4,11,22,50,92,92002,AUTOROUTE A86,48.76284698,2.30411982,Nuit sans éclairage public,Hors agglomération,Hors intersection,Pluie forte,Trois véhicules et plus - collisions multiples,1,1,2,0,1,1,2,0,1,90,3,3,2,0,0,1,55.0,34.0,voiture,voiture,3,1,1,3,5
202300035682,2023-11-08 00:30:00,2023,11,8,0,30,14,14327,N814,49.20049,-0.34725,Nuit sans éclairage public,Hors agglomération,Hors intersection,Temps couvert,Deux véhicules - arrière,2,1,2,0,1,1,2,8,1,70,2,2,1,0,0,1,42.0,55.0,voiture,utilitaire_camion,3,1,1,8,2
202300035683,2023-05-20 16:30:00,2023,5,20,16,30,71,71004,D673,46.799178,4.9335,Plein jour,Hors agglomération,Intersection en T,Normale,Deux véhicules - côté,3,2,2,0,1,3,1,5,1,80,2,2,1,0,1,0,29.0,30.0,deux_roues,voiture,1,1,3,1,3
202300035683,2023-05-20 16:30:00,2023,5,20,16,30,71,71004,D673,46.799178,4.9335,Plein jour,Hors agglomération,Intersection en T,Normale,Deux véhicules - côté,3,2,2,0,1,1,1,5,1,80,2,2,1,0,1,0,29.0,30.0,deux_roues,voiture,1,1,3,1,3
202300035684,2023-06-23 00:55:00,2023,6,23,0,55,75,75117,BOULEVARD PEREIRE,48.884601,2.296837,Nuit avec éclairage allumé,En agglomération,Place,Normale,Deux véhicules - côté,4,1,0,0,1,1,1,0,1,30,2,5,1,0,0,4,34.0,15.0,voiture,voiture,5,2,7,1,3
202300035684,2023-06-23 00:55:00,2023,6,23,0,55,75,75117,BOULEVARD PEREIRE,48.884601,2.296837,Nuit avec éclairage allumé,En agglomération,Place,Normale,Deux véhicules - côté,4,1,4,1,1,1,1,0,1,30,2,5,1,0,0,4,34.0,15.0,voiture,voiture,5,2,7,1,3
202300035685,2023-02-28 17:00:00,2023,2,28,17,0,95,95018, A15,48.9496723,2.2802208,Plein jour,Hors agglomération,Hors intersection,Normale,Trois véhicules et plus - en chaîne,1,3,6,0,1,1,1,0,1,50,3,4,3,0,0,1,26.0,24.0,utilitaire_camion,voiture,1,1,1,1,4
202300035686,2023-11-08 11:00:00,2023,11,8,11,0,13,13203,PARIS (BOULEVARD DE),43.31216,5.36884,Plein jour,En agglomération,Passage à niveau,Normale,Autre collision,4,2,2,3,1,1,1,4,6,50,1,4,1,0,0,3,50.0,,transport_commun,,1,2,8,1,6
202300035687,2023-04-12 08:40:00,2023,4,12,8,40,92,92062,RN1014 W,48.89249355,2.23689035,Crépuscule ou aube,Hors agglomération,Hors intersection,Pluie légère,Trois véhicules et plus - collisions multiples,2,1,2,0,1,1,2,1,1,70,3,4,3,0,0,1,21.0,58.0,deux_roues,deux_roues,2,1,1,2,5
202300035688,2023-05-19 20:45:00,2023,5,19,20,45,62,62147,D919,50.21893993,2.76034309,Plein jour,Hors agglomération,Intersection en X,Normale,Deux véhicules - côté,3,2,2,0,1,1,1,0,1,80,2,3,0,0,1,2,25.0,42.0,voiture,voiture,1,1,2,1,3
202300035688,2023-05-19 20:45:00,2023,5,19,20,45,62,62147,D919,50.21893993,2.76034309,Plein jour,Hors agglomération,Intersection en X,Normale,Deux véhicules - côté,3,2,2,0,1,1,1,0,1,80,2,3,0,0,1,2,25.0,42.0,voiture,voiture,1,1,2,1,3
202300035688,2023-05-19 20:45:00,2023,5,19,20,45,62,62147,D919,50.21893993,2.76034309,Plein jour,Hors agglomération,Intersection en X,Normale,Deux véhicules - côté,3,2,2,0,1,1,1,0,1,80,2,3,0,0,1,2,25.0,42.0,voiture,voiture,1,1,2,1,3
202300035689,2023-11-05 18:00:00,2023,11,5,18,0,13,13208,PRADO (AVENUE DU),43.27888,5.38773,Crépuscule ou aube,En agglomération,Hors intersection,Normale,Deux véhicules - frontale,4,2,6,3,1,1,1,0,1,50,1,2,1,0,1,0,25.0,,voiture,,2,2,1,1,1
202300035690,2023-06-23 16:30:00,2023,6,23,16,30,75,75116,ROUTE DES MOULINS,48.865087,2.234526,Plein jour,En agglomération,Intersection en X,Normale,Deux véhicules - côté,4,2,11,0,1,1,1,0,1,30,2,2,1,0,0,1,19.0,23.0,voiture,voiture,1,2,2,1,3
202300035690,2023-06-23 16:30:00,2023,6,23,16,30,75,75116,ROUTE DES MOULINS,48.865087,2.234526,Plein jour,En agglomération,Intersection en X,Normale,Deux véhicules - côté,4,-1,11,0,1,1,1,0,1,30,2,2,1,0,0,1,19.0,23.0,voiture,voiture,1,2,2,1,3
202300035691,2023-04-11 16:51:00,2023,4,11,16,51,92,92036,A86,48.93576409,2.28722247,Plein jour,Hors agglomération,Hors intersection,Pluie légère,Deux véhicules - côté,1,1,3,0,1,1,2,0,1,90,2,2,1,0,0,1,23.0,29.0,deux_roues,voiture,1,1,1,2,3
202300035692,2023-02-28 18:40:00,2023,2,28,18,40,93,93053,AUTOROUTE A86,48.90132,2.46915,Plein jour,Hors agglomération,Hors intersection,Normale,Deux véhicules - côté,1,1,2,0,1,3,1,0,1,60,2,2,1,0,0,1,23.0,21.0,deux_roues,voiture,1,1,1,1,3
202300035693,2023-05-19 16:20:00,2023,5,19,16,20,34,34095,M613 PR 39+605,43.537925,3.760178,Plein jour,Hors agglomération,Hors intersection,Normale,Deux véhicules - arrière,7,2,2,0,1,1,1,0,1,80,2,2,1,0,1,0,57.0,22.0,voiture,deux_roues,1,1,1,1,2
202300035694,2023-02-28 14:35:00,2023,2,28,14,35,95,95018, A15,48.95201228,2.27957378,Plein jour,Hors agglomération,Hors intersection,Normale,Autre collision,1,3,8,0,1,3,1,0,1,50,1,1,0,0,0,1,36.0,,deux_roues,,1,1,1,1,6
202300035695,2023-06-23 15:45:00,2023,6,23,15,45,75,75116,AVENUE DE NEW YORK,48.862421,2.293694,Plein jour,En agglomération,Hors intersection,Normale,Deux véhicules - arrière,4,2,4,0,1,1,1,0,1,50,2,3,2,0,0,1,55.0,53.0,deux_roues,voiture,1,2,1,1,2
202300035696,2023-05-20 12:20:00,2023,5,20,12,20,62,62297,D 219,50.823207,2.140875,Plein jour,Hors agglomération,Hors intersection,Normale,Sans collision,3,2,2,0,2,2,1,0,3,80,1,1,0,0,1,0,72.0,,deux_roues,,1,1,1,1,7
202300035697,2023-04-11 09:25:00,2023,4,11,9,25,78,78423,RN12 EXT,48.797254,2.017559,Plein jour,Hors agglomération,Hors intersection,Normale,Deux véhicules - frontale,2,3,0,0,1,1,1,0,1,110,2,2,1,0,0,1,37.0,43.0,utilitaire_camion,voiture,1,1,1,1,1
202300035698,2023-11-08 13:30:00,2023,11,8,13,30,13,13005,VERDUN (AVENUE DE),43.28777,5.57885,Plein jour,En agglomération,Intersection en T,Normale,Autre collision,4,2,2,0,1,1,1,0,1,50,2,2,0,0,0,2,17.0,46.0,deux_roues,voiture,1,2,3,1,6
202300035698,2023-11-08 13:30:00,2023,11,8,13,30,13,13005,VERDUN (AVENUE DE),43.28777,5.57885,Plein jour,En agglomération,Intersection en T,Normale,Autre collision,4,2,2,0,1,1,1,0,1,50,2,2,0,0,0,2,17.0,46.0,deux_roues,voiture,1,2,3,1,6
202300035699,2023-05-20 16:50:00,2023,5,20,16,50,19,19273,Lagardelle,45.093145,1.590931,Plein jour,Hors agglomération,Hors intersection,Temps couvert,Autre collision,3,-1,2,0,2,1,1,0,1,90,1,2,0,0,1,1,55.0,,deux_roues,,1,1,1,8,6
202300035700,2023-06-22 04:04:00,2023,6,22,4,4,75,75116,PLACE DE COLOMBIE,48.86316083,2.26858556,Nuit avec éclairage allumé,En agglomération,Place,Normale,Deux véhicules - côté,4,2, -1,-1,1,1,1,0,1,-1,2,2,1,0,0,1,62.0,,utilitaire_camion,voiture,5,2,7,1,3
202300035700,2023-06-22 04:04:00,2023,6,22,4,4,75,75116,PLACE DE COLOMBIE,48.86316083,2.26858556,Nuit avec éclairage allumé,En agglomération,Place,Normale,Deux véhicules - côté,4,2,2,0,1,1,1,5,1,50,2,2,1,0,0,1,62.0,,utilitaire_camion,voiture,5,2,7,1,3
202300035701,2023-04-11 18:40:00,2023,4,11,18,40,93,93010,AUTOROUTE A3,48.90807879,2.47333735,Crépuscule ou aube,Hors agglomération,Hors intersection,Pluie légère,Deux véhicules - arrière,1,3,5,0,1,1,2,0,1,90,2,2,1,0,0,1,34.0,33.0,voiture,deux_roues,2,1,1,2,2
202300035702,2023-02-28 08:40:00,2023,2,28,8,40,95,95527, A1,48.99359806,2.51450136,Plein jour,Hors agglomération,Hors intersection,Normale,Deux véhicules - côté,1,1,1,0,4,3,1,0,1,50,2,2,1,0,0,1,22.0,53.0,deux_roues,utilitaire_camion,1,1,1,1,3
202300035703,2023-05-20 11:25:00,2023,5,20,11,25,77,77509,RD 213 ,48.497594,2.994992,Plein jour,Hors agglomération,Hors intersection,Normale,Autre collision,3,2,2,0,1,1,1,0,1,90,1,1,0,0,1,0,61.0,,deux_roues,,1,1,1,1,6
202300035704,2023-11-08 18:30:00,2023,11,8,18,30,06,06012,PRINCE RAINIER III (AVENUE),43.751655,7.430877,Nuit avec éclairage allumé,En agglomération,Hors intersection,Normale,Deux véhicules - côté,3,2,2,0,2,1,1,0,3,50,2,2,1,0,1,0,69.0,52.0,voiture,deux_roues,5,2,1,1,3
202300035705,2023-06-23 12:39:00,2023,6,23,12,39,75,75105,RUE CLAUDE BERNARD,48.841334,2.343671,Plein jour,En agglomération,Intersection en T,Normale,Deux véhicules - côté,4,2,3,2,1,1,1,0,5,30,2,2,1,0,0,1,54.0,59.0,utilitaire_camion,deux_roues,1,2,3,1,3
202300035705,2023-06-23 12:39:00,2023,6,23,12,39,75,75105,RUE CLAUDE BERNARD,48.841334,2.343671,Plein jour,En agglomération,Intersection en T,Normale,Deux véhicules - côté,4,2,2,2,1,1,1,0,5,30,2,2,1,0,0,1,54.0,59.0,utilitaire_camion,deux_roues,1,2,3,1,3
202300035706,2023-05-13 13:45:00,2023,5,13,13,45,76,76245,D47,49.549582,1.03986,Plein jour,Hors agglomération,Intersection en Y,Normale,Deux véhicules - frontale,3,1,1,0,1,2,1,0,1,50,2,2,1,0,0,1,45.0,60.0,voiture,voiture,1,1,4,1,1
202300035706,2023-05-13 13:45:00,2023,5,13,13,45,76,76245,D47,49.549582,1.03986,Plein jour,Hors agglomération,Intersection en Y,Normale,Deux véhicules - frontale,3,2, -1,-1,1,2,1,0,1,-1,2,2,1,0,0,1,45.0,60.0,voiture,voiture,1,1,4,1,1
202300035707,2023-04-12 05:50:00,2023,4,12,5,50,94,94017,A4,48.82651871,2.52107045,Nuit sans éclairage public,Hors agglomération,Hors intersection,Pluie forte,Autre collision,1,3,8,0,1,1,2,0,1,110,2,2,1,1,0,0,39.0,22.0,autre,deux_roues,3,1,1,3,6
202300035708,2023-03-01 11:55:00,2023,3,1,11,55,75,75112,A4,48.825291,2.463879,Plein jour,Hors agglomération,Hors intersection,Normale,Trois véhicules et plus - en chaîne,1,3,8,0,1,4,1,0,1,90,3,4,2,0,0,2,32.0,49.0,voiture,voiture,1,1,1,1,4
202300035709,2023-11-08 18:05:00,2023,11,8,18,5,06,06069,DE LATTRE DE TASSIGNY (AVENUE DU MARECHA,43.65,6.923,Nuit avec éclairage allumé,En agglomération,Hors intersection,Normale,Deux véhicules - côté,4,2,2,0,1,1,1,0,1,30,2,3,1,0,0,2,64.0,,deux_roues,autre,5,2,1,1,3
202300035710,2023-05-19 18:45:00,2023,5,19,18,45,79,79118,,46.69377,-0.370767,Plein jour,Hors agglomération,Hors intersection,Normale,Sans collision,3,2,2,0,1,2,1,0,3,80,1,1,0,0,1,0,33.0,,voiture,,1,1,1,1,7
202300035711,2023-06-21 13:09:00,2023,6,21,13,9,75,75114,PLACE DU VINGT CINQ AOUT 1944,48.823026,2.325575,Plein jour,En agglomération,Intersection en X,Normale,Deux véhicules - côté,4,1,3,0,1,1,1,0,1,50,2,2,1,0,0,1,21.0,70.0,deux_roues,voiture,1,2,2,1,3
202300035711,2023-06-21 13:09:00,2023,6,21,13,9,75,75114,PLACE DU VINGT CINQ AOUT 1944,48.823026,2.325575,Plein jour,En agglomération,Intersection en X,Normale,Deux véhicules - côté,4,1,3,3,1,1,1,0,1,50,2,2,1,0,0,1,21.0,70.0,deux_roues,voiture,1,2,2,1,3
202300035712,2023-05-19 18:20:00,2023,5,19,18,20,2B,2B096,rond point de la gare,42.303626,9.158049,Plein jour,En agglomération,Hors intersection,Normale,Autre collision,2,1,2,0,1,2,1,5,1,50,1,2,1,0,0,1,52.0,,voiture,,1,2,1,1,6
202300035713,2023-03-01 08:35:00,2023,3,1,8,35,77,77258,A4.W,48.83059272,2.63216178,Plein jour,Hors agglomération,Hors intersection,Normale,Deux véhicules - côté,1,3,10,0,1,1,1,3,1,110,2,2,1,0,0,1,50.0,29.0,voiture,utilitaire_camion,1,1,1,1,3
202300035714,2023-11-08 13:10:00,2023,11,8,13,10,06,06030,SADI CARNOT (BOULEVARD),43.5712138,7.0160825,Plein jour,En agglomération,Hors intersection,Normale,Deux véhicules - arrière,4,2,3,0,1,1,1,0,1,50,2,3,0,0,0,3,40.0,25.0,voiture,voiture,1,2,1,1,2
202300035715,2023-04-10 22:18:00,2023,4,10,22,18,94,94073,A86,48.76785011,2.37867726,Nuit avec éclairage allumé,Hors agglomération,Hors intersection,Pluie forte,Autre collision,1,1,3,0,1,3,2,1,1,90,1,7,6,0,0,1,73.0,,voiture,,5,1,1,3,6
202300035716,2023-06-14 14:20:00,2023,6,14,14,20,75,75114,AVENUE DU COLONEL HENRI ROL TANGUY,48.833722,2.331864,Plein jour,En agglomération,Intersection en X,Normale,Deux véhicules - arrière,4,2,4,3,1,1,1,0,1,30,2,4,2,0,0,2,36.0,38.0,utilitaire_camion,voiture,1,2,2,1,2
202300035716,2023-06-14 14:20:00,2023,6,14,14,20,75,75114,AVENUE DU COLONEL HENRI ROL TANGUY,48.833722,2.331864,Plein jour,En agglomération,Intersection en X,Normale,Deux véhicules - arrière,4,-1, -1,0,1,1,1,0,1,30,2,4,2,0,0,2,36.0,38.0,utilitaire_camion,voiture,1,2,2,1,2
202300035717,2023-02-27 07:00:00,2023,2,27,7,0,976,97611,kaweni-Geole ( rue de la ),-12.76732,45.22458,Plein jour,En agglomération,Hors intersection,Normale,Autre collision,2,2,2,0,1,1,1,9,1,50,1,2,0,0,0,2,18.0,,voiture,,1,2,1,1,6
202300035718,2023-05-19 13:30:00,2023,5,19,13,30,80,80368,Rue Lucien Desenclos,50.077882,1.542504,Plein jour,En agglomération,Intersection en X,Normale,Deux véhicules - côté,3,2,2,0,1,3,1,0,1,-1,2,3,2,0,1,0,70.0,45.0,voiture,voiture,1,2,2,1,3
202300035718,2023-05-19 13:30:00,2023,5,19,13,30,80,80368,Rue Lucien Desenclos,50.077882,1.542504,Plein jour,En agglomération,Intersection en X,Normale,Deux véhicules - côté,3,2, -1,-1,1,3,1,0,1,-1,2,3,2,0,1,0,70.0,45.0,voiture,voiture,1,2,2,1,3
202300035719,2023-11-07 18:30:00,2023,11,7,18,30,75,75120,PORTE DE BAGNOLET,48.865153,2.413215,Nuit avec éclairage allumé,En agglomération,Hors intersection,Normale,Deux véhicules - arrière,4,-1,4,0,1,1,1,0,1,70,2,3,1,0,0,2,31.0,21.0,voiture,deux_roues,5,2,1,1,2
202300035720,2023-04-11 13:40:00,2023,4,11,13,40,69,69383,Rue Bonnand,45.75413,4.88565,Plein jour,En agglomération,Intersection en X,Normale,Deux véhicules - côté,4,2,4,0,1,1,1,0,1,30,2,3,2,0,0,1,26.0,38.0,voiture,voiture,1,2,2,1,3
202300035720,2023-04-11 13:40:00,2023,4,11,13,40,69,69383,Rue Bonnand,45.75413,4.88565,Plein jour,En agglomération,Intersection en X,Normale,Deux véhicules - côté,4,1,2,0,1,1,1,0,1,30,2,3,2,0,0,1,26.0,38.0,voiture,voiture,1,2,2,1,3
202300035721,2023-06-22 17:10:00,2023,6,22,17,10,75,75105,RUE MONGE,48.839952,2.351406,Plein jour,En agglomération,Intersection en T,Normale,Deux véhicules - côté,4,1,1,0,1,3,1,0,1,30,2,2,1,0,0,1,68.0,47.0,deux_roues,voiture,1,2,3,1,3
202300035721,2023-06-22 17:10:00,2023,6,22,17,10,75,75105,RUE MONGE,48.839952,2.351406,Plein jour,En agglomération,Intersection en T,Normale,Deux véhicules - côté,4,2,2,0,2,1,1,0,1,30,2,2,1,0,0,1,68.0,47.0,deux_roues,voiture,1,2,3,1,3
202300035722,2023-11-06 14:10:00,2023,11,6,14,10,75,75114,PORTE DE GENTILLY,48.816639,2.341668,Plein jour,En agglomération,Hors intersection,Normale,Deux véhicules - côté,4,1,3,0,1,1,1,0,1,70,2,2,1,0,0,1,44.0,31.0,voiture,deux_roues,1,2,1,1,3
202300035723,2023-05-20 11:15:00,2023,5,20,11,15,33,33261,Lieu Dit Lessert,44.949336,-0.08902,Plein jour,Hors agglomération,Hors intersection,Normale,Autre collision,4,2,2,3,4,2,1,0,3,70,1,5,2,0,1,2,42.0,,voiture,,1,1,1,1,6
202300035724,2023-02-27 08:50:00,2023,2,27,8,50,974,97416,LEBLOND 1 (RUE MARIUS ET ARY),-21.33842656,55.47720999,Plein jour,En agglomération,Intersection en T,Normale,Deux véhicules - côté,4,-1,2,0,1,1,1,9,1,50,2,3,1,0,0,2,41.0,60.0,voiture,voiture,1,2,3,1,3
202300035724,2023-02-27 08:50:00,2023,2,27,8,50,974,97416,LEBLOND 1 (RUE MARIUS ET ARY),-21.33842656,55.47720999,Plein jour,En agglomération,Intersection en T,Normale,Deux véhicules - côté,4,-1,1,0,1,1,1,0,1,50,2,3,1,0,0,2,41.0,60.0,voiture,voiture,1,2,3,1,3
202300035725,2023-06-23 18:45:00,2023,6,23,18,45,75,75110,RUE DU FAUBOURG SAINT MARTIN,48.870698,2.356473,Plein jour,En agglomération,Hors intersection,Normale,Sans collision,4,1,3,0,1,1,1,0,1,30,1,1,0,0,0,1,63.0,,voiture,,1,2,1,1,7
202300035726,2023-04-11 05:50:00,2023,4,11,5,50,60,60057,Rue de Navarre,49.43666,2.09442,Nuit avec éclairage allumé,En agglomération,Hors intersection,Autre,Autre collision,4,2,2,-1,1,1,1,0,1,-1,1,1,0,0,0,1,,,,,5,2,1,9,6
202300035727,2023-05-19 20:15:00,2023,5,19,20,15,69,69063,Quai d'Illhaeusern,45.81601,4.849632,Crépuscule ou aube,En agglomération,Hors intersection,Pluie légère,Deux véhicules - arrière,7,2,2,1,1,1,2,0,5,50,2,3,2,0,1,0,64.0,65.0,voiture,deux_roues,2,2,1,2,2
202300035728,2023-02-27 08:50:00,2023,2,27,8,50,974,97411,BOIS DE NEFLES (RUE DU),-20.88919,55.46231,Plein jour,En agglomération,Autre intersection,Normale,Deux véhicules - côté,4,2,0,0,1,1,1,0,1,50,2,2,0,0,0,2,38.0,37.0,deux_roues,voiture,1,2,9,1,3
202300035729,2023-06-23 16:18:00,2023,6,23,16,18,75,75108,BOULEVARD DE COURCELLES,48.881047,2.314215,Plein jour,En agglomération,Hors intersection,Normale,Deux véhicules - frontale,4,2,4,1,1,1,1,0,1,30,2,2,1,0,0,1,35.0,44.0,deux_roues,voiture,1,2,1,1,1