accident_id,datetime,annee,mois,jour,heure,minute,departement,commune_insee,adresse,latitude,longitude,luminosite,agglomeration,intersection,meteo,collision,catr,circ,nbv,vosp,prof,plan,surf,infra,situ,vma,nb_vehicules,nb_usagers,nb_indemnes,nb_tues,nb_blesses_hosp,nb_blesses_legers,age_cond_1,age_cond_2,veh_type_cond_1,veh_type_cond_2,lum_code,agg_code,int_code,atm_code,col_code
202300035863,2023-05-21 06:44:00,2023,5,21,6,44,07,07085,D578,45.016303,4.624794,Crépuscule ou aube,Hors agglomération,Hors intersection,Normale,Sans collision,3,2,2,0,2,1,2,0,1,90,1,1,0,1,0,0,22.0,,voiture,,2,1,1,1,7
202300035864,2023-02-25 14:55:00,2023,2,25,14,55,63,63014,Auchan Aubière parking couvert/ intersec entre allées,45.75382275,3.12838912,Plein jour,En agglomération,Intersection en X,Normale,Deux véhicules - côté,6,1,1,-1,1,1,1,0,1,30,2,2,1,0,0,1,39.0,23.0,voiture,voiture,1,2,2,1,3
202300035864,2023-02-25 14:55:00,2023,2,25,14,55,63,63014,Auchan Aubière parking couvert/ intersec entre allées,45.75382275,3.12838912,Plein jour,En agglomération,Intersection en X,Normale,Deux véhicules - côté,6,1,2,0,1,1,1,0,1,30,2,2,1,0,0,1,39.0,23.0,voiture,voiture,1,2,2,1,3
202300035865,2023-04-11 16:15:00,2023,4,11,16,15,69,69259,Avenue Francis de Pressensé,45.714,4.87312,Plein jour,En agglomération,Hors intersection,Normale,Trois véhicules et plus - collisions multiples,4,2,2,2,1,1,1,0,1,50,3,4,3,0,0,1,32.0,36.0,voiture,voiture,1,2,1,1,5
202300035866,2023-05-19 11:00:00,2023,5,19,11,0,53,53185,RN12,48.45953,-0.20007,Plein jour,En agglomération,Hors intersection,Normale,Autre collision,2,2,2,0,1,1,1,0,1,50,1,2,1,0,0,1,63.0,,voiture,,1,2,1,1,6
202300035867,2023-06-22 21:30:00,2023,6,22,21,30,92,92002,ADOLPHE PAJEAUD (RUE),48.74427,2.29161,Plein jour,En agglomération,Intersection en X,Normale,Deux véhicules - côté,3,2,2,0,1,1,1,0,1,50,2,2,1,0,0,1,43.0,24.0,deux_roues,voiture,1,2,2,1,3
202300035867,2023-06-22 21:30:00,2023,6,22,21,30,92,92002,ADOLPHE PAJEAUD (RUE),48.74427,2.29161,Plein jour,En agglomération,Intersection en X,Normale,Deux véhicules - côté,3,2,2,0,1,1,1,0,1,50,2,2,1,0,0,1,43.0,24.0,deux_roues,voiture,1,2,2,1,3
202300035868,2023-11-07 18:10:00,2023,11,7,18,10,93,93001,Avenue Jean Jaurès / Rue Léopold Réchossière,48.91138683,2.40043759,Crépuscule ou aube,En agglomération,Intersection en X,Normale,Deux véhicules - côté,3,3,2,1,1,1,1,0,1,50,2,2,1,0,0,1,,32.0,voiture,deux_roues,2,2,2,1,3
202300035868,2023-11-07 18:10:00,2023,11,7,18,10,93,93001,Avenue Jean Jaurès / Rue Léopold Réchossière,48.91138683,2.40043759,Crépuscule ou aube,En agglomération,Intersection en X,Normale,Deux véhicules - côté,3,2,2,2,1,2,1,0,1,-1,2,2,1,0,0,1,,32.0,voiture,deux_roues,2,2,2,1,3
202300035869,2023-02-25 14:03:00,2023,2,25,14,3,59,59329,RD 621,50.34577992,3.07125807,Plein jour,Hors agglomération,Hors intersection,Normale,Deux véhicules - frontale,3,2,3,0,1,1,1,0,1,90,2,2,0,1,0,1,52.0,89.0,voiture,voiture,1,1,1,1,1
202300035870,2023-04-10 16:32:00,2023,4,10,16,32,69,69199,23 Rue Robert et Reynier,45.71018,4.86082,Plein jour,En agglomération,Hors intersection,Normale,Autre collision,4,2,2,0,1,1,1,0,1,30,1,2,1,0,0,1,,,voiture,,1,2,1,1,6
202300035871,2023-05-21 12:04:00,2023,5,21,12,4,53,53162,La Huardiere,48.262727,-0.629053,Plein jour,Hors agglomération,Giratoire,Normale,Deux véhicules - côté,3,1,1,0,1,1,1,9,4,70,2,2,1,0,0,1,44.0,32.0,deux_roues,deux_roues,1,1,6,1,3
202300035872,2023-06-23 18:50:00,2023,6,23,18,50,01,01085,D80,46.090555,5.028001,Plein jour,Hors agglomération,Intersection en T,Normale,Deux véhicules - arrière,3,2,2,0,2,1,1,0,1,80,2,2,1,0,1,0,36.0,39.0,voiture,deux_roues,1,1,3,1,2
202300035872,2023-06-23 18:50:00,2023,6,23,18,50,01,01085,D80,46.090555,5.028001,Plein jour,Hors agglomération,Intersection en T,Normale,Deux véhicules - arrière,3,2,2,0,2,1,1,0,1,80,2,2,1,0,1,0,36.0,39.0,voiture,deux_roues,1,1,3,1,2
202300035873,2023-11-07 08:40:00,2023,11,7,8,40,92,92063,DOUMER (AVENUE PAUL) NORD,48.88015172,2.18120322,Plein jour,En agglomération,Intersection en T,Normale,Deux véhicules - côté,3,2,0,0,1,1,1,0,1,50,2,2,1,0,0,1,23.0,29.0,deux_roues,voiture,1,2,3,1,3
202300035873,2023-11-07 08:40:00,2023,11,7,8,40,92,92063,DOUMER (AVENUE PAUL) NORD,48.88015172,2.18120322,Plein jour,En agglomération,Intersection en T,Normale,Deux véhicules - côté,3,1,2,0,1,1,1,0,1,50,2,2,1,0,0,1,23.0,29.0,deux_roues,voiture,1,2,3,1,3
202300035874,2023-02-27 15:59:00,2023,2,27,15,59,51,51454,avenue Jean Jaurès,49.259589,4.045285,Plein jour,En agglomération,Hors intersection,Normale,Autre collision,4,2,2,0,2,1,1,0,1,50,1,2,1,0,0,1,24.0,,voiture,,1,2,1,1,6
202300035875,2023-05-20 19:30:00,2023,5,20,19,30,40,40120,"Route departementale 19, PK 6.450",43.500659,-1.136527,Plein jour,Hors agglomération,Hors intersection,Normale,Deux véhicules - frontale,3,2,2,0,1,2,1,0,1,80,2,2,1,1,0,0,49.0,35.0,voiture,utilitaire_camion,1,1,1,1,1
202300035876,2023-04-09 18:55:00,2023,4,9,18,55,67,67482,DANTE (AVENUE),48.59115,7.70281,Plein jour,En agglomération,Hors intersection,Normale,Deux véhicules - côté,4,3,5,3,1,1,1,0,1,50,2,2,1,0,0,1,63.0,17.0,voiture,deux_roues,1,2,1,1,3
202300035877,2023-06-23 19:05:00,2023,6,23,19,5,38,38344,Rue Jules Vercruysse,45.3608,4.802758,Plein jour,En agglomération,Intersection en T,Normale,Deux véhicules - côté,4,2,2,0,1,1,1,0,1,50,2,2,1,0,1,0,34.0,32.0,utilitaire_camion,deux_roues,1,2,3,1,3
202300035878,2023-11-06 12:10:00,2023,11,6,12,10,92,92063,CHATAIGNERAIE (AVENUE DE LA),48.85951315,2.18204141,Plein jour,En agglomération,Hors intersection,Normale,Deux véhicules - côté,4,2,2,0,1,1,1,0,1,50,2,2,1,0,1,0,25.0,71.0,voiture,deux_roues,1,2,1,1,3
202300035879,2023-02-27 08:30:00,2023,2,27,8,30,51,51454,rue de Courcelles,49.26409,4.01351,Plein jour,En agglomération,Hors intersection,Normale,Autre collision,4,2,2,0,1,3,1,0,1,50,1,2,1,0,0,1,75.0,,voiture,,1,2,1,1,6
202300035880,2023-05-20 06:25:00,2023,5,20,6,25,85,85277,D85,46.4839,-1.38054,Crépuscule ou aube,Hors agglomération,Hors intersection,Normale,Autre collision,3,2,2,0,1,2,1,0,1,80,1,3,0,0,0,3,21.0,,voiture,,2,1,1,1,6
202300035881,2023-11-08 18:35:00,2023,11,8,18,35,92,92062,JAURES (RUE JEAN) DU 114 AU 2,48.88334872,2.24278003,Nuit avec éclairage allumé,En agglomération,Hors intersection,Pluie légère,Autre collision,4,2,2,0,1,1,2,0,1,50,1,2,1,0,0,1,35.0,,utilitaire_camion,,5,2,1,2,6
202300035882,2023-02-25 22:40:00,2023,2,25,22,40,50,50129,HAGUE (BOULEVARD DE LA),49.66757,-1.70172,Nuit avec éclairage allumé,Hors agglomération,Hors intersection,Normale,Autre collision,3,2,2,0,1,1,1,0,1,70,1,1,0,0,1,0,39.0,,deux_roues,,5,1,1,1,6
202300035883,2023-04-09 18:50:00,2023,4,9,18,50,67,67482,DOUBS (RUE DU),48.55142,7.73291,Plein jour,En agglomération,Hors intersection,Normale,Trois véhicules et plus - collisions multiples,4,3,4,1,1,1,1,0,5,25,4,4,3,0,0,1,,55.0,voiture,voiture,1,2,1,1,5
202300035884,2023-05-21 02:30:00,2023,5,21,2,30,27,27425,Route d?Aclou,49.152173,0.713677,Nuit sans éclairage public,En agglomération,Hors intersection,Normale,Autre collision,4,2,2,0,3,2,1,2,3,50,1,4,3,0,1,0,20.0,,voiture,,3,2,1,1,6
202300035885,2023-05-19 12:50:00,2023,5,19,12,50,28,28282,D352,48.32741,1.141505,Plein jour,Hors agglomération,Hors intersection,Normale,Sans collision,3,2,2,0,1,2,1,0,3,80,1,1,0,0,0,1,15.0,,deux_roues,,1,1,1,1,7
202300035886,2023-11-08 17:20:00,2023,11,8,17,20,92,92051,"ROULE (AVENUE DU, N° 29 A 91 ET 30 A 86)",48.88294163,2.27559471,Nuit sans éclairage public,En agglomération,Hors intersection,Pluie légère,Deux véhicules - arrière,4,2,2,1,1,1,2,0,1,50,2,3,1,0,0,2,34.0,29.0,voiture,deux_roues,3,2,1,2,2
202300035887,2023-06-24 11:15:00,2023,6,24,11,15,11,11076,A61,43.284899,1.967588,Plein jour,Hors agglomération,Hors intersection,Normale,Trois véhicules et plus - en chaîne,1,1,2,0,1,1,1,0,8,130,5,11,7,0,0,4,59.0,82.0,voiture,voiture,1,1,1,1,4
202300035888,2023-04-09 17:50:00,2023,4,9,17,50,67,67482,CONSEIL DES QUINZE (RUE DU),48.59082,7.78185,Plein jour,En agglomération,Hors intersection,Normale,Deux véhicules - arrière,4,3,2,1,1,3,1,0,1,50,2,2,1,0,0,1,70.0,48.0,voiture,deux_roues,1,2,1,1,2
202300035889,2023-02-26 07:10:00,2023,2,26,7,10,49,49099,LATTRE DE TASSIGNY (PONT DE),47.05546,-0.8791,Nuit avec éclairage allumé,En agglomération,Intersection en X,Normale,Autre collision,4,2,4,0,1,1,1,0,4,50,1,5,4,0,0,1,25.0,,voiture,,5,2,2,1,6
202300035889,2023-02-26 07:10:00,2023,2,26,7,10,49,49099,LATTRE DE TASSIGNY (PONT DE),47.05546,-0.8791,Nuit avec éclairage allumé,En agglomération,Intersection en X,Normale,Autre collision,4,4, -1,-1,1,1,1,0,4,-1,1,5,4,0,0,1,25.0,,voiture,,5,2,2,1,6
202300035890,2023-05-19 13:22:00,2023,5,19,13,22,87,87154,Rue Edison,45.902306,0.929356,Plein jour,En agglomération,Hors intersection,Normale,Sans collision,4,2,2,0,1,1,1,0,1,50,1,1,0,0,1,0,73.0,,deux_roues,,1,2,1,1,7
202300035891,2023-06-23 23:00:00,2023,6,23,23,0,42,42338,Route de Roanne,46.086612,4.112846,Nuit avec éclairage non allumé,Hors agglomération,Hors intersection,Normale,Deux véhicules - arrière,3,2,2,0,1,1,1,0,1,90,2,2,1,0,0,1,25.0,19.0,voiture,deux_roues,4,1,1,1,2
202300035892,2023-11-08 08:00:00,2023,11,8,8,0,92,92050,PICASSO PABLO AVENUE,48.890812,2.21579343,Plein jour,En agglomération,Intersection en T,Temps couvert,Deux véhicules - côté,4,1,2,1,1,1,1,0,1,50,2,2,1,0,0,1,50.0,19.0,deux_roues,deux_roues,1,2,3,8,3
202300035892,2023-11-08 08:00:00,2023,11,8,8,0,92,92050,PICASSO PABLO AVENUE,48.890812,2.21579343,Plein jour,En agglomération,Intersection en T,Temps couvert,Deux véhicules - côté,4,2,2,2,1,1,1,5,5,30,2,2,1,0,0,1,50.0,19.0,deux_roues,deux_roues,1,2,3,8,3
202300035893,2023-02-27 08:10:00,2023,2,27,8,10,49,49267,Route d'ANGERS,47.46787,-0.50397,Plein jour,En agglomération,Hors intersection,Normale,Autre collision,4,2,2,0,1,1,1,0,1,30,1,2,1,0,0,1,41.0,,voiture,,1,2,1,1,6
202300035894,2023-04-08 16:45:00,2023,4,8,16,45,67,67447,POITOU (RUE DU),48.60847,7.7661,Plein jour,En agglomération,Hors intersection,Normale,Deux véhicules - côté,4,2,2,0,1,1,1,0,1,50,2,3,1,0,0,2,16.0,25.0,deux_roues,voiture,1,2,1,1,3
202300035895,2023-05-20 11:40:00,2023,5,20,11,40,37,37273,La Boisselière,47.40372788,0.75945139,Plein jour,Hors agglomération,Hors intersection,Normale,Deux véhicules - frontale,3,2,2,0,1,1,1,0,1,80,2,2,0,0,2,0,80.0,33.0,voiture,voiture,1,1,1,1,1
202300035896,2023-06-23 23:40:00,2023,6,23,23,40,68,68097,D11.3 PK 001+750,48.16186,7.199636,Nuit sans éclairage public,Hors agglomération,Hors intersection,Normale,Sans collision,3,2,2,0,2,2,1,0,1,80,1,2,0,0,1,1,18.0,,voiture,,3,1,1,1,7
202300035897,2023-11-08 15:26:00,2023,11,8,15,26,92,92012,PIERRE GRENIER (AVENUE),48.82954491,2.25127602,Plein jour,En agglomération,Hors intersection,Temps couvert,Autre collision,3,2,4,2,1,1,1,0,1,50,1,2,1,0,0,1,34.0,,transport_commun,,1,2,1,8,6
202300035898,2023-02-27 13:35:00,2023,2,27,13,35,37,37122,VERDUN (RUE DE),47.3427,0.6639,Plein jour,En agglomération,Hors intersection,Normale,Autre collision,4,2,2,0,1,1,1,0,1,50,1,2,1,0,0,1,39.0,,voiture,,1,2,1,1,6
202300035899,2023-04-10 21:43:00,2023,4,10,21,43,66,66136,,42.68111,2.89358,Nuit avec éclairage allumé,En agglomération,Hors intersection,Normale,Autre collision,4,1,1,0,1,1,1,0,1,50,1,2,1,0,0,1,50.0,,voiture,,5,2,1,1,6
202300035900,2023-06-09 18:40:00,2023,6,9,18,40,974,97404,Avenue Octave Bénard,-21.281312,55.346584,Crépuscule ou aube,Hors agglomération,Hors intersection,Normale,Autre collision,4,2,2,1,1,3,1,6,5,80,1,2,1,0,1,0,42.0,,deux_roues,,2,1,1,1,6
202300035901,2023-05-20 13:10:00,2023,5,20,13,10,30,30053,Route Départementale 18,43.9885,4.223417,Plein jour,Hors agglomération,Intersection en T,Normale,Deux véhicules - côté,3,2,2,0,2,1,1,0,1,80,2,2,1,0,1,0,17.0,21.0,deux_roues,voiture,1,1,3,1,3
202300035901,2023-05-20 13:10:00,2023,5,20,13,10,30,30053,Route Départementale 18,43.9885,4.223417,Plein jour,Hors agglomération,Intersection en T,Normale,Deux véhicules - côté,3,2, -1,0,1,1,1,0,1,-1,2,2,1,0,1,0,17.0,21.0,deux_roues,voiture,1,1,3,1,3
202300035902,2023-02-27 08:15:00,2023,2,27,8,15,37,37261,VAILLANT (RUE EDOUARD),47.38611804,0.69905877,Plein jour,En agglomération,Hors intersection,Normale,Autre collision,4,-1,0,3,1,1,1,6,6,30,1,2,1,0,0,1,45.0,,deux_roues,,1,2,1,1,6
202300035903,2023-06-24 09:25:00,2023,6,24,9,25,26,26116,,44.429919,4.741716,Plein jour,Hors agglomération,Hors intersection,Normale,Sans collision,1,1,3,0,2,1,1,0,3,130,1,2,0,0,2,0,28.0,,voiture,,1,1,1,1,7
202300035904,2023-04-08 13:43:00,2023,4,8,13,43,66,66136,,42.69146,2.89857,Plein jour,En agglomération,Hors intersection,Normale,Autre collision,4,2,2,0,1,1,1,0,1,50,1,2,1,0,1,0,51.0,,voiture,,1,2,1,1,6
202300035905,2023-11-08 11:50:00,2023,11,8,11,50,92,92012,GALLIENI (RUE) 1/53 - 2/48,48.8375843,2.24795978,Plein jour,En agglomération,Intersection en X,Normale,Deux véhicules - côté,4,2,2,0,1,1,1,0,1,50,2,3,2,0,0,1,49.0,53.0,utilitaire_camion,voiture,1,2,2,1,3
202300035905,2023-11-08 11:50:00,2023,11,8,11,50,92,92012,GALLIENI (RUE) 1/53 - 2/48,48.8375843,2.24795978,Plein jour,En agglomération,Intersection en X,Normale,Deux véhicules - côté,4,2,2,0,1,1,1,5,1,50,2,3,2,0,0,1,49.0,53.0,utilitaire_camion,voiture,1,2,2,1,3
202300035906,2023-06-22 21:30:00,2023,6,22,21,30,21,21273,A38,47.3078276,4.86480177,Nuit sans éclairage public,Hors agglomération,Autre intersection,Pluie légère,Sans collision,1,3,2,0,1,1,2,3,8,130,1,1,0,0,1,0,26.0,,voiture,,3,1,9,2,7
202300035907,2023-05-20 11:30:00,2023,5,20,11,30,30,30233,Chemin de la Rouviere,43.919141,4.20455,Plein jour,Hors agglomération,Intersection en X,Normale,Autre collision,4,2, -1,0,1,1,1,0,1,-1,2,4,2,0,1,1,43.0,18.0,voiture,deux_roues,1,1,2,1,6
202300035907,2023-05-20 11:30:00,2023,5,20,11,30,30,30233,Chemin de la Rouviere,43.919141,4.20455,Plein jour,Hors agglomération,Intersection en X,Normale,Autre collision,4,2,2,0,2,1,1,0,1,50,2,4,2,0,1,1,43.0,18.0,voiture,deux_roues,1,1,2,1,6
202300035908,2023-02-27 14:55:00,2023,2,27,14,55,35,35055,RD 463,48.08127,-1.6162,Plein jour,Hors agglomération,Hors intersection,Normale,Deux véhicules - arrière,3,2,2,0,1,1,1,0,1,80,2,2,1,0,0,1,28.0,58.0,voiture,voiture,1,1,1,1,2
202300035909,2023-11-08 09:28:00,2023,11,8,9,28,92,92012,AGUESSEAU (RUE D') 91/FIN - 84/FIN,48.83847692,2.23769903,Plein jour,En agglomération,Hors intersection,Normale,Autre collision,4,1,1,0,1,1,1,0,1,30,2,2,1,0,0,1,26.0,36.0,deux_roues,utilitaire_camion,1,2,1,1,6
202300035910,2023-04-08 23:55:00,2023,4,8,23,55,66,66136,,42.68034465,2.90316805,Nuit avec éclairage allumé,En agglomération,Intersection en T,Normale,Deux véhicules - côté,4,2, -1,-1,2,1,1,0,8,-1,2,2,1,0,0,1,22.0,,deux_roues,voiture,5,2,3,1,3
202300035910,2023-04-08 23:55:00,2023,4,8,23,55,66,66136,,42.68034465,2.90316805,Nuit avec éclairage allumé,En agglomération,Intersection en T,Normale,Deux véhicules - côté,4,2,2,0,1,1,1,0,1,50,2,2,1,0,0,1,22.0,,deux_roues,voiture,5,2,3,1,3
202300035911,2023-06-23 21:40:00,2023,6,23,21,40,47,47034,389 Route des Landes,44.386086,0.103764,Crépuscule ou aube,En agglomération,Hors intersection,Normale,Autre collision,3,2,2,0,1,1,1,0,3,50,1,1,0,0,1,0,32.0,,voiture,,2,2,1,1,6
202300035912,2023-02-27 10:40:00,2023,2,27,10,40,33,33063,Boulevard Godard,44.86157,-0.58688,Plein jour,En agglomération,Hors intersection,Normale,Trois véhicules et plus - en chaîne,4,2,4,3,1,1,1,0,1,50,3,3,2,0,0,1,55.0,31.0,voiture,voiture,1,2,1,1,4
202300035913,2023-05-19 13:21:00,2023,5,19,13,21,973,97307,N2,4.84126,-52.339296,Plein jour,Hors agglomération,Hors intersection,Normale,Autre collision,2,2,2,0,1,2,1,0,2,80,3,2,1,1,0,0,60.0,38.0,deux_roues,autre,1,1,1,1,6
202300035914,2023-11-09 06:30:00,2023,11,9,6,30,62,62898,D280E1,50.723732,2.197325,Nuit sans éclairage public,Hors agglomération,Intersection en X,Pluie légère,Deux véhicules - côté,3,2,2,0,2,1,2,0,1,70,2,2,1,0,1,0,58.0,51.0,voiture,deux_roues,3,1,2,2,3
202300035914,2023-11-09 06:30:00,2023,11,9,6,30,62,62898,D280E1,50.723732,2.197325,Nuit sans éclairage public,Hors agglomération,Intersection en X,Pluie légère,Deux véhicules - côté,3,2,2,0,1,1,2,0,1,70,2,2,1,0,1,0,58.0,51.0,voiture,deux_roues,3,1,2,2,3
202300035915,2023-06-23 19:40:00,2023,6,23,19,40,2B,2B124,RD 69 col de Sorba,42.114174,9.199762,Plein jour,Hors agglomération,Hors intersection,Normale,Deux véhicules - frontale,3,2,2,0,1,2,1,0,1,80,2,2,1,0,0,1,57.0,57.0,voiture,voiture,1,1,1,1,1
202300035916,2023-04-09 18:53:00,2023,4,9,18,53,63,63113,BERTHELOT / Fontgiève,45.78215,3.07286,Plein jour,En agglomération,Intersection en X,Normale,Deux véhicules - arrière,4,-1,5,0,1,1,1,0,1,50,2,2,1,0,0,1,42.0,52.0,voiture,voiture,1,2,2,1,2
202300035916,2023-04-09 18:53:00,2023,4,9,18,53,63,63113,BERTHELOT / Fontgiève,45.78215,3.07286,Plein jour,En agglomération,Intersection en X,Normale,Deux véhicules - arrière,4,-1,3,0,1,1,1,0,1,30,2,2,1,0,0,1,42.0,52.0,voiture,voiture,1,2,2,1,2
202300035917,2023-02-27 15:38:00,2023,2,27,15,38,27,27681,SORET (RUE JULES),49.0981917,1.4911441,Plein jour,En agglomération,Hors intersection,Normale,Autre collision,4,2,2,0,1,1,1,9,1,50,1,2,1,0,0,1,54.0,,voiture,,1,2,1,1,6
202300035918,2023-06-24 11:30:00,2023,6,24,11,30,62,62553,D89,50.468916,2.415276,Plein jour,En agglomération,Hors intersection,Normale,Deux véhicules - frontale,3,2,2,0,1,1,1,0,1,50,2,2,1,0,0,1,40.0,49.0,voiture,deux_roues,1,2,1,1,1
202300035919,2023-05-18 18:45:00,2023,5,18,18,45,988,98805,ROUTE DE LA NONDOUE,-22.13526,166.446551,Nuit sans éclairage public,Hors agglomération,Hors intersection,Normale,Deux véhicules - frontale,4,2,2,0,1,2,1,0,1,50,2,4,0,0,1,3,53.0,46.0,voiture,voiture,3,1,1,1,1
202300035920,2023-11-09 08:30:00,2023,11,9,8,30,42,42332,Route de Saint Jean,45.992141,3.996953,Plein jour,Hors agglomération,Intersection en X,Pluie légère,Deux véhicules - côté,3,2,1,0,1,1,2,5,1,70,2,2,1,0,1,0,74.0,67.0,voiture,voiture,1,1,2,2,3
202300035920,2023-11-09 08:30:00,2023,11,9,8,30,42,42332,Route de Saint Jean,45.992141,3.996953,Plein jour,Hors agglomération,Intersection en X,Pluie légère,Deux véhicules - côté,3,2,2,0,2,1,2,5,1,70,2,2,1,0,1,0,74.0,67.0,voiture,voiture,1,1,2,2,3
202300035921,2023-02-26 13:53:00,2023,2,26,13,53,27,27229,Route de Conches,49.01426,1.10683,Plein jour,Hors agglomération,Hors intersection,Normale,Autre collision,3,2,2,0,2,1,1,0,1,50,1,1,0,0,0,1,77.0,,voiture,,1,1,1,1,6
202300035922,2023-04-07 09:11:00,2023,4,7,9,11,63,63113,ROUVIER (RUE)/ Rue de la Volonté,45.80687,3.11731,Plein jour,En agglomération,Intersection en T,Normale,Deux véhicules - côté,4,2,2,0,1,1,1,0,1,30,2,2,1,0,0,1,62.0,48.0,deux_roues,voiture,1,2,3,1,3
202300035922,2023-04-07 09:11:00,2023,4,7,9,11,63,63113,ROUVIER (RUE)/ Rue de la Volonté,45.80687,3.11731,Plein jour,En agglomération,Intersection en T,Normale,Deux véhicules - côté,4,2,2,0,1,1,1,0,1,-1,2,2,1,0,0,1,62.0,48.0,deux_roues,voiture,1,2,3,1,3
202300035923,2023-06-21 01:16:00,2023,6,21,1,16,62,62673,D14,50.188028,3.00622,Nuit sans éclairage public,Hors agglomération,Hors intersection,Normale,Autre collision,3,2,2,0,1,1,1,0,3,80,1,2,0,0,0,2,37.0,,voiture,,3,1,1,1,6
202300035924,2023-05-18 21:25:00,2023,5,18,21,25,67,67309,M263,48.637801,7.72702,Crépuscule ou aube,Hors agglomération,Hors intersection,Normale,Deux véhicules - côté,7,2,2,1,2,1,1,2,1,80,2,2,1,0,1,0,25.0,24.0,voiture,deux_roues,2,1,1,1,3
202300035925,2023-11-09 17:20:00,2023,11,9,17,20,57,57706,Route de Saint Avold,48.838107,6.748143,Nuit avec éclairage allumé,En agglomération,Hors intersection,Normale,Autre collision,3,2,2,0,1,2,2,9,1,50,1,2,1,0,0,1,64.0,,utilitaire_camion,,5,2,1,1,6
202300035926,2023-04-11 08:45:00,2023,4,11,8,45,62,62413,RUE PIERRE JACQUART,50.46606,2.90421,Plein jour,En agglomération,Intersection en X,Normale,Deux véhicules - côté,3,2,2,0,1,1,1,0,1,50,2,2,0,0,0,2,37.0,25.0,utilitaire_camion,voiture,1,2,2,1,3
202300035926,2023-04-11 08:45:00,2023,4,11,8,45,62,62413,RUE PIERRE JACQUART,50.46606,2.90421,Plein jour,En agglomération,Intersection en X,Normale,Deux véhicules - côté,3,2,1,0,1,1,1,0,1,50,2,2,0,0,0,2,37.0,25.0,utilitaire_camion,voiture,1,2,2,1,3
202300035927,2023-06-24 05:00:00,2023,6,24,5,0,37,37153,"A10, PK 197+200 vers PARIS",47.46779288,0.76664194,Crépuscule ou aube,Hors agglomération,Hors intersection,Normale,Trois véhicules et plus - en chaîne,1,3,5,0,1,1,1,0,1,130,3,4,2,0,0,2,26.0,45.0,voiture,voiture,2,1,1,1,4
202300035928,2023-11-08 08:55:00,2023,11,8,8,55,45,45110,A19 PR 90 + 616,48.104328,2.327042,Plein jour,Hors agglomération,Hors intersection,Temps couvert,Autre collision,1,3,4,0,1,1,1,0,1,130,1,2,1,0,1,0,66.0,,voiture,,1,1,1,8,6
202300035929,2023-05-21 02:50:00,2023,5,21,2,50,47,47061,A 62 pk 75,44.4176841,0.17480827,Nuit sans éclairage public,Hors agglomération,Hors intersection,Normale,Sans collision,1,3,2,0,1,3,1,0,2,130,1,2,0,0,2,0,20.0,,voiture,,3,1,1,1,7
202300035930,2023-04-11 08:00:00,2023,4,11,8,0,62,62193,Avenue Pierre de Coubertin,50.9534012,1.83875191,Plein jour,En agglomération,Autre intersection,Temps éblouissant,Autre collision,4,3,2,0,1,1,1,0,1,30,1,2,1,0,0,1,50.0,,voiture,,1,2,9,7,6
202300035931,2023-06-24 08:40:00,2023,6,24,8,40,51,51354,D1,48.919475,4.49785,Plein jour,Hors agglomération,Intersection en T,Normale,Deux véhicules - frontale,3,2,2,0,1,1,1,0,1,80,2,2,1,0,1,0,20.0,52.0,voiture,voiture,1,1,3,1,1
202300035931,2023-06-24 08:40:00,2023,6,24,8,40,51,51354,D1,48.919475,4.49785,Plein jour,Hors agglomération,Intersection en T,Normale,Deux véhicules - frontale,3,2, -1,-1,1,1,1,0,1,-1,2,2,1,0,1,0,20.0,52.0,voiture,voiture,1,1,3,1,1
202300035932,2023-11-08 20:15:00,2023,11,8,20,15,59,59082,Route de Dunkerque,50.985042,2.405381,Nuit avec éclairage allumé,Hors agglomération,Hors intersection,Pluie forte,Deux véhicules - côté,3,2,2,1,1,1,2,0,5,80,2,2,1,0,1,0,60.0,50.0,voiture,deux_roues,5,1,1,3,3
202300035933,2023-06-24 15:00:00,2023,6,24,15,0,76,76141,Route du Fresne,49.632375,0.41895,Plein jour,Hors agglomération,Hors intersection,Normale,Sans collision,4,2,2,0,2,3,1,0,1,-1,1,1,0,0,1,0,59.0,,deux_roues,,1,1,1,1,7
202300035934,2023-02-26 01:05:00,2023,2,26,1,5,22,22215,LOGE (RUE DE LA),48.481,-2.794,Nuit avec éclairage allumé,Hors agglomération,Autre intersection,Normale,Deux véhicules - côté,3,1,2,3,3,1,1,5,1,30,2,2,1,0,0,1,38.0,24.0,voiture,voiture,5,1,9,1,3
202300035935,2023-06-23 23:53:00,2023,6,23,23,53,76,76436,Chemin du Halage,49.430298,0.859128,Nuit avec éclairage non allumé,Hors agglomération,Hors intersection,Normale,Autre collision,7,2,2,0,1,1,1,0,3,80,1,1,0,0,0,1,50.0,,voiture,,4,1,1,1,6
202300035936,2023-04-11 08:35:00,2023,4,11,8,35,59,59368,PRE CATELAN RUE DU,50.65594,3.06057,Plein jour,En agglomération,Intersection en X,Normale,Deux véhicules - côté,7,2, -1,-1,1,1,1,5,1,30,2,2,1,0,0,1,39.0,40.0,deux_roues,voiture,1,2,2,1,3
202300035936,2023-04-11 08:35:00,2023,4,11,8,35,59,59368,PRE CATELAN RUE DU,50.65594,3.06057,Plein jour,En agglomération,Intersection en X,Normale,Deux véhicules - côté,7,1,2,1,1,1,1,5,1,30,2,2,1,0,0,1,39.0,40.0,deux_roues,voiture,1,2,2,1,3