accident_id,datetime,annee,mois,jour,heure,minute,departement,commune_insee,adresse,latitude,longitude,luminosite,agglomeration,intersection,meteo,collision,catr,circ,nbv,vosp,prof,plan,surf,infra,situ,vma,nb_vehicules,nb_usagers,nb_indemnes,nb_tues,nb_blesses_hosp,nb_blesses_legers,age_cond_1,age_cond_2,veh_type_cond_1,veh_type_cond_2,lum_code,agg_code,int_code,atm_code,col_code
202300035937,2023-11-09 07:23:00,2023,11,9,7,23,65,65369,D632,43.27440888,0.17412096,Crépuscule ou aube,Hors agglomération,Intersection en X,Pluie légère,Deux véhicules - côté,3,2,2,0,1,1,2,5,1,70,2,2,1,0,1,0,57.0,44.0,utilitaire_camion,deux_roues,2,1,2,2,3
202300035937,2023-11-09 07:23:00,2023,11,9,7,23,65,65369,D632,43.27440888,0.17412096,Crépuscule ou aube,Hors agglomération,Intersection en X,Pluie légère,Deux véhicules - côté,3,2, -1,-1,1,1,2,5,1,-1,2,2,1,0,1,0,57.0,44.0,utilitaire_camion,deux_roues,2,1,2,2,3
202300035938,2023-05-20 04:30:00,2023,5,20,4,30,06,06149,A8 PK 204.200,43.740887,7.328396,Nuit sans éclairage public,Hors agglomération,Hors intersection,Normale,Deux véhicules - côté,1,3,3,0,2,2,1,0,1,110,2,6,2,0,0,4,40.0,63.0,utilitaire_camion,utilitaire_camion,3,1,1,1,3
202300035939,2023-02-22 11:25:00,2023,2,22,11,25,19,19272,Winston Churchill (Av),45.258889,1.757028,Plein jour,En agglomération,Hors intersection,Normale,Autre collision,3,1,1,3,1,1,1,6,4,30,1,2,1,0,1,0,84.0,,voiture,,1,2,1,1,6
202300035940,2023-11-08 18:00:00,2023,11,8,18,0,77,77162,D19,48.863857,3.156971,Nuit sans éclairage public,En agglomération,Hors intersection,Pluie légère,Autre collision,3,2,2,0,1,1,2,0,1,50,1,2,1,0,0,1,23.0,,voiture,,3,2,1,2,6
202300035941,2023-06-24 17:00:00,2023,6,24,17,0,76,76201,Chemin du Petit Val,49.464565,1.399764,Plein jour,En agglomération,Hors intersection,Normale,Sans collision,5,-1,2,3,1,1,1,6,6,-1,1,1,0,0,1,0,17.0,,deux_roues,,1,2,1,1,7
202300035942,2023-04-09 16:43:00,2023,4,9,16,43,57,57012,CLEMENCEAU (RUE),49.35347,6.04286,Plein jour,En agglomération,Intersection en T,Normale,Deux véhicules - côté,3,2,1,0,1,1,1,0,1,50,2,2,1,0,1,0,76.0,17.0,voiture,deux_roues,1,2,3,1,3
202300035942,2023-04-09 16:43:00,2023,4,9,16,43,57,57012,CLEMENCEAU (RUE),49.35347,6.04286,Plein jour,En agglomération,Intersection en T,Normale,Deux véhicules - côté,3,2,2,0,1,1,1,0,1,50,2,2,1,0,1,0,76.0,17.0,voiture,deux_roues,1,2,3,1,3
202300035943,2023-05-18 16:40:00,2023,5,18,16,40,11,11144,,42.879864,2.992959,Plein jour,Hors agglomération,Intersection en X,Normale,Deux véhicules - arrière,3,2,2,0,1,1,1,0,1,80,2,3,2,0,1,0,54.0,43.0,deux_roues,voiture,1,1,2,1,2
202300035943,2023-05-18 16:40:00,2023,5,18,16,40,11,11144,,42.879864,2.992959,Plein jour,Hors agglomération,Intersection en X,Normale,Deux véhicules - arrière,3,2, -1,-1,1,1,1,0,1,-1,2,3,2,0,1,0,54.0,43.0,deux_roues,voiture,1,1,2,1,2
202300035944,2023-02-24 19:00:00,2023,2,24,19,0,19,19031,,45.15998,1.54067,Crépuscule ou aube,En agglomération,Hors intersection,Normale,Autre collision,4,2,2,0,1,1,1,0,1,50,1,3,1,0,0,2,81.0,,voiture,,2,2,1,1,6
202300035945,2023-06-23 21:15:00,2023,6,23,21,15,79,79289,,47.001636,-0.787829,Plein jour,Hors agglomération,Hors intersection,Normale,Deux véhicules - frontale,3,2,2,0,1,1,1,0,1,80,2,3,0,0,2,1,25.0,78.0,voiture,voiture,1,1,1,1,1
202300035946,2023-11-09 15:50:00,2023,11,9,15,50,74,74282,Route de Groisy,46.042564,6.223165,Plein jour,Hors agglomération,Hors intersection,Pluie légère,Autre collision,3,2,2,0,1,1,6,0,1,80,2,2,1,0,1,0,56.0,90.0,utilitaire_camion,voiture,1,1,1,2,6
202300035947,2023-05-19 20:30:00,2023,5,19,20,30,988,98825,Mémorial de la plaine des Gaiacs,-21.250172,164.922992,Nuit sans éclairage public,Hors agglomération,Hors intersection,Normale,Sans collision,2,2,2,0,1,1,1,0,3,110,1,3,0,0,0,3,22.0,,voiture,,3,1,1,1,7
202300035948,2023-02-26 05:35:00,2023,2,26,5,35,14,14271,34 Grande Rue,49.139323,-0.376485,Nuit avec éclairage allumé,En agglomération,Giratoire,Normale,Autre collision,3,2,2,0,1,1,1,5,4,50,1,1,0,0,0,1,49.0,,utilitaire_camion,,5,2,6,1,6
202300035948,2023-02-26 05:35:00,2023,2,26,5,35,14,14271,34 Grande Rue,49.139323,-0.376485,Nuit avec éclairage allumé,En agglomération,Giratoire,Normale,Autre collision,3,1,2,0,1,3,1,5,4,50,1,1,0,0,0,1,49.0,,utilitaire_camion,,5,2,6,1,6
202300035949,2023-06-24 05:50:00,2023,6,24,5,50,2A,2A008,RD 55,41.855334,8.791208,Crépuscule ou aube,En agglomération,Hors intersection,Normale,Autre collision,3,2,2,0,1,2,1,0,1,50,1,1,0,1,0,0,40.0,,deux_roues,,2,2,1,1,6
202300035950,2023-04-07 18:50:00,2023,4,7,18,50,56,56098,CROIZAT ( AVE AMBROISE ),47.77564,-3.34604,Plein jour,En agglomération,Hors intersection,Normale,Deux véhicules - côté,3,2,2,0,1,1,1,0,1,50,2,3,2,0,0,1,85.0,67.0,voiture,voiture,1,2,1,1,3
202300035951,2023-11-09 18:00:00,2023,11,9,18,0,79,79204,,46.193356,-0.215676,Nuit sans éclairage public,Hors agglomération,Hors intersection,Pluie forte,Deux véhicules - frontale,3,2,2,0,1,2,2,0,1,80,2,2,1,0,1,0,33.0,37.0,voiture,deux_roues,3,1,1,3,1
202300035952,2023-06-24 19:27:00,2023,6,24,19,27,80,80793,91 Rue de Daours,50.015983,2.188662,Crépuscule ou aube,En agglomération,Hors intersection,Temps éblouissant,Autre collision,3,2,2,0,1,1,1,0,1,50,1,2,1,0,0,1,41.0,,voiture,,2,2,1,7,6
202300035953,2023-05-07 19:30:00,2023,5,7,19,30,988,98821,Ancienne boucherie - LA TONTOUTA,-22.04917,166.24054,Nuit sans éclairage public,Hors agglomération,Hors intersection,Normale,Deux véhicules - frontale,2,2,2,0,1,1,1,0,1,90,2,3,0,0,1,2,43.0,19.0,voiture,voiture,3,1,1,1,1
202300035954,2023-06-24 16:10:00,2023,6,24,16,10,71,71351,Route de Fretterans,46.89252891,5.26379228,Plein jour,Hors agglomération,Hors intersection,Normale,Autre collision,3,2,2,0,1,1,1,0,3,80,1,1,0,0,1,0,55.0,,voiture,,1,1,1,1,6
202300035955,2023-02-27 14:15:00,2023,2,27,14,15,13,13214,MERLAN (AVENUE),43.33119,5.40606,Plein jour,En agglomération,Intersection en Y,Pluie légère,Deux véhicules - frontale,4,2,4,0,2,2,2,0,1,50,2,2,1,0,0,1,61.0,58.0,voiture,voiture,1,2,4,2,1
202300035955,2023-02-27 14:15:00,2023,2,27,14,15,13,13214,MERLAN (AVENUE),43.33119,5.40606,Plein jour,En agglomération,Intersection en Y,Pluie légère,Deux véhicules - frontale,4,2,4,0,3,1,2,0,1,50,2,2,1,0,0,1,61.0,58.0,voiture,voiture,1,2,4,2,1
202300035955,2023-02-27 14:15:00,2023,2,27,14,15,13,13214,MERLAN (AVENUE),43.33119,5.40606,Plein jour,En agglomération,Intersection en Y,Pluie légère,Deux véhicules - frontale,4,2,2,0,1,1,2,0,1,50,2,2,1,0,0,1,61.0,58.0,voiture,voiture,1,2,4,2,1
202300035956,2023-11-07 20:30:00,2023,11,7,20,30,71,71204,15 Route de Démigny (Fragnes),46.822307,4.851306,Nuit avec éclairage allumé,Hors agglomération,Hors intersection,Normale,Deux véhicules - frontale,3,2,2,0,1,1,1,0,1,90,2,2,0,0,1,1,19.0,59.0,voiture,voiture,5,1,1,1,1
202300035957,2023-04-11 06:05:00,2023,4,11,6,5,51,51454,quai du Pré aux Moines,49.23303,4.04871,Nuit avec éclairage allumé,En agglomération,Intersection en X,Normale,Deux véhicules - côté,4,2,2,0,1,1,1,0,1,50,2,3,1,0,0,2,56.0,47.0,voiture,voiture,5,2,2,1,3
202300035957,2023-04-11 06:05:00,2023,4,11,6,5,51,51454,quai du Pré aux Moines,49.23303,4.04871,Nuit avec éclairage allumé,En agglomération,Intersection en X,Normale,Deux véhicules - côté,4,2,1,0,1,1,1,0,1,50,2,3,1,0,0,2,56.0,47.0,voiture,voiture,5,2,2,1,3
202300035958,2023-05-21 13:15:00,2023,5,21,13,15,988,98802,Route de Ouitchambo,-21.824991,165.998365,Plein jour,En agglomération,Hors intersection,Normale,Autre collision,4,2,2,0,2,3,1,0,1,50,1,4,2,0,2,0,21.0,,utilitaire_camion,,1,2,1,1,6
202300035959,2023-06-24 11:50:00,2023,6,24,11,50,71,71479,Rue de la Bruyere,46.848934,4.427563,Plein jour,En agglomération,Intersection en X,Normale,Autre collision,4,2,2,0,1,1,1,0,8,-1,1,2,1,0,0,1,21.0,,voiture,,1,2,2,1,6
202300035959,2023-06-24 11:50:00,2023,6,24,11,50,71,71479,Rue de la Bruyere,46.848934,4.427563,Plein jour,En agglomération,Intersection en X,Normale,Autre collision,4,2,2,0,2,3,1,0,3,50,1,2,1,0,0,1,21.0,,voiture,,1,2,2,1,6
202300035960,2023-02-27 07:50:00,2023,2,27,7,50,13,13211,BARASSE,43.286,5.476,Plein jour,En agglomération,Hors intersection,Normale,Deux véhicules - côté,4,2,2,0,1,1,2,0,1,50,2,2,1,0,0,1,55.0,27.0,voiture,deux_roues,1,2,1,1,3
202300035961,2023-11-08 23:00:00,2023,11,8,23,0,61,61485,D12 PR 33+100,48.905908,0.282157,Nuit sans éclairage public,Hors agglomération,Hors intersection,Pluie forte,Deux véhicules - arrière,3,2,2,0,2,1,2,0,1,90,2,2,1,0,1,0,24.0,31.0,deux_roues,voiture,3,1,1,3,2
202300035962,2023-05-18 19:00:00,2023,5,18,19,0,971,97125,Route de BESSOT,16.259447,-61.301388,Nuit sans éclairage public,Hors agglomération,Hors intersection,Normale,Deux véhicules - frontale,4,2,2,0,2,4,1,0,1,80,2,2,1,0,1,0,52.0,52.0,deux_roues,utilitaire_camion,3,1,1,1,1
202300035963,2023-04-10 11:15:00,2023,4,10,11,15,50,50129,de la Banque à Genets (Avenue),49.61057,-1.617,Plein jour,En agglomération,Intersection en Y,Brouillard / fumée,Deux véhicules - côté,4,2,2,0,1,3,2,0,1,50,2,4,3,0,1,0,28.0,57.0,voiture,voiture,1,2,4,5,3
202300035963,2023-04-10 11:15:00,2023,4,10,11,15,50,50129,de la Banque à Genets (Avenue),49.61057,-1.617,Plein jour,En agglomération,Intersection en Y,Brouillard / fumée,Deux véhicules - côté,4,2, -1,0,2,2,2,0,1,50,2,4,3,0,1,0,28.0,57.0,voiture,voiture,1,2,4,5,3
202300035964,2023-06-23 17:50:00,2023,6,23,17,50,89,89407,D965,47.845441,4.082167,Plein jour,Hors agglomération,Intersection en Y,Normale,Deux véhicules - côté,3,4,2,0,1,3,1,0,1,70,2,3,2,0,0,1,39.0,82.0,voiture,voiture,1,1,4,1,3
202300035964,2023-06-23 17:50:00,2023,6,23,17,50,89,89407,D965,47.845441,4.082167,Plein jour,Hors agglomération,Intersection en Y,Normale,Deux véhicules - côté,3,2,2,-1,1,-1,-1,0,-1,-1,2,3,2,0,0,1,39.0,82.0,voiture,voiture,1,1,4,1,3
202300035965,2023-11-08 15:40:00,2023,11,8,15,40,44,44036,20bis Boulevard de la Republique,47.717955,-1.381373,Plein jour,En agglomération,Giratoire,Pluie légère,Autre collision,4,2,2,0,1,1,2,0,1,50,1,2,1,0,1,0,83.0,,voiture,,1,2,6,2,6
202300035966,2023-02-26 23:30:00,2023,2,26,23,30,13,13208,MICHELET (BOULEVARD),43.26125871,5.39768598,Nuit avec éclairage allumé,En agglomération,Hors intersection,Pluie légère,Autre collision,4,2,6,3,1,1,2,0,1,50,1,2,1,0,1,0,30.0,,deux_roues,,5,2,1,2,6
202300035967,2023-05-19 19:30:00,2023,5,19,19,30,971,97118,Chemin de Duquerry,16.183447,-61.601833,Nuit sans éclairage public,En agglomération,Hors intersection,Normale,Deux véhicules - côté,3,2,2,0,2,1,1,0,1,50,2,2,1,0,1,0,41.0,50.0,deux_roues,voiture,3,2,1,1,3
202300035968,2023-04-11 11:30:00,2023,4,11,11,30,44,44162,277 Boulevard Marcel Paul,47.22964,-1.63367,Plein jour,En agglomération,Hors intersection,Normale,Autre collision,4,2,3,3,1,1,1,0,1,50,1,2,1,0,0,1,36.0,,voiture,,1,2,1,1,6
202300035969,2023-06-23 18:30:00,2023,6,23,18,30,61,61287,Les Planches Mormes,48.823278,-0.589624,Plein jour,Hors agglomération,Intersection en X,Normale,Deux véhicules - côté,3,2,2,0,1,1,1,0,1,80,2,2,1,0,1,0,33.0,75.0,deux_roues,utilitaire_camion,1,1,2,1,3
202300035969,2023-06-23 18:30:00,2023,6,23,18,30,61,61287,Les Planches Mormes,48.823278,-0.589624,Plein jour,Hors agglomération,Intersection en X,Normale,Deux véhicules - côté,3,2,2,0,1,1,1,0,1,90,2,2,1,0,1,0,33.0,75.0,deux_roues,utilitaire_camion,1,1,2,1,3
202300035970,2023-11-08 17:35:00,2023,11,8,17,35,02,02810,Avenue de la Ferté - Milon,49.249578,3.095849,Nuit avec éclairage allumé,En agglomération,Hors intersection,Pluie légère,Autre collision,3,2,2,2,1,1,2,6,1,50,1,2,1,0,1,0,39.0,,voiture,,5,2,1,2,6
202300035971,2023-02-27 22:10:00,2023,2,27,22,10,13,13098,BELLEFONT RUE,43.45657,5.01095,Nuit avec éclairage allumé,En agglomération,Hors intersection,Pluie légère,Deux véhicules - arrière,4,2,2,0,1,1,2,0,4,50,1,1,0,0,0,1,60.0,,voiture,,5,2,1,2,2
202300035972,2023-05-19 21:45:00,2023,5,19,21,45,978,97801,R DE HOLLANDE,18.070528,-63.082246,Nuit avec éclairage allumé,En agglomération,Intersection en T,Pluie légère,Deux véhicules - arrière,2,1, -1,-1,1,1,2,0,3,-1,2,2,0,0,2,0,26.0,26.0,deux_roues,deux_roues,5,2,3,2,2
202300035972,2023-05-19 21:45:00,2023,5,19,21,45,978,97801,R DE HOLLANDE,18.070528,-63.082246,Nuit avec éclairage allumé,En agglomération,Intersection en T,Pluie légère,Deux véhicules - arrière,2,2,2,0,1,1,2,0,1,50,2,2,0,0,2,0,26.0,26.0,deux_roues,deux_roues,5,2,3,2,2
202300035973,2023-02-26 10:06:00,2023,2,26,10,6,10,10333,Bretelle D610E13B2,48.2703,4.05047,Plein jour,En agglomération,Hors intersection,Normale,Autre collision,3,1,1,0,1,3,1,3,1,50,1,2,1,0,1,0,40.0,,voiture,,1,2,1,1,6
202300035974,2023-05-18 11:00:00,2023,5,18,11,0,30,30130,Lieu Dit Aiguebelle,44.363471,3.940369,Plein jour,Hors agglomération,Hors intersection,Normale,Autre collision,3,2,2,0,1,4,1,0,3,80,1,1,0,0,1,0,54.0,,deux_roues,,1,1,1,1,6
202300035975,2023-04-11 08:35:00,2023,4,11,8,35,44,44162,95 Avenue de la Baraudière,47.23266,-1.59456,Plein jour,En agglomération,Hors intersection,Normale,Deux véhicules - frontale,4,2,2,0,2,1,1,0,1,30,2,2,1,0,1,0,43.0,64.0,voiture,deux_roues,1,2,1,1,1
202300035976,2023-11-09 15:20:00,2023,11,9,15,20,03,03138,N7,46.247552,3.602614,Plein jour,Hors agglomération,Hors intersection,Normale,Deux véhicules - frontale,2,2,2,0,1,1,1,0,1,80,2,4,0,0,2,2,74.0,69.0,voiture,voiture,1,1,1,1,1
202300035977,2023-06-24 15:15:00,2023,6,24,15,15,55,55312,D964,48.931099,5.520665,Plein jour,Hors agglomération,Intersection en X,Temps éblouissant,Deux véhicules - côté,3,2,2,0,1,1,1,0,1,70,2,6,5,0,0,1,36.0,18.0,voiture,voiture,1,1,2,7,3
202300035977,2023-06-24 15:15:00,2023,6,24,15,15,55,55312,D964,48.931099,5.520665,Plein jour,Hors agglomération,Intersection en X,Temps éblouissant,Deux véhicules - côté,3,2, -1,-1,1,1,1,0,1,-1,2,6,5,0,0,1,36.0,18.0,voiture,voiture,1,1,2,7,3
202300035978,2023-05-19 12:30:00,2023,5,19,12,30,34,34157,Place Baptiste Milhau,43.427258,3.604551,Plein jour,En agglomération,Giratoire,Normale,Autre collision,4,2,2,0,1,1,1,9,4,30,1,1,0,1,0,0,89.0,,voiture,,1,2,6,1,6
202300035979,2023-04-11 07:55:00,2023,4,11,7,55,43,43002,Chemin de Bouthezard,45.052264,3.881304,Plein jour,En agglomération,Hors intersection,Pluie légère,Sans collision,4,2,2,0,2,1,2,0,1,50,1,1,0,0,0,1,59.0,,deux_roues,,1,2,1,2,7
202300035980,2023-02-27 03:25:00,2023,2,27,3,25,06,06088,ANGLAIS (DU N° 265 AU N° 350),43.67935,7.23016,Nuit avec éclairage allumé,En agglomération,Hors intersection,Pluie légère,Autre collision,7,3,6,0,1,1,2,0,1,50,2,3,2,1,0,0,34.0,52.0,voiture,voiture,5,2,1,2,6
202300035981,2023-05-19 15:40:00,2023,5,19,15,40,34,34052,Intermarché (Supermarché),43.326403,3.051614,Plein jour,En agglomération,Hors intersection,Normale,Autre collision,6,-1, -1,0,1,2,1,9,1,-1,1,2,1,0,1,0,74.0,,voiture,,1,2,1,1,6
202300035982,2023-06-23 16:15:00,2023,6,23,16,15,49,49331,Route de Pouance,47.690439,-0.892886,Plein jour,En agglomération,Hors intersection,Normale,Deux véhicules - frontale,4,2,2,0,2,3,1,0,1,50,2,5,2,0,3,0,52.0,21.0,voiture,voiture,1,2,1,1,1
202300035983,2023-04-11 08:00:00,2023,4,11,8,0,37,37261,HEURTELOUP (BOULEVARD),47.393,0.70283,Plein jour,En agglomération,Hors intersection,Normale,Deux véhicules - côté,4,2,5,0,1,1,1,0,1,50,2,2,1,0,0,1,37.0,24.0,voiture,deux_roues,1,2,1,1,3
202300035984,2023-06-23 13:27:00,2023,6,23,13,27,42,42149,Avenue des Sources,45.642488,4.232655,Plein jour,En agglomération,Hors intersection,Normale,Autre collision,3,2,2,0,1,1,1,0,1,50,1,2,1,0,1,0,34.0,,deux_roues,,1,2,1,1,6
202300035985,2023-11-08 17:30:00,2023,11,8,17,30,03,03119,Place de l'Eglise,46.731119,3.61153,Nuit avec éclairage allumé,En agglomération,Place,Normale,Deux véhicules - arrière,3,2,2,0,1,1,1,9,1,50,2,2,1,0,1,0,42.0,36.0,voiture,deux_roues,5,2,7,1,2
202300035986,2023-05-19 18:20:00,2023,5,19,18,20,34,34022,17 Rue des Amaryllis,43.656183,4.005375,Crépuscule ou aube,En agglomération,Hors intersection,Pluie forte,Deux véhicules - côté,2,2,2,0,1,1,2,0,1,50,2,3,2,0,1,0,64.0,49.0,autre,deux_roues,2,2,1,3,3
202300035987,2023-06-24 11:30:00,2023,6,24,11,30,42,42235,Route du Pont du Rioux,45.369721,4.047121,Plein jour,Hors agglomération,Hors intersection,Normale,Deux véhicules - frontale,3,2,2,0,1,2,1,0,1,80,2,2,1,0,1,0,59.0,43.0,deux_roues,voiture,1,1,1,1,1
202300035988,2023-02-28 23:30:00,2023,2,28,23,30,75,75119,RUE DE CAMBRAI,48.896045,2.380579,Nuit avec éclairage allumé,En agglomération,Hors intersection,Normale,Autre collision,4,1,1,0,1,1,1,0,1,30,1,1,0,0,0,1,30.0,,deux_roues,,5,2,1,1,6
202300035989,2023-04-10 20:45:00,2023,4,10,20,45,37,37233,FLORENCE (AVENUE DE),47.37954915,0.74504256,Nuit avec éclairage allumé,En agglomération,Intersection en T,Temps couvert,Deux véhicules - côté,4,2,2,0,2,3,2,0,1,50,2,2,1,0,0,1,25.0,33.0,voiture,voiture,5,2,3,8,3
202300035989,2023-04-10 20:45:00,2023,4,10,20,45,37,37233,FLORENCE (AVENUE DE),47.37954915,0.74504256,Nuit avec éclairage allumé,En agglomération,Intersection en T,Temps couvert,Deux véhicules - côté,4,2,2,0,3,3,2,0,1,50,2,2,1,0,0,1,25.0,33.0,voiture,voiture,5,2,3,8,3
202300035990,2023-06-23 09:40:00,2023,6,23,9,40,86,86177,41 Allée Jean Monnet,46.678402,0.266333,Plein jour,En agglomération,Hors intersection,Normale,Autre collision,6,-1, -1,0,1,1,1,0,1,50,1,2,1,0,0,1,81.0,,voiture,,1,2,1,1,6
202300035991,2023-05-19 12:40:00,2023,5,19,12,40,34,34058,47 Avenue de la Gare,43.675054,3.989791,Plein jour,En agglomération,Intersection en T,Normale,Deux véhicules - côté,7,2,2,0,1,1,1,0,1,-1,2,3,1,0,2,0,26.0,68.0,utilitaire_camion,deux_roues,1,2,3,1,3
202300035991,2023-05-19 12:40:00,2023,5,19,12,40,34,34058,47 Avenue de la Gare,43.675054,3.989791,Plein jour,En agglomération,Intersection en T,Normale,Deux véhicules - côté,7,2,2,0,1,1,1,0,1,50,2,3,1,0,2,0,26.0,68.0,utilitaire_camion,deux_roues,1,2,3,1,3
202300035992,2023-11-09 06:50:00,2023,11,9,6,50,01,01175,D933,46.412418,4.927168,Nuit sans éclairage public,Hors agglomération,Hors intersection,Pluie forte,Deux véhicules - arrière,3,2,2,0,1,1,2,0,1,80,2,3,1,0,2,0,79.0,39.0,voiture,voiture,3,1,1,3,2
202300035993,2023-02-28 11:10:00,2023,2,28,11,10,75,75117,RUE DE LA JONQUIERE,48.893961,2.321421,Plein jour,En agglomération,Intersection en T,Normale,Autre collision,4,-1,1,0,1,1,1,0,1,30,1,2,1,0,0,1,20.0,,utilitaire_camion,,1,2,3,1,6
202300035993,2023-02-28 11:10:00,2023,2,28,11,10,75,75117,RUE DE LA JONQUIERE,48.893961,2.321421,Plein jour,En agglomération,Intersection en T,Normale,Autre collision,4,-1,1,0,1,1,1,0,1,30,1,2,1,0,0,1,20.0,,utilitaire_camion,,1,2,3,1,6
202300035994,2023-04-11 18:10:00,2023,4,11,18,10,35,35238,ALMA (DE L'),48.09573,-1.67472,Plein jour,En agglomération,Hors intersection,Normale,Deux véhicules - arrière,4,2,2,2,1,1,1,0,1,30,2,2,1,0,0,1,25.0,20.0,voiture,deux_roues,1,2,1,1,2
202300035995,2023-06-24 10:30:00,2023,6,24,10,30,25,25434,Av du Mal de Lattre de Tassigny,47.105027,6.132538,Plein jour,En agglomération,Hors intersection,Temps éblouissant,Deux véhicules - frontale,3,2,2,0,2,2,1,0,1,50,2,3,0,1,0,2,21.0,76.0,voiture,deux_roues,1,2,1,7,1
202300035996,2023-05-21 12:40:00,2023,5,21,12,40,83,83071,D559a,43.126233,6.198617,Plein jour,Hors agglomération,Intersection en T,Normale,Deux véhicules - frontale,3,2,2,0,1,1,9,0,1,70,2,2,1,0,1,0,53.0,41.0,deux_roues,voiture,1,1,3,1,1
202300035996,2023-05-21 12:40:00,2023,5,21,12,40,83,83071,D559a,43.126233,6.198617,Plein jour,Hors agglomération,Intersection en T,Normale,Deux véhicules - frontale,3,2,2,0,1,1,1,0,1,50,2,2,1,0,1,0,53.0,41.0,deux_roues,voiture,1,1,3,1,1
202300035997,2023-11-08 19:00:00,2023,11,8,19,0,14,14578,Route de Bonneville,49.353191,0.16568,Nuit sans éclairage public,Hors agglomération,Hors intersection,Pluie légère,Deux véhicules - frontale,3,2,2,0,1,1,2,0,1,80,2,2,1,0,1,0,84.0,53.0,voiture,voiture,3,1,1,2,1
202300035998,2023-06-23 21:45:00,2023,6,23,21,45,44,44006,100 route de mahe,47.43971,-2.432023,Nuit sans éclairage public,Hors agglomération,Hors intersection,Normale,Autre collision,3,2,2,0,1,1,1,0,3,80,1,2,0,0,1,1,35.0,,voiture,,3,1,1,1,6
202300035999,2023-02-28 09:30:00,2023,2,28,9,30,75,75117,AVENUE DE CLICHY,48.89288,2.316339,Plein jour,En agglomération,Hors intersection,Normale,Deux véhicules - côté,4,2,2,3,1,1,1,0,1,30,2,2,1,0,0,1,47.0,61.0,voiture,deux_roues,1,2,1,1,3
202300036000,2023-06-23 19:50:00,2023,6,23,19,50,35,35331,7 Rue de Montfort,48.110411,-1.92795,Plein jour,En agglomération,Hors intersection,Normale,Sans collision,4,2,2,2,2,3,1,0,1,30,1,1,0,0,1,0,42.0,,deux_roues,,1,2,1,1,7
202300036001,2023-11-09 08:02:00,2023,11,9,8,2,18,18148,22 Avenue de Vierzon,47.202865,2.059653,Plein jour,En agglomération,Hors intersection,Normale,Autre collision,3,2,2,0,1,1,1,0,1,50,1,2,1,0,1,0,54.0,,voiture,,1,2,1,1,6
202300036002,2023-05-20 11:20:00,2023,5,20,11,20,06,06070,route de fontaine rougière,43.796062,6.945387,Plein jour,En agglomération,Hors intersection,Pluie légère,Deux véhicules - arrière,3,2,2,0,2,1,2,9,1,50,2,2,1,0,1,0,67.0,65.0,voiture,deux_roues,1,2,1,2,2
202300036003,2023-02-27 14:50:00,2023,2,27,14,50,75,75116,AVENUE DU PRESIDENT WILSON,48.864955,2.295909,Plein jour,En agglomération,Intersection en T,Normale,Autre collision,4,2,6,3,1,1,1,0,1,30,1,1,0,0,0,1,77.0,,voiture,,1,2,3,1,6
202300036003,2023-02-27 14:50:00,2023,2,27,14,50,75,75116,AVENUE DU PRESIDENT WILSON,48.864955,2.295909,Plein jour,En agglomération,Intersection en T,Normale,Autre collision,4,1,1,0,1,1,1,0,1,30,1,1,0,0,0,1,77.0,,voiture,,1,2,3,1,6
202300036004,2023-04-11 08:50:00,2023,4,11,8,50,35,35238,RN136,48.104875,-1.716735,Plein jour,Hors agglomération,Hors intersection,Normale,Trois véhicules et plus - en chaîne,2,3,4,0,1,1,1,0,1,90,3,5,4,0,0,1,53.0,53.0,voiture,voiture,1,1,1,1,4
202300036005,2023-06-24 16:10:00,2023,6,24,16,10,29,29168,Route de Bestree,48.034102,-4.719567,Plein jour,Hors agglomération,Hors intersection,Normale,Autre collision,4,2,2,0,2,1,1,0,3,-1,1,1,0,0,1,0,51.0,,deux_roues,,1,1,1,1,6
202300036006,2023-11-08 20:04:00,2023,11,8,20,4,18,18179,Route de Bourges,47.15226,2.438439,Nuit sans éclairage public,Hors agglomération,Hors intersection,Normale,Autre collision,3,2,2,0,1,1,1,0,1,80,1,2,1,0,1,0,44.0,,voiture,,3,1,1,1,6
202300036007,2023-02-28 19:30:00,2023,2,28,19,30,75,75111,RUE OBERKAMPF,48.864624,2.372336,Nuit avec éclairage allumé,En agglomération,Intersection en T,Normale,Autre collision,4,1, -1,-1,1,1,1,0,1,-1,1,2,1,0,0,1,,,deux_roues,,5,2,3,1,6
202300036007,2023-02-28 19:30:00,2023,2,28,19,30,75,75111,RUE OBERKAMPF,48.864624,2.372336,Nuit avec éclairage allumé,En agglomération,Intersection en T,Normale,Autre collision,4,1,1,0,2,1,1,0,1,30,1,2,1,0,0,1,,,deux_roues,,5,2,3,1,6
202300036008,2023-06-23 17:05:00,2023,6,23,17,5,31,31561,Avenue de Toulouse,43.659734,1.488326,Plein jour,En agglomération,Intersection en X,Normale,Deux véhicules - côté,7,-1,2,0,1,1,1,0,1,50,2,2,1,0,1,0,31.0,59.0,deux_roues,voiture,1,2,2,1,3
202300036008,2023-06-23 17:05:00,2023,6,23,17,5,31,31561,Avenue de Toulouse,43.659734,1.488326,Plein jour,En agglomération,Intersection en X,Normale,Deux véhicules - côté,7,2,2,0,1,1,1,9,1,50,2,2,1,0,1,0,31.0,59.0,deux_roues,voiture,1,2,2,1,3