accident_id,datetime,annee,mois,jour,heure,minute,departement,commune_insee,adresse,latitude,longitude,luminosite,agglomeration,intersection,meteo,collision,catr,circ,nbv,vosp,prof,plan,surf,infra,situ,vma,nb_vehicules,nb_usagers,nb_indemnes,nb_tues,nb_blesses_hosp,nb_blesses_legers,age_cond_1,age_cond_2,veh_type_cond_1,veh_type_cond_2,lum_code,agg_code,int_code,atm_code,col_code
202300036009,2023-05-19 20:00:00,2023,5,19,20,0,06,06057,D2204,43.820808,7.353399,Plein jour,Hors agglomération,Hors intersection,Pluie légère,Trois véhicules et plus - collisions multiples,3,2,2,0,2,3,2,0,1,80,3,5,2,0,1,2,53.0,72.0,voiture,voiture,1,1,1,2,5
202300036010,2023-04-11 08:30:00,2023,4,11,8,30,33,33318,Avenue de Canéjan,44.79315,-0.64589,Plein jour,En agglomération,Giratoire,Normale,Deux véhicules - arrière,4,3,2,1,1,1,1,0,1,50,2,2,1,0,0,1,56.0,23.0,voiture,deux_roues,1,2,6,1,2
202300036010,2023-04-11 08:30:00,2023,4,11,8,30,33,33318,Avenue de Canéjan,44.79315,-0.64589,Plein jour,En agglomération,Giratoire,Normale,Deux véhicules - arrière,4,2, -1,-1,1,1,1,0,1,-1,2,2,1,0,0,1,56.0,23.0,voiture,deux_roues,1,2,6,1,2
202300036011,2023-11-08 10:30:00,2023,11,8,10,30,16,16167,"carrefour D941 , avenue de l 'europe",45.684369,-0.153283,Plein jour,Hors agglomération,Intersection en T,Normale,Sans collision,3,2,2,0,1,1,1,5,1,80,2,2,1,0,0,1,66.0,72.0,voiture,deux_roues,1,1,3,1,7
202300036011,2023-11-08 10:30:00,2023,11,8,10,30,16,16167,"carrefour D941 , avenue de l 'europe",45.684369,-0.153283,Plein jour,Hors agglomération,Intersection en T,Normale,Sans collision,3,2, -1,-1,1,1,1,5,1,50,2,2,1,0,0,1,66.0,72.0,voiture,deux_roues,1,1,3,1,7
202300036012,2023-05-20 21:00:00,2023,5,20,21,0,13,13022,D559,43.22495,5.534352,Crépuscule ou aube,Hors agglomération,Hors intersection,Pluie légère,Deux véhicules - frontale,3,2,2,0,2,4,2,0,1,50,2,3,1,0,2,0,34.0,22.0,voiture,voiture,2,1,1,2,1
202300036013,2023-02-28 18:40:00,2023,2,28,18,40,75,75107,QUAI BRANLY,48.85745,2.291115,Nuit avec éclairage allumé,En agglomération,Intersection en X,Normale,Autre collision,4,2, -1,-1,1,1,1,-1,5,-1,1,2,1,0,0,1,28.0,,deux_roues,,5,2,2,1,6
202300036013,2023-02-28 18:40:00,2023,2,28,18,40,75,75107,QUAI BRANLY,48.85745,2.291115,Nuit avec éclairage allumé,En agglomération,Intersection en X,Normale,Autre collision,4,2,1,1,1,1,1,-1,5,30,1,2,1,0,0,1,28.0,,deux_roues,,5,2,2,1,6
202300036014,2023-06-24 14:30:00,2023,6,24,14,30,02,02150,D967,49.456158,3.670871,Plein jour,Hors agglomération,Autre intersection,Normale,Deux véhicules - frontale,3,2,2,0,2,4,1,0,1,80,2,9,7,0,0,2,21.0,40.0,deux_roues,voiture,1,1,9,1,1
202300036015,2023-04-11 19:30:00,2023,4,11,19,30,31,31555,VA007331 A620,43.64849247,1.42176121,Plein jour,Hors agglomération,Hors intersection,Normale,Trois véhicules et plus - en chaîne,1,1,3,0,1,1,1,0,1,90,3,3,2,0,0,1,25.0,20.0,voiture,deux_roues,1,1,1,1,4
202300036016,2023-05-20 11:30:00,2023,5,20,11,30,71,71588,Rue de Pouilly,46.475227,4.044224,Plein jour,Hors agglomération,Hors intersection,Normale,Autre collision,4,2,2,0,1,1,1,0,3,80,1,1,0,0,1,0,43.0,,voiture,,1,1,1,1,6
202300036017,2023-02-28 09:40:00,2023,2,28,9,40,75,75114,BOULEVARD ADOLPHE PINARD,48.825015,2.302158,Plein jour,En agglomération,Intersection en X,Normale,Autre collision,4,1,1,0,1,1,1,0,1,30,1,2,1,0,0,1,32.0,,voiture,,1,2,2,1,6
202300036017,2023-02-28 09:40:00,2023,2,28,9,40,75,75114,BOULEVARD ADOLPHE PINARD,48.825015,2.302158,Plein jour,En agglomération,Intersection en X,Normale,Autre collision,4,2,4,0,1,1,1,0,1,30,1,2,1,0,0,1,32.0,,voiture,,1,2,2,1,6
202300036018,2023-06-24 09:07:00,2023,6,24,9,7,02,02827,,49.731484,3.754481,Plein jour,Hors agglomération,Giratoire,Temps éblouissant,Deux véhicules - arrière,2,2,2,0,1,2,1,0,1,80,2,2,1,0,1,0,73.0,65.0,deux_roues,voiture,1,1,6,7,2
202300036018,2023-06-24 09:07:00,2023,6,24,9,7,02,02827,,49.731484,3.754481,Plein jour,Hors agglomération,Giratoire,Temps éblouissant,Deux véhicules - arrière,2,2,2,0,1,3,1,0,1,80,2,2,1,0,1,0,73.0,65.0,deux_roues,voiture,1,1,6,7,2
202300036019,2023-11-03 17:20:00,2023,11,3,17,20,21,21498,D905,47.413286,4.535261,Crépuscule ou aube,Hors agglomération,Intersection en T,Pluie légère,Deux véhicules - arrière,3,2,2,0,1,3,2,0,1,90,2,4,2,0,0,2,41.0,42.0,voiture,utilitaire_camion,2,1,3,2,2
202300036019,2023-11-03 17:20:00,2023,11,3,17,20,21,21498,D905,47.413286,4.535261,Crépuscule ou aube,Hors agglomération,Intersection en T,Pluie légère,Deux véhicules - arrière,3,2,2,0,2,1,2,0,8,90,2,4,2,0,0,2,41.0,42.0,voiture,utilitaire_camion,2,1,3,2,2
202300036020,2023-05-21 04:30:00,2023,5,21,4,30,51,51250,Route de Soissons,49.308221,3.667256,Nuit avec éclairage non allumé,En agglomération,Hors intersection,Normale,Sans collision,6,-1, -1,0,1,1,1,2,8,50,1,2,0,1,1,0,20.0,,voiture,,4,2,1,1,7
202300036021,2023-04-10 16:35:00,2023,4,10,16,35,31,31555,MINIMES (AV DES) DU 1AU 178,43.61718287,1.43689424,Plein jour,En agglomération,Hors intersection,Normale,Deux véhicules - arrière,7,3,0,0,1,1,1,0,1,50,2,2,1,0,0,1,23.0,36.0,deux_roues,voiture,1,2,1,1,2
202300036022,2023-06-24 12:45:00,2023,6,24,12,45,02,02560,10 Rue du Calvaire,49.698761,3.459465,Plein jour,En agglomération,Intersection en T,Normale,Deux véhicules - frontale,3,2,2,0,1,1,1,0,1,50,2,2,1,0,1,0,8.0,22.0,deux_roues,voiture,1,2,3,1,1
202300036022,2023-06-24 12:45:00,2023,6,24,12,45,02,02560,10 Rue du Calvaire,49.698761,3.459465,Plein jour,En agglomération,Intersection en T,Normale,Deux véhicules - frontale,3,2,2,0,1,1,1,0,1,50,2,2,1,0,1,0,8.0,22.0,deux_roues,voiture,1,2,3,1,1
202300036023,2023-11-09 13:10:00,2023,11,9,13,10,06,06018,Avenue Roumanille,43.623297,7.072937,Plein jour,En agglomération,Hors intersection,Pluie légère,Autre collision,4,1,1,3,1,1,2,6,6,50,1,2,1,0,0,1,,,voiture,,1,2,1,2,6
202300036024,2023-05-21 11:03:00,2023,5,21,11,3,68,68142,D5 bis,48.070538,7.132659,Plein jour,Hors agglomération,Hors intersection,Normale,Sans collision,3,2,2,0,2,1,1,0,1,80,1,1,0,0,0,1,52.0,,deux_roues,,1,1,1,1,7
202300036025,2023-02-28 14:45:00,2023,2,28,14,45,94,94034,Avenue Edouard Herriot / Avenue de la Division Leclerc,48.75553,2.32773,Plein jour,En agglomération,Intersection en X,Normale,Deux véhicules - côté,3,3,4,0,1,1,1,0,1,50,2,5,4,0,0,1,37.0,26.0,voiture,voiture,1,2,2,1,3
202300036025,2023-02-28 14:45:00,2023,2,28,14,45,94,94034,Avenue Edouard Herriot / Avenue de la Division Leclerc,48.75553,2.32773,Plein jour,En agglomération,Intersection en X,Normale,Deux véhicules - côté,3,3,4,-1,1,1,1,0,1,-1,2,5,4,0,0,1,37.0,26.0,voiture,voiture,1,2,2,1,3
202300036026,2023-04-08 19:35:00,2023,4,8,19,35,30,30189,ALES (ROUTE),43.8651,4.3268,Plein jour,Hors agglomération,Hors intersection,Normale,Deux véhicules - frontale,3,2,2,0,2,1,1,0,1,80,2,2,1,0,1,0,31.0,65.0,deux_roues,voiture,1,1,1,1,1
202300036027,2023-11-10 04:20:00,2023,11,10,4,20,988,98811,RPN2,-21.02063,164.98674,Nuit sans éclairage public,Hors agglomération,Hors intersection,Normale,Autre collision,3,2,2,0,2,1,1,0,3,90,1,2,0,0,1,1,47.0,,voiture,,3,1,1,1,6
202300036028,2023-05-21 12:50:00,2023,5,21,12,50,88,88196,D486,48.044579,6.867163,Plein jour,Hors agglomération,Hors intersection,Normale,Deux véhicules - frontale,3,2,2,0,2,1,1,0,1,80,2,3,0,0,3,0,64.0,41.0,deux_roues,deux_roues,1,1,1,1,1
202300036029,2023-02-28 21:25:00,2023,2,28,21,25,93,93059,Boulevard Jean Mermoz,48.96583,2.3637,Nuit avec éclairage allumé,En agglomération,Hors intersection,Normale,Deux véhicules - côté,3,3,4,0,1,1,1,0,1,50,2,2,1,0,0,1,52.0,25.0,voiture,deux_roues,5,2,1,1,3
202300036030,2023-11-08 02:10:00,2023,11,8,2,10,974,97415,N1a,-21.065309,55.22384,Nuit sans éclairage public,En agglomération,Hors intersection,Normale,Autre collision,2,2,2,2,1,1,1,0,5,70,1,1,0,0,1,0,34.0,,deux_roues,,3,2,1,1,6
202300036031,2023-04-11 17:15:00,2023,4,11,17,15,30,30007,Avenue Winston Churchill,44.1344,4.077,Plein jour,En agglomération,Intersection en X,Normale,Autre collision,3,2,2,0,1,1,1,0,1,50,1,2,1,0,0,1,44.0,,voiture,,1,2,2,1,6
202300036031,2023-04-11 17:15:00,2023,4,11,17,15,30,30007,Avenue Winston Churchill,44.1344,4.077,Plein jour,En agglomération,Intersection en X,Normale,Autre collision,3,2,2,0,1,1,1,9,8,50,1,2,1,0,0,1,44.0,,voiture,,1,2,2,1,6
202300036032,2023-06-24 01:15:00,2023,6,24,1,15,70,70509,3 Rue des Sombrelles,47.337078,5.71723,Nuit sans éclairage public,En agglomération,Hors intersection,Normale,Autre collision,4,2,2,0,1,2,1,0,3,50,1,4,2,0,1,1,16.0,,voiture,,3,2,1,1,6
202300036033,2023-05-20 17:29:00,2023,5,20,17,29,57,57017,rue de la fontaine,49.165385,6.040174,Plein jour,En agglomération,Giratoire,Normale,Autre collision,7,2,2,0,1,3,1,0,4,50,1,1,0,0,0,1,51.0,,deux_roues,,1,2,6,1,6
202300036033,2023-05-20 17:29:00,2023,5,20,17,29,57,57017,rue de la fontaine,49.165385,6.040174,Plein jour,En agglomération,Giratoire,Normale,Autre collision,7,2,2,0,1,3,1,0,4,50,1,1,0,0,0,1,51.0,,deux_roues,,1,2,6,1,6
202300036034,2023-06-24 15:45:00,2023,6,24,15,45,58,58309,D18,46.932305,4.003143,Plein jour,Hors agglomération,Hors intersection,Normale,Autre collision,3,2,2,0,1,3,1,1,3,80,1,1,0,0,1,0,28.0,,deux_roues,,1,1,1,1,6
202300036035,2023-02-28 18:00:00,2023,2,28,18,0,93,93072,Avenue Jules Guesde,48.96276478,2.38445835,Plein jour,En agglomération,Hors intersection,Normale,Deux véhicules - côté,3,2,2,0,2,1,1,0,1,50,2,2,1,0,0,1,24.0,42.0,deux_roues,deux_roues,1,2,1,1,3
202300036036,2023-10-31 18:45:00,2023,10,31,18,45,29,29234,Kerfleury (Embranchement d'autoroute),47.84831165,-3.50909071,Nuit sans éclairage public,Hors agglomération,Hors intersection,Normale,Deux véhicules - frontale,3,2,2,0,1,1,2,3,1,80,2,2,1,0,1,0,56.0,85.0,utilitaire_camion,voiture,3,1,1,1,1
202300036037,2023-04-11 11:15:00,2023,4,11,11,15,29,29232,Route du Loc'h,48.0132,-4.08684,Plein jour,En agglomération,Autre intersection,Normale,Autre collision,6,-1, -1,0,1,1,1,0,6,30,1,2,1,0,0,1,39.0,,utilitaire_camion,,1,2,9,1,6
202300036038,2023-06-07 12:57:00,2023,6,7,12,57,06,06105,3339 RD 2081,43.663622,7.054805,Plein jour,En agglomération,Hors intersection,Normale,Deux véhicules - arrière,3,2,2,0,2,1,1,0,1,50,2,2,1,0,1,0,30.0,36.0,deux_roues,voiture,1,2,1,1,2
202300036039,2023-10-29 10:45:00,2023,10,29,10,45,2A,2A163,rt40,41.4945,8.957162,Plein jour,Hors agglomération,Hors intersection,Normale,Autre collision,2,2,2,0,4,3,1,0,1,80,1,1,0,0,1,0,30.0,,deux_roues,,1,1,1,1,6
202300036040,2023-05-19 19:15:00,2023,5,19,19,15,42,42155,Route de Saint Germain Laval,45.805163,4.153857,Plein jour,En agglomération,Intersection en T,Normale,Deux véhicules - côté,3,2,2,0,1,1,1,9,1,30,2,3,2,0,1,0,76.0,51.0,voiture,voiture,1,2,3,1,3
202300036040,2023-05-19 19:15:00,2023,5,19,19,15,42,42155,Route de Saint Germain Laval,45.805163,4.153857,Plein jour,En agglomération,Intersection en T,Normale,Deux véhicules - côté,3,2,2,0,2,1,1,0,1,30,2,3,2,0,1,0,76.0,51.0,voiture,voiture,1,2,3,1,3
202300036041,2023-06-24 05:19:00,2023,6,24,5,19,60,60509,D200,49.324786,2.620969,Nuit sans éclairage public,Hors agglomération,Hors intersection,Normale,Autre collision,3,3,2,0,1,1,1,0,1,110,1,1,0,0,0,1,19.0,,voiture,,3,1,1,1,6
202300036042,2023-02-28 08:45:00,2023,2,28,8,45,93,93070,61 Avenue Michelet,48.90804056,2.3441568,Plein jour,En agglomération,Hors intersection,Normale,Deux véhicules - arrière,3,2,4,1,1,1,1,0,1,50,2,2,1,0,1,0,52.0,35.0,deux_roues,utilitaire_camion,1,2,1,1,2
202300036043,2023-04-11 08:40:00,2023,4,11,8,40,22,22113,R.D.767,48.71710979,-3.40733707,Plein jour,Hors agglomération,Hors intersection,Normale,Autre collision,3,3,2,0,1,1,1,0,3,110,1,1,0,0,0,1,20.0,,voiture,,1,1,1,1,6
202300036044,2023-06-24 20:30:00,2023,6,24,20,30,36,36231,Les Maisons Neuves,46.74061546,1.61774218,Plein jour,Hors agglomération,Hors intersection,Normale,Autre collision,3,2,2,0,1,2,1,0,1,50,1,1,0,0,1,0,57.0,,deux_roues,,1,1,1,1,6
202300036045,2023-05-19 12:30:00,2023,5,19,12,30,26,26023,Route du col,44.95095,5.145849,Plein jour,Hors agglomération,Hors intersection,Pluie légère,Sans collision,3,2,2,0,1,1,2,0,8,80,1,1,0,0,1,0,65.0,,deux_roues,,1,1,1,2,7
202300036046,2023-11-09 13:50:00,2023,11,9,13,50,2A,2A041,RT40,41.414765,9.121495,Plein jour,Hors agglomération,Hors intersection,Pluie légère,Deux véhicules - côté,2,2,2,0,2,3,2,0,1,80,2,2,1,1,0,0,42.0,26.0,voiture,voiture,1,1,1,2,3
202300036047,2023-04-08 09:30:00,2023,4,8,9,30,12,12202,DE LATTRE DE TASSIGNY (BOULEVARD),44.34780076,2.56383419,Plein jour,En agglomération,Hors intersection,Normale,Autre collision,4,2,2,0,2,1,1,0,1,30,1,2,1,0,1,0,80.0,,voiture,,1,2,1,1,6
202300036048,2023-06-24 04:15:00,2023,6,24,4,15,53,53106,la Dodinière,48.382844,-0.139243,Nuit sans éclairage public,Hors agglomération,Hors intersection,Normale,Autre collision,3,2,2,0,1,2,1,0,3,80,1,2,0,2,0,0,23.0,,voiture,,3,1,1,1,6
202300036049,2023-02-28 19:00:00,2023,2,28,19,0,93,93066,Rue Gabriel Péri / Rue Danielle Casanova,48.92972,2.35658,Nuit avec éclairage allumé,En agglomération,Intersection en X,Normale,Deux véhicules - côté,4,2,4,0,1,1,1,0,1,50,2,2,1,0,0,1,28.0,23.0,voiture,deux_roues,5,2,2,1,3
202300036049,2023-02-28 19:00:00,2023,2,28,19,0,93,93066,Rue Gabriel Péri / Rue Danielle Casanova,48.92972,2.35658,Nuit avec éclairage allumé,En agglomération,Intersection en X,Normale,Deux véhicules - côté,4,2,4,0,1,1,1,0,1,50,2,2,1,0,0,1,28.0,23.0,voiture,deux_roues,5,2,2,1,3
202300036050,2023-05-20 14:25:00,2023,5,20,14,25,09,09272,La plaine - route départemente 609,42.921141,1.656575,Plein jour,Hors agglomération,Intersection en T,Normale,Deux véhicules - frontale,3,2,2,0,1,1,1,0,1,80,2,3,2,0,1,0,16.0,24.0,deux_roues,voiture,1,1,3,1,1
202300036050,2023-05-20 14:25:00,2023,5,20,14,25,09,09272,La plaine - route départemente 609,42.921141,1.656575,Plein jour,Hors agglomération,Intersection en T,Normale,Deux véhicules - frontale,3,2, -1,-1,1,1,1,0,1,-1,2,3,2,0,1,0,16.0,24.0,deux_roues,voiture,1,1,3,1,1
202300036051,2023-11-08 20:05:00,2023,11,8,20,5,11,11076,2 Rue des Batailleries,43.314859,1.959182,Nuit avec éclairage allumé,En agglomération,Intersection en X,Normale,Sans collision,4,1, -1,-1,1,1,1,0,1,-1,1,2,0,0,1,1,64.0,,deux_roues,,5,2,2,1,7
202300036051,2023-11-08 20:05:00,2023,11,8,20,5,11,11076,2 Rue des Batailleries,43.314859,1.959182,Nuit avec éclairage allumé,En agglomération,Intersection en X,Normale,Sans collision,4,1,1,0,2,3,1,0,1,50,1,2,0,0,1,1,64.0,,deux_roues,,5,2,2,1,7
202300036052,2023-06-24 16:45:00,2023,6,24,16,45,53,53096,La foucherie,48.330755,-0.924976,Plein jour,Hors agglomération,Hors intersection,Normale,Deux véhicules - arrière,3,2,2,0,1,3,1,0,1,80,2,2,1,0,1,0,45.0,24.0,deux_roues,voiture,1,1,1,1,2
202300036053,2023-06-23 11:45:00,2023,6,23,11,45,40,40046,Avenue Marechal Lyautey,44.390456,-1.160305,Plein jour,En agglomération,Hors intersection,Normale,Autre collision,3,2,2,0,1,1,1,0,1,50,1,2,1,0,1,0,75.0,,voiture,,1,2,1,1,6
202300036054,2023-02-28 16:50:00,2023,2,28,16,50,93,93008,Avenue Paul Vaillant - Couturier / Rue d'Odessa,48.90580163,2.46518016,Plein jour,En agglomération,Intersection en T,Normale,Deux véhicules - côté,3,1,1,0,1,1,1,0,1,50,2,3,2,0,0,1,33.0,40.0,voiture,deux_roues,1,2,3,1,3
202300036054,2023-02-28 16:50:00,2023,2,28,16,50,93,93008,Avenue Paul Vaillant - Couturier / Rue d'Odessa,48.90580163,2.46518016,Plein jour,En agglomération,Intersection en T,Normale,Deux véhicules - côté,3,1,3,3,1,1,1,0,1,50,2,3,2,0,0,1,33.0,40.0,voiture,deux_roues,1,2,3,1,3
202300036055,2023-05-19 16:15:00,2023,5,19,16,15,09,09216,D15,42.996652,1.446843,Plein jour,Hors agglomération,Hors intersection,Temps couvert,Deux véhicules - frontale,3,2,2,0,1,1,2,0,1,80,2,3,1,0,0,2,19.0,44.0,voiture,voiture,1,1,1,8,1
202300036056,2023-05-06 19:00:00,2023,5,6,19,0,30,30114,107,43.827995,4.105287,Plein jour,Hors agglomération,Autre intersection,Normale,Autre collision,3,2,2,0,1,2,1,0,3,80,1,1,0,0,1,0,43.0,,voiture,,1,1,9,1,6
202300036057,2023-11-09 12:20:00,2023,11,9,12,20,26,26084,Autoroute A7 PK 63.750,44.990359,4.881191,Plein jour,Hors agglomération,Hors intersection,Pluie légère,Deux véhicules - côté,1,3,3,0,1,1,2,0,1,110,2,3,1,0,0,2,76.0,39.0,voiture,voiture,1,1,1,2,3
202300036058,2023-04-08 18:25:00,2023,4,8,18,25,12,12202,MONTPELLIER (AVENUE DE),44.34954,2.58219,Plein jour,Hors agglomération,Hors intersection,Normale,Trois véhicules et plus - collisions multiples,3,2,2,0,2,2,1,0,1,50,3,8,2,0,0,6,32.0,42.0,voiture,voiture,1,1,1,1,5
202300036059,2023-02-28 17:00:00,2023,2,28,17,0,93,93050,LEON BLUM (AVENUE),48.86972651,2.53906819,Plein jour,En agglomération,Autre intersection,Normale,Deux véhicules - côté,3,2,2,0,1,1,1,0,1,50,2,3,1,0,0,2,20.0,44.0,deux_roues,voiture,1,2,9,1,3
202300036060,2023-06-24 15:20:00,2023,6,24,15,20,88,88426,4 Rue du Stade,47.853587,6.812671,Plein jour,En agglomération,Intersection en X,Normale,Deux véhicules - côté,4,2,2,0,2,1,1,5,1,50,2,2,1,0,1,0,52.0,30.0,deux_roues,voiture,1,2,2,1,3
202300036060,2023-06-24 15:20:00,2023,6,24,15,20,88,88426,4 Rue du Stade,47.853587,6.812671,Plein jour,En agglomération,Intersection en X,Normale,Deux véhicules - côté,4,2, -1,3,1,1,1,5,1,-1,2,2,1,0,1,0,52.0,30.0,deux_roues,voiture,1,2,2,1,3
202300036061,2023-05-19 16:50:00,2023,5,19,16,50,33,33328,D121e4,44.929849,-0.213724,Plein jour,Hors agglomération,Intersection en X,Normale,Deux véhicules - côté,3,2,2,0,1,1,1,0,1,50,2,2,0,0,0,2,32.0,26.0,voiture,voiture,1,1,2,1,3
202300036061,2023-05-19 16:50:00,2023,5,19,16,50,33,33328,D121e4,44.929849,-0.213724,Plein jour,Hors agglomération,Intersection en X,Normale,Deux véhicules - côté,3,2, -1,-1,1,1,1,0,1,50,2,2,0,0,0,2,32.0,26.0,voiture,voiture,1,1,2,1,3
202300036062,2023-11-08 12:30:00,2023,11,8,12,30,88,88483,D36,48.190526,6.36882,Plein jour,En agglomération,Giratoire,Pluie légère,Deux véhicules - côté,3,1,2,0,1,2,2,0,1,50,2,2,1,0,1,0,54.0,16.0,voiture,deux_roues,1,2,6,2,3
202300036062,2023-11-08 12:30:00,2023,11,8,12,30,88,88483,D36,48.190526,6.36882,Plein jour,En agglomération,Giratoire,Pluie légère,Deux véhicules - côté,3,2,2,0,1,1,2,5,1,50,2,2,1,0,1,0,54.0,16.0,voiture,deux_roues,1,2,6,2,3
202300036063,2023-06-23 19:25:00,2023,6,23,19,25,88,88027,gr la grande rue,48.315903,6.531265,Plein jour,Hors agglomération,Hors intersection,Normale,Autre collision,4,2,2,0,1,1,1,0,3,80,1,1,0,1,0,0,24.0,,voiture,,1,1,1,1,6
202300036064,2023-02-28 10:00:00,2023,2,28,10,0,92,92078,JEAN JAURES (RUE) (N°PAIRS),48.9325762,2.32541262,Plein jour,Hors agglomération,Hors intersection,Normale,Autre collision,3,-1,4,0,1,3,1,0,1,50,1,1,0,0,0,1,39.0,,voiture,,1,1,1,1,6
202300036065,2023-04-10 17:00:00,2023,4,10,17,0,10,10387,ROBERT SCHUMANN (RUE),48.31013976,4.0972808,Plein jour,En agglomération,Intersection en T,Normale,Deux véhicules - côté,4,2,2,0,1,1,1,0,1,50,2,3,2,0,0,1,26.0,76.0,voiture,voiture,1,2,3,1,3
202300036065,2023-04-10 17:00:00,2023,4,10,17,0,10,10387,ROBERT SCHUMANN (RUE),48.31013976,4.0972808,Plein jour,En agglomération,Intersection en T,Normale,Deux véhicules - côté,4,2,2,0,1,1,1,0,1,50,2,3,2,0,0,1,26.0,76.0,voiture,voiture,1,2,3,1,3
202300036066,2023-06-23 16:04:00,2023,6,23,16,4,42,42108,A72,45.605373,4.207898,Plein jour,Hors agglomération,Hors intersection,Normale,Autre collision,1,1,1,0,1,1,1,9,4,50,1,1,0,0,0,1,20.0,,utilitaire_camion,,1,1,1,1,6
202300036067,2023-06-24 10:30:00,2023,6,24,10,30,51,51027,A4 PK 199.049 vers PARIS,49.05816391,4.6959177,Plein jour,Hors agglomération,Hors intersection,Normale,Sans collision,1,3,4,0,2,1,1,0,3,130,1,2,0,2,0,0,54.0,,voiture,,1,1,1,1,7
202300036068,2023-02-28 18:55:00,2023,2,28,18,55,92,92050,PICASSO PABLO AVENUE,48.89031779,2.21774966,Nuit avec éclairage allumé,En agglomération,Intersection en T,Normale,Deux véhicules - côté,4,2,2,0,1,1,1,0,1,50,2,2,1,0,1,0,58.0,22.0,voiture,deux_roues,5,2,3,1,3
202300036068,2023-02-28 18:55:00,2023,2,28,18,55,92,92050,PICASSO PABLO AVENUE,48.89031779,2.21774966,Nuit avec éclairage allumé,En agglomération,Intersection en T,Normale,Deux véhicules - côté,4,2,1,0,1,1,1,0,6,50,2,2,1,0,1,0,58.0,22.0,voiture,deux_roues,5,2,3,1,3
202300036069,2023-04-06 21:35:00,2023,4,6,21,35,10,10387,REPUBLIQUE (RUE DE LA ),48.29873,4.07353,Nuit avec éclairage allumé,En agglomération,Hors intersection,Normale,Autre collision,4,2,0,0,1,1,1,0,1,50,1,2,1,0,0,1,22.0,,voiture,,5,2,1,1,6
202300036070,2023-05-19 20:30:00,2023,5,19,20,30,22,22213,RD12,48.53456,-2.01155,Plein jour,Hors agglomération,Intersection en T,Normale,Deux véhicules - côté,2,2,2,0,1,1,1,3,1,80,2,2,1,0,1,0,46.0,17.0,voiture,deux_roues,1,1,3,1,3
202300036070,2023-05-19 20:30:00,2023,5,19,20,30,22,22213,RD12,48.53456,-2.01155,Plein jour,Hors agglomération,Intersection en T,Normale,Deux véhicules - côté,2,1,2,0,2,1,1,3,1,-1,2,2,1,0,1,0,46.0,17.0,voiture,deux_roues,1,1,3,1,3
202300036071,2023-04-10 20:10:00,2023,4,10,20,10,09,09122,LABISTOUR (RUE),42.96555,1.60803,Plein jour,En agglomération,Autre intersection,Normale,Autre collision,4,1,0,0,2,1,1,0,1,50,1,2,1,0,0,1,15.0,,deux_roues,,1,2,9,1,6
202300036072,2023-06-23 16:20:00,2023,6,23,16,20,51,51454,A344,49.227758,4.05212,Plein jour,Hors agglomération,Hors intersection,Normale,Trois véhicules et plus - en chaîne,1,3,3,0,1,1,1,0,1,90,4,5,3,0,0,2,64.0,35.0,voiture,voiture,1,1,1,1,4
202300036073,2023-02-26 16:20:00,2023,2,26,16,20,92,92036,RICHELIEU (RUE),48.9303098,2.29350463,Plein jour,En agglomération,Intersection en T,Normale,Autre collision,4,1,1,0,1,1,1,0,1,50,2,2,1,0,0,1,42.0,,deux_roues,voiture,1,2,3,1,6
202300036074,2023-05-20 18:50:00,2023,5,20,18,50,22,22054,D786,48.612707,-2.448318,Plein jour,Hors agglomération,Intersection en X,Normale,Deux véhicules - côté,3,2,2,0,1,3,1,0,1,80,2,4,2,0,2,0,66.0,21.0,voiture,deux_roues,1,1,2,1,3
202300036074,2023-05-20 18:50:00,2023,5,20,18,50,22,22054,D786,48.612707,-2.448318,Plein jour,Hors agglomération,Intersection en X,Normale,Deux véhicules - côté,3,2,2,0,2,1,9,0,1,-1,2,4,2,0,2,0,66.0,21.0,voiture,deux_roues,1,1,2,1,3
202300036075,2023-10-31 11:35:00,2023,10,31,11,35,26,26347,Avenue du President Roosevelt,45.069379,4.841088,Plein jour,En agglomération,Intersection en Y,Temps couvert,Deux véhicules - côté,2,2,3,0,1,1,1,0,1,50,2,2,1,0,1,0,56.0,76.0,utilitaire_camion,deux_roues,1,2,4,8,3
202300036075,2023-10-31 11:35:00,2023,10,31,11,35,26,26347,Avenue du President Roosevelt,45.069379,4.841088,Plein jour,En agglomération,Intersection en Y,Temps couvert,Deux véhicules - côté,2,2,3,0,1,1,1,0,1,50,2,2,1,0,1,0,56.0,76.0,utilitaire_camion,deux_roues,1,2,4,8,3
202300036076,2023-06-24 10:00:00,2023,6,24,10,0,13,13114,Route de Roquefavour Rd 65,43.516712,5.304095,Plein jour,Hors agglomération,Hors intersection,Normale,Trois véhicules et plus - collisions multiples,3,4,2,0,1,1,1,1,1,70,3,3,2,0,0,1,26.0,32.0,utilitaire_camion,voiture,1,1,1,1,5
202300036077,2023-04-11 15:10:00,2023,4,11,15,10,06,06088,PENETRANTE DU PAILLON,43.73276,7.29041,Plein jour,Hors agglomération,Hors intersection,Normale,Deux véhicules - frontale,7,2,0,0,1,1,1,0,1,70,2,2,1,0,1,0,53.0,68.0,utilitaire_camion,voiture,1,1,1,1,1