accident_id,datetime,annee,mois,jour,heure,minute,departement,commune_insee,adresse,latitude,longitude,luminosite,agglomeration,intersection,meteo,collision,catr,circ,nbv,vosp,prof,plan,surf,infra,situ,vma,nb_vehicules,nb_usagers,nb_indemnes,nb_tues,nb_blesses_hosp,nb_blesses_legers,age_cond_1,age_cond_2,veh_type_cond_1,veh_type_cond_2,lum_code,agg_code,int_code,atm_code,col_code
202300036155,2023-11-08 05:45:00,2023,11,8,5,45,78,78007,A13 Y,48.897541,2.006053,Nuit sans éclairage public,Hors agglomération,Hors intersection,Normale,Deux véhicules - arrière,1,1,2,0,2,1,1,0,1,110,2,2,0,0,0,2,30.0,56.0,voiture,voiture,3,1,1,1,2
202300036156,2023-03-01 19:20:00,2023,3,1,19,20,42,42224,Route du Col de la Republique,45.35305,4.469432,Nuit sans éclairage public,Hors agglomération,Hors intersection,Normale,Autre collision,3,2,2,0,1,1,1,0,3,80,1,2,1,0,0,1,80.0,,voiture,,3,1,1,1,6
202300036157,2023-05-17 11:38:00,2023,5,17,11,38,92,92072,N118,48.81513791,2.21468284,Plein jour,Hors agglomération,Hors intersection,Normale,Trois véhicules et plus - collisions multiples,2,-1,3,0,2,1,1,0,1,90,3,3,2,0,1,0,59.0,75.0,deux_roues,voiture,1,1,1,1,5
202300036158,2023-02-28 13:17:00,2023,2,28,13,17,46,46072,D12,44.68247711,1.3704586,Plein jour,Hors agglomération,Hors intersection,Normale,Sans collision,3,2,2,0,1,1,1,0,1,80,1,1,0,0,1,0,60.0,,voiture,,1,1,1,1,7
202300036159,2023-11-08 00:45:00,2023,11,8,0,45,92,92050,A14,48.90003871,2.21071229,Nuit avec éclairage allumé,Hors agglomération,Hors intersection,Normale,Deux véhicules - arrière,1,1,2,0,2,1,1,1,1,70,2,2,0,0,0,2,38.0,41.0,voiture,voiture,5,1,1,1,2
202300036160,2023-06-24 10:50:00,2023,6,24,10,50,64,64139,D24,43.22341,-0.358815,Plein jour,Hors agglomération,Hors intersection,Normale,Deux véhicules - arrière,3,2,2,0,2,2,1,0,1,70,2,2,1,0,1,0,69.0,69.0,voiture,deux_roues,1,1,1,1,2
202300036161,2023-04-10 02:58:00,2023,4,10,2,58,28,28134,ORIELS (RUE DES),48.73861,1.39248,Nuit avec éclairage allumé,En agglomération,Intersection en T,Normale,Deux véhicules - côté,4,2,2,0,1,1,1,0,1,50,2,6,1,0,0,5,20.0,25.0,voiture,voiture,5,2,3,1,3
202300036161,2023-04-10 02:58:00,2023,4,10,2,58,28,28134,ORIELS (RUE DES),48.73861,1.39248,Nuit avec éclairage allumé,En agglomération,Intersection en T,Normale,Deux véhicules - côté,4,2,2,0,1,1,1,0,1,50,2,6,1,0,0,5,20.0,25.0,voiture,voiture,5,2,3,1,3
202300036162,2023-05-19 20:20:00,2023,5,19,20,20,95,95241,N104,49.04733,2.46888,Plein jour,Hors agglomération,Hors intersection,Normale,Deux véhicules - arrière,2,3,2,0,1,1,1,0,1,110,2,2,1,0,0,1,31.0,33.0,utilitaire_camion,utilitaire_camion,1,1,1,1,2
202300036163,2023-06-23 15:57:00,2023,6,23,15,57,29,29058,Route de Mestrezec,47.868142,-4.046698,Plein jour,Hors agglomération,Hors intersection,Normale,Autre collision,3,2,2,0,1,1,1,0,3,70,1,2,1,0,1,0,32.0,,voiture,,1,1,1,1,6
202300036164,2023-11-07 08:50:00,2023,11,7,8,50,78,78043,A13W,48.845101,2.086656,Plein jour,Hors agglomération,Hors intersection,Normale,Deux véhicules - côté,1,-1,2,0,1,1,1,0,1,110,2,2,1,0,0,1,30.0,32.0,voiture,utilitaire_camion,1,1,1,1,3
202300036165,2023-06-23 20:10:00,2023,6,23,20,10,22,22045,Kerlabo,48.443736,-2.946353,Crépuscule ou aube,Hors agglomération,Hors intersection,Normale,Sans collision,4,2,2,0,1,1,9,0,3,80,1,1,0,0,1,0,46.0,,deux_roues,,2,1,1,1,7
202300036166,2023-02-28 23:00:00,2023,2,28,23,0,41,41151,Boulevard Philippe Auguste,47.343799,1.184843,Nuit avec éclairage allumé,En agglomération,Intersection en Y,Normale,Autre collision,3,2,2,0,4,3,1,0,4,50,1,4,3,1,0,0,63.0,,voiture,,5,2,4,1,6
202300036166,2023-02-28 23:00:00,2023,2,28,23,0,41,41151,Boulevard Philippe Auguste,47.343799,1.184843,Nuit avec éclairage allumé,En agglomération,Intersection en Y,Normale,Autre collision,3,2, -1,-1,-1,-1,-1,-1,-1,-1,1,4,3,1,0,0,63.0,,voiture,,5,2,4,1,6
202300036167,2023-11-08 19:50:00,2023,11,8,19,50,92,92036,AUTOROUTE A86,48.93835245,2.31353259,Nuit sans éclairage public,Hors agglomération,Hors intersection,Pluie légère,Deux véhicules - arrière,1,3,4,0,1,1,2,0,1,90,2,2,1,0,0,1,20.0,32.0,voiture,voiture,3,1,1,2,2
202300036168,2023-06-24 08:40:00,2023,6,24,8,40,35,35360,lieu dit blairie,48.104268,-1.162021,Plein jour,Hors agglomération,Intersection en X,Normale,Deux véhicules - côté,4,2,2,0,2,3,1,0,1,70,2,2,1,1,0,0,63.0,33.0,voiture,deux_roues,1,1,2,1,3
202300036168,2023-06-24 08:40:00,2023,6,24,8,40,35,35360,lieu dit blairie,48.104268,-1.162021,Plein jour,Hors agglomération,Intersection en X,Normale,Deux véhicules - côté,4,2, -1,0,1,3,1,0,1,80,2,2,1,1,0,0,63.0,33.0,voiture,deux_roues,1,1,2,1,3
202300036169,2023-04-10 02:30:00,2023,4,10,2,30,17,17380,TAMARIS (AVENUE DES),45.651927,-1.121734,Nuit sans éclairage public,Hors agglomération,Intersection en T,Temps couvert,Deux véhicules - côté,4,3,2,0,1,1,1,0,1,80,2,5,3,0,0,2,48.0,22.0,voiture,voiture,3,1,3,8,3
202300036169,2023-04-10 02:30:00,2023,4,10,2,30,17,17380,TAMARIS (AVENUE DES),45.651927,-1.121734,Nuit sans éclairage public,Hors agglomération,Intersection en T,Temps couvert,Deux véhicules - côté,4,3,2,2,1,3,1,9,1,80,2,5,3,0,0,2,48.0,22.0,voiture,voiture,3,1,3,8,3
202300036170,2023-02-01 12:00:00,2023,2,1,12,0,34,34284,Grand'Rue,43.488389,2.761039,Plein jour,En agglomération,Hors intersection,Normale,Autre collision,3,2,2,0,1,1,1,6,1,30,1,2,1,0,1,0,40.0,,utilitaire_camion,,1,2,1,1,6
202300036171,2023-05-11 12:30:00,2023,5,11,12,30,27,27249,D177 - D69,49.175055,1.258385,Plein jour,Hors agglomération,Intersection en X,Normale,Deux véhicules - côté,3,2,2,0,1,1,1,0,1,-1,2,2,0,0,0,2,77.0,53.0,voiture,voiture,1,1,2,1,3
202300036171,2023-05-11 12:30:00,2023,5,11,12,30,27,27249,D177 - D69,49.175055,1.258385,Plein jour,Hors agglomération,Intersection en X,Normale,Deux véhicules - côté,3,2,2,0,1,1,1,0,1,-1,2,2,0,0,0,2,77.0,53.0,voiture,voiture,1,1,2,1,3
202300036172,2023-02-27 08:10:00,2023,2,27,8,10,29,29212,rue des Myosotis,48.373884,-4.584222,Plein jour,En agglomération,Intersection en T,Normale,Deux véhicules - frontale,4,2,2,0,1,1,1,5,1,-1,2,2,1,0,1,0,43.0,48.0,voiture,deux_roues,1,2,3,1,1
202300036172,2023-02-27 08:10:00,2023,2,27,8,10,29,29212,rue des Myosotis,48.373884,-4.584222,Plein jour,En agglomération,Intersection en T,Normale,Deux véhicules - frontale,4,2,2,0,1,1,1,5,1,50,2,2,1,0,1,0,43.0,48.0,voiture,deux_roues,1,2,3,1,1
202300036173,2023-11-08 16:20:00,2023,11,8,16,20,93,93027,AUTOROUTE A1,48.93877,2.41647,Plein jour,Hors agglomération,Hors intersection,Normale,Deux véhicules - arrière,1,3,4,0,1,1,1,0,1,90,2,2,1,0,0,1,20.0,30.0,utilitaire_camion,utilitaire_camion,1,1,1,1,2
202300036174,2023-04-10 23:20:00,2023,4,10,23,20,15,15014,Parking de la Jordanne,44.9141154,2.441772,Nuit avec éclairage allumé,En agglomération,Autre intersection,Normale,Deux véhicules - frontale,6,-1,0,0,1,1,1,0,1,30,2,2,1,0,0,1,23.0,23.0,voiture,deux_roues,5,2,9,1,1
202300036175,2023-06-24 00:35:00,2023,6,24,0,35,60,60504,D1001,49.346548,2.187976,Nuit sans éclairage public,Hors agglomération,Hors intersection,Normale,Deux véhicules - arrière,3,3,0,0,1,1,1,9,1,110,2,2,1,0,0,1,26.0,40.0,voiture,deux_roues,3,1,1,1,2
202300036176,2023-02-27 16:50:00,2023,2,27,16,50,29,29069,rue Charles de Gaulle,48.423911,-4.557384,Plein jour,En agglomération,Intersection en T,Normale,Deux véhicules - frontale,4,2, -1,-1,1,1,1,5,1,-1,2,2,1,0,1,0,18.0,61.0,deux_roues,voiture,1,2,3,1,1
202300036176,2023-02-27 16:50:00,2023,2,27,16,50,29,29069,rue Charles de Gaulle,48.423911,-4.557384,Plein jour,En agglomération,Intersection en T,Normale,Deux véhicules - frontale,4,2,2,0,1,1,1,5,1,50,2,2,1,0,1,0,18.0,61.0,deux_roues,voiture,1,2,3,1,1
202300036177,2023-11-08 17:10:00,2023,11,8,17,10,95,95527,A1,48.99136,2.51183,Plein jour,Hors agglomération,Hors intersection,Pluie légère,Deux véhicules - arrière,1,3,3,0,1,1,2,0,1,110,2,2,1,0,0,1,31.0,41.0,utilitaire_camion,voiture,1,1,1,2,2
202300036178,2023-10-22 05:50:00,2023,10,22,5,50,95,95212,N104,49.02922,2.53342,Nuit sans éclairage public,Hors agglomération,Hors intersection,Pluie légère,Autre collision,2,3,1,0,1,1,2,0,1,90,1,2,1,1,0,0,,,autre,,3,1,1,2,6
202300036179,2023-04-10 07:40:00,2023,4,10,7,40,13,13215,SAINT ANTOINE A SAINT JOSEPH (CHEMIN DE),43.35318,5.37223,Plein jour,En agglomération,Giratoire,Normale,Trois véhicules et plus - collisions multiples,4,2,2,0,1,1,1,0,1,50,2,3,2,0,0,1,26.0,,voiture,voiture,1,2,6,1,5
202300036179,2023-04-10 07:40:00,2023,4,10,7,40,13,13215,SAINT ANTOINE A SAINT JOSEPH (CHEMIN DE),43.35318,5.37223,Plein jour,En agglomération,Giratoire,Normale,Trois véhicules et plus - collisions multiples,4,2,4,0,1,1,1,0,1,50,2,3,2,0,0,1,26.0,,voiture,voiture,1,2,6,1,5
202300036180,2023-02-27 15:45:00,2023,2,27,15,45,38,38267,Route Napoléon,45.427834,5.313333,Plein jour,Hors agglomération,Intersection en X,Normale,Deux véhicules - côté,3,2,2,0,1,1,1,0,1,90,2,2,1,0,0,1,,51.0,voiture,voiture,1,1,2,1,3
202300036180,2023-02-27 15:45:00,2023,2,27,15,45,38,38267,Route Napoléon,45.427834,5.313333,Plein jour,Hors agglomération,Intersection en X,Normale,Deux véhicules - côté,3,2,2,0,1,1,1,0,1,80,2,2,1,0,0,1,,51.0,voiture,voiture,1,1,2,1,3
202300036181,2023-06-17 02:18:00,2023,6,17,2,18,13,13211,A50-Sens Marseille vers Aubagne,43.28811811,5.44227981,Nuit sans éclairage public,Hors agglomération,Hors intersection,Normale,Trois véhicules et plus - collisions multiples,1,1,3,0,1,1,1,0,1,90,3,6,4,0,0,2,36.0,20.0,utilitaire_camion,voiture,3,1,1,1,5
202300036182,2023-11-08 18:40:00,2023,11,8,18,40,94,94065,N186,48.75368062,2.3685413,Nuit sans éclairage public,Hors agglomération,Hors intersection,Normale,Deux véhicules - côté,2,-1,2,0,1,1,1,0,1,90,2,2,1,0,0,1,32.0,32.0,voiture,deux_roues,3,1,1,1,3
202300036183,2023-02-28 18:30:00,2023,2,28,18,30,03,03082,23 Rue du Bois,46.290802,2.735392,Crépuscule ou aube,En agglomération,Intersection en T,Normale,Deux véhicules - côté,3,2,2,0,1,1,1,0,1,50,2,2,1,0,1,0,16.0,60.0,deux_roues,voiture,2,2,3,1,3
202300036183,2023-02-28 18:30:00,2023,2,28,18,30,03,03082,23 Rue du Bois,46.290802,2.735392,Crépuscule ou aube,En agglomération,Intersection en T,Normale,Deux véhicules - côté,3,2,2,0,1,1,1,0,1,50,2,2,1,0,1,0,16.0,60.0,deux_roues,voiture,2,2,3,1,3
202300036184,2023-02-28 16:00:00,2023,2,28,16,0,70,70326,RN 57 PK 67+220,47.44808,6.077124,Plein jour,Hors agglomération,Hors intersection,Normale,Trois véhicules et plus - collisions multiples,2,2,2,0,1,1,1,0,1,80,3,4,2,0,2,0,39.0,53.0,voiture,utilitaire_camion,1,1,1,1,5
202300036185,2023-04-10 18:25:00,2023,4,10,18,25,13,13001,POMPIDOU GEORGES (AVENUE),43.52729,5.43912,Plein jour,En agglomération,Intersection en X,Normale,Deux véhicules - côté,4,-1,1,0,1,1,1,0,1,50,2,2,1,0,1,0,20.0,35.0,voiture,deux_roues,1,2,2,1,3
202300036185,2023-04-10 18:25:00,2023,4,10,18,25,13,13001,POMPIDOU GEORGES (AVENUE),43.52729,5.43912,Plein jour,En agglomération,Intersection en X,Normale,Deux véhicules - côté,4,3,4,0,2,1,1,0,1,50,2,2,1,0,1,0,20.0,35.0,voiture,deux_roues,1,2,2,1,3
202300036186,2023-11-08 18:40:00,2023,11,8,18,40,77,77294,A104,48.9619319,2.61610299,Nuit sans éclairage public,Hors agglomération,Hors intersection,Normale,Deux véhicules - côté,1,1,2,0,1,1,2,0,1,90,2,2,1,0,0,1,28.0,48.0,deux_roues,voiture,3,1,1,1,3
202300036187,2023-03-01 13:15:00,2023,3,1,13,15,26,26118,Chemin de Beauregard,45.30618,4.958031,Plein jour,Hors agglomération,Hors intersection,Normale,Autre collision,3,2,1,0,1,1,1,0,1,80,1,1,0,0,1,0,29.0,,utilitaire_camion,,1,1,1,1,6
202300036188,2023-06-22 14:15:00,2023,6,22,14,15,38,38184,A43   15.971 A 18.875,45.66116314,5.07060397,Plein jour,Hors agglomération,Hors intersection,Normale,Trois véhicules et plus - collisions multiples,1,3,4,0,1,1,1,0,1,130,3,5,0,2,2,1,42.0,20.0,voiture,voiture,1,1,1,1,5
202300036189,2023-11-08 10:15:00,2023,11,8,10,15,94,94017,A4,48.83020089,2.495767,Plein jour,Hors agglomération,Hors intersection,Normale,Deux véhicules - côté,1,3,3,0,1,1,1,0,1,90,2,2,1,0,0,1,,35.0,voiture,deux_roues,1,1,1,1,3
202300036190,2023-02-28 09:15:00,2023,2,28,9,15,64,64250,2940 Route de l' Adour - RD 261,43.524422,-1.227452,Plein jour,Hors agglomération,Hors intersection,Normale,Deux véhicules - côté,3,2,2,0,1,1,1,0,8,70,2,2,1,0,1,0,36.0,40.0,voiture,utilitaire_camion,1,1,1,1,3
202300036191,2023-04-10 12:50:00,2023,4,10,12,50,06,06088,BARBERIS (RUE),43.704481,7.285479,Plein jour,En agglomération,Intersection en X,Normale,Deux véhicules - côté,4,1,1,0,1,1,1,0,1,50,2,2,1,0,1,0,51.0,28.0,deux_roues,voiture,1,2,2,1,3
202300036191,2023-04-10 12:50:00,2023,4,10,12,50,06,06088,BARBERIS (RUE),43.704481,7.285479,Plein jour,En agglomération,Intersection en X,Normale,Deux véhicules - côté,4,1,2,0,1,1,1,0,1,50,2,2,1,0,1,0,51.0,28.0,deux_roues,voiture,1,2,2,1,3
202300036192,2023-06-20 21:19:00,2023,6,20,21,19,67,67471,M35,48.63206,7.72371,Plein jour,Hors agglomération,Autre intersection,Normale,Deux véhicules - arrière,7,3,3,0,1,2,1,0,1,90,2,2,1,0,0,1,56.0,27.0,voiture,voiture,1,1,9,1,2
202300036193,2023-02-28 16:00:00,2023,2,28,16,0,18,18135,,46.634977,2.187164,Plein jour,Hors agglomération,Autre intersection,Normale,Sans collision,3,2,2,0,1,1,1,2,3,80,1,2,0,0,2,0,79.0,,voiture,,1,1,9,1,7
202300036194,2023-11-08 08:00:00,2023,11,8,8,0,94,94028,A86,48.79871719,2.44499982,Crépuscule ou aube,Hors agglomération,Hors intersection,Normale,Deux véhicules - côté,1,-1,4,0,1,1,1,0,1,90,2,2,1,0,0,1,45.0,26.0,voiture,deux_roues,2,1,1,1,3
202300036195,2023-06-23 07:40:00,2023,6,23,7,40,33,33487,AUTOROUTE A 10,44.95422003,-0.45603991,Plein jour,Hors agglomération,Hors intersection,Normale,Trois véhicules et plus - en chaîne,1,3,6,0,2,1,1,2,1,130,3,3,2,0,0,1,24.0,45.0,voiture,voiture,1,1,1,1,4
202300036196,2023-03-01 05:30:00,2023,3,1,5,30,85,85147,D8,46.73481582,-0.77834789,Nuit sans éclairage public,Hors agglomération,Hors intersection,Normale,Autre collision,3,2,2,0,1,1,1,0,3,80,1,1,0,1,0,0,52.0,,voiture,,3,1,1,1,6
202300036197,2023-06-21 23:10:00,2023,6,21,23,10,62,62548,A16,50.93732,1.94993,Nuit sans éclairage public,Hors agglomération,Hors intersection,Normale,Deux véhicules - arrière,1,-1,2,0,1,1,1,0,1,130,2,3,1,0,1,1,21.0,31.0,voiture,utilitaire_camion,3,1,1,1,2
202300036198,2023-11-07 18:55:00,2023,11,7,18,55,77,77058,A4,48.82968442,2.71123662,Nuit sans éclairage public,Hors agglomération,Hors intersection,Normale,Trois véhicules et plus - collisions multiples,1,3,6,0,1,1,1,0,1,130,3,4,2,1,0,1,71.0,27.0,deux_roues,voiture,3,1,1,1,5
202300036199,2023-02-27 12:30:00,2023,2,27,12,30,67,67471,67 Route de Brumath,48.62796391,7.72938609,Plein jour,En agglomération,Hors intersection,Normale,Autre collision,7,2,2,0,1,1,1,0,1,50,1,2,1,0,0,1,65.0,,voiture,,1,2,1,1,6
202300036200,2023-04-09 13:15:00,2023,4,9,13,15,75,75120,PORTE DE MONTREUIL,48.851873,2.414958,Plein jour,En agglomération,Hors intersection,Normale,Trois véhicules et plus - collisions multiples,4,1,4,0,1,1,1,0,1,70,3,3,2,0,0,1,62.0,34.0,voiture,voiture,1,2,1,1,5
202300036201,2023-03-27 15:15:00,2023,3,27,15,15,06,06069,PEGOMAS (ROUTE DE),43.623006,6.925819,Plein jour,Hors agglomération,Hors intersection,Normale,Deux véhicules - côté,3,2,2,0,1,3,1,0,1,70,2,2,1,0,0,1,32.0,44.0,voiture,voiture,1,1,1,1,3
202300036202,2023-03-01 05:25:00,2023,3,1,5,25,971,97128,RN4 - POIRIER,16.240567,-61.370122,Nuit avec éclairage allumé,Hors agglomération,Hors intersection,Normale,Deux véhicules - frontale,2,2,2,0,2,1,1,0,1,70,2,2,0,0,1,1,56.0,17.0,voiture,voiture,5,1,1,1,1
202300036203,2023-04-11 15:20:00,2023,4,11,15,20,75,75119,PLACE DU COLONEL FABIEN,48.878026,2.370693,Plein jour,En agglomération,Place,Normale,Deux véhicules - arrière,4,2,2,0,4,1,1,0,1,30,2,2,1,0,0,1,35.0,26.0,deux_roues,deux_roues,1,2,7,1,2
202300036203,2023-04-11 15:20:00,2023,4,11,15,20,75,75119,PLACE DU COLONEL FABIEN,48.878026,2.370693,Plein jour,En agglomération,Place,Normale,Deux véhicules - arrière,4,1,3,0,1,2,1,0,1,30,2,2,1,0,0,1,35.0,26.0,deux_roues,deux_roues,1,2,7,1,2
202300036204,2023-02-28 11:00:00,2023,2,28,11,0,78,78499,D988,48.557104,1.904191,Plein jour,Hors agglomération,Intersection en X,Normale,Deux véhicules - côté,3,2,2,0,1,1,1,0,1,80,2,2,0,0,0,2,23.0,56.0,utilitaire_camion,voiture,1,1,2,1,3
202300036204,2023-02-28 11:00:00,2023,2,28,11,0,78,78499,D988,48.557104,1.904191,Plein jour,Hors agglomération,Intersection en X,Normale,Deux véhicules - côté,3,2,2,0,1,1,1,0,1,80,2,2,0,0,0,2,23.0,56.0,utilitaire_camion,voiture,1,1,2,1,3
202300036205,2023-11-07 17:50:00,2023,11,7,17,50,973,97302,BADUEL (ROUTE DE),4.93762,-52.31586,Crépuscule ou aube,En agglomération,Intersection en T,Normale,Deux véhicules - côté,3,2,2,0,1,1,1,0,1,50,2,2,1,0,0,1,53.0,16.0,voiture,deux_roues,2,2,3,1,3
202300036205,2023-11-07 17:50:00,2023,11,7,17,50,973,97302,BADUEL (ROUTE DE),4.93762,-52.31586,Crépuscule ou aube,En agglomération,Intersection en T,Normale,Deux véhicules - côté,3,-1,2,0,1,4,1,0,1,50,2,2,1,0,0,1,53.0,16.0,voiture,deux_roues,2,2,3,1,3
202300036206,2023-06-19 10:15:00,2023,6,19,10,15,59,59532,AUTOROUTE A16,50.95474733,2.14127764,Plein jour,Hors agglomération,Hors intersection,Normale,Deux véhicules - arrière,1,-1,2,0,1,1,1,0,1,130,2,2,1,0,0,1,46.0,48.0,voiture,utilitaire_camion,1,1,1,1,2
202300036207,2023-04-11 11:20:00,2023,4,11,11,20,75,75119,AVENUE JEAN JAURES,48.882737,2.370306,Plein jour,En agglomération,Intersection en X,Normale,Deux véhicules - côté,4,2,4,0,1,1,1,0,1,30,2,2,1,0,0,1,,29.0,utilitaire_camion,deux_roues,1,2,2,1,3
202300036207,2023-04-11 11:20:00,2023,4,11,11,20,75,75119,AVENUE JEAN JAURES,48.882737,2.370306,Plein jour,En agglomération,Intersection en X,Normale,Deux véhicules - côté,4,2,0,0,1,1,1,0,1,30,2,2,1,0,0,1,,29.0,utilitaire_camion,deux_roues,1,2,2,1,3
202300036208,2023-06-23 19:40:00,2023,6,23,19,40,77,77122,RN 105,48.65386277,2.61594443,Plein jour,Hors agglomération,Hors intersection,Normale,Autre collision,1,1,4,0,1,2,1,0,1,70,1,1,0,0,0,1,54.0,,deux_roues,,1,1,1,1,6
202300036209,2023-02-28 22:45:00,2023,2,28,22,45,07,07348,630 Route de Ruoms,44.536382,4.417486,Nuit avec éclairage allumé,En agglomération,Hors intersection,Normale,Deux véhicules - frontale,3,2,2,0,1,1,1,0,1,50,2,2,0,1,0,1,27.0,28.0,voiture,voiture,5,2,1,1,1
202300036210,2023-11-07 05:55:00,2023,11,7,5,55,973,97302,MONTABO (ROUTE DE) 1,4.94491,-52.31153,Crépuscule ou aube,En agglomération,Hors intersection,Normale,Deux véhicules - côté,3,2,2,0,1,1,2,0,1,50,2,2,1,0,0,1,70.0,36.0,voiture,deux_roues,2,2,1,1,3
202300036211,2023-06-23 10:50:00,2023,6,23,10,50,92,92025,A86,48.9238663,2.22972613,Plein jour,Hors agglomération,Hors intersection,Normale,Sans collision,1,1,2,0,1,1,1,0,1,90,2,2,1,0,0,1,35.0,24.0,voiture,deux_roues,1,1,1,1,7
202300036212,2023-04-11 08:50:00,2023,4,11,8,50,75,75119,PLACE DE LA BATAILLE DE STALINGRAD,48.884029,2.368837,Plein jour,En agglomération,Intersection en X,Normale,Deux véhicules - arrière,4,-1, -1,0,1,1,1,0,1,30,2,3,2,0,0,1,35.0,27.0,deux_roues,voiture,1,2,2,1,2
202300036212,2023-04-11 08:50:00,2023,4,11,8,50,75,75119,PLACE DE LA BATAILLE DE STALINGRAD,48.884029,2.368837,Plein jour,En agglomération,Intersection en X,Normale,Deux véhicules - arrière,4,1,3,2,1,2,1,0,1,30,2,3,2,0,0,1,35.0,27.0,deux_roues,voiture,1,2,2,1,2
202300036213,2023-03-01 07:35:00,2023,3,1,7,35,33,33051,27 Avenue de la Côte d?Argent,44.633876,-0.976974,Plein jour,En agglomération,Autre intersection,Normale,Deux véhicules - arrière,3,2,2,1,1,1,1,0,1,50,2,2,1,0,0,1,40.0,49.0,deux_roues,voiture,1,2,9,1,2
202300036214,2023-11-07 10:30:00,2023,11,7,10,30,69,69387,Rue Montesquieu,45.75135,4.84488,Plein jour,En agglomération,Intersection en X,Normale,Deux véhicules - côté,4,1,1,2,1,1,1,0,1,30,2,2,1,0,0,1,83.0,27.0,voiture,deux_roues,1,2,2,1,3
202300036214,2023-11-07 10:30:00,2023,11,7,10,30,69,69387,Rue Montesquieu,45.75135,4.84488,Plein jour,En agglomération,Intersection en X,Normale,Deux véhicules - côté,4,1,1,2,1,1,1,0,1,30,2,2,1,0,0,1,83.0,27.0,voiture,deux_roues,1,2,2,1,3
202300036215,2023-06-23 15:00:00,2023,6,23,15,0,78,78297,RN12,48.788888,2.068636,Plein jour,Hors agglomération,Hors intersection,Normale,Deux véhicules - arrière,2,-1,3,0,1,1,1,0,2,90,2,2,1,0,0,1,47.0,43.0,voiture,deux_roues,1,1,1,1,2
202300036216,2023-04-11 13:00:00,2023,4,11,13,0,75,75118,BOULEVARD NEY,48.898732,2.370327,Plein jour,En agglomération,Intersection en T,Normale,Autre collision,4,1,1,1,1,1,1,9,5,-1,1,2,1,0,0,1,30.0,,deux_roues,,1,2,3,1,6
202300036216,2023-04-11 13:00:00,2023,4,11,13,0,75,75118,BOULEVARD NEY,48.898732,2.370327,Plein jour,En agglomération,Intersection en T,Normale,Autre collision,4,-1, -1,0,1,1,1,0,5,30,1,2,1,0,0,1,30.0,,deux_roues,,1,2,3,1,6
202300036217,2023-02-28 16:30:00,2023,2,28,16,30,22,22272,Avenue du Goelo,48.556894,-3.123383,Plein jour,Hors agglomération,Autre intersection,Normale,Autre collision,6,-1,0,0,1,1,1,0,1,50,1,2,1,0,1,0,19.0,,voiture,,1,1,9,1,6
202300036218,2023-11-06 09:00:00,2023,11,6,9,0,69,69383,Avenue Lacassagne,45.75057805,4.87416968,Plein jour,En agglomération,Hors intersection,Normale,Autre collision,4,1,1,3,1,1,1,0,1,30,1,2,1,0,0,1,40.0,,voiture,,1,2,1,1,6
202300036219,2023-06-23 07:00:00,2023,6,23,7,0,78,78158,A13,48.833638,2.135095,Plein jour,Hors agglomération,Hors intersection,Normale,Deux véhicules - côté,1,1,4,0,1,1,1,0,1,110,2,2,1,0,0,1,57.0,48.0,deux_roues,utilitaire_camion,1,1,1,1,3
202300036220,2023-06-22 14:45:00,2023,6,22,14,45,92,92036,AUTOROUTE A15,48.94589035,2.28373638,Plein jour,Hors agglomération,Hors intersection,Normale,Deux véhicules - arrière,1,3,4,0,1,1,1,2,1,90,2,2,1,0,0,1,29.0,33.0,utilitaire_camion,voiture,1,1,1,1,2
202300036221,2023-02-28 09:17:00,2023,2,28,9,17,60,60409,D1016,49.286982,2.468726,Plein jour,Hors agglomération,Hors intersection,Normale,Trois véhicules et plus - en chaîne,3,3,4,0,1,1,1,0,1,110,3,3,2,0,0,1,64.0,28.0,voiture,voiture,1,1,1,1,4
202300036222,2023-04-11 09:40:00,2023,4,11,9,40,75,75115,QUAI BRANLY,48.85747,2.291013,Plein jour,En agglomération,Intersection en T,Normale,Autre collision,4,-1, -1,0,1,1,1,0,1,30,1,1,0,0,0,1,28.0,,deux_roues,,1,2,3,1,6
202300036222,2023-04-11 09:40:00,2023,4,11,9,40,75,75115,QUAI BRANLY,48.85747,2.291013,Plein jour,En agglomération,Intersection en T,Normale,Autre collision,4,2,2,0,1,1,1,0,1,30,1,1,0,0,0,1,28.0,,deux_roues,,1,2,3,1,6
202300036223,2023-02-28 16:20:00,2023,2,28,16,20,13,13215,A7-Sens Marseille vers Lyon,43.342789,5.375811,Plein jour,Hors agglomération,Hors intersection,Normale,Deux véhicules - arrière,1,1,4,0,1,1,1,0,1,90,1,1,0,0,0,1,28.0,,voiture,,1,1,1,1,2
202300036224,2023-11-07 17:00:00,2023,11,7,17,0,972,97213,ROUTE DEPARTEMENTALE 15,14.65484019,-61.01155077,Plein jour,En agglomération,Hors intersection,Normale,Deux véhicules - frontale,3,2,2,0,1,1,1,0,1,70,2,2,1,0,0,1,,50.0,voiture,voiture,1,2,1,1,1
202300036225,2023-04-11 00:00:00,2023,4,11,0,0,75,75115,RUE DE VAUGIRARD,48.840415,2.304249,Nuit avec éclairage allumé,En agglomération,Intersection en X,Pluie légère,Deux véhicules - côté,4,2,1,0,1,1,2,5,1,30,2,2,1,0,0,1,33.0,68.0,deux_roues,voiture,5,2,2,2,3