accident_id,datetime,annee,mois,jour,heure,minute,departement,commune_insee,adresse,latitude,longitude,luminosite,agglomeration,intersection,meteo,collision,catr,circ,nbv,vosp,prof,plan,surf,infra,situ,vma,nb_vehicules,nb_usagers,nb_indemnes,nb_tues,nb_blesses_hosp,nb_blesses_legers,age_cond_1,age_cond_2,veh_type_cond_1,veh_type_cond_2,lum_code,agg_code,int_code,atm_code,col_code
202300036291,2023-02-27 14:10:00,2023,2,27,14,10,94,94054,Avenue Molière / Av des Martyrs de Chateaubriant,48.74888,2.40662,Plein jour,En agglomération,Intersection en T,Normale,Autre collision,3,2,2,0,1,1,1,6,1,30,1,3,1,0,0,2,56.0,,voiture,,1,2,3,1,6
202300036292,2023-04-11 09:35:00,2023,4,11,9,35,92,92004,BAS ( RUE DES ),48.9157912,2.29473978,Plein jour,En agglomération,Hors intersection,Normale,Deux véhicules - côté,4,-1,1,0,1,1,1,0,1,50,2,2,1,0,0,1,25.0,37.0,deux_roues,deux_roues,1,2,1,1,3
202300036293,2023-02-27 18:00:00,2023,2,27,18,0,93,93070,Rue du Docteur Bauer,48.90611,2.34306,Plein jour,En agglomération,Hors intersection,Normale,Autre collision,3,2,2,0,1,1,1,0,1,50,1,2,1,0,0,1,39.0,,voiture,,1,2,1,1,6
202300036294,2023-04-11 14:20:00,2023,4,11,14,20,92,92002,FRERES LUMIERES (AVENUE DES),48.74036601,2.31129259,Plein jour,En agglomération,Hors intersection,Normale,Autre collision,4,2,2,0,1,1,1,0,1,50,1,1,0,0,1,0,90.0,,voiture,,1,2,1,1,6
202300036295,2023-04-03 08:30:00,2023,4,3,8,30,33,33352,1 Chemin de Blasignon,44.586085,-0.035845,Plein jour,En agglomération,Intersection en T,Normale,Deux véhicules - côté,4,2,2,0,2,1,1,0,1,50,2,2,1,0,1,0,33.0,17.0,voiture,deux_roues,1,2,3,1,3
202300036295,2023-04-03 08:30:00,2023,4,3,8,30,33,33352,1 Chemin de Blasignon,44.586085,-0.035845,Plein jour,En agglomération,Intersection en T,Normale,Deux véhicules - côté,4,2,2,0,2,1,1,0,1,50,2,2,1,0,1,0,33.0,17.0,voiture,deux_roues,1,2,3,1,3
202300036296,2023-02-27 17:45:00,2023,2,27,17,45,93,93055,Rue Scandicci,48.89150087,2.39864685,Plein jour,En agglomération,Hors intersection,Normale,Autre collision,4,2,2,0,1,1,1,0,1,30,1,2,1,0,0,1,29.0,,deux_roues,,1,2,1,1,6
202300036297,2023-04-12 16:10:00,2023,4,12,16,10,974,97422,Rue du Général de Gaulle,-21.26994,55.514055,Plein jour,En agglomération,Intersection en T,Temps couvert,Deux véhicules - côté,4,2, -1,-1,1,1,1,0,1,-1,2,2,1,0,1,0,56.0,15.0,voiture,deux_roues,1,2,3,8,3
202300036297,2023-04-12 16:10:00,2023,4,12,16,10,974,97422,Rue du Général de Gaulle,-21.26994,55.514055,Plein jour,En agglomération,Intersection en T,Temps couvert,Deux véhicules - côté,4,3,2,0,1,1,1,9,1,50,2,2,1,0,1,0,56.0,15.0,voiture,deux_roues,1,2,3,8,3
202300036298,2023-02-27 03:14:00,2023,2,27,3,14,93,93072,Avenue de Stalingrad,48.94858855,2.38016424,Nuit avec éclairage allumé,En agglomération,Hors intersection,Normale,Autre collision,3,3,2,0,1,1,1,0,4,50,1,1,0,0,0,1,27.0,,voiture,,5,2,1,1,6
202300036299,2023-04-11 09:30:00,2023,4,11,9,30,974,97404,Avenue Octave Bénard,-21.26511,55.334069,Plein jour,En agglomération,Giratoire,Normale,Deux véhicules - côté,4,2,2,0,1,1,1,5,1,-1,2,2,1,0,0,1,58.0,37.0,voiture,deux_roues,1,2,6,1,3
202300036300,2023-02-27 22:10:00,2023,2,27,22,10,93,93001,Avenue Jean Jaurès,48.90564223,2.39398869,Nuit avec éclairage allumé,En agglomération,Hors intersection,Normale,Deux véhicules - frontale,3,2,2,0,1,1,1,0,1,50,2,3,1,0,0,2,53.0,46.0,voiture,deux_roues,5,2,1,1,1
202300036301,2023-04-11 09:15:00,2023,4,11,9,15,972,97232,D5,14.544846,-60.84316,Plein jour,En agglomération,Hors intersection,Normale,Deux véhicules - frontale,3,2,2,0,1,2,1,0,1,50,2,2,1,0,0,1,18.0,74.0,deux_roues,utilitaire_camion,1,2,1,1,1
202300036302,2023-02-27 14:40:00,2023,2,27,14,40,92,92022,PAVE DES GARDES (ROUTE DU),48.80766,2.18941,Plein jour,En agglomération,Hors intersection,Normale,Autre collision,3,2,2,0,2,1,1,0,1,50,1,2,1,0,0,1,66.0,,voiture,,1,2,1,1,6
202300036303,2023-04-12 11:20:00,2023,4,12,11,20,64,64410,Avenue Henri IV,43.371872,-0.630512,Plein jour,En agglomération,Hors intersection,Temps couvert,Autre collision,3,2,2,0,2,1,1,0,1,50,1,2,1,0,0,1,67.0,,voiture,,1,2,1,8,6
202300036304,2023-02-27 14:25:00,2023,2,27,14,25,92,92048,MAL DE LATTRE DE TASSIGNY (AVENUE),48.78570839,2.2290431,Plein jour,En agglomération,Intersection en T,Normale,Autre collision,4,-1,2,0,1,1,1,0,1,-1,1,2,1,0,0,1,49.0,,voiture,,1,2,3,1,6
202300036304,2023-02-27 14:25:00,2023,2,27,14,25,92,92048,MAL DE LATTRE DE TASSIGNY (AVENUE),48.78570839,2.2290431,Plein jour,En agglomération,Intersection en T,Normale,Autre collision,4,2,2,0,1,2,1,5,1,25,1,2,1,0,0,1,49.0,,voiture,,1,2,3,1,6
202300036305,2023-04-11 19:30:00,2023,4,11,19,30,67,67117,D1004,48.76707,7.317265,Crépuscule ou aube,Hors agglomération,Autre intersection,Normale,Deux véhicules - frontale,3,2,0,0,1,3,1,5,1,80,2,5,4,0,0,1,56.0,67.0,voiture,voiture,2,1,9,1,1
202300036306,2023-02-23 11:22:00,2023,2,23,11,22,92,92004,HENIR BARBUSSE ( AVENUE ),48.91259,2.27394,Plein jour,En agglomération,Hors intersection,Normale,Deux véhicules - côté,4,1,1,0,1,1,1,0,1,50,2,2,1,0,1,0,28.0,50.0,deux_roues,utilitaire_camion,1,2,1,1,3
202300036307,2023-09-05 08:00:00,2023,9,5,8,0,75,75113,BOULEVARD MASSENA,48.820558,2.365893,Plein jour,En agglomération,Hors intersection,Normale,Sans collision,4,2,4,0,1,1,1,0,4,30,1,1,0,0,0,1,16.0,,deux_roues,,1,2,1,1,7
202300036308,2023-02-27 16:50:00,2023,2,27,16,50,35,35041,Le Jainet,47.97030349,-1.53758973,Plein jour,Hors agglomération,Hors intersection,Normale,Deux véhicules - frontale,4,2,2,0,2,3,1,0,1,80,2,2,1,0,1,0,51.0,34.0,utilitaire_camion,voiture,1,1,1,1,1
202300036309,2023-04-11 16:45:00,2023,4,11,16,45,38,38400,637 Avenue Gaston Bonnardel,45.342433,5.56663,Plein jour,En agglomération,Hors intersection,Normale,Deux véhicules - frontale,3,2,2,0,1,2,1,0,1,50,2,9,6,0,0,3,55.0,74.0,voiture,voiture,1,2,1,1,1
202300036310,2023-09-05 08:41:00,2023,9,5,8,41,75,75110,RUE DU FAUBOURG SAINT MARTIN,48.874308,2.358612,Plein jour,En agglomération,Intersection en T,Normale,Sans collision,4,-1, -1,-1,1,1,1,0,1,30,1,1,0,0,0,1,53.0,,deux_roues,,1,2,3,1,7
202300036310,2023-09-05 08:41:00,2023,9,5,8,41,75,75110,RUE DU FAUBOURG SAINT MARTIN,48.874308,2.358612,Plein jour,En agglomération,Intersection en T,Normale,Sans collision,4,3,2,0,1,1,1,0,1,30,1,1,0,0,0,1,53.0,,deux_roues,,1,2,3,1,7
202300036311,2023-02-27 08:00:00,2023,2,27,8,0,54,54089,rd 37,48.761166,6.269342,Plein jour,Hors agglomération,Hors intersection,Normale,Sans collision,3,2,2,0,2,1,1,0,3,80,1,2,1,0,1,0,52.0,,utilitaire_camion,,1,1,1,1,7
202300036312,2023-04-11 16:14:00,2023,4,11,16,14,30,30225,RD 6,44.162135,4.553103,Plein jour,Hors agglomération,Hors intersection,Normale,Autre collision,3,2,2,0,1,1,1,0,3,80,1,2,0,0,2,0,76.0,,voiture,,1,1,1,1,6
202300036313,2023-02-27 11:50:00,2023,2,27,11,50,58,58270,D955,47.490297,2.998238,Plein jour,Hors agglomération,Hors intersection,Normale,Autre collision,3,2,2,0,2,1,1,0,3,-1,1,2,0,0,0,2,25.0,,voiture,,1,1,1,1,6
202300036314,2023-09-05 08:40:00,2023,9,5,8,40,75,75108,PLACE DE L ALMA,48.864727,2.301716,Plein jour,En agglomération,Place,Temps éblouissant,Deux véhicules - côté,4,-1, -1,-1,1,1,1,0,1,30,2,2,1,0,0,1,51.0,28.0,deux_roues,voiture,1,2,7,7,3
202300036314,2023-09-05 08:40:00,2023,9,5,8,40,75,75108,PLACE DE L ALMA,48.864727,2.301716,Plein jour,En agglomération,Place,Temps éblouissant,Deux véhicules - côté,4,1,3,0,1,1,1,0,1,30,2,2,1,0,0,1,51.0,28.0,deux_roues,voiture,1,2,7,7,3
202300036315,2023-04-07 11:50:00,2023,4,7,11,50,33,33236,171 Avenue de Bordeaux,44.700714,-1.229863,Plein jour,En agglomération,Hors intersection,Normale,Deux véhicules - côté,3,2,2,0,1,1,1,0,1,30,2,2,1,0,1,0,43.0,75.0,deux_roues,voiture,1,2,1,1,3
202300036316,2023-02-26 16:35:00,2023,2,26,16,35,63,63404,A75,45.569829,3.249968,Plein jour,Hors agglomération,Autre intersection,Normale,Deux véhicules - côté,1,3,4,3,1,1,1,8,1,90,2,3,2,0,1,0,31.0,56.0,voiture,voiture,1,1,9,1,3
202300036317,2023-09-04 09:17:00,2023,9,4,9,17,75,75108,AVENUE MARCEAU,48.865148,2.299851,Plein jour,En agglomération,Intersection en X,Normale,Deux véhicules - arrière,4,2,7,3,2,3,1,0,1,30,2,2,1,0,0,1,49.0,26.0,voiture,deux_roues,1,2,2,1,2
202300036317,2023-09-04 09:17:00,2023,9,4,9,17,75,75108,AVENUE MARCEAU,48.865148,2.299851,Plein jour,En agglomération,Intersection en X,Normale,Deux véhicules - arrière,4,-1, -1,3,1,1,1,0,1,30,2,2,1,0,0,1,49.0,26.0,voiture,deux_roues,1,2,2,1,2
202300036318,2023-04-11 17:20:00,2023,4,11,17,20,32,32227,d931,43.807612,0.06345,Plein jour,Hors agglomération,Hors intersection,Normale,Deux véhicules - frontale,3,2,2,0,1,3,1,0,1,80,2,4,1,0,0,3,39.0,35.0,voiture,voiture,1,1,1,1,1
202300036319,2023-02-27 14:00:00,2023,2,27,14,0,35,35193,D 82 - PK 28,48.249483,-1.719956,Plein jour,Hors agglomération,Intersection en X,Normale,Deux véhicules - côté,3,2,2,0,1,1,1,0,1,80,2,2,0,0,1,1,72.0,20.0,voiture,voiture,1,1,2,1,3
202300036319,2023-02-27 14:00:00,2023,2,27,14,0,35,35193,D 82 - PK 28,48.249483,-1.719956,Plein jour,Hors agglomération,Intersection en X,Normale,Deux véhicules - côté,3,2,2,0,1,3,1,0,1,80,2,2,0,0,1,1,72.0,20.0,voiture,voiture,1,1,2,1,3
202300036320,2023-04-11 18:05:00,2023,4,11,18,5,63,63234,"D 978 lieu-dit ""le rivalet""",45.570024,3.060771,Plein jour,Hors agglomération,Hors intersection,Normale,Sans collision,3,2,2,0,2,3,1,0,1,90,1,1,0,0,0,1,43.0,,deux_roues,,1,1,1,1,7
202300036321,2023-09-05 15:10:00,2023,9,5,15,10,75,75104,BOULEVARD DE SEBASTOPOL,48.861075,2.349647,Plein jour,En agglomération,Hors intersection,Normale,Deux véhicules - arrière,4,1,5,3,1,1,1,0,1,30,2,2,1,0,0,1,23.0,39.0,deux_roues,utilitaire_camion,1,2,1,1,2
202300036322,2023-02-27 21:05:00,2023,2,27,21,5,57,57343,D1,49.328455,6.181815,Nuit sans éclairage public,Hors agglomération,Intersection en X,Normale,Sans collision,3,2,2,0,1,1,1,0,3,70,1,2,0,0,1,1,20.0,,voiture,,3,1,2,1,7
202300036322,2023-02-27 21:05:00,2023,2,27,21,5,57,57343,D1,49.328455,6.181815,Nuit sans éclairage public,Hors agglomération,Intersection en X,Normale,Sans collision,3,2,2,0,2,1,1,5,8,50,1,2,0,0,1,1,20.0,,voiture,,3,1,2,1,7
202300036323,2023-09-05 10:55:00,2023,9,5,10,55,75,75104,RUE SAINT ANTOINE,48.853982,2.364784,Plein jour,En agglomération,Intersection en X,Normale,Deux véhicules - côté,4,1,1,0,1,1,1,5,5,30,2,2,1,0,0,1,52.0,58.0,voiture,deux_roues,1,2,2,1,3
202300036323,2023-09-05 10:55:00,2023,9,5,10,55,75,75104,RUE SAINT ANTOINE,48.853982,2.364784,Plein jour,En agglomération,Intersection en X,Normale,Deux véhicules - côté,4,2,4,1,1,1,1,5,5,30,2,2,1,0,0,1,52.0,58.0,voiture,deux_roues,1,2,2,1,3
202300036324,2023-04-12 17:30:00,2023,4,12,17,30,12,12203,D23,43.980433,2.97545,Plein jour,Hors agglomération,Hors intersection,Pluie légère,Deux véhicules - frontale,3,2,2,0,2,3,2,0,1,90,2,5,4,0,0,1,19.0,31.0,voiture,voiture,1,1,1,2,1
202300036325,2023-02-27 18:35:00,2023,2,27,18,35,51,51391,N31,49.26970407,3.90987754,Nuit avec éclairage non allumé,Hors agglomération,Hors intersection,Normale,Trois véhicules et plus - en chaîne,2,3,4,0,2,1,1,0,1,90,3,3,1,0,0,2,51.0,43.0,utilitaire_camion,voiture,4,1,1,1,4
202300036326,2023-04-06 16:35:00,2023,4,6,16,35,68,68374,avenue lorraine,48.087988,7.314802,Plein jour,En agglomération,Hors intersection,Normale,Deux véhicules - côté,3,2,2,0,1,1,1,0,1,50,2,2,1,0,0,1,59.0,69.0,voiture,voiture,1,2,1,1,3
202300036327,2023-09-05 09:10:00,2023,9,5,9,10,94,94037,Avenue Paul Vaillant-couturier,48.81642397,2.33956298,Plein jour,En agglomération,Intersection en T,Normale,Deux véhicules - côté,3,2,2,0,2,1,1,0,1,50,2,2,0,0,0,2,22.0,24.0,deux_roues,voiture,1,2,3,1,3
202300036327,2023-09-05 09:10:00,2023,9,5,9,10,94,94037,Avenue Paul Vaillant-couturier,48.81642397,2.33956298,Plein jour,En agglomération,Intersection en T,Normale,Deux véhicules - côté,3,-1,0,0,1,1,1,0,1,50,2,2,0,0,0,2,22.0,24.0,deux_roues,voiture,1,2,3,1,3
202300036328,2023-04-12 14:45:00,2023,4,12,14,45,38,38338,D1532,45.229448,5.497456,Plein jour,Hors agglomération,Hors intersection,Normale,Deux véhicules - frontale,3,2,2,0,1,1,1,0,1,90,2,4,0,0,4,0,51.0,31.0,voiture,voiture,1,1,1,1,1
202300036329,2023-02-27 07:50:00,2023,2,27,7,50,51,51282,N31,49.268872,3.914952,Plein jour,Hors agglomération,Hors intersection,Temps éblouissant,Trois véhicules et plus - en chaîne,2,3,4,0,3,1,1,0,1,90,3,3,0,0,0,3,40.0,42.0,voiture,voiture,1,1,1,7,4
202300036330,2023-09-05 08:08:00,2023,9,5,8,8,94,94022,Rue Jules Vallès,48.75461,2.41028,Plein jour,En agglomération,Intersection en X,Normale,Autre collision,4,2,2,0,1,1,1,0,1,-1,1,2,1,0,0,1,,,voiture,,1,2,2,1,6
202300036330,2023-09-05 08:08:00,2023,9,5,8,8,94,94022,Rue Jules Vallès,48.75461,2.41028,Plein jour,En agglomération,Intersection en X,Normale,Autre collision,4,-1,1,0,1,1,1,0,1,50,1,2,1,0,0,1,,,voiture,,1,2,2,1,6
202300036331,2023-02-28 17:40:00,2023,2,28,17,40,61,61293,D9,48.509534,0.55721,Plein jour,En agglomération,Hors intersection,Normale,Autre collision,3,2,2,0,2,1,1,0,1,50,1,2,1,1,0,0,42.0,,utilitaire_camion,,1,2,1,1,6
202300036332,2023-04-11 20:30:00,2023,4,11,20,30,15,15087,D601,44.776093,2.426498,Crépuscule ou aube,Hors agglomération,Hors intersection,Normale,Sans collision,3,2,2,0,1,2,1,0,3,90,1,2,0,0,2,0,87.0,,voiture,,2,1,1,1,7
202300036333,2023-09-05 10:20:00,2023,9,5,10,20,93,93078,Avenue Vauban,48.967342,2.551668,Plein jour,En agglomération,Hors intersection,Normale,Deux véhicules - côté,3,2,2,0,1,1,1,9,1,50,2,2,1,0,0,1,33.0,38.0,voiture,deux_roues,1,2,1,1,3
202300036334,2023-02-17 18:15:00,2023,2,17,18,15,25,25220,D9,47.130535,6.013985,Nuit sans éclairage public,Hors agglomération,Hors intersection,Normale,Trois véhicules et plus - collisions multiples,3,-1,2,0,2,1,1,0,1,80,3,3,2,0,0,1,26.0,22.0,utilitaire_camion,voiture,3,1,1,1,5
202300036335,2023-04-12 06:45:00,2023,4,12,6,45,05,05046,Rue de la Plaine sous le Roc,44.556075,6.484353,Plein jour,En agglomération,Hors intersection,Normale,Autre collision,4,2,2,0,2,1,1,0,1,50,1,2,1,0,1,0,45.0,,voiture,,1,2,1,1,6
202300036336,2023-09-05 12:30:00,2023,9,5,12,30,93,93051,Rue du Marnois,48.84125,2.5599,Plein jour,En agglomération,Hors intersection,Normale,Autre collision,4,2,2,0,1,1,1,0,1,50,1,1,0,0,0,1,36.0,,voiture,,1,2,1,1,6
202300036337,2023-01-15 18:20:00,2023,1,15,18,20,35,35264,Le Val,48.108305,-1.363142,Nuit sans éclairage public,Hors agglomération,Intersection en Y,Pluie forte,Deux véhicules - frontale,3,2,2,0,3,3,2,0,1,80,2,3,1,0,1,1,86.0,65.0,voiture,utilitaire_camion,3,1,4,3,1
202300036337,2023-01-15 18:20:00,2023,1,15,18,20,35,35264,Le Val,48.108305,-1.363142,Nuit sans éclairage public,Hors agglomération,Intersection en Y,Pluie forte,Deux véhicules - frontale,3,2,2,0,1,1,2,0,1,80,2,3,1,0,1,1,86.0,65.0,voiture,utilitaire_camion,3,1,4,3,1
202300036338,2023-09-05 08:17:00,2023,9,5,8,17,93,93048,Rue de Rosny,48.86950019,2.46376484,Plein jour,En agglomération,Autre intersection,Normale,Sans collision,3,2,2,0,1,1,1,0,1,20,1,1,0,0,0,1,35.0,,deux_roues,,1,2,9,1,7
202300036339,2023-04-11 18:30:00,2023,4,11,18,30,05,05012,RD40,44.54739,6.485732,Plein jour,Hors agglomération,Intersection en X,Normale,Deux véhicules - côté,3,-1, -1,-1,1,1,1,0,1,20,2,2,1,0,0,1,33.0,28.0,voiture,deux_roues,1,1,2,1,3
202300036339,2023-04-11 18:30:00,2023,4,11,18,30,05,05012,RD40,44.54739,6.485732,Plein jour,Hors agglomération,Intersection en X,Normale,Deux véhicules - côté,3,2,2,0,1,1,1,0,1,70,2,2,1,0,0,1,33.0,28.0,voiture,deux_roues,1,1,2,1,3
202300036340,2023-02-27 19:05:00,2023,2,27,19,5,38,38118,Route de Lyon,45.402949,5.465561,Nuit sans éclairage public,Hors agglomération,Hors intersection,Normale,Autre collision,3,2,2,0,1,1,1,0,1,90,1,2,1,1,0,0,41.0,,voiture,,3,1,1,1,6
202300036341,2023-04-12 16:45:00,2023,4,12,16,45,05,05132,Lac de l'Aullagnier (Eau),44.671293,6.101156,Plein jour,Hors agglomération,Hors intersection,Pluie légère,Sans collision,4,-1,1,0,1,1,2,0,8,20,1,1,0,0,1,0,14.0,,deux_roues,,1,1,1,2,7
202300036342,2023-09-05 18:00:00,2023,9,5,18,0,93,93046,Avenue Benoit Malon / Avenue Winston Churchill,48.91524,2.53512,Plein jour,En agglomération,Intersection à plus de 4 branches,Normale,Autre collision,3,2,2,0,1,1,1,0,1,50,1,4,3,0,0,1,39.0,,voiture,,1,2,5,1,6
202300036342,2023-09-05 18:00:00,2023,9,5,18,0,93,93046,Avenue Benoit Malon / Avenue Winston Churchill,48.91524,2.53512,Plein jour,En agglomération,Intersection à plus de 4 branches,Normale,Autre collision,3,2,2,0,1,1,1,0,1,-1,1,4,3,0,0,1,39.0,,voiture,,1,2,5,1,6
202300036343,2023-02-27 17:00:00,2023,2,27,17,0,70,70117,route départementale 218,47.631829,6.775635,Plein jour,Hors agglomération,Hors intersection,Normale,Deux véhicules - frontale,3,2,2,0,2,2,1,0,1,80,2,2,1,1,0,0,29.0,26.0,utilitaire_camion,voiture,1,1,1,1,1
202300036344,2023-09-05 17:45:00,2023,9,5,17,45,93,93046,Avenue Aristide Briand,48.91081887,2.51372606,Plein jour,En agglomération,Autre intersection,Normale,Deux véhicules - côté,3,3,4,3,1,1,1,5,1,50,2,2,1,0,0,1,52.0,24.0,voiture,deux_roues,1,2,9,1,3
202300036345,2023-02-27 19:40:00,2023,2,27,19,40,72,72344,D326,47.94044,0.15316,Nuit sans éclairage public,Hors agglomération,Hors intersection,Normale,Deux véhicules - frontale,3,2,2,0,1,1,1,0,1,90,2,2,1,0,1,0,52.0,38.0,utilitaire_camion,voiture,3,1,1,1,1
202300036346,2023-04-11 22:05:00,2023,4,11,22,5,64,64466,D23,43.343095,-0.874701,Nuit sans éclairage public,Hors agglomération,Hors intersection,Normale,Trois véhicules et plus - en chaîne,3,2,2,0,1,1,1,0,1,80,4,4,1,1,0,2,15.0,32.0,deux_roues,voiture,3,1,1,1,4
202300036347,2023-09-04 18:35:00,2023,9,4,18,35,93,93046,Allée Vendome / Avenue Paul Bert,48.91845845,2.52577507,Plein jour,En agglomération,Intersection en X,Normale,Deux véhicules - côté,4,2,2,0,1,1,1,0,1,30,2,2,0,0,0,2,25.0,45.0,voiture,voiture,1,2,2,1,3
202300036347,2023-09-04 18:35:00,2023,9,4,18,35,93,93046,Allée Vendome / Avenue Paul Bert,48.91845845,2.52577507,Plein jour,En agglomération,Intersection en X,Normale,Deux véhicules - côté,4,1,1,0,1,1,1,0,1,30,2,2,0,0,0,2,25.0,45.0,voiture,voiture,1,2,2,1,3
202300036348,2023-04-11 20:40:00,2023,4,11,20,40,16,16295,,45.818149,0.132603,Crépuscule ou aube,Hors agglomération,Hors intersection,Normale,Autre collision,3,2,2,0,1,1,1,0,3,80,1,1,0,1,0,0,36.0,,voiture,,2,1,1,1,6
202300036349,2023-02-27 17:55:00,2023,2,27,17,55,05,05017,Route des Borels,44.567427,6.20677897,Crépuscule ou aube,Hors agglomération,Hors intersection,Normale,Deux véhicules - frontale,3,2,2,0,1,1,1,0,1,80,2,4,2,0,0,2,36.0,28.0,voiture,voiture,2,1,1,1,1
202300036350,2023-09-04 14:15:00,2023,9,4,14,15,93,93029,Rue Hoche,48.92794194,2.43189674,Plein jour,En agglomération,Hors intersection,Normale,Deux véhicules - frontale,4,1,1,0,1,1,1,0,4,50,2,2,1,0,0,1,13.0,72.0,deux_roues,deux_roues,1,2,1,1,1
202300036351,2023-02-28 19:00:00,2023,2,28,19,0,60,60245,4 Rue Georges Clemenceau,49.650355,1.730352,Nuit avec éclairage allumé,En agglomération,Intersection en X,Normale,Autre collision,3,2,2,0,1,2,1,0,1,-1,1,2,1,0,0,1,46.0,,voiture,,5,2,2,1,6
202300036351,2023-02-28 19:00:00,2023,2,28,19,0,60,60245,4 Rue Georges Clemenceau,49.650355,1.730352,Nuit avec éclairage allumé,En agglomération,Intersection en X,Normale,Autre collision,3,2, -1,-1,1,1,1,0,1,-1,1,2,1,0,0,1,46.0,,voiture,,5,2,2,1,6
202300036352,2023-04-12 08:27:00,2023,4,12,8,27,68,68375,D19,47.774727,7.227357,Plein jour,En agglomération,Giratoire,Pluie légère,Deux véhicules - côté,3,2,1,0,1,2,2,0,1,50,2,2,1,0,1,0,18.0,40.0,deux_roues,voiture,1,2,6,2,3
202300036353,2023-02-26 03:00:00,2023,2,26,3,0,10,10328,D86,48.346608,4.256274,Nuit avec éclairage allumé,En agglomération,Intersection en Y,Normale,Autre collision,3,2,2,0,1,1,1,0,1,50,1,1,0,0,1,0,41.0,,deux_roues,,5,2,4,1,6
202300036353,2023-02-26 03:00:00,2023,2,26,3,0,10,10328,D86,48.346608,4.256274,Nuit avec éclairage allumé,En agglomération,Intersection en Y,Normale,Autre collision,3,2, -1,-1,1,1,1,5,1,-1,1,1,0,0,1,0,41.0,,deux_roues,,5,2,4,1,6
202300036354,2023-09-05 18:10:00,2023,9,5,18,10,92,92064,REPUBLIQUE,48.85901375,2.21170172,Plein jour,En agglomération,Intersection en X,Normale,Deux véhicules - arrière,3,2,2,0,1,1,1,0,1,50,2,2,1,0,0,1,47.0,54.0,voiture,voiture,1,2,2,1,2
202300036354,2023-09-05 18:10:00,2023,9,5,18,10,92,92064,REPUBLIQUE,48.85901375,2.21170172,Plein jour,En agglomération,Intersection en X,Normale,Deux véhicules - arrière,3,-1,2,0,1,2,1,0,1,50,2,2,1,0,0,1,47.0,54.0,voiture,voiture,1,2,2,1,2
202300036355,2023-04-11 19:28:00,2023,4,11,19,28,67,67164,A 35 PK 420.700,48.430525,7.494607,Plein jour,Hors agglomération,Hors intersection,Normale,Deux véhicules - arrière,1,3,2,0,1,1,1,0,1,130,2,3,1,0,1,1,74.0,25.0,voiture,voiture,1,1,1,1,2
202300036356,2023-02-26 20:10:00,2023,2,26,20,10,53,53140,Vaubernier,48.104659,-0.70253,Nuit sans éclairage public,Hors agglomération,Hors intersection,Normale,Sans collision,3,2,2,0,1,2,1,0,3,80,1,2,1,0,1,0,63.0,,voiture,,3,1,1,1,7
202300036357,2023-09-05 08:15:00,2023,9,5,8,15,92,92033,DOCTEUR DEBAT,48.85234788,2.19611764,Plein jour,En agglomération,Hors intersection,Normale,Deux véhicules - côté,4,2,2,0,1,1,1,0,1,50,2,2,1,0,0,1,39.0,52.0,voiture,deux_roues,1,2,1,1,3
202300036358,2023-02-27 09:30:00,2023,2,27,9,30,24,24214,D75,45.56917,0.560233,Plein jour,En agglomération,Intersection en X,Normale,Autre collision,3,2,2,0,1,1,1,0,1,50,1,2,1,0,1,0,42.0,,utilitaire_camion,,1,2,2,1,6
202300036358,2023-02-27 09:30:00,2023,2,27,9,30,24,24214,D75,45.56917,0.560233,Plein jour,En agglomération,Intersection en X,Normale,Autre collision,3,2, -1,-1,1,1,1,0,1,-1,1,2,1,0,1,0,42.0,,utilitaire_camion,,1,2,2,1,6
202300036359,2023-04-11 08:50:00,2023,4,11,8,50,987,98715,RDO sens PAPEETE - PUNAAUIA,-17.584,-149.56,Plein jour,Hors agglomération,Hors intersection,Normale,Deux véhicules - côté,3,3,4,0,1,1,1,3,1,90,2,2,1,1,0,0,69.0,77.0,voiture,deux_roues,1,1,1,1,3
202300036360,2023-09-05 16:50:00,2023,9,5,16,50,92,92050,PICASSO PABLO AVENUE,48.88851299,2.22431409,Plein jour,En agglomération,Intersection en T,Normale,Deux véhicules - côté,4,2,1,0,1,1,1,0,1,50,2,2,1,0,0,1,11.0,55.0,deux_roues,voiture,1,2,3,1,3
202300036360,2023-09-05 16:50:00,2023,9,5,16,50,92,92050,PICASSO PABLO AVENUE,48.88851299,2.22431409,Plein jour,En agglomération,Intersection en T,Normale,Deux véhicules - côté,4,2,2,0,1,1,1,0,1,50,2,2,1,0,0,1,11.0,55.0,deux_roues,voiture,1,2,3,1,3
202300036361,2023-02-27 02:25:00,2023,2,27,2,25,87,87059,D25,46.199632,1.108611,Nuit sans éclairage public,Hors agglomération,Hors intersection,Normale,Autre collision,3,2,2,0,1,1,1,0,3,80,1,1,0,0,1,0,79.0,,voiture,,3,1,1,1,6
202300036362,2023-09-05 08:15:00,2023,9,5,8,15,92,92036,LAURENT CELY (AVENUE) (1/143),48.91730513,2.30750799,Plein jour,En agglomération,Intersection en Y,Normale,Autre collision,3,2,0,0,1,1,1,0,1,50,2,2,1,0,0,1,36.0,53.0,voiture,deux_roues,1,2,4,1,6
202300036362,2023-09-05 08:15:00,2023,9,5,8,15,92,92036,LAURENT CELY (AVENUE) (1/143),48.91730513,2.30750799,Plein jour,En agglomération,Intersection en Y,Normale,Autre collision,3,3,2,0,1,1,1,0,1,50,2,2,1,0,0,1,36.0,53.0,voiture,deux_roues,1,2,4,1,6