accident_id,datetime,annee,mois,jour,heure,minute,departement,commune_insee,adresse,latitude,longitude,luminosite,agglomeration,intersection,meteo,collision,catr,circ,nbv,vosp,prof,plan,surf,infra,situ,vma,nb_vehicules,nb_usagers,nb_indemnes,nb_tues,nb_blesses_hosp,nb_blesses_legers,age_cond_1,age_cond_2,veh_type_cond_1,veh_type_cond_2,lum_code,agg_code,int_code,atm_code,col_code
202300036363,2023-02-27 14:40:00,2023,2,27,14,40,30,30272,,43.966457,3.691074,Plein jour,Hors agglomération,Hors intersection,Pluie légère,Trois véhicules et plus - collisions multiples,3,2,2,0,1,3,2,0,1,80,3,5,3,0,1,1,75.0,58.0,voiture,voiture,1,1,1,2,5
202300036364,2023-09-05 09:35:00,2023,9,5,9,35,92,92026,RÉPUBLIQUE ( DE 82 A FIN ),48.90362672,2.25759959,Plein jour,En agglomération,Intersection en T,Temps éblouissant,Deux véhicules - côté,3,1,1,0,1,1,1,0,1,50,2,2,1,0,0,1,37.0,46.0,transport_commun,deux_roues,1,2,3,7,3
202300036364,2023-09-05 09:35:00,2023,9,5,9,35,92,92026,RÉPUBLIQUE ( DE 82 A FIN ),48.90362672,2.25759959,Plein jour,En agglomération,Intersection en T,Temps éblouissant,Deux véhicules - côté,3,2,4,1,1,1,1,0,1,50,2,2,1,0,0,1,37.0,46.0,transport_commun,deux_roues,1,2,3,7,3
202300036365,2023-04-11 15:00:00,2023,4,11,15,0,59,59377,A26 PK 139.6 sens CALAIS - REIMS,50.0926335,3.17037009,Plein jour,Hors agglomération,Hors intersection,Normale,Deux véhicules - arrière,1,3,2,0,1,1,1,0,1,130,2,3,1,0,2,0,26.0,58.0,utilitaire_camion,voiture,1,1,1,1,2
202300036366,2023-02-28 10:25:00,2023,2,28,10,25,08,08022,1 Route de Tournes,49.82342505,4.6518766,Plein jour,En agglomération,Intersection en X,Normale,Autre collision,3,2,2,0,2,1,1,0,1,50,1,2,1,0,0,1,62.0,,voiture,,1,2,2,1,6
202300036366,2023-02-28 10:25:00,2023,2,28,10,25,08,08022,1 Route de Tournes,49.82342505,4.6518766,Plein jour,En agglomération,Intersection en X,Normale,Autre collision,3,-1, -1,-1,-1,-1,-1,-1,-1,-1,1,2,1,0,0,1,62.0,,voiture,,1,2,2,1,6
202300036367,2023-09-05 16:20:00,2023,9,5,16,20,92,92025,PIERRE DE COUBERTIN (BD),48.92862919,2.25159734,Plein jour,En agglomération,Hors intersection,Normale,Autre collision,4,1,1,0,1,1,1,0,1,30,2,2,1,0,0,1,24.0,29.0,deux_roues,voiture,1,2,1,1,6
202300036368,2023-02-22 08:54:00,2023,2,22,8,54,78,78043,Rue de Maule,48.840077,2.082703,Plein jour,En agglomération,Giratoire,Normale,Sans collision,4,-1,2,0,1,2,1,0,1,50,1,1,0,0,1,0,50.0,,deux_roues,,1,2,6,1,7
202300036369,2023-04-12 07:50:00,2023,4,12,7,50,77,77407,Autorute A6 PK 039+400 circulant vers LYON,48.518951,2.504598,Plein jour,Hors agglomération,Hors intersection,Pluie forte,Autre collision,1,3,3,0,1,1,3,0,1,130,1,2,0,0,0,2,29.0,,voiture,,1,1,1,3,6
202300036370,2023-09-05 07:40:00,2023,9,5,7,40,92,92025,BOURNARD (RUE DU),48.92303386,2.25430727,Crépuscule ou aube,En agglomération,Autre intersection,Normale,Autre collision,3,2,2,0,2,1,1,6,8,30,1,2,1,0,0,1,25.0,,voiture,,2,2,9,1,6
202300036371,2023-02-27 09:46:00,2023,2,27,9,46,01,01134,"A406, PK 4.200",46.280759,4.86227,Plein jour,Hors agglomération,Hors intersection,Normale,Trois véhicules et plus - en chaîne,1,3,4,0,1,1,1,0,1,130,3,4,3,0,0,1,28.0,45.0,voiture,voiture,1,1,1,1,4
202300036372,2023-09-04 14:00:00,2023,9,4,14,0,92,92012,ANDRE MORIZET (AVENUE) 1/47 - 2/52,48.83447,2.2421,Plein jour,En agglomération,Hors intersection,Normale,Autre collision,3,2,2,0,1,1,1,0,1,50,1,2,1,0,0,1,74.0,,voiture,,1,2,1,1,6
202300036373,2023-04-07 03:25:00,2023,4,7,3,25,987,98758,PK 3 cote ouest,-16.744,-151.46,Nuit avec éclairage allumé,En agglomération,Hors intersection,Normale,Autre collision,2,2,1,0,1,1,1,0,3,60,1,1,0,0,1,0,23.0,,voiture,,5,2,1,1,6
202300036374,2023-02-28 08:00:00,2023,2,28,8,0,971,97103,552 Rue de la Chapelle,16.234953,-61.557363,Plein jour,En agglomération,Hors intersection,Normale,Deux véhicules - côté,4,2,2,0,1,1,1,0,1,50,2,2,1,0,1,0,26.0,34.0,deux_roues,voiture,1,2,1,1,3
202300036375,2023-09-04 18:35:00,2023,9,4,18,35,92,92007,PASTEUR (AVENUE LOUIS) N° 1 A 39 ET 2 A,48.797,2.31737,Plein jour,En agglomération,Hors intersection,Normale,Deux véhicules - côté,3,2,2,2,1,1,1,0,1,50,2,2,1,0,0,1,,22.0,voiture,deux_roues,1,2,1,1,3
202300036376,2023-04-12 18:00:00,2023,4,12,18,0,91,91568,D27,48.575049,2.111086,Plein jour,Hors agglomération,Hors intersection,Normale,Deux véhicules - frontale,3,3,2,0,1,2,1,0,1,70,2,2,0,0,1,1,72.0,35.0,voiture,voiture,1,1,1,1,1
202300036377,2023-02-25 10:00:00,2023,2,25,10,0,84,84141,A7 PK191.300,43.972156,4.896174,Plein jour,Hors agglomération,Hors intersection,Normale,Deux véhicules - côté,1,3,5,0,1,1,1,0,1,130,2,4,3,0,1,0,56.0,59.0,voiture,utilitaire_camion,1,1,1,1,3
202300036378,2023-09-01 22:20:00,2023,9,1,22,20,92,92004,ARGENTEUIL AV D',48.91624814,2.28236273,Nuit avec éclairage allumé,En agglomération,Hors intersection,Normale,Deux véhicules - côté,3,-1,1,0,1,1,1,0,1,50,2,2,1,0,1,0,42.0,18.0,deux_roues,deux_roues,5,2,1,1,3
202300036379,2023-04-12 10:15:00,2023,4,12,10,15,83,83071,Avenue Georges Clémenceau,43.139196,6.238109,Plein jour,En agglomération,Hors intersection,Normale,Autre collision,3,2,2,0,1,1,1,0,1,50,1,2,1,0,0,1,93.0,,voiture,,1,2,1,1,6
202300036380,2023-09-04 17:45:00,2023,9,4,17,45,92,92004,PIERRE BOUDOU,48.91562,2.30787,Plein jour,En agglomération,Hors intersection,Normale,Deux véhicules - côté,4,2,2,0,1,1,1,0,1,50,2,2,1,0,0,1,24.0,12.0,voiture,deux_roues,1,2,1,1,3
202300036381,2023-02-28 01:15:00,2023,2,28,1,15,77,77065,"Autoroute A6, PK 46.900 en direction de LYON",48.455171,2.522489,Nuit avec éclairage allumé,Hors agglomération,Hors intersection,Normale,Autre collision,1,3,3,0,1,1,1,0,2,130,3,5,1,0,4,0,41.0,30.0,utilitaire_camion,utilitaire_camion,5,1,1,1,6
202300036382,2023-09-04 07:52:00,2023,9,4,7,52,92,92004,PIERRE BOUDOU,48.91352,2.29914,Crépuscule ou aube,En agglomération,Intersection en Y,Normale,Deux véhicules - frontale,4,-1,0,0,1,2,1,0,1,50,2,2,1,0,0,1,29.0,43.0,deux_roues,voiture,2,2,4,1,1
202300036382,2023-09-04 07:52:00,2023,9,4,7,52,92,92004,PIERRE BOUDOU,48.91352,2.29914,Crépuscule ou aube,En agglomération,Intersection en Y,Normale,Deux véhicules - frontale,4,2,2,0,1,2,1,0,1,50,2,2,1,0,0,1,29.0,43.0,deux_roues,voiture,2,2,4,1,1
202300036383,2023-02-25 23:12:00,2023,2,25,23,12,973,97311,Route de Saint Jean,5.428312,-54.04104,Nuit sans éclairage public,Hors agglomération,Hors intersection,Pluie légère,Sans collision,3,2,2,0,1,1,2,0,3,80,1,1,0,0,1,0,42.0,,utilitaire_camion,,3,1,1,2,7
202300036384,2023-04-11 09:50:00,2023,4,11,9,50,13,13093,D561,43.686285,5.396122,Plein jour,En agglomération,Hors intersection,Normale,Deux véhicules - côté,3,2,2,0,2,1,1,0,1,50,2,3,2,0,0,1,78.0,57.0,voiture,utilitaire_camion,1,2,1,1,3
202300036385,2023-02-26 16:30:00,2023,2,26,16,30,45,45121,Rue de Châtillon,47.794627,2.870575,Plein jour,Hors agglomération,Hors intersection,Vent fort / tempête,Sans collision,4,2,2,0,3,2,1,0,3,80,1,1,0,0,0,1,56.0,,voiture,,1,1,1,6,7
202300036386,2023-09-05 18:45:00,2023,9,5,18,45,92,92014,MARECHAL JOFFRE (BD DU) (43 A 97 - 58 A,48.77987,2.3135,Plein jour,En agglomération,Hors intersection,Normale,Autre collision,3,1,3,1,2,1,1,0,1,50,1,2,1,0,0,1,,,voiture,,1,2,1,1,6
202300036387,2023-04-11 22:08:00,2023,4,11,22,8,57,57484,67 Rue Nationale,49.168215,6.868665,Nuit avec éclairage allumé,En agglomération,Giratoire,Normale,Sans collision,3,2,2,0,1,1,1,0,1,50,1,1,0,0,1,0,34.0,,deux_roues,,5,2,6,1,7
202300036388,2023-09-03 04:15:00,2023,9,3,4,15,35,35151,D177,47.855895,-1.892484,Nuit sans éclairage public,Hors agglomération,Hors intersection,Normale,Autre collision,3,3,2,0,1,1,1,2,1,110,1,2,1,1,0,0,39.0,,voiture,,3,1,1,1,6
202300036389,2023-02-27 15:05:00,2023,2,27,15,5,78,78346,Rue de la Fortelle,48.928118,1.569725,Plein jour,Hors agglomération,Intersection en X,Normale,Deux véhicules - côté,3,2,2,0,1,1,1,0,1,80,2,5,3,0,2,0,44.0,64.0,voiture,voiture,1,1,2,1,3
202300036389,2023-02-27 15:05:00,2023,2,27,15,5,78,78346,Rue de la Fortelle,48.928118,1.569725,Plein jour,Hors agglomération,Intersection en X,Normale,Deux véhicules - côté,3,2, -1,-1,1,1,1,0,1,-1,2,5,3,0,2,0,44.0,64.0,voiture,voiture,1,1,2,1,3
202300036390,2023-09-05 21:30:00,2023,9,5,21,30,22,22049,D28 PK 7+900,48.524418,-2.200012,Crépuscule ou aube,Hors agglomération,Hors intersection,Normale,Autre collision,3,2,2,0,1,3,1,0,3,80,1,1,0,1,0,0,61.0,,deux_roues,,2,1,1,1,6
202300036391,2023-04-12 05:20:00,2023,4,12,5,20,27,27275,Cote des Sables,49.15111,1.376579,Nuit avec éclairage non allumé,En agglomération,Intersection en T,Pluie légère,Deux véhicules - frontale,3,2,2,0,2,1,2,0,1,70,2,2,0,0,1,1,24.0,59.0,voiture,voiture,4,2,3,2,1
202300036391,2023-04-12 05:20:00,2023,4,12,5,20,27,27275,Cote des Sables,49.15111,1.376579,Nuit avec éclairage non allumé,En agglomération,Intersection en T,Pluie légère,Deux véhicules - frontale,3,2,2,-1,1,2,2,-1,1,50,2,2,0,0,1,1,24.0,59.0,voiture,voiture,4,2,3,2,1
202300036392,2023-09-05 17:45:00,2023,9,5,17,45,95,95313,D922,49.12238,2.244473,Plein jour,En agglomération,Hors intersection,Normale,Autre collision,3,2,2,0,1,1,1,0,1,50,1,2,1,0,1,0,88.0,,voiture,,1,2,1,1,6
202300036393,2023-09-05 12:58:00,2023,9,5,12,58,95,95313,D64,49.10731497,2.23691983,Plein jour,Hors agglomération,Hors intersection,Normale,Deux véhicules - côté,3,2,2,0,1,1,1,0,1,80,2,2,1,0,1,0,53.0,21.0,voiture,deux_roues,1,1,1,1,3
202300036394,2023-04-11 13:30:00,2023,4,11,13,30,62,62560,Avenue Ferber,50.815594,1.701853,Plein jour,En agglomération,Hors intersection,Normale,Autre collision,3,3,2,0,2,1,1,0,1,50,2,2,1,0,1,0,7.0,26.0,deux_roues,utilitaire_camion,1,2,1,1,6
202300036395,2023-02-19 09:43:00,2023,2,19,9,43,13,13007,D45a,43.367505,5.652519,Plein jour,En agglomération,Intersection en Y,Normale,Deux véhicules - arrière,3,2,2,0,1,1,1,0,1,50,2,3,1,0,1,1,56.0,54.0,deux_roues,voiture,1,2,4,1,2
202300036395,2023-02-19 09:43:00,2023,2,19,9,43,13,13007,D45a,43.367505,5.652519,Plein jour,En agglomération,Intersection en Y,Normale,Deux véhicules - arrière,3,2, -1,-1,1,1,1,0,1,-1,2,3,1,0,1,1,56.0,54.0,deux_roues,voiture,1,2,4,1,2
202300036396,2023-09-01 17:10:00,2023,9,1,17,10,33,33352,RD 670,44.59070276,-0.03284365,Plein jour,En agglomération,Hors intersection,Normale,Autre collision,3,2,2,0,1,1,1,0,3,50,1,1,0,0,1,0,55.0,,transport_commun,,1,2,1,1,6
202300036397,2023-04-11 18:20:00,2023,4,11,18,20,33,33192,ROCADE A 630,44.78965,-0.61534,Plein jour,Hors agglomération,Hors intersection,Normale,Deux véhicules - côté,1,3,6,0,1,1,1,0,1,90,2,2,1,0,1,0,48.0,33.0,utilitaire_camion,deux_roues,1,1,1,1,3
202300036398,2023-02-27 09:55:00,2023,2,27,9,55,69,69287,Rue des Alpes,45.701676,5.000732,Plein jour,Hors agglomération,Hors intersection,Normale,Autre collision,4,2,2,0,1,2,1,0,3,80,1,1,0,1,0,0,86.0,,voiture,,1,1,1,1,6
202300036399,2023-09-05 10:35:00,2023,9,5,10,35,07,07191,RD 86H,44.580033,4.703817,Plein jour,Hors agglomération,Giratoire,Normale,Deux véhicules - côté,3,2,1,2,1,3,1,0,1,90,2,2,1,1,0,0,73.0,36.0,deux_roues,utilitaire_camion,1,1,6,1,3
202300036400,2023-02-27 09:20:00,2023,2,27,9,20,17,17056,Route de l'Ormeau Rouge,45.607508,-0.506862,Plein jour,Hors agglomération,Intersection en X,Normale,Deux véhicules - côté,3,2,2,0,1,1,1,0,1,80,2,2,0,0,0,2,72.0,37.0,voiture,voiture,1,1,2,1,3
202300036400,2023-02-27 09:20:00,2023,2,27,9,20,17,17056,Route de l'Ormeau Rouge,45.607508,-0.506862,Plein jour,Hors agglomération,Intersection en X,Normale,Deux véhicules - côté,3,2,2,-1,1,1,1,5,1,80,2,2,0,0,0,2,72.0,37.0,voiture,voiture,1,1,2,1,3
202300036401,2023-04-11 09:00:00,2023,4,11,9,0,91,91377,RN20,48.71333,2.28941,Plein jour,Hors agglomération,Hors intersection,Normale,Deux véhicules - côté,3,1,2,0,1,1,1,0,1,90,2,2,1,0,0,1,34.0,23.0,deux_roues,voiture,1,1,1,1,3
202300036402,2023-09-04 20:40:00,2023,9,4,20,40,06,06161,"1495, route nationale 7",43.63598,7.133536,Nuit avec éclairage allumé,En agglomération,Intersection en X,Normale,Deux véhicules - côté,3,2,3,0,1,1,1,5,1,50,2,3,2,0,1,0,29.0,42.0,voiture,deux_roues,5,2,2,1,3
202300036402,2023-09-04 20:40:00,2023,9,4,20,40,06,06161,"1495, route nationale 7",43.63598,7.133536,Nuit avec éclairage allumé,En agglomération,Intersection en X,Normale,Deux véhicules - côté,3,2,2,0,1,1,1,5,1,50,2,3,2,0,1,0,29.0,42.0,voiture,deux_roues,5,2,2,1,3
202300036403,2023-02-26 01:45:00,2023,2,26,1,45,85,85092,Rue de fontarabie,46.464188,-0.801322,Nuit avec éclairage allumé,En agglomération,Hors intersection,Normale,Autre collision,4,1,1,0,1,1,1,0,1,50,1,2,1,0,1,0,34.0,,voiture,,5,2,1,1,6
202300036404,2023-04-11 18:45:00,2023,4,11,18,45,92,92036,RN315 Y,48.91987444,2.30667989,Plein jour,Hors agglomération,Hors intersection,Pluie légère,Autre collision,2,2,1,0,1,1,2,0,1,70,1,1,0,0,0,1,46.0,,deux_roues,,1,1,1,2,6
202300036405,2023-09-05 17:40:00,2023,9,5,17,40,52,52282,A5,47.97959131,5.13386112,Plein jour,Hors agglomération,Hors intersection,Normale,Deux véhicules - côté,1,3,4,0,1,1,1,0,1,130,2,2,1,0,0,1,29.0,48.0,utilitaire_camion,utilitaire_camion,1,1,1,1,3
202300036406,2023-02-28 06:45:00,2023,2,28,6,45,60,60369,6 Rue de la Gare,49.348808,2.717625,Crépuscule ou aube,Hors agglomération,Hors intersection,Normale,Deux véhicules - arrière,3,2,2,1,1,1,1,0,8,80,2,2,1,0,1,0,58.0,43.0,deux_roues,voiture,2,1,1,1,2
202300036407,2023-04-11 10:10:00,2023,4,11,10,10,78,78571,A13,48.872598,2.025976,Plein jour,Hors agglomération,Hors intersection,Normale,Autre collision,1,3,2,0,1,1,1,0,1,110,1,1,0,0,0,1,32.0,,deux_roues,,1,1,1,1,6
202300036408,2023-09-04 14:45:00,2023,9,4,14,45,01,01353,Route d'Ars,45.976474,4.798426,Plein jour,Hors agglomération,Hors intersection,Normale,Deux véhicules - frontale,3,2,2,0,1,1,1,0,1,80,2,2,0,0,0,2,43.0,69.0,voiture,voiture,1,1,1,1,1
202300036409,2023-02-27 06:55:00,2023,2,27,6,55,33,33249,ROCADE A 630,44.88474216,-0.51442623,Nuit avec éclairage allumé,Hors agglomération,Hors intersection,Normale,Deux véhicules - côté,1,3,6,0,1,1,1,0,1,90,2,2,0,0,0,2,47.0,42.0,voiture,deux_roues,5,1,1,1,3
202300036410,2023-09-06 09:25:00,2023,9,6,9,25,01,01354,D78a,46.264544,6.043784,Plein jour,En agglomération,Giratoire,Normale,Sans collision,3,2,2,0,1,2,1,0,1,50,1,1,0,1,0,0,87.0,,deux_roues,,1,2,6,1,7
202300036411,2023-02-17 14:23:00,2023,2,17,14,23,59,59646,ROUTE DEPARTEMENTALE 652,50.68341,3.112,Plein jour,Hors agglomération,Hors intersection,Normale,Autre collision,1,-1,4,0,1,1,1,0,1,90,1,1,0,0,0,1,31.0,,voiture,,1,1,1,1,6
202300036412,2023-04-11 09:20:00,2023,4,11,9,20,92,92048,N118,48.79379358,2.21880725,Plein jour,Hors agglomération,Hors intersection,Normale,Deux véhicules - côté,2,1,2,0,1,1,2,0,1,90,2,2,1,0,0,1,39.0,36.0,voiture,deux_roues,1,1,1,1,3
202300036413,2023-09-05 12:20:00,2023,9,5,12,20,35,35012,Pommeniac,47.799229,-1.690988,Plein jour,Hors agglomération,Hors intersection,Normale,Autre collision,6,-1, -1,0,1,1,1,9,1,50,1,2,1,0,1,0,85.0,,voiture,,1,1,1,1,6
202300036414,2023-02-27 14:00:00,2023,2,27,14,0,91,91645,N385,48.75993188,2.26284379,Plein jour,Hors agglomération,Hors intersection,Normale,Deux véhicules - côté,2,3,8,0,1,1,1,0,1,110,2,2,1,0,0,1,31.0,,voiture,utilitaire_camion,1,1,1,1,3
202300036415,2023-04-10 22:10:00,2023,4,10,22,10,93,93066,AUTOROUTE A86,48.92193,2.36188,Nuit sans éclairage public,Hors agglomération,Hors intersection,Pluie légère,Deux véhicules - arrière,1,3,4,0,2,1,4,0,1,90,2,3,2,0,0,1,29.0,26.0,voiture,voiture,3,1,1,2,2
202300036416,2023-02-27 01:40:00,2023,2,27,1,40,78,78007,A13W,48.8993,2.0055,Nuit sans éclairage public,Hors agglomération,Hors intersection,Normale,Sans collision,1,1,2,0,1,1,1,0,1,110,1,1,0,0,0,1,34.0,,voiture,,3,1,1,1,7
202300036417,2023-09-05 14:55:00,2023,9,5,14,55,14,14027,6 Route de Beauvais,49.029054,-0.640426,Plein jour,Hors agglomération,Hors intersection,Normale,Deux véhicules - frontale,3,2,2,0,2,1,1,0,1,70,2,2,0,1,1,0,43.0,68.0,voiture,voiture,1,1,1,1,1
202300036418,2023-04-11 07:30:00,2023,4,11,7,30,93,93051,A4,48.83620546,2.5559632,Plein jour,Hors agglomération,Hors intersection,Normale,Deux véhicules - côté,1,3,6,0,1,1,1,0,1,110,2,2,1,0,0,1,36.0,41.0,utilitaire_camion,deux_roues,1,1,1,1,3
202300036419,2023-02-26 06:55:00,2023,2,26,6,55,78,78133,A13,48.887648,2.011535,Nuit sans éclairage public,Hors agglomération,Hors intersection,Normale,Autre collision,1,-1,2,0,1,1,1,0,1,110,1,4,0,0,0,4,31.0,,voiture,,3,1,1,1,6
202300036420,2023-09-05 18:30:00,2023,9,5,18,30,74,74112,RD1508 - Face à Jour de Fête,45.936065,6.07471,Plein jour,Hors agglomération,Hors intersection,Normale,Trois véhicules et plus - en chaîne,3,2,2,0,1,1,1,0,1,80,3,3,2,0,0,1,22.0,56.0,voiture,deux_roues,1,1,1,1,4
202300036421,2023-02-25 23:08:00,2023,2,25,23,8,78,78362,A13,48.977002,1.715643,Nuit avec éclairage allumé,Hors agglomération,Hors intersection,Normale,Autre collision,1,-1,0,0,1,1,1,3,1,110,1,2,1,0,0,1,34.0,,voiture,,5,1,1,1,6
202300036422,2023-09-05 17:30:00,2023,9,5,17,30,62,62808,D343,50.464826,2.228851,Plein jour,Hors agglomération,Hors intersection,Normale,Autre collision,3,2,2,0,1,1,1,0,3,80,1,1,0,1,0,0,57.0,,voiture,,1,1,1,1,6
202300036423,2023-09-03 23:00:00,2023,9,3,23,0,62,62597,D32,50.18515075,2.78071378,Nuit avec éclairage non allumé,En agglomération,Hors intersection,Normale,Sans collision,3,2,2,0,1,2,1,0,1,50,1,1,0,0,1,0,42.0,,deux_roues,,4,2,1,1,7
202300036424,2023-02-26 16:30:00,2023,2,26,16,30,95,95500,A15,49.036351,2.09396878,Plein jour,Hors agglomération,Hors intersection,Normale,Deux véhicules - arrière,1,3,6,0,1,1,1,0,1,110,2,4,1,0,0,3,37.0,35.0,voiture,voiture,1,1,1,1,2
202300036425,2023-04-08 04:07:00,2023,4,8,4,7,75,75114,AVENUE DU GENERAL LECLERC,48.830795,2.329388,Nuit avec éclairage allumé,En agglomération,Intersection en T,Normale,Deux véhicules - arrière,4,2,5,0,1,1,1,0,1,50,2,3,2,0,1,0,31.0,55.0,deux_roues,voiture,5,2,3,1,2
202300036425,2023-04-08 04:07:00,2023,4,8,4,7,75,75114,AVENUE DU GENERAL LECLERC,48.830795,2.329388,Nuit avec éclairage allumé,En agglomération,Intersection en T,Normale,Deux véhicules - arrière,4,1,1,0,1,1,1,0,1,30,2,3,2,0,1,0,31.0,55.0,deux_roues,voiture,5,2,3,1,2
202300036426,2023-04-10 23:00:00,2023,4,10,23,0,75,75120,RUE DE LA BIDASSOA,48.865429,2.394894,Nuit avec éclairage allumé,En agglomération,Intersection en X,Pluie légère,Sans collision,4,-1, -1,1,1,1,2,0,1,30,2,2,1,0,0,1,,30.0,voiture,deux_roues,5,2,2,2,7
202300036426,2023-04-10 23:00:00,2023,4,10,23,0,75,75120,RUE DE LA BIDASSOA,48.865429,2.394894,Nuit avec éclairage allumé,En agglomération,Intersection en X,Pluie légère,Sans collision,4,1,1,2,2,1,2,0,1,30,2,2,1,0,0,1,,30.0,voiture,deux_roues,5,2,2,2,7
202300036427,2023-09-05 13:30:00,2023,9,5,13,30,57,57389,D24,49.040203,6.720967,Plein jour,Hors agglomération,Autre intersection,Normale,Deux véhicules - frontale,3,2,2,0,1,1,1,0,1,80,2,7,5,0,2,0,69.0,40.0,voiture,voiture,1,1,9,1,1
202300036428,2023-02-25 14:50:00,2023,2,25,14,50,93,93010,AUTOROUTE A3,48.89162,2.4733,Plein jour,Hors agglomération,Hors intersection,Normale,Trois véhicules et plus - en chaîne,1,3,10,0,1,1,1,0,1,90,3,5,2,0,0,3,52.0,50.0,voiture,voiture,1,1,1,1,4
202300036429,2023-04-10 18:55:00,2023,4,10,18,55,75,75119,AVENUE JEAN JAURES,48.886641,2.38482,Plein jour,En agglomération,Intersection en T,Pluie légère,Sans collision,4,2,4,1,1,1,2,0,5,30,1,1,0,0,0,1,21.0,,deux_roues,,1,2,3,2,7
202300036429,2023-04-10 18:55:00,2023,4,10,18,55,75,75119,AVENUE JEAN JAURES,48.886641,2.38482,Plein jour,En agglomération,Intersection en T,Pluie légère,Sans collision,4,-1, -1,1,1,1,2,0,5,30,1,1,0,0,0,1,21.0,,deux_roues,,1,2,3,2,7
202300036430,2023-09-04 14:30:00,2023,9,4,14,30,51,51543,D931,49.095621,4.702578,Plein jour,Hors agglomération,Hors intersection,Normale,Sans collision,3,2,2,0,3,2,1,0,3,90,1,1,0,0,0,1,42.0,,utilitaire_camion,,1,1,1,1,7
202300036431,2023-02-27 16:30:00,2023,2,27,16,30,94,94022,A86,48.77572926,2.41366314,Plein jour,Hors agglomération,Hors intersection,Normale,Deux véhicules - arrière,1,3,3,0,1,1,1,0,1,70,2,2,1,0,0,1,32.0,43.0,utilitaire_camion,voiture,1,1,1,1,2
202300036432,2023-09-06 10:55:00,2023,9,6,10,55,51,51393,D386,49.134371,3.9186,Plein jour,Hors agglomération,Hors intersection,Temps éblouissant,Deux véhicules - frontale,3,2,2,0,3,3,1,0,1,80,2,2,1,0,1,0,65.0,44.0,voiture,voiture,1,1,1,7,1
202300036433,2023-04-07 13:00:00,2023,4,7,13,0,75,75116,ROUTE DES TRIBUNES,48.861972,2.230384,Plein jour,En agglomération,Intersection en T,Normale,Deux véhicules - côté,4,1, -1,1,1,1,1,0,5,50,2,2,1,0,0,1,79.0,29.0,deux_roues,deux_roues,1,2,3,1,3
202300036433,2023-04-07 13:00:00,2023,4,7,13,0,75,75116,ROUTE DES TRIBUNES,48.861972,2.230384,Plein jour,En agglomération,Intersection en T,Normale,Deux véhicules - côté,4,1,1,1,1,3,1,0,5,50,2,2,1,0,0,1,79.0,29.0,deux_roues,deux_roues,1,2,3,1,3
202300036434,2023-08-19 10:45:00,2023,8,19,10,45,19,19049,Route Des Places,45.065754,1.474979,Plein jour,Hors agglomération,Intersection en T,Normale,Deux véhicules - côté,3,2,2,0,1,3,1,0,1,90,2,3,2,0,0,1,29.0,28.0,voiture,deux_roues,1,1,3,1,3
202300036434,2023-08-19 10:45:00,2023,8,19,10,45,19,19049,Route Des Places,45.065754,1.474979,Plein jour,Hors agglomération,Intersection en T,Normale,Deux véhicules - côté,3,2, -1,-1,1,1,1,0,1,-1,2,3,2,0,0,1,29.0,28.0,voiture,deux_roues,1,1,3,1,3
202300036435,2023-09-02 18:50:00,2023,9,2,18,50,56,56164,Penhouët,47.658118,-2.815933,Plein jour,Hors agglomération,Intersection en Y,Pluie légère,Deux véhicules - arrière,4,2,2,0,2,3,2,0,1,70,2,3,1,0,0,2,70.0,27.0,voiture,deux_roues,1,1,4,2,2
202300036435,2023-09-02 18:50:00,2023,9,2,18,50,56,56164,Penhouët,47.658118,-2.815933,Plein jour,Hors agglomération,Intersection en Y,Pluie légère,Deux véhicules - arrière,4,2,2,-1,3,1,2,0,1,-1,2,3,1,0,0,2,70.0,27.0,voiture,deux_roues,1,1,4,2,2
202300036436,2023-04-10 02:55:00,2023,4,10,2,55,75,75111,RUE DU FAUBOURG SAINT ANTOINE,48.850462,2.383078,Nuit avec éclairage allumé,En agglomération,Hors intersection,Normale,Deux véhicules - côté,4,1,1,0,1,1,1,0,1,30,2,2,1,0,0,1,24.0,42.0,deux_roues,deux_roues,5,2,1,1,3
202300036437,2023-09-05 10:05:00,2023,9,5,10,5,74,74208,Route de plaine joux,45.946793,6.725435,Plein jour,Hors agglomération,Hors intersection,Normale,Sans collision,3,-1,2,0,2,2,1,0,1,80,1,2,1,0,1,0,75.0,,voiture,,1,1,1,1,7
202300036438,2023-09-05 12:05:00,2023,9,5,12,5,2B,2B050,avenue christophe Colomb,42.556692,8.759478,Plein jour,En agglomération,Autre intersection,Normale,Deux véhicules - côté,2,2,2,0,1,1,1,0,1,50,2,2,1,0,0,1,58.0,44.0,deux_roues,voiture,1,2,9,1,3
202300036439,2023-09-05 17:25:00,2023,9,5,17,25,11,11304,,42.895428,2.190807,Plein jour,Hors agglomération,Hors intersection,Normale,Deux véhicules - frontale,3,2,2,0,1,1,1,0,1,80,2,3,2,0,1,0,28.0,44.0,voiture,voiture,1,1,1,1,1
202300036440,2023-09-06 18:18:00,2023,9,6,18,18,63,63338,32 Rue de Chez Ponet,46.166201,2.814925,Plein jour,Hors agglomération,Hors intersection,Normale,Autre collision,4,2,2,0,4,1,1,0,8,90,1,3,1,0,2,0,21.0,,voiture,,1,1,1,1,6