accident_id,datetime,annee,mois,jour,heure,minute,departement,commune_insee,adresse,latitude,longitude,luminosite,agglomeration,intersection,meteo,collision,catr,circ,nbv,vosp,prof,plan,surf,infra,situ,vma,nb_vehicules,nb_usagers,nb_indemnes,nb_tues,nb_blesses_hosp,nb_blesses_legers,age_cond_1,age_cond_2,veh_type_cond_1,veh_type_cond_2,lum_code,agg_code,int_code,atm_code,col_code
202300036441,2023-09-05 14:00:00,2023,9,5,14,0,86,86139,Breuil,46.450345,0.098717,Plein jour,Hors agglomération,Hors intersection,Normale,Deux véhicules - frontale,3,2,2,0,1,2,1,0,1,80,2,2,0,0,1,1,86.0,22.0,voiture,utilitaire_camion,1,1,1,1,1
202300036442,2023-09-06 16:35:00,2023,9,6,16,35,25,25157,Lieu dit  le Creux,46.882518,6.421015,Plein jour,Hors agglomération,Hors intersection,Normale,Deux véhicules - frontale,3,2,2,0,1,4,1,0,1,90,2,2,1,1,0,0,30.0,47.0,voiture,voiture,1,1,1,1,1
202300036443,2023-09-06 07:48:00,2023,9,6,7,48,25,25367,15 Rue de Beaulieu,47.447935,6.813074,Plein jour,En agglomération,Hors intersection,Normale,Autre collision,3,2,2,0,1,1,1,0,1,50,1,2,1,0,1,0,26.0,,voiture,,1,2,1,1,6
202300036444,2023-09-06 03:53:00,2023,9,6,3,53,44,44206,le Poteau,46.897468,-1.705531,Nuit sans éclairage public,Hors agglomération,Hors intersection,Normale,Sans collision,3,2,2,0,1,1,1,0,1,80,1,1,0,0,1,0,20.0,,voiture,,3,1,1,1,7
202300036445,2023-09-04 11:20:00,2023,9,4,11,20,29,29217,4 rue des abbés tanguy,47.855627,-3.748608,Plein jour,En agglomération,Hors intersection,Normale,Autre collision,4,2,2,0,2,1,1,6,1,50,1,2,1,0,1,0,75.0,,utilitaire_camion,,1,2,1,1,6
202300036446,2023-09-05 20:40:00,2023,9,5,20,40,02,02422,,49.928102,3.6303,Nuit sans éclairage public,Hors agglomération,Hors intersection,Normale,Deux véhicules - arrière,3,-1,2,0,2,1,1,0,1,80,2,3,1,0,0,2,26.0,37.0,voiture,voiture,3,1,1,1,2
202300036447,2023-09-06 11:30:00,2023,9,6,11,30,01,01323,Route des 4 Vents,46.423008,4.933763,Plein jour,Hors agglomération,Intersection en X,Normale,Deux véhicules - côté,3,2,2,0,2,1,1,0,1,80,2,3,0,0,1,2,40.0,23.0,voiture,voiture,1,1,2,1,3
202300036447,2023-09-06 11:30:00,2023,9,6,11,30,01,01323,Route des 4 Vents,46.423008,4.933763,Plein jour,Hors agglomération,Intersection en X,Normale,Deux véhicules - côté,3,2,2,0,1,1,1,0,1,80,2,3,0,0,1,2,40.0,23.0,voiture,voiture,1,1,2,1,3
202300036448,2023-09-06 11:10:00,2023,9,6,11,10,01,01113,la Buissonnière,46.154467,5.114624,Plein jour,Hors agglomération,Hors intersection,Normale,Deux véhicules - côté,4,2,2,0,1,2,1,0,1,80,2,3,1,1,1,0,25.0,66.0,utilitaire_camion,deux_roues,1,1,1,1,3
202300036449,2023-09-05 19:38:00,2023,9,5,19,38,70,70312,Rue Pierre Carmien et rue de la cotelotte,47.597068,6.739664,Plein jour,En agglomération,Intersection en X,Temps éblouissant,Deux véhicules - côté,3,2,2,0,1,3,1,0,1,30,2,2,1,0,0,1,14.0,59.0,deux_roues,voiture,1,2,2,7,3
202300036449,2023-09-05 19:38:00,2023,9,5,19,38,70,70312,Rue Pierre Carmien et rue de la cotelotte,47.597068,6.739664,Plein jour,En agglomération,Intersection en X,Temps éblouissant,Deux véhicules - côté,3,2,2,0,2,1,1,5,1,30,2,2,1,0,0,1,14.0,59.0,deux_roues,voiture,1,2,2,7,3
202300036450,2023-09-05 19:45:00,2023,9,5,19,45,26,26159,D514,44.71300284,5.41640997,Plein jour,Hors agglomération,Hors intersection,Normale,Autre collision,3,2,2,0,2,1,1,2,8,80,1,1,0,0,1,0,54.0,,deux_roues,,1,1,1,1,6
202300036451,2023-09-06 07:30:00,2023,9,6,7,30,06,06059,M6007,43.72634,7.388805,Plein jour,Hors agglomération,Hors intersection,Normale,Deux véhicules - arrière,7,3,2,3,2,1,1,0,6,70,2,2,1,0,1,0,39.0,45.0,utilitaire_camion,deux_roues,1,1,1,1,2
202300036452,2023-09-06 10:40:00,2023,9,6,10,40,50,50353,Le Mont-Saint-Michel,48.617477,-1.511028,Plein jour,En agglomération,Hors intersection,Normale,Autre collision,5,2,2,0,1,1,1,0,4,50,1,3,1,1,0,1,57.0,,utilitaire_camion,,1,2,1,1,6
202300036453,2023-09-04 16:34:00,2023,9,4,16,34,43,43005,Lieu-dit Gourlon,44.921243,3.676177,Plein jour,Hors agglomération,Hors intersection,Normale,Sans collision,3,2,2,0,1,2,9,0,1,50,1,2,1,0,1,0,62.0,,deux_roues,,1,1,1,1,7
202300036454,2023-09-06 14:10:00,2023,9,6,14,10,36,36128,,46.85713508,1.77566404,Plein jour,Hors agglomération,Hors intersection,Normale,Deux véhicules - côté,2,2,2,0,1,1,1,0,1,70,2,2,1,1,0,0,51.0,70.0,deux_roues,voiture,1,1,1,1,3
202300036455,2023-09-05 16:00:00,2023,9,5,16,0,53,53008,1 Rue de la Libération,48.29692,-0.559825,Plein jour,En agglomération,Hors intersection,Normale,Autre collision,6,-1, -1,0,2,1,1,0,3,50,1,1,0,1,0,0,84.0,,voiture,,1,2,1,1,6
202300036456,2023-09-06 15:11:00,2023,9,6,15,11,04,04121,D17,44.0172,6.178994,Plein jour,Hors agglomération,Hors intersection,Normale,Deux véhicules - frontale,3,-1,2,0,1,3,1,0,1,80,2,2,1,0,0,1,31.0,62.0,voiture,voiture,1,1,1,1,1
202300036457,2023-09-06 17:50:00,2023,9,6,17,50,85,85031,Carrefour RD 960BIS / RD 13,46.776058,-0.895596,Plein jour,Hors agglomération,Intersection en X,Normale,Deux véhicules - côté,3,2, -1,-1,1,3,1,0,1,-1,2,2,1,0,1,0,43.0,57.0,deux_roues,voiture,1,1,2,1,3
202300036457,2023-09-06 17:50:00,2023,9,6,17,50,85,85031,Carrefour RD 960BIS / RD 13,46.776058,-0.895596,Plein jour,Hors agglomération,Intersection en X,Normale,Deux véhicules - côté,3,2,3,0,1,1,1,5,1,80,2,2,1,0,1,0,43.0,57.0,deux_roues,voiture,1,1,2,1,3
202300036458,2023-09-04 13:30:00,2023,9,4,13,30,37,37109,D76,47.412747,0.603057,Plein jour,Hors agglomération,Intersection en T,Normale,Deux véhicules - côté,3,2,2,0,1,1,1,0,1,50,2,3,2,0,1,0,57.0,49.0,deux_roues,voiture,1,1,3,1,3
202300036458,2023-09-04 13:30:00,2023,9,4,13,30,37,37109,D76,47.412747,0.603057,Plein jour,Hors agglomération,Intersection en T,Normale,Deux véhicules - côté,3,2,2,0,1,1,1,0,1,50,2,3,2,0,1,0,57.0,49.0,deux_roues,voiture,1,1,3,1,3
202300036459,2023-09-03 18:30:00,2023,9,3,18,30,67,67083,D853,48.993327,7.653651,Plein jour,Hors agglomération,Intersection en Y,Normale,Deux véhicules - côté,3,2,2,0,1,3,1,0,1,80,2,2,1,0,1,0,27.0,20.0,deux_roues,voiture,1,1,4,1,3
202300036460,2023-09-06 03:10:00,2023,9,6,3,10,24,24091,D46,44.772132,1.217895,Nuit sans éclairage public,Hors agglomération,Hors intersection,Normale,Autre collision,3,2,2,0,3,2,1,0,3,80,1,2,0,0,1,1,49.0,,voiture,,3,1,1,1,6
202300036461,2023-09-04 15:05:00,2023,9,4,15,5,971,97103,Boulevard de Destrellan,16.253664,-61.587961,Plein jour,En agglomération,Hors intersection,Normale,Deux véhicules - côté,9,-1,2,0,1,2,1,0,1,30,2,2,1,0,1,0,24.0,48.0,deux_roues,voiture,1,2,1,1,3
202300036462,2023-09-05 09:42:00,2023,9,5,9,42,95,95580,D16,49.08599527,2.5496757,Plein jour,Hors agglomération,Giratoire,Normale,Deux véhicules - côté,3,1,2,0,1,2,1,0,1,80,2,2,1,0,1,0,48.0,63.0,voiture,deux_roues,1,1,6,1,3
202300036463,2023-09-05 16:40:00,2023,9,5,16,40,59,59216,"Autoroute A2, PK 037.300, sens PARIS/BRUXELLES",50.224119,3.257961,Plein jour,Hors agglomération,Hors intersection,Normale,Deux véhicules - arrière,1,3,2,0,1,1,1,0,1,130,2,2,0,1,0,1,49.0,54.0,utilitaire_camion,utilitaire_camion,1,1,1,1,2
202300036464,2023-09-04 13:45:00,2023,9,4,13,45,987,98729,"PK 7,700 Paopao",-17.577,-150.202,Plein jour,Hors agglomération,Hors intersection,Pluie légère,Deux véhicules - frontale,4,2,2,2,1,2,2,0,1,60,2,3,1,1,1,0,56.0,41.0,deux_roues,utilitaire_camion,1,1,1,2,1
202300036465,2023-09-06 09:15:00,2023,9,6,9,15,971,97106,Boulevard Front de Mer,16.128654,-61.769766,Plein jour,En agglomération,Hors intersection,Temps éblouissant,Deux véhicules - côté,2,2,2,0,1,1,1,0,1,50,2,3,2,0,1,0,39.0,47.0,deux_roues,voiture,1,2,1,7,3
202300036466,2023-09-05 11:10:00,2023,9,5,11,10,77,77005,D404,48.928421,2.728429,Plein jour,Hors agglomération,Hors intersection,Normale,Deux véhicules - arrière,3,2,2,0,1,1,1,0,1,80,2,3,1,0,1,1,45.0,29.0,voiture,utilitaire_camion,1,1,1,1,2
202300036467,2023-09-05 08:55:00,2023,9,5,8,55,77,77520,D104,48.319748,2.654188,Plein jour,Hors agglomération,Hors intersection,Normale,Sans collision,3,2,1,0,1,3,1,0,3,80,1,1,0,0,1,0,27.0,,deux_roues,,1,1,1,1,7
202300036468,2023-09-06 05:30:00,2023,9,6,5,30,78,78499,D988,48.557097,1.904229,Crépuscule ou aube,Hors agglomération,Intersection en X,Normale,Deux véhicules - côté,3,2,2,0,1,1,1,0,1,80,2,2,0,0,2,0,54.0,21.0,voiture,voiture,2,1,2,1,3
202300036468,2023-09-06 05:30:00,2023,9,6,5,30,78,78499,D988,48.557097,1.904229,Crépuscule ou aube,Hors agglomération,Intersection en X,Normale,Deux véhicules - côté,3,2,2,0,1,1,1,0,1,70,2,2,0,0,2,0,54.0,21.0,voiture,voiture,2,1,2,1,3
202300036469,2023-09-05 15:30:00,2023,9,5,15,30,34,34154,CD189,43.600843,3.957964,Plein jour,Hors agglomération,Hors intersection,Normale,Deux véhicules - côté,3,2,2,0,1,1,1,0,1,70,2,2,1,1,0,0,36.0,71.0,deux_roues,voiture,1,1,1,1,3
202300036470,2023-08-12 22:30:00,2023,8,12,22,30,13,13066,D7n,43.883441,4.91592,Nuit sans éclairage public,Hors agglomération,Autre intersection,Normale,Deux véhicules - arrière,3,2,2,0,1,1,1,0,1,80,2,5,2,0,0,3,31.0,27.0,voiture,voiture,3,1,9,1,2
202300036471,2023-09-06 17:06:00,2023,9,6,17,6,25,25505,8 Route de Cuse,47.480001,6.359899,Plein jour,En agglomération,Hors intersection,Normale,Deux véhicules - arrière,3,2,2,0,1,1,1,0,1,50,2,2,1,0,1,0,28.0,30.0,deux_roues,deux_roues,1,2,1,1,2
202300036472,2023-09-05 18:30:00,2023,9,5,18,30,71,71371,Route de Macon,46.33498,4.73087,Plein jour,Hors agglomération,Intersection en T,Normale,Deux véhicules - côté,3,2,2,0,1,3,1,0,1,80,2,3,2,0,1,0,54.0,47.0,voiture,deux_roues,1,1,3,1,3
202300036472,2023-09-05 18:30:00,2023,9,5,18,30,71,71371,Route de Macon,46.33498,4.73087,Plein jour,Hors agglomération,Intersection en T,Normale,Deux véhicules - côté,3,2,2,0,2,1,1,0,1,80,2,3,2,0,1,0,54.0,47.0,voiture,deux_roues,1,1,3,1,3
202300036473,2023-09-06 18:15:00,2023,9,6,18,15,68,68111,D1.5,48.00474,7.26795,Plein jour,Hors agglomération,Hors intersection,Normale,Sans collision,3,2,2,0,2,2,1,0,1,80,1,1,0,0,1,0,23.0,,deux_roues,,1,1,1,1,7
202300036474,2023-09-05 07:30:00,2023,9,5,7,30,42,42304,D8,45.527877,4.196777,Plein jour,En agglomération,Hors intersection,Normale,Deux véhicules - frontale,3,2,2,0,1,1,1,0,1,80,2,2,0,1,0,1,40.0,51.0,deux_roues,voiture,1,2,1,1,1
202300036475,2023-09-05 16:20:00,2023,9,5,16,20,38,38246,D51,45.53262,5.417783,Plein jour,En agglomération,Hors intersection,Normale,Deux véhicules - arrière,3,2,2,0,1,1,1,0,1,50,2,2,1,1,0,0,33.0,27.0,voiture,deux_roues,1,2,1,1,2
202300036476,2023-09-05 19:06:00,2023,9,5,19,6,38,38474,D531,45.216624,5.645674,Plein jour,Hors agglomération,Hors intersection,Normale,Autre collision,7,2,2,0,2,3,1,0,3,90,1,1,0,0,1,0,47.0,,utilitaire_camion,,1,1,1,1,6
202300036477,2023-09-03 14:45:00,2023,9,3,14,45,26,26170,D176,44.903239,4.942909,Plein jour,Hors agglomération,Intersection en X,Normale,Deux véhicules - côté,3,2,2,0,1,1,1,0,1,80,2,2,1,0,1,0,82.0,86.0,deux_roues,voiture,1,1,2,1,3
202300036477,2023-09-03 14:45:00,2023,9,3,14,45,26,26170,D176,44.903239,4.942909,Plein jour,Hors agglomération,Intersection en X,Normale,Deux véhicules - côté,3,2,2,0,1,1,1,0,1,70,2,2,1,0,1,0,82.0,86.0,deux_roues,voiture,1,1,2,1,3
202300036478,2023-09-04 19:05:00,2023,9,4,19,5,33,33509,D138,44.99800567,-0.23300081,Plein jour,Hors agglomération,Hors intersection,Normale,Autre collision,3,2,2,0,1,2,1,0,3,80,1,1,0,1,0,0,28.0,,voiture,,1,1,1,1,6
202300036479,2023-09-04 18:05:00,2023,9,4,18,5,33,33494,D6,44.949158,-0.852556,Plein jour,Hors agglomération,Hors intersection,Normale,Deux véhicules - frontale,3,2,2,0,1,1,1,0,1,80,2,2,0,0,2,0,75.0,27.0,voiture,voiture,1,1,1,1,1
202300036480,2023-08-26 18:00:00,2023,8,26,18,0,33,33422,Avenue du Las,44.80716801,-0.79261422,Plein jour,En agglomération,Hors intersection,Normale,Deux véhicules - frontale,3,2,2,0,1,1,1,0,1,50,2,3,2,0,1,0,87.0,45.0,voiture,voiture,1,2,1,1,1
202300036481,2023-09-04 07:25:00,2023,9,4,7,25,14,14728,2 Route du Château,49.28605,-0.73597,Plein jour,En agglomération,Hors intersection,Normale,Autre collision,3,2,2,0,4,2,1,0,3,50,1,1,0,0,1,0,57.0,,voiture,,1,2,1,1,6
202300036482,2023-09-06 10:40:00,2023,9,6,10,40,29,29021,Route de Menhir,48.654311,-4.303011,Plein jour,En agglomération,Hors intersection,Normale,Sans collision,4,2,2,0,1,1,1,0,1,50,1,1,0,0,0,1,55.0,,deux_roues,,1,2,1,1,7
202300036483,2023-08-31 23:10:00,2023,8,31,23,10,29,29087,Route de Kermenguy,48.06075,-4.280713,Nuit sans éclairage public,Hors agglomération,Hors intersection,Pluie forte,Sans collision,4,2,2,0,1,3,2,0,3,80,1,1,0,0,1,0,38.0,,voiture,,3,1,1,3,7
202300036484,2023-09-06 18:10:00,2023,9,6,18,10,59,59551,715 Rue Jean Rache,50.482768,3.338693,Plein jour,En agglomération,Hors intersection,Temps éblouissant,Autre collision,4,2,2,0,1,3,1,0,3,50,1,2,0,0,0,2,21.0,,deux_roues,,1,2,1,7,6
202300036485,2023-09-05 15:00:00,2023,9,5,15,0,59,59336,RD 47,50.279557,3.042952,Plein jour,Hors agglomération,Hors intersection,Temps éblouissant,Sans collision,3,2,2,0,1,1,1,0,1,50,1,1,0,0,1,0,47.0,,deux_roues,,1,1,1,7,7
202300036486,2023-09-04 15:37:00,2023,9,4,15,37,13,13212,A507 sens Marseille - Aubagne,43.31297,5.42393,Plein jour,Hors agglomération,Hors intersection,Normale,Deux véhicules - arrière,1,1,3,0,1,1,1,1,1,70,2,2,1,0,0,1,56.0,32.0,utilitaire_camion,deux_roues,1,1,1,1,2
202300036487,2023-09-05 08:46:00,2023,9,5,8,46,13,13202,A55-Sens Martigues vers Marseille,43.3153,5.365,Plein jour,Hors agglomération,Hors intersection,Normale,Deux véhicules - côté,1,1,2,0,1,1,1,0,1,50,2,2,1,0,0,1,40.0,61.0,voiture,deux_roues,1,1,1,1,3
202300036488,2023-09-04 11:28:00,2023,9,4,11,28,13,13071,A7-Sens Marseille vers Lyon,43.41716002,5.27526772,Plein jour,Hors agglomération,Hors intersection,Normale,Trois véhicules et plus - en chaîne,1,1,2,0,1,1,1,1,1,90,4,6,2,0,0,4,31.0,52.0,voiture,voiture,1,1,1,1,4
202300036489,2023-09-04 18:30:00,2023,9,4,18,30,59,59196,AUTOROUTE A25,50.63585,2.94455,Plein jour,Hors agglomération,Hors intersection,Normale,Autre collision,1,-1,2,0,1,1,1,0,1,110,2,2,1,0,0,1,30.0,43.0,voiture,voiture,1,1,1,1,6
202300036490,2023-09-01 07:50:00,2023,9,1,7,50,59,59478,AUTOROUTE A25,50.94275,2.45208,Crépuscule ou aube,Hors agglomération,Hors intersection,Pluie forte,Autre collision,1,-1,2,0,1,1,2,0,1,130,1,1,0,0,0,1,23.0,,voiture,,2,1,1,3,6
202300036491,2023-09-01 02:25:00,2023,9,1,2,25,59,59155,AUTOROUTE A16,51.0136,2.38272,Nuit sans éclairage public,Hors agglomération,Hors intersection,Pluie légère,Autre collision,1,-1,3,0,1,1,2,0,1,130,1,1,0,0,1,0,26.0,,voiture,,3,1,1,2,6
202300036492,2023-09-05 00:40:00,2023,9,5,0,40,94,94076,A6B,48.78543196,2.34573083,Nuit sans éclairage public,Hors agglomération,Hors intersection,Normale,Deux véhicules - arrière,1,1,3,0,1,1,1,0,1,90,2,4,3,0,0,1,40.0,22.0,voiture,voiture,3,1,1,1,2
202300036493,2023-09-04 15:48:00,2023,9,4,15,48,91,91179,AUTOROUTE A6,48.567,2.472,Plein jour,Hors agglomération,Hors intersection,Normale,Deux véhicules - arrière,1,1,3,0,1,1,1,0,1,110,2,2,1,0,0,1,59.0,23.0,utilitaire_camion,voiture,1,1,1,1,2
202300036494,2023-09-04 16:00:00,2023,9,4,16,0,92,92036,A86,48.93480505,2.28150149,Plein jour,Hors agglomération,Hors intersection,Normale,Deux véhicules - côté,1,1,2,0,1,1,1,0,1,90,2,2,1,0,0,1,,42.0,autre,deux_roues,1,1,1,1,3
202300036495,2023-09-03 01:20:00,2023,9,3,1,20,95,95572,A15,49.028852,2.127219,Nuit sans éclairage public,Hors agglomération,Hors intersection,Normale,Deux véhicules - arrière,1,3,6,0,1,1,1,0,1,110,2,3,0,0,0,3,51.0,32.0,voiture,voiture,3,1,1,1,2
202300036496,2023-09-05 17:30:00,2023,9,5,17,30,77,77258,A4.Y,48.8303,2.63104,Plein jour,Hors agglomération,Hors intersection,Normale,Trois véhicules et plus - en chaîne,1,3,4,0,1,1,1,0,1,110,4,4,3,0,0,1,47.0,38.0,utilitaire_camion,voiture,1,1,1,1,4
202300036497,2023-07-05 01:20:00,2023,7,5,1,20,83,83069,FRONT DE MER (BOULEVARD),43.10549,6.17588,Nuit avec éclairage allumé,En agglomération,Intersection en X,Normale,Sans collision,3,-1,2,0,1,1,1,0,1,50,1,1,0,1,0,0,43.0,,deux_roues,,5,2,2,1,7
202300036497,2023-07-05 01:20:00,2023,7,5,1,20,83,83069,FRONT DE MER (BOULEVARD),43.10549,6.17588,Nuit avec éclairage allumé,En agglomération,Intersection en X,Normale,Sans collision,3,2,2,0,1,1,1,5,1,50,1,1,0,1,0,0,43.0,,deux_roues,,5,2,2,1,7
202300036498,2023-07-04 19:05:00,2023,7,4,19,5,83,83061,AVENUE DU HUIT MAI 1945,43.43079,6.72505,Plein jour,En agglomération,Intersection en T,Normale,Deux véhicules - côté,3,2,2,0,1,1,1,0,1,50,2,4,2,1,1,0,30.0,66.0,deux_roues,voiture,1,2,3,1,3
202300036498,2023-07-04 19:05:00,2023,7,4,19,5,83,83061,AVENUE DU HUIT MAI 1945,43.43079,6.72505,Plein jour,En agglomération,Intersection en T,Normale,Deux véhicules - côté,3,-1, -1,-1,1,1,1,0,1,-1,2,4,2,1,1,0,30.0,66.0,deux_roues,voiture,1,2,3,1,3
202300036499,2023-06-10 15:40:00,2023,6,10,15,40,94,94041,Rue Denis Papin,48.81374522,2.39538833,Plein jour,En agglomération,Intersection en X,Normale,Deux véhicules - côté,4,1,0,0,1,1,1,0,1,50,2,2,1,0,0,1,31.0,33.0,voiture,deux_roues,1,2,2,1,3
202300036499,2023-06-10 15:40:00,2023,6,10,15,40,94,94041,Rue Denis Papin,48.81374522,2.39538833,Plein jour,En agglomération,Intersection en X,Normale,Deux véhicules - côté,4,2,2,0,1,1,1,0,1,50,2,2,1,0,0,1,31.0,33.0,voiture,deux_roues,1,2,2,1,3
202300036500,2023-09-04 17:10:00,2023,9,4,17,10,988,98818,AVENUE BONAPARTE/RUE DE BOUZOULS,-22.23646,166.46453,Crépuscule ou aube,En agglomération,Intersection en T,Pluie légère,Deux véhicules - côté,4,3,4,3,1,1,2,0,6,50,2,8,5,0,0,3,65.0,81.0,transport_commun,utilitaire_camion,2,2,3,2,3
202300036500,2023-09-04 17:10:00,2023,9,4,17,10,988,98818,AVENUE BONAPARTE/RUE DE BOUZOULS,-22.23646,166.46453,Crépuscule ou aube,En agglomération,Intersection en T,Pluie légère,Deux véhicules - côté,4,2,2,0,1,1,2,0,1,50,2,8,5,0,0,3,65.0,81.0,transport_commun,utilitaire_camion,2,2,3,2,3
202300036501,2023-09-04 17:10:00,2023,9,4,17,10,974,97416,SAVIGNY (CHEMIN EDOUARD),-21.29734,55.49261,Plein jour,En agglomération,Hors intersection,Normale,Autre collision,4,2,2,0,2,2,1,0,8,50,1,1,0,0,1,0,25.0,,deux_roues,,1,2,1,1,6
202300036502,2023-09-04 07:38:00,2023,9,4,7,38,974,97416,BADAMIER(CHEMIN),-21.3103,55.4562,Plein jour,Hors agglomération,Hors intersection,Normale,Deux véhicules - arrière,4,2,2,0,1,1,1,0,1,30,2,4,2,0,0,2,49.0,46.0,utilitaire_camion,voiture,1,1,1,1,2
202300036503,2023-08-31 17:20:00,2023,8,31,17,20,974,97416,MAURICE THOREZ(CHEMIN),-21.2776,55.4681,Plein jour,Hors agglomération,Hors intersection,Normale,Sans collision,3,2,2,0,4,1,1,0,1,50,1,2,1,0,0,1,59.0,,deux_roues,,1,1,1,1,7
202300036504,2023-09-04 18:20:00,2023,9,4,18,20,973,97302,CATAYEE (JUSTIN),4.92556451,-52.32413113,Nuit avec éclairage allumé,En agglomération,Intersection en Y,Normale,Deux véhicules - côté,3,2,2,0,1,1,1,8,8,50,2,3,1,0,0,2,38.0,22.0,voiture,voiture,5,2,4,1,3
202300036504,2023-09-04 18:20:00,2023,9,4,18,20,973,97302,CATAYEE (JUSTIN),4.92556451,-52.32413113,Nuit avec éclairage allumé,En agglomération,Intersection en Y,Normale,Deux véhicules - côté,3,2,2,0,1,3,9,8,1,50,2,3,1,0,0,2,38.0,22.0,voiture,voiture,5,2,4,1,3
202300036505,2023-09-04 07:32:00,2023,9,4,7,32,973,97302,CABASSOU (ROUTE DE),4.91983418,-52.31922269,Plein jour,En agglomération,Hors intersection,Normale,Deux véhicules - côté,3,2,1,0,1,1,1,0,1,50,2,3,1,0,0,2,38.0,41.0,deux_roues,voiture,1,2,1,1,3
202300036506,2023-09-04 20:36:00,2023,9,4,20,36,2B,2B353,CAP - ROUTE DU CAP,42.716881,9.455308,Nuit avec éclairage allumé,Hors agglomération,Hors intersection,Normale,Autre collision,3,-1,2,0,1,3,1,0,1,50,2,2,0,0,0,2,25.0,22.0,deux_roues,deux_roues,5,1,1,1,6
202300036507,2023-09-03 18:00:00,2023,9,3,18,0,971,97113,SECTION GRANDE RAVINE,16.21424,-61.4806,Crépuscule ou aube,En agglomération,Hors intersection,Normale,Sans collision,4,2,2,0,1,1,1,0,3,50,1,1,0,0,0,1,18.0,,deux_roues,,2,2,1,1,7
202300036508,2023-09-03 18:20:00,2023,9,3,18,20,971,97113,Morne Salines,16.21069795,-61.44166231,Crépuscule ou aube,Hors agglomération,Hors intersection,Normale,Deux véhicules - côté,2,2,2,0,2,1,1,0,1,70,2,3,1,0,0,2,47.0,,voiture,autre,2,1,1,1,3
202300036509,2023-08-15 18:00:00,2023,8,15,18,0,971,97101,ROUTE DE CHAZEAU,16.28899,-61.48015,Plein jour,Hors agglomération,Intersection en Y,Normale,Deux véhicules - côté,4,2,2,0,1,1,1,0,1,50,2,2,1,0,0,1,70.0,17.0,voiture,deux_roues,1,1,4,1,3
202300036509,2023-08-15 18:00:00,2023,8,15,18,0,971,97101,ROUTE DE CHAZEAU,16.28899,-61.48015,Plein jour,Hors agglomération,Intersection en Y,Normale,Deux véhicules - côté,4,2,2,0,1,1,1,5,1,50,2,2,1,0,0,1,70.0,17.0,voiture,deux_roues,1,1,4,1,3
202300036510,2023-08-20 08:34:00,2023,8,20,8,34,95,95210,LIBERATION (RUE DE LA),48.97174,2.30509,Plein jour,En agglomération,Intersection en X,Normale,Sans collision,4,-1,2,0,1,1,1,0,1,30,2,2,1,0,1,0,37.0,,deux_roues,voiture,1,2,2,1,7
202300036510,2023-08-20 08:34:00,2023,8,20,8,34,95,95210,LIBERATION (RUE DE LA),48.97174,2.30509,Plein jour,En agglomération,Intersection en X,Normale,Sans collision,4,-1,2,0,1,1,1,0,1,30,2,2,1,0,1,0,37.0,,deux_roues,voiture,1,2,2,1,7
202300036511,2023-09-04 22:00:00,2023,9,4,22,0,91,91216,GRAND VAUX (RUE),48.67571,2.33591,Crépuscule ou aube,En agglomération,Intersection en Y,Normale,Deux véhicules - arrière,3,2,0,0,2,1,1,0,1,50,2,2,1,0,0,1,25.0,23.0,voiture,deux_roues,2,2,4,1,2
202300036511,2023-09-04 22:00:00,2023,9,4,22,0,91,91216,GRAND VAUX (RUE),48.67571,2.33591,Crépuscule ou aube,En agglomération,Intersection en Y,Normale,Deux véhicules - arrière,3,3,0,0,2,1,1,0,1,50,2,2,1,0,0,1,25.0,23.0,voiture,deux_roues,2,2,4,1,2
202300036512,2023-09-04 12:45:00,2023,9,4,12,45,91,91223,R.D.20,48.43077,2.16458,Plein jour,Hors agglomération,Hors intersection,Normale,Sans collision,3,3,4,0,1,2,1,0,1,90,1,1,0,0,0,1,19.0,,voiture,,1,1,1,1,7
202300036513,2023-08-31 16:50:00,2023,8,31,16,50,89,89387,D606,48.16734,3.29843,Plein jour,Hors agglomération,Hors intersection,Pluie légère,Trois véhicules et plus - en chaîne,3,2,3,0,1,1,2,0,1,90,4,7,5,0,1,1,43.0,23.0,voiture,voiture,1,1,1,2,4
202300036514,2023-09-02 18:01:00,2023,9,2,18,1,87,87085,PERRIN (RUE FRANCOIS),45.82889,1.24352,Plein jour,En agglomération,Hors intersection,Normale,Autre collision,4,2,2,0,1,1,1,0,1,50,1,1,0,0,0,1,81.0,,voiture,,1,2,1,1,6
202300036515,2023-09-03 03:10:00,2023,9,3,3,10,86,86194,Rue Jean Valade,46.566463,0.314177,Nuit avec éclairage allumé,En agglomération,Hors intersection,Normale,Autre collision,4,2,2,0,1,3,1,0,4,30,1,3,0,0,0,3,21.0,,voiture,,5,2,1,1,6
202300036516,2023-08-20 12:00:00,2023,8,20,12,0,83,83137,15EME CORPS (AVE DU),43.12824,5.90855,Plein jour,En agglomération,Hors intersection,Normale,Autre collision,3,2,2,0,1,1,1,0,1,50,1,2,1,0,0,1,,,voiture,,1,2,1,1,6
202300036517,2023-09-04 15:45:00,2023,9,4,15,45,78,78133,MANTES (ROUTE DE),48.908849,2.042982,Plein jour,En agglomération,Intersection en T,Normale,Deux véhicules - côté,3,1,1,0,1,1,1,0,1,50,2,2,1,0,0,1,67.0,51.0,voiture,deux_roues,1,2,3,1,3
202300036517,2023-09-04 15:45:00,2023,9,4,15,45,78,78133,MANTES (ROUTE DE),48.908849,2.042982,Plein jour,En agglomération,Intersection en T,Normale,Deux véhicules - côté,3,1,1,1,1,1,1,9,1,50,2,2,1,0,0,1,67.0,51.0,voiture,deux_roues,1,2,3,1,3