accident_id,datetime,annee,mois,jour,heure,minute,departement,commune_insee,adresse,latitude,longitude,luminosite,agglomeration,intersection,meteo,collision,catr,circ,nbv,vosp,prof,plan,surf,infra,situ,vma,nb_vehicules,nb_usagers,nb_indemnes,nb_tues,nb_blesses_hosp,nb_blesses_legers,age_cond_1,age_cond_2,veh_type_cond_1,veh_type_cond_2,lum_code,agg_code,int_code,atm_code,col_code
202300036641,2023-12-12 07:55:00,2023,12,12,7,55,46,46132,hopital beaulieu,44.748592,1.798137,Crépuscule ou aube,En agglomération,Hors intersection,Normale,Autre collision,3,2,2,0,1,1,2,0,1,50,1,2,1,0,0,1,72.0,,utilitaire_camion,,2,2,1,1,6
202300036642,2023-12-13 16:10:00,2023,12,13,16,10,86,86113,N10,46.483761,0.272047,Plein jour,Hors agglomération,Intersection en X,Pluie légère,Deux véhicules - côté,2,3,0,0,2,1,2,5,1,90,2,4,0,0,1,3,34.0,45.0,voiture,utilitaire_camion,1,1,2,2,3
202300036642,2023-12-13 16:10:00,2023,12,13,16,10,86,86113,N10,46.483761,0.272047,Plein jour,Hors agglomération,Intersection en X,Pluie légère,Deux véhicules - côté,2,2, -1,-1,1,1,2,5,1,-1,2,4,0,0,1,3,34.0,45.0,voiture,utilitaire_camion,1,1,2,2,3
202300036643,2023-12-12 17:29:00,2023,12,12,17,29,38,38130,D518a,45.380468,5.262017,Nuit sans éclairage public,Hors agglomération,Hors intersection,Pluie forte,Deux véhicules - frontale,3,2,2,0,1,3,2,0,1,70,2,2,1,0,0,1,45.0,36.0,utilitaire_camion,utilitaire_camion,3,1,1,3,1
202300036644,2023-12-12 12:50:00,2023,12,12,12,50,26,26165,Avenue albert mazade,44.774075,4.841315,Plein jour,En agglomération,Intersection en X,Normale,Deux véhicules - côté,3,2,2,0,1,1,1,0,1,50,2,2,1,0,1,0,19.0,20.0,voiture,deux_roues,1,2,2,1,3
202300036644,2023-12-12 12:50:00,2023,12,12,12,50,26,26165,Avenue albert mazade,44.774075,4.841315,Plein jour,En agglomération,Intersection en X,Normale,Deux véhicules - côté,3,2,2,0,1,1,1,0,1,50,2,2,1,0,1,0,19.0,20.0,voiture,deux_roues,1,2,2,1,3
202300036645,2023-12-13 19:35:00,2023,12,13,19,35,06,06105,D2085,43.662835,7.056173,Nuit avec éclairage allumé,En agglomération,Intersection en T,Normale,Deux véhicules - côté,3,2,2,1,1,1,1,0,1,50,2,2,1,0,0,1,17.0,72.0,deux_roues,voiture,5,2,3,1,3
202300036645,2023-12-13 19:35:00,2023,12,13,19,35,06,06105,D2085,43.662835,7.056173,Nuit avec éclairage allumé,En agglomération,Intersection en T,Normale,Deux véhicules - côté,3,2,2,0,2,1,1,0,1,50,2,2,1,0,0,1,17.0,72.0,deux_roues,voiture,5,2,3,1,3
202300036646,2023-12-12 21:00:00,2023,12,12,21,0,14,14160,D23,49.062209,-0.307249,Nuit sans éclairage public,Hors agglomération,Hors intersection,Normale,Trois véhicules et plus - collisions multiples,3,2,2,0,1,1,1,0,1,80,3,3,2,0,1,0,44.0,54.0,voiture,voiture,3,1,1,1,5
202300036647,2023-12-13 11:40:00,2023,12,13,11,40,64,64538,D933,43.145869,-1.256347,Plein jour,Hors agglomération,Hors intersection,Pluie légère,Deux véhicules - frontale,3,2,2,0,1,4,2,0,1,80,2,2,1,0,0,1,54.0,34.0,voiture,voiture,1,1,1,2,1
202300036648,2023-12-06 10:20:00,2023,12,6,10,20,43,43257,N102,45.02587873,3.77339602,Plein jour,Hors agglomération,Hors intersection,Normale,Deux véhicules - arrière,2,2,2,0,1,1,1,0,1,80,2,4,3,0,1,0,65.0,24.0,voiture,utilitaire_camion,1,1,1,1,2
202300036649,2023-12-13 15:29:00,2023,12,13,15,29,10,10233,D373,48.504546,3.886041,Plein jour,En agglomération,Hors intersection,Pluie légère,Sans collision,3,2,2,0,1,3,2,2,8,50,1,1,0,1,0,0,69.0,,voiture,,1,2,1,2,7
202300036650,2023-12-12 20:30:00,2023,12,12,20,30,10,10055,D671,48.127171,4.35183,Nuit sans éclairage public,Hors agglomération,Hors intersection,Normale,Deux véhicules - frontale,3,2,2,0,1,1,2,0,1,90,2,2,0,0,0,2,36.0,31.0,voiture,voiture,3,1,1,1,1
202300036651,2023-12-05 08:40:00,2023,12,5,8,40,07,07230,Route départementale 104,44.706993,4.4885,Plein jour,Hors agglomération,Hors intersection,Normale,Deux véhicules - frontale,3,2,3,0,2,1,1,0,1,80,2,4,2,0,0,2,35.0,59.0,voiture,voiture,1,1,1,1,1
202300036652,2023-12-12 07:48:00,2023,12,12,7,48,53,53062,Rue Tréhut,47.830123,-0.708715,Nuit avec éclairage allumé,En agglomération,Giratoire,Pluie légère,Autre collision,4,2,2,0,2,1,2,6,1,50,1,2,1,0,1,0,51.0,,voiture,,5,2,6,2,6
202300036653,2023-12-13 05:16:00,2023,12,13,5,16,53,53062,RN162,47.83698,-0.68967,Nuit avec éclairage non allumé,En agglomération,Hors intersection,Temps couvert,Autre collision,2,2,2,0,1,1,2,0,3,70,1,2,1,1,0,0,20.0,,utilitaire_camion,,4,2,1,8,6
202300036654,2023-12-11 12:35:00,2023,12,11,12,35,21,21456,D905,47.614206,4.385648,Plein jour,Hors agglomération,Hors intersection,Pluie légère,Sans collision,3,2,2,0,1,3,2,0,3,90,1,1,0,0,1,0,31.0,,voiture,,1,1,1,2,7
202300036655,2023-12-12 21:20:00,2023,12,12,21,20,24,24155,N21,45.023773,0.614762,Nuit sans éclairage public,Hors agglomération,Hors intersection,Pluie légère,Autre collision,2,2,2,0,3,2,2,0,3,80,1,2,0,1,1,0,45.0,,voiture,,3,1,1,2,6
202300036656,2023-12-13 16:45:00,2023,12,13,16,45,85,85108,D763,46.92237,-1.36797,Plein jour,Hors agglomération,Hors intersection,Pluie forte,Deux véhicules - arrière,3,1,4,0,1,1,2,0,1,110,2,4,3,1,0,0,74.0,34.0,voiture,voiture,1,1,1,3,2
202300036657,2023-11-10 21:00:00,2023,11,10,21,0,85,85084,RD 160,46.7700763,-1.2303503,Nuit avec éclairage allumé,En agglomération,Autre intersection,Normale,Deux véhicules - frontale,3,2,2,0,2,1,1,0,1,50,2,2,1,0,0,1,16.0,16.0,deux_roues,deux_roues,5,2,9,1,1
202300036658,2023-12-12 13:40:00,2023,12,12,13,40,30,30173,Rue Centrale,44.114641,4.173563,Plein jour,En agglomération,Intersection en T,Normale,Deux véhicules - côté,3,2,2,0,2,1,1,0,1,50,2,2,1,0,0,1,55.0,25.0,voiture,deux_roues,1,2,3,1,3
202300036658,2023-12-12 13:40:00,2023,12,12,13,40,30,30173,Rue Centrale,44.114641,4.173563,Plein jour,En agglomération,Intersection en T,Normale,Deux véhicules - côté,3,2, -1,-1,2,1,1,0,1,-1,2,2,1,0,0,1,55.0,25.0,voiture,deux_roues,1,2,3,1,3
202300036659,2023-12-08 16:50:00,2023,12,8,16,50,08,08365,1 RUE PASTEUR,49.84166122,4.53879476,Nuit avec éclairage allumé,En agglomération,Hors intersection,Pluie forte,Autre collision,3,2,2,0,2,1,2,0,1,50,1,3,1,2,0,0,20.0,,voiture,,5,2,1,3,6
202300036660,2023-12-11 19:46:00,2023,12,11,19,46,01,01151,B42 - PK 00+400,46.069904,5.328686,Nuit sans éclairage public,Hors agglomération,Hors intersection,Pluie légère,Deux véhicules - arrière,1,1,2,0,1,2,2,2,1,110,2,2,0,0,0,2,34.0,27.0,voiture,voiture,3,1,1,2,2
202300036661,2023-12-13 07:45:00,2023,12,13,7,45,69,69143,Avenue Gambetta,45.872878,4.840239,Crépuscule ou aube,En agglomération,Giratoire,Pluie légère,Autre collision,3,1,1,0,1,3,2,5,1,30,1,2,1,0,1,0,33.0,,transport_commun,,2,2,6,2,6
202300036661,2023-12-13 07:45:00,2023,12,13,7,45,69,69143,Avenue Gambetta,45.872878,4.840239,Crépuscule ou aube,En agglomération,Giratoire,Pluie légère,Autre collision,3,2,2,0,1,1,2,0,1,-1,1,2,1,0,1,0,33.0,,transport_commun,,2,2,6,2,6
202300036662,2023-12-13 07:45:00,2023,12,13,7,45,68,68278,Avenue du Général de Gaulle,47.747952,7.403653,Crépuscule ou aube,En agglomération,Intersection en X,Temps couvert,Autre collision,3,2,2,1,1,1,1,0,1,30,1,2,1,0,1,0,93.0,,voiture,,2,2,2,8,6
202300036662,2023-12-13 07:45:00,2023,12,13,7,45,68,68278,Avenue du Général de Gaulle,47.747952,7.403653,Crépuscule ou aube,En agglomération,Intersection en X,Temps couvert,Autre collision,3,2, -1,-1,1,1,1,0,1,-1,1,2,1,0,1,0,93.0,,voiture,,2,2,2,8,6
202300036663,2023-12-13 10:50:00,2023,12,13,10,50,69,69097,Route Départementale 28,45.49657662,4.72172487,Plein jour,Hors agglomération,Intersection en X,Normale,Deux véhicules - côté,3,2,2,0,1,1,1,0,1,-1,2,2,1,0,0,1,59.0,60.0,voiture,deux_roues,1,1,2,1,3
202300036663,2023-12-13 10:50:00,2023,12,13,10,50,69,69097,Route Départementale 28,45.49657662,4.72172487,Plein jour,Hors agglomération,Intersection en X,Normale,Deux véhicules - côté,3,2,2,0,2,1,1,0,1,80,2,2,1,0,0,1,59.0,60.0,voiture,deux_roues,1,1,2,1,3
202300036664,2023-12-10 11:20:00,2023,12,10,11,20,974,97406,RN3,-21.141341,55.627174,Plein jour,Hors agglomération,Hors intersection,Normale,Sans collision,2,3,2,0,1,1,1,0,1,70,1,1,0,0,0,1,46.0,,deux_roues,,1,1,1,1,7
202300036665,2023-12-12 21:30:00,2023,12,12,21,30,973,97311,Avenue Paul Castaing,5.488647,-54.018871,Nuit avec éclairage allumé,En agglomération,Intersection en T,Normale,Deux véhicules - côté,4,2,2,0,1,1,2,0,1,50,2,3,1,0,1,1,46.0,24.0,voiture,deux_roues,5,2,3,1,3
202300036665,2023-12-12 21:30:00,2023,12,12,21,30,973,97311,Avenue Paul Castaing,5.488647,-54.018871,Nuit avec éclairage allumé,En agglomération,Intersection en T,Normale,Deux véhicules - côté,4,2, -1,-1,1,1,2,0,1,-1,2,3,1,0,1,1,46.0,24.0,voiture,deux_roues,5,2,3,1,3
202300036666,2023-12-12 16:00:00,2023,12,12,16,0,973,97310,Point kilométrique 1 de la route de Cacao - RD 50,4.567869,-52.405987,Plein jour,Hors agglomération,Hors intersection,Pluie forte,Deux véhicules - frontale,3,2,2,0,2,3,2,0,1,70,2,2,1,0,1,0,49.0,52.0,utilitaire_camion,utilitaire_camion,1,1,1,3,1
202300036667,2023-10-17 07:50:00,2023,10,17,7,50,973,97305,Route Nationale 1 PK13,4.949183,-52.423196,Plein jour,Hors agglomération,Hors intersection,Normale,Deux véhicules - côté,2,2,2,0,1,1,1,0,1,80,2,2,1,0,1,0,28.0,43.0,deux_roues,deux_roues,1,1,1,1,3
202300036668,2023-12-12 17:35:00,2023,12,12,17,35,45,45171,D83 PR 14 + 346,47.676253,2.244473,Nuit sans éclairage public,Hors agglomération,Hors intersection,Normale,Deux véhicules - côté,3,2,2,0,1,1,2,0,1,80,2,2,1,0,1,0,24.0,32.0,voiture,utilitaire_camion,3,1,1,1,3
202300036669,2023-12-12 18:58:00,2023,12,12,18,58,95,95509,D9,49.07001424,2.48999119,Nuit sans éclairage public,Hors agglomération,Hors intersection,Normale,Autre collision,3,2,2,0,1,1,2,0,1,80,1,2,1,0,0,1,53.0,,voiture,,3,1,1,1,6
202300036670,2023-12-12 18:20:00,2023,12,12,18,20,34,34327,N113,43.650039,3.957664,Nuit sans éclairage public,Hors agglomération,Hors intersection,Normale,Deux véhicules - frontale,3,2,2,0,1,1,1,0,1,70,2,2,1,0,0,1,70.0,,voiture,voiture,3,1,1,1,1
202300036671,2023-12-12 19:30:00,2023,12,12,19,30,13,13099,rd952,43.696564,5.733597,Nuit sans éclairage public,En agglomération,Giratoire,Normale,Deux véhicules - frontale,9,1,1,0,1,2,1,0,1,-1,1,1,0,0,0,1,49.0,,voiture,,3,2,6,1,1
202300036672,2023-12-12 17:35:00,2023,12,12,17,35,38,38449,345 Rue des Salvias,45.637345,5.106786,Nuit avec éclairage allumé,En agglomération,Hors intersection,Pluie légère,Autre collision,3,2,2,0,1,1,2,0,1,50,1,2,1,0,1,0,25.0,,voiture,,5,2,1,2,6
202300036673,2023-12-13 12:40:00,2023,12,13,12,40,46,46102,Lieu Dit la Vinadie,44.576892,2.026436,Plein jour,Hors agglomération,Hors intersection,Pluie légère,Autre collision,3,2,2,0,2,1,2,0,3,80,1,1,0,1,0,0,68.0,,voiture,,1,1,1,2,6
202300036674,2023-12-11 08:00:00,2023,12,11,8,0,56,56046,4 les Quatre Chemins de Kerizac,47.62395,-3.00731,Nuit avec éclairage allumé,Hors agglomération,Intersection en X,Pluie légère,Deux véhicules - côté,4,2,2,0,1,1,2,0,1,50,2,4,3,0,1,0,45.0,37.0,voiture,voiture,5,1,2,2,3
202300036674,2023-12-11 08:00:00,2023,12,11,8,0,56,56046,4 les Quatre Chemins de Kerizac,47.62395,-3.00731,Nuit avec éclairage allumé,Hors agglomération,Intersection en X,Pluie légère,Deux véhicules - côté,4,2,2,-1,1,1,2,0,1,50,2,4,3,0,1,0,45.0,37.0,voiture,voiture,5,1,2,2,3
202300036675,2023-12-12 16:15:00,2023,12,12,16,15,35,35066,D44,48.047892,-1.713288,Plein jour,Hors agglomération,Hors intersection,Normale,Deux véhicules - arrière,3,2,2,0,1,2,2,0,1,50,2,2,1,0,1,0,21.0,39.0,deux_roues,utilitaire_camion,1,1,1,1,2
202300036676,2023-12-12 20:20:00,2023,12,12,20,20,59,59136,Faubourg de Cambrai,50.105999,3.532652,Nuit avec éclairage allumé,En agglomération,Hors intersection,Normale,Deux véhicules - côté,3,2,2,0,2,1,2,0,1,50,2,6,4,0,2,0,32.0,60.0,voiture,voiture,5,2,1,1,3
202300036677,2023-12-12 18:00:00,2023,12,12,18,0,13,13215,A7-Sens Lyon vers Marseille,43.37788,5.35699,Nuit sans éclairage public,Hors agglomération,Hors intersection,Normale,Deux véhicules - arrière,1,1,3,0,2,3,1,0,1,90,2,2,1,0,0,1,25.0,34.0,voiture,voiture,3,1,1,1,2
202300036678,2023-12-12 00:30:00,2023,12,12,0,30,69,69278,Autoroute 46,45.90937,4.84351,Nuit sans éclairage public,Hors agglomération,Hors intersection,Normale,Deux véhicules - arrière,1,3,6,0,2,2,1,0,1,130,2,2,1,0,0,1,36.0,33.0,voiture,voiture,3,1,1,1,2
202300036679,2023-12-10 06:45:00,2023,12,10,6,45,54,54232,Autoroute A 31,48.689303,5.982899,Nuit sans éclairage public,Hors agglomération,Hors intersection,Pluie légère,Autre collision,1,3,2,0,1,1,2,0,3,110,1,1,0,0,1,0,28.0,,voiture,,3,1,1,2,6
202300036680,2023-12-11 15:18:00,2023,12,11,15,18,67,67131,,48.49171,7.76664,Plein jour,Hors agglomération,Hors intersection,Normale,Deux véhicules - frontale,7,3,2,0,2,1,1,2,1,50,2,3,0,0,1,2,32.0,24.0,voiture,voiture,1,1,1,1,1
202300036681,2023-12-12 20:50:00,2023,12,12,20,50,33,33249,ROUTE NATIONALE 230,44.8780675,-0.50915033,Nuit avec éclairage allumé,Hors agglomération,Hors intersection,Normale,Deux véhicules - arrière,2,3,6,0,1,1,2,0,1,90,2,2,1,0,0,1,59.0,53.0,utilitaire_camion,voiture,5,1,1,1,2
202300036682,2023-12-12 15:45:00,2023,12,12,15,45,91,91136,AUTOROUTE A10,48.71073,2.28825,Plein jour,Hors agglomération,Hors intersection,Pluie légère,Autre collision,1,3,2,0,2,2,8,0,1,50,1,1,0,0,0,1,21.0,,utilitaire_camion,,1,1,1,2,6
202300036683,2023-12-12 13:15:00,2023,12,12,13,15,91,91689,AUTOROUTE A6B,48.7421,2.3221,Plein jour,Hors agglomération,Hors intersection,Pluie forte,Deux véhicules - côté,1,3,4,0,2,1,2,0,1,110,2,3,1,0,0,2,61.0,,voiture,utilitaire_camion,1,1,1,3,3
202300036684,2023-12-12 08:20:00,2023,12,12,8,20,78,78466,A13,48.919419,2.00395,Plein jour,Hors agglomération,Hors intersection,Normale,Sans collision,1,1,3,0,1,1,1,0,2,110,1,1,0,0,0,1,23.0,,deux_roues,,1,1,1,1,7
202300036685,2023-12-12 15:00:00,2023,12,12,15,0,95,95394,N184,49.05139836,2.15157688,Plein jour,Hors agglomération,Hors intersection,Normale,Sans collision,2,3,4,0,1,1,1,0,1,90,2,2,1,0,0,1,23.0,,utilitaire_camion,voiture,1,1,1,1,7
202300036686,2023-12-12 15:00:00,2023,12,12,15,0,77,77249,RN104,48.76009108,2.61582478,Plein jour,Hors agglomération,Hors intersection,Pluie légère,Deux véhicules - arrière,2,-1,2,0,1,1,2,0,1,90,2,2,1,0,0,1,45.0,61.0,utilitaire_camion,voiture,1,1,1,2,2
202300036687,2023-12-12 08:00:00,2023,12,12,8,0,94,94028,A86,48.7964005,2.44337608,Crépuscule ou aube,Hors agglomération,Hors intersection,Pluie légère,Trois véhicules et plus - collisions multiples,1,3,4,0,1,1,2,0,1,90,4,4,3,0,0,1,32.0,54.0,deux_roues,deux_roues,2,1,1,2,5
202300036688,2023-12-12 07:20:00,2023,12,12,7,20,77,77249,RN104,48.75904856,2.61567284,Nuit sans éclairage public,Hors agglomération,Hors intersection,Pluie légère,Deux véhicules - côté,2,-1,4,0,1,3,2,0,1,90,2,2,1,0,0,1,54.0,34.0,voiture,voiture,3,1,1,2,3
202300036689,2023-09-29 17:20:00,2023,9,29,17,20,31,31445,76 Route de la Saune,43.580562,1.537094,Plein jour,En agglomération,Hors intersection,Temps éblouissant,Autre collision,7,2,2,0,1,1,1,0,1,30,1,2,1,0,1,0,65.0,,voiture,,1,2,1,7,6
202300036690,2023-11-27 09:00:00,2023,11,27,9,0,31,31555,"87 Av. Jean Baylet, 31100 Toulouse",43.584232,1.3985,Plein jour,En agglomération,Hors intersection,Normale,Autre collision,4,2,2,3,1,1,1,-1,6,30,1,1,0,1,0,0,,,,,1,2,1,1,6
202300036691,2023-10-09 12:00:00,2023,10,9,12,0,95,95369,NICOLAS KICHKINE (RUE),48.99962,2.2921,Plein jour,En agglomération,Intersection en T,Normale,Autre collision,3,2,2,0,1,1,1,0,1,50,1,2,1,0,0,1,,,autre,,1,2,3,1,6
202300036691,2023-10-09 12:00:00,2023,10,9,12,0,95,95369,NICOLAS KICHKINE (RUE),48.99962,2.2921,Plein jour,En agglomération,Intersection en T,Normale,Autre collision,3,1,2,0,1,1,1,0,1,50,1,2,1,0,0,1,,,autre,,1,2,3,1,6
202300036692,2023-10-10 21:10:00,2023,10,10,21,10,74,74012,ROMAGNY (RUE DE),46.19623,6.24612,Nuit sans éclairage public,En agglomération,Hors intersection,Normale,Autre collision,4,-1,0,0,1,1,1,0,1,30,1,1,0,0,0,1,17.0,,deux_roues,,3,2,1,1,6
202300036693,2023-10-10 21:10:00,2023,10,10,21,10,74,74012,ROMAGNY (RUE DE),46.19629,6.24608,Nuit avec éclairage allumé,En agglomération,Giratoire,Normale,Autre collision,4,-1,2,0,1,1,1,0,1,30,1,2,0,0,1,1,17.0,,deux_roues,,5,2,6,1,6
202300036694,2023-10-10 08:50:00,2023,10,10,8,50,71,71270,ROUTE DEPARTEMENTALE 906,46.28527,4.80808,Plein jour,En agglomération,Hors intersection,Normale,Deux véhicules - côté,3,2,2,0,1,1,1,9,1,70,2,2,1,0,0,1,56.0,34.0,voiture,deux_roues,1,2,1,1,3
202300036695,2023-10-10 18:00:00,2023,10,10,18,0,69,69276,Route de Chasse-sur-Rhône                 ,45.66188,4.84285,Plein jour,En agglomération,Giratoire,Normale,Deux véhicules - côté,7,1,2,0,1,1,1,0,5,50,2,2,1,0,0,1,48.0,38.0,voiture,deux_roues,1,2,6,1,3
202300036695,2023-10-10 18:00:00,2023,10,10,18,0,69,69276,Route de Chasse-sur-Rhône                 ,45.66188,4.84285,Plein jour,En agglomération,Giratoire,Normale,Deux véhicules - côté,7,2,2,0,1,1,1,0,5,50,2,2,1,0,0,1,48.0,38.0,voiture,deux_roues,1,2,6,1,3
202300036696,2023-10-09 20:10:00,2023,10,9,20,10,67,67482,MELANIE (RUE),48.60365,7.78881,Nuit avec éclairage allumé,En agglomération,Hors intersection,Normale,Autre collision,4,2,4,2,1,1,1,0,8,50,1,3,1,0,0,2,32.0,,voiture,,5,2,1,1,6
202300036697,2023-10-10 16:55:00,2023,10,10,16,55,64,64445,avenue de Saragosse,43.30759,-0.35668,Plein jour,En agglomération,Hors intersection,Normale,Autre collision,4,2,1,3,1,1,1,6,4,50,1,2,1,0,0,1,65.0,,deux_roues,,1,2,1,1,6
202300036698,2023-10-10 17:45:00,2023,10,10,17,45,51,51454,ANGLEMONT DE TASSIGNY (RUE LEON),49.288,4.00452,Plein jour,En agglomération,Intersection en X,Normale,Deux véhicules - côté,4,2,1,0,1,1,1,0,1,50,2,2,1,0,0,1,46.0,18.0,voiture,deux_roues,1,2,2,1,3
202300036698,2023-10-10 17:45:00,2023,10,10,17,45,51,51454,ANGLEMONT DE TASSIGNY (RUE LEON),49.288,4.00452,Plein jour,En agglomération,Intersection en X,Normale,Deux véhicules - côté,4,1,1,0,1,1,1,0,1,50,2,2,1,0,0,1,46.0,18.0,voiture,deux_roues,1,2,2,1,3
202300036699,2023-10-09 17:55:00,2023,10,9,17,55,51,51454,EPERNAY (AVENUE D') COTE IMPAIR,49.23474,4.01399,Plein jour,En agglomération,Hors intersection,Normale,Trois véhicules et plus - en chaîne,4,2,2,0,1,1,1,0,1,50,3,5,2,0,0,3,33.0,52.0,voiture,voiture,1,2,1,1,4
202300036700,2023-10-11 07:40:00,2023,10,11,7,40,45,45234,51 Route d'Olivet,47.882088,1.903672,Crépuscule ou aube,En agglomération,Hors intersection,Normale,Deux véhicules - côté,4,2,2,0,1,1,1,0,1,50,2,2,1,0,0,1,72.0,53.0,voiture,deux_roues,2,2,1,1,3
202300036701,2023-10-10 16:25:00,2023,10,10,16,25,45,45234,Quai du Fort des Tourelles,47.89477837,1.90495312,Plein jour,En agglomération,Hors intersection,Normale,Deux véhicules - côté,3,2,2,0,1,1,1,0,1,50,2,2,1,0,0,1,55.0,20.0,deux_roues,voiture,1,2,1,1,3
202300036702,2023-10-09 07:45:00,2023,10,9,7,45,42,42184,Allée Paul Forge,46.06186,4.04682,Crépuscule ou aube,En agglomération,Hors intersection,Normale,Deux véhicules - arrière,4,2,2,0,1,1,1,0,1,50,2,2,1,0,1,0,19.0,42.0,deux_roues,utilitaire_camion,2,2,1,1,2
202300036703,2023-10-10 11:20:00,2023,10,10,11,20,27,27229,SEPTIEME CHASSEUR (RUE DU),49.02765,1.14403,Plein jour,En agglomération,Hors intersection,Normale,Deux véhicules - côté,4,-1,2,0,1,1,1,0,1,50,2,2,1,0,0,1,46.0,59.0,deux_roues,voiture,1,2,1,1,3
202300036704,2023-10-10 14:45:00,2023,10,10,14,45,13,13215,LYON (RUE DE),43.3413,5.3608,Plein jour,En agglomération,Hors intersection,Normale,Deux véhicules - frontale,4,2,3,3,1,1,1,0,1,50,2,2,1,0,0,1,26.0,31.0,voiture,deux_roues,1,2,1,1,1
202300036705,2023-10-10 05:25:00,2023,10,10,5,25,06,06069,MADELEINE,43.65779,6.93114,Nuit avec éclairage allumé,En agglomération,Hors intersection,Normale,Autre collision,4,1,1,0,2,4,1,0,8,30,1,1,0,0,0,1,33.0,,voiture,,5,2,1,1,6
202300036706,2023-12-11 07:40:00,2023,12,11,7,40,974,97416,RN2 (1),-21.33253,55.4805,Plein jour,En agglomération,Intersection en T,Normale,Trois véhicules et plus - collisions multiples,2,2,2,0,1,1,1,0,1,50,3,3,2,0,0,1,23.0,20.0,deux_roues,deux_roues,1,2,3,1,5
202300036706,2023-12-11 07:40:00,2023,12,11,7,40,974,97416,RN2 (1),-21.33253,55.4805,Plein jour,En agglomération,Intersection en T,Normale,Trois véhicules et plus - collisions multiples,2,2,2,0,1,1,1,0,1,50,3,3,2,0,0,1,23.0,20.0,deux_roues,deux_roues,1,2,3,1,5
202300036707,2023-12-11 23:50:00,2023,12,11,23,50,69,69387,Rue Camille Roy,45.7451248,4.84658479,Nuit avec éclairage allumé,En agglomération,Intersection en X,Pluie forte,Deux véhicules - côté,4,1,1,2,1,1,2,0,1,30,2,4,3,0,0,1,21.0,21.0,voiture,voiture,5,2,2,3,3
202300036708,2023-12-11 12:00:00,2023,12,11,12,0,69,69383,Pont de la Guillotière,45.75669538,4.83889877,Plein jour,En agglomération,Hors intersection,Pluie légère,Deux véhicules - côté,4,2,4,2,1,1,2,2,5,30,2,2,1,0,0,1,58.0,27.0,voiture,deux_roues,1,2,1,2,3
202300036709,2023-12-11 09:55:00,2023,12,11,9,55,69,69202,156 Boulevard Baron du Marais,45.72991985,4.79723204,Plein jour,Hors agglomération,Hors intersection,Pluie légère,Autre collision,4,2,2,1,1,4,2,0,1,50,1,1,0,0,0,1,52.0,,voiture,,1,1,1,2,6
202300036710,2023-12-11 08:20:00,2023,12,11,8,20,69,69382,27 Quai Docteur Gailleton,45.75278956,4.83339441,Plein jour,En agglomération,Place,Pluie légère,Deux véhicules - côté,4,2,6,3,1,1,2,0,1,50,2,2,1,0,0,1,45.0,28.0,utilitaire_camion,voiture,1,2,7,2,3
202300036711,2023-12-11 07:00:00,2023,12,11,7,0,971,97101,BOULEVARD DES HEROS,16.27409,-61.5181,Plein jour,Hors agglomération,Hors intersection,Pluie légère,Trois véhicules et plus - collisions multiples,2,3,4,0,1,1,2,0,1,110,5,5,3,0,1,1,21.0,27.0,voiture,voiture,1,1,1,2,5
202300036712,2023-12-10 00:00:00,2023,12,10,0,0,971,97113,RN4 - SECTION RIVIERA,16.21777,-61.49652,Nuit avec éclairage allumé,Hors agglomération,Hors intersection,Normale,Deux véhicules - côté,9,-1,3,0,1,1,1,0,1,50,2,2,1,0,0,1,26.0,59.0,voiture,voiture,5,1,1,1,3
202300036713,2023-12-10 15:35:00,2023,12,10,15,35,95,95598,FOSSE AUX MOINES (RUE DE LA),48.98351936,2.31211245,Plein jour,Hors agglomération,Hors intersection,Pluie légère,Autre collision,4,1,1,0,1,1,2,0,4,50,1,3,1,0,1,1,64.0,,utilitaire_camion,,1,1,1,2,6
202300036714,2023-12-11 07:20:00,2023,12,11,7,20,91,91161,RUE DE LA PASSERELLE,48.69972,2.31978,Crépuscule ou aube,En agglomération,Autre intersection,Normale,Deux véhicules - arrière,4,2,2,0,1,1,2,0,1,50,2,2,1,0,0,1,21.0,57.0,deux_roues,voiture,2,2,9,1,2
202300036715,2023-12-11 13:35:00,2023,12,11,13,35,91,91201,RUE PIERRE BROSSOLETTE,48.684682,2.415642,Plein jour,En agglomération,Intersection en T,Temps couvert,Deux véhicules - côté,4,2,2,0,1,1,1,0,1,50,2,2,1,0,0,1,33.0,40.0,voiture,deux_roues,1,2,3,8,3
202300036715,2023-12-11 13:35:00,2023,12,11,13,35,91,91201,RUE PIERRE BROSSOLETTE,48.684682,2.415642,Plein jour,En agglomération,Intersection en T,Temps couvert,Deux véhicules - côté,4,1,2,0,1,1,1,0,1,50,2,2,1,0,0,1,33.0,40.0,voiture,deux_roues,1,2,3,8,3
202300036716,2023-12-11 07:45:00,2023,12,11,7,45,91,91201,ALL DES BERGERIES,48.68759,2.43318,Crépuscule ou aube,En agglomération,Intersection à plus de 4 branches,Normale,Autre collision,4,2,5,0,1,1,1,0,1,50,1,2,1,0,1,0,56.0,,voiture,,2,2,5,1,6