accident_id,datetime,annee,mois,jour,heure,minute,departement,commune_insee,adresse,latitude,longitude,luminosite,agglomeration,intersection,meteo,collision,catr,circ,nbv,vosp,prof,plan,surf,infra,situ,vma,nb_vehicules,nb_usagers,nb_indemnes,nb_tues,nb_blesses_hosp,nb_blesses_legers,age_cond_1,age_cond_2,veh_type_cond_1,veh_type_cond_2,lum_code,agg_code,int_code,atm_code,col_code
202300036914,2023-01-16 20:10:00,2023,1,16,20,10,34,34294,A9,43.70819373,4.12386256,Nuit avec éclairage non allumé,Hors agglomération,Hors intersection,Normale,Trois véhicules et plus - collisions multiples,1,3,5,0,1,1,1,0,1,130,5,9,7,0,1,1,23.0,43.0,voiture,utilitaire_camion,4,1,1,1,5
202300036915,2023-10-04 17:15:00,2023,10,4,17,15,64,64102,PAULMY (AVENUE DES ALLEES),43.49304,-1.48018,Plein jour,En agglomération,Hors intersection,Normale,Autre collision,4,3,6,3,2,1,1,0,1,50,1,3,2,0,1,0,23.0,,voiture,,1,2,1,1,6
202300036916,2023-01-16 08:50:00,2023,1,16,8,50,27,27351,Autoroute A13 PK 100.000,49.25471832,1.15978008,Crépuscule ou aube,Hors agglomération,Hors intersection,Brouillard / fumée,Deux véhicules - arrière,1,1,3,0,1,1,1,0,1,130,2,2,1,0,0,1,24.0,57.0,voiture,voiture,2,1,1,5,2
202300036917,2023-10-05 13:40:00,2023,10,5,13,40,63,63113,MEUNIERS (RUE DES),45.76493,3.10484,Plein jour,En agglomération,Autre intersection,Normale,Deux véhicules - côté,4,-1,1,0,1,1,1,0,1,-1,2,2,0,0,0,2,33.0,20.0,voiture,voiture,1,2,9,1,3
202300036917,2023-10-05 13:40:00,2023,10,5,13,40,63,63113,MEUNIERS (RUE DES),45.76493,3.10484,Plein jour,En agglomération,Autre intersection,Normale,Deux véhicules - côté,4,2,2,0,2,1,1,0,1,50,2,2,0,0,0,2,33.0,20.0,voiture,voiture,1,2,9,1,3
202300036918,2023-01-16 15:30:00,2023,1,16,15,30,69,69189,Route Départementale 386,45.517801,4.860613,Plein jour,Hors agglomération,Intersection en T,Normale,Deux véhicules - côté,3,2,2,1,1,1,1,0,1,80,2,2,1,0,0,1,72.0,47.0,voiture,deux_roues,1,1,3,1,3
202300036918,2023-01-16 15:30:00,2023,1,16,15,30,69,69189,Route Départementale 386,45.517801,4.860613,Plein jour,Hors agglomération,Intersection en T,Normale,Deux véhicules - côté,3,2,2,0,1,1,1,0,1,50,2,2,1,0,0,1,72.0,47.0,voiture,deux_roues,1,1,3,1,3
202300036919,2023-01-15 15:45:00,2023,1,15,15,45,988,98833,Méa Mébara (Tribu),-21.462904,165.796248,Plein jour,Hors agglomération,Hors intersection,Normale,Sans collision,4,2,2,0,1,2,1,0,1,50,1,3,1,1,1,0,41.0,,voiture,,1,1,1,1,7
202300036920,2023-10-05 00:05:00,2023,10,5,0,5,62,62510,D58,50.42435313,2.78209072,Nuit sans éclairage public,En agglomération,Autre intersection,Normale,Autre collision,3,1,4,0,1,1,1,9,1,50,1,3,1,0,2,0,,,voiture,,3,2,9,1,6
202300036921,2023-01-17 10:25:00,2023,1,17,10,25,988,98802,"RT1 Sortie col de Mo, Tomo",-21.96857,166.17056,Plein jour,Hors agglomération,Hors intersection,Normale,Trois véhicules et plus - en chaîne,2,2,2,0,1,1,1,0,1,90,3,5,4,0,0,1,24.0,46.0,voiture,utilitaire_camion,1,1,1,1,4
202300036922,2023-01-16 22:55:00,2023,1,16,22,55,29,29233,Rue Thiers,47.873492,-3.547942,Nuit avec éclairage allumé,En agglomération,Hors intersection,Pluie forte,Sans collision,4,2,2,0,2,3,3,0,1,30,1,1,0,0,1,0,38.0,,deux_roues,,5,2,1,3,7
202300036923,2023-07-05 14:30:00,2023,7,5,14,30,60,60159,Rue Philéas Lebesgue,49.40770157,2.80081898,Plein jour,En agglomération,Giratoire,Normale,Autre collision,4,3,4,0,1,1,1,0,1,70,2,2,1,0,0,1,,73.0,voiture,deux_roues,1,2,6,1,6
202300036923,2023-07-05 14:30:00,2023,7,5,14,30,60,60159,Rue Philéas Lebesgue,49.40770157,2.80081898,Plein jour,En agglomération,Giratoire,Normale,Autre collision,4,2,2,0,1,1,1,0,1,50,2,2,1,0,0,1,,73.0,voiture,deux_roues,1,2,6,1,6
202300036924,2023-01-17 08:12:00,2023,1,17,8,12,45,45191,Rue de la Poterne,48.285879,2.400033,Nuit sans éclairage public,En agglomération,Intersection en X,Pluie légère,Deux véhicules - arrière,3,2,2,0,1,1,2,0,1,50,2,2,1,0,1,0,27.0,15.0,voiture,deux_roues,3,2,2,2,2
202300036924,2023-01-17 08:12:00,2023,1,17,8,12,45,45191,Rue de la Poterne,48.285879,2.400033,Nuit sans éclairage public,En agglomération,Intersection en X,Pluie légère,Deux véhicules - arrière,3,2,2,0,1,1,2,0,1,50,2,2,1,0,1,0,27.0,15.0,voiture,deux_roues,3,2,2,2,2
202300036925,2023-01-14 18:30:00,2023,1,14,18,30,13,13084,D23,43.724374,5.292229,Nuit sans éclairage public,Hors agglomération,Hors intersection,Normale,Autre collision,3,2,2,0,1,1,1,0,1,80,1,1,0,0,1,0,45.0,,voiture,,3,1,1,1,6
202300036926,2023-01-16 21:00:00,2023,1,16,21,0,13,13048,D561,43.614143,5.685049,Nuit sans éclairage public,Hors agglomération,Hors intersection,Normale,Autre collision,3,2,2,0,1,2,2,0,3,80,1,1,0,0,1,0,22.0,,voiture,,3,1,1,1,6
202300036927,2023-10-04 08:57:00,2023,10,4,8,57,56,56260,3 Rue Marcellin Berthelot,47.666495,-2.78565,Plein jour,En agglomération,Hors intersection,Normale,Trois véhicules et plus - collisions multiples,4,2,2,0,1,1,1,0,1,50,3,4,2,2,0,0,38.0,69.0,voiture,utilitaire_camion,1,2,1,1,5
202300036928,2023-01-12 15:20:00,2023,1,12,15,20,67,67345,Rue du Commerce,48.771302,7.871275,Plein jour,Hors agglomération,Hors intersection,Temps couvert,Autre collision,6,-1, -1,0,1,1,1,0,8,-1,1,2,1,0,0,1,85.0,,voiture,,1,1,1,8,6
202300036929,2023-01-13 14:10:00,2023,1,13,14,10,73,73215,D925 Avenue des alpes,45.45624,6.107328,Plein jour,Hors agglomération,Intersection en T,Normale,Autre collision,3,2,2,2,1,1,1,0,3,70,1,1,0,1,0,0,73.0,,voiture,,1,1,3,1,6
202300036929,2023-01-13 14:10:00,2023,1,13,14,10,73,73215,D925 Avenue des alpes,45.45624,6.107328,Plein jour,Hors agglomération,Intersection en T,Normale,Autre collision,3,2,2,0,1,1,1,0,3,-1,1,1,0,1,0,0,73.0,,voiture,,1,1,3,1,6
202300036930,2023-10-04 18:00:00,2023,10,4,18,0,54,54184,MOENCH (RUE CHRISTIAN),48.70062561,6.22466952,Plein jour,En agglomération,Intersection en X,Normale,Deux véhicules - côté,4,2,2,0,1,1,1,5,1,50,2,3,2,0,0,1,53.0,54.0,voiture,voiture,1,2,2,1,3
202300036930,2023-10-04 18:00:00,2023,10,4,18,0,54,54184,MOENCH (RUE CHRISTIAN),48.70062561,6.22466952,Plein jour,En agglomération,Intersection en X,Normale,Deux véhicules - côté,4,2,2,0,1,1,1,5,1,50,2,3,2,0,0,1,53.0,54.0,voiture,voiture,1,2,2,1,3
202300036931,2023-01-17 05:55:00,2023,1,17,5,55,38,38415,D18,45.650363,5.220748,Nuit sans éclairage public,Hors agglomération,Hors intersection,Pluie légère,Deux véhicules - frontale,3,2,2,0,1,1,2,0,1,80,2,2,1,0,1,0,44.0,20.0,voiture,voiture,3,1,1,2,1
202300036932,2023-01-16 16:30:00,2023,1,16,16,30,26,26085,Place de la Grangette,44.486407,4.716611,Plein jour,En agglomération,Hors intersection,Temps éblouissant,Autre collision,3,2,2,0,1,1,1,0,1,50,1,2,1,0,1,0,54.0,,utilitaire_camion,,1,2,1,7,6
202300036933,2023-01-16 17:15:00,2023,1,16,17,15,31,31499,Avenue du Languedoc,43.5119,1.187521,Crépuscule ou aube,En agglomération,Hors intersection,Pluie légère,Autre collision,3,2,2,0,1,1,2,0,1,50,1,2,1,0,1,0,66.0,,voiture,,2,2,1,2,6
202300036934,2023-10-04 21:07:00,2023,10,4,21,7,51,51454,BLUM (AVENUE LEON),49.226482,4.011358,Nuit avec éclairage non allumé,En agglomération,Hors intersection,Normale,Deux véhicules - côté,4,-1,1,0,2,1,1,0,1,-1,2,2,1,0,0,1,35.0,29.0,deux_roues,voiture,4,2,1,1,3
202300036935,2023-01-17 17:45:00,2023,1,17,17,45,29,29042,Pen ar Poul Tremet,48.29176909,-4.54971582,Plein jour,Hors agglomération,Intersection en T,Normale,Deux véhicules - arrière,3,2,2,0,1,1,1,5,1,80,2,3,2,0,0,1,35.0,47.0,voiture,voiture,1,1,3,1,2
202300036935,2023-01-17 17:45:00,2023,1,17,17,45,29,29042,Pen ar Poul Tremet,48.29176909,-4.54971582,Plein jour,Hors agglomération,Intersection en T,Normale,Deux véhicules - arrière,3,2, -1,-1,1,1,1,5,1,-1,2,3,2,0,0,1,35.0,47.0,voiture,voiture,1,1,3,1,2
202300036936,2023-01-16 18:30:00,2023,1,16,18,30,35,35191,D15,48.46228513,-1.32882804,Nuit sans éclairage public,Hors agglomération,Hors intersection,Temps couvert,Deux véhicules - arrière,3,2,2,0,1,1,1,0,1,80,2,3,2,0,0,1,51.0,44.0,voiture,deux_roues,3,1,1,8,2
202300036937,2023-10-04 19:40:00,2023,10,4,19,40,51,51454,VENISE (RUE),49.24595,4.03083,Nuit avec éclairage allumé,En agglomération,Intersection à plus de 4 branches,Normale,Deux véhicules - arrière,4,2, -1,-1,1,1,1,-1,1,-1,2,2,1,0,0,1,32.0,,deux_roues,voiture,5,2,5,1,2
202300036937,2023-10-04 19:40:00,2023,10,4,19,40,51,51454,VENISE (RUE),49.24595,4.03083,Nuit avec éclairage allumé,En agglomération,Intersection à plus de 4 branches,Normale,Deux véhicules - arrière,4,2,3,2,1,1,1,2,1,50,2,2,1,0,0,1,32.0,,deux_roues,voiture,5,2,5,1,2
202300036938,2023-01-17 16:50:00,2023,1,17,16,50,60,60575,1 Rue de l'Avenir,49.29380203,2.19590843,Plein jour,En agglomération,Hors intersection,Normale,Sans collision,4,2,2,0,1,1,1,0,1,50,1,1,0,0,0,1,51.0,,deux_roues,,1,2,1,1,7
202300036939,2023-01-16 12:20:00,2023,1,16,12,20,60,60639,Tillé,49.467657,2.112422,Plein jour,En agglomération,Hors intersection,Pluie légère,Autre collision,3,2,2,0,1,2,2,0,1,80,1,1,0,0,0,1,33.0,,voiture,,1,2,1,2,6
202300036940,2023-10-03 17:45:00,2023,10,3,17,45,49,49099,MANCEAU (AVENUE ANATOLE),47.05213,-0.87868,Plein jour,En agglomération,Intersection en T,Normale,Deux véhicules - côté,4,-1,2,0,2,1,1,0,1,50,2,3,2,0,0,1,18.0,53.0,voiture,voiture,1,2,3,1,3
202300036940,2023-10-03 17:45:00,2023,10,3,17,45,49,49099,MANCEAU (AVENUE ANATOLE),47.05213,-0.87868,Plein jour,En agglomération,Intersection en T,Normale,Deux véhicules - côté,4,-1,2,0,1,1,1,0,1,50,2,3,2,0,0,1,18.0,53.0,voiture,voiture,1,2,3,1,3
202300036941,2023-01-17 15:30:00,2023,1,17,15,30,02,02405,D291,49.863461,4.088813,Plein jour,Hors agglomération,Hors intersection,Normale,Autre collision,3,2,2,0,2,3,1,0,3,80,1,1,0,0,0,1,22.0,,deux_roues,,1,1,1,1,6
202300036942,2023-01-17 18:15:00,2023,1,17,18,15,80,80561,16 Rue Amand de Vienne,49.647864,2.57529,Nuit avec éclairage allumé,En agglomération,Hors intersection,Normale,Autre collision,4,2,2,0,1,1,1,0,1,50,1,2,1,0,1,0,60.0,,voiture,,5,2,1,1,6
202300036943,2023-10-04 12:25:00,2023,10,4,12,25,49,49353,CAMUS,47.4539,-0.50671,Plein jour,En agglomération,Hors intersection,Normale,Deux véhicules - arrière,4,2,2,0,1,1,1,0,1,50,2,2,1,0,0,1,42.0,23.0,voiture,voiture,1,2,1,1,2
202300036944,2023-01-12 09:00:00,2023,1,12,9,0,69,69276,Autoroute 7  ,45.67798544,4.84800938,Plein jour,Hors agglomération,Hors intersection,Normale,Deux véhicules - côté,1,3,6,0,1,1,1,0,1,90,2,2,1,0,0,1,34.0,42.0,voiture,deux_roues,1,1,1,1,3
202300036945,2023-10-05 19:36:00,2023,10,5,19,36,45,45284,44 Avenue de Verdun,47.91839,1.98115,Crépuscule ou aube,En agglomération,Hors intersection,Normale,Deux véhicules - frontale,4,2,2,0,1,1,1,0,1,50,2,2,1,0,0,1,21.0,37.0,voiture,deux_roues,2,2,1,1,1
202300036946,2023-01-16 16:00:00,2023,1,16,16,0,91,91312,RD 444,48.734422,2.231471,Plein jour,Hors agglomération,Hors intersection,Normale,Deux véhicules - frontale,3,2,2,0,1,1,2,0,1,70,2,2,0,0,0,2,39.0,53.0,utilitaire_camion,utilitaire_camion,1,1,1,1,1
202300036947,2023-01-16 05:30:00,2023,1,16,5,30,91,91659,AUTOROUTE A6,48.57808,2.46353,Nuit sans éclairage public,Hors agglomération,Hors intersection,Pluie légère,Deux véhicules - côté,1,3,6,0,4,1,2,0,1,110,2,2,1,0,0,1,28.0,38.0,voiture,utilitaire_camion,3,1,1,2,3
202300036948,2023-10-05 12:00:00,2023,10,5,12,0,45,45286,D951 PR 89 + 661,47.88628,1.92773,Plein jour,En agglomération,Hors intersection,Normale,Deux véhicules - arrière,3,2,2,0,1,1,1,0,1,50,2,3,2,0,0,1,72.0,32.0,voiture,utilitaire_camion,1,2,1,1,2
202300036949,2023-01-16 17:30:00,2023,1,16,17,30,95,95212, A1,49.02618996,2.53691107,Nuit sans éclairage public,Hors agglomération,Hors intersection,Normale,Trois véhicules et plus - en chaîne,1,3,4,0,1,1,1,0,1,110,3,3,1,0,0,2,19.0,36.0,voiture,utilitaire_camion,3,1,1,1,4
202300036950,2023-10-05 08:45:00,2023,10,5,8,45,45,45286,5 Levee des Capucins,47.89349184,1.92115358,Plein jour,En agglomération,Hors intersection,Normale,Deux véhicules - côté,4,2,1,0,1,1,1,0,1,50,2,2,1,0,0,1,53.0,61.0,voiture,deux_roues,1,2,1,1,3
202300036951,2023-01-16 14:40:00,2023,1,16,14,40,77,77372,A104,48.882773,2.667901,Plein jour,Hors agglomération,Hors intersection,Pluie légère,Autre collision,1,1,2,0,1,1,2,0,1,90,1,1,0,0,0,1,50.0,,voiture,,1,1,1,2,6
202300036952,2023-01-14 20:35:00,2023,1,14,20,35,75,75113,QUAI D IVRY,48.82583445,2.38728136,Nuit avec éclairage allumé,En agglomération,Intersection en Y,Pluie forte,Deux véhicules - arrière,4,1, -1,-1,1,1,2,0,1,-1,2,2,1,0,0,1,31.0,53.0,deux_roues,utilitaire_camion,5,2,4,3,2
202300036952,2023-01-14 20:35:00,2023,1,14,20,35,75,75113,QUAI D IVRY,48.82583445,2.38728136,Nuit avec éclairage allumé,En agglomération,Intersection en Y,Pluie forte,Deux véhicules - arrière,4,1,4,0,1,1,2,0,1,70,2,2,1,0,0,1,31.0,53.0,deux_roues,utilitaire_camion,5,2,4,3,2
202300036953,2023-10-05 09:58:00,2023,10,5,9,58,44,44184,175 Boulevard Jean De Neyman,47.2786,-2.2475,Plein jour,En agglomération,Hors intersection,Normale,Deux véhicules - frontale,4,2,2,0,2,1,1,0,1,50,2,2,1,1,0,0,35.0,76.0,voiture,deux_roues,1,2,1,1,1
202300036954,2023-01-13 19:25:00,2023,1,13,19,25,75,75108,BOULEVARD MALESHERBES,48.880114,2.313291,Nuit avec éclairage allumé,En agglomération,Intersection en T,Normale,Deux véhicules - côté,4,2,4,2,1,1,1,0,1,50,2,6,4,0,1,1,38.0,48.0,voiture,deux_roues,5,2,3,1,3
202300036954,2023-01-13 19:25:00,2023,1,13,19,25,75,75108,BOULEVARD MALESHERBES,48.880114,2.313291,Nuit avec éclairage allumé,En agglomération,Intersection en T,Normale,Deux véhicules - côté,4,2, -1,-1,1,1,1,0,1,-1,2,6,4,0,1,1,38.0,48.0,voiture,deux_roues,5,2,3,1,3
202300036955,2023-01-15 22:55:00,2023,1,15,22,55,75,75119,BOULEVARD MACDONALD,48.898584,2.384719,Nuit avec éclairage allumé,En agglomération,Hors intersection,Normale,Autre collision,4,1,1,0,1,1,1,0,1,50,1,2,1,0,0,1,32.0,,voiture,,5,2,1,1,6
202300036956,2023-10-04 15:45:00,2023,10,4,15,45,44,44109,68 Boulevard des Anglais,47.22805,-1.5803,Plein jour,En agglomération,Hors intersection,Normale,Sans collision,4,2,2,0,2,1,1,8,1,30,2,2,1,0,0,1,46.0,42.0,voiture,deux_roues,1,2,1,1,7
202300036957,2023-01-15 00:23:00,2023,1,15,0,23,75,75117,AVENUE DE NEUILLY,48.878619,2.280045,Nuit sans éclairage public,En agglomération,Intersection en X,Pluie légère,Deux véhicules - frontale,4,3,4,0,1,1,2,0,1,50,2,3,2,0,0,1,22.0,32.0,voiture,deux_roues,3,2,2,2,1
202300036957,2023-01-15 00:23:00,2023,1,15,0,23,75,75117,AVENUE DE NEUILLY,48.878619,2.280045,Nuit sans éclairage public,En agglomération,Intersection en X,Pluie légère,Deux véhicules - frontale,4,1,2,0,1,1,2,0,1,50,2,3,2,0,0,1,22.0,32.0,voiture,deux_roues,3,2,2,2,1
202300036958,2023-10-05 18:18:00,2023,10,5,18,18,37,37214,DE GAULLE (BD CHARLES),47.42918,0.65004,Plein jour,En agglomération,Giratoire,Normale,Deux véhicules - côté,4,3,2,1,1,2,1,9,1,50,2,2,1,0,0,1,25.0,22.0,voiture,deux_roues,1,2,6,1,3
202300036958,2023-10-05 18:18:00,2023,10,5,18,18,37,37214,DE GAULLE (BD CHARLES),47.42918,0.65004,Plein jour,En agglomération,Giratoire,Normale,Deux véhicules - côté,4,-1,1,0,1,1,1,9,8,50,2,2,1,0,0,1,25.0,22.0,voiture,deux_roues,1,2,6,1,3
202300036959,2023-01-14 18:10:00,2023,1,14,18,10,75,75116,ALLEE DU BORD DE L EAU,48.85495163,2.22618252,Nuit avec éclairage allumé,En agglomération,Hors intersection,Pluie légère,Autre collision,4,2,2,0,1,1,2,0,6,50,1,1,0,0,0,1,82.0,,voiture,,5,2,1,2,6
202300036960,2023-01-15 15:20:00,2023,1,15,15,20,75,75115,PLACE RAOUL DAUTRY,48.841858,2.319899,Plein jour,En agglomération,Place,Normale,Autre collision,4,3, -1,-1,1,1,1,0,1,-1,1,2,1,0,0,1,34.0,,transport_commun,,1,2,7,1,6
202300036960,2023-01-15 15:20:00,2023,1,15,15,20,75,75115,PLACE RAOUL DAUTRY,48.841858,2.319899,Plein jour,En agglomération,Place,Normale,Autre collision,4,1,2,3,1,2,1,0,1,30,1,2,1,0,0,1,34.0,,transport_commun,,1,2,7,1,6
202300036961,2023-10-05 13:50:00,2023,10,5,13,50,37,37261,BALZAC (PARC HONORE DE),47.37286,0.71135,Plein jour,En agglomération,Hors intersection,Normale,Autre collision,9,2,1,3,1,1,1,2,6,30,1,2,1,0,0,1,45.0,,deux_roues,,1,2,1,1,6
202300036962,2023-01-15 01:00:00,2023,1,15,1,0,75,75113,RUE CLISSON,48.830009,2.365732,Nuit avec éclairage allumé,En agglomération,Hors intersection,Pluie légère,Deux véhicules - côté,4,2,2,0,1,1,2,0,1,30,2,2,1,0,0,1,37.0,36.0,deux_roues,voiture,5,2,1,2,3
202300036963,2023-01-15 15:45:00,2023,1,15,15,45,75,75111,RUE DU CHEMIN VERT,48.861584,2.382581,Plein jour,En agglomération,Intersection en X,Normale,Autre collision,4,1, -1,-1,1,1,1,0,1,-1,1,2,1,0,0,1,23.0,,voiture,,1,2,2,1,6
202300036963,2023-01-15 15:45:00,2023,1,15,15,45,75,75111,RUE DU CHEMIN VERT,48.861584,2.382581,Plein jour,En agglomération,Intersection en X,Normale,Autre collision,4,1,1,0,2,1,1,0,1,30,1,2,1,0,0,1,23.0,,voiture,,1,2,2,1,6
202300036964,2023-10-04 14:40:00,2023,10,4,14,40,37,37122,JAURES (BOULEVARD JEAN),47.34872,0.66314,Plein jour,En agglomération,Hors intersection,Normale,Deux véhicules - arrière,4,2,2,0,1,1,1,6,1,50,2,3,2,0,0,1,45.0,46.0,voiture,voiture,1,2,1,1,2
202300036965,2023-01-15 07:12:00,2023,1,15,7,12,75,75111,RUE SAINT MAUR,48.865641,2.377335,Nuit avec éclairage allumé,En agglomération,Intersection en X,Normale,Autre collision,4,1, -1,-1,1,1,2,0,1,-1,2,2,1,0,0,1,,22.0,voiture,deux_roues,5,2,2,1,6
202300036965,2023-01-15 07:12:00,2023,1,15,7,12,75,75111,RUE SAINT MAUR,48.865641,2.377335,Nuit avec éclairage allumé,En agglomération,Intersection en X,Normale,Autre collision,4,1,1,0,1,1,2,0,1,30,2,2,1,0,0,1,,22.0,voiture,deux_roues,5,2,2,1,6
202300036966,2023-10-05 19:15:00,2023,10,5,19,15,35,35238,N136,48.1147,-1.71901,Crépuscule ou aube,Hors agglomération,Hors intersection,Normale,Deux véhicules - arrière,2,3,6,0,1,1,1,0,1,90,2,3,2,0,0,1,54.0,26.0,utilitaire_camion,voiture,2,1,1,1,2
202300036967,2023-01-15 19:42:00,2023,1,15,19,42,75,75110,BOULEVARD DE BONNE NOUVELLE,48.870101,2.351007,Nuit avec éclairage allumé,En agglomération,Intersection en T,Normale,Deux véhicules - côté,4,1,2,0,1,1,1,0,1,30,2,2,1,0,0,1,,31.0,voiture,deux_roues,5,2,3,1,3
202300036967,2023-01-15 19:42:00,2023,1,15,19,42,75,75110,BOULEVARD DE BONNE NOUVELLE,48.870101,2.351007,Nuit avec éclairage allumé,En agglomération,Intersection en T,Normale,Deux véhicules - côté,4,2, -1,-1,1,1,1,0,1,-1,2,2,1,0,0,1,,31.0,voiture,deux_roues,5,2,3,1,3
202300036968,2023-01-14 19:55:00,2023,1,14,19,55,75,75109,RUE RICHER,48.874056,2.347282,Nuit avec éclairage allumé,En agglomération,Intersection en T,Pluie légère,Autre collision,4,1, -1,-1,1,1,2,0,1,-1,1,2,1,0,0,1,54.0,,deux_roues,,5,2,3,2,6
202300036968,2023-01-14 19:55:00,2023,1,14,19,55,75,75109,RUE RICHER,48.874056,2.347282,Nuit avec éclairage allumé,En agglomération,Intersection en T,Pluie légère,Autre collision,4,1,1,0,1,1,2,0,1,30,1,2,1,0,0,1,54.0,,deux_roues,,5,2,3,2,6
202300036969,2023-01-14 19:45:00,2023,1,14,19,45,75,75104,RUE DE LA CERISAIE,48.852067,2.365418,Nuit avec éclairage allumé,En agglomération,Intersection en X,Pluie forte,Deux véhicules - côté,4,2,3,2,1,1,2,-1,5,30,2,2,1,0,0,1,28.0,45.0,voiture,deux_roues,5,2,2,3,3
202300036969,2023-01-14 19:45:00,2023,1,14,19,45,75,75104,RUE DE LA CERISAIE,48.852067,2.365418,Nuit avec éclairage allumé,En agglomération,Intersection en X,Pluie forte,Deux véhicules - côté,4,1,1,0,1,1,2,-1,5,30,2,2,1,0,0,1,28.0,45.0,voiture,deux_roues,5,2,2,3,3
202300036970,2023-01-14 18:32:00,2023,1,14,18,32,75,75101,BOULEVARD DE SEBASTOPOL,48.860577,2.34941,Nuit avec éclairage allumé,En agglomération,Intersection en X,Normale,Deux véhicules - côté,4,1,5,1,1,1,1,-1,5,30,2,2,1,0,0,1,,34.0,voiture,deux_roues,5,2,2,1,3
202300036970,2023-01-14 18:32:00,2023,1,14,18,32,75,75101,BOULEVARD DE SEBASTOPOL,48.860577,2.34941,Nuit avec éclairage allumé,En agglomération,Intersection en X,Normale,Deux véhicules - côté,4,-1,0,3,1,1,1,-1,5,-1,2,2,1,0,0,1,,34.0,voiture,deux_roues,5,2,2,1,3
202300036971,2023-10-04 17:20:00,2023,10,4,17,20,35,35051,RN157,48.11384,-1.55324,Plein jour,Hors agglomération,Hors intersection,Normale,Deux véhicules - arrière,2,3,4,0,3,1,1,0,1,110,2,2,1,0,0,1,32.0,,voiture,utilitaire_camion,1,1,1,1,2
202300036972,2023-01-15 18:25:00,2023,1,15,18,25,94,94038,Rue de la Futaie / Avenue Henri Barbusse,48.7840878,2.32828751,Nuit avec éclairage allumé,En agglomération,Intersection en T,Normale,Deux véhicules - côté,3,2,2,0,1,1,1,0,1,50,2,2,1,0,0,1,75.0,27.0,voiture,deux_roues,5,2,3,1,3
202300036972,2023-01-15 18:25:00,2023,1,15,18,25,94,94038,Rue de la Futaie / Avenue Henri Barbusse,48.7840878,2.32828751,Nuit avec éclairage allumé,En agglomération,Intersection en T,Normale,Deux véhicules - côté,3,2,2,0,1,1,1,0,1,50,2,2,1,0,0,1,75.0,27.0,voiture,deux_roues,5,2,3,1,3
202300036973,2023-01-14 21:30:00,2023,1,14,21,30,93,93059,Avenue Elisée Reclus,48.95298,2.35819,Nuit avec éclairage allumé,En agglomération,Hors intersection,Pluie légère,Deux véhicules - arrière,3,3,4,0,2,1,2,2,1,50,2,2,1,0,0,1,31.0,58.0,deux_roues,voiture,5,2,1,2,2
202300036974,2023-10-05 22:10:00,2023,10,5,22,10,33,33192,Cours du Général de Gaulle,44.78403,-0.60642,Nuit avec éclairage allumé,En agglomération,Intersection en T,Normale,Deux véhicules - arrière,4,2,4,1,1,1,1,0,1,50,2,2,0,0,0,2,28.0,21.0,deux_roues,deux_roues,5,2,3,1,2
202300036974,2023-10-05 22:10:00,2023,10,5,22,10,33,33192,Cours du Général de Gaulle,44.78403,-0.60642,Nuit avec éclairage allumé,En agglomération,Intersection en T,Normale,Deux véhicules - arrière,4,2,2,0,1,1,1,0,1,50,2,2,0,0,0,2,28.0,21.0,deux_roues,deux_roues,5,2,3,1,2
202300036975,2023-10-05 16:05:00,2023,10,5,16,5,33,33249,Avenue des Champs,44.88249,-0.52616,Plein jour,En agglomération,Intersection en T,Normale,Deux véhicules - côté,4,2,2,0,2,1,1,0,1,30,2,3,1,0,1,1,37.0,41.0,deux_roues,voiture,1,2,3,1,3
202300036975,2023-10-05 16:05:00,2023,10,5,16,5,33,33249,Avenue des Champs,44.88249,-0.52616,Plein jour,En agglomération,Intersection en T,Normale,Deux véhicules - côté,4,1,1,0,1,1,1,0,1,30,2,3,1,0,1,1,37.0,41.0,deux_roues,voiture,1,2,3,1,3
202300036976,2023-10-05 11:35:00,2023,10,5,11,35,33,33063,Rue Eugène Tenot,44.81941044,-0.5744192,Plein jour,En agglomération,Hors intersection,Normale,Autre collision,4,1,1,2,1,1,1,0,1,30,1,1,0,0,0,1,28.0,,utilitaire_camion,,1,2,1,1,6
202300036977,2023-01-14 18:15:00,2023,1,14,18,15,93,93079,Route de Saint-leu,48.95247,2.33773,Nuit sans éclairage public,En agglomération,Hors intersection,Pluie légère,Deux véhicules - arrière,3,3,2,1,1,1,2,0,1,50,2,3,2,0,0,1,25.0,21.0,voiture,voiture,3,2,1,2,2
202300036978,2023-01-15 13:30:00,2023,1,15,13,30,93,93029,Rue Sadi Carnot / Rue Jean Pierre Timbaud,48.92517,2.44131,Plein jour,En agglomération,Intersection en T,Normale,Deux véhicules - côté,3,2,2,-1,1,1,1,0,1,-1,2,2,1,0,0,1,45.0,29.0,deux_roues,voiture,1,2,3,1,3
202300036978,2023-01-15 13:30:00,2023,1,15,13,30,93,93029,Rue Sadi Carnot / Rue Jean Pierre Timbaud,48.92517,2.44131,Plein jour,En agglomération,Intersection en T,Normale,Deux véhicules - côté,3,3,4,0,1,1,1,0,1,50,2,2,1,0,0,1,45.0,29.0,deux_roues,voiture,1,2,3,1,3
202300036979,2023-10-05 16:20:00,2023,10,5,16,20,33,33529,rue Lagrua,44.6406917,-1.15573972,Plein jour,En agglomération,Hors intersection,Temps éblouissant,Deux véhicules - côté,4,2,2,0,1,1,1,0,1,50,2,2,1,0,1,0,16.0,66.0,deux_roues,voiture,1,2,1,7,3