accident_id,datetime,annee,mois,jour,heure,minute,departement,commune_insee,adresse,latitude,longitude,luminosite,agglomeration,intersection,meteo,collision,catr,circ,nbv,vosp,prof,plan,surf,infra,situ,vma,nb_vehicules,nb_usagers,nb_indemnes,nb_tues,nb_blesses_hosp,nb_blesses_legers,age_cond_1,age_cond_2,veh_type_cond_1,veh_type_cond_2,lum_code,agg_code,int_code,atm_code,col_code
202300037055,2023-10-05 02:20:00,2023,10,5,2,20,75,75113,AVENUE PIERRE MENDES FRANCE,48.83893357,2.37006676,Nuit avec éclairage allumé,En agglomération,Intersection en T,Normale,Sans collision,4,2,4,0,2,3,1,0,1,30,1,1,0,0,0,1,29.0,,deux_roues,,5,2,3,1,7
202300037055,2023-10-05 02:20:00,2023,10,5,2,20,75,75113,AVENUE PIERRE MENDES FRANCE,48.83893357,2.37006676,Nuit avec éclairage allumé,En agglomération,Intersection en T,Normale,Sans collision,4,1, -1,-1,1,1,1,0,1,30,1,1,0,0,0,1,29.0,,deux_roues,,5,2,3,1,7
202300037056,2023-01-14 18:15:00,2023,1,14,18,15,27,27165,RD840,48.953466,0.932703,Nuit sans éclairage public,Hors agglomération,Intersection en X,Pluie forte,Deux véhicules - côté,3,2,2,0,1,1,2,5,1,80,2,3,1,0,0,2,52.0,52.0,voiture,voiture,3,1,2,3,3
202300037056,2023-01-14 18:15:00,2023,1,14,18,15,27,27165,RD840,48.953466,0.932703,Nuit sans éclairage public,Hors agglomération,Intersection en X,Pluie forte,Deux véhicules - côté,3,2,2,0,1,1,2,5,1,80,2,3,1,0,0,2,52.0,52.0,voiture,voiture,3,1,2,3,3
202300037057,2023-10-05 09:40:00,2023,10,5,9,40,75,75120,RUE DU COMMANDANT L HERMINIER,48.846746,2.415865,Plein jour,En agglomération,Intersection en T,Normale,Deux véhicules - côté,4,2,4,0,1,1,1,5,1,50,2,2,1,0,0,1,26.0,40.0,voiture,deux_roues,1,2,3,1,3
202300037057,2023-10-05 09:40:00,2023,10,5,9,40,75,75120,RUE DU COMMANDANT L HERMINIER,48.846746,2.415865,Plein jour,En agglomération,Intersection en T,Normale,Deux véhicules - côté,4,1,1,0,1,1,1,0,5,30,2,2,1,0,0,1,26.0,40.0,voiture,deux_roues,1,2,3,1,3
202300037058,2023-01-12 05:50:00,2023,1,12,5,50,60,60589,D162,49.232781,2.458856,Nuit sans éclairage public,En agglomération,Hors intersection,Normale,Autre collision,3,2,2,2,1,1,1,0,5,50,1,2,0,0,0,2,28.0,,deux_roues,,3,2,1,1,6
202300037059,2023-01-16 08:30:00,2023,1,16,8,30,60,60103,Bresles,49.418037,2.244161,Plein jour,Hors agglomération,Intersection en X,Pluie légère,Deux véhicules - côté,2,2,2,0,1,1,2,2,1,80,2,3,1,0,0,2,33.0,44.0,voiture,voiture,1,1,2,2,3
202300037059,2023-01-16 08:30:00,2023,1,16,8,30,60,60103,Bresles,49.418037,2.244161,Plein jour,Hors agglomération,Intersection en X,Pluie légère,Deux véhicules - côté,2,1, -1,-1,1,1,2,3,1,-1,2,3,1,0,0,2,33.0,44.0,voiture,voiture,1,1,2,2,3
202300037060,2023-10-05 18:30:00,2023,10,5,18,30,75,75104,RUE DE LOBAU,48.856943,2.353808,Crépuscule ou aube,En agglomération,Intersection en T,Normale,Deux véhicules - côté,4,2,4,0,1,1,1,0,5,30,2,2,1,0,0,1,,56.0,voiture,deux_roues,2,2,3,1,3
202300037060,2023-10-05 18:30:00,2023,10,5,18,30,75,75104,RUE DE LOBAU,48.856943,2.353808,Crépuscule ou aube,En agglomération,Intersection en T,Normale,Deux véhicules - côté,4,2,4,0,1,1,1,0,5,30,2,2,1,0,0,1,,56.0,voiture,deux_roues,2,2,3,1,3
202300037061,2023-01-13 18:05:00,2023,1,13,18,5,59,59571,Rue du Général de Gaulle,50.192561,3.49929,Nuit avec éclairage allumé,En agglomération,Hors intersection,Normale,Trois véhicules et plus - collisions multiples,3,3,2,0,2,1,1,0,1,-1,3,3,2,0,0,1,38.0,39.0,voiture,voiture,5,2,1,1,5
202300037062,2023-01-13 17:20:00,2023,1,13,17,20,13,13214,A7-Sens Marseille vers Lyon,43.32201,5.37817,Crépuscule ou aube,Hors agglomération,Hors intersection,Normale,Trois véhicules et plus - en chaîne,1,1,4,0,1,1,1,0,1,90,3,5,3,0,0,2,35.0,27.0,voiture,voiture,2,1,1,1,4
202300037063,2023-01-15 15:45:00,2023,1,15,15,45,83,83047,A570,43.13019,6.06997,Plein jour,Hors agglomération,Hors intersection,Normale,Sans collision,1,1,4,0,1,1,1,0,3,110,1,2,1,0,0,1,53.0,,voiture,,1,1,1,1,7
202300037064,2023-10-05 18:40:00,2023,10,5,18,40,75,75101,RUE DE RIVOLI,48.8627217,2.33524686,Plein jour,En agglomération,Intersection en X,Normale,Deux véhicules - côté,4,-1,1,0,1,1,1,0,5,30,2,3,2,0,0,1,42.0,29.0,deux_roues,deux_roues,1,2,2,1,3
202300037064,2023-10-05 18:40:00,2023,10,5,18,40,75,75101,RUE DE RIVOLI,48.8627217,2.33524686,Plein jour,En agglomération,Intersection en X,Normale,Deux véhicules - côté,4,2,3,1,1,1,1,0,5,30,2,3,2,0,0,1,42.0,29.0,deux_roues,deux_roues,1,2,2,1,3
202300037065,2023-01-15 06:20:00,2023,1,15,6,20,67,67482,M351,48.58484,7.72591,Nuit sans éclairage public,Hors agglomération,Hors intersection,Pluie légère,Sans collision,7,3,2,0,2,3,2,0,1,50,1,4,2,0,0,2,23.0,,voiture,,3,1,1,2,7
202300037066,2023-10-05 17:00:00,2023,10,5,17,0,75,75103,RUE DU TEMPLE,48.865816,2.36088,Plein jour,En agglomération,Intersection en T,Normale,Autre collision,4,1,1,0,1,1,1,0,1,30,2,2,1,0,0,1,69.0,31.0,voiture,deux_roues,1,2,3,1,6
202300037066,2023-10-05 17:00:00,2023,10,5,17,0,75,75103,RUE DU TEMPLE,48.865816,2.36088,Plein jour,En agglomération,Intersection en T,Normale,Autre collision,4,1,3,0,1,1,1,0,1,30,2,2,1,0,0,1,69.0,31.0,voiture,deux_roues,1,2,3,1,6
202300037067,2023-01-15 11:15:00,2023,1,15,11,15,91,91064,RN 118,48.752827,2.223241,Plein jour,Hors agglomération,Hors intersection,Normale,Deux véhicules - arrière,2,3,4,0,2,3,2,0,1,110,2,3,0,0,0,3,88.0,43.0,voiture,voiture,1,1,1,1,2
202300037068,2023-10-05 15:10:00,2023,10,5,15,10,75,75101,AVENUE DE L OPERA,48.86453537,2.33488539,Plein jour,En agglomération,Intersection en T,Normale,Sans collision,4,1,2,3,1,1,1,0,1,30,1,1,0,0,0,1,33.0,,deux_roues,,1,2,3,1,7
202300037068,2023-10-05 15:10:00,2023,10,5,15,10,75,75101,AVENUE DE L OPERA,48.86453537,2.33488539,Plein jour,En agglomération,Intersection en T,Normale,Sans collision,4,1,2,3,1,1,1,0,1,30,1,1,0,0,0,1,33.0,,deux_roues,,1,2,3,1,7
202300037069,2023-01-15 03:45:00,2023,1,15,3,45,92,92064,A13,48.83949368,2.20466483,Nuit avec éclairage allumé,Hors agglomération,Hors intersection,Pluie légère,Deux véhicules - arrière,1,1,3,0,1,1,3,0,1,70,2,5,3,0,0,2,61.0,38.0,voiture,voiture,5,1,1,2,2
202300037070,2023-01-14 20:30:00,2023,1,14,20,30,92,92036,AUTOROUTE A15,48.94647077,2.28241919,Nuit avec éclairage allumé,Hors agglomération,Hors intersection,Pluie forte,Autre collision,1,3,8,0,1,1,2,0,1,110,1,1,0,0,0,1,57.0,,deux_roues,,5,1,1,3,6
202300037071,2023-10-05 09:15:00,2023,10,5,9,15,75,75104,RUE SAINT ANTOINE,48.85464296,2.36276481,Plein jour,En agglomération,Intersection en T,Normale,Deux véhicules - côté,4,2,3,1,1,1,1,5,1,30,2,2,1,0,0,1,31.0,26.0,deux_roues,deux_roues,1,2,3,1,3
202300037071,2023-10-05 09:15:00,2023,10,5,9,15,75,75104,RUE SAINT ANTOINE,48.85464296,2.36276481,Plein jour,En agglomération,Intersection en T,Normale,Deux véhicules - côté,4,2,2,2,1,1,1,5,1,30,2,2,1,0,0,1,31.0,26.0,deux_roues,deux_roues,1,2,3,1,3
202300037072,2023-01-13 08:10:00,2023,1,13,8,10,95,95682,N104,49.06835027,2.39100677,Plein jour,Hors agglomération,Hors intersection,Normale,Trois véhicules et plus - en chaîne,2,3,4,0,1,1,1,0,1,110,3,3,2,0,0,1,69.0,22.0,voiture,utilitaire_camion,1,1,1,1,4
202300037073,2023-10-05 02:10:00,2023,10,5,2,10,75,75104,RUE DE RIVOLI,48.855272,2.361165,Nuit avec éclairage allumé,En agglomération,Intersection en T,Normale,Sans collision,4,1, -1,-1,1,1,1,0,1,30,1,1,0,0,0,1,41.0,,deux_roues,,5,2,3,1,7
202300037073,2023-10-05 02:10:00,2023,10,5,2,10,75,75104,RUE DE RIVOLI,48.855272,2.361165,Nuit avec éclairage allumé,En agglomération,Intersection en T,Normale,Sans collision,4,2,2,1,1,1,1,0,1,30,1,1,0,0,0,1,41.0,,deux_roues,,5,2,3,1,7
202300037074,2023-01-15 11:00:00,2023,1,15,11,0,94,94022,A86,48.7766716,2.41970908,Plein jour,Hors agglomération,Hors intersection,Normale,Deux véhicules - côté,1,-1,3,0,1,1,1,0,1,90,2,3,1,0,0,2,,52.0,voiture,voiture,1,1,1,1,3
202300037075,2023-10-04 18:15:00,2023,10,4,18,15,75,75101,BOULEVARD DE SEBASTOPOL,48.861983,2.350163,Plein jour,En agglomération,Intersection en X,Normale,Autre collision,4,1,5,1,1,1,1,0,5,30,1,2,1,0,0,1,37.0,,deux_roues,,1,2,2,1,6
202300037075,2023-10-04 18:15:00,2023,10,4,18,15,75,75101,BOULEVARD DE SEBASTOPOL,48.861983,2.350163,Plein jour,En agglomération,Intersection en X,Normale,Autre collision,4,1,1,0,1,1,1,0,5,30,1,2,1,0,0,1,37.0,,deux_roues,,1,2,2,1,6
202300037076,2023-01-15 02:55:00,2023,1,15,2,55,94,94069,A4,48.81731094,2.44243718,Nuit sans éclairage public,Hors agglomération,Hors intersection,Pluie légère,Deux véhicules - arrière,1,3,6,0,1,1,2,0,1,90,2,3,1,0,0,2,27.0,32.0,voiture,voiture,3,1,1,2,2
202300037077,2023-01-14 15:55:00,2023,1,14,15,55,77,77294,A104,48.96143,2.617861,Plein jour,Hors agglomération,Hors intersection,Pluie légère,Trois véhicules et plus - en chaîne,1,1,2,0,1,1,2,0,1,90,4,4,3,0,0,1,71.0,26.0,voiture,voiture,1,1,1,2,4
202300037078,2023-01-14 20:26:00,2023,1,14,20,26,78,78440,HENRI DUNANT (RUE),48.993543,1.91251,Nuit avec éclairage allumé,En agglomération,Hors intersection,Pluie légère,Autre collision,4,2,2,0,1,1,2,0,8,50,1,2,1,0,0,1,25.0,,deux_roues,,5,2,1,2,6
202300037079,2023-10-04 14:19:00,2023,10,4,14,19,75,75103,RUE DU PONT AUX CHOUX,48.861032,2.366698,Plein jour,En agglomération,Hors intersection,Normale,Autre collision,4,1,1,0,1,1,1,0,1,30,1,2,1,0,0,1,54.0,,voiture,,1,2,1,1,6
202300037080,2023-01-14 15:53:00,2023,1,14,15,53,72,72003,GAULLE CHARLES DE (AV),47.97006,0.15963,Plein jour,En agglomération,Hors intersection,Pluie légère,Autre collision,4,2,5,0,1,1,2,0,1,50,1,2,0,0,0,2,17.0,,deux_roues,,1,2,1,2,6
202300037081,2023-10-05 16:05:00,2023,10,5,16,5,94,94041,9 Rue Louis Rousseau,48.812293,2.383268,Plein jour,En agglomération,Autre intersection,Normale,Autre collision,4,1,1,3,1,1,1,9,4,30,1,2,1,0,0,1,,,deux_roues,,1,2,9,1,6
202300037082,2023-01-14 18:15:00,2023,1,14,18,15,69,69290,211 Route de Grenoble,45.71501193,4.96378677,Nuit avec éclairage allumé,En agglomération,Autre intersection,Normale,Autre collision,7,2,4,0,1,1,1,0,1,50,1,3,1,0,0,2,50.0,,utilitaire_camion,,5,2,9,1,6
202300037083,2023-10-05 11:50:00,2023,10,5,11,50,94,94058,Rdpt du Général Leclerc,48.849291,2.495844,Plein jour,En agglomération,Giratoire,Normale,Deux véhicules - côté,3,3,4,0,1,1,1,9,1,50,2,2,1,0,0,1,22.0,24.0,deux_roues,voiture,1,2,6,1,3
202300037084,2023-01-14 17:50:00,2023,1,14,17,50,54,54395,Avenue de la Libération,48.6965,6.14738,Nuit avec éclairage allumé,En agglomération,Hors intersection,Pluie forte,Autre collision,4,2,2,0,2,1,2,0,1,50,1,2,1,0,0,1,60.0,,voiture,,5,2,1,3,6
202300037085,2023-01-14 12:00:00,2023,1,14,12,0,54,54274,Avenue de la Malgrange,48.667215,6.198473,Plein jour,En agglomération,Hors intersection,Pluie légère,Autre collision,4,2,2,0,1,1,2,0,1,50,1,2,1,0,0,1,42.0,,voiture,,1,2,1,2,6
202300037086,2023-10-05 22:45:00,2023,10,5,22,45,94,94041,190 Boulevard de Stalingrad,48.806979,2.375284,Nuit avec éclairage allumé,En agglomération,Intersection en X,Normale,Deux véhicules - côté,3,1,4,0,1,1,1,5,1,50,2,2,1,0,0,1,32.0,21.0,deux_roues,voiture,5,2,2,1,3
202300037086,2023-10-05 22:45:00,2023,10,5,22,45,94,94041,190 Boulevard de Stalingrad,48.806979,2.375284,Nuit avec éclairage allumé,En agglomération,Intersection en X,Normale,Deux véhicules - côté,3,1, -1,0,1,1,1,5,1,-1,2,2,1,0,0,1,32.0,21.0,deux_roues,voiture,5,2,2,1,3
202300037087,2023-01-13 15:05:00,2023,1,13,15,5,54,54528,RD 400,48.672191,5.888065,Plein jour,En agglomération,Hors intersection,Pluie légère,Autre collision,3,2,3,0,1,1,2,0,1,50,1,2,1,0,0,1,31.0,,voiture,,1,2,1,2,6
202300037088,2023-01-14 13:30:00,2023,1,14,13,30,974,97411,AUBER (RUE JULES),-20.87856,55.4528,Plein jour,En agglomération,Autre intersection,Normale,Autre collision,6,-1, -1,0,1,1,1,9,4,30,1,2,1,0,0,1,41.0,,voiture,,1,2,9,1,6
202300037089,2023-10-05 05:40:00,2023,10,5,5,40,94,94043,Avenue Eugène Thomas,48.80965,2.36046,Nuit avec éclairage allumé,En agglomération,Hors intersection,Normale,Deux véhicules - côté,3,3,3,0,2,1,1,0,1,50,2,2,1,0,0,1,55.0,31.0,voiture,deux_roues,5,2,1,1,3
202300037090,2023-01-14 18:50:00,2023,1,14,18,50,974,97409,DIORE(CHEMIN),-20.97791,55.62888,Plein jour,En agglomération,Hors intersection,Normale,Sans collision,4,2,2,0,2,1,1,0,1,50,1,1,0,0,0,1,26.0,,deux_roues,,1,2,1,1,7
202300037091,2023-01-14 14:40:00,2023,1,14,14,40,973,97302,VOLTAIRE(AVENUE),4.9419874,-52.32399836,Plein jour,En agglomération,Intersection en X,Pluie forte,Deux véhicules - côté,4,2,2,0,1,1,2,0,1,50,2,2,1,0,0,1,53.0,24.0,voiture,voiture,1,2,2,3,3
202300037091,2023-01-14 14:40:00,2023,1,14,14,40,973,97302,VOLTAIRE(AVENUE),4.9419874,-52.32399836,Plein jour,En agglomération,Intersection en X,Pluie forte,Deux véhicules - côté,4,1,2,0,1,1,2,0,1,50,2,2,1,0,0,1,53.0,24.0,voiture,voiture,1,2,2,3,3
202300037092,2023-10-05 18:00:00,2023,10,5,18,0,94,94065,Avenue Charles Lindbergh,48.75308,2.35015,Plein jour,En agglomération,Hors intersection,Normale,Deux véhicules - arrière,3,2,5,0,1,1,1,0,1,50,2,2,1,0,0,1,,28.0,voiture,voiture,1,2,1,1,2
202300037093,2023-01-14 21:00:00,2023,1,14,21,0,69,69387,Grande Rue de la Guillotière,45.75211,4.84674,Nuit avec éclairage allumé,En agglomération,Intersection en X,Pluie légère,Deux véhicules - côté,4,1,2,2,1,1,2,0,1,30,2,2,1,0,0,1,29.0,17.0,voiture,deux_roues,5,2,2,2,3
202300037093,2023-01-14 21:00:00,2023,1,14,21,0,69,69387,Grande Rue de la Guillotière,45.75211,4.84674,Nuit avec éclairage allumé,En agglomération,Intersection en X,Pluie légère,Deux véhicules - côté,4,1,2,2,1,1,2,0,1,30,2,2,1,0,0,1,29.0,17.0,voiture,deux_roues,5,2,2,2,3
202300037094,2023-01-14 19:05:00,2023,1,14,19,5,69,69387,36 Rue Croix-Barret,45.7366,4.84437,Nuit avec éclairage allumé,En agglomération,Hors intersection,Normale,Sans collision,4,2,2,2,1,1,1,0,1,30,1,1,0,0,1,0,55.0,,autre,,5,2,1,1,7
202300037095,2023-10-05 12:13:00,2023,10,5,12,13,94,94077,Avenue Poincaré,48.73314,2.42341,Plein jour,En agglomération,Intersection en X,Normale,Deux véhicules - côté,4,1,1,0,1,1,1,0,1,50,2,2,1,0,0,1,,17.0,voiture,deux_roues,1,2,2,1,3
202300037096,2023-01-14 16:20:00,2023,1,14,16,20,69,69388,132 Avenue des Frères Lumière,45.74394,4.87055,Plein jour,En agglomération,Intersection en X,Normale,Autre collision,4,1,1,2,1,1,1,0,1,30,1,2,1,0,0,1,39.0,,voiture,,1,2,2,1,6
202300037096,2023-01-14 16:20:00,2023,1,14,16,20,69,69388,132 Avenue des Frères Lumière,45.74394,4.87055,Plein jour,En agglomération,Intersection en X,Normale,Autre collision,4,1,1,3,1,1,1,0,1,30,1,2,1,0,0,1,39.0,,voiture,,1,2,2,1,6
202300037097,2023-01-14 23:39:00,2023,1,14,23,39,95,95019,D208,48.985362,2.426545,Nuit avec éclairage allumé,En agglomération,Hors intersection,Pluie légère,Autre collision,3,2,2,0,1,1,2,0,1,50,1,2,0,0,0,2,21.0,,voiture,,5,2,1,2,6
202300037098,2023-10-04 07:26:00,2023,10,4,7,26,94,94019,Rue des Bordes,48.79878,2.55774,Crépuscule ou aube,En agglomération,Hors intersection,Normale,Deux véhicules - côté,4,2,2,1,1,1,1,0,1,50,2,2,1,0,0,1,18.0,34.0,deux_roues,voiture,2,2,1,1,3
202300037099,2023-01-14 20:59:00,2023,1,14,20,59,95,95277,D317,48.98134831,2.46753037,Nuit avec éclairage allumé,Hors agglomération,Hors intersection,Pluie forte,Trois véhicules et plus - en chaîne,3,3,4,0,1,1,2,0,1,90,4,6,3,0,0,3,26.0,51.0,voiture,voiture,5,1,1,3,4
202300037100,2023-01-14 17:50:00,2023,1,14,17,50,95,95219,D401,48.99439,2.25013,Nuit avec éclairage allumé,En agglomération,Hors intersection,Pluie légère,Deux véhicules - frontale,3,2,2,0,1,1,2,0,1,30,2,4,2,0,0,2,42.0,24.0,voiture,voiture,5,2,1,2,1
202300037101,2023-10-05 11:36:00,2023,10,5,11,36,94,94017,Rue Alexandre Fourny,48.81888131,2.52029078,Plein jour,En agglomération,Intersection en X,Normale,Autre collision,4,2,2,0,1,1,1,5,1,50,1,2,1,0,0,1,78.0,,voiture,,1,2,2,1,6
202300037101,2023-10-05 11:36:00,2023,10,5,11,36,94,94017,Rue Alexandre Fourny,48.81888131,2.52029078,Plein jour,En agglomération,Intersection en X,Normale,Autre collision,4,2,2,0,1,1,1,5,1,50,1,2,1,0,0,1,78.0,,voiture,,1,2,2,1,6
202300037102,2023-01-13 18:00:00,2023,1,13,18,0,95,95218,N184,49.01857394,2.09636092,Nuit avec éclairage allumé,En agglomération,Hors intersection,Normale,Deux véhicules - arrière,2,3,4,0,1,1,1,0,1,70,2,4,3,0,0,1,48.0,30.0,voiture,voiture,5,2,1,1,2
202300037103,2023-10-05 07:40:00,2023,10,5,7,40,93,93078,Avenue des Nations / Mail des Peupliers,48.9762794,2.51292676,Plein jour,En agglomération,Intersection en X,Normale,Deux véhicules - côté,3,2,2,3,1,1,1,5,1,50,2,2,0,0,0,2,32.0,37.0,utilitaire_camion,voiture,1,2,2,1,3
202300037103,2023-10-05 07:40:00,2023,10,5,7,40,93,93078,Avenue des Nations / Mail des Peupliers,48.9762794,2.51292676,Plein jour,En agglomération,Intersection en X,Normale,Deux véhicules - côté,3,3,2,0,1,1,1,5,1,50,2,2,0,0,0,2,32.0,37.0,utilitaire_camion,voiture,1,2,2,1,3
202300037104,2023-01-14 07:45:00,2023,1,14,7,45,91,91345,RUE MICHEL DE GAILLARD,48.698373,2.290612,Nuit avec éclairage allumé,En agglomération,Intersection en T,Pluie légère,Sans collision,3,2,2,0,1,2,2,0,1,50,1,3,1,0,0,2,42.0,,voiture,,5,2,3,2,7
202300037104,2023-01-14 07:45:00,2023,1,14,7,45,91,91345,RUE MICHEL DE GAILLARD,48.698373,2.290612,Nuit avec éclairage allumé,En agglomération,Intersection en T,Pluie légère,Sans collision,3,2,2,0,1,2,2,5,1,50,1,3,1,0,0,2,42.0,,voiture,,5,2,3,2,7
202300037105,2023-01-13 16:45:00,2023,1,13,16,45,88,88429,RN 57,48.07122,6.59559,Crépuscule ou aube,Hors agglomération,Hors intersection,Pluie forte,Sans collision,2,3,4,0,1,1,2,0,8,110,1,3,1,0,0,2,40.0,,voiture,,2,1,1,3,7
202300037106,2023-10-05 20:40:00,2023,10,5,20,40,93,93072,Boulevard Maxime Gorki,48.95448094,2.38369671,Nuit avec éclairage allumé,En agglomération,Hors intersection,Normale,Autre collision,3,2,2,0,1,1,1,0,1,50,1,2,1,0,0,1,31.0,,deux_roues,,5,2,1,1,6
202300037107,2023-10-05 11:25:00,2023,10,5,11,25,93,93059,Avenue Elisée Reclus / Rue Séverin Tuleu,48.9515065,2.35798652,Plein jour,En agglomération,Intersection en T,Normale,Deux véhicules - côté,3,3,4,3,1,1,1,0,1,50,2,2,1,0,0,1,29.0,54.0,deux_roues,utilitaire_camion,1,2,3,1,3
202300037107,2023-10-05 11:25:00,2023,10,5,11,25,93,93059,Avenue Elisée Reclus / Rue Séverin Tuleu,48.9515065,2.35798652,Plein jour,En agglomération,Intersection en T,Normale,Deux véhicules - côté,3,1,1,0,1,1,1,0,1,-1,2,2,1,0,0,1,29.0,54.0,deux_roues,utilitaire_camion,1,2,3,1,3
202300037108,2023-01-14 18:50:00,2023,1,14,18,50,76,76429,Route de Paris,49.41058,1.1414,Nuit avec éclairage allumé,En agglomération,Intersection en X,Pluie légère,Autre collision,7,2,2,0,1,1,2,0,1,50,1,3,2,0,0,1,26.0,,voiture,,5,2,2,2,6
202300037108,2023-01-14 18:50:00,2023,1,14,18,50,76,76429,Route de Paris,49.41058,1.1414,Nuit avec éclairage allumé,En agglomération,Intersection en X,Pluie légère,Autre collision,7,2,2,0,1,1,2,0,1,50,1,3,2,0,0,1,26.0,,voiture,,5,2,2,2,6
202300037109,2023-10-05 21:30:00,2023,10,5,21,30,93,93070,Avenue Gabriel Péri,48.902905,2.330836,Nuit avec éclairage allumé,En agglomération,Hors intersection,Normale,Deux véhicules - côté,3,2,2,1,1,1,1,0,5,30,2,2,1,0,0,1,35.0,31.0,deux_roues,voiture,5,2,1,1,3
202300037110,2023-01-14 11:00:00,2023,1,14,11,0,76,76497,Avenue des Canadiens,49.386764,1.054269,Plein jour,Hors agglomération,Intersection en Y,Pluie légère,Deux véhicules - côté,7,3,4,0,1,1,2,0,1,50,2,3,1,0,0,2,36.0,21.0,voiture,voiture,1,1,4,2,3
202300037110,2023-01-14 11:00:00,2023,1,14,11,0,76,76497,Avenue des Canadiens,49.386764,1.054269,Plein jour,Hors agglomération,Intersection en Y,Pluie légère,Deux véhicules - côté,7,1,1,0,1,3,2,0,1,50,2,3,1,0,0,2,36.0,21.0,voiture,voiture,1,1,4,2,3
202300037111,2023-10-05 19:50:00,2023,10,5,19,50,93,93070,Rue Albert Dhalenne / Rue Soubise,48.91574,2.33106,Nuit avec éclairage allumé,En agglomération,Intersection en X,Normale,Deux véhicules - arrière,3,2,2,3,1,1,1,0,8,50,2,2,1,0,0,1,,55.0,voiture,deux_roues,5,2,2,1,2
202300037111,2023-10-05 19:50:00,2023,10,5,19,50,93,93070,Rue Albert Dhalenne / Rue Soubise,48.91574,2.33106,Nuit avec éclairage allumé,En agglomération,Intersection en X,Normale,Deux véhicules - arrière,3,2,2,0,1,1,1,0,1,-1,2,2,1,0,0,1,,55.0,voiture,deux_roues,5,2,2,1,2
202300037112,2023-01-13 18:55:00,2023,1,13,18,55,76,76217,GRANDE RUE,49.92565,1.07656,Nuit avec éclairage allumé,En agglomération,Hors intersection,Pluie légère,Autre collision,4,-1,1,0,1,1,2,6,6,30,1,2,1,0,1,0,57.0,,voiture,,5,2,1,2,6
202300037113,2023-01-13 17:25:00,2023,1,13,17,25,73,73011,CHARRETTE (CHEMIN DE LA),45.66004107,6.36811227,Nuit avec éclairage allumé,En agglomération,Hors intersection,Autre,Deux véhicules - frontale,4,2,2,2,1,1,2,5,1,50,2,3,1,0,2,0,15.0,56.0,deux_roues,voiture,5,2,1,9,1
202300037114,2023-10-05 17:45:00,2023,10,5,17,45,93,93066,Rue Charles Michels / Place Jean Poulmarch,48.93245,2.34301,Plein jour,En agglomération,Intersection en T,Normale,Autre collision,4,2,2,0,2,1,1,9,8,30,1,2,1,0,0,1,44.0,,voiture,,1,2,3,1,6
202300037114,2023-10-05 17:45:00,2023,10,5,17,45,93,93066,Rue Charles Michels / Place Jean Poulmarch,48.93245,2.34301,Plein jour,En agglomération,Intersection en T,Normale,Autre collision,4,1,1,0,1,1,1,0,1,-1,1,2,1,0,0,1,44.0,,voiture,,1,2,3,1,6
202300037115,2023-01-14 17:55:00,2023,1,14,17,55,73,73008,Avenue Daniel Rops,45.69447694,5.89597732,Nuit avec éclairage allumé,En agglomération,Giratoire,Normale,Deux véhicules - côté,4,2,2,0,1,1,1,5,1,50,2,3,2,0,0,1,61.0,15.0,voiture,deux_roues,5,2,6,1,3
202300037115,2023-01-14 17:55:00,2023,1,14,17,55,73,73008,Avenue Daniel Rops,45.69447694,5.89597732,Nuit avec éclairage allumé,En agglomération,Giratoire,Normale,Deux véhicules - côté,4,2,2,0,1,1,1,5,1,50,2,3,2,0,0,1,61.0,15.0,voiture,deux_roues,5,2,6,1,3
202300037116,2023-01-14 18:30:00,2023,1,14,18,30,62,62133,D46,50.42231,2.91096,Crépuscule ou aube,En agglomération,Hors intersection,Pluie légère,Autre collision,3,-1,2,0,1,3,2,9,1,50,1,2,1,0,0,1,20.0,,voiture,,2,2,1,2,6
202300037117,2023-10-05 09:10:00,2023,10,5,9,10,93,93066,Rue du Plouich / Rue Georges Bizet,48.94305,2.38187,Plein jour,En agglomération,Intersection en T,Normale,Deux véhicules - côté,4,2, -1,0,1,1,1,0,1,-1,2,2,1,0,0,1,14.0,,deux_roues,voiture,1,2,3,1,3
202300037117,2023-10-05 09:10:00,2023,10,5,9,10,93,93066,Rue du Plouich / Rue Georges Bizet,48.94305,2.38187,Plein jour,En agglomération,Intersection en T,Normale,Deux véhicules - côté,4,2,2,0,1,1,1,0,1,50,2,2,1,0,0,1,14.0,,deux_roues,voiture,1,2,3,1,3
202300037118,2023-01-13 16:30:00,2023,1,13,16,30,59,59507,LAVOISIER RUE,50.60423212,3.07589829,Crépuscule ou aube,En agglomération,Hors intersection,Normale,Autre collision,7,2,2,0,1,3,1,6,1,50,1,2,1,0,0,1,77.0,,voiture,,2,2,1,1,6
202300037119,2023-01-13 20:40:00,2023,1,13,20,40,57,57463,GENERAL METMAN,49.11975358,6.24190807,Nuit sans éclairage public,En agglomération,Hors intersection,Autre,Deux véhicules - frontale,7,2,3,0,1,1,2,0,8,50,2,2,1,0,1,0,54.0,,voiture,voiture,3,2,1,9,1
202300037120,2023-10-05 22:45:00,2023,10,5,22,45,93,93055,Avenue du Général Leclerc / Rue Diderot,48.90053,2.41088,Nuit avec éclairage allumé,En agglomération,Intersection en T,Normale,Deux véhicules - frontale,3,2,2,1,1,1,1,0,1,50,2,2,1,0,0,1,23.0,20.0,voiture,deux_roues,5,2,3,1,1