accident_id,datetime,annee,mois,jour,heure,minute,departement,commune_insee,adresse,latitude,longitude,luminosite,agglomeration,intersection,meteo,collision,catr,circ,nbv,vosp,prof,plan,surf,infra,situ,vma,nb_vehicules,nb_usagers,nb_indemnes,nb_tues,nb_blesses_hosp,nb_blesses_legers,age_cond_1,age_cond_2,veh_type_cond_1,veh_type_cond_2,lum_code,agg_code,int_code,atm_code,col_code
202300037189,2023-07-28 02:45:00,2023,7,28,2,45,21,21205,Rue de la Liberté,47.45597,4.299769,Nuit sans éclairage public,En agglomération,Intersection en Y,Normale,Autre collision,3,2,2,0,1,1,1,0,3,50,1,1,0,0,0,1,39.0,,utilitaire_camion,,3,2,4,1,6
202300037189,2023-07-28 02:45:00,2023,7,28,2,45,21,21205,Rue de la Liberté,47.45597,4.299769,Nuit sans éclairage public,En agglomération,Intersection en Y,Normale,Autre collision,3,2,2,0,1,1,1,0,3,50,1,1,0,0,0,1,39.0,,utilitaire_camion,,3,2,4,1,6
202300037190,2023-07-26 22:45:00,2023,7,26,22,45,24,24087,Départementale 703,44.851511,1.075705,Nuit sans éclairage public,Hors agglomération,Hors intersection,Normale,Autre collision,3,2,2,0,1,3,1,0,1,90,1,1,0,0,1,0,29.0,,deux_roues,,3,1,1,1,6
202300037191,2023-07-28 11:35:00,2023,7,28,11,35,04,04088,RD16,43.99173,5.819557,Plein jour,Hors agglomération,Hors intersection,Normale,Deux véhicules - côté,3,2,2,0,2,1,1,0,1,80,2,2,1,1,0,0,33.0,29.0,deux_roues,utilitaire_camion,1,1,1,1,3
202300037192,2023-07-25 18:00:00,2023,7,25,18,0,27,27204,D14b,49.310002,1.570164,Plein jour,Hors agglomération,Hors intersection,Normale,Deux véhicules - frontale,3,2,2,0,1,1,1,0,1,-1,2,4,3,0,1,0,48.0,55.0,voiture,voiture,1,1,1,1,1
202300037193,2023-07-22 12:35:00,2023,7,22,12,35,17,17241,Route du Pont de Ricot,45.221086,-0.148782,Plein jour,Hors agglomération,Intersection en T,Normale,Trois véhicules et plus - en chaîne,3,2,2,0,1,1,1,5,1,80,3,3,1,0,1,1,82.0,12.0,voiture,deux_roues,1,1,3,1,4
202300037193,2023-07-22 12:35:00,2023,7,22,12,35,17,17241,Route du Pont de Ricot,45.221086,-0.148782,Plein jour,Hors agglomération,Intersection en T,Normale,Trois véhicules et plus - en chaîne,3,2,2,-1,1,1,1,5,1,50,3,3,1,0,1,1,82.0,12.0,voiture,deux_roues,1,1,3,1,4
202300037194,2023-07-26 19:05:00,2023,7,26,19,5,23,23223,la Vialle,45.869506,1.708406,Plein jour,Hors agglomération,Hors intersection,Normale,Deux véhicules - frontale,4,2,2,0,1,2,2,0,1,90,2,2,1,0,0,1,17.0,58.0,deux_roues,utilitaire_camion,1,1,1,1,1
202300037195,2023-07-26 16:41:00,2023,7,26,16,41,68,68037,A35 PR 79+400,47.963579,7.369379,Plein jour,Hors agglomération,Hors intersection,Normale,Deux véhicules - côté,1,1,2,0,1,1,1,0,1,-1,2,10,7,0,3,0,54.0,17.0,utilitaire_camion,voiture,1,1,1,1,3
202300037196,2023-07-28 02:40:00,2023,7,28,2,40,30,30169,37 Route de Nîmes,43.792879,4.309661,Nuit avec éclairage allumé,En agglomération,Intersection en X,Pluie légère,Deux véhicules - frontale,4,1, -1,0,1,1,2,0,1,-1,2,3,2,0,1,0,22.0,43.0,voiture,deux_roues,5,2,2,2,1
202300037196,2023-07-28 02:40:00,2023,7,28,2,40,30,30169,37 Route de Nîmes,43.792879,4.309661,Nuit avec éclairage allumé,En agglomération,Intersection en X,Pluie légère,Deux véhicules - frontale,4,2,2,0,1,1,2,0,1,50,2,3,2,0,1,0,22.0,43.0,voiture,deux_roues,5,2,2,2,1
202300037197,2023-07-28 14:40:00,2023,7,28,14,40,89,89379,,47.503866,4.09641,Plein jour,Hors agglomération,Hors intersection,Pluie légère,Autre collision,1,3,2,0,1,1,2,0,1,130,5,12,9,0,3,0,21.0,42.0,utilitaire_camion,voiture,1,1,1,2,6
202300037198,2023-07-26 18:45:00,2023,7,26,18,45,38,38289,route de sardonne,45.119674,6.040828,Plein jour,Hors agglomération,Intersection en T,Normale,Deux véhicules - frontale,3,2,2,0,2,1,1,0,1,80,2,2,1,0,1,0,69.0,45.0,voiture,deux_roues,1,1,3,1,1
202300037198,2023-07-26 18:45:00,2023,7,26,18,45,38,38289,route de sardonne,45.119674,6.040828,Plein jour,Hors agglomération,Intersection en T,Normale,Deux véhicules - frontale,3,2,2,0,2,1,1,0,1,80,2,2,1,0,1,0,69.0,45.0,voiture,deux_roues,1,1,3,1,1
202300037199,2023-07-27 22:00:00,2023,7,27,22,0,78,78537,A 10,48.553575,1.931319,Nuit avec éclairage allumé,Hors agglomération,Hors intersection,Pluie légère,Deux véhicules - arrière,1,3,0,0,1,1,2,0,1,130,2,2,1,0,1,0,47.0,28.0,deux_roues,utilitaire_camion,5,1,1,2,2
202300037200,2023-07-27 15:15:00,2023,7,27,15,15,11,11086,5 rue des grenaches,42.930525,2.971432,Crépuscule ou aube,En agglomération,Intersection en T,Normale,Deux véhicules - côté,4,2,2,0,1,1,1,0,1,50,2,3,2,0,1,0,11.0,37.0,deux_roues,voiture,2,2,3,1,3
202300037200,2023-07-27 15:15:00,2023,7,27,15,15,11,11086,5 rue des grenaches,42.930525,2.971432,Crépuscule ou aube,En agglomération,Intersection en T,Normale,Deux véhicules - côté,4,2, -1,-1,1,1,1,0,1,-1,2,3,2,0,1,0,11.0,37.0,deux_roues,voiture,2,2,3,1,3
202300037201,2023-07-27 14:00:00,2023,7,27,14,0,77,77364,pk DS D54,49.008111,2.769874,Plein jour,Hors agglomération,Intersection en X,Pluie légère,Deux véhicules - côté,3,2,2,0,1,1,2,5,1,90,2,2,1,0,1,0,38.0,76.0,voiture,voiture,1,1,2,2,3
202300037201,2023-07-27 14:00:00,2023,7,27,14,0,77,77364,pk DS D54,49.008111,2.769874,Plein jour,Hors agglomération,Intersection en X,Pluie légère,Deux véhicules - côté,3,2,2,0,1,1,2,5,1,90,2,2,1,0,1,0,38.0,76.0,voiture,voiture,1,1,2,2,3
202300037202,2023-07-27 20:30:00,2023,7,27,20,30,77,77343,D401,49.022913,3.046689,Crépuscule ou aube,Hors agglomération,Hors intersection,Pluie légère,Sans collision,3,2,2,0,1,1,2,0,3,80,1,1,0,1,0,0,72.0,,utilitaire_camion,,2,1,1,2,7
202300037203,2023-07-22 14:30:00,2023,7,22,14,30,78,78655,12 Route de Rambouillet,48.662723,1.868615,Plein jour,En agglomération,Hors intersection,Normale,Autre collision,6,-1, -1,0,1,1,1,9,8,-1,1,2,1,0,1,0,63.0,,voiture,,1,2,1,1,6
202300037204,2023-07-28 00:35:00,2023,7,28,0,35,34,34299,Route de la Maïre,43.281829,3.308794,Nuit sans éclairage public,Hors agglomération,Hors intersection,Pluie forte,Autre collision,4,2,2,1,1,3,2,0,3,70,1,1,0,0,1,0,54.0,,voiture,,3,1,1,3,6
202300037205,2023-07-28 12:10:00,2023,7,28,12,10,05,05058,D38,44.753911,6.572785,Plein jour,Hors agglomération,Intersection en X,Normale,Deux véhicules - côté,3,2,2,0,4,3,1,0,1,80,2,5,4,0,0,1,51.0,64.0,voiture,deux_roues,1,1,2,1,3
202300037205,2023-07-28 12:10:00,2023,7,28,12,10,05,05058,D38,44.753911,6.572785,Plein jour,Hors agglomération,Intersection en X,Normale,Deux véhicules - côté,3,2,2,0,4,3,1,0,1,80,2,5,4,0,0,1,51.0,64.0,voiture,deux_roues,1,1,2,1,3
202300037206,2023-07-27 19:30:00,2023,7,27,19,30,05,05070,D1075,44.31372501,5.82680787,Crépuscule ou aube,En agglomération,Giratoire,Normale,Deux véhicules - côté,3,2,2,0,1,3,1,5,1,50,2,2,1,0,1,0,80.0,41.0,deux_roues,voiture,2,2,6,1,3
202300037207,2023-07-14 21:35:00,2023,7,14,21,35,13,13014,D21,43.491055,5.201941,Crépuscule ou aube,Hors agglomération,Hors intersection,Normale,Deux véhicules - côté,3,2,2,0,1,1,1,0,1,80,2,3,1,0,1,1,27.0,49.0,deux_roues,voiture,2,1,1,1,3
202300037208,2023-07-27 16:49:00,2023,7,27,16,49,13,13074,D96,43.651246,5.608349,Plein jour,Hors agglomération,Intersection en T,Temps éblouissant,Deux véhicules - côté,3,2,2,0,1,1,1,5,1,80,2,2,0,0,1,1,83.0,51.0,voiture,deux_roues,1,1,3,7,3
202300037208,2023-07-27 16:49:00,2023,7,27,16,49,13,13074,D96,43.651246,5.608349,Plein jour,Hors agglomération,Intersection en T,Temps éblouissant,Deux véhicules - côté,3,2, -1,-1,1,1,1,5,1,-1,2,2,0,0,1,1,83.0,51.0,voiture,deux_roues,1,1,3,7,3
202300037209,2023-07-27 15:35:00,2023,7,27,15,35,57,57008,D20 pk 24+160,49.005335,6.595187,Plein jour,Hors agglomération,Hors intersection,Normale,Deux véhicules - frontale,3,2,2,0,2,1,1,0,1,80,2,2,0,1,0,1,20.0,20.0,voiture,utilitaire_camion,1,1,1,1,1
202300037210,2023-07-27 15:20:00,2023,7,27,15,20,42,42037,D8,45.670009,4.042304,Plein jour,Hors agglomération,Hors intersection,Normale,Autre collision,3,2,1,0,1,1,1,0,1,80,1,2,1,0,1,0,21.0,,voiture,,1,1,1,1,6
202300037211,2023-07-22 18:20:00,2023,7,22,18,20,38,38153,Route de Villard de Lans,45.198657,5.628954,Plein jour,Hors agglomération,Hors intersection,Normale,Autre collision,3,2,2,0,2,2,1,0,3,90,1,1,0,0,0,1,28.0,,deux_roues,,1,1,1,1,6
202300037212,2023-07-28 13:15:00,2023,7,28,13,15,69,69157,Place Jean XXIII,45.87449714,4.48973784,Plein jour,En agglomération,Hors intersection,Normale,Autre collision,6,-1,0,0,1,1,1,6,8,50,1,1,0,0,0,1,77.0,,voiture,,1,2,1,1,6
202300037213,2023-07-27 12:55:00,2023,7,27,12,55,69,69117,Route de Limonest,45.853186,4.758794,Plein jour,Hors agglomération,Intersection en T,Normale,Deux véhicules - côté,7,2,2,1,2,1,1,0,1,80,2,2,1,0,1,0,24.0,64.0,deux_roues,utilitaire_camion,1,1,3,1,3
202300037213,2023-07-27 12:55:00,2023,7,27,12,55,69,69117,Route de Limonest,45.853186,4.758794,Plein jour,Hors agglomération,Intersection en T,Normale,Deux véhicules - côté,7,2,2,0,1,1,1,0,1,50,2,2,1,0,1,0,24.0,64.0,deux_roues,utilitaire_camion,1,1,3,1,3
202300037214,2023-07-28 08:00:00,2023,7,28,8,0,19,19101,Route des Vignes (Laguenne),45.24071075,1.78635335,Plein jour,Hors agglomération,Hors intersection,Normale,Deux véhicules - frontale,3,2,2,0,2,1,1,0,1,90,2,2,1,0,1,0,35.0,64.0,utilitaire_camion,voiture,1,1,1,1,1
202300037215,2023-07-27 20:46:00,2023,7,27,20,46,17,17225,"RD 25, intersection route de la Courbre entrée parking Bonne Anse plage",45.698064,-1.215228,Crépuscule ou aube,Hors agglomération,Autre intersection,Normale,Deux véhicules - côté,3,2,2,0,1,1,1,9,1,70,2,4,3,0,1,0,35.0,45.0,voiture,deux_roues,2,1,9,1,3
202300037216,2023-07-23 09:00:00,2023,7,23,9,0,44,44159,4 beau site,47.141844,-1.406186,Plein jour,Hors agglomération,Hors intersection,Temps couvert,Deux véhicules - frontale,3,2,2,0,2,1,2,0,1,70,2,2,1,0,1,0,63.0,20.0,voiture,voiture,1,1,1,8,1
202300037217,2023-07-27 16:35:00,2023,7,27,16,35,59,59212,Rue Emile Roche,50.643772,2.721699,Plein jour,En agglomération,Hors intersection,Pluie légère,Deux véhicules - frontale,4,2,2,0,1,3,2,0,1,50,2,2,1,0,1,0,65.0,52.0,deux_roues,voiture,1,2,1,2,1
202300037218,2023-07-27 17:10:00,2023,7,27,17,10,13,13026,A55-Sens Martigues vers Marseille,43.3981579,5.12110158,Plein jour,Hors agglomération,Hors intersection,Normale,Deux véhicules - arrière,1,1,2,0,1,1,1,0,1,90,2,2,1,0,0,1,43.0,91.0,utilitaire_camion,voiture,1,1,1,1,2
202300037219,2023-07-25 00:50:00,2023,7,25,0,50,69,69163,Autoroute 46,45.91412,4.79329,Nuit sans éclairage public,Hors agglomération,Hors intersection,Normale,Autre collision,1,3,6,0,1,1,2,0,1,130,1,5,0,0,0,5,40.0,,voiture,,3,1,1,1,6
202300037220,2023-07-27 18:00:00,2023,7,27,18,0,33,33397,AUTOROUTE A 10,44.91477,-0.47965,Plein jour,Hors agglomération,Hors intersection,Normale,Deux véhicules - arrière,1,3,6,0,1,1,1,0,1,110,2,4,2,0,0,2,79.0,37.0,voiture,voiture,1,1,1,1,2
202300037221,2023-07-27 10:35:00,2023,7,27,10,35,33,33487,AUTOROUTE A 10,44.9526104,-0.45934439,Plein jour,Hors agglomération,Hors intersection,Normale,Deux véhicules - arrière,1,3,6,0,2,1,1,2,1,130,2,3,1,0,0,2,53.0,27.0,voiture,voiture,1,1,1,1,2
202300037222,2023-07-26 23:20:00,2023,7,26,23,20,33,33550,ROCADE A 630,44.7785,-0.5548,Nuit avec éclairage allumé,Hors agglomération,Hors intersection,Normale,Deux véhicules - côté,1,3,6,0,1,1,1,0,1,90,2,3,1,0,0,2,20.0,53.0,voiture,utilitaire_camion,5,1,1,1,3
202300037223,2023-07-27 18:30:00,2023,7,27,18,30,91,91340,RN 104,48.60869,2.43759,Plein jour,Hors agglomération,Hors intersection,Pluie légère,Deux véhicules - arrière,2,3,3,0,1,1,2,0,1,90,2,3,1,0,0,2,59.0,22.0,voiture,voiture,1,1,1,2,2
202300037224,2023-07-27 08:40:00,2023,7,27,8,40,91,91687,AUTOROUTE A6,48.65941,2.37388,Plein jour,Hors agglomération,Hors intersection,Normale,Sans collision,1,-1,3,0,1,1,1,0,1,110,1,1,0,0,0,1,20.0,,deux_roues,,1,1,1,1,7
202300037225,2023-07-26 17:30:00,2023,7,26,17,30,75,75116,A13W,48.847598,2.253689,Plein jour,Hors agglomération,Hors intersection,Normale,Autre collision,1,-1,3,0,1,1,1,1,1,70,1,1,0,0,0,1,32.0,,deux_roues,,1,1,1,1,6
202300037226,2023-07-26 18:45:00,2023,7,26,18,45,95,95256,N184,49.05400463,2.20008731,Plein jour,Hors agglomération,Hors intersection,Normale,Deux véhicules - côté,2,3,3,0,1,1,1,0,1,90,2,2,1,0,0,1,31.0,30.0,voiture,voiture,1,1,1,1,3
202300037227,2023-07-26 14:05:00,2023,7,26,14,5,95,95277,A3,48.98015842,2.49808344,Plein jour,Hors agglomération,Hors intersection,Normale,Deux véhicules - arrière,1,3,4,0,1,1,1,0,1,90,2,3,0,1,0,2,31.0,54.0,deux_roues,voiture,1,1,1,1,2
202300037228,2023-07-26 09:30:00,2023,7,26,9,30,93,93029,AUTOROUTE A86,48.92294104,2.42735624,Plein jour,Hors agglomération,Hors intersection,Normale,Deux véhicules - côté,1,3,3,0,1,1,1,1,1,90,2,2,1,0,0,1,45.0,52.0,voiture,utilitaire_camion,1,1,1,1,3
202300037229,2023-07-26 05:00:00,2023,7,26,5,0,93,93027,AUTOROUTE A1,48.93801,2.41316,Nuit sans éclairage public,Hors agglomération,Hors intersection,Normale,Deux véhicules - côté,1,3,4,0,2,1,1,0,1,90,2,2,1,0,0,1,28.0,55.0,utilitaire_camion,deux_roues,3,1,1,1,3
202300037230,2023-07-25 09:15:00,2023,7,25,9,15,95,95018,D311,48.95675,2.27453,Plein jour,Hors agglomération,Hors intersection,Normale,Autre collision,3,1,1,0,4,2,2,0,1,50,1,1,0,0,0,1,20.0,,voiture,,1,1,1,1,6
202300037231,2023-07-24 08:00:00,2023,7,24,8,0,95,95018,D311,48.95667,2.27456,Plein jour,Hors agglomération,Hors intersection,Pluie légère,Autre collision,3,1,2,0,2,2,2,2,1,50,1,1,0,0,0,1,52.0,,voiture,,1,1,1,2,6
202300037232,2023-07-27 19:00:00,2023,7,27,19,0,94,94022,A86,48.7766716,2.41970908,Plein jour,Hors agglomération,Hors intersection,Pluie légère,Deux véhicules - frontale,1,3,3,0,1,1,2,0,1,90,2,2,0,0,0,2,26.0,55.0,voiture,voiture,1,1,1,2,1
202300037233,2023-07-26 18:40:00,2023,7,26,18,40,93,93051,A4,48.83627877,2.55459225,Plein jour,Hors agglomération,Hors intersection,Normale,Deux véhicules - côté,1,-1,4,0,1,1,1,0,1,110,2,2,1,0,0,1,65.0,37.0,utilitaire_camion,deux_roues,1,1,1,1,3
202300037234,2023-04-07 15:00:00,2023,4,7,15,0,74,74077,A40,46.06860577,5.90316117,Plein jour,Hors agglomération,Hors intersection,Neige / grêle,Trois véhicules et plus - en chaîne,1,3,2,0,2,2,5,0,2,110,13,29,22,0,1,6,29.0,31.0,voiture,voiture,1,1,1,4,4
202300037235,2023-05-18 12:16:00,2023,5,18,12,16,74,74010,A41,45.896609,6.087799,Plein jour,Hors agglomération,Autre intersection,Normale,Trois véhicules et plus - collisions multiples,1,3,2,0,2,1,1,0,1,110,4,7,5,0,0,2,42.0,79.0,voiture,voiture,1,1,9,1,5
202300037236,2023-03-28 18:15:00,2023,3,28,18,15,19,19275,CARNOT (AVENUE) N° PAIRS,45.54673499,2.31007934,Plein jour,En agglomération,Hors intersection,Normale,Autre collision,3,1,1,0,2,1,1,6,1,30,1,2,1,0,0,1,51.0,,voiture,,1,2,1,1,6
202300037237,2023-03-23 04:40:00,2023,3,23,4,40,19,19275,CARNOT (AVENUE) N° PAIRS,45.54786,2.31089,Nuit avec éclairage allumé,En agglomération,Intersection en X,Normale,Deux véhicules - côté,3,1,2,0,2,1,1,5,1,30,2,4,2,0,0,2,38.0,34.0,voiture,voiture,5,2,2,1,3
202300037237,2023-03-23 04:40:00,2023,3,23,4,40,19,19275,CARNOT (AVENUE) N° PAIRS,45.54786,2.31089,Nuit avec éclairage allumé,En agglomération,Intersection en X,Normale,Deux véhicules - côté,3,2,2,0,1,1,1,5,1,30,2,4,2,0,0,2,38.0,34.0,voiture,voiture,5,2,2,1,3
202300037238,2023-07-27 22:00:00,2023,7,27,22,0,26,26362,Avenue de Chabeuil,44.9321672,4.89799261,Crépuscule ou aube,En agglomération,Hors intersection,Normale,Deux véhicules - frontale,4,-1,1,0,1,1,1,9,1,50,2,2,1,0,0,1,25.0,37.0,voiture,deux_roues,2,2,1,1,1
202300037239,2023-07-19 16:35:00,2023,7,19,16,35,24,24256,SUDER (AVENUE LOUIS),45.1941,0.66107,Plein jour,Hors agglomération,Hors intersection,Normale,Autre collision,3,3,2,0,1,1,1,9,8,50,1,2,1,0,1,0,28.0,,voiture,,1,1,1,1,6
202300037240,2023-07-26 16:40:00,2023,7,26,16,40,988,98818,RUE ARMAND OHLEN/RUE BRASSENS,-22.25231,166.46366,Plein jour,En agglomération,Intersection en T,Normale,Deux véhicules - frontale,4,2,2,-1,-1,1,1,0,1,-1,2,2,0,0,0,2,77.0,62.0,voiture,utilitaire_camion,1,2,3,1,1
202300037240,2023-07-26 16:40:00,2023,7,26,16,40,988,98818,RUE ARMAND OHLEN/RUE BRASSENS,-22.25231,166.46366,Plein jour,En agglomération,Intersection en T,Normale,Deux véhicules - frontale,4,2,2,0,2,3,1,0,1,50,2,2,0,0,0,2,77.0,62.0,voiture,utilitaire_camion,1,2,3,1,1
202300037241,2023-07-26 13:45:00,2023,7,26,13,45,974,97416,LIGNE DES BAMBOUS(ROUTE),-21.29935,55.49049,Plein jour,En agglomération,Autre intersection,Normale,Autre collision,3,-1,2,0,1,1,1,0,4,50,1,2,1,0,0,1,34.0,,voiture,,1,2,9,1,6
202300037242,2023-07-26 06:25:00,2023,7,26,6,25,974,97416,ANCIENNE RN 1,-21.32155349,55.44458628,Plein jour,Hors agglomération,Autre intersection,Normale,Trois véhicules et plus - collisions multiples,4,2,2,0,1,1,1,9,1,50,3,3,2,0,0,1,26.0,66.0,deux_roues,voiture,1,1,9,1,5
202300037243,2023-07-26 19:40:00,2023,7,26,19,40,973,97302,GRANT (CITE),4.94698268,-52.30702937,Nuit avec éclairage non allumé,En agglomération,Hors intersection,Normale,Deux véhicules - arrière,4,2,2,0,1,1,1,0,1,50,2,2,1,0,0,1,16.0,15.0,deux_roues,deux_roues,4,2,1,1,2
202300037244,2023-07-26 15:25:00,2023,7,26,15,25,973,97302,FELIX EBOUE(ROCADE),4.93154154,-52.3125051,Plein jour,En agglomération,Hors intersection,Normale,Sans collision,3,-1,2,0,1,1,1,0,1,50,1,1,0,0,0,1,52.0,,deux_roues,,1,2,1,1,7
202300037245,2023-07-26 18:40:00,2023,7,26,18,40,69,69388,Rue Philippe Fabia,45.72877,4.86939,Plein jour,En agglomération,Hors intersection,Normale,Autre collision,4,2,2,0,1,1,1,0,1,50,1,2,1,0,0,1,26.0,,voiture,,1,2,1,1,6
202300037246,2023-07-26 13:30:00,2023,7,26,13,30,69,69386,Avenue Thiers,45.7663,4.86171,Plein jour,En agglomération,Intersection en T,Normale,Deux véhicules - côté,4,2,5,3,1,1,1,0,1,50,2,2,1,0,0,1,24.0,28.0,deux_roues,voiture,1,2,3,1,3
202300037246,2023-07-26 13:30:00,2023,7,26,13,30,69,69386,Avenue Thiers,45.7663,4.86171,Plein jour,En agglomération,Intersection en T,Normale,Deux véhicules - côté,4,1,2,2,1,1,1,0,1,50,2,2,1,0,0,1,24.0,28.0,deux_roues,voiture,1,2,3,1,3
202300037247,2023-07-26 16:20:00,2023,7,26,16,20,972,97209,CHATEAUBOEUF (ROUTE DE),14.61832,-61.04559,Plein jour,Hors agglomération,Hors intersection,Normale,Autre collision,3,2,2,0,2,1,1,0,1,50,1,2,1,0,0,1,27.0,,voiture,,1,1,1,1,6
202300037248,2023-07-26 10:00:00,2023,7,26,10,0,972,97209,BOUILLE (RUE),14.60367069,-61.06583363,Plein jour,En agglomération,Intersection en T,Normale,Deux véhicules - côté,3,2,2,0,1,1,1,0,1,50,2,4,2,0,0,2,19.0,54.0,deux_roues,deux_roues,1,2,3,1,3
202300037248,2023-07-26 10:00:00,2023,7,26,10,0,972,97209,BOUILLE (RUE),14.60367069,-61.06583363,Plein jour,En agglomération,Intersection en T,Normale,Deux véhicules - côté,3,1,1,0,1,1,1,8,1,50,2,4,2,0,0,2,19.0,54.0,deux_roues,deux_roues,1,2,3,1,3
202300037249,2023-07-27 00:29:00,2023,7,27,0,29,2B,2B033,CHANOINE LESCHI - RUE,42.70217,9.45279,Nuit avec éclairage allumé,En agglomération,Hors intersection,Normale,Autre collision,4,1,1,0,1,1,1,1,1,30,1,2,1,0,1,0,19.0,,voiture,,5,2,1,1,6
202300037250,2023-07-26 13:40:00,2023,7,26,13,40,971,97113,PONT DE POUCET,16.21841,-61.50447,Plein jour,Hors agglomération,Hors intersection,Normale,Deux véhicules - frontale,3,2,2,0,2,1,1,2,1,50,2,3,2,0,1,0,51.0,28.0,voiture,deux_roues,1,1,1,1,1
202300037251,2023-07-26 09:45:00,2023,7,26,9,45,91,91434,AVENIR (AVENUE DE L'),48.656634,2.353913,Plein jour,En agglomération,Intersection en X,Normale,Deux véhicules - côté,4,2,2,0,1,1,1,0,1,50,2,2,0,0,0,2,20.0,43.0,utilitaire_camion,utilitaire_camion,1,2,2,1,3
202300037251,2023-07-26 09:45:00,2023,7,26,9,45,91,91434,AVENIR (AVENUE DE L'),48.656634,2.353913,Plein jour,En agglomération,Intersection en X,Normale,Deux véhicules - côté,4,-1,2,0,1,1,1,0,1,50,2,2,0,0,0,2,20.0,43.0,utilitaire_camion,utilitaire_camion,1,2,2,1,3
202300037252,2023-07-26 09:30:00,2023,7,26,9,30,91,91432,AV ARISTIDE BRIAND,48.700204,2.325646,Plein jour,En agglomération,Intersection en X,Normale,Deux véhicules - côté,4,2,4,0,1,1,1,0,1,50,2,2,1,0,0,1,28.0,38.0,utilitaire_camion,deux_roues,1,2,2,1,3
202300037252,2023-07-26 09:30:00,2023,7,26,9,30,91,91432,AV ARISTIDE BRIAND,48.700204,2.325646,Plein jour,En agglomération,Intersection en X,Normale,Deux véhicules - côté,4,2,2,0,1,1,1,0,1,50,2,2,1,0,0,1,28.0,38.0,utilitaire_camion,deux_roues,1,2,2,1,3
202300037253,2023-07-25 07:50:00,2023,7,25,7,50,87,87065,AUTOROUTE A20,45.79,1.30463,Plein jour,Hors agglomération,Hors intersection,Normale,Autre collision,1,3,4,0,1,1,1,0,1,110,1,2,0,0,0,2,20.0,,voiture,,1,1,1,1,6
202300037254,2023-07-23 02:15:00,2023,7,23,2,15,86,86194,Boulevard Anatole France,46.578185,0.350785,Nuit avec éclairage non allumé,En agglomération,Intersection à plus de 4 branches,Normale,Deux véhicules - côté,4,3,2,0,1,1,1,0,1,50,2,3,1,0,0,2,37.0,22.0,voiture,deux_roues,4,2,5,1,3
202300037254,2023-07-23 02:15:00,2023,7,23,2,15,86,86194,Boulevard Anatole France,46.578185,0.350785,Nuit avec éclairage non allumé,En agglomération,Intersection à plus de 4 branches,Normale,Deux véhicules - côté,4,3,2,0,1,1,1,0,1,30,2,3,1,0,0,2,37.0,22.0,voiture,deux_roues,4,2,5,1,3
202300037255,2023-07-25 18:45:00,2023,7,25,18,45,86,86066,Avenue de Velbert,46.81645,0.52807,Plein jour,En agglomération,Intersection en X,Normale,Deux véhicules - côté,3,2,2,1,1,1,1,5,8,50,2,3,0,0,0,3,27.0,54.0,voiture,voiture,1,2,2,1,3
202300037255,2023-07-25 18:45:00,2023,7,25,18,45,86,86066,Avenue de Velbert,46.81645,0.52807,Plein jour,En agglomération,Intersection en X,Normale,Deux véhicules - côté,3,2,4,1,1,2,1,5,1,50,2,3,0,0,0,3,27.0,54.0,voiture,voiture,1,2,2,1,3
202300037256,2023-07-26 17:55:00,2023,7,26,17,55,76,76474,Rue de l'Avenir,49.4879,1.04766,Plein jour,En agglomération,Intersection en T,Normale,Trois véhicules et plus - collisions multiples,4,2,2,0,1,1,1,0,1,50,3,4,3,0,0,1,57.0,27.0,voiture,voiture,1,2,3,1,5
202300037256,2023-07-26 17:55:00,2023,7,26,17,55,76,76474,Rue de l'Avenir,49.4879,1.04766,Plein jour,En agglomération,Intersection en T,Normale,Trois véhicules et plus - collisions multiples,4,2,2,0,1,1,1,0,1,50,3,4,3,0,0,1,57.0,27.0,voiture,voiture,1,2,3,1,5
202300037257,2023-07-25 22:10:00,2023,7,25,22,10,76,76351,RD 940,49.498287,0.095686,Nuit sans éclairage public,Hors agglomération,Hors intersection,Normale,Sans collision,4,2,1,0,1,1,1,0,1,70,1,1,0,0,1,0,21.0,,deux_roues,,3,1,1,1,7
202300037258,2023-07-25 10:20:00,2023,7,25,10,20,72,72181,LEFAUCHEUX PIERRE (BD),47.96252,0.1772,Plein jour,En agglomération,Autre intersection,Normale,Deux véhicules - arrière,4,2,2,0,1,1,2,0,1,50,2,4,2,0,0,2,19.0,39.0,voiture,voiture,1,2,9,1,2
202300037259,2023-07-26 15:15:00,2023,7,26,15,15,67,67482,LANDSBERG (RUE DU),48.5706,7.7639,Plein jour,En agglomération,Hors intersection,Temps couvert,Deux véhicules - côté,4,2,2,3,1,1,1,0,1,50,2,2,1,0,0,1,47.0,26.0,voiture,deux_roues,1,2,1,8,3
202300037260,2023-07-26 12:20:00,2023,7,26,12,20,64,64260,ALLEES (RUE DES),43.35518,-1.77451,Plein jour,En agglomération,Hors intersection,Normale,Autre collision,4,2,0,0,1,1,1,9,1,-1,1,2,1,0,0,1,71.0,,voiture,,1,2,1,1,6
202300037261,2023-07-26 09:30:00,2023,7,26,9,30,64,64545,RD810,43.376,-1.677,Plein jour,En agglomération,Intersection en Y,Normale,Deux véhicules - frontale,3,2,2,0,1,1,1,0,1,50,2,2,0,0,0,2,80.0,50.0,voiture,deux_roues,1,2,4,1,1