accident_id,datetime,annee,mois,jour,heure,minute,departement,commune_insee,adresse,latitude,longitude,luminosite,agglomeration,intersection,meteo,collision,catr,circ,nbv,vosp,prof,plan,surf,infra,situ,vma,nb_vehicules,nb_usagers,nb_indemnes,nb_tues,nb_blesses_hosp,nb_blesses_legers,age_cond_1,age_cond_2,veh_type_cond_1,veh_type_cond_2,lum_code,agg_code,int_code,atm_code,col_code
202300037331,2023-07-22 01:00:00,2023,7,22,1,0,22,22222,D786,48.689091,-2.931612,Nuit sans éclairage public,En agglomération,Intersection en Y,Normale,Trois véhicules et plus - collisions multiples,3,2,2,0,1,3,1,5,8,50,3,3,2,0,1,0,33.0,39.0,voiture,deux_roues,3,2,4,1,5
202300037331,2023-07-22 01:00:00,2023,7,22,1,0,22,22222,D786,48.689091,-2.931612,Nuit sans éclairage public,En agglomération,Intersection en Y,Normale,Trois véhicules et plus - collisions multiples,3,2,2,0,1,2,1,0,1,50,3,3,2,0,1,0,33.0,39.0,voiture,deux_roues,3,2,4,1,5
202300037332,2023-07-26 22:15:00,2023,7,26,22,15,25,25490,Route de Vandelans,47.392047,6.173303,Nuit avec éclairage non allumé,Hors agglomération,Hors intersection,Normale,Autre collision,3,2,2,0,1,1,1,0,1,80,1,1,0,0,1,0,17.0,,deux_roues,,4,1,1,1,6
202300037333,2023-07-26 18:20:00,2023,7,26,18,20,25,25014,Rue des Chevrioles,47.31146,6.159886,Plein jour,Hors agglomération,Hors intersection,Normale,Sans collision,4,2,2,0,2,1,1,0,8,50,1,1,0,0,1,0,68.0,,utilitaire_camion,,1,1,1,1,7
202300037334,2023-07-27 10:40:00,2023,7,27,10,40,84,84017,Route du Mont-ventoux,44.170827,5.284842,Plein jour,Hors agglomération,Hors intersection,Normale,Sans collision,3,2,2,0,2,1,1,0,1,80,1,1,0,0,1,0,78.0,,deux_roues,,1,1,1,1,7
202300037335,2023-07-26 20:32:00,2023,7,26,20,32,72,72176,D48,47.620585,0.151985,Plein jour,Hors agglomération,Intersection en X,Normale,Deux véhicules - frontale,3,2,2,0,1,1,1,0,1,80,2,2,1,0,1,0,68.0,42.0,voiture,deux_roues,1,1,2,1,1
202300037335,2023-07-26 20:32:00,2023,7,26,20,32,72,72176,D48,47.620585,0.151985,Plein jour,Hors agglomération,Intersection en X,Normale,Deux véhicules - frontale,3,2,2,0,1,1,1,0,1,-1,2,2,1,0,1,0,68.0,42.0,voiture,deux_roues,1,1,2,1,1
202300037336,2023-07-27 17:59:00,2023,7,27,17,59,24,24564,D5 LE PAULY,45.241083,0.284089,Plein jour,Hors agglomération,Hors intersection,Normale,Sans collision,3,2,2,0,1,3,1,0,3,70,1,1,0,0,1,0,23.0,,deux_roues,,1,1,1,1,7
202300037337,2023-07-27 12:35:00,2023,7,27,12,35,85,85108,31 Rue du val de loire,46.911941,-1.381059,Plein jour,En agglomération,Giratoire,Normale,Sans collision,3,2,1,0,1,2,1,5,1,50,1,1,0,1,0,0,61.0,,utilitaire_camion,,1,2,6,1,7
202300037338,2023-07-26 09:15:00,2023,7,26,9,15,17,17385,RD 126,45.955401,-1.248708,Plein jour,Hors agglomération,Hors intersection,Temps couvert,Deux véhicules - frontale,3,2,2,0,1,1,2,0,1,80,2,5,1,0,3,1,33.0,49.0,utilitaire_camion,voiture,1,1,1,8,1
202300037339,2023-07-27 15:00:00,2023,7,27,15,0,45,45120,A77 PR 76 + 200,47.604311,2.833786,Plein jour,Hors agglomération,Hors intersection,Normale,Deux véhicules - arrière,1,3,4,0,1,1,1,0,1,130,2,3,1,0,0,2,40.0,52.0,voiture,utilitaire_camion,1,1,1,1,2
202300037340,2023-06-19 07:20:00,2023,6,19,7,20,988,98805,VE2/Bretelle d'insertion menant à KENUIN,-22.219509,166.470074,Plein jour,Hors agglomération,Intersection en Y,Normale,Deux véhicules - côté,1,1,1,-1,-1,3,1,-1,1,-1,2,2,1,0,1,0,55.0,33.0,deux_roues,voiture,1,1,4,1,3
202300037340,2023-06-19 07:20:00,2023,6,19,7,20,988,98805,VE2/Bretelle d'insertion menant à KENUIN,-22.219509,166.470074,Plein jour,Hors agglomération,Intersection en Y,Normale,Deux véhicules - côté,1,3,4,0,1,1,1,0,1,70,2,2,1,0,1,0,55.0,33.0,deux_roues,voiture,1,1,4,1,3
202300037341,2023-07-27 14:04:00,2023,7,27,14,4,01,01038,Autoroute A39 PK135.800,46.325509,5.271254,Plein jour,Hors agglomération,Hors intersection,Normale,Sans collision,1,3,2,0,1,1,1,0,3,130,1,1,0,0,0,1,53.0,,utilitaire_camion,,1,1,1,1,7
202300037342,2023-07-26 20:30:00,2023,7,26,20,30,67,67150,41 rue de la mairie,48.612792,7.562563,Plein jour,En agglomération,Hors intersection,Normale,Autre collision,3,2,2,0,1,2,1,0,4,30,1,1,0,1,0,0,21.0,,deux_roues,,1,2,1,1,6
202300037343,2023-07-27 13:30:00,2023,7,27,13,30,06,06085,"Autoroute A8 PK 169.500, chaussée sud",43.590369,7.035284,Plein jour,Hors agglomération,Hors intersection,Normale,Autre collision,1,3,3,0,2,2,1,0,1,110,1,2,1,0,1,0,58.0,,voiture,,1,1,1,1,6
202300037344,2023-07-27 08:40:00,2023,7,27,8,40,38,38343,"A43, PR 065.200, direction LYON",45.575803,5.639817,Plein jour,Hors agglomération,Hors intersection,Normale,Deux véhicules - arrière,1,1,2,0,1,1,1,0,1,130,2,3,0,0,0,3,20.0,23.0,voiture,utilitaire_camion,1,1,1,1,2
202300037345,2023-07-26 21:25:00,2023,7,26,21,25,66,66008,,42.577923,3.033514,Crépuscule ou aube,En agglomération,Hors intersection,Normale,Deux véhicules - frontale,3,2,2,0,1,1,1,0,1,80,2,4,2,0,0,2,50.0,22.0,voiture,voiture,2,2,1,1,1
202300037346,2023-07-26 12:10:00,2023,7,26,12,10,04,04062,Chemin du Clausal,44.444619,6.733927,Plein jour,Hors agglomération,Hors intersection,Normale,Sans collision,4,2,2,0,2,2,1,0,6,50,1,1,0,0,1,0,58.0,,deux_roues,,1,1,1,1,7
202300037347,2023-07-25 15:00:00,2023,7,25,15,0,04,04143,D4,43.923047,5.911632,Plein jour,En agglomération,Autre intersection,Normale,Autre collision,3,2,1,0,1,1,1,0,4,50,1,2,1,0,0,1,37.0,,utilitaire_camion,,1,2,9,1,6
202300037348,2023-07-26 09:50:00,2023,7,26,9,50,13,13059,Route Departementale 96,43.64309159,5.54360569,Plein jour,Hors agglomération,Intersection en T,Normale,Deux véhicules - côté,3,2,2,0,1,1,1,0,1,70,2,2,1,0,0,1,60.0,74.0,voiture,voiture,1,1,3,1,3
202300037348,2023-07-26 09:50:00,2023,7,26,9,50,13,13059,Route Departementale 96,43.64309159,5.54360569,Plein jour,Hors agglomération,Intersection en T,Normale,Deux véhicules - côté,3,2, -1,-1,1,1,1,0,1,-1,2,2,1,0,0,1,60.0,74.0,voiture,voiture,1,1,3,1,3
202300037349,2023-07-20 23:00:00,2023,7,20,23,0,13,13041,D6,43.467116,5.467286,Nuit sans éclairage public,Hors agglomération,Hors intersection,Normale,Autre collision,3,1,2,0,1,1,1,0,1,110,1,2,1,0,1,0,32.0,,voiture,,3,1,1,1,6
202300037350,2023-07-26 19:44:00,2023,7,26,19,44,89,89337,13 Route de Champs,47.742167,3.648376,Plein jour,En agglomération,Intersection en T,Temps couvert,Deux véhicules - côté,3,2,2,0,1,1,1,0,1,50,2,2,1,0,1,0,51.0,29.0,deux_roues,voiture,1,2,3,8,3
202300037350,2023-07-26 19:44:00,2023,7,26,19,44,89,89337,13 Route de Champs,47.742167,3.648376,Plein jour,En agglomération,Intersection en T,Temps couvert,Deux véhicules - côté,3,-1, -1,-1,1,1,1,9,1,50,2,2,1,0,1,0,51.0,29.0,deux_roues,voiture,1,2,3,8,3
202300037351,2023-07-26 18:15:00,2023,7,26,18,15,88,88270,D674,48.317465,5.594053,Plein jour,En agglomération,Hors intersection,Normale,Deux véhicules - arrière,3,2,2,0,1,1,1,0,1,50,2,2,1,0,1,0,23.0,73.0,voiture,deux_roues,1,2,1,1,2
202300037352,2023-07-26 15:30:00,2023,7,26,15,30,57,57443,Rue de l?Amitie,49.220547,6.124991,Plein jour,En agglomération,Hors intersection,Normale,Sans collision,4,2,2,0,1,1,1,0,1,30,1,1,0,0,0,1,51.0,,deux_roues,,1,2,1,1,7
202300037353,2023-07-27 17:30:00,2023,7,27,17,30,03,03104,Route de Montluçon,46.334351,2.784095,Plein jour,Hors agglomération,Intersection en T,Normale,Deux véhicules - côté,3,2,2,0,1,1,1,0,1,70,2,3,1,1,0,1,78.0,30.0,voiture,utilitaire_camion,1,1,3,1,3
202300037353,2023-07-27 17:30:00,2023,7,27,17,30,03,03104,Route de Montluçon,46.334351,2.784095,Plein jour,Hors agglomération,Intersection en T,Normale,Deux véhicules - côté,3,2,2,0,2,1,1,0,8,90,2,3,1,1,0,1,78.0,30.0,voiture,utilitaire_camion,1,1,3,1,3
202300037354,2023-07-26 17:10:00,2023,7,26,17,10,38,38170,Grande Rue,45.255484,5.664968,Plein jour,En agglomération,Hors intersection,Normale,Autre collision,4,2,2,0,1,2,1,0,1,30,1,2,1,0,0,1,33.0,,utilitaire_camion,,1,2,1,1,6
202300037355,2023-07-27 11:11:00,2023,7,27,11,11,07,07026,D16,44.836704,4.094709,Plein jour,Hors agglomération,Hors intersection,Normale,Sans collision,3,2,2,0,2,2,1,0,8,90,1,1,0,0,1,0,51.0,,deux_roues,,1,1,1,1,7
202300037356,2023-07-26 10:20:00,2023,7,26,10,20,16,16078,Rue des Cerisiers,45.698205,0.189913,Plein jour,Hors agglomération,Hors intersection,Normale,Sans collision,4,2,2,0,1,1,1,0,8,50,1,1,0,0,1,0,59.0,,utilitaire_camion,,1,1,1,1,7
202300037357,2023-06-22 02:20:00,2023,6,22,2,20,95,95252,A15,48.9849,2.21555,Nuit sans éclairage public,Hors agglomération,Hors intersection,Normale,Deux véhicules - arrière,1,3,3,0,1,1,1,0,1,110,2,3,1,0,1,1,31.0,45.0,deux_roues,voiture,3,1,1,1,2
202300037358,2023-06-21 22:35:00,2023,6,21,22,35,93,93066,AUTOROUTE A1,48.9245,2.35715,Nuit sans éclairage public,Hors agglomération,Hors intersection,Normale,Trois véhicules et plus - en chaîne,1,3,4,0,2,1,1,0,1,90,3,6,3,0,0,3,22.0,49.0,voiture,voiture,3,1,1,1,4
202300037359,2023-06-18 19:15:00,2023,6,18,19,15,95,95641,A1,49.06135043,2.55175173,Plein jour,Hors agglomération,Hors intersection,Pluie légère,Deux véhicules - arrière,1,3,3,0,1,1,2,0,1,110,2,2,0,0,0,2,23.0,40.0,voiture,voiture,1,1,1,2,2
202300037360,2023-06-22 08:15:00,2023,6,22,8,15,13,13005,SALENGRO (AVENUE ROGER),43.30356,5.57169,Plein jour,En agglomération,Hors intersection,Normale,Deux véhicules - côté,4,1,2,0,1,1,1,0,1,50,2,2,1,0,0,1,44.0,73.0,deux_roues,voiture,1,2,1,1,3
202300037361,2023-06-21 19:35:00,2023,6,21,19,35,75,75109,BOULEVARD DE CLICHY,48.884402,2.329459,Plein jour,En agglomération,Hors intersection,Normale,Deux véhicules - arrière,4,1,2,3,1,3,1,0,1,30,2,2,1,0,0,1,33.0,,deux_roues,deux_roues,1,2,1,1,2
202300037362,2023-06-16 22:45:00,2023,6,16,22,45,76,76540,Rue de Lessard,49.427626,1.095816,Nuit avec éclairage allumé,En agglomération,Hors intersection,Normale,Autre collision,4,2,2,0,1,1,1,0,1,30,1,2,1,0,0,1,22.0,,transport_commun,,5,2,1,1,6
202300037363,2023-04-16 03:00:00,2023,4,16,3,0,22,22215,LOGE (RUE DE LA),48.47385,-2.80035,Nuit sans éclairage public,En agglomération,Hors intersection,Normale,Autre collision,3,2,2,0,1,1,1,0,1,50,1,2,0,0,0,2,36.0,,voiture,,3,2,1,1,6
202300037364,2023-02-24 16:00:00,2023,2,24,16,0,26,26083,d53,45.251224,4.948268,Plein jour,Hors agglomération,Hors intersection,Temps couvert,Deux véhicules - frontale,3,2,2,0,2,1,1,0,1,80,2,2,1,0,1,0,24.0,35.0,voiture,voiture,1,1,1,8,1
202300037365,2023-06-21 16:32:00,2023,6,21,16,32,973,97302,MIRZA (ROND-POINT),4.93263183,-52.3263976,Plein jour,En agglomération,Giratoire,Normale,Autre collision,4,2,1,0,1,3,1,0,4,50,1,3,0,0,3,0,34.0,,deux_roues,,1,2,6,1,6
202300037366,2023-06-22 18:05:00,2023,6,22,18,5,69,69387,Avenue Tony Garnier,45.72648695,4.82623816,Crépuscule ou aube,En agglomération,Hors intersection,Pluie forte,Sans collision,4,2,5,0,1,3,2,0,1,30,1,1,0,0,0,1,45.0,,deux_roues,,2,2,1,3,7
202300037367,2023-06-22 12:15:00,2023,6,22,12,15,69,69386,Rue de Sèze,45.76907,4.85632,Plein jour,En agglomération,Hors intersection,Pluie légère,Autre collision,4,1,1,2,1,1,2,0,1,30,1,2,1,0,0,1,57.0,,utilitaire_camion,,1,2,1,2,6
202300037368,2023-06-22 08:15:00,2023,6,22,8,15,69,69388,Rue Nungesser et Coli,45.74238,4.88,Plein jour,En agglomération,Passage à niveau,Normale,Deux véhicules - côté,4,1,1,0,1,1,1,0,6,30,2,2,1,0,0,1,30.0,47.0,utilitaire_camion,transport_commun,1,2,8,1,3
202300037368,2023-06-22 08:15:00,2023,6,22,8,15,69,69388,Rue Nungesser et Coli,45.74238,4.88,Plein jour,En agglomération,Passage à niveau,Normale,Deux véhicules - côté,4,2,3,3,1,1,1,4,6,30,2,2,1,0,0,1,30.0,47.0,utilitaire_camion,transport_commun,1,2,8,1,3
202300037369,2023-06-22 18:25:00,2023,6,22,18,25,69,69034,Avenue Général Leclerc,45.7988,4.85252,Plein jour,En agglomération,Intersection en T,Temps couvert,Deux véhicules - côté,4,2,2,0,1,1,2,0,8,50,2,2,1,0,0,1,44.0,41.0,deux_roues,voiture,1,2,3,8,3
202300037369,2023-06-22 18:25:00,2023,6,22,18,25,69,69034,Avenue Général Leclerc,45.7988,4.85252,Plein jour,En agglomération,Intersection en T,Temps couvert,Deux véhicules - côté,4,2,2,2,4,2,2,0,1,50,2,2,1,0,0,1,44.0,41.0,deux_roues,voiture,1,2,3,8,3
202300037370,2023-06-21 18:36:00,2023,6,21,18,36,2A,2A271,T20,41.961115,8.812844,Plein jour,Hors agglomération,Hors intersection,Normale,Deux véhicules - frontale,2,-1,2,0,1,1,1,0,1,70,2,2,0,0,0,2,38.0,22.0,voiture,voiture,1,1,1,1,1
202300037371,2023-06-22 10:30:00,2023,6,22,10,30,95,95088,D170,48.97755,2.43397,Plein jour,Hors agglomération,Hors intersection,Pluie forte,Deux véhicules - arrière,3,3,0,0,1,2,2,0,1,70,2,3,1,0,0,2,39.0,62.0,voiture,utilitaire_camion,1,1,1,3,2
202300037372,2023-06-21 14:28:00,2023,6,21,14,28,91,91347,RTE DE MONTLHERY,48.635253,2.285632,Plein jour,En agglomération,Intersection en T,Normale,Deux véhicules - côté,3,2,2,0,1,1,1,0,1,50,2,2,1,0,0,1,37.0,44.0,voiture,deux_roues,1,2,3,1,3
202300037372,2023-06-21 14:28:00,2023,6,21,14,28,91,91347,RTE DE MONTLHERY,48.635253,2.285632,Plein jour,En agglomération,Intersection en T,Normale,Deux véhicules - côté,3,2,2,0,2,1,1,0,1,50,2,2,1,0,0,1,37.0,44.0,voiture,deux_roues,1,2,3,1,3
202300037373,2023-06-17 23:10:00,2023,6,17,23,10,91,91657,RUE JULES VERNE,48.70017,2.43757,Nuit avec éclairage allumé,En agglomération,Intersection à plus de 4 branches,Normale,Deux véhicules - côté,4,2,2,0,1,1,1,5,1,50,2,2,1,0,0,1,33.0,30.0,voiture,voiture,5,2,5,1,3
202300037373,2023-06-17 23:10:00,2023,6,17,23,10,91,91657,RUE JULES VERNE,48.70017,2.43757,Nuit avec éclairage allumé,En agglomération,Intersection à plus de 4 branches,Normale,Deux véhicules - côté,4,2,1,0,1,1,1,5,1,50,2,2,1,0,0,1,33.0,30.0,voiture,voiture,5,2,5,1,3
202300037374,2023-06-22 17:35:00,2023,6,22,17,35,91,91479,AV JEAN JAURES,48.708037,2.365716,Plein jour,En agglomération,Intersection en X,Normale,Deux véhicules - côté,4,2,0,0,1,1,1,0,1,50,2,2,1,0,0,1,43.0,68.0,deux_roues,voiture,1,2,2,1,3
202300037374,2023-06-22 17:35:00,2023,6,22,17,35,91,91479,AV JEAN JAURES,48.708037,2.365716,Plein jour,En agglomération,Intersection en X,Normale,Deux véhicules - côté,4,2,2,0,1,1,1,0,1,50,2,2,1,0,0,1,43.0,68.0,deux_roues,voiture,1,2,2,1,3
202300037375,2023-06-21 23:45:00,2023,6,21,23,45,80,80021,ROUBAIX (BOULEVARD DE ),49.91151,2.31571,Nuit avec éclairage allumé,En agglomération,Giratoire,Normale,Deux véhicules - côté,3,1,1,0,1,1,1,0,1,50,2,3,1,0,0,2,60.0,,voiture,voiture,5,2,6,1,3
202300037375,2023-06-21 23:45:00,2023,6,21,23,45,80,80021,ROUBAIX (BOULEVARD DE ),49.91151,2.31571,Nuit avec éclairage allumé,En agglomération,Giratoire,Normale,Deux véhicules - côté,3,2,2,0,1,1,1,0,1,50,2,3,1,0,0,2,60.0,,voiture,voiture,5,2,6,1,3
202300037376,2023-06-21 20:50:00,2023,6,21,20,50,80,80021,MASSEY (RUE),49.90014,2.31177,Plein jour,En agglomération,Hors intersection,Normale,Deux véhicules - frontale,6,-1, -1,0,1,1,1,0,1,50,2,2,0,0,0,2,20.0,20.0,deux_roues,voiture,1,2,1,1,1
202300037377,2023-06-22 08:20:00,2023,6,22,8,20,78,78551,AMPERE,48.90071,2.08048,Plein jour,En agglomération,Hors intersection,Pluie légère,Autre collision,4,2,2,0,1,1,2,0,1,30,1,2,1,0,0,1,24.0,,voiture,,1,2,1,2,6
202300037378,2023-06-22 12:50:00,2023,6,22,12,50,78,78642,VIGNES RUE DES,48.9774,1.96929,Plein jour,En agglomération,Intersection en T,Normale,Deux véhicules - côté,4,2,0,0,1,1,1,0,1,50,2,2,0,0,0,2,28.0,67.0,utilitaire_camion,voiture,1,2,3,1,3
202300037378,2023-06-22 12:50:00,2023,6,22,12,50,78,78642,VIGNES RUE DES,48.9774,1.96929,Plein jour,En agglomération,Intersection en T,Normale,Deux véhicules - côté,4,2,4,0,1,1,1,0,1,30,2,2,0,0,0,2,28.0,67.0,utilitaire_camion,voiture,1,2,3,1,3
202300037379,2023-06-22 12:55:00,2023,6,22,12,55,78,78172,CARNOT (AVENUE),48.99713,2.09395,Plein jour,En agglomération,Hors intersection,Pluie légère,Deux véhicules - frontale,4,2,2,0,1,1,2,0,1,50,2,2,1,0,0,1,70.0,28.0,voiture,deux_roues,1,2,1,2,1
202300037380,2023-06-21 19:10:00,2023,6,21,19,10,76,76351,VINGT QUATRIEME TERRITORIAL (CHAUSSEE DU,49.49064,0.1216,Plein jour,Hors agglomération,Hors intersection,Normale,Sans collision,4,1,4,2,1,1,1,0,1,50,1,1,0,0,1,0,58.0,,deux_roues,,1,1,1,1,7
202300037381,2023-06-22 20:15:00,2023,6,22,20,15,74,74305,BUCHILLONS (AVENUE DES),46.19914,6.26677,Plein jour,En agglomération,Hors intersection,Pluie légère,Deux véhicules - arrière,4,2,2,2,1,1,2,0,5,50,2,2,1,0,0,1,21.0,18.0,voiture,deux_roues,1,2,1,2,2
202300037382,2023-06-21 18:45:00,2023,6,21,18,45,72,72181,BOUVET ROGER (RUE) N° PAIRS,48.01286,0.18328,Plein jour,En agglomération,Autre intersection,Normale,Deux véhicules - arrière,4,-1,2,0,1,1,1,0,1,50,2,3,1,0,0,2,20.0,56.0,voiture,voiture,1,2,9,1,2
202300037383,2023-06-21 18:10:00,2023,6,21,18,10,72,72181,COURBOULAY PAUL (RUE),48.005323,0.195961,Plein jour,En agglomération,Autre intersection,Normale,Deux véhicules - côté,4,-1,2,0,1,1,1,0,1,50,2,2,1,0,0,1,20.0,38.0,voiture,autre,1,2,9,1,3
202300037384,2023-06-21 18:22:00,2023,6,21,18,22,71,71306,ROGER SALENGRO (AVENUE),46.6688,4.36061,Plein jour,En agglomération,Hors intersection,Normale,Deux véhicules - arrière,4,2,2,0,1,1,1,0,1,50,2,2,1,0,0,1,38.0,48.0,voiture,voiture,1,2,1,1,2
202300037385,2023-06-21 15:45:00,2023,6,21,15,45,71,71306,HENRI VAIRON (RUE),46.65395681,4.36075956,Plein jour,En agglomération,Hors intersection,Normale,Deux véhicules - frontale,4,2,2,0,1,1,1,0,1,50,2,2,0,0,0,2,21.0,71.0,voiture,voiture,1,2,1,1,1
202300037386,2023-06-21 16:30:00,2023,6,21,16,30,71,71270,NORMANDIE (RUE DE),46.32149,4.82907,Plein jour,En agglomération,Hors intersection,Normale,Autre collision,4,2,2,0,1,1,1,0,1,30,1,2,1,0,0,1,45.0,,voiture,,1,2,1,1,6
202300037387,2023-06-21 18:45:00,2023,6,21,18,45,69,69259,Route de Vienne,45.72418629,4.85411603,Plein jour,En agglomération,Intersection en T,Normale,Deux véhicules - côté,4,1,1,0,1,1,1,0,1,50,2,2,1,0,0,1,24.0,20.0,voiture,deux_roues,1,2,3,1,3
202300037387,2023-06-21 18:45:00,2023,6,21,18,45,69,69259,Route de Vienne,45.72418629,4.85411603,Plein jour,En agglomération,Intersection en T,Normale,Deux véhicules - côté,4,2,3,2,1,1,1,0,1,50,2,2,1,0,0,1,24.0,20.0,voiture,deux_roues,1,2,3,1,3
202300037388,2023-06-22 14:10:00,2023,6,22,14,10,67,67482,BALE (RUE DE),48.56526,7.7677,Plein jour,En agglomération,Intersection en T,Normale,Deux véhicules - côté,4,2,2,0,1,1,1,0,1,50,2,3,0,0,0,3,66.0,22.0,deux_roues,deux_roues,1,2,3,1,3
202300037388,2023-06-22 14:10:00,2023,6,22,14,10,67,67482,BALE (RUE DE),48.56526,7.7677,Plein jour,En agglomération,Intersection en T,Normale,Deux véhicules - côté,4,1,1,0,1,1,1,0,1,50,2,3,0,0,0,3,66.0,22.0,deux_roues,deux_roues,1,2,3,1,3
202300037389,2023-06-22 00:10:00,2023,6,22,0,10,67,67447,SAVERNE (RUE DE),48.61185,7.74445,Nuit avec éclairage allumé,En agglomération,Intersection en T,Normale,Deux véhicules - côté,4,1,1,0,1,1,1,0,1,30,2,2,1,0,0,1,39.0,48.0,voiture,voiture,5,2,3,1,3
202300037389,2023-06-22 00:10:00,2023,6,22,0,10,67,67447,SAVERNE (RUE DE),48.61185,7.74445,Nuit avec éclairage allumé,En agglomération,Intersection en T,Normale,Deux véhicules - côté,4,1,1,0,1,1,1,0,1,30,2,2,1,0,0,1,39.0,48.0,voiture,voiture,5,2,3,1,3
202300037390,2023-06-21 18:26:00,2023,6,21,18,26,66,66136,,42.69027985,2.88094461,Plein jour,En agglomération,Hors intersection,Normale,Autre collision,4,2,2,0,1,1,1,0,1,30,1,2,1,0,0,1,26.0,,voiture,,1,2,1,1,6
202300037391,2023-06-21 17:45:00,2023,6,21,17,45,66,66136,,42.67022,2.88305,Plein jour,En agglomération,Hors intersection,Normale,Autre collision,6,-1, -1,0,1,1,1,0,1,30,1,2,1,0,0,1,26.0,,voiture,,1,2,1,1,6
202300037392,2023-06-17 11:35:00,2023,6,17,11,35,65,65433,Boulevard du Pic du Midi,43.19842,0.10003,Plein jour,En agglomération,Intersection en Y,Normale,Deux véhicules - frontale,3,2,2,0,1,2,1,0,1,50,2,2,1,0,0,1,51.0,77.0,deux_roues,voiture,1,2,4,1,1
202300037392,2023-06-17 11:35:00,2023,6,17,11,35,65,65433,Boulevard du Pic du Midi,43.19842,0.10003,Plein jour,En agglomération,Intersection en Y,Normale,Deux véhicules - frontale,3,2,2,0,1,1,1,0,1,50,2,2,1,0,0,1,51.0,77.0,deux_roues,voiture,1,2,4,1,1
202300037393,2023-06-21 14:10:00,2023,6,21,14,10,65,65286,Avenue François Abadie,43.109276,-0.038078,Plein jour,En agglomération,Hors intersection,Pluie légère,Autre collision,2,1,4,0,1,1,2,0,1,50,1,2,1,0,0,1,43.0,,voiture,,1,2,1,2,6
202300037394,2023-06-22 14:50:00,2023,6,22,14,50,64,64445,LEON BLUM,43.31741,-0.33009,Plein jour,En agglomération,Autre intersection,Temps couvert,Trois véhicules et plus - en chaîne,4,2,2,0,1,1,2,0,1,50,3,3,2,0,0,1,20.0,62.0,voiture,voiture,1,2,9,8,4
202300037395,2023-06-22 08:35:00,2023,6,22,8,35,64,64102,MOUNEDE (AVENUE DE),43.49891,-1.458,Plein jour,En agglomération,Hors intersection,Pluie légère,Deux véhicules - côté,4,2,2,0,2,1,2,0,1,50,2,2,1,0,0,1,20.0,33.0,voiture,deux_roues,1,2,1,2,3
202300037396,2023-06-21 14:37:00,2023,6,21,14,37,64,64024,ESPAGNE (AVENUE D'),43.47667,-1.52622,Plein jour,En agglomération,Hors intersection,Normale,Deux véhicules - arrière,3,2,2,0,2,1,1,0,1,50,2,2,1,0,0,1,32.0,45.0,deux_roues,voiture,1,2,1,1,2
202300037397,2023-06-20 20:45:00,2023,6,20,20,45,64,64102,AMADE  (ROND POINT),43.50206,-1.47832,Plein jour,En agglomération,Hors intersection,Pluie forte,Sans collision,4,1,1,0,1,2,2,0,1,50,1,2,0,0,0,2,18.0,,deux_roues,,1,2,1,3,7
202300037398,2023-06-14 21:00:00,2023,6,14,21,0,64,64024,BAB (BOULEVARD DU),43.49658,-1.5106,Plein jour,En agglomération,Hors intersection,Normale,Sans collision,4,2,4,0,1,1,1,8,3,50,1,1,0,0,0,1,38.0,,deux_roues,,1,2,1,1,7
202300037399,2023-06-22 15:50:00,2023,6,22,15,50,63,63113,Gautier / Lavoisier,45.78349672,3.0752331,Plein jour,En agglomération,Intersection en X,Pluie légère,Deux véhicules - côté,7,1,2,0,1,1,2,0,1,50,2,2,1,0,0,1,21.0,77.0,deux_roues,voiture,1,2,2,2,3
202300037399,2023-06-22 15:50:00,2023,6,22,15,50,63,63113,Gautier / Lavoisier,45.78349672,3.0752331,Plein jour,En agglomération,Intersection en X,Pluie légère,Deux véhicules - côté,7,1,3,0,1,1,2,9,1,50,2,2,1,0,0,1,21.0,77.0,deux_roues,voiture,1,2,2,2,3
202300037400,2023-06-22 12:00:00,2023,6,22,12,0,63,63308,Rouzaud / Vaquez,45.76737,3.05607,Plein jour,En agglomération,Giratoire,Normale,Deux véhicules - arrière,7,2,2,0,1,3,1,5,1,50,2,2,1,0,0,1,36.0,29.0,voiture,utilitaire_camion,1,2,6,1,2
202300037401,2023-06-21 19:00:00,2023,6,21,19,0,62,62386,Boulevard Garros,50.453454,2.733993,Plein jour,En agglomération,Intersection en X,Normale,Autre collision,4,2,2,0,1,1,1,0,1,50,3,2,1,0,0,1,44.0,15.0,voiture,deux_roues,1,2,2,1,6
202300037401,2023-06-21 19:00:00,2023,6,21,19,0,62,62386,Boulevard Garros,50.453454,2.733993,Plein jour,En agglomération,Intersection en X,Normale,Autre collision,4,2,2,0,1,1,1,0,1,50,3,2,1,0,0,1,44.0,15.0,voiture,deux_roues,1,2,2,1,6
202300037402,2023-06-22 17:15:00,2023,6,22,17,15,61,61497,D500,48.46,0.113,Plein jour,Hors agglomération,Hors intersection,Normale,Sans collision,3,2,2,0,2,2,1,0,1,80,1,1,0,0,1,0,40.0,,deux_roues,,1,1,1,1,7
202300037403,2023-06-17 05:27:00,2023,6,17,5,27,60,60159,Route Nationale 31,49.41258,2.92505,Crépuscule ou aube,Hors agglomération,Autre intersection,Normale,Deux véhicules - côté,2,2, -1,-1,1,1,1,0,1,-1,2,4,1,1,2,0,36.0,32.0,voiture,utilitaire_camion,2,1,9,1,3
202300037403,2023-06-17 05:27:00,2023,6,17,5,27,60,60159,Route Nationale 31,49.41258,2.92505,Crépuscule ou aube,Hors agglomération,Autre intersection,Normale,Deux véhicules - côté,2,2,2,0,2,1,1,0,1,50,2,4,1,1,2,0,36.0,32.0,voiture,utilitaire_camion,2,1,9,1,3