accident_id,datetime,annee,mois,jour,heure,minute,departement,commune_insee,adresse,latitude,longitude,luminosite,agglomeration,intersection,meteo,collision,catr,circ,nbv,vosp,prof,plan,surf,infra,situ,vma,nb_vehicules,nb_usagers,nb_indemnes,nb_tues,nb_blesses_hosp,nb_blesses_legers,age_cond_1,age_cond_2,veh_type_cond_1,veh_type_cond_2,lum_code,agg_code,int_code,atm_code,col_code
202300037404,2023-06-22 18:15:00,2023,6,22,18,15,59,59512,DELORY (AVENUE GUSTAVE),50.67609,3.16932,Plein jour,En agglomération,Hors intersection,Normale,Autre collision,7,2,2,1,1,1,1,0,5,50,1,2,1,0,1,0,42.0,,voiture,,1,2,1,1,6
202300037405,2023-06-16 07:50:00,2023,6,16,7,50,59,59350,TURENNE RUE,50.629381,3.036369,Plein jour,En agglomération,Hors intersection,Normale,Deux véhicules - côté,4,2,2,0,1,1,1,0,1,50,2,2,1,0,0,1,44.0,32.0,deux_roues,voiture,1,2,1,1,3
202300037406,2023-06-21 22:50:00,2023,6,21,22,50,57,57757,CHEMIN DE FER (RUE DU),49.35796,6.18846,Nuit avec éclairage non allumé,En agglomération,Intersection en T,Normale,Autre collision,3,1,1,0,1,1,1,0,1,50,1,2,1,0,0,1,51.0,,voiture,,4,2,3,1,6
202300037406,2023-06-21 22:50:00,2023,6,21,22,50,57,57757,CHEMIN DE FER (RUE DU),49.35796,6.18846,Nuit avec éclairage non allumé,En agglomération,Intersection en T,Normale,Autre collision,3,2,3,0,1,1,1,0,1,50,1,2,1,0,0,1,51.0,,voiture,,4,2,3,1,6
202300037407,2023-06-22 19:30:00,2023,6,22,19,30,57,57463,NEY (AVENUE ),49.113074,6.169457,Plein jour,En agglomération,Hors intersection,Normale,Sans collision,4,1,2,1,1,1,1,1,1,50,2,3,2,0,0,1,53.0,43.0,deux_roues,voiture,1,2,1,1,7
202300037408,2023-06-21 10:45:00,2023,6,21,10,45,56,56098,D194,47.76599,-3.32827,Plein jour,En agglomération,Hors intersection,Normale,Sans collision,3,2,1,0,1,1,1,0,1,50,1,1,0,0,0,1,61.0,,deux_roues,,1,2,1,1,7
202300037409,2023-06-21 17:29:00,2023,6,21,17,29,54,54578,Avenue de la Libération,48.67849,6.1606,Plein jour,En agglomération,Hors intersection,Normale,Autre collision,4,2,2,0,1,1,1,0,1,50,1,2,1,1,0,0,76.0,,voiture,,1,2,1,1,6
202300037410,2023-06-21 08:40:00,2023,6,21,8,40,54,54395,Rue Molitor,48.685931,6.197118,Plein jour,En agglomération,Hors intersection,Normale,Deux véhicules - arrière,4,1,2,2,1,1,1,0,1,50,2,2,0,0,0,2,26.0,38.0,voiture,voiture,1,2,1,1,2
202300037411,2023-06-22 18:50:00,2023,6,22,18,50,54,54323,Avenue Raymond Poincaré,49.52645,5.77638,Plein jour,En agglomération,Hors intersection,Normale,Deux véhicules - arrière,3,2,2,0,2,1,1,9,1,50,2,3,1,0,0,2,48.0,45.0,voiture,voiture,1,2,1,1,2
202300037412,2023-06-22 13:10:00,2023,6,22,13,10,51,51573,CARREFOUR (ROUTE DE SOISSONS),49.25406,3.97861,Plein jour,En agglomération,Hors intersection,Pluie légère,Autre collision,4,1,2,0,1,1,2,0,1,50,1,2,1,0,0,1,24.0,,voiture,,1,2,1,2,6
202300037413,2023-06-22 08:20:00,2023,6,22,8,20,51,51454,GOSSET (RUE) DU N° 1 AU 83 ET DU N° 48 A,49.2666,4.04321,Plein jour,En agglomération,Hors intersection,Pluie forte,Deux véhicules - côté,4,2,2,0,1,1,2,0,1,50,2,2,1,0,0,1,26.0,22.0,voiture,voiture,1,2,1,3,3
202300037414,2023-06-22 05:20:00,2023,6,22,5,20,51,51454,TAISSY (RUE DE),49.2344,4.04582,Crépuscule ou aube,En agglomération,Hors intersection,Normale,Sans collision,4,2,2,0,1,1,2,0,8,50,1,1,0,0,0,1,20.0,,voiture,,2,2,1,1,7
202300037415,2023-06-22 11:26:00,2023,6,22,11,26,49,49007,COUBERTIN BOULEVARD,47.46733,-0.52975,Plein jour,En agglomération,Giratoire,Pluie légère,Deux véhicules - côté,4,3,2,2,1,1,3,0,1,50,2,2,1,0,0,1,81.0,64.0,voiture,deux_roues,1,2,6,2,3
202300037415,2023-06-22 11:26:00,2023,6,22,11,26,49,49007,COUBERTIN BOULEVARD,47.46733,-0.52975,Plein jour,En agglomération,Giratoire,Pluie légère,Deux véhicules - côté,4,-1,2,2,1,1,3,0,1,50,2,2,1,0,0,1,81.0,64.0,voiture,deux_roues,1,2,6,2,3
202300037416,2023-06-21 16:56:00,2023,6,21,16,56,49,49007,AMSLER IMPASSE ET RUE,47.48501,-0.55419,Plein jour,En agglomération,Hors intersection,Normale,Deux véhicules - côté,4,2,2,0,1,1,1,0,1,30,2,2,1,0,1,0,20.0,42.0,deux_roues,voiture,1,2,1,1,3
202300037417,2023-06-22 15:15:00,2023,6,22,15,15,45,45232,Boulevard Victor Hugo,47.86095179,1.88429475,Plein jour,En agglomération,Hors intersection,Normale,Autre collision,4,2,2,2,1,2,1,0,1,50,1,1,0,0,0,1,53.0,,voiture,,1,2,1,1,6
202300037418,2023-06-22 02:55:00,2023,6,22,2,55,45,45234,6bis Rue Émile Davoust,47.9037,1.9097,Nuit avec éclairage allumé,En agglomération,Intersection en X,Temps couvert,Deux véhicules - côté,4,1,1,0,1,1,1,0,1,30,2,2,1,0,1,0,23.0,21.0,voiture,deux_roues,5,2,2,8,3
202300037418,2023-06-22 02:55:00,2023,6,22,2,55,45,45234,6bis Rue Émile Davoust,47.9037,1.9097,Nuit avec éclairage allumé,En agglomération,Intersection en X,Temps couvert,Deux véhicules - côté,4,2,2,0,1,1,1,0,1,30,2,2,1,0,1,0,23.0,21.0,voiture,deux_roues,5,2,2,8,3
202300037419,2023-06-22 08:20:00,2023,6,22,8,20,45,45208,24 Rue Paul Doumer,47.9988496,2.74322274,Plein jour,En agglomération,Hors intersection,Pluie forte,Autre collision,4,2,1,0,1,1,2,0,1,50,1,2,1,0,0,1,45.0,,utilitaire_camion,,1,2,1,3,6
202300037420,2023-06-22 19:00:00,2023,6,22,19,0,44,44143,1 Rue Ordronneau,47.19323,-1.57654,Plein jour,En agglomération,Autre intersection,Normale,Deux véhicules - côté,4,3,2,0,1,1,1,0,4,50,2,3,2,0,1,0,33.0,75.0,deux_roues,voiture,1,2,9,1,3
202300037421,2023-06-22 18:09:00,2023,6,22,18,9,44,44109,3 Boulevard René Cassin,47.26329,-1.58014,Plein jour,En agglomération,Passage à niveau,Normale,Deux véhicules - frontale,4,3,0,0,1,1,1,4,1,50,2,2,1,0,1,0,81.0,37.0,deux_roues,transport_commun,1,2,8,1,1
202300037422,2023-06-22 06:20:00,2023,6,22,6,20,43,43046,Avenue des Champs-elysees,45.05441,3.89919,Plein jour,En agglomération,Giratoire,Normale,Deux véhicules - frontale,3,2,2,0,1,1,1,0,1,50,2,2,1,0,0,1,25.0,26.0,voiture,voiture,1,2,6,1,1
202300037422,2023-06-22 06:20:00,2023,6,22,6,20,43,43046,Avenue des Champs-elysees,45.05441,3.89919,Plein jour,En agglomération,Giratoire,Normale,Deux véhicules - frontale,3,2,2,0,4,1,1,0,1,50,2,2,1,0,0,1,25.0,26.0,voiture,voiture,1,2,6,1,1
202300037423,2023-06-22 09:40:00,2023,6,22,9,40,37,37261,HOSPITALITE (RUE DE L'),47.39077,0.67202,Plein jour,En agglomération,Intersection en T,Normale,Deux véhicules - côté,4,1,1,0,1,1,2,0,1,50,2,2,1,0,0,1,43.0,46.0,deux_roues,voiture,1,2,3,1,3
202300037423,2023-06-22 09:40:00,2023,6,22,9,40,37,37261,HOSPITALITE (RUE DE L'),47.39077,0.67202,Plein jour,En agglomération,Intersection en T,Normale,Deux véhicules - côté,4,1,1,2,1,1,2,0,1,50,2,2,1,0,0,1,43.0,46.0,deux_roues,voiture,1,2,3,1,3
202300037424,2023-06-22 22:50:00,2023,6,22,22,50,35,35238,GUILLOUX (LOUIS),48.1109,-1.70049,Nuit avec éclairage allumé,En agglomération,Hors intersection,Normale,Autre collision,4,2,2,3,2,1,1,0,6,50,1,2,1,0,0,1,,,autre,,5,2,1,1,6
202300037425,2023-06-22 01:15:00,2023,6,22,1,15,34,34172,151 Avenue du Pont Trinquat,43.60048,3.8868,Nuit avec éclairage allumé,En agglomération,Hors intersection,Normale,Deux véhicules - frontale,4,2,2,0,2,3,1,0,1,30,2,2,1,0,0,1,25.0,28.0,voiture,voiture,5,2,1,1,1
202300037426,2023-06-15 11:00:00,2023,6,15,11,0,34,34003,Rond-point Tours de Saint-Martin,43.28303471,3.49778026,Plein jour,En agglomération,Giratoire,Normale,Deux véhicules - côté,4,-1,0,0,1,3,1,0,1,50,2,2,1,0,0,1,55.0,73.0,deux_roues,voiture,1,2,6,1,3
202300037426,2023-06-15 11:00:00,2023,6,15,11,0,34,34003,Rond-point Tours de Saint-Martin,43.28303471,3.49778026,Plein jour,En agglomération,Giratoire,Normale,Deux véhicules - côté,4,2,0,0,1,1,1,0,1,50,2,2,1,0,0,1,55.0,73.0,deux_roues,voiture,1,2,6,1,3
202300037427,2023-06-21 22:50:00,2023,6,21,22,50,33,33063,Quai Louis XVIII,44.84473,-0.57065,Nuit avec éclairage allumé,En agglomération,Hors intersection,Pluie légère,Deux véhicules - côté,4,1,6,3,1,1,2,0,1,30,2,3,1,0,0,2,16.0,33.0,deux_roues,voiture,5,2,1,2,3
202300037428,2023-06-21 18:35:00,2023,6,21,18,35,33,33281,Avenue René Cassin,44.83391,-0.69234,Plein jour,En agglomération,Giratoire,Normale,Deux véhicules - côté,3,2,5,1,1,2,1,9,1,50,2,3,2,0,1,0,71.0,55.0,voiture,deux_roues,1,2,6,1,3
202300037428,2023-06-21 18:35:00,2023,6,21,18,35,33,33281,Avenue René Cassin,44.83391,-0.69234,Plein jour,En agglomération,Giratoire,Normale,Deux véhicules - côté,3,2,3,0,1,2,1,9,1,50,2,3,2,0,1,0,71.0,55.0,voiture,deux_roues,1,2,6,1,3
202300037429,2023-06-15 18:30:00,2023,6,15,18,30,33,33063,Place Amélie Raba Léon,44.830471,-0.60287207,Plein jour,En agglomération,Intersection en X,Normale,Deux véhicules - côté,4,1,1,1,1,1,1,5,1,50,2,2,1,0,1,0,26.0,58.0,voiture,deux_roues,1,2,2,1,3
202300037429,2023-06-15 18:30:00,2023,6,15,18,30,33,33063,Place Amélie Raba Léon,44.830471,-0.60287207,Plein jour,En agglomération,Intersection en X,Normale,Deux véhicules - côté,4,1,2,0,1,2,1,5,1,50,2,2,1,0,1,0,26.0,58.0,voiture,deux_roues,1,2,2,1,3
202300037430,2023-06-22 20:36:00,2023,6,22,20,36,31,31149,ROND POINT FLANDRES DUNKERQUE,43.61419334,1.34093218,Plein jour,En agglomération,Giratoire,Normale,Deux véhicules - arrière,4,1,2,0,1,3,1,0,1,50,2,2,1,0,0,1,36.0,48.0,voiture,deux_roues,1,2,6,1,2
202300037431,2023-06-22 18:50:00,2023,6,22,18,50,31,31555,RUE DOMINIQUE CLOS,43.60614,1.36406,Plein jour,En agglomération,Hors intersection,Normale,Autre collision,4,2,1,0,1,1,1,0,1,50,1,3,2,0,0,1,45.0,,utilitaire_camion,,1,2,1,1,6
202300037432,2023-06-22 14:35:00,2023,6,22,14,35,30,30028,Avenue de la Mayre,44.15526,4.61726,Plein jour,En agglomération,Intersection en T,Pluie forte,Deux véhicules - côté,3,2,2,0,2,1,2,0,1,50,2,2,1,0,0,1,78.0,60.0,voiture,deux_roues,1,2,3,3,3
202300037432,2023-06-22 14:35:00,2023,6,22,14,35,30,30028,Avenue de la Mayre,44.15526,4.61726,Plein jour,En agglomération,Intersection en T,Pluie forte,Deux véhicules - côté,3,3,2,0,3,1,2,0,1,50,2,2,1,0,0,1,78.0,60.0,voiture,deux_roues,1,2,3,3,3
202300037433,2023-06-22 16:35:00,2023,6,22,16,35,29,29232,Boulevard Louis le Guennec,47.980314,-4.100253,Plein jour,En agglomération,Hors intersection,Normale,Deux véhicules - arrière,3,1,1,0,2,3,1,0,1,50,2,2,1,0,0,1,65.0,23.0,voiture,voiture,1,2,1,1,2
202300037434,2023-06-15 09:20:00,2023,6,15,9,20,29,29019,D112 ,48.42255903,-4.47687371,Plein jour,Hors agglomération,Hors intersection,Normale,Deux véhicules - arrière,3,-1,4,0,2,1,1,0,1,70,2,2,0,0,0,2,24.0,43.0,voiture,voiture,1,1,1,1,2
202300037435,2023-06-22 00:05:00,2023,6,22,0,5,28,28209,RN 1154,48.47602,1.46112,Nuit sans éclairage public,Hors agglomération,Hors intersection,Normale,Trois véhicules et plus - collisions multiples,2,2,2,0,1,3,1,0,1,90,3,3,2,0,0,1,22.0,39.0,voiture,voiture,3,1,1,1,5
202300037436,2023-06-22 00:45:00,2023,6,22,0,45,28,28209,RD 339,48.47842,1.47159,Nuit sans éclairage public,Hors agglomération,Hors intersection,Normale,Autre collision,3,2,2,0,2,3,1,0,3,70,1,5,0,0,0,5,20.0,,voiture,,3,1,1,1,6
202300037437,2023-06-21 18:00:00,2023,6,21,18,0,27,27681,CAPUCINS (AVENUE DES),49.09438,1.47296,Plein jour,En agglomération,Hors intersection,Normale,Sans collision,4,2,2,0,1,3,1,9,3,50,1,1,0,0,0,1,27.0,,voiture,,1,2,1,1,7
202300037438,2023-06-21 16:40:00,2023,6,21,16,40,27,27554,PERRIERS (RUE DES),49.1011,1.37906,Plein jour,Hors agglomération,Hors intersection,Normale,Sans collision,4,2,2,0,1,3,1,0,1,50,1,1,0,0,1,0,29.0,,deux_roues,,1,1,1,1,7
202300037439,2023-06-21 17:20:00,2023,6,21,17,20,27,27229,SAINT ANDRE (ROUTE DE),49.014,1.1641,Plein jour,Hors agglomération,Hors intersection,Normale,Autre collision,4,1,0,0,1,1,1,0,4,50,1,1,0,0,0,1,19.0,,voiture,,1,1,1,1,6
202300037440,2023-06-21 16:43:00,2023,6,21,16,43,18,18279,,47.2683,2.059662,Plein jour,Hors agglomération,Hors intersection,Pluie forte,Deux véhicules - côté,3,2,2,0,1,1,2,0,1,90,2,2,0,1,0,1,85.0,88.0,voiture,voiture,1,1,1,3,3
202300037441,2023-06-22 09:25:00,2023,6,22,9,25,17,17415,ORMEAU DE PIED RUE DE L',45.74320561,-0.664278,Plein jour,En agglomération,Intersection en Y,Pluie légère,Deux véhicules - côté,4,2,2,0,1,3,2,0,1,50,2,3,2,0,0,1,60.0,21.0,voiture,voiture,1,2,4,2,3
202300037441,2023-06-22 09:25:00,2023,6,22,9,25,17,17415,ORMEAU DE PIED RUE DE L',45.74320561,-0.664278,Plein jour,En agglomération,Intersection en Y,Pluie légère,Deux véhicules - côté,4,2,2,0,1,3,2,0,1,50,2,3,2,0,0,1,60.0,21.0,voiture,voiture,1,2,4,2,3
202300037442,2023-06-22 15:00:00,2023,6,22,15,0,15,15014,LECLERC (AVENUE DU GENERAL),44.90631,2.45016,Plein jour,En agglomération,Intersection en T,Pluie légère,Deux véhicules - côté,4,2,2,0,1,1,2,0,1,50,2,2,1,0,1,0,42.0,62.0,voiture,deux_roues,1,2,3,2,3
202300037442,2023-06-22 15:00:00,2023,6,22,15,0,15,15014,LECLERC (AVENUE DU GENERAL),44.90631,2.45016,Plein jour,En agglomération,Intersection en T,Pluie légère,Deux véhicules - côté,4,-1, -1,-1,1,1,2,0,1,-1,2,2,1,0,1,0,42.0,62.0,voiture,deux_roues,1,2,3,2,3
202300037443,2023-06-22 06:35:00,2023,6,22,6,35,15,15014, N122,44.91259,2.43489,Plein jour,En agglomération,Intersection en X,Pluie légère,Deux véhicules - côté,2,2, -1,-1,1,1,2,0,1,-1,2,2,1,0,0,1,66.0,24.0,voiture,voiture,1,2,2,2,3
202300037443,2023-06-22 06:35:00,2023,6,22,6,35,15,15014, N122,44.91259,2.43489,Plein jour,En agglomération,Intersection en X,Pluie légère,Deux véhicules - côté,2,2,4,0,1,1,2,0,1,50,2,2,1,0,0,1,66.0,24.0,voiture,voiture,1,2,2,2,3
202300037444,2023-06-02 15:20:00,2023,6,2,15,20,13,13026,RN 568,43.39161251,5.1580218,Plein jour,En agglomération,Hors intersection,Normale,Sans collision,3,1,1,0,1,1,1,0,8,50,2,2,1,0,1,0,,66.0,voiture,deux_roues,1,2,1,1,7
202300037445,2023-06-22 10:00:00,2023,6,22,10,0,13,13214,MONT LEON (RUE),43.33101,5.38285,Plein jour,En agglomération,Intersection en X,Pluie légère,Deux véhicules - côté,4,2,2,0,1,1,2,0,1,50,2,2,1,0,1,0,35.0,40.0,voiture,deux_roues,1,2,2,2,3
202300037445,2023-06-22 10:00:00,2023,6,22,10,0,13,13214,MONT LEON (RUE),43.33101,5.38285,Plein jour,En agglomération,Intersection en X,Pluie légère,Deux véhicules - côté,4,2,2,0,1,1,2,0,1,50,2,2,1,0,1,0,35.0,40.0,voiture,deux_roues,1,2,2,2,3
202300037446,2023-06-21 15:04:00,2023,6,21,15,4,10,10362,MARECHAL FOCH (RUE),48.293424,4.050047,Plein jour,En agglomération,Intersection en T,Normale,Deux véhicules - côté,3,2,2,0,1,1,1,0,4,50,2,3,2,0,0,1,17.0,43.0,deux_roues,voiture,1,2,3,1,3
202300037446,2023-06-21 15:04:00,2023,6,21,15,4,10,10362,MARECHAL FOCH (RUE),48.293424,4.050047,Plein jour,En agglomération,Intersection en T,Normale,Deux véhicules - côté,3,2,2,0,2,1,1,0,1,50,2,3,2,0,0,1,17.0,43.0,deux_roues,voiture,1,2,3,1,3
202300037447,2023-06-21 14:00:00,2023,6,21,14,0,10,10343,DIJON (BDL),48.2704,4.087,Plein jour,En agglomération,Hors intersection,Normale,Deux véhicules - côté,4,2,2,0,1,1,1,0,1,50,2,2,1,0,0,1,65.0,43.0,deux_roues,voiture,1,2,1,1,3
202300037448,2023-06-22 15:00:00,2023,6,22,15,0,06,06088,STE-MARGUERITE (AV.) (A PARTIR DU 62-63),43.704804,7.197843,Plein jour,En agglomération,Intersection en T,Temps couvert,Deux véhicules - côté,4,2,2,0,1,1,1,0,1,50,2,3,2,0,1,0,36.0,21.0,deux_roues,voiture,1,2,3,8,3
202300037448,2023-06-22 15:00:00,2023,6,22,15,0,06,06088,STE-MARGUERITE (AV.) (A PARTIR DU 62-63),43.704804,7.197843,Plein jour,En agglomération,Intersection en T,Temps couvert,Deux véhicules - côté,4,2,2,0,1,4,1,0,1,50,2,3,2,0,1,0,36.0,21.0,deux_roues,voiture,1,2,3,8,3
202300037449,2023-06-16 11:15:00,2023,6,16,11,15,06,06088,VERDUN (AV. DE),43.69723,7.26972,Plein jour,En agglomération,Hors intersection,Normale,Autre collision,4,1,2,0,1,1,1,9,1,30,1,2,1,0,1,0,77.0,,voiture,,1,2,1,1,6
202300037450,2023-06-13 21:30:00,2023,6,13,21,30,06,06069,CARNOT (BOULEVARD ET TRAVERSE),43.656742,6.922948,Crépuscule ou aube,En agglomération,Hors intersection,Pluie légère,Deux véhicules - côté,3,2,2,0,1,1,2,0,1,50,2,2,1,0,1,0,34.0,35.0,deux_roues,voiture,2,2,1,2,3
202300037451,2023-06-22 08:15:00,2023,6,22,8,15,75,75116,PORTE MAILLOT,48.870597,2.272352,Plein jour,En agglomération,Hors intersection,Pluie forte,Deux véhicules - côté,4,1,4,0,1,1,2,1,1,70,2,2,1,0,0,1,34.0,35.0,deux_roues,voiture,1,2,1,3,3
202300037452,2023-06-21 09:30:00,2023,6,21,9,30,75,75116,PORTE MAILLOT,48.874364,2.275955,Plein jour,En agglomération,Hors intersection,Normale,Sans collision,4,1,4,0,1,1,8,0,1,70,1,1,0,0,0,1,28.0,,deux_roues,,1,2,1,1,7
202300037453,2023-06-20 13:05:00,2023,6,20,13,5,75,75118,BD PERIPHERIQUE INTERIEUR,48.901041,2.350764,Plein jour,En agglomération,Hors intersection,Normale,Deux véhicules - arrière,4,1,4,0,1,1,1,0,1,70,2,2,1,0,0,1,57.0,40.0,voiture,voiture,1,2,1,1,2
202300037454,2023-06-17 15:55:00,2023,6,17,15,55,75,75116,PORTE DE PASSY,48.857246,2.258489,Plein jour,En agglomération,Hors intersection,Normale,Deux véhicules - arrière,4,1,3,0,1,1,1,1,1,50,2,2,1,0,0,1,24.0,58.0,deux_roues,deux_roues,1,2,1,1,2
202300037455,2023-06-16 08:00:00,2023,6,16,8,0,75,75116,BD PERIPHERIQUE INTERIEUR,48.86566345,2.2682333,Plein jour,En agglomération,Intersection en Y,Normale,Trois véhicules et plus - en chaîne,4,1,4,0,1,1,1,0,1,70,3,3,2,0,0,1,53.0,35.0,voiture,voiture,1,2,4,1,4
202300037455,2023-06-16 08:00:00,2023,6,16,8,0,75,75116,BD PERIPHERIQUE INTERIEUR,48.86566345,2.2682333,Plein jour,En agglomération,Intersection en Y,Normale,Trois véhicules et plus - en chaîne,4,1, -1,-1,1,1,1,0,1,-1,3,3,2,0,0,1,53.0,35.0,voiture,voiture,1,2,4,1,4
202300037456,2023-06-09 10:40:00,2023,6,9,10,40,75,75114,PORTE DE CHATILLON,48.822561,2.314169,Plein jour,En agglomération,Hors intersection,Normale,Deux véhicules - arrière,4,1,3,0,1,1,1,0,1,70,2,2,1,0,0,1,57.0,54.0,voiture,deux_roues,1,2,1,1,2
202300037457,2023-06-15 10:15:00,2023,6,15,10,15,75,75105,RUE CLAUDE BERNARD,48.839538,2.347935,Plein jour,En agglomération,Hors intersection,Normale,Deux véhicules - côté,4,2,3,1,2,1,1,0,5,30,2,2,1,0,0,1,32.0,25.0,deux_roues,utilitaire_camion,1,2,1,1,3
202300037458,2023-06-22 18:15:00,2023,6,22,18,15,75,75120,RUE DE BAGNOLET,48.862488,2.406463,Plein jour,En agglomération,Hors intersection,Normale,Deux véhicules - arrière,4,2,2,0,1,1,1,0,1,30,2,2,1,0,0,1,31.0,42.0,deux_roues,voiture,1,2,1,1,2
202300037459,2023-06-22 12:00:00,2023,6,22,12,0,75,75120,RUE DES PYRENEES,48.873717,2.38955,Plein jour,En agglomération,Intersection en T,Pluie légère,Autre collision,4,1, -1,-1,1,1,2,0,1,-1,1,2,1,0,0,1,69.0,,voiture,,1,2,3,2,6
202300037459,2023-06-22 12:00:00,2023,6,22,12,0,75,75120,RUE DES PYRENEES,48.873717,2.38955,Plein jour,En agglomération,Intersection en T,Pluie légère,Autre collision,4,2,2,0,1,2,2,0,1,30,1,2,1,0,0,1,69.0,,voiture,,1,2,3,2,6
202300037460,2023-06-22 08:20:00,2023,6,22,8,20,75,75120,RUE DU CAPITAINE TARRON,48.865279,2.40838,Plein jour,En agglomération,Hors intersection,Pluie forte,Deux véhicules - frontale,4,2,2,1,2,2,2,-1,5,30,2,2,0,0,0,2,57.0,34.0,deux_roues,deux_roues,1,2,1,3,1
202300037461,2023-06-22 01:10:00,2023,6,22,1,10,75,75120,RUE D AVRON,48.85294,2.40746,Nuit avec éclairage allumé,En agglomération,Intersection en T,Normale,Deux véhicules - côté,4,1, -1,-1,1,1,1,0,1,-1,2,2,1,0,0,1,31.0,90.0,voiture,deux_roues,5,2,3,1,3
202300037461,2023-06-22 01:10:00,2023,6,22,1,10,75,75120,RUE D AVRON,48.85294,2.40746,Nuit avec éclairage allumé,En agglomération,Intersection en T,Normale,Deux véhicules - côté,4,3,1,0,1,1,1,0,1,30,2,2,1,0,0,1,31.0,90.0,voiture,deux_roues,5,2,3,1,3
202300037462,2023-06-22 16:50:00,2023,6,22,16,50,75,75119,RUE DE LA VILLETTE,48.878351,2.38813,Plein jour,En agglomération,Hors intersection,Normale,Sans collision,4,1,1,2,2,1,1,0,1,30,1,1,0,0,0,1,37.0,,deux_roues,,1,2,1,1,7
202300037463,2023-06-21 23:40:00,2023,6,21,23,40,75,75119,RUE DE CRIMEE,48.885012,2.383284,Nuit avec éclairage allumé,En agglomération,Intersection en X,Normale,Deux véhicules - côté,4,1,1,0,2,1,1,0,1,30,2,2,1,0,0,1,47.0,31.0,voiture,deux_roues,5,2,2,1,3
202300037463,2023-06-21 23:40:00,2023,6,21,23,40,75,75119,RUE DE CRIMEE,48.885012,2.383284,Nuit avec éclairage allumé,En agglomération,Intersection en X,Normale,Deux véhicules - côté,4,1,2,1,2,1,1,0,1,30,2,2,1,0,0,1,47.0,31.0,voiture,deux_roues,5,2,2,1,3
202300037464,2023-06-22 11:30:00,2023,6,22,11,30,75,75116,AVENUE DE NEW YORK,48.863273,2.296351,Plein jour,En agglomération,Intersection en T,Temps couvert,Trois véhicules et plus - en chaîne,4,2,4,3,1,1,1,0,1,50,5,5,4,0,0,1,28.0,52.0,transport_commun,voiture,1,2,3,8,4
202300037464,2023-06-22 11:30:00,2023,6,22,11,30,75,75116,AVENUE DE NEW YORK,48.863273,2.296351,Plein jour,En agglomération,Intersection en T,Temps couvert,Trois véhicules et plus - en chaîne,4,1, -1,-1,1,1,1,0,1,-1,5,5,4,0,0,1,28.0,52.0,transport_commun,voiture,1,2,3,8,4
202300037465,2023-06-22 09:50:00,2023,6,22,9,50,75,75116,ALLEE DE LA REINE MARGUERITE,48.849413,2.242018,Plein jour,En agglomération,Hors intersection,Pluie forte,Deux véhicules - arrière,4,2,4,0,1,1,2,0,1,50,2,2,1,0,0,1,32.0,34.0,voiture,voiture,1,2,1,3,2
202300037466,2023-06-22 07:45:00,2023,6,22,7,45,75,75115,AVENUE EMILE ZOLA,48.84656,2.286002,Plein jour,En agglomération,Intersection en X,Pluie forte,Autre collision,4,2,2,0,1,1,2,0,1,30,1,2,1,0,0,1,64.0,,voiture,,1,2,2,3,6
202300037466,2023-06-22 07:45:00,2023,6,22,7,45,75,75115,AVENUE EMILE ZOLA,48.84656,2.286002,Plein jour,En agglomération,Intersection en X,Pluie forte,Autre collision,4,2, -1,-1,1,1,2,0,1,-1,1,2,1,0,0,1,64.0,,voiture,,1,2,2,3,6
202300037467,2023-06-22 02:20:00,2023,6,22,2,20,75,75105,QUAI DE LA TOURNELLE,48.851107,2.351301,Nuit avec éclairage allumé,En agglomération,Intersection en X,Normale,Deux véhicules - frontale,4,1, -1,-1,1,1,1,-1,5,-1,2,2,1,0,0,1,22.0,24.0,deux_roues,deux_roues,5,2,2,1,1
202300037467,2023-06-22 02:20:00,2023,6,22,2,20,75,75105,QUAI DE LA TOURNELLE,48.851107,2.351301,Nuit avec éclairage allumé,En agglomération,Intersection en X,Normale,Deux véhicules - frontale,4,2,2,1,1,1,1,-1,5,30,2,2,1,0,0,1,22.0,24.0,deux_roues,deux_roues,5,2,2,1,1
202300037468,2023-06-21 13:15:00,2023,6,21,13,15,75,75115,BOULEVARD DE VAUGIRARD,48.840746,2.316099,Plein jour,En agglomération,Hors intersection,Normale,Deux véhicules - arrière,4,1,2,3,1,1,1,0,1,30,2,3,2,0,0,1,48.0,36.0,voiture,voiture,1,2,1,1,2
202300037469,2023-06-22 16:15:00,2023,6,22,16,15,75,75114,RUE DU COMMANDANT RENE MOUCHOTTE,48.837841,2.31911,Plein jour,En agglomération,Hors intersection,Normale,Deux véhicules - côté,4,2,4,1,1,1,1,0,1,30,2,2,1,0,0,1,27.0,29.0,deux_roues,voiture,1,2,1,1,3
202300037470,2023-06-22 20:50:00,2023,6,22,20,50,75,75110,RUE DE SAMBRE ET MEUSE,48.875221,2.370322,Plein jour,En agglomération,Intersection en X,Normale,Deux véhicules - arrière,4,2, -1,-1,1,1,1,0,1,-1,2,2,1,0,0,1,38.0,42.0,deux_roues,utilitaire_camion,1,2,2,1,2
202300037470,2023-06-22 20:50:00,2023,6,22,20,50,75,75110,RUE DE SAMBRE ET MEUSE,48.875221,2.370322,Plein jour,En agglomération,Intersection en X,Normale,Deux véhicules - arrière,4,1,1,0,1,1,1,0,1,30,2,2,1,0,0,1,38.0,42.0,deux_roues,utilitaire_camion,1,2,2,1,2
202300037471,2023-06-22 00:55:00,2023,6,22,0,55,75,75110,BOULEVARD DE MAGENTA,48.873181,2.35884,Nuit avec éclairage allumé,En agglomération,Hors intersection,Normale,Deux véhicules - frontale,4,1,6,1,1,1,1,-1,5,30,2,2,1,0,0,1,28.0,,deux_roues,deux_roues,5,2,1,1,1