accident_id,datetime,annee,mois,jour,heure,minute,departement,commune_insee,adresse,latitude,longitude,luminosite,agglomeration,intersection,meteo,collision,catr,circ,nbv,vosp,prof,plan,surf,infra,situ,vma,nb_vehicules,nb_usagers,nb_indemnes,nb_tues,nb_blesses_hosp,nb_blesses_legers,age_cond_1,age_cond_2,veh_type_cond_1,veh_type_cond_2,lum_code,agg_code,int_code,atm_code,col_code
202300037472,2023-11-07 11:55:00,2023,11,7,11,55,72,72181,BOLLEE (AV) N° PAIRS 224 ET >,47.99749,0.22863,Plein jour,En agglomération,Hors intersection,Normale,Trois véhicules et plus - en chaîne,4,3,2,0,1,1,1,0,1,50,3,3,1,0,0,2,19.0,64.0,voiture,voiture,1,2,1,1,4
202300037473,2023-06-22 02:30:00,2023,6,22,2,30,75,75110,PLACE DE LA BATAILLE DE STALINGRAD,48.883347,2.369154,Nuit avec éclairage allumé,En agglomération,Hors intersection,Normale,Autre collision,4,3,5,2,1,1,1,9,1,30,1,2,0,0,0,2,25.0,,deux_roues,,5,2,1,1,6
202300037474,2023-06-21 11:00:00,2023,6,21,11,0,75,75110,RUE LEON JOUHAUX,48.86914219,2.36434579,Plein jour,En agglomération,Intersection en X,Normale,Deux véhicules - côté,4,1,0,0,1,1,1,0,1,30,2,2,0,0,0,2,37.0,33.0,deux_roues,deux_roues,1,2,2,1,3
202300037474,2023-06-21 11:00:00,2023,6,21,11,0,75,75110,RUE LEON JOUHAUX,48.86914219,2.36434579,Plein jour,En agglomération,Intersection en X,Normale,Deux véhicules - côté,4,1,0,0,1,1,1,0,1,30,2,2,0,0,0,2,37.0,33.0,deux_roues,deux_roues,1,2,2,1,3
202300037475,2023-11-06 12:48:00,2023,11,6,12,48,72,72181,CLEMENCEAU GEORGES ( BD) N° PAIRS,47.98025,0.21635,Plein jour,En agglomération,Hors intersection,Temps couvert,Trois véhicules et plus - en chaîne,4,3,4,0,1,1,1,0,1,50,3,3,2,0,0,1,52.0,73.0,deux_roues,voiture,1,2,1,8,4
202300037476,2023-11-06 08:55:00,2023,11,6,8,55,72,72181,EINSTEIN ALBERT (RUE),48.02414,0.17701,Plein jour,En agglomération,Hors intersection,Normale,Autre collision,4,-1,2,0,1,1,1,0,1,50,1,2,1,0,0,1,23.0,,voiture,,1,2,1,1,6
202300037477,2023-06-22 13:00:00,2023,6,22,13,0,75,75109,RUE DE LA CHAUSSEE D ANTIN,48.874284,2.332699,Plein jour,En agglomération,Intersection en X,Pluie légère,Autre collision,4,1, -1,-1,1,1,2,-1,6,-1,1,2,1,0,0,1,45.0,,deux_roues,,1,2,2,2,6
202300037477,2023-06-22 13:00:00,2023,6,22,13,0,75,75109,RUE DE LA CHAUSSEE D ANTIN,48.874284,2.332699,Plein jour,En agglomération,Intersection en X,Pluie légère,Autre collision,4,1,2,3,1,1,2,-1,6,30,1,2,1,0,0,1,45.0,,deux_roues,,1,2,2,2,6
202300037478,2023-11-07 19:52:00,2023,11,7,19,52,69,69256,Rue de la République,45.78444,4.93294,Nuit avec éclairage allumé,En agglomération,Hors intersection,Normale,Autre collision,4,2,2,0,1,1,1,0,1,50,1,2,1,0,0,1,20.0,,voiture,,5,2,1,1,6
202300037479,2023-06-22 02:20:00,2023,6,22,2,20,75,75107,RUE SAINT DOMINIQUE,48.859956,2.314839,Nuit avec éclairage allumé,En agglomération,Intersection en X,Normale,Deux véhicules - côté,4,2,2,1,1,1,1,8,1,30,2,2,1,0,0,1,26.0,18.0,voiture,deux_roues,5,2,2,1,3
202300037479,2023-06-22 02:20:00,2023,6,22,2,20,75,75107,RUE SAINT DOMINIQUE,48.859956,2.314839,Nuit avec éclairage allumé,En agglomération,Intersection en X,Normale,Deux véhicules - côté,4,1,1,0,1,1,1,8,1,30,2,2,1,0,0,1,26.0,18.0,voiture,deux_roues,5,2,2,1,3
202300037480,2023-06-21 19:00:00,2023,6,21,19,0,75,75107,AVENUE DU MARECHAL GALLIENI,48.861058,2.313241,Plein jour,En agglomération,Intersection en X,Normale,Sans collision,4,2,1,0,1,1,1,0,1,30,1,1,0,0,0,1,50.0,,deux_roues,,1,2,2,1,7
202300037480,2023-06-21 19:00:00,2023,6,21,19,0,75,75107,AVENUE DU MARECHAL GALLIENI,48.861058,2.313241,Plein jour,En agglomération,Intersection en X,Normale,Sans collision,4,-1, -1,0,1,1,1,0,1,30,1,1,0,0,0,1,50.0,,deux_roues,,1,2,2,1,7
202300037481,2023-11-07 16:30:00,2023,11,7,16,30,69,69266,Rue Léon Blum,45.76309725,4.91384081,Plein jour,En agglomération,Intersection en Y,Pluie légère,Deux véhicules - côté,4,1,3,3,1,1,2,0,1,50,2,4,3,0,0,1,32.0,41.0,utilitaire_camion,utilitaire_camion,1,2,4,2,3
202300037481,2023-11-07 16:30:00,2023,11,7,16,30,69,69266,Rue Léon Blum,45.76309725,4.91384081,Plein jour,En agglomération,Intersection en Y,Pluie légère,Deux véhicules - côté,4,2,2,0,1,1,2,5,1,50,2,4,3,0,0,1,32.0,41.0,utilitaire_camion,utilitaire_camion,1,2,4,2,3
202300037482,2023-06-22 12:02:00,2023,6,22,12,2,75,75104,RUE MORNAY,48.849517,2.365629,Plein jour,En agglomération,Intersection en X,Temps couvert,Deux véhicules - côté,4,1,1,0,1,1,2,0,1,30,2,2,1,0,0,1,49.0,59.0,voiture,voiture,1,2,2,8,3
202300037482,2023-06-22 12:02:00,2023,6,22,12,2,75,75104,RUE MORNAY,48.849517,2.365629,Plein jour,En agglomération,Intersection en X,Temps couvert,Deux véhicules - côté,4,1,1,1,1,1,2,0,1,30,2,2,1,0,0,1,49.0,59.0,voiture,voiture,1,2,2,8,3
202300037483,2023-06-22 09:10:00,2023,6,22,9,10,94,94015,1 Rue du Sergent Hoff,48.83854,2.521447,Plein jour,En agglomération,Autre intersection,Pluie forte,Autre collision,6,-1, -1,0,1,2,2,0,1,30,1,3,1,0,0,2,48.0,,voiture,,1,2,9,3,6
202300037484,2023-11-07 21:40:00,2023,11,7,21,40,69,69092,Route du Saule d’Oingt,45.98136445,4.66840916,Nuit sans éclairage public,Hors agglomération,Hors intersection,Normale,Autre collision,3,2,2,0,1,1,1,0,3,80,1,1,0,0,0,1,42.0,,voiture,,3,1,1,1,6
202300037485,2023-06-22 09:40:00,2023,6,22,9,40,94,94016,Avenue Léon Blum,48.78634059,2.3375355,Plein jour,En agglomération,Hors intersection,Pluie forte,Sans collision,3,2,2,0,2,1,2,0,1,50,1,1,0,0,0,1,39.0,,utilitaire_camion,,1,2,1,3,7
202300037486,2023-06-22 13:21:00,2023,6,22,13,21,94,94021,GENERAL LECLERC (R DU),48.76704427,2.36296029,Plein jour,En agglomération,Giratoire,Normale,Deux véhicules - frontale,4,1,1,0,1,1,1,9,1,50,2,2,0,0,0,2,41.0,20.0,voiture,voiture,1,2,6,1,1
202300037487,2023-11-06 15:45:00,2023,11,6,15,45,69,69290,Rue Aristide Briand,45.6901,4.93715,Plein jour,En agglomération,Intersection en T,Normale,Autre collision,7,2,3,0,1,1,1,9,1,50,2,3,2,0,0,1,50.0,59.0,voiture,deux_roues,1,2,3,1,6
202300037487,2023-11-06 15:45:00,2023,11,6,15,45,69,69290,Rue Aristide Briand,45.6901,4.93715,Plein jour,En agglomération,Intersection en T,Normale,Autre collision,7,2,2,0,1,1,1,9,8,50,2,3,2,0,0,1,50.0,59.0,voiture,deux_roues,1,2,3,1,6
202300037488,2023-11-06 08:25:00,2023,11,6,8,25,69,69259,Boulevard Périphérique Laurent Bonnevay,45.71983453,4.8806067,Plein jour,En agglomération,Hors intersection,Normale,Deux véhicules - arrière,7,3,11,0,1,1,2,0,1,70,2,2,1,0,0,1,48.0,67.0,voiture,deux_roues,1,2,1,1,2
202300037489,2023-06-21 10:45:00,2023,6,21,10,45,94,94033,Rue du Clos d'Orléans,48.84337951,2.4677023,Plein jour,En agglomération,Hors intersection,Normale,Deux véhicules - côté,4,1,1,2,1,1,1,0,1,30,2,2,1,0,0,1,24.0,47.0,voiture,deux_roues,1,2,1,1,3
202300037490,2023-06-22 15:10:00,2023,6,22,15,10,94,94054,Avenue Adrien Raynal,48.74468,2.40709,Plein jour,En agglomération,Hors intersection,Normale,Deux véhicules - côté,4,2,2,0,1,1,1,0,1,50,2,2,1,0,0,1,36.0,26.0,utilitaire_camion,deux_roues,1,2,1,1,3
202300037491,2023-11-07 16:15:00,2023,11,7,16,15,67,67447,VINGT TROIS NOVEMBRE (AVENUE DU),48.60744,7.73078,Plein jour,En agglomération,Hors intersection,Normale,Deux véhicules - arrière,4,2,2,1,1,1,1,0,1,50,2,2,1,0,0,1,35.0,42.0,voiture,voiture,1,2,1,1,2
202300037492,2023-11-07 14:30:00,2023,11,7,14,30,67,67447,MAIRIE (RUE DE LA),48.60399,7.75033,Plein jour,En agglomération,Hors intersection,Pluie légère,Deux véhicules - arrière,7,2,2,0,2,3,2,0,1,30,2,2,1,0,0,1,27.0,53.0,deux_roues,voiture,1,2,1,2,2
202300037493,2023-06-21 14:30:00,2023,6,21,14,30,94,94022,Avenue Victor Hugo,48.76880625,2.42072448,Plein jour,En agglomération,Autre intersection,Normale,Deux véhicules - côté,3,2,2,0,1,1,1,-1,1,50,2,3,1,0,0,2,39.0,39.0,voiture,transport_commun,1,2,9,1,3
202300037493,2023-06-21 14:30:00,2023,6,21,14,30,94,94022,Avenue Victor Hugo,48.76880625,2.42072448,Plein jour,En agglomération,Autre intersection,Normale,Deux véhicules - côté,3,2,2,0,1,1,1,0,1,-1,2,3,1,0,0,2,39.0,39.0,voiture,transport_commun,1,2,9,1,3
202300037494,2023-06-22 15:30:00,2023,6,22,15,30,93,93073,7 Rue Pierre Brossolette,48.94974461,2.57310334,Plein jour,En agglomération,Hors intersection,Normale,Deux véhicules - arrière,4,2,2,0,1,1,1,0,1,50,2,2,1,0,0,1,50.0,42.0,voiture,voiture,1,2,1,1,2
202300037495,2023-11-07 11:50:00,2023,11,7,11,50,64,64102,URSULE (PLACE SAINTE),43.4959,-1.47192,Plein jour,En agglomération,Hors intersection,Normale,Deux véhicules - côté,4,1,1,0,1,1,1,0,1,30,2,2,1,0,0,1,24.0,32.0,deux_roues,voiture,1,2,1,1,3
202300037496,2023-06-22 17:15:00,2023,6,22,17,15,93,93059,Avenue Nungesser et Coli,48.9525,2.3657,Plein jour,En agglomération,Hors intersection,Normale,Autre collision,4,2,2,0,1,1,1,9,1,50,1,2,1,0,0,1,51.0,,voiture,,1,2,1,1,6
202300037497,2023-11-06 16:35:00,2023,11,6,16,35,63,63113,PRE LA REINE (RUE DU),45.78131193,3.11029494,Plein jour,En agglomération,Hors intersection,Pluie légère,Deux véhicules - côté,4,2,2,0,1,1,2,0,1,30,2,2,1,0,0,1,35.0,60.0,voiture,deux_roues,1,2,1,2,3
202300037498,2023-06-22 19:50:00,2023,6,22,19,50,93,93071,Avenue de Livry,48.93198,2.53815,Plein jour,En agglomération,Hors intersection,Normale,Deux véhicules - frontale,4,2,2,0,1,1,1,0,1,50,2,2,1,0,1,0,24.0,30.0,utilitaire_camion,deux_roues,1,2,1,1,1
202300037499,2023-05-19 08:40:00,2023,5,19,8,40,92,92078,AUTOROUTE A86,48.93242696,2.32203879,Plein jour,Hors agglomération,Hors intersection,Normale,Sans collision,1,1,1,0,4,3,1,0,1,30,1,1,0,0,1,0,52.0,,deux_roues,,1,1,1,1,7
202300037500,2023-06-21 10:00:00,2023,6,21,10,0,93,93066,Avenue Francois Mitterrand,48.91817641,2.35523005,Plein jour,En agglomération,Hors intersection,Normale,Deux véhicules - arrière,4,2,4,3,1,1,1,0,8,50,2,2,1,0,0,1,47.0,48.0,deux_roues,utilitaire_camion,1,2,1,1,2
202300037501,2023-11-07 18:30:00,2023,11,7,18,30,62,62907,D917,50.48502,2.9837,Nuit sans éclairage public,Hors agglomération,Autre intersection,Pluie légère,Deux véhicules - côté,3,2,2,1,1,1,2,3,1,80,2,5,3,1,1,0,67.0,25.0,voiture,deux_roues,3,1,9,2,3
202300037502,2023-05-20 17:27:00,2023,5,20,17,27,94,94017,A4,48.83020089,2.495767,Plein jour,Hors agglomération,Hors intersection,Normale,Deux véhicules - côté,1,1,2,0,1,1,1,0,1,90,2,2,1,0,0,1,51.0,26.0,voiture,deux_roues,1,1,1,1,3
202300037503,2023-06-22 07:30:00,2023,6,22,7,30,93,93064,Rue Etienne Dolet,48.87688076,2.46816553,Plein jour,En agglomération,Hors intersection,Pluie forte,Autre collision,4,2,2,0,1,1,2,0,1,30,1,2,1,0,0,1,68.0,,autre,,1,2,1,3,6
202300037504,2023-11-07 13:20:00,2023,11,7,13,20,62,62774,D940,50.9574,1.82,Plein jour,En agglomération,Hors intersection,Normale,Deux véhicules - côté,3,2,2,0,1,1,1,0,1,50,2,2,1,0,0,1,78.0,74.0,utilitaire_camion,deux_roues,1,2,1,1,3
202300037505,2023-06-22 19:50:00,2023,6,22,19,50,93,93048,Boulevard de Chanzy / Place du Marché,48.85838,2.43431,Plein jour,En agglomération,Place,Normale,Deux véhicules - côté,3,2,2,1,1,1,1,0,5,50,2,2,0,0,0,2,54.0,30.0,deux_roues,deux_roues,1,2,7,1,3
202300037506,2023-05-19 23:20:00,2023,5,19,23,20,94,94046,A86,48.81086274,2.4489179,Nuit sans éclairage public,Hors agglomération,Hors intersection,Normale,Deux véhicules - arrière,1,1,2,0,1,2,1,0,1,70,2,4,3,0,0,1,,25.0,voiture,voiture,3,1,1,1,2
202300037507,2023-06-22 20:45:00,2023,6,22,20,45,93,93005,Rue Louise Michel,48.93166538,2.50145763,Plein jour,En agglomération,Intersection en T,Normale,Deux véhicules - côté,4,2,2,0,1,1,1,0,1,50,2,2,1,0,0,1,78.0,46.0,voiture,deux_roues,1,2,3,1,3
202300037508,2023-11-07 13:00:00,2023,11,7,13,0,62,62193,Rue Costes et Bellonte,50.95571,1.90617,Plein jour,En agglomération,Giratoire,Temps éblouissant,Deux véhicules - arrière,2,1,2,0,4,1,2,3,8,50,2,2,1,0,0,1,54.0,20.0,deux_roues,voiture,1,2,6,7,2
202300037508,2023-11-07 13:00:00,2023,11,7,13,0,62,62193,Rue Costes et Bellonte,50.95571,1.90617,Plein jour,En agglomération,Giratoire,Temps éblouissant,Deux véhicules - arrière,2,1,2,0,1,2,2,5,1,50,2,2,1,0,0,1,54.0,20.0,deux_roues,voiture,1,2,6,7,2
202300037509,2023-06-22 00:40:00,2023,6,22,0,40,93,93005,Rue Paul Cézanne,48.95294488,2.49510903,Nuit avec éclairage allumé,En agglomération,Hors intersection,Normale,Autre collision,3,1,1,0,1,1,1,0,1,50,1,2,1,0,0,1,,,deux_roues,,5,2,1,1,6
202300037510,2023-06-22 10:55:00,2023,6,22,10,55,92,92073,DE GAULLE (AVENUE GENERAL CHARLES),48.86977516,2.22425133,Plein jour,En agglomération,Hors intersection,Pluie forte,Autre collision,3,1,2,0,1,1,2,0,8,50,1,2,1,0,0,1,20.0,,voiture,,1,2,1,3,6
202300037511,2023-05-19 19:50:00,2023,5,19,19,50,93,93051,A4,48.83515238,2.57609455,Plein jour,Hors agglomération,Hors intersection,Normale,Trois véhicules et plus - en chaîne,1,-1,3,0,1,1,1,0,1,110,3,3,2,0,0,1,35.0,28.0,voiture,voiture,1,1,1,1,4
202300037512,2023-11-07 22:10:00,2023,11,7,22,10,61,61001,Voie Communale,48.4273,0.08938,Nuit avec éclairage allumé,En agglomération,Intersection en X,Normale,Deux véhicules - côté,4,2,2,0,1,1,1,0,1,30,2,4,3,0,0,1,19.0,23.0,voiture,voiture,5,2,2,1,3
202300037512,2023-11-07 22:10:00,2023,11,7,22,10,61,61001,Voie Communale,48.4273,0.08938,Nuit avec éclairage allumé,En agglomération,Intersection en X,Normale,Deux véhicules - côté,4,2,2,0,1,1,1,0,1,30,2,4,3,0,0,1,19.0,23.0,voiture,voiture,5,2,2,1,3
202300037513,2023-01-24 07:00:00,2023,1,24,7,0,73,73063,D990,45.592938,6.449656,Nuit avec éclairage allumé,Hors agglomération,Passage à niveau,Normale,Deux véhicules - côté,3,2,2,0,1,1,2,4,1,80,2,2,1,0,0,1,35.0,35.0,transport_commun,transport_commun,5,1,8,1,3
202300037514,2023-06-18 02:13:00,2023,6,18,2,13,92,92072,SAINT CLOUD (RUE DE),48.832122,2.222405,Nuit avec éclairage allumé,Hors agglomération,Autre intersection,Normale,Deux véhicules - arrière,3,1,2,0,1,1,1,0,1,50,2,6,5,0,0,1,22.0,50.0,voiture,voiture,5,1,9,1,2
202300037515,2023-11-07 10:20:00,2023,11,7,10,20,60,60057,Rue des Teinturiers,49.42811894,2.07311904,Plein jour,En agglomération,Hors intersection,Normale,Deux véhicules - côté,4,-1,2,0,1,1,1,0,1,50,2,2,1,0,0,1,35.0,25.0,voiture,voiture,1,2,1,1,3
202300037516,2023-06-22 15:25:00,2023,6,22,15,25,92,92062,DE DION BOUTON (QUAI) DU 29 AU 65,48.88050552,2.24505024,Plein jour,Hors agglomération,Hors intersection,Temps couvert,Deux véhicules - arrière,3,3,4,1,1,1,1,8,1,50,2,2,1,0,0,1,40.0,24.0,deux_roues,deux_roues,1,1,1,8,2
202300037517,2023-05-18 04:28:00,2023,5,18,4,28,95,95476,D915,49.0764,2.07553,Nuit sans éclairage public,Hors agglomération,Hors intersection,Normale,Autre collision,3,1,0,0,1,1,1,0,1,70,1,2,1,1,0,0,,,voiture,,3,1,1,1,6
202300037518,2023-11-07 16:00:00,2023,11,7,16,0,59,59152,HURLUPIN (RUE D'),50.76210042,3.01153924,Plein jour,En agglomération,Hors intersection,Normale,Autre collision,7,-1,2,0,1,3,1,0,1,30,1,2,1,0,0,1,41.0,,voiture,,1,2,1,1,6
202300037519,2023-06-21 20:10:00,2023,6,21,20,10,92,92020,PARIS AVENUE DE N° IMPAIRS,48.806986,2.293619,Plein jour,En agglomération,Intersection en X,Normale,Deux véhicules - côté,3,1,3,0,1,1,1,0,1,50,2,5,1,0,0,4,30.0,36.0,voiture,voiture,1,2,2,1,3
202300037519,2023-06-21 20:10:00,2023,6,21,20,10,92,92020,PARIS AVENUE DE N° IMPAIRS,48.806986,2.293619,Plein jour,En agglomération,Intersection en X,Normale,Deux véhicules - côté,3,2,3,0,2,1,1,0,1,50,2,5,1,0,0,4,30.0,36.0,voiture,voiture,1,2,2,1,3
202300037520,2023-05-17 15:15:00,2023,5,17,15,15,22,22278,SAINT-FRANCOIS,48.51114,-2.75943,Plein jour,En agglomération,Intersection en T,Normale,Autre collision,4,2,4,0,1,1,1,0,1,50,1,2,0,0,0,2,19.0,,deux_roues,,1,2,3,1,6
202300037520,2023-05-17 15:15:00,2023,5,17,15,15,22,22278,SAINT-FRANCOIS,48.51114,-2.75943,Plein jour,En agglomération,Intersection en T,Normale,Autre collision,4,1,1,3,1,1,1,6,1,20,1,2,0,0,0,2,19.0,,deux_roues,,1,2,3,1,6
202300037521,2023-11-07 09:00:00,2023,11,7,9,0,59,59350,LAMBRET OSCAR AVENUE,50.61267,3.03699,Plein jour,En agglomération,Hors intersection,Temps couvert,Trois véhicules et plus - en chaîne,4,3,4,1,1,1,1,0,1,50,3,3,2,0,0,1,33.0,44.0,voiture,voiture,1,2,1,8,4
202300037522,2023-06-22 05:53:00,2023,6,22,5,53,92,92048,NATIONS UNIES (BOULEVARD DES),48.81430518,2.2348693,Crépuscule ou aube,En agglomération,Giratoire,Pluie légère,Sans collision,3,3,2,0,1,1,2,0,1,50,1,1,0,0,1,0,33.0,,deux_roues,,2,2,6,2,7
202300037523,2023-05-16 12:00:00,2023,5,16,12,0,34,34003,21 Avenue des Sergents,43.28615,3.51343,Plein jour,En agglomération,Hors intersection,Normale,Autre collision,4,1,1,0,1,3,1,0,1,50,1,2,1,0,1,0,75.0,,voiture,,1,2,1,1,6
202300037524,2023-06-22 07:40:00,2023,6,22,7,40,92,92036,GRESILLONS (QUAI DES),48.91937,2.32169,Plein jour,En agglomération,Hors intersection,Pluie légère,Autre collision,3,1,3,0,1,1,2,0,1,50,2,2,1,0,0,1,56.0,37.0,deux_roues,utilitaire_camion,1,2,1,2,6
202300037525,2023-11-06 09:10:00,2023,11,6,9,10,59,59183,REPUBLIQUE - F MITTERAND - BOULEVARD,51.04262,2.395,Plein jour,En agglomération,Autre intersection,Pluie légère,Autre collision,3,1,1,0,1,1,2,0,1,50,1,2,1,1,0,0,40.0,,transport_commun,,1,2,9,2,6
202300037526,2023-06-22 08:30:00,2023,6,22,8,30,92,92035,Verdun 1916 ( avenue de ),48.90533,2.23473,Plein jour,En agglomération,Autre intersection,Pluie forte,Deux véhicules - arrière,3,1,2,0,1,1,2,9,1,50,2,2,1,0,0,1,57.0,27.0,autre,deux_roues,1,2,9,3,2
202300037527,2023-11-03 18:15:00,2023,11,3,18,15,59,59329,JOFFRE (RUE DU MARECHAL),50.34376326,3.09117639,Crépuscule ou aube,En agglomération,Hors intersection,Pluie légère,Autre collision,6,-1, -1,0,1,1,2,0,8,50,1,2,1,0,1,0,61.0,,voiture,,2,2,1,2,6
202300037528,2023-05-17 15:20:00,2023,5,17,15,20,988,98818,RUE TARAGNAT/RUE DU VAR,-22.27416,166.45555,Plein jour,En agglomération,Intersection en T,Normale,Deux véhicules - côté,4,1,1,0,1,1,1,0,1,50,2,2,1,0,0,1,44.0,36.0,voiture,deux_roues,1,2,3,1,3
202300037528,2023-05-17 15:20:00,2023,5,17,15,20,988,98818,RUE TARAGNAT/RUE DU VAR,-22.27416,166.45555,Plein jour,En agglomération,Intersection en T,Normale,Deux véhicules - côté,4,1,1,2,1,1,1,0,1,50,2,2,1,0,0,1,44.0,36.0,voiture,deux_roues,1,2,3,1,3
202300037529,2023-06-22 22:00:00,2023,6,22,22,0,92,92062,GENERAL DE GAULLE (AVENUE DU),48.88737609,2.23266274,Crépuscule ou aube,En agglomération,Autre intersection,Normale,Deux véhicules - côté,3,3,5,1,1,1,1,0,1,50,2,2,1,0,0,1,37.0,66.0,deux_roues,voiture,2,2,9,1,3
202300037530,2023-11-03 08:48:00,2023,11,3,8,48,57,57672,REPUBLIQUE (PLACE DE LA),49.35558,6.16441,Plein jour,En agglomération,Hors intersection,Normale,Autre collision,4,1,1,0,1,1,1,0,1,50,1,2,1,0,0,1,59.0,,voiture,,1,2,1,1,6
202300037531,2023-06-22 04:15:00,2023,6,22,4,15,92,92026,VERDUN (DE 01 A 61),48.89735689,2.26390779,Nuit avec éclairage allumé,En agglomération,Hors intersection,Normale,Deux véhicules - arrière,3,2,2,2,2,1,1,2,5,50,2,2,1,0,0,1,60.0,21.0,voiture,deux_roues,5,2,1,1,2
202300037532,2023-05-17 16:00:00,2023,5,17,16,0,974,97416,RECHERCHANT (RUE ADRIEN) (1),-21.28770823,55.48278093,Plein jour,Hors agglomération,Hors intersection,Pluie légère,Trois véhicules et plus - en chaîne,3,2,2,0,1,1,2,0,3,30,3,4,3,0,0,1,58.0,24.0,voiture,utilitaire_camion,1,1,1,2,4
202300037533,2023-11-07 18:15:00,2023,11,7,18,15,57,57447,RD5b,49.05111,6.13851,Nuit sans éclairage public,Hors agglomération,Hors intersection,Normale,Trois véhicules et plus - en chaîne,7,2,2,0,1,1,2,0,1,80,3,4,2,0,0,2,22.0,53.0,voiture,voiture,3,1,1,1,4
202300037534,2023-06-21 16:40:00,2023,6,21,16,40,92,92025,COLBERT  133   126 (RUE),48.91575,2.23242,Plein jour,En agglomération,Intersection en X,Temps couvert,Deux véhicules - côté,3,1,1,0,1,1,1,0,1,30,2,3,2,0,1,0,27.0,44.0,deux_roues,autre,1,2,2,8,3
202300037534,2023-06-21 16:40:00,2023,6,21,16,40,92,92025,COLBERT  133   126 (RUE),48.91575,2.23242,Plein jour,En agglomération,Intersection en X,Temps couvert,Deux véhicules - côté,3,2,2,0,1,1,1,0,1,30,2,3,2,0,1,0,27.0,44.0,deux_roues,autre,1,2,2,8,3
202300037535,2023-06-22 05:32:00,2023,6,22,5,32,92,92023,BERGERES (RUE DES),48.778711,2.228911,Nuit avec éclairage allumé,En agglomération,Intersection en X,Normale,Autre collision,4,1,1,0,1,1,1,0,1,30,1,1,0,0,0,1,55.0,,voiture,,5,2,2,1,6
202300037535,2023-06-22 05:32:00,2023,6,22,5,32,92,92023,BERGERES (RUE DES),48.778711,2.228911,Nuit avec éclairage allumé,En agglomération,Intersection en X,Normale,Autre collision,4,2,1,0,1,1,1,0,1,30,1,1,0,0,0,1,55.0,,voiture,,5,2,2,1,6
202300037536,2023-11-07 18:15:00,2023,11,7,18,15,57,57412,GENERAL DE GAULLE (RUE DU ),49.11403,6.13883,Nuit avec éclairage allumé,En agglomération,Hors intersection,Temps couvert,Deux véhicules - arrière,4,2,2,0,1,1,2,0,1,50,2,3,2,0,0,1,34.0,39.0,voiture,voiture,5,2,1,8,2
202300037537,2023-05-18 13:00:00,2023,5,18,13,0,974,97407,FERRY (RUE),-20.9367,55.29531,Plein jour,En agglomération,Intersection en X,Normale,Deux véhicules - côté,4,1,2,0,1,1,1,0,1,50,2,3,1,0,0,2,18.0,43.0,deux_roues,utilitaire_camion,1,2,2,1,3
202300037537,2023-05-18 13:00:00,2023,5,18,13,0,974,97407,FERRY (RUE),-20.9367,55.29531,Plein jour,En agglomération,Intersection en X,Normale,Deux véhicules - côté,4,1,1,0,1,1,1,0,1,50,2,3,1,0,0,2,18.0,43.0,deux_roues,utilitaire_camion,1,2,2,1,3
202300037538,2023-06-22 04:30:00,2023,6,22,4,30,92,92032,LEDRU ROLLIN (RUE),48.79204572,2.2843878,Nuit avec éclairage allumé,En agglomération,Hors intersection,Normale,Autre collision,4,1,1,0,2,2,1,0,1,30,1,1,0,0,1,0,18.0,,deux_roues,,5,2,1,1,6
202300037539,2023-06-22 18:00:00,2023,6,22,18,0,92,92004,HENRI POINCARE,48.93212,2.27465,Plein jour,En agglomération,Hors intersection,Normale,Autre collision,4,-1,1,0,1,1,1,0,1,50,1,2,1,0,0,1,36.0,,voiture,,1,2,1,1,6
202300037540,2023-05-17 23:10:00,2023,5,17,23,10,973,97302,BADUEL (ROUTE DE),4.92806881,-52.29261982,Nuit avec éclairage allumé,En agglomération,Hors intersection,Temps couvert,Sans collision,3,2,2,1,1,1,2,9,1,50,1,1,0,0,0,1,24.0,,deux_roues,,5,2,1,8,7
202300037541,2023-11-07 09:06:00,2023,11,7,9,6,56,56098,JAURES (RUE  JEAN ),47.76978,-3.35069,Plein jour,En agglomération,Hors intersection,Normale,Deux véhicules - côté,3,2,2,0,1,1,2,0,1,50,2,2,1,0,1,0,45.0,25.0,voiture,deux_roues,1,2,1,1,3
202300037542,2023-11-07 13:59:00,2023,11,7,13,59,54,54382,RD618,49.54681,5.79904,Plein jour,Hors agglomération,Hors intersection,Normale,Autre collision,3,3, -1,0,1,1,1,0,3,110,1,1,0,0,0,1,54.0,,voiture,,1,1,1,1,6
202300037543,2023-06-22 09:05:00,2023,6,22,9,5,92,92004,VOLTAIRE ( BD 16 A FIN ),48.9159,2.29138,Plein jour,En agglomération,Intersection en T,Pluie forte,Deux véhicules - frontale,3,1,1,2,1,1,2,0,1,30,2,2,1,0,0,1,52.0,26.0,voiture,deux_roues,1,2,3,3,1
202300037543,2023-06-22 09:05:00,2023,6,22,9,5,92,92004,VOLTAIRE ( BD 16 A FIN ),48.9159,2.29138,Plein jour,En agglomération,Intersection en T,Pluie forte,Deux véhicules - frontale,3,2,3,2,1,1,2,0,5,50,2,2,1,0,0,1,52.0,26.0,voiture,deux_roues,1,2,3,3,1
202300037544,2023-05-18 21:00:00,2023,5,18,21,0,69,69383,Boulevard Marius Vivier-Merle,45.7604,4.85793,Nuit avec éclairage allumé,En agglomération,Hors intersection,Normale,Autre collision,4,2,3,3,1,1,1,5,1,30,1,2,1,0,1,0,54.0,,voiture,,5,2,1,1,6