accident_id,datetime,annee,mois,jour,heure,minute,departement,commune_insee,adresse,latitude,longitude,luminosite,agglomeration,intersection,meteo,collision,catr,circ,nbv,vosp,prof,plan,surf,infra,situ,vma,nb_vehicules,nb_usagers,nb_indemnes,nb_tues,nb_blesses_hosp,nb_blesses_legers,age_cond_1,age_cond_2,veh_type_cond_1,veh_type_cond_2,lum_code,agg_code,int_code,atm_code,col_code
202300037545,2023-06-22 12:20:00,2023,6,22,12,20,92,92014,GENERAL LECLERC (AV.) (1 A 55BIS - 2 A 4,48.78779593,2.31870264,Plein jour,En agglomération,Hors intersection,Temps couvert,Deux véhicules - arrière,3,3,4,1,1,1,2,0,1,50,2,2,1,0,0,1,34.0,21.0,utilitaire_camion,deux_roues,1,2,1,8,2
202300037546,2023-05-18 16:10:00,2023,5,18,16,10,972,97213,ROUTE DEPARTEMENTALE 14,14.62388,-61.01868,Plein jour,Hors agglomération,Hors intersection,Normale,Sans collision,3,2,2,0,1,1,1,0,1,50,1,1,0,0,0,1,21.0,,autre,,1,1,1,1,7
202300037547,2023-06-21 19:05:00,2023,6,21,19,5,92,92002,PONT NORD,48.75581,2.30148,Plein jour,En agglomération,Hors intersection,Normale,Autre collision,4,2,0,0,1,1,1,2,1,50,1,2,1,0,0,1,32.0,,deux_roues,,1,2,1,1,6
202300037548,2023-11-06 22:50:00,2023,11,6,22,50,51,51454,ARNOULD (BOULEVARD CHARLES),49.269253,4.0201,Nuit avec éclairage allumé,En agglomération,Intersection en X,Pluie légère,Deux véhicules - côté,4,2,2,0,1,1,2,0,1,50,2,4,3,0,0,1,22.0,65.0,voiture,voiture,5,2,2,2,3
202300037548,2023-11-06 22:50:00,2023,11,6,22,50,51,51454,ARNOULD (BOULEVARD CHARLES),49.269253,4.0201,Nuit avec éclairage allumé,En agglomération,Intersection en X,Pluie légère,Deux véhicules - côté,4,2, -1,-1,1,1,2,0,1,-1,2,4,3,0,0,1,22.0,65.0,voiture,voiture,5,2,2,2,3
202300037549,2023-06-22 09:15:00,2023,6,22,9,15,35,35108,La Rue Hamon,47.945929,-1.47219211,Plein jour,Hors agglomération,Hors intersection,Normale,Autre collision,4,-1,2,0,1,1,1,0,1,80,1,2,1,0,1,0,43.0,,voiture,,1,1,1,1,6
202300037550,2023-05-18 10:00:00,2023,5,18,10,0,971,97113,SECTION MOREAU,16.24174,-61.46513,Plein jour,Hors agglomération,Hors intersection,Normale,Deux véhicules - côté,3,2,2,0,2,1,1,0,1,70,2,5,4,0,0,1,22.0,21.0,deux_roues,voiture,1,1,1,1,3
202300037551,2023-11-06 18:40:00,2023,11,6,18,40,50,50129,de la Banque à Genets (Avenue),49.60038,-1.59974,Nuit avec éclairage allumé,En agglomération,Giratoire,Pluie légère,Deux véhicules - arrière,9,1,2,0,2,4,2,0,1,50,2,4,2,0,0,2,22.0,27.0,voiture,voiture,5,2,6,2,2
202300037552,2023-06-07 12:15:00,2023,6,7,12,15,17,17120,D728,45.738232,-0.794162,Plein jour,Hors agglomération,Autre intersection,Temps éblouissant,Deux véhicules - côté,3,2,2,0,2,1,1,0,1,80,2,2,1,0,0,1,65.0,66.0,voiture,voiture,1,1,9,7,3
202300037553,2023-06-22 18:12:00,2023,6,22,18,12,49,49058,D148,47.001256,-0.653236,Plein jour,Hors agglomération,Hors intersection,Normale,Sans collision,3,2,2,0,1,3,1,0,1,80,1,3,2,0,0,1,19.0,,voiture,,1,1,1,1,7
202300037554,2023-11-06 18:30:00,2023,11,6,18,30,50,50129,EST (BOULEVARD DE L'),49.63519,-1.58653,Nuit avec éclairage allumé,En agglomération,Intersection en X,Pluie forte,Deux véhicules - côté,3,2,0,0,1,1,2,5,1,50,2,2,1,0,0,1,73.0,18.0,voiture,deux_roues,5,2,2,3,3
202300037554,2023-11-06 18:30:00,2023,11,6,18,30,50,50129,EST (BOULEVARD DE L'),49.63519,-1.58653,Nuit avec éclairage allumé,En agglomération,Intersection en X,Pluie forte,Deux véhicules - côté,3,3,0,1,1,1,2,5,1,50,2,2,1,0,0,1,73.0,18.0,voiture,deux_roues,5,2,2,3,3
202300037555,2023-05-18 16:00:00,2023,5,18,16,0,95,95019,D208,48.98603,2.41086,Plein jour,En agglomération,Giratoire,Normale,Trois véhicules et plus - collisions multiples,3,1,1,0,1,1,1,0,1,50,3,7,5,0,0,2,39.0,23.0,voiture,deux_roues,1,2,6,1,5
202300037555,2023-05-18 16:00:00,2023,5,18,16,0,95,95019,D208,48.98603,2.41086,Plein jour,En agglomération,Giratoire,Normale,Trois véhicules et plus - collisions multiples,3,2,2,0,1,1,1,0,1,50,3,7,5,0,0,2,39.0,23.0,voiture,deux_roues,1,2,6,1,5
202300037556,2023-06-22 11:55:00,2023,6,22,11,55,68,68300,D420,47.779529,7.36474,Plein jour,En agglomération,Giratoire,Normale,Deux véhicules - côté,3,1,2,0,1,1,1,0,1,50,2,2,1,0,0,1,46.0,47.0,deux_roues,voiture,1,2,6,1,3
202300037557,2023-11-04 18:50:00,2023,11,4,18,50,50,50129,PARIS (AVENUE DE),49.62799,-1.61797,Nuit avec éclairage allumé,En agglomération,Intersection en T,Pluie légère,Autre collision,4,2,1,0,1,1,2,0,1,50,1,2,0,0,0,2,18.0,,deux_roues,,5,2,3,2,6
202300037557,2023-11-04 18:50:00,2023,11,4,18,50,50,50129,PARIS (AVENUE DE),49.62799,-1.61797,Nuit avec éclairage allumé,En agglomération,Intersection en T,Pluie légère,Autre collision,4,3,2,0,1,1,2,0,1,50,1,2,0,0,0,2,18.0,,deux_roues,,5,2,3,2,6
202300037558,2023-05-18 18:15:00,2023,5,18,18,15,95,95014,D124E,49.01576,2.3127,Plein jour,Hors agglomération,Hors intersection,Normale,Deux véhicules - arrière,3,2,2,0,2,1,1,0,1,70,2,2,0,0,0,2,41.0,21.0,utilitaire_camion,voiture,1,1,1,1,2
202300037559,2023-06-22 22:30:00,2023,6,22,22,30,21,21676,A6,47.46415961,4.24819896,Nuit sans éclairage public,Hors agglomération,Hors intersection,Normale,Deux véhicules - arrière,1,3,2,0,1,1,1,0,2,130,2,2,0,0,1,1,60.0,28.0,voiture,voiture,3,1,1,1,2
202300037560,2023-11-03 18:30:00,2023,11,3,18,30,50,50129,LEMONNIER (AVENUE AMIRAL),49.63463,-1.60209,Crépuscule ou aube,En agglomération,Hors intersection,Pluie légère,Trois véhicules et plus - en chaîne,3,3,0,0,1,1,2,0,1,70,3,4,2,0,0,2,32.0,60.0,voiture,voiture,2,2,1,2,4
202300037561,2023-06-17 22:25:00,2023,6,17,22,25,54,54067,D643,49.42950988,5.6859827,Nuit sans éclairage public,Hors agglomération,Autre intersection,Normale,Deux véhicules - côté,3,2,2,0,1,1,1,0,1,80,2,4,2,0,2,0,23.0,21.0,deux_roues,voiture,3,1,9,1,3
202300037561,2023-06-17 22:25:00,2023,6,17,22,25,54,54067,D643,49.42950988,5.6859827,Nuit sans éclairage public,Hors agglomération,Autre intersection,Normale,Deux véhicules - côté,3,2, -1,-1,1,1,1,5,1,80,2,4,2,0,2,0,23.0,21.0,deux_roues,voiture,3,1,9,1,3
202300037562,2023-11-06 15:54:00,2023,11,6,15,54,49,49007,SAINT JACQUES,47.47367,-0.57095,Plein jour,En agglomération,Hors intersection,Pluie légère,Autre collision,4,2,2,0,1,1,2,0,1,50,1,2,1,0,0,1,23.0,,voiture,,1,2,1,2,6
202300037563,2023-05-18 16:15:00,2023,5,18,16,15,91,91174,AV GENERAL DE GAULLE,48.616664,2.458723,Plein jour,En agglomération,Hors intersection,Autre,Deux véhicules - frontale,4,2,2,0,1,1,1,0,1,50,2,2,1,0,1,0,31.0,20.0,voiture,deux_roues,1,2,1,9,1
202300037564,2023-06-22 17:20:00,2023,6,22,17,20,35,35047,Avenue Lavoisier,48.03412,-1.741199,Plein jour,En agglomération,Hors intersection,Normale,Sans collision,4,2,2,1,1,1,1,0,1,50,1,5,3,0,0,2,23.0,,transport_commun,,1,2,1,1,7
202300037565,2023-11-05 09:59:00,2023,11,5,9,59,49,49007,GAULLE BOULEVARD CHARLES DE,47.46871,-0.55898,Plein jour,En agglomération,Hors intersection,Normale,Autre collision,4,2,4,0,2,1,1,0,1,50,1,2,1,0,0,1,66.0,,voiture,,1,2,1,1,6
202300037566,2023-06-22 17:45:00,2023,6,22,17,45,35,35047,Rue des Fresnais,48.037801,-1.740749,Plein jour,En agglomération,Hors intersection,Normale,Sans collision,4,3,2,0,1,1,1,0,5,50,1,1,0,0,0,1,23.0,,transport_commun,,1,2,1,1,7
202300037567,2023-11-05 23:11:00,2023,11,5,23,11,49,49246,A87N,47.438855,-0.510753,Nuit sans éclairage public,En agglomération,Hors intersection,Normale,Deux véhicules - arrière,1,3,2,0,1,1,2,0,1,90,2,2,1,0,0,1,22.0,50.0,voiture,voiture,3,2,1,1,2
202300037568,2023-06-23 09:20:00,2023,6,23,9,20,29,29181,Guernévez,48.48994977,-4.22705915,Plein jour,Hors agglomération,Hors intersection,Normale,Trois véhicules et plus - collisions multiples,2,3,4,0,3,1,1,0,1,110,3,3,1,1,1,0,34.0,62.0,voiture,utilitaire_camion,1,1,1,1,5
202300037569,2023-11-06 09:11:00,2023,11,6,9,11,49,49007,CHAUMIN BOULEVARD,47.45026,-0.55552,Plein jour,En agglomération,Hors intersection,Normale,Deux véhicules - arrière,4,3,4,0,1,1,2,0,1,50,2,2,1,0,0,1,37.0,20.0,voiture,deux_roues,1,2,1,1,2
202300037570,2023-06-23 11:50:00,2023,6,23,11,50,42,42158,Impasse des Forges,46.04104379,3.84707023,Plein jour,Hors agglomération,Hors intersection,Normale,Deux véhicules - côté,4,2,2,0,2,2,1,0,1,-1,2,2,1,0,0,1,25.0,69.0,utilitaire_camion,deux_roues,1,1,1,1,3
202300037571,2023-06-22 23:30:00,2023,6,22,23,30,974,97414,route nationale 5,-21.245462,55.455723,Nuit sans éclairage public,Hors agglomération,Hors intersection,Pluie légère,Sans collision,2,2,2,0,1,1,2,0,3,90,1,1,0,0,1,0,31.0,,voiture,,3,1,1,2,7
202300037572,2023-11-07 16:49:00,2023,11,7,16,49,47,47001,COLMAR (AV. DE),44.19385,0.63791,Plein jour,En agglomération,Hors intersection,Normale,Deux véhicules - arrière,4,3,2,2,1,1,1,0,1,50,2,2,0,0,0,2,21.0,27.0,voiture,utilitaire_camion,1,2,1,1,2
202300037573,2023-05-18 06:45:00,2023,5,18,6,45,77,77449,D345,48.851664,2.778207,Crépuscule ou aube,Hors agglomération,Giratoire,Normale,Trois véhicules et plus - en chaîne,3,1,2,0,1,1,1,0,1,50,3,4,3,0,0,1,49.0,50.0,voiture,voiture,2,1,6,1,4
202300037574,2023-06-23 16:27:00,2023,6,23,16,27,72,72200,D139,47.894449,0.221196,Plein jour,Hors agglomération,Autre intersection,Normale,Deux véhicules - côté,3,2,2,0,1,1,1,0,1,90,2,2,1,0,1,0,31.0,57.0,voiture,deux_roues,1,1,9,1,3
202300037575,2023-06-19 07:45:00,2023,6,19,7,45,72,72124,Route de Mayet,47.818529,0.277652,Plein jour,En agglomération,Hors intersection,Normale,Sans collision,3,2,2,0,1,3,9,0,1,50,1,1,0,0,1,0,36.0,,deux_roues,,1,2,1,1,7
202300037576,2023-05-18 17:10:00,2023,5,18,17,10,77,77186,"RD58, Obélisque à panneau ONF Bourron",48.385261,2.720966,Plein jour,Hors agglomération,Intersection en T,Normale,Deux véhicules - côté,3,2,2,0,1,1,1,0,1,70,2,3,2,0,0,1,60.0,84.0,deux_roues,voiture,1,1,3,1,3
202300037576,2023-05-18 17:10:00,2023,5,18,17,10,77,77186,"RD58, Obélisque à panneau ONF Bourron",48.385261,2.720966,Plein jour,Hors agglomération,Intersection en T,Normale,Deux véhicules - côté,3,2,2,0,1,3,1,0,1,70,2,3,2,0,0,1,60.0,84.0,deux_roues,voiture,1,1,3,1,3
202300037577,2023-11-07 09:20:00,2023,11,7,9,20,45,45232,42 Rue Marcel Belot,47.86718143,1.90161554,Plein jour,En agglomération,Hors intersection,Normale,Autre collision,4,2,2,0,1,1,1,0,1,50,1,2,1,0,1,0,66.0,,voiture,,1,2,1,1,6
202300037578,2023-06-20 05:45:00,2023,6,20,5,45,44,44076,Le Chatenay,47.632642,-1.611959,Crépuscule ou aube,Hors agglomération,Intersection en X,Normale,Deux véhicules - côté,3,2,2,0,1,1,1,0,1,80,2,2,1,0,0,1,33.0,63.0,voiture,voiture,2,1,2,1,3
202300037578,2023-06-20 05:45:00,2023,6,20,5,45,44,44076,Le Chatenay,47.632642,-1.611959,Crépuscule ou aube,Hors agglomération,Intersection en X,Normale,Deux véhicules - côté,3,2,2,0,1,1,1,0,1,80,2,2,1,0,0,1,33.0,63.0,voiture,voiture,2,1,2,1,3
202300037579,2023-05-18 15:25:00,2023,5,18,15,25,77,77186,RD607 de Barbizon à pavé du roi,48.442535,2.646571,Plein jour,Hors agglomération,Hors intersection,Normale,Deux véhicules - frontale,3,2,3,0,1,1,1,6,1,90,1,1,0,0,0,1,19.0,,voiture,,1,1,1,1,1
202300037580,2023-06-22 16:30:00,2023,6,22,16,30,04,04102,D900,44.438418,6.41697,Plein jour,Hors agglomération,Hors intersection,Normale,Autre collision,3,2,2,0,2,1,1,0,3,80,1,2,1,0,1,0,60.0,,voiture,,1,1,1,1,6
202300037581,2023-11-07 08:30:00,2023,11,7,8,30,45,45286,174 Rue de la Cornaillère,47.8737,1.9427,Plein jour,En agglomération,Hors intersection,Autre,Deux véhicules - arrière,4,2,2,0,1,1,2,0,1,50,2,2,1,0,0,1,20.0,22.0,voiture,voiture,1,2,1,9,2
202300037582,2023-05-19 01:00:00,2023,5,19,1,0,69,69266,Rond-Point des Charpennes,45.77239,4.86612,Nuit avec éclairage allumé,En agglomération,Hors intersection,Normale,Deux véhicules - côté,4,1,2,0,1,2,1,0,1,30,2,2,1,0,1,0,21.0,27.0,deux_roues,deux_roues,5,2,1,1,3
202300037583,2023-06-22 16:45:00,2023,6,22,16,45,56,56052,39 Boulevard Saint Guerin,47.510739,-2.609885,Plein jour,Hors agglomération,Hors intersection,Normale,Deux véhicules - arrière,3,2,2,1,1,1,1,0,1,50,2,3,2,0,0,1,83.0,64.0,utilitaire_camion,deux_roues,1,1,1,1,2
202300037584,2023-11-06 17:25:00,2023,11,6,17,25,45,45234,10 Rue du 11 Novembre,47.917,1.9301,Nuit avec éclairage allumé,En agglomération,Hors intersection,Normale,Deux véhicules - côté,4,3,2,2,1,1,2,0,5,50,2,2,1,0,0,1,25.0,15.0,voiture,deux_roues,5,2,1,1,3
202300037585,2023-06-23 12:00:00,2023,6,23,12,0,77,77239,D231,48.655577,3.149393,Plein jour,Hors agglomération,Intersection en X,Normale,Deux véhicules - côté,3,2,2,0,1,1,9,0,1,90,2,3,2,0,0,1,29.0,30.0,utilitaire_camion,utilitaire_camion,1,1,2,1,3
202300037585,2023-06-23 12:00:00,2023,6,23,12,0,77,77239,D231,48.655577,3.149393,Plein jour,Hors agglomération,Intersection en X,Normale,Deux véhicules - côté,3,2,2,0,1,1,1,0,1,90,2,3,2,0,0,1,29.0,30.0,utilitaire_camion,utilitaire_camion,1,1,2,1,3
202300037586,2023-06-23 10:00:00,2023,6,23,10,0,76,76709,742 Rue du Maréchal Foch,49.473417,0.814602,Plein jour,En agglomération,Hors intersection,Normale,Autre collision,7,2,2,0,1,1,1,0,1,50,1,2,1,0,0,1,34.0,,utilitaire_camion,,1,2,1,1,6
202300037587,2023-11-06 15:15:00,2023,11,6,15,15,45,45075,69 Route d'Orléans,47.893468,1.848964,Plein jour,En agglomération,Hors intersection,Normale,Deux véhicules - côté,4,3,5,0,1,1,1,0,1,50,2,2,1,0,0,1,52.0,60.0,utilitaire_camion,deux_roues,1,2,1,1,3
202300037588,2023-05-18 11:30:00,2023,5,18,11,30,69,69256,52 Rue Lamartine,45.79158,4.92741,Plein jour,En agglomération,Hors intersection,Normale,Deux véhicules - frontale,4,2,2,0,1,1,1,0,3,30,2,2,1,0,1,0,11.0,26.0,deux_roues,voiture,1,2,1,1,1
202300037589,2023-06-23 08:10:00,2023,6,23,8,10,79,79207,,46.882637,-0.74208,Plein jour,En agglomération,Intersection en Y,Normale,Deux véhicules - côté,3,2,2,0,1,1,1,0,1,30,2,3,1,0,0,2,15.0,36.0,deux_roues,utilitaire_camion,1,2,4,1,3
202300037589,2023-06-23 08:10:00,2023,6,23,8,10,79,79207,,46.882637,-0.74208,Plein jour,En agglomération,Intersection en Y,Normale,Deux véhicules - côté,3,2,2,-1,1,1,1,0,1,-1,2,3,1,0,0,2,15.0,36.0,deux_roues,utilitaire_camion,1,2,4,1,3
202300037590,2023-11-06 17:15:00,2023,11,6,17,15,45,45068,17 Avenue Jean Jaurès,48.012922,2.7345,Plein jour,En agglomération,Hors intersection,Normale,Deux véhicules - côté,4,2,2,0,1,1,2,0,1,50,2,2,1,0,0,1,20.0,73.0,deux_roues,voiture,1,2,1,1,3
202300037591,2023-06-23 14:03:00,2023,6,23,14,3,71,71263,rue des industries,46.655991,5.186491,Plein jour,Hors agglomération,Hors intersection,Normale,Autre collision,4,2,2,0,1,1,1,0,1,50,1,2,1,1,0,0,46.0,,voiture,,1,1,1,1,6
202300037592,2023-05-18 15:30:00,2023,5,18,15,30,67,67218,STRASBOURG (AVENUE DE),48.54308,7.73644,Plein jour,En agglomération,Intersection en T,Normale,Deux véhicules - côté,7,3,6,0,1,1,1,5,1,50,2,3,1,0,0,2,43.0,52.0,voiture,deux_roues,1,2,3,1,3
202300037592,2023-05-18 15:30:00,2023,5,18,15,30,67,67218,STRASBOURG (AVENUE DE),48.54308,7.73644,Plein jour,En agglomération,Intersection en T,Normale,Deux véhicules - côté,7,3,0,3,1,1,1,0,1,50,2,3,1,0,0,2,43.0,52.0,voiture,deux_roues,1,2,3,1,3
202300037593,2023-06-22 16:00:00,2023,6,22,16,0,71,71079,Route de Goz du Haut,46.484151,5.370061,Plein jour,Hors agglomération,Hors intersection,Normale,Autre collision,4,2,2,0,1,2,1,0,1,80,1,1,0,0,0,1,39.0,,voiture,,1,1,1,1,6
202300037594,2023-11-06 17:43:00,2023,11,6,17,43,43,43157,31 Boulevard Marechal Joffre,45.04898,3.89425,Crépuscule ou aube,En agglomération,Hors intersection,Normale,Deux véhicules - côté,3,2,4,0,1,1,1,9,1,50,2,3,2,0,0,1,44.0,30.0,voiture,voiture,2,2,1,1,3
202300037595,2023-05-17 12:35:00,2023,5,17,12,35,59,59360,PARE AMBROISE RUE,50.60366014,3.02937269,Plein jour,En agglomération,Autre intersection,Normale,Deux véhicules - arrière,7,3,1,0,1,1,1,0,1,50,2,2,1,0,0,1,23.0,27.0,deux_roues,voiture,1,2,9,1,2
202300037596,2023-06-21 23:50:00,2023,6,21,23,50,63,63381,D943,45.860369,2.967381,Nuit sans éclairage public,Hors agglomération,Hors intersection,Brouillard / fumée,Autre collision,3,2,2,0,2,3,2,0,3,90,1,4,1,0,2,1,34.0,,voiture,,3,1,1,5,6
202300037597,2023-11-07 10:30:00,2023,11,7,10,30,42,42127,Rue Beaumarchais,46.067039,4.069594,Plein jour,En agglomération,Intersection en X,Normale,Deux véhicules - côté,4,-1,2,0,1,1,1,0,1,50,2,2,1,0,1,0,,35.0,utilitaire_camion,voiture,1,2,2,1,3
202300037597,2023-11-07 10:30:00,2023,11,7,10,30,42,42127,Rue Beaumarchais,46.067039,4.069594,Plein jour,En agglomération,Intersection en X,Normale,Deux véhicules - côté,4,-1,2,0,1,1,1,0,1,50,2,2,1,0,1,0,,35.0,utilitaire_camion,voiture,1,2,2,1,3
202300037598,2023-06-20 16:00:00,2023,6,20,16,0,55,55263,D7,48.861523,5.476851,Plein jour,Hors agglomération,Hors intersection,Normale,Sans collision,3,2,2,0,1,1,1,0,3,90,1,2,1,0,0,1,82.0,,voiture,,1,1,1,1,7
202300037599,2023-05-18 09:35:00,2023,5,18,9,35,58,58194,MARZY,46.987414,3.140802,Plein jour,En agglomération,Autre intersection,Normale,Deux véhicules - côté,4,2,2,0,1,1,1,0,1,50,2,2,0,0,0,2,50.0,53.0,utilitaire_camion,voiture,1,2,9,1,3
202300037599,2023-05-18 09:35:00,2023,5,18,9,35,58,58194,MARZY,46.987414,3.140802,Plein jour,En agglomération,Autre intersection,Normale,Deux véhicules - côté,4,2,2,0,1,1,1,0,1,50,2,2,0,0,0,2,50.0,53.0,utilitaire_camion,voiture,1,2,9,1,3
202300037600,2023-11-07 17:15:00,2023,11,7,17,15,41,41018,WILSON (AVENUE DU PRESIDENT),47.5804,1.3445,Crépuscule ou aube,En agglomération,Hors intersection,Normale,Autre collision,4,2,2,0,1,1,1,6,1,30,1,2,1,0,0,1,81.0,,voiture,,2,2,1,1,6
202300037601,2023-06-22 08:45:00,2023,6,22,8,45,42,42020,Route de la Gare,45.637076,4.20653,Plein jour,En agglomération,Intersection en X,Pluie légère,Sans collision,3,2,2,0,1,1,2,0,1,50,2,2,1,0,1,0,,21.0,autre,deux_roues,1,2,2,2,7
202300037601,2023-06-22 08:45:00,2023,6,22,8,45,42,42020,Route de la Gare,45.637076,4.20653,Plein jour,En agglomération,Intersection en X,Pluie légère,Sans collision,3,2,2,-1,1,1,2,0,1,-1,2,2,1,0,1,0,,21.0,autre,deux_roues,1,2,2,2,7
202300037602,2023-05-18 16:50:00,2023,5,18,16,50,51,51242,D933,48.95053,4.2984,Plein jour,Hors agglomération,Hors intersection,Normale,Sans collision,3,2,2,0,1,3,1,0,3,90,1,1,0,1,0,0,74.0,,voiture,,1,1,1,1,7
202300037603,2023-06-22 16:20:00,2023,6,22,16,20,42,42313,Route des Coteaux,45.732284,3.994453,Plein jour,Hors agglomération,Intersection en X,Pluie légère,Deux véhicules - côté,4,2,2,0,2,1,2,0,1,80,2,2,1,0,1,0,56.0,21.0,voiture,deux_roues,1,1,2,2,3
202300037603,2023-06-22 16:20:00,2023,6,22,16,20,42,42313,Route des Coteaux,45.732284,3.994453,Plein jour,Hors agglomération,Intersection en X,Pluie légère,Deux véhicules - côté,4,2,2,0,1,1,2,0,1,80,2,2,1,0,1,0,56.0,21.0,voiture,deux_roues,1,1,2,2,3
202300037604,2023-11-07 18:05:00,2023,11,7,18,5,38,38053,SCOTTO (VINCENT),45.6044,5.26663,Crépuscule ou aube,En agglomération,Intersection en X,Normale,Autre collision,4,2,2,0,1,1,1,0,8,50,1,2,1,0,1,0,84.0,,voiture,,2,2,2,1,6
202300037604,2023-11-07 18:05:00,2023,11,7,18,5,38,38053,SCOTTO (VINCENT),45.6044,5.26663,Crépuscule ou aube,En agglomération,Intersection en X,Normale,Autre collision,4,2,2,1,1,1,1,0,1,50,1,2,1,0,1,0,84.0,,voiture,,2,2,2,1,6
202300037605,2023-05-18 11:58:00,2023,5,18,11,58,50,50218,MATIGNON (AV DES),48.83779,-1.56327,Plein jour,En agglomération,Hors intersection,Normale,Deux véhicules - côté,3,2,2,2,1,1,1,0,1,50,2,3,1,0,0,2,35.0,73.0,voiture,deux_roues,1,2,1,1,3
202300037606,2023-06-19 17:17:00,2023,6,19,17,17,34,34197,RD128,43.560934,3.410423,Plein jour,Hors agglomération,Intersection en T,Normale,Deux véhicules - côté,3,2,2,0,1,1,1,5,1,80,2,2,1,0,1,0,80.0,46.0,voiture,deux_roues,1,1,3,1,3
202300037606,2023-06-19 17:17:00,2023,6,19,17,17,34,34197,RD128,43.560934,3.410423,Plein jour,Hors agglomération,Intersection en T,Normale,Deux véhicules - côté,3,2,2,0,1,1,1,5,1,80,2,2,1,0,1,0,80.0,46.0,voiture,deux_roues,1,1,3,1,3
202300037607,2023-06-22 18:40:00,2023,6,22,18,40,34,34074,RD14,43.437741,3.074182,Plein jour,Hors agglomération,Intersection en T,Normale,Deux véhicules - frontale,3,2,2,0,4,1,1,0,1,80,2,2,1,0,1,0,74.0,38.0,voiture,deux_roues,1,1,3,1,1
202300037607,2023-06-22 18:40:00,2023,6,22,18,40,34,34074,RD14,43.437741,3.074182,Plein jour,Hors agglomération,Intersection en T,Normale,Deux véhicules - frontale,3,2, -1,-1,3,3,1,0,5,-1,2,2,1,0,1,0,74.0,38.0,voiture,deux_roues,1,1,3,1,1
202300037608,2023-05-18 19:50:00,2023,5,18,19,50,49,49099,ATLANTIQUE (AVENUE DE L'),47.03539,-0.90647,Plein jour,Hors agglomération,Hors intersection,Normale,Deux véhicules - côté,3,3,0,0,1,1,1,0,1,90,2,3,2,0,1,0,73.0,28.0,voiture,deux_roues,1,1,1,1,3
202300037609,2023-11-07 08:40:00,2023,11,7,8,40,35,35238,CHATEAUGIRON (DE),48.10173,-1.65612,Plein jour,En agglomération,Intersection en X,Normale,Deux véhicules - côté,4,2,2,3,1,1,1,0,1,30,2,2,1,0,0,1,33.0,39.0,voiture,deux_roues,1,2,2,1,3
202300037609,2023-11-07 08:40:00,2023,11,7,8,40,35,35238,CHATEAUGIRON (DE),48.10173,-1.65612,Plein jour,En agglomération,Intersection en X,Normale,Deux véhicules - côté,4,2,2,0,1,1,1,0,1,30,2,2,1,0,0,1,33.0,39.0,voiture,deux_roues,1,2,2,1,3
202300037610,2023-06-22 17:50:00,2023,6,22,17,50,25,25228,Place du 8 Mai,47.504559,6.856397,Plein jour,En agglomération,Hors intersection,Normale,Autre collision,6,-1, -1,0,2,3,1,0,8,50,1,2,1,0,0,1,47.0,,voiture,,1,2,1,1,6
202300037611,2023-05-17 16:25:00,2023,5,17,16,25,45,45234,18 Boulevard Alexandre Martin,47.905269,1.912042,Plein jour,En agglomération,Hors intersection,Normale,Autre collision,4,2,6,0,1,1,1,0,1,50,1,2,1,0,0,1,36.0,,voiture,,1,2,1,1,6
202300037612,2023-05-17 17:00:00,2023,5,17,17,0,43,43041,129 Avenue Charles Dupuy,45.05062,3.91307,Plein jour,En agglomération,Hors intersection,Normale,Deux véhicules - arrière,3,2,2,0,1,1,1,0,1,50,2,2,1,0,0,1,81.0,15.0,voiture,deux_roues,1,2,1,1,2
202300037613,2023-11-07 22:15:00,2023,11,7,22,15,34,34172,MILHAUD (BOULEVARD BENJAMIN),43.61144,3.85893,Nuit avec éclairage allumé,En agglomération,Hors intersection,Normale,Deux véhicules - frontale,4,2,3,1,2,1,1,0,1,50,2,3,2,0,1,0,23.0,31.0,voiture,deux_roues,5,2,1,1,1
202300037614,2023-06-22 12:30:00,2023,6,22,12,30,44,44211,Boulevard de Lauvergnac,47.35971598,-2.50408554,Plein jour,Hors agglomération,Hors intersection,Normale,Deux véhicules - frontale,3,2,2,0,1,1,1,0,1,70,2,4,2,0,1,1,43.0,20.0,voiture,utilitaire_camion,1,1,1,1,1
202300037615,2023-05-28 14:45:00,2023,5,28,14,45,29,29259,D769,48.691244,-3.989089,Plein jour,En agglomération,Intersection en T,Normale,Deux véhicules - côté,4,2,2,1,1,1,1,0,1,30,2,2,1,0,1,0,55.0,42.0,deux_roues,voiture,1,2,3,1,3
202300037615,2023-05-28 14:45:00,2023,5,28,14,45,29,29259,D769,48.691244,-3.989089,Plein jour,En agglomération,Intersection en T,Normale,Deux véhicules - côté,4,2, -1,-1,1,1,1,5,1,-1,2,2,1,0,1,0,55.0,42.0,deux_roues,voiture,1,2,3,1,3
202300037616,2023-05-17 12:15:00,2023,5,17,12,15,43,43041,8 Cote de Tireboeuf,45.04973,3.90905,Plein jour,En agglomération,Hors intersection,Normale,Trois véhicules et plus - collisions multiples,3,2,3,0,2,1,1,0,1,50,3,3,1,0,0,2,25.0,16.0,deux_roues,deux_roues,1,2,1,1,5
202300037617,2023-11-07 14:10:00,2023,11,7,14,10,34,34172,ZENITH (ROND POINT DU),43.607959,3.929875,Plein jour,En agglomération,Giratoire,Normale,Deux véhicules - arrière,3,1, -1,0,1,1,1,0,1,50,2,3,2,0,0,1,60.0,56.0,voiture,voiture,1,2,6,1,2