accident_id,datetime,annee,mois,jour,heure,minute,departement,commune_insee,adresse,latitude,longitude,luminosite,agglomeration,intersection,meteo,collision,catr,circ,nbv,vosp,prof,plan,surf,infra,situ,vma,nb_vehicules,nb_usagers,nb_indemnes,nb_tues,nb_blesses_hosp,nb_blesses_legers,age_cond_1,age_cond_2,veh_type_cond_1,veh_type_cond_2,lum_code,agg_code,int_code,atm_code,col_code
202300037617,2023-11-07 14:10:00,2023,11,7,14,10,34,34172,ZENITH (ROND POINT DU),43.607959,3.929875,Plein jour,En agglomération,Giratoire,Normale,Deux véhicules - arrière,3,1,2,0,1,3,1,0,1,50,2,3,2,0,0,1,60.0,56.0,voiture,voiture,1,2,6,1,2
202300037618,2023-06-23 17:40:00,2023,6,23,17,40,29,29284,Rue du Capitaine le Drezen,47.798222,-4.266976,Plein jour,En agglomération,Hors intersection,Normale,Autre collision,4,2,2,0,1,3,1,0,4,50,1,1,0,0,0,1,30.0,,deux_roues,,1,2,1,1,6
202300037619,2023-05-18 12:20:00,2023,5,18,12,20,42,42275,Avenue Albert Raimond,45.47949,4.3601,Plein jour,En agglomération,Intersection en T,Pluie forte,Deux véhicules - frontale,4,2,2,0,1,1,2,0,1,50,2,2,1,0,0,1,31.0,59.0,voiture,voiture,1,2,3,3,1
202300037619,2023-05-18 12:20:00,2023,5,18,12,20,42,42275,Avenue Albert Raimond,45.47949,4.3601,Plein jour,En agglomération,Intersection en T,Pluie forte,Deux véhicules - frontale,4,2,2,0,1,1,2,5,1,50,2,2,1,0,0,1,31.0,59.0,voiture,voiture,1,2,3,3,1
202300037620,2023-06-22 18:45:00,2023,6,22,18,45,29,29174,Rue de Canapé,47.869884,-4.235895,Plein jour,En agglomération,Giratoire,Normale,Deux véhicules - frontale,4,2,2,0,1,1,1,0,1,50,2,2,1,0,1,0,16.0,34.0,deux_roues,voiture,1,2,6,1,1
202300037621,2023-11-07 08:15:00,2023,11,7,8,15,34,34129,PLATANES (AVENUES DES),43.5867,3.91719,Plein jour,En agglomération,Hors intersection,Normale,Deux véhicules - frontale,4,1,1,1,1,1,1,0,5,25,2,2,1,0,0,1,52.0,59.0,deux_roues,deux_roues,1,2,1,1,1
202300037622,2023-05-18 04:18:00,2023,5,18,4,18,35,35238,PATTON (AVENUE DU GENERAL SIR GEORGES),48.13671,-1.65887,Nuit avec éclairage allumé,En agglomération,Hors intersection,Normale,Autre collision,4,2,2,2,1,1,1,0,1,50,1,1,0,0,0,1,53.0,,voiture,,5,2,1,1,6
202300037623,2023-06-22 08:15:00,2023,6,22,8,15,03,03118,29 Rue Jules Bertin,46.087751,3.197541,Plein jour,En agglomération,Hors intersection,Temps couvert,Deux véhicules - côté,4,2,2,0,1,1,1,0,1,50,2,2,1,0,1,0,16.0,42.0,deux_roues,voiture,1,2,1,8,3
202300037624,2023-11-07 06:50:00,2023,11,7,6,50,34,34172,LODEVE (ROUTE DE),43.6153,3.82158,Crépuscule ou aube,En agglomération,Hors intersection,Normale,Deux véhicules - frontale,4,2,3,3,2,1,1,4,6,50,2,2,1,0,1,0,51.0,34.0,transport_commun,deux_roues,2,2,1,1,1
202300037625,2023-05-18 18:45:00,2023,5,18,18,45,33,33200,Rue Colbert,44.87842,-0.67834,Plein jour,En agglomération,Intersection en Y,Normale,Deux véhicules - frontale,4,2,2,0,1,3,1,0,1,50,2,3,1,0,0,2,57.0,33.0,voiture,deux_roues,1,2,4,1,1
202300037625,2023-05-18 18:45:00,2023,5,18,18,45,33,33200,Rue Colbert,44.87842,-0.67834,Plein jour,En agglomération,Intersection en Y,Normale,Deux véhicules - frontale,4,2,2,0,1,3,1,0,1,50,2,3,1,0,0,2,57.0,33.0,voiture,deux_roues,1,2,4,1,1
202300037626,2023-06-23 18:10:00,2023,6,23,18,10,70,70240,95 Rue Marquiset,47.862564,6.329702,Plein jour,En agglomération,Hors intersection,Normale,Deux véhicules - arrière,3,2,2,0,1,1,1,0,1,50,2,2,1,0,0,1,33.0,18.0,voiture,deux_roues,1,2,1,1,2
202300037627,2023-11-07 18:30:00,2023,11,7,18,30,33,33522,Rue du Général Bordas,44.8008726,-0.58676273,Nuit avec éclairage allumé,En agglomération,Intersection en X,Pluie légère,Deux véhicules - côté,4,1,1,0,1,1,2,0,1,50,2,2,1,0,0,1,25.0,45.0,deux_roues,voiture,5,2,2,2,3
202300037627,2023-11-07 18:30:00,2023,11,7,18,30,33,33522,Rue du Général Bordas,44.8008726,-0.58676273,Nuit avec éclairage allumé,En agglomération,Intersection en X,Pluie légère,Deux véhicules - côté,4,2,2,0,1,1,2,0,1,50,2,2,1,0,0,1,25.0,45.0,deux_roues,voiture,5,2,2,2,3
202300037628,2023-05-17 13:10:00,2023,5,17,13,10,31,31483,REPUBLIQUE (RUE DE LA),43.1078,0.7224,Plein jour,En agglomération,Intersection en T,Normale,Deux véhicules - côté,4,1,1,0,1,1,1,0,1,50,2,3,1,0,0,2,20.0,51.0,voiture,voiture,1,2,3,1,3
202300037628,2023-05-17 13:10:00,2023,5,17,13,10,31,31483,REPUBLIQUE (RUE DE LA),43.1078,0.7224,Plein jour,En agglomération,Intersection en T,Normale,Deux véhicules - côté,4,1,1,0,1,1,2,0,1,50,2,3,1,0,0,2,20.0,51.0,voiture,voiture,1,2,3,1,3
202300037629,2023-06-23 15:50:00,2023,6,23,15,50,58,58177,D944,47.153668,3.86604,Plein jour,Hors agglomération,Intersection en T,Normale,Deux véhicules - côté,3,2,2,0,1,1,1,0,1,80,2,2,1,0,0,1,19.0,81.0,voiture,voiture,1,1,3,1,3
202300037629,2023-06-23 15:50:00,2023,6,23,15,50,58,58177,D944,47.153668,3.86604,Plein jour,Hors agglomération,Intersection en T,Normale,Deux véhicules - côté,3,2,2,0,2,1,1,0,1,80,2,2,1,0,0,1,19.0,81.0,voiture,voiture,1,1,3,1,3
202300037630,2023-11-07 16:30:00,2023,11,7,16,30,33,33192,RUE DES FONTAINES DE MONJOUS,44.77682,-0.60584,Plein jour,En agglomération,Hors intersection,Temps couvert,Autre collision,4,2,2,1,1,1,1,0,1,30,1,2,1,0,0,1,,,voiture,,1,2,1,8,6
202300037631,2023-05-18 17:05:00,2023,5,18,17,5,29,29232,Rue de Douarnenez,47.97964,-4.10868,Plein jour,En agglomération,Hors intersection,Normale,Autre collision,4,2,2,3,4,1,1,9,1,50,1,2,0,0,0,2,45.0,,deux_roues,,1,2,1,1,6
202300037632,2023-06-01 08:20:00,2023,6,1,8,20,58,58095,Boulevard Voltaire,46.828269,3.458784,Plein jour,En agglomération,Hors intersection,Normale,Autre collision,3,3,2,0,1,3,1,0,4,50,1,1,0,0,0,1,60.0,,deux_roues,,1,2,1,1,6
202300037633,2023-11-06 15:50:00,2023,11,6,15,50,33,33119,Avenue Jean Jaurès,44.8556698,-0.53493708,Plein jour,En agglomération,Hors intersection,Pluie légère,Autre collision,4,2,4,3,1,1,2,0,1,30,1,2,1,0,0,1,39.0,,voiture,,1,2,1,2,6
202300037634,2023-06-13 15:11:00,2023,6,13,15,11,54,54102,D118a,48.71497082,5.87555051,Plein jour,Hors agglomération,Intersection en T,Temps éblouissant,Sans collision,3,2,2,0,1,3,9,0,8,80,1,1,0,0,1,0,52.0,,deux_roues,,1,1,3,7,7
202300037634,2023-06-13 15:11:00,2023,6,13,15,11,54,54102,D118a,48.71497082,5.87555051,Plein jour,Hors agglomération,Intersection en T,Temps éblouissant,Sans collision,3,2, -1,-1,1,1,1,0,1,80,1,1,0,0,1,0,52.0,,deux_roues,,1,1,3,7,7
202300037635,2023-05-17 11:10:00,2023,5,17,11,10,17,17415,DICONCHE,45.723983,-0.639341,Plein jour,En agglomération,Giratoire,Temps éblouissant,Deux véhicules - arrière,3,1,1,0,1,3,1,0,3,50,2,2,1,0,0,1,39.0,66.0,utilitaire_camion,voiture,1,2,6,7,2
202300037636,2023-06-23 19:45:00,2023,6,23,19,45,50,50074,le buisson,48.721023,-1.180558,Plein jour,Hors agglomération,Hors intersection,Normale,Deux véhicules - frontale,4,2,2,0,2,4,1,0,1,80,2,2,1,0,1,0,17.0,22.0,deux_roues,voiture,1,1,1,1,1
202300037637,2023-08-19 20:10:00,2023,8,19,20,10,33,33249,Rue Joachim du Bellay,44.8735,-0.51496,Plein jour,En agglomération,Intersection en X,Normale,Deux véhicules - côté,4,2, -1,-1,1,1,1,0,1,30,2,2,1,0,0,1,43.0,,deux_roues,voiture,1,2,2,1,3
202300037637,2023-08-19 20:10:00,2023,8,19,20,10,33,33249,Rue Joachim du Bellay,44.8735,-0.51496,Plein jour,En agglomération,Intersection en X,Normale,Deux véhicules - côté,4,2,2,0,1,1,1,0,1,30,2,2,1,0,0,1,43.0,,deux_roues,voiture,1,2,2,1,3
202300037638,2023-06-23 17:05:00,2023,6,23,17,5,64,64106,399 Route de Mauléon,43.327468,-1.018134,Plein jour,En agglomération,Hors intersection,Normale,Deux véhicules - côté,3,2,2,0,2,1,1,0,1,50,2,2,1,0,1,0,36.0,14.0,utilitaire_camion,deux_roues,1,2,1,1,3
202300037639,2023-05-17 18:05:00,2023,5,17,18,5,17,17306,PONTAILLAC (DE) (AVENUE),45.62172,-1.03873,Plein jour,En agglomération,Intersection en X,Normale,Deux véhicules - frontale,4,2,2,-1,1,1,1,5,1,30,2,4,2,0,0,2,19.0,85.0,voiture,voiture,1,2,2,1,1
202300037639,2023-05-17 18:05:00,2023,5,17,18,5,17,17306,PONTAILLAC (DE) (AVENUE),45.62172,-1.03873,Plein jour,En agglomération,Intersection en X,Normale,Deux véhicules - frontale,4,2,3,0,1,1,1,5,1,30,2,4,2,0,0,2,19.0,85.0,voiture,voiture,1,2,2,1,1
202300037640,2023-05-17 11:37:00,2023,5,17,11,37,15,15014,RD 120,44.91608,2.42926,Plein jour,En agglomération,Hors intersection,Normale,Autre collision,3,1,2,0,2,3,1,0,8,50,1,1,0,0,1,0,59.0,,voiture,,1,2,1,1,6
202300037641,2023-06-23 06:30:00,2023,6,23,6,30,16,16286,D382,45.772148,-0.090594,Crépuscule ou aube,Hors agglomération,Intersection en X,Brouillard / fumée,Deux véhicules - côté,3,2,2,0,1,1,1,0,1,80,2,2,1,0,1,0,37.0,17.0,voiture,deux_roues,2,1,2,5,3
202300037641,2023-06-23 06:30:00,2023,6,23,6,30,16,16286,D382,45.772148,-0.090594,Crépuscule ou aube,Hors agglomération,Intersection en X,Brouillard / fumée,Deux véhicules - côté,3,2,2,0,1,1,1,0,1,80,2,2,1,0,1,0,37.0,17.0,voiture,deux_roues,2,1,2,5,3
202300037642,2023-11-07 19:15:00,2023,11,7,19,15,29,29232,Boulevard Louis le Guennec,47.98306669,-4.11074257,Nuit avec éclairage allumé,En agglomération,Autre intersection,Normale,Trois véhicules et plus - collisions multiples,3,1,3,0,1,1,1,0,1,50,3,3,2,0,0,1,57.0,67.0,voiture,voiture,5,2,9,1,5
202300037643,2023-11-06 14:20:00,2023,11,6,14,20,29,29232,Rond-Point de Ludugris,47.97952351,-4.12191647,Plein jour,En agglomération,Autre intersection,Normale,Sans collision,3,-1,2,0,1,2,2,0,1,50,1,1,0,0,0,1,62.0,,voiture,,1,2,9,1,7
202300037644,2023-05-17 08:45:00,2023,5,17,8,45,15,15014,JAURES (BOULEVARD JEAN),44.932889,2.449589,Plein jour,En agglomération,Hors intersection,Normale,Deux véhicules - arrière,4,1,1,0,1,1,1,0,1,50,2,2,0,0,0,2,53.0,26.0,voiture,voiture,1,2,1,1,2
202300037645,2023-11-07 10:45:00,2023,11,7,10,45,29,29051,Avenue du Rouillen,47.99510944,-4.06315135,Plein jour,En agglomération,Hors intersection,Normale,Deux véhicules - frontale,3,2,1,0,2,1,1,0,1,50,2,2,1,0,0,1,76.0,20.0,voiture,deux_roues,1,2,1,1,1
202300037646,2023-06-06 17:05:00,2023,6,6,17,5,24,24547,D6089,45.128009,1.333015,Plein jour,Hors agglomération,Hors intersection,Normale,Trois véhicules et plus - en chaîne,3,2,2,0,1,1,1,0,1,90,3,6,5,0,0,1,43.0,52.0,voiture,voiture,1,1,1,1,4
202300037647,2023-05-17 14:30:00,2023,5,17,14,30,15,15014,GARRIC (AVENUE DU),44.900172,2.431249,Plein jour,En agglomération,Giratoire,Normale,Deux véhicules - côté,4,1,1,0,1,2,1,0,1,50,2,2,1,0,0,1,54.0,74.0,voiture,deux_roues,1,2,6,1,3
202300037647,2023-05-17 14:30:00,2023,5,17,14,30,15,15014,GARRIC (AVENUE DU),44.900172,2.431249,Plein jour,En agglomération,Giratoire,Normale,Deux véhicules - côté,4,1,1,0,2,2,1,0,1,50,2,2,1,0,0,1,54.0,74.0,voiture,deux_roues,1,2,6,1,3
202300037648,2023-11-07 17:35:00,2023,11,7,17,35,28,28404,RD 828A,48.718275,1.349877,Nuit avec éclairage allumé,Hors agglomération,Hors intersection,Normale,Deux véhicules - côté,3,2,4,0,1,1,1,0,1,50,2,2,1,0,0,1,66.0,38.0,voiture,deux_roues,5,1,1,1,3
202300037649,2023-05-18 11:05:00,2023,5,18,11,5,14,14536,D580,49.412461,0.28277,Plein jour,Hors agglomération,Hors intersection,Normale,Autre collision,3,2,2,0,1,1,1,0,3,50,1,2,0,0,0,2,22.0,,voiture,,1,1,1,1,6
202300037650,2023-11-07 12:45:00,2023,11,7,12,45,28,28134,FENOTS (AVENUE DES),48.74132354,1.34114742,Plein jour,En agglomération,Autre intersection,Normale,Autre collision,4,2,2,0,1,1,1,6,8,50,1,2,1,0,0,1,83.0,,voiture,,1,2,9,1,6
202300037651,2023-06-23 08:00:00,2023,6,23,8,0,27,27290,D24,49.130018,0.792303,Plein jour,Hors agglomération,Intersection en X,Normale,Deux véhicules - côté,3,2,2,0,1,1,1,0,1,80,2,2,1,1,0,0,72.0,42.0,deux_roues,utilitaire_camion,1,1,2,1,3
202300037651,2023-06-23 08:00:00,2023,6,23,8,0,27,27290,D24,49.130018,0.792303,Plein jour,Hors agglomération,Intersection en X,Normale,Deux véhicules - côté,3,2,2,0,1,1,1,0,1,80,2,2,1,1,0,0,72.0,42.0,deux_roues,utilitaire_camion,1,1,2,1,3
202300037652,2023-05-18 21:10:00,2023,5,18,21,10,13,13215,LYON (RUE DE),43.33306365,5.36423973,Nuit avec éclairage allumé,En agglomération,Hors intersection,Pluie légère,Deux véhicules - arrière,4,2,0,0,1,1,2,0,1,50,3,6,5,0,0,1,28.0,27.0,voiture,voiture,5,2,1,2,2
202300037653,2023-05-18 13:22:00,2023,5,18,13,22,13,13206,PARADIS (RUE),43.2899,5.37839,Plein jour,En agglomération,Hors intersection,Pluie légère,Deux véhicules - arrière,4,1,2,0,1,1,2,6,1,50,1,2,1,0,0,1,48.0,,voiture,,1,2,1,2,2
202300037654,2023-11-07 11:30:00,2023,11,7,11,30,25,25056,GRAY ROUTE DE,47.2474,5.97911,Plein jour,Hors agglomération,Hors intersection,Normale,Deux véhicules - côté,3,-1,2,0,2,4,2,0,1,50,2,2,1,0,0,1,22.0,78.0,voiture,voiture,1,1,1,1,3
202300037655,2023-11-05 14:30:00,2023,11,5,14,30,22,22278,MONGE,48.49947,-2.74288,Plein jour,En agglomération,Hors intersection,Pluie légère,Autre collision,3,2,0,0,1,1,2,2,3,50,1,2,1,0,1,0,24.0,,voiture,,1,2,1,2,6
202300037656,2023-05-18 19:40:00,2023,5,18,19,40,08,08480,,49.73516,4.75541,Plein jour,En agglomération,Autre intersection,Normale,Sans collision,6,-1, -1,0,1,1,1,9,8,20,1,1,0,0,1,0,28.0,,deux_roues,,1,2,9,1,7
202300037657,2023-02-27 00:35:00,2023,2,27,0,35,94,94074,N406,48.76529187,2.45926654,Nuit sans éclairage public,Hors agglomération,Hors intersection,Normale,Deux véhicules - arrière,2,3,2,0,1,1,1,0,1,90,2,2,0,0,0,2,65.0,43.0,voiture,utilitaire_camion,3,1,1,1,2
202300037658,2023-05-17 16:11:00,2023,5,17,16,11,06,06027,PASTEUR RUE,43.657534,7.145235,Plein jour,En agglomération,Hors intersection,Normale,Deux véhicules - arrière,4,1,1,0,1,1,1,9,1,30,2,2,1,0,0,1,19.0,34.0,deux_roues,utilitaire_camion,1,2,1,1,2
202300037659,2023-11-05 03:10:00,2023,11,5,3,10,22,22278,WALDECK-ROUSSEAU (BD ET PT),48.51095,-2.75582,Nuit sans éclairage public,En agglomération,Hors intersection,Pluie légère,Deux véhicules - frontale,4,3,2,0,1,1,2,0,1,50,2,3,2,0,0,1,61.0,29.0,voiture,voiture,3,2,1,2,1
202300037660,2023-02-25 22:20:00,2023,2,25,22,20,54,54578,AIGUILLETTES  (BD 5A A 17A),48.67456392,6.15118504,Nuit avec éclairage allumé,En agglomération,Intersection en X,Normale,Autre collision,4,2,4,0,1,1,1,0,1,50,1,2,1,0,0,1,59.0,,voiture,,5,2,2,1,6
202300037660,2023-02-25 22:20:00,2023,2,25,22,20,54,54578,AIGUILLETTES  (BD 5A A 17A),48.67456392,6.15118504,Nuit avec éclairage allumé,En agglomération,Intersection en X,Normale,Autre collision,4,2,3,0,1,1,1,0,1,50,1,2,1,0,0,1,59.0,,voiture,,5,2,2,1,6
202300037661,2023-05-18 12:55:00,2023,5,18,12,55,04,04070,ONZE NOVEMBRE 1918 (RD PT DU),44.09119,6.23114,Plein jour,En agglomération,Intersection en X,Pluie légère,Deux véhicules - arrière,4,1,2,0,1,2,2,0,1,50,2,2,1,0,0,1,57.0,49.0,voiture,deux_roues,1,2,2,2,2
202300037661,2023-05-18 12:55:00,2023,5,18,12,55,04,04070,ONZE NOVEMBRE 1918 (RD PT DU),44.09119,6.23114,Plein jour,En agglomération,Intersection en X,Pluie légère,Deux véhicules - arrière,4,1,2,0,1,1,2,5,8,50,2,2,1,0,0,1,57.0,49.0,voiture,deux_roues,1,2,2,2,2
202300037662,2023-11-06 08:34:00,2023,11,6,8,34,19,19272,Brive (Route),45.25275,1.75443,Plein jour,Hors agglomération,Intersection en T,Pluie forte,Deux véhicules - côté,3,1,1,0,1,2,2,0,1,60,2,3,0,0,2,1,65.0,20.0,utilitaire_camion,voiture,1,1,3,3,3
202300037662,2023-11-06 08:34:00,2023,11,6,8,34,19,19272,Brive (Route),45.25275,1.75443,Plein jour,Hors agglomération,Intersection en T,Pluie forte,Deux véhicules - côté,3,2,2,0,1,2,2,0,1,70,2,3,0,0,2,1,65.0,20.0,utilitaire_camion,voiture,1,1,3,3,3
202300037663,2023-02-25 04:25:00,2023,2,25,4,25,13,13208,PRADO (AVENUE DU),43.27057129,5.38794144,Nuit avec éclairage allumé,En agglomération,Hors intersection,Normale,Deux véhicules - côté,4,2,6,0,1,1,1,0,1,50,2,6,2,0,1,3,22.0,25.0,voiture,voiture,5,2,1,1,3
202300037664,2023-11-03 18:25:00,2023,11,3,18,25,19,19031,Avenue Jacques Et Bernadette Chirac,45.1665481,1.54463321,Crépuscule ou aube,En agglomération,Hors intersection,Pluie légère,Autre collision,4,2,2,0,1,1,2,0,1,50,1,2,1,0,1,0,65.0,,voiture,,2,2,1,2,6
202300037665,2023-04-28 11:00:00,2023,4,28,11,0,02,02408,,49.575773,3.634891,Plein jour,En agglomération,Intersection en X,Normale,Deux véhicules - côté,4,2, -1,-1,1,1,1,0,1,-1,2,2,1,0,0,1,59.0,22.0,utilitaire_camion,deux_roues,1,2,2,1,3
202300037665,2023-04-28 11:00:00,2023,4,28,11,0,02,02408,,49.575773,3.634891,Plein jour,En agglomération,Intersection en X,Normale,Deux véhicules - côté,4,2,1,-1,1,1,1,0,1,-1,2,2,1,0,0,1,59.0,22.0,utilitaire_camion,deux_roues,1,2,2,1,3
202300037666,2023-02-26 19:00:00,2023,2,26,19,0,974,97407,ROND POINT TAMATAVE,-20.930483,55.308101,Nuit avec éclairage allumé,Hors agglomération,Hors intersection,Normale,Deux véhicules - frontale,9,2,0,0,1,1,1,0,1,50,2,2,1,0,0,1,54.0,53.0,deux_roues,voiture,5,1,1,1,1
202300037667,2023-05-17 00:05:00,2023,5,17,0,5,75,75120,ECHANGEUR BAGNOLET,48.86260913,2.41406322,Nuit avec éclairage non allumé,En agglomération,Hors intersection,Autre,Deux véhicules - arrière,4,1,2,0,3,3,1,0,1,50,2,2,1,0,1,0,56.0,38.0,voiture,voiture,4,2,1,9,2
202300037668,2023-11-03 17:35:00,2023,11,3,17,35,19,19031,SEMARD (AVENUE PIERRE) JUSQU'A N° 73 - 6,45.15721,1.5231,Crépuscule ou aube,En agglomération,Hors intersection,Normale,Autre collision,4,2,2,0,1,1,2,0,1,50,1,2,1,0,0,1,18.0,,voiture,,2,2,1,1,6
202300037669,2023-02-26 20:10:00,2023,2,26,20,10,974,97407,VOIE DE LIAISON PORTUAIRE EST/ OUEST,-20.92998,55.30305,Nuit sans éclairage public,En agglomération,Hors intersection,Normale,Autre collision,4,2,0,0,1,1,2,0,3,50,1,2,1,0,0,1,25.0,,voiture,,3,2,1,1,6
202300037670,2023-11-06 12:15:00,2023,11,6,12,15,15,15014,RD 117,44.9233,2.47058,Plein jour,Hors agglomération,Hors intersection,Pluie légère,Sans collision,3,2,2,0,1,2,2,0,1,90,1,1,0,0,0,1,17.0,,deux_roues,,1,1,1,2,7
202300037671,2023-05-17 15:16:00,2023,5,17,15,16,75,75108,VOIE GEORGES POMPIDOU,48.864856,2.318313,Plein jour,En agglomération,Intersection en Y,Normale,Deux véhicules - côté,4,1,0,0,1,1,1,0,1,30,2,2,1,0,1,0,25.0,31.0,deux_roues,voiture,1,2,4,1,3
202300037671,2023-05-17 15:16:00,2023,5,17,15,16,75,75108,VOIE GEORGES POMPIDOU,48.864856,2.318313,Plein jour,En agglomération,Intersection en Y,Normale,Deux véhicules - côté,4,1,2,0,1,2,1,0,1,30,2,2,1,0,1,0,25.0,31.0,deux_roues,voiture,1,2,4,1,3
202300037672,2023-02-26 02:50:00,2023,2,26,2,50,973,97302,FELIX EBOUE(ROCADE),4.9296,-52.3151,Nuit avec éclairage allumé,En agglomération,Intersection en X,Pluie forte,Deux véhicules - frontale,3,2,2,0,1,1,2,9,1,50,2,4,2,0,1,1,26.0,33.0,voiture,utilitaire_camion,5,2,2,3,1
202300037672,2023-02-26 02:50:00,2023,2,26,2,50,973,97302,FELIX EBOUE(ROCADE),4.9296,-52.3151,Nuit avec éclairage allumé,En agglomération,Intersection en X,Pluie forte,Deux véhicules - frontale,3,2,2,0,2,3,2,9,1,50,2,4,2,0,1,1,26.0,33.0,voiture,utilitaire_camion,5,2,2,3,1
202300037673,2023-05-18 13:50:00,2023,5,18,13,50,75,75117,PLACE GENERAL CATROUX,48.88245,2.311846,Plein jour,En agglomération,Intersection en T,Normale,Autre collision,4,1, -1,0,1,1,1,0,1,30,1,2,0,0,0,2,21.0,,voiture,,1,2,3,1,6
202300037673,2023-05-18 13:50:00,2023,5,18,13,50,75,75117,PLACE GENERAL CATROUX,48.88245,2.311846,Plein jour,En agglomération,Intersection en T,Normale,Autre collision,4,2,2,0,1,1,1,0,1,30,1,2,0,0,0,2,21.0,,voiture,,1,2,3,1,6
202300037674,2023-11-07 16:30:00,2023,11,7,16,30,13,13054,HENRI BARRELET (RUE ),43.41667498,5.20975484,Plein jour,En agglomération,Intersection en X,Normale,Deux véhicules - côté,4,2,2,0,1,1,1,5,1,50,2,2,1,0,0,1,30.0,23.0,voiture,voiture,1,2,2,1,3
202300037674,2023-11-07 16:30:00,2023,11,7,16,30,13,13054,HENRI BARRELET (RUE ),43.41667498,5.20975484,Plein jour,En agglomération,Intersection en X,Normale,Deux véhicules - côté,4,2,2,0,1,1,1,5,1,50,2,2,1,0,0,1,30.0,23.0,voiture,voiture,1,2,2,1,3
202300037674,2023-11-07 16:30:00,2023,11,7,16,30,13,13054,HENRI BARRELET (RUE ),43.41667498,5.20975484,Plein jour,En agglomération,Intersection en X,Normale,Deux véhicules - côté,4,2,2,0,1,1,1,5,1,50,2,2,1,0,0,1,30.0,23.0,voiture,voiture,1,2,2,1,3
202300037675,2023-05-18 16:00:00,2023,5,18,16,0,75,75116,QUAI LOUIS BLERIOT,48.841377,2.268888,Crépuscule ou aube,En agglomération,Hors intersection,Normale,Autre collision,4,1,1,0,1,1,1,0,1,50,1,1,0,0,0,1,80.0,,voiture,,2,2,1,1,6
202300037676,2023-02-26 19:55:00,2023,2,26,19,55,69,69383,Rue Ferdinand Buisson,45.74932,4.88845,Nuit avec éclairage allumé,En agglomération,Intersection en T,Vent fort / tempête,Deux véhicules - frontale,4,1,1,2,1,1,1,0,5,50,2,2,1,0,0,1,20.0,40.0,voiture,deux_roues,5,2,3,6,1
202300037676,2023-02-26 19:55:00,2023,2,26,19,55,69,69383,Rue Ferdinand Buisson,45.74932,4.88845,Nuit avec éclairage allumé,En agglomération,Intersection en T,Vent fort / tempête,Deux véhicules - frontale,4,1,1,2,1,1,1,0,5,50,2,2,1,0,0,1,20.0,40.0,voiture,deux_roues,5,2,3,6,1
202300037677,2023-11-07 19:00:00,2023,11,7,19,0,13,13005,LEGION ETRANGERE,43.29342,5.55653,Nuit avec éclairage allumé,En agglomération,Hors intersection,Normale,Autre collision,3,2,0,1,1,1,1,2,1,50,1,2,0,0,0,2,41.0,,voiture,,5,2,1,1,6
202300037678,2023-05-18 17:00:00,2023,5,18,17,0,75,75115,BOULEVARD DE GRENELLE,48.849155,2.298149,Plein jour,En agglomération,Intersection en T,Normale,Autre collision,4,1,0,1,1,1,1,0,1,30,2,2,1,0,0,1,62.0,,deux_roues,utilitaire_camion,1,2,3,1,6
202300037678,2023-05-18 17:00:00,2023,5,18,17,0,75,75115,BOULEVARD DE GRENELLE,48.849155,2.298149,Plein jour,En agglomération,Intersection en T,Normale,Autre collision,4,2,2,0,1,1,1,0,1,30,2,2,1,0,0,1,62.0,,deux_roues,utilitaire_camion,1,2,3,1,6
202300037679,2023-02-06 05:10:00,2023,2,6,5,10,972,97213,MAHAULT,14.6229384,-60.9895674,Nuit avec éclairage non allumé,En agglomération,Giratoire,Normale,Autre collision,2,1,1,0,1,2,1,0,1,50,1,2,1,0,1,0,55.0,,voiture,,4,2,6,1,6
202300037680,2023-05-18 13:50:00,2023,5,18,13,50,75,75113,AVENUE DE LA PORTE DE CHOISY,48.819898,2.365086,Plein jour,En agglomération,Intersection en T,Normale,Sans collision,4,1,1,0,1,1,1,0,6,30,1,1,0,0,1,0,56.0,,deux_roues,,1,2,3,1,7
202300037680,2023-05-18 13:50:00,2023,5,18,13,50,75,75113,AVENUE DE LA PORTE DE CHOISY,48.819898,2.365086,Plein jour,En agglomération,Intersection en T,Normale,Sans collision,4,2, -1,0,1,1,1,0,1,30,1,1,0,0,1,0,56.0,,deux_roues,,1,2,3,1,7
202300037681,2023-10-28 16:55:00,2023,10,28,16,55,12,12145,REC,44.097148,3.071496,Plein jour,En agglomération,Autre intersection,Normale,Autre collision,4,1,1,0,1,1,1,5,1,50,1,2,1,0,1,0,22.0,,voiture,,1,2,9,1,6
202300037682,2023-02-26 07:30:00,2023,2,26,7,30,82,82121,MOLIERES (ROUTE DE),44.05058,1.359,Plein jour,En agglomération,Hors intersection,Normale,Sans collision,3,2,2,0,1,1,1,0,3,70,1,3,0,0,3,0,23.0,,voiture,,1,2,1,1,7
202300037683,2023-11-07 10:45:00,2023,11,7,10,45,11,11069,Avenue du Marechal Foch,43.2172,2.35203,Plein jour,En agglomération,Hors intersection,Normale,Deux véhicules - arrière,4,-1,1,0,1,1,1,9,1,50,2,4,2,0,0,2,34.0,31.0,voiture,voiture,1,2,1,1,2
202300037684,2023-02-26 19:20:00,2023,2,26,19,20,81,81004,LUDE (BD ET ALLEE DU),43.9220614,2.1490455,Nuit avec éclairage allumé,En agglomération,Giratoire,Normale,Autre collision,4,2,2,0,1,2,1,5,1,50,1,3,1,0,0,2,45.0,,voiture,,5,2,6,1,6
202300037684,2023-02-26 19:20:00,2023,2,26,19,20,81,81004,LUDE (BD ET ALLEE DU),43.9220614,2.1490455,Nuit avec éclairage allumé,En agglomération,Giratoire,Normale,Autre collision,4,2,2,0,1,2,1,5,1,50,1,3,1,0,0,2,45.0,,voiture,,5,2,6,1,6