accident_id,datetime,annee,mois,jour,heure,minute,departement,commune_insee,adresse,latitude,longitude,luminosite,agglomeration,intersection,meteo,collision,catr,circ,nbv,vosp,prof,plan,surf,infra,situ,vma,nb_vehicules,nb_usagers,nb_indemnes,nb_tues,nb_blesses_hosp,nb_blesses_legers,age_cond_1,age_cond_2,veh_type_cond_1,veh_type_cond_2,lum_code,agg_code,int_code,atm_code,col_code
202300037752,2023-05-18 12:14:00,2023,5,18,12,14,12,12064,Route de l’Aubrac,44.55699008,2.78305554,Plein jour,Hors agglomération,Hors intersection,Normale,Deux véhicules - frontale,3,2,3,0,2,3,1,0,1,90,2,2,1,0,1,0,78.0,26.0,utilitaire_camion,voiture,1,1,1,1,1
202300037753,2023-11-06 18:24:00,2023,11,6,18,24,75,75116,ALLEE DE LONGCHAMP,48.874934,2.271101,Nuit avec éclairage allumé,En agglomération,Intersection en X,Pluie légère,Deux véhicules - côté,4,2,4,0,1,1,2,0,1,50,2,2,1,0,0,1,37.0,27.0,voiture,deux_roues,5,2,2,2,3
202300037753,2023-11-06 18:24:00,2023,11,6,18,24,75,75116,ALLEE DE LONGCHAMP,48.874934,2.271101,Nuit avec éclairage allumé,En agglomération,Intersection en X,Pluie légère,Deux véhicules - côté,4,2,2,0,1,1,2,0,1,50,2,2,1,0,0,1,37.0,27.0,voiture,deux_roues,5,2,2,2,3
202300037754,2023-02-25 11:20:00,2023,2,25,11,20,95,95277,D970,48.98859,2.45876,Plein jour,En agglomération,Intersection en X,Temps éblouissant,Deux véhicules - arrière,3,2,4,3,2,1,1,0,1,50,2,4,2,0,0,2,20.0,29.0,utilitaire_camion,utilitaire_camion,1,2,2,7,2
202300037754,2023-02-25 11:20:00,2023,2,25,11,20,95,95277,D970,48.98859,2.45876,Plein jour,En agglomération,Intersection en X,Temps éblouissant,Deux véhicules - arrière,3,2,2,0,1,1,1,0,1,50,2,4,2,0,0,2,20.0,29.0,utilitaire_camion,utilitaire_camion,1,2,2,7,2
202300037755,2023-11-06 14:30:00,2023,11,6,14,30,75,75116,AVENUE KLEBER,48.869765,2.292103,Plein jour,En agglomération,Hors intersection,Normale,Deux véhicules - frontale,4,2,3,0,1,1,1,0,1,50,2,2,1,0,0,1,39.0,42.0,deux_roues,transport_commun,1,2,1,1,1
202300037756,2023-02-24 14:25:00,2023,2,24,14,25,95,95280,Rue Gaston Coute,49.041905,2.467657,Plein jour,En agglomération,Intersection en T,Normale,Deux véhicules - côté,4,1,1,0,1,1,1,0,1,50,2,2,1,0,0,1,51.0,22.0,utilitaire_camion,utilitaire_camion,1,2,3,1,3
202300037756,2023-02-24 14:25:00,2023,2,24,14,25,95,95280,Rue Gaston Coute,49.041905,2.467657,Plein jour,En agglomération,Intersection en T,Normale,Deux véhicules - côté,4,2,2,0,1,1,1,0,1,50,2,2,1,0,0,1,51.0,22.0,utilitaire_camion,utilitaire_camion,1,2,3,1,3
202300037757,2023-05-18 12:33:00,2023,5,18,12,33,21,21406,Autoroute A38 - PK16+300,47.30751259,4.74206848,Plein jour,Hors agglomération,Hors intersection,Normale,Deux véhicules - arrière,1,1,3,3,2,2,1,0,6,130,2,6,5,0,0,1,74.0,78.0,voiture,voiture,1,1,1,1,2
202300037758,2023-02-25 08:20:00,2023,2,25,8,20,95,95427,Rue d’Épinay,48.962981,2.33417094,Plein jour,En agglomération,Hors intersection,Normale,Autre collision,3,2,2,0,1,1,1,0,4,50,1,1,0,0,1,0,32.0,,voiture,,1,2,1,1,6
202300037759,2023-11-07 13:45:00,2023,11,7,13,45,75,75115,RUE OLIVIER DE SERRES,48.832105,2.293429,Plein jour,En agglomération,Intersection en T,Normale,Deux véhicules - frontale,4,1, -1,-1,1,1,1,0,5,-1,2,2,1,0,0,1,28.0,48.0,deux_roues,deux_roues,1,2,3,1,1
202300037759,2023-11-07 13:45:00,2023,11,7,13,45,75,75115,RUE OLIVIER DE SERRES,48.832105,2.293429,Plein jour,En agglomération,Intersection en T,Normale,Deux véhicules - frontale,4,1,1,2,2,1,1,0,5,30,2,2,1,0,0,1,28.0,48.0,deux_roues,deux_roues,1,2,3,1,1
202300037760,2023-05-16 18:15:00,2023,5,16,18,15,62,62338,Rue du Quesne,50.642751,2.81975,Plein jour,Hors agglomération,Intersection en X,Normale,Deux véhicules - côté,4,2,2,0,1,1,1,0,1,50,2,2,1,0,1,0,26.0,8.0,voiture,deux_roues,1,1,2,1,3
202300037761,2023-11-07 10:30:00,2023,11,7,10,30,75,75114,BOULEVARD PERIPHERIQUE,48.821752,2.317932,Plein jour,En agglomération,Hors intersection,Normale,Deux véhicules - côté,4,1,3,0,1,1,1,0,1,70,2,2,1,0,0,1,62.0,22.0,voiture,deux_roues,1,2,1,1,3
202300037762,2023-05-08 23:30:00,2023,5,8,23,30,35,35139,RN137 - PR 031.000,47.96742,-1.69181,Nuit sans éclairage public,Hors agglomération,Hors intersection,Pluie légère,Sans collision,2,3,4,0,1,1,2,0,3,110,1,1,0,0,1,0,40.0,,voiture,,3,1,1,2,7
202300037763,2023-02-24 11:00:00,2023,2,24,11,0,88,88383,D 23,48.01183,6.60282,Plein jour,En agglomération,Autre intersection,Normale,Autre collision,3,2,2,0,1,3,1,0,1,30,1,2,1,0,1,0,29.0,,voiture,,1,2,9,1,6
202300037764,2023-05-17 22:00:00,2023,5,17,22,0,25,25246,A36,47.407448,6.458126,Nuit sans éclairage public,Hors agglomération,Hors intersection,Normale,Autre collision,1,3,2,0,1,1,1,0,1,100,1,1,0,0,0,1,25.0,,voiture,,3,1,1,1,6
202300037765,2023-11-06 08:30:00,2023,11,6,8,30,75,75114,RUE DES PLANTES,48.826533,2.319967,Crépuscule ou aube,En agglomération,Hors intersection,Normale,Deux véhicules - côté,4,1,1,0,1,1,2,0,1,30,2,2,1,0,0,1,45.0,30.0,utilitaire_camion,deux_roues,2,2,1,1,3
202300037766,2023-02-25 14:00:00,2023,2,25,14,0,85,85191,RD160,46.68385,-1.38658,Plein jour,Hors agglomération,Hors intersection,Normale,Deux véhicules - frontale,3,2,1,0,1,1,1,0,1,80,2,2,0,0,2,0,56.0,40.0,voiture,voiture,1,1,1,1,1
202300037767,2023-05-19 00:05:00,2023,5,19,0,5,62,62031,D231,50.85301907,1.91723835,Nuit sans éclairage public,Hors agglomération,Hors intersection,Normale,Autre collision,3,2,2,0,1,3,1,0,3,80,1,1,0,1,0,0,55.0,,utilitaire_camion,,3,1,1,1,6
202300037768,2023-11-07 12:05:00,2023,11,7,12,5,75,75113,BOULEVARD MASSENA,48.821563,2.369393,Plein jour,En agglomération,Intersection à plus de 4 branches,Normale,Autre collision,4,3,1,0,1,1,1,0,1,30,1,2,1,0,0,1,32.0,,voiture,,1,2,5,1,6
202300037768,2023-11-07 12:05:00,2023,11,7,12,5,75,75113,BOULEVARD MASSENA,48.821563,2.369393,Plein jour,En agglomération,Intersection à plus de 4 branches,Normale,Autre collision,4,2, -1,-1,1,1,1,0,1,-1,1,2,1,0,0,1,32.0,,voiture,,1,2,5,1,6
202300037769,2023-05-19 15:00:00,2023,5,19,15,0,54,54593,D28,49.001443,5.929989,Plein jour,Hors agglomération,Hors intersection,Normale,Deux véhicules - frontale,3,2,2,0,1,1,1,0,1,80,2,2,0,0,0,2,61.0,54.0,voiture,voiture,1,1,1,1,1
202300037770,2023-02-25 17:00:00,2023,2,25,17,0,83,83137,TRIBUS COMMONIS (ROUTE DES),43.16190433,5.92182451,Crépuscule ou aube,Hors agglomération,Hors intersection,Normale,Deux véhicules - frontale,3,2,2,0,1,3,1,0,1,50,2,6,1,0,0,5,46.0,48.0,voiture,voiture,2,1,1,1,1
202300037771,2023-05-19 00:30:00,2023,5,19,0,30,22,22032,Le Bechaix,48.32428,-2.106793,Nuit sans éclairage public,Hors agglomération,Autre intersection,Normale,Sans collision,4,2,2,0,1,3,1,0,1,80,1,1,0,0,1,0,27.0,,deux_roues,,3,1,9,1,7
202300037772,2023-11-07 13:30:00,2023,11,7,13,30,75,75111,BOULEVARD DE MENILMONTANT,48.858466,2.3894,Plein jour,En agglomération,Intersection à plus de 4 branches,Normale,Deux véhicules - côté,4,1,2,1,1,1,1,0,1,30,2,2,1,0,0,1,48.0,33.0,voiture,deux_roues,1,2,5,1,3
202300037772,2023-11-07 13:30:00,2023,11,7,13,30,75,75111,BOULEVARD DE MENILMONTANT,48.858466,2.3894,Plein jour,En agglomération,Intersection à plus de 4 branches,Normale,Deux véhicules - côté,4,1, -1,-1,1,1,1,0,1,-1,2,2,1,0,0,1,48.0,33.0,voiture,deux_roues,1,2,5,1,3
202300037773,2023-02-24 14:40:00,2023,2,24,14,40,83,83126,ARMANDO (AV. ESPRIT),43.09869749,5.89035738,Plein jour,En agglomération,Hors intersection,Normale,Deux véhicules - côté,4,1,1,0,1,2,1,0,1,30,2,2,1,0,1,0,20.0,61.0,utilitaire_camion,deux_roues,1,2,1,1,3
202300037774,2023-11-07 16:55:00,2023,11,7,16,55,75,75107,RUE DE SEVRES,48.847388,2.318199,Crépuscule ou aube,En agglomération,Intersection en T,Normale,Deux véhicules - côté,4,1, -1,-1,1,1,1,0,5,-1,2,2,1,0,0,1,45.0,33.0,voiture,deux_roues,2,2,3,1,3
202300037774,2023-11-07 16:55:00,2023,11,7,16,55,75,75107,RUE DE SEVRES,48.847388,2.318199,Crépuscule ou aube,En agglomération,Intersection en T,Normale,Deux véhicules - côté,4,-1,2,1,1,1,1,0,5,30,2,2,1,0,0,1,45.0,33.0,voiture,deux_roues,2,2,3,1,3
202300037775,2023-02-25 13:49:00,2023,2,25,13,49,77,77372,D86,48.88851,2.68458,Plein jour,En agglomération,Hors intersection,Normale,Deux véhicules - côté,3,2,2,0,1,1,1,0,1,70,2,2,1,0,0,1,61.0,40.0,voiture,utilitaire_camion,1,2,1,1,3
202300037776,2023-05-18 16:02:00,2023,5,18,16,2,77,77002,D 12 Amillis,48.74064,3.109217,Plein jour,Hors agglomération,Intersection en X,Normale,Deux véhicules - frontale,3,2,2,0,1,1,1,0,1,90,2,3,1,0,2,0,19.0,26.0,deux_roues,voiture,1,1,2,1,1
202300037776,2023-05-18 16:02:00,2023,5,18,16,2,77,77002,D 12 Amillis,48.74064,3.109217,Plein jour,Hors agglomération,Intersection en X,Normale,Deux véhicules - frontale,3,2,2,0,1,1,1,0,1,80,2,3,1,0,2,0,19.0,26.0,deux_roues,voiture,1,1,2,1,1
202300037777,2023-05-18 22:00:00,2023,5,18,22,0,57,57038,Rue Napoléon 1er,49.483802,5.965544,Nuit sans éclairage public,Hors agglomération,Hors intersection,Normale,Autre collision,3,2,1,0,3,1,1,0,1,70,1,2,1,0,1,0,37.0,,voiture,,3,1,1,1,6
202300037778,2023-11-07 12:45:00,2023,11,7,12,45,75,75107,AVENUE DE LA MOTTE PICQUET,48.855076,2.306714,Plein jour,En agglomération,Hors intersection,Normale,Deux véhicules - côté,4,2,2,0,1,1,1,0,1,30,2,2,1,0,0,1,74.0,32.0,voiture,deux_roues,1,2,1,1,3
202300037779,2023-02-25 10:32:00,2023,2,25,10,32,77,77058,D5,48.83913,2.72143,Plein jour,En agglomération,Intersection en X,Normale,Deux véhicules - côté,3,2,2,1,1,1,1,5,1,50,2,3,2,0,0,1,47.0,47.0,deux_roues,voiture,1,2,2,1,3
202300037779,2023-02-25 10:32:00,2023,2,25,10,32,77,77058,D5,48.83913,2.72143,Plein jour,En agglomération,Intersection en X,Normale,Deux véhicules - côté,3,2,2,0,1,1,1,5,1,50,2,3,2,0,0,1,47.0,47.0,deux_roues,voiture,1,2,2,1,3
202300037780,2023-05-19 12:35:00,2023,5,19,12,35,57,57661,ROUTE DE WISSEMBOURG,49.0555559,7.61902182,Plein jour,Hors agglomération,Intersection en T,Normale,Deux véhicules - frontale,3,2,2,0,1,1,1,0,1,70,2,3,1,0,2,0,65.0,65.0,voiture,deux_roues,1,1,3,1,1
202300037780,2023-05-19 12:35:00,2023,5,19,12,35,57,57661,ROUTE DE WISSEMBOURG,49.0555559,7.61902182,Plein jour,Hors agglomération,Intersection en T,Normale,Deux véhicules - frontale,3,2,2,0,1,2,1,0,1,50,2,3,1,0,2,0,65.0,65.0,voiture,deux_roues,1,1,3,1,1
202300037781,2023-11-06 17:10:00,2023,11,6,17,10,75,75107,AVENUE DE SUFFREN,48.856275,2.292926,Plein jour,En agglomération,Intersection en T,Pluie légère,Deux véhicules - côté,4,-1,1,0,1,1,2,0,1,30,2,2,1,0,0,1,18.0,27.0,voiture,deux_roues,1,2,3,2,3
202300037781,2023-11-06 17:10:00,2023,11,6,17,10,75,75107,AVENUE DE SUFFREN,48.856275,2.292926,Plein jour,En agglomération,Intersection en T,Pluie légère,Deux véhicules - côté,4,-1, -1,0,1,1,2,0,1,30,2,2,1,0,0,1,18.0,27.0,voiture,deux_roues,1,2,3,2,3
202300037782,2023-02-25 15:20:00,2023,2,25,15,20,76,76681,Boulevard Industriel,49.416622,1.10781,Plein jour,Hors agglomération,Intersection en T,Normale,Deux véhicules - arrière,7,2,2,0,1,1,1,0,1,50,2,2,1,0,0,1,41.0,21.0,voiture,deux_roues,1,1,3,1,2
202300037782,2023-02-25 15:20:00,2023,2,25,15,20,76,76681,Boulevard Industriel,49.416622,1.10781,Plein jour,Hors agglomération,Intersection en T,Normale,Deux véhicules - arrière,7,3,4,0,1,1,1,0,1,70,2,2,1,0,0,1,41.0,21.0,voiture,deux_roues,1,1,3,1,2
202300037783,2023-05-18 11:00:00,2023,5,18,11,0,51,51662,avenue de Reims,49.289649,4.119337,Plein jour,En agglomération,Intersection en T,Normale,Deux véhicules - arrière,3,2,2,0,1,1,1,0,1,50,2,4,3,0,1,0,41.0,61.0,voiture,voiture,1,2,3,1,2
202300037783,2023-05-18 11:00:00,2023,5,18,11,0,51,51662,avenue de Reims,49.289649,4.119337,Plein jour,En agglomération,Intersection en T,Normale,Deux véhicules - arrière,3,2,2,-1,1,1,1,0,1,-1,2,4,3,0,1,0,41.0,61.0,voiture,voiture,1,2,3,1,2
202300037784,2023-11-07 12:40:00,2023,11,7,12,40,75,75104,RUE DE LA COUTELLERIE,48.857304,2.349907,Plein jour,En agglomération,Intersection en T,Normale,Deux véhicules - côté,4,1,2,3,1,1,1,-1,6,30,2,2,1,0,0,1,21.0,45.0,deux_roues,utilitaire_camion,1,2,3,1,3
202300037784,2023-11-07 12:40:00,2023,11,7,12,40,75,75104,RUE DE LA COUTELLERIE,48.857304,2.349907,Plein jour,En agglomération,Intersection en T,Normale,Deux véhicules - côté,4,2,0,0,1,3,1,-1,6,30,2,2,1,0,0,1,21.0,45.0,deux_roues,utilitaire_camion,1,2,3,1,3
202300037785,2023-02-24 20:30:00,2023,2,24,20,30,74,74012,VIEUX CHATEAU (RUE DU),46.19732,6.25245,Nuit avec éclairage allumé,En agglomération,Intersection en X,Normale,Deux véhicules - côté,4,2,0,0,1,1,1,0,1,50,2,3,1,0,0,2,43.0,31.0,voiture,deux_roues,5,2,2,1,3
202300037785,2023-02-24 20:30:00,2023,2,24,20,30,74,74012,VIEUX CHATEAU (RUE DU),46.19732,6.25245,Nuit avec éclairage allumé,En agglomération,Intersection en X,Normale,Deux véhicules - côté,4,2,4,0,1,1,1,0,1,50,2,3,1,0,0,2,43.0,31.0,voiture,deux_roues,5,2,2,1,3
202300037786,2023-05-18 17:40:00,2023,5,18,17,40,19,19123,Avenue De La Riante Borie,45.16494,1.555338,Plein jour,En agglomération,Hors intersection,Normale,Autre collision,3,2,2,0,1,1,1,0,4,50,1,1,0,0,1,0,32.0,,deux_roues,,1,2,1,1,6
202300037787,2023-11-07 19:30:00,2023,11,7,19,30,94,94044,62 Avenue de Verdun,48.749147,2.474742,Nuit avec éclairage allumé,En agglomération,Hors intersection,Normale,Deux véhicules - frontale,3,2,2,0,1,1,1,0,1,50,2,2,1,0,1,0,35.0,43.0,deux_roues,voiture,5,2,1,1,1
202300037788,2023-02-25 13:20:00,2023,2,25,13,20,72,72181,MOULIN JEAN (BD) N° IMP,47.978,0.209,Plein jour,En agglomération,Autre intersection,Normale,Autre collision,4,-1,5,0,1,1,1,0,1,50,3,3,2,0,0,1,21.0,69.0,deux_roues,voiture,1,2,9,1,6
202300037789,2023-05-18 13:00:00,2023,5,18,13,0,67,67066,D1420,48.447337,7.196174,Plein jour,Hors agglomération,Hors intersection,Temps éblouissant,Deux véhicules - côté,3,2,2,0,1,1,1,0,1,80,2,3,1,0,2,0,19.0,69.0,voiture,deux_roues,1,1,1,7,3
202300037790,2023-11-07 21:07:00,2023,11,7,21,7,94,94041,Quai Marcel Boyer,48.82149,2.39386,Nuit avec éclairage allumé,En agglomération,Autre intersection,Autre,Deux véhicules - côté,3,2,1,0,1,1,1,0,1,50,2,2,1,0,0,1,40.0,22.0,voiture,deux_roues,5,2,9,9,3
202300037791,2023-02-25 15:40:00,2023,2,25,15,40,69,69275,Rue de l'Egalité,45.76935,4.96739,Plein jour,En agglomération,Intersection en T,Temps couvert,Deux véhicules - côté,4,2,2,0,1,1,1,0,1,50,2,2,1,0,1,0,83.0,22.0,voiture,deux_roues,1,2,3,8,3
202300037791,2023-02-25 15:40:00,2023,2,25,15,40,69,69275,Rue de l'Egalité,45.76935,4.96739,Plein jour,En agglomération,Intersection en T,Temps couvert,Deux véhicules - côté,4,2,2,0,1,1,1,0,1,50,2,2,1,0,1,0,83.0,22.0,voiture,deux_roues,1,2,3,8,3
202300037792,2023-05-17 10:00:00,2023,5,17,10,0,76,76312,2 Rue Charles de Gaulle,49.481728,1.724248,Plein jour,En agglomération,Hors intersection,Normale,Autre collision,4,2,1,0,1,1,1,9,1,50,1,2,1,0,0,1,83.0,,voiture,,1,2,1,1,6
202300037793,2023-11-07 18:30:00,2023,11,7,18,30,94,94022,Avenue de Versailles,48.76146084,2.40325543,Nuit avec éclairage allumé,En agglomération,Autre intersection,Normale,Deux véhicules - côté,3,1,0,0,1,1,1,5,1,50,2,3,2,0,0,1,35.0,49.0,voiture,voiture,5,2,9,1,3
202300037793,2023-11-07 18:30:00,2023,11,7,18,30,94,94022,Avenue de Versailles,48.76146084,2.40325543,Nuit avec éclairage allumé,En agglomération,Autre intersection,Normale,Deux véhicules - côté,3,-1, -1,0,1,1,1,0,1,-1,2,3,2,0,0,1,35.0,49.0,voiture,voiture,5,2,9,1,3
202300037794,2023-02-25 01:50:00,2023,2,25,1,50,69,69256,Avenue Paul Marcellin,45.77864,4.93047,Nuit avec éclairage allumé,En agglomération,Intersection en X,Normale,Deux véhicules - côté,4,2,2,0,1,1,2,0,1,50,2,2,1,0,1,0,,20.0,voiture,voiture,5,2,2,1,3
202300037794,2023-02-25 01:50:00,2023,2,25,1,50,69,69256,Avenue Paul Marcellin,45.77864,4.93047,Nuit avec éclairage allumé,En agglomération,Intersection en X,Normale,Deux véhicules - côté,4,2,2,1,1,1,2,0,1,50,2,2,1,0,1,0,,20.0,voiture,voiture,5,2,2,1,3
202300037795,2023-05-19 13:00:00,2023,5,19,13,0,2B,2B327,d80,42.9433,9.461803,Plein jour,Hors agglomération,Hors intersection,Pluie légère,Deux véhicules - frontale,3,2,2,0,2,3,2,0,1,80,2,4,2,0,1,1,33.0,54.0,voiture,deux_roues,1,1,1,2,1
202300037796,2023-02-25 15:30:00,2023,2,25,15,30,64,64189,RD810,43.385,-1.664,Plein jour,En agglomération,Hors intersection,Normale,Deux véhicules - côté,3,2,4,0,1,1,1,9,1,50,2,2,1,0,0,1,23.0,51.0,deux_roues,voiture,1,2,1,1,3
202300037797,2023-11-06 11:45:00,2023,11,6,11,45,94,94073,Boulevard de Stalingrad,48.77385548,2.39921638,Plein jour,En agglomération,Autre intersection,Normale,Deux véhicules - côté,3,-1,4,0,1,1,1,0,1,50,2,3,2,0,0,1,43.0,51.0,voiture,deux_roues,1,2,9,1,3
202300037797,2023-11-06 11:45:00,2023,11,6,11,45,94,94073,Boulevard de Stalingrad,48.77385548,2.39921638,Plein jour,En agglomération,Autre intersection,Normale,Deux véhicules - côté,3,-1,4,0,1,1,1,0,1,50,2,3,2,0,0,1,43.0,51.0,voiture,deux_roues,1,2,9,1,3
202300037798,2023-05-18 16:00:00,2023,5,18,16,0,65,65099,D618,42.866167,0.399992,Plein jour,Hors agglomération,Hors intersection,Temps couvert,Deux véhicules - côté,3,2,2,0,1,1,1,0,1,80,2,5,4,0,0,1,51.0,78.0,deux_roues,voiture,1,1,1,8,3
202300037799,2023-05-18 15:45:00,2023,5,18,15,45,81,81128,4 route de Burlats,43.64314782,2.31954682,Plein jour,Hors agglomération,Hors intersection,Normale,Autre collision,3,2,2,0,2,2,1,0,3,80,1,1,0,0,1,0,56.0,,deux_roues,,1,1,1,1,6
202300037800,2023-02-25 16:05:00,2023,2,25,16,5,64,64140,GAULLE (AV CHARLES DE),43.52845,-1.47644,Plein jour,En agglomération,Hors intersection,Normale,Deux véhicules - côté,4,2,2,0,1,1,1,0,1,50,2,2,1,0,0,1,41.0,21.0,voiture,voiture,1,2,1,1,3
202300037801,2023-11-06 17:15:00,2023,11,6,17,15,94,94028,Rue René Arcos,48.7779,2.4659,Crépuscule ou aube,En agglomération,Hors intersection,Normale,Autre collision,4,1,2,0,1,1,1,0,1,50,1,2,1,0,0,1,41.0,,voiture,,2,2,1,1,6
202300037802,2023-05-18 20:00:00,2023,5,18,20,0,71,71482,Rue des Sources,46.838883,4.331617,Plein jour,En agglomération,Hors intersection,Normale,Autre collision,4,2,2,0,2,4,1,0,1,50,1,1,0,1,0,0,86.0,,voiture,,1,2,1,1,6
202300037803,2023-11-07 16:20:00,2023,11,7,16,20,94,94017,Avenue Roger Salengro,48.81715428,2.49708071,Plein jour,En agglomération,Hors intersection,Normale,Autre collision,3,2,2,0,1,1,1,0,1,50,1,2,1,0,0,1,49.0,,transport_commun,,1,2,1,1,6
202300037804,2023-02-25 15:20:00,2023,2,25,15,20,59,59599,RACINE (RUE),50.73836,3.14224,Plein jour,En agglomération,Intersection en X,Normale,Deux véhicules - côté,4,-1,2,0,1,1,1,0,1,50,2,2,1,0,0,1,22.0,38.0,deux_roues,voiture,1,2,2,1,3
202300037804,2023-02-25 15:20:00,2023,2,25,15,20,59,59599,RACINE (RUE),50.73836,3.14224,Plein jour,En agglomération,Intersection en X,Normale,Deux véhicules - côté,4,-1,2,0,1,1,1,0,1,50,2,2,1,0,0,1,22.0,38.0,deux_roues,voiture,1,2,2,1,3
202300037805,2023-05-18 23:40:00,2023,5,18,23,40,61,61484,D11 PR6+240,48.312149,0.722702,Nuit sans éclairage public,Hors agglomération,Hors intersection,Normale,Autre collision,3,2,2,0,1,2,1,0,3,90,1,2,0,0,0,2,36.0,,voiture,,3,1,1,1,6
202300037806,2023-11-07 09:00:00,2023,11,7,9,0,93,93051,Rue du Marnois / Rue de Malnoue,48.84186,2.56819,Plein jour,En agglomération,Intersection en X,Normale,Autre collision,4,2,2,0,1,1,1,0,1,50,1,2,1,0,0,1,68.0,,voiture,,1,2,2,1,6
202300037806,2023-11-07 09:00:00,2023,11,7,9,0,93,93051,Rue du Marnois / Rue de Malnoue,48.84186,2.56819,Plein jour,En agglomération,Intersection en X,Normale,Autre collision,4,2,2,1,1,2,1,0,1,50,1,2,1,0,0,1,68.0,,voiture,,1,2,2,1,6
202300037807,2023-02-22 14:40:00,2023,2,22,14,40,59,59178,FLERS (RUE DE),50.38407,3.06025,Plein jour,En agglomération,Giratoire,Normale,Deux véhicules - côté,3,2,0,0,1,1,1,0,1,50,2,3,1,0,0,2,25.0,15.0,voiture,deux_roues,1,2,6,1,3
202300037807,2023-02-22 14:40:00,2023,2,22,14,40,59,59178,FLERS (RUE DE),50.38407,3.06025,Plein jour,En agglomération,Giratoire,Normale,Deux véhicules - côté,3,2,2,0,1,1,1,0,1,50,2,3,1,0,0,2,25.0,15.0,voiture,deux_roues,1,2,6,1,3
202300037808,2023-05-19 03:30:00,2023,5,19,3,30,49,49176,Route de la Tremblais,47.660792,-0.759301,Nuit sans éclairage public,Hors agglomération,Hors intersection,Normale,Deux véhicules - frontale,4,2,2,0,1,1,1,0,1,80,2,3,1,0,1,1,57.0,35.0,voiture,deux_roues,3,1,1,1,1
202300037809,2023-11-07 17:30:00,2023,11,7,17,30,93,93046,Avenue César Collavéri / Rue Pachot Lainé,48.92406,2.53909,Nuit avec éclairage allumé,En agglomération,Intersection en X,Normale,Deux véhicules - côté,4,1,1,1,1,2,1,0,5,30,2,2,1,0,0,1,30.0,50.0,deux_roues,voiture,5,2,2,1,3
202300037809,2023-11-07 17:30:00,2023,11,7,17,30,93,93046,Avenue César Collavéri / Rue Pachot Lainé,48.92406,2.53909,Nuit avec éclairage allumé,En agglomération,Intersection en X,Normale,Deux véhicules - côté,4,1,1,0,1,3,1,0,5,30,2,2,1,0,0,1,30.0,50.0,deux_roues,voiture,5,2,2,1,3
202300037810,2023-02-25 03:24:00,2023,2,25,3,24,56,56260,DEFFORGES(RUE DE L'AMIRAL),47.65405,-2.77343,Nuit sans éclairage public,En agglomération,Hors intersection,Normale,Autre collision,4,1,1,0,1,3,1,0,4,30,1,1,0,0,1,0,21.0,,voiture,,3,2,1,1,6
202300037811,2023-05-18 19:45:00,2023,5,18,19,45,49,49214,1 Rue Suzanne Hiltermann,47.536424,-0.629187,Plein jour,En agglomération,Giratoire,Normale,Autre collision,4,2,2,0,2,3,1,0,4,30,1,1,0,0,0,1,48.0,,deux_roues,,1,2,6,1,6
202300037812,2023-11-16 08:20:00,2023,11,16,8,20,93,93032,Rue du 19 Mars 1962 / Avenue des Dahlias,48.894958,2.542815,Crépuscule ou aube,En agglomération,Intersection en T,Pluie forte,Autre collision,3,2,2,0,1,1,2,0,1,50,1,2,1,0,0,1,38.0,,voiture,,2,2,3,3,6
202300037812,2023-11-16 08:20:00,2023,11,16,8,20,93,93032,Rue du 19 Mars 1962 / Avenue des Dahlias,48.894958,2.542815,Crépuscule ou aube,En agglomération,Intersection en T,Pluie forte,Autre collision,3,2,2,0,1,2,2,0,1,50,1,2,1,0,0,1,38.0,,voiture,,2,2,3,3,6
202300037813,2023-02-25 21:15:00,2023,2,25,21,15,54,54304,Avenue de la Résistance,48.69425118,6.13163576,Nuit avec éclairage allumé,En agglomération,Intersection en X,Normale,Deux véhicules - côté,4,3, -1,0,2,1,1,0,1,50,2,6,1,0,0,5,39.0,40.0,voiture,voiture,5,2,2,1,3
202300037813,2023-02-25 21:15:00,2023,2,25,21,15,54,54304,Avenue de la Résistance,48.69425118,6.13163576,Nuit avec éclairage allumé,En agglomération,Intersection en X,Normale,Deux véhicules - côté,4,2, -1,0,1,1,1,0,1,50,2,6,1,0,0,5,39.0,40.0,voiture,voiture,5,2,2,1,3
202300037814,2023-05-18 15:45:00,2023,5,18,15,45,42,42228,Route de Montbrison,45.561863,4.093813,Plein jour,Hors agglomération,Intersection en X,Normale,Deux véhicules - frontale,3,2,2,0,1,2,1,0,8,80,2,3,1,0,1,1,73.0,21.0,voiture,voiture,1,1,2,1,1
202300037814,2023-05-18 15:45:00,2023,5,18,15,45,42,42228,Route de Montbrison,45.561863,4.093813,Plein jour,Hors agglomération,Intersection en X,Normale,Deux véhicules - frontale,3,2,2,3,2,1,1,5,1,80,2,3,1,0,1,1,73.0,21.0,voiture,voiture,1,1,2,1,1
202300037815,2023-11-07 13:12:00,2023,11,7,13,12,93,93027,Avenue Jean Jaurès,48.92472,2.40106,Plein jour,En agglomération,Hors intersection,Normale,Deux véhicules - côté,3,3,4,0,1,1,1,0,1,50,2,3,2,0,0,1,16.0,24.0,deux_roues,voiture,1,2,1,1,3