accident_id,datetime,annee,mois,jour,heure,minute,departement,commune_insee,adresse,latitude,longitude,luminosite,agglomeration,intersection,meteo,collision,catr,circ,nbv,vosp,prof,plan,surf,infra,situ,vma,nb_vehicules,nb_usagers,nb_indemnes,nb_tues,nb_blesses_hosp,nb_blesses_legers,age_cond_1,age_cond_2,veh_type_cond_1,veh_type_cond_2,lum_code,agg_code,int_code,atm_code,col_code
202300037816,2023-02-25 16:30:00,2023,2,25,16,30,54,54547,ARC (AVENUE JEANNE D'),48.66087,6.186631,Plein jour,En agglomération,Hors intersection,Normale,Deux véhicules - arrière,4,3,2,0,1,1,1,2,1,50,2,2,1,0,0,1,47.0,30.0,voiture,voiture,1,2,1,1,2
202300037817,2023-05-16 13:15:00,2023,5,16,13,15,34,34142,72 Avenue de Premerlet,43.734319,3.31685,Plein jour,En agglomération,Hors intersection,Normale,Autre collision,4,2,2,0,1,1,1,0,8,50,1,2,1,0,1,0,68.0,,voiture,,1,2,1,1,6
202300037818,2023-02-26 02:04:00,2023,2,26,2,4,49,49007,CHATEAUGONTIER,47.46594,-0.55023,Nuit avec éclairage allumé,En agglomération,Hors intersection,Normale,Autre collision,4,1,1,0,1,1,1,0,1,30,1,2,1,0,1,0,,,voiture,,5,2,1,1,6
202300037819,2023-11-07 19:30:00,2023,11,7,19,30,93,93007,Avenue de la République / Avenue Louis Lemesle,48.93625749,2.46593031,Nuit avec éclairage allumé,En agglomération,Intersection en X,Normale,Deux véhicules - côté,4,2,2,0,1,1,1,0,1,50,2,2,1,0,0,1,22.0,24.0,deux_roues,voiture,5,2,2,1,3
202300037819,2023-11-07 19:30:00,2023,11,7,19,30,93,93007,Avenue de la République / Avenue Louis Lemesle,48.93625749,2.46593031,Nuit avec éclairage allumé,En agglomération,Intersection en X,Normale,Deux véhicules - côté,4,1,1,0,1,1,1,0,1,-1,2,2,1,0,0,1,22.0,24.0,deux_roues,voiture,5,2,2,1,3
202300037820,2023-11-07 18:00:00,2023,11,7,18,0,93,93005,Rue Jacques Duclos,48.947623,2.491649,Crépuscule ou aube,En agglomération,Hors intersection,Normale,Autre collision,3,3,4,0,1,1,1,9,1,50,1,2,1,0,0,1,57.0,,utilitaire_camion,,2,2,1,1,6
202300037821,2023-05-18 14:36:00,2023,5,18,14,36,22,22203,D700,48.346452,-2.839172,Plein jour,Hors agglomération,Hors intersection,Normale,Autre collision,3,-1,2,0,1,1,1,0,1,80,2,6,3,0,0,3,53.0,45.0,voiture,voiture,1,1,1,1,6
202300037822,2023-02-24 19:30:00,2023,2,24,19,30,45,45338,D2060 PR 31 + 211,47.98704,2.69767,Nuit sans éclairage public,Hors agglomération,Hors intersection,Normale,Trois véhicules et plus - en chaîne,3,3,4,0,1,1,1,0,1,110,4,4,3,0,0,1,31.0,46.0,voiture,voiture,3,1,1,1,4
202300037823,2023-11-07 16:15:00,2023,11,7,16,15,93,93005,Rue Maxime Gorki / Rue de Pimodan,48.927766,2.488163,Plein jour,En agglomération,Intersection en X,Normale,Deux véhicules - côté,4,1,1,0,1,1,1,0,1,50,2,2,1,0,0,1,15.0,30.0,deux_roues,voiture,1,2,2,1,3
202300037823,2023-11-07 16:15:00,2023,11,7,16,15,93,93005,Rue Maxime Gorki / Rue de Pimodan,48.927766,2.488163,Plein jour,En agglomération,Intersection en X,Normale,Deux véhicules - côté,4,2,2,0,1,1,1,0,1,50,2,2,1,0,0,1,15.0,30.0,deux_roues,voiture,1,2,2,1,3
202300037824,2023-02-25 18:45:00,2023,2,25,18,45,44,44109,39 Boulevard Louis Millet,47.2271,-1.5186,Plein jour,En agglomération,Passage à niveau,Normale,Autre collision,4,-1,2,3,1,1,1,4,6,50,1,2,1,0,1,0,49.0,,transport_commun,,1,2,8,1,6
202300037825,2023-05-18 19:30:00,2023,5,18,19,30,25,25287,D673,47.2051,5.89149829,Plein jour,Hors agglomération,Hors intersection,Normale,Deux véhicules - arrière,3,3,4,0,1,2,1,0,1,90,2,2,1,0,1,0,32.0,49.0,voiture,deux_roues,1,1,1,1,2
202300037826,2023-02-25 01:25:00,2023,2,25,1,25,42,42044,M10,45.40540403,4.33096451,Nuit sans éclairage public,Hors agglomération,Hors intersection,Pluie légère,Autre collision,7,2,2,0,2,2,2,0,3,80,1,1,0,0,0,1,28.0,,voiture,,3,1,1,2,6
202300037827,2023-05-18 14:25:00,2023,5,18,14,25,44,44154,Rond-point d'Ayent - Anzère,47.245124,-2.162456,Plein jour,En agglomération,Giratoire,Normale,Deux véhicules - côté,3,1,2,1,1,2,1,0,5,-1,2,2,1,0,1,0,69.0,59.0,voiture,deux_roues,1,2,6,1,3
202300037828,2023-11-07 08:45:00,2023,11,7,8,45,92,92076,HENRI BERGSON,48.84359072,2.17530392,Plein jour,En agglomération,Intersection en X,Normale,Deux véhicules - côté,4,2,2,0,1,1,1,0,1,50,2,4,2,0,0,2,30.0,57.0,voiture,voiture,1,2,2,1,3
202300037828,2023-11-07 08:45:00,2023,11,7,8,45,92,92076,HENRI BERGSON,48.84359072,2.17530392,Plein jour,En agglomération,Intersection en X,Normale,Deux véhicules - côté,4,1,1,0,1,1,1,0,1,50,2,4,2,0,0,2,30.0,57.0,voiture,voiture,1,2,2,1,3
202300037829,2023-02-24 16:30:00,2023,2,24,16,30,37,37122,DOUZILLIERE (RUE DE LA),47.33111,0.65073,Plein jour,En agglomération,Hors intersection,Pluie légère,Autre collision,4,2,2,0,1,1,2,0,3,50,1,1,0,0,0,1,20.0,,voiture,,1,2,1,2,6
202300037830,2023-05-18 14:45:00,2023,5,18,14,45,29,29264,Cité Yan d'Argent,48.48972399,-4.15607214,Plein jour,Hors agglomération,Hors intersection,Normale,Autre collision,3,2,2,0,1,3,1,0,1,50,1,1,0,0,1,0,22.0,,deux_roues,,1,1,1,1,6
202300037831,2023-11-07 10:15:00,2023,11,7,10,15,92,92051,"ROULE (AVENUE DU, N° 29 A 91 ET 30 A 86)",48.88296914,2.27547669,Plein jour,En agglomération,Hors intersection,Normale,Deux véhicules - arrière,4,2,1,2,1,1,1,0,5,50,2,2,1,0,0,1,32.0,63.0,voiture,deux_roues,1,2,1,1,2
202300037832,2023-02-24 16:50:00,2023,2,24,16,50,37,37261,POMPIDOU (AVENUE GEORGES),47.39466,0.70472,Plein jour,En agglomération,Hors intersection,Pluie légère,Sans collision,4,1,2,0,4,1,2,0,1,50,1,1,0,0,0,1,17.0,,deux_roues,,1,2,1,2,7
202300037833,2023-05-18 10:45:00,2023,5,18,10,45,29,29235,rue Alexis Carrel,48.4101111,-4.390315,Plein jour,En agglomération,Intersection en T,Normale,Deux véhicules - côté,4,2,2,0,2,3,1,5,1,30,2,2,1,0,1,0,51.0,10.0,voiture,deux_roues,1,2,3,1,3
202300037833,2023-05-18 10:45:00,2023,5,18,10,45,29,29235,rue Alexis Carrel,48.4101111,-4.390315,Plein jour,En agglomération,Intersection en T,Normale,Deux véhicules - côté,4,2,2,2,2,1,1,5,1,30,2,2,1,0,1,0,51.0,10.0,voiture,deux_roues,1,2,3,1,3
202300037834,2023-02-25 13:35:00,2023,2,25,13,35,33,33249,Avenue du Pdt Salvador Allende,44.8673697,-0.52202493,Plein jour,En agglomération,Hors intersection,Normale,Autre collision,4,3,2,0,1,1,1,0,1,30,1,2,1,0,1,0,34.0,,voiture,,1,2,1,1,6
202300037835,2023-11-07 16:00:00,2023,11,7,16,0,92,92050,PORT RUE DU,48.89513954,2.17426993,Plein jour,En agglomération,Intersection en X,Normale,Deux véhicules - côté,4,2,2,2,1,1,1,0,1,50,2,2,1,0,0,1,29.0,47.0,voiture,deux_roues,1,2,2,1,3
202300037835,2023-11-07 16:00:00,2023,11,7,16,0,92,92050,PORT RUE DU,48.89513954,2.17426993,Plein jour,En agglomération,Intersection en X,Normale,Deux véhicules - côté,4,2,2,2,1,1,1,0,1,50,2,2,1,0,0,1,29.0,47.0,voiture,deux_roues,1,2,2,1,3
202300037836,2023-05-19 13:40:00,2023,5,19,13,40,01,01066,D1504,45.866536,5.534722,Plein jour,Hors agglomération,Hors intersection,Normale,Autre collision,3,2,2,0,1,2,1,0,3,80,1,3,0,1,0,2,80.0,,voiture,,1,1,1,1,6
202300037837,2023-11-07 15:42:00,2023,11,7,15,42,92,92036,CAMELINAT (BOULEVARD) (1/47),48.92877851,2.29966201,Plein jour,En agglomération,Intersection en T,Normale,Autre collision,3,2,2,0,1,1,1,0,1,50,1,2,1,0,0,1,25.0,,deux_roues,,1,2,3,1,6
202300037837,2023-11-07 15:42:00,2023,11,7,15,42,92,92036,CAMELINAT (BOULEVARD) (1/47),48.92877851,2.29966201,Plein jour,En agglomération,Intersection en T,Normale,Autre collision,3,2,2,0,1,1,1,0,1,50,1,2,1,0,0,1,25.0,,deux_roues,,1,2,3,1,6
202300037838,2023-02-25 09:40:00,2023,2,25,9,40,33,33167,Rue Raoul Dufy,44.84217,-0.52077,Plein jour,En agglomération,Hors intersection,Normale,Deux véhicules - arrière,4,2,2,0,1,1,1,0,1,30,2,2,1,0,1,0,29.0,73.0,utilitaire_camion,deux_roues,1,2,1,1,2
202300037839,2023-05-18 15:48:00,2023,5,18,15,48,54,54054,D9,48.48596472,6.3297236,Plein jour,Hors agglomération,Hors intersection,Normale,Sans collision,3,2,2,0,1,4,1,0,1,80,1,2,0,0,1,1,23.0,,deux_roues,,1,1,1,1,7
202300037840,2023-02-25 04:15:00,2023,2,25,4,15,31,31555,ECHANGEUR L'UNION  (A61/A62),43.63608,1.4777,Nuit avec éclairage allumé,Hors agglomération,Autre intersection,Normale,Autre collision,1,4,4,0,1,1,1,3,3,90,1,1,0,0,0,1,26.0,,voiture,,5,1,9,1,6
202300037841,2023-05-18 18:05:00,2023,5,18,18,5,06,06023,Route du Col de Brouis,43.929241,7.475595,Plein jour,Hors agglomération,Hors intersection,Normale,Sans collision,3,2,2,0,2,1,1,0,1,90,1,1,0,0,1,0,30.0,,deux_roues,,1,1,1,1,7
202300037842,2023-11-07 15:00:00,2023,11,7,15,0,92,92036,GENERAL DE GAULLE (AVENUE) (43/129),48.93378396,2.31337166,Plein jour,En agglomération,Intersection en T,Normale,Autre collision,3,2,2,0,1,1,1,5,1,50,2,2,1,0,0,1,,28.0,voiture,deux_roues,1,2,3,1,6
202300037842,2023-11-07 15:00:00,2023,11,7,15,0,92,92036,GENERAL DE GAULLE (AVENUE) (43/129),48.93378396,2.31337166,Plein jour,En agglomération,Intersection en T,Normale,Autre collision,3,2,2,0,1,1,1,5,1,50,2,2,1,0,0,1,,28.0,voiture,deux_roues,1,2,3,1,6
202300037843,2023-02-25 05:00:00,2023,2,25,5,0,31,31483,FRANCOIS MITTERAND ( AVENUE),43.11075,0.73745,Nuit avec éclairage allumé,En agglomération,Hors intersection,Normale,Autre collision,3,2,2,1,1,1,1,0,8,50,1,1,0,0,0,1,71.0,,voiture,,5,2,1,1,6
202300037844,2023-11-06 04:26:00,2023,11,6,4,26,92,92036,LOUIS ROCHE (AVENUE) (2/44),48.93228,2.30456,Nuit sans éclairage public,En agglomération,Hors intersection,Normale,Autre collision,3,3,0,0,1,3,1,0,1,50,1,2,0,0,0,2,43.0,,voiture,,3,2,1,1,6
202300037845,2023-05-19 12:05:00,2023,5,19,12,5,50,50162,44 Route de la Croix Fresville,49.620162,-1.539976,Plein jour,Hors agglomération,Intersection en T,Normale,Deux véhicules - côté,3,2,2,0,1,1,1,0,1,80,2,2,1,0,0,1,25.0,78.0,deux_roues,voiture,1,1,3,1,3
202300037845,2023-05-19 12:05:00,2023,5,19,12,5,50,50162,44 Route de la Croix Fresville,49.620162,-1.539976,Plein jour,Hors agglomération,Intersection en T,Normale,Deux véhicules - côté,3,2, -1,-1,1,1,1,0,1,-1,2,2,1,0,0,1,25.0,78.0,deux_roues,voiture,1,1,3,1,3
202300037846,2023-02-24 15:20:00,2023,2,24,15,20,29,29232,Route de Brest,48.024828,-4.085999,Plein jour,Hors agglomération,Hors intersection,Normale,Deux véhicules - arrière,3,2,2,0,2,1,1,0,1,70,2,3,2,0,0,1,59.0,19.0,deux_roues,voiture,1,1,1,1,2
202300037847,2023-11-07 18:25:00,2023,11,7,18,25,92,92035,Europe ( rond point de l' ),48.90552923,2.25572544,Nuit avec éclairage allumé,En agglomération,Giratoire,Normale,Autre collision,3,1,3,0,1,1,1,0,1,50,1,2,1,0,0,1,28.0,,voiture,,5,2,6,1,6
202300037847,2023-11-07 18:25:00,2023,11,7,18,25,92,92035,Europe ( rond point de l' ),48.90552923,2.25572544,Nuit avec éclairage allumé,En agglomération,Giratoire,Normale,Autre collision,3,2,3,0,1,1,1,0,1,50,1,2,1,0,0,1,28.0,,voiture,,5,2,6,1,6
202300037848,2023-05-19 12:00:00,2023,5,19,12,0,50,50410,La Rue au Bis,48.608145,-1.504656,Plein jour,Hors agglomération,Hors intersection,Normale,Sans collision,3,2,2,0,1,1,1,0,1,80,1,2,1,0,1,0,46.0,,deux_roues,,1,1,1,1,7
202300037849,2023-02-12 17:10:00,2023,2,12,17,10,29,29019,rue Jules Ferry,48.39812316,-4.47406545,Plein jour,En agglomération,Intersection en T,Normale,Deux véhicules - côté,4,1,1,0,1,1,1,0,1,50,2,2,1,0,0,1,27.0,19.0,voiture,deux_roues,1,2,3,1,3
202300037849,2023-02-12 17:10:00,2023,2,12,17,10,29,29019,rue Jules Ferry,48.39812316,-4.47406545,Plein jour,En agglomération,Intersection en T,Normale,Deux véhicules - côté,4,1,2,0,2,1,1,0,1,50,2,2,1,0,0,1,27.0,19.0,voiture,deux_roues,1,2,3,1,3
202300037850,2023-11-06 13:00:00,2023,11,6,13,0,92,92026,FAUVELLES ( RUE DES ),48.90222382,2.23949321,Plein jour,En agglomération,Intersection en X,Normale,Autre collision,3,1,1,0,1,1,1,0,1,-1,1,2,1,0,0,1,35.0,,voiture,,1,2,2,1,6
202300037850,2023-11-06 13:00:00,2023,11,6,13,0,92,92026,FAUVELLES ( RUE DES ),48.90222382,2.23949321,Plein jour,En agglomération,Intersection en X,Normale,Autre collision,3,2, -1,-1,1,1,1,5,1,-1,1,2,1,0,0,1,35.0,,voiture,,1,2,2,1,6
202300037851,2023-05-17 17:45:00,2023,5,17,17,45,90,90090,,47.461226,6.947602,Plein jour,Hors agglomération,Hors intersection,Normale,Deux véhicules - frontale,4,2,2,0,2,1,1,0,1,80,2,2,1,0,1,0,35.0,65.0,voiture,deux_roues,1,1,1,1,1
202300037852,2023-05-18 22:10:00,2023,5,18,22,10,64,64168,route départementale 17,43.476081,-0.992213,Nuit sans éclairage public,Hors agglomération,Hors intersection,Normale,Autre collision,3,2,2,0,1,1,1,0,8,80,1,1,0,0,0,1,36.0,,utilitaire_camion,,3,1,1,1,6
202300037853,2023-02-25 11:25:00,2023,2,25,11,25,17,17300,CARNOT   AVENUE,46.165248,-1.1859,Plein jour,En agglomération,Hors intersection,Normale,Deux véhicules - côté,4,2,2,2,1,1,1,0,1,30,2,2,1,0,0,1,69.0,71.0,voiture,deux_roues,1,2,1,1,3
202300037854,2023-05-18 10:35:00,2023,5,18,10,35,43,43213,Lieu Dit les Pinatelles,45.236652,4.278534,Plein jour,Hors agglomération,Hors intersection,Pluie légère,Sans collision,3,2,2,0,2,3,2,0,1,80,1,1,0,0,1,0,31.0,,deux_roues,,1,1,1,2,7
202300037855,2023-11-07 11:55:00,2023,11,7,11,55,92,92014,MARECHAL JOFFRE (BD DU) (43 A 97 - 58 A,48.78310676,2.31518322,Plein jour,En agglomération,Intersection en X,Normale,Deux véhicules - côté,3,2,3,0,1,1,1,0,1,50,2,2,1,0,0,1,56.0,62.0,voiture,voiture,1,2,2,1,3
202300037855,2023-11-07 11:55:00,2023,11,7,11,55,92,92014,MARECHAL JOFFRE (BD DU) (43 A 97 - 58 A,48.78310676,2.31518322,Plein jour,En agglomération,Intersection en X,Normale,Deux véhicules - côté,3,1,3,0,2,1,1,0,1,50,2,2,1,0,0,1,56.0,62.0,voiture,voiture,1,2,2,1,3
202300037856,2023-02-25 18:40:00,2023,2,25,18,40,13,13208,RAYMOND TEISSERE (RUE),43.27361,5.39854,Nuit avec éclairage allumé,En agglomération,Hors intersection,Normale,Deux véhicules - frontale,4,1,4,1,1,1,1,0,5,50,2,2,1,0,0,1,56.0,,deux_roues,deux_roues,5,2,1,1,1
202300037857,2023-05-18 19:45:00,2023,5,18,19,45,28,28236,Avenue des Pres,48.328127,0.822811,Plein jour,En agglomération,Hors intersection,Normale,Autre collision,3,2,1,0,1,1,1,0,1,50,1,1,0,0,1,0,45.0,,deux_roues,,1,2,1,1,6
202300037858,2023-02-25 19:30:00,2023,2,25,19,30,13,13211,SAINT LOUP (BOULEVARD DE),43.285253,5.440561,Nuit avec éclairage allumé,En agglomération,Hors intersection,Normale,Deux véhicules - côté,4,2,2,0,1,1,1,0,1,50,2,2,1,0,0,1,29.0,27.0,deux_roues,voiture,5,2,1,1,3
202300037859,2023-05-07 21:20:00,2023,5,7,21,20,37,37039,RD943,47.03180733,1.09612226,Nuit sans éclairage public,Hors agglomération,Hors intersection,Pluie légère,Deux véhicules - frontale,3,2,2,0,1,1,2,0,1,70,2,3,0,0,2,1,28.0,36.0,voiture,voiture,3,1,1,2,1
202300037860,2023-02-24 16:12:00,2023,2,24,16,12,12,12013,POUDRIERE(COTE DE LA),44.53044,2.24274,Plein jour,En agglomération,Hors intersection,Normale,Deux véhicules - côté,3,2,2,0,2,3,1,0,1,50,2,3,2,0,1,0,31.0,46.0,deux_roues,voiture,1,2,1,1,3
202300037861,2023-11-07 17:20:00,2023,11,7,17,20,35,35345,le Moulin de la Lande,48.362284,-1.905581,Crépuscule ou aube,Hors agglomération,Hors intersection,Temps couvert,Deux véhicules - arrière,3,2,2,0,1,1,2,0,1,70,2,2,1,0,1,0,87.0,70.0,voiture,deux_roues,2,1,1,8,2
202300037862,2023-05-18 16:00:00,2023,5,18,16,0,48,48069,lieu-dit Le Malbosc,44.19997,3.492563,Plein jour,Hors agglomération,Hors intersection,Normale,Autre collision,3,2,2,0,2,2,1,0,8,90,1,1,0,0,1,0,45.0,,deux_roues,,1,1,1,1,6
202300037863,2023-02-25 05:30:00,2023,2,25,5,30,06,06088,ANGLAIS (DU N° 114 AU N° 263),43.68955,7.2428,Nuit avec éclairage allumé,En agglomération,Hors intersection,Normale,Deux véhicules - côté,4,1,3,0,1,1,1,0,1,50,2,2,1,1,0,0,38.0,23.0,voiture,deux_roues,5,2,1,1,3
202300037864,2023-05-18 14:35:00,2023,5,18,14,35,48,48166,D983,44.260397,3.627529,Plein jour,Hors agglomération,Hors intersection,Normale,Autre collision,3,2,2,0,2,2,1,0,1,90,1,1,0,0,1,0,64.0,,deux_roues,,1,1,1,1,6
202300037865,2023-02-25 11:50:00,2023,2,25,11,50,06,06069,LECLERC (BOULEVARD DU MARECHAL),43.65028,6.91934,Plein jour,En agglomération,Autre intersection,Temps couvert,Deux véhicules - côté,4,2,1,0,1,1,1,0,1,50,2,2,1,0,0,1,29.0,24.0,voiture,voiture,1,2,9,8,3
202300037866,2023-11-07 16:30:00,2023,11,7,16,30,11,11132,D611,43.133077,2.701328,Plein jour,Hors agglomération,Hors intersection,Normale,Deux véhicules - frontale,3,2,2,0,1,3,1,0,1,80,2,5,1,0,1,3,27.0,50.0,voiture,utilitaire_camion,1,1,1,1,1
202300037867,2023-05-19 20:00:00,2023,5,19,20,0,88,88029,11 Rue Charles Lévy,48.002621,6.261507,Plein jour,En agglomération,Hors intersection,Normale,Autre collision,3,2,2,0,2,1,1,0,8,50,1,1,0,1,0,0,50.0,,voiture,,1,2,1,1,6
202300037868,2023-05-17 14:40:00,2023,5,17,14,40,24,24534,1113 Route de Sainte Innocence,44.74375,0.40379,Plein jour,Hors agglomération,Hors intersection,Normale,Autre collision,4,2,2,0,2,1,1,0,3,80,1,1,0,0,1,0,62.0,,deux_roues,,1,1,1,1,6
202300037869,2023-11-07 18:35:00,2023,11,7,18,35,23,23193,les bruyères,46.150416,1.908773,Nuit sans éclairage public,Hors agglomération,Hors intersection,Normale,Deux véhicules - arrière,3,2,2,0,4,3,2,0,1,90,2,2,0,0,0,1,,32.0,voiture,voiture,3,1,1,1,2
202300037870,2023-02-24 20:13:00,2023,2,24,20,13,06,06029,CLEMENCEAU (RUE GEORGES),43.550823,7.007647,Nuit avec éclairage allumé,En agglomération,Intersection en T,Normale,Deux véhicules - côté,4,1,1,0,4,1,1,0,1,30,2,2,1,0,0,1,22.0,19.0,deux_roues,deux_roues,5,2,3,1,3
202300037870,2023-02-24 20:13:00,2023,2,24,20,13,06,06029,CLEMENCEAU (RUE GEORGES),43.550823,7.007647,Nuit avec éclairage allumé,En agglomération,Intersection en T,Normale,Deux véhicules - côté,4,2,3,0,2,2,1,0,1,30,2,2,1,0,0,1,22.0,19.0,deux_roues,deux_roues,5,2,3,1,3
202300037871,2023-02-11 12:20:00,2023,2,11,12,20,05,05061,EMILE DIDIER ( AV ),44.56672851,6.09538972,Plein jour,En agglomération,Hors intersection,Normale,Autre collision,2,2,2,0,1,1,1,0,1,50,1,2,1,0,0,1,70.0,,deux_roues,,1,2,1,1,6
202300037872,2023-05-18 22:40:00,2023,5,18,22,40,37,37131,route départemental 31,47.46043204,1.0123837,Nuit sans éclairage public,Hors agglomération,Intersection en X,Normale,Deux véhicules - côté,3,2,2,0,2,3,1,0,1,90,2,3,1,1,1,0,52.0,79.0,utilitaire_camion,utilitaire_camion,3,1,2,1,3
202300037872,2023-05-18 22:40:00,2023,5,18,22,40,37,37131,route départemental 31,47.46043204,1.0123837,Nuit sans éclairage public,Hors agglomération,Intersection en X,Normale,Deux véhicules - côté,3,2,2,0,1,1,1,0,1,80,2,3,1,1,1,0,52.0,79.0,utilitaire_camion,utilitaire_camion,3,1,2,1,3
202300037873,2023-11-08 12:47:00,2023,11,8,12,47,54,54371,Autoroute A4 ,49.20367036,5.94653785,Plein jour,Hors agglomération,Hors intersection,Normale,Trois véhicules et plus - collisions multiples,1,3,2,0,1,1,1,8,1,90,3,4,3,1,0,0,52.0,42.0,utilitaire_camion,utilitaire_camion,1,1,1,1,5
202300037874,2023-02-16 13:57:00,2023,2,16,13,57,05,05061,Rue Jean Macé,44.55795,6.069,Plein jour,En agglomération,Hors intersection,Normale,Autre collision,4,-1,2,0,2,1,1,0,1,50,1,2,1,0,0,1,69.0,,voiture,,1,2,1,1,6
202300037875,2023-05-18 09:35:00,2023,5,18,9,35,77,77435,AUTOROUTE A6 PK 41+200 DIRECTION LYON,48.488795,2.512779,Plein jour,Hors agglomération,Hors intersection,Normale,Sans collision,1,3,3,0,1,1,1,0,1,130,1,1,0,0,1,0,53.0,,deux_roues,,1,1,1,1,7
202300037876,2023-02-26 03:30:00,2023,2,26,3,30,75,75118,ECHANGEUR CHAPELLE,48.900728,2.362969,Nuit avec éclairage allumé,En agglomération,Hors intersection,Normale,Deux véhicules - arrière,4,1,2,0,3,2,1,0,1,50,2,2,1,0,0,1,33.0,34.0,voiture,utilitaire_camion,5,2,1,1,2
202300037877,2023-10-31 19:40:00,2023,10,31,19,40,19,19248,PK 236+000 A20,45.43956277,1.51092092,Nuit sans éclairage public,Hors agglomération,Hors intersection,Normale,Deux véhicules - arrière,1,3,4,0,1,1,1,0,1,130,2,2,1,0,0,1,60.0,20.0,voiture,voiture,3,1,1,1,2
202300037878,2023-02-26 15:14:00,2023,2,26,15,14,75,75105,BOULEVARD SAINT GERMAIN,48.849347,2.35602,Plein jour,En agglomération,Intersection en Y,Normale,Autre collision,4,1,2,0,1,1,1,0,1,30,1,1,0,0,0,1,53.0,,voiture,,1,2,4,1,6
202300037878,2023-02-26 15:14:00,2023,2,26,15,14,75,75105,BOULEVARD SAINT GERMAIN,48.849347,2.35602,Plein jour,En agglomération,Intersection en Y,Normale,Autre collision,4,-1, -1,-1,1,1,1,0,1,-1,1,1,0,0,0,1,53.0,,voiture,,1,2,4,1,6
202300037879,2023-11-05 13:25:00,2023,11,5,13,25,34,34270,Chemin du Puech Long,43.57667303,3.8484925,Plein jour,En agglomération,Hors intersection,Normale,Deux véhicules - frontale,3,2,2,0,1,3,1,0,1,50,2,2,1,0,1,0,55.0,76.0,voiture,deux_roues,1,2,1,1,1
202300037880,2023-05-19 10:15:00,2023,5,19,10,15,63,63077,Lieu-dit Varennes,45.57551,2.9129,Plein jour,En agglomération,Hors intersection,Temps couvert,Deux véhicules - frontale,3,2,2,0,1,2,1,0,1,50,2,2,1,0,1,0,51.0,23.0,deux_roues,voiture,1,2,1,8,1
202300037881,2023-02-26 13:21:00,2023,2,26,13,21,75,75106,RUE DE MEDICIS,48.849052,2.338881,Plein jour,En agglomération,Place,Normale,Deux véhicules - arrière,4,2, -1,-1,1,1,1,0,1,-1,2,2,1,0,0,1,47.0,33.0,voiture,deux_roues,1,2,7,1,2
202300037881,2023-02-26 13:21:00,2023,2,26,13,21,75,75106,RUE DE MEDICIS,48.849052,2.338881,Plein jour,En agglomération,Place,Normale,Deux véhicules - arrière,4,2,2,0,1,1,1,0,1,30,2,2,1,0,0,1,47.0,33.0,voiture,deux_roues,1,2,7,1,2
202300037882,2023-11-06 15:15:00,2023,11,6,15,15,83,83026,RD lieu dit 13 le trou des fées,43.441149,6.22604,Plein jour,Hors agglomération,Hors intersection,Normale,Deux véhicules - frontale,3,2,2,0,1,2,1,0,1,70,2,3,2,0,0,1,17.0,67.0,deux_roues,utilitaire_camion,1,1,1,1,1
202300037883,2023-11-03 09:45:00,2023,11,3,9,45,51,51536,Rue de Châlons,49.19489,4.141159,Plein jour,En agglomération,Hors intersection,Normale,Autre collision,3,2,2,0,1,1,1,6,1,50,1,2,1,0,1,0,53.0,,utilitaire_camion,,1,2,1,1,6
202300037884,2023-05-19 16:30:00,2023,5,19,16,30,17,17086,Route des Cedres,45.74557167,-0.57332947,Plein jour,Hors agglomération,Intersection en X,Normale,Deux véhicules - côté,2,2,2,0,1,1,1,5,1,70,2,3,2,1,0,0,80.0,22.0,voiture,voiture,1,1,2,1,3
202300037884,2023-05-19 16:30:00,2023,5,19,16,30,17,17086,Route des Cedres,45.74557167,-0.57332947,Plein jour,Hors agglomération,Intersection en X,Normale,Deux véhicules - côté,2,2, -1,-1,1,1,1,5,1,-1,2,3,2,1,0,0,80.0,22.0,voiture,voiture,1,1,2,1,3
202300037885,2023-02-24 12:45:00,2023,2,24,12,45,75,75116,AVENUE VICTOR HUGO,48.871163,2.288871,Plein jour,En agglomération,Intersection en X,Normale,Trois véhicules et plus - collisions multiples,4,2,2,0,1,1,1,0,1,30,3,3,1,0,0,2,39.0,21.0,deux_roues,deux_roues,1,2,2,1,5
202300037885,2023-02-24 12:45:00,2023,2,24,12,45,75,75116,AVENUE VICTOR HUGO,48.871163,2.288871,Plein jour,En agglomération,Intersection en X,Normale,Trois véhicules et plus - collisions multiples,4,1,1,1,1,1,1,0,1,30,3,3,1,0,0,2,39.0,21.0,deux_roues,deux_roues,1,2,2,1,5
202300037886,2023-11-02 06:25:00,2023,11,2,6,25,2A,2A130,T40; PK 26+500,41.881919,8.960788,Crépuscule ou aube,Hors agglomération,Hors intersection,Pluie légère,Deux véhicules - frontale,2,2,2,0,2,2,2,0,1,80,2,3,1,0,2,0,50.0,79.0,voiture,voiture,2,1,1,2,1
202300037887,2023-05-17 18:20:00,2023,5,17,18,20,86,86026,Lieu Dit l’Erine,47.073834,0.163116,Plein jour,Hors agglomération,Intersection en X,Normale,Deux véhicules - côté,4,2,2,-1,1,1,1,0,1,80,2,2,1,0,1,0,53.0,37.0,voiture,voiture,1,1,2,1,3
202300037887,2023-05-17 18:20:00,2023,5,17,18,20,86,86026,Lieu Dit l’Erine,47.073834,0.163116,Plein jour,Hors agglomération,Intersection en X,Normale,Deux véhicules - côté,4,2,2,0,1,1,1,0,1,80,2,2,1,0,1,0,53.0,37.0,voiture,voiture,1,1,2,1,3