accident_id,datetime,annee,mois,jour,heure,minute,departement,commune_insee,adresse,latitude,longitude,luminosite,agglomeration,intersection,meteo,collision,catr,circ,nbv,vosp,prof,plan,surf,infra,situ,vma,nb_vehicules,nb_usagers,nb_indemnes,nb_tues,nb_blesses_hosp,nb_blesses_legers,age_cond_1,age_cond_2,veh_type_cond_1,veh_type_cond_2,lum_code,agg_code,int_code,atm_code,col_code
202300037959,2023-02-17 13:45:00,2023,2,17,13,45,39,39252,,47.04451,5.445989,Plein jour,Hors agglomération,Intersection en X,Normale,Deux véhicules - frontale,3,2,2,0,1,1,1,5,1,90,2,3,2,1,0,0,52.0,92.0,utilitaire_camion,voiture,1,1,2,1,1
202300037959,2023-02-17 13:45:00,2023,2,17,13,45,39,39252,,47.04451,5.445989,Plein jour,Hors agglomération,Intersection en X,Normale,Deux véhicules - frontale,3,2,2,-1,1,2,1,5,1,80,2,3,2,1,0,0,52.0,92.0,utilitaire_camion,voiture,1,1,2,1,1
202300037960,2023-04-09 22:00:00,2023,4,9,22,0,94,94079,Rue de Chennevières,48.818948,2.539302,Nuit avec éclairage allumé,En agglomération,Hors intersection,Normale,Deux véhicules - frontale,3,2,2,0,1,1,1,0,1,50,2,6,5,0,0,1,31.0,34.0,voiture,deux_roues,5,2,1,1,1
202300037961,2023-02-21 22:43:00,2023,2,21,22,43,44,44015,Rue du Calvaire,47.432536,-1.706378,Nuit sans éclairage public,En agglomération,Hors intersection,Normale,Sans collision,4,2,2,0,1,1,1,0,1,80,1,1,0,0,1,0,30.0,,deux_roues,,3,2,1,1,7
202300037962,2023-11-06 16:44:00,2023,11,6,16,44,30,30155,Rue de Bouillargues,43.815754,4.464966,Plein jour,En agglomération,Hors intersection,Normale,Deux véhicules - arrière,3,2,2,0,1,1,1,0,1,30,2,2,0,0,2,0,21.0,89.0,voiture,deux_roues,1,2,1,1,2
202300037963,2023-05-17 17:55:00,2023,5,17,17,55,69,69389,57 Rue de Saint-Cyr,45.78393,4.80816,Plein jour,En agglomération,Intersection en T,Normale,Deux véhicules - côté,4,2,3,3,1,1,1,0,6,50,2,2,1,0,0,1,54.0,49.0,deux_roues,voiture,1,2,3,1,3
202300037963,2023-05-17 17:55:00,2023,5,17,17,55,69,69389,57 Rue de Saint-Cyr,45.78393,4.80816,Plein jour,En agglomération,Intersection en T,Normale,Deux véhicules - côté,4,2,3,3,1,1,1,0,6,50,2,2,1,0,0,1,54.0,49.0,deux_roues,voiture,1,2,3,1,3
202300037964,2023-04-10 19:00:00,2023,4,10,19,0,93,93039,Quai de Seine / Pont de l'Île Saint-Denis,48.93579,2.340828,Crépuscule ou aube,En agglomération,Intersection en X,Pluie forte,Deux véhicules - côté,3,2,2,2,1,1,2,4,1,50,2,2,1,0,0,1,25.0,34.0,voiture,deux_roues,2,2,2,3,3
202300037964,2023-04-10 19:00:00,2023,4,10,19,0,93,93039,Quai de Seine / Pont de l'Île Saint-Denis,48.93579,2.340828,Crépuscule ou aube,En agglomération,Intersection en X,Pluie forte,Deux véhicules - côté,3,2,2,0,1,1,2,4,1,50,2,2,1,0,0,1,25.0,34.0,voiture,deux_roues,2,2,2,3,3
202300037965,2023-11-07 16:28:00,2023,11,7,16,28,34,34009,,43.47138282,3.37583223,Plein jour,Hors agglomération,Intersection en X,Normale,Trois véhicules et plus - collisions multiples,3,1,2,0,1,1,1,5,1,70,3,3,1,0,0,2,89.0,56.0,voiture,voiture,1,1,2,1,5
202300037965,2023-11-07 16:28:00,2023,11,7,16,28,34,34009,,43.47138282,3.37583223,Plein jour,Hors agglomération,Intersection en X,Normale,Trois véhicules et plus - collisions multiples,3,2, -1,-1,1,1,1,0,1,-1,3,3,1,0,0,2,89.0,56.0,voiture,voiture,1,1,2,1,5
202300037966,2023-02-15 14:12:00,2023,2,15,14,12,29,29220,D785,47.880412,-4.221105,Plein jour,Hors agglomération,Hors intersection,Normale,Trois véhicules et plus - collisions multiples,3,2,2,0,1,1,1,0,3,80,3,6,2,0,0,4,75.0,81.0,voiture,voiture,1,1,1,1,5
202300037967,2023-05-17 18:00:00,2023,5,17,18,0,69,69389,Quai Arloing,45.7738,4.80936,Plein jour,En agglomération,Hors intersection,Normale,Deux véhicules - arrière,4,1,3,3,1,1,1,0,1,50,2,3,1,0,0,2,19.0,59.0,voiture,voiture,1,2,1,1,2
202300037968,2023-11-08 07:55:00,2023,11,8,7,55,83,83115,Avenue du Général Leclerc,43.306701,6.640887,Plein jour,En agglomération,Hors intersection,Temps éblouissant,Autre collision,3,2,2,0,1,1,1,0,1,50,1,2,1,0,1,0,55.0,,voiture,,1,2,1,7,6
202300037969,2023-04-10 19:50:00,2023,4,10,19,50,93,93048,Avenue du Colonel Fabien,48.87450317,2.44878253,Nuit avec éclairage non allumé,En agglomération,Hors intersection,Pluie légère,Deux véhicules - arrière,4,1,1,2,1,1,2,0,1,30,2,3,2,0,0,1,36.0,49.0,voiture,voiture,4,2,1,2,2
202300037970,2023-02-25 23:50:00,2023,2,25,23,50,38,38070,Route de Savoie,45.280182,5.930606,Nuit avec éclairage allumé,En agglomération,Giratoire,Normale,Sans collision,3,1,1,0,1,2,1,5,8,50,1,1,0,0,1,0,23.0,,voiture,,5,2,6,1,7
202300037971,2023-05-17 09:35:00,2023,5,17,9,35,2B,2B033,AV DE LA LIBERATION,42.68526,9.4452,Plein jour,En agglomération,Hors intersection,Temps couvert,Autre collision,2,2,2,1,1,1,1,0,4,50,1,2,1,0,0,1,69.0,,deux_roues,,1,2,1,8,6
202300037972,2023-10-04 16:15:00,2023,10,4,16,15,13,13095,RD10,43.535218,5.478954,Plein jour,Hors agglomération,Hors intersection,Normale,Deux véhicules - côté,3,2,2,0,1,1,1,0,1,70,2,3,2,0,1,0,51.0,65.0,voiture,voiture,1,1,1,1,3
202300037973,2023-02-27 16:15:00,2023,2,27,16,15,14,14326,D510,49.177469,0.297616,Plein jour,Hors agglomération,Hors intersection,Normale,Deux véhicules - frontale,3,2,2,0,1,1,1,0,1,70,2,2,0,0,0,2,64.0,29.0,voiture,voiture,1,1,1,1,1
202300037974,2023-02-27 10:05:00,2023,2,27,10,5,64,64257,Impasse Loustalot,43.151311,-0.31474,Plein jour,Hors agglomération,Hors intersection,Neige / grêle,Autre collision,4,2,2,0,2,4,5,0,3,70,1,1,0,0,0,1,58.0,,voiture,,1,1,1,4,6
202300037975,2023-05-16 08:15:00,2023,5,16,8,15,971,97113,RN4 - SECTION RIVIERA,16.21809,-61.49941,Plein jour,En agglomération,Hors intersection,Normale,Deux véhicules - arrière,2,-1,3,0,1,2,1,0,1,50,2,2,1,1,0,0,48.0,26.0,voiture,voiture,1,2,1,1,2
202300037976,2023-11-07 08:05:00,2023,11,7,8,5,81,81105,Route de la Plaine,43.7778144,1.982034,Plein jour,Hors agglomération,Intersection en X,Normale,Deux véhicules - côté,4,2,2,0,1,1,1,0,1,70,2,2,1,0,0,1,31.0,18.0,voiture,deux_roues,1,1,2,1,3
202300037977,2023-04-09 23:15:00,2023,4,9,23,15,93,93010,Rue Louis Auguste Blanqui,48.89964,2.48239,Nuit avec éclairage allumé,En agglomération,Hors intersection,Normale,Deux véhicules - arrière,4,2,2,0,1,1,1,0,1,50,2,3,2,0,0,1,35.0,33.0,utilitaire_camion,voiture,5,2,1,1,2
202300037978,2023-04-10 10:25:00,2023,4,10,10,25,93,93005,Carrefour de l’Europe,48.95154,2.48195,Plein jour,Hors agglomération,Hors intersection,Pluie légère,Autre collision,3,1,1,0,1,1,2,8,1,50,1,3,2,0,0,1,45.0,,utilitaire_camion,,1,1,1,2,6
202300037979,2023-11-08 18:30:00,2023,11,8,18,30,85,85226,RD 38,46.748716,-1.983681,Nuit sans éclairage public,Hors agglomération,Intersection en Y,Pluie forte,Deux véhicules - frontale,3,2,2,0,1,3,2,0,1,70,2,4,2,0,1,1,25.0,51.0,voiture,voiture,3,1,4,3,1
202300037979,2023-11-08 18:30:00,2023,11,8,18,30,85,85226,RD 38,46.748716,-1.983681,Nuit sans éclairage public,Hors agglomération,Intersection en Y,Pluie forte,Deux véhicules - frontale,3,2, -1,-1,1,1,2,0,1,-1,2,4,2,0,1,1,25.0,51.0,voiture,voiture,3,1,4,3,1
202300037980,2023-01-27 07:56:00,2023,1,27,7,56,43,43268,RN88 ,45.136721,4.101033,Plein jour,Hors agglomération,Hors intersection,Autre,Trois véhicules et plus - en chaîne,2,3,4,0,1,1,7,0,1,110,5,7,5,0,1,1,53.0,27.0,utilitaire_camion,voiture,1,1,1,9,4
202300037981,2023-05-17 14:40:00,2023,5,17,14,40,95,95585,8 MAI 1945 (AVENUE DU),48.977795,2.369982,Plein jour,En agglomération,Hors intersection,Normale,Deux véhicules - côté,4,2,2,3,1,1,1,5,1,50,2,2,1,0,0,1,61.0,28.0,voiture,deux_roues,1,2,1,1,3
202300037982,2023-04-11 15:30:00,2023,4,11,15,30,50,50361,Le Porche,48.784088,-1.352112,Plein jour,Hors agglomération,Intersection en X,Pluie forte,Deux véhicules - côté,3,2,2,0,1,1,2,0,1,80,2,2,1,0,0,1,81.0,22.0,voiture,deux_roues,1,1,2,3,3
202300037982,2023-04-11 15:30:00,2023,4,11,15,30,50,50361,Le Porche,48.784088,-1.352112,Plein jour,Hors agglomération,Intersection en X,Pluie forte,Deux véhicules - côté,3,2, -1,-1,1,1,2,0,1,-1,2,2,1,0,0,1,81.0,22.0,voiture,deux_roues,1,1,2,3,3
202300037983,2023-11-07 18:05:00,2023,11,7,18,5,44,44047,25bis Route de Brimberne,47.247269,-1.6576069,Nuit sans éclairage public,Hors agglomération,Hors intersection,Pluie légère,Deux véhicules - frontale,4,2,2,0,2,1,2,9,1,30,2,2,0,0,1,1,58.0,48.0,voiture,voiture,3,1,1,2,1
202300037984,2023-02-26 18:55:00,2023,2,26,18,55,10,10112,D444,47.95989581,4.02132243,Nuit sans éclairage public,En agglomération,Hors intersection,Normale,Autre collision,3,2,2,0,2,2,1,0,3,50,1,1,0,0,1,0,28.0,,deux_roues,,3,2,1,1,6
202300037985,2023-04-10 17:30:00,2023,4,10,17,30,24,24295,D6089,45.15069,0.579824,Plein jour,Hors agglomération,Hors intersection,Normale,Deux véhicules - frontale,3,2,2,0,1,3,1,0,1,70,2,3,0,0,1,2,20.0,58.0,utilitaire_camion,utilitaire_camion,1,1,1,1,1
202300037986,2023-05-17 14:10:00,2023,5,17,14,10,95,95014,D109P,49.01179,2.30491,Plein jour,Hors agglomération,Intersection en T,Normale,Deux véhicules - côté,3,2,2,0,1,1,1,0,8,70,2,2,1,0,0,1,22.0,60.0,deux_roues,utilitaire_camion,1,1,3,1,3
202300037986,2023-05-17 14:10:00,2023,5,17,14,10,95,95014,D109P,49.01179,2.30491,Plein jour,Hors agglomération,Intersection en T,Normale,Deux véhicules - côté,3,2, -1,-1,1,1,1,0,8,70,2,2,1,0,0,1,22.0,60.0,deux_roues,utilitaire_camion,1,1,3,1,3
202300037987,2023-02-27 10:35:00,2023,2,27,10,35,04,04176,D111,43.75521,6.140585,Plein jour,En agglomération,Hors intersection,Normale,Deux véhicules - frontale,3,2,2,0,2,3,2,0,1,80,2,2,1,0,0,1,29.0,33.0,utilitaire_camion,utilitaire_camion,1,2,1,1,1
202300037988,2023-11-06 17:00:00,2023,11,6,17,0,27,27611,D 316,49.077162,1.246508,Crépuscule ou aube,Hors agglomération,Intersection en Y,Pluie légère,Trois véhicules et plus - en chaîne,3,2,2,0,3,3,2,0,1,70,3,3,1,0,2,0,23.0,26.0,deux_roues,deux_roues,2,1,4,2,4
202300037988,2023-11-06 17:00:00,2023,11,6,17,0,27,27611,D 316,49.077162,1.246508,Crépuscule ou aube,Hors agglomération,Intersection en Y,Pluie légère,Trois véhicules et plus - en chaîne,3,2,2,-1,1,1,2,0,1,80,3,3,1,0,2,0,23.0,26.0,deux_roues,deux_roues,2,1,4,2,4
202300037989,2023-04-11 14:25:00,2023,4,11,14,25,44,44002,Avenue de Nantes,47.080101,-1.409171,Plein jour,En agglomération,Hors intersection,Temps couvert,Deux véhicules - frontale,3,2,2,0,2,1,1,0,1,50,2,2,1,1,0,0,83.0,27.0,voiture,utilitaire_camion,1,2,1,8,1
202300037990,2023-02-25 16:45:00,2023,2,25,16,45,85,85128,Route de fontenay,46.461301,-1.129199,Plein jour,Hors agglomération,Giratoire,Temps couvert,Deux véhicules - côté,6,-1, -1,0,1,3,1,5,1,-1,2,2,1,0,1,0,23.0,53.0,voiture,deux_roues,1,1,6,8,3
202300037991,2023-11-08 06:45:00,2023,11,8,6,45,60,60395,Rue Aristide Briand,49.218123,2.129151,Nuit sans éclairage public,En agglomération,Hors intersection,Normale,Deux véhicules - côté,3,2,2,0,2,1,1,3,1,50,2,2,1,0,0,1,48.0,32.0,voiture,deux_roues,3,2,1,1,3
202300037992,2023-05-15 18:30:00,2023,5,15,18,30,95,95197,D311,48.97522428,2.3370114,Plein jour,En agglomération,Passage à niveau,Normale,Deux véhicules - côté,3,3,2,0,1,1,1,4,6,50,2,2,1,0,0,1,39.0,43.0,voiture,transport_commun,1,2,8,1,3
202300037993,2023-04-10 21:00:00,2023,4,10,21,0,972,97231,La Ferme,14.522709,-61.041348,Nuit sans éclairage public,En agglomération,Hors intersection,Normale,Deux véhicules - frontale,4,2,2,0,2,2,1,0,1,50,2,2,1,0,1,0,38.0,19.0,voiture,deux_roues,3,2,1,1,1
202300037994,2023-11-07 18:50:00,2023,11,7,18,50,80,80625,D441,49.723335,2.560313,Nuit sans éclairage public,Hors agglomération,Hors intersection,Pluie légère,Sans collision,3,2,2,0,2,4,2,0,1,80,1,1,0,0,0,1,17.0,,deux_roues,,3,1,1,2,7
202300037995,2023-02-26 17:45:00,2023,2,26,17,45,28,28176,D127,48.217582,1.492767,Plein jour,Hors agglomération,Intersection en X,Normale,Deux véhicules - côté,3,2,2,0,1,1,1,0,1,80,2,4,3,0,1,0,78.0,20.0,voiture,voiture,1,1,2,1,3
202300037995,2023-02-26 17:45:00,2023,2,26,17,45,28,28176,D127,48.217582,1.492767,Plein jour,Hors agglomération,Intersection en X,Normale,Deux véhicules - côté,3,2,2,0,1,1,1,0,1,80,2,4,3,0,1,0,78.0,20.0,voiture,voiture,1,1,2,1,3
202300037996,2023-04-11 14:45:00,2023,4,11,14,45,55,55400,A4 - PK 379.800 - Sens PARIS/STRASBOURG,49.154766,5.733125,Plein jour,Hors agglomération,Hors intersection,Normale,Deux véhicules - arrière,1,3,2,0,1,1,1,0,1,130,2,2,1,0,1,0,39.0,58.0,utilitaire_camion,voiture,1,1,1,1,2
202300037997,2023-05-17 09:56:00,2023,5,17,9,56,91,91425,RTE DES TEMPLIERS,48.644437,2.281402,Plein jour,Hors agglomération,Autre intersection,Normale,Deux véhicules - frontale,3,4,3,0,1,1,1,0,1,70,2,2,1,0,0,1,31.0,49.0,voiture,deux_roues,1,1,9,1,1
202300037997,2023-05-17 09:56:00,2023,5,17,9,56,91,91425,RTE DES TEMPLIERS,48.644437,2.281402,Plein jour,Hors agglomération,Autre intersection,Normale,Deux véhicules - frontale,3,1,2,0,1,1,1,0,1,50,2,2,1,0,0,1,31.0,49.0,voiture,deux_roues,1,1,9,1,1
202300037998,2023-11-08 08:40:00,2023,11,8,8,40,59,59035,24 Rue du Taille-pied,50.11939,3.949371,Plein jour,En agglomération,Hors intersection,Normale,Autre collision,3,2,2,0,2,1,1,0,1,-1,1,3,2,0,1,0,66.0,,voiture,,1,2,1,1,6
202300037999,2023-02-26 18:10:00,2023,2,26,18,10,28,28147,D 23 Pk 57.200,48.533402,1.240726,Crépuscule ou aube,Hors agglomération,Intersection en X,Normale,Deux véhicules - côté,3,2,2,0,1,1,1,0,1,80,2,3,2,0,1,0,79.0,43.0,voiture,voiture,2,1,2,1,3
202300037999,2023-02-26 18:10:00,2023,2,26,18,10,28,28147,D 23 Pk 57.200,48.533402,1.240726,Crépuscule ou aube,Hors agglomération,Intersection en X,Normale,Deux véhicules - côté,3,2,2,0,1,1,1,0,1,80,2,3,2,0,1,0,79.0,43.0,voiture,voiture,2,1,2,1,3
202300038000,2023-11-07 18:10:00,2023,11,7,18,10,13,13202,A55-Sens Martigues vers Marseille,43.30853531,5.36644936,Nuit avec éclairage allumé,En agglomération,Hors intersection,Normale,Deux véhicules - arrière,1,1,3,0,1,1,1,1,1,50,2,2,1,0,0,1,23.0,39.0,voiture,voiture,5,2,1,1,2
202300038001,2023-05-17 21:10:00,2023,5,17,21,10,91,91377,RUE FUSTEL DE COULANGES,48.72921,2.27775,Nuit avec éclairage allumé,En agglomération,Hors intersection,Normale,Sans collision,4,3,2,0,1,1,1,0,1,30,2,2,1,0,1,0,22.0,56.0,voiture,deux_roues,5,2,1,1,7
202300038002,2023-02-27 15:30:00,2023,2,27,15,30,988,98811,RT1/Rue Henri MARLIER,-21.059006,164.855856,Plein jour,En agglomération,Intersection en X,Normale,Deux véhicules - frontale,2,2,2,-1,-1,1,1,5,1,-1,2,2,1,0,1,0,60.0,38.0,voiture,voiture,1,2,2,1,1
202300038002,2023-02-27 15:30:00,2023,2,27,15,30,988,98811,RT1/Rue Henri MARLIER,-21.059006,164.855856,Plein jour,En agglomération,Intersection en X,Normale,Deux véhicules - frontale,2,2,2,0,1,2,1,5,1,50,2,2,1,0,1,0,60.0,38.0,voiture,voiture,1,2,2,1,1
202300038003,2023-11-07 09:00:00,2023,11,7,9,0,13,13215,A7-Sens Marseille vers Lyon,43.37977,5.35402,Plein jour,Hors agglomération,Hors intersection,Normale,Deux véhicules - arrière,1,1,3,0,2,3,1,0,1,90,2,2,1,0,1,0,52.0,37.0,utilitaire_camion,deux_roues,1,1,1,1,2
202300038004,2023-04-10 20:30:00,2023,4,10,20,30,22,22389,RN12 PR 049+500 sens Rennes vers Brest,48.47925,-2.667028,Plein jour,Hors agglomération,Hors intersection,Normale,Trois véhicules et plus - collisions multiples,2,3,2,0,1,1,1,0,1,110,3,7,2,1,0,4,85.0,72.0,voiture,voiture,1,1,1,1,5
202300038005,2023-05-17 07:50:00,2023,5,17,7,50,91,91201,AV DU GENERAL DE GAULLE,48.687107,2.399638,Plein jour,En agglomération,Hors intersection,Normale,Deux véhicules - arrière,3,2,3,0,2,1,1,0,1,50,2,3,2,0,1,0,29.0,28.0,deux_roues,voiture,1,2,1,1,2
202300038006,2023-11-07 19:14:00,2023,11,7,19,14,83,83090,A50,43.12528073,5.87485416,Nuit sans éclairage public,Hors agglomération,Hors intersection,Normale,Deux véhicules - côté,1,3,3,0,1,1,1,0,1,90,2,2,1,0,0,1,20.0,31.0,voiture,deux_roues,3,1,1,1,3
202300038007,2023-02-24 22:30:00,2023,2,24,22,30,67,67535,D919,48.908171,7.425229,Nuit sans éclairage public,Hors agglomération,Hors intersection,Normale,Deux véhicules - frontale,3,2,2,0,1,2,1,0,1,-1,2,3,0,0,0,3,26.0,28.0,voiture,voiture,3,1,1,1,1
202300038008,2023-05-17 17:40:00,2023,5,17,17,40,91,91479,AV ALEXANDRE DUMAS,48.71137,2.35905,Plein jour,En agglomération,Intersection en T,Normale,Deux véhicules - arrière,4,2,2,0,1,1,1,0,1,50,2,2,0,0,0,2,33.0,39.0,voiture,voiture,1,2,3,1,2
202300038008,2023-05-17 17:40:00,2023,5,17,17,40,91,91479,AV ALEXANDRE DUMAS,48.71137,2.35905,Plein jour,En agglomération,Intersection en T,Normale,Deux véhicules - arrière,4,2,2,0,1,1,1,0,1,50,2,2,0,0,0,2,33.0,39.0,voiture,voiture,1,2,3,1,2
202300038009,2023-04-11 07:05:00,2023,4,11,7,5,84,84071,850 Chemin des Véginières,43.859666,5.144203,Plein jour,Hors agglomération,Intersection en X,Normale,Deux véhicules - côté,3,2,2,0,1,1,1,0,1,80,2,2,1,0,1,0,23.0,40.0,utilitaire_camion,deux_roues,1,1,2,1,3
202300038009,2023-04-11 07:05:00,2023,4,11,7,5,84,84071,850 Chemin des Véginières,43.859666,5.144203,Plein jour,Hors agglomération,Intersection en X,Normale,Deux véhicules - côté,3,2, -1,-1,1,1,1,0,1,-1,2,2,1,0,1,0,23.0,40.0,utilitaire_camion,deux_roues,1,1,2,1,3
202300038010,2023-02-26 04:30:00,2023,2,26,4,30,03,03286,RN7 PK023.500,46.50302705,3.35708578,Nuit sans éclairage public,Hors agglomération,Hors intersection,Normale,Autre collision,2,1,1,0,2,2,1,3,3,30,1,2,1,0,0,1,24.0,,voiture,,3,1,1,1,6
202300038011,2023-05-16 18:30:00,2023,5,16,18,30,91,91223,CORDELIERS (RUE DES),48.43185,2.15485,Plein jour,En agglomération,Hors intersection,Normale,Sans collision,4,2,1,0,1,1,1,0,1,50,1,1,0,0,0,1,15.0,,deux_roues,,1,2,1,1,7
202300038012,2023-11-07 17:33:00,2023,11,7,17,33,83,83090,A50,43.12418712,5.8716572,Crépuscule ou aube,Hors agglomération,Hors intersection,Normale,Trois véhicules et plus - en chaîne,1,3,6,0,1,1,1,0,1,110,3,3,2,0,0,1,34.0,21.0,voiture,voiture,2,1,1,1,4
202300038013,2023-11-07 13:53:00,2023,11,7,13,53,83,83144,A57,43.13380137,5.98617217,Plein jour,Hors agglomération,Hors intersection,Normale,Autre collision,1,3,3,0,1,1,1,3,1,70,1,1,0,0,0,1,47.0,,deux_roues,,1,1,1,1,6
202300038014,2023-04-11 16:43:00,2023,4,11,16,43,60,60176,14 Rue de la Sablonnière,49.227049,2.895198,Plein jour,En agglomération,Hors intersection,Normale,Autre collision,4,2,2,0,1,1,1,0,8,50,1,2,1,0,0,1,51.0,,voiture,,1,2,1,1,6
202300038015,2023-05-16 13:30:00,2023,5,16,13,30,91,91223,FARMAN (AVENUE HENRI),48.44094,2.1504,Plein jour,En agglomération,Hors intersection,Normale,Deux véhicules - côté,4,2,2,0,1,1,1,0,1,50,2,2,1,0,0,1,18.0,43.0,deux_roues,voiture,1,2,1,1,3
202300038016,2023-02-25 13:00:00,2023,2,25,13,0,29,29124,giratoire Kerjezequel,48.585813,-4.315428,Plein jour,En agglomération,Giratoire,Normale,Deux véhicules - côté,3,1,1,0,1,1,1,0,1,30,2,4,3,0,0,1,19.0,32.0,voiture,voiture,1,2,6,1,3
202300038016,2023-02-25 13:00:00,2023,2,25,13,0,29,29124,giratoire Kerjezequel,48.585813,-4.315428,Plein jour,En agglomération,Giratoire,Normale,Deux véhicules - côté,3,2,1,0,1,1,1,0,1,30,2,4,3,0,0,1,19.0,32.0,voiture,voiture,1,2,6,1,3
202300038017,2023-04-11 07:10:00,2023,4,11,7,10,65,65156,RN 21,43.320245,0.125141,Crépuscule ou aube,Hors agglomération,Hors intersection,Normale,Sans collision,2,2,2,0,1,1,1,0,3,80,1,1,0,0,1,0,54.0,,voiture,,2,1,1,1,7
202300038018,2023-11-05 03:50:00,2023,11,5,3,50,69,69282,Route Départementale 302,45.75512,5.02725,Nuit sans éclairage public,Hors agglomération,Hors intersection,Normale,Deux véhicules - frontale,7,3,4,0,1,1,1,0,1,90,2,2,1,0,0,1,18.0,40.0,voiture,voiture,3,1,1,1,1
202300038019,2023-05-16 17:09:00,2023,5,16,17,9,87,87085,GAMBETTA (BOULEVARD),45.82869,1.25608,Plein jour,En agglomération,Intersection en T,Normale,Autre collision,4,4,4,0,2,1,1,0,1,30,1,2,1,0,0,1,26.0,,voiture,,1,2,3,1,6
202300038019,2023-05-16 17:09:00,2023,5,16,17,9,87,87085,GAMBETTA (BOULEVARD),45.82869,1.25608,Plein jour,En agglomération,Intersection en T,Normale,Autre collision,4,3,3,0,1,1,1,0,1,30,1,2,1,0,0,1,26.0,,voiture,,1,2,3,1,6
202300038020,2023-02-27 19:00:00,2023,2,27,19,0,59,59228,D621,50.337976,3.085592,Nuit sans éclairage public,Hors agglomération,Hors intersection,Normale,Deux véhicules - côté,3,2,3,0,1,1,1,0,1,80,2,4,0,2,2,0,52.0,28.0,voiture,voiture,3,1,1,1,3
202300038021,2023-04-11 14:50:00,2023,4,11,14,50,12,12077,A75 ,43.931296,3.233714,Plein jour,Hors agglomération,Hors intersection,Normale,Deux véhicules - arrière,1,3,4,0,1,1,1,0,1,130,2,3,0,0,0,3,53.0,67.0,voiture,voiture,1,1,1,1,2
202300038022,2023-10-28 11:45:00,2023,10,28,11,45,69,69266,Boulevard Périphérique Laurent Bonnevay,45.77124,4.90202,Plein jour,Hors agglomération,Hors intersection,Pluie légère,Deux véhicules - arrière,7,3,7,0,1,1,2,0,1,70,2,2,1,0,0,1,35.0,37.0,voiture,voiture,1,1,1,2,2
202300038023,2023-05-17 07:10:00,2023,5,17,7,10,85,85194,RD949,46.514081,-1.783304,Plein jour,En agglomération,Hors intersection,Normale,Deux véhicules - côté,3,3,0,0,1,1,1,0,1,50,2,2,1,0,0,1,55.0,42.0,utilitaire_camion,deux_roues,1,2,1,1,3
202300038024,2023-02-24 22:45:00,2023,2,24,22,45,83,83027,A50,43.17174674,5.77016235,Nuit sans éclairage public,Hors agglomération,Hors intersection,Normale,Deux véhicules - arrière,1,1,3,0,1,1,1,0,1,130,2,4,2,0,1,1,58.0,46.0,voiture,voiture,3,1,1,1,2
202300038025,2023-04-10 14:20:00,2023,4,10,14,20,37,37141,AUTOROUTE 85 POINT KILOMETRIQUE 130.100,47.28604145,1.07365608,Plein jour,Hors agglomération,Hors intersection,Pluie légère,Autre collision,1,3,2,0,1,1,2,2,2,130,1,2,1,0,1,0,76.0,,voiture,,1,1,1,2,6
202300038026,2023-10-30 04:50:00,2023,10,30,4,50,54,54304,Autoroute A 33,48.6713716,6.12206697,Nuit sans éclairage public,Hors agglomération,Hors intersection,Pluie forte,Deux véhicules - arrière,1,3,2,0,1,1,2,0,1,110,2,2,1,0,0,1,37.0,23.0,voiture,voiture,3,1,1,3,2
202300038027,2023-04-09 06:26:00,2023,4,9,6,26,57,57712,D38,48.778044,6.506503,Crépuscule ou aube,Hors agglomération,Hors intersection,Brouillard / fumée,Autre collision,3,2,2,0,4,1,1,2,3,80,1,1,0,0,1,0,21.0,,voiture,,2,1,1,5,6
202300038028,2023-05-16 11:40:00,2023,5,16,11,40,78,78481,MAURICE BERTEAUX (QUAI),48.89681,2.10697,Plein jour,En agglomération,Hors intersection,Normale,Deux véhicules - arrière,3,2,3,0,1,1,1,0,1,50,2,2,1,0,0,1,47.0,28.0,voiture,utilitaire_camion,1,2,1,1,2
202300038029,2023-02-26 19:05:00,2023,2,26,19,5,33,33063,ROCADE A 630,44.88180277,-0.5469346,Plein jour,Hors agglomération,Hors intersection,Normale,Deux véhicules - arrière,1,3,6,1,2,1,1,2,1,70,2,4,3,0,0,1,29.0,69.0,voiture,voiture,1,1,1,1,2
202300038030,2023-10-11 22:00:00,2023,10,11,22,0,54,54265,Autoroute A 330,48.64151,6.18085,Nuit sans éclairage public,Hors agglomération,Hors intersection,Normale,Autre collision,1,1,2,0,2,2,1,3,1,50,1,1,0,0,1,0,37.0,,deux_roues,,3,1,1,1,6
202300038031,2023-11-07 07:55:00,2023,11,7,7,55,33,33249,ROUTE NATIONALE 230,44.87248188,-0.50612748,Nuit avec éclairage allumé,Hors agglomération,Hors intersection,Pluie légère,Sans collision,2,3,6,0,1,1,2,0,1,90,1,1,0,0,0,1,35.0,,deux_roues,,5,1,1,2,7
202300038032,2023-02-26 05:00:00,2023,2,26,5,0,78,78029,A13Y,48.96807,1.85784,Nuit sans éclairage public,Hors agglomération,Hors intersection,Normale,Deux véhicules - côté,1,-1,3,0,1,1,1,0,1,130,2,2,1,0,0,1,,30.0,voiture,voiture,3,1,1,1,3
202300038033,2023-04-26 06:15:00,2023,4,26,6,15,78,78217,AVENUE MARECHAL FOCH,48.96998,1.83253,Plein jour,En agglomération,Intersection en Y,Normale,Deux véhicules - arrière,4,2,1,0,1,1,1,0,1,50,2,3,2,0,1,0,33.0,61.0,transport_commun,utilitaire_camion,1,2,4,1,2