accident_id,datetime,annee,mois,jour,heure,minute,departement,commune_insee,adresse,latitude,longitude,luminosite,agglomeration,intersection,meteo,collision,catr,circ,nbv,vosp,prof,plan,surf,infra,situ,vma,nb_vehicules,nb_usagers,nb_indemnes,nb_tues,nb_blesses_hosp,nb_blesses_legers,age_cond_1,age_cond_2,veh_type_cond_1,veh_type_cond_2,lum_code,agg_code,int_code,atm_code,col_code
202300038033,2023-04-26 06:15:00,2023,4,26,6,15,78,78217,AVENUE MARECHAL FOCH,48.96998,1.83253,Plein jour,En agglomération,Intersection en Y,Normale,Deux véhicules - arrière,4,2,1,0,1,1,1,0,1,50,2,3,2,0,1,0,33.0,61.0,transport_commun,utilitaire_camion,1,2,4,1,2
202300038034,2023-04-10 20:50:00,2023,4,10,20,50,56,56057,Petit Coat Loret,48.020054,-3.473784,Crépuscule ou aube,Hors agglomération,Hors intersection,Normale,Trois véhicules et plus - collisions multiples,3,2,2,0,1,1,1,0,1,80,3,6,1,3,2,0,36.0,30.0,voiture,voiture,2,1,1,1,5
202300038035,2023-11-07 07:25:00,2023,11,7,7,25,33,33096,AUTOROUTE A10,44.89221,-0.50099,Nuit avec éclairage allumé,Hors agglomération,Hors intersection,Pluie légère,Deux véhicules - côté,1,3,6,0,1,1,2,0,1,90,2,2,0,0,1,1,47.0,35.0,voiture,deux_roues,5,1,1,2,3
202300038036,2023-02-26 18:45:00,2023,2,26,18,45,95,95241,RN 104,49.04558887,2.44667782,Nuit sans éclairage public,Hors agglomération,Hors intersection,Normale,Trois véhicules et plus - en chaîne,2,3,4,0,1,1,1,0,1,110,3,3,2,0,0,1,72.0,51.0,voiture,voiture,3,1,1,1,4
202300038037,2023-05-17 09:00:00,2023,5,17,9,0,77,77468,PARIS (RUE DE),48.85062,2.65795,Plein jour,En agglomération,Intersection en X,Normale,Deux véhicules - frontale,4,2,2,0,1,1,1,5,1,50,2,2,0,0,1,1,27.0,44.0,voiture,voiture,1,2,2,1,1
202300038037,2023-05-17 09:00:00,2023,5,17,9,0,77,77468,PARIS (RUE DE),48.85062,2.65795,Plein jour,En agglomération,Intersection en X,Normale,Deux véhicules - frontale,4,2,2,0,1,1,1,5,1,50,2,2,0,0,1,1,27.0,44.0,voiture,voiture,1,2,2,1,1
202300038037,2023-05-17 09:00:00,2023,5,17,9,0,77,77468,PARIS (RUE DE),48.85062,2.65795,Plein jour,En agglomération,Intersection en X,Normale,Deux véhicules - frontale,4,2,2,0,1,1,1,5,1,50,2,2,0,0,1,1,27.0,44.0,voiture,voiture,1,2,2,1,1
202300038038,2023-04-09 18:20:00,2023,4,9,18,20,56,56078,Lieu-dit Billerit,47.79493,-3.509027,Plein jour,Hors agglomération,Intersection en X,Normale,Deux véhicules - frontale,3,2,2,0,3,1,1,0,1,80,2,3,0,0,0,3,53.0,22.0,voiture,voiture,1,1,2,1,1
202300038038,2023-04-09 18:20:00,2023,4,9,18,20,56,56078,Lieu-dit Billerit,47.79493,-3.509027,Plein jour,Hors agglomération,Intersection en X,Normale,Deux véhicules - frontale,3,2,2,-1,1,1,1,0,1,80,2,3,0,0,0,3,53.0,22.0,voiture,voiture,1,1,2,1,1
202300038039,2023-02-26 10:50:00,2023,2,26,10,50,94,94033,A86,48.85806851,2.48816509,Plein jour,Hors agglomération,Hors intersection,Normale,Deux véhicules - arrière,1,3,5,0,1,1,1,0,1,90,2,2,1,0,0,1,,32.0,voiture,voiture,1,1,1,1,2
202300038040,2023-05-17 19:20:00,2023,5,17,19,20,76,76540,Avenue de la Grand Mare,49.44759,1.13214,Plein jour,En agglomération,Hors intersection,Normale,Deux véhicules - arrière,7,2,3,0,2,1,1,0,1,50,2,2,0,0,0,2,62.0,29.0,deux_roues,voiture,1,2,1,1,2
202300038041,2023-04-11 09:05:00,2023,4,11,9,5,65,65389,Avenue des Sports,43.072685,0.485544,Plein jour,En agglomération,Hors intersection,Normale,Autre collision,3,2,2,0,1,1,1,0,1,50,1,1,0,0,0,1,56.0,,voiture,,1,2,1,1,6
202300038042,2023-11-06 15:05:00,2023,11,6,15,5,33,33122,AUTOROUTE A 63,44.7433,-0.70623,Plein jour,Hors agglomération,Hors intersection,Normale,Trois véhicules et plus - collisions multiples,1,3,4,0,1,1,2,0,1,110,5,7,6,0,0,1,51.0,22.0,utilitaire_camion,utilitaire_camion,1,1,1,1,5
202300038043,2023-03-28 17:45:00,2023,3,28,17,45,65,65235,70 Route de Lourdes,43.194815,0.027734,Plein jour,En agglomération,Hors intersection,Normale,Deux véhicules - arrière,3,2,2,0,1,1,1,0,1,50,2,2,1,0,1,0,29.0,76.0,deux_roues,voiture,1,2,1,1,2
202300038044,2023-02-26 05:15:00,2023,2,26,5,15,94,94018,A4,48.8239729,2.39430684,Nuit avec éclairage allumé,Hors agglomération,Hors intersection,Normale,Deux véhicules - arrière,1,3,10,0,1,1,1,0,1,90,2,4,0,0,2,2,26.0,32.0,voiture,voiture,5,1,1,1,2
202300038045,2023-05-17 10:54:00,2023,5,17,10,54,76,76351,HOTEL DE VILLE (PLACE DE),49.49475,0.10641,Plein jour,En agglomération,Intersection en X,Normale,Autre collision,4,1,2,0,1,1,1,0,1,50,1,2,1,0,0,1,69.0,,voiture,,1,2,2,1,6
202300038045,2023-05-17 10:54:00,2023,5,17,10,54,76,76351,HOTEL DE VILLE (PLACE DE),49.49475,0.10641,Plein jour,En agglomération,Intersection en X,Normale,Autre collision,4,1,2,0,1,1,1,0,1,50,1,2,1,0,0,1,69.0,,voiture,,1,2,2,1,6
202300038046,2023-11-05 23:15:00,2023,11,5,23,15,33,33249,ROCADE A 630,44.8788759,-0.52812159,Nuit avec éclairage allumé,Hors agglomération,Autre intersection,Pluie légère,Deux véhicules - arrière,1,3,6,0,2,1,2,2,1,70,2,3,2,0,0,1,42.0,50.0,voiture,voiture,5,1,9,2,2
202300038047,2023-02-25 21:10:00,2023,2,25,21,10,75,75117,PORTE DE CHAMPERRET,48.888198,2.292365,Nuit avec éclairage allumé,En agglomération,Hors intersection,Normale,Trois véhicules et plus - en chaîne,4,1,4,0,1,1,1,0,1,70,3,3,1,0,0,2,46.0,22.0,voiture,voiture,5,2,1,1,4
202300038048,2023-04-09 16:40:00,2023,4,9,16,40,11,11217,,43.233666,2.926354,Plein jour,Hors agglomération,Hors intersection,Normale,Deux véhicules - frontale,3,2,2,0,1,1,1,2,1,80,2,6,1,0,2,3,26.0,50.0,voiture,voiture,1,1,1,1,1
202300038049,2023-11-07 17:05:00,2023,11,7,17,5,91,91136,RD188 PROVINCE / A10 PARIS,48.71434,2.27235,Plein jour,Hors agglomération,Hors intersection,Normale,Trois véhicules et plus - collisions multiples,3,1,7,0,1,1,1,0,1,50,3,3,2,0,0,1,52.0,73.0,voiture,voiture,1,1,1,1,5
202300038050,2023-04-08 18:25:00,2023,4,8,18,25,71,71463,"D987, les charmières",46.234463,4.262781,Plein jour,Hors agglomération,Hors intersection,Normale,Autre collision,3,2,2,0,2,3,1,0,3,80,1,1,0,0,1,0,35.0,,deux_roues,,1,1,1,1,6
202300038051,2023-02-25 16:35:00,2023,2,25,16,35,75,75120,RUE DE BELLEVILLE,48.872532,2.378555,Plein jour,En agglomération,Intersection en T,Temps couvert,Autre collision,4,1, -1,-1,1,1,1,0,1,-1,1,2,1,0,0,1,20.0,,deux_roues,,1,2,3,8,6
202300038051,2023-02-25 16:35:00,2023,2,25,16,35,75,75120,RUE DE BELLEVILLE,48.872532,2.378555,Plein jour,En agglomération,Intersection en T,Temps couvert,Autre collision,4,2,2,0,4,1,1,0,1,30,1,2,1,0,0,1,20.0,,deux_roues,,1,2,3,8,6
202300038052,2023-05-17 14:45:00,2023,5,17,14,45,72,72181,MAC JEAN (AV) N° PAIRS 308 ET plus,47.97681,0.23313,Plein jour,En agglomération,Hors intersection,Normale,Trois véhicules et plus - collisions multiples,4,2,2,0,1,1,1,0,1,50,3,3,2,0,0,1,22.0,33.0,voiture,voiture,1,2,1,1,5
202300038053,2023-11-07 12:25:00,2023,11,7,12,25,91,91339,RN 104,48.62303,2.2698,Plein jour,Hors agglomération,Hors intersection,Normale,Trois véhicules et plus - collisions multiples,2,3,2,0,1,1,1,0,2,-1,3,4,1,2,1,0,53.0,49.0,utilitaire_camion,utilitaire_camion,1,1,1,1,5
202300038054,2023-02-25 20:10:00,2023,2,25,20,10,75,75116,RUE DES VIGNES,48.857097,2.273476,Nuit avec éclairage allumé,En agglomération,Intersection en Y,Normale,Deux véhicules - côté,4,2,1,0,1,1,1,0,1,30,2,2,1,0,0,1,60.0,60.0,deux_roues,voiture,5,2,4,1,3
202300038054,2023-02-25 20:10:00,2023,2,25,20,10,75,75116,RUE DES VIGNES,48.857097,2.273476,Nuit avec éclairage allumé,En agglomération,Intersection en Y,Normale,Deux véhicules - côté,4,1,1,0,1,1,1,0,1,30,2,2,1,0,0,1,60.0,60.0,deux_roues,voiture,5,2,4,1,3
202300038055,2023-05-16 08:27:00,2023,5,16,8,27,72,72181,ETOILE (RUE DE L'),48.00563,0.20106,Plein jour,En agglomération,Autre intersection,Normale,Autre collision,4,1,0,1,1,1,1,0,5,50,1,2,1,0,0,1,46.0,,deux_roues,,1,2,9,1,6
202300038056,2023-04-08 21:20:00,2023,4,8,21,20,42,42288,Route de Clermont,45.753462,3.983241,Nuit avec éclairage allumé,En agglomération,Hors intersection,Normale,Deux véhicules - côté,3,2,2,0,1,2,1,0,1,50,2,4,0,0,0,4,25.0,49.0,voiture,voiture,5,2,1,1,3
202300038057,2023-11-07 20:00:00,2023,11,7,20,0,78,78140,A13,48.960773,1.930545,Nuit avec éclairage allumé,Hors agglomération,Hors intersection,Normale,Autre collision,1,1,1,0,3,2,1,3,1,50,1,1,0,0,0,1,46.0,,voiture,,5,1,1,1,6
202300038058,2023-02-25 11:20:00,2023,2,25,11,20,75,75116,ROUTE DES TRIBUNES,48.859428,2.229364,Plein jour,En agglomération,Hors intersection,Normale,Deux véhicules - arrière,4,2,2,2,1,3,1,-1,5,30,2,2,0,0,0,2,63.0,64.0,deux_roues,deux_roues,1,2,1,1,2
202300038059,2023-05-17 16:15:00,2023,5,17,16,15,69,69029,Boulevard Pinel,45.72858,4.88719,Plein jour,En agglomération,Hors intersection,Normale,Autre collision,4,2,2,3,1,1,1,0,4,50,1,1,0,0,0,1,56.0,,voiture,,1,2,1,1,6
202300038060,2023-11-06 20:30:00,2023,11,6,20,30,92,92064,A13,48.83978582,2.2193934,Nuit avec éclairage allumé,Hors agglomération,Hors intersection,Normale,Autre collision,1,-1,2,0,2,1,1,2,1,70,1,1,0,0,0,1,32.0,,deux_roues,,5,1,1,1,6
202300038061,2023-04-10 17:57:00,2023,4,10,17,57,47,47138,Gagne,44.26116968,0.74047359,Plein jour,Hors agglomération,Hors intersection,Normale,Deux véhicules - arrière,3,2,2,0,1,1,1,0,1,80,2,2,0,0,1,1,33.0,50.0,deux_roues,deux_roues,1,1,1,1,2
202300038062,2023-02-25 09:40:00,2023,2,25,9,40,75,75116,ROUTE DE LA PTE DES SABLONS A LA PTE MAI,48.876696,2.273272,Plein jour,En agglomération,Hors intersection,Normale,Deux véhicules - côté,4,2,2,0,1,1,1,0,1,50,2,2,1,0,0,1,23.0,20.0,deux_roues,voiture,1,2,1,1,3
202300038063,2023-05-17 18:55:00,2023,5,17,18,55,67,67482,CARPE HAUTE (RUE DE LA),48.5961,7.78917,Plein jour,En agglomération,Intersection en T,Normale,Deux véhicules - frontale,4,-1,2,1,1,1,1,0,5,50,2,2,1,0,0,1,69.0,51.0,deux_roues,voiture,1,2,3,1,1
202300038063,2023-05-17 18:55:00,2023,5,17,18,55,67,67482,CARPE HAUTE (RUE DE LA),48.5961,7.78917,Plein jour,En agglomération,Intersection en T,Normale,Deux véhicules - frontale,4,2,2,0,1,1,1,0,1,50,2,2,1,0,0,1,69.0,51.0,deux_roues,voiture,1,2,3,1,1
202300038064,2023-11-07 19:00:00,2023,11,7,19,0,95,95277,D170 ,48.97726,2.47194,Nuit sans éclairage public,Hors agglomération,Hors intersection,Normale,Trois véhicules et plus - collisions multiples,3,3,0,0,1,1,1,0,1,90,3,4,1,0,0,3,35.0,50.0,voiture,voiture,3,1,1,1,5
202300038065,2023-04-10 17:30:00,2023,4,10,17,30,68,68215,rue de belfort,47.619262,7.022297,Plein jour,En agglomération,Hors intersection,Normale,Sans collision,3,2,2,0,1,4,1,0,4,50,1,1,0,0,0,1,34.0,,voiture,,1,2,1,1,7
202300038066,2023-02-25 11:55:00,2023,2,25,11,55,75,75115,BOULEVARD VICTOR,48.83598,2.27826,Plein jour,En agglomération,Intersection en X,Normale,Autre collision,4,3,7,0,1,1,1,0,1,50,1,2,0,0,0,2,31.0,,deux_roues,,1,2,2,1,6
202300038066,2023-02-25 11:55:00,2023,2,25,11,55,75,75115,BOULEVARD VICTOR,48.83598,2.27826,Plein jour,En agglomération,Intersection en X,Normale,Autre collision,4,2, -1,-1,1,1,1,0,1,-1,1,2,0,0,0,2,31.0,,deux_roues,,1,2,2,1,6
202300038067,2023-04-06 15:30:00,2023,4,6,15,30,39,39217,,46.708272,5.535736,Plein jour,Hors agglomération,Hors intersection,Normale,Autre collision,4,-1,2,0,1,1,1,0,3,80,1,1,0,1,0,0,76.0,,voiture,,1,1,1,1,6
202300038068,2023-05-17 17:50:00,2023,5,17,17,50,67,67482,OR (RUE D ),48.57826,7.74963,Plein jour,En agglomération,Intersection en X,Normale,Autre collision,4,1,1,0,1,1,1,5,1,50,1,2,1,0,0,1,,,deux_roues,,1,2,2,1,6
202300038068,2023-05-17 17:50:00,2023,5,17,17,50,67,67482,OR (RUE D ),48.57826,7.74963,Plein jour,En agglomération,Intersection en X,Normale,Autre collision,4,1,2,0,1,2,1,5,1,50,1,2,1,0,0,1,,,deux_roues,,1,2,2,1,6
202300038069,2023-11-07 17:30:00,2023,11,7,17,30,93,93066,AUTOROUTE A1,48.90441,2.35824,Nuit sans éclairage public,Hors agglomération,Hors intersection,Normale,Trois véhicules et plus - collisions multiples,1,3,4,0,1,1,1,0,1,90,3,3,2,0,0,1,19.0,34.0,deux_roues,voiture,3,1,1,1,5
202300038070,2023-02-25 13:00:00,2023,2,25,13,0,75,75114,BOULEVARD BRUNE,48.824903,2.318393,Plein jour,En agglomération,Intersection en X,Normale,Deux véhicules - arrière,4,3,8,0,1,1,1,0,1,50,2,2,1,0,0,1,47.0,76.0,deux_roues,voiture,1,2,2,1,2
202300038070,2023-02-25 13:00:00,2023,2,25,13,0,75,75114,BOULEVARD BRUNE,48.824903,2.318393,Plein jour,En agglomération,Intersection en X,Normale,Deux véhicules - arrière,4,1, -1,-1,1,1,1,0,1,-1,2,2,1,0,0,1,47.0,76.0,deux_roues,voiture,1,2,2,1,2
202300038071,2023-05-17 08:30:00,2023,5,17,8,30,67,67482,SAINT GUILLAUME (RUE),48.58215,7.75782,Plein jour,En agglomération,Hors intersection,Normale,Deux véhicules - côté,4,1,1,1,1,1,1,0,1,30,2,2,1,0,0,1,21.0,61.0,deux_roues,deux_roues,1,2,1,1,3
202300038072,2023-02-25 08:30:00,2023,2,25,8,30,75,75112,BOULEVARD PONIATOWSKI,48.834808,2.405641,Plein jour,En agglomération,Intersection en T,Normale,Autre collision,4,1,2,0,1,1,1,0,1,30,1,1,0,0,0,1,24.0,,deux_roues,,1,2,3,1,6
202300038072,2023-02-25 08:30:00,2023,2,25,8,30,75,75112,BOULEVARD PONIATOWSKI,48.834808,2.405641,Plein jour,En agglomération,Intersection en T,Normale,Autre collision,4,1, -1,-1,1,1,1,0,1,-1,1,1,0,0,0,1,24.0,,deux_roues,,1,2,3,1,6
202300038073,2023-11-06 18:45:00,2023,11,6,18,45,95,95424,A15,48.99132307,2.19141748,Crépuscule ou aube,Hors agglomération,Hors intersection,Normale,Deux véhicules - côté,1,3,3,0,1,1,1,0,1,110,2,2,1,0,0,1,18.0,25.0,voiture,deux_roues,2,1,1,1,3
202300038074,2023-04-09 15:40:00,2023,4,9,15,40,44,44029,152 Rue de la levée de la divatte ,47.279811,-1.388617,Plein jour,En agglomération,Hors intersection,Normale,Deux véhicules - frontale,3,2,2,0,1,1,1,0,1,70,2,3,1,0,2,0,19.0,69.0,voiture,deux_roues,1,2,1,1,1
202300038075,2023-05-16 15:35:00,2023,5,16,15,35,67,67482,SEBASTOPOL (RUE DE),48.585922,7.743269,Plein jour,En agglomération,Hors intersection,Temps couvert,Deux véhicules - côté,4,1,1,3,1,1,1,9,6,50,2,2,1,0,0,1,28.0,45.0,voiture,deux_roues,1,2,1,8,3
202300038076,2023-02-25 10:22:00,2023,2,25,10,22,94,94081,Rue Montebello,48.79213,2.39352,Plein jour,En agglomération,Hors intersection,Normale,Autre collision,4,1,1,2,1,1,1,1,8,-1,1,2,1,0,0,1,53.0,,voiture,,1,2,1,1,6
202300038077,2023-11-07 07:00:00,2023,11,7,7,0,92,92036,AUTOROUTE A15,48.94920532,2.28069842,Crépuscule ou aube,En agglomération,Hors intersection,Normale,Deux véhicules - côté,1,3,4,0,1,3,2,2,1,110,2,2,1,0,0,1,51.0,31.0,utilitaire_camion,voiture,2,2,1,1,3
202300038078,2023-05-17 09:10:00,2023,5,17,9,10,64,64189,JAURES JEAN  (AVENUE),43.37955,-1.66942,Plein jour,En agglomération,Hors intersection,Normale,Deux véhicules - arrière,3,-1,2,0,1,1,1,0,1,50,2,2,1,0,0,1,58.0,31.0,deux_roues,utilitaire_camion,1,2,1,1,2
202300038079,2023-04-09 00:44:00,2023,4,9,0,44,34,34154,D62e2,43.548735,3.979915,Nuit avec éclairage allumé,En agglomération,Intersection à plus de 4 branches,Normale,Deux véhicules - côté,3,4,2,0,1,1,1,0,1,50,2,4,1,0,0,3,23.0,22.0,voiture,voiture,5,2,5,1,3
202300038079,2023-04-09 00:44:00,2023,4,9,0,44,34,34154,D62e2,43.548735,3.979915,Nuit avec éclairage allumé,En agglomération,Intersection à plus de 4 branches,Normale,Deux véhicules - côté,3,3, -1,-1,1,1,1,5,1,-1,2,4,1,0,0,3,23.0,22.0,voiture,voiture,5,2,5,1,3
202300038080,2023-02-25 09:35:00,2023,2,25,9,35,94,94076,131 Avenue de Paris,48.80108,2.36525,Plein jour,En agglomération,Intersection en Y,Normale,Deux véhicules - côté,3,3,4,3,2,1,1,-1,6,50,2,2,1,0,0,1,33.0,29.0,deux_roues,voiture,1,2,4,1,3
202300038080,2023-02-25 09:35:00,2023,2,25,9,35,94,94076,131 Avenue de Paris,48.80108,2.36525,Plein jour,En agglomération,Intersection en Y,Normale,Deux véhicules - côté,3,2,4,0,2,1,1,0,1,50,2,2,1,0,0,1,33.0,29.0,deux_roues,voiture,1,2,4,1,3
202300038081,2023-11-07 05:40:00,2023,11,7,5,40,93,93078,AUTOROUTE A104,48.96358,2.52151,Nuit sans éclairage public,Hors agglomération,Hors intersection,Normale,Trois véhicules et plus - collisions multiples,1,3,3,0,1,1,1,0,1,90,3,3,1,0,0,2,37.0,,utilitaire_camion,voiture,3,1,1,1,5
202300038082,2023-05-17 13:25:00,2023,5,17,13,25,61,61117,D112,48.4357,0.03211,Plein jour,Hors agglomération,Hors intersection,Normale,Deux véhicules - arrière,3,2,2,0,2,1,1,0,3,90,2,2,1,0,0,1,55.0,23.0,voiture,deux_roues,1,1,1,1,2
202300038083,2023-04-08 21:00:00,2023,4,8,21,0,29,29158,Route de Quélourn,47.813785,-4.348338,Crépuscule ou aube,Hors agglomération,Hors intersection,Normale,Sans collision,3,2,2,0,1,3,1,0,3,70,1,1,0,0,1,0,29.0,,deux_roues,,2,1,1,1,7
202300038084,2023-02-25 02:45:00,2023,2,25,2,45,94,94041,Avenue de Verdun,48.81231,2.37075,Nuit avec éclairage allumé,En agglomération,Hors intersection,Normale,Autre collision,3,3,2,3,1,1,1,0,1,50,1,1,0,0,0,1,21.0,,voiture,,5,2,1,1,6
202300038085,2023-11-06 21:40:00,2023,11,6,21,40,95,95678,N104,49.07307,2.23774,Nuit sans éclairage public,Hors agglomération,Hors intersection,Normale,Sans collision,2,3,2,0,2,1,1,3,1,110,1,1,0,0,0,1,21.0,,voiture,,3,1,1,1,7
202300038086,2023-04-11 17:00:00,2023,4,11,17,0,31,31426,chemin communal entre camis,43.080679,0.60634,Plein jour,En agglomération,Hors intersection,Normale,Sans collision,4,2,2,0,1,1,1,0,1,50,1,1,0,0,0,1,45.0,,deux_roues,,1,2,1,1,7
202300038087,2023-05-17 11:00:00,2023,5,17,11,0,59,59599,PAPIN (CHAUSSEE DENIS),50.731936,3.141825,Plein jour,En agglomération,Hors intersection,Normale,Autre collision,7,-1,0,0,1,1,1,9,8,30,1,4,2,0,0,2,88.0,,voiture,,1,2,1,1,6
202300038088,2023-11-06 12:50:00,2023,11,6,12,50,95,95028,N104,49.06147,2.36001,Plein jour,Hors agglomération,Hors intersection,Normale,Deux véhicules - arrière,2,3,2,0,1,1,1,0,1,110,2,2,0,0,0,2,25.0,63.0,voiture,voiture,1,1,1,1,2
202300038089,2023-02-25 18:50:00,2023,2,25,18,50,94,94077,Avenue du 8 Mai 1945,48.73159,2.40602,Nuit avec éclairage allumé,En agglomération,Hors intersection,Normale,Trois véhicules et plus - collisions multiples,3,2,3,0,1,1,1,0,1,50,4,6,4,0,0,2,22.0,37.0,voiture,voiture,5,2,1,1,5
202300038090,2023-04-10 16:50:00,2023,4,10,16,50,31,31585,D817,43.116413,0.648193,Plein jour,Hors agglomération,Hors intersection,Normale,Deux véhicules - frontale,3,2,2,0,1,3,1,0,1,80,2,3,0,0,2,1,30.0,76.0,voiture,voiture,1,1,1,1,1
202300038091,2023-05-17 14:30:00,2023,5,17,14,30,59,59512,GAMBETTA ( BOULEVARD),50.692319,3.184795,Plein jour,En agglomération,Intersection à plus de 4 branches,Normale,Deux véhicules - côté,7,2,2,0,1,1,1,9,1,50,2,3,0,0,0,3,43.0,29.0,voiture,voiture,1,2,5,1,3
202300038091,2023-05-17 14:30:00,2023,5,17,14,30,59,59512,GAMBETTA ( BOULEVARD),50.692319,3.184795,Plein jour,En agglomération,Intersection à plus de 4 branches,Normale,Deux véhicules - côté,7,2,4,0,1,1,1,0,1,50,2,3,0,0,0,3,43.0,29.0,voiture,voiture,1,2,5,1,3
202300038092,2023-11-07 18:10:00,2023,11,7,18,10,77,77181,A4,48.83080044,2.69269565,Nuit sans éclairage public,Hors agglomération,Hors intersection,Normale,Deux véhicules - arrière,1,3,3,0,1,1,1,0,1,110,2,4,2,0,0,2,47.0,30.0,voiture,voiture,3,1,1,1,2
202300038093,2023-04-04 08:15:00,2023,4,4,8,15,72,72048,La Guerinière,48.16292244,0.4082036,Plein jour,Hors agglomération,Hors intersection,Normale,Deux véhicules - côté,3,2,2,0,1,1,1,0,1,-1,2,2,1,0,1,0,42.0,28.0,deux_roues,autre,1,1,1,1,3
202300038094,2023-11-06 18:00:00,2023,11,6,18,0,94,94015,A4,48.82928864,2.52841632,Nuit avec éclairage non allumé,Hors agglomération,Hors intersection,Pluie légère,Trois véhicules et plus - collisions multiples,1,1,4,0,1,1,2,0,1,90,3,3,0,0,1,2,48.0,42.0,voiture,voiture,4,1,1,2,5
202300038095,2023-02-25 16:50:00,2023,2,25,16,50,93,93048,Avenue Leo Lagrange / Boulevard Aristide Briand,48.87626,2.4561,Plein jour,En agglomération,Intersection en X,Normale,Deux véhicules - côté,3,2,4,1,1,1,1,0,1,30,2,2,1,0,0,1,26.0,33.0,deux_roues,voiture,1,2,2,1,3
202300038095,2023-02-25 16:50:00,2023,2,25,16,50,93,93048,Avenue Leo Lagrange / Boulevard Aristide Briand,48.87626,2.4561,Plein jour,En agglomération,Intersection en X,Normale,Deux véhicules - côté,3,2,2,0,1,1,1,0,1,30,2,2,1,0,0,1,26.0,33.0,deux_roues,voiture,1,2,2,1,3
202300038096,2023-04-11 12:11:00,2023,4,11,12,11,50,50484,Rue de Mortain,48.57745,-1.093209,Plein jour,En agglomération,Intersection en X,Temps couvert,Autre collision,3,2,2,0,1,1,1,5,1,30,1,2,1,1,0,0,63.0,,utilitaire_camion,,1,2,2,8,6
202300038096,2023-04-11 12:11:00,2023,4,11,12,11,50,50484,Rue de Mortain,48.57745,-1.093209,Plein jour,En agglomération,Intersection en X,Temps couvert,Autre collision,3,2, -1,-1,1,1,1,5,1,-1,1,2,1,1,0,0,63.0,,utilitaire_camion,,1,2,2,8,6
202300038097,2023-05-16 12:25:00,2023,5,16,12,25,59,59527,CARNOT SADI RUE,50.66284,3.05713,Plein jour,En agglomération,Intersection en T,Normale,Deux véhicules - côté,7,2,2,0,1,1,1,0,1,30,2,2,1,0,0,1,23.0,24.0,deux_roues,voiture,1,2,3,1,3
202300038097,2023-05-16 12:25:00,2023,5,16,12,25,59,59527,CARNOT SADI RUE,50.66284,3.05713,Plein jour,En agglomération,Intersection en T,Normale,Deux véhicules - côté,7,-1,2,0,1,1,1,0,1,30,2,2,1,0,0,1,23.0,24.0,deux_roues,voiture,1,2,3,1,3
202300038098,2023-02-25 18:35:00,2023,2,25,18,35,92,92073,DASSAULT (QUAI MARCEL),48.86022718,2.22458303,Nuit avec éclairage allumé,En agglomération,Hors intersection,Normale,Deux véhicules - côté,3,2,4,0,1,1,1,0,1,50,2,2,1,0,0,1,21.0,35.0,utilitaire_camion,deux_roues,5,2,1,1,3
202300038099,2023-07-13 18:20:00,2023,7,13,18,20,14,14654,Les Cheminees (Saint-Pierre-sur-Dives),49.023011,-0.04916,Plein jour,Hors agglomération,Hors intersection,Normale,Deux véhicules - frontale,3,2,2,0,2,3,1,0,1,80,2,2,1,1,0,0,37.0,16.0,utilitaire_camion,deux_roues,1,1,1,1,1
202300038100,2023-04-03 09:00:00,2023,4,3,9,0,09,09103,Vallée de la Lèze,43.012412,1.608038,Plein jour,En agglomération,Intersection en Y,Pluie forte,Deux véhicules - côté,3,3,2,0,1,3,2,0,1,50,2,2,1,0,1,0,19.0,52.0,deux_roues,voiture,1,2,4,3,3
202300038100,2023-04-03 09:00:00,2023,4,3,9,0,09,09103,Vallée de la Lèze,43.012412,1.608038,Plein jour,En agglomération,Intersection en Y,Pluie forte,Deux véhicules - côté,3,2, -1,-1,1,1,2,0,1,-1,2,2,1,0,1,0,19.0,52.0,deux_roues,voiture,1,2,4,3,3
202300038101,2023-05-13 17:30:00,2023,5,13,17,30,57,57306,CASTELNAU (RUE DU GENERAL DE),49.32712186,6.05781198,Plein jour,En agglomération,Hors intersection,Normale,Autre collision,4,1,1,0,1,3,1,0,1,50,1,3,0,0,1,2,45.0,,deux_roues,,1,2,1,1,6
202300038102,2023-02-25 17:05:00,2023,2,25,17,5,92,92064,CARNOT,48.84665,2.22353,Plein jour,En agglomération,Intersection en X,Normale,Deux véhicules - côté,3,4,2,0,1,1,1,0,1,50,2,3,1,0,0,2,25.0,30.0,voiture,deux_roues,1,2,2,1,3
202300038102,2023-02-25 17:05:00,2023,2,25,17,5,92,92064,CARNOT,48.84665,2.22353,Plein jour,En agglomération,Intersection en X,Normale,Deux véhicules - côté,3,4,1,0,1,3,1,2,1,50,2,3,1,0,0,2,25.0,30.0,voiture,deux_roues,1,2,2,1,3
202300038103,2023-06-25 09:20:00,2023,6,25,9,20,14,14480,RN 13 PR124+400 sens Cherbourg/Caen,49.32722,-1.078463,Plein jour,Hors agglomération,Hors intersection,Normale,Deux véhicules - arrière,2,2,2,0,1,3,1,0,1,110,2,6,1,0,1,4,75.0,25.0,voiture,voiture,1,1,1,1,2
202300038104,2023-02-25 08:30:00,2023,2,25,8,30,974,97415,Chemin Ravine Bernica,-21.014225,55.273536,Plein jour,En agglomération,Hors intersection,Normale,Autre collision,4,2,2,0,1,1,1,0,1,50,1,3,1,0,0,2,56.0,,voiture,,1,2,1,1,6