accident_id,datetime,annee,mois,jour,heure,minute,departement,commune_insee,adresse,latitude,longitude,luminosite,agglomeration,intersection,meteo,collision,catr,circ,nbv,vosp,prof,plan,surf,infra,situ,vma,nb_vehicules,nb_usagers,nb_indemnes,nb_tues,nb_blesses_hosp,nb_blesses_legers,age_cond_1,age_cond_2,veh_type_cond_1,veh_type_cond_2,lum_code,agg_code,int_code,atm_code,col_code
202300038398,2023-09-04 07:45:00,2023,9,4,7,45,73,73247,D1006,45.541375,6.136336,Plein jour,Hors agglomération,Intersection en T,Normale,Deux véhicules - côté,3,2,2,0,1,1,1,5,8,80,2,2,0,0,1,1,43.0,59.0,voiture,voiture,1,1,3,1,3
202300038399,2023-12-08 15:54:00,2023,12,8,15,54,971,97124,Route de Morin,16.005329,-61.699315,Plein jour,Hors agglomération,Hors intersection,Normale,Autre collision,4,2,2,0,2,1,1,0,1,50,1,1,0,0,1,0,38.0,,deux_roues,,1,1,1,1,6
202300038400,2023-04-07 12:45:00,2023,4,7,12,45,39,39470,,46.502886,6.029847,Plein jour,Hors agglomération,Hors intersection,Neige / grêle,Deux véhicules - frontale,2,2,2,0,2,4,9,0,1,80,2,2,0,0,1,1,49.0,28.0,voiture,voiture,1,1,1,4,1
202300038401,2023-12-09 04:55:00,2023,12,9,4,55,972,97224,N4,14.672749,-61.018807,Nuit sans éclairage public,Hors agglomération,Hors intersection,Autre,Deux véhicules - frontale,2,2,2,0,2,1,2,0,1,80,2,2,1,0,1,0,27.0,66.0,voiture,voiture,3,1,1,9,1
202300038402,2023-09-03 14:55:00,2023,9,3,14,55,18,18028,2 Rue du Stade,47.110984,2.290177,Plein jour,En agglomération,Giratoire,Normale,Deux véhicules - frontale,3,-1,2,0,1,1,1,0,1,50,2,4,2,0,2,0,14.0,20.0,deux_roues,voiture,1,2,6,1,1
202300038402,2023-09-03 14:55:00,2023,9,3,14,55,18,18028,2 Rue du Stade,47.110984,2.290177,Plein jour,En agglomération,Giratoire,Normale,Deux véhicules - frontale,3,2, -1,-1,1,1,1,0,1,-1,2,4,2,0,2,0,14.0,20.0,deux_roues,voiture,1,2,6,1,1
202300038403,2023-04-08 10:45:00,2023,4,8,10,45,25,25532,"RD67, PK 031.200",47.20087,6.106349,Plein jour,Hors agglomération,Hors intersection,Normale,Deux véhicules - frontale,3,2,2,0,2,1,1,0,1,80,2,2,0,0,1,1,41.0,51.0,deux_roues,voiture,1,1,1,1,1
202300038404,2023-04-09 03:32:00,2023,4,9,3,32,29,29187,Pont Amis,48.561187,-4.128526,Nuit sans éclairage public,Hors agglomération,Intersection en T,Normale,Autre collision,3,2,3,0,1,1,1,5,3,80,1,3,1,0,0,2,35.0,,utilitaire_camion,,3,1,3,1,6
202300038404,2023-04-09 03:32:00,2023,4,9,3,32,29,29187,Pont Amis,48.561187,-4.128526,Nuit sans éclairage public,Hors agglomération,Intersection en T,Normale,Autre collision,3,2,2,-1,1,1,1,5,1,-1,1,3,1,0,0,2,35.0,,utilitaire_camion,,3,1,3,1,6
202300038405,2023-12-12 07:20:00,2023,12,12,7,20,45,45082,D2060 PR 73 + 381,47.897751,2.20724,Nuit sans éclairage public,Hors agglomération,Hors intersection,Pluie légère,Sans collision,3,2,2,0,1,1,2,0,3,90,1,1,0,0,1,0,21.0,,voiture,,3,1,1,2,7
202300038406,2023-09-03 14:00:00,2023,9,3,14,0,18,18195,,46.853016,2.841961,Plein jour,Hors agglomération,Hors intersection,Normale,Deux véhicules - frontale,3,2,2,0,1,1,1,0,1,80,2,5,1,0,2,2,66.0,72.0,voiture,voiture,1,1,1,1,1
202300038407,2023-04-09 11:44:00,2023,4,9,11,44,29,29076,Rue du Léon,48.469251,-4.560871,Plein jour,En agglomération,Intersection en X,Normale,Deux véhicules - côté,3,2,2,0,2,1,1,0,1,50,2,2,1,0,1,0,31.0,51.0,utilitaire_camion,deux_roues,1,2,2,1,3
202300038407,2023-04-09 11:44:00,2023,4,9,11,44,29,29076,Rue du Léon,48.469251,-4.560871,Plein jour,En agglomération,Intersection en X,Normale,Deux véhicules - côté,3,2,2,0,1,1,1,0,1,50,2,2,1,0,1,0,31.0,51.0,utilitaire_camion,deux_roues,1,2,2,1,3
202300038408,2023-12-10 03:50:00,2023,12,10,3,50,2A,2A247,D859,41.566567,9.249051,Nuit sans éclairage public,Hors agglomération,Hors intersection,Normale,Deux véhicules - frontale,3,2,2,0,1,1,1,0,1,80,2,3,0,0,1,2,37.0,31.0,utilitaire_camion,utilitaire_camion,3,1,1,1,1
202300038409,2023-09-03 08:18:00,2023,9,3,8,18,10,10323,Pl des Martyrs de la Liberation,48.519522,3.726339,Plein jour,En agglomération,Giratoire,Normale,Deux véhicules - côté,4,2,2,1,1,2,1,0,1,50,2,2,1,0,1,0,44.0,18.0,voiture,deux_roues,1,2,6,1,3
202300038410,2023-12-12 19:00:00,2023,12,12,19,0,66,66026,,42.561812,2.890091,Nuit sans éclairage public,Hors agglomération,Hors intersection,Normale,Sans collision,3,3,2,0,1,1,1,0,3,80,1,1,0,1,0,0,42.0,,voiture,,3,1,1,1,7
202300038411,2023-04-09 18:30:00,2023,4,9,18,30,31,31079,Rue Jean Jaurès,43.780417,1.405472,Plein jour,En agglomération,Intersection en X,Normale,Deux véhicules - côté,3,2,2,0,2,1,1,0,1,50,2,2,1,0,1,0,50.0,17.0,voiture,deux_roues,1,2,2,1,3
202300038411,2023-04-09 18:30:00,2023,4,9,18,30,31,31079,Rue Jean Jaurès,43.780417,1.405472,Plein jour,En agglomération,Intersection en X,Normale,Deux véhicules - côté,3,2,2,0,2,1,1,0,1,50,2,2,1,0,1,0,50.0,17.0,voiture,deux_roues,1,2,2,1,3
202300038412,2023-09-04 18:25:00,2023,9,4,18,25,10,10165,D43,48.315853,4.306362,Plein jour,Hors agglomération,Hors intersection,Normale,Deux véhicules - frontale,3,2,2,0,1,4,1,0,1,-1,2,3,0,0,1,2,30.0,31.0,voiture,voiture,1,1,1,1,1
202300038413,2023-04-09 18:00:00,2023,4,9,18,0,26,26321,RD 135,44.594012,5.27966,Plein jour,Hors agglomération,Hors intersection,Normale,Autre collision,3,2,2,0,1,4,1,2,1,80,1,1,0,0,1,0,41.0,,deux_roues,,1,1,1,1,6
202300038414,2023-09-03 18:30:00,2023,9,3,18,30,36,36169,,46.768322,2.105384,Plein jour,Hors agglomération,Hors intersection,Normale,Autre collision,3,2,2,0,1,1,1,0,3,80,1,4,2,0,0,2,35.0,,voiture,,1,1,1,1,6
202300038415,2023-09-02 19:40:00,2023,9,2,19,40,07,07213,607 chemin de Lablachère,44.502739,4.144639,Crépuscule ou aube,Hors agglomération,Hors intersection,Normale,Deux véhicules - frontale,3,2,2,0,2,2,1,0,1,90,2,2,1,0,0,1,50.0,16.0,utilitaire_camion,deux_roues,2,1,1,1,1
202300038416,2023-12-11 17:45:00,2023,12,11,17,45,54,54463,carrefour des quatre vents,48.795617,6.014752,Nuit sans éclairage public,Hors agglomération,Intersection en X,Normale,Deux véhicules - côté,3,2,2,0,1,1,2,0,1,80,2,4,3,0,1,0,50.0,72.0,voiture,voiture,3,1,2,1,3
202300038416,2023-12-11 17:45:00,2023,12,11,17,45,54,54463,carrefour des quatre vents,48.795617,6.014752,Nuit sans éclairage public,Hors agglomération,Intersection en X,Normale,Deux véhicules - côté,3,2, -1,-1,2,1,2,0,1,80,2,4,3,0,1,0,50.0,72.0,voiture,voiture,3,1,2,1,3
202300038417,2023-04-09 10:50:00,2023,4,9,10,50,58,58303,Rue des Grands Jardins,47.000909,3.134599,Plein jour,En agglomération,Hors intersection,Normale,Autre collision,3,2,2,3,1,1,1,6,6,30,1,2,1,0,1,0,,,voiture,,1,2,1,1,6
202300038418,2023-09-02 04:15:00,2023,9,2,4,15,07,07346,8 Faubourg Les Sautelles,44.485553,4.678116,Nuit avec éclairage allumé,En agglomération,Hors intersection,Normale,Autre collision,3,-1,2,0,1,1,1,0,1,50,1,2,1,1,0,0,28.0,,voiture,,5,2,1,1,6
202300038419,2023-04-09 21:25:00,2023,4,9,21,25,58,58046,Route de Decize,46.853529,3.636732,Nuit sans éclairage public,Hors agglomération,Hors intersection,Normale,Deux véhicules - frontale,3,2,2,0,1,1,1,0,1,80,2,3,1,0,0,2,88.0,26.0,voiture,deux_roues,3,1,1,1,1
202300038420,2023-12-10 20:30:00,2023,12,10,20,30,54,54557,D400,48.69202095,6.04331195,Nuit sans éclairage public,Hors agglomération,Intersection en Y,Pluie légère,Deux véhicules - côté,3,1,1,0,1,1,2,3,1,70,2,5,3,0,0,2,59.0,39.0,voiture,voiture,3,1,4,2,3
202300038420,2023-12-10 20:30:00,2023,12,10,20,30,54,54557,D400,48.69202095,6.04331195,Nuit sans éclairage public,Hors agglomération,Intersection en Y,Pluie légère,Deux véhicules - côté,3,1, -1,-1,1,1,2,3,1,70,2,5,3,0,0,2,59.0,39.0,voiture,voiture,3,1,4,2,3
202300038421,2023-04-10 11:20:00,2023,4,10,11,20,14,14371,2139 Avenue de Neuville,48.988244,0.161906,Plein jour,Hors agglomération,Hors intersection,Normale,Deux véhicules - côté,4,2,2,0,1,1,1,0,1,70,2,2,0,0,1,1,19.0,15.0,deux_roues,deux_roues,1,1,1,1,3
202300038422,2023-12-08 20:50:00,2023,12,8,20,50,42,42326,Chemin la Combe,45.368078,4.666293,Nuit sans éclairage public,En agglomération,Hors intersection,Pluie légère,Autre collision,4,1,1,0,2,1,6,9,8,50,1,3,2,1,0,0,17.0,,utilitaire_camion,,3,2,1,2,6
202300038423,2023-04-09 16:45:00,2023,4,9,16,45,83,83082,"D955, n°71",43.60560429,6.47990289,Plein jour,Hors agglomération,Hors intersection,Normale,Deux véhicules - arrière,3,2,2,0,1,1,1,0,1,80,2,2,1,0,0,1,27.0,21.0,deux_roues,utilitaire_camion,1,1,1,1,2
202300038424,2023-12-10 18:15:00,2023,12,10,18,15,26,26084,Route du Péage,45.028702,4.991441,Nuit sans éclairage public,Hors agglomération,Hors intersection,Pluie légère,Deux véhicules - frontale,3,2,2,0,2,3,2,0,1,80,2,2,0,0,1,1,38.0,57.0,voiture,deux_roues,3,1,1,2,1
202300038425,2023-09-01 17:30:00,2023,9,1,17,30,53,53104,Rue de la Division Leclerc,47.8541,-0.6077,Plein jour,En agglomération,Intersection en X,Pluie légère,Deux véhicules - côté,3,1,1,0,1,1,2,0,1,50,2,2,1,0,0,1,16.0,67.0,deux_roues,voiture,1,2,2,2,3
202300038425,2023-09-01 17:30:00,2023,9,1,17,30,53,53104,Rue de la Division Leclerc,47.8541,-0.6077,Plein jour,En agglomération,Intersection en X,Pluie légère,Deux véhicules - côté,3,2,2,0,1,1,2,0,1,50,2,2,1,0,0,1,16.0,67.0,deux_roues,voiture,1,2,2,2,3
202300038426,2023-12-12 11:05:00,2023,12,12,11,5,65,65059,Rue du Monné,43.073608,0.145813,Plein jour,En agglomération,Hors intersection,Normale,Deux véhicules - arrière,4,2,2,0,1,1,1,0,1,50,2,2,1,0,1,0,63.0,74.0,deux_roues,voiture,1,2,1,1,2
202300038427,2023-04-10 12:10:00,2023,4,10,12,10,73,73105,D1006,45.468122,5.736204,Plein jour,Hors agglomération,Hors intersection,Normale,Autre collision,3,2,2,0,1,2,1,0,3,80,1,1,0,1,0,0,34.0,,deux_roues,,1,1,1,1,6
202300038428,2023-12-12 08:10:00,2023,12,12,8,10,64,64067,Rue de la Poste,43.251247,-0.298294,Plein jour,En agglomération,Intersection en T,Normale,Deux véhicules - côté,4,2, -1,-1,1,1,1,0,1,-1,2,4,3,0,1,0,68.0,35.0,utilitaire_camion,voiture,1,2,3,1,3
202300038428,2023-12-12 08:10:00,2023,12,12,8,10,64,64067,Rue de la Poste,43.251247,-0.298294,Plein jour,En agglomération,Intersection en T,Normale,Deux véhicules - côté,4,2,2,0,1,1,1,0,1,50,2,4,3,0,1,0,68.0,35.0,utilitaire_camion,voiture,1,2,3,1,3
202300038429,2023-04-09 12:10:00,2023,4,9,12,10,43,43037,Chemin communal,44.88531,3.785284,Plein jour,Hors agglomération,Hors intersection,Normale,Autre collision,4,-1,1,0,1,1,1,0,1,50,1,2,0,0,1,1,56.0,,deux_roues,,1,1,1,1,6
202300038430,2023-09-04 14:30:00,2023,9,4,14,30,21,21393,D965,47.901049,4.618844,Plein jour,Hors agglomération,Intersection en X,Normale,Deux véhicules - arrière,3,2,1,0,1,1,1,5,1,90,2,3,1,0,2,0,43.0,68.0,voiture,deux_roues,1,1,2,1,2
202300038430,2023-09-04 14:30:00,2023,9,4,14,30,21,21393,D965,47.901049,4.618844,Plein jour,Hors agglomération,Intersection en X,Normale,Deux véhicules - arrière,3,2,2,0,1,1,1,0,1,90,2,3,1,0,2,0,43.0,68.0,voiture,deux_roues,1,1,2,1,2
202300038431,2023-12-12 01:40:00,2023,12,12,1,40,56,56178,Avenue du General Leclerc,48.081466,-2.94741,Nuit avec éclairage non allumé,Hors agglomération,Hors intersection,Pluie légère,Sans collision,4,2,2,0,3,1,2,0,3,70,1,1,0,1,0,0,38.0,,voiture,,4,1,1,2,7
202300038432,2023-04-09 18:25:00,2023,4,9,18,25,07,07338,D2,44.894219,4.641731,Plein jour,En agglomération,Intersection en T,Normale,Sans collision,3,2,2,0,1,1,1,0,1,30,1,1,0,0,0,1,58.0,,deux_roues,,1,2,3,1,7
202300038432,2023-04-09 18:25:00,2023,4,9,18,25,07,07338,D2,44.894219,4.641731,Plein jour,En agglomération,Intersection en T,Normale,Sans collision,3,2, -1,-1,1,3,1,5,1,-1,1,1,0,0,0,1,58.0,,deux_roues,,1,2,3,1,7
202300038433,2023-12-11 13:45:00,2023,12,11,13,45,27,27331,pk 5 D1,49.13284511,1.54788673,Plein jour,Hors agglomération,Intersection en X,Normale,Deux véhicules - côté,3,2,2,0,1,1,1,5,1,80,2,3,1,0,0,2,25.0,69.0,utilitaire_camion,voiture,1,1,2,1,3
202300038433,2023-12-11 13:45:00,2023,12,11,13,45,27,27331,pk 5 D1,49.13284511,1.54788673,Plein jour,Hors agglomération,Intersection en X,Normale,Deux véhicules - côté,3,2,2,-1,1,1,1,5,1,80,2,3,1,0,0,2,25.0,69.0,utilitaire_camion,voiture,1,1,2,1,3
202300038434,2023-04-10 17:30:00,2023,4,10,17,30,53,53043,D32,48.145036,-0.531898,Plein jour,Hors agglomération,Hors intersection,Normale,Deux véhicules - côté,3,2,2,0,1,3,1,0,1,80,2,3,0,1,0,2,41.0,69.0,voiture,voiture,1,1,1,1,3
202300038435,2023-09-03 12:40:00,2023,9,3,12,40,21,21035,D996,47.050052,5.097785,Plein jour,Hors agglomération,Intersection en T,Normale,Deux véhicules - arrière,3,2,2,0,4,1,1,0,1,90,2,6,4,0,1,1,58.0,60.0,deux_roues,voiture,1,1,3,1,2
202300038435,2023-09-03 12:40:00,2023,9,3,12,40,21,21035,D996,47.050052,5.097785,Plein jour,Hors agglomération,Intersection en T,Normale,Deux véhicules - arrière,3,2,2,0,3,1,1,0,8,90,2,6,4,0,1,1,58.0,60.0,deux_roues,voiture,1,1,3,1,2
202300038436,2023-04-09 16:55:00,2023,4,9,16,55,27,27558,RD124,49.275895,0.740044,Plein jour,Hors agglomération,Intersection en Y,Normale,Deux véhicules - côté,3,2,2,0,1,1,1,0,1,80,2,5,3,0,1,1,86.0,50.0,voiture,deux_roues,1,1,4,1,3
202300038436,2023-04-09 16:55:00,2023,4,9,16,55,27,27558,RD124,49.275895,0.740044,Plein jour,Hors agglomération,Intersection en Y,Normale,Deux véhicules - côté,3,2,2,-1,1,1,1,0,1,80,2,5,3,0,1,1,86.0,50.0,voiture,deux_roues,1,1,4,1,3
202300038437,2023-12-10 21:45:00,2023,12,10,21,45,62,62654,A16,50.90948893,1.78221345,Nuit sans éclairage public,Hors agglomération,Hors intersection,Temps couvert,Trois véhicules et plus - en chaîne,1,3,2,0,3,1,1,0,1,130,4,7,5,0,0,2,32.0,22.0,voiture,voiture,3,1,1,8,4
202300038438,2023-04-09 22:20:00,2023,4,9,22,20,28,28327,D13.3,48.195427,0.815434,Nuit sans éclairage public,Hors agglomération,Hors intersection,Normale,Autre collision,3,2,2,0,1,4,1,0,3,80,1,2,1,0,0,1,33.0,,voiture,,3,1,1,1,6
202300038439,2023-09-04 15:55:00,2023,9,4,15,55,40,40228,Avenue Jean Barbé,43.627615,-0.832429,Plein jour,En agglomération,Hors intersection,Normale,Deux véhicules - frontale,3,2,2,0,1,1,1,0,1,50,2,2,0,0,1,1,52.0,40.0,utilitaire_camion,utilitaire_camion,1,2,1,1,1
202300038440,2023-12-11 08:30:00,2023,12,11,8,30,91,91136,AUTOROUTE A10,48.71369,2.27794,Plein jour,Hors agglomération,Hors intersection,Normale,Deux véhicules - arrière,1,2,3,0,1,1,1,0,1,90,2,2,1,0,0,1,25.0,25.0,deux_roues,voiture,1,1,1,1,2
202300038441,2023-12-10 23:00:00,2023,12,10,23,0,91,91471,RN 118,48.69792,2.19208,Nuit sans éclairage public,Hors agglomération,Hors intersection,Normale,Autre collision,2,2,3,0,1,1,2,0,1,90,1,1,0,0,0,1,23.0,,voiture,,3,1,1,1,6
202300038442,2023-04-09 16:15:00,2023,4,9,16,15,37,37245,17 Avenue des Tilleuls 37360,47.49814046,0.57547867,Plein jour,En agglomération,Intersection en X,Normale,Autre collision,4,2,2,0,1,1,1,0,4,50,1,4,1,0,0,3,19.0,,utilitaire_camion,,1,2,2,1,6
202300038442,2023-04-09 16:15:00,2023,4,9,16,15,37,37245,17 Avenue des Tilleuls 37360,47.49814046,0.57547867,Plein jour,En agglomération,Intersection en X,Normale,Autre collision,4,2,2,0,1,1,1,0,8,30,1,4,1,0,0,3,19.0,,utilitaire_camion,,1,2,2,1,6
202300038443,2023-09-03 06:30:00,2023,9,3,6,30,40,40046,316 Avenue de Laouadie,44.410231,-1.162817,Crépuscule ou aube,En agglomération,Hors intersection,Normale,Sans collision,3,2,2,0,1,1,2,0,1,50,1,2,1,0,1,0,37.0,,deux_roues,,2,2,1,1,7
202300038444,2023-03-16 22:20:00,2023,3,16,22,20,52,52550,Rue du Mal de Lattre de Tassigny,48.497494,4.94293,Nuit avec éclairage allumé,En agglomération,Intersection en X,Normale,Autre collision,3,2,1,0,1,2,1,0,4,50,1,2,1,0,1,0,58.0,,voiture,,5,2,2,1,6
202300038444,2023-03-16 22:20:00,2023,3,16,22,20,52,52550,Rue du Mal de Lattre de Tassigny,48.497494,4.94293,Nuit avec éclairage allumé,En agglomération,Intersection en X,Normale,Autre collision,3,2,2,-1,-1,-1,-1,-1,4,-1,1,2,1,0,1,0,58.0,,voiture,,5,2,2,1,6
202300038445,2023-12-11 17:35:00,2023,12,11,17,35,78,78362,A13,48.9783,1.7099,Nuit sans éclairage public,Hors agglomération,Hors intersection,Normale,Trois véhicules et plus - en chaîne,1,3,3,0,2,1,1,0,1,130,3,4,2,0,0,2,45.0,45.0,voiture,voiture,3,1,1,1,4
202300038446,2023-04-09 20:00:00,2023,4,9,20,0,08,08365,Rue Jean Jaures,49.840033,4.543307,Plein jour,En agglomération,Hors intersection,Normale,Sans collision,3,2,2,0,2,1,1,0,1,-1,1,2,1,0,1,0,27.0,,deux_roues,,1,2,1,1,7
202300038447,2023-12-11 12:08:00,2023,12,11,12,8,92,92050,A86,48.89347708,2.1888457,Plein jour,Hors agglomération,Hors intersection,Normale,Deux véhicules - côté,1,1,2,0,2,1,1,1,1,70,2,2,1,0,0,1,21.0,48.0,deux_roues,voiture,1,1,1,1,3
202300038448,2023-09-04 19:46:00,2023,9,4,19,46,04,04188,D13,43.898449,5.797251,Plein jour,Hors agglomération,Hors intersection,Normale,Sans collision,3,2,2,0,1,1,1,0,3,70,1,2,0,0,1,1,24.0,,voiture,,1,1,1,1,7
202300038449,2023-04-09 18:30:00,2023,4,9,18,30,38,38339,Route d'Artas,45.581675,5.16101,Plein jour,Hors agglomération,Hors intersection,Normale,Deux véhicules - frontale,3,2,2,0,2,1,1,0,1,80,2,5,1,0,0,4,37.0,67.0,voiture,voiture,1,1,1,1,1
202300038450,2023-12-11 17:20:00,2023,12,11,17,20,95,95018,A15,48.95969,2.27195,Nuit sans éclairage public,Hors agglomération,Hors intersection,Normale,Trois véhicules et plus - en chaîne,1,3,6,0,1,1,1,0,1,110,3,3,2,0,0,1,56.0,31.0,voiture,voiture,3,1,1,1,4
202300038451,2023-09-04 18:40:00,2023,9,4,18,40,85,85095,D76,46.857917,-1.761957,Plein jour,Hors agglomération,Intersection en X,Normale,Deux véhicules - côté,3,2, -1,-1,1,3,1,0,1,-1,2,2,1,0,1,0,54.0,20.0,utilitaire_camion,voiture,1,1,2,1,3
202300038451,2023-09-04 18:40:00,2023,9,4,18,40,85,85095,D76,46.857917,-1.761957,Plein jour,Hors agglomération,Intersection en X,Normale,Deux véhicules - côté,3,2,2,0,1,1,1,0,1,80,2,2,1,0,1,0,54.0,20.0,utilitaire_camion,voiture,1,1,2,1,3
202300038452,2023-12-11 10:10:00,2023,12,11,10,10,95,95018,A15,48.95201228,2.27957378,Plein jour,Hors agglomération,Hors intersection,Normale,Deux véhicules - côté,1,3,6,0,1,1,2,0,1,90,2,2,1,0,0,1,62.0,25.0,voiture,deux_roues,1,1,1,1,3
202300038453,2023-04-08 21:45:00,2023,4,8,21,45,988,98815,RM11,-21.49358,168.02186,Nuit sans éclairage public,Hors agglomération,Hors intersection,Normale,Sans collision,4,2,2,0,1,1,1,0,3,110,1,2,0,1,0,1,26.0,,voiture,,3,1,1,1,7
202300038454,2023-12-11 09:30:00,2023,12,11,9,30,95,95018,A15,48.95627,2.27727,Plein jour,Hors agglomération,Hors intersection,Normale,Autre collision,1,3,4,0,1,1,2,0,1,110,1,1,0,0,0,1,41.0,,deux_roues,,1,1,1,1,6
202300038455,2023-09-04 21:40:00,2023,9,4,21,40,85,85131,Rue des sables,46.462639,-1.210824,Nuit sans éclairage public,Hors agglomération,Hors intersection,Normale,Deux véhicules - arrière,4,2,2,0,1,1,1,0,1,80,2,2,1,0,1,0,56.0,30.0,deux_roues,voiture,3,1,1,1,2
202300038456,2023-12-11 04:05:00,2023,12,11,4,5,95,95154,A1,49.05184373,2.54811147,Nuit sans éclairage public,Hors agglomération,Hors intersection,Normale,Autre collision,1,3,6,0,1,1,1,0,1,110,1,1,0,0,0,1,28.0,,voiture,,3,1,1,1,6
202300038457,2023-04-10 09:30:00,2023,4,10,9,30,988,98809,Quartier de Kapoume,-22.667398,167.495778,Plein jour,En agglomération,Intersection en X,Normale,Autre collision,4,2,2,0,1,1,1,0,1,50,1,3,0,0,1,2,27.0,,deux_roues,,1,2,2,1,6
202300038457,2023-04-10 09:30:00,2023,4,10,9,30,988,98809,Quartier de Kapoume,-22.667398,167.495778,Plein jour,En agglomération,Intersection en X,Normale,Autre collision,4,2,2,-1,-1,1,1,-1,1,-1,1,3,0,0,1,2,27.0,,deux_roues,,1,2,2,1,6
202300038458,2023-09-04 12:15:00,2023,9,4,12,15,27,27467,Rue des Déportés,49.354395,0.518262,Plein jour,En agglomération,Hors intersection,Normale,Deux véhicules - côté,4,2,2,0,1,2,1,0,1,50,2,2,1,0,0,1,36.0,69.0,deux_roues,voiture,1,2,1,1,3
202300038459,2023-12-11 01:25:00,2023,12,11,1,25,93,93039,AUTOROUTE A86,48.92747504,2.33356513,Nuit sans éclairage public,Hors agglomération,Hors intersection,Normale,Autre collision,1,3,4,0,1,1,2,0,1,90,1,1,0,0,0,1,23.0,,voiture,,3,1,1,1,6
202300038460,2023-04-09 06:00:00,2023,4,9,6,0,971,97129,Lieu Dit Viard,16.316803,-61.683989,Plein jour,Hors agglomération,Hors intersection,Normale,Deux véhicules - frontale,2,2,2,0,2,3,1,0,1,70,2,2,1,0,1,0,31.0,66.0,voiture,utilitaire_camion,1,1,1,1,1
202300038461,2023-12-11 15:50:00,2023,12,11,15,50,94,94042,A4,48.82728643,2.46925563,Plein jour,Hors agglomération,Hors intersection,Normale,Autre collision,1,1,4,0,1,1,1,0,1,90,1,1,0,0,0,1,27.0,,deux_roues,,1,1,1,1,6
202300038462,2023-04-10 05:30:00,2023,4,10,5,30,37,37171,CD 952,47.40446856,0.89502096,Nuit sans éclairage public,Hors agglomération,Hors intersection,Normale,Autre collision,3,2,2,0,1,1,1,0,3,80,1,4,3,0,1,0,28.0,,voiture,,3,1,1,1,6
202300038463,2023-12-11 09:15:00,2023,12,11,9,15,94,94017,A4,48.82671118,2.52258828,Plein jour,Hors agglomération,Hors intersection,Normale,Trois véhicules et plus - collisions multiples,1,-1,4,0,1,1,1,0,1,110,3,3,2,0,0,1,31.0,42.0,voiture,deux_roues,1,1,1,1,5
202300038464,2023-09-04 06:45:00,2023,9,4,6,45,27,27524,Rue de l'Eglise,49.112949,0.931875,Crépuscule ou aube,En agglomération,Intersection en X,Normale,Deux véhicules - frontale,4,2,2,0,1,1,1,0,1,50,2,2,1,0,1,0,35.0,16.0,voiture,deux_roues,2,2,2,1,1
202300038465,2023-07-07 03:30:00,2023,7,7,3,30,28,28092,A10 - PK 046.300 - Direction Paris,48.359215,1.877654,Nuit sans éclairage public,Hors agglomération,Hors intersection,Normale,Deux véhicules - arrière,1,3,3,0,1,1,1,0,1,130,2,3,1,0,1,1,27.0,46.0,voiture,utilitaire_camion,3,1,1,1,2
202300038466,2023-04-10 15:25:00,2023,4,10,15,25,34,34154,D189 PR 6+722,43.606247,3.968012,Plein jour,Hors agglomération,Hors intersection,Normale,Deux véhicules - frontale,3,2,2,0,1,1,1,0,1,80,2,6,0,1,2,3,77.0,71.0,utilitaire_camion,voiture,1,1,1,1,1
202300038467,2023-09-03 18:20:00,2023,9,3,18,20,17,17257,D133,45.984334,-0.249225,Crépuscule ou aube,Hors agglomération,Hors intersection,Normale,Sans collision,3,2,2,0,1,3,1,0,3,90,1,1,0,0,0,1,52.0,,deux_roues,,2,1,1,1,7
202300038468,2023-09-30 04:50:00,2023,9,30,4,50,987,98735,FARE UTE,-17.5,-149.5,Nuit avec éclairage allumé,En agglomération,Intersection en T,Normale,Sans collision,4,-1,1,0,1,1,1,0,1,30,2,5,3,0,2,0,38.0,32.0,deux_roues,voiture,5,2,3,1,7
202300038468,2023-09-30 04:50:00,2023,9,30,4,50,987,98735,FARE UTE,-17.5,-149.5,Nuit avec éclairage allumé,En agglomération,Intersection en T,Normale,Sans collision,4,-1,2,0,1,1,1,9,1,30,2,5,3,0,2,0,38.0,32.0,deux_roues,voiture,5,2,3,1,7
202300038469,2023-04-09 09:45:00,2023,4,9,9,45,08,08328,42 Rue Chanzy,49.816633,4.74354,Crépuscule ou aube,En agglomération,Hors intersection,Normale,Deux véhicules - côté,4,2,2,0,1,1,1,0,1,50,2,2,1,0,0,1,54.0,53.0,voiture,deux_roues,2,2,1,1,3
202300038470,2023-09-03 22:30:00,2023,9,3,22,30,23,23047,D4,46.156724,1.558465,Nuit sans éclairage public,Hors agglomération,Hors intersection,Normale,Sans collision,3,2,2,0,2,2,1,0,3,90,1,1,0,0,1,0,53.0,,deux_roues,,3,1,1,1,7
202300038471,2023-12-10 10:44:00,2023,12,10,10,44,976,97611,passamanty-Vahibé ( route ),-12.8025,45.21423,Plein jour,En agglomération,Hors intersection,Normale,Deux véhicules - frontale,3,2, -1,-1,1,1,1,0,1,-1,2,2,1,0,0,1,26.0,30.0,deux_roues,voiture,1,2,1,1,1