accident_id,datetime,annee,mois,jour,heure,minute,departement,commune_insee,adresse,latitude,longitude,luminosite,agglomeration,intersection,meteo,collision,catr,circ,nbv,vosp,prof,plan,surf,infra,situ,vma,nb_vehicules,nb_usagers,nb_indemnes,nb_tues,nb_blesses_hosp,nb_blesses_legers,age_cond_1,age_cond_2,veh_type_cond_1,veh_type_cond_2,lum_code,agg_code,int_code,atm_code,col_code
202300038472,2023-09-04 16:20:00,2023,9,4,16,20,30,30165,,44.092141,4.15096,Plein jour,Hors agglomération,Hors intersection,Normale,Autre collision,3,2,2,0,1,1,1,0,1,80,1,1,0,0,1,0,17.0,,deux_roues,,1,1,1,1,6
202300038473,2023-04-10 10:30:00,2023,4,10,10,30,54,54430,187 Avenue du Général de Gaulle,48.7799597,6.13088762,Plein jour,En agglomération,Intersection en T,Normale,Autre collision,3,2, -1,0,2,1,1,0,1,50,2,2,1,0,1,0,10.0,20.0,deux_roues,voiture,1,2,3,1,6
202300038473,2023-04-10 10:30:00,2023,4,10,10,30,54,54430,187 Avenue du Général de Gaulle,48.7799597,6.13088762,Plein jour,En agglomération,Intersection en T,Normale,Autre collision,3,1, -1,-1,2,1,1,0,1,50,2,2,1,0,1,0,10.0,20.0,deux_roues,voiture,1,2,3,1,6
202300038474,2023-12-10 14:20:00,2023,12,10,14,20,974,97411,CHATEL (JEAN),-20.88265,55.45136,Plein jour,En agglomération,Intersection en X,Pluie légère,Deux véhicules - côté,4,-1,1,0,1,1,2,0,1,30,2,5,3,0,0,2,50.0,42.0,voiture,voiture,1,2,2,2,3
202300038474,2023-12-10 14:20:00,2023,12,10,14,20,974,97411,CHATEL (JEAN),-20.88265,55.45136,Plein jour,En agglomération,Intersection en X,Pluie légère,Deux véhicules - côté,4,1,1,0,1,1,2,0,1,30,2,5,3,0,0,2,50.0,42.0,voiture,voiture,1,2,2,2,3
202300038475,2023-04-09 16:00:00,2023,4,9,16,0,33,33369,,44.81111085,0.21842837,Plein jour,Hors agglomération,Hors intersection,Normale,Autre collision,3,2,2,0,2,3,1,0,3,80,1,2,0,0,2,0,62.0,,deux_roues,,1,1,1,1,6
202300038476,2023-12-11 03:25:00,2023,12,11,3,25,974,97407,ROUTE DU SACRE COEUR,-20.95319,55.30738,Nuit sans éclairage public,En agglomération,Hors intersection,Normale,Autre collision,2,2,2,0,1,1,1,0,3,70,1,1,0,0,0,1,39.0,,voiture,,3,2,1,1,6
202300038477,2023-09-03 19:32:00,2023,9,3,19,32,88,88361,pk 67 D420,48.337153,7.105343,Crépuscule ou aube,Hors agglomération,Hors intersection,Normale,Deux véhicules - frontale,3,2,2,0,2,3,1,0,1,80,2,2,1,1,0,0,34.0,58.0,deux_roues,voiture,2,1,1,1,1
202300038478,2023-04-07 18:45:00,2023,4,7,18,45,33,33402,Avenue de la Gare,44.83705,0.221529,Plein jour,En agglomération,Hors intersection,Normale,Autre collision,6,-1, -1,0,1,1,1,0,8,50,1,2,1,0,0,1,20.0,,voiture,,1,2,1,1,6
202300038479,2023-12-08 17:10:00,2023,12,8,17,10,69,69388,Boulevard des Etats-Unis,45.72967,4.8673,Plein jour,En agglomération,Hors intersection,Normale,Autre collision,4,2,2,3,1,1,1,0,8,50,1,2,0,0,0,1,,,voiture,,1,2,1,1,6
202300038480,2023-09-04 16:00:00,2023,9,4,16,0,88,88468,Rue de la Gare,47.875339,6.762412,Plein jour,En agglomération,Hors intersection,Normale,Sans collision,4,2,2,0,1,2,1,0,4,50,1,1,0,0,0,1,21.0,,deux_roues,,1,2,1,1,7
202300038481,2023-04-09 06:40:00,2023,4,9,6,40,44,44204,244 Rue des Etangs,47.275091,-1.446789,Nuit sans éclairage public,En agglomération,Hors intersection,Normale,Sans collision,4,2,2,0,1,1,1,0,1,50,1,2,0,0,2,0,18.0,,deux_roues,,3,2,1,1,7
202300038482,2023-12-09 18:00:00,2023,12,9,18,0,69,69383,Rue Garibaldi,45.75838,4.85249,Plein jour,En agglomération,Intersection en T,Normale,Autre collision,4,1,3,3,1,1,1,0,1,50,1,1,0,0,1,0,30.0,,deux_roues,,1,2,3,1,6
202300038482,2023-12-09 18:00:00,2023,12,9,18,0,69,69383,Rue Garibaldi,45.75838,4.85249,Plein jour,En agglomération,Intersection en T,Normale,Autre collision,4,1,1,0,1,1,1,0,1,30,1,1,0,0,1,0,30.0,,deux_roues,,1,2,3,1,6
202300038483,2023-09-05 06:18:00,2023,9,5,6,18,88,88530,D3,48.05974,6.340678,Crépuscule ou aube,Hors agglomération,Hors intersection,Normale,Autre collision,3,2,2,0,1,1,1,0,1,80,1,1,0,0,1,0,53.0,,deux_roues,,2,1,1,1,6
202300038484,2023-12-10 02:07:00,2023,12,10,2,7,972,97213,AUTOROUTE A1,14.61863,-61.02227,Nuit avec éclairage allumé,Hors agglomération,Hors intersection,Normale,Deux véhicules - arrière,1,2,6,0,1,1,1,2,1,90,2,3,1,0,0,2,21.0,40.0,deux_roues,voiture,5,1,1,1,2
202300038485,2023-04-10 14:30:00,2023,4,10,14,30,02,02544,Rue du Grand Loudier,49.936968,4.033562,Plein jour,En agglomération,Hors intersection,Normale,Sans collision,3,2,2,0,1,1,1,0,4,50,1,1,0,0,0,1,43.0,,deux_roues,,1,2,1,1,7
202300038486,2023-12-10 04:30:00,2023,12,10,4,30,69,69386,Quai de Serbie,45.76897,4.84106,Nuit avec éclairage allumé,En agglomération,Hors intersection,Normale,Autre collision,4,1,3,1,2,1,2,0,5,50,1,1,0,0,0,1,35.0,,deux_roues,,5,2,1,1,6
202300038487,2023-09-03 19:00:00,2023,9,3,19,0,973,97307,4240 Route de Stoupan,4.776346,-52.34057,Nuit avec éclairage non allumé,Hors agglomération,Hors intersection,Normale,Deux véhicules - frontale,3,2,2,0,3,1,1,0,1,80,2,2,0,0,1,1,41.0,23.0,voiture,deux_roues,4,1,1,1,1
202300038488,2023-12-10 19:10:00,2023,12,10,19,10,2B,2B033,ROUTE ROYALE,42.68148,9.42321,Nuit sans éclairage public,En agglomération,Hors intersection,Normale,Sans collision,4,2,2,0,2,2,1,0,3,50,1,1,0,0,0,1,17.0,,deux_roues,,3,2,1,1,7
202300038489,2023-04-09 19:25:00,2023,4,9,19,25,02,02472,,49.524707,3.797053,Crépuscule ou aube,Hors agglomération,Hors intersection,Normale,Deux véhicules - côté,3,2,2,0,1,1,1,0,1,50,2,4,0,0,0,4,22.0,34.0,voiture,voiture,2,1,1,1,3
202300038490,2023-12-10 07:10:00,2023,12,10,7,10,91,91421,NATIONALE 6 (CES POMPIDOU),48.6926,2.45003,Nuit sans éclairage public,Hors agglomération,Hors intersection,Normale,Autre collision,3,3,4,0,1,3,1,0,1,90,1,1,0,0,0,1,37.0,,voiture,,3,1,1,1,6
202300038491,2023-04-10 19:15:00,2023,4,10,19,15,80,80032,D935,49.61543,2.620277,Plein jour,Hors agglomération,Hors intersection,Pluie légère,Autre collision,3,2,2,0,1,1,2,0,3,80,1,2,0,0,0,2,35.0,,voiture,,1,1,1,2,6
202300038492,2023-12-10 11:20:00,2023,12,10,11,20,91,91479,AV MARCEL OUVRIER,48.709492,2.366017,Plein jour,En agglomération,Hors intersection,Temps couvert,Autre collision,4,3,2,0,1,1,2,0,1,50,2,3,1,0,0,2,46.0,52.0,voiture,voiture,1,2,1,8,6
202300038493,2023-09-03 12:40:00,2023,9,3,12,40,69,69244,243 Avenue Charles de Gaulle,45.752053,4.767721,Plein jour,En agglomération,Hors intersection,Normale,Deux véhicules - côté,7,2,2,0,1,1,1,0,1,50,2,2,1,0,0,1,35.0,26.0,deux_roues,voiture,1,2,1,1,3
202300038494,2023-12-09 11:58:00,2023,12,9,11,58,84,84087,MOULIN (RUE JEAN),44.14524,4.81085,Plein jour,En agglomération,Intersection en Y,Pluie légère,Deux véhicules - côté,4,3,3,0,1,1,2,0,1,50,2,2,1,0,0,1,26.0,28.0,autre,voiture,1,2,4,2,3
202300038494,2023-12-09 11:58:00,2023,12,9,11,58,84,84087,MOULIN (RUE JEAN),44.14524,4.81085,Plein jour,En agglomération,Intersection en Y,Pluie légère,Deux véhicules - côté,4,-1,0,0,1,1,2,0,8,50,2,2,1,0,0,1,26.0,28.0,autre,voiture,1,2,4,2,3
202300038495,2023-04-04 14:45:00,2023,4,4,14,45,13,13216,A55-Sens Martigues vers Marseille,43.34528,5.34615,Plein jour,Hors agglomération,Hors intersection,Temps couvert,Deux véhicules - arrière,1,-1,3,0,1,1,1,0,8,90,2,6,4,0,0,2,42.0,67.0,voiture,voiture,1,1,1,8,2
202300038496,2023-04-08 17:55:00,2023,4,8,17,55,83,83090,A50,43.125843,5.880034,Plein jour,Hors agglomération,Hors intersection,Normale,Deux véhicules - côté,1,3,4,0,1,3,1,2,1,90,2,3,1,0,2,0,42.0,48.0,voiture,deux_roues,1,1,1,1,3
202300038497,2023-12-10 15:02:00,2023,12,10,15,2,84,84035,STALINGRAD (AVENUE DE),43.83247,5.03727,Plein jour,En agglomération,Intersection en X,Normale,Deux véhicules - côté,4,1,0,0,1,1,1,0,1,50,2,3,2,0,0,1,54.0,18.0,voiture,voiture,1,2,2,1,3
202300038497,2023-12-10 15:02:00,2023,12,10,15,2,84,84035,STALINGRAD (AVENUE DE),43.83247,5.03727,Plein jour,En agglomération,Intersection en X,Normale,Deux véhicules - côté,4,2,2,0,1,1,1,0,1,50,2,3,2,0,0,1,54.0,18.0,voiture,voiture,1,2,2,1,3
202300038498,2023-09-03 17:40:00,2023,9,3,17,40,89,89037,D943,47.973034,3.355207,Plein jour,Hors agglomération,Hors intersection,Normale,Deux véhicules - arrière,3,2,2,0,1,1,1,0,1,80,2,2,1,0,0,1,27.0,41.0,deux_roues,deux_roues,1,1,1,1,2
202300038499,2023-12-09 17:00:00,2023,12,9,17,0,83,83061,RN7,43.52175406,6.89247555,Crépuscule ou aube,Hors agglomération,Hors intersection,Temps couvert,Deux véhicules - frontale,3,-1,2,0,2,2,1,0,1,80,2,2,1,0,1,0,30.0,31.0,voiture,deux_roues,2,1,1,8,1
202300038500,2023-04-04 19:00:00,2023,4,4,19,0,69,69259,Route Départementale 383 ,45.71757,4.86163,Plein jour,Hors agglomération,Hors intersection,Normale,Trois véhicules et plus - collisions multiples,7,3,6,0,1,1,1,0,1,70,3,3,2,0,0,1,38.0,31.0,voiture,voiture,1,1,1,1,5
202300038501,2023-09-04 13:30:00,2023,9,4,13,30,69,69157,Route Nationale 7,45.87204219,4.49635939,Plein jour,Hors agglomération,Hors intersection,Normale,Autre collision,2,2,3,0,1,1,1,2,8,90,1,1,0,0,0,1,48.0,,utilitaire_camion,,1,1,1,1,6
202300038502,2023-12-10 05:40:00,2023,12,10,5,40,76,76545,RD 154E,49.90738,1.10288,Nuit sans éclairage public,Hors agglomération,Hors intersection,Pluie légère,Autre collision,3,2,2,0,1,2,2,2,3,70,1,1,0,0,0,1,22.0,,voiture,,3,1,1,2,6
202300038503,2023-12-10 08:30:00,2023,12,10,8,30,69,69290,16 Rue Claude Farrère,45.68789,4.95223,Plein jour,En agglomération,Giratoire,Temps éblouissant,Autre collision,4,2,2,2,1,1,1,0,1,50,1,2,1,0,0,1,68.0,,voiture,,1,2,6,7,6
202300038503,2023-12-10 08:30:00,2023,12,10,8,30,69,69290,16 Rue Claude Farrère,45.68789,4.95223,Plein jour,En agglomération,Giratoire,Temps éblouissant,Autre collision,4,1,1,0,1,2,1,0,1,50,1,2,1,0,0,1,68.0,,voiture,,1,2,6,7,6
202300038504,2023-04-09 13:55:00,2023,4,9,13,55,91,91161,AUTOROUTE A6,48.72141,2.31138,Plein jour,Hors agglomération,Hors intersection,Normale,Trois véhicules et plus - collisions multiples,1,3,3,0,1,1,1,0,1,110,7,16,5,0,0,11,41.0,40.0,voiture,voiture,1,1,1,1,5
202300038505,2023-09-02 07:20:00,2023,9,2,7,20,11,11144,pk 223.100,42.900635,2.992964,Plein jour,Hors agglomération,Autre intersection,Normale,Deux véhicules - arrière,1,3,3,0,1,1,1,0,1,130,2,3,2,0,1,0,26.0,27.0,utilitaire_camion,voiture,1,1,9,1,2
202300038506,2023-12-10 14:45:00,2023,12,10,14,45,67,67482,DETTWILLER (RUE DE),48.59539545,7.72610307,Plein jour,En agglomération,Intersection en T,Normale,Deux véhicules - côté,4,2,2,1,1,1,1,5,1,50,2,2,0,0,0,2,26.0,22.0,voiture,utilitaire_camion,1,2,3,1,3
202300038506,2023-12-10 14:45:00,2023,12,10,14,45,67,67482,DETTWILLER (RUE DE),48.59539545,7.72610307,Plein jour,En agglomération,Intersection en T,Normale,Deux véhicules - côté,4,2,2,0,1,1,1,5,1,50,2,2,0,0,0,2,26.0,22.0,voiture,utilitaire_camion,1,2,3,1,3
202300038507,2023-12-10 14:20:00,2023,12,10,14,20,67,67482,ROTONDE (RUE DE LA),48.59456051,7.72590458,Plein jour,En agglomération,Hors intersection,Normale,Deux véhicules - frontale,4,2,2,0,1,1,1,0,1,50,2,2,1,0,1,0,26.0,26.0,deux_roues,voiture,1,2,1,1,1
202300038508,2023-09-04 11:57:00,2023,9,4,11,57,83,83116,Autoroute A8 PK 59.260 NORD,43.445089,5.899183,Plein jour,Hors agglomération,Hors intersection,Normale,Autre collision,1,3,3,0,2,1,1,0,2,130,2,6,5,0,1,0,58.0,40.0,utilitaire_camion,voiture,1,1,1,1,6
202300038509,2023-04-09 15:15:00,2023,4,9,15,15,94,94034,A86,48.76020129,2.32061692,Plein jour,Hors agglomération,Hors intersection,Normale,Trois véhicules et plus - en chaîne,1,3,2,0,4,1,1,1,1,70,3,3,2,0,0,1,27.0,50.0,voiture,voiture,1,1,1,1,4
202300038510,2023-12-10 09:40:00,2023,12,10,9,40,67,67482,FEDERATION (ROUTE DE LA),48.56417,7.74103,Plein jour,En agglomération,Intersection en T,Normale,Deux véhicules - côté,4,2,3,1,1,1,1,8,1,50,2,2,1,0,0,1,44.0,62.0,voiture,deux_roues,1,2,3,1,3
202300038510,2023-12-10 09:40:00,2023,12,10,9,40,67,67482,FEDERATION (ROUTE DE LA),48.56417,7.74103,Plein jour,En agglomération,Intersection en T,Normale,Deux véhicules - côté,4,2,2,0,1,1,1,8,1,50,2,2,1,0,0,1,44.0,62.0,voiture,deux_roues,1,2,3,1,3
202300038511,2023-04-09 14:50:00,2023,4,9,14,50,94,94038,A6B,48.77530463,2.3457025,Plein jour,Hors agglomération,Hors intersection,Normale,Deux véhicules - arrière,1,1,3,0,1,1,1,0,1,90,2,2,1,0,0,1,28.0,49.0,voiture,voiture,1,1,1,1,2
202300038512,2023-12-10 06:40:00,2023,12,10,6,40,63,63224,RD 2009,45.86110756,3.118498,Nuit sans éclairage public,Hors agglomération,Hors intersection,Normale,Autre collision,3,3,4,0,1,1,2,0,1,110,1,2,0,1,0,1,19.0,,voiture,,3,1,1,1,6
202300038513,2023-09-03 02:00:00,2023,9,3,2,0,83,83089,A8 PK 051.700,43.472309,5.817132,Nuit sans éclairage public,Hors agglomération,Hors intersection,Normale,Deux véhicules - arrière,1,3,3,0,1,1,1,0,1,130,2,6,5,0,0,1,34.0,52.0,voiture,voiture,3,1,1,1,2
202300038514,2023-12-10 18:00:00,2023,12,10,18,0,60,60057,Rue d'Amiens,49.44056,2.08932,Nuit avec éclairage allumé,En agglomération,Hors intersection,Pluie légère,Deux véhicules - côté,9,-1,2,0,1,1,2,0,1,50,2,2,1,0,1,0,65.0,22.0,voiture,deux_roues,5,2,1,2,3
202300038515,2023-12-10 14:15:00,2023,12,10,14,15,46,46042,DEPARTEMENTALE 911,44.4579,1.48939,Plein jour,Hors agglomération,Hors intersection,Pluie légère,Sans collision,3,2,2,0,1,2,2,0,1,80,1,2,1,0,0,1,40.0,,voiture,,1,1,1,2,7
202300038516,2023-09-02 02:10:00,2023,9,2,2,10,84,84081,autoroute A7 PK 192,43.939687,4.911747,Nuit sans éclairage public,Hors agglomération,Hors intersection,Normale,Trois véhicules et plus - collisions multiples,1,3,3,3,1,1,1,0,1,130,3,6,3,0,1,2,19.0,28.0,voiture,voiture,3,1,1,1,5
202300038517,2023-04-09 12:50:00,2023,4,9,12,50,91,91161,AUTOROUTE A6,48.69892,2.31295,Plein jour,Hors agglomération,Hors intersection,Normale,Trois véhicules et plus - en chaîne,1,1,3,0,1,1,1,0,1,110,3,6,3,0,0,3,28.0,24.0,voiture,voiture,1,1,1,1,4
202300038518,2023-06-18 15:00:00,2023,6,18,15,0,987,98725,PK 12 Ahonu,-17.50623,-149.474552,Plein jour,En agglomération,Hors intersection,Normale,Autre collision,2,2,2,0,1,3,1,0,3,50,1,2,1,0,1,0,57.0,,utilitaire_camion,,1,2,1,1,6
202300038519,2023-12-10 17:40:00,2023,12,10,17,40,46,46042,Départementale 811 (entre Cahors et Merc,44.47807,1.42238,Nuit sans éclairage public,Hors agglomération,Hors intersection,Pluie légère,Trois véhicules et plus - en chaîne,3,2,2,0,1,1,2,0,1,80,3,3,2,0,0,1,54.0,37.0,voiture,voiture,3,1,1,2,4
202300038520,2023-12-10 07:45:00,2023,12,10,7,45,45,45234,194 Rue du Faubourg Saint-Vincent,47.913898,1.91622,Nuit avec éclairage allumé,En agglomération,Hors intersection,Normale,Autre collision,4,-1,2,0,1,1,1,0,1,50,1,1,0,0,0,1,26.0,,voiture,,5,2,1,1,6
202300038521,2023-09-03 12:45:00,2023,9,3,12,45,973,97306,RN1 PK 198,5.43937323,-53.58787966,Plein jour,Hors agglomération,Hors intersection,Normale,Deux véhicules - frontale,2,-1,1,0,1,3,1,0,1,90,2,7,0,1,6,0,58.0,76.0,voiture,voiture,1,1,1,1,1
202300038522,2023-10-24 08:20:00,2023,10,24,8,20,42,42305,Rue Victor Hugo,45.48011,4.43183,Plein jour,En agglomération,Hors intersection,Pluie légère,Autre collision,7,2,2,0,1,1,2,0,1,50,1,2,1,0,0,1,26.0,,voiture,,1,2,1,2,6
202300038523,2023-09-02 20:00:00,2023,9,2,20,0,973,97304,Route Nationale 1 Sud,5.15498,-52.68778,Nuit sans éclairage public,Hors agglomération,Intersection en X,Normale,Deux véhicules - arrière,2,2,2,0,1,1,1,0,1,80,2,2,1,1,0,0,56.0,56.0,voiture,deux_roues,3,1,2,1,2
202300038523,2023-09-02 20:00:00,2023,9,2,20,0,973,97304,Route Nationale 1 Sud,5.15498,-52.68778,Nuit sans éclairage public,Hors agglomération,Intersection en X,Normale,Deux véhicules - arrière,2,1, -1,-1,1,1,1,0,1,-1,2,2,1,1,0,0,56.0,56.0,voiture,deux_roues,3,1,2,1,2
202300038524,2023-12-10 15:00:00,2023,12,10,15,0,38,38421,AVENUE AMBROISE CROIZAT,45.18506,5.75007,Plein jour,En agglomération,Intersection en T,Normale,Deux véhicules - côté,4,2,2,0,1,1,1,0,1,50,2,2,1,0,0,1,24.0,50.0,deux_roues,voiture,1,2,3,1,3
202300038524,2023-12-10 15:00:00,2023,12,10,15,0,38,38421,AVENUE AMBROISE CROIZAT,45.18506,5.75007,Plein jour,En agglomération,Intersection en T,Normale,Deux véhicules - côté,4,-1,2,0,1,1,1,0,8,50,2,2,1,0,0,1,24.0,50.0,deux_roues,voiture,1,2,3,1,3
202300038525,2023-09-03 21:00:00,2023,9,3,21,0,971,97119,Roujol,16.358974,-61.455824,Nuit avec éclairage allumé,Hors agglomération,Hors intersection,Normale,Deux véhicules - côté,2,2,2,0,1,1,1,0,1,80,2,4,1,0,0,3,32.0,24.0,deux_roues,voiture,5,1,1,1,3
202300038526,2023-12-10 14:35:00,2023,12,10,14,35,38,38185,RUE ALFRED DE VIGNY,45.16899,5.7261,Plein jour,En agglomération,Hors intersection,Normale,Autre collision,4,2,4,1,1,1,1,0,1,50,1,2,1,0,0,1,37.0,,voiture,,1,2,1,1,6
202300038527,2023-09-03 14:05:00,2023,9,3,14,5,971,97118,Colin,16.202303,-61.605645,Plein jour,Hors agglomération,Autre intersection,Normale,Autre collision,2,3,4,0,1,1,1,2,8,90,1,2,0,1,1,0,21.0,,voiture,,1,1,9,1,6
202300038528,2023-12-10 01:45:00,2023,12,10,1,45,37,37122,VERDUN (RUE DE),47.34773,0.66523,Nuit avec éclairage allumé,En agglomération,Hors intersection,Pluie légère,Autre collision,4,3,2,1,1,1,2,6,1,50,1,2,1,1,0,0,40.0,,voiture,,5,2,1,2,6
202300038529,2023-09-03 11:00:00,2023,9,3,11,0,971,97115,RN 2Bréfort,16.263475,-61.642469,Plein jour,Hors agglomération,Hors intersection,Normale,Deux véhicules - côté,2,2,1,0,1,1,1,0,1,90,2,2,1,0,1,0,65.0,23.0,voiture,autre,1,1,1,1,3
202300038530,2023-12-10 20:30:00,2023,12,10,20,30,35,35051,RN157,48.11549,-1.57265,Nuit sans éclairage public,Hors agglomération,Hors intersection,Normale,Autre collision,2,3,4,0,1,1,2,0,1,90,1,2,1,0,0,1,24.0,,utilitaire_camion,,3,1,1,1,6
202300038531,2023-12-10 00:18:00,2023,12,10,0,18,34,34172,BERGAMOTES (AVENUE DES),43.58311,3.85678,Nuit avec éclairage allumé,En agglomération,Hors intersection,Normale,Sans collision,4,2,2,0,1,1,1,0,3,50,1,1,0,0,0,1,32.0,,voiture,,5,2,1,1,7
202300038532,2023-09-03 19:30:00,2023,9,3,19,30,971,97114,La Rose,16.154986,-61.585343,Nuit sans éclairage public,Hors agglomération,Hors intersection,Normale,Trois véhicules et plus - collisions multiples,2,2,3,3,1,1,1,0,1,90,3,6,3,0,0,3,44.0,32.0,voiture,voiture,3,1,1,1,5
202300038533,2023-09-04 22:25:00,2023,9,4,22,25,45,45155,D44 PR 1 + 253,47.721044,2.637774,Nuit avec éclairage allumé,En agglomération,Hors intersection,Normale,Autre collision,3,-1,2,0,1,3,1,0,3,80,1,1,0,0,1,0,55.0,,voiture,,5,2,1,1,6
202300038534,2023-12-10 22:48:00,2023,12,10,22,48,33,33281,AVE FRANCOIS MITTERRAND,44.82428,-0.63305,Nuit avec éclairage allumé,En agglomération,Hors intersection,Pluie légère,Deux véhicules - frontale,4,2,2,0,1,2,2,0,1,50,2,3,1,0,0,2,37.0,42.0,voiture,voiture,5,2,1,2,1
202300038535,2023-09-03 02:00:00,2023,9,3,2,0,45,45049,D948 PR 24 + 500,47.85122132,2.37983027,Nuit avec éclairage allumé,En agglomération,Giratoire,Normale,Autre collision,3,2,2,0,1,1,1,0,4,50,1,1,0,0,1,0,30.0,,voiture,,5,2,6,1,6
202300038536,2023-12-09 15:50:00,2023,12,9,15,50,33,33039,Boulevard Jean-Jacques Bosc,44.81342082,-0.55531114,Plein jour,En agglomération,Hors intersection,Pluie forte,Sans collision,4,2,4,3,2,1,2,0,1,50,1,1,0,0,0,1,59.0,,deux_roues,,1,2,1,3,7
202300038537,2023-09-05 08:25:00,2023,9,5,8,25,77,77380,D38,49.070807,2.918978,Plein jour,Hors agglomération,Intersection en X,Normale,Deux véhicules - côté,3,2,2,0,1,1,1,0,1,80,2,2,0,0,0,2,42.0,45.0,voiture,voiture,1,1,2,1,3
202300038537,2023-09-05 08:25:00,2023,9,5,8,25,77,77380,D38,49.070807,2.918978,Plein jour,Hors agglomération,Intersection en X,Normale,Deux véhicules - côté,3,2,2,1,2,1,1,0,1,80,2,2,0,0,0,2,42.0,45.0,voiture,voiture,1,1,2,1,3
202300038538,2023-12-10 18:00:00,2023,12,10,18,0,29,29051,Rond-point du Rouillen,47.99399,-4.06697,Nuit sans éclairage public,En agglomération,Giratoire,Pluie légère,Deux véhicules - arrière,4,1,2,0,1,2,2,0,1,50,2,3,1,0,0,2,63.0,42.0,voiture,voiture,3,2,6,2,2
202300038539,2023-09-04 14:50:00,2023,9,4,14,50,77,77244,D16,48.269069,2.607236,Plein jour,Hors agglomération,Hors intersection,Normale,Sans collision,3,2,2,0,2,3,1,0,1,70,1,1,0,0,1,0,34.0,,deux_roues,,1,1,1,1,7
202300038540,2023-12-09 10:04:00,2023,12,9,10,4,29,29039,Rue de Quimper,47.88831,-3.91834,Plein jour,En agglomération,Autre intersection,Pluie forte,Autre collision,6,-1, -1,0,1,2,2,0,1,30,1,2,1,1,0,0,69.0,,voiture,,1,2,9,3,6
202300038541,2023-09-03 11:50:00,2023,9,3,11,50,91,91461,D116,48.591586,2.207603,Plein jour,Hors agglomération,Giratoire,Normale,Deux véhicules - côté,3,2,2,0,2,1,1,0,1,80,2,2,1,0,0,1,51.0,63.0,voiture,deux_roues,1,1,6,1,3
202300038542,2023-12-09 14:10:00,2023,12,9,14,10,25,25031,FOCH (AVENUE DU MARECHAL FERDINAND),47.48864,6.82468,Plein jour,En agglomération,Hors intersection,Pluie légère,Deux véhicules - côté,3,2,2,0,1,1,2,0,1,50,2,2,1,0,1,0,61.0,19.0,voiture,deux_roues,1,2,1,2,3
202300038543,2023-09-04 14:15:00,2023,9,4,14,15,91,91661,Avenue de la Plesse,48.702631,2.253635,Plein jour,En agglomération,Hors intersection,Normale,Deux véhicules - côté,3,2,2,0,2,2,1,9,1,50,2,2,1,0,1,0,29.0,57.0,voiture,deux_roues,1,2,1,1,3
202300038544,2023-09-03 17:55:00,2023,9,3,17,55,78,78089,Rue Marcel SEMBA - Rue Eugène COUTURIER,49.036978,1.5784,Plein jour,En agglomération,Intersection en T,Normale,Autre collision,3,2,2,0,1,1,1,0,1,30,1,2,1,0,1,0,64.0,,voiture,,1,2,3,1,6
202300038544,2023-09-03 17:55:00,2023,9,3,17,55,78,78089,Rue Marcel SEMBA - Rue Eugène COUTURIER,49.036978,1.5784,Plein jour,En agglomération,Intersection en T,Normale,Autre collision,3,1,2,0,1,1,1,0,1,30,1,2,1,0,1,0,64.0,,voiture,,1,2,3,1,6
202300038545,2023-12-09 18:00:00,2023,12,9,18,0,22,22278,PARIS (DE),48.50203,-2.73715,Nuit avec éclairage allumé,En agglomération,Intersection en Y,Normale,Deux véhicules - côté,4,-1,2,0,1,1,1,0,1,50,2,2,1,0,0,1,20.0,,deux_roues,utilitaire_camion,5,2,4,1,3
202300038545,2023-12-09 18:00:00,2023,12,9,18,0,22,22278,PARIS (DE),48.50203,-2.73715,Nuit avec éclairage allumé,En agglomération,Intersection en Y,Normale,Deux véhicules - côté,4,2,2,0,1,1,1,0,1,50,2,2,1,0,0,1,20.0,,deux_roues,utilitaire_camion,5,2,4,1,3
202300038546,2023-12-09 22:25:00,2023,12,9,22,25,22,22113,KERMARIA SULARD (ROUTE DE),48.74285,-3.42729,Nuit avec éclairage non allumé,En agglomération,Hors intersection,Normale,Sans collision,4,-1,2,0,2,2,1,0,1,50,1,4,3,0,0,1,20.0,,voiture,,4,2,1,1,7
202300038547,2023-09-02 00:00:00,2023,9,2,0,0,78,78068,A13 sens province paris PK 66,49.036004,1.460313,Nuit sans éclairage public,Hors agglomération,Hors intersection,Normale,Autre collision,1,3,5,3,1,1,1,0,1,130,3,8,6,1,0,1,22.0,49.0,voiture,voiture,3,1,1,1,6
202300038548,2023-12-10 02:26:00,2023,12,10,2,26,18,18033,Boulevard de Juranville,47.081355,2.389378,Nuit avec éclairage allumé,En agglomération,Hors intersection,Normale,Autre collision,4,-1,2,0,1,1,1,0,1,50,1,3,1,1,0,1,26.0,,voiture,,5,2,1,1,6
202300038549,2023-09-05 11:15:00,2023,9,5,11,15,2B,2B248,RT20,42.424146,9.199709,Plein jour,Hors agglomération,Hors intersection,Normale,Trois véhicules et plus - en chaîne,2,2,2,0,1,1,1,0,1,80,5,7,4,0,0,3,59.0,73.0,voiture,voiture,1,1,1,1,4
202300038550,2023-12-10 15:39:00,2023,12,10,15,39,13,13203,BATTALA (BOULEVARD),43.31782,5.37876,Plein jour,En agglomération,Hors intersection,Normale,Deux véhicules - côté,4,1,1,0,1,1,1,0,1,50,2,3,1,0,0,2,16.0,53.0,deux_roues,voiture,1,2,1,1,3