accident_id,datetime,annee,mois,jour,heure,minute,departement,commune_insee,adresse,latitude,longitude,luminosite,agglomeration,intersection,meteo,collision,catr,circ,nbv,vosp,prof,plan,surf,infra,situ,vma,nb_vehicules,nb_usagers,nb_indemnes,nb_tues,nb_blesses_hosp,nb_blesses_legers,age_cond_1,age_cond_2,veh_type_cond_1,veh_type_cond_2,lum_code,agg_code,int_code,atm_code,col_code
202300038754,2023-01-13 22:30:00,2023,1,13,22,30,93,93008,Rue Pablo Picasso,48.90768,2.44897,Nuit avec éclairage allumé,En agglomération,Hors intersection,Temps couvert,Autre collision,4,1,2,0,1,1,1,6,1,50,1,2,1,0,0,1,39.0,,voiture,,5,2,1,8,6
202300038755,2023-10-05 07:10:00,2023,10,5,7,10,41,41044,Rue du 11 Novembre 1918,47.260996,1.912769,Nuit sans éclairage public,En agglomération,Hors intersection,Normale,Deux véhicules - arrière,3,2,2,0,4,3,1,0,1,50,2,2,1,0,1,0,39.0,47.0,voiture,deux_roues,3,2,1,1,2
202300038756,2023-01-14 16:30:00,2023,1,14,16,30,93,93007,Avenue du Professeur Paul Langevin / Rue Emile Kahn,48.943646,2.459186,Plein jour,En agglomération,Intersection en X,Pluie légère,Deux véhicules - côté,4,1,1,0,1,1,2,0,1,30,2,4,3,0,0,1,28.0,24.0,voiture,utilitaire_camion,1,2,2,2,3
202300038756,2023-01-14 16:30:00,2023,1,14,16,30,93,93007,Avenue du Professeur Paul Langevin / Rue Emile Kahn,48.943646,2.459186,Plein jour,En agglomération,Intersection en X,Pluie légère,Deux véhicules - côté,4,2,2,0,1,1,2,0,1,50,2,4,3,0,0,1,28.0,24.0,voiture,utilitaire_camion,1,2,2,2,3
202300038757,2023-10-05 17:52:00,2023,10,5,17,52,68,68258,D430,47.828095,7.283324,Plein jour,Hors agglomération,Autre intersection,Normale,Trois véhicules et plus - en chaîne,3,3,2,0,1,1,1,0,1,90,3,3,2,0,0,1,47.0,49.0,voiture,voiture,1,1,9,1,4
202300038758,2023-01-14 15:36:00,2023,1,14,15,36,92,92073,VERDUN (RUE DE),48.874928,2.231049,Plein jour,En agglomération,Hors intersection,Pluie légère,Deux véhicules - côté,4,2,2,0,1,1,2,0,1,50,2,2,1,0,0,1,40.0,26.0,voiture,deux_roues,1,2,1,2,3
202300038759,2023-01-14 11:55:00,2023,1,14,11,55,92,92050,SEINE BOULEVARD DE,48.8967,2.19589,Plein jour,En agglomération,Intersection à plus de 4 branches,Pluie légère,Autre collision,3,2,2,-1,1,1,2,5,1,-1,1,2,1,0,0,1,81.0,,voiture,,1,2,5,2,6
202300038759,2023-01-14 11:55:00,2023,1,14,11,55,92,92050,SEINE BOULEVARD DE,48.8967,2.19589,Plein jour,En agglomération,Intersection à plus de 4 branches,Pluie légère,Autre collision,3,1,1,0,1,1,2,9,1,50,1,2,1,0,0,1,81.0,,voiture,,1,2,5,2,6
202300038760,2023-10-06 07:15:00,2023,10,6,7,15,44,44154,,47.267309,-2.149785,Crépuscule ou aube,Hors agglomération,Intersection à plus de 4 branches,Normale,Deux véhicules - côté,3,2,2,0,1,1,1,5,1,70,2,2,1,0,1,0,52.0,48.0,deux_roues,voiture,2,1,5,1,3
202300038760,2023-10-06 07:15:00,2023,10,6,7,15,44,44154,,47.267309,-2.149785,Crépuscule ou aube,Hors agglomération,Intersection à plus de 4 branches,Normale,Deux véhicules - côté,3,3,2,0,1,1,1,5,1,-1,2,2,1,0,1,0,52.0,48.0,deux_roues,voiture,2,1,5,1,3
202300038761,2023-01-14 21:49:00,2023,1,14,21,49,92,92049,PERI RUE GABRIEL N°2 A 36,48.81796,2.32256,Nuit avec éclairage allumé,En agglomération,Hors intersection,Pluie forte,Autre collision,3,2,3,0,1,1,2,0,1,50,1,2,1,0,1,0,,,deux_roues,,5,2,1,3,6
202300038762,2023-10-05 16:30:00,2023,10,5,16,30,29,29163,Kergalein,48.49659,-3.852244,Plein jour,Hors agglomération,Hors intersection,Normale,Sans collision,4,2,2,0,1,1,1,0,1,80,1,1,0,0,1,0,17.0,,deux_roues,,1,1,1,1,7
202300038763,2023-01-13 22:50:00,2023,1,13,22,50,92,92025,HENRI BARBUSSE (AV),48.918524,2.252673,Nuit avec éclairage allumé,En agglomération,Hors intersection,Pluie légère,Deux véhicules - côté,3,3,2,2,1,1,2,6,5,20,2,3,2,0,0,1,24.0,51.0,voiture,autre,5,2,1,2,3
202300038764,2023-10-06 10:50:00,2023,10,6,10,50,31,31396,D622,43.365785,1.650728,Plein jour,Hors agglomération,Hors intersection,Normale,Deux véhicules - côté,3,2,2,0,2,1,1,2,1,80,2,2,1,1,0,0,27.0,53.0,utilitaire_camion,deux_roues,1,1,1,1,3
202300038765,2023-01-14 11:05:00,2023,1,14,11,5,12,12096,Avenue d'Estaing,44.527464,2.75888,Plein jour,En agglomération,Hors intersection,Normale,Autre collision,3,2,2,0,1,1,1,2,1,50,1,2,1,0,1,0,61.0,,voiture,,1,2,1,1,6
202300038766,2023-10-05 13:50:00,2023,10,5,13,50,31,31232,33 Allee Alsace Lorraine,43.771159,1.296427,Plein jour,En agglomération,Hors intersection,Normale,Autre collision,3,2,2,0,2,1,1,0,8,50,1,1,0,1,0,0,41.0,,deux_roues,,1,2,1,1,6
202300038767,2023-01-15 00:39:00,2023,1,15,0,39,22,22020,RN12,48.32388,-2.25594,Nuit sans éclairage public,Hors agglomération,Hors intersection,Pluie légère,Deux véhicules - arrière,2,3,4,0,1,1,2,0,1,110,2,6,2,0,3,1,23.0,69.0,voiture,voiture,3,1,1,2,2
202300038768,2023-10-02 03:25:00,2023,10,2,3,25,31,31341,D2,43.726189,1.324598,Nuit sans éclairage public,Hors agglomération,Hors intersection,Normale,Deux véhicules - frontale,3,2,2,0,1,1,1,0,1,80,2,2,0,0,1,1,34.0,55.0,voiture,voiture,3,1,1,1,1
202300038769,2023-01-15 14:20:00,2023,1,15,14,20,68,68122,Route de Cernay,47.871781,7.215276,Plein jour,Hors agglomération,Hors intersection,Normale,Sans collision,3,2,2,0,2,2,2,0,1,80,1,1,0,0,0,1,16.0,,deux_roues,,1,1,1,1,7
202300038770,2023-01-15 00:15:00,2023,1,15,0,15,30,30315,,43.946794,4.683233,Nuit sans éclairage public,Hors agglomération,Hors intersection,Normale,Autre collision,2,3,2,0,2,1,1,0,3,80,1,2,0,0,1,1,25.0,,voiture,,3,1,1,1,6
202300038771,2023-10-03 19:15:00,2023,10,3,19,15,31,31490,Chemin de Ladoux,43.740325,1.373275,Plein jour,En agglomération,Giratoire,Normale,Deux véhicules - côté,7,-1,2,0,1,3,1,5,1,50,2,2,1,0,1,0,30.0,60.0,utilitaire_camion,deux_roues,1,2,6,1,3
202300038772,2023-01-14 05:55:00,2023,1,14,5,55,57,57599,Rue Jeanne d'Arc,49.208156,6.47157,Nuit sans éclairage public,En agglomération,Hors intersection,Pluie légère,Autre collision,3,2,2,0,1,2,2,0,3,50,1,1,0,0,1,0,40.0,,voiture,,3,2,1,2,6
202300038773,2023-01-14 15:30:00,2023,1,14,15,30,56,56240,17 Rue Raymond Marcellin,47.523251,-2.771966,Plein jour,En agglomération,Hors intersection,Pluie légère,Deux véhicules - frontale,4,2,2,0,1,1,2,0,1,50,2,3,1,0,0,2,75.0,74.0,voiture,voiture,1,2,1,2,1
202300038774,2023-10-06 09:40:00,2023,10,6,9,40,38,38314,D525b,45.436526,6.042196,Crépuscule ou aube,Hors agglomération,Hors intersection,Brouillard / fumée,Trois véhicules et plus - collisions multiples,3,2,2,0,1,3,1,0,1,90,3,3,1,0,2,0,37.0,29.0,voiture,utilitaire_camion,2,1,1,5,5
202300038775,2023-01-15 16:08:00,2023,1,15,16,8,77,77137,D204 / N4,48.697185,3.292288,Plein jour,En agglomération,Intersection en X,Normale,Deux véhicules - côté,2,2,2,0,1,1,1,5,1,70,2,2,1,1,0,0,67.0,89.0,utilitaire_camion,voiture,1,2,2,1,3
202300038775,2023-01-15 16:08:00,2023,1,15,16,8,77,77137,D204 / N4,48.697185,3.292288,Plein jour,En agglomération,Intersection en X,Normale,Deux véhicules - côté,2,2,2,-1,1,1,1,5,1,50,2,2,1,1,0,0,67.0,89.0,utilitaire_camion,voiture,1,2,2,1,3
202300038776,2023-10-05 09:15:00,2023,10,5,9,15,01,01305,D933a,46.447383,4.898553,Plein jour,Hors agglomération,Hors intersection,Temps éblouissant,Deux véhicules - arrière,3,2,2,0,1,1,1,2,1,70,2,2,1,0,1,0,67.0,78.0,voiture,deux_roues,1,1,1,7,2
202300038777,2023-01-15 08:45:00,2023,1,15,8,45,80,80318,2 Rue Gambetta,50.01651587,2.07779467,Plein jour,En agglomération,Hors intersection,Normale,Autre collision,3,2,2,0,1,1,1,0,8,50,1,3,1,0,1,1,81.0,,utilitaire_camion,,1,2,1,1,6
202300038778,2023-10-01 10:45:00,2023,10,1,10,45,66,66149,RN116,42.62327,2.441207,Plein jour,Hors agglomération,Hors intersection,Normale,Trois véhicules et plus - en chaîne,2,2,2,0,1,1,1,0,1,80,4,4,3,0,0,1,19.0,25.0,voiture,voiture,1,1,1,1,4
202300038779,2023-01-15 12:00:00,2023,1,15,12,0,63,63415,Route de Sugères /imp des vergers,45.55330154,3.37171376,Plein jour,Hors agglomération,Intersection en T,Pluie légère,Deux véhicules - côté,3,2,2,0,1,1,2,0,1,70,2,2,1,0,0,1,86.0,59.0,voiture,utilitaire_camion,1,1,3,2,3
202300038779,2023-01-15 12:00:00,2023,1,15,12,0,63,63415,Route de Sugères /imp des vergers,45.55330154,3.37171376,Plein jour,Hors agglomération,Intersection en T,Pluie légère,Deux véhicules - côté,3,2,2,-1,1,1,2,0,1,50,2,2,1,0,0,1,86.0,59.0,voiture,utilitaire_camion,1,1,3,2,3
202300038780,2023-10-05 17:45:00,2023,10,5,17,45,66,66009,,42.432903,2.597119,Plein jour,Hors agglomération,Hors intersection,Normale,Deux véhicules - frontale,3,2,2,0,2,2,1,0,1,80,2,2,1,0,0,1,85.0,41.0,voiture,voiture,1,1,1,1,1
202300038781,2023-10-05 21:40:00,2023,10,5,21,40,72,72078,D118,48.285763,0.163658,Nuit avec éclairage non allumé,Hors agglomération,Autre intersection,Normale,Sans collision,3,2,2,0,1,1,1,0,1,80,1,1,0,1,0,0,53.0,,voiture,,4,1,9,1,7
202300038782,2023-01-14 17:05:00,2023,1,14,17,5,12,12215,Zone d'Activités du Vallon (Zone commerciale),44.464722,2.41711,Plein jour,Hors agglomération,Intersection en X,Pluie légère,Deux véhicules - frontale,3,2,2,0,1,1,2,5,1,70,2,2,0,0,0,2,23.0,22.0,voiture,voiture,1,1,2,2,1
202300038782,2023-01-14 17:05:00,2023,1,14,17,5,12,12215,Zone d'Activités du Vallon (Zone commerciale),44.464722,2.41711,Plein jour,Hors agglomération,Intersection en X,Pluie légère,Deux véhicules - frontale,3,2,2,-1,1,1,2,5,1,50,2,2,0,0,0,2,23.0,22.0,voiture,voiture,1,1,2,2,1
202300038783,2023-10-06 14:45:00,2023,10,6,14,45,50,50443,Les Vignes,48.506455,-1.47543,Plein jour,Hors agglomération,Hors intersection,Normale,Deux véhicules - arrière,3,2,2,0,1,1,1,0,1,80,2,2,1,0,1,0,56.0,29.0,voiture,deux_roues,1,1,1,1,2
202300038784,2023-01-13 11:30:00,2023,1,13,11,30,12,12254,RD 901,44.428643,2.520606,Plein jour,Hors agglomération,Hors intersection,Pluie légère,Sans collision,3,2,2,0,1,1,2,0,1,90,1,1,0,0,0,1,70.0,,deux_roues,,1,1,1,2,7
202300038785,2023-10-06 14:00:00,2023,10,6,14,0,64,64519,Chemin de Devèzes,43.372644,-0.372097,Plein jour,En agglomération,Intersection en T,Normale,Deux véhicules - frontale,4,2,2,0,1,2,1,0,1,50,2,2,1,0,1,0,74.0,17.0,voiture,deux_roues,1,2,3,1,1
202300038785,2023-10-06 14:00:00,2023,10,6,14,0,64,64519,Chemin de Devèzes,43.372644,-0.372097,Plein jour,En agglomération,Intersection en T,Normale,Deux véhicules - frontale,4,2, -1,-1,1,1,1,5,1,-1,2,2,1,0,1,0,74.0,17.0,voiture,deux_roues,1,2,3,1,1
202300038786,2023-10-05 13:15:00,2023,10,5,13,15,36,36088,116 Route de la Châtre,46.92814162,1.99194508,Plein jour,Hors agglomération,Hors intersection,Normale,Autre collision,3,2,2,0,2,1,1,0,3,90,1,1,0,0,1,0,84.0,,voiture,,1,1,1,1,6
202300038787,2023-01-15 17:00:00,2023,1,15,17,0,42,42150,Route du Pont de Fonte,45.715896,4.094902,Crépuscule ou aube,Hors agglomération,Intersection en X,Normale,Deux véhicules - frontale,3,2,2,0,1,1,1,0,1,80,2,3,2,0,1,0,59.0,66.0,voiture,deux_roues,2,1,2,1,1
202300038787,2023-01-15 17:00:00,2023,1,15,17,0,42,42150,Route du Pont de Fonte,45.715896,4.094902,Crépuscule ou aube,Hors agglomération,Intersection en X,Normale,Deux véhicules - frontale,3,2,2,-1,1,1,1,0,1,-1,2,3,2,0,1,0,59.0,66.0,voiture,deux_roues,2,1,2,1,1
202300038788,2023-10-06 14:00:00,2023,10,6,14,0,16,16216,RN 141,45.685827,-0.078209,Plein jour,Hors agglomération,Hors intersection,Normale,Autre collision,2,3,4,0,1,3,1,0,1,110,1,2,0,2,0,0,64.0,,deux_roues,,1,1,1,1,6
202300038789,2023-01-13 13:39:00,2023,1,13,13,39,86,86293,N10,46.457099,0.266986,Plein jour,Hors agglomération,Intersection en X,Normale,Deux véhicules - côté,2,3,2,0,2,1,1,5,1,90,2,2,0,0,2,0,26.0,33.0,voiture,utilitaire_camion,1,1,2,1,3
202300038789,2023-01-13 13:39:00,2023,1,13,13,39,86,86293,N10,46.457099,0.266986,Plein jour,Hors agglomération,Intersection en X,Normale,Deux véhicules - côté,2,2,2,0,1,1,1,5,1,50,2,2,0,0,2,0,26.0,33.0,voiture,utilitaire_camion,1,1,2,1,3
202300038790,2023-10-06 08:05:00,2023,10,6,8,5,21,21212,D980 ROUTE DE SEMUR,47.619095,4.320481,Plein jour,En agglomération,Intersection en T,Normale,Deux véhicules - côté,3,2,2,0,2,1,1,0,1,50,2,2,1,0,0,1,17.0,46.0,deux_roues,voiture,1,2,3,1,3
202300038790,2023-10-06 08:05:00,2023,10,6,8,5,21,21212,D980 ROUTE DE SEMUR,47.619095,4.320481,Plein jour,En agglomération,Intersection en T,Normale,Deux véhicules - côté,3,2,2,0,1,1,1,0,1,50,2,2,1,0,0,1,17.0,46.0,deux_roues,voiture,1,2,3,1,3
202300038791,2023-01-15 08:10:00,2023,1,15,8,10,68,68138,D432,47.595825,7.241192,Crépuscule ou aube,Hors agglomération,Hors intersection,Pluie légère,Sans collision,3,2,2,0,1,1,2,0,3,80,1,2,0,0,2,0,22.0,,voiture,,2,1,1,2,7
202300038792,2023-10-06 07:15:00,2023,10,6,7,15,21,21317,22 Route de Dijon,47.516697,5.109442,Nuit sans éclairage public,En agglomération,Hors intersection,Normale,Autre collision,3,2,2,3,2,1,1,0,5,50,1,2,1,0,1,0,50.0,,voiture,,3,2,1,1,6
202300038793,2023-01-15 11:45:00,2023,1,15,11,45,29,29122,Poulouler,48.142108,-3.843627,Plein jour,En agglomération,Hors intersection,Pluie légère,Sans collision,4,2,2,0,2,2,2,0,1,-1,1,1,0,1,0,0,54.0,,deux_roues,,1,2,1,2,7
202300038794,2023-01-14 17:15:00,2023,1,14,17,15,31,31231,D12,43.311439,1.459615,Plein jour,Hors agglomération,Hors intersection,Normale,Autre collision,3,2,2,0,1,1,1,0,3,-1,1,1,0,0,1,0,70.0,,voiture,,1,1,1,1,6
202300038795,2023-10-01 14:45:00,2023,10,1,14,45,85,85210,RD 978,46.832724,-1.608022,Plein jour,Hors agglomération,Hors intersection,Normale,Autre collision,3,2,2,0,1,1,1,0,3,80,1,1,0,0,1,0,20.0,,voiture,,1,1,1,1,6
202300038796,2023-01-15 10:30:00,2023,1,15,10,30,50,50550,route de lastelle,49.134094,-1.404496,Plein jour,Hors agglomération,Hors intersection,Neige / grêle,Autre collision,3,2,2,0,2,2,2,0,1,80,1,3,2,0,1,0,20.0,,voiture,,1,1,1,4,6
202300038797,2023-01-15 19:30:00,2023,1,15,19,30,50,50101,La Rue,49.652738,-1.446912,Nuit sans éclairage public,Hors agglomération,Intersection en X,Pluie légère,Deux véhicules - côté,3,2,2,0,1,2,2,0,1,80,2,4,3,0,1,0,54.0,21.0,voiture,utilitaire_camion,3,1,2,2,3
202300038797,2023-01-15 19:30:00,2023,1,15,19,30,50,50101,La Rue,49.652738,-1.446912,Nuit sans éclairage public,Hors agglomération,Intersection en X,Pluie légère,Deux véhicules - côté,3,2, -1,-1,1,3,2,0,1,-1,2,4,3,0,1,0,54.0,21.0,voiture,utilitaire_camion,3,1,2,2,3
202300038798,2023-10-06 09:40:00,2023,10,6,9,40,85,85133,Rue du col magloire normand,46.368793,-0.738702,Plein jour,En agglomération,Intersection en T,Temps éblouissant,Deux véhicules - côté,4,2,2,0,1,1,1,0,1,50,2,2,1,0,1,0,33.0,40.0,voiture,deux_roues,1,2,3,7,3
202300038798,2023-10-06 09:40:00,2023,10,6,9,40,85,85133,Rue du col magloire normand,46.368793,-0.738702,Plein jour,En agglomération,Intersection en T,Temps éblouissant,Deux véhicules - côté,4,2, -1,-1,1,1,1,0,1,-1,2,2,1,0,1,0,33.0,40.0,voiture,deux_roues,1,2,3,7,3
202300038799,2023-01-15 10:00:00,2023,1,15,10,0,85,85284,RD 205,46.820392,-1.940042,Plein jour,Hors agglomération,Giratoire,Temps éblouissant,Deux véhicules - frontale,3,2,2,0,1,1,1,0,1,80,2,2,1,0,1,0,47.0,34.0,deux_roues,voiture,1,1,6,7,1
202300038800,2023-01-15 09:20:00,2023,1,15,9,20,85,85190,RD753,46.95737,-1.464283,Plein jour,Hors agglomération,Hors intersection,Normale,Deux véhicules - arrière,3,2,1,0,1,1,2,0,1,80,2,2,1,0,0,1,71.0,25.0,deux_roues,voiture,1,1,1,1,2
202300038801,2023-10-05 17:45:00,2023,10,5,17,45,85,85051,11 Rue des soupirs,46.684287,-1.050981,Plein jour,En agglomération,Hors intersection,Normale,Deux véhicules - côté,4,2,2,0,1,1,1,0,1,50,2,2,1,0,0,1,15.0,54.0,deux_roues,voiture,1,2,1,1,3
202300038802,2023-01-14 17:30:00,2023,1,14,17,30,27,27224,D133,49.139214,0.888712,Nuit sans éclairage public,Hors agglomération,Hors intersection,Pluie forte,Autre collision,3,2,2,0,1,1,2,0,1,80,1,2,1,1,0,0,74.0,,voiture,,3,1,1,3,6
202300038803,2023-01-15 02:05:00,2023,1,15,2,5,30,30235,,43.917487,4.531571,Nuit sans éclairage public,Hors agglomération,Hors intersection,Normale,Autre collision,3,2,2,0,3,1,1,0,1,80,1,1,0,0,0,1,37.0,,deux_roues,,3,1,1,1,6
202300038804,2023-10-05 19:50:00,2023,10,5,19,50,85,85142,D47,46.754161,-1.290435,Crépuscule ou aube,Hors agglomération,Hors intersection,Normale,Sans collision,3,2,2,0,3,3,1,0,1,80,1,1,0,0,0,1,26.0,,utilitaire_camion,,2,1,1,1,7
202300038805,2023-01-14 17:45:00,2023,1,14,17,45,30,30104,D8,43.96972,4.145277,Crépuscule ou aube,Hors agglomération,Hors intersection,Normale,Sans collision,3,2,2,0,2,2,1,0,1,80,1,1,0,0,1,0,44.0,,deux_roues,,2,1,1,1,7
202300038806,2023-01-15 13:35:00,2023,1,15,13,35,52,52050,D417,48.085497,5.287766,Plein jour,En agglomération,Intersection en T,Normale,Deux véhicules - côté,3,2,2,0,1,1,1,0,1,50,2,2,1,0,1,0,32.0,45.0,voiture,deux_roues,1,2,3,1,3
202300038806,2023-01-15 13:35:00,2023,1,15,13,35,52,52050,D417,48.085497,5.287766,Plein jour,En agglomération,Intersection en T,Normale,Deux véhicules - côté,3,2,2,-1,-1,-1,-1,-1,-1,50,2,2,1,0,1,0,32.0,45.0,voiture,deux_roues,1,2,3,1,3
202300038807,2023-10-06 12:45:00,2023,10,6,12,45,27,27106,D138,49.12325,0.486864,Plein jour,En agglomération,Intersection en X,Normale,Deux véhicules - frontale,3,2,2,0,1,1,1,5,1,50,2,2,1,1,0,0,40.0,71.0,voiture,deux_roues,1,2,2,1,1
202300038807,2023-10-06 12:45:00,2023,10,6,12,45,27,27106,D138,49.12325,0.486864,Plein jour,En agglomération,Intersection en X,Normale,Deux véhicules - frontale,3,2,2,-1,1,1,1,0,1,50,2,2,1,1,0,0,40.0,71.0,voiture,deux_roues,1,2,2,1,1
202300038808,2023-01-14 17:15:00,2023,1,14,17,15,08,08185,D8051,49.986673,4.663798,Nuit sans éclairage public,Hors agglomération,Hors intersection,Pluie forte,Deux véhicules - frontale,3,2,2,0,1,3,2,0,1,80,2,3,1,0,0,2,24.0,74.0,voiture,voiture,3,1,1,3,1
202300038809,2023-10-06 11:45:00,2023,10,6,11,45,23,23259,Le Mas,46.27063205,2.35171795,Plein jour,Hors agglomération,Intersection en X,Normale,Deux véhicules - côté,3,2,2,0,1,1,1,0,1,90,2,2,1,1,0,0,58.0,68.0,voiture,deux_roues,1,1,2,1,3
202300038809,2023-10-06 11:45:00,2023,10,6,11,45,23,23259,Le Mas,46.27063205,2.35171795,Plein jour,Hors agglomération,Intersection en X,Normale,Deux véhicules - côté,3,2, -1,-1,1,1,1,0,1,-1,2,2,1,1,0,0,58.0,68.0,voiture,deux_roues,1,1,2,1,3
202300038810,2023-09-11 10:00:00,2023,9,11,10,0,24,24194,Rue des Poétes,44.836924,0.335534,Plein jour,En agglomération,Hors intersection,Normale,Deux véhicules - côté,3,2,2,0,1,1,1,0,1,50,2,2,1,0,1,0,52.0,37.0,deux_roues,voiture,1,2,1,1,3
202300038811,2023-01-14 17:56:00,2023,1,14,17,56,73,73151,A41,45.466507,6.014183,Nuit sans éclairage public,Hors agglomération,Hors intersection,Normale,Trois véhicules et plus - collisions multiples,1,3,4,0,1,1,1,0,1,130,6,7,5,0,0,2,40.0,38.0,voiture,voiture,3,1,1,1,5
202300038812,2023-10-04 15:30:00,2023,10,4,15,30,13,13038,Route départementale 17,43.708509,4.674296,Plein jour,Hors agglomération,Hors intersection,Normale,Deux véhicules - côté,3,2,2,0,1,3,1,0,1,80,2,2,0,0,1,1,41.0,24.0,deux_roues,voiture,1,1,1,1,3
202300038813,2023-01-13 17:05:00,2023,1,13,17,5,40,40210,A63 PK091+300 N/S,44.075793,-1.005034,Plein jour,Hors agglomération,Hors intersection,Normale,Deux véhicules - arrière,1,3,3,0,1,2,1,0,1,130,2,4,2,0,1,1,38.0,36.0,utilitaire_camion,utilitaire_camion,1,1,1,1,2
202300038814,2023-10-04 15:40:00,2023,10,4,15,40,17,17044,autoroute A10 Pk 454.000 sens BORDEAUX/PARIS,45.63201606,-0.61691152,Plein jour,Hors agglomération,Hors intersection,Normale,Deux véhicules - arrière,1,3,4,0,1,1,1,0,1,130,2,3,1,0,2,0,48.0,60.0,voiture,utilitaire_camion,1,1,1,1,2
202300038815,2023-01-15 06:43:00,2023,1,15,6,43,69,69112,Autoroute 89 ,45.83574966,4.68457249,Nuit sans éclairage public,Hors agglomération,Hors intersection,Normale,Trois véhicules et plus - en chaîne,1,2,4,0,1,2,2,0,1,110,5,8,4,0,0,4,37.0,57.0,utilitaire_camion,voiture,3,1,1,1,4
202300038816,2023-01-14 04:45:00,2023,1,14,4,45,64,64335,A64 - PK 095.300,43.35200897,-0.44311491,Nuit sans éclairage public,Hors agglomération,Hors intersection,Normale,Sans collision,1,3,4,0,1,1,1,3,3,130,1,1,0,0,1,0,39.0,,voiture,,3,1,1,1,7
202300038817,2023-09-21 15:30:00,2023,9,21,15,30,17,17407,route de Nantes Rd 137,46.211642,-1.025449,Plein jour,Hors agglomération,Intersection en T,Normale,Trois véhicules et plus - collisions multiples,3,2,2,0,1,1,1,0,1,90,3,5,4,0,0,1,30.0,57.0,voiture,voiture,1,1,3,1,5
202300038817,2023-09-21 15:30:00,2023,9,21,15,30,17,17407,route de Nantes Rd 137,46.211642,-1.025449,Plein jour,Hors agglomération,Intersection en T,Normale,Trois véhicules et plus - collisions multiples,3,2,2,-1,1,1,1,5,1,50,3,5,4,0,0,1,30.0,57.0,voiture,voiture,1,1,3,1,5
202300038818,2023-01-14 20:10:00,2023,1,14,20,10,13,13001,"autoroute A8, pk 012+000",43.532434,5.380211,Nuit sans éclairage public,Hors agglomération,Hors intersection,Normale,Trois véhicules et plus - en chaîne,1,3,5,0,1,1,1,0,1,130,3,4,0,0,1,3,69.0,60.0,voiture,voiture,3,1,1,1,4
202300038819,2023-01-15 07:35:00,2023,1,15,7,35,974,97415,Route du Théâtre,-21.04231,55.240524,Plein jour,Hors agglomération,Hors intersection,Normale,Deux véhicules - frontale,3,2,2,0,2,3,1,0,1,70,2,3,1,0,1,1,45.0,21.0,voiture,voiture,1,1,1,1,1
202300038820,2023-10-05 18:15:00,2023,10,5,18,15,27,27107,A13,49.379628,0.614328,Plein jour,Hors agglomération,Hors intersection,Normale,Trois véhicules et plus - collisions multiples,1,3,6,0,1,1,1,0,1,130,3,4,1,1,0,2,21.0,25.0,utilitaire_camion,utilitaire_camion,1,1,1,1,5
202300038821,2023-01-14 18:45:00,2023,1,14,18,45,77,77383,D62,48.537011,3.070679,Nuit sans éclairage public,Hors agglomération,Hors intersection,Pluie légère,Sans collision,3,2,2,0,1,1,2,0,3,80,1,1,0,0,1,0,29.0,,voiture,,3,1,1,2,7
202300038822,2023-01-13 10:10:00,2023,1,13,10,10,91,91115,45 Rue de la Libération,48.593278,2.19165,Plein jour,En agglomération,Hors intersection,Normale,Sans collision,3,2,2,0,1,1,2,0,1,50,2,2,1,0,0,1,79.0,28.0,voiture,deux_roues,1,2,1,1,7
202300038823,2023-01-14 23:40:00,2023,1,14,23,40,2B,2B148,D107,42.542198,9.515161,Nuit sans éclairage public,Hors agglomération,Hors intersection,Normale,Sans collision,3,2,2,0,1,1,1,0,3,80,1,1,0,0,1,0,18.0,,deux_roues,,3,1,1,1,7
202300038824,2023-01-14 04:50:00,2023,1,14,4,50,83,83150,Chemin de Pellonière,43.738906,5.792246,Nuit sans éclairage public,En agglomération,Hors intersection,Normale,Sans collision,4,2,2,0,1,1,1,0,8,50,1,1,0,0,1,0,29.0,,voiture,,3,2,1,1,7
202300038825,2023-10-06 17:15:00,2023,10,6,17,15,13,13103,A54 - PK 071.600 - SENS OUEST EST,43.626726,5.115219,Plein jour,Hors agglomération,Hors intersection,Normale,Trois véhicules et plus - collisions multiples,1,3,2,0,1,1,1,0,1,90,4,12,10,0,1,1,63.0,22.0,voiture,voiture,1,1,1,1,5
202300038826,2023-01-14 15:07:00,2023,1,14,15,7,64,64139,7085 Route des Pindats,43.17505754,-0.35699666,Plein jour,Hors agglomération,Hors intersection,Normale,Sans collision,3,2,2,0,2,1,1,0,1,80,1,1,0,1,0,0,71.0,,deux_roues,,1,1,1,1,7
202300038827,2023-10-05 20:50:00,2023,10,5,20,50,13,13118,Autoroute A8 PK 003.000,43.55343085,5.25456015,Nuit sans éclairage public,Hors agglomération,Hors intersection,Normale,Deux véhicules - arrière,1,3,3,0,1,1,1,0,1,130,2,3,0,1,1,1,36.0,32.0,voiture,voiture,3,1,1,1,2