accident_id,datetime,annee,mois,jour,heure,minute,departement,commune_insee,adresse,latitude,longitude,luminosite,agglomeration,intersection,meteo,collision,catr,circ,nbv,vosp,prof,plan,surf,infra,situ,vma,nb_vehicules,nb_usagers,nb_indemnes,nb_tues,nb_blesses_hosp,nb_blesses_legers,age_cond_1,age_cond_2,veh_type_cond_1,veh_type_cond_2,lum_code,agg_code,int_code,atm_code,col_code
202300038967,2023-01-13 07:58:00,2023,1,13,7,58,10,10081,JEAN BAPTISTE COLBERT (RUE),48.32148,4.02726,Crépuscule ou aube,En agglomération,Hors intersection,Pluie légère,Deux véhicules - côté,4,-1,2,0,1,1,2,0,1,50,2,2,1,0,0,1,41.0,42.0,voiture,utilitaire_camion,2,2,1,2,3
202300038968,2023-10-04 20:30:00,2023,10,4,20,30,62,62907,D 919,50.48909,2.9911,Nuit avec éclairage allumé,Hors agglomération,Hors intersection,Normale,Autre collision,3,2,2,1,1,1,1,0,4,50,1,2,1,0,1,0,,,voiture,,5,1,1,1,6
202300038969,2023-10-04 08:40:00,2023,10,4,8,40,58,58194,MARECHAL LECLERC,47.00082,3.15649,Crépuscule ou aube,En agglomération,Giratoire,Temps éblouissant,Autre collision,4,1,2,0,1,2,1,0,1,50,1,1,0,0,0,1,30.0,,voiture,,2,2,6,7,6
202300038969,2023-10-04 08:40:00,2023,10,4,8,40,58,58194,MARECHAL LECLERC,47.00082,3.15649,Crépuscule ou aube,En agglomération,Giratoire,Temps éblouissant,Autre collision,4,1,1,0,1,1,1,0,1,50,1,1,0,0,0,1,30.0,,voiture,,2,2,6,7,6
202300038970,2023-01-12 14:59:00,2023,1,12,14,59,10,10362,GENERAL LECLERC (RUE DU),48.29162533,4.03546783,Plein jour,En agglomération,Intersection en X,Pluie légère,Deux véhicules - côté,3,2,3,0,1,1,2,0,1,50,2,3,2,0,0,1,48.0,38.0,voiture,voiture,1,2,2,2,3
202300038970,2023-01-12 14:59:00,2023,1,12,14,59,10,10362,GENERAL LECLERC (RUE DU),48.29162533,4.03546783,Plein jour,En agglomération,Intersection en X,Pluie légère,Deux véhicules - côté,3,2,2,0,2,3,2,0,1,50,2,3,2,0,0,1,48.0,38.0,voiture,voiture,1,2,2,2,3
202300038971,2023-01-13 10:35:00,2023,1,13,10,35,09,09122,FAURE (COURS GABRIEL),42.96409,1.60851,Plein jour,En agglomération,Hors intersection,Pluie légère,Autre collision,3,1,2,0,1,2,2,0,1,30,1,1,0,0,0,1,82.0,,deux_roues,,1,2,1,2,6
202300038972,2023-10-03 13:40:00,2023,10,3,13,40,56,56121,Boulevard Yves Demaine,47.75203,-3.37929,Plein jour,En agglomération,Intersection en T,Normale,Deux véhicules - côté,4,2,2,0,2,2,1,5,1,30,2,2,1,0,1,0,46.0,27.0,deux_roues,voiture,1,2,3,1,3
202300038972,2023-10-03 13:40:00,2023,10,3,13,40,56,56121,Boulevard Yves Demaine,47.75203,-3.37929,Plein jour,En agglomération,Intersection en T,Normale,Deux véhicules - côté,4,2,2,0,1,2,1,0,1,30,2,2,1,0,1,0,46.0,27.0,deux_roues,voiture,1,2,3,1,3
202300038973,2023-10-03 17:00:00,2023,10,3,17,0,54,54357,Avenue de la Meurthe,48.71086221,6.17365122,Plein jour,En agglomération,Hors intersection,Normale,Deux véhicules - frontale,4,2,2,0,2,1,1,2,1,50,2,2,1,0,0,1,42.0,37.0,voiture,voiture,1,2,1,1,1
202300038974,2023-01-13 14:20:00,2023,1,13,14,20,06,06159,MARECHAL FOCH (AVENUE),43.701088,7.306817,Plein jour,En agglomération,Intersection en T,Normale,Deux véhicules - arrière,4,1,1,0,4,3,1,0,1,-1,2,3,2,0,0,1,41.0,67.0,voiture,deux_roues,1,2,3,1,2
202300038974,2023-01-13 14:20:00,2023,1,13,14,20,06,06159,MARECHAL FOCH (AVENUE),43.701088,7.306817,Plein jour,En agglomération,Intersection en T,Normale,Deux véhicules - arrière,4,2,2,0,1,1,1,9,1,50,2,3,2,0,0,1,41.0,67.0,voiture,deux_roues,1,2,3,1,2
202300038975,2023-10-03 13:15:00,2023,10,3,13,15,54,54395,Rue Jeannot,48.69024728,6.18767381,Plein jour,En agglomération,Intersection en T,Normale,Autre collision,4,1,1,0,1,1,1,0,1,30,1,2,1,0,0,1,23.0,,voiture,,1,2,3,1,6
202300038976,2023-01-12 11:30:00,2023,1,12,11,30,06,06069,SAINT EXUPERY (AVENUE ANTOINE DE),43.6622,6.934253,Plein jour,En agglomération,Intersection en X,Normale,Deux véhicules - côté,4,2,1,0,2,3,1,0,1,50,2,2,1,0,1,0,27.0,54.0,utilitaire_camion,deux_roues,1,2,2,1,3
202300038976,2023-01-12 11:30:00,2023,1,12,11,30,06,06069,SAINT EXUPERY (AVENUE ANTOINE DE),43.6622,6.934253,Plein jour,En agglomération,Intersection en X,Normale,Deux véhicules - côté,4,2,2,0,1,1,1,0,1,50,2,2,1,0,1,0,27.0,54.0,utilitaire_camion,deux_roues,1,2,2,1,3
202300038977,2023-10-04 07:40:00,2023,10,4,7,40,54,54159,Avenue de Lunéville,48.612484,6.373645,Plein jour,Hors agglomération,Intersection en Y,Brouillard / fumée,Deux véhicules - côté,3,2,2,0,2,3,2,0,1,80,2,2,1,0,1,0,21.0,16.0,voiture,deux_roues,1,1,4,5,3
202300038977,2023-10-04 07:40:00,2023,10,4,7,40,54,54159,Avenue de Lunéville,48.612484,6.373645,Plein jour,Hors agglomération,Intersection en Y,Brouillard / fumée,Deux véhicules - côté,3,2,2,0,2,3,2,0,1,80,2,2,1,0,1,0,21.0,16.0,voiture,deux_roues,1,1,4,5,3
202300038978,2023-10-04 13:00:00,2023,10,4,13,0,51,51454,FOCH (BOULEVARD),49.25741,4.02596,Plein jour,En agglomération,Hors intersection,Normale,Autre collision,4,2,2,0,1,1,1,0,1,50,1,2,1,0,0,1,43.0,,voiture,,1,2,1,1,6
202300038979,2023-01-13 18:52:00,2023,1,13,18,52,01,01014,CD 31,46.28438,5.66257,Nuit avec éclairage allumé,En agglomération,Hors intersection,Pluie légère,Deux véhicules - côté,3,3,4,0,1,2,2,0,1,70,2,3,1,0,0,2,31.0,20.0,voiture,voiture,5,2,1,2,3
202300038980,2023-10-04 19:05:00,2023,10,4,19,5,50,50502,PARIS,49.11603,-1.06639,Plein jour,En agglomération,Hors intersection,Normale,Deux véhicules - côté,3,2,2,0,1,1,1,0,1,50,2,2,0,0,1,1,51.0,38.0,deux_roues,voiture,1,2,1,1,3
202300038981,2023-01-12 00:30:00,2023,1,12,0,30,75,75114,ECHANGEUR BRANCION,48.825036,2.303549,Nuit avec éclairage allumé,En agglomération,Intersection en Y,Normale,Deux véhicules - arrière,4,1,3,0,1,1,1,0,1,50,2,3,0,0,1,2,46.0,19.0,voiture,voiture,5,2,4,1,2
202300038981,2023-01-12 00:30:00,2023,1,12,0,30,75,75114,ECHANGEUR BRANCION,48.825036,2.303549,Nuit avec éclairage allumé,En agglomération,Intersection en Y,Normale,Deux véhicules - arrière,4,1,3,0,1,1,1,0,1,70,2,3,0,0,1,2,46.0,19.0,voiture,voiture,5,2,4,1,2
202300038982,2023-10-03 21:10:00,2023,10,3,21,10,50,50129,RN 13,49.59456,-1.59578,Nuit sans éclairage public,Hors agglomération,Hors intersection,Normale,Sans collision,2,3,0,0,1,1,1,0,1,90,1,1,0,0,1,0,43.0,,deux_roues,,3,1,1,1,7
202300038983,2023-01-13 12:45:00,2023,1,13,12,45,75,75119,RUE MANIN,48.883104,2.386672,Plein jour,En agglomération,Hors intersection,Normale,Deux véhicules - frontale,4,2,2,0,1,1,1,0,1,30,2,2,1,0,0,1,34.0,23.0,utilitaire_camion,deux_roues,1,2,1,1,1
202300038984,2023-10-03 13:10:00,2023,10,3,13,10,50,50129,VEXIN (RUE DU),49.62769,-1.63333,Plein jour,En agglomération,Intersection en T,Normale,Autre collision,4,2,1,0,1,1,1,0,1,50,1,2,1,0,0,1,78.0,,voiture,,1,2,3,1,6
202300038984,2023-10-03 13:10:00,2023,10,3,13,10,50,50129,VEXIN (RUE DU),49.62769,-1.63333,Plein jour,En agglomération,Intersection en T,Normale,Autre collision,4,2,0,0,1,1,1,0,1,50,1,2,1,0,0,1,78.0,,voiture,,1,2,3,1,6
202300038985,2023-01-13 18:00:00,2023,1,13,18,0,75,75118,RUE FEUTRIER,48.886714,2.346603,Nuit avec éclairage allumé,En agglomération,Intersection en X,Normale,Autre collision,4,1, -1,-1,1,1,1,0,1,-1,1,2,1,0,0,1,41.0,,utilitaire_camion,,5,2,2,1,6
202300038985,2023-01-13 18:00:00,2023,1,13,18,0,75,75118,RUE FEUTRIER,48.886714,2.346603,Nuit avec éclairage allumé,En agglomération,Intersection en X,Normale,Autre collision,4,1,1,0,2,1,1,0,1,30,1,2,1,0,0,1,41.0,,utilitaire_camion,,5,2,2,1,6
202300038986,2023-10-04 19:47:00,2023,10,4,19,47,45,45302,609 ROUTE NATIONALE 20,47.94322,1.89266,Nuit avec éclairage allumé,En agglomération,Hors intersection,Normale,Deux véhicules - frontale,4,3,5,0,1,1,1,5,1,50,2,2,1,0,0,1,18.0,29.0,voiture,deux_roues,5,2,1,1,1
202300038987,2023-01-13 20:10:00,2023,1,13,20,10,75,75115,AVENUE FELIX FAURE,48.837739,2.280272,Nuit avec éclairage allumé,En agglomération,Hors intersection,Normale,Autre collision,4,2,2,0,1,1,1,0,1,30,1,2,1,0,0,1,23.0,,deux_roues,,5,2,1,1,6
202300038988,2023-10-04 16:15:00,2023,10,4,16,15,42,42186,Rue du Pilat,45.5158,4.60473,Plein jour,En agglomération,Hors intersection,Normale,Autre collision,4,2,2,0,2,3,1,0,1,50,1,3,2,0,1,0,48.0,,voiture,,1,2,1,1,6
202300038989,2023-10-04 11:50:00,2023,10,4,11,50,37,37195,LOUIS XI (BOULEVARD),47.37539,0.658,Plein jour,En agglomération,Hors intersection,Normale,Autre collision,4,2,2,0,1,2,1,5,3,70,1,1,0,0,0,1,43.0,,voiture,,1,2,1,1,6
202300038990,2023-01-13 12:40:00,2023,1,13,12,40,75,75111,BOULEVARD VOLTAIRE,48.860978,2.374788,Plein jour,En agglomération,Intersection en T,Normale,Deux véhicules - côté,4,2,4,0,1,1,1,0,1,30,2,3,2,0,0,1,52.0,28.0,deux_roues,voiture,1,2,3,1,3
202300038990,2023-01-13 12:40:00,2023,1,13,12,40,75,75111,BOULEVARD VOLTAIRE,48.860978,2.374788,Plein jour,En agglomération,Intersection en T,Normale,Deux véhicules - côté,4,1, -1,-1,1,1,1,0,1,-1,2,3,2,0,0,1,52.0,28.0,deux_roues,voiture,1,2,3,1,3
202300038991,2023-10-03 17:10:00,2023,10,3,17,10,37,37122,RD 37,47.34750444,0.64617705,Plein jour,Hors agglomération,Hors intersection,Normale,Deux véhicules - arrière,3,1,2,0,1,1,1,0,1,90,2,2,1,0,0,1,28.0,25.0,utilitaire_camion,voiture,1,1,1,1,2
202300038992,2023-01-13 16:35:00,2023,1,13,16,35,75,75110,RUE LA FAYETTE,48.879744,2.358725,Plein jour,En agglomération,Intersection en X,Normale,Autre collision,4,1, -1,-1,1,1,1,0,1,-1,1,2,1,0,0,1,32.0,,deux_roues,,1,2,2,1,6
202300038992,2023-01-13 16:35:00,2023,1,13,16,35,75,75110,RUE LA FAYETTE,48.879744,2.358725,Plein jour,En agglomération,Intersection en X,Normale,Autre collision,4,2,2,0,1,1,1,0,1,30,1,2,1,0,0,1,32.0,,deux_roues,,1,2,2,1,6
202300038993,2023-10-04 13:45:00,2023,10,4,13,45,35,35238,LITTRE (EMILE),48.08757105,-1.64412171,Plein jour,En agglomération,Giratoire,Normale,Autre collision,4,2,2,0,1,1,1,9,1,30,1,2,1,0,0,1,59.0,,transport_commun,,1,2,6,1,6
202300038994,2023-09-26 07:50:00,2023,9,26,7,50,30,30189,Rue de Sauve,43.83770266,4.34901819,Crépuscule ou aube,En agglomération,Intersection en T,Normale,Autre collision,4,1,2,0,1,1,1,0,1,50,1,2,1,0,1,0,42.0,,voiture,,2,2,3,1,6
202300038994,2023-09-26 07:50:00,2023,9,26,7,50,30,30189,Rue de Sauve,43.83770266,4.34901819,Crépuscule ou aube,En agglomération,Intersection en T,Normale,Autre collision,4,1,2,0,1,1,1,0,1,50,1,2,1,0,1,0,42.0,,voiture,,2,2,3,1,6
202300038995,2023-01-13 09:55:00,2023,1,13,9,55,75,75108,COURS LA REINE,48.864464,2.318964,Plein jour,En agglomération,Hors intersection,Normale,Deux véhicules - arrière,4,1,2,3,1,1,1,0,1,30,2,2,1,0,0,1,45.0,41.0,deux_roues,voiture,1,2,1,1,2
202300038996,2023-10-04 18:25:00,2023,10,4,18,25,29,29039,RD 783,47.89504898,-3.91368655,Plein jour,Hors agglomération,Autre intersection,Normale,Deux véhicules - côté,3,2,4,0,1,1,1,6,8,50,2,2,0,0,0,2,57.0,51.0,voiture,voiture,1,1,9,1,3
202300038997,2023-01-13 00:05:00,2023,1,13,0,5,75,75101,BOULEVARD DE SEBASTOPOL,48.861228,2.34968,Nuit avec éclairage allumé,En agglomération,Intersection en T,Pluie légère,Sans collision,4,2,6,1,1,1,2,-1,5,30,1,1,0,0,0,1,42.0,,deux_roues,,5,2,3,2,7
202300038997,2023-01-13 00:05:00,2023,1,13,0,5,75,75101,BOULEVARD DE SEBASTOPOL,48.861228,2.34968,Nuit avec éclairage allumé,En agglomération,Intersection en T,Pluie légère,Sans collision,4,2, -1,-1,1,1,2,-1,5,-1,1,1,0,0,0,1,42.0,,deux_roues,,5,2,3,2,7
202300038998,2023-10-03 19:15:00,2023,10,3,19,15,29,29019,rue Albert Thibaudet,48.372871,-4.539271,Nuit avec éclairage allumé,En agglomération,Intersection en X,Normale,Deux véhicules - côté,4,2,2,0,2,1,1,0,1,30,2,3,0,0,0,3,19.0,44.0,voiture,voiture,5,2,2,1,3
202300038998,2023-10-03 19:15:00,2023,10,3,19,15,29,29019,rue Albert Thibaudet,48.372871,-4.539271,Nuit avec éclairage allumé,En agglomération,Intersection en X,Normale,Deux véhicules - côté,4,2,2,0,2,1,1,0,1,50,2,3,0,0,0,3,19.0,44.0,voiture,voiture,5,2,2,1,3
202300038999,2023-01-12 08:55:00,2023,1,12,8,55,75,75101,BOULEVARD DE SEBASTOPOL,48.86007283,2.3490867,Crépuscule ou aube,En agglomération,Intersection en X,Normale,Autre collision,4,2,4,1,1,1,1,-1,5,30,1,2,1,0,0,1,,,deux_roues,,2,2,2,1,6
202300038999,2023-01-12 08:55:00,2023,1,12,8,55,75,75101,BOULEVARD DE SEBASTOPOL,48.86007283,2.3490867,Crépuscule ou aube,En agglomération,Intersection en X,Normale,Autre collision,4,-1,1,0,1,1,1,-1,5,30,1,2,1,0,0,1,,,deux_roues,,2,2,2,1,6
202300039000,2023-10-04 12:15:00,2023,10,4,12,15,27,27229,SAINT LEGER (RUE DU FAUBOURG),49.03297,1.15556,Plein jour,En agglomération,Giratoire,Normale,Deux véhicules - arrière,4,1,2,0,1,1,1,0,1,50,2,2,1,0,0,1,26.0,24.0,voiture,deux_roues,1,2,6,1,2
202300039000,2023-10-04 12:15:00,2023,10,4,12,15,27,27229,SAINT LEGER (RUE DU FAUBOURG),49.03297,1.15556,Plein jour,En agglomération,Giratoire,Normale,Deux véhicules - arrière,4,1,0,0,1,1,1,0,1,50,2,2,1,0,0,1,26.0,24.0,voiture,deux_roues,1,2,6,1,2
202300039001,2023-01-13 22:00:00,2023,1,13,22,0,94,94042,Avenue du Général Galliéni,48.82010237,2.47845112,Nuit avec éclairage allumé,En agglomération,Intersection en X,Temps couvert,Deux véhicules - côté,3,2,2,0,1,1,1,0,1,50,2,2,1,0,0,1,52.0,21.0,deux_roues,voiture,5,2,2,8,3
202300039001,2023-01-13 22:00:00,2023,1,13,22,0,94,94042,Avenue du Général Galliéni,48.82010237,2.47845112,Nuit avec éclairage allumé,En agglomération,Intersection en X,Temps couvert,Deux véhicules - côté,3,1,1,0,1,1,1,0,1,50,2,2,1,0,0,1,52.0,21.0,deux_roues,voiture,5,2,2,8,3
202300039002,2023-10-02 11:45:00,2023,10,2,11,45,19,19272,Fontaines (Lieu dit),45.28453193,1.77318156,Plein jour,En agglomération,Hors intersection,Normale,Sans collision,4,-1,1,0,1,1,1,0,1,50,1,1,0,0,0,1,18.0,,deux_roues,,1,2,1,1,7
202300039003,2023-10-03 17:55:00,2023,10,3,17,55,19,19031,BALUZE (RUE),45.16638,1.5401,Plein jour,En agglomération,Hors intersection,Normale,Deux véhicules - arrière,4,2,2,0,1,1,1,0,1,50,2,2,1,0,0,1,33.0,53.0,voiture,voiture,1,2,1,1,2
202300039004,2023-01-12 07:55:00,2023,1,12,7,55,94,94068,VARENNE (R DE LA),48.80797,2.4735,Nuit avec éclairage allumé,En agglomération,Hors intersection,Pluie légère,Deux véhicules - côté,3,2,2,0,1,1,2,0,1,30,2,2,1,0,1,0,45.0,54.0,voiture,deux_roues,5,2,1,2,3
202300039005,2023-01-11 16:55:00,2023,1,11,16,55,94,94068,LOUIS BLANC (AV),48.79115,2.496567,Plein jour,En agglomération,Intersection en X,Normale,Deux véhicules - côté,3,2,2,0,1,1,1,0,1,30,2,3,2,0,0,1,24.0,18.0,voiture,deux_roues,1,2,2,1,3
202300039005,2023-01-11 16:55:00,2023,1,11,16,55,94,94068,LOUIS BLANC (AV),48.79115,2.496567,Plein jour,En agglomération,Intersection en X,Normale,Deux véhicules - côté,3,-1,2,0,1,1,1,0,1,30,2,3,2,0,0,1,24.0,18.0,voiture,deux_roues,1,2,2,1,3
202300039006,2023-10-04 18:30:00,2023,10,4,18,30,13,13071,ROUTE NATIONALE 368 (PLAN DES PENNES),43.40533645,5.28340164,Plein jour,En agglomération,Autre intersection,Normale,Deux véhicules - frontale,3,2,2,0,1,1,1,9,1,50,2,4,1,0,2,1,55.0,29.0,voiture,voiture,1,2,9,1,1
202300039007,2023-09-29 20:00:00,2023,9,29,20,0,13,13216,LE PELLETIE (RUE),43.36252,5.32228,Crépuscule ou aube,En agglomération,Hors intersection,Normale,Deux véhicules - frontale,4,2,2,0,1,1,1,0,1,50,1,2,1,0,0,1,51.0,,voiture,,2,2,1,1,1
202300039008,2023-01-13 18:30:00,2023,1,13,18,30,94,94076,Boulevard Maxime Gorki,48.792767,2.369257,Nuit avec éclairage allumé,En agglomération,Intersection en T,Normale,Deux véhicules - côté,3,2,2,3,1,1,1,0,1,50,2,2,1,0,0,1,46.0,36.0,deux_roues,voiture,5,2,3,1,3
202300039008,2023-01-13 18:30:00,2023,1,13,18,30,94,94076,Boulevard Maxime Gorki,48.792767,2.369257,Nuit avec éclairage allumé,En agglomération,Intersection en T,Normale,Deux véhicules - côté,3,2,2,0,1,1,1,0,1,50,2,2,1,0,0,1,46.0,36.0,deux_roues,voiture,5,2,3,1,3
202300039009,2023-10-04 18:30:00,2023,10,4,18,30,13,13210,ICARD (BOULEVARD),43.2795,5.4173,Plein jour,En agglomération,Hors intersection,Normale,Deux véhicules - côté,9,1,1,0,1,1,1,0,1,50,2,2,1,0,0,1,27.0,43.0,deux_roues,voiture,1,2,1,1,3
202300039010,2023-01-12 09:30:00,2023,1,12,9,30,94,94028,Rue de Falkirk,48.77166,2.45974,Plein jour,En agglomération,Hors intersection,Normale,Autre collision,4,2,2,0,1,1,2,0,1,50,1,1,0,0,1,0,58.0,,deux_roues,,1,2,1,1,6
202300039011,2023-10-04 15:20:00,2023,10,4,15,20,13,13201,ATHENES (BOULEVARD D'),43.29947,5.38056,Plein jour,En agglomération,Hors intersection,Normale,Deux véhicules - côté,4,2,4,0,2,1,1,0,1,50,2,2,1,0,0,1,,26.0,voiture,deux_roues,1,2,1,1,3
202300039012,2023-01-13 21:15:00,2023,1,13,21,15,94,94054,Avenue de la Victoire / Avenue Henri Barbusse,48.74513211,2.38863355,Nuit avec éclairage allumé,En agglomération,Intersection en X,Normale,Deux véhicules - côté,3,1,1,0,2,1,1,0,1,50,2,2,1,0,0,1,17.0,31.0,deux_roues,deux_roues,5,2,2,1,3
202300039012,2023-01-13 21:15:00,2023,1,13,21,15,94,94054,Avenue de la Victoire / Avenue Henri Barbusse,48.74513211,2.38863355,Nuit avec éclairage allumé,En agglomération,Intersection en X,Normale,Deux véhicules - côté,3,2,2,0,2,1,1,0,1,50,2,2,1,0,0,1,17.0,31.0,deux_roues,deux_roues,5,2,2,1,3
202300039013,2023-10-04 12:56:00,2023,10,4,12,56,13,13213,SAINT PAUL (AVENUE),43.327,5.41,Plein jour,En agglomération,Intersection en Y,Normale,Deux véhicules - côté,4,2,2,0,2,1,1,0,1,50,2,5,3,0,0,2,29.0,17.0,voiture,deux_roues,1,2,4,1,3
202300039013,2023-10-04 12:56:00,2023,10,4,12,56,13,13213,SAINT PAUL (AVENUE),43.327,5.41,Plein jour,En agglomération,Intersection en Y,Normale,Deux véhicules - côté,4,2,4,0,1,2,1,5,1,50,2,5,3,0,0,2,29.0,17.0,voiture,deux_roues,1,2,4,1,3
202300039014,2023-01-12 16:50:00,2023,1,12,16,50,94,94018,80 Quai des Carrieres,48.820665,2.402338,Crépuscule ou aube,En agglomération,Hors intersection,Normale,Sans collision,3,2,3,0,1,1,1,0,1,50,1,1,0,0,0,1,45.0,,deux_roues,,2,2,1,1,7
202300039015,2023-10-04 11:45:00,2023,10,4,11,45,13,13214,BASILE BARRELIER (BOULEVARD),43.33936885,5.38952039,Plein jour,En agglomération,Hors intersection,Normale,Trois véhicules et plus - collisions multiples,4,2,2,0,1,1,1,0,1,50,2,2,1,0,0,1,83.0,59.0,voiture,deux_roues,1,2,1,1,5
202300039016,2023-10-04 10:05:00,2023,10,4,10,5,13,13205,BAILLE (BOULEVARD),43.28934,5.39663,Plein jour,En agglomération,Hors intersection,Normale,Autre collision,4,2,4,3,1,1,1,0,1,50,1,2,0,0,0,2,25.0,,deux_roues,,1,2,1,1,6
202300039017,2023-01-13 21:30:00,2023,1,13,21,30,93,93072,Boulevard Maxime Gorki,48.948513,2.386322,Nuit avec éclairage allumé,En agglomération,Hors intersection,Normale,Deux véhicules - arrière,3,2,2,0,1,1,1,0,1,50,2,3,2,0,0,1,31.0,42.0,voiture,voiture,5,2,1,1,2
202300039018,2023-10-04 01:30:00,2023,10,4,1,30,13,13210,AVE FLORIAN,43.28558,5.42499,Nuit avec éclairage allumé,En agglomération,Intersection à plus de 4 branches,Normale,Deux véhicules - arrière,4,-1,4,0,3,1,1,5,1,50,2,2,1,0,0,1,26.0,58.0,voiture,voiture,5,2,5,1,2
202300039018,2023-10-04 01:30:00,2023,10,4,1,30,13,13210,AVE FLORIAN,43.28558,5.42499,Nuit avec éclairage allumé,En agglomération,Intersection à plus de 4 branches,Normale,Deux véhicules - arrière,4,2, -1,-1,1,1,1,0,1,-1,2,2,1,0,0,1,26.0,58.0,voiture,voiture,5,2,5,1,2
202300039019,2023-01-13 11:35:00,2023,1,13,11,35,93,93070,Rue Lafontaine,48.901479,2.327944,Plein jour,En agglomération,Hors intersection,Normale,Deux véhicules - frontale,4,1,1,0,1,1,1,0,1,50,2,2,1,0,0,1,44.0,,deux_roues,voiture,1,2,1,1,1
202300039020,2023-10-03 21:30:00,2023,10,3,21,30,13,13208,MAZARGUES (AVENUE DE),43.26502,5.39123,Nuit avec éclairage allumé,En agglomération,Intersection en T,Normale,Deux véhicules - côté,4,-1,2,0,1,1,1,0,1,50,2,4,2,0,0,2,53.0,,autre,voiture,5,2,3,1,3
202300039020,2023-10-03 21:30:00,2023,10,3,21,30,13,13208,MAZARGUES (AVENUE DE),43.26502,5.39123,Nuit avec éclairage allumé,En agglomération,Intersection en T,Normale,Deux véhicules - côté,4,2,2,0,1,2,1,0,1,50,2,4,2,0,0,2,53.0,,autre,voiture,5,2,3,1,3
202300039021,2023-01-13 18:00:00,2023,1,13,18,0,93,93066,Boulevard Marcel Sembat,48.934418,2.34929,Nuit sans éclairage public,En agglomération,Hors intersection,Normale,Deux véhicules - côté,4,1,1,0,1,1,1,0,1,30,2,2,1,0,0,1,,35.0,voiture,deux_roues,3,2,1,1,3
202300039022,2023-08-20 19:00:00,2023,8,20,19,0,13,13005,GEMENOS (ROUTE DE CD2),43.288,5.53917,Plein jour,En agglomération,Hors intersection,Normale,Deux véhicules - côté,3,-1,1,0,1,1,1,0,1,50,2,2,1,0,0,1,51.0,88.0,deux_roues,voiture,1,2,1,1,3
202300039023,2023-10-03 19:35:00,2023,10,3,19,35,10,10387,PONTS (RUE DES),48.2873,4.0864,Nuit avec éclairage allumé,En agglomération,Hors intersection,Normale,Deux véhicules - côté,4,2,2,0,1,1,1,0,1,50,2,3,2,0,0,1,18.0,42.0,deux_roues,deux_roues,5,2,1,1,3
202300039024,2023-10-03 07:50:00,2023,10,3,7,50,10,10387,VOULDY (CHAUSSEE DU),48.2943,4.0827,Plein jour,En agglomération,Hors intersection,Normale,Autre collision,4,2,2,2,1,1,1,0,1,50,1,2,1,0,1,0,52.0,,voiture,,1,2,1,1,6
202300039025,2023-01-13 00:30:00,2023,1,13,0,30,93,93066,Boulevard Félix Faure,48.938699,2.358473,Nuit avec éclairage allumé,En agglomération,Hors intersection,Pluie légère,Trois véhicules et plus - en chaîne,4,3,2,0,1,1,2,0,1,50,3,4,0,0,0,4,24.0,26.0,voiture,voiture,5,2,1,2,4
202300039026,2023-10-04 15:50:00,2023,10,4,15,50,04,04070,ST VERAN (AV),44.08934,6.2132,Plein jour,En agglomération,Hors intersection,Normale,Sans collision,4,2,1,0,2,2,1,0,1,50,1,1,0,0,1,0,57.0,,deux_roues,,1,2,1,1,7
202300039027,2023-01-13 07:50:00,2023,1,13,7,50,93,93077,Avenue du Raincy / Rue de Bondy,48.88665159,2.50891417,Crépuscule ou aube,En agglomération,Intersection en X,Pluie légère,Deux véhicules - frontale,3,2,2,0,1,1,2,5,1,30,2,2,1,0,0,1,45.0,12.0,utilitaire_camion,deux_roues,2,2,2,2,1
202300039027,2023-01-13 07:50:00,2023,1,13,7,50,93,93077,Avenue du Raincy / Rue de Bondy,48.88665159,2.50891417,Crépuscule ou aube,En agglomération,Intersection en X,Pluie légère,Deux véhicules - frontale,3,1,1,0,1,1,2,5,1,30,2,2,1,0,0,1,45.0,12.0,utilitaire_camion,deux_roues,2,2,2,2,1
202300039028,2023-10-04 21:48:00,2023,10,4,21,48,75,75111,AVENUE DE LA REPUBLIQUE,48.864002,2.381203,Nuit avec éclairage allumé,En agglomération,Intersection à plus de 4 branches,Normale,Deux véhicules - côté,4,2,3,2,1,1,1,0,1,30,2,2,0,0,1,1,23.0,34.0,deux_roues,deux_roues,5,2,5,1,3
202300039028,2023-10-04 21:48:00,2023,10,4,21,48,75,75111,AVENUE DE LA REPUBLIQUE,48.864002,2.381203,Nuit avec éclairage allumé,En agglomération,Intersection à plus de 4 branches,Normale,Deux véhicules - côté,4,2,2,2,1,1,1,0,1,30,2,2,0,0,1,1,23.0,34.0,deux_roues,deux_roues,5,2,5,1,3
202300039029,2023-10-04 18:47:00,2023,10,4,18,47,75,75113,RUE EMILE DURKHEIM,48.832185,2.37734,Nuit avec éclairage allumé,En agglomération,Intersection en T,Normale,Sans collision,4,1, -1,-1,1,1,1,0,1,-1,1,1,0,0,1,0,68.0,,deux_roues,,5,2,3,1,7
202300039029,2023-10-04 18:47:00,2023,10,4,18,47,75,75113,RUE EMILE DURKHEIM,48.832185,2.37734,Nuit avec éclairage allumé,En agglomération,Intersection en T,Normale,Sans collision,4,2,2,1,2,1,1,0,1,30,1,1,0,0,1,0,68.0,,deux_roues,,5,2,3,1,7
202300039030,2023-01-13 08:57:00,2023,1,13,8,57,93,93055,Avenue du Général Leclerc,48.89555037,2.40055829,Plein jour,En agglomération,Hors intersection,Pluie légère,Deux véhicules - frontale,3,2,2,2,1,2,2,2,1,50,2,2,1,0,0,1,53.0,52.0,voiture,deux_roues,1,2,1,2,1