accident_id,datetime,annee,mois,jour,heure,minute,departement,commune_insee,adresse,latitude,longitude,luminosite,agglomeration,intersection,meteo,collision,catr,circ,nbv,vosp,prof,plan,surf,infra,situ,vma,nb_vehicules,nb_usagers,nb_indemnes,nb_tues,nb_blesses_hosp,nb_blesses_legers,age_cond_1,age_cond_2,veh_type_cond_1,veh_type_cond_2,lum_code,agg_code,int_code,atm_code,col_code
202300039164,2023-07-25 15:15:00,2023,7,25,15,15,75,75116,BD PERIPHERIQUE EXTERIEUR,48.864239,2.266641,Plein jour,En agglomération,Hors intersection,Normale,Deux véhicules - arrière,4,1,4,0,1,1,1,1,1,70,2,2,1,0,0,1,39.0,23.0,voiture,voiture,1,2,1,1,2
202300039165,2023-07-25 06:00:00,2023,7,25,6,0,75,75112,BD PERIPHERIQUE INTERIEUR,48.844941,2.414035,Nuit avec éclairage allumé,En agglomération,Hors intersection,Pluie légère,Deux véhicules - arrière,4,1,4,0,1,1,2,1,1,70,2,2,1,0,0,1,26.0,72.0,utilitaire_camion,voiture,5,2,1,2,2
202300039166,2023-07-25 03:05:00,2023,7,25,3,5,75,75117,BD PERIPHERIQUE EXTERIEUR,48.87968692,2.28083253,Nuit avec éclairage allumé,En agglomération,Hors intersection,Pluie forte,Autre collision,4,1,1,0,1,3,2,1,1,50,1,5,4,0,0,1,19.0,,voiture,,5,2,1,3,6
202300039167,2023-07-24 18:35:00,2023,7,24,18,35,75,75116,PORTE DAUPHINE,48.872906,2.274447,Plein jour,En agglomération,Hors intersection,Pluie légère,Deux véhicules - arrière,4,1,4,0,1,1,2,0,1,70,2,2,1,0,0,1,26.0,28.0,utilitaire_camion,deux_roues,1,2,1,2,2
202300039168,2023-07-25 11:30:00,2023,7,25,11,30,75,75119,RUE DE CRIMEE,48.882434,2.386211,Plein jour,En agglomération,Hors intersection,Pluie légère,Autre collision,4,2,2,3,2,1,2,0,6,30,1,2,0,0,0,2,27.0,,deux_roues,,1,2,1,2,6
202300039169,2023-07-25 10:15:00,2023,7,25,10,15,75,75119,RUE COMPANS,48.881665,2.388506,Plein jour,En agglomération,Intersection en Y,Pluie légère,Autre collision,4,-1, -1,0,1,1,2,0,1,30,1,2,1,0,0,1,18.0,,deux_roues,,1,2,4,2,6
202300039169,2023-07-25 10:15:00,2023,7,25,10,15,75,75119,RUE COMPANS,48.881665,2.388506,Plein jour,En agglomération,Intersection en Y,Pluie légère,Autre collision,4,1,1,3,2,1,2,0,1,30,1,2,1,0,0,1,18.0,,deux_roues,,1,2,4,2,6
202300039170,2023-07-25 09:00:00,2023,7,25,9,0,75,75119,BOULEVARD D ALGERIE,48.88026,2.400397,Plein jour,En agglomération,Autre intersection,Temps couvert,Deux véhicules - arrière,4,2,4,0,1,1,2,0,1,50,2,2,1,0,0,1,36.0,46.0,utilitaire_camion,deux_roues,1,2,9,8,2
202300039170,2023-07-25 09:00:00,2023,7,25,9,0,75,75119,BOULEVARD D ALGERIE,48.88026,2.400397,Plein jour,En agglomération,Autre intersection,Temps couvert,Deux véhicules - arrière,4,-1, -1,0,1,1,2,0,1,50,2,2,1,0,0,1,36.0,46.0,utilitaire_camion,deux_roues,1,2,9,8,2
202300039171,2023-07-25 07:00:00,2023,7,25,7,0,75,75117,AVENUE DES TERNES,48.878654,2.294201,Crépuscule ou aube,En agglomération,Intersection en T,Pluie légère,Sans collision,4,3,2,0,1,1,2,0,1,30,1,1,0,0,0,1,40.0,,deux_roues,,2,2,3,2,7
202300039171,2023-07-25 07:00:00,2023,7,25,7,0,75,75117,AVENUE DES TERNES,48.878654,2.294201,Crépuscule ou aube,En agglomération,Intersection en T,Pluie légère,Sans collision,4,-1, -1,0,1,1,2,0,1,30,1,1,0,0,0,1,40.0,,deux_roues,,2,2,3,2,7
202300039172,2023-07-25 10:20:00,2023,7,25,10,20,75,75113,BOULEVARD DE L HOPITAL,48.834569,2.357769,Plein jour,En agglomération,Intersection en T,Pluie légère,Autre collision,4,1,2,0,2,1,2,0,1,30,2,2,1,0,0,1,23.0,46.0,deux_roues,voiture,1,2,3,2,6
202300039172,2023-07-25 10:20:00,2023,7,25,10,20,75,75113,BOULEVARD DE L HOPITAL,48.834569,2.357769,Plein jour,En agglomération,Intersection en T,Pluie légère,Autre collision,4,-1, -1,0,1,1,2,0,1,30,2,2,1,0,0,1,23.0,46.0,deux_roues,voiture,1,2,3,2,6
202300039173,2023-07-25 01:50:00,2023,7,25,1,50,75,75111,AVENUE PARMENTIER,48.865249,2.374549,Nuit avec éclairage allumé,En agglomération,Intersection en X,Pluie légère,Deux véhicules - côté,4,2,1,0,1,1,2,0,1,30,2,4,2,0,0,2,21.0,47.0,deux_roues,voiture,5,2,2,2,3
202300039173,2023-07-25 01:50:00,2023,7,25,1,50,75,75111,AVENUE PARMENTIER,48.865249,2.374549,Nuit avec éclairage allumé,En agglomération,Intersection en X,Pluie légère,Deux véhicules - côté,4,2,1,0,1,1,2,0,1,30,2,4,2,0,0,2,21.0,47.0,deux_roues,voiture,5,2,2,2,3
202300039174,2023-07-25 18:03:00,2023,7,25,18,3,75,75108,AVENUE WINSTON CHURCHILL,48.864997,2.313697,Plein jour,En agglomération,Intersection en T,Normale,Deux véhicules - arrière,4,-1,2,0,1,1,1,8,1,50,2,2,1,0,0,1,49.0,25.0,voiture,deux_roues,1,2,3,1,2
202300039174,2023-07-25 18:03:00,2023,7,25,18,3,75,75108,AVENUE WINSTON CHURCHILL,48.864997,2.313697,Plein jour,En agglomération,Intersection en T,Normale,Deux véhicules - arrière,4,-1, -1,0,1,1,1,0,1,50,2,2,1,0,0,1,49.0,25.0,voiture,deux_roues,1,2,3,1,2
202300039175,2023-07-24 21:00:00,2023,7,24,21,0,94,94079,Boulevard Jean Monnet,48.8275,2.5276,Crépuscule ou aube,Hors agglomération,Giratoire,Pluie légère,Deux véhicules - arrière,3,2,2,0,1,1,2,0,1,50,2,2,1,0,0,1,21.0,46.0,voiture,utilitaire_camion,2,1,6,2,2
202300039175,2023-07-24 21:00:00,2023,7,24,21,0,94,94079,Boulevard Jean Monnet,48.8275,2.5276,Crépuscule ou aube,Hors agglomération,Giratoire,Pluie légère,Deux véhicules - arrière,3,2,2,0,1,1,2,0,1,50,2,2,1,0,0,1,21.0,46.0,voiture,utilitaire_camion,2,1,6,2,2
202300039176,2023-07-25 16:00:00,2023,7,25,16,0,95,95527,N104,49.02699782,2.51473188,Plein jour,Hors agglomération,Hors intersection,Normale,Trois véhicules et plus - en chaîne,2,2,2,0,1,1,1,1,1,70,4,4,2,0,0,2,39.0,48.0,voiture,voiture,1,1,1,1,4
202300039177,2023-07-25 17:40:00,2023,7,25,17,40,93,93066,Rue du Landy / Rue de Tunis,48.91415084,2.34533039,Plein jour,En agglomération,Intersection en T,Normale,Deux véhicules - côté,3,2,2,1,1,1,1,9,1,50,2,2,1,0,0,1,51.0,19.0,deux_roues,voiture,1,2,3,1,3
202300039177,2023-07-25 17:40:00,2023,7,25,17,40,93,93066,Rue du Landy / Rue de Tunis,48.91415084,2.34533039,Plein jour,En agglomération,Intersection en T,Normale,Deux véhicules - côté,3,1,1,2,1,1,1,0,1,-1,2,2,1,0,0,1,51.0,19.0,deux_roues,voiture,1,2,3,1,3
202300039178,2023-07-25 19:00:00,2023,7,25,19,0,93,93050,Boulevard du Marechal Foch / Rue Jules Lamant et Ses Fils,48.85472,2.52254,Plein jour,En agglomération,Intersection en T,Pluie légère,Deux véhicules - côté,3,3,4,3,1,1,2,0,1,50,2,2,1,0,0,1,59.0,,deux_roues,voiture,1,2,3,2,3
202300039178,2023-07-25 19:00:00,2023,7,25,19,0,93,93050,Boulevard du Marechal Foch / Rue Jules Lamant et Ses Fils,48.85472,2.52254,Plein jour,En agglomération,Intersection en T,Pluie légère,Deux véhicules - côté,3,2,1,0,1,1,2,0,1,-1,2,2,1,0,0,1,59.0,,deux_roues,voiture,1,2,3,2,3
202300039179,2023-07-24 22:56:00,2023,7,24,22,56,93,93048,Avenue du Colonel Fabien / Avenue du Docteur Fernand Lamaze,48.87654,2.45466,Nuit avec éclairage allumé,En agglomération,Intersection en X,Temps couvert,Deux véhicules - côté,4,2,2,0,1,1,1,5,1,50,2,3,1,0,0,2,60.0,,voiture,voiture,5,2,2,8,3
202300039179,2023-07-24 22:56:00,2023,7,24,22,56,93,93048,Avenue du Colonel Fabien / Avenue du Docteur Fernand Lamaze,48.87654,2.45466,Nuit avec éclairage allumé,En agglomération,Intersection en X,Temps couvert,Deux véhicules - côté,4,3,2,0,1,1,1,5,1,50,2,3,1,0,0,2,60.0,,voiture,voiture,5,2,2,8,3
202300039180,2023-07-25 16:15:00,2023,7,25,16,15,93,93057,Boulevard de Paris / Avenue du Quatorze Juillet,48.91400565,2.49173458,Plein jour,En agglomération,Intersection en X,Pluie légère,Autre collision,3,2,3,0,1,1,2,0,4,30,1,1,0,0,0,1,22.0,,voiture,,1,2,2,2,6
202300039180,2023-07-25 16:15:00,2023,7,25,16,15,93,93057,Boulevard de Paris / Avenue du Quatorze Juillet,48.91400565,2.49173458,Plein jour,En agglomération,Intersection en X,Pluie légère,Autre collision,3,2,2,0,1,1,2,0,4,30,1,1,0,0,0,1,22.0,,voiture,,1,2,2,2,6
202300039181,2023-07-25 15:50:00,2023,7,25,15,50,92,92062,PDT WILSON (Avenue),48.88515,2.22597,Plein jour,En agglomération,Hors intersection,Pluie légère,Deux véhicules - frontale,3,3,0,0,1,1,2,1,1,50,2,2,1,0,0,1,38.0,21.0,deux_roues,voiture,1,2,1,2,1
202300039182,2023-07-24 05:35:00,2023,7,24,5,35,92,92024,JEAN JAURES (BD) DE (1 A 45)   (2 A 54),48.90004,2.30631,Nuit avec éclairage allumé,En agglomération,Intersection en X,Pluie légère,Deux véhicules - côté,3,2,3,0,1,1,2,0,1,50,2,4,3,0,0,1,38.0,,voiture,voiture,5,2,2,2,3
202300039182,2023-07-24 05:35:00,2023,7,24,5,35,92,92024,JEAN JAURES (BD) DE (1 A 45)   (2 A 54),48.90004,2.30631,Nuit avec éclairage allumé,En agglomération,Intersection en X,Pluie légère,Deux véhicules - côté,3,1,3,1,1,1,2,0,1,50,2,4,3,0,0,1,38.0,,voiture,voiture,5,2,2,2,3
202300039183,2023-07-23 19:05:00,2023,7,23,19,5,92,92023,TRIVAUX (CARREFOUR DE),48.78981074,2.25270889,Plein jour,En agglomération,Giratoire,Normale,Trois véhicules et plus - collisions multiples,3,2,3,0,1,1,1,0,1,30,3,3,1,0,0,2,56.0,55.0,voiture,voiture,1,2,6,1,5
202300039183,2023-07-23 19:05:00,2023,7,23,19,5,92,92023,TRIVAUX (CARREFOUR DE),48.78981074,2.25270889,Plein jour,En agglomération,Giratoire,Normale,Trois véhicules et plus - collisions multiples,3,2,4,0,1,1,1,0,1,50,3,3,1,0,0,2,56.0,55.0,voiture,voiture,1,2,6,1,5
202300039184,2023-07-26 08:25:00,2023,7,26,8,25,38,38157,D502,45.512099,4.956712,Plein jour,Hors agglomération,Giratoire,Normale,Deux véhicules - côté,3,2,1,0,1,2,1,0,1,50,2,2,1,0,1,0,41.0,55.0,utilitaire_camion,deux_roues,1,1,6,1,3
202300039185,2023-07-25 15:14:00,2023,7,25,15,14,22,22209,les roches,48.582211,-2.124208,Plein jour,Hors agglomération,Hors intersection,Normale,Deux véhicules - arrière,3,2,2,0,3,1,1,0,1,80,2,3,2,0,1,0,17.0,20.0,deux_roues,utilitaire_camion,1,1,1,1,2
202300039186,2023-07-25 09:57:00,2023,7,25,9,57,22,22094,rue du Moulin,48.596053,-2.149673,Plein jour,Hors agglomération,Intersection en T,Normale,Deux véhicules - côté,3,2,2,0,2,2,1,0,1,70,2,3,2,0,1,0,78.0,68.0,deux_roues,voiture,1,1,3,1,3
202300039186,2023-07-25 09:57:00,2023,7,25,9,57,22,22094,rue du Moulin,48.596053,-2.149673,Plein jour,Hors agglomération,Intersection en T,Normale,Deux véhicules - côté,3,2,2,2,3,1,1,0,8,30,2,3,2,0,1,0,78.0,68.0,deux_roues,voiture,1,1,3,1,3
202300039187,2023-07-26 10:40:00,2023,7,26,10,40,49,49110,D74,47.556484,-0.333876,Plein jour,Hors agglomération,Hors intersection,Normale,Deux véhicules - côté,3,2,2,0,2,2,1,0,5,80,2,2,1,1,0,0,53.0,76.0,deux_roues,deux_roues,1,1,1,1,3
202300039188,2023-06-25 12:20:00,2023,6,25,12,20,974,97414,Avenue Pasteur,-21.273594,55.403774,Plein jour,En agglomération,Autre intersection,Normale,Autre collision,4,2,2,0,2,1,1,0,1,50,2,2,1,0,1,0,20.0,57.0,deux_roues,voiture,1,2,9,1,6
202300039189,2023-07-22 17:15:00,2023,7,22,17,15,58,58270,La Courge,47.502366,3.013853,Plein jour,Hors agglomération,Intersection en X,Normale,Deux véhicules - côté,3,2,2,0,2,1,1,0,1,80,2,2,1,0,0,1,21.0,60.0,voiture,utilitaire_camion,1,1,2,1,3
202300039189,2023-07-22 17:15:00,2023,7,22,17,15,58,58270,La Courge,47.502366,3.013853,Plein jour,Hors agglomération,Intersection en X,Normale,Deux véhicules - côté,3,2,2,0,2,1,1,0,1,90,2,2,1,0,0,1,21.0,60.0,voiture,utilitaire_camion,1,1,2,1,3
202300039190,2023-07-25 19:00:00,2023,7,25,19,0,83,83100,D97,43.277877,6.124181,Plein jour,Hors agglomération,Intersection en T,Vent fort / tempête,Deux véhicules - arrière,3,2,2,0,1,1,1,0,1,80,2,2,1,0,0,1,49.0,65.0,deux_roues,voiture,1,1,3,6,2
202300039190,2023-07-25 19:00:00,2023,7,25,19,0,83,83100,D97,43.277877,6.124181,Plein jour,Hors agglomération,Intersection en T,Vent fort / tempête,Deux véhicules - arrière,3,2, -1,-1,1,1,1,0,1,-1,2,2,1,0,0,1,49.0,65.0,deux_roues,voiture,1,1,3,6,2
202300039191,2023-07-25 15:04:00,2023,7,25,15,4,87,87020,A20,45.938124,1.304584,Plein jour,Hors agglomération,Hors intersection,Normale,Deux véhicules - arrière,1,3,2,0,1,2,1,0,2,110,2,3,2,0,1,0,56.0,43.0,utilitaire_camion,utilitaire_camion,1,1,1,1,2
202300039192,2023-07-25 14:45:00,2023,7,25,14,45,40,40246,Route de Mont de Marsan,44.13094,-0.711268,Plein jour,Hors agglomération,Hors intersection,Normale,Deux véhicules - côté,3,2,2,0,1,1,1,0,1,80,2,5,3,0,2,0,72.0,43.0,voiture,utilitaire_camion,1,1,1,1,3
202300039193,2023-07-25 17:35:00,2023,7,25,17,35,95,95316,D47,49.080075,2.444689,Plein jour,Hors agglomération,Hors intersection,Temps couvert,Autre collision,3,-1,1,0,1,1,2,0,3,80,1,1,0,0,0,1,38.0,,deux_roues,,1,1,1,8,6
202300039194,2023-07-26 05:50:00,2023,7,26,5,50,62,62096,D930,50.128282,2.975353,Crépuscule ou aube,Hors agglomération,Intersection en X,Normale,Deux véhicules - côté,3,2,2,0,3,1,1,5,1,80,2,2,1,0,0,1,46.0,27.0,voiture,utilitaire_camion,2,1,2,1,3
202300039194,2023-07-26 05:50:00,2023,7,26,5,50,62,62096,D930,50.128282,2.975353,Crépuscule ou aube,Hors agglomération,Intersection en X,Normale,Deux véhicules - côté,3,2,2,0,1,1,1,5,1,80,2,2,1,0,0,1,46.0,27.0,voiture,utilitaire_camion,2,1,2,1,3
202300039195,2023-07-22 00:15:00,2023,7,22,0,15,59,59580,38 Rue de Poperinghe,50.812264,2.625806,Nuit avec éclairage allumé,En agglomération,Hors intersection,Normale,Autre collision,3,1,1,0,2,1,1,0,4,-1,1,1,0,0,1,0,42.0,,deux_roues,,5,2,1,1,6
202300039196,2023-07-24 07:30:00,2023,7,24,7,30,79,79334,,46.148532,-0.532966,Plein jour,Hors agglomération,Intersection en X,Normale,Deux véhicules - côté,3,2,2,0,1,1,1,0,1,80,2,3,2,0,1,0,19.0,39.0,deux_roues,voiture,1,1,2,1,3
202300039196,2023-07-24 07:30:00,2023,7,24,7,30,79,79334,,46.148532,-0.532966,Plein jour,Hors agglomération,Intersection en X,Normale,Deux véhicules - côté,3,2,2,-1,1,1,1,0,1,80,2,3,2,0,1,0,19.0,39.0,deux_roues,voiture,1,1,2,1,3
202300039197,2023-07-25 13:50:00,2023,7,25,13,50,2B,2B043,Hameau de Mausoléo,42.776688,9.467774,Plein jour,Hors agglomération,Hors intersection,Normale,Deux véhicules - frontale,3,2,2,0,2,3,1,0,1,80,2,2,1,0,0,1,48.0,30.0,deux_roues,deux_roues,1,1,1,1,1
202300039198,2023-07-26 01:35:00,2023,7,26,1,35,32,32012,RN 124 PK 37+716,43.649279,0.794363,Nuit sans éclairage public,Hors agglomération,Hors intersection,Normale,Autre collision,2,3,2,0,1,1,1,0,1,110,1,1,0,0,1,0,46.0,,utilitaire_camion,,3,1,1,1,6
202300039199,2023-07-25 20:45:00,2023,7,25,20,45,63,63443,Route de Riom,45.93148964,3.17196555,Nuit sans éclairage public,Hors agglomération,Hors intersection,Temps couvert,Autre collision,3,2,2,0,1,1,1,0,3,90,1,1,0,0,1,0,24.0,,voiture,,3,1,1,8,6
202300039200,2023-07-26 11:45:00,2023,7,26,11,45,63,63321,D14,45.605376,3.317463,Plein jour,Hors agglomération,Hors intersection,Normale,Deux véhicules - frontale,3,2,2,0,1,1,1,0,1,80,2,2,1,0,0,1,40.0,69.0,voiture,autre,1,1,1,1,1
202300039201,2023-07-25 22:35:00,2023,7,25,22,35,02,02095,D8,50.005877,3.454986,Nuit sans éclairage public,Hors agglomération,Hors intersection,Normale,Deux véhicules - arrière,3,2,2,0,1,1,1,0,1,80,2,3,2,0,1,0,24.0,18.0,voiture,deux_roues,3,1,1,1,2
202300039202,2023-07-26 18:00:00,2023,7,26,18,0,03,03236,D67,46.192368,3.419838,Plein jour,Hors agglomération,Hors intersection,Normale,Deux véhicules - frontale,3,2,2,0,1,1,1,2,1,90,2,2,1,0,1,0,68.0,55.0,voiture,utilitaire_camion,1,1,1,1,1
202300039203,2023-07-26 08:15:00,2023,7,26,8,15,70,70149,Départementale 16 PK/PR 008+450,47.632812,6.718547,Plein jour,Hors agglomération,Hors intersection,Temps couvert,Deux véhicules - frontale,3,2,2,0,1,3,2,0,1,80,2,3,1,0,1,1,21.0,58.0,voiture,voiture,1,1,1,8,1
202300039204,2023-07-23 21:50:00,2023,7,23,21,50,66,66160,,42.489865,2.703161,Crépuscule ou aube,En agglomération,Hors intersection,Normale,Deux véhicules - frontale,3,2,2,0,1,1,1,0,1,80,2,2,1,0,0,1,24.0,22.0,voiture,voiture,2,2,1,1,1
202300039205,2023-07-25 21:30:00,2023,7,25,21,30,50,50243,10 Route Belle Croix,49.033514,-1.498915,Crépuscule ou aube,Hors agglomération,Hors intersection,Normale,Sans collision,3,2,2,0,1,2,1,0,3,80,2,2,0,0,0,2,23.0,24.0,deux_roues,deux_roues,2,1,1,1,7
202300039206,2023-07-25 07:00:00,2023,7,25,7,0,43,43114,825 Route de Saint Jeures,45.16129,4.227094,Crépuscule ou aube,En agglomération,Hors intersection,Normale,Autre collision,3,2,2,0,3,3,1,0,3,70,1,1,0,0,1,0,45.0,,voiture,,2,2,1,1,6
202300039207,2023-07-25 20:35:00,2023,7,25,20,35,36,36012,,46.46099913,1.56939268,Plein jour,Hors agglomération,Hors intersection,Pluie légère,Autre collision,3,2,2,0,1,1,2,0,1,80,1,1,0,0,1,0,41.0,,deux_roues,,1,1,1,2,6
202300039208,2023-07-25 22:15:00,2023,7,25,22,15,36,36071,,46.777283,1.782215,Nuit avec éclairage allumé,En agglomération,Hors intersection,Normale,Autre collision,3,2,2,0,1,1,2,0,3,50,1,1,0,1,0,0,22.0,,voiture,,5,2,1,1,6
202300039209,2023-07-26 16:57:00,2023,7,26,16,57,24,24352,pk 2 D710,45.252089,0.363976,Plein jour,Hors agglomération,Hors intersection,Normale,Deux véhicules - arrière,3,2,2,0,1,1,1,0,1,90,2,2,1,0,1,0,71.0,73.0,voiture,voiture,1,1,1,1,2
202300039210,2023-07-24 17:38:00,2023,7,24,17,38,24,24484,D6089,45.122142,0.867834,Plein jour,Hors agglomération,Hors intersection,Normale,Deux véhicules - frontale,3,2,2,0,1,1,1,0,1,80,2,2,0,0,2,0,20.0,50.0,voiture,voiture,1,1,1,1,1
202300039211,2023-07-25 22:52:00,2023,7,25,22,52,27,27655,Ancienne route de bernay,49.318325,0.529162,Nuit sans éclairage public,Hors agglomération,Hors intersection,Normale,Autre collision,3,2,2,0,1,1,1,0,3,80,1,1,0,1,0,0,42.0,,voiture,,3,1,1,1,6
202300039212,2023-07-26 10:15:00,2023,7,26,10,15,27,27116,D 438,49.178954,0.703382,Plein jour,Hors agglomération,Intersection en Y,Normale,Deux véhicules - côté,3,2,3,0,1,1,1,0,1,80,2,2,1,0,1,0,21.0,12.0,utilitaire_camion,deux_roues,1,1,4,1,3
202300039212,2023-07-26 10:15:00,2023,7,26,10,15,27,27116,D 438,49.178954,0.703382,Plein jour,Hors agglomération,Intersection en Y,Normale,Deux véhicules - côté,3,2,2,0,1,1,1,0,1,-1,2,2,1,0,1,0,21.0,12.0,utilitaire_camion,deux_roues,1,1,4,1,3
202300039213,2023-07-26 07:40:00,2023,7,26,7,40,66,66228,,42.708298,2.796836,Plein jour,Hors agglomération,Intersection en Y,Normale,Deux véhicules - côté,3,2,2,0,1,1,1,0,1,80,2,2,1,0,0,1,61.0,,deux_roues,utilitaire_camion,1,1,4,1,3
202300039213,2023-07-26 07:40:00,2023,7,26,7,40,66,66228,,42.708298,2.796836,Plein jour,Hors agglomération,Intersection en Y,Normale,Deux véhicules - côté,3,2, -1,-1,1,1,1,0,8,-1,2,2,1,0,0,1,61.0,,deux_roues,utilitaire_camion,1,1,4,1,3
202300039214,2023-07-26 12:20:00,2023,7,26,12,20,06,06088,A8 PK 190.700 - Chaussée Sud,43.708094,7.192451,Plein jour,Hors agglomération,Hors intersection,Normale,Deux véhicules - frontale,1,3,3,0,2,3,1,0,1,90,2,3,1,0,0,2,21.0,61.0,deux_roues,utilitaire_camion,1,1,1,1,1
202300039215,2023-07-26 19:45:00,2023,7,26,19,45,11,11262,Domaine de Moujan (Corps de ferme),43.173354,3.06452,Crépuscule ou aube,Hors agglomération,Hors intersection,Normale,Deux véhicules - frontale,3,2,2,0,4,2,1,0,1,70,2,7,5,0,2,0,49.0,18.0,voiture,deux_roues,2,1,1,1,1
202300039216,2023-07-24 03:55:00,2023,7,24,3,55,30,30189,A9 PK 54+300,43.812675,4.355747,Nuit sans éclairage public,Hors agglomération,Hors intersection,Normale,Autre collision,1,3,3,0,1,1,1,0,2,130,1,3,1,0,0,2,20.0,,voiture,,3,1,1,1,6
202300039217,2023-03-17 15:25:00,2023,3,17,15,25,34,34146,A9 PK 82.700,43.691307,4.072562,Plein jour,Hors agglomération,Hors intersection,Normale,Autre collision,1,3,3,0,1,1,1,0,2,130,1,1,0,0,1,0,66.0,,voiture,,1,1,1,1,6
202300039218,2023-07-26 18:30:00,2023,7,26,18,30,976,97617,CCD1 Soulou,-12.780833,45.107675,Nuit sans éclairage public,Hors agglomération,Hors intersection,Normale,Deux véhicules - côté,3,2,2,0,2,2,1,0,1,70,2,2,1,0,1,0,33.0,37.0,voiture,deux_roues,3,1,1,1,3
202300039219,2023-07-26 07:45:00,2023,7,26,7,45,27,27563,A13,49.385446,0.500565,Plein jour,Hors agglomération,Hors intersection,Normale,Autre collision,1,3,2,0,2,1,1,8,1,130,1,1,0,0,1,0,66.0,,utilitaire_camion,,1,1,1,1,6
202300039220,2023-07-25 14:40:00,2023,7,25,14,40,987,98744,Avera,-22.478829,-151.345446,Plein jour,Hors agglomération,Hors intersection,Normale,Autre collision,2,2,2,0,2,1,1,0,8,50,1,4,3,0,0,1,47.0,,voiture,,1,1,1,1,6
202300039221,2023-05-27 12:15:00,2023,5,27,12,15,988,98821,RT1,-22.074863,166.286423,Plein jour,Hors agglomération,Hors intersection,Normale,Deux véhicules - frontale,2,2,2,0,1,3,1,0,1,90,2,5,3,1,0,1,45.0,58.0,utilitaire_camion,voiture,1,1,1,1,1
202300039222,2023-07-26 07:25:00,2023,7,26,7,25,41,41136,Rue Maryse Bastié,47.7134,1.512659,Plein jour,En agglomération,Hors intersection,Temps éblouissant,Deux véhicules - frontale,4,2,2,0,1,1,1,0,1,-1,2,2,1,0,1,0,57.0,,deux_roues,,1,2,1,7,1
202300039223,2023-07-25 04:20:00,2023,7,25,4,20,45,45089,D2060 PR 88 + 713,47.915609,2.012333,Nuit sans éclairage public,Hors agglomération,Hors intersection,Normale,Autre collision,3,3,2,0,1,1,2,0,8,110,1,1,0,0,1,0,37.0,,voiture,,3,1,1,1,6
202300039224,2023-07-26 09:10:00,2023,7,26,9,10,77,77031,D211,48.656747,2.926349,Plein jour,Hors agglomération,Intersection en T,Normale,Deux véhicules - côté,3,2,2,0,1,1,1,0,1,90,2,3,2,0,0,1,47.0,35.0,voiture,voiture,1,1,3,1,3
202300039224,2023-07-26 09:10:00,2023,7,26,9,10,77,77031,D211,48.656747,2.926349,Plein jour,Hors agglomération,Intersection en T,Normale,Deux véhicules - côté,3,2,2,0,1,1,1,0,1,90,2,3,2,0,0,1,47.0,35.0,voiture,voiture,1,1,3,1,3
202300039225,2023-07-26 11:30:00,2023,7,26,11,30,83,83068,Route du Littoral,43.287636,6.602386,Plein jour,Hors agglomération,Hors intersection,Normale,Autre collision,3,2,2,0,1,1,1,0,1,70,1,2,1,0,1,0,29.0,,deux_roues,,1,1,1,1,6
202300039226,2023-07-26 15:00:00,2023,7,26,15,0,04,04063,Lieu lit Les rochettes,43.771764,5.764502,Plein jour,Hors agglomération,Hors intersection,Normale,Deux véhicules - côté,3,2,2,0,1,3,1,0,1,80,2,2,0,0,1,1,40.0,24.0,voiture,deux_roues,1,1,1,1,3
202300039227,2023-07-19 16:22:00,2023,7,19,16,22,71,71176,Route de Roanne,46.477543,3.988552,Plein jour,En agglomération,Intersection en T,Normale,Deux véhicules - frontale,4,-1, -1,0,1,1,1,0,1,-1,2,3,2,0,1,0,85.0,22.0,voiture,voiture,1,2,3,1,1
202300039227,2023-07-19 16:22:00,2023,7,19,16,22,71,71176,Route de Roanne,46.477543,3.988552,Plein jour,En agglomération,Intersection en T,Normale,Deux véhicules - frontale,4,2,2,0,1,1,1,0,1,50,2,3,2,0,1,0,85.0,22.0,voiture,voiture,1,2,3,1,1
202300039228,2023-07-26 07:50:00,2023,7,26,7,50,71,71571,route des pierres,46.372987,4.43543,Plein jour,Hors agglomération,Hors intersection,Normale,Deux véhicules - frontale,4,2,2,0,1,2,1,0,1,80,2,2,1,0,1,0,55.0,52.0,voiture,deux_roues,1,1,1,1,1
202300039229,2023-07-26 13:30:00,2023,7,26,13,30,71,71236,D85,46.401224,4.744377,Plein jour,Hors agglomération,Hors intersection,Normale,Deux véhicules - arrière,3,2,2,0,2,3,1,0,1,80,2,2,1,0,1,0,34.0,35.0,deux_roues,voiture,1,1,1,1,2
202300039230,2023-07-24 12:28:00,2023,7,24,12,28,54,54348,D907,48.83502065,5.89877844,Plein jour,Hors agglomération,Hors intersection,Pluie légère,Autre collision,3,2,2,0,1,1,2,0,1,80,1,1,0,0,1,0,80.0,,deux_roues,,1,1,1,2,6
202300039231,2023-07-26 06:00:00,2023,7,26,6,0,31,31193,D8,43.274288,1.06613,Crépuscule ou aube,Hors agglomération,Hors intersection,Normale,Deux véhicules - côté,3,2,2,0,2,1,1,0,1,50,2,2,1,0,1,0,18.0,59.0,deux_roues,voiture,2,1,1,1,3
202300039232,2023-07-26 06:50:00,2023,7,26,6,50,86,86197,D61,47.007939,0.262717,Plein jour,Hors agglomération,Intersection en X,Normale,Deux véhicules - côté,3,2,2,0,1,1,1,0,1,90,2,2,1,0,1,0,18.0,35.0,voiture,voiture,1,1,2,1,3