accident_id,datetime,annee,mois,jour,heure,minute,departement,commune_insee,adresse,latitude,longitude,luminosite,agglomeration,intersection,meteo,collision,catr,circ,nbv,vosp,prof,plan,surf,infra,situ,vma,nb_vehicules,nb_usagers,nb_indemnes,nb_tues,nb_blesses_hosp,nb_blesses_legers,age_cond_1,age_cond_2,veh_type_cond_1,veh_type_cond_2,lum_code,agg_code,int_code,atm_code,col_code
202300039386,2023-06-13 23:25:00,2023,6,13,23,25,14,14398,1167 Route de Dives,49.19401,0.178168,Nuit sans éclairage public,Hors agglomération,Hors intersection,Normale,Autre collision,3,2,2,0,1,1,1,0,3,80,1,1,0,0,0,1,,,,,3,1,1,1,6
202300039387,2023-06-20 13:25:00,2023,6,20,13,25,14,14118,101 Rue du Chemin Vert,49.19477,-0.395289,Plein jour,En agglomération,Intersection en X,Normale,Deux véhicules - côté,4,3,2,1,1,1,1,5,5,50,2,1,0,0,0,1,37.0,,deux_roues,,1,2,2,1,3
202300039387,2023-06-20 13:25:00,2023,6,20,13,25,14,14118,101 Rue du Chemin Vert,49.19477,-0.395289,Plein jour,En agglomération,Intersection en X,Normale,Deux véhicules - côté,4,2,1,0,1,1,1,5,5,50,2,1,0,0,0,1,37.0,,deux_roues,,1,2,2,1,3
202300039388,2023-06-16 16:45:00,2023,6,16,16,45,14,14167,1 Route de Cabourg,49.19949,-0.29248,Plein jour,Hors agglomération,Giratoire,Normale,Autre collision,3,-1,2,0,1,1,1,0,8,50,2,3,1,0,0,2,47.0,18.0,voiture,deux_roues,1,1,6,1,6
202300039388,2023-06-16 16:45:00,2023,6,16,16,45,14,14167,1 Route de Cabourg,49.19949,-0.29248,Plein jour,Hors agglomération,Giratoire,Normale,Autre collision,3,2,2,0,1,1,1,9,8,50,2,3,1,0,0,2,47.0,18.0,voiture,deux_roues,1,1,6,1,6
202300039389,2023-06-21 11:30:00,2023,6,21,11,30,13,13208,CLOT BEY (AVENUE),43.25887469,5.38461192,Plein jour,En agglomération,Hors intersection,Normale,Autre collision,4,2,2,0,1,1,1,0,1,50,1,2,1,0,0,1,73.0,,voiture,,1,2,1,1,6
202300039390,2023-06-18 04:30:00,2023,6,18,4,30,13,13005,VALLEE (TRAVERSE DE LA ),43.29042,5.55524,Nuit avec éclairage allumé,Hors agglomération,Hors intersection,Normale,Deux véhicules - frontale,4,-1,2,0,1,1,1,0,1,50,2,4,0,0,0,4,25.0,32.0,voiture,voiture,5,1,1,1,1
202300039391,2023-06-20 08:00:00,2023,6,20,8,0,10,10387,JEANNE D'ARC (RUE),48.29006,4.06762,Plein jour,En agglomération,Giratoire,Normale,Deux véhicules - côté,4,1,0,2,1,1,1,0,5,50,2,2,1,0,0,1,56.0,27.0,deux_roues,voiture,1,2,6,1,3
202300039391,2023-06-20 08:00:00,2023,6,20,8,0,10,10387,JEANNE D'ARC (RUE),48.29006,4.06762,Plein jour,En agglomération,Giratoire,Normale,Deux véhicules - côté,4,1,2,2,1,1,1,0,5,50,2,2,1,0,0,1,56.0,27.0,deux_roues,voiture,1,2,6,1,3
202300039392,2023-06-15 13:20:00,2023,6,15,13,20,06,06069,ROUQUIER (BOULEVARD EMMANUEL),43.636336,6.940653,Plein jour,En agglomération,Hors intersection,Normale,Deux véhicules - arrière,4,2,2,0,1,1,1,0,1,50,2,2,1,0,0,1,43.0,52.0,voiture,voiture,1,2,1,1,2
202300039393,2023-06-20 10:10:00,2023,6,20,10,10,03,03190,Rue Henri Barbusse,46.5503,3.3359,Plein jour,En agglomération,Hors intersection,Pluie légère,Autre collision,4,2,2,0,1,1,2,0,1,30,1,2,1,0,1,0,,,voiture,,1,2,1,2,6
202300039394,2023-06-21 06:45:00,2023,6,21,6,45,02,02738,,49.657647,3.310234,Plein jour,En agglomération,Giratoire,Normale,Deux véhicules - côté,4,1,1,0,1,2,1,0,1,50,2,2,1,0,1,0,52.0,31.0,deux_roues,voiture,1,2,6,1,3
202300039394,2023-06-21 06:45:00,2023,6,21,6,45,02,02738,,49.657647,3.310234,Plein jour,En agglomération,Giratoire,Normale,Deux véhicules - côté,4,1,2,0,1,2,1,0,1,50,2,2,1,0,1,0,52.0,31.0,deux_roues,voiture,1,2,6,1,3
202300039395,2023-06-21 16:40:00,2023,6,21,16,40,75,75116,PORTE DE PASSY,48.857166,2.25862,Nuit avec éclairage non allumé,En agglomération,Hors intersection,Normale,Sans collision,4,1,3,0,1,1,1,1,1,50,1,1,0,0,0,1,73.0,,deux_roues,,4,2,1,1,7
202300039396,2023-06-20 17:50:00,2023,6,20,17,50,75,75120,BD PERIPHERIQUE EXTERIEUR,48.863492,2.413639,Plein jour,En agglomération,Hors intersection,Normale,Deux véhicules - côté,4,1,2,0,1,1,1,0,1,70,2,3,2,0,0,1,23.0,39.0,deux_roues,voiture,1,2,1,1,3
202300039397,2023-06-19 17:20:00,2023,6,19,17,20,75,75120,BD PERIPHERIQUE EXTERIEUR,48.847366,2.414748,Plein jour,En agglomération,Hors intersection,Normale,Trois véhicules et plus - en chaîne,4,1,4,0,1,1,1,0,1,70,3,3,1,0,0,2,62.0,51.0,voiture,voiture,1,2,1,1,4
202300039398,2023-06-16 19:59:00,2023,6,16,19,59,75,75118,BD PERIPHERIQUE EXTERIEUR,48.901194,2.350747,Plein jour,En agglomération,Hors intersection,Normale,Trois véhicules et plus - collisions multiples,4,1,4,0,1,1,1,0,1,70,3,4,2,0,0,2,46.0,64.0,voiture,voiture,1,2,1,1,5
202300039399,2023-06-15 18:00:00,2023,6,15,18,0,75,75116,PORTE D AUTEUIL,48.850605,2.252006,Plein jour,En agglomération,Hors intersection,Normale,Deux véhicules - côté,4,1,4,0,1,1,1,0,1,70,2,2,1,0,0,1,38.0,63.0,voiture,deux_roues,1,2,1,1,3
202300039400,2023-06-14 12:10:00,2023,6,14,12,10,75,75117,PORTE MAILLOT,48.881811,2.282884,Plein jour,En agglomération,Hors intersection,Normale,Trois véhicules et plus - en chaîne,4,1,4,0,1,1,1,0,1,70,3,3,1,0,0,2,31.0,88.0,voiture,voiture,1,2,1,1,4
202300039401,2023-06-21 20:15:00,2023,6,21,20,15,75,75107,QUAI BRANLY,48.859051,2.293498,Plein jour,En agglomération,Intersection en T,Normale,Deux véhicules - côté,4,2,2,0,1,1,1,2,1,30,2,2,1,0,1,0,59.0,51.0,voiture,deux_roues,1,2,3,1,3
202300039401,2023-06-21 20:15:00,2023,6,21,20,15,75,75107,QUAI BRANLY,48.859051,2.293498,Plein jour,En agglomération,Intersection en T,Normale,Deux véhicules - côté,4,2,4,0,1,1,1,5,1,30,2,2,1,0,1,0,59.0,51.0,voiture,deux_roues,1,2,3,1,3
202300039402,2023-06-16 17:09:00,2023,6,16,17,9,75,75104,QUAI HENRI IV,48.847024,2.365219,Plein jour,En agglomération,Intersection en Y,Normale,Deux véhicules - arrière,4,1,4,1,1,2,1,0,1,50,2,3,2,0,1,0,29.0,34.0,voiture,deux_roues,1,2,4,1,2
202300039402,2023-06-16 17:09:00,2023,6,16,17,9,75,75104,QUAI HENRI IV,48.847024,2.365219,Plein jour,En agglomération,Intersection en Y,Normale,Deux véhicules - arrière,4,1,3,3,1,1,1,0,1,50,2,3,2,0,1,0,29.0,34.0,voiture,deux_roues,1,2,4,1,2
202300039403,2023-06-20 11:20:00,2023,6,20,11,20,75,75105,RUE D ULM,48.844533,2.345341,Plein jour,En agglomération,Intersection en X,Normale,Deux véhicules - côté,4,1,1,1,1,1,1,0,1,30,2,2,0,0,0,2,52.0,28.0,deux_roues,deux_roues,1,2,2,1,3
202300039403,2023-06-20 11:20:00,2023,6,20,11,20,75,75105,RUE D ULM,48.844533,2.345341,Plein jour,En agglomération,Intersection en X,Normale,Deux véhicules - côté,4,1,2,1,1,1,1,0,1,30,2,2,0,0,0,2,52.0,28.0,deux_roues,deux_roues,1,2,2,1,3
202300039404,2023-06-20 23:35:00,2023,6,20,23,35,75,75105,RUE SOUFFLOT,48.847103,2.341954,Nuit avec éclairage allumé,En agglomération,Intersection en X,Normale,Deux véhicules - arrière,4,1,1,1,1,1,1,0,1,30,2,2,1,0,0,1,29.0,32.0,deux_roues,voiture,5,2,2,1,2
202300039404,2023-06-20 23:35:00,2023,6,20,23,35,75,75105,RUE SOUFFLOT,48.847103,2.341954,Nuit avec éclairage allumé,En agglomération,Intersection en X,Normale,Deux véhicules - arrière,4,2,2,0,1,1,1,0,1,30,2,2,1,0,0,1,29.0,32.0,deux_roues,voiture,5,2,2,1,2
202300039405,2023-06-21 21:20:00,2023,6,21,21,20,75,75119,AVENUE JEAN JAURES,48.892642,2.391442,Plein jour,En agglomération,Hors intersection,Normale,Autre collision,4,-1,0,3,1,1,1,6,6,-1,1,2,1,0,0,1,,,deux_roues,,1,2,1,1,6
202300039406,2023-06-21 14:50:00,2023,6,21,14,50,75,75117,BOULEVARD BERTHIER,48.892085,2.307853,Plein jour,En agglomération,Hors intersection,Normale,Autre collision,4,3,6,1,2,1,1,0,1,30,1,1,0,0,0,1,75.0,,deux_roues,,1,2,1,1,6
202300039407,2023-06-18 01:30:00,2023,6,18,1,30,75,75117,RUE LEGENDRE,48.882442,2.31181,Nuit avec éclairage allumé,En agglomération,Intersection en T,Normale,Deux véhicules - côté,4,2,2,1,1,1,1,0,1,30,2,2,1,0,0,1,27.0,30.0,deux_roues,voiture,5,2,3,1,3
202300039407,2023-06-18 01:30:00,2023,6,18,1,30,75,75117,RUE LEGENDRE,48.882442,2.31181,Nuit avec éclairage allumé,En agglomération,Intersection en T,Normale,Deux véhicules - côté,4,2,4,0,1,1,1,0,1,30,2,2,1,0,0,1,27.0,30.0,deux_roues,voiture,5,2,3,1,3
202300039408,2023-06-16 12:00:00,2023,6,16,12,0,75,75117,BOULEVARD PEREIRE,48.885797,2.298244,Plein jour,En agglomération,Hors intersection,Normale,Deux véhicules - frontale,4,1,1,0,1,1,1,0,1,30,2,2,1,0,0,1,44.0,61.0,deux_roues,voiture,1,2,1,1,1
202300039409,2023-06-10 20:55:00,2023,6,10,20,55,75,75117,AVENUE NIEL,48.878649,2.294215,Crépuscule ou aube,En agglomération,Intersection en X,Normale,Autre collision,4,2,4,3,1,1,1,0,1,30,1,2,1,0,0,1,26.0,,deux_roues,,2,2,2,1,6
202300039409,2023-06-10 20:55:00,2023,6,10,20,55,75,75117,AVENUE NIEL,48.878649,2.294215,Crépuscule ou aube,En agglomération,Intersection en X,Normale,Autre collision,4,2,4,0,1,1,1,0,1,30,1,2,1,0,0,1,26.0,,deux_roues,,2,2,2,1,6
202300039410,2023-06-20 16:33:00,2023,6,20,16,33,75,75114,AVENUE DU MAINE,48.831868,2.325285,Plein jour,En agglomération,Intersection en T,Normale,Deux véhicules - côté,4,2,4,1,1,1,1,0,6,30,2,2,1,0,0,1,20.0,,deux_roues,voiture,1,2,3,1,3
202300039410,2023-06-20 16:33:00,2023,6,20,16,33,75,75114,AVENUE DU MAINE,48.831868,2.325285,Plein jour,En agglomération,Intersection en T,Normale,Deux véhicules - côté,4,2,4,1,1,1,1,0,6,30,2,2,1,0,0,1,20.0,,deux_roues,voiture,1,2,3,1,3
202300039411,2023-06-17 11:45:00,2023,6,17,11,45,75,75114,RUE DU COMMANDANT RENE MOUCHOTTE,48.837993,2.319063,Plein jour,En agglomération,Hors intersection,Normale,Deux véhicules - côté,4,2,4,3,1,1,1,0,1,30,2,3,2,0,0,1,59.0,74.0,voiture,deux_roues,1,2,1,1,3
202300039412,2023-06-16 15:14:00,2023,6,16,15,14,75,75114,PLACE VICTOR BASCH,48.828081,2.326876,Plein jour,En agglomération,Place,Normale,Deux véhicules - côté,4,2,1,0,1,1,1,0,1,50,2,2,1,0,0,1,60.0,28.0,deux_roues,deux_roues,1,2,7,1,3
202300039413,2023-06-21 14:05:00,2023,6,21,14,5,75,75113,BOULEVARD SAINT MARCEL,48.838329,2.356873,Plein jour,En agglomération,Intersection en X,Normale,Autre collision,4,2,4,3,1,1,1,0,1,30,1,2,1,0,0,1,38.0,,voiture,,1,2,2,1,6
202300039413,2023-06-21 14:05:00,2023,6,21,14,5,75,75113,BOULEVARD SAINT MARCEL,48.838329,2.356873,Plein jour,En agglomération,Intersection en X,Normale,Autre collision,4,-1, -1,0,1,1,1,0,1,30,1,2,1,0,0,1,38.0,,voiture,,1,2,2,1,6
202300039414,2023-06-21 08:45:00,2023,6,21,8,45,75,75113,AVENUE D ITALIE,48.82900814,2.35641718,Plein jour,En agglomération,Hors intersection,Normale,Deux véhicules - arrière,4,2,4,0,1,1,1,0,1,30,2,2,1,0,0,1,24.0,29.0,utilitaire_camion,deux_roues,1,2,1,1,2
202300039415,2023-06-21 08:05:00,2023,6,21,8,5,75,75113,RUE DES GRANDS MOULINS,48.827241,2.374963,Plein jour,En agglomération,Hors intersection,Normale,Deux véhicules - arrière,4,-1,2,0,2,1,1,0,1,30,2,2,1,0,0,1,62.0,61.0,voiture,deux_roues,1,2,1,1,2
202300039416,2023-06-21 16:00:00,2023,6,21,16,0,75,75111,BOULEVARD VOLTAIRE,48.857358,2.380881,Plein jour,En agglomération,Intersection en T,Normale,Deux véhicules - arrière,4,2,2,1,1,1,1,0,1,30,2,4,1,0,0,3,46.0,51.0,utilitaire_camion,voiture,1,2,3,1,2
202300039416,2023-06-21 16:00:00,2023,6,21,16,0,75,75111,BOULEVARD VOLTAIRE,48.857358,2.380881,Plein jour,En agglomération,Intersection en T,Normale,Deux véhicules - arrière,4,-1, -1,0,1,1,1,0,1,30,2,4,1,0,0,3,46.0,51.0,utilitaire_camion,voiture,1,2,3,1,2
202300039417,2023-06-20 22:45:00,2023,6,20,22,45,75,75110,BOULEVARD DE MAGENTA,48.87482,2.357372,Nuit avec éclairage allumé,En agglomération,Intersection en X,Normale,Deux véhicules - côté,4,3,6,0,2,1,1,0,5,30,2,2,1,0,0,1,83.0,22.0,voiture,deux_roues,5,2,2,1,3
202300039417,2023-06-20 22:45:00,2023,6,20,22,45,75,75110,BOULEVARD DE MAGENTA,48.87482,2.357372,Nuit avec éclairage allumé,En agglomération,Intersection en X,Normale,Deux véhicules - côté,4,2,2,1,2,1,1,0,5,30,2,2,1,0,0,1,83.0,22.0,voiture,deux_roues,5,2,2,1,3
202300039418,2023-06-20 20:10:00,2023,6,20,20,10,75,75101,RUE DE RICHELIEU,48.866627,2.337359,Plein jour,En agglomération,Intersection en X,Normale,Autre collision,4,1,2,3,1,1,1,0,1,30,1,2,1,0,0,1,56.0,,voiture,,1,2,2,1,6
202300039418,2023-06-20 20:10:00,2023,6,20,20,10,75,75101,RUE DE RICHELIEU,48.866627,2.337359,Plein jour,En agglomération,Intersection en X,Normale,Autre collision,4,1,2,1,1,1,1,0,1,30,1,2,1,0,0,1,56.0,,voiture,,1,2,2,1,6
202300039419,2023-02-14 06:13:00,2023,2,14,6,13,27,27439,RN154,49.072179,1.183262,Nuit sans éclairage public,Hors agglomération,Hors intersection,Normale,Deux véhicules - arrière,2,3,2,0,2,1,1,0,1,110,2,2,1,0,1,0,42.0,26.0,utilitaire_camion,utilitaire_camion,3,1,1,1,2
202300039420,2023-06-20 18:05:00,2023,6,20,18,5,94,94067,Avenue Gallieni,48.84668901,2.41613334,Plein jour,En agglomération,Hors intersection,Normale,Deux véhicules - frontale,3,1,2,1,1,1,1,5,5,50,2,2,1,0,0,1,20.0,31.0,voiture,deux_roues,1,2,1,1,1
202300039421,2023-11-06 07:15:00,2023,11,6,7,15,988,98818,AVENUE BONAPARTE/RUE THEOPHILE BETFORT,-22.23344,166.46651,Plein jour,En agglomération,Intersection en T,Normale,Autre collision,4,3,4,0,1,1,1,5,1,30,1,2,1,0,0,1,41.0,,voiture,,1,2,3,1,6
202300039421,2023-11-06 07:15:00,2023,11,6,7,15,988,98818,AVENUE BONAPARTE/RUE THEOPHILE BETFORT,-22.23344,166.46651,Plein jour,En agglomération,Intersection en T,Normale,Autre collision,4,2,2,-1,1,1,1,5,1,-1,1,2,1,0,0,1,41.0,,voiture,,1,2,3,1,6
202300039422,2023-06-21 02:05:00,2023,6,21,2,5,94,94042,PONT DE JOINVILLE,48.82014,2.46936,Nuit avec éclairage allumé,En agglomération,Hors intersection,Normale,Trois véhicules et plus - en chaîne,3,2,4,0,1,1,1,2,1,50,3,3,2,0,0,1,35.0,36.0,voiture,voiture,5,2,1,1,4
202300039423,2023-06-21 12:10:00,2023,6,21,12,10,94,94046,Avenue de la République,48.804574,2.438142,Plein jour,En agglomération,Hors intersection,Normale,Autre collision,3,2,2,0,1,1,1,0,1,50,1,2,1,0,0,1,36.0,,deux_roues,,1,2,1,1,6
202300039424,2023-11-06 11:50:00,2023,11,6,11,50,69,69388,Rue Paul Cazeneuve,45.73142,4.85981,Plein jour,En agglomération,Intersection en X,Normale,Autre collision,4,2,2,2,1,1,1,0,1,30,1,1,0,0,0,1,90.0,,voiture,,1,2,2,1,6
202300039424,2023-11-06 11:50:00,2023,11,6,11,50,69,69388,Rue Paul Cazeneuve,45.73142,4.85981,Plein jour,En agglomération,Intersection en X,Normale,Autre collision,4,2,3,2,1,1,1,0,1,30,1,1,0,0,0,1,90.0,,voiture,,1,2,2,1,6
202300039425,2023-06-21 08:10:00,2023,6,21,8,10,94,94021,D'AGEN (RUE),48.762879,2.348971,Plein jour,En agglomération,Autre intersection,Normale,Deux véhicules - côté,9,1,2,0,1,1,1,9,8,30,2,2,1,0,0,1,40.0,60.0,deux_roues,utilitaire_camion,1,2,9,1,3
202300039426,2023-11-06 07:05:00,2023,11,6,7,5,972,97213,ROUTE DEPARTEMENTALE 3,14.61708,-60.98936,Plein jour,En agglomération,Hors intersection,Normale,Autre collision,3,2,2,0,2,1,1,0,1,30,2,3,2,0,0,1,36.0,67.0,deux_roues,voiture,1,2,1,1,6
202300039427,2023-06-20 18:30:00,2023,6,20,18,30,94,94028,MOZART.(ALLEE),48.79131,2.44167,Plein jour,En agglomération,Hors intersection,Normale,Autre collision,4,2,1,0,1,1,1,0,1,30,1,3,2,0,0,1,70.0,,voiture,,1,2,1,1,6
202300039428,2023-06-20 16:00:00,2023,6,20,16,0,94,94017,Boulevard Gabriel Péri,48.817694,2.497252,Plein jour,En agglomération,Hors intersection,Normale,Autre collision,4,2,2,0,1,1,1,8,1,30,1,2,0,0,0,2,26.0,,voiture,,1,2,1,1,6
202300039429,2023-11-06 20:50:00,2023,11,6,20,50,69,69034,69 Route de Strasbourg,45.79462,4.87315,Nuit avec éclairage allumé,En agglomération,Hors intersection,Normale,Deux véhicules - frontale,7,2,3,0,2,1,1,0,1,50,2,5,0,0,0,5,63.0,54.0,voiture,voiture,5,2,1,1,1
202300039430,2023-06-21 18:50:00,2023,6,21,18,50,93,93031,Avenue Galliéni / Avenue Joffre,48.96186,2.29534,Plein jour,En agglomération,Intersection en X,Normale,Autre collision,3,2,2,0,1,1,1,0,1,50,1,2,1,0,0,1,62.0,,voiture,,1,2,2,1,6
202300039430,2023-06-21 18:50:00,2023,6,21,18,50,93,93031,Avenue Galliéni / Avenue Joffre,48.96186,2.29534,Plein jour,En agglomération,Intersection en X,Normale,Autre collision,3,3,4,-1,1,1,1,0,1,-1,1,2,1,0,0,1,62.0,,voiture,,1,2,2,1,6
202300039431,2023-11-06 11:55:00,2023,11,6,11,55,69,69381,Rue Président Edouard Herriot,45.76638,4.83439,Plein jour,En agglomération,Intersection en T,Normale,Deux véhicules - côté,4,1,1,0,1,1,1,0,1,-1,2,2,1,0,0,1,33.0,52.0,voiture,deux_roues,1,2,3,1,3
202300039431,2023-11-06 11:55:00,2023,11,6,11,55,69,69381,Rue Président Edouard Herriot,45.76638,4.83439,Plein jour,En agglomération,Intersection en T,Normale,Deux véhicules - côté,4,1,1,3,1,1,1,0,1,30,2,2,1,0,0,1,33.0,52.0,voiture,deux_roues,1,2,3,1,3
202300039432,2023-06-20 23:16:00,2023,6,20,23,16,93,93079,Avenue Jean Jaurès / Rue Edouard Vaillant,48.9642,2.347,Nuit avec éclairage non allumé,En agglomération,Intersection en T,Normale,Deux véhicules - frontale,3,2,2,0,2,1,1,0,1,50,2,2,0,0,0,2,25.0,41.0,deux_roues,deux_roues,4,2,3,1,1
202300039432,2023-06-20 23:16:00,2023,6,20,23,16,93,93079,Avenue Jean Jaurès / Rue Edouard Vaillant,48.9642,2.347,Nuit avec éclairage non allumé,En agglomération,Intersection en T,Normale,Deux véhicules - frontale,3,2,2,-1,1,1,1,0,1,-1,2,2,0,0,0,2,25.0,41.0,deux_roues,deux_roues,4,2,3,1,1
202300039433,2023-06-21 14:30:00,2023,6,21,14,30,93,93014,2 Allée Maurice Audin,48.9085286,2.53996099,Plein jour,En agglomération,Hors intersection,Normale,Autre collision,4,3,4,2,1,1,1,8,1,30,1,2,1,0,0,1,30.0,,deux_roues,,1,2,1,1,6
202300039434,2023-11-06 15:30:00,2023,11,6,15,30,971,97105,CHARLES DE GAULLE (BD DU GENERAL),15.99617771,-61.73227429,Plein jour,En agglomération,Hors intersection,Normale,Deux véhicules - arrière,2,2,2,0,1,1,1,0,1,50,2,2,1,0,1,0,49.0,17.0,voiture,deux_roues,1,2,1,1,2
202300039435,2023-06-20 14:10:00,2023,6,20,14,10,93,93047,Avenue Victor Hugo,48.90065413,2.56229417,Plein jour,En agglomération,Hors intersection,Normale,Autre collision,4,2,2,0,1,1,2,0,1,50,1,2,1,0,0,1,29.0,,voiture,,1,2,1,1,6
202300039436,2023-11-06 11:30:00,2023,11,6,11,30,95,95280,PAUL VAILLANT COUTURIER (BOULEVARD),49.03213774,2.46829748,Plein jour,En agglomération,Hors intersection,Normale,Deux véhicules - frontale,4,3,0,0,1,1,1,0,1,50,2,2,1,0,0,1,40.0,54.0,autre,deux_roues,1,2,1,1,1
202300039437,2023-06-21 13:20:00,2023,6,21,13,20,93,93010,Avenue Galliéni / Chemin du Pont,48.90716845,2.48894513,Plein jour,En agglomération,Intersection en X,Normale,Deux véhicules - côté,3,3,8,0,1,1,1,5,1,50,2,2,1,0,0,1,42.0,27.0,voiture,deux_roues,1,2,2,1,3
202300039437,2023-06-21 13:20:00,2023,6,21,13,20,93,93010,Avenue Galliéni / Chemin du Pont,48.90716845,2.48894513,Plein jour,En agglomération,Intersection en X,Normale,Deux véhicules - côté,3,2,2,-1,1,1,1,0,1,-1,2,2,1,0,0,1,42.0,27.0,voiture,deux_roues,1,2,2,1,3
202300039438,2023-11-06 16:45:00,2023,11,6,16,45,91,91114,AV PIERRE PROST,48.6995,2.494,Crépuscule ou aube,En agglomération,Hors intersection,Pluie légère,Deux véhicules - arrière,3,3,2,0,1,1,2,0,1,50,2,2,1,0,0,1,46.0,,voiture,utilitaire_camion,2,2,1,2,2
202300039439,2023-06-20 19:10:00,2023,6,20,19,10,93,93007,Avenue Henri Barbusse,48.93922826,2.46144606,Plein jour,En agglomération,Hors intersection,Normale,Deux véhicules - arrière,4,2,2,0,1,1,1,0,1,50,2,2,1,0,0,1,37.0,44.0,voiture,voiture,1,2,1,1,2
202300039440,2023-11-06 16:30:00,2023,11,6,16,30,91,91589,RUE DE CHAMPAGNE,48.688785,2.357513,Plein jour,En agglomération,Hors intersection,Pluie légère,Autre collision,4,2,2,0,1,1,2,0,1,50,1,2,1,0,0,1,59.0,,utilitaire_camion,,1,2,1,2,6
202300039441,2023-06-18 11:45:00,2023,6,18,11,45,93,93001,Avenue Victor Hugo / Boulevard Félix Faure,48.9085801,2.37801837,Plein jour,En agglomération,Intersection à plus de 4 branches,Temps éblouissant,Deux véhicules - côté,3,2,2,0,1,1,1,9,1,50,2,2,1,0,0,1,26.0,53.0,deux_roues,voiture,1,2,5,7,3
202300039441,2023-06-18 11:45:00,2023,6,18,11,45,93,93001,Avenue Victor Hugo / Boulevard Félix Faure,48.9085801,2.37801837,Plein jour,En agglomération,Intersection à plus de 4 branches,Temps éblouissant,Deux véhicules - côté,3,2,2,-1,1,1,1,0,1,-1,2,2,1,0,0,1,26.0,53.0,deux_roues,voiture,1,2,5,7,3
202300039442,2023-11-06 12:00:00,2023,11,6,12,0,91,91589,RUE DE L EGLISE,48.6745,2.35265,Plein jour,En agglomération,Intersection en T,Normale,Autre collision,3,2,2,0,1,2,1,0,1,50,1,2,1,0,0,1,52.0,,voiture,,1,2,3,1,6
202300039442,2023-11-06 12:00:00,2023,11,6,12,0,91,91589,RUE DE L EGLISE,48.6745,2.35265,Plein jour,En agglomération,Intersection en T,Normale,Autre collision,3,2,2,0,1,2,1,0,1,50,1,2,1,0,0,1,52.0,,voiture,,1,2,3,1,6
202300039443,2023-06-21 09:23:00,2023,6,21,9,23,92,92064,MARCEL DASSAULT,48.85837,2.22372,Plein jour,En agglomération,Intersection en T,Normale,Deux véhicules - arrière,3,-1,2,0,1,1,1,0,1,50,2,2,1,0,0,1,32.0,37.0,voiture,deux_roues,1,2,3,1,2
202300039443,2023-06-21 09:23:00,2023,6,21,9,23,92,92064,MARCEL DASSAULT,48.85837,2.22372,Plein jour,En agglomération,Intersection en T,Normale,Deux véhicules - arrière,3,1, -1,-1,1,1,1,5,1,-1,2,2,1,0,0,1,32.0,37.0,voiture,deux_roues,1,2,3,1,2
202300039444,2023-11-05 07:04:00,2023,11,5,7,4,91,91223,RD 191,48.43281,2.17575,Nuit avec éclairage allumé,En agglomération,Intersection en T,Normale,Autre collision,3,2,3,0,1,1,1,0,1,50,1,2,0,0,0,2,20.0,,voiture,,5,2,3,1,6
202300039444,2023-11-05 07:04:00,2023,11,5,7,4,91,91223,RD 191,48.43281,2.17575,Nuit avec éclairage allumé,En agglomération,Intersection en T,Normale,Autre collision,3,2,3,0,1,1,1,0,1,50,1,2,0,0,0,2,20.0,,voiture,,5,2,3,1,6
202300039445,2023-06-21 14:30:00,2023,6,21,14,30,92,92051,GENERAL LECLERC (BOULEVARD DU N° 29 A 65,48.89263505,2.2660616,Plein jour,En agglomération,Hors intersection,Normale,Deux véhicules - arrière,3,3,4,0,1,1,1,2,1,50,2,2,1,0,0,1,49.0,25.0,voiture,deux_roues,1,2,1,1,2
202300039446,2023-11-03 18:40:00,2023,11,3,18,40,87,87085,DUTREIX (RUE ARMAND),45.83383,1.23181,Nuit avec éclairage allumé,En agglomération,Hors intersection,Pluie forte,Autre collision,4,2,2,0,1,1,2,0,1,50,1,2,1,0,1,0,23.0,,voiture,,5,2,1,3,6
202300039447,2023-06-21 12:10:00,2023,6,21,12,10,92,92050,ARAGO FRANCOIS AVENUE,48.90102313,2.22484212,Plein jour,En agglomération,Hors intersection,Normale,Deux véhicules - côté,3,3,2,2,1,1,1,0,5,50,2,2,1,0,0,1,43.0,17.0,voiture,deux_roues,1,2,1,1,3
202300039448,2023-06-21 18:50:00,2023,6,21,18,50,92,92020,PARIS AVENUE DE N°2 A82,48.805494,2.291011,Plein jour,En agglomération,Hors intersection,Normale,Deux véhicules - arrière,3,1,1,1,2,1,1,0,1,50,2,2,1,0,0,1,76.0,32.0,voiture,deux_roues,1,2,1,1,2
202300039449,2023-11-03 14:20:00,2023,11,3,14,20,87,87085,ANCIENNE ECOLE NORMALE INSTIT (RUE DE L',45.81604,1.2794,Plein jour,En agglomération,Intersection en X,Pluie légère,Deux véhicules - frontale,4,1,1,0,1,1,2,0,1,50,2,2,1,0,1,0,49.0,42.0,deux_roues,voiture,1,2,2,2,1
202300039449,2023-11-03 14:20:00,2023,11,3,14,20,87,87085,ANCIENNE ECOLE NORMALE INSTIT (RUE DE L',45.81604,1.2794,Plein jour,En agglomération,Intersection en X,Pluie légère,Deux véhicules - frontale,4,2,2,0,1,1,2,5,1,50,2,2,1,0,1,0,49.0,42.0,deux_roues,voiture,1,2,2,2,1
202300039450,2023-06-20 18:45:00,2023,6,20,18,45,92,92020,PARIS AVENUE DE N° IMPAIRS,48.80911058,2.29728252,Plein jour,En agglomération,Hors intersection,Normale,Autre collision,3,2,2,3,1,1,1,0,1,50,1,2,1,0,0,1,38.0,,deux_roues,,1,2,1,1,6