accident_id,datetime,annee,mois,jour,heure,minute,departement,commune_insee,adresse,latitude,longitude,luminosite,agglomeration,intersection,meteo,collision,catr,circ,nbv,vosp,prof,plan,surf,infra,situ,vma,nb_vehicules,nb_usagers,nb_indemnes,nb_tues,nb_blesses_hosp,nb_blesses_legers,age_cond_1,age_cond_2,veh_type_cond_1,veh_type_cond_2,lum_code,agg_code,int_code,atm_code,col_code
202300039451,2023-11-03 13:59:00,2023,11,3,13,59,87,87085,SAINT GENCE (RUE DE) (RD218),45.8451,1.24001,Plein jour,En agglomération,Hors intersection,Pluie forte,Autre collision,3,4,3,0,1,1,2,0,1,50,1,1,0,0,0,1,39.0,,voiture,,1,2,1,3,6
202300039452,2023-06-21 08:10:00,2023,6,21,8,10,92,92040,PDT ROOSEVELT (QUAI DU),48.83009875,2.26096183,Plein jour,En agglomération,Hors intersection,Autre,Deux véhicules - arrière,3,3,4,1,1,1,1,2,1,50,2,2,1,0,0,1,61.0,59.0,deux_roues,utilitaire_camion,1,2,1,9,2
202300039453,2023-11-03 07:27:00,2023,11,3,7,27,87,87085,ARCADES (BOULEVARD DES),45.85203,1.26231,Nuit avec éclairage allumé,En agglomération,Hors intersection,Pluie forte,Autre collision,4,3,2,0,1,3,2,0,1,50,1,1,0,0,0,1,38.0,,voiture,,5,2,1,3,6
202300039454,2023-10-31 16:00:00,2023,10,31,16,0,80,80021,CHATEAUDUN (BOULEVARD DE),49.88265,2.28391,Plein jour,En agglomération,Hors intersection,Normale,Autre collision,4,4,2,0,1,1,1,0,1,50,1,2,1,0,0,1,33.0,,voiture,,1,2,1,1,6
202300039455,2023-11-06 15:00:00,2023,11,6,15,0,78,78238,RENAULT (ROUTE DE),48.966528,1.865303,Plein jour,Hors agglomération,Hors intersection,Normale,Autre collision,3,3,4,0,1,1,1,9,1,50,1,2,1,0,1,0,68.0,,voiture,,1,1,1,1,6
202300039456,2023-11-06 21:45:00,2023,11,6,21,45,76,76498,Boulevard du 11 Novembre,49.4202,1.06854,Nuit avec éclairage allumé,En agglomération,Hors intersection,Normale,Deux véhicules - frontale,7,2,1,3,1,1,1,0,1,30,2,2,1,0,0,1,46.0,33.0,voiture,deux_roues,5,2,1,1,1
202300039457,2023-11-06 12:05:00,2023,11,6,12,5,76,76498,Boulevard Stanislas Girardin,49.41371,1.06574,Plein jour,En agglomération,Hors intersection,Vent fort / tempête,Autre collision,7,2,2,0,1,1,1,-1,1,50,1,2,1,0,0,1,69.0,,voiture,,1,2,1,6,6
202300039458,2023-11-04 07:30:00,2023,11,4,7,30,76,76351,MARCEAU (RUE),49.48957,0.13395,Crépuscule ou aube,En agglomération,Hors intersection,Normale,Deux véhicules - côté,4,3,4,0,1,1,1,0,1,50,2,2,1,0,0,1,32.0,26.0,utilitaire_camion,voiture,2,2,1,1,3
202300039459,2023-11-03 21:50:00,2023,11,3,21,50,76,76351,FRANCOIS 1ER (BD),49.49231,0.09886,Nuit avec éclairage allumé,En agglomération,Intersection en T,Normale,Deux véhicules - arrière,4,3,5,1,1,1,1,0,1,30,2,3,1,0,0,2,28.0,22.0,voiture,voiture,5,2,3,1,2
202300039459,2023-11-03 21:50:00,2023,11,3,21,50,76,76351,FRANCOIS 1ER (BD),49.49231,0.09886,Nuit avec éclairage allumé,En agglomération,Intersection en T,Normale,Deux véhicules - arrière,4,2,2,0,1,1,1,0,1,50,2,3,1,0,0,2,28.0,22.0,voiture,voiture,5,2,3,1,2
202300039460,2023-11-04 09:15:00,2023,11,4,9,15,76,76351,JULES DURAND (BD),49.48983,0.15631,Plein jour,En agglomération,Hors intersection,Normale,Deux véhicules - frontale,4,2,2,1,1,1,2,4,1,50,2,2,1,0,1,0,36.0,34.0,voiture,deux_roues,1,2,1,1,1
202300039461,2023-11-04 11:35:00,2023,11,4,11,35,76,76351,ESTUAIRE (ROUTE DE L'),49.466964,0.180299,Plein jour,En agglomération,Giratoire,Pluie légère,Autre collision,4,2,2,0,1,2,2,0,1,50,1,1,0,0,0,1,23.0,,voiture,,1,2,6,2,6
202300039462,2023-11-03 15:38:00,2023,11,3,15,38,76,76351,VERDUN (RUE DE),49.50226,0.1606,Plein jour,En agglomération,Intersection en T,Normale,Autre collision,3,2, -1,-1,1,1,1,0,1,-1,1,2,1,0,0,1,41.0,,utilitaire_camion,,1,2,3,1,6
202300039462,2023-11-03 15:38:00,2023,11,3,15,38,76,76351,VERDUN (RUE DE),49.50226,0.1606,Plein jour,En agglomération,Intersection en T,Normale,Autre collision,3,2,2,0,1,1,1,0,1,50,1,2,1,0,0,1,41.0,,utilitaire_camion,,1,2,3,1,6
202300039463,2023-11-04 16:30:00,2023,11,4,16,30,76,76341,RD 6382,49.51042,0.19778,Plein jour,Hors agglomération,Hors intersection,Pluie forte,Autre collision,3,1,3,0,1,3,2,0,1,50,1,2,1,0,0,1,40.0,,voiture,,1,1,1,3,6
202300039464,2023-11-06 07:15:00,2023,11,6,7,15,74,74305,VOIRONS (RUE DES),46.2025,6.25598,Plein jour,En agglomération,Intersection en T,Pluie légère,Deux véhicules - côté,3,-1,0,0,1,1,2,0,1,50,2,2,1,0,0,1,50.0,58.0,deux_roues,voiture,1,2,3,2,3
202300039464,2023-11-06 07:15:00,2023,11,6,7,15,74,74305,VOIRONS (RUE DES),46.2025,6.25598,Plein jour,En agglomération,Intersection en T,Pluie légère,Deux véhicules - côté,3,2,2,3,1,1,2,9,1,50,2,2,1,0,0,1,50.0,58.0,deux_roues,voiture,1,2,3,2,3
202300039465,2023-11-06 09:55:00,2023,11,6,9,55,74,74010,LOVERCHY (CIMETIERE/AVENUE),45.89223,6.11671,Plein jour,En agglomération,Hors intersection,Temps couvert,Deux véhicules - côté,4,2,2,0,1,1,2,0,4,50,2,3,2,0,0,1,43.0,50.0,voiture,voiture,1,2,1,8,3
202300039466,2023-11-06 18:25:00,2023,11,6,18,25,72,72181,GAULLE GENERAL DE (AV DU),48.00405,0.19978,Nuit avec éclairage allumé,En agglomération,Autre intersection,Pluie légère,Deux véhicules - côté,4,2,4,1,1,1,2,0,1,30,2,2,1,0,0,1,23.0,21.0,deux_roues,voiture,5,2,9,2,3
202300039467,2023-11-04 13:30:00,2023,11,4,13,30,71,71306,RN 70 (ROUTE EXPRESS),46.65869816,4.33109687,Plein jour,Hors agglomération,Hors intersection,Pluie forte,Deux véhicules - côté,2,1,2,0,1,1,2,0,1,100,2,2,1,0,0,1,31.0,56.0,voiture,voiture,1,1,1,3,3
202300039468,2023-11-06 19:05:00,2023,11,6,19,5,69,69266,Rue Jean Jaurès,45.75814048,4.88505574,Nuit avec éclairage allumé,En agglomération,Intersection en T,Normale,Autre collision,4,2,2,2,1,1,1,0,1,50,2,3,1,0,0,2,25.0,23.0,deux_roues,voiture,5,2,3,1,6
202300039468,2023-11-06 19:05:00,2023,11,6,19,5,69,69266,Rue Jean Jaurès,45.75814048,4.88505574,Nuit avec éclairage allumé,En agglomération,Intersection en T,Normale,Autre collision,4,2,2,3,1,1,1,0,1,50,2,3,1,0,0,2,25.0,23.0,deux_roues,voiture,5,2,3,1,6
202300039469,2023-11-06 18:20:00,2023,11,6,18,20,67,67482,CESAR JULIEN (RUE DU),48.58145,7.70361,Nuit avec éclairage allumé,En agglomération,Intersection en X,Pluie légère,Autre collision,4,2,2,0,1,1,2,0,1,50,1,2,1,0,0,1,38.0,,voiture,,5,2,2,2,6
202300039469,2023-11-06 18:20:00,2023,11,6,18,20,67,67482,CESAR JULIEN (RUE DU),48.58145,7.70361,Nuit avec éclairage allumé,En agglomération,Intersection en X,Pluie légère,Autre collision,4,2,2,0,1,1,2,0,1,50,1,2,1,0,0,1,38.0,,voiture,,5,2,2,2,6
202300039470,2023-11-06 18:10:00,2023,11,6,18,10,67,67482,JEAN GIRAUDOUX (RUE),48.58708,7.70087,Nuit avec éclairage allumé,En agglomération,Intersection en T,Pluie légère,Autre collision,4,2,3,0,1,1,2,0,1,50,1,2,1,0,0,1,26.0,,voiture,,5,2,3,2,6
202300039470,2023-11-06 18:10:00,2023,11,6,18,10,67,67482,JEAN GIRAUDOUX (RUE),48.58708,7.70087,Nuit avec éclairage allumé,En agglomération,Intersection en T,Pluie légère,Autre collision,4,2,3,0,1,1,2,0,1,50,1,2,1,0,0,1,26.0,,voiture,,5,2,3,2,6
202300039471,2023-06-20 16:35:00,2023,6,20,16,35,92,92036,LAURENT CELY (AVENUE) (2/152),48.91739,2.30745,Plein jour,En agglomération,Intersection en Y,Normale,Autre collision,3,2,4,0,1,1,1,0,1,50,2,2,1,0,0,1,37.0,38.0,deux_roues,voiture,1,2,4,1,6
202300039471,2023-06-20 16:35:00,2023,6,20,16,35,92,92036,LAURENT CELY (AVENUE) (2/152),48.91739,2.30745,Plein jour,En agglomération,Intersection en Y,Normale,Autre collision,3,1,1,0,1,1,1,0,1,50,2,2,1,0,0,1,37.0,38.0,deux_roues,voiture,1,2,4,1,6
202300039472,2023-11-06 21:38:00,2023,11,6,21,38,67,67180,BISCHWILLER (ROUTE DE),48.80328,7.81075,Nuit avec éclairage allumé,En agglomération,Autre intersection,Temps couvert,Deux véhicules - côté,3,1,2,0,1,1,2,0,1,50,2,2,1,0,1,0,26.0,17.0,voiture,deux_roues,5,2,9,8,3
202300039473,2023-06-20 13:45:00,2023,6,20,13,45,92,92036,LAURENT CELY (AVENUE) (154/336),48.92447,2.30445,Plein jour,En agglomération,Hors intersection,Normale,Sans collision,3,3,0,0,1,1,1,0,1,50,1,1,0,0,1,0,37.0,,deux_roues,,1,2,1,1,7
202300039474,2023-06-21 21:53:00,2023,6,21,21,53,92,92026,JOFFRE,48.90073,2.27515,Plein jour,En agglomération,Intersection en T,Normale,Deux véhicules - côté,3,3,4,0,1,1,1,0,1,50,2,2,1,0,0,1,22.0,29.0,voiture,voiture,1,2,3,1,3
202300039474,2023-06-21 21:53:00,2023,6,21,21,53,92,92026,JOFFRE,48.90073,2.27515,Plein jour,En agglomération,Intersection en T,Normale,Deux véhicules - côté,3,1, -1,-1,1,1,1,5,1,-1,2,2,1,0,0,1,22.0,29.0,voiture,voiture,1,2,3,1,3
202300039475,2023-11-06 17:55:00,2023,11,6,17,55,62,62193,Rue d'Amsterdam,50.95578,1.85535,Nuit avec éclairage allumé,En agglomération,Intersection en X,Pluie forte,Deux véhicules - côté,4,2,2,0,1,1,2,0,1,50,2,2,1,0,0,1,30.0,43.0,voiture,voiture,5,2,2,3,3
202300039475,2023-11-06 17:55:00,2023,11,6,17,55,62,62193,Rue d'Amsterdam,50.95578,1.85535,Nuit avec éclairage allumé,En agglomération,Intersection en X,Pluie forte,Deux véhicules - côté,4,2,2,0,1,1,2,0,1,50,2,2,1,0,0,1,30.0,43.0,voiture,voiture,5,2,2,3,3
202300039476,2023-06-21 10:00:00,2023,6,21,10,0,92,92004,MENIL,48.92367,2.27996,Plein jour,En agglomération,Hors intersection,Normale,Deux véhicules - frontale,4,-1,1,0,1,1,1,0,1,50,2,2,1,0,0,1,35.0,68.0,deux_roues,voiture,1,2,1,1,1
202300039477,2023-06-21 14:53:00,2023,6,21,14,53,34,34155,RD162,43.36073,3.117977,Plein jour,Hors agglomération,Hors intersection,Normale,Sans collision,3,2,2,0,1,2,1,0,3,80,1,1,0,0,1,0,58.0,,deux_roues,,1,1,1,1,7
202300039478,2023-11-04 15:10:00,2023,11,4,15,10,57,57672,COMTE DE BERTIER (AVENUE) - PAIR,49.37136,6.16937,Plein jour,En agglomération,Intersection en T,Pluie légère,Deux véhicules - côté,4,2,2,0,1,1,2,0,1,50,2,4,3,0,0,1,27.0,19.0,voiture,voiture,1,2,3,2,3
202300039478,2023-11-04 15:10:00,2023,11,4,15,10,57,57672,COMTE DE BERTIER (AVENUE) - PAIR,49.37136,6.16937,Plein jour,En agglomération,Intersection en T,Pluie légère,Deux véhicules - côté,4,2,1,0,1,2,2,0,1,50,2,4,3,0,0,1,27.0,19.0,voiture,voiture,1,2,3,2,3
202300039479,2023-06-21 16:38:00,2023,6,21,16,38,01,01333,Rue de la Gare,45.925834,4.950027,Plein jour,En agglomération,Intersection en T,Normale,Deux véhicules - frontale,4,-1, -1,-1,1,1,1,0,1,-1,2,2,1,0,0,1,25.0,55.0,voiture,deux_roues,1,2,3,1,1
202300039479,2023-06-21 16:38:00,2023,6,21,16,38,01,01333,Rue de la Gare,45.925834,4.950027,Plein jour,En agglomération,Intersection en T,Normale,Deux véhicules - frontale,4,1,1,0,1,1,1,0,1,50,2,2,1,0,0,1,25.0,55.0,voiture,deux_roues,1,2,3,1,1
202300039480,2023-11-06 08:25:00,2023,11,6,8,25,56,56260,Boulevard de la Résistance,47.6422,-2.7757,Plein jour,En agglomération,Hors intersection,Pluie forte,Autre collision,4,2,3,0,3,1,2,0,1,50,1,2,1,0,0,1,74.0,,voiture,,1,2,1,3,6
202300039481,2023-06-20 14:35:00,2023,6,20,14,35,67,67061,D517,48.833757,7.491367,Plein jour,Hors agglomération,Hors intersection,Normale,Autre collision,3,2,2,0,1,3,1,0,3,80,1,1,0,0,1,0,68.0,,voiture,,1,1,1,1,6
202300039482,2023-06-21 16:05:00,2023,6,21,16,5,73,73330,D1504 / Chemin de la tuilière,45.7057,5.766873,Plein jour,Hors agglomération,Intersection en X,Normale,Sans collision,3,2,2,2,1,1,1,-1,1,80,1,2,0,0,1,1,63.0,,deux_roues,,1,1,2,1,7
202300039482,2023-06-21 16:05:00,2023,6,21,16,5,73,73330,D1504 / Chemin de la tuilière,45.7057,5.766873,Plein jour,Hors agglomération,Intersection en X,Normale,Sans collision,3,2,2,0,1,1,1,5,1,80,1,2,0,0,1,1,63.0,,deux_roues,,1,1,2,1,7
202300039483,2023-05-29 02:00:00,2023,5,29,2,0,40,40304,106 Avenue Maitre Pierre,43.656788,-1.427899,Nuit sans éclairage public,En agglomération,Hors intersection,Normale,Autre collision,9,1,1,0,1,2,1,0,1,50,1,2,1,0,1,0,22.0,,voiture,,3,2,1,1,6
202300039484,2023-11-06 11:20:00,2023,11,6,11,20,51,51454,GARNIER (RUE FRANCIS),49.28612,4.0244,Plein jour,En agglomération,Hors intersection,Normale,Deux véhicules - côté,6,-1, -1,0,1,1,2,0,1,-1,2,2,1,0,0,1,30.0,29.0,voiture,voiture,1,2,1,1,3
202300039485,2023-06-21 01:15:00,2023,6,21,1,15,33,33216,D 125,44.472823,-0.159431,Nuit sans éclairage public,Hors agglomération,Hors intersection,Pluie légère,Sans collision,3,2,2,0,2,3,2,0,3,80,1,2,0,0,1,1,20.0,,voiture,,3,1,1,2,7
202300039486,2023-06-22 14:20:00,2023,6,22,14,20,05,05027,Col d'Izoard (Col de montagne),44.850073,6.725001,Plein jour,Hors agglomération,Hors intersection,Pluie légère,Deux véhicules - côté,3,2,2,0,2,3,2,0,1,90,2,2,1,0,1,0,62.0,67.0,deux_roues,voiture,1,1,1,2,3
202300039487,2023-11-06 20:44:00,2023,11,6,20,44,51,51431,ROUTE DEPARTEMENTALE RD 10 ,49.01272,3.943663,Nuit sans éclairage public,Hors agglomération,Hors intersection,Pluie forte,Autre collision,3,2,1,-1,1,1,2,0,1,-1,1,1,0,0,0,1,20.0,,deux_roues,,3,1,1,3,6
202300039488,2023-06-22 08:47:00,2023,6,22,8,47,12,12033,D988 - PK 046+0090,44.450724,2.722887,Plein jour,Hors agglomération,Hors intersection,Normale,Trois véhicules et plus - collisions multiples,3,2,3,0,2,2,2,0,1,90,3,4,1,0,1,2,20.0,52.0,voiture,voiture,1,1,1,1,5
202300039489,2023-11-06 19:10:00,2023,11,6,19,10,50,50147,DIVISION LECLERC,49.06275,-1.4338,Nuit avec éclairage allumé,En agglomération,Hors intersection,Pluie forte,Autre collision,3,2,2,0,1,1,2,0,1,50,1,2,1,0,0,1,37.0,,voiture,,5,2,1,3,6
202300039490,2023-06-22 12:39:00,2023,6,22,12,39,41,41101,autoroute A10 PK 161+500,47.615971,1.165023,Plein jour,Hors agglomération,Hors intersection,Normale,Deux véhicules - frontale,1,3,3,3,1,1,2,0,1,130,2,5,4,0,1,0,22.0,28.0,voiture,utilitaire_camion,1,1,1,1,1
202300039491,2023-06-21 17:00:00,2023,6,21,17,0,72,72155,la borderie 72220,47.865438,0.223093,Plein jour,Hors agglomération,Passage à niveau,Normale,Deux véhicules - côté,4,2,2,0,1,2,1,4,8,80,2,3,1,1,1,0,75.0,27.0,voiture,transport_commun,1,1,8,1,3
202300039492,2023-11-03 16:05:00,2023,11,3,16,5,49,49007,BON PASTEUR BOULEVARD,47.47,-0.569,Plein jour,En agglomération,Hors intersection,Pluie légère,Deux véhicules - côté,4,3,3,2,1,1,2,0,4,20,2,2,1,0,0,1,33.0,57.0,deux_roues,voiture,1,2,1,2,3
202300039493,2023-06-22 04:00:00,2023,6,22,4,0,77,77492,D407,48.904699,3.350106,Nuit sans éclairage public,Hors agglomération,Hors intersection,Normale,Deux véhicules - côté,3,2,2,0,1,1,1,0,1,80,2,2,0,0,0,2,81.0,68.0,voiture,utilitaire_camion,3,1,1,1,3
202300039494,2023-06-21 16:45:00,2023,6,21,16,45,40,40246,D834,44.154792,-0.741684,Plein jour,Hors agglomération,Hors intersection,Normale,Deux véhicules - frontale,3,2,2,0,1,1,1,0,1,80,2,2,1,0,1,0,55.0,32.0,utilitaire_camion,utilitaire_camion,1,1,1,1,1
202300039495,2023-11-06 12:00:00,2023,11,6,12,0,43,43041,141 Avenue Charles Dupuy,45.0534,3.9104,Plein jour,En agglomération,Hors intersection,Normale,Autre collision,3,2,0,0,1,1,1,9,1,50,1,3,1,0,0,2,32.0,,voiture,,1,2,1,1,6
202300039496,2023-06-21 09:20:00,2023,6,21,9,20,57,57370,Route Departementale 654,49.399615,6.280274,Plein jour,Hors agglomération,Hors intersection,Normale,Deux véhicules - frontale,3,2,2,0,1,1,1,0,1,80,2,4,2,0,0,2,21.0,29.0,voiture,voiture,1,1,1,1,1
202300039497,2023-05-10 08:25:00,2023,5,10,8,25,59,59331,Route de Guise,50.10439616,3.69188479,Plein jour,Hors agglomération,Hors intersection,Pluie légère,Deux véhicules - côté,3,2,2,0,1,1,2,0,1,70,2,2,1,0,0,1,37.0,50.0,voiture,voiture,1,1,1,2,3
202300039498,2023-11-02 09:40:00,2023,11,2,9,40,42,42071,Boulevard Charles Gallet,46.02313,4.09373,Plein jour,En agglomération,Hors intersection,Pluie légère,Autre collision,4,-1,2,0,1,2,2,0,4,30,1,1,0,1,0,0,75.0,,voiture,,1,2,1,2,6
202300039499,2023-06-22 14:20:00,2023,6,22,14,20,56,56259,Le Monteno,47.602562,-2.594807,Plein jour,Hors agglomération,Intersection en X,Normale,Deux véhicules - côté,4,2,2,0,1,1,1,0,1,80,2,2,1,0,1,0,61.0,17.0,voiture,deux_roues,1,1,2,1,3
202300039499,2023-06-22 14:20:00,2023,6,22,14,20,56,56259,Le Monteno,47.602562,-2.594807,Plein jour,Hors agglomération,Intersection en X,Normale,Deux véhicules - côté,4,2,2,-1,1,1,1,0,1,80,2,2,1,0,1,0,61.0,17.0,voiture,deux_roues,1,1,2,1,3
202300039500,2023-11-06 22:15:00,2023,11,6,22,15,38,38151,RUE DE COMBOIRE,45.14738,5.69406,Nuit avec éclairage allumé,En agglomération,Hors intersection,Normale,Autre collision,4,2,2,0,1,2,1,0,1,50,1,3,0,0,1,2,45.0,,utilitaire_camion,,5,2,1,1,6
202300039501,2023-06-15 07:50:00,2023,6,15,7,50,77,77020,10 Rue de la Fontaine à l'Ange,48.677944,3.193857,Plein jour,En agglomération,Hors intersection,Normale,Deux véhicules - côté,3,2,2,0,1,1,1,0,1,50,2,2,1,0,0,1,33.0,17.0,utilitaire_camion,deux_roues,1,2,1,1,3
202300039502,2023-11-06 12:00:00,2023,11,6,12,0,37,37261,ALOUETTE (AVENUE),47.36386,0.69968,Plein jour,En agglomération,Hors intersection,Temps couvert,Autre collision,4,1,2,0,2,2,2,2,1,50,1,1,0,0,0,1,61.0,,voiture,,1,2,1,8,6
202300039503,2023-06-22 07:45:00,2023,6,22,7,45,46,46080,587 route de caillac,44.51734,1.329303,Crépuscule ou aube,Hors agglomération,Hors intersection,Pluie légère,Sans collision,3,2,2,0,1,2,2,0,3,80,1,1,0,0,1,0,60.0,,voiture,,2,1,1,2,7
202300039504,2023-11-06 17:00:00,2023,11,6,17,0,35,35055,VERN (DE),48.08248,-1.64004,Plein jour,En agglomération,Giratoire,Normale,Trois véhicules et plus - collisions multiples,3,3,4,0,1,2,1,0,1,70,3,3,2,0,0,1,22.0,32.0,voiture,voiture,1,2,6,1,5
202300039505,2023-06-21 17:00:00,2023,6,21,17,0,39,39553,92 Chemin du Pré Chenole,46.728889,5.592336,Plein jour,En agglomération,Intersection en T,Normale,Autre collision,4,2,2,0,2,1,1,0,1,30,1,3,2,0,1,0,25.0,,voiture,,1,2,3,1,6
202300039505,2023-06-21 17:00:00,2023,6,21,17,0,39,39553,92 Chemin du Pré Chenole,46.728889,5.592336,Plein jour,En agglomération,Intersection en T,Normale,Autre collision,4,2,2,-1,1,1,1,0,1,50,1,3,2,0,1,0,25.0,,voiture,,1,2,3,1,6
202300039506,2023-06-22 01:20:00,2023,6,22,1,20,58,58131,Rue Vauban,47.089169,3.194393,Nuit sans éclairage public,En agglomération,Hors intersection,Normale,Deux véhicules - frontale,3,3,2,0,1,2,1,0,1,50,2,4,1,0,0,3,55.0,72.0,voiture,voiture,3,2,1,1,1
202300039507,2023-11-05 08:35:00,2023,11,5,8,35,34,34108,MURIERS (AVENUE DES),43.44774,3.75098,Plein jour,En agglomération,Intersection en X,Normale,Deux véhicules - frontale,4,2,0,0,1,1,1,0,1,50,2,2,0,0,0,2,78.0,21.0,voiture,voiture,1,2,2,1,1
202300039507,2023-11-05 08:35:00,2023,11,5,8,35,34,34108,MURIERS (AVENUE DES),43.44774,3.75098,Plein jour,En agglomération,Intersection en X,Normale,Deux véhicules - frontale,4,2,0,0,1,1,1,0,1,50,2,2,0,0,0,2,78.0,21.0,voiture,voiture,1,2,2,1,1
202300039508,2023-11-02 12:30:00,2023,11,2,12,30,29,29039,Chemin de Stang Daniel,47.92083237,-3.90924506,Plein jour,Hors agglomération,Hors intersection,Vent fort / tempête,Autre collision,3,2,2,0,1,3,2,0,3,80,1,1,0,0,0,1,18.0,,voiture,,1,1,1,6,6
202300039509,2023-06-20 13:20:00,2023,6,20,13,20,72,72199,La Bruyère,48.24994058,0.08086681,Plein jour,Hors agglomération,Hors intersection,Pluie forte,Sans collision,3,2,2,0,1,3,2,0,3,80,1,5,3,0,2,0,21.0,,voiture,,1,1,1,3,7
202300039510,2023-06-20 09:40:00,2023,6,20,9,40,60,60444,D150,49.623004,1.791472,Plein jour,Hors agglomération,Intersection en X,Normale,Deux véhicules - côté,3,2,2,0,1,1,1,0,1,80,2,2,1,0,0,1,63.0,64.0,voiture,voiture,1,1,2,1,3
202300039510,2023-06-20 09:40:00,2023,6,20,9,40,60,60444,D150,49.623004,1.791472,Plein jour,Hors agglomération,Intersection en X,Normale,Deux véhicules - côté,3,2,2,0,2,1,1,0,1,80,2,2,1,0,0,1,63.0,64.0,voiture,voiture,1,1,2,1,3
202300039511,2023-06-20 12:00:00,2023,6,20,12,0,60,60401,Rue Mary Cassatt,49.300554,1.988944,Plein jour,En agglomération,Hors intersection,Normale,Autre collision,3,2,2,0,2,1,1,0,3,50,1,1,0,0,0,1,31.0,,voiture,,1,2,1,1,6
202300039512,2023-11-06 14:35:00,2023,11,6,14,35,26,26198,APPEL DU 18 JUIN 1940 (Rond Point),44.55845,4.74556,Plein jour,En agglomération,Autre intersection,Normale,Deux véhicules - côté,4,1,1,0,1,2,1,0,1,30,2,2,1,0,0,1,61.0,62.0,voiture,deux_roues,1,2,9,1,3
202300039513,2023-06-22 10:50:00,2023,6,22,10,50,45,45329,D943 PR 21 + 226,47.938901,2.970879,Plein jour,Hors agglomération,Hors intersection,Pluie forte,Deux véhicules - côté,3,2,2,0,2,2,2,0,1,70,2,2,1,0,1,0,42.0,76.0,voiture,utilitaire_camion,1,1,1,3,3
202300039514,2023-06-20 18:10:00,2023,6,20,18,10,43,43025,La Croix de l’Horme,45.247804,4.094843,Plein jour,Hors agglomération,Intersection en T,Normale,Deux véhicules - côté,3,2,2,0,1,1,1,5,1,90,2,4,0,0,2,2,39.0,20.0,voiture,voiture,1,1,3,1,3
202300039514,2023-06-20 18:10:00,2023,6,20,18,10,43,43025,La Croix de l’Horme,45.247804,4.094843,Plein jour,Hors agglomération,Intersection en T,Normale,Deux véhicules - côté,3,2, -1,-1,1,1,1,5,1,-1,2,4,0,0,2,2,39.0,20.0,voiture,voiture,1,1,3,1,3
202300039515,2023-06-22 06:00:00,2023,6,22,6,0,36,36001,Avenue George Sand,46.43256097,1.83795095,Crépuscule ou aube,En agglomération,Hors intersection,Pluie forte,Autre collision,3,2,2,0,1,1,2,0,3,50,1,1,0,1,0,0,49.0,,utilitaire_camion,,2,2,1,3,6
202300039516,2023-06-20 18:50:00,2023,6,20,18,50,07,07304,Intersection D 579 / route du Chassel,44.389931,4.376611,Plein jour,Hors agglomération,Intersection en T,Normale,Trois véhicules et plus - collisions multiples,3,2,2,0,2,1,1,0,1,70,3,3,1,0,1,1,38.0,16.0,voiture,deux_roues,1,1,3,1,5
202300039516,2023-06-20 18:50:00,2023,6,20,18,50,07,07304,Intersection D 579 / route du Chassel,44.389931,4.376611,Plein jour,Hors agglomération,Intersection en T,Normale,Trois véhicules et plus - collisions multiples,3,2, -1,-1,2,2,1,-1,1,-1,3,3,1,0,1,1,38.0,16.0,voiture,deux_roues,1,1,3,1,5
202300039517,2023-11-06 16:44:00,2023,11,6,16,44,13,13117,EUROPE (AVENUE DE L'),43.43972,5.24265,Plein jour,En agglomération,Hors intersection,Normale,Deux véhicules - côté,4,2,2,0,1,1,1,0,1,50,2,2,1,0,0,1,,34.0,voiture,voiture,1,2,1,1,3
202300039518,2023-06-22 21:21:00,2023,6,22,21,21,40,40312,Boulevard Jacques Duclos,43.539898,-1.460921,Plein jour,En agglomération,Intersection en T,Normale,Deux véhicules - côté,3,2,2,0,1,1,1,0,1,50,2,2,1,0,0,1,23.0,35.0,deux_roues,voiture,1,2,3,1,3
202300039518,2023-06-22 21:21:00,2023,6,22,21,21,40,40312,Boulevard Jacques Duclos,43.539898,-1.460921,Plein jour,En agglomération,Intersection en T,Normale,Deux véhicules - côté,3,-1, -1,-1,-1,-1,-1,-1,-1,-1,2,2,1,0,0,1,23.0,35.0,deux_roues,voiture,1,2,3,1,3
202300039519,2023-11-06 16:50:00,2023,11,6,16,50,13,13117,SALYENS ( AVENUE DES ),43.44277,5.25244,Plein jour,En agglomération,Hors intersection,Normale,Deux véhicules - côté,4,2,2,0,1,1,1,0,1,50,2,2,1,0,0,1,28.0,21.0,utilitaire_camion,utilitaire_camion,1,2,1,1,3
202300039520,2023-06-22 12:20:00,2023,6,22,12,20,85,85234,RD753 120 Route de challans,46.8041,-2.02872,Plein jour,Hors agglomération,Hors intersection,Normale,Autre collision,3,2,2,1,1,1,1,0,8,80,1,1,0,1,0,0,84.0,,voiture,,1,1,1,1,6
202300039521,2023-06-22 18:00:00,2023,6,22,18,0,85,85084,RD7  LES fONTAINES,46.74851,-1.206979,Plein jour,Hors agglomération,Autre intersection,Normale,Trois véhicules et plus - collisions multiples,3,2,2,0,1,1,1,0,1,80,3,5,0,0,3,2,26.0,85.0,voiture,voiture,1,1,9,1,5
202300039522,2023-06-21 17:15:00,2023,6,21,17,15,85,85246,la barre RD7,46.736353,-1.182827,Plein jour,Hors agglomération,Intersection en T,Normale,Sans collision,3,2, -1,-1,1,1,1,0,1,-1,1,1,0,0,0,1,37.0,,deux_roues,,1,1,3,1,7
202300039522,2023-06-21 17:15:00,2023,6,21,17,15,85,85246,la barre RD7,46.736353,-1.182827,Plein jour,Hors agglomération,Intersection en T,Normale,Sans collision,3,2,2,0,2,2,1,0,1,70,1,1,0,0,0,1,37.0,,deux_roues,,1,1,3,1,7