accident_id,datetime,annee,mois,jour,heure,minute,departement,commune_insee,adresse,latitude,longitude,luminosite,agglomeration,intersection,meteo,collision,catr,circ,nbv,vosp,prof,plan,surf,infra,situ,vma,nb_vehicules,nb_usagers,nb_indemnes,nb_tues,nb_blesses_hosp,nb_blesses_legers,age_cond_1,age_cond_2,veh_type_cond_1,veh_type_cond_2,lum_code,agg_code,int_code,atm_code,col_code
202300039523,2023-11-06 16:25:00,2023,11,6,16,25,13,13207,RIVE NEUVE (QUAI DE),43.29272944,5.36832124,Plein jour,En agglomération,Intersection en T,Normale,Deux véhicules - côté,4,-1,1,0,1,1,1,0,1,30,2,2,1,0,0,1,43.0,44.0,voiture,voiture,1,2,3,1,3
202300039523,2023-11-06 16:25:00,2023,11,6,16,25,13,13207,RIVE NEUVE (QUAI DE),43.29272944,5.36832124,Plein jour,En agglomération,Intersection en T,Normale,Deux véhicules - côté,4,1,3,0,1,1,1,0,1,30,2,2,1,0,0,1,43.0,44.0,voiture,voiture,1,2,3,1,3
202300039524,2023-06-20 12:20:00,2023,6,20,12,20,17,17309,35 Avenue de Saintonge,45.161645,-0.023943,Plein jour,En agglomération,Hors intersection,Pluie forte,Autre collision,3,2,2,0,1,1,2,0,4,50,1,2,1,0,1,0,79.0,,voiture,,1,2,1,3,6
202300039525,2023-11-06 10:26:00,2023,11,6,10,26,13,13215,LYON (RUE DE),43.34074642,5.3609291,Plein jour,En agglomération,Hors intersection,Normale,Autre collision,4,2,2,0,1,1,1,0,1,50,1,2,1,0,0,1,23.0,,utilitaire_camion,,1,2,1,1,6
202300039526,2023-06-21 19:45:00,2023,6,21,19,45,30,30029,Avenue Jean Tassy,44.306964,4.348038,Plein jour,En agglomération,Place,Normale,Deux véhicules - côté,3,2,2,0,2,2,1,9,5,50,2,2,1,0,1,0,35.0,55.0,deux_roues,utilitaire_camion,1,2,7,1,3
202300039527,2023-11-06 12:27:00,2023,11,6,12,27,10,10387,Avenue des Lombards,48.26887501,4.08501238,Plein jour,En agglomération,Hors intersection,Normale,Sans collision,4,1,1,0,1,1,1,9,4,50,1,2,1,0,0,1,15.0,,deux_roues,,1,2,1,1,7
202300039528,2023-06-21 19:40:00,2023,6,21,19,40,78,78043,D307,48.835303,2.078851,Plein jour,Hors agglomération,Hors intersection,Normale,Deux véhicules - arrière,3,3,0,1,2,1,1,0,1,90,2,2,1,0,0,1,50.0,20.0,utilitaire_camion,deux_roues,1,1,1,1,2
202300039529,2023-06-22 16:08:00,2023,6,22,16,8,06,06085,Chemin de Carimaï,43.571561,6.974258,Plein jour,Hors agglomération,Hors intersection,Normale,Sans collision,3,2,2,1,2,1,1,9,5,70,1,1,0,0,1,0,66.0,,deux_roues,,1,1,1,1,7
202300039530,2023-11-06 14:30:00,2023,11,6,14,30,06,06069,LIBERATION (AVENUE DE LA),43.6477,6.91499,Plein jour,En agglomération,Hors intersection,Normale,Trois véhicules et plus - en chaîne,3,2,2,0,1,1,1,0,1,50,3,3,2,0,0,1,39.0,40.0,voiture,voiture,1,2,1,1,4
202300039531,2023-11-05 17:17:00,2023,11,5,17,17,02,02738,50 Boulevard Gustave Grégoire (Tergnier),49.65604,3.30045,Plein jour,En agglomération,Hors intersection,Normale,Autre collision,4,2,0,0,1,1,2,0,1,50,1,3,2,0,0,1,19.0,,deux_roues,,1,2,1,1,6
202300039532,2023-11-06 07:00:00,2023,11,6,7,0,75,75112,ECHANGEUR BERCY,48.828353,2.397596,Plein jour,En agglomération,Hors intersection,Temps couvert,Trois véhicules et plus - en chaîne,4,1,4,0,1,1,1,0,1,70,5,5,4,0,0,1,33.0,63.0,utilitaire_camion,utilitaire_camion,1,2,1,8,4
202300039533,2023-11-05 22:28:00,2023,11,5,22,28,75,75120,ECHANGEUR BAGNOLET,48.86466771,2.41312981,Nuit avec éclairage allumé,En agglomération,Hors intersection,Normale,Deux véhicules - arrière,4,1,2,0,1,2,1,0,1,50,2,5,4,0,0,1,21.0,27.0,voiture,utilitaire_camion,5,2,1,1,2
202300039534,2023-11-06 05:49:00,2023,11,6,5,49,75,75110,BOULEVARD DE MAGENTA,48.87576907,2.35653073,Nuit avec éclairage allumé,En agglomération,Intersection en X,Pluie légère,Autre collision,4,2, -1,0,1,1,2,0,1,30,1,4,3,0,1,0,26.0,,voiture,,5,2,2,2,6
202300039534,2023-11-06 05:49:00,2023,11,6,5,49,75,75110,BOULEVARD DE MAGENTA,48.87576907,2.35653073,Nuit avec éclairage allumé,En agglomération,Intersection en X,Pluie légère,Autre collision,4,-1, -1,0,1,1,2,0,1,30,1,4,3,0,1,0,26.0,,voiture,,5,2,2,2,6
202300039535,2023-11-06 15:05:00,2023,11,6,15,5,75,75117,BOULEVARD GOUVION SAINT CYR,48.882245,2.286307,Plein jour,En agglomération,Intersection en T,Normale,Autre collision,4,2,1,0,1,1,1,8,1,30,1,2,1,0,0,1,33.0,,voiture,,1,2,3,1,6
202300039535,2023-11-06 15:05:00,2023,11,6,15,5,75,75117,BOULEVARD GOUVION SAINT CYR,48.882245,2.286307,Plein jour,En agglomération,Intersection en T,Normale,Autre collision,4,-1, -1,0,1,1,1,8,1,30,1,2,1,0,0,1,33.0,,voiture,,1,2,3,1,6
202300039536,2023-11-06 18:20:00,2023,11,6,18,20,75,75116,AVENUE PAUL DOUMER,48.861801,2.285751,Nuit avec éclairage allumé,En agglomération,Intersection en T,Pluie légère,Deux véhicules - côté,4,2,2,0,4,1,2,0,1,30,2,3,2,0,0,1,38.0,16.0,voiture,deux_roues,5,2,3,2,3
202300039536,2023-11-06 18:20:00,2023,11,6,18,20,75,75116,AVENUE PAUL DOUMER,48.861801,2.285751,Nuit avec éclairage allumé,En agglomération,Intersection en T,Pluie légère,Deux véhicules - côté,4,-1, -1,0,4,1,2,0,1,30,2,3,2,0,0,1,38.0,16.0,voiture,deux_roues,5,2,3,2,3
202300039537,2023-05-17 12:48:00,2023,5,17,12,48,45,45302,1559 Rue Nationale 20,47.95295142,1.89148235,Plein jour,Hors agglomération,Hors intersection,Normale,Trois véhicules et plus - en chaîne,4,3,4,0,1,1,1,0,1,50,3,3,1,0,0,2,57.0,74.0,voiture,voiture,1,1,1,1,4
202300039538,2023-11-06 12:15:00,2023,11,6,12,15,75,75116,ALLEE DE LA REINE MARGUERITE,48.870853,2.253109,Plein jour,En agglomération,Hors intersection,Normale,Deux véhicules - côté,4,2,2,0,1,1,1,0,1,50,2,2,1,0,0,1,68.0,60.0,deux_roues,deux_roues,1,2,1,1,3
202300039539,2023-05-18 01:05:00,2023,5,18,1,5,44,44109,2 Rue Louis Blanc,47.20722,-1.55509,Nuit avec éclairage non allumé,En agglomération,Hors intersection,Temps couvert,Autre collision,4,-1,2,2,1,1,2,0,1,50,1,2,1,0,1,0,19.0,,voiture,,4,2,1,8,6
202300039540,2023-11-06 09:45:00,2023,11,6,9,45,75,75115,RUE DU COLONEL PIERRE AVIA,48.831485,2.277657,Plein jour,En agglomération,Intersection en Y,Normale,Deux véhicules - côté,4,-1, -1,0,1,1,1,0,1,50,2,2,0,0,0,2,53.0,23.0,voiture,voiture,1,2,4,1,3
202300039540,2023-11-06 09:45:00,2023,11,6,9,45,75,75115,RUE DU COLONEL PIERRE AVIA,48.831485,2.277657,Plein jour,En agglomération,Intersection en Y,Normale,Deux véhicules - côté,4,2,4,0,1,1,1,0,1,50,2,2,0,0,0,2,53.0,23.0,voiture,voiture,1,2,4,1,3
202300039541,2023-05-17 21:10:00,2023,5,17,21,10,35,35051,RENNES (RUE DE),48.11419299,-1.62420765,Plein jour,En agglomération,Hors intersection,Normale,Autre collision,4,2,2,3,1,1,1,0,1,50,1,4,3,0,0,1,20.0,,voiture,,1,2,1,1,6
202300039542,2023-11-05 23:45:00,2023,11,5,23,45,75,75112,AVENUE DAUMESNIL,48.836692,2.403488,Nuit avec éclairage allumé,En agglomération,Intersection en X,Temps couvert,Deux véhicules - côté,4,2,2,0,1,1,2,0,1,30,2,2,1,0,0,1,23.0,40.0,deux_roues,voiture,5,2,2,8,3
202300039542,2023-11-05 23:45:00,2023,11,5,23,45,75,75112,AVENUE DAUMESNIL,48.836692,2.403488,Nuit avec éclairage allumé,En agglomération,Intersection en X,Temps couvert,Deux véhicules - côté,4,2,2,0,1,1,2,0,1,30,2,2,1,0,0,1,23.0,40.0,deux_roues,voiture,5,2,2,8,3
202300039543,2023-05-17 21:40:00,2023,5,17,21,40,35,35238,LAMENNAIS (QUAI),48.10987,-1.68028,Crépuscule ou aube,En agglomération,Hors intersection,Normale,Autre collision,4,2,0,3,1,1,1,0,6,30,1,3,1,0,0,2,60.0,,transport_commun,,2,2,1,1,6
202300039544,2023-05-17 15:20:00,2023,5,17,15,20,35,35238,ALMA (DE L'),48.09754865,-1.67516157,Plein jour,En agglomération,Hors intersection,Normale,Autre collision,4,2,3,0,1,1,1,0,1,50,1,2,1,0,0,1,59.0,,utilitaire_camion,,1,2,1,1,6
202300039545,2023-11-06 20:00:00,2023,11,6,20,0,75,75110,QUAI DE VALMY,48.869759,2.366181,Nuit avec éclairage allumé,En agglomération,Intersection en T,Pluie légère,Autre collision,4,1,2,0,1,1,2,0,1,30,1,3,1,0,0,2,63.0,,voiture,,5,2,3,2,6
202300039545,2023-11-06 20:00:00,2023,11,6,20,0,75,75110,QUAI DE VALMY,48.869759,2.366181,Nuit avec éclairage allumé,En agglomération,Intersection en T,Pluie légère,Autre collision,4,1,1,0,1,1,2,0,1,30,1,3,1,0,0,2,63.0,,voiture,,5,2,3,2,6
202300039546,2023-05-17 19:00:00,2023,5,17,19,0,34,34172,210 Rue Jacques Monod,43.59512,3.84037,Plein jour,En agglomération,Hors intersection,Normale,Deux véhicules - frontale,4,1,2,1,1,3,1,0,5,30,2,2,1,0,1,0,17.0,32.0,deux_roues,utilitaire_camion,1,2,1,1,1
202300039547,2023-05-17 20:30:00,2023,5,17,20,30,33,33063,Cours Victor Hugo,44.8350057,-0.57206422,Plein jour,En agglomération,Intersection en T,Normale,Deux véhicules - côté,4,2,4,3,1,1,1,0,1,50,2,2,1,0,0,1,28.0,25.0,voiture,deux_roues,1,2,3,1,3
202300039547,2023-05-17 20:30:00,2023,5,17,20,30,33,33063,Cours Victor Hugo,44.8350057,-0.57206422,Plein jour,En agglomération,Intersection en T,Normale,Deux véhicules - côté,4,1,1,0,1,1,1,6,1,50,2,2,1,0,0,1,28.0,25.0,voiture,deux_roues,1,2,3,1,3
202300039548,2023-11-05 15:03:00,2023,11,5,15,3,75,75101,PLACE VENDOME,48.867865,2.329819,Plein jour,En agglomération,Place,Pluie légère,Deux véhicules - côté,4,-1, -1,0,1,2,2,5,1,30,2,2,1,0,0,1,23.0,33.0,voiture,deux_roues,1,2,7,2,3
202300039548,2023-11-05 15:03:00,2023,11,5,15,3,75,75101,PLACE VENDOME,48.867865,2.329819,Plein jour,En agglomération,Place,Pluie légère,Deux véhicules - côté,4,1,2,0,1,2,2,5,1,30,2,2,1,0,0,1,23.0,33.0,voiture,deux_roues,1,2,7,2,3
202300039549,2023-05-17 18:15:00,2023,5,17,18,15,32,32013,ROGER SALENGRO,43.66662,0.60053,Plein jour,En agglomération,Hors intersection,Normale,Deux véhicules - côté,4,2,2,0,1,1,1,0,1,50,2,2,1,0,0,1,46.0,43.0,deux_roues,voiture,1,2,1,1,3
202300039550,2023-05-17 14:00:00,2023,5,17,14,0,31,31555,RUE RODOLPHO LLOPIS FERNANDIZ,43.56817,1.36524,Plein jour,En agglomération,Hors intersection,Normale,Deux véhicules - côté,4,2,2,3,1,1,1,9,1,50,2,2,1,0,0,1,,17.0,deux_roues,deux_roues,1,2,1,1,3
202300039551,2023-11-05 07:05:00,2023,11,5,7,5,94,94081,rue LUDWIG VAN BEETHOVEN,48.797694,2.379676,Crépuscule ou aube,En agglomération,Intersection en X,Normale,Deux véhicules - côté,4,2,2,0,1,1,1,0,1,30,2,4,2,0,0,2,,54.0,voiture,voiture,2,2,2,1,3
202300039552,2023-11-06 16:05:00,2023,11,6,16,5,94,94074,Avenue Julien Duranton,48.76552,2.44763,Plein jour,En agglomération,Hors intersection,Normale,Autre collision,3,2,2,0,1,1,1,0,1,50,1,2,1,0,0,1,74.0,,voiture,,1,2,1,1,6
202300039553,2023-05-17 13:50:00,2023,5,17,13,50,29,29232,Boulevard de Creac'h Gwen,47.97544815,-4.0983215,Plein jour,En agglomération,Autre intersection,Normale,Deux véhicules - côté,4,4,2,0,1,1,1,9,8,50,2,2,1,0,1,0,66.0,77.0,voiture,voiture,1,2,9,1,3
202300039554,2023-05-18 01:20:00,2023,5,18,1,20,29,29019,RD 205,48.39082,-4.54792,Nuit avec éclairage non allumé,Hors agglomération,Hors intersection,Normale,Autre collision,3,3,4,0,1,2,1,0,1,70,1,1,0,0,1,0,22.0,,voiture,,4,1,1,1,6
202300039555,2023-11-06 08:05:00,2023,11,6,8,5,94,94044,Avenue de Valenton,48.74189228,2.48544364,Plein jour,En agglomération,Hors intersection,Pluie légère,Deux véhicules - arrière,3,2,2,0,1,1,2,0,1,50,2,2,1,0,0,1,42.0,37.0,voiture,deux_roues,1,2,1,2,2
202300039556,2023-11-06 19:00:00,2023,11,6,19,0,94,94046,Avenue Léon Blum,48.800474,2.435233,Nuit avec éclairage allumé,En agglomération,Hors intersection,Normale,Autre collision,3,2,4,0,1,1,1,0,1,50,1,2,1,0,0,1,59.0,,voiture,,5,2,1,1,6
202300039557,2023-05-18 00:40:00,2023,5,18,0,40,29,29019,boulevard Léon Blum,48.404485,-4.484676,Nuit avec éclairage allumé,En agglomération,Hors intersection,Normale,Trois véhicules et plus - en chaîne,4,2,4,0,1,1,1,0,1,50,3,5,2,0,0,3,30.0,25.0,voiture,voiture,5,2,1,1,4
202300039558,2023-11-06 07:50:00,2023,11,6,7,50,94,94076,Avenue de la Division Leclerc,48.785345,2.370614,Crépuscule ou aube,En agglomération,Intersection en T,Normale,Autre collision,4,2,2,0,1,1,1,0,1,30,1,2,1,0,0,1,50.0,,voiture,,2,2,3,1,6
202300039559,2023-05-17 08:05:00,2023,5,17,8,5,27,27299,Avenue Aristide Briand,49.0414413,1.1590894,Plein jour,En agglomération,Intersection en T,Normale,Deux véhicules - côté,3,2,2,0,1,1,1,5,1,50,2,2,1,0,0,1,38.0,44.0,utilitaire_camion,voiture,1,2,3,1,3
202300039559,2023-05-17 08:05:00,2023,5,17,8,5,27,27299,Avenue Aristide Briand,49.0414413,1.1590894,Plein jour,En agglomération,Intersection en T,Normale,Deux véhicules - côté,3,3,2,0,1,1,1,5,1,90,2,2,1,0,0,1,38.0,44.0,utilitaire_camion,voiture,1,2,3,1,3
202300039560,2023-11-06 15:05:00,2023,11,6,15,5,94,94041,Rue Michelet,48.81056,2.380003,Plein jour,En agglomération,Autre intersection,Pluie légère,Deux véhicules - côté,3,1,2,0,1,1,2,5,1,50,2,2,1,0,0,1,15.0,26.0,deux_roues,utilitaire_camion,1,2,9,2,3
202300039560,2023-11-06 15:05:00,2023,11,6,15,5,94,94041,Rue Michelet,48.81056,2.380003,Plein jour,En agglomération,Autre intersection,Pluie légère,Deux véhicules - côté,3,1,5,0,1,1,2,5,1,50,2,2,1,0,0,1,15.0,26.0,deux_roues,utilitaire_camion,1,2,9,2,3
202300039561,2023-05-16 16:30:00,2023,5,16,16,30,27,27229,RUGBY (RUE DE),49.00758,1.15565,Plein jour,En agglomération,Hors intersection,Temps éblouissant,Autre collision,4,2,2,0,1,1,1,0,1,50,1,2,1,0,0,1,42.0,,voiture,,1,2,1,7,6
202300039562,2023-11-06 08:45:00,2023,11,6,8,45,93,93066,Boulevard de la Libération,48.92844229,2.34119481,Plein jour,En agglomération,Hors intersection,Normale,Autre collision,3,2,2,2,1,1,1,9,5,50,1,2,0,0,0,2,37.0,,deux_roues,,1,2,1,1,6
202300039563,2023-05-17 23:05:00,2023,5,17,23,5,25,25056,CHURCHILL BD WINSTON,47.246315,5.99806,Nuit avec éclairage allumé,En agglomération,Autre intersection,Normale,Deux véhicules - côté,4,2, -1,2,1,1,1,5,1,50,2,3,0,1,0,2,19.0,43.0,deux_roues,utilitaire_camion,5,2,9,1,3
202300039563,2023-05-17 23:05:00,2023,5,17,23,5,25,25056,CHURCHILL BD WINSTON,47.246315,5.99806,Nuit avec éclairage allumé,En agglomération,Autre intersection,Normale,Deux véhicules - côté,4,3,4,0,2,1,1,5,1,50,2,3,0,1,0,2,19.0,43.0,deux_roues,utilitaire_camion,5,2,9,1,3
202300039564,2023-11-05 21:53:00,2023,11,5,21,53,93,93047,Avenue Jean Jaurés,48.89871859,2.54814441,Nuit avec éclairage allumé,En agglomération,Hors intersection,Normale,Autre collision,3,3,2,2,1,1,1,0,8,50,1,1,0,0,0,1,46.0,,voiture,,5,2,1,1,6
202300039565,2023-05-17 19:05:00,2023,5,17,19,5,17,17306,ROCHEFORT (DE)  (AVENUE),45.64242,-1.02464,Plein jour,En agglomération,Autre intersection,Normale,Deux véhicules - côté,4,2,2,0,1,1,1,0,1,50,2,2,1,0,0,1,58.0,31.0,deux_roues,voiture,1,2,9,1,3
202300039566,2023-11-06 08:50:00,2023,11,6,8,50,93,93001,Rue Léopold Réchossière,48.912776,2.396188,Plein jour,En agglomération,Hors intersection,Normale,Deux véhicules - côté,4,2,2,2,1,1,1,0,1,50,2,2,1,0,0,1,29.0,35.0,utilitaire_camion,deux_roues,1,2,1,1,3
202300039567,2023-05-17 08:45:00,2023,5,17,8,45,17,17028,Avenue Simone Veil,46.144868,-1.132631,Plein jour,En agglomération,Hors intersection,Normale,Sans collision,4,2,2,0,1,1,1,0,1,50,1,1,0,0,0,1,47.0,,deux_roues,,1,2,1,1,7
202300039568,2023-11-06 09:15:00,2023,11,6,9,15,93,93001,Rue Henri Barbusse / Avenue de la République,48.906026,2.389682,Plein jour,En agglomération,Intersection en X,Normale,Deux véhicules - côté,3,1,1,2,1,1,1,0,1,50,2,2,1,0,0,1,59.0,24.0,voiture,autre,1,2,2,1,3
202300039568,2023-11-06 09:15:00,2023,11,6,9,15,93,93001,Rue Henri Barbusse / Avenue de la République,48.906026,2.389682,Plein jour,En agglomération,Intersection en X,Normale,Deux véhicules - côté,3,2,2,3,1,1,1,0,1,-1,2,2,1,0,0,1,59.0,24.0,voiture,autre,1,2,2,1,3
202300039569,2023-05-15 15:35:00,2023,5,15,15,35,14,14366,3 Rue de la Cité Jardin,49.153741,0.219215,Plein jour,En agglomération,Hors intersection,Normale,Deux véhicules - arrière,4,1,2,0,1,1,1,0,1,50,2,2,1,0,0,1,33.0,69.0,voiture,voiture,1,2,1,1,2
202300039570,2023-11-06 09:05:00,2023,11,6,9,5,92,92040,GALLIENI (BOULEVARD),48.82485,2.2678,Plein jour,En agglomération,Hors intersection,Normale,Deux véhicules - arrière,3,2,2,1,1,1,1,0,5,30,2,2,1,0,0,1,41.0,42.0,voiture,deux_roues,1,2,1,1,2
202300039571,2023-05-17 11:20:00,2023,5,17,11,20,14,14254,N814,49.1555,-0.42215,Plein jour,Hors agglomération,Hors intersection,Normale,Deux véhicules - arrière,2,1,4,0,1,1,1,0,1,90,2,2,1,0,1,0,29.0,47.0,deux_roues,utilitaire_camion,1,1,1,1,2
202300039572,2023-05-17 05:25:00,2023,5,17,5,25,13,13208,HAMBOURG (BOULEVARD),43.25114,5.38762,Nuit avec éclairage allumé,En agglomération,Hors intersection,Normale,Autre collision,4,2,4,0,1,1,1,0,1,50,1,1,0,0,0,1,55.0,,voiture,,5,2,1,1,6
202300039573,2023-11-06 15:15:00,2023,11,6,15,15,92,92026,MARCEAU,48.9015561,2.24375278,Plein jour,En agglomération,Hors intersection,Pluie légère,Deux véhicules - côté,4,2,2,0,1,3,2,0,4,50,2,2,1,0,1,0,57.0,36.0,deux_roues,utilitaire_camion,1,2,1,2,3
202300039574,2023-11-06 10:15:00,2023,11,6,10,15,92,92024,JEAN JAURES (BD) DE 47 A 109)   (56 A 14,48.9027,2.30405,Plein jour,En agglomération,Hors intersection,Normale,Deux véhicules - côté,3,1,3,1,1,1,1,0,5,50,2,2,1,0,0,1,54.0,55.0,voiture,deux_roues,1,2,1,1,3
202300039575,2023-05-16 14:30:00,2023,5,16,14,30,13,13204,FRANÇOISE DUPARC (BOULEVARD),43.30642,5.40097,Plein jour,En agglomération,Hors intersection,Normale,Trois véhicules et plus - en chaîne,4,2,2,0,1,1,1,0,1,50,3,3,1,0,0,2,33.0,36.0,voiture,voiture,1,2,1,1,4
202300039576,2023-11-06 15:00:00,2023,11,6,15,0,92,92071,GARE (AVENUE DE LA),48.78218732,2.28241307,Plein jour,En agglomération,Passage à niveau,Pluie légère,Autre collision,4,1,1,0,2,1,2,4,6,30,1,2,1,0,1,0,55.0,,transport_commun,,1,2,8,2,6
202300039577,2023-05-17 13:35:00,2023,5,17,13,35,11,11069,26 Rue Achille Lauge,43.2097,2.33503,Plein jour,En agglomération,Hors intersection,Normale,Autre collision,4,2,2,0,2,1,1,0,1,50,1,2,1,0,0,1,55.0,,voiture,,1,2,1,1,6
202300039578,2023-11-01 19:05:00,2023,11,1,19,5,92,92012,SILLY (RUE DE) 89/FIN - 90/FIN,48.84078717,2.23151922,Nuit avec éclairage allumé,En agglomération,Hors intersection,Normale,Deux véhicules - côté,4,2,0,0,2,2,2,0,2,30,2,2,1,0,0,1,32.0,56.0,voiture,deux_roues,5,2,1,1,3
202300039579,2023-05-17 21:20:00,2023,5,17,21,20,10,10387,Rue Etienne Pedron,48.30728183,4.0762201,Nuit avec éclairage allumé,En agglomération,Hors intersection,Normale,Autre collision,4,2,2,0,1,1,1,0,4,50,1,2,1,0,0,1,,,autre,,5,2,1,1,6
202300039580,2023-05-17 14:30:00,2023,5,17,14,30,06,06123,PUGETS MOYENNE CORNICHE DES,43.71594,7.17238,Plein jour,Hors agglomération,Autre intersection,Pluie légère,Deux véhicules - frontale,4,2,2,0,2,2,2,0,1,50,2,3,2,0,0,1,73.0,23.0,utilitaire_camion,voiture,1,1,9,2,1
202300039581,2023-11-07 14:20:00,2023,11,7,14,20,76,76182,D149,49.681206,0.655341,Plein jour,Hors agglomération,Intersection en X,Pluie légère,Deux véhicules - côté,3,2,2,0,1,1,2,0,1,80,2,2,1,0,1,0,37.0,20.0,voiture,utilitaire_camion,1,1,2,2,3
202300039581,2023-11-07 14:20:00,2023,11,7,14,20,76,76182,D149,49.681206,0.655341,Plein jour,Hors agglomération,Intersection en X,Pluie légère,Deux véhicules - côté,3,2,2,0,1,1,2,0,1,80,2,2,1,0,1,0,37.0,20.0,voiture,utilitaire_camion,1,1,2,2,3
202300039582,2023-05-05 08:45:00,2023,5,5,8,45,02,02722,1 Rue Saint Antoine,49.37976,3.32799,Plein jour,En agglomération,Intersection en T,Normale,Autre collision,4,1,1,0,1,1,1,0,1,50,1,2,1,0,1,0,44.0,,utilitaire_camion,,1,2,3,1,6
202300039582,2023-05-05 08:45:00,2023,5,5,8,45,02,02722,1 Rue Saint Antoine,49.37976,3.32799,Plein jour,En agglomération,Intersection en T,Normale,Autre collision,4,1,1,0,1,1,1,0,1,50,1,2,1,0,1,0,44.0,,utilitaire_camion,,1,2,3,1,6
202300039583,2023-11-07 07:00:00,2023,11,7,7,0,44,44144,,47.503178,-1.307888,Crépuscule ou aube,Hors agglomération,Hors intersection,Normale,Deux véhicules - frontale,3,2,2,0,2,3,2,0,1,80,2,2,1,0,1,0,52.0,16.0,voiture,deux_roues,2,1,1,1,1
202300039584,2023-05-17 18:13:00,2023,5,17,18,13,75,75120,RUE DE LA BIDASSOA,48.867836,2.390685,Plein jour,En agglomération,Intersection en T,Normale,Autre collision,4,-1, -1,0,1,1,1,0,1,30,1,2,1,0,0,1,,,deux_roues,,1,2,3,1,6
202300039584,2023-05-17 18:13:00,2023,5,17,18,13,75,75120,RUE DE LA BIDASSOA,48.867836,2.390685,Plein jour,En agglomération,Intersection en T,Normale,Autre collision,4,1,1,0,1,1,1,0,1,30,1,2,1,0,0,1,,,deux_roues,,1,2,3,1,6
202300039585,2023-10-22 17:15:00,2023,10,22,17,15,974,97422,Chemin de Kerveguen,-21.289289,55.518165,Plein jour,En agglomération,Hors intersection,Normale,Trois véhicules et plus - collisions multiples,4,2,2,0,1,4,1,0,1,50,3,3,2,0,1,0,81.0,22.0,voiture,voiture,1,2,1,1,5
202300039586,2023-05-17 11:35:00,2023,5,17,11,35,75,75120,BOULEVARD DAVOUT,48.853522,2.410813,Plein jour,En agglomération,Intersection en X,Normale,Deux véhicules - côté,4,2,4,0,1,1,1,0,1,30,2,3,2,0,0,1,84.0,28.0,voiture,utilitaire_camion,1,2,2,1,3
202300039586,2023-05-17 11:35:00,2023,5,17,11,35,75,75120,BOULEVARD DAVOUT,48.853522,2.410813,Plein jour,En agglomération,Intersection en X,Normale,Deux véhicules - côté,4,2,4,0,1,1,1,9,1,30,2,3,2,0,0,1,84.0,28.0,voiture,utilitaire_camion,1,2,2,1,3
202300039587,2023-11-07 10:25:00,2023,11,7,10,25,83,83086,Route de Callas,43.484555,6.566874,Plein jour,Hors agglomération,Intersection en X,Normale,Deux véhicules - côté,3,2,2,0,1,1,1,0,1,70,2,2,1,0,1,0,47.0,41.0,voiture,deux_roues,1,1,2,1,3
202300039587,2023-11-07 10:25:00,2023,11,7,10,25,83,83086,Route de Callas,43.484555,6.566874,Plein jour,Hors agglomération,Intersection en X,Normale,Deux véhicules - côté,3,2,2,0,1,1,1,0,1,50,2,2,1,0,1,0,47.0,41.0,voiture,deux_roues,1,1,2,1,3
202300039588,2023-11-05 01:10:00,2023,11,5,1,10,28,28173,D32,48.481086,1.573834,Nuit sans éclairage public,Hors agglomération,Hors intersection,Vent fort / tempête,Sans collision,3,2,2,0,1,1,2,0,8,80,1,3,1,0,2,0,26.0,,voiture,,3,1,1,6,7
202300039589,2023-05-17 02:10:00,2023,5,17,2,10,75,75120,RUE DE MENILMONTANT,48.869533,2.393157,Nuit avec éclairage allumé,En agglomération,Intersection en T,Normale,Deux véhicules - côté,4,-1, -1,0,1,1,1,0,1,30,2,2,0,0,0,2,31.0,22.0,deux_roues,voiture,5,2,3,1,3
202300039589,2023-05-17 02:10:00,2023,5,17,2,10,75,75120,RUE DE MENILMONTANT,48.869533,2.393157,Nuit avec éclairage allumé,En agglomération,Intersection en T,Normale,Deux véhicules - côté,4,2,2,0,2,1,1,0,1,30,2,2,0,0,0,2,31.0,22.0,deux_roues,voiture,5,2,3,1,3
202300039590,2023-11-06 08:50:00,2023,11,6,8,50,14,14061,5 Route de Le Bény Bocage (La Graverie),48.9162,-0.863293,Plein jour,Hors agglomération,Hors intersection,Autre,Autre collision,3,2,2,0,2,1,2,0,3,80,1,1,0,0,0,1,61.0,,voiture,,1,1,1,9,6
202300039591,2023-05-17 10:40:00,2023,5,17,10,40,75,75118,RUE CHAMPIONNET,48.893626,2.3301,Plein jour,En agglomération,Intersection en T,Normale,Autre collision,4,-1, -1,0,1,1,1,0,1,30,1,2,1,0,0,1,33.0,,deux_roues,,1,2,3,1,6
202300039591,2023-05-17 10:40:00,2023,5,17,10,40,75,75118,RUE CHAMPIONNET,48.893626,2.3301,Plein jour,En agglomération,Intersection en T,Normale,Autre collision,4,2,2,0,2,1,1,0,1,30,1,2,1,0,0,1,33.0,,deux_roues,,1,2,3,1,6
202300039592,2023-11-06 14:00:00,2023,11,6,14,0,50,50095,Le Hardichon,49.0943303,-1.19772,Plein jour,Hors agglomération,Hors intersection,Pluie forte,Sans collision,3,2,2,0,1,1,2,0,1,80,1,1,0,0,0,1,53.0,,deux_roues,,1,1,1,3,7
202300039593,2023-11-07 00:25:00,2023,11,7,0,25,62,62414,D939,50.23602697,2.98712165,Nuit sans éclairage public,Hors agglomération,Giratoire,Normale,Autre collision,3,2,2,0,1,1,1,5,8,80,1,1,0,0,1,0,37.0,,voiture,,3,1,6,1,6