accident_id,datetime,annee,mois,jour,heure,minute,departement,commune_insee,adresse,latitude,longitude,luminosite,agglomeration,intersection,meteo,collision,catr,circ,nbv,vosp,prof,plan,surf,infra,situ,vma,nb_vehicules,nb_usagers,nb_indemnes,nb_tues,nb_blesses_hosp,nb_blesses_legers,age_cond_1,age_cond_2,veh_type_cond_1,veh_type_cond_2,lum_code,agg_code,int_code,atm_code,col_code
202300039593,2023-11-07 00:25:00,2023,11,7,0,25,62,62414,D939,50.23602697,2.98712165,Nuit sans éclairage public,Hors agglomération,Giratoire,Normale,Autre collision,3,2,2,0,1,1,1,5,8,80,1,1,0,0,1,0,37.0,,voiture,,3,1,6,1,6
202300039594,2023-05-17 14:00:00,2023,5,17,14,0,75,75117,BOULEVARD DE COURCELLES,48.880374,2.308834,Plein jour,En agglomération,Intersection en T,Normale,Deux véhicules - arrière,4,-1,2,0,1,1,1,0,1,30,2,2,1,0,0,1,53.0,28.0,voiture,deux_roues,1,2,3,1,2
202300039594,2023-05-17 14:00:00,2023,5,17,14,0,75,75117,BOULEVARD DE COURCELLES,48.880374,2.308834,Plein jour,En agglomération,Intersection en T,Normale,Deux véhicules - arrière,4,-1, -1,0,1,1,1,0,1,30,2,2,1,0,0,1,53.0,28.0,voiture,deux_roues,1,2,3,1,2
202300039595,2023-11-07 07:20:00,2023,11,7,7,20,30,30092,Chemin Michel Chevalier,44.094451,4.608765,Crépuscule ou aube,En agglomération,Intersection en X,Brouillard / fumée,Deux véhicules - côté,4,2,2,0,1,1,2,0,1,30,2,2,1,0,1,0,52.0,40.0,voiture,deux_roues,2,2,2,5,3
202300039595,2023-11-07 07:20:00,2023,11,7,7,20,30,30092,Chemin Michel Chevalier,44.094451,4.608765,Crépuscule ou aube,En agglomération,Intersection en X,Brouillard / fumée,Deux véhicules - côté,4,2, -1,-1,1,1,2,0,1,-1,2,2,1,0,1,0,52.0,40.0,voiture,deux_roues,2,2,2,5,3
202300039596,2023-05-17 10:35:00,2023,5,17,10,35,75,75117,BOULEVARD DES BATIGNOLLES,48.882979,2.32415,Plein jour,En agglomération,Intersection en X,Normale,Deux véhicules - côté,4,2,2,2,1,1,1,0,1,30,2,3,2,0,0,1,49.0,54.0,deux_roues,utilitaire_camion,1,2,2,1,3
202300039596,2023-05-17 10:35:00,2023,5,17,10,35,75,75117,BOULEVARD DES BATIGNOLLES,48.882979,2.32415,Plein jour,En agglomération,Intersection en X,Normale,Deux véhicules - côté,4,2,4,3,1,1,9,0,1,30,2,3,2,0,0,1,49.0,54.0,deux_roues,utilitaire_camion,1,2,2,1,3
202300039597,2023-11-04 20:00:00,2023,11,4,20,0,59,59549,D100,50.212016,3.604165,Nuit avec éclairage allumé,Hors agglomération,Intersection en X,Pluie légère,Deux véhicules - côté,3,-1,1,0,1,1,2,5,1,70,2,5,2,0,0,3,38.0,29.0,voiture,voiture,5,1,2,2,3
202300039597,2023-11-04 20:00:00,2023,11,4,20,0,59,59549,D100,50.212016,3.604165,Nuit avec éclairage allumé,Hors agglomération,Intersection en X,Pluie légère,Deux véhicules - côté,3,2,2,-1,1,1,2,0,1,-1,2,5,2,0,0,3,38.0,29.0,voiture,voiture,5,1,2,2,3
202300039598,2023-11-06 11:54:00,2023,11,6,11,54,56,56244,,47.82834,-2.43272,Plein jour,Hors agglomération,Hors intersection,Pluie forte,Autre collision,2,3,4,0,2,1,2,0,3,110,1,2,0,0,1,1,74.0,,voiture,,1,1,1,3,6
202300039599,2023-05-17 10:20:00,2023,5,17,10,20,75,75117,AVENUE DE VILLIERS,48.88475,2.298566,Plein jour,En agglomération,Intersection en T,Normale,Deux véhicules - côté,4,2,4,1,1,1,1,0,5,30,2,2,1,0,0,1,31.0,23.0,voiture,deux_roues,1,2,3,1,3
202300039599,2023-05-17 10:20:00,2023,5,17,10,20,75,75117,AVENUE DE VILLIERS,48.88475,2.298566,Plein jour,En agglomération,Intersection en T,Normale,Deux véhicules - côté,4,-1, -1,1,1,1,1,0,5,30,2,2,1,0,0,1,31.0,23.0,voiture,deux_roues,1,2,3,1,3
202300039600,2023-11-07 12:50:00,2023,11,7,12,50,80,80360,Rue Jean Jaurès,50.066409,1.569205,Plein jour,En agglomération,Hors intersection,Pluie légère,Autre collision,3,2,2,0,2,1,2,0,4,50,1,1,0,1,0,0,25.0,,voiture,,1,2,1,2,6
202300039601,2023-05-16 23:05:00,2023,5,16,23,5,75,75116,ROUTE DE LA PTE DAUPHINE A LA PTE DES SA,48.874917,2.271103,Nuit sans éclairage public,En agglomération,Hors intersection,Normale,Autre collision,4,3,4,0,1,1,1,0,1,30,1,2,1,0,0,1,28.0,,voiture,,3,2,1,1,6
202300039602,2023-11-07 08:30:00,2023,11,7,8,30,49,49002,La pièce du Grand Bois,47.299442,-0.004361,Crépuscule ou aube,Hors agglomération,Hors intersection,Temps éblouissant,Deux véhicules - arrière,3,2,2,0,1,1,1,0,1,90,2,2,1,0,1,0,32.0,54.0,utilitaire_camion,deux_roues,2,1,1,7,2
202300039603,2023-10-28 05:00:00,2023,10,28,5,0,47,47280,Château de Rigoulières,44.420249,0.839338,Nuit sans éclairage public,Hors agglomération,Hors intersection,Normale,Sans collision,3,2,2,0,1,2,1,0,8,80,1,2,1,0,0,1,20.0,,voiture,,3,1,1,1,7
202300039604,2023-05-17 03:10:00,2023,5,17,3,10,75,75116,BOULEVARD DE L AMIRAL BRUIX,48.873629,2.277293,Nuit avec éclairage allumé,En agglomération,Hors intersection,Normale,Autre collision,4,2,2,0,1,1,1,0,4,30,1,1,0,0,0,1,24.0,,deux_roues,,5,2,1,1,6
202300039605,2023-11-06 10:00:00,2023,11,6,10,0,47,47168,Boulevard Clemenceau,44.600093,0.361174,Plein jour,En agglomération,Hors intersection,Pluie forte,Autre collision,3,1,2,0,1,3,2,0,1,50,1,2,1,0,1,0,90.0,,voiture,,1,2,1,3,6
202300039606,2023-05-17 19:10:00,2023,5,17,19,10,75,75114,BOULEVARD EDGAR QUINET,48.839946,2.328841,Plein jour,En agglomération,Hors intersection,Normale,Autre collision,4,3,1,0,1,1,1,0,1,30,1,2,1,0,1,0,,,deux_roues,,1,2,1,1,6
202300039607,2023-11-06 18:50:00,2023,11,6,18,50,25,25578,Grande Rue,47.148602,6.332797,Nuit avec éclairage allumé,En agglomération,Hors intersection,Pluie forte,Autre collision,3,2,1,0,1,1,2,0,1,50,1,2,1,0,0,1,73.0,,voiture,,5,2,1,3,6
202300039608,2023-05-17 08:42:00,2023,5,17,8,42,75,75114,BOULEVARD JOURDAN,48.820006,2.339811,Plein jour,En agglomération,Hors intersection,Normale,Autre collision,4,-1,0,0,2,1,1,0,4,30,1,2,1,0,0,1,38.0,,deux_roues,,1,2,1,1,6
202300039609,2023-11-07 11:45:00,2023,11,7,11,45,26,26114,Allee des Promenades,44.522091,5.059569,Plein jour,En agglomération,Hors intersection,Normale,Deux véhicules - arrière,3,2,2,0,1,1,1,0,1,50,2,2,1,0,1,0,18.0,40.0,deux_roues,voiture,1,2,1,1,2
202300039610,2023-05-17 15:00:00,2023,5,17,15,0,75,75110,RUE HENRI FEULARD,48.875273,2.373162,Plein jour,En agglomération,Intersection en T,Normale,Autre collision,4,1,2,1,1,1,1,0,1,30,1,2,1,0,0,1,56.0,,voiture,,1,2,3,1,6
202300039610,2023-05-17 15:00:00,2023,5,17,15,0,75,75110,RUE HENRI FEULARD,48.875273,2.373162,Plein jour,En agglomération,Intersection en T,Normale,Autre collision,4,2,2,2,1,1,1,0,1,30,1,2,1,0,0,1,56.0,,voiture,,1,2,3,1,6
202300039611,2023-11-07 16:15:00,2023,11,7,16,15,07,07299,Route des Flots,45.157269,4.539204,Plein jour,Hors agglomération,Hors intersection,Normale,Sans collision,4,2,2,0,1,2,1,0,1,80,1,1,0,0,1,0,18.0,,deux_roues,,1,1,1,1,7
202300039612,2023-11-07 07:20:00,2023,11,7,7,20,53,53097,10 Rue du Clos Rousseau,48.135219,-0.43159,Crépuscule ou aube,En agglomération,Hors intersection,Normale,Autre collision,4,2,2,0,2,1,1,0,4,50,1,1,0,1,0,0,68.0,,voiture,,2,2,1,1,6
202300039613,2023-05-16 16:35:00,2023,5,16,16,35,75,75110,RUE LOUIS BLANC,48.883068,2.361553,Plein jour,En agglomération,Intersection en Y,Normale,Deux véhicules - arrière,4,1,1,1,1,1,1,0,1,30,2,3,1,0,0,2,65.0,45.0,deux_roues,utilitaire_camion,1,2,4,1,2
202300039613,2023-05-16 16:35:00,2023,5,16,16,35,75,75110,RUE LOUIS BLANC,48.883068,2.361553,Plein jour,En agglomération,Intersection en Y,Normale,Deux véhicules - arrière,4,1,1,0,1,1,1,0,1,30,2,3,1,0,0,2,65.0,45.0,deux_roues,utilitaire_camion,1,2,4,1,2
202300039614,2023-11-06 17:00:00,2023,11,6,17,0,63,63181,A71 - PR 357+400,46.03564686,3.11403839,Plein jour,Hors agglomération,Hors intersection,Normale,Deux véhicules - arrière,1,3,5,0,2,1,1,0,1,130,2,2,1,0,1,0,47.0,49.0,voiture,utilitaire_camion,1,1,1,1,2
202300039615,2023-05-17 10:50:00,2023,5,17,10,50,75,75107,AVENUE RAPP,48.859687,2.300829,Plein jour,En agglomération,Intersection en X,Normale,Deux véhicules - côté,4,1,1,0,1,1,1,0,1,30,2,2,1,0,0,1,53.0,57.0,deux_roues,voiture,1,2,2,1,3
202300039615,2023-05-17 10:50:00,2023,5,17,10,50,75,75107,AVENUE RAPP,48.859687,2.300829,Plein jour,En agglomération,Intersection en X,Normale,Deux véhicules - côté,4,2,2,0,1,1,1,0,1,30,2,2,1,0,0,1,53.0,57.0,deux_roues,voiture,1,2,2,1,3
202300039616,2023-11-06 06:30:00,2023,11,6,6,30,68,68297,A35,47.605496,7.52944,Crépuscule ou aube,Hors agglomération,Hors intersection,Normale,Trois véhicules et plus - en chaîne,1,3,2,0,1,1,1,0,1,130,3,3,2,0,0,1,30.0,45.0,utilitaire_camion,voiture,2,1,1,1,4
202300039617,2023-05-16 13:50:00,2023,5,16,13,50,75,75101,RUE DE RIVOLI,48.863206,2.333806,Plein jour,En agglomération,Intersection en T,Normale,Deux véhicules - frontale,4,2,2,0,1,1,1,0,1,30,2,3,0,0,0,3,31.0,29.0,deux_roues,deux_roues,1,2,3,1,1
202300039617,2023-05-16 13:50:00,2023,5,16,13,50,75,75101,RUE DE RIVOLI,48.863206,2.333806,Plein jour,En agglomération,Intersection en T,Normale,Deux véhicules - frontale,4,2,3,3,1,1,1,8,1,30,2,3,0,0,0,3,31.0,29.0,deux_roues,deux_roues,1,2,3,1,1
202300039618,2023-11-06 17:06:00,2023,11,6,17,6,28,28088,Boulevard du 8 Mai,48.066343,1.337618,Crépuscule ou aube,En agglomération,Intersection en X,Pluie légère,Deux véhicules - côté,3,2,2,0,3,1,2,5,1,50,2,2,1,0,1,0,38.0,49.0,transport_commun,voiture,2,2,2,2,3
202300039618,2023-11-06 17:06:00,2023,11,6,17,6,28,28088,Boulevard du 8 Mai,48.066343,1.337618,Crépuscule ou aube,En agglomération,Intersection en X,Pluie légère,Deux véhicules - côté,3,2,2,1,4,1,2,5,1,50,2,2,1,0,1,0,38.0,49.0,transport_commun,voiture,2,2,2,2,3
202300039619,2023-05-17 17:05:00,2023,5,17,17,5,94,94046,Rue Raspail,48.80814551,2.44588257,Plein jour,En agglomération,Intersection en X,Normale,Autre collision,4,1, -1,-1,1,1,1,0,1,-1,1,1,0,0,0,1,50.0,,voiture,,1,2,2,1,6
202300039619,2023-05-17 17:05:00,2023,5,17,17,5,94,94046,Rue Raspail,48.80814551,2.44588257,Plein jour,En agglomération,Intersection en X,Normale,Autre collision,4,1,1,3,1,1,1,0,4,50,1,1,0,0,0,1,50.0,,voiture,,1,2,2,1,6
202300039620,2023-11-03 17:00:00,2023,11,3,17,0,83,83047,Rue du 22 Ème Bmna,43.153027,6.069356,Plein jour,En agglomération,Autre intersection,Normale,Deux véhicules - côté,4,2,2,0,1,1,1,9,1,50,2,2,1,0,1,0,27.0,68.0,voiture,voiture,1,2,9,1,3
202300039621,2023-05-17 19:30:00,2023,5,17,19,30,94,94021,51 Av du Pdt Franklin Roosevelt,48.77102,2.36198,Plein jour,En agglomération,Hors intersection,Normale,Deux véhicules - arrière,3,2,2,0,1,1,1,0,1,30,2,4,3,0,0,1,27.0,26.0,voiture,voiture,1,2,1,1,2
202300039622,2023-05-17 10:30:00,2023,5,17,10,30,94,94018,5 b Rue Jean Pigeon,48.82205,2.40864,Plein jour,En agglomération,Hors intersection,Normale,Sans collision,4,1,1,0,1,1,1,0,1,30,1,1,0,0,0,1,37.0,,deux_roues,,1,2,1,1,7
202300039623,2023-05-17 06:20:00,2023,5,17,6,20,94,94069,Rue du Maréchal Leclerc,48.81786,2.444552,Crépuscule ou aube,En agglomération,Autre intersection,Normale,Autre collision,3,2,2,0,1,1,1,0,1,50,1,1,0,0,0,1,26.0,,utilitaire_camion,,2,2,9,1,6
202300039624,2023-11-05 14:55:00,2023,11,5,14,55,38,38554,D75,45.718891,5.226616,Plein jour,Hors agglomération,Hors intersection,Normale,Deux véhicules - frontale,3,2,2,0,1,3,2,0,1,80,2,5,1,0,0,4,87.0,32.0,voiture,voiture,1,1,1,1,1
202300039625,2023-05-16 12:40:00,2023,5,16,12,40,94,94002,Rue Babeuf / Rue Emile Zola,48.79972,2.42718,Plein jour,En agglomération,Intersection en X,Normale,Deux véhicules - côté,3,2,2,-1,1,1,1,0,1,-1,2,3,2,0,0,1,24.0,29.0,utilitaire_camion,deux_roues,1,2,2,1,3
202300039625,2023-05-16 12:40:00,2023,5,16,12,40,94,94002,Rue Babeuf / Rue Emile Zola,48.79972,2.42718,Plein jour,En agglomération,Intersection en X,Normale,Deux véhicules - côté,3,2,2,0,2,1,1,0,1,50,2,3,2,0,0,1,24.0,29.0,utilitaire_camion,deux_roues,1,2,2,1,3
202300039626,2023-11-07 07:50:00,2023,11,7,7,50,07,07059,route départementale 86,44.983833,4.849112,Crépuscule ou aube,Hors agglomération,Hors intersection,Normale,Sans collision,3,2,2,0,1,3,1,9,1,90,1,1,0,0,0,1,29.0,,deux_roues,,2,1,1,1,7
202300039627,2023-05-16 23:15:00,2023,5,16,23,15,93,93077,Avenue de Rosny / Avenue Meissonier,48.88491313,2.50244898,Nuit avec éclairage allumé,En agglomération,Intersection en T,Normale,Autre collision,3,1,1,-1,1,1,1,0,4,-1,1,2,0,0,0,2,30.0,,voiture,,5,2,3,1,6
202300039627,2023-05-16 23:15:00,2023,5,16,23,15,93,93077,Avenue de Rosny / Avenue Meissonier,48.88491313,2.50244898,Nuit avec éclairage allumé,En agglomération,Intersection en T,Normale,Autre collision,3,2,3,0,1,1,1,0,4,50,1,2,0,0,0,2,30.0,,voiture,,5,2,3,1,6
202300039628,2023-10-31 10:30:00,2023,10,31,10,30,56,56041,kerfulus,48.132012,-3.024234,Plein jour,Hors agglomération,Hors intersection,Normale,Sans collision,4,2,2,0,1,1,1,0,1,80,1,1,0,0,0,1,67.0,,utilitaire_camion,,1,1,1,1,7
202300039629,2023-05-17 14:55:00,2023,5,17,14,55,93,93053,Rue Emmanuel Arago / Avenue Galliéni,48.90045764,2.46534938,Plein jour,En agglomération,Intersection en X,Normale,Deux véhicules - côté,3,1,1,0,1,1,1,0,1,50,2,2,1,0,0,1,21.0,47.0,deux_roues,voiture,1,2,2,1,3
202300039629,2023-05-17 14:55:00,2023,5,17,14,55,93,93053,Rue Emmanuel Arago / Avenue Galliéni,48.90045764,2.46534938,Plein jour,En agglomération,Intersection en X,Normale,Deux véhicules - côté,3,3,2,0,1,1,1,0,1,50,2,2,1,0,0,1,21.0,47.0,deux_roues,voiture,1,2,2,1,3
202300039630,2023-10-13 05:00:00,2023,10,13,5,0,29,29057,Route de Kerstrad,47.91805836,-3.96190265,Nuit avec éclairage allumé,Hors agglomération,Giratoire,Normale,Deux véhicules - côté,3,1,1,0,1,2,1,0,1,80,2,2,1,0,0,1,21.0,26.0,voiture,voiture,5,1,6,1,3
202300039630,2023-10-13 05:00:00,2023,10,13,5,0,29,29057,Route de Kerstrad,47.91805836,-3.96190265,Nuit avec éclairage allumé,Hors agglomération,Giratoire,Normale,Deux véhicules - côté,3,1,1,0,1,3,1,0,1,80,2,2,1,0,0,1,21.0,26.0,voiture,voiture,5,1,6,1,3
202300039631,2023-05-17 16:20:00,2023,5,17,16,20,93,93048,Avenue de la Résistance,48.86284904,2.43667943,Plein jour,En agglomération,Autre intersection,Normale,Autre collision,3,3,2,1,1,1,1,9,1,-1,1,2,1,0,0,1,23.0,,voiture,,1,2,9,1,6
202300039632,2023-11-06 08:20:00,2023,11,6,8,20,22,22059,D7,48.43108,-2.935925,Plein jour,Hors agglomération,Hors intersection,Normale,Sans collision,3,2,2,0,1,1,1,0,8,-1,1,1,0,0,0,1,24.0,,utilitaire_camion,,1,1,1,1,7
202300039633,2023-05-16 20:08:00,2023,5,16,20,8,93,93045,Rue du Garde-chasse / Rue Bernard,48.8828,2.4192,Crépuscule ou aube,En agglomération,Giratoire,Normale,Autre collision,4,1,1,0,1,1,1,0,1,30,2,2,1,0,0,1,9.0,61.0,deux_roues,voiture,2,2,6,1,6
202300039633,2023-05-16 20:08:00,2023,5,16,20,8,93,93045,Rue du Garde-chasse / Rue Bernard,48.8828,2.4192,Crépuscule ou aube,En agglomération,Giratoire,Normale,Autre collision,4,1,1,-1,1,1,1,0,1,-1,2,2,1,0,0,1,9.0,61.0,deux_roues,voiture,2,2,6,1,6
202300039634,2023-10-23 17:30:00,2023,10,23,17,30,22,22162,Route de Kergrist,48.778991,-3.075882,Crépuscule ou aube,Hors agglomération,Intersection en X,Pluie légère,Deux véhicules - côté,4,2,2,0,1,1,2,0,1,70,2,2,1,0,0,1,16.0,75.0,deux_roues,voiture,2,1,2,2,3
202300039634,2023-10-23 17:30:00,2023,10,23,17,30,22,22162,Route de Kergrist,48.778991,-3.075882,Crépuscule ou aube,Hors agglomération,Intersection en X,Pluie légère,Deux véhicules - côté,4,2,2,0,1,1,2,0,8,-1,2,2,1,0,0,1,16.0,75.0,deux_roues,voiture,2,1,2,2,3
202300039634,2023-10-23 17:30:00,2023,10,23,17,30,22,22162,Route de Kergrist,48.778991,-3.075882,Crépuscule ou aube,Hors agglomération,Intersection en X,Pluie légère,Deux véhicules - côté,4,2,2,0,1,1,2,0,8,80,2,2,1,0,0,1,16.0,75.0,deux_roues,voiture,2,1,2,2,3
202300039635,2023-05-17 16:50:00,2023,5,17,16,50,93,93029,Rue Anatole France,48.93368896,2.45566052,Plein jour,En agglomération,Hors intersection,Normale,Autre collision,4,2,2,0,1,1,1,0,1,50,1,2,1,0,1,0,,,deux_roues,,1,2,1,1,6
202300039636,2023-05-16 23:05:00,2023,5,16,23,5,93,93057,Avenue Aristide Briand,48.90960749,2.50573636,Nuit avec éclairage allumé,En agglomération,Hors intersection,Normale,Deux véhicules - côté,3,3,4,3,1,1,1,0,6,50,2,2,1,0,0,1,52.0,40.0,deux_roues,voiture,5,2,1,1,3
202300039637,2023-02-25 05:30:00,2023,2,25,5,30,95,95256,RN 184,49.05702487,2.20668655,Nuit sans éclairage public,Hors agglomération,Hors intersection,Normale,Autre collision,2,3,4,0,2,1,1,0,1,90,1,1,0,0,0,1,23.0,,voiture,,3,1,1,1,6
202300039638,2023-05-17 16:30:00,2023,5,17,16,30,93,93007,Avenue Henri Barbusse / Rue Olivier Métra,48.94138885,2.46384958,Plein jour,En agglomération,Intersection en X,Normale,Deux véhicules - côté,4,2,2,0,1,1,1,0,1,30,2,4,3,0,0,1,30.0,38.0,voiture,voiture,1,2,2,1,3
202300039638,2023-05-17 16:30:00,2023,5,17,16,30,93,93007,Avenue Henri Barbusse / Rue Olivier Métra,48.94138885,2.46384958,Plein jour,En agglomération,Intersection en X,Normale,Deux véhicules - côté,4,1,1,0,1,1,1,0,1,30,2,4,3,0,0,1,30.0,38.0,voiture,voiture,1,2,2,1,3
202300039639,2023-11-07 08:05:00,2023,11,7,8,5,35,35152,Le Bâton Roulant,48.18742,-1.514456,Crépuscule ou aube,Hors agglomération,Intersection en X,Normale,Autre collision,3,2,2,0,1,1,1,0,1,50,3,5,4,0,1,0,47.0,38.0,voiture,voiture,2,1,2,1,6
202300039639,2023-11-07 08:05:00,2023,11,7,8,5,35,35152,Le Bâton Roulant,48.18742,-1.514456,Crépuscule ou aube,Hors agglomération,Intersection en X,Normale,Autre collision,3,2,2,0,1,1,1,0,1,50,3,5,4,0,1,0,47.0,38.0,voiture,voiture,2,1,2,1,6
202300039640,2023-02-24 19:30:00,2023,2,24,19,30,94,94079,A4,48.8354459,2.53871181,Plein jour,Hors agglomération,Hors intersection,Normale,Trois véhicules et plus - collisions multiples,1,3,5,0,1,1,1,0,1,110,3,3,2,0,0,1,32.0,23.0,voiture,voiture,1,1,1,1,5
202300039641,2023-11-07 05:45:00,2023,11,7,5,45,76,76099,Route du Manoir,49.549744,0.854702,Nuit sans éclairage public,Hors agglomération,Hors intersection,Normale,Autre collision,3,2,2,0,1,3,1,0,8,70,1,1,0,0,0,1,59.0,,voiture,,3,1,1,1,6
202300039642,2023-05-17 08:30:00,2023,5,17,8,30,93,93007,167 Avenue Paul Vaillant Couturier,48.92663894,2.47120017,Plein jour,En agglomération,Hors intersection,Normale,Deux véhicules - côté,3,2,2,0,1,1,1,0,1,30,2,4,3,0,0,1,34.0,37.0,deux_roues,voiture,1,2,1,1,3
202300039643,2023-02-24 07:35:00,2023,2,24,7,35,988,98818,RUE AUGUSTE BENEBIG,-22.26973,166.45468,Plein jour,En agglomération,Hors intersection,Normale,Autre collision,4,2,2,0,1,1,1,0,1,50,1,2,1,0,0,1,44.0,,deux_roues,,1,2,1,1,6
202300039644,2023-05-17 16:59:00,2023,5,17,16,59,92,92078,CHARLES DE GAULLE (BD) (71 AU 153),48.94151,2.32143,Plein jour,Hors agglomération,Hors intersection,Normale,Autre collision,3,1,0,1,1,2,1,5,1,50,1,2,1,0,1,0,37.0,,voiture,,1,1,1,1,6
202300039645,2023-11-07 10:30:00,2023,11,7,10,30,60,60653,D916,49.48434381,2.4519504,Crépuscule ou aube,Hors agglomération,Intersection en X,Temps éblouissant,Deux véhicules - arrière,3,2,2,0,1,1,1,0,1,80,2,2,1,0,0,1,27.0,25.0,voiture,voiture,2,1,2,7,2
202300039645,2023-11-07 10:30:00,2023,11,7,10,30,60,60653,D916,49.48434381,2.4519504,Crépuscule ou aube,Hors agglomération,Intersection en X,Temps éblouissant,Deux véhicules - arrière,3,2, -1,-1,1,1,1,0,1,-1,2,2,1,0,0,1,27.0,25.0,voiture,voiture,2,1,2,7,2
202300039646,2023-05-17 07:50:00,2023,5,17,7,50,92,92072,LECLERC (AVENUE DE LA DIVISION),48.82424,2.22019,Plein jour,En agglomération,Hors intersection,Normale,Deux véhicules - côté,3,2,2,0,2,1,1,0,1,50,2,2,1,0,0,1,31.0,39.0,voiture,deux_roues,1,2,1,1,3
202300039647,2023-02-24 09:40:00,2023,2,24,9,40,77,77288,GENERAL LECLERC (RUE),48.52711,2.65341,Plein jour,En agglomération,Hors intersection,Temps couvert,Autre collision,4,2,4,0,1,1,1,0,1,50,1,2,1,0,1,0,65.0,,voiture,,1,2,1,8,6
202300039648,2023-02-24 00:00:00,2023,2,24,0,0,973,97302,GIRATOIRE MARINGOUINS,4.90705499,-52.32218921,Nuit avec éclairage allumé,Hors agglomération,Giratoire,Pluie légère,Deux véhicules - côté,2,1,2,0,1,2,2,5,1,50,2,1,0,0,0,1,38.0,,voiture,,5,1,6,2,3
202300039649,2023-05-17 16:21:00,2023,5,17,16,21,92,92063,DOUMER (AVENUE PAUL) NORD,48.87882036,2.17728787,Plein jour,En agglomération,Intersection en X,Normale,Autre collision,3,3,2,0,1,1,1,0,1,50,1,3,0,0,0,3,20.0,,deux_roues,,1,2,2,1,6
202300039649,2023-05-17 16:21:00,2023,5,17,16,21,92,92063,DOUMER (AVENUE PAUL) NORD,48.87882036,2.17728787,Plein jour,En agglomération,Intersection en X,Normale,Autre collision,3,2,2,0,1,1,1,0,8,50,1,3,0,0,0,3,20.0,,deux_roues,,1,2,2,1,6
202300039650,2023-05-16 18:55:00,2023,5,16,18,55,92,92051,CHATEAU (BOULEVARD DU),48.8917,2.27288,Plein jour,En agglomération,Autre intersection,Normale,Deux véhicules - arrière,3,2,2,0,1,1,1,0,1,50,2,2,1,0,0,1,30.0,55.0,deux_roues,voiture,1,2,9,1,2
202300039651,2023-02-24 01:32:00,2023,2,24,1,32,69,69387,Cours Gambetta,45.75390786,4.84694859,Nuit avec éclairage allumé,En agglomération,Intersection en X,Normale,Deux véhicules - côté,4,2,2,3,1,1,2,0,1,50,2,2,1,0,0,1,68.0,36.0,voiture,deux_roues,5,2,2,1,3
202300039651,2023-02-24 01:32:00,2023,2,24,1,32,69,69387,Cours Gambetta,45.75390786,4.84694859,Nuit avec éclairage allumé,En agglomération,Intersection en X,Normale,Deux véhicules - côté,4,2,3,3,1,1,2,0,1,50,2,2,1,0,0,1,68.0,36.0,voiture,deux_roues,5,2,2,1,3
202300039651,2023-02-24 01:32:00,2023,2,24,1,32,69,69387,Cours Gambetta,45.75390786,4.84694859,Nuit avec éclairage allumé,En agglomération,Intersection en X,Normale,Deux véhicules - côté,4,1,1,3,1,1,2,0,1,50,2,2,1,0,0,1,68.0,36.0,voiture,deux_roues,5,2,2,1,3
202300039652,2023-11-05 19:00:00,2023,11,5,19,0,33,33550,AUTOROUTE A 62,44.77454424,-0.55640146,Nuit avec éclairage allumé,Hors agglomération,Hors intersection,Pluie légère,Trois véhicules et plus - en chaîne,1,3,4,0,1,1,2,3,1,70,3,7,5,0,0,2,37.0,37.0,voiture,voiture,5,1,1,2,4
202300039653,2023-05-17 08:35:00,2023,5,17,8,35,92,92050,CLEMENCEAU GEORGES AVENUE N° PAIR,48.88637,2.20967,Plein jour,En agglomération,Hors intersection,Normale,Autre collision,3,1,2,0,1,1,1,0,1,50,1,2,1,0,0,1,42.0,,deux_roues,,1,2,1,1,6
202300039654,2023-02-13 17:30:00,2023,2,13,17,30,972,97213,MAHAULT,14.61944,-61.00538,Plein jour,En agglomération,Hors intersection,Normale,Deux véhicules - arrière,3,3,4,0,1,1,1,0,1,50,2,3,1,0,0,2,,55.0,voiture,deux_roues,1,2,1,1,2
202300039655,2023-05-17 17:50:00,2023,5,17,17,50,92,92049,PERI RUE GABRIEL N°2 A 36,48.81773,2.32436,Plein jour,En agglomération,Autre intersection,Normale,Deux véhicules - côté,3,2,2,1,1,1,1,0,1,50,2,2,1,0,0,1,48.0,62.0,voiture,deux_roues,1,2,9,1,3
202300039656,2023-02-24 08:40:00,2023,2,24,8,40,972,97209,BOIS THIBAULT (CHEMIN DU ),14.64175,-61.084,Plein jour,Hors agglomération,Hors intersection,Pluie légère,Sans collision,4,2,2,0,2,1,2,0,1,50,1,1,0,0,0,1,67.0,,voiture,,1,1,1,2,7
202300039657,2023-11-03 12:00:00,2023,11,3,12,0,59,59343,AUTOROUTE A1,50.58854,3.09584,Plein jour,Hors agglomération,Hors intersection,Normale,Trois véhicules et plus - collisions multiples,1,1,4,0,1,1,1,0,1,70,3,4,3,0,1,0,27.0,65.0,voiture,voiture,1,1,1,1,5
202300039658,2023-05-17 15:30:00,2023,5,17,15,30,92,92049,ARNOUX AVENUE MAURICE N°2 A 80,48.82206737,2.3145774,Plein jour,En agglomération,Hors intersection,Normale,Deux véhicules - côté,4,-1,2,1,1,1,1,0,5,50,2,2,1,0,0,1,,61.0,voiture,deux_roues,1,2,1,1,3
202300039659,2023-11-06 10:00:00,2023,11,6,10,0,91,91521,RN 449,48.63555,2.41211,Plein jour,En agglomération,Hors intersection,Normale,Sans collision,2,1,0,0,1,1,2,0,1,70,1,1,0,0,0,1,45.0,,voiture,,1,2,1,1,7