accident_id,datetime,annee,mois,jour,heure,minute,departement,commune_insee,adresse,latitude,longitude,luminosite,agglomeration,intersection,meteo,collision,catr,circ,nbv,vosp,prof,plan,surf,infra,situ,vma,nb_vehicules,nb_usagers,nb_indemnes,nb_tues,nb_blesses_hosp,nb_blesses_legers,age_cond_1,age_cond_2,veh_type_cond_1,veh_type_cond_2,lum_code,agg_code,int_code,atm_code,col_code
202300039660,2023-02-24 18:30:00,2023,2,24,18,30,69,69034,52 Avenue Général Leclerc,45.80614,4.8668,Nuit avec éclairage allumé,En agglomération,Hors intersection,Pluie légère,Autre collision,7,2,4,0,1,1,2,0,1,50,1,2,1,0,0,1,32.0,,voiture,,5,2,1,2,6
202300039661,2023-05-17 08:40:00,2023,5,17,8,40,92,92048,TRIVAUX (AVENUE DE) N° 6BIS A 8,48.79903725,2.2331813,Plein jour,En agglomération,Hors intersection,Normale,Autre collision,3,2,2,0,1,1,1,0,1,50,1,1,0,0,0,1,20.0,,voiture,,1,2,1,1,6
202300039662,2023-02-23 18:35:00,2023,2,23,18,35,69,69034,8 Montée de la Boucle,45.78283338,4.83537093,Crépuscule ou aube,En agglomération,Hors intersection,Normale,Autre collision,4,2,3,2,2,3,1,0,4,50,1,1,0,0,0,1,65.0,,deux_roues,,2,2,1,1,6
202300039663,2023-11-06 07:30:00,2023,11,6,7,30,91,91064,RN 118,48.74478,2.19202,Crépuscule ou aube,Hors agglomération,Hors intersection,Normale,Deux véhicules - arrière,2,3,2,0,1,1,2,0,1,110,2,2,1,0,0,1,38.0,51.0,voiture,voiture,2,1,1,1,2
202300039664,2023-05-17 13:37:00,2023,5,17,13,37,92,92036,PRINCIPALE DU PORT (ROUTE) (1/17),48.93746,2.27542,Plein jour,En agglomération,Hors intersection,Normale,Autre collision,4,2,2,1,1,1,1,0,1,50,2,2,1,0,1,0,15.0,24.0,deux_roues,utilitaire_camion,1,2,1,1,6
202300039665,2023-11-06 03:45:00,2023,11,6,3,45,91,91136,AUTOROUTE A10,48.71075,2.28731,Nuit sans éclairage public,Hors agglomération,Hors intersection,Pluie légère,Autre collision,1,1,2,0,2,2,2,2,1,70,1,1,0,0,0,1,24.0,,voiture,,3,1,1,2,6
202300039666,2023-02-24 16:10:00,2023,2,24,16,10,2B,2B033,TOUTES RUES,42.68131,9.44125,Plein jour,En agglomération,Hors intersection,Normale,Autre collision,4,2,2,0,2,1,1,0,1,50,1,2,0,0,0,2,61.0,,voiture,,1,2,1,1,6
202300039667,2023-05-17 09:30:00,2023,5,17,9,30,92,92036,PETITS MARAIS (CHEMIN DES),48.94631468,2.29923517,Plein jour,Hors agglomération,Hors intersection,Normale,Deux véhicules - côté,4,2,2,0,1,1,1,0,1,50,2,2,1,0,0,1,32.0,55.0,voiture,deux_roues,1,1,1,1,3
202300039668,2023-11-05 23:36:00,2023,11,5,23,36,91,91340,AUTOROUTE A6,48.61014,2.43304,Nuit sans éclairage public,Hors agglomération,Hors intersection,Normale,Deux véhicules - arrière,1,3,3,0,1,1,2,0,1,110,2,3,1,0,0,2,32.0,25.0,voiture,voiture,3,1,1,1,2
202300039669,2023-02-24 10:00:00,2023,2,24,10,0,2B,2B106,TOUTES RUES,42.3711,9.2554,Plein jour,Hors agglomération,Hors intersection,Normale,Deux véhicules - frontale,3,2,1,0,2,3,9,0,1,50,2,2,0,0,0,2,30.0,57.0,voiture,voiture,1,1,1,1,1
202300039670,2023-11-05 06:40:00,2023,11,5,6,40,92,92050,A14,48.90008747,2.20944671,Crépuscule ou aube,Hors agglomération,Hors intersection,Pluie légère,Autre collision,1,1,2,0,1,3,2,1,1,70,1,1,0,0,0,1,29.0,,voiture,,2,1,1,2,6
202300039671,2023-05-17 03:10:00,2023,5,17,3,10,92,92012,EDOUARD VAILLANT (AVENUE) - DEBUT/55 - C,48.83667,2.25341,Nuit avec éclairage allumé,En agglomération,Hors intersection,Normale,Trois véhicules et plus - en chaîne,3,3,3,0,1,1,1,0,1,50,3,7,5,0,0,2,34.0,27.0,voiture,voiture,5,2,1,1,4
202300039672,2023-05-17 02:14:00,2023,5,17,2,14,92,92009,ABBE GLATZ  ( RUE DE L' ),48.92118805,2.27390237,Nuit avec éclairage allumé,En agglomération,Hors intersection,Normale,Autre collision,4,-1,1,0,1,1,1,0,1,50,1,1,0,0,0,1,22.0,,deux_roues,,5,2,1,1,6
202300039673,2023-04-26 21:00:00,2023,4,26,21,0,92,92004,LAURENT-CELY  ( AVENUE ),48.91578768,2.30849415,Crépuscule ou aube,En agglomération,Hors intersection,Pluie légère,Autre collision,3,-1,1,0,1,1,2,0,1,50,1,1,0,0,0,1,26.0,,voiture,,2,2,1,2,6
202300039674,2023-02-24 03:15:00,2023,2,24,3,15,81,81144,VALENCE ( ROUTE DE ) D 903,43.9646562,2.1913544,Nuit sans éclairage public,Hors agglomération,Hors intersection,Pluie légère,Autre collision,3,2,2,0,2,1,2,0,1,70,1,1,0,0,0,1,49.0,,voiture,,3,1,1,2,6
202300039675,2023-11-06 10:10:00,2023,11,6,10,10,93,93078,AUTOROUTE A104,48.9713639,2.4985811,Plein jour,Hors agglomération,Hors intersection,Normale,Deux véhicules - arrière,1,3,4,0,1,1,1,0,1,90,2,2,1,0,0,1,21.0,53.0,voiture,utilitaire_camion,1,1,1,1,2
202300039676,2023-05-18 14:10:00,2023,5,18,14,10,39,39020,,46.716981,6.062831,Plein jour,Hors agglomération,Hors intersection,Normale,Autre collision,3,2,2,0,1,4,1,0,1,80,1,1,0,0,1,0,67.0,,voiture,,1,1,1,1,6
202300039677,2023-11-06 07:20:00,2023,11,6,7,20,95,95018,A15,48.96002948,2.27121949,Nuit sans éclairage public,Hors agglomération,Hors intersection,Normale,Deux véhicules - côté,1,3,12,0,1,1,1,0,1,110,2,2,1,0,0,1,34.0,33.0,deux_roues,voiture,3,1,1,1,3
202300039678,2023-05-18 20:25:00,2023,5,18,20,25,80,80136,route départemantale 1,49.934193,2.734115,Plein jour,Hors agglomération,Hors intersection,Normale,Deux véhicules - frontale,3,2,2,0,1,1,1,0,1,80,2,3,0,0,1,2,22.0,26.0,voiture,voiture,1,1,1,1,1
202300039679,2023-11-05 00:20:00,2023,11,5,0,20,94,94073,A86,48.77011469,2.38223272,Nuit sans éclairage public,Hors agglomération,Hors intersection,Pluie légère,Autre collision,1,3,3,0,1,3,2,0,1,90,1,1,0,0,0,1,25.0,,voiture,,3,1,1,2,6
202300039680,2023-02-24 11:05:00,2023,2,24,11,5,77,77516,D606,48.361177,2.900078,Plein jour,Hors agglomération,Hors intersection,Normale,Deux véhicules - frontale,3,2,3,0,1,1,1,0,1,90,2,2,0,0,1,1,54.0,29.0,voiture,utilitaire_camion,1,1,1,1,1
202300039681,2023-05-17 16:35:00,2023,5,17,16,35,62,62812,D341,50.64488953,2.04466906,Plein jour,Hors agglomération,Hors intersection,Normale,Trois véhicules et plus - collisions multiples,3,2,2,0,1,1,1,0,1,80,3,5,0,1,1,3,60.0,70.0,utilitaire_camion,voiture,1,1,1,1,5
202300039682,2023-06-27 19:00:00,2023,6,27,19,0,28,28015,21 Route de Gallardon (Auneau),48.469697,1.776041,Plein jour,En agglomération,Hors intersection,Normale,Deux véhicules - arrière,3,2,2,0,1,1,1,0,1,50,2,2,1,0,0,1,17.0,30.0,deux_roues,voiture,1,2,1,1,2
202300039683,2023-02-23 12:30:00,2023,2,23,12,30,76,76351,EUGENE SUE,49.51736623,0.12308358,Plein jour,En agglomération,Intersection en T,Normale,Autre collision,4,2,2,0,1,1,1,0,1,30,2,3,2,0,0,1,31.0,33.0,voiture,voiture,1,2,3,1,6
202300039683,2023-02-23 12:30:00,2023,2,23,12,30,76,76351,EUGENE SUE,49.51736623,0.12308358,Plein jour,En agglomération,Intersection en T,Normale,Autre collision,4,2,2,0,1,1,1,0,1,30,2,3,2,0,0,1,31.0,33.0,voiture,voiture,1,2,3,1,6
202300039684,2023-05-18 08:45:00,2023,5,18,8,45,31,31271,D18,43.533717,1.66356,Plein jour,Hors agglomération,Hors intersection,Normale,Deux véhicules - côté,3,2,2,0,1,2,1,0,1,80,2,4,3,0,0,1,32.0,51.0,voiture,voiture,1,1,1,1,3
202300039685,2023-02-23 11:00:00,2023,2,23,11,0,71,71499,JEAN LAVILLE (RUE),46.64794,4.29366,Plein jour,En agglomération,Hors intersection,Normale,Deux véhicules - frontale,4,2,2,0,1,1,1,0,1,50,2,2,0,0,0,2,40.0,42.0,voiture,utilitaire_camion,1,2,1,1,1
202300039686,2023-06-27 17:50:00,2023,6,27,17,50,13,13003,Chemin des Terres de Saint Jean,43.714965,5.139043,Plein jour,Hors agglomération,Intersection en T,Normale,Deux véhicules - côté,3,2,1,0,1,1,1,0,1,80,2,2,1,0,1,0,35.0,39.0,voiture,deux_roues,1,1,3,1,3
202300039686,2023-06-27 17:50:00,2023,6,27,17,50,13,13003,Chemin des Terres de Saint Jean,43.714965,5.139043,Plein jour,Hors agglomération,Intersection en T,Normale,Deux véhicules - côté,3,2, -1,-1,1,1,1,0,1,-1,2,2,1,0,1,0,35.0,39.0,voiture,deux_roues,1,1,3,1,3
202300039687,2023-05-18 04:40:00,2023,5,18,4,40,79,79313,,46.318118,-0.074501,Nuit sans éclairage public,Hors agglomération,Hors intersection,Normale,Deux véhicules - frontale,3,2,2,0,1,1,1,0,1,80,2,5,0,2,1,2,21.0,59.0,voiture,voiture,3,1,1,1,1
202300039688,2023-02-24 16:55:00,2023,2,24,16,55,69,69282,Chemin de Chassieu à Meyzieu,45.76076,4.99248,Plein jour,En agglomération,Intersection en T,Normale,Deux véhicules - côté,4,2,2,0,1,1,1,0,1,50,2,2,1,0,0,1,31.0,26.0,voiture,deux_roues,1,2,3,1,3
202300039688,2023-02-24 16:55:00,2023,2,24,16,55,69,69282,Chemin de Chassieu à Meyzieu,45.76076,4.99248,Plein jour,En agglomération,Intersection en T,Normale,Deux véhicules - côté,4,2,2,1,1,1,1,0,1,50,2,2,1,0,0,1,31.0,26.0,voiture,deux_roues,1,2,3,1,3
202300039689,2023-11-03 08:50:00,2023,11,3,8,50,973,97302,TIGRE (ROUTE DU),4.9154756,-52.31123775,Plein jour,En agglomération,Intersection en T,Normale,Deux véhicules - côté,3,2,2,0,1,1,1,0,1,50,2,3,1,0,0,2,29.0,45.0,voiture,voiture,1,2,3,1,3
202300039689,2023-11-03 08:50:00,2023,11,3,8,50,973,97302,TIGRE (ROUTE DU),4.9154756,-52.31123775,Plein jour,En agglomération,Intersection en T,Normale,Deux véhicules - côté,3,2,2,0,1,1,1,0,1,50,2,3,1,0,0,2,29.0,45.0,voiture,voiture,1,2,3,1,3
202300039690,2023-05-17 17:35:00,2023,5,17,17,35,41,41225,D116,47.734936,0.836007,Plein jour,Hors agglomération,Hors intersection,Normale,Trois véhicules et plus - collisions multiples,3,2,2,0,1,2,1,0,1,80,3,4,3,0,1,0,65.0,56.0,voiture,utilitaire_camion,1,1,1,1,5
202300039691,2023-02-24 18:00:00,2023,2,24,18,0,69,69290,Boulevard des Expositions,45.7243,4.9509,Nuit sans éclairage public,En agglomération,Hors intersection,Pluie légère,Deux véhicules - arrière,4,2,4,0,1,1,2,0,1,50,2,3,1,0,0,2,24.0,26.0,voiture,deux_roues,3,2,1,2,2
202300039692,2023-05-18 15:05:00,2023,5,18,15,5,57,57172,RD25 DENTING,49.173455,6.532617,Plein jour,Hors agglomération,Intersection en X,Normale,Deux véhicules - côté,3,2,1,0,1,1,1,5,3,80,2,2,1,1,0,0,83.0,22.0,voiture,deux_roues,1,1,2,1,3
202300039692,2023-05-18 15:05:00,2023,5,18,15,5,57,57172,RD25 DENTING,49.173455,6.532617,Plein jour,Hors agglomération,Intersection en X,Normale,Deux véhicules - côté,3,2,1,0,1,1,1,0,1,80,2,2,1,1,0,0,83.0,22.0,voiture,deux_roues,1,1,2,1,3
202300039692,2023-05-18 15:05:00,2023,5,18,15,5,57,57172,RD25 DENTING,49.173455,6.532617,Plein jour,Hors agglomération,Intersection en X,Normale,Deux véhicules - côté,3,2,1,0,1,1,1,0,8,80,2,2,1,1,0,0,83.0,22.0,voiture,deux_roues,1,1,2,1,3
202300039693,2023-02-24 16:25:00,2023,2,24,16,25,69,69029,15 Rue de Reims,45.739,4.90632,Plein jour,En agglomération,Hors intersection,Pluie légère,Deux véhicules - côté,4,2,2,0,1,1,2,0,1,30,2,2,1,0,0,1,65.0,29.0,voiture,deux_roues,1,2,1,2,3
202300039694,2023-11-05 17:00:00,2023,11,5,17,0,69,69388,138 Boulevard des Etats-Unis,45.72701,4.86928,Crépuscule ou aube,En agglomération,Intersection en X,Normale,Deux véhicules - côté,4,2,2,0,1,1,1,0,1,30,2,7,4,0,0,3,28.0,19.0,voiture,voiture,2,2,2,1,3
202300039694,2023-11-05 17:00:00,2023,11,5,17,0,69,69388,138 Boulevard des Etats-Unis,45.72701,4.86928,Crépuscule ou aube,En agglomération,Intersection en X,Normale,Deux véhicules - côté,4,2,2,3,1,1,1,0,1,50,2,7,4,0,0,3,28.0,19.0,voiture,voiture,2,2,2,1,3
202300039695,2023-02-25 00:30:00,2023,2,25,0,30,64,64130,KURLEKU (ROUTE DE),43.34192,-1.72958,Nuit sans éclairage public,Hors agglomération,Hors intersection,Normale,Sans collision,4,2,2,0,1,1,1,0,3,50,1,1,0,0,0,1,30.0,,deux_roues,,3,1,1,1,7
202300039696,2023-05-17 13:50:00,2023,5,17,13,50,51,51391,N31,49.273555,3.882406,Plein jour,Hors agglomération,Intersection en X,Normale,Deux véhicules - côté,2,2,3,3,2,1,1,5,1,70,2,2,1,0,0,1,89.0,65.0,voiture,voiture,1,1,2,1,3
202300039696,2023-05-17 13:50:00,2023,5,17,13,50,51,51391,N31,49.273555,3.882406,Plein jour,Hors agglomération,Intersection en X,Normale,Deux véhicules - côté,2,2,2,0,1,1,1,5,1,70,2,2,1,0,0,1,89.0,65.0,voiture,voiture,1,1,2,1,3
202300039697,2023-11-05 15:50:00,2023,11,5,15,50,972,97213,DAUBERT (VOIE COMMUNALE N°9 DE),14.66717,-60.98327,Plein jour,Hors agglomération,Hors intersection,Normale,Sans collision,4,2,2,0,2,2,2,0,1,50,1,1,0,0,1,0,35.0,,deux_roues,,1,1,1,1,7
202300039698,2023-11-04 12:16:00,2023,11,4,12,16,972,97213,AUTOROUTE A1,14.61821,-61.02079,Plein jour,Hors agglomération,Hors intersection,Normale,Autre collision,1,2,4,0,1,1,1,0,1,90,1,1,0,0,1,0,25.0,,deux_roues,,1,1,1,1,6
202300039699,2023-05-18 09:15:00,2023,5,18,9,15,79,79062,,46.806904,-0.670638,Plein jour,Hors agglomération,Hors intersection,Normale,Deux véhicules - frontale,3,2,2,0,2,3,1,0,1,80,2,3,1,1,0,1,26.0,62.0,voiture,voiture,1,1,1,1,1
202300039700,2023-02-24 14:30:00,2023,2,24,14,30,64,64545,PAUL GELOS (RUE),43.37589,-1.67707,Plein jour,En agglomération,Hors intersection,Normale,Trois véhicules et plus - en chaîne,3,2,3,0,1,1,1,2,1,50,3,3,2,0,0,1,55.0,53.0,voiture,utilitaire_camion,1,2,1,1,4
202300039701,2023-11-04 11:00:00,2023,11,4,11,0,972,97213,AUTOROUTE A1,14.61427,-61.01094,Plein jour,Hors agglomération,Hors intersection,Normale,Deux véhicules - arrière,1,2,4,0,1,1,1,0,1,90,2,2,1,0,0,1,34.0,29.0,voiture,voiture,1,1,1,1,2
202300039702,2023-05-17 14:55:00,2023,5,17,14,55,33,33518,72 Route François Mauriac,44.713103,-0.412253,Plein jour,Hors agglomération,Hors intersection,Normale,Deux véhicules - frontale,3,2,2,0,1,1,1,0,1,70,2,2,1,0,1,0,20.0,51.0,voiture,deux_roues,1,1,1,1,1
202300039703,2023-11-05 02:37:00,2023,11,5,2,37,972,97209,Chateauboeuf  (Pont de),14.6185,-61.0363,Nuit avec éclairage allumé,Hors agglomération,Hors intersection,Pluie forte,Autre collision,1,1,4,0,2,1,2,3,1,50,1,1,0,0,0,1,46.0,,voiture,,5,1,1,3,6
202300039704,2023-02-24 09:40:00,2023,2,24,9,40,64,64445,Rond Point de la Commune de Paris,43.31144,-0.36322,Plein jour,En agglomération,Giratoire,Normale,Trois véhicules et plus - en chaîne,4,-1,2,0,1,3,2,0,1,50,3,3,2,0,0,1,44.0,55.0,voiture,deux_roues,1,2,6,1,4
202300039704,2023-02-24 09:40:00,2023,2,24,9,40,64,64445,Rond Point de la Commune de Paris,43.31144,-0.36322,Plein jour,En agglomération,Giratoire,Normale,Trois véhicules et plus - en chaîne,4,-1,2,0,1,3,2,0,1,50,3,3,2,0,0,1,44.0,55.0,voiture,deux_roues,1,2,6,1,4
202300039705,2023-05-18 19:55:00,2023,5,18,19,55,49,49310,Rue de la source,47.080629,-0.543952,Plein jour,En agglomération,Hors intersection,Normale,Autre collision,3,2,2,0,1,3,1,0,4,50,1,1,0,0,1,0,51.0,,deux_roues,,1,2,1,1,6
202300039706,2023-11-05 14:50:00,2023,11,5,14,50,69,69034,155 Rue Pasteur,45.79731,4.85046,Plein jour,En agglomération,Hors intersection,Normale,Deux véhicules - côté,4,2,2,3,2,1,1,0,6,50,2,2,1,0,0,1,21.0,52.0,deux_roues,voiture,1,2,1,1,3
202300039707,2023-02-23 18:20:00,2023,2,23,18,20,64,64102,,43.47224164,-1.49032921,Plein jour,En agglomération,Hors intersection,Pluie légère,Trois véhicules et plus - en chaîne,4,3,4,0,1,1,2,0,1,50,3,5,1,0,0,4,22.0,19.0,voiture,voiture,1,2,1,2,4
202300039708,2023-05-18 00:50:00,2023,5,18,0,50,12,12066,D257,44.425498,2.428848,Nuit sans éclairage public,Hors agglomération,Hors intersection,Normale,Sans collision,3,2,2,0,2,2,1,0,3,90,1,2,1,0,0,1,20.0,,voiture,,3,1,1,1,7
202300039709,2023-11-05 15:13:00,2023,11,5,15,13,69,69384,Tunnel de la Croix-Rousse,45.77381667,4.82301613,Nuit avec éclairage allumé,En agglomération,Hors intersection,Normale,Deux véhicules - arrière,4,3,4,0,1,1,1,1,1,50,2,2,1,0,0,1,19.0,57.0,deux_roues,voiture,5,2,1,1,2
202300039710,2023-05-18 01:00:00,2023,5,18,1,0,29,29216,Route de Pouldreuzic,47.97831496,-4.19712147,Nuit sans éclairage public,Hors agglomération,Hors intersection,Normale,Autre collision,3,2,2,0,1,2,1,0,1,80,1,2,1,0,1,0,22.0,,voiture,,3,1,1,1,6
202300039711,2023-02-21 20:15:00,2023,2,21,20,15,62,62498,Route de Béthune,50.44309,2.80313,Nuit avec éclairage allumé,En agglomération,Intersection en X,Normale,Deux véhicules - côté,4,4,4,0,1,1,1,0,1,50,2,3,1,0,0,2,18.0,37.0,deux_roues,utilitaire_camion,5,2,2,1,3
202300039711,2023-02-21 20:15:00,2023,2,21,20,15,62,62498,Route de Béthune,50.44309,2.80313,Nuit avec éclairage allumé,En agglomération,Intersection en X,Normale,Deux véhicules - côté,4,-1,2,0,1,1,1,0,1,50,2,3,1,0,0,2,18.0,37.0,deux_roues,utilitaire_camion,5,2,2,1,3
202300039712,2023-02-24 19:20:00,2023,2,24,19,20,62,62048,Boulevard Emile Basly,50.515025,2.455166,Nuit avec éclairage allumé,En agglomération,Hors intersection,Normale,Deux véhicules - frontale,4,2,2,0,1,1,1,0,1,50,2,3,1,0,0,2,48.0,15.0,voiture,deux_roues,5,2,1,1,1
202300039713,2023-05-17 17:45:00,2023,5,17,17,45,29,29167,D40,47.96991793,-4.26806786,Plein jour,Hors agglomération,Intersection en X,Normale,Deux véhicules - côté,3,2,2,0,1,1,1,0,1,80,2,4,2,0,2,0,17.0,49.0,voiture,voiture,1,1,2,1,3
202300039713,2023-05-17 17:45:00,2023,5,17,17,45,29,29167,D40,47.96991793,-4.26806786,Plein jour,Hors agglomération,Intersection en X,Normale,Deux véhicules - côté,3,2,2,0,3,3,1,0,1,80,2,4,2,0,2,0,17.0,49.0,voiture,voiture,1,1,2,1,3
202300039714,2023-11-05 17:00:00,2023,11,5,17,0,971,97113,RN4-ROND POINT SAINT FELIX,16.20775,-61.4616,Nuit avec éclairage allumé,Hors agglomération,Hors intersection,Normale,Trois véhicules et plus - en chaîne,2,2,2,0,1,1,1,0,1,50,4,6,5,0,0,1,28.0,59.0,voiture,voiture,5,1,1,1,4
202300039715,2023-05-18 10:15:00,2023,5,18,10,15,02,02441,D80,49.243492,3.225431,Plein jour,Hors agglomération,Hors intersection,Normale,Autre collision,3,2,2,0,4,3,1,0,3,80,1,1,0,0,1,0,50.0,,deux_roues,,1,1,1,1,6
202300039716,2023-11-05 10:45:00,2023,11,5,10,45,971,97101,PENNEL - DUGAZON (CHEMIN),16.25147,-61.51691,Plein jour,En agglomération,Autre intersection,Normale,Deux véhicules - arrière,3,2,2,0,1,1,1,0,1,50,2,2,1,0,0,1,35.0,24.0,voiture,voiture,1,2,9,1,2
202300039717,2023-02-24 11:00:00,2023,2,24,11,0,60,60057,Rue de Notre-dame-du-thil,49.44502524,2.08008635,Plein jour,En agglomération,Intersection en T,Normale,Deux véhicules - frontale,4,2,2,0,4,1,1,0,1,50,2,2,1,0,0,1,,26.0,voiture,voiture,1,2,3,1,1
202300039717,2023-02-24 11:00:00,2023,2,24,11,0,60,60057,Rue de Notre-dame-du-thil,49.44502524,2.08008635,Plein jour,En agglomération,Intersection en T,Normale,Deux véhicules - frontale,4,2,2,0,3,1,1,9,1,50,2,2,1,0,0,1,,26.0,voiture,voiture,1,2,3,1,1
202300039718,2023-05-17 16:53:00,2023,5,17,16,53,15,15152,RD 990 ,44.922239,2.839127,Plein jour,En agglomération,Hors intersection,Normale,Autre collision,3,2,2,0,2,3,1,0,1,50,1,2,1,0,1,0,53.0,,voiture,,1,2,1,1,6
202300039719,2023-02-24 19:45:00,2023,2,24,19,45,59,59328,BONTE AUGUSTE RUE,50.64591,3.01789,Nuit avec éclairage allumé,En agglomération,Intersection en X,Temps couvert,Deux véhicules - côté,7,2,2,2,1,1,2,0,1,30,2,2,1,0,0,1,56.0,89.0,deux_roues,voiture,5,2,2,8,3
202300039719,2023-02-24 19:45:00,2023,2,24,19,45,59,59328,BONTE AUGUSTE RUE,50.64591,3.01789,Nuit avec éclairage allumé,En agglomération,Intersection en X,Temps couvert,Deux véhicules - côté,7,2,2,0,1,1,2,0,1,30,2,2,1,0,0,1,56.0,89.0,deux_roues,voiture,5,2,2,8,3
202300039720,2023-05-18 11:30:00,2023,5,18,11,30,01,01319,Route de chatillon D82,46.102347,4.950778,Plein jour,Hors agglomération,Intersection en Y,Temps couvert,Sans collision,3,2,2,0,2,2,1,0,3,80,1,1,0,0,0,1,18.0,,voiture,,1,1,4,8,7
202300039720,2023-05-18 11:30:00,2023,5,18,11,30,01,01319,Route de chatillon D82,46.102347,4.950778,Plein jour,Hors agglomération,Intersection en Y,Temps couvert,Sans collision,3,2,2,0,1,1,1,0,1,80,1,1,0,0,0,1,18.0,,voiture,,1,1,4,8,7
202300039721,2023-11-05 00:55:00,2023,11,5,0,55,971,97105,GOUVERNEUR DU LYON (AVE),16.00032,-61.73587,Nuit avec éclairage allumé,En agglomération,Hors intersection,Normale,Deux véhicules - frontale,2,2,2,0,2,2,1,9,1,50,2,7,1,0,6,0,21.0,29.0,voiture,voiture,5,2,1,1,1
202300039722,2023-02-24 19:05:00,2023,2,24,19,5,59,59350,HUGO VICTOR  BVD N°104 - 294,50.62142,3.0593,Crépuscule ou aube,En agglomération,Autre intersection,Normale,Deux véhicules - côté,4,1,2,1,1,1,1,0,1,30,2,2,1,0,0,1,36.0,40.0,deux_roues,voiture,2,2,9,1,3
202300039723,2023-05-17 08:45:00,2023,5,17,8,45,72,72176,la Gannetière,47.65570683,0.12116894,Plein jour,Hors agglomération,Hors intersection,Normale,Deux véhicules - frontale,3,2,2,0,1,1,1,0,1,-1,2,2,0,0,1,1,21.0,23.0,voiture,voiture,1,1,1,1,1
202300039724,2023-11-05 02:11:00,2023,11,5,2,11,95,95585,D10,48.99079,2.37417,Nuit avec éclairage allumé,En agglomération,Intersection en X,Pluie forte,Deux véhicules - côté,3,2,3,0,1,1,2,0,1,50,2,2,1,0,1,0,21.0,19.0,utilitaire_camion,deux_roues,5,2,2,3,3
202300039724,2023-11-05 02:11:00,2023,11,5,2,11,95,95585,D10,48.99079,2.37417,Nuit avec éclairage allumé,En agglomération,Intersection en X,Pluie forte,Deux véhicules - côté,3,3,4,0,1,1,2,0,1,50,2,2,1,0,1,0,21.0,19.0,utilitaire_camion,deux_roues,5,2,2,3,3
202300039725,2023-05-13 10:00:00,2023,5,13,10,0,43,43028,RD 431,45.124542,4.080595,Plein jour,Hors agglomération,Hors intersection,Pluie légère,Deux véhicules - côté,3,2,2,0,1,3,2,0,1,50,2,2,1,0,1,0,19.0,50.0,voiture,voiture,1,1,1,2,3
202300039726,2023-02-23 14:45:00,2023,2,23,14,45,59,59350,FAUBOURG D'ARRAS RUE,50.605317,3.057834,Plein jour,En agglomération,Hors intersection,Normale,Deux véhicules - arrière,7,-1,4,3,1,1,1,0,1,50,2,2,1,0,0,1,42.0,53.0,voiture,utilitaire_camion,1,2,1,1,2
202300039727,2023-02-24 21:15:00,2023,2,24,21,15,59,59122,LIBERTE (BOULEVARD DE LA),50.173,3.225,Nuit avec éclairage allumé,En agglomération,Autre intersection,Normale,Deux véhicules - côté,3,2,2,0,1,1,1,0,1,50,2,2,0,0,0,2,21.0,20.0,voiture,voiture,5,2,9,1,3
202300039728,2023-11-04 15:31:00,2023,11,4,15,31,95,95268,PECHEURS (RUE DES),48.9642,2.4132,Plein jour,En agglomération,Intersection en X,Pluie légère,Deux véhicules - côté,4,1,1,0,1,1,2,0,1,30,2,2,1,0,0,1,33.0,34.0,voiture,deux_roues,1,2,2,2,3
202300039728,2023-11-04 15:31:00,2023,11,4,15,31,95,95268,PECHEURS (RUE DES),48.9642,2.4132,Plein jour,En agglomération,Intersection en X,Pluie légère,Deux véhicules - côté,4,1,1,0,1,1,2,0,1,30,2,2,1,0,0,1,33.0,34.0,voiture,deux_roues,1,2,2,2,3
202300039729,2023-05-17 08:30:00,2023,5,17,8,30,17,17443,Rue Choderlos de Laclos,46.08471,-1.018043,Crépuscule ou aube,En agglomération,Intersection en T,Normale,Deux véhicules - arrière,3,-1,2,0,1,2,1,0,1,30,2,4,1,0,0,3,46.0,20.0,voiture,utilitaire_camion,2,2,3,1,2
202300039729,2023-05-17 08:30:00,2023,5,17,8,30,17,17443,Rue Choderlos de Laclos,46.08471,-1.018043,Crépuscule ou aube,En agglomération,Intersection en T,Normale,Deux véhicules - arrière,3,2,2,-1,1,1,1,-1,1,30,2,4,1,0,0,3,46.0,20.0,voiture,utilitaire_camion,2,2,3,1,2
202300039730,2023-02-24 13:35:00,2023,2,24,13,35,58,58194,MARCEAU,46.99206,3.15902,Plein jour,En agglomération,Intersection en T,Pluie légère,Autre collision,4,2,2,0,1,1,2,0,1,30,1,2,1,0,0,1,50.0,,voiture,,1,2,3,2,6
202300039730,2023-02-24 13:35:00,2023,2,24,13,35,58,58194,MARCEAU,46.99206,3.15902,Plein jour,En agglomération,Intersection en T,Pluie légère,Autre collision,4,1,1,0,1,1,2,0,1,30,1,2,1,0,0,1,50.0,,voiture,,1,2,3,2,6
202300039731,2023-11-05 18:35:00,2023,11,5,18,35,95,95218,N184,49.01340975,2.08976403,Nuit sans éclairage public,En agglomération,Hors intersection,Normale,Autre collision,2,3,0,0,1,1,1,5,1,70,1,3,2,1,0,0,56.0,,voiture,,3,2,1,1,6