accident_id,datetime,annee,mois,jour,heure,minute,departement,commune_insee,adresse,latitude,longitude,luminosite,agglomeration,intersection,meteo,collision,catr,circ,nbv,vosp,prof,plan,surf,infra,situ,vma,nb_vehicules,nb_usagers,nb_indemnes,nb_tues,nb_blesses_hosp,nb_blesses_legers,age_cond_1,age_cond_2,veh_type_cond_1,veh_type_cond_2,lum_code,agg_code,int_code,atm_code,col_code
202300039732,2023-05-17 21:20:00,2023,5,17,21,20,17,17140,85 Route de Saint Pierre,45.906528,-1.260499,Crépuscule ou aube,En agglomération,Hors intersection,Normale,Deux véhicules - côté,3,2,2,0,1,1,1,9,1,50,2,2,1,0,0,1,48.0,44.0,deux_roues,voiture,2,2,1,1,3
202300039733,2023-11-05 01:50:00,2023,11,5,1,50,91,91345,RTE DE CORBEIL,48.68554,2.30683,Nuit avec éclairage allumé,En agglomération,Intersection en X,Pluie forte,Autre collision,3,4,3,0,1,1,2,5,1,50,1,1,0,0,0,1,26.0,,utilitaire_camion,,5,2,2,3,6
202300039733,2023-11-05 01:50:00,2023,11,5,1,50,91,91345,RTE DE CORBEIL,48.68554,2.30683,Nuit avec éclairage allumé,En agglomération,Intersection en X,Pluie forte,Autre collision,3,2,3,0,1,1,2,0,8,50,1,1,0,0,0,1,26.0,,utilitaire_camion,,5,2,2,3,6
202300039734,2023-05-17 18:25:00,2023,5,17,18,25,17,17353,D137,45.981099,-1.013972,Plein jour,Hors agglomération,Hors intersection,Temps éblouissant,Deux véhicules - frontale,3,3,4,0,1,1,1,0,1,110,2,2,0,0,0,2,60.0,49.0,voiture,voiture,1,1,1,7,1
202300039735,2023-02-24 17:26:00,2023,2,24,17,26,56,56098,52 Avenue François Billoux,47.76196,-3.34773,Plein jour,En agglomération,Intersection en T,Normale,Deux véhicules - côté,4,3,2,3,1,1,1,0,1,30,2,2,1,0,0,1,16.0,,deux_roues,voiture,1,2,3,1,3
202300039735,2023-02-24 17:26:00,2023,2,24,17,26,56,56098,52 Avenue François Billoux,47.76196,-3.34773,Plein jour,En agglomération,Intersection en T,Normale,Deux véhicules - côté,4,2,2,0,1,1,1,0,1,30,2,2,1,0,0,1,16.0,,deux_roues,voiture,1,2,3,1,3
202300039736,2023-05-17 21:25:00,2023,5,17,21,25,88,88029,17 Rue du Bertramont,48.001122,6.272137,Nuit sans éclairage public,En agglomération,Hors intersection,Normale,Deux véhicules - frontale,4,2,2,0,1,1,1,0,1,30,2,2,0,0,1,1,21.0,39.0,deux_roues,deux_roues,3,2,1,1,1
202300039737,2023-11-03 21:00:00,2023,11,3,21,0,91,91161,RTE DE WISSOUS,48.70894,2.3113,Nuit sans éclairage public,Hors agglomération,Hors intersection,Normale,Deux véhicules - arrière,3,3,0,0,2,2,1,0,1,70,2,2,1,1,0,0,16.0,59.0,deux_roues,utilitaire_camion,3,1,1,1,2
202300039738,2023-02-24 15:25:00,2023,2,24,15,25,56,56121,FRANCE ( AVE ANATOLE ),47.74537,-3.36811,Plein jour,En agglomération,Giratoire,Normale,Deux véhicules - côté,4,1,1,3,1,2,1,5,1,30,2,2,1,0,0,1,33.0,70.0,deux_roues,voiture,1,2,6,1,3
202300039738,2023-02-24 15:25:00,2023,2,24,15,25,56,56121,FRANCE ( AVE ANATOLE ),47.74537,-3.36811,Plein jour,En agglomération,Giratoire,Normale,Deux véhicules - côté,4,2,2,0,1,1,1,5,1,30,2,2,1,0,0,1,33.0,70.0,deux_roues,voiture,1,2,6,1,3
202300039739,2023-05-16 21:30:00,2023,5,16,21,30,03,03031,A71 - PK297.500,46.385781,2.720881,Nuit sans éclairage public,Hors agglomération,Hors intersection,Normale,Autre collision,1,1,2,0,1,1,1,0,3,90,1,1,0,0,0,1,27.0,,utilitaire_camion,,3,1,1,1,6
202300039740,2023-05-18 18:40:00,2023,5,18,18,40,13,13001,A51,43.57202754,5.46759725,Plein jour,Hors agglomération,Hors intersection,Pluie légère,Autre collision,1,3,2,0,1,2,2,3,3,130,1,1,0,0,1,0,56.0,,voiture,,1,1,1,2,6
202300039741,2023-11-03 20:55:00,2023,11,3,20,55,86,86066,Rue du Nouveau Brünswick,46.81564,0.53565,Nuit avec éclairage allumé,En agglomération,Intersection en X,Normale,Deux véhicules - côté,4,1,1,0,2,2,1,0,1,50,2,2,1,0,0,1,20.0,17.0,voiture,deux_roues,5,2,2,1,3
202300039741,2023-11-03 20:55:00,2023,11,3,20,55,86,86066,Rue du Nouveau Brünswick,46.81564,0.53565,Nuit avec éclairage allumé,En agglomération,Intersection en X,Normale,Deux véhicules - côté,4,1,1,2,1,1,1,5,1,50,2,2,1,0,0,1,20.0,17.0,voiture,deux_roues,5,2,2,1,3
202300039742,2023-02-24 13:00:00,2023,2,24,13,0,56,56121,Boulevard Flandres-Dunkerque 1940,47.74624,-3.39583,Plein jour,En agglomération,Giratoire,Normale,Deux véhicules - côté,4,2,2,3,1,1,1,5,1,30,2,2,1,0,0,1,17.0,23.0,deux_roues,utilitaire_camion,1,2,6,1,3
202300039742,2023-02-24 13:00:00,2023,2,24,13,0,56,56121,Boulevard Flandres-Dunkerque 1940,47.74624,-3.39583,Plein jour,En agglomération,Giratoire,Normale,Deux véhicules - côté,4,2,2,3,1,2,1,5,1,30,2,2,1,0,0,1,17.0,23.0,deux_roues,utilitaire_camion,1,2,6,1,3
202300039743,2023-05-18 09:50:00,2023,5,18,9,50,01,01179,"A406, PK 006+700",46.271158,4.835572,Plein jour,Hors agglomération,Hors intersection,Normale,Autre collision,1,3,2,0,1,3,1,2,2,130,1,1,0,0,1,0,54.0,,deux_roues,,1,1,1,1,6
202300039744,2023-10-30 18:30:00,2023,10,30,18,30,84,84035,LIBERATION (AVENUE DE LA),43.84763,5.0388,Nuit avec éclairage allumé,En agglomération,Hors intersection,Pluie forte,Autre collision,4,2,1,1,1,1,2,0,1,50,1,2,1,0,0,1,87.0,,voiture,,5,2,1,3,6
202300039745,2023-02-24 11:10:00,2023,2,24,11,10,56,56098,SCRIBE (RUE  AUGUSTIN ),47.76795,-3.35551,Plein jour,En agglomération,Intersection en X,Normale,Deux véhicules - côté,4,1,1,0,1,1,1,0,1,30,2,2,1,0,0,1,56.0,15.0,utilitaire_camion,deux_roues,1,2,2,1,3
202300039745,2023-02-24 11:10:00,2023,2,24,11,10,56,56098,SCRIBE (RUE  AUGUSTIN ),47.76795,-3.35551,Plein jour,En agglomération,Intersection en X,Normale,Deux véhicules - côté,4,2,2,0,1,1,1,0,1,30,2,2,1,0,0,1,56.0,15.0,utilitaire_camion,deux_roues,1,2,2,1,3
202300039746,2023-05-18 03:00:00,2023,5,18,3,0,987,98715,PK 5+700 - RT1,-17.584,-149.56,Nuit avec éclairage allumé,En agglomération,Hors intersection,Normale,Autre collision,2,2,2,0,1,1,1,0,3,40,1,2,1,0,1,0,40.0,,voiture,,5,2,1,1,6
202300039747,2023-02-23 16:50:00,2023,2,23,16,50,56,56098,47 Avenue Kesler Devillers,47.76868,-3.34506,Plein jour,En agglomération,Hors intersection,Pluie légère,Autre collision,3,2,2,0,2,1,2,0,1,50,1,2,1,0,0,1,61.0,,voiture,,1,2,1,2,6
202300039748,2023-11-05 10:10:00,2023,11,5,10,10,83,83090,NATIONALE 8 (ROUTE),43.13502,5.85439,Plein jour,En agglomération,Hors intersection,Normale,Trois véhicules et plus - en chaîne,3,3,2,0,2,1,1,0,1,70,3,4,3,0,0,1,28.0,24.0,voiture,deux_roues,1,2,1,1,4
202300039749,2023-11-05 09:42:00,2023,11,5,9,42,79,79329,,46.983534,-0.21208,Plein jour,En agglomération,Hors intersection,Normale,Sans collision,4,2,2,0,1,1,1,0,4,50,1,1,0,0,0,1,24.0,,voiture,,1,2,1,1,7
202300039750,2023-05-16 14:30:00,2023,5,16,14,30,987,98715,RDO sens FAAA/PUNAAUIA,-17.584,-149.56,Plein jour,Hors agglomération,Hors intersection,Normale,Trois véhicules et plus - en chaîne,2,3,4,0,4,1,1,0,1,90,4,5,4,0,1,0,23.0,40.0,voiture,voiture,1,1,1,1,4
202300039751,2023-02-24 14:50:00,2023,2,24,14,50,54,54528,COLONEL GRANDVAL (AVENUE),48.674568,5.885065,Plein jour,En agglomération,Intersection en T,Pluie légère,Deux véhicules - côté,3,2,3,0,1,1,2,0,1,50,2,2,1,0,0,1,16.0,84.0,deux_roues,voiture,1,2,3,2,3
202300039751,2023-02-24 14:50:00,2023,2,24,14,50,54,54528,COLONEL GRANDVAL (AVENUE),48.674568,5.885065,Plein jour,En agglomération,Intersection en T,Pluie légère,Deux véhicules - côté,3,2,2,0,1,1,2,0,1,30,2,2,1,0,0,1,16.0,84.0,deux_roues,voiture,1,2,3,2,3
202300039752,2023-05-18 07:05:00,2023,5,18,7,5,34,34240,A709,43.650889,3.986621,Plein jour,Hors agglomération,Hors intersection,Normale,Deux véhicules - arrière,1,1,3,0,1,1,1,0,1,90,2,2,1,0,0,1,62.0,43.0,voiture,deux_roues,1,1,1,1,2
202300039753,2023-02-15 16:15:00,2023,2,15,16,15,49,49328,RESISTANCE (PLACE DE LA),47.26722,-0.06973,Plein jour,En agglomération,Hors intersection,Normale,Autre collision,4,-1,1,0,1,1,1,5,1,50,1,2,1,0,0,1,45.0,,voiture,,1,2,1,1,6
202300039754,2023-11-05 20:50:00,2023,11,5,20,50,76,76497,Rue John Kennedy,49.387762,1.033429,Nuit sans éclairage public,En agglomération,Hors intersection,Autre,Sans collision,4,2,2,0,1,1,1,0,1,50,1,3,2,0,0,1,,,voiture,,3,2,1,9,7
202300039755,2023-02-24 19:10:00,2023,2,24,19,10,45,45284,54 Avenue Charles Péguy,47.90495755,1.94492394,Nuit avec éclairage allumé,En agglomération,Giratoire,Pluie légère,Autre collision,4,3,2,0,2,2,2,0,1,50,1,2,1,0,0,1,51.0,,voiture,,5,2,6,2,6
202300039756,2023-11-05 18:00:00,2023,11,5,18,0,71,71270,LATTRE DE TASSIGNY (QUAI  MARECHAL DE),46.31154,4.83844,Nuit avec éclairage allumé,En agglomération,Hors intersection,Normale,Autre collision,3,3,4,0,1,3,1,0,8,70,1,1,0,0,1,0,24.0,,deux_roues,,5,2,1,1,6
202300039757,2023-05-18 08:30:00,2023,5,18,8,30,33,33527,D650e1,44.619242,-1.023756,Plein jour,Hors agglomération,Hors intersection,Normale,Deux véhicules - frontale,3,2,2,0,1,4,1,0,1,80,2,2,0,1,1,0,58.0,29.0,voiture,voiture,1,1,1,1,1
202300039758,2023-02-11 18:30:00,2023,2,11,18,30,42,42207,Rue Royet de la Bastie,45.46422,4.50553,Nuit avec éclairage allumé,En agglomération,Hors intersection,Normale,Autre collision,4,2,2,0,1,1,1,0,8,50,1,3,1,0,1,1,75.0,,voiture,,5,2,1,1,6
202300039759,2023-11-04 16:25:00,2023,11,4,16,25,69,69259,Boulevard Périphérique Laurent Bonnevay,45.7193,4.8791,Plein jour,Hors agglomération,Autre intersection,Pluie forte,Deux véhicules - arrière,7,3,11,0,1,1,2,0,1,70,2,4,0,0,2,2,50.0,55.0,voiture,voiture,1,1,9,3,2
202300039760,2023-05-13 20:45:00,2023,5,13,20,45,77,77206,6 Rue des Abeilles,48.845696,3.018846,Crépuscule ou aube,Hors agglomération,Hors intersection,Pluie légère,Deux véhicules - frontale,3,2,2,0,1,3,2,0,1,50,2,2,0,0,0,2,33.0,62.0,voiture,utilitaire_camion,2,1,1,2,1
202300039761,2023-02-24 04:45:00,2023,2,24,4,45,42,42218,Boulevard Georges Pompidou,45.45548,4.4018,Nuit avec éclairage allumé,En agglomération,Hors intersection,Temps couvert,Deux véhicules - arrière,4,2,2,0,1,1,2,0,1,50,2,2,1,0,1,0,,34.0,voiture,deux_roues,5,2,1,8,2
202300039762,2023-11-05 19:10:00,2023,11,5,19,10,64,64445,ETIGNY D',43.29654,-0.38491,Nuit avec éclairage allumé,En agglomération,Hors intersection,Normale,Sans collision,4,2,2,0,1,1,9,0,1,30,1,1,0,0,1,0,22.0,,deux_roues,,5,2,1,1,7
202300039763,2023-05-17 11:50:00,2023,5,17,11,50,83,83068,CD 559 ST PONS LES MURES,43.283755,6.591834,Plein jour,Hors agglomération,Hors intersection,Normale,Autre collision,3,2,2,0,1,1,1,0,1,70,1,2,1,0,1,0,67.0,,deux_roues,,1,1,1,1,6
202300039764,2023-02-18 17:45:00,2023,2,18,17,45,40,40192,GAMBETTA LEON (RUE),43.89124,-0.50136,Plein jour,En agglomération,Hors intersection,Normale,Autre collision,4,1,1,0,1,1,1,0,1,30,1,2,1,0,1,0,16.0,,deux_roues,,1,2,1,1,6
202300039765,2023-05-18 02:28:00,2023,5,18,2,28,13,13110,D56,43.452639,5.674181,Nuit sans éclairage public,Hors agglomération,Intersection en T,Normale,Deux véhicules - côté,3,2,2,0,1,1,1,5,1,80,2,3,2,0,1,0,19.0,26.0,voiture,deux_roues,3,1,3,1,3
202300039765,2023-05-18 02:28:00,2023,5,18,2,28,13,13110,D56,43.452639,5.674181,Nuit sans éclairage public,Hors agglomération,Intersection en T,Normale,Deux véhicules - côté,3,2, -1,-1,1,1,1,0,1,-1,2,3,2,0,1,0,19.0,26.0,voiture,deux_roues,3,1,3,1,3
202300039766,2023-11-05 07:15:00,2023,11,5,7,15,59,59088,rue d'Armentières,50.664,2.873954,Nuit sans éclairage public,Hors agglomération,Hors intersection,Temps couvert,Autre collision,7,2,2,0,1,1,2,0,3,80,1,5,0,0,2,3,38.0,,voiture,,3,1,1,8,6
202300039767,2023-02-19 16:20:00,2023,2,19,16,20,40,40192,ROCADE EST (RD 932 E),43.872,-0.472,Plein jour,Hors agglomération,Hors intersection,Normale,Deux véhicules - frontale,3,2,2,0,1,1,1,0,1,80,2,4,0,0,1,3,44.0,60.0,utilitaire_camion,voiture,1,1,1,1,1
202300039768,2023-02-24 20:15:00,2023,2,24,20,15,37,37261,THEURIET (RUE ANDRE),47.38303,0.69679,Nuit avec éclairage allumé,En agglomération,Intersection en X,Pluie légère,Deux véhicules - frontale,4,1, -1,0,1,1,2,0,1,30,2,2,1,0,0,1,42.0,26.0,deux_roues,voiture,5,2,2,2,1
202300039768,2023-02-24 20:15:00,2023,2,24,20,15,37,37261,THEURIET (RUE ANDRE),47.38303,0.69679,Nuit avec éclairage allumé,En agglomération,Intersection en X,Pluie légère,Deux véhicules - frontale,4,2,1,0,1,1,2,0,1,30,2,2,1,0,0,1,42.0,26.0,deux_roues,voiture,5,2,2,2,1
202300039769,2023-11-05 18:30:00,2023,11,5,18,30,57,57463,TREVES (BOULEVARD DE ),49.12,6.18,Plein jour,En agglomération,Hors intersection,Normale,Deux véhicules - côté,4,-1,2,0,1,1,1,0,1,50,2,3,2,0,0,1,46.0,30.0,voiture,voiture,1,2,1,1,3
202300039770,2023-05-18 09:05:00,2023,5,18,9,5,26,26058,"Autoroute A7, sens nord sud, PK 065.400",44.976715,4.884603,Plein jour,Hors agglomération,Hors intersection,Pluie légère,Trois véhicules et plus - en chaîne,1,3,3,0,1,1,2,0,1,110,4,10,6,0,0,4,30.0,23.0,voiture,voiture,1,1,1,2,4
202300039771,2023-02-24 13:55:00,2023,2,24,13,55,33,33063,Rue Bertrand de Goth,44.81902,-0.57676,Plein jour,En agglomération,Intersection en X,Normale,Deux véhicules - côté,4,1,1,2,1,1,1,0,1,50,2,3,1,0,1,1,16.0,23.0,deux_roues,voiture,1,2,2,1,3
202300039771,2023-02-24 13:55:00,2023,2,24,13,55,33,33063,Rue Bertrand de Goth,44.81902,-0.57676,Plein jour,En agglomération,Intersection en X,Normale,Deux véhicules - côté,4,1,2,1,1,1,1,0,1,50,2,3,1,0,1,1,16.0,23.0,deux_roues,voiture,1,2,2,1,3
202300039772,2023-10-30 15:56:00,2023,10,30,15,56,53,53130,SAINT BERNARD DE CLERVAUX  (RUE ),48.05701,-0.77982,Plein jour,En agglomération,Giratoire,Pluie légère,Sans collision,4,2,1,0,1,1,2,0,1,50,1,1,0,0,1,0,19.0,,deux_roues,,1,2,6,2,7
202300039772,2023-10-30 15:56:00,2023,10,30,15,56,53,53130,SAINT BERNARD DE CLERVAUX  (RUE ),48.05701,-0.77982,Plein jour,En agglomération,Giratoire,Pluie légère,Sans collision,4,2,1,0,2,1,2,0,1,50,1,1,0,0,1,0,19.0,,deux_roues,,1,2,6,2,7
202300039773,2023-05-17 21:00:00,2023,5,17,21,0,89,89390,A5,48.32882872,3.22043829,Nuit sans éclairage public,Hors agglomération,Hors intersection,Normale,Deux véhicules - côté,1,3,2,0,1,1,1,0,1,130,2,2,1,0,0,1,50.0,54.0,voiture,voiture,3,1,1,1,3
202300039774,2023-02-23 12:20:00,2023,2,23,12,20,29,29019,rue de la Somme,48.38019362,-4.51960668,Plein jour,En agglomération,Hors intersection,Normale,Deux véhicules - frontale,4,2,2,0,3,1,2,0,1,50,2,2,1,0,0,1,51.0,44.0,voiture,deux_roues,1,2,1,1,1
202300039775,2023-11-05 23:30:00,2023,11,5,23,30,47,47032,SAINTE RADEGONDE,44.19902,0.67512,Nuit sans éclairage public,Hors agglomération,Hors intersection,Pluie forte,Autre collision,4,1,2,0,2,4,2,9,1,80,1,1,0,0,0,1,21.0,,voiture,,3,1,1,3,6
202300039776,2023-05-17 15:30:00,2023,5,17,15,30,68,68171,24 Grand rue,47.926731,6.968122,Plein jour,En agglomération,Hors intersection,Normale,Autre collision,3,2,2,0,1,1,1,0,3,50,1,2,1,1,0,0,78.0,,voiture,,1,2,1,1,6
202300039777,2023-02-24 07:50:00,2023,2,24,7,50,27,27299,BROSSOLETTE (RUE PIERRE),49.05492,1.16708,Crépuscule ou aube,En agglomération,Intersection en X,Normale,Deux véhicules - côté,4,3,2,0,1,1,1,0,1,50,2,3,1,0,0,2,23.0,69.0,voiture,voiture,2,2,2,1,3
202300039777,2023-02-24 07:50:00,2023,2,24,7,50,27,27299,BROSSOLETTE (RUE PIERRE),49.05492,1.16708,Crépuscule ou aube,En agglomération,Intersection en X,Normale,Deux véhicules - côté,4,2,2,0,1,1,1,0,1,50,2,3,1,0,0,2,23.0,69.0,voiture,voiture,2,2,2,1,3
202300039778,2023-11-06 00:40:00,2023,11,6,0,40,45,45232,Avenue de Sologne,47.85617,1.91291,Nuit avec éclairage allumé,En agglomération,Hors intersection,Normale,Autre collision,4,3,4,0,1,2,1,0,3,90,1,1,0,0,1,0,18.0,,voiture,,5,2,1,1,6
202300039779,2023-05-17 09:45:00,2023,5,17,9,45,68,68334,Avenue Pasteur,47.798278,7.109311,Plein jour,En agglomération,Intersection en T,Normale,Deux véhicules - côté,3,2,2,0,1,1,1,0,8,50,2,2,1,0,0,1,78.0,62.0,voiture,deux_roues,1,2,3,1,3
202300039779,2023-05-17 09:45:00,2023,5,17,9,45,68,68334,Avenue Pasteur,47.798278,7.109311,Plein jour,En agglomération,Intersection en T,Normale,Deux véhicules - côté,3,2, -1,-1,1,1,1,0,8,-1,2,2,1,0,0,1,78.0,62.0,voiture,deux_roues,1,2,3,1,3
202300039780,2023-02-24 12:40:00,2023,2,24,12,40,25,25462,FRERES BERTHET,46.911272,6.355952,Plein jour,En agglomération,Hors intersection,Normale,Deux véhicules - frontale,4,2,2,0,1,1,1,0,1,50,2,2,1,0,0,1,17.0,21.0,deux_roues,voiture,1,2,1,1,1
202300039781,2023-05-17 18:00:00,2023,5,17,18,0,69,69176,5 Rue Joseph Comeau,45.683147,4.703039,Plein jour,En agglomération,Hors intersection,Temps couvert,Deux véhicules - arrière,3,2,2,0,1,1,1,0,1,50,2,2,1,0,0,1,51.0,35.0,deux_roues,voiture,1,2,1,8,2
202300039782,2023-11-05 06:40:00,2023,11,5,6,40,45,45147,115 Rue de Verdun,47.93447,1.90547,Nuit avec éclairage allumé,En agglomération,Intersection en X,Normale,Deux véhicules - côté,4,4,3,0,4,1,2,0,1,50,2,2,1,0,0,1,23.0,40.0,deux_roues,voiture,5,2,2,1,3
202300039782,2023-11-05 06:40:00,2023,11,5,6,40,45,45147,115 Rue de Verdun,47.93447,1.90547,Nuit avec éclairage allumé,En agglomération,Intersection en X,Normale,Deux véhicules - côté,4,2,2,1,1,1,2,0,1,50,2,2,1,0,0,1,23.0,40.0,deux_roues,voiture,5,2,2,1,3
202300039783,2023-02-24 14:50:00,2023,2,24,14,50,23,23096,BERRY (AVENUE DU),46.17773,1.87756,Plein jour,En agglomération,Giratoire,Normale,Deux véhicules - arrière,4,1,1,0,2,2,1,0,1,50,2,2,1,0,0,1,46.0,48.0,voiture,voiture,1,2,6,1,2
202300039783,2023-02-24 14:50:00,2023,2,24,14,50,23,23096,BERRY (AVENUE DU),46.17773,1.87756,Plein jour,En agglomération,Giratoire,Normale,Deux véhicules - arrière,4,1,1,0,2,2,1,0,1,50,2,2,1,0,0,1,46.0,48.0,voiture,voiture,1,2,6,1,2
202300039784,2023-05-13 19:30:00,2023,5,13,19,30,59,59232,Route départementale 649,50.30173713,3.72297794,Plein jour,Hors agglomération,Hors intersection,Temps couvert,Deux véhicules - côté,3,3,2,0,1,1,1,0,1,110,2,2,1,0,1,0,66.0,38.0,voiture,voiture,1,1,1,8,3
202300039785,2023-11-05 18:10:00,2023,11,5,18,10,42,42186,Rue Edouard Vaillant,45.52096,4.59652,Nuit avec éclairage allumé,Hors agglomération,Hors intersection,Normale,Deux véhicules - frontale,7,2,2,2,4,1,1,0,1,70,2,2,1,0,0,1,17.0,29.0,deux_roues,voiture,5,1,1,1,1
202300039786,2023-02-22 18:00:00,2023,2,22,18,0,19,19031,ALVITRE (AVENUE ABBE),45.15261192,1.50521278,Plein jour,En agglomération,Giratoire,Pluie légère,Deux véhicules - côté,4,2,2,0,1,1,2,0,1,50,2,2,1,0,0,1,26.0,17.0,voiture,deux_roues,1,2,6,2,3
202300039786,2023-02-22 18:00:00,2023,2,22,18,0,19,19031,ALVITRE (AVENUE ABBE),45.15261192,1.50521278,Plein jour,En agglomération,Giratoire,Pluie légère,Deux véhicules - côté,4,2,2,0,1,1,2,0,1,50,2,2,1,0,0,1,26.0,17.0,voiture,deux_roues,1,2,6,2,3
202300039787,2023-05-17 20:35:00,2023,5,17,20,35,59,59181,Route Nationale 2,50.190872,3.951393,Plein jour,Hors agglomération,Hors intersection,Normale,Autre collision,2,2,2,0,4,1,1,0,3,80,1,1,0,0,1,0,39.0,,voiture,,1,1,1,1,6
202300039788,2023-11-05 21:05:00,2023,11,5,21,5,37,37122,RD 37,47.34152999,0.64911874,Nuit sans éclairage public,En agglomération,Hors intersection,Temps couvert,Autre collision,7,3,4,0,1,2,2,0,1,90,1,1,0,0,0,1,20.0,,voiture,,3,2,1,8,6
202300039789,2023-05-18 04:15:00,2023,5,18,4,15,59,59250,N41,50.584626,2.908266,Crépuscule ou aube,Hors agglomération,Giratoire,Normale,Autre collision,2,3,2,0,1,1,1,5,1,70,1,1,0,0,0,1,44.0,,voiture,,2,1,6,1,6
202300039790,2023-02-20 20:25:00,2023,2,20,20,25,18,18279, Rue Jean Jacques Rousseau,47.21888,2.07001,Nuit avec éclairage allumé,En agglomération,Intersection en X,Normale,Deux véhicules - côté,4,1,1,0,1,1,1,0,1,50,2,8,6,0,0,2,26.0,15.0,voiture,voiture,5,2,2,1,3
202300039790,2023-02-20 20:25:00,2023,2,20,20,25,18,18279, Rue Jean Jacques Rousseau,47.21888,2.07001,Nuit avec éclairage allumé,En agglomération,Intersection en X,Normale,Deux véhicules - côté,4,2,1,0,1,1,1,0,1,50,2,8,6,0,0,2,26.0,15.0,voiture,voiture,5,2,2,1,3
202300039791,2023-05-17 19:20:00,2023,5,17,19,20,33,33192,ROCADE A 630,44.7854,-0.5937,Plein jour,Hors agglomération,Hors intersection,Normale,Deux véhicules - arrière,1,3,6,0,1,1,1,0,1,90,2,2,1,0,0,1,32.0,36.0,deux_roues,voiture,1,1,1,1,2
202300039792,2023-11-05 06:10:00,2023,11,5,6,10,37,37261,MARECHAL JUIN (BD),47.4089,0.70348,Nuit avec éclairage allumé,En agglomération,Intersection en X,Temps couvert,Deux véhicules - côté,4,2,2,0,1,1,2,0,1,50,2,2,1,0,0,1,23.0,31.0,voiture,voiture,5,2,2,8,3
202300039792,2023-11-05 06:10:00,2023,11,5,6,10,37,37261,MARECHAL JUIN (BD),47.4089,0.70348,Nuit avec éclairage allumé,En agglomération,Intersection en X,Temps couvert,Deux véhicules - côté,4,2,2,0,1,1,2,0,1,50,2,2,1,0,0,1,23.0,31.0,voiture,voiture,5,2,2,8,3
202300039793,2023-11-05 19:00:00,2023,11,5,19,0,33,33529,SAINT-EXUPERY (AVE),44.62477356,-1.14095405,Nuit avec éclairage allumé,En agglomération,Hors intersection,Normale,Autre collision,3,2,2,0,1,1,2,0,1,50,1,1,0,0,0,1,51.0,,voiture,,5,2,1,1,6
202300039794,2023-02-23 18:25:00,2023,2,23,18,25,14,14118,27 Rue Ernest Manchon,49.17285,-0.34095,Plein jour,En agglomération,Intersection en X,Temps couvert,Deux véhicules - côté,4,2,2,0,1,1,1,0,1,50,2,2,1,0,0,1,47.0,30.0,utilitaire_camion,voiture,1,2,2,8,3
202300039794,2023-02-23 18:25:00,2023,2,23,18,25,14,14118,27 Rue Ernest Manchon,49.17285,-0.34095,Plein jour,En agglomération,Intersection en X,Temps couvert,Deux véhicules - côté,4,1,1,0,1,1,1,0,1,50,2,2,1,0,0,1,47.0,30.0,utilitaire_camion,voiture,1,2,2,8,3
202300039795,2023-05-17 16:02:00,2023,5,17,16,2,92,92036,A86,48.93747288,2.2956682,Plein jour,Hors agglomération,Hors intersection,Normale,Deux véhicules - côté,1,3,2,0,1,1,1,2,1,70,2,2,1,0,1,0,29.0,56.0,deux_roues,voiture,1,1,1,1,3
202300039796,2023-11-05 13:20:00,2023,11,5,13,20,33,33529,RD 1250 (CAMICAS-OUSTALET),44.644916,-1.158186,Plein jour,Hors agglomération,Hors intersection,Temps couvert,Autre collision,3,2,2,0,1,1,2,0,8,90,1,2,0,0,0,2,65.0,,voiture,,1,1,1,8,6
202300039797,2023-04-12 17:45:00,2023,4,12,17,45,92,92025,A86,48.92865065,2.23945697,Plein jour,Hors agglomération,Hors intersection,Pluie légère,Deux véhicules - arrière,1,3,4,0,1,1,2,0,1,90,2,3,2,0,0,1,30.0,36.0,voiture,voiture,1,1,1,2,2
202300039798,2023-02-24 08:10:00,2023,2,24,8,10,13,13203,NATIONAL (BOULEVARD),43.30782463,5.3816814,Plein jour,En agglomération,Intersection en X,Pluie légère,Deux véhicules - côté,4,1,1,0,2,1,2,0,1,50,2,5,4,0,0,1,34.0,31.0,voiture,voiture,1,2,2,2,3
202300039798,2023-02-24 08:10:00,2023,2,24,8,10,13,13203,NATIONAL (BOULEVARD),43.30782463,5.3816814,Plein jour,En agglomération,Intersection en X,Pluie légère,Deux véhicules - côté,4,1,2,3,1,1,2,0,1,50,2,5,4,0,0,1,34.0,31.0,voiture,voiture,1,2,2,2,3
202300039799,2023-11-04 17:30:00,2023,11,4,17,30,31,31555,CHE SALINIE,43.59476873,1.38207391,Crépuscule ou aube,En agglomération,Hors intersection,Pluie légère,Deux véhicules - côté,4,2,1,0,1,1,2,5,1,30,2,2,1,0,0,1,49.0,20.0,voiture,deux_roues,2,2,1,2,3
202300039800,2023-02-24 14:43:00,2023,2,24,14,43,10,10387,ETIENNE PEDRON (RUE),48.31027,4.07457,Plein jour,En agglomération,Hors intersection,Normale,Deux véhicules - arrière,4,-1,5,0,1,1,1,0,1,50,2,2,1,0,0,1,60.0,32.0,voiture,voiture,1,2,1,1,2
202300039801,2023-05-17 10:25:00,2023,5,17,10,25,93,93064,AUTOROUTE A86,48.8791675,2.47634149,Plein jour,Hors agglomération,Hors intersection,Normale,Trois véhicules et plus - en chaîne,1,3,3,0,1,1,1,0,1,90,3,3,2,0,0,1,51.0,28.0,voiture,utilitaire_camion,1,1,1,1,4
202300039802,2023-11-04 17:20:00,2023,11,4,17,20,31,31555,RUE ANDRE ETCHEVERLEPO,43.64002605,1.45645827,Crépuscule ou aube,En agglomération,Hors intersection,Pluie légère,Deux véhicules - côté,4,2,2,0,1,1,2,0,1,50,2,2,1,0,1,0,36.0,16.0,voiture,deux_roues,2,2,1,2,3