accident_id,datetime,annee,mois,jour,heure,minute,departement,commune_insee,adresse,latitude,longitude,luminosite,agglomeration,intersection,meteo,collision,catr,circ,nbv,vosp,prof,plan,surf,infra,situ,vma,nb_vehicules,nb_usagers,nb_indemnes,nb_tues,nb_blesses_hosp,nb_blesses_legers,age_cond_1,age_cond_2,veh_type_cond_1,veh_type_cond_2,lum_code,agg_code,int_code,atm_code,col_code
202300039803,2023-02-24 13:55:00,2023,2,24,13,55,06,06029,TONNER (AVENUE FRANCIS),43.55021,6.95882,Plein jour,En agglomération,Hors intersection,Normale,Deux véhicules - côté,4,3,4,0,1,1,1,0,1,50,2,2,1,0,1,0,36.0,68.0,deux_roues,voiture,1,2,1,1,3
202300039804,2023-11-05 22:05:00,2023,11,5,22,5,25,25462,BESANCON (DU 72TER A LA FIN),46.91487,6.34559,Nuit avec éclairage allumé,En agglomération,Hors intersection,Pluie légère,Autre collision,4,2,3,0,1,1,2,0,1,50,1,1,0,0,0,1,54.0,,voiture,,5,2,1,2,6
202300039805,2023-05-17 08:15:00,2023,5,17,8,15,95,95018,A15,48.96125,2.26871,Plein jour,Hors agglomération,Hors intersection,Normale,Autre collision,1,3,6,0,1,1,1,0,1,110,2,2,1,0,0,1,39.0,29.0,deux_roues,utilitaire_camion,1,1,1,1,6
202300039806,2023-02-19 21:50:00,2023,2,19,21,50,05,05061,route,44.56068976,6.04258239,Nuit sans éclairage public,En agglomération,Hors intersection,Normale,Sans collision,4,2,2,0,2,4,1,0,3,50,1,1,0,0,0,1,50.0,,voiture,,3,2,1,1,7
202300039807,2023-05-12 13:35:00,2023,5,12,13,35,92,92025,PRESIDENT SALVADOR ALLENDE (RUE DU),48.921958,2.235119,Plein jour,En agglomération,Hors intersection,Normale,Autre collision,4,2,2,0,1,1,1,0,1,30,1,2,1,0,0,1,71.0,,voiture,,1,2,1,1,6
202300039808,2023-11-05 16:20:00,2023,11,5,16,20,25,25056,DOLE RUE DE (entre 82 et 185),47.227612,5.982483,Crépuscule ou aube,En agglomération,Hors intersection,Temps couvert,Autre collision,3,2,3,2,2,1,2,0,1,50,1,3,2,0,1,0,87.0,,voiture,,2,2,1,8,6
202300039809,2023-02-23 19:52:00,2023,2,23,19,52,03,03310,Rue Alquié,46.12311,3.41808,Nuit avec éclairage allumé,En agglomération,Intersection en Y,Normale,Autre collision,4,1,1,0,1,1,1,0,1,50,1,2,1,0,1,0,72.0,,voiture,,5,2,4,1,6
202300039809,2023-02-23 19:52:00,2023,2,23,19,52,03,03310,Rue Alquié,46.12311,3.41808,Nuit avec éclairage allumé,En agglomération,Intersection en Y,Normale,Autre collision,4,-1,2,0,1,1,1,0,1,50,1,2,1,0,1,0,72.0,,voiture,,5,2,4,1,6
202300039810,2023-05-16 09:05:00,2023,5,16,9,5,69,69386,7 Place d'Helvétie,45.77293,4.84211,Plein jour,En agglomération,Intersection en X,Temps couvert,Deux véhicules - côté,4,1,1,2,1,1,1,0,1,50,2,2,1,0,0,1,30.0,27.0,voiture,voiture,1,2,2,8,3
202300039810,2023-05-16 09:05:00,2023,5,16,9,5,69,69386,7 Place d'Helvétie,45.77293,4.84211,Plein jour,En agglomération,Intersection en X,Temps couvert,Deux véhicules - côté,4,1,1,2,1,1,1,0,1,50,2,2,1,0,0,1,30.0,27.0,voiture,voiture,1,2,2,8,3
202300039811,2023-11-04 18:10:00,2023,11,4,18,10,22,22113,SAINT ELIVET (RUE DE),48.7273,-3.4469,Nuit avec éclairage allumé,En agglomération,Intersection en X,Pluie légère,Deux véhicules - côté,4,2,2,0,2,1,2,9,1,30,2,2,0,0,0,2,68.0,53.0,voiture,voiture,5,2,2,2,3
202300039811,2023-11-04 18:10:00,2023,11,4,18,10,22,22113,SAINT ELIVET (RUE DE),48.7273,-3.4469,Nuit avec éclairage allumé,En agglomération,Intersection en X,Pluie légère,Deux véhicules - côté,4,2,2,0,2,1,2,0,1,30,2,2,0,0,0,2,68.0,53.0,voiture,voiture,5,2,2,2,3
202300039812,2023-02-24 14:30:00,2023,2,24,14,30,01,01053,KENNEDY BVD J  - IMPAIR DE DIMES A CROIX,46.20354,5.24251,Plein jour,En agglomération,Intersection en X,Normale,Trois véhicules et plus - collisions multiples,3,2,4,0,1,1,1,0,1,50,3,5,2,0,0,3,35.0,73.0,voiture,voiture,1,2,2,1,5
202300039812,2023-02-24 14:30:00,2023,2,24,14,30,01,01053,KENNEDY BVD J  - IMPAIR DE DIMES A CROIX,46.20354,5.24251,Plein jour,En agglomération,Intersection en X,Normale,Trois véhicules et plus - collisions multiples,3,2,4,0,1,1,1,0,1,50,3,5,2,0,0,3,35.0,73.0,voiture,voiture,1,2,2,1,5
202300039813,2023-05-07 12:38:00,2023,5,7,12,38,46,46042,GAMBETTA (BOULEVARD LEON) N°IMPAIR,44.4474,1.4402,Plein jour,En agglomération,Intersection en T,Normale,Autre collision,3,2,2,0,2,1,1,0,1,30,1,3,1,0,1,1,64.0,,deux_roues,,1,2,3,1,6
202300039813,2023-05-07 12:38:00,2023,5,7,12,38,46,46042,GAMBETTA (BOULEVARD LEON) N°IMPAIR,44.4474,1.4402,Plein jour,En agglomération,Intersection en T,Normale,Autre collision,3,1, -1,-1,2,1,1,5,1,-1,1,3,1,0,1,1,64.0,,deux_roues,,1,2,3,1,6
202300039814,2023-11-05 18:40:00,2023,11,5,18,40,13,13211,MILLIERE (BOULEVARD DE LA ),43.28347,5.4992,Nuit avec éclairage allumé,En agglomération,Hors intersection,Normale,Deux véhicules - arrière,7,2,2,0,1,1,1,0,1,50,2,3,1,0,0,2,28.0,19.0,voiture,voiture,5,2,1,1,2
202300039815,2023-05-17 06:04:00,2023,5,17,6,4,988,98818,RUE FREDERIC SURLEAU,-22.27302,166.44489,Crépuscule ou aube,En agglomération,Hors intersection,Normale,Autre collision,4,2,2,0,3,2,1,0,1,50,1,2,1,0,0,1,89.0,,voiture,,2,2,1,1,6
202300039816,2023-11-05 12:00:00,2023,11,5,12,0,07,07281,C.D.533,44.93593,4.82028,Plein jour,Hors agglomération,Hors intersection,Pluie légère,Deux véhicules - côté,3,-1,2,0,2,2,2,0,1,90,2,2,1,0,1,0,63.0,43.0,deux_roues,voiture,1,1,1,2,3
202300039817,2023-02-24 20:15:00,2023,2,24,20,15,93,93007,Rue d’Altrincham Sandwell / Avenue Vladimir Ilitch Lenine,48.94762,2.44793,Nuit avec éclairage allumé,En agglomération,Intersection en T,Normale,Deux véhicules - côté,4,2,2,0,1,1,1,0,1,50,2,2,1,0,0,1,31.0,20.0,deux_roues,utilitaire_camion,5,2,3,1,3
202300039817,2023-02-24 20:15:00,2023,2,24,20,15,93,93007,Rue d’Altrincham Sandwell / Avenue Vladimir Ilitch Lenine,48.94762,2.44793,Nuit avec éclairage allumé,En agglomération,Intersection en T,Normale,Deux véhicules - côté,4,2,2,-1,1,1,1,0,1,-1,2,2,1,0,0,1,31.0,20.0,deux_roues,utilitaire_camion,5,2,3,1,3
202300039818,2023-05-16 09:40:00,2023,5,16,9,40,976,97611,passamanty-Vahibé ( route ),-12.79633492,45.19950199,Plein jour,Hors agglomération,Hors intersection,Normale,Trois véhicules et plus - collisions multiples,3,2,2,0,2,2,1,0,1,70,3,4,3,0,0,1,35.0,56.0,utilitaire_camion,voiture,1,1,1,1,5
202300039819,2023-02-24 02:50:00,2023,2,24,2,50,75,75106,BOULEVARD RASPAIL,48.848091,2.327941,Nuit avec éclairage allumé,En agglomération,Intersection en X,Normale,Deux véhicules - arrière,4,2,2,3,1,1,1,0,1,30,2,2,1,0,0,1,42.0,23.0,deux_roues,deux_roues,5,2,2,1,2
202300039819,2023-02-24 02:50:00,2023,2,24,2,50,75,75106,BOULEVARD RASPAIL,48.848091,2.327941,Nuit avec éclairage allumé,En agglomération,Intersection en X,Normale,Deux véhicules - arrière,4,2, -1,-1,1,1,1,0,1,-1,2,2,1,0,0,1,42.0,23.0,deux_roues,deux_roues,5,2,2,1,2
202300039820,2023-10-17 16:15:00,2023,10,17,16,15,05,05061,BELLEVUE (BOULEVARD),44.560203,6.087844,Plein jour,En agglomération,Hors intersection,Pluie légère,Deux véhicules - arrière,4,2,2,0,1,1,2,0,1,50,2,4,2,0,0,2,25.0,23.0,voiture,voiture,1,2,1,2,2
202300039821,2023-05-16 09:45:00,2023,5,16,9,45,974,97416,HUBERT DE LISLE(BOULEVARD),-21.34353,55.46813,Plein jour,En agglomération,Giratoire,Normale,Deux véhicules - côté,4,3,2,0,1,1,1,0,1,50,2,2,1,0,0,1,30.0,81.0,deux_roues,voiture,1,2,6,1,3
202300039821,2023-05-16 09:45:00,2023,5,16,9,45,974,97416,HUBERT DE LISLE(BOULEVARD),-21.34353,55.46813,Plein jour,En agglomération,Giratoire,Normale,Deux véhicules - côté,4,2,2,0,1,1,1,0,1,50,2,2,1,0,0,1,30.0,81.0,deux_roues,voiture,1,2,6,1,3
202300039822,2023-11-05 22:50:00,2023,11,5,22,50,03,03185,Quai de la Liberation,46.332422,2.59476,Nuit avec éclairage allumé,En agglomération,Hors intersection,Pluie légère,Autre collision,4,2,2,1,1,2,2,0,4,50,1,2,0,0,0,2,23.0,,voiture,,5,2,1,2,6
202300039823,2023-02-24 19:30:00,2023,2,24,19,30,75,75118,RUE LEPIC,48.885811,2.334787,Nuit avec éclairage allumé,En agglomération,Intersection en T,Normale,Autre collision,4,1, -1,-1,1,1,1,0,1,-1,1,2,1,0,0,1,62.0,,voiture,,5,2,3,1,6
202300039823,2023-02-24 19:30:00,2023,2,24,19,30,75,75118,RUE LEPIC,48.885811,2.334787,Nuit avec éclairage allumé,En agglomération,Intersection en T,Normale,Autre collision,4,1,1,0,2,1,1,0,1,50,1,2,1,0,0,1,62.0,,voiture,,5,2,3,1,6
202300039824,2023-05-16 17:45:00,2023,5,16,17,45,974,97411,REYDELLET (ROUTE JULES),-20.93365,55.49231,Crépuscule ou aube,En agglomération,Hors intersection,Normale,Deux véhicules - frontale,4,2,2,0,2,2,1,0,1,50,2,2,1,0,0,1,47.0,35.0,transport_commun,deux_roues,2,2,1,1,1
202300039825,2023-02-24 16:55:00,2023,2,24,16,55,75,75116,BOULEVARD MURAT,48.840815,2.256176,Plein jour,En agglomération,Hors intersection,Normale,Deux véhicules - côté,4,2,2,0,1,1,1,0,1,50,2,3,1,0,0,2,,58.0,voiture,deux_roues,1,2,1,1,3
202300039826,2023-05-16 07:40:00,2023,5,16,7,40,974,97411,TOPAZES(ALLEE DES),-20.89696,55.44609,Plein jour,En agglomération,Hors intersection,Normale,Autre collision,3,2,2,0,2,3,1,9,8,50,1,2,1,0,0,1,85.0,,voiture,,1,2,1,1,6
202300039827,2023-02-24 12:00:00,2023,2,24,12,0,75,75115,BOULEVARD DE GRENELLE,48.853553,2.289937,Plein jour,En agglomération,Hors intersection,Normale,Autre collision,4,1,2,1,1,1,1,-1,5,30,1,2,0,0,0,2,57.0,,deux_roues,,1,2,1,1,6
202300039828,2023-11-04 18:00:00,2023,11,4,18,0,75,75120,PORTE DE BAGNOLET,48.866942,2.41322,Nuit avec éclairage allumé,En agglomération,Hors intersection,Pluie légère,Deux véhicules - arrière,4,1,4,0,1,1,2,9,1,70,2,2,1,0,0,1,61.0,57.0,voiture,deux_roues,5,2,1,2,2
202300039829,2023-05-16 17:10:00,2023,5,16,17,10,973,97309,TROUBIRAN (CHEMIN DE),4.9183,-52.3066,Plein jour,En agglomération,Hors intersection,Pluie légère,Deux véhicules - côté,4,2,2,0,1,1,2,0,1,50,2,2,1,0,0,1,38.0,50.0,deux_roues,voiture,1,2,1,2,3
202300039830,2023-02-24 00:00:00,2023,2,24,0,0,75,75120,RUE DES GLAIEULS,48.876979,2.408634,Nuit avec éclairage allumé,En agglomération,Intersection en T,Normale,Autre collision,4,1, -1,-1,1,1,1,0,1,-1,1,2,1,0,0,1,29.0,,voiture,,5,2,3,1,6
202300039830,2023-02-24 00:00:00,2023,2,24,0,0,75,75120,RUE DES GLAIEULS,48.876979,2.408634,Nuit avec éclairage allumé,En agglomération,Intersection en T,Normale,Autre collision,4,1,2,0,1,1,1,0,1,50,1,2,1,0,0,1,29.0,,voiture,,5,2,3,1,6
202300039831,2023-05-16 15:10:00,2023,5,16,15,10,69,69388,Promenade Léa et Napoléon Bullukian,45.74127,4.87863,Plein jour,En agglomération,Hors intersection,Normale,Autre collision,4,2,2,0,1,1,1,9,8,30,1,2,1,0,0,1,37.0,,utilitaire_camion,,1,2,1,1,6
202300039832,2023-11-04 17:35:00,2023,11,4,17,35,75,75112,ECHANGEUR BERCY,48.828642,2.398889,Crépuscule ou aube,En agglomération,Hors intersection,Normale,Autre collision,4,1,4,0,1,1,1,0,1,70,3,3,2,0,0,1,27.0,42.0,deux_roues,voiture,2,2,1,1,6
202300039833,2023-02-24 19:20:00,2023,2,24,19,20,75,75111,AVENUE PARMENTIER,48.870002,2.371054,Nuit avec éclairage allumé,En agglomération,Intersection en X,Normale,Autre collision,4,2,2,0,1,1,1,0,1,30,1,2,1,0,0,1,45.0,,deux_roues,,5,2,2,1,6
202300039833,2023-02-24 19:20:00,2023,2,24,19,20,75,75111,AVENUE PARMENTIER,48.870002,2.371054,Nuit avec éclairage allumé,En agglomération,Intersection en X,Normale,Autre collision,4,1, -1,-1,1,1,1,0,1,-1,1,2,1,0,0,1,45.0,,deux_roues,,5,2,2,1,6
202300039834,2023-05-16 07:20:00,2023,5,16,7,20,69,69387,56 Rue du Repos,45.74425,4.85177,Plein jour,En agglomération,Hors intersection,Normale,Deux véhicules - côté,4,1,1,0,1,1,1,0,1,20,2,2,1,0,0,1,28.0,17.0,voiture,deux_roues,1,2,1,1,3
202300039835,2023-02-24 14:15:00,2023,2,24,14,15,75,75110,RUE DU FAUBOURG SAINT MARTIN,48.871758,2.357174,Plein jour,En agglomération,Intersection en X,Normale,Deux véhicules - arrière,4,1, -1,-1,1,1,1,0,1,-1,2,2,1,0,0,1,23.0,56.0,utilitaire_camion,deux_roues,1,2,2,1,2
202300039835,2023-02-24 14:15:00,2023,2,24,14,15,75,75110,RUE DU FAUBOURG SAINT MARTIN,48.871758,2.357174,Plein jour,En agglomération,Intersection en X,Normale,Deux véhicules - arrière,4,1,2,0,1,1,1,0,1,30,2,2,1,0,0,1,23.0,56.0,utilitaire_camion,deux_roues,1,2,2,1,2
202300039836,2023-11-03 18:35:00,2023,11,3,18,35,75,75116,PORTE DE PASSY,48.853921,2.253668,Nuit avec éclairage allumé,En agglomération,Hors intersection,Normale,Deux véhicules - arrière,4,1,3,0,1,1,1,1,1,50,2,2,1,0,0,1,34.0,51.0,deux_roues,voiture,5,2,1,1,2
202300039837,2023-05-16 08:55:00,2023,5,16,8,55,2A,2A004,LORETTO CHEMIN,41.93448,8.71814,Plein jour,Hors agglomération,Hors intersection,Normale,Deux véhicules - côté,4,2,2,0,3,2,1,0,1,50,2,2,0,0,0,2,43.0,38.0,voiture,voiture,1,1,1,1,3
202300039838,2023-02-24 16:54:00,2023,2,24,16,54,75,75109,BOULEVARD POISSONNIERE,48.870903,2.346754,Plein jour,En agglomération,Intersection en T,Normale,Deux véhicules - côté,4,3,2,0,1,1,1,0,1,30,2,2,1,0,0,1,56.0,25.0,voiture,deux_roues,1,2,3,1,3
202300039838,2023-02-24 16:54:00,2023,2,24,16,54,75,75109,BOULEVARD POISSONNIERE,48.870903,2.346754,Plein jour,En agglomération,Intersection en T,Normale,Deux véhicules - côté,4,1, -1,-1,1,1,1,0,1,-1,2,2,1,0,0,1,56.0,25.0,voiture,deux_roues,1,2,3,1,3
202300039839,2023-11-05 05:35:00,2023,11,5,5,35,75,75110,BOULEVARD DE BONNE NOUVELLE,48.870047,2.350966,Nuit avec éclairage allumé,En agglomération,Intersection en T,Normale,Deux véhicules - côté,4,1,4,0,1,1,1,0,1,30,2,2,1,0,1,0,24.0,36.0,deux_roues,voiture,5,2,3,1,3
202300039839,2023-11-05 05:35:00,2023,11,5,5,35,75,75110,BOULEVARD DE BONNE NOUVELLE,48.870047,2.350966,Nuit avec éclairage allumé,En agglomération,Intersection en T,Normale,Deux véhicules - côté,4,-1, -1,0,1,1,1,0,1,30,2,2,1,0,1,0,24.0,36.0,deux_roues,voiture,5,2,3,1,3
202300039840,2023-05-07 16:55:00,2023,5,7,16,55,95,95063,RUE DES CARROSSIERS,48.91480106,2.20579983,Plein jour,En agglomération,Hors intersection,Normale,Sans collision,4,-1,2,0,1,1,1,0,8,50,1,1,0,1,0,0,39.0,,voiture,,1,2,1,1,7
202300039841,2023-02-24 10:25:00,2023,2,24,10,25,75,75109,RUE DU HAVRE,48.874174,2.326991,Plein jour,En agglomération,Intersection en X,Normale,Deux véhicules - côté,4,1,1,1,1,1,1,-1,5,30,2,2,1,0,0,1,43.0,38.0,voiture,deux_roues,1,2,2,1,3
202300039841,2023-02-24 10:25:00,2023,2,24,10,25,75,75109,RUE DU HAVRE,48.874174,2.326991,Plein jour,En agglomération,Intersection en X,Normale,Deux véhicules - côté,4,1,4,1,1,1,1,-1,5,30,2,2,1,0,0,1,43.0,38.0,voiture,deux_roues,1,2,2,1,3
202300039842,2023-05-16 07:40:00,2023,5,16,7,40,91,91589,RUE FAIDHERBE,48.677773,2.343542,Plein jour,En agglomération,Intersection en X,Normale,Deux véhicules - côté,4,1,1,0,2,1,1,0,1,50,2,2,1,0,0,1,41.0,49.0,deux_roues,utilitaire_camion,1,2,2,1,3
202300039842,2023-05-16 07:40:00,2023,5,16,7,40,91,91589,RUE FAIDHERBE,48.677773,2.343542,Plein jour,En agglomération,Intersection en X,Normale,Deux véhicules - côté,4,2,2,0,1,1,1,0,1,50,2,2,1,0,0,1,41.0,49.0,deux_roues,utilitaire_camion,1,2,2,1,3
202300039843,2023-11-04 22:35:00,2023,11,4,22,35,75,75120,RUE DES PYRENEES,48.868502,2.395661,Nuit avec éclairage allumé,En agglomération,Hors intersection,Pluie légère,Deux véhicules - arrière,4,2,2,0,1,1,2,0,1,30,2,2,1,0,0,1,39.0,37.0,deux_roues,voiture,5,2,1,2,2
202300039844,2023-05-16 15:50:00,2023,5,16,15,50,83,83137,ESCARTEFIGUE (CORNICHE DU 746 A FIN,43.13489,5.9621,Plein jour,En agglomération,Hors intersection,Normale,Autre collision,4,2,2,0,1,1,1,0,1,50,1,1,0,1,0,0,59.0,,deux_roues,,1,2,1,1,6
202300039845,2023-02-24 01:20:00,2023,2,24,1,20,75,75109,RUE DE PROVENCE,48.874257,2.331334,Nuit avec éclairage allumé,En agglomération,Intersection en X,Normale,Deux véhicules - côté,4,1,2,3,1,1,1,0,1,30,2,2,1,0,0,1,29.0,38.0,deux_roues,utilitaire_camion,5,2,2,1,3
202300039845,2023-02-24 01:20:00,2023,2,24,1,20,75,75109,RUE DE PROVENCE,48.874257,2.331334,Nuit avec éclairage allumé,En agglomération,Intersection en X,Normale,Deux véhicules - côté,4,1,1,0,1,1,1,0,1,30,2,2,1,0,0,1,29.0,38.0,deux_roues,utilitaire_camion,5,2,2,1,3
202300039846,2023-11-05 09:59:00,2023,11,5,9,59,75,75114,BOULEVARD ROMAIN ROLLAND,48.822333,2.314356,Plein jour,En agglomération,Intersection en X,Pluie légère,Deux véhicules - côté,4,2,4,1,1,1,2,0,5,50,2,2,1,0,0,1,60.0,23.0,voiture,deux_roues,1,2,2,2,3
202300039846,2023-11-05 09:59:00,2023,11,5,9,59,75,75114,BOULEVARD ROMAIN ROLLAND,48.822333,2.314356,Plein jour,En agglomération,Intersection en X,Pluie légère,Deux véhicules - côté,4,2,4,1,1,1,2,0,5,50,2,2,1,0,0,1,60.0,23.0,voiture,deux_roues,1,2,2,2,3
202300039847,2023-05-16 16:45:00,2023,5,16,16,45,77,77291,GRANDE BORNE (RUE DE LA),49.016932,2.600405,Plein jour,En agglomération,Hors intersection,Normale,Deux véhicules - frontale,4,2,2,0,1,1,1,0,1,30,3,4,2,1,0,1,36.0,50.0,voiture,utilitaire_camion,1,2,1,1,1
202300039848,2023-02-24 07:05:00,2023,2,24,7,5,75,75104,BOULEVARD DE SEBASTOPOL,48.8585199,2.34822571,Crépuscule ou aube,En agglomération,Intersection en X,Normale,Deux véhicules - côté,4,1,3,0,1,1,1,-1,6,30,2,2,1,0,0,1,42.0,65.0,deux_roues,voiture,2,2,2,1,3
202300039848,2023-02-24 07:05:00,2023,2,24,7,5,75,75104,BOULEVARD DE SEBASTOPOL,48.8585199,2.34822571,Crépuscule ou aube,En agglomération,Intersection en X,Normale,Deux véhicules - côté,4,2,3,0,1,1,1,-1,6,30,2,2,1,0,0,1,42.0,65.0,deux_roues,voiture,2,2,2,1,3
202300039849,2023-11-05 01:35:00,2023,11,5,1,35,75,75114,AVENUE DU MAINE,48.837557,2.322934,Nuit avec éclairage allumé,En agglomération,Intersection en X,Pluie légère,Autre collision,4,4,4,0,1,1,2,5,1,30,1,1,0,0,0,1,31.0,,deux_roues,,5,2,2,2,6
202300039849,2023-11-05 01:35:00,2023,11,5,1,35,75,75114,AVENUE DU MAINE,48.837557,2.322934,Nuit avec éclairage allumé,En agglomération,Intersection en X,Pluie légère,Autre collision,4,4,3,0,1,1,2,5,1,30,1,1,0,0,0,1,31.0,,deux_roues,,5,2,2,2,6
202300039850,2023-05-10 18:04:00,2023,5,10,18,4,77,77479,D 34A RTE DE TORCY,48.86818,2.64867,Plein jour,Hors agglomération,Hors intersection,Normale,Autre collision,9,2,1,2,1,1,1,6,5,-1,1,2,0,0,2,0,27.0,,deux_roues,,1,1,1,1,6
202300039851,2023-02-23 12:20:00,2023,2,23,12,20,75,75101,RUE SAINT HONORE,48.864901,2.331949,Plein jour,En agglomération,Intersection en X,Normale,Autre collision,4,1,2,0,1,1,1,0,1,30,1,2,1,0,0,1,25.0,,deux_roues,,1,2,2,1,6
202300039851,2023-02-23 12:20:00,2023,2,23,12,20,75,75101,RUE SAINT HONORE,48.864901,2.331949,Plein jour,En agglomération,Intersection en X,Normale,Autre collision,4,1,1,0,1,1,1,0,1,30,1,2,1,0,0,1,25.0,,deux_roues,,1,2,2,1,6
202300039852,2023-11-04 12:30:00,2023,11,4,12,30,75,75114,AVENUE DENFERT ROCHEREAU,48.834546,2.332619,Plein jour,En agglomération,Place,Temps couvert,Sans collision,4,2,3,3,1,1,2,0,4,50,1,1,0,0,0,1,30.0,,deux_roues,,1,2,7,8,7
202300039852,2023-11-04 12:30:00,2023,11,4,12,30,75,75114,AVENUE DENFERT ROCHEREAU,48.834546,2.332619,Plein jour,En agglomération,Place,Temps couvert,Sans collision,4,1, -1,0,1,2,2,0,1,50,1,1,0,0,0,1,30.0,,deux_roues,,1,2,7,8,7
202300039853,2023-02-24 16:20:00,2023,2,24,16,20,94,94067,Avenue Joffre,48.848956,2.417626,Plein jour,En agglomération,Hors intersection,Normale,Deux véhicules - côté,3,2,2,2,1,1,1,0,1,50,2,2,1,0,0,1,62.0,46.0,voiture,deux_roues,1,2,1,1,3
202300039854,2023-05-16 18:08:00,2023,5,16,18,8,77,77305,GENERAL DE GAULLE (AVENUE DU),48.38193019,2.95237128,Plein jour,En agglomération,Hors intersection,Normale,Deux véhicules - côté,4,2,2,1,1,1,1,0,1,30,2,2,1,0,0,1,55.0,53.0,deux_roues,voiture,1,2,1,1,3
202300039855,2023-05-16 15:18:00,2023,5,16,15,18,77,77186,VC GRANDE (RUE),48.40602861,2.70218546,Plein jour,En agglomération,Hors intersection,Normale,Autre collision,4,-1,2,0,1,1,1,0,1,30,1,2,1,0,0,1,48.0,,voiture,,1,2,1,1,6
202300039856,2023-02-24 20:30:00,2023,2,24,20,30,94,94041,Quai Jean Compagnon,48.818922,2.39925,Nuit avec éclairage allumé,En agglomération,Intersection en X,Normale,Deux véhicules - frontale,3,2,2,0,2,1,1,5,1,50,2,2,1,0,0,1,35.0,26.0,deux_roues,voiture,5,2,2,1,1
202300039856,2023-02-24 20:30:00,2023,2,24,20,30,94,94041,Quai Jean Compagnon,48.818922,2.39925,Nuit avec éclairage allumé,En agglomération,Intersection en X,Normale,Deux véhicules - frontale,3,1,2,0,2,1,1,5,1,50,2,2,1,0,0,1,35.0,26.0,deux_roues,voiture,5,2,2,1,1
202300039857,2023-11-04 06:13:00,2023,11,4,6,13,75,75113,AVENUE D ITALIE,48.822202,2.358526,Nuit avec éclairage allumé,En agglomération,Intersection en X,Pluie légère,Autre collision,4,2,6,1,1,1,2,0,1,30,1,3,2,0,0,1,32.0,,voiture,,5,2,2,2,6
202300039857,2023-11-04 06:13:00,2023,11,4,6,13,75,75113,AVENUE D ITALIE,48.822202,2.358526,Nuit avec éclairage allumé,En agglomération,Intersection en X,Pluie légère,Autre collision,4,1, -1,-1,1,1,2,0,1,30,1,3,2,0,0,1,32.0,,voiture,,5,2,2,2,6
202300039858,2023-05-16 08:45:00,2023,5,16,8,45,76,76108,Route de Neufchâtel,49.4572905,1.10796073,Plein jour,En agglomération,Hors intersection,Normale,Deux véhicules - côté,7,2,2,3,1,1,1,-1,1,50,2,2,1,0,0,1,22.0,52.0,deux_roues,voiture,1,2,1,1,3
202300039859,2023-05-15 08:50:00,2023,5,15,8,50,76,76351,TRIGAUVILLE (DE),49.50244,0.13303,Plein jour,En agglomération,Intersection en T,Normale,Deux véhicules - côté,4,2,1,0,2,1,2,0,1,30,2,2,1,0,0,1,61.0,14.0,voiture,deux_roues,1,2,3,1,3
202300039859,2023-05-15 08:50:00,2023,5,15,8,50,76,76351,TRIGAUVILLE (DE),49.50244,0.13303,Plein jour,En agglomération,Intersection en T,Normale,Deux véhicules - côté,4,2,1,2,1,1,2,0,1,30,2,2,1,0,0,1,61.0,14.0,voiture,deux_roues,1,2,3,1,3
202300039860,2023-02-23 15:40:00,2023,2,23,15,40,94,94028,Avenue de la Pompadour,48.77298,2.43476,Plein jour,En agglomération,Hors intersection,Normale,Deux véhicules - côté,3,3,4,3,1,1,1,-1,6,50,2,7,5,0,0,2,25.0,44.0,voiture,transport_commun,1,2,1,1,3
202300039861,2023-11-05 12:50:00,2023,11,5,12,50,75,75110,BOULEVARD DE LA VILLETTE,48.884139,2.366817,Plein jour,En agglomération,Intersection en T,Normale,Deux véhicules - arrière,4,1,2,0,1,1,1,0,1,30,2,3,2,0,0,1,23.0,40.0,voiture,deux_roues,1,2,3,1,2
202300039861,2023-11-05 12:50:00,2023,11,5,12,50,75,75110,BOULEVARD DE LA VILLETTE,48.884139,2.366817,Plein jour,En agglomération,Intersection en T,Normale,Deux véhicules - arrière,4,1, -1,1,1,1,1,0,1,30,2,3,2,0,0,1,23.0,40.0,voiture,deux_roues,1,2,3,1,2
202300039862,2023-02-24 13:20:00,2023,2,24,13,20,93,93073,Rue de Flandre / Avenue Albert Sarraut,48.94002,2.57345,Plein jour,En agglomération,Intersection en X,Normale,Deux véhicules - côté,4,1,1,0,1,1,1,0,1,50,2,3,2,0,0,1,21.0,34.0,voiture,voiture,1,2,2,1,3
202300039862,2023-02-24 13:20:00,2023,2,24,13,20,93,93073,Rue de Flandre / Avenue Albert Sarraut,48.94002,2.57345,Plein jour,En agglomération,Intersection en X,Normale,Deux véhicules - côté,4,2,2,-1,1,1,1,0,1,-1,2,3,2,0,0,1,21.0,34.0,voiture,voiture,1,2,2,1,3
202300039863,2023-05-15 12:20:00,2023,5,15,12,20,72,72181,ESTIENNE D'ORVES (BD D'),47.98483,0.18497,Plein jour,En agglomération,Hors intersection,Normale,Deux véhicules - côté,4,1,1,0,1,3,1,0,1,50,2,2,1,0,0,1,60.0,20.0,deux_roues,voiture,1,2,1,1,3
202300039864,2023-11-05 00:15:00,2023,11,5,0,15,75,75108,RUE DE LA VILLE L EVEQUE,48.871153,2.321632,Nuit avec éclairage allumé,En agglomération,Intersection en X,Pluie légère,Autre collision,4,1,1,0,1,1,2,0,1,30,1,3,1,0,0,2,44.0,,voiture,,5,2,2,2,6