accident_id,datetime,annee,mois,jour,heure,minute,departement,commune_insee,adresse,latitude,longitude,luminosite,agglomeration,intersection,meteo,collision,catr,circ,nbv,vosp,prof,plan,surf,infra,situ,vma,nb_vehicules,nb_usagers,nb_indemnes,nb_tues,nb_blesses_hosp,nb_blesses_legers,age_cond_1,age_cond_2,veh_type_cond_1,veh_type_cond_2,lum_code,agg_code,int_code,atm_code,col_code
202300039864,2023-11-05 00:15:00,2023,11,5,0,15,75,75108,RUE DE LA VILLE L EVEQUE,48.871153,2.321632,Nuit avec éclairage allumé,En agglomération,Intersection en X,Pluie légère,Autre collision,4,1,1,0,1,1,2,0,1,30,1,3,1,0,0,2,44.0,,voiture,,5,2,2,2,6
202300039865,2023-02-24 13:15:00,2023,2,24,13,15,93,93072,Avenue de Stalingrad,48.94857402,2.38014374,Plein jour,En agglomération,Hors intersection,Normale,Autre collision,3,3,2,0,1,1,1,0,1,50,1,2,1,0,0,1,71.0,,voiture,,1,2,1,1,6
202300039866,2023-05-16 16:50:00,2023,5,16,16,50,69,69256,Rue de la Poudrette,45.75202,4.91935,Plein jour,En agglomération,Intersection en X,Normale,Deux véhicules - côté,4,2,2,0,1,1,1,0,1,50,2,2,1,0,1,0,29.0,29.0,voiture,deux_roues,1,2,2,1,3
202300039866,2023-05-16 16:50:00,2023,5,16,16,50,69,69256,Rue de la Poudrette,45.75202,4.91935,Plein jour,En agglomération,Intersection en X,Normale,Deux véhicules - côté,4,2,2,2,1,1,1,0,1,50,2,2,1,0,1,0,29.0,29.0,voiture,deux_roues,1,2,2,1,3
202300039867,2023-11-05 12:40:00,2023,11,5,12,40,75,75107,ROND POINT DU BLEUET DE FRANCE,48.858838,2.312979,Plein jour,En agglomération,Place,Temps couvert,Deux véhicules - arrière,4,-1, -1,0,1,1,2,0,1,30,2,2,1,0,0,1,24.0,33.0,voiture,deux_roues,1,2,7,8,2
202300039867,2023-11-05 12:40:00,2023,11,5,12,40,75,75107,ROND POINT DU BLEUET DE FRANCE,48.858838,2.312979,Plein jour,En agglomération,Place,Temps couvert,Deux véhicules - arrière,4,1,2,0,1,1,2,0,1,30,2,2,1,0,0,1,24.0,33.0,voiture,deux_roues,1,2,7,8,2
202300039868,2023-05-15 15:45:00,2023,5,15,15,45,69,69266,26bis Rue Alfred Brinon,45.77651,4.89536,Plein jour,En agglomération,Hors intersection,Normale,Deux véhicules - côté,4,2,2,0,1,1,1,0,1,50,2,2,1,0,0,1,45.0,46.0,voiture,voiture,1,2,1,1,3
202300039869,2023-02-24 21:05:00,2023,2,24,21,5,93,93074,Rue Alexandre Boucher / D933,48.93394,2.56666,Nuit avec éclairage allumé,En agglomération,Intersection en X,Normale,Deux véhicules - côté,3,2,2,0,1,1,1,0,1,50,2,4,3,0,0,1,26.0,19.0,voiture,voiture,5,2,2,1,3
202300039869,2023-02-24 21:05:00,2023,2,24,21,5,93,93074,Rue Alexandre Boucher / D933,48.93394,2.56666,Nuit avec éclairage allumé,En agglomération,Intersection en X,Normale,Deux véhicules - côté,3,3,6,0,2,1,1,0,1,50,2,4,3,0,0,1,26.0,19.0,voiture,voiture,5,2,2,1,3
202300039870,2023-11-05 06:50:00,2023,11,5,6,50,75,75102,RUE MONTMARTRE,48.868582,2.343431,Nuit avec éclairage allumé,En agglomération,Intersection en T,Normale,Deux véhicules - arrière,4,-1,1,0,1,1,1,0,1,50,2,2,1,0,0,1,37.0,24.0,voiture,voiture,5,2,3,1,2
202300039870,2023-11-05 06:50:00,2023,11,5,6,50,75,75102,RUE MONTMARTRE,48.868582,2.343431,Nuit avec éclairage allumé,En agglomération,Intersection en T,Normale,Deux véhicules - arrière,4,1,3,0,1,1,1,0,1,50,2,2,1,0,0,1,37.0,24.0,voiture,voiture,5,2,3,1,2
202300039871,2023-05-13 01:10:00,2023,5,13,1,10,67,67218,STRASBOURG (AVENUE DE),48.54333,7.73582,Nuit avec éclairage allumé,En agglomération,Intersection en T,Normale,Sans collision,7,3,5,0,2,1,1,2,4,50,1,2,0,0,0,2,26.0,,voiture,,5,2,3,1,7
202300039871,2023-05-13 01:10:00,2023,5,13,1,10,67,67218,STRASBOURG (AVENUE DE),48.54333,7.73582,Nuit avec éclairage allumé,En agglomération,Intersection en T,Normale,Sans collision,7,2,3,0,1,1,1,0,3,50,1,2,0,0,0,2,26.0,,voiture,,5,2,3,1,7
202300039872,2023-02-23 21:15:00,2023,2,23,21,15,93,93006,Avenue Raspail,48.87421604,2.43220299,Nuit avec éclairage allumé,En agglomération,Hors intersection,Normale,Autre collision,3,2,2,0,1,1,1,0,3,30,2,2,1,0,0,1,77.0,,voiture,,5,2,1,1,6
202300039873,2023-05-16 19:40:00,2023,5,16,19,40,64,64260,CORNICHE (ROUTE DE LA),43.37355021,-1.75561443,Plein jour,En agglomération,Intersection en T,Normale,Deux véhicules - côté,3,2,2,0,2,1,1,0,1,50,2,2,1,0,0,1,77.0,63.0,voiture,deux_roues,1,2,3,1,3
202300039873,2023-05-16 19:40:00,2023,5,16,19,40,64,64260,CORNICHE (ROUTE DE LA),43.37355021,-1.75561443,Plein jour,En agglomération,Intersection en T,Normale,Deux véhicules - côté,3,2, -1,0,1,4,1,0,1,-1,2,2,1,0,0,1,77.0,63.0,voiture,deux_roues,1,2,3,1,3
202300039874,2023-11-05 02:05:00,2023,11,5,2,5,75,75101,RUE DE VALOIS,48.863907,2.338152,Nuit avec éclairage allumé,En agglomération,Intersection en T,Pluie légère,Autre collision,4,1,0,0,1,1,2,0,4,30,1,1,0,0,0,1,40.0,,voiture,,5,2,3,2,6
202300039874,2023-11-05 02:05:00,2023,11,5,2,5,75,75101,RUE DE VALOIS,48.863907,2.338152,Nuit avec éclairage allumé,En agglomération,Intersection en T,Pluie légère,Autre collision,4,1,0,0,1,1,2,0,4,30,1,1,0,0,0,1,40.0,,voiture,,5,2,3,2,6
202300039875,2023-02-24 12:45:00,2023,2,24,12,45,93,93001,Avenue Jean Jaurès,48.903496,2.391761,Plein jour,En agglomération,Hors intersection,Normale,Deux véhicules - côté,3,2,2,3,1,1,1,0,1,50,2,2,1,0,0,1,25.0,27.0,deux_roues,deux_roues,1,2,1,1,3
202300039876,2023-05-16 22:15:00,2023,5,16,22,15,64,64483,VERDUN (AVENUE DE),43.3861,-1.6618,Nuit sans éclairage public,En agglomération,Hors intersection,Normale,Sans collision,4,1,1,0,1,2,1,0,1,50,1,1,0,0,0,1,18.0,,deux_roues,,3,2,1,1,7
202300039877,2023-11-04 23:00:00,2023,11,4,23,0,94,94041,Avenue Pierre Sémard,48.82029,2.37969,Nuit avec éclairage allumé,En agglomération,Hors intersection,Pluie légère,Deux véhicules - côté,3,2,2,0,1,1,2,0,1,50,2,2,1,0,0,1,68.0,,deux_roues,voiture,5,2,1,2,3
202300039878,2023-02-23 22:40:00,2023,2,23,22,40,93,93001,Boulevard Félix Faure / Rue Villebois Mareuil,48.91228079,2.37471521,Nuit avec éclairage allumé,En agglomération,Intersection en T,Normale,Deux véhicules - côté,3,2,2,0,1,1,1,0,1,50,2,2,1,0,0,1,23.0,40.0,deux_roues,voiture,5,2,3,1,3
202300039878,2023-02-23 22:40:00,2023,2,23,22,40,93,93001,Boulevard Félix Faure / Rue Villebois Mareuil,48.91228079,2.37471521,Nuit avec éclairage allumé,En agglomération,Intersection en T,Normale,Deux véhicules - côté,3,2,2,0,1,1,1,0,1,50,2,2,1,0,0,1,23.0,40.0,deux_roues,voiture,5,2,3,1,3
202300039879,2023-05-16 07:05:00,2023,5,16,7,5,64,64445,JOSEPH DE PESQUIDOUX,43.31468,-0.35435,Crépuscule ou aube,En agglomération,Intersection en T,Pluie forte,Deux véhicules - côté,4,2,2,0,1,1,2,0,1,50,2,2,1,0,0,1,62.0,43.0,utilitaire_camion,deux_roues,2,2,3,3,3
202300039879,2023-05-16 07:05:00,2023,5,16,7,5,64,64445,JOSEPH DE PESQUIDOUX,43.31468,-0.35435,Crépuscule ou aube,En agglomération,Intersection en T,Pluie forte,Deux véhicules - côté,4,2,2,0,1,1,2,0,1,50,2,2,1,0,0,1,62.0,43.0,utilitaire_camion,deux_roues,2,2,3,3,3
202300039880,2023-02-24 11:50:00,2023,2,24,11,50,92,92051,"BINEAU (BOULEVARD, N°53 A 131 ET 52 A 13",48.88738,2.27895,Plein jour,En agglomération,Autre intersection,Normale,Deux véhicules - côté,3,2,4,0,1,1,1,0,1,50,2,2,1,0,0,1,65.0,23.0,deux_roues,voiture,1,2,9,1,3
202300039881,2023-11-05 20:00:00,2023,11,5,20,0,94,94034,Avenue de la Mairie,48.75589683,2.32002564,Nuit avec éclairage allumé,En agglomération,Intersection en T,Pluie légère,Deux véhicules - côté,4,2,#VALEURMULTI,0,2,4,2,0,1,50,2,2,1,0,0,1,20.0,46.0,voiture,deux_roues,5,2,3,2,3
202300039882,2023-05-14 17:50:00,2023,5,14,17,50,62,62048,Boulevard Emile Basly,50.51035,2.46288,Plein jour,En agglomération,Intersection en X,Normale,Deux véhicules - côté,4,2,2,0,1,1,1,0,1,50,2,2,1,0,0,1,42.0,32.0,voiture,voiture,1,2,2,1,3
202300039882,2023-05-14 17:50:00,2023,5,14,17,50,62,62048,Boulevard Emile Basly,50.51035,2.46288,Plein jour,En agglomération,Intersection en X,Normale,Deux véhicules - côté,4,2,2,0,1,1,1,0,8,50,2,2,1,0,0,1,42.0,32.0,voiture,voiture,1,2,2,1,3
202300039883,2023-02-24 16:33:00,2023,2,24,16,33,92,92049,MARNE AVENUE DE LA,48.81442369,2.30552763,Plein jour,En agglomération,Hors intersection,Normale,Deux véhicules - côté,4,2,2,0,1,1,1,0,1,50,2,2,0,0,0,2,23.0,23.0,utilitaire_camion,deux_roues,1,2,1,1,3
202300039884,2023-05-16 19:30:00,2023,5,16,19,30,59,59599,MOUVAUX (RUE DE),50.69476315,3.1524539,Plein jour,En agglomération,Hors intersection,Normale,Deux véhicules - arrière,7,2,1,0,1,1,1,0,1,50,2,2,1,0,0,1,28.0,28.0,voiture,deux_roues,1,2,1,1,2
202300039885,2023-11-05 05:15:00,2023,11,5,5,15,94,94022,14 Rue du Docteur Roux,48.77146,2.40637,Nuit avec éclairage allumé,En agglomération,Intersection en X,Pluie légère,Deux véhicules - frontale,4,2,2,0,1,1,2,0,1,50,2,2,1,0,0,1,,21.0,voiture,deux_roues,5,2,2,2,1
202300039885,2023-11-05 05:15:00,2023,11,5,5,15,94,94022,14 Rue du Docteur Roux,48.77146,2.40637,Nuit avec éclairage allumé,En agglomération,Intersection en X,Pluie légère,Deux véhicules - frontale,4,2,2,0,1,1,2,0,1,50,2,2,1,0,0,1,,21.0,voiture,deux_roues,5,2,2,2,1
202300039886,2023-02-24 07:35:00,2023,2,24,7,35,92,92078,DEQUEVAUVILLIERS (BOULEVARD),48.94481027,2.3105219,Plein jour,En agglomération,Intersection en T,Normale,Deux véhicules - côté,3,2,2,0,1,1,1,0,1,50,2,2,0,0,0,2,37.0,25.0,deux_roues,voiture,1,2,3,1,3
202300039886,2023-02-24 07:35:00,2023,2,24,7,35,92,92078,DEQUEVAUVILLIERS (BOULEVARD),48.94481027,2.3105219,Plein jour,En agglomération,Intersection en T,Normale,Deux véhicules - côté,3,2,5,0,1,1,1,0,1,50,2,2,0,0,0,2,37.0,25.0,deux_roues,voiture,1,2,3,1,3
202300039887,2023-05-16 08:00:00,2023,5,16,8,0,59,59299,LAENNEC (AVENUE),50.66709,3.19558,Plein jour,En agglomération,Hors intersection,Normale,Deux véhicules - frontale,4,1,1,0,1,2,1,5,1,50,2,2,1,0,0,1,29.0,29.0,voiture,autre,1,2,1,1,1
202300039888,2023-11-05 16:45:00,2023,11,5,16,45,94,94075,Route de la Grange,48.732722,2.512957,Plein jour,En agglomération,Intersection en T,Pluie légère,Deux véhicules - côté,3,2,2,0,1,1,2,0,1,50,2,2,1,0,0,1,31.0,31.0,voiture,deux_roues,1,2,3,2,3
202300039888,2023-11-05 16:45:00,2023,11,5,16,45,94,94075,Route de la Grange,48.732722,2.512957,Plein jour,En agglomération,Intersection en T,Pluie légère,Deux véhicules - côté,3,1,0,0,1,1,2,0,1,50,2,2,1,0,0,1,31.0,31.0,voiture,deux_roues,1,2,3,2,3
202300039889,2023-02-23 21:28:00,2023,2,23,21,28,92,92036,LAURENT CELY (AVENUE) (145/329),48.93304485,2.30263889,Nuit avec éclairage allumé,En agglomération,Giratoire,Normale,Deux véhicules - arrière,3,3,4,0,1,1,1,0,1,50,2,2,1,0,0,1,34.0,33.0,voiture,voiture,5,2,6,1,2
202300039889,2023-02-23 21:28:00,2023,2,23,21,28,92,92036,LAURENT CELY (AVENUE) (145/329),48.93304485,2.30263889,Nuit avec éclairage allumé,En agglomération,Giratoire,Normale,Deux véhicules - arrière,3,3,4,0,1,1,1,0,1,50,2,2,1,0,0,1,34.0,33.0,voiture,voiture,5,2,6,1,2
202300039890,2023-05-06 05:05:00,2023,5,6,5,5,59,59350,Avenue Léon Jouhaux,50.63674,3.03581,Nuit avec éclairage allumé,En agglomération,Intersection en T,Normale,Deux véhicules - côté,7,2,2,0,1,1,1,0,1,50,2,3,2,0,0,1,29.0,,voiture,voiture,5,2,3,1,3
202300039890,2023-05-06 05:05:00,2023,5,6,5,5,59,59350,Avenue Léon Jouhaux,50.63674,3.03581,Nuit avec éclairage allumé,En agglomération,Intersection en T,Normale,Deux véhicules - côté,7,3,4,0,1,2,1,0,1,50,2,3,2,0,0,1,29.0,,voiture,voiture,5,2,3,1,3
202300039891,2023-11-05 08:50:00,2023,11,5,8,50,94,94047,Rue de Verdun,48.704285,2.551113,Crépuscule ou aube,En agglomération,Hors intersection,Pluie légère,Autre collision,3,2,2,0,1,1,2,0,1,30,1,1,0,0,0,1,26.0,,voiture,,2,2,1,2,6
202300039892,2023-02-23 18:25:00,2023,2,23,18,25,92,92036,LOUIS CALMEL (RUE) (18/58),48.925622,2.291045,Nuit avec éclairage allumé,En agglomération,Hors intersection,Normale,Deux véhicules - côté,3,3,2,0,1,1,1,0,1,50,2,2,1,0,0,1,24.0,46.0,deux_roues,voiture,5,2,1,1,3
202300039893,2023-05-16 13:10:00,2023,5,16,13,10,59,59350,FAUBOURG D'ARRAS RUE,50.61257,3.062,Plein jour,En agglomération,Intersection en X,Normale,Deux véhicules - frontale,7,2,4,3,1,1,1,0,1,50,2,5,3,0,0,2,36.0,37.0,voiture,voiture,1,2,2,1,1
202300039893,2023-05-16 13:10:00,2023,5,16,13,10,59,59350,FAUBOURG D'ARRAS RUE,50.61257,3.062,Plein jour,En agglomération,Intersection en X,Normale,Deux véhicules - frontale,7,-1,0,0,1,1,1,0,1,50,2,5,3,0,0,2,36.0,37.0,voiture,voiture,1,2,2,1,1
202300039894,2023-02-24 15:15:00,2023,2,24,15,15,92,92035,National ( boulevard ),48.90609,2.23895,Plein jour,En agglomération,Hors intersection,Normale,Trois véhicules et plus - en chaîne,3,1,2,0,1,1,1,0,1,50,3,3,2,0,0,1,38.0,58.0,voiture,voiture,1,2,1,1,4
202300039895,2023-11-05 13:30:00,2023,11,5,13,30,93,93047,Rue du Général de Gaulle / Avenue Daniel Perdrigé,48.89937,2.55953,Plein jour,En agglomération,Intersection en X,Pluie légère,Deux véhicules - côté,4,2,2,0,1,1,2,0,1,50,2,2,1,0,0,1,43.0,28.0,voiture,voiture,1,2,2,2,3
202300039895,2023-11-05 13:30:00,2023,11,5,13,30,93,93047,Rue du Général de Gaulle / Avenue Daniel Perdrigé,48.89937,2.55953,Plein jour,En agglomération,Intersection en X,Pluie légère,Deux véhicules - côté,4,2,2,0,1,1,2,0,1,50,2,2,1,0,0,1,43.0,28.0,voiture,voiture,1,2,2,2,3
202300039896,2023-05-15 19:20:00,2023,5,15,19,20,58,58194,MARZY,46.987361,3.133247,Plein jour,En agglomération,Intersection en T,Normale,Deux véhicules - côté,4,2,2,0,1,1,1,0,1,50,2,2,1,0,0,1,32.0,32.0,voiture,deux_roues,1,2,3,1,3
202300039896,2023-05-15 19:20:00,2023,5,15,19,20,58,58194,MARZY,46.987361,3.133247,Plein jour,En agglomération,Intersection en T,Normale,Deux véhicules - côté,4,2,2,0,1,1,1,0,1,50,2,2,1,0,0,1,32.0,32.0,voiture,deux_roues,1,2,3,1,3
202300039897,2023-02-24 18:39:00,2023,2,24,18,39,92,92002,FONTAINE MOUTON (AVENUE DE LA),48.73835085,2.29051799,Crépuscule ou aube,En agglomération,Intersection en T,Normale,Autre collision,4,2,2,0,1,1,1,5,8,30,2,2,1,0,0,1,39.0,50.0,voiture,deux_roues,2,2,3,1,6
202300039897,2023-02-24 18:39:00,2023,2,24,18,39,92,92002,FONTAINE MOUTON (AVENUE DE LA),48.73835085,2.29051799,Crépuscule ou aube,En agglomération,Intersection en T,Normale,Autre collision,4,2,2,0,2,1,1,5,1,30,2,2,1,0,0,1,39.0,50.0,voiture,deux_roues,2,2,3,1,6
202300039898,2023-05-15 08:40:00,2023,5,15,8,40,56,56098,SAINT-CHRISTOPHE ( PONT ),47.76198,-3.36344,Plein jour,En agglomération,Hors intersection,Normale,Trois véhicules et plus - en chaîne,3,2,3,0,1,1,1,2,1,50,3,3,2,0,0,1,26.0,56.0,utilitaire_camion,voiture,1,2,1,1,4
202300039899,2023-02-25 16:00:00,2023,2,25,16,0,44,44180,119 Rue du Moulin du Bourg,47.485251,-1.107055,Plein jour,En agglomération,Hors intersection,Normale,Sans collision,4,2,1,0,2,1,1,0,3,50,1,1,0,0,1,0,25.0,,deux_roues,,1,2,1,1,7
202300039900,2023-11-05 01:20:00,2023,11,5,1,20,92,92064,DAILLY,48.84463307,2.2203704,Nuit avec éclairage allumé,En agglomération,Hors intersection,Pluie légère,Autre collision,3,2,2,0,2,1,2,8,1,50,1,3,1,0,0,2,23.0,,voiture,,5,2,1,2,6
202300039901,2023-05-15 17:30:00,2023,5,15,17,30,54,54371,RD 136,49.20441,5.95386,Plein jour,Hors agglomération,Hors intersection,Normale,Sans collision,3,2,2,0,1,1,1,0,8,80,1,2,0,0,0,2,20.0,,voiture,,1,1,1,1,7
202300039902,2023-02-25 14:35:00,2023,2,25,14,35,08,08435,Chemin Communal PK 80,49.450362,4.296899,Plein jour,Hors agglomération,Hors intersection,Normale,Sans collision,4,2,2,0,1,4,1,0,3,80,1,3,0,1,0,2,60.0,,voiture,,1,1,1,1,7
202300039903,2023-05-15 16:07:00,2023,5,15,16,7,52,52121,SOUVENIR FRANCAIS (AVENUE DU),48.10857,5.14588,Plein jour,En agglomération,Hors intersection,Normale,Deux véhicules - frontale,4,2,2,1,1,2,1,0,1,50,2,2,1,0,1,0,18.0,16.0,voiture,deux_roues,1,2,1,1,1
202300039904,2023-02-24 18:27:00,2023,2,24,18,27,86,86258,D725,46.813625,0.389982,Plein jour,Hors agglomération,Intersection en X,Normale,Autre collision,3,2,2,0,1,1,2,5,8,80,1,1,0,1,0,0,33.0,,deux_roues,,1,1,2,1,6
202300039904,2023-02-24 18:27:00,2023,2,24,18,27,86,86258,D725,46.813625,0.389982,Plein jour,Hors agglomération,Intersection en X,Normale,Autre collision,3,2, -1,-1,1,1,2,5,8,80,1,1,0,1,0,0,33.0,,deux_roues,,1,1,2,1,6
202300039905,2023-05-16 18:15:00,2023,5,16,18,15,51,51454,avenue du Maréchal Juin,49.22401,4.01799,Plein jour,En agglomération,Intersection en T,Normale,Deux véhicules - côté,4,2,4,0,1,1,1,0,1,50,2,2,1,0,0,1,49.0,22.0,voiture,voiture,1,2,3,1,3
202300039905,2023-05-16 18:15:00,2023,5,16,18,15,51,51454,avenue du Maréchal Juin,49.22401,4.01799,Plein jour,En agglomération,Intersection en T,Normale,Deux véhicules - côté,4,2,2,0,1,3,1,0,1,50,2,2,1,0,0,1,49.0,22.0,voiture,voiture,1,2,3,1,3
202300039906,2023-02-25 05:55:00,2023,2,25,5,55,02,02060,A29,49.845894,3.09211,Nuit sans éclairage public,Hors agglomération,Hors intersection,Normale,Autre collision,1,3,4,0,1,1,1,0,1,130,1,2,0,0,1,1,20.0,,voiture,,3,1,1,1,6
202300039907,2023-05-16 20:00:00,2023,5,16,20,0,44,44132,30 Avenue Gravelais,47.26317,-2.33657,Plein jour,En agglomération,Intersection en X,Normale,Deux véhicules - côté,4,2,1,0,1,1,1,0,1,30,2,6,5,0,1,0,24.0,69.0,voiture,voiture,1,2,2,1,3
202300039907,2023-05-16 20:00:00,2023,5,16,20,0,44,44132,30 Avenue Gravelais,47.26317,-2.33657,Plein jour,En agglomération,Intersection en X,Normale,Deux véhicules - côté,4,2,1,0,1,1,1,0,1,30,2,6,5,0,1,0,24.0,69.0,voiture,voiture,1,2,2,1,3
202300039908,2023-02-24 19:15:00,2023,2,24,19,15,62,62078,D231,50.850428,1.938632,Nuit sans éclairage public,Hors agglomération,Hors intersection,Pluie légère,Deux véhicules - frontale,3,2,2,0,1,1,2,0,1,80,2,4,1,0,2,1,38.0,31.0,voiture,voiture,3,1,1,2,1
202300039909,2023-02-23 18:00:00,2023,2,23,18,0,27,27230,Z.A. Parc de Coutumel (Zone industrielle),48.861055,1.396766,Crépuscule ou aube,Hors agglomération,Hors intersection,Normale,Autre collision,4,2,2,0,1,3,1,9,4,-1,1,1,0,0,1,0,15.0,,deux_roues,,2,1,1,1,6
202300039910,2023-05-17 02:15:00,2023,5,17,2,15,37,37261,PREUILLY (BOULEVARD),47.39342,0.67189,Nuit avec éclairage allumé,En agglomération,Intersection en X,Normale,Autre collision,4,2,2,0,1,1,1,0,4,50,1,1,0,0,0,1,48.0,,voiture,,5,2,2,1,6
202300039910,2023-05-17 02:15:00,2023,5,17,2,15,37,37261,PREUILLY (BOULEVARD),47.39342,0.67189,Nuit avec éclairage allumé,En agglomération,Intersection en X,Normale,Autre collision,4,-1,2,0,1,1,1,0,4,50,1,1,0,0,0,1,48.0,,voiture,,5,2,2,1,6
202300039911,2023-02-24 22:20:00,2023,2,24,22,20,84,84029,D975,44.152398,4.855109,Nuit sans éclairage public,Hors agglomération,Hors intersection,Pluie légère,Sans collision,3,2,2,0,1,4,2,0,3,70,1,1,0,0,0,1,35.0,,voiture,,3,1,1,2,7
202300039912,2023-05-16 19:40:00,2023,5,16,19,40,37,37261,BOYER (RUE LEON),47.39104,0.67367,Plein jour,En agglomération,Hors intersection,Normale,Deux véhicules - arrière,4,2,2,0,1,1,1,0,1,50,2,2,1,0,0,1,25.0,59.0,voiture,deux_roues,1,2,1,1,2
202300039913,2023-05-16 11:00:00,2023,5,16,11,0,37,37214,CHANTERIE (RUE DE LA),47.41308,0.67659,Plein jour,En agglomération,Hors intersection,Normale,Autre collision,4,1,1,0,1,4,1,0,1,50,1,1,0,0,0,1,82.0,,utilitaire_camion,,1,2,1,1,6
202300039914,2023-02-24 16:00:00,2023,2,24,16,0,62,62491,D947,50.593031,2.761842,Plein jour,Hors agglomération,Intersection en T,Normale,Trois véhicules et plus - en chaîne,3,2,2,0,1,1,1,0,1,80,3,5,4,0,1,0,26.0,50.0,voiture,voiture,1,1,3,1,4
202300039914,2023-02-24 16:00:00,2023,2,24,16,0,62,62491,D947,50.593031,2.761842,Plein jour,Hors agglomération,Intersection en T,Normale,Trois véhicules et plus - en chaîne,3,-1,2,0,1,1,1,0,8,50,3,5,4,0,1,0,26.0,50.0,voiture,voiture,1,1,3,1,4
202300039915,2023-05-16 08:00:00,2023,5,16,8,0,37,37261,BERT (QUAI PAUL),47.40313,0.70458,Plein jour,En agglomération,Hors intersection,Normale,Deux véhicules - côté,4,2,2,0,1,1,1,0,4,50,2,2,1,0,0,1,51.0,66.0,deux_roues,voiture,1,2,1,1,3
202300039916,2023-02-20 16:30:00,2023,2,20,16,30,87,87202,Route de la Chatrusse,45.907958,1.109512,Plein jour,Hors agglomération,Hors intersection,Normale,Autre collision,3,2,2,0,3,1,1,0,1,80,2,2,1,0,1,0,83.0,79.0,voiture,deux_roues,1,1,1,1,6
202300039917,2023-05-16 17:10:00,2023,5,16,17,10,35,35278,RD 137,48.14685,-1.69892,Plein jour,Hors agglomération,Hors intersection,Normale,Trois véhicules et plus - en chaîne,3,3,6,0,1,1,1,0,1,90,3,3,2,0,0,1,70.0,35.0,voiture,utilitaire_camion,1,1,1,1,4
202300039918,2023-02-25 01:00:00,2023,2,25,1,0,19,19176,Route Departementale 16,45.36947472,2.07133701,Nuit sans éclairage public,Hors agglomération,Hors intersection,Normale,Autre collision,3,2,2,0,1,2,2,0,3,90,1,1,0,0,1,0,40.0,,voiture,,3,1,1,1,6
202300039919,2023-05-16 13:30:00,2023,5,16,13,30,35,35051,RN136,48.11537,-1.56466,Plein jour,Hors agglomération,Hors intersection,Normale,Autre collision,2,1,2,0,2,3,1,3,3,90,1,1,0,0,0,1,20.0,,voiture,,1,1,1,1,6
202300039920,2023-02-24 15:30:00,2023,2,24,15,30,65,65350,D393,43.293544,0.042443,Plein jour,Hors agglomération,Hors intersection,Normale,Sans collision,3,2,2,0,1,2,1,0,3,80,1,1,0,0,0,1,16.0,,deux_roues,,1,1,1,1,7
202300039921,2023-05-15 14:00:00,2023,5,15,14,0,35,35150,CHAUNIERE (LA) LIEUX-DITS,48.37415,-1.22616,Plein jour,Hors agglomération,Hors intersection,Pluie légère,Autre collision,3,2,2,0,1,1,2,0,3,80,1,1,0,0,0,1,32.0,,voiture,,1,1,1,2,6
202300039922,2023-05-15 16:45:00,2023,5,15,16,45,34,34172,15bis Avenue Charles Flahault,43.6239,3.86205,Plein jour,En agglomération,Intersection en X,Normale,Deux véhicules - côté,4,1,2,1,1,1,1,0,1,50,2,2,1,0,1,0,73.0,37.0,voiture,deux_roues,1,2,2,1,3
202300039922,2023-05-15 16:45:00,2023,5,15,16,45,34,34172,15bis Avenue Charles Flahault,43.6239,3.86205,Plein jour,En agglomération,Intersection en X,Normale,Deux véhicules - côté,4,1,2,1,1,1,1,0,1,50,2,2,1,0,1,0,73.0,37.0,voiture,deux_roues,1,2,2,1,3
202300039923,2023-05-16 20:30:00,2023,5,16,20,30,33,33063,Avenue du Maréchal de Lattre de Tassigny,44.85845,-0.62402,Plein jour,En agglomération,Hors intersection,Temps éblouissant,Autre collision,4,1,1,0,1,1,1,8,1,30,1,2,1,0,0,1,73.0,,voiture,,1,2,1,7,6
202300039924,2023-02-24 15:00:00,2023,2,24,15,0,55,55431,voie publique,48.878215,5.764153,Plein jour,Hors agglomération,Intersection en X,Normale,Deux véhicules - côté,3,2,2,0,2,1,1,0,1,90,2,2,1,0,1,0,62.0,21.0,deux_roues,voiture,1,1,2,1,3
202300039924,2023-02-24 15:00:00,2023,2,24,15,0,55,55431,voie publique,48.878215,5.764153,Plein jour,Hors agglomération,Intersection en X,Normale,Deux véhicules - côté,3,-1,2,0,1,1,1,0,1,90,2,2,1,0,1,0,62.0,21.0,deux_roues,voiture,1,1,2,1,3
202300039925,2023-05-16 17:30:00,2023,5,16,17,30,33,33063,Rue Achard,44.86997,-0.54754,Plein jour,En agglomération,Hors intersection,Normale,Deux véhicules - côté,4,1,1,3,1,1,1,0,4,30,2,2,1,0,0,1,46.0,46.0,voiture,deux_roues,1,2,1,1,3
202300039926,2023-02-25 10:20:00,2023,2,25,10,20,46,46066,Lieu-dit la TUQUE,44.639049,1.228894,Plein jour,Hors agglomération,Intersection en X,Normale,Deux véhicules - côté,3,2,2,0,1,1,1,0,1,80,2,2,1,1,0,0,24.0,61.0,voiture,deux_roues,1,1,2,1,3
202300039926,2023-02-25 10:20:00,2023,2,25,10,20,46,46066,Lieu-dit la TUQUE,44.639049,1.228894,Plein jour,Hors agglomération,Intersection en X,Normale,Deux véhicules - côté,3,2,2,0,1,1,1,0,1,80,2,2,1,1,0,0,24.0,61.0,voiture,deux_roues,1,1,2,1,3
202300039927,2023-02-25 02:30:00,2023,2,25,2,30,86,86100,D611,46.512485,0.228305,Nuit sans éclairage public,Hors agglomération,Hors intersection,Normale,Autre collision,3,2,2,0,1,1,1,0,3,90,1,1,0,0,1,0,45.0,,voiture,,3,1,1,1,6