accident_id,datetime,annee,mois,jour,heure,minute,departement,commune_insee,adresse,latitude,longitude,luminosite,agglomeration,intersection,meteo,collision,catr,circ,nbv,vosp,prof,plan,surf,infra,situ,vma,nb_vehicules,nb_usagers,nb_indemnes,nb_tues,nb_blesses_hosp,nb_blesses_legers,age_cond_1,age_cond_2,veh_type_cond_1,veh_type_cond_2,lum_code,agg_code,int_code,atm_code,col_code
202300039928,2023-05-16 15:30:00,2023,5,16,15,30,33,33318,Avenue du Pont de l'Orient,44.80543688,-0.64913884,Plein jour,En agglomération,Intersection en X,Normale,Autre collision,4,2,3,2,1,1,1,5,8,50,1,3,0,0,0,3,20.0,,deux_roues,,1,2,2,1,6
202300039928,2023-05-16 15:30:00,2023,5,16,15,30,33,33318,Avenue du Pont de l'Orient,44.80543688,-0.64913884,Plein jour,En agglomération,Intersection en X,Normale,Autre collision,4,2,3,2,1,1,1,5,4,50,1,3,0,0,0,3,20.0,,deux_roues,,1,2,2,1,6
202300039929,2023-02-25 03:30:00,2023,2,25,3,30,68,68176,1 Rue de Luffendorf,47.558989,7.186695,Nuit sans éclairage public,En agglomération,Autre intersection,Pluie légère,Sans collision,3,2,2,0,2,2,2,0,3,50,1,2,0,0,0,2,20.0,,voiture,,3,2,9,2,7
202300039930,2023-02-24 16:10:00,2023,2,24,16,10,44,44131,4 Les Bleuets,47.140906,-2.130704,Plein jour,Hors agglomération,Hors intersection,Temps couvert,Sans collision,4,2,2,0,1,1,2,0,3,50,1,1,0,1,0,0,69.0,,deux_roues,,1,1,1,8,7
202300039931,2023-05-14 19:00:00,2023,5,14,19,0,33,33063,Cours de l'Yser,44.82697,-0.56921,Plein jour,En agglomération,Intersection en X,Normale,Deux véhicules - arrière,4,2,1,0,1,1,1,5,1,50,2,5,1,0,0,4,52.0,25.0,voiture,utilitaire_camion,1,2,2,1,2
202300039931,2023-05-14 19:00:00,2023,5,14,19,0,33,33063,Cours de l'Yser,44.82697,-0.56921,Plein jour,En agglomération,Intersection en X,Normale,Deux véhicules - arrière,4,1,1,0,1,1,1,5,1,50,2,5,1,0,0,4,52.0,25.0,voiture,utilitaire_camion,1,2,2,1,2
202300039932,2023-02-24 18:00:00,2023,2,24,18,0,03,03018,RD 35,46.269866,3.267059,Crépuscule ou aube,Hors agglomération,Hors intersection,Normale,Sans collision,3,2,2,0,2,1,1,0,3,90,1,1,0,0,0,1,68.0,,voiture,,2,1,1,1,7
202300039933,2023-05-16 19:40:00,2023,5,16,19,40,29,29232,Rue du Cosquer,48.00115,-4.11068,Plein jour,En agglomération,Giratoire,Normale,Deux véhicules - frontale,4,1,1,0,1,2,1,5,1,50,2,2,1,0,0,1,30.0,50.0,voiture,deux_roues,1,2,6,1,1
202300039933,2023-05-16 19:40:00,2023,5,16,19,40,29,29232,Rue du Cosquer,48.00115,-4.11068,Plein jour,En agglomération,Giratoire,Normale,Deux véhicules - frontale,4,2,2,0,1,3,1,5,1,50,2,2,1,0,0,1,30.0,50.0,voiture,deux_roues,1,2,6,1,1
202300039934,2023-05-16 08:36:00,2023,5,16,8,36,27,27681,CAPUCINS (AVENUE DES),49.09171,1.46992,Plein jour,En agglomération,Autre intersection,Normale,Sans collision,4,2,2,0,1,1,1,0,3,50,1,1,0,0,0,1,47.0,,voiture,,1,2,9,1,7
202300039935,2023-05-15 17:25:00,2023,5,15,17,25,27,27562,D64E (voie nouvelle),49.08416,1.44077,Plein jour,Hors agglomération,Hors intersection,Normale,Sans collision,3,2,2,0,1,1,1,0,3,80,1,1,0,0,0,1,23.0,,voiture,,1,1,1,1,7
202300039936,2023-02-24 19:45:00,2023,2,24,19,45,14,14193,1906 Route Henri Deslandes,49.11372,0.301943,Nuit sans éclairage public,Hors agglomération,Intersection en X,Normale,Deux véhicules - côté,3,2,1,0,1,1,1,0,1,80,2,2,1,0,0,1,34.0,71.0,deux_roues,voiture,3,1,2,1,3
202300039936,2023-02-24 19:45:00,2023,2,24,19,45,14,14193,1906 Route Henri Deslandes,49.11372,0.301943,Nuit sans éclairage public,Hors agglomération,Intersection en X,Normale,Deux véhicules - côté,3,2,1,0,1,1,1,0,1,80,2,2,1,0,0,1,34.0,71.0,deux_roues,voiture,3,1,2,1,3
202300039937,2023-05-14 23:33:00,2023,5,14,23,33,27,27681,IVRY (ROUTE D'),49.0826,1.47744,Nuit avec éclairage allumé,En agglomération,Hors intersection,Normale,Autre collision,4,2,2,0,2,4,1,5,1,50,1,2,0,0,0,2,18.0,,voiture,,5,2,1,1,6
202300039938,2023-02-24 16:50:00,2023,2,24,16,50,14,14303,500 Chemin de la Quesse,49.136523,0.284733,Plein jour,Hors agglomération,Hors intersection,Normale,Deux véhicules - frontale,4,1,1,0,1,2,1,0,1,80,2,1,0,0,0,1,18.0,,deux_roues,,1,1,1,1,1
202300039939,2023-02-24 07:35:00,2023,2,24,7,35,14,14454,38 Chemin de la Hoguette,49.148327,-0.476598,Plein jour,En agglomération,Intersection en X,Normale,Deux véhicules - arrière,3,2,2,0,2,1,1,0,1,50,2,2,1,0,1,0,18.0,36.0,deux_roues,voiture,1,2,2,1,2
202300039939,2023-02-24 07:35:00,2023,2,24,7,35,14,14454,38 Chemin de la Hoguette,49.148327,-0.476598,Plein jour,En agglomération,Intersection en X,Normale,Deux véhicules - arrière,3,2,2,0,2,1,1,0,1,50,2,2,1,0,1,0,18.0,36.0,deux_roues,voiture,1,2,2,1,2
202300039940,2023-05-16 17:00:00,2023,5,16,17,0,18,18033,Rue des Alouettes,47.125635,2.394159,Plein jour,En agglomération,Giratoire,Normale,Sans collision,3,3,2,1,1,1,1,0,1,50,1,1,0,0,1,0,30.0,,deux_roues,,1,2,6,1,7
202300039940,2023-05-16 17:00:00,2023,5,16,17,0,18,18033,Rue des Alouettes,47.125635,2.394159,Plein jour,En agglomération,Giratoire,Normale,Sans collision,3,3,2,0,1,1,1,0,1,50,1,1,0,0,1,0,30.0,,deux_roues,,1,2,6,1,7
202300039940,2023-05-16 17:00:00,2023,5,16,17,0,18,18033,Rue des Alouettes,47.125635,2.394159,Plein jour,En agglomération,Giratoire,Normale,Sans collision,3,-1,2,0,1,1,1,0,8,50,1,1,0,0,1,0,30.0,,deux_roues,,1,2,6,1,7
202300039940,2023-05-16 17:00:00,2023,5,16,17,0,18,18033,Rue des Alouettes,47.125635,2.394159,Plein jour,En agglomération,Giratoire,Normale,Sans collision,3,2,2,0,1,1,1,9,8,50,1,1,0,0,1,0,30.0,,deux_roues,,1,2,6,1,7
202300039941,2023-02-25 04:10:00,2023,2,25,4,10,60,60272,d332,49.30039173,2.88288585,Nuit sans éclairage public,Hors agglomération,Hors intersection,Normale,Sans collision,3,2,2,0,1,1,1,0,8,80,1,1,0,0,0,1,,,,,3,1,1,1,7
202300039942,2023-02-21 21:30:00,2023,2,21,21,30,85,85145,RD113 ,46.7474935,-0.9308257,Nuit sans éclairage public,Hors agglomération,Hors intersection,Normale,Autre collision,3,2,2,0,1,1,1,0,3,80,1,1,0,0,0,1,30.0,,deux_roues,,3,1,1,1,6
202300039943,2023-02-24 19:25:00,2023,2,24,19,25,30,30012,d126,43.887513,4.659673,Nuit sans éclairage public,Hors agglomération,Hors intersection,Pluie légère,Sans collision,3,2,2,0,1,1,2,0,3,80,1,1,0,0,1,0,21.0,,voiture,,3,1,1,2,7
202300039944,2023-05-16 08:55:00,2023,5,16,8,55,15,15014,N 122,44.91069,2.42645,Plein jour,En agglomération,Hors intersection,Normale,Trois véhicules et plus - en chaîne,2,2, -1,0,1,1,1,0,1,50,3,3,1,0,0,2,22.0,71.0,voiture,voiture,1,2,1,1,4
202300039945,2023-05-15 09:30:00,2023,5,15,9,30,14,14366,82 Boulevard Sainte Anne,49.14348,0.22231,Plein jour,En agglomération,Hors intersection,Normale,Autre collision,4,1,2,0,1,1,1,0,1,50,1,2,0,0,0,2,47.0,,voiture,,1,2,1,1,6
202300039946,2023-02-24 18:15:00,2023,2,24,18,15,88,88037,Cd 34 de Planois,47.988392,6.778307,Nuit sans éclairage public,Hors agglomération,Hors intersection,Pluie légère,Deux véhicules - frontale,3,2,2,0,2,1,2,0,1,90,3,4,2,0,0,2,37.0,50.0,voiture,voiture,3,1,1,2,1
202300039947,2023-05-16 17:15:00,2023,5,16,17,15,14,14437,6 Rue Calmette,49.1791,-0.3178,Plein jour,En agglomération,Hors intersection,Normale,Autre collision,4,2,2,0,1,1,1,9,4,30,1,2,1,0,0,1,75.0,,voiture,,1,2,1,1,6
202300039948,2023-02-25 12:40:00,2023,2,25,12,40,88,88304,,48.298598,6.134008,Plein jour,En agglomération,Intersection en T,Normale,Autre collision,3,2,2,-1,1,1,1,5,4,-1,1,1,0,1,0,0,23.0,,voiture,,1,2,3,1,6
202300039948,2023-02-25 12:40:00,2023,2,25,12,40,88,88304,,48.298598,6.134008,Plein jour,En agglomération,Intersection en T,Normale,Autre collision,3,1,2,0,1,1,1,0,4,50,1,1,0,1,0,0,23.0,,voiture,,1,2,3,1,6
202300039949,2023-05-16 09:10:00,2023,5,16,9,10,13,13210,CORPS EXPEDITIONNAIRE FRANCAIS (AV DU),43.28117,5.44161,Plein jour,En agglomération,Hors intersection,Normale,Deux véhicules - côté,4,2,0,0,1,2,1,0,1,50,2,2,1,0,0,1,22.0,32.0,deux_roues,voiture,1,2,1,1,3
202300039950,2023-02-24 20:12:00,2023,2,24,20,12,974,97402,Rue des Poivriers,-20.984261,55.651921,Nuit avec éclairage allumé,Hors agglomération,Hors intersection,Normale,Deux véhicules - frontale,4,2,2,0,2,2,1,0,1,80,2,2,1,0,1,0,25.0,27.0,transport_commun,deux_roues,5,1,1,1,1
202300039951,2023-02-05 20:00:00,2023,2,5,20,0,49,49266,A11  - PK 283,47.436158,-0.779343,Nuit avec éclairage non allumé,Hors agglomération,Hors intersection,Normale,Sans collision,1,3,2,0,1,1,1,0,3,130,1,1,0,0,0,1,32.0,,voiture,,4,1,1,1,7
202300039952,2023-05-15 16:20:00,2023,5,15,16,20,13,13001,ATTARD SERGE (ALLEE),43.48217667,5.41985056,Plein jour,En agglomération,Hors intersection,Normale,Autre collision,4,2,2,0,1,1,1,0,1,30,1,2,1,0,0,1,44.0,,deux_roues,,1,2,1,1,6
202300039953,2023-05-15 12:04:00,2023,5,15,12,4,11,11262,44 Boulevard de 1848,43.19168,3.01495,Plein jour,En agglomération,Intersection en X,Normale,Deux véhicules - côté,4,2,4,0,1,1,1,0,1,50,2,2,0,0,2,0,16.0,73.0,deux_roues,voiture,1,2,2,1,3
202300039953,2023-05-15 12:04:00,2023,5,15,12,4,11,11262,44 Boulevard de 1848,43.19168,3.01495,Plein jour,En agglomération,Intersection en X,Normale,Deux véhicules - côté,4,2,2,0,1,1,1,9,1,50,2,2,0,0,2,0,16.0,73.0,deux_roues,voiture,1,2,2,1,3
202300039954,2023-02-24 18:30:00,2023,2,24,18,30,988,98822,Tiéti (Tribu),-20.91654,165.307,Nuit sans éclairage public,Hors agglomération,Intersection en T,Temps couvert,Sans collision,2,2,2,0,1,1,1,0,3,70,1,1,0,0,1,0,40.0,,voiture,,3,1,3,8,7
202300039954,2023-02-24 18:30:00,2023,2,24,18,30,988,98822,Tiéti (Tribu),-20.91654,165.307,Nuit sans éclairage public,Hors agglomération,Intersection en T,Temps couvert,Sans collision,2,2, -1,-1,-1,1,1,-1,3,-1,1,1,0,0,1,0,40.0,,voiture,,3,1,3,8,7
202300039955,2023-05-14 10:55:00,2023,5,14,10,55,11,11069,5 Chemin de Montlegun,43.205456,2.370754,Plein jour,En agglomération,Hors intersection,Normale,Deux véhicules - frontale,4,2,2,0,2,2,1,0,1,50,2,3,2,0,0,1,61.0,48.0,deux_roues,voiture,1,2,1,1,1
202300039956,2023-05-16 07:13:00,2023,5,16,7,13,06,06088,ANGLAIS (DU N° 114 AU N° 263),43.68282,7.23322,Plein jour,En agglomération,Hors intersection,Normale,Autre collision,4,3,6,0,1,1,1,0,1,50,1,1,0,1,0,0,51.0,,deux_roues,,1,2,1,1,6
202300039957,2023-02-24 14:00:00,2023,2,24,14,0,988,98821,RT1 La Tamoa,-22.06313,166.25682,Plein jour,Hors agglomération,Hors intersection,Pluie forte,Deux véhicules - frontale,2,2,2,0,2,2,2,0,1,90,2,8,0,2,6,0,40.0,44.0,voiture,voiture,1,1,1,3,1
202300039958,2023-05-16 04:00:00,2023,5,16,4,0,06,06069,ROUQUIER (BOULEVARD EMMANUEL),43.63749,6.9411,Nuit avec éclairage allumé,En agglomération,Giratoire,Normale,Sans collision,4,2,0,0,1,2,1,0,1,50,1,1,0,0,0,1,30.0,,deux_roues,,5,2,6,1,7
202300039959,2023-02-25 00:00:00,2023,2,25,0,0,973,97311,Avenue Christophe Colomb,5.47676,-54.038551,Nuit avec éclairage allumé,En agglomération,Intersection en Y,Normale,Deux véhicules - frontale,3,2,1,0,1,1,1,0,1,50,2,2,1,1,0,0,34.0,28.0,deux_roues,voiture,5,2,4,1,1
202300039959,2023-02-25 00:00:00,2023,2,25,0,0,973,97311,Avenue Christophe Colomb,5.47676,-54.038551,Nuit avec éclairage allumé,En agglomération,Intersection en Y,Normale,Deux véhicules - frontale,3,2, -1,-1,1,1,1,0,1,-1,2,2,1,1,0,0,34.0,28.0,deux_roues,voiture,5,2,4,1,1
202300039960,2023-05-15 16:30:00,2023,5,15,16,30,06,06069,ROUQUIER (BOULEVARD EMMANUEL),43.63092,6.93867,Plein jour,En agglomération,Hors intersection,Pluie légère,Trois véhicules et plus - en chaîne,4,2,2,0,1,1,2,0,1,50,3,4,1,0,0,3,41.0,58.0,autre,voiture,1,2,1,2,4
202300039961,2023-02-25 11:30:00,2023,2,25,11,30,66,66108,,42.691421,2.698855,Plein jour,En agglomération,Intersection en T,Normale,Deux véhicules - côté,3,2,2,0,1,1,1,0,1,30,2,2,1,0,1,0,47.0,47.0,voiture,deux_roues,1,2,3,1,3
202300039961,2023-02-25 11:30:00,2023,2,25,11,30,66,66108,,42.691421,2.698855,Plein jour,En agglomération,Intersection en T,Normale,Deux véhicules - côté,3,2, -1,-1,1,1,1,5,8,-1,2,2,1,0,1,0,47.0,47.0,voiture,deux_roues,1,2,3,1,3
202300039962,2023-05-16 06:45:00,2023,5,16,6,45,06,06029,GABRES (PONT DES),43.55201,7.02942,Plein jour,En agglomération,Hors intersection,Normale,Deux véhicules - côté,4,3,4,0,1,1,1,0,1,30,2,2,1,0,1,0,58.0,35.0,deux_roues,voiture,1,2,1,1,3
202300039963,2023-02-24 17:00:00,2023,2,24,17,0,84,84026,Route de Marseille,43.724022,5.375544,Plein jour,Hors agglomération,Hors intersection,Normale,Trois véhicules et plus - collisions multiples,3,2,2,0,1,1,1,0,1,70,3,3,2,0,1,0,60.0,85.0,voiture,voiture,1,1,1,1,5
202300039964,2023-05-10 16:45:00,2023,5,10,16,45,04,04112,SAINT JOSEPH(BOULEVARD),43.82073,5.79518,Plein jour,En agglomération,Hors intersection,Normale,Deux véhicules - côté,4,3,2,0,1,1,1,0,1,50,2,2,1,0,0,1,45.0,46.0,voiture,voiture,1,2,1,1,3
202300039965,2023-02-24 08:30:00,2023,2,24,8,30,71,71090,1068 Route de Julienas,46.220509,4.754055,Plein jour,Hors agglomération,Hors intersection,Brouillard / fumée,Deux véhicules - frontale,3,2,2,0,2,3,2,0,1,70,2,3,1,0,0,2,49.0,68.0,voiture,voiture,1,1,1,5,1
202300039966,2023-05-16 19:00:00,2023,5,16,19,0,75,75119,PORTE D AUBERVILLIERS,48.900479,2.37528,Plein jour,En agglomération,Hors intersection,Normale,Deux véhicules - arrière,4,1,4,0,1,1,1,0,1,70,2,2,1,0,0,1,26.0,63.0,deux_roues,voiture,1,2,1,1,2
202300039967,2023-05-16 16:10:00,2023,5,16,16,10,75,75113,PORTE DE GENTILLY,48.817045,2.348402,Plein jour,En agglomération,Hors intersection,Normale,Deux véhicules - arrière,4,1,3,0,1,1,1,0,1,70,2,2,1,0,0,1,32.0,43.0,deux_roues,voiture,1,2,1,1,2
202300039968,2023-02-09 17:45:00,2023,2,9,17,45,67,67118,Rue d'Oberhausbergen,48.580472,7.687007,Crépuscule ou aube,En agglomération,Intersection en X,Normale,Deux véhicules - côté,7,1,1,0,1,1,1,5,1,30,2,2,1,0,0,1,45.0,43.0,voiture,deux_roues,2,2,2,1,3
202300039968,2023-02-09 17:45:00,2023,2,9,17,45,67,67118,Rue d'Oberhausbergen,48.580472,7.687007,Crépuscule ou aube,En agglomération,Intersection en X,Normale,Deux véhicules - côté,7,2, -1,-1,1,1,1,5,1,30,2,2,1,0,0,1,45.0,43.0,voiture,deux_roues,2,2,2,1,3
202300039969,2023-05-16 14:30:00,2023,5,16,14,30,75,75115,PORTE DE LA PLAINE,48.82723,2.29311,Plein jour,En agglomération,Hors intersection,Normale,Deux véhicules - côté,4,1,3,0,1,1,1,0,1,70,2,4,1,0,0,3,48.0,40.0,voiture,utilitaire_camion,1,2,1,1,3
202300039970,2023-02-25 03:15:00,2023,2,25,3,15,26,26064,RD68,44.916377,4.952667,Nuit sans éclairage public,Hors agglomération,Giratoire,Pluie légère,Sans collision,3,2,2,0,1,1,2,0,8,80,1,2,1,0,1,0,,,utilitaire_camion,,3,1,6,2,7
202300039971,2023-05-15 13:10:00,2023,5,15,13,10,75,75117,BD PERIPHERIQUE INTERIEUR,48.89261,2.302462,Plein jour,En agglomération,Hors intersection,Pluie légère,Deux véhicules - arrière,4,1,4,0,1,1,2,0,1,70,2,2,1,0,0,1,28.0,44.0,deux_roues,utilitaire_camion,1,2,1,2,2
202300039972,2023-02-24 16:45:00,2023,2,24,16,45,24,24361,route de la Plaine,44.844787,0.62165,Plein jour,Hors agglomération,Hors intersection,Normale,Deux véhicules - frontale,3,2,2,0,1,1,1,0,1,50,2,4,3,0,1,0,21.0,52.0,voiture,deux_roues,1,1,1,1,1
202300039973,2023-02-24 20:15:00,2023,2,24,20,15,33,33433,Chemin de l'Esventat,44.91072263,-0.45266837,Nuit sans éclairage public,Hors agglomération,Hors intersection,Normale,Autre collision,4,2,0,0,1,1,1,0,1,50,1,1,0,0,1,0,40.0,,deux_roues,,3,1,1,1,6
202300039974,2023-05-15 11:25:00,2023,5,15,11,25,75,75114,BD PERIPHERIQUE EXTERIEUR,48.816749,2.336224,Plein jour,En agglomération,Hors intersection,Normale,Deux véhicules - arrière,4,1,2,0,1,1,1,1,1,70,2,3,1,0,0,2,43.0,20.0,voiture,deux_roues,1,2,1,1,2
202300039975,2023-05-14 15:00:00,2023,5,14,15,0,75,75120,BD PERIPHERIQUE EXTERIEUR,48.869663,2.413494,Plein jour,En agglomération,Hors intersection,Normale,Autre collision,4,1,5,0,1,2,1,0,1,70,1,1,0,0,0,1,71.0,,voiture,,1,2,1,1,6
202300039976,2023-02-23 18:26:00,2023,2,23,18,26,13,13211,A50-Sens Marseille vers Aubagne,43.2918,5.4533,Nuit sans éclairage public,Hors agglomération,Hors intersection,Normale,Deux véhicules - arrière,1,3,3,0,1,1,1,0,1,90,2,2,1,0,0,1,27.0,24.0,utilitaire_camion,voiture,3,1,1,1,2
202300039977,2023-05-16 18:20:00,2023,5,16,18,20,75,75114,RUE VERCINGETORIX,48.833345,2.312369,Plein jour,En agglomération,Hors intersection,Normale,Autre collision,4,1,1,1,1,1,1,0,5,30,1,2,1,0,1,0,63.0,,deux_roues,,1,2,1,1,6
202300039978,2023-02-23 12:44:00,2023,2,23,12,44,13,13214,A507 sens Marseille - Aubagne,43.3303,5.39,Plein jour,Hors agglomération,Hors intersection,Normale,Deux véhicules - arrière,1,3,2,0,1,1,1,1,1,70,2,2,1,0,0,1,64.0,51.0,voiture,utilitaire_camion,1,1,1,1,2
202300039979,2023-05-15 09:45:00,2023,5,15,9,45,75,75120,BD PERIPHERIQUE INTERIEUR ,48.85322,2.41423,Plein jour,En agglomération,Hors intersection,Normale,Deux véhicules - arrière,4,1,4,0,1,1,1,0,1,70,2,2,1,0,0,1,32.0,23.0,deux_roues,voiture,1,2,1,1,2
202300039980,2023-02-24 17:15:00,2023,2,24,17,15,94,94038,A6A,48.77537186,2.34614811,Plein jour,Hors agglomération,Hors intersection,Normale,Trois véhicules et plus - en chaîne,1,3,6,0,1,1,1,0,1,90,3,3,2,0,0,1,67.0,52.0,voiture,voiture,1,1,1,1,4
202300039981,2023-05-14 13:20:00,2023,5,14,13,20,75,75106,BOULEVARD DU MONTPARNASSE,48.841965,2.329911,Plein jour,En agglomération,Intersection en Y,Normale,Deux véhicules - arrière,4,-1,2,0,1,1,1,0,1,30,2,2,1,0,0,1,20.0,23.0,deux_roues,voiture,1,2,4,1,2
202300039981,2023-05-14 13:20:00,2023,5,14,13,20,75,75106,BOULEVARD DU MONTPARNASSE,48.841965,2.329911,Plein jour,En agglomération,Intersection en Y,Normale,Deux véhicules - arrière,4,1, -1,0,1,1,1,0,1,30,2,2,1,0,0,1,20.0,23.0,deux_roues,voiture,1,2,4,1,2
202300039982,2023-02-24 16:40:00,2023,2,24,16,40,91,91161,AUTOROUTE A6,48.70382,2.30639,Plein jour,Hors agglomération,Hors intersection,Normale,Deux véhicules - côté,1,1,3,0,1,1,1,0,1,110,2,2,1,0,0,1,56.0,66.0,deux_roues,voiture,1,1,1,1,3
202300039983,2023-05-16 08:55:00,2023,5,16,8,55,75,75120,AVENUE IBSEN,48.86497,2.410973,Plein jour,En agglomération,Hors intersection,Normale,Deux véhicules - côté,4,1,3,0,1,1,1,0,5,30,2,2,1,0,0,1,22.0,23.0,deux_roues,deux_roues,1,2,1,1,3
202300039984,2023-05-16 14:00:00,2023,5,16,14,0,75,75118,RUE HERMEL,48.894178,2.345965,Plein jour,En agglomération,Hors intersection,Normale,Autre collision,4,-1,1,0,1,1,1,0,1,30,1,2,1,0,0,1,41.0,,utilitaire_camion,,1,2,1,1,6
202300039985,2023-02-24 06:14:00,2023,2,24,6,14,91,91687,AUTOROUTE A6,48.6625,2.36822,Nuit sans éclairage public,Hors agglomération,Hors intersection,Normale,Trois véhicules et plus - en chaîne,1,3,3,0,1,1,1,0,1,110,3,3,2,0,0,1,27.0,33.0,deux_roues,utilitaire_camion,3,1,1,1,4
202300039986,2023-02-23 15:00:00,2023,2,23,15,0,68,68056,AV D'ALTKIRCH,47.72623,7.32086,Plein jour,En agglomération,Hors intersection,Normale,Autre collision,4,2,3,0,1,1,1,0,1,50,1,2,1,0,1,0,37.0,,voiture,,1,2,1,1,6
202300039987,2023-05-16 08:10:00,2023,5,16,8,10,75,75118,RUE CUSTINE,48.889797,2.342939,Plein jour,En agglomération,Intersection en X,Normale,Deux véhicules - côté,4,2,2,0,1,1,1,0,1,30,2,2,1,0,0,1,60.0,44.0,deux_roues,voiture,1,2,2,1,3
202300039987,2023-05-16 08:10:00,2023,5,16,8,10,75,75118,RUE CUSTINE,48.889797,2.342939,Plein jour,En agglomération,Intersection en X,Normale,Deux véhicules - côté,4,1,1,0,1,1,1,0,1,30,2,2,1,0,0,1,60.0,44.0,deux_roues,voiture,1,2,2,1,3
202300039988,2023-05-16 10:56:00,2023,5,16,10,56,75,75116,AVENUE D EYLAU,48.864728,2.284381,Plein jour,En agglomération,Hors intersection,Normale,Autre collision,4,2,2,0,1,1,1,0,1,30,1,2,0,0,0,2,56.0,,voiture,,1,2,1,1,6
202300039989,2023-02-03 19:20:00,2023,2,3,19,20,62,62510,Rue Chevalier de la Barre,50.42407106,2.78177655,Nuit avec éclairage allumé,En agglomération,Giratoire,Normale,Autre collision,3,2,0,0,1,1,1,0,1,50,1,2,1,0,1,0,39.0,,voiture,,5,2,6,1,6
202300039989,2023-02-03 19:20:00,2023,2,3,19,20,62,62510,Rue Chevalier de la Barre,50.42407106,2.78177655,Nuit avec éclairage allumé,En agglomération,Giratoire,Normale,Autre collision,3,1,2,1,1,1,1,0,1,50,1,2,1,0,1,0,39.0,,voiture,,5,2,6,1,6
202300039990,2023-02-23 16:00:00,2023,2,23,16,0,974,97416,ENTRE DEUX (CHEMIN) CD26,-21.28798,55.45431,Plein jour,Hors agglomération,Hors intersection,Normale,Deux véhicules - frontale,3,2,2,0,1,2,1,0,1,50,2,2,1,0,0,1,30.0,38.0,voiture,voiture,1,1,1,1,1
202300039991,2023-02-23 11:55:00,2023,2,23,11,55,974,97416,BADAMIER (CHEMIN),-21.30804,55.45717,Plein jour,Hors agglomération,Hors intersection,Normale,Sans collision,4,2,2,0,2,1,1,0,1,50,1,1,0,0,0,1,57.0,,deux_roues,,1,1,1,1,7
202300039992,2023-02-23 08:10:00,2023,2,23,8,10,974,97411,LITTORAL (ROUTE 1 DU),-20.87608,55.43446,Plein jour,Hors agglomération,Hors intersection,Normale,Deux véhicules - arrière,2,1,1,0,2,1,1,0,1,70,2,2,1,0,0,1,30.0,27.0,voiture,deux_roues,1,1,1,1,2
202300039993,2023-02-23 08:30:00,2023,2,23,8,30,973,97302,MARINGOUINS (ROND-POINT),4.90779,-52.32238,Plein jour,Hors agglomération,Giratoire,Pluie légère,Sans collision,3,2,2,0,1,1,2,0,1,50,1,2,0,0,0,2,39.0,,deux_roues,,1,1,6,2,7
202300039994,2023-02-22 23:25:00,2023,2,22,23,25,973,97302,MANGUES (RUE DES - CITE MANGUIERS),4.93421114,-52.32357994,Nuit avec éclairage allumé,En agglomération,Hors intersection,Normale,Deux véhicules - côté,4,2,2,0,1,1,1,0,1,50,2,2,1,0,0,1,34.0,,deux_roues,,5,2,1,1,3
202300039995,2023-02-23 21:00:00,2023,2,23,21,0,69,69388,Rue de l'Epargne,45.74235,4.85838,Nuit avec éclairage allumé,En agglomération,Intersection en X,Pluie légère,Deux véhicules - côté,4,1,1,1,1,1,2,9,5,30,2,2,1,0,0,1,29.0,33.0,deux_roues,voiture,5,2,2,2,3
202300039995,2023-02-23 21:00:00,2023,2,23,21,0,69,69388,Rue de l'Epargne,45.74235,4.85838,Nuit avec éclairage allumé,En agglomération,Intersection en X,Pluie légère,Deux véhicules - côté,4,1,3,2,3,1,2,5,5,30,2,2,1,0,0,1,29.0,33.0,deux_roues,voiture,5,2,2,2,3
202300039996,2023-02-23 19:10:00,2023,2,23,19,10,69,69388,Rue Paul Cazeneuve,45.73185,4.86054,Crépuscule ou aube,En agglomération,Intersection en T,Pluie légère,Autre collision,4,2,2,0,1,1,2,6,1,30,1,2,1,0,0,1,29.0,,voiture,,2,2,3,2,6
202300039996,2023-02-23 19:10:00,2023,2,23,19,10,69,69388,Rue Paul Cazeneuve,45.73185,4.86054,Crépuscule ou aube,En agglomération,Intersection en T,Pluie légère,Autre collision,4,2,2,2,1,1,2,6,1,30,1,2,1,0,0,1,29.0,,voiture,,2,2,3,2,6
202300039997,2023-02-23 18:45:00,2023,2,23,18,45,69,69386,Boulevard des Belges,45.77275,4.85274,Crépuscule ou aube,En agglomération,Intersection en T,Normale,Deux véhicules - côté,4,1,2,3,1,1,1,0,5,50,2,3,1,0,0,2,72.0,48.0,voiture,deux_roues,2,2,3,1,3
202300039997,2023-02-23 18:45:00,2023,2,23,18,45,69,69386,Boulevard des Belges,45.77275,4.85274,Crépuscule ou aube,En agglomération,Intersection en T,Normale,Deux véhicules - côté,4,1,1,0,1,1,1,0,5,50,2,3,1,0,0,2,72.0,48.0,voiture,deux_roues,2,2,3,1,3
202300039998,2023-02-23 10:15:00,2023,2,23,10,15,69,69388,24 Avenue Rockefeller,45.74146295,4.88455668,Plein jour,En agglomération,Hors intersection,Normale,Deux véhicules - côté,4,2,2,2,2,1,1,0,1,50,2,2,1,0,0,1,41.0,59.0,voiture,deux_roues,1,2,1,1,3
202300039999,2023-02-22 22:26:00,2023,2,22,22,26,972,97213,RUE DU 24 MARS 1961,14.6136,-61.00081,Nuit avec éclairage non allumé,En agglomération,Giratoire,Normale,Autre collision,4,1,1,0,1,1,1,0,1,50,1,1,0,0,1,0,19.0,,deux_roues,,4,2,6,1,6