accident_id,datetime,annee,mois,jour,heure,minute,departement,commune_insee,adresse,latitude,longitude,luminosite,agglomeration,intersection,meteo,collision,catr,circ,nbv,vosp,prof,plan,surf,infra,situ,vma,nb_vehicules,nb_usagers,nb_indemnes,nb_tues,nb_blesses_hosp,nb_blesses_legers,age_cond_1,age_cond_2,veh_type_cond_1,veh_type_cond_2,lum_code,agg_code,int_code,atm_code,col_code
202300039999,2023-02-22 22:26:00,2023,2,22,22,26,972,97213,RUE DU 24 MARS 1961,14.6136,-61.00081,Nuit avec éclairage non allumé,En agglomération,Giratoire,Normale,Autre collision,4,1,1,0,1,2,1,0,1,50,1,1,0,0,1,0,19.0,,deux_roues,,4,2,6,1,6
202300040000,2023-02-17 04:50:00,2023,2,17,4,50,972,97213,NELSON MANDELA,14.61249,-60.99922,Nuit avec éclairage non allumé,En agglomération,Hors intersection,Normale,Autre collision,3,-1,2,0,1,1,1,0,1,50,1,1,0,0,0,1,35.0,,voiture,,4,2,1,1,6
202300040001,2023-02-23 16:05:00,2023,2,23,16,5,2B,2B033,ROUTE ROYALE,42.69,9.45,Plein jour,En agglomération,Hors intersection,Normale,Deux véhicules - frontale,4,2,3,0,2,1,1,0,1,50,2,5,3,0,0,2,50.0,30.0,autre,deux_roues,1,2,1,1,1
202300040002,2023-02-23 15:00:00,2023,2,23,15,0,971,97113,RN4 - SECTION RIVIERA,16.2176,-61.49225,Plein jour,En agglomération,Hors intersection,Normale,Deux véhicules - arrière,2,2,2,0,1,1,1,0,1,50,2,5,3,0,0,2,26.0,76.0,voiture,voiture,1,2,1,1,2
202300040003,2023-02-23 00:40:00,2023,2,23,0,40,971,97120,GENERAL DE GAULLE,16.2462,-61.53851,Nuit avec éclairage allumé,En agglomération,Hors intersection,Normale,Deux véhicules - arrière,4,2,2,0,1,1,1,0,1,50,2,4,3,0,0,1,20.0,29.0,voiture,voiture,5,2,1,1,2
202300040004,2023-02-22 20:30:00,2023,2,22,20,30,971,97101,FELIX EBOUE,16.24531398,-61.53211981,Nuit avec éclairage allumé,En agglomération,Hors intersection,Normale,Autre collision,4,1,1,0,1,1,1,0,1,50,1,2,1,0,0,1,,,autre,,5,2,1,1,6
202300040005,2023-02-21 18:35:00,2023,2,21,18,35,971,97105,BOLOGNE (ROUTE DE),16.00533,-61.73963,Nuit avec éclairage allumé,En agglomération,Giratoire,Normale,Autre collision,2,1,2,0,1,2,1,0,1,30,1,2,1,0,1,0,36.0,,voiture,,5,2,6,1,6
202300040006,2023-02-23 08:00:00,2023,2,23,8,0,95,95280,Route de Roissy,49.012417,2.472195,Plein jour,En agglomération,Intersection en X,Normale,Deux véhicules - côté,3,3,4,0,2,1,1,0,1,50,2,2,1,0,0,1,61.0,28.0,transport_commun,voiture,1,2,2,1,3
202300040006,2023-02-23 08:00:00,2023,2,23,8,0,95,95280,Route de Roissy,49.012417,2.472195,Plein jour,En agglomération,Intersection en X,Normale,Deux véhicules - côté,3,2,2,0,1,1,1,0,1,50,2,2,1,0,0,1,61.0,28.0,transport_commun,voiture,1,2,2,1,3
202300040007,2023-04-08 22:30:00,2023,4,8,22,30,94,94021,A6A,48.76216836,2.34052108,Nuit sans éclairage public,Hors agglomération,Hors intersection,Normale,Deux véhicules - arrière,1,1,2,0,1,1,1,0,1,110,2,4,3,0,0,1,28.0,39.0,voiture,voiture,3,1,1,1,2
202300040008,2023-02-23 18:30:00,2023,2,23,18,30,95,95555,Rue du Général Leclerc,48.966888,2.290848,Nuit avec éclairage allumé,En agglomération,Hors intersection,Normale,Autre collision,4,2,2,0,1,1,1,0,1,50,1,2,1,0,0,1,76.0,,voiture,,5,2,1,1,6
202300040009,2023-04-08 16:20:00,2023,4,8,16,20,91,91340,RN 104,48.6108,2.4329,Plein jour,Hors agglomération,Hors intersection,Normale,Deux véhicules - arrière,2,1,2,0,1,1,1,0,1,70,2,2,1,0,0,1,35.0,41.0,deux_roues,voiture,1,1,1,1,2
202300040010,2023-02-23 12:15:00,2023,2,23,12,15,88,88462,D 43,48.025,6.68,Plein jour,En agglomération,Hors intersection,Normale,Deux véhicules - frontale,3,2,2,0,1,1,1,0,1,50,2,2,1,0,0,1,18.0,19.0,deux_roues,voiture,1,2,1,1,1
202300040011,2023-02-22 12:07:00,2023,2,22,12,7,87,87075,PERIGUEUX (ROUTE DE),45.78689,1.18823,Plein jour,Hors agglomération,Hors intersection,Pluie légère,Autre collision,2,2,2,0,1,4,2,0,1,70,1,1,0,0,0,1,21.0,,voiture,,1,1,1,2,6
202300040012,2023-02-23 18:53:00,2023,2,23,18,53,81,81004,KENNEDY (AV PRESIDENT),43.91908044,2.15480894,Crépuscule ou aube,En agglomération,Intersection en X,Temps couvert,Deux véhicules - arrière,4,2,2,0,1,1,2,0,1,50,2,2,1,0,0,1,59.0,28.0,voiture,utilitaire_camion,2,2,2,8,2
202300040012,2023-02-23 18:53:00,2023,2,23,18,53,81,81004,KENNEDY (AV PRESIDENT),43.91908044,2.15480894,Crépuscule ou aube,En agglomération,Intersection en X,Temps couvert,Deux véhicules - arrière,4,2,2,-1,1,1,2,-1,1,-1,2,2,1,0,0,1,59.0,28.0,voiture,utilitaire_camion,2,2,2,8,2
202300040013,2023-02-19 23:35:00,2023,2,19,23,35,80,80489,PAUL BAROUX (RUE),49.87196,2.35361,Nuit avec éclairage allumé,En agglomération,Hors intersection,Normale,Autre collision,4,2,1,0,1,1,1,9,8,50,1,1,0,0,0,1,48.0,,voiture,,5,2,1,1,6
202300040014,2023-04-09 12:50:00,2023,4,9,12,50,78,78402,A13,48.964685,1.799781,Plein jour,Hors agglomération,Hors intersection,Normale,Trois véhicules et plus - en chaîne,1,1,3,0,1,1,1,0,1,130,3,8,6,0,0,2,50.0,71.0,voiture,voiture,1,1,1,1,4
202300040015,2023-04-08 21:00:00,2023,4,8,21,0,78,78140,A13,48.962266,1.928584,Nuit sans éclairage public,Hors agglomération,Hors intersection,Normale,Sans collision,1,-1,3,0,1,1,1,0,2,130,1,1,0,0,0,1,24.0,,voiture,,3,1,1,1,7
202300040016,2023-02-23 09:15:00,2023,2,23,9,15,79,79191,,46.3162,-0.47687,Plein jour,En agglomération,Intersection en X,Normale,Deux véhicules - côté,4,2,2,0,1,1,1,0,1,50,2,4,2,0,0,2,61.0,84.0,transport_commun,voiture,1,2,2,1,3
202300040016,2023-02-23 09:15:00,2023,2,23,9,15,79,79191,,46.3162,-0.47687,Plein jour,En agglomération,Intersection en X,Normale,Deux véhicules - côté,4,2,4,3,1,1,1,0,1,50,2,4,2,0,0,2,61.0,84.0,transport_commun,voiture,1,2,2,1,3
202300040017,2023-04-09 11:04:00,2023,4,9,11,4,78,78402,A13,48.96399,1.787715,Plein jour,Hors agglomération,Hors intersection,Normale,Deux véhicules - arrière,1,1,3,0,1,1,1,0,1,130,2,4,3,0,0,1,35.0,42.0,voiture,voiture,1,1,1,1,2
202300040018,2023-02-23 07:40:00,2023,2,23,7,40,79,79191,,46.31686,-0.4358,Crépuscule ou aube,En agglomération,Intersection en X,Pluie légère,Autre collision,3,2,2,0,2,1,2,0,1,50,1,2,1,0,1,0,35.0,,voiture,,2,2,2,2,6
202300040018,2023-02-23 07:40:00,2023,2,23,7,40,79,79191,,46.31686,-0.4358,Crépuscule ou aube,En agglomération,Intersection en X,Pluie légère,Autre collision,3,2,2,-1,4,1,2,5,1,50,1,2,1,0,1,0,35.0,,voiture,,2,2,2,2,6
202300040019,2023-02-23 14:40:00,2023,2,23,14,40,78,78624,POISSY AVENUE DE,48.957984,2.018206,Plein jour,Hors agglomération,Hors intersection,Normale,Deux véhicules - côté,3,-1,2,0,1,1,1,0,1,80,2,2,1,0,0,1,22.0,61.0,utilitaire_camion,utilitaire_camion,1,1,1,1,3
202300040020,2023-04-09 15:00:00,2023,4,9,15,0,93,93006,A3,48.86966029,2.42972435,Plein jour,Hors agglomération,Hors intersection,Normale,Deux véhicules - arrière,1,-1,4,0,1,1,1,1,1,70,2,4,2,0,0,2,35.0,22.0,voiture,voiture,1,1,1,1,2
202300040021,2023-02-23 06:30:00,2023,2,23,6,30,77,77390,AV DE LA MALIBRAN,48.80088,2.63309,Nuit avec éclairage allumé,En agglomération,Hors intersection,Normale,Deux véhicules - frontale,4,2,2,0,1,4,2,0,1,50,2,2,1,0,1,0,35.0,38.0,voiture,deux_roues,5,2,1,1,1
202300040022,2023-02-23 15:50:00,2023,2,23,15,50,76,76114,DEBRAY  LOUIS (AVENUE),49.59046,0.48505,Plein jour,En agglomération,Hors intersection,Normale,Deux véhicules - arrière,3,2,2,0,1,1,1,0,1,50,2,2,1,0,0,1,85.0,62.0,voiture,deux_roues,1,2,1,1,2
202300040023,2023-04-08 12:30:00,2023,4,8,12,30,93,93010,AUTOROUTE A3,48.90207598,2.47041227,Plein jour,Hors agglomération,Hors intersection,Normale,Deux véhicules - arrière,1,3,3,0,1,1,1,0,1,70,2,3,1,0,0,2,42.0,34.0,deux_roues,utilitaire_camion,1,1,1,1,2
202300040024,2023-02-23 18:45:00,2023,2,23,18,45,69,69266,Rue du 4 Août 1789,45.7646,4.8888,Nuit avec éclairage allumé,En agglomération,Hors intersection,Pluie légère,Deux véhicules - côté,4,2,3,2,1,1,2,0,5,30,2,2,1,0,1,0,,67.0,deux_roues,deux_roues,5,2,1,2,3
202300040025,2023-04-09 02:35:00,2023,4,9,2,35,94,94052,A86,48.8421989,2.4927536,Nuit avec éclairage allumé,Hors agglomération,Hors intersection,Normale,Deux véhicules - frontale,1,1,3,0,1,1,1,1,1,90,2,2,1,0,0,1,26.0,29.0,voiture,voiture,5,1,1,1,1
202300040026,2023-02-23 11:30:00,2023,2,23,11,30,69,69266,338 Cours Emile Zola,45.76603,4.8985,Plein jour,En agglomération,Hors intersection,Normale,Autre collision,4,2,2,2,1,1,1,0,5,50,2,2,1,0,1,0,22.0,52.0,voiture,deux_roues,1,2,1,1,6
202300040027,2023-02-23 20:00:00,2023,2,23,20,0,69,69266,Route Départementale 29,45.7520227,4.90809219,Nuit avec éclairage allumé,Hors agglomération,Hors intersection,Pluie légère,Autre collision,7,1,2,0,1,1,2,0,6,50,1,2,0,0,1,1,39.0,,voiture,,5,1,1,2,6
202300040028,2023-04-08 17:30:00,2023,4,8,17,30,77,77251,RN104,48.6449,2.54591,Plein jour,En agglomération,Hors intersection,Normale,Deux véhicules - arrière,2,3,2,0,1,1,1,0,1,110,2,5,2,0,0,3,33.0,37.0,voiture,voiture,1,2,1,1,2
202300040029,2023-02-23 09:40:00,2023,2,23,9,40,64,64129,VIGNES DES,43.30705,-0.39892,Plein jour,En agglomération,Giratoire,Pluie légère,Deux véhicules - côté,3,2,2,1,1,1,2,0,1,50,2,2,1,0,0,1,22.0,20.0,voiture,deux_roues,1,2,6,2,3
202300040029,2023-02-23 09:40:00,2023,2,23,9,40,64,64129,VIGNES DES,43.30705,-0.39892,Plein jour,En agglomération,Giratoire,Pluie légère,Deux véhicules - côté,3,1,2,1,1,2,2,0,1,50,2,2,1,0,0,1,22.0,20.0,voiture,deux_roues,1,2,6,2,3
202300040030,2023-04-08 10:20:00,2023,4,8,10,20,83,83137,CARNOT (AVE LAZARE),43.12829,5.92456,Plein jour,En agglomération,Hors intersection,Normale,Deux véhicules - côté,4,-1,2,0,2,1,1,0,1,50,2,3,2,0,0,1,43.0,43.0,voiture,deux_roues,1,2,1,1,3
202300040031,2023-02-21 17:30:00,2023,2,21,17,30,64,64122,GENERAL DE GAULLE (BD DU),43.48445,-1.55827,Plein jour,En agglomération,Hors intersection,Normale,Autre collision,4,2,4,2,3,1,1,0,1,30,1,2,1,0,1,0,15.0,,deux_roues,,1,2,1,1,6
202300040032,2023-02-23 07:23:00,2023,2,23,7,23,64,64102,ALSACE LORRAINE (BOULEVARD),43.49058,-1.46249,Nuit avec éclairage allumé,En agglomération,Hors intersection,Pluie légère,Autre collision,4,2,2,0,1,1,2,0,1,50,1,2,1,0,1,0,22.0,,voiture,,5,2,1,2,6
202300040033,2023-04-08 12:10:00,2023,4,8,12,10,974,97411,NEUF (CHEMIN),-20.88745,55.41421,Plein jour,En agglomération,Hors intersection,Normale,Deux véhicules - côté,4,2,2,0,2,1,1,0,1,70,2,2,1,0,0,1,79.0,41.0,deux_roues,voiture,1,2,1,1,3
202300040034,2023-02-12 18:00:00,2023,2,12,18,0,63,63113,AURIOL (BOULEBARD VINCENT),45.80172,3.14577,Crépuscule ou aube,En agglomération,Hors intersection,Normale,Sans collision,4,2,2,0,1,1,1,0,1,50,1,2,1,0,0,1,,,deux_roues,,2,2,1,1,7
202300040035,2023-04-08 18:05:00,2023,4,8,18,5,973,97302,DIGUE RONJON,4.93331,-52.33171,Crépuscule ou aube,En agglomération,Intersection en X,Normale,Deux véhicules - côté,4,2,2,0,1,1,1,0,1,50,2,2,1,0,0,1,23.0,42.0,voiture,voiture,2,2,2,1,3
202300040035,2023-04-08 18:05:00,2023,4,8,18,5,973,97302,DIGUE RONJON,4.93331,-52.33171,Crépuscule ou aube,En agglomération,Intersection en X,Normale,Deux véhicules - côté,4,2,2,0,1,1,1,0,1,50,2,2,1,0,0,1,23.0,42.0,voiture,voiture,2,2,2,1,3
202300040036,2023-09-03 18:10:00,2023,9,3,18,10,75,75113,BD PERIPHERIQUE EXTERIEUR QUAI D IVRY,48.825675,2.386693,Plein jour,En agglomération,Hors intersection,Normale,Deux véhicules - arrière,4,1,4,0,1,1,1,0,1,70,2,2,1,0,0,1,28.0,25.0,deux_roues,voiture,1,2,1,1,2
202300040037,2023-02-14 10:33:00,2023,2,14,10,33,63,63113,PARLETTE / Bd J Moulin,45.7768,3.11758,Plein jour,En agglomération,Intersection en X,Normale,Deux véhicules - arrière,7,3,5,-1,2,1,1,5,1,50,2,2,1,0,0,1,26.0,74.0,voiture,voiture,1,2,2,1,2
202300040037,2023-02-14 10:33:00,2023,2,14,10,33,63,63113,PARLETTE / Bd J Moulin,45.7768,3.11758,Plein jour,En agglomération,Intersection en X,Normale,Deux véhicules - arrière,7,2,2,0,1,1,1,0,1,50,2,2,1,0,0,1,26.0,74.0,voiture,voiture,1,2,2,1,2
202300040038,2023-04-08 14:40:00,2023,4,8,14,40,69,69387,Grande Rue de la Guillotière,45.74804,4.8562,Plein jour,En agglomération,Intersection en X,Normale,Deux véhicules - frontale,4,1,1,2,1,1,1,0,1,30,2,2,1,0,0,1,21.0,17.0,voiture,deux_roues,1,2,2,1,1
202300040038,2023-04-08 14:40:00,2023,4,8,14,40,69,69387,Grande Rue de la Guillotière,45.74804,4.8562,Plein jour,En agglomération,Intersection en X,Normale,Deux véhicules - frontale,4,1,1,2,1,1,1,0,1,30,2,2,1,0,0,1,21.0,17.0,voiture,deux_roues,1,2,2,1,1
202300040039,2023-09-02 19:25:00,2023,9,2,19,25,75,75114,BD PERIPHERIQUE EXTERIEUR,48.824292,2.30637,Plein jour,En agglomération,Hors intersection,Normale,Deux véhicules - arrière,4,1,4,0,1,1,1,0,1,70,2,2,1,0,0,1,36.0,45.0,voiture,deux_roues,1,2,1,1,2
202300040040,2023-04-08 13:55:00,2023,4,8,13,55,2B,2B120,11 - RT,42.6412,9.4396,Plein jour,Hors agglomération,Hors intersection,Normale,Deux véhicules - frontale,2,2,4,0,3,2,1,2,1,90,1,1,0,0,0,1,57.0,,voiture,,1,1,1,1,1
202300040041,2023-09-02 10:25:00,2023,9,2,10,25,75,75119,BD PERIPHERIQUE INTERIEUR,48.899354,2.392553,Plein jour,En agglomération,Hors intersection,Normale,Deux véhicules - arrière,4,1,4,0,1,1,1,0,1,70,2,2,1,0,0,1,59.0,,voiture,voiture,1,2,1,1,2
202300040042,2023-04-08 04:10:00,2023,4,8,4,10,95,95510,N14,49.05775441,2.00597048,Nuit sans éclairage public,Hors agglomération,Hors intersection,Normale,Deux véhicules - côté,2,1,2,0,1,1,1,0,1,110,2,2,1,0,0,1,35.0,42.0,voiture,voiture,3,1,1,1,3
202300040043,2023-02-23 19:00:00,2023,2,23,19,0,59,59090,GAULLE (AVENUE DU GENERAL DE),50.68459946,3.08489442,Nuit avec éclairage allumé,En agglomération,Hors intersection,Normale,Deux véhicules - arrière,7,1,2,0,1,1,1,0,1,50,2,2,1,0,0,1,23.0,25.0,voiture,voiture,5,2,1,1,2
202300040044,2023-03-23 19:34:00,2023,3,23,19,34,86,86066,Rue du Champ de la Croix,46.80337,0.55271,Nuit avec éclairage allumé,En agglomération,Hors intersection,Normale,Deux véhicules - arrière,4,2,2,0,1,1,1,0,1,50,2,2,1,0,0,1,19.0,17.0,voiture,deux_roues,5,2,1,1,2
202300040045,2023-09-02 14:35:00,2023,9,2,14,35,75,75112,AVENUE DE SAINT MANDE,48.844264,2.410136,Plein jour,En agglomération,Intersection en X,Normale,Deux véhicules - côté,4,2,2,1,2,1,1,0,1,30,2,3,1,0,2,0,32.0,41.0,voiture,deux_roues,1,2,2,1,3
202300040045,2023-09-02 14:35:00,2023,9,2,14,35,75,75112,AVENUE DE SAINT MANDE,48.844264,2.410136,Plein jour,En agglomération,Intersection en X,Normale,Deux véhicules - côté,4,2,4,1,1,1,1,0,1,50,2,3,1,0,2,0,32.0,41.0,voiture,deux_roues,1,2,2,1,3
202300040046,2023-09-03 03:29:00,2023,9,3,3,29,75,75105,RUE BROCA,48.839028,2.34923,Nuit avec éclairage allumé,En agglomération,Intersection en X,Normale,Deux véhicules - côté,4,1,1,0,2,1,1,0,1,30,2,2,1,0,0,1,34.0,36.0,voiture,deux_roues,5,2,2,1,3
202300040046,2023-09-03 03:29:00,2023,9,3,3,29,75,75105,RUE BROCA,48.839028,2.34923,Nuit avec éclairage allumé,En agglomération,Intersection en X,Normale,Deux véhicules - côté,4,2,2,0,2,1,1,0,1,30,2,2,1,0,0,1,34.0,36.0,voiture,deux_roues,5,2,2,1,3
202300040047,2023-02-22 19:10:00,2023,2,22,19,10,59,59410,THÉODORE MONOD,50.6454,3.0986,Crépuscule ou aube,En agglomération,Hors intersection,Pluie légère,Autre collision,4,2,0,0,1,1,2,6,6,30,1,3,1,0,0,2,,,autre,,2,2,1,2,6
202300040048,2023-04-08 18:40:00,2023,4,8,18,40,81,81065,ALBI (RD612 - RTE D'),43.64197,2.22022,Plein jour,Hors agglomération,Intersection en T,Normale,Deux véhicules - côté,3,2,2,0,2,1,1,0,1,90,2,3,2,0,0,1,39.0,75.0,deux_roues,voiture,1,1,3,1,3
202300040048,2023-04-08 18:40:00,2023,4,8,18,40,81,81065,ALBI (RD612 - RTE D'),43.64197,2.22022,Plein jour,Hors agglomération,Intersection en T,Normale,Deux véhicules - côté,3,2,1,0,1,1,1,0,1,80,2,3,2,0,0,1,39.0,75.0,deux_roues,voiture,1,1,3,1,3
202300040049,2023-09-03 12:35:00,2023,9,3,12,35,75,75120,RUE D AVRON,48.85242,2.40452,Plein jour,En agglomération,Hors intersection,Normale,Deux véhicules - côté,4,2,2,0,1,1,1,0,1,30,2,2,1,0,0,1,52.0,34.0,deux_roues,voiture,1,2,1,1,3
202300040050,2023-09-03 01:45:00,2023,9,3,1,45,75,75119,AVENUE DE FLANDRE,48.885779,2.370978,Nuit avec éclairage allumé,En agglomération,Intersection en T,Normale,Deux véhicules - côté,4,1,3,3,1,1,1,0,5,30,2,2,1,0,0,1,32.0,31.0,voiture,deux_roues,5,2,3,1,3
202300040050,2023-09-03 01:45:00,2023,9,3,1,45,75,75119,AVENUE DE FLANDRE,48.885779,2.370978,Nuit avec éclairage allumé,En agglomération,Intersection en T,Normale,Deux véhicules - côté,4,1, -1,-1,1,1,1,0,1,-1,2,2,1,0,0,1,32.0,31.0,voiture,deux_roues,5,2,3,1,3
202300040051,2023-04-07 17:40:00,2023,4,7,17,40,79,79191,,46.334474,-0.46193,Plein jour,En agglomération,Hors intersection,Normale,Deux véhicules - frontale,4,2,2,0,2,1,1,0,1,30,2,2,1,0,0,1,20.0,21.0,deux_roues,voiture,1,2,1,1,1
202300040052,2023-02-22 18:30:00,2023,2,22,18,30,59,59350,SALENGRO ROGER RUE,50.64382,2.98886,Nuit avec éclairage allumé,En agglomération,Intersection en X,Pluie légère,Deux véhicules - côté,4,2,2,0,1,3,2,0,1,50,2,3,0,0,0,3,64.0,20.0,voiture,voiture,5,2,2,2,3
202300040052,2023-02-22 18:30:00,2023,2,22,18,30,59,59350,SALENGRO ROGER RUE,50.64382,2.98886,Nuit avec éclairage allumé,En agglomération,Intersection en X,Pluie légère,Deux véhicules - côté,4,2,2,0,1,1,2,0,1,50,2,3,0,0,0,3,64.0,20.0,voiture,voiture,5,2,2,2,3
202300040053,2023-09-02 22:40:00,2023,9,2,22,40,75,75115,AVENUE DE LA PORTE DE SEVRES,48.83585,2.278296,Nuit avec éclairage allumé,En agglomération,Autre intersection,Normale,Deux véhicules - côté,4,3,0,2,1,1,1,9,6,30,2,3,1,0,0,2,23.0,33.0,voiture,deux_roues,5,2,9,1,3
202300040053,2023-09-02 22:40:00,2023,9,2,22,40,75,75115,AVENUE DE LA PORTE DE SEVRES,48.83585,2.278296,Nuit avec éclairage allumé,En agglomération,Autre intersection,Normale,Deux véhicules - côté,4,-1, -1,-1,1,1,1,0,6,30,2,3,1,0,0,2,23.0,33.0,voiture,deux_roues,5,2,9,1,3
202300040054,2023-09-02 17:10:00,2023,9,2,17,10,75,75113,AVENUE D ITALIE,48.823877,2.357962,Plein jour,En agglomération,Hors intersection,Normale,Trois véhicules et plus - en chaîne,4,3,3,1,1,1,1,0,5,30,2,2,1,0,0,1,23.0,18.0,deux_roues,deux_roues,1,2,1,1,4
202300040055,2023-04-08 04:45:00,2023,4,8,4,45,79,79191,,46.33617,-0.42314,Nuit sans éclairage public,En agglomération,Hors intersection,Normale,Deux véhicules - frontale,3,2,2,0,2,1,1,9,1,70,2,4,0,0,0,4,33.0,23.0,voiture,voiture,3,2,1,1,1
202300040056,2023-02-22 19:33:00,2023,2,22,19,33,57,57306,MARNE (RUE DE LA),49.33123,6.06411,Nuit avec éclairage allumé,En agglomération,Hors intersection,Pluie légère,Deux véhicules - frontale,3,2,2,0,1,2,2,0,1,50,2,2,1,0,0,1,36.0,42.0,deux_roues,voiture,5,2,1,2,1
202300040057,2023-09-03 17:55:00,2023,9,3,17,55,75,75112,RUE DE WATTIGNIES,48.835435,2.397794,Plein jour,En agglomération,Intersection en X,Normale,Autre collision,4,1, -1,-1,1,1,1,0,1,30,1,3,2,0,0,1,,,voiture,,1,2,2,1,6
202300040057,2023-09-03 17:55:00,2023,9,3,17,55,75,75112,RUE DE WATTIGNIES,48.835435,2.397794,Plein jour,En agglomération,Intersection en X,Normale,Autre collision,4,1,1,0,1,1,1,0,1,30,1,3,2,0,0,1,,,voiture,,1,2,2,1,6
202300040058,2023-02-23 15:00:00,2023,2,23,15,0,57,57751,THIONVILLE (AVENUE ),49.15001,6.15967,Plein jour,En agglomération,Autre intersection,Normale,Autre collision,6,-1, -1,0,1,3,2,0,1,50,1,2,1,0,1,0,,,utilitaire_camion,,1,2,9,1,6
202300040059,2023-09-03 02:18:00,2023,9,3,2,18,75,75111,AVENUE DE LA REPUBLIQUE,48.865274,2.374512,Nuit avec éclairage allumé,En agglomération,Intersection en X,Normale,Autre collision,4,2,2,0,1,1,1,0,1,30,1,2,1,0,1,0,19.0,,voiture,,5,2,2,1,6
202300040059,2023-09-03 02:18:00,2023,9,3,2,18,75,75111,AVENUE DE LA REPUBLIQUE,48.865274,2.374512,Nuit avec éclairage allumé,En agglomération,Intersection en X,Normale,Autre collision,4,2, -1,-1,1,1,1,0,1,-1,1,2,1,0,1,0,19.0,,voiture,,5,2,2,1,6
202300040060,2023-02-23 10:50:00,2023,2,23,10,50,51,51454,rue du Général Koenig,49.22763,4.02766,Plein jour,En agglomération,Hors intersection,Pluie légère,Deux véhicules - frontale,4,2,2,1,1,2,2,0,1,50,2,2,1,0,0,1,53.0,57.0,voiture,voiture,1,2,1,2,1
202300040061,2023-09-02 19:05:00,2023,9,2,19,5,75,75108,RUE SAINT HONORE,48.867948,2.324606,Plein jour,En agglomération,Intersection en T,Normale,Deux véhicules - côté,4,-1, -1,-1,1,1,1,0,4,30,2,4,2,0,0,2,40.0,51.0,voiture,deux_roues,1,2,3,1,3
202300040061,2023-09-02 19:05:00,2023,9,2,19,5,75,75108,RUE SAINT HONORE,48.867948,2.324606,Plein jour,En agglomération,Intersection en T,Normale,Deux véhicules - côté,4,1,1,0,1,1,1,0,4,30,2,4,2,0,0,2,40.0,51.0,voiture,deux_roues,1,2,3,1,3
202300040062,2023-02-22 17:20:00,2023,2,22,17,20,49,49007,ATLANTIQUE  AVENUE DE L',47.46445168,-0.57229221,Plein jour,En agglomération,Hors intersection,Pluie légère,Deux véhicules - arrière,3,3,4,0,1,1,2,0,1,90,2,3,2,0,0,1,24.0,45.0,voiture,voiture,1,2,1,2,2
202300040063,2023-04-08 20:20:00,2023,4,8,20,20,77,77152,CIMETIERE VOSVES,48.509649,2.5998,Plein jour,Hors agglomération,Autre intersection,Normale,Deux véhicules - côté,3,2,2,0,1,1,1,0,1,80,2,2,0,0,0,2,24.0,69.0,voiture,voiture,1,1,9,1,3
202300040064,2023-09-03 20:20:00,2023,9,3,20,20,75,75102,BOULEVARD DE SEBASTOPOL,48.869312,2.354271,Crépuscule ou aube,En agglomération,Intersection en X,Normale,Deux véhicules - côté,4,1,5,0,1,1,1,0,1,30,2,2,1,0,0,1,27.0,,deux_roues,deux_roues,2,2,2,1,3
202300040064,2023-09-03 20:20:00,2023,9,3,20,20,75,75102,BOULEVARD DE SEBASTOPOL,48.869312,2.354271,Crépuscule ou aube,En agglomération,Intersection en X,Normale,Deux véhicules - côté,4,1,4,0,1,1,1,0,1,30,2,2,1,0,0,1,27.0,,deux_roues,deux_roues,2,2,2,1,3
202300040065,2023-02-22 13:55:00,2023,2,22,13,55,49,49353,Rue Ferdinand Vest,47.44196,-0.48314,Plein jour,En agglomération,Hors intersection,Normale,Deux véhicules - côté,3,1,2,0,1,2,1,0,1,30,2,2,1,0,0,1,48.0,38.0,voiture,deux_roues,1,2,1,1,3
202300040066,2023-04-08 08:50:00,2023,4,8,8,50,77,77152,AMPERE(AVENUE ANDRE),48.50735,2.60805,Plein jour,En agglomération,Hors intersection,Normale,Deux véhicules - côté,4,-1,2,0,1,1,1,0,1,50,2,3,1,0,0,2,33.0,54.0,deux_roues,utilitaire_camion,1,2,1,1,3
202300040067,2023-09-03 17:16:00,2023,9,3,17,16,75,75104,RUE DES TOURNELLES,48.855951,2.367322,Plein jour,En agglomération,Intersection en X,Normale,Deux véhicules - côté,4,1,1,0,1,1,1,0,1,30,2,2,1,0,0,1,68.0,22.0,voiture,deux_roues,1,2,2,1,3
202300040067,2023-09-03 17:16:00,2023,9,3,17,16,75,75104,RUE DES TOURNELLES,48.855951,2.367322,Plein jour,En agglomération,Intersection en X,Normale,Deux véhicules - côté,4,1,2,3,1,1,1,0,1,30,2,2,1,0,0,1,68.0,22.0,voiture,deux_roues,1,2,2,1,3
202300040068,2023-02-23 06:55:00,2023,2,23,6,55,45,45286,Avenue Gaston Galloux,47.87,1.932,Nuit avec éclairage allumé,Hors agglomération,Hors intersection,Normale,Deux véhicules - frontale,4,2,2,0,1,1,1,0,1,80,2,2,0,0,1,1,41.0,25.0,voiture,voiture,5,1,1,1,1
202300040069,2023-09-03 11:20:00,2023,9,3,11,20,75,75104,SOUTERRAIN HENRI IV,48.850716,2.361123,Plein jour,En agglomération,Hors intersection,Normale,Autre collision,4,2,2,1,2,1,1,1,1,30,1,2,0,0,0,2,73.0,,deux_roues,,1,2,1,1,6
202300040070,2023-02-23 08:10:00,2023,2,23,8,10,44,44184,83 Boulevard Pierre de Maupertuis,47.28076,-2.22987,Plein jour,En agglomération,Intersection en X,Normale,Autre collision,4,2,2,0,2,1,1,0,1,50,1,2,1,0,0,1,48.0,,voiture,,1,2,2,1,6
202300040070,2023-02-23 08:10:00,2023,2,23,8,10,44,44184,83 Boulevard Pierre de Maupertuis,47.28076,-2.22987,Plein jour,En agglomération,Intersection en X,Normale,Autre collision,4,2,2,0,2,1,1,0,1,50,1,2,1,0,0,1,48.0,,voiture,,1,2,2,1,6