accident_id,datetime,annee,mois,jour,heure,minute,departement,commune_insee,adresse,latitude,longitude,luminosite,agglomeration,intersection,meteo,collision,catr,circ,nbv,vosp,prof,plan,surf,infra,situ,vma,nb_vehicules,nb_usagers,nb_indemnes,nb_tues,nb_blesses_hosp,nb_blesses_legers,age_cond_1,age_cond_2,veh_type_cond_1,veh_type_cond_2,lum_code,agg_code,int_code,atm_code,col_code
202300040141,2023-04-07 22:08:00,2023,4,7,22,8,22,22106,EIFFEL (RUE GUSTAVE),48.50124,-2.73403,Nuit avec éclairage non allumé,En agglomération,Intersection en T,Normale,Deux véhicules - côté,3,2,2,0,1,1,1,0,1,30,2,2,1,0,0,1,30.0,40.0,deux_roues,voiture,4,2,3,1,3
202300040142,2023-09-01 08:16:00,2023,9,1,8,16,63,63224,RD 2009,45.86858,3.11888,Plein jour,Hors agglomération,Hors intersection,Normale,Trois véhicules et plus - collisions multiples,3,3,4,0,1,1,1,0,1,90,3,4,3,0,0,1,40.0,21.0,voiture,utilitaire_camion,1,1,1,1,5
202300040143,2023-04-07 17:50:00,2023,4,7,17,50,17,17028,114 PK RN137 JUSTICE ROCHEFORT,46.145,-1.109,Plein jour,Hors agglomération,Hors intersection,Normale,Trois véhicules et plus - en chaîne,2,3,4,0,1,1,1,0,1,90,3,4,3,0,1,0,35.0,34.0,deux_roues,voiture,1,1,1,1,4
202300040144,2023-08-23 07:35:00,2023,8,23,7,35,62,62160,Boulevard Auguste Mariette,50.72653,1.611942,Plein jour,En agglomération,Hors intersection,Normale,Autre collision,4,1,1,0,1,3,1,0,1,50,1,1,0,0,1,0,39.0,,voiture,,1,2,1,1,6
202300040145,2023-04-08 05:55:00,2023,4,8,5,55,17,17274,D108,46.15439,-1.11213,Nuit avec éclairage allumé,En agglomération,Giratoire,Normale,Deux véhicules - côté,3,1,3,0,1,2,1,0,1,50,2,2,1,0,0,1,,16.0,utilitaire_camion,deux_roues,5,2,6,1,3
202300040146,2023-09-01 14:42:00,2023,9,1,14,42,60,60175,Avenue Marie et Pierre Curie,49.25219,2.4836,Plein jour,En agglomération,Hors intersection,Pluie forte,Autre collision,4,2,1,0,1,1,2,0,4,30,1,2,1,0,1,0,29.0,,voiture,,1,2,1,3,6
202300040147,2023-09-02 10:05:00,2023,9,2,10,5,59,59152,HURLUPIN (RUE D'),50.7639256,3.01008553,Plein jour,En agglomération,Hors intersection,Normale,Autre collision,4,2,1,0,1,1,1,0,4,50,1,2,1,0,1,0,49.0,,voiture,,1,2,1,1,6
202300040148,2023-04-08 13:15:00,2023,4,8,13,15,13,13214,CAPITAINE GEZE (BOULEVARD),43.33132,5.37667,Plein jour,En agglomération,Intersection en X,Normale,Deux véhicules - côté,4,2,4,0,1,1,1,8,1,30,2,6,3,0,1,2,29.0,38.0,voiture,deux_roues,1,2,2,1,3
202300040148,2023-04-08 13:15:00,2023,4,8,13,15,13,13214,CAPITAINE GEZE (BOULEVARD),43.33132,5.37667,Plein jour,En agglomération,Intersection en X,Normale,Deux véhicules - côté,4,1,2,0,1,1,1,8,1,30,2,6,3,0,1,2,29.0,38.0,voiture,deux_roues,1,2,2,1,3
202300040149,2023-09-02 13:45:00,2023,9,2,13,45,54,54578,AIGUILLETTES  (BD 5 A 73-2 A 94),48.67029,6.1583,Plein jour,En agglomération,Intersection en X,Normale,Deux véhicules - côté,4,2,4,0,1,1,1,0,1,50,2,2,1,0,0,1,25.0,53.0,voiture,deux_roues,1,2,2,1,3
202300040149,2023-09-02 13:45:00,2023,9,2,13,45,54,54578,AIGUILLETTES  (BD 5 A 73-2 A 94),48.67029,6.1583,Plein jour,En agglomération,Intersection en X,Normale,Deux véhicules - côté,4,2,3,0,1,1,1,0,1,50,2,2,1,0,0,1,25.0,53.0,voiture,deux_roues,1,2,2,1,3
202300040150,2023-04-08 11:00:00,2023,4,8,11,0,13,13215,BOURRELY (CHEMIN DES),43.37965,5.36183,Plein jour,En agglomération,Hors intersection,Normale,Autre collision,4,2,2,0,2,1,1,0,1,50,1,2,1,0,0,1,43.0,,voiture,,1,2,1,1,6
202300040151,2023-09-02 13:32:00,2023,9,2,13,32,49,49007,ARAGO BOULEVARD,47.47861,-0.5562,Plein jour,En agglomération,Intersection en X,Normale,Deux véhicules - côté,4,2,3,2,1,1,1,0,1,50,2,3,2,0,0,1,27.0,22.0,deux_roues,deux_roues,1,2,2,1,3
202300040151,2023-09-02 13:32:00,2023,9,2,13,32,49,49007,ARAGO BOULEVARD,47.47861,-0.5562,Plein jour,En agglomération,Intersection en X,Normale,Deux véhicules - côté,4,2,2,2,1,1,1,0,1,50,2,3,2,0,0,1,27.0,22.0,deux_roues,deux_roues,1,2,2,1,3
202300040152,2023-04-08 18:20:00,2023,4,8,18,20,13,13028,KENNEDY (AVENUE PRESIDENT JOHN FITZGERAL,43.17904,5.6019,Plein jour,En agglomération,Hors intersection,Normale,Deux véhicules - côté,4,-1,1,0,1,1,1,0,1,50,2,2,1,0,0,1,74.0,25.0,voiture,deux_roues,1,2,1,1,3
202300040153,2023-04-08 13:45:00,2023,4,8,13,45,11,11069,3 Impasse de l'Alaric,43.228477,2.387517,Plein jour,En agglomération,Hors intersection,Normale,Autre collision,4,2,2,0,1,1,1,0,1,50,1,1,0,0,1,0,40.0,,voiture,,1,2,1,1,6
202300040154,2023-09-03 00:00:00,2023,9,3,0,0,45,45302,609 Rue Nationale 20,47.94329,1.89264,Nuit avec éclairage allumé,En agglomération,Intersection en X,Normale,Deux véhicules - côté,4,2,2,-1,1,1,1,0,1,-1,2,2,1,1,0,0,22.0,22.0,voiture,deux_roues,5,2,2,1,3
202300040154,2023-09-03 00:00:00,2023,9,3,0,0,45,45302,609 Rue Nationale 20,47.94329,1.89264,Nuit avec éclairage allumé,En agglomération,Intersection en X,Normale,Deux véhicules - côté,4,3,4,0,2,1,1,0,1,50,2,2,1,1,0,0,22.0,22.0,voiture,deux_roues,5,2,2,1,3
202300040155,2023-04-08 02:10:00,2023,4,8,2,10,11,11069,Route de Maquens,43.207,2.3146,Nuit avec éclairage allumé,En agglomération,Hors intersection,Normale,Autre collision,4,2,2,0,1,1,1,0,1,50,1,2,1,0,0,1,31.0,,utilitaire_camion,,5,2,1,1,6
202300040156,2023-09-02 06:50:00,2023,9,2,6,50,44,44184,,47.29136,-2.23226,Nuit sans éclairage public,Hors agglomération,Hors intersection,Normale,Deux véhicules - arrière,3,3,4,0,1,1,1,0,1,90,2,2,1,0,0,1,24.0,58.0,voiture,voiture,3,1,1,1,2
202300040157,2023-09-02 19:55:00,2023,9,2,19,55,44,44109,10 Boulevard Maréchal Alphonse Juin,47.19823,-1.59476,Plein jour,En agglomération,Hors intersection,Temps éblouissant,Autre collision,4,2,2,0,1,1,1,0,1,50,1,3,1,0,1,1,48.0,,voiture,,1,2,1,7,6
202300040158,2023-09-02 19:50:00,2023,9,2,19,50,35,35238,LEROUX (BD OSCAR),48.09144336,-1.66101158,Plein jour,En agglomération,Hors intersection,Temps éblouissant,Autre collision,4,3,2,2,1,1,1,0,1,50,1,3,1,0,0,2,34.0,,voiture,,1,2,1,7,6
202300040159,2023-04-07 17:00:00,2023,4,7,17,0,11,11069,5 Route de Montreal,43.2113,2.3284,Plein jour,En agglomération,Hors intersection,Normale,Trois véhicules et plus - collisions multiples,4,1,2,0,2,2,1,0,1,50,3,3,2,0,0,1,52.0,42.0,voiture,voiture,1,2,1,1,5
202300040160,2023-04-08 05:00:00,2023,4,8,5,0,09,09207,20 (R.N.) COTE SUD DU TUNNEL,42.92884,1.63204,Nuit sans éclairage public,Hors agglomération,Hors intersection,Normale,Autre collision,2,1,2,0,1,1,1,0,1,110,1,1,0,0,0,1,32.0,,voiture,,3,1,1,1,6
202300040161,2023-09-01 18:25:00,2023,9,1,18,25,35,35115,CANROBERT (RUE),48.35098,-1.19273,Plein jour,En agglomération,Intersection en X,Normale,Deux véhicules - côté,4,1,1,0,1,1,1,0,1,30,2,2,1,0,1,0,49.0,8.0,voiture,deux_roues,1,2,2,1,3
202300040161,2023-09-01 18:25:00,2023,9,1,18,25,35,35115,CANROBERT (RUE),48.35098,-1.19273,Plein jour,En agglomération,Intersection en X,Normale,Deux véhicules - côté,4,1,1,0,1,1,1,0,1,30,2,2,1,0,1,0,49.0,8.0,voiture,deux_roues,1,2,2,1,3
202300040162,2023-09-02 21:05:00,2023,9,2,21,5,33,33063,Avenue de Nontraste,44.87723121,-0.56818843,Nuit avec éclairage allumé,En agglomération,Hors intersection,Pluie forte,Autre collision,4,2,2,0,1,1,2,0,1,50,1,2,1,0,0,1,54.0,,voiture,,5,2,1,3,6
202300040163,2023-04-08 14:00:00,2023,4,8,14,0,06,06069,DRAGONNIERE (CHEMIN DE LA),43.674633,6.955375,Plein jour,En agglomération,Hors intersection,Normale,Deux véhicules - côté,4,2,2,0,2,2,1,0,1,30,2,2,0,0,0,2,19.0,52.0,voiture,voiture,1,2,1,1,3
202300040164,2023-09-02 18:30:00,2023,9,2,18,30,33,33069,Boulevard Pierre 1er,44.8570806,-0.59114277,Plein jour,En agglomération,Intersection en X,Normale,Deux véhicules - côté,4,3,4,3,1,1,1,5,1,50,2,2,1,0,1,0,15.0,,deux_roues,deux_roues,1,2,2,1,3
202300040164,2023-09-02 18:30:00,2023,9,2,18,30,33,33069,Boulevard Pierre 1er,44.8570806,-0.59114277,Plein jour,En agglomération,Intersection en X,Normale,Deux véhicules - côté,4,2,2,-1,1,1,1,5,1,50,2,2,1,0,1,0,15.0,,deux_roues,deux_roues,1,2,2,1,3
202300040165,2023-04-02 11:30:00,2023,4,2,11,30,06,06069,CANNES (ROUTE DE)  -VC 6085-,43.635238,6.95167,Plein jour,En agglomération,Hors intersection,Normale,Deux véhicules - arrière,4,2,1,0,1,1,1,0,1,50,2,2,1,0,1,0,61.0,83.0,deux_roues,voiture,1,2,1,1,2
202300040166,2023-09-01 17:20:00,2023,9,1,17,20,31,31483,KENNEDY (AVENUE),43.101642,0.72772,Plein jour,En agglomération,Intersection en T,Normale,Deux véhicules - arrière,3,2,2,0,2,1,1,0,1,50,2,2,1,0,0,1,33.0,35.0,voiture,voiture,1,2,3,1,2
202300040166,2023-09-01 17:20:00,2023,9,1,17,20,31,31483,KENNEDY (AVENUE),43.101642,0.72772,Plein jour,En agglomération,Intersection en T,Normale,Deux véhicules - arrière,3,2,2,0,2,2,1,0,8,50,2,2,1,0,0,1,33.0,35.0,voiture,voiture,1,2,3,1,2
202300040167,2023-09-02 12:05:00,2023,9,2,12,5,27,27229,SAINT ANDRE (ROUTE DE),49.009236,1.167471,Plein jour,En agglomération,Hors intersection,Normale,Deux véhicules - côté,4,2,2,0,1,1,1,0,1,50,2,3,0,0,0,3,27.0,21.0,voiture,voiture,1,2,1,1,3
202300040168,2023-04-07 15:30:00,2023,4,7,15,30,06,06069,CANNES (ROUTE DE)  -RD 6085-,43.64165,6.94534,Plein jour,En agglomération,Hors intersection,Normale,Trois véhicules et plus - en chaîne,4,2,2,0,1,1,1,0,1,50,3,4,3,0,0,1,67.0,59.0,voiture,voiture,1,2,1,1,4
202300040169,2023-09-02 05:25:00,2023,9,2,5,25,26,26198,SAUZET (Route ),44.55377119,4.74866867,Nuit avec éclairage non allumé,Hors agglomération,Hors intersection,Normale,Autre collision,4,2,2,0,1,1,1,0,1,70,1,2,1,0,1,0,75.0,,voiture,,4,1,1,1,6
202300040170,2023-09-02 09:50:00,2023,9,2,9,50,26,26198,Chemin de Fortuneau,44.53935,4.7323,Plein jour,Hors agglomération,Intersection en T,Normale,Deux véhicules - côté,4,2,2,0,1,1,1,0,1,50,2,2,1,0,0,1,41.0,76.0,voiture,deux_roues,1,1,3,1,3
202300040170,2023-09-02 09:50:00,2023,9,2,9,50,26,26198,Chemin de Fortuneau,44.53935,4.7323,Plein jour,Hors agglomération,Intersection en T,Normale,Deux véhicules - côté,4,2,2,0,1,1,1,0,1,50,2,2,1,0,0,1,41.0,76.0,voiture,deux_roues,1,1,3,1,3
202300040171,2023-04-07 18:10:00,2023,4,7,18,10,04,04112,DELATTRE DE TASSIGNY (AV. MAL.),43.82499,5.78882,Plein jour,En agglomération,Hors intersection,Normale,Deux véhicules - arrière,4,2,1,0,1,1,1,0,1,50,2,2,0,0,0,1,,23.0,autre,voiture,1,2,1,1,2
202300040172,2023-09-02 11:50:00,2023,9,2,11,50,25,25056,AUBEPINES RUE DES,47.2654,6.04877,Plein jour,En agglomération,Intersection en Y,Normale,Autre collision,4,-1, -1,-1,1,1,-1,0,-1,-1,1,2,1,0,1,0,58.0,,voiture,,1,2,4,1,6
202300040172,2023-09-02 11:50:00,2023,9,2,11,50,25,25056,AUBEPINES RUE DES,47.2654,6.04877,Plein jour,En agglomération,Intersection en Y,Normale,Autre collision,4,2,2,2,1,1,1,0,1,50,1,2,1,0,1,0,58.0,,voiture,,1,2,4,1,6
202300040173,2023-09-01 19:10:00,2023,9,1,19,10,22,22113,LE DANTEC (RUE FELIX),48.7328,-3.46388,Plein jour,En agglomération,Hors intersection,Normale,Autre collision,4,2,2,0,2,2,1,0,1,20,1,1,0,0,1,0,66.0,,deux_roues,,1,2,1,1,6
202300040174,2023-04-07 18:20:00,2023,4,7,18,20,988,98818,ROUTE MENANT AU DEBARCADERE/PROMENADE PIERRE VERNIER,-22.30955,166.45802,Nuit avec éclairage allumé,En agglomération,Intersection en T,Normale,Deux véhicules - côté,4,2,2,-1,1,1,1,5,5,-1,2,2,1,0,1,0,23.0,20.0,utilitaire_camion,deux_roues,5,2,3,1,3
202300040174,2023-04-07 18:20:00,2023,4,7,18,20,988,98818,ROUTE MENANT AU DEBARCADERE/PROMENADE PIERRE VERNIER,-22.30955,166.45802,Nuit avec éclairage allumé,En agglomération,Intersection en T,Normale,Deux véhicules - côté,4,2,2,2,1,1,1,5,5,50,2,2,1,0,1,0,23.0,20.0,utilitaire_camion,deux_roues,5,2,3,1,3
202300040175,2023-09-01 14:05:00,2023,9,1,14,5,16,16271,TORSAC (ROUTE DE),45.615113,0.191211,Plein jour,Hors agglomération,Hors intersection,Normale,Deux véhicules - arrière,3,2,2,0,1,1,1,0,1,80,2,2,1,0,1,0,51.0,12.0,utilitaire_camion,deux_roues,1,1,1,1,2
202300040176,2023-04-07 11:50:00,2023,4,7,11,50,976,97611,passamanty-Vahibé ( route ),-12.80374,45.21221,Plein jour,En agglomération,Hors intersection,Normale,Deux véhicules - côté,3,-1,2,0,1,1,1,0,1,50,2,2,1,0,0,1,36.0,39.0,deux_roues,voiture,1,2,1,1,3
202300040177,2023-09-02 19:00:00,2023,9,2,19,0,14,14220,14 Boulevard Eugène Cornuché,49.36238,0.07378,Plein jour,En agglomération,Hors intersection,Normale,Deux véhicules - arrière,4,1,2,1,1,1,1,0,5,50,2,2,1,0,0,1,64.0,49.0,deux_roues,voiture,1,2,1,1,2
202300040178,2023-04-07 19:20:00,2023,4,7,19,20,974,97411,JAURES (BOULEVARD JEAN),-20.89192,55.46735,Nuit sans éclairage public,Hors agglomération,Intersection en T,Normale,Autre collision,2,3,4,0,1,1,1,0,1,50,1,1,0,0,1,0,64.0,,voiture,,3,1,3,1,6
202300040178,2023-04-07 19:20:00,2023,4,7,19,20,974,97411,JAURES (BOULEVARD JEAN),-20.89192,55.46735,Nuit sans éclairage public,Hors agglomération,Intersection en T,Normale,Autre collision,2,3,5,0,1,1,1,0,1,50,1,1,0,0,1,0,64.0,,voiture,,3,1,3,1,6
202300040179,2023-09-02 13:25:00,2023,9,2,13,25,13,13207,Corniche John Fitzgérald Kennedy,43.2701,5.36529,Plein jour,En agglomération,Hors intersection,Normale,Deux véhicules - arrière,4,1,3,0,1,1,1,0,1,50,2,3,1,0,0,2,25.0,51.0,utilitaire_camion,voiture,1,2,1,1,2
202300040180,2023-04-07 09:25:00,2023,4,7,9,25,974,97411,OCEAN (BOULEVARD DE L'),-20.88138,55.45706,Plein jour,En agglomération,Hors intersection,Normale,Autre collision,4,2,3,0,2,1,1,0,6,30,1,2,1,0,0,1,,,voiture,,1,2,1,1,6
202300040181,2023-09-02 01:45:00,2023,9,2,1,45,11,11069,96 Avenue Bunau Varilla,43.20687,2.33537,Nuit avec éclairage allumé,En agglomération,Autre intersection,Normale,Autre collision,4,2,2,0,1,1,1,9,1,50,1,2,1,0,1,0,27.0,,voiture,,5,2,9,1,6
202300040182,2023-04-07 06:50:00,2023,4,7,6,50,974,97411,LATTRE DE TASSIGNY (AVENUE MARECHAL DE),-20.88703,55.47108,Plein jour,En agglomération,Hors intersection,Normale,Deux véhicules - côté,4,2,4,3,1,1,1,0,6,30,2,2,1,0,0,1,54.0,32.0,deux_roues,transport_commun,1,2,1,1,3
202300040183,2023-09-01 17:50:00,2023,9,1,17,50,11,11069,,43.22386,2.327,Plein jour,Hors agglomération,Hors intersection,Normale,Deux véhicules - arrière,3,2,2,0,1,1,1,0,1,80,2,2,1,0,0,1,20.0,52.0,voiture,voiture,1,1,1,1,2
202300040184,2023-04-07 07:45:00,2023,4,7,7,45,974,97411,JAURES (BOULEVARD JEAN),-20.88969,55.46105,Plein jour,En agglomération,Hors intersection,Normale,Autre collision,4,2,6,0,1,1,1,6,1,50,1,3,0,0,0,3,24.0,,deux_roues,,1,2,1,1,6
202300040185,2023-09-01 16:30:00,2023,9,1,16,30,02,02408,,49.5685,3.6468,Plein jour,En agglomération,Giratoire,Normale,Deux véhicules - côté,3,1,2,0,1,1,1,0,1,20,2,2,1,0,1,0,24.0,43.0,utilitaire_camion,deux_roues,1,2,6,1,3
202300040185,2023-09-01 16:30:00,2023,9,1,16,30,02,02408,,49.5685,3.6468,Plein jour,En agglomération,Giratoire,Normale,Deux véhicules - côté,3,1,2,0,1,1,1,5,1,50,2,2,1,0,1,0,24.0,43.0,utilitaire_camion,deux_roues,1,2,6,1,3
202300040186,2023-09-02 00:00:00,2023,9,2,0,0,75,75114,BRETELLE PORTE DE VANVES,48.82520657,2.30326134,Nuit avec éclairage allumé,En agglomération,Hors intersection,Normale,Sans collision,4,-1,3,0,3,1,1,1,1,50,1,2,0,0,0,2,21.0,,deux_roues,,5,2,1,1,7
202300040187,2023-04-06 16:15:00,2023,4,6,16,15,974,97407,AXE MIXTE DE CAMBAIE,-20.95307,55.2943,Plein jour,Hors agglomération,Hors intersection,Normale,Deux véhicules - arrière,2,1,2,0,1,1,1,0,1,30,2,2,1,0,0,1,19.0,60.0,voiture,deux_roues,1,1,1,1,2
202300040188,2023-04-07 13:03:00,2023,4,7,13,3,973,97302,MADELEINE (ROUTE DE LA),4.91739,-52.32143,Plein jour,En agglomération,Intersection en T,Normale,Deux véhicules - côté,3,2,2,0,1,1,1,0,1,50,2,2,1,0,0,1,20.0,63.0,deux_roues,voiture,1,2,3,1,3
202300040188,2023-04-07 13:03:00,2023,4,7,13,3,973,97302,MADELEINE (ROUTE DE LA),4.91739,-52.32143,Plein jour,En agglomération,Intersection en T,Normale,Deux véhicules - côté,3,2,2,0,1,1,1,0,1,30,2,2,1,0,0,1,20.0,63.0,deux_roues,voiture,1,2,3,1,3
202300040189,2023-09-02 06:14:00,2023,9,2,6,14,75,75116,BD PERIPHERIQUE EXTERIEUR,48.85464,2.254711,Crépuscule ou aube,En agglomération,Hors intersection,Normale,Trois véhicules et plus - collisions multiples,4,1,3,0,1,1,1,1,1,50,3,7,4,0,1,2,27.0,23.0,voiture,voiture,2,2,1,1,5
202300040190,2023-04-07 19:30:00,2023,4,7,19,30,69,69388,Rue Emile Combes,45.73299,4.86602,Plein jour,En agglomération,Intersection en X,Normale,Deux véhicules - côté,4,1,1,0,1,3,1,0,1,30,2,2,1,0,1,0,48.0,23.0,voiture,voiture,1,2,2,1,3
202300040190,2023-04-07 19:30:00,2023,4,7,19,30,69,69388,Rue Emile Combes,45.73299,4.86602,Plein jour,En agglomération,Intersection en X,Normale,Deux véhicules - côté,4,2,2,0,1,1,1,0,1,30,2,2,1,0,1,0,48.0,23.0,voiture,voiture,1,2,2,1,3
202300040191,2023-09-02 20:00:00,2023,9,2,20,0,75,75105,QUAI SAINT MICHEL,48.853772,2.344347,Plein jour,En agglomération,Intersection en X,Normale,Deux véhicules - côté,4,-1, -1,-1,1,1,1,2,1,30,2,2,1,0,0,1,41.0,70.0,deux_roues,deux_roues,1,2,2,1,3
202300040191,2023-09-02 20:00:00,2023,9,2,20,0,75,75105,QUAI SAINT MICHEL,48.853772,2.344347,Plein jour,En agglomération,Intersection en X,Normale,Deux véhicules - côté,4,2,4,1,1,1,1,0,5,30,2,2,1,0,0,1,41.0,70.0,deux_roues,deux_roues,1,2,2,1,3
202300040192,2023-09-02 05:50:00,2023,9,2,5,50,75,75114,BOULEVARD RASPAIL,48.835025,2.332174,Nuit avec éclairage allumé,En agglomération,Intersection en T,Normale,Autre collision,4,2,4,3,1,1,1,5,1,30,1,1,0,0,0,1,49.0,,voiture,,5,2,3,1,6
202300040192,2023-09-02 05:50:00,2023,9,2,5,50,75,75114,BOULEVARD RASPAIL,48.835025,2.332174,Nuit avec éclairage allumé,En agglomération,Intersection en T,Normale,Autre collision,4,2, -1,-1,1,1,1,0,1,30,1,1,0,0,0,1,49.0,,voiture,,5,2,3,1,6
202300040193,2023-04-07 14:50:00,2023,4,7,14,50,69,69383,Rue Rabelais,45.76235,4.8414,Plein jour,En agglomération,Intersection en T,Normale,Deux véhicules - arrière,4,1,4,1,1,1,1,0,1,50,2,2,1,0,0,1,59.0,60.0,utilitaire_camion,voiture,1,2,3,1,2
202300040193,2023-04-07 14:50:00,2023,4,7,14,50,69,69383,Rue Rabelais,45.76235,4.8414,Plein jour,En agglomération,Intersection en T,Normale,Deux véhicules - arrière,4,1,1,2,1,1,1,0,1,30,2,2,1,0,0,1,59.0,60.0,utilitaire_camion,voiture,1,2,3,1,2
202300040194,2023-09-02 18:15:00,2023,9,2,18,15,75,75115,RUE LINOIS,48.847693,2.284141,Plein jour,En agglomération,Intersection en X,Normale,Autre collision,4,-1, -1,-1,1,1,1,0,1,30,1,2,1,0,0,1,50.0,,deux_roues,,1,2,2,1,6
202300040194,2023-09-02 18:15:00,2023,9,2,18,15,75,75115,RUE LINOIS,48.847693,2.284141,Plein jour,En agglomération,Intersection en X,Normale,Autre collision,4,2,2,0,1,1,1,0,1,30,1,2,1,0,0,1,50.0,,deux_roues,,1,2,2,1,6
202300040195,2023-09-01 13:00:00,2023,9,1,13,0,75,75114,AVENUE DU MAINE,48.839457,2.322288,Plein jour,En agglomération,Intersection en T,Normale,Autre collision,4,3,4,0,2,1,1,0,1,50,2,3,2,0,0,1,44.0,66.0,voiture,voiture,1,2,3,1,6
202300040195,2023-09-01 13:00:00,2023,9,1,13,0,75,75114,AVENUE DU MAINE,48.839457,2.322288,Plein jour,En agglomération,Intersection en T,Normale,Autre collision,4,-1, -1,-1,1,1,1,0,1,50,2,3,2,0,0,1,44.0,66.0,voiture,voiture,1,2,3,1,6
202300040196,2023-09-01 18:10:00,2023,9,1,18,10,75,75114,AVENUE DU MAINE,48.834058,2.324443,Plein jour,En agglomération,Intersection en T,Normale,Deux véhicules - côté,4,2,4,3,1,1,1,0,1,30,2,2,1,0,0,1,55.0,48.0,voiture,deux_roues,1,2,3,1,3
202300040196,2023-09-01 18:10:00,2023,9,1,18,10,75,75114,AVENUE DU MAINE,48.834058,2.324443,Plein jour,En agglomération,Intersection en T,Normale,Deux véhicules - côté,4,1,1,0,1,1,1,0,1,30,2,2,1,0,0,1,55.0,48.0,voiture,deux_roues,1,2,3,1,3
202300040197,2023-04-07 03:05:00,2023,4,7,3,5,69,69389,Avenue Sidoine Apollinaire,45.77357,4.79524,Nuit avec éclairage allumé,En agglomération,Intersection en X,Normale,Deux véhicules - côté,4,1,2,0,4,1,1,5,1,30,2,9,5,0,0,4,25.0,24.0,voiture,voiture,5,2,2,1,3
202300040197,2023-04-07 03:05:00,2023,4,7,3,5,69,69389,Avenue Sidoine Apollinaire,45.77357,4.79524,Nuit avec éclairage allumé,En agglomération,Intersection en X,Normale,Deux véhicules - côté,4,2,3,0,2,1,1,5,1,30,2,9,5,0,0,4,25.0,24.0,voiture,voiture,5,2,2,1,3
202300040198,2023-09-02 00:15:00,2023,9,2,0,15,75,75113,RUE JEAN BAPTISTE BERLIER,48.8262367,2.38626069,Nuit avec éclairage allumé,En agglomération,Hors intersection,Normale,Deux véhicules - frontale,4,1,1,0,2,1,1,8,1,30,2,2,1,0,1,0,56.0,30.0,transport_commun,deux_roues,5,2,1,1,1
202300040199,2023-04-07 13:45:00,2023,4,7,13,45,2A,2A004,CALVI  ROUTE,41.95855,8.78061,Plein jour,En agglomération,Intersection en T,Normale,Deux véhicules - côté,4,2,2,0,1,1,1,0,1,50,2,2,0,0,0,2,51.0,69.0,voiture,voiture,1,2,3,1,3
202300040199,2023-04-07 13:45:00,2023,4,7,13,45,2A,2A004,CALVI  ROUTE,41.95855,8.78061,Plein jour,En agglomération,Intersection en T,Normale,Deux véhicules - côté,4,2,2,0,1,1,1,0,1,50,2,2,0,0,0,2,51.0,69.0,voiture,voiture,1,2,3,1,3
202300040200,2023-09-02 04:45:00,2023,9,2,4,45,75,75111,RUE DE CHARONNE,48.854399,2.384077,Nuit avec éclairage allumé,En agglomération,Intersection en T,Normale,Autre collision,4,-1, -1,-1,1,1,1,0,1,30,1,1,0,0,0,1,37.0,,deux_roues,,5,2,3,1,6
202300040200,2023-09-02 04:45:00,2023,9,2,4,45,75,75111,RUE DE CHARONNE,48.854399,2.384077,Nuit avec éclairage allumé,En agglomération,Intersection en T,Normale,Autre collision,4,2,0,0,1,1,1,0,1,30,1,1,0,0,0,1,37.0,,deux_roues,,5,2,3,1,6
202300040201,2023-04-07 08:20:00,2023,4,7,8,20,95,95051,DENIS PAPIN (RUE),49.0161429,2.17679769,Plein jour,En agglomération,Intersection en T,Temps éblouissant,Deux véhicules - frontale,4,2,2,1,1,1,1,0,5,50,2,2,1,0,0,1,30.0,53.0,voiture,deux_roues,1,2,3,7,1
202300040201,2023-04-07 08:20:00,2023,4,7,8,20,95,95051,DENIS PAPIN (RUE),49.0161429,2.17679769,Plein jour,En agglomération,Intersection en T,Temps éblouissant,Deux véhicules - frontale,4,2,3,0,1,1,1,0,5,50,2,2,1,0,0,1,30.0,53.0,voiture,deux_roues,1,2,3,7,1
202300040202,2023-09-02 01:20:00,2023,9,2,1,20,75,75111,BOULEVARD DE CHARONNE,48.858259,2.389886,Nuit avec éclairage allumé,En agglomération,Intersection en X,Normale,Autre collision,4,1,0,0,1,1,1,0,1,30,1,3,1,0,0,2,71.0,,voiture,,5,2,2,1,6
202300040202,2023-09-02 01:20:00,2023,9,2,1,20,75,75111,BOULEVARD DE CHARONNE,48.858259,2.389886,Nuit avec éclairage allumé,En agglomération,Intersection en X,Normale,Autre collision,4,-1, -1,-1,1,1,1,0,1,30,1,3,1,0,0,2,71.0,,voiture,,5,2,2,1,6
202300040203,2023-04-06 16:50:00,2023,4,6,16,50,91,91215,AV VICTOR HUGO,48.6976,2.52424,Plein jour,En agglomération,Hors intersection,Normale,Autre collision,4,2,2,0,1,1,1,0,1,50,1,2,1,0,0,1,38.0,,voiture,,1,2,1,1,6
202300040204,2023-12-09 22:15:00,2023,12,9,22,15,93,93064,AUTOROUTE A86,48.87884,2.47637,Nuit sans éclairage public,Hors agglomération,Hors intersection,Temps couvert,Trois véhicules et plus - en chaîne,1,3,3,0,1,1,2,0,1,90,3,3,1,0,0,2,28.0,37.0,voiture,voiture,3,1,1,8,4
202300040205,2023-12-10 20:15:00,2023,12,10,20,15,94,94011,N406,48.76265,2.495,Nuit sans éclairage public,Hors agglomération,Hors intersection,Pluie légère,Autre collision,2,3,0,0,3,3,2,0,1,70,1,3,1,0,0,2,25.0,,voiture,,3,1,1,2,6
202300040206,2023-09-02 15:15:00,2023,9,2,15,15,75,75101,BOULEVARD DE SEBASTOPOL,48.858547,2.348205,Plein jour,En agglomération,Intersection en X,Normale,Deux véhicules - côté,4,1,4,1,1,1,1,0,1,30,2,2,1,0,0,1,52.0,,deux_roues,deux_roues,1,2,2,1,3