accident_id,datetime,annee,mois,jour,heure,minute,departement,commune_insee,adresse,latitude,longitude,luminosite,agglomeration,intersection,meteo,collision,catr,circ,nbv,vosp,prof,plan,surf,infra,situ,vma,nb_vehicules,nb_usagers,nb_indemnes,nb_tues,nb_blesses_hosp,nb_blesses_legers,age_cond_1,age_cond_2,veh_type_cond_1,veh_type_cond_2,lum_code,agg_code,int_code,atm_code,col_code
202300040357,2023-04-06 17:35:00,2023,4,6,17,35,16,16102,JAVREZAC (BOULEVARD DE),45.69404,-0.34735,Plein jour,En agglomération,Giratoire,Normale,Autre collision,3,-1,2,0,2,1,1,0,1,50,1,2,1,0,1,0,76.0,,voiture,,1,2,6,1,6
202300040358,2023-08-28 07:30:00,2023,8,28,7,30,33,33498,Chemin d'Arnautille,44.55609,-0.914322,Plein jour,En agglomération,Hors intersection,Normale,Autre collision,3,2,2,0,1,1,1,0,3,50,1,1,0,0,1,0,20.0,,voiture,,1,2,1,1,6
202300040359,2023-12-09 10:30:00,2023,12,9,10,30,04,04112,MAJORAL ARNAUD (AV.),43.83072,5.78043,Plein jour,En agglomération,Hors intersection,Temps couvert,Deux véhicules - côté,4,2,2,0,2,1,2,0,1,50,2,2,1,0,0,1,63.0,45.0,voiture,deux_roues,1,2,1,8,3
202300040360,2023-09-03 09:10:00,2023,9,3,9,10,35,35178,RD 102,48.311183,-1.432005,Plein jour,Hors agglomération,Hors intersection,Normale,Autre collision,3,2,2,0,2,2,1,0,3,50,1,4,1,0,1,2,19.0,,voiture,,1,1,1,1,6
202300040361,2023-12-08 08:05:00,2023,12,8,8,5,04,04070,avenue Simone-Pellissier,44.084682,6.222625,Plein jour,En agglomération,Hors intersection,Pluie forte,Deux véhicules - côté,4,2,2,0,1,1,2,0,1,70,2,2,1,0,0,1,20.0,51.0,voiture,utilitaire_camion,1,2,1,3,3
202300040362,2023-12-08 20:10:00,2023,12,8,20,10,75,75118,BD PERIPHERIQUE EXTERIEUR,48.901236,2.352112,Nuit avec éclairage allumé,En agglomération,Hors intersection,Normale,Deux véhicules - arrière,4,1,4,0,1,1,1,0,1,70,2,2,1,0,0,1,33.0,53.0,deux_roues,voiture,5,2,1,1,2
202300040363,2023-09-03 15:30:00,2023,9,3,15,30,59,59430,Rue de la Bonnette,50.139385,3.499779,Plein jour,En agglomération,Hors intersection,Normale,Autre collision,4,2,1,0,2,1,1,0,3,50,1,1,0,1,0,0,15.0,,deux_roues,,1,2,1,1,6
202300040364,2023-04-07 19:30:00,2023,4,7,19,30,13,13103,AVENUE LECLERC - DU MARECHAL,43.63983,5.1089,Plein jour,En agglomération,Hors intersection,Normale,Deux véhicules - frontale,4,2,2,0,1,3,1,0,1,50,2,3,2,0,0,1,37.0,24.0,voiture,voiture,1,2,1,1,1
202300040365,2023-12-09 16:45:00,2023,12,9,16,45,75,75117,AVENUE DE CLICHY,48.890283,2.32078,Plein jour,En agglomération,Intersection en T,Normale,Deux véhicules - arrière,4,2,2,2,1,1,2,0,1,30,2,2,1,0,0,1,35.0,54.0,deux_roues,voiture,1,2,3,1,2
202300040365,2023-12-09 16:45:00,2023,12,9,16,45,75,75117,AVENUE DE CLICHY,48.890283,2.32078,Plein jour,En agglomération,Intersection en T,Normale,Deux véhicules - arrière,4,1, -1,-1,1,1,2,0,1,30,2,2,1,0,0,1,35.0,54.0,deux_roues,voiture,1,2,3,1,2
202300040366,2023-08-08 10:05:00,2023,8,8,10,5,59,59177,Route d’Aulnoye,50.155803,3.876755,Plein jour,Hors agglomération,Hors intersection,Normale,Deux véhicules - frontale,3,2,2,0,1,1,1,0,1,90,2,2,1,1,0,0,43.0,88.0,utilitaire_camion,deux_roues,1,1,1,1,1
202300040367,2023-04-07 22:20:00,2023,4,7,22,20,13,13208,CARMAGNOLES (BD),43.26908,5.3864,Nuit avec éclairage allumé,En agglomération,Intersection en T,Normale,Deux véhicules - côté,4,1,1,0,1,1,1,0,1,50,2,3,1,0,0,2,50.0,29.0,voiture,deux_roues,5,2,3,1,3
202300040367,2023-04-07 22:20:00,2023,4,7,22,20,13,13208,CARMAGNOLES (BD),43.26908,5.3864,Nuit avec éclairage allumé,En agglomération,Intersection en T,Normale,Deux véhicules - côté,4,1,1,0,1,1,1,0,1,50,2,3,1,0,0,2,50.0,29.0,voiture,deux_roues,5,2,3,1,3
202300040368,2023-12-09 09:25:00,2023,12,9,9,25,75,75112,RUE DE CHARENTON,48.836108,2.392236,Plein jour,En agglomération,Intersection en T,Pluie forte,Deux véhicules - frontale,4,1,2,2,2,1,2,0,5,30,2,2,1,0,0,1,45.0,45.0,voiture,deux_roues,1,2,3,3,1
202300040368,2023-12-09 09:25:00,2023,12,9,9,25,75,75112,RUE DE CHARENTON,48.836108,2.392236,Plein jour,En agglomération,Intersection en T,Pluie forte,Deux véhicules - frontale,4,1,1,0,1,1,2,0,5,30,2,2,1,0,0,1,45.0,45.0,voiture,deux_roues,1,2,3,3,1
202300040369,2023-04-07 19:05:00,2023,4,7,19,5,13,13047,RD 569,43.54847,4.97356,Plein jour,Hors agglomération,Hors intersection,Normale,Deux véhicules - arrière,3,2,2,0,1,1,1,0,1,80,3,3,1,0,0,2,32.0,33.0,voiture,deux_roues,1,1,1,1,2
202300040370,2023-09-01 18:25:00,2023,9,1,18,25,13,13005,A50-Sens Marseille vers Aubagne,43.286511,5.536369,Plein jour,Hors agglomération,Hors intersection,Normale,Deux véhicules - arrière,1,1,3,0,1,1,1,0,1,90,3,3,2,0,0,1,60.0,56.0,voiture,voiture,1,1,1,1,2
202300040371,2023-12-09 16:55:00,2023,12,9,16,55,75,75111,RUE JEAN PIERRE TIMBAUD,48.86729,2.375897,Plein jour,En agglomération,Intersection en T,Temps couvert,Autre collision,4,1, -1,-1,1,1,2,0,1,30,1,2,0,0,0,2,18.0,,deux_roues,,1,2,3,8,6
202300040371,2023-12-09 16:55:00,2023,12,9,16,55,75,75111,RUE JEAN PIERRE TIMBAUD,48.86729,2.375897,Plein jour,En agglomération,Intersection en T,Temps couvert,Autre collision,4,1,1,0,1,1,2,0,1,30,1,2,0,0,0,2,18.0,,deux_roues,,1,2,3,8,6
202300040372,2023-09-02 08:54:00,2023,9,2,8,54,13,13026,A55-Sens Marseille vers Martigues,43.39021,5.13658,Plein jour,Hors agglomération,Hors intersection,Normale,Deux véhicules - frontale,1,3,2,0,1,1,1,0,3,110,1,2,0,0,0,2,23.0,,voiture,,1,1,1,1,1
202300040373,2023-04-03 19:45:00,2023,4,3,19,45,10,10325,Rue Victor Hugo,48.26750977,4.06187832,Plein jour,En agglomération,Autre intersection,Normale,Deux véhicules - côté,3,-1,1,0,1,1,1,0,1,50,2,2,1,0,0,1,62.0,19.0,voiture,deux_roues,1,2,9,1,3
202300040373,2023-04-03 19:45:00,2023,4,3,19,45,10,10325,Rue Victor Hugo,48.26750977,4.06187832,Plein jour,En agglomération,Autre intersection,Normale,Deux véhicules - côté,3,4,1,0,1,2,1,9,1,50,2,2,1,0,0,1,62.0,19.0,voiture,deux_roues,1,2,9,1,3
202300040374,2023-12-09 09:50:00,2023,12,9,9,50,75,75110,RUE ALEXANDRE PARODI,48.8798,2.365532,Plein jour,En agglomération,Intersection en T,Pluie forte,Autre collision,4,1, -1,-1,1,1,2,0,1,30,1,2,1,0,0,1,33.0,,deux_roues,,1,2,3,3,6
202300040374,2023-12-09 09:50:00,2023,12,9,9,50,75,75110,RUE ALEXANDRE PARODI,48.8798,2.365532,Plein jour,En agglomération,Intersection en T,Pluie forte,Autre collision,4,2,2,2,1,1,2,0,1,30,1,2,1,0,0,1,33.0,,deux_roues,,1,2,3,3,6
202300040375,2023-04-07 15:35:00,2023,4,7,15,35,10,10387,VICTOR HUGO (RUE),48.29345,4.06872,Plein jour,En agglomération,Hors intersection,Normale,Trois véhicules et plus - en chaîne,4,1,2,0,1,1,1,0,1,50,3,4,3,0,0,1,81.0,62.0,voiture,voiture,1,2,1,1,4
202300040376,2023-09-02 03:45:00,2023,9,2,3,45,69,69204,Autoroute 450,45.68408604,4.80424374,Nuit avec éclairage allumé,Hors agglomération,Hors intersection,Normale,Deux véhicules - arrière,1,3,4,0,1,1,1,0,1,90,2,4,1,0,0,2,,22.0,voiture,voiture,5,1,1,1,2
202300040377,2023-12-09 07:24:00,2023,12,9,7,24,75,75108,PLACE DE LA CONCORDE,48.86667134,2.32201767,Nuit avec éclairage allumé,En agglomération,Intersection en X,Pluie légère,Deux véhicules - côté,4,-1,4,0,1,1,2,0,1,30,2,5,4,0,0,1,29.0,59.0,voiture,voiture,5,2,2,2,3
202300040377,2023-12-09 07:24:00,2023,12,9,7,24,75,75108,PLACE DE LA CONCORDE,48.86667134,2.32201767,Nuit avec éclairage allumé,En agglomération,Intersection en X,Pluie légère,Deux véhicules - côté,4,-1,4,0,1,1,2,0,1,30,2,5,4,0,0,1,29.0,59.0,voiture,voiture,5,2,2,2,3
202300040378,2023-04-07 04:27:00,2023,4,7,4,27,08,08480,NATIONALE ROUTE,49.74272,4.73821,Nuit avec éclairage allumé,En agglomération,Hors intersection,Autre,Autre collision,3,2,2,0,2,1,2,0,1,50,1,4,1,0,0,3,23.0,,utilitaire_camion,,5,2,1,9,6
202300040379,2023-12-09 06:30:00,2023,12,9,6,30,75,75104,QUAI DE L HOTEL DE VILLE,48.855899,2.351089,Crépuscule ou aube,En agglomération,Intersection en X,Pluie légère,Autre collision,4,-1,2,0,1,1,2,0,1,30,1,2,0,0,0,2,31.0,,voiture,,2,2,2,2,6
202300040379,2023-12-09 06:30:00,2023,12,9,6,30,75,75104,QUAI DE L HOTEL DE VILLE,48.855899,2.351089,Crépuscule ou aube,En agglomération,Intersection en X,Pluie légère,Autre collision,4,2,5,0,1,1,2,0,1,30,1,2,0,0,0,2,31.0,,voiture,,2,2,2,2,6
202300040380,2023-04-07 22:16:00,2023,4,7,22,16,06,06088,DELFINO (BD GENERAL),43.70589,7.28328,Nuit avec éclairage allumé,En agglomération,Hors intersection,Normale,Deux véhicules - côté,4,1,3,0,1,1,1,0,1,50,2,2,1,0,1,0,16.0,23.0,deux_roues,voiture,5,2,1,1,3
202300040381,2023-04-07 14:10:00,2023,4,7,14,10,06,06104,CAP MARTIN (PROMENADE DU),43.757759,7.481883,Plein jour,En agglomération,Hors intersection,Normale,Deux véhicules - côté,3,2,2,0,1,1,1,0,1,30,2,3,2,0,1,0,23.0,19.0,deux_roues,deux_roues,1,2,1,1,3
202300040382,2023-12-09 11:50:00,2023,12,9,11,50,94,94052,Avenue de Joinville,48.831046,2.468872,Plein jour,En agglomération,Intersection en T,Pluie légère,Deux véhicules - côté,3,4,2,1,1,1,2,5,5,30,2,2,1,0,1,0,22.0,33.0,deux_roues,voiture,1,2,3,2,3
202300040382,2023-12-09 11:50:00,2023,12,9,11,50,94,94052,Avenue de Joinville,48.831046,2.468872,Plein jour,En agglomération,Intersection en T,Pluie légère,Deux véhicules - côté,3,2,2,-1,1,1,2,0,1,-1,2,2,1,0,1,0,22.0,33.0,deux_roues,voiture,1,2,3,2,3
202300040383,2023-09-02 00:35:00,2023,9,2,0,35,33,33162,ROCADE A 630,44.86942274,-0.64565867,Nuit sans éclairage public,Hors agglomération,Autre intersection,Pluie forte,Deux véhicules - côté,1,3,6,0,1,1,2,0,1,90,2,3,2,0,0,1,19.0,39.0,voiture,voiture,3,1,9,3,3
202300040384,2023-12-09 07:55:00,2023,12,9,7,55,94,94052,Boulevard de Strasbourg,48.84526214,2.4892399,Nuit avec éclairage allumé,En agglomération,Hors intersection,Pluie légère,Autre collision,3,2,3,1,2,1,2,0,8,30,1,2,1,0,0,1,68.0,,voiture,,5,2,1,2,6
202300040385,2023-04-07 08:20:00,2023,4,7,8,20,06,06069,GRILLONS (RUE DES),43.64891,6.91185,Plein jour,En agglomération,Hors intersection,Normale,Deux véhicules - côté,4,2,2,0,1,1,1,0,1,30,2,2,1,0,0,1,16.0,22.0,deux_roues,voiture,1,2,1,1,3
202300040386,2023-09-02 12:20:00,2023,9,2,12,20,92,92002,AUTOROUTE A10,48.73038049,2.30823398,Plein jour,Hors agglomération,Hors intersection,Normale,Deux véhicules - arrière,1,3,3,0,1,1,1,0,1,110,2,2,1,0,0,1,28.0,26.0,voiture,voiture,1,1,1,1,2
202300040387,2023-12-09 07:00:00,2023,12,9,7,0,94,94017,Avenue du Général de Gaulle,48.82033118,2.48535318,Nuit avec éclairage non allumé,En agglomération,Hors intersection,Pluie légère,Autre collision,3,2,4,0,1,1,2,1,1,50,1,2,1,0,0,1,33.0,,voiture,,4,2,1,2,6
202300040388,2023-04-07 19:45:00,2023,4,7,19,45,06,06123,PUGETS MOYENNE CORNICHE DES,43.69302,7.17844,Plein jour,En agglomération,Hors intersection,Normale,Deux véhicules - côté,4,-1,2,0,2,4,1,0,1,50,2,2,1,0,0,1,33.0,16.0,voiture,deux_roues,1,2,1,1,3
202300040389,2023-12-08 17:30:00,2023,12,8,17,30,94,94071,Rue Jean Moulin,48.77541,2.51519,Nuit avec éclairage allumé,En agglomération,Intersection en X,Pluie légère,Autre collision,3,2,2,0,1,1,2,0,1,50,1,2,1,0,0,1,56.0,,voiture,,5,2,2,2,6
202300040389,2023-12-08 17:30:00,2023,12,8,17,30,94,94071,Rue Jean Moulin,48.77541,2.51519,Nuit avec éclairage allumé,En agglomération,Intersection en X,Pluie légère,Autre collision,3,2,2,0,1,1,2,0,1,50,1,2,1,0,0,1,56.0,,voiture,,5,2,2,2,6
202300040390,2023-09-02 14:10:00,2023,9,2,14,10,91,91136,AUTOROUTE A126,48.71276,2.28279,Plein jour,Hors agglomération,Hors intersection,Normale,Deux véhicules - arrière,1,1,1,0,1,1,1,0,1,90,2,2,1,0,0,1,53.0,42.0,voiture,voiture,1,1,1,1,2
202300040391,2023-04-07 15:40:00,2023,4,7,15,40,01,01053,MONTESQUIEU (RUE),46.18777,5.229225,Plein jour,En agglomération,Intersection en X,Temps éblouissant,Deux véhicules - frontale,4,2,2,0,1,1,1,0,1,50,2,3,2,0,1,0,19.0,18.0,voiture,deux_roues,1,2,2,7,1
202300040391,2023-04-07 15:40:00,2023,4,7,15,40,01,01053,MONTESQUIEU (RUE),46.18777,5.229225,Plein jour,En agglomération,Intersection en X,Temps éblouissant,Deux véhicules - frontale,4,2,2,0,1,1,1,0,1,50,2,3,2,0,1,0,19.0,18.0,voiture,deux_roues,1,2,2,7,1
202300040392,2023-12-09 12:00:00,2023,12,9,12,0,93,93051,Rue de l’Universite / Boulevard du Levant,48.83845,2.5494,Plein jour,En agglomération,Intersection en T,Pluie légère,Autre collision,3,3,4,0,1,1,2,0,1,-1,1,3,2,0,0,1,,,voiture,,1,2,3,2,6
202300040392,2023-12-09 12:00:00,2023,12,9,12,0,93,93051,Rue de l’Universite / Boulevard du Levant,48.83845,2.5494,Plein jour,En agglomération,Intersection en T,Pluie légère,Autre collision,3,2,2,0,1,1,2,0,1,50,1,3,2,0,0,1,,,voiture,,1,2,3,2,6
202300040393,2023-04-08 15:25:00,2023,4,8,15,25,75,75112,PORTE DE CHARENTON,48.833191,2.406946,Plein jour,En agglomération,Hors intersection,Normale,Deux véhicules - arrière,4,1,4,0,1,1,1,0,1,70,2,2,1,0,1,0,27.0,71.0,deux_roues,utilitaire_camion,1,2,1,1,2
202300040394,2023-09-02 11:20:00,2023,9,2,11,20,91,91689,AUTOROUTE A6A,48.73237,2.31567,Plein jour,Hors agglomération,Hors intersection,Normale,Trois véhicules et plus - en chaîne,1,1,3,0,1,1,1,0,1,110,3,3,2,0,0,1,64.0,20.0,voiture,voiture,1,1,1,1,4
202300040395,2023-04-08 01:10:00,2023,4,8,1,10,75,75112,PORTE DE VINCENNES,48.843158,2.413707,Nuit avec éclairage allumé,En agglomération,Hors intersection,Normale,Sans collision,4,1,4,0,1,1,1,0,1,70,1,1,0,0,0,1,34.0,,deux_roues,,5,2,1,1,7
202300040396,2023-12-09 10:30:00,2023,12,9,10,30,93,93050,Avenue Léon Blum / Avenue Winston Churchill,48.8689,2.537056,Plein jour,En agglomération,Intersection en T,Pluie forte,Autre collision,3,2,2,2,1,1,2,0,1,50,1,2,1,0,0,1,53.0,,voiture,,1,2,3,3,6
202300040396,2023-12-09 10:30:00,2023,12,9,10,30,93,93050,Avenue Léon Blum / Avenue Winston Churchill,48.8689,2.537056,Plein jour,En agglomération,Intersection en T,Pluie forte,Autre collision,3,3,2,0,1,1,2,0,1,50,1,2,1,0,0,1,53.0,,voiture,,1,2,3,3,6
202300040397,2023-09-02 19:30:00,2023,9,2,19,30,93,93006,AUTOROUTE A3,48.86577158,2.41749625,Crépuscule ou aube,Hors agglomération,Hors intersection,Normale,Deux véhicules - arrière,1,1,5,0,1,1,1,0,1,90,2,3,1,0,0,2,25.0,55.0,voiture,voiture,2,1,1,1,2
202300040398,2023-04-08 19:20:00,2023,4,8,19,20,75,75117,AVENUE DES TERNES,48.879025,2.292857,Plein jour,En agglomération,Intersection en T,Normale,Deux véhicules - côté,4,2,2,0,1,1,1,0,1,30,2,2,1,0,0,1,38.0,54.0,voiture,deux_roues,1,2,3,1,3
202300040398,2023-04-08 19:20:00,2023,4,8,19,20,75,75117,AVENUE DES TERNES,48.879025,2.292857,Plein jour,En agglomération,Intersection en T,Normale,Deux véhicules - côté,4,-1, -1,0,1,1,1,0,1,30,2,2,1,0,0,1,38.0,54.0,voiture,deux_roues,1,2,3,1,3
202300040399,2023-12-09 14:22:00,2023,12,9,14,22,92,92048,CAPUCINS (RUE DES) N° 1 A 31,48.81192129,2.23018304,Plein jour,En agglomération,Intersection en T,Pluie légère,Deux véhicules - côté,4,2,2,0,2,3,2,0,1,50,2,2,1,0,0,1,27.0,45.0,deux_roues,voiture,1,2,3,2,3
202300040399,2023-12-09 14:22:00,2023,12,9,14,22,92,92048,CAPUCINS (RUE DES) N° 1 A 31,48.81192129,2.23018304,Plein jour,En agglomération,Intersection en T,Pluie légère,Deux véhicules - côté,4,2,2,0,2,2,2,0,1,50,2,2,1,0,0,1,27.0,45.0,deux_roues,voiture,1,2,3,2,3
202300040400,2023-04-08 00:45:00,2023,4,8,0,45,75,75117,BOULEVARD PERIPHERIQUE INTERIEUR OUEST,48.895335,2.307301,Nuit avec éclairage allumé,En agglomération,Hors intersection,Normale,Autre collision,4,1,4,0,1,1,1,0,1,70,1,1,0,0,0,1,22.0,,deux_roues,,5,2,1,1,6
202300040401,2023-12-09 18:51:00,2023,12,9,18,51,92,92036,GENEAL DE GAULLE (AVENUE) (1/41),48.93316138,2.30376855,Nuit avec éclairage non allumé,En agglomération,Hors intersection,Pluie légère,Autre collision,3,3,1,0,1,3,2,0,1,50,1,1,0,0,0,1,71.0,,voiture,,4,2,1,2,6
202300040402,2023-04-08 18:15:00,2023,4,8,18,15,75,75116,ALLEE DU BORD DE L EAU,48.867893,2.234109,Plein jour,En agglomération,Hors intersection,Normale,Sans collision,4,2,2,0,1,1,1,0,1,30,1,1,0,0,0,1,29.0,,deux_roues,,1,2,1,1,7
202300040403,2023-09-02 10:40:00,2023,9,2,10,40,93,93064,AUTOROUTE A86,48.8791675,2.47634149,Plein jour,Hors agglomération,Hors intersection,Normale,Deux véhicules - arrière,1,3,6,0,1,1,1,0,1,90,2,3,0,0,0,3,44.0,37.0,utilitaire_camion,voiture,1,1,1,1,2
202300040404,2023-12-09 16:49:00,2023,12,9,16,49,92,92012,GENERAL LECLERC (AVENUE DU) 35/FIN - 60/,48.82992042,2.23227113,Crépuscule ou aube,En agglomération,Hors intersection,Temps couvert,Autre collision,4,-1,1,3,1,1,2,0,6,50,1,2,1,0,0,1,50.0,,voiture,,2,2,1,8,6
202300040405,2023-12-10 03:17:00,2023,12,10,3,17,56,56186,Boulevard René Cassin,47.474229,-3.110853,Nuit sans éclairage public,En agglomération,Hors intersection,Pluie légère,Autre collision,4,2,2,0,1,1,2,0,4,50,1,1,0,0,1,0,21.0,,voiture,,3,2,1,2,6
202300040406,2023-04-08 19:50:00,2023,4,8,19,50,75,75114,AVENUE PAUL APPELL,48.822086,2.325425,Crépuscule ou aube,En agglomération,Intersection en X,Normale,Deux véhicules - côté,4,2,8,3,1,1,1,0,1,30,2,2,1,0,0,1,68.0,44.0,utilitaire_camion,deux_roues,2,2,2,1,3
202300040406,2023-04-08 19:50:00,2023,4,8,19,50,75,75114,AVENUE PAUL APPELL,48.822086,2.325425,Crépuscule ou aube,En agglomération,Intersection en X,Normale,Deux véhicules - côté,4,2,4,0,1,1,1,0,1,30,2,2,1,0,0,1,68.0,44.0,utilitaire_camion,deux_roues,2,2,2,1,3
202300040407,2023-12-10 02:00:00,2023,12,10,2,0,81,81139,Route de Grayssac,43.738104,2.13521,Nuit sans éclairage public,Hors agglomération,Hors intersection,Normale,Autre collision,4,2,1,0,2,1,2,0,3,80,1,1,0,0,1,0,19.0,,voiture,,3,1,1,1,6
202300040408,2023-04-08 16:15:00,2023,4,8,16,15,75,75114,AVENUE REILLE,48.8244,2.337632,Plein jour,En agglomération,Hors intersection,Normale,Autre collision,4,2,2,0,1,1,1,0,1,30,1,2,1,0,0,1,20.0,,deux_roues,,1,2,1,1,6
202300040409,2023-09-02 00:17:00,2023,9,2,0,17,95,95582,A15,48.9689,2.2512,Nuit sans éclairage public,Hors agglomération,Hors intersection,Normale,Trois véhicules et plus - en chaîne,1,3,4,0,1,1,1,0,1,110,3,5,2,0,0,3,29.0,18.0,voiture,voiture,3,1,1,1,4
202300040410,2023-09-02 02:45:00,2023,9,2,2,45,95,95582,A115,48.97819,2.24083,Nuit sans éclairage public,Hors agglomération,Hors intersection,Normale,Sans collision,1,1,2,0,1,3,1,0,1,70,1,1,0,0,0,1,36.0,,deux_roues,,3,1,1,1,7
202300040411,2023-04-08 18:30:00,2023,4,8,18,30,75,75113,AVENUE D ITALIE,48.822807,2.358412,Plein jour,En agglomération,Intersection en T,Normale,Deux véhicules - arrière,4,2,4,1,1,1,1,5,1,30,2,3,2,0,0,1,19.0,38.0,deux_roues,voiture,1,2,3,1,2
202300040411,2023-04-08 18:30:00,2023,4,8,18,30,75,75113,AVENUE D ITALIE,48.822807,2.358412,Plein jour,En agglomération,Intersection en T,Normale,Deux véhicules - arrière,4,-1, -1,1,1,1,1,0,1,30,2,3,2,0,0,1,19.0,38.0,deux_roues,voiture,1,2,3,1,2
202300040412,2023-12-07 15:40:00,2023,12,7,15,40,26,26085,A7,44.500041,4.768255,Plein jour,Hors agglomération,Hors intersection,Temps couvert,Trois véhicules et plus - en chaîne,1,3,6,0,1,1,1,0,1,130,3,4,3,1,0,0,45.0,63.0,voiture,utilitaire_camion,1,1,1,8,4
202300040413,2023-12-09 18:00:00,2023,12,9,18,0,51,51559,D931,49.119624,4.548801,Nuit sans éclairage public,Hors agglomération,Hors intersection,Pluie légère,Deux véhicules - arrière,3,2,2,0,1,1,2,0,1,80,2,2,1,0,1,0,37.0,55.0,utilitaire_camion,deux_roues,3,1,1,2,2
202300040414,2023-04-07 23:30:00,2023,4,7,23,30,75,75109,RUE DE CAUMARTIN,48.874704,2.328462,Nuit avec éclairage allumé,En agglomération,Intersection en T,Normale,Autre collision,4,1,1,0,1,1,1,6,1,30,2,2,1,0,0,1,34.0,,deux_roues,deux_roues,5,2,3,1,6
202300040414,2023-04-07 23:30:00,2023,4,7,23,30,75,75109,RUE DE CAUMARTIN,48.874704,2.328462,Nuit avec éclairage allumé,En agglomération,Intersection en T,Normale,Autre collision,4,1,1,0,1,1,1,0,1,30,2,2,1,0,0,1,34.0,,deux_roues,deux_roues,5,2,3,1,6
202300040415,2023-09-02 06:45:00,2023,9,2,6,45,94,94028,A86,48.79992769,2.44606437,Plein jour,Hors agglomération,Hors intersection,Normale,Trois véhicules et plus - en chaîne,1,3,4,0,1,1,1,0,1,90,3,6,4,0,0,2,23.0,54.0,voiture,voiture,1,1,1,1,4
202300040416,2023-12-09 19:30:00,2023,12,9,19,30,60,60430,D335,49.314999,2.929541,Nuit sans éclairage public,Hors agglomération,Hors intersection,Vent fort / tempête,Deux véhicules - frontale,3,2,2,0,1,1,2,0,1,80,2,2,1,0,1,0,53.0,33.0,voiture,voiture,3,1,1,6,1
202300040417,2023-04-08 18:00:00,2023,4,8,18,0,75,75107,AVENUE DE SEGUR,48.850757,2.309256,Plein jour,En agglomération,Intersection en T,Normale,Deux véhicules - côté,4,1,4,0,1,1,1,0,1,30,2,2,1,0,0,1,46.0,72.0,deux_roues,deux_roues,1,2,3,1,3
202300040417,2023-04-08 18:00:00,2023,4,8,18,0,75,75107,AVENUE DE SEGUR,48.850757,2.309256,Plein jour,En agglomération,Intersection en T,Normale,Deux véhicules - côté,4,-1, -1,0,1,1,1,0,1,30,2,2,1,0,0,1,46.0,72.0,deux_roues,deux_roues,1,2,3,1,3
202300040418,2023-06-18 04:45:00,2023,6,18,4,45,93,93066,42 Avenue de Stalingrad,48.94606481,2.36695718,Nuit avec éclairage allumé,En agglomération,Hors intersection,Pluie légère,Deux véhicules - arrière,3,2,2,0,1,1,2,0,1,50,2,2,0,0,0,2,53.0,18.0,voiture,voiture,5,2,1,2,2
202300040419,2023-12-10 03:55:00,2023,12,10,3,55,65,65258,Rue Alsace-Lorraine,43.123618,0.385648,Nuit avec éclairage non allumé,En agglomération,Hors intersection,Normale,Autre collision,3,2,2,0,1,1,1,0,4,50,1,4,3,0,0,1,23.0,,voiture,,4,2,1,1,6
202300040420,2023-04-07 11:45:00,2023,4,7,11,45,94,94073,164 Avenue de Versailles,48.75796854,2.39093918,Plein jour,En agglomération,Hors intersection,Normale,Deux véhicules - côté,3,3,4,3,2,1,1,0,1,50,2,2,1,0,0,1,39.0,56.0,utilitaire_camion,deux_roues,1,2,1,1,3
202300040421,2023-12-09 01:50:00,2023,12,9,1,50,33,33093,D13,44.72066,-0.331661,Nuit sans éclairage public,Hors agglomération,Hors intersection,Pluie légère,Autre collision,3,2,2,0,2,1,2,0,3,80,1,1,0,0,1,0,44.0,,deux_roues,,3,1,1,2,6
202300040422,2023-06-09 20:30:00,2023,6,9,20,30,93,93066,Avenue du Colonel Fabien,48.94524194,2.35185882,Plein jour,En agglomération,Autre intersection,Normale,Deux véhicules - frontale,3,3,2,0,1,1,1,0,1,50,2,2,1,0,1,0,40.0,19.0,utilitaire_camion,utilitaire_camion,1,2,9,1,1
202300040423,2023-12-08 11:30:00,2023,12,8,11,30,61,61339,D909,48.764145,-0.245593,Plein jour,En agglomération,Hors intersection,Normale,Autre collision,3,2,2,0,2,1,2,0,1,50,1,2,1,0,1,0,75.0,,voiture,,1,2,1,1,6
202300040424,2023-04-08 13:59:00,2023,4,8,13,59,94,94017,Voie Sonia Delaunay,48.81323,2.52879,Plein jour,En agglomération,Hors intersection,Normale,Trois véhicules et plus - en chaîne,3,3,2,0,1,1,1,0,1,50,3,4,3,0,0,1,24.0,38.0,voiture,voiture,1,2,1,1,4
202300040425,2023-09-01 06:45:00,2023,9,1,6,45,974,97411,JAURES (BLD 2 JEAN),-20.8943,55.47164,Plein jour,En agglomération,Hors intersection,Normale,Sans collision,2,1,2,1,2,1,1,0,1,70,2,2,1,0,1,0,31.0,34.0,deux_roues,voiture,1,2,1,1,7
202300040426,2023-12-09 12:00:00,2023,12,9,12,0,68,68201,8 Rue du Général de Gaulle,47.773386,7.000582,Plein jour,En agglomération,Autre intersection,Normale,Autre collision,3,2,2,0,1,1,1,0,1,50,1,2,1,0,1,0,42.0,,voiture,,1,2,9,1,6
202300040427,2023-04-08 18:00:00,2023,4,8,18,0,93,93064,Avenue du Général de Gaulle,48.88066247,2.4772098,Plein jour,En agglomération,Hors intersection,Normale,Deux véhicules - côté,3,2,4,0,1,1,1,2,1,50,2,2,1,0,0,1,47.0,22.0,voiture,voiture,1,2,1,1,3