accident_id,datetime,annee,mois,jour,heure,minute,departement,commune_insee,adresse,latitude,longitude,luminosite,agglomeration,intersection,meteo,collision,catr,circ,nbv,vosp,prof,plan,surf,infra,situ,vma,nb_vehicules,nb_usagers,nb_indemnes,nb_tues,nb_blesses_hosp,nb_blesses_legers,age_cond_1,age_cond_2,veh_type_cond_1,veh_type_cond_2,lum_code,agg_code,int_code,atm_code,col_code
202300040428,2023-09-01 19:30:00,2023,9,1,19,30,974,97407,ROUTE DU SACRE COEUR,-20.9581,55.31754,Nuit avec éclairage allumé,En agglomération,Intersection en T,Normale,Autre collision,4,2,2,0,1,1,1,0,1,50,1,2,1,0,0,1,42.0,,voiture,,5,2,3,1,6
202300040428,2023-09-01 19:30:00,2023,9,1,19,30,974,97407,ROUTE DU SACRE COEUR,-20.9581,55.31754,Nuit avec éclairage allumé,En agglomération,Intersection en T,Normale,Autre collision,4,2,2,0,1,1,1,0,1,50,1,2,1,0,0,1,42.0,,voiture,,5,2,3,1,6
202300040429,2023-12-08 18:20:00,2023,12,8,18,20,68,68060,Pont d'Aspach,47.740543,7.143785,Nuit avec éclairage allumé,En agglomération,Giratoire,Pluie légère,Deux véhicules - côté,3,3,0,0,1,1,2,9,1,50,2,2,1,0,0,1,72.0,54.0,deux_roues,voiture,5,2,6,2,3
202300040430,2023-09-01 11:00:00,2023,9,1,11,0,973,97302,MANDARINES(RUE DES),4.93145,-52.32469,Plein jour,En agglomération,Intersection en T,Normale,Deux véhicules - côté,4,2,2,0,1,1,1,0,1,50,2,2,1,0,0,1,29.0,37.0,deux_roues,voiture,1,2,3,1,3
202300040431,2023-04-08 15:50:00,2023,4,8,15,50,93,93064,Rond-Point de l'Europe / Boulevard Gabriel Péri,48.87746294,2.47516069,Plein jour,En agglomération,Giratoire,Normale,Trois véhicules et plus - en chaîne,3,1,2,0,1,2,1,0,1,30,3,4,3,0,0,1,35.0,57.0,voiture,voiture,1,2,6,1,4
202300040431,2023-04-08 15:50:00,2023,4,8,15,50,93,93064,Rond-Point de l'Europe / Boulevard Gabriel Péri,48.87746294,2.47516069,Plein jour,En agglomération,Giratoire,Normale,Trois véhicules et plus - en chaîne,3,2,2,0,2,1,1,0,8,50,3,4,3,0,0,1,35.0,57.0,voiture,voiture,1,2,6,1,4
202300040432,2023-12-10 09:00:00,2023,12,10,9,0,34,34154,D62e2,43.548781,3.979819,Plein jour,En agglomération,Intersection à plus de 4 branches,Normale,Deux véhicules - côté,3,2, -1,-1,1,1,1,0,1,-1,2,2,1,0,1,0,24.0,64.0,voiture,deux_roues,1,2,5,1,3
202300040432,2023-12-10 09:00:00,2023,12,10,9,0,34,34154,D62e2,43.548781,3.979819,Plein jour,En agglomération,Intersection à plus de 4 branches,Normale,Deux véhicules - côté,3,3,0,0,1,1,1,5,1,50,2,2,1,0,1,0,24.0,64.0,voiture,deux_roues,1,2,5,1,3
202300040433,2023-09-01 07:30:00,2023,9,1,7,30,973,97302,MARINGOUINS (ROND-POINT),4.90700154,-52.32213557,Plein jour,Hors agglomération,Hors intersection,Normale,Deux véhicules - côté,2,-1,1,0,1,3,1,0,1,50,2,2,1,0,1,0,39.0,59.0,deux_roues,utilitaire_camion,1,1,1,1,3
202300040434,2023-04-08 18:00:00,2023,4,8,18,0,93,93029,Avenue Henri Barbusse,48.92248043,2.45669693,Plein jour,En agglomération,Hors intersection,Normale,Deux véhicules - côté,3,2,2,0,1,1,1,0,1,50,2,2,1,0,0,1,46.0,17.0,voiture,deux_roues,1,2,1,1,3
202300040435,2023-12-09 10:28:00,2023,12,9,10,28,29,29236,RN165,47.87727525,-3.63405892,Plein jour,Hors agglomération,Hors intersection,Pluie forte,Deux véhicules - côté,2,3,2,0,1,1,2,0,1,110,2,2,1,0,1,0,22.0,53.0,voiture,voiture,1,1,1,3,3
202300040436,2023-09-01 12:00:00,2023,9,1,12,0,69,69383,Cours Lafayette,45.76243,4.8498,Plein jour,En agglomération,Hors intersection,Normale,Autre collision,4,1,1,0,1,1,1,0,1,30,1,2,1,0,0,1,29.0,,utilitaire_camion,,1,2,1,1,6
202300040437,2023-04-08 10:55:00,2023,4,8,10,55,93,93005,Route de Bondy,48.9274604,2.49181257,Plein jour,En agglomération,Hors intersection,Normale,Autre collision,4,2,2,0,1,1,1,0,1,30,1,2,1,1,0,0,36.0,,utilitaire_camion,,1,2,1,1,6
202300040438,2023-12-09 18:15:00,2023,12,9,18,15,29,29204,Route de Keradoret,48.490956,-4.188151,Nuit sans éclairage public,Hors agglomération,Hors intersection,Normale,Deux véhicules - frontale,4,2,2,0,1,1,2,0,1,80,2,2,1,0,1,0,26.0,17.0,voiture,deux_roues,3,1,1,1,1
202300040439,2023-08-31 11:55:00,2023,8,31,11,55,972,97209,RD 41 (ROCADE),14.61211,-61.07838,Plein jour,En agglomération,Hors intersection,Normale,Autre collision,3,1,2,0,2,1,1,3,1,50,1,1,0,1,0,0,39.0,,utilitaire_camion,,1,2,1,1,6
202300040440,2023-12-10 03:25:00,2023,12,10,3,25,66,66149,Rond Point du Canigou,42.622612,2.438953,Nuit avec éclairage non allumé,Hors agglomération,Giratoire,Normale,Sans collision,2,2,2,0,1,1,1,0,1,50,1,1,0,0,0,1,18.0,,voiture,,4,1,6,1,7
202300040441,2023-04-08 12:20:00,2023,4,8,12,20,92,92064,MARCEL DASSAULT,48.85835,2.22375,Plein jour,En agglomération,Hors intersection,Normale,Deux véhicules - arrière,3,-1,4,0,1,1,1,0,1,50,2,2,1,0,0,1,23.0,56.0,deux_roues,utilitaire_camion,1,2,1,1,2
202300040442,2023-08-31 12:30:00,2023,8,31,12,30,971,97101,CARAQUE,16.25064,-61.48842,Plein jour,Hors agglomération,Hors intersection,Normale,Deux véhicules - frontale,9,2,1,0,2,3,1,0,1,50,2,2,1,0,0,1,36.0,68.0,voiture,utilitaire_camion,1,1,1,1,1
202300040443,2023-09-01 11:20:00,2023,9,1,11,20,2A,2A004,NAPOLEON COURS AVANT BEVERINI,41.9316,8.74005,Plein jour,En agglomération,Autre intersection,Normale,Deux véhicules - côté,2,1,1,0,1,1,1,9,1,50,2,2,1,0,0,1,57.0,41.0,deux_roues,voiture,1,2,9,1,3
202300040444,2023-12-09 17:05:00,2023,12,9,17,5,73,73124,Avenue georges pompidou,45.656359,6.361537,Nuit sans éclairage public,En agglomération,Hors intersection,Pluie forte,Autre collision,4,2,2,2,1,1,2,0,1,50,2,4,3,0,0,1,62.0,45.0,voiture,voiture,3,2,1,3,6
202300040445,2023-04-08 13:40:00,2023,4,8,13,40,92,92050,JOFFRE MARECHAL AVENUE DU,48.88496,2.1947,Plein jour,En agglomération,Hors intersection,Normale,Deux véhicules - côté,3,2,4,0,1,1,1,0,1,50,2,3,1,0,0,2,25.0,53.0,voiture,deux_roues,1,2,1,1,3
202300040446,2023-12-09 23:50:00,2023,12,9,23,50,21,21562,D30,47.572501,5.422096,Nuit sans éclairage public,Hors agglomération,Hors intersection,Pluie légère,Autre collision,3,2,2,0,1,1,2,0,3,80,1,1,0,0,1,0,24.0,,voiture,,3,1,1,2,6
202300040447,2023-09-01 13:45:00,2023,9,1,13,45,95,95428,D125,48.99322,2.32396,Plein jour,En agglomération,Hors intersection,Normale,Trois véhicules et plus - en chaîne,3,2,2,0,2,1,1,0,1,50,3,3,2,0,0,1,60.0,22.0,voiture,voiture,1,2,1,1,4
202300040448,2023-04-08 10:14:00,2023,4,8,10,14,92,92044,ED.VAILLANT(RUE) 75A117 ET80A96,48.89869,2.28683,Plein jour,En agglomération,Intersection en X,Normale,Deux véhicules - côté,4,1,#VALEURMULTI,0,1,1,1,0,1,50,2,2,1,0,0,1,57.0,60.0,voiture,deux_roues,1,2,2,1,3
202300040449,2023-12-10 00:15:00,2023,12,10,0,15,04,04031,d907,43.923932,6.140295,Nuit sans éclairage public,Hors agglomération,Hors intersection,Pluie légère,Autre collision,3,2,2,0,1,3,2,0,3,90,1,1,0,0,1,0,35.0,,voiture,,3,1,1,2,6
202300040450,2023-09-01 02:30:00,2023,9,1,2,30,95,95018,D311,48.94226,2.25635,Nuit avec éclairage allumé,En agglomération,Hors intersection,Normale,Autre collision,3,1,0,0,1,1,2,0,8,70,1,2,1,0,1,0,,,autre,,5,2,1,1,6
202300040451,2023-04-08 19:00:00,2023,4,8,19,0,92,92026,EUROPE (AVENUE),48.90678134,2.26127252,Plein jour,En agglomération,Hors intersection,Normale,Deux véhicules - frontale,4,2,2,0,1,1,1,0,1,50,2,2,1,0,0,1,80.0,40.0,voiture,autre,1,2,1,1,1
202300040452,2023-12-09 23:50:00,2023,12,9,23,50,42,42279,Chemin du Pré La Farge,45.502429,4.23789,Nuit avec éclairage allumé,En agglomération,Intersection en T,Normale,Deux véhicules - côté,4,2,2,0,1,1,1,0,1,50,2,2,1,0,0,1,17.0,21.0,deux_roues,voiture,5,2,3,1,3
202300040453,2023-09-01 13:13:00,2023,9,1,13,13,91,91570,CONDORCET (AVENUE),48.62302,2.31602,Plein jour,En agglomération,Hors intersection,Pluie légère,Trois véhicules et plus - en chaîne,4,2,2,0,1,1,2,0,1,50,3,3,2,0,0,1,42.0,,voiture,voiture,1,2,1,2,4
202300040454,2023-04-05 15:40:00,2023,4,5,15,40,17,17413,intersection D113 - D203E5,46.080268,-1.049377,Plein jour,En agglomération,Intersection en Y,Normale,Deux véhicules - côté,3,2,2,0,1,1,1,0,1,50,2,2,1,0,1,0,48.0,74.0,voiture,deux_roues,1,2,4,1,3
202300040454,2023-04-05 15:40:00,2023,4,5,15,40,17,17413,intersection D113 - D203E5,46.080268,-1.049377,Plein jour,En agglomération,Intersection en Y,Normale,Deux véhicules - côté,3,2,2,-1,1,1,1,5,1,80,2,2,1,0,1,0,48.0,74.0,voiture,deux_roues,1,2,4,1,3
202300040455,2023-12-10 06:20:00,2023,12,10,6,20,01,01290,A42 sens LYON/GENÈVE PK 022+800,45.864015,5.148082,Crépuscule ou aube,Hors agglomération,Hors intersection,Normale,Autre collision,1,3,3,0,1,1,1,0,2,130,1,3,2,0,0,1,33.0,,voiture,,2,1,1,1,6
202300040456,2023-04-07 07:35:00,2023,4,7,7,35,76,76238,D489,49.56987,0.239747,Plein jour,Hors agglomération,Hors intersection,Normale,Autre collision,3,3,0,0,2,1,1,0,8,110,1,1,0,0,1,0,19.0,,voiture,,1,1,1,1,6
202300040457,2023-09-01 12:00:00,2023,9,1,12,0,91,91479,AV FRANCOIS MITTERRAND,48.7079,2.3714,Plein jour,En agglomération,Hors intersection,Normale,Deux véhicules - côté,3,2,0,0,1,1,1,0,1,50,2,3,2,0,0,1,24.0,42.0,voiture,deux_roues,1,2,1,1,3
202300040458,2023-04-08 16:00:00,2023,4,8,16,0,42,42003,Route de Changy,46.10801,3.902109,Plein jour,Hors agglomération,Hors intersection,Normale,Autre collision,3,2,2,0,1,3,1,0,3,80,1,1,0,0,0,1,29.0,,voiture,,1,1,1,1,6
202300040459,2023-08-26 22:50:00,2023,8,26,22,50,84,84080,SARRIANS ROUTE DE,44.04738,4.98204,Nuit sans éclairage public,Hors agglomération,Hors intersection,Normale,Deux véhicules - arrière,3,2,2,0,1,1,1,0,1,80,2,2,1,0,1,0,69.0,27.0,utilitaire_camion,deux_roues,3,1,1,1,2
202300040460,2023-12-08 19:14:00,2023,12,8,19,14,45,45317,A10 PR 124 + 3,47.775351,1.583222,Nuit sans éclairage public,Hors agglomération,Hors intersection,Temps couvert,Sans collision,1,3,3,0,1,1,2,0,3,-1,1,2,1,0,1,0,25.0,,voiture,,3,1,1,8,7
202300040461,2023-09-01 13:00:00,2023,9,1,13,0,83,83098,FOUX (CHEMIN DE LA),43.11357,6.03112,Plein jour,Hors agglomération,Hors intersection,Normale,Deux véhicules - frontale,4,2,2,0,1,4,1,0,1,50,2,4,0,0,0,4,19.0,49.0,voiture,voiture,1,1,1,1,1
202300040462,2023-02-15 18:20:00,2023,2,15,18,20,68,68343,D44,47.890327,7.325585,Nuit sans éclairage public,Hors agglomération,Hors intersection,Normale,Deux véhicules - frontale,3,2,2,0,1,1,1,0,1,90,2,2,0,0,0,2,52.0,21.0,voiture,voiture,3,1,1,1,1
202300040463,2023-12-10 21:00:00,2023,12,10,21,0,988,98827,RT4,-21.310006,165.004435,Nuit sans éclairage public,Hors agglomération,Hors intersection,Normale,Sans collision,2,2,2,0,2,2,1,0,1,80,1,3,0,0,0,3,22.0,,voiture,,3,1,1,1,7
202300040464,2023-04-09 10:55:00,2023,4,9,10,55,60,60176,Avenue Gérard de Nerval,49.23656351,2.89422584,Plein jour,En agglomération,Hors intersection,Normale,Deux véhicules - côté,3,2,1,0,1,1,1,0,1,30,2,2,1,0,0,1,45.0,27.0,deux_roues,voiture,1,2,1,1,3
202300040465,2023-09-01 03:40:00,2023,9,1,3,40,83,83069,ALMANARRE (ROUTE DE L'),43.10149,6.13001,Nuit avec éclairage allumé,En agglomération,Giratoire,Normale,Sans collision,3,2,2,0,1,1,1,5,8,50,1,1,0,1,0,0,27.0,,deux_roues,,5,2,6,1,7
202300040465,2023-09-01 03:40:00,2023,9,1,3,40,83,83069,ALMANARRE (ROUTE DE L'),43.10149,6.13001,Nuit avec éclairage allumé,En agglomération,Giratoire,Normale,Sans collision,3,2,2,0,1,3,1,5,1,50,1,1,0,1,0,0,27.0,,deux_roues,,5,2,6,1,7
202300040466,2023-12-10 06:15:00,2023,12,10,6,15,971,97129,Lieu Dit Viard,16.312216,-61.679488,Crépuscule ou aube,Hors agglomération,Hors intersection,Normale,Autre collision,2,2,2,0,3,1,1,0,1,70,1,2,1,1,0,0,,,autre,,2,1,1,1,6
202300040467,2023-04-08 11:10:00,2023,4,8,11,10,30,30134,D901,44.283815,4.461093,Plein jour,Hors agglomération,Hors intersection,Normale,Sans collision,3,2,2,0,2,2,1,0,3,80,1,1,0,0,0,1,39.0,,deux_roues,,1,1,1,1,7
202300040468,2023-12-10 04:45:00,2023,12,10,4,45,06,06092,Boulevard de la Vallée,43.770141,7.368007,Nuit sans éclairage public,En agglomération,Hors intersection,Normale,Autre collision,3,2,2,0,2,1,1,0,1,80,1,2,0,0,0,2,20.0,,voiture,,3,2,1,1,6
202300040469,2023-09-01 14:35:00,2023,9,1,14,35,78,78498,BERTEAUX MAURICE AVENUE,48.93233,2.04109,Plein jour,En agglomération,Hors intersection,Normale,Autre collision,4,2,2,0,1,1,1,0,1,30,1,2,1,0,0,1,19.0,,voiture,,1,2,1,1,6
202300040470,2023-04-09 01:15:00,2023,4,9,1,15,83,83067,Route du Luc,43.336806,6.296293,Nuit sans éclairage public,Hors agglomération,Hors intersection,Normale,Sans collision,3,2,2,0,1,1,1,0,8,80,1,4,2,0,1,1,19.0,,voiture,,3,1,1,1,7
202300040471,2023-04-09 09:21:00,2023,4,9,9,21,91,91617,Route de Corbeil,48.638169,2.505248,Plein jour,En agglomération,Hors intersection,Normale,Sans collision,4,1,1,0,1,1,1,0,1,50,1,1,0,0,0,1,25.0,,voiture,,1,2,1,1,7
202300040472,2023-12-10 05:00:00,2023,12,10,5,0,04,04063,D4096,43.771063,5.7622,Nuit sans éclairage public,Hors agglomération,Hors intersection,Pluie légère,Sans collision,3,2,2,0,1,3,2,0,3,-1,1,3,0,0,3,0,16.0,,voiture,,3,1,1,2,7
202300040473,2023-09-01 18:00:00,2023,9,1,18,0,77,77374,DEPARTEMENTALE 471 (ROUTE),48.81314,2.69276,Plein jour,Hors agglomération,Hors intersection,Normale,Deux véhicules - arrière,3,2,2,0,1,1,1,8,1,80,2,2,1,0,1,0,44.0,34.0,deux_roues,voiture,1,1,1,1,2
202300040474,2023-04-09 09:05:00,2023,4,9,9,5,91,91553,Avenue Charles de Gaulle,48.618101,2.496289,Plein jour,En agglomération,Giratoire,Normale,Deux véhicules - côté,3,3,2,0,1,1,1,0,1,50,2,3,0,0,1,2,78.0,73.0,voiture,voiture,1,2,6,1,3
202300040475,2023-12-09 00:00:00,2023,12,9,0,0,21,21609,RD905,47.206567,5.316246,Nuit sans éclairage public,Hors agglomération,Hors intersection,Autre,Autre collision,3,2,2,0,1,1,2,0,3,90,1,4,0,2,1,1,20.0,,voiture,,3,1,1,9,6
202300040476,2023-09-01 10:30:00,2023,9,1,10,30,77,77350,RUE DE CHEVRY,48.7624,2.6712,Plein jour,En agglomération,Intersection en T,Pluie légère,Autre collision,3,2,2,0,1,1,2,5,1,50,1,2,1,0,1,0,38.0,,voiture,,1,2,3,2,6
202300040476,2023-09-01 10:30:00,2023,9,1,10,30,77,77350,RUE DE CHEVRY,48.7624,2.6712,Plein jour,En agglomération,Intersection en T,Pluie légère,Autre collision,3,2,2,0,1,1,2,5,1,50,1,2,1,0,1,0,38.0,,voiture,,1,2,3,2,6
202300040477,2023-12-09 13:50:00,2023,12,9,13,50,68,68185,D1059,48.272068,7.332344,Plein jour,Hors agglomération,Hors intersection,Pluie légère,Sans collision,3,2,2,0,1,1,2,0,3,80,1,1,0,0,1,0,82.0,,voiture,,1,1,1,2,7
202300040478,2023-04-08 14:05:00,2023,4,8,14,5,19,19072,avenue de la gare,45.22844282,1.51643515,Plein jour,En agglomération,Autre intersection,Normale,Deux véhicules - côté,3,2,2,0,1,3,1,0,1,50,2,2,1,0,0,1,,33.0,voiture,deux_roues,1,2,9,1,3
202300040479,2023-09-01 08:45:00,2023,9,1,8,45,72,72181,BOLLEE (AV) N° PAIRS 154 A 222,47.99722,0.21671,Plein jour,En agglomération,Autre intersection,Pluie légère,Deux véhicules - arrière,4,2,4,1,1,1,2,9,1,50,2,3,2,0,1,0,48.0,,deux_roues,voiture,1,2,9,2,2
202300040480,2023-12-08 20:25:00,2023,12,8,20,25,63,63284,avenue de Cournon,45.78094446,3.23697109,Nuit sans éclairage public,Hors agglomération,Hors intersection,Normale,Sans collision,3,2,2,0,1,3,1,0,8,90,1,1,0,0,1,0,59.0,,voiture,,3,1,1,1,7
202300040481,2023-08-25 14:25:00,2023,8,25,14,25,71,71076,MENAND (RUE EMILAND),46.78479,4.8543,Plein jour,En agglomération,Hors intersection,Normale,Autre collision,4,2,2,0,1,1,1,0,1,30,1,2,1,0,1,0,39.0,,transport_commun,,1,2,1,1,6
202300040482,2023-04-08 19:25:00,2023,4,8,19,25,77,77262,D236,48.58152303,3.47403504,Plein jour,Hors agglomération,Intersection en T,Normale,Deux véhicules - côté,3,2,2,0,1,1,1,0,1,80,2,2,1,0,1,0,41.0,50.0,utilitaire_camion,deux_roues,1,1,3,1,3
202300040482,2023-04-08 19:25:00,2023,4,8,19,25,77,77262,D236,48.58152303,3.47403504,Plein jour,Hors agglomération,Intersection en T,Normale,Deux véhicules - côté,3,2, -1,-1,1,1,1,0,8,-1,2,2,1,0,1,0,41.0,50.0,utilitaire_camion,deux_roues,1,1,3,1,3
202300040483,2023-12-09 21:15:00,2023,12,9,21,15,81,81131,Route de Cadalen,43.88647003,1.99304223,Nuit sans éclairage public,Hors agglomération,Intersection en T,Pluie légère,Deux véhicules - côté,3,2,2,0,2,1,2,0,1,70,2,4,0,0,0,4,36.0,40.0,voiture,voiture,3,1,3,2,3
202300040483,2023-12-09 21:15:00,2023,12,9,21,15,81,81131,Route de Cadalen,43.88647003,1.99304223,Nuit sans éclairage public,Hors agglomération,Intersection en T,Pluie légère,Deux véhicules - côté,3,2, -1,-1,1,1,2,9,1,80,2,4,0,0,0,4,36.0,40.0,voiture,voiture,3,1,3,2,3
202300040484,2023-04-08 21:45:00,2023,4,8,21,45,80,80709,Le Moulin Feret,49.897972,1.820677,Nuit sans éclairage public,Hors agglomération,Hors intersection,Normale,Autre collision,3,2,2,0,2,3,1,0,3,80,1,1,0,0,1,0,35.0,,voiture,,3,1,1,1,6
202300040485,2023-08-31 16:00:00,2023,8,31,16,0,69,69259,Boulevard Ambroise Croizat,45.69695,4.88769,Plein jour,En agglomération,Intersection en X,Normale,Deux véhicules - côté,7,2,4,1,1,1,1,0,1,70,2,2,0,0,1,1,44.0,26.0,voiture,deux_roues,1,2,2,1,3
202300040485,2023-08-31 16:00:00,2023,8,31,16,0,69,69259,Boulevard Ambroise Croizat,45.69695,4.88769,Plein jour,En agglomération,Intersection en X,Normale,Deux véhicules - côté,7,2,2,2,1,1,1,0,1,50,2,2,0,0,1,1,44.0,26.0,voiture,deux_roues,1,2,2,1,3
202300040486,2023-04-09 12:00:00,2023,4,9,12,0,82,82035,Route de Lavit,44.016745,0.994944,Plein jour,Hors agglomération,Hors intersection,Normale,Autre collision,3,2,2,0,1,2,1,0,8,80,1,1,0,0,1,0,71.0,,voiture,,1,1,1,1,6
202300040487,2023-12-09 23:10:00,2023,12,9,23,10,44,44168,Chaussée de Bais,47.38136,-2.19284,Nuit avec éclairage allumé,En agglomération,Hors intersection,Temps couvert,Sans collision,4,2,2,0,1,1,2,0,1,30,1,1,0,0,1,0,18.0,,deux_roues,,5,2,1,8,7
202300040488,2023-09-01 14:00:00,2023,9,1,14,0,67,67447,SAINT CHARLES (RUE),48.60533,7.74206,Plein jour,En agglomération,Hors intersection,Normale,Autre collision,7,2,2,0,1,1,1,0,8,50,1,2,1,0,1,0,,,autre,,1,2,1,1,6
202300040489,2023-12-08 15:00:00,2023,12,8,15,0,76,76020,D64,49.456614,0.911729,Plein jour,Hors agglomération,Intersection en X,Temps couvert,Deux véhicules - côté,7,2,2,0,1,1,1,0,1,80,2,2,1,0,1,0,31.0,81.0,voiture,deux_roues,1,1,2,8,3
202300040489,2023-12-08 15:00:00,2023,12,8,15,0,76,76020,D64,49.456614,0.911729,Plein jour,Hors agglomération,Intersection en X,Temps couvert,Deux véhicules - côté,7,2,2,0,1,1,1,0,1,80,2,2,1,0,1,0,31.0,81.0,voiture,deux_roues,1,1,2,8,3
202300040490,2023-04-08 17:40:00,2023,4,8,17,40,81,81201,RD53 - Lieu dit la Gayé,44.115136,2.220697,Plein jour,Hors agglomération,Intersection en X,Normale,Deux véhicules - côté,3,2,2,0,1,1,1,0,1,80,2,3,0,0,1,2,64.0,63.0,voiture,voiture,1,1,2,1,3
202300040490,2023-04-08 17:40:00,2023,4,8,17,40,81,81201,RD53 - Lieu dit la Gayé,44.115136,2.220697,Plein jour,Hors agglomération,Intersection en X,Normale,Deux véhicules - côté,3,2,2,-1,1,1,1,5,1,80,2,3,0,0,1,2,64.0,63.0,voiture,voiture,1,1,2,1,3
202300040491,2023-12-10 08:30:00,2023,12,10,8,30,60,60500,D100,49.11158,2.74478,Plein jour,Hors agglomération,Hors intersection,Temps couvert,Sans collision,3,2,2,0,1,1,2,0,8,80,1,1,0,0,1,0,30.0,,utilitaire_camion,,1,1,1,8,7
202300040492,2023-04-09 15:35:00,2023,4,9,15,35,11,11262,,43.140914,2.893009,Plein jour,Hors agglomération,Intersection en X,Normale,Deux véhicules - frontale,3,2,3,0,1,1,1,5,1,80,2,3,1,0,2,0,23.0,60.0,voiture,deux_roues,1,1,2,1,1
202300040492,2023-04-09 15:35:00,2023,4,9,15,35,11,11262,,43.140914,2.893009,Plein jour,Hors agglomération,Intersection en X,Normale,Deux véhicules - frontale,3,2, -1,-1,1,1,1,5,1,-1,2,3,1,0,2,0,23.0,60.0,voiture,deux_roues,1,1,2,1,1
202300040493,2023-08-31 19:30:00,2023,8,31,19,30,67,67482,PRESIDENT WILSON (BOULEVARD),48.58805,7.73933,Crépuscule ou aube,En agglomération,Intersection en T,Normale,Deux véhicules - côté,4,1,1,0,1,1,1,0,1,50,2,2,1,0,0,1,29.0,,deux_roues,voiture,2,2,3,1,3
202300040493,2023-08-31 19:30:00,2023,8,31,19,30,67,67482,PRESIDENT WILSON (BOULEVARD),48.58805,7.73933,Crépuscule ou aube,En agglomération,Intersection en T,Normale,Deux véhicules - côté,4,3,5,3,1,1,1,0,1,50,2,2,1,0,0,1,29.0,,deux_roues,voiture,2,2,3,1,3
202300040494,2023-12-06 05:05:00,2023,12,6,5,5,57,57463,RN 431,49.1145,6.23506,Nuit sans éclairage public,Hors agglomération,Hors intersection,Temps couvert,Deux véhicules - arrière,2,3,2,0,1,1,2,0,1,110,2,2,0,1,0,1,83.0,46.0,voiture,voiture,3,1,1,8,2
202300040495,2023-04-08 12:00:00,2023,4,8,12,0,71,71422,D49,46.699726,4.767932,Plein jour,Hors agglomération,Hors intersection,Normale,Autre collision,3,2,2,0,1,1,1,0,3,80,1,1,0,0,0,1,75.0,,voiture,,1,1,1,1,6
202300040496,2023-08-30 17:05:00,2023,8,30,17,5,64,64335,SANTOS-DUMONT,43.32054,-0.4229,Plein jour,En agglomération,Giratoire,Pluie légère,Sans collision,4,2,2,0,1,3,3,0,1,50,1,1,0,0,0,1,15.0,,deux_roues,,1,2,6,2,7
202300040496,2023-08-30 17:05:00,2023,8,30,17,5,64,64335,SANTOS-DUMONT,43.32054,-0.4229,Plein jour,En agglomération,Giratoire,Pluie légère,Sans collision,4,-1,2,0,1,3,3,0,1,50,1,1,0,0,0,1,15.0,,deux_roues,,1,2,6,2,7
202300040497,2023-12-09 14:00:00,2023,12,9,14,0,94,94034,A86,48.76020129,2.32061692,Plein jour,Hors agglomération,Hors intersection,Pluie légère,Deux véhicules - arrière,1,3,3,0,1,1,2,1,1,70,2,3,2,0,0,1,38.0,35.0,voiture,voiture,1,1,1,2,2
202300040498,2023-09-01 22:27:00,2023,9,1,22,27,64,64122,MARNE (AVENUE DE LA),43.48202,-1.54347,Nuit avec éclairage allumé,En agglomération,Hors intersection,Normale,Deux véhicules - frontale,4,2,4,1,1,1,2,0,1,30,2,2,1,0,1,0,22.0,56.0,deux_roues,utilitaire_camion,5,2,1,1,1
202300040499,2023-04-09 16:45:00,2023,4,9,16,45,71,71144,D4,47.055466,4.335387,Plein jour,Hors agglomération,Intersection en X,Normale,Deux véhicules - arrière,3,2,1,0,1,1,1,0,1,80,2,3,2,0,1,0,68.0,32.0,deux_roues,voiture,1,1,2,1,2
202300040499,2023-04-09 16:45:00,2023,4,9,16,45,71,71144,D4,47.055466,4.335387,Plein jour,Hors agglomération,Intersection en X,Normale,Deux véhicules - arrière,3,2,2,0,1,1,1,0,1,80,2,3,2,0,1,0,68.0,32.0,deux_roues,voiture,1,1,2,1,2
202300040500,2023-12-09 14:00:00,2023,12,9,14,0,94,94034,A86,48.76020129,2.32061692,Plein jour,Hors agglomération,Hors intersection,Pluie légère,Deux véhicules - arrière,1,3,3,0,1,1,2,1,1,70,2,3,2,0,0,1,49.0,35.0,voiture,voiture,1,1,1,2,2
202300040501,2023-04-08 19:00:00,2023,4,8,19,0,63,63346,Chemin de Laspialade,45.432883,2.693367,Plein jour,Hors agglomération,Hors intersection,Normale,Sans collision,9,-1,1,0,4,2,1,0,8,-1,1,2,0,0,2,0,21.0,,deux_roues,,1,1,1,1,7
202300040502,2023-09-01 09:54:00,2023,9,1,9,54,64,64024,BUTTE AUX CAILLES (ROND POINT DE LA),43.49671,-1.50912,Plein jour,En agglomération,Giratoire,Normale,Deux véhicules - arrière,4,2,2,0,1,1,1,0,1,30,2,2,1,0,0,1,62.0,60.0,voiture,deux_roues,1,2,6,1,2
202300040503,2023-12-09 09:58:00,2023,12,9,9,58,93,93006,AUTOROUTE A3,48.86994,2.43016,Plein jour,Hors agglomération,Hors intersection,Pluie forte,Sans collision,1,1,5,0,1,1,2,1,1,70,1,1,0,0,0,1,70.0,,deux_roues,,1,1,1,3,7
202300040504,2023-12-09 10:30:00,2023,12,9,10,30,95,95306,A15,48.99916,2.17631,Plein jour,Hors agglomération,Hors intersection,Pluie légère,Autre collision,1,3,3,0,1,1,2,0,1,110,1,1,0,0,0,1,24.0,,voiture,,1,1,1,2,6
202300040505,2023-04-05 13:00:00,2023,4,5,13,0,42,42208,Chemin de Maison Neuve,45.519425,4.474558,Plein jour,Hors agglomération,Hors intersection,Normale,Deux véhicules - arrière,4,2,2,0,2,1,1,0,1,50,2,6,4,0,0,2,45.0,52.0,voiture,voiture,1,1,1,1,2