accident_id,datetime,annee,mois,jour,heure,minute,departement,commune_insee,adresse,latitude,longitude,luminosite,agglomeration,intersection,meteo,collision,catr,circ,nbv,vosp,prof,plan,surf,infra,situ,vma,nb_vehicules,nb_usagers,nb_indemnes,nb_tues,nb_blesses_hosp,nb_blesses_legers,age_cond_1,age_cond_2,veh_type_cond_1,veh_type_cond_2,lum_code,agg_code,int_code,atm_code,col_code
202300040506,2023-08-31 19:30:00,2023,8,31,19,30,64,64102,SOULT (AVENUE MARECHAL),43.48368,-1.501,Crépuscule ou aube,En agglomération,Hors intersection,Normale,Autre collision,3,3,4,0,2,1,1,0,1,50,1,3,1,0,1,1,62.0,,voiture,,2,2,1,1,6
202300040507,2023-12-09 01:05:00,2023,12,9,1,5,95,95572,N184,49.0342071,2.1125447,Nuit sans éclairage public,Hors agglomération,Hors intersection,Normale,Autre collision,2,3,3,0,1,1,2,0,1,90,1,2,0,0,0,2,20.0,,voiture,,3,1,1,1,6
202300040508,2023-10-09 07:07:00,2023,10,9,7,7,87,87085,VAUCANSON (RUE DE),45.85125,1.24211,Crépuscule ou aube,En agglomération,Hors intersection,Normale,Sans collision,4,2,2,0,1,3,1,0,1,50,1,1,0,0,0,1,36.0,,deux_roues,,2,2,1,1,7
202300040509,2023-09-01 08:46:00,2023,9,1,8,46,62,62065,Rue Voltaire,50.42098,2.84295,Plein jour,En agglomération,Hors intersection,Normale,Deux véhicules - frontale,4,2,0,0,1,1,1,0,1,50,2,2,0,0,2,0,86.0,43.0,voiture,voiture,1,2,1,1,1
202300040510,2023-04-09 06:55:00,2023,4,9,6,55,68,68291,D468,47.860815,7.519841,Crépuscule ou aube,Hors agglomération,Hors intersection,Normale,Autre collision,3,2,2,0,1,4,1,0,3,80,1,2,0,1,1,0,23.0,,voiture,,2,1,1,1,6
202300040511,2023-10-09 11:07:00,2023,10,9,11,7,87,87048,MONTAIGNE (RUE),45.79858,1.24764,Plein jour,Hors agglomération,Intersection en X,Normale,Deux véhicules - côté,4,2,2,0,1,1,1,0,1,80,2,2,1,0,0,1,46.0,84.0,utilitaire_camion,voiture,1,1,2,1,3
202300040511,2023-10-09 11:07:00,2023,10,9,11,7,87,87048,MONTAIGNE (RUE),45.79858,1.24764,Plein jour,Hors agglomération,Intersection en X,Normale,Deux véhicules - côté,4,2,2,0,1,1,1,0,1,70,2,2,1,0,0,1,46.0,84.0,utilitaire_camion,voiture,1,1,2,1,3
202300040512,2023-04-08 17:25:00,2023,4,8,17,25,25,25212,rue de Chatillon Le Duc,47.281009,5.992194,Plein jour,En agglomération,Hors intersection,Normale,Autre collision,6,-1, -1,2,1,1,1,9,8,50,1,2,1,0,0,1,37.0,,voiture,,1,2,1,1,6
202300040513,2023-09-01 21:20:00,2023,9,1,21,20,59,59599,Chaussée Marcelin Berthelot,50.72636,3.18265,Nuit avec éclairage allumé,En agglomération,Autre intersection,Normale,Deux véhicules - arrière,4,3,4,1,1,1,1,0,1,50,2,2,1,0,0,1,31.0,36.0,deux_roues,voiture,5,2,9,1,2
202300040514,2023-04-05 20:00:00,2023,4,5,20,0,44,44013,2 La Pierre,47.377117,-2.064705,Crépuscule ou aube,Hors agglomération,Hors intersection,Normale,Deux véhicules - frontale,3,2,2,0,2,2,1,0,1,-1,2,2,0,0,1,1,25.0,25.0,voiture,voiture,2,1,1,1,1
202300040515,2023-10-04 16:50:00,2023,10,4,16,50,78,78383,NORMANDIE (AVENUE DE),48.766159,1.940237,Plein jour,En agglomération,Giratoire,Normale,Autre collision,4,2, -1,-1,1,1,1,0,1,-1,2,2,1,0,1,0,41.0,16.0,voiture,deux_roues,1,2,6,1,6
202300040515,2023-10-04 16:50:00,2023,10,4,16,50,78,78383,NORMANDIE (AVENUE DE),48.766159,1.940237,Plein jour,En agglomération,Giratoire,Normale,Autre collision,4,2,2,0,1,1,1,6,1,50,2,2,1,0,1,0,41.0,16.0,voiture,deux_roues,1,2,6,1,6
202300040516,2023-09-02 00:55:00,2023,9,2,0,55,59,59350,FAUBOURG D'ARRAS RUE,50.61314,3.06202,Nuit avec éclairage allumé,En agglomération,Hors intersection,Normale,Deux véhicules - côté,7,2,4,2,1,1,1,0,5,30,2,2,1,0,0,1,36.0,29.0,deux_roues,voiture,5,2,1,1,3
202300040517,2023-04-08 09:35:00,2023,4,8,9,35,35,35099,Rue du Calvaire,48.06236522,-1.52296498,Plein jour,En agglomération,Intersection en T,Temps éblouissant,Autre collision,4,1,1,0,3,3,1,0,8,30,1,2,1,0,1,0,58.0,,voiture,,1,2,3,7,6
202300040517,2023-04-08 09:35:00,2023,4,8,9,35,35,35099,Rue du Calvaire,48.06236522,-1.52296498,Plein jour,En agglomération,Intersection en T,Temps éblouissant,Autre collision,4,2, -1,0,1,2,1,0,1,50,1,2,1,0,1,0,58.0,,voiture,,1,2,3,7,6
202300040518,2023-10-09 16:15:00,2023,10,9,16,15,72,72181,LIBERTE (AV DE LA),47.97202,0.23938,Plein jour,Hors agglomération,Autre intersection,Normale,Deux véhicules - côté,3,3,2,0,2,1,1,3,1,110,2,2,1,0,0,1,19.0,40.0,voiture,voiture,1,1,9,1,3
202300040519,2023-09-01 13:50:00,2023,9,1,13,50,59,59350,NATIONALE RUE N°RESTE PAIRS,50.63673,3.06183,Plein jour,En agglomération,Intersection en X,Normale,Autre collision,4,-1,2,0,1,1,1,0,1,30,2,4,2,0,0,2,33.0,34.0,deux_roues,voiture,1,2,2,1,6
202300040519,2023-09-01 13:50:00,2023,9,1,13,50,59,59350,NATIONALE RUE N°RESTE PAIRS,50.63673,3.06183,Plein jour,En agglomération,Intersection en X,Normale,Autre collision,4,-1,2,0,1,1,1,0,1,30,2,4,2,0,0,2,33.0,34.0,deux_roues,voiture,1,2,2,1,6
202300040520,2023-04-09 14:30:00,2023,4,9,14,30,84,84005,D164,44.144257,5.339364,Plein jour,Hors agglomération,Hors intersection,Normale,Deux véhicules - frontale,3,2,2,0,2,3,1,0,1,80,2,2,1,1,0,0,36.0,66.0,deux_roues,autre,1,1,1,1,1
202300040521,2023-10-09 08:50:00,2023,10,9,8,50,60,60159,Rue de Clamart,49.41055,2.82333,Plein jour,En agglomération,Hors intersection,Normale,Autre collision,4,2,2,0,1,1,1,0,1,30,2,2,1,0,0,1,,14.0,voiture,deux_roues,1,2,1,1,6
202300040522,2023-09-01 11:50:00,2023,9,1,11,50,59,59350,SANS PEUR RUE JEAN N° RESTE,50.63195,3.05759,Plein jour,En agglomération,Intersection en T,Pluie légère,Autre collision,4,1,0,0,1,1,2,0,1,30,1,1,0,0,0,1,28.0,,deux_roues,,1,2,3,2,6
202300040522,2023-09-01 11:50:00,2023,9,1,11,50,59,59350,SANS PEUR RUE JEAN N° RESTE,50.63195,3.05759,Plein jour,En agglomération,Intersection en T,Pluie légère,Autre collision,4,-1,2,0,1,1,2,0,1,30,1,1,0,0,0,1,28.0,,deux_roues,,1,2,3,2,6
202300040523,2023-04-07 21:00:00,2023,4,7,21,0,58,58218,Rue de Lurcy,47.173015,3.331786,Nuit avec éclairage non allumé,En agglomération,Hors intersection,Normale,Autre collision,3,2,2,0,1,1,1,0,1,50,1,2,1,0,1,0,55.0,,voiture,,4,2,1,1,6
202300040524,2023-10-09 15:40:00,2023,10,9,15,40,49,49007,AYRAULT,47.47585,-0.55036,Plein jour,En agglomération,Intersection en T,Normale,Deux véhicules - côté,4,2,6,3,1,1,1,0,1,50,2,3,2,0,0,1,62.0,15.0,voiture,deux_roues,1,2,3,1,3
202300040524,2023-10-09 15:40:00,2023,10,9,15,40,49,49007,AYRAULT,47.47585,-0.55036,Plein jour,En agglomération,Intersection en T,Normale,Deux véhicules - côté,4,1,1,0,1,1,1,0,1,20,2,3,2,0,0,1,62.0,15.0,voiture,deux_roues,1,2,3,1,3
202300040525,2023-04-08 15:30:00,2023,4,8,15,30,66,66024,Chemin du moli nou 66160,42.525974,2.84179,Plein jour,En agglomération,Hors intersection,Normale,Autre collision,4,-1,2,0,2,1,1,0,1,50,1,1,0,0,1,0,52.0,,deux_roues,,1,2,1,1,6
202300040526,2023-10-09 10:35:00,2023,10,9,10,35,49,49007,LETANDUERE,47.45407,-0.55352,Plein jour,En agglomération,Hors intersection,Normale,Autre collision,4,3,2,2,1,1,1,0,1,50,1,3,1,0,1,1,74.0,,voiture,,1,2,1,1,6
202300040527,2023-04-08 17:30:00,2023,4,8,17,30,50,50158,Cuves,48.727287,-1.103423,Plein jour,Hors agglomération,Hors intersection,Normale,Sans collision,3,2,2,0,2,3,1,0,1,80,1,1,0,0,0,1,16.0,,deux_roues,,1,1,1,1,7
202300040528,2023-09-01 08:36:00,2023,9,1,8,36,56,56162,Giratoire de Kerscouët,47.70968,-3.4387,Plein jour,Hors agglomération,Giratoire,Pluie légère,Deux véhicules - côté,3,1,2,0,1,3,2,5,1,80,2,2,1,0,0,1,54.0,23.0,voiture,deux_roues,1,1,6,2,3
202300040528,2023-09-01 08:36:00,2023,9,1,8,36,56,56162,Giratoire de Kerscouët,47.70968,-3.4387,Plein jour,Hors agglomération,Giratoire,Pluie légère,Deux véhicules - côté,3,1,2,0,1,2,2,5,1,80,2,2,1,0,0,1,54.0,23.0,voiture,deux_roues,1,1,6,2,3
202300040529,2023-04-09 11:00:00,2023,4,9,11,0,50,50239,"RD 900,",49.118349,-1.153216,Plein jour,Hors agglomération,Hors intersection,Normale,Autre collision,3,2,2,0,2,2,1,0,1,80,1,1,0,0,0,1,51.0,,deux_roues,,1,1,1,1,6
202300040530,2023-07-24 00:43:00,2023,7,24,0,43,13,13026,FARREN (route de),43.38681,5.19275,Nuit avec éclairage allumé,Hors agglomération,Intersection en T,Normale,Deux véhicules - frontale,3,2,2,0,1,1,1,0,1,90,2,5,0,0,3,2,30.0,20.0,voiture,voiture,5,1,3,1,1
202300040530,2023-07-24 00:43:00,2023,7,24,0,43,13,13026,FARREN (route de),43.38681,5.19275,Nuit avec éclairage allumé,Hors agglomération,Intersection en T,Normale,Deux véhicules - frontale,3,2,2,0,1,1,1,0,1,90,2,5,0,0,3,2,30.0,20.0,voiture,voiture,5,1,3,1,1
202300040531,2023-08-31 18:25:00,2023,8,31,18,25,56,56121,DORDELIN (RUE DE L AMIRAL ALAIN ),47.73289,-3.37252,Plein jour,En agglomération,Giratoire,Pluie légère,Deux véhicules - côté,4,2,2,0,1,1,2,5,1,30,2,2,1,0,0,1,64.0,34.0,voiture,deux_roues,1,2,6,2,3
202300040531,2023-08-31 18:25:00,2023,8,31,18,25,56,56121,DORDELIN (RUE DE L AMIRAL ALAIN ),47.73289,-3.37252,Plein jour,En agglomération,Giratoire,Pluie légère,Deux véhicules - côté,4,3,2,1,1,1,2,5,5,30,2,2,1,0,0,1,64.0,34.0,voiture,deux_roues,1,2,6,2,3
202300040532,2023-04-09 18:25:00,2023,4,9,18,25,64,64270,D35,43.146703,-0.236497,Plein jour,En agglomération,Intersection en T,Normale,Deux véhicules - frontale,3,2,2,0,1,1,1,0,1,50,2,2,1,0,0,1,57.0,24.0,voiture,voiture,1,2,3,1,1
202300040532,2023-04-09 18:25:00,2023,4,9,18,25,64,64270,D35,43.146703,-0.236497,Plein jour,En agglomération,Intersection en T,Normale,Deux véhicules - frontale,3,2,2,0,1,1,1,0,1,-1,2,2,1,0,0,1,57.0,24.0,voiture,voiture,1,2,3,1,1
202300040533,2023-09-02 18:55:00,2023,9,2,18,55,13,13077,D 50,43.43371,5.00999,Plein jour,Hors agglomération,Hors intersection,Normale,Deux véhicules - frontale,3,2,2,0,1,3,1,0,1,80,2,2,0,0,0,2,44.0,39.0,deux_roues,voiture,1,1,1,1,1
202300040534,2023-04-09 19:00:00,2023,4,9,19,0,10,10323,Bd Maximilien de Robespierre,48.512174,3.719561,Plein jour,En agglomération,Hors intersection,Normale,Deux véhicules - côté,4,2,2,0,1,1,1,0,1,50,2,3,1,0,1,1,30.0,46.0,deux_roues,voiture,1,2,1,1,3
202300040535,2023-08-31 12:40:00,2023,8,31,12,40,56,56107,KERPAPE (RUE DE),47.71962,-3.40901,Plein jour,En agglomération,Intersection en Y,Pluie légère,Deux véhicules - arrière,3,2,2,0,1,3,2,0,1,50,2,2,1,0,0,1,29.0,54.0,voiture,voiture,1,2,4,2,2
202300040535,2023-08-31 12:40:00,2023,8,31,12,40,56,56107,KERPAPE (RUE DE),47.71962,-3.40901,Plein jour,En agglomération,Intersection en Y,Pluie légère,Deux véhicules - arrière,3,2,2,0,1,1,2,0,1,50,2,2,1,0,0,1,29.0,54.0,voiture,voiture,1,2,4,2,2
202300040536,2023-09-01 17:30:00,2023,9,1,17,30,54,54197,Rue Victor Grignard,48.61790045,6.20251715,Plein jour,Hors agglomération,Hors intersection,Normale,Deux véhicules - frontale,4,2,2,0,1,4,1,0,1,30,2,2,1,0,0,1,46.0,36.0,voiture,deux_roues,1,1,1,1,1
202300040537,2023-06-16 16:55:00,2023,6,16,16,55,92,92063,DIDEROT (RUE),48.8755221,2.19410419,Plein jour,En agglomération,Intersection en T,Normale,Autre collision,4,1,1,0,1,1,1,0,1,30,2,3,1,0,0,2,22.0,76.0,deux_roues,voiture,1,2,3,1,6
202300040537,2023-06-16 16:55:00,2023,6,16,16,55,92,92063,DIDEROT (RUE),48.8755221,2.19410419,Plein jour,En agglomération,Intersection en T,Normale,Autre collision,4,2,1,0,2,1,1,0,1,30,2,3,1,0,0,2,22.0,76.0,deux_roues,voiture,1,2,3,1,6
202300040538,2023-04-08 16:25:00,2023,4,8,16,25,24,24471,Allée des Tourelles,44.892987,1.259995,Plein jour,Hors agglomération,Hors intersection,Normale,Deux véhicules - frontale,3,2,2,0,2,3,1,0,5,80,2,5,4,0,1,0,20.0,59.0,voiture,voiture,1,1,1,1,1
202300040539,2023-08-31 04:45:00,2023,8,31,4,45,54,54547,Avenue de Bourgogne,48.64855242,6.14446342,Nuit avec éclairage allumé,En agglomération,Hors intersection,Temps couvert,Autre collision,4,2, -1,0,1,1,1,8,8,50,1,3,0,0,0,3,56.0,,utilitaire_camion,,5,2,1,8,6
202300040540,2023-04-09 20:16:00,2023,4,9,20,16,24,24354,Avenue du Périgord,45.153125,0.008132,Crépuscule ou aube,En agglomération,Hors intersection,Normale,Autre collision,3,2,2,0,1,3,1,0,4,50,1,1,0,1,0,0,53.0,,deux_roues,,2,2,1,1,6
202300040541,2023-09-01 18:45:00,2023,9,1,18,45,51,51454,BRIAND (PLACE ARISTIDE),49.25763,4.03948,Plein jour,En agglomération,Giratoire,Normale,Deux véhicules - côté,4,3,3,3,1,1,1,5,1,50,2,3,2,0,0,1,41.0,49.0,voiture,transport_commun,1,2,6,1,3
202300040542,2023-06-15 11:45:00,2023,6,15,11,45,92,92063,EMPEREUR (ROUTE DE L') EST,48.86338258,2.18180627,Plein jour,En agglomération,Hors intersection,Normale,Deux véhicules - côté,3,-1,2,0,1,1,1,0,1,50,2,2,1,0,0,1,75.0,41.0,voiture,deux_roues,1,2,1,1,3
202300040543,2023-09-01 12:28:00,2023,9,1,12,28,51,51454,DIEU LUMIERE (BOULEVARD) COTE IMPAIR,49.23999,4.03785,Plein jour,En agglomération,Hors intersection,Normale,Deux véhicules - côté,4,2,4,0,1,1,1,0,1,50,2,2,1,0,0,1,26.0,48.0,voiture,deux_roues,1,2,1,1,3
202300040544,2023-04-08 22:10:00,2023,4,8,22,10,27,27109,RD 133 PK 23,49.109641,0.839124,Nuit sans éclairage public,Hors agglomération,Hors intersection,Normale,Deux véhicules - côté,3,2,2,0,1,1,1,0,1,80,2,2,1,0,1,0,,18.0,voiture,deux_roues,3,1,1,1,3
202300040545,2023-06-10 02:00:00,2023,6,10,2,0,92,92063,FORT (RUE DU),48.87834926,2.18791276,Nuit avec éclairage allumé,En agglomération,Hors intersection,Normale,Sans collision,4,1,2,1,1,1,1,0,1,30,1,1,0,0,1,0,30.0,,deux_roues,,5,2,1,1,7
202300040546,2023-08-30 21:00:00,2023,8,30,21,0,51,51172,ALSACE LORRAINE (BOULEVARD),49.21633,4.05066,Nuit avec éclairage allumé,En agglomération,Giratoire,Normale,Deux véhicules - côté,4,1,0,0,1,1,1,9,1,50,2,3,2,0,0,1,58.0,34.0,utilitaire_camion,deux_roues,5,2,6,1,3
202300040546,2023-08-30 21:00:00,2023,8,30,21,0,51,51172,ALSACE LORRAINE (BOULEVARD),49.21633,4.05066,Nuit avec éclairage allumé,En agglomération,Giratoire,Normale,Deux véhicules - côté,4,1,0,0,1,1,1,0,1,50,2,3,2,0,0,1,58.0,34.0,utilitaire_camion,deux_roues,5,2,6,1,3
202300040547,2023-12-08 17:10:00,2023,12,8,17,10,974,97411,VICTOIRE (AVENUE DE LA),-20.87616,55.44772,Plein jour,En agglomération,Hors intersection,Normale,Autre collision,4,2,2,0,2,1,1,0,1,50,1,2,1,0,0,1,29.0,,voiture,,1,2,1,1,6
202300040548,2023-08-31 14:40:00,2023,8,31,14,40,51,51454,MAGELLAN (RUE),49.22481,4.0322,Plein jour,En agglomération,Hors intersection,Pluie légère,Deux véhicules - côté,4,2,2,0,1,1,2,0,1,50,2,3,2,0,0,1,25.0,25.0,voiture,deux_roues,1,2,1,2,3
202300040549,2023-09-01 13:58:00,2023,9,1,13,58,51,51230,HOPITAL AUBAN MOET,49.038833,3.954084,Plein jour,En agglomération,Intersection en X,Temps couvert,Autre collision,4,1,0,0,1,1,1,0,1,50,1,2,1,0,0,1,56.0,,utilitaire_camion,,1,2,2,8,6
202300040549,2023-09-01 13:58:00,2023,9,1,13,58,51,51230,HOPITAL AUBAN MOET,49.038833,3.954084,Plein jour,En agglomération,Intersection en X,Temps couvert,Autre collision,4,1,1,0,1,1,1,0,1,50,1,2,1,0,0,1,56.0,,utilitaire_camion,,1,2,2,8,6
202300040550,2023-09-01 17:17:00,2023,9,1,17,17,49,49007,MOULIN PONT ET PLACE,47.48919,-0.54613,Plein jour,En agglomération,Hors intersection,Normale,Sans collision,4,2,3,0,1,1,1,0,1,50,1,1,0,0,0,1,26.0,,deux_roues,,1,2,1,1,7
202300040551,2023-08-31 11:54:00,2023,8,31,11,54,49,49007,JUIN PLACE ET RUE,47.44616,-0.56984,Plein jour,En agglomération,Hors intersection,Normale,Deux véhicules - arrière,4,2,2,0,1,1,1,0,1,50,2,2,1,0,0,1,34.0,33.0,utilitaire_camion,voiture,1,2,1,1,2
202300040552,2023-08-31 11:05:00,2023,8,31,11,5,49,49246,GALLIENI AVENUE,47.43709,-0.5143,Plein jour,En agglomération,Giratoire,Normale,Deux véhicules - côté,3,3,2,0,1,1,1,0,1,50,2,2,1,0,0,1,85.0,17.0,voiture,deux_roues,1,2,6,1,3
202300040553,2023-12-07 21:20:00,2023,12,7,21,20,973,97302,MONTABO (ROUTE DE) 2,4.944,-52.30891,Nuit avec éclairage allumé,En agglomération,Hors intersection,Normale,Deux véhicules - côté,3,2,2,2,1,1,2,0,1,50,2,4,3,1,0,0,69.0,33.0,voiture,deux_roues,5,2,1,1,3
202300040554,2023-08-28 12:30:00,2023,8,28,12,30,44,44184,92 Rue Henri Gautier,47.28204,-2.20395,Plein jour,En agglomération,Giratoire,Normale,Deux véhicules - côté,4,1,0,0,1,2,1,0,1,50,2,2,1,0,0,1,30.0,47.0,voiture,deux_roues,1,2,6,1,3
202300040554,2023-08-28 12:30:00,2023,8,28,12,30,44,44184,92 Rue Henri Gautier,47.28204,-2.20395,Plein jour,En agglomération,Giratoire,Normale,Deux véhicules - côté,4,-1,0,0,1,2,1,0,1,50,2,2,1,0,0,1,30.0,47.0,voiture,deux_roues,1,2,6,1,3
202300040555,2023-09-01 08:15:00,2023,9,1,8,15,43,43046,CHAMPS-ELYSEES (AVENUE DES),45.051456,3.89658,Plein jour,En agglomération,Intersection en T,Normale,Deux véhicules - côté,3,2,2,0,1,1,1,0,1,50,2,2,1,0,0,1,74.0,37.0,voiture,deux_roues,1,2,3,1,3
202300040555,2023-09-01 08:15:00,2023,9,1,8,15,43,43046,CHAMPS-ELYSEES (AVENUE DES),45.051456,3.89658,Plein jour,En agglomération,Intersection en T,Normale,Deux véhicules - côté,3,-1,2,0,2,1,1,0,1,50,2,2,1,0,0,1,74.0,37.0,voiture,deux_roues,1,2,3,1,3
202300040556,2023-08-31 14:10:00,2023,8,31,14,10,43,43002,14 Chemin de Jalavoux,45.05396,3.88856,Plein jour,En agglomération,Intersection en T,Normale,Sans collision,4,2,2,0,2,4,1,0,1,50,2,2,1,0,0,1,19.0,19.0,voiture,deux_roues,1,2,3,1,7
202300040556,2023-08-31 14:10:00,2023,8,31,14,10,43,43002,14 Chemin de Jalavoux,45.05396,3.88856,Plein jour,En agglomération,Intersection en T,Normale,Sans collision,4,2,2,0,2,4,1,0,1,50,2,2,1,0,0,1,19.0,19.0,voiture,deux_roues,1,2,3,1,7
202300040557,2023-12-08 07:40:00,2023,12,8,7,40,69,69383,Rue André Philip,45.75355,4.85195,Nuit avec éclairage allumé,En agglomération,Intersection en T,Pluie légère,Deux véhicules - côté,4,1,1,0,1,1,2,0,1,30,2,4,3,0,0,1,37.0,,deux_roues,voiture,5,2,3,2,3
202300040557,2023-12-08 07:40:00,2023,12,8,7,40,69,69383,Rue André Philip,45.75355,4.85195,Nuit avec éclairage allumé,En agglomération,Intersection en T,Pluie légère,Deux véhicules - côté,4,1,1,2,1,1,2,0,1,30,2,4,3,0,0,1,37.0,,deux_roues,voiture,5,2,3,2,3
202300040558,2023-09-01 10:20:00,2023,9,1,10,20,34,34003,Boulevard du Soleil,43.3041,3.4841,Plein jour,En agglomération,Hors intersection,Normale,Autre collision,4,-1,2,0,1,1,1,6,1,30,1,2,1,0,0,1,25.0,,voiture,,1,2,1,1,6
202300040559,2023-09-01 19:40:00,2023,9,1,19,40,33,33039,Rue Rachelle Guitton,44.79355,-0.5366,Plein jour,En agglomération,Hors intersection,Normale,Deux véhicules - côté,4,2,5,0,2,3,1,9,1,50,2,2,1,0,1,0,31.0,52.0,deux_roues,voiture,1,2,1,1,3
202300040560,2023-12-07 15:10:00,2023,12,7,15,10,972,97213,Z I LA JAMBETTE,14.61663,-61.03335,Plein jour,Hors agglomération,Hors intersection,Pluie légère,Deux véhicules - côté,9,3,1,0,1,1,2,0,1,30,2,3,2,0,1,0,52.0,52.0,voiture,deux_roues,1,1,1,2,3
202300040561,2023-09-01 19:05:00,2023,9,1,19,5,33,33063,Quai des Chartrons,44.85225101,-0.56805164,Plein jour,En agglomération,Hors intersection,Normale,Deux véhicules - côté,4,2,6,3,1,1,1,0,1,50,2,3,2,0,0,1,65.0,19.0,utilitaire_camion,deux_roues,1,2,1,1,3
202300040562,2023-09-02 01:10:00,2023,9,2,1,10,29,29232,Boulevard Gutenberg,47.98020542,-4.08071553,Nuit avec éclairage allumé,En agglomération,Hors intersection,Normale,Autre collision,3,2,2,0,1,3,1,0,3,50,1,1,0,0,0,1,24.0,,voiture,,5,2,1,1,6
202300040563,2023-09-01 09:15:00,2023,9,1,9,15,28,28404,RN 154,48.71628,1.37429,Plein jour,Hors agglomération,Hors intersection,Pluie légère,Deux véhicules - côté,2,4,4,0,1,1,2,3,1,90,2,5,0,0,0,5,26.0,40.0,voiture,voiture,1,1,1,2,3
202300040564,2023-12-08 07:30:00,2023,12,8,7,30,69,69034,24 Chemin de Crépieux,45.80081,4.85186,Crépuscule ou aube,En agglomération,Hors intersection,Pluie légère,Autre collision,4,2,2,0,1,1,2,0,1,50,1,2,1,0,1,0,42.0,,voiture,,2,2,1,2,6
202300040565,2023-09-01 15:10:00,2023,9,1,15,10,25,25462,CHARDONNET (COMTE DE),46.91121,6.35383,Plein jour,En agglomération,Hors intersection,Normale,Deux véhicules - frontale,4,1,1,0,2,2,1,0,1,30,2,2,1,0,0,1,29.0,9.0,voiture,deux_roues,1,2,1,1,1
202300040566,2023-09-01 09:36:00,2023,9,1,9,36,22,22278,GOUEDIC (DE),48.50962,-2.75478,Plein jour,En agglomération,Hors intersection,Temps couvert,Deux véhicules - arrière,4,2,3,3,4,1,3,0,6,30,2,2,1,0,0,1,54.0,23.0,voiture,deux_roues,1,2,1,8,2
202300040567,2023-12-08 11:38:00,2023,12,8,11,38,2B,2B120,,42.6642,9.43602,Plein jour,Hors agglomération,Hors intersection,Pluie légère,Deux véhicules - côté,2,2,2,0,1,1,2,2,1,70,2,2,0,0,0,2,72.0,72.0,voiture,voiture,1,1,1,2,3
202300040568,2023-12-08 12:50:00,2023,12,8,12,50,2B,2B033,TOUTES RUES,42.67744,9.4446,Plein jour,Hors agglomération,Hors intersection,Pluie légère,Deux véhicules - frontale,2,3,2,0,4,3,2,1,1,50,2,2,1,0,0,1,38.0,49.0,voiture,voiture,1,1,1,2,1
202300040569,2023-12-08 07:20:00,2023,12,8,7,20,971,97120,Amitié des peuples,16.24577,-61.54275,Plein jour,Hors agglomération,Intersection en T,Temps couvert,Deux véhicules - côté,4,1,2,0,1,1,2,0,1,50,2,2,1,0,0,1,25.0,38.0,voiture,voiture,1,1,3,8,3
202300040569,2023-12-08 07:20:00,2023,12,8,7,20,971,97120,Amitié des peuples,16.24577,-61.54275,Plein jour,Hors agglomération,Intersection en T,Temps couvert,Deux véhicules - côté,4,1, -1,-1,1,1,2,0,1,-1,2,2,1,0,0,1,25.0,38.0,voiture,voiture,1,1,3,8,3
202300040570,2023-10-10 18:30:00,2023,10,10,18,30,95,95428,REPUBLIQUE (RUE DE LA),48.97832,2.30844,Crépuscule ou aube,En agglomération,Intersection en T,Normale,Deux véhicules - côté,4,2,2,0,1,1,1,0,1,50,2,3,1,0,0,2,39.0,63.0,voiture,deux_roues,2,2,3,1,3
202300040570,2023-10-10 18:30:00,2023,10,10,18,30,95,95428,REPUBLIQUE (RUE DE LA),48.97832,2.30844,Crépuscule ou aube,En agglomération,Intersection en T,Normale,Deux véhicules - côté,4,2,0,0,1,1,1,0,1,50,2,3,1,0,0,2,39.0,63.0,voiture,deux_roues,2,2,3,1,3
202300040571,2023-12-08 08:34:00,2023,12,8,8,34,95,95018,MAURICE BERTEAUX (BOULEVARD),48.94852,2.25422,Plein jour,En agglomération,Hors intersection,Pluie légère,Autre collision,4,2,3,3,1,1,2,0,1,50,1,2,1,0,1,0,29.0,,transport_commun,,1,2,1,2,6
202300040572,2023-12-08 19:10:00,2023,12,8,19,10,91,91103,DEVI DU CD 19,48.5915,2.3092,Nuit sans éclairage public,Hors agglomération,Hors intersection,Normale,Deux véhicules - arrière,3,3,4,0,1,1,1,0,1,90,2,2,0,0,0,2,60.0,35.0,voiture,voiture,3,1,1,1,2
202300040573,2023-12-08 17:25:00,2023,12,8,17,25,91,91477,MAURICE BERTEAUX (RUE),48.718616,2.241875,Nuit avec éclairage allumé,En agglomération,Hors intersection,Normale,Deux véhicules - frontale,4,2,2,0,2,1,1,0,1,30,2,2,1,0,0,1,12.0,25.0,deux_roues,voiture,5,2,1,1,1
202300040574,2023-12-08 08:20:00,2023,12,8,8,20,91,91114,RUE DU PONT PERRONET,48.69588,2.50297,Crépuscule ou aube,En agglomération,Hors intersection,Temps couvert,Autre collision,3,2,1,0,1,1,2,2,1,30,1,2,1,0,0,1,26.0,,transport_commun,,2,2,1,8,6
202300040575,2023-10-05 00:10:00,2023,10,5,0,10,54,54213,Grande Rue,49.1479241,5.84460854,Nuit sans éclairage public,En agglomération,Hors intersection,Normale,Autre collision,3,2,1,0,2,3,1,0,4,50,1,1,0,0,0,1,42.0,,voiture,,3,2,1,1,6
202300040576,2023-12-06 21:35:00,2023,12,6,21,35,87,87085,BORIE (BOULEVARD DE LA),45.83457,1.22606,Nuit avec éclairage allumé,En agglomération,Intersection en X,Normale,Trois véhicules et plus - collisions multiples,4,3,6,0,1,1,1,5,1,50,3,6,1,0,0,5,30.0,28.0,voiture,voiture,5,2,2,1,5
202300040576,2023-12-06 21:35:00,2023,12,6,21,35,87,87085,BORIE (BOULEVARD DE LA),45.83457,1.22606,Nuit avec éclairage allumé,En agglomération,Intersection en X,Normale,Trois véhicules et plus - collisions multiples,4,3,4,0,1,1,1,5,1,50,3,6,1,0,0,5,30.0,28.0,voiture,voiture,5,2,2,1,5