accident_id,datetime,annee,mois,jour,heure,minute,departement,commune_insee,adresse,latitude,longitude,luminosite,agglomeration,intersection,meteo,collision,catr,circ,nbv,vosp,prof,plan,surf,infra,situ,vma,nb_vehicules,nb_usagers,nb_indemnes,nb_tues,nb_blesses_hosp,nb_blesses_legers,age_cond_1,age_cond_2,veh_type_cond_1,veh_type_cond_2,lum_code,agg_code,int_code,atm_code,col_code
202300040577,2023-12-06 17:42:00,2023,12,6,17,42,87,87050,PASCAUD (RUE DU DOCTEUR),45.87968,1.23819,Nuit avec éclairage allumé,En agglomération,Hors intersection,Normale,Autre collision,4,2,2,0,1,1,1,5,1,50,1,2,1,0,1,0,46.0,,voiture,,5,2,1,1,6
202300040578,2023-10-05 09:15:00,2023,10,5,9,15,51,51549,D994,48.963596,4.698393,Plein jour,Hors agglomération,Hors intersection,Normale,Deux véhicules - frontale,3,2,2,0,4,1,1,0,1,90,2,3,0,1,0,2,30.0,71.0,utilitaire_camion,voiture,1,1,1,1,1
202300040579,2023-12-08 14:15:00,2023,12,8,14,15,86,86194,Avenue John Kennedy,46.587007,0.365207,Plein jour,En agglomération,Hors intersection,Normale,Autre collision,3,3,4,0,1,1,1,0,1,30,1,2,1,0,0,1,73.0,,voiture,,1,2,1,1,6
202300040580,2023-10-05 08:15:00,2023,10,5,8,15,19,19013,Départementale 1089,45.201344,1.660691,Plein jour,Hors agglomération,Hors intersection,Normale,Deux véhicules - frontale,3,2,3,0,2,1,1,0,1,90,2,2,0,0,2,0,43.0,20.0,utilitaire_camion,voiture,1,1,1,1,1
202300040581,2023-12-07 18:15:00,2023,12,7,18,15,86,86194,Avenue de la Libération,46.564008,0.31748,Nuit sans éclairage public,En agglomération,Intersection en Y,Pluie légère,Autre collision,4,3,0,0,1,1,2,5,1,50,1,2,1,0,0,1,19.0,,voiture,,3,2,4,2,6
202300040581,2023-12-07 18:15:00,2023,12,7,18,15,86,86194,Avenue de la Libération,46.564008,0.31748,Nuit sans éclairage public,En agglomération,Intersection en Y,Pluie légère,Autre collision,4,2, -1,0,1,1,2,5,1,30,1,2,1,0,0,1,19.0,,voiture,,3,2,4,2,6
202300040582,2023-10-03 11:58:00,2023,10,3,11,58,56,56200,Le Chene David,47.83058,-2.311356,Plein jour,Hors agglomération,Hors intersection,Normale,Sans collision,3,2,2,0,1,1,1,0,1,80,1,1,0,0,1,0,57.0,,deux_roues,,1,1,1,1,7
202300040583,2023-10-05 12:35:00,2023,10,5,12,35,76,76312,D916,49.492633,1.719232,Plein jour,Hors agglomération,Hors intersection,Normale,Sans collision,3,2,2,0,1,1,1,0,1,80,1,1,0,0,0,1,22.0,,voiture,,1,1,1,1,7
202300040584,2023-12-08 23:10:00,2023,12,8,23,10,85,85191,RD763,46.69214,-1.4299,Nuit sans éclairage public,Hors agglomération,Hors intersection,Normale,Deux véhicules - arrière,3,1,2,0,1,1,1,0,1,50,2,2,1,0,0,1,35.0,22.0,voiture,deux_roues,3,1,1,1,2
202300040585,2023-10-05 10:50:00,2023,10,5,10,50,79,79130,,46.270355,-0.527923,Plein jour,Hors agglomération,Hors intersection,Normale,Sans collision,3,2,2,0,1,1,1,0,3,80,1,1,0,0,1,0,54.0,,voiture,,1,1,1,1,7
202300040586,2023-12-08 18:55:00,2023,12,8,18,55,84,84007,MAGNANARELLES (Avenue des)-MONTFAVET,43.92482,4.87719,Nuit avec éclairage allumé,En agglomération,Hors intersection,Temps couvert,Trois véhicules et plus - en chaîne,4,2,2,0,1,1,2,0,1,50,3,3,2,0,0,1,83.0,36.0,voiture,voiture,5,2,1,8,4
202300040587,2023-10-03 18:00:00,2023,10,3,18,0,65,65129,D632,43.294091,0.501444,Plein jour,Hors agglomération,Hors intersection,Normale,Sans collision,3,2,2,0,2,2,1,0,8,90,1,1,0,0,1,0,34.0,,voiture,,1,1,1,1,7
202300040588,2023-12-08 19:00:00,2023,12,8,19,0,30,30011,TAVEL AVENUE DE,43.96058,4.74943,Nuit sans éclairage public,En agglomération,Hors intersection,Normale,Autre collision,4,2,2,0,1,1,1,0,1,20,1,2,1,0,0,1,66.0,,voiture,,3,2,1,1,6
202300040589,2023-10-04 18:20:00,2023,10,4,18,20,33,33036,Avenue de la République,44.432562,-0.220199,Plein jour,En agglomération,Hors intersection,Normale,Deux véhicules - côté,4,2,2,0,1,1,1,0,1,50,2,2,1,0,0,1,47.0,41.0,voiture,deux_roues,1,2,1,1,3
202300040590,2023-10-05 15:20:00,2023,10,5,15,20,81,81276,Route de Rabastens,43.897746,1.697677,Plein jour,Hors agglomération,Hors intersection,Normale,Autre collision,3,2,2,0,1,1,1,0,1,70,1,2,1,0,0,1,42.0,,voiture,,1,1,1,1,6
202300040591,2023-12-07 20:14:00,2023,12,7,20,14,84,84007,FONTCOUVERTE(Avenue de),43.93556,4.84833,Nuit avec éclairage allumé,En agglomération,Giratoire,Normale,Deux véhicules - côté,4,-1,2,2,1,1,1,5,5,50,2,2,1,0,0,1,42.0,17.0,voiture,deux_roues,5,2,6,1,3
202300040591,2023-12-07 20:14:00,2023,12,7,20,14,84,84007,FONTCOUVERTE(Avenue de),43.93556,4.84833,Nuit avec éclairage allumé,En agglomération,Giratoire,Normale,Deux véhicules - côté,4,-1,2,2,1,1,1,5,5,50,2,2,1,0,0,1,42.0,17.0,voiture,deux_roues,5,2,6,1,3
202300040592,2023-10-02 20:15:00,2023,10,2,20,15,11,11184,55 Chemin de Jeanéry,43.152687,1.885496,Crépuscule ou aube,Hors agglomération,Hors intersection,Normale,Sans collision,4,2,2,0,1,1,1,0,8,80,1,1,0,0,1,0,23.0,,deux_roues,,2,1,1,1,7
202300040593,2023-10-11 07:00:00,2023,10,11,7,0,82,82033,MONTAUBAN D 958 (ROUTE DE),44.03405,1.17314,Nuit sans éclairage public,Hors agglomération,Hors intersection,Normale,Deux véhicules - frontale,3,2,2,0,1,1,1,0,1,80,2,2,1,0,1,0,29.0,16.0,voiture,deux_roues,3,1,1,1,1
202300040594,2023-12-08 18:00:00,2023,12,8,18,0,81,81004,ROCADE RN88 NORD,43.94166,2.16884,Nuit sans éclairage public,Hors agglomération,Hors intersection,Normale,Deux véhicules - arrière,2,3,4,0,1,1,1,0,1,90,2,2,1,0,0,1,45.0,56.0,voiture,utilitaire_camion,3,1,1,1,2
202300040595,2023-10-05 07:15:00,2023,10,5,7,15,71,71184,D681,46.9989,4.319043,Crépuscule ou aube,Hors agglomération,Hors intersection,Normale,Trois véhicules et plus - collisions multiples,3,2,2,0,1,1,1,0,1,80,3,5,3,0,0,2,21.0,40.0,voiture,voiture,2,1,1,1,5
202300040596,2023-10-04 14:10:00,2023,10,4,14,10,49,49292,D125,47.303869,-0.626328,Plein jour,En agglomération,Hors intersection,Normale,Autre collision,3,2,2,0,4,3,1,0,8,50,1,2,0,0,0,2,27.0,,voiture,,1,2,1,1,6
202300040597,2023-12-08 13:30:00,2023,12,8,13,30,79,79191,,46.32737,-0.45487,Plein jour,En agglomération,Intersection en X,Normale,Deux véhicules - côté,4,2,2,0,2,1,2,0,1,30,2,2,1,0,0,1,59.0,12.0,voiture,deux_roues,1,2,2,1,3
202300040597,2023-12-08 13:30:00,2023,12,8,13,30,79,79191,,46.32737,-0.45487,Plein jour,En agglomération,Intersection en X,Normale,Deux véhicules - côté,4,2,2,0,2,1,2,0,1,30,2,2,1,0,0,1,59.0,12.0,voiture,deux_roues,1,2,2,1,3
202300040598,2023-10-03 17:10:00,2023,10,3,17,10,22,22152,Pont Losquet,48.76050909,-3.29320818,Plein jour,Hors agglomération,Giratoire,Normale,Deux véhicules - côté,3,1,2,0,2,2,1,0,1,30,2,2,1,0,1,0,87.0,81.0,deux_roues,voiture,1,1,6,1,3
202300040599,2023-12-07 19:05:00,2023,12,7,19,5,77,77114,MARSAUDIERE (DOMAINE),48.742269,2.701374,Crépuscule ou aube,Hors agglomération,Hors intersection,Normale,Trois véhicules et plus - en chaîne,9,2,2,0,1,1,2,0,1,50,3,3,2,0,0,1,58.0,39.0,voiture,voiture,2,1,1,1,4
202300040600,2023-10-01 16:20:00,2023,10,1,16,20,25,25157,Les Huets,46.871245,6.405587,Plein jour,Hors agglomération,Hors intersection,Normale,Sans collision,4,2,2,0,2,4,9,0,1,50,1,1,0,0,1,0,36.0,,deux_roues,,1,1,1,1,7
202300040601,2023-10-04 13:45:00,2023,10,4,13,45,25,25360,D67,47.140709,6.113098,Plein jour,Hors agglomération,Hors intersection,Pluie légère,Deux véhicules - frontale,3,2,2,0,3,1,2,0,1,90,2,3,0,0,0,3,25.0,54.0,voiture,voiture,1,1,1,2,1
202300040602,2023-12-08 18:15:00,2023,12,8,18,15,76,76391,D438,49.32367,0.90544,Nuit sans éclairage public,Hors agglomération,Hors intersection,Normale,Trois véhicules et plus - en chaîne,7,2,2,0,1,1,1,0,1,80,4,5,2,0,0,3,54.0,34.0,utilitaire_camion,voiture,3,1,1,1,4
202300040603,2023-10-05 17:08:00,2023,10,5,17,8,15,15265,D922 ,45.345321,2.437216,Crépuscule ou aube,En agglomération,Hors intersection,Temps éblouissant,Deux véhicules - arrière,3,2,2,0,3,1,1,8,1,50,2,3,2,0,0,1,35.0,23.0,deux_roues,utilitaire_camion,2,2,1,7,2
202300040604,2023-12-07 17:40:00,2023,12,7,17,40,76,76351,GRAVILLE (BD DE),49.48699,0.14952,Nuit avec éclairage allumé,En agglomération,Hors intersection,Pluie forte,Autre collision,4,2,4,2,1,1,2,0,1,50,1,3,2,1,0,0,48.0,,voiture,,5,2,1,3,6
202300040605,2023-10-05 19:35:00,2023,10,5,19,35,01,01320,Route du Creux,46.307771,4.872032,Crépuscule ou aube,En agglomération,Hors intersection,Normale,Deux véhicules - côté,3,2,2,0,1,1,1,0,1,50,2,2,1,0,1,0,15.0,60.0,deux_roues,voiture,2,2,1,1,3
202300040606,2023-12-07 18:50:00,2023,12,7,18,50,76,76351,WINSTON CHURCHILL,49.49418,0.13826,Nuit avec éclairage allumé,En agglomération,Intersection en X,Pluie forte,Autre collision,4,2,5,0,1,1,2,0,1,50,1,2,1,1,0,0,54.0,,transport_commun,,5,2,2,3,6
202300040606,2023-12-07 18:50:00,2023,12,7,18,50,76,76351,WINSTON CHURCHILL,49.49418,0.13826,Nuit avec éclairage allumé,En agglomération,Intersection en X,Pluie forte,Autre collision,4,2,6,0,1,1,2,0,1,50,1,2,1,1,0,0,54.0,,transport_commun,,5,2,2,3,6
202300040607,2023-12-07 17:00:00,2023,12,7,17,0,76,76351,EMILE ZOLA,49.4886,0.10684,Nuit avec éclairage allumé,En agglomération,Intersection en X,Pluie forte,Deux véhicules - côté,4,2,2,0,1,1,2,0,1,50,2,2,1,0,0,1,18.0,20.0,voiture,voiture,5,2,2,3,3
202300040607,2023-12-07 17:00:00,2023,12,7,17,0,76,76351,EMILE ZOLA,49.4886,0.10684,Nuit avec éclairage allumé,En agglomération,Intersection en X,Pluie forte,Deux véhicules - côté,4,2,2,0,1,1,2,0,1,50,2,2,1,0,0,1,18.0,20.0,voiture,voiture,5,2,2,3,3
202300040608,2023-10-04 17:35:00,2023,10,4,17,35,54,54060,Rue de Millery,48.81262193,6.11569405,Plein jour,En agglomération,Hors intersection,Normale,Deux véhicules - côté,4,2,2,0,1,1,1,9,1,80,2,2,1,0,0,1,35.0,48.0,utilitaire_camion,voiture,1,2,1,1,3
202300040609,2023-12-07 18:30:00,2023,12,7,18,30,76,76296,LIBERATION (RUE DE LA ),49.51588,0.23851,Nuit sans éclairage public,Hors agglomération,Intersection en Y,Pluie forte,Trois véhicules et plus - en chaîne,3,2,2,0,1,1,2,0,1,70,3,3,2,0,0,1,54.0,67.0,voiture,voiture,3,1,4,3,4
202300040609,2023-12-07 18:30:00,2023,12,7,18,30,76,76296,LIBERATION (RUE DE LA ),49.51588,0.23851,Nuit sans éclairage public,Hors agglomération,Intersection en Y,Pluie forte,Trois véhicules et plus - en chaîne,3,2, -1,-1,1,1,2,0,1,-1,3,3,2,0,0,1,54.0,67.0,voiture,voiture,3,1,4,3,4
202300040610,2023-10-04 15:15:00,2023,10,4,15,15,72,72146,La Guérandière,47.874411,0.116826,Plein jour,Hors agglomération,Hors intersection,Normale,Deux véhicules - arrière,4,2,2,0,1,1,1,0,1,50,2,2,1,0,0,1,20.0,45.0,deux_roues,voiture,1,1,1,1,2
202300040611,2023-12-08 11:40:00,2023,12,8,11,40,74,74281,VERSOIE (ROUTE DE LA),46.351,6.4657,Plein jour,En agglomération,Hors intersection,Normale,Trois véhicules et plus - collisions multiples,4,2,2,2,1,2,2,0,1,50,3,4,2,0,1,1,41.0,19.0,voiture,utilitaire_camion,1,2,1,1,5
202300040612,2023-09-07 18:31:00,2023,9,7,18,31,60,60245,Rue du Maréchal Joffre,49.651751,1.728877,Plein jour,En agglomération,Intersection en Y,Normale,Autre collision,3,2,2,0,1,3,1,0,1,50,1,2,1,0,0,1,53.0,,utilitaire_camion,,1,2,4,1,6
202300040612,2023-09-07 18:31:00,2023,9,7,18,31,60,60245,Rue du Maréchal Joffre,49.651751,1.728877,Plein jour,En agglomération,Intersection en Y,Normale,Autre collision,3,2, -1,-1,1,1,1,0,1,-1,1,2,1,0,0,1,53.0,,utilitaire_camion,,1,2,4,1,6
202300040613,2023-12-08 17:40:00,2023,12,8,17,40,72,72181,FRESNAYE ROGER DE LA (RUE),47.97536,0.21637,Nuit avec éclairage allumé,En agglomération,Autre intersection,Temps couvert,Autre collision,6,-1, -1,0,1,1,2,9,1,50,1,2,1,0,0,1,36.0,,voiture,,5,2,9,8,6
202300040614,2023-10-05 07:25:00,2023,10,5,7,25,64,64010,D933,43.325857,-1.023563,Crépuscule ou aube,En agglomération,Giratoire,Brouillard / fumée,Sans collision,3,-1,2,0,1,2,1,5,1,30,1,1,0,0,0,1,38.0,,utilitaire_camion,,2,2,6,5,7
202300040615,2023-12-08 07:35:00,2023,12,8,7,35,72,72181,MAC JEAN (AV) N° IMP 107 ET plus,47.97904,0.22553,Crépuscule ou aube,En agglomération,Autre intersection,Pluie légère,Autre collision,4,2,2,3,1,1,2,0,6,50,1,2,1,0,0,1,23.0,,voiture,,2,2,9,2,6
202300040616,2023-10-05 15:00:00,2023,10,5,15,0,73,73007,Rond-Point A43 - D925,45.557273,6.252465,Plein jour,Hors agglomération,Giratoire,Normale,Sans collision,3,2,2,0,1,2,1,0,3,80,1,1,0,0,0,1,61.0,,voiture,,1,1,6,1,7
202300040617,2023-12-07 11:45:00,2023,12,7,11,45,72,72181,BROSSOLETTE PIERRE (BD) N° IMP,47.9783,0.20661,Plein jour,En agglomération,Autre intersection,Pluie légère,Trois véhicules et plus - collisions multiples,4,3,2,0,2,1,2,0,1,50,3,4,2,1,0,1,30.0,21.0,voiture,voiture,1,2,9,2,5
202300040618,2023-10-05 15:50:00,2023,10,5,15,50,53,53115,D33,48.415701,-0.83921,Plein jour,Hors agglomération,Intersection en T,Normale,Deux véhicules - frontale,3,2,2,0,1,3,1,0,1,80,2,3,1,0,1,1,67.0,64.0,voiture,deux_roues,1,1,3,1,1
202300040618,2023-10-05 15:50:00,2023,10,5,15,50,53,53115,D33,48.415701,-0.83921,Plein jour,Hors agglomération,Intersection en T,Normale,Deux véhicules - frontale,3,2,2,0,1,1,1,0,1,50,2,3,1,0,1,1,67.0,64.0,voiture,deux_roues,1,1,3,1,1
202300040619,2023-10-04 23:45:00,2023,10,4,23,45,27,27169,CD 312 hameau le DOUY,49.413514,0.405743,Nuit sans éclairage public,Hors agglomération,Hors intersection,Normale,Autre collision,3,2,2,0,1,1,1,0,8,80,1,2,0,1,0,1,19.0,,voiture,,3,1,1,1,6
202300040620,2023-12-08 22:40:00,2023,12,8,22,40,69,69276,Route Départementale 312,45.67838,4.85046,Nuit avec éclairage allumé,En agglomération,Hors intersection,Pluie légère,Trois véhicules et plus - collisions multiples,7,2,2,0,1,3,2,0,1,50,3,4,2,0,0,2,43.0,27.0,utilitaire_camion,voiture,5,2,1,2,5
202300040621,2023-10-04 22:00:00,2023,10,4,22,0,38,38431,A41s - PK 007.890,45.24313,5.858234,Nuit sans éclairage public,Hors agglomération,Hors intersection,Normale,Sans collision,1,3,2,0,1,1,1,0,3,130,1,1,0,0,1,0,52.0,,voiture,,3,1,1,1,7
202300040622,2023-12-08 07:47:00,2023,12,8,7,47,69,69199,Avenue Gabriel Péri,45.70828,4.85525,Nuit avec éclairage non allumé,En agglomération,Intersection en X,Pluie légère,Autre collision,7,2,3,0,1,1,2,0,1,30,1,2,1,0,0,1,59.0,,voiture,,4,2,2,2,6
202300040622,2023-12-08 07:47:00,2023,12,8,7,47,69,69199,Avenue Gabriel Péri,45.70828,4.85525,Nuit avec éclairage non allumé,En agglomération,Intersection en X,Pluie légère,Autre collision,7,2,2,0,1,1,2,0,1,30,1,2,1,0,0,1,59.0,,voiture,,4,2,2,2,6
202300040623,2023-10-05 06:50:00,2023,10,5,6,50,27,27577,A131,49.425239,0.557084,Crépuscule ou aube,Hors agglomération,Hors intersection,Normale,Deux véhicules - frontale,1,3,2,3,4,1,1,0,1,130,2,2,1,0,1,0,62.0,43.0,utilitaire_camion,utilitaire_camion,2,1,1,1,1
202300040624,2023-10-04 15:00:00,2023,10,4,15,0,987,98733,PK 19.800 RT1,-17.673322,-149.590627,Plein jour,En agglomération,Hors intersection,Normale,Deux véhicules - côté,3,2,2,2,1,1,1,0,1,60,2,2,0,1,0,1,67.0,21.0,deux_roues,deux_roues,1,2,1,1,3
202300040625,2023-12-07 18:25:00,2023,12,7,18,25,69,69259,Rue Germaine Tillion,45.70469,4.87355,Nuit avec éclairage allumé,En agglomération,Intersection en T,Normale,Deux véhicules - frontale,4,2,2,2,2,1,1,0,5,30,2,3,2,0,0,1,55.0,32.0,deux_roues,voiture,5,2,3,1,1
202300040625,2023-12-07 18:25:00,2023,12,7,18,25,69,69259,Rue Germaine Tillion,45.70469,4.87355,Nuit avec éclairage allumé,En agglomération,Intersection en T,Normale,Deux véhicules - frontale,4,2,2,0,1,3,1,0,5,50,2,3,2,0,0,1,55.0,32.0,deux_roues,voiture,5,2,3,1,1
202300040626,2023-09-30 06:30:00,2023,9,30,6,30,78,78470,Rue de la Drouette,48.580809,1.781716,Nuit sans éclairage public,Hors agglomération,Hors intersection,Normale,Autre collision,4,2,2,0,2,2,1,0,3,80,1,1,0,0,1,0,87.0,,voiture,,3,1,1,1,6
202300040627,2023-12-07 05:30:00,2023,12,7,5,30,69,69199,Boulevard Yves Farge,45.70226,4.85554,Nuit avec éclairage allumé,En agglomération,Hors intersection,Temps couvert,Deux véhicules - frontale,7,2,2,2,2,1,1,0,1,30,2,2,0,0,0,2,34.0,41.0,voiture,transport_commun,5,2,1,8,1
202300040628,2023-12-09 00:50:00,2023,12,9,0,50,67,67365,MICHAEL FARADAY (RUE),48.53854,7.69378,Nuit avec éclairage non allumé,Hors agglomération,Hors intersection,Brouillard / fumée,Autre collision,4,2,2,0,1,3,2,9,3,50,1,2,0,0,0,2,23.0,,voiture,,4,1,1,5,6
202300040629,2023-10-05 12:00:00,2023,10,5,12,0,84,84092,Route de Saint Saturnin,43.952263,4.863746,Plein jour,En agglomération,Intersection en Y,Normale,Sans collision,3,3,2,0,1,1,1,0,1,70,2,2,1,0,1,0,20.0,50.0,voiture,deux_roues,1,2,4,1,7
202300040629,2023-10-05 12:00:00,2023,10,5,12,0,84,84092,Route de Saint Saturnin,43.952263,4.863746,Plein jour,En agglomération,Intersection en Y,Normale,Sans collision,3,-1, -1,-1,-1,-1,-1,-1,-1,-1,2,2,1,0,1,0,20.0,50.0,voiture,deux_roues,1,2,4,1,7
202300040630,2023-12-08 12:00:00,2023,12,8,12,0,67,67482,CHARLES PEGUY (RUE),48.58747,7.69977,Plein jour,En agglomération,Hors intersection,Normale,Deux véhicules - côté,4,3,3,1,1,1,2,0,1,50,2,2,1,0,0,1,18.0,43.0,voiture,deux_roues,1,2,1,1,3
202300040631,2023-10-04 11:38:00,2023,10,4,11,38,06,06101,D28,43.994657,6.99031,Plein jour,Hors agglomération,Hors intersection,Normale,Deux véhicules - côté,3,2,2,0,2,3,1,0,1,80,2,2,1,0,0,1,50.0,31.0,voiture,utilitaire_camion,1,1,1,1,3
202300040632,2023-10-01 13:45:00,2023,10,1,13,45,67,67511,D72,48.883792,7.775998,Plein jour,Hors agglomération,Hors intersection,Normale,Sans collision,3,2,2,0,1,2,1,0,8,80,1,1,0,0,1,0,23.0,,deux_roues,,1,1,1,1,7
202300040633,2023-12-08 06:00:00,2023,12,8,6,0,67,67482,OSTWALD (RUE D ),48.56259,7.71048,Nuit avec éclairage allumé,En agglomération,Intersection en T,Pluie légère,Autre collision,4,2,2,0,1,1,2,0,1,50,1,2,1,0,0,1,27.0,,voiture,,5,2,3,2,6
202300040633,2023-12-08 06:00:00,2023,12,8,6,0,67,67482,OSTWALD (RUE D ),48.56259,7.71048,Nuit avec éclairage allumé,En agglomération,Intersection en T,Pluie légère,Autre collision,4,-1,0,0,1,1,2,6,1,50,1,2,1,0,0,1,27.0,,voiture,,5,2,3,2,6
202300040634,2023-10-04 16:10:00,2023,10,4,16,10,63,63263,d941 / D768,45.782089,3.038734,Plein jour,Hors agglomération,Intersection en Y,Normale,Deux véhicules - côté,3,2,4,0,2,1,1,0,1,70,2,2,1,0,1,0,16.0,,deux_roues,voiture,1,1,4,1,3
202300040634,2023-10-04 16:10:00,2023,10,4,16,10,63,63263,d941 / D768,45.782089,3.038734,Plein jour,Hors agglomération,Intersection en Y,Normale,Deux véhicules - côté,3,2,2,-1,2,1,1,0,1,70,2,2,1,0,1,0,16.0,,deux_roues,voiture,1,1,4,1,3
202300040635,2023-12-08 09:13:00,2023,12,8,9,13,65,65440,Rue Théophile Gautier,43.23418382,0.07559654,Plein jour,En agglomération,Intersection en X,Pluie légère,Autre collision,4,2,2,0,1,1,2,0,1,50,1,2,1,0,0,1,60.0,,voiture,,1,2,2,2,6
202300040635,2023-12-08 09:13:00,2023,12,8,9,13,65,65440,Rue Théophile Gautier,43.23418382,0.07559654,Plein jour,En agglomération,Intersection en X,Pluie légère,Autre collision,4,2,2,0,1,1,2,0,1,50,1,2,1,0,0,1,60.0,,voiture,,1,2,2,2,6
202300040636,2023-12-07 17:00:00,2023,12,7,17,0,64,64024,LAMOULY (ROUTE DE),43.49661,-1.505,Nuit avec éclairage allumé,En agglomération,Hors intersection,Pluie légère,Sans collision,4,2,2,0,1,1,2,0,1,50,2,2,1,0,0,1,56.0,18.0,voiture,deux_roues,5,2,1,2,7
202300040637,2023-10-04 21:00:00,2023,10,4,21,0,73,73213,D201,45.54648366,5.95710683,Nuit avec éclairage allumé,Hors agglomération,Hors intersection,Normale,Autre collision,3,2,2,0,1,2,1,5,3,70,1,1,0,0,1,0,25.0,,voiture,,5,1,1,1,6
202300040638,2023-12-04 14:45:00,2023,12,4,14,45,62,62902,D928,50.70969,2.23095,Plein jour,En agglomération,Intersection en X,Pluie légère,Deux véhicules - côté,3,2,6,0,1,1,2,0,1,50,2,2,1,0,1,0,,71.0,voiture,voiture,1,2,2,2,3
202300040638,2023-12-04 14:45:00,2023,12,4,14,45,62,62902,D928,50.70969,2.23095,Plein jour,En agglomération,Intersection en X,Pluie légère,Deux véhicules - côté,3,2,2,0,1,1,2,0,1,50,2,2,1,0,1,0,,71.0,voiture,voiture,1,2,2,2,3
202300040639,2023-12-05 20:20:00,2023,12,5,20,20,60,60159,Rue de Noyon,49.4228,2.82319,Nuit sans éclairage public,En agglomération,Hors intersection,Pluie légère,Autre collision,4,2,2,0,1,1,2,0,1,30,1,2,1,0,1,0,26.0,,voiture,,3,2,1,2,6
202300040640,2023-10-04 17:45:00,2023,10,4,17,45,44,44201,,47.340531,-1.559399,Plein jour,Hors agglomération,Hors intersection,Normale,Deux véhicules - frontale,3,-1,2,0,4,4,8,0,1,80,2,3,1,0,1,1,18.0,16.0,voiture,deux_roues,1,1,1,1,1
202300040641,2023-12-08 06:55:00,2023,12,8,6,55,54,54547,RM 674,48.670457,6.192575,Crépuscule ou aube,Hors agglomération,Hors intersection,Pluie légère,Autre collision,7,2,2,0,1,1,2,0,1,70,1,1,0,0,0,1,53.0,,voiture,,2,1,1,2,6
202300040642,2023-10-02 18:50:00,2023,10,2,18,50,01,01043,D1084a,45.821226,4.990545,Plein jour,En agglomération,Giratoire,Normale,Deux véhicules - arrière,3,3,2,0,1,2,1,0,1,80,2,2,1,0,0,1,35.0,61.0,voiture,deux_roues,1,2,6,1,2
202300040643,2023-12-08 08:25:00,2023,12,8,8,25,51,51454,NICE (RUE DE),49.25729,4.06309,Plein jour,En agglomération,Intersection en X,Normale,Deux véhicules - frontale,4,2, -1,-1,1,3,1,0,1,-1,2,2,1,0,0,1,57.0,19.0,voiture,voiture,1,2,2,1,1
202300040643,2023-12-08 08:25:00,2023,12,8,8,25,51,51454,NICE (RUE DE),49.25729,4.06309,Plein jour,En agglomération,Intersection en X,Normale,Deux véhicules - frontale,4,2,2,0,1,1,1,0,1,50,2,2,1,0,0,1,57.0,19.0,voiture,voiture,1,2,2,1,1
202300040644,2023-12-08 18:25:00,2023,12,8,18,25,49,49007,PASTEUR AVENUE,47.47497,-0.53538,Nuit avec éclairage allumé,En agglomération,Hors intersection,Pluie légère,Autre collision,4,2,2,0,1,1,2,0,1,50,1,2,1,0,0,1,16.0,,deux_roues,,5,2,1,2,6
202300040645,2023-12-08 20:10:00,2023,12,8,20,10,49,49007,PYRAMIDE ROUTE,47.45255,-0.52374,Nuit avec éclairage non allumé,En agglomération,Hors intersection,Pluie légère,Deux véhicules - arrière,4,2,2,0,1,1,2,0,1,50,2,2,1,0,0,1,19.0,48.0,utilitaire_camion,voiture,4,2,1,2,2
202300040646,2023-10-04 12:20:00,2023,10,4,12,20,81,81099,D18,43.927255,1.915044,Plein jour,Hors agglomération,Intersection en X,Normale,Deux véhicules - côté,3,2,2,0,1,1,1,5,1,80,2,2,1,0,1,0,41.0,33.0,voiture,voiture,1,1,2,1,3
202300040646,2023-10-04 12:20:00,2023,10,4,12,20,81,81099,D18,43.927255,1.915044,Plein jour,Hors agglomération,Intersection en X,Normale,Deux véhicules - côté,3,2, -1,-1,1,1,1,5,1,80,2,2,1,0,1,0,41.0,33.0,voiture,voiture,1,1,2,1,3
202300040647,2023-12-07 08:20:00,2023,12,7,8,20,49,49007,BICHON PLACE,47.4782,-0.56514,Crépuscule ou aube,En agglomération,Place,Pluie forte,Deux véhicules - côté,4,1,2,3,1,1,2,0,1,50,2,2,1,0,0,1,35.0,17.0,utilitaire_camion,deux_roues,2,2,7,3,3
202300040648,2023-10-05 08:45:00,2023,10,5,8,45,46,46175,Lieu Dit Causse de Saint Denis,44.61605329,2.00107813,Plein jour,Hors agglomération,Hors intersection,Temps éblouissant,Deux véhicules - arrière,3,2,2,0,2,1,1,0,1,80,2,2,1,0,0,1,40.0,46.0,voiture,deux_roues,1,1,1,7,2
202300040649,2023-12-07 08:30:00,2023,12,7,8,30,49,49007,VISITATION PLACE,47.46676,-0.55673,Crépuscule ou aube,En agglomération,Place,Pluie légère,Deux véhicules - côté,4,1,1,2,1,1,2,0,1,30,2,2,1,0,0,1,30.0,62.0,deux_roues,voiture,2,2,7,2,3
202300040650,2023-10-04 16:20:00,2023,10,4,16,20,31,31004,D813,43.450987,1.590657,Plein jour,Hors agglomération,Giratoire,Normale,Deux véhicules - arrière,3,1,2,0,1,2,1,5,1,80,2,2,1,0,1,0,69.0,57.0,voiture,deux_roues,1,1,6,1,2
202300040651,2023-12-06 18:24:00,2023,12,6,18,24,49,49267,HAUT BOIS,47.46529,-0.46917,Plein jour,Hors agglomération,Hors intersection,Pluie légère,Sans collision,4,2,2,0,1,1,2,0,1,50,1,1,0,0,0,1,32.0,,deux_roues,,1,1,1,2,7