accident_id,datetime,annee,mois,jour,heure,minute,departement,commune_insee,adresse,latitude,longitude,luminosite,agglomeration,intersection,meteo,collision,catr,circ,nbv,vosp,prof,plan,surf,infra,situ,vma,nb_vehicules,nb_usagers,nb_indemnes,nb_tues,nb_blesses_hosp,nb_blesses_legers,age_cond_1,age_cond_2,veh_type_cond_1,veh_type_cond_2,lum_code,agg_code,int_code,atm_code,col_code
202300040652,2023-10-04 19:30:00,2023,10,4,19,30,33,33449,181 avenue Clémenceau,44.88332823,-0.73766381,Plein jour,En agglomération,Hors intersection,Normale,Autre collision,4,2,2,0,1,1,1,8,1,50,1,2,1,0,1,0,37.0,,voiture,,1,2,1,1,6
202300040653,2023-12-08 13:15:00,2023,12,8,13,15,42,42186,Rue Edouard Vaillant,45.52277623,4.60217178,Plein jour,En agglomération,Autre intersection,Pluie légère,Trois véhicules et plus - collisions multiples,7,1,1,0,4,3,9,0,1,50,3,3,1,0,1,1,34.0,43.0,voiture,transport_commun,1,2,9,2,5
202300040653,2023-12-08 13:15:00,2023,12,8,13,15,42,42186,Rue Edouard Vaillant,45.52277623,4.60217178,Plein jour,En agglomération,Autre intersection,Pluie légère,Trois véhicules et plus - collisions multiples,7,2,2,0,1,1,9,0,1,50,3,3,1,0,1,1,34.0,43.0,voiture,transport_commun,1,2,9,2,5
202300040654,2023-10-04 20:50:00,2023,10,4,20,50,33,33056,Avenue de Labarde -Rd 209,44.93078862,-0.56221917,Nuit sans éclairage public,Hors agglomération,Hors intersection,Normale,Trois véhicules et plus - collisions multiples,3,2,2,0,1,1,1,0,1,70,3,4,1,1,2,0,18.0,22.0,deux_roues,deux_roues,3,1,1,1,5
202300040655,2023-12-08 05:15:00,2023,12,8,5,15,38,38516,VERDUN(AV. DE)EST PASSAGE RICOU,45.20044,5.75891,Nuit avec éclairage allumé,Hors agglomération,Intersection à plus de 4 branches,Pluie forte,Deux véhicules - côté,1,1,3,0,1,2,3,0,1,50,2,2,1,0,0,1,46.0,40.0,voiture,voiture,5,1,5,3,3
202300040655,2023-12-08 05:15:00,2023,12,8,5,15,38,38516,VERDUN(AV. DE)EST PASSAGE RICOU,45.20044,5.75891,Nuit avec éclairage allumé,Hors agglomération,Intersection à plus de 4 branches,Pluie forte,Deux véhicules - côté,1,1,3,0,1,1,3,0,1,70,2,2,1,0,0,1,46.0,40.0,voiture,voiture,5,1,5,3,3
202300040656,2023-10-05 09:15:00,2023,10,5,9,15,44,44052,15 Route de Montoir-de-Bretagne,47.329483,-2.088577,Nuit sans éclairage public,Hors agglomération,Hors intersection,Normale,Sans collision,3,2,2,0,1,3,1,0,1,70,2,2,1,0,1,0,30.0,57.0,voiture,deux_roues,3,1,1,1,7
202300040657,2023-12-08 10:45:00,2023,12,8,10,45,37,37261,DANIEL MAYER,47.41885,0.68278,Plein jour,En agglomération,Hors intersection,Pluie légère,Deux véhicules - côté,4,2,2,0,1,1,2,0,1,50,2,2,1,0,0,1,77.0,71.0,voiture,voiture,1,2,1,2,3
202300040658,2023-10-05 12:50:00,2023,10,5,12,50,60,60462,Rue de Paris,49.32343066,2.20164943,Plein jour,En agglomération,Hors intersection,Normale,Deux véhicules - arrière,3,2,0,0,2,1,1,0,1,50,2,2,0,0,0,2,23.0,26.0,voiture,voiture,1,2,1,1,2
202300040659,2023-12-08 14:50:00,2023,12,8,14,50,35,35051,CHALOTAIS (RUE DE LA),48.123361,-1.601617,Plein jour,En agglomération,Giratoire,Normale,Deux véhicules - arrière,4,1,1,0,1,1,1,0,1,50,2,3,2,0,0,1,82.0,52.0,voiture,voiture,1,2,6,1,2
202300040660,2023-12-08 08:50:00,2023,12,8,8,50,35,35238,GUEBRIANT (DE),48.103189,-1.703702,Plein jour,En agglomération,Hors intersection,Normale,Deux véhicules - côté,4,2,2,0,1,1,1,0,1,30,2,2,1,0,0,1,53.0,35.0,deux_roues,voiture,1,2,1,1,3
202300040661,2023-10-02 12:17:00,2023,10,2,12,17,54,54312,Autoroute A 31,48.940938,6.112655,Plein jour,Hors agglomération,Hors intersection,Normale,Trois véhicules et plus - en chaîne,1,3,2,0,1,1,1,0,1,110,5,5,2,0,0,3,50.0,43.0,voiture,voiture,1,1,1,1,4
202300040662,2023-12-08 19:40:00,2023,12,8,19,40,34,34129,PALAVAS D986 (ROUTE DE),43.57471,3.8972,Nuit sans éclairage public,En agglomération,Hors intersection,Normale,Deux véhicules - arrière,3,1,0,0,1,1,1,0,1,90,2,3,0,0,0,3,46.0,75.0,voiture,voiture,3,2,1,1,2
202300040663,2023-10-01 18:55:00,2023,10,1,18,55,33,33063,ROCADE A 630,44.88188766,-0.54725379,Plein jour,Hors agglomération,Hors intersection,Normale,Deux véhicules - arrière,1,2,6,0,2,1,1,2,1,70,2,2,1,0,0,1,21.0,33.0,voiture,voiture,1,1,1,1,2
202300040664,2023-12-08 14:05:00,2023,12,8,14,5,34,34172,BLAYAC (RUE DU PROFESSEUR),43.6259,3.82402,Plein jour,En agglomération,Hors intersection,Normale,Trois véhicules et plus - en chaîne,4,1,2,0,1,1,1,0,1,50,3,3,2,0,0,1,43.0,49.0,utilitaire_camion,voiture,1,2,1,1,4
202300040665,2023-12-08 07:10:00,2023,12,8,7,10,34,34172,RABELAIS (BOULEVARD),43.60058,3.87938,Crépuscule ou aube,En agglomération,Hors intersection,Pluie légère,Deux véhicules - côté,4,2,2,0,1,1,3,0,1,30,2,2,1,0,0,1,47.0,55.0,deux_roues,utilitaire_camion,2,2,1,2,3
202300040666,2023-10-04 16:05:00,2023,10,4,16,5,77,77251,A5A PROVINCE / RN 105,48.62453483,2.54124693,Plein jour,Hors agglomération,Hors intersection,Normale,Deux véhicules - arrière,1,2,2,0,1,1,1,0,2,90,2,4,1,0,0,3,24.0,44.0,voiture,voiture,1,1,1,1,2
202300040667,2023-10-04 08:50:00,2023,10,4,8,50,91,91363,RN 104,48.65747,2.1825,Plein jour,Hors agglomération,Hors intersection,Normale,Sans collision,2,1,2,0,1,1,1,0,1,90,1,1,0,0,0,1,53.0,,deux_roues,,1,1,1,1,7
202300040668,2023-12-08 14:45:00,2023,12,8,14,45,33,33281,Avenue Pierre Mendès-France,44.83912,-0.64019,Plein jour,En agglomération,Hors intersection,Pluie légère,Trois véhicules et plus - en chaîne,4,2,2,1,1,1,2,-1,1,50,4,6,3,0,0,3,50.0,22.0,voiture,voiture,1,2,1,2,4
202300040669,2023-10-04 07:50:00,2023,10,4,7,50,94,94076,A6A,48.79253545,2.34469358,Plein jour,Hors agglomération,Hors intersection,Normale,Deux véhicules - côté,1,1,3,0,1,2,1,0,2,90,2,2,1,0,0,1,62.0,44.0,utilitaire_camion,deux_roues,1,1,1,1,3
202300040670,2023-01-14 09:10:00,2023,1,14,9,10,28,28403,autoroute A11 Pk063+800 ver les chartres,48.385357,1.491265,Plein jour,Hors agglomération,Hors intersection,Pluie légère,Deux véhicules - frontale,1,2,3,0,1,1,2,0,1,130,2,4,3,0,1,0,20.0,50.0,voiture,utilitaire_camion,1,1,1,2,1
202300040671,2023-10-04 00:26:00,2023,10,4,0,26,91,91689,AUTOROUTE A6B,48.74637,2.32446,Nuit avec éclairage non allumé,Hors agglomération,Hors intersection,Normale,Sans collision,1,-1,3,0,1,1,1,0,1,90,1,1,0,0,0,1,59.0,,deux_roues,,4,1,1,1,7
202300040672,2023-12-08 01:00:00,2023,12,8,1,0,33,33039,Boulevard Jean-Jacques Bosc,44.82087,-0.54113,Nuit avec éclairage allumé,En agglomération,Intersection à plus de 4 branches,Pluie légère,Deux véhicules - côté,4,4,2,0,1,1,2,5,1,50,2,2,1,0,0,1,25.0,31.0,voiture,voiture,5,2,5,2,3
202300040672,2023-12-08 01:00:00,2023,12,8,1,0,33,33039,Boulevard Jean-Jacques Bosc,44.82087,-0.54113,Nuit avec éclairage allumé,En agglomération,Intersection à plus de 4 branches,Pluie légère,Deux véhicules - côté,4,4,1,0,3,1,2,5,1,50,2,2,1,0,0,1,25.0,31.0,voiture,voiture,5,2,5,2,3
202300040673,2023-01-13 17:35:00,2023,1,13,17,35,68,68295,D201,47.995579,7.380991,Nuit sans éclairage public,Hors agglomération,Intersection en X,Pluie forte,Deux véhicules - côté,1,2,2,0,1,1,2,5,1,80,2,2,1,0,0,1,33.0,35.0,voiture,voiture,3,1,2,3,3
202300040673,2023-01-13 17:35:00,2023,1,13,17,35,68,68295,D201,47.995579,7.380991,Nuit sans éclairage public,Hors agglomération,Intersection en X,Pluie forte,Deux véhicules - côté,1,1,1,0,1,1,2,3,8,50,2,2,1,0,0,1,33.0,35.0,voiture,voiture,3,1,2,3,3
202300040674,2023-10-04 17:30:00,2023,10,4,17,30,93,93066,AUTOROUTE A1,48.90752236,2.35821845,Plein jour,Hors agglomération,Hors intersection,Normale,Trois véhicules et plus - collisions multiples,1,1,8,0,1,1,1,1,1,90,4,5,4,0,0,1,24.0,46.0,voiture,voiture,1,1,1,1,5
202300040675,2023-01-14 12:20:00,2023,1,14,12,20,21,21244,Aire des Lochères (Embranchement d'autoroute),47.308962,4.501712,Plein jour,Hors agglomération,Autre intersection,Normale,Autre collision,1,3,4,0,1,4,1,0,1,130,1,2,1,0,0,1,87.0,,voiture,,1,1,9,1,6
202300040676,2023-12-08 20:15:00,2023,12,8,20,15,31,31555,VA007418 PONT JUMEAUX A620 Sortie 30,43.6094073,1.41253978,Nuit avec éclairage non allumé,Hors agglomération,Hors intersection,Pluie légère,Trois véhicules et plus - en chaîne,1,1,3,0,1,1,2,3,1,70,4,6,3,0,0,3,35.0,28.0,voiture,voiture,4,1,1,2,4
202300040677,2023-10-04 08:30:00,2023,10,4,8,30,95,95365,N104,49.05777551,2.42087603,Plein jour,Hors agglomération,Hors intersection,Normale,Autre collision,2,3,2,0,1,1,1,0,1,110,1,1,0,0,0,1,25.0,,voiture,,1,1,1,1,6
202300040678,2023-01-13 21:55:00,2023,1,13,21,55,974,97414,Avenue du Docteur Raymond Verges,-21.282991,55.399895,Nuit avec éclairage non allumé,En agglomération,Autre intersection,Normale,Deux véhicules - côté,2,2,2,0,2,1,1,0,1,50,2,2,1,0,1,0,53.0,26.0,utilitaire_camion,deux_roues,4,2,9,1,3
202300040679,2023-10-04 12:55:00,2023,10,4,12,55,95,95678,N184,49.07243211,2.22575068,Plein jour,Hors agglomération,Hors intersection,Normale,Deux véhicules - arrière,2,1,2,0,4,1,1,3,1,50,2,2,0,0,0,2,58.0,39.0,voiture,voiture,1,1,1,1,2
202300040680,2023-12-08 04:05:00,2023,12,8,4,5,31,31555,VA007604 DEMOISELLES A620 Sortie 21,43.57222835,1.47412866,Nuit sans éclairage public,En agglomération,Hors intersection,Pluie forte,Deux véhicules - arrière,1,1,3,0,1,1,2,3,1,90,2,5,2,0,0,3,43.0,22.0,voiture,voiture,3,2,1,3,2
202300040681,2023-10-03 21:50:00,2023,10,3,21,50,94,94018,A4,48.81968608,2.40404784,Nuit sans éclairage public,Hors agglomération,Hors intersection,Normale,Deux véhicules - côté,1,1,5,0,1,1,1,0,1,90,2,2,1,0,0,1,29.0,29.0,voiture,deux_roues,3,1,1,1,3
202300040682,2023-12-07 14:30:00,2023,12,7,14,30,31,31555,RTE D AGDE,43.62293,1.47297,Plein jour,En agglomération,Hors intersection,Temps couvert,Deux véhicules - côté,7,2,0,0,1,1,1,0,1,50,2,3,2,0,0,1,65.0,36.0,voiture,voiture,1,2,1,8,3
202300040683,2023-01-04 08:15:00,2023,1,4,8,15,35,35024,la Victoire,48.161187,-1.648014,Nuit sans éclairage public,Hors agglomération,Intersection en T,Pluie légère,Deux véhicules - côté,3,1,1,-1,2,1,2,0,1,30,2,2,1,0,1,0,41.0,59.0,deux_roues,voiture,3,1,3,2,3
202300040683,2023-01-04 08:15:00,2023,1,4,8,15,35,35024,la Victoire,48.161187,-1.648014,Nuit sans éclairage public,Hors agglomération,Intersection en T,Pluie légère,Deux véhicules - côté,3,2,2,0,1,1,2,0,1,70,2,2,1,0,1,0,41.0,59.0,deux_roues,voiture,3,1,3,2,3
202300040684,2023-12-08 16:20:00,2023,12,8,16,20,28,28404,ARCHE DE LA BORNE (RUE DE L'),48.729053,1.338491,Crépuscule ou aube,En agglomération,Hors intersection,Temps éblouissant,Autre collision,4,-1,1,0,1,1,1,9,1,50,1,2,1,0,0,1,27.0,,voiture,,2,2,1,7,6
202300040685,2023-04-22 05:00:00,2023,4,22,5,0,55,55361,RD 603,49.16492829,5.43586001,Nuit sans éclairage public,Hors agglomération,Hors intersection,Normale,Deux véhicules - frontale,3,2,3,0,2,1,1,0,1,90,2,2,0,1,1,0,26.0,32.0,voiture,voiture,3,1,1,1,1
202300040686,2023-01-13 21:05:00,2023,1,13,21,5,51,51109,Rue de Reims,49.28851098,3.91821653,Nuit sans éclairage public,En agglomération,Hors intersection,Normale,Sans collision,3,2,2,0,2,3,2,0,1,50,1,2,1,0,1,0,37.0,,voiture,,3,2,1,1,7
202300040687,2023-12-08 10:25:00,2023,12,8,10,25,27,27554,PERRIERS (RUE DES),49.1086,1.38487,Plein jour,Hors agglomération,Hors intersection,Pluie légère,Autre collision,4,2,2,0,2,2,2,0,8,50,1,1,0,0,0,1,44.0,,utilitaire_camion,,1,1,1,2,6
202300040688,2023-06-22 05:40:00,2023,6,22,5,40,80,80029,Rue de Tilloy,50.128818,1.603854,Crépuscule ou aube,En agglomération,Intersection en X,Normale,Sans collision,4,2, -1,-1,1,1,1,0,1,-1,1,1,0,0,1,0,49.0,,deux_roues,,2,2,2,1,7
202300040688,2023-06-22 05:40:00,2023,6,22,5,40,80,80029,Rue de Tilloy,50.128818,1.603854,Crépuscule ou aube,En agglomération,Intersection en X,Normale,Sans collision,4,2,2,0,1,1,1,0,1,50,1,1,0,0,1,0,49.0,,deux_roues,,2,2,2,1,7
202300040689,2023-01-14 11:22:00,2023,1,14,11,22,59,59525,45 Route d?Avesnes,50.089657,3.997961,Plein jour,En agglomération,Hors intersection,Pluie légère,Deux véhicules - frontale,3,2,2,2,2,1,2,0,1,50,2,2,1,1,0,0,31.0,84.0,voiture,voiture,1,2,1,2,1
202300040690,2023-12-08 13:58:00,2023,12,8,13,58,27,27439,RN 154,49.06025,1.17464,Plein jour,Hors agglomération,Hors intersection,Normale,Deux véhicules - frontale,2,-1,2,0,1,1,2,0,1,110,2,2,1,0,0,1,40.0,45.0,voiture,utilitaire_camion,1,1,1,1,1
202300040691,2023-06-13 19:30:00,2023,6,13,19,30,80,80360,D229,50.07258,1.559479,Plein jour,Hors agglomération,Hors intersection,Normale,Autre collision,3,2,1,0,1,1,1,0,3,80,1,2,0,0,2,0,24.0,,voiture,,1,1,1,1,6
202300040692,2023-12-01 18:50:00,2023,12,1,18,50,26,26252,Rue Jean Jaurès,44.87354583,4.87893371,Nuit avec éclairage allumé,En agglomération,Hors intersection,Pluie légère,Autre collision,4,2,2,0,1,1,2,0,1,50,1,2,1,0,1,0,46.0,,voiture,,5,2,1,2,6
202300040693,2023-01-14 16:35:00,2023,1,14,16,35,59,59580,Route de Cassel,50.80684,2.546328,Plein jour,Hors agglomération,Hors intersection,Normale,Deux véhicules - frontale,3,2,2,0,2,1,2,0,1,80,2,3,0,0,1,2,60.0,35.0,voiture,voiture,1,1,1,1,1
202300040694,2023-12-08 06:30:00,2023,12,8,6,30,22,22278,MERIMEE (PROSPER),48.49421,-2.75386,Nuit sans éclairage public,En agglomération,Hors intersection,Temps couvert,Deux véhicules - arrière,4,1,1,0,1,1,1,0,1,50,2,2,1,0,1,0,31.0,39.0,voiture,deux_roues,3,2,1,8,2
202300040695,2023-01-14 08:10:00,2023,1,14,8,10,74,74065,D992,46.03505,5.970211,Plein jour,Hors agglomération,Intersection en T,Normale,Deux véhicules - frontale,3,2,2,0,1,3,2,0,1,-1,2,2,1,0,0,1,30.0,31.0,voiture,voiture,1,1,3,1,1
202300040695,2023-01-14 08:10:00,2023,1,14,8,10,74,74065,D992,46.03505,5.970211,Plein jour,Hors agglomération,Intersection en T,Normale,Deux véhicules - frontale,3,2, -1,-1,1,1,2,0,1,-1,2,2,1,0,0,1,30.0,31.0,voiture,voiture,1,1,3,1,1
202300040696,2023-06-27 19:30:00,2023,6,27,19,30,29,29058,Route de Beg-meil,47.86978036,-3.99426779,Plein jour,Hors agglomération,Intersection en X,Normale,Deux véhicules - côté,3,2,2,0,2,1,1,0,1,70,2,2,1,0,1,0,22.0,49.0,deux_roues,voiture,1,1,2,1,3
202300040696,2023-06-27 19:30:00,2023,6,27,19,30,29,29058,Route de Beg-meil,47.86978036,-3.99426779,Plein jour,Hors agglomération,Intersection en X,Normale,Deux véhicules - côté,3,2,2,0,1,1,1,0,1,50,2,2,1,0,1,0,22.0,49.0,deux_roues,voiture,1,1,2,1,3
202300040697,2023-12-07 19:28:00,2023,12,7,19,28,21,21054,GAULLE (AVENUE DU GENERAL DE),47.01614,4.8375,Nuit avec éclairage allumé,En agglomération,Hors intersection,Normale,Autre collision,4,-1,0,0,1,1,2,9,8,50,1,1,0,0,0,1,51.0,,deux_roues,,5,2,1,1,6
202300040698,2023-10-03 07:20:00,2023,10,3,7,20,973,97302,FLAMBOYANTS (RUE DES),4.9248274,-52.31741622,Plein jour,En agglomération,Hors intersection,Normale,Deux véhicules - arrière,4,1,1,0,1,1,1,0,1,50,2,2,1,0,0,1,39.0,37.0,utilitaire_camion,deux_roues,1,2,1,1,2
202300040699,2023-01-13 19:30:00,2023,1,13,19,30,74,74275,D909a,45.845244,6.21249,Nuit sans éclairage public,En agglomération,Hors intersection,Pluie légère,Autre collision,3,2,2,0,2,2,2,0,1,-1,1,1,0,0,0,1,41.0,,voiture,,3,2,1,2,6
202300040700,2023-10-03 18:15:00,2023,10,3,18,15,91,91421,CHARLES DE GAULLE (AVENUE),48.697297,2.459608,Plein jour,En agglomération,Hors intersection,Normale,Autre collision,3,-1,2,0,1,1,1,0,1,50,1,2,1,0,0,1,84.0,,voiture,,1,2,1,1,6
202300040701,2023-10-02 17:30:00,2023,10,2,17,30,91,91657,RUE VICTOR HUGO,48.70468,2.43152,Plein jour,En agglomération,Intersection en X,Normale,Deux véhicules - côté,4,1,1,0,1,1,1,0,1,50,2,2,1,0,0,1,16.0,43.0,deux_roues,voiture,1,2,2,1,3
202300040701,2023-10-02 17:30:00,2023,10,2,17,30,91,91657,RUE VICTOR HUGO,48.70468,2.43152,Plein jour,En agglomération,Intersection en X,Normale,Deux véhicules - côté,4,-1,2,0,1,1,1,0,1,50,2,2,1,0,0,1,16.0,43.0,deux_roues,voiture,1,2,2,1,3
202300040702,2023-10-03 07:50:00,2023,10,3,7,50,88,88413,RUE THURIN,48.28744,6.95543,Plein jour,En agglomération,Hors intersection,Normale,Autre collision,4,2,2,0,1,1,1,0,1,50,1,2,1,0,1,0,,,deux_roues,,1,2,1,1,6
202300040703,2023-01-10 17:15:00,2023,1,10,17,15,67,67310,D205,48.213241,7.519149,Nuit sans éclairage public,Hors agglomération,Intersection en T,Normale,Trois véhicules et plus - collisions multiples,3,2,2,0,1,1,1,0,1,80,3,5,1,0,2,2,38.0,73.0,voiture,voiture,3,1,3,1,5
202300040703,2023-01-10 17:15:00,2023,1,10,17,15,67,67310,D205,48.213241,7.519149,Nuit sans éclairage public,Hors agglomération,Intersection en T,Normale,Trois véhicules et plus - collisions multiples,3,2,2,0,1,1,1,0,1,-1,3,5,1,0,2,2,38.0,73.0,voiture,voiture,3,1,3,1,5
202300040704,2023-10-01 09:55:00,2023,10,1,9,55,87,87085,LATTRE-DE-TASSIGNY (AVENUE DU MARECHAL),45.82704,1.28357,Plein jour,Hors agglomération,Intersection en X,Normale,Deux véhicules - côté,3,2,4,0,2,1,1,3,1,50,2,3,2,0,0,1,71.0,47.0,voiture,voiture,1,1,2,1,3
202300040704,2023-10-01 09:55:00,2023,10,1,9,55,87,87085,LATTRE-DE-TASSIGNY (AVENUE DU MARECHAL),45.82704,1.28357,Plein jour,Hors agglomération,Intersection en X,Normale,Deux véhicules - côté,3,1,4,0,1,1,1,0,1,50,2,3,2,0,0,1,71.0,47.0,voiture,voiture,1,1,2,1,3
202300040705,2023-09-29 18:03:00,2023,9,29,18,3,87,87085,HUGO (BOULEVARD VICTOR),45.83283,1.25564,Plein jour,En agglomération,Hors intersection,Normale,Deux véhicules - arrière,4,2,2,0,1,1,1,0,1,30,2,2,1,0,0,1,22.0,45.0,deux_roues,voiture,1,2,1,1,2
202300040706,2023-10-02 19:00:00,2023,10,2,19,0,87,87085,FOUCAUD (AVENUE),45.82797,1.25155,Plein jour,En agglomération,Intersection en T,Normale,Deux véhicules - côté,4,2,2,0,1,1,1,0,1,30,2,2,1,0,0,1,51.0,27.0,deux_roues,voiture,1,2,3,1,3
202300040706,2023-10-02 19:00:00,2023,10,2,19,0,87,87085,FOUCAUD (AVENUE),45.82797,1.25155,Plein jour,En agglomération,Intersection en T,Normale,Deux véhicules - côté,4,1,1,1,1,1,1,0,1,30,2,2,1,0,0,1,51.0,27.0,deux_roues,voiture,1,2,3,1,3
202300040707,2023-01-13 19:00:00,2023,1,13,19,0,80,80011,6bis Rue Pierre Brossolette,49.928734,2.196804,Nuit avec éclairage allumé,En agglomération,Hors intersection,Normale,Autre collision,3,2,2,0,1,1,1,0,1,50,1,2,1,0,1,0,78.0,,voiture,,5,2,1,1,6
202300040708,2023-10-02 08:25:00,2023,10,2,8,25,85,85194,RD949,46.51321,-1.77619,Plein jour,En agglomération,Giratoire,Normale,Autre collision,3,3,4,0,1,1,1,5,1,50,1,2,1,1,0,0,57.0,,voiture,,1,2,6,1,6
202300040709,2023-01-14 06:30:00,2023,1,14,6,30,32,32290,CD29 - PK 6.100,43.910292,0.167456,Nuit sans éclairage public,Hors agglomération,Hors intersection,Normale,Autre collision,3,2,2,0,1,1,1,0,3,80,1,1,0,1,0,0,31.0,,voiture,,3,1,1,1,6
202300040710,2023-10-02 12:15:00,2023,10,2,12,15,82,82121,CALVET (RUE),44.01359,1.36282,Plein jour,En agglomération,Hors intersection,Normale,Autre collision,4,1,1,0,1,1,1,0,1,50,1,2,0,0,0,2,15.0,,deux_roues,,1,2,1,1,6
202300040711,2023-10-03 18:55:00,2023,10,3,18,55,81,81004,TEYSSIER (AV DU COLONEL),43.92111,2.16887,Plein jour,En agglomération,Giratoire,Normale,Deux véhicules - côté,3,1,2,0,1,2,1,9,1,50,2,2,1,0,0,1,44.0,59.0,voiture,deux_roues,1,2,6,1,3
202300040712,2023-01-12 16:10:00,2023,1,12,16,10,46,46127,BOULEVARD LES HERMISSELS,44.731568,1.374686,Plein jour,En agglomération,Hors intersection,Normale,Autre collision,3,2,2,0,1,1,1,0,1,30,1,2,1,0,0,1,,,voiture,,1,2,1,1,6
202300040713,2023-10-02 12:58:00,2023,10,2,12,58,81,81004,MAQUIS (PL DU),43.92666,2.15358,Plein jour,En agglomération,Hors intersection,Temps éblouissant,Deux véhicules - arrière,4,1,1,0,1,2,1,0,1,50,2,2,1,0,1,0,56.0,59.0,voiture,deux_roues,1,2,1,7,2
202300040714,2023-10-03 14:00:00,2023,10,3,14,0,78,78586,TOBROUK,48.92732,2.16063,Plein jour,En agglomération,Hors intersection,Normale,Autre collision,4,-1,2,0,1,1,1,6,1,30,2,2,1,0,0,1,11.0,56.0,deux_roues,voiture,1,2,1,1,6
202300040715,2023-01-13 15:40:00,2023,1,13,15,40,46,46009,RD 653 - Pr 48+400,44.664151,1.862698,Plein jour,Hors agglomération,Hors intersection,Normale,Autre collision,3,2,2,0,1,2,2,0,3,80,1,1,0,0,0,1,82.0,,voiture,,1,1,1,1,6
202300040716,2023-01-01 08:30:00,2023,1,1,8,30,22,22166,Kerizout,48.795274,-3.291854,Crépuscule ou aube,Hors agglomération,Hors intersection,Pluie légère,Autre collision,3,2,2,0,1,1,2,0,1,80,1,1,0,0,1,0,26.0,,voiture,,2,1,1,2,6
202300040717,2023-10-03 19:48:00,2023,10,3,19,48,77,77495,N 105,48.56463,2.64397,Plein jour,En agglomération,Hors intersection,Normale,Autre collision,2,2,0,0,2,1,1,0,1,90,3,3,2,0,0,1,21.0,22.0,voiture,voiture,1,2,1,1,6
202300040718,2023-10-02 08:30:00,2023,10,2,8,30,77,77269,D 605,48.53564,2.70916,Plein jour,Hors agglomération,Hors intersection,Normale,Trois véhicules et plus - en chaîne,3,2,2,0,1,1,1,0,1,80,3,3,2,0,0,1,36.0,48.0,utilitaire_camion,voiture,1,1,1,1,4
202300040719,2023-01-14 05:45:00,2023,1,14,5,45,39,39209,,46.367772,5.385492,Nuit sans éclairage public,Hors agglomération,Hors intersection,Normale,Autre collision,3,2,2,0,1,3,2,0,3,70,1,1,0,0,1,0,24.0,,voiture,,3,1,1,1,6
202300040720,2023-10-03 10:25:00,2023,10,3,10,25,77,77243,SAINT DENIS  (RUE   ),48.877888,2.716535,Plein jour,En agglomération,Autre intersection,Pluie légère,Deux véhicules - côté,4,2,2,0,2,1,2,5,1,50,2,2,1,0,0,1,30.0,73.0,voiture,deux_roues,1,2,9,2,3
202300040721,2023-09-28 18:00:00,2023,9,28,18,0,76,76351,FOURRIER,49.51374,0.17479,Plein jour,En agglomération,Hors intersection,Normale,Autre collision,4,2,2,0,1,1,1,0,1,50,1,2,1,0,0,1,68.0,,voiture,,1,2,1,1,6
202300040722,2023-01-14 13:10:00,2023,1,14,13,10,70,70116,D16,47.611747,6.735628,Plein jour,En agglomération,Intersection en T,Temps couvert,Deux véhicules - côté,3,2,2,0,4,2,1,0,1,50,2,2,1,0,1,0,61.0,33.0,deux_roues,utilitaire_camion,1,2,3,8,3
202300040722,2023-01-14 13:10:00,2023,1,14,13,10,70,70116,D16,47.611747,6.735628,Plein jour,En agglomération,Intersection en T,Temps couvert,Deux véhicules - côté,3,2,2,0,4,1,1,0,1,50,2,2,1,0,1,0,61.0,33.0,deux_roues,utilitaire_camion,1,2,3,8,3
202300040723,2023-10-02 13:36:00,2023,10,2,13,36,72,72181,GUILLEMARE (RUE),47.993,0.205,Plein jour,En agglomération,Autre intersection,Normale,Deux véhicules - côté,4,3,1,1,1,1,1,0,1,50,2,2,1,0,0,1,45.0,29.0,deux_roues,voiture,1,2,9,1,3
202300040724,2023-10-03 10:15:00,2023,10,3,10,15,71,71118,GENERAL DE GAULLE (AVENUE),46.79571,4.81312,Plein jour,En agglomération,Hors intersection,Normale,Autre collision,3,2,2,0,1,1,1,0,1,50,1,2,1,0,0,1,74.0,,voiture,,1,2,1,1,6
202300040725,2023-01-13 16:20:00,2023,1,13,16,20,06,06023,Avenue de l'Authion,43.946626,7.518074,Plein jour,En agglomération,Intersection en T,Normale,Autre collision,3,2,2,0,2,1,1,0,1,50,1,1,0,0,1,0,36.0,,deux_roues,,1,2,3,1,6
202300040725,2023-01-13 16:20:00,2023,1,13,16,20,06,06023,Avenue de l'Authion,43.946626,7.518074,Plein jour,En agglomération,Intersection en T,Normale,Autre collision,3,2,2,-1,4,1,1,0,1,-1,1,1,0,0,1,0,36.0,,deux_roues,,1,2,3,1,6
202300040726,2023-10-03 07:15:00,2023,10,3,7,15,69,69266,130 Boulevard du 11 Novembre 1918,45.77937,4.87503,Crépuscule ou aube,En agglomération,Giratoire,Temps couvert,Deux véhicules - côté,4,1,1,2,1,2,1,5,1,50,2,2,1,0,0,1,26.0,43.0,voiture,deux_roues,2,2,6,8,3
202300040726,2023-10-03 07:15:00,2023,10,3,7,15,69,69266,130 Boulevard du 11 Novembre 1918,45.77937,4.87503,Crépuscule ou aube,En agglomération,Giratoire,Temps couvert,Deux véhicules - côté,4,2,2,2,1,1,1,0,1,30,2,2,1,0,0,1,26.0,43.0,voiture,deux_roues,2,2,6,8,3