accident_id,datetime,annee,mois,jour,heure,minute,departement,commune_insee,adresse,latitude,longitude,luminosite,agglomeration,intersection,meteo,collision,catr,circ,nbv,vosp,prof,plan,surf,infra,situ,vma,nb_vehicules,nb_usagers,nb_indemnes,nb_tues,nb_blesses_hosp,nb_blesses_legers,age_cond_1,age_cond_2,veh_type_cond_1,veh_type_cond_2,lum_code,agg_code,int_code,atm_code,col_code
202300040727,2023-10-02 09:45:00,2023,10,2,9,45,69,69091,Rue Jean Ligonnet,45.59298,4.77017,Plein jour,En agglomération,Hors intersection,Normale,Autre collision,7,2,2,2,1,1,1,0,1,50,1,2,1,0,0,1,42.0,,voiture,,1,2,1,1,6
202300040728,2023-09-25 17:05:00,2023,9,25,17,5,68,68066,NORD (RUE DU),48.08061,7.35998,Plein jour,En agglomération,Hors intersection,Normale,Autre collision,4,2,3,3,1,1,1,0,4,50,1,2,1,0,0,1,18.0,,deux_roues,,1,2,1,1,6
202300040729,2023-01-14 08:55:00,2023,1,14,8,55,06,06079,310 Avenue Janvier Passero,43.549282,6.938569,Plein jour,En agglomération,Hors intersection,Normale,Autre collision,4,2,2,0,1,1,1,0,1,50,1,2,1,0,1,0,17.0,,voiture,,1,2,1,1,6
202300040730,2023-10-03 07:30:00,2023,10,3,7,30,67,67218,VIGNES (RUE DES),48.51991,7.73259,Plein jour,En agglomération,Hors intersection,Normale,Deux véhicules - frontale,4,2,2,1,4,1,1,0,5,50,2,2,1,0,0,1,50.0,47.0,deux_roues,deux_roues,1,2,1,1,1
202300040731,2023-01-12 18:00:00,2023,1,12,18,0,14,14119,D613,49.146368,-0.254964,Nuit avec éclairage allumé,En agglomération,Hors intersection,Pluie légère,Autre collision,3,2,2,0,1,1,2,0,1,50,1,2,1,0,1,0,49.0,,voiture,,5,2,1,2,6
202300040732,2023-10-02 14:15:00,2023,10,2,14,15,67,67482,MARNE (BOULEVARD DE LA),48.58344,7.7726,Plein jour,En agglomération,Hors intersection,Normale,Autre collision,4,4,0,0,1,1,1,9,6,50,1,2,1,0,0,1,67.0,,voiture,,1,2,1,1,6
202300040733,2023-10-03 11:20:00,2023,10,3,11,20,64,64348,ERCKMAN CHATRIAN,43.3247,-0.38072,Plein jour,En agglomération,Hors intersection,Temps couvert,Deux véhicules - côté,4,2,2,0,1,1,1,0,1,50,2,2,1,0,0,1,85.0,28.0,voiture,deux_roues,1,2,1,8,3
202300040734,2023-01-14 04:30:00,2023,1,14,4,30,50,50101,D901,49.647313,-1.438174,Nuit sans éclairage public,Hors agglomération,Hors intersection,Pluie légère,Autre collision,3,2,2,0,1,1,2,0,3,80,1,1,0,0,1,0,20.0,,utilitaire_camion,,3,1,1,2,6
202300040735,2023-10-02 11:30:00,2023,10,2,11,30,64,64445,2 FRERES COUSTE DES,43.29732,-0.33478,Plein jour,En agglomération,Hors intersection,Normale,Autre collision,4,-1,2,0,2,1,1,0,8,30,1,1,0,0,0,1,70.0,,voiture,,1,2,1,1,6
202300040736,2023-09-29 15:15:00,2023,9,29,15,15,64,64122,PORT DES PECHEURS,43.48322,-1.5656,Plein jour,En agglomération,Hors intersection,Normale,Autre collision,4,-1,0,0,1,1,1,0,1,30,1,2,1,0,0,1,78.0,,voiture,,1,2,1,1,6
202300040737,2023-01-14 09:00:00,2023,1,14,9,0,43,43205,Le bois d'Etat,45.359127,4.309645,Plein jour,Hors agglomération,Hors intersection,Temps couvert,Sans collision,3,2,3,0,2,2,1,0,8,80,1,1,0,0,1,0,42.0,,voiture,,1,1,1,8,7
202300040738,2023-10-03 11:25:00,2023,10,3,11,25,61,61006,D926,48.74865,-0.027,Plein jour,En agglomération,Hors intersection,Normale,Autre collision,3,3,2,0,1,3,1,0,1,50,1,2,1,0,1,0,57.0,,utilitaire_camion,,1,2,1,1,6
202300040739,2023-10-02 11:50:00,2023,10,2,11,50,60,60159,Rue de Paris,49.40506,2.8111,Plein jour,En agglomération,Hors intersection,Normale,Autre collision,4,2,2,0,1,1,1,0,1,50,1,2,1,0,1,0,44.0,,voiture,,1,2,1,1,6
202300040740,2023-01-12 08:30:00,2023,1,12,8,30,40,40209,avenue de la plage,43.562533,-1.456445,Crépuscule ou aube,En agglomération,Intersection en T,Normale,Deux véhicules - côté,4,-1, -1,-1,-1,-1,-1,-1,-1,-1,2,2,1,0,1,0,50.0,59.0,voiture,deux_roues,2,2,3,1,3
202300040740,2023-01-12 08:30:00,2023,1,12,8,30,40,40209,avenue de la plage,43.562533,-1.456445,Crépuscule ou aube,En agglomération,Intersection en T,Normale,Deux véhicules - côté,4,2,2,0,1,1,1,0,1,50,2,2,1,0,1,0,50.0,59.0,voiture,deux_roues,2,2,3,1,3
202300040741,2023-10-03 11:40:00,2023,10,3,11,40,60,60057,Boulevard Saint-jean,49.432,2.0782,Plein jour,En agglomération,Hors intersection,Temps couvert,Autre collision,4,2,2,0,1,1,2,0,1,50,1,2,1,0,0,1,88.0,,voiture,,1,2,1,8,6
202300040742,2023-01-11 15:00:00,2023,1,11,15,0,28,28084,Départementale 6,48.528013,1.568872,Plein jour,Hors agglomération,Intersection en X,Normale,Deux véhicules - côté,3,2,2,0,1,1,1,0,1,80,2,3,1,0,0,2,76.0,60.0,voiture,voiture,1,1,2,1,3
202300040742,2023-01-11 15:00:00,2023,1,11,15,0,28,28084,Départementale 6,48.528013,1.568872,Plein jour,Hors agglomération,Intersection en X,Normale,Deux véhicules - côté,3,2,2,0,1,1,1,0,1,80,2,3,1,0,0,2,76.0,60.0,voiture,voiture,1,1,2,1,3
202300040743,2023-10-03 12:00:00,2023,10,3,12,0,59,59090,GAULLE (AVENUE DU GENERAL DE),50.694,3.08958,Plein jour,En agglomération,Autre intersection,Normale,Autre collision,6,-1,0,0,1,1,1,9,8,-1,1,2,1,0,0,1,36.0,,voiture,,1,2,9,1,6
202300040744,2023-10-02 18:15:00,2023,10,2,18,15,59,59033,JEAN JAURES (RUE),50.19852822,3.84359147,Plein jour,En agglomération,Hors intersection,Normale,Autre collision,3,2,1,0,2,1,1,6,1,50,1,2,1,0,0,1,18.0,,voiture,,1,2,1,1,6
202300040745,2023-01-14 10:20:00,2023,1,14,10,20,17,17465,D739,45.964217,-0.553737,Plein jour,Hors agglomération,Hors intersection,Normale,Sans collision,3,2,2,0,2,2,2,0,8,80,1,4,0,1,0,3,21.0,,voiture,,1,1,1,1,7
202300040746,2023-10-03 19:15:00,2023,10,3,19,15,59,59350,NATIONALE RUE N°RESTE PAIRS,50.63458,3.05669,Crépuscule ou aube,En agglomération,Hors intersection,Normale,Deux véhicules - arrière,7,2,0,3,1,1,1,0,1,50,2,2,1,0,0,1,44.0,20.0,voiture,voiture,2,2,1,1,2
202300040747,2023-01-13 19:00:00,2023,1,13,19,0,87,87061,RN 145,46.18424778,1.19727373,Nuit avec éclairage non allumé,Hors agglomération,Hors intersection,Pluie légère,Trois véhicules et plus - collisions multiples,2,2,2,0,1,1,2,0,1,90,3,3,2,0,0,1,27.0,48.0,voiture,utilitaire_camion,4,1,1,2,5
202300040748,2023-10-03 15:50:00,2023,10,3,15,50,59,59350,Rue du Progrès,50.62853,3.11829,Plein jour,En agglomération,Hors intersection,Normale,Autre collision,4,2,1,0,1,1,1,9,1,30,1,2,1,0,0,1,,,voiture,,1,2,1,1,6
202300040749,2023-01-14 10:00:00,2023,1,14,10,0,37,37026,D59,46.98034,0.967376,Plein jour,Hors agglomération,Hors intersection,Temps couvert,Sans collision,3,2,2,0,1,1,2,0,3,80,1,3,0,1,2,0,25.0,,voiture,,1,1,1,8,7
202300040750,2023-10-03 11:50:00,2023,10,3,11,50,59,59009,COLBERT RUE,50.627,3.185,Plein jour,Hors agglomération,Autre intersection,Normale,Autre collision,4,2,2,0,1,1,1,0,1,50,1,1,0,0,1,0,49.0,,voiture,,1,1,9,1,6
202300040751,2023-10-03 09:10:00,2023,10,3,9,10,59,59636,VOIE D'ACCES ROCADDE N.O D652,50.67488,3.04391,Plein jour,Hors agglomération,Hors intersection,Pluie légère,Deux véhicules - côté,3,3,4,0,1,1,2,0,1,90,2,2,1,0,1,0,40.0,43.0,deux_roues,voiture,1,1,1,2,3
202300040752,2023-01-13 18:10:00,2023,1,13,18,10,77,77306,PK 004+000 SENS 2,48.587439,2.690461,Nuit sans éclairage public,Hors agglomération,Hors intersection,Normale,Deux véhicules - arrière,1,3,3,0,1,1,2,0,1,130,2,2,1,0,1,0,27.0,23.0,utilitaire_camion,utilitaire_camion,3,1,1,1,2
202300040753,2023-10-02 08:30:00,2023,10,2,8,30,59,59328,DUNKERQUE AVENUE DE,50.63558,3.02843,Plein jour,En agglomération,Intersection en X,Normale,Deux véhicules - arrière,4,-1,5,0,1,1,1,0,1,30,2,2,1,0,0,1,35.0,24.0,voiture,deux_roues,1,2,2,1,2
202300040753,2023-10-02 08:30:00,2023,10,2,8,30,59,59328,DUNKERQUE AVENUE DE,50.63558,3.02843,Plein jour,En agglomération,Intersection en X,Normale,Deux véhicules - arrière,4,-1,0,0,1,1,1,0,1,30,2,2,1,0,0,1,35.0,24.0,voiture,deux_roues,1,2,2,1,2
202300040754,2023-01-13 19:20:00,2023,1,13,19,20,971,97112,Murat,15.874954,-61.301702,Nuit avec éclairage allumé,En agglomération,Hors intersection,Pluie légère,Deux véhicules - frontale,3,2,2,0,1,1,2,0,1,50,2,3,2,0,1,0,26.0,17.0,voiture,deux_roues,5,2,1,2,1
202300040755,2023-10-03 18:10:00,2023,10,3,18,10,59,59122,GAUTHIER (RUE),50.16301153,3.25332461,Plein jour,Hors agglomération,Hors intersection,Normale,Deux véhicules - côté,4,2,2,0,1,1,1,0,1,50,2,2,1,0,1,0,10.0,47.0,deux_roues,voiture,1,1,1,1,3
202300040756,2023-10-02 09:00:00,2023,10,2,9,0,57,57631,FRANCE (RUE DE),49.1129,7.05027,Plein jour,En agglomération,Hors intersection,Normale,Autre collision,3,2,2,0,1,1,1,6,8,50,1,2,1,0,1,0,61.0,,voiture,,1,2,1,1,6
202300040757,2023-10-03 13:20:00,2023,10,3,13,20,56,56098,SEMBAT (RUE MARCEL),47.7573,-3.346245,Plein jour,En agglomération,Giratoire,Normale,Autre collision,4,2,2,0,2,3,1,5,1,50,1,1,0,0,0,1,19.0,,deux_roues,,1,2,6,1,6
202300040758,2023-10-02 18:25:00,2023,10,2,18,25,56,56121,17 Rue des Fontaines,47.74863,-3.35997,Plein jour,En agglomération,Hors intersection,Normale,Deux véhicules - arrière,4,1,1,0,1,1,1,0,1,30,2,2,0,0,0,2,19.0,24.0,deux_roues,deux_roues,1,2,1,1,2
202300040759,2023-01-13 04:40:00,2023,1,13,4,40,977,97701,R VICTOR HUGO,17.894456,-62.848821,Nuit avec éclairage allumé,En agglomération,Intersection en X,Normale,Deux véhicules - côté,4,1, -1,-1,1,1,-1,0,-1,-1,2,2,1,0,1,0,46.0,33.0,utilitaire_camion,deux_roues,5,2,2,1,3
202300040759,2023-01-13 04:40:00,2023,1,13,4,40,977,97701,R VICTOR HUGO,17.894456,-62.848821,Nuit avec éclairage allumé,En agglomération,Intersection en X,Normale,Deux véhicules - côté,4,2,2,0,1,1,1,0,1,30,2,2,1,0,1,0,46.0,33.0,utilitaire_camion,deux_roues,5,2,2,1,3
202300040760,2023-10-02 13:45:00,2023,10,2,13,45,56,56121,Boulevard Emmanuel Svob,47.7516,-3.3694,Plein jour,En agglomération,Giratoire,Normale,Deux véhicules - côté,4,3,2,0,1,2,1,5,1,30,2,2,1,0,0,1,47.0,75.0,deux_roues,voiture,1,2,6,1,3
202300040761,2023-09-26 08:20:00,2023,9,26,8,20,55,55029,BRADFER ( RUE ERNEST ),48.76909,5.17231,Plein jour,En agglomération,Hors intersection,Normale,Autre collision,4,2,2,0,1,1,1,0,1,50,1,2,1,0,0,1,22.0,,utilitaire_camion,,1,2,1,1,6
202300040762,2023-10-03 17:45:00,2023,10,3,17,45,54,54099,Avenue de la République (Briey),49.245526,5.940404,Plein jour,En agglomération,Hors intersection,Temps couvert,Deux véhicules - arrière,3,2,2,0,2,1,2,0,1,30,2,4,3,0,0,1,50.0,34.0,voiture,voiture,1,2,1,8,2
202300040763,2023-01-13 20:00:00,2023,1,13,20,0,34,34103,18 Avenue Paul Valéry,43.539241,3.381508,Nuit sans éclairage public,En agglomération,Intersection en T,Normale,Autre collision,4,1,2,0,2,1,1,0,1,50,1,3,1,0,0,2,38.0,,voiture,,3,2,3,1,6
202300040763,2023-01-13 20:00:00,2023,1,13,20,0,34,34103,18 Avenue Paul Valéry,43.539241,3.381508,Nuit sans éclairage public,En agglomération,Intersection en T,Normale,Autre collision,4,2, -1,-1,1,1,1,0,1,-1,1,3,1,0,0,2,38.0,,voiture,,3,2,3,1,6
202300040764,2023-10-02 08:00:00,2023,10,2,8,0,51,51454,BOCQUAINE (CHAUSSEE),49.24501,4.02628,Plein jour,En agglomération,Hors intersection,Normale,Deux véhicules - frontale,4,2,2,0,1,1,1,0,5,50,2,2,1,0,0,1,42.0,42.0,voiture,deux_roues,1,2,1,1,1
202300040765,2023-10-03 07:24:00,2023,10,3,7,24,49,49267,A87N,47.46588,-0.51708,Crépuscule ou aube,Hors agglomération,Hors intersection,Pluie légère,Sans collision,1,1,3,0,1,3,2,0,1,90,1,1,0,0,1,0,57.0,,deux_roues,,2,1,1,2,7
202300040766,2023-10-03 07:15:00,2023,10,3,7,15,49,49353,JEAN JAURES RUE,47.44743,-0.50913,Nuit avec éclairage allumé,En agglomération,Hors intersection,Temps couvert,Autre collision,4,2,2,0,1,1,2,0,1,50,1,2,1,1,0,0,52.0,,utilitaire_camion,,5,2,1,8,6
202300040767,2023-01-13 21:25:00,2023,1,13,21,25,06,06078,D6202,43.917,7.171111,Nuit sans éclairage public,Hors agglomération,Hors intersection,Normale,Sans collision,3,2,3,0,1,1,1,0,3,80,1,1,0,0,0,1,50.0,,voiture,,3,1,1,1,7
202300040768,2023-10-03 08:25:00,2023,10,3,8,25,45,45234,10 Rue des Deux Ponts,47.91657,1.8968,Plein jour,En agglomération,Hors intersection,Temps couvert,Deux véhicules - frontale,4,2,2,0,1,1,1,0,1,50,2,3,2,0,0,1,37.0,50.0,deux_roues,voiture,1,2,1,8,1
202300040769,2023-01-14 15:28:00,2023,1,14,15,28,81,81099,Chemin Toulze,43.927278,1.915054,Plein jour,Hors agglomération,Intersection en X,Normale,Deux véhicules - côté,3,2,2,0,1,1,1,0,1,-1,2,2,1,0,1,0,68.0,55.0,deux_roues,voiture,1,1,2,1,3
202300040769,2023-01-14 15:28:00,2023,1,14,15,28,81,81099,Chemin Toulze,43.927278,1.915054,Plein jour,Hors agglomération,Intersection en X,Normale,Deux véhicules - côté,3,2,2,0,1,1,1,0,1,80,2,2,1,0,1,0,68.0,55.0,deux_roues,voiture,1,1,2,1,3
202300040770,2023-10-03 18:39:00,2023,10,3,18,39,45,45004,D163 PR 2 + 60,47.990518,2.768978,Plein jour,En agglomération,Intersection en X,Temps éblouissant,Deux véhicules - côté,3,-1,2,0,1,1,1,0,1,50,2,2,1,0,0,1,25.0,17.0,voiture,deux_roues,1,2,2,7,3
202300040770,2023-10-03 18:39:00,2023,10,3,18,39,45,45004,D163 PR 2 + 60,47.990518,2.768978,Plein jour,En agglomération,Intersection en X,Temps éblouissant,Deux véhicules - côté,3,2,2,0,1,1,1,0,1,50,2,2,1,0,0,1,25.0,17.0,voiture,deux_roues,1,2,2,7,3
202300040771,2023-10-03 15:40:00,2023,10,3,15,40,44,44109,1 Avenue Saint Félix,47.2309442,-1.556349,Plein jour,En agglomération,Hors intersection,Normale,Autre collision,4,2,1,0,1,1,1,6,1,30,1,2,1,0,1,0,24.0,,utilitaire_camion,,1,2,1,1,6
202300040772,2023-01-14 10:40:00,2023,1,14,10,40,14,14424,La Motte,48.88392689,-0.97320871,Plein jour,Hors agglomération,Intersection en T,Pluie forte,Trois véhicules et plus - collisions multiples,3,3,2,0,1,1,2,0,1,90,3,4,1,3,0,0,83.0,21.0,voiture,voiture,1,1,3,3,5
202300040772,2023-01-14 10:40:00,2023,1,14,10,40,14,14424,La Motte,48.88392689,-0.97320871,Plein jour,Hors agglomération,Intersection en T,Pluie forte,Trois véhicules et plus - collisions multiples,3,2,2,0,1,1,2,0,1,50,3,4,1,3,0,0,83.0,21.0,voiture,voiture,1,1,3,3,5
202300040773,2023-10-03 20:15:00,2023,10,3,20,15,37,37261,THEURIET (RUE ANDRE),47.38298,0.6967,Nuit avec éclairage allumé,En agglomération,Passage à niveau,Normale,Deux véhicules - côté,4,2,2,3,1,1,1,4,6,30,2,3,2,0,0,1,20.0,32.0,voiture,transport_commun,5,2,8,1,3
202300040773,2023-10-03 20:15:00,2023,10,3,20,15,37,37261,THEURIET (RUE ANDRE),47.38298,0.6967,Nuit avec éclairage allumé,En agglomération,Passage à niveau,Normale,Deux véhicules - côté,4,1,1,0,1,1,1,4,6,30,2,3,2,0,0,1,20.0,32.0,voiture,transport_commun,5,2,8,1,3
202300040774,2023-01-13 19:40:00,2023,1,13,19,40,60,60517,Rue de Bornel,49.20893639,2.2329272,Nuit sans éclairage public,Hors agglomération,Hors intersection,Normale,Autre collision,4,2,2,0,1,1,1,0,1,80,1,2,1,1,0,0,30.0,,voiture,,3,1,1,1,6
202300040775,2023-10-03 18:58:00,2023,10,3,18,58,37,37122,BRETONNIERES (BOULEVARD DES),47.34539,0.63931,Crépuscule ou aube,En agglomération,Hors intersection,Normale,Autre collision,4,2,2,0,1,1,1,0,1,50,1,1,0,0,0,1,26.0,,deux_roues,,2,2,1,1,6
202300040776,2023-10-03 08:45:00,2023,10,3,8,45,37,37261,JUIN (BOULEVARD DU MARECHAL),47.40498,0.70289,Plein jour,En agglomération,Hors intersection,Temps couvert,Deux véhicules - côté,4,2,4,3,2,1,2,0,6,50,2,2,1,0,0,1,22.0,52.0,voiture,deux_roues,1,2,1,8,3
202300040777,2023-01-13 10:28:00,2023,1,13,10,28,13,13210,A507 sens Marseille - Aubagne,43.28583592,5.42494723,Plein jour,Hors agglomération,Hors intersection,Normale,Autre collision,1,1,4,0,2,1,1,0,1,70,2,2,1,0,0,1,61.0,35.0,transport_commun,voiture,1,1,1,1,6
202300040778,2023-10-03 07:39:00,2023,10,3,7,39,37,37122,CHANTEPIE (RUE DE),47.34815,0.65329,Nuit sans éclairage public,En agglomération,Hors intersection,Temps couvert,Deux véhicules - arrière,4,2,2,0,1,1,2,0,1,50,2,2,0,0,0,2,18.0,26.0,deux_roues,deux_roues,3,2,1,8,2
202300040779,2023-01-13 17:45:00,2023,1,13,17,45,91,91103,RN 104,48.624525,2.29833,Nuit sans éclairage public,Hors agglomération,Hors intersection,Normale,Deux véhicules - arrière,2,-1,4,0,1,1,1,0,1,110,2,2,1,0,0,1,27.0,55.0,utilitaire_camion,voiture,3,1,1,1,2
202300040780,2023-10-03 08:45:00,2023,10,3,8,45,37,37261,MARECHAL JUIN (BD),47.40481,0.70286,Plein jour,En agglomération,Hors intersection,Pluie légère,Deux véhicules - arrière,4,2,4,2,2,1,2,0,1,50,2,2,1,0,0,1,20.0,67.0,voiture,voiture,1,2,1,2,2
202300040781,2023-01-12 22:38:00,2023,1,12,22,38,91,91477,AUTOROUTE A10,48.714886,2.253768,Nuit avec éclairage non allumé,Hors agglomération,Hors intersection,Pluie légère,Trois véhicules et plus - en chaîne,1,1,5,3,1,1,2,0,2,90,3,3,1,0,0,2,25.0,20.0,voiture,voiture,4,1,1,2,4
202300040782,2023-10-03 09:05:00,2023,10,3,9,5,37,37195,PERIPHERIQUE OUEST,47.38524045,0.65069532,Plein jour,En agglomération,Hors intersection,Temps couvert,Deux véhicules - arrière,7,3,2,0,1,1,2,0,1,90,2,4,3,0,0,1,51.0,40.0,utilitaire_camion,voiture,1,2,1,8,2
202300040783,2023-01-13 18:35:00,2023,1,13,18,35,92,92025,A86,48.93440333,2.25689089,Nuit sans éclairage public,Hors agglomération,Hors intersection,Pluie légère,Deux véhicules - arrière,1,2,2,0,1,1,2,0,1,90,2,2,1,0,0,1,29.0,23.0,deux_roues,voiture,3,1,1,2,2
202300040784,2023-10-03 17:45:00,2023,10,3,17,45,35,35238,TERRIERE (PLACE HENRI),48.08393,-1.6833,Plein jour,En agglomération,Hors intersection,Normale,Autre collision,6,-1, -1,0,1,1,1,0,1,-1,1,2,1,0,0,1,35.0,,voiture,,1,2,1,1,6
202300040785,2023-01-12 09:30:00,2023,1,12,9,30,78,78490,RN12 EXT,48.79919,1.96395,Plein jour,Hors agglomération,Hors intersection,Pluie légère,Sans collision,2,-1,1,0,2,3,8,3,1,50,1,1,0,0,0,1,30.0,,deux_roues,,1,1,1,2,7
202300040786,2023-10-02 17:35:00,2023,10,2,17,35,35,35238,ANDORRE (D'),48.08833,-1.66917,Plein jour,En agglomération,Intersection en X,Normale,Deux véhicules - côté,4,2,2,0,1,1,1,5,1,30,2,2,1,0,0,1,63.0,28.0,voiture,deux_roues,1,2,2,1,3
202300040786,2023-10-02 17:35:00,2023,10,2,17,35,35,35238,ANDORRE (D'),48.08833,-1.66917,Plein jour,En agglomération,Intersection en X,Normale,Deux véhicules - côté,4,3,2,2,1,1,1,5,5,30,2,2,1,0,0,1,63.0,28.0,voiture,deux_roues,1,2,2,1,3
202300040787,2023-01-13 14:45:00,2023,1,13,14,45,93,93066,AUTOROUTE A1,48.91506449,2.35790288,Plein jour,Hors agglomération,Hors intersection,Normale,Trois véhicules et plus - en chaîne,1,3,8,0,1,1,1,1,1,90,3,4,2,0,0,2,53.0,49.0,voiture,voiture,1,1,1,1,4
202300040788,2023-01-13 07:45:00,2023,1,13,7,45,93,93029,AUTOROUTE A86,48.91824,2.42899,Crépuscule ou aube,Hors agglomération,Hors intersection,Normale,Sans collision,1,3,6,0,1,1,1,0,1,90,1,1,0,0,1,0,24.0,,deux_roues,,2,1,1,1,7
202300040789,2023-10-03 22:30:00,2023,10,3,22,30,34,34172,JANVIER (RUE GUILLAUME),43.5955,3.86573,Nuit avec éclairage non allumé,En agglomération,Hors intersection,Normale,Deux véhicules - frontale,4,1,2,0,1,1,1,0,1,30,2,2,1,0,0,1,27.0,30.0,deux_roues,voiture,4,2,1,1,1
202300040790,2023-01-13 03:10:00,2023,1,13,3,10,93,93005,AUTOROUTE A3,48.94919,2.47623,Nuit avec éclairage non allumé,Hors agglomération,Hors intersection,Temps couvert,Autre collision,1,1,2,0,1,3,2,3,3,70,1,1,0,0,0,1,16.0,,voiture,,4,1,1,8,6
202300040791,2023-10-03 08:35:00,2023,10,3,8,35,33,33192,CHEM D'ORNON,44.76960236,-0.64125985,Plein jour,En agglomération,Intersection en T,Temps couvert,Deux véhicules - côté,4,2,2,0,1,1,1,0,1,50,2,2,1,0,0,1,38.0,48.0,voiture,deux_roues,1,2,3,8,3
202300040791,2023-10-03 08:35:00,2023,10,3,8,35,33,33192,CHEM D'ORNON,44.76960236,-0.64125985,Plein jour,En agglomération,Intersection en T,Temps couvert,Deux véhicules - côté,4,2, -1,-1,1,1,1,0,1,50,2,2,1,0,0,1,38.0,48.0,voiture,deux_roues,1,2,3,8,3
202300040792,2023-01-13 02:45:00,2023,1,13,2,45,93,93005,AUTOROUTE A3,48.94603148,2.47667134,Nuit sans éclairage public,Hors agglomération,Hors intersection,Temps couvert,Autre collision,1,3,3,0,1,1,2,0,1,110,1,2,0,0,0,2,19.0,,voiture,,3,1,1,8,6
202300040793,2023-10-03 21:40:00,2023,10,3,21,40,31,31555,VA008493 LA CRABE A624 Sortie 2,43.61104,1.37684,Nuit sans éclairage public,Hors agglomération,Hors intersection,Normale,Deux véhicules - arrière,1,1,3,0,1,1,1,3,1,90,2,3,0,0,0,3,29.0,41.0,voiture,voiture,3,1,1,1,2
202300040794,2023-10-03 16:30:00,2023,10,3,16,30,31,31483,LIBERATION (PLACE DE LA ),43.1093,0.72852,Plein jour,En agglomération,Hors intersection,Normale,Autre collision,4,-1,1,0,1,2,1,0,1,50,1,3,1,1,0,1,88.0,,voiture,,1,2,1,1,6
202300040795,2023-01-12 18:50:00,2023,1,12,18,50,93,93007,AUTOROUTE A3,48.93588,2.48026,Nuit sans éclairage public,Hors agglomération,Hors intersection,Normale,Trois véhicules et plus - en chaîne,1,3,6,0,1,1,1,0,1,90,3,3,2,0,0,1,31.0,31.0,voiture,voiture,3,1,1,1,4
202300040796,2023-10-03 08:45:00,2023,10,3,8,45,28,28404,ALLENDE (RUE SALVADOR),48.733028,1.32686,Plein jour,En agglomération,Giratoire,Pluie légère,Deux véhicules - côté,4,1,1,0,1,1,2,0,1,50,2,2,1,0,0,1,17.0,,deux_roues,voiture,1,2,6,2,3
202300040797,2023-01-12 17:00:00,2023,1,12,17,0,93,93010,AUTOROUTE A3,48.89061,2.47352,Crépuscule ou aube,Hors agglomération,Hors intersection,Normale,Deux véhicules - côté,1,3,10,0,1,1,1,0,1,90,2,2,1,0,0,1,27.0,49.0,voiture,deux_roues,2,1,1,1,3
202300040798,2023-10-03 07:20:00,2023,10,3,7,20,22,22113,FRERES LAGADEC (RUE DES),48.7233,-3.47687,Nuit avec éclairage non allumé,En agglomération,Hors intersection,Pluie légère,Autre collision,4,2,2,0,1,1,2,9,1,30,1,2,1,0,1,0,21.0,,voiture,,4,2,1,2,6
202300040799,2023-01-12 16:00:00,2023,1,12,16,0,92,92036,AUTOROUTE A15,48.94067835,2.29263081,Plein jour,Hors agglomération,Hors intersection,Normale,Deux véhicules - côté,1,3,10,0,1,1,2,2,1,90,2,2,1,0,0,1,30.0,54.0,deux_roues,utilitaire_camion,1,1,1,1,3
202300040800,2023-10-01 08:15:00,2023,10,1,8,15,14,14487,Route de la Vallée,49.17105,0.2174,Plein jour,En agglomération,Hors intersection,Normale,Autre collision,3,3,1,0,1,2,1,0,1,90,1,5,3,0,2,0,21.0,,voiture,,1,2,1,1,6
202300040801,2023-10-03 08:15:00,2023,10,3,8,15,14,14327,N814,49.19224,-0.33501,Plein jour,Hors agglomération,Hors intersection,Normale,Deux véhicules - côté,2,3,2,0,1,1,1,0,1,70,2,2,1,0,0,1,21.0,44.0,voiture,deux_roues,1,1,1,1,3
202300040802,2023-01-11 18:00:00,2023,1,11,18,0,95,95018,A15,48.95550443,2.27815032,Nuit sans éclairage public,Hors agglomération,Hors intersection,Normale,Trois véhicules et plus - collisions multiples,1,3,8,0,1,1,1,0,1,90,3,3,2,0,0,1,33.0,36.0,voiture,deux_roues,3,1,1,1,5
202300040803,2023-10-02 14:17:00,2023,10,2,14,17,11,11069,ROCADE SUD RD 6161,43.20426,2.38254,Plein jour,En agglomération,Hors intersection,Normale,Deux véhicules - frontale,3,2,2,0,1,1,1,0,1,80,2,2,0,0,0,2,51.0,46.0,voiture,voiture,1,2,1,1,1
202300040804,2023-01-12 08:00:00,2023,1,12,8,0,93,93063,AUTOROUTE A3,48.87806,2.44586,Crépuscule ou aube,Hors agglomération,Hors intersection,Normale,Deux véhicules - côté,1,1,8,0,1,1,1,0,1,70,2,2,1,0,0,1,52.0,42.0,voiture,deux_roues,2,1,1,1,3
202300040805,2023-10-02 18:00:00,2023,10,2,18,0,10,10387,PAIX (RUE DE LA),48.3,4.06,Plein jour,En agglomération,Autre intersection,Normale,Deux véhicules - côté,4,2,2,0,1,1,1,0,1,50,2,6,4,0,0,2,37.0,31.0,voiture,voiture,1,2,9,1,3
202300040805,2023-10-02 18:00:00,2023,10,2,18,0,10,10387,PAIX (RUE DE LA),48.3,4.06,Plein jour,En agglomération,Autre intersection,Normale,Deux véhicules - côté,4,2,2,0,1,1,1,0,1,50,2,6,4,0,0,2,37.0,31.0,voiture,voiture,1,2,9,1,3
202300040806,2023-10-02 22:15:00,2023,10,2,22,15,09,09225,ROUTE NATIONALE 20 (VOIE RAPIDE),43.1167,1.63043,Nuit sans éclairage public,Hors agglomération,Hors intersection,Normale,Deux véhicules - côté,2,3,2,0,1,1,1,9,1,110,2,3,2,0,0,1,21.0,31.0,voiture,voiture,3,1,1,1,3