accident_id,datetime,annee,mois,jour,heure,minute,departement,commune_insee,adresse,latitude,longitude,luminosite,agglomeration,intersection,meteo,collision,catr,circ,nbv,vosp,prof,plan,surf,infra,situ,vma,nb_vehicules,nb_usagers,nb_indemnes,nb_tues,nb_blesses_hosp,nb_blesses_legers,age_cond_1,age_cond_2,veh_type_cond_1,veh_type_cond_2,lum_code,agg_code,int_code,atm_code,col_code
202300040937,2023-07-24 06:30:00,2023,7,24,6,30,06,06088,PESSICART (A PARTIR DU 300-301),43.72328,7.23841,Crépuscule ou aube,En agglomération,Hors intersection,Pluie légère,Autre collision,4,2,2,0,2,3,2,0,1,50,1,3,0,0,2,1,19.0,,voiture,,2,2,1,2,6
202300040938,2023-01-12 06:55:00,2023,1,12,6,55,31,31555,RTE DE SEYSSES,43.56223272,1.40677303,Nuit avec éclairage allumé,En agglomération,Intersection en X,Normale,Deux véhicules - côté,7,2,2,1,1,1,2,0,1,50,2,2,1,0,0,1,21.0,53.0,deux_roues,voiture,5,2,2,1,3
202300040938,2023-01-12 06:55:00,2023,1,12,6,55,31,31555,RTE DE SEYSSES,43.56223272,1.40677303,Nuit avec éclairage allumé,En agglomération,Intersection en X,Normale,Deux véhicules - côté,7,2,2,0,1,1,2,0,1,50,2,2,1,0,0,1,21.0,53.0,deux_roues,voiture,5,2,2,1,3
202300040939,2023-07-21 09:30:00,2023,7,21,9,30,75,75113,BD PERIPHERIQUE INTERIEUR,48.825791,2.386589,Plein jour,En agglomération,Hors intersection,Normale,Trois véhicules et plus - en chaîne,4,1,5,0,1,1,1,0,1,70,4,6,4,0,0,2,32.0,21.0,utilitaire_camion,voiture,1,2,1,1,4
202300040940,2023-01-12 14:40:00,2023,1,12,14,40,27,27375,SAINT HILDEVERT (RUE),49.23064,1.17468,Plein jour,En agglomération,Hors intersection,Pluie légère,Deux véhicules - arrière,4,2,2,0,1,1,2,5,1,50,2,2,1,0,0,1,60.0,53.0,voiture,utilitaire_camion,1,2,1,2,2
202300040941,2023-07-22 00:25:00,2023,7,22,0,25,75,75113,PORTE D ITALIE,48.818397,2.369347,Nuit avec éclairage allumé,En agglomération,Hors intersection,Normale,Deux véhicules - arrière,4,1,4,0,1,1,1,0,1,70,2,3,1,0,0,2,25.0,25.0,voiture,deux_roues,5,2,1,1,2
202300040942,2023-07-24 16:30:00,2023,7,24,16,30,75,75120,BOULEVARD DAVOUT,48.854284,2.41038,Plein jour,En agglomération,Hors intersection,Normale,Autre collision,4,1,2,0,1,1,1,0,1,30,1,2,1,0,0,1,42.0,,transport_commun,,1,2,1,1,6
202300040943,2023-01-11 20:25:00,2023,1,11,20,25,27,27229,VERNON (RUE DE),49.03076,1.16046,Nuit avec éclairage allumé,En agglomération,Intersection en X,Pluie légère,Deux véhicules - côté,4,2,2,0,1,1,2,0,1,50,2,2,0,0,1,1,38.0,38.0,voiture,deux_roues,5,2,2,2,3
202300040943,2023-01-11 20:25:00,2023,1,11,20,25,27,27229,VERNON (RUE DE),49.03076,1.16046,Nuit avec éclairage allumé,En agglomération,Intersection en X,Pluie légère,Deux véhicules - côté,4,2,2,0,2,1,2,0,1,50,2,2,0,0,1,1,38.0,38.0,voiture,deux_roues,5,2,2,2,3
202300040944,2023-07-24 11:17:00,2023,7,24,11,17,75,75119,AVENUE JEAN JAURES,48.884806,2.377935,Plein jour,En agglomération,Hors intersection,Normale,Deux véhicules - côté,4,2,4,1,1,1,1,0,5,30,2,2,1,0,0,1,30.0,23.0,voiture,deux_roues,1,2,1,1,3
202300040945,2023-01-11 16:30:00,2023,1,11,16,30,27,27299,BRIAND (AVENUE ARISTIDE),49.04445412,1.1607046,Plein jour,En agglomération,Hors intersection,Normale,Deux véhicules - arrière,3,2,2,0,1,1,1,0,1,50,2,2,1,0,0,1,19.0,45.0,voiture,voiture,1,2,1,1,2
202300040946,2023-07-24 15:10:00,2023,7,24,15,10,75,75118,RUE VAUVENARGUES,48.892316,2.334353,Plein jour,En agglomération,Hors intersection,Normale,Autre collision,4,-1,2,0,1,1,1,6,4,30,1,2,1,0,0,1,24.0,,deux_roues,,1,2,1,1,6
202300040947,2023-01-12 08:10:00,2023,1,12,8,10,25,25056,RN 1057 (ROUTE DE GRAY-CH.EPITAPHE),47.26552,6.004844,Plein jour,En agglomération,Hors intersection,Pluie légère,Deux véhicules - arrière,2,3,5,0,1,1,2,0,1,90,2,2,0,0,0,2,40.0,57.0,voiture,utilitaire_camion,1,2,1,2,2
202300040948,2023-07-24 09:20:00,2023,7,24,9,20,75,75116,PORTE DAUPHINE,48.876073,2.270828,Plein jour,En agglomération,Hors intersection,Temps couvert,Deux véhicules - côté,4,2,2,0,1,1,1,0,1,50,2,2,1,0,0,1,29.0,25.0,voiture,deux_roues,1,2,1,8,3
202300040949,2023-03-23 08:30:00,2023,3,23,8,30,21,21054,PETASSE (SQUARE JOSEPH),47.02345,4.8328,Plein jour,En agglomération,Place,Temps couvert,Deux véhicules - arrière,4,1,3,-1,1,1,1,5,1,50,2,2,1,0,0,1,36.0,46.0,voiture,voiture,1,2,7,8,2
202300040949,2023-03-23 08:30:00,2023,3,23,8,30,21,21054,PETASSE (SQUARE JOSEPH),47.02345,4.8328,Plein jour,En agglomération,Place,Temps couvert,Deux véhicules - arrière,4,3,2,0,1,3,1,5,1,50,2,2,1,0,0,1,36.0,46.0,voiture,voiture,1,2,7,8,2
202300040950,2023-07-24 02:30:00,2023,7,24,2,30,75,75116,AVENUE DE NEW YORK,48.860885,2.291646,Nuit avec éclairage allumé,En agglomération,Hors intersection,Pluie légère,Deux véhicules - arrière,4,1,1,0,1,1,2,0,1,30,2,2,1,0,0,1,53.0,27.0,voiture,utilitaire_camion,5,2,1,2,2
202300040951,2023-01-21 19:22:00,2023,1,21,19,22,21,21054,BRETONNIERE (RUE DU FAUBOURG),47.020862,4.831905,Nuit avec éclairage allumé,En agglomération,Hors intersection,Normale,Deux véhicules - côté,4,2,2,0,1,1,1,0,1,50,2,2,1,0,1,0,51.0,22.0,voiture,deux_roues,5,2,1,1,3
202300040952,2023-07-24 09:45:00,2023,7,24,9,45,75,75115,RUE DE LOURMEL,48.845656,2.287946,Plein jour,En agglomération,Intersection en X,Temps couvert,Autre collision,4,1,2,0,1,1,2,0,1,30,1,2,1,0,0,1,24.0,,voiture,,1,2,2,8,6
202300040952,2023-07-24 09:45:00,2023,7,24,9,45,75,75115,RUE DE LOURMEL,48.845656,2.287946,Plein jour,En agglomération,Intersection en X,Temps couvert,Autre collision,4,2,2,0,1,1,2,0,1,30,1,2,1,0,0,1,24.0,,voiture,,1,2,2,8,6
202300040953,2023-07-24 20:45:00,2023,7,24,20,45,75,75111,RUE DE CHARONNE,48.854904,2.386171,Crépuscule ou aube,En agglomération,Intersection en T,Temps couvert,Autre collision,4,-1, -1,0,1,1,1,0,4,30,1,2,1,0,0,1,38.0,,voiture,,2,2,3,8,6
202300040953,2023-07-24 20:45:00,2023,7,24,20,45,75,75111,RUE DE CHARONNE,48.854904,2.386171,Crépuscule ou aube,En agglomération,Intersection en T,Temps couvert,Autre collision,4,2,2,0,1,1,1,0,4,30,1,2,1,0,0,1,38.0,,voiture,,2,2,3,8,6
202300040954,2023-01-08 12:55:00,2023,1,8,12,55,15,15012,D920,44.90525,2.45267,Plein jour,En agglomération,Giratoire,Temps couvert,Deux véhicules - côté,3,1,1,0,1,2,2,5,1,50,2,2,1,0,1,0,68.0,38.0,deux_roues,voiture,1,2,6,8,3
202300040955,2023-07-24 17:40:00,2023,7,24,17,40,75,75110,RUE LA FAYETTE,48.882489,2.369186,Plein jour,En agglomération,Intersection en Y,Pluie légère,Deux véhicules - côté,4,-1, -1,0,1,1,2,0,1,30,2,2,1,0,0,1,24.0,24.0,voiture,deux_roues,1,2,4,2,3
202300040955,2023-07-24 17:40:00,2023,7,24,17,40,75,75110,RUE LA FAYETTE,48.882489,2.369186,Plein jour,En agglomération,Intersection en Y,Pluie légère,Deux véhicules - côté,4,2,3,0,1,1,2,0,1,30,2,2,1,0,0,1,24.0,24.0,voiture,deux_roues,1,2,4,2,3
202300040956,2023-01-12 18:00:00,2023,1,12,18,0,13,13117,LONDRES (AVENUE DE),43.42730808,5.2356802,Nuit avec éclairage allumé,En agglomération,Intersection en X,Normale,Deux véhicules - côté,4,1,1,0,1,1,1,0,1,50,2,2,0,0,0,2,38.0,54.0,voiture,voiture,5,2,2,1,3
202300040956,2023-01-12 18:00:00,2023,1,12,18,0,13,13117,LONDRES (AVENUE DE),43.42730808,5.2356802,Nuit avec éclairage allumé,En agglomération,Intersection en X,Normale,Deux véhicules - côté,4,2,2,0,1,1,1,0,1,50,2,2,0,0,0,2,38.0,54.0,voiture,voiture,5,2,2,1,3
202300040957,2023-07-24 08:00:00,2023,7,24,8,0,75,75108,PLACE DU GENERAL BROCARD,48.878091,2.305357,Plein jour,En agglomération,Place,Normale,Deux véhicules - côté,4,2,2,0,1,1,1,0,1,30,2,2,1,0,0,1,47.0,25.0,voiture,deux_roues,1,2,7,1,3
202300040957,2023-07-24 08:00:00,2023,7,24,8,0,75,75108,PLACE DU GENERAL BROCARD,48.878091,2.305357,Plein jour,En agglomération,Place,Normale,Deux véhicules - côté,4,2,2,0,1,1,1,0,1,30,2,2,1,0,0,1,47.0,25.0,voiture,deux_roues,1,2,7,1,3
202300040958,2023-01-12 08:00:00,2023,1,12,8,0,13,13106,NELSON MANDELA (AVENUE),43.40848,5.36658,Plein jour,En agglomération,Hors intersection,Normale,Deux véhicules - côté,4,2,2,0,1,1,1,0,1,50,2,2,1,0,0,1,25.0,18.0,voiture,deux_roues,1,2,1,1,3
202300040959,2023-07-24 04:52:00,2023,7,24,4,52,75,75108,RUE LA BOETIE,48.872159,2.309056,Nuit sans éclairage public,En agglomération,Intersection en T,Pluie forte,Autre collision,4,-1, -1,0,1,1,2,0,4,30,1,3,2,0,0,1,20.0,,voiture,,3,2,3,3,6
202300040959,2023-07-24 04:52:00,2023,7,24,4,52,75,75108,RUE LA BOETIE,48.872159,2.309056,Nuit sans éclairage public,En agglomération,Intersection en T,Pluie forte,Autre collision,4,-1,0,0,1,1,2,0,4,30,1,3,2,0,0,1,20.0,,voiture,,3,2,3,3,6
202300040960,2023-01-12 06:15:00,2023,1,12,6,15,13,13215,MARCHE D'IN (AVENUE),43.34148954,5.37310136,Nuit avec éclairage allumé,En agglomération,Intersection en T,Normale,Deux véhicules - côté,4,2,4,0,1,1,1,0,1,50,2,2,0,0,0,2,42.0,51.0,voiture,voiture,5,2,3,1,3
202300040960,2023-01-12 06:15:00,2023,1,12,6,15,13,13215,MARCHE D'IN (AVENUE),43.34148954,5.37310136,Nuit avec éclairage allumé,En agglomération,Intersection en T,Normale,Deux véhicules - côté,4,2,3,0,2,1,1,0,8,50,2,2,0,0,0,2,42.0,51.0,voiture,voiture,5,2,3,1,3
202300040961,2023-07-23 10:35:00,2023,7,23,10,35,75,75104,QUAI DE GESVRES,48.857261,2.347139,Plein jour,En agglomération,Intersection à plus de 4 branches,Normale,Sans collision,4,2,4,3,1,1,1,0,1,30,1,1,0,0,0,1,45.0,,deux_roues,,1,2,5,1,7
202300040961,2023-07-23 10:35:00,2023,7,23,10,35,75,75104,QUAI DE GESVRES,48.857261,2.347139,Plein jour,En agglomération,Intersection à plus de 4 branches,Normale,Sans collision,4,1,3,3,1,1,1,0,1,30,1,1,0,0,0,1,45.0,,deux_roues,,1,2,5,1,7
202300040962,2023-01-10 20:10:00,2023,1,10,20,10,06,06088,VOIE RAPIDE,43.67486,7.22267,Nuit avec éclairage allumé,En agglomération,Hors intersection,Normale,Deux véhicules - arrière,4,3,3,0,1,1,1,0,1,70,2,2,1,0,1,0,39.0,33.0,deux_roues,voiture,5,2,1,1,2
202300040963,2023-07-24 21:05:00,2023,7,24,21,5,94,94076,9 Rue Antoine de Saint Exupery,48.783341,2.360668,Crépuscule ou aube,En agglomération,Hors intersection,Pluie légère,Autre collision,4,2,0,0,1,1,2,0,1,-1,1,2,1,0,0,1,48.0,,voiture,,2,2,1,2,6
202300040964,2023-01-11 15:10:00,2023,1,11,15,10,05,05061,CHATEAUVIEUX (CHEMIN DE ),44.5443833,6.0658291,Plein jour,En agglomération,Hors intersection,Normale,Autre collision,4,2,2,0,1,1,1,0,1,50,1,2,1,0,0,1,73.0,,voiture,,1,2,1,1,6
202300040965,2023-07-24 07:00:00,2023,7,24,7,0,94,94034,Boulevard Pasteur,48.75395437,2.31274948,Plein jour,En agglomération,Intersection en X,Normale,Deux véhicules - frontale,3,2,2,0,1,1,2,0,1,50,2,2,1,0,0,1,28.0,61.0,deux_roues,voiture,1,2,2,1,1
202300040965,2023-07-24 07:00:00,2023,7,24,7,0,94,94034,Boulevard Pasteur,48.75395437,2.31274948,Plein jour,En agglomération,Intersection en X,Normale,Deux véhicules - frontale,3,2,2,0,1,1,2,0,1,50,2,2,1,0,0,1,28.0,61.0,deux_roues,voiture,1,2,2,1,1
202300040966,2023-01-11 18:15:00,2023,1,11,18,15,976,97611,kaweni-Kaweni nord ( Z I ) ,-12.76322,45.22582,Crépuscule ou aube,En agglomération,Hors intersection,Pluie légère,Deux véhicules - frontale,2,2,2,0,1,1,2,0,1,50,2,2,0,0,0,2,52.0,26.0,deux_roues,deux_roues,2,2,1,2,1
202300040967,2023-07-23 23:40:00,2023,7,23,23,40,94,94079,Rue du 11 Novembre 1918,48.83034,2.54536,Nuit avec éclairage allumé,En agglomération,Hors intersection,Pluie légère,Autre collision,4,2,1,0,1,1,2,0,1,50,1,2,1,0,0,1,44.0,,deux_roues,,5,2,1,2,6
202300040968,2023-01-11 06:15:00,2023,1,11,6,15,974,97416,RN3 (2),-21.31684,55.49091,Plein jour,Hors agglomération,Hors intersection,Normale,Autre collision,2,1,2,0,2,1,1,0,1,110,2,2,0,0,0,2,46.0,39.0,voiture,voiture,1,1,1,1,6
202300040969,2023-07-24 23:00:00,2023,7,24,23,0,94,94075,Av du Mal de Lattre de Tassigny,48.73432,2.52016,Nuit sans éclairage public,En agglomération,Intersection à plus de 4 branches,Pluie légère,Deux véhicules - côté,2,2,0,0,1,1,2,0,1,50,2,2,1,0,0,1,40.0,40.0,voiture,deux_roues,3,2,5,2,3
202300040969,2023-07-24 23:00:00,2023,7,24,23,0,94,94075,Av du Mal de Lattre de Tassigny,48.73432,2.52016,Nuit sans éclairage public,En agglomération,Intersection à plus de 4 branches,Pluie légère,Deux véhicules - côté,2,2,2,0,1,1,2,5,1,-1,2,2,1,0,0,1,40.0,40.0,voiture,deux_roues,3,2,5,2,3
202300040970,2023-01-10 18:15:00,2023,1,10,18,15,974,97411,NOTRE DAME DE LA TRINITE (BOULEVARD),-20.8947,55.46977,Plein jour,En agglomération,Autre intersection,Normale,Deux véhicules - arrière,4,1,2,0,1,2,1,0,1,50,2,4,3,0,0,1,39.0,48.0,voiture,voiture,1,2,9,1,2
202300040971,2023-07-24 03:30:00,2023,7,24,3,30,94,94004,2 Rue de Paris,48.753475,2.506936,Nuit sans éclairage public,En agglomération,Autre intersection,Temps couvert,Autre collision,9,-1, -1,0,2,3,1,9,8,30,1,2,1,0,0,1,28.0,,voiture,,3,2,9,8,6
202300040972,2023-01-11 11:00:00,2023,1,11,11,0,974,97409,1548 Avenue de Bourbon,-20.97466,55.6464,Plein jour,En agglomération,Hors intersection,Normale,Autre collision,4,2,2,0,2,1,1,0,4,50,1,3,2,0,0,1,52.0,,utilitaire_camion,,1,2,1,1,6
202300040973,2023-07-24 01:00:00,2023,7,24,1,0,93,93005,Route de Mitry / Rue Ambroise Paré,48.94947,2.51964,Nuit avec éclairage allumé,En agglomération,Intersection en X,Pluie légère,Deux véhicules - côté,3,2,2,0,1,1,2,0,1,50,2,3,2,0,0,1,22.0,20.0,voiture,utilitaire_camion,5,2,2,2,3
202300040973,2023-07-24 01:00:00,2023,7,24,1,0,93,93005,Route de Mitry / Rue Ambroise Paré,48.94947,2.51964,Nuit avec éclairage allumé,En agglomération,Intersection en X,Pluie légère,Deux véhicules - côté,3,3,4,0,1,1,2,5,1,50,2,3,2,0,0,1,22.0,20.0,voiture,utilitaire_camion,5,2,2,2,3
202300040974,2023-01-11 08:40:00,2023,1,11,8,40,69,69386,Rue Duquesne,45.77287,4.84707,Plein jour,En agglomération,Hors intersection,Normale,Autre collision,4,1,2,3,1,1,1,0,6,50,1,2,1,0,1,0,34.0,,deux_roues,,1,2,1,1,6
202300040975,2023-07-24 09:30:00,2023,7,24,9,30,93,93008,FOLIE (RUE DE LA),48.900992,2.443781,Plein jour,En agglomération,Hors intersection,Normale,Deux véhicules - frontale,4,2,0,1,1,2,1,9,5,50,2,2,0,0,0,2,38.0,31.0,deux_roues,deux_roues,1,2,1,1,1
202300040976,2023-01-11 07:18:00,2023,1,11,7,18,972,97213,ROUTE DEPARTEMENTALE 3 BIS,14.65028,-60.98825,Plein jour,Hors agglomération,Hors intersection,Normale,Deux véhicules - côté,3,2,2,0,1,1,1,0,1,50,2,2,1,0,0,1,43.0,31.0,deux_roues,autre,1,1,1,1,3
202300040977,2023-07-24 19:00:00,2023,7,24,19,0,92,92076,BUTARD,48.84303247,2.14916021,Plein jour,En agglomération,Hors intersection,Pluie légère,Deux véhicules - frontale,4,2,2,0,1,2,2,0,1,50,2,2,1,0,0,1,23.0,28.0,voiture,voiture,1,2,1,2,1
202300040978,2023-01-11 18:30:00,2023,1,11,18,30,972,97209,DEPARTEMENTALE 13 (ROUTE ),14.63562,-61.03687,Nuit sans éclairage public,Hors agglomération,Hors intersection,Normale,Deux véhicules - frontale,3,3,1,0,2,1,1,0,1,50,2,2,1,0,0,1,31.0,56.0,autre,voiture,3,1,1,1,1
202300040979,2023-07-10 20:00:00,2023,7,10,20,0,92,92009,ARGENTEUIL AV D',48.91989098,2.27976769,Plein jour,En agglomération,Hors intersection,Normale,Deux véhicules - arrière,3,-1,1,0,1,1,1,0,1,50,2,3,2,0,0,1,45.0,26.0,voiture,deux_roues,1,2,1,1,2
202300040980,2023-01-11 07:40:00,2023,1,11,7,40,972,97209,CHEVALIER SAINTE-MARTHE (BOULEVARD),14.60288,-61.06618,Plein jour,En agglomération,Hors intersection,Pluie légère,Sans collision,3,2,2,0,1,2,2,0,1,50,1,1,0,0,0,1,21.0,,deux_roues,,1,2,1,2,7
202300040981,2023-07-19 10:00:00,2023,7,19,10,0,42,42331,Chemin des Places,45.992282,3.94919,Plein jour,En agglomération,Hors intersection,Normale,Autre collision,4,2,2,0,2,1,1,0,3,50,1,1,0,0,1,0,17.0,,deux_roues,,1,2,1,1,6
202300040982,2023-01-11 19:00:00,2023,1,11,19,0,69,69389,28 Quai Jayr,45.777,4.80747,Nuit avec éclairage allumé,En agglomération,Intersection en Y,Temps couvert,Deux véhicules - côté,4,2,6,1,1,1,2,5,1,50,2,2,1,0,0,1,42.0,29.0,voiture,deux_roues,5,2,4,8,3
202300040982,2023-01-11 19:00:00,2023,1,11,19,0,69,69389,28 Quai Jayr,45.777,4.80747,Nuit avec éclairage allumé,En agglomération,Intersection en Y,Temps couvert,Deux véhicules - côté,4,1,1,0,1,1,2,0,1,50,2,2,1,0,0,1,42.0,29.0,voiture,deux_roues,5,2,4,8,3
202300040983,2023-07-25 15:55:00,2023,7,25,15,55,28,28196,Autoroute A11 PK 086.200,48.282979,1.235554,Plein jour,Hors agglomération,Hors intersection,Normale,Autre collision,1,3,3,0,2,1,2,0,1,130,1,5,0,0,2,3,35.0,,voiture,,1,1,1,1,6
202300040984,2023-01-11 06:30:00,2023,1,11,6,30,95,95539,D125,48.99572,2.35222,Nuit avec éclairage allumé,En agglomération,Hors intersection,Pluie légère,Deux véhicules - arrière,3,2,2,0,1,1,2,0,1,50,2,2,1,0,0,1,58.0,32.0,voiture,deux_roues,5,2,1,2,2
202300040985,2023-07-22 11:20:00,2023,7,22,11,20,972,97217,Quartier Mare Capron,14.473889,-60.878463,Plein jour,En agglomération,Hors intersection,Normale,Sans collision,2,2,2,0,2,1,1,0,1,-1,1,2,0,0,1,1,35.0,,deux_roues,,1,2,1,1,7
202300040986,2023-01-10 10:05:00,2023,1,10,10,5,95,95598,D109,48.984492,2.294952,Plein jour,En agglomération,Hors intersection,Pluie légère,Autre collision,3,2,2,0,1,1,2,0,4,50,1,2,1,0,1,0,22.0,,deux_roues,,1,2,1,2,6
202300040987,2023-07-15 23:00:00,2023,7,15,23,0,29,29189,18 route de Loperhet,48.38300144,-4.35042785,Nuit sans éclairage public,Hors agglomération,Hors intersection,Pluie forte,Autre collision,2,3,2,0,1,1,2,0,1,100,1,2,1,0,1,0,47.0,,voiture,,3,1,1,3,6
202300040988,2023-07-23 06:20:00,2023,7,23,6,20,58,58270,D955,47.496078,3.005329,Crépuscule ou aube,Hors agglomération,Hors intersection,Normale,Autre collision,3,2,2,0,4,2,1,0,3,90,1,1,0,0,0,1,22.0,,voiture,,2,1,1,1,6
202300040989,2023-01-11 14:09:00,2023,1,11,14,9,91,91122,GENERAL LECLERC (RUE DU),48.69615,2.1625,Plein jour,En agglomération,Hors intersection,Normale,Deux véhicules - côté,4,-1,1,0,2,1,1,0,1,30,2,2,1,0,0,1,56.0,35.0,deux_roues,voiture,1,2,1,1,3
202300040990,2023-07-24 15:30:00,2023,7,24,15,30,04,04205,D207,44.362658,6.360397,Plein jour,Hors agglomération,Hors intersection,Normale,Sans collision,3,2,2,0,2,3,1,0,1,80,1,1,0,0,1,0,21.0,,deux_roues,,1,1,1,1,7
202300040991,2023-01-11 08:21:00,2023,1,11,8,21,91,91326,VICTOR HUGO (RUE),48.69012,2.37752,Crépuscule ou aube,En agglomération,Hors intersection,Normale,Autre collision,4,2,1,0,1,1,2,5,1,30,1,2,1,0,0,1,45.0,,voiture,,2,2,1,1,6
202300040992,2023-07-25 08:30:00,2023,7,25,8,30,91,91679,RD 361,48.739037,2.125726,Plein jour,Hors agglomération,Hors intersection,Pluie forte,Sans collision,3,3,2,0,1,2,2,0,1,50,1,1,0,0,0,1,48.0,,voiture,,1,1,1,3,7
202300040993,2023-01-11 08:35:00,2023,1,11,8,35,87,87085,FEYTIAT (RUE DE),45.82358,1.28005,Plein jour,En agglomération,Intersection en T,Pluie légère,Deux véhicules - frontale,3,2,2,0,2,1,2,0,1,50,2,2,0,0,0,2,28.0,37.0,voiture,voiture,1,2,3,2,1
202300040993,2023-01-11 08:35:00,2023,1,11,8,35,87,87085,FEYTIAT (RUE DE),45.82358,1.28005,Plein jour,En agglomération,Intersection en T,Pluie légère,Deux véhicules - frontale,3,2,2,1,1,1,2,0,1,50,2,2,0,0,0,2,28.0,37.0,voiture,voiture,1,2,3,2,1
202300040994,2023-07-24 20:00:00,2023,7,24,20,0,51,51662,A34,49.288305,4.124424,Plein jour,Hors agglomération,Hors intersection,Pluie légère,Deux véhicules - arrière,1,3,2,0,1,1,2,9,1,110,2,5,1,2,2,0,36.0,59.0,utilitaire_camion,voiture,1,1,1,2,2
202300040995,2023-01-10 14:55:00,2023,1,10,14,55,87,87085,WILSON (PLACE),45.82975,1.26299,Plein jour,En agglomération,Hors intersection,Pluie légère,Sans collision,4,1,1,0,1,2,2,0,1,30,1,1,0,0,0,1,68.0,,deux_roues,,1,2,1,2,7
202300040996,2023-01-10 08:00:00,2023,1,10,8,0,78,78638,D 922,49.019883,1.958966,Nuit sans éclairage public,Hors agglomération,Intersection en T,Pluie légère,Deux véhicules - arrière,3,2,2,0,1,1,2,0,1,80,2,2,1,0,1,0,63.0,66.0,deux_roues,voiture,3,1,3,2,2
202300040996,2023-01-10 08:00:00,2023,1,10,8,0,78,78638,D 922,49.019883,1.958966,Nuit sans éclairage public,Hors agglomération,Intersection en T,Pluie légère,Deux véhicules - arrière,3,2,0,0,2,1,2,0,1,50,2,2,1,0,1,0,63.0,66.0,deux_roues,voiture,3,1,3,2,2
202300040997,2023-07-24 20:10:00,2023,7,24,20,10,80,80827,D2,50.059185,1.535838,Plein jour,En agglomération,Giratoire,Normale,Deux véhicules - côté,3,2,2,0,1,1,1,5,1,50,2,3,0,0,1,2,20.0,55.0,deux_roues,voiture,1,2,6,1,3
202300040998,2023-01-10 07:25:00,2023,1,10,7,25,77,77379,D1B,48.54652,3.30683,Nuit sans éclairage public,Hors agglomération,Autre intersection,Pluie légère,Deux véhicules - côté,3,1,1,0,1,2,1,5,1,50,2,2,1,0,1,0,63.0,32.0,deux_roues,voiture,3,1,9,2,3
202300040999,2023-07-25 13:50:00,2023,7,25,13,50,71,71289,Rue de Trécourt,46.311615,4.483752,Plein jour,En agglomération,Hors intersection,Normale,Deux véhicules - frontale,4,2,2,0,1,2,1,0,1,50,2,3,2,0,0,1,17.0,18.0,voiture,deux_roues,1,2,1,1,1
202300041000,2023-01-11 13:45:00,2023,1,11,13,45,77,77111,D344,48.85636,2.77074,Plein jour,En agglomération,Giratoire,Normale,Autre collision,3,1,2,0,1,1,1,6,1,50,1,4,1,0,0,3,,,autre,,1,2,6,1,6
202300041000,2023-01-11 13:45:00,2023,1,11,13,45,77,77111,D344,48.85636,2.77074,Plein jour,En agglomération,Giratoire,Normale,Autre collision,3,2,2,-1,1,1,1,5,1,50,1,4,1,0,0,3,,,autre,,1,2,6,1,6
202300041001,2023-07-25 04:00:00,2023,7,25,4,0,47,47312,D656,44.40031923,1.01285616,Nuit sans éclairage public,Hors agglomération,Hors intersection,Normale,Autre collision,3,2,2,0,2,1,1,0,3,80,1,1,0,0,0,1,22.0,,voiture,,3,1,1,1,6
202300041002,2023-01-10 13:15:00,2023,1,10,13,15,72,72181,JACOBINS (PL DES),48.007563,0.198289,Plein jour,En agglomération,Giratoire,Pluie légère,Deux véhicules - côté,4,1,0,0,2,1,2,0,1,50,2,2,1,0,0,1,20.0,50.0,voiture,deux_roues,1,2,6,2,3
202300041002,2023-01-10 13:15:00,2023,1,10,13,15,72,72181,JACOBINS (PL DES),48.007563,0.198289,Plein jour,En agglomération,Giratoire,Pluie légère,Deux véhicules - côté,4,-1,2,0,1,1,2,0,1,50,2,2,1,0,0,1,20.0,50.0,voiture,deux_roues,1,2,6,2,3
202300041003,2023-07-24 13:30:00,2023,7,24,13,30,22,22322,Parc Moan,48.472679,-3.065121,Plein jour,Hors agglomération,Intersection en T,Temps couvert,Deux véhicules - côté,3,2,2,0,2,3,1,0,1,80,2,2,1,0,1,0,40.0,20.0,voiture,deux_roues,1,1,3,8,3
202300041003,2023-07-24 13:30:00,2023,7,24,13,30,22,22322,Parc Moan,48.472679,-3.065121,Plein jour,Hors agglomération,Intersection en T,Temps couvert,Deux véhicules - côté,3,2,2,0,1,1,1,0,1,80,2,2,1,0,1,0,40.0,20.0,voiture,deux_roues,1,1,3,8,3
202300041004,2023-01-11 13:10:00,2023,1,11,13,10,71,71306,ALOUETTES (AVENUE DES),46.67909,4.36582,Plein jour,En agglomération,Intersection en X,Normale,Deux véhicules - côté,4,2,5,2,1,1,1,5,1,50,2,3,2,0,0,1,49.0,37.0,voiture,voiture,1,2,2,1,3
202300041004,2023-01-11 13:10:00,2023,1,11,13,10,71,71306,ALOUETTES (AVENUE DES),46.67909,4.36582,Plein jour,En agglomération,Intersection en X,Normale,Deux véhicules - côté,4,2,2,0,1,1,1,5,1,50,2,3,2,0,0,1,49.0,37.0,voiture,voiture,1,2,2,1,3
202300041005,2023-07-24 12:02:00,2023,7,24,12,2,22,22093,Le Plat,48.416894,-2.595692,Plein jour,Hors agglomération,Hors intersection,Pluie forte,Sans collision,3,2,2,0,1,2,2,0,3,80,1,2,0,0,0,2,15.0,,deux_roues,,1,1,1,3,7
202300041006,2023-01-11 13:10:00,2023,1,11,13,10,69,69275,Rue Elisée Reclus,45.75407,4.94926,Plein jour,En agglomération,Intersection en T,Pluie légère,Deux véhicules - côté,4,2,2,1,1,1,2,0,1,50,2,3,0,0,0,3,53.0,56.0,voiture,voiture,1,2,3,2,3