accident_id,datetime,annee,mois,jour,heure,minute,departement,commune_insee,adresse,latitude,longitude,luminosite,agglomeration,intersection,meteo,collision,catr,circ,nbv,vosp,prof,plan,surf,infra,situ,vma,nb_vehicules,nb_usagers,nb_indemnes,nb_tues,nb_blesses_hosp,nb_blesses_legers,age_cond_1,age_cond_2,veh_type_cond_1,veh_type_cond_2,lum_code,agg_code,int_code,atm_code,col_code
202300041088,2023-01-12 08:40:00,2023,1,12,8,40,75,75115,RUE DES ENTREPRENEURS,48.846553,2.286113,Plein jour,En agglomération,Intersection en X,Normale,Deux véhicules - arrière,4,1,2,0,1,1,1,0,1,30,2,2,1,0,0,1,42.0,47.0,utilitaire_camion,deux_roues,1,2,2,1,2
202300041089,2023-07-24 07:10:00,2023,7,24,7,10,93,93051,A4,48.83515238,2.57609455,Plein jour,Hors agglomération,Hors intersection,Temps couvert,Deux véhicules - côté,1,3,4,0,1,1,2,0,1,110,2,3,1,0,0,2,66.0,26.0,voiture,utilitaire_camion,1,1,1,8,3
202300041090,2023-01-12 18:08:00,2023,1,12,18,8,75,75112,BOULEVARD PERIPHERIQUE INTERIEUR SUD,48.82786394,2.38874853,Plein jour,En agglomération,Intersection en Y,Normale,Trois véhicules et plus - collisions multiples,4,1,2,0,2,1,1,0,1,30,3,3,2,0,0,1,,33.0,voiture,voiture,1,2,4,1,5
202300041090,2023-01-12 18:08:00,2023,1,12,18,8,75,75112,BOULEVARD PERIPHERIQUE INTERIEUR SUD,48.82786394,2.38874853,Plein jour,En agglomération,Intersection en Y,Normale,Trois véhicules et plus - collisions multiples,4,1, -1,-1,1,1,1,0,1,-1,3,3,2,0,0,1,,33.0,voiture,voiture,1,2,4,1,5
202300041091,2023-07-24 06:50:00,2023,7,24,6,50,77,77249,RN104,48.757606,2.615584,Plein jour,Hors agglomération,Hors intersection,Pluie légère,Deux véhicules - arrière,2,1,2,0,1,1,2,0,1,110,2,2,1,0,0,1,42.0,22.0,voiture,deux_roues,1,1,1,2,2
202300041092,2023-07-23 23:00:00,2023,7,23,23,0,94,94069,A4,48.81737044,2.42861395,Nuit sans éclairage public,Hors agglomération,Hors intersection,Normale,Sans collision,1,1,6,0,2,3,1,9,1,70,1,1,0,0,0,1,29.0,,voiture,,3,1,1,1,7
202300041093,2023-01-12 11:00:00,2023,1,12,11,0,75,75112,RUE DU FAUBOURG SAINT ANTOINE,48.850619,2.378771,Plein jour,En agglomération,Intersection en T,Pluie légère,Deux véhicules - côté,4,-1,0,1,1,1,2,0,1,30,2,2,1,0,0,1,33.0,73.0,utilitaire_camion,deux_roues,1,2,3,2,3
202300041093,2023-01-12 11:00:00,2023,1,12,11,0,75,75112,RUE DU FAUBOURG SAINT ANTOINE,48.850619,2.378771,Plein jour,En agglomération,Intersection en T,Pluie légère,Deux véhicules - côté,4,1,2,1,1,1,2,0,1,30,2,2,1,0,0,1,33.0,73.0,utilitaire_camion,deux_roues,1,2,3,2,3
202300041094,2023-05-22 17:30:00,2023,5,22,17,30,74,74012,Rue du chablais,46.19565,6.236498,Plein jour,En agglomération,Hors intersection,Normale,Autre collision,3,1,1,1,1,1,1,0,1,50,1,2,1,0,0,1,12.0,,deux_roues,,1,2,1,1,6
202300041095,2023-01-12 15:20:00,2023,1,12,15,20,75,75111,PLACE DE LA NATION,48.848283,2.397535,Plein jour,En agglomération,Intersection en X,Normale,Deux véhicules - côté,4,3,6,1,1,1,2,-1,5,30,2,2,1,0,0,1,39.0,66.0,deux_roues,voiture,1,2,2,1,3
202300041095,2023-01-12 15:20:00,2023,1,12,15,20,75,75111,PLACE DE LA NATION,48.848283,2.397535,Plein jour,En agglomération,Intersection en X,Normale,Deux véhicules - côté,4,2,4,1,1,2,2,-1,5,30,2,2,1,0,0,1,39.0,66.0,deux_roues,voiture,1,2,2,1,3
202300041096,2023-05-04 17:00:00,2023,5,4,17,0,74,74010,A41,45.87543073,6.06986289,Plein jour,Hors agglomération,Hors intersection,Normale,Deux véhicules - arrière,1,1,2,0,1,1,1,0,1,-1,2,2,1,0,1,0,48.0,41.0,utilitaire_camion,deux_roues,1,1,1,1,2
202300041097,2023-01-12 11:00:00,2023,1,12,11,0,75,75111,AVENUE DE LA REPUBLIQUE,48.866172,2.369721,Plein jour,En agglomération,Intersection en X,Pluie légère,Autre collision,4,2,4,1,2,1,2,0,1,30,1,2,0,0,0,2,27.0,,deux_roues,,1,2,2,2,6
202300041097,2023-01-12 11:00:00,2023,1,12,11,0,75,75111,AVENUE DE LA REPUBLIQUE,48.866172,2.369721,Plein jour,En agglomération,Intersection en X,Pluie légère,Autre collision,4,3, -1,-1,1,1,2,0,1,-1,1,2,0,0,0,2,27.0,,deux_roues,,1,2,2,2,6
202300041098,2023-05-02 09:15:00,2023,5,2,9,15,74,74010,201 Avenue d'aix-les-bains,45.881278,6.09522,Plein jour,En agglomération,Autre intersection,Normale,Deux véhicules - côté,3,2,2,2,2,1,1,0,5,50,2,2,1,0,1,0,26.0,15.0,voiture,deux_roues,1,2,9,1,3
202300041099,2023-04-12 10:50:00,2023,4,12,10,50,74,74010,25 chemin de la croix rouge,45.894789,6.117737,Plein jour,En agglomération,Hors intersection,Normale,Autre collision,4,2,2,0,1,1,1,0,1,50,1,2,1,0,1,0,91.0,,voiture,,1,2,1,1,6
202300041100,2023-01-12 00:50:00,2023,1,12,0,50,75,75110,RUE DU FAUBOURG SAINT MARTIN,48.881105,2.365169,Nuit avec éclairage allumé,En agglomération,Intersection en X,Normale,Deux véhicules - arrière,4,1, -1,-1,1,1,2,0,1,-1,2,2,1,0,0,1,39.0,33.0,deux_roues,deux_roues,5,2,2,1,2
202300041100,2023-01-12 00:50:00,2023,1,12,0,50,75,75110,RUE DU FAUBOURG SAINT MARTIN,48.881105,2.365169,Nuit avec éclairage allumé,En agglomération,Intersection en X,Normale,Deux véhicules - arrière,4,2,2,0,1,1,2,0,1,30,2,2,1,0,0,1,39.0,33.0,deux_roues,deux_roues,5,2,2,1,2
202300041101,2023-04-10 20:00:00,2023,4,10,20,0,74,74220,659 Grande rue,46.133172,6.267968,Crépuscule ou aube,En agglomération,Giratoire,Normale,Autre collision,3,2,2,0,1,1,1,0,1,50,1,1,0,0,1,0,49.0,,deux_roues,,2,2,6,1,6
202300041102,2023-01-12 18:35:00,2023,1,12,18,35,94,94073,Av du Mal de Lattre de Tassigny / Impassa Rosa Parks,48.75178,2.40585,Nuit avec éclairage allumé,En agglomération,Intersection en T,Pluie légère,Autre collision,3,2,2,0,1,1,2,0,1,50,1,2,1,0,0,1,37.0,,voiture,,5,2,3,2,6
202300041102,2023-01-12 18:35:00,2023,1,12,18,35,94,94073,Av du Mal de Lattre de Tassigny / Impassa Rosa Parks,48.75178,2.40585,Nuit avec éclairage allumé,En agglomération,Intersection en T,Pluie légère,Autre collision,3,2,2,0,1,1,2,0,1,50,1,2,1,0,0,1,37.0,,voiture,,5,2,3,2,6
202300041103,2023-07-23 09:00:00,2023,7,23,9,0,93,93029,Rue Roger Salengro,48.91852866,2.43604481,Plein jour,En agglomération,Place,Normale,Autre collision,4,2,2,0,1,1,1,0,1,-1,1,2,1,0,0,1,74.0,,voiture,,1,2,7,1,6
202300041103,2023-07-23 09:00:00,2023,7,23,9,0,93,93029,Rue Roger Salengro,48.91852866,2.43604481,Plein jour,En agglomération,Place,Normale,Autre collision,4,2,2,0,1,1,1,0,1,50,1,2,1,0,0,1,74.0,,voiture,,1,2,7,1,6
202300041104,2023-01-12 09:20:00,2023,1,12,9,20,94,94015,CLOS STE CATHERINE (RUE),48.82884,2.52571,Plein jour,En agglomération,Intersection en T,Pluie légère,Deux véhicules - côté,3,2,2,0,1,1,2,0,1,50,2,2,1,0,0,1,31.0,49.0,deux_roues,voiture,1,2,3,2,3
202300041104,2023-01-12 09:20:00,2023,1,12,9,20,94,94015,CLOS STE CATHERINE (RUE),48.82884,2.52571,Plein jour,En agglomération,Intersection en T,Pluie légère,Deux véhicules - côté,3,2,2,0,1,1,2,0,1,50,2,2,1,0,0,1,31.0,49.0,deux_roues,voiture,1,2,3,2,3
202300041105,2023-07-22 15:10:00,2023,7,22,15,10,59,59009,ROUBAIX AVNUE DE,50.65065,3.16706,Plein jour,En agglomération,Hors intersection,Normale,Deux véhicules - côté,7,1,2,0,1,2,1,0,1,50,2,3,2,0,0,1,,26.0,voiture,voiture,1,2,1,1,3
202300041106,2023-01-12 15:25:00,2023,1,12,15,25,94,94041,Avenue de Verdun / Rue Pierre et Marie Curie,48.81309,2.37055,Plein jour,En agglomération,Intersection en X,Temps couvert,Deux véhicules - côté,3,2,2,0,1,1,2,0,1,50,2,2,1,0,0,1,49.0,33.0,utilitaire_camion,voiture,1,2,2,8,3
202300041106,2023-01-12 15:25:00,2023,1,12,15,25,94,94041,Avenue de Verdun / Rue Pierre et Marie Curie,48.81309,2.37055,Plein jour,En agglomération,Intersection en X,Temps couvert,Deux véhicules - côté,3,3,4,0,1,1,2,0,1,50,2,2,1,0,0,1,49.0,33.0,utilitaire_camion,voiture,1,2,2,8,3
202300041107,2023-01-12 08:10:00,2023,1,12,8,10,94,94017,D11 / D3b,48.82685,2.52102,Crépuscule ou aube,En agglomération,Intersection en T,Pluie légère,Deux véhicules - côté,3,4,2,0,2,1,2,2,1,50,2,2,1,0,0,1,54.0,60.0,deux_roues,voiture,2,2,3,2,3
202300041107,2023-01-12 08:10:00,2023,1,12,8,10,94,94017,D11 / D3b,48.82685,2.52102,Crépuscule ou aube,En agglomération,Intersection en T,Pluie légère,Deux véhicules - côté,3,2,2,0,1,1,2,2,1,50,2,2,1,0,0,1,54.0,60.0,deux_roues,voiture,2,2,3,2,3
202300041108,2023-07-21 08:00:00,2023,7,21,8,0,988,98818,AVENUE BONAPARTE/RUE THEOPHILE BETFORT,-22.23335,166.46678,Plein jour,En agglomération,Intersection en T,Normale,Autre collision,4,3,4,0,1,1,1,0,1,50,1,2,1,0,0,1,37.0,,voiture,,1,2,3,1,6
202300041108,2023-07-21 08:00:00,2023,7,21,8,0,988,98818,AVENUE BONAPARTE/RUE THEOPHILE BETFORT,-22.23335,166.46678,Plein jour,En agglomération,Intersection en T,Normale,Autre collision,4,2,2,-1,1,1,1,-1,1,-1,1,2,1,0,0,1,37.0,,voiture,,1,2,3,1,6
202300041109,2023-07-24 01:00:00,2023,7,24,1,0,974,97409,MASCAREIGNES (Avenue des),-20.93879,55.64689,Nuit sans éclairage public,En agglomération,Hors intersection,Normale,Deux véhicules - frontale,4,3,2,0,1,1,1,0,1,50,2,2,1,0,0,1,23.0,22.0,deux_roues,voiture,3,2,1,1,1
202300041110,2023-01-12 00:30:00,2023,1,12,0,30,93,93073,Rue du Limousin / Avenue Pierre Colongo,48.940804,2.594119,Nuit avec éclairage allumé,En agglomération,Intersection en X,Normale,Autre collision,4,2,2,0,1,1,1,5,1,50,2,2,1,0,0,1,32.0,22.0,voiture,deux_roues,5,2,2,1,6
202300041110,2023-01-12 00:30:00,2023,1,12,0,30,93,93073,Rue du Limousin / Avenue Pierre Colongo,48.940804,2.594119,Nuit avec éclairage allumé,En agglomération,Intersection en X,Normale,Autre collision,4,2,2,0,1,1,1,5,1,50,2,2,1,0,0,1,32.0,22.0,voiture,deux_roues,5,2,2,1,6
202300041111,2023-07-23 05:57:00,2023,7,23,5,57,972,97209,REDOUTE (ROUTE DE LA),14.62847,-61.05847,Plein jour,Hors agglomération,Hors intersection,Normale,Deux véhicules - frontale,2,2,2,0,2,2,1,0,4,50,2,3,0,0,3,0,26.0,51.0,voiture,voiture,1,1,1,1,1
202300041112,2023-01-12 15:40:00,2023,1,12,15,40,93,93066,Rue Diderot / Collège Jean Lurçat,48.93548,2.379275,Plein jour,En agglomération,Intersection en T,Normale,Deux véhicules - côté,4,-1,1,0,1,1,1,0,1,50,2,2,1,0,0,1,14.0,27.0,deux_roues,voiture,1,2,3,1,3
202300041112,2023-01-12 15:40:00,2023,1,12,15,40,93,93066,Rue Diderot / Collège Jean Lurçat,48.93548,2.379275,Plein jour,En agglomération,Intersection en T,Normale,Deux véhicules - côté,4,1,1,0,1,1,1,0,1,50,2,2,1,0,0,1,14.0,27.0,deux_roues,voiture,1,2,3,1,3
202300041113,2023-07-23 21:05:00,2023,7,23,21,5,2B,2B301,TOUTES RUES,42.6006,9.2619,Nuit sans éclairage public,Hors agglomération,Hors intersection,Normale,Sans collision,3,1,2,0,1,4,1,8,1,50,1,2,0,0,1,1,30.0,,utilitaire_camion,,3,1,1,1,7
202300041114,2023-07-22 19:45:00,2023,7,22,19,45,971,97101,PALAIS ROYAL,16.28134,-61.49632,Nuit avec éclairage allumé,Hors agglomération,Autre intersection,Normale,Deux véhicules - côté,4,2,0,0,1,1,1,0,1,70,2,2,1,0,1,0,49.0,21.0,voiture,deux_roues,5,1,9,1,3
202300041115,2023-01-12 15:15:00,2023,1,12,15,15,93,93066,Rue Cristino Garcia,48.91658,2.363709,Plein jour,En agglomération,Hors intersection,Normale,Deux véhicules - côté,4,1,1,0,1,1,1,0,1,30,2,2,1,0,0,1,16.0,39.0,deux_roues,voiture,1,2,1,1,3
202300041116,2023-07-22 18:29:00,2023,7,22,18,29,2A,2A004,MEZZAVIA ROUTE DE,41.952,8.77435,Plein jour,En agglomération,Autre intersection,Normale,Deux véhicules - côté,2,1,1,0,1,2,1,5,1,50,2,2,1,0,0,1,41.0,23.0,voiture,deux_roues,1,2,9,1,3
202300041117,2023-07-23 05:55:00,2023,7,23,5,55,84,84035,ISLE/SORGUE-RD 938 (ROUTE DE L'),43.86375,5.04317,Crépuscule ou aube,Hors agglomération,Intersection en X,Normale,Deux véhicules - frontale,3,2,2,0,1,1,1,0,1,50,2,3,0,0,0,3,41.0,52.0,voiture,voiture,2,1,2,1,1
202300041117,2023-07-23 05:55:00,2023,7,23,5,55,84,84035,ISLE/SORGUE-RD 938 (ROUTE DE L'),43.86375,5.04317,Crépuscule ou aube,Hors agglomération,Intersection en X,Normale,Deux véhicules - frontale,3,2,2,0,1,1,1,0,1,80,2,3,0,0,0,3,41.0,52.0,voiture,voiture,2,1,2,1,1
202300041118,2023-07-23 01:00:00,2023,7,23,1,0,83,83137,PICOT (AVE DU COLONEL),43.12703,5.96169,Nuit avec éclairage allumé,En agglomération,Autre intersection,Normale,Deux véhicules - côté,4,2,2,0,1,1,1,0,1,50,2,3,2,0,0,1,33.0,23.0,voiture,voiture,5,2,9,1,3
202300041119,2023-07-23 19:27:00,2023,7,23,19,27,79,79191,,46.31962,-0.4581,Plein jour,En agglomération,Hors intersection,Normale,Sans collision,4,1,1,0,1,1,1,0,1,30,1,1,0,0,1,0,27.0,,deux_roues,,1,2,1,1,7
202300041120,2023-07-23 19:45:00,2023,7,23,19,45,78,78624,L'HAUTIL RUE CD2,48.99592,2.0063,Plein jour,Hors agglomération,Hors intersection,Pluie légère,Trois véhicules et plus - collisions multiples,3,2,2,0,2,1,2,0,1,70,3,3,1,0,0,2,21.0,46.0,voiture,voiture,1,1,1,2,5
202300041121,2023-07-21 20:25:00,2023,7,21,20,25,73,73008,D1201 - Boulevard maréchal de lattre de tassigny,45.69502,5.90571,Plein jour,En agglomération,Hors intersection,Normale,Autre collision,3,3,2,2,1,1,1,-1,5,50,1,1,0,1,0,0,29.0,,deux_roues,,1,2,1,1,6
202300041122,2023-07-23 05:45:00,2023,7,23,5,45,64,64125,BASSILOUR (RUE),43.44426,-1.55991,Crépuscule ou aube,En agglomération,Hors intersection,Normale,Autre collision,4,2,1,0,2,1,1,0,3,50,1,1,0,0,0,1,35.0,,deux_roues,,2,2,1,1,6
202300041123,2023-07-23 01:35:00,2023,7,23,1,35,64,64102,MAI (AVENUE DU 8),43.451477,-1.493377,Nuit sans éclairage public,Hors agglomération,Hors intersection,Normale,Autre collision,3,2,4,0,2,1,1,0,1,110,1,2,1,1,0,0,54.0,,voiture,,3,1,1,1,6
202300041124,2023-07-22 13:20:00,2023,7,22,13,20,62,62178,D841,50.49046,2.56444,Plein jour,En agglomération,Autre intersection,Normale,Autre collision,3,1,1,0,1,2,1,9,1,30,3,4,3,0,1,0,23.0,22.0,voiture,deux_roues,1,2,9,1,6
202300041125,2023-07-23 03:33:00,2023,7,23,3,33,59,59220,HAUBOURDIN RUE D   N°IMPAIR,50.59915,3.065,Nuit sans éclairage public,En agglomération,Hors intersection,Temps couvert,Autre collision,7,2,2,0,1,1,1,0,4,50,1,3,0,0,0,3,30.0,,voiture,,3,2,1,8,6
202300041126,2023-07-21 12:20:00,2023,7,21,12,20,57,57227,NATIONALE (RUE)DU C. SCHOENECK /LIMITE C,49.18906,6.90588,Plein jour,En agglomération,Intersection en X,Normale,Autre collision,3,1,2,0,1,1,1,5,1,50,2,3,2,0,0,1,40.0,,utilitaire_camion,voiture,1,2,2,1,6
202300041126,2023-07-21 12:20:00,2023,7,21,12,20,57,57227,NATIONALE (RUE)DU C. SCHOENECK /LIMITE C,49.18906,6.90588,Plein jour,En agglomération,Intersection en X,Normale,Autre collision,3,1,2,0,2,1,1,0,1,50,2,3,2,0,0,1,40.0,,utilitaire_camion,voiture,1,2,2,1,6
202300041127,2023-07-23 15:30:00,2023,7,23,15,30,49,49328,REMPARTS (RUE DES),47.25636,-0.07475,Plein jour,En agglomération,Hors intersection,Normale,Deux véhicules - frontale,4,2,2,2,2,3,2,0,1,50,2,2,1,0,0,1,37.0,17.0,voiture,deux_roues,1,2,1,1,1
202300041128,2023-07-22 22:35:00,2023,7,22,22,35,41,41158,ROUTE DEPARTEMENTALE 957,47.77363,1.03318,Nuit sans éclairage public,Hors agglomération,Hors intersection,Normale,Deux véhicules - frontale,3,2,3,0,3,1,1,0,1,80,2,2,1,1,0,0,27.0,28.0,voiture,deux_roues,3,1,1,1,1
202300041129,2023-07-23 18:13:00,2023,7,23,18,13,41,41158,BRENIERE (RUE DE LA),47.78378,1.02825,Plein jour,Hors agglomération,Intersection en X,Normale,Deux véhicules - côté,3,-1,2,0,1,1,1,9,1,70,2,3,2,0,0,1,16.0,59.0,deux_roues,voiture,1,1,2,1,3
202300041129,2023-07-23 18:13:00,2023,7,23,18,13,41,41158,BRENIERE (RUE DE LA),47.78378,1.02825,Plein jour,Hors agglomération,Intersection en X,Normale,Deux véhicules - côté,3,-1,2,0,1,1,1,0,1,70,2,3,2,0,0,1,16.0,59.0,deux_roues,voiture,1,1,2,1,3
202300041130,2023-07-23 14:10:00,2023,7,23,14,10,37,37261,HEURTELOUP (BOULEVARD),47.39022,0.69003,Plein jour,En agglomération,Hors intersection,Normale,Autre collision,4,1,2,3,1,1,1,0,6,30,2,5,4,0,1,0,24.0,37.0,voiture,voiture,1,2,1,1,6
202300041131,2023-07-23 08:40:00,2023,7,23,8,40,37,37261,VERDUN (CARREFOUR DE),47.3742,0.69547,Plein jour,En agglomération,Autre intersection,Normale,Deux véhicules - arrière,4,1,4,0,1,2,1,5,1,50,2,4,0,0,4,0,28.0,56.0,voiture,utilitaire_camion,1,2,9,1,2
202300041132,2023-07-23 15:05:00,2023,7,23,15,5,35,35051,PIED (LIEU-DIT MOUILLE),48.11935,-1.56972,Plein jour,En agglomération,Hors intersection,Pluie légère,Deux véhicules - côté,4,2,2,1,2,3,2,0,1,80,2,3,2,0,0,1,25.0,71.0,voiture,voiture,1,2,1,2,3
202300041133,2023-07-23 13:10:00,2023,7,23,13,10,35,35278,RN136,48.13916,-1.69889,Plein jour,Hors agglomération,Hors intersection,Pluie légère,Autre collision,2,3,6,0,1,2,2,0,1,90,1,2,1,0,0,1,19.0,,voiture,,1,1,1,2,6
202300041134,2023-07-23 13:10:00,2023,7,23,13,10,35,35238,GROS CHENE (PLACE DU),48.12659,-1.66427,Plein jour,En agglomération,Hors intersection,Pluie légère,Deux véhicules - côté,6,-1, -1,0,1,1,2,0,1,-1,2,2,1,0,0,1,31.0,31.0,voiture,voiture,1,2,1,2,3
202300041135,2023-07-23 22:31:00,2023,7,23,22,31,31,31555,AV DES ETATS UNIS,43.63746,1.43004,Crépuscule ou aube,En agglomération,Hors intersection,Normale,Deux véhicules - côté,7,2,3,0,1,1,1,0,1,50,2,2,1,0,0,1,25.0,25.0,deux_roues,voiture,2,2,1,1,3
202300041136,2023-07-23 01:30:00,2023,7,23,1,30,31,31555,RUE GABRIEL PERI,43.60610179,1.45402282,Nuit avec éclairage allumé,En agglomération,Intersection en X,Normale,Deux véhicules - côté,4,1,1,0,1,1,1,9,1,30,2,2,1,0,1,0,31.0,24.0,deux_roues,voiture,5,2,2,1,3
202300041136,2023-07-23 01:30:00,2023,7,23,1,30,31,31555,RUE GABRIEL PERI,43.60610179,1.45402282,Nuit avec éclairage allumé,En agglomération,Intersection en X,Normale,Deux véhicules - côté,4,2,2,0,4,1,1,5,1,30,2,2,1,0,1,0,31.0,24.0,deux_roues,voiture,5,2,2,1,3
202300041137,2023-07-23 18:05:00,2023,7,23,18,5,27,27229,COCHEREL (RUE DE),49.01862,1.18426,Plein jour,En agglomération,Intersection en X,Normale,Deux véhicules - côté,4,2,2,0,1,1,1,0,1,50,2,2,1,0,0,1,60.0,43.0,voiture,deux_roues,1,2,2,1,3
202300041137,2023-07-23 18:05:00,2023,7,23,18,5,27,27229,COCHEREL (RUE DE),49.01862,1.18426,Plein jour,En agglomération,Intersection en X,Normale,Deux véhicules - côté,4,2,2,0,1,1,1,0,1,50,2,2,1,0,0,1,60.0,43.0,voiture,deux_roues,1,2,2,1,3
202300041138,2023-07-22 17:25:00,2023,7,22,17,25,07,07281,C.D.533,44.93104,4.80953,Plein jour,Hors agglomération,Hors intersection,Normale,Trois véhicules et plus - collisions multiples,3,2,2,0,2,3,1,0,1,90,3,3,0,0,0,3,71.0,25.0,voiture,deux_roues,1,1,1,1,5
202300041139,2023-07-23 19:10:00,2023,7,23,19,10,06,06004,NICE(RN.7) AV.ET RTE DE,43.6114,7.12603,Plein jour,Hors agglomération,Hors intersection,Normale,Autre collision,3,2,1,0,1,1,1,0,1,70,1,2,1,0,0,1,57.0,,transport_commun,,1,1,1,1,6
202300041140,2023-07-23 20:40:00,2023,7,23,20,40,75,75120,AVENUE GAMBETTA,48.868325,2.401448,Plein jour,En agglomération,Intersection à plus de 4 branches,Normale,Deux véhicules - frontale,4,2,2,0,2,1,1,0,1,30,2,3,2,0,0,1,22.0,43.0,deux_roues,voiture,1,2,5,1,1
202300041140,2023-07-23 20:40:00,2023,7,23,20,40,75,75120,AVENUE GAMBETTA,48.868325,2.401448,Plein jour,En agglomération,Intersection à plus de 4 branches,Normale,Deux véhicules - frontale,4,2,2,0,2,1,1,0,1,30,2,3,2,0,0,1,22.0,43.0,deux_roues,voiture,1,2,5,1,1
202300041141,2023-07-23 13:55:00,2023,7,23,13,55,75,75119,PLACE DU COLONEL FABIEN,48.878395,2.370518,Plein jour,En agglomération,Place,Pluie légère,Sans collision,4,1,3,0,1,2,2,0,1,30,1,1,0,0,0,1,58.0,,deux_roues,,1,2,7,2,7
202300041142,2023-07-23 14:00:00,2023,7,23,14,0,75,75118,BOULEVARD NEY,48.898546,2.356082,Plein jour,En agglomération,Autre intersection,Pluie légère,Autre collision,4,1,1,0,1,1,2,0,1,30,1,1,0,0,0,1,29.0,,voiture,,1,2,9,2,6
202300041143,2023-07-23 00:35:00,2023,7,23,0,35,75,75116,BOULEVARD SUCHET,48.855393,2.263408,Nuit avec éclairage allumé,En agglomération,Hors intersection,Normale,Autre collision,4,2,4,0,1,1,1,0,1,50,1,2,0,0,0,2,21.0,,deux_roues,,5,2,1,1,6
202300041144,2023-07-23 05:35:00,2023,7,23,5,35,75,75114,RUE VERCINGETORIX,48.834348,2.313646,Nuit avec éclairage allumé,En agglomération,Intersection en X,Normale,Autre collision,4,1, -1,0,1,1,1,9,1,50,1,2,1,0,0,1,23.0,,voiture,,5,2,2,1,6
202300041144,2023-07-23 05:35:00,2023,7,23,5,35,75,75114,RUE VERCINGETORIX,48.834348,2.313646,Nuit avec éclairage allumé,En agglomération,Intersection en X,Normale,Autre collision,4,1,2,1,1,1,1,0,1,50,1,2,1,0,0,1,23.0,,voiture,,5,2,2,1,6
202300041145,2023-07-23 02:15:00,2023,7,23,2,15,94,94077,Avenue du 8 Mai 1945,48.72652,2.40728,Nuit avec éclairage allumé,En agglomération,Hors intersection,Normale,Autre collision,3,2,3,0,1,1,1,0,8,70,1,1,0,0,0,1,20.0,,voiture,,5,2,1,1,6
202300041146,2023-07-23 15:20:00,2023,7,23,15,20,93,93005,Boulevard Kennedy,48.94567511,2.51459773,Plein jour,En agglomération,Hors intersection,Pluie légère,Deux véhicules - arrière,3,2,2,2,1,1,2,0,1,50,2,3,2,0,0,1,23.0,23.0,voiture,utilitaire_camion,1,2,1,2,2
202300041147,2023-07-23 13:00:00,2023,7,23,13,0,92,92047,JARDY,48.83121,2.1525,Plein jour,En agglomération,Hors intersection,Pluie légère,Deux véhicules - arrière,3,2,4,0,1,1,2,0,1,70,2,2,1,0,0,1,25.0,68.0,voiture,voiture,1,2,1,2,2
202300041148,2023-07-23 17:45:00,2023,7,23,17,45,92,92012,HENRI MARTIN (RUE),48.83691,2.25214,Plein jour,En agglomération,Intersection en X,Normale,Deux véhicules - côté,4,1,#VALEURMULTI,0,1,1,1,0,1,50,2,2,1,0,0,1,25.0,46.0,deux_roues,voiture,1,2,2,1,3
202300041149,2023-07-23 20:45:00,2023,7,23,20,45,71,71222,12 Route de Mâcon,46.66751,4.389387,Plein jour,En agglomération,Hors intersection,Normale,Autre collision,3,2,2,0,1,1,1,0,4,50,1,5,0,0,2,3,30.0,,voiture,,1,2,1,1,6
202300041150,2023-07-23 16:15:00,2023,7,23,16,15,68,68188,Linthal,47.936041,7.045498,Plein jour,Hors agglomération,Hors intersection,Pluie légère,Deux véhicules - côté,3,2,2,0,1,3,2,0,1,80,2,2,1,0,0,1,58.0,80.0,deux_roues,voiture,1,1,1,2,3
202300041151,2023-07-24 12:45:00,2023,7,24,12,45,49,49163,Route du mesnil (Chaumont-d'Anjou),47.5406,-0.290181,Plein jour,Hors agglomération,Hors intersection,Pluie légère,Sans collision,3,2,2,0,1,1,2,0,3,90,1,1,0,0,0,1,28.0,,deux_roues,,1,1,1,2,7
202300041152,2023-07-23 14:00:00,2023,7,23,14,0,36,36247,,46.90704626,1.61753833,Plein jour,Hors agglomération,Hors intersection,Normale,Sans collision,3,2,2,0,1,3,1,0,3,80,1,1,0,0,1,0,30.0,,deux_roues,,1,1,1,1,7
202300041153,2023-07-23 18:00:00,2023,7,23,18,0,46,46217,Sagnet,44.336557,1.424291,Plein jour,Hors agglomération,Hors intersection,Normale,Autre collision,4,2,2,0,2,2,1,0,3,80,1,1,0,1,0,0,61.0,,utilitaire_camion,,1,1,1,1,6
202300041154,2023-07-19 04:00:00,2023,7,19,4,0,86,86004,D2,46.687747,0.87719,Nuit sans éclairage public,Hors agglomération,Hors intersection,Normale,Sans collision,3,2,2,0,1,1,1,0,3,80,1,2,1,0,1,0,21.0,,voiture,,3,1,1,1,7
202300041155,2023-07-22 10:00:00,2023,7,22,10,0,62,62491,D169,50.612122,2.782416,Plein jour,Hors agglomération,Intersection en X,Normale,Autre collision,3,2,2,0,1,1,1,0,1,80,3,3,2,0,1,0,15.0,64.0,voiture,voiture,1,1,2,1,6
202300041155,2023-07-22 10:00:00,2023,7,22,10,0,62,62491,D169,50.612122,2.782416,Plein jour,Hors agglomération,Intersection en X,Normale,Autre collision,3,2,2,0,1,1,1,0,1,80,3,3,2,0,1,0,15.0,64.0,voiture,voiture,1,1,2,1,6
202300041156,2023-07-23 22:14:00,2023,7,23,22,14,25,25214,Autoroute A36 PK 059.500 direction BESANÇON,47.445381,6.740064,Nuit sans éclairage public,Hors agglomération,Hors intersection,Normale,Deux véhicules - arrière,1,3,4,0,2,1,1,0,1,130,2,3,1,1,1,0,64.0,29.0,utilitaire_camion,voiture,3,1,1,1,2