accident_id,datetime,annee,mois,jour,heure,minute,departement,commune_insee,adresse,latitude,longitude,luminosite,agglomeration,intersection,meteo,collision,catr,circ,nbv,vosp,prof,plan,surf,infra,situ,vma,nb_vehicules,nb_usagers,nb_indemnes,nb_tues,nb_blesses_hosp,nb_blesses_legers,age_cond_1,age_cond_2,veh_type_cond_1,veh_type_cond_2,lum_code,agg_code,int_code,atm_code,col_code
202300041730,2023-02-21 11:50:00,2023,2,21,11,50,71,71486,MARNE (AVENUE DE LA),46.64926,4.32061,Plein jour,En agglomération,Intersection en X,Normale,Deux véhicules - côté,4,2,2,0,1,1,1,0,1,50,2,3,2,0,0,1,35.0,28.0,utilitaire_camion,utilitaire_camion,1,2,2,1,3
202300041731,2023-05-15 07:45:00,2023,5,15,7,45,75,75120,BD PERIPHERIQUE INTERIEUR,48.847428,2.41456,Plein jour,En agglomération,Hors intersection,Normale,Deux véhicules - arrière,4,3,4,0,1,1,1,0,1,70,2,2,1,0,0,1,21.0,30.0,deux_roues,utilitaire_camion,1,2,1,1,2
202300041732,2023-11-04 13:25:00,2023,11,4,13,25,52,52480,route nationale 67,48.262345,5.12421,Plein jour,Hors agglomération,Hors intersection,Pluie légère,Deux véhicules - arrière,2,2,2,0,1,2,2,0,1,80,2,7,2,1,0,4,19.0,28.0,voiture,voiture,1,1,1,2,2
202300041733,2023-02-21 13:30:00,2023,2,21,13,30,71,71309,MARECHAL JOFFRE  (RUE DU),46.79017,4.40698,Plein jour,En agglomération,Hors intersection,Normale,Sans collision,4,2,2,0,2,2,1,0,4,50,1,1,0,0,0,1,13.0,,deux_roues,,1,2,1,1,7
202300041734,2023-02-22 13:47:00,2023,2,22,13,47,66,66136,,42.728051,2.90721,Plein jour,Hors agglomération,Hors intersection,Normale,Deux véhicules - arrière,3,2,2,0,1,1,1,0,1,70,2,2,0,0,0,2,42.0,22.0,voiture,voiture,1,1,1,1,2
202300041735,2023-11-03 14:10:00,2023,11,3,14,10,10,10045,A5,48.170895,4.468522,Plein jour,Hors agglomération,Hors intersection,Normale,Deux véhicules - arrière,1,3,2,3,2,1,1,0,2,130,2,3,2,0,1,0,52.0,52.0,voiture,utilitaire_camion,1,1,1,1,2
202300041736,2023-02-21 20:46:00,2023,2,21,20,46,64,64024,BAYONNE (AVENUE DE),43.48132,-1.5109,Nuit avec éclairage allumé,En agglomération,Hors intersection,Pluie légère,Sans collision,3,3,4,3,1,1,2,0,1,50,1,1,0,0,0,1,45.0,,deux_roues,,5,2,1,2,7
202300041737,2023-05-15 20:15:00,2023,5,15,20,15,75,75105,RUE BERTHOLLET,48.837685,2.345511,Crépuscule ou aube,En agglomération,Intersection en X,Pluie légère,Deux véhicules - côté,4,1, -1,0,1,1,2,0,1,30,2,2,1,0,0,1,58.0,28.0,voiture,deux_roues,2,2,2,2,3
202300041737,2023-05-15 20:15:00,2023,5,15,20,15,75,75105,RUE BERTHOLLET,48.837685,2.345511,Crépuscule ou aube,En agglomération,Intersection en X,Pluie légère,Deux véhicules - côté,4,2,2,0,1,1,2,0,1,30,2,2,1,0,0,1,58.0,28.0,voiture,deux_roues,2,2,2,2,3
202300041738,2023-02-21 19:45:00,2023,2,21,19,45,64,64024,BERNAIN (AVENUE EUGENE),43.484,-1.51146,Nuit avec éclairage allumé,En agglomération,Intersection en T,Normale,Deux véhicules - côté,4,2,3,0,2,1,1,9,1,30,2,2,1,0,0,1,19.0,69.0,deux_roues,voiture,5,2,3,1,3
202300041738,2023-02-21 19:45:00,2023,2,21,19,45,64,64024,BERNAIN (AVENUE EUGENE),43.484,-1.51146,Nuit avec éclairage allumé,En agglomération,Intersection en T,Normale,Deux véhicules - côté,4,2,2,0,2,1,1,0,1,30,2,2,1,0,0,1,19.0,69.0,deux_roues,voiture,5,2,3,1,3
202300041739,2023-11-04 17:50:00,2023,11,4,17,50,35,35208,l'Hermitière,47.963024,-1.687919,Crépuscule ou aube,Hors agglomération,Hors intersection,Pluie légère,Deux véhicules - frontale,4,-1,2,0,1,1,2,0,1,50,2,2,0,0,0,2,40.0,47.0,voiture,voiture,2,1,1,2,1
202300041740,2023-02-21 07:50:00,2023,2,21,7,50,64,64102,LOUIS DE FOIX (AVENUE),43.50448135,-1.46732524,Plein jour,En agglomération,Intersection en X,Normale,Deux véhicules - frontale,4,2,2,0,1,1,1,5,8,50,2,2,1,0,0,1,17.0,34.0,deux_roues,voiture,1,2,2,1,1
202300041740,2023-02-21 07:50:00,2023,2,21,7,50,64,64102,LOUIS DE FOIX (AVENUE),43.50448135,-1.46732524,Plein jour,En agglomération,Intersection en X,Normale,Deux véhicules - frontale,4,2,2,0,1,1,1,5,8,50,2,2,1,0,0,1,17.0,34.0,deux_roues,voiture,1,2,2,1,1
202300041740,2023-02-21 07:50:00,2023,2,21,7,50,64,64102,LOUIS DE FOIX (AVENUE),43.50448135,-1.46732524,Plein jour,En agglomération,Intersection en X,Normale,Deux véhicules - frontale,4,2,4,0,1,1,1,5,1,50,2,2,1,0,0,1,17.0,34.0,deux_roues,voiture,1,2,2,1,1
202300041741,2023-05-15 19:55:00,2023,5,15,19,55,75,75105,RUE MONGE,48.841657,2.351945,Crépuscule ou aube,En agglomération,Intersection en T,Pluie légère,Autre collision,4,1, -1,0,1,1,2,0,1,30,1,2,1,0,0,1,,,deux_roues,,2,2,3,2,6
202300041741,2023-05-15 19:55:00,2023,5,15,19,55,75,75105,RUE MONGE,48.841657,2.351945,Crépuscule ou aube,En agglomération,Intersection en T,Pluie légère,Autre collision,4,-1,2,0,2,1,2,0,1,30,1,2,1,0,0,1,,,deux_roues,,2,2,3,2,6
202300041742,2023-02-20 17:55:00,2023,2,20,17,55,64,64102,MAURICE RAVEL (RUE),43.48312,-1.48439,Plein jour,En agglomération,Hors intersection,Normale,Autre collision,4,1,1,0,1,1,1,0,1,50,1,1,0,0,0,1,81.0,,voiture,,1,2,1,1,6
202300041743,2023-11-03 21:50:00,2023,11,3,21,50,72,72223,A11 PK 202+200 sens Le Mans /Angers,47.87132353,-0.11776686,Nuit sans éclairage public,Hors agglomération,Hors intersection,Autre,Deux véhicules - côté,1,3,2,0,1,2,2,0,3,130,2,6,3,0,2,1,24.0,49.0,voiture,voiture,3,1,1,9,3
202300041744,2023-02-08 07:30:00,2023,2,8,7,30,62,62413,Chemin Valois,50.45217,2.90499,Plein jour,En agglomération,Hors intersection,Normale,Autre collision,4,2,0,0,1,1,1,0,1,50,1,2,1,0,0,1,38.0,,voiture,,1,2,1,1,6
202300041745,2023-05-15 21:00:00,2023,5,15,21,0,75,75120,AVENUE GAMBETTA,48.868319,2.401412,Nuit avec éclairage allumé,En agglomération,Place,Normale,Deux véhicules - côté,4,2,2,0,2,1,1,0,1,30,2,2,1,0,0,1,43.0,50.0,deux_roues,deux_roues,5,2,7,1,3
202300041745,2023-05-15 21:00:00,2023,5,15,21,0,75,75120,AVENUE GAMBETTA,48.868319,2.401412,Nuit avec éclairage allumé,En agglomération,Place,Normale,Deux véhicules - côté,4,2, -1,0,1,1,1,0,1,30,2,2,1,0,0,1,43.0,50.0,deux_roues,deux_roues,5,2,7,1,3
202300041746,2023-11-05 15:55:00,2023,11,5,15,55,51,51588,Autoroute A4 - PK204,49.069564,4.766479,Plein jour,Hors agglomération,Hors intersection,Normale,Sans collision,1,1,2,0,1,1,1,0,2,130,1,2,0,0,0,2,72.0,,voiture,,1,1,1,1,7
202300041747,2023-02-22 16:47:00,2023,2,22,16,47,60,60057,Rue Pierre et Marie Curie,49.410188,2.113293,Nuit avec éclairage allumé,En agglomération,Autre intersection,Pluie légère,Deux véhicules - arrière,4,2,3,0,1,3,2,5,1,50,2,3,1,0,2,0,24.0,59.0,voiture,voiture,5,2,9,2,2
202300041748,2023-11-04 20:25:00,2023,11,4,20,25,21,21331,A36 PK 275.200,47.124315,5.395532,Nuit sans éclairage public,Hors agglomération,Hors intersection,Normale,Autre collision,1,3,2,0,1,1,2,0,2,130,1,1,0,0,0,1,37.0,,voiture,,3,1,1,1,6
202300041749,2023-02-21 19:05:00,2023,2,21,19,5,56,56098,20 Rue du Chemin de Fer,47.75912,-3.3465,Plein jour,En agglomération,Hors intersection,Normale,Autre collision,4,1,1,0,2,2,1,0,3,20,1,1,0,0,0,1,47.0,,voiture,,1,2,1,1,6
202300041750,2023-05-15 17:00:00,2023,5,15,17,0,75,75120,PONT DE LAGNY,48.849301,2.414612,Plein jour,En agglomération,Intersection en Y,Pluie légère,Autre collision,4,-1, -1,0,1,1,2,0,5,30,1,2,1,0,0,1,34.0,,deux_roues,,1,2,4,2,6
202300041750,2023-05-15 17:00:00,2023,5,15,17,0,75,75120,PONT DE LAGNY,48.849301,2.414612,Plein jour,En agglomération,Intersection en Y,Pluie légère,Autre collision,4,3,0,1,1,1,2,0,5,30,1,2,1,0,0,1,34.0,,deux_roues,,1,2,4,2,6
202300041751,2023-02-21 15:25:00,2023,2,21,15,25,56,56121,69 Rue de Lanveur,47.74359,-3.39053,Plein jour,En agglomération,Hors intersection,Normale,Autre collision,4,2,2,0,1,1,1,0,1,30,1,2,1,0,0,1,39.0,,utilitaire_camion,,1,2,1,1,6
202300041752,2023-05-15 07:55:00,2023,5,15,7,55,75,75120,RUE DES PYRENEES,48.87386,2.387266,Plein jour,En agglomération,Hors intersection,Normale,Deux véhicules - arrière,4,2,3,3,1,1,1,0,1,30,2,2,1,0,0,1,66.0,59.0,voiture,voiture,1,2,1,1,2
202300041753,2023-02-21 08:10:00,2023,2,21,8,10,56,56121,Rond-point de l'Australie,47.75005,-3.36644,Plein jour,En agglomération,Giratoire,Temps couvert,Deux véhicules - côté,4,1,1,0,1,3,1,5,1,30,2,2,1,0,0,1,26.0,27.0,deux_roues,voiture,1,2,6,8,3
202300041753,2023-02-21 08:10:00,2023,2,21,8,10,56,56121,Rond-point de l'Australie,47.75005,-3.36644,Plein jour,En agglomération,Giratoire,Temps couvert,Deux véhicules - côté,4,3,2,0,1,1,1,5,1,30,2,2,1,0,0,1,26.0,27.0,deux_roues,voiture,1,2,6,8,3
202300041754,2023-11-05 11:30:00,2023,11,5,11,30,34,34163,D619,43.631269,3.703111,Plein jour,Hors agglomération,Intersection en T,Vent fort / tempête,Deux véhicules - côté,3,2,2,0,1,1,1,0,1,80,2,2,1,0,1,0,78.0,63.0,voiture,deux_roues,1,1,3,6,3
202300041754,2023-11-05 11:30:00,2023,11,5,11,30,34,34163,D619,43.631269,3.703111,Plein jour,Hors agglomération,Intersection en T,Vent fort / tempête,Deux véhicules - côté,3,2, -1,-1,1,1,1,0,1,-1,2,2,1,0,1,0,78.0,63.0,voiture,deux_roues,1,1,3,6,3
202300041755,2023-02-22 07:33:00,2023,2,22,7,33,54,54036,RD 906,49.297116,5.961748,Plein jour,Hors agglomération,Hors intersection,Normale,Deux véhicules - frontale,3,2,2,0,1,1,1,0,1,80,2,4,2,0,2,0,56.0,59.0,voiture,utilitaire_camion,1,1,1,1,1
202300041756,2023-11-04 17:15:00,2023,11,4,17,15,987,98750,pk 16 coté montagne,-16.821,-151.404,Plein jour,Hors agglomération,Hors intersection,Pluie forte,Deux véhicules - frontale,2,2,2,0,2,3,2,0,1,60,2,2,1,0,1,0,43.0,36.0,deux_roues,utilitaire_camion,1,1,1,3,1
202300041757,2023-05-15 15:00:00,2023,5,15,15,0,75,75117,BOULEVARD DU BOIS LE PRETRE,48.899806,2.319159,Plein jour,En agglomération,Intersection en T,Normale,Deux véhicules - côté,4,2,4,0,1,1,1,0,1,30,2,2,1,0,0,1,51.0,33.0,voiture,voiture,1,2,3,1,3
202300041757,2023-05-15 15:00:00,2023,5,15,15,0,75,75117,BOULEVARD DU BOIS LE PRETRE,48.899806,2.319159,Plein jour,En agglomération,Intersection en T,Normale,Deux véhicules - côté,4,2,2,0,1,1,1,0,1,30,2,2,1,0,0,1,51.0,33.0,voiture,voiture,1,2,3,1,3
202300041758,2023-02-22 17:30:00,2023,2,22,17,30,51,51454,rue du Docteur Lemoine,49.26835,4.03529,Plein jour,En agglomération,Intersection en X,Pluie légère,Deux véhicules - côté,4,2,4,0,1,1,2,0,1,50,2,2,1,0,0,1,79.0,23.0,deux_roues,voiture,1,2,2,2,3
202300041758,2023-02-22 17:30:00,2023,2,22,17,30,51,51454,rue du Docteur Lemoine,49.26835,4.03529,Plein jour,En agglomération,Intersection en X,Pluie légère,Deux véhicules - côté,4,1,1,0,1,1,2,0,1,50,2,2,1,0,0,1,79.0,23.0,deux_roues,voiture,1,2,2,2,3
202300041759,2023-05-15 16:50:00,2023,5,15,16,50,75,75115,AVENUE DE SUFFREN,48.849428,2.303757,Plein jour,En agglomération,Intersection en X,Pluie légère,Deux véhicules - côté,4,2,4,0,1,1,2,0,1,30,2,2,1,0,0,1,51.0,16.0,utilitaire_camion,deux_roues,1,2,2,2,3
202300041759,2023-05-15 16:50:00,2023,5,15,16,50,75,75115,AVENUE DE SUFFREN,48.849428,2.303757,Plein jour,En agglomération,Intersection en X,Pluie légère,Deux véhicules - côté,4,2,4,0,1,1,2,0,1,30,2,2,1,0,0,1,51.0,16.0,utilitaire_camion,deux_roues,1,2,2,2,3
202300041760,2023-11-04 08:20:00,2023,11,4,8,20,973,97311,30 Rue Montravel,5.501631,-54.027683,Plein jour,En agglomération,Intersection en X,Normale,Deux véhicules - côté,4,2,2,0,1,1,1,0,1,50,2,3,1,0,1,1,27.0,46.0,deux_roues,voiture,1,2,2,1,3
202300041760,2023-11-04 08:20:00,2023,11,4,8,20,973,97311,30 Rue Montravel,5.501631,-54.027683,Plein jour,En agglomération,Intersection en X,Normale,Deux véhicules - côté,4,2, -1,-1,1,1,1,0,1,-1,2,3,1,0,1,1,27.0,46.0,deux_roues,voiture,1,2,2,1,3
202300041761,2023-05-15 12:10:00,2023,5,15,12,10,75,75115,RUE CAUCHY,48.842692,2.27688,Plein jour,En agglomération,Hors intersection,Normale,Autre collision,4,1,1,0,1,1,1,0,1,30,1,1,0,0,0,1,26.0,,voiture,,1,2,1,1,6
202300041762,2023-02-22 16:15:00,2023,2,22,16,15,51,51454,boulevard du Président Wilson,49.23614,4.02647,Plein jour,En agglomération,Intersection en X,Pluie légère,Deux véhicules - côté,4,2,2,0,2,1,2,0,1,50,2,4,3,0,0,1,46.0,33.0,voiture,voiture,1,2,2,2,3
202300041762,2023-02-22 16:15:00,2023,2,22,16,15,51,51454,boulevard du Président Wilson,49.23614,4.02647,Plein jour,En agglomération,Intersection en X,Pluie légère,Deux véhicules - côté,4,2,2,0,2,1,2,0,1,50,2,4,3,0,0,1,46.0,33.0,voiture,voiture,1,2,2,2,3
202300041763,2023-11-04 15:55:00,2023,11,4,15,55,77,77485,D16,48.364586,2.517768,Plein jour,En agglomération,Hors intersection,Normale,Deux véhicules - frontale,3,2,2,0,1,2,2,0,3,50,1,1,0,0,0,1,84.0,,voiture,,1,2,1,1,1
202300041764,2023-05-15 09:00:00,2023,5,15,9,0,75,75112,QUAI DE BERCY,48.8401,2.37494,Plein jour,En agglomération,Hors intersection,Normale,Trois véhicules et plus - collisions multiples,4,1,3,0,2,1,1,0,1,50,5,5,4,0,0,1,29.0,53.0,utilitaire_camion,deux_roues,1,2,1,1,5
202300041765,2023-02-22 09:46:00,2023,2,22,9,46,51,51055,Voie Romaine,49.27845399,4.05761093,Plein jour,En agglomération,Giratoire,Pluie légère,Deux véhicules - côté,3,2,2,0,1,1,2,0,1,50,2,3,1,0,0,2,77.0,19.0,voiture,voiture,1,2,6,2,3
202300041766,2023-11-05 13:04:00,2023,11,5,13,4,77,77176,rue du bray + rue de la garenne,48.800232,2.999949,Plein jour,En agglomération,Intersection en X,Normale,Deux véhicules - côté,4,1,1,0,1,1,2,0,1,30,2,3,1,0,0,2,16.0,41.0,autre,voiture,1,2,2,1,3
202300041766,2023-11-05 13:04:00,2023,11,5,13,4,77,77176,rue du bray + rue de la garenne,48.800232,2.999949,Plein jour,En agglomération,Intersection en X,Normale,Deux véhicules - côté,4,1,1,0,1,1,2,0,1,30,2,3,1,0,0,2,16.0,41.0,autre,voiture,1,2,2,1,3
202300041767,2023-05-15 04:59:00,2023,5,15,4,59,75,75110,BOULEVARD DE MAGENTA,48.874839,2.357381,Nuit avec éclairage allumé,En agglomération,Intersection en X,Normale,Autre collision,4,1,4,1,1,1,1,0,1,30,1,2,1,0,0,1,33.0,,transport_commun,,5,2,2,1,6
202300041767,2023-05-15 04:59:00,2023,5,15,4,59,75,75110,BOULEVARD DE MAGENTA,48.874839,2.357381,Nuit avec éclairage allumé,En agglomération,Intersection en X,Normale,Autre collision,4,3,4,0,1,1,1,0,1,30,1,2,1,0,0,1,33.0,,transport_commun,,5,2,2,1,6
202300041768,2023-02-21 14:55:00,2023,2,21,14,55,51,51454,avenue Nationale - la Neuvillette,49.28391,4.01032,Plein jour,En agglomération,Hors intersection,Normale,Autre collision,4,2,2,1,1,1,1,0,1,50,1,2,1,0,0,1,39.0,,deux_roues,,1,2,1,1,6
202300041769,2023-05-15 10:00:00,2023,5,15,10,0,75,75109,RUE SAULNIER,48.874008,2.344767,Plein jour,En agglomération,Intersection en Y,Temps couvert,Autre collision,4,1, -1,0,1,1,1,0,1,30,1,2,1,0,0,1,,,utilitaire_camion,,1,2,4,8,6
202300041769,2023-05-15 10:00:00,2023,5,15,10,0,75,75109,RUE SAULNIER,48.874008,2.344767,Plein jour,En agglomération,Intersection en Y,Temps couvert,Autre collision,4,1,2,1,1,1,1,0,1,30,1,2,1,0,0,1,,,utilitaire_camion,,1,2,4,8,6
202300041770,2023-02-22 18:25:00,2023,2,22,18,25,45,45338,49 Avenue de la Libération,47.98884,2.69487,Nuit sans éclairage public,En agglomération,Hors intersection,Pluie légère,Deux véhicules - côté,4,1,1,0,1,3,2,0,1,50,2,3,1,0,1,1,46.0,21.0,voiture,voiture,3,2,1,2,3
202300041771,2023-11-05 09:10:00,2023,11,5,9,10,66,66011,,42.606572,2.884453,Plein jour,En agglomération,Hors intersection,Normale,Deux véhicules - côté,3,2,2,0,1,1,1,0,1,50,2,3,2,1,0,0,27.0,26.0,voiture,deux_roues,1,2,1,1,3
202300041772,2023-05-15 18:10:00,2023,5,15,18,10,75,75108,RUE BALZAC,48.87323,2.300194,Plein jour,En agglomération,Intersection en X,Pluie légère,Autre collision,4,1, -1,0,1,1,2,0,1,30,1,2,1,0,1,0,23.0,,deux_roues,,1,2,2,2,6
202300041772,2023-05-15 18:10:00,2023,5,15,18,10,75,75108,RUE BALZAC,48.87323,2.300194,Plein jour,En agglomération,Intersection en X,Pluie légère,Autre collision,4,1,2,0,4,1,2,5,1,30,1,2,1,0,1,0,23.0,,deux_roues,,1,2,2,2,6
202300041773,2023-02-22 14:05:00,2023,2,22,14,5,38,38229,A41,45.20098,5.75933,Plein jour,Hors agglomération,Hors intersection,Normale,Deux véhicules - arrière,1,3,5,0,1,1,1,0,1,70,2,2,1,1,0,0,49.0,48.0,voiture,voiture,1,1,1,1,2
202300041774,2023-10-31 11:15:00,2023,10,31,11,15,34,34344,rue des croisades,43.56818,4.074672,Plein jour,En agglomération,Intersection en X,Normale,Autre collision,4,2,2,0,1,1,1,0,1,50,1,2,1,0,0,1,22.0,,utilitaire_camion,,1,2,2,1,6
202300041774,2023-10-31 11:15:00,2023,10,31,11,15,34,34344,rue des croisades,43.56818,4.074672,Plein jour,En agglomération,Intersection en X,Normale,Autre collision,4,2, -1,-1,1,1,1,0,1,50,1,2,1,0,0,1,22.0,,utilitaire_camion,,1,2,2,1,6
202300041775,2023-05-15 10:00:00,2023,5,15,10,0,75,75108,PLACE DE LA CONCORDE,48.866394,2.323485,Plein jour,En agglomération,Intersection en Y,Normale,Deux véhicules - côté,4,1, -1,0,1,1,1,0,1,30,2,2,1,0,0,1,45.0,30.0,voiture,deux_roues,1,2,4,1,3
202300041775,2023-05-15 10:00:00,2023,5,15,10,0,75,75108,PLACE DE LA CONCORDE,48.866394,2.323485,Plein jour,En agglomération,Intersection en Y,Normale,Deux véhicules - côté,4,1,2,1,1,1,1,0,1,30,2,2,1,0,0,1,45.0,30.0,voiture,deux_roues,1,2,4,1,3
202300041776,2023-02-22 07:20:00,2023,2,22,7,20,37,37261,WAGNER (BOULEVARD RICHARD),47.37683,0.71361,Plein jour,En agglomération,Hors intersection,Normale,Autre collision,4,2,4,0,1,1,1,0,1,50,1,2,1,0,0,1,29.0,,voiture,,1,2,1,1,6
202300041777,2023-05-14 05:20:00,2023,5,14,5,20,75,75108,PLACE DES TERNES,48.878255,2.29896,Nuit avec éclairage allumé,En agglomération,Intersection en Y,Normale,Autre collision,4,2, -1,0,1,1,1,0,1,30,1,2,1,0,0,1,24.0,,voiture,,5,2,4,1,6
202300041777,2023-05-14 05:20:00,2023,5,14,5,20,75,75108,PLACE DES TERNES,48.878255,2.29896,Nuit avec éclairage allumé,En agglomération,Intersection en Y,Normale,Autre collision,4,2,3,0,1,3,1,0,1,30,1,2,1,0,0,1,24.0,,voiture,,5,2,4,1,6
202300041778,2023-11-05 11:55:00,2023,11,5,11,55,89,89013,"A6 , pk 149+800",47.865058,3.502611,Plein jour,Hors agglomération,Hors intersection,Normale,Autre collision,1,3,3,0,2,1,2,0,3,130,1,1,0,0,1,0,85.0,,voiture,,1,1,1,1,6
202300041779,2023-02-21 20:08:00,2023,2,21,20,8,36,36044,Rue des Etats Unis,46.81619,1.70088,Nuit avec éclairage allumé,En agglomération,Intersection en T,Normale,Deux véhicules - côté,4,2,2,0,1,1,1,0,1,50,2,2,1,0,1,0,77.0,51.0,voiture,deux_roues,5,2,3,1,3
202300041779,2023-02-21 20:08:00,2023,2,21,20,8,36,36044,Rue des Etats Unis,46.81619,1.70088,Nuit avec éclairage allumé,En agglomération,Intersection en T,Normale,Deux véhicules - côté,4,2,2,0,1,1,1,0,1,50,2,2,1,0,1,0,77.0,51.0,voiture,deux_roues,5,2,3,1,3
202300041780,2023-11-05 08:54:00,2023,11,5,8,54,38,38009,Route du Dauphine,45.346045,4.881186,Plein jour,En agglomération,Hors intersection,Normale,Autre collision,3,2,2,0,2,2,1,0,8,50,1,1,0,0,1,0,52.0,,voiture,,1,2,1,1,6
202300041781,2023-05-15 09:15:00,2023,5,15,9,15,94,94015,Boulevard Jean Monnet,48.83176023,2.532976,Plein jour,En agglomération,Giratoire,Normale,Deux véhicules - arrière,3,1,4,0,1,3,1,9,1,50,2,3,2,0,0,1,44.0,61.0,voiture,voiture,1,2,6,1,2
202300041781,2023-05-15 09:15:00,2023,5,15,9,15,94,94015,Boulevard Jean Monnet,48.83176023,2.532976,Plein jour,En agglomération,Giratoire,Normale,Deux véhicules - arrière,3,-1,2,0,1,3,1,9,1,50,2,3,2,0,0,1,44.0,61.0,voiture,voiture,1,2,6,1,2
202300041782,2023-02-22 07:50:00,2023,2,22,7,50,35,35281,DODIN (AVENUE ROGER),48.07838,-1.71271,Crépuscule ou aube,En agglomération,Giratoire,Pluie légère,Sans collision,3,3,4,1,1,1,2,0,1,50,1,1,0,0,0,1,62.0,,deux_roues,,2,2,6,2,7
202300041783,2023-05-15 15:40:00,2023,5,15,15,40,93,93078,Boulevard Robert Ballanger,48.95801,2.54632,Plein jour,En agglomération,Hors intersection,Normale,Trois véhicules et plus - en chaîne,3,3,2,0,1,1,1,0,1,50,3,3,2,0,0,1,59.0,55.0,voiture,voiture,1,2,1,1,4
202300041784,2023-11-05 15:50:00,2023,11,5,15,50,44,44201,175 Avenue de l'Europe,47.342798,-1.529707,Plein jour,En agglomération,Hors intersection,Normale,Autre collision,3,3,1,0,1,1,2,0,1,50,1,2,1,0,1,0,32.0,,voiture,,1,2,1,1,6
202300041785,2023-05-14 20:10:00,2023,5,14,20,10,93,93046,Av du Consul General Nordling / Avenue Charles de Gaulle,48.91649,2.53164,Plein jour,En agglomération,Intersection en X,Normale,Deux véhicules - côté,3,2,2,3,1,1,1,0,1,50,2,3,2,0,0,1,51.0,32.0,voiture,voiture,1,2,2,1,3
202300041785,2023-05-14 20:10:00,2023,5,14,20,10,93,93046,Av du Consul General Nordling / Avenue Charles de Gaulle,48.91649,2.53164,Plein jour,En agglomération,Intersection en X,Normale,Deux véhicules - côté,3,3,4,0,1,1,1,5,1,50,2,3,2,0,0,1,51.0,32.0,voiture,voiture,1,2,2,1,3
202300041786,2023-02-22 15:00:00,2023,2,22,15,0,30,30007,,44.1097,4.1121,Plein jour,En agglomération,Hors intersection,Normale,Trois véhicules et plus - en chaîne,3,2,2,0,1,1,1,0,1,50,3,7,4,0,0,3,24.0,60.0,utilitaire_camion,voiture,1,2,1,1,4
202300041787,2023-05-14 03:00:00,2023,5,14,3,0,93,93032,Allée de l'Horloge,48.87432,2.55968,Nuit avec éclairage allumé,En agglomération,Hors intersection,Normale,Autre collision,4,2,2,0,1,3,1,0,1,50,1,1,0,0,1,0,22.0,,deux_roues,,5,2,1,1,6
202300041788,2023-11-04 18:00:00,2023,11,4,18,0,38,38276,Route Departementale 1085,45.563502,5.303661,Nuit avec éclairage allumé,En agglomération,Hors intersection,Pluie forte,Trois véhicules et plus - collisions multiples,3,2,1,0,1,1,2,0,1,70,3,5,1,0,1,3,59.0,57.0,voiture,voiture,5,2,1,3,5
202300041789,2023-05-14 22:00:00,2023,5,14,22,0,92,92051,"CHARLES DE GAULLE (AVENUE, N°27 A 129)",48.88164403,2.27054894,Nuit avec éclairage allumé,Hors agglomération,Hors intersection,Normale,Deux véhicules - arrière,2,1,0,0,1,1,1,0,1,50,2,3,2,0,0,1,39.0,38.0,voiture,deux_roues,5,1,1,1,2
202300041790,2023-02-22 13:30:00,2023,2,22,13,30,29,29039,Avenue Alain le Lay,47.877158,-3.914632,Plein jour,En agglomération,Intersection en T,Pluie légère,Deux véhicules - côté,4,1,2,0,1,1,2,0,1,50,2,3,2,0,0,1,52.0,20.0,voiture,voiture,1,2,3,2,3
202300041790,2023-02-22 13:30:00,2023,2,22,13,30,29,29039,Avenue Alain le Lay,47.877158,-3.914632,Plein jour,En agglomération,Intersection en T,Pluie légère,Deux véhicules - côté,4,1,2,2,1,2,2,0,1,50,2,3,2,0,0,1,52.0,20.0,voiture,voiture,1,2,3,2,3
202300041791,2023-11-04 00:27:00,2023,11,4,0,27,13,13212,A507 sens Aubagne- Marseille,43.30241,5.42566,Nuit avec éclairage allumé,Hors agglomération,Hors intersection,Normale,Deux véhicules - arrière,1,1,3,0,3,1,1,0,1,70,2,2,0,0,0,2,23.0,28.0,utilitaire_camion,voiture,5,1,1,1,2
202300041792,2023-05-15 17:45:00,2023,5,15,17,45,92,92044,VIC. HUGO(RUE)091A113 ET 112A146,48.89755156,2.2950536,Plein jour,En agglomération,Autre intersection,Pluie légère,Autre collision,3,2,3,3,1,1,2,0,1,50,1,2,1,0,0,1,57.0,,deux_roues,,1,2,9,2,6
202300041793,2023-05-15 08:00:00,2023,5,15,8,0,92,92002,PIERRE BROSSOLETTE (BOULEVARD),48.75599,2.30124,Plein jour,En agglomération,Hors intersection,Normale,Autre collision,4,1,1,0,1,1,1,0,1,30,1,2,1,0,0,1,32.0,,deux_roues,,1,2,1,1,6
202300041794,2023-02-14 20:45:00,2023,2,14,20,45,24,24322,BASSIN (BRETELLE DU),45.18545,0.70201,Nuit avec éclairage allumé,En agglomération,Intersection en T,Normale,Deux véhicules - arrière,3,2,2,0,1,1,1,0,1,50,2,2,1,0,1,0,38.0,20.0,voiture,deux_roues,5,2,3,1,2
202300041794,2023-02-14 20:45:00,2023,2,14,20,45,24,24322,BASSIN (BRETELLE DU),45.18545,0.70201,Nuit avec éclairage allumé,En agglomération,Intersection en T,Normale,Deux véhicules - arrière,3,4,3,0,1,1,1,0,1,50,2,2,1,0,1,0,38.0,20.0,voiture,deux_roues,5,2,3,1,2