accident_id,datetime,annee,mois,jour,heure,minute,departement,commune_insee,adresse,latitude,longitude,luminosite,agglomeration,intersection,meteo,collision,catr,circ,nbv,vosp,prof,plan,surf,infra,situ,vma,nb_vehicules,nb_usagers,nb_indemnes,nb_tues,nb_blesses_hosp,nb_blesses_legers,age_cond_1,age_cond_2,veh_type_cond_1,veh_type_cond_2,lum_code,agg_code,int_code,atm_code,col_code
202300041795,2023-05-16 08:15:00,2023,5,16,8,15,60,60040,D101,49.414954,2.600302,Plein jour,Hors agglomération,Intersection en X,Normale,Deux véhicules - côté,3,2,2,0,1,1,1,5,1,80,2,2,1,0,1,0,40.0,18.0,voiture,deux_roues,1,1,2,1,3
202300041795,2023-05-16 08:15:00,2023,5,16,8,15,60,60040,D101,49.414954,2.600302,Plein jour,Hors agglomération,Intersection en X,Normale,Deux véhicules - côté,3,2, -1,-1,1,1,1,0,1,-1,2,2,1,0,1,0,40.0,18.0,voiture,deux_roues,1,1,2,1,3
202300041796,2023-11-03 11:10:00,2023,11,3,11,10,83,83047,A570,43.13554726,6.04481649,Plein jour,Hors agglomération,Hors intersection,Normale,Trois véhicules et plus - en chaîne,1,3,4,0,1,1,1,0,1,110,3,4,1,0,0,3,33.0,24.0,voiture,voiture,1,1,1,1,4
202300041797,2023-02-19 07:40:00,2023,2,19,7,40,22,22113,DE LA FAYETTE (BOULEVARD),48.74279398,-3.44840884,Crépuscule ou aube,En agglomération,Hors intersection,Normale,Sans collision,4,-1,1,0,4,1,1,0,8,50,1,1,0,1,0,0,78.0,,voiture,,2,2,1,1,7
202300041798,2023-05-15 17:50:00,2023,5,15,17,50,57,57307,D72,49.177427,6.382815,Plein jour,Hors agglomération,Hors intersection,Normale,Deux véhicules - arrière,3,2,2,0,2,3,1,0,1,80,2,3,2,0,0,1,31.0,49.0,deux_roues,utilitaire_camion,1,1,1,1,2
202300041799,2023-05-15 14:35:00,2023,5,15,14,35,87,87002,Mazaudon,45.976666,1.433045,Plein jour,Hors agglomération,Hors intersection,Normale,Autre collision,3,2,2,0,1,2,1,0,3,70,1,1,0,0,1,0,33.0,,voiture,,1,1,1,1,6
202300041800,2023-02-20 21:30:00,2023,2,20,21,30,14,14366,Avenue Georges Pompidou,49.13509,0.2238,Nuit avec éclairage allumé,En agglomération,Hors intersection,Normale,Deux véhicules - arrière,4,2,2,0,1,1,1,9,1,50,2,2,1,0,0,1,16.0,,deux_roues,,5,2,1,1,2
202300041801,2023-11-04 22:30:00,2023,11,4,22,30,69,69152,Route de Métropole 7,45.70204,4.83517,Nuit sans éclairage public,Hors agglomération,Hors intersection,Normale,Deux véhicules - arrière,7,3,6,0,1,1,1,0,1,70,2,2,1,0,0,1,27.0,27.0,voiture,voiture,3,1,1,1,2
202300041802,2023-05-16 06:10:00,2023,5,16,6,10,62,62295,D341,50.6142412,2.2912064,Crépuscule ou aube,Hors agglomération,Hors intersection,Normale,Deux véhicules - frontale,3,2,2,0,1,1,1,0,1,80,2,2,0,0,1,1,33.0,53.0,voiture,voiture,2,1,1,1,1
202300041803,2023-04-07 20:46:00,2023,4,7,20,46,37,37214,Departementale D2 - PK4+300,47.4458282,0.67557111,Crépuscule ou aube,Hors agglomération,Intersection en T,Normale,Deux véhicules - arrière,3,2,2,0,2,1,1,0,1,50,2,2,1,0,0,1,64.0,19.0,voiture,deux_roues,2,1,3,1,2
202300041803,2023-04-07 20:46:00,2023,4,7,20,46,37,37214,Departementale D2 - PK4+300,47.4458282,0.67557111,Crépuscule ou aube,Hors agglomération,Intersection en T,Normale,Deux véhicules - arrière,3,2,2,0,1,1,1,0,1,50,2,2,1,0,0,1,64.0,19.0,voiture,deux_roues,2,1,3,1,2
202300041804,2023-02-21 14:23:00,2023,2,21,14,23,14,14366,15 Rue de la Résistance,49.144256,0.226723,Plein jour,En agglomération,Place,Normale,Autre collision,4,1,1,0,2,1,1,6,1,50,1,2,1,0,1,0,32.0,,utilitaire_camion,,1,2,7,1,6
202300041805,2023-11-03 16:30:00,2023,11,3,16,30,01,01249,A432N 0.485 A 6.500,45.860022,4.911061,Plein jour,Hors agglomération,Hors intersection,Pluie légère,Deux véhicules - côté,1,1,2,0,1,1,2,0,1,110,2,2,1,0,0,1,,21.0,utilitaire_camion,voiture,1,1,1,2,3
202300041806,2023-05-02 19:10:00,2023,5,2,19,10,28,28160,D335.5,48.407632,1.640592,Plein jour,Hors agglomération,Intersection en X,Temps éblouissant,Deux véhicules - côté,3,2,1,0,1,1,1,0,1,80,2,2,1,0,1,0,79.0,29.0,voiture,voiture,1,1,2,7,3
202300041806,2023-05-02 19:10:00,2023,5,2,19,10,28,28160,D335.5,48.407632,1.640592,Plein jour,Hors agglomération,Intersection en X,Temps éblouissant,Deux véhicules - côté,3,2,2,0,1,1,1,0,1,80,2,2,1,0,1,0,79.0,29.0,voiture,voiture,1,1,2,7,3
202300041807,2023-04-08 18:15:00,2023,4,8,18,15,30,30066,D6110,43.925393,4.104778,Plein jour,Hors agglomération,Hors intersection,Normale,Sans collision,3,2,2,0,1,3,1,0,3,80,1,1,0,0,1,0,58.0,,deux_roues,,1,1,1,1,7
202300041808,2023-02-22 15:19:00,2023,2,22,15,19,13,13208,MENDES FRANCE (AVENUE),43.24986,5.37515,Plein jour,En agglomération,Hors intersection,Normale,Sans collision,4,2,4,0,2,1,1,0,1,50,1,1,0,0,1,0,28.0,,deux_roues,,1,2,1,1,7
202300041809,2023-11-04 09:00:00,2023,11,4,9,0,33,33550,ROCADE A 630,44.77815,-0.56482,Plein jour,Hors agglomération,Hors intersection,Pluie légère,Autre collision,1,3,6,0,1,1,2,0,1,90,1,1,0,0,0,1,33.0,,voiture,,1,1,1,2,6
202300041810,2023-05-15 16:00:00,2023,5,15,16,0,01,01033,Route Départementale 1084,46.131806,5.80753,Plein jour,Hors agglomération,Hors intersection,Temps couvert,Trois véhicules et plus - collisions multiples,3,2,2,0,2,1,2,0,1,80,3,3,2,0,1,0,22.0,54.0,voiture,voiture,1,1,1,8,5
202300041811,2023-04-09 17:15:00,2023,4,9,17,15,30,30268,Pomier,44.235784,4.132485,Plein jour,Hors agglomération,Hors intersection,Normale,Deux véhicules - frontale,4,2,2,0,1,2,1,0,1,50,2,2,0,0,2,0,17.0,19.0,deux_roues,deux_roues,1,1,1,1,1
202300041812,2023-02-22 14:30:00,2023,2,22,14,30,13,13213,MALVINA (TRAVERSE),43.32033,5.46107,Plein jour,En agglomération,Hors intersection,Normale,Deux véhicules - côté,4,2,1,0,2,2,1,0,1,50,2,3,1,0,0,2,58.0,52.0,voiture,voiture,1,2,1,1,3
202300041813,2023-11-04 20:15:00,2023,11,4,20,15,91,91235,RN 104,48.62547,2.35321,Nuit sans éclairage public,Hors agglomération,Autre intersection,Temps couvert,Autre collision,2,1,2,0,1,3,2,3,1,50,1,2,0,0,0,2,22.0,,voiture,,3,1,9,8,6
202300041814,2023-04-09 05:00:00,2023,4,9,5,0,33,33528,D107,44.876248,-1.030955,Nuit sans éclairage public,Hors agglomération,Hors intersection,Normale,Sans collision,3,2,2,0,1,1,1,0,8,80,1,1,0,0,1,0,23.0,,utilitaire_camion,,3,1,1,1,7
202300041815,2023-05-14 11:25:00,2023,5,14,11,25,26,26160,Route des Ortis,45.21902,4.811878,Plein jour,Hors agglomération,Intersection en T,Normale,Deux véhicules - arrière,3,-1,2,0,1,1,1,0,8,80,2,2,1,0,0,1,21.0,18.0,voiture,deux_roues,1,1,3,1,2
202300041815,2023-05-14 11:25:00,2023,5,14,11,25,26,26160,Route des Ortis,45.21902,4.811878,Plein jour,Hors agglomération,Intersection en T,Normale,Deux véhicules - arrière,3,2, -1,0,1,1,1,0,1,-1,2,2,1,0,0,1,21.0,18.0,voiture,deux_roues,1,1,3,1,2
202300041816,2023-02-21 11:50:00,2023,2,21,11,50,13,13206,DOCTEUR JEAN FIOLLE (RUE DU),43.2851,5.38388,Plein jour,En agglomération,Hors intersection,Normale,Deux véhicules - côté,4,1,1,0,2,1,1,0,1,50,2,2,1,0,0,1,52.0,25.0,voiture,deux_roues,1,2,1,1,3
202300041817,2023-01-05 01:30:00,2023,1,5,1,30,2A,2A247,Rue Vincentellu d?Istria,41.601211,9.269977,Nuit avec éclairage allumé,En agglomération,Hors intersection,Normale,Sans collision,3,2,2,0,1,1,1,0,1,50,1,1,0,0,0,1,37.0,,deux_roues,,5,2,1,1,7
202300041818,2023-05-15 12:45:00,2023,5,15,12,45,44,44033,,47.380045,-1.962004,Plein jour,Hors agglomération,Hors intersection,Normale,Sans collision,2,2,2,0,1,1,1,0,1,110,1,2,0,0,2,0,88.0,,autre,,1,1,1,1,7
202300041819,2023-02-22 03:30:00,2023,2,22,3,30,11,11069,,43.209,2.3804,Nuit avec éclairage allumé,En agglomération,Hors intersection,Normale,Autre collision,4,-1,2,0,1,1,1,0,1,50,1,2,0,0,0,2,31.0,,voiture,,5,2,1,1,6
202300041820,2023-11-04 17:00:00,2023,11,4,17,0,91,91553,RN 104,48.6274,2.47767,Crépuscule ou aube,Hors agglomération,Hors intersection,Normale,Trois véhicules et plus - en chaîne,2,-1,3,0,1,1,2,0,1,90,4,4,3,0,0,1,25.0,52.0,voiture,voiture,2,1,1,1,4
202300041821,2023-05-15 11:20:00,2023,5,15,11,20,15,15055,A 75 ,45.095218,3.125782,Plein jour,Hors agglomération,Hors intersection,Temps couvert,Deux véhicules - arrière,1,3,4,0,2,1,1,0,1,110,2,3,1,0,1,1,56.0,70.0,voiture,voiture,1,1,1,8,2
202300041822,2023-02-23 06:50:00,2023,2,23,6,50,75,75120,PORTE DE BAGNOLET,48.86594,2.41262,Crépuscule ou aube,En agglomération,Hors intersection,Normale,Sans collision,4,1,2,0,1,2,8,0,1,50,1,1,0,0,0,1,23.0,,deux_roues,,2,2,1,1,7
202300041823,2023-04-09 11:00:00,2023,4,9,11,0,04,04152,Route de la Bastide,43.806485,5.71951,Plein jour,Hors agglomération,Hors intersection,Normale,Deux véhicules - côté,3,2,2,0,2,3,1,0,1,50,2,3,2,0,1,0,57.0,69.0,deux_roues,voiture,1,1,1,1,3
202300041824,2023-02-23 06:50:00,2023,2,23,6,50,75,75120,PORTE DE BAGNOLET,48.86594046,2.41262019,Nuit avec éclairage allumé,En agglomération,Hors intersection,Normale,Sans collision,4,1,4,0,1,2,8,0,1,70,1,1,0,0,0,1,35.0,,deux_roues,,5,2,1,1,7
202300041825,2023-05-14 12:55:00,2023,5,14,12,55,47,47233,route du traversant,44.53872,0.104526,Plein jour,Hors agglomération,Intersection en X,Normale,Deux véhicules - côté,4,2,2,0,1,1,1,5,1,70,2,2,1,0,1,0,26.0,34.0,deux_roues,voiture,1,1,2,1,3
202300041825,2023-05-14 12:55:00,2023,5,14,12,55,47,47233,route du traversant,44.53872,0.104526,Plein jour,Hors agglomération,Intersection en X,Normale,Deux véhicules - côté,4,2,2,0,1,1,1,0,1,70,2,2,1,0,1,0,26.0,34.0,deux_roues,voiture,1,1,2,1,3
202300041826,2023-11-04 18:00:00,2023,11,4,18,0,91,91086,RN 104,48.62372,2.3778,Crépuscule ou aube,Hors agglomération,Hors intersection,Normale,Trois véhicules et plus - en chaîne,2,3,2,0,1,1,1,0,1,90,3,4,2,0,0,2,54.0,44.0,voiture,voiture,2,1,1,1,4
202300041827,2023-04-09 01:45:00,2023,4,9,1,45,26,26124,autoroute A 7 PK 079.650,44.842056,4.863682,Nuit avec éclairage allumé,Hors agglomération,Hors intersection,Normale,Autre collision,1,3,3,0,1,1,1,0,1,130,1,4,2,0,2,0,19.0,,voiture,,5,1,1,1,6
202300041828,2023-02-23 17:00:00,2023,2,23,17,0,75,75119,RUE MANIN,48.884745,2.392252,Plein jour,En agglomération,Intersection en Y,Normale,Autre collision,4,1,1,0,4,1,1,0,1,30,1,2,1,0,0,1,45.0,,deux_roues,,1,2,4,1,6
202300041828,2023-02-23 17:00:00,2023,2,23,17,0,75,75119,RUE MANIN,48.884745,2.392252,Plein jour,En agglomération,Intersection en Y,Normale,Autre collision,4,2,2,0,1,1,1,0,1,30,1,2,1,0,0,1,45.0,,deux_roues,,1,2,4,1,6
202300041829,2023-05-15 22:20:00,2023,5,15,22,20,61,61464,A28 PK177+300,48.591073,0.185812,Nuit sans éclairage public,Hors agglomération,Hors intersection,Normale,Autre collision,1,3,2,0,1,1,1,0,8,130,3,6,4,0,0,2,71.0,57.0,voiture,utilitaire_camion,3,1,1,1,6
202300041830,2023-04-08 08:50:00,2023,4,8,8,50,71,71105,Route des Allemands,46.29713,4.76711,Plein jour,Hors agglomération,Hors intersection,Normale,Autre collision,3,2,2,0,1,1,1,0,3,70,1,1,0,0,1,0,53.0,,voiture,,1,1,1,1,6
202300041831,2023-02-23 14:15:00,2023,2,23,14,15,75,75119,PLACE DE LA PORTE DE PANTIN,48.889569,2.395652,Plein jour,En agglomération,Intersection en X,Normale,Autre collision,4,2, -1,-1,1,1,1,-1,5,-1,1,2,1,0,0,1,,,deux_roues,,1,2,2,1,6
202300041831,2023-02-23 14:15:00,2023,2,23,14,15,75,75119,PLACE DE LA PORTE DE PANTIN,48.889569,2.395652,Plein jour,En agglomération,Intersection en X,Normale,Autre collision,4,-1,4,1,1,1,1,-1,5,30,1,2,1,0,0,1,,,deux_roues,,1,2,2,1,6
202300041832,2023-11-04 12:35:00,2023,11,4,12,35,91,91521,RN 104,48.63418,2.40104,Plein jour,Hors agglomération,Hors intersection,Temps couvert,Deux véhicules - côté,2,1,2,0,1,4,2,0,1,50,2,2,0,0,0,2,48.0,34.0,utilitaire_camion,voiture,1,1,1,8,3
202300041833,2023-05-16 10:00:00,2023,5,16,10,0,27,27130,A28 - PR 283 + 575,49.052621,0.458181,Plein jour,Hors agglomération,Hors intersection,Normale,Autre collision,1,3,2,0,2,2,1,0,1,130,1,2,1,0,0,1,27.0,,utilitaire_camion,,1,1,1,1,6
202300041834,2023-05-15 16:30:00,2023,5,15,16,30,56,56094,Kergo,47.76007,-3.2862,Plein jour,Hors agglomération,Giratoire,Normale,Deux véhicules - côté,3,2,2,0,1,2,1,5,1,50,2,2,1,0,0,1,54.0,19.0,deux_roues,voiture,1,1,6,1,3
202300041834,2023-05-15 16:30:00,2023,5,15,16,30,56,56094,Kergo,47.76007,-3.2862,Plein jour,Hors agglomération,Giratoire,Normale,Deux véhicules - côté,3,2,2,-1,1,1,1,5,1,50,2,2,1,0,0,1,54.0,19.0,deux_roues,voiture,1,1,6,1,3
202300041835,2023-04-08 19:00:00,2023,4,8,19,0,67,67313,Boulevard Clemenceau,48.539277,7.44593,Plein jour,En agglomération,Intersection en T,Normale,Deux véhicules - côté,3,2,2,0,1,1,1,0,1,50,2,2,1,0,0,1,25.0,17.0,deux_roues,deux_roues,1,2,3,1,3
202300041835,2023-04-08 19:00:00,2023,4,8,19,0,67,67313,Boulevard Clemenceau,48.539277,7.44593,Plein jour,En agglomération,Intersection en T,Normale,Deux véhicules - côté,3,2,2,0,1,1,1,0,1,-1,2,2,1,0,0,1,25.0,17.0,deux_roues,deux_roues,1,2,3,1,3
202300041836,2023-02-23 02:50:00,2023,2,23,2,50,75,75119,AVENUE JEAN JAURES,48.888762,2.39315,Nuit avec éclairage allumé,En agglomération,Intersection en T,Normale,Deux véhicules - côté,4,-1,2,1,1,1,2,0,1,30,2,2,1,0,0,1,42.0,28.0,deux_roues,voiture,5,2,3,1,3
202300041836,2023-02-23 02:50:00,2023,2,23,2,50,75,75119,AVENUE JEAN JAURES,48.888762,2.39315,Nuit avec éclairage allumé,En agglomération,Intersection en T,Normale,Deux véhicules - côté,4,-1,0,0,1,1,2,0,1,30,2,2,1,0,0,1,42.0,28.0,deux_roues,voiture,5,2,3,1,3
202300041837,2023-11-04 12:50:00,2023,11,4,12,50,91,91235,RN 104,48.6251,2.36174,Plein jour,Hors agglomération,Hors intersection,Temps couvert,Deux véhicules - arrière,2,1,2,0,1,1,2,0,1,110,2,5,2,0,0,3,48.0,65.0,voiture,voiture,1,1,1,8,2
202300041838,2023-02-23 23:10:00,2023,2,23,23,10,75,75119,PLACE AUGUSTE BARON,48.900701,2.387098,Nuit avec éclairage allumé,En agglomération,Place,Pluie légère,Autre collision,4,2,9,3,1,1,2,0,1,30,1,2,1,0,0,1,35.0,,voiture,,5,2,7,2,6
202300041839,2023-04-09 16:15:00,2023,4,9,16,15,38,38026,"d52b, pk 4,700",45.834212,5.330601,Plein jour,Hors agglomération,Hors intersection,Normale,Autre collision,3,2,2,0,1,4,1,0,1,80,1,2,0,0,2,0,23.0,,deux_roues,,1,1,1,1,6
202300041840,2023-05-16 16:20:00,2023,5,16,16,20,76,76367,Lieu Dit les Barettes,49.518857,1.108691,Plein jour,Hors agglomération,Intersection en X,Normale,Deux véhicules - frontale,7,2,2,0,1,1,1,0,1,70,2,4,2,1,0,1,24.0,40.0,voiture,deux_roues,1,1,2,1,1
202300041840,2023-05-16 16:20:00,2023,5,16,16,20,76,76367,Lieu Dit les Barettes,49.518857,1.108691,Plein jour,Hors agglomération,Intersection en X,Normale,Deux véhicules - frontale,7,2,2,0,1,1,1,0,1,70,2,4,2,1,0,1,24.0,40.0,voiture,deux_roues,1,1,2,1,1
202300041841,2023-11-04 05:40:00,2023,11,4,5,40,91,91687,AUTOROUTE A6,48.66341,2.36691,Nuit sans éclairage public,Hors agglomération,Hors intersection,Normale,Sans collision,1,3,3,0,1,1,1,0,1,110,1,1,0,0,0,1,33.0,,voiture,,3,1,1,1,7
202300041842,2023-02-22 18:30:00,2023,2,22,18,30,75,75112,AVENUE DE SAINT MAURICE,48.829686,2.420277,Crépuscule ou aube,En agglomération,Hors intersection,Normale,Deux véhicules - frontale,4,2,2,0,1,1,1,0,1,50,2,2,1,0,0,1,20.0,47.0,deux_roues,voiture,2,2,1,1,1
202300041843,2023-04-09 18:54:00,2023,4,9,18,54,69,69061,348 Rue Mont Saint Guibert,45.9836169,4.62402446,Plein jour,Hors agglomération,Intersection en T,Temps éblouissant,Deux véhicules - côté,3,2,2,0,2,3,1,0,1,80,2,2,1,0,1,0,32.0,46.0,deux_roues,voiture,1,1,3,7,3
202300041843,2023-04-09 18:54:00,2023,4,9,18,54,69,69061,348 Rue Mont Saint Guibert,45.9836169,4.62402446,Plein jour,Hors agglomération,Intersection en T,Temps éblouissant,Deux véhicules - côté,3,2,2,0,1,3,1,0,1,50,2,2,1,0,1,0,32.0,46.0,deux_roues,voiture,1,1,3,7,3
202300041844,2023-05-16 09:45:00,2023,5,16,9,45,79,79014,,47.023026,-0.27826,Plein jour,Hors agglomération,Intersection en X,Normale,Deux véhicules - côté,3,2,2,0,1,1,1,0,1,80,2,2,1,0,1,0,17.0,35.0,deux_roues,voiture,1,1,2,1,3
202300041844,2023-05-16 09:45:00,2023,5,16,9,45,79,79014,,47.023026,-0.27826,Plein jour,Hors agglomération,Intersection en X,Normale,Deux véhicules - côté,3,2,2,-1,1,1,1,0,1,80,2,2,1,0,1,0,17.0,35.0,deux_roues,voiture,1,1,2,1,3
202300041845,2023-11-04 15:36:00,2023,11,4,15,36,92,92047,A13,48.83632636,2.18475813,Plein jour,Hors agglomération,Hors intersection,Normale,Deux véhicules - frontale,1,1,3,0,1,1,2,0,1,90,2,3,2,0,0,1,32.0,31.0,voiture,voiture,1,1,1,1,1
202300041846,2023-05-14 01:00:00,2023,5,14,1,0,65,65075,D929,42.855996,0.342802,Nuit sans éclairage public,Hors agglomération,Hors intersection,Normale,Autre collision,3,2,2,0,1,4,1,0,1,70,1,2,1,0,1,0,27.0,,voiture,,3,1,1,1,6
202300041847,2023-02-23 19:07:00,2023,2,23,19,7,75,75111,BOULEVARD VOLTAIRE,48.852937,2.388511,Nuit avec éclairage allumé,En agglomération,Intersection en Y,Normale,Deux véhicules - côté,4,1,2,2,1,1,1,0,1,30,2,3,2,0,0,1,53.0,23.0,voiture,deux_roues,5,2,4,1,3
202300041847,2023-02-23 19:07:00,2023,2,23,19,7,75,75111,BOULEVARD VOLTAIRE,48.852937,2.388511,Nuit avec éclairage allumé,En agglomération,Intersection en Y,Normale,Deux véhicules - côté,4,-1, -1,-1,1,1,1,0,1,-1,2,3,2,0,0,1,53.0,23.0,voiture,deux_roues,5,2,4,1,3
202300041848,2023-03-16 19:40:00,2023,3,16,19,40,33,33284,quatre routes,44.68482659,-0.84732056,Nuit sans éclairage public,En agglomération,Hors intersection,Normale,Autre collision,3,2,2,0,1,1,1,0,1,-1,1,1,0,0,1,0,29.0,,deux_roues,,3,2,1,1,6
202300041849,2023-05-08 19:00:00,2023,5,8,19,0,33,33394,D243,44.909865,-0.184112,Plein jour,Hors agglomération,Intersection en Y,Normale,Deux véhicules - frontale,3,2,2,0,1,1,1,0,1,70,2,3,1,0,2,0,64.0,19.0,deux_roues,voiture,1,1,4,1,1
202300041849,2023-05-08 19:00:00,2023,5,8,19,0,33,33394,D243,44.909865,-0.184112,Plein jour,Hors agglomération,Intersection en Y,Normale,Deux véhicules - frontale,3,2,2,-1,1,1,1,0,1,80,2,3,1,0,2,0,64.0,19.0,deux_roues,voiture,1,1,4,1,1
202300041850,2023-02-22 09:15:00,2023,2,22,9,15,75,75109,RUE DE CLICHY,48.878147,2.330103,Plein jour,En agglomération,Intersection en T,Temps couvert,Deux véhicules - frontale,4,1,1,0,1,1,1,0,1,30,2,2,1,0,0,1,23.0,26.0,deux_roues,deux_roues,1,2,3,8,1
202300041850,2023-02-22 09:15:00,2023,2,22,9,15,75,75109,RUE DE CLICHY,48.878147,2.330103,Plein jour,En agglomération,Intersection en T,Temps couvert,Deux véhicules - frontale,4,1,2,0,2,1,1,0,1,30,2,2,1,0,0,1,23.0,26.0,deux_roues,deux_roues,1,2,3,8,1
202300041851,2023-05-12 11:20:00,2023,5,12,11,20,61,61462,D924,48.727655,-0.041374,Plein jour,Hors agglomération,Hors intersection,Normale,Deux véhicules - côté,3,3,4,0,1,3,1,0,1,90,2,2,1,0,0,1,28.0,51.0,deux_roues,utilitaire_camion,1,1,1,1,3
202300041852,2023-04-05 08:25:00,2023,4,5,8,25,72,72378,D306,47.807826,-0.277067,Plein jour,Hors agglomération,Intersection en X,Temps éblouissant,Deux véhicules - côté,3,-1,2,0,1,1,1,5,1,90,2,2,1,0,0,1,32.0,28.0,voiture,deux_roues,1,1,2,7,3
202300041852,2023-04-05 08:25:00,2023,4,5,8,25,72,72378,D306,47.807826,-0.277067,Plein jour,Hors agglomération,Intersection en X,Temps éblouissant,Deux véhicules - côté,3,2, -1,-1,1,1,1,0,1,-1,2,2,1,0,0,1,32.0,28.0,voiture,deux_roues,1,1,2,7,3
202300041853,2023-05-16 12:20:00,2023,5,16,12,20,12,12044,Chemin de la Blaquière,43.83608672,2.85311973,Plein jour,Hors agglomération,Hors intersection,Normale,Deux véhicules - frontale,3,2,2,0,1,1,1,0,1,90,2,2,0,0,2,0,35.0,40.0,voiture,voiture,1,1,1,1,1
202300041854,2023-02-23 08:40:00,2023,2,23,8,40,75,75104,RUE DES DEUX PONTS,48.851824,2.35656,Plein jour,En agglomération,Intersection en X,Normale,Deux véhicules - côté,4,2,2,2,1,1,1,-1,5,30,2,2,1,0,0,1,28.0,38.0,deux_roues,voiture,1,2,2,1,3
202300041854,2023-02-23 08:40:00,2023,2,23,8,40,75,75104,RUE DES DEUX PONTS,48.851824,2.35656,Plein jour,En agglomération,Intersection en X,Normale,Deux véhicules - côté,4,2,2,0,1,1,1,-1,5,30,2,2,1,0,0,1,28.0,38.0,deux_roues,voiture,1,2,2,1,3
202300041855,2023-05-16 09:45:00,2023,5,16,9,45,86,86085,D347,46.837951,0.161539,Plein jour,Hors agglomération,Hors intersection,Normale,Deux véhicules - frontale,3,2,2,0,1,1,1,0,1,90,2,3,2,1,0,0,79.0,35.0,voiture,utilitaire_camion,1,1,1,1,1
202300041856,2023-04-08 15:30:00,2023,4,8,15,30,76,76758,Avenue de Verdun,49.61901,0.755889,Plein jour,En agglomération,Intersection en X,Normale,Deux véhicules - côté,3,2,2,0,1,1,1,0,1,50,2,2,1,0,1,0,20.0,42.0,deux_roues,voiture,1,2,2,1,3
202300041856,2023-04-08 15:30:00,2023,4,8,15,30,76,76758,Avenue de Verdun,49.61901,0.755889,Plein jour,En agglomération,Intersection en X,Normale,Deux véhicules - côté,3,1, -1,-1,1,1,1,0,1,-1,2,2,1,0,1,0,20.0,42.0,deux_roues,voiture,1,2,2,1,3
202300041857,2023-02-22 23:10:00,2023,2,22,23,10,94,94044,Rue Paul Valéry,48.75311,2.47521,Nuit avec éclairage allumé,En agglomération,Hors intersection,Pluie légère,Deux véhicules - frontale,4,2,1,0,1,1,2,0,1,30,2,2,1,0,0,1,20.0,31.0,deux_roues,voiture,5,2,1,2,1
202300041858,2023-05-16 17:45:00,2023,5,16,17,45,35,35117,le Vivier,48.150257,-2.215119,Plein jour,Hors agglomération,Hors intersection,Normale,Deux véhicules - arrière,3,2,2,0,1,1,1,0,1,80,2,2,1,0,1,0,89.0,70.0,voiture,deux_roues,1,1,1,1,2
202300041859,2023-04-08 13:35:00,2023,4,8,13,35,13,13088,A55-Sens Martigues vers Marseille,43.39094053,5.2497545,Plein jour,Hors agglomération,Hors intersection,Normale,Sans collision,1,3,4,0,1,1,1,0,1,50,1,4,0,1,2,1,20.0,,voiture,,1,1,1,1,7
202300041860,2023-05-16 14:54:00,2023,5,16,14,54,31,31207,N125,42.992685,0.630292,Plein jour,Hors agglomération,Hors intersection,Pluie légère,Deux véhicules - arrière,2,2,2,0,1,2,2,0,1,80,2,3,0,1,0,2,53.0,61.0,voiture,voiture,1,1,1,2,2
202300041861,2023-02-23 07:45:00,2023,2,23,7,45,94,94038,Rue de Bicêtre,48.77392,2.35184,Crépuscule ou aube,En agglomération,Intersection en X,Normale,Deux véhicules - côté,4,2,2,0,1,1,1,5,1,50,2,2,0,0,0,2,28.0,28.0,voiture,voiture,2,2,2,1,3
202300041862,2023-05-15 17:30:00,2023,5,15,17,30,38,38207,d114,44.972153,5.880657,Plein jour,Hors agglomération,Hors intersection,Normale,Autre collision,3,2,2,0,1,1,1,0,8,80,1,1,0,0,1,0,62.0,,deux_roues,,1,1,1,1,6
202300041863,2023-05-15 06:05:00,2023,5,15,6,5,02,02264,CD 18,49.635835,4.032862,Crépuscule ou aube,Hors agglomération,Hors intersection,Brouillard / fumée,Deux véhicules - frontale,3,2,2,0,1,1,1,0,1,80,2,2,1,0,1,0,22.0,22.0,voiture,voiture,2,1,1,5,1
202300041864,2023-04-08 06:40:00,2023,4,8,6,40,13,13215,A7-Sens Marseille vers Lyon,43.34272,5.37628,Nuit sans éclairage public,Hors agglomération,Hors intersection,Normale,Autre collision,1,1,3,0,1,1,1,0,1,90,4,4,2,0,0,2,42.0,25.0,deux_roues,deux_roues,3,1,1,1,6
202300041865,2023-02-23 10:40:00,2023,2,23,10,40,94,94028,Route de Choisy,48.79052,2.45337,Plein jour,En agglomération,Intersection en X,Temps couvert,Deux véhicules - côté,3,3,5,3,1,1,1,5,6,50,2,3,2,0,0,1,50.0,46.0,transport_commun,voiture,1,2,2,8,3
202300041865,2023-02-23 10:40:00,2023,2,23,10,40,94,94028,Route de Choisy,48.79052,2.45337,Plein jour,En agglomération,Intersection en X,Temps couvert,Deux véhicules - côté,3,2,3,0,1,1,1,5,1,50,2,3,2,0,0,1,50.0,46.0,transport_commun,voiture,1,2,2,8,3
202300041866,2023-05-15 23:30:00,2023,5,15,23,30,72,72310,D313,48.034776,0.202855,Nuit sans éclairage public,Hors agglomération,Hors intersection,Normale,Deux véhicules - arrière,3,3,4,0,3,3,1,3,1,90,2,2,1,1,0,0,80.0,27.0,voiture,utilitaire_camion,3,1,1,1,2