accident_id,datetime,annee,mois,jour,heure,minute,departement,commune_insee,adresse,latitude,longitude,luminosite,agglomeration,intersection,meteo,collision,catr,circ,nbv,vosp,prof,plan,surf,infra,situ,vma,nb_vehicules,nb_usagers,nb_indemnes,nb_tues,nb_blesses_hosp,nb_blesses_legers,age_cond_1,age_cond_2,veh_type_cond_1,veh_type_cond_2,lum_code,agg_code,int_code,atm_code,col_code
202300041867,2023-04-07 00:25:00,2023,4,7,0,25,13,13202,A55-Sens Marseille vers Martigues,43.31897914,5.36347091,Nuit sans éclairage public,Hors agglomération,Hors intersection,Normale,Deux véhicules - frontale,1,1,2,0,1,3,1,2,1,70,2,2,0,0,1,1,42.0,72.0,utilitaire_camion,utilitaire_camion,3,1,1,1,1
202300041868,2023-05-14 15:00:00,2023,5,14,15,0,90,90045,D463,47.508498,6.968915,Plein jour,Hors agglomération,Hors intersection,Normale,Sans collision,3,2,2,0,3,2,1,0,1,-1,2,3,1,0,1,1,23.0,47.0,voiture,deux_roues,1,1,1,1,7
202300041869,2023-02-22 08:50:00,2023,2,22,8,50,93,93073,Rue des Ardennes / Avenue Albert Sarraut,48.940491,2.575834,Plein jour,En agglomération,Intersection en X,Normale,Deux véhicules - côté,4,2,2,0,1,1,1,6,1,50,2,2,1,0,0,1,45.0,27.0,voiture,voiture,1,2,2,1,3
202300041869,2023-02-22 08:50:00,2023,2,22,8,50,93,93073,Rue des Ardennes / Avenue Albert Sarraut,48.940491,2.575834,Plein jour,En agglomération,Intersection en X,Normale,Deux véhicules - côté,4,2,2,0,1,1,1,5,1,50,2,2,1,0,0,1,45.0,27.0,voiture,voiture,1,2,2,1,3
202300041870,2023-05-12 17:00:00,2023,5,12,17,0,90,90042,Rue du Malsaucy,47.682234,6.797335,Plein jour,En agglomération,Autre intersection,Normale,Autre collision,4,2,2,0,2,1,1,0,1,50,1,2,1,0,1,0,74.0,,voiture,,1,2,9,1,6
202300041871,2023-04-08 14:45:00,2023,4,8,14,45,33,33063,ROCADE A 630,44.87994783,-0.53757906,Plein jour,Hors agglomération,Hors intersection,Normale,Trois véhicules et plus - en chaîne,1,3,6,1,1,1,1,2,1,70,3,9,8,0,0,1,23.0,38.0,voiture,voiture,1,1,1,1,4
202300041872,2023-02-23 10:00:00,2023,2,23,10,0,93,93070,Place du Capitaine Glarner,48.90715,2.32636,Plein jour,En agglomération,Place,Normale,Sans collision,3,3,2,0,1,2,1,0,1,30,1,1,0,0,0,1,53.0,,deux_roues,,1,2,7,1,7
202300041872,2023-02-23 10:00:00,2023,2,23,10,0,93,93070,Place du Capitaine Glarner,48.90715,2.32636,Plein jour,En agglomération,Place,Normale,Sans collision,3,2,2,-1,1,1,1,0,1,-1,1,1,0,0,0,1,53.0,,deux_roues,,1,2,7,1,7
202300041873,2023-05-07 11:00:00,2023,5,7,11,0,90,90002,Rue Principale,47.691161,7.009749,Plein jour,Hors agglomération,Hors intersection,Temps couvert,Autre collision,3,2,2,0,1,2,2,0,1,80,1,2,1,0,0,1,73.0,,voiture,,1,1,1,8,6
202300041874,2023-04-08 13:20:00,2023,4,8,13,20,33,33080,AUTOROUTE A 62,44.72574933,-0.52654982,Plein jour,Hors agglomération,Hors intersection,Normale,Autre collision,1,3,4,0,1,1,1,0,1,130,1,1,0,0,0,1,25.0,,voiture,,1,1,1,1,6
202300041875,2023-02-23 20:15:00,2023,2,23,20,15,93,93029,Rue Saint Stenay,48.92048633,2.42107923,Nuit avec éclairage allumé,En agglomération,Autre intersection,Normale,Autre collision,6,-1,0,0,1,1,1,0,8,30,1,2,1,0,0,1,55.0,,voiture,,5,2,9,1,6
202300041876,2023-05-15 14:20:00,2023,5,15,14,20,40,40250,route de bordeaux,43.93493,-0.420315,Plein jour,Hors agglomération,Hors intersection,Normale,Deux véhicules - frontale,3,2,2,0,1,1,1,0,1,80,2,2,0,0,1,1,55.0,73.0,utilitaire_camion,voiture,1,1,1,1,1
202300041877,2023-04-08 06:00:00,2023,4,8,6,0,33,33039,ROCADE A 631,44.806,-0.532,Nuit avec éclairage non allumé,Hors agglomération,Hors intersection,Normale,Deux véhicules - côté,1,-1,2,0,1,3,1,3,1,90,2,2,1,0,0,1,62.0,21.0,utilitaire_camion,voiture,4,1,1,1,3
202300041878,2023-05-14 18:50:00,2023,5,14,18,50,24,24208,N21,45.040901,0.650983,Plein jour,Hors agglomération,Hors intersection,Normale,Sans collision,2,-1,3,0,2,3,1,0,8,90,1,1,0,0,1,0,38.0,,deux_roues,,1,1,1,1,7
202300041879,2023-02-23 00:40:00,2023,2,23,0,40,93,93005,Chemin de Roissy En France,48.95022,2.49192,Nuit avec éclairage allumé,En agglomération,Hors intersection,Normale,Deux véhicules - côté,4,2,2,0,1,1,2,5,1,50,2,2,1,0,0,1,29.0,22.0,deux_roues,voiture,5,2,1,1,3
202300041880,2023-04-08 12:55:00,2023,4,8,12,55,91,91340,RN 104,48.61053,2.43324,Plein jour,Hors agglomération,Hors intersection,Normale,Deux véhicules - arrière,2,3,2,0,1,2,1,9,1,70,2,2,1,0,0,1,28.0,35.0,voiture,voiture,1,1,1,1,2
202300041881,2023-02-23 15:50:00,2023,2,23,15,50,92,92044,RASPAIL(RUE) 13A39 ET 10A30,48.89793,2.29183,Plein jour,En agglomération,Hors intersection,Temps couvert,Sans collision,4,1,1,0,1,1,1,0,1,50,1,3,1,0,0,2,17.0,,deux_roues,,1,2,1,8,7
202300041882,2023-04-08 12:52:00,2023,4,8,12,52,92,92036,A86,48.93484397,2.26726483,Plein jour,Hors agglomération,Hors intersection,Normale,Deux véhicules - arrière,1,1,2,0,1,1,1,1,1,90,2,3,2,0,0,1,41.0,28.0,voiture,voiture,1,1,1,1,2
202300041883,2023-05-15 18:30:00,2023,5,15,18,30,04,04036,d 900,44.145966,6.296019,Plein jour,Hors agglomération,Hors intersection,Normale,Deux véhicules - côté,3,2,2,0,1,3,1,0,1,80,2,2,1,0,0,1,61.0,55.0,deux_roues,voiture,1,1,1,1,3
202300041884,2023-02-23 13:05:00,2023,2,23,13,5,92,92044,VILLIERS(SQUARE) 56 VILLIERS,48.89065454,2.27918968,Plein jour,En agglomération,Intersection en T,Normale,Autre collision,4,1, -1,-1,1,1,1,0,1,-1,1,2,1,0,0,1,60.0,,deux_roues,,1,2,3,1,6
202300041884,2023-02-23 13:05:00,2023,2,23,13,5,92,92044,VILLIERS(SQUARE) 56 VILLIERS,48.89065454,2.27918968,Plein jour,En agglomération,Intersection en T,Normale,Autre collision,4,2,2,0,1,1,1,0,1,50,1,2,1,0,0,1,60.0,,deux_roues,,1,2,3,1,6
202300041885,2023-04-07 19:20:00,2023,4,7,19,20,92,92036,AUTOROUTE A86,48.93498875,2.31987855,Plein jour,Hors agglomération,Hors intersection,Normale,Trois véhicules et plus - collisions multiples,1,3,6,0,1,1,1,0,1,90,4,4,3,0,0,1,26.0,22.0,voiture,deux_roues,1,1,1,1,5
202300041886,2023-05-14 16:15:00,2023,5,14,16,15,85,85059,Avenue du général de Gaulle,46.642282,-0.750246,Plein jour,En agglomération,Giratoire,Normale,Deux véhicules - côté,4,3,2,0,2,2,1,0,1,50,2,2,1,0,0,1,25.0,43.0,deux_roues,voiture,1,2,6,1,3
202300041887,2023-02-23 15:10:00,2023,2,23,15,10,92,92026,MARCEAU,48.90032352,2.24502468,Plein jour,En agglomération,Hors intersection,Normale,Deux véhicules - côté,3,2,0,1,1,1,1,0,1,50,2,2,1,0,0,1,19.0,54.0,deux_roues,utilitaire_camion,1,2,1,1,3
202300041888,2023-04-06 14:05:00,2023,4,6,14,5,976,97611,cavani-Rond point du Baobab,-12.78524,45.22644,Plein jour,En agglomération,Hors intersection,Normale,Sans collision,2,2,2,0,1,1,1,9,1,50,1,1,0,0,0,1,29.0,,deux_roues,,1,2,1,1,7
202300041889,2023-02-23 08:13:00,2023,2,23,8,13,92,92060,CHARLES DE GAULLE (AVENUE) RD75 A PARTIR,48.776402,2.256747,Plein jour,En agglomération,Intersection en T,Normale,Deux véhicules - côté,3,2,3,1,1,1,1,0,5,50,2,2,1,0,0,1,26.0,50.0,deux_roues,voiture,1,2,3,1,3
202300041889,2023-02-23 08:13:00,2023,2,23,8,13,92,92060,CHARLES DE GAULLE (AVENUE) RD75 A PARTIR,48.776402,2.256747,Plein jour,En agglomération,Intersection en T,Normale,Deux véhicules - côté,3,1,1,0,1,1,1,0,1,30,2,2,1,0,0,1,26.0,50.0,deux_roues,voiture,1,2,3,1,3
202300041890,2023-05-16 11:15:00,2023,5,16,11,15,28,28227,rond point de la libération,48.595155,1.588882,Plein jour,En agglomération,Giratoire,Normale,Deux véhicules - côté,3,2,1,0,1,3,1,0,1,50,2,2,1,0,1,0,38.0,17.0,utilitaire_camion,deux_roues,1,2,6,1,3
202300041891,2023-04-06 16:20:00,2023,4,6,16,20,974,97416,PAVE(RUE),-21.34,55.48,Plein jour,En agglomération,Intersection en T,Normale,Deux véhicules - côté,4,2,2,0,2,1,1,0,1,50,2,2,1,0,0,1,32.0,36.0,deux_roues,voiture,1,2,3,1,3
202300041891,2023-04-06 16:20:00,2023,4,6,16,20,974,97416,PAVE(RUE),-21.34,55.48,Plein jour,En agglomération,Intersection en T,Normale,Deux véhicules - côté,4,2,2,0,2,1,1,0,1,50,2,2,1,0,0,1,32.0,36.0,deux_roues,voiture,1,2,3,1,3
202300041892,2023-02-23 20:00:00,2023,2,23,20,0,92,92012,YVES KERMEN (RUE) 3/49 - 2/38,48.82602422,2.24569559,Nuit avec éclairage allumé,En agglomération,Hors intersection,Normale,Autre collision,4,1,1,2,1,1,1,0,1,50,1,1,0,0,0,1,62.0,,voiture,,5,2,1,1,6
202300041893,2023-04-06 10:15:00,2023,4,6,10,15,974,97416,FOUR A CHAUX(RUE DU),-21.342,55.47361,Plein jour,En agglomération,Intersection en X,Normale,Deux véhicules - côté,4,1,1,0,1,1,1,0,1,50,2,2,1,0,0,1,72.0,56.0,voiture,deux_roues,1,2,2,1,3
202300041893,2023-04-06 10:15:00,2023,4,6,10,15,974,97416,FOUR A CHAUX(RUE DU),-21.342,55.47361,Plein jour,En agglomération,Intersection en X,Normale,Deux véhicules - côté,4,1,1,0,1,1,1,0,1,50,2,2,1,0,0,1,72.0,56.0,voiture,deux_roues,1,2,2,1,3
202300041894,2023-05-15 18:30:00,2023,5,15,18,30,48,48018,Route nationale 88,44.493926,3.414114,Plein jour,Hors agglomération,Hors intersection,Normale,Deux véhicules - côté,2,2,2,0,1,4,1,0,1,80,2,3,2,0,0,1,46.0,39.0,utilitaire_camion,voiture,1,1,1,1,3
202300041895,2023-02-21 14:00:00,2023,2,21,14,0,92,92004,HOTEL DE VILLE   ( PLACE ),48.91089077,2.28939146,Plein jour,En agglomération,Hors intersection,Normale,Sans collision,4,2,2,0,1,1,1,0,1,50,1,5,1,0,0,4,29.0,,transport_commun,,1,2,1,1,7
202300041896,2023-04-06 07:30:00,2023,4,6,7,30,974,97416,RN02,-21.33868306,55.49170732,Plein jour,Hors agglomération,Hors intersection,Normale,Deux véhicules - côté,2,-1,2,0,1,1,1,0,1,90,2,2,1,0,0,1,32.0,62.0,voiture,deux_roues,1,1,1,1,3
202300041897,2023-02-23 18:00:00,2023,2,23,18,0,60,60562,Rue de Catenoy,49.355892,2.541001,Crépuscule ou aube,En agglomération,Intersection en Y,Normale,Autre collision,3,2,2,0,1,4,1,0,1,50,1,2,1,0,0,1,38.0,,voiture,,2,2,4,1,6
202300041897,2023-02-23 18:00:00,2023,2,23,18,0,60,60562,Rue de Catenoy,49.355892,2.541001,Crépuscule ou aube,En agglomération,Intersection en Y,Normale,Autre collision,3,2, -1,-1,1,1,1,0,1,-1,1,2,1,0,0,1,38.0,,voiture,,2,2,4,1,6
202300041898,2023-04-05 18:45:00,2023,4,5,18,45,974,97416,RN3 (3),-21.3187,55.48986,Nuit sans éclairage public,Hors agglomération,Autre intersection,Normale,Trois véhicules et plus - en chaîne,2,2,4,0,2,1,1,0,1,110,4,4,3,0,0,1,24.0,26.0,voiture,voiture,3,1,9,1,4
202300041899,2023-02-23 09:10:00,2023,2,23,9,10,71,71220,491 Route de la Loire,46.538805,3.766068,Plein jour,Hors agglomération,Hors intersection,Normale,Autre collision,3,2,2,0,1,2,2,0,3,80,1,2,0,0,1,1,23.0,,voiture,,1,1,1,1,6
202300041900,2023-04-06 11:05:00,2023,4,6,11,5,69,69388,14 Rue Berty Albrecht,45.72723261,4.86626992,Plein jour,En agglomération,Autre intersection,Normale,Deux véhicules - frontale,4,2,2,0,1,1,1,0,1,50,2,3,0,0,0,3,22.0,42.0,voiture,voiture,1,2,9,1,1
202300041901,2023-02-22 03:00:00,2023,2,22,3,0,972,97227,RN 5,14.46922,-60.920708,Nuit sans éclairage public,Hors agglomération,Hors intersection,Normale,Deux véhicules - frontale,2,2,2,0,2,4,1,0,1,70,2,6,4,0,2,0,23.0,23.0,voiture,voiture,3,1,1,1,1
202300041902,2023-04-05 15:40:00,2023,4,5,15,40,69,69383,Rue Paul Bert,45.757,4.8622,Plein jour,En agglomération,Autre intersection,Normale,Autre collision,4,2,4,0,1,1,1,0,1,30,1,2,0,0,0,2,25.0,,deux_roues,,1,2,9,1,6
202300041903,2023-02-24 10:17:00,2023,2,24,10,17,12,12022,A75,44.026759,3.077175,Plein jour,Hors agglomération,Hors intersection,Neige / grêle,Autre collision,1,3,4,0,1,3,5,0,2,110,1,2,0,0,2,0,72.0,,voiture,,1,1,1,4,6
202300041904,2023-02-19 18:00:00,2023,2,19,18,0,47,47156,route des Bernès,44.484556,0.091155,Plein jour,Hors agglomération,Hors intersection,Normale,Autre collision,3,2,2,0,1,3,1,0,3,80,1,1,0,0,1,0,55.0,,deux_roues,,1,1,1,1,6
202300041905,2023-04-05 02:50:00,2023,4,5,2,50,972,97209,RD 41 (ROCADE),14.60925,-61.06662,Nuit avec éclairage allumé,Hors agglomération,Hors intersection,Pluie légère,Autre collision,3,3,4,0,2,2,2,0,1,60,1,2,1,0,0,1,,,voiture,,5,1,1,2,6
202300041906,2023-02-22 07:10:00,2023,2,22,7,10,76,76587,La Hetraie D.925,49.775832,0.46222,Crépuscule ou aube,Hors agglomération,Intersection en X,Temps couvert,Deux véhicules - côté,3,2,2,0,1,1,1,0,1,80,2,2,1,0,0,1,52.0,33.0,utilitaire_camion,voiture,2,1,2,8,3
202300041906,2023-02-22 07:10:00,2023,2,22,7,10,76,76587,La Hetraie D.925,49.775832,0.46222,Crépuscule ou aube,Hors agglomération,Intersection en X,Temps couvert,Deux véhicules - côté,3,2,2,0,1,1,1,0,1,70,2,2,1,0,0,1,52.0,33.0,utilitaire_camion,voiture,2,1,2,8,3
202300041907,2023-04-06 09:40:00,2023,4,6,9,40,69,69081,1 Chemin de Villeneuve,45.78173,4.77562,Plein jour,En agglomération,Intersection en X,Normale,Deux véhicules - côté,4,2,2,2,2,1,1,0,1,30,2,2,1,0,0,1,27.0,38.0,utilitaire_camion,deux_roues,1,2,2,1,3
202300041907,2023-04-06 09:40:00,2023,4,6,9,40,69,69081,1 Chemin de Villeneuve,45.78173,4.77562,Plein jour,En agglomération,Intersection en X,Normale,Deux véhicules - côté,4,1,1,2,1,1,1,0,1,20,2,2,1,0,0,1,27.0,38.0,utilitaire_camion,deux_roues,1,2,2,1,3
202300041908,2023-02-23 17:30:00,2023,2,23,17,30,76,76035,DÉPARTEMENTALE 49 76390,49.77599,1.754516,Crépuscule ou aube,En agglomération,Intersection en T,Temps couvert,Deux véhicules - côté,3,2,2,0,1,1,1,0,1,50,2,2,1,0,1,0,80.0,68.0,voiture,deux_roues,2,2,3,8,3
202300041908,2023-02-23 17:30:00,2023,2,23,17,30,76,76035,DÉPARTEMENTALE 49 76390,49.77599,1.754516,Crépuscule ou aube,En agglomération,Intersection en T,Temps couvert,Deux véhicules - côté,3,2,2,0,1,2,1,0,1,50,2,2,1,0,1,0,80.0,68.0,voiture,deux_roues,2,2,3,8,3
202300041909,2023-04-05 00:07:00,2023,4,5,0,7,69,69382,Quai Jean Moulin,45.76466,4.83815,Nuit avec éclairage allumé,En agglomération,Intersection en X,Normale,Deux véhicules - frontale,4,1,1,0,1,1,1,0,1,50,2,2,1,1,0,0,46.0,32.0,deux_roues,voiture,5,2,2,1,1
202300041909,2023-04-05 00:07:00,2023,4,5,0,7,69,69382,Quai Jean Moulin,45.76466,4.83815,Nuit avec éclairage allumé,En agglomération,Intersection en X,Normale,Deux véhicules - frontale,4,1,2,3,1,1,1,0,1,50,2,2,1,1,0,0,46.0,32.0,deux_roues,voiture,5,2,2,1,1
202300041910,2023-02-24 13:00:00,2023,2,24,13,0,2B,2B043,Erbalunga,42.775633,9.476255,Plein jour,En agglomération,Hors intersection,Normale,Deux véhicules - côté,3,2,2,0,1,2,1,0,1,30,2,2,1,0,1,0,55.0,52.0,voiture,deux_roues,1,2,1,1,3
202300041911,2023-04-04 18:45:00,2023,4,4,18,45,69,69149,65 Avenue Jean Jaurès,45.71418491,4.8191743,Plein jour,En agglomération,Intersection en X,Normale,Deux véhicules - côté,4,2,2,0,1,1,1,0,1,30,2,2,1,0,0,1,20.0,62.0,voiture,voiture,1,2,2,1,3
202300041911,2023-04-04 18:45:00,2023,4,4,18,45,69,69149,65 Avenue Jean Jaurès,45.71418491,4.8191743,Plein jour,En agglomération,Intersection en X,Normale,Deux véhicules - côté,4,2,2,0,1,1,1,0,1,50,2,2,1,0,0,1,20.0,62.0,voiture,voiture,1,2,2,1,3
202300041912,2023-02-23 10:00:00,2023,2,23,10,0,2B,2B152,D80 PK25+300,42.894238,9.473299,Plein jour,Hors agglomération,Hors intersection,Normale,Deux véhicules - côté,3,2,2,0,1,1,1,0,1,80,2,2,1,0,1,0,35.0,42.0,utilitaire_camion,deux_roues,1,1,1,1,3
202300041913,2023-04-06 13:19:00,2023,4,6,13,19,971,97113,RN4 - SECTION RIVIERA,16.21698224,-61.48243189,Plein jour,Hors agglomération,Intersection en Y,Normale,Deux véhicules - frontale,2,-1,2,0,2,2,1,0,1,50,2,2,0,0,0,2,22.0,40.0,voiture,deux_roues,1,1,4,1,1
202300041913,2023-04-06 13:19:00,2023,4,6,13,19,971,97113,RN4 - SECTION RIVIERA,16.21698224,-61.48243189,Plein jour,Hors agglomération,Intersection en Y,Normale,Deux véhicules - frontale,2,2,2,0,1,1,1,0,1,70,2,2,0,0,0,2,22.0,40.0,voiture,deux_roues,1,1,4,1,1
202300041914,2023-02-23 07:00:00,2023,2,23,7,0,11,11351,route départementale 613,43.092193,2.710147,Crépuscule ou aube,Hors agglomération,Intersection en Y,Normale,Deux véhicules - arrière,3,2,2,0,1,2,1,0,1,80,2,2,1,0,1,0,75.0,48.0,voiture,utilitaire_camion,2,1,4,1,2
202300041914,2023-02-23 07:00:00,2023,2,23,7,0,11,11351,route départementale 613,43.092193,2.710147,Crépuscule ou aube,Hors agglomération,Intersection en Y,Normale,Deux véhicules - arrière,3,2, -1,-1,1,1,1,0,1,-1,2,2,1,0,1,0,75.0,48.0,voiture,utilitaire_camion,2,1,4,1,2
202300041915,2023-02-23 09:15:00,2023,2,23,9,15,63,63178,45 Route de Parentignat,45.542217,3.261121,Plein jour,En agglomération,Hors intersection,Temps couvert,Sans collision,3,2,2,0,1,1,2,0,1,50,1,1,0,0,0,1,16.0,,deux_roues,,1,2,1,8,7
202300041916,2023-04-06 12:05:00,2023,4,6,12,5,91,91097,AV DU GAL CHARLES DE GAULLE,48.68636,2.52835,Plein jour,Hors agglomération,Hors intersection,Pluie légère,Deux véhicules - arrière,4,2,2,0,1,1,2,0,1,50,2,2,0,0,0,2,30.0,50.0,voiture,voiture,1,1,1,2,2
202300041917,2023-02-23 13:45:00,2023,2,23,13,45,55,55282,D11,48.811414,5.362616,Plein jour,Hors agglomération,Hors intersection,Temps couvert,Sans collision,3,2,2,0,2,1,2,0,3,-1,1,1,0,0,1,0,22.0,,voiture,,1,1,1,8,7
202300041918,2023-04-04 17:05:00,2023,4,4,17,5,91,91174,RUE EMILE ZOLA,48.61154,2.46991,Plein jour,En agglomération,Hors intersection,Normale,Autre collision,4,-1,1,0,1,1,1,0,8,50,1,1,0,0,1,0,24.0,,deux_roues,,1,2,1,1,6
202300041919,2023-02-22 12:45:00,2023,2,22,12,45,49,49331,Rue Ernest Renan,47.686135,-0.877887,Plein jour,En agglomération,Hors intersection,Pluie légère,Sans collision,4,3,2,0,1,1,2,0,4,50,1,1,0,0,1,0,17.0,,deux_roues,,1,2,1,2,7
202300041920,2023-04-06 09:25:00,2023,4,6,9,25,90,90010,Rue de la Fraternité,47.638354,6.838153,Plein jour,En agglomération,Intersection en T,Normale,Autre collision,4,1,2,0,1,2,1,0,8,50,1,2,1,0,1,0,87.0,,voiture,,1,2,3,1,6
202300041920,2023-04-06 09:25:00,2023,4,6,9,25,90,90010,Rue de la Fraternité,47.638354,6.838153,Plein jour,En agglomération,Intersection en T,Normale,Autre collision,4,2,2,0,2,2,1,0,1,50,1,2,1,0,1,0,87.0,,voiture,,1,2,3,1,6
202300041921,2023-02-23 18:05:00,2023,2,23,18,5,42,42260,Route de Boen,45.826893,3.929452,Crépuscule ou aube,Hors agglomération,Intersection en Y,Normale,Deux véhicules - arrière,3,2,2,0,1,1,1,0,1,80,2,2,0,0,0,2,34.0,69.0,voiture,voiture,2,1,4,1,2
202300041921,2023-02-23 18:05:00,2023,2,23,18,5,42,42260,Route de Boen,45.826893,3.929452,Crépuscule ou aube,Hors agglomération,Intersection en Y,Normale,Deux véhicules - arrière,3,2,2,-1,4,1,1,0,1,-1,2,2,0,0,0,2,34.0,69.0,voiture,voiture,2,1,4,1,2
202300041922,2023-02-23 14:50:00,2023,2,23,14,50,41,41080,Rue du Cher,47.340934,1.187021,Plein jour,En agglomération,Intersection en X,Pluie légère,Autre collision,3,2,2,0,1,1,2,0,1,50,1,3,2,0,0,1,27.0,,voiture,,1,2,2,2,6
202300041922,2023-02-23 14:50:00,2023,2,23,14,50,41,41080,Rue du Cher,47.340934,1.187021,Plein jour,En agglomération,Intersection en X,Pluie légère,Autre collision,3,2, -1,-1,1,1,2,-1,1,-1,1,3,2,0,0,1,27.0,,voiture,,1,2,2,2,6
202300041923,2023-03-31 16:53:00,2023,3,31,16,53,88,88413,Rue du 31éme BCP,48.28448,6.95625,Plein jour,En agglomération,Hors intersection,Pluie légère,Trois véhicules et plus - en chaîne,4,2,2,0,1,1,2,2,1,50,3,7,5,0,0,2,38.0,49.0,voiture,voiture,1,2,1,2,4
202300041924,2023-02-22 08:15:00,2023,2,22,8,15,44,44151,1 Route de Saint-Denac,47.325125,-2.33206,Plein jour,Hors agglomération,Intersection en X,Pluie légère,Deux véhicules - côté,3,2,2,0,1,3,2,0,1,70,2,3,2,0,1,0,60.0,34.0,voiture,voiture,1,1,2,2,3
202300041924,2023-02-22 08:15:00,2023,2,22,8,15,44,44151,1 Route de Saint-Denac,47.325125,-2.33206,Plein jour,Hors agglomération,Intersection en X,Pluie légère,Deux véhicules - côté,3,2,2,0,1,1,2,0,1,70,2,3,2,0,1,0,60.0,34.0,voiture,voiture,1,1,2,2,3
202300041925,2023-04-05 17:32:00,2023,4,5,17,32,87,87085,LONDRES (RUE DE),45.84572,1.26051,Plein jour,En agglomération,Intersection en T,Normale,Autre collision,4,2,3,3,2,1,1,0,1,50,1,2,1,0,1,0,58.0,,voiture,,1,2,3,1,6
202300041925,2023-04-05 17:32:00,2023,4,5,17,32,87,87085,LONDRES (RUE DE),45.84572,1.26051,Plein jour,En agglomération,Intersection en T,Normale,Autre collision,4,2,2,0,1,1,1,0,1,30,1,2,1,0,1,0,58.0,,voiture,,1,2,3,1,6
202300041926,2023-02-23 16:45:00,2023,2,23,16,45,35,35306,Rue du Fort,48.56516,-1.925697,Plein jour,Hors agglomération,Giratoire,Normale,Autre collision,3,2,2,0,1,2,1,0,1,80,2,2,1,0,0,1,17.0,69.0,deux_roues,voiture,1,1,6,1,6
202300041927,2023-04-05 12:45:00,2023,4,5,12,45,86,86194,Rue des Entrepreneurs,46.615056,0.343886,Plein jour,En agglomération,Hors intersection,Normale,Sans collision,4,2,2,0,2,1,1,0,3,50,1,1,0,1,0,0,24.0,,deux_roues,,1,2,1,1,7
202300041928,2023-01-20 15:02:00,2023,1,20,15,2,14,14119,D225,49.145727,-0.252342,Plein jour,En agglomération,Hors intersection,Temps couvert,Sans collision,3,2,2,0,1,1,2,0,1,30,1,1,0,0,0,1,49.0,,deux_roues,,1,2,1,8,7
202300041929,2023-02-23 18:10:00,2023,2,23,18,10,50,50639,Rue du Chemin Vert,48.840352,-1.21827,Plein jour,En agglomération,Place,Normale,Sans collision,4,2,2,0,2,1,1,0,1,50,1,1,0,0,1,0,14.0,,deux_roues,,1,2,7,1,7
202300041930,2023-04-04 11:15:00,2023,4,4,11,15,84,84031,MONT VENTOUX AVENUE DU,44.05594,5.05429,Plein jour,En agglomération,Hors intersection,Normale,Autre collision,4,2,0,0,1,1,1,0,1,50,1,3,1,0,2,0,91.0,,utilitaire_camion,,1,2,1,1,6
202300041931,2023-03-19 02:30:00,2023,3,19,2,30,84,84031,Avenue Dwight Eisenhower,44.03216,5.05175,Nuit avec éclairage non allumé,En agglomération,Giratoire,Pluie légère,Autre collision,3,-1,2,0,1,2,2,0,3,50,1,2,0,0,1,1,36.0,,utilitaire_camion,,4,2,6,2,6
202300041931,2023-03-19 02:30:00,2023,3,19,2,30,84,84031,Avenue Dwight Eisenhower,44.03216,5.05175,Nuit avec éclairage non allumé,En agglomération,Giratoire,Pluie légère,Autre collision,3,-1,2,1,1,2,2,0,3,50,1,2,0,0,1,1,36.0,,utilitaire_camion,,4,2,6,2,6
202300041932,2023-02-22 17:00:00,2023,2,22,17,0,36,36141,,46.59825798,1.77400448,Plein jour,Hors agglomération,Giratoire,Pluie légère,Deux véhicules - côté,3,2,2,0,1,1,2,0,1,90,2,2,1,0,1,0,57.0,26.0,utilitaire_camion,voiture,1,1,6,2,3
202300041933,2023-04-04 16:49:00,2023,4,4,16,49,84,84007,FERRY ( Boulevard Jules),43.93766,4.80335,Plein jour,En agglomération,Intersection en Y,Normale,Autre collision,4,2,2,0,1,1,1,0,1,30,1,4,0,1,3,0,21.0,,voiture,,1,2,4,1,6
202300041933,2023-04-04 16:49:00,2023,4,4,16,49,84,84007,FERRY ( Boulevard Jules),43.93766,4.80335,Plein jour,En agglomération,Intersection en Y,Normale,Autre collision,4,1, -1,0,1,1,1,0,1,30,1,4,0,1,3,0,21.0,,voiture,,1,2,4,1,6
202300041934,2023-02-23 20:00:00,2023,2,23,20,0,36,36118,,46.72652284,1.37738067,Nuit sans éclairage public,Hors agglomération,Hors intersection,Pluie forte,Sans collision,3,2,2,0,1,1,2,0,3,80,1,3,1,0,2,0,28.0,,voiture,,3,1,1,3,7
202300041935,2023-02-24 16:40:00,2023,2,24,16,40,85,85297,départementale 746 leu dit les fontenelles,46.41436,-1.176555,Plein jour,Hors agglomération,Hors intersection,Normale,Autre collision,3,2,2,0,1,1,1,2,3,80,1,1,0,1,0,0,75.0,,voiture,,1,1,1,1,6
202300041936,2023-04-06 08:20:00,2023,4,6,8,20,83,83126,PETIN (AV HENRI),43.103242,5.874441,Plein jour,En agglomération,Intersection en X,Normale,Deux véhicules - côté,4,1,1,0,1,1,1,0,1,30,2,2,1,0,1,0,46.0,38.0,deux_roues,voiture,1,2,2,1,3
202300041936,2023-04-06 08:20:00,2023,4,6,8,20,83,83126,PETIN (AV HENRI),43.103242,5.874441,Plein jour,En agglomération,Intersection en X,Normale,Deux véhicules - côté,4,2,1,0,1,1,1,5,8,50,2,2,1,0,1,0,46.0,38.0,deux_roues,voiture,1,2,2,1,3
202300041937,2023-04-06 14:00:00,2023,4,6,14,0,83,83061,N7,43.43732978,6.71956336,Plein jour,Hors agglomération,Hors intersection,Normale,Autre collision,3,2,2,0,2,2,1,0,3,80,1,1,0,0,1,0,53.0,,deux_roues,,1,1,1,1,6