accident_id,datetime,annee,mois,jour,heure,minute,departement,commune_insee,adresse,latitude,longitude,luminosite,agglomeration,intersection,meteo,collision,catr,circ,nbv,vosp,prof,plan,surf,infra,situ,vma,nb_vehicules,nb_usagers,nb_indemnes,nb_tues,nb_blesses_hosp,nb_blesses_legers,age_cond_1,age_cond_2,veh_type_cond_1,veh_type_cond_2,lum_code,agg_code,int_code,atm_code,col_code
202300042010,2023-02-22 20:14:00,2023,2,22,20,14,93,93029,Avenue Henri Barbusse / Avenue Jean Jaurès,48.91984,2.45139,Nuit avec éclairage allumé,En agglomération,Intersection en X,Normale,Deux véhicules - côté,3,2,2,0,1,1,1,0,1,50,2,2,1,0,0,1,38.0,45.0,voiture,voiture,5,2,2,1,3
202300042010,2023-02-22 20:14:00,2023,2,22,20,14,93,93029,Avenue Henri Barbusse / Avenue Jean Jaurès,48.91984,2.45139,Nuit avec éclairage allumé,En agglomération,Intersection en X,Normale,Deux véhicules - côté,3,2,2,0,1,1,1,0,1,50,2,2,1,0,0,1,38.0,45.0,voiture,voiture,5,2,2,1,3
202300042011,2023-04-06 15:53:00,2023,4,6,15,53,47,47201,MARNE (AV. DE LA),44.19396,0.59873,Plein jour,En agglomération,Intersection en Y,Normale,Deux véhicules - arrière,3,2,2,2,1,1,1,0,1,50,2,2,1,0,0,1,44.0,51.0,voiture,deux_roues,1,2,4,1,2
202300042011,2023-04-06 15:53:00,2023,4,6,15,53,47,47201,MARNE (AV. DE LA),44.19396,0.59873,Plein jour,En agglomération,Intersection en Y,Normale,Deux véhicules - arrière,3,2,2,0,1,3,1,0,1,50,2,2,1,0,0,1,44.0,51.0,voiture,deux_roues,1,2,4,1,2
202300042012,2023-08-31 13:00:00,2023,8,31,13,0,10,10081,OUEST (BD),48.3055,4.02558,Plein jour,Hors agglomération,Intersection en X,Normale,Deux véhicules - côté,6,-1, -1,0,1,1,1,0,1,30,2,2,1,0,0,1,42.0,70.0,voiture,voiture,1,1,2,1,3
202300042013,2023-04-05 15:53:00,2023,4,5,15,53,45,45004,D2060 PR 26 + 990,47.985,2.760899,Plein jour,Hors agglomération,Hors intersection,Normale,Deux véhicules - côté,3,3,4,0,1,1,1,0,1,50,2,2,1,0,0,1,21.0,45.0,voiture,utilitaire_camion,1,1,1,1,3
202300042014,2023-09-01 15:35:00,2023,9,1,15,35,05,05061,JEAN JAURES ( AVENUE ),44.55226,6.07154,Plein jour,En agglomération,Hors intersection,Normale,Autre collision,2,2,2,0,1,1,1,0,1,50,1,2,1,0,1,0,80.0,,voiture,,1,2,1,1,6
202300042015,2023-02-22 18:55:00,2023,2,22,18,55,92,92073,JAURES (AVENUE JEAN),48.86532679,2.20377946,Nuit avec éclairage allumé,En agglomération,Autre intersection,Pluie légère,Deux véhicules - côté,3,2,2,0,1,1,2,0,1,50,2,2,1,0,0,1,24.0,,deux_roues,utilitaire_camion,5,2,9,2,3
202300042016,2023-04-01 18:30:00,2023,4,1,18,30,44,44109,146 Boulevard des Anglais,47.22467,-1.58426,Plein jour,En agglomération,Hors intersection,Normale,Deux véhicules - arrière,4,2,2,2,2,1,1,0,1,50,2,2,1,0,0,1,36.0,26.0,deux_roues,voiture,1,2,1,1,2
202300042017,2023-02-22 19:15:00,2023,2,22,19,15,92,92076,LA CELLE SAINT CLOUD,48.84477,2.17305,Nuit avec éclairage allumé,En agglomération,Hors intersection,Pluie légère,Sans collision,4,-1,2,0,1,1,2,0,1,50,1,1,0,0,0,1,19.0,,deux_roues,,5,2,1,2,7
202300042018,2023-02-22 11:15:00,2023,2,22,11,15,92,92050,NORMANDIE ALLEE DE,48.90066,2.21756,Plein jour,En agglomération,Hors intersection,Temps couvert,Autre collision,4,2,2,0,1,1,1,0,1,50,1,2,1,0,0,1,39.0,,voiture,,1,2,1,8,6
202300042019,2023-04-06 16:25:00,2023,4,6,16,25,43,43157,1 Avenue Charles Dupuy,45.0427,3.8892,Plein jour,En agglomération,Hors intersection,Normale,Deux véhicules - côté,4,1,2,0,1,1,1,0,1,50,2,2,1,0,0,1,45.0,82.0,utilitaire_camion,voiture,1,2,1,1,3
202300042020,2023-09-01 16:30:00,2023,9,1,16,30,75,75118,BD PERIPHERIQUE INTERIEUR,48.900646,2.331722,Plein jour,En agglomération,Hors intersection,Normale,Deux véhicules - côté,4,1,4,0,1,1,1,0,1,70,2,6,5,0,0,1,37.0,36.0,voiture,deux_roues,1,2,1,1,3
202300042021,2023-02-22 06:25:00,2023,2,22,6,25,92,92012,GENERAL LECLERC (AVENUE DU) 1/33 - 2/58,48.83224881,2.238691,Nuit avec éclairage allumé,En agglomération,Hors intersection,Normale,Autre collision,3,2,7,0,1,1,1,0,1,50,1,2,1,0,0,1,27.0,,voiture,,5,2,1,1,6
202300042022,2023-02-22 20:12:00,2023,2,22,20,12,92,92004,DIX HUIT JUIN 40 ( RUE DU ),48.9312121,2.27805108,Nuit sans éclairage public,Hors agglomération,Hors intersection,Normale,Autre collision,4,-1,1,0,1,1,1,0,1,50,1,2,0,0,0,2,22.0,,deux_roues,,3,1,1,1,6
202300042023,2023-08-31 10:25:00,2023,8,31,10,25,75,75119,PORTE DES LILAS,48.880362,2.406296,Plein jour,En agglomération,Hors intersection,Pluie légère,Autre collision,4,1,4,0,1,2,2,0,1,70,1,5,1,0,0,4,34.0,,voiture,,1,2,1,2,6
202300042024,2023-02-23 08:00:00,2023,2,23,8,0,11,11111,rte departementale 6113,43.208335,2.808847,Crépuscule ou aube,Hors agglomération,Hors intersection,Brouillard / fumée,Autre collision,3,2,2,0,1,1,1,0,1,80,2,2,1,0,1,0,59.0,,deux_roues,voiture,2,1,1,5,6
202300042025,2023-04-01 14:30:00,2023,4,1,14,30,42,42218,EVRARD FLORENT JUSQU'AUX Nø 87-112,45.42408,4.3752,Plein jour,En agglomération,Intersection en X,Normale,Trois véhicules et plus - collisions multiples,4,2,0,0,2,1,1,0,4,50,3,4,3,0,0,1,24.0,33.0,voiture,voiture,1,2,2,1,5
202300042025,2023-04-01 14:30:00,2023,4,1,14,30,42,42218,EVRARD FLORENT JUSQU'AUX Nø 87-112,45.42408,4.3752,Plein jour,En agglomération,Intersection en X,Normale,Trois véhicules et plus - collisions multiples,4,2,2,-1,2,4,1,0,4,-1,3,4,3,0,0,1,24.0,33.0,voiture,voiture,1,2,2,1,5
202300042026,2023-12-08 11:00:00,2023,12,8,11,0,14,14101,BRETTEVILLE SUR ODON (QUARTIER),49.1767,-0.42842,Plein jour,Hors agglomération,Autre intersection,Normale,Deux véhicules - côté,2,-1,2,0,1,3,2,3,1,110,2,2,1,0,0,1,23.0,20.0,voiture,deux_roues,1,1,9,1,3
202300042027,2023-02-23 01:10:00,2023,2,23,1,10,41,41252,autoroute A10,47.69,1.429,Nuit sans éclairage public,Hors agglomération,Hors intersection,Normale,Autre collision,1,3,3,0,1,1,2,0,3,130,1,1,0,0,1,0,45.0,,voiture,,3,1,1,1,6
202300042028,2023-04-06 08:25:00,2023,4,6,8,25,41,41018,CAMUS (RUE ALBERT),47.57637,1.30269,Plein jour,En agglomération,Hors intersection,Normale,Deux véhicules - côté,4,2,2,0,1,1,1,0,1,50,2,2,1,0,0,1,56.0,51.0,voiture,voiture,1,2,1,1,3
202300042029,2023-02-23 16:38:00,2023,2,23,16,38,01,01189,D991,46.031069,5.77905,Plein jour,Hors agglomération,Hors intersection,Normale,Autre collision,3,2,2,0,2,2,1,0,3,80,1,1,0,1,0,0,55.0,,utilitaire_camion,,1,1,1,1,6
202300042030,2023-09-01 14:09:00,2023,9,1,14,9,75,75119,RUE DE CRIMEE,48.893852,2.373414,Plein jour,En agglomération,Intersection à plus de 4 branches,Normale,Autre collision,4,4,2,0,1,1,1,0,1,30,1,1,0,0,0,1,62.0,,voiture,,1,2,5,1,6
202300042030,2023-09-01 14:09:00,2023,9,1,14,9,75,75119,RUE DE CRIMEE,48.893852,2.373414,Plein jour,En agglomération,Intersection à plus de 4 branches,Normale,Autre collision,4,3,4,0,1,1,1,0,1,30,1,1,0,0,0,1,62.0,,voiture,,1,2,5,1,6
202300042031,2023-12-07 11:35:00,2023,12,7,11,35,13,13117,GLACIERE ( RUE DE LA ),43.42321,5.24123,Plein jour,En agglomération,Intersection en X,Normale,Deux véhicules - côté,3,1,2,0,2,1,1,0,1,50,2,3,0,0,0,3,31.0,65.0,voiture,utilitaire_camion,1,2,2,1,3
202300042031,2023-12-07 11:35:00,2023,12,7,11,35,13,13117,GLACIERE ( RUE DE LA ),43.42321,5.24123,Plein jour,En agglomération,Intersection en X,Normale,Deux véhicules - côté,3,2,2,0,1,1,1,0,1,50,2,3,0,0,0,3,31.0,65.0,voiture,utilitaire_camion,1,2,2,1,3
202300042032,2023-02-23 15:50:00,2023,2,23,15,50,50,50159,Le Calenge,49.03719,-1.231002,Plein jour,Hors agglomération,Hors intersection,Normale,Autre collision,3,2,2,0,1,1,1,0,1,80,2,2,1,0,1,0,38.0,17.0,utilitaire_camion,deux_roues,1,1,1,1,6
202300042033,2023-02-21 08:15:00,2023,2,21,8,15,51,51399,D84,49.123777,4.854192,Plein jour,En agglomération,Intersection en X,Normale,Deux véhicules - frontale,3,2,2,0,1,3,1,0,1,50,2,4,1,0,0,3,41.0,19.0,voiture,voiture,1,2,2,1,1
202300042033,2023-02-21 08:15:00,2023,2,21,8,15,51,51399,D84,49.123777,4.854192,Plein jour,En agglomération,Intersection en X,Normale,Deux véhicules - frontale,3,2, -1,-1,2,1,1,0,1,-1,2,4,1,0,0,3,41.0,19.0,voiture,voiture,1,2,2,1,1
202300042034,2023-04-05 12:00:00,2023,4,5,12,0,38,38151,RUE HENRI WALLON,45.14489,5.7331,Plein jour,En agglomération,Intersection en X,Normale,Deux véhicules - côté,4,-1,2,0,1,1,1,0,1,50,2,3,1,0,0,2,31.0,14.0,voiture,deux_roues,1,2,2,1,3
202300042034,2023-04-05 12:00:00,2023,4,5,12,0,38,38151,RUE HENRI WALLON,45.14489,5.7331,Plein jour,En agglomération,Intersection en X,Normale,Deux véhicules - côté,4,1,0,0,1,1,1,0,1,50,2,3,1,0,0,2,31.0,14.0,voiture,deux_roues,1,2,2,1,3
202300042035,2023-09-01 01:10:00,2023,9,1,1,10,75,75115,RUE CAMBRONNE,48.842049,2.303077,Nuit avec éclairage allumé,En agglomération,Intersection en T,Normale,Deux véhicules - côté,4,-1, -1,-1,1,1,1,0,1,30,2,2,1,0,0,1,,27.0,voiture,deux_roues,5,2,3,1,3
202300042035,2023-09-01 01:10:00,2023,9,1,1,10,75,75115,RUE CAMBRONNE,48.842049,2.303077,Nuit avec éclairage allumé,En agglomération,Intersection en T,Normale,Deux véhicules - côté,4,2,2,0,1,1,1,9,1,30,2,2,1,0,0,1,,27.0,voiture,deux_roues,5,2,3,1,3
202300042036,2023-10-09 17:00:00,2023,10,9,17,0,13,13056,TURCAN FRANCIS,43.41168,5.04377,Plein jour,En agglomération,Intersection en X,Normale,Deux véhicules - côté,7,3,0,0,2,1,1,0,8,50,2,2,1,0,0,1,38.0,55.0,voiture,voiture,1,2,2,1,3
202300042036,2023-10-09 17:00:00,2023,10,9,17,0,13,13056,TURCAN FRANCIS,43.41168,5.04377,Plein jour,En agglomération,Intersection en X,Normale,Deux véhicules - côté,7,2,0,0,2,1,1,0,8,50,2,2,1,0,0,1,38.0,55.0,voiture,voiture,1,2,2,1,3
202300042036,2023-10-09 17:00:00,2023,10,9,17,0,13,13056,TURCAN FRANCIS,43.41168,5.04377,Plein jour,En agglomération,Intersection en X,Normale,Deux véhicules - côté,7,3,0,0,2,1,1,0,1,50,2,2,1,0,0,1,38.0,55.0,voiture,voiture,1,2,2,1,3
202300042037,2023-02-22 08:25:00,2023,2,22,8,25,74,74236,1364 Avenue du mont paccard,45.902269,6.713068,Plein jour,Hors agglomération,Hors intersection,Normale,Deux véhicules - frontale,3,2,2,0,2,2,7,2,1,80,2,3,1,0,0,2,66.0,67.0,voiture,voiture,1,1,1,1,1
202300042038,2023-12-04 16:45:00,2023,12,4,16,45,13,13005,CANIERS (AVENUE DES),43.29066,5.59306,Nuit avec éclairage allumé,En agglomération,Hors intersection,Pluie légère,Autre collision,4,2,2,0,1,1,2,0,1,30,1,3,1,0,0,2,16.0,,voiture,,5,2,1,2,6
202300042039,2023-04-06 20:10:00,2023,4,6,20,10,37,37261,MIRABEAU (PONT),47.39757,0.69945,Plein jour,En agglomération,Intersection en X,Pluie légère,Deux véhicules - frontale,4,2,4,0,2,1,2,5,1,50,2,3,2,0,0,1,20.0,24.0,voiture,voiture,1,2,2,2,1
202300042039,2023-04-06 20:10:00,2023,4,6,20,10,37,37261,MIRABEAU (PONT),47.39757,0.69945,Plein jour,En agglomération,Intersection en X,Pluie légère,Deux véhicules - frontale,4,2,3,0,2,1,2,5,1,50,2,3,2,0,0,1,20.0,24.0,voiture,voiture,1,2,2,2,1
202300042040,2023-09-01 15:15:00,2023,9,1,15,15,75,75114,RUE D ALESIA,48.827805,2.32915,Plein jour,En agglomération,Intersection en T,Normale,Deux véhicules - arrière,4,2,3,1,2,1,1,0,5,30,2,2,1,0,0,1,32.0,23.0,voiture,deux_roues,1,2,3,1,2
202300042040,2023-09-01 15:15:00,2023,9,1,15,15,75,75114,RUE D ALESIA,48.827805,2.32915,Plein jour,En agglomération,Intersection en T,Normale,Deux véhicules - arrière,4,1,1,0,1,1,1,0,5,30,2,2,1,0,0,1,32.0,23.0,voiture,deux_roues,1,2,3,1,2
202300042041,2023-02-22 11:45:00,2023,2,22,11,45,2A,2A008,D302,41.869369,8.855238,Plein jour,Hors agglomération,Hors intersection,Normale,Sans collision,3,2,2,0,2,2,1,0,3,80,1,1,0,0,1,0,36.0,,utilitaire_camion,,1,1,1,1,7
202300042042,2023-04-06 09:25:00,2023,4,6,9,25,37,37261,FLORENCE (AVENUE DE),47.37484,0.73052,Plein jour,En agglomération,Hors intersection,Normale,Autre collision,4,2,2,0,1,1,1,0,1,50,1,2,1,0,0,1,57.0,,utilitaire_camion,,1,2,1,1,6
202300042043,2023-12-08 08:50:00,2023,12,8,8,50,13,13019,D9,43.4714993,5.34223375,Plein jour,Hors agglomération,Hors intersection,Pluie forte,Deux véhicules - arrière,3,-1,2,0,1,1,2,0,1,90,2,2,1,0,0,1,33.0,25.0,voiture,voiture,1,1,1,3,2
202300042044,2023-08-31 16:51:00,2023,8,31,16,51,75,75114,AVENUE DE LA PORTE DE CHATILLON,48.822642,2.314834,Plein jour,En agglomération,Intersection en X,Pluie légère,Autre collision,4,3,3,3,1,3,2,0,1,50,1,1,0,0,0,1,56.0,,deux_roues,,1,2,2,2,6
202300042044,2023-08-31 16:51:00,2023,8,31,16,51,75,75114,AVENUE DE LA PORTE DE CHATILLON,48.822642,2.314834,Plein jour,En agglomération,Intersection en X,Pluie légère,Autre collision,4,-1, -1,-1,1,1,2,0,1,-1,1,1,0,0,0,1,56.0,,deux_roues,,1,2,2,2,6
202300042045,2023-02-08 15:20:00,2023,2,8,15,20,2A,2A004,lieu dit SUARTELLO,41.947937,8.749473,Plein jour,En agglomération,Hors intersection,Normale,Deux véhicules - arrière,4,2,2,0,2,3,1,0,1,-1,2,2,1,0,0,1,68.0,36.0,deux_roues,utilitaire_camion,1,2,1,1,2
202300042046,2023-04-05 17:25:00,2023,4,5,17,25,37,37195,LA GRANGE DAVID (LIEU DIT),47.37463,0.6464,Plein jour,Hors agglomération,Hors intersection,Normale,Sans collision,4,2,2,0,1,2,1,0,1,50,1,1,0,0,0,1,49.0,,deux_roues,,1,1,1,1,7
202300042047,2023-12-07 19:00:00,2023,12,7,19,0,11,11069,,43.22383,2.32706,Nuit sans éclairage public,En agglomération,Hors intersection,Normale,Deux véhicules - arrière,3,2,2,0,1,1,1,0,1,80,2,2,1,0,0,1,37.0,21.0,voiture,voiture,3,2,1,1,2
202300042048,2023-02-14 15:15:00,2023,2,14,15,15,80,80318,D1001,50.007648,2.088727,Plein jour,En agglomération,Intersection en X,Normale,Deux véhicules - côté,3,2,3,0,1,1,1,0,1,50,2,3,2,0,1,0,51.0,83.0,utilitaire_camion,voiture,1,2,2,1,3
202300042048,2023-02-14 15:15:00,2023,2,14,15,15,80,80318,D1001,50.007648,2.088727,Plein jour,En agglomération,Intersection en X,Normale,Deux véhicules - côté,3,2,2,0,1,1,1,0,8,50,2,3,2,0,1,0,51.0,83.0,utilitaire_camion,voiture,1,2,2,1,3
202300042049,2023-08-31 14:00:00,2023,8,31,14,0,75,75114,RUE DU COMMANDANT RENE MOUCHOTTE,48.83741,2.318595,Plein jour,En agglomération,Place,Pluie légère,Deux véhicules - arrière,4,1,1,0,1,3,2,8,1,30,2,2,1,0,0,1,37.0,50.0,voiture,deux_roues,1,2,7,2,2
202300042049,2023-08-31 14:00:00,2023,8,31,14,0,75,75114,RUE DU COMMANDANT RENE MOUCHOTTE,48.83741,2.318595,Plein jour,En agglomération,Place,Pluie légère,Deux véhicules - arrière,4,2,1,0,1,1,2,8,1,30,2,2,1,0,0,1,37.0,50.0,voiture,deux_roues,1,2,7,2,2
202300042050,2023-04-05 16:16:00,2023,4,5,16,16,36,36159,33 Route du Petit Epot,46.76254105,1.70638651,Plein jour,En agglomération,Hors intersection,Normale,Sans collision,3,2,2,0,1,1,1,0,1,50,1,1,0,0,1,0,16.0,,deux_roues,,1,2,1,1,7
202300042051,2023-12-08 17:20:00,2023,12,8,17,20,10,10387,EMILE ZOLA (RUE),48.2956,4.07282,Nuit avec éclairage allumé,En agglomération,Hors intersection,Normale,Autre collision,4,1,1,3,2,1,2,6,1,30,1,3,1,0,1,1,,,deux_roues,,5,2,1,1,6
202300042052,2023-02-23 19:00:00,2023,2,23,19,0,82,82081,D14,43.955537,1.102737,Nuit sans éclairage public,Hors agglomération,Hors intersection,Pluie légère,Autre collision,3,2,2,0,1,1,2,0,3,80,1,1,0,0,1,0,40.0,,voiture,,3,1,1,2,6
202300042053,2023-04-06 16:00:00,2023,4,6,16,0,35,35238,VEZIN (ROUTE DE),48.11631,-1.71206,Plein jour,En agglomération,Hors intersection,Normale,Autre collision,4,2,2,2,1,1,1,0,1,50,1,1,0,0,0,1,47.0,,utilitaire_camion,,1,2,1,1,6
202300042054,2023-09-01 16:05:00,2023,9,1,16,5,75,75111,RUE DE CHARONNE,48.854071,2.382657,Plein jour,En agglomération,Intersection en T,Normale,Autre collision,4,-1, -1,-1,1,1,1,0,1,30,1,2,1,0,0,1,39.0,,voiture,,1,2,3,1,6
202300042054,2023-09-01 16:05:00,2023,9,1,16,5,75,75111,RUE DE CHARONNE,48.854071,2.382657,Plein jour,En agglomération,Intersection en T,Normale,Autre collision,4,2,2,0,1,1,1,0,1,30,1,2,1,0,0,1,39.0,,voiture,,1,2,3,1,6
202300042055,2023-02-22 22:10:00,2023,2,22,22,10,11,11209,Route départementale 118,42.967006,2.260137,Nuit sans éclairage public,Hors agglomération,Hors intersection,Pluie légère,Autre collision,3,2,2,0,1,3,2,0,3,70,1,1,0,0,1,0,35.0,,voiture,,3,1,1,2,6
202300042056,2023-04-06 12:45:00,2023,4,6,12,45,35,35238,BERNARD (CLAUDE),48.10281,-1.69441,Plein jour,En agglomération,Hors intersection,Normale,Autre collision,4,2,2,1,2,2,2,1,1,50,1,1,0,0,0,1,48.0,,deux_roues,,1,2,1,1,6
202300042057,2023-09-01 16:47:00,2023,9,1,16,47,75,75108,PONT DES INVALIDES,48.8639431,2.31039047,Plein jour,En agglomération,Intersection en T,Normale,Autre collision,4,-1, -1,-1,1,1,1,0,1,30,1,2,1,0,0,1,21.0,,deux_roues,,1,2,3,1,6
202300042057,2023-09-01 16:47:00,2023,9,1,16,47,75,75108,PONT DES INVALIDES,48.8639431,2.31039047,Plein jour,En agglomération,Intersection en T,Normale,Autre collision,4,2,3,3,1,1,1,2,1,30,1,2,1,0,0,1,21.0,,deux_roues,,1,2,3,1,6
202300042058,2023-02-16 16:45:00,2023,2,16,16,45,71,71248,D975,46.557329,4.95547,Plein jour,Hors agglomération,Intersection en X,Normale,Deux véhicules - côté,3,2,2,0,1,1,1,0,1,80,2,2,1,0,0,1,67.0,70.0,voiture,voiture,1,1,2,1,3
202300042058,2023-02-16 16:45:00,2023,2,16,16,45,71,71248,D975,46.557329,4.95547,Plein jour,Hors agglomération,Intersection en X,Normale,Deux véhicules - côté,3,2,2,0,1,1,1,0,1,90,2,2,1,0,0,1,67.0,70.0,voiture,voiture,1,1,2,1,3
202300042059,2023-12-07 07:05:00,2023,12,7,7,5,10,10325,VICTOR HUGO (RUE),48.26639,4.07067,Nuit avec éclairage allumé,En agglomération,Autre intersection,Normale,Deux véhicules - frontale,4,2,2,0,1,2,1,0,1,50,2,2,0,0,0,2,29.0,41.0,utilitaire_camion,utilitaire_camion,5,2,9,1,1
202300042060,2023-04-01 12:42:00,2023,4,1,12,42,34,34172,501 Avenue du Doyen Gaston Giraud,43.63424,3.84937,Plein jour,En agglomération,Hors intersection,Normale,Autre collision,4,1,3,0,1,1,1,5,1,50,1,2,1,0,1,0,26.0,,deux_roues,,1,2,1,1,6
202300042061,2023-02-22 10:40:00,2023,2,22,10,40,63,63268,Lieu Dit Maison Blanche,45.555271,3.17087,Plein jour,Hors agglomération,Hors intersection,Pluie légère,Autre collision,3,2,2,0,1,1,2,0,3,90,1,1,0,0,1,0,86.0,,voiture,,1,1,1,2,6
202300042062,2023-08-29 12:30:00,2023,8,29,12,30,75,75108,AVENUE GEORGE V,48.868419,2.301146,Plein jour,En agglomération,Intersection en X,Normale,Sans collision,4,-1,2,0,2,1,9,8,1,30,1,1,0,0,0,1,49.0,,deux_roues,,1,2,2,1,7
202300042062,2023-08-29 12:30:00,2023,8,29,12,30,75,75108,AVENUE GEORGE V,48.868419,2.301146,Plein jour,En agglomération,Intersection en X,Normale,Sans collision,4,2,2,0,1,1,9,8,1,30,1,1,0,0,0,1,49.0,,deux_roues,,1,2,2,1,7
202300042063,2023-12-08 07:35:00,2023,12,8,7,35,06,06027,PLAGE BOULEVARD DE LA,43.6548109,7.1590613,Nuit avec éclairage allumé,En agglomération,Hors intersection,Pluie légère,Autre collision,7,3,4,0,1,1,2,0,1,50,1,2,1,0,0,1,47.0,,voiture,,5,2,1,2,6
202300042064,2023-04-06 19:22:00,2023,4,6,19,22,33,33281,Avenue du Président-René-Coty,44.83708,-0.64923,Plein jour,En agglomération,Intersection en T,Normale,Deux véhicules - côté,4,3,2,2,1,1,1,0,1,30,2,3,2,0,0,1,21.0,53.0,deux_roues,voiture,1,2,3,1,3
202300042064,2023-04-06 19:22:00,2023,4,6,19,22,33,33281,Avenue du Président-René-Coty,44.83708,-0.64923,Plein jour,En agglomération,Intersection en T,Normale,Deux véhicules - côté,4,2,1,2,1,1,1,0,1,30,2,3,2,0,0,1,21.0,53.0,deux_roues,voiture,1,2,3,1,3
202300042065,2023-12-06 15:15:00,2023,12,6,15,15,06,06027,GAUDE AVENUE DE LA,43.6732,7.15171,Plein jour,En agglomération,Hors intersection,Normale,Deux véhicules - côté,7,2,2,0,1,3,1,9,1,50,2,2,1,0,0,1,45.0,22.0,deux_roues,voiture,1,2,1,1,3
202300042066,2023-08-31 15:26:00,2023,8,31,15,26,75,75107,QUAI VOLTAIRE,48.859545,2.329284,Plein jour,En agglomération,Intersection en T,Pluie légère,Deux véhicules - arrière,4,1, -1,-1,1,1,2,0,1,-1,2,2,1,0,0,1,28.0,43.0,deux_roues,voiture,1,2,3,2,2
202300042066,2023-08-31 15:26:00,2023,8,31,15,26,75,75107,QUAI VOLTAIRE,48.859545,2.329284,Plein jour,En agglomération,Intersection en T,Pluie légère,Deux véhicules - arrière,4,1,2,0,1,1,2,0,1,30,2,2,1,0,0,1,28.0,43.0,deux_roues,voiture,1,2,3,2,2
202300042067,2023-02-22 21:15:00,2023,2,22,21,15,63,63045,chez barrioux D223/D212,45.789874,3.4602,Nuit sans éclairage public,Hors agglomération,Intersection en X,Pluie légère,Deux véhicules - côté,3,2,1,0,1,1,2,0,1,90,2,4,0,0,3,1,30.0,24.0,voiture,voiture,3,1,2,2,3
202300042067,2023-02-22 21:15:00,2023,2,22,21,15,63,63045,chez barrioux D223/D212,45.789874,3.4602,Nuit sans éclairage public,Hors agglomération,Intersection en X,Pluie légère,Deux véhicules - côté,3,2,1,0,1,1,2,5,1,90,2,4,0,0,3,1,30.0,24.0,voiture,voiture,3,1,2,2,3
202300042068,2023-12-08 18:45:00,2023,12,8,18,45,04,04112,DEPARTEMENTALE 4096,43.81043,5.78221,Nuit sans éclairage public,En agglomération,Hors intersection,Temps couvert,Autre collision,3,2,2,0,1,1,2,0,1,50,1,2,1,0,0,1,,,voiture,,3,2,1,8,6
202300042069,2023-04-05 16:00:00,2023,4,5,16,0,33,33192,Cours du Général de Gaulle,44.78626,-0.60494,Plein jour,En agglomération,Intersection en T,Normale,Deux véhicules - côté,3,1,1,0,1,3,1,9,1,50,2,2,1,0,0,1,34.0,29.0,voiture,deux_roues,1,2,3,1,3
202300042069,2023-04-05 16:00:00,2023,4,5,16,0,33,33192,Cours du Général de Gaulle,44.78626,-0.60494,Plein jour,En agglomération,Intersection en T,Normale,Deux véhicules - côté,3,3,2,2,1,1,1,5,1,50,2,2,1,0,0,1,34.0,29.0,voiture,deux_roues,1,2,3,1,3
202300042070,2023-02-23 11:10:00,2023,2,23,11,10,76,76192,D925,50.023821,1.342534,Plein jour,Hors agglomération,Hors intersection,Normale,Autre collision,3,2,2,0,2,3,1,0,1,80,1,1,0,0,1,0,72.0,,deux_roues,,1,1,1,1,6
202300042071,2023-08-31 09:54:00,2023,8,31,9,54,75,75107,QUAI VOLTAIRE,48.859239,2.330217,Plein jour,En agglomération,Intersection en T,Normale,Autre collision,4,1, -1,-1,1,1,1,0,1,-1,1,2,1,0,0,1,45.0,,voiture,,1,2,3,1,6
202300042071,2023-08-31 09:54:00,2023,8,31,9,54,75,75107,QUAI VOLTAIRE,48.859239,2.330217,Plein jour,En agglomération,Intersection en T,Normale,Autre collision,4,1,3,1,1,1,1,0,1,30,1,2,1,0,0,1,45.0,,voiture,,1,2,3,1,6
202300042072,2023-02-22 13:20:00,2023,2,22,13,20,49,49030,D206,47.364874,-0.050645,Plein jour,Hors agglomération,Hors intersection,Normale,Autre collision,3,2,2,0,1,2,1,0,3,80,1,1,0,0,1,0,21.0,,voiture,,1,1,1,1,6
202300042073,2023-12-08 19:30:00,2023,12,8,19,30,75,75118,BD PERIPHERIQUE INTERIEUR,48.900675,2.333095,Nuit avec éclairage allumé,En agglomération,Hors intersection,Normale,Deux véhicules - arrière,4,1,4,0,1,1,1,0,1,70,2,2,1,0,0,1,42.0,38.0,voiture,deux_roues,5,2,1,1,2
202300042074,2023-04-05 08:15:00,2023,4,5,8,15,33,33281,Avenue de l'Yser,44.84207,-0.66068,Plein jour,En agglomération,Intersection en X,Normale,Deux véhicules - côté,4,3,3,2,1,1,1,5,1,50,2,2,1,0,1,0,51.0,33.0,voiture,deux_roues,1,2,2,1,3
202300042074,2023-04-05 08:15:00,2023,4,5,8,15,33,33281,Avenue de l'Yser,44.84207,-0.66068,Plein jour,En agglomération,Intersection en X,Normale,Deux véhicules - côté,4,2,2,2,1,1,1,5,1,50,2,2,1,0,1,0,51.0,33.0,voiture,deux_roues,1,2,2,1,3
202300042075,2023-09-01 00:55:00,2023,9,1,0,55,75,75104,RUE DES BLANCS MANTEAUX,48.858812,2.357364,Nuit avec éclairage allumé,En agglomération,Intersection en T,Pluie légère,Autre collision,4,-1, -1,-1,1,1,2,0,1,30,1,1,0,0,0,1,37.0,,deux_roues,,5,2,3,2,6
202300042075,2023-09-01 00:55:00,2023,9,1,0,55,75,75104,RUE DES BLANCS MANTEAUX,48.858812,2.357364,Nuit avec éclairage allumé,En agglomération,Intersection en T,Pluie légère,Autre collision,4,1,1,0,1,1,2,0,1,30,1,1,0,0,0,1,37.0,,deux_roues,,5,2,3,2,6