accident_id,datetime,annee,mois,jour,heure,minute,departement,commune_insee,adresse,latitude,longitude,luminosite,agglomeration,intersection,meteo,collision,catr,circ,nbv,vosp,prof,plan,surf,infra,situ,vma,nb_vehicules,nb_usagers,nb_indemnes,nb_tues,nb_blesses_hosp,nb_blesses_legers,age_cond_1,age_cond_2,veh_type_cond_1,veh_type_cond_2,lum_code,agg_code,int_code,atm_code,col_code
202300042283,2023-12-08 17:25:00,2023,12,8,17,25,38,38397,A41,45.228533,5.827968,Nuit sans éclairage public,Hors agglomération,Hors intersection,Normale,Deux véhicules - arrière,1,3,2,0,2,1,1,0,1,130,2,8,6,0,1,1,41.0,52.0,voiture,voiture,3,1,1,1,2
202300042284,2023-09-02 06:40:00,2023,9,2,6,40,51,51183,A26 PK 253,49.322178,3.984234,Plein jour,Hors agglomération,Hors intersection,Normale,Sans collision,1,3,0,0,1,1,1,9,4,70,1,4,0,0,0,4,39.0,,voiture,,1,1,1,1,7
202300042285,2023-04-07 09:45:00,2023,4,7,9,45,35,35207,Les Patissiaux,48.08162226,-1.4775297,Plein jour,Hors agglomération,Hors intersection,Brouillard / fumée,Trois véhicules et plus - collisions multiples,3,2,2,0,1,1,1,0,1,80,3,4,2,0,1,1,39.0,71.0,voiture,voiture,1,1,1,5,5
202300042286,2023-12-08 07:50:00,2023,12,8,7,50,45,45053,D50 PR 1 + 40,47.601468,2.766602,Nuit avec éclairage allumé,Hors agglomération,Intersection en X,Temps couvert,Deux véhicules - côté,3,2,2,0,2,1,2,0,1,70,2,2,1,0,1,0,16.0,25.0,deux_roues,voiture,5,1,2,8,3
202300042286,2023-12-08 07:50:00,2023,12,8,7,50,45,45053,D50 PR 1 + 40,47.601468,2.766602,Nuit avec éclairage allumé,Hors agglomération,Intersection en X,Temps couvert,Deux véhicules - côté,3,2,2,0,1,1,2,0,8,80,2,2,1,0,1,0,16.0,25.0,deux_roues,voiture,5,1,2,8,3
202300042287,2023-09-01 15:35:00,2023,9,1,15,35,34,34032,Autoroute A9 PK 166.300 sens Montpellier-Espagne,43.304054,3.225195,Plein jour,Hors agglomération,Hors intersection,Normale,Deux véhicules - arrière,1,2,3,0,1,1,1,3,1,-1,2,3,1,0,1,1,28.0,80.0,utilitaire_camion,voiture,1,1,1,1,2
202300042288,2023-04-08 11:15:00,2023,4,8,11,15,29,29074,Rue des Genêts,48.489993,-3.996513,Plein jour,En agglomération,Giratoire,Normale,Autre collision,4,1,2,0,1,3,1,5,1,50,2,2,1,0,1,0,59.0,3.0,voiture,deux_roues,1,2,6,1,6
202300042289,2023-12-08 23:45:00,2023,12,8,23,45,13,13058,2550 RD 17 dite Route de Mouriès,43.703538,4.832071,Nuit sans éclairage public,Hors agglomération,Hors intersection,Normale,Sans collision,3,2,2,0,1,1,2,0,3,80,1,1,0,1,0,0,19.0,,utilitaire_camion,,3,1,1,1,7
202300042290,2023-09-01 15:00:00,2023,9,1,15,0,21,21684,"Autoroute A31, PK 9",47.025484,4.873324,Plein jour,Hors agglomération,Hors intersection,Normale,Deux véhicules - arrière,1,3,3,0,1,1,1,0,1,130,2,2,1,0,1,0,76.0,50.0,voiture,utilitaire_camion,1,1,1,1,2
202300042291,2023-04-08 11:15:00,2023,4,8,11,15,29,29174,Kerguelloux Vihan,47.928187,-4.278692,Plein jour,Hors agglomération,Intersection en T,Normale,Deux véhicules - côté,3,2,2,0,1,2,1,0,1,80,2,3,1,0,1,1,72.0,51.0,deux_roues,voiture,1,1,3,1,3
202300042291,2023-04-08 11:15:00,2023,4,8,11,15,29,29174,Kerguelloux Vihan,47.928187,-4.278692,Plein jour,Hors agglomération,Intersection en T,Normale,Deux véhicules - côté,3,2,2,0,1,1,1,0,1,80,2,3,1,0,1,1,72.0,51.0,deux_roues,voiture,1,1,3,1,3
202300042292,2023-12-08 18:30:00,2023,12,8,18,30,45,45144,99 Route de Darvoy,47.84090107,2.10211247,Nuit avec éclairage non allumé,Hors agglomération,Intersection en T,Normale,Deux véhicules - côté,4,2,2,0,1,1,2,0,1,80,2,2,1,0,1,0,75.0,36.0,voiture,deux_roues,4,1,3,1,3
202300042292,2023-12-08 18:30:00,2023,12,8,18,30,45,45144,99 Route de Darvoy,47.84090107,2.10211247,Nuit avec éclairage non allumé,Hors agglomération,Intersection en T,Normale,Deux véhicules - côté,4,2,2,0,1,1,2,0,1,50,2,2,1,0,1,0,75.0,36.0,voiture,deux_roues,4,1,3,1,3
202300042293,2023-04-07 19:30:00,2023,4,7,19,30,73,73162,D1090,45.605977,6.28154,Crépuscule ou aube,Hors agglomération,Hors intersection,Normale,Deux véhicules - frontale,3,2,2,0,1,2,1,0,1,80,2,5,1,0,0,4,52.0,28.0,voiture,voiture,2,1,1,1,1
202300042294,2023-12-07 12:55:00,2023,12,7,12,55,04,04245,Chemin du Pont Vieux,43.873848,5.848991,Plein jour,Hors agglomération,Intersection en X,Normale,Deux véhicules - côté,4,-1, -1,-1,-1,-1,-1,-1,-1,-1,2,2,1,0,1,0,23.0,36.0,voiture,voiture,1,1,2,1,3
202300042294,2023-12-07 12:55:00,2023,12,7,12,55,04,04245,Chemin du Pont Vieux,43.873848,5.848991,Plein jour,Hors agglomération,Intersection en X,Normale,Deux véhicules - côté,4,2,2,0,2,3,1,0,1,30,2,2,1,0,1,0,23.0,36.0,voiture,voiture,1,1,2,1,3
202300042295,2023-09-02 14:15:00,2023,9,2,14,15,77,77005,D418,48.905019,2.709731,Plein jour,Hors agglomération,Hors intersection,Normale,Deux véhicules - frontale,3,2,2,0,2,2,1,0,1,70,2,3,2,1,0,0,64.0,62.0,voiture,deux_roues,1,1,1,1,1
202300042296,2023-04-08 09:50:00,2023,4,8,9,50,18,18028,,47.151567,2.284212,Plein jour,Hors agglomération,Intersection en X,Normale,Deux véhicules - côté,3,2,2,0,1,1,1,0,1,80,2,3,2,0,0,1,88.0,50.0,deux_roues,voiture,1,1,2,1,3
202300042296,2023-04-08 09:50:00,2023,4,8,9,50,18,18028,,47.151567,2.284212,Plein jour,Hors agglomération,Intersection en X,Normale,Deux véhicules - côté,3,2, -1,-1,1,1,1,0,1,-1,2,3,2,0,0,1,88.0,50.0,deux_roues,voiture,1,1,2,1,3
202300042297,2023-09-01 08:45:00,2023,9,1,8,45,77,77388,Rue du 8 Mai 1945,48.961656,3.147529,Plein jour,En agglomération,Intersection en T,Pluie légère,Deux véhicules - arrière,3,2,2,0,1,1,1,0,1,30,2,2,1,0,0,1,44.0,48.0,voiture,voiture,1,2,3,2,2
202300042297,2023-09-01 08:45:00,2023,9,1,8,45,77,77388,Rue du 8 Mai 1945,48.961656,3.147529,Plein jour,En agglomération,Intersection en T,Pluie légère,Deux véhicules - arrière,3,-1, -1,-1,1,1,1,0,1,-1,2,2,1,0,0,1,44.0,48.0,voiture,voiture,1,2,3,2,2
202300042298,2023-12-08 16:15:00,2023,12,8,16,15,10,10095,Route Départementale 56,48.550642,4.142492,Plein jour,Hors agglomération,,Normale,Deux véhicules - côté,3,2,1,0,1,1,1,0,1,90,2,2,1,0,0,1,75.0,58.0,autre,utilitaire_camion,1,1,-1,1,3
202300042299,2023-04-08 18:00:00,2023,4,8,18,0,43,43224,Les Saint Martin,45.266279,4.261751,Plein jour,Hors agglomération,Hors intersection,Normale,Sans collision,3,2,2,0,1,1,1,0,1,80,1,1,0,0,0,1,21.0,,deux_roues,,1,1,1,1,7
202300042300,2023-04-08 13:15:00,2023,4,8,13,15,10,10005,Grande Rue,48.290857,4.515011,Plein jour,En agglomération,Intersection en T,Normale,Sans collision,3,2,2,0,1,1,1,5,1,50,1,1,0,0,1,0,15.0,,deux_roues,,1,2,3,1,7
202300042300,2023-04-08 13:15:00,2023,4,8,13,15,10,10005,Grande Rue,48.290857,4.515011,Plein jour,En agglomération,Intersection en T,Normale,Sans collision,3,1, -1,-1,1,1,1,0,1,-1,1,1,0,0,1,0,15.0,,deux_roues,,1,2,3,1,7
202300042301,2023-12-08 18:10:00,2023,12,8,18,10,69,69171,Quai de la Brévenne,45.811178,4.599715,Nuit avec éclairage allumé,En agglomération,Intersection en T,Pluie légère,Deux véhicules - côté,3,2,2,0,1,1,2,0,1,30,2,2,1,0,1,0,25.0,17.0,voiture,deux_roues,5,2,3,2,3
202300042301,2023-12-08 18:10:00,2023,12,8,18,10,69,69171,Quai de la Brévenne,45.811178,4.599715,Nuit avec éclairage allumé,En agglomération,Intersection en T,Pluie légère,Deux véhicules - côté,3,2,2,0,1,1,2,2,1,-1,2,2,1,0,1,0,25.0,17.0,voiture,deux_roues,5,2,3,2,3
202300042302,2023-09-02 01:00:00,2023,9,2,1,0,66,66190,,42.842231,2.926238,Nuit sans éclairage public,Hors agglomération,Hors intersection,Normale,Trois véhicules et plus - collisions multiples,3,2,2,0,1,1,1,0,1,80,3,8,5,1,0,2,19.0,35.0,voiture,voiture,3,1,1,1,5
202300042303,2023-12-09 07:30:00,2023,12,9,7,30,85,85236,RD12,46.64354,-1.750214,Nuit sans éclairage public,Hors agglomération,Hors intersection,Pluie forte,Autre collision,3,2,2,0,1,1,2,0,1,80,1,2,0,1,0,1,69.0,,voiture,,3,1,1,3,6
202300042304,2023-04-08 18:15:00,2023,4,8,18,15,21,21136,CD971,47.450784,4.762623,Plein jour,Hors agglomération,Hors intersection,Normale,Deux véhicules - frontale,3,2,2,0,4,1,1,0,1,90,2,5,2,1,2,0,68.0,35.0,voiture,voiture,1,1,1,1,1
202300042305,2023-09-01 19:45:00,2023,9,1,19,45,11,11190,,43.255002,2.641804,Plein jour,Hors agglomération,Hors intersection,Normale,Sans collision,3,2,2,0,1,2,1,0,1,80,1,1,0,0,1,0,67.0,,voiture,,1,1,1,1,7
202300042306,2023-12-09 08:10:00,2023,12,9,8,10,60,60045,D134,49.224752,2.670987,Nuit sans éclairage public,Hors agglomération,Hors intersection,Pluie forte,Deux véhicules - arrière,3,2,2,0,1,1,2,0,1,80,1,2,1,1,0,0,48.0,,utilitaire_camion,,3,1,1,3,2
202300042307,2023-09-01 20:00:00,2023,9,1,20,0,68,68309,Rue Poincaré,47.660882,7.448639,Crépuscule ou aube,En agglomération,Hors intersection,Normale,Sans collision,3,2,2,0,1,1,1,0,1,50,1,1,0,0,0,1,21.0,,deux_roues,,2,2,1,1,7
202300042308,2023-03-25 22:15:00,2023,3,25,22,15,85,85130,D948,46.787833,-1.701105,Nuit sans éclairage public,Hors agglomération,Hors intersection,Normale,Sans collision,3,3,2,0,1,1,1,3,3,110,1,3,0,0,0,3,30.0,,voiture,,3,1,1,1,7
202300042309,2023-12-08 18:20:00,2023,12,8,18,20,80,80212,Rue Gambetta,49.912733,2.515133,Nuit avec éclairage allumé,En agglomération,Hors intersection,Normale,Deux véhicules - côté,3,2,2,0,2,1,1,0,1,50,2,2,1,0,0,1,12.0,22.0,deux_roues,voiture,5,2,1,1,3
202300042310,2023-09-02 17:15:00,2023,9,2,17,15,88,88512,Grande Rue,48.227514,6.634649,Plein jour,En agglomération,Intersection en T,Normale,Autre collision,3,2,2,0,1,2,1,0,3,50,1,2,0,0,1,1,17.0,,deux_roues,,1,2,3,1,6
202300042310,2023-09-02 17:15:00,2023,9,2,17,15,88,88512,Grande Rue,48.227514,6.634649,Plein jour,En agglomération,Intersection en T,Normale,Autre collision,3,2,2,0,1,1,1,0,3,50,1,2,0,0,1,1,17.0,,deux_roues,,1,2,3,1,6
202300042311,2023-12-08 07:45:00,2023,12,8,7,45,13,13001,A51-Sens Aix en Provence vers Marseille,43.51144213,5.42077028,Crépuscule ou aube,Hors agglomération,Hors intersection,Pluie forte,Deux véhicules - arrière,1,-1,2,0,1,1,2,0,1,90,2,2,0,0,0,2,51.0,49.0,voiture,voiture,2,1,1,3,2
202300042312,2023-04-08 20:45:00,2023,4,8,20,45,85,85154,la croix renard,46.64255,-0.824066,Plein jour,Hors agglomération,Intersection en T,Normale,Deux véhicules - côté,3,2,2,0,1,1,1,5,1,70,2,4,1,0,1,2,45.0,36.0,voiture,utilitaire_camion,1,1,3,1,3
202300042312,2023-04-08 20:45:00,2023,4,8,20,45,85,85154,la croix renard,46.64255,-0.824066,Plein jour,Hors agglomération,Intersection en T,Normale,Deux véhicules - côté,3,2, -1,-1,-1,1,1,0,1,-1,2,4,1,0,1,2,45.0,36.0,voiture,utilitaire_camion,1,1,3,1,3
202300042313,2023-09-01 17:45:00,2023,9,1,17,45,54,54364,D331,48.599111,6.137714,Plein jour,Hors agglomération,Hors intersection,Normale,Trois véhicules et plus - collisions multiples,3,2,2,0,1,1,1,0,1,80,3,5,0,1,3,1,70.0,39.0,voiture,voiture,1,1,1,1,5
202300042314,2023-12-08 06:30:00,2023,12,8,6,30,13,13026,A55-Sens Martigues vers Marseille,43.40012173,5.09963791,Nuit sans éclairage public,Hors agglomération,Hors intersection,Pluie forte,Trois véhicules et plus - collisions multiples,1,-1,2,0,1,1,2,0,1,100,1,3,2,0,0,1,52.0,,voiture,,3,1,1,3,5
202300042315,2023-04-08 12:30:00,2023,4,8,12,30,85,85108,Rue de grasla,46.907261,-1.370209,Plein jour,En agglomération,Intersection en T,Normale,Deux véhicules - côté,3,2,2,0,1,1,1,0,1,50,2,2,0,0,1,1,51.0,38.0,voiture,deux_roues,1,2,3,1,3
202300042315,2023-04-08 12:30:00,2023,4,8,12,30,85,85108,Rue de grasla,46.907261,-1.370209,Plein jour,En agglomération,Intersection en T,Normale,Deux véhicules - côté,3,2, -1,-1,1,1,1,0,1,-1,2,2,0,0,1,1,51.0,38.0,voiture,deux_roues,1,2,3,1,3
202300042316,2023-08-31 17:45:00,2023,8,31,17,45,26,26072,D109,45.127091,4.897896,Plein jour,Hors agglomération,Intersection en Y,Normale,Deux véhicules - frontale,3,2,2,0,1,1,1,0,1,80,2,2,1,0,1,0,23.0,34.0,voiture,voiture,1,1,4,1,1
202300042316,2023-08-31 17:45:00,2023,8,31,17,45,26,26072,D109,45.127091,4.897896,Plein jour,Hors agglomération,Intersection en Y,Normale,Deux véhicules - frontale,3,2,2,0,2,1,1,0,8,80,2,2,1,0,1,0,23.0,34.0,voiture,voiture,1,1,4,1,1
202300042317,2023-12-08 07:25:00,2023,12,8,7,25,13,13005,A501-Sens Pont de l'Etoile vers Aubagne,43.29224,5.55601,Crépuscule ou aube,Hors agglomération,Hors intersection,Normale,Trois véhicules et plus - en chaîne,1,1,2,3,1,1,1,0,1,90,3,3,2,0,0,1,47.0,27.0,voiture,deux_roues,2,1,1,1,4
202300042318,2023-04-08 14:00:00,2023,4,8,14,0,27,27437,Départementale 14 bis,49.311414,1.53564,Plein jour,Hors agglomération,Hors intersection,Normale,Autre collision,3,2,2,0,1,1,1,0,8,80,1,4,0,0,2,2,19.0,,voiture,,1,1,1,1,6
202300042319,2023-09-01 09:10:00,2023,9,1,9,10,17,17452,24 Avenue de la Côte de Beauté,45.789518,-1.159208,Plein jour,En agglomération,Hors intersection,Normale,Sans collision,3,2,2,1,1,1,1,0,5,50,1,1,0,0,1,0,47.0,,deux_roues,,1,2,1,1,7
202300042320,2023-04-07 19:15:00,2023,4,7,19,15,30,30266,route de saint sauveur,44.257837,4.289163,Plein jour,En agglomération,Hors intersection,Normale,Autre collision,3,2,2,0,2,1,1,0,3,50,1,1,0,0,1,0,15.0,,deux_roues,,1,2,1,1,6
202300042321,2023-12-08 22:55:00,2023,12,8,22,55,33,33366,AUTOROUTE A 10,45.00027784,-0.42682528,Nuit sans éclairage public,Hors agglomération,Hors intersection,Normale,Trois véhicules et plus - en chaîne,2,3,6,0,1,1,1,0,1,130,3,3,2,0,0,1,21.0,42.0,voiture,voiture,3,1,1,1,4
202300042322,2023-09-01 17:55:00,2023,9,1,17,55,85,85178,RD 6,46.756594,-1.545663,Plein jour,Hors agglomération,Autre intersection,Normale,Deux véhicules - arrière,3,2,2,0,1,1,1,0,1,-1,2,3,2,0,0,1,43.0,60.0,utilitaire_camion,voiture,1,1,9,1,2
202300042323,2023-04-08 15:30:00,2023,4,8,15,30,08,08459,D981,49.655513,5.251583,Plein jour,Hors agglomération,Hors intersection,Normale,Deux véhicules - arrière,3,2,2,0,1,1,1,0,1,80,2,2,1,0,0,1,51.0,38.0,deux_roues,voiture,1,1,1,1,2
202300042324,2023-12-08 16:15:00,2023,12,8,16,15,33,33249,ROCADE A 630,44.8791,-0.53327,Plein jour,Hors agglomération,Hors intersection,Normale,Deux véhicules - arrière,1,3,6,0,2,1,1,2,1,70,2,2,1,0,0,1,27.0,29.0,deux_roues,utilitaire_camion,1,1,1,1,2
202300042325,2023-12-08 16:05:00,2023,12,8,16,5,33,33192,ROCADE A 630,44.78921123,-0.62005699,Plein jour,Hors agglomération,Hors intersection,Normale,Autre collision,1,3,6,0,1,1,1,3,1,90,1,1,0,0,0,1,37.0,,voiture,,1,1,1,1,6
202300042326,2023-08-30 17:00:00,2023,8,30,17,0,14,14720,23 Rue du 7 Juin 1944,48.949594,-0.280366,Plein jour,En agglomération,Intersection en X,Normale,Deux véhicules - côté,3,2,2,0,1,1,1,0,1,50,2,3,1,0,0,2,50.0,14.0,voiture,deux_roues,1,2,2,1,3
202300042326,2023-08-30 17:00:00,2023,8,30,17,0,14,14720,23 Rue du 7 Juin 1944,48.949594,-0.280366,Plein jour,En agglomération,Intersection en X,Normale,Deux véhicules - côté,3,2,2,0,1,1,1,0,1,50,2,3,1,0,0,2,50.0,14.0,voiture,deux_roues,1,2,2,1,3
202300042327,2023-04-07 17:45:00,2023,4,7,17,45,973,97309,Avenue Cyprien Gildon,4.91805547,-52.2793799,Plein jour,En agglomération,Hors intersection,Normale,Deux véhicules - côté,4,2,2,0,1,1,1,0,1,50,2,3,1,0,0,2,76.0,18.0,voiture,deux_roues,1,2,1,1,3
202300042328,2023-03-19 17:50:00,2023,3,19,17,50,34,34255,RD 986,43.676237,3.820581,Plein jour,Hors agglomération,Hors intersection,Normale,Deux véhicules - côté,3,2,2,0,1,1,1,8,1,30,2,2,1,0,0,1,26.0,51.0,deux_roues,voiture,1,1,1,1,3
202300042329,2023-12-05 09:25:00,2023,12,5,9,25,59,59028,AUTOROUTE A21,50.41186,3.03391,Plein jour,Hors agglomération,Hors intersection,Normale,Trois véhicules et plus - en chaîne,1,1,2,0,1,1,1,0,1,110,3,3,2,0,0,1,37.0,27.0,voiture,voiture,1,1,1,1,4
202300042330,2023-09-01 11:30:00,2023,9,1,11,30,22,22198,Route de l?Ile Grande,48.789511,-3.55163,Plein jour,Hors agglomération,Intersection en X,Normale,Trois véhicules et plus - collisions multiples,3,2,2,0,2,1,1,0,1,70,3,4,2,0,1,1,21.0,49.0,utilitaire_camion,voiture,1,1,2,1,5
202300042330,2023-09-01 11:30:00,2023,9,1,11,30,22,22198,Route de l?Ile Grande,48.789511,-3.55163,Plein jour,Hors agglomération,Intersection en X,Normale,Trois véhicules et plus - collisions multiples,3,2,2,0,1,1,1,5,8,50,3,4,2,0,1,1,21.0,49.0,utilitaire_camion,voiture,1,1,2,1,5
202300042331,2023-04-07 17:25:00,2023,4,7,17,25,38,38485,603 Route de Saint-nizier,45.171131,5.667036,Plein jour,Hors agglomération,Hors intersection,Pluie légère,Deux véhicules - frontale,7,2,2,0,2,4,2,0,1,70,2,2,0,0,0,2,34.0,32.0,voiture,voiture,1,1,1,2,1
202300042332,2023-12-07 19:00:00,2023,12,7,19,0,59,59378,ROUTE DEPARTEMENTALE 652,50.68483,3.11117,Nuit sans éclairage public,Hors agglomération,Hors intersection,Pluie légère,Autre collision,1,1,2,0,1,1,2,0,1,90,2,2,1,0,0,1,25.0,30.0,deux_roues,voiture,3,1,1,2,6
202300042333,2023-09-01 14:30:00,2023,9,1,14,30,35,35105,Lieu Dit la Haute Maison,48.113785,-1.155903,Plein jour,Hors agglomération,Hors intersection,Normale,Autre collision,3,2,2,0,1,3,1,0,1,80,1,1,0,0,1,0,20.0,,voiture,,1,1,1,1,6
202300042334,2023-04-06 22:00:00,2023,4,6,22,0,987,98724,District MAROE,-16.752,-150.997,Nuit sans éclairage public,Hors agglomération,Hors intersection,Normale,Sans collision,2,2,2,0,2,2,1,0,3,60,1,1,0,0,0,1,65.0,,utilitaire_camion,,3,1,1,1,7
202300042335,2023-12-08 08:00:00,2023,12,8,8,0,91,91086,RN 104,48.62368,2.384,Crépuscule ou aube,Hors agglomération,Hors intersection,Temps couvert,Deux véhicules - arrière,2,1,2,0,1,1,2,0,1,90,2,2,1,0,0,1,22.0,45.0,voiture,deux_roues,2,1,1,8,2
202300042336,2023-09-01 15:55:00,2023,9,1,15,55,35,35194,lieu dit la ville en bois,48.14545,-1.25401,Plein jour,Hors agglomération,Intersection en X,Normale,Autre collision,3,2,2,1,1,1,1,0,1,50,1,3,2,0,1,0,82.0,,voiture,,1,1,2,1,6
202300042336,2023-09-01 15:55:00,2023,9,1,15,55,35,35194,lieu dit la ville en bois,48.14545,-1.25401,Plein jour,Hors agglomération,Intersection en X,Normale,Autre collision,3,2,2,0,2,1,1,0,1,50,1,3,2,0,1,0,82.0,,voiture,,1,1,2,1,6
202300042337,2023-04-08 14:20:00,2023,4,8,14,20,988,98817,RPS2,-22.241681,166.577113,Plein jour,En agglomération,Intersection en T,Normale,Deux véhicules - arrière,3,2,2,0,1,1,1,0,1,50,2,2,1,0,0,1,52.0,73.0,voiture,voiture,1,2,3,1,2
202300042337,2023-04-08 14:20:00,2023,4,8,14,20,988,98817,RPS2,-22.241681,166.577113,Plein jour,En agglomération,Intersection en T,Normale,Deux véhicules - arrière,3,2,2,-1,-1,1,1,0,1,-1,2,2,1,0,0,1,52.0,73.0,voiture,voiture,1,2,3,1,2
202300042338,2023-12-08 08:05:00,2023,12,8,8,5,91,91228,AUTOROUTE A6,48.61975,2.42602,Crépuscule ou aube,Hors agglomération,Hors intersection,Normale,Deux véhicules - côté,1,-1,3,0,1,1,2,0,1,110,2,2,1,0,0,1,22.0,44.0,voiture,deux_roues,2,1,1,1,3
202300042339,2023-04-07 15:12:00,2023,4,7,15,12,972,97230,Route de la Moise,14.739177,-60.951473,Plein jour,Hors agglomération,Hors intersection,Normale,Deux véhicules - frontale,3,2,2,0,1,2,1,0,1,50,2,2,0,0,0,2,52.0,25.0,voiture,voiture,1,1,1,1,1
202300042340,2023-09-01 16:45:00,2023,9,1,16,45,76,76345,chemin départemental 8,49.591571,1.693037,Plein jour,Hors agglomération,Intersection en X,Normale,Deux véhicules - côté,3,2,2,0,1,1,1,0,1,80,2,5,4,0,0,1,29.0,22.0,voiture,voiture,1,1,2,1,3
202300042340,2023-09-01 16:45:00,2023,9,1,16,45,76,76345,chemin départemental 8,49.591571,1.693037,Plein jour,Hors agglomération,Intersection en X,Normale,Deux véhicules - côté,3,2,2,0,1,1,1,0,1,80,2,5,4,0,0,1,29.0,22.0,voiture,voiture,1,1,2,1,3
202300042341,2023-12-08 18:00:00,2023,12,8,18,0,92,92050,A86,48.91536269,2.22043859,Nuit sans éclairage public,Hors agglomération,Hors intersection,Normale,Trois véhicules et plus - en chaîne,1,3,2,0,1,1,1,0,1,70,3,3,2,0,0,1,33.0,49.0,voiture,deux_roues,3,1,1,1,4
202300042342,2023-04-07 19:45:00,2023,4,7,19,45,45,45039,7 Route des Bordes,47.79689,2.38288,Plein jour,En agglomération,Hors intersection,Normale,Autre collision,3,2,2,0,1,1,1,0,4,50,1,1,0,0,1,0,24.0,,deux_roues,,1,2,1,1,6
202300042343,2023-09-02 03:20:00,2023,9,2,3,20,60,60451,Rue de Clermont,49.356722,2.394451,Nuit sans éclairage public,En agglomération,Hors intersection,Normale,Autre collision,3,2,2,0,1,3,1,0,1,50,1,1,0,0,1,0,22.0,,voiture,,3,2,1,1,6
202300042344,2023-12-08 00:33:00,2023,12,8,0,33,92,92063,A86,48.88652814,2.16549995,Nuit avec éclairage allumé,Hors agglomération,Hors intersection,Pluie légère,Autre collision,1,1,3,0,4,2,2,1,1,70,1,1,0,0,0,1,19.0,,voiture,,5,1,1,2,6
202300042345,2023-04-06 09:00:00,2023,4,6,9,0,91,91038,23 Rue Saint Fiacre,48.485534,2.207957,Plein jour,En agglomération,Hors intersection,Pluie légère,Deux véhicules - arrière,3,4,2,0,1,1,2,0,1,50,2,2,1,0,1,0,44.0,20.0,voiture,deux_roues,1,2,1,2,2
202300042346,2023-12-07 19:37:00,2023,12,7,19,37,78,78640,A86 INT,48.7784096,2.2081719,Nuit sans éclairage public,Hors agglomération,Hors intersection,Pluie légère,Deux véhicules - côté,1,1,3,0,1,1,2,0,1,110,2,2,1,0,0,1,27.0,30.0,voiture,deux_roues,3,1,1,2,3
202300042347,2023-04-08 05:00:00,2023,4,8,5,0,66,66227,D39,42.63660024,2.92869329,Nuit sans éclairage public,Hors agglomération,Hors intersection,Normale,Autre collision,3,2,2,0,1,1,1,0,3,80,1,4,0,1,3,0,29.0,,voiture,,3,1,1,1,6
202300042348,2023-09-02 08:05:00,2023,9,2,8,5,59,59036,Rue d'Aulnoye,50.131214,3.923927,Plein jour,En agglomération,Hors intersection,Normale,Autre collision,3,2,2,0,2,3,1,2,3,50,1,3,0,0,0,3,18.0,,utilitaire_camion,,1,2,1,1,6
202300042349,2023-12-08 11:10:00,2023,12,8,11,10,93,93048,AUTOROUTE A3,48.87313,2.43576,Plein jour,Hors agglomération,Hors intersection,Temps couvert,Deux véhicules - côté,1,3,3,0,1,1,2,0,1,90,2,2,1,0,1,0,57.0,63.0,utilitaire_camion,deux_roues,1,1,1,8,3
202300042350,2023-08-30 23:10:00,2023,8,30,23,10,13,13028,A50-Sens Toulon vers Aubagne,43.20591,5.59074,Nuit sans éclairage public,Hors agglomération,Hors intersection,Vent fort / tempête,Autre collision,1,1,0,0,2,3,1,0,1,50,1,1,0,0,0,1,25.0,,voiture,,3,1,1,6,6
202300042351,2023-04-08 01:35:00,2023,4,8,1,35,66,66208,D914,42.63217353,2.94197828,Nuit sans éclairage public,Hors agglomération,Hors intersection,Normale,Trois véhicules et plus - en chaîne,3,3,4,0,1,1,1,0,1,110,3,4,2,0,0,2,30.0,29.0,voiture,voiture,3,1,1,1,4
202300042352,2023-08-31 17:57:00,2023,8,31,17,57,13,13043,A55-Sens Martigues vers Marseille,43.38575,5.23991,Plein jour,Hors agglomération,Hors intersection,Normale,Trois véhicules et plus - en chaîne,1,1,2,0,1,1,1,0,1,110,3,4,2,0,0,2,32.0,35.0,voiture,voiture,1,1,1,1,4
202300042353,2023-12-08 00:05:00,2023,12,8,0,5,93,93066,AUTOROUTE A86,48.92231113,2.35858548,Nuit sans éclairage public,Hors agglomération,Hors intersection,Pluie forte,Trois véhicules et plus - en chaîne,1,3,8,0,2,1,2,0,1,90,4,4,2,0,0,2,28.0,22.0,voiture,voiture,3,1,1,3,4
202300042354,2023-04-07 22:40:00,2023,4,7,22,40,69,69009,2125 Route de Villefranche,45.956038,4.714999,Nuit sans éclairage public,Hors agglomération,Hors intersection,Normale,Autre collision,3,2,2,2,1,1,1,0,8,80,1,3,2,0,0,1,43.0,,voiture,,3,1,1,1,6
202300042355,2023-12-07 22:40:00,2023,12,7,22,40,93,93048,AUTOROUTE A3,48.87077,2.43171,Nuit avec éclairage allumé,Hors agglomération,Hors intersection,Pluie forte,Autre collision,1,3,4,0,1,1,2,0,1,90,1,1,0,0,0,1,61.0,,deux_roues,,5,1,1,3,6
202300042356,2023-04-05 17:30:00,2023,4,5,17,30,09,09102,D119,43.072673,1.81648,Plein jour,Hors agglomération,Hors intersection,Normale,Deux véhicules - côté,3,2,2,0,1,1,1,0,1,80,2,2,0,0,1,1,82.0,48.0,voiture,deux_roues,1,1,1,1,3