accident_id,datetime,annee,mois,jour,heure,minute,departement,commune_insee,adresse,latitude,longitude,luminosite,agglomeration,intersection,meteo,collision,catr,circ,nbv,vosp,prof,plan,surf,infra,situ,vma,nb_vehicules,nb_usagers,nb_indemnes,nb_tues,nb_blesses_hosp,nb_blesses_legers,age_cond_1,age_cond_2,veh_type_cond_1,veh_type_cond_2,lum_code,agg_code,int_code,atm_code,col_code
202300042435,2023-08-31 13:50:00,2023,8,31,13,50,76,76575,Rue Julian Grimau,49.38989,1.09407,Plein jour,En agglomération,Hors intersection,Pluie légère,Deux véhicules - arrière,4,2,2,0,1,1,2,-1,1,50,2,3,0,0,0,3,27.0,49.0,voiture,voiture,1,2,1,2,2
202300042436,2023-08-31 13:55:00,2023,8,31,13,55,76,76681,Pl des Martyrs de la Resistance,49.41984344,1.07828289,Plein jour,En agglomération,Place,Pluie légère,Deux véhicules - arrière,4,2,2,0,1,1,2,8,1,30,2,2,1,0,0,1,32.0,41.0,voiture,deux_roues,1,2,7,2,2
202300042436,2023-08-31 13:55:00,2023,8,31,13,55,76,76681,Pl des Martyrs de la Resistance,49.41984344,1.07828289,Plein jour,En agglomération,Place,Pluie légère,Deux véhicules - arrière,4,1,1,0,1,1,2,8,1,30,2,2,1,0,0,1,32.0,41.0,voiture,deux_roues,1,2,7,2,2
202300042437,2023-08-31 15:00:00,2023,8,31,15,0,76,76217,REPUBLIQUE (AVENUE DE LA),49.92526089,1.10106289,Plein jour,En agglomération,Giratoire,Pluie légère,Deux véhicules - côté,4,-1,1,0,2,1,2,0,1,50,2,2,1,0,0,1,17.0,45.0,deux_roues,voiture,1,2,6,2,3
202300042438,2023-08-30 16:30:00,2023,8,30,16,30,69,69282,Rue Claude Curtat,45.75988,5.00242,Plein jour,En agglomération,Hors intersection,Normale,Sans collision,4,1,1,0,1,1,1,0,1,50,1,1,0,0,1,0,53.0,,deux_roues,,1,2,1,1,7
202300042439,2023-12-07 11:10:00,2023,12,7,11,10,77,77296,ALL EDOUARD BRANLY,48.610127,2.586293,Plein jour,En agglomération,Intersection en T,Normale,Deux véhicules - côté,4,2,2,0,1,2,1,0,1,30,2,3,2,0,0,1,31.0,22.0,voiture,utilitaire_camion,1,2,3,1,3
202300042439,2023-12-07 11:10:00,2023,12,7,11,10,77,77296,ALL EDOUARD BRANLY,48.610127,2.586293,Plein jour,En agglomération,Intersection en T,Normale,Deux véhicules - côté,4,-1,2,0,1,1,1,0,1,50,2,3,2,0,0,1,31.0,22.0,voiture,utilitaire_camion,1,2,3,1,3
202300042440,2023-08-31 15:25:00,2023,8,31,15,25,69,69264,Route de Frans,45.9845,4.73693,Plein jour,En agglomération,Hors intersection,Normale,Autre collision,3,2,2,2,2,1,1,2,4,50,1,3,1,0,0,2,37.0,,voiture,,1,2,1,1,6
202300042441,2023-12-07 21:02:00,2023,12,7,21,2,72,72181,PRESLE (CHEMIN DE LA),48.0172,0.17207,Nuit avec éclairage allumé,En agglomération,Hors intersection,Pluie légère,Deux véhicules - frontale,4,2,2,0,1,2,2,0,1,50,2,2,1,0,0,1,43.0,50.0,voiture,voiture,5,2,1,2,1
202300042442,2023-08-31 12:00:00,2023,8,31,12,0,69,69259,Boulevard Irène Joliot Curie,45.71117549,4.88223987,Plein jour,En agglomération,Hors intersection,Normale,Deux véhicules - arrière,4,2,4,2,1,1,1,0,1,50,2,6,4,0,0,2,23.0,34.0,voiture,voiture,1,2,1,1,2
202300042443,2023-08-30 10:50:00,2023,8,30,10,50,69,69259,Avenue Viviani,45.72449,4.87094,Plein jour,En agglomération,Hors intersection,Normale,Deux véhicules - arrière,4,2,3,2,1,1,1,0,1,50,2,3,2,0,0,1,33.0,50.0,voiture,utilitaire_camion,1,2,1,1,2
202300042444,2023-12-06 18:30:00,2023,12,6,18,30,72,72181,DEMORIEUX PT DE FER AU PT DE CHEM DE FER,47.9993,0.18957,Nuit avec éclairage allumé,En agglomération,Autre intersection,Normale,Deux véhicules - arrière,4,2,2,0,1,1,1,0,1,50,2,2,1,0,0,1,44.0,24.0,voiture,voiture,5,2,9,1,2
202300042445,2023-12-07 19:30:00,2023,12,7,19,30,71,71306,LUCY (RUE DE),46.66346943,4.34969679,Crépuscule ou aube,En agglomération,Intersection en T,Pluie légère,Autre collision,3,2,3,-1,1,1,2,5,1,-1,1,2,1,0,0,1,50.0,,voiture,,2,2,3,2,6
202300042445,2023-12-07 19:30:00,2023,12,7,19,30,71,71306,LUCY (RUE DE),46.66346943,4.34969679,Crépuscule ou aube,En agglomération,Intersection en T,Pluie légère,Autre collision,3,2,3,0,1,1,2,5,1,50,1,2,1,0,0,1,50.0,,voiture,,2,2,3,2,6
202300042446,2023-08-30 23:15:00,2023,8,30,23,15,66,66136,BALEARES ROND POINT ET CITE DES,42.68848,2.89502,Nuit avec éclairage allumé,En agglomération,Giratoire,Normale,Deux véhicules - côté,4,1,2,0,1,3,1,0,1,50,2,2,1,0,0,1,31.0,28.0,deux_roues,voiture,5,2,6,1,3
202300042446,2023-08-30 23:15:00,2023,8,30,23,15,66,66136,BALEARES ROND POINT ET CITE DES,42.68848,2.89502,Nuit avec éclairage allumé,En agglomération,Giratoire,Normale,Deux véhicules - côté,4,2,3,1,1,1,1,0,1,50,2,2,1,0,0,1,31.0,28.0,deux_roues,voiture,5,2,6,1,3
202300042447,2023-08-31 06:03:00,2023,8,31,6,3,65,65286,Avenue Alexandre Marqui,43.10069389,-0.04486573,Nuit sans éclairage public,En agglomération,Hors intersection,Normale,Trois véhicules et plus - en chaîne,3,4,3,0,2,1,1,5,1,50,3,3,1,0,0,2,28.0,58.0,voiture,voiture,3,2,1,1,4
202300042448,2023-12-06 18:55:00,2023,12,6,18,55,71,71486,CAMILLE BLANC (RUE),46.65665,4.37121,Crépuscule ou aube,En agglomération,Hors intersection,Normale,Deux véhicules - côté,4,2,2,0,1,1,1,0,1,50,2,2,0,0,1,1,25.0,61.0,voiture,voiture,2,2,1,1,3
202300042449,2023-08-30 15:00:00,2023,8,30,15,0,64,64284,RAUSKI,43.27714,-0.38808,Plein jour,En agglomération,Hors intersection,Temps couvert,Trois véhicules et plus - en chaîne,2,2,2,0,1,1,2,0,1,50,3,3,2,0,0,1,82.0,61.0,utilitaire_camion,voiture,1,2,1,8,4
202300042450,2023-12-06 17:50:00,2023,12,6,17,50,71,71306,MARECHAL LECLERC (AVENUE DU),46.68294274,4.37352491,Crépuscule ou aube,En agglomération,Hors intersection,Pluie légère,Autre collision,4,2,2,0,1,1,2,0,1,50,1,2,1,0,0,1,31.0,,utilitaire_camion,,2,2,1,2,6
202300042451,2023-08-31 11:25:00,2023,8,31,11,25,64,64102,KOENIG (RUE MARECHAL),43.48551,-1.491644,Plein jour,En agglomération,Hors intersection,Normale,Deux véhicules - arrière,4,2,2,0,2,3,1,0,1,50,2,2,1,0,0,1,25.0,59.0,deux_roues,voiture,1,2,1,1,2
202300042452,2023-08-30 17:50:00,2023,8,30,17,50,64,64024,BARRE (PROMENADE DE LA),43.50826,-1.52231,Plein jour,En agglomération,Intersection en T,Normale,Autre collision,4,2,2,0,1,1,1,0,8,50,1,1,0,0,1,0,23.0,,voiture,,1,2,3,1,6
202300042452,2023-08-30 17:50:00,2023,8,30,17,50,64,64024,BARRE (PROMENADE DE LA),43.50826,-1.52231,Plein jour,En agglomération,Intersection en T,Normale,Autre collision,4,2,2,0,1,1,1,0,1,50,1,1,0,0,1,0,23.0,,voiture,,1,2,3,1,6
202300042453,2023-08-23 08:20:00,2023,8,23,8,20,62,62498,Rue des Poissonniers,50.45582084,2.82522279,Plein jour,En agglomération,Hors intersection,Normale,Deux véhicules - frontale,4,2,2,0,1,1,1,0,1,50,2,2,1,0,1,0,46.0,60.0,voiture,deux_roues,1,2,1,1,1
202300042454,2023-12-07 11:16:00,2023,12,7,11,16,71,71475,EUROPE (AVENUE DE L'),46.76454,4.83289,Plein jour,En agglomération,Intersection en X,Temps couvert,Deux véhicules - côté,4,2,2,2,1,1,1,0,1,50,2,2,1,0,0,1,42.0,80.0,voiture,deux_roues,1,2,2,8,3
202300042455,2023-08-30 17:50:00,2023,8,30,17,50,61,61006,D238A,48.74136,-0.02152,Plein jour,En agglomération,Giratoire,Normale,Deux véhicules - côté,3,2,2,0,1,1,1,0,1,30,2,2,1,0,0,1,23.0,61.0,deux_roues,voiture,1,2,6,1,3
202300042455,2023-08-30 17:50:00,2023,8,30,17,50,61,61006,D238A,48.74136,-0.02152,Plein jour,En agglomération,Giratoire,Normale,Deux véhicules - côté,3,2,2,1,2,1,1,0,1,50,2,2,1,0,0,1,23.0,61.0,deux_roues,voiture,1,2,6,1,3
202300042456,2023-12-06 15:05:00,2023,12,6,15,5,69,69266,Route de Genas,45.75416754,4.89059898,Plein jour,En agglomération,Hors intersection,Temps couvert,Deux véhicules - côté,4,2,2,0,1,1,1,0,1,50,2,2,1,0,0,1,30.0,,deux_roues,voiture,1,2,1,8,3
202300042457,2023-08-30 05:55:00,2023,8,30,5,55,61,61001,D112,48.43883,0.08327,Nuit avec éclairage allumé,En agglomération,Giratoire,Pluie légère,Deux véhicules - côté,3,2,2,1,1,1,2,0,1,50,2,2,1,0,0,1,47.0,25.0,voiture,deux_roues,5,2,6,2,3
202300042457,2023-08-30 05:55:00,2023,8,30,5,55,61,61001,D112,48.43883,0.08327,Nuit avec éclairage allumé,En agglomération,Giratoire,Pluie légère,Deux véhicules - côté,3,2,2,2,1,1,2,0,1,50,2,2,1,0,0,1,47.0,25.0,voiture,deux_roues,5,2,6,2,3
202300042458,2023-12-07 09:30:00,2023,12,7,9,30,69,69264,Rue Condorcet,45.98198,4.73447,Plein jour,En agglomération,Hors intersection,Normale,Autre collision,4,1,1,0,1,1,1,0,1,50,1,3,0,0,0,3,23.0,,voiture,,1,2,1,1,6
202300042459,2023-08-31 20:10:00,2023,8,31,20,10,59,59599,PARIS (RUE DE),50.72298941,3.14455895,Crépuscule ou aube,En agglomération,Intersection en T,Pluie légère,Deux véhicules - côté,4,1,1,0,1,1,2,0,1,30,2,2,1,0,0,1,35.0,48.0,deux_roues,voiture,2,2,3,2,3
202300042459,2023-08-31 20:10:00,2023,8,31,20,10,59,59599,PARIS (RUE DE),50.72298941,3.14455895,Crépuscule ou aube,En agglomération,Intersection en T,Pluie légère,Deux véhicules - côté,4,2,1,2,1,1,2,0,1,30,2,2,1,0,0,1,35.0,48.0,deux_roues,voiture,2,2,3,2,3
202300042460,2023-12-06 17:10:00,2023,12,6,17,10,69,69290,Boulevard André Boulloche,45.72011,4.92404,Nuit avec éclairage allumé,En agglomération,Hors intersection,Normale,Autre collision,4,2,2,3,1,1,1,0,1,50,1,2,1,0,0,1,35.0,,voiture,,5,2,1,1,6
202300042461,2023-08-31 15:10:00,2023,8,31,15,10,59,59220,LECLERCQ AVENUE DU GENERAL.,50.59106,3.08465,Plein jour,En agglomération,Hors intersection,Pluie légère,Deux véhicules - côté,4,2,2,0,1,1,2,0,1,50,2,2,1,0,0,1,57.0,22.0,voiture,deux_roues,1,2,1,2,3
202300042462,2023-08-31 23:00:00,2023,8,31,23,0,59,59183,BERTEAUX MAURICE - AVENUE,51.02603,2.35202,Nuit avec éclairage allumé,En agglomération,Intersection en X,Pluie légère,Deux véhicules - côté,4,2,2,0,1,1,2,0,1,50,2,2,1,0,1,0,20.0,25.0,voiture,voiture,5,2,2,2,3
202300042462,2023-08-31 23:00:00,2023,8,31,23,0,59,59183,BERTEAUX MAURICE - AVENUE,51.02603,2.35202,Nuit avec éclairage allumé,En agglomération,Intersection en X,Pluie légère,Deux véhicules - côté,4,2,0,0,1,1,2,0,1,50,2,2,1,0,1,0,20.0,25.0,voiture,voiture,5,2,2,2,3
202300042463,2023-08-30 17:20:00,2023,8,30,17,20,59,59227,LENINE WLADIMIR(RUE),50.35855,3.30046,Plein jour,En agglomération,Hors intersection,Normale,Deux véhicules - frontale,3,2,2,0,1,1,1,0,1,50,2,2,1,0,1,0,15.0,34.0,deux_roues,voiture,1,2,1,1,1
202300042464,2023-12-06 14:00:00,2023,12,6,14,0,69,69259,Avenue Jacques Duclos,45.69781,4.89302,Plein jour,En agglomération,Hors intersection,Normale,Autre collision,4,2,2,2,1,1,1,0,1,50,1,6,5,0,0,1,48.0,,voiture,,1,2,1,1,6
202300042465,2023-12-06 10:30:00,2023,12,6,10,30,69,69290,Chemin de Genas,45.71463,4.95961,Plein jour,En agglomération,Intersection en X,Normale,Deux véhicules - côté,4,2,2,0,1,1,1,0,1,50,2,2,1,0,0,1,33.0,28.0,utilitaire_camion,voiture,1,2,2,1,3
202300042465,2023-12-06 10:30:00,2023,12,6,10,30,69,69290,Chemin de Genas,45.71463,4.95961,Plein jour,En agglomération,Intersection en X,Normale,Deux véhicules - côté,4,2,2,0,1,1,1,0,1,50,2,2,1,0,0,1,33.0,28.0,utilitaire_camion,voiture,1,2,2,1,3
202300042466,2023-08-30 18:25:00,2023,8,30,18,25,56,56121,FERRY ( PL. JULES ),47.745844,-3.36379,Plein jour,En agglomération,Intersection en T,Normale,Deux véhicules - côté,4,2,2,0,1,1,1,0,1,30,2,2,1,0,0,1,56.0,21.0,utilitaire_camion,deux_roues,1,2,3,1,3
202300042466,2023-08-30 18:25:00,2023,8,30,18,25,56,56121,FERRY ( PL. JULES ),47.745844,-3.36379,Plein jour,En agglomération,Intersection en T,Normale,Deux véhicules - côté,4,2,2,0,1,1,1,0,1,30,2,2,1,0,0,1,56.0,21.0,utilitaire_camion,deux_roues,1,2,3,1,3
202300042467,2023-08-30 08:32:00,2023,8,30,8,32,56,56036,TOUL DOUAR (LIEU-DIT),47.7944,-3.30455,Plein jour,En agglomération,Hors intersection,Pluie légère,Sans collision,4,2,2,0,2,3,2,0,3,50,1,1,0,0,0,1,43.0,,voiture,,1,2,1,2,7
202300042468,2023-12-01 21:00:00,2023,12,1,21,0,69,69091,Route de Rive-de-Gier,45.58578436,4.75112184,Nuit sans éclairage public,Hors agglomération,Hors intersection,Pluie forte,Deux véhicules - côté,7,2,2,0,1,3,2,0,1,80,2,5,4,0,0,1,60.0,32.0,voiture,voiture,3,1,1,3,3
202300042469,2023-08-30 16:39:00,2023,8,30,16,39,54,54528,Rue Muid des Bles,48.67449,5.88949,Plein jour,En agglomération,Intersection en T,Normale,Deux véhicules - côté,4,2,2,0,1,1,1,0,1,30,2,2,1,0,0,1,16.0,22.0,deux_roues,voiture,1,2,3,1,3
202300042469,2023-08-30 16:39:00,2023,8,30,16,39,54,54528,Rue Muid des Bles,48.67449,5.88949,Plein jour,En agglomération,Intersection en T,Normale,Deux véhicules - côté,4,2,2,0,1,1,1,0,1,30,2,2,1,0,0,1,16.0,22.0,deux_roues,voiture,1,2,3,1,3
202300042470,2023-12-06 17:20:00,2023,12,6,17,20,67,67482,ROMAINS (ROUTE DES),48.58016,7.71896,Nuit avec éclairage allumé,En agglomération,Intersection en T,Normale,Deux véhicules - côté,4,2,2,0,1,1,1,0,1,50,2,2,1,0,0,1,,15.0,voiture,deux_roues,5,2,3,1,3
202300042470,2023-12-06 17:20:00,2023,12,6,17,20,67,67482,ROMAINS (ROUTE DES),48.58016,7.71896,Nuit avec éclairage allumé,En agglomération,Intersection en T,Normale,Deux véhicules - côté,4,3,4,2,1,1,1,5,5,50,2,2,1,0,0,1,,15.0,voiture,deux_roues,5,2,3,1,3
202300042471,2023-08-30 09:25:00,2023,8,30,9,25,54,54526,Place Francois Mitterrand,48.688383,6.20961,Plein jour,En agglomération,Autre intersection,Normale,Deux véhicules - frontale,4,2,2,0,1,1,1,0,1,50,2,2,1,0,0,1,23.0,18.0,voiture,voiture,1,2,9,1,1
202300042472,2023-12-06 17:20:00,2023,12,6,17,20,67,67043,ENERGIE (RUE DE L ),48.62828,7.76787,Nuit avec éclairage allumé,En agglomération,Hors intersection,Normale,Sans collision,4,2,2,0,1,1,1,0,1,50,1,1,0,0,0,1,79.0,,voiture,,5,2,1,1,7
202300042473,2023-08-31 17:04:00,2023,8,31,17,4,54,54575,D125,49.4594,5.86083,Plein jour,Hors agglomération,Hors intersection,Normale,Deux véhicules - frontale,3,2,2,0,1,1,1,0,1,80,2,3,1,0,0,2,27.0,47.0,voiture,voiture,1,1,1,1,1
202300042474,2023-12-06 17:05:00,2023,12,6,17,5,64,64545,PAUL GELOS (RUE),43.37796,-1.67243,Crépuscule ou aube,En agglomération,Intersection en T,Normale,Deux véhicules - côté,3,2,2,0,1,1,1,0,1,30,2,2,1,0,0,1,55.0,17.0,utilitaire_camion,deux_roues,2,2,3,1,3
202300042474,2023-12-06 17:05:00,2023,12,6,17,5,64,64545,PAUL GELOS (RUE),43.37796,-1.67243,Crépuscule ou aube,En agglomération,Intersection en T,Normale,Deux véhicules - côté,3,2,2,0,1,1,1,0,6,30,2,2,1,0,0,1,55.0,17.0,utilitaire_camion,deux_roues,2,2,3,1,3
202300042475,2023-08-31 07:25:00,2023,8,31,7,25,51,51454,GERUZEZ (RUE),49.26388,4.01797,Plein jour,En agglomération,Intersection en X,Normale,Deux véhicules - côté,4,2,2,0,1,1,1,0,1,50,2,2,1,0,0,1,25.0,66.0,voiture,voiture,1,2,2,1,3
202300042475,2023-08-31 07:25:00,2023,8,31,7,25,51,51454,GERUZEZ (RUE),49.26388,4.01797,Plein jour,En agglomération,Intersection en X,Normale,Deux véhicules - côté,4,2,2,0,1,1,1,0,1,50,2,2,1,0,0,1,25.0,66.0,voiture,voiture,1,2,2,1,3
202300042476,2023-12-06 13:35:00,2023,12,6,13,35,64,64102,SOULT (AVENUE MARECHAL),43.48581,-1.49081,Plein jour,En agglomération,Hors intersection,Normale,Deux véhicules - arrière,3,3,4,0,1,1,1,0,1,50,2,2,1,0,0,1,32.0,75.0,voiture,voiture,1,2,1,1,2
202300042477,2023-08-30 08:30:00,2023,8,30,8,30,51,51573,PERI (RUE GABRIEL),49.24578,3.99752,Plein jour,En agglomération,Hors intersection,Temps couvert,Deux véhicules - côté,4,2,2,0,1,1,1,0,1,50,2,2,1,0,0,1,26.0,65.0,deux_roues,voiture,1,2,1,8,3
202300042478,2023-12-06 12:15:00,2023,12,6,12,15,64,64102,LABOURD (PONT DU),43.48608,-1.4748,Plein jour,En agglomération,Hors intersection,Normale,Deux véhicules - arrière,3,3,4,1,1,1,1,2,1,50,2,2,1,0,0,1,41.0,17.0,utilitaire_camion,deux_roues,1,2,1,1,2
202300042479,2023-08-28 20:15:00,2023,8,28,20,15,50,50129,SALENGRO (RUE ROGER),49.62914,-1.64085,Plein jour,En agglomération,Intersection en X,Normale,Deux véhicules - côté,4,2,2,0,3,1,1,5,1,50,2,2,1,0,0,1,23.0,17.0,voiture,deux_roues,1,2,2,1,3
202300042479,2023-08-28 20:15:00,2023,8,28,20,15,50,50129,SALENGRO (RUE ROGER),49.62914,-1.64085,Plein jour,En agglomération,Intersection en X,Normale,Deux véhicules - côté,4,2,2,0,2,1,1,5,1,50,2,2,1,0,0,1,23.0,17.0,voiture,deux_roues,1,2,2,1,3
202300042480,2023-08-30 21:19:00,2023,8,30,21,19,49,49007,EUROPE PLACE,47.48783,-0.52683,Plein jour,En agglomération,Hors intersection,Normale,Autre collision,4,1,2,0,1,3,1,0,1,30,1,2,1,0,0,1,,,deux_roues,,1,2,1,1,6
202300042481,2023-12-06 07:55:00,2023,12,6,7,55,64,64024,PARC BELAY (PROMENADE),43.47713,-1.51949,Crépuscule ou aube,En agglomération,Hors intersection,Normale,Sans collision,4,2,2,0,1,1,1,0,1,50,1,1,0,0,0,1,15.0,,deux_roues,,2,2,1,1,7
202300042482,2023-08-30 16:28:00,2023,8,30,16,28,49,49007,DOYENNE BOULEVARD ET PASSAGE,47.49036,-0.53269,Plein jour,En agglomération,Hors intersection,Normale,Deux véhicules - arrière,4,3,2,0,1,1,1,0,1,50,2,2,1,0,0,1,57.0,29.0,deux_roues,utilitaire_camion,1,2,1,1,2
202300042483,2023-12-07 08:00:00,2023,12,7,8,0,63,63063,PONT DE L AGAGE (RUE DU),45.8303492,3.1023851,Plein jour,En agglomération,Intersection en X,Normale,Autre collision,4,2,2,0,1,1,1,0,1,50,1,2,1,0,1,0,22.0,,voiture,,1,2,2,1,6
202300042483,2023-12-07 08:00:00,2023,12,7,8,0,63,63063,PONT DE L AGAGE (RUE DU),45.8303492,3.1023851,Plein jour,En agglomération,Intersection en X,Normale,Autre collision,4,2,2,0,1,1,1,9,1,30,1,2,1,0,1,0,22.0,,voiture,,1,2,2,1,6
202300042484,2023-08-30 08:00:00,2023,8,30,8,0,49,49007,JEANNETEAU,47.4946,-0.5524,Plein jour,En agglomération,Hors intersection,Pluie légère,Autre collision,5,2,2,0,1,1,2,0,1,50,2,2,1,0,0,1,66.0,18.0,voiture,deux_roues,1,2,1,2,6
202300042485,2023-12-06 14:20:00,2023,12,6,14,20,62,62510,D58,50.42294025,2.77720195,Plein jour,En agglomération,Hors intersection,Normale,Autre collision,3,1,2,0,1,1,1,0,1,50,1,2,1,0,1,0,70.0,,voiture,,1,2,1,1,6
202300042486,2023-08-31 16:30:00,2023,8,31,16,30,45,45302,Rue Paul Langevin,47.9604,1.88077,Plein jour,En agglomération,Giratoire,Pluie légère,Sans collision,4,2,2,0,1,4,8,0,1,50,1,1,0,0,0,1,33.0,,deux_roues,,1,2,6,2,7
202300042487,2023-12-07 13:30:00,2023,12,7,13,30,62,62048,Rue Florent Evrard,50.50268838,2.4784888,Plein jour,En agglomération,Hors intersection,Temps couvert,Autre collision,4,2,2,0,1,1,1,0,1,50,1,2,1,0,1,0,32.0,,voiture,,1,2,1,8,6
202300042488,2023-08-30 16:25:00,2023,8,30,16,25,43,43251,Route du Carmel,45.02067,3.87134,Plein jour,En agglomération,Autre intersection,Normale,Sans collision,4,2, -1,-1,2,1,9,0,1,-1,1,1,0,0,1,0,54.0,,deux_roues,,1,2,9,1,7
202300042489,2023-12-07 18:20:00,2023,12,7,18,20,59,59291,MARECHAL FOCH (AVENUE DU),50.25465332,3.90817085,Nuit avec éclairage allumé,En agglomération,Autre intersection,Temps couvert,Autre collision,4,1,1,0,1,1,1,9,1,30,1,2,1,0,1,0,21.0,,voiture,,5,2,9,8,6
202300042490,2023-08-31 21:05:00,2023,8,31,21,5,37,37261,STRAUSS (RUE JOHANN),47.3677,0.71052,Nuit sans éclairage public,En agglomération,Hors intersection,Pluie forte,Autre collision,4,2,2,0,1,1,2,0,1,30,1,2,1,0,0,1,71.0,,voiture,,3,2,1,3,6
202300042491,2023-08-31 08:46:00,2023,8,31,8,46,37,37261,HEURTELOUP (BOULEVARD),47.3911,0.6948,Plein jour,En agglomération,Hors intersection,Normale,Sans collision,4,2,2,1,1,1,1,0,5,30,1,1,0,0,0,1,28.0,,deux_roues,,1,2,1,1,7
202300042492,2023-12-07 23:00:00,2023,12,7,23,0,59,59350,MARCHE RUE DU,50.62545,3.05212,Nuit avec éclairage allumé,En agglomération,Hors intersection,Pluie légère,Deux véhicules - frontale,4,1,1,0,1,1,2,0,1,30,2,2,1,0,0,1,27.0,,deux_roues,utilitaire_camion,5,2,1,2,1
202300042493,2023-08-31 06:55:00,2023,8,31,6,55,37,37214,DE GAULLE (BD CHARLES),47.42085,0.66157,Crépuscule ou aube,En agglomération,Hors intersection,Normale,Autre collision,4,2,4,0,1,1,1,0,1,50,1,2,1,0,0,1,54.0,,voiture,,2,2,1,1,6
202300042494,2023-12-07 22:50:00,2023,12,7,22,50,59,59350,CHATEAU D'ISENGHEIN RUE DU,50.65201,2.98654,Nuit sans éclairage public,En agglomération,Hors intersection,Pluie forte,Autre collision,9,1,2,0,1,1,2,0,1,30,1,2,1,0,1,0,56.0,,voiture,,3,2,1,3,6
202300042495,2023-08-31 08:45:00,2023,8,31,8,45,35,35238,ROPARTZ (GUY),48.13123055,-1.65677637,Plein jour,En agglomération,Intersection en T,Pluie légère,Autre collision,4,1,1,0,1,1,2,0,1,30,1,2,1,0,0,1,36.0,,voiture,,1,2,3,2,6
202300042495,2023-08-31 08:45:00,2023,8,31,8,45,35,35238,ROPARTZ (GUY),48.13123055,-1.65677637,Plein jour,En agglomération,Intersection en T,Pluie légère,Autre collision,4,2,2,0,1,1,2,0,1,30,1,2,1,0,0,1,36.0,,voiture,,1,2,3,2,6
202300042496,2023-12-07 09:30:00,2023,12,7,9,30,59,59350,SEINE RUE DE LA,50.61251,3.05789,Plein jour,En agglomération,Hors intersection,Temps couvert,Deux véhicules - côté,4,2,4,2,1,1,1,0,1,50,2,2,1,0,0,1,25.0,49.0,deux_roues,voiture,1,2,1,8,3
202300042497,2023-08-31 08:40:00,2023,8,31,8,40,34,34172,CHENAIE (RUE DE LA),43.63552,3.8684,Plein jour,En agglomération,Giratoire,Normale,Autre collision,4,2,2,0,1,1,1,5,1,50,2,2,1,0,0,1,19.0,,deux_roues,autre,1,2,6,1,6
202300042497,2023-08-31 08:40:00,2023,8,31,8,40,34,34172,CHENAIE (RUE DE LA),43.63552,3.8684,Plein jour,En agglomération,Giratoire,Normale,Autre collision,4,2,2,0,1,1,1,5,1,50,2,2,1,0,0,1,19.0,,deux_roues,autre,1,2,6,1,6
202300042498,2023-08-31 14:00:00,2023,8,31,14,0,34,34032,FONT-NEUVE (PLACE DE LA),43.35315,3.21857,Plein jour,En agglomération,Intersection en X,Normale,Deux véhicules - frontale,4,1,1,0,2,1,1,5,1,50,2,2,1,0,1,0,22.0,74.0,deux_roues,voiture,1,2,2,1,1
202300042498,2023-08-31 14:00:00,2023,8,31,14,0,34,34032,FONT-NEUVE (PLACE DE LA),43.35315,3.21857,Plein jour,En agglomération,Intersection en X,Normale,Deux véhicules - frontale,4,2,3,0,1,1,1,5,1,50,2,2,1,0,1,0,22.0,74.0,deux_roues,voiture,1,2,2,1,1
202300042499,2023-12-06 12:10:00,2023,12,6,12,10,59,59220,Rue de l'Égalite,50.58247,3.08239,Plein jour,En agglomération,Autre intersection,Temps éblouissant,Deux véhicules - côté,6,-1, -1,0,1,1,1,9,1,30,2,2,1,0,0,1,27.0,56.0,voiture,voiture,1,2,9,7,3
202300042500,2023-08-30 15:00:00,2023,8,30,15,0,34,34032,PECH HENRI (AV),43.35323,3.22473,Plein jour,En agglomération,Hors intersection,Normale,Deux véhicules - arrière,4,2,3,0,1,1,1,0,1,50,2,2,1,0,0,1,15.0,,deux_roues,voiture,1,2,1,1,2
202300042501,2023-09-01 00:10:00,2023,9,1,0,10,33,33063,Rue Emile Fourcand,44.84721,-0.58404,Nuit avec éclairage allumé,En agglomération,Intersection en X,Normale,Deux véhicules - côté,4,1,1,0,1,1,1,0,1,30,2,3,2,0,1,0,33.0,40.0,deux_roues,voiture,5,2,2,1,3
202300042501,2023-09-01 00:10:00,2023,9,1,0,10,33,33063,Rue Emile Fourcand,44.84721,-0.58404,Nuit avec éclairage allumé,En agglomération,Intersection en X,Normale,Deux véhicules - côté,4,2,2,0,1,1,1,0,1,30,2,3,2,0,1,0,33.0,40.0,deux_roues,voiture,5,2,2,1,3
202300042502,2023-12-07 04:25:00,2023,12,7,4,25,56,56121,BASE DE SOUS-MARINS ( RD PT DE LA ),47.73586,-3.37444,Nuit avec éclairage non allumé,En agglomération,Giratoire,Pluie légère,Sans collision,3,1,2,0,1,3,2,5,1,50,1,1,0,0,0,1,25.0,,voiture,,4,2,6,2,7
202300042503,2023-08-25 10:25:00,2023,8,25,10,25,33,33063,Rue du Tauzin,44.82082,-0.60203,Plein jour,En agglomération,Intersection en T,Normale,Deux véhicules - côté,4,1,1,0,1,1,1,5,1,30,2,4,3,0,0,1,34.0,44.0,voiture,utilitaire_camion,1,2,3,1,3
202300042503,2023-08-25 10:25:00,2023,8,25,10,25,33,33063,Rue du Tauzin,44.82082,-0.60203,Plein jour,En agglomération,Intersection en T,Normale,Deux véhicules - côté,4,3,6,0,1,1,1,5,1,50,2,4,3,0,0,1,34.0,44.0,voiture,utilitaire_camion,1,2,3,1,3