accident_id,datetime,annee,mois,jour,heure,minute,departement,commune_insee,adresse,latitude,longitude,luminosite,agglomeration,intersection,meteo,collision,catr,circ,nbv,vosp,prof,plan,surf,infra,situ,vma,nb_vehicules,nb_usagers,nb_indemnes,nb_tues,nb_blesses_hosp,nb_blesses_legers,age_cond_1,age_cond_2,veh_type_cond_1,veh_type_cond_2,lum_code,agg_code,int_code,atm_code,col_code
202300042921,2023-07-21 17:15:00,2023,7,21,17,15,75,75111,AVENUE PARMENTIER,48.866663,2.373489,Plein jour,En agglomération,Intersection en X,Normale,Deux véhicules - côté,4,1,2,0,1,1,1,0,1,30,2,2,1,0,0,1,53.0,29.0,voiture,deux_roues,1,2,2,1,3
202300042922,2023-01-11 17:40:00,2023,1,11,17,40,93,93048,Rue Victor Hugo,48.861196,2.439463,Nuit avec éclairage allumé,En agglomération,Hors intersection,Normale,Autre collision,4,1,1,0,1,1,1,0,1,30,1,4,3,0,0,1,40.0,,voiture,,5,2,1,1,6
202300042923,2023-10-03 08:50:00,2023,10,3,8,50,44,44023,la Voliais,47.43459,-1.890544,Plein jour,Hors agglomération,Hors intersection,Normale,Deux véhicules - frontale,4,2,2,0,1,2,1,0,1,80,2,11,9,0,0,2,52.0,55.0,transport_commun,voiture,1,1,1,1,1
202300042924,2023-01-11 08:10:00,2023,1,11,8,10,93,93005,Rue Maryse Bastié,48.959182,2.495836,Crépuscule ou aube,En agglomération,Hors intersection,Normale,Autre collision,4,2,2,0,1,1,2,0,1,50,1,2,1,0,1,0,22.0,,voiture,,2,2,1,1,6
202300042925,2023-07-22 00:40:00,2023,7,22,0,40,75,75108,AVENUE DES CHAMPS ELYSEES,48.873127,2.297083,Nuit avec éclairage allumé,En agglomération,Intersection en X,Normale,Deux véhicules - côté,4,2,6,0,1,1,1,0,1,50,2,2,1,0,0,1,37.0,30.0,deux_roues,voiture,5,2,2,1,3
202300042925,2023-07-22 00:40:00,2023,7,22,0,40,75,75108,AVENUE DES CHAMPS ELYSEES,48.873127,2.297083,Nuit avec éclairage allumé,En agglomération,Intersection en X,Normale,Deux véhicules - côté,4,1,1,1,1,1,1,0,1,30,2,2,1,0,0,1,37.0,30.0,deux_roues,voiture,5,2,2,1,3
202300042926,2023-01-11 16:45:00,2023,1,11,16,45,93,93001,Rue Madeleine Vionnet / Rue Louis Girard,48.90403501,2.37505585,Plein jour,En agglomération,Intersection en X,Normale,Deux véhicules - arrière,4,2,3,0,1,1,1,0,1,50,2,2,1,0,0,1,24.0,30.0,utilitaire_camion,deux_roues,1,2,2,1,2
202300042926,2023-01-11 16:45:00,2023,1,11,16,45,93,93001,Rue Madeleine Vionnet / Rue Louis Girard,48.90403501,2.37505585,Plein jour,En agglomération,Intersection en X,Normale,Deux véhicules - arrière,4,2,2,0,1,1,1,0,8,50,2,2,1,0,0,1,24.0,30.0,utilitaire_camion,deux_roues,1,2,2,1,2
202300042927,2023-07-22 15:04:00,2023,7,22,15,4,94,94081,Rue Marie Sorin Defresne,48.79621215,2.38677737,Plein jour,En agglomération,Hors intersection,Normale,Deux véhicules - frontale,4,2,1,0,1,1,1,0,1,50,2,2,1,0,0,1,62.0,30.0,voiture,deux_roues,1,2,1,1,1
202300042928,2023-01-11 12:15:00,2023,1,11,12,15,92,92073,SELLIER (BOULEVARD HENRI),48.86521,2.21938,Plein jour,En agglomération,Hors intersection,Normale,Autre collision,3,1,2,0,1,1,2,8,1,50,1,2,1,0,0,1,36.0,,deux_roues,,1,2,1,1,6
202300042929,2023-07-22 16:10:00,2023,7,22,16,10,94,94028,Rue Jean Jaurès,48.78761,2.4359,Plein jour,En agglomération,Intersection en T,Normale,Trois véhicules et plus - collisions multiples,3,2,4,0,1,1,1,0,1,50,3,3,2,0,0,1,48.0,59.0,voiture,voiture,1,2,3,1,5
202300042929,2023-07-22 16:10:00,2023,7,22,16,10,94,94028,Rue Jean Jaurès,48.78761,2.4359,Plein jour,En agglomération,Intersection en T,Normale,Trois véhicules et plus - collisions multiples,3,2,4,0,1,1,1,0,1,50,3,3,2,0,0,1,48.0,59.0,voiture,voiture,1,2,3,1,5
202300042930,2023-01-11 18:00:00,2023,1,11,18,0,92,92007,BLANCHARD RUE,48.796023,2.292291,Nuit avec éclairage allumé,En agglomération,Intersection en X,Normale,Deux véhicules - côté,3,2,2,0,1,1,1,0,1,50,2,3,2,0,0,1,29.0,85.0,deux_roues,voiture,5,2,2,1,3
202300042930,2023-01-11 18:00:00,2023,1,11,18,0,92,92007,BLANCHARD RUE,48.796023,2.292291,Nuit avec éclairage allumé,En agglomération,Intersection en X,Normale,Deux véhicules - côté,3,2,2,0,1,1,1,0,1,50,2,3,2,0,0,1,29.0,85.0,deux_roues,voiture,5,2,2,1,3
202300042931,2023-01-11 09:45:00,2023,1,11,9,45,92,92048,HENRI SAVIGNAC (RUE),48.81916151,2.23439455,Plein jour,En agglomération,Hors intersection,Pluie légère,Autre collision,4,2,2,0,2,2,2,0,4,50,1,1,0,0,1,0,50.0,,deux_roues,,1,2,1,2,6
202300042932,2023-07-21 14:30:00,2023,7,21,14,30,94,94041,Boulevard de Stalingrad,48.8044,2.37716,Plein jour,En agglomération,Hors intersection,Normale,Deux véhicules - arrière,3,1,2,0,1,1,1,0,1,50,2,2,1,0,1,0,52.0,22.0,utilitaire_camion,deux_roues,1,2,1,1,2
202300042933,2023-01-11 08:50:00,2023,1,11,8,50,92,92040,GENERAL DE GAULLE (AVE DU) 87 A 127,48.818,2.2769,Plein jour,En agglomération,Hors intersection,Pluie légère,Sans collision,4,2,2,0,2,1,2,0,1,30,2,2,1,0,0,1,50.0,23.0,deux_roues,voiture,1,2,1,2,7
202300042934,2023-07-18 20:45:00,2023,7,18,20,45,93,93064,Avenue du Général de Gaulle / Rue d'Aurion,48.87897462,2.47846907,Plein jour,En agglomération,Intersection en T,Normale,Deux véhicules - arrière,3,2,2,0,1,1,1,0,1,30,2,2,1,0,0,1,39.0,31.0,voiture,voiture,1,2,3,1,2
202300042934,2023-07-18 20:45:00,2023,7,18,20,45,93,93064,Avenue du Général de Gaulle / Rue d'Aurion,48.87897462,2.47846907,Plein jour,En agglomération,Intersection en T,Normale,Deux véhicules - arrière,3,2,4,0,1,1,1,0,1,50,2,2,1,0,0,1,39.0,31.0,voiture,voiture,1,2,3,1,2
202300042935,2023-01-10 21:55:00,2023,1,10,21,55,92,92012,EDOUARD VAILLANT (AVENUE) - DEBUT/55 - C,48.83669379,2.25326532,Nuit avec éclairage allumé,En agglomération,Hors intersection,Pluie légère,Deux véhicules - côté,3,1,3,0,1,1,2,0,1,50,2,2,1,0,0,1,26.0,26.0,deux_roues,voiture,5,2,1,2,3
202300042936,2023-07-22 21:30:00,2023,7,22,21,30,93,93057,Avenue Jean Jaurès,48.90527416,2.50200396,Nuit avec éclairage allumé,En agglomération,Hors intersection,Normale,Deux véhicules - côté,3,2,2,0,1,1,1,0,1,50,2,3,1,0,0,2,27.0,23.0,deux_roues,voiture,5,2,1,1,3
202300042937,2023-01-11 18:30:00,2023,1,11,18,30,92,92002,ARISTIDE BRIAND (AVENUE),48.75869,2.3069,Nuit avec éclairage allumé,En agglomération,Hors intersection,Normale,Deux véhicules - côté,3,1,2,0,1,1,1,0,1,50,2,3,2,0,0,1,43.0,24.0,deux_roues,voiture,5,2,1,1,3
202300042938,2023-07-22 11:15:00,2023,7,22,11,15,92,92064,CAMP CANADIEN,48.85289253,2.20587015,Plein jour,En agglomération,Intersection en T,Normale,Deux véhicules - côté,3,3,2,0,2,1,1,5,1,50,2,2,1,0,0,1,39.0,34.0,voiture,deux_roues,1,2,3,1,3
202300042938,2023-07-22 11:15:00,2023,7,22,11,15,92,92064,CAMP CANADIEN,48.85289253,2.20587015,Plein jour,En agglomération,Intersection en T,Normale,Deux véhicules - côté,3,3,2,0,1,1,1,5,1,30,2,2,1,0,0,1,39.0,34.0,voiture,deux_roues,1,2,3,1,3
202300042939,2023-01-11 19:15:00,2023,1,11,19,15,01,01074,le Bernon,46.014742,5.179335,Nuit sans éclairage public,Hors agglomération,Hors intersection,Brouillard / fumée,Deux véhicules - frontale,3,2,2,0,1,1,1,0,1,80,2,3,0,0,1,2,33.0,66.0,voiture,voiture,3,1,1,5,1
202300042940,2023-07-22 00:04:00,2023,7,22,0,4,92,92023,GENERAL DE GAULLE (AV DU) N°130 A 340 ET,48.78420473,2.24872863,Nuit avec éclairage allumé,En agglomération,Hors intersection,Normale,Deux véhicules - arrière,3,2,2,0,1,1,1,0,1,50,2,2,1,0,0,1,47.0,43.0,utilitaire_camion,deux_roues,5,2,1,1,2
202300042941,2023-01-12 10:00:00,2023,1,12,10,0,57,57439,Rue Principale (Manderen),49.450212,6.431106,Plein jour,En agglomération,Hors intersection,Pluie légère,Autre collision,3,3,2,0,1,3,2,0,3,50,1,1,0,1,0,0,62.0,,voiture,,1,2,1,2,6
202300042942,2023-07-22 21:10:00,2023,7,22,21,10,92,92012,ISSY (PONT D'),48.8309124,2.25822097,Crépuscule ou aube,En agglomération,Intersection en X,Normale,Deux véhicules - arrière,3,2,4,2,1,1,1,5,1,50,2,2,1,0,0,1,44.0,20.0,deux_roues,voiture,2,2,2,1,2
202300042942,2023-07-22 21:10:00,2023,7,22,21,10,92,92012,ISSY (PONT D'),48.8309124,2.25822097,Crépuscule ou aube,En agglomération,Intersection en X,Normale,Deux véhicules - arrière,3,1,1,2,1,1,1,5,1,50,2,2,1,0,0,1,44.0,20.0,deux_roues,voiture,2,2,2,1,2
202300042943,2023-01-10 17:30:00,2023,1,10,17,30,33,33334,Route des Graves,44.690196,-0.423832,Crépuscule ou aube,Hors agglomération,Intersection en X,Normale,Deux véhicules - côté,3,2,2,0,1,1,1,0,1,80,2,2,1,0,1,0,63.0,47.0,deux_roues,voiture,2,1,2,1,3
202300042943,2023-01-10 17:30:00,2023,1,10,17,30,33,33334,Route des Graves,44.690196,-0.423832,Crépuscule ou aube,Hors agglomération,Intersection en X,Normale,Deux véhicules - côté,3,2,2,-1,1,1,1,5,1,80,2,2,1,0,1,0,63.0,47.0,deux_roues,voiture,2,1,2,1,3
202300042944,2023-01-03 12:30:00,2023,1,3,12,30,31,31003,intersection D18  et chemin de lauzerville,43.562062,1.585486,Plein jour,Hors agglomération,Intersection en T,Normale,Deux véhicules - côté,7,2,2,0,1,1,1,5,1,80,2,2,1,0,1,0,63.0,57.0,voiture,deux_roues,1,1,3,1,3
202300042944,2023-01-03 12:30:00,2023,1,3,12,30,31,31003,intersection D18  et chemin de lauzerville,43.562062,1.585486,Plein jour,Hors agglomération,Intersection en T,Normale,Deux véhicules - côté,7,2,2,0,1,1,1,5,1,50,2,2,1,0,1,0,63.0,57.0,voiture,deux_roues,1,1,3,1,3
202300042945,2023-01-12 13:20:00,2023,1,12,13,20,52,52056,A5 PK206.550 sens Dijon vers Troyes,48.040719,5.037789,Plein jour,Hors agglomération,Hors intersection,Normale,Sans collision,1,3,4,0,1,1,1,0,3,130,1,2,0,0,1,1,77.0,,voiture,,1,1,1,1,7
202300042946,2023-07-22 04:57:00,2023,7,22,4,57,92,92007,MIRABEAU (ALLEE),48.78962652,2.31357023,Nuit avec éclairage allumé,En agglomération,Autre intersection,Normale,Deux véhicules - côté,4,1,#VALEURMULTI,0,2,1,1,0,4,50,2,2,1,0,0,1,60.0,41.0,deux_roues,voiture,5,2,9,1,3
202300042947,2023-01-12 10:55:00,2023,1,12,10,55,44,44089,,47.34542,-1.86005,Plein jour,Hors agglomération,Hors intersection,Temps couvert,Sans collision,2,3,4,0,1,1,1,0,1,110,1,2,1,0,0,1,21.0,,voiture,,1,1,1,8,7
202300042948,2023-01-12 07:30:00,2023,1,12,7,30,74,74171,Chemin de rosières,46.314909,6.342824,Plein jour,En agglomération,Hors intersection,Normale,Deux véhicules - côté,4,2,1,0,1,1,1,0,1,-1,2,2,1,0,0,1,26.0,18.0,utilitaire_camion,deux_roues,1,2,1,1,3
202300042949,2023-07-22 20:45:00,2023,7,22,20,45,51,51195,RN 44 PR 88.850,48.769467,4.582205,Plein jour,Hors agglomération,Hors intersection,Normale,Sans collision,2,2,2,0,2,3,1,0,1,70,1,1,0,1,0,0,40.0,,voiture,,1,1,1,1,7
202300042950,2023-01-12 14:05:00,2023,1,12,14,5,04,04033,D900b,44.454471,6.316844,Plein jour,Hors agglomération,Hors intersection,Normale,Deux véhicules - côté,3,2,2,0,1,1,2,0,8,80,2,2,1,0,0,1,38.0,35.0,deux_roues,utilitaire_camion,1,1,1,1,3
202300042951,2023-01-10 12:25:00,2023,1,10,12,25,51,51612,Rue de Villers-aux-Bois,48.90958725,4.00121748,Plein jour,En agglomération,Hors intersection,Pluie légère,Sans collision,3,2,2,0,2,3,2,0,4,50,1,2,1,0,1,0,19.0,,voiture,,1,2,1,2,7
202300042952,2023-07-23 10:56:00,2023,7,23,10,56,42,42212,Route Bleue,45.979317,4.117762,Plein jour,Hors agglomération,Intersection en T,Normale,Deux véhicules - frontale,3,2,2,0,1,1,1,0,1,80,2,2,1,0,0,1,27.0,59.0,voiture,deux_roues,1,1,3,1,1
202300042952,2023-07-23 10:56:00,2023,7,23,10,56,42,42212,Route Bleue,45.979317,4.117762,Plein jour,Hors agglomération,Intersection en T,Normale,Deux véhicules - frontale,3,2,2,-1,4,3,1,0,1,-1,2,2,1,0,0,1,27.0,59.0,voiture,deux_roues,1,1,3,1,1
202300042953,2023-01-12 01:05:00,2023,1,12,1,5,74,74195,1967 Route de bellegarde,46.005383,5.95994,Nuit avec éclairage allumé,En agglomération,Hors intersection,Normale,Autre collision,3,2,2,0,1,3,1,0,1,50,1,2,0,0,1,1,22.0,,voiture,,5,2,1,1,6
202300042954,2023-07-12 12:45:00,2023,7,12,12,45,63,63278,D211,45.924259,3.158602,Plein jour,En agglomération,Intersection en T,Normale,Deux véhicules - côté,3,2,2,0,1,1,1,5,1,50,2,2,1,0,1,0,65.0,88.0,deux_roues,voiture,1,2,3,1,3
202300042954,2023-07-12 12:45:00,2023,7,12,12,45,63,63278,D211,45.924259,3.158602,Plein jour,En agglomération,Intersection en T,Normale,Deux véhicules - côté,3,2,2,-1,1,1,1,0,1,-1,2,2,1,0,1,0,65.0,88.0,deux_roues,voiture,1,2,3,1,3
202300042955,2023-01-10 08:00:00,2023,1,10,8,0,78,78192,RD 928,48.928449,1.60962,Nuit sans éclairage public,Hors agglomération,Intersection en X,Autre,Deux véhicules - côté,3,2,2,0,1,1,2,5,1,80,2,3,0,1,1,1,24.0,75.0,utilitaire_camion,utilitaire_camion,3,1,2,9,3
202300042955,2023-01-10 08:00:00,2023,1,10,8,0,78,78192,RD 928,48.928449,1.60962,Nuit sans éclairage public,Hors agglomération,Intersection en X,Autre,Deux véhicules - côté,3,2,2,0,1,1,2,5,1,80,2,3,0,1,1,1,24.0,75.0,utilitaire_camion,utilitaire_camion,3,1,2,9,3
202300042956,2023-07-22 15:30:00,2023,7,22,15,30,01,01143,D1005,46.413384,6.060715,Plein jour,Hors agglomération,Hors intersection,Normale,Sans collision,3,2,2,0,1,2,1,0,1,70,1,1,0,0,1,0,32.0,,deux_roues,,1,1,1,1,7
202300042957,2023-07-23 01:28:00,2023,7,23,1,28,65,65369,Route du Pic du Midi,43.270027,0.176489,Nuit sans éclairage public,En agglomération,Hors intersection,Normale,Sans collision,3,2,2,0,1,2,1,0,3,50,1,1,0,1,0,0,67.0,,voiture,,3,2,1,1,7
202300042958,2023-07-23 15:50:00,2023,7,23,15,50,72,72200,Route des Luères,47.909899,0.217323,Plein jour,Hors agglomération,Hors intersection,Normale,Sans collision,3,2,2,0,1,1,1,0,3,70,1,1,0,0,1,0,25.0,,voiture,,1,1,1,1,7
202300042959,2023-01-11 18:00:00,2023,1,11,18,0,22,22232,Impasse du Petit Kergrain,48.635328,-2.907799,Nuit sans éclairage public,Hors agglomération,Intersection en X,Normale,Deux véhicules - frontale,3,2,2,0,1,1,1,5,1,50,2,2,1,0,1,0,63.0,70.0,deux_roues,voiture,3,1,2,1,1
202300042959,2023-01-11 18:00:00,2023,1,11,18,0,22,22232,Impasse du Petit Kergrain,48.635328,-2.907799,Nuit sans éclairage public,Hors agglomération,Intersection en X,Normale,Deux véhicules - frontale,3,2,2,0,1,1,1,5,1,50,2,2,1,0,1,0,63.0,70.0,deux_roues,voiture,3,1,2,1,1
202300042960,2023-01-11 19:00:00,2023,1,11,19,0,29,29236,Lieu Dit Kervideo,47.850153,-3.662567,Nuit sans éclairage public,Hors agglomération,Intersection en Y,Normale,Autre collision,3,2,2,0,1,3,1,0,3,50,1,1,0,0,1,0,62.0,,voiture,,3,1,4,1,6
202300042960,2023-01-11 19:00:00,2023,1,11,19,0,29,29236,Lieu Dit Kervideo,47.850153,-3.662567,Nuit sans éclairage public,Hors agglomération,Intersection en Y,Normale,Autre collision,3,2, -1,-1,1,1,1,5,1,-1,1,1,0,0,1,0,62.0,,voiture,,3,1,4,1,6
202300042961,2023-07-23 06:15:00,2023,7,23,6,15,44,44158,,47.27623,-1.721549,Crépuscule ou aube,Hors agglomération,Hors intersection,Pluie légère,Deux véhicules - côté,2,3,2,0,1,1,2,0,1,110,2,3,1,0,1,1,23.0,48.0,voiture,voiture,2,1,1,2,3
202300042962,2023-01-11 13:20:00,2023,1,11,13,20,29,29236,Lieu Dit Saint Jean,47.87121,-3.612305,Plein jour,Hors agglomération,Hors intersection,Temps couvert,Autre collision,3,2,2,0,2,1,2,0,3,70,1,1,0,0,1,0,63.0,,voiture,,1,1,1,8,6
202300042963,2023-07-23 07:30:00,2023,7,23,7,30,44,44076,,47.62739666,-1.64438725,Crépuscule ou aube,Hors agglomération,Hors intersection,Pluie légère,Deux véhicules - arrière,2,3,2,0,1,1,2,0,1,110,2,5,3,0,0,2,21.0,46.0,voiture,voiture,2,1,1,2,2
202300042964,2023-01-11 17:45:00,2023,1,11,17,45,29,29095,Pen ar Forest,48.45906028,-4.35659076,Crépuscule ou aube,Hors agglomération,Hors intersection,Temps couvert,Deux véhicules - frontale,3,2,2,0,1,1,2,0,1,80,2,2,1,1,0,0,35.0,23.0,voiture,deux_roues,2,1,1,8,1
202300042965,2023-07-22 00:45:00,2023,7,22,0,45,62,62162,D943,50.56993159,2.4473269,Nuit avec éclairage allumé,Hors agglomération,Intersection en Y,Normale,Autre collision,3,2,2,0,1,1,1,5,8,50,1,1,0,0,1,0,18.0,,deux_roues,,5,1,4,1,6
202300042965,2023-07-22 00:45:00,2023,7,22,0,45,62,62162,D943,50.56993159,2.4473269,Nuit avec éclairage allumé,Hors agglomération,Intersection en Y,Normale,Autre collision,3,2,2,0,1,3,1,5,1,80,1,1,0,0,1,0,18.0,,deux_roues,,5,1,4,1,6
202300042966,2023-01-12 08:00:00,2023,1,12,8,0,03,03314,lieu dit sainte-agathe,46.306268,2.636826,Plein jour,Hors agglomération,Intersection en T,Normale,Deux véhicules - frontale,3,2,2,0,1,1,1,0,1,70,2,2,1,0,0,1,57.0,40.0,voiture,voiture,1,1,3,1,1
202300042966,2023-01-12 08:00:00,2023,1,12,8,0,03,03314,lieu dit sainte-agathe,46.306268,2.636826,Plein jour,Hors agglomération,Intersection en T,Normale,Deux véhicules - frontale,3,2,1,0,3,1,1,0,1,70,2,2,1,0,0,1,57.0,40.0,voiture,voiture,1,1,3,1,1
202300042967,2023-07-23 05:50:00,2023,7,23,5,50,62,62559,D939,50.20758517,3.10018766,Crépuscule ou aube,Hors agglomération,Hors intersection,Pluie légère,Deux véhicules - frontale,3,2,2,0,1,1,2,0,1,80,2,4,0,2,2,0,27.0,55.0,voiture,voiture,2,1,1,2,1
202300042968,2023-01-05 17:15:00,2023,1,5,17,15,01,01196,Route de Bourg,46.36074,5.122707,Nuit avec éclairage allumé,Hors agglomération,Hors intersection,Normale,Autre collision,3,2,2,0,1,1,1,0,1,80,1,2,1,0,1,0,81.0,,utilitaire_camion,,5,1,1,1,6
202300042969,2023-01-11 09:45:00,2023,1,11,9,45,58,58280,D981,46.847946,3.395092,Plein jour,Hors agglomération,Hors intersection,Pluie légère,Sans collision,3,2,2,0,2,1,2,0,5,80,1,1,0,0,0,1,51.0,,utilitaire_camion,,1,1,1,2,7
202300042970,2023-07-22 06:50:00,2023,7,22,6,50,40,40165,D834,44.110484,-0.702009,Plein jour,Hors agglomération,Hors intersection,Normale,Deux véhicules - frontale,3,2,2,0,1,1,1,0,1,80,2,3,0,0,1,2,19.0,30.0,voiture,utilitaire_camion,1,1,1,1,1
202300042971,2023-07-22 19:55:00,2023,7,22,19,55,59,59194,D934,50.198386,3.639393,Plein jour,Hors agglomération,Hors intersection,Normale,Autre collision,3,2,2,0,1,1,1,0,1,80,1,1,0,0,1,0,31.0,,deux_roues,,1,1,1,1,6
202300042972,2023-01-11 10:25:00,2023,1,11,10,25,06,06059,avenue Georges Clémenceau,43.732329,7.382652,Plein jour,Hors agglomération,Hors intersection,Normale,Deux véhicules - côté,7,2,2,0,1,2,1,0,1,70,2,2,1,0,1,0,68.0,60.0,voiture,deux_roues,1,1,1,1,3
202300042973,2023-01-11 10:35:00,2023,1,11,10,35,50,50389,route de l'abbaye,49.01277,-1.361527,Plein jour,Hors agglomération,Intersection en X,Normale,Deux véhicules - côté,3,2,2,0,1,1,2,0,1,80,2,2,1,0,0,1,53.0,79.0,voiture,voiture,1,1,2,1,3
202300042973,2023-01-11 10:35:00,2023,1,11,10,35,50,50389,route de l'abbaye,49.01277,-1.361527,Plein jour,Hors agglomération,Intersection en X,Normale,Deux véhicules - côté,3,2,2,0,1,1,2,0,1,80,2,2,1,0,0,1,53.0,79.0,voiture,voiture,1,1,2,1,3
202300042974,2023-01-09 22:10:00,2023,1,9,22,10,10,10035,D396,48.207623,4.753647,Nuit sans éclairage public,Hors agglomération,Hors intersection,Temps couvert,Autre collision,3,2,2,0,1,1,2,0,3,80,1,1,0,0,1,0,23.0,,voiture,,3,1,1,8,6
202300042975,2023-07-22 12:15:00,2023,7,22,12,15,76,76263,D128,49.494368,1.530629,Plein jour,Hors agglomération,Hors intersection,Normale,Deux véhicules - arrière,3,2,2,0,2,2,9,0,1,80,2,4,3,0,0,1,49.0,56.0,deux_roues,deux_roues,1,1,1,1,2
202300042976,2023-01-11 19:40:00,2023,1,11,19,40,85,85146,RD84A,46.962406,-1.344848,Nuit avec éclairage allumé,En agglomération,Intersection en T,Normale,Deux véhicules - côté,3,2,2,0,1,1,2,0,1,30,2,2,1,0,0,1,45.0,17.0,voiture,deux_roues,5,2,3,1,3
202300042976,2023-01-11 19:40:00,2023,1,11,19,40,85,85146,RD84A,46.962406,-1.344848,Nuit avec éclairage allumé,En agglomération,Intersection en T,Normale,Deux véhicules - côté,3,2,2,0,1,1,2,0,1,50,2,2,1,0,0,1,45.0,17.0,voiture,deux_roues,5,2,3,1,3
202300042977,2023-07-01 03:00:00,2023,7,1,3,0,2B,2B123,RD 144,42.004172,9.441545,Nuit avec éclairage allumé,Hors agglomération,Giratoire,Normale,Autre collision,3,2,2,0,1,1,1,9,8,70,1,2,1,0,0,1,19.0,,voiture,,5,1,6,1,6
202300042978,2023-01-08 10:54:00,2023,1,8,10,54,27,27232,Rue Henri Pepin,49.290097,1.54036,Plein jour,En agglomération,Hors intersection,Normale,Autre collision,4,2,2,0,1,3,2,0,3,50,1,2,1,0,0,1,31.0,,voiture,,1,2,1,1,6
202300042979,2023-07-22 20:47:00,2023,7,22,20,47,80,80240,21 Rue Roger Corne,49.927008,2.942934,Crépuscule ou aube,En agglomération,Hors intersection,Normale,Deux véhicules - frontale,4,2,2,0,1,1,1,0,1,50,2,2,1,0,0,1,91.0,39.0,voiture,voiture,2,2,1,1,1
202300042980,2023-01-11 12:20:00,2023,1,11,12,20,27,27112,D55,48.853054,0.939631,Plein jour,Hors agglomération,Intersection en X,Normale,Sans collision,3,2,2,0,1,3,1,5,3,80,1,1,0,0,0,1,55.0,,voiture,,1,1,2,1,7
202300042980,2023-01-11 12:20:00,2023,1,11,12,20,27,27112,D55,48.853054,0.939631,Plein jour,Hors agglomération,Intersection en X,Normale,Sans collision,3,2, -1,-1,1,1,1,0,1,-1,1,1,0,0,0,1,55.0,,voiture,,1,1,2,1,7
202300042981,2023-01-08 11:00:00,2023,1,8,11,0,28,28023,D28,48.511466,1.678441,Plein jour,Hors agglomération,Hors intersection,Pluie légère,Deux véhicules - côté,3,2,2,0,2,3,2,0,1,80,2,3,2,0,1,0,33.0,80.0,voiture,voiture,1,1,1,2,3
202300042982,2023-07-23 08:45:00,2023,7,23,8,45,11,11361,D126,43.327277,2.064126,Plein jour,Hors agglomération,Hors intersection,Normale,Trois véhicules et plus - collisions multiples,3,2,2,0,1,1,1,0,1,80,3,3,1,0,0,2,57.0,57.0,deux_roues,voiture,1,1,1,1,5
202300042983,2023-01-12 15:00:00,2023,1,12,15,0,77,77279,A5 sens 1 direction TROYES PK 38.000,48.379036,3.008799,Plein jour,Hors agglomération,Hors intersection,Autre,Autre collision,1,3,3,0,2,1,2,0,5,130,1,3,2,0,0,1,25.0,,voiture,,1,1,1,9,6
202300042984,2023-07-22 17:18:00,2023,7,22,17,18,71,71014,Route d'Arnay,46.960643,4.305037,Plein jour,En agglomération,Hors intersection,Normale,Deux véhicules - frontale,3,2,2,0,1,3,1,0,1,50,2,4,2,0,0,2,43.0,19.0,voiture,voiture,1,2,1,1,1
202300042985,2023-07-22 23:10:00,2023,7,22,23,10,63,63003,Route des Chaux,45.535333,3.780885,Nuit sans éclairage public,Hors agglomération,Hors intersection,Normale,Sans collision,3,2,2,0,2,2,1,0,3,90,1,1,0,0,1,0,48.0,,deux_roues,,3,1,1,1,7
202300042986,2023-01-12 09:15:00,2023,1,12,9,15,38,38197,A432 PK 023+400,45.742865,5.095832,Plein jour,Hors agglomération,Hors intersection,Normale,Deux véhicules - arrière,1,3,4,0,1,1,1,0,1,130,2,2,1,0,0,1,26.0,57.0,voiture,utilitaire_camion,1,1,1,1,2
202300042987,2023-01-09 20:30:00,2023,1,9,20,30,74,74010,155 Avenue d'aix-les-bains,45.88414,6.099393,Nuit avec éclairage allumé,En agglomération,Hors intersection,Pluie légère,Deux véhicules - arrière,3,3,1,1,1,1,2,0,1,50,2,2,1,0,0,1,40.0,50.0,voiture,voiture,5,2,1,2,2
202300042988,2023-07-17 17:10:00,2023,7,17,17,10,49,49291,Route de Brézé,47.170078,-0.092724,Plein jour,Hors agglomération,Intersection en X,Normale,Deux véhicules - côté,4,2, -1,-1,1,1,1,0,1,-1,2,6,1,1,1,3,78.0,77.0,voiture,voiture,1,1,2,1,3
202300042988,2023-07-17 17:10:00,2023,7,17,17,10,49,49291,Route de Brézé,47.170078,-0.092724,Plein jour,Hors agglomération,Intersection en X,Normale,Deux véhicules - côté,4,2,2,0,1,1,1,0,1,80,2,6,1,1,1,3,78.0,77.0,voiture,voiture,1,1,2,1,3
202300042989,2023-01-12 05:00:00,2023,1,12,5,0,69,69225,Autoroute 89,45.881898,4.42955,Nuit avec éclairage allumé,Hors agglomération,Autre intersection,Normale,Deux véhicules - côté,1,3,4,0,1,1,1,0,1,110,2,3,1,0,1,1,58.0,31.0,utilitaire_camion,voiture,5,1,9,1,3
202300042990,2023-07-23 15:15:00,2023,7,23,15,15,42,42234,Route de Fontanès,45.526231,4.390519,Plein jour,Hors agglomération,Intersection en X,Normale,Deux véhicules - frontale,7,2,2,0,2,3,1,0,1,80,2,4,2,0,1,1,83.0,20.0,voiture,deux_roues,1,1,2,1,1