accident_id,datetime,annee,mois,jour,heure,minute,departement,commune_insee,adresse,latitude,longitude,luminosite,agglomeration,intersection,meteo,collision,catr,circ,nbv,vosp,prof,plan,surf,infra,situ,vma,nb_vehicules,nb_usagers,nb_indemnes,nb_tues,nb_blesses_hosp,nb_blesses_legers,age_cond_1,age_cond_2,veh_type_cond_1,veh_type_cond_2,lum_code,agg_code,int_code,atm_code,col_code
202300043069,2023-01-09 12:20:00,2023,1,9,12,20,91,91377,RUE DE VERSAILLES,48.73222,2.25606,Plein jour,En agglomération,Intersection en T,Normale,Autre collision,4,2,2,0,1,1,1,0,1,50,1,4,3,0,0,1,21.0,,voiture,,1,2,3,1,6
202300043070,2023-07-22 06:56:00,2023,7,22,6,56,13,13214,A507 sens Aubagne- Marseille,43.33004,5.40126,Crépuscule ou aube,Hors agglomération,Hors intersection,Normale,Deux véhicules - côté,1,3,2,0,1,1,1,1,1,70,2,2,1,0,0,1,35.0,35.0,voiture,utilitaire_camion,2,1,1,1,3
202300043071,2023-01-10 08:45:00,2023,1,10,8,45,91,91421,SAULES (CHEMIN DES),48.69609,2.44524,Plein jour,En agglomération,Hors intersection,Normale,Sans collision,4,2,2,0,1,1,2,0,1,50,1,2,0,0,1,1,46.0,,voiture,,1,2,1,1,7
202300043072,2023-07-21 08:36:00,2023,7,21,8,36,13,13213,A507 sens Marseille - Aubagne,43.32992,5.411317,Plein jour,Hors agglomération,Hors intersection,Normale,Deux véhicules - arrière,1,1,3,0,1,1,1,0,1,70,2,3,2,0,1,0,47.0,23.0,voiture,deux_roues,1,1,1,1,2
202300043073,2023-01-10 09:08:00,2023,1,10,9,8,87,87085,QUEUILLE (PLACE HENRI),45.8152,1.26968,Plein jour,En agglomération,Giratoire,Pluie légère,Deux véhicules - côté,4,2,2,0,1,1,2,5,1,50,2,2,1,0,0,1,34.0,37.0,voiture,deux_roues,1,2,6,2,3
202300043073,2023-01-10 09:08:00,2023,1,10,9,8,87,87085,QUEUILLE (PLACE HENRI),45.8152,1.26968,Plein jour,En agglomération,Giratoire,Pluie légère,Deux véhicules - côté,4,1,2,0,1,1,2,5,1,50,2,2,1,0,0,1,34.0,37.0,voiture,deux_roues,1,2,6,2,3
202300043074,2023-07-21 18:17:00,2023,7,21,18,17,83,83144,A57,43.14139129,6.00396948,Plein jour,Hors agglomération,Hors intersection,Normale,Autre collision,1,3,4,0,1,1,1,3,1,70,1,1,0,0,1,0,53.0,,deux_roues,,1,1,1,1,6
202300043075,2023-01-09 11:26:00,2023,1,9,11,26,87,87085,BENEDICTINS (AVENUE DES),45.83313,1.26858,Plein jour,En agglomération,Hors intersection,Pluie légère,Autre collision,4,3,4,0,2,1,2,0,1,50,1,2,1,0,0,1,28.0,,voiture,,1,2,1,2,6
202300043076,2023-07-22 14:40:00,2023,7,22,14,40,33,33167,ROUTE NATIONALE 230,44.821257,-0.517608,Plein jour,Hors agglomération,Hors intersection,Normale,Deux véhicules - côté,2,3,6,0,1,3,1,3,1,90,2,7,6,0,0,1,52.0,40.0,voiture,voiture,1,1,1,1,3
202300043077,2023-01-09 17:24:00,2023,1,9,17,24,87,87085,RD941 (OUEST),45.8398,1.18395,Plein jour,Hors agglomération,Hors intersection,Pluie légère,Autre collision,3,3,4,0,2,2,2,0,1,110,1,3,0,0,0,3,20.0,,voiture,,1,1,1,2,6
202300043078,2023-01-09 17:46:00,2023,1,9,17,46,78,78440,PAUL RAOULT (AVENUE),48.981449,1.912492,Nuit avec éclairage allumé,En agglomération,Hors intersection,Pluie forte,Autre collision,3,3,2,0,1,1,2,0,1,50,1,2,1,0,0,1,48.0,,voiture,,5,2,1,3,6
202300043079,2023-07-22 14:15:00,2023,7,22,14,15,33,33192,AUTOROUTE A 63,44.7819,-0.635252,Plein jour,Hors agglomération,Hors intersection,Normale,Deux véhicules - côté,1,3,6,0,1,1,1,0,1,110,2,3,1,0,0,2,40.0,40.0,voiture,utilitaire_camion,1,1,1,1,3
202300043080,2023-07-22 03:25:00,2023,7,22,3,25,33,33013,ROUTE NATIONALE 89,44.8687384,-0.5026862,Nuit avec éclairage non allumé,Hors agglomération,Autre intersection,Normale,Deux véhicules - arrière,2,3,5,0,1,1,1,3,1,50,2,3,2,0,0,1,61.0,44.0,voiture,deux_roues,4,1,9,1,2
202300043081,2023-07-21 22:10:00,2023,7,21,22,10,91,91689,AUTOROUTE A6B,48.74604,2.32573,Nuit sans éclairage public,Hors agglomération,Hors intersection,Normale,Trois véhicules et plus - collisions multiples,1,1,3,0,2,1,1,0,1,110,4,5,4,0,0,1,52.0,70.0,utilitaire_camion,voiture,3,1,1,1,5
202300043082,2023-07-22 16:00:00,2023,7,22,16,0,92,92048,N118,48.79379358,2.21880725,Plein jour,Hors agglomération,Hors intersection,Normale,Trois véhicules et plus - en chaîne,2,1,2,0,1,1,1,0,1,110,3,6,2,0,0,4,41.0,63.0,voiture,voiture,1,1,1,1,4
202300043083,2023-07-21 23:45:00,2023,7,21,23,45,93,93053,AUTOROUTE A86,48.89790505,2.46977341,Nuit sans éclairage public,Hors agglomération,Hors intersection,Normale,Autre collision,1,1,4,0,2,3,1,0,1,60,1,1,0,0,0,1,48.0,,deux_roues,,3,1,1,1,6
202300043084,2023-07-21 19:10:00,2023,7,21,19,10,94,94028,A86,48.79411216,2.44179389,Plein jour,Hors agglomération,Hors intersection,Normale,Deux véhicules - arrière,1,3,3,0,1,1,1,0,1,90,2,2,1,0,0,1,29.0,24.0,deux_roues,voiture,1,1,1,1,2
202300043085,2023-01-09 17:15:00,2023,1,9,17,15,77,77186,D607,48.447524,2.632788,Nuit sans éclairage public,Hors agglomération,Hors intersection,Pluie légère,Deux véhicules - arrière,3,2,3,0,1,1,2,0,1,90,2,7,0,0,0,7,41.0,42.0,voiture,voiture,3,1,1,2,2
202300043086,2023-07-21 06:15:00,2023,7,21,6,15,77,77450,RN104,48.714558,2.599699,Crépuscule ou aube,Hors agglomération,Hors intersection,Pluie légère,Deux véhicules - arrière,2,3,2,0,1,1,2,0,1,110,2,2,0,0,0,2,22.0,50.0,deux_roues,voiture,2,1,1,2,2
202300043087,2023-01-10 17:40:00,2023,1,10,17,40,76,76575,Rue Fernand Léger,49.397884,1.10001291,Nuit avec éclairage allumé,En agglomération,Hors intersection,Pluie légère,Trois véhicules et plus - en chaîne,4,2,2,0,1,1,2,0,1,50,3,3,1,0,0,2,30.0,56.0,voiture,voiture,5,2,1,2,4
202300043088,2023-07-20 15:50:00,2023,7,20,15,50,83,83118,ROUTE DE SAINT-BARTHÉLEMY,43.43746,6.89218,Plein jour,En agglomération,Hors intersection,Normale,Autre collision,3,2,2,0,1,1,1,9,1,50,1,2,1,0,1,0,26.0,,deux_roues,,1,2,1,1,6
202300043089,2023-01-10 07:45:00,2023,1,10,7,45,76,76540,Boulevard des Belges,49.44423,1.08531,Crépuscule ou aube,En agglomération,Intersection en X,Pluie légère,Deux véhicules - côté,7,2,4,3,2,1,2,-1,6,50,2,2,1,0,0,1,44.0,54.0,voiture,deux_roues,2,2,2,2,3
202300043089,2023-01-10 07:45:00,2023,1,10,7,45,76,76540,Boulevard des Belges,49.44423,1.08531,Crépuscule ou aube,En agglomération,Intersection en X,Pluie légère,Deux véhicules - côté,7,2,2,0,2,1,2,0,1,30,2,2,1,0,0,1,44.0,54.0,voiture,deux_roues,2,2,2,2,3
202300043090,2023-07-19 08:40:00,2023,7,19,8,40,06,06069,SANTON (CHEMIN DU),43.641783,6.948673,Plein jour,Hors agglomération,Hors intersection,Normale,Autre collision,5,2,0,0,1,1,1,0,8,-1,1,2,1,0,1,0,68.0,,voiture,,1,1,1,1,6
202300043091,2023-01-10 10:10:00,2023,1,10,10,10,74,74012,SOMMEILLER (RUE GERMAIN),46.19526,6.26871,Plein jour,En agglomération,Hors intersection,Normale,Deux véhicules - côté,4,2,2,0,1,1,2,0,1,50,2,2,1,0,0,1,27.0,78.0,voiture,voiture,1,2,1,1,3
202300043092,2023-07-21 09:50:00,2023,7,21,9,50,976,97611,kaweni-Kaweni nord ( Z I ),-12.76038,45.22659,Plein jour,En agglomération,Autre intersection,Normale,Deux véhicules - frontale,2,3,0,0,2,2,1,9,1,50,2,2,1,0,0,1,61.0,55.0,deux_roues,voiture,1,2,9,1,1
202300043093,2023-01-10 08:35:00,2023,1,10,8,35,72,72181,LECOUTEUX LIONEL (PL) N° 3,48.00593,0.20158,Plein jour,En agglomération,Giratoire,Pluie légère,Deux véhicules - frontale,4,-1,2,0,1,1,2,0,1,50,2,2,1,0,0,1,42.0,17.0,utilitaire_camion,deux_roues,1,2,6,2,1
202300043093,2023-01-10 08:35:00,2023,1,10,8,35,72,72181,LECOUTEUX LIONEL (PL) N° 3,48.00593,0.20158,Plein jour,En agglomération,Giratoire,Pluie légère,Deux véhicules - frontale,4,1,1,0,1,3,2,0,1,50,2,2,1,0,0,1,42.0,17.0,utilitaire_camion,deux_roues,1,2,6,2,1
202300043094,2023-07-21 06:30:00,2023,7,21,6,30,974,97411,LECONTE DE LISLE (AVENUE),-20.8943,55.48669,Plein jour,En agglomération,Intersection en X,Normale,Deux véhicules - côté,4,-1,2,3,1,1,1,0,1,50,2,2,1,0,0,1,22.0,73.0,deux_roues,voiture,1,2,2,1,3
202300043094,2023-07-21 06:30:00,2023,7,21,6,30,974,97411,LECONTE DE LISLE (AVENUE),-20.8943,55.48669,Plein jour,En agglomération,Intersection en X,Normale,Deux véhicules - côté,4,2,2,0,1,1,1,5,1,50,2,2,1,0,0,1,22.0,73.0,deux_roues,voiture,1,2,2,1,3
202300043095,2023-07-20 21:35:00,2023,7,20,21,35,974,97411,REYDELLET (ROUTE JULES),-20.93569,55.49029,Nuit sans éclairage public,En agglomération,Hors intersection,Normale,Deux véhicules - côté,4,2,2,0,3,1,1,0,1,50,2,2,1,0,0,1,29.0,57.0,deux_roues,voiture,3,2,1,1,3
202300043096,2023-01-09 21:14:00,2023,1,9,21,14,67,67482,Edmond Michelet (rue),48.57353,7.76663,Nuit avec éclairage allumé,En agglomération,Intersection en T,Pluie légère,Deux véhicules - côté,4,2,5,1,1,1,2,0,1,50,2,2,1,0,0,1,26.0,51.0,deux_roues,voiture,5,2,3,2,3
202300043096,2023-01-09 21:14:00,2023,1,9,21,14,67,67482,Edmond Michelet (rue),48.57353,7.76663,Nuit avec éclairage allumé,En agglomération,Intersection en T,Pluie légère,Deux véhicules - côté,4,3,4,3,2,1,2,2,1,50,2,2,1,0,0,1,26.0,51.0,deux_roues,voiture,5,2,3,2,3
202300043097,2023-07-21 07:20:00,2023,7,21,7,20,974,97407,FERRY (RUE),-20.93568,55.2966,Plein jour,En agglomération,Hors intersection,Normale,Autre collision,4,2,2,0,1,1,1,0,1,50,1,2,1,0,0,1,51.0,,voiture,,1,2,1,1,6
202300043098,2023-01-10 10:48:00,2023,1,10,10,48,64,64102,Avenue Duvergier de Hauranne,43.48672,-1.46675,Plein jour,En agglomération,Hors intersection,Normale,Deux véhicules - côté,4,2,3,1,2,1,1,0,5,50,2,2,1,0,0,1,43.0,60.0,utilitaire_camion,deux_roues,1,2,1,1,3
202300043099,2023-07-21 12:50:00,2023,7,21,12,50,973,97302,MADELEINE (ROUTE DE LA),4.90986,-52.32154,Plein jour,En agglomération,Hors intersection,Normale,Sans collision,3,2,2,0,1,1,1,0,1,50,1,1,0,0,0,1,53.0,,deux_roues,,1,2,1,1,7
202300043100,2023-07-21 14:00:00,2023,7,21,14,0,69,69383,Avenue Lacassagne,45.74583,4.88765,Plein jour,En agglomération,Intersection en X,Normale,Deux véhicules - côté,4,2,2,0,1,1,1,0,1,50,2,2,1,0,0,1,24.0,39.0,deux_roues,voiture,1,2,2,1,3
202300043100,2023-07-21 14:00:00,2023,7,21,14,0,69,69383,Avenue Lacassagne,45.74583,4.88765,Plein jour,En agglomération,Intersection en X,Normale,Deux véhicules - côté,4,1,1,3,1,1,1,0,1,50,2,2,1,0,0,1,24.0,39.0,deux_roues,voiture,1,2,2,1,3
202300043101,2023-01-09 20:22:00,2023,1,9,20,22,64,64102,Avenue Paul Pras,43.48391,-1.47671,Nuit avec éclairage allumé,En agglomération,Hors intersection,Pluie légère,Deux véhicules - côté,4,2,2,0,1,1,2,0,1,50,2,3,0,0,0,3,39.0,48.0,voiture,utilitaire_camion,5,2,1,2,3
202300043102,2023-07-21 15:30:00,2023,7,21,15,30,972,97213,ROUTE NATIONALE 1,14.61964,-60.99471,Plein jour,En agglomération,Giratoire,Normale,Autre collision,2,2,2,0,1,2,1,0,1,70,1,2,0,0,0,2,24.0,,voiture,,1,2,6,1,6
202300043103,2023-07-21 07:15:00,2023,7,21,7,15,972,97213,,14.6219,-60.99101,Plein jour,Hors agglomération,Hors intersection,Normale,Autre collision,2,3,4,0,1,1,1,3,6,70,1,2,1,0,0,1,54.0,,utilitaire_camion,,1,1,1,1,6
202300043104,2023-07-21 23:10:00,2023,7,21,23,10,69,69385,22 Rue Commandant Charcot,45.75555,4.80925,Nuit avec éclairage allumé,En agglomération,Hors intersection,Normale,Autre collision,4,2,3,0,2,2,1,0,1,30,1,1,0,0,0,1,25.0,,deux_roues,,5,2,1,1,6
202300043105,2023-07-19 09:20:00,2023,7,19,9,20,69,69389,6 Quai Raoul Carrié,45.79909,4.8337,Plein jour,En agglomération,Hors intersection,Normale,Trois véhicules et plus - collisions multiples,7,2,2,0,1,1,1,0,1,30,3,3,2,0,1,0,47.0,41.0,voiture,deux_roues,1,2,1,1,5
202300043106,2023-07-19 18:39:00,2023,7,19,18,39,2B,2B120,IMPERIALE (Route) D464 ,42.6448,9.4341,Plein jour,En agglomération,Hors intersection,Normale,Autre collision,3,2,2,0,2,1,1,0,1,50,2,2,1,0,0,1,15.0,36.0,deux_roues,voiture,1,2,1,1,6
202300043107,2023-07-15 18:00:00,2023,7,15,18,0,95,95306,CONFLANS (RUE DE),48.99893,2.15193,Plein jour,En agglomération,Hors intersection,Normale,Autre collision,4,2,2,0,1,1,1,9,1,30,1,3,2,0,1,0,49.0,,voiture,,1,2,1,1,6
202300043108,2023-07-21 15:15:00,2023,7,21,15,15,91,91161,AV PIERRE BROSSOLETTE,48.70439,2.32226,Plein jour,En agglomération,Autre intersection,Normale,Deux véhicules - côté,3,2,2,0,1,1,1,0,1,50,2,2,1,0,0,1,46.0,22.0,voiture,voiture,1,2,9,1,3
202300043109,2023-07-20 21:19:00,2023,7,20,21,19,87,87050,CASSIN (RUE RENE),45.86807,1.2374,Plein jour,En agglomération,Hors intersection,Normale,Autre collision,4,2,2,0,1,1,1,0,1,50,1,2,1,0,0,1,,,voiture,,1,2,1,1,6
202300043110,2023-07-20 02:24:00,2023,7,20,2,24,87,87065,RD979,45.81159,1.34343,Nuit avec éclairage non allumé,En agglomération,Hors intersection,Normale,Autre collision,3,2,2,0,2,1,1,0,1,50,1,1,0,0,0,1,23.0,,deux_roues,,4,2,1,1,6
202300043111,2023-07-21 19:15:00,2023,7,21,19,15,84,84035,TAILLADES-RD143 (ROUTES DES),43.838,5.066,Plein jour,En agglomération,Intersection en X,Normale,Deux véhicules - arrière,4,2,2,0,1,1,1,5,1,50,2,2,1,0,0,1,84.0,73.0,utilitaire_camion,deux_roues,1,2,2,1,2
202300043111,2023-07-21 19:15:00,2023,7,21,19,15,84,84035,TAILLADES-RD143 (ROUTES DES),43.838,5.066,Plein jour,En agglomération,Intersection en X,Normale,Deux véhicules - arrière,4,3,2,0,1,1,1,0,1,50,2,2,1,0,0,1,84.0,73.0,utilitaire_camion,deux_roues,1,2,2,1,2
202300043112,2023-07-17 17:20:00,2023,7,17,17,20,76,76486,Rue d'Elbeuf,49.30105,0.99252,Plein jour,En agglomération,Hors intersection,Normale,Deux véhicules - frontale,7,2,2,0,1,1,1,0,1,50,2,3,2,0,0,1,31.0,18.0,voiture,voiture,1,2,1,1,1
202300043113,2023-07-21 08:00:00,2023,7,21,8,0,72,72181,DEMORIEUX PAIRS-ROCADE A RP D'ALLONNES,47.98765,0.1813,Plein jour,En agglomération,Giratoire,Normale,Deux véhicules - côté,4,1,2,0,1,2,2,5,1,50,2,2,1,0,0,1,20.0,55.0,voiture,utilitaire_camion,1,2,6,1,3
202300043114,2023-07-21 20:25:00,2023,7,21,20,25,71,71306,JULES CHAGOT (QUAI),46.67231,4.35973,Plein jour,En agglomération,Hors intersection,Normale,Autre collision,4,1,1,0,1,1,1,0,1,50,1,1,0,0,0,1,24.0,,deux_roues,,1,2,1,1,6
202300043115,2023-07-21 15:50:00,2023,7,21,15,50,71,71306,ROGER SALENGRO (AVENUE),46.66853,4.36038,Plein jour,En agglomération,Hors intersection,Normale,Sans collision,4,2,2,0,1,1,1,0,4,50,1,1,0,0,0,1,51.0,,voiture,,1,2,1,1,7
202300043116,2023-07-21 01:50:00,2023,7,21,1,50,69,69029,Avenue François Mitterrand,45.73784533,4.92141192,Nuit avec éclairage non allumé,En agglomération,Hors intersection,Normale,Deux véhicules - arrière,4,3,6,0,1,1,1,0,1,50,2,2,1,0,0,1,25.0,,deux_roues,autre,4,2,1,1,2
202300043117,2023-07-21 07:57:00,2023,7,21,7,57,66,66136,,42.73092682,2.89556265,Plein jour,Hors agglomération,Giratoire,Autre,Deux véhicules - côté,4,2,4,1,1,1,1,0,5,70,2,2,1,0,1,0,77.0,28.0,deux_roues,utilitaire_camion,1,1,6,9,3
202300043118,2023-07-20 10:00:00,2023,7,20,10,0,64,64024,ESPAGNE (AVENUE D'),43.47658,-1.52629,Plein jour,En agglomération,Intersection en T,Normale,Deux véhicules - côté,3,2,2,2,1,1,1,8,1,50,2,2,1,0,0,1,23.0,66.0,deux_roues,voiture,1,2,3,1,3
202300043118,2023-07-20 10:00:00,2023,7,20,10,0,64,64024,ESPAGNE (AVENUE D'),43.47658,-1.52629,Plein jour,En agglomération,Intersection en T,Normale,Deux véhicules - côté,3,2,2,0,1,1,1,0,1,50,2,2,1,0,0,1,23.0,66.0,deux_roues,voiture,1,2,3,1,3
202300043119,2023-07-21 01:32:00,2023,7,21,1,32,63,63113,Bd jean Jaurès/Rue Joseph Girod,45.76789,3.08407,Nuit avec éclairage allumé,En agglomération,Intersection en X,Normale,Deux véhicules - côté,4,1,2,1,1,1,1,0,1,30,2,2,1,0,0,1,49.0,21.0,voiture,voiture,5,2,2,1,3
202300043119,2023-07-21 01:32:00,2023,7,21,1,32,63,63113,Bd jean Jaurès/Rue Joseph Girod,45.76789,3.08407,Nuit avec éclairage allumé,En agglomération,Intersection en X,Normale,Deux véhicules - côté,4,1,3,1,1,1,1,0,1,50,2,2,1,0,0,1,49.0,21.0,voiture,voiture,5,2,2,1,3
202300043120,2023-07-18 17:30:00,2023,7,18,17,30,59,59512,DAMMARTIN (RUE),50.68222,3.17609,Plein jour,En agglomération,Intersection en X,Normale,Deux véhicules - côté,4,2,2,0,1,1,1,5,1,50,2,2,1,0,0,1,54.0,56.0,voiture,voiture,1,2,2,1,3
202300043120,2023-07-18 17:30:00,2023,7,18,17,30,59,59512,DAMMARTIN (RUE),50.68222,3.17609,Plein jour,En agglomération,Intersection en X,Normale,Deux véhicules - côté,4,2,2,0,1,1,1,5,1,50,2,2,1,0,0,1,54.0,56.0,voiture,voiture,1,2,2,1,3
202300043121,2023-07-21 16:50:00,2023,7,21,16,50,54,54439,Avenue Charles de Gaulle,48.70473,6.25016,Plein jour,En agglomération,Intersection en T,Normale,Deux véhicules - côté,4,2,2,1,1,1,1,-1,1,50,2,2,0,0,0,2,55.0,50.0,transport_commun,utilitaire_camion,1,2,3,1,3
202300043121,2023-07-21 16:50:00,2023,7,21,16,50,54,54439,Avenue Charles de Gaulle,48.70473,6.25016,Plein jour,En agglomération,Intersection en T,Normale,Deux véhicules - côté,4,2, -1,1,1,1,1,-1,1,30,2,2,0,0,0,2,55.0,50.0,transport_commun,utilitaire_camion,1,2,3,1,3
202300043122,2023-07-20 12:25:00,2023,7,20,12,25,51,51454,EPERNAY (AVENUE D') COTE IMPAIR,49.23245,4.01416,Plein jour,En agglomération,Hors intersection,Normale,Deux véhicules - côté,4,2,4,2,1,1,1,0,4,50,2,2,1,0,0,1,36.0,53.0,deux_roues,voiture,1,2,1,1,3
202300043123,2023-07-20 16:40:00,2023,7,20,16,40,50,50129,PARIS (AVENUE DE),49.63138,-1.61759,Plein jour,En agglomération,Hors intersection,Normale,Deux véhicules - arrière,3,3,0,0,1,1,1,0,1,50,2,2,1,0,0,1,18.0,50.0,deux_roues,voiture,1,2,1,1,2
202300043124,2023-07-20 13:15:00,2023,7,20,13,15,50,50129,MAHIEU (RUE ALBERT),49.63961,-1.62523,Plein jour,En agglomération,Hors intersection,Normale,Deux véhicules - côté,4,2,2,0,1,1,1,0,1,50,2,2,1,0,0,1,37.0,55.0,voiture,deux_roues,1,2,1,1,3
202300043125,2023-07-20 17:56:00,2023,7,20,17,56,49,49007,JEAN XXIII AVENUE,47.44556,-0.55788,Plein jour,En agglomération,Hors intersection,Normale,Autre collision,4,3,2,0,1,1,1,0,1,50,1,2,1,0,1,0,22.0,,voiture,,1,2,1,1,6
202300043126,2023-07-20 23:20:00,2023,7,20,23,20,42,42186,Pont Lamartine,45.52913,4.61606,Nuit avec éclairage allumé,En agglomération,Intersection en T,Normale,Deux véhicules - côté,4,2,2,0,1,1,1,0,1,50,2,4,2,0,0,2,25.0,30.0,voiture,voiture,5,2,3,1,3
202300043126,2023-07-20 23:20:00,2023,7,20,23,20,42,42186,Pont Lamartine,45.52913,4.61606,Nuit avec éclairage allumé,En agglomération,Intersection en T,Normale,Deux véhicules - côté,4,1,2,0,1,1,1,0,1,50,2,4,2,0,0,2,25.0,30.0,voiture,voiture,5,2,3,1,3
202300043127,2023-07-20 19:45:00,2023,7,20,19,45,42,42207,Boulevard Pierre Joannon,45.45538953,4.50579543,Plein jour,En agglomération,Intersection en X,Normale,Deux véhicules - côté,4,1,1,0,1,1,1,0,1,50,2,2,1,0,1,0,22.0,49.0,voiture,deux_roues,1,2,2,1,3
202300043127,2023-07-20 19:45:00,2023,7,20,19,45,42,42207,Boulevard Pierre Joannon,45.45538953,4.50579543,Plein jour,En agglomération,Intersection en X,Normale,Deux véhicules - côté,4,2,2,0,1,1,1,0,1,50,2,2,1,0,1,0,22.0,49.0,voiture,deux_roues,1,2,2,1,3
202300043128,2023-07-21 21:05:00,2023,7,21,21,5,42,42071,Avenue de la République,46.02616,4.09272,Crépuscule ou aube,En agglomération,Hors intersection,Normale,Autre collision,3,2,2,0,1,1,1,0,1,50,1,2,1,0,0,1,49.0,,voiture,,2,2,1,1,6
202300043129,2023-07-21 09:35:00,2023,7,21,9,35,41,41018,MOULIN (RUE JEAN),47.58626,1.32637,Plein jour,Hors agglomération,Hors intersection,Normale,Deux véhicules - côté,4,1,3,3,2,1,1,0,4,50,2,2,1,0,0,1,20.0,55.0,voiture,deux_roues,1,1,1,1,3
202300043130,2023-07-21 03:05:00,2023,7,21,3,5,38,38421,AVENUE POTIE,45.17266,5.75652,Nuit avec éclairage allumé,En agglomération,Hors intersection,Normale,Deux véhicules - frontale,7,2,2,0,1,1,1,0,1,30,2,2,1,0,1,0,40.0,25.0,deux_roues,voiture,5,2,1,1,1
202300043131,2023-07-21 19:45:00,2023,7,21,19,45,35,35238,GAYEULLES (SQUARE DES),48.12949,-1.65387,Plein jour,En agglomération,Intersection en X,Normale,Deux véhicules - côté,4,1,1,0,1,1,1,0,1,50,2,2,1,0,0,1,56.0,43.0,autre,deux_roues,1,2,2,1,3
202300043131,2023-07-21 19:45:00,2023,7,21,19,45,35,35238,GAYEULLES (SQUARE DES),48.12949,-1.65387,Plein jour,En agglomération,Intersection en X,Normale,Deux véhicules - côté,4,1,1,2,1,1,1,0,1,50,2,2,1,0,0,1,56.0,43.0,autre,deux_roues,1,2,2,1,3
202300043132,2023-07-21 08:10:00,2023,7,21,8,10,35,35238,ROCHESTER (AVENUE DE),48.12784,-1.65747,Plein jour,En agglomération,Intersection en X,Normale,Deux véhicules - côté,4,2,2,1,1,1,1,8,1,50,2,2,1,0,0,1,62.0,33.0,utilitaire_camion,deux_roues,1,2,2,1,3
202300043132,2023-07-21 08:10:00,2023,7,21,8,10,35,35238,ROCHESTER (AVENUE DE),48.12784,-1.65747,Plein jour,En agglomération,Intersection en X,Normale,Deux véhicules - côté,4,2,2,2,1,1,1,8,1,50,2,2,1,0,0,1,62.0,33.0,utilitaire_camion,deux_roues,1,2,2,1,3
202300043133,2023-07-20 22:28:00,2023,7,20,22,28,35,35238,CHATEAUBRIAND (QUAI),48.11023,-1.67516,Nuit avec éclairage allumé,En agglomération,Hors intersection,Pluie légère,Deux véhicules - côté,4,1,1,2,1,1,2,6,1,20,2,3,2,0,0,1,27.0,51.0,deux_roues,voiture,5,2,1,2,3
202300043134,2023-06-21 13:00:00,2023,6,21,13,0,80,80600,D111,50.186132,1.69904,Plein jour,Hors agglomération,Intersection en T,Temps éblouissant,Deux véhicules - arrière,3,1,1,0,1,1,1,0,1,80,2,2,1,0,1,0,63.0,61.0,deux_roues,deux_roues,1,1,3,7,2
202300043134,2023-06-21 13:00:00,2023,6,21,13,0,80,80600,D111,50.186132,1.69904,Plein jour,Hors agglomération,Intersection en T,Temps éblouissant,Deux véhicules - arrière,3,-1, -1,-1,-1,-1,-1,-1,-1,-1,2,2,1,0,1,0,63.0,61.0,deux_roues,deux_roues,1,1,3,7,2
202300043135,2023-06-21 15:45:00,2023,6,21,15,45,71,71240,,46.39966872,4.64990906,Plein jour,Hors agglomération,Hors intersection,Normale,Deux véhicules - côté,3,2,2,0,1,3,2,0,1,80,2,2,1,0,0,1,,15.0,utilitaire_camion,deux_roues,1,1,1,1,3
202300043136,2023-06-19 09:00:00,2023,6,19,9,0,89,89003,,47.87560567,3.35540344,Plein jour,En agglomération,Intersection en T,Normale,Deux véhicules - frontale,3,2,2,0,1,1,1,0,1,50,2,5,3,0,0,2,47.0,33.0,voiture,voiture,1,2,3,1,1
202300043136,2023-06-19 09:00:00,2023,6,19,9,0,89,89003,,47.87560567,3.35540344,Plein jour,En agglomération,Intersection en T,Normale,Deux véhicules - frontale,3,2,2,0,1,1,1,0,1,-1,2,5,3,0,0,2,47.0,33.0,voiture,voiture,1,2,3,1,1
202300043137,2023-06-21 13:15:00,2023,6,21,13,15,12,12052,37 Boulevard Paul Ramadier,44.571042,2.074694,Plein jour,En agglomération,Intersection en T,Normale,Deux véhicules - côté,4,2,2,0,1,1,1,0,1,50,2,2,1,0,0,1,50.0,23.0,voiture,deux_roues,1,2,3,1,3
202300043138,2023-06-16 16:00:00,2023,6,16,16,0,22,22203,Plœuc-L'Hermitage,48.32628982,-2.84137197,Plein jour,En agglomération,Hors intersection,Normale,Autre collision,3,2,2,0,1,3,1,0,1,50,1,1,0,0,1,0,85.0,,voiture,,1,2,1,1,6
202300043139,2023-06-21 15:00:00,2023,6,21,15,0,39,39193,Route de Chaussin,46.949944,5.498582,Plein jour,En agglomération,Hors intersection,Pluie légère,Deux véhicules - frontale,3,2,2,1,1,2,2,0,1,50,2,2,1,1,0,0,65.0,15.0,utilitaire_camion,deux_roues,1,2,1,2,1
202300043140,2023-06-20 21:20:00,2023,6,20,21,20,25,25442,D129,46.84286,6.333382,Nuit sans éclairage public,Hors agglomération,Hors intersection,Normale,Autre collision,3,2,2,0,1,2,1,0,3,80,1,1,0,0,1,0,20.0,,deux_roues,,3,1,1,1,6
202300043141,2023-06-19 18:20:00,2023,6,19,18,20,44,44101,Rond-point du chat qui guette ,47.19199451,-1.69615924,Plein jour,En agglomération,Giratoire,Normale,Sans collision,7,-1,2,0,2,2,1,0,1,-1,1,1,0,0,1,0,37.0,,deux_roues,,1,2,6,1,7
202300043142,2023-06-20 23:45:00,2023,6,20,23,45,44,44212,,47.1552,-1.255531,Nuit sans éclairage public,Hors agglomération,Hors intersection,Normale,Deux véhicules - frontale,2,2,2,0,1,1,1,8,1,80,2,3,0,0,3,0,22.0,33.0,utilitaire_camion,voiture,3,1,1,1,1