accident_id,datetime,annee,mois,jour,heure,minute,departement,commune_insee,adresse,latitude,longitude,luminosite,agglomeration,intersection,meteo,collision,catr,circ,nbv,vosp,prof,plan,surf,infra,situ,vma,nb_vehicules,nb_usagers,nb_indemnes,nb_tues,nb_blesses_hosp,nb_blesses_legers,age_cond_1,age_cond_2,veh_type_cond_1,veh_type_cond_2,lum_code,agg_code,int_code,atm_code,col_code
202300043224,2023-06-19 16:15:00,2023,6,19,16,15,82,82121,Chemin de LAMOTHE,44.06302,1.38611,Plein jour,Hors agglomération,Intersection en T,Normale,Deux véhicules - côté,4,2,2,0,1,1,1,0,1,80,2,2,1,0,1,0,19.0,77.0,utilitaire_camion,voiture,1,1,3,1,3
202300043224,2023-06-19 16:15:00,2023,6,19,16,15,82,82121,Chemin de LAMOTHE,44.06302,1.38611,Plein jour,Hors agglomération,Intersection en T,Normale,Deux véhicules - côté,4,2,2,0,1,1,1,0,1,70,2,2,1,0,1,0,19.0,77.0,utilitaire_camion,voiture,1,1,3,1,3
202300043225,2023-06-15 19:20:00,2023,6,15,19,20,81,81033,BLAYE ( AVENUE DE ),44.0430569,2.1265293,Plein jour,Hors agglomération,Hors intersection,Normale,Deux véhicules - frontale,3,2,2,0,2,2,1,0,1,50,2,2,0,0,0,2,54.0,31.0,voiture,voiture,1,1,1,1,1
202300043226,2023-06-16 19:50:00,2023,6,16,19,50,80,80021,PAIX (AVENUE DE LA),49.91167,2.30602,Plein jour,En agglomération,Intersection en T,Normale,Deux véhicules - côté,4,2, -1,-1,1,1,1,0,1,-1,2,2,1,0,1,0,61.0,29.0,voiture,deux_roues,1,2,3,1,3
202300043226,2023-06-16 19:50:00,2023,6,16,19,50,80,80021,PAIX (AVENUE DE LA),49.91167,2.30602,Plein jour,En agglomération,Intersection en T,Normale,Deux véhicules - côté,4,2,2,0,1,1,1,0,1,50,2,2,1,0,1,0,61.0,29.0,voiture,deux_roues,1,2,3,1,3
202300043227,2023-06-13 11:20:00,2023,6,13,11,20,80,80021,ALEXANDRE DUMAS (RUE),49.87465,2.28653,Plein jour,En agglomération,Hors intersection,Normale,Autre collision,4,2,2,0,1,1,1,0,1,50,1,2,1,0,0,1,89.0,,voiture,,1,2,1,1,6
202300043228,2023-06-20 00:45:00,2023,6,20,0,45,78,78481,CHARLES DE GAULLE (RUE),48.88942,2.10386,Nuit avec éclairage allumé,En agglomération,Giratoire,Normale,Deux véhicules - côté,3,3,5,0,1,1,1,0,1,50,2,3,1,0,0,2,39.0,25.0,transport_commun,voiture,5,2,6,1,3
202300043228,2023-06-20 00:45:00,2023,6,20,0,45,78,78481,CHARLES DE GAULLE (RUE),48.88942,2.10386,Nuit avec éclairage allumé,En agglomération,Giratoire,Normale,Deux véhicules - côté,3,2, -1,-1,1,4,1,5,1,-1,2,3,1,0,0,2,39.0,25.0,transport_commun,voiture,5,2,6,1,3
202300043229,2023-06-19 18:20:00,2023,6,19,18,20,78,78172,DE GAULLE (BD DU GENERAL),49.00705,2.11846,Plein jour,En agglomération,Intersection en T,Normale,Deux véhicules - côté,4,1,3,0,1,1,1,0,1,50,2,4,1,0,0,3,75.0,20.0,voiture,utilitaire_camion,1,2,3,1,3
202300043229,2023-06-19 18:20:00,2023,6,19,18,20,78,78172,DE GAULLE (BD DU GENERAL),49.00705,2.11846,Plein jour,En agglomération,Intersection en T,Normale,Deux véhicules - côté,4,2,3,0,1,1,1,0,1,50,2,4,1,0,0,3,75.0,20.0,voiture,utilitaire_camion,1,2,3,1,3
202300043230,2023-06-19 07:25:00,2023,6,19,7,25,77,77495,D346,48.55735,2.61111,Crépuscule ou aube,Hors agglomération,Hors intersection,Temps couvert,Autre collision,3,2,2,0,1,1,9,0,1,90,1,1,0,1,0,0,21.0,,voiture,,2,1,1,8,6
202300043231,2023-06-19 08:39:00,2023,6,19,8,39,77,77335,RN3 (ROUTE NATIONALE),48.95665,2.85791,Plein jour,Hors agglomération,Hors intersection,Normale,Deux véhicules - côté,2,1,3,0,1,3,1,0,1,50,2,2,1,0,0,1,26.0,24.0,utilitaire_camion,utilitaire_camion,1,1,1,1,3
202300043232,2023-06-18 06:55:00,2023,6,18,6,55,76,76351,IENA (D'),49.49147,0.13572,Crépuscule ou aube,En agglomération,Hors intersection,Normale,Autre collision,4,2,1,0,1,1,1,0,4,30,1,2,1,0,1,0,27.0,,voiture,,2,2,1,1,6
202300043233,2023-06-18 19:20:00,2023,6,18,19,20,76,76447,RD 6382,49.52516,0.18294,Plein jour,Hors agglomération,Hors intersection,Pluie légère,Autre collision,3,3,2,0,1,3,3,0,1,70,1,1,0,0,0,1,19.0,,voiture,,1,1,1,2,6
202300043234,2023-06-17 15:45:00,2023,6,17,15,45,76,76351,DEMIDOFF (RUE),49.49761,0.13743,Plein jour,En agglomération,Intersection en X,Normale,Deux véhicules - côté,4,2,2,0,1,1,1,0,1,50,2,3,1,0,0,2,31.0,36.0,voiture,voiture,1,2,2,1,3
202300043234,2023-06-17 15:45:00,2023,6,17,15,45,76,76351,DEMIDOFF (RUE),49.49761,0.13743,Plein jour,En agglomération,Intersection en X,Normale,Deux véhicules - côté,4,1,2,0,1,1,1,0,1,50,2,3,1,0,0,2,31.0,36.0,voiture,voiture,1,2,2,1,3
202300043235,2023-06-16 21:05:00,2023,6,16,21,5,76,76305,ELSA TRIOLET,49.50434,0.23527,Plein jour,En agglomération,Hors intersection,Normale,Autre collision,4,2,2,0,1,1,1,0,1,50,2,2,1,0,0,1,37.0,14.0,voiture,deux_roues,1,2,1,1,6
202300043236,2023-06-10 22:20:00,2023,6,10,22,20,74,74012,BONNEVILLE (ROUTE DE),46.18612,6.23641,Nuit avec éclairage allumé,En agglomération,Intersection en X,Normale,Deux véhicules - côté,4,2,2,0,1,1,1,0,1,50,2,3,1,0,0,2,25.0,19.0,deux_roues,voiture,5,2,2,1,3
202300043236,2023-06-10 22:20:00,2023,6,10,22,20,74,74012,BONNEVILLE (ROUTE DE),46.18612,6.23641,Nuit avec éclairage allumé,En agglomération,Intersection en X,Normale,Deux véhicules - côté,4,2,2,0,1,1,1,0,1,50,2,3,1,0,0,2,25.0,19.0,deux_roues,voiture,5,2,2,1,3
202300043237,2023-06-19 19:30:00,2023,6,19,19,30,74,74012,FERRY (AVENUE JULES),46.19,6.23,Plein jour,En agglomération,Hors intersection,Normale,Deux véhicules - arrière,4,1,1,0,1,1,1,0,1,50,2,2,1,0,0,1,52.0,41.0,voiture,voiture,1,2,1,1,2
202300043238,2023-06-12 20:03:00,2023,6,12,20,3,72,72181,GALOPIERE (RUE DE LA),47.98,0.18664,Plein jour,En agglomération,Hors intersection,Normale,Autre collision,4,2,2,0,1,1,1,0,4,50,1,1,0,0,0,1,34.0,,voiture,,1,2,1,1,6
202300043239,2023-06-18 05:35:00,2023,6,18,5,35,72,72095,COCTEAU JEAN (RUE),48.0293,0.20139,Crépuscule ou aube,En agglomération,Hors intersection,Normale,Deux véhicules - arrière,4,2,2,0,2,1,1,0,1,50,2,2,1,0,0,1,,19.0,voiture,deux_roues,2,2,1,1,2
202300043240,2023-06-18 14:45:00,2023,6,18,14,45,72,72181,JAURES JEAN (AV) N° PAIRS 60 ET >,47.993548,0.204308,Plein jour,En agglomération,Autre intersection,Normale,Autre collision,4,1,2,0,1,1,1,0,1,50,1,2,1,0,0,1,,,deux_roues,,1,2,9,1,6
202300043241,2023-06-17 00:25:00,2023,6,17,0,25,72,72181,ESTIENNE D'ORVES (BD D'),47.986,0.18219,Nuit avec éclairage allumé,En agglomération,Hors intersection,Normale,Autre collision,4,3,4,0,3,3,1,2,3,70,1,1,0,0,0,1,20.0,,voiture,,5,2,1,1,6
202300043242,2023-06-16 00:12:00,2023,6,16,0,12,71,71040,FELIX CLERC (RUE),46.69599,4.38524,Nuit avec éclairage allumé,En agglomération,Hors intersection,Normale,Autre collision,4,-1,2,0,1,1,1,8,1,50,1,1,0,0,0,1,31.0,,voiture,,5,2,1,1,6
202300043243,2023-06-17 21:00:00,2023,6,17,21,0,69,69029,Route de Genas,45.75108,4.90723,Plein jour,En agglomération,Hors intersection,Normale,Deux véhicules - côté,7,2,7,0,1,1,1,0,1,50,2,3,0,0,0,3,38.0,26.0,voiture,voiture,1,2,1,1,3
202300043244,2023-06-17 13:45:00,2023,6,17,13,45,69,69271,Avenue des Tarentelles,45.7389824,4.95897522,Plein jour,En agglomération,Intersection en T,Normale,Trois véhicules et plus - collisions multiples,4,2,2,0,1,1,1,0,1,50,3,5,1,0,1,3,26.0,44.0,voiture,voiture,1,2,3,1,5
202300043244,2023-06-17 13:45:00,2023,6,17,13,45,69,69271,Avenue des Tarentelles,45.7389824,4.95897522,Plein jour,En agglomération,Intersection en T,Normale,Trois véhicules et plus - collisions multiples,4,2,2,2,1,1,1,0,1,50,3,5,1,0,1,3,26.0,44.0,voiture,voiture,1,2,3,1,5
202300043245,2023-06-17 11:20:00,2023,6,17,11,20,69,69259,Boulevard Laurent Bonnevay,45.72014,4.88151,Plein jour,Hors agglomération,Autre intersection,Normale,Trois véhicules et plus - en chaîne,7,3,8,0,1,1,1,0,8,70,3,8,5,0,0,3,20.0,40.0,voiture,voiture,1,1,9,1,4
202300043246,2023-06-17 04:54:00,2023,6,17,4,54,69,69029,Avenue Franklin Roosevelt,45.73444,4.90611,Nuit avec éclairage allumé,En agglomération,Hors intersection,Normale,Deux véhicules - arrière,4,2,2,3,1,1,1,0,1,50,2,3,0,0,0,3,27.0,20.0,voiture,voiture,5,2,1,1,2
202300043247,2023-06-18 03:05:00,2023,6,18,3,5,67,67267,ALFRED KASTLER (RUE),48.54998,7.68878,Nuit avec éclairage allumé,En agglomération,Hors intersection,Normale,Autre collision,4,3,2,0,1,1,1,0,1,50,1,1,0,0,1,0,21.0,,deux_roues,,5,2,1,1,6
202300043248,2023-06-14 16:00:00,2023,6,14,16,0,67,67043,PERIGUEUX (AVENUE DE),48.61422,7.74773,Plein jour,En agglomération,Hors intersection,Normale,Deux véhicules - arrière,4,2,2,0,1,1,1,0,1,50,2,2,1,0,0,1,16.0,47.0,deux_roues,voiture,1,2,1,1,2
202300043249,2023-06-18 13:08:00,2023,6,18,13,8,67,67180,BISCHWILLER (ROUTE DE),48.80893611,7.79836178,Plein jour,En agglomération,Hors intersection,Normale,Autre collision,4,2,2,0,1,1,1,0,1,50,1,1,0,0,1,0,54.0,,deux_roues,,1,2,1,1,6
202300043250,2023-06-17 15:00:00,2023,6,17,15,0,66,66136,,42.69534,2.88882,Plein jour,En agglomération,Hors intersection,Normale,Deux véhicules - côté,4,2,4,0,1,1,1,0,1,50,2,2,1,0,0,1,30.0,50.0,deux_roues,voiture,1,2,1,1,3
202300043251,2023-06-16 23:25:00,2023,6,16,23,25,66,66136,,42.6905,2.87437,Nuit avec éclairage allumé,En agglomération,Hors intersection,Normale,Autre collision,4,2,2,0,1,1,1,0,1,50,1,2,1,0,0,1,,,voiture,,5,2,1,1,6
202300043252,2023-06-16 19:49:00,2023,6,16,19,49,66,66136,,42.663641,2.89043,Plein jour,En agglomération,Hors intersection,Normale,Autre collision,4,2,2,0,1,1,1,0,1,50,1,1,0,0,0,1,49.0,,deux_roues,,1,2,1,1,6
202300043253,2023-06-19 09:14:00,2023,6,19,9,14,64,64024,BARTHES (RUE DES),43.48421,-1.50676,Plein jour,En agglomération,Intersection en T,Pluie légère,Deux véhicules - côté,4,2,2,0,1,1,2,0,8,30,2,2,1,0,0,1,30.0,44.0,voiture,deux_roues,1,2,3,2,3
202300043253,2023-06-19 09:14:00,2023,6,19,9,14,64,64024,BARTHES (RUE DES),43.48421,-1.50676,Plein jour,En agglomération,Intersection en T,Pluie légère,Deux véhicules - côté,4,2,2,0,1,3,2,0,8,30,2,2,1,0,0,1,30.0,44.0,voiture,deux_roues,1,2,3,2,3
202300043254,2023-06-16 04:50:00,2023,6,16,4,50,62,62262,D 941,50.51334,2.751674,Crépuscule ou aube,En agglomération,Intersection en X,Normale,Trois véhicules et plus - en chaîne,3,-1,2,0,1,1,1,0,1,50,3,3,1,1,0,1,23.0,36.0,deux_roues,voiture,2,2,2,1,4
202300043254,2023-06-16 04:50:00,2023,6,16,4,50,62,62262,D 941,50.51334,2.751674,Crépuscule ou aube,En agglomération,Intersection en X,Normale,Trois véhicules et plus - en chaîne,3,2,2,0,1,1,1,0,1,50,3,3,1,1,0,1,23.0,36.0,deux_roues,voiture,2,2,2,1,4
202300043255,2023-06-19 18:15:00,2023,6,19,18,15,61,61497,Voie Communale,48.46654,0.0866,Plein jour,Hors agglomération,Hors intersection,Normale,Autre collision,4,-1,2,0,1,2,1,0,1,80,1,1,0,0,0,1,18.0,,deux_roues,,1,1,1,1,6
202300043256,2023-06-23 16:35:00,2023,6,23,16,35,60,60159,Rue du Grand Ferré,49.418419,2.822924,Plein jour,En agglomération,Hors intersection,Normale,Autre collision,4,1,1,0,1,1,1,0,1,30,1,2,1,0,1,0,22.0,,voiture,,1,2,1,1,6
202300043257,2023-06-19 19:45:00,2023,6,19,19,45,59,59367,PARC DES SPORTS (AVENUE DU),50.67588404,3.20407033,Plein jour,En agglomération,Intersection en T,Normale,Deux véhicules - côté,4,2,2,0,1,1,1,0,1,50,2,3,2,0,0,1,43.0,26.0,voiture,deux_roues,1,2,3,1,3
202300043257,2023-06-19 19:45:00,2023,6,19,19,45,59,59367,PARC DES SPORTS (AVENUE DU),50.67588404,3.20407033,Plein jour,En agglomération,Intersection en T,Normale,Deux véhicules - côté,4,2,0,0,1,1,1,0,1,30,2,3,2,0,0,1,43.0,26.0,voiture,deux_roues,1,2,3,1,3
202300043258,2023-06-19 12:40:00,2023,6,19,12,40,59,59599,GUERRE (RUE FIN DE LA),50.728535,3.147175,Plein jour,En agglomération,Intersection en T,Normale,Deux véhicules - côté,4,2,1,0,1,1,1,0,1,50,2,4,2,0,0,2,39.0,25.0,voiture,voiture,1,2,3,1,3
202300043258,2023-06-19 12:40:00,2023,6,19,12,40,59,59599,GUERRE (RUE FIN DE LA),50.728535,3.147175,Plein jour,En agglomération,Intersection en T,Normale,Deux véhicules - côté,4,2,2,3,1,1,1,0,1,50,2,4,2,0,0,2,39.0,25.0,voiture,voiture,1,2,3,1,3
202300043259,2023-06-16 15:15:00,2023,6,16,15,15,54,54498,Rue des Grands Prés,48.71376959,6.25082374,Plein jour,En agglomération,Intersection en T,Temps éblouissant,Autre collision,4,-1,2,0,1,3,1,0,1,50,1,2,1,0,0,1,66.0,,voiture,,1,2,3,7,6
202300043259,2023-06-16 15:15:00,2023,6,16,15,15,54,54498,Rue des Grands Prés,48.71376959,6.25082374,Plein jour,En agglomération,Intersection en T,Temps éblouissant,Autre collision,4,2,4,0,1,1,1,0,1,50,1,2,1,0,0,1,66.0,,voiture,,1,2,3,7,6
202300043260,2023-06-17 16:40:00,2023,6,17,16,40,51,51454,CHANZY (RUE),49.25263,4.03157,Plein jour,En agglomération,Hors intersection,Normale,Deux véhicules - côté,4,2,2,0,1,1,1,0,1,30,2,3,2,0,0,1,33.0,34.0,deux_roues,voiture,1,2,1,1,3
202300043261,2023-06-16 18:10:00,2023,6,16,18,10,51,51172,TAISSY (ROUTE),49.220984,4.061151,Plein jour,En agglomération,Hors intersection,Normale,Sans collision,4,2,2,0,1,1,1,0,4,50,1,1,0,0,0,1,24.0,,deux_roues,,1,2,1,1,7
202300043262,2023-06-16 15:25:00,2023,6,16,15,25,51,51454,LAON (AVENUE) DU N° 51 A 217 ET DU N° 62,49.26481,4.02653,Plein jour,En agglomération,Hors intersection,Normale,Trois véhicules et plus - collisions multiples,4,1,1,0,1,1,1,0,1,50,3,3,2,0,0,1,18.0,32.0,voiture,deux_roues,1,2,1,1,5
202300043263,2023-06-15 15:14:00,2023,6,15,15,14,51,51454,PAIX (BOULEVARD DE LA),49.251627,4.041609,Plein jour,En agglomération,Hors intersection,Normale,Deux véhicules - côté,4,2,4,0,1,1,1,0,1,50,2,2,1,0,0,1,39.0,32.0,deux_roues,voiture,1,2,1,1,3
202300043264,2023-06-18 17:10:00,2023,6,18,17,10,50,50129,NORMANDIE (AVENUE DE),49.62626,-1.62937,Plein jour,En agglomération,Hors intersection,Normale,Autre collision,4,2,2,0,1,1,2,0,1,50,1,2,1,0,0,1,44.0,,voiture,,1,2,1,1,6
202300043265,2023-06-17 14:55:00,2023,6,17,14,55,49,49353,PAPERIE,47.45412,-0.51608,Plein jour,En agglomération,Hors intersection,Normale,Deux véhicules - frontale,1,1,2,0,1,3,1,0,1,70,2,4,0,0,0,4,21.0,45.0,voiture,voiture,1,2,1,1,1
202300043266,2023-06-17 08:59:00,2023,6,17,8,59,49,49007,LECUIT,47.49055,-0.56463,Plein jour,En agglomération,Giratoire,Normale,Deux véhicules - côté,4,1,1,0,1,3,1,0,1,50,2,2,1,0,0,1,45.0,32.0,voiture,deux_roues,1,2,6,1,3
202300043266,2023-06-17 08:59:00,2023,6,17,8,59,49,49007,LECUIT,47.49055,-0.56463,Plein jour,En agglomération,Giratoire,Normale,Deux véhicules - côté,4,2,2,0,1,1,1,0,1,50,2,2,1,0,0,1,45.0,32.0,voiture,deux_roues,1,2,6,1,3
202300043267,2023-06-16 14:11:00,2023,6,16,14,11,49,49007,MONTAIGNE AVENUE,47.4666,-0.52576,Plein jour,En agglomération,Giratoire,Normale,Autre collision,4,3,4,0,1,1,1,0,1,50,1,2,1,0,0,1,87.0,,voiture,,1,2,6,1,6
202300043268,2023-06-14 17:50:00,2023,6,14,17,50,48,48095,PIENCOURT (ALLEE),44.52031919,3.50359932,Plein jour,En agglomération,Intersection en T,Normale,Deux véhicules - frontale,3,1,3,0,1,2,1,0,1,50,2,3,1,0,1,1,15.0,45.0,deux_roues,voiture,1,2,3,1,1
202300043268,2023-06-14 17:50:00,2023,6,14,17,50,48,48095,PIENCOURT (ALLEE),44.52031919,3.50359932,Plein jour,En agglomération,Intersection en T,Normale,Deux véhicules - frontale,3,2,3,0,1,1,1,0,1,50,2,3,1,0,1,1,15.0,45.0,deux_roues,voiture,1,2,3,1,1
202300043269,2023-06-19 15:45:00,2023,6,19,15,45,45,45285,122 Rue des Agates,47.920525,1.878159,Plein jour,En agglomération,Hors intersection,Pluie légère,Autre collision,4,2,2,0,1,1,2,0,1,50,1,2,1,0,0,1,19.0,,voiture,,1,2,1,2,6
202300043270,2023-06-14 15:30:00,2023,6,14,15,30,43,43157,Av du General Charles de Gaulle,45.041098,3.88274,Plein jour,En agglomération,Hors intersection,Normale,Autre collision,4,2,2,0,1,1,1,9,8,30,1,2,1,0,0,1,20.0,,voiture,,1,2,1,1,6
202300043271,2023-06-19 11:58:00,2023,6,19,11,58,37,37261,HALLES (RUE DES),47.39373,0.68615,Plein jour,En agglomération,Hors intersection,Normale,Autre collision,4,1,1,0,1,1,1,6,1,50,1,2,1,0,0,1,54.0,,utilitaire_camion,,1,2,1,1,6
202300043272,2023-06-19 14:50:00,2023,6,19,14,50,35,35278,GROS MALHON (AVENUE),48.13659961,-1.68622568,Plein jour,En agglomération,Hors intersection,Normale,Deux véhicules - côté,4,2,2,2,2,1,1,0,1,50,2,2,1,0,0,1,58.0,27.0,voiture,deux_roues,1,2,1,1,3
202300043273,2023-06-17 21:55:00,2023,6,17,21,55,33,33281,Rue Emile Combes,44.83257101,-0.61258703,Nuit avec éclairage allumé,En agglomération,Intersection en X,Pluie forte,Deux véhicules - côté,4,1,1,0,1,1,2,0,1,30,2,3,1,0,0,2,58.0,16.0,voiture,deux_roues,5,2,2,3,3
202300043273,2023-06-17 21:55:00,2023,6,17,21,55,33,33281,Rue Emile Combes,44.83257101,-0.61258703,Nuit avec éclairage allumé,En agglomération,Intersection en X,Pluie forte,Deux véhicules - côté,4,1,1,2,1,1,2,0,1,30,2,3,1,0,0,2,58.0,16.0,voiture,deux_roues,5,2,2,3,3
202300043274,2023-06-15 07:56:00,2023,6,15,7,56,33,33249,Quai Chaigneau Bichon,44.87930256,-0.53322181,Plein jour,En agglomération,Intersection en T,Normale,Deux véhicules - côté,4,2, -1,-1,1,1,1,0,1,-1,2,2,1,0,0,1,22.0,47.0,deux_roues,utilitaire_camion,1,2,3,1,3
202300043274,2023-06-15 07:56:00,2023,6,15,7,56,33,33249,Quai Chaigneau Bichon,44.87930256,-0.53322181,Plein jour,En agglomération,Intersection en T,Normale,Deux véhicules - côté,4,2,2,0,1,2,1,0,1,30,2,2,1,0,0,1,22.0,47.0,deux_roues,utilitaire_camion,1,2,3,1,3
202300043275,2023-06-19 08:10:00,2023,6,19,8,10,30,30007,STALINGRAD (AVENUE DE),44.12492,4.08903,Plein jour,En agglomération,Intersection en X,Normale,Deux véhicules - côté,4,1,1,0,1,1,1,0,1,30,2,2,1,0,0,1,14.0,69.0,deux_roues,voiture,1,2,2,1,3
202300043275,2023-06-19 08:10:00,2023,6,19,8,10,30,30007,STALINGRAD (AVENUE DE),44.12492,4.08903,Plein jour,En agglomération,Intersection en X,Normale,Deux véhicules - côté,4,2,2,0,1,1,1,0,1,30,2,2,1,0,0,1,14.0,69.0,deux_roues,voiture,1,2,2,1,3
202300043276,2023-06-18 13:20:00,2023,6,18,13,20,29,29019,rue de Valmy,48.40077,-4.46691,Plein jour,En agglomération,Hors intersection,Normale,Autre collision,4,-1,2,0,2,1,1,0,1,50,1,1,0,0,0,1,19.0,,voiture,,1,2,1,1,6
202300043277,2023-06-09 14:33:00,2023,6,9,14,33,29,29019,boulevard Léon Blum,48.40238,-4.484157,Plein jour,En agglomération,Hors intersection,Normale,Autre collision,4,-1,4,0,1,1,1,0,1,50,1,2,1,0,0,1,68.0,,voiture,,1,2,1,1,6
202300043278,2023-06-15 07:45:00,2023,6,15,7,45,27,27681,BONNARD (RUE PIERRE),49.10038,1.48744,Plein jour,En agglomération,Hors intersection,Normale,Autre collision,4,2,2,0,1,1,1,0,1,30,1,1,0,0,0,1,35.0,,deux_roues,,1,2,1,1,6
202300043279,2023-06-02 02:45:00,2023,6,2,2,45,22,22113,MAIRIE (RUE DE LA),48.73221,-3.45894,Nuit sans éclairage public,En agglomération,Hors intersection,Normale,Autre collision,4,1,1,0,1,1,1,0,1,30,1,2,1,0,0,1,,,voiture,,3,2,1,1,6
202300043280,2023-06-12 21:35:00,2023,6,12,21,35,19,19031,POMPIDOU (AVENUE GEORGES),45.1577,1.54499,Plein jour,En agglomération,Hors intersection,Pluie légère,Autre collision,4,2,2,0,1,1,2,0,1,50,1,2,0,0,1,1,42.0,,voiture,,1,2,1,2,6
202300043281,2023-06-15 17:30:00,2023,6,15,17,30,17,17300,SENAC DE MEILHAN   RUE,46.15032,-1.15216,Plein jour,En agglomération,Autre intersection,Normale,Sans collision,5,2,2,0,1,1,1,8,8,50,1,1,0,1,0,0,87.0,,voiture,,1,2,9,1,7
202300043282,2023-06-19 18:10:00,2023,6,19,18,10,13,13019,ROUTE DE RANS,43.43355,5.3794,Plein jour,Hors agglomération,Hors intersection,Normale,Deux véhicules - frontale,3,2,2,0,2,2,1,0,1,70,2,3,0,0,0,3,37.0,45.0,voiture,voiture,1,1,1,1,1
202300043283,2023-06-19 18:40:00,2023,6,19,18,40,13,13203,NATIONAL (BOULEVARD),43.3088,5.38062,Plein jour,En agglomération,Hors intersection,Normale,Deux véhicules - arrière,4,-1,2,0,1,1,1,0,1,50,2,3,1,0,0,2,,,voiture,,1,2,1,1,2
202300043284,2023-06-19 08:40:00,2023,6,19,8,40,13,13203,PLOMBIERES (BOULEVARD DES),43.32016,5.37742,Plein jour,En agglomération,Autre intersection,Normale,Deux véhicules - arrière,4,1,3,0,4,1,1,0,1,50,2,3,2,0,0,1,50.0,21.0,voiture,utilitaire_camion,1,2,9,1,2
202300043285,2023-06-18 03:25:00,2023,6,18,3,25,13,13210,ELIE WIESEL (BD),43.27677,5.42625,Nuit avec éclairage allumé,En agglomération,Hors intersection,Normale,Sans collision,4,1,0,0,1,3,1,1,1,50,1,1,0,0,1,0,25.0,,deux_roues,,5,2,1,1,7
202300043286,2023-06-16 22:30:00,2023,6,16,22,30,13,13206,GENES (RUE DE),43.2833635,5.38578486,Nuit avec éclairage allumé,En agglomération,Hors intersection,Normale,Autre collision,4,1,1,0,1,1,1,0,1,30,1,2,1,0,0,1,,,deux_roues,,5,2,1,1,6
202300043287,2023-06-19 12:00:00,2023,6,19,12,0,13,13063,QUENOUILLE RUE DE LA,43.58994,4.99401,Plein jour,En agglomération,Autre intersection,Normale,Deux véhicules - côté,4,2,2,0,1,1,1,6,1,30,2,2,1,0,0,1,27.0,11.0,voiture,deux_roues,1,2,9,1,3
202300043288,2023-06-15 17:30:00,2023,6,15,17,30,13,13005,LAGUNAS (AVENUE SIMON),43.2938,5.5636,Plein jour,En agglomération,Hors intersection,Normale,Deux véhicules - côté,4,2,2,0,2,1,1,0,1,30,2,2,0,0,0,2,47.0,61.0,voiture,voiture,1,2,1,1,3
202300043289,2023-06-15 20:00:00,2023,6,15,20,0,11,11262,18 Avenue Elie Sermet,43.187043,3.010546,Plein jour,En agglomération,Intersection en T,Normale,Deux véhicules - côté,4,1,1,0,1,1,1,9,1,50,2,2,1,0,1,0,25.0,26.0,deux_roues,voiture,1,2,3,1,3
202300043289,2023-06-15 20:00:00,2023,6,15,20,0,11,11262,18 Avenue Elie Sermet,43.187043,3.010546,Plein jour,En agglomération,Intersection en T,Normale,Deux véhicules - côté,4,2,1,0,1,1,1,9,1,50,2,2,1,0,1,0,25.0,26.0,deux_roues,voiture,1,2,3,1,3
202300043290,2023-06-15 19:10:00,2023,6,15,19,10,11,11069,2 Avenue du Souvenir Francais,43.20849,2.38383,Plein jour,En agglomération,Intersection en T,Normale,Deux véhicules - côté,4,-1, -1,-1,1,1,1,0,1,-1,2,2,1,0,0,1,45.0,35.0,voiture,voiture,1,2,3,1,3
202300043290,2023-06-15 19:10:00,2023,6,15,19,10,11,11069,2 Avenue du Souvenir Francais,43.20849,2.38383,Plein jour,En agglomération,Intersection en T,Normale,Deux véhicules - côté,4,2,2,0,1,1,1,0,1,50,2,2,1,0,0,1,45.0,35.0,voiture,voiture,1,2,3,1,3
202300043291,2023-06-19 08:01:00,2023,6,19,8,1,10,10387,VOULDY (CHAUSSEE DU),48.2919,4.08663,Plein jour,En agglomération,Hors intersection,Normale,Deux véhicules - arrière,4,2,4,2,1,1,1,0,5,50,2,2,1,1,0,0,77.0,56.0,deux_roues,voiture,1,2,1,1,2
202300043292,2023-06-17 08:05:00,2023,6,17,8,5,10,10387,VICTOR HUGO (RUE),48.29343,4.06873,Plein jour,En agglomération,Intersection en T,Normale,Deux véhicules - côté,4,1,2,0,2,1,1,0,1,50,2,2,1,0,1,0,57.0,37.0,voiture,deux_roues,1,2,3,1,3
202300043292,2023-06-17 08:05:00,2023,6,17,8,5,10,10387,VICTOR HUGO (RUE),48.29343,4.06873,Plein jour,En agglomération,Intersection en T,Normale,Deux véhicules - côté,4,2,4,0,1,1,1,0,1,50,2,2,1,0,1,0,57.0,37.0,voiture,deux_roues,1,2,3,1,3
202300043293,2023-06-16 18:15:00,2023,6,16,18,15,10,10387,PIERRE BROSSOLETTE (RUE),48.29238,4.07408,Plein jour,En agglomération,Hors intersection,Normale,Deux véhicules - côté,4,2,2,0,1,1,1,0,1,50,2,2,1,0,0,1,37.0,40.0,voiture,deux_roues,1,2,1,1,3
202300043294,2023-06-19 13:30:00,2023,6,19,13,30,06,06088,GLORIA (AV.),43.69147,7.24331,Plein jour,En agglomération,Hors intersection,Normale,Deux véhicules - arrière,4,2,2,2,1,1,1,0,1,50,2,3,2,0,0,1,18.0,17.0,voiture,voiture,1,2,1,1,2
202300043295,2023-06-19 08:30:00,2023,6,19,8,30,06,06069,CHAPELLE SAINT ANTOINE (CHEMIN DE LA),43.645932,6.932297,Plein jour,En agglomération,Hors intersection,Normale,Trois véhicules et plus - en chaîne,4,2,2,0,1,1,1,0,1,30,3,3,1,0,0,2,52.0,44.0,utilitaire_camion,voiture,1,2,1,1,4
202300043296,2023-06-19 13:27:00,2023,6,19,13,27,06,06027,GARE AVENUE DE LA,43.65857,7.14768,Plein jour,En agglomération,Hors intersection,Normale,Deux véhicules - côté,4,-1,0,0,1,1,1,0,1,50,2,2,1,0,0,1,52.0,41.0,deux_roues,transport_commun,1,2,1,1,3