accident_id,datetime,annee,mois,jour,heure,minute,departement,commune_insee,adresse,latitude,longitude,luminosite,agglomeration,intersection,meteo,collision,catr,circ,nbv,vosp,prof,plan,surf,infra,situ,vma,nb_vehicules,nb_usagers,nb_indemnes,nb_tues,nb_blesses_hosp,nb_blesses_legers,age_cond_1,age_cond_2,veh_type_cond_1,veh_type_cond_2,lum_code,agg_code,int_code,atm_code,col_code
202300043297,2023-06-19 13:15:00,2023,6,19,13,15,75,75117,BD PERIPHERIQUE INTERIEUR,48.885193,2.287302,Plein jour,En agglomération,Hors intersection,Normale,Trois véhicules et plus - en chaîne,4,-1,4,0,1,1,1,0,1,70,3,3,2,0,0,1,33.0,48.0,utilitaire_camion,voiture,1,2,1,1,4
202300043298,2023-06-19 09:40:00,2023,6,19,9,40,75,75116,BD PERIPHERIQUE INTERIEUR,48.869784,2.271684,Plein jour,En agglomération,Hors intersection,Normale,Deux véhicules - côté,4,1,4,0,1,1,1,0,1,70,2,2,1,0,0,1,25.0,40.0,voiture,deux_roues,1,2,1,1,3
202300043299,2023-06-19 08:50:00,2023,6,19,8,50,75,75119,BD PERIPHERIQUE INTERIEUR,48.890899,2.395809,Plein jour,En agglomération,Hors intersection,Normale,Trois véhicules et plus - collisions multiples,4,1,4,0,1,1,1,0,1,70,4,5,1,0,2,2,23.0,34.0,voiture,utilitaire_camion,1,2,1,1,5
202300043300,2023-06-19 10:40:00,2023,6,19,10,40,75,75115,BD PERIPHERIQUE INTERIEUR,48.82609326,2.29883373,Plein jour,En agglomération,Intersection en Y,Normale,Deux véhicules - arrière,4,1,2,0,1,1,1,0,1,50,2,2,1,0,0,1,51.0,31.0,voiture,voiture,1,2,4,1,2
202300043300,2023-06-19 10:40:00,2023,6,19,10,40,75,75115,BD PERIPHERIQUE INTERIEUR,48.82609326,2.29883373,Plein jour,En agglomération,Intersection en Y,Normale,Deux véhicules - arrière,4,1,4,0,1,1,1,0,1,70,2,2,1,0,0,1,51.0,31.0,voiture,voiture,1,2,4,1,2
202300043301,2023-06-19 10:50:00,2023,6,19,10,50,75,75116,PORTE DAUPHINE,48.869784,2.271684,Plein jour,En agglomération,Intersection en Y,Normale,Deux véhicules - côté,4,1,2,0,2,1,1,0,1,50,2,2,1,0,0,1,65.0,39.0,voiture,utilitaire_camion,1,2,4,1,3
202300043301,2023-06-19 10:50:00,2023,6,19,10,50,75,75116,PORTE DAUPHINE,48.869784,2.271684,Plein jour,En agglomération,Intersection en Y,Normale,Deux véhicules - côté,4,1,4,0,1,1,1,0,1,70,2,2,1,0,0,1,65.0,39.0,voiture,utilitaire_camion,1,2,4,1,3
202300043302,2023-06-18 17:55:00,2023,6,18,17,55,75,75116,PORT D AUTEUIL,48.844089,2.254686,Nuit avec éclairage allumé,En agglomération,Hors intersection,Normale,Deux véhicules - côté,4,1,4,0,1,1,1,1,1,70,2,3,2,0,0,1,28.0,21.0,voiture,deux_roues,5,2,1,1,3
202300043303,2023-06-17 13:35:00,2023,6,17,13,35,75,75114,PORTE D ORLEANS,48.821065,2.320486,Plein jour,En agglomération,Hors intersection,Normale,Deux véhicules - frontale,4,1,3,0,1,1,1,0,1,70,2,2,1,0,0,1,30.0,28.0,voiture,deux_roues,1,2,1,1,1
202300043304,2023-06-16 23:11:00,2023,6,16,23,11,75,75112,BD PERIPHERIQUE EXTERIEUR,48.832542,2.406109,Nuit avec éclairage allumé,En agglomération,Hors intersection,Normale,Deux véhicules - côté,4,1,4,0,1,1,1,0,1,70,2,2,1,0,0,1,54.0,39.0,utilitaire_camion,voiture,5,2,1,1,3
202300043305,2023-06-16 09:50:00,2023,6,16,9,50,75,75112,ECHANGEUR BERCY,48.82690335,2.39188671,Plein jour,En agglomération,Hors intersection,Normale,Deux véhicules - côté,4,1,0,0,1,1,1,0,1,50,2,2,1,0,0,1,48.0,52.0,voiture,deux_roues,1,2,1,1,3
202300043306,2023-06-15 13:00:00,2023,6,15,13,0,75,75115,PORTE DE SEVRES,48.834973,2.273399,Plein jour,En agglomération,Intersection en Y,Normale,Deux véhicules - côté,4,1,3,0,2,1,1,0,1,70,2,4,3,0,0,1,42.0,35.0,utilitaire_camion,voiture,1,2,4,1,3
202300043306,2023-06-15 13:00:00,2023,6,15,13,0,75,75115,PORTE DE SEVRES,48.834973,2.273399,Plein jour,En agglomération,Intersection en Y,Normale,Deux véhicules - côté,4,1,2,0,2,1,2,0,1,50,2,4,3,0,0,1,42.0,35.0,utilitaire_camion,voiture,1,2,4,1,3
202300043307,2023-06-19 14:29:00,2023,6,19,14,29,75,75105,RUE DU CARDINAL LEMOINE,48.846604,2.351622,Plein jour,En agglomération,Intersection en T,Normale,Deux véhicules - arrière,4,2,2,1,1,1,1,0,1,30,2,3,2,0,0,1,47.0,38.0,voiture,utilitaire_camion,1,2,3,1,2
202300043307,2023-06-19 14:29:00,2023,6,19,14,29,75,75105,RUE DU CARDINAL LEMOINE,48.846604,2.351622,Plein jour,En agglomération,Intersection en T,Normale,Deux véhicules - arrière,4,2,2,0,2,1,1,0,1,30,2,3,2,0,0,1,47.0,38.0,voiture,utilitaire_camion,1,2,3,1,2
202300043308,2023-06-19 21:55:00,2023,6,19,21,55,75,75119,AVENUE SIMON BOLIVAR,48.875929,2.381182,Nuit avec éclairage allumé,En agglomération,Autre intersection,Normale,Autre collision,4,3,2,0,1,1,1,6,1,30,1,2,0,0,0,2,44.0,,deux_roues,,5,2,9,1,6
202300043309,2023-06-19 17:50:00,2023,6,19,17,50,75,75119,AVENUE JEAN JAURES,48.886973,2.38636,Plein jour,En agglomération,Intersection en T,Normale,Deux véhicules - arrière,4,2,2,2,1,1,2,0,1,30,2,2,1,0,0,1,21.0,28.0,deux_roues,voiture,1,2,3,1,2
202300043309,2023-06-19 17:50:00,2023,6,19,17,50,75,75119,AVENUE JEAN JAURES,48.886973,2.38636,Plein jour,En agglomération,Intersection en T,Normale,Deux véhicules - arrière,4,1,1,0,1,1,2,0,1,30,2,2,1,0,0,1,21.0,28.0,deux_roues,voiture,1,2,3,1,2
202300043310,2023-06-19 12:10:00,2023,6,19,12,10,75,75119,RUE DE CRIMEE,48.879579,2.389482,Plein jour,En agglomération,Intersection en T,Normale,Deux véhicules - arrière,4,2,2,0,1,1,1,0,1,30,2,5,2,0,0,3,40.0,,transport_commun,utilitaire_camion,1,2,3,1,2
202300043310,2023-06-19 12:10:00,2023,6,19,12,10,75,75119,RUE DE CRIMEE,48.879579,2.389482,Plein jour,En agglomération,Intersection en T,Normale,Deux véhicules - arrière,4,2,2,0,2,1,1,0,1,30,2,5,2,0,0,3,40.0,,transport_commun,utilitaire_camion,1,2,3,1,2
202300043311,2023-06-19 09:35:00,2023,6,19,9,35,75,75116,PLACE CHARLES DE GAULLE,48.872803,2.294317,Plein jour,En agglomération,Place,Normale,Deux véhicules - arrière,4,2,3,1,1,3,1,1,1,30,2,3,2,0,0,1,30.0,20.0,voiture,deux_roues,1,2,7,1,2
202300043312,2023-06-15 11:10:00,2023,6,15,11,10,75,75117,BOULEVARD GOUVION SAINT CYR,48.883077,2.287484,Plein jour,En agglomération,Intersection en X,Normale,Autre collision,4,1,0,0,1,1,1,0,1,30,1,2,1,0,0,1,31.0,,utilitaire_camion,,1,2,2,1,6
202300043312,2023-06-15 11:10:00,2023,6,15,11,10,75,75117,BOULEVARD GOUVION SAINT CYR,48.883077,2.287484,Plein jour,En agglomération,Intersection en X,Normale,Autre collision,4,1,1,0,1,1,1,0,1,30,1,2,1,0,0,1,31.0,,utilitaire_camion,,1,2,2,1,6
202300043313,2023-06-19 16:30:00,2023,6,19,16,30,75,75113,RUE DE LA SANTE,48.82848,2.3416,Plein jour,En agglomération,Intersection en T,Normale,Autre collision,4,1,1,0,1,1,1,0,1,30,1,2,0,0,0,2,23.0,,deux_roues,,1,2,3,1,6
202300043313,2023-06-19 16:30:00,2023,6,19,16,30,75,75113,RUE DE LA SANTE,48.82848,2.3416,Plein jour,En agglomération,Intersection en T,Normale,Autre collision,4,1,2,1,1,1,1,0,1,30,1,2,0,0,0,2,23.0,,deux_roues,,1,2,3,1,6
202300043314,2023-06-19 13:25:00,2023,6,19,13,25,75,75113,BOULEVARD KELLERMANN,48.820188,2.347991,Plein jour,En agglomération,Intersection en T,Normale,Deux véhicules - côté,4,2,4,0,2,1,1,0,1,50,2,2,1,0,0,1,40.0,25.0,voiture,deux_roues,1,2,3,1,3
202300043314,2023-06-19 13:25:00,2023,6,19,13,25,75,75113,BOULEVARD KELLERMANN,48.820188,2.347991,Plein jour,En agglomération,Intersection en T,Normale,Deux véhicules - côté,4,2,2,0,1,1,1,0,1,50,2,2,1,0,0,1,40.0,25.0,voiture,deux_roues,1,2,3,1,3
202300043315,2023-06-19 11:20:00,2023,6,19,11,20,75,75113,RUE JENNER,48.834499,2.363845,Plein jour,En agglomération,Intersection en T,Normale,Deux véhicules - côté,4,1,1,1,1,1,1,0,1,30,2,2,0,0,0,2,26.0,47.0,deux_roues,deux_roues,1,2,3,1,3
202300043315,2023-06-19 11:20:00,2023,6,19,11,20,75,75113,RUE JENNER,48.834499,2.363845,Plein jour,En agglomération,Intersection en T,Normale,Deux véhicules - côté,4,1,2,1,2,1,1,0,1,30,2,2,0,0,0,2,26.0,47.0,deux_roues,deux_roues,1,2,3,1,3
202300043316,2023-06-19 03:40:00,2023,6,19,3,40,75,75111,AVENUE DE LA REPUBLIQUE,48.863368,2.384512,Nuit avec éclairage allumé,En agglomération,Intersection en T,Normale,Deux véhicules - arrière,4,2,2,0,1,1,1,0,1,30,2,2,1,0,0,1,19.0,42.0,deux_roues,utilitaire_camion,5,2,3,1,2
202300043316,2023-06-19 03:40:00,2023,6,19,3,40,75,75111,AVENUE DE LA REPUBLIQUE,48.863368,2.384512,Nuit avec éclairage allumé,En agglomération,Intersection en T,Normale,Deux véhicules - arrière,4,2,2,0,1,1,1,0,1,30,2,2,1,0,0,1,19.0,42.0,deux_roues,utilitaire_camion,5,2,3,1,2
202300043317,2023-06-19 12:48:00,2023,6,19,12,48,75,75110,RUE DE MARSEILLE,48.871644,2.363627,Plein jour,En agglomération,Hors intersection,Normale,Autre collision,4,1,0,1,1,1,1,0,4,30,1,2,0,0,0,2,38.0,,utilitaire_camion,,1,2,1,1,6
202300043318,2023-06-18 23:30:00,2023,6,18,23,30,75,75110,BOULEVARD DE BONNE NOUVELLE,48.870364,2.349567,Nuit avec éclairage allumé,En agglomération,Intersection en T,Normale,Trois véhicules et plus - en chaîne,4,-1,3,0,1,1,1,0,1,30,3,3,2,0,0,1,27.0,24.0,deux_roues,deux_roues,5,2,3,1,4
202300043318,2023-06-18 23:30:00,2023,6,18,23,30,75,75110,BOULEVARD DE BONNE NOUVELLE,48.870364,2.349567,Nuit avec éclairage allumé,En agglomération,Intersection en T,Normale,Trois véhicules et plus - en chaîne,4,1,1,0,1,1,1,0,1,30,3,3,2,0,0,1,27.0,24.0,deux_roues,deux_roues,5,2,3,1,4
202300043319,2023-06-19 18:50:00,2023,6,19,18,50,75,75108,AVENUE GEORGE V,48.865422,2.30141,Plein jour,En agglomération,Hors intersection,Normale,Deux véhicules - côté,4,2,2,0,2,1,1,0,1,30,2,3,2,0,0,1,35.0,26.0,voiture,deux_roues,1,2,1,1,3
202300043320,2023-06-18 20:30:00,2023,6,18,20,30,75,75107,BOULEVARD SAINT GERMAIN,48.86194,2.319841,Plein jour,En agglomération,Intersection en T,Normale,Deux véhicules - côté,4,1,2,3,1,1,2,0,1,30,2,2,0,0,2,0,36.0,25.0,voiture,deux_roues,1,2,3,1,3
202300043320,2023-06-18 20:30:00,2023,6,18,20,30,75,75107,BOULEVARD SAINT GERMAIN,48.86194,2.319841,Plein jour,En agglomération,Intersection en T,Normale,Deux véhicules - côté,4,2,2,0,1,1,2,0,1,30,2,2,0,0,2,0,36.0,25.0,voiture,deux_roues,1,2,3,1,3
202300043321,2023-06-17 16:40:00,2023,6,17,16,40,75,75101,RUE DU LOUVRE,48.862973,2.341882,Plein jour,En agglomération,Intersection en T,Pluie forte,Deux véhicules - arrière,4,-1,1,3,1,1,2,6,1,-1,2,3,2,0,0,1,25.0,57.0,voiture,voiture,1,2,3,3,2
202300043321,2023-06-17 16:40:00,2023,6,17,16,40,75,75101,RUE DU LOUVRE,48.862973,2.341882,Plein jour,En agglomération,Intersection en T,Pluie forte,Deux véhicules - arrière,4,2,4,0,1,1,2,0,1,30,2,3,2,0,0,1,25.0,57.0,voiture,voiture,1,2,3,3,2
202300043322,2023-06-17 10:40:00,2023,6,17,10,40,75,75103,RUE BEAUBOURG,48.863742,2.354894,Plein jour,En agglomération,Intersection en X,Normale,Sans collision,4,2,3,1,1,1,1,0,1,30,1,1,0,0,0,1,62.0,,deux_roues,,1,2,2,1,7
202300043322,2023-06-17 10:40:00,2023,6,17,10,40,75,75103,RUE BEAUBOURG,48.863742,2.354894,Plein jour,En agglomération,Intersection en X,Normale,Sans collision,4,2,1,1,1,1,1,0,1,30,1,1,0,0,0,1,62.0,,deux_roues,,1,2,2,1,7
202300043323,2023-06-16 11:50:00,2023,6,16,11,50,75,75101,RUE DE RIVOLI,48.858531,2.348233,Plein jour,En agglomération,Intersection en X,Normale,Deux véhicules - frontale,4,2,4,1,1,1,1,0,1,30,2,2,1,0,0,1,39.0,47.0,deux_roues,voiture,1,2,2,1,1
202300043323,2023-06-16 11:50:00,2023,6,16,11,50,75,75101,RUE DE RIVOLI,48.858531,2.348233,Plein jour,En agglomération,Intersection en X,Normale,Deux véhicules - frontale,4,2,3,1,1,1,1,0,1,30,2,2,1,0,0,1,39.0,47.0,deux_roues,voiture,1,2,2,1,1
202300043324,2023-06-19 12:55:00,2023,6,19,12,55,94,94078,Rue de Paris,48.73117236,2.44693731,Plein jour,En agglomération,Hors intersection,Normale,Deux véhicules - frontale,2,3,4,0,1,1,1,9,1,50,2,2,1,0,0,1,37.0,25.0,voiture,deux_roues,1,2,1,1,1
202300043325,2023-06-16 14:10:00,2023,6,16,14,10,94,94068,Avenue Louis Blanc,48.79280603,2.49752377,Plein jour,En agglomération,Hors intersection,Normale,Autre collision,3,2,2,0,1,1,1,9,1,30,1,2,1,0,0,1,29.0,,voiture,,1,2,1,1,6
202300043326,2023-06-19 15:10:00,2023,6,19,15,10,94,94073,2 rue du Luxembourg,48.762592,2.369922,Plein jour,En agglomération,Autre intersection,Normale,Deux véhicules - côté,6,-1, -1,0,1,1,1,9,8,30,2,5,4,0,0,1,23.0,23.0,voiture,voiture,1,2,9,1,3
202300043327,2023-06-19 11:40:00,2023,6,19,11,40,94,94028,Route de la Pompadour,48.76693926,2.47228807,Plein jour,En agglomération,Giratoire,Normale,Deux véhicules - arrière,3,-1,3,0,1,1,1,9,8,50,2,2,1,0,0,1,27.0,24.0,voiture,voiture,1,2,6,1,2
202300043327,2023-06-19 11:40:00,2023,6,19,11,40,94,94028,Route de la Pompadour,48.76693926,2.47228807,Plein jour,En agglomération,Giratoire,Normale,Deux véhicules - arrière,3,3,4,0,1,2,1,9,1,50,2,2,1,0,0,1,27.0,24.0,voiture,voiture,1,2,6,1,2
202300043328,2023-06-16 06:15:00,2023,6,16,6,15,94,94022,44 Avenue de Newburn,48.75397081,2.41209608,Plein jour,En agglomération,Hors intersection,Normale,Autre collision,3,1,2,0,1,3,1,0,1,30,1,1,0,1,0,0,23.0,,deux_roues,,1,2,1,1,6
202300043329,2023-11-04 15:35:00,2023,11,4,15,35,93,93066,AUTOROUTE A1,48.90894,2.35821,Plein jour,Hors agglomération,Hors intersection,Normale,Trois véhicules et plus - en chaîne,1,-1,4,0,1,1,1,1,1,90,3,3,2,0,0,1,27.0,36.0,voiture,voiture,1,1,1,1,4
202300043330,2023-11-04 02:05:00,2023,11,4,2,5,95,95527,A1,48.99194,2.51301,Nuit sans éclairage public,Hors agglomération,Hors intersection,Normale,Deux véhicules - arrière,1,3,3,0,1,1,1,0,1,110,2,2,1,0,0,1,29.0,37.0,voiture,utilitaire_camion,3,1,1,1,2
202300043331,2023-11-03 23:40:00,2023,11,3,23,40,95,95572,N184,49.03549763,2.11711049,Nuit sans éclairage public,Hors agglomération,Autre intersection,Normale,Trois véhicules et plus - collisions multiples,2,3,3,0,1,1,1,0,1,90,3,3,1,0,0,2,75.0,24.0,voiture,voiture,3,1,9,1,5
202300043332,2023-11-04 17:00:00,2023,11,4,17,0,94,94033,A86,48.85116637,2.49060216,Plein jour,Hors agglomération,Hors intersection,Normale,Deux véhicules - côté,1,3,3,0,1,1,1,0,1,90,2,3,1,0,0,2,25.0,37.0,deux_roues,voiture,1,1,1,1,3
202300043333,2023-11-04 15:00:00,2023,11,4,15,0,77,77053,RN104,48.69839941,2.59402346,Plein jour,Hors agglomération,Hors intersection,Pluie forte,Trois véhicules et plus - collisions multiples,2,-1,3,0,1,1,2,0,1,90,3,3,2,0,0,1,29.0,25.0,voiture,voiture,1,1,1,3,5
202300043334,2023-06-06 10:30:00,2023,6,6,10,30,78,78350,VERSAILLES (ROUTE DE),48.85248,2.10824,Plein jour,En agglomération,Hors intersection,Normale,Deux véhicules - côté,2,3,0,0,1,1,1,0,1,70,2,3,1,0,0,2,71.0,30.0,voiture,voiture,1,2,1,1,3
202300043335,2023-08-09 15:10:00,2023,8,9,15,10,13,13039,RN 568,43.42791,4.96298,Plein jour,Hors agglomération,Hors intersection,Normale,Deux véhicules - arrière,2,2,0,0,1,1,1,0,1,90,2,2,0,0,0,2,60.0,22.0,voiture,voiture,1,1,1,1,2
202300043336,2023-06-10 15:46:00,2023,6,10,15,46,93,93053,Avenue Galliéni / Rue de Paris,48.90344,2.4685,Plein jour,En agglomération,Passage à niveau,Normale,Deux véhicules - côté,3,3,2,3,1,2,1,4,6,50,2,2,1,0,0,1,45.0,22.0,transport_commun,deux_roues,1,2,8,1,3
202300043336,2023-06-10 15:46:00,2023,6,10,15,46,93,93053,Avenue Galliéni / Rue de Paris,48.90344,2.4685,Plein jour,En agglomération,Passage à niveau,Normale,Deux véhicules - côté,3,3,6,0,1,1,1,4,6,50,2,2,1,0,0,1,45.0,22.0,transport_commun,deux_roues,1,2,8,1,3
202300043337,2023-11-03 07:00:00,2023,11,3,7,0,976,97611,kaweni-SPPM ( rue de la ),-12.77031,45.22384,Plein jour,En agglomération,Hors intersection,Normale,Autre collision,4,2,2,0,1,1,1,0,1,50,1,2,1,0,0,1,49.0,,deux_roues,,1,2,1,1,6
202300043338,2023-11-03 20:00:00,2023,11,3,20,0,974,97416,ROLLAND GARROS (CHEMIN) CD29 (2),-21.33163,55.52727,Nuit avec éclairage allumé,En agglomération,Hors intersection,Normale,Deux véhicules - frontale,3,2,2,0,2,2,1,0,1,50,2,3,2,0,0,1,22.0,18.0,utilitaire_camion,voiture,5,2,1,1,1
202300043339,2023-11-04 00:40:00,2023,11,4,0,40,974,97411,MONTAGNE (ROUTE DE LA),-20.88572,55.43888,Nuit sans éclairage public,En agglomération,Hors intersection,Pluie légère,Sans collision,3,2,0,0,2,1,2,0,1,50,1,2,1,0,0,1,24.0,,voiture,,3,2,1,2,7
202300043340,2023-11-03 19:55:00,2023,11,3,19,55,974,97411,TOPAZES(ALLEE DES),-20.89263,55.44392,Nuit avec éclairage allumé,En agglomération,Hors intersection,Pluie légère,Deux véhicules - côté,3,2,2,0,2,1,2,9,1,50,2,2,1,0,0,1,44.0,39.0,voiture,deux_roues,5,2,1,2,3
202300043341,2023-11-03 18:40:00,2023,11,3,18,40,974,97411,JAURES (BLD 1 JEAN),-20.89977,55.47979,Crépuscule ou aube,En agglomération,Giratoire,Pluie forte,Sans collision,4,-1,0,0,1,1,4,0,1,50,1,1,0,0,0,1,38.0,,deux_roues,,2,2,6,3,7
202300043341,2023-11-03 18:40:00,2023,11,3,18,40,974,97411,JAURES (BLD 1 JEAN),-20.89977,55.47979,Crépuscule ou aube,En agglomération,Giratoire,Pluie forte,Sans collision,4,1,4,0,1,1,4,0,1,50,1,1,0,0,0,1,38.0,,deux_roues,,2,2,6,3,7
202300043342,2023-11-03 13:38:00,2023,11,3,13,38,974,97411,QUATRE VOIES GILLOT (ROUTE A),-20.89501,55.50278,Plein jour,Hors agglomération,Hors intersection,Pluie forte,Deux véhicules - côté,2,1,2,0,1,1,2,0,1,90,2,2,1,0,0,1,36.0,35.0,deux_roues,voiture,1,1,1,3,3
202300043343,2023-11-03 18:40:00,2023,11,3,18,40,69,69388,Boulevard des Etats-Unis,45.73124,4.86628,Nuit avec éclairage allumé,En agglomération,Intersection en X,Pluie légère,Deux véhicules - côté,4,2,2,3,1,1,2,0,6,50,2,3,2,0,0,1,22.0,27.0,voiture,voiture,5,2,2,2,3
202300043343,2023-11-03 18:40:00,2023,11,3,18,40,69,69388,Boulevard des Etats-Unis,45.73124,4.86628,Nuit avec éclairage allumé,En agglomération,Intersection en X,Pluie légère,Deux véhicules - côté,4,2,2,0,1,1,2,0,6,30,2,3,2,0,0,1,22.0,27.0,voiture,voiture,5,2,2,2,3
202300043344,2023-11-03 18:43:00,2023,11,3,18,43,972,97213,ROUTE NATIONALE 1,14.62521793,-60.98037823,Nuit sans éclairage public,Hors agglomération,Hors intersection,Normale,Autre collision,2,1,2,0,1,1,1,0,1,50,1,3,0,0,0,3,24.0,,deux_roues,,3,1,1,1,6
202300043345,2023-11-03 17:05:00,2023,11,3,17,5,972,97213,LEOPOLD BISSOL (RUE),14.6187,-60.99491,Crépuscule ou aube,En agglomération,Autre intersection,Normale,Sans collision,3,2,2,0,1,1,1,0,1,50,1,1,0,0,0,1,24.0,,deux_roues,,2,2,9,1,7
202300043346,2023-05-15 04:35:00,2023,5,15,4,35,88,88319,D37a,48.391584,6.862137,Nuit sans éclairage public,Hors agglomération,Hors intersection,Normale,Autre collision,3,2,2,0,1,1,1,0,1,80,1,1,0,0,1,0,57.0,,deux_roues,,3,1,1,1,6
202300043347,2023-11-03 07:33:00,2023,11,3,7,33,972,97209,RD 41 (ROCADE),14.61123158,-61.07999616,Plein jour,Hors agglomération,Hors intersection,Pluie légère,Trois véhicules et plus - en chaîne,3,1,2,0,1,2,2,2,1,60,3,4,3,0,0,1,48.0,23.0,voiture,voiture,1,1,1,2,4
202300043348,2023-05-14 16:25:00,2023,5,14,16,25,67,67415,D28,48.899159,7.517481,Plein jour,Hors agglomération,Hors intersection,Normale,Autre collision,3,2,2,0,2,1,1,0,8,80,1,2,1,0,1,0,58.0,,voiture,,1,1,1,1,6
202300043349,2023-11-01 22:50:00,2023,11,1,22,50,971,97101,PATRICK SAINT ELOI ( AVENUE ),16.25383,-61.52353,Nuit avec éclairage allumé,En agglomération,Intersection en T,Normale,Trois véhicules et plus - collisions multiples,3,2,2,0,1,1,1,0,1,50,3,4,3,0,0,1,39.0,18.0,voiture,voiture,5,2,3,1,5
202300043349,2023-11-01 22:50:00,2023,11,1,22,50,971,97101,PATRICK SAINT ELOI ( AVENUE ),16.25383,-61.52353,Nuit avec éclairage allumé,En agglomération,Intersection en T,Normale,Trois véhicules et plus - collisions multiples,3,3,2,0,1,1,1,0,1,50,3,4,3,0,0,1,39.0,18.0,voiture,voiture,5,2,3,1,5
202300043350,2023-11-03 23:10:00,2023,11,3,23,10,91,91514,CD 33,48.67296,2.52468,Nuit sans éclairage public,Hors agglomération,Hors intersection,Normale,Autre collision,3,2,2,0,1,1,1,2,3,90,1,2,0,0,2,0,22.0,,voiture,,3,1,1,1,6
202300043351,2023-05-16 15:23:00,2023,5,16,15,23,85,85018,RD 22,46.899977,-2.06265,Plein jour,Hors agglomération,Hors intersection,Normale,Deux véhicules - frontale,3,2,2,0,1,3,1,0,1,80,2,2,1,1,0,0,20.0,73.0,utilitaire_camion,voiture,1,1,1,1,1
202300043352,2023-11-03 14:45:00,2023,11,3,14,45,84,84087,MARTIGNAN (CHEMIN),44.13392,4.782877,Plein jour,Hors agglomération,Hors intersection,Normale,Deux véhicules - frontale,3,2,1,0,1,3,1,0,1,50,2,3,2,0,0,1,20.0,76.0,voiture,voiture,1,1,1,1,1
202300043353,2023-11-03 21:00:00,2023,11,3,21,0,83,83069,GALLIENI (RUE MARECHAL),43.1194,6.12627,Nuit avec éclairage allumé,En agglomération,Intersection en X,Normale,Deux véhicules - côté,4,1,1,0,2,1,1,0,1,50,2,2,1,0,0,1,17.0,21.0,deux_roues,voiture,5,2,2,1,3
202300043353,2023-11-03 21:00:00,2023,11,3,21,0,83,83069,GALLIENI (RUE MARECHAL),43.1194,6.12627,Nuit avec éclairage allumé,En agglomération,Intersection en X,Normale,Deux véhicules - côté,4,1,1,0,1,1,1,0,1,50,2,2,1,0,0,1,17.0,21.0,deux_roues,voiture,5,2,2,1,3
202300043354,2023-05-15 16:30:00,2023,5,15,16,30,971,97125,chemin militaire,16.260694,-61.290439,Plein jour,En agglomération,Hors intersection,Pluie légère,Sans collision,4,2,2,0,1,1,2,0,1,50,1,1,0,1,0,0,45.0,,deux_roues,,1,2,1,2,7
202300043355,2023-05-15 19:30:00,2023,5,15,19,30,77,77095,D139,48.959197,2.76827,Plein jour,Hors agglomération,Hors intersection,Temps couvert,Sans collision,3,2,2,0,1,2,2,0,3,90,1,1,0,0,0,1,53.0,,voiture,,1,1,1,8,7
202300043356,2023-10-26 21:35:00,2023,10,26,21,35,78,78123,EUROPE (RN 190) AVENUE DE L',48.938721,2.035945,Nuit avec éclairage allumé,En agglomération,Intersection en T,Pluie forte,Deux véhicules - arrière,3,3,4,0,1,1,2,0,1,50,2,2,1,0,0,1,35.0,21.0,voiture,voiture,5,2,3,3,2
202300043356,2023-10-26 21:35:00,2023,10,26,21,35,78,78123,EUROPE (RN 190) AVENUE DE L',48.938721,2.035945,Nuit avec éclairage allumé,En agglomération,Intersection en T,Pluie forte,Deux véhicules - arrière,3,2, -1,-1,1,1,2,0,1,-1,2,2,1,0,0,1,35.0,21.0,voiture,voiture,5,2,3,3,2
202300043357,2023-05-16 17:50:00,2023,5,16,17,50,78,78443,départementale 912,48.804291,1.867161,Plein jour,Hors agglomération,Hors intersection,Normale,Deux véhicules - arrière,3,3,0,0,1,1,1,0,1,70,2,2,1,0,1,0,64.0,26.0,voiture,deux_roues,1,1,1,1,2
202300043358,2023-11-03 20:10:00,2023,11,3,20,10,78,78498,RD 30,48.94129,2.05804,Nuit avec éclairage allumé,En agglomération,Hors intersection,Pluie légère,Autre collision,3,2,0,0,1,2,2,0,1,70,2,2,1,0,0,1,30.0,35.0,voiture,deux_roues,5,2,1,2,6
202300043359,2023-05-15 08:30:00,2023,5,15,8,30,2B,2B303,Dispensa,42.293183,9.54721,Plein jour,Hors agglomération,Hors intersection,Normale,Deux véhicules - arrière,2,2,2,0,1,1,1,0,1,80,3,3,1,0,0,2,20.0,66.0,voiture,voiture,1,1,1,1,2
202300043360,2023-11-03 14:35:00,2023,11,3,14,35,72,72181,DURAND GEORGES (AV) N° IMP 143 AU 197,47.978,0.213,Plein jour,En agglomération,Hors intersection,Normale,Autre collision,4,1,0,0,1,1,1,0,1,50,1,2,1,0,0,1,23.0,,voiture,,1,2,1,1,6
202300043361,2023-05-16 00:43:00,2023,5,16,0,43,66,66212,,42.755532,3.020752,Nuit sans éclairage public,Hors agglomération,Hors intersection,Vent fort / tempête,Deux véhicules - frontale,3,2,2,0,1,1,1,0,1,80,2,3,0,1,1,1,44.0,54.0,voiture,utilitaire_camion,3,1,1,6,1
202300043362,2023-11-03 18:30:00,2023,11,3,18,30,69,69259,Boulevard de Jodino,45.69131,4.88205,Nuit avec éclairage allumé,En agglomération,Hors intersection,Temps couvert,Deux véhicules - côté,4,2,3,1,2,1,1,0,1,50,2,3,2,0,0,1,,22.0,utilitaire_camion,voiture,5,2,1,8,3