accident_id,datetime,annee,mois,jour,heure,minute,departement,commune_insee,adresse,latitude,longitude,luminosite,agglomeration,intersection,meteo,collision,catr,circ,nbv,vosp,prof,plan,surf,infra,situ,vma,nb_vehicules,nb_usagers,nb_indemnes,nb_tues,nb_blesses_hosp,nb_blesses_legers,age_cond_1,age_cond_2,veh_type_cond_1,veh_type_cond_2,lum_code,agg_code,int_code,atm_code,col_code
202300043363,2023-05-03 22:00:00,2023,5,3,22,0,34,34183,RD609,43.299041,3.151553,Nuit sans éclairage public,Hors agglomération,Hors intersection,Normale,Deux véhicules - frontale,3,2,2,0,1,1,1,9,1,80,2,2,1,0,1,0,34.0,63.0,utilitaire_camion,voiture,3,1,1,1,1
202300043364,2023-11-03 07:30:00,2023,11,3,7,30,69,69290,Rue Colette,45.69174,4.93876,Crépuscule ou aube,En agglomération,Intersection en T,Normale,Autre collision,4,2,3,0,1,1,1,0,1,50,1,2,1,0,0,1,65.0,,voiture,,2,2,3,1,6
202300043364,2023-11-03 07:30:00,2023,11,3,7,30,69,69290,Rue Colette,45.69174,4.93876,Crépuscule ou aube,En agglomération,Intersection en T,Normale,Autre collision,4,2,2,0,1,1,1,0,1,50,1,2,1,0,0,1,65.0,,voiture,,2,2,3,1,6
202300043365,2023-05-16 12:40:00,2023,5,16,12,40,84,84019,d994,44.28512,4.72570896,Plein jour,Hors agglomération,Intersection en T,Vent fort / tempête,Deux véhicules - frontale,3,3,2,0,1,3,1,0,1,80,2,2,1,0,0,1,29.0,57.0,voiture,deux_roues,1,1,3,6,1
202300043365,2023-05-16 12:40:00,2023,5,16,12,40,84,84019,d994,44.28512,4.72570896,Plein jour,Hors agglomération,Intersection en T,Vent fort / tempête,Deux véhicules - frontale,3,2, -1,-1,1,1,1,0,1,-1,2,2,1,0,0,1,29.0,57.0,voiture,deux_roues,1,1,3,6,1
202300043366,2023-11-03 19:19:00,2023,11,3,19,19,67,67482,VICTOIRE (BOULEVARD DE LA),48.58412,7.75909,Nuit avec éclairage allumé,En agglomération,Passage à niveau,Normale,Deux véhicules - côté,4,2,4,3,1,1,1,4,6,30,2,2,1,0,1,0,62.0,56.0,deux_roues,transport_commun,5,2,8,1,3
202300043367,2023-05-12 11:20:00,2023,5,12,11,20,89,89453,,47.78459,3.52149,Plein jour,Hors agglomération,Hors intersection,Normale,Deux véhicules - arrière,3,2,2,0,1,1,1,0,1,80,2,2,1,0,0,1,52.0,54.0,voiture,voiture,1,1,1,1,2
202300043368,2023-05-16 14:45:00,2023,5,16,14,45,73,73137,D912,45.54511,5.91662,Plein jour,Hors agglomération,Hors intersection,Normale,Deux véhicules - frontale,3,2,2,0,2,2,1,0,1,-1,2,4,0,0,2,2,20.0,68.0,voiture,voiture,1,1,1,1,1
202300043369,2023-08-19 20:10:00,2023,8,19,20,10,64,64260,IRANDATZ ( RUE D'),43.35361,-1.774282,Plein jour,En agglomération,Intersection en X,Normale,Deux véhicules - côté,4,2,2,0,1,1,1,9,1,30,2,3,2,0,0,1,19.0,36.0,voiture,deux_roues,1,2,2,1,3
202300043369,2023-08-19 20:10:00,2023,8,19,20,10,64,64260,IRANDATZ ( RUE D'),43.35361,-1.774282,Plein jour,En agglomération,Intersection en X,Normale,Deux véhicules - côté,4,1, -1,-1,1,1,1,0,1,-1,2,3,2,0,0,1,19.0,36.0,voiture,deux_roues,1,2,2,1,3
202300043370,2023-05-14 14:15:00,2023,5,14,14,15,29,29169,Kerhuella,48.086651,-4.207356,Plein jour,Hors agglomération,Hors intersection,Normale,Deux véhicules - côté,3,2,2,0,1,1,1,9,1,80,2,2,1,0,1,0,17.0,61.0,deux_roues,utilitaire_camion,1,1,1,1,3
202300043371,2023-11-02 07:15:00,2023,11,2,7,15,64,64445,RESISTANCE,43.30564,-0.3761,Nuit avec éclairage allumé,En agglomération,Intersection en Y,Pluie forte,Deux véhicules - côté,4,2,2,0,1,1,2,5,1,50,2,3,1,0,0,2,48.0,40.0,voiture,voiture,5,2,4,3,3
202300043371,2023-11-02 07:15:00,2023,11,2,7,15,64,64445,RESISTANCE,43.30564,-0.3761,Nuit avec éclairage allumé,En agglomération,Intersection en Y,Pluie forte,Deux véhicules - côté,4,2,4,0,1,1,2,5,1,50,2,3,1,0,0,2,48.0,40.0,voiture,voiture,5,2,4,3,3
202300043372,2023-05-10 19:50:00,2023,5,10,19,50,22,22143,RD 786,48.609065,-2.311281,Plein jour,Hors agglomération,Hors intersection,Normale,Deux véhicules - arrière,3,2,2,0,2,1,1,0,1,80,2,2,1,0,1,0,69.0,54.0,voiture,voiture,1,1,1,1,2
202300043373,2023-11-03 15:15:00,2023,11,3,15,15,63,63113,Av Michelin / rue Strasbourg,45.78185,3.09865,Plein jour,En agglomération,Intersection en T,Normale,Deux véhicules - côté,4,1,1,0,1,1,1,0,1,30,2,2,1,0,1,0,47.0,67.0,voiture,deux_roues,1,2,3,1,3
202300043373,2023-11-03 15:15:00,2023,11,3,15,15,63,63113,Av Michelin / rue Strasbourg,45.78185,3.09865,Plein jour,En agglomération,Intersection en T,Normale,Deux véhicules - côté,4,2,2,0,1,1,1,0,1,30,2,2,1,0,1,0,47.0,67.0,voiture,deux_roues,1,2,3,1,3
202300043374,2023-10-20 19:15:00,2023,10,20,19,15,62,62525,Rue de la Libération,50.74169,2.26146,Nuit avec éclairage allumé,En agglomération,Autre intersection,Normale,Autre collision,4,2,2,0,1,1,1,0,1,50,1,2,1,0,1,0,47.0,,voiture,,5,2,9,1,6
202300043375,2023-05-16 13:51:00,2023,5,16,13,51,60,60589,89 Rue Olympe de Gouges,49.237134,2.464587,Plein jour,En agglomération,Intersection en T,Normale,Deux véhicules - côté,4,2,2,0,1,1,1,0,1,50,2,2,1,0,0,1,39.0,76.0,voiture,voiture,1,2,3,1,3
202300043375,2023-05-16 13:51:00,2023,5,16,13,51,60,60589,89 Rue Olympe de Gouges,49.237134,2.464587,Plein jour,En agglomération,Intersection en T,Normale,Deux véhicules - côté,4,2, -1,-1,1,1,1,0,1,-1,2,2,1,0,0,1,39.0,76.0,voiture,voiture,1,2,3,1,3
202300043376,2023-11-03 11:57:00,2023,11,3,11,57,59,59279,RONCQ (BOULEVARD),50.77225584,3.12764312,Plein jour,En agglomération,Hors intersection,Normale,Deux véhicules - arrière,4,3,2,0,1,1,1,0,1,50,2,2,1,0,0,1,41.0,57.0,voiture,voiture,1,2,1,1,2
202300043377,2023-05-15 07:25:00,2023,5,15,7,25,60,60141,Avenue du Maréchal Joffre,49.186044,2.460669,Plein jour,En agglomération,Hors intersection,Normale,Deux véhicules - frontale,3,1,1,0,1,1,1,6,8,50,2,2,1,0,0,1,31.0,34.0,deux_roues,voiture,1,2,1,1,1
202300043378,2023-11-03 16:00:00,2023,11,3,16,0,59,59328,HIPPODROME AV DE L N°134 AU 240,50.64375,3.02916,Plein jour,En agglomération,Hors intersection,Normale,Deux véhicules - côté,4,-1,2,1,1,1,1,0,1,50,2,2,1,0,0,1,49.0,66.0,voiture,deux_roues,1,2,1,1,3
202300043379,2023-05-16 13:10:00,2023,5,16,13,10,60,60196,D927,49.290643,2.089773,Plein jour,Hors agglomération,Intersection en T,Normale,Deux véhicules - frontale,3,2,2,0,1,1,1,0,1,80,2,3,1,0,0,2,33.0,38.0,voiture,voiture,1,1,3,1,1
202300043379,2023-05-16 13:10:00,2023,5,16,13,10,60,60196,D927,49.290643,2.089773,Plein jour,Hors agglomération,Intersection en T,Normale,Deux véhicules - frontale,3,2, -1,-1,1,1,1,-1,1,-1,2,3,1,0,0,2,33.0,38.0,voiture,voiture,1,1,3,1,1
202300043380,2023-11-03 10:30:00,2023,11,3,10,30,59,59350,MONTEBELLO BOULEVARD N° RESTE,50.62244,3.04561,Plein jour,En agglomération,Hors intersection,Normale,Deux véhicules - frontale,7,1,1,1,1,1,1,0,8,50,2,2,1,0,0,1,47.0,23.0,autre,utilitaire_camion,1,2,1,1,1
202300043381,2023-05-15 07:00:00,2023,5,15,7,0,83,83144,A57,43.13359748,5.98536712,Plein jour,Hors agglomération,Hors intersection,Normale,Deux véhicules - arrière,1,3,4,0,1,1,1,0,1,70,2,2,1,0,0,1,46.0,33.0,deux_roues,voiture,1,1,1,1,2
202300043382,2023-11-02 14:22:00,2023,11,2,14,22,59,59360,PARE AMBROISE RUE,50.60222,3.03561,Plein jour,En agglomération,Autre intersection,Vent fort / tempête,Deux véhicules - frontale,7,2,2,0,1,1,1,5,8,50,2,3,0,1,0,2,69.0,18.0,voiture,voiture,1,2,9,6,1
202300043383,2023-05-15 13:40:00,2023,5,15,13,40,91,91228,AUTOROUTE A6,48.61792,2.42775,Plein jour,Hors agglomération,Hors intersection,Normale,Trois véhicules et plus - collisions multiples,1,-1,3,0,1,1,1,0,1,110,3,3,2,0,0,1,39.0,50.0,voiture,utilitaire_camion,1,1,1,1,5
202300043384,2023-11-03 23:37:00,2023,11,3,23,37,57,57463,DEVILLY (RUE ),49.1033,6.19479,Nuit avec éclairage allumé,En agglomération,Hors intersection,Normale,Deux véhicules - frontale,4,2,2,0,1,1,1,0,1,50,2,2,1,0,0,1,17.0,28.0,deux_roues,voiture,5,2,1,1,1
202300043385,2023-05-14 07:30:00,2023,5,14,7,30,92,92025,A86,48.92912436,2.24069854,Plein jour,Hors agglomération,Hors intersection,Normale,Autre collision,1,1,2,0,1,2,1,0,1,90,1,1,0,0,0,1,41.0,,voiture,,1,1,1,1,6
202300043386,2023-11-03 18:30:00,2023,11,3,18,30,54,54184,Avenue de Saulxures,48.70528323,6.24562025,Nuit avec éclairage allumé,En agglomération,Hors intersection,Temps couvert,Autre collision,4,2,2,0,1,1,1,0,1,50,1,2,1,0,0,1,50.0,,voiture,,5,2,1,8,6
202300043387,2023-03-16 17:00:00,2023,3,16,17,0,74,74112,Route de Sillingy (epagny),45.9374,6.099896,Plein jour,En agglomération,Hors intersection,Normale,Deux véhicules - côté,3,2,2,0,1,1,1,0,1,50,2,2,1,0,1,0,21.0,77.0,voiture,deux_roues,1,2,1,1,3
202300043388,2023-11-02 14:20:00,2023,11,2,14,20,54,54547,PERI (RUE GABRIEL),48.665676,6.175711,Plein jour,En agglomération,Hors intersection,Pluie légère,Autre collision,4,2,4,1,1,1,2,-1,1,30,1,2,1,0,0,1,47.0,,voiture,,1,2,1,2,6
202300043389,2023-03-14 14:45:00,2023,3,14,14,45,74,74010,Rue des mouettes,45.911389,6.152832,Plein jour,En agglomération,Hors intersection,Pluie forte,Autre collision,4,2,2,0,1,1,2,0,1,50,1,2,1,1,0,0,,,utilitaire_camion,,1,2,1,3,6
202300043390,2023-11-03 08:50:00,2023,11,3,8,50,51,51454,LUNDY (BOULEVARD),49.25808,4.03836,Plein jour,En agglomération,Intersection en T,Normale,Deux véhicules - frontale,4,2,2,0,1,1,1,0,1,50,2,3,1,0,0,2,17.0,32.0,deux_roues,voiture,1,2,3,1,1
202300043390,2023-11-03 08:50:00,2023,11,3,8,50,51,51454,LUNDY (BOULEVARD),49.25808,4.03836,Plein jour,En agglomération,Intersection en T,Normale,Deux véhicules - frontale,4,2,2,0,1,1,1,0,1,50,2,3,1,0,0,2,17.0,32.0,deux_roues,voiture,1,2,3,1,1
202300043391,2023-03-13 17:30:00,2023,3,13,17,30,74,74012,THONON (ROUTE DE),46.19399787,6.25789275,Plein jour,En agglomération,Autre intersection,Normale,Autre collision,4,3,2,0,1,1,1,0,1,50,1,2,1,0,0,1,,,deux_roues,,1,2,9,1,6
202300043392,2023-11-01 16:20:00,2023,11,1,16,20,50,50129,FOUACE (RUE GUILLAUME),49.6386,-1.62942,Plein jour,En agglomération,Hors intersection,Normale,Autre collision,4,1,1,0,1,1,1,0,1,50,1,1,0,0,0,1,76.0,,voiture,,1,2,1,1,6
202300043393,2023-03-08 14:05:00,2023,3,8,14,5,74,74195,route de bellegarde,46.011233,5.950556,Plein jour,Hors agglomération,Hors intersection,Pluie légère,Deux véhicules - frontale,3,2,2,0,1,1,2,0,1,80,2,4,0,0,1,3,70.0,75.0,voiture,voiture,1,1,1,2,1
202300043394,2023-11-01 15:20:00,2023,11,1,15,20,50,50129,LOUIS PHILIPPE (RUE),49.6407,-1.61394,Plein jour,En agglomération,Intersection en X,Temps éblouissant,Deux véhicules - côté,4,2,2,0,1,1,2,5,1,50,2,2,0,0,0,2,41.0,59.0,voiture,voiture,1,2,2,7,3
202300043394,2023-11-01 15:20:00,2023,11,1,15,20,50,50129,LOUIS PHILIPPE (RUE),49.6407,-1.61394,Plein jour,En agglomération,Intersection en X,Temps éblouissant,Deux véhicules - côté,4,1,1,0,1,1,1,5,1,50,2,2,0,0,0,2,41.0,59.0,voiture,voiture,1,2,2,7,3
202300043395,2023-03-03 06:30:00,2023,3,3,6,30,74,74088,D27,46.04841,6.085331,Nuit sans éclairage public,Hors agglomération,Intersection en T,Normale,Deux véhicules - côté,3,2,2,0,2,1,1,0,1,80,2,3,2,0,1,0,61.0,35.0,voiture,deux_roues,3,1,3,1,3
202300043395,2023-03-03 06:30:00,2023,3,3,6,30,74,74088,D27,46.04841,6.085331,Nuit sans éclairage public,Hors agglomération,Intersection en T,Normale,Deux véhicules - côté,3,2, -1,-1,2,1,1,0,1,-1,2,3,2,0,1,0,61.0,35.0,voiture,deux_roues,3,1,3,1,3
202300043396,2023-11-03 13:29:00,2023,11,3,13,29,49,49007,SAINT JULIEN RUE ET IMPASSE,47.47021,-0.55189,Plein jour,En agglomération,Hors intersection,Normale,Deux véhicules - arrière,4,1,1,0,1,1,1,0,1,30,2,3,2,0,0,1,27.0,19.0,voiture,voiture,1,2,1,1,2
202300043397,2023-05-14 14:55:00,2023,5,14,14,55,974,97416,MAURICE THOREZ(CHEMIN),-21.26851,55.47622,Plein jour,Hors agglomération,Hors intersection,Normale,Sans collision,3,2,2,0,2,1,1,0,1,70,1,1,0,0,0,1,18.0,,deux_roues,,1,1,1,1,7
202300043398,2023-11-03 07:30:00,2023,11,3,7,30,45,45234,15 Rue Ferdinand Farcinade,47.88429,1.88193,Crépuscule ou aube,En agglomération,Intersection en T,Normale,Deux véhicules - côté,4,2,2,0,1,1,1,0,1,50,2,2,1,0,0,1,31.0,23.0,deux_roues,voiture,2,2,3,1,3
202300043398,2023-11-03 07:30:00,2023,11,3,7,30,45,45234,15 Rue Ferdinand Farcinade,47.88429,1.88193,Crépuscule ou aube,En agglomération,Intersection en T,Normale,Deux véhicules - côté,4,2,2,0,1,1,1,0,1,50,2,2,1,0,0,1,31.0,23.0,deux_roues,voiture,2,2,3,1,3
202300043399,2023-05-14 19:10:00,2023,5,14,19,10,974,97411,LITTORAL (ROUTE 1 DU),-20.87405,55.4284,Nuit sans éclairage public,Hors agglomération,Hors intersection,Pluie légère,Trois véhicules et plus - en chaîne,2,1,3,0,1,1,2,2,1,90,3,5,2,0,0,3,33.0,39.0,voiture,voiture,3,1,1,2,4
202300043400,2023-11-03 10:45:00,2023,11,3,10,45,44,44162,15 Rue du Tisserand,47.22051,-1.64601,Plein jour,En agglomération,Hors intersection,Normale,Deux véhicules - arrière,4,2,2,0,1,1,1,0,1,50,2,2,1,0,0,1,33.0,23.0,voiture,voiture,1,2,1,1,2
202300043401,2023-05-14 09:50:00,2023,5,14,9,50,973,97302,MADELEINE (ROUTE DE LA),4.90937,-52.32156,Plein jour,En agglomération,Hors intersection,Normale,Deux véhicules - côté,3,2,2,0,1,1,1,0,1,50,2,3,2,0,0,1,62.0,,voiture,voiture,1,2,1,1,3
202300043402,2023-10-30 16:15:00,2023,10,30,16,15,41,41269,INDUSTRIE (BOULEVARD DE L'),47.80042,1.04397,Plein jour,En agglomération,Hors intersection,Normale,Autre collision,5,-1,0,0,1,1,1,0,6,-1,1,2,1,0,1,0,47.0,,voiture,,1,2,1,1,6
202300043403,2023-05-14 06:00:00,2023,5,14,6,0,973,97302,ADJUDANT PINDARD (RUE),4.93562397,-52.33450422,Crépuscule ou aube,En agglomération,Hors intersection,Pluie légère,Sans collision,4,1,1,0,1,1,2,0,1,50,1,2,1,0,0,1,21.0,,voiture,,2,2,1,2,7
202300043404,2023-05-13 20:45:00,2023,5,13,20,45,972,97213,BOIS CARRE (RUE DU),14.63269,-60.99618,Nuit avec éclairage allumé,Hors agglomération,Autre intersection,Normale,Autre collision,4,2,2,0,1,1,1,0,1,50,1,1,0,0,0,1,35.0,,voiture,,5,1,9,1,6
202300043405,2023-11-03 23:55:00,2023,11,3,23,55,41,41295,RD 923,47.56161,1.39683,Plein jour,Hors agglomération,Hors intersection,Temps couvert,Autre collision,3,2,4,0,1,1,2,0,1,90,1,2,0,0,0,2,22.0,,voiture,,1,1,1,8,6
202300043406,2023-05-14 02:35:00,2023,5,14,2,35,69,69382,15 Rue Auguste Comte,45.75506,4.83125,Nuit avec éclairage allumé,En agglomération,Intersection en X,Pluie forte,Deux véhicules - côté,4,1,1,2,1,1,3,0,1,30,2,3,2,0,0,1,22.0,38.0,utilitaire_camion,voiture,5,2,2,3,3
202300043406,2023-05-14 02:35:00,2023,5,14,2,35,69,69382,15 Rue Auguste Comte,45.75506,4.83125,Nuit avec éclairage allumé,En agglomération,Intersection en X,Pluie forte,Deux véhicules - côté,4,1,1,2,1,1,3,0,1,30,2,3,2,0,0,1,22.0,38.0,utilitaire_camion,voiture,5,2,2,3,3
202300043407,2023-11-03 14:05:00,2023,11,3,14,5,37,37122,CHINON (BOULEVARD DE),47.35063,0.67783,Plein jour,En agglomération,Giratoire,Temps couvert,Deux véhicules - côté,4,1,1,2,1,2,2,0,1,50,2,2,1,0,0,1,66.0,19.0,voiture,deux_roues,1,2,6,8,3
202300043407,2023-11-03 14:05:00,2023,11,3,14,5,37,37122,CHINON (BOULEVARD DE),47.35063,0.67783,Plein jour,En agglomération,Giratoire,Temps couvert,Deux véhicules - côté,4,2,2,0,1,1,2,0,1,50,2,2,1,0,0,1,66.0,19.0,voiture,deux_roues,1,2,6,8,3
202300043408,2023-05-14 11:55:00,2023,5,14,11,55,971,97113,RN4-ROND POINT SAINT FELIX,16.20775835,-61.4610064,Plein jour,Hors agglomération,Hors intersection,Normale,Trois véhicules et plus - en chaîne,2,2,2,0,1,1,1,0,1,50,3,4,3,0,0,1,38.0,50.0,voiture,voiture,1,1,1,1,4
202300043409,2023-05-14 07:05:00,2023,5,14,7,5,2A,2A004,T20,41.9323,8.8019,Plein jour,Hors agglomération,Hors intersection,Normale,Deux véhicules - arrière,2,2,4,0,1,1,2,0,1,70,2,2,1,0,0,1,25.0,48.0,voiture,voiture,1,1,1,1,2
202300043410,2023-11-03 20:30:00,2023,11,3,20,30,35,35238,HAUTES-OURMES (BD DES),48.0875591,-1.64546549,Nuit avec éclairage allumé,En agglomération,Hors intersection,Normale,Trois véhicules et plus - en chaîne,4,3,2,2,1,1,1,0,1,30,3,3,2,0,0,1,56.0,,voiture,voiture,5,2,1,1,4
202300043411,2023-11-03 18:40:00,2023,11,3,18,40,35,35238,PAYS-BAS (AVENUE DES),48.086152,-1.6610679,Crépuscule ou aube,En agglomération,Hors intersection,Normale,Autre collision,4,3,2,1,1,1,1,0,1,30,1,2,1,0,0,1,40.0,,voiture,,2,2,1,1,6
202300043412,2023-05-14 01:24:00,2023,5,14,1,24,95,95424,PONTOISE (BOULEVARD DE),48.98597429,2.1818912,Nuit avec éclairage allumé,En agglomération,Autre intersection,Normale,Deux véhicules - côté,3,3,2,0,2,1,1,0,1,30,2,3,2,0,1,0,57.0,29.0,deux_roues,utilitaire_camion,5,2,9,1,3
202300043413,2023-05-14 14:45:00,2023,5,14,14,45,91,91377,AV SAINT MARC,48.7299,2.28822,Plein jour,En agglomération,Giratoire,Normale,Autre collision,4,2,2,0,1,1,1,0,1,50,1,2,1,0,0,1,31.0,,voiture,,1,2,6,1,6
202300043413,2023-05-14 14:45:00,2023,5,14,14,45,91,91377,AV SAINT MARC,48.7299,2.28822,Plein jour,En agglomération,Giratoire,Normale,Autre collision,4,2,2,0,1,2,1,0,1,50,1,2,1,0,0,1,31.0,,voiture,,1,2,6,1,6
202300043414,2023-11-03 14:45:00,2023,11,3,14,45,35,35238,RN136,48.13174,-1.70863,Plein jour,Hors agglomération,Hors intersection,Normale,Deux véhicules - arrière,2,3,4,0,1,1,1,0,1,90,2,3,1,0,0,2,44.0,68.0,voiture,voiture,1,1,1,1,2
202300043415,2023-05-14 19:02:00,2023,5,14,19,2,69,69029,Avenue Jean Mermoz,45.73005,4.89126,Plein jour,En agglomération,Intersection en X,Pluie légère,Deux véhicules - côté,4,3,4,3,1,1,2,0,1,50,2,2,1,0,0,1,34.0,28.0,deux_roues,deux_roues,1,2,2,2,3
202300043415,2023-05-14 19:02:00,2023,5,14,19,2,69,69029,Avenue Jean Mermoz,45.73005,4.89126,Plein jour,En agglomération,Intersection en X,Pluie légère,Deux véhicules - côté,4,2,3,0,2,1,2,0,1,50,2,2,1,0,0,1,34.0,28.0,deux_roues,deux_roues,1,2,2,2,3
202300043416,2023-11-03 12:55:00,2023,11,3,12,55,35,35238,VALLES (JULES),48.10433,-1.71061,Plein jour,En agglomération,Hors intersection,Temps couvert,Deux véhicules - arrière,4,2,2,2,1,1,1,0,1,30,2,4,2,0,0,2,23.0,38.0,voiture,voiture,1,2,1,8,2
202300043417,2023-11-03 10:10:00,2023,11,3,10,10,34,34172,MOULARES (CHEMIN DE,43.59497,3.89104,Plein jour,En agglomération,Hors intersection,Pluie légère,Deux véhicules - côté,4,2,2,0,1,1,2,0,1,50,2,2,1,0,1,0,46.0,26.0,voiture,deux_roues,1,2,1,2,3
202300043418,2023-05-14 17:25:00,2023,5,14,17,25,67,67447,PIERRE MENDES FRANCE (AVENUE),48.60126,7.75454,Plein jour,En agglomération,Intersection en T,Normale,Deux véhicules - côté,4,2,2,0,1,1,1,0,5,50,2,2,0,0,0,2,25.0,47.0,deux_roues,deux_roues,1,2,3,1,3
202300043418,2023-05-14 17:25:00,2023,5,14,17,25,67,67447,PIERRE MENDES FRANCE (AVENUE),48.60126,7.75454,Plein jour,En agglomération,Intersection en T,Normale,Deux véhicules - côté,4,3,5,2,1,1,1,0,1,50,2,2,0,0,0,2,25.0,47.0,deux_roues,deux_roues,1,2,3,1,3
202300043419,2023-10-08 13:05:00,2023,10,8,13,5,34,34032,ROUTE DE BEDARIEUX (RD.909),43.38186,3.22286,Plein jour,Hors agglomération,Hors intersection,Normale,Deux véhicules - frontale,3,2,2,0,1,4,1,0,1,90,2,2,0,1,1,0,69.0,69.0,voiture,voiture,1,1,1,1,1
202300043420,2023-10-07 14:37:00,2023,10,7,14,37,34,34032,CADENAT JULES (BD),43.34004,3.25059,Plein jour,En agglomération,Hors intersection,Normale,Autre collision,4,2,2,0,1,1,1,9,1,50,1,1,0,0,1,0,21.0,,deux_roues,,1,2,1,1,6
202300043421,2023-05-14 20:45:00,2023,5,14,20,45,51,51454,avenue Jean Jaurès,49.26351753,4.05606329,Nuit avec éclairage allumé,En agglomération,Intersection en X,Normale,Deux véhicules - côté,4,2,3,0,1,1,1,0,1,50,2,2,1,0,0,1,36.0,25.0,voiture,deux_roues,5,2,2,1,3
202300043421,2023-05-14 20:45:00,2023,5,14,20,45,51,51454,avenue Jean Jaurès,49.26351753,4.05606329,Nuit avec éclairage allumé,En agglomération,Intersection en X,Normale,Deux véhicules - côté,4,2,3,0,1,1,1,0,1,-1,2,2,1,0,0,1,36.0,25.0,voiture,deux_roues,5,2,2,1,3
202300043422,2023-11-03 20:11:00,2023,11,3,20,11,33,33522,Avenue de la Mission Haut Brion,44.80893,-0.60572,Nuit avec éclairage allumé,En agglomération,Intersection en T,Pluie légère,Deux véhicules - côté,4,2,2,-1,1,1,2,5,1,50,2,2,1,0,0,1,35.0,49.0,deux_roues,voiture,5,2,3,2,3
202300043422,2023-11-03 20:11:00,2023,11,3,20,11,33,33522,Avenue de la Mission Haut Brion,44.80893,-0.60572,Nuit avec éclairage allumé,En agglomération,Intersection en T,Pluie légère,Deux véhicules - côté,4,2,2,0,1,1,2,5,1,50,2,2,1,0,0,1,35.0,49.0,deux_roues,voiture,5,2,3,2,3
202300043423,2023-05-13 11:41:00,2023,5,13,11,41,51,51344,RD3,49.05279,3.91069,Plein jour,Hors agglomération,Hors intersection,Normale,Sans collision,3,2,2,0,1,1,1,0,3,70,1,1,0,1,0,0,64.0,,utilitaire_camion,,1,1,1,1,7
202300043424,2023-11-03 17:55:00,2023,11,3,17,55,33,33063,Quai de la Souys,44.82909,-0.54139,Nuit avec éclairage allumé,En agglomération,Hors intersection,Pluie forte,Deux véhicules - côté,4,2,3,0,1,1,2,0,1,50,2,2,1,0,1,0,45.0,48.0,utilitaire_camion,deux_roues,5,2,1,3,3
202300043425,2023-05-14 18:20:00,2023,5,14,18,20,44,44109,2 Boulevard Nicéphore Niepce,47.276847,-1.515046,Plein jour,En agglomération,Giratoire,Normale,Autre collision,4,2,2,0,1,1,1,0,1,30,1,1,0,0,0,1,44.0,,voiture,,1,2,6,1,6
202300043425,2023-05-14 18:20:00,2023,5,14,18,20,44,44109,2 Boulevard Nicéphore Niepce,47.276847,-1.515046,Plein jour,En agglomération,Giratoire,Normale,Autre collision,4,3,2,2,1,1,1,0,1,30,1,1,0,0,0,1,44.0,,voiture,,1,2,6,1,6
202300043426,2023-05-14 18:00:00,2023,5,14,18,0,43,43089,15 Chemin des Lilas,45.051293,3.872522,Plein jour,En agglomération,Hors intersection,Temps couvert,Autre collision,4,-1,2,0,1,1,1,9,8,-1,1,1,0,0,0,1,39.0,,utilitaire_camion,,1,2,1,8,6
202300043427,2023-11-04 00:45:00,2023,11,4,0,45,31,31555,20 LESPINET  (PERIPH OUEST A620),43.565,1.485,Nuit avec éclairage allumé,Hors agglomération,Hors intersection,Normale,Deux véhicules - arrière,1,1,3,0,1,1,2,0,1,90,2,3,1,0,0,2,19.0,,utilitaire_camion,utilitaire_camion,5,1,1,1,2
202300043428,2023-05-14 06:20:00,2023,5,14,6,20,35,35238,DESGREES (BD PAUL HUTIN),48.09309,-1.63971,Plein jour,En agglomération,Hors intersection,Normale,Autre collision,4,2,2,1,1,1,1,0,1,50,1,1,0,0,0,1,25.0,,voiture,,1,2,1,1,6
202300043429,2023-05-13 18:35:00,2023,5,13,18,35,35,35238,DONZELOT (AVENUE PIERRE),48.12581379,-1.64076492,Plein jour,En agglomération,Hors intersection,Normale,Deux véhicules - côté,4,2,2,0,2,2,1,0,1,30,2,2,1,0,0,1,21.0,50.0,voiture,deux_roues,1,2,1,1,3
202300043430,2023-11-03 21:10:00,2023,11,3,21,10,31,31555,AV D EMPALOT,43.57543,1.43627,Nuit sans éclairage public,En agglomération,Hors intersection,Pluie légère,Deux véhicules - côté,4,2,2,0,1,2,2,0,1,50,2,4,3,0,0,1,27.0,34.0,voiture,utilitaire_camion,3,2,1,2,3
202300043431,2023-05-14 01:51:00,2023,5,14,1,51,31,31555,BARCELONE (ALL DE) DU 16AU 156,43.60603,1.43268,Nuit sans éclairage public,En agglomération,Hors intersection,Pluie forte,Autre collision,4,1,1,1,1,1,2,0,5,50,1,3,1,0,1,1,23.0,,deux_roues,,3,2,1,3,6
202300043432,2023-11-03 21:35:00,2023,11,3,21,35,29,29232,Rond-Point de Ludugris,47.9791691,-4.12144482,Nuit avec éclairage allumé,En agglomération,Autre intersection,Pluie légère,Sans collision,4,1,2,0,3,2,2,9,1,50,1,2,0,0,0,2,15.0,,deux_roues,,5,2,9,2,7
202300043433,2023-05-12 12:20:00,2023,5,12,12,20,29,29232,Route de Rosporden,47.988469,-4.054088,Plein jour,En agglomération,Hors intersection,Normale,Autre collision,3,2,2,0,2,1,1,0,1,70,1,1,0,0,0,1,52.0,,deux_roues,,1,2,1,1,6
202300043434,2023-11-03 15:00:00,2023,11,3,15,0,25,25056,rue alfred de vigny,47.21658,5.96321,Plein jour,En agglomération,Hors intersection,Normale,Autre collision,4,2,2,0,1,1,1,0,1,50,1,2,1,0,0,1,48.0,,voiture,,1,2,1,1,6