accident_id,datetime,annee,mois,jour,heure,minute,departement,commune_insee,adresse,latitude,longitude,luminosite,agglomeration,intersection,meteo,collision,catr,circ,nbv,vosp,prof,plan,surf,infra,situ,vma,nb_vehicules,nb_usagers,nb_indemnes,nb_tues,nb_blesses_hosp,nb_blesses_legers,age_cond_1,age_cond_2,veh_type_cond_1,veh_type_cond_2,lum_code,agg_code,int_code,atm_code,col_code
202300043503,2023-05-15 06:25:00,2023,5,15,6,25,36,36101,,46.71566405,1.59614628,Crépuscule ou aube,Hors agglomération,Hors intersection,Brouillard / fumée,Autre collision,1,3,2,0,1,1,1,0,1,130,1,1,0,0,0,1,39.0,,utilitaire_camion,,2,1,1,5,6
202300043504,2023-10-31 18:40:00,2023,10,31,18,40,51,51518,D330,49.307106,3.977351,Nuit sans éclairage public,Hors agglomération,Intersection en T,Normale,Sans collision,3,-1,2,0,1,1,1,0,8,80,1,1,0,0,1,0,45.0,,voiture,,3,1,3,1,7
202300043504,2023-10-31 18:40:00,2023,10,31,18,40,51,51518,D330,49.307106,3.977351,Nuit sans éclairage public,Hors agglomération,Intersection en T,Normale,Sans collision,3,2,2,0,1,1,1,0,8,80,1,1,0,0,1,0,45.0,,voiture,,3,1,3,1,7
202300043505,2023-05-08 22:45:00,2023,5,8,22,45,91,91617,D33,48.638619,2.514573,Nuit sans éclairage public,En agglomération,Hors intersection,Pluie légère,Deux véhicules - côté,3,2,2,0,1,1,2,0,1,70,2,2,0,0,1,1,25.0,56.0,voiture,voiture,3,2,1,2,3
202300043506,2023-10-29 19:38:00,2023,10,29,19,38,51,51238,route départementale 18,48.868441,3.871146,Nuit sans éclairage public,Hors agglomération,Hors intersection,Normale,Deux véhicules - arrière,3,2,2,0,2,1,2,0,1,80,2,2,1,0,1,0,16.0,18.0,deux_roues,deux_roues,3,1,1,1,2
202300043507,2023-05-14 12:40:00,2023,5,14,12,40,82,82030,4 Route de Saint Aignan,44.009106,1.0838,Plein jour,En agglomération,Hors intersection,Normale,Autre collision,3,2,2,0,1,3,1,9,3,30,1,1,0,0,1,0,69.0,,voiture,,1,2,1,1,6
202300043508,2023-11-04 06:30:00,2023,11,4,6,30,51,51617,D21e1,49.038494,4.311769,Nuit sans éclairage public,Hors agglomération,Hors intersection,Pluie légère,Autre collision,3,2,2,0,2,1,2,0,3,80,1,1,0,1,0,0,84.0,,voiture,,3,1,1,2,6
202300043509,2023-11-03 16:00:00,2023,11,3,16,0,80,80585,36 Rue Félix Corroyer,49.75599,2.910491,Plein jour,Hors agglomération,Hors intersection,Normale,Autre collision,4,2,2,0,3,1,1,0,1,50,1,2,1,0,0,1,47.0,,voiture,,1,1,1,1,6
202300043510,2023-05-02 07:25:00,2023,5,2,7,25,11,11105,RD 118,43.035427,2.24723,Crépuscule ou aube,Hors agglomération,Hors intersection,Normale,Trois véhicules et plus - en chaîne,3,3,4,0,1,1,1,0,1,110,3,3,2,0,1,0,66.0,47.0,voiture,voiture,2,1,1,1,4
202300043511,2023-05-14 21:10:00,2023,5,14,21,10,61,61038,D938,48.37037,0.566992,Crépuscule ou aube,En agglomération,Intersection en T,Normale,Autre collision,3,2,2,0,1,1,1,0,4,50,1,2,0,0,0,2,18.0,,deux_roues,,2,2,3,1,6
202300043511,2023-05-14 21:10:00,2023,5,14,21,10,61,61038,D938,48.37037,0.566992,Crépuscule ou aube,En agglomération,Intersection en T,Normale,Autre collision,3,2,2,0,1,3,1,0,4,30,1,2,0,0,0,2,18.0,,deux_roues,,2,2,3,1,6
202300043512,2023-11-03 15:55:00,2023,11,3,15,55,69,69214,Rue du Lac,46.006084,4.359169,Plein jour,Hors agglomération,Hors intersection,Pluie légère,Deux véhicules - frontale,3,2,2,0,2,1,2,0,1,80,2,4,0,0,4,0,45.0,61.0,voiture,utilitaire_camion,1,1,1,2,1
202300043513,2023-05-12 07:45:00,2023,5,12,7,45,41,41229,Rue Principale,47.317237,1.399558,Plein jour,En agglomération,Hors intersection,Normale,Autre collision,3,2,2,0,2,1,1,0,1,50,1,1,0,0,1,0,33.0,,deux_roues,,1,2,1,1,6
202300043514,2023-11-03 19:20:00,2023,11,3,19,20,81,81220,Promenade des Lices,43.823174,1.725838,Nuit avec éclairage non allumé,En agglomération,Hors intersection,Pluie légère,Autre collision,3,2,2,0,1,1,2,6,1,30,1,2,1,0,1,0,59.0,,voiture,,4,2,1,2,6
202300043515,2023-11-04 03:00:00,2023,11,4,3,0,89,89276,16 Route de Troyes,48.042349,3.792225,Nuit sans éclairage public,En agglomération,Hors intersection,Normale,Autre collision,2,2,2,0,2,3,1,0,4,50,1,1,0,0,1,0,32.0,,voiture,,3,2,1,1,6
202300043516,2023-05-05 17:35:00,2023,5,5,17,35,41,41044,D976 - 86 rue Nationale,47.267378,1.88445,Plein jour,En agglomération,Hors intersection,Normale,Deux véhicules - arrière,3,1,2,0,1,1,1,0,1,50,2,2,1,0,0,1,80.0,39.0,voiture,voiture,1,2,1,1,2
202300043517,2023-11-04 02:00:00,2023,11,4,2,0,63,63406,D211,45.953507,3.205175,Nuit sans éclairage public,Hors agglomération,Hors intersection,Normale,Sans collision,3,2,2,0,1,3,1,0,3,90,1,3,0,0,1,2,21.0,,voiture,,3,1,1,1,7
202300043518,2023-05-14 21:00:00,2023,5,14,21,0,39,39297,,46.472663,5.945867,Nuit sans éclairage public,Hors agglomération,Hors intersection,Normale,Deux véhicules - frontale,3,2,2,0,2,1,1,0,1,80,2,4,0,0,2,2,56.0,37.0,voiture,voiture,3,1,1,1,1
202300043519,2023-11-03 17:50:00,2023,11,3,17,50,63,63352,1 Route de Brioude,45.457659,3.23803,Nuit avec éclairage non allumé,En agglomération,Hors intersection,Normale,Autre collision,3,2,2,0,1,1,1,0,1,30,1,3,2,1,0,0,39.0,,utilitaire_camion,,4,2,1,1,6
202300043520,2023-05-14 03:30:00,2023,5,14,3,30,39,39412,,47.003436,5.355256,Nuit sans éclairage public,Hors agglomération,Giratoire,Normale,Autre collision,3,2,2,0,1,1,1,5,3,90,1,2,1,0,1,0,36.0,,voiture,,3,1,6,1,6
202300043521,2023-11-04 10:05:00,2023,11,4,10,5,63,63040,D212/D151,45.720199,3.305061,Plein jour,Hors agglomération,Intersection en T,Temps couvert,Deux véhicules - frontale,3,2,2,0,1,1,2,5,1,90,2,2,0,0,1,1,92.0,70.0,voiture,voiture,1,1,3,8,1
202300043521,2023-11-04 10:05:00,2023,11,4,10,5,63,63040,D212/D151,45.720199,3.305061,Plein jour,Hors agglomération,Intersection en T,Temps couvert,Deux véhicules - frontale,3,2,2,-1,1,1,2,5,1,90,2,2,0,0,1,1,92.0,70.0,voiture,voiture,1,1,3,8,1
202300043522,2023-05-15 07:50:00,2023,5,15,7,50,29,29210,Keroumen,48.594825,-4.051788,Plein jour,Hors agglomération,Hors intersection,Normale,Trois véhicules et plus - collisions multiples,3,2,2,0,1,1,1,0,1,80,3,3,0,1,0,2,44.0,52.0,voiture,voiture,1,1,1,1,5
202300043523,2023-05-15 20:35:00,2023,5,15,20,35,02,02419,8 Route Nationale,49.950353,3.775316,Crépuscule ou aube,Hors agglomération,Hors intersection,Normale,Autre collision,3,2,2,0,1,1,1,0,8,80,1,1,0,1,0,0,40.0,,voiture,,2,1,1,1,6
202300043524,2023-10-31 19:00:00,2023,10,31,19,0,49,49155,Route Départementale N°775,47.586115,-0.690047,Nuit sans éclairage public,Hors agglomération,Hors intersection,Normale,Deux véhicules - arrière,3,3,0,0,1,1,1,0,1,90,2,2,1,0,0,1,47.0,35.0,voiture,voiture,3,1,1,1,2
202300043525,2023-05-15 17:43:00,2023,5,15,17,43,70,70561,D486,47.579189,6.432495,Plein jour,Hors agglomération,Hors intersection,Pluie forte,Deux véhicules - frontale,3,2,2,0,2,2,2,0,1,90,2,2,0,0,2,0,62.0,32.0,voiture,voiture,1,1,1,3,1
202300043526,2023-10-27 20:10:00,2023,10,27,20,10,31,31212,Chemin du Lavoir,43.707454,1.558878,Nuit sans éclairage public,Hors agglomération,Hors intersection,Normale,Deux véhicules - frontale,3,2,2,0,2,1,1,0,3,50,2,2,1,0,1,0,27.0,20.0,deux_roues,utilitaire_camion,3,1,1,1,1
202300043527,2023-05-14 16:00:00,2023,5,14,16,0,66,66123,Mas des Sources (Hôpital),42.52844,2.245963,Plein jour,Hors agglomération,Hors intersection,Normale,Deux véhicules - côté,2,2,2,0,2,2,1,2,1,80,2,2,1,0,1,0,65.0,23.0,voiture,voiture,1,1,1,1,3
202300043528,2023-11-04 14:00:00,2023,11,4,14,0,02,02180,,49.656843,3.61565,Plein jour,Hors agglomération,Hors intersection,Temps couvert,Deux véhicules - arrière,3,2,2,0,1,1,2,8,1,80,2,2,1,0,1,0,38.0,16.0,voiture,deux_roues,1,1,1,8,2
202300043529,2023-05-14 18:20:00,2023,5,14,18,20,72,72269,D357,47.91950103,0.76603174,Plein jour,Hors agglomération,Hors intersection,Normale,Autre collision,3,2,1,0,1,1,1,0,1,90,1,1,0,0,1,0,29.0,,deux_roues,,1,1,1,1,6
202300043530,2023-05-11 16:30:00,2023,5,11,16,30,14,14543,2 La Sablonniere,49.197571,-0.47466,Plein jour,En agglomération,Hors intersection,Normale,Deux véhicules - côté,4,2,2,0,1,1,1,0,1,50,2,2,1,0,1,0,52.0,21.0,voiture,utilitaire_camion,1,2,1,1,3
202300043531,2023-11-04 09:00:00,2023,11,4,9,0,26,26339,RD6A PK 01+750,44.581787,4.799395,Plein jour,Hors agglomération,Hors intersection,Pluie légère,Deux véhicules - frontale,3,2,2,0,1,2,2,0,1,80,2,4,0,0,1,3,19.0,56.0,voiture,utilitaire_camion,1,1,1,2,1
202300043532,2023-05-12 16:55:00,2023,5,12,16,55,60,60509,Rue Salvador Allendé,49.294887,2.599704,Plein jour,En agglomération,Hors intersection,Normale,Autre collision,4,2,2,0,2,2,1,0,1,50,1,2,1,0,0,1,31.0,,voiture,,1,2,1,1,6
202300043533,2023-11-03 12:55:00,2023,11,3,12,55,58,58295,Hameau le Bouchat,47.323414,2.946755,Plein jour,Hors agglomération,Hors intersection,Pluie légère,Sans collision,4,2,2,0,1,1,2,0,3,50,1,1,0,0,1,0,18.0,,voiture,,1,1,1,2,7
202300043534,2023-05-14 17:22:00,2023,5,14,17,22,10,10233,Route de Plancy,48.511545,3.895248,Plein jour,Hors agglomération,Hors intersection,Normale,Autre collision,3,-1,2,0,1,1,1,9,8,90,1,5,1,0,3,1,34.0,,voiture,,1,1,1,1,6
202300043535,2023-11-03 23:55:00,2023,11,3,23,55,58,58024,D958,47.13776,3.606879,Nuit sans éclairage public,Hors agglomération,Hors intersection,Pluie légère,Autre collision,3,2,2,0,1,2,2,0,1,90,2,3,2,0,1,0,18.0,18.0,voiture,voiture,3,1,1,2,6
202300043536,2023-05-15 07:20:00,2023,5,15,7,20,10,10375,D619,48.28258813,4.17555096,Crépuscule ou aube,Hors agglomération,Hors intersection,Brouillard / fumée,Deux véhicules - frontale,3,2,1,0,3,3,1,0,1,90,2,2,0,1,1,0,24.0,54.0,utilitaire_camion,utilitaire_camion,2,1,1,5,1
202300043537,2023-11-04 06:00:00,2023,11,4,6,0,58,58176,D176,47.032621,3.249657,Nuit sans éclairage public,Hors agglomération,Hors intersection,Pluie forte,Autre collision,3,2,2,0,1,1,2,0,8,80,1,1,0,1,0,0,19.0,,voiture,,3,1,1,3,6
202300043538,2023-05-12 17:00:00,2023,5,12,17,0,16,16039,D180,46.044566,0.15086,Plein jour,Hors agglomération,Intersection en X,Pluie forte,Deux véhicules - côté,3,2,2,0,1,1,2,0,1,50,2,2,1,0,1,0,76.0,52.0,voiture,voiture,1,1,2,3,3
202300043538,2023-05-12 17:00:00,2023,5,12,17,0,16,16039,D180,46.044566,0.15086,Plein jour,Hors agglomération,Intersection en X,Pluie forte,Deux véhicules - côté,3,2,2,-1,1,1,2,0,1,80,2,2,1,0,1,0,76.0,52.0,voiture,voiture,1,1,2,3,3
202300043539,2023-11-04 19:20:00,2023,11,4,19,20,06,06090,Avenue Fredéric Mistral,43.593856,6.92625,Nuit avec éclairage allumé,En agglomération,Hors intersection,Pluie légère,Autre collision,3,2,2,0,1,1,2,0,1,50,1,2,1,0,0,1,62.0,,voiture,,5,2,1,2,6
202300043540,2023-05-14 15:35:00,2023,5,14,15,35,53,53151,"d 227, maison neuve",47.93778,-1.0216,Plein jour,Hors agglomération,Hors intersection,Normale,Sans collision,3,2,2,0,1,2,1,0,3,80,1,1,0,0,0,1,37.0,,deux_roues,,1,1,1,1,7
202300043541,2023-11-04 15:31:00,2023,11,4,15,31,14,14394,31 Rue du Major E.G. Styffe,49.01043,-0.170711,Plein jour,En agglomération,Hors intersection,Normale,Autre collision,3,2,2,0,2,3,1,0,4,50,1,4,0,0,0,4,44.0,,voiture,,1,2,1,1,6
202300043542,2023-05-13 02:30:00,2023,5,13,2,30,53,53137,route de la croix aux vanneurs,48.068286,-0.968513,Nuit sans éclairage public,Hors agglomération,Autre intersection,Normale,Sans collision,4,2,2,0,1,4,1,0,3,80,1,1,0,0,1,0,29.0,,voiture,,3,1,9,1,7
202300043543,2023-05-13 23:20:00,2023,5,13,23,20,04,04218,La batie,44.070398,6.482894,Nuit sans éclairage public,Hors agglomération,Hors intersection,Temps couvert,Sans collision,3,2,2,0,1,2,2,0,8,80,1,1,0,0,1,0,45.0,,voiture,,3,1,1,8,7
202300043544,2023-11-03 18:30:00,2023,11,3,18,30,07,07317,D370b,45.217931,4.790726,Nuit sans éclairage public,Hors agglomération,Hors intersection,Normale,Deux véhicules - côté,3,2,2,0,2,4,1,0,1,80,2,3,0,0,1,2,77.0,57.0,voiture,voiture,3,1,1,1,3
202300043545,2023-11-03 17:40:00,2023,11,3,17,40,07,07157,Chemin de Fournier,44.605337,4.724941,Nuit avec éclairage allumé,En agglomération,Hors intersection,Pluie légère,Autre collision,4,2,2,0,1,1,2,0,1,50,1,1,0,1,0,0,59.0,,voiture,,5,2,1,2,6
202300043546,2023-05-13 16:45:00,2023,5,13,16,45,85,85234,RD 205 - Rond point du porteau,46.79582,-2.010678,Plein jour,Hors agglomération,Giratoire,Normale,Autre collision,3,2,2,0,1,1,1,0,1,80,1,5,4,0,0,1,34.0,,voiture,,1,1,6,1,6
202300043547,2023-11-03 20:45:00,2023,11,3,20,45,53,53146,18 Rue Vénus,48.193204,-0.664493,Nuit sans éclairage public,En agglomération,Hors intersection,Pluie légère,Autre collision,4,2,2,0,1,1,2,0,3,30,1,1,0,0,0,1,27.0,,deux_roues,,3,2,1,2,6
202300043548,2023-05-14 15:25:00,2023,5,14,15,25,27,27067,RD 14 bis,49.29939,1.659175,Plein jour,Hors agglomération,Hors intersection,Normale,Deux véhicules - côté,3,2,2,0,1,1,1,0,1,80,2,4,2,0,1,1,34.0,49.0,deux_roues,voiture,1,1,1,1,3
202300043549,2023-10-15 17:24:00,2023,10,15,17,24,21,21065,Route de Crépey,47.081235,4.742258,Plein jour,En agglomération,Hors intersection,Normale,Autre collision,3,2,2,0,1,1,1,0,3,50,1,2,0,0,2,0,16.0,,deux_roues,,1,2,1,1,6
202300043550,2023-11-04 17:35:00,2023,11,4,17,35,40,40303,Route de Puymenjon,44.112302,-0.944653,Plein jour,Hors agglomération,Hors intersection,Pluie légère,Sans collision,3,2,2,0,1,2,2,0,3,80,1,1,0,0,1,0,30.0,,deux_roues,,1,1,1,2,7
202300043551,2023-05-15 08:50:00,2023,5,15,8,50,27,27425,Grande Rue,49.147875,0.71373,Plein jour,En agglomération,Intersection en T,Normale,Deux véhicules - côté,3,2,2,0,1,1,1,0,1,50,2,2,1,0,1,0,32.0,16.0,voiture,deux_roues,1,2,3,1,3
202300043551,2023-05-15 08:50:00,2023,5,15,8,50,27,27425,Grande Rue,49.147875,0.71373,Plein jour,En agglomération,Intersection en T,Normale,Deux véhicules - côté,3,2,2,-1,1,1,1,0,1,50,2,2,1,0,1,0,32.0,16.0,voiture,deux_roues,1,2,3,1,3
202300043552,2023-11-03 16:00:00,2023,11,3,16,0,24,24020,D704,45.14951,1.164551,Plein jour,Hors agglomération,Hors intersection,Pluie forte,Deux véhicules - frontale,3,2,2,0,2,3,2,0,1,90,2,4,3,0,1,0,80.0,27.0,voiture,utilitaire_camion,1,1,1,3,1
202300043553,2023-05-14 19:30:00,2023,5,14,19,30,37,37270,route de vernou,47.41655027,0.86558104,Plein jour,Hors agglomération,Hors intersection,Normale,Deux véhicules - frontale,3,2,2,0,1,1,1,0,1,70,2,5,1,0,4,0,18.0,20.0,voiture,voiture,1,1,1,1,1
202300043554,2023-09-30 10:40:00,2023,9,30,10,40,04,04209,Allée des platanes,44.235347,5.908027,Plein jour,En agglomération,Hors intersection,Normale,Autre collision,4,2,2,0,1,1,1,0,1,50,1,3,1,0,1,1,36.0,,voiture,,1,2,1,1,6
202300043555,2023-05-15 10:09:00,2023,5,15,10,9,30,30165,Route d'Uzès,44.097371,4.14758,Plein jour,Hors agglomération,Intersection en T,Normale,Deux véhicules - arrière,3,2,2,0,1,1,1,0,1,80,2,2,1,1,0,0,78.0,43.0,voiture,deux_roues,1,1,3,1,2
202300043555,2023-05-15 10:09:00,2023,5,15,10,9,30,30165,Route d'Uzès,44.097371,4.14758,Plein jour,Hors agglomération,Intersection en T,Normale,Deux véhicules - arrière,3,2, -1,0,1,1,1,0,1,-1,2,2,1,1,0,0,78.0,43.0,voiture,deux_roues,1,1,3,1,2
202300043556,2023-05-14 22:00:00,2023,5,14,22,0,30,30307,18bis Route de la Pomarede,44.21012465,4.02221647,Nuit sans éclairage public,En agglomération,Hors intersection,Normale,Autre collision,2,2,2,0,1,2,1,0,1,50,1,3,0,1,1,1,25.0,,voiture,,3,2,1,1,6
202300043557,2023-05-14 19:50:00,2023,5,14,19,50,30,30086,D114,44.01825,4.28381,Plein jour,Hors agglomération,Hors intersection,Normale,Autre collision,3,2,2,0,4,1,1,0,1,80,1,2,1,0,1,0,41.0,,voiture,,1,1,1,1,6
202300043558,2023-11-04 12:15:00,2023,11,4,12,15,85,85022,RD 949,46.45595,-1.42765,Plein jour,Hors agglomération,Hors intersection,Vent fort / tempête,Trois véhicules et plus - collisions multiples,3,2,2,0,2,1,2,0,1,80,4,8,5,0,1,2,37.0,85.0,voiture,voiture,1,1,1,6,5
202300043559,2023-02-15 13:45:00,2023,2,15,13,45,08,08222,D8051,50.006153,4.692407,Plein jour,Hors agglomération,Hors intersection,Normale,Autre collision,3,2,2,0,1,3,1,0,1,80,1,2,1,0,1,0,67.0,,voiture,,1,1,1,1,6
202300043560,2023-11-03 18:00:00,2023,11,3,18,0,85,85084,RD 7,46.763193,-1.22651,Crépuscule ou aube,Hors agglomération,Hors intersection,Normale,Deux véhicules - arrière,3,2,2,0,1,1,1,0,1,80,2,2,1,1,0,0,56.0,56.0,voiture,deux_roues,2,1,1,1,2
202300043561,2023-11-03 04:30:00,2023,11,3,4,30,37,37014,32 Route de Langeais,47.267054,0.439796,Nuit sans éclairage public,En agglomération,Hors intersection,Normale,Deux véhicules - frontale,3,2,2,0,1,1,1,0,1,50,2,2,1,0,0,1,34.0,53.0,utilitaire_camion,deux_roues,3,2,1,1,1
202300043562,2023-05-15 10:55:00,2023,5,15,10,55,60,60009,A16,49.40428635,2.12580066,Plein jour,Hors agglomération,Hors intersection,Normale,Deux véhicules - frontale,1,3,2,0,1,2,1,0,1,130,2,3,0,0,3,0,38.0,71.0,voiture,voiture,1,1,1,1,1
202300043563,2023-11-04 16:49:00,2023,11,4,16,49,06,06030,"A8, pk 161.400 voie sud",43.568763,6.974001,Crépuscule ou aube,Hors agglomération,Hors intersection,Pluie forte,Autre collision,1,3,6,0,2,1,3,0,2,-1,1,2,0,0,0,2,39.0,,voiture,,2,1,1,3,6
202300043564,2023-05-14 12:15:00,2023,5,14,12,15,42,42324,A72,45.560548,4.241956,Plein jour,Hors agglomération,Hors intersection,Normale,Autre collision,1,4, -1,0,1,1,1,7,1,70,1,2,0,0,2,0,84.0,,voiture,,1,1,1,1,6
202300043565,2023-05-15 10:20:00,2023,5,15,10,20,44,44026,,47.30168274,-1.43037915,Plein jour,Hors agglomération,Hors intersection,Normale,Autre collision,1,3,4,0,2,1,1,0,3,130,1,2,0,0,1,1,29.0,,voiture,,1,1,1,1,6
202300043566,2023-11-03 18:30:00,2023,11,3,18,30,13,13058,Avenue du Général de Gaulle,43.71304,4.803313,Nuit avec éclairage allumé,En agglomération,Giratoire,Normale,Deux véhicules - côté,3,2,1,0,1,1,1,5,1,-1,2,2,0,1,0,1,37.0,28.0,voiture,voiture,5,2,6,1,3
202300043566,2023-11-03 18:30:00,2023,11,3,18,30,13,13058,Avenue du Général de Gaulle,43.71304,4.803313,Nuit avec éclairage allumé,En agglomération,Giratoire,Normale,Deux véhicules - côté,3,2,1,0,1,1,1,5,1,50,2,2,0,1,0,1,37.0,28.0,voiture,voiture,5,2,6,1,3
202300043567,2023-05-15 05:30:00,2023,5,15,5,30,976,97617,D3 Pont Miréréni Combani,-12.788952,45.138788,Crépuscule ou aube,En agglomération,Intersection en T,Normale,Autre collision,3,2,2,0,1,1,1,2,1,50,1,2,1,0,1,0,41.0,,transport_commun,,2,2,3,1,6
202300043567,2023-05-15 05:30:00,2023,5,15,5,30,976,97617,D3 Pont Miréréni Combani,-12.788952,45.138788,Crépuscule ou aube,En agglomération,Intersection en T,Normale,Autre collision,3,2, -1,-1,1,1,1,0,1,-1,1,2,1,0,1,0,41.0,,transport_commun,,2,2,3,1,6
202300043568,2023-11-04 02:20:00,2023,11,4,2,20,30,30156,A9,43.864795,4.433598,Nuit sans éclairage public,Hors agglomération,Hors intersection,Normale,Sans collision,1,3,3,0,1,1,1,0,2,90,1,2,0,1,1,0,41.0,,utilitaire_camion,,3,1,1,1,7
202300043569,2023-05-13 16:00:00,2023,5,13,16,0,987,98714,"quartier Faatahi, près ""LE RÉCIF'""",-16.388,-151.765,Plein jour,Hors agglomération,Hors intersection,Normale,Deux véhicules - côté,2,2,2,0,1,3,1,0,1,60,2,2,1,1,0,0,33.0,59.0,voiture,deux_roues,1,1,1,1,3
202300043570,2023-11-04 00:00:00,2023,11,4,0,0,11,11202,Rue Dali Port Leucate,42.841045,3.039871,Nuit avec éclairage allumé,En agglomération,Hors intersection,Normale,Autre collision,4,2,2,1,1,1,1,0,1,30,1,4,3,1,0,0,27.0,,voiture,,5,2,1,1,6
202300043571,2023-11-02 02:00:00,2023,11,2,2,0,987,98747,Route du lycée - TARAVAO,-17.756,-148.736,Nuit avec éclairage allumé,Hors agglomération,Hors intersection,Normale,Sans collision,4,2,2,0,1,1,1,0,8,30,2,3,1,0,1,1,47.0,15.0,voiture,deux_roues,5,1,1,1,7
202300043572,2023-05-14 11:45:00,2023,5,14,11,45,987,98754,"PK 9,500 MIRI MIRI",-16.887099,-151.458327,Plein jour,Hors agglomération,Hors intersection,Normale,Autre collision,2,2,2,0,1,1,1,0,3,60,1,4,0,0,1,3,71.0,,voiture,,1,1,1,1,6
202300043573,2023-11-03 06:45:00,2023,11,3,6,45,987,98733,PK 27.200c/mt - RT1,-17.696,-149.548,Crépuscule ou aube,Hors agglomération,Hors intersection,Normale,Deux véhicules - frontale,2,2,2,0,4,2,1,0,1,60,2,2,1,0,1,0,29.0,6.0,voiture,deux_roues,2,1,1,1,1
202300043574,2023-05-14 14:00:00,2023,5,14,14,0,988,98815,Lieu-dit Trou de Bone,-21.46625,167.93582,Plein jour,Hors agglomération,Hors intersection,Normale,Sans collision,4,2,2,0,1,2,1,0,1,70,1,11,10,1,0,0,33.0,,utilitaire_camion,,1,1,1,1,7
202300043575,2023-11-03 11:50:00,2023,11,3,11,50,33,33199,45 Av du Mal de Lattre de Tassigny,44.637972,-1.111128,Crépuscule ou aube,En agglomération,Hors intersection,Pluie légère,Autre collision,3,2,2,1,1,1,2,0,5,50,1,2,1,0,1,0,23.0,,deux_roues,,2,2,1,2,6
202300043576,2023-05-07 01:15:00,2023,5,7,1,15,988,98821,Route de N'Dé,-22.13388,166.33318,Nuit sans éclairage public,Hors agglomération,Autre intersection,Normale,Autre collision,4,2,2,0,1,2,1,0,3,70,1,2,1,1,0,0,28.0,,voiture,,3,1,9,1,6
202300043577,2023-05-14 11:00:00,2023,5,14,11,0,971,97117,Route de Caillebot,16.316072,-61.363927,Plein jour,Hors agglomération,Hors intersection,Normale,Autre collision,4,2,2,0,1,1,9,0,3,80,1,1,0,1,0,0,59.0,,deux_roues,,1,1,1,1,6
202300043578,2023-11-04 12:15:00,2023,11,4,12,15,13,13027,D75a,43.863975,4.858532,Plein jour,Hors agglomération,Hors intersection,Normale,Sans collision,3,2,1,0,2,3,2,0,3,80,1,7,1,0,0,6,26.0,,voiture,,1,1,1,1,7
202300043579,2023-11-03 16:15:00,2023,11,3,16,15,68,68352,D1III PK 002+000,48.019389,7.552307,Plein jour,En agglomération,Intersection en X,Normale,Deux véhicules - côté,3,2,2,0,1,1,1,0,1,50,2,2,1,0,1,0,18.0,58.0,deux_roues,voiture,1,2,2,1,3
202300043579,2023-11-03 16:15:00,2023,11,3,16,15,68,68352,D1III PK 002+000,48.019389,7.552307,Plein jour,En agglomération,Intersection en X,Normale,Deux véhicules - côté,3,2,2,0,1,1,1,0,1,50,2,2,1,0,1,0,18.0,58.0,deux_roues,voiture,1,2,2,1,3
202300043580,2023-05-15 01:00:00,2023,5,15,1,0,21,21699,Route Departementale 905,47.196981,5.3693,Nuit sans éclairage public,Hors agglomération,Hors intersection,Normale,Deux véhicules - frontale,3,2,2,0,3,1,1,0,1,90,2,2,0,0,1,1,28.0,35.0,voiture,utilitaire_camion,3,1,1,1,1
202300043581,2023-11-03 17:15:00,2023,11,3,17,15,54,54111,320 Rue du Val Fleurion,48.62482834,6.08983219,Nuit avec éclairage allumé,En agglomération,Hors intersection,Normale,Autre collision,4,2,2,0,2,2,1,0,4,50,1,1,0,0,1,0,47.0,,deux_roues,,5,2,1,1,6
202300043582,2023-11-03 14:17:00,2023,11,3,14,17,03,03290,N7,46.624758,3.286098,Plein jour,Hors agglomération,Giratoire,Pluie légère,Autre collision,2,2,2,0,1,1,2,0,1,90,1,1,0,0,0,1,50.0,,deux_roues,,1,1,6,2,6
202300043583,2023-05-12 15:15:00,2023,5,12,15,15,67,67021,D854,48.410089,7.401588,Plein jour,Hors agglomération,Hors intersection,Normale,Sans collision,3,2,2,0,2,3,9,0,1,80,1,1,0,0,1,0,64.0,,deux_roues,,1,1,1,1,7
202300043584,2023-05-05 10:45:00,2023,5,5,10,45,03,03085,la presle,46.569394,3.249507,Plein jour,Hors agglomération,Hors intersection,Normale,Autre collision,3,2,2,0,1,2,2,0,3,90,1,1,0,0,0,1,21.0,,voiture,,1,1,1,1,6
202300043585,2023-11-03 16:25:00,2023,11,3,16,25,85,85298,RD32,46.586997,-1.761841,Plein jour,Hors agglomération,Hors intersection,Pluie légère,Deux véhicules - frontale,3,2,2,0,4,3,2,0,1,70,2,4,0,0,1,3,32.0,23.0,voiture,voiture,1,1,1,2,1
202300043586,2023-05-12 16:38:00,2023,5,12,16,38,38,38468,Rue du 11 Novembre 1918,45.347467,4.810499,Plein jour,En agglomération,Hors intersection,Pluie légère,Deux véhicules - arrière,4,2,2,0,2,2,2,0,1,50,2,2,1,0,1,0,15.0,38.0,deux_roues,voiture,1,2,1,2,2