accident_id,datetime,annee,mois,jour,heure,minute,departement,commune_insee,adresse,latitude,longitude,luminosite,agglomeration,intersection,meteo,collision,catr,circ,nbv,vosp,prof,plan,surf,infra,situ,vma,nb_vehicules,nb_usagers,nb_indemnes,nb_tues,nb_blesses_hosp,nb_blesses_legers,age_cond_1,age_cond_2,veh_type_cond_1,veh_type_cond_2,lum_code,agg_code,int_code,atm_code,col_code
202300043587,2023-11-02 09:40:00,2023,11,2,9,40,50,50294,Départementale 900,49.586956,-1.654258,Plein jour,Hors agglomération,Hors intersection,Vent fort / tempête,Autre collision,3,2,2,0,2,1,2,0,1,80,1,1,0,0,1,0,23.0,,voiture,,1,1,1,6,6
202300043588,2023-05-14 22:10:00,2023,5,14,22,10,38,38341,Route de la Garenne,45.57346,5.415037,Nuit sans éclairage public,Hors agglomération,Hors intersection,Pluie légère,Sans collision,3,2,2,0,2,1,2,0,1,90,1,2,1,0,0,1,19.0,,voiture,,3,1,1,2,7
202300043589,2023-11-04 00:20:00,2023,11,4,0,20,60,60341,Rue de la Liberté,49.091434,2.741664,Nuit avec éclairage allumé,En agglomération,Hors intersection,Normale,Deux véhicules - arrière,4,2,2,0,1,1,1,0,1,50,2,2,1,1,0,0,21.0,24.0,utilitaire_camion,deux_roues,5,2,1,1,2
202300043590,2023-05-15 16:35:00,2023,5,15,16,35,69,69153,Route de la Riviere,45.85931,4.80985,Plein jour,En agglomération,Hors intersection,Normale,Deux véhicules - arrière,7,2,2,0,3,1,1,0,1,50,2,2,1,0,0,1,19.0,23.0,deux_roues,utilitaire_camion,1,2,1,1,2
202300043591,2023-11-04 09:10:00,2023,11,4,9,10,02,02521,D1003,49.02605,3.20775,Plein jour,Hors agglomération,Hors intersection,Pluie forte,Deux véhicules - frontale,3,2,2,0,3,1,2,0,1,80,2,5,3,0,0,2,73.0,58.0,voiture,voiture,1,1,1,3,1
202300043592,2023-05-14 18:21:00,2023,5,14,18,21,69,69072,Route Departementale 307,45.81229747,4.73335359,Plein jour,Hors agglomération,Hors intersection,Normale,Deux véhicules - côté,7,2,2,0,1,1,1,0,1,70,2,4,0,0,2,2,55.0,17.0,voiture,voiture,1,1,1,1,3
202300043593,2023-11-03 22:30:00,2023,11,3,22,30,59,59643,M945,50.741469,2.9667,Nuit sans éclairage public,Hors agglomération,Intersection en X,Normale,Deux véhicules - frontale,7,2,2,2,1,1,1,0,1,70,2,3,0,1,2,0,19.0,23.0,voiture,voiture,3,1,2,1,1
202300043593,2023-11-03 22:30:00,2023,11,3,22,30,59,59643,M945,50.741469,2.9667,Nuit sans éclairage public,Hors agglomération,Intersection en X,Normale,Deux véhicules - frontale,7,2,2,-1,1,1,-1,0,-1,-1,2,3,0,1,2,0,19.0,23.0,voiture,voiture,3,1,2,1,1
202300043594,2023-05-12 16:15:00,2023,5,12,16,15,81,81219,Lieu dit le Fort,43.589114,1.997774,Plein jour,Hors agglomération,Hors intersection,Normale,Sans collision,3,2,2,0,1,1,1,0,8,80,1,1,0,0,1,0,81.0,,voiture,,1,1,1,1,7
202300043595,2023-05-14 21:50:00,2023,5,14,21,50,46,46202,Autoroute A20 PK 381+000 SENS PARIS - TOULOUSE.,44.283153,1.504769,Nuit sans éclairage public,Hors agglomération,Hors intersection,Normale,Sans collision,1,3,4,0,1,1,1,0,3,130,1,2,0,0,2,0,25.0,,voiture,,3,1,1,1,7
202300043596,2023-10-26 07:41:00,2023,10,26,7,41,13,13106,A7-Sens Lyon vers Marseille,43.38861,5.35094,Crépuscule ou aube,Hors agglomération,Hors intersection,Normale,Trois véhicules et plus - en chaîne,1,1,4,0,1,1,1,0,1,90,3,3,1,0,0,2,46.0,34.0,voiture,voiture,2,1,1,1,4
202300043597,2023-05-14 22:00:00,2023,5,14,22,0,86,86225,Rue de Messais,46.848023,0.0514072,Nuit avec éclairage allumé,En agglomération,Hors intersection,Normale,Deux véhicules - frontale,3,2,1,0,1,4,1,0,1,50,2,3,0,0,2,1,24.0,49.0,voiture,voiture,5,2,1,1,1
202300043598,2023-11-03 00:25:00,2023,11,3,0,25,13,13085,A50-Sens Toulon vers Aubagne,43.26311846,5.58921398,Nuit sans éclairage public,Hors agglomération,Hors intersection,Pluie légère,Autre collision,1,-1,3,0,2,3,2,0,1,110,1,3,0,0,0,3,18.0,,voiture,,3,1,1,2,6
202300043599,2023-05-14 15:35:00,2023,5,14,15,35,85,85296,la chunière,46.89029,-0.832107,Plein jour,Hors agglomération,Hors intersection,Normale,Sans collision,4,2,2,0,1,3,1,0,3,80,1,1,0,0,0,1,23.0,,deux_roues,,1,1,1,1,7
202300043600,2023-11-03 12:50:00,2023,11,3,12,50,83,83137,A50 TUNNEL TUBE SUD,43.12696803,5.92140338,Nuit avec éclairage allumé,Hors agglomération,Hors intersection,Normale,Deux véhicules - arrière,1,1,2,0,1,1,1,1,1,70,2,2,1,0,0,1,36.0,74.0,deux_roues,voiture,5,1,1,1,2
202300043601,2023-05-15 07:50:00,2023,5,15,7,50,60,60079,D922,49.147708,2.871869,Plein jour,Hors agglomération,Intersection en X,Brouillard / fumée,Deux véhicules - côté,3,2,2,0,1,1,1,0,1,80,2,2,0,0,0,2,39.0,29.0,voiture,voiture,1,1,2,5,3
202300043601,2023-05-15 07:50:00,2023,5,15,7,50,60,60079,D922,49.147708,2.871869,Plein jour,Hors agglomération,Intersection en X,Brouillard / fumée,Deux véhicules - côté,3,2, -1,-1,1,1,1,0,1,-1,2,2,0,0,0,2,39.0,29.0,voiture,voiture,1,1,2,5,3
202300043602,2023-11-01 13:50:00,2023,11,1,13,50,42,42218,N88,45.43343,4.41775,Plein jour,Hors agglomération,Hors intersection,Pluie légère,Deux véhicules - arrière,2,3,2,0,2,3,2,0,1,70,2,3,1,0,0,2,33.0,29.0,voiture,utilitaire_camion,1,1,1,2,2
202300043603,2023-05-14 15:00:00,2023,5,14,15,0,13,13215,A7-Sens Lyon vers Marseille,43.36723874,5.36069361,Plein jour,Hors agglomération,Hors intersection,Normale,Deux véhicules - arrière,1,1,3,0,1,1,1,0,1,90,2,3,2,0,0,1,46.0,61.0,voiture,voiture,1,1,1,1,2
202300043604,2023-11-03 18:45:00,2023,11,3,18,45,33,33039,ROCADE A 630,44.80688,-0.52847,Nuit avec éclairage allumé,Hors agglomération,Hors intersection,Pluie forte,Deux véhicules - arrière,2,3,6,0,1,1,4,2,1,90,2,4,2,0,0,2,20.0,35.0,voiture,voiture,5,1,1,3,2
202300043605,2023-05-13 23:39:00,2023,5,13,23,39,13,13215,A7-Sens Lyon vers Marseille,43.37718,5.35803,Nuit sans éclairage public,Hors agglomération,Hors intersection,Normale,Trois véhicules et plus - en chaîne,1,-1,3,0,1,1,1,0,1,90,3,3,2,0,0,1,22.0,38.0,voiture,voiture,3,1,1,1,4
202300043606,2023-11-03 12:15:00,2023,11,3,12,15,33,33013,ROUTE NATIONALE 230,44.85728214,-0.50482661,Plein jour,Hors agglomération,Hors intersection,Pluie forte,Deux véhicules - arrière,2,3,6,0,1,1,2,0,1,90,2,2,1,0,0,1,67.0,56.0,voiture,voiture,1,1,1,3,2
202300043607,2023-05-14 00:12:00,2023,5,14,0,12,13,13071,A7-Sens Lyon vers Marseille,43.40439,5.31722,Nuit sans éclairage public,Hors agglomération,Hors intersection,Normale,Deux véhicules - côté,1,3,3,0,1,1,1,0,1,110,2,4,2,0,0,2,22.0,33.0,voiture,voiture,3,1,1,1,3
202300043608,2023-11-03 12:05:00,2023,11,3,12,5,33,33249,ROUTE NATIONALE 230,44.87368065,-0.5067578,Plein jour,Hors agglomération,Hors intersection,Pluie forte,Autre collision,2,1,2,0,2,2,2,3,1,90,1,1,0,0,0,1,21.0,,voiture,,1,1,1,3,6
202300043609,2023-11-02 10:40:00,2023,11,2,10,40,33,33249,AUTOROUTE A 10,44.8780675,-0.50914496,Plein jour,Hors agglomération,Hors intersection,Pluie forte,Deux véhicules - côté,2,3,6,0,1,1,2,0,1,90,2,2,1,0,0,1,23.0,53.0,utilitaire_camion,voiture,1,1,1,3,3
202300043610,2023-05-13 02:10:00,2023,5,13,2,10,13,13202,TVPCM-Sens Saint Victor vers Les Ports,43.30935,5.36853,Nuit avec éclairage allumé,Hors agglomération,Hors intersection,Normale,Deux véhicules - côté,7,1,2,0,1,2,1,1,1,60,2,5,4,0,0,1,19.0,,voiture,voiture,5,1,1,1,3
202300043611,2023-10-24 06:40:00,2023,10,24,6,40,59,59082,ROUTE NATIONALE 225,50.96983,2.39593,Crépuscule ou aube,Hors agglomération,Hors intersection,Pluie légère,Deux véhicules - arrière,2,1,4,0,1,1,2,0,1,110,2,5,4,0,1,0,28.0,33.0,voiture,utilitaire_camion,2,1,1,2,2
202300043612,2023-05-13 01:45:00,2023,5,13,1,45,83,83137,A50,43.12477,5.90176,Nuit avec éclairage allumé,Hors agglomération,Hors intersection,Normale,Deux véhicules - arrière,1,1,4,0,1,3,1,0,1,110,2,2,1,0,0,1,34.0,19.0,voiture,voiture,5,1,1,1,2
202300043613,2023-11-03 18:20:00,2023,11,3,18,20,91,91687,AUTOROUTE A6,48.66122,2.37018,Plein jour,Hors agglomération,Hors intersection,Normale,Autre collision,1,3,3,0,1,1,1,0,1,90,1,1,0,0,0,1,19.0,,voiture,,1,1,1,1,6
202300043614,2023-05-14 15:40:00,2023,5,14,15,40,69,69027,Autoroute 450,45.6709,4.76906,Plein jour,Hors agglomération,Hors intersection,Normale,Deux véhicules - côté,1,2,2,0,1,1,1,2,1,90,2,3,0,0,0,3,73.0,56.0,voiture,voiture,1,1,1,1,3
202300043615,2023-11-03 12:25:00,2023,11,3,12,25,94,94003,A6A,48.80794,2.34065008,Plein jour,Hors agglomération,Hors intersection,Normale,Deux véhicules - arrière,1,3,2,0,1,1,1,1,1,70,2,2,1,0,0,1,34.0,45.0,voiture,deux_roues,1,1,1,1,2
202300043616,2023-05-13 14:57:00,2023,5,13,14,57,69,69287,Autoroute 43,45.68751,4.99553,Plein jour,Hors agglomération,Hors intersection,Pluie forte,Trois véhicules et plus - collisions multiples,1,3,8,0,1,1,2,0,1,110,3,5,3,0,0,2,31.0,54.0,voiture,voiture,1,1,1,3,5
202300043617,2023-11-03 15:00:00,2023,11,3,15,0,92,92012,A13,48.84856113,2.22959966,Plein jour,Hors agglomération,Hors intersection,Normale,Trois véhicules et plus - en chaîne,1,-1,3,0,1,1,1,0,1,70,3,3,2,0,0,1,71.0,26.0,voiture,deux_roues,1,1,1,1,4
202300043618,2023-05-14 06:15:00,2023,5,14,6,15,69,69290,Autoroute 43,45.72290525,4.92979093,Crépuscule ou aube,Hors agglomération,Hors intersection,Pluie forte,Trois véhicules et plus - en chaîne,1,3,8,0,1,1,2,0,1,90,3,3,2,0,0,1,,31.0,voiture,voiture,2,1,1,3,4
202300043619,2023-11-03 09:50:00,2023,11,3,9,50,75,75116,A13W,48.848304,2.245986,Plein jour,Hors agglomération,Hors intersection,Normale,Trois véhicules et plus - en chaîne,1,1,4,0,1,1,1,0,1,90,3,3,2,0,0,1,50.0,57.0,voiture,voiture,1,1,1,1,4
202300043620,2023-11-03 10:05:00,2023,11,3,10,5,92,92064,A13,48.83922315,2.2111532,Plein jour,Hors agglomération,Hors intersection,Normale,Autre collision,1,1,0,0,1,1,1,0,1,90,1,1,0,0,0,1,35.0,,deux_roues,,1,1,1,1,6
202300043621,2023-05-14 01:25:00,2023,5,14,1,25,01,01275,A42 4.329 A 5.760   LYON/GEN,45.80457,4.92617,Nuit sans éclairage public,Hors agglomération,Hors intersection,Pluie forte,Autre collision,1,1,2,0,1,3,2,0,3,90,1,3,0,0,0,3,30.0,,voiture,,3,1,1,3,6
202300043622,2023-11-02 08:34:00,2023,11,2,8,34,92,92025,A86,48.93376075,2.25454017,Plein jour,Hors agglomération,Hors intersection,Normale,Deux véhicules - côté,1,-1,2,0,1,1,2,0,1,70,2,2,1,0,0,1,41.0,61.0,voiture,deux_roues,1,1,1,1,3
202300043623,2023-11-02 06:15:00,2023,11,2,6,15,78,78291,A13,48.96828,1.743789,Nuit sans éclairage public,Hors agglomération,Hors intersection,Vent fort / tempête,Autre collision,1,-1,3,0,1,1,2,0,1,110,1,1,0,0,0,1,21.0,,voiture,,3,1,1,6,6
202300043624,2023-05-12 13:50:00,2023,5,12,13,50,69,69199,Route Départementale 383 ,45.71611796,4.84712695,Plein jour,Hors agglomération,Hors intersection,Normale,Deux véhicules - arrière,7,3,8,0,1,1,1,0,1,70,2,2,1,0,0,1,48.0,24.0,deux_roues,voiture,1,1,1,1,2
202300043625,2023-11-03 18:30:00,2023,11,3,18,30,93,93066,AUTOROUTE A1,48.90647,2.35854,Nuit avec éclairage allumé,Hors agglomération,Hors intersection,Normale,Deux véhicules - arrière,1,3,4,0,1,1,1,1,1,90,2,2,1,0,0,1,51.0,54.0,voiture,utilitaire_camion,5,1,1,1,2
202300043626,2023-11-03 15:20:00,2023,11,3,15,20,93,93053,AUTOROUTE A3,48.88045,2.45182,Plein jour,Hors agglomération,Hors intersection,Normale,Deux véhicules - côté,1,-1,3,0,2,1,1,0,1,90,2,3,2,0,0,1,48.0,51.0,voiture,deux_roues,1,1,1,1,3
202300043627,2023-05-14 13:00:00,2023,5,14,13,0,91,91689,A6,48.74489,2.32377,Plein jour,Hors agglomération,Hors intersection,Normale,Trois véhicules et plus - en chaîne,1,1,3,0,1,1,1,0,1,90,4,5,4,0,0,1,57.0,67.0,voiture,voiture,1,1,1,1,4
202300043628,2023-11-03 12:20:00,2023,11,3,12,20,93,93078,AUTOROUTE A104,48.95943129,2.53723652,Plein jour,Hors agglomération,Hors intersection,Normale,Trois véhicules et plus - collisions multiples,1,-1,3,0,1,2,1,0,1,90,3,3,2,0,0,1,51.0,28.0,voiture,utilitaire_camion,1,1,1,1,5
202300043629,2023-05-13 16:00:00,2023,5,13,16,0,91,91687,AUTOROUTE A6,48.66356,2.36673,Plein jour,Hors agglomération,Hors intersection,Normale,Deux véhicules - arrière,1,1,3,0,1,1,1,0,1,110,2,4,2,0,0,2,45.0,61.0,voiture,utilitaire_camion,1,1,1,1,2
202300043630,2023-05-14 16:30:00,2023,5,14,16,30,93,93064,AUTOROUTE A86,48.88089109,2.47481346,Plein jour,Hors agglomération,Hors intersection,Normale,Sans collision,1,1,2,0,1,3,1,0,1,70,1,2,1,0,0,1,25.0,,deux_roues,,1,1,1,1,7
202300043631,2023-11-02 18:00:00,2023,11,2,18,0,95,95277,A3,48.96735747,2.47640848,Nuit sans éclairage public,Hors agglomération,Hors intersection,Temps couvert,Trois véhicules et plus - collisions multiples,1,3,4,0,1,1,1,3,1,130,3,5,3,0,0,2,51.0,63.0,voiture,voiture,3,1,1,8,5
202300043632,2023-05-13 20:30:00,2023,5,13,20,30,92,92036,AUTOROUTE A86,48.93837004,2.30014011,Plein jour,Hors agglomération,Hors intersection,Pluie légère,Deux véhicules - arrière,1,1,4,0,1,1,2,0,1,90,2,2,1,0,0,1,60.0,37.0,voiture,deux_roues,1,1,1,2,2
202300043633,2023-11-03 16:00:00,2023,11,3,16,0,94,94028,A86,48.79247896,2.4410626,Plein jour,Hors agglomération,Hors intersection,Normale,Autre collision,1,1,1,0,1,2,1,0,2,90,1,1,0,0,0,1,28.0,,utilitaire_camion,,1,1,1,1,6
202300043634,2023-11-03 11:00:00,2023,11,3,11,0,94,94046,A86,48.81292733,2.44895577,Plein jour,Hors agglomération,Hors intersection,Normale,Deux véhicules - côté,1,3,2,0,1,1,1,0,1,90,2,2,1,0,0,1,24.0,37.0,voiture,voiture,1,1,1,1,3
202300043635,2023-05-14 08:30:00,2023,5,14,8,30,95,95582,A15,48.966886,2.255576,Plein jour,Hors agglomération,Hors intersection,Normale,Deux véhicules - arrière,1,3,6,0,1,1,1,0,1,110,2,2,1,0,0,1,35.0,37.0,utilitaire_camion,voiture,1,1,1,1,2
202300043636,2023-05-14 02:45:00,2023,5,14,2,45,95,95018,A15,48.95947,2.27208,Nuit sans éclairage public,Hors agglomération,Hors intersection,Normale,Deux véhicules - côté,1,3,6,0,1,1,1,0,1,110,2,2,1,0,1,0,46.0,60.0,deux_roues,voiture,3,1,1,1,3
202300043637,2023-08-17 14:20:00,2023,8,17,14,20,13,13056,ROUTE DU PORT DE LAVERA,43.39529,5.01845,Plein jour,Hors agglomération,Hors intersection,Normale,Deux véhicules - frontale,3,2,2,0,1,1,1,0,1,80,2,2,0,0,1,1,27.0,39.0,voiture,voiture,1,1,1,1,1
202300043638,2023-05-13 23:00:00,2023,5,13,23,0,93,93048,AUTOROUTE A86,48.86544542,2.48185307,Nuit sans éclairage public,Hors agglomération,Hors intersection,Normale,Autre collision,1,3,3,0,1,1,1,0,1,90,1,2,1,0,0,1,31.0,,voiture,,3,1,1,1,6
202300043639,2023-07-08 14:05:00,2023,7,8,14,5,29,29007,Le Squiriou,48.402996,-3.72355,Plein jour,Hors agglomération,Intersection en T,Normale,Deux véhicules - côté,4,2,2,0,1,1,1,0,1,80,2,3,0,0,2,1,50.0,53.0,voiture,voiture,1,1,3,1,3
202300043639,2023-07-08 14:05:00,2023,7,8,14,5,29,29007,Le Squiriou,48.402996,-3.72355,Plein jour,Hors agglomération,Intersection en T,Normale,Deux véhicules - côté,4,2,2,0,1,1,1,0,1,80,2,3,0,0,2,1,50.0,53.0,voiture,voiture,1,1,3,1,3
202300043640,2023-05-13 05:03:00,2023,5,13,5,3,05,05061,EMILE DIDIER ( AV ),44.56507,6.09149,Crépuscule ou aube,En agglomération,Hors intersection,Temps couvert,Autre collision,2,2,2,0,1,1,2,0,4,50,1,3,0,0,1,2,20.0,,voiture,,2,2,1,8,6
202300043641,2023-07-21 11:35:00,2023,7,21,11,35,29,29220,15 Route de Loctudy,47.857315,-4.211517,Plein jour,En agglomération,Hors intersection,Normale,Sans collision,4,-1,2,1,1,1,1,9,5,50,1,1,0,0,1,0,41.0,,deux_roues,,1,2,1,1,7
202300043642,2023-05-13 19:00:00,2023,5,13,19,0,974,97416,PERE FAVRON(RUE DU),-21.33641,55.46274,Nuit avec éclairage allumé,En agglomération,Intersection en T,Normale,Deux véhicules - côté,4,2,1,0,1,1,1,0,1,50,2,2,1,0,1,0,32.0,17.0,voiture,deux_roues,5,2,3,1,3
202300043642,2023-05-13 19:00:00,2023,5,13,19,0,974,97416,PERE FAVRON(RUE DU),-21.33641,55.46274,Nuit avec éclairage allumé,En agglomération,Intersection en T,Normale,Deux véhicules - côté,4,2,2,0,1,3,1,0,1,50,2,2,1,0,1,0,32.0,17.0,voiture,deux_roues,5,2,3,1,3
202300043643,2023-11-02 07:00:00,2023,11,2,7,0,974,97411,JAURES (BOULEVARD JEAN),-20.90009,55.48292,Plein jour,En agglomération,Hors intersection,Normale,Deux véhicules - arrière,2,1,2,0,1,1,1,0,1,70,2,2,1,0,1,0,35.0,53.0,deux_roues,voiture,1,2,1,1,2
202300043644,2023-05-12 17:30:00,2023,5,12,17,30,974,97416,OCEANITES (AVENUE DES),-21.32713,55.4697,Crépuscule ou aube,Hors agglomération,Hors intersection,Normale,Autre collision,6,-1, -1,0,1,2,1,9,1,50,1,2,1,0,0,1,21.0,,voiture,,2,1,1,1,6
202300043645,2023-11-01 18:15:00,2023,11,1,18,15,973,97302,MADELEINE (ROUTE DE LA),4.94124,-52.32699,Nuit sans éclairage public,En agglomération,Hors intersection,Normale,Deux véhicules - frontale,4,1,2,0,1,3,1,0,1,50,2,2,1,0,0,1,44.0,81.0,deux_roues,voiture,3,2,1,1,1
202300043646,2023-05-12 15:35:00,2023,5,12,15,35,974,97416,RN2 (2),-21.33555,55.48809,Plein jour,Hors agglomération,Hors intersection,Normale,Deux véhicules - frontale,2,-1,2,0,1,1,1,0,1,80,2,2,1,0,0,1,77.0,33.0,voiture,voiture,1,1,1,1,1
202300043647,2023-05-13 20:50:00,2023,5,13,20,50,974,97407,FERDINAND BUISSON (RUE) ,-20.95489,55.30769,Nuit avec éclairage allumé,En agglomération,Giratoire,Normale,Autre collision,4,1,2,0,1,1,1,0,1,50,1,1,0,0,0,1,21.0,,voiture,,5,2,6,1,6
202300043648,2023-11-01 08:40:00,2023,11,1,8,40,973,97302,RABAN (ROUTE DE),4.93511259,-52.31424451,Plein jour,En agglomération,Hors intersection,Normale,Deux véhicules - frontale,4,2,2,0,1,1,1,0,1,50,2,3,1,0,0,2,34.0,36.0,voiture,deux_roues,1,2,1,1,1
202300043649,2023-05-12 12:20:00,2023,5,12,12,20,973,97302,BADUEL (ROUTE DE),4.93199,-52.30745,Plein jour,En agglomération,Hors intersection,Pluie légère,Deux véhicules - côté,3,2,2,0,1,1,2,0,1,50,2,2,1,0,1,0,70.0,38.0,voiture,deux_roues,1,2,1,2,3
202300043650,2023-11-02 15:20:00,2023,11,2,15,20,971,97101,BESSON,16.23688,-61.51241,Plein jour,Hors agglomération,Intersection en X,Normale,Deux véhicules - côté,4,-1,2,0,1,1,1,0,1,50,2,2,1,0,0,1,75.0,21.0,voiture,deux_roues,1,1,2,1,3
202300043650,2023-11-02 15:20:00,2023,11,2,15,20,971,97101,BESSON,16.23688,-61.51241,Plein jour,Hors agglomération,Intersection en X,Normale,Deux véhicules - côté,4,-1,2,0,1,1,1,0,1,50,2,2,1,0,0,1,75.0,21.0,voiture,deux_roues,1,1,2,1,3
202300043651,2023-05-13 13:15:00,2023,5,13,13,15,972,97213,ROUTE NATIONALE 5,14.59597,-60.98887,Plein jour,Hors agglomération,Hors intersection,Normale,Deux véhicules - arrière,2,3,6,0,1,1,1,0,1,70,2,3,2,0,0,1,52.0,33.0,voiture,voiture,1,1,1,1,2
202300043652,2023-11-02 14:25:00,2023,11,2,14,25,2A,2A004,BONAPARTE CHARLES  BD,41.93387,8.75009,Plein jour,En agglomération,Hors intersection,Vent fort / tempête,Deux véhicules - arrière,2,1,2,0,1,1,2,0,1,50,2,2,1,0,0,1,39.0,70.0,voiture,voiture,1,2,1,6,2
202300043653,2023-05-13 18:35:00,2023,5,13,18,35,972,97209,VICTOR CORIDUN (AVENUE),14.60987,-61.04684,Plein jour,En agglomération,Intersection en X,Normale,Deux véhicules - côté,4,2,2,0,1,1,1,0,1,30,2,2,1,0,0,1,59.0,42.0,deux_roues,voiture,1,2,2,1,3
202300043653,2023-05-13 18:35:00,2023,5,13,18,35,972,97209,VICTOR CORIDUN (AVENUE),14.60987,-61.04684,Plein jour,En agglomération,Intersection en X,Normale,Deux véhicules - côté,4,2,2,0,1,1,1,0,1,30,2,2,1,0,0,1,59.0,42.0,deux_roues,voiture,1,2,2,1,3
202300043654,2023-05-13 10:55:00,2023,5,13,10,55,69,69389,23 Montée de l'Observance,45.76674836,4.81163233,Plein jour,En agglomération,Hors intersection,Temps couvert,Autre collision,4,2,2,0,2,2,2,0,1,50,1,1,0,0,0,1,39.0,,deux_roues,,1,2,1,8,6
202300043655,2023-05-13 04:26:00,2023,5,13,4,26,95,95427,35 BEL AIR (RUE DU),48.974689,2.351791,Nuit sans éclairage public,En agglomération,Hors intersection,Normale,Sans collision,4,1,2,0,1,1,1,0,1,30,1,1,0,0,1,0,21.0,,voiture,,3,2,1,1,7
202300043656,2023-11-02 17:10:00,2023,11,2,17,10,91,91433,CD207,48.46023,2.16885,Plein jour,Hors agglomération,Hors intersection,Vent fort / tempête,Trois véhicules et plus - collisions multiples,3,2,2,0,1,4,2,0,1,70,3,3,2,0,0,1,56.0,56.0,utilitaire_camion,utilitaire_camion,1,1,1,6,5
202300043657,2023-11-02 10:50:00,2023,11,2,10,50,91,91433,TILLEULS (RUE DES),48.44052,2.17535,Plein jour,En agglomération,Hors intersection,Vent fort / tempête,Deux véhicules - côté,4,2,2,0,1,2,2,0,1,50,2,2,1,0,0,1,21.0,70.0,voiture,voiture,1,2,1,6,3
202300043658,2023-05-13 23:15:00,2023,5,13,23,15,95,95018,BEZONS (QUAI DE),48.932352,2.237982,Nuit avec éclairage non allumé,En agglomération,Intersection en Y,Normale,Deux véhicules - côté,3,1,2,0,1,1,1,0,1,70,2,7,1,0,0,6,51.0,38.0,voiture,voiture,4,2,4,1,3
202300043658,2023-05-13 23:15:00,2023,5,13,23,15,95,95018,BEZONS (QUAI DE),48.932352,2.237982,Nuit avec éclairage non allumé,En agglomération,Intersection en Y,Normale,Deux véhicules - côté,3,1,2,0,1,1,1,0,1,70,2,7,1,0,0,6,51.0,38.0,voiture,voiture,4,2,4,1,3
202300043659,2023-11-01 17:10:00,2023,11,1,17,10,91,91223,VICTOIRE (ROND-POINT DE LA),48.43703,2.16345,Plein jour,En agglomération,Giratoire,Pluie légère,Sans collision,3,1,3,0,1,1,2,0,1,50,1,1,0,0,1,0,47.0,,voiture,,1,2,6,2,7
202300043660,2023-11-02 07:45:00,2023,11,2,7,45,91,91223,SABLIERE (RUE DE LA)   ZI,48.44953,2.15498,Crépuscule ou aube,Hors agglomération,Hors intersection,Temps couvert,Sans collision,4,2,2,0,1,3,2,6,3,50,1,1,0,0,0,1,60.0,,utilitaire_camion,,2,1,1,8,7
202300043661,2023-10-31 19:45:00,2023,10,31,19,45,87,87085,GARIBALDI (AVENUE),45.83518,1.2605,Nuit avec éclairage allumé,En agglomération,Intersection en T,Pluie légère,Deux véhicules - côté,4,2,2,0,1,1,2,0,1,30,2,2,1,0,0,1,22.0,47.0,voiture,deux_roues,5,2,3,2,3
202300043661,2023-10-31 19:45:00,2023,10,31,19,45,87,87085,GARIBALDI (AVENUE),45.83518,1.2605,Nuit avec éclairage allumé,En agglomération,Intersection en T,Pluie légère,Deux véhicules - côté,4,2,2,0,1,1,2,0,1,30,2,2,1,0,0,1,22.0,47.0,voiture,deux_roues,5,2,3,2,3
202300043662,2023-05-12 15:45:00,2023,5,12,15,45,91,91549,REPUBLIQUE (AVENUE DE LA),48.64387,2.33224,Plein jour,En agglomération,Intersection en X,Normale,Deux véhicules - côté,4,2,2,0,1,1,1,0,1,50,2,2,1,0,0,1,52.0,23.0,voiture,deux_roues,1,2,2,1,3
202300043662,2023-05-12 15:45:00,2023,5,12,15,45,91,91549,REPUBLIQUE (AVENUE DE LA),48.64387,2.33224,Plein jour,En agglomération,Intersection en X,Normale,Deux véhicules - côté,4,2,2,0,1,1,1,0,1,30,2,2,1,0,0,1,52.0,23.0,voiture,deux_roues,1,2,2,1,3
202300043663,2023-10-31 14:45:00,2023,10,31,14,45,87,87085,HUBERT CURIEN (RUE),45.8105,1.2735,Plein jour,En agglomération,Hors intersection,Normale,Autre collision,6,-1, -1,0,1,1,1,0,3,-1,1,2,1,0,1,0,33.0,,voiture,,1,2,1,1,6
202300043664,2023-05-13 14:45:00,2023,5,13,14,45,76,76540,Place Saint Sever,49.43048,1.085,Plein jour,En agglomération,Hors intersection,Normale,Autre collision,4,-1,0,0,1,1,1,0,8,-1,1,2,1,0,0,1,,,deux_roues,,1,2,1,1,6
202300043665,2023-05-13 17:10:00,2023,5,13,17,10,72,72181,LAIGNE RUE DE N° IMP 229 A 385,47.96074,0.20813,Plein jour,En agglomération,Hors intersection,Normale,Deux véhicules - côté,4,2,2,0,1,1,1,0,1,50,2,3,1,0,0,2,17.0,70.0,voiture,deux_roues,1,2,1,1,3
202300043666,2023-11-01 01:51:00,2023,11,1,1,51,84,84007,TRILLADE (avenue de la ),43.9411,4.8198,Nuit avec éclairage allumé,En agglomération,Intersection en X,Normale,Deux véhicules - côté,4,2,2,0,1,1,1,5,1,50,2,3,1,0,2,0,20.0,33.0,voiture,utilitaire_camion,5,2,2,1,3
202300043666,2023-11-01 01:51:00,2023,11,1,1,51,84,84007,TRILLADE (avenue de la ),43.9411,4.8198,Nuit avec éclairage allumé,En agglomération,Intersection en X,Normale,Deux véhicules - côté,4,2,2,0,1,1,1,5,1,50,2,3,1,0,2,0,20.0,33.0,voiture,utilitaire_camion,5,2,2,1,3