accident_id,datetime,annee,mois,jour,heure,minute,departement,commune_insee,adresse,latitude,longitude,luminosite,agglomeration,intersection,meteo,collision,catr,circ,nbv,vosp,prof,plan,surf,infra,situ,vma,nb_vehicules,nb_usagers,nb_indemnes,nb_tues,nb_blesses_hosp,nb_blesses_legers,age_cond_1,age_cond_2,veh_type_cond_1,veh_type_cond_2,lum_code,agg_code,int_code,atm_code,col_code
202300043940,2023-02-21 22:10:00,2023,2,21,22,10,72,72180,71 residence des vignes,48.343999,0.376226,Nuit sans éclairage public,En agglomération,Hors intersection,Normale,Autre collision,4,2,2,0,1,1,1,0,1,50,1,4,3,0,1,0,42.0,,voiture,,3,2,1,1,6
202300043941,2023-04-07 15:15:00,2023,4,7,15,15,13,13051,Autoroute A7 sens LYON/MARSEILLE PK 237+418,43.60935882,5.14754015,Plein jour,Hors agglomération,Autre intersection,Normale,Deux véhicules - arrière,1,1,3,0,1,1,1,0,1,130,2,3,2,0,1,0,58.0,23.0,deux_roues,voiture,1,1,9,1,2
202300043942,2023-02-22 19:30:00,2023,2,22,19,30,05,05156,RD340,44.54749152,6.49985075,Nuit sans éclairage public,Hors agglomération,Hors intersection,Normale,Autre collision,3,2,2,0,1,2,1,0,3,80,1,1,0,0,0,1,21.0,,voiture,,3,1,1,1,6
202300043943,2023-08-24 08:00:00,2023,8,24,8,0,72,72386,route de l'ardoise,48.02395,0.25272,Plein jour,Hors agglomération,Hors intersection,Normale,Autre collision,4,2,2,0,1,1,1,0,3,80,1,2,0,0,2,0,23.0,,voiture,,1,1,1,1,6
202300043944,2023-04-07 11:30:00,2023,4,7,11,30,13,13021,Place Jean Jaures,43.330645,5.151681,Plein jour,En agglomération,Giratoire,Normale,Deux véhicules - côté,3,2,1,0,4,2,1,0,1,30,2,2,1,0,1,0,69.0,58.0,voiture,deux_roues,1,2,6,1,3
202300043945,2023-09-01 08:30:00,2023,9,1,8,30,50,50081,443 Le Grand Chemin,48.864141,-1.543697,Plein jour,En agglomération,Hors intersection,Temps couvert,Autre collision,3,2,2,0,1,1,2,6,1,50,1,2,1,0,1,0,51.0,,voiture,,1,2,1,8,6
202300043946,2023-02-21 13:25:00,2023,2,21,13,25,18,18135,,46.634962,2.218723,Plein jour,Hors agglomération,Intersection en X,Normale,Deux véhicules - frontale,3,2,2,0,4,1,1,0,1,80,2,2,1,1,0,0,50.0,58.0,voiture,deux_roues,1,1,2,1,1
202300043946,2023-02-21 13:25:00,2023,2,21,13,25,18,18135,,46.634962,2.218723,Plein jour,Hors agglomération,Intersection en X,Normale,Deux véhicules - frontale,3,2,2,0,4,1,1,0,1,80,2,2,1,1,0,0,50.0,58.0,voiture,deux_roues,1,1,2,1,1
202300043947,2023-02-21 16:50:00,2023,2,21,16,50,16,16070,ROUTE D ANGOULEME,45.874413,0.701441,Plein jour,Hors agglomération,Hors intersection,Temps couvert,Deux véhicules - arrière,3,2,2,0,1,1,1,0,1,80,2,2,1,0,1,0,49.0,24.0,voiture,deux_roues,1,1,1,8,2
202300043948,2023-04-04 16:50:00,2023,4,4,16,50,91,91044,54 Avenue de la Division Leclerc,48.663651,2.277394,Plein jour,En agglomération,Hors intersection,Normale,Deux véhicules - arrière,3,1,2,1,1,1,1,0,1,50,2,2,1,0,1,0,67.0,55.0,deux_roues,voiture,1,2,1,1,2
202300043949,2023-08-29 09:25:00,2023,8,29,9,25,83,83012,Route de Draguignan,43.558075,6.012982,Plein jour,En agglomération,Intersection en T,Normale,Deux véhicules - côté,3,2,2,0,2,2,1,0,1,50,2,2,1,0,1,0,27.0,82.0,utilitaire_camion,deux_roues,1,2,3,1,3
202300043949,2023-08-29 09:25:00,2023,8,29,9,25,83,83012,Route de Draguignan,43.558075,6.012982,Plein jour,En agglomération,Intersection en T,Normale,Deux véhicules - côté,3,2,2,0,1,1,1,0,1,50,2,2,1,0,1,0,27.0,82.0,utilitaire_camion,deux_roues,1,2,3,1,3
202300043950,2023-02-22 06:00:00,2023,2,22,6,0,53,53198,D119,48.325327,-0.190609,Nuit sans éclairage public,Hors agglomération,Hors intersection,Brouillard / fumée,Deux véhicules - frontale,3,2,2,0,1,1,2,0,1,80,2,2,0,0,1,1,21.0,30.0,voiture,voiture,3,1,1,5,1
202300043951,2023-04-03 11:00:00,2023,4,3,11,0,83,83094,Route départementale 44,43.3161,6.541806,Plein jour,Hors agglomération,Hors intersection,Normale,Deux véhicules - arrière,3,2,2,0,2,1,1,0,1,70,2,2,1,0,1,0,33.0,54.0,deux_roues,utilitaire_camion,1,1,1,1,2
202300043952,2023-08-31 17:30:00,2023,8,31,17,30,36,36220,,46.62067559,1.47023519,Plein jour,Hors agglomération,Hors intersection,Normale,Autre collision,3,2,2,0,2,2,1,0,3,80,1,2,1,0,1,0,21.0,,voiture,,1,1,1,1,6
202300043953,2023-02-22 07:40:00,2023,2,22,7,40,85,85078,D25c,46.32507,-0.740276,Plein jour,Hors agglomération,Hors intersection,Pluie légère,Deux véhicules - frontale,3,2,2,0,1,4,2,0,1,80,2,2,1,0,1,0,18.0,55.0,deux_roues,voiture,1,1,1,2,1
202300043954,2023-04-06 15:10:00,2023,4,6,15,10,13,13074,Route Départentale 96,43.6446,5.557601,Plein jour,Hors agglomération,Hors intersection,Normale,Autre collision,3,2,2,0,1,1,1,0,3,70,1,2,0,0,0,2,54.0,,utilitaire_camion,,1,1,1,1,6
202300043955,2023-02-21 04:45:00,2023,2,21,4,45,27,27198,"RD50, Morainville, BUIS SUR DAMVILLE",48.832826,1.122681,Nuit avec éclairage non allumé,En agglomération,Hors intersection,Brouillard / fumée,Autre collision,3,2,2,0,1,3,1,0,3,50,1,1,0,0,1,0,29.0,,voiture,,4,2,1,5,6
202300043956,2023-12-06 13:40:00,2023,12,6,13,40,13,13047,ROUQUIER CHEMIN DU,43.51179,4.99038,Plein jour,En agglomération,Hors intersection,Normale,Deux véhicules - frontale,4,2,2,0,2,1,1,0,1,30,2,3,0,0,0,3,20.0,38.0,utilitaire_camion,utilitaire_camion,1,2,1,1,1
202300043957,2023-08-30 16:00:00,2023,8,30,16,0,16,16044,Intersection D176/D56,46.028987,0.278255,Plein jour,Hors agglomération,Intersection en X,Normale,Trois véhicules et plus - collisions multiples,3,2,2,0,1,1,1,0,1,80,3,4,3,0,1,0,81.0,61.0,deux_roues,voiture,1,1,2,1,5
202300043957,2023-08-30 16:00:00,2023,8,30,16,0,16,16044,Intersection D176/D56,46.028987,0.278255,Plein jour,Hors agglomération,Intersection en X,Normale,Trois véhicules et plus - collisions multiples,3,2,2,-1,1,1,1,0,1,-1,3,4,3,0,1,0,81.0,61.0,deux_roues,voiture,1,1,2,1,5
202300043958,2023-04-07 16:50:00,2023,4,7,16,50,89,89085,,47.949883,3.50326,Plein jour,Hors agglomération,Hors intersection,Normale,Autre collision,3,2,2,0,1,1,1,0,8,80,1,1,0,0,0,1,59.0,,voiture,,1,1,1,1,6
202300043959,2023-02-20 23:13:00,2023,2,20,23,13,88,88313,4 Rue du Haut de Fosse,48.348713,6.429459,Nuit avec éclairage non allumé,En agglomération,Autre intersection,Normale,Autre collision,3,2,2,0,2,3,1,0,4,50,1,1,0,0,1,0,39.0,,voiture,,4,2,9,1,6
202300043960,2023-12-06 17:20:00,2023,12,6,17,20,10,10362,GENERAL GALLIENI (RUE DU),48.29405,4.05725,Nuit avec éclairage allumé,En agglomération,Intersection en T,Normale,Autre collision,4,2,2,2,1,1,1,0,1,50,1,3,2,0,0,1,29.0,,voiture,,5,2,3,1,6
202300043960,2023-12-06 17:20:00,2023,12,6,17,20,10,10362,GENERAL GALLIENI (RUE DU),48.29405,4.05725,Nuit avec éclairage allumé,En agglomération,Intersection en T,Normale,Autre collision,4,1,1,0,2,1,1,0,1,50,1,3,2,0,0,1,29.0,,voiture,,5,2,3,1,6
202300043961,2023-04-07 12:28:00,2023,4,7,12,28,89,89257,Rue Pierre Larousse,47.969288,3.509967,Plein jour,En agglomération,Giratoire,Normale,Autre collision,4,2,2,0,1,3,1,6,4,50,1,1,0,0,0,1,43.0,,voiture,,1,2,6,1,6
202300043962,2023-08-30 15:45:00,2023,8,30,15,45,53,53002,Montgiroux,48.212804,-0.705275,Plein jour,Hors agglomération,Hors intersection,Normale,Sans collision,3,2,2,0,2,3,1,0,1,80,1,1,0,0,1,0,66.0,,deux_roues,,1,1,1,1,7
202300043963,2023-12-06 12:20:00,2023,12,6,12,20,07,07102,REPUBLIQUE (AV. DE LA) [DU N° AU N°],44.93594,4.87544,Plein jour,En agglomération,Hors intersection,Normale,Autre collision,4,2,2,0,1,1,1,0,8,50,1,2,1,0,0,1,65.0,,voiture,,1,2,1,1,6
202300043964,2023-09-01 18:25:00,2023,9,1,18,25,85,85084,RD160,46.787682,-1.1881895,Plein jour,Hors agglomération,Hors intersection,Normale,Deux véhicules - arrière,3,2,2,0,1,1,1,0,1,80,2,2,1,0,1,0,42.0,16.0,voiture,deux_roues,1,1,1,1,2
202300043965,2023-04-06 18:50:00,2023,4,6,18,50,71,71251,D681,46.919119,4.18872,Plein jour,Hors agglomération,Intersection en Y,Normale,Deux véhicules - côté,3,2,1,0,2,1,1,5,1,80,2,2,1,0,0,1,52.0,84.0,voiture,utilitaire_camion,1,1,4,1,3
202300043965,2023-04-06 18:50:00,2023,4,6,18,50,71,71251,D681,46.919119,4.18872,Plein jour,Hors agglomération,Intersection en Y,Normale,Deux véhicules - côté,3,2,1,0,1,1,1,5,1,80,2,2,1,0,0,1,52.0,84.0,voiture,utilitaire_camion,1,1,4,1,3
202300043966,2023-02-21 18:20:00,2023,2,21,18,20,28,28199,A10,48.201741,1.849946,Crépuscule ou aube,Hors agglomération,Hors intersection,Normale,Autre collision,1,3,3,0,1,1,1,3,3,130,1,3,0,0,2,1,20.0,,voiture,,2,1,1,1,6
202300043967,2023-12-06 20:25:00,2023,12,6,20,25,06,06088,VOIE RAPIDE,43.6934,7.24496,Nuit avec éclairage allumé,En agglomération,Hors intersection,Normale,Deux véhicules - côté,4,3,4,0,1,1,1,0,1,70,2,3,2,0,0,1,17.0,42.0,deux_roues,voiture,5,2,1,1,3
202300043968,2023-08-31 11:30:00,2023,8,31,11,30,85,85135,RD 746,46.537564,-1.2289928,Plein jour,En agglomération,Hors intersection,Normale,Autre collision,3,2,2,0,1,1,2,9,8,50,1,2,1,0,1,0,40.0,,voiture,,1,2,1,1,6
202300043969,2023-04-06 21:30:00,2023,4,6,21,30,69,69024,Montee de l’Azergues,45.94033566,4.55955567,Nuit sans éclairage public,Hors agglomération,Hors intersection,Normale,Autre collision,3,2,2,0,2,1,1,0,1,80,1,1,0,0,1,0,25.0,,voiture,,3,1,1,1,6
202300043970,2023-12-06 06:20:00,2023,12,6,6,20,06,06029,GRASSE (AVENUE DE),43.55412,7.01686,Nuit avec éclairage allumé,En agglomération,Intersection à plus de 4 branches,Normale,Deux véhicules - frontale,4,3,6,0,1,1,1,5,1,50,2,2,1,0,0,1,59.0,35.0,deux_roues,voiture,5,2,5,1,1
202300043970,2023-12-06 06:20:00,2023,12,6,6,20,06,06029,GRASSE (AVENUE DE),43.55412,7.01686,Nuit avec éclairage allumé,En agglomération,Intersection à plus de 4 branches,Normale,Deux véhicules - frontale,4,2,4,0,1,1,1,5,1,50,2,2,1,0,0,1,59.0,35.0,deux_roues,voiture,5,2,5,1,1
202300043970,2023-12-06 06:20:00,2023,12,6,6,20,06,06029,GRASSE (AVENUE DE),43.55412,7.01686,Nuit avec éclairage allumé,En agglomération,Intersection à plus de 4 branches,Normale,Deux véhicules - frontale,4,2,2,0,2,1,1,0,1,50,2,2,1,0,0,1,59.0,35.0,deux_roues,voiture,5,2,5,1,1
202300043971,2023-08-31 17:48:00,2023,8,31,17,48,28,28032,N154,48.308721,1.686181,Plein jour,Hors agglomération,Hors intersection,Normale,Trois véhicules et plus - collisions multiples,2,2,2,0,1,1,1,0,1,80,3,4,3,0,1,0,26.0,59.0,voiture,utilitaire_camion,1,1,1,1,5
202300043972,2023-02-21 15:43:00,2023,2,21,15,43,21,21515,Rue de l'Eglise,47.312268,5.114881,Plein jour,En agglomération,Hors intersection,Normale,Autre collision,4,2,2,0,1,1,1,0,1,30,1,2,1,0,1,0,59.0,,voiture,,1,2,1,1,6
202300043973,2023-03-28 08:55:00,2023,3,28,8,55,32,32091,Bordeneuve de Plaisance,43.697328,0.518036,Plein jour,Hors agglomération,Hors intersection,Normale,Deux véhicules - côté,3,2,2,0,1,1,1,0,1,90,2,5,3,0,0,2,41.0,60.0,utilitaire_camion,voiture,1,1,1,1,3
202300043974,2023-12-07 19:55:00,2023,12,7,19,55,06,06027,VAL EN SOL AVENUE DE,43.66096,7.16918,Nuit avec éclairage non allumé,En agglomération,Hors intersection,Normale,Deux véhicules - frontale,4,2,2,0,2,1,1,0,1,50,2,2,1,1,0,0,44.0,43.0,utilitaire_camion,deux_roues,4,2,1,1,1
202300043975,2023-09-01 09:00:00,2023,9,1,9,0,28,28414,Grande Rue,48.392143,1.209703,Plein jour,En agglomération,Hors intersection,Normale,Autre collision,3,2,2,0,1,1,1,0,1,50,1,1,0,1,0,0,25.0,,voiture,,1,2,1,1,6
202300043976,2023-02-21 12:36:00,2023,2,21,12,36,77,77505,D33 A1,48.920215,2.98871,Plein jour,Hors agglomération,Hors intersection,Normale,Sans collision,3,2,2,0,1,1,1,0,3,80,1,1,0,0,1,0,33.0,,deux_roues,,1,1,1,1,7
202300043977,2023-04-06 20:51:00,2023,4,6,20,51,09,09282,Route d'Espagne,43.231634,1.589928,Nuit sans éclairage public,En agglomération,Hors intersection,Normale,Deux véhicules - arrière,3,2,2,0,1,1,1,0,1,50,2,2,1,0,1,0,22.0,25.0,voiture,voiture,3,2,1,1,2
202300043978,2023-09-01 00:50:00,2023,9,1,0,50,17,17465,11 Route de l'Océan,45.972126,-0.564681,Nuit sans éclairage public,En agglomération,Hors intersection,Normale,Sans collision,3,2,2,0,1,2,1,0,1,50,1,1,0,0,1,0,23.0,,voiture,,3,2,1,1,7
202300043979,2023-12-07 09:20:00,2023,12,7,9,20,06,06123,LECLERC GENERAL AVENUE,43.67285,7.19043,Plein jour,En agglomération,Hors intersection,Normale,Deux véhicules - côté,7,2,2,0,1,1,1,0,1,50,2,3,2,0,0,1,26.0,62.0,voiture,deux_roues,1,2,1,1,3
202300043980,2023-02-22 08:40:00,2023,2,22,8,40,34,34341,D5E8,43.475288,3.586906,Plein jour,Hors agglomération,Hors intersection,Normale,Trois véhicules et plus - collisions multiples,3,2,2,0,2,1,1,0,1,80,3,4,1,0,3,0,38.0,36.0,voiture,utilitaire_camion,1,1,1,1,5
202300043981,2023-12-06 17:30:00,2023,12,6,17,30,06,06004,NICE(RN.7) AV.ET RTE DE,43.611333,7.126118,Nuit avec éclairage allumé,Hors agglomération,Autre intersection,Normale,Deux véhicules - frontale,3,2,3,0,1,1,1,0,1,70,2,2,1,0,0,1,64.0,18.0,deux_roues,voiture,5,1,9,1,1
202300043982,2023-08-24 20:50:00,2023,8,24,20,50,17,17443,D110,46.084587,-1.007202,Nuit sans éclairage public,Hors agglomération,Intersection en X,Pluie légère,Deux véhicules - côté,3,2,2,0,4,1,2,0,1,80,2,3,2,0,1,0,19.0,40.0,voiture,voiture,3,1,2,2,3
202300043982,2023-08-24 20:50:00,2023,8,24,20,50,17,17443,D110,46.084587,-1.007202,Nuit sans éclairage public,Hors agglomération,Intersection en X,Pluie légère,Deux véhicules - côté,3,2,2,-1,1,1,2,0,1,80,2,3,2,0,1,0,19.0,40.0,voiture,voiture,3,1,2,2,3
202300043983,2023-12-07 11:45:00,2023,12,7,11,45,04,04112,VOLX (AV.DE),43.83834,5.80652,Plein jour,En agglomération,Hors intersection,Normale,Autre collision,4,2,2,0,2,1,1,0,1,50,1,2,1,0,1,0,66.0,,voiture,,1,2,1,1,6
202300043984,2023-04-07 09:30:00,2023,4,7,9,30,33,33240,Rue Pierre Curie,45.307685,-0.942078,Plein jour,En agglomération,Intersection en T,Normale,Trois véhicules et plus - en chaîne,3,2,2,0,1,1,1,0,4,50,3,5,4,0,1,0,55.0,,voiture,voiture,1,2,3,1,4
202300043984,2023-04-07 09:30:00,2023,4,7,9,30,33,33240,Rue Pierre Curie,45.307685,-0.942078,Plein jour,En agglomération,Intersection en T,Normale,Trois véhicules et plus - en chaîne,3,2, -1,0,1,1,1,0,1,-1,3,5,4,0,1,0,55.0,,voiture,voiture,1,2,3,1,4
202300043985,2023-02-10 15:15:00,2023,2,10,15,15,34,34344,7 Rue des Artisans,43.561241,4.076974,Plein jour,En agglomération,Autre intersection,Normale,Deux véhicules - côté,4,2,2,0,1,1,1,0,1,50,2,4,2,0,1,1,57.0,47.0,voiture,utilitaire_camion,1,2,9,1,3
202300043986,2023-12-07 19:51:00,2023,12,7,19,51,03,03321,Rue des Planchards,46.55804,3.36859,Nuit sans éclairage public,En agglomération,Hors intersection,Pluie légère,Deux véhicules - arrière,4,2,2,0,1,1,2,0,1,50,2,2,1,0,1,0,45.0,62.0,voiture,voiture,3,2,1,2,2
202300043987,2023-04-06 17:10:00,2023,4,6,17,10,33,33085,Chemin de Fontbonne,44.772894,-0.487336,Plein jour,En agglomération,Hors intersection,Normale,Autre collision,4,2,2,0,1,1,1,0,1,30,1,2,1,0,0,1,63.0,,voiture,,1,2,1,1,6
202300043988,2023-08-27 05:00:00,2023,8,27,5,0,48,48034,Avenue du Lot,44.433462,3.213651,Nuit avec éclairage allumé,En agglomération,Giratoire,Pluie légère,Trois véhicules et plus - collisions multiples,3,2,2,0,1,1,2,0,1,50,3,4,2,0,0,2,19.0,49.0,voiture,voiture,5,2,6,2,5
202300043989,2023-02-17 10:10:00,2023,2,17,10,10,26,26124,A7 - PK 081.000,44.836274,4.862738,Plein jour,Hors agglomération,Hors intersection,Normale,Trois véhicules et plus - en chaîne,1,3,5,0,1,1,1,0,1,130,3,5,4,0,0,1,75.0,43.0,voiture,utilitaire_camion,1,1,1,1,4
202300043990,2023-12-07 13:00:00,2023,12,7,13,0,03,03101,,46.38751,2.5507,Plein jour,Hors agglomération,Hors intersection,Normale,Deux véhicules - arrière,3,2,2,0,1,1,1,0,1,90,2,2,1,1,0,0,27.0,34.0,voiture,voiture,1,1,1,1,2
202300043991,2023-09-01 09:00:00,2023,9,1,9,0,13,13091,D7n,43.632705,5.284123,Plein jour,Hors agglomération,Intersection en X,Normale,Deux véhicules - côté,3,2,2,0,1,1,1,0,1,80,2,2,1,0,0,1,35.0,26.0,deux_roues,utilitaire_camion,1,1,2,1,3
202300043991,2023-09-01 09:00:00,2023,9,1,9,0,13,13091,D7n,43.632705,5.284123,Plein jour,Hors agglomération,Intersection en X,Normale,Deux véhicules - côté,3,2, -1,-1,1,1,1,0,1,-1,2,2,1,0,0,1,35.0,26.0,deux_roues,utilitaire_camion,1,1,2,1,3
202300043992,2023-04-07 11:05:00,2023,4,7,11,5,33,33284,Chemin de l'Estauleyre,44.626763,-0.902596,Plein jour,Hors agglomération,Intersection en T,Normale,Trois véhicules et plus - en chaîne,3,2,2,0,2,1,1,0,1,80,3,3,1,0,0,2,32.0,57.0,voiture,voiture,1,1,3,1,4
202300043992,2023-04-07 11:05:00,2023,4,7,11,5,33,33284,Chemin de l'Estauleyre,44.626763,-0.902596,Plein jour,Hors agglomération,Intersection en T,Normale,Trois véhicules et plus - en chaîne,3,2,2,-1,1,1,1,0,1,80,3,3,1,0,0,2,32.0,57.0,voiture,voiture,1,1,3,1,4
202300043993,2023-12-06 08:05:00,2023,12,6,8,5,02,02722,GLE ET DE LA DIVISION LECLERC (AV. DU ),49.37603,3.32923,Crépuscule ou aube,En agglomération,Autre intersection,Temps couvert,Autre collision,4,3,1,0,1,1,2,0,1,30,1,2,1,0,1,0,24.0,,voiture,,2,2,9,8,6
202300043994,2023-02-21 18:20:00,2023,2,21,18,20,33,33061,D936,44.826656,-0.421536,Crépuscule ou aube,Hors agglomération,Intersection en T,Normale,Deux véhicules - côté,3,2,2,0,1,1,1,0,1,90,2,2,1,0,0,1,23.0,27.0,deux_roues,voiture,2,1,3,1,3
202300043994,2023-02-21 18:20:00,2023,2,21,18,20,33,33061,D936,44.826656,-0.421536,Crépuscule ou aube,Hors agglomération,Intersection en T,Normale,Deux véhicules - côté,3,2, -1,-1,1,1,1,0,1,-1,2,2,1,0,0,1,23.0,27.0,deux_roues,voiture,2,1,3,1,3
202300043995,2023-09-01 03:30:00,2023,9,1,3,30,18,18214,,47.199248,2.029939,Nuit sans éclairage public,Hors agglomération,Hors intersection,Pluie légère,Sans collision,1,3,2,0,2,3,2,0,1,130,1,2,1,0,1,0,21.0,,voiture,,3,1,1,2,7
202300043996,2023-12-06 20:00:00,2023,12,6,20,0,02,02340,32 Rue Georges Herbin,49.8279,3.28761,Nuit avec éclairage allumé,En agglomération,Hors intersection,Normale,Deux véhicules - côté,4,2,2,0,1,1,2,0,1,50,2,2,1,0,1,0,24.0,55.0,voiture,deux_roues,5,2,1,1,3
202300043997,2023-04-04 14:19:00,2023,4,4,14,19,44,44026,1 Route de la Charmelière,47.301046,-1.47524,Plein jour,Hors agglomération,Intersection en T,Normale,Deux véhicules - côté,4,2,2,1,4,1,1,0,1,50,2,2,1,0,1,0,74.0,79.0,voiture,deux_roues,1,1,3,1,3
202300043997,2023-04-04 14:19:00,2023,4,4,14,19,44,44026,1 Route de la Charmelière,47.301046,-1.47524,Plein jour,Hors agglomération,Intersection en T,Normale,Deux véhicules - côté,4,2,2,0,1,1,1,0,1,30,2,2,1,0,1,0,74.0,79.0,voiture,deux_roues,1,1,3,1,3
202300043998,2023-02-20 23:09:00,2023,2,20,23,9,13,13210,A50-Sens Marseille vers Aubagne,43.28452625,5.41498131,Nuit sans éclairage public,Hors agglomération,Hors intersection,Normale,Deux véhicules - arrière,1,1,3,0,1,1,1,0,1,70,2,4,3,0,1,0,59.0,23.0,deux_roues,voiture,3,1,1,1,2
202300043999,2023-08-31 18:30:00,2023,8,31,18,30,13,13118,D10,43.545184,5.256795,Plein jour,Hors agglomération,Intersection en T,Normale,Deux véhicules - côté,3,2,2,0,1,1,1,0,1,80,2,2,1,0,1,0,36.0,35.0,deux_roues,voiture,1,1,3,1,3
202300043999,2023-08-31 18:30:00,2023,8,31,18,30,13,13118,D10,43.545184,5.256795,Plein jour,Hors agglomération,Intersection en T,Normale,Deux véhicules - côté,3,2, -1,-1,1,1,1,5,1,-1,2,2,1,0,1,0,36.0,35.0,deux_roues,voiture,1,1,3,1,3
202300044000,2023-04-07 17:52:00,2023,4,7,17,52,60,60628,N31,49.423927,2.146025,Plein jour,Hors agglomération,Hors intersection,Normale,Deux véhicules - arrière,2,3,2,0,1,1,1,0,1,110,2,2,0,0,0,2,30.0,23.0,voiture,voiture,1,1,1,1,2
202300044001,2023-12-07 14:20:00,2023,12,7,14,20,75,75118,PORTE DE LA CHAPELLE,48.900695,2.365705,Plein jour,En agglomération,Hors intersection,Pluie légère,Deux véhicules - côté,4,1,4,0,1,1,2,0,1,70,2,2,1,0,0,1,32.0,59.0,utilitaire_camion,voiture,1,2,1,2,3
202300044002,2023-02-19 16:45:00,2023,2,19,16,45,33,33281,ROCADE A 630,44.83504,-0.67676,Plein jour,Hors agglomération,Hors intersection,Normale,Trois véhicules et plus - en chaîne,1,3,8,0,1,1,1,3,1,90,3,6,3,0,0,3,35.0,21.0,voiture,voiture,1,1,1,1,4
202300044003,2023-12-07 14:05:00,2023,12,7,14,5,75,75112,PORTE DE CHARENTON,48.830807,2.403154,Plein jour,En agglomération,Hors intersection,Normale,Deux véhicules - arrière,4,1,4,0,1,1,1,0,1,70,2,2,0,0,0,2,35.0,44.0,voiture,voiture,1,2,1,1,2
202300044004,2023-06-24 18:00:00,2023,6,24,18,0,51,51454,A344,49.242952,4.030915,Plein jour,Hors agglomération,Hors intersection,Normale,Deux véhicules - arrière,1,3,3,0,1,1,1,0,1,90,2,2,1,0,0,1,37.0,60.0,utilitaire_camion,utilitaire_camion,1,1,1,1,2
202300044005,2023-04-06 17:10:00,2023,4,6,17,10,13,13215,A507 sens Marseille - Aubagne,43.34216476,5.37623952,Plein jour,Hors agglomération,Hors intersection,Normale,Sans collision,1,-1,2,0,1,1,1,0,1,70,2,3,0,0,0,3,59.0,50.0,voiture,voiture,1,1,1,1,7
202300044006,2023-02-21 08:45:00,2023,2,21,8,45,91,91687,AUTOROUTE A6,48.66532,2.36363,Plein jour,Hors agglomération,Hors intersection,Normale,Deux véhicules - côté,1,3,6,0,1,1,1,0,1,110,2,2,1,0,0,1,46.0,38.0,deux_roues,voiture,1,1,1,1,3
202300044007,2023-08-27 22:35:00,2023,8,27,22,35,31,31254,D916,43.544497,1.503561,Nuit avec éclairage allumé,Hors agglomération,Giratoire,Normale,Autre collision,3,3,2,0,1,1,1,9,1,80,1,1,0,0,1,0,20.0,,deux_roues,,5,1,6,1,6
202300044008,2023-12-06 16:00:00,2023,12,6,16,0,75,75119,PORTE DE PANTIN,48.897213,2.394354,Crépuscule ou aube,En agglomération,Hors intersection,Normale,Deux véhicules - arrière,4,1,4,0,1,1,1,0,1,70,2,4,3,0,0,1,61.0,34.0,voiture,utilitaire_camion,2,2,1,1,2
202300044009,2023-02-20 21:35:00,2023,2,20,21,35,91,91174,RN 104,48.624289,2.469274,Nuit sans éclairage public,Hors agglomération,Autre intersection,Normale,Sans collision,2,1,1,0,2,3,1,9,8,70,1,1,0,0,0,1,38.0,,deux_roues,,3,1,9,1,7
202300044010,2023-08-31 14:45:00,2023,8,31,14,45,34,34172,autoroute A709 PK 011+400 sens béziers nimes,43.601403,3.921561,Plein jour,Hors agglomération,Hors intersection,Normale,Deux véhicules - arrière,1,3,3,0,1,1,1,0,1,90,2,2,1,0,1,0,53.0,54.0,utilitaire_camion,deux_roues,1,1,1,1,2
202300044011,2023-04-06 08:40:00,2023,4,6,8,40,13,13081,A7-Sens Lyon vers Marseille,43.48986,5.2402,Plein jour,Hors agglomération,Hors intersection,Normale,Trois véhicules et plus - en chaîne,1,1,2,0,1,3,1,0,1,110,5,5,4,0,0,1,44.0,54.0,voiture,voiture,1,1,1,1,4
202300044012,2023-02-20 10:15:00,2023,2,20,10,15,91,91161,AUTOROUTE A6,48.6986,2.3134,Plein jour,Hors agglomération,Hors intersection,Normale,Trois véhicules et plus - en chaîne,1,3,6,0,1,1,1,0,1,110,3,3,2,0,1,0,56.0,65.0,voiture,voiture,1,1,1,1,4
202300044013,2023-09-01 14:05:00,2023,9,1,14,5,55,55237,AUTOROUTE A4 PK 265+200,49.113785,5.555563,Plein jour,Hors agglomération,Hors intersection,Normale,Deux véhicules - arrière,1,1,2,0,1,1,2,0,1,130,2,3,2,0,1,0,92.0,40.0,voiture,voiture,1,1,1,1,2
202300044014,2023-02-21 17:45:00,2023,2,21,17,45,78,78423,N12W,48.796,2.038255,Plein jour,Hors agglomération,Hors intersection,Normale,Autre collision,2,1,2,0,1,3,1,3,1,70,1,1,0,0,1,0,42.0,,deux_roues,,1,1,1,1,6
202300044015,2023-12-06 08:15:00,2023,12,6,8,15,75,75112,PORTE DE CHARENTON,48.830171,2.402188,Plein jour,En agglomération,Hors intersection,Normale,Trois véhicules et plus - en chaîne,4,1,4,0,1,1,1,0,1,70,4,11,10,0,0,1,25.0,53.0,voiture,voiture,1,2,1,1,4
202300044016,2023-04-06 07:40:00,2023,4,6,7,40,33,33003,AUTOROUTE A 10,44.92973662,-0.46968699,Crépuscule ou aube,Hors agglomération,Hors intersection,Normale,Trois véhicules et plus - en chaîne,1,3,6,0,1,1,1,3,1,110,3,3,2,0,1,0,33.0,57.0,voiture,deux_roues,2,1,1,1,4