accident_id,datetime,annee,mois,jour,heure,minute,departement,commune_insee,adresse,latitude,longitude,luminosite,agglomeration,intersection,meteo,collision,catr,circ,nbv,vosp,prof,plan,surf,infra,situ,vma,nb_vehicules,nb_usagers,nb_indemnes,nb_tues,nb_blesses_hosp,nb_blesses_legers,age_cond_1,age_cond_2,veh_type_cond_1,veh_type_cond_2,lum_code,agg_code,int_code,atm_code,col_code
202300044084,2023-04-05 15:35:00,2023,4,5,15,35,972,97213,AUTOROUTE A1,14.61836,-61.02514,Plein jour,Hors agglomération,Hors intersection,Normale,Deux véhicules - côté,1,1,4,3,1,1,1,0,1,90,2,3,1,0,0,2,59.0,38.0,voiture,deux_roues,1,1,1,1,3
202300044085,2023-02-20 08:00:00,2023,2,20,8,0,2A,2A004,GEORGES POMPIDOU AVENUE,41.92981,8.75748,Plein jour,En agglomération,Autre intersection,Normale,Deux véhicules - arrière,2,1,2,0,2,1,1,0,1,50,2,2,0,0,0,2,38.0,43.0,deux_roues,deux_roues,1,2,9,1,2
202300044086,2023-04-05 09:50:00,2023,4,5,9,50,69,69149,22 Grande Rue,45.71953,4.81049,Plein jour,En agglomération,Hors intersection,Normale,Sans collision,7,2,3,3,2,1,9,0,1,30,1,1,0,0,1,0,46.0,,deux_roues,,1,2,1,1,7
202300044087,2023-09-01 17:46:00,2023,9,1,17,46,49,49301,Les Quatre Étalons,47.098547,-1.021922,Plein jour,Hors agglomération,Hors intersection,Autre,Autre collision,4,2,2,0,1,1,2,0,3,80,1,1,0,0,1,0,18.0,,deux_roues,,1,1,1,9,6
202300044088,2023-12-07 10:30:00,2023,12,7,10,30,94,94003,Avenue Gabriel Péri,48.7995,2.34397,Plein jour,En agglomération,Autre intersection,Normale,Deux véhicules - côté,3,1,2,0,2,1,1,0,1,50,2,2,1,0,1,0,30.0,49.0,voiture,deux_roues,1,2,9,1,3
202300044088,2023-12-07 10:30:00,2023,12,7,10,30,94,94003,Avenue Gabriel Péri,48.7995,2.34397,Plein jour,En agglomération,Autre intersection,Normale,Deux véhicules - côté,3,-1,1,0,2,1,1,0,1,50,2,2,1,0,1,0,30.0,49.0,voiture,deux_roues,1,2,9,1,3
202300044089,2023-02-20 13:55:00,2023,2,20,13,55,91,91692,CANADA (AVENUE DU),48.6847,2.19118,Plein jour,En agglomération,Intersection en Y,Normale,Deux véhicules - côté,3,2,5,0,1,1,1,0,1,45,2,2,1,0,0,1,20.0,41.0,voiture,deux_roues,1,2,4,1,3
202300044089,2023-02-20 13:55:00,2023,2,20,13,55,91,91692,CANADA (AVENUE DU),48.6847,2.19118,Plein jour,En agglomération,Intersection en Y,Normale,Deux véhicules - côté,3,2,5,0,1,1,1,0,1,45,2,2,1,0,0,1,20.0,41.0,voiture,deux_roues,1,2,4,1,3
202300044090,2023-04-05 15:00:00,2023,4,5,15,0,2B,2B037,TOUTES RUES,42.6284,9.43754,Plein jour,Hors agglomération,Hors intersection,Normale,Deux véhicules - arrière,2,3,2,0,1,1,1,5,1,50,2,2,1,0,0,1,72.0,28.0,voiture,utilitaire_camion,1,1,1,1,2
202300044091,2023-09-01 13:40:00,2023,9,1,13,40,50,50594,Route du Saussey,49.609709,-1.716442,Plein jour,Hors agglomération,Hors intersection,Normale,Deux véhicules - frontale,3,2,2,0,1,4,1,0,1,80,2,2,1,0,1,0,36.0,35.0,voiture,deux_roues,1,1,1,1,1
202300044092,2023-12-07 08:15:00,2023,12,7,8,15,94,94075,Route de la Grange,48.73267,2.51284,Plein jour,Hors agglomération,Hors intersection,Normale,Deux véhicules - côté,3,2,0,1,1,1,1,0,1,50,2,2,1,0,0,1,59.0,39.0,voiture,deux_roues,1,1,1,1,3
202300044093,2023-04-04 10:30:00,2023,4,4,10,30,971,97120,JEAN JAURES,16.23886321,-61.5370658,Plein jour,Hors agglomération,Hors intersection,Normale,Autre collision,4,1,1,0,1,1,1,0,1,30,1,2,1,0,0,1,48.0,,voiture,,1,1,1,1,6
202300044094,2023-02-20 13:54:00,2023,2,20,13,54,87,87085,NAUGEAT (AVENUE DE,45.82231,1.23977,Plein jour,En agglomération,Intersection en X,Normale,Deux véhicules - côté,4,2,2,0,1,1,1,0,1,30,2,2,1,0,0,1,22.0,47.0,deux_roues,voiture,1,2,2,1,3
202300044094,2023-02-20 13:54:00,2023,2,20,13,54,87,87085,NAUGEAT (AVENUE DE,45.82231,1.23977,Plein jour,En agglomération,Intersection en X,Normale,Deux véhicules - côté,4,2,2,0,1,1,1,0,1,30,2,2,1,0,0,1,22.0,47.0,deux_roues,voiture,1,2,2,1,3
202300044095,2023-09-01 00:05:00,2023,9,1,0,5,22,22277,Le Mérutel,48.375808,-2.839692,Nuit sans éclairage public,Hors agglomération,Hors intersection,Pluie légère,Deux véhicules - frontale,3,2,2,0,1,1,2,0,1,80,2,2,0,0,0,2,19.0,23.0,voiture,voiture,3,1,1,2,1
202300044096,2023-12-07 16:50:00,2023,12,7,16,50,93,93066,Avenue du Stade de France / Rue de la Cokerie,48.9212,2.36163,Crépuscule ou aube,En agglomération,Intersection en X,Pluie légère,Deux véhicules - côté,4,1,3,0,1,1,2,0,1,50,2,2,1,0,0,1,68.0,53.0,deux_roues,voiture,2,2,2,2,3
202300044096,2023-12-07 16:50:00,2023,12,7,16,50,93,93066,Avenue du Stade de France / Rue de la Cokerie,48.9212,2.36163,Crépuscule ou aube,En agglomération,Intersection en X,Pluie légère,Deux véhicules - côté,4,3,4,0,1,1,2,0,1,50,2,2,1,0,0,1,68.0,53.0,deux_roues,voiture,2,2,2,2,3
202300044097,2023-02-20 13:54:00,2023,2,20,13,54,87,87085,FUSTEL DE COULANGES (RUE),45.83313,1.23156,Plein jour,En agglomération,Hors intersection,Normale,Sans collision,4,2,2,0,1,1,1,0,1,50,1,1,0,0,0,1,58.0,,deux_roues,,1,2,1,1,7
202300044098,2023-04-05 16:11:00,2023,4,5,16,11,2A,2A004,BONAPARTE CHARLES  BD,41.93155,8.74027,Plein jour,En agglomération,Intersection en T,Normale,Deux véhicules - côté,2,3,2,0,1,1,1,0,1,50,2,2,1,0,0,1,36.0,52.0,voiture,deux_roues,1,2,3,1,3
202300044098,2023-04-05 16:11:00,2023,4,5,16,11,2A,2A004,BONAPARTE CHARLES  BD,41.93155,8.74027,Plein jour,En agglomération,Intersection en T,Normale,Deux véhicules - côté,2,2,1,0,1,1,1,0,1,50,2,2,1,0,0,1,36.0,52.0,voiture,deux_roues,1,2,3,1,3
202300044099,2023-12-07 18:50:00,2023,12,7,18,50,93,93055,Rue Méhul / Rue Gambetta,48.889155,2.410226,Nuit avec éclairage allumé,En agglomération,Intersection à plus de 4 branches,Pluie légère,Deux véhicules - arrière,3,2,2,0,1,1,2,0,1,50,2,2,1,0,1,0,73.0,17.0,voiture,deux_roues,5,2,5,2,2
202300044099,2023-12-07 18:50:00,2023,12,7,18,50,93,93055,Rue Méhul / Rue Gambetta,48.889155,2.410226,Nuit avec éclairage allumé,En agglomération,Intersection à plus de 4 branches,Pluie légère,Deux véhicules - arrière,3,2,2,0,1,1,2,0,1,50,2,2,1,0,1,0,73.0,17.0,voiture,deux_roues,5,2,5,2,2
202300044100,2023-02-19 20:40:00,2023,2,19,20,40,87,87085,AUTOROUTE A20,45.87306,1.28777,Nuit sans éclairage public,Hors agglomération,Hors intersection,Normale,Autre collision,1,1,1,0,2,3,1,3,1,50,1,3,2,0,0,1,46.0,,voiture,,3,1,1,1,6
202300044101,2023-04-05 07:50:00,2023,4,5,7,50,2A,2A004,BONAPARTE LUCIEN  COURS,41.91202,8.72275,Plein jour,En agglomération,Intersection en T,Normale,Deux véhicules - côté,4,2,2,0,1,1,1,0,1,50,2,2,1,0,0,1,47.0,17.0,voiture,deux_roues,1,2,3,1,3
202300044101,2023-04-05 07:50:00,2023,4,5,7,50,2A,2A004,BONAPARTE LUCIEN  COURS,41.91202,8.72275,Plein jour,En agglomération,Intersection en T,Normale,Deux véhicules - côté,4,2,0,0,1,1,1,0,1,30,2,2,1,0,0,1,47.0,17.0,voiture,deux_roues,1,2,3,1,3
202300044102,2023-08-28 19:00:00,2023,8,28,19,0,59,59377,3 Rue Jean Jaures,50.120791,3.173558,Plein jour,En agglomération,Hors intersection,Normale,Deux véhicules - frontale,4,2,2,0,1,3,1,0,1,50,2,2,1,0,0,1,41.0,11.0,utilitaire_camion,deux_roues,1,2,1,1,1
202300044103,2023-12-07 19:50:00,2023,12,7,19,50,93,93047,Avenue Jean Jaurés / Avenue des Violettes,48.89876,2.54739,Nuit avec éclairage allumé,En agglomération,Intersection en T,Pluie légère,Deux véhicules - côté,3,2,3,2,1,1,2,9,1,50,2,2,1,0,0,1,34.0,,deux_roues,voiture,5,2,3,2,3
202300044103,2023-12-07 19:50:00,2023,12,7,19,50,93,93047,Avenue Jean Jaurés / Avenue des Violettes,48.89876,2.54739,Nuit avec éclairage allumé,En agglomération,Intersection en T,Pluie légère,Deux véhicules - côté,3,1,1,0,1,1,2,5,8,50,2,2,1,0,0,1,34.0,,deux_roues,voiture,5,2,3,2,3
202300044104,2023-02-19 16:42:00,2023,2,19,16,42,87,87085,MATISSE (RUE HENRI),45.85158,1.27132,Plein jour,En agglomération,Hors intersection,Normale,Trois véhicules et plus - en chaîne,4,2,2,0,2,1,1,0,1,50,3,4,3,0,0,1,52.0,32.0,voiture,voiture,1,2,1,1,4
202300044105,2023-08-31 19:15:00,2023,8,31,19,15,13,13214,A507 sens Marseille - Aubagne,43.3297,5.393,Plein jour,Hors agglomération,Hors intersection,Normale,Deux véhicules - arrière,1,1,3,0,1,1,1,1,1,70,3,3,2,0,0,1,57.0,67.0,voiture,voiture,1,1,1,1,2
202300044106,2023-12-07 08:26:00,2023,12,7,8,26,93,93029,Avenue Henri Barbusse / Rue Gabriel Puech ,48.918639,2.448754,Plein jour,En agglomération,Intersection en T,Normale,Deux véhicules - côté,3,1,1,0,1,1,1,0,1,50,2,2,1,0,0,1,54.0,48.0,deux_roues,voiture,1,2,3,1,3
202300044106,2023-12-07 08:26:00,2023,12,7,8,26,93,93029,Avenue Henri Barbusse / Rue Gabriel Puech ,48.918639,2.448754,Plein jour,En agglomération,Intersection en T,Normale,Deux véhicules - côté,3,2,2,0,1,1,1,0,1,50,2,2,1,0,0,1,54.0,48.0,deux_roues,voiture,1,2,3,1,3
202300044107,2023-02-19 13:47:00,2023,2,19,13,47,87,87075,D20,45.80891,1.16348,Plein jour,Hors agglomération,Intersection en T,Normale,Deux véhicules - côté,3,2,3,0,1,3,1,0,1,80,2,2,1,0,0,1,25.0,25.0,voiture,voiture,1,1,3,1,3
202300044107,2023-02-19 13:47:00,2023,2,19,13,47,87,87075,D20,45.80891,1.16348,Plein jour,Hors agglomération,Intersection en T,Normale,Deux véhicules - côté,3,2,2,0,1,1,1,0,1,50,2,2,1,0,0,1,25.0,25.0,voiture,voiture,1,1,3,1,3
202300044108,2023-08-16 12:00:00,2023,8,16,12,0,13,13071,A5501DSens Lyon vers A55-Mlle Vieux Port,43.4052,5.2944,Plein jour,Hors agglomération,Hors intersection,Normale,Deux véhicules - côté,1,1,2,0,2,1,1,3,1,110,2,2,1,0,0,1,36.0,34.0,voiture,deux_roues,1,1,1,1,3
202300044109,2023-12-07 20:25:00,2023,12,7,20,25,93,93014,Carrefour des Libertés / Boulevard Gagarine,48.904647,2.548517,Nuit avec éclairage allumé,En agglomération,Intersection en X,Pluie légère,Autre collision,3,3,2,2,1,1,2,6,1,30,1,2,1,0,1,0,29.0,,voiture,,5,2,2,2,6
202300044109,2023-12-07 20:25:00,2023,12,7,20,25,93,93014,Carrefour des Libertés / Boulevard Gagarine,48.904647,2.548517,Nuit avec éclairage allumé,En agglomération,Intersection en X,Pluie légère,Autre collision,3,3,2,3,1,1,2,0,1,-1,1,2,1,0,1,0,29.0,,voiture,,5,2,2,2,6
202300044110,2023-02-20 05:00:00,2023,2,20,5,0,84,84035,MARSEILLE-RD938 (ROUTE DE),43.82767,5.0327,Nuit sans éclairage public,En agglomération,Hors intersection,Normale,Deux véhicules - frontale,3,2,2,0,1,2,1,0,1,50,2,2,1,0,1,0,29.0,70.0,voiture,utilitaire_camion,3,2,1,1,1
202300044111,2023-04-05 16:40:00,2023,4,5,16,40,91,91570,BOIELDIEU (RUE),48.63091,2.31756,Plein jour,En agglomération,Autre intersection,Normale,Autre collision,4,2,2,0,1,1,1,0,1,50,1,2,1,0,0,1,57.0,,voiture,,1,2,9,1,6
202300044112,2023-08-30 18:23:00,2023,8,30,18,23,13,13005,A50-Sens Marseille vers Aubagne,43.2868,5.53841,Plein jour,Hors agglomération,Hors intersection,Normale,Deux véhicules - arrière,1,1,3,0,1,1,1,0,1,90,2,2,1,0,0,1,63.0,72.0,voiture,voiture,1,1,1,1,2
202300044113,2023-02-20 20:30:00,2023,2,20,20,30,83,83137,FAVIERES (CHEMIN DES),43.15127444,5.96905893,Nuit avec éclairage allumé,En agglomération,Hors intersection,Normale,Deux véhicules - frontale,3,2,2,0,2,3,1,0,1,70,2,2,1,0,0,1,21.0,24.0,voiture,deux_roues,5,2,1,1,1
202300044114,2023-04-05 10:05:00,2023,4,5,10,5,91,91286,NATIONALE 7 (ROUTE),48.666636,2.396362,Plein jour,En agglomération,Hors intersection,Normale,Deux véhicules - côté,3,2,4,0,1,1,1,0,1,50,2,2,1,0,0,1,20.0,30.0,voiture,deux_roues,1,2,1,1,3
202300044115,2023-12-07 20:15:00,2023,12,7,20,15,93,93007,Rue Alexandre Dumas / Avenue Pasteur,48.93779,2.47389,Nuit avec éclairage allumé,En agglomération,Intersection en Y,Pluie légère,Deux véhicules - côté,3,2,2,0,1,3,2,0,1,50,2,2,1,0,0,1,29.0,16.0,voiture,deux_roues,5,2,4,2,3
202300044115,2023-12-07 20:15:00,2023,12,7,20,15,93,93007,Rue Alexandre Dumas / Avenue Pasteur,48.93779,2.47389,Nuit avec éclairage allumé,En agglomération,Intersection en Y,Pluie légère,Deux véhicules - côté,3,2,2,0,1,1,2,0,1,50,2,2,1,0,0,1,29.0,16.0,voiture,deux_roues,5,2,4,2,3
202300044116,2023-08-30 13:35:00,2023,8,30,13,35,13,13056,A55-Sens Martigues vers Marseille,43.40527,5.0398,Plein jour,Hors agglomération,Hors intersection,Normale,Deux véhicules - arrière,1,1,2,0,1,1,1,2,1,50,2,3,2,0,0,1,38.0,18.0,voiture,voiture,1,1,1,1,2
202300044117,2023-02-19 19:43:00,2023,2,19,19,43,78,78440,SEINE (RUE DE),48.9975,1.90986,Nuit avec éclairage allumé,En agglomération,Hors intersection,Normale,Deux véhicules - arrière,3,3,2,0,1,1,1,9,1,50,2,3,2,0,0,1,21.0,44.0,voiture,deux_roues,5,2,1,1,2
202300044118,2023-04-05 10:25:00,2023,4,5,10,25,91,91433,ROCHETTES (RUE DES),48.45168,2.17169,Plein jour,Hors agglomération,Hors intersection,Temps éblouissant,Autre collision,4,-1,0,0,1,2,1,0,1,-1,1,2,1,0,0,1,27.0,,utilitaire_camion,,1,1,1,7,6
202300044119,2023-08-30 10:15:00,2023,8,30,10,15,83,83144,A57,43.14109384,6.00284963,Plein jour,Hors agglomération,Hors intersection,Normale,Deux véhicules - arrière,1,3,4,0,1,1,1,0,1,70,2,2,1,0,0,1,39.0,42.0,deux_roues,voiture,1,1,1,1,2
202300044120,2023-12-06 20:00:00,2023,12,6,20,0,92,92078,MARECHAL LECLERC (AVENUE) (PAIRS),48.93487788,2.3249875,Nuit avec éclairage allumé,En agglomération,Autre intersection,Normale,Deux véhicules - côté,3,4,0,0,1,1,1,0,1,50,2,2,1,0,0,1,33.0,,voiture,utilitaire_camion,5,2,9,1,3
202300044120,2023-12-06 20:00:00,2023,12,6,20,0,92,92078,MARECHAL LECLERC (AVENUE) (PAIRS),48.93487788,2.3249875,Nuit avec éclairage allumé,En agglomération,Autre intersection,Normale,Deux véhicules - côté,3,1, -1,-1,1,1,1,5,1,-1,2,2,1,0,0,1,33.0,,voiture,utilitaire_camion,5,2,9,1,3
202300044121,2023-08-31 07:25:00,2023,8,31,7,25,33,33122,AUTOROUTE A 63,44.73161848,-0.72440565,Plein jour,Hors agglomération,Hors intersection,Normale,Autre collision,1,3,4,0,1,1,1,0,1,110,1,1,0,0,0,1,51.0,,voiture,,1,1,1,1,6
202300044122,2023-04-05 09:47:00,2023,4,5,9,47,87,87050,LIMOGES (AVENUE DE),45.86373,1.23801,Plein jour,En agglomération,Hors intersection,Normale,Autre collision,3,2,2,0,1,1,1,0,1,50,1,2,1,0,0,1,91.0,,voiture,,1,2,1,1,6
202300044123,2023-12-07 09:00:00,2023,12,7,9,0,92,92073,GAULLE (AVENUE GENERAL CHARLES DE),48.87064153,2.22461119,Plein jour,En agglomération,Hors intersection,Normale,Deux véhicules - côté,3,4,2,0,2,2,1,0,1,50,2,2,1,0,0,1,27.0,31.0,deux_roues,deux_roues,1,2,1,1,3
202300044124,2023-08-31 17:10:00,2023,8,31,17,10,94,94076,A6B,48.79178332,2.34476096,Plein jour,Hors agglomération,Hors intersection,Pluie légère,Deux véhicules - arrière,1,3,2,0,1,1,2,0,1,90,2,3,2,0,0,1,31.0,31.0,voiture,voiture,1,1,1,2,2
202300044125,2023-04-05 21:05:00,2023,4,5,21,5,83,83069,PERRON (AVENUE JEAN JACQUES),43.11942,6.12629,Nuit avec éclairage allumé,En agglomération,Intersection en X,Normale,Deux véhicules - côté,4,1,1,0,2,1,1,0,1,50,2,2,0,0,0,2,39.0,28.0,voiture,deux_roues,5,2,2,1,3
202300044125,2023-04-05 21:05:00,2023,4,5,21,5,83,83069,PERRON (AVENUE JEAN JACQUES),43.11942,6.12629,Nuit avec éclairage allumé,En agglomération,Intersection en X,Normale,Deux véhicules - côté,4,1,1,0,1,1,1,0,1,50,2,2,0,0,0,2,39.0,28.0,voiture,deux_roues,5,2,2,1,3
202300044126,2023-12-06 20:50:00,2023,12,6,20,50,92,92072,BRUYERES (RUE DES),48.82121261,2.21866742,Nuit avec éclairage allumé,En agglomération,Intersection en T,Normale,Deux véhicules - côté,4,2,2,0,1,3,1,0,1,50,2,2,1,0,0,1,30.0,48.0,voiture,deux_roues,5,2,3,1,3
202300044126,2023-12-06 20:50:00,2023,12,6,20,50,92,92072,BRUYERES (RUE DES),48.82121261,2.21866742,Nuit avec éclairage allumé,En agglomération,Intersection en T,Normale,Deux véhicules - côté,4,1,2,0,1,1,1,0,1,50,2,2,1,0,0,1,30.0,48.0,voiture,deux_roues,5,2,3,1,3
202300044127,2023-02-10 09:00:00,2023,2,10,9,0,76,76351,SPORTS,49.51746,0.13001,Plein jour,Hors agglomération,Hors intersection,Normale,Autre collision,5,2,1,0,1,1,2,0,8,-1,1,3,2,0,0,1,24.0,,voiture,,1,1,1,1,6
202300044128,2023-12-05 20:30:00,2023,12,5,20,30,92,92072,BALZAC (RUE HONORE DE),48.82831,2.2017,Nuit avec éclairage allumé,En agglomération,Hors intersection,Pluie légère,Sans collision,4,2,1,0,1,1,2,9,1,30,1,1,0,0,0,1,69.0,,deux_roues,,5,2,1,2,7
202300044129,2023-08-31 08:47:00,2023,8,31,8,47,91,91228,AUTOROUTE A6,48.62789,2.41332,Plein jour,Hors agglomération,Hors intersection,Temps couvert,Trois véhicules et plus - en chaîne,1,1,3,0,1,1,1,0,1,110,3,3,1,0,0,2,53.0,47.0,utilitaire_camion,voiture,1,1,1,8,4
202300044130,2023-03-03 17:15:00,2023,3,3,17,15,78,78158,CHARLES DE GAULLE (AVENUE),48.828646,2.124864,Plein jour,En agglomération,Giratoire,Normale,Autre collision,4,2,2,0,1,1,1,0,1,50,1,2,1,0,1,0,24.0,,voiture,,1,2,6,1,6
202300044130,2023-03-03 17:15:00,2023,3,3,17,15,78,78158,CHARLES DE GAULLE (AVENUE),48.828646,2.124864,Plein jour,En agglomération,Giratoire,Normale,Autre collision,4,2, -1,-1,1,1,1,0,1,-1,1,2,1,0,1,0,24.0,,voiture,,1,2,6,1,6
202300044131,2023-08-31 07:01:00,2023,8,31,7,1,91,91434,AUTOROUTE A6,48.66832,2.35421,Crépuscule ou aube,Hors agglomération,Hors intersection,Normale,Deux véhicules - arrière,1,1,3,0,1,1,1,0,1,110,2,2,1,0,0,1,44.0,62.0,voiture,voiture,2,1,1,1,2
202300044132,2023-04-05 20:15:00,2023,4,5,20,15,78,78372,FONTENELLE (RUE),48.872149,2.096492,Crépuscule ou aube,En agglomération,Hors intersection,Normale,Autre collision,4,2,2,0,1,1,1,0,1,30,1,2,1,0,0,1,76.0,,voiture,,2,2,1,1,6
202300044133,2023-12-07 19:45:00,2023,12,7,19,45,92,92050,RD 914,48.90684325,2.2120399,Nuit avec éclairage allumé,Hors agglomération,Intersection en T,Pluie légère,Trois véhicules et plus - en chaîne,3,1,3,0,2,1,2,0,1,70,3,3,1,0,0,2,19.0,56.0,voiture,deux_roues,5,1,3,2,4
202300044133,2023-12-07 19:45:00,2023,12,7,19,45,92,92050,RD 914,48.90684325,2.2120399,Nuit avec éclairage allumé,Hors agglomération,Intersection en T,Pluie légère,Trois véhicules et plus - en chaîne,3,1,2,0,1,1,2,0,1,50,3,3,1,0,0,2,19.0,56.0,voiture,deux_roues,5,1,3,2,4
202300044134,2023-02-20 19:25:00,2023,2,20,19,25,73,73008,LEPIC BOULEVARD,45.68606,5.906,Nuit avec éclairage allumé,En agglomération,Giratoire,Normale,Autre collision,3,2,2,0,1,1,1,5,8,50,1,6,4,0,0,2,,,voiture,,5,2,6,1,6
202300044134,2023-02-20 19:25:00,2023,2,20,19,25,73,73008,LEPIC BOULEVARD,45.68606,5.906,Nuit avec éclairage allumé,En agglomération,Giratoire,Normale,Autre collision,3,2,2,0,1,1,1,5,8,50,1,6,4,0,0,2,,,voiture,,5,2,6,1,6
202300044135,2023-12-07 17:45:00,2023,12,7,17,45,92,92050,18 OCTOBRE 1961 RUE,48.89853,2.21519,Crépuscule ou aube,En agglomération,Autre intersection,Temps couvert,Autre collision,4,-1,0,0,2,1,2,6,4,-1,1,2,1,0,0,1,,,deux_roues,,2,2,9,8,6
202300044136,2023-08-30 19:45:00,2023,8,30,19,45,91,91471,RN 118,48.69473,2.19458,Plein jour,Hors agglomération,Autre intersection,Normale,Deux véhicules - arrière,2,3,1,0,1,3,1,0,1,30,2,2,1,0,0,1,23.0,57.0,transport_commun,voiture,1,1,9,1,2
202300044137,2023-04-03 19:10:00,2023,4,3,19,10,78,78418,ROBERT LAFORGE (BOULEVARD),48.93223,2.1397,Plein jour,En agglomération,Intersection en T,Normale,Deux véhicules - côté,4,1,3,1,1,2,1,0,5,50,2,2,1,0,0,1,56.0,47.0,voiture,deux_roues,1,2,3,1,3
202300044137,2023-04-03 19:10:00,2023,4,3,19,10,78,78418,ROBERT LAFORGE (BOULEVARD),48.93223,2.1397,Plein jour,En agglomération,Intersection en T,Normale,Deux véhicules - côté,4,2,3,2,1,1,1,0,1,50,2,2,1,0,0,1,56.0,47.0,voiture,deux_roues,1,2,3,1,3
202300044138,2023-02-19 18:15:00,2023,2,19,18,15,71,71306,ALOUETTES (AVENUE DES),46.68781,4.35808,Crépuscule ou aube,En agglomération,Intersection en X,Normale,Deux véhicules - côté,2,1,1,-1,2,1,1,3,1,50,2,3,1,1,0,1,69.0,28.0,voiture,deux_roues,2,2,2,1,3
202300044138,2023-02-19 18:15:00,2023,2,19,18,15,71,71306,ALOUETTES (AVENUE DES),46.68781,4.35808,Crépuscule ou aube,En agglomération,Intersection en X,Normale,Deux véhicules - côté,2,2,3,0,2,1,1,5,1,50,2,3,1,1,0,1,69.0,28.0,voiture,deux_roues,2,2,2,1,3
202300044139,2023-12-06 20:00:00,2023,12,6,20,0,92,92050,LENINE VLADIMIR ILITCH AVENUE,48.88795556,2.18953997,Nuit avec éclairage allumé,En agglomération,Autre intersection,Normale,Deux véhicules - côté,3,2,1,1,1,1,1,0,1,50,2,2,1,0,0,1,21.0,24.0,voiture,deux_roues,5,2,9,1,3
202300044140,2023-08-30 14:45:00,2023,8,30,14,45,93,93027,AUTOROUTE A86,48.92458528,2.38937632,Plein jour,Hors agglomération,Hors intersection,Normale,Deux véhicules - arrière,1,3,8,0,1,1,1,0,1,90,2,2,1,0,0,1,49.0,32.0,utilitaire_camion,voiture,1,1,1,1,2
202300044141,2023-04-05 21:00:00,2023,4,5,21,0,78,78624,L'HAUTIL RUE CD2,48.99157,2.00796,Nuit avec éclairage allumé,Hors agglomération,Hors intersection,Normale,Deux véhicules - frontale,3,2,2,0,2,3,1,0,1,50,2,2,0,0,0,2,25.0,54.0,voiture,voiture,5,1,1,1,1
202300044142,2023-08-31 18:15:00,2023,8,31,18,15,94,94018,A4,48.81739194,2.41475247,Plein jour,Hors agglomération,Hors intersection,Temps couvert,Autre collision,1,1,5,0,2,1,2,3,1,30,1,2,0,0,0,2,31.0,,voiture,,1,1,1,8,6
202300044143,2023-12-05 12:10:00,2023,12,5,12,10,92,92024,CLICHY (QUAI DE) DE (104 A 202),48.90679477,2.29649931,Plein jour,En agglomération,Hors intersection,Pluie légère,Sans collision,3,2,2,0,2,1,8,0,2,50,1,1,0,0,0,1,37.0,,deux_roues,,1,2,1,2,7
202300044144,2023-02-20 17:40:00,2023,2,20,17,40,69,69271,Avenue du Progrès,45.73015,4.96375,Plein jour,En agglomération,Intersection en T,Normale,Deux véhicules - côté,4,2,2,0,1,1,1,0,8,50,2,3,2,0,0,1,84.0,18.0,voiture,deux_roues,1,2,3,1,3
202300044144,2023-02-20 17:40:00,2023,2,20,17,40,69,69271,Avenue du Progrès,45.73015,4.96375,Plein jour,En agglomération,Intersection en T,Normale,Deux véhicules - côté,4,2,2,1,1,1,1,0,8,50,2,3,2,0,0,1,84.0,18.0,voiture,deux_roues,1,2,3,1,3
202300044145,2023-12-07 20:15:00,2023,12,7,20,15,92,92012,GEORGES GORSE (QUAI),48.82361946,2.23848827,Nuit avec éclairage allumé,En agglomération,Hors intersection,Pluie forte,Autre collision,3,2,3,3,1,1,2,0,1,50,1,1,0,0,0,1,86.0,,voiture,,5,2,1,3,6
202300044146,2023-08-31 08:30:00,2023,8,31,8,30,77,77363,A104,48.92869685,2.62840045,Plein jour,Hors agglomération,Hors intersection,Normale,Deux véhicules - arrière,1,3,2,0,1,1,1,0,1,90,2,2,1,0,0,1,28.0,56.0,deux_roues,voiture,1,1,1,1,2
202300044147,2023-02-17 20:00:00,2023,2,17,20,0,67,67482,DOUBS (RUE DU),48.56168,7.73434,Nuit avec éclairage allumé,En agglomération,Hors intersection,Normale,Deux véhicules - côté,4,2,2,0,1,1,1,0,1,50,2,3,2,0,1,0,20.0,43.0,voiture,deux_roues,5,2,1,1,3
202300044148,2023-12-08 18:30:00,2023,12,8,18,30,24,24294,Avenue de l'Europe,45.006208,0.162284,Nuit avec éclairage allumé,En agglomération,Hors intersection,Normale,Deux véhicules - arrière,3,2,2,0,1,1,1,0,1,50,2,2,1,0,0,1,26.0,35.0,deux_roues,voiture,5,2,1,1,2
202300044149,2023-07-24 22:36:00,2023,7,24,22,36,59,59350,COURBET GUSTAVE  RUE,50.60862,3.04016,Nuit avec éclairage non allumé,En agglomération,Intersection en T,Normale,Autre collision,4,1,1,0,1,1,1,6,8,30,1,3,2,0,0,1,20.0,,voiture,,4,2,3,1,6
202300044149,2023-07-24 22:36:00,2023,7,24,22,36,59,59350,COURBET GUSTAVE  RUE,50.60862,3.04016,Nuit avec éclairage non allumé,En agglomération,Intersection en T,Normale,Autre collision,4,3,2,1,1,1,1,6,1,30,1,3,2,0,0,1,20.0,,voiture,,4,2,3,1,6
202300044150,2023-04-05 20:00:00,2023,4,5,20,0,77,77070,D209,48.787,3.124,Plein jour,Hors agglomération,Hors intersection,Normale,Sans collision,3,2,2,0,2,3,1,0,1,90,1,1,0,0,0,1,24.0,,deux_roues,,1,1,1,1,7