accident_id,datetime,annee,mois,jour,heure,minute,departement,commune_insee,adresse,latitude,longitude,luminosite,agglomeration,intersection,meteo,collision,catr,circ,nbv,vosp,prof,plan,surf,infra,situ,vma,nb_vehicules,nb_usagers,nb_indemnes,nb_tues,nb_blesses_hosp,nb_blesses_legers,age_cond_1,age_cond_2,veh_type_cond_1,veh_type_cond_2,lum_code,agg_code,int_code,atm_code,col_code
202300044222,2023-08-30 18:00:00,2023,8,30,18,0,76,76540,Route de Darnetal,49.44042,1.12755,Plein jour,En agglomération,Intersection en T,Normale,Deux véhicules - arrière,7,2,2,0,1,1,1,0,1,50,2,2,1,0,0,1,28.0,39.0,autre,utilitaire_camion,1,2,3,1,2
202300044222,2023-08-30 18:00:00,2023,8,30,18,0,76,76540,Route de Darnetal,49.44042,1.12755,Plein jour,En agglomération,Intersection en T,Normale,Deux véhicules - arrière,7,2,2,0,1,1,1,0,1,50,2,2,1,0,0,1,28.0,39.0,autre,utilitaire_camion,1,2,3,1,2
202300044223,2023-04-05 06:04:00,2023,4,5,6,4,31,31555,EISENHOWER (AVENUE DU GENERAL),43.56786359,1.37659281,Nuit avec éclairage non allumé,En agglomération,Autre intersection,Normale,Deux véhicules - côté,7,2,1,0,1,1,1,0,1,50,2,2,1,0,0,1,28.0,55.0,utilitaire_camion,deux_roues,4,2,9,1,3
202300044223,2023-04-05 06:04:00,2023,4,5,6,4,31,31555,EISENHOWER (AVENUE DU GENERAL),43.56786359,1.37659281,Nuit avec éclairage non allumé,En agglomération,Autre intersection,Normale,Deux véhicules - côté,7,2,3,0,1,1,1,0,1,50,2,2,1,0,0,1,28.0,55.0,utilitaire_camion,deux_roues,4,2,9,1,3
202300044224,2023-12-06 11:21:00,2023,12,6,11,21,44,44152,42 Le Champ Blanc,47.452651,-2.025685,Plein jour,Hors agglomération,Intersection en X,Normale,Deux véhicules - côté,4,2,2,0,1,2,1,0,1,50,2,2,1,0,1,0,58.0,80.0,utilitaire_camion,voiture,1,1,2,1,3
202300044224,2023-12-06 11:21:00,2023,12,6,11,21,44,44152,42 Le Champ Blanc,47.452651,-2.025685,Plein jour,Hors agglomération,Intersection en X,Normale,Deux véhicules - côté,4,2,2,0,1,3,1,0,1,50,2,2,1,0,1,0,58.0,80.0,utilitaire_camion,voiture,1,1,2,1,3
202300044225,2023-08-30 18:10:00,2023,8,30,18,10,69,69266,Rue Général Dayan,45.77417,4.86112,Plein jour,En agglomération,Hors intersection,Normale,Autre collision,4,1,1,0,1,1,1,0,1,50,1,2,1,0,0,1,32.0,,voiture,,1,2,1,1,6
202300044226,2023-04-02 15:45:00,2023,4,2,15,45,30,30028,Avenue de la Mayre,44.16009,4.62527,Plein jour,En agglomération,Giratoire,Normale,Deux véhicules - côté,4,-1,1,0,1,2,1,0,1,50,2,2,1,0,0,1,58.0,31.0,deux_roues,voiture,1,2,6,1,3
202300044226,2023-04-02 15:45:00,2023,4,2,15,45,30,30028,Avenue de la Mayre,44.16009,4.62527,Plein jour,En agglomération,Giratoire,Normale,Deux véhicules - côté,4,1,1,0,1,2,1,0,1,50,2,2,1,0,0,1,58.0,31.0,deux_roues,voiture,1,2,6,1,3
202300044227,2023-02-20 17:05:00,2023,2,20,17,5,35,35238,RN136,48.08142,-1.69691,Plein jour,Hors agglomération,Hors intersection,Normale,Trois véhicules et plus - en chaîne,2,3,5,0,1,1,1,0,1,90,3,5,3,0,0,2,71.0,21.0,voiture,voiture,1,1,1,1,4
202300044228,2023-12-07 14:20:00,2023,12,7,14,20,44,44087,sainte marie (Machecoul),46.960052,-1.818339,Plein jour,Hors agglomération,Hors intersection,Pluie légère,Deux véhicules - frontale,3,2,2,0,1,3,2,0,1,80,2,3,0,1,2,0,56.0,91.0,voiture,voiture,1,1,1,2,1
202300044229,2023-02-20 10:15:00,2023,2,20,10,15,33,33063,Rue de Caudéran,44.84638522,-0.596876,Plein jour,En agglomération,Hors intersection,Normale,Deux véhicules - arrière,4,1,1,3,1,1,1,-1,5,30,2,2,1,0,1,0,29.0,56.0,utilitaire_camion,deux_roues,1,2,1,1,2
202300044230,2023-08-30 04:23:00,2023,8,30,4,23,68,68195,AUTOROUTE A 36,47.75565,7.29658,Nuit sans éclairage public,Hors agglomération,Hors intersection,Normale,Autre collision,1,1,3,0,1,3,1,3,8,50,1,4,0,0,4,0,24.0,,voiture,,3,1,1,1,6
202300044231,2023-12-07 01:10:00,2023,12,7,1,10,29,29247,RN165,47.97024,-3.99516,Nuit sans éclairage public,Hors agglomération,Hors intersection,Pluie forte,Autre collision,2,3,2,0,1,1,2,0,3,110,1,1,0,0,1,0,34.0,,voiture,,3,1,1,3,6
202300044232,2023-04-03 07:25:00,2023,4,3,7,25,19,19031,"""MOULIN (BOULEVARD JEAN) COTE """"LES CEDR",45.16128,1.50313,Plein jour,En agglomération,Intersection en T,Normale,Deux véhicules - côté,4,2,2,0,1,1,1,0,1,50,2,2,1,0,0,1,18.0,44.0,deux_roues,voiture,1,2,3,1,3
202300044232,2023-04-03 07:25:00,2023,4,3,7,25,19,19031,"""MOULIN (BOULEVARD JEAN) COTE """"LES CEDR",45.16128,1.50313,Plein jour,En agglomération,Intersection en T,Normale,Deux véhicules - côté,4,2,3,0,1,1,1,0,1,50,2,2,1,0,0,1,18.0,44.0,deux_roues,voiture,1,2,3,1,3
202300044233,2023-02-20 17:05:00,2023,2,20,17,5,31,31555,AV LOUIS BREGUET,43.577511,1.479679,Plein jour,En agglomération,Hors intersection,Normale,Deux véhicules - frontale,4,2,2,0,2,1,1,0,1,50,2,2,1,0,1,0,43.0,51.0,utilitaire_camion,deux_roues,1,2,1,1,1
202300044234,2023-08-26 22:07:00,2023,8,26,22,7,66,66136,,42.69914,2.87347,Nuit avec éclairage allumé,Hors agglomération,Hors intersection,Normale,Autre collision,4,1,1,0,2,2,1,1,1,50,1,3,1,0,0,2,53.0,,transport_commun,,5,1,1,1,6
202300044235,2023-12-08 15:55:00,2023,12,8,15,55,02,02810,D973,49.253661,3.108702,Plein jour,Hors agglomération,Hors intersection,Normale,Deux véhicules - frontale,3,2,2,0,2,4,2,0,1,80,2,2,0,0,1,1,30.0,56.0,voiture,voiture,1,1,1,1,1
202300044236,2023-12-08 16:09:00,2023,12,8,16,9,03,03217,609 route du mont,46.361615,2.684795,Plein jour,Hors agglomération,Hors intersection,Pluie légère,Autre collision,3,2,2,0,1,1,2,0,3,90,1,1,0,0,1,0,41.0,,voiture,,1,1,1,2,6
202300044237,2023-04-04 19:45:00,2023,4,4,19,45,13,13096,VAQUETTE DRAILLE DE LA,43.4738525,4.40177955,Crépuscule ou aube,En agglomération,Hors intersection,Normale,Deux véhicules - côté,4,2,2,0,1,1,1,0,1,50,2,3,1,0,1,1,31.0,38.0,deux_roues,voiture,2,2,1,1,3
202300044238,2023-02-20 07:50:00,2023,2,20,7,50,31,31555,AV DE REYNERIE,43.57606,1.40657,Plein jour,En agglomération,Hors intersection,Brouillard / fumée,Deux véhicules - côté,4,2,4,1,1,1,1,0,1,50,2,2,1,0,1,0,37.0,37.0,deux_roues,voiture,1,2,1,5,3
202300044239,2023-08-30 11:45:00,2023,8,30,11,45,64,64348,MARTYRS DU PONT LONG DES,43.33945,-0.37985,Plein jour,En agglomération,Hors intersection,Pluie forte,Trois véhicules et plus - collisions multiples,3,2,2,0,1,1,2,0,1,50,3,4,2,0,0,2,35.0,60.0,utilitaire_camion,voiture,1,2,1,3,5
202300044240,2023-12-08 16:25:00,2023,12,8,16,25,01,01134,D1179,46.28832,4.878664,Plein jour,Hors agglomération,Hors intersection,Normale,Deux véhicules - frontale,3,2,2,0,1,2,1,0,1,80,2,2,0,0,2,0,36.0,39.0,voiture,voiture,1,1,1,1,1
202300044241,2023-04-05 19:35:00,2023,4,5,19,35,13,13103,RUE DU DOCTEUR DELEUIL,43.64,5.09,Crépuscule ou aube,En agglomération,Hors intersection,Normale,Deux véhicules - frontale,4,1,2,1,1,2,1,0,1,50,2,2,1,0,0,1,21.0,49.0,deux_roues,voiture,2,2,1,1,1
202300044242,2023-02-20 17:34:00,2023,2,20,17,34,29,29039,RD 783,47.8935,-3.9145,Plein jour,En agglomération,Hors intersection,Normale,Trois véhicules et plus - en chaîne,3,1,2,0,1,1,1,0,1,70,3,3,2,0,0,1,54.0,35.0,voiture,voiture,1,2,1,1,4
202300044243,2023-04-05 11:10:00,2023,4,5,11,10,13,13213,ALBERT EINSTEIN (RUE),43.33923468,5.43907694,Plein jour,En agglomération,Hors intersection,Normale,Deux véhicules - côté,4,2,2,0,1,1,1,0,1,50,2,3,2,0,1,0,41.0,20.0,voiture,deux_roues,1,2,1,1,3
202300044244,2023-08-30 18:52:00,2023,8,30,18,52,64,64122,OSSUNA (AVENUE D'),43.48288,-1.55655,Plein jour,En agglomération,Intersection en X,Temps couvert,Deux véhicules - côté,4,1, -1,0,1,1,1,0,1,-1,2,3,1,0,1,1,19.0,52.0,voiture,deux_roues,1,2,2,8,3
202300044244,2023-08-30 18:52:00,2023,8,30,18,52,64,64122,OSSUNA (AVENUE D'),43.48288,-1.55655,Plein jour,En agglomération,Intersection en X,Temps couvert,Deux véhicules - côté,4,1,1,0,2,1,1,0,1,30,2,3,1,0,1,1,19.0,52.0,voiture,deux_roues,1,2,2,8,3
202300044245,2023-02-20 16:33:00,2023,2,20,16,33,29,29039,Rue du Poteau Vert,47.89429808,-3.91384721,Plein jour,En agglomération,Giratoire,Normale,Autre collision,3,2,1,0,1,2,1,5,1,50,1,1,0,0,1,0,44.0,,voiture,,1,2,6,1,6
202300044246,2023-12-07 18:30:00,2023,12,7,18,30,01,01232,D996,46.357177,5.253546,Nuit sans éclairage public,Hors agglomération,Hors intersection,Normale,Trois véhicules et plus - collisions multiples,3,2,2,0,2,2,1,0,1,80,3,5,3,0,0,2,23.0,69.0,voiture,voiture,3,1,1,1,5
202300044247,2023-04-05 23:30:00,2023,4,5,23,30,13,13004,RTE N113 MARSEILLE A BORBEAUX,43.64808829,4.68630046,Nuit avec éclairage allumé,Hors agglomération,Hors intersection,Normale,Deux véhicules - arrière,2,1,2,0,1,1,1,0,2,110,3,3,2,0,0,1,43.0,55.0,utilitaire_camion,voiture,5,1,1,1,2
202300044248,2023-02-15 08:54:00,2023,2,15,8,54,29,29019,rue Amiral Romain-Desfossés,48.427003,-4.476485,Crépuscule ou aube,En agglomération,Giratoire,Normale,Deux véhicules - côté,4,2,5,0,1,1,1,0,1,50,2,2,1,0,0,1,33.0,50.0,voiture,deux_roues,2,2,6,1,3
202300044248,2023-02-15 08:54:00,2023,2,15,8,54,29,29019,rue Amiral Romain-Desfossés,48.427003,-4.476485,Crépuscule ou aube,En agglomération,Giratoire,Normale,Deux véhicules - côté,4,-1,2,0,1,1,1,0,1,50,2,2,1,0,0,1,33.0,50.0,voiture,deux_roues,2,2,6,1,3
202300044249,2023-08-30 18:50:00,2023,8,30,18,50,59,59183,DELATTRE DE TASSIGNY,51.04749,2.4281,Plein jour,En agglomération,Intersection en T,Normale,Deux véhicules - côté,4,2,2,0,1,1,1,5,1,50,2,2,1,0,1,0,45.0,16.0,voiture,deux_roues,1,2,3,1,3
202300044249,2023-08-30 18:50:00,2023,8,30,18,50,59,59183,DELATTRE DE TASSIGNY,51.04749,2.4281,Plein jour,En agglomération,Intersection en T,Normale,Deux véhicules - côté,4,2,2,0,1,1,1,0,1,50,2,2,1,0,1,0,45.0,16.0,voiture,deux_roues,1,2,3,1,3
202300044250,2023-12-07 18:39:00,2023,12,7,18,39,18,18141,,47.140344,2.25003,Nuit sans éclairage public,Hors agglomération,Hors intersection,Pluie légère,Trois véhicules et plus - en chaîne,3,2,2,0,3,1,2,0,1,90,4,5,4,0,1,0,21.0,40.0,voiture,voiture,3,1,1,2,4
202300044251,2023-07-16 11:20:00,2023,7,16,11,20,42,42218,Rue Gutenberg,45.41561984,4.39455897,Plein jour,En agglomération,Hors intersection,Normale,Autre collision,4,2,2,0,1,1,1,5,1,50,1,2,1,1,0,0,66.0,,voiture,,1,2,1,1,6
202300044252,2023-02-20 14:19:00,2023,2,20,14,19,27,27229,JOSEPHINE (RUE),49.02384,1.14364,Plein jour,En agglomération,Hors intersection,Normale,Deux véhicules - arrière,4,2,2,0,1,1,1,6,1,50,2,2,1,0,0,1,67.0,67.0,voiture,voiture,1,2,1,1,2
202300044253,2023-12-06 08:50:00,2023,12,6,8,50,53,53249,d143,48.18644,-0.237912,Plein jour,Hors agglomération,Hors intersection,Brouillard / fumée,Deux véhicules - frontale,3,2,2,0,1,3,7,0,1,80,2,2,1,0,1,0,39.0,50.0,voiture,voiture,1,1,1,5,1
202300044254,2023-04-04 17:18:00,2023,4,4,17,18,10,10387,GEORGES POMPIDOU (RUE),48.29606,4.0943,Plein jour,En agglomération,Giratoire,Normale,Autre collision,4,1,2,0,1,1,1,0,1,50,1,5,4,0,0,1,53.0,,voiture,,1,2,6,1,6
202300044254,2023-04-04 17:18:00,2023,4,4,17,18,10,10387,GEORGES POMPIDOU (RUE),48.29606,4.0943,Plein jour,En agglomération,Giratoire,Normale,Autre collision,4,-1,1,0,1,1,1,0,1,50,1,5,4,0,0,1,53.0,,voiture,,1,2,6,1,6
202300044255,2023-08-30 13:00:00,2023,8,30,13,0,37,37195,SAINT-GENOUPH (ROUTE DE),47.37935045,0.61213732,Plein jour,Hors agglomération,Hors intersection,Pluie légère,Sans collision,3,-1,2,0,1,4,2,0,1,70,1,1,0,0,0,1,39.0,,voiture,,1,1,1,2,7
202300044256,2023-12-05 18:35:00,2023,12,5,18,35,21,21554,2 Rue Monge,47.102637,5.263068,Nuit avec éclairage allumé,En agglomération,Hors intersection,Normale,Autre collision,3,2,2,0,1,1,2,0,1,50,1,2,1,0,1,0,18.0,,voiture,,5,2,1,1,6
202300044257,2023-02-20 21:02:00,2023,2,20,21,2,18,18033,1 Rue Raymond Boisde,47.06542,2.39578,Nuit avec éclairage allumé,En agglomération,Hors intersection,Normale,Autre collision,4,-1,1,0,1,1,1,0,1,50,1,2,1,0,0,1,64.0,,voiture,,5,2,1,1,6
202300044258,2023-03-17 19:10:00,2023,3,17,19,10,06,06155,ROUVIER BD MAURICE,43.57914,7.05432,Plein jour,En agglomération,Hors intersection,Normale,Autre collision,3,2,2,0,1,1,1,5,1,50,1,2,1,0,0,1,,,voiture,,1,2,1,1,6
202300044259,2023-11-30 13:45:00,2023,11,30,13,45,30,30006,D6313,43.691223,4.206541,Plein jour,Hors agglomération,Autre intersection,Temps couvert,Sans collision,4,1,0,0,1,3,1,0,3,50,1,4,3,0,1,0,60.0,,voiture,,1,1,9,8,7
202300044260,2023-08-29 09:35:00,2023,8,29,9,35,37,37122,VERDUN (RUE DE),47.34784,0.6653,Plein jour,En agglomération,Hors intersection,Normale,Deux véhicules - frontale,4,2,2,0,1,1,1,0,1,50,2,2,1,0,0,1,,54.0,utilitaire_camion,voiture,1,2,1,1,1
202300044261,2023-02-18 17:20:00,2023,2,18,17,20,13,13039,CARRELET (Allée du),43.45064,4.96355,Plein jour,Hors agglomération,Hors intersection,Normale,Deux véhicules - frontale,4,2,2,0,1,1,9,0,1,50,1,1,0,1,0,0,35.0,,deux_roues,,1,1,1,1,1
202300044262,2023-04-02 10:25:00,2023,4,2,10,25,02,02168,Place Jean de la Fontaine,49.04442,3.40302,Plein jour,En agglomération,Giratoire,Pluie légère,Deux véhicules - côté,4,1,1,0,1,2,2,5,1,50,2,2,1,0,1,0,63.0,36.0,deux_roues,voiture,1,2,6,2,3
202300044263,2023-08-28 08:55:00,2023,8,28,8,55,32,32013,TREILLE (PONT DE LA),43.6488,0.5899,Plein jour,En agglomération,Hors intersection,Normale,Autre collision,2,1,3,0,1,1,2,2,1,50,1,2,1,1,0,0,70.0,,voiture,,1,2,1,1,6
202300044264,2023-02-20 10:20:00,2023,2,20,10,20,13,13215,LE CHATELIER,43.34636,5.36527,Plein jour,En agglomération,Hors intersection,Normale,Deux véhicules - arrière,4,2,4,0,1,1,1,0,1,50,2,2,1,0,0,1,30.0,46.0,utilitaire_camion,utilitaire_camion,1,2,1,1,2
202300044265,2023-04-05 09:45:00,2023,4,5,9,45,01,01053,DE GAULLE ( BD GAL) PAIR,46.20331,5.24231,Plein jour,En agglomération,Intersection en X,Normale,Autre collision,3,3,5,0,1,1,1,0,1,50,2,2,1,0,0,1,71.0,19.0,voiture,voiture,1,2,2,1,6
202300044265,2023-04-05 09:45:00,2023,4,5,9,45,01,01053,DE GAULLE ( BD GAL) PAIR,46.20331,5.24231,Plein jour,En agglomération,Intersection en X,Normale,Autre collision,3,1, -1,-1,1,3,1,5,1,-1,2,2,1,0,0,1,71.0,19.0,voiture,voiture,1,2,2,1,6
202300044266,2023-12-05 07:18:00,2023,12,5,7,18,80,80365,"A29, PK 166+500, SENS NEUFCHATEL/AMIENS",49.809465,1.990242,Nuit sans éclairage public,Hors agglomération,Hors intersection,Pluie forte,Autre collision,1,3,2,0,1,1,2,0,1,130,1,1,0,0,0,1,40.0,,voiture,,3,1,1,3,6
202300044267,2023-08-29 15:45:00,2023,8,29,15,45,29,29039,Chemin de Kersaby.,47.90297,-3.9446,Plein jour,Hors agglomération,Hors intersection,Normale,Deux véhicules - arrière,4,2,2,1,2,2,1,0,1,30,2,2,1,0,0,1,53.0,49.0,voiture,voiture,1,1,1,1,2
202300044268,2023-12-08 08:50:00,2023,12,8,8,50,05,05173,autoroute A 51 PK 134.900,44.321845,5.892094,Plein jour,Hors agglomération,Hors intersection,Pluie forte,Autre collision,1,2,2,0,1,3,2,0,2,110,1,1,0,0,1,0,32.0,,utilitaire_camion,,1,1,1,3,6
202300044269,2023-04-05 09:10:00,2023,4,5,9,10,94,94052,CHARLES DE GAULLE (GRAND RUE),48.837046,2.485347,Plein jour,En agglomération,Place,Normale,Autre collision,4,1,2,0,2,1,1,0,8,30,1,2,1,0,0,1,38.0,,voiture,,1,2,7,1,6
202300044270,2023-02-20 02:30:00,2023,2,20,2,30,13,13210,RABATAU (BOULEVARD),43.28263676,5.39950951,Nuit avec éclairage allumé,En agglomération,Hors intersection,Normale,Deux véhicules - frontale,4,2,4,0,3,1,1,0,1,50,2,2,1,0,0,1,,24.0,voiture,voiture,5,2,1,1,1
202300044271,2023-12-07 06:47:00,2023,12,7,6,47,06,06084,D6185,43.619068,6.947212,Crépuscule ou aube,Hors agglomération,Hors intersection,Normale,Sans collision,3,3,0,0,2,2,7,0,1,90,1,1,0,0,0,1,42.0,,deux_roues,,2,1,1,1,7
202300044272,2023-12-07 06:40:00,2023,12,7,6,40,06,06084,D6185,43.619072,6.947206,Crépuscule ou aube,Hors agglomération,Hors intersection,Normale,Sans collision,3,3,0,0,2,2,1,0,1,90,1,1,0,0,0,1,26.0,,deux_roues,,2,1,1,1,7
202300044273,2023-08-30 18:40:00,2023,8,30,18,40,26,26362,N532,44.95372922,4.93521716,Plein jour,Hors agglomération,Autre intersection,Normale,Trois véhicules et plus - collisions multiples,2,3,4,0,1,1,1,3,1,110,4,4,3,0,0,1,54.0,19.0,voiture,voiture,1,1,9,1,5
202300044274,2023-04-05 08:05:00,2023,4,5,8,5,75,75117,PORTE DE SAINT OUEN,48.900586,2.328988,Plein jour,En agglomération,Hors intersection,Normale,Deux véhicules - arrière,4,1,4,0,1,1,1,0,1,70,2,2,0,0,0,2,30.0,58.0,voiture,voiture,1,2,1,1,2
202300044275,2023-02-18 23:45:00,2023,2,18,23,45,13,13213,OLIVES (AVENUE DES),43.32851,5.43333,Nuit avec éclairage allumé,En agglomération,Giratoire,Normale,Deux véhicules - côté,4,-1,2,0,1,2,1,0,8,50,3,4,1,0,0,3,20.0,20.0,voiture,voiture,5,2,6,1,3
202300044276,2023-12-07 08:30:00,2023,12,7,8,30,13,13051,Boulevard Victor Hugo,43.58986,5.124419,Plein jour,En agglomération,Intersection en X,Normale,Autre collision,4,2,2,0,1,1,1,0,1,50,1,2,1,0,0,1,36.0,,utilitaire_camion,,1,2,2,1,6
202300044276,2023-12-07 08:30:00,2023,12,7,8,30,13,13051,Boulevard Victor Hugo,43.58986,5.124419,Plein jour,En agglomération,Intersection en X,Normale,Autre collision,4,2, -1,-1,1,1,1,0,1,-1,1,2,1,0,0,1,36.0,,utilitaire_camion,,1,2,2,1,6
202300044277,2023-04-04 19:40:00,2023,4,4,19,40,75,75117,PORTE DE CLICHY,48.899104,2.317124,Plein jour,En agglomération,Hors intersection,Normale,Autre collision,4,1,4,0,1,1,1,0,1,70,1,1,0,0,0,1,23.0,,deux_roues,,1,2,1,1,6
202300044278,2023-02-20 08:50:00,2023,2,20,8,50,13,13005,GOUMS (AVENUE DES),43.2929,5.56321,Plein jour,En agglomération,Hors intersection,Temps éblouissant,Autre collision,4,2,2,0,2,3,1,0,1,30,1,2,1,0,0,1,25.0,,voiture,,1,2,1,7,6
202300044279,2023-12-06 12:15:00,2023,12,6,12,15,68,68224,Autoroute A36,47.766641,7.335234,Plein jour,Hors agglomération,Hors intersection,Normale,Deux véhicules - arrière,1,1,3,0,2,3,2,3,1,50,2,2,1,0,0,1,64.0,47.0,utilitaire_camion,voiture,1,1,1,1,2
202300044280,2023-04-05 10:50:00,2023,4,5,10,50,75,75106,RUE DE L ANCIENNE COMEDIE,48.852482,2.338759,Plein jour,En agglomération,Intersection en X,Normale,Deux véhicules - côté,4,1,4,3,1,1,1,0,1,30,2,2,1,0,0,1,35.0,25.0,utilitaire_camion,deux_roues,1,2,2,1,3
202300044280,2023-04-05 10:50:00,2023,4,5,10,50,75,75106,RUE DE L ANCIENNE COMEDIE,48.852482,2.338759,Plein jour,En agglomération,Intersection en X,Normale,Deux véhicules - côté,4,2,2,0,1,1,1,0,1,30,2,2,1,0,0,1,35.0,25.0,utilitaire_camion,deux_roues,1,2,2,1,3
202300044281,2023-12-07 23:40:00,2023,12,7,23,40,95,95250,1D CUGNOT (RUE),49.098278,2.52128,Nuit avec éclairage allumé,En agglomération,Hors intersection,Pluie légère,Sans collision,4,2,2,0,1,1,2,0,1,50,1,1,0,0,1,0,24.0,,deux_roues,,5,2,1,2,7
202300044282,2023-08-30 19:00:00,2023,8,30,19,0,14,14117,2 Avenue des Peupliers,49.29457,-0.108435,Plein jour,En agglomération,Intersection en X,Normale,Deux véhicules - côté,4,1,1,0,1,1,1,0,1,30,2,2,1,0,0,1,26.0,27.0,deux_roues,voiture,1,2,2,1,3
202300044282,2023-08-30 19:00:00,2023,8,30,19,0,14,14117,2 Avenue des Peupliers,49.29457,-0.108435,Plein jour,En agglomération,Intersection en X,Normale,Deux véhicules - côté,4,2,2,0,2,1,1,0,1,30,2,2,1,0,0,1,26.0,27.0,deux_roues,voiture,1,2,2,1,3
202300044283,2023-04-05 19:20:00,2023,4,5,19,20,75,75119,AVENUE SECRETAN,48.882151,2.371154,Plein jour,En agglomération,Hors intersection,Normale,Deux véhicules - côté,4,2,3,3,2,1,1,0,1,30,2,2,0,0,0,2,76.0,60.0,voiture,deux_roues,1,2,1,1,3
202300044284,2023-12-03 11:30:00,2023,12,3,11,30,13,13076,A7 - PK 208.000 sens sud nord,43.832762,5.00688,Plein jour,Hors agglomération,Hors intersection,Normale,Deux véhicules - côté,1,-1,3,0,1,1,1,0,1,-1,2,2,1,0,0,1,,21.0,voiture,voiture,1,1,1,1,3
202300044285,2023-02-20 23:10:00,2023,2,20,23,10,06,06088,STE-MARGUERITE (AV.) (A PARTIR DU 62-63),43.67923,7.21063,Nuit avec éclairage allumé,En agglomération,Hors intersection,Normale,Trois véhicules et plus - en chaîne,4,2,2,0,2,3,1,0,1,50,3,3,2,0,1,0,22.0,25.0,voiture,deux_roues,5,2,1,1,4
202300044286,2023-08-30 20:47:00,2023,8,30,20,47,13,13210,JEAN MOULIN (BOULEVARD),43.28528,5.39868,Nuit avec éclairage non allumé,En agglomération,Hors intersection,Normale,Autre collision,4,3,6,0,1,1,1,0,1,50,1,2,1,0,0,1,,,autre,,4,2,1,1,6
202300044287,2023-12-08 08:30:00,2023,12,8,8,30,44,44020,Rue de l'Halbrane,47.156864,-1.587932,Crépuscule ou aube,En agglomération,Hors intersection,Pluie légère,Deux véhicules - côté,4,2,2,1,1,1,2,0,1,50,2,2,0,0,1,1,16.0,24.0,deux_roues,deux_roues,2,2,1,2,3
202300044288,2023-04-05 15:00:00,2023,4,5,15,0,75,75118,RUE JOSEPH DE MAISTRE,48.892454,2.330533,Plein jour,En agglomération,Intersection en X,Normale,Autre collision,4,1,2,0,1,1,1,6,1,30,1,2,1,0,0,1,43.0,,utilitaire_camion,,1,2,2,1,6
202300044288,2023-04-05 15:00:00,2023,4,5,15,0,75,75118,RUE JOSEPH DE MAISTRE,48.892454,2.330533,Plein jour,En agglomération,Intersection en X,Normale,Autre collision,4,1,2,-1,1,1,1,0,1,30,1,2,1,0,0,1,43.0,,utilitaire_camion,,1,2,2,1,6
202300044289,2023-08-30 20:30:00,2023,8,30,20,30,13,13213,VALDONNE (AVENUE DE),43.32593,5.41647,Crépuscule ou aube,En agglomération,Hors intersection,Normale,Deux véhicules - frontale,4,2,2,0,1,1,1,0,1,50,2,2,1,0,0,1,,28.0,utilitaire_camion,deux_roues,2,2,1,1,1
202300044290,2023-02-20 15:00:00,2023,2,20,15,0,04,04112,VOLX (AV.DE),43.84832,5.81753,Plein jour,En agglomération,Intersection en Y,Normale,Deux véhicules - arrière,3,2, -1,-1,1,1,1,5,1,-1,2,2,0,0,0,2,54.0,50.0,voiture,voiture,1,2,4,1,2
202300044290,2023-02-20 15:00:00,2023,2,20,15,0,04,04112,VOLX (AV.DE),43.84832,5.81753,Plein jour,En agglomération,Intersection en Y,Normale,Deux véhicules - arrière,3,2,2,0,1,1,1,0,1,70,2,2,0,0,0,2,54.0,50.0,voiture,voiture,1,2,4,1,2
202300044291,2023-12-06 17:20:00,2023,12,6,17,20,77,77234,D45,48.913272,2.767155,Nuit sans éclairage public,Hors agglomération,Intersection en Y,Brouillard / fumée,Deux véhicules - côté,3,2,2,0,1,2,1,5,1,80,2,2,1,0,0,1,29.0,53.0,voiture,deux_roues,3,1,4,5,3
202300044291,2023-12-06 17:20:00,2023,12,6,17,20,77,77234,D45,48.913272,2.767155,Nuit sans éclairage public,Hors agglomération,Intersection en Y,Brouillard / fumée,Deux véhicules - côté,3,2,2,0,3,3,1,5,1,80,2,2,1,0,0,1,29.0,53.0,voiture,deux_roues,3,1,4,5,3
202300044292,2023-08-30 15:30:00,2023,8,30,15,30,13,13209,REDON (BOULEVARD DU),43.25653,5.41963,Plein jour,En agglomération,Hors intersection,Normale,Autre collision,6,2,0,0,1,2,1,0,1,20,1,2,1,0,1,0,86.0,,voiture,,1,2,1,1,6
202300044293,2023-04-05 13:00:00,2023,4,5,13,0,75,75118,RUE DE CLIGNANCOURT,48.885045,2.34731,Plein jour,En agglomération,Autre intersection,Normale,Autre collision,4,1, -1,-1,1,2,1,0,1,30,1,2,1,0,0,1,,,voiture,,1,2,9,1,6
202300044293,2023-04-05 13:00:00,2023,4,5,13,0,75,75118,RUE DE CLIGNANCOURT,48.885045,2.34731,Plein jour,En agglomération,Autre intersection,Normale,Autre collision,4,1,1,3,1,1,1,0,1,30,1,2,1,0,0,1,,,voiture,,1,2,9,1,6
202300044294,2023-12-08 07:50:00,2023,12,8,7,50,91,91579,Route Nationale,48.530731,2.294378,Nuit sans éclairage public,En agglomération,Hors intersection,Normale,Autre collision,3,2,2,1,1,1,2,0,1,50,1,2,1,1,0,0,57.0,,utilitaire_camion,,3,2,1,1,6
202300044295,2023-08-30 07:20:00,2023,8,30,7,20,13,13002,DES TERMES (ROUTE) RD 908,43.381665,5.544988,Plein jour,Hors agglomération,Hors intersection,Normale,Deux véhicules - frontale,3,2,2,1,2,1,1,0,1,90,2,2,0,0,1,1,55.0,55.0,deux_roues,voiture,1,1,1,1,1
202300044296,2023-04-05 16:40:00,2023,4,5,16,40,75,75115,RUE MADEMOISELLE,48.84361,2.29575,Plein jour,En agglomération,Intersection en X,Normale,Deux véhicules - frontale,4,1, -1,-1,1,1,1,0,1,-1,2,2,1,0,0,1,89.0,20.0,voiture,deux_roues,1,2,2,1,1