accident_id,datetime,annee,mois,jour,heure,minute,departement,commune_insee,adresse,latitude,longitude,luminosite,agglomeration,intersection,meteo,collision,catr,circ,nbv,vosp,prof,plan,surf,infra,situ,vma,nb_vehicules,nb_usagers,nb_indemnes,nb_tues,nb_blesses_hosp,nb_blesses_legers,age_cond_1,age_cond_2,veh_type_cond_1,veh_type_cond_2,lum_code,agg_code,int_code,atm_code,col_code
202300044296,2023-04-05 16:40:00,2023,4,5,16,40,75,75115,RUE MADEMOISELLE,48.84361,2.29575,Plein jour,En agglomération,Intersection en X,Normale,Deux véhicules - frontale,4,1,1,0,1,1,1,0,1,30,2,2,1,0,0,1,89.0,20.0,voiture,deux_roues,1,2,2,1,1
202300044297,2023-02-20 15:56:00,2023,2,20,15,56,75,75118,BOULEVARD BARBES,48.887394,2.349618,Plein jour,En agglomération,Intersection en X,Normale,Autre collision,4,2,4,0,1,1,1,0,1,30,1,3,2,0,0,1,29.0,,voiture,,1,2,2,1,6
202300044297,2023-02-20 15:56:00,2023,2,20,15,56,75,75118,BOULEVARD BARBES,48.887394,2.349618,Plein jour,En agglomération,Intersection en X,Normale,Autre collision,4,1, -1,-1,1,1,1,0,1,-1,1,3,2,0,0,1,29.0,,voiture,,1,2,2,1,6
202300044298,2023-12-08 13:15:00,2023,12,8,13,15,34,34199,D13,43.46703,3.393863,Plein jour,Hors agglomération,Hors intersection,Temps couvert,Sans collision,3,2,2,0,1,2,2,0,8,80,1,2,1,0,0,1,20.0,,voiture,,1,1,1,8,7
202300044299,2023-08-30 01:10:00,2023,8,30,1,10,13,13005,BOYER (AVENUE ANTIDE),43.29418,5.55943,Nuit avec éclairage allumé,En agglomération,Hors intersection,Normale,Autre collision,3,2,2,0,2,3,1,0,3,30,1,2,1,0,0,1,28.0,,voiture,,5,2,1,1,6
202300044300,2023-02-19 22:00:00,2023,2,19,22,0,75,75115,RUE DE L ABBE GROULT,48.839349,2.297014,Nuit avec éclairage allumé,En agglomération,Intersection en T,Normale,Deux véhicules - frontale,4,1,1,0,1,1,1,0,1,30,2,2,1,0,1,0,37.0,21.0,voiture,deux_roues,5,2,3,1,1
202300044300,2023-02-19 22:00:00,2023,2,19,22,0,75,75115,RUE DE L ABBE GROULT,48.839349,2.297014,Nuit avec éclairage allumé,En agglomération,Intersection en T,Normale,Deux véhicules - frontale,4,1,1,0,1,1,1,0,1,30,2,2,1,0,1,0,37.0,21.0,voiture,deux_roues,5,2,3,1,1
202300044301,2023-08-29 21:10:00,2023,8,29,21,10,10,10060,GENERAL LECLERC (RUE DU),48.26378,4.09136,Nuit avec éclairage allumé,En agglomération,Hors intersection,Normale,Autre collision,4,2,2,0,1,1,1,0,4,50,1,1,0,0,0,1,25.0,,voiture,,5,2,1,1,6
202300044302,2023-12-08 10:50:00,2023,12,8,10,50,42,42094,Route de Lyon,45.738372,4.261773,Plein jour,Hors agglomération,Intersection en Y,Pluie légère,Deux véhicules - côté,3,2,2,0,1,1,2,0,1,80,2,2,1,0,0,1,65.0,37.0,voiture,voiture,1,1,4,2,3
202300044302,2023-12-08 10:50:00,2023,12,8,10,50,42,42094,Route de Lyon,45.738372,4.261773,Plein jour,Hors agglomération,Intersection en Y,Pluie légère,Deux véhicules - côté,3,2,2,-1,1,3,2,0,1,-1,2,2,1,0,0,1,65.0,37.0,voiture,voiture,1,1,4,2,3
202300044303,2023-02-20 14:21:00,2023,2,20,14,21,75,75120,AVENUE CARTELLIER,48.86483357,2.41194695,Plein jour,En agglomération,Intersection en Y,Normale,Deux véhicules - arrière,4,1,3,0,1,1,1,0,1,30,2,2,1,0,0,1,24.0,22.0,voiture,deux_roues,1,2,4,1,2
202300044303,2023-02-20 14:21:00,2023,2,20,14,21,75,75120,AVENUE CARTELLIER,48.86483357,2.41194695,Plein jour,En agglomération,Intersection en Y,Normale,Deux véhicules - arrière,4,1,3,0,1,3,1,0,1,30,2,2,1,0,0,1,24.0,22.0,voiture,deux_roues,1,2,4,1,2
202300044304,2023-08-30 23:40:00,2023,8,30,23,40,06,06123,CURIE PIERRE ET MARIE AVENUE,43.6873,7.1868,Nuit avec éclairage allumé,En agglomération,Hors intersection,Normale,Deux véhicules - côté,7,2,2,0,1,1,1,0,1,50,2,3,1,0,0,2,22.0,34.0,voiture,utilitaire_camion,5,2,1,1,3
202300044305,2023-04-04 13:46:00,2023,4,4,13,46,75,75114,RUE D ALESIA,48.83181,2.314151,Plein jour,En agglomération,Intersection en X,Normale,Autre collision,4,-1,2,0,1,1,1,0,5,30,2,2,1,0,0,1,62.0,23.0,utilitaire_camion,deux_roues,1,2,2,1,6
202300044305,2023-04-04 13:46:00,2023,4,4,13,46,75,75114,RUE D ALESIA,48.83181,2.314151,Plein jour,En agglomération,Intersection en X,Normale,Autre collision,4,2,3,1,1,1,1,0,6,30,2,2,1,0,0,1,62.0,23.0,utilitaire_camion,deux_roues,1,2,2,1,6
202300044306,2023-12-07 08:45:00,2023,12,7,8,45,85,85092,61 Rue rabelais,46.468011,-0.819887,Plein jour,En agglomération,Intersection en X,Pluie légère,Autre collision,3,2,2,0,1,1,2,0,1,50,1,2,1,0,1,0,67.0,,voiture,,1,2,2,2,6
202300044306,2023-12-07 08:45:00,2023,12,7,8,45,85,85092,61 Rue rabelais,46.468011,-0.819887,Plein jour,En agglomération,Intersection en X,Pluie légère,Autre collision,3,2, -1,-1,1,1,2,0,1,-1,1,2,1,0,1,0,67.0,,voiture,,1,2,2,2,6
202300044307,2023-08-30 22:45:00,2023,8,30,22,45,03,03185,Avenue de la Republique,46.343869,2.599569,Nuit avec éclairage allumé,En agglomération,Intersection en X,Normale,Deux véhicules - frontale,3,2,2,0,1,1,1,2,1,50,2,2,1,0,0,1,18.0,30.0,deux_roues,voiture,5,2,2,1,1
202300044307,2023-08-30 22:45:00,2023,8,30,22,45,03,03185,Avenue de la Republique,46.343869,2.599569,Nuit avec éclairage allumé,En agglomération,Intersection en X,Normale,Deux véhicules - frontale,3,3,2,0,1,1,1,2,1,50,2,2,1,0,0,1,18.0,30.0,deux_roues,voiture,5,2,2,1,1
202300044308,2023-04-05 15:00:00,2023,4,5,15,0,75,75110,BOULEVARD DE BONNE NOUVELLE,48.870148,2.350468,Plein jour,En agglomération,Intersection en T,Normale,Deux véhicules - frontale,4,2,2,1,1,1,1,0,1,50,2,2,1,0,0,1,38.0,25.0,voiture,deux_roues,1,2,3,1,1
202300044308,2023-04-05 15:00:00,2023,4,5,15,0,75,75110,BOULEVARD DE BONNE NOUVELLE,48.870148,2.350468,Plein jour,En agglomération,Intersection en T,Normale,Deux véhicules - frontale,4,-1, -1,-1,1,1,1,0,1,-1,2,2,1,0,0,1,38.0,25.0,voiture,deux_roues,1,2,3,1,1
202300044309,2023-12-06 16:50:00,2023,12,6,16,50,29,29103,21 rue Hervé de Guébriant,48.450482,-4.261055,Plein jour,En agglomération,Place,Normale,Deux véhicules - côté,4,2,2,0,1,1,1,0,1,50,2,2,1,0,0,1,57.0,33.0,deux_roues,voiture,1,2,7,1,3
202300044310,2023-08-29 09:20:00,2023,8,29,9,20,01,01451,D117A,46.23066,5.21527,Plein jour,Hors agglomération,Hors intersection,Normale,Deux véhicules - côté,3,2,2,0,1,1,1,0,1,70,2,2,1,0,1,0,43.0,54.0,voiture,utilitaire_camion,1,1,1,1,3
202300044311,2023-04-05 15:20:00,2023,4,5,15,20,94,94080,Avenue de Nogent,48.84442878,2.44068736,Plein jour,En agglomération,Hors intersection,Normale,Deux véhicules - côté,3,2,2,1,1,1,1,0,1,50,2,2,1,0,0,1,29.0,51.0,deux_roues,voiture,1,2,1,1,3
202300044312,2023-12-07 23:20:00,2023,12,7,23,20,27,27012,RD 126,49.304014,1.319389,Nuit sans éclairage public,Hors agglomération,Hors intersection,Autre,Sans collision,3,2,2,0,1,3,2,0,8,80,1,1,0,0,1,0,74.0,,voiture,,3,1,1,9,7
202300044313,2023-12-07 14:45:00,2023,12,7,14,45,60,60341,Route de Meaux,49.091377,2.751324,Plein jour,En agglomération,Hors intersection,Normale,Deux véhicules - arrière,2,2,2,0,1,1,1,0,1,50,2,2,1,0,0,1,52.0,34.0,utilitaire_camion,utilitaire_camion,1,2,1,1,2
202300044314,2023-04-05 18:45:00,2023,4,5,18,45,94,94044,Rue du Tertre / Rue Albert Jacquard,48.74997206,2.49209565,Plein jour,En agglomération,Intersection en T,Temps éblouissant,Autre collision,4,1,1,0,1,1,1,0,1,-1,1,2,1,0,0,1,21.0,,voiture,,1,2,3,7,6
202300044314,2023-04-05 18:45:00,2023,4,5,18,45,94,94044,Rue du Tertre / Rue Albert Jacquard,48.74997206,2.49209565,Plein jour,En agglomération,Intersection en T,Temps éblouissant,Autre collision,4,1,1,2,1,1,1,0,1,30,1,2,1,0,0,1,21.0,,voiture,,1,2,3,7,6
202300044315,2023-12-07 16:25:00,2023,12,7,16,25,13,13215,A7-Sens Lyon vers Marseille,43.35005,5.3686,Crépuscule ou aube,Hors agglomération,Hors intersection,Normale,Deux véhicules - arrière,1,1,3,0,1,1,1,0,1,90,2,2,1,0,0,1,33.0,52.0,utilitaire_camion,deux_roues,2,1,1,1,2
202300044316,2023-03-28 20:40:00,2023,3,28,20,40,94,94015,Rue Léon Menu,48.839738,2.534576,Nuit sans éclairage public,En agglomération,Autre intersection,Normale,Autre collision,4,2,2,0,1,1,1,0,8,30,1,2,1,0,0,1,50.0,,voiture,,3,2,9,1,6
202300044317,2023-08-30 15:10:00,2023,8,30,15,10,75,75119,PORTE DE LA VILLETTE,48.896021,2.394351,Plein jour,En agglomération,Hors intersection,Normale,Deux véhicules - côté,4,1,4,0,1,1,1,0,1,70,2,6,1,0,0,5,35.0,36.0,utilitaire_camion,voiture,1,2,1,1,3
202300044318,2023-04-04 15:20:00,2023,4,4,15,20,94,94028,Avenue de la France Libre,48.78212482,2.45483655,Plein jour,En agglomération,Hors intersection,Normale,Deux véhicules - côté,4,-1,0,0,1,1,1,0,8,20,2,2,1,0,0,1,33.0,29.0,voiture,voiture,1,2,1,1,3
202300044319,2023-12-07 09:01:00,2023,12,7,9,1,13,13215,A7-Sens Marseille vers Lyon,43.37038,5.36118,Plein jour,Hors agglomération,Hors intersection,Normale,Deux véhicules - côté,1,1,3,0,1,1,1,0,1,90,3,3,2,0,0,1,44.0,41.0,utilitaire_camion,voiture,1,1,1,1,3
202300044320,2023-04-05 17:15:00,2023,4,5,17,15,94,94059,avenue ardouin,48.8104,2.5724,Plein jour,En agglomération,Intersection en T,Normale,Autre collision,4,1,1,-1,1,1,1,0,8,-1,1,2,1,0,0,1,77.0,,voiture,,1,2,3,1,6
202300044320,2023-04-05 17:15:00,2023,4,5,17,15,94,94059,avenue ardouin,48.8104,2.5724,Plein jour,En agglomération,Intersection en T,Normale,Autre collision,4,2,2,0,2,3,1,0,8,30,1,2,1,0,0,1,77.0,,voiture,,1,2,3,1,6
202300044321,2023-08-30 11:30:00,2023,8,30,11,30,75,75117,ECHANGEUR ASNIERES,48.893337,2.303411,Plein jour,En agglomération,Hors intersection,Normale,Trois véhicules et plus - en chaîne,4,1,4,0,1,1,1,1,1,70,5,6,4,0,0,2,77.0,36.0,voiture,utilitaire_camion,1,2,1,1,4
202300044322,2023-08-29 16:50:00,2023,8,29,16,50,75,75113,PORTE D IVRY,48.819471,2.373123,Plein jour,En agglomération,Hors intersection,Normale,Deux véhicules - arrière,4,1,4,0,1,1,1,0,1,70,2,2,1,0,0,1,23.0,26.0,deux_roues,voiture,1,2,1,1,2
202300044323,2023-12-07 09:48:00,2023,12,7,9,48,13,13215,A507 sens Aubagne- Marseille,43.37,5.36,Plein jour,Hors agglomération,Hors intersection,Normale,Deux véhicules - arrière,1,1,3,0,1,1,1,1,1,70,2,3,0,0,1,2,22.0,60.0,voiture,deux_roues,1,1,1,1,2
202300044324,2023-04-04 18:35:00,2023,4,4,18,35,94,94002,Rue Paul Vaillant Couturier / Rue Charles de Gaulle,48.81455068,2.41533118,Plein jour,En agglomération,Intersection en X,Normale,Autre collision,3,2,4,1,1,1,1,0,5,50,1,1,0,0,0,1,58.0,,deux_roues,,1,2,2,1,6
202300044324,2023-04-04 18:35:00,2023,4,4,18,35,94,94002,Rue Paul Vaillant Couturier / Rue Charles de Gaulle,48.81455068,2.41533118,Plein jour,En agglomération,Intersection en X,Normale,Autre collision,3,1,1,3,1,1,1,5,1,50,1,1,0,0,0,1,58.0,,deux_roues,,1,2,2,1,6
202300044325,2023-08-28 15:09:00,2023,8,28,15,9,75,75105,RUE SAINT JACQUES,48.849594,2.344822,Plein jour,En agglomération,Intersection en X,Normale,Autre collision,4,2,2,2,1,1,1,0,1,30,2,3,0,0,1,2,40.0,70.0,voiture,voiture,1,2,2,1,6
202300044325,2023-08-28 15:09:00,2023,8,28,15,9,75,75105,RUE SAINT JACQUES,48.849594,2.344822,Plein jour,En agglomération,Intersection en X,Normale,Autre collision,4,1,2,1,1,1,1,0,1,30,2,3,0,0,1,2,40.0,70.0,voiture,voiture,1,2,2,1,6
202300044326,2023-12-07 07:10:00,2023,12,7,7,10,83,83137,A50,43.12653501,5.89467986,Crépuscule ou aube,Hors agglomération,Hors intersection,Normale,Deux véhicules - arrière,1,1,2,0,1,1,1,0,1,90,2,3,1,0,0,2,25.0,23.0,deux_roues,voiture,2,1,1,1,2
202300044327,2023-04-05 18:44:00,2023,4,5,18,44,93,93029,Rue Victor Hugo / Rue de Drancy-cottage,48.93630502,2.45124373,Plein jour,En agglomération,Intersection en T,Normale,Deux véhicules - côté,4,2,2,0,1,1,1,0,1,50,2,2,1,0,0,1,22.0,49.0,voiture,voiture,1,2,3,1,3
202300044327,2023-04-05 18:44:00,2023,4,5,18,44,93,93029,Rue Victor Hugo / Rue de Drancy-cottage,48.93630502,2.45124373,Plein jour,En agglomération,Intersection en T,Normale,Deux véhicules - côté,4,2,2,0,1,1,1,0,1,50,2,2,1,0,0,1,22.0,49.0,voiture,voiture,1,2,3,1,3
202300044328,2023-08-30 12:20:00,2023,8,30,12,20,75,75113,AVENUE DES GOBELINS,48.835838,2.352513,Plein jour,En agglomération,Intersection en X,Normale,Autre collision,4,2,4,3,2,1,1,0,1,30,1,2,1,0,0,1,20.0,,deux_roues,,1,2,2,1,6
202300044328,2023-08-30 12:20:00,2023,8,30,12,20,75,75113,AVENUE DES GOBELINS,48.835838,2.352513,Plein jour,En agglomération,Intersection en X,Normale,Autre collision,4,1, -1,-1,2,1,1,0,1,30,1,2,1,0,0,1,20.0,,deux_roues,,1,2,2,1,6
202300044329,2023-04-04 15:40:00,2023,4,4,15,40,93,93001,Rue André Karman,48.90855316,2.38484917,Plein jour,En agglomération,Hors intersection,Normale,Autre collision,4,1,2,2,1,1,1,9,1,50,1,2,1,0,0,1,32.0,,utilitaire_camion,,1,2,1,1,6
202300044330,2023-12-07 19:20:00,2023,12,7,19,20,91,91689,AUTOROUTE A6A,48.73317,2.31563,Nuit sans éclairage public,Hors agglomération,Hors intersection,Pluie légère,Trois véhicules et plus - en chaîne,1,-1,3,0,1,1,2,0,1,110,3,3,1,0,0,1,,56.0,utilitaire_camion,voiture,3,1,1,2,4
202300044331,2023-08-30 17:00:00,2023,8,30,17,0,75,75111,RUE DES NANETTES,48.863795,2.382298,Plein jour,En agglomération,Intersection en T,Normale,Deux véhicules - arrière,4,2, -1,-1,1,1,1,0,1,50,2,2,0,0,0,2,21.0,20.0,deux_roues,deux_roues,1,2,3,1,2
202300044331,2023-08-30 17:00:00,2023,8,30,17,0,75,75111,RUE DES NANETTES,48.863795,2.382298,Plein jour,En agglomération,Intersection en T,Normale,Deux véhicules - arrière,4,1,1,0,1,1,1,0,1,50,2,2,0,0,0,2,21.0,20.0,deux_roues,deux_roues,1,2,3,1,2
202300044332,2023-04-04 16:45:00,2023,4,4,16,45,92,92075,MURILLO (RUE),48.82472,2.28985,Plein jour,En agglomération,Autre intersection,Normale,Deux véhicules - côté,4,2,4,2,1,1,1,0,1,50,2,2,1,0,0,1,54.0,72.0,autre,voiture,1,2,9,1,3
202300044333,2023-08-30 17:30:00,2023,8,30,17,30,75,75110,RUE DU HUIT MAI 1945,48.87629,2.357458,Plein jour,En agglomération,Intersection en T,Normale,Autre collision,4,-1, -1,-1,1,1,1,0,1,30,1,2,1,0,0,1,39.0,,deux_roues,,1,2,3,1,6
202300044333,2023-08-30 17:30:00,2023,8,30,17,30,75,75110,RUE DU HUIT MAI 1945,48.87629,2.357458,Plein jour,En agglomération,Intersection en T,Normale,Autre collision,4,3,4,1,1,1,1,0,1,30,1,2,1,0,0,1,39.0,,deux_roues,,1,2,3,1,6
202300044334,2023-04-05 13:15:00,2023,4,5,13,15,92,92073,ROOSVELT (AVENUE FRANKLIN),48.873179,2.221324,Plein jour,En agglomération,Hors intersection,Normale,Autre collision,3,3,3,0,2,1,1,0,1,50,1,1,0,0,0,1,25.0,,deux_roues,,1,2,1,1,6
202300044335,2023-12-07 14:38:00,2023,12,7,14,38,91,91689,AUTOROUTE A6,48.72718,2.31366,Plein jour,Hors agglomération,Hors intersection,Normale,Trois véhicules et plus - en chaîne,1,3,3,0,1,1,2,0,1,110,3,3,0,0,0,3,21.0,35.0,utilitaire_camion,utilitaire_camion,1,1,1,1,4
202300044336,2023-08-29 15:43:00,2023,8,29,15,43,75,75110,AVENUE CLAUDE VELLEFAUX,48.875214,2.370312,Plein jour,En agglomération,Intersection en X,Normale,Autre collision,4,2,2,0,1,1,1,0,1,30,1,2,1,0,0,1,20.0,,voiture,,1,2,2,1,6
202300044336,2023-08-29 15:43:00,2023,8,29,15,43,75,75110,AVENUE CLAUDE VELLEFAUX,48.875214,2.370312,Plein jour,En agglomération,Intersection en X,Normale,Autre collision,4,1,1,0,1,2,1,0,1,30,1,2,1,0,0,1,20.0,,voiture,,1,2,2,1,6
202300044337,2023-04-05 18:20:00,2023,4,5,18,20,92,92062,GERHARD (RUE) DU 1 AU 11 ET DU 2 AU 16,48.87920604,2.24006966,Plein jour,En agglomération,Hors intersection,Normale,Autre collision,4,1,1,0,1,1,1,0,1,30,1,3,1,0,0,2,62.0,,voiture,,1,2,1,1,6
202300044338,2023-12-07 08:15:00,2023,12,7,8,15,91,91377,AUTOROUTE A10,48.7198,2.2936,Plein jour,Hors agglomération,Hors intersection,Normale,Trois véhicules et plus - collisions multiples,1,1,3,0,1,1,1,0,1,110,3,4,1,0,0,3,53.0,29.0,voiture,deux_roues,1,1,1,1,5
202300044339,2023-08-30 17:20:00,2023,8,30,17,20,75,75117,BOULEVARD BESSIERES,48.897615,2.324156,Plein jour,En agglomération,Intersection en X,Normale,Deux véhicules - côté,4,1,2,1,1,1,1,0,1,50,2,2,1,0,0,1,43.0,59.0,deux_roues,voiture,1,2,2,1,3
202300044339,2023-08-30 17:20:00,2023,8,30,17,20,75,75117,BOULEVARD BESSIERES,48.897615,2.324156,Plein jour,En agglomération,Intersection en X,Normale,Deux véhicules - côté,4,1, -1,-1,1,1,1,0,1,50,2,2,1,0,0,1,43.0,59.0,deux_roues,voiture,1,2,2,1,3
202300044340,2023-04-05 09:28:00,2023,4,5,9,28,92,92051,WINSTON CHURCHILL (PLACE),48.88343591,2.27355033,Plein jour,En agglomération,Intersection à plus de 4 branches,Normale,Deux véhicules - côté,4,1,2,0,1,3,1,0,1,50,2,2,1,0,0,1,7.0,51.0,autre,voiture,1,2,5,1,3
202300044340,2023-04-05 09:28:00,2023,4,5,9,28,92,92051,WINSTON CHURCHILL (PLACE),48.88343591,2.27355033,Plein jour,En agglomération,Intersection à plus de 4 branches,Normale,Deux véhicules - côté,4,2,0,0,1,3,1,0,1,50,2,2,1,0,0,1,7.0,51.0,autre,voiture,1,2,5,1,3
202300044341,2023-08-30 09:40:00,2023,8,30,9,40,75,75109,BOULEVARD HAUSSMANN,48.872943,2.333242,Plein jour,En agglomération,Intersection à plus de 4 branches,Temps couvert,Autre collision,4,1,3,3,1,1,1,0,1,30,1,2,1,0,0,1,35.0,,deux_roues,,1,2,5,8,6
202300044341,2023-08-30 09:40:00,2023,8,30,9,40,75,75109,BOULEVARD HAUSSMANN,48.872943,2.333242,Plein jour,En agglomération,Intersection à plus de 4 branches,Temps couvert,Autre collision,4,1,6,-1,1,1,1,0,1,30,1,2,1,0,0,1,35.0,,deux_roues,,1,2,5,8,6
202300044342,2023-12-07 00:25:00,2023,12,7,0,25,91,91174,RN 104,48.62111,2.46117,Nuit sans éclairage public,Hors agglomération,Hors intersection,Brouillard / fumée,,2,1,3,0,2,1,1,0,2,90,1,1,0,0,0,1,22.0,,voiture,,3,1,1,5,-1
202300044343,2023-04-05 10:30:00,2023,4,5,10,30,92,92026,BEZONS  (DE 01 A 22),48.89472326,2.25064087,Plein jour,En agglomération,Hors intersection,Normale,Autre collision,3,-1,3,3,1,1,1,0,6,50,1,3,2,0,0,1,16.0,,deux_roues,,1,2,1,1,6
202300044344,2023-08-30 08:30:00,2023,8,30,8,30,75,75107,BOULEVARD DES INVALIDES,48.851227,2.314152,Plein jour,En agglomération,Intersection en Y,Normale,Sans collision,4,1,3,2,1,1,8,0,1,30,1,2,0,0,0,2,51.0,,deux_roues,,1,2,4,1,7
202300044344,2023-08-30 08:30:00,2023,8,30,8,30,75,75107,BOULEVARD DES INVALIDES,48.851227,2.314152,Plein jour,En agglomération,Intersection en Y,Normale,Sans collision,4,1,1,0,1,1,1,0,1,30,1,2,0,0,0,2,51.0,,deux_roues,,1,2,4,1,7
202300044345,2023-08-29 19:30:00,2023,8,29,19,30,75,75101,RUE DE L AMIRAL DE COLIGNY,48.858993,2.339847,Plein jour,En agglomération,Intersection en T,Normale,Deux véhicules - arrière,4,1,4,3,1,1,1,0,1,30,2,3,2,0,0,1,50.0,36.0,deux_roues,voiture,1,2,3,1,2
202300044345,2023-08-29 19:30:00,2023,8,29,19,30,75,75101,RUE DE L AMIRAL DE COLIGNY,48.858993,2.339847,Plein jour,En agglomération,Intersection en T,Normale,Deux véhicules - arrière,4,2,3,0,1,1,1,8,1,30,2,3,2,0,0,1,50.0,36.0,deux_roues,voiture,1,2,3,1,2
202300044346,2023-12-07 09:15:00,2023,12,7,9,15,78,78431,A13,48.935474,1.963642,Plein jour,Hors agglomération,Hors intersection,Normale,Deux véhicules - côté,1,-1,3,0,1,1,1,0,1,130,2,2,1,0,0,1,37.0,37.0,deux_roues,voiture,1,1,1,1,3
202300044347,2023-08-29 12:30:00,2023,8,29,12,30,94,94078,1 Avenue Guy Môquet,48.737962,2.471217,Plein jour,En agglomération,Giratoire,Normale,Sans collision,3,2,2,1,1,1,1,-1,4,50,1,1,0,0,1,0,16.0,,deux_roues,,1,2,6,1,7
202300044348,2023-04-05 07:50:00,2023,4,5,7,50,92,92026,JOFFRE ( DE 30 A 50 ET DE 31 A 55 ),48.89941417,2.27160251,Plein jour,En agglomération,Hors intersection,Normale,Deux véhicules - arrière,3,3,0,0,1,1,1,0,1,50,2,2,1,0,0,1,56.0,53.0,deux_roues,voiture,1,2,1,1,2
202300044349,2023-12-07 07:30:00,2023,12,7,7,30,78,78490,RN12 INT,48.800461,1.97114,Crépuscule ou aube,Hors agglomération,Hors intersection,Normale,Deux véhicules - arrière,2,1,3,0,1,1,1,0,1,110,2,2,1,0,0,1,33.0,33.0,voiture,utilitaire_camion,2,1,1,1,2
202300044350,2023-08-29 07:45:00,2023,8,29,7,45,94,94068,Boulevard Rabelais,48.80654879,2.47876762,Plein jour,En agglomération,Intersection en X,Normale,Deux véhicules - frontale,3,2,2,0,1,1,1,0,1,30,2,2,1,0,0,1,24.0,28.0,voiture,deux_roues,1,2,2,1,1
202300044350,2023-08-29 07:45:00,2023,8,29,7,45,94,94068,Boulevard Rabelais,48.80654879,2.47876762,Plein jour,En agglomération,Intersection en X,Normale,Deux véhicules - frontale,3,2,2,0,1,1,1,0,1,30,2,2,1,0,0,1,24.0,28.0,voiture,deux_roues,1,2,2,1,1
202300044351,2023-04-05 12:44:00,2023,4,5,12,44,92,92012,EDOUARD VAILLANT (AVENUE) - DEBUT/55 - C,48.83666616,2.25321248,Plein jour,En agglomération,Hors intersection,Normale,Deux véhicules - arrière,3,-1,4,0,1,1,1,0,1,50,2,3,1,0,1,1,30.0,83.0,deux_roues,voiture,1,2,1,1,2
202300044352,2023-12-06 12:57:00,2023,12,6,12,57,78,78640,N118,48.781342,2.222812,Plein jour,Hors agglomération,Hors intersection,Normale,Deux véhicules - arrière,2,-1,2,0,1,1,1,0,1,70,2,2,1,0,0,1,32.0,22.0,voiture,deux_roues,1,1,1,1,2
202300044353,2023-08-29 07:49:00,2023,8,29,7,49,94,94046,Rue du 11 Novembre 1918,48.807641,2.435529,Plein jour,En agglomération,Intersection en X,Normale,Deux véhicules - côté,4,1,2,0,1,1,1,0,1,50,2,2,1,0,0,1,49.0,20.0,utilitaire_camion,deux_roues,1,2,2,1,3
202300044354,2023-08-30 12:50:00,2023,8,30,12,50,94,94065,N186,48.7539,2.35361,Plein jour,En agglomération,Hors intersection,Normale,Deux véhicules - côté,2,3,3,0,1,1,1,0,1,70,2,2,1,0,0,1,52.0,55.0,deux_roues,voiture,1,2,1,1,3
202300044355,2023-04-05 22:55:00,2023,4,5,22,55,01,01004,Avenue de la Libération,45.957203,5.333138,Nuit sans éclairage public,En agglomération,Intersection en X,Normale,Deux véhicules - côté,3,2,2,0,1,1,1,0,1,50,2,3,0,0,0,3,18.0,67.0,voiture,voiture,3,2,2,1,3
202300044355,2023-04-05 22:55:00,2023,4,5,22,55,01,01004,Avenue de la Libération,45.957203,5.333138,Nuit sans éclairage public,En agglomération,Intersection en X,Normale,Deux véhicules - côté,3,2,2,0,1,1,1,0,1,50,2,3,0,0,0,3,18.0,67.0,voiture,voiture,3,2,2,1,3
202300044356,2023-12-06 11:53:00,2023,12,6,11,53,78,78073,RN12,48.798275,2.007611,Plein jour,Hors agglomération,Hors intersection,Normale,Trois véhicules et plus - en chaîne,2,1,1,0,1,1,1,0,1,70,3,6,4,0,0,2,40.0,36.0,voiture,voiture,1,1,1,1,4
202300044357,2023-08-30 21:05:00,2023,8,30,21,5,94,94075,Rue de Mandres,48.712191,2.538646,Nuit avec éclairage allumé,En agglomération,Intersection en T,Normale,Deux véhicules - côté,3,3,2,0,3,1,1,0,1,50,2,2,1,0,0,1,23.0,24.0,deux_roues,voiture,5,2,3,1,3
202300044357,2023-08-30 21:05:00,2023,8,30,21,5,94,94075,Rue de Mandres,48.712191,2.538646,Nuit avec éclairage allumé,En agglomération,Intersection en T,Normale,Deux véhicules - côté,3,2,0,0,1,1,1,0,8,50,2,2,1,0,0,1,23.0,24.0,deux_roues,voiture,5,2,3,1,3
202300044358,2023-08-30 10:30:00,2023,8,30,10,30,95,95527,NOYER AU CHAT (ROUTE DU),49.00034,2.52512,Plein jour,Hors agglomération,Hors intersection,Pluie légère,Autre collision,4,1,1,0,2,3,2,0,1,50,1,1,0,0,1,0,22.0,,voiture,,1,1,1,2,6
202300044359,2023-12-06 18:40:00,2023,12,6,18,40,93,93027,AUTOROUTE A1,48.93724,2.41078,Nuit sans éclairage public,Hors agglomération,Hors intersection,Normale,Deux véhicules - côté,1,3,3,0,1,1,1,0,1,90,2,2,1,0,0,1,43.0,34.0,deux_roues,voiture,3,1,1,1,3
202300044360,2023-08-30 09:50:00,2023,8,30,9,50,93,93066,Avenue du Président Wilson,48.91411,2.35827,Plein jour,En agglomération,Hors intersection,Normale,Autre collision,3,3,2,3,1,1,1,0,4,50,1,2,1,0,0,1,34.0,,deux_roues,,1,2,1,1,6