accident_id,datetime,annee,mois,jour,heure,minute,departement,commune_insee,adresse,latitude,longitude,luminosite,agglomeration,intersection,meteo,collision,catr,circ,nbv,vosp,prof,plan,surf,infra,situ,vma,nb_vehicules,nb_usagers,nb_indemnes,nb_tues,nb_blesses_hosp,nb_blesses_legers,age_cond_1,age_cond_2,veh_type_cond_1,veh_type_cond_2,lum_code,agg_code,int_code,atm_code,col_code
202300044361,2023-04-04 19:20:00,2023,4,4,19,20,67,67103,intersection  D133/D633,48.809619,7.422488,Plein jour,Hors agglomération,Intersection en T,Normale,Trois véhicules et plus - collisions multiples,3,2,2,0,2,1,1,0,1,80,3,3,2,0,1,0,17.0,37.0,deux_roues,transport_commun,1,1,3,1,5
202300044361,2023-04-04 19:20:00,2023,4,4,19,20,67,67103,intersection  D133/D633,48.809619,7.422488,Plein jour,Hors agglomération,Intersection en T,Normale,Trois véhicules et plus - collisions multiples,3,2, -1,-1,2,1,1,0,1,-1,3,3,2,0,1,0,17.0,37.0,deux_roues,transport_commun,1,1,3,1,5
202300044362,2023-08-30 19:00:00,2023,8,30,19,0,93,93055,Avenue du Général Leclerc,48.90101187,2.41194963,Plein jour,En agglomération,Autre intersection,Normale,Autre collision,3,2,2,1,1,1,1,0,5,50,1,2,0,0,1,1,18.0,,deux_roues,,1,2,9,1,6
202300044363,2023-04-04 20:00:00,2023,4,4,20,0,973,97353,Route Abdalah,3.63980861,-54.04297113,Nuit sans éclairage public,En agglomération,Hors intersection,Pluie forte,Autre collision,4,2,2,0,2,1,6,0,1,50,1,2,1,0,1,0,23.0,,deux_roues,,3,2,1,3,6
202300044364,2023-08-29 14:50:00,2023,8,29,14,50,93,93027,Avenue Paul Vaillant Couturier,48.91884496,2.40846813,Plein jour,En agglomération,Hors intersection,Normale,Deux véhicules - côté,3,3,4,1,1,1,1,0,4,50,2,2,1,0,0,1,23.0,37.0,voiture,deux_roues,1,2,1,1,3
202300044365,2023-12-06 14:25:00,2023,12,6,14,25,95,95572,N184,49.0355502,2.1170102,Plein jour,Hors agglomération,Hors intersection,Normale,Trois véhicules et plus - en chaîne,2,3,3,0,1,1,1,0,1,90,3,4,3,0,0,1,35.0,48.0,voiture,voiture,1,1,1,1,4
202300044366,2023-04-05 22:00:00,2023,4,5,22,0,41,41194,Route de Theillay,47.354626,1.776695,Nuit sans éclairage public,Hors agglomération,Hors intersection,Normale,Sans collision,3,2,2,0,1,3,1,0,3,80,1,2,1,0,0,1,21.0,,deux_roues,,3,1,1,1,7
202300044367,2023-12-07 17:30:00,2023,12,7,17,30,77,77121,A4,48.8316081,2.67912271,Crépuscule ou aube,Hors agglomération,Hors intersection,Normale,Deux véhicules - arrière,1,-1,3,0,1,1,1,0,1,110,2,2,1,0,0,1,18.0,52.0,voiture,voiture,2,1,1,1,2
202300044368,2023-08-27 16:00:00,2023,8,27,16,0,92,92078,GALLIENI (BD) (153 ET 225),48.93047994,2.33211422,Plein jour,En agglomération,Hors intersection,Normale,Deux véhicules - côté,3,2,2,0,1,1,1,0,5,50,2,3,1,0,0,2,35.0,37.0,deux_roues,voiture,1,2,1,1,3
202300044369,2023-04-05 11:00:00,2023,4,5,11,0,49,49092,Rue des Venelles (Chemillé),47.214033,-0.728021,Plein jour,En agglomération,Giratoire,Temps éblouissant,Deux véhicules - côté,4,-1,1,0,1,2,1,0,1,50,2,2,1,0,1,0,83.0,61.0,voiture,deux_roues,1,2,6,7,3
202300044370,2023-12-07 08:30:00,2023,12,7,8,30,77,77373,RN104,48.77928728,2.61536001,Plein jour,Hors agglomération,Hors intersection,Normale,Autre collision,2,3,2,0,1,1,1,0,1,90,3,3,2,0,0,1,43.0,16.0,voiture,deux_roues,1,1,1,1,6
202300044371,2023-08-30 12:25:00,2023,8,30,12,25,92,92064,REPUBLIQUE,48.84687993,2.21421272,Plein jour,En agglomération,Intersection en X,Normale,Autre collision,3,1,1,0,2,1,1,0,1,50,1,2,0,0,1,1,62.0,,deux_roues,,1,2,2,1,6
202300044371,2023-08-30 12:25:00,2023,8,30,12,25,92,92064,REPUBLIQUE,48.84687993,2.21421272,Plein jour,En agglomération,Intersection en X,Normale,Autre collision,3,2,2,0,1,1,1,0,1,50,1,2,0,0,1,1,62.0,,deux_roues,,1,2,2,1,6
202300044372,2023-08-30 13:05:00,2023,8,30,13,5,92,92062,CIRCULAIRE (boulevard),48.88710242,2.24221051,Plein jour,En agglomération,Autre intersection,Normale,Deux véhicules - côté,3,2,3,0,1,2,1,9,1,50,2,3,2,0,0,1,47.0,35.0,voiture,utilitaire_camion,1,2,9,1,3
202300044372,2023-08-30 13:05:00,2023,8,30,13,5,92,92062,CIRCULAIRE (boulevard),48.88710242,2.24221051,Plein jour,En agglomération,Autre intersection,Normale,Deux véhicules - côté,3,2,3,0,1,1,1,0,1,50,2,3,2,0,0,1,47.0,35.0,voiture,utilitaire_camion,1,2,9,1,3
202300044373,2023-07-16 17:00:00,2023,7,16,17,0,44,44168,21 Rue Laënnec,47.387033,-2.204065,Plein jour,En agglomération,Hors intersection,Normale,Deux véhicules - frontale,3,2, -1,0,1,1,1,0,1,-1,2,5,2,0,0,3,34.0,22.0,voiture,utilitaire_camion,1,2,1,1,1
202300044374,2023-08-29 14:50:00,2023,8,29,14,50,92,92051,"VILLIERS (RUE DE, N° 21 A 59)",48.88781918,2.28215665,Plein jour,En agglomération,Autre intersection,Normale,Deux véhicules - côté,4,2,2,0,1,1,1,9,1,50,2,2,1,0,0,1,23.0,74.0,deux_roues,voiture,1,2,9,1,3
202300044375,2023-08-30 15:15:00,2023,8,30,15,15,92,92049,DORMOY AVENUE MARX N°2 A 100,48.8099,2.31719,Plein jour,En agglomération,Autre intersection,Normale,Autre collision,3,2,2,0,1,1,1,0,1,50,1,2,1,0,1,0,51.0,,utilitaire_camion,,1,2,9,1,6
202300044376,2023-09-30 23:00:00,2023,9,30,23,0,74,74301,Route du col du perret,46.213668,6.438916,Nuit sans éclairage public,En agglomération,Hors intersection,Normale,Autre collision,3,2,2,0,2,2,1,0,3,50,1,2,1,0,1,0,22.0,,voiture,,3,2,1,1,6
202300044377,2023-10-08 18:15:00,2023,10,8,18,15,74,74043,Route de berry,46.26579,6.347265,Plein jour,Hors agglomération,Hors intersection,Normale,Autre collision,3,2,2,0,2,2,1,2,1,80,1,1,0,0,1,0,50.0,,deux_roues,,1,1,1,1,6
202300044378,2023-08-30 15:18:00,2023,8,30,15,18,92,92032,MOUILLEBOEUFS (CARREFOUR DES),48.78379325,2.28225052,Plein jour,En agglomération,Giratoire,Normale,Deux véhicules - frontale,3,2,3,0,1,1,1,9,1,50,2,4,3,0,0,1,30.0,31.0,voiture,voiture,1,2,6,1,1
202300044378,2023-08-30 15:18:00,2023,8,30,15,18,92,92032,MOUILLEBOEUFS (CARREFOUR DES),48.78379325,2.28225052,Plein jour,En agglomération,Giratoire,Normale,Deux véhicules - frontale,3,2,3,0,1,1,1,0,1,50,2,4,3,0,0,1,30.0,31.0,voiture,voiture,1,2,6,1,1
202300044379,2023-10-02 18:45:00,2023,10,2,18,45,74,74256,A40,45.94976245,6.63716961,Plein jour,Hors agglomération,Hors intersection,Normale,Deux véhicules - arrière,1,1,2,0,1,1,1,0,1,130,2,2,1,0,1,0,28.0,20.0,voiture,deux_roues,1,1,1,1,2
202300044380,2023-08-30 11:55:00,2023,8,30,11,55,92,92012,ANATOLE FRANCE (BOULEVARD) 1/4BIS,48.85051912,2.23675311,Plein jour,En agglomération,Hors intersection,Normale,Deux véhicules - arrière,4,2,0,0,1,1,1,0,1,50,2,2,1,0,0,1,64.0,64.0,utilitaire_camion,deux_roues,1,2,1,1,2
202300044381,2023-10-04 07:30:00,2023,10,4,7,30,13,13039,ROUTE NATIONALE 569,43.46936,4.93865,Plein jour,Hors agglomération,Hors intersection,Normale,Deux véhicules - côté,2,2,2,0,1,2,1,0,1,70,2,2,1,0,0,1,19.0,34.0,voiture,deux_roues,1,1,1,1,3
202300044382,2023-08-31 06:45:00,2023,8,31,6,45,2A,2A349,T40,41.679451,8.928301,Crépuscule ou aube,Hors agglomération,Hors intersection,Normale,Deux véhicules - frontale,2,2,2,0,2,3,1,0,1,90,2,5,2,0,0,3,36.0,46.0,voiture,voiture,2,1,1,1,1
202300044383,2023-08-30 19:50:00,2023,8,30,19,50,43,43185,Avenue de Grande Bretagne,45.406808,3.323289,Crépuscule ou aube,En agglomération,Hors intersection,Normale,Autre collision,3,2,2,0,2,2,1,0,4,30,1,1,0,1,0,0,33.0,,deux_roues,,2,2,1,1,6
202300044384,2023-12-06 19:05:00,2023,12,6,19,5,988,98818,RUE ARMAND OHLEN/RUE JULES VERNE,-22.26321,166.46341,Nuit avec éclairage allumé,En agglomération,Intersection en T,Normale,Deux véhicules - côté,4,2,2,0,1,1,1,0,1,50,2,2,1,0,1,0,20.0,31.0,deux_roues,voiture,5,2,3,1,3
202300044384,2023-12-06 19:05:00,2023,12,6,19,5,988,98818,RUE ARMAND OHLEN/RUE JULES VERNE,-22.26321,166.46341,Nuit avec éclairage allumé,En agglomération,Intersection en T,Normale,Deux véhicules - côté,4,2,2,0,2,1,1,0,1,50,2,2,1,0,1,0,20.0,31.0,deux_roues,voiture,5,2,3,1,3
202300044385,2023-08-30 22:24:00,2023,8,30,22,24,95,95116,D924,49.160625,2.328517,Nuit sans éclairage public,Hors agglomération,Hors intersection,Normale,Autre collision,3,2,2,0,1,1,1,0,1,90,1,1,0,0,1,0,45.0,,deux_roues,,3,1,1,1,6
202300044386,2023-08-31 06:58:00,2023,8,31,6,58,77,77141,Autoroute A4,48.864545,2.849026,Crépuscule ou aube,En agglomération,Hors intersection,Temps couvert,Deux véhicules - frontale,1,3,3,0,4,1,1,0,1,130,2,3,1,0,1,1,55.0,22.0,utilitaire_camion,utilitaire_camion,2,2,1,8,1
202300044387,2023-12-06 15:40:00,2023,12,6,15,40,976,97611,mamoudzou centre-Haladi Selemani ( rue ),-12.78027,45.2292,Plein jour,En agglomération,Hors intersection,Normale,Deux véhicules - côté,4,2,2,1,2,1,1,0,1,50,2,2,1,0,0,1,47.0,49.0,voiture,deux_roues,1,2,1,1,3
202300044388,2023-08-29 19:55:00,2023,8,29,19,55,62,62155,D225,50.78112142,2.02574801,Plein jour,Hors agglomération,Hors intersection,Normale,Autre collision,3,2,2,0,2,2,1,0,3,80,1,1,0,1,0,0,61.0,,deux_roues,,1,1,1,1,6
202300044389,2023-10-01 12:50:00,2023,10,1,12,50,87,87014,"A20, PR154.360 sens LIMOGES - CHATEAUROUX",46.086959,1.360395,Plein jour,Hors agglomération,Hors intersection,Normale,Autre collision,1,3,2,0,1,3,1,0,1,130,1,1,0,0,1,0,56.0,,voiture,,1,1,1,1,6
202300044390,2023-12-06 08:10:00,2023,12,6,8,10,976,97611,passamanty-Vahibé ( route ),-12.8005,45.20478,Plein jour,En agglomération,Hors intersection,Normale,Trois véhicules et plus - collisions multiples,3,-1,2,0,1,1,1,0,1,50,3,3,2,0,1,0,25.0,32.0,voiture,deux_roues,1,2,1,1,5
202300044391,2023-08-30 15:10:00,2023,8,30,15,10,63,63206,Lieu Dit les Sannaires,45.930774,2.944186,Plein jour,Hors agglomération,Hors intersection,Normale,Deux véhicules - frontale,9,2,2,0,2,1,9,0,1,80,2,2,1,0,1,0,56.0,63.0,deux_roues,voiture,1,1,1,1,1
202300044392,2023-10-03 11:30:00,2023,10,3,11,30,12,12047,A75,44.3828602,3.11693752,Plein jour,Hors agglomération,Hors intersection,Pluie légère,Deux véhicules - arrière,1,3,4,0,1,1,2,0,1,130,2,2,1,0,0,1,26.0,70.0,utilitaire_camion,utilitaire_camion,1,1,1,2,2
202300044393,2023-12-06 16:55:00,2023,12,6,16,55,974,97411,LANCASTEL (BOULEVARD),-20.8854,55.4781,Plein jour,En agglomération,Hors intersection,Normale,Deux véhicules - côté,2,2,3,0,1,1,1,0,1,70,2,2,1,0,0,1,48.0,29.0,deux_roues,voiture,1,2,1,1,3
202300044394,2023-09-23 00:17:00,2023,9,23,0,17,34,34088,Avenue de la Gare du Midi,43.551157,3.72922,Nuit sans éclairage public,Hors agglomération,Hors intersection,Normale,Autre collision,3,2,2,0,1,1,1,0,8,80,1,1,0,0,0,1,29.0,,deux_roues,,3,1,1,1,6
202300044395,2023-12-06 11:45:00,2023,12,6,11,45,974,97411,PARIS (RUE DE),-20.88501,55.45079,Plein jour,En agglomération,Autre intersection,Normale,Autre collision,4,2,2,0,1,1,1,0,1,50,1,2,1,0,1,0,17.0,,deux_roues,,1,2,9,1,6
202300044396,2023-08-27 11:50:00,2023,8,27,11,50,01,01109,D1206,46.12194467,5.89572072,Plein jour,Hors agglomération,Intersection en Y,Pluie forte,Autre collision,3,2,2,0,2,1,2,0,3,70,1,3,2,0,0,1,20.0,,voiture,,1,1,4,3,6
202300044396,2023-08-27 11:50:00,2023,8,27,11,50,01,01109,D1206,46.12194467,5.89572072,Plein jour,Hors agglomération,Intersection en Y,Pluie forte,Autre collision,3,2,2,0,4,1,2,0,1,70,1,3,2,0,0,1,20.0,,voiture,,1,1,4,3,6
202300044397,2023-08-31 09:30:00,2023,8,31,9,30,22,22067,RN  pr 91+0000,48.55238,-3.17052,Plein jour,Hors agglomération,Hors intersection,Temps couvert,Autre collision,2,3,2,0,1,1,1,0,3,110,1,2,1,0,1,0,20.0,,voiture,,1,1,1,8,6
202300044398,2023-09-26 14:30:00,2023,9,26,14,30,56,56256,Bellevue,47.993167,-2.306909,Plein jour,Hors agglomération,Intersection en X,Normale,Trois véhicules et plus - collisions multiples,3,2,2,0,2,1,1,0,1,80,3,3,2,0,1,0,23.0,69.0,voiture,deux_roues,1,1,2,1,5
202300044398,2023-09-26 14:30:00,2023,9,26,14,30,56,56256,Bellevue,47.993167,-2.306909,Plein jour,Hors agglomération,Intersection en X,Normale,Trois véhicules et plus - collisions multiples,3,2,2,-1,2,1,1,0,1,80,3,3,2,0,1,0,23.0,69.0,voiture,deux_roues,1,1,2,1,5
202300044399,2023-12-06 08:00:00,2023,12,6,8,0,974,97411,JAURES (BOULEVARD JEAN),-20.90229,55.50312,Plein jour,En agglomération,Giratoire,Normale,Trois véhicules et plus - en chaîne,2,1,2,0,1,2,1,9,1,30,3,4,3,0,0,1,25.0,20.0,voiture,voiture,1,2,6,1,4
202300044399,2023-12-06 08:00:00,2023,12,6,8,0,974,97411,JAURES (BOULEVARD JEAN),-20.90229,55.50312,Plein jour,En agglomération,Giratoire,Normale,Trois véhicules et plus - en chaîne,2,1,2,0,1,2,1,0,1,30,3,4,3,0,0,1,25.0,20.0,voiture,voiture,1,2,6,1,4
202300044400,2023-10-02 18:55:00,2023,10,2,18,55,74,74309,Route de saint-julien,46.118726,6.040069,Crépuscule ou aube,En agglomération,Hors intersection,Normale,Deux véhicules - frontale,3,2,2,0,1,2,1,0,1,50,2,2,0,0,0,2,19.0,22.0,voiture,voiture,2,2,1,1,1
202300044401,2023-08-30 19:10:00,2023,8,30,19,10,44,44138,Le Moulin Neuf,47.487861,-1.644709,Plein jour,Hors agglomération,Hors intersection,Normale,Sans collision,3,2,2,0,2,1,1,0,3,80,1,1,0,1,0,0,43.0,,utilitaire_camion,,1,1,1,1,7
202300044402,2023-12-06 07:30:00,2023,12,6,7,30,69,69383,Rue André Philip,45.75282,4.85209,Nuit avec éclairage allumé,En agglomération,Intersection en T,Normale,Deux véhicules - côté,4,1,1,2,1,1,1,0,1,30,2,2,1,0,0,1,51.0,,voiture,voiture,5,2,3,1,3
202300044402,2023-12-06 07:30:00,2023,12,6,7,30,69,69383,Rue André Philip,45.75282,4.85209,Nuit avec éclairage allumé,En agglomération,Intersection en T,Normale,Deux véhicules - côté,4,1,1,3,1,1,1,0,1,30,2,2,1,0,0,1,51.0,,voiture,voiture,5,2,3,1,3
202300044403,2023-08-30 16:10:00,2023,8,30,16,10,50,50099,aire de repos cantepie,49.302618,-1.158427,Plein jour,Hors agglomération,Hors intersection,Normale,Autre collision,6,1,2,0,1,2,1,0,3,50,1,1,0,0,1,0,79.0,,voiture,,1,1,1,1,6
202300044404,2023-10-03 08:00:00,2023,10,3,8,0,80,80148,Rue de Fressenneville,50.034003,1.567075,Plein jour,Hors agglomération,Intersection en X,Normale,Deux véhicules - frontale,4,2, -1,-1,1,1,1,0,1,-1,2,2,1,0,0,1,21.0,29.0,voiture,utilitaire_camion,1,1,2,1,1
202300044404,2023-10-03 08:00:00,2023,10,3,8,0,80,80148,Rue de Fressenneville,50.034003,1.567075,Plein jour,Hors agglomération,Intersection en X,Normale,Deux véhicules - frontale,4,2,2,0,1,1,1,0,1,80,2,2,1,0,0,1,21.0,29.0,voiture,utilitaire_camion,1,1,2,1,1
202300044405,2023-08-25 15:40:00,2023,8,25,15,40,57,57163,D45,48.64278706,7.25316259,Plein jour,Hors agglomération,Hors intersection,Normale,Sans collision,3,2,2,0,1,2,1,0,8,80,1,1,0,0,1,0,24.0,,deux_roues,,1,1,1,1,7
202300044406,2023-10-03 10:30:00,2023,10,3,10,30,32,32382,D939,43.732996,0.377548,Plein jour,Hors agglomération,Hors intersection,Normale,Autre collision,3,2,2,0,1,1,1,9,3,80,1,2,0,0,2,0,47.0,,autre,,1,1,1,1,6
202300044407,2023-12-06 10:45:00,2023,12,6,10,45,972,97213,ROUTE DEPARTEMENTALE 3,14.61498,-60.99452,Plein jour,En agglomération,Hors intersection,Normale,Trois véhicules et plus - collisions multiples,3,1,2,0,1,1,1,0,1,50,5,5,4,0,0,1,49.0,82.0,voiture,voiture,1,2,1,1,5
202300044408,2023-10-03 09:10:00,2023,10,3,9,10,32,32076,D349 PR,43.577468,0.765213,Plein jour,Hors agglomération,Hors intersection,Temps couvert,Deux véhicules - côté,3,2,2,0,1,1,1,0,5,80,2,2,0,1,0,1,51.0,51.0,voiture,voiture,1,1,1,8,3
202300044409,2023-08-30 08:00:00,2023,8,30,8,0,79,79202,,46.634207,-0.249816,Plein jour,En agglomération,Intersection en T,Normale,Deux véhicules - arrière,3,2,3,3,1,3,1,5,1,50,2,2,1,0,0,1,63.0,30.0,utilitaire_camion,deux_roues,1,2,3,1,2
202300044409,2023-08-30 08:00:00,2023,8,30,8,0,79,79202,,46.634207,-0.249816,Plein jour,En agglomération,Intersection en T,Normale,Deux véhicules - arrière,3,2,2,-1,1,1,1,5,1,50,2,2,1,0,0,1,63.0,30.0,utilitaire_camion,deux_roues,1,2,3,1,2
202300044410,2023-12-06 14:45:00,2023,12,6,14,45,2B,2B037,TOUTES RUES,42.618065,9.43718,Plein jour,Hors agglomération,Hors intersection,Normale,Trois véhicules et plus - en chaîne,4,1,1,0,1,1,1,0,1,110,3,4,3,0,0,1,52.0,81.0,voiture,voiture,1,1,1,1,4
202300044411,2023-01-09 13:55:00,2023,1,9,13,55,63,63113,VERTAIZON (RUE DE),45.77445,3.09954,Plein jour,En agglomération,Hors intersection,Normale,Autre collision,4,2,2,0,1,1,1,0,1,50,1,2,1,0,0,1,30.0,,voiture,,1,2,1,1,6
202300044412,2023-10-02 18:50:00,2023,10,2,18,50,41,41180,route de la garette,47.369474,1.24624,Plein jour,Hors agglomération,Hors intersection,Normale,Deux véhicules - côté,3,2,2,0,1,3,1,0,1,80,2,2,1,0,1,0,15.0,56.0,deux_roues,utilitaire_camion,1,1,1,1,3
202300044413,2023-10-02 20:00:00,2023,10,2,20,0,22,22202,Saint Jean,48.2144,-3.496689,Crépuscule ou aube,Hors agglomération,Hors intersection,Normale,Autre collision,3,2,2,0,1,3,1,0,3,80,1,1,0,1,0,0,59.0,,deux_roues,,2,1,1,1,6
202300044414,2023-12-06 12:55:00,2023,12,6,12,55,2B,2B033,TOUTES RUES,42.67081,9.44208,Plein jour,En agglomération,Hors intersection,Normale,Deux véhicules - côté,4,2,2,0,1,1,1,0,1,30,2,3,1,0,0,2,37.0,15.0,voiture,deux_roues,1,2,1,1,3
202300044415,2023-01-09 13:18:00,2023,1,9,13,18,63,63014,Av Blaise Pascal (CAMPUS DES CEZEAUX),45.75864,3.11361,Plein jour,En agglomération,Hors intersection,Normale,Autre collision,4,2,2,0,1,1,1,9,1,30,1,1,0,0,0,1,50.0,,utilitaire_camion,,1,2,1,1,6
202300044416,2023-08-31 09:55:00,2023,8,31,9,55,2B,2B201,RT 50,42.154699,9.44034,Plein jour,Hors agglomération,Hors intersection,Normale,Sans collision,2,2,2,0,1,1,1,0,1,70,1,2,0,0,0,2,42.0,,deux_roues,,1,1,1,1,7
202300044417,2023-10-01 20:30:00,2023,10,1,20,30,25,25519,D437,47.295989,6.804217,Nuit sans éclairage public,Hors agglomération,Hors intersection,Normale,Sans collision,3,2,2,0,2,2,1,0,1,90,1,1,0,0,1,0,47.0,,deux_roues,,3,1,1,1,7
202300044418,2023-12-05 22:40:00,2023,12,5,22,40,971,97101,ROUTE DE CHAZEAU,16.28133483,-61.49302661,Nuit avec éclairage allumé,Hors agglomération,Hors intersection,Normale,Deux véhicules - frontale,3,-1,2,0,1,1,1,0,1,50,2,2,1,1,0,0,23.0,43.0,deux_roues,voiture,5,1,1,1,1
202300044419,2023-01-06 07:53:00,2023,1,6,7,53,63,63113,BLUM (AVENUE LEON),45.75901,3.10142,Nuit avec éclairage non allumé,En agglomération,Giratoire,Normale,Deux véhicules - côté,7,2,2,0,2,1,2,0,1,30,2,2,1,0,0,1,23.0,50.0,voiture,deux_roues,4,2,6,1,3
202300044419,2023-01-06 07:53:00,2023,1,6,7,53,63,63113,BLUM (AVENUE LEON),45.75901,3.10142,Nuit avec éclairage non allumé,En agglomération,Giratoire,Normale,Deux véhicules - côté,7,1,2,0,2,1,2,5,1,30,2,2,1,0,0,1,23.0,50.0,voiture,deux_roues,4,2,6,1,3
202300044420,2023-08-30 19:45:00,2023,8,30,19,45,80,80688,Rue du Faubourg,50.26991,1.667398,Crépuscule ou aube,En agglomération,Intersection en X,Normale,Deux véhicules - côté,4,2,2,0,1,1,1,0,1,50,2,2,1,0,0,1,20.0,26.0,voiture,voiture,2,2,2,1,3
202300044421,2023-12-06 14:50:00,2023,12,6,14,50,95,95210,BARRE (RUE DE LA),48.96622,2.31628,Plein jour,En agglomération,Hors intersection,Normale,Autre collision,4,1,1,0,1,1,1,0,1,30,1,2,1,0,0,1,34.0,,voiture,,1,2,1,1,6
202300044422,2023-01-09 15:20:00,2023,1,9,15,20,62,62250,D161E4,50.4473841,2.9624151,Plein jour,Hors agglomération,Hors intersection,Pluie légère,Autre collision,3,2,2,0,1,1,2,0,3,70,1,1,0,0,1,0,34.0,,voiture,,1,1,1,2,6
202300044423,2023-10-02 17:15:00,2023,10,2,17,15,44,44213,La Noue de la Barre,47.456234,-1.028305,Plein jour,Hors agglomération,Intersection en X,Normale,Deux véhicules - côté,3,2,2,0,1,1,1,0,1,80,2,2,1,0,1,0,76.0,27.0,voiture,utilitaire_camion,1,1,2,1,3
202300044423,2023-10-02 17:15:00,2023,10,2,17,15,44,44213,La Noue de la Barre,47.456234,-1.028305,Plein jour,Hors agglomération,Intersection en X,Normale,Deux véhicules - côté,3,2,2,0,1,1,1,9,1,80,2,2,1,0,1,0,76.0,27.0,voiture,utilitaire_camion,1,1,2,1,3
202300044424,2023-08-26 17:30:00,2023,8,26,17,30,42,42216,Route de Saint-Etienne,45.591188,4.448411,Plein jour,Hors agglomération,Hors intersection,Normale,Deux véhicules - frontale,3,2,2,0,1,3,1,0,1,-1,2,2,1,0,1,0,19.0,16.0,voiture,deux_roues,1,1,1,1,1
202300044425,2023-12-06 12:15:00,2023,12,6,12,15,91,91377,AV DE BOURGOGNE,48.73436,2.29282,Plein jour,En agglomération,Autre intersection,Temps couvert,Autre collision,4,2,2,0,1,1,2,0,1,50,1,2,1,0,0,1,45.0,,voiture,,1,2,9,8,6
202300044426,2023-01-07 01:25:00,2023,1,7,1,25,62,62895,Rue de la Coupignies,50.495688,2.844525,Nuit sans éclairage public,En agglomération,Hors intersection,Pluie légère,Deux véhicules - frontale,4,2,2,0,1,1,2,0,1,50,2,2,0,0,2,0,38.0,31.0,deux_roues,voiture,3,2,1,2,1
202300044427,2023-09-19 08:20:00,2023,9,19,8,20,35,35060,Ramine,48.192891,-1.987807,Plein jour,Hors agglomération,Hors intersection,Normale,Autre collision,3,2,2,0,1,2,1,0,3,80,1,1,0,0,1,0,54.0,,deux_roues,,1,1,1,1,6
202300044428,2023-12-05 23:17:00,2023,12,5,23,17,91,91645,GENERAL LECLERC (AVENUE DU),48.74267,2.26779,Nuit avec éclairage allumé,En agglomération,Hors intersection,Pluie légère,Deux véhicules - côté,4,2,2,0,2,1,2,0,1,50,2,2,1,0,0,1,28.0,24.0,voiture,voiture,5,2,1,2,3
202300044429,2023-01-10 06:25:00,2023,1,10,6,25,60,60057,Avenue du 8 Mai 1945,49.43972,2.10261,Nuit avec éclairage allumé,En agglomération,Hors intersection,Temps couvert,Sans collision,4,3,2,0,1,1,2,0,1,50,1,1,0,0,0,1,40.0,,voiture,,5,2,1,8,7
202300044430,2023-07-30 14:20:00,2023,7,30,14,20,47,47315,Michounet,44.42630688,0.84631864,Plein jour,Hors agglomération,Hors intersection,Normale,Autre collision,3,2,2,0,1,1,1,0,3,80,1,3,0,1,0,2,16.0,,voiture,,1,1,1,1,6
202300044431,2023-10-03 09:15:00,2023,10,3,9,15,29,29106,Kercrazec,48.09411998,-4.06832325,Plein jour,Hors agglomération,Hors intersection,Normale,Trois véhicules et plus - collisions multiples,3,2,2,0,2,2,2,0,1,70,3,3,2,0,0,1,84.0,50.0,voiture,voiture,1,1,1,1,5
202300044432,2023-12-06 22:05:00,2023,12,6,22,5,91,91687,VICTOR SCHOELCHER (AVENUE),48.654363,2.370856,Nuit avec éclairage allumé,En agglomération,Hors intersection,Temps couvert,Deux véhicules - arrière,3,3,4,0,1,1,1,0,1,50,2,3,2,0,0,1,25.0,29.0,voiture,voiture,5,2,1,8,2
202300044433,2023-01-10 12:05:00,2023,1,10,12,5,59,59350,CAMBRAI RUE DE N° IMPAIRS,50.62383476,3.07773828,Plein jour,En agglomération,Intersection en T,Pluie légère,Autre collision,4,2,2,0,1,1,2,0,1,50,1,2,1,0,0,1,35.0,,voiture,,1,2,3,2,6
202300044433,2023-01-10 12:05:00,2023,1,10,12,5,59,59350,CAMBRAI RUE DE N° IMPAIRS,50.62383476,3.07773828,Plein jour,En agglomération,Intersection en T,Pluie légère,Autre collision,4,-1,0,0,1,1,2,0,1,50,1,2,1,0,0,1,35.0,,voiture,,1,2,3,2,6
202300044434,2023-08-30 09:30:00,2023,8,30,9,30,22,22034,D33a (Lieu-dit Rumilio),48.675193,-3.356911,Plein jour,Hors agglomération,Intersection en T,Temps couvert,Deux véhicules - frontale,3,2,2,0,1,1,2,0,1,80,2,2,1,0,1,0,66.0,19.0,voiture,deux_roues,1,1,3,8,1
202300044434,2023-08-30 09:30:00,2023,8,30,9,30,22,22034,D33a (Lieu-dit Rumilio),48.675193,-3.356911,Plein jour,Hors agglomération,Intersection en T,Temps couvert,Deux véhicules - frontale,3,1,1,0,1,1,9,0,1,-1,2,2,1,0,1,0,66.0,19.0,voiture,deux_roues,1,1,3,8,1
202300044435,2023-10-03 07:45:00,2023,10,3,7,45,29,29011,rue Park ar Roz,48.427685,-4.519854,Crépuscule ou aube,En agglomération,Hors intersection,Normale,Autre collision,4,3,4,0,1,1,2,0,5,50,1,2,1,0,1,0,31.0,,voiture,,2,2,1,1,6
202300044436,2023-12-04 18:30:00,2023,12,4,18,30,88,88415,Grande Rue,48.02139,6.60718,Nuit sans éclairage public,En agglomération,Hors intersection,Pluie légère,Autre collision,3,3,2,0,1,1,2,0,1,50,1,2,1,0,0,1,77.0,,voiture,,3,2,1,2,6