accident_id,datetime,annee,mois,jour,heure,minute,departement,commune_insee,adresse,latitude,longitude,luminosite,agglomeration,intersection,meteo,collision,catr,circ,nbv,vosp,prof,plan,surf,infra,situ,vma,nb_vehicules,nb_usagers,nb_indemnes,nb_tues,nb_blesses_hosp,nb_blesses_legers,age_cond_1,age_cond_2,veh_type_cond_1,veh_type_cond_2,lum_code,agg_code,int_code,atm_code,col_code
202300044579,2023-01-08 15:45:00,2023,1,8,15,45,91,91434,SALVADOR ALLENDE (RUE),48.652064,2.351372,Plein jour,En agglomération,Intersection en X,Pluie légère,Deux véhicules - côté,4,2,2,0,1,1,2,0,1,30,2,3,2,0,0,1,27.0,26.0,voiture,voiture,1,2,2,2,3
202300044579,2023-01-08 15:45:00,2023,1,8,15,45,91,91434,SALVADOR ALLENDE (RUE),48.652064,2.351372,Plein jour,En agglomération,Intersection en X,Pluie légère,Deux véhicules - côté,4,2,2,0,1,1,2,0,1,30,2,3,2,0,0,1,27.0,26.0,voiture,voiture,1,2,2,2,3
202300044580,2023-01-05 08:00:00,2023,1,5,8,0,91,91174,BD JOHN KENNEDY,48.57988,2.47611,Crépuscule ou aube,En agglomération,Hors intersection,Pluie légère,Autre collision,3,2,2,0,1,1,2,0,1,50,1,2,1,1,0,0,46.0,,utilitaire_camion,,2,2,1,2,6
202300044581,2023-10-02 07:45:00,2023,10,2,7,45,92,92002,Autoroute A10,48.73084803,2.30892956,Plein jour,Hors agglomération,Hors intersection,Normale,Deux véhicules - côté,1,3,3,0,1,1,1,0,1,110,2,2,1,0,0,1,,56.0,voiture,deux_roues,1,1,1,1,3
202300044582,2023-12-05 18:00:00,2023,12,5,18,0,10,10297,JULES GUESDE (BDL),48.31664,4.10194,Nuit avec éclairage allumé,En agglomération,Hors intersection,Normale,Deux véhicules - arrière,4,2,2,1,1,1,2,9,1,50,2,3,0,0,0,3,22.0,16.0,voiture,voiture,5,2,1,1,2
202300044583,2023-01-07 09:51:00,2023,1,7,9,51,87,87114,LECLERC (MARECHAL),45.83789,1.30824,Plein jour,En agglomération,Hors intersection,Normale,Autre collision,4,2,2,0,1,1,1,0,1,50,1,2,1,0,0,1,58.0,,voiture,,1,2,1,1,6
202300044584,2023-12-06 09:20:00,2023,12,6,9,20,75,75116,PORTE DE PASSY,48.857246,2.258489,Plein jour,En agglomération,Hors intersection,Normale,Deux véhicules - arrière,4,-1,3,0,1,1,1,0,1,70,2,2,0,0,0,1,,42.0,voiture,deux_roues,1,2,1,1,2
202300044585,2023-10-02 07:50:00,2023,10,2,7,50,92,92064,A13,48.83887386,2.1936047,Plein jour,Hors agglomération,Hors intersection,Normale,Trois véhicules et plus - en chaîne,1,-1,3,0,1,1,1,0,1,110,3,3,2,0,1,0,25.0,48.0,voiture,voiture,1,1,1,1,4
202300044586,2023-01-09 18:20:00,2023,1,9,18,20,85,85191,Rue duchesne de denant,46.648369,-1.435211,Crépuscule ou aube,En agglomération,Hors intersection,Pluie légère,Deux véhicules - côté,4,1,4,0,1,2,2,0,3,90,2,2,1,0,1,0,35.0,50.0,voiture,autre,2,2,1,2,3
202300044587,2023-10-01 03:25:00,2023,10,1,3,25,92,92025,A86,48.93542176,2.2605831,Nuit sans éclairage public,Hors agglomération,Hors intersection,Normale,Autre collision,1,1,2,0,2,2,1,0,1,90,1,1,0,0,0,1,41.0,,voiture,,3,1,1,1,6
202300044588,2023-12-06 15:40:00,2023,12,6,15,40,75,75120,BOULEVARD DE BELLEVILLE,48.867079,2.383325,Plein jour,En agglomération,Intersection en X,Normale,Deux véhicules - côté,4,3,2,3,1,1,1,0,1,30,2,2,1,0,0,1,50.0,,deux_roues,deux_roues,1,2,2,1,3
202300044588,2023-12-06 15:40:00,2023,12,6,15,40,75,75120,BOULEVARD DE BELLEVILLE,48.867079,2.383325,Plein jour,En agglomération,Intersection en X,Normale,Deux véhicules - côté,4,2,2,3,4,1,1,0,1,30,2,2,1,0,0,1,50.0,,deux_roues,deux_roues,1,2,2,1,3
202300044589,2023-01-09 10:37:00,2023,1,9,10,37,81,81004,LANNES (BD DU MARECHAL),43.94444,2.15992,Plein jour,En agglomération,Autre intersection,Pluie légère,Autre collision,4,1,1,0,1,1,2,0,1,50,1,2,1,0,0,1,57.0,,voiture,,1,2,9,2,6
202300044590,2023-07-20 17:35:00,2023,7,20,17,35,35,35238,MOTTE BRULON (DE LA),48.12784,-1.67152,Plein jour,En agglomération,Hors intersection,Normale,Deux véhicules - arrière,4,2,2,0,1,1,1,0,1,50,2,2,1,0,0,1,44.0,22.0,voiture,deux_roues,1,2,1,1,2
202300044591,2023-10-02 17:00:00,2023,10,2,17,0,92,92036,AUTOROUTE A15,48.94722536,2.2815668,Plein jour,Hors agglomération,Hors intersection,Normale,Deux véhicules - arrière,1,3,4,0,1,1,1,2,1,90,2,2,1,0,0,1,37.0,24.0,utilitaire_camion,deux_roues,1,1,1,1,2
202300044592,2023-01-05 22:35:00,2023,1,5,22,35,80,80164,Route de Corbie,49.90128,2.35187,Nuit sans éclairage public,Hors agglomération,Hors intersection,Normale,Autre collision,3,2,2,0,1,1,1,0,1,70,1,2,1,0,0,1,35.0,,voiture,,3,1,1,1,6
202300044593,2023-07-22 00:14:00,2023,7,22,0,14,34,34003,1 Rue des Gallo Romains,43.28828,3.50185,Nuit sans éclairage public,En agglomération,Intersection en X,Normale,Sans collision,4,2,2,0,1,1,1,0,1,50,1,1,0,0,0,1,41.0,,deux_roues,,3,2,2,1,7
202300044593,2023-07-22 00:14:00,2023,7,22,0,14,34,34003,1 Rue des Gallo Romains,43.28828,3.50185,Nuit sans éclairage public,En agglomération,Intersection en X,Normale,Sans collision,4,2, -1,-1,4,2,1,0,1,-1,1,1,0,0,0,1,41.0,,deux_roues,,3,2,2,1,7
202300044594,2023-12-06 06:30:00,2023,12,6,6,30,75,75119,PLACE DE LA BATAILLE DE STALINGRAD,48.884055,2.368853,Nuit avec éclairage allumé,En agglomération,Intersection en X,Normale,Autre collision,4,3,2,0,1,1,2,0,1,30,1,2,1,0,0,1,60.0,,voiture,,5,2,2,1,6
202300044594,2023-12-06 06:30:00,2023,12,6,6,30,75,75119,PLACE DE LA BATAILLE DE STALINGRAD,48.884055,2.368853,Nuit avec éclairage allumé,En agglomération,Intersection en X,Normale,Autre collision,4,1,2,0,1,1,2,0,1,30,1,2,1,0,0,1,60.0,,voiture,,5,2,2,1,6
202300044595,2023-01-09 22:30:00,2023,1,9,22,30,78,78138,DE GAULLE (AVENUE CHARLES),48.97039,2.03222,Nuit avec éclairage allumé,En agglomération,Intersection en X,Normale,Deux véhicules - côté,3,-1,2,0,2,1,2,5,1,50,2,2,1,0,1,0,22.0,43.0,voiture,voiture,5,2,2,1,3
202300044595,2023-01-09 22:30:00,2023,1,9,22,30,78,78138,DE GAULLE (AVENUE CHARLES),48.97039,2.03222,Nuit avec éclairage allumé,En agglomération,Intersection en X,Normale,Deux véhicules - côté,3,-1,0,0,2,1,2,0,1,50,2,2,1,0,1,0,22.0,43.0,voiture,voiture,5,2,2,1,3
202300044596,2023-10-02 16:00:00,2023,10,2,16,0,93,93010,AUTOROUTE A3,48.90975,2.47474,Plein jour,Hors agglomération,Hors intersection,Normale,Deux véhicules - arrière,1,-1,3,0,1,1,1,0,1,90,2,2,1,0,0,1,27.0,31.0,utilitaire_camion,deux_roues,1,1,1,1,2
202300044597,2023-07-21 08:55:00,2023,7,21,8,55,33,33192,Route de Canéjan,44.77234945,-0.62566549,Plein jour,En agglomération,Giratoire,Normale,Deux véhicules - côté,4,2,2,0,1,3,1,0,1,50,2,2,1,0,0,1,22.0,41.0,deux_roues,voiture,1,2,6,1,3
202300044597,2023-07-21 08:55:00,2023,7,21,8,55,33,33192,Route de Canéjan,44.77234945,-0.62566549,Plein jour,En agglomération,Giratoire,Normale,Deux véhicules - côté,4,2,2,2,1,2,1,0,1,50,2,2,1,0,0,1,22.0,41.0,deux_roues,voiture,1,2,6,1,3
202300044598,2023-12-06 19:00:00,2023,12,6,19,0,75,75116,ROUTE DE LA PTE DAUPHINE A LA PTE DES SA,48.8734328,2.27223873,Nuit sans éclairage public,En agglomération,Hors intersection,Normale,Deux véhicules - côté,4,2,2,0,1,1,1,0,1,50,2,3,2,0,0,1,61.0,64.0,deux_roues,voiture,3,2,1,1,3
202300044599,2023-07-21 02:35:00,2023,7,21,2,35,33,33529,SAINT-EXUPERY (AVE),44.617087,-1.138116,Nuit avec éclairage allumé,En agglomération,Giratoire,Normale,Autre collision,3,2,2,0,1,1,1,0,1,80,1,4,1,0,1,2,22.0,,voiture,,5,2,6,1,6
202300044600,2023-10-02 14:30:00,2023,10,2,14,30,93,93078,AUTOROUTE A104,48.9713639,2.4985811,Plein jour,Hors agglomération,Hors intersection,Normale,Trois véhicules et plus - collisions multiples,1,-1,3,0,1,1,1,0,1,90,4,4,3,0,0,1,47.0,58.0,utilitaire_camion,voiture,1,1,1,1,5
202300044601,2023-01-09 18:00:00,2023,1,9,18,0,77,77337,ROCHES (COURS DES),48.84522,2.61532,Nuit avec éclairage allumé,En agglomération,Hors intersection,Normale,Autre collision,4,2,2,0,1,3,2,0,1,50,1,2,1,0,1,0,23.0,,utilitaire_camion,,5,2,1,1,6
202300044602,2023-07-20 19:50:00,2023,7,20,19,50,29,29019,rue Général Paulet,48.416359,-4.475754,Plein jour,En agglomération,Hors intersection,Normale,Deux véhicules - côté,4,-1,2,0,2,1,1,0,1,50,2,2,1,0,1,0,37.0,29.0,deux_roues,voiture,1,2,1,1,3
202300044603,2023-01-09 12:51:00,2023,1,9,12,51,77,77468,D128,48.8444504,2.64925152,Plein jour,En agglomération,Intersection en X,Normale,Autre collision,3,1,1,0,2,3,1,5,1,30,1,2,1,0,0,1,34.0,,voiture,,1,2,2,1,6
202300044603,2023-01-09 12:51:00,2023,1,9,12,51,77,77468,D128,48.8444504,2.64925152,Plein jour,En agglomération,Intersection en X,Normale,Autre collision,3,3,4,0,1,1,1,5,1,50,1,2,1,0,0,1,34.0,,voiture,,1,2,2,1,6
202300044604,2023-07-20 13:08:00,2023,7,20,13,8,29,29019,rue Marcellin Duval,48.4168956,-4.48702991,Plein jour,En agglomération,Intersection en X,Normale,Trois véhicules et plus - en chaîne,4,2,2,0,1,1,1,0,1,50,3,4,2,0,0,2,25.0,22.0,voiture,voiture,1,2,2,1,4
202300044604,2023-07-20 13:08:00,2023,7,20,13,8,29,29019,rue Marcellin Duval,48.4168956,-4.48702991,Plein jour,En agglomération,Intersection en X,Normale,Trois véhicules et plus - en chaîne,4,2,2,0,1,1,1,0,1,50,3,4,2,0,0,2,25.0,22.0,voiture,voiture,1,2,2,1,4
202300044605,2023-01-08 08:15:00,2023,1,8,8,15,76,76481,RD 6382,49.53125053,0.1081413,Plein jour,Hors agglomération,Giratoire,Normale,Autre collision,3,3,4,0,1,1,2,0,1,50,1,1,0,0,0,1,26.0,,voiture,,1,1,6,1,6
202300044605,2023-01-08 08:15:00,2023,1,8,8,15,76,76481,RD 6382,49.53125053,0.1081413,Plein jour,Hors agglomération,Giratoire,Normale,Autre collision,3,3,4,0,1,1,2,0,1,90,1,1,0,0,0,1,26.0,,voiture,,1,1,6,1,6
202300044606,2023-10-02 08:15:00,2023,10,2,8,15,93,93007,AUTOROUTE A3,48.92229,2.48032,Plein jour,Hors agglomération,Hors intersection,Normale,Trois véhicules et plus - en chaîne,1,3,3,0,1,1,1,0,1,90,7,9,4,0,0,5,31.0,44.0,voiture,voiture,1,1,1,1,4
202300044607,2023-01-07 06:30:00,2023,1,7,6,30,76,76351,SEIZIEME PORT (AVENUE DU),49.4826,0.16175,Nuit sans éclairage public,Hors agglomération,Hors intersection,Normale,Autre collision,4,3,4,0,1,1,1,0,1,70,1,2,1,1,0,0,48.0,,voiture,,3,1,1,1,6
202300044608,2023-07-21 17:20:00,2023,7,21,17,20,18,18033,38 Avenue Marcel Haegelen,47.07352,2.38123,Plein jour,En agglomération,Intersection en T,Normale,Deux véhicules - côté,4,1,1,0,1,1,1,0,1,50,2,2,1,0,1,0,23.0,47.0,deux_roues,voiture,1,2,3,1,3
202300044608,2023-07-21 17:20:00,2023,7,21,17,20,18,18033,38 Avenue Marcel Haegelen,47.07352,2.38123,Plein jour,En agglomération,Intersection en T,Normale,Deux véhicules - côté,4,2,2,0,2,1,1,0,8,50,2,2,1,0,1,0,23.0,47.0,deux_roues,voiture,1,2,3,1,3
202300044609,2023-07-21 06:15:00,2023,7,21,6,15,17,17300,REPUBLIQUE   BOULEVARD DE LA,46.1418,-1.14011,Crépuscule ou aube,En agglomération,Giratoire,Normale,Sans collision,4,1,2,0,2,3,1,0,1,50,1,1,0,0,0,1,20.0,,deux_roues,,2,2,6,1,7
202300044610,2023-01-09 20:30:00,2023,1,9,20,30,76,76217,Rue Jacques Monod,49.92228903,1.1162855,Nuit avec éclairage allumé,Hors agglomération,Intersection en T,Normale,Deux véhicules - arrière,3,2,2,0,1,1,1,0,1,70,2,2,1,0,0,1,26.0,49.0,voiture,utilitaire_camion,5,1,3,1,2
202300044610,2023-01-09 20:30:00,2023,1,9,20,30,76,76217,Rue Jacques Monod,49.92228903,1.1162855,Nuit avec éclairage allumé,Hors agglomération,Intersection en T,Normale,Deux véhicules - arrière,3,2,2,0,1,1,1,0,1,50,2,2,1,0,0,1,26.0,49.0,voiture,utilitaire_camion,5,1,3,1,2
202300044611,2023-01-05 08:20:00,2023,1,5,8,20,72,72181,BROSSOLETTE PIERRE (BD) N° IMP,47.979,0.1977,Nuit avec éclairage allumé,En agglomération,Hors intersection,Pluie légère,Deux véhicules - arrière,4,3,0,0,2,1,2,0,1,50,2,3,2,0,0,1,43.0,26.0,voiture,voiture,5,2,1,2,2
202300044612,2023-10-02 14:55:00,2023,10,2,14,55,77,77258,A4.W,48.832242,2.652388,Plein jour,Hors agglomération,Hors intersection,Normale,Trois véhicules et plus - en chaîne,1,3,4,0,1,1,1,0,1,110,5,7,5,0,0,2,46.0,45.0,voiture,utilitaire_camion,1,1,1,1,4
202300044613,2023-07-22 00:40:00,2023,7,22,0,40,14,14118,534p Boulevard Yves Guillou,49.17266,-0.37863,Nuit avec éclairage allumé,En agglomération,Intersection en X,Normale,Deux véhicules - arrière,4,1,2,0,1,1,1,0,1,50,2,4,2,0,0,2,19.0,38.0,voiture,voiture,5,2,2,1,2
202300044613,2023-07-22 00:40:00,2023,7,22,0,40,14,14118,534p Boulevard Yves Guillou,49.17266,-0.37863,Nuit avec éclairage allumé,En agglomération,Intersection en X,Normale,Deux véhicules - arrière,4,2,2,0,1,3,1,0,1,50,2,4,2,0,0,2,19.0,38.0,voiture,voiture,5,2,2,1,2
202300044614,2023-01-09 10:10:00,2023,1,9,10,10,69,69264,92 Rue Roncevaux,45.99533,4.71786,Plein jour,En agglomération,Hors intersection,Pluie légère,Trois véhicules et plus - collisions multiples,3,2,3,2,1,1,2,0,1,50,3,4,2,0,0,2,47.0,22.0,voiture,voiture,1,2,1,2,5
202300044615,2023-10-02 08:35:00,2023,10,2,8,35,77,77294,A104,48.964165,2.610993,Plein jour,Hors agglomération,Hors intersection,Normale,Deux véhicules - côté,1,3,4,0,1,1,1,0,1,90,2,2,1,0,0,1,25.0,23.0,deux_roues,voiture,1,1,1,1,3
202300044616,2023-05-28 16:10:00,2023,5,28,16,10,13,13056,CACHIN BOULEVARD MARCEL,43.39886,5.05239,Plein jour,En agglomération,Autre intersection,Normale,Deux véhicules - côté,3,2,1,0,1,1,1,0,8,50,2,2,1,0,0,1,21.0,27.0,voiture,deux_roues,1,2,9,1,3
202300044617,2023-01-05 23:47:00,2023,1,5,23,47,69,69259,Avenue d'Oschatz,45.69592,4.88155,Nuit avec éclairage allumé,En agglomération,Hors intersection,Normale,Sans collision,4,2,2,3,2,3,1,0,4,50,1,1,0,0,0,1,24.0,,voiture,,5,2,1,1,7
202300044618,2023-10-02 07:36:00,2023,10,2,7,36,93,93051,A4,48.8353,2.57336,Plein jour,Hors agglomération,Hors intersection,Normale,Deux véhicules - arrière,1,3,4,0,1,1,1,0,1,110,2,2,1,0,0,1,40.0,37.0,voiture,deux_roues,1,1,1,1,2
202300044619,2023-01-06 17:05:00,2023,1,6,17,5,67,67482,COLOMBES (PLACE DES),48.53027128,7.7696836,Nuit avec éclairage allumé,En agglomération,Hors intersection,Normale,Autre collision,4,1,1,0,1,1,1,0,1,30,2,2,1,0,0,1,9.0,72.0,deux_roues,deux_roues,5,2,1,1,6
202300044620,2023-07-21 13:00:00,2023,7,21,13,0,13,13216,HENRI BARNIER (BOULEVARD),43.3607,5.3426,Plein jour,En agglomération,Hors intersection,Normale,Deux véhicules - côté,1,2,2,0,2,2,1,0,1,50,2,3,1,0,0,2,48.0,25.0,voiture,voiture,1,2,1,1,3
202300044621,2023-01-08 18:10:00,2023,1,8,18,10,66,66136,,42.68719,2.907341,Nuit avec éclairage allumé,En agglomération,Hors intersection,Normale,Autre collision,4,3,4,0,1,1,1,0,1,50,1,2,1,0,1,0,50.0,,voiture,,5,2,1,1,6
202300044622,2023-10-02 06:55:00,2023,10,2,6,55,94,94046,A86,48.81070243,2.44917546,Crépuscule ou aube,Hors agglomération,Hors intersection,Normale,Deux véhicules - côté,1,3,4,0,1,1,1,0,1,90,2,2,1,0,0,1,29.0,53.0,utilitaire_camion,deux_roues,2,1,1,1,3
202300044623,2023-07-20 07:39:00,2023,7,20,7,39,11,11069,Route Minervoise,43.23701,2.37155,Plein jour,Hors agglomération,Hors intersection,Normale,Deux véhicules - frontale,4,1,1,0,1,1,1,0,1,50,2,2,1,0,1,0,41.0,45.0,voiture,deux_roues,1,1,1,1,1
202300044624,2023-01-08 11:00:00,2023,1,8,11,0,66,66136,,42.70527855,2.90184706,Plein jour,En agglomération,Giratoire,Normale,Deux véhicules - côté,4,2,3,3,1,1,1,0,1,30,2,2,1,0,0,1,24.0,76.0,voiture,voiture,1,2,6,1,3
202300044624,2023-01-08 11:00:00,2023,1,8,11,0,66,66136,,42.70527855,2.90184706,Plein jour,En agglomération,Giratoire,Normale,Deux véhicules - côté,4,2,3,0,3,1,1,0,1,30,2,2,1,0,0,1,24.0,76.0,voiture,voiture,1,2,6,1,3
202300044625,2023-05-30 08:30:00,2023,5,30,8,30,73,73237,A43 PK 138.7,45.49525529,6.29732549,Plein jour,Hors agglomération,Hors intersection,Normale,Deux véhicules - arrière,1,3,4,0,1,1,1,0,1,130,2,2,1,0,0,1,22.0,55.0,voiture,utilitaire_camion,1,1,1,1,2
202300044626,2023-09-30 11:30:00,2023,9,30,11,30,976,97611,m'tsapere-Belle vue ( rue ),-12.78642,45.2221,Plein jour,En agglomération,Hors intersection,Normale,Autre collision,4,1,1,0,1,1,1,0,1,50,1,2,1,0,0,1,55.0,,deux_roues,,1,2,1,1,6
202300044627,2023-01-06 16:00:00,2023,1,6,16,0,66,66136,,42.69885,2.87782,Plein jour,En agglomération,Hors intersection,Normale,Autre collision,4,2,3,0,1,1,1,0,4,30,1,2,1,0,0,1,,,voiture,,1,2,1,1,6
202300044628,2023-07-19 15:30:00,2023,7,19,15,30,11,11069,78 Rue Voltaire,43.2111,2.34966,Plein jour,En agglomération,Intersection en X,Normale,Deux véhicules - côté,4,1,1,0,1,1,1,0,1,50,2,6,1,0,0,5,50.0,57.0,voiture,voiture,1,2,2,1,3
202300044628,2023-07-19 15:30:00,2023,7,19,15,30,11,11069,78 Rue Voltaire,43.2111,2.34966,Plein jour,En agglomération,Intersection en X,Normale,Deux véhicules - côté,4,1,1,0,2,1,1,0,1,50,2,6,1,0,0,5,50.0,57.0,voiture,voiture,1,2,2,1,3
202300044629,2023-10-01 04:10:00,2023,10,1,4,10,974,97416,RN03,-21.31111,55.4965,Nuit sans éclairage public,Hors agglomération,Hors intersection,Normale,Autre collision,2,1,2,0,2,1,1,0,6,110,1,3,2,0,0,1,31.0,,voiture,,3,1,1,1,6
202300044630,2023-01-05 07:45:00,2023,1,5,7,45,64,64249,Avenue Getaria,43.41671,-1.6101,Nuit avec éclairage allumé,En agglomération,Intersection en T,Normale,Deux véhicules - côté,3,2,1,-1,1,1,1,0,1,-1,2,2,1,0,0,1,64.0,71.0,voiture,voiture,5,2,3,1,3
202300044630,2023-01-05 07:45:00,2023,1,5,7,45,64,64249,Avenue Getaria,43.41671,-1.6101,Nuit avec éclairage allumé,En agglomération,Intersection en T,Normale,Deux véhicules - côté,3,2,0,0,1,1,1,0,1,50,2,2,1,0,0,1,64.0,71.0,voiture,voiture,5,2,3,1,3
202300044631,2023-07-20 20:05:00,2023,7,20,20,5,09,09122,SIBIAN (AVENUE DE),42.96506,1.5923,Plein jour,En agglomération,Hors intersection,Normale,Deux véhicules - côté,4,1,2,0,2,1,1,0,1,50,2,3,2,0,0,1,77.0,26.0,voiture,deux_roues,1,2,1,1,3
202300044632,2023-10-01 04:10:00,2023,10,1,4,10,973,97302,14 ET 22 JUIN 1962,4.93318,-52.32695,Nuit avec éclairage allumé,En agglomération,Hors intersection,Normale,Sans collision,4,2,2,0,1,1,1,0,3,50,1,3,0,1,0,2,27.0,,voiture,,5,2,1,1,7
202300044633,2023-01-06 13:00:00,2023,1,6,13,0,63,63193,RD 769,45.7738,3.21041,Plein jour,Hors agglomération,Hors intersection,Pluie légère,Trois véhicules et plus - collisions multiples,3,2,2,0,2,3,2,0,1,90,3,5,1,0,1,3,58.0,60.0,voiture,voiture,1,1,1,2,5
202300044634,2023-07-20 17:50:00,2023,7,20,17,50,75,75117,PORTE MAILLOT,48.8827,2.283359,Plein jour,En agglomération,Hors intersection,Normale,Deux véhicules - côté,4,1,4,0,1,1,1,0,1,70,2,2,1,0,0,1,55.0,46.0,deux_roues,voiture,1,2,1,1,3
202300044635,2023-01-08 21:45:00,2023,1,8,21,45,63,63113,CLEMENTEL (BD ETIENNE),45.80966,3.10943,Nuit avec éclairage non allumé,En agglomération,Intersection en X,Normale,Deux véhicules - côté,7,1,2,0,1,1,1,0,1,50,2,2,1,0,0,1,59.0,28.0,voiture,voiture,4,2,2,1,3
202300044635,2023-01-08 21:45:00,2023,1,8,21,45,63,63113,CLEMENTEL (BD ETIENNE),45.80966,3.10943,Nuit avec éclairage non allumé,En agglomération,Intersection en X,Normale,Deux véhicules - côté,7,3,6,0,1,1,1,0,1,50,2,2,1,0,0,1,59.0,28.0,voiture,voiture,4,2,2,1,3
202300044636,2023-09-29 16:35:00,2023,9,29,16,35,973,97302,BADUEL (ROUTE DE),4.93664,-52.31457,Plein jour,En agglomération,Hors intersection,Normale,Deux véhicules - côté,3,2,2,0,1,1,1,0,1,50,2,2,1,0,0,1,19.0,50.0,voiture,deux_roues,1,2,1,1,3
202300044637,2023-07-20 13:15:00,2023,7,20,13,15,75,75115,PORTE DE LA PLAINE,48.8277,2.291932,Plein jour,En agglomération,Hors intersection,Normale,Trois véhicules et plus - collisions multiples,4,1,3,0,1,1,1,0,1,70,3,3,2,0,0,1,45.0,67.0,deux_roues,voiture,1,2,1,1,5
202300044638,2023-01-08 03:33:00,2023,1,8,3,33,63,63113,SAINT JEAN (BD),45.78768,3.11934,Nuit avec éclairage non allumé,En agglomération,Hors intersection,Pluie légère,Autre collision,7,3,4,0,1,2,2,2,1,50,1,4,0,1,3,0,19.0,,voiture,,4,2,1,2,6
202300044639,2023-09-29 19:00:00,2023,9,29,19,0,973,97302,MONTABO (ROUTE DE) 3,4.93477,-52.29196,Nuit avec éclairage allumé,En agglomération,Hors intersection,Normale,Deux véhicules - arrière,3,2,2,0,1,1,1,0,1,50,2,2,1,0,0,1,21.0,36.0,voiture,utilitaire_camion,5,2,1,1,2
202300044640,2023-07-20 10:25:00,2023,7,20,10,25,75,75118,PORTE DE CLIGNANCOURT,48.901076,2.345273,Plein jour,En agglomération,Hors intersection,Normale,Deux véhicules - arrière,4,1,4,0,1,1,1,0,1,70,2,2,0,0,0,2,63.0,29.0,voiture,deux_roues,1,2,1,1,2
202300044641,2023-09-29 18:25:00,2023,9,29,18,25,973,97302,MONTABO (ROUTE DE) 2,4.9378,-52.29874,Crépuscule ou aube,En agglomération,Hors intersection,Normale,Deux véhicules - côté,3,2,2,1,1,1,1,0,5,50,2,2,1,0,0,1,33.0,36.0,voiture,deux_roues,2,2,1,1,3
202300044642,2023-07-20 09:50:00,2023,7,20,9,50,75,75116,ECHANGEUR MUETTE,48.86491,2.267604,Plein jour,En agglomération,Hors intersection,Normale,Deux véhicules - côté,4,1,4,0,1,1,1,0,1,70,2,2,1,0,0,1,49.0,,deux_roues,voiture,1,2,1,1,3
202300044643,2023-01-07 20:10:00,2023,1,7,20,10,60,60414,Rue de Finsterwalde,49.25192,2.4523,Nuit avec éclairage allumé,En agglomération,Hors intersection,Pluie légère,Deux véhicules - frontale,4,2,0,0,1,2,2,0,1,50,2,8,1,0,0,7,41.0,45.0,voiture,voiture,5,2,1,2,1
202300044644,2023-09-29 21:05:00,2023,9,29,21,5,973,97302,LIBERTE (AVENUE DE LA),4.93526535,-52.33220458,Nuit avec éclairage allumé,En agglomération,Intersection en T,Normale,Deux véhicules - côté,4,1,1,0,2,1,1,2,1,50,2,2,1,0,0,1,61.0,40.0,voiture,voiture,5,2,3,1,3
202300044644,2023-09-29 21:05:00,2023,9,29,21,5,973,97302,LIBERTE (AVENUE DE LA),4.93526535,-52.33220458,Nuit avec éclairage allumé,En agglomération,Intersection en T,Normale,Deux véhicules - côté,4,1,1,0,1,1,1,0,1,50,2,2,1,0,0,1,61.0,40.0,voiture,voiture,5,2,3,1,3
202300044645,2023-01-06 08:00:00,2023,1,6,8,0,59,59444,RUE PIERRE DELCOURT,50.456353,3.528746,Crépuscule ou aube,En agglomération,Hors intersection,Normale,Autre collision,3,2,2,0,1,1,1,2,4,30,1,1,0,1,0,0,47.0,,utilitaire_camion,,2,2,1,1,6
202300044646,2023-07-19 15:35:00,2023,7,19,15,35,75,75110,BOULEVARD DE STRASBOURG,48.875485,2.357625,Plein jour,En agglomération,Intersection en X,Normale,Autre collision,4,2,3,3,2,1,1,5,1,30,1,2,1,0,1,0,45.0,,utilitaire_camion,,1,2,2,1,6
202300044646,2023-07-19 15:35:00,2023,7,19,15,35,75,75110,BOULEVARD DE STRASBOURG,48.875485,2.357625,Plein jour,En agglomération,Intersection en X,Normale,Autre collision,4,1,1,2,1,1,1,5,1,30,1,2,1,0,1,0,45.0,,utilitaire_camion,,1,2,2,1,6
202300044647,2023-01-09 13:00:00,2023,1,9,13,0,59,59599,GAND (RUE DE),50.7343,3.16168,Plein jour,En agglomération,Autre intersection,Pluie légère,Autre collision,4,2,2,0,1,1,9,9,8,50,1,2,1,0,1,0,57.0,,voiture,,1,2,9,2,6
202300044648,2023-07-21 09:30:00,2023,7,21,9,30,75,75106,BOULEVARD DU MONTPARNASSE,48.844394,2.322341,Plein jour,En agglomération,Hors intersection,Normale,Deux véhicules - côté,4,1,3,3,1,1,1,0,6,30,2,2,1,0,0,1,61.0,59.0,deux_roues,deux_roues,1,2,1,1,3
202300044649,2023-09-29 15:45:00,2023,9,29,15,45,973,97302,MONTABO (ROUTE DE) 3,4.93253,-52.29049,Plein jour,En agglomération,Intersection en T,Normale,Deux véhicules - arrière,3,2,2,0,1,1,1,0,1,50,2,2,1,0,0,1,77.0,16.0,voiture,deux_roues,1,2,3,1,2
202300044649,2023-09-29 15:45:00,2023,9,29,15,45,973,97302,MONTABO (ROUTE DE) 3,4.93253,-52.29049,Plein jour,En agglomération,Intersection en T,Normale,Deux véhicules - arrière,3,2,2,2,1,1,1,0,1,50,2,2,1,0,0,1,77.0,16.0,voiture,deux_roues,1,2,3,1,2
202300044650,2023-01-09 03:00:00,2023,1,9,3,0,59,59170,LOFFRE (RUE DE),50.36226,3.14781,Nuit sans éclairage public,Hors agglomération,Hors intersection,Normale,Autre collision,3,2,2,0,1,1,2,0,1,90,1,3,0,1,2,0,31.0,,voiture,,3,1,1,1,6