accident_id,datetime,annee,mois,jour,heure,minute,departement,commune_insee,adresse,latitude,longitude,luminosite,agglomeration,intersection,meteo,collision,catr,circ,nbv,vosp,prof,plan,surf,infra,situ,vma,nb_vehicules,nb_usagers,nb_indemnes,nb_tues,nb_blesses_hosp,nb_blesses_legers,age_cond_1,age_cond_2,veh_type_cond_1,veh_type_cond_2,lum_code,agg_code,int_code,atm_code,col_code
202300044776,2023-01-10 18:55:00,2023,1,10,18,55,75,75109,RUE DE LONDRES,48.877037,2.329477,Nuit avec éclairage allumé,En agglomération,Hors intersection,Pluie légère,Deux véhicules - arrière,4,1,1,0,2,1,2,0,1,30,2,2,0,0,0,1,26.0,,voiture,voiture,5,2,1,2,2
202300044777,2023-07-22 10:40:00,2023,7,22,10,40,22,22265,Route de Croas Diben,48.757419,-3.393692,Plein jour,Hors agglomération,Hors intersection,Normale,Deux véhicules - frontale,3,2,2,0,1,1,1,0,1,80,2,3,1,0,0,2,36.0,20.0,voiture,voiture,1,1,1,1,1
202300044778,2023-10-01 01:10:00,2023,10,1,1,10,13,13209,MAGUY ROUBAUD (RUE),43.27231309,5.3996536,Nuit avec éclairage allumé,En agglomération,Intersection en T,Normale,Deux véhicules - côté,4,1,2,0,1,1,1,5,1,50,2,5,4,0,1,0,26.0,26.0,deux_roues,voiture,5,2,3,1,3
202300044778,2023-10-01 01:10:00,2023,10,1,1,10,13,13209,MAGUY ROUBAUD (RUE),43.27231309,5.3996536,Nuit avec éclairage allumé,En agglomération,Intersection en T,Normale,Deux véhicules - côté,4,2, -1,-1,1,1,1,5,1,-1,2,5,4,0,1,0,26.0,26.0,deux_roues,voiture,5,2,3,1,3
202300044779,2023-01-10 14:35:00,2023,1,10,14,35,75,75108,PLACE CHARLES DE GAULLE,48.87329402,2.2955364,Plein jour,En agglomération,Place,Pluie légère,Deux véhicules - arrière,4,2, -1,-1,1,1,2,0,1,-1,2,2,1,0,0,1,32.0,25.0,voiture,voiture,1,2,7,2,2
202300044779,2023-01-10 14:35:00,2023,1,10,14,35,75,75108,PLACE CHARLES DE GAULLE,48.87329402,2.2955364,Plein jour,En agglomération,Place,Pluie légère,Deux véhicules - arrière,4,1,4,0,1,2,2,0,1,50,2,2,1,0,0,1,32.0,25.0,voiture,voiture,1,2,7,2,2
202300044780,2023-07-21 18:05:00,2023,7,21,18,5,22,22030,Hent park bihan,48.705912,-3.374031,Plein jour,En agglomération,Hors intersection,Normale,Sans collision,5,1,1,0,1,2,6,0,8,-1,1,1,0,0,1,0,25.0,,deux_roues,,1,2,1,1,7
202300044781,2023-10-01 18:30:00,2023,10,1,18,30,13,13001,GALICE (RTE),43.52842,5.4281,Plein jour,En agglomération,Hors intersection,Normale,Deux véhicules - côté,4,2,1,0,1,1,1,0,1,50,2,3,2,0,0,1,52.0,35.0,voiture,voiture,1,2,1,1,3
202300044782,2023-01-09 22:30:00,2023,1,9,22,30,75,75108,RUE DU FAUBOURG SAINT HONORE,48.872837,2.310779,Nuit avec éclairage allumé,En agglomération,Intersection en X,Normale,Deux véhicules - côté,4,1, -1,-1,1,1,2,0,1,-1,2,2,1,0,0,1,50.0,47.0,deux_roues,voiture,5,2,2,1,3
202300044782,2023-01-09 22:30:00,2023,1,9,22,30,75,75108,RUE DU FAUBOURG SAINT HONORE,48.872837,2.310779,Nuit avec éclairage allumé,En agglomération,Intersection en X,Normale,Deux véhicules - côté,4,2,2,0,1,1,2,0,1,30,2,2,1,0,0,1,50.0,47.0,deux_roues,voiture,5,2,2,1,3
202300044783,2023-10-01 11:47:00,2023,10,1,11,47,10,10325,ECHENILLY (RUE),48.26493,4.04135,Plein jour,En agglomération,Intersection en X,Temps éblouissant,Deux véhicules - côté,4,2,6,0,1,1,1,5,1,50,2,2,1,0,1,0,43.0,55.0,voiture,deux_roues,1,2,2,7,3
202300044783,2023-10-01 11:47:00,2023,10,1,11,47,10,10325,ECHENILLY (RUE),48.26493,4.04135,Plein jour,En agglomération,Intersection en X,Temps éblouissant,Deux véhicules - côté,4,2,4,0,1,1,1,5,1,50,2,2,1,0,1,0,43.0,55.0,voiture,deux_roues,1,2,2,7,3
202300044784,2023-07-22 19:39:00,2023,7,22,19,39,25,25029,N57,47.033334,6.335254,Plein jour,Hors agglomération,Intersection en T,Normale,Deux véhicules - côté,2,2,2,0,1,1,1,5,1,80,2,5,4,0,1,0,50.0,40.0,voiture,deux_roues,1,1,3,1,3
202300044784,2023-07-22 19:39:00,2023,7,22,19,39,25,25029,N57,47.033334,6.335254,Plein jour,Hors agglomération,Intersection en T,Normale,Deux véhicules - côté,2,2,2,-1,1,3,1,5,1,-1,2,5,4,0,1,0,50.0,40.0,voiture,deux_roues,1,1,3,1,3
202300044785,2023-10-01 02:04:00,2023,10,1,2,4,08,08105,RN 43,49.74061,4.7094,Nuit avec éclairage allumé,En agglomération,Autre intersection,Normale,Sans collision,2,3,2,0,3,1,1,3,1,90,1,2,0,0,1,1,32.0,,voiture,,5,2,9,1,7
202300044786,2023-01-10 08:35:00,2023,1,10,8,35,75,75107,RUE DE BELLECHASSE,48.856472,2.321094,Crépuscule ou aube,En agglomération,Intersection en X,Temps couvert,Deux véhicules - côté,4,1, -1,-1,1,1,1,0,1,-1,2,2,1,0,0,1,27.0,51.0,utilitaire_camion,deux_roues,2,2,2,8,3
202300044786,2023-01-10 08:35:00,2023,1,10,8,35,75,75107,RUE DE BELLECHASSE,48.856472,2.321094,Crépuscule ou aube,En agglomération,Intersection en X,Temps couvert,Deux véhicules - côté,4,1,1,0,1,1,1,0,1,30,2,2,1,0,0,1,27.0,51.0,utilitaire_camion,deux_roues,2,2,2,8,3
202300044787,2023-09-29 17:23:00,2023,9,29,17,23,05,05061,DOCTEUR AYASSE ( RUE DU ),44.56306,6.09008,Plein jour,En agglomération,Hors intersection,Normale,Autre collision,6,-1, -1,0,1,1,1,0,1,50,1,2,1,0,0,1,73.0,,voiture,,1,2,1,1,6
202300044788,2023-07-21 20:15:00,2023,7,21,20,15,29,29162,Garzaleg,48.239634,-4.020594,Plein jour,Hors agglomération,Intersection en T,Normale,Deux véhicules - côté,3,2,2,0,1,1,1,0,1,80,2,2,1,0,1,0,68.0,55.0,voiture,deux_roues,1,1,3,1,3
202300044788,2023-07-21 20:15:00,2023,7,21,20,15,29,29162,Garzaleg,48.239634,-4.020594,Plein jour,Hors agglomération,Intersection en T,Normale,Deux véhicules - côté,3,2,2,0,1,1,1,0,1,80,2,2,1,0,1,0,68.0,55.0,voiture,deux_roues,1,1,3,1,3
202300044789,2023-01-09 00:40:00,2023,1,9,0,40,75,75104,BOULEVARD MORLAND,48.84746005,2.36554205,Nuit avec éclairage allumé,En agglomération,Intersection en T,Normale,Sans collision,4,1,2,0,1,1,2,0,1,30,1,1,0,0,0,1,62.0,,deux_roues,,5,2,3,1,7
202300044789,2023-01-09 00:40:00,2023,1,9,0,40,75,75104,BOULEVARD MORLAND,48.84746005,2.36554205,Nuit avec éclairage allumé,En agglomération,Intersection en T,Normale,Sans collision,4,1,1,0,1,2,2,0,1,30,1,1,0,0,0,1,62.0,,deux_roues,,5,2,3,1,7
202300044790,2023-07-21 07:45:00,2023,7,21,7,45,31,31345,D12c,43.385445,1.425409,Plein jour,Hors agglomération,Giratoire,Normale,Deux véhicules - côté,3,-1,1,0,1,2,1,0,1,80,2,2,1,0,1,0,46.0,55.0,voiture,deux_roues,1,1,6,1,3
202300044791,2023-09-30 05:55:00,2023,9,30,5,55,04,04070,chaffaut ( route du ),44.0625,6.17952,Nuit sans éclairage public,Hors agglomération,Intersection en Y,Normale,Autre collision,3,2,2,0,1,3,1,2,3,70,1,3,2,0,0,1,25.0,,voiture,,3,1,4,1,6
202300044791,2023-09-30 05:55:00,2023,9,30,5,55,04,04070,chaffaut ( route du ),44.0625,6.17952,Nuit sans éclairage public,Hors agglomération,Intersection en Y,Normale,Autre collision,3,2,2,0,1,1,1,0,3,70,1,3,2,0,0,1,25.0,,voiture,,3,1,4,1,6
202300044792,2023-01-10 10:10:00,2023,1,10,10,10,94,94081,Avenue Paul Vaillant Couturier / Rue Henri Poincaré,48.79603,2.3981,Plein jour,En agglomération,Intersection en X,Pluie légère,Deux véhicules - côté,3,2,2,0,1,1,2,0,1,50,2,2,1,0,0,1,44.0,20.0,voiture,voiture,1,2,2,2,3
202300044792,2023-01-10 10:10:00,2023,1,10,10,10,94,94081,Avenue Paul Vaillant Couturier / Rue Henri Poincaré,48.79603,2.3981,Plein jour,En agglomération,Intersection en X,Pluie légère,Deux véhicules - côté,3,1,1,0,1,1,2,0,1,50,2,2,1,0,0,1,44.0,20.0,voiture,voiture,1,2,2,2,3
202300044793,2023-10-01 12:40:00,2023,10,1,12,40,75,75116,PORTE D AUTEUIL,48.844085,2.254681,Plein jour,En agglomération,Hors intersection,Normale,Deux véhicules - arrière,4,1,4,0,1,1,1,1,1,70,2,2,1,0,0,1,42.0,34.0,deux_roues,voiture,1,2,1,1,2
202300044794,2023-07-21 18:49:00,2023,7,21,18,49,01,01267,Route du Berthiand,46.187422,5.523478,Plein jour,En agglomération,Intersection en X,Normale,Deux véhicules - côté,3,2,2,0,1,1,1,0,1,50,2,2,1,0,0,1,48.0,55.0,voiture,deux_roues,1,2,2,1,3
202300044794,2023-07-21 18:49:00,2023,7,21,18,49,01,01267,Route du Berthiand,46.187422,5.523478,Plein jour,En agglomération,Intersection en X,Normale,Deux véhicules - côté,3,2,2,0,2,1,1,0,1,50,2,2,1,0,0,1,48.0,55.0,voiture,deux_roues,1,2,2,1,3
202300044795,2023-07-22 10:20:00,2023,7,22,10,20,66,66146,N20,42.512139,1.827255,Plein jour,Hors agglomération,Hors intersection,Normale,Deux véhicules - frontale,2,2,2,0,2,3,1,0,1,80,2,2,1,0,1,0,63.0,54.0,deux_roues,utilitaire_camion,1,1,1,1,1
202300044796,2023-01-10 18:30:00,2023,1,10,18,30,94,94046,PROFESSEUR CADIOT (AV DU),48.80453,2.43243,Nuit avec éclairage allumé,En agglomération,Intersection en X,Pluie légère,Deux véhicules - frontale,3,2,2,0,1,1,2,0,1,50,2,2,1,0,1,0,27.0,42.0,voiture,deux_roues,5,2,2,2,1
202300044796,2023-01-10 18:30:00,2023,1,10,18,30,94,94046,PROFESSEUR CADIOT (AV DU),48.80453,2.43243,Nuit avec éclairage allumé,En agglomération,Intersection en X,Pluie légère,Deux véhicules - frontale,3,2,2,0,1,1,2,0,1,50,2,2,1,0,1,0,27.0,42.0,voiture,deux_roues,5,2,2,2,1
202300044797,2023-10-01 00:20:00,2023,10,1,0,20,75,75117,PORTE D ASNIERES,48.892257,2.300943,Nuit avec éclairage allumé,En agglomération,Intersection en X,Normale,Trois véhicules et plus - collisions multiples,4,-1, -1,0,1,1,1,0,1,30,4,6,1,0,2,3,59.0,41.0,deux_roues,utilitaire_camion,5,2,2,1,5
202300044797,2023-10-01 00:20:00,2023,10,1,0,20,75,75117,PORTE D ASNIERES,48.892257,2.300943,Nuit avec éclairage allumé,En agglomération,Intersection en X,Normale,Trois véhicules et plus - collisions multiples,4,1,4,0,1,1,1,1,1,30,4,6,1,0,2,3,59.0,41.0,deux_roues,utilitaire_camion,5,2,2,1,5
202300044798,2023-10-01 00:55:00,2023,10,1,0,55,75,75119,RUE SIGMUND FREUD,48.885977,2.398093,Nuit sans éclairage public,En agglomération,Intersection en X,Normale,Deux véhicules - frontale,4,-1, -1,0,1,1,1,0,1,30,2,2,1,0,1,0,27.0,28.0,voiture,deux_roues,3,2,2,1,1
202300044798,2023-10-01 00:55:00,2023,10,1,0,55,75,75119,RUE SIGMUND FREUD,48.885977,2.398093,Nuit sans éclairage public,En agglomération,Intersection en X,Normale,Deux véhicules - frontale,4,2,2,0,3,3,1,0,1,30,2,2,1,0,1,0,27.0,28.0,voiture,deux_roues,3,2,2,1,1
202300044799,2023-07-22 17:20:00,2023,7,22,17,20,54,54398,D20,48.52017184,6.88531637,Plein jour,Hors agglomération,Intersection en X,Normale,Deux véhicules - côté,3,2,2,0,2,1,1,0,1,80,2,3,0,0,1,2,19.0,51.0,voiture,voiture,1,1,2,1,3
202300044799,2023-07-22 17:20:00,2023,7,22,17,20,54,54398,D20,48.52017184,6.88531637,Plein jour,Hors agglomération,Intersection en X,Normale,Deux véhicules - côté,3,2, -1,-1,1,1,1,0,1,80,2,3,0,0,1,2,19.0,51.0,voiture,voiture,1,1,2,1,3
202300044800,2023-01-10 08:35:00,2023,1,10,8,35,94,94073,Rue Louis Duperrey / Rue Claude Monet,48.76824,2.38893,Plein jour,En agglomération,Intersection en T,Normale,Deux véhicules - arrière,4,3,2,-1,1,1,1,0,1,-1,2,2,1,0,0,1,48.0,35.0,voiture,voiture,1,2,3,1,2
202300044800,2023-01-10 08:35:00,2023,1,10,8,35,94,94073,Rue Louis Duperrey / Rue Claude Monet,48.76824,2.38893,Plein jour,En agglomération,Intersection en T,Normale,Deux véhicules - arrière,4,2,2,0,1,1,1,0,1,50,2,2,1,0,0,1,48.0,35.0,voiture,voiture,1,2,3,1,2
202300044801,2023-07-21 14:45:00,2023,7,21,14,45,72,72090,Rue de la Jatterie,48.050983,0.48592,Plein jour,Hors agglomération,Hors intersection,Normale,Sans collision,4,-1,2,0,1,1,1,0,3,-1,1,1,0,0,1,0,55.0,,deux_roues,,1,1,1,1,7
202300044802,2023-01-10 07:55:00,2023,1,10,7,55,94,94034,40 Boulevard Pasteur,48.75684,2.3154,Nuit avec éclairage allumé,En agglomération,Hors intersection,Pluie légère,Autre collision,3,2,2,0,1,1,2,6,1,50,1,2,1,0,0,1,,,voiture,,5,2,1,2,6
202300044803,2023-10-01 05:55:00,2023,10,1,5,55,75,75117,PLACE GENERAL CATROUX,48.883055,2.310462,Nuit avec éclairage allumé,En agglomération,Intersection en T,Normale,Deux véhicules - arrière,4,-1, -1,0,1,1,1,0,1,30,2,3,2,0,0,1,,30.0,voiture,voiture,5,2,3,1,2
202300044803,2023-10-01 05:55:00,2023,10,1,5,55,75,75117,PLACE GENERAL CATROUX,48.883055,2.310462,Nuit avec éclairage allumé,En agglomération,Intersection en T,Normale,Deux véhicules - arrière,4,2,2,3,1,1,1,0,1,30,2,3,2,0,0,1,,30.0,voiture,voiture,5,2,3,1,2
202300044804,2023-07-22 11:00:00,2023,7,22,11,0,05,05029,D944,44.646979,6.182234,Plein jour,Hors agglomération,Hors intersection,Normale,Deux véhicules - côté,3,2,2,0,1,1,1,0,1,80,2,2,1,0,1,0,76.0,69.0,voiture,deux_roues,1,1,1,1,3
202300044805,2023-10-01 16:00:00,2023,10,1,16,0,75,75116,AVENUE DU PARC DES PRINCES,48.839963,2.254584,Plein jour,En agglomération,Intersection en T,Normale,Autre collision,4,1,1,0,1,1,1,0,1,30,1,2,1,0,0,1,36.0,,utilitaire_camion,,1,2,3,1,6
202300044805,2023-10-01 16:00:00,2023,10,1,16,0,75,75116,AVENUE DU PARC DES PRINCES,48.839963,2.254584,Plein jour,En agglomération,Intersection en T,Normale,Autre collision,4,-1, -1,0,1,1,1,0,1,30,1,2,1,0,0,1,36.0,,utilitaire_camion,,1,2,3,1,6
202300044806,2023-01-10 08:47:00,2023,1,10,8,47,94,94028,Rue Andre Charles Boulle,48.79476,2.44496,Plein jour,En agglomération,Intersection en T,Temps couvert,Autre collision,4,2,2,0,1,1,2,0,1,50,1,2,1,0,0,1,22.0,,voiture,,1,2,3,8,6
202300044807,2023-10-01 21:50:00,2023,10,1,21,50,75,75115,PLACE DES INSURGES DE VARSOVIE,48.827563,2.292116,Nuit sans éclairage public,En agglomération,Place,Normale,Deux véhicules - arrière,4,-1,0,0,1,2,1,0,1,30,2,2,1,0,0,1,,31.0,voiture,deux_roues,3,2,7,1,2
202300044808,2023-07-22 09:05:00,2023,7,22,9,5,43,43200,Route du Pertuis,45.041519,4.0608,Plein jour,En agglomération,Intersection en T,Normale,Deux véhicules - arrière,3,2,2,0,2,3,1,0,1,50,2,2,0,0,2,0,46.0,59.0,deux_roues,deux_roues,1,2,3,1,2
202300044808,2023-07-22 09:05:00,2023,7,22,9,5,43,43200,Route du Pertuis,45.041519,4.0608,Plein jour,En agglomération,Intersection en T,Normale,Deux véhicules - arrière,3,2, -1,-1,4,1,1,0,1,-1,2,2,0,0,2,0,46.0,59.0,deux_roues,deux_roues,1,2,3,1,2
202300044809,2023-01-09 16:50:00,2023,1,9,16,50,94,94028,108 Rue du Général Leclerc / Rue du Moulin Berson,48.78764141,2.46799573,Plein jour,En agglomération,Intersection en T,Pluie légère,Deux véhicules - arrière,3,-1,0,0,1,1,2,0,1,50,2,2,1,0,1,0,66.0,18.0,voiture,deux_roues,1,2,3,2,2
202300044809,2023-01-09 16:50:00,2023,1,9,16,50,94,94028,108 Rue du Général Leclerc / Rue du Moulin Berson,48.78764141,2.46799573,Plein jour,En agglomération,Intersection en T,Pluie légère,Deux véhicules - arrière,3,2,2,-1,1,1,2,0,1,-1,2,2,1,0,1,0,66.0,18.0,voiture,deux_roues,1,2,3,2,2
202300044810,2023-07-22 10:25:00,2023,7,22,10,25,43,43173,RD32,44.834615,3.731983,Plein jour,Hors agglomération,Hors intersection,Normale,Autre collision,3,2,2,0,2,1,1,0,1,80,1,1,0,1,0,0,59.0,,deux_roues,,1,1,1,1,6
202300044811,2023-10-01 04:09:00,2023,10,1,4,9,75,75113,QUAI D AUSTERLITZ,48.841884,2.36788,Nuit avec éclairage allumé,En agglomération,Intersection en X,Normale,Deux véhicules - arrière,4,-1, -1,0,1,1,1,0,1,30,2,2,1,0,1,0,24.0,38.0,deux_roues,voiture,5,2,2,1,2
202300044811,2023-10-01 04:09:00,2023,10,1,4,9,75,75113,QUAI D AUSTERLITZ,48.841884,2.36788,Nuit avec éclairage allumé,En agglomération,Intersection en X,Normale,Deux véhicules - arrière,4,2,4,2,2,1,1,0,1,30,2,2,1,0,1,0,24.0,38.0,deux_roues,voiture,5,2,2,1,2
202300044812,2023-10-01 08:55:00,2023,10,1,8,55,94,94081,126 Rue Léon Geffroy,48.7835,2.40769,Plein jour,En agglomération,Giratoire,Normale,Autre collision,3,3,0,0,1,1,1,9,1,50,1,2,1,0,1,0,22.0,,voiture,,1,2,6,1,6
202300044813,2023-07-21 18:10:00,2023,7,21,18,10,16,16001,D729,46.066457,0.694488,Plein jour,Hors agglomération,Hors intersection,Normale,Deux véhicules - frontale,3,2,2,0,2,2,1,0,1,80,2,2,1,0,1,0,24.0,65.0,voiture,voiture,1,1,1,1,1
202300044814,2023-10-01 06:40:00,2023,10,1,6,40,94,94078,190 Rue de Paris,48.738782,2.446591,Nuit avec éclairage allumé,En agglomération,Hors intersection,Normale,Deux véhicules - arrière,2,2,5,0,1,1,1,0,1,50,2,2,1,0,0,1,43.0,28.0,voiture,utilitaire_camion,5,2,1,1,2
202300044815,2023-01-10 16:00:00,2023,1,10,16,0,94,94022,Avenue Jean Jaurès / Avenue Léon Gourdault,48.76440755,2.40617537,Crépuscule ou aube,En agglomération,Place,Pluie légère,Autre collision,3,3,4,1,1,1,2,5,4,50,1,2,1,0,0,1,,,deux_roues,,2,2,7,2,6
202300044815,2023-01-10 16:00:00,2023,1,10,16,0,94,94022,Avenue Jean Jaurès / Avenue Léon Gourdault,48.76440755,2.40617537,Crépuscule ou aube,En agglomération,Place,Pluie légère,Autre collision,3,3,4,3,2,1,2,5,4,50,1,2,1,0,0,1,,,deux_roues,,2,2,7,2,6
202300044816,2023-07-22 16:20:00,2023,7,22,16,20,16,16282,Route de la Bellonne,45.814085,0.31193,Plein jour,Hors agglomération,Hors intersection,Normale,Sans collision,3,2,2,0,2,3,1,0,1,90,1,2,0,1,1,0,42.0,,deux_roues,,1,1,1,1,7
202300044817,2023-10-01 02:00:00,2023,10,1,2,0,94,94033,Avenue de la République,48.85240283,2.46298242,Nuit avec éclairage allumé,En agglomération,Autre intersection,Normale,Autre collision,3,2,2,0,2,1,1,0,1,50,1,1,0,0,0,1,39.0,,voiture,,5,2,9,1,6
202300044817,2023-10-01 02:00:00,2023,10,1,2,0,94,94033,Avenue de la République,48.85240283,2.46298242,Nuit avec éclairage allumé,En agglomération,Autre intersection,Normale,Autre collision,3,1,2,0,2,1,1,0,1,50,1,1,0,0,0,1,39.0,,voiture,,5,2,9,1,6
202300044818,2023-07-21 19:45:00,2023,7,21,19,45,07,07039,Chemin de Gachet le Haut,45.058047,4.616961,Plein jour,Hors agglomération,Hors intersection,Normale,Sans collision,4,-1,1,0,2,1,1,0,3,50,1,1,0,0,1,0,63.0,,utilitaire_camion,,1,1,1,1,7
202300044819,2023-01-10 20:10:00,2023,1,10,20,10,94,94017,Avenue du Général de Gaulle,48.824297,2.498606,Nuit avec éclairage allumé,En agglomération,Hors intersection,Pluie légère,Deux véhicules - arrière,3,2,4,0,1,1,2,0,1,50,2,2,1,0,0,1,17.0,,deux_roues,voiture,5,2,1,2,2
202300044820,2023-09-30 12:45:00,2023,9,30,12,45,94,94022,AVENUE LOUIS LUC,48.76249572,2.4133696,Plein jour,En agglomération,Hors intersection,Normale,Deux véhicules - côté,4,1,1,0,1,1,1,0,1,30,2,2,1,0,0,1,33.0,26.0,utilitaire_camion,deux_roues,1,2,1,1,3
202300044821,2023-07-22 12:40:00,2023,7,22,12,40,85,85084,Avenue saint-hubert,46.770808,-1.233786,Plein jour,En agglomération,Intersection en X,Normale,Deux véhicules - côté,4,2,2,0,4,1,1,0,1,50,2,2,1,0,1,0,11.0,45.0,deux_roues,voiture,1,2,2,1,3
202300044821,2023-07-22 12:40:00,2023,7,22,12,40,85,85084,Avenue saint-hubert,46.770808,-1.233786,Plein jour,En agglomération,Intersection en X,Normale,Deux véhicules - côté,4,2, -1,-1,-1,1,1,0,1,-1,2,2,1,0,1,0,11.0,45.0,deux_roues,voiture,1,2,2,1,3
202300044822,2023-10-01 04:10:00,2023,10,1,4,10,94,94017,Avenue Paul Lafargue,48.81478,2.55956,Nuit avec éclairage allumé,En agglomération,Hors intersection,Normale,Deux véhicules - frontale,4,2,1,0,1,1,1,0,1,30,2,4,3,0,1,0,22.0,27.0,utilitaire_camion,deux_roues,5,2,1,1,1
202300044823,2023-01-10 06:50:00,2023,1,10,6,50,94,94004,Avenue du Général Leclerc,48.75443884,2.50595784,Nuit avec éclairage allumé,En agglomération,Intersection en T,Pluie légère,Deux véhicules - côté,2,3,4,0,1,1,2,5,1,-1,2,2,1,0,0,1,21.0,46.0,voiture,voiture,5,2,3,2,3
202300044823,2023-01-10 06:50:00,2023,1,10,6,50,94,94004,Avenue du Général Leclerc,48.75443884,2.50595784,Nuit avec éclairage allumé,En agglomération,Intersection en T,Pluie légère,Deux véhicules - côté,2,3,4,0,2,1,2,5,1,50,2,2,1,0,0,1,21.0,46.0,voiture,voiture,5,2,3,2,3
202300044824,2023-07-13 16:55:00,2023,7,13,16,55,27,27198,"avenue du Lieutenant Morin // rue de Verdun, DAMVILLE",48.870562,1.076092,Plein jour,En agglomération,Intersection en X,Normale,Deux véhicules - côté,3,2,2,0,1,1,1,0,1,50,2,2,1,0,0,1,71.0,18.0,voiture,deux_roues,1,2,2,1,3
202300044824,2023-07-13 16:55:00,2023,7,13,16,55,27,27198,"avenue du Lieutenant Morin // rue de Verdun, DAMVILLE",48.870562,1.076092,Plein jour,En agglomération,Intersection en X,Normale,Deux véhicules - côté,3,2,2,0,1,1,1,0,1,50,2,2,1,0,0,1,71.0,18.0,voiture,deux_roues,1,2,2,1,3
202300044825,2023-10-01 16:00:00,2023,10,1,16,0,93,93059,Rue Parmentier,48.968855,2.37434331,Plein jour,En agglomération,Hors intersection,Normale,Deux véhicules - frontale,4,2,2,0,1,1,1,0,1,50,2,2,1,0,1,0,32.0,55.0,deux_roues,voiture,1,2,1,1,1
202300044826,2023-01-10 10:20:00,2023,1,10,10,20,94,94002,Quai Jean-baptiste Clément / Rue du Port à l'Anglais,48.798193,2.420645,Plein jour,En agglomération,Autre intersection,Pluie légère,Deux véhicules - côté,3,4,4,0,1,1,2,5,1,50,2,2,1,0,0,1,55.0,16.0,utilitaire_camion,deux_roues,1,2,9,2,3
202300044826,2023-01-10 10:20:00,2023,1,10,10,20,94,94002,Quai Jean-baptiste Clément / Rue du Port à l'Anglais,48.798193,2.420645,Plein jour,En agglomération,Autre intersection,Pluie légère,Deux véhicules - côté,3,2,3,0,1,1,2,5,1,-1,2,2,1,0,0,1,55.0,16.0,utilitaire_camion,deux_roues,1,2,9,2,3
202300044827,2023-10-01 02:10:00,2023,10,1,2,10,93,93070,Rue du Docteur Bauer,48.91025305,2.33783791,Nuit avec éclairage allumé,En agglomération,Hors intersection,Normale,Deux véhicules - côté,3,2,2,0,1,1,1,0,1,50,2,2,1,0,0,1,24.0,38.0,utilitaire_camion,voiture,5,2,1,1,3
202300044828,2023-07-22 12:30:00,2023,7,22,12,30,23,23093,Rue Henri Beaune,46.192167,2.240406,Plein jour,En agglomération,Intersection en X,Normale,Deux véhicules - côté,3,2,2,0,1,1,1,0,1,50,2,2,1,0,1,0,56.0,30.0,deux_roues,autre,1,2,2,1,3
202300044828,2023-07-22 12:30:00,2023,7,22,12,30,23,23093,Rue Henri Beaune,46.192167,2.240406,Plein jour,En agglomération,Intersection en X,Normale,Deux véhicules - côté,3,2, -1,-1,1,1,1,0,1,-1,2,2,1,0,1,0,56.0,30.0,deux_roues,autre,1,2,2,1,3
202300044829,2023-01-10 12:10:00,2023,1,10,12,10,93,93048,Rue de la Nouvelle France / Boulevard Théophile Sueur,48.86086,2.46619,Plein jour,En agglomération,Intersection en T,Pluie légère,Autre collision,3,2,2,-1,1,1,2,0,1,-1,1,1,0,0,0,1,32.0,,deux_roues,,1,2,3,2,6
202300044829,2023-01-10 12:10:00,2023,1,10,12,10,93,93048,Rue de la Nouvelle France / Boulevard Théophile Sueur,48.86086,2.46619,Plein jour,En agglomération,Intersection en T,Pluie légère,Autre collision,3,2,2,0,1,1,2,0,1,50,1,1,0,0,0,1,32.0,,deux_roues,,1,2,3,2,6
202300044830,2023-10-01 20:45:00,2023,10,1,20,45,93,93029,Avenue Jean Jaurès,48.92102177,2.44915821,Nuit avec éclairage allumé,En agglomération,Hors intersection,Normale,Deux véhicules - côté,3,2,2,0,1,1,1,0,1,50,2,3,1,0,1,1,41.0,23.0,voiture,voiture,5,2,1,1,3
202300044831,2023-07-22 15:49:00,2023,7,22,15,49,48,48039,N88,44.472388,3.344323,Plein jour,Hors agglomération,Intersection en T,Normale,Deux véhicules - frontale,2,2,2,0,1,1,1,5,8,90,2,2,1,0,1,0,73.0,68.0,voiture,deux_roues,1,1,3,1,1
202300044831,2023-07-22 15:49:00,2023,7,22,15,49,48,48039,N88,44.472388,3.344323,Plein jour,Hors agglomération,Intersection en T,Normale,Deux véhicules - frontale,2,2,2,0,1,3,1,5,1,80,2,2,1,0,1,0,73.0,68.0,voiture,deux_roues,1,1,3,1,1
202300044832,2023-01-10 09:57:00,2023,1,10,9,57,93,93048,Boulevard Aristide Briand,48.873497,2.454001,Plein jour,En agglomération,Hors intersection,Pluie légère,Autre collision,3,2,2,0,1,1,2,0,1,50,1,2,1,0,0,1,21.0,,voiture,,1,2,1,2,6
202300044833,2023-10-01 14:30:00,2023,10,1,14,30,93,93029,Rue Marcellin Berthelot / Rue Gabriel Puech,48.919972,2.446061,Plein jour,En agglomération,Intersection en T,Normale,Sans collision,4,1,1,0,1,1,1,0,1,50,1,1,0,0,1,0,30.0,,deux_roues,,1,2,3,1,7
202300044833,2023-10-01 14:30:00,2023,10,1,14,30,93,93029,Rue Marcellin Berthelot / Rue Gabriel Puech,48.919972,2.446061,Plein jour,En agglomération,Intersection en T,Normale,Sans collision,4,2,2,0,1,1,1,0,1,50,1,1,0,0,1,0,30.0,,deux_roues,,1,2,3,1,7