accident_id,datetime,annee,mois,jour,heure,minute,departement,commune_insee,adresse,latitude,longitude,luminosite,agglomeration,intersection,meteo,collision,catr,circ,nbv,vosp,prof,plan,surf,infra,situ,vma,nb_vehicules,nb_usagers,nb_indemnes,nb_tues,nb_blesses_hosp,nb_blesses_legers,age_cond_1,age_cond_2,veh_type_cond_1,veh_type_cond_2,lum_code,agg_code,int_code,atm_code,col_code
202300044834,2023-07-21 19:00:00,2023,7,21,19,0,01,01274,A40 PK 116+500,46.151743,5.642703,Plein jour,Hors agglomération,Hors intersection,Normale,Autre collision,1,1,2,0,1,1,1,0,1,110,1,1,0,0,0,1,46.0,,voiture,,1,1,1,1,6
202300044835,2023-10-01 10:50:00,2023,10,1,10,50,93,93027,Rue du Docteur Roux / Rue Voltaire,48.92478,2.40663,Plein jour,En agglomération,Intersection en X,Normale,Autre collision,4,1,1,2,1,1,1,0,1,-1,1,2,1,0,0,1,54.0,,voiture,,1,2,2,1,6
202300044835,2023-10-01 10:50:00,2023,10,1,10,50,93,93027,Rue du Docteur Roux / Rue Voltaire,48.92478,2.40663,Plein jour,En agglomération,Intersection en X,Normale,Autre collision,4,2,2,0,1,1,1,9,1,30,1,2,1,0,0,1,54.0,,voiture,,1,2,2,1,6
202300044836,2023-01-10 07:25:00,2023,1,10,7,25,93,93048,Boulevard Aristide Briand / Rue Saint-Denis,48.87308,2.4537,Crépuscule ou aube,En agglomération,Intersection en X,Temps couvert,Deux véhicules - frontale,3,4,2,1,2,1,2,0,1,30,2,2,1,0,0,1,22.0,23.0,deux_roues,deux_roues,2,2,2,8,1
202300044836,2023-01-10 07:25:00,2023,1,10,7,25,93,93048,Boulevard Aristide Briand / Rue Saint-Denis,48.87308,2.4537,Crépuscule ou aube,En agglomération,Intersection en X,Temps couvert,Deux véhicules - frontale,3,4,2,0,2,1,2,0,1,30,2,2,1,0,0,1,22.0,23.0,deux_roues,deux_roues,2,2,2,8,1
202300044837,2023-07-21 21:06:00,2023,7,21,21,6,95,95042,D909,49.053849,2.334117,Crépuscule ou aube,En agglomération,Intersection en T,Normale,Autre collision,3,3,1,0,1,1,1,0,3,50,1,1,0,0,1,0,35.0,,deux_roues,,2,2,3,1,6
202300044837,2023-07-21 21:06:00,2023,7,21,21,6,95,95042,D909,49.053849,2.334117,Crépuscule ou aube,En agglomération,Intersection en T,Normale,Autre collision,3,2, -1,-1,1,1,1,0,1,-1,1,1,0,0,1,0,35.0,,deux_roues,,2,2,3,1,6
202300044838,2023-10-01 12:55:00,2023,10,1,12,55,93,93010,Avenue Galliéni / Avenue Pasteur,48.90705,2.488755,Plein jour,En agglomération,Intersection en X,Normale,Deux véhicules - côté,3,3,9,0,1,1,1,5,1,50,2,2,0,0,0,2,35.0,33.0,deux_roues,autre,1,2,2,1,3
202300044838,2023-10-01 12:55:00,2023,10,1,12,55,93,93010,Avenue Galliéni / Avenue Pasteur,48.90705,2.488755,Plein jour,En agglomération,Intersection en X,Normale,Deux véhicules - côté,3,2,2,1,1,1,1,2,1,50,2,2,0,0,0,2,35.0,33.0,deux_roues,autre,1,2,2,1,3
202300044839,2023-07-21 19:55:00,2023,7,21,19,55,01,01024,Péage Bour Nord A40,46.25986,5.167994,Crépuscule ou aube,Hors agglomération,Hors intersection,Normale,Autre collision,3,1,1,0,1,1,1,7,3,80,1,1,0,0,1,0,44.0,,deux_roues,,2,1,1,1,6
202300044840,2023-01-09 19:30:00,2023,1,9,19,30,93,93029,21 Rue Roger Salengro,48.92033554,2.43966155,Nuit avec éclairage allumé,En agglomération,Hors intersection,Pluie légère,Deux véhicules - côté,4,2,1,0,1,1,2,0,1,30,2,2,1,0,0,1,21.0,27.0,deux_roues,voiture,5,2,1,2,3
202300044841,2023-10-01 15:45:00,2023,10,1,15,45,93,93008,Rue Pierre Sémard / Rue de Carency,48.9113,2.44659,Plein jour,En agglomération,Intersection en T,Normale,Autre collision,3,1,1,0,1,1,1,0,1,-1,1,3,0,0,0,2,24.0,,voiture,,1,2,3,1,6
202300044841,2023-10-01 15:45:00,2023,10,1,15,45,93,93008,Rue Pierre Sémard / Rue de Carency,48.9113,2.44659,Plein jour,En agglomération,Intersection en T,Normale,Autre collision,3,2,2,0,1,1,1,0,1,50,1,3,0,0,0,2,24.0,,voiture,,1,2,3,1,6
202300044842,2023-01-09 18:00:00,2023,1,9,18,0,93,93047,Boulevard de l'Europe,48.89457,2.57573,Nuit avec éclairage allumé,En agglomération,Hors intersection,Pluie légère,Deux véhicules - frontale,3,2,2,0,1,1,2,0,1,50,2,2,1,0,0,1,50.0,22.0,voiture,voiture,5,2,1,2,1
202300044843,2023-10-01 11:40:00,2023,10,1,11,40,93,93005,Avenue de Pomereu,48.92384678,2.49376286,Plein jour,En agglomération,Hors intersection,Normale,Deux véhicules - frontale,4,1,1,0,1,1,1,0,1,50,2,2,0,0,0,2,57.0,60.0,deux_roues,deux_roues,1,2,1,1,1
202300044844,2023-10-01 19:55:00,2023,10,1,19,55,92,92073,CHERCHEVETS (RUE DES),48.87912,2.22219,Nuit avec éclairage allumé,En agglomération,Hors intersection,Normale,Autre collision,4,1,1,0,4,1,1,0,4,50,1,1,0,0,0,1,18.0,,deux_roues,,5,2,1,1,6
202300044845,2023-01-10 18:30:00,2023,1,10,18,30,92,92048,GEORGES MILLANDY (RUE),48.78526569,2.23274052,Nuit avec éclairage allumé,En agglomération,Hors intersection,Pluie légère,Autre collision,4,1,2,0,1,1,2,0,1,30,1,2,1,0,0,1,50.0,,voiture,,5,2,1,2,6
202300044846,2023-07-21 20:35:00,2023,7,21,20,35,18,18063,Coudron,46.861996,2.419197,Crépuscule ou aube,Hors agglomération,Intersection en X,Normale,Deux véhicules - côté,3,2,2,0,1,1,1,5,1,90,2,10,9,1,0,0,57.0,48.0,deux_roues,transport_commun,2,1,2,1,3
202300044846,2023-07-21 20:35:00,2023,7,21,20,35,18,18063,Coudron,46.861996,2.419197,Crépuscule ou aube,Hors agglomération,Intersection en X,Normale,Deux véhicules - côté,3,2, -1,-1,1,1,1,5,1,-1,2,10,9,1,0,0,57.0,48.0,deux_roues,transport_commun,2,1,2,1,3
202300044847,2023-10-01 18:40:00,2023,10,1,18,40,92,92033,PORTE JAUNE,48.84532,2.19808,Plein jour,En agglomération,Hors intersection,Normale,Deux véhicules - côté,3,-1,2,0,2,1,1,0,1,50,2,2,0,0,0,2,26.0,48.0,voiture,deux_roues,1,2,1,1,3
202300044848,2023-01-08 23:30:00,2023,1,8,23,30,92,92044,CARNOT(RUE)1A41 ET 2A36,48.88938892,2.28889525,Nuit avec éclairage allumé,En agglomération,Intersection en X,Normale,Deux véhicules - côté,4,1,1,0,1,1,1,0,1,50,2,3,1,0,0,2,30.0,34.0,voiture,voiture,5,2,2,1,3
202300044849,2023-07-21 01:40:00,2023,7,21,1,40,49,49284,A 11 pk 285,47.434474,-0.815563,Nuit sans éclairage public,Hors agglomération,Hors intersection,Normale,Deux véhicules - arrière,1,3,2,0,1,1,1,0,2,130,2,2,1,0,0,1,41.0,45.0,utilitaire_camion,utilitaire_camion,3,1,1,1,2
202300044850,2023-10-01 16:55:00,2023,10,1,16,55,92,92049,PERI RUE GABRIEL N°1 A 35,48.81752169,2.32543409,Plein jour,En agglomération,Intersection en X,Normale,Deux véhicules - côté,3,2,8,0,1,1,1,0,1,50,2,2,1,0,0,1,77.0,13.0,voiture,deux_roues,1,2,2,1,3
202300044850,2023-10-01 16:55:00,2023,10,1,16,55,92,92049,PERI RUE GABRIEL N°1 A 35,48.81752169,2.32543409,Plein jour,En agglomération,Intersection en X,Normale,Deux véhicules - côté,3,2,3,0,1,3,1,0,1,50,2,2,1,0,0,1,77.0,13.0,voiture,deux_roues,1,2,2,1,3
202300044851,2023-01-10 11:30:00,2023,1,10,11,30,92,92036,MOLE CENTRAL (ROUTE DU),48.94237052,2.28392673,Plein jour,En agglomération,Hors intersection,Normale,Trois véhicules et plus - en chaîne,4,2,2,0,1,1,1,0,1,50,3,3,2,0,0,1,59.0,54.0,utilitaire_camion,utilitaire_camion,1,2,1,1,4
202300044852,2023-10-01 15:45:00,2023,10,1,15,45,92,92026,MARECHAL JOFFRE (QUAI DU),48.89723993,2.26617193,Plein jour,En agglomération,Hors intersection,Normale,Trois véhicules et plus - en chaîne,3,1,0,0,1,1,1,0,1,50,3,6,4,0,0,2,34.0,20.0,voiture,voiture,1,2,1,1,4
202300044853,2023-07-22 04:00:00,2023,7,22,4,0,11,11170,,43.119178,3.112178,Nuit sans éclairage public,Hors agglomération,Giratoire,Normale,Deux véhicules - frontale,3,2,1,0,1,1,1,5,1,-1,2,7,1,0,3,3,26.0,42.0,voiture,voiture,3,1,6,1,1
202300044854,2023-01-09 20:30:00,2023,1,9,20,30,92,92025,ESTIENNE D'ORVES (RUE),48.922327,2.24927,Nuit avec éclairage allumé,En agglomération,Intersection en T,Normale,Deux véhicules - côté,4,1,2,0,1,1,2,0,1,30,2,2,1,0,0,1,36.0,51.0,deux_roues,voiture,5,2,3,1,3
202300044854,2023-01-09 20:30:00,2023,1,9,20,30,92,92025,ESTIENNE D'ORVES (RUE),48.922327,2.24927,Nuit avec éclairage allumé,En agglomération,Intersection en T,Normale,Deux véhicules - côté,4,2,4,3,1,1,2,0,1,30,2,2,1,0,0,1,36.0,51.0,deux_roues,voiture,5,2,3,1,3
202300044855,2023-09-30 19:30:00,2023,9,30,19,30,92,92024,GENERAL LECLERC (RUE DU) DE (59 ET PLUS),48.91057916,2.30602831,Crépuscule ou aube,En agglomération,Hors intersection,Normale,Deux véhicules - arrière,3,1,2,1,1,3,1,0,1,30,2,4,3,0,0,1,25.0,37.0,transport_commun,voiture,2,2,1,1,2
202300044856,2023-07-19 10:10:00,2023,7,19,10,10,971,97103,Lieu Dit Chantilly,16.237585,-61.615351,Plein jour,Hors agglomération,Hors intersection,Normale,Deux véhicules - côté,4,2,2,0,1,1,1,0,1,50,2,3,1,0,2,0,33.0,30.0,voiture,deux_roues,1,1,1,1,3
202300044857,2023-01-10 07:15:00,2023,1,10,7,15,92,92007,DORMOY (AVENUE MARX),48.8106431,2.30802637,Nuit avec éclairage allumé,En agglomération,Hors intersection,Normale,Deux véhicules - arrière,4,2,2,0,1,1,2,0,1,50,2,2,1,0,0,1,27.0,30.0,voiture,deux_roues,5,2,1,1,2
202300044858,2023-10-01 14:00:00,2023,10,1,14,0,92,92019,AVENUE GALILEE,48.77205,2.24496,Plein jour,Hors agglomération,Intersection à plus de 4 branches,Normale,Deux véhicules - côté,3,2,0,0,1,1,1,0,1,50,2,2,1,0,0,1,64.0,36.0,voiture,voiture,1,1,5,1,3
202300044859,2023-06-20 16:40:00,2023,6,20,16,40,971,97103,rue henri becquerel prolongée,16.245099,-61.570934,Plein jour,En agglomération,Intersection en T,Normale,Deux véhicules - côté,4,2,2,0,1,1,2,0,1,50,2,2,1,0,1,0,22.0,38.0,voiture,deux_roues,1,2,3,1,3
202300044859,2023-06-20 16:40:00,2023,6,20,16,40,971,97103,rue henri becquerel prolongée,16.245099,-61.570934,Plein jour,En agglomération,Intersection en T,Normale,Deux véhicules - côté,4,2,2,0,1,1,2,0,1,50,2,2,1,0,1,0,22.0,38.0,voiture,deux_roues,1,2,3,1,3
202300044860,2023-01-11 05:30:00,2023,1,11,5,30,83,83058,D557,43.543489,6.360368,Nuit sans éclairage public,Hors agglomération,Hors intersection,Normale,Autre collision,3,3,2,0,2,2,1,2,3,70,1,1,0,0,0,1,46.0,,voiture,,3,1,1,1,6
202300044861,2023-10-01 19:20:00,2023,10,1,19,20,92,92004,CHATEAU ( RUE DU ),48.91095523,2.29510278,Crépuscule ou aube,En agglomération,Hors intersection,Normale,Autre collision,4,2,1,0,1,1,1,0,1,50,1,2,1,0,0,1,29.0,,voiture,,2,2,1,1,6
202300044862,2023-10-02 18:00:00,2023,10,2,18,0,34,34314,D17,43.743278,3.863139,Plein jour,Hors agglomération,Hors intersection,Normale,Deux véhicules - frontale,3,2,2,0,1,1,1,0,1,90,2,2,0,0,1,1,50.0,47.0,utilitaire_camion,voiture,1,1,1,1,1
202300044863,2023-01-09 17:10:00,2023,1,9,17,10,22,22375,Le Quinquis,48.610413,-2.960477,Plein jour,Hors agglomération,Hors intersection,Normale,Trois véhicules et plus - en chaîne,3,2,2,0,1,1,2,0,1,80,3,4,1,0,3,0,30.0,32.0,utilitaire_camion,voiture,1,1,1,1,4
202300044864,2023-07-22 12:34:00,2023,7,22,12,34,76,76319,A13,49.338553,0.983062,Plein jour,Hors agglomération,Hors intersection,Normale,Deux véhicules - arrière,1,3,6,0,1,1,1,0,1,130,2,7,5,0,2,0,38.0,22.0,voiture,deux_roues,1,1,1,1,2
202300044865,2023-10-02 00:40:00,2023,10,2,0,40,35,35145,La Monnerais,47.739843,-1.847034,Nuit sans éclairage public,En agglomération,Intersection en T,Normale,Autre collision,3,2,2,0,1,1,1,0,1,50,1,1,0,1,0,0,30.0,,deux_roues,,3,2,3,1,6
202300044865,2023-10-02 00:40:00,2023,10,2,0,40,35,35145,La Monnerais,47.739843,-1.847034,Nuit sans éclairage public,En agglomération,Intersection en T,Normale,Autre collision,3,2,2,-1,2,1,1,0,1,50,1,1,0,1,0,0,30.0,,deux_roues,,3,2,3,1,6
202300044866,2023-01-11 06:30:00,2023,1,11,6,30,22,22372,D706,48.53369,-2.852618,Nuit avec éclairage allumé,Hors agglomération,Hors intersection,Temps couvert,Deux véhicules - frontale,3,2,2,0,1,1,1,0,1,80,2,2,1,0,1,0,56.0,30.0,voiture,deux_roues,5,1,1,8,1
202300044867,2023-07-18 21:45:00,2023,7,18,21,45,34,34324,Boulevard Michelet,43.245511,3.28996,Nuit avec éclairage allumé,En agglomération,Intersection en X,Normale,Deux véhicules - côté,4,2,2,0,1,1,1,0,1,50,2,2,1,0,1,0,84.0,15.0,voiture,deux_roues,5,2,2,1,3
202300044867,2023-07-18 21:45:00,2023,7,18,21,45,34,34324,Boulevard Michelet,43.245511,3.28996,Nuit avec éclairage allumé,En agglomération,Intersection en X,Normale,Deux véhicules - côté,4,2, -1,-1,1,1,1,0,1,-1,2,2,1,0,1,0,84.0,15.0,voiture,deux_roues,5,2,2,1,3
202300044868,2023-10-02 07:10:00,2023,10,2,7,10,60,60403,55 Rue de Dieppe,49.505844,1.986423,Nuit sans éclairage public,Hors agglomération,Hors intersection,Normale,Deux véhicules - côté,3,2,2,0,1,1,1,0,1,80,2,2,1,0,1,0,52.0,40.0,deux_roues,voiture,3,1,1,1,3
202300044869,2023-01-11 00:30:00,2023,1,11,0,30,31,31113,73 Chemin de Halage,43.517223,1.520346,Nuit sans éclairage public,En agglomération,Hors intersection,Normale,Autre collision,4,2,2,3,1,1,1,0,3,30,1,1,0,1,0,0,32.0,,deux_roues,,3,2,1,1,6
202300044870,2023-07-18 16:00:00,2023,7,18,16,0,34,34182,RD13,43.412991,3.414389,Plein jour,Hors agglomération,Hors intersection,Normale,Deux véhicules - côté,3,2,2,0,1,1,1,0,1,90,2,2,1,0,0,1,,34.0,utilitaire_camion,voiture,1,1,1,1,3
202300044871,2023-09-24 17:40:00,2023,9,24,17,40,12,12263,D 926,44.34957,1.970007,Plein jour,Hors agglomération,Giratoire,Normale,Deux véhicules - côté,3,2,2,0,2,1,1,5,1,90,2,2,1,0,0,1,76.0,48.0,voiture,deux_roues,1,1,6,1,3
202300044871,2023-09-24 17:40:00,2023,9,24,17,40,12,12263,D 926,44.34957,1.970007,Plein jour,Hors agglomération,Giratoire,Normale,Deux véhicules - côté,3,2,2,0,1,1,1,5,1,70,2,2,1,0,0,1,76.0,48.0,voiture,deux_roues,1,1,6,1,3
202300044872,2023-01-10 08:10:00,2023,1,10,8,10,57,57232,D22,48.979404,6.798086,Crépuscule ou aube,Hors agglomération,Hors intersection,Normale,Deux véhicules - frontale,3,2,2,0,3,3,1,0,1,80,2,2,1,0,0,1,21.0,52.0,voiture,voiture,2,1,1,1,1
202300044873,2023-07-21 19:56:00,2023,7,21,19,56,83,83113,Route de Vinon,43.69962,5.887771,Plein jour,Hors agglomération,Hors intersection,Normale,Deux véhicules - côté,3,2,2,0,2,3,1,0,1,80,2,2,0,0,0,2,22.0,58.0,voiture,voiture,1,1,1,1,3
202300044874,2023-10-01 20:20:00,2023,10,1,20,20,83,83072,D 48,43.457919,6.387262,Nuit sans éclairage public,Hors agglomération,Hors intersection,Normale,Deux véhicules - frontale,3,2,2,0,2,2,1,0,1,80,2,2,1,0,0,1,51.0,58.0,voiture,deux_roues,3,1,1,1,1
202300044875,2023-01-11 14:00:00,2023,1,11,14,0,81,81052,D999 - PK 29+750,43.9182062,2.2657869,Plein jour,Hors agglomération,Hors intersection,Pluie légère,Autre collision,3,2,2,0,1,1,2,0,3,90,1,1,0,1,0,0,70.0,,voiture,,1,1,1,2,6
202300044876,2023-07-11 20:45:00,2023,7,11,20,45,05,05063,Rd 1091,45.03904604,6.25208558,Crépuscule ou aube,Hors agglomération,Hors intersection,Normale,Autre collision,3,2,2,0,1,2,1,1,1,50,1,1,0,0,1,0,27.0,,deux_roues,,2,1,1,1,6
202300044877,2023-01-11 03:15:00,2023,1,11,3,15,21,21247,Autoroute A6 - PK 223+800,47.48337682,4.17194566,Nuit sans éclairage public,Hors agglomération,Hors intersection,Pluie légère,Autre collision,1,3,2,0,1,1,2,0,2,130,1,1,0,0,0,1,60.0,,utilitaire_camion,,3,1,1,2,6
202300044878,2023-10-02 07:38:00,2023,10,2,7,38,86,86258,D725,46.812954,0.400593,Plein jour,Hors agglomération,Intersection en X,Normale,Deux véhicules - côté,3,2,2,0,1,1,1,0,1,80,2,2,1,0,1,0,17.0,25.0,deux_roues,voiture,1,1,2,1,3
202300044878,2023-10-02 07:38:00,2023,10,2,7,38,86,86258,D725,46.812954,0.400593,Plein jour,Hors agglomération,Intersection en X,Normale,Deux véhicules - côté,3,2,2,0,1,1,1,0,1,70,2,2,1,0,1,0,17.0,25.0,deux_roues,voiture,1,1,2,1,3
202300044879,2023-07-22 15:50:00,2023,7,22,15,50,89,89108,,47.770138,3.724365,Plein jour,Hors agglomération,Hors intersection,Normale,Autre collision,1,3,2,0,1,1,1,0,1,130,1,2,0,2,0,0,63.0,,deux_roues,,1,1,1,1,6
202300044880,2023-07-21 18:40:00,2023,7,21,18,40,03,03056,La Chapelle,46.09057411,3.59814121,Plein jour,Hors agglomération,Hors intersection,Normale,Autre collision,3,2,2,0,1,2,1,0,8,90,1,1,0,0,0,1,18.0,,deux_roues,,1,1,1,1,6
202300044881,2023-10-02 17:25:00,2023,10,2,17,25,31,31273,Route de St Pierre,43.693531,1.502359,Plein jour,En agglomération,Intersection en T,Normale,Deux véhicules - côté,3,2,2,0,1,1,1,0,1,50,2,2,1,0,0,1,32.0,15.0,voiture,deux_roues,1,2,3,1,3
202300044881,2023-10-02 17:25:00,2023,10,2,17,25,31,31273,Route de St Pierre,43.693531,1.502359,Plein jour,En agglomération,Intersection en T,Normale,Deux véhicules - côté,3,2,2,0,1,1,1,0,1,50,2,2,1,0,0,1,32.0,15.0,voiture,deux_roues,1,2,3,1,3
202300044882,2023-01-11 18:45:00,2023,1,11,18,45,22,22030,RD767 PR48+000,48.702039,-3.377824,Nuit sans éclairage public,Hors agglomération,Hors intersection,Normale,Trois véhicules et plus - collisions multiples,3,3,4,0,1,1,1,0,3,110,3,3,0,0,2,1,59.0,40.0,voiture,voiture,3,1,1,1,5
202300044883,2023-10-01 12:10:00,2023,10,1,12,10,84,84069,D938,44.196253,5.117692,Plein jour,Hors agglomération,Intersection en Y,Normale,Deux véhicules - frontale,3,2,1,0,2,2,1,0,1,80,2,2,1,0,1,0,36.0,96.0,deux_roues,voiture,1,1,4,1,1
202300044883,2023-10-01 12:10:00,2023,10,1,12,10,84,84069,D938,44.196253,5.117692,Plein jour,Hors agglomération,Intersection en Y,Normale,Deux véhicules - frontale,3,2,2,0,2,3,1,0,1,80,2,2,1,0,1,0,36.0,96.0,deux_roues,voiture,1,1,4,1,1
202300044884,2023-07-22 05:40:00,2023,7,22,5,40,69,69019,Avenue de l'Europe,46.114325,4.73541,Crépuscule ou aube,Hors agglomération,Hors intersection,Normale,Deux véhicules - frontale,3,2,2,0,1,1,1,0,1,80,2,3,0,1,2,0,33.0,28.0,deux_roues,deux_roues,2,1,1,1,1
202300044885,2023-01-07 20:30:00,2023,1,7,20,30,19,19274,D170e1 - Le Pont,45.19336969,1.49494076,Nuit sans éclairage public,Hors agglomération,Hors intersection,Pluie légère,Deux véhicules - frontale,3,2,2,0,1,2,2,0,1,90,2,2,0,0,0,2,35.0,24.0,voiture,voiture,3,1,1,2,1
202300044886,2023-07-22 11:40:00,2023,7,22,11,40,85,85236,RD55,46.6450642,-1.7064503,Plein jour,Hors agglomération,Hors intersection,Normale,Autre collision,3,2,2,0,1,1,1,0,3,-1,1,1,0,0,1,0,34.0,,voiture,,1,1,1,1,6
202300044887,2023-01-09 15:00:00,2023,1,9,15,0,56,56244,La Garenne,47.85569,-2.45999,Plein jour,Hors agglomération,Hors intersection,Pluie légère,Autre collision,3,2,2,0,2,3,2,0,1,80,1,1,0,0,1,0,78.0,,deux_roues,,1,1,1,2,6
202300044888,2023-10-01 11:30:00,2023,10,1,11,30,31,31454,Route de Bérat,43.411762,1.129057,Plein jour,En agglomération,Hors intersection,Normale,Deux véhicules - arrière,3,2,2,0,1,1,1,0,3,50,2,3,2,0,1,0,49.0,75.0,deux_roues,voiture,1,2,1,1,2
202300044889,2023-09-27 16:00:00,2023,9,27,16,0,57,57086,D27,48.803427,6.896426,Plein jour,Hors agglomération,Hors intersection,Normale,Sans collision,3,3,2,0,1,2,1,0,8,80,1,1,0,0,1,0,58.0,,deux_roues,,1,1,1,1,7
202300044890,2023-07-21 19:05:00,2023,7,21,19,5,22,22273,Le Puits Merpault,48.571091,-2.484997,Plein jour,Hors agglomération,Intersection en X,Normale,Deux véhicules - côté,3,2,2,0,1,3,1,0,1,80,2,2,1,0,1,0,28.0,19.0,voiture,deux_roues,1,1,2,1,3
202300044890,2023-07-21 19:05:00,2023,7,21,19,5,22,22273,Le Puits Merpault,48.571091,-2.484997,Plein jour,Hors agglomération,Intersection en X,Normale,Deux véhicules - côté,3,2,2,0,1,1,1,0,1,80,2,2,1,0,1,0,28.0,19.0,voiture,deux_roues,1,1,2,1,3
202300044891,2023-10-01 19:20:00,2023,10,1,19,20,10,10391,D99,48.371119,4.128156,Crépuscule ou aube,En agglomération,Hors intersection,Normale,Sans collision,3,2,2,0,2,3,9,0,1,50,1,2,0,2,0,0,35.0,,deux_roues,,2,2,1,1,7
202300044892,2023-01-10 16:40:00,2023,1,10,16,40,63,63106,Rue Henri Nenot,45.74862,3.286897,Plein jour,En agglomération,Intersection en X,Normale,Deux véhicules - côté,3,2,2,0,2,1,1,0,1,50,2,2,1,0,1,0,32.0,15.0,voiture,deux_roues,1,2,2,1,3
202300044892,2023-01-10 16:40:00,2023,1,10,16,40,63,63106,Rue Henri Nenot,45.74862,3.286897,Plein jour,En agglomération,Intersection en X,Normale,Deux véhicules - côté,3,2,2,-1,1,1,1,0,1,50,2,2,1,0,1,0,32.0,15.0,voiture,deux_roues,1,2,2,1,3
202300044893,2023-09-30 20:50:00,2023,9,30,20,50,83,83152,Avenue du Colonel Bouvet,43.159997,6.466988,Nuit avec éclairage allumé,En agglomération,Hors intersection,Normale,Sans collision,3,1,2,0,2,3,1,0,3,50,1,1,0,0,1,0,53.0,,deux_roues,,5,2,1,1,7
202300044894,2023-10-02 05:40:00,2023,10,2,5,40,67,67478,D1404,48.759471,7.393236,Nuit sans éclairage public,Hors agglomération,Intersection en T,Normale,Deux véhicules - frontale,3,3,2,0,1,1,1,3,1,90,2,2,1,0,0,1,49.0,24.0,voiture,utilitaire_camion,3,1,3,1,1
202300044894,2023-10-02 05:40:00,2023,10,2,5,40,67,67478,D1404,48.759471,7.393236,Nuit sans éclairage public,Hors agglomération,Intersection en T,Normale,Deux véhicules - frontale,3,1, -1,-1,1,1,1,3,1,-1,2,2,1,0,0,1,49.0,24.0,voiture,utilitaire_camion,3,1,3,1,1
202300044895,2023-01-11 11:35:00,2023,1,11,11,35,12,12154,D999,43.87811397,2.798821,Plein jour,Hors agglomération,Hors intersection,Pluie légère,Sans collision,3,2,2,0,2,2,2,0,3,90,2,2,1,0,0,1,47.0,29.0,utilitaire_camion,voiture,1,1,1,2,7
202300044896,2023-07-20 23:20:00,2023,7,20,23,20,13,13071,A7-Sens Marseille vers Lyon,43.407,5.32793,Nuit sans éclairage public,Hors agglomération,Hors intersection,Normale,Deux véhicules - arrière,1,1,2,0,1,1,1,0,1,110,2,4,1,0,0,3,23.0,54.0,voiture,voiture,3,1,1,1,2
202300044897,2023-10-01 16:20:00,2023,10,1,16,20,22,22020,RN12,48.32471,-2.25681,Plein jour,Hors agglomération,Hors intersection,Normale,Deux véhicules - arrière,2,3,4,0,1,1,1,0,1,110,2,3,1,0,1,1,56.0,27.0,voiture,voiture,1,1,1,1,2
202300044898,2023-01-11 07:55:00,2023,1,11,7,55,68,68291,D47,47.86095515,7.48740435,Crépuscule ou aube,Hors agglomération,Intersection en T,Pluie légère,Deux véhicules - côté,3,2,2,0,1,1,2,0,1,80,2,2,1,0,1,0,60.0,57.0,voiture,voiture,2,1,3,2,3
202300044898,2023-01-11 07:55:00,2023,1,11,7,55,68,68291,D47,47.86095515,7.48740435,Crépuscule ou aube,Hors agglomération,Intersection en T,Pluie légère,Deux véhicules - côté,3,2,2,0,1,1,2,0,8,50,2,2,1,0,1,0,60.0,57.0,voiture,voiture,2,1,3,2,3
202300044899,2023-10-02 08:00:00,2023,10,2,8,0,2B,2B009,D343,42.083493,9.473305,Crépuscule ou aube,Hors agglomération,Hors intersection,Normale,Autre collision,3,2,2,0,1,1,1,0,1,80,1,1,0,0,1,0,20.0,,voiture,,2,1,1,1,6
202300044900,2023-07-21 15:40:00,2023,7,21,15,40,13,13202,A55-Sens Martigues vers Marseille,43.33621604,5.35158534,Plein jour,Hors agglomération,Hors intersection,Normale,Deux véhicules - arrière,1,-1,3,0,1,1,1,0,1,90,2,3,1,0,0,2,55.0,21.0,voiture,voiture,1,1,1,1,2
202300044901,2023-01-10 19:40:00,2023,1,10,19,40,31,31334,Ancienne Route de Lavernose,43.38415,1.280546,Nuit sans éclairage public,Hors agglomération,Hors intersection,Normale,Deux véhicules - frontale,3,2,2,0,1,1,1,0,1,80,2,2,1,0,1,0,59.0,18.0,voiture,deux_roues,3,1,1,1,1
202300044902,2023-07-21 06:45:00,2023,7,21,6,45,13,13085,A50-Sens Toulon vers Aubagne,43.263748,5.588355,Plein jour,Hors agglomération,Hors intersection,Normale,Autre collision,1,1,3,0,2,3,1,0,1,90,1,1,0,0,0,1,49.0,,voiture,,1,1,1,1,6
202300044903,2023-09-29 10:49:00,2023,9,29,10,49,34,34270,Rue des Rouderes,43.573236,3.827169,Plein jour,En agglomération,Intersection en T,Normale,Autre collision,4,2, -1,-1,1,1,1,0,1,-1,1,2,1,0,1,0,77.0,,voiture,,1,2,3,1,6
202300044903,2023-09-29 10:49:00,2023,9,29,10,49,34,34270,Rue des Rouderes,43.573236,3.827169,Plein jour,En agglomération,Intersection en T,Normale,Autre collision,4,2,2,0,1,1,1,0,1,50,1,2,1,0,1,0,77.0,,voiture,,1,2,3,1,6
202300044904,2023-01-10 20:25:00,2023,1,10,20,25,54,54546,RD952,48.96901967,6.03072166,Nuit sans éclairage public,Hors agglomération,Hors intersection,Pluie légère,Autre collision,3,2,2,0,1,1,2,0,3,80,1,1,0,0,1,0,72.0,,voiture,,3,1,1,2,6