accident_id,datetime,annee,mois,jour,heure,minute,departement,commune_insee,adresse,latitude,longitude,luminosite,agglomeration,intersection,meteo,collision,catr,circ,nbv,vosp,prof,plan,surf,infra,situ,vma,nb_vehicules,nb_usagers,nb_indemnes,nb_tues,nb_blesses_hosp,nb_blesses_legers,age_cond_1,age_cond_2,veh_type_cond_1,veh_type_cond_2,lum_code,agg_code,int_code,atm_code,col_code
202300044905,2023-07-20 14:38:00,2023,7,20,14,38,13,13005,A50 - Sens Aubagne vers Marseille,43.277,5.587,Plein jour,Hors agglomération,Hors intersection,Normale,Sans collision,1,1,2,0,2,1,1,0,1,90,2,2,1,0,0,1,,25.0,voiture,voiture,1,1,1,1,7
202300044906,2023-10-01 16:15:00,2023,10,1,16,15,56,56171,La Prince Coquette,47.726745,-2.345109,Plein jour,Hors agglomération,Hors intersection,Normale,Deux véhicules - côté,3,2,2,0,4,3,1,0,1,80,2,3,1,0,1,1,24.0,,deux_roues,utilitaire_camion,1,1,1,1,3
202300044907,2023-10-01 10:00:00,2023,10,1,10,0,2B,2B126,T50,42.194422,9.360399,Plein jour,Hors agglomération,Hors intersection,Normale,Sans collision,2,2,2,0,1,2,1,0,1,80,1,1,0,0,1,0,60.0,,deux_roues,,1,1,1,1,7
202300044908,2023-01-10 10:30:00,2023,1,10,10,30,14,14431,32 Avenue Jean Jaurès,49.076338,-0.064572,Plein jour,En agglomération,Intersection en T,Pluie légère,Deux véhicules - côté,3,2,2,0,1,1,2,0,1,50,2,2,1,0,0,1,37.0,52.0,deux_roues,voiture,1,2,3,2,3
202300044908,2023-01-10 10:30:00,2023,1,10,10,30,14,14431,32 Avenue Jean Jaurès,49.076338,-0.064572,Plein jour,En agglomération,Intersection en T,Pluie légère,Deux véhicules - côté,3,2,2,0,1,1,2,0,1,50,2,2,1,0,0,1,37.0,52.0,deux_roues,voiture,1,2,3,2,3
202300044909,2023-07-19 16:35:00,2023,7,19,16,35,13,13028,A50,43.193439,5.667512,Plein jour,Hors agglomération,Hors intersection,Normale,Sans collision,1,1,3,0,2,1,1,0,1,130,1,2,0,0,2,0,38.0,,deux_roues,,1,1,1,1,7
202300044910,2023-10-01 16:50:00,2023,10,1,16,50,82,82134,1630 Vieille Route de Saint-Etienne,44.062901,1.506629,Plein jour,En agglomération,Hors intersection,Normale,Deux véhicules - arrière,4,2,2,0,1,1,1,0,1,50,2,2,1,0,0,1,37.0,39.0,deux_roues,deux_roues,1,2,1,1,2
202300044911,2023-06-17 01:35:00,2023,6,17,1,35,83,83062,A57,43.14375,6.02357,Nuit sans éclairage public,Hors agglomération,Hors intersection,Normale,Deux véhicules - arrière,1,1,3,0,1,1,1,8,1,70,2,2,0,0,0,2,28.0,39.0,voiture,voiture,3,1,1,1,2
202300044912,2023-01-10 18:45:00,2023,1,10,18,45,60,60513,Rue du Havre,49.204105,2.376217,Nuit avec éclairage allumé,En agglomération,Intersection en T,Pluie légère,Deux véhicules - frontale,4,2,2,0,1,1,2,9,1,50,2,2,1,0,1,0,54.0,17.0,voiture,deux_roues,5,2,3,2,1
202300044912,2023-01-10 18:45:00,2023,1,10,18,45,60,60513,Rue du Havre,49.204105,2.376217,Nuit avec éclairage allumé,En agglomération,Intersection en T,Pluie légère,Deux véhicules - frontale,4,2, -1,-1,1,1,2,5,1,-1,2,2,1,0,1,0,54.0,17.0,voiture,deux_roues,5,2,3,2,1
202300044913,2023-10-01 18:50:00,2023,10,1,18,50,32,32414,D25,43.694423,-0.067495,Plein jour,Hors agglomération,Hors intersection,Normale,Deux véhicules - frontale,3,2,2,0,2,1,1,0,8,80,2,5,3,1,1,0,45.0,59.0,voiture,voiture,1,1,1,1,1
202300044914,2023-07-21 21:10:00,2023,7,21,21,10,33,33550,ROCADE A 630,44.78773403,-0.54101229,Plein jour,Hors agglomération,Autre intersection,Normale,Autre collision,1,3,7,0,1,1,1,0,1,90,2,4,3,0,0,1,34.0,46.0,utilitaire_camion,voiture,1,1,9,1,6
202300044915,2023-01-11 12:50:00,2023,1,11,12,50,60,60029,D981,49.374532,1.990327,Plein jour,Hors agglomération,Autre intersection,Normale,Deux véhicules - côté,3,2,1,0,1,1,1,5,1,70,2,2,1,0,1,0,76.0,73.0,deux_roues,voiture,1,1,9,1,3
202300044916,2023-07-21 20:30:00,2023,7,21,20,30,91,91477,AUTOROUTE A126,48.72232,2.24931,Crépuscule ou aube,Hors agglomération,Hors intersection,Normale,Autre collision,1,3,0,0,2,1,1,0,1,70,1,1,0,0,0,1,31.0,,deux_roues,,2,1,1,1,6
202300044917,2023-09-29 15:50:00,2023,9,29,15,50,11,11090,,43.105229,2.252873,Plein jour,Hors agglomération,Hors intersection,Normale,Deux véhicules - côté,3,3,4,0,1,1,1,0,1,110,2,2,1,0,1,0,50.0,55.0,voiture,deux_roues,1,1,1,1,3
202300044918,2023-10-01 14:20:00,2023,10,1,14,20,63,63236,RD 996,45.593951,2.833357,Plein jour,Hors agglomération,Hors intersection,Normale,Sans collision,3,2,2,0,2,3,1,0,8,90,1,1,0,0,1,0,60.0,,deux_roues,,1,1,1,1,7
202300044919,2023-01-08 18:25:00,2023,1,8,18,25,53,53218,chemin de poille,48.180548,-0.385792,Nuit sans éclairage public,Hors agglomération,Intersection en X,Pluie légère,Deux véhicules - arrière,3,2,1,0,4,1,2,0,1,80,2,3,2,0,1,0,67.0,84.0,voiture,voiture,3,1,2,2,2
202300044919,2023-01-08 18:25:00,2023,1,8,18,25,53,53218,chemin de poille,48.180548,-0.385792,Nuit sans éclairage public,Hors agglomération,Intersection en X,Pluie légère,Deux véhicules - arrière,3,2,1,0,1,1,2,0,8,80,2,3,2,0,1,0,67.0,84.0,voiture,voiture,3,1,2,2,2
202300044920,2023-07-21 19:00:00,2023,7,21,19,0,91,91216,AUTOROUTE A6,48.6787,2.33389,Plein jour,Hors agglomération,Hors intersection,Normale,Deux véhicules - côté,1,2,3,0,1,1,1,0,1,110,2,2,1,0,0,1,41.0,36.0,voiture,utilitaire_camion,1,1,1,1,3
202300044921,2023-01-11 01:30:00,2023,1,11,1,30,04,04137,D951,44.291103,6.026285,Nuit sans éclairage public,Hors agglomération,Hors intersection,Autre,Sans collision,3,2,2,0,2,3,1,0,8,80,1,4,2,0,2,0,24.0,,voiture,,3,1,1,9,7
202300044922,2023-07-21 14:10:00,2023,7,21,14,10,93,93053,AUTOROUTE A3,48.89292727,2.47244859,Plein jour,Hors agglomération,Hors intersection,Normale,Deux véhicules - côté,1,1,4,0,1,1,1,0,1,70,2,2,1,0,0,1,24.0,71.0,deux_roues,voiture,1,1,1,1,3
202300044923,2023-01-10 14:20:00,2023,1,10,14,20,87,87018,Rulières,46.058045,1.062391,Plein jour,Hors agglomération,Hors intersection,Pluie légère,Autre collision,3,2,2,0,1,1,2,0,8,80,1,1,0,0,1,0,40.0,,voiture,,1,1,1,2,6
202300044924,2023-10-01 18:15:00,2023,10,1,18,15,61,61456,D926B,48.761493,0.664061,Plein jour,En agglomération,Hors intersection,Normale,Trois véhicules et plus - collisions multiples,3,2,2,0,1,1,1,0,1,70,3,8,3,0,1,4,58.0,42.0,voiture,voiture,1,2,1,1,5
202300044925,2023-07-21 12:10:00,2023,7,21,12,10,93,93010,AUTOROUTE A3,48.88893243,2.47376801,Plein jour,Hors agglomération,Hors intersection,Normale,Deux véhicules - arrière,1,3,4,0,4,3,1,0,1,90,2,4,2,0,0,2,48.0,54.0,voiture,utilitaire_camion,1,1,1,1,2
202300044926,2023-01-10 17:05:00,2023,1,10,17,5,49,49381,Rue Pierre de Romans,47.020323,-0.7043,Plein jour,En agglomération,Intersection en T,Pluie légère,Deux véhicules - côté,3,2,2,0,1,1,2,0,1,50,2,2,1,0,0,1,86.0,18.0,voiture,deux_roues,1,2,3,2,3
202300044926,2023-01-10 17:05:00,2023,1,10,17,5,49,49381,Rue Pierre de Romans,47.020323,-0.7043,Plein jour,En agglomération,Intersection en T,Pluie légère,Deux véhicules - côté,3,1, -1,-1,1,1,2,0,1,-1,2,2,1,0,0,1,86.0,18.0,voiture,deux_roues,1,2,3,2,3
202300044927,2023-07-21 08:15:00,2023,7,21,8,15,93,93005,AUTOROUTE A1,48.9588,2.46452,Plein jour,Hors agglomération,Hors intersection,Normale,Deux véhicules - côté,1,3,3,0,1,1,1,0,1,90,2,2,1,0,0,1,20.0,19.0,deux_roues,utilitaire_camion,1,1,1,1,3
202300044928,2023-09-28 14:25:00,2023,9,28,14,25,49,49125,D761,47.180656,-0.242944,Plein jour,Hors agglomération,Hors intersection,Normale,Deux véhicules - arrière,3,2,2,0,1,1,1,0,1,90,2,2,1,0,1,0,37.0,68.0,utilitaire_camion,autre,1,1,1,1,2
202300044929,2023-01-11 07:12:00,2023,1,11,7,12,01,01196,D975,46.349131,5.125503,Crépuscule ou aube,Hors agglomération,Giratoire,Normale,Deux véhicules - frontale,3,2,2,0,1,1,1,0,1,80,2,5,0,3,1,1,43.0,55.0,utilitaire_camion,voiture,2,1,6,1,1
202300044930,2023-07-20 20:20:00,2023,7,20,20,20,92,92036,AUTOROUTE A15,48.93788866,2.29766722,Plein jour,Hors agglomération,Hors intersection,Normale,Deux véhicules - côté,1,3,2,0,1,1,1,0,1,90,2,2,1,0,0,1,24.0,32.0,voiture,deux_roues,1,1,1,1,3
202300044931,2023-09-30 10:00:00,2023,9,30,10,0,35,35361,Rue de la Grève,48.603246,-1.77636,Plein jour,En agglomération,Hors intersection,Normale,Deux véhicules - arrière,3,2,2,0,1,1,1,0,1,30,2,2,1,0,1,0,44.0,24.0,voiture,deux_roues,1,2,1,1,2
202300044932,2023-01-10 17:00:00,2023,1,10,17,0,66,66195,,42.68305966,2.80173484,Plein jour,En agglomération,Hors intersection,Normale,Deux véhicules - côté,3,2,2,0,1,1,1,0,1,50,2,2,1,0,1,0,32.0,58.0,voiture,deux_roues,1,2,1,1,3
202300044933,2023-07-20 13:15:00,2023,7,20,13,15,93,93066,AUTOROUTE A1,48.91952,2.35729,Plein jour,Hors agglomération,Hors intersection,Normale,Deux véhicules - arrière,1,3,4,0,1,1,1,0,1,90,2,2,1,0,0,1,35.0,20.0,voiture,voiture,1,1,1,1,2
202300044934,2023-10-01 16:00:00,2023,10,1,16,0,02,02360,28 Rue de Proviseux (Guignicourt),49.438577,3.972032,Plein jour,En agglomération,Hors intersection,Normale,Autre collision,4,2,2,0,1,1,1,0,1,50,1,2,1,0,1,0,19.0,,voiture,,1,2,1,1,6
202300044935,2023-01-03 07:40:00,2023,1,3,7,40,06,06085,Chemin des Campelieres,43.580597,7.006964,Plein jour,En agglomération,Hors intersection,Normale,Autre collision,3,2,1,0,1,1,1,9,1,50,1,2,1,0,1,0,54.0,,deux_roues,,1,2,1,1,6
202300044936,2023-07-21 15:20:00,2023,7,21,15,20,94,94017,A4,48.82665078,2.51617424,Plein jour,Hors agglomération,Hors intersection,Normale,Deux véhicules - arrière,1,-1,4,0,1,1,1,1,1,90,2,2,1,0,0,1,33.0,35.0,voiture,voiture,1,1,1,1,2
202300044937,2023-01-10 23:00:00,2023,1,10,23,0,59,59312,A26 PK 148+500,50.0140816,3.17185904,Nuit sans éclairage public,Hors agglomération,Hors intersection,Pluie légère,Autre collision,1,3,2,0,1,1,2,0,1,90,1,1,0,0,1,0,30.0,,utilitaire_camion,,3,1,1,2,6
202300044938,2023-10-01 12:43:00,2023,10,1,12,43,15,15262,D921,45.006428,3.043492,Plein jour,Hors agglomération,Intersection en X,Normale,Deux véhicules - côté,3,2,1,0,2,1,1,0,1,90,2,6,5,0,0,1,76.0,78.0,voiture,voiture,1,1,2,1,3
202300044938,2023-10-01 12:43:00,2023,10,1,12,43,15,15262,D921,45.006428,3.043492,Plein jour,Hors agglomération,Intersection en X,Normale,Deux véhicules - côté,3,2,2,0,3,2,1,0,1,90,2,6,5,0,0,1,76.0,78.0,voiture,voiture,1,1,2,1,3
202300044939,2023-07-21 06:50:00,2023,7,21,6,50,77,77450,RN104,48.717274,2.599125,Plein jour,Hors agglomération,Hors intersection,Pluie légère,Sans collision,2,1,2,0,1,1,2,0,1,90,2,2,0,0,0,1,,57.0,voiture,deux_roues,1,1,1,2,7
202300044940,2023-01-08 22:00:00,2023,1,8,22,0,974,97408,61 Rue Pablo Neruda,-20.950388,55.331612,Nuit avec éclairage allumé,En agglomération,Autre intersection,Normale,Autre collision,4,2,2,0,2,2,1,9,3,30,1,2,1,0,0,1,31.0,,voiture,,5,2,9,1,6
202300044941,2023-10-01 11:00:00,2023,10,1,11,0,01,01240,D18,46.262241,5.552521,Plein jour,Hors agglomération,Hors intersection,Normale,Deux véhicules - frontale,3,2,2,0,2,2,1,0,1,80,2,2,1,0,1,0,37.0,31.0,voiture,deux_roues,1,1,1,1,1
202300044942,2023-01-10 17:05:00,2023,1,10,17,5,971,97118,Route nationale 1,16.22749,-61.593347,Plein jour,Hors agglomération,Hors intersection,Temps couvert,Deux véhicules - côté,2,1,2,0,1,1,1,0,1,110,2,2,1,1,0,0,20.0,27.0,voiture,deux_roues,1,1,1,8,3
202300044943,2023-07-20 23:20:00,2023,7,20,23,20,94,94073,A86,48.76965561,2.38000814,Nuit sans éclairage public,Hors agglomération,Hors intersection,Normale,Deux véhicules - arrière,1,1,3,0,1,2,1,0,1,90,2,5,2,0,2,1,25.0,21.0,utilitaire_camion,voiture,3,1,1,1,2
202300044944,2023-09-27 14:35:00,2023,9,27,14,35,14,14514,17 Rue Laplace,49.28506025,0.20498998,Plein jour,En agglomération,Giratoire,Normale,Deux véhicules - côté,3,2,2,0,1,2,1,5,1,50,2,2,1,0,0,1,45.0,17.0,voiture,deux_roues,1,2,6,1,3
202300044944,2023-09-27 14:35:00,2023,9,27,14,35,14,14514,17 Rue Laplace,49.28506025,0.20498998,Plein jour,En agglomération,Giratoire,Normale,Deux véhicules - côté,3,2,2,0,1,1,1,5,1,50,2,2,1,0,0,1,45.0,17.0,voiture,deux_roues,1,2,6,1,3
202300044945,2023-07-20 10:40:00,2023,7,20,10,40,976,97611,tsoundzou-Bamcolo (rue),-12.81141,45.20284,Plein jour,En agglomération,Hors intersection,Normale,Autre collision,2,2,2,0,1,1,1,0,1,50,1,2,0,0,0,2,23.0,,deux_roues,,1,2,1,1,6
202300044946,2023-01-11 09:39:00,2023,1,11,9,39,77,77077,D38,48.999319,2.879118,Plein jour,Hors agglomération,Intersection en T,Normale,Deux véhicules - frontale,3,2,2,0,1,4,2,5,1,80,2,2,1,0,1,0,51.0,58.0,voiture,voiture,1,1,3,1,1
202300044946,2023-01-11 09:39:00,2023,1,11,9,39,77,77077,D38,48.999319,2.879118,Plein jour,Hors agglomération,Intersection en T,Normale,Deux véhicules - frontale,3,2,1,-1,1,1,2,5,1,-1,2,2,1,0,1,0,51.0,58.0,voiture,voiture,1,1,3,1,1
202300044947,2023-07-20 22:00:00,2023,7,20,22,0,974,97416,ARCHAMBAUD 400 (CHEMIN),-21.29361,55.50587,Nuit avec éclairage allumé,Hors agglomération,Hors intersection,Normale,Autre collision,4,2,2,0,2,1,1,0,4,30,1,1,0,0,0,1,34.0,,deux_roues,,5,1,1,1,6
202300044948,2023-10-02 16:50:00,2023,10,2,16,50,05,05046,Boulevard Pasteur,44.564549,6.49395,Plein jour,En agglomération,Hors intersection,Normale,Autre collision,4,2,2,0,1,1,1,0,1,30,1,2,1,0,0,1,45.0,,utilitaire_camion,,1,2,1,1,6
202300044949,2023-01-10 16:45:00,2023,1,10,16,45,06,06091,2182 Route des Clues,43.806226,7.380712,Plein jour,Hors agglomération,Hors intersection,Normale,Deux véhicules - frontale,3,2,2,0,1,3,1,0,1,80,2,2,1,0,1,0,51.0,48.0,deux_roues,transport_commun,1,1,1,1,1
202300044950,2023-09-29 18:15:00,2023,9,29,18,15,40,40230,D425,43.810809,-0.893326,Plein jour,Hors agglomération,Hors intersection,Normale,Deux véhicules - frontale,3,2,2,0,1,1,1,0,1,80,2,2,1,0,1,0,25.0,77.0,voiture,voiture,1,1,1,1,1
202300044951,2023-01-10 18:30:00,2023,1,10,18,30,06,06057,920 Route du Col de Nice,43.8244173,7.3518197,Nuit sans éclairage public,Hors agglomération,Hors intersection,Normale,Autre collision,3,2,2,0,2,2,1,0,3,80,1,1,0,0,1,0,15.0,,deux_roues,,3,1,1,1,6
202300044952,2023-07-16 20:30:00,2023,7,16,20,30,974,97411,JAURES (BLD 1 JEAN),-20.89965,55.47956,Nuit avec éclairage allumé,En agglomération,Giratoire,Normale,Deux véhicules - arrière,2,1,2,0,1,2,1,9,1,70,2,2,1,0,1,0,31.0,50.0,voiture,deux_roues,5,2,6,1,2
202300044953,2023-09-26 09:50:00,2023,9,26,9,50,27,27587,D47,49.295387,0.65153,Plein jour,En agglomération,Hors intersection,Normale,Deux véhicules - arrière,3,2,2,0,1,2,1,0,1,30,2,2,1,0,1,0,47.0,30.0,voiture,utilitaire_camion,1,2,1,1,2
202300044954,2023-01-11 07:50:00,2023,1,11,7,50,54,54215,Rue de l'Hôtel de Ville,48.761007,6.129639,Nuit sans éclairage public,En agglomération,Hors intersection,Pluie légère,Autre collision,4,2,2,0,1,1,2,0,1,50,1,2,1,0,1,0,31.0,,voiture,,3,2,1,2,6
202300044955,2023-07-20 21:00:00,2023,7,20,21,0,973,97302,BRUTUS (CITE),4.93740984,-52.31853873,Nuit avec éclairage allumé,En agglomération,Hors intersection,Normale,Deux véhicules - arrière,4,2,2,0,1,1,1,0,1,50,2,3,2,0,0,1,40.0,22.0,deux_roues,voiture,5,2,1,1,2
202300044956,2023-01-11 17:10:00,2023,1,11,17,10,69,69024,Route de Theize,45.94731631,4.59368825,Plein jour,Hors agglomération,Autre intersection,Temps couvert,Deux véhicules - frontale,3,2,2,0,1,3,2,0,1,80,2,2,0,0,1,1,40.0,19.0,voiture,voiture,1,1,9,8,1
202300044957,2023-07-20 10:53:00,2023,7,20,10,53,972,97209,CHATEAUBOEUF (ROUTE DE),14.6177,-61.04615,Plein jour,Hors agglomération,Hors intersection,Normale,Deux véhicules - arrière,3,-1,1,0,1,1,1,0,1,50,2,3,1,0,2,0,18.0,29.0,deux_roues,utilitaire_camion,1,1,1,1,2
202300044958,2023-09-29 14:35:00,2023,9,29,14,35,17,17038,N10,45.169236,-0.336236,Plein jour,Hors agglomération,Hors intersection,Normale,Trois véhicules et plus - en chaîne,2,3,4,0,1,1,1,8,1,90,4,4,3,0,1,0,26.0,65.0,utilitaire_camion,voiture,1,1,1,1,4
202300044959,2023-01-11 07:55:00,2023,1,11,7,55,44,44047,39 Boulevard des Martyrs de la Résistance,47.212565,-1.712917,Nuit avec éclairage allumé,En agglomération,Hors intersection,Temps couvert,Autre collision,7,2,2,0,1,1,2,0,4,50,2,2,1,0,1,0,13.0,46.0,deux_roues,voiture,5,2,1,8,6
202300044960,2023-07-19 12:20:00,2023,7,19,12,20,972,97209,BALATA (ROUTE DE),14.6208,-61.06985,Plein jour,En agglomération,Hors intersection,Normale,Autre collision,2,2,2,0,3,4,1,0,4,50,1,2,1,0,0,1,63.0,,voiture,,1,2,1,1,6
202300044961,2023-09-29 18:10:00,2023,9,29,18,10,30,30133,D62,43.56883,4.112645,Plein jour,En agglomération,Giratoire,Normale,Deux véhicules - arrière,3,3,4,0,1,3,1,0,1,90,2,2,1,0,1,0,20.0,17.0,voiture,deux_roues,1,2,6,1,2
202300044962,2023-01-11 14:00:00,2023,1,11,14,0,80,80561,Croisement D 329 D 935,49.651505,2.568215,Plein jour,En agglomération,Intersection en X,Temps éblouissant,Deux véhicules - frontale,3,2,2,0,1,1,1,5,1,50,2,3,2,0,1,0,35.0,78.0,deux_roues,voiture,1,2,2,7,1
202300044962,2023-01-11 14:00:00,2023,1,11,14,0,80,80561,Croisement D 329 D 935,49.651505,2.568215,Plein jour,En agglomération,Intersection en X,Temps éblouissant,Deux véhicules - frontale,3,2, -1,-1,1,1,1,0,1,-1,2,3,2,0,1,0,35.0,78.0,deux_roues,voiture,1,2,2,7,1
202300044963,2023-10-01 09:25:00,2023,10,1,9,25,24,24357,Tabardine,44.791774,0.454087,Plein jour,Hors agglomération,Hors intersection,Normale,Autre collision,3,2,2,0,1,1,1,0,3,70,1,1,0,0,1,0,17.0,,deux_roues,,1,1,1,1,6
202300044964,2023-07-20 16:40:00,2023,7,20,16,40,971,97113,RN4 - SECTION RIVIERA,16.2123,-61.4756,Plein jour,Hors agglomération,Autre intersection,Normale,Deux véhicules - côté,2,2,2,1,1,1,1,0,1,50,2,3,2,0,0,1,43.0,52.0,voiture,voiture,1,1,9,1,3
202300044965,2023-07-19 18:33:00,2023,7,19,18,33,2A,2A004,SAINTE LUCIE RUE,41.92775,8.7379,Plein jour,En agglomération,Intersection en X,Normale,Deux véhicules - côté,4,1,1,0,1,1,1,0,1,50,2,2,1,0,0,1,62.0,26.0,deux_roues,voiture,1,2,2,1,3
202300044965,2023-07-19 18:33:00,2023,7,19,18,33,2A,2A004,SAINTE LUCIE RUE,41.92775,8.7379,Plein jour,En agglomération,Intersection en X,Normale,Deux véhicules - côté,4,1,1,0,2,1,1,0,1,50,2,2,1,0,0,1,62.0,26.0,deux_roues,voiture,1,2,2,1,3
202300044966,2023-10-01 17:50:00,2023,10,1,17,50,988,98805,route de Koe prolongee,-22.1403,166.478629,Crépuscule ou aube,En agglomération,Hors intersection,Normale,Deux véhicules - frontale,4,2,2,0,1,2,1,0,1,50,2,4,3,0,1,0,58.0,30.0,voiture,voiture,2,2,1,1,1
202300044967,2023-01-10 18:20:00,2023,1,10,18,20,59,59137,Rue du Collège,50.0741534,3.64222124,Nuit sans éclairage public,En agglomération,Intersection en T,Pluie légère,Deux véhicules - côté,4,2,2,0,1,1,2,0,1,50,2,6,3,0,1,2,21.0,31.0,voiture,voiture,3,2,3,2,3
202300044967,2023-01-10 18:20:00,2023,1,10,18,20,59,59137,Rue du Collège,50.0741534,3.64222124,Nuit sans éclairage public,En agglomération,Intersection en T,Pluie légère,Deux véhicules - côté,4,2,2,-1,1,1,2,0,1,50,2,6,3,0,1,2,21.0,31.0,voiture,voiture,3,2,3,2,3
202300044968,2023-01-09 16:15:00,2023,1,9,16,15,13,13015,A51-Sens Aix en Provence vers Marseille,43.42805096,5.38625396,Plein jour,Hors agglomération,Hors intersection,Normale,Deux véhicules - arrière,1,-1,4,0,1,1,1,0,1,110,2,2,1,0,0,1,60.0,53.0,utilitaire_camion,voiture,1,1,1,1,2
202300044969,2023-10-02 05:50:00,2023,10,2,5,50,13,13074,A51 - PK 043.500,43.656943,5.595818,Nuit sans éclairage public,Hors agglomération,Hors intersection,Normale,Deux véhicules - arrière,1,3,2,0,1,1,1,0,1,130,4,4,2,0,1,1,42.0,40.0,voiture,voiture,3,1,1,1,2
202300044970,2023-01-09 20:05:00,2023,1,9,20,5,13,13071,A7-Sens Lyon vers Marseille,43.40816732,5.28796136,Nuit sans éclairage public,Hors agglomération,Hors intersection,Normale,Deux véhicules - arrière,1,1,4,0,1,1,1,0,1,110,2,2,0,0,1,1,40.0,60.0,voiture,voiture,3,1,1,1,2
202300044971,2023-01-10 18:15:00,2023,1,10,18,15,33,33080,AUTOROUTE A 62,44.72728,-0.52785,Nuit sans éclairage public,Hors agglomération,Hors intersection,Normale,Trois véhicules et plus - en chaîne,1,3,4,0,1,1,1,3,1,130,3,4,3,0,0,1,26.0,23.0,voiture,voiture,3,1,1,1,4
202300044972,2023-07-19 12:30:00,2023,7,19,12,30,91,91161,AV MAZARIN,48.70729,2.31165,Plein jour,En agglomération,Hors intersection,Normale,Autre collision,3,-1,3,0,1,1,1,0,1,50,1,2,1,0,0,1,45.0,,voiture,,1,2,1,1,6
202300044973,2023-01-10 06:45:00,2023,1,10,6,45,33,33397,AUTOROUTE A10,44.911922,-0.484692,Nuit avec éclairage allumé,Hors agglomération,Hors intersection,Normale,Deux véhicules - arrière,1,3,6,0,1,1,2,0,1,110,2,2,1,0,0,1,28.0,30.0,voiture,voiture,5,1,1,1,2
202300044974,2023-10-02 07:15:00,2023,10,2,7,15,973,97309,Avenue Leon Gontran Damas,4.883732,-52.287106,Plein jour,En agglomération,Intersection en T,Normale,Deux véhicules - arrière,4,1, -1,-1,1,1,1,0,1,-1,2,2,1,0,0,1,24.0,14.0,voiture,deux_roues,1,2,3,1,2
202300044974,2023-10-02 07:15:00,2023,10,2,7,15,973,97309,Avenue Leon Gontran Damas,4.883732,-52.287106,Plein jour,En agglomération,Intersection en T,Normale,Deux véhicules - arrière,4,2,2,0,1,1,1,9,1,50,2,2,1,0,0,1,24.0,14.0,voiture,deux_roues,1,2,3,1,2
202300044975,2023-07-20 15:50:00,2023,7,20,15,50,91,91223,R.D.20,48.42748,2.15378,Plein jour,Hors agglomération,Autre intersection,Normale,Deux véhicules - arrière,3,3,4,0,1,1,1,0,1,90,2,2,1,1,0,0,36.0,32.0,deux_roues,utilitaire_camion,1,1,9,1,2
202300044976,2023-07-19 17:45:00,2023,7,19,17,45,91,91433,CD 837,48.43381,2.20822,Plein jour,Hors agglomération,Hors intersection,Normale,Deux véhicules - arrière,3,2,2,0,1,1,1,0,1,80,2,2,1,0,0,1,32.0,47.0,utilitaire_camion,utilitaire_camion,1,1,1,1,2
202300044977,2023-01-10 12:20:00,2023,1,10,12,20,91,91689,AUTOROUTE A6,48.72967,2.31449,Plein jour,Hors agglomération,Hors intersection,Pluie légère,Trois véhicules et plus - en chaîne,1,1,3,0,1,1,2,0,1,110,5,6,3,0,0,3,44.0,37.0,voiture,voiture,1,1,1,2,4
202300044978,2023-07-20 23:10:00,2023,7,20,23,10,85,85194,1 Rue de la vigne verte,46.5334,-1.79532,Nuit sans éclairage public,En agglomération,Intersection en T,Normale,Autre collision,4,2,2,0,1,1,1,0,1,50,1,1,0,0,1,0,55.0,,deux_roues,,3,2,3,1,6
202300044978,2023-07-20 23:10:00,2023,7,20,23,10,85,85194,1 Rue de la vigne verte,46.5334,-1.79532,Nuit sans éclairage public,En agglomération,Intersection en T,Normale,Autre collision,4,2,2,0,1,1,1,0,1,70,1,1,0,0,1,0,55.0,,deux_roues,,3,2,3,1,6
202300044979,2023-01-10 09:00:00,2023,1,10,9,0,91,91468,AUTOROUTE A6,48.57299,2.46767,Plein jour,Hors agglomération,Hors intersection,Normale,Trois véhicules et plus - en chaîne,1,1,3,0,3,1,2,0,1,110,4,4,3,0,0,1,25.0,54.0,voiture,voiture,1,1,1,1,4
202300044980,2023-07-19 17:40:00,2023,7,19,17,40,76,76351,GERANIUMS (DES),49.50602,0.16334,Plein jour,En agglomération,Intersection en X,Normale,Deux véhicules - côté,4,2,2,0,1,1,1,0,1,50,2,2,0,0,0,2,61.0,53.0,voiture,utilitaire_camion,1,2,2,1,3
202300044980,2023-07-19 17:40:00,2023,7,19,17,40,76,76351,GERANIUMS (DES),49.50602,0.16334,Plein jour,En agglomération,Intersection en X,Normale,Deux véhicules - côté,4,2,2,0,1,1,1,0,1,50,2,2,0,0,0,2,61.0,53.0,voiture,utilitaire_camion,1,2,2,1,3
202300044981,2023-01-10 03:15:00,2023,1,10,3,15,91,91617,,48.63449,2.53672,Nuit sans éclairage public,Hors agglomération,Hors intersection,Temps couvert,Sans collision,1,1,2,0,1,2,2,0,1,70,1,1,0,0,0,1,27.0,,voiture,,3,1,1,8,7
202300044982,2023-01-10 20:20:00,2023,1,10,20,20,92,92051,RN13,48.88062879,2.27368809,Nuit avec éclairage allumé,Hors agglomération,Hors intersection,Normale,Sans collision,2,3,3,0,1,1,2,2,1,70,1,1,0,0,0,1,55.0,,deux_roues,,5,1,1,1,7