accident_id,datetime,annee,mois,jour,heure,minute,departement,commune_insee,adresse,latitude,longitude,luminosite,agglomeration,intersection,meteo,collision,catr,circ,nbv,vosp,prof,plan,surf,infra,situ,vma,nb_vehicules,nb_usagers,nb_indemnes,nb_tues,nb_blesses_hosp,nb_blesses_legers,age_cond_1,age_cond_2,veh_type_cond_1,veh_type_cond_2,lum_code,agg_code,int_code,atm_code,col_code
202300045123,2023-06-19 09:09:00,2023,6,19,9,9,92,92026,RN192,48.88922696,2.24688395,Plein jour,Hors agglomération,Hors intersection,Normale,Sans collision,2,-1,0,0,2,1,1,1,1,70,1,1,0,0,0,1,49.0,,deux_roues,,1,1,1,1,7
202300045124,2023-06-17 19:13:00,2023,6,17,19,13,92,92050,A86,48.8954056,2.1942053,Plein jour,Hors agglomération,Hors intersection,Normale,Trois véhicules et plus - en chaîne,1,1,4,0,1,1,1,1,1,70,3,3,2,0,0,1,28.0,30.0,deux_roues,voiture,1,1,1,1,4
202300045125,2023-06-16 09:18:00,2023,6,16,9,18,78,78158,A13,48.833569,2.135392,Plein jour,Hors agglomération,Hors intersection,Normale,Trois véhicules et plus - collisions multiples,1,1,4,0,1,1,1,0,1,110,3,4,3,0,0,1,55.0,30.0,voiture,deux_roues,1,1,1,1,5
202300045126,2023-06-17 17:20:00,2023,6,17,17,20,93,93027,BDL,48.9267,2.40335,Plein jour,Hors agglomération,Hors intersection,Temps couvert,Autre collision,1,3,3,0,3,2,2,2,1,90,1,1,0,0,1,0,34.0,,deux_roues,,1,1,1,8,6
202300045127,2023-06-16 16:15:00,2023,6,16,16,15,95,95678,N184,49.06427517,2.21383601,Plein jour,Hors agglomération,Hors intersection,Normale,Deux véhicules - côté,2,-1,2,0,1,1,1,0,1,110,2,2,1,0,0,1,,24.0,utilitaire_camion,deux_roues,1,1,1,1,3
202300045128,2023-06-16 13:15:00,2023,6,16,13,15,95,95500,A15,49.04149,2.08089,Plein jour,Hors agglomération,Hors intersection,Normale,Deux véhicules - arrière,1,3,3,0,1,1,1,0,1,90,2,2,1,0,0,1,60.0,40.0,utilitaire_camion,voiture,1,1,1,1,2
202300045129,2023-06-14 06:45:00,2023,6,14,6,45,92,92078,AUTOROUTE A86,48.92750095,2.33291835,Plein jour,Hors agglomération,Hors intersection,Normale,Autre collision,1,-1,4,0,1,1,1,0,1,90,1,1,0,0,0,1,28.0,,deux_roues,,1,1,1,1,6
202300045130,2023-06-13 23:50:00,2023,6,13,23,50,95,95488,A15,49.01802,2.14116,Nuit sans éclairage public,Hors agglomération,Hors intersection,Normale,Autre collision,1,3,3,0,1,1,1,0,1,110,1,1,0,0,0,1,29.0,,voiture,,3,1,1,1,6
202300045131,2023-06-18 04:05:00,2023,6,18,4,5,94,94033,A86,48.85862314,2.48692119,Nuit sans éclairage public,Hors agglomération,Hors intersection,Pluie légère,Autre collision,1,3,2,0,2,2,2,3,1,90,1,1,0,0,0,1,34.0,,voiture,,3,1,1,2,6
202300045132,2023-06-15 17:30:00,2023,6,15,17,30,77,77337,RN104,48.827415,2.617369,Plein jour,Hors agglomération,Hors intersection,Normale,Autre collision,2,1,2,0,1,1,1,0,1,90,3,3,2,0,0,1,50.0,48.0,utilitaire_camion,voiture,1,1,1,1,6
202300045133,2023-06-17 09:50:00,2023,6,17,9,50,95,95028,A16,49.067315,2.331934,Plein jour,Hors agglomération,Autre intersection,Normale,Autre collision,1,1,1,0,1,3,1,0,1,70,1,1,0,0,0,1,22.0,,voiture,,1,1,9,1,6
202300045134,2023-06-18 17:48:00,2023,6,18,17,48,54,54587,D904,48.493239,6.046305,Plein jour,Hors agglomération,Intersection en X,Normale,Deux véhicules - arrière,3,2,2,0,1,4,1,0,1,80,2,2,1,0,0,1,78.0,49.0,voiture,deux_roues,1,1,2,1,2
202300045134,2023-06-18 17:48:00,2023,6,18,17,48,54,54587,D904,48.493239,6.046305,Plein jour,Hors agglomération,Intersection en X,Normale,Deux véhicules - arrière,3,2,2,0,3,1,1,5,1,80,2,2,1,0,0,1,78.0,49.0,voiture,deux_roues,1,1,2,1,2
202300045135,2023-06-19 01:00:00,2023,6,19,1,0,01,01371,départementale 1083,45.956595,4.997191,Nuit sans éclairage public,Hors agglomération,Hors intersection,Normale,Deux véhicules - arrière,3,2,3,0,1,1,1,0,1,80,2,2,1,0,0,1,33.0,55.0,voiture,voiture,3,1,1,1,2
202300045136,2023-06-18 20:30:00,2023,6,18,20,30,17,17389,Lieu Dit Petit Pochebonne,45.842105,-0.85835,Plein jour,Hors agglomération,Intersection en X,Normale,Deux véhicules - côté,3,2,2,0,1,1,1,5,1,80,2,3,0,0,2,1,21.0,40.0,voiture,voiture,1,1,2,1,3
202300045136,2023-06-18 20:30:00,2023,6,18,20,30,17,17389,Lieu Dit Petit Pochebonne,45.842105,-0.85835,Plein jour,Hors agglomération,Intersection en X,Normale,Deux véhicules - côté,3,2,2,0,1,1,1,0,1,80,2,3,0,0,2,1,21.0,40.0,voiture,voiture,1,1,2,1,3
202300045137,2023-06-19 11:35:00,2023,6,19,11,35,02,02756,Aire de repos,49.784326,3.334597,Plein jour,Hors agglomération,Hors intersection,Normale,Autre collision,1,1,2,0,1,4,1,0,1,70,1,1,0,0,0,1,52.0,,voiture,,1,1,1,1,6
202300045138,2023-06-18 19:00:00,2023,6,18,19,0,49,49092,Route de Bourgneuf en Mauges (Ste Christine),47.29467705,-0.8452177,Plein jour,Hors agglomération,Autre intersection,Normale,Deux véhicules - frontale,3,-1,2,0,1,1,1,0,1,90,2,2,0,0,0,2,15.0,17.0,deux_roues,deux_roues,1,1,9,1,1
202300045139,2023-06-19 11:05:00,2023,6,19,11,5,28,28073,A11,48.490089,1.669418,Plein jour,Hors agglomération,Hors intersection,Normale,Autre collision,1,3,3,0,1,1,1,0,3,130,1,1,0,0,1,0,36.0,,voiture,,1,1,1,1,6
202300045140,2023-06-17 01:00:00,2023,6,17,1,0,972,97225,Rue Victor Hugo,14.741792,-61.175936,Nuit avec éclairage non allumé,En agglomération,Intersection en X,Normale,Sans collision,3,1,2,0,1,1,1,0,1,50,1,2,0,0,1,1,21.0,,deux_roues,,4,2,2,1,7
202300045140,2023-06-17 01:00:00,2023,6,17,1,0,972,97225,Rue Victor Hugo,14.741792,-61.175936,Nuit avec éclairage non allumé,En agglomération,Intersection en X,Normale,Sans collision,3,-1, -1,-1,-1,-1,-1,-1,-1,-1,1,2,0,0,1,1,21.0,,deux_roues,,4,2,2,1,7
202300045141,2023-06-19 16:30:00,2023,6,19,16,30,21,21584,D906,47.300049,4.212405,Plein jour,Hors agglomération,Hors intersection,Normale,Trois véhicules et plus - en chaîne,3,2,2,0,2,1,1,0,1,90,3,22,18,0,0,4,32.0,59.0,utilitaire_camion,transport_commun,1,1,1,1,4
202300045142,2023-06-16 09:50:00,2023,6,16,9,50,76,76462,A28,49.730388,1.460366,Plein jour,Hors agglomération,Hors intersection,Normale,Deux véhicules - arrière,1,3,2,0,2,1,1,0,1,130,2,3,2,0,0,1,59.0,21.0,voiture,voiture,1,1,1,1,2
202300045143,2023-06-18 22:10:00,2023,6,18,22,10,974,97414,avenue principale,-21.284246,55.404568,Nuit sans éclairage public,En agglomération,Hors intersection,Normale,Deux véhicules - frontale,2,2,2,0,2,1,1,0,1,30,2,6,5,1,0,0,37.0,30.0,deux_roues,voiture,3,2,1,1,1
202300045144,2023-06-17 11:00:00,2023,6,17,11,0,85,85013,RD23,46.918719,-1.1611912,Plein jour,Hors agglomération,Hors intersection,Normale,Deux véhicules - frontale,3,2,2,0,1,3,1,0,1,80,2,2,1,0,1,0,27.0,50.0,deux_roues,utilitaire_camion,1,1,1,1,1
202300045145,2023-06-18 18:40:00,2023,6,18,18,40,21,21081,d10,47.373012,4.765491,Plein jour,Hors agglomération,Hors intersection,Normale,Autre collision,3,2,2,0,1,2,1,0,3,80,1,4,3,0,0,1,22.0,,voiture,,1,1,1,1,6
202300045146,2023-06-18 20:15:00,2023,6,18,20,15,30,30047,Chemin de Vauvert,43.796213,4.442441,Crépuscule ou aube,Hors agglomération,Intersection en X,Normale,Deux véhicules - côté,4,2, -1,0,1,1,1,0,1,-1,2,2,1,0,1,0,16.0,,deux_roues,voiture,2,1,2,1,3
202300045146,2023-06-18 20:15:00,2023,6,18,20,15,30,30047,Chemin de Vauvert,43.796213,4.442441,Crépuscule ou aube,Hors agglomération,Intersection en X,Normale,Deux véhicules - côté,4,2,2,0,1,1,1,0,1,80,2,2,1,0,1,0,16.0,,deux_roues,voiture,2,1,2,1,3
202300045147,2023-06-18 02:20:00,2023,6,18,2,20,51,51310,Rue de Saint Lie,49.212117,3.926116,Nuit sans éclairage public,En agglomération,Hors intersection,Normale,Sans collision,4,2,2,0,1,1,1,0,3,50,1,4,3,0,1,0,20.0,,voiture,,3,2,1,1,7
202300045148,2023-06-16 02:00:00,2023,6,16,2,0,76,76243,Route d?Ernemont,49.55406,1.36282,Nuit sans éclairage public,Hors agglomération,Hors intersection,Normale,Deux véhicules - frontale,3,2,2,0,1,1,1,0,1,80,2,2,0,0,0,2,49.0,33.0,voiture,voiture,3,1,1,1,1
202300045149,2023-06-17 13:40:00,2023,6,17,13,40,2B,2B277,RT 10 - FACE AU GARAGE ABATESCO,41.972374,9.398804,Plein jour,Hors agglomération,Hors intersection,Normale,Deux véhicules - arrière,2,2,2,0,1,1,1,0,1,80,2,3,2,0,1,0,43.0,54.0,deux_roues,voiture,1,1,1,1,2
202300045150,2023-06-19 15:30:00,2023,6,19,15,30,80,80718,RD 1001,49.94686,2.217044,Plein jour,Hors agglomération,Hors intersection,Normale,Autre collision,3,2,2,0,1,1,1,0,3,80,1,1,0,0,1,0,20.0,,utilitaire_camion,,1,1,1,1,6
202300045151,2023-06-18 18:20:00,2023,6,18,18,20,55,55021,D23,49.027869,5.701271,Plein jour,Hors agglomération,Intersection en T,Normale,Deux véhicules - arrière,3,2,2,0,1,1,1,0,1,90,2,4,0,0,1,3,42.0,56.0,voiture,voiture,1,1,3,1,2
202300045151,2023-06-18 18:20:00,2023,6,18,18,20,55,55021,D23,49.027869,5.701271,Plein jour,Hors agglomération,Intersection en T,Normale,Deux véhicules - arrière,3,2, -1,-1,1,1,1,-1,1,-1,2,4,0,0,1,3,42.0,56.0,voiture,voiture,1,1,3,1,2
202300045152,2023-06-18 16:35:00,2023,6,18,16,35,55,55124,D19,49.304111,5.316208,Plein jour,Hors agglomération,Hors intersection,Normale,Sans collision,3,2,2,0,2,1,1,0,8,90,1,1,0,0,1,0,28.0,,voiture,,1,1,1,1,7
202300045153,2023-06-19 14:45:00,2023,6,19,14,45,55,55394,D24,49.263751,5.472511,Plein jour,Hors agglomération,Hors intersection,Normale,Deux véhicules - frontale,3,2,2,0,2,1,1,0,3,80,1,1,0,0,1,0,75.0,,voiture,,1,1,1,1,1
202300045154,2023-06-17 17:15:00,2023,6,17,17,15,55,55246,Rue de Biencourt,48.600615,5.33214,Plein jour,En agglomération,Hors intersection,Normale,Deux véhicules - côté,3,2,2,0,1,3,1,0,1,50,2,3,2,0,0,1,40.0,44.0,voiture,voiture,1,2,1,1,3
202300045155,2023-06-19 15:40:00,2023,6,19,15,40,49,49018,RD766 PK 26+425,47.549486,-0.14558,Plein jour,Hors agglomération,Hors intersection,Normale,Autre collision,3,2,3,0,2,1,1,0,3,90,1,2,1,0,1,0,20.0,,utilitaire_camion,,1,1,1,1,6
202300045156,2023-06-19 06:42:00,2023,6,19,6,42,12,12186,lieu-dit Fourès,43.81833553,2.59340286,Crépuscule ou aube,Hors agglomération,Hors intersection,Normale,Autre collision,3,2,2,0,2,2,1,0,3,90,1,1,0,0,1,0,19.0,,voiture,,2,1,1,1,6
202300045157,2023-06-18 16:15:00,2023,6,18,16,15,42,42023,Route d’Annonay,45.299373,4.585719,Plein jour,Hors agglomération,Hors intersection,Normale,Autre collision,3,2,2,0,1,2,1,0,3,80,1,2,0,0,0,2,50.0,,voiture,,1,1,1,1,6
202300045158,2023-06-17 14:00:00,2023,6,17,14,0,86,86109,D67,46.891328,0.156512,Plein jour,Hors agglomération,Intersection en T,Normale,Deux véhicules - frontale,3,2,2,0,1,2,1,0,1,80,2,3,2,0,0,1,31.0,19.0,voiture,voiture,1,1,3,1,1
202300045158,2023-06-17 14:00:00,2023,6,17,14,0,86,86109,D67,46.891328,0.156512,Plein jour,Hors agglomération,Intersection en T,Normale,Deux véhicules - frontale,3,2, -1,-1,1,1,1,0,1,80,2,3,2,0,0,1,31.0,19.0,voiture,voiture,1,1,3,1,1
202300045159,2023-06-19 11:58:00,2023,6,19,11,58,34,34147,D909,43.492238,3.189662,Plein jour,Hors agglomération,Hors intersection,Normale,Deux véhicules - frontale,3,2,2,0,1,1,1,0,1,80,2,2,0,0,2,0,75.0,25.0,voiture,voiture,1,1,1,1,1
202300045160,2023-06-18 23:50:00,2023,6,18,23,50,25,25122,d 72,46.947977,6.180024,Nuit sans éclairage public,Hors agglomération,Hors intersection,Normale,Autre collision,3,2,2,0,2,1,1,0,1,80,1,5,0,0,2,3,18.0,,voiture,,3,1,1,1,6
202300045161,2023-06-18 15:40:00,2023,6,18,15,40,15,15108,D13,44.943896,3.150158,Plein jour,Hors agglomération,Hors intersection,Temps éblouissant,Deux véhicules - frontale,3,2,2,0,1,1,1,0,1,90,2,2,1,0,1,0,20.0,74.0,voiture,voiture,1,1,1,7,1
202300045162,2023-06-19 17:44:00,2023,6,19,17,44,15,15118,RD 58,45.00006289,2.48421907,Plein jour,En agglomération,Hors intersection,Pluie légère,Deux véhicules - frontale,3,2,2,0,2,4,2,0,1,50,2,5,4,0,1,0,55.0,16.0,utilitaire_camion,deux_roues,1,2,1,2,1
202300045163,2023-06-09 04:25:00,2023,6,9,4,25,54,54416,Route d’Euvezin,48.930523,5.8191,Nuit sans éclairage public,Hors agglomération,Hors intersection,Normale,Autre collision,4,2,2,0,1,2,1,0,1,80,1,1,0,0,1,0,22.0,,voiture,,3,1,1,1,6
202300045164,2023-06-17 12:40:00,2023,6,17,12,40,06,06119,M2205,44.293015,6.901646,Plein jour,Hors agglomération,Hors intersection,Normale,Sans collision,7,2,2,0,2,1,1,0,3,-1,1,1,0,1,0,0,68.0,,deux_roues,,1,1,1,1,7
202300045165,2023-06-16 16:00:00,2023,6,16,16,0,06,06035,3494 Route de Castellar,43.79588,7.496635,Plein jour,Hors agglomération,Hors intersection,Normale,Deux véhicules - côté,3,2,2,0,2,3,1,0,1,80,2,2,1,0,0,1,14.0,24.0,deux_roues,voiture,1,1,1,1,3
202300045166,2023-06-18 03:15:00,2023,6,18,3,15,05,05142,PR 005+290 RN 85,44.77721452,5.98851268,Nuit sans éclairage public,Hors agglomération,Hors intersection,Normale,Autre collision,2,2,2,0,1,1,1,0,1,80,1,1,0,0,0,1,24.0,,utilitaire_camion,,3,1,1,1,6
202300045167,2023-06-19 04:00:00,2023,6,19,4,0,50,50487,La Croisette (Saint-James),48.538421,-1.333798,Nuit sans éclairage public,Hors agglomération,Hors intersection,Normale,Deux véhicules - frontale,3,2,2,0,2,1,1,0,1,80,2,3,2,1,0,0,29.0,47.0,voiture,utilitaire_camion,3,1,1,1,1
202300045168,2023-05-10 19:30:00,2023,5,10,19,30,83,83025,1151 Chemin du Gavelier,43.533145,5.936136,Plein jour,En agglomération,Hors intersection,Normale,Deux véhicules - frontale,4,2,2,0,1,3,1,0,1,30,2,2,1,0,0,1,16.0,38.0,deux_roues,utilitaire_camion,1,2,1,1,1
202300045169,2023-06-19 08:35:00,2023,6,19,8,35,85,85146,RD93,47.023717,-1.3329911,Plein jour,Hors agglomération,Hors intersection,Normale,Sans collision,3,2,2,0,1,1,1,0,8,80,1,1,0,0,1,0,20.0,,deux_roues,,1,1,1,1,7
202300045170,2023-06-18 19:45:00,2023,6,18,19,45,30,30053,,43.995412,4.219372,Crépuscule ou aube,Hors agglomération,Hors intersection,Normale,Autre collision,3,2,2,0,1,3,1,0,3,80,1,2,1,0,1,0,29.0,,voiture,,2,1,1,1,6
202300045171,2023-06-18 20:53:00,2023,6,18,20,53,48,48127,D806,44.658038,3.452764,Crépuscule ou aube,Hors agglomération,Hors intersection,Normale,Sans collision,3,2,2,0,1,1,1,0,3,90,1,1,0,0,1,0,35.0,,deux_roues,,2,1,1,1,7
202300045172,2023-06-18 22:30:00,2023,6,18,22,30,34,34333,RD612,43.503233,3.790002,Nuit avec éclairage non allumé,Hors agglomération,Hors intersection,Normale,Trois véhicules et plus - collisions multiples,3,2,0,0,1,1,1,0,1,90,4,5,2,0,0,3,71.0,29.0,voiture,voiture,4,1,1,1,5
202300045173,2023-06-18 21:20:00,2023,6,18,21,20,987,98715,"Rue Nelson Mandela, Pamatai",-17.584,-149.56,Nuit avec éclairage allumé,En agglomération,Hors intersection,Normale,Deux véhicules - frontale,2,2,2,0,1,1,1,0,1,50,2,2,0,0,2,0,38.0,21.0,deux_roues,deux_roues,5,2,1,1,1
202300045174,2023-06-18 08:55:00,2023,6,18,8,55,51,51171,"AUTOROUTE A26, PK 247.400 SENS CALAIS-REIMS",49.377455,3.946495,Plein jour,Hors agglomération,Hors intersection,Normale,Sans collision,1,3,2,3,1,1,2,0,3,130,1,2,0,0,1,1,55.0,,voiture,,1,1,1,1,7
202300045175,2023-06-11 07:50:00,2023,6,11,7,50,34,34203,,43.408352,3.497429,Plein jour,Hors agglomération,Hors intersection,Normale,Trois véhicules et plus - en chaîne,1,2,3,0,1,1,1,0,1,130,3,5,4,0,1,0,59.0,47.0,utilitaire_camion,voiture,1,1,1,1,4
202300045176,2023-06-17 06:30:00,2023,6,17,6,30,27,27188,A13 PK 105+950 direction ROUEN,49.296248,1.121399,Crépuscule ou aube,Hors agglomération,Hors intersection,Normale,Deux véhicules - arrière,1,3,3,0,1,1,1,0,1,130,2,6,4,0,0,2,30.0,59.0,voiture,voiture,2,1,1,1,2
202300045177,2023-06-17 18:00:00,2023,6,17,18,0,69,69097,La Fournachère,45.51644236,4.70870852,Plein jour,Hors agglomération,Hors intersection,Normale,Sans collision,3,2,2,0,2,3,9,0,1,80,1,1,0,0,1,0,36.0,,deux_roues,,1,1,1,1,7
202300045178,2023-06-18 04:00:00,2023,6,18,4,0,987,98714,Vairupe,-16.388,-151.765,Nuit avec éclairage allumé,Hors agglomération,Hors intersection,Normale,Autre collision,2,2,2,0,1,1,1,0,3,60,1,2,1,0,1,0,24.0,,deux_roues,,5,1,1,1,6
202300045179,2023-06-17 21:40:00,2023,6,17,21,40,77,77318,RD216/D20,48.792563,2.934857,Crépuscule ou aube,Hors agglomération,Intersection en X,Normale,Deux véhicules - côté,3,2,2,0,1,1,1,0,1,80,2,3,0,0,2,1,20.0,25.0,voiture,voiture,2,1,2,1,3
202300045179,2023-06-17 21:40:00,2023,6,17,21,40,77,77318,RD216/D20,48.792563,2.934857,Crépuscule ou aube,Hors agglomération,Intersection en X,Normale,Deux véhicules - côté,3,2,2,0,1,1,1,5,1,80,2,3,0,0,2,1,20.0,25.0,voiture,voiture,2,1,2,1,3
202300045180,2023-06-19 09:35:00,2023,6,19,9,35,2B,2B314,D81,42.662131,9.208174,Plein jour,Hors agglomération,Hors intersection,Normale,Sans collision,3,2,2,0,1,1,1,0,1,80,1,1,0,0,1,0,58.0,,deux_roues,,1,1,1,1,7
202300045181,2023-06-18 21:30:00,2023,6,18,21,30,34,34289,RD18,43.390508,3.400637,Crépuscule ou aube,Hors agglomération,Hors intersection,Normale,Autre collision,3,2,2,0,1,1,1,0,3,90,1,1,0,1,0,0,42.0,,voiture,,2,1,1,1,6
202300045182,2023-06-17 20:00:00,2023,6,17,20,0,84,84016,Chemin de Causan,44.057631,4.907606,Plein jour,Hors agglomération,Hors intersection,Normale,Autre collision,3,2,2,0,1,1,1,0,3,80,1,1,0,0,1,0,19.0,,voiture,,1,1,1,1,6
202300045183,2023-06-17 11:46:00,2023,6,17,11,46,06,06141,Toudon,43.901762,7.085093,Plein jour,Hors agglomération,Hors intersection,Normale,Sans collision,3,2,2,0,1,3,1,0,8,80,1,1,0,1,0,0,34.0,,voiture,,1,1,1,1,7
202300045184,2023-06-15 12:24:00,2023,6,15,12,24,05,05065,RD902 lieu dit peyre haute,44.641208,6.662221,Plein jour,Hors agglomération,Hors intersection,Normale,Sans collision,3,2,2,0,2,2,1,0,1,80,1,1,0,0,0,1,82.0,,deux_roues,,1,1,1,1,7
202300045185,2023-06-18 00:15:00,2023,6,18,0,15,13,13048,D96,43.652876,5.610795,Nuit sans éclairage public,Hors agglomération,Hors intersection,Normale,Deux véhicules - frontale,3,2,2,0,1,1,1,0,1,80,2,2,1,0,0,1,23.0,23.0,voiture,voiture,3,1,1,1,1
202300045186,2023-06-19 14:05:00,2023,6,19,14,5,70,70310,D64,47.694014,6.508713,Plein jour,Hors agglomération,Hors intersection,Normale,Deux véhicules - arrière,3,2,2,1,1,3,1,0,5,80,2,2,1,1,0,0,75.0,55.0,voiture,deux_roues,1,1,1,1,2
202300045187,2023-06-17 21:03:00,2023,6,17,21,3,57,57058,Place de marché,49.170176,6.932572,Plein jour,En agglomération,Hors intersection,Normale,Autre collision,9,-1,1,3,1,1,1,6,8,-1,1,1,0,1,0,0,23.0,,deux_roues,,1,2,1,1,6
202300045188,2023-04-01 07:45:00,2023,4,1,7,45,73,73232,D902,45.54879245,6.90603339,Plein jour,Hors agglomération,Hors intersection,Neige / grêle,Autre collision,3,2,2,0,2,2,5,0,1,80,1,4,1,0,0,3,30.0,,voiture,,1,1,1,4,6
202300045189,2023-06-17 20:06:00,2023,6,17,20,6,38,38061,Route de Champ - Chabert,45.340525,5.616304,Plein jour,En agglomération,Hors intersection,Normale,Deux véhicules - arrière,4,2,2,0,2,1,1,0,1,30,2,2,1,0,0,1,42.0,49.0,voiture,deux_roues,1,2,1,1,2
202300045190,2023-06-18 17:30:00,2023,6,18,17,30,09,09282,D14,43.227753,1.603659,Plein jour,Hors agglomération,Hors intersection,Normale,Deux véhicules - côté,3,2,2,0,1,1,1,0,1,30,2,2,1,0,0,1,24.0,24.0,deux_roues,deux_roues,1,1,1,1,3
202300045191,2023-05-02 19:00:00,2023,5,2,19,0,49,49301,D91,47.10879824,-0.99595785,Plein jour,Hors agglomération,Intersection en X,Normale,Deux véhicules - côté,3,2,2,0,1,1,1,0,1,80,2,2,1,0,0,1,61.0,78.0,voiture,voiture,1,1,2,1,3
202300045191,2023-05-02 19:00:00,2023,5,2,19,0,49,49301,D91,47.10879824,-0.99595785,Plein jour,Hors agglomération,Intersection en X,Normale,Deux véhicules - côté,3,2,2,0,1,1,1,0,1,50,2,2,1,0,0,1,61.0,78.0,voiture,voiture,1,1,2,1,3
202300045192,2023-06-18 07:30:00,2023,6,18,7,30,29,29046,Rue Duguay Trouin,48.092121,-4.330866,Plein jour,En agglomération,Hors intersection,Normale,Autre collision,4,2,2,0,1,1,1,0,1,30,2,3,2,0,1,0,74.0,19.0,voiture,voiture,1,2,1,1,6
202300045193,2023-06-17 11:45:00,2023,6,17,11,45,60,60107,Rue des Charpentiers,49.363036,2.44294,Plein jour,Hors agglomération,Hors intersection,Normale,Autre collision,4,2,2,0,1,1,1,0,3,80,1,2,1,0,1,0,13.0,,deux_roues,,1,1,1,1,6
202300045194,2023-06-19 12:26:00,2023,6,19,12,26,60,60103,,49.410482,2.225832,Plein jour,Hors agglomération,Hors intersection,Temps éblouissant,Autre collision,3,2,2,0,1,1,1,0,1,80,1,2,1,0,1,0,87.0,,voiture,,1,1,1,7,6
202300045195,2023-06-16 18:15:00,2023,6,16,18,15,59,59660,Rue de Sailly,50.63666048,3.22141886,Plein jour,Hors agglomération,Hors intersection,Normale,Sans collision,4,2,2,0,1,2,1,0,1,50,1,1,0,0,0,1,37.0,,deux_roues,,1,1,1,1,7
202300045196,2023-03-17 20:45:00,2023,3,17,20,45,73,73075,D925B,45.444416,6.06235,Nuit sans éclairage public,Hors agglomération,Hors intersection,Normale,Deux véhicules - côté,3,2,2,2,1,2,1,0,1,80,2,3,0,1,2,0,19.0,23.0,voiture,voiture,3,1,1,1,3
202300045197,2023-03-13 08:45:00,2023,3,13,8,45,73,73162,D1090,45.607347,6.283159,Plein jour,Hors agglomération,Hors intersection,Normale,Trois véhicules et plus - collisions multiples,3,2,2,0,1,1,1,0,1,70,3,3,1,0,0,2,34.0,22.0,voiture,voiture,1,1,1,1,5
202300045198,2023-06-17 12:40:00,2023,6,17,12,40,94,94081,Rue Amédée Huon,48.80402173,2.38487944,Plein jour,En agglomération,Hors intersection,Normale,Deux véhicules - côté,4,2,2,0,1,1,1,0,1,50,2,2,1,0,0,1,53.0,15.0,voiture,deux_roues,1,2,1,1,3
202300045199,2023-06-17 16:00:00,2023,6,17,16,0,94,94033,Rue Pierre Dulac,48.84788,2.46415,Plein jour,En agglomération,Intersection en T,Normale,Autre collision,4,1,1,0,1,1,1,0,1,-1,1,1,0,0,0,1,22.0,,deux_roues,,1,2,3,1,6
202300045199,2023-06-17 16:00:00,2023,6,17,16,0,94,94033,Rue Pierre Dulac,48.84788,2.46415,Plein jour,En agglomération,Intersection en T,Normale,Autre collision,4,1,1,0,1,1,1,0,1,50,1,1,0,0,0,1,22.0,,deux_roues,,1,2,3,1,6
202300045200,2023-06-16 23:50:00,2023,6,16,23,50,94,94033,Boulevard de Verdun,48.85368,2.46973,Nuit avec éclairage allumé,En agglomération,Intersection à plus de 4 branches,Normale,Deux véhicules - côté,3,2,2,0,3,1,1,5,1,30,2,2,1,0,0,1,23.0,19.0,voiture,deux_roues,5,2,5,1,3
202300045200,2023-06-16 23:50:00,2023,6,16,23,50,94,94033,Boulevard de Verdun,48.85368,2.46973,Nuit avec éclairage allumé,En agglomération,Intersection à plus de 4 branches,Normale,Deux véhicules - côté,3,2,2,0,1,1,1,5,1,30,2,2,1,0,0,1,23.0,19.0,voiture,deux_roues,5,2,5,1,3
202300045201,2023-06-17 22:00:00,2023,6,17,22,0,93,93073,Rue de Bourgogne / Avenue Roger Salengro,48.94496981,2.58574784,Crépuscule ou aube,En agglomération,Intersection en X,Normale,Deux véhicules - côté,4,1,1,0,1,1,1,0,1,50,2,2,1,0,0,1,60.0,,deux_roues,voiture,2,2,2,1,3
202300045201,2023-06-17 22:00:00,2023,6,17,22,0,93,93073,Rue de Bourgogne / Avenue Roger Salengro,48.94496981,2.58574784,Crépuscule ou aube,En agglomération,Intersection en X,Normale,Deux véhicules - côté,4,2,2,0,1,1,1,0,1,50,2,2,1,0,0,1,60.0,,deux_roues,voiture,2,2,2,1,3
202300045202,2023-06-17 13:40:00,2023,6,17,13,40,93,93073,Aeroport Charles de Gaulle,49.00318,2.56574,Plein jour,Hors agglomération,Autre intersection,Normale,Deux véhicules - arrière,5,4,2,0,1,2,1,2,1,50,2,2,1,0,0,1,60.0,53.0,deux_roues,voiture,1,1,9,1,2
202300045203,2023-06-17 21:57:00,2023,6,17,21,57,93,93055,Avenue Jean Lolive,48.89073491,2.40059316,Nuit avec éclairage allumé,En agglomération,Hors intersection,Normale,Deux véhicules - côté,3,2,3,1,1,1,1,0,1,50,2,2,1,0,0,1,28.0,39.0,voiture,deux_roues,5,2,1,1,3
202300045204,2023-06-17 05:15:00,2023,6,17,5,15,93,93032,Rue Parmentier / Avenue Jean Jaurès,48.88379772,2.53135326,Crépuscule ou aube,En agglomération,Intersection en T,Normale,Autre collision,3,2,3,0,1,2,1,5,3,50,1,4,0,0,0,4,20.0,,voiture,,2,2,3,1,6