accident_id,datetime,annee,mois,jour,heure,minute,departement,commune_insee,adresse,latitude,longitude,luminosite,agglomeration,intersection,meteo,collision,catr,circ,nbv,vosp,prof,plan,surf,infra,situ,vma,nb_vehicules,nb_usagers,nb_indemnes,nb_tues,nb_blesses_hosp,nb_blesses_legers,age_cond_1,age_cond_2,veh_type_cond_1,veh_type_cond_2,lum_code,agg_code,int_code,atm_code,col_code
202300045204,2023-06-17 05:15:00,2023,6,17,5,15,93,93032,Rue Parmentier / Avenue Jean Jaurès,48.88379772,2.53135326,Crépuscule ou aube,En agglomération,Intersection en T,Normale,Autre collision,3,3,4,0,1,2,1,0,3,50,1,4,0,0,0,4,20.0,,voiture,,2,2,3,1,6
202300045205,2023-06-17 17:00:00,2023,6,17,17,0,93,93079,Avenue Jean Jaurès,48.96409235,2.34861799,Plein jour,En agglomération,Hors intersection,Normale,Autre collision,3,2,2,0,1,1,1,0,1,50,1,2,1,0,0,1,45.0,,voiture,,1,2,1,1,6
202300045206,2023-06-17 16:30:00,2023,6,17,16,30,93,93029,Bd Paul Vaillant Couturier / Rue Anatole France,48.92336,2.44595,Plein jour,En agglomération,Intersection en X,Normale,Autre collision,3,2,2,-1,1,1,1,0,1,-1,1,2,1,0,0,1,26.0,,voiture,,1,2,2,1,6
202300045206,2023-06-17 16:30:00,2023,6,17,16,30,93,93029,Bd Paul Vaillant Couturier / Rue Anatole France,48.92336,2.44595,Plein jour,En agglomération,Intersection en X,Normale,Autre collision,3,3,4,0,1,1,1,0,1,25,1,2,1,0,0,1,26.0,,voiture,,1,2,2,1,6
202300045207,2023-06-17 12:15:00,2023,6,17,12,15,93,93057,Allée Jean-baptiste Clément,48.90711017,2.50608261,Plein jour,En agglomération,Hors intersection,Normale,Deux véhicules - frontale,4,2,2,0,1,1,1,0,1,50,2,3,1,0,0,2,41.0,41.0,voiture,voiture,1,2,1,1,1
202300045208,2023-06-17 08:30:00,2023,6,17,8,30,93,93010,Avenue Galliéni,48.9062762,2.48219473,Plein jour,En agglomération,Hors intersection,Normale,Deux véhicules - arrière,3,3,6,0,1,1,1,0,1,50,2,2,0,0,1,1,16.0,30.0,deux_roues,voiture,1,2,1,1,2
202300045209,2023-06-16 15:30:00,2023,6,16,15,30,92,92072,MANUFACTURE NATIONALE (PLACE DE LA),48.829089,2.224378,Plein jour,En agglomération,Hors intersection,Normale,Trois véhicules et plus - en chaîne,3,3,4,0,1,1,1,0,1,50,3,3,1,0,0,2,50.0,43.0,voiture,voiture,1,2,1,1,4
202300045210,2023-06-16 09:06:00,2023,6,16,9,6,60,60284,Rue de la Croix Blanche,49.378294,2.652694,Plein jour,En agglomération,Giratoire,Normale,Sans collision,4,2,2,0,1,2,1,5,1,50,1,1,0,0,0,1,60.0,,deux_roues,,1,2,6,1,7
202300045211,2023-06-17 20:45:00,2023,6,17,20,45,35,35219,les quatre vents,47.792032,-1.923401,Plein jour,Hors agglomération,Hors intersection,Temps couvert,Deux véhicules - frontale,4,2,2,0,3,2,1,0,1,80,2,3,2,0,1,0,21.0,21.0,deux_roues,voiture,1,1,1,8,1
202300045212,2023-06-17 12:30:00,2023,6,17,12,30,24,24299,intersection avenue georges clémenceau/ rue du général de gaulle,45.036612,0.357732,Plein jour,En agglomération,Intersection en T,Normale,Deux véhicules - côté,3,2,2,0,1,1,1,0,1,50,2,2,1,0,1,0,39.0,31.0,voiture,deux_roues,1,2,3,1,3
202300045212,2023-06-17 12:30:00,2023,6,17,12,30,24,24299,intersection avenue georges clémenceau/ rue du général de gaulle,45.036612,0.357732,Plein jour,En agglomération,Intersection en T,Normale,Deux véhicules - côté,3,2,2,0,1,1,1,0,1,50,2,2,1,0,1,0,39.0,31.0,voiture,deux_roues,1,2,3,1,3
202300045213,2023-06-16 22:15:00,2023,6,16,22,15,62,62053,D58,50.60074939,2.13023179,Nuit sans éclairage public,Hors agglomération,Intersection en X,Normale,Deux véhicules - côté,3,2,2,0,1,1,1,0,1,80,2,3,2,0,1,0,29.0,61.0,voiture,voiture,3,1,2,1,3
202300045213,2023-06-16 22:15:00,2023,6,16,22,15,62,62053,D58,50.60074939,2.13023179,Nuit sans éclairage public,Hors agglomération,Intersection en X,Normale,Deux véhicules - côté,3,2,2,0,1,1,1,0,1,80,2,3,2,0,1,0,29.0,61.0,voiture,voiture,3,1,2,1,3
202300045214,2023-06-17 17:05:00,2023,6,17,17,5,91,91235,D445,48.627364,2.354738,Plein jour,Hors agglomération,Autre intersection,Normale,Deux véhicules - côté,3,2,0,0,1,1,1,3,1,90,2,6,2,0,2,2,20.0,49.0,voiture,voiture,1,1,9,1,3
202300045215,2023-06-17 16:16:00,2023,6,17,16,16,26,26139,D608,45.077347,5.076746,Plein jour,Hors agglomération,Hors intersection,Temps éblouissant,Sans collision,3,2,2,0,1,3,1,0,3,80,1,1,0,0,1,0,70.0,,deux_roues,,1,1,1,7,7
202300045216,2023-06-17 07:05:00,2023,6,17,7,5,17,17420,20 Rue de la Ragoterie,46.086582,-1.063303,Crépuscule ou aube,En agglomération,Hors intersection,Temps éblouissant,Deux véhicules - frontale,3,2,2,0,1,2,1,0,1,50,2,2,0,0,0,2,40.0,23.0,voiture,voiture,2,2,1,7,1
202300045217,2023-06-18 10:15:00,2023,6,18,10,15,54,54477,RD 952 ,49.02443587,5.90732932,Plein jour,Hors agglomération,Hors intersection,Normale,Sans collision,3,2,2,0,2,2,1,0,3,80,1,1,0,0,1,0,23.0,,deux_roues,,1,1,1,1,7
202300045218,2023-06-17 10:10:00,2023,6,17,10,10,30,30202,Rue de l'Elysée,44.2566,4.64427,Plein jour,En agglomération,Autre intersection,Normale,Autre collision,4,2,2,0,1,1,1,9,8,-1,1,2,1,0,1,0,39.0,,voiture,,1,2,9,1,6
202300045219,2023-06-18 17:20:00,2023,6,18,17,20,95,95144,D9,49.066074,2.449543,Plein jour,Hors agglomération,Hors intersection,Normale,Autre collision,3,2,2,0,2,3,1,0,3,80,1,1,0,1,0,0,86.0,,voiture,,1,1,1,1,6
202300045220,2023-06-17 20:15:00,2023,6,17,20,15,51,51424,79 Grande Rue,49.020355,4.995453,Plein jour,Hors agglomération,Hors intersection,Normale,Sans collision,3,2,2,0,1,1,9,9,8,80,1,1,0,0,0,1,22.0,,deux_roues,,1,1,1,1,7
202300045221,2023-06-17 09:00:00,2023,6,17,9,0,19,19259,D41,45.015746,1.984228,Plein jour,Hors agglomération,Hors intersection,Normale,Sans collision,3,2,2,0,1,1,1,0,8,90,1,3,2,0,1,0,22.0,,voiture,,1,1,1,1,7
202300045222,2023-06-17 07:30:00,2023,6,17,7,30,56,56003,Chemin du Moulin,47.626496,-2.857448,Crépuscule ou aube,Hors agglomération,Hors intersection,Normale,Autre collision,4,2,2,0,1,1,1,0,3,80,1,1,0,0,1,0,19.0,,voiture,,2,1,1,1,6
202300045223,2023-06-17 21:31:00,2023,6,17,21,31,80,80557,route nationale,49.877553,2.997143,Crépuscule ou aube,En agglomération,Hors intersection,Normale,Sans collision,3,2,2,0,1,1,1,0,1,50,1,1,0,1,0,0,30.0,,deux_roues,,2,2,1,1,7
202300045224,2023-06-18 14:50:00,2023,6,18,14,50,82,82026,Peyreferrande,44.040805,1.672776,Plein jour,Hors agglomération,Hors intersection,Normale,Deux véhicules - frontale,3,2,2,0,1,3,1,0,1,80,2,2,0,1,0,1,37.0,21.0,voiture,deux_roues,1,1,1,1,1
202300045225,2023-06-17 15:10:00,2023,6,17,15,10,65,65428,D13,42.971524,-0.153932,Plein jour,Hors agglomération,Hors intersection,Normale,Deux véhicules - frontale,3,2,2,0,2,3,1,0,1,80,2,2,1,0,1,0,49.0,65.0,voiture,deux_roues,1,1,1,1,1
202300045226,2023-06-16 20:50:00,2023,6,16,20,50,81,81307,D612 avenue de castres,43.569734,2.295928,Plein jour,Hors agglomération,Hors intersection,Normale,Autre collision,3,2,2,0,1,1,1,0,3,80,1,1,0,1,0,0,26.0,,voiture,,1,1,1,1,6
202300045227,2023-06-18 08:30:00,2023,6,18,8,30,71,71196,Champ du Vernay,46.661572,5.36047,Plein jour,Hors agglomération,Hors intersection,Normale,Autre collision,3,2,2,0,1,1,1,0,3,90,1,1,0,0,1,0,24.0,,voiture,,1,1,1,1,6
202300045228,2023-06-18 10:45:00,2023,6,18,10,45,89,89194,,47.67013,3.98873,Plein jour,Hors agglomération,Hors intersection,Normale,Sans collision,3,2,2,0,2,2,1,0,3,80,1,3,2,0,1,0,25.0,,voiture,,1,1,1,1,7
202300045229,2023-06-17 21:20:00,2023,6,17,21,20,63,63448,Les moirats,45.522871,3.420546,Crépuscule ou aube,Hors agglomération,Hors intersection,Normale,Autre collision,4,2,2,0,2,3,1,0,3,90,1,1,0,0,1,0,20.0,,deux_roues,,2,1,1,1,6
202300045230,2023-06-16 18:00:00,2023,6,16,18,0,49,49178,Rd 73,47.615855,-0.95742,Plein jour,Hors agglomération,Hors intersection,Normale,Sans collision,3,2,2,0,1,1,9,0,1,80,1,1,0,0,1,0,33.0,,voiture,,1,1,1,1,7
202300045231,2023-06-17 03:34:00,2023,6,17,3,34,49,49378,Rue Nationale,47.325731,-0.055801,Nuit avec éclairage allumé,En agglomération,Hors intersection,Normale,Autre collision,3,2,2,0,1,1,1,0,1,50,1,1,0,0,1,0,21.0,,deux_roues,,5,2,1,1,6
202300045232,2023-06-17 12:30:00,2023,6,17,12,30,46,46323,lieu dit le mas de goudou,44.58398,1.498958,Plein jour,Hors agglomération,Hors intersection,Normale,Autre collision,3,2,2,0,1,1,1,0,3,80,1,2,0,0,1,1,88.0,,voiture,,1,1,1,1,6
202300045233,2023-11-02 09:00:00,2023,11,2,9,0,69,69013,1209 Route de Chantegrillet,46.01061531,4.71971421,Crépuscule ou aube,En agglomération,Hors intersection,Pluie légère,Deux véhicules - côté,4,2,2,0,1,1,2,0,1,50,2,2,1,0,0,1,77.0,32.0,voiture,voiture,2,2,1,2,3
202300045234,2023-11-01 00:30:00,2023,11,1,0,30,69,69259,Avenue Jean Cagne,45.69398,4.87502,Nuit avec éclairage allumé,En agglomération,Intersection en X,Normale,Deux véhicules - côté,4,2,2,3,1,1,1,0,1,50,2,6,0,0,0,6,18.0,42.0,voiture,voiture,5,2,2,1,3
202300045234,2023-11-01 00:30:00,2023,11,1,0,30,69,69259,Avenue Jean Cagne,45.69398,4.87502,Nuit avec éclairage allumé,En agglomération,Intersection en X,Normale,Deux véhicules - côté,4,2,3,0,1,1,1,0,1,30,2,6,0,0,0,6,18.0,42.0,voiture,voiture,5,2,2,1,3
202300045235,2023-11-02 18:20:00,2023,11,2,18,20,67,67267,SCHUMAN (AVENUE),48.55893,7.69316,Nuit avec éclairage allumé,En agglomération,Intersection en T,Normale,Deux véhicules - frontale,4,2,2,0,1,1,2,0,1,50,2,2,1,0,0,1,52.0,22.0,voiture,voiture,5,2,3,1,1
202300045235,2023-11-02 18:20:00,2023,11,2,18,20,67,67267,SCHUMAN (AVENUE),48.55893,7.69316,Nuit avec éclairage allumé,En agglomération,Intersection en T,Normale,Deux véhicules - frontale,4,2,3,0,1,1,2,0,1,50,2,2,1,0,0,1,52.0,22.0,voiture,voiture,5,2,3,1,1
202300045236,2023-11-02 17:50:00,2023,11,2,17,50,67,67218,STRASBOURG (AVENUE DE),48.54535,7.73814,Nuit avec éclairage allumé,En agglomération,Hors intersection,Normale,Deux véhicules - arrière,4,1,3,1,1,1,1,0,1,50,2,2,1,0,0,1,23.0,26.0,voiture,deux_roues,5,2,1,1,2
202300045237,2023-11-01 17:40:00,2023,11,1,17,40,67,67482,SCHIRMECK (ROUTE DE),48.57303,7.71712,Crépuscule ou aube,En agglomération,Hors intersection,Pluie légère,Deux véhicules - côté,4,2,4,3,1,1,2,9,1,50,2,2,1,0,0,1,30.0,19.0,voiture,voiture,2,2,1,2,3
202300045238,2023-11-02 18:45:00,2023,11,2,18,45,65,65440,CARNOT (RUE),43.21956037,0.07083416,Nuit avec éclairage allumé,En agglomération,Hors intersection,Pluie légère,Autre collision,4,2,2,0,1,1,2,0,1,50,1,2,1,0,1,0,69.0,,voiture,,5,2,1,2,6
202300045239,2023-11-02 11:45:00,2023,11,2,11,45,64,64445,DIDIER DAURAT,43.32827,-0.3795,Plein jour,En agglomération,Hors intersection,Pluie forte,Autre collision,4,2,2,0,1,1,2,9,1,50,2,3,2,0,0,1,21.0,29.0,voiture,voiture,1,2,1,3,6
202300045240,2023-11-01 19:48:00,2023,11,1,19,48,64,64445,ALSACE LORRAINE D',43.30473,-0.36962,Nuit avec éclairage allumé,En agglomération,Hors intersection,Pluie légère,Autre collision,4,2,2,1,1,1,2,0,1,50,1,2,1,0,0,1,22.0,,voiture,,5,2,1,2,6
202300045241,2023-11-02 15:45:00,2023,11,2,15,45,64,64024,BAB (BOULEVARD DU),43.49683,-1.49829,Plein jour,En agglomération,Hors intersection,Pluie forte,Deux véhicules - côté,4,3,4,0,1,1,2,5,1,50,2,3,2,0,0,1,39.0,81.0,utilitaire_camion,voiture,1,2,1,3,3
202300045242,2023-10-28 15:00:00,2023,10,28,15,0,62,62041,Boulevard du Général de Gaulle,50.285462,2.767908,Plein jour,En agglomération,Intersection en X,Normale,Deux véhicules - côté,4,1,2,0,1,1,1,0,8,50,2,2,1,0,0,1,51.0,26.0,deux_roues,utilitaire_camion,1,2,2,1,3
202300045242,2023-10-28 15:00:00,2023,10,28,15,0,62,62041,Boulevard du Général de Gaulle,50.285462,2.767908,Plein jour,En agglomération,Intersection en X,Normale,Deux véhicules - côté,4,-1,2,0,1,1,1,0,8,50,2,2,1,0,0,1,51.0,26.0,deux_roues,utilitaire_camion,1,2,2,1,3
202300045243,2023-10-09 17:20:00,2023,10,9,17,20,62,62753,D60,50.30686,2.802044,Plein jour,En agglomération,Intersection en T,Normale,Deux véhicules - côté,3,2,3,1,1,1,1,5,5,50,2,2,1,0,0,1,54.0,60.0,voiture,deux_roues,1,2,3,1,3
202300045243,2023-10-09 17:20:00,2023,10,9,17,20,62,62753,D60,50.30686,2.802044,Plein jour,En agglomération,Intersection en T,Normale,Deux véhicules - côté,3,1,1,0,2,2,1,5,5,50,2,2,1,0,0,1,54.0,60.0,voiture,deux_roues,1,2,3,1,3
202300045244,2023-11-02 21:25:00,2023,11,2,21,25,59,59512,GAMBETTA (BOULEVARD),50.69217,3.18396,Nuit avec éclairage allumé,En agglomération,Hors intersection,Pluie forte,Autre collision,4,1,3,3,1,1,2,0,6,50,1,2,1,0,0,1,32.0,,transport_commun,,5,2,1,3,6
202300045245,2023-11-02 05:45:00,2023,11,2,5,45,59,59476,MARCOING (ROUTE DE),50.14473,3.21352,Nuit sans éclairage public,En agglomération,Hors intersection,Vent fort / tempête,Autre collision,3,2,2,0,1,1,2,0,1,50,1,2,1,0,1,0,30.0,,voiture,,3,2,1,6,6
202300045246,2023-11-02 12:05:00,2023,11,2,12,5,58,58194,PIERRE BEREGOVOY,46.99069,3.15905,Plein jour,En agglomération,Intersection en T,Pluie forte,Deux véhicules - côté,4,1,1,0,1,1,2,0,1,30,2,2,1,0,0,1,49.0,47.0,voiture,deux_roues,1,2,3,3,3
202300045246,2023-11-02 12:05:00,2023,11,2,12,5,58,58194,PIERRE BEREGOVOY,46.99069,3.15905,Plein jour,En agglomération,Intersection en T,Pluie forte,Deux véhicules - côté,4,1,1,0,1,1,2,0,1,30,2,2,1,0,0,1,49.0,47.0,voiture,deux_roues,1,2,3,3,3
202300045247,2023-11-02 14:10:00,2023,11,2,14,10,56,56083,JACQUELINE AURIOL (RUE),47.79851,-3.2671,Plein jour,En agglomération,Hors intersection,Pluie légère,Autre collision,4,2,2,0,1,4,2,0,4,30,1,1,0,0,0,1,85.0,,voiture,,1,2,1,2,6
202300045248,2023-11-01 18:10:00,2023,11,1,18,10,56,56121,SCORFF ( BD DU ),47.76164,-3.36633,Nuit avec éclairage allumé,En agglomération,Hors intersection,Pluie forte,Deux véhicules - côté,4,2,2,3,1,1,2,0,1,30,2,2,1,0,0,1,36.0,25.0,voiture,deux_roues,5,2,1,3,3
202300045249,2023-11-01 20:00:00,2023,11,1,20,0,54,54257,RM 570,48.647577,6.182311,Nuit avec éclairage allumé,En agglomération,Intersection en X,Normale,Deux véhicules - frontale,7,2,2,0,1,2,1,0,8,50,2,2,1,0,1,0,42.0,30.0,voiture,deux_roues,5,2,2,1,1
202300045249,2023-11-01 20:00:00,2023,11,1,20,0,54,54257,RM 570,48.647577,6.182311,Nuit avec éclairage allumé,En agglomération,Intersection en X,Normale,Deux véhicules - frontale,7,2,3,1,2,1,1,-1,1,70,2,2,1,0,1,0,42.0,30.0,voiture,deux_roues,5,2,2,1,1
202300045250,2023-11-02 14:12:00,2023,11,2,14,12,49,49246,A87,47.41611,-0.50593,Plein jour,En agglomération,Hors intersection,Vent fort / tempête,Autre collision,1,3,3,0,1,1,1,0,1,130,1,2,0,0,0,2,20.0,,voiture,,1,2,1,6,6
202300045251,2023-05-13 01:00:00,2023,5,13,1,0,07,07281,C.D. 533 (VERS LE PUY),44.93512,4.79215,Nuit sans éclairage public,Hors agglomération,Hors intersection,Pluie forte,Sans collision,3,2,2,0,2,2,2,0,3,90,1,1,0,0,0,1,47.0,,voiture,,3,1,1,3,7
202300045252,2023-11-02 19:15:00,2023,11,2,19,15,44,44184,Route Bleue,47.2858,-2.258,Nuit sans éclairage public,Hors agglomération,Hors intersection,Pluie forte,Deux véhicules - arrière,3,3,2,0,1,1,2,0,1,90,2,2,0,0,0,2,33.0,25.0,voiture,utilitaire_camion,3,1,1,3,2
202300045253,2023-05-13 07:30:00,2023,5,13,7,30,06,06030,COLLINES (CHEMIN DES),43.58195,7.02663,Plein jour,En agglomération,Hors intersection,Normale,Autre collision,4,2,2,0,2,1,1,0,1,50,1,1,0,0,0,1,21.0,,voiture,,1,2,1,1,6
202300045254,2023-10-24 09:55:00,2023,10,24,9,55,38,38185,RUE DU 19 MARS 1962,45.18856,5.74455,Plein jour,En agglomération,Intersection en X,Pluie forte,Deux véhicules - côté,7,2,2,1,1,1,2,0,5,30,2,2,1,0,1,0,23.0,87.0,deux_roues,voiture,1,2,2,3,3
202300045254,2023-10-24 09:55:00,2023,10,24,9,55,38,38185,RUE DU 19 MARS 1962,45.18856,5.74455,Plein jour,En agglomération,Intersection en X,Pluie forte,Deux véhicules - côté,7,2,2,1,1,1,2,9,5,30,2,2,1,0,1,0,23.0,87.0,deux_roues,voiture,1,2,2,3,3
202300045255,2023-05-13 16:10:00,2023,5,13,16,10,75,75116,PORTE DAUPHINE,48.869171,2.270687,Plein jour,En agglomération,Hors intersection,Normale,Deux véhicules - arrière,4,1,4,0,1,1,1,0,1,70,2,3,2,0,0,1,86.0,44.0,voiture,utilitaire_camion,1,2,1,1,2
202300045256,2023-11-02 19:35:00,2023,11,2,19,35,33,33063,Boulevard Godard,44.86346,-0.58186,Nuit avec éclairage allumé,En agglomération,Hors intersection,Pluie forte,Autre collision,4,2,4,0,1,1,2,0,1,50,1,2,1,0,1,0,37.0,,deux_roues,,5,2,1,3,6
202300045257,2023-11-02 10:50:00,2023,11,2,10,50,33,33162,190 Avenue du Médoc,44.88740522,-0.64254463,Plein jour,En agglomération,Hors intersection,Temps couvert,Autre collision,4,2,4,2,1,1,2,0,1,50,1,2,1,0,1,0,43.0,,utilitaire_camion,,1,2,1,8,6
202300045258,2023-05-13 12:57:00,2023,5,13,12,57,75,75107,RUE DE L UNIVERSITE,48.861062,2.31326,Plein jour,En agglomération,Intersection en X,Normale,Deux véhicules - côté,4,2,2,0,1,1,1,0,1,30,2,5,4,0,0,1,59.0,25.0,voiture,voiture,1,2,2,1,3
202300045258,2023-05-13 12:57:00,2023,5,13,12,57,75,75107,RUE DE L UNIVERSITE,48.861062,2.31326,Plein jour,En agglomération,Intersection en X,Normale,Deux véhicules - côté,4,2,2,0,1,1,1,0,1,30,2,5,4,0,0,1,59.0,25.0,voiture,voiture,1,2,2,1,3
202300045259,2023-11-01 16:31:00,2023,11,1,16,31,33,33063,Allée de Boutaut,44.87587,-0.57675,Plein jour,En agglomération,Hors intersection,Normale,Autre collision,4,2,4,1,1,1,2,0,3,50,1,2,1,0,1,0,,,deux_roues,,1,2,1,1,6
202300045260,2023-05-13 04:35:00,2023,5,13,4,35,75,75116,ROUTE DE LA MUETTE A NEUILLY,48.871768,2.264369,Nuit avec éclairage allumé,En agglomération,Hors intersection,Normale,Deux véhicules - frontale,4,2,3,0,1,1,1,0,1,30,2,2,1,0,1,0,40.0,27.0,voiture,deux_roues,5,2,1,1,1
202300045261,2023-11-02 10:30:00,2023,11,2,10,30,31,31069,PASTEUR (RUE),43.63435,1.39139,Plein jour,En agglomération,Hors intersection,Normale,Autre collision,4,1,1,0,2,1,1,0,1,30,1,2,1,0,1,0,50.0,,voiture,,1,2,1,1,6
202300045262,2023-05-13 12:30:00,2023,5,13,12,30,75,75120,AVENUE BENOIT FRACHON,48.852104,2.415714,Plein jour,En agglomération,Intersection en T,Normale,Deux véhicules - arrière,4,2,0,0,1,1,1,0,1,30,2,3,2,0,0,1,30.0,62.0,voiture,voiture,1,2,3,1,2
202300045262,2023-05-13 12:30:00,2023,5,13,12,30,75,75120,AVENUE BENOIT FRACHON,48.852104,2.415714,Plein jour,En agglomération,Intersection en T,Normale,Deux véhicules - arrière,4,-1, -1,0,1,1,1,0,1,30,2,3,2,0,0,1,30.0,62.0,voiture,voiture,1,2,3,1,2
202300045263,2023-11-01 17:55:00,2023,11,1,17,55,30,30189,SAUVE (RUE),43.8373,4.3438,Crépuscule ou aube,En agglomération,Hors intersection,Normale,Autre collision,4,1,2,0,2,1,1,0,1,50,1,2,0,0,2,0,92.0,,voiture,,2,2,1,1,6
202300045264,2023-05-13 20:00:00,2023,5,13,20,0,75,75119,ALLEE DARIUS MILHAUD,48.8864,2.393455,Plein jour,En agglomération,Intersection en T,Normale,Autre collision,4,-1,0,0,2,1,1,6,1,20,1,2,1,0,1,0,,,deux_roues,,1,2,3,1,6
202300045264,2023-05-13 20:00:00,2023,5,13,20,0,75,75119,ALLEE DARIUS MILHAUD,48.8864,2.393455,Plein jour,En agglomération,Intersection en T,Normale,Autre collision,4,-1, -1,0,1,1,1,6,1,30,1,2,1,0,1,0,,,deux_roues,,1,2,3,1,6
202300045265,2023-05-13 20:25:00,2023,5,13,20,25,75,75118,RUE JEAN COCTEAU,48.899545,2.34871,Crépuscule ou aube,En agglomération,Hors intersection,Normale,Deux véhicules - arrière,4,-1,2,3,1,1,1,0,1,30,2,3,2,0,0,1,,42.0,voiture,deux_roues,2,2,1,1,2
202300045266,2023-10-06 19:55:00,2023,10,6,19,55,30,30189,Avenue Kennedy,43.8213,4.324,Nuit avec éclairage allumé,En agglomération,Hors intersection,Normale,Trois véhicules et plus - collisions multiples,3,2,4,0,1,1,1,0,1,70,4,7,2,1,0,4,28.0,49.0,voiture,voiture,5,2,1,1,5
202300045267,2023-05-13 20:00:00,2023,5,13,20,0,75,75117,AVENUE DE WAGRAM,48.881514,2.300682,Plein jour,En agglomération,Intersection en X,Normale,Deux véhicules - côté,4,2,2,0,1,1,1,8,1,30,2,2,1,0,0,1,28.0,47.0,voiture,deux_roues,1,2,2,1,3
202300045267,2023-05-13 20:00:00,2023,5,13,20,0,75,75117,AVENUE DE WAGRAM,48.881514,2.300682,Plein jour,En agglomération,Intersection en X,Normale,Deux véhicules - côté,4,2,2,0,1,1,1,8,1,30,2,2,1,0,0,1,28.0,47.0,voiture,deux_roues,1,2,2,1,3
202300045268,2023-11-01 16:45:00,2023,11,1,16,45,22,22113,FRERES LAGADEC (RUE DES),48.72486,-3.4725,Plein jour,En agglomération,Intersection en T,Normale,Autre collision,4,2,2,0,1,1,1,5,4,50,1,1,0,0,0,1,47.0,,voiture,,1,2,3,1,6
202300045268,2023-11-01 16:45:00,2023,11,1,16,45,22,22113,FRERES LAGADEC (RUE DES),48.72486,-3.4725,Plein jour,En agglomération,Intersection en T,Normale,Autre collision,4,2,2,0,1,1,1,5,4,50,1,1,0,0,0,1,47.0,,voiture,,1,2,3,1,6
202300045269,2023-05-13 15:03:00,2023,5,13,15,3,75,75117,AVENUE DE CLICHY,48.88803,2.324617,Plein jour,En agglomération,Intersection en T,Normale,Deux véhicules - côté,4,2,3,3,1,1,1,0,1,30,2,2,1,0,0,1,60.0,,deux_roues,utilitaire_camion,1,2,3,1,3
202300045269,2023-05-13 15:03:00,2023,5,13,15,3,75,75117,AVENUE DE CLICHY,48.88803,2.324617,Plein jour,En agglomération,Intersection en T,Normale,Deux véhicules - côté,4,1,1,0,1,1,1,0,1,30,2,2,1,0,0,1,60.0,,deux_roues,utilitaire_camion,1,2,3,1,3
202300045270,2023-05-12 12:00:00,2023,5,12,12,0,75,75117,RUE DES MOINES,48.887757,2.318363,Plein jour,En agglomération,Intersection en T,Pluie légère,Deux véhicules - côté,4,1,1,0,1,1,2,0,1,30,2,2,1,0,0,1,48.0,30.0,voiture,deux_roues,1,2,3,2,3
202300045270,2023-05-12 12:00:00,2023,5,12,12,0,75,75117,RUE DES MOINES,48.887757,2.318363,Plein jour,En agglomération,Intersection en T,Pluie légère,Deux véhicules - côté,4,1,1,0,1,1,2,0,1,30,2,2,1,0,0,1,48.0,30.0,voiture,deux_roues,1,2,3,2,3
202300045271,2023-11-01 18:10:00,2023,11,1,18,10,14,14366,16 Avenue Jean XXIII,49.14154,0.25243,Nuit sans éclairage public,En agglomération,Intersection en T,Temps couvert,Autre collision,4,3,2,0,1,1,2,0,1,50,1,1,0,0,1,0,,,,,3,2,3,8,6
202300045271,2023-11-01 18:10:00,2023,11,1,18,10,14,14366,16 Avenue Jean XXIII,49.14154,0.25243,Nuit sans éclairage public,En agglomération,Intersection en T,Temps couvert,Autre collision,4,2,2,0,1,1,1,0,1,50,1,1,0,0,1,0,,,,,3,2,3,8,6
202300045272,2023-05-13 10:50:00,2023,5,13,10,50,75,75110,RUE DU FAUBOURG SAINT MARTIN,48.871772,2.35715,Plein jour,En agglomération,Intersection en X,Normale,Deux véhicules - arrière,4,1,1,3,1,1,1,0,1,30,2,2,1,0,0,1,38.0,24.0,voiture,deux_roues,1,2,2,1,2
202300045272,2023-05-13 10:50:00,2023,5,13,10,50,75,75110,RUE DU FAUBOURG SAINT MARTIN,48.871772,2.35715,Plein jour,En agglomération,Intersection en X,Normale,Deux véhicules - arrière,4,1,3,3,1,1,1,0,1,30,2,2,1,0,0,1,38.0,24.0,voiture,deux_roues,1,2,2,1,2
202300045273,2023-11-02 18:00:00,2023,11,2,18,0,13,13054,D9 (BRETELLE),43.42355436,5.23092985,Crépuscule ou aube,En agglomération,Intersection en Y,Pluie légère,Deux véhicules - arrière,3,1,1,0,1,1,2,0,3,50,2,3,2,0,0,1,20.0,41.0,voiture,voiture,2,2,4,2,2
202300045273,2023-11-02 18:00:00,2023,11,2,18,0,13,13054,D9 (BRETELLE),43.42355436,5.23092985,Crépuscule ou aube,En agglomération,Intersection en Y,Pluie légère,Deux véhicules - arrière,3,1,2,0,1,1,2,3,3,50,2,3,2,0,0,1,20.0,41.0,voiture,voiture,2,2,4,2,2
202300045274,2023-05-13 02:10:00,2023,5,13,2,10,75,75110,BOULEVARD DE MAGENTA,48.876538,2.355835,Nuit avec éclairage allumé,En agglomération,Intersection en T,Normale,Deux véhicules - frontale,4,1,4,1,2,1,1,0,5,30,2,3,2,0,1,0,20.0,47.0,deux_roues,deux_roues,5,2,3,1,1
202300045274,2023-05-13 02:10:00,2023,5,13,2,10,75,75110,BOULEVARD DE MAGENTA,48.876538,2.355835,Nuit avec éclairage allumé,En agglomération,Intersection en T,Normale,Deux véhicules - frontale,4,-1, -1,1,1,1,1,0,5,30,2,3,2,0,1,0,20.0,47.0,deux_roues,deux_roues,5,2,3,1,1