accident_id,datetime,annee,mois,jour,heure,minute,departement,commune_insee,adresse,latitude,longitude,luminosite,agglomeration,intersection,meteo,collision,catr,circ,nbv,vosp,prof,plan,surf,infra,situ,vma,nb_vehicules,nb_usagers,nb_indemnes,nb_tues,nb_blesses_hosp,nb_blesses_legers,age_cond_1,age_cond_2,veh_type_cond_1,veh_type_cond_2,lum_code,agg_code,int_code,atm_code,col_code
202300045416,2023-05-05 07:45:00,2023,5,5,7,45,69,69199,Autoroute 7 ,45.68399,4.84704,Plein jour,Hors agglomération,Hors intersection,Normale,Deux véhicules - côté,1,3,6,0,1,1,1,0,1,90,2,2,1,0,1,0,26.0,19.0,deux_roues,voiture,1,1,1,1,3
202300045417,2023-05-13 16:00:00,2023,5,13,16,0,91,91179,AUTOROUTE A6,48.55993,2.4843,Plein jour,Hors agglomération,Hors intersection,Normale,Sans collision,1,1,3,0,1,3,1,9,1,50,1,1,0,0,0,1,28.0,,deux_roues,,1,1,1,1,7
202300045418,2023-05-13 01:40:00,2023,5,13,1,40,92,92064,A13,48.83887386,2.1936047,Nuit sans éclairage public,Hors agglomération,Hors intersection,Normale,Deux véhicules - arrière,1,-1,3,0,1,1,1,0,1,90,2,2,0,0,0,2,28.0,49.0,voiture,voiture,3,1,1,1,2
202300045419,2023-11-01 23:00:00,2023,11,1,23,0,93,93008,N186,48.90551,2.46138,Nuit sans éclairage public,Hors agglomération,Hors intersection,Pluie légère,Trois véhicules et plus - collisions multiples,2,1,2,0,1,1,2,0,1,50,5,9,5,0,0,4,36.0,47.0,voiture,voiture,3,1,1,2,5
202300045420,2023-05-12 12:30:00,2023,5,12,12,30,92,92072,N118,48.82701466,2.2242259,Plein jour,Hors agglomération,Hors intersection,Normale,Autre collision,2,1,2,0,4,2,1,0,1,50,1,1,0,0,0,1,22.0,,deux_roues,,1,1,1,1,6
202300045421,2023-11-01 19:00:00,2023,11,1,19,0,92,92078,AUTOROUTE A86,48.92990824,2.32700212,Nuit sans éclairage public,Hors agglomération,Hors intersection,Normale,Deux véhicules - arrière,1,3,3,0,1,1,1,1,1,90,2,4,1,0,0,3,33.0,49.0,utilitaire_camion,voiture,3,1,1,1,2
202300045422,2023-05-13 01:20:00,2023,5,13,1,20,95,95241,N104,49.05498,2.42402,Nuit sans éclairage public,Hors agglomération,Hors intersection,Normale,Deux véhicules - côté,2,3,2,0,1,1,1,0,1,110,2,5,3,0,0,2,44.0,43.0,voiture,utilitaire_camion,3,1,1,1,3
202300045423,2023-11-01 16:00:00,2023,11,1,16,0,93,93027,AUTOROUTE A16,48.92788,2.40351,Plein jour,Hors agglomération,Hors intersection,Temps couvert,Deux véhicules - frontale,1,1,2,0,1,1,2,3,1,50,2,2,1,0,0,1,24.0,26.0,voiture,voiture,1,1,1,8,1
202300045424,2023-05-12 23:00:00,2023,5,12,23,0,95,95060,A115,49.03492,2.19666,Nuit sans éclairage public,Hors agglomération,Hors intersection,Normale,Deux véhicules - arrière,1,3,2,0,1,1,1,0,1,90,2,4,1,0,0,3,21.0,23.0,voiture,voiture,3,1,1,1,2
202300045425,2023-11-02 19:30:00,2023,11,2,19,30,94,94069,A4,48.81737184,2.4349508,Nuit sans éclairage public,Hors agglomération,Hors intersection,Normale,Trois véhicules et plus - en chaîne,1,1,4,0,1,1,1,0,1,90,3,3,2,0,0,1,29.0,65.0,deux_roues,utilitaire_camion,3,1,1,1,4
202300045426,2023-05-12 17:05:00,2023,5,12,17,5,95,95582,A15,48.96694425,2.25535154,Plein jour,Hors agglomération,Hors intersection,Normale,Trois véhicules et plus - collisions multiples,1,3,8,0,2,1,1,0,1,110,3,3,0,0,0,3,46.0,44.0,voiture,voiture,1,1,1,1,5
202300045427,2023-11-01 11:50:00,2023,11,1,11,50,94,94033,A86,48.85202343,2.48970428,Plein jour,Hors agglomération,Hors intersection,Pluie légère,Trois véhicules et plus - en chaîne,1,3,3,0,1,1,2,0,1,90,3,5,3,0,0,2,26.0,31.0,voiture,voiture,1,1,1,2,4
202300045428,2023-05-12 13:50:00,2023,5,12,13,50,93,93053,AUTOROUTE A103,48.88757,2.47287,Plein jour,Hors agglomération,Hors intersection,Temps couvert,Sans collision,1,1,2,0,1,2,2,0,1,50,1,1,0,0,0,1,31.0,,voiture,,1,1,1,8,7
202300045429,2023-07-23 11:30:00,2023,7,23,11,30,05,05153,RD143,44.68378501,6.1599367,Plein jour,Hors agglomération,Hors intersection,Normale,Sans collision,3,2,2,0,2,2,1,0,1,70,1,2,1,0,0,1,16.0,,voiture,,1,1,1,1,7
202300045430,2023-05-12 20:15:00,2023,5,12,20,15,94,94073,A86,48.7631492,2.38096972,Plein jour,Hors agglomération,Hors intersection,Normale,Deux véhicules - arrière,1,3,3,0,1,1,1,1,1,90,2,2,1,0,0,1,,39.0,voiture,voiture,1,1,1,1,2
202300045431,2023-05-12 10:40:00,2023,5,12,10,40,75,75102,PLACE DE L OPERA,48.87061713,2.33207881,Plein jour,En agglomération,Intersection en Y,Pluie légère,Deux véhicules - frontale,4,1,4,1,1,1,2,0,1,30,2,2,1,0,0,1,32.0,45.0,utilitaire_camion,deux_roues,1,2,4,2,1
202300045431,2023-05-12 10:40:00,2023,5,12,10,40,75,75102,PLACE DE L OPERA,48.87061713,2.33207881,Plein jour,En agglomération,Intersection en Y,Pluie légère,Deux véhicules - frontale,4,1,4,3,1,1,2,0,1,30,2,2,1,0,0,1,32.0,45.0,utilitaire_camion,deux_roues,1,2,4,2,1
202300045432,2023-11-01 17:30:00,2023,11,1,17,30,974,97416,RN1 (ROUTE NATIONALE),-21.303,55.4266,Plein jour,Hors agglomération,Hors intersection,Normale,Trois véhicules et plus - en chaîne,2,1,2,0,1,1,1,0,1,110,4,8,5,0,2,1,40.0,33.0,voiture,voiture,1,1,1,1,4
202300045433,2023-05-09 15:15:00,2023,5,9,15,15,13,13108,HALLES (RUE),43.8044,4.65665,Plein jour,En agglomération,Hors intersection,Pluie forte,Autre collision,4,2,2,0,1,1,2,0,1,30,1,2,1,0,1,0,37.0,,deux_roues,,1,2,1,3,6
202300045434,2023-11-01 05:00:00,2023,11,1,5,0,973,97302,PASTEUR (AVENUE LOUIS),4.94347,-52.32377,Nuit avec éclairage allumé,En agglomération,Hors intersection,Normale,Sans collision,4,1,2,0,1,3,1,9,1,50,1,2,1,0,0,1,26.0,,voiture,,5,2,1,1,7
202300045435,2023-10-31 23:35:00,2023,10,31,23,35,973,97302,MARINGOUINS (ROND-POINT),4.90761173,-52.32265323,Nuit avec éclairage allumé,Hors agglomération,Autre intersection,Normale,Sans collision,2,-1,2,0,1,1,1,0,8,30,1,1,0,0,0,1,36.0,,deux_roues,,5,1,9,1,7
202300045436,2023-11-01 12:10:00,2023,11,1,12,10,972,97213,BOIS D'INDE (CITE),14.62460894,-61.01005918,Plein jour,En agglomération,Hors intersection,Normale,Deux véhicules - frontale,4,-1,0,0,1,1,1,0,8,50,2,2,1,0,0,1,24.0,25.0,voiture,deux_roues,1,2,1,1,1
202300045437,2023-11-01 19:55:00,2023,11,1,19,55,69,69382,Cours de Verdun Perrache,45.74877,4.82797,Nuit avec éclairage allumé,En agglomération,Hors intersection,Normale,Autre collision,4,2,2,0,1,1,1,0,1,30,1,2,1,0,0,1,27.0,,voiture,,5,2,1,1,6
202300045438,2023-05-12 11:30:00,2023,5,12,11,30,974,97416,MAHY (RUE FRANCOIS DE),-21.34142,55.475,Plein jour,En agglomération,Hors intersection,Normale,Autre collision,4,-1,1,0,2,1,1,0,1,50,1,2,1,0,0,1,56.0,,voiture,,1,2,1,1,6
202300045439,2023-10-31 19:14:00,2023,10,31,19,14,971,97113,SECTEUR DAMPIERRE,16.20861001,-61.46941781,Nuit avec éclairage allumé,Hors agglomération,Hors intersection,Normale,Deux véhicules - frontale,2,2,2,0,1,1,1,0,1,50,2,3,2,0,0,1,33.0,67.0,voiture,voiture,5,1,1,1,1
202300045440,2023-05-12 07:40:00,2023,5,12,7,40,974,97411,NICE (RUE DE),-20.87366,55.4485,Plein jour,En agglomération,Intersection en X,Normale,Autre collision,4,1,1,0,1,1,1,0,1,30,1,2,1,0,0,1,57.0,,voiture,,1,2,2,1,6
202300045440,2023-05-12 07:40:00,2023,5,12,7,40,974,97411,NICE (RUE DE),-20.87366,55.4485,Plein jour,En agglomération,Intersection en X,Normale,Autre collision,4,1,1,0,1,1,1,0,1,30,1,2,1,0,0,1,57.0,,voiture,,1,2,2,1,6
202300045441,2023-11-01 13:20:00,2023,11,1,13,20,91,91689,RD 118,48.71452,2.33183,Plein jour,Hors agglomération,Hors intersection,Pluie légère,Deux véhicules - frontale,3,2,2,0,1,1,2,0,1,70,2,5,1,0,0,4,32.0,38.0,voiture,voiture,1,1,1,2,1
202300045442,2023-05-12 19:20:00,2023,5,12,19,20,973,97302,KET TAI (CARREFOUR),4.93707509,-52.32599562,Nuit sans éclairage public,En agglomération,Giratoire,Normale,Deux véhicules - frontale,3,1,1,0,2,3,1,0,1,50,2,2,1,0,0,1,37.0,32.0,voiture,deux_roues,3,2,6,1,1
202300045442,2023-05-12 19:20:00,2023,5,12,19,20,973,97302,KET TAI (CARREFOUR),4.93707509,-52.32599562,Nuit sans éclairage public,En agglomération,Giratoire,Normale,Deux véhicules - frontale,3,1,1,0,2,3,9,0,1,50,2,2,1,0,0,1,37.0,32.0,voiture,deux_roues,3,2,6,1,1
202300045443,2023-05-12 14:50:00,2023,5,12,14,50,973,97302,CABASSOU (ROUTE DE),4.91938,-52.31809,Plein jour,En agglomération,Hors intersection,Normale,Deux véhicules - arrière,3,2,2,0,1,1,1,0,1,50,2,3,2,0,0,1,30.0,23.0,deux_roues,voiture,1,2,1,1,2
202300045444,2023-11-01 14:30:00,2023,11,1,14,30,91,91687,DUPARCHY (RUE),48.670441,2.365602,Plein jour,En agglomération,Hors intersection,Pluie forte,Deux véhicules - frontale,4,-1,2,0,2,3,2,0,1,50,2,4,1,0,0,3,22.0,27.0,voiture,voiture,1,2,1,3,1
202300045445,2023-05-12 01:10:00,2023,5,12,1,10,973,97302,GRANT (CITE),4.94433219,-52.30969012,Nuit avec éclairage allumé,En agglomération,Hors intersection,Normale,Autre collision,3,2,2,0,1,1,1,0,1,50,1,1,0,0,0,1,62.0,,voiture,,5,2,1,1,6
202300045446,2023-11-01 19:05:00,2023,11,1,19,5,89,89387,PAUL ELUARD (RUE),48.19165,3.31034,Nuit avec éclairage allumé,En agglomération,Hors intersection,Normale,Sans collision,4,1,1,0,1,3,2,0,1,50,1,2,0,0,0,2,25.0,,voiture,,5,2,1,1,7
202300045447,2023-05-12 11:45:00,2023,5,12,11,45,69,69387,Rue Chevreul,45.7495,4.83757,Plein jour,En agglomération,Hors intersection,Normale,Autre collision,4,1,1,2,1,1,1,9,1,30,1,2,1,0,1,0,55.0,,voiture,,1,2,1,1,6
202300045448,2023-05-12 09:55:00,2023,5,12,9,55,69,69387,Avenue Leclerc,45.73469,4.82366,Plein jour,En agglomération,Intersection en T,Normale,Deux véhicules - côté,4,2,2,3,1,2,1,0,1,30,2,2,1,0,0,1,46.0,34.0,deux_roues,voiture,1,2,3,1,3
202300045448,2023-05-12 09:55:00,2023,5,12,9,55,69,69387,Avenue Leclerc,45.73469,4.82366,Plein jour,En agglomération,Intersection en T,Normale,Deux véhicules - côté,4,2,2,0,1,1,1,0,1,30,2,2,1,0,0,1,46.0,34.0,deux_roues,voiture,1,2,3,1,3
202300045449,2023-11-01 19:10:00,2023,11,1,19,10,77,77350,D354,48.76093,2.66275,Nuit sans éclairage public,En agglomération,Giratoire,Normale,Sans collision,3,3,2,0,1,1,1,0,1,50,1,1,0,0,0,1,18.0,,deux_roues,,3,2,6,1,7
202300045450,2023-05-12 14:15:00,2023,5,12,14,15,972,97209,BALATA (ROUTE DE),14.62570432,-61.07243425,Plein jour,En agglomération,Hors intersection,Normale,Deux véhicules - frontale,2,2,2,0,4,3,1,0,1,50,2,2,0,0,0,2,46.0,55.0,voiture,voiture,1,2,1,1,1
202300045451,2023-05-12 14:20:00,2023,5,12,14,20,69,69034,Boulevard Paul Doumer,45.7922,4.83579,Plein jour,En agglomération,Intersection en Y,Normale,Deux véhicules - frontale,4,2,2,0,1,1,1,0,1,50,2,2,1,0,1,0,47.0,26.0,voiture,deux_roues,1,2,4,1,1
202300045451,2023-05-12 14:20:00,2023,5,12,14,20,69,69034,Boulevard Paul Doumer,45.7922,4.83579,Plein jour,En agglomération,Intersection en Y,Normale,Deux véhicules - frontale,4,2,2,2,2,3,1,0,1,30,2,2,1,0,1,0,47.0,26.0,voiture,deux_roues,1,2,4,1,1
202300045452,2023-11-02 00:15:00,2023,11,2,0,15,76,76231,Rue Boucher de Perthes,49.29089,0.99979,Nuit avec éclairage allumé,En agglomération,Intersection en X,Pluie légère,Deux véhicules - côté,7,2,4,0,1,1,2,0,1,50,2,2,1,0,0,1,19.0,63.0,voiture,voiture,5,2,2,2,3
202300045452,2023-11-02 00:15:00,2023,11,2,0,15,76,76231,Rue Boucher de Perthes,49.29089,0.99979,Nuit avec éclairage allumé,En agglomération,Intersection en X,Pluie légère,Deux véhicules - côté,7,2,2,0,1,1,2,0,1,50,2,2,1,0,0,1,19.0,63.0,voiture,voiture,5,2,2,2,3
202300045453,2023-05-11 11:35:00,2023,5,11,11,35,971,97101,Pont de BLANCHARD,16.22577,-61.52407,Plein jour,Hors agglomération,Hors intersection,Temps couvert,Autre collision,2,1,1,0,2,4,1,2,1,80,1,1,0,0,0,1,51.0,,voiture,,1,1,1,8,6
202300045454,2023-10-31 21:00:00,2023,10,31,21,0,76,76576,D6015,49.5537,0.44804,Nuit sans éclairage public,Hors agglomération,Hors intersection,Pluie légère,Trois véhicules et plus - collisions multiples,3,2,3,0,2,3,2,0,1,80,3,3,0,0,0,3,23.0,48.0,voiture,voiture,3,1,1,2,5
202300045455,2023-05-11 07:50:00,2023,5,11,7,50,971,97101,ROUTE DE BOISVINS,16.26543,-61.48091,Plein jour,En agglomération,Hors intersection,Pluie légère,Trois véhicules et plus - en chaîne,3,2,2,0,1,1,2,0,1,50,3,3,2,0,0,1,23.0,30.0,voiture,voiture,1,2,1,2,4
202300045456,2023-05-12 09:30:00,2023,5,12,9,30,83,83137,MATISSE (RUE / IMP HENRI),43.12903,5.98361,Plein jour,En agglomération,Hors intersection,Normale,Deux véhicules - côté,4,2,4,0,1,1,1,0,1,50,2,2,1,0,0,1,64.0,53.0,deux_roues,voiture,1,2,1,1,3
202300045457,2023-10-31 10:00:00,2023,10,31,10,0,68,68166,GUEBWILLER (RUE DE),47.79373,7.31539,Plein jour,En agglomération,Intersection en X,Normale,Deux véhicules - frontale,4,2,2,0,1,1,1,0,1,50,2,2,1,0,1,0,25.0,55.0,utilitaire_camion,utilitaire_camion,1,2,2,1,1
202300045457,2023-10-31 10:00:00,2023,10,31,10,0,68,68166,GUEBWILLER (RUE DE),47.79373,7.31539,Plein jour,En agglomération,Intersection en X,Normale,Deux véhicules - frontale,4,2,4,0,1,1,1,0,1,50,2,2,1,0,1,0,25.0,55.0,utilitaire_camion,utilitaire_camion,1,2,2,1,1
202300045458,2023-05-11 09:18:00,2023,5,11,9,18,83,83129,ECOLES (BD DES),43.10809,5.81407,Plein jour,En agglomération,Hors intersection,Normale,Deux véhicules - arrière,3,1,1,0,2,2,1,0,1,50,2,3,2,0,0,1,60.0,46.0,voiture,deux_roues,1,2,1,1,2
202300045459,2023-11-01 22:30:00,2023,11,1,22,30,63,63113,FLAUBERT (BD GUSTAVE),45.77133459,3.12212348,Nuit avec éclairage allumé,En agglomération,Hors intersection,Temps couvert,Deux véhicules - côté,7,3,4,0,1,1,2,0,1,50,2,2,1,0,0,1,18.0,18.0,voiture,voiture,5,2,1,8,3
202300045460,2023-05-11 10:10:00,2023,5,11,10,10,83,83069,MASSEL (RUE JULES),43.11815,6.11913,Plein jour,En agglomération,Intersection en T,Normale,Deux véhicules - côté,4,2,2,0,1,1,1,0,1,50,2,2,0,0,0,2,17.0,39.0,voiture,utilitaire_camion,1,2,3,1,3
202300045460,2023-05-11 10:10:00,2023,5,11,10,10,83,83069,MASSEL (RUE JULES),43.11815,6.11913,Plein jour,En agglomération,Intersection en T,Normale,Deux véhicules - côté,4,1,1,0,2,1,1,0,1,50,2,2,0,0,0,2,17.0,39.0,voiture,utilitaire_camion,1,2,3,1,3
202300045461,2023-11-01 14:20:00,2023,11,1,14,20,62,62193,D940,50.9411,1.83832,Plein jour,En agglomération,Giratoire,Pluie forte,Autre collision,3,2,2,0,1,3,2,0,4,50,1,5,3,0,0,2,21.0,,voiture,,1,2,6,3,6
202300045461,2023-11-01 14:20:00,2023,11,1,14,20,62,62193,D940,50.9411,1.83832,Plein jour,En agglomération,Giratoire,Pluie forte,Autre collision,3,-1,1,0,1,3,2,9,1,50,1,5,3,0,0,2,21.0,,voiture,,1,2,6,3,6
202300045462,2023-11-01 12:00:00,2023,11,1,12,0,60,60057,Rue de Crevecoeur,49.45732014,2.07505121,Plein jour,Hors agglomération,Hors intersection,Pluie légère,Autre collision,3,-1,1,0,2,1,2,0,1,50,1,1,0,0,1,0,79.0,,voiture,,1,1,1,2,6
202300045463,2023-05-11 12:10:00,2023,5,11,12,10,82,82121,MOULIN (avenue jean ),44.02436,1.36403,Plein jour,En agglomération,Intersection en T,Normale,Deux véhicules - côté,4,2,3,0,2,1,1,0,1,50,2,2,1,0,1,0,23.0,47.0,deux_roues,voiture,1,2,3,1,3
202300045463,2023-05-11 12:10:00,2023,5,11,12,10,82,82121,MOULIN (avenue jean ),44.02436,1.36403,Plein jour,En agglomération,Intersection en T,Normale,Deux véhicules - côté,4,1,1,0,2,1,1,0,1,30,2,2,1,0,1,0,23.0,47.0,deux_roues,voiture,1,2,3,1,3
202300045464,2023-11-01 18:45:00,2023,11,1,18,45,38,38421,AVENUE GABRIEL PÉRI,45.185,5.76385,Nuit avec éclairage allumé,En agglomération,Hors intersection,Pluie légère,Autre collision,4,-1,2,0,1,1,2,0,1,50,1,3,2,0,1,0,65.0,,voiture,,5,2,1,2,6
202300045465,2023-05-12 12:15:00,2023,5,12,12,15,78,78146,MAURICE DE VLAMINCK (RUE),48.902494,2.151808,Plein jour,En agglomération,Intersection en X,Pluie légère,Deux véhicules - côté,4,2,2,0,1,1,2,0,1,50,2,2,1,0,0,1,27.0,20.0,voiture,deux_roues,1,2,2,2,3
202300045465,2023-05-12 12:15:00,2023,5,12,12,15,78,78146,MAURICE DE VLAMINCK (RUE),48.902494,2.151808,Plein jour,En agglomération,Intersection en X,Pluie légère,Deux véhicules - côté,4,2,2,0,1,1,2,0,1,50,2,2,1,0,0,1,27.0,20.0,voiture,deux_roues,1,2,2,2,3
202300045466,2023-11-01 15:15:00,2023,11,1,15,15,38,38151,COURS JEAN JAURÈS,45.15159,5.70629,Crépuscule ou aube,En agglomération,Hors intersection,Pluie légère,Autre collision,7,1, -1,0,1,1,2,9,1,20,1,2,1,0,1,0,21.0,,voiture,,2,2,1,2,6
202300045467,2023-05-11 16:00:00,2023,5,11,16,0,78,78481,JEAN JAURES (AVENUE),48.8978,2.1115,Plein jour,En agglomération,Hors intersection,Normale,Autre collision,3,2,4,0,1,1,1,1,1,50,1,2,1,0,0,1,48.0,,voiture,,1,2,1,1,6
202300045468,2023-11-01 03:15:00,2023,11,1,3,15,38,38169,AVENUE ARISTIDE BRIAND,45.18987319,5.69177504,Nuit sans éclairage public,En agglomération,Hors intersection,Normale,Autre collision,4,2,2,3,1,1,1,0,4,30,1,2,0,0,0,2,20.0,,deux_roues,,3,2,1,1,6
202300045469,2023-05-12 09:15:00,2023,5,12,9,15,78,78498,MALADRERIE AV DE LA,48.918141,2.02653,Plein jour,En agglomération,Intersection en T,Normale,Autre collision,3,2,1,0,1,3,1,0,1,30,1,2,1,0,0,1,53.0,,voiture,,1,2,3,1,6
202300045469,2023-05-12 09:15:00,2023,5,12,9,15,78,78498,MALADRERIE AV DE LA,48.918141,2.02653,Plein jour,En agglomération,Intersection en T,Normale,Autre collision,3,1,1,0,1,1,1,0,1,30,1,2,1,0,0,1,53.0,,voiture,,1,2,3,1,6
202300045470,2023-11-01 04:30:00,2023,11,1,4,30,37,37261,GRAMMONT (AVENUE DE),47.38217,0.69232,Nuit avec éclairage allumé,En agglomération,Hors intersection,Normale,Trois véhicules et plus - en chaîne,4,2,4,3,1,1,1,0,1,50,3,4,3,0,0,1,22.0,20.0,voiture,voiture,5,2,1,1,4
202300045471,2023-05-12 08:00:00,2023,5,12,8,0,77,77186,RD 142 ,48.430637,2.66139,Plein jour,Hors agglomération,Giratoire,Normale,Deux véhicules - arrière,3,3,2,0,1,3,1,0,1,70,2,2,1,0,0,1,45.0,57.0,utilitaire_camion,utilitaire_camion,1,1,6,1,2
202300045471,2023-05-12 08:00:00,2023,5,12,8,0,77,77186,RD 142 ,48.430637,2.66139,Plein jour,Hors agglomération,Giratoire,Normale,Deux véhicules - arrière,3,3,2,0,1,3,1,0,1,70,2,2,1,0,0,1,45.0,57.0,utilitaire_camion,utilitaire_camion,1,1,6,1,2
202300045472,2023-11-01 18:50:00,2023,11,1,18,50,35,35281,MERMOZ (BOULEVARD JEAN),48.0955,-1.69536,Nuit avec éclairage allumé,En agglomération,Hors intersection,Pluie légère,Autre collision,4,2,2,0,1,1,2,0,1,30,1,2,1,0,0,1,42.0,,voiture,,5,2,1,2,6
202300045473,2023-05-12 23:25:00,2023,5,12,23,25,76,76231,Rue de Rouen,49.29694,0.99486,Nuit sans éclairage public,En agglomération,Giratoire,Normale,Autre collision,7,1,1,0,1,3,2,0,1,50,1,1,0,0,1,0,26.0,,deux_roues,,3,2,6,1,6
202300045474,2023-11-01 14:10:00,2023,11,1,14,10,34,34172,ACCONIERS (RUE DES),43.59555,3.89676,Plein jour,En agglomération,Hors intersection,Temps couvert,Deux véhicules - côté,4,2,2,0,1,1,1,0,1,50,2,2,1,0,0,1,41.0,31.0,voiture,deux_roues,1,2,1,8,3
202300045475,2023-05-12 11:15:00,2023,5,12,11,15,72,72181,MONIER FRANCOIS (RUE),47.95546,0.18276,Plein jour,En agglomération,Hors intersection,Normale,Deux véhicules - côté,4,2,2,0,1,1,1,0,1,50,2,2,1,0,0,1,56.0,28.0,utilitaire_camion,deux_roues,1,2,1,1,3
202300045476,2023-05-12 07:55:00,2023,5,12,7,55,72,72181,LEFAUCHEUX PIERRE (BD),47.96281,0.17698,Plein jour,En agglomération,Autre intersection,Normale,Deux véhicules - arrière,4,3,0,0,1,1,1,0,1,90,2,3,0,0,0,3,45.0,31.0,utilitaire_camion,voiture,1,2,9,1,2
202300045477,2023-11-01 19:15:00,2023,11,1,19,15,33,33039,Avenue Jeanne d'Arc,44.79843,-0.54151,Nuit avec éclairage allumé,En agglomération,Intersection en X,Pluie légère,Deux véhicules - côté,4,2,2,0,1,1,2,5,1,50,2,5,3,0,0,2,33.0,24.0,voiture,utilitaire_camion,5,2,2,2,3
202300045477,2023-11-01 19:15:00,2023,11,1,19,15,33,33039,Avenue Jeanne d'Arc,44.79843,-0.54151,Nuit avec éclairage allumé,En agglomération,Intersection en X,Pluie légère,Deux véhicules - côté,4,2,2,0,1,1,2,5,1,50,2,5,3,0,0,2,33.0,24.0,voiture,utilitaire_camion,5,2,2,2,3
202300045477,2023-11-01 19:15:00,2023,11,1,19,15,33,33039,Avenue Jeanne d'Arc,44.79843,-0.54151,Nuit avec éclairage allumé,En agglomération,Intersection en X,Pluie légère,Deux véhicules - côté,4,2,2,0,1,1,2,5,1,50,2,5,3,0,0,2,33.0,24.0,voiture,utilitaire_camion,5,2,2,2,3
202300045478,2023-05-11 16:00:00,2023,5,11,16,0,72,72181,KLOTZ HENRI-PIERRE (AV),48.01871,0.17328,Plein jour,En agglomération,Autre intersection,Normale,Autre collision,4,4,2,1,1,1,1,9,5,50,1,1,0,0,1,0,59.0,,deux_roues,,1,2,9,1,6
202300045479,2023-05-11 11:05:00,2023,5,11,11,5,72,72181,FALCONET ETIENNE (RUE),47.96154,0.21403,Plein jour,En agglomération,Hors intersection,Normale,Autre collision,4,2,2,0,1,1,1,0,1,50,2,3,2,0,0,1,69.0,23.0,voiture,deux_roues,1,2,1,1,6
202300045480,2023-11-01 09:25:00,2023,11,1,9,25,33,33063,Rue de la Pelouse de Douet,44.82879,-0.61006,Plein jour,En agglomération,Hors intersection,Normale,Deux véhicules - arrière,4,2,3,3,1,1,2,0,1,50,2,5,3,0,0,2,26.0,21.0,voiture,voiture,1,2,1,1,2
202300045481,2023-05-06 15:30:00,2023,5,6,15,30,71,71270,Carrefour Europe - Av Edouard Herriot,46.29929,4.82777,Plein jour,En agglomération,Hors intersection,Normale,Deux véhicules - arrière,3,1,1,0,1,1,1,0,1,50,2,6,0,0,0,6,52.0,41.0,voiture,voiture,1,2,1,1,2
202300045482,2023-11-01 07:10:00,2023,11,1,7,10,33,33522,Cours de la Libération,44.80014,-0.5966,Nuit sans éclairage public,En agglomération,Autre intersection,Pluie légère,Autre collision,4,2,4,3,1,1,2,0,1,50,1,1,0,0,0,1,26.0,,voiture,,3,2,9,2,6
202300045483,2023-05-12 10:45:00,2023,5,12,10,45,67,67482,PETIT RHIN (ROUTE DU),48.57152,7.78533,Plein jour,En agglomération,Hors intersection,Normale,Autre collision,4,3,4,0,1,1,1,2,1,50,1,1,0,0,0,1,29.0,,utilitaire_camion,,1,2,1,1,6
202300045484,2023-11-01 12:35:00,2023,11,1,12,35,33,33009,GAMBETTA (AVE) DU 30 ET +,44.65855218,-1.168212,Plein jour,En agglomération,Hors intersection,Temps couvert,Autre collision,4,2,2,0,2,1,2,0,1,50,1,2,1,0,0,1,72.0,,voiture,,1,2,1,8,6
202300045485,2023-05-12 12:10:00,2023,5,12,12,10,67,67482,LANGEVIN (RUE),48.60354,7.71468,Plein jour,En agglomération,Hors intersection,Pluie légère,Autre collision,4,2,2,0,1,1,2,0,1,30,1,2,1,0,0,1,81.0,,voiture,,1,2,1,2,6
202300045486,2023-11-01 20:20:00,2023,11,1,20,20,26,26198,Avenue John Fitzgerald Kennedy,44.55416874,4.74010706,Nuit sans éclairage public,En agglomération,Hors intersection,Normale,Autre collision,4,3,2,0,2,2,2,0,1,50,1,1,0,0,0,1,19.0,,voiture,,3,2,1,1,6
202300045487,2023-05-10 17:53:00,2023,5,10,17,53,66,66136,,42.68003,2.90354,Plein jour,En agglomération,Intersection en T,Normale,Autre collision,4,2,2,0,1,1,1,0,1,50,1,2,1,0,0,1,63.0,,voiture,,1,2,3,1,6
202300045487,2023-05-10 17:53:00,2023,5,10,17,53,66,66136,,42.68003,2.90354,Plein jour,En agglomération,Intersection en T,Normale,Autre collision,4,2,2,0,1,1,1,0,1,50,1,2,1,0,0,1,63.0,,voiture,,1,2,3,1,6
202300045488,2023-11-01 06:50:00,2023,11,1,6,50,13,13209,CATHERINE BLUM (BOULEVARD),43.26388,5.41841,Crépuscule ou aube,En agglomération,Autre intersection,Normale,Deux véhicules - côté,4,-1,4,1,1,1,1,0,1,50,2,2,1,0,1,0,40.0,18.0,deux_roues,voiture,2,2,9,1,3
202300045489,2023-05-12 22:10:00,2023,5,12,22,10,64,64102,PIECE NOYEE (ROND POINT DE LA),43.49905,-1.4813,Nuit avec éclairage allumé,En agglomération,Giratoire,Pluie légère,Deux véhicules - côté,4,2,2,0,1,1,2,5,1,50,2,2,1,0,0,1,43.0,18.0,utilitaire_camion,deux_roues,5,2,6,2,3
202300045489,2023-05-12 22:10:00,2023,5,12,22,10,64,64102,PIECE NOYEE (ROND POINT DE LA),43.49905,-1.4813,Nuit avec éclairage allumé,En agglomération,Giratoire,Pluie légère,Deux véhicules - côté,4,1,2,0,4,2,2,5,1,50,2,2,1,0,0,1,43.0,18.0,utilitaire_camion,deux_roues,5,2,6,2,3