accident_id,datetime,annee,mois,jour,heure,minute,departement,commune_insee,adresse,latitude,longitude,luminosite,agglomeration,intersection,meteo,collision,catr,circ,nbv,vosp,prof,plan,surf,infra,situ,vma,nb_vehicules,nb_usagers,nb_indemnes,nb_tues,nb_blesses_hosp,nb_blesses_legers,age_cond_1,age_cond_2,veh_type_cond_1,veh_type_cond_2,lum_code,agg_code,int_code,atm_code,col_code
202300045490,2023-05-12 09:45:00,2023,5,12,9,45,64,64102,ARITXAGUE (BD D'),43.4886,-1.49147,Plein jour,En agglomération,Hors intersection,Normale,Autre collision,4,3,4,0,1,3,1,0,6,50,1,2,1,0,0,1,46.0,,utilitaire_camion,,1,2,1,1,6
202300045491,2023-11-01 12:20:00,2023,11,1,12,20,13,13001,GALICE (RTE DE),43.52554213,5.39913001,Plein jour,Hors agglomération,Hors intersection,Normale,Deux véhicules - arrière,4,2,4,0,2,1,1,0,1,80,2,2,1,0,1,0,53.0,66.0,voiture,deux_roues,1,1,1,1,2
202300045492,2023-05-11 17:52:00,2023,5,11,17,52,64,64102,SOULT (AVENUE MARECHAL),43.48361,-1.50088,Plein jour,En agglomération,Intersection en T,Normale,Deux véhicules - côté,3,2,2,0,4,1,1,0,1,50,2,3,2,0,0,1,31.0,37.0,utilitaire_camion,transport_commun,1,2,3,1,3
202300045492,2023-05-11 17:52:00,2023,5,11,17,52,64,64102,SOULT (AVENUE MARECHAL),43.48361,-1.50088,Plein jour,En agglomération,Intersection en T,Normale,Deux véhicules - côté,3,3,4,3,4,1,1,0,6,50,2,3,2,0,0,1,31.0,37.0,utilitaire_camion,transport_commun,1,2,3,1,3
202300045493,2023-11-01 18:40:00,2023,11,1,18,40,75,75105,BOULEVARD SAINT MICHEL,48.842493,2.338188,Nuit avec éclairage allumé,En agglomération,Intersection en T,Normale,Autre collision,4,2,2,0,1,1,1,0,1,30,1,3,0,0,0,3,25.0,,deux_roues,,5,2,3,1,6
202300045493,2023-11-01 18:40:00,2023,11,1,18,40,75,75105,BOULEVARD SAINT MICHEL,48.842493,2.338188,Nuit avec éclairage allumé,En agglomération,Intersection en T,Normale,Autre collision,4,-1, -1,0,1,1,1,0,1,30,1,3,0,0,0,3,25.0,,deux_roues,,5,2,3,1,6
202300045494,2023-05-12 08:50:00,2023,5,12,8,50,62,62480,Rue Cugnot,50.48446,2.68085,Plein jour,En agglomération,Hors intersection,Pluie forte,Autre collision,4,2,2,0,1,1,2,9,1,50,1,2,1,0,1,0,50.0,,utilitaire_camion,,1,2,1,3,6
202300045495,2023-04-19 12:45:00,2023,4,19,12,45,61,61391,D924,48.777,-0.578,Plein jour,Hors agglomération,Hors intersection,Normale,Sans collision,3,2,2,0,1,1,1,0,3,90,1,1,0,0,0,1,23.0,,voiture,,1,1,1,1,7
202300045496,2023-11-01 02:00:00,2023,11,1,2,0,75,75105,BOULEVARD SAINT MICHEL,48.842501,2.338189,Nuit avec éclairage allumé,En agglomération,Intersection en T,Normale,Deux véhicules - arrière,4,2,4,1,1,1,1,0,1,30,2,2,1,0,0,1,27.0,32.0,deux_roues,voiture,5,2,3,1,2
202300045496,2023-11-01 02:00:00,2023,11,1,2,0,75,75105,BOULEVARD SAINT MICHEL,48.842501,2.338189,Nuit avec éclairage allumé,En agglomération,Intersection en T,Normale,Deux véhicules - arrière,4,-1, -1,0,1,1,1,0,1,30,2,2,1,0,0,1,27.0,32.0,deux_roues,voiture,5,2,3,1,2
202300045497,2023-05-11 08:10:00,2023,5,11,8,10,57,57012,CLEMENCEAU (RUE),49.35835,6.04792,Plein jour,En agglomération,Hors intersection,Normale,Autre collision,3,2,2,0,2,3,1,0,1,50,1,2,1,0,0,1,19.0,,voiture,,1,2,1,1,6
202300045498,2023-05-12 14:15:00,2023,5,12,14,15,54,54395,Rue Jeanne d'Arc,48.68933,6.16979,Plein jour,En agglomération,Intersection en X,Normale,Autre collision,4,1,2,3,1,1,1,-1,1,50,1,2,1,0,0,1,63.0,,voiture,,1,2,2,1,6
202300045498,2023-05-12 14:15:00,2023,5,12,14,15,54,54395,Rue Jeanne d'Arc,48.68933,6.16979,Plein jour,En agglomération,Intersection en X,Normale,Autre collision,4,1,2,0,1,1,1,0,1,50,1,2,1,0,0,1,63.0,,voiture,,1,2,2,1,6
202300045499,2023-11-01 08:45:00,2023,11,1,8,45,75,75117,AVENUE DE CLICHY,48.890269,2.32077,Plein jour,En agglomération,Intersection en X,Normale,Autre collision,4,2,4,3,2,1,1,0,6,30,1,2,1,0,0,1,40.0,,deux_roues,,1,2,2,1,6
202300045499,2023-11-01 08:45:00,2023,11,1,8,45,75,75117,AVENUE DE CLICHY,48.890269,2.32077,Plein jour,En agglomération,Intersection en X,Normale,Autre collision,4,-1, -1,3,1,1,1,0,6,30,1,2,1,0,0,1,40.0,,deux_roues,,1,2,2,1,6
202300045500,2023-05-12 03:10:00,2023,5,12,3,10,54,54547,Avenue Paul Muller,48.656462,6.127267,Nuit avec éclairage allumé,En agglomération,Hors intersection,Pluie légère,Autre collision,4,2,2,0,1,1,2,0,1,50,1,2,1,0,0,1,26.0,,voiture,,5,2,1,2,6
202300045501,2023-05-12 02:00:00,2023,5,12,2,0,54,54395,LIBERATION (AVENUE DE LA),48.696394,6.150602,Nuit avec éclairage allumé,En agglomération,Hors intersection,Temps couvert,Autre collision,4,2, -1,0,2,2,1,0,8,50,1,1,0,0,0,1,26.0,,voiture,,5,2,1,8,6
202300045502,2023-11-01 18:05:00,2023,11,1,18,5,75,75116,RUE D AUTEUIL,48.848116,2.264346,Nuit avec éclairage allumé,En agglomération,Intersection en Y,Normale,Deux véhicules - côté,4,2,2,0,1,1,2,0,1,50,2,4,2,0,0,2,38.0,37.0,voiture,deux_roues,5,2,4,1,3
202300045502,2023-11-01 18:05:00,2023,11,1,18,5,75,75116,RUE D AUTEUIL,48.848116,2.264346,Nuit avec éclairage allumé,En agglomération,Intersection en Y,Normale,Deux véhicules - côté,4,1,1,0,1,1,2,0,1,30,2,4,2,0,0,2,38.0,37.0,voiture,deux_roues,5,2,4,1,3
202300045503,2023-05-12 23:25:00,2023,5,12,23,25,51,51454,boulevard Albert 1er,49.266146,4.010195,Nuit avec éclairage allumé,En agglomération,Hors intersection,Normale,Sans collision,4,2,2,0,1,3,1,0,1,50,1,2,1,0,0,1,45.0,,voiture,,5,2,1,1,7
202300045504,2023-05-12 18:35:00,2023,5,12,18,35,51,51454,avenue Edmond Michelet,49.2230957,4.03099,Plein jour,En agglomération,Intersection en T,Normale,Sans collision,4,2,2,0,2,3,1,5,4,50,1,2,0,0,0,2,27.0,,voiture,,1,2,3,1,7
202300045504,2023-05-12 18:35:00,2023,5,12,18,35,51,51454,avenue Edmond Michelet,49.2230957,4.03099,Plein jour,En agglomération,Intersection en T,Normale,Sans collision,4,2,2,0,2,1,1,0,8,50,1,2,0,0,0,2,27.0,,voiture,,1,2,3,1,7
202300045505,2023-11-01 00:50:00,2023,11,1,0,50,75,75116,AVENUE DE NEW YORK,48.862559,2.294154,Nuit avec éclairage allumé,En agglomération,Hors intersection,Normale,Deux véhicules - arrière,4,1,1,3,1,1,1,0,1,30,2,3,2,0,0,1,31.0,33.0,voiture,voiture,5,2,1,1,2
202300045506,2023-05-12 08:10:00,2023,5,12,8,10,51,51454,boulevard des Belges,49.27531,4.0188,Plein jour,En agglomération,Hors intersection,Pluie forte,Deux véhicules - côté,4,2,2,0,1,1,2,0,1,50,2,3,2,0,0,1,54.0,49.0,deux_roues,voiture,1,2,1,3,3
202300045507,2023-11-01 22:25:00,2023,11,1,22,25,75,75112,RUE DU FAUBOURG SAINT ANTOINE,48.849676,2.387312,Nuit avec éclairage allumé,En agglomération,Intersection en T,Normale,Autre collision,4,-1, -1,0,1,1,1,0,4,30,1,3,1,0,1,1,23.0,,voiture,,5,2,3,1,6
202300045507,2023-11-01 22:25:00,2023,11,1,22,25,75,75112,RUE DU FAUBOURG SAINT ANTOINE,48.849676,2.387312,Nuit avec éclairage allumé,En agglomération,Intersection en T,Normale,Autre collision,4,-1, -1,0,2,1,1,0,4,30,1,3,1,0,1,1,23.0,,voiture,,5,2,3,1,6
202300045508,2023-05-12 01:45:00,2023,5,12,1,45,50,50129,CONQUERANT (BOULEVARD GUILLAUME LE),49.64218,-1.63693,Nuit avec éclairage allumé,En agglomération,Intersection en X,Normale,Deux véhicules - côté,3,3,4,0,1,1,1,5,1,50,2,3,0,0,1,2,21.0,20.0,voiture,voiture,5,2,2,1,3
202300045508,2023-05-12 01:45:00,2023,5,12,1,45,50,50129,CONQUERANT (BOULEVARD GUILLAUME LE),49.64218,-1.63693,Nuit avec éclairage allumé,En agglomération,Intersection en X,Normale,Deux véhicules - côté,3,2,2,0,1,1,1,0,1,50,2,3,0,0,1,2,21.0,20.0,voiture,voiture,5,2,2,1,3
202300045509,2023-10-31 23:30:00,2023,10,31,23,30,75,75108,AVENUE MATIGNON,48.871761,2.314194,Nuit avec éclairage allumé,En agglomération,Intersection en X,Normale,Deux véhicules - côté,4,1,2,3,1,1,1,0,1,50,2,2,1,0,0,1,38.0,42.0,voiture,deux_roues,5,2,2,1,3
202300045509,2023-10-31 23:30:00,2023,10,31,23,30,75,75108,AVENUE MATIGNON,48.871761,2.314194,Nuit avec éclairage allumé,En agglomération,Intersection en X,Normale,Deux véhicules - côté,4,1,2,0,1,1,1,0,1,50,2,2,1,0,0,1,38.0,42.0,voiture,deux_roues,5,2,2,1,3
202300045510,2023-05-11 21:20:00,2023,5,11,21,20,50,50129,SCHUMAN (BOULEVARD ROBERT),49.63815,-1.62515,Crépuscule ou aube,En agglomération,Intersection en X,Normale,Deux véhicules - côté,4,2,2,0,1,1,1,0,1,50,2,2,1,0,0,1,32.0,23.0,deux_roues,voiture,2,2,2,1,3
202300045510,2023-05-11 21:20:00,2023,5,11,21,20,50,50129,SCHUMAN (BOULEVARD ROBERT),49.63815,-1.62515,Crépuscule ou aube,En agglomération,Intersection en X,Normale,Deux véhicules - côté,4,2,2,0,1,1,1,0,1,50,2,2,1,0,0,1,32.0,23.0,deux_roues,voiture,2,2,2,1,3
202300045511,2023-11-01 21:30:00,2023,11,1,21,30,94,94058,Quai de l'Artois,48.83029,2.513138,Nuit avec éclairage allumé,En agglomération,Hors intersection,Pluie légère,Deux véhicules - arrière,4,1,1,0,1,1,2,0,1,30,2,2,1,0,0,1,16.0,27.0,deux_roues,deux_roues,5,2,1,2,2
202300045512,2023-05-12 19:15:00,2023,5,12,19,15,49,49007,BEDIER BOULEVARD,47.45056,-0.55279,Plein jour,En agglomération,Intersection en X,Normale,Deux véhicules - côté,4,3,4,0,1,2,1,0,1,30,2,5,0,0,0,5,38.0,24.0,voiture,voiture,1,2,2,1,3
202300045512,2023-05-12 19:15:00,2023,5,12,19,15,49,49007,BEDIER BOULEVARD,47.45056,-0.55279,Plein jour,En agglomération,Intersection en X,Normale,Deux véhicules - côté,4,2,2,0,1,1,1,0,1,30,2,5,0,0,0,5,38.0,24.0,voiture,voiture,1,2,2,1,3
202300045513,2023-11-01 21:30:00,2023,11,1,21,30,93,93059,Rue Pierre Curie,48.95628296,2.36337508,Nuit avec éclairage allumé,En agglomération,Hors intersection,Normale,Deux véhicules - côté,4,1,1,0,1,1,1,0,1,50,2,2,1,0,0,1,22.0,21.0,voiture,voiture,5,2,1,1,3
202300045514,2023-05-12 08:50:00,2023,5,12,8,50,49,49007,VOIE DES BERGES,47.47148681,-0.55957586,Plein jour,En agglomération,Hors intersection,Normale,Deux véhicules - arrière,3,3,4,0,1,1,1,0,1,50,2,2,1,0,0,1,42.0,41.0,utilitaire_camion,voiture,1,2,1,1,2
202300045515,2023-11-01 14:50:00,2023,11,1,14,50,93,93066,Avenue Jules Rimet / Rue de l'Olympisme,48.924654,2.362579,Plein jour,En agglomération,Intersection en T,Pluie légère,Autre collision,4,2,2,0,1,1,2,0,4,-1,1,2,1,0,0,1,33.0,,voiture,,1,2,3,2,6
202300045515,2023-11-01 14:50:00,2023,11,1,14,50,93,93066,Avenue Jules Rimet / Rue de l'Olympisme,48.924654,2.362579,Plein jour,En agglomération,Intersection en T,Pluie légère,Autre collision,4,2,2,2,1,1,2,0,4,50,1,2,1,0,0,1,33.0,,voiture,,1,2,3,2,6
202300045516,2023-05-11 14:15:00,2023,5,11,14,15,49,49246,GAULLE RUE CHARLES DE,47.42364,-0.52434,Plein jour,En agglomération,Hors intersection,Normale,Deux véhicules - frontale,3,3,2,0,1,1,1,0,1,50,2,2,1,0,0,1,72.0,40.0,voiture,utilitaire_camion,1,2,1,1,1
202300045517,2023-11-01 09:45:00,2023,11,1,9,45,93,93066,Boulevard de la Libération / Rue Charles Michels,48.92746,2.34161,Plein jour,En agglomération,Intersection en Y,Temps couvert,Deux véhicules - côté,3,2,3,2,1,1,1,0,1,50,2,3,1,0,0,2,47.0,54.0,deux_roues,autre,1,2,4,8,3
202300045517,2023-11-01 09:45:00,2023,11,1,9,45,93,93066,Boulevard de la Libération / Rue Charles Michels,48.92746,2.34161,Plein jour,En agglomération,Intersection en Y,Temps couvert,Deux véhicules - côté,3,2,2,0,1,1,1,0,1,50,2,3,1,0,0,2,47.0,54.0,deux_roues,autre,1,2,4,8,3
202300045518,2023-05-12 13:05:00,2023,5,12,13,5,37,37214,D938,47.42904,0.65039,Plein jour,En agglomération,Hors intersection,Normale,Deux véhicules - côté,7,2,1,0,1,2,1,0,1,50,2,2,1,0,0,1,25.0,48.0,deux_roues,voiture,1,2,1,1,3
202300045519,2023-11-01 18:45:00,2023,11,1,18,45,93,93064,Avenue du Général de Gaulle / Boulevard Gabriel Péri,48.87728117,2.47999327,Nuit avec éclairage allumé,En agglomération,Intersection à plus de 4 branches,Normale,Autre collision,3,2,2,0,1,1,1,9,8,-1,1,2,1,0,0,1,51.0,,voiture,,5,2,5,1,6
202300045519,2023-11-01 18:45:00,2023,11,1,18,45,93,93064,Avenue du Général de Gaulle / Boulevard Gabriel Péri,48.87728117,2.47999327,Nuit avec éclairage allumé,En agglomération,Intersection à plus de 4 branches,Normale,Autre collision,3,3,5,0,1,1,1,0,8,-1,1,2,1,0,0,1,51.0,,voiture,,5,2,5,1,6
202300045520,2023-05-04 17:10:00,2023,5,4,17,10,35,35288,JEAN XXIII (RUE),48.634015,-2.016208,Plein jour,En agglomération,Hors intersection,Normale,Deux véhicules - frontale,4,2,2,-1,3,1,1,0,1,30,2,2,1,0,0,1,47.0,66.0,deux_roues,voiture,1,2,1,1,1
202300045521,2023-11-01 08:55:00,2023,11,1,8,55,93,93051,Boulevard du Ru de Nesles,48.83642,2.58248,Plein jour,En agglomération,Hors intersection,Normale,Autre collision,3,2,3,0,1,1,1,0,8,50,1,1,0,0,0,1,37.0,,utilitaire_camion,,1,2,1,1,6
202300045522,2023-05-12 11:30:00,2023,5,12,11,30,35,35115,GROSLAY (BD DE JUSQU'AU N°23),48.35264,-1.18618,Plein jour,En agglomération,Giratoire,Normale,Deux véhicules - côté,4,1,1,2,1,1,1,0,1,30,2,2,1,0,0,1,20.0,41.0,deux_roues,voiture,1,2,6,1,3
202300045522,2023-05-12 11:30:00,2023,5,12,11,30,35,35115,GROSLAY (BD DE JUSQU'AU N°23),48.35264,-1.18618,Plein jour,En agglomération,Giratoire,Normale,Deux véhicules - côté,4,2,2,0,4,1,1,0,1,50,2,2,1,0,0,1,20.0,41.0,deux_roues,voiture,1,2,6,1,3
202300045523,2023-11-01 08:05:00,2023,11,1,8,5,93,93048,Rue Robespierre / Rue Cuvier,48.85104,2.42451,Plein jour,En agglomération,Intersection en X,Normale,Deux véhicules - côté,3,2,2,0,1,1,1,0,1,30,2,2,1,0,0,1,54.0,,deux_roues,voiture,1,2,2,1,3
202300045523,2023-11-01 08:05:00,2023,11,1,8,5,93,93048,Rue Robespierre / Rue Cuvier,48.85104,2.42451,Plein jour,En agglomération,Intersection en X,Normale,Deux véhicules - côté,3,2,2,3,1,1,1,0,1,30,2,2,1,0,0,1,54.0,,deux_roues,voiture,1,2,2,1,3
202300045524,2023-05-12 06:00:00,2023,5,12,6,0,33,33550,Avenue des Pyrénées,44.77913,-0.56625,Crépuscule ou aube,En agglomération,Hors intersection,Normale,Deux véhicules - frontale,4,3,4,0,1,1,1,2,1,50,2,3,1,0,0,2,26.0,53.0,voiture,utilitaire_camion,2,2,1,1,1
202300045525,2023-11-01 12:04:00,2023,11,1,12,4,93,93045,Rue des Bruyères / Rue de Romainville,48.87685,2.41433,Plein jour,En agglomération,Intersection en X,Pluie légère,Deux véhicules - côté,4,2,2,0,1,1,2,0,1,30,2,2,1,0,0,1,73.0,24.0,voiture,voiture,1,2,2,2,3
202300045525,2023-11-01 12:04:00,2023,11,1,12,4,93,93045,Rue des Bruyères / Rue de Romainville,48.87685,2.41433,Plein jour,En agglomération,Intersection en X,Pluie légère,Deux véhicules - côté,4,2,2,0,1,1,2,0,1,30,2,2,1,0,0,1,73.0,24.0,voiture,voiture,1,2,2,2,3
202300045526,2023-05-12 16:00:00,2023,5,12,16,0,33,33009,LIBERATION (AVE),44.65506,-1.15879,Plein jour,En agglomération,Intersection en T,Normale,Deux véhicules - arrière,4,2,2,0,1,1,1,0,1,50,2,2,1,0,0,1,18.0,43.0,deux_roues,transport_commun,1,2,3,1,2
202300045526,2023-05-12 16:00:00,2023,5,12,16,0,33,33009,LIBERATION (AVE),44.65506,-1.15879,Plein jour,En agglomération,Intersection en T,Normale,Deux véhicules - arrière,4,2,2,0,1,1,1,0,1,50,2,2,1,0,0,1,18.0,43.0,deux_roues,transport_commun,1,2,3,1,2
202300045527,2023-11-01 20:28:00,2023,11,1,20,28,93,93079,Rue de l'Université / Rue du 19 Mars 1962,48.95895,2.34213,Nuit avec éclairage allumé,En agglomération,Intersection en T,Normale,Autre collision,4,2, -1,1,1,1,1,0,1,-1,1,2,1,0,0,1,23.0,,voiture,,5,2,3,1,6
202300045527,2023-11-01 20:28:00,2023,11,1,20,28,93,93079,Rue de l'Université / Rue du 19 Mars 1962,48.95895,2.34213,Nuit avec éclairage allumé,En agglomération,Intersection en T,Normale,Autre collision,4,2,2,0,1,1,1,0,1,50,1,2,1,0,0,1,23.0,,voiture,,5,2,3,1,6
202300045528,2023-05-12 18:30:00,2023,5,12,18,30,31,31344,POINTIS INARD (ROUTE DE),43.09721,0.77086,Crépuscule ou aube,Hors agglomération,Hors intersection,Pluie légère,Deux véhicules - arrière,3,2,2,0,1,1,2,0,1,80,2,2,1,0,1,0,31.0,59.0,voiture,voiture,2,1,1,2,2
202300045529,2023-11-01 09:56:00,2023,11,1,9,56,93,93027,Avenue Waldeck Rochet,48.93799017,2.40479568,Plein jour,Hors agglomération,Hors intersection,Normale,Autre collision,3,3,2,2,1,1,1,0,1,50,1,1,0,0,0,1,27.0,,voiture,,1,1,1,1,6
202300045530,2023-05-12 07:50:00,2023,5,12,7,50,31,31483,BOYER (RUE DU GENERAL),43.10117,0.7302,Plein jour,En agglomération,Intersection en X,Pluie légère,Deux véhicules - frontale,4,2,2,0,1,1,2,5,1,50,2,2,1,0,1,0,58.0,19.0,voiture,deux_roues,1,2,2,2,1
202300045530,2023-05-12 07:50:00,2023,5,12,7,50,31,31483,BOYER (RUE DU GENERAL),43.10117,0.7302,Plein jour,En agglomération,Intersection en X,Pluie légère,Deux véhicules - frontale,4,2,2,0,1,1,2,5,1,50,2,2,1,0,1,0,58.0,19.0,voiture,deux_roues,1,2,2,2,1
202300045531,2023-10-31 20:35:00,2023,10,31,20,35,92,92046,CAMELINAT,48.813,2.29873,Nuit avec éclairage allumé,En agglomération,Intersection en X,Normale,Autre collision,3,2,4,0,1,3,2,0,1,50,1,3,1,0,0,2,48.0,,voiture,,5,2,2,1,6
202300045531,2023-10-31 20:35:00,2023,10,31,20,35,92,92046,CAMELINAT,48.813,2.29873,Nuit avec éclairage allumé,En agglomération,Intersection en X,Normale,Autre collision,3,2,2,2,1,1,1,5,1,-1,1,3,1,0,0,2,48.0,,voiture,,5,2,2,1,6
202300045532,2023-05-05 00:10:00,2023,5,5,0,10,30,30028,EUZEBY (AVENUE ERNEST),44.16,4.61,Nuit sans éclairage public,Hors agglomération,Autre intersection,Normale,Autre collision,9,-1,1,0,1,1,1,9,8,50,1,2,1,1,0,0,25.0,,utilitaire_camion,,3,1,9,1,6
202300045533,2023-10-31 18:40:00,2023,10,31,18,40,92,92075,PAIX (AVENUE DE LA),48.81541966,2.27706707,Nuit avec éclairage allumé,En agglomération,Hors intersection,Normale,Deux véhicules - arrière,3,3,2,0,1,1,1,0,1,50,2,2,1,0,0,1,30.0,52.0,voiture,voiture,5,2,1,1,2
202300045534,2023-05-12 20:05:00,2023,5,12,20,5,29,29019,avenue de Provence,48.40758,-4.51505,Plein jour,En agglomération,Hors intersection,Temps éblouissant,Autre collision,4,3,2,0,1,1,1,0,1,50,1,2,1,0,0,1,30.0,,voiture,,1,2,1,7,6
202300045535,2023-11-01 15:10:00,2023,11,1,15,10,92,92033,HENRI REGNAULT,48.8487959,2.19062895,Plein jour,En agglomération,Hors intersection,Normale,Autre collision,4,2,2,0,1,1,2,0,1,50,1,3,2,0,0,1,34.0,,voiture,,1,2,1,1,6
202300045536,2023-05-12 12:45:00,2023,5,12,12,45,27,27681,JAURES (BOULEVARD JAURES),49.09507,1.46668,Plein jour,En agglomération,Hors intersection,Normale,Deux véhicules - arrière,4,1,2,0,1,1,1,0,1,50,2,2,1,0,0,1,28.0,30.0,voiture,deux_roues,1,2,1,1,2
202300045537,2023-11-01 04:10:00,2023,11,1,4,10,92,92051,MAURICE BARRES (BOULEVARD),48.8789015,2.27076387,Nuit avec éclairage allumé,En agglomération,Intersection en X,Normale,Deux véhicules - côté,4,2,4,0,1,1,1,5,1,30,2,2,1,0,1,0,25.0,52.0,deux_roues,voiture,5,2,2,1,3
202300045537,2023-11-01 04:10:00,2023,11,1,4,10,92,92051,MAURICE BARRES (BOULEVARD),48.8789015,2.27076387,Nuit avec éclairage allumé,En agglomération,Intersection en X,Normale,Deux véhicules - côté,4,2,2,0,1,1,1,5,1,50,2,2,1,0,1,0,25.0,52.0,deux_roues,voiture,5,2,2,1,3
202300045538,2023-05-11 17:45:00,2023,5,11,17,45,27,27299,BRIAND (AVENUE ARISTIDE),49.04142,1.1592,Plein jour,En agglomération,Intersection en X,Normale,Deux véhicules - arrière,4,2,2,0,1,1,1,0,1,50,2,2,1,0,0,1,50.0,52.0,voiture,voiture,1,2,2,1,2
202300045538,2023-05-11 17:45:00,2023,5,11,17,45,27,27299,BRIAND (AVENUE ARISTIDE),49.04142,1.1592,Plein jour,En agglomération,Intersection en X,Normale,Deux véhicules - arrière,4,-1,1,0,1,1,1,0,1,50,2,2,1,0,0,1,50.0,52.0,voiture,voiture,1,2,2,1,2
202300045539,2023-10-31 18:45:00,2023,10,31,18,45,92,92051,BOURDON (BOULEVARD),48.89658479,2.27276623,Nuit avec éclairage allumé,Hors agglomération,Autre intersection,Pluie légère,Deux véhicules - côté,3,1,4,0,1,1,2,8,1,50,2,2,1,0,0,1,25.0,55.0,deux_roues,utilitaire_camion,5,1,9,2,3
202300045540,2023-05-12 16:30:00,2023,5,12,16,30,25,25204,Route Départementale 437,46.93231016,6.3661871,Plein jour,Hors agglomération,Intersection en T,Pluie légère,Deux véhicules - côté,3,2,2,0,2,2,2,5,1,80,2,4,0,0,1,3,28.0,81.0,voiture,voiture,1,1,3,2,3
202300045540,2023-05-12 16:30:00,2023,5,12,16,30,25,25204,Route Départementale 437,46.93231016,6.3661871,Plein jour,Hors agglomération,Intersection en T,Pluie légère,Deux véhicules - côté,3,2,2,0,1,1,2,0,1,80,2,4,0,0,1,3,28.0,81.0,voiture,voiture,1,1,3,2,3
202300045541,2023-11-01 19:30:00,2023,11,1,19,30,92,92048,ROBERT SCHUMAN (AVENUE),48.78901406,2.23387465,Nuit avec éclairage allumé,En agglomération,Intersection en T,Normale,Deux véhicules - côté,4,2,2,0,1,1,1,0,1,30,2,2,1,0,0,1,21.0,35.0,deux_roues,voiture,5,2,3,1,3
202300045541,2023-11-01 19:30:00,2023,11,1,19,30,92,92048,ROBERT SCHUMAN (AVENUE),48.78901406,2.23387465,Nuit avec éclairage allumé,En agglomération,Intersection en T,Normale,Deux véhicules - côté,4,2,2,0,1,2,1,0,1,30,2,2,1,0,0,1,21.0,35.0,deux_roues,voiture,5,2,3,1,3
202300045542,2023-05-12 12:10:00,2023,5,12,12,10,25,25056,OBSERVATOIRE AVENUE DE L',47.246179,5.999043,Plein jour,En agglomération,Intersection en X,Normale,Deux véhicules - frontale,4,2,2,0,3,1,1,5,1,50,2,2,1,0,1,0,61.0,55.0,deux_roues,voiture,1,2,2,1,1
202300045542,2023-05-12 12:10:00,2023,5,12,12,10,25,25056,OBSERVATOIRE AVENUE DE L',47.246179,5.999043,Plein jour,En agglomération,Intersection en X,Normale,Deux véhicules - frontale,4,2,2,2,1,1,1,0,1,50,2,2,1,0,1,0,61.0,55.0,deux_roues,voiture,1,2,2,1,1
202300045543,2023-11-01 20:55:00,2023,11,1,20,55,92,92023,GARDE (PLACE DU) S101,48.80326,2.25684,Nuit avec éclairage non allumé,En agglomération,Hors intersection,Normale,Autre collision,3,1,2,0,1,1,1,0,8,50,1,2,1,0,0,1,49.0,,voiture,,4,2,1,1,6
202300045544,2023-05-06 23:30:00,2023,5,6,23,30,19,19031,RIVET (AVENUE JEAN CHARLES),45.15118,1.50055,Nuit sans éclairage public,En agglomération,Hors intersection,Normale,Deux véhicules - côté,4,2,2,0,1,1,1,0,1,50,2,6,5,0,0,1,40.0,18.0,voiture,voiture,3,2,1,1,3
202300045545,2023-05-06 16:05:00,2023,5,6,16,5,19,19031,DUMAITRE (RUE JEAN),45.15527,1.54838,Plein jour,En agglomération,Intersection en X,Normale,Deux véhicules - côté,4,2,2,0,1,1,1,0,1,50,2,2,1,0,0,1,18.0,31.0,deux_roues,voiture,1,2,2,1,3
202300045545,2023-05-06 16:05:00,2023,5,6,16,5,19,19031,DUMAITRE (RUE JEAN),45.15527,1.54838,Plein jour,En agglomération,Intersection en X,Normale,Deux véhicules - côté,4,2,2,0,1,1,1,0,1,50,2,2,1,0,0,1,18.0,31.0,deux_roues,voiture,1,2,2,1,3
202300045546,2023-10-18 19:15:00,2023,10,18,19,15,83,83019,D98,43.199216,6.394451,Nuit sans éclairage public,Hors agglomération,Hors intersection,Normale,Deux véhicules - frontale,3,2,2,0,2,1,1,0,1,80,2,2,0,0,1,1,56.0,16.0,deux_roues,voiture,3,1,1,1,1
202300045547,2023-05-12 20:15:00,2023,5,12,20,15,13,13207,RIVE NEUVE (QUAI),43.29259641,5.36731482,Plein jour,En agglomération,Hors intersection,Normale,Deux véhicules - côté,4,1,0,1,2,2,1,0,1,50,2,6,5,1,0,0,41.0,60.0,deux_roues,transport_commun,1,2,1,1,3
202300045548,2023-11-01 12:05:00,2023,11,1,12,5,36,36006,,46.56317828,1.50554538,Plein jour,Hors agglomération,Hors intersection,Pluie légère,Sans collision,1,3,4,0,1,1,2,0,3,130,1,1,0,0,0,1,75.0,,voiture,,1,1,1,2,7
202300045549,2023-05-12 15:00:00,2023,5,12,15,0,13,13212,FELIBRES (AVENUE DES),43.31156218,5.42576734,Plein jour,En agglomération,Hors intersection,Normale,Autre collision,4,2,2,0,2,1,1,0,1,50,1,2,1,0,1,0,72.0,,voiture,,1,2,1,1,6
202300045550,2023-11-02 18:10:00,2023,11,2,18,10,83,83140,Rdn 7- Saint Maximin,43.409179,5.947579,Nuit sans éclairage public,Hors agglomération,Hors intersection,Pluie légère,Autre collision,3,2,2,0,1,3,2,0,1,90,1,2,1,1,0,0,62.0,,voiture,,3,1,1,2,6