accident_id,datetime,annee,mois,jour,heure,minute,departement,commune_insee,adresse,latitude,longitude,luminosite,agglomeration,intersection,meteo,collision,catr,circ,nbv,vosp,prof,plan,surf,infra,situ,vma,nb_vehicules,nb_usagers,nb_indemnes,nb_tues,nb_blesses_hosp,nb_blesses_legers,age_cond_1,age_cond_2,veh_type_cond_1,veh_type_cond_2,lum_code,agg_code,int_code,atm_code,col_code
202300045551,2023-11-02 10:00:00,2023,11,2,10,0,59,59182,1886 Loowegh Straete,50.911811,2.33268,Plein jour,Hors agglomération,Hors intersection,Pluie forte,Sans collision,3,2,2,0,1,1,2,0,3,70,1,1,0,0,0,1,19.0,,deux_roues,,1,1,1,3,7
202300045552,2023-05-12 13:40:00,2023,5,12,13,40,13,13203,MIRES (RUE),43.31134,5.37048,Plein jour,En agglomération,Intersection en T,Normale,Deux véhicules - côté,4,1,1,1,1,1,1,0,1,50,2,2,1,0,1,0,40.0,28.0,deux_roues,voiture,1,2,3,1,3
202300045552,2023-05-12 13:40:00,2023,5,12,13,40,13,13203,MIRES (RUE),43.31134,5.37048,Plein jour,En agglomération,Intersection en T,Normale,Deux véhicules - côté,4,1,1,1,1,1,1,0,1,50,2,2,1,0,1,0,40.0,28.0,deux_roues,voiture,1,2,3,1,3
202300045553,2023-11-02 15:50:00,2023,11,2,15,50,82,82094,Lauzerte,44.261859,1.146542,Plein jour,En agglomération,Autre intersection,Pluie légère,Deux véhicules - frontale,3,2,2,0,1,1,2,0,5,80,2,2,1,0,0,1,36.0,33.0,voiture,voiture,1,2,9,2,1
202300045554,2023-05-12 12:30:00,2023,5,12,12,30,13,13214,SAINT JOSEPH (CHEMIN DE),43.34869846,5.37608206,Plein jour,En agglomération,Hors intersection,Normale,Deux véhicules - frontale,4,2,4,0,1,1,1,0,1,50,2,7,2,0,0,5,57.0,50.0,voiture,transport_commun,1,2,1,1,1
202300045555,2023-10-31 17:18:00,2023,10,31,17,18,82,82087,D927,44.118749,1.248472,Crépuscule ou aube,Hors agglomération,Intersection en T,Temps couvert,Deux véhicules - arrière,3,2,2,0,4,3,1,5,1,70,2,2,1,0,1,0,49.0,14.0,voiture,deux_roues,2,1,3,8,2
202300045555,2023-10-31 17:18:00,2023,10,31,17,18,82,82087,D927,44.118749,1.248472,Crépuscule ou aube,Hors agglomération,Intersection en T,Temps couvert,Deux véhicules - arrière,3,2,2,0,4,1,1,5,8,50,2,2,1,0,1,0,49.0,14.0,voiture,deux_roues,2,1,3,8,2
202300045556,2023-05-12 09:00:00,2023,5,12,9,0,13,13212,TROIS LUCS A LA VALENTINE (ROUTE),43.30205,5.47637,Plein jour,En agglomération,Hors intersection,Normale,Deux véhicules - frontale,4,-1,2,0,2,1,1,0,1,50,2,2,1,0,0,1,25.0,57.0,voiture,deux_roues,1,2,1,1,1
202300045557,2023-11-02 14:45:00,2023,11,2,14,45,65,65292,Cami de Marque-darré,43.266663,-0.125039,Plein jour,Hors agglomération,Hors intersection,Pluie légère,Sans collision,4,2,2,0,2,1,2,0,1,80,1,1,0,0,0,1,46.0,,utilitaire_camion,,1,1,1,2,7
202300045558,2023-05-12 09:21:00,2023,5,12,9,21,10,10081,Boulevard de l’Ouest,48.30500654,4.02689695,Plein jour,En agglomération,Giratoire,Pluie légère,Deux véhicules - arrière,4,1,2,0,1,1,2,0,1,50,2,2,1,0,0,1,20.0,44.0,voiture,voiture,1,2,6,2,2
202300045558,2023-05-12 09:21:00,2023,5,12,9,21,10,10081,Boulevard de l’Ouest,48.30500654,4.02689695,Plein jour,En agglomération,Giratoire,Pluie légère,Deux véhicules - arrière,4,2,2,1,1,1,2,0,1,50,2,2,1,0,0,1,20.0,44.0,voiture,voiture,1,2,6,2,2
202300045559,2023-11-01 14:45:00,2023,11,1,14,45,32,32301,Chemin de Bianne,43.661991,0.466388,Plein jour,Hors agglomération,Hors intersection,Normale,Sans collision,4,2,2,0,2,2,1,2,3,80,1,1,0,0,1,0,40.0,,voiture,,1,1,1,1,7
202300045560,2023-05-11 07:47:00,2023,5,11,7,47,10,10325,Rue Marie Curie,48.27086388,4.07393485,Plein jour,En agglomération,Hors intersection,Normale,Autre collision,4,2,2,3,1,1,2,9,1,30,1,2,1,0,0,1,28.0,,transport_commun,,1,2,1,1,6
202300045561,2023-11-01 11:25:00,2023,11,1,11,25,11,11418,CD218,43.235339,2.035925,Plein jour,Hors agglomération,Intersection en X,Normale,Deux véhicules - côté,3,2,2,0,1,1,1,5,1,80,2,2,1,0,1,0,55.0,79.0,deux_roues,voiture,1,1,2,1,3
202300045561,2023-11-01 11:25:00,2023,11,1,11,25,11,11418,CD218,43.235339,2.035925,Plein jour,Hors agglomération,Intersection en X,Normale,Deux véhicules - côté,3,2,2,-1,1,1,1,0,1,-1,2,2,1,0,1,0,55.0,79.0,deux_roues,voiture,1,1,2,1,3
202300045562,2023-05-01 11:22:00,2023,5,1,11,22,10,10265,GAGNAGE (RUE DU),48.30491,4.03828,Plein jour,En agglomération,Hors intersection,Normale,Autre collision,4,4,1,0,1,1,1,0,1,30,1,2,1,0,1,0,,,voiture,,1,2,1,1,6
202300045563,2023-11-02 18:25:00,2023,11,2,18,25,47,47051,Avenue Jean Monnet,44.175346,0.686782,Nuit avec éclairage allumé,En agglomération,Giratoire,Pluie légère,Deux véhicules - côté,4,2,2,0,1,2,2,0,1,50,2,2,1,0,1,0,20.0,27.0,deux_roues,voiture,5,2,6,2,3
202300045564,2023-05-12 16:55:00,2023,5,12,16,55,07,07229,RN 102,44.61264,4.40823,Plein jour,En agglomération,Giratoire,Normale,Sans collision,2,2,1,0,1,1,1,0,8,90,1,1,0,0,0,1,46.0,,deux_roues,,1,2,6,1,7
202300045564,2023-05-12 16:55:00,2023,5,12,16,55,07,07229,RN 102,44.61264,4.40823,Plein jour,En agglomération,Giratoire,Normale,Sans collision,2,2,1,0,1,1,1,0,8,50,1,1,0,0,0,1,46.0,,deux_roues,,1,2,6,1,7
202300045564,2023-05-12 16:55:00,2023,5,12,16,55,07,07229,RN 102,44.61264,4.40823,Plein jour,En agglomération,Giratoire,Normale,Sans collision,2,-1,2,0,1,2,1,5,1,70,1,1,0,0,0,1,46.0,,deux_roues,,1,2,6,1,7
202300045565,2023-11-01 14:30:00,2023,11,1,14,30,34,34194,163 Rue des Coquelicots,43.536809,3.45763,Plein jour,En agglomération,Hors intersection,Normale,Deux véhicules - côté,4,2,2,0,1,1,1,0,1,50,2,2,1,0,1,0,72.0,19.0,voiture,deux_roues,1,2,1,1,3
202300045566,2023-05-02 16:35:00,2023,5,2,16,35,06,06069,DE GAULLE (AVENUE DU GENERAL),43.655809,6.918132,Plein jour,En agglomération,Hors intersection,Normale,Autre collision,3,2,2,0,4,1,1,0,1,30,1,2,1,0,0,1,65.0,,voiture,,1,2,1,1,6
202300045567,2023-11-02 05:45:00,2023,11,2,5,45,44,44064,,47.114401,-1.282702,Nuit sans éclairage public,Hors agglomération,Hors intersection,Pluie forte,Sans collision,3,2,2,0,1,3,2,0,1,80,1,1,0,0,1,0,57.0,,deux_roues,,3,1,1,3,7
202300045568,2023-05-02 15:00:00,2023,5,2,15,0,06,06069,CANNES (ROUTE DE)  -RD 6085-,43.63523,6.95167,Plein jour,En agglomération,Hors intersection,Normale,Deux véhicules - arrière,4,2,2,0,1,1,1,0,1,50,2,3,2,0,0,1,21.0,77.0,voiture,voiture,1,2,1,1,2
202300045569,2023-11-02 04:30:00,2023,11,2,4,30,02,02643,21 Route Nationale 31,49.39648,3.127241,Nuit sans éclairage public,Hors agglomération,Hors intersection,Vent fort / tempête,Autre collision,2,2,2,0,1,1,2,0,1,-1,1,1,0,1,0,0,55.0,,utilitaire_camion,,3,1,1,6,6
202300045570,2023-05-11 21:10:00,2023,5,11,21,10,05,05061,COMMANDANT DUMONT ( AVENUE),44.56931,6.0833,Nuit avec éclairage allumé,En agglomération,Hors intersection,Normale,Deux véhicules - côté,2,2,2,0,2,1,1,0,1,50,2,2,0,0,1,1,26.0,41.0,voiture,deux_roues,5,2,1,1,3
202300045571,2023-10-25 14:30:00,2023,10,25,14,30,26,26324,Avenue Louis Girard,44.345788,4.772476,Plein jour,En agglomération,Hors intersection,Normale,Autre collision,3,2,2,0,1,1,1,0,1,50,1,1,0,0,1,0,64.0,,deux_roues,,1,2,1,1,6
202300045572,2023-11-01 21:15:00,2023,11,1,21,15,06,06012,Chemin des Revoires,43.7365748,7.4092755,Nuit avec éclairage allumé,En agglomération,Hors intersection,Normale,Sans collision,4,2,2,0,1,1,1,0,1,50,1,1,0,0,0,1,62.0,,deux_roues,,5,2,1,1,7
202300045573,2023-05-05 03:42:00,2023,5,5,3,42,02,02722,,49.36882,3.31654,Nuit sans éclairage public,En agglomération,Hors intersection,Normale,Deux véhicules - frontale,4,2,2,0,3,1,1,2,1,50,2,2,0,0,0,2,21.0,58.0,voiture,voiture,3,2,1,1,1
202300045574,2023-04-05 14:00:00,2023,4,5,14,0,02,02243,,49.4006,3.36579,Plein jour,En agglomération,Hors intersection,Normale,Autre collision,4,2,1,0,1,1,1,0,1,30,2,2,1,0,0,1,33.0,23.0,voiture,deux_roues,1,2,1,1,6
202300045575,2023-10-31 19:40:00,2023,10,31,19,40,45,45145,D96 PR 1 + 150,48.094842,2.790077,Nuit avec éclairage allumé,En agglomération,Intersection en Y,Pluie légère,Deux véhicules - côté,3,2,2,0,1,1,2,0,1,50,2,4,3,0,1,0,54.0,57.0,voiture,deux_roues,5,2,4,2,3
202300045575,2023-10-31 19:40:00,2023,10,31,19,40,45,45145,D96 PR 1 + 150,48.094842,2.790077,Nuit avec éclairage allumé,En agglomération,Intersection en Y,Pluie légère,Deux véhicules - côté,3,2,2,0,1,3,2,0,1,50,2,4,3,0,1,0,54.0,57.0,voiture,deux_roues,5,2,4,2,3
202300045576,2023-05-12 18:25:00,2023,5,12,18,25,75,75113,BRETELLE D ACCES EXTERIEUR IVRY,48.819874,2.374335,Plein jour,En agglomération,Intersection en Y,Normale,Deux véhicules - arrière,4,1, -1,-1,1,1,1,0,1,-1,2,2,1,0,0,1,71.0,24.0,voiture,voiture,1,2,4,1,2
202300045576,2023-05-12 18:25:00,2023,5,12,18,25,75,75113,BRETELLE D ACCES EXTERIEUR IVRY,48.819874,2.374335,Plein jour,En agglomération,Intersection en Y,Normale,Deux véhicules - arrière,4,1,2,0,2,1,1,0,1,50,2,2,1,0,0,1,71.0,24.0,voiture,voiture,1,2,4,1,2
202300045577,2023-11-02 16:55:00,2023,11,2,16,55,21,21425,1 Rue Carnot,47.621507,4.336923,Plein jour,En agglomération,Intersection en Y,Normale,Deux véhicules - côté,4,1,1,0,1,1,2,0,1,50,2,3,0,0,0,3,85.0,29.0,voiture,voiture,1,2,4,1,3
202300045577,2023-11-02 16:55:00,2023,11,2,16,55,21,21425,1 Rue Carnot,47.621507,4.336923,Plein jour,En agglomération,Intersection en Y,Normale,Deux véhicules - côté,4,2,2,0,1,2,2,0,1,50,2,3,0,0,0,3,85.0,29.0,voiture,voiture,1,2,4,1,3
202300045578,2023-05-11 19:10:00,2023,5,11,19,10,75,75119,PORTE D AUBERVILLIERS,48.900368,2.375187,Plein jour,En agglomération,Hors intersection,Normale,Deux véhicules - arrière,4,1,4,0,1,1,1,0,1,70,2,2,1,0,0,1,73.0,56.0,voiture,voiture,1,2,1,1,2
202300045579,2023-10-30 11:20:00,2023,10,30,11,20,85,85234,Chemin du pas du rat,46.756203,-1.997184,Plein jour,En agglomération,Hors intersection,Temps couvert,Deux véhicules - frontale,4,2,2,0,1,2,2,0,1,50,2,2,1,0,1,0,27.0,84.0,voiture,voiture,1,2,1,8,1
202300045580,2023-05-10 23:45:00,2023,5,10,23,45,75,75118,PORTE DE SAINT OUEN,48.900675,2.333095,Nuit avec éclairage allumé,En agglomération,Hors intersection,Normale,Deux véhicules - arrière,4,-1,4,0,1,1,1,0,1,70,2,2,1,0,0,1,45.0,24.0,deux_roues,voiture,5,2,1,1,2
202300045581,2023-10-13 18:00:00,2023,10,13,18,0,52,52250,Avenue de Lorraine,48.447045,5.155367,Crépuscule ou aube,En agglomération,Hors intersection,Normale,Deux véhicules - arrière,3,2,2,0,1,1,1,0,1,50,2,2,1,0,0,1,82.0,49.0,voiture,deux_roues,2,2,1,1,2
202300045582,2023-04-06 19:50:00,2023,4,6,19,50,84,84069,2013 route de vaison,44.195128,5.117998,Crépuscule ou aube,Hors agglomération,Hors intersection,Normale,Deux véhicules - frontale,3,2,2,0,2,4,1,0,3,80,1,2,0,1,1,0,20.0,,voiture,,2,1,1,1,1
202300045583,2023-05-10 19:20:00,2023,5,10,19,20,75,75113,BD PERIPHERIQUE EXTERIEUR,48.81688,2.348326,Plein jour,En agglomération,Hors intersection,Normale,Trois véhicules et plus - en chaîne,4,1,4,0,1,1,1,0,1,70,3,3,2,0,0,1,42.0,29.0,deux_roues,voiture,1,2,1,1,4
202300045584,2023-11-01 18:50:00,2023,11,1,18,50,973,97310,Pont de Stoupan,4.740793,-52.326926,Crépuscule ou aube,Hors agglomération,Hors intersection,Normale,Sans collision,3,2,2,0,1,3,1,0,8,80,1,1,0,1,0,0,30.0,,deux_roues,,2,1,1,1,7
202300045585,2023-11-02 05:15:00,2023,11,2,5,15,38,38140,A41s - Gare de péage,45.272093,5.900946,Nuit avec éclairage allumé,Hors agglomération,Hors intersection,Normale,Autre collision,1,3,12,0,1,1,2,7,8,70,1,1,0,1,0,0,57.0,,voiture,,5,1,1,1,6
202300045586,2023-04-06 14:00:00,2023,4,6,14,0,81,81074,48 Route de Villefranche,43.926907,2.228735,Plein jour,En agglomération,Hors intersection,Temps éblouissant,Deux véhicules - côté,4,2,2,0,3,1,1,0,1,50,2,2,1,0,1,0,26.0,63.0,voiture,deux_roues,1,2,1,7,3
202300045587,2023-11-02 15:29:00,2023,11,2,15,29,49,49050,D55,47.330334,-0.483516,Plein jour,Hors agglomération,Hors intersection,Normale,Sans collision,3,2,2,0,1,1,1,0,3,50,1,1,0,1,0,0,33.0,,utilitaire_camion,,1,1,1,1,7
202300045588,2023-05-12 15:10:00,2023,5,12,15,10,75,75106,RUE DE RENNES,48.851109,2.330724,Plein jour,En agglomération,Intersection en Y,Pluie légère,Deux véhicules - arrière,4,1, -1,0,1,1,2,0,1,30,2,2,1,0,0,1,58.0,32.0,voiture,voiture,1,2,4,2,2
202300045588,2023-05-12 15:10:00,2023,5,12,15,10,75,75106,RUE DE RENNES,48.851109,2.330724,Plein jour,En agglomération,Intersection en Y,Pluie légère,Deux véhicules - arrière,4,2,3,0,1,1,2,0,1,30,2,2,1,0,0,1,58.0,32.0,voiture,voiture,1,2,4,2,2
202300045589,2023-04-05 14:15:00,2023,4,5,14,15,45,45103,A19 PR 75 + 310,48.090808,2.524409,Plein jour,Hors agglomération,Hors intersection,Normale,Autre collision,1,3,4,0,1,1,1,0,1,130,1,1,0,0,1,0,50.0,,voiture,,1,1,1,1,6
202300045590,2023-04-06 14:20:00,2023,4,6,14,20,28,28219,A11 - PK 103.500,48.231295,1.023735,Plein jour,Hors agglomération,Hors intersection,Normale,Sans collision,1,3,3,0,1,1,1,0,3,130,1,2,0,0,0,2,29.0,,voiture,,1,1,1,1,7
202300045591,2023-11-02 05:15:00,2023,11,2,5,15,21,21423,Autoroute A6 PK 309+100 SENS PARIS-LYON,46.989043,4.852604,Nuit sans éclairage public,Hors agglomération,Hors intersection,Pluie forte,Autre collision,1,3,4,0,1,1,2,2,1,130,3,3,2,0,1,0,59.0,31.0,utilitaire_camion,utilitaire_camion,3,1,1,3,6
202300045592,2023-05-11 08:20:00,2023,5,11,8,20,75,75106,BOULEVARD RASPAIL,48.848088,2.327934,Plein jour,En agglomération,Intersection en X,Normale,Deux véhicules - côté,4,-1,3,3,1,1,1,0,1,30,2,2,0,0,0,2,36.0,40.0,deux_roues,deux_roues,1,2,2,1,3
202300045592,2023-05-11 08:20:00,2023,5,11,8,20,75,75106,BOULEVARD RASPAIL,48.848088,2.327934,Plein jour,En agglomération,Intersection en X,Normale,Deux véhicules - côté,4,-1,2,3,1,1,1,0,1,30,2,2,0,0,0,2,36.0,40.0,deux_roues,deux_roues,1,2,2,1,3
202300045593,2023-04-06 16:20:00,2023,4,6,16,20,68,68175,D415,48.153908,7.170604,Plein jour,Hors agglomération,Hors intersection,Normale,Deux véhicules - frontale,3,2,2,0,2,1,1,0,1,80,2,4,0,1,1,2,79.0,28.0,voiture,voiture,1,1,1,1,1
202300045594,2023-05-12 05:20:00,2023,5,12,5,20,75,75120,BOULEVARD DE MENILMONTANT,48.86318,2.38729,Nuit avec éclairage allumé,En agglomération,Hors intersection,Normale,Autre collision,4,1,2,1,1,1,1,0,1,30,1,2,1,0,0,1,60.0,,utilitaire_camion,,5,2,1,1,6
202300045595,2023-03-06 21:30:00,2023,3,6,21,30,972,97226,Baréto,14.460441,-60.859612,Nuit sans éclairage public,Hors agglomération,Hors intersection,Normale,Deux véhicules - côté,3,2,2,0,1,4,1,0,1,80,2,3,1,0,1,1,16.0,,deux_roues,autre,3,1,1,1,3
202300045596,2023-11-02 18:00:00,2023,11,2,18,0,30,30169,A9,43.792468,4.303367,Crépuscule ou aube,Hors agglomération,Autre intersection,Pluie légère,Trois véhicules et plus - collisions multiples,1,2,3,0,1,1,2,0,1,130,3,6,3,0,2,1,81.0,76.0,voiture,utilitaire_camion,2,1,9,2,5
202300045596,2023-11-02 18:00:00,2023,11,2,18,0,30,30169,A9,43.792468,4.303367,Crépuscule ou aube,Hors agglomération,Autre intersection,Pluie légère,Trois véhicules et plus - collisions multiples,1,2,3,0,1,1,2,0,1,50,3,6,3,0,2,1,81.0,76.0,voiture,utilitaire_camion,2,1,9,2,5
202300045597,2023-05-12 00:50:00,2023,5,12,0,50,75,75117,RUE NOLLET,48.887183,2.320923,Nuit avec éclairage allumé,En agglomération,Hors intersection,Normale,Autre collision,4,1,1,0,2,1,1,0,1,30,1,1,0,0,1,0,31.0,,deux_roues,,5,2,1,1,6
202300045598,2023-03-31 20:00:00,2023,3,31,20,0,972,97229,Route de Terreville,14.637517,-61.097808,Nuit avec éclairage allumé,En agglomération,Hors intersection,Normale,Autre collision,4,2,2,0,2,1,1,0,3,50,1,1,0,1,0,0,63.0,,voiture,,5,2,1,1,6
202300045599,2023-05-11 10:02:00,2023,5,11,10,2,75,75117,BOULEVARD BERTHIER,48.894359,2.313252,Plein jour,En agglomération,Intersection en X,Normale,Deux véhicules - côté,4,1,3,1,1,1,1,0,1,30,2,1,0,0,0,1,27.0,,deux_roues,,1,2,2,1,3
202300045599,2023-05-11 10:02:00,2023,5,11,10,2,75,75117,BOULEVARD BERTHIER,48.894359,2.313252,Plein jour,En agglomération,Intersection en X,Normale,Deux véhicules - côté,4,-1, -1,0,1,1,1,0,1,30,2,1,0,0,0,1,27.0,,deux_roues,,1,2,2,1,3
202300045600,2023-04-05 21:15:00,2023,4,5,21,15,01,01353,Route de Trévoux,45.959869,4.800693,Nuit sans éclairage public,Hors agglomération,Hors intersection,Normale,Autre collision,3,2,2,0,2,1,1,0,1,80,1,1,0,0,1,0,48.0,,deux_roues,,3,1,1,1,6
202300045601,2023-04-05 13:10:00,2023,4,5,13,10,35,35200,ROUTE DÉPARTEMANTALE 178,47.959626,-1.212637,Plein jour,Hors agglomération,Hors intersection,Normale,Deux véhicules - côté,3,2,2,0,2,1,1,0,1,80,2,3,2,0,1,0,49.0,56.0,voiture,utilitaire_camion,1,1,1,1,3
202300045602,2023-05-10 15:35:00,2023,5,10,15,35,75,75114,AVENUE DE LA PORTE D ORLEANS,48.821912,2.325454,Plein jour,En agglomération,Place,Normale,Deux véhicules - côté,4,3,6,0,1,1,1,0,1,50,2,2,1,0,0,1,30.0,41.0,utilitaire_camion,deux_roues,1,2,7,1,3
202300045602,2023-05-10 15:35:00,2023,5,10,15,35,75,75114,AVENUE DE LA PORTE D ORLEANS,48.821912,2.325454,Plein jour,En agglomération,Place,Normale,Deux véhicules - côté,4,2, -1,0,1,1,1,0,1,30,2,2,1,0,0,1,30.0,41.0,utilitaire_camion,deux_roues,1,2,7,1,3
202300045603,2023-04-06 08:50:00,2023,4,6,8,50,35,35334,"A84, PK 098+000",48.1592392,-1.59628183,Plein jour,Hors agglomération,Hors intersection,Pluie légère,Deux véhicules - arrière,1,3,7,0,1,1,2,0,1,110,2,2,1,0,1,0,43.0,44.0,voiture,utilitaire_camion,1,1,1,2,2
202300045604,2023-05-11 23:25:00,2023,5,11,23,25,75,75113,RUE DE TOLBIAC,48.826418,2.341792,Nuit avec éclairage allumé,En agglomération,Intersection en X,Normale,Deux véhicules - côté,4,1,2,0,1,1,1,0,1,30,2,3,2,0,0,1,56.0,34.0,voiture,deux_roues,5,2,2,1,3
202300045604,2023-05-11 23:25:00,2023,5,11,23,25,75,75113,RUE DE TOLBIAC,48.826418,2.341792,Nuit avec éclairage allumé,En agglomération,Intersection en X,Normale,Deux véhicules - côté,4,2,4,0,4,1,1,0,1,30,2,3,2,0,0,1,56.0,34.0,voiture,deux_roues,5,2,2,1,3
202300045605,2023-04-06 20:30:00,2023,4,6,20,30,30,30334,Avenue Louis Alteirac,44.017555,4.416311,Crépuscule ou aube,En agglomération,Intersection en T,Normale,Deux véhicules - côté,3,2,2,0,1,1,1,0,1,50,2,2,1,0,1,0,23.0,54.0,deux_roues,utilitaire_camion,2,2,3,1,3
202300045605,2023-04-06 20:30:00,2023,4,6,20,30,30,30334,Avenue Louis Alteirac,44.017555,4.416311,Crépuscule ou aube,En agglomération,Intersection en T,Normale,Deux véhicules - côté,3,2, -1,0,2,1,1,0,1,50,2,2,1,0,1,0,23.0,54.0,deux_roues,utilitaire_camion,2,2,3,1,3
202300045606,2023-05-11 21:09:00,2023,5,11,21,9,75,75101,BOULEVARD DE SEBASTOPOL,48.857722,2.347779,Crépuscule ou aube,En agglomération,Intersection en X,Normale,Autre collision,4,1,3,3,1,1,1,0,1,30,1,2,1,0,0,1,45.0,,voiture,,2,2,2,1,6
202300045606,2023-05-11 21:09:00,2023,5,11,21,9,75,75101,BOULEVARD DE SEBASTOPOL,48.857722,2.347779,Crépuscule ou aube,En agglomération,Intersection en X,Normale,Autre collision,4,1,4,1,1,1,1,0,1,30,1,2,1,0,0,1,45.0,,voiture,,2,2,2,1,6
202300045607,2023-03-30 00:30:00,2023,3,30,0,30,57,57163,D45,48.671154,7.217202,Nuit sans éclairage public,Hors agglomération,Hors intersection,Normale,Autre collision,3,2,2,0,2,1,1,0,3,80,1,3,2,0,1,0,19.0,,voiture,,3,1,1,1,6
202300045608,2023-05-12 14:25:00,2023,5,12,14,25,94,94068,Avenue du Bel Air,48.80552809,2.49549025,Plein jour,En agglomération,Intersection en Y,Normale,Deux véhicules - côté,4,2,2,0,1,1,1,0,1,30,2,3,1,0,0,2,45.0,50.0,utilitaire_camion,transport_commun,1,2,4,1,3
202300045609,2023-04-01 21:45:00,2023,4,1,21,45,56,56117,Rue Ernest Renan,47.891971,-2.833394,Nuit sans éclairage public,En agglomération,Giratoire,Normale,Deux véhicules - arrière,4,2,2,0,1,2,1,5,1,50,2,2,1,0,0,1,17.0,39.0,deux_roues,voiture,3,2,6,1,2
202300045610,2023-05-12 08:00:00,2023,5,12,8,0,94,94052,GEORGES CLEMENCEAU,48.83554,2.47382,Plein jour,En agglomération,Intersection à plus de 4 branches,Normale,Deux véhicules - côté,3,2,4,0,1,1,1,5,1,50,2,2,1,0,0,1,46.0,27.0,voiture,deux_roues,1,2,5,1,3
202300045610,2023-05-12 08:00:00,2023,5,12,8,0,94,94052,GEORGES CLEMENCEAU,48.83554,2.47382,Plein jour,En agglomération,Intersection à plus de 4 branches,Normale,Deux véhicules - côté,3,2,4,0,1,1,1,5,1,50,2,2,1,0,0,1,46.0,27.0,voiture,deux_roues,1,2,5,1,3
202300045611,2023-04-05 17:10:00,2023,4,5,17,10,56,56130,Lieu Dit la Madeleine,47.73928,-3.226118,Plein jour,Hors agglomération,Giratoire,Normale,Deux véhicules - côté,3,2,2,0,1,3,1,5,1,80,2,2,1,0,1,0,76.0,74.0,voiture,deux_roues,1,1,6,1,3
202300045612,2023-05-11 06:40:00,2023,5,11,6,40,94,94041,Avenue Danielle Casanova,48.81578,2.38304,Crépuscule ou aube,En agglomération,Intersection en X,Normale,Deux véhicules - frontale,3,2,2,0,1,1,1,0,1,50,2,2,1,0,0,1,40.0,28.0,deux_roues,utilitaire_camion,2,2,2,1,1
202300045612,2023-05-11 06:40:00,2023,5,11,6,40,94,94041,Avenue Danielle Casanova,48.81578,2.38304,Crépuscule ou aube,En agglomération,Intersection en X,Normale,Deux véhicules - frontale,3,1,1,2,1,1,1,0,1,50,2,2,1,0,0,1,40.0,28.0,deux_roues,utilitaire_camion,2,2,2,1,1
202300045613,2023-04-03 17:55:00,2023,4,3,17,55,59,59135,20 Rue de Watten,50.802315,2.477045,Plein jour,En agglomération,Hors intersection,Normale,Sans collision,3,2,2,0,3,1,1,0,8,50,1,1,0,1,0,0,58.0,,deux_roues,,1,2,1,1,7
202300045614,2023-04-03 17:25:00,2023,4,3,17,25,79,79277,,47.050242,-0.214952,Plein jour,Hors agglomération,Hors intersection,Normale,Sans collision,3,2,2,0,2,1,1,0,3,80,1,1,0,0,1,0,65.0,,deux_roues,,1,1,1,1,7
202300045615,2023-05-11 18:25:00,2023,5,11,18,25,94,94038,34 Avenue du Général de Gaulle,48.78147121,2.34248391,Plein jour,En agglomération,Hors intersection,Normale,Deux véhicules - côté,3,1,1,1,1,1,1,0,1,50,2,2,1,1,0,0,61.0,92.0,voiture,deux_roues,1,2,1,1,3
202300045616,2023-04-06 14:45:00,2023,4,6,14,45,63,63222,D 26,45.55089166,3.17519235,Plein jour,Hors agglomération,Hors intersection,Normale,Autre collision,3,2,2,0,1,1,1,0,3,90,1,1,0,0,1,0,35.0,,voiture,,1,1,1,1,6
202300045617,2023-04-06 01:30:00,2023,4,6,1,30,55,55470,D635,48.689884,5.043411,Nuit sans éclairage public,Hors agglomération,Hors intersection,Normale,Autre collision,3,2,2,0,1,1,1,0,1,90,1,2,0,0,2,0,20.0,,voiture,,3,1,1,1,6
202300045618,2023-05-11 17:24:00,2023,5,11,17,24,94,94033,28bis Rue Charles Bassée,48.84903,2.46762,Plein jour,En agglomération,Intersection en T,Normale,Deux véhicules - côté,4,1,1,0,1,1,1,0,1,30,2,3,1,0,0,2,67.0,23.0,voiture,deux_roues,1,2,3,1,3
202300045618,2023-05-11 17:24:00,2023,5,11,17,24,94,94033,28bis Rue Charles Bassée,48.84903,2.46762,Plein jour,En agglomération,Intersection en T,Normale,Deux véhicules - côté,4,2,1,0,2,1,1,0,1,30,2,3,1,0,0,2,67.0,23.0,voiture,deux_roues,1,2,3,1,3
202300045619,2023-04-04 19:08:00,2023,4,4,19,8,46,46243,Départementale 40,44.767364,1.854587,Plein jour,Hors agglomération,Hors intersection,Normale,Autre collision,3,2,2,0,1,4,1,8,3,80,1,1,0,0,0,1,49.0,,voiture,,1,1,1,1,6
202300045620,2023-05-10 09:35:00,2023,5,10,9,35,94,94011,Avenue de Paris,48.77497,2.48108,Plein jour,En agglomération,Hors intersection,Pluie forte,Deux véhicules - côté,3,2,2,0,1,1,2,0,1,50,2,2,1,0,1,0,30.0,26.0,deux_roues,voiture,1,2,1,3,3
202300045621,2023-05-11 12:14:00,2023,5,11,12,14,94,94059,Avenue du tramway,48.8142224,2.5662134,Plein jour,En agglomération,Hors intersection,Normale,Deux véhicules - arrière,4,1,1,0,1,1,1,0,1,50,2,2,1,0,0,1,27.0,26.0,voiture,voiture,1,2,1,1,2
202300045622,2023-04-05 20:30:00,2023,4,5,20,30,41,41214,Les Vallieres,47.935511,1.201473,Crépuscule ou aube,Hors agglomération,Hors intersection,Normale,Deux véhicules - arrière,2,2,2,0,1,1,1,0,3,80,2,6,2,2,1,1,19.0,25.0,voiture,utilitaire_camion,2,1,1,1,2