accident_id,datetime,annee,mois,jour,heure,minute,departement,commune_insee,adresse,latitude,longitude,luminosite,agglomeration,intersection,meteo,collision,catr,circ,nbv,vosp,prof,plan,surf,infra,situ,vma,nb_vehicules,nb_usagers,nb_indemnes,nb_tues,nb_blesses_hosp,nb_blesses_legers,age_cond_1,age_cond_2,veh_type_cond_1,veh_type_cond_2,lum_code,agg_code,int_code,atm_code,col_code
202300045623,2023-05-12 12:05:00,2023,5,12,12,5,94,94017,Rue Albert Thomas,48.81244153,2.5108636,Plein jour,En agglomération,Intersection en X,Pluie légère,Autre collision,3,1,2,0,1,2,2,0,1,50,1,2,1,0,0,1,58.0,,voiture,,1,2,2,2,6
202300045623,2023-05-12 12:05:00,2023,5,12,12,5,94,94017,Rue Albert Thomas,48.81244153,2.5108636,Plein jour,En agglomération,Intersection en X,Pluie légère,Autre collision,3,1,1,0,1,1,2,0,1,50,1,2,1,0,0,1,58.0,,voiture,,1,2,2,2,6
202300045624,2023-04-06 13:40:00,2023,4,6,13,40,39,39326,,46.594599,5.667615,Plein jour,Hors agglomération,Hors intersection,Normale,Deux véhicules - frontale,3,2,2,0,2,3,1,0,1,80,2,2,0,1,1,0,63.0,48.0,deux_roues,voiture,1,1,1,1,1
202300045625,2023-04-05 01:54:00,2023,4,5,1,54,25,25122,D48,46.938479,6.218651,Nuit sans éclairage public,Hors agglomération,Hors intersection,Normale,Autre collision,3,2,2,0,2,3,1,0,8,80,1,1,0,0,1,0,19.0,,voiture,,3,1,1,1,6
202300045626,2023-04-24 14:30:00,2023,4,24,14,30,25,25036,RN83 Avanne-Aveney,47.1933,5.965919,Plein jour,Hors agglomération,Hors intersection,Normale,Autre collision,2,2,2,0,2,4,1,0,1,70,1,1,0,0,0,1,34.0,,deux_roues,,1,1,1,1,6
202300045627,2023-05-11 20:09:00,2023,5,11,20,9,93,93050,Rue Paul et Camille Thomoux / Avenue Robert Schumann,48.87353,2.52967,Plein jour,En agglomération,Intersection en T,Normale,Deux véhicules - arrière,3,1,1,-1,1,1,1,0,1,-1,2,2,1,0,0,1,29.0,43.0,deux_roues,utilitaire_camion,1,2,3,1,2
202300045627,2023-05-11 20:09:00,2023,5,11,20,9,93,93050,Rue Paul et Camille Thomoux / Avenue Robert Schumann,48.87353,2.52967,Plein jour,En agglomération,Intersection en T,Normale,Deux véhicules - arrière,3,2,3,0,1,1,1,0,1,50,2,2,1,0,0,1,29.0,43.0,deux_roues,utilitaire_camion,1,2,3,1,2
202300045628,2023-04-05 17:15:00,2023,4,5,17,15,38,38140,D10,45.270949,5.89046,Plein jour,Hors agglomération,Hors intersection,Normale,Deux véhicules - arrière,3,2,2,0,1,2,1,2,1,50,2,2,1,0,1,0,52.0,35.0,voiture,voiture,1,1,1,1,2
202300045629,2023-04-06 12:30:00,2023,4,6,12,30,03,03089,RD 987,46.187288,3.017378,Plein jour,Hors agglomération,Hors intersection,Normale,Autre collision,3,2,2,0,1,1,1,0,3,90,1,1,0,1,0,0,72.0,,voiture,,1,1,1,1,6
202300045630,2023-05-12 17:28:00,2023,5,12,17,28,93,93029,Rue Auguste Blanqui,48.92039991,2.45748938,Plein jour,En agglomération,Hors intersection,Temps couvert,Autre collision,4,2,2,0,1,1,1,0,1,30,1,2,1,0,0,1,38.0,,deux_roues,,1,2,1,8,6
202300045631,2023-04-06 18:00:00,2023,4,6,18,0,58,58067,10 Route de la Forêt,47.110947,3.096288,Plein jour,En agglomération,Hors intersection,Normale,Autre collision,3,2,2,0,2,1,1,0,3,70,1,1,0,0,0,1,17.0,,deux_roues,,1,2,1,1,6
202300045632,2023-05-12 18:55:00,2023,5,12,18,55,93,93010,Avenue Pasteur,48.90664,2.48826,Plein jour,En agglomération,Hors intersection,Normale,Autre collision,4,2,2,0,1,1,1,0,1,50,1,2,1,0,0,1,62.0,,voiture,,1,2,1,1,6
202300045633,2023-04-06 01:50:00,2023,4,6,1,50,54,54152,Rue Pierre Semard,48.56347,6.39042,Nuit avec éclairage non allumé,En agglomération,Autre intersection,Normale,Autre collision,3,2,2,0,2,3,1,0,3,50,1,1,0,0,1,0,17.0,,voiture,,4,2,9,1,6
202300045633,2023-04-06 01:50:00,2023,4,6,1,50,54,54152,Rue Pierre Semard,48.56347,6.39042,Nuit avec éclairage non allumé,En agglomération,Autre intersection,Normale,Autre collision,3,2, -1,0,1,1,1,0,1,50,1,1,0,0,1,0,17.0,,voiture,,4,2,9,1,6
202300045634,2023-04-06 07:24:00,2023,4,6,7,24,60,60509,Rue Louis Pasteur,49.307263,2.590365,Crépuscule ou aube,En agglomération,Hors intersection,Pluie forte,Autre collision,3,2,2,0,1,1,2,6,1,50,1,4,1,0,0,3,82.0,,voiture,,2,2,1,3,6
202300045635,2023-05-12 08:15:00,2023,5,12,8,15,93,93007,Avenue Pierre Brossolette / Square de Stalingrad,48.92959853,2.46719639,Plein jour,En agglomération,Intersection en T,Normale,Autre collision,4,1,1,-1,1,1,1,0,1,-1,1,2,1,0,0,1,32.0,,utilitaire_camion,,1,2,3,1,6
202300045635,2023-05-12 08:15:00,2023,5,12,8,15,93,93007,Avenue Pierre Brossolette / Square de Stalingrad,48.92959853,2.46719639,Plein jour,En agglomération,Intersection en T,Normale,Autre collision,4,1,1,0,1,2,1,0,1,50,1,2,1,0,0,1,32.0,,utilitaire_camion,,1,2,3,1,6
202300045636,2023-04-05 17:55:00,2023,4,5,17,55,27,27467,46 Route de Cormeilles,49.343993,0.498478,Plein jour,Hors agglomération,Hors intersection,Normale,Deux véhicules - côté,3,2,2,0,2,1,1,0,1,80,2,2,1,0,0,1,58.0,37.0,voiture,deux_roues,1,1,1,1,3
202300045637,2023-05-12 16:40:00,2023,5,12,16,40,92,92051,"SAUSSAYE (BOULEVARD DE LA, N° 7 A 61 ET",48.89056107,2.26511613,Plein jour,En agglomération,Intersection en X,Pluie légère,Deux véhicules - côté,4,1, -1,-1,1,1,2,0,1,-1,2,2,1,0,0,1,73.0,43.0,voiture,voiture,1,2,2,2,3
202300045637,2023-05-12 16:40:00,2023,5,12,16,40,92,92051,"SAUSSAYE (BOULEVARD DE LA, N° 7 A 61 ET",48.89056107,2.26511613,Plein jour,En agglomération,Intersection en X,Pluie légère,Deux véhicules - côté,4,2,2,0,1,1,2,0,1,50,2,2,1,0,0,1,73.0,43.0,voiture,voiture,1,2,2,2,3
202300045638,2023-04-05 09:00:00,2023,4,5,9,0,17,17024,D121,46.031959,-0.368063,Plein jour,Hors agglomération,Hors intersection,Normale,Sans collision,3,2,2,0,1,1,1,0,3,80,1,1,0,0,1,0,21.0,,voiture,,1,1,1,1,7
202300045639,2023-04-06 10:45:00,2023,4,6,10,45,37,37226,92 avenue du général de Gaulle,47.10531,0.613024,Plein jour,En agglomération,Giratoire,Temps couvert,Deux véhicules - côté,3,2,2,1,2,1,1,5,1,30,2,2,0,0,1,1,62.0,36.0,deux_roues,voiture,1,2,6,8,3
202300045639,2023-04-06 10:45:00,2023,4,6,10,45,37,37226,92 avenue du général de Gaulle,47.10531,0.613024,Plein jour,En agglomération,Giratoire,Temps couvert,Deux véhicules - côté,3,-1, -1,0,2,1,1,5,1,30,2,2,0,0,1,1,62.0,36.0,deux_roues,voiture,1,2,6,8,3
202300045640,2023-05-12 11:55:00,2023,5,12,11,55,92,92026,JOFFRE ( DE 52 A FIN ET DE 61 A FIN ),48.90143,2.27802,Plein jour,En agglomération,Hors intersection,Pluie légère,Deux véhicules - côté,3,3,4,0,1,1,2,0,1,50,2,2,1,0,0,1,,46.0,voiture,deux_roues,1,2,1,2,3
202300045641,2023-04-05 15:45:00,2023,4,5,15,45,76,76657,A131 PK 024.400,49.48091,0.337143,Plein jour,Hors agglomération,Hors intersection,Normale,Autre collision,1,1,2,0,1,3,1,0,2,110,1,1,0,0,0,1,40.0,,utilitaire_camion,,1,1,1,1,6
202300045642,2023-03-24 00:45:00,2023,3,24,0,45,33,33284,A660,44.626488,-0.889485,Nuit sans éclairage public,Hors agglomération,Hors intersection,Normale,Autre collision,1,3,4,0,1,1,1,0,3,130,1,1,0,0,0,1,20.0,,voiture,,3,1,1,1,6
202300045643,2023-02-19 16:25:00,2023,2,19,16,25,75,75120,BOULEVARD DAVOUT,48.850732,2.410948,Plein jour,En agglomération,Hors intersection,Normale,Deux véhicules - côté,4,1,2,0,1,1,1,0,1,30,2,3,2,0,0,1,22.0,56.0,voiture,voiture,1,2,1,1,3
202300045644,2023-04-06 17:10:00,2023,4,6,17,10,69,69268,Route de Vernaison,45.651991,4.755492,Plein jour,Hors agglomération,Intersection en T,Normale,Deux véhicules - côté,3,2,2,0,1,1,1,0,1,80,2,2,0,0,1,1,27.0,69.0,deux_roues,voiture,1,1,3,1,3
202300045644,2023-04-06 17:10:00,2023,4,6,17,10,69,69268,Route de Vernaison,45.651991,4.755492,Plein jour,Hors agglomération,Intersection en T,Normale,Deux véhicules - côté,3,2,2,0,1,1,1,0,1,70,2,2,0,0,1,1,27.0,69.0,deux_roues,voiture,1,1,3,1,3
202300045645,2023-02-20 11:30:00,2023,2,20,11,30,75,75118,AVENUE DE SAINT OUEN,48.895548,2.328289,Plein jour,En agglomération,Intersection en X,Normale,Autre collision,4,2,2,0,1,1,1,0,1,30,1,2,1,0,0,1,59.0,,voiture,,1,2,2,1,6
202300045645,2023-02-20 11:30:00,2023,2,20,11,30,75,75118,AVENUE DE SAINT OUEN,48.895548,2.328289,Plein jour,En agglomération,Intersection en X,Normale,Autre collision,4,-1, -1,-1,1,1,1,0,1,-1,1,2,1,0,0,1,59.0,,voiture,,1,2,2,1,6
202300045646,2023-02-19 05:00:00,2023,2,19,5,0,75,75117,PLACE DE LA PORTE MAILLOT,48.878492,2.282976,Nuit avec éclairage allumé,En agglomération,Place,Normale,Sans collision,4,2,4,0,1,1,1,8,1,30,1,1,0,0,0,1,22.0,,deux_roues,,5,2,7,1,7
202300045647,2023-02-20 17:10:00,2023,2,20,17,10,75,75116,AVENUE VICTOR HUGO,48.869108,2.284015,Plein jour,En agglomération,Hors intersection,Normale,Autre collision,4,2,2,0,1,1,1,0,1,30,1,2,1,0,0,1,49.0,,voiture,,1,2,1,1,6
202300045648,2023-04-06 07:00:00,2023,4,6,7,0,14,14555,A13,49.30759535,0.29912145,Crépuscule ou aube,Hors agglomération,Hors intersection,Pluie forte,Trois véhicules et plus - en chaîne,1,1,3,0,2,2,2,0,1,130,3,4,3,0,1,0,35.0,35.0,voiture,utilitaire_camion,2,1,1,3,4
202300045649,2023-02-19 23:25:00,2023,2,19,23,25,75,75116,ALLEE DE LA REINE MARGUERITE,48.866982,2.250379,Nuit avec éclairage allumé,En agglomération,Hors intersection,Normale,Deux véhicules - côté,4,2,2,0,2,1,1,0,1,50,2,2,1,0,0,1,32.0,39.0,deux_roues,voiture,5,2,1,1,3
202300045650,2023-04-05 08:45:00,2023,4,5,8,45,69,69064,115 Rue Nationale,45.457282,4.756978,Plein jour,En agglomération,Hors intersection,Normale,Autre collision,3,2,2,0,1,1,1,0,1,50,1,2,1,0,1,0,76.0,,voiture,,1,2,1,1,6
202300045651,2023-02-20 08:50:00,2023,2,20,8,50,75,75112,QUAI DE BERCY,48.834508,2.380862,Plein jour,En agglomération,Hors intersection,Normale,Deux véhicules - côté,4,1,3,0,1,1,1,0,1,50,2,2,1,0,0,1,26.0,72.0,deux_roues,voiture,1,2,1,1,3
202300045652,2023-03-24 15:45:00,2023,3,24,15,45,987,98714,Vaitape,-16.503783,-151.748361,Plein jour,Hors agglomération,Hors intersection,Normale,Trois véhicules et plus - en chaîne,2,2,2,0,1,1,1,0,1,60,3,4,3,0,1,0,30.0,39.0,voiture,deux_roues,1,1,1,1,4
202300045653,2023-02-20 05:40:00,2023,2,20,5,40,75,75108,AVENUE DE FRIEDLAND,48.874238,2.29969,Nuit avec éclairage allumé,En agglomération,Intersection en Y,Normale,Deux véhicules - côté,4,2,4,0,2,1,1,0,1,30,2,3,1,0,0,2,30.0,20.0,voiture,voiture,5,2,4,1,3
202300045653,2023-02-20 05:40:00,2023,2,20,5,40,75,75108,AVENUE DE FRIEDLAND,48.874238,2.29969,Nuit avec éclairage allumé,En agglomération,Intersection en Y,Normale,Deux véhicules - côté,4,-1,1,0,1,1,1,0,1,30,2,3,1,0,0,2,30.0,20.0,voiture,voiture,5,2,4,1,3
202300045654,2023-04-06 16:45:00,2023,4,6,16,45,976,97608,Boulevard des Crabes,-12.78201,45.257138,Plein jour,En agglomération,Intersection en T,Normale,Deux véhicules - côté,2,2,2,0,2,1,1,5,1,50,2,2,1,0,0,1,49.0,47.0,deux_roues,voiture,1,2,3,1,3
202300045654,2023-04-06 16:45:00,2023,4,6,16,45,976,97608,Boulevard des Crabes,-12.78201,45.257138,Plein jour,En agglomération,Intersection en T,Normale,Deux véhicules - côté,2,1, -1,-1,2,1,1,0,1,-1,2,2,1,0,0,1,49.0,47.0,deux_roues,voiture,1,2,3,1,3
202300045655,2023-02-20 15:42:00,2023,2,20,15,42,75,75108,PLACE CHARLES DE GAULLE,48.873847,2.295945,Plein jour,En agglomération,Place,Normale,Deux véhicules - côté,4,2, -1,-1,1,1,1,0,1,-1,2,2,1,0,0,1,22.0,,deux_roues,deux_roues,1,2,7,1,3
202300045655,2023-02-20 15:42:00,2023,2,20,15,42,75,75108,PLACE CHARLES DE GAULLE,48.873847,2.295945,Plein jour,En agglomération,Place,Normale,Deux véhicules - côté,4,-1, -1,0,1,1,1,0,1,30,2,2,1,0,0,1,22.0,,deux_roues,deux_roues,1,2,7,1,3
202300045656,2023-04-03 18:30:00,2023,4,3,18,30,971,97134,3089 Chemin de Tanville,16.049641,-61.736391,Nuit avec éclairage allumé,En agglomération,Hors intersection,Normale,Autre collision,4,2,2,0,2,1,1,0,1,50,1,2,0,0,1,1,38.0,,voiture,,5,2,1,1,6
202300045657,2023-02-20 17:35:00,2023,2,20,17,35,94,94074,Avenue Henri Barbusse,48.76404688,2.4421277,Plein jour,En agglomération,Hors intersection,Normale,Deux véhicules - arrière,2,3,4,0,1,1,1,0,1,50,2,2,1,0,0,1,19.0,29.0,voiture,deux_roues,1,2,1,1,2
202300045658,2023-02-20 20:58:00,2023,2,20,20,58,94,94037,Rue du Val de Marne,48.81756,2.35338,Nuit avec éclairage allumé,En agglomération,Intersection en X,Normale,Deux véhicules - côté,3,2,2,1,1,1,1,5,1,50,2,2,1,0,0,1,31.0,42.0,deux_roues,voiture,5,2,2,1,3
202300045658,2023-02-20 20:58:00,2023,2,20,20,58,94,94037,Rue du Val de Marne,48.81756,2.35338,Nuit avec éclairage allumé,En agglomération,Intersection en X,Normale,Deux véhicules - côté,3,2,2,1,1,1,1,5,1,50,2,2,1,0,0,1,31.0,42.0,deux_roues,voiture,5,2,2,1,3
202300045659,2023-04-06 06:45:00,2023,4,6,6,45,91,91041,"d19, sens Brétigny-Arpajon",48.56347,2.244609,Crépuscule ou aube,Hors agglomération,Giratoire,Normale,Sans collision,3,1,4,0,1,1,2,5,8,-1,1,2,0,0,2,0,38.0,,voiture,,2,1,6,1,7
202300045660,2023-02-19 12:40:00,2023,2,19,12,40,94,94021,17 Avenue Georges Guynemer,48.7652665,2.33852425,Plein jour,En agglomération,Hors intersection,Normale,Autre collision,3,2,2,0,1,2,1,0,1,50,1,1,0,0,0,1,21.0,,voiture,,1,2,1,1,6
202300045661,2023-04-06 18:00:00,2023,4,6,18,0,84,84141,ALLEE DES VERGUETS,43.972994,4.888471,Plein jour,En agglomération,Hors intersection,Normale,Deux véhicules - arrière,3,2,1,0,1,1,1,0,1,50,2,3,2,0,0,1,32.0,39.0,voiture,voiture,1,2,1,1,2
202300045662,2023-02-20 08:50:00,2023,2,20,8,50,94,94054,Avenue Marcel Cachin / Rue Jean Mermoz,48.750184,2.413202,Plein jour,En agglomération,Intersection en X,Normale,Deux véhicules - côté,3,2,2,0,1,1,1,0,1,50,2,2,1,0,0,1,37.0,37.0,voiture,voiture,1,2,2,1,3
202300045662,2023-02-20 08:50:00,2023,2,20,8,50,94,94054,Avenue Marcel Cachin / Rue Jean Mermoz,48.750184,2.413202,Plein jour,En agglomération,Intersection en X,Normale,Deux véhicules - côté,3,2,2,0,1,1,1,5,1,50,2,2,1,0,0,1,37.0,37.0,voiture,voiture,1,2,2,1,3
202300045663,2023-02-19 15:05:00,2023,2,19,15,5,94,94075,Rue d'Yerres,48.719505,2.520986,Plein jour,En agglomération,Hors intersection,Normale,Deux véhicules - côté,4,2,2,0,1,1,1,0,1,50,2,2,1,0,0,1,26.0,33.0,deux_roues,voiture,1,2,1,1,3
202300045664,2023-08-30 19:35:00,2023,8,30,19,35,01,01269,D74,46.158774,5.585888,Plein jour,Hors agglomération,Hors intersection,Normale,Autre collision,3,2,1,1,1,1,1,6,1,70,1,1,0,0,0,1,21.0,,deux_roues,,1,1,1,1,6
202300045665,2023-04-05 17:40:00,2023,4,5,17,40,52,52246,N19,47.91173792,5.29095268,Plein jour,Hors agglomération,Hors intersection,Normale,Trois véhicules et plus - en chaîne,2,2,2,0,1,3,1,0,1,80,3,5,4,0,0,1,24.0,28.0,voiture,utilitaire_camion,1,1,1,1,4
202300045666,2023-08-29 17:45:00,2023,8,29,17,45,72,72215,Rue Désirée Ruel,48.37491,0.252128,Plein jour,En agglomération,Intersection en T,Normale,Deux véhicules - frontale,4,1,1,0,1,1,1,0,1,50,2,2,1,0,1,0,68.0,17.0,voiture,deux_roues,1,2,3,1,1
202300045666,2023-08-29 17:45:00,2023,8,29,17,45,72,72215,Rue Désirée Ruel,48.37491,0.252128,Plein jour,En agglomération,Intersection en T,Normale,Deux véhicules - frontale,4,2,2,0,1,1,1,0,1,50,2,2,1,0,1,0,68.0,17.0,voiture,deux_roues,1,2,3,1,1
202300045667,2023-02-19 00:01:00,2023,2,19,0,1,93,93073,Rue de Savoie / Avenue Albert Sarraut,48.94356,2.59078,Nuit avec éclairage allumé,En agglomération,Intersection en X,Normale,Deux véhicules - côté,4,2,2,0,1,1,1,5,1,50,2,3,2,0,0,1,22.0,21.0,voiture,voiture,5,2,2,1,3
202300045667,2023-02-19 00:01:00,2023,2,19,0,1,93,93073,Rue de Savoie / Avenue Albert Sarraut,48.94356,2.59078,Nuit avec éclairage allumé,En agglomération,Intersection en X,Normale,Deux véhicules - côté,4,2,2,0,1,1,1,0,1,50,2,3,2,0,0,1,22.0,21.0,voiture,voiture,5,2,2,1,3
202300045668,2023-02-20 10:30:00,2023,2,20,10,30,93,93053,Avenue de Rosny / Avenue d'Alsace Lorraine,48.89733,2.47065,Plein jour,En agglomération,Intersection en X,Normale,Deux véhicules - côté,3,2,2,0,1,1,1,2,1,50,2,2,1,0,0,1,20.0,28.0,utilitaire_camion,deux_roues,1,2,2,1,3
202300045668,2023-02-20 10:30:00,2023,2,20,10,30,93,93053,Avenue de Rosny / Avenue d'Alsace Lorraine,48.89733,2.47065,Plein jour,En agglomération,Intersection en X,Normale,Deux véhicules - côté,3,2,2,0,1,1,1,2,1,50,2,2,1,0,0,1,20.0,28.0,utilitaire_camion,deux_roues,1,2,2,1,3
202300045669,2023-08-30 19:05:00,2023,8,30,19,5,14,14396,Rue du Dorset,49.13422371,-0.41271022,Plein jour,Hors agglomération,Giratoire,Normale,Deux véhicules - côté,3,2,1,0,2,1,1,5,1,80,2,3,2,0,1,0,59.0,76.0,deux_roues,voiture,1,1,6,1,3
202300045669,2023-08-30 19:05:00,2023,8,30,19,5,14,14396,Rue du Dorset,49.13422371,-0.41271022,Plein jour,Hors agglomération,Giratoire,Normale,Deux véhicules - côté,3,2,1,0,2,1,1,5,1,80,2,3,2,0,1,0,59.0,76.0,deux_roues,voiture,1,1,6,1,3
202300045670,2023-03-30 06:45:00,2023,3,30,6,45,67,67345,Rue de Kaltenhouse,48.792132,7.846234,Crépuscule ou aube,En agglomération,Giratoire,Pluie légère,Deux véhicules - côté,3,2,2,0,1,1,2,5,6,50,2,2,0,0,0,2,41.0,46.0,deux_roues,voiture,2,2,6,2,3
202300045671,2023-02-20 17:12:00,2023,2,20,17,12,93,93031,Avenue de la Marne / Avenue Jean Jaurès,48.95827,2.32553,Plein jour,En agglomération,Intersection en T,Normale,Autre collision,3,2,2,0,1,1,1,0,1,50,1,2,1,0,0,1,37.0,,utilitaire_camion,,1,2,3,1,6
202300045671,2023-02-20 17:12:00,2023,2,20,17,12,93,93031,Avenue de la Marne / Avenue Jean Jaurès,48.95827,2.32553,Plein jour,En agglomération,Intersection en T,Normale,Autre collision,3,2,2,-1,1,4,1,0,1,-1,1,2,1,0,0,1,37.0,,utilitaire_camion,,1,2,3,1,6
202300045672,2023-08-31 17:45:00,2023,8,31,17,45,09,09324,chemin de malmarty,43.051438,1.644114,Plein jour,En agglomération,Hors intersection,Temps éblouissant,Deux véhicules - frontale,4,2,2,0,1,3,1,0,1,50,2,2,1,0,0,1,47.0,52.0,deux_roues,voiture,1,2,1,7,1
202300045673,2023-08-30 00:40:00,2023,8,30,0,40,73,73007,D925,45.572408,6.263988,Nuit sans éclairage public,Hors agglomération,Hors intersection,Normale,Autre collision,3,2,2,0,1,3,1,0,3,80,1,1,0,0,1,0,29.0,,voiture,,3,1,1,1,6
202300045674,2023-02-20 19:10:00,2023,2,20,19,10,93,93010,Route d'Aulnay,48.907292,2.480296,Nuit avec éclairage allumé,En agglomération,Hors intersection,Normale,Trois véhicules et plus - collisions multiples,3,2,2,0,3,1,1,2,1,30,3,3,2,0,0,1,32.0,34.0,voiture,voiture,5,2,1,1,5
202300045675,2023-03-20 08:45:00,2023,3,20,8,45,54,54111,Rue Edmond Pintier,48.62357665,6.08421564,Plein jour,En agglomération,Intersection en T,Normale,Deux véhicules - côté,4,2,2,0,2,4,1,0,1,50,2,2,1,0,1,0,39.0,60.0,voiture,deux_roues,1,2,3,1,3
202300045675,2023-03-20 08:45:00,2023,3,20,8,45,54,54111,Rue Edmond Pintier,48.62357665,6.08421564,Plein jour,En agglomération,Intersection en T,Normale,Deux véhicules - côté,4,2, -1,0,2,1,1,0,1,50,2,2,1,0,1,0,39.0,60.0,voiture,deux_roues,1,2,3,1,3
202300045676,2023-08-31 17:40:00,2023,8,31,17,40,43,43177,Le Grand Roure,45.320524,4.300444,Plein jour,Hors agglomération,Hors intersection,Normale,Autre collision,3,2,2,0,2,3,1,0,8,80,1,1,0,1,0,0,21.0,,voiture,,1,1,1,1,6
202300045677,2023-02-20 19:50:00,2023,2,20,19,50,93,93057,Avenue Aristide Briand,48.90833191,2.49722096,Nuit avec éclairage allumé,En agglomération,Hors intersection,Normale,Autre collision,3,3,4,0,1,1,1,0,1,50,1,2,1,0,0,1,21.0,,voiture,,5,2,1,1,6
202300045678,2023-02-20 14:10:00,2023,2,20,14,10,93,93005,Avenue du 14 Juillet,48.92939,2.497607,Plein jour,En agglomération,Hors intersection,Normale,Autre collision,4,2,2,0,1,1,1,0,1,50,1,2,1,0,0,1,60.0,,voiture,,1,2,1,1,6
202300045679,2023-08-26 12:45:00,2023,8,26,12,45,43,43199,Lieu-dit Loubriat,45.089778,4.200844,Plein jour,Hors agglomération,Hors intersection,Normale,Deux véhicules - frontale,3,2,2,0,1,1,1,0,1,90,2,3,0,0,1,2,71.0,33.0,voiture,voiture,1,1,1,1,1
202300045680,2023-04-06 12:35:00,2023,4,6,12,35,44,44066,510 Route de bellevue,47.35468,-1.597943,Plein jour,Hors agglomération,Intersection en X,Normale,Deux véhicules - côté,3,2,2,0,1,1,1,5,1,70,2,2,1,0,1,0,33.0,37.0,deux_roues,utilitaire_camion,1,1,2,1,3
202300045680,2023-04-06 12:35:00,2023,4,6,12,35,44,44066,510 Route de bellevue,47.35468,-1.597943,Plein jour,Hors agglomération,Intersection en X,Normale,Deux véhicules - côté,3,2,2,0,1,1,1,0,1,70,2,2,1,0,1,0,33.0,37.0,deux_roues,utilitaire_camion,1,1,2,1,3
202300045681,2023-02-20 14:39:00,2023,2,20,14,39,92,92046,GAMBETTA (RUE),48.82196142,2.30867118,Plein jour,En agglomération,Hors intersection,Normale,Sans collision,4,1,0,0,1,1,1,0,4,30,1,1,0,0,0,1,46.0,,deux_roues,,1,2,1,1,7
202300045682,2023-08-31 06:30:00,2023,8,31,6,30,07,07296,D579,44.566913,4.391943,Crépuscule ou aube,En agglomération,Hors intersection,Normale,Sans collision,3,3,2,0,1,1,1,0,1,50,1,1,0,0,1,0,35.0,,deux_roues,,2,2,1,1,7
202300045683,2023-04-05 01:45:00,2023,4,5,1,45,38,38382,Avenue du Général de Gaulle,45.23127,5.67734,Nuit sans éclairage public,En agglomération,Hors intersection,Normale,Autre collision,4,1,1,1,1,1,1,0,1,50,1,1,0,0,1,0,25.0,,deux_roues,,3,2,1,1,6
202300045684,2023-02-20 17:00:00,2023,2,20,17,0,92,92051,"VICTOR HUGO (BOULEVARD, N° 9 A 49 ET 16",48.886861,2.279069,Plein jour,En agglomération,Hors intersection,Normale,Deux véhicules - frontale,4,2,2,0,1,1,1,0,1,50,2,2,1,0,0,1,49.0,12.0,deux_roues,autre,1,2,1,1,1
202300045685,2023-08-23 13:42:00,2023,8,23,13,42,85,85287,RD89,46.70410286,-0.8870682,Plein jour,Hors agglomération,Hors intersection,Normale,Deux véhicules - frontale,3,2,2,0,1,2,1,0,1,80,2,3,0,0,0,3,25.0,22.0,utilitaire_camion,voiture,1,1,1,1,1
202300045686,2023-04-05 16:50:00,2023,4,5,16,50,26,26064,d68,44.903672,5.001,Plein jour,Hors agglomération,Hors intersection,Normale,Deux véhicules - frontale,3,2,2,0,1,1,1,0,1,80,2,2,0,0,2,0,70.0,63.0,voiture,voiture,1,1,1,1,1
202300045687,2023-02-20 11:05:00,2023,2,20,11,5,92,92012,GENERAL LECLERC (AVENUE DU) 1/33 - 2/58,48.83255258,2.24019438,Plein jour,En agglomération,Hors intersection,Normale,Trois véhicules et plus - en chaîne,3,2,4,0,1,1,1,0,1,50,3,3,2,0,0,1,50.0,39.0,voiture,voiture,1,2,1,1,4
202300045688,2023-08-31 11:00:00,2023,8,31,11,0,27,27467,Avenue de l'Europe,49.350446,0.530262,Plein jour,En agglomération,Intersection en Y,Pluie légère,Autre collision,4,2,2,0,1,1,2,0,1,50,1,2,1,0,0,1,45.0,,voiture,,1,2,4,2,6
202300045688,2023-08-31 11:00:00,2023,8,31,11,0,27,27467,Avenue de l'Europe,49.350446,0.530262,Plein jour,En agglomération,Intersection en Y,Pluie légère,Autre collision,4,2,2,-1,1,1,2,0,1,50,1,2,1,0,0,1,45.0,,voiture,,1,2,4,2,6
202300045689,2023-02-20 16:55:00,2023,2,20,16,55,49,49063,D751,47.343766,-0.710549,Plein jour,Hors agglomération,Hors intersection,Normale,Autre collision,3,2,2,0,2,3,1,0,1,50,1,1,0,0,0,1,26.0,,deux_roues,,1,1,1,1,6
202300045690,2023-08-30 18:45:00,2023,8,30,18,45,28,28291,D17,48.356648,1.781298,Plein jour,Hors agglomération,Hors intersection,Normale,Sans collision,3,2,2,0,1,3,1,0,3,80,1,1,0,0,0,1,21.0,,deux_roues,,1,1,1,1,7
202300045691,2023-04-05 06:00:00,2023,4,5,6,0,01,01043,D1084a,45.821872,4.991865,Crépuscule ou aube,Hors agglomération,Giratoire,Normale,Deux véhicules - arrière,3,2,3,0,1,2,1,0,1,80,2,2,1,0,0,1,,21.0,utilitaire_camion,voiture,2,1,6,1,2
202300045692,2023-02-13 15:45:00,2023,2,13,15,45,37,37074,D749,47.24222512,0.16205746,Plein jour,En agglomération,Intersection en X,Normale,Deux véhicules - frontale,3,2,3,2,2,1,1,5,1,50,2,3,2,0,1,0,78.0,57.0,voiture,utilitaire_camion,1,2,2,1,1