accident_id,datetime,annee,mois,jour,heure,minute,departement,commune_insee,adresse,latitude,longitude,luminosite,agglomeration,intersection,meteo,collision,catr,circ,nbv,vosp,prof,plan,surf,infra,situ,vma,nb_vehicules,nb_usagers,nb_indemnes,nb_tues,nb_blesses_hosp,nb_blesses_legers,age_cond_1,age_cond_2,veh_type_cond_1,veh_type_cond_2,lum_code,agg_code,int_code,atm_code,col_code
202300045910,2023-08-28 07:20:00,2023,8,28,7,20,67,67462,EPFIG (ROUTE D),48.28798,7.45748,Plein jour,Hors agglomération,Hors intersection,Temps couvert,Deux véhicules - côté,3,2,2,0,2,1,1,3,1,70,2,3,1,0,1,1,69.0,56.0,voiture,utilitaire_camion,1,1,1,8,3
202300045911,2023-12-03 23:30:00,2023,12,3,23,30,2B,2B251,Rond point de Migliacciaru RT 10,41.999416,9.403138,Nuit avec éclairage allumé,En agglomération,Giratoire,Normale,Deux véhicules - frontale,2,2,2,0,1,2,1,5,3,50,1,2,1,0,1,0,25.0,,voiture,,5,2,6,1,1
202300045912,2023-02-19 09:21:00,2023,2,19,9,21,35,35278,RD 137,48.17537764,-1.71745598,Plein jour,Hors agglomération,Hors intersection,Normale,Autre collision,3,3,5,0,1,1,1,0,3,110,1,1,0,1,0,0,73.0,,voiture,,1,1,1,1,6
202300045913,2023-08-29 13:50:00,2023,8,29,13,50,65,65286,RD921B-COTE DES COURRIERS,43.07510293,-0.04050674,Plein jour,Hors agglomération,Hors intersection,Normale,Autre collision,3,2,2,0,2,3,1,0,3,80,1,1,0,0,0,1,19.0,,voiture,,1,1,1,1,6
202300045914,2023-04-04 08:40:00,2023,4,4,8,40,49,49007,SAINT EXUPERY,47.46858,-0.53255,Plein jour,En agglomération,Intersection en X,Normale,Autre collision,4,2,5,2,1,1,1,0,1,30,1,2,1,0,0,1,42.0,,voiture,,1,2,2,1,6
202300045914,2023-04-04 08:40:00,2023,4,4,8,40,49,49007,SAINT EXUPERY,47.46858,-0.53255,Plein jour,En agglomération,Intersection en X,Normale,Autre collision,4,2,2,0,1,1,1,0,1,30,1,2,1,0,0,1,42.0,,voiture,,1,2,2,1,6
202300045915,2023-02-18 19:25:00,2023,2,18,19,25,35,35238,LORIENT (DE),48.10855,-1.71194,Nuit avec éclairage allumé,En agglomération,Intersection en T,Normale,Autre collision,4,2,2,0,1,1,1,0,1,30,1,2,1,0,1,0,54.0,,voiture,,5,2,3,1,6
202300045915,2023-02-18 19:25:00,2023,2,18,19,25,35,35238,LORIENT (DE),48.10855,-1.71194,Nuit avec éclairage allumé,En agglomération,Intersection en T,Normale,Autre collision,4,3,4,3,1,1,1,0,1,50,1,2,1,0,1,0,54.0,,voiture,,5,2,3,1,6
202300045916,2023-08-29 10:25:00,2023,8,29,10,25,64,64260,CORNICHE (ROUTE DE LA),43.37441,-1.75798,Plein jour,En agglomération,Hors intersection,Normale,Deux véhicules - côté,3,-1,2,1,2,3,1,0,1,50,2,2,1,0,0,1,81.0,39.0,voiture,voiture,1,2,1,1,3
202300045917,2023-12-07 14:40:00,2023,12,7,14,40,81,81227,52 Av de Castres,43.662721,2.282636,Plein jour,En agglomération,Hors intersection,Normale,Deux véhicules - côté,3,-1,2,0,1,1,1,0,1,50,2,2,1,0,1,0,17.0,54.0,deux_roues,utilitaire_camion,1,2,1,1,3
202300045918,2023-04-03 09:13:00,2023,4,3,9,13,49,49007,CANTENAY EPINARD ROUTE,47.50444,-0.56873,Plein jour,Hors agglomération,Hors intersection,Normale,Sans collision,3,3,4,0,1,2,1,0,1,90,1,1,0,0,0,1,52.0,,deux_roues,,1,1,1,1,7
202300045919,2023-08-15 18:10:00,2023,8,15,18,10,62,62041,Rue de l’Abbe Pierre,50.29619,2.77037,Plein jour,En agglomération,Hors intersection,Normale,Deux véhicules - arrière,4,2,3,0,1,1,1,0,1,30,2,2,1,0,1,0,50.0,25.0,deux_roues,utilitaire_camion,1,2,1,1,2
202300045920,2023-02-19 12:00:00,2023,2,19,12,0,34,34172,50 Avenue de Monsieur Teste,43.61132,3.8288,Plein jour,Hors agglomération,Intersection en T,Normale,Autre collision,7,2,4,0,1,1,1,0,1,50,1,2,1,0,0,1,,,autre,,1,1,3,1,6
202300045920,2023-02-19 12:00:00,2023,2,19,12,0,34,34172,50 Avenue de Monsieur Teste,43.61132,3.8288,Plein jour,Hors agglomération,Intersection en T,Normale,Autre collision,7,2,1,0,1,1,1,0,1,50,1,2,1,0,0,1,,,autre,,1,1,3,1,6
202300045921,2023-12-07 12:10:00,2023,12,7,12,10,63,63273,Route du Pont,45.729562,3.22482,Plein jour,En agglomération,Hors intersection,Normale,Deux véhicules - frontale,3,2,2,0,1,1,1,0,1,50,2,2,1,0,0,1,33.0,95.0,utilitaire_camion,voiture,1,2,1,1,1
202300045922,2023-04-04 15:50:00,2023,4,4,15,50,45,45232,802 Rue Paulin Labarre,47.85664,1.89504,Plein jour,En agglomération,Giratoire,Normale,Deux véhicules - frontale,3,1,1,1,1,3,1,0,5,30,2,3,2,0,1,0,65.0,16.0,deux_roues,deux_roues,1,2,6,1,1
202300045923,2023-02-19 19:51:00,2023,2,19,19,51,31,31069,BD DE L'EUROPE,43.65233,1.3749,Nuit avec éclairage allumé,En agglomération,Hors intersection,Normale,Deux véhicules - côté,4,2,2,0,1,1,1,0,1,50,2,2,1,0,0,1,31.0,17.0,voiture,deux_roues,5,2,1,1,3
202300045924,2023-08-28 06:30:00,2023,8,28,6,30,62,62041,Rue de Cambrai,50.28269972,2.80300695,Crépuscule ou aube,En agglomération,Giratoire,Normale,Deux véhicules - côté,3,1,2,0,1,2,1,9,1,50,2,2,1,0,1,0,31.0,27.0,voiture,deux_roues,2,2,6,1,3
202300045924,2023-08-28 06:30:00,2023,8,28,6,30,62,62041,Rue de Cambrai,50.28269972,2.80300695,Crépuscule ou aube,En agglomération,Giratoire,Normale,Deux véhicules - côté,3,1,2,0,1,1,1,9,8,30,2,2,1,0,1,0,31.0,27.0,voiture,deux_roues,2,2,6,1,3
202300045925,2023-12-06 18:55:00,2023,12,6,18,55,49,49302,Lieu Dit les Monis,47.120187,-0.279524,Nuit sans éclairage public,Hors agglomération,Hors intersection,Brouillard / fumée,Autre collision,3,2,2,0,1,2,1,0,3,80,1,2,0,1,0,1,77.0,,voiture,,3,1,1,5,6
202300045926,2023-02-19 18:45:00,2023,2,19,18,45,28,28134,BOIS SABOT (RUE DU),48.73,1.36,Nuit avec éclairage allumé,En agglomération,Hors intersection,Normale,Autre collision,4,1,1,0,2,1,1,0,1,30,1,2,1,0,0,1,29.0,,voiture,,5,2,1,1,6
202300045927,2023-04-04 14:05:00,2023,4,4,14,5,38,38185,AUTOROUTE A 480,45.16538,5.70168,Plein jour,Hors agglomération,Hors intersection,Temps couvert,Trois véhicules et plus - en chaîne,1,2,2,0,1,1,1,0,1,90,3,3,1,0,1,1,75.0,27.0,voiture,voiture,1,1,1,8,4
202300045928,2023-08-28 19:08:00,2023,8,28,19,8,60,60057,Boulevard Jules Brière,49.42729,2.0887,Plein jour,En agglomération,Hors intersection,Normale,Autre collision,9,2,3,0,1,1,1,0,1,50,1,4,3,0,0,1,18.0,,voiture,,1,2,1,1,6
202300045929,2023-11-23 13:10:00,2023,11,23,13,10,41,41016,D976,47.289426,1.531026,Plein jour,Hors agglomération,Autre intersection,Pluie légère,Deux véhicules - côté,3,2,2,0,1,2,2,5,1,70,2,2,0,0,0,2,48.0,65.0,voiture,voiture,1,1,9,2,3
202300045930,2023-02-19 05:35:00,2023,2,19,5,35,26,26362,Avenue de Romans,44.93548,4.90953,Nuit avec éclairage allumé,En agglomération,Autre intersection,Normale,Sans collision,4,2,2,0,2,1,1,0,1,50,1,2,0,0,2,0,22.0,,voiture,,5,2,9,1,7
202300045931,2023-04-04 08:00:00,2023,4,4,8,0,38,38053,BARBUSSE,45.5921,5.27068,Plein jour,En agglomération,Hors intersection,Normale,Deux véhicules - côté,4,1,1,3,1,1,1,9,1,50,2,3,2,0,0,1,42.0,38.0,transport_commun,transport_commun,1,2,1,1,3
202300045932,2023-08-29 17:00:00,2023,8,29,17,0,54,54498,Rue des Grands Prés,48.71378375,6.25075936,Plein jour,En agglomération,Intersection en X,Normale,Deux véhicules - côté,4,2,2,0,1,1,1,0,1,50,2,2,1,0,0,1,30.0,61.0,utilitaire_camion,deux_roues,1,2,2,1,3
202300045932,2023-08-29 17:00:00,2023,8,29,17,0,54,54498,Rue des Grands Prés,48.71378375,6.25075936,Plein jour,En agglomération,Intersection en X,Normale,Deux véhicules - côté,4,2,2,2,1,1,1,-1,1,50,2,2,1,0,0,1,30.0,61.0,utilitaire_camion,deux_roues,1,2,2,1,3
202300045933,2023-12-06 07:20:00,2023,12,6,7,20,34,34194,Avenue de Campagnan,43.54258,3.462008,Crépuscule ou aube,En agglomération,Intersection en X,Normale,Deux véhicules - côté,3,4,2,0,1,1,1,0,1,50,2,2,1,0,0,1,47.0,18.0,voiture,deux_roues,2,2,2,1,3
202300045933,2023-12-06 07:20:00,2023,12,6,7,20,34,34194,Avenue de Campagnan,43.54258,3.462008,Crépuscule ou aube,En agglomération,Intersection en X,Normale,Deux véhicules - côté,3,2, -1,-1,1,1,1,0,1,-1,2,2,1,0,0,1,47.0,18.0,voiture,deux_roues,2,2,2,1,3
202300045934,2023-02-19 13:00:00,2023,2,19,13,0,13,13214,CAPITAINE GEZE (BOULEVARD),43.33096,5.36901,Plein jour,En agglomération,Hors intersection,Normale,Deux véhicules - arrière,4,2,1,0,1,1,1,0,8,50,2,4,1,0,0,3,31.0,36.0,voiture,voiture,1,2,1,1,2
202300045935,2023-04-04 21:25:00,2023,4,4,21,25,37,37195,RD 88,47.39029,0.65007,Nuit sans éclairage public,En agglomération,Hors intersection,Normale,Autre collision,3,3,4,0,1,1,1,0,1,90,1,2,0,0,0,2,26.0,,voiture,,3,2,1,1,6
202300045936,2023-08-27 15:45:00,2023,8,27,15,45,50,50129,GAULLE (RUE DU GENERAL DE),49.65706,-1.67418,Plein jour,En agglomération,Intersection en T,Normale,Deux véhicules - côté,4,2,2,0,1,1,1,5,1,50,2,2,1,0,0,1,33.0,38.0,voiture,deux_roues,1,2,3,1,3
202300045936,2023-08-27 15:45:00,2023,8,27,15,45,50,50129,GAULLE (RUE DU GENERAL DE),49.65706,-1.67418,Plein jour,En agglomération,Intersection en T,Normale,Deux véhicules - côté,4,2,2,0,1,1,1,5,1,50,2,2,1,0,0,1,33.0,38.0,voiture,deux_roues,1,2,3,1,3
202300045937,2023-02-18 18:10:00,2023,2,18,18,10,13,13207,RIVE NEUVE (QUAI DE),43.29282622,5.36849145,Nuit avec éclairage allumé,En agglomération,Hors intersection,Normale,Deux véhicules - côté,4,2,4,1,1,1,1,9,1,50,2,2,1,0,1,0,30.0,48.0,deux_roues,voiture,5,2,1,1,3
202300045938,2023-04-04 08:40:00,2023,4,4,8,40,37,37261,CHURCHILL (BOULEVARD WINSTON),47.37337,0.69109,Plein jour,En agglomération,Hors intersection,Normale,Deux véhicules - arrière,4,2,2,0,1,1,1,0,1,50,2,2,1,0,0,1,24.0,24.0,voiture,voiture,1,2,1,1,2
202300045939,2023-08-29 17:20:00,2023,8,29,17,20,49,49328,D 93,47.24205,-0.07946,Plein jour,En agglomération,Hors intersection,Normale,Deux véhicules - côté,3,-1,2,1,1,1,1,0,1,50,2,2,1,0,1,0,47.0,71.0,voiture,deux_roues,1,2,1,1,3
202300045940,2023-02-18 16:45:00,2023,2,18,16,45,13,13005,GEMENOS (ROUTE DE CD2),43.29243,5.55576,Plein jour,En agglomération,Intersection en T,Normale,Deux véhicules - côté,3,-1,2,0,1,1,1,5,1,50,2,2,1,0,0,1,61.0,20.0,voiture,deux_roues,1,2,3,1,3
202300045940,2023-02-18 16:45:00,2023,2,18,16,45,13,13005,GEMENOS (ROUTE DE CD2),43.29243,5.55576,Plein jour,En agglomération,Intersection en T,Normale,Deux véhicules - côté,3,2,2,0,1,1,1,0,1,50,2,2,1,0,0,1,61.0,20.0,voiture,deux_roues,1,2,3,1,3
202300045941,2023-08-28 16:00:00,2023,8,28,16,0,49,49007,ROI RENE BOULEVARD,47.4667,-0.55433,Plein jour,En agglomération,Hors intersection,Normale,Autre collision,4,2,4,0,1,1,1,0,1,50,1,2,1,0,1,0,48.0,,voiture,,1,2,1,1,6
202300045942,2023-12-07 17:30:00,2023,12,7,17,30,25,25103,D104,47.16371,5.940068,Nuit sans éclairage public,Hors agglomération,Hors intersection,Brouillard / fumée,Deux véhicules - côté,3,2,2,0,2,1,1,0,1,50,2,3,0,0,2,1,21.0,69.0,voiture,voiture,3,1,1,5,3
202300045943,2023-04-04 07:40:00,2023,4,4,7,40,37,37122,BEGUINE (RUE DE),47.35372,0.66953,Plein jour,En agglomération,Intersection en X,Normale,Deux véhicules - frontale,4,1,1,0,1,2,1,0,1,50,2,2,1,0,0,1,31.0,48.0,deux_roues,voiture,1,2,2,1,1
202300045943,2023-04-04 07:40:00,2023,4,4,7,40,37,37122,BEGUINE (RUE DE),47.35372,0.66953,Plein jour,En agglomération,Intersection en X,Normale,Deux véhicules - frontale,4,2,2,0,1,2,1,0,1,50,2,2,1,0,0,1,31.0,48.0,deux_roues,voiture,1,2,2,1,1
202300045944,2023-02-19 19:15:00,2023,2,19,19,15,13,13001,GALICE (RTE),43.52426362,5.37864335,Nuit avec éclairage allumé,En agglomération,Autre intersection,Normale,Deux véhicules - arrière,3,2,6,3,1,1,1,2,1,50,2,2,1,0,0,1,51.0,34.0,voiture,voiture,5,2,9,1,2
202300045945,2023-08-28 16:25:00,2023,8,28,16,25,47,47323,TOURNON (ROUTE DE),44.3961,0.7467,Plein jour,Hors agglomération,Intersection en T,Normale,Deux véhicules - côté,3,2,2,0,1,1,1,5,1,50,2,2,1,0,1,0,51.0,49.0,voiture,deux_roues,1,1,3,1,3
202300045945,2023-08-28 16:25:00,2023,8,28,16,25,47,47323,TOURNON (ROUTE DE),44.3961,0.7467,Plein jour,Hors agglomération,Intersection en T,Normale,Deux véhicules - côté,3,2,2,0,1,1,1,0,1,70,2,2,1,0,1,0,51.0,49.0,voiture,deux_roues,1,1,3,1,3
202300045946,2023-12-07 15:15:00,2023,12,7,15,15,29,29168,Lieu Dit Kerstrat,48.03453389,-4.65344463,Plein jour,Hors agglomération,Hors intersection,Pluie légère,Autre collision,3,2,2,0,1,1,2,0,1,80,1,2,1,1,0,0,81.0,,voiture,,1,1,1,2,6
202300045947,2023-04-04 09:15:00,2023,4,4,9,15,35,35238,LEROUX (BD OSCAR),48.09139,-1.65868,Plein jour,En agglomération,Giratoire,Normale,Deux véhicules - côté,4,3,2,2,1,1,1,0,1,50,2,2,1,0,0,1,31.0,33.0,deux_roues,voiture,1,2,6,1,3
202300045947,2023-04-04 09:15:00,2023,4,4,9,15,35,35238,LEROUX (BD OSCAR),48.09139,-1.65868,Plein jour,En agglomération,Giratoire,Normale,Deux véhicules - côté,4,2,2,2,1,1,1,0,1,50,2,2,1,0,0,1,31.0,33.0,deux_roues,voiture,1,2,6,1,3
202300045948,2023-02-19 14:56:00,2023,2,19,14,56,12,12145,AIGOUAL (AVENUE DE L'),44.10195,3.08668,Plein jour,En agglomération,Hors intersection,Normale,Deux véhicules - frontale,3,2,2,0,1,3,1,2,1,50,2,2,1,0,1,0,19.0,49.0,voiture,voiture,1,2,1,1,1
202300045949,2023-08-29 12:20:00,2023,8,29,12,20,47,47001,MICHELET (AV.),44.19911,0.6363,Plein jour,En agglomération,Intersection en X,Normale,Deux véhicules - côté,3,2,2,1,1,1,1,0,1,50,2,2,1,0,0,1,53.0,60.0,deux_roues,voiture,1,2,2,1,3
202300045949,2023-08-29 12:20:00,2023,8,29,12,20,47,47001,MICHELET (AV.),44.19911,0.6363,Plein jour,En agglomération,Intersection en X,Normale,Deux véhicules - côté,3,2,2,0,1,1,1,0,1,50,2,2,1,0,0,1,53.0,60.0,deux_roues,voiture,1,2,2,1,3
202300045950,2023-12-07 16:45:00,2023,12,7,16,45,02,02023,,49.172574,3.372795,Crépuscule ou aube,Hors agglomération,Hors intersection,Normale,Deux véhicules - frontale,3,2,2,0,1,2,1,0,1,80,2,2,0,1,0,1,54.0,25.0,voiture,utilitaire_camion,2,1,1,1,1
202300045951,2023-02-19 05:30:00,2023,2,19,5,30,12,12013,TOULOUSE-LAUTREC (AVENUE),44.54281,2.24507,Nuit sans éclairage public,En agglomération,Hors intersection,Normale,Autre collision,3,2,2,0,2,3,1,0,3,50,1,1,0,0,0,1,19.0,,voiture,,3,2,1,1,6
202300045952,2023-04-04 08:45:00,2023,4,4,8,45,35,35278,DE GAULLE (AVENUE GENERAL),48.152662,-1.686223,Plein jour,En agglomération,Hors intersection,Normale,Trois véhicules et plus - en chaîne,4,2,2,0,2,1,1,0,1,50,3,3,2,0,0,1,20.0,42.0,voiture,voiture,1,2,1,1,4
202300045953,2023-08-19 17:10:00,2023,8,19,17,10,44,44109,5 Place Emile Zola,47.21395,-1.58593,Plein jour,En agglomération,Hors intersection,Temps éblouissant,Autre collision,4,2,0,0,2,1,1,9,1,50,1,2,1,0,1,0,34.0,,voiture,,1,2,1,7,6
202300045954,2023-02-18 17:30:00,2023,2,18,17,30,07,07102,Rue Pierre Curie,44.93351,4.88121,Plein jour,En agglomération,Hors intersection,Normale,Autre collision,4,1,1,0,1,1,1,0,1,50,1,2,1,0,1,0,41.0,,voiture,,1,2,1,1,6
202300045955,2023-04-04 07:55:00,2023,4,4,7,55,35,35278,BLAVET (RUE DU),48.15047852,-1.68479472,Plein jour,En agglomération,Giratoire,Normale,Deux véhicules - côté,4,2,2,2,1,2,1,0,1,50,2,2,1,0,0,1,46.0,45.0,voiture,deux_roues,1,2,6,1,3
202300045956,2023-12-07 12:00:00,2023,12,7,12,0,02,02173,24 Rue André Ternynck,49.620584,3.215191,Plein jour,En agglomération,Place,Normale,Deux véhicules - frontale,3,2,2,0,1,1,1,0,1,50,2,2,1,0,0,1,57.0,17.0,voiture,deux_roues,1,2,7,1,1
202300045957,2023-08-28 17:15:00,2023,8,28,17,15,37,37261,BERANGER (BOULEVARD),47.38837,0.6768,Plein jour,En agglomération,Hors intersection,Normale,Deux véhicules - côté,4,2,4,2,1,1,2,0,1,50,2,2,1,0,0,1,27.0,14.0,utilitaire_camion,deux_roues,1,2,1,1,3
202300045958,2023-02-19 20:05:00,2023,2,19,20,5,93,93057,Avenue Aristide Briand,48.90868572,2.49947314,Nuit avec éclairage allumé,En agglomération,Hors intersection,Normale,Deux véhicules - côté,3,3,2,0,1,1,1,0,1,50,2,2,1,0,0,1,27.0,,deux_roues,voiture,5,2,1,1,3
202300045959,2023-04-03 17:35:00,2023,4,3,17,35,35,35238,YSER (BD DE L'),48.09204,-1.67759,Plein jour,En agglomération,Hors intersection,Normale,Deux véhicules - côté,4,3,2,2,1,1,1,0,1,50,2,2,1,0,0,1,14.0,68.0,deux_roues,voiture,1,2,1,1,3
202300045960,2023-12-06 18:40:00,2023,12,6,18,40,03,03254,rue Antoine Sinturel,46.308977,3.290977,Nuit avec éclairage allumé,En agglomération,Giratoire,Normale,Deux véhicules - côté,4,2,2,0,1,1,1,0,1,50,2,2,1,0,0,1,58.0,22.0,utilitaire_camion,deux_roues,5,2,6,1,3
202300045961,2023-08-28 12:45:00,2023,8,28,12,45,37,37261,STRAUSS (RUE JOHANN),47.36702,0.71072,Plein jour,En agglomération,Intersection en T,Normale,Deux véhicules - côté,4,2,2,0,1,1,2,0,1,30,2,2,0,0,0,2,39.0,23.0,voiture,voiture,1,2,3,1,3
202300045961,2023-08-28 12:45:00,2023,8,28,12,45,37,37261,STRAUSS (RUE JOHANN),47.36702,0.71072,Plein jour,En agglomération,Intersection en T,Normale,Deux véhicules - côté,4,2,2,0,1,1,2,0,1,30,2,2,0,0,0,2,39.0,23.0,voiture,voiture,1,2,3,1,3
202300045962,2023-02-17 23:50:00,2023,2,17,23,50,75,75116,ECHANGEUR MAILLOT,48.87716914,2.27915615,Nuit avec éclairage allumé,En agglomération,Intersection en Y,Temps couvert,Sans collision,4,1,2,0,1,3,2,1,1,50,1,2,1,0,0,1,41.0,,deux_roues,,5,2,4,8,7
202300045962,2023-02-17 23:50:00,2023,2,17,23,50,75,75116,ECHANGEUR MAILLOT,48.87716914,2.27915615,Nuit avec éclairage allumé,En agglomération,Intersection en Y,Temps couvert,Sans collision,4,1, -1,-1,1,3,2,1,1,-1,1,2,1,0,0,1,41.0,,deux_roues,,5,2,4,8,7
202300045963,2023-08-29 10:35:00,2023,8,29,10,35,35,35238,VERN (DE),48.09758448,-1.65482506,Plein jour,En agglomération,Intersection en T,Normale,Deux véhicules - côté,4,2,2,0,2,1,1,0,5,30,2,2,1,0,0,1,89.0,,deux_roues,voiture,1,2,3,1,3
202300045963,2023-08-29 10:35:00,2023,8,29,10,35,35,35238,VERN (DE),48.09758448,-1.65482506,Plein jour,En agglomération,Intersection en T,Normale,Deux véhicules - côté,4,2,2,2,1,1,1,0,5,50,2,2,1,0,0,1,89.0,,deux_roues,voiture,1,2,3,1,3
202300045964,2023-02-19 02:50:00,2023,2,19,2,50,75,75110,RUE DE LA GRANGE AUX BELLES,48.874254,2.365766,Nuit avec éclairage allumé,En agglomération,Hors intersection,Normale,Autre collision,4,1,1,0,1,1,1,0,1,30,1,1,0,0,1,0,27.0,,deux_roues,,5,2,1,1,6
202300045965,2023-04-04 09:30:00,2023,4,4,9,30,34,34301,57 Avenue Jean Monnet,43.39787,3.66189,Plein jour,En agglomération,Intersection en X,Normale,Trois véhicules et plus - collisions multiples,4,2,2,0,1,1,1,0,1,50,3,3,2,0,1,0,74.0,55.0,voiture,voiture,1,2,2,1,5
202300045965,2023-04-04 09:30:00,2023,4,4,9,30,34,34301,57 Avenue Jean Monnet,43.39787,3.66189,Plein jour,En agglomération,Intersection en X,Normale,Trois véhicules et plus - collisions multiples,4,-1,2,0,1,1,1,0,1,50,3,3,2,0,1,0,74.0,55.0,voiture,voiture,1,2,2,1,5
202300045966,2023-08-29 07:07:00,2023,8,29,7,7,33,33529,D259,44.60145,-1.17428,Plein jour,Hors agglomération,Hors intersection,Pluie légère,Deux véhicules - côté,3,2,2,0,1,3,2,0,1,50,2,2,1,0,0,1,45.0,44.0,voiture,deux_roues,1,1,1,2,3
202300045967,2023-12-06 15:00:00,2023,12,6,15,0,14,14431,16 Route du Moulin,49.065208,-0.102345,Plein jour,En agglomération,Intersection en Y,Normale,Deux véhicules - côté,3,2,2,0,2,3,1,0,1,50,2,2,1,0,1,0,73.0,75.0,deux_roues,deux_roues,1,2,4,1,3
202300045967,2023-12-06 15:00:00,2023,12,6,15,0,14,14431,16 Route du Moulin,49.065208,-0.102345,Plein jour,En agglomération,Intersection en Y,Normale,Deux véhicules - côté,3,2,2,0,1,1,1,0,1,50,2,2,1,0,1,0,73.0,75.0,deux_roues,deux_roues,1,2,4,1,3
202300045968,2023-04-04 21:10:00,2023,4,4,21,10,34,34172,550 Avenue de la Justice de Castelnau,43.6263,3.87656,Nuit avec éclairage allumé,En agglomération,Hors intersection,Normale,Deux véhicules - frontale,4,2,2,0,1,1,1,0,1,50,2,2,1,0,1,0,42.0,28.0,voiture,deux_roues,5,2,1,1,1
202300045969,2023-02-19 14:30:00,2023,2,19,14,30,75,75112,RUE DU GENERAL DE LANGLE DE CARY,48.82826771,2.39192694,Plein jour,En agglomération,Intersection en Y,Normale,Deux véhicules - côté,4,1, -1,-1,1,1,1,0,1,-1,2,4,3,0,0,1,30.0,52.0,voiture,deux_roues,1,2,4,1,3
202300045969,2023-02-19 14:30:00,2023,2,19,14,30,75,75112,RUE DU GENERAL DE LANGLE DE CARY,48.82826771,2.39192694,Plein jour,En agglomération,Intersection en Y,Normale,Deux véhicules - côté,4,1,2,3,1,1,1,0,1,50,2,4,3,0,0,1,30.0,52.0,voiture,deux_roues,1,2,4,1,3
202300045970,2023-08-29 16:10:00,2023,8,29,16,10,31,31555,Avenue de Rangueil,43.56974,1.46726,Plein jour,En agglomération,Hors intersection,Normale,Deux véhicules - côté,4,2,2,0,1,1,1,0,1,50,2,3,1,0,0,2,21.0,20.0,voiture,deux_roues,1,2,1,1,3
202300045971,2023-04-04 18:50:00,2023,4,4,18,50,34,34172,Avenue de Vanières,43.59501,3.84911,Plein jour,En agglomération,Hors intersection,Normale,Deux véhicules - côté,4,3,4,0,1,1,1,0,1,50,2,3,2,0,0,1,23.0,,deux_roues,voiture,1,2,1,1,3
202300045972,2023-08-29 20:15:00,2023,8,29,20,15,29,29051,CORAY ROUTE DE,48.02707305,-3.96714898,Plein jour,Hors agglomération,Hors intersection,Normale,Autre collision,3,2,2,0,2,3,1,0,3,80,1,1,0,0,1,0,54.0,,voiture,,1,1,1,1,6
202300045973,2023-02-19 20:20:00,2023,2,19,20,20,75,75108,BOULEVARD MALESHERBES,48.87487,2.319969,Nuit avec éclairage allumé,En agglomération,Intersection en X,Normale,Deux véhicules - arrière,4,2,2,0,1,1,1,0,1,30,2,2,1,0,0,1,34.0,,deux_roues,voiture,5,2,2,1,2
202300045973,2023-02-19 20:20:00,2023,2,19,20,20,75,75108,BOULEVARD MALESHERBES,48.87487,2.319969,Nuit avec éclairage allumé,En agglomération,Intersection en X,Normale,Deux véhicules - arrière,4,2, -1,-1,1,1,1,0,1,-1,2,2,1,0,0,1,34.0,,deux_roues,voiture,5,2,2,1,2
202300045974,2023-04-02 17:50:00,2023,4,2,17,50,34,34172,222 Avenue de la Justice de Castelnau,43.62709,3.87255,Plein jour,En agglomération,Hors intersection,Normale,Autre collision,4,2,4,1,1,1,1,0,1,50,1,2,1,0,1,0,36.0,,voiture,,1,2,1,1,6
202300045975,2023-12-07 16:15:00,2023,12,7,16,15,64,64093,Chemin Potto,43.216491,-0.786349,Plein jour,En agglomération,Intersection en Y,Pluie légère,Sans collision,4,2,2,0,1,2,2,0,8,50,1,2,1,1,0,0,82.0,,voiture,,1,2,4,2,7
202300045975,2023-12-07 16:15:00,2023,12,7,16,15,64,64093,Chemin Potto,43.216491,-0.786349,Plein jour,En agglomération,Intersection en Y,Pluie légère,Sans collision,4,2, -1,-1,1,1,2,0,1,-1,1,2,1,1,0,0,82.0,,voiture,,1,2,4,2,7
202300045976,2023-08-28 14:20:00,2023,8,28,14,20,29,29019,179 boulevard de l'Europe,48.41333302,-4.50823009,Plein jour,En agglomération,Giratoire,Normale,Deux véhicules - côté,4,3,2,0,1,1,1,0,5,50,2,2,1,0,0,1,31.0,54.0,deux_roues,voiture,1,2,6,1,3
202300045976,2023-08-28 14:20:00,2023,8,28,14,20,29,29019,179 boulevard de l'Europe,48.41333302,-4.50823009,Plein jour,En agglomération,Giratoire,Normale,Deux véhicules - côté,4,1,2,0,1,2,1,0,8,50,2,2,1,0,0,1,31.0,54.0,deux_roues,voiture,1,2,6,1,3
202300045977,2023-02-19 19:55:00,2023,2,19,19,55,94,94058,Boulevard d'Alsace-lorraine,48.850975,2.50424,Nuit avec éclairage allumé,En agglomération,Intersection en T,Normale,Deux véhicules - arrière,3,1,2,3,1,1,1,5,1,50,2,4,3,0,0,1,35.0,32.0,voiture,voiture,5,2,3,1,2
202300045977,2023-02-19 19:55:00,2023,2,19,19,55,94,94058,Boulevard d'Alsace-lorraine,48.850975,2.50424,Nuit avec éclairage allumé,En agglomération,Intersection en T,Normale,Deux véhicules - arrière,3,1, -1,1,1,1,1,5,1,-1,2,4,3,0,0,1,35.0,32.0,voiture,voiture,5,2,3,1,2
202300045978,2023-12-06 17:30:00,2023,12,6,17,30,53,53147,RN12,48.30836,-0.62361,Nuit avec éclairage allumé,En agglomération,Hors intersection,Normale,Autre collision,2,2,1,0,1,3,1,0,1,50,1,2,1,0,1,0,51.0,,voiture,,5,2,1,1,6