accident_id,datetime,annee,mois,jour,heure,minute,departement,commune_insee,adresse,latitude,longitude,luminosite,agglomeration,intersection,meteo,collision,catr,circ,nbv,vosp,prof,plan,surf,infra,situ,vma,nb_vehicules,nb_usagers,nb_indemnes,nb_tues,nb_blesses_hosp,nb_blesses_legers,age_cond_1,age_cond_2,veh_type_cond_1,veh_type_cond_2,lum_code,agg_code,int_code,atm_code,col_code
202300046049,2023-12-05 19:00:00,2023,12,5,19,0,92,92036,A86,48.93457005,2.26855543,Nuit sans éclairage public,Hors agglomération,Hors intersection,Normale,Deux véhicules - côté,1,1,2,0,1,1,1,1,1,90,2,2,1,0,0,1,45.0,42.0,deux_roues,voiture,3,1,1,1,3
202300046050,2023-08-28 20:40:00,2023,8,28,20,40,75,75114,VILLA DE LOURCINE,48.831684,2.338689,Crépuscule ou aube,En agglomération,Hors intersection,Normale,Autre collision,4,1,1,0,1,1,1,0,1,30,1,1,0,0,0,1,97.0,,voiture,,2,2,1,1,6
202300046051,2023-02-19 19:00:00,2023,2,19,19,0,66,66106,,42.490478,2.8097051,Nuit avec éclairage allumé,En agglomération,Hors intersection,Normale,Autre collision,4,2,2,0,1,1,1,0,3,50,1,2,1,0,1,0,59.0,,voiture,,5,2,1,1,6
202300046052,2023-08-29 18:20:00,2023,8,29,18,20,75,75113,PONT CHARLES DE GAULLE,48.84227754,2.36853004,Plein jour,En agglomération,Hors intersection,Normale,Deux véhicules - frontale,4,1,4,1,1,1,1,2,5,30,2,2,0,0,0,2,26.0,21.0,deux_roues,deux_roues,1,2,1,1,1
202300046053,2023-12-05 16:11:00,2023,12,5,16,11,92,92064,A13,48.839082,2.21705493,Plein jour,Hors agglomération,Autre intersection,Normale,Autre collision,1,-1,2,0,2,2,1,0,1,70,1,1,0,0,0,1,61.0,,voiture,,1,1,9,1,6
202300046054,2023-04-03 22:47:00,2023,4,3,22,47,13,13214,PLOMBIERES (BOULEVARD DES),43.31897,5.37918,Nuit avec éclairage allumé,En agglomération,Intersection en X,Normale,Deux véhicules - côté,4,2,2,0,2,1,1,0,1,50,2,3,0,0,0,3,22.0,23.0,voiture,voiture,5,2,2,1,3
202300046054,2023-04-03 22:47:00,2023,4,3,22,47,13,13214,PLOMBIERES (BOULEVARD DES),43.31897,5.37918,Nuit avec éclairage allumé,En agglomération,Intersection en X,Normale,Deux véhicules - côté,4,2,2,0,1,1,1,0,1,50,2,3,0,0,0,3,22.0,23.0,voiture,voiture,5,2,2,1,3
202300046055,2023-08-28 12:30:00,2023,8,28,12,30,75,75113,BOULEVARD DE L HOPITAL,48.834572,2.3578,Plein jour,En agglomération,Intersection en T,Pluie légère,Deux véhicules - côté,4,2,2,0,2,1,2,0,1,30,2,2,1,0,0,1,38.0,26.0,utilitaire_camion,deux_roues,1,2,3,2,3
202300046055,2023-08-28 12:30:00,2023,8,28,12,30,75,75113,BOULEVARD DE L HOPITAL,48.834572,2.3578,Plein jour,En agglomération,Intersection en T,Pluie légère,Deux véhicules - côté,4,-1, -1,-1,1,1,2,0,1,30,2,2,1,0,0,1,38.0,26.0,utilitaire_camion,deux_roues,1,2,3,2,3
202300046056,2023-12-05 15:30:00,2023,12,5,15,30,78,78322,RN12 EXT,48.781431,2.167443,Plein jour,Hors agglomération,Hors intersection,Temps couvert,Autre collision,2,3,2,0,1,1,2,1,1,70,1,1,0,0,0,1,21.0,,voiture,,1,1,1,8,6
202300046057,2023-02-19 10:05:00,2023,2,19,10,5,09,09318,N20,42.753961,1.770794,Plein jour,Hors agglomération,Hors intersection,Normale,Autre collision,2,2,1,0,2,1,1,0,1,-1,3,9,8,0,1,0,53.0,84.0,voiture,voiture,1,1,1,1,6
202300046058,2023-04-03 15:55:00,2023,4,3,15,55,13,13207,Corniche John Fitzgérald Kennedy,43.28573,5.35089,Plein jour,En agglomération,Hors intersection,Normale,Deux véhicules - frontale,4,2,2,0,1,1,1,0,1,50,2,2,1,0,1,0,29.0,89.0,deux_roues,deux_roues,1,2,1,1,1
202300046059,2023-08-29 18:30:00,2023,8,29,18,30,75,75112,AVENUE LEDRU ROLLIN,48.846845,2.369395,Plein jour,En agglomération,Intersection en X,Normale,Deux véhicules - côté,4,1,4,1,1,1,1,0,1,30,2,2,1,0,0,1,36.0,38.0,deux_roues,deux_roues,1,2,2,1,3
202300046059,2023-08-29 18:30:00,2023,8,29,18,30,75,75112,AVENUE LEDRU ROLLIN,48.846845,2.369395,Plein jour,En agglomération,Intersection en X,Normale,Deux véhicules - côté,4,1,2,1,1,1,1,0,1,30,2,2,1,0,0,1,36.0,38.0,deux_roues,deux_roues,1,2,2,1,3
202300046060,2023-12-05 08:20:00,2023,12,5,8,20,78,78466,A13,48.932266,1.976196,Plein jour,Hors agglomération,Hors intersection,Pluie légère,Deux véhicules - arrière,1,1,3,0,1,1,2,0,1,110,2,2,1,0,0,1,52.0,25.0,deux_roues,utilitaire_camion,1,1,1,2,2
202300046061,2023-02-19 16:00:00,2023,2,19,16,0,36,36221,route des baudins,46.64469733,2.08705942,Plein jour,Hors agglomération,Hors intersection,Normale,Deux véhicules - côté,3,2,2,0,1,1,1,0,1,90,2,2,1,0,0,1,27.0,46.0,voiture,voiture,1,1,1,1,3
202300046062,2023-02-18 13:00:00,2023,2,18,13,0,04,04124,RD11,43.757085,6.078529,Plein jour,Hors agglomération,Hors intersection,Normale,Autre collision,3,2,2,0,2,1,1,0,1,80,1,1,0,0,0,1,54.0,,deux_roues,,1,1,1,1,6
202300046063,2023-04-04 11:20:00,2023,4,4,11,20,13,13005,LAGUNAS (AVENUE SIMON),43.29316192,5.56325331,Plein jour,En agglomération,Hors intersection,Normale,Deux véhicules - arrière,4,2,2,0,1,3,1,0,1,30,2,2,1,0,0,1,20.0,47.0,voiture,utilitaire_camion,1,2,1,1,2
202300046064,2023-08-29 10:14:00,2023,8,29,10,14,75,75108,RUE DE LA PEPINIERE,48.875194,2.323838,Plein jour,En agglomération,Intersection en X,Normale,Deux véhicules - côté,4,1,3,3,1,2,1,0,1,30,2,2,1,0,0,1,50.0,50.0,voiture,transport_commun,1,2,2,1,3
202300046064,2023-08-29 10:14:00,2023,8,29,10,14,75,75108,RUE DE LA PEPINIERE,48.875194,2.323838,Plein jour,En agglomération,Intersection en X,Normale,Deux véhicules - côté,4,1,1,0,1,1,1,0,1,30,2,2,1,0,0,1,50.0,50.0,voiture,transport_commun,1,2,2,1,3
202300046065,2023-12-05 08:30:00,2023,12,5,8,30,78,78117,RN12,48.78753,2.146518,Plein jour,Hors agglomération,Hors intersection,Pluie légère,Trois véhicules et plus - en chaîne,2,1,3,0,2,1,2,0,1,90,4,4,3,0,0,1,28.0,53.0,voiture,voiture,1,1,1,2,4
202300046066,2023-02-20 11:40:00,2023,2,20,11,40,37,37028,Le Pontreau,46.827177,0.978507,Plein jour,Hors agglomération,Hors intersection,Normale,Autre collision,3,2,2,0,1,2,1,0,3,80,1,6,3,0,1,2,26.0,,voiture,,1,1,1,1,6
202300046067,2023-04-04 20:00:00,2023,4,4,20,0,09,09225,BOURIETTE AVENUE DE LA,43.10358,1.63,Plein jour,En agglomération,Intersection en X,Normale,Deux véhicules - côté,4,2,2,0,1,1,1,0,1,50,2,2,1,0,0,1,18.0,51.0,deux_roues,voiture,1,2,2,1,3
202300046067,2023-04-04 20:00:00,2023,4,4,20,0,09,09225,BOURIETTE AVENUE DE LA,43.10358,1.63,Plein jour,En agglomération,Intersection en X,Normale,Deux véhicules - côté,4,2, -1,-1,1,1,1,0,1,-1,2,2,1,0,0,1,18.0,51.0,deux_roues,voiture,1,2,2,1,3
202300046068,2023-08-28 20:40:00,2023,8,28,20,40,94,94068,Boulevard de Créteil,48.79795886,2.49504635,Crépuscule ou aube,En agglomération,Intersection en T,Normale,Deux véhicules - arrière,3,2,2,0,1,1,1,0,1,30,2,2,1,0,0,1,21.0,19.0,voiture,deux_roues,2,2,3,1,2
202300046068,2023-08-28 20:40:00,2023,8,28,20,40,94,94068,Boulevard de Créteil,48.79795886,2.49504635,Crépuscule ou aube,En agglomération,Intersection en T,Normale,Deux véhicules - arrière,3,-1,2,0,1,1,1,0,1,30,2,2,1,0,0,1,21.0,19.0,voiture,deux_roues,2,2,3,1,2
202300046069,2023-12-05 08:40:00,2023,12,5,8,40,92,92025,A86,48.9330032,2.25090697,Plein jour,Hors agglomération,Hors intersection,Pluie légère,Deux véhicules - arrière,1,3,2,0,1,1,2,0,1,90,2,2,1,0,0,1,44.0,23.0,voiture,deux_roues,1,1,1,2,2
202300046070,2023-02-20 09:20:00,2023,2,20,9,20,88,88075,Rue Paul Claudel,48.006491,6.879035,Plein jour,En agglomération,Hors intersection,Normale,Autre collision,3,2,2,0,1,1,1,0,1,50,1,2,1,0,1,0,52.0,,voiture,,1,2,1,1,6
202300046071,2023-08-24 11:34:00,2023,8,24,11,34,94,94042,Quai de la Marne,48.82026,2.46734,Plein jour,En agglomération,Intersection à plus de 4 branches,Temps couvert,Deux véhicules - côté,3,2,2,1,1,1,1,0,1,50,2,2,1,0,0,1,33.0,56.0,deux_roues,voiture,1,2,5,8,3
202300046071,2023-08-24 11:34:00,2023,8,24,11,34,94,94042,Quai de la Marne,48.82026,2.46734,Plein jour,En agglomération,Intersection à plus de 4 branches,Temps couvert,Deux véhicules - côté,3,2,2,0,1,1,1,0,1,50,2,2,1,0,0,1,33.0,56.0,deux_roues,voiture,1,2,5,8,3
202300046072,2023-02-18 12:40:00,2023,2,18,12,40,987,98738,route du MIL DELICES PK 12.600,-17.618,-149.549,Plein jour,En agglomération,Hors intersection,Normale,Autre collision,9,-1,1,0,1,1,1,0,1,-1,1,2,0,0,1,1,17.0,,deux_roues,,1,2,1,1,6
202300046073,2023-04-04 17:15:00,2023,4,4,17,15,09,09122,RD 919,42.987709,1.615809,Plein jour,En agglomération,Intersection en T,Normale,Deux véhicules - arrière,3,3,2,0,1,1,1,5,1,50,2,2,1,0,1,0,31.0,31.0,voiture,voiture,1,2,3,1,2
202300046073,2023-04-04 17:15:00,2023,4,4,17,15,09,09122,RD 919,42.987709,1.615809,Plein jour,En agglomération,Intersection en T,Normale,Deux véhicules - arrière,3,3,2,0,1,1,1,0,1,70,2,2,1,0,1,0,31.0,31.0,voiture,voiture,1,2,3,1,2
202300046074,2023-12-06 19:00:00,2023,12,6,19,0,77,77258,A4.W,48.83202658,2.64943037,Nuit sans éclairage public,Hors agglomération,Hors intersection,Normale,Deux véhicules - arrière,1,-1,4,0,1,1,1,0,1,110,2,2,0,0,0,2,26.0,31.0,voiture,deux_roues,3,1,1,1,2
202300046075,2023-08-28 16:50:00,2023,8,28,16,50,94,94042,Rue Jean Mermoz,48.819932,2.465276,Plein jour,En agglomération,Hors intersection,Normale,Deux véhicules - côté,4,1,1,0,2,1,1,0,1,30,2,2,1,0,0,1,44.0,37.0,deux_roues,voiture,1,2,1,1,3
202300046076,2023-04-03 18:40:00,2023,4,3,18,40,07,07146,PLAINE DE LIVIERS,44.75379,4.5804,Plein jour,Hors agglomération,Hors intersection,Normale,Autre collision,3,2,2,0,4,2,1,0,1,90,1,1,0,0,1,0,26.0,,deux_roues,,1,1,1,1,6
202300046077,2023-02-19 13:30:00,2023,2,19,13,30,988,98805,Rue Johan Strauss,-22.203389,166.469253,Plein jour,En agglomération,Hors intersection,Normale,Autre collision,4,2,2,0,2,4,1,0,4,50,1,3,2,0,0,1,,,voiture,,1,2,1,1,6
202300046078,2023-12-06 15:35:00,2023,12,6,15,35,94,94017,A4,48.8268961,2.5128995,Crépuscule ou aube,Hors agglomération,Hors intersection,Normale,Deux véhicules - côté,1,1,4,0,1,1,1,1,1,110,2,2,1,0,0,1,54.0,22.0,deux_roues,voiture,2,1,1,1,3
202300046079,2023-08-29 09:55:00,2023,8,29,9,55,94,94076,Avenue de Paris,48.80613,2.36356,Plein jour,En agglomération,Hors intersection,Normale,Deux véhicules - côté,3,3,4,3,1,1,1,0,6,50,2,2,1,0,0,1,33.0,29.0,utilitaire_camion,deux_roues,1,2,1,1,3
202300046080,2023-04-04 21:25:00,2023,4,4,21,25,06,06088,VEIL (AV. SIMONE),43.68875,7.20162,Nuit avec éclairage allumé,En agglomération,Hors intersection,Normale,Autre collision,4,3,4,0,1,1,1,0,1,50,1,2,1,0,0,1,41.0,,voiture,,5,2,1,1,6
202300046081,2023-02-19 13:00:00,2023,2,19,13,0,13,13112,CHEMIN DE LA JOSEPHINE,43.533056,5.259136,Plein jour,Hors agglomération,Hors intersection,Normale,Deux véhicules - frontale,4,-1,2,0,1,1,1,0,1,50,2,2,1,0,0,1,17.0,46.0,deux_roues,voiture,1,1,1,1,1
202300046082,2023-12-05 22:10:00,2023,12,5,22,10,77,77363,A104,48.9147116,2.63454857,Nuit avec éclairage non allumé,Hors agglomération,Hors intersection,Temps couvert,Deux véhicules - côté,1,-1,2,0,1,2,2,0,1,90,2,2,1,0,0,1,33.0,41.0,utilitaire_camion,voiture,4,1,1,8,3
202300046083,2023-08-29 09:00:00,2023,8,29,9,0,94,94041,Rue Jean-Baptiste Renoult,48.80525,2.38939,Plein jour,En agglomération,Giratoire,Temps éblouissant,Autre collision,3,2,2,0,1,1,1,0,1,50,1,2,1,0,0,1,74.0,,voiture,,1,2,6,7,6
202300046084,2023-03-21 10:00:00,2023,3,21,10,0,44,44154,,47.26736926,-2.16147222,Plein jour,Hors agglomération,Hors intersection,Normale,Trois véhicules et plus - en chaîne,3,2,4,0,1,1,1,2,1,90,3,3,2,0,0,1,23.0,56.0,utilitaire_camion,utilitaire_camion,1,1,1,1,4
202300046085,2023-02-09 23:40:00,2023,2,9,23,40,86,86116,A10,46.499361,0.094232,Nuit sans éclairage public,Hors agglomération,Hors intersection,Normale,Deux véhicules - arrière,1,3,2,0,1,1,1,0,1,130,2,2,0,0,1,1,47.0,34.0,utilitaire_camion,voiture,3,1,1,1,2
202300046086,2023-08-27 15:36:00,2023,8,27,15,36,94,94028,Avenue de Verdun,48.79362968,2.46090035,Plein jour,En agglomération,Intersection à plus de 4 branches,Normale,Deux véhicules - côté,3,4,0,0,1,1,1,5,8,50,2,4,3,0,0,1,43.0,79.0,voiture,voiture,1,2,5,1,3
202300046086,2023-08-27 15:36:00,2023,8,27,15,36,94,94028,Avenue de Verdun,48.79362968,2.46090035,Plein jour,En agglomération,Intersection à plus de 4 branches,Normale,Deux véhicules - côté,3,4,2,0,1,1,1,5,1,50,2,4,3,0,0,1,43.0,79.0,voiture,voiture,1,2,5,1,3
202300046087,2023-04-04 22:35:00,2023,4,4,22,35,06,06069,PAGNOL (BOULEVARD MARCEL),43.64,6.94,Nuit avec éclairage allumé,En agglomération,Intersection en T,Normale,Deux véhicules - côté,4,2,2,0,1,1,2,0,1,50,2,5,3,0,0,2,25.0,28.0,voiture,voiture,5,2,3,1,3
202300046087,2023-04-04 22:35:00,2023,4,4,22,35,06,06069,PAGNOL (BOULEVARD MARCEL),43.64,6.94,Nuit avec éclairage allumé,En agglomération,Intersection en T,Normale,Deux véhicules - côté,4,2,2,0,2,1,2,0,1,50,2,5,3,0,0,2,25.0,28.0,voiture,voiture,5,2,3,1,3
202300046088,2023-09-30 15:20:00,2023,9,30,15,20,19,19031,ALVITRE (AVENUE ABBE),45.15204849,1.50363189,Plein jour,En agglomération,Hors intersection,Normale,Autre collision,3,2,2,0,1,1,1,0,1,50,1,2,1,0,0,1,77.0,,voiture,,1,2,1,1,6
202300046089,2023-02-20 08:45:00,2023,2,20,8,45,24,24026,D45e,45.181281,0.907381,Plein jour,En agglomération,Hors intersection,Normale,Autre collision,3,2,2,0,1,1,1,9,3,50,1,3,1,0,0,2,65.0,,transport_commun,,1,2,1,1,6
202300046090,2023-08-29 08:20:00,2023,8,29,8,20,94,94022,Avenue Victor Hugo,48.76889258,2.42065005,Plein jour,En agglomération,Autre intersection,Normale,Deux véhicules - frontale,3,-1,5,0,1,1,1,0,1,50,2,2,1,0,0,1,22.0,48.0,deux_roues,voiture,1,2,9,1,1
202300046090,2023-08-29 08:20:00,2023,8,29,8,20,94,94022,Avenue Victor Hugo,48.76889258,2.42065005,Plein jour,En agglomération,Autre intersection,Normale,Deux véhicules - frontale,3,1,1,0,1,1,1,0,1,50,2,2,1,0,0,1,22.0,48.0,deux_roues,voiture,1,2,9,1,1
202300046091,2023-02-20 09:15:00,2023,2,20,9,15,21,21405,"Autoroute A6, sens Paris/Lyon, PK 313+900",46.93966295,4.82518816,Plein jour,Hors agglomération,Hors intersection,Normale,Autre collision,1,3,5,0,1,1,1,0,2,130,1,1,0,0,1,0,83.0,,voiture,,1,1,1,1,6
202300046092,2023-04-03 14:15:00,2023,4,3,14,15,03,03185,GRANDS PRES ( RUE DES ),46.33568,2.60461,Plein jour,En agglomération,Intersection en X,Normale,Deux véhicules - côté,4,1,1,0,1,1,1,0,1,50,2,2,0,0,1,1,82.0,71.0,voiture,voiture,1,2,2,1,3
202300046092,2023-04-03 14:15:00,2023,4,3,14,15,03,03185,GRANDS PRES ( RUE DES ),46.33568,2.60461,Plein jour,En agglomération,Intersection en X,Normale,Deux véhicules - côté,4,2,2,0,1,1,1,0,1,50,2,2,0,0,1,1,82.0,71.0,voiture,voiture,1,2,2,1,3
202300046093,2023-09-27 14:00:00,2023,9,27,14,0,19,19031,ALVITRE (AVENUE ABBE),45.15393,1.51074,Plein jour,En agglomération,Hors intersection,Normale,Deux véhicules - côté,3,2,2,0,1,1,1,0,1,50,2,2,1,0,0,1,27.0,53.0,voiture,voiture,1,2,1,1,3
202300046094,2023-02-19 22:25:00,2023,2,19,22,25,971,97129,Bellevue,16.317565,-61.687653,Nuit sans éclairage public,Hors agglomération,Hors intersection,Normale,Deux véhicules - arrière,4,2,2,0,1,1,1,0,1,70,2,2,1,0,1,0,50.0,59.0,deux_roues,voiture,3,1,1,1,2
202300046095,2023-08-29 22:05:00,2023,8,29,22,5,93,93050,Rue du General Donzelot / Rue Abel Tuffier,48.85797176,2.54080465,Nuit avec éclairage allumé,En agglomération,Intersection en T,Normale,Deux véhicules - côté,4,2,2,0,1,1,1,0,1,50,2,3,2,0,0,1,25.0,19.0,voiture,voiture,5,2,3,1,3
202300046095,2023-08-29 22:05:00,2023,8,29,22,5,93,93050,Rue du General Donzelot / Rue Abel Tuffier,48.85797176,2.54080465,Nuit avec éclairage allumé,En agglomération,Intersection en T,Normale,Deux véhicules - côté,4,2,2,0,1,1,1,0,1,50,2,3,2,0,0,1,25.0,19.0,voiture,voiture,5,2,3,1,3
202300046096,2023-10-06 12:40:00,2023,10,6,12,40,74,74012,LECLERC (AVENUE DU MARECHAL),46.18919,6.24911,Plein jour,En agglomération,Hors intersection,Normale,Deux véhicules - côté,4,3,2,1,1,1,1,0,1,50,2,2,1,0,0,1,57.0,22.0,utilitaire_camion,autre,1,2,1,1,3
202300046097,2023-04-03 12:45:00,2023,4,3,12,45,83,83144,A57,43.13355886,5.98528004,Plein jour,Hors agglomération,Hors intersection,Normale,Deux véhicules - arrière,1,1,4,0,1,1,1,0,1,70,2,2,0,0,1,1,48.0,58.0,voiture,deux_roues,1,1,1,1,2
202300046098,2023-02-18 09:55:00,2023,2,18,9,55,41,41206,Chemin de Pissevin,47.6215533,1.379857,Plein jour,En agglomération,Intersection en T,Normale,Deux véhicules - frontale,4,2,2,0,2,3,2,0,1,50,2,2,1,0,0,1,27.0,81.0,voiture,voiture,1,2,3,1,1
202300046098,2023-02-18 09:55:00,2023,2,18,9,55,41,41206,Chemin de Pissevin,47.6215533,1.379857,Plein jour,En agglomération,Intersection en T,Normale,Deux véhicules - frontale,4,2, -1,-1,-1,-1,-1,-1,-1,-1,2,2,1,0,0,1,27.0,81.0,voiture,voiture,1,2,3,1,1
202300046099,2023-08-29 13:25:00,2023,8,29,13,25,93,93048,Boulevard Rouget de Lisle,48.860108,2.439068,Plein jour,En agglomération,Hors intersection,Normale,Deux véhicules - arrière,3,2,2,0,1,1,1,0,1,50,2,4,2,0,0,2,15.0,18.0,deux_roues,voiture,1,2,1,1,2
202300046100,2023-10-04 07:50:00,2023,10,4,7,50,74,74026,Rd 1508,45.962621,6.035957,Plein jour,Hors agglomération,Hors intersection,Normale,Deux véhicules - côté,3,2,2,0,1,1,1,0,1,80,2,2,1,0,0,1,30.0,23.0,voiture,deux_roues,1,1,1,1,3
202300046101,2023-04-04 14:50:00,2023,4,4,14,50,75,75120,RUE DES PYRENEES,48.852696,2.406121,Plein jour,En agglomération,Intersection en X,Normale,Autre collision,4,-1, -1,3,1,1,1,0,6,30,1,4,2,0,0,2,41.0,,transport_commun,,1,2,2,1,6
202300046101,2023-04-04 14:50:00,2023,4,4,14,50,75,75120,RUE DES PYRENEES,48.852696,2.406121,Plein jour,En agglomération,Intersection en X,Normale,Autre collision,4,2,3,3,1,1,1,0,6,30,1,4,2,0,0,2,41.0,,transport_commun,,1,2,2,1,6
202300046102,2023-02-20 15:50:00,2023,2,20,15,50,78,78062,route de saulx-marchais,48.849676,1.852859,Plein jour,Hors agglomération,Hors intersection,Normale,Deux véhicules - frontale,4,2,2,0,1,3,1,0,1,70,2,2,1,0,1,0,64.0,74.0,voiture,voiture,1,1,1,1,1
202300046103,2023-08-28 23:20:00,2023,8,28,23,20,93,93005,MAXIMILIEN ROBESPIERRE (RUE),48.9478958,2.50147365,Nuit avec éclairage allumé,En agglomération,Intersection en X,Normale,Deux véhicules - côté,4,2,2,0,1,1,1,0,1,50,2,2,1,0,0,1,19.0,37.0,voiture,voiture,5,2,2,1,3
202300046103,2023-08-28 23:20:00,2023,8,28,23,20,93,93005,MAXIMILIEN ROBESPIERRE (RUE),48.9478958,2.50147365,Nuit avec éclairage allumé,En agglomération,Intersection en X,Normale,Deux véhicules - côté,4,2,2,0,1,1,1,0,1,50,2,2,1,0,0,1,19.0,37.0,voiture,voiture,5,2,2,1,3
202300046104,2023-10-05 17:10:00,2023,10,5,17,10,74,74010,A41,45.907661,6.094719,Plein jour,Hors agglomération,Hors intersection,Temps éblouissant,Trois véhicules et plus - collisions multiples,1,3,2,0,1,1,1,2,1,110,4,4,1,0,2,1,50.0,65.0,utilitaire_camion,deux_roues,1,1,1,7,5
202300046105,2023-02-20 08:30:00,2023,2,20,8,30,13,13099,RD 952,43.710106,5.769153,Plein jour,Hors agglomération,Hors intersection,Normale,Deux véhicules - côté,3,2,2,0,1,1,1,0,1,80,2,2,1,0,1,0,44.0,44.0,deux_roues,voiture,1,1,1,1,3
202300046106,2023-04-04 00:00:00,2023,4,4,0,0,75,75120,BOULEVARD MORTIER,48.867948,2.408881,Nuit avec éclairage allumé,En agglomération,Intersection en X,Normale,Deux véhicules - côté,4,1,2,0,1,1,1,0,1,50,2,2,1,0,0,1,54.0,29.0,voiture,utilitaire_camion,5,2,2,1,3
202300046106,2023-04-04 00:00:00,2023,4,4,0,0,75,75120,BOULEVARD MORTIER,48.867948,2.408881,Nuit avec éclairage allumé,En agglomération,Intersection en X,Normale,Deux véhicules - côté,4,1,1,0,1,2,1,0,1,50,2,2,1,0,0,1,54.0,29.0,voiture,utilitaire_camion,5,2,2,1,3
202300046107,2023-02-19 18:45:00,2023,2,19,18,45,73,73213,D1006,45.567046,5.964782,Nuit avec éclairage non allumé,Hors agglomération,Hors intersection,Normale,Autre collision,3,2,2,2,1,1,1,-1,1,50,2,2,1,0,1,0,72.0,15.0,voiture,deux_roues,4,1,1,1,6
202300046108,2023-10-04 19:24:00,2023,10,4,19,24,74,74010,MARQUISATS (AVENUE DES),45.886521,6.142952,Crépuscule ou aube,En agglomération,Hors intersection,Normale,Deux véhicules - frontale,4,2,2,0,1,1,1,0,1,50,2,2,0,0,0,2,53.0,54.0,utilitaire_camion,voiture,2,2,1,1,1
202300046109,2023-02-20 15:30:00,2023,2,20,15,30,26,26168,Lus la Croix Haute ? RD1075,44.669217,5.698267,Plein jour,Hors agglomération,Hors intersection,Normale,Autre collision,3,2,2,0,1,2,1,0,1,80,2,2,1,0,0,1,46.0,69.0,utilitaire_camion,utilitaire_camion,1,1,1,1,6
202300046110,2023-08-29 10:15:00,2023,8,29,10,15,92,92044,CAMILLE PELLETAN(RUE)17 + ET 14+,48.89638,2.29152,Plein jour,En agglomération,Intersection en X,Normale,Deux véhicules - côté,4,1,1,0,1,1,1,0,1,50,2,2,1,0,0,1,57.0,48.0,utilitaire_camion,deux_roues,1,2,2,1,3
202300046110,2023-08-29 10:15:00,2023,8,29,10,15,92,92044,CAMILLE PELLETAN(RUE)17 + ET 14+,48.89638,2.29152,Plein jour,En agglomération,Intersection en X,Normale,Deux véhicules - côté,4,-1,1,0,1,1,1,0,1,50,2,2,1,0,0,1,57.0,48.0,utilitaire_camion,deux_roues,1,2,2,1,3
202300046111,2023-10-05 15:40:00,2023,10,5,15,40,74,74010,RD 1201,45.958676,6.129051,Plein jour,Hors agglomération,Hors intersection,Normale,Deux véhicules - frontale,3,2,2,0,3,3,1,0,1,80,2,2,1,0,1,0,28.0,36.0,voiture,deux_roues,1,1,1,1,1
202300046112,2023-04-04 20:05:00,2023,4,4,20,5,75,75119,RUE DE CRIMEE,48.894416,2.372684,Plein jour,En agglomération,Hors intersection,Normale,Trois véhicules et plus - collisions multiples,4,1,2,0,1,1,1,0,1,30,3,4,3,0,0,1,23.0,22.0,utilitaire_camion,deux_roues,1,2,1,1,5
202300046113,2023-02-19 01:00:00,2023,2,19,1,0,69,69284,Rue des Echets,45.882133,4.873488,Nuit avec éclairage allumé,En agglomération,Giratoire,Normale,Autre collision,4,2,2,0,1,1,1,0,8,50,1,3,1,0,1,1,32.0,,voiture,,5,2,6,1,6
202300046114,2023-10-05 06:15:00,2023,10,5,6,15,74,74160,Route du col de merdassier,45.874578,6.416037,Nuit sans éclairage public,Hors agglomération,Hors intersection,Normale,Sans collision,3,2,2,0,1,3,1,0,8,80,1,2,0,1,0,1,32.0,,utilitaire_camion,,3,1,1,1,7
202300046115,2023-08-29 08:00:00,2023,8,29,8,0,92,92024,GEORGES BOISSEAU (RUE),48.90359881,2.31736825,Plein jour,En agglomération,Intersection en X,Normale,Autre collision,3,2,2,0,1,1,1,0,4,50,1,2,1,0,0,1,48.0,,utilitaire_camion,,1,2,2,1,6
202300046115,2023-08-29 08:00:00,2023,8,29,8,0,92,92024,GEORGES BOISSEAU (RUE),48.90359881,2.31736825,Plein jour,En agglomération,Intersection en X,Normale,Autre collision,3,2,2,0,1,1,1,0,4,30,1,2,1,0,0,1,48.0,,utilitaire_camion,,1,2,2,1,6
202300046116,2023-02-18 13:05:00,2023,2,18,13,5,81,81236,D112 PK 86.480,43.68387918,1.75407748,Plein jour,Hors agglomération,Hors intersection,Normale,Autre collision,3,2,2,0,1,3,1,0,3,80,1,1,0,1,0,0,57.0,,voiture,,1,1,1,1,6
202300046117,2023-03-22 18:25:00,2023,3,22,18,25,75,75119,AVENUE JEAN JAURES,48.886563,2.384634,Plein jour,En agglomération,Intersection en X,Normale,Deux véhicules - frontale,4,-1,0,3,1,1,1,0,4,-1,2,2,1,0,0,1,16.0,45.0,deux_roues,deux_roues,1,2,2,1,1
202300046117,2023-03-22 18:25:00,2023,3,22,18,25,75,75119,AVENUE JEAN JAURES,48.886563,2.384634,Plein jour,En agglomération,Intersection en X,Normale,Deux véhicules - frontale,4,1, -1,-1,1,1,1,0,4,-1,2,2,1,0,0,1,16.0,45.0,deux_roues,deux_roues,1,2,2,1,1
202300046118,2023-10-01 22:30:00,2023,10,1,22,30,74,74050,D40,46.222669,6.435038,Nuit avec éclairage non allumé,Hors agglomération,Hors intersection,Normale,Autre collision,3,2,2,0,1,2,1,0,8,80,1,3,0,0,3,0,21.0,,voiture,,4,1,1,1,6