accident_id,datetime,annee,mois,jour,heure,minute,departement,commune_insee,adresse,latitude,longitude,luminosite,agglomeration,intersection,meteo,collision,catr,circ,nbv,vosp,prof,plan,surf,infra,situ,vma,nb_vehicules,nb_usagers,nb_indemnes,nb_tues,nb_blesses_hosp,nb_blesses_legers,age_cond_1,age_cond_2,veh_type_cond_1,veh_type_cond_2,lum_code,agg_code,int_code,atm_code,col_code
202300046119,2023-08-28 20:15:00,2023,8,28,20,15,92,92024,MADAME DE SANZILLON (RUE),48.90357547,2.31755018,Plein jour,En agglomération,Intersection en X,Normale,Deux véhicules - arrière,3,2,2,0,1,1,1,0,8,30,2,2,1,0,0,1,22.0,44.0,deux_roues,voiture,1,2,2,1,2
202300046119,2023-08-28 20:15:00,2023,8,28,20,15,92,92024,MADAME DE SANZILLON (RUE),48.90357547,2.31755018,Plein jour,En agglomération,Intersection en X,Normale,Deux véhicules - arrière,3,2,2,0,1,1,1,0,1,50,2,2,1,0,0,1,22.0,44.0,deux_roues,voiture,1,2,2,1,2
202300046120,2023-09-14 06:00:00,2023,9,14,6,0,74,74010,CARNOT (RUE),45.90421,6.12452,Nuit avec éclairage allumé,En agglomération,Hors intersection,Normale,Autre collision,4,2,2,0,1,1,1,0,1,30,1,2,1,0,0,1,18.0,,deux_roues,,5,2,1,1,6
202300046121,2023-04-04 20:20:00,2023,4,4,20,20,75,75118,RUE DE TORCY,48.891251,2.363284,Nuit avec éclairage allumé,En agglomération,Intersection en X,Normale,Deux véhicules - côté,4,-1, -1,0,1,1,1,0,1,-1,2,3,1,0,0,2,20.0,28.0,voiture,deux_roues,5,2,2,1,3
202300046121,2023-04-04 20:20:00,2023,4,4,20,20,75,75118,RUE DE TORCY,48.891251,2.363284,Nuit avec éclairage allumé,En agglomération,Intersection en X,Normale,Deux véhicules - côté,4,1,1,0,1,1,1,0,1,30,2,3,1,0,0,2,20.0,28.0,voiture,deux_roues,5,2,2,1,3
202300046122,2023-08-29 03:00:00,2023,8,29,3,0,92,92032,FOCH MARECHAL (AVENUE DU),48.78833,2.30126,Nuit sans éclairage public,En agglomération,Hors intersection,Normale,Autre collision,3,2,2,0,1,1,1,0,1,30,1,4,0,0,0,4,22.0,,voiture,,3,2,1,1,6
202300046123,2023-08-12 23:10:00,2023,8,12,23,10,74,74312,A40 PK29.5,46.06842095,6.48170024,Nuit sans éclairage public,Hors agglomération,Hors intersection,Normale,Autre collision,1,3,2,0,1,1,1,0,1,130,1,1,0,0,0,1,25.0,,voiture,,3,1,1,1,6
202300046124,2023-04-04 12:40:00,2023,4,4,12,40,75,75118,RUE MARCADET,48.892884,2.328347,Plein jour,En agglomération,Hors intersection,Normale,Autre collision,4,1,1,0,1,1,1,0,1,30,1,2,1,0,0,1,42.0,,deux_roues,,1,2,1,1,6
202300046125,2023-02-19 16:10:00,2023,2,19,16,10,31,31478,D622,43.450057,1.903918,Plein jour,Hors agglomération,Hors intersection,Normale,Trois véhicules et plus - collisions multiples,3,2,2,0,2,1,1,0,1,80,3,3,2,1,0,0,27.0,19.0,voiture,voiture,1,1,1,1,5
202300046126,2023-09-30 02:40:00,2023,9,30,2,40,971,97113,RN4-ROND POINT SAINT FELIX,16.20716424,-61.45617843,Nuit avec éclairage allumé,Hors agglomération,Hors intersection,Normale,Sans collision,2,2,2,0,2,1,1,0,1,70,1,2,0,0,0,2,22.0,,voiture,,5,1,1,1,7
202300046127,2023-08-29 19:40:00,2023,8,29,19,40,92,92012,REINE (ROUTE DE LA) 39/107 BIS,48.83978,2.23916,Plein jour,En agglomération,Hors intersection,Normale,Deux véhicules - frontale,3,-1,4,0,1,1,1,0,1,50,2,2,1,0,0,1,89.0,59.0,voiture,deux_roues,1,2,1,1,1
202300046128,2023-02-20 02:15:00,2023,2,20,2,15,60,60134,D916a,49.316833,2.441715,Nuit avec éclairage non allumé,Hors agglomération,Hors intersection,Normale,Autre collision,3,2,1,0,1,1,1,0,3,80,1,2,1,0,1,0,20.0,,voiture,,4,1,1,1,6
202300046129,2023-04-04 19:00:00,2023,4,4,19,0,75,75117,RUE PONCELET,48.879075,2.296871,Plein jour,En agglomération,Intersection en T,Normale,Autre collision,4,-1, -1,0,1,1,1,0,6,30,1,2,1,0,0,1,83.0,,voiture,,1,2,3,1,6
202300046129,2023-04-04 19:00:00,2023,4,4,19,0,75,75117,RUE PONCELET,48.879075,2.296871,Plein jour,En agglomération,Intersection en T,Normale,Autre collision,4,-1,1,3,1,1,1,6,6,-1,1,2,1,0,0,1,83.0,,voiture,,1,2,3,1,6
202300046130,2023-10-06 12:50:00,2023,10,6,12,50,74,74010,PAIX,45.90404,6.12883,Plein jour,En agglomération,Intersection en T,Normale,Autre collision,4,1,1,0,1,1,1,0,1,30,1,2,1,0,1,0,53.0,,voiture,,1,2,3,1,6
202300046130,2023-10-06 12:50:00,2023,10,6,12,50,74,74010,PAIX,45.90404,6.12883,Plein jour,En agglomération,Intersection en T,Normale,Autre collision,4,2,2,0,1,1,1,0,1,30,1,2,1,0,1,0,53.0,,voiture,,1,2,3,1,6
202300046131,2023-08-21 17:35:00,2023,8,21,17,35,54,54250,RD 80,48.652546,6.341976,Plein jour,Hors agglomération,Hors intersection,Normale,Deux véhicules - frontale,3,2,2,0,2,3,1,0,1,80,2,2,1,1,0,0,65.0,29.0,deux_roues,utilitaire_camion,1,1,1,1,1
202300046132,2023-02-20 17:30:00,2023,2,20,17,30,80,80485,D210,49.767635,2.190887,Crépuscule ou aube,Hors agglomération,Intersection en X,Normale,Deux véhicules - côté,3,2,2,0,2,1,1,0,1,80,2,3,1,0,1,1,36.0,51.0,voiture,voiture,2,1,2,1,3
202300046132,2023-02-20 17:30:00,2023,2,20,17,30,80,80485,D210,49.767635,2.190887,Crépuscule ou aube,Hors agglomération,Intersection en X,Normale,Deux véhicules - côté,3,2,2,0,1,1,1,0,1,80,2,3,1,0,1,1,36.0,51.0,voiture,voiture,2,1,2,1,3
202300046133,2023-04-04 09:15:00,2023,4,4,9,15,75,75117,AVENUE DE WAGRAM,48.885273,2.303349,Plein jour,En agglomération,Intersection en X,Normale,Deux véhicules - côté,4,2,2,1,1,1,1,5,1,30,2,2,1,0,0,1,24.0,29.0,utilitaire_camion,deux_roues,1,2,2,1,3
202300046133,2023-04-04 09:15:00,2023,4,4,9,15,75,75117,AVENUE DE WAGRAM,48.885273,2.303349,Plein jour,En agglomération,Intersection en X,Normale,Deux véhicules - côté,4,1,1,0,1,1,1,0,1,30,2,2,1,0,0,1,24.0,29.0,utilitaire_camion,deux_roues,1,2,2,1,3
202300046134,2023-10-06 23:15:00,2023,10,6,23,15,34,34032,COMTE DE NICE (RUE DU),43.35338,3.23591,Nuit sans éclairage public,En agglomération,Hors intersection,Normale,Autre collision,4,2,2,0,1,1,1,0,1,50,2,2,0,0,1,0,,17.0,autre,deux_roues,3,2,1,1,6
202300046135,2023-02-18 05:30:00,2023,2,18,5,30,59,59055,Grand Rue,50.091894,3.589973,Nuit avec éclairage non allumé,En agglomération,Hors intersection,Normale,Autre collision,3,2,2,0,1,1,1,0,1,50,1,2,1,0,1,0,24.0,,voiture,,4,2,1,1,6
202300046136,2023-08-12 14:20:00,2023,8,12,14,20,13,13096,D570,43.459712,4.423926,Plein jour,Hors agglomération,Hors intersection,Normale,Autre collision,3,2,2,0,1,1,1,0,3,70,1,2,1,0,1,0,74.0,,voiture,,1,1,1,1,6
202300046137,2023-08-29 10:06:00,2023,8,29,10,6,26,26139,Route de Romans,45.070975,5.077786,Plein jour,Hors agglomération,Hors intersection,Normale,Deux véhicules - frontale,3,2,2,0,1,1,1,0,1,80,2,4,0,0,1,3,19.0,78.0,voiture,voiture,1,1,1,1,1
202300046138,2023-04-04 08:55:00,2023,4,4,8,55,75,75117,AVENUE DE LA PORTE D ASNIERES,48.890619,2.303117,Plein jour,En agglomération,Intersection en T,Normale,Deux véhicules - côté,4,2,4,3,1,1,1,0,1,30,2,2,1,0,0,1,51.0,62.0,deux_roues,deux_roues,1,2,3,1,3
202300046138,2023-04-04 08:55:00,2023,4,4,8,55,75,75117,AVENUE DE LA PORTE D ASNIERES,48.890619,2.303117,Plein jour,En agglomération,Intersection en T,Normale,Deux véhicules - côté,4,-1, -1,0,1,1,1,0,1,30,2,2,1,0,0,1,51.0,62.0,deux_roues,deux_roues,1,2,3,1,3
202300046139,2023-08-30 07:20:00,2023,8,30,7,20,86,86182,D757,46.906968,0.312231,Crépuscule ou aube,Hors agglomération,Hors intersection,Normale,Autre collision,3,2,2,0,1,1,1,0,1,90,1,1,0,0,1,0,50.0,,deux_roues,,2,1,1,1,6
202300046140,2023-12-05 09:25:00,2023,12,5,9,25,988,98818,Rue du Frère GERMAIN,-22.23454,166.48475,Plein jour,En agglomération,Hors intersection,Normale,Deux véhicules - arrière,4,3,2,0,1,1,1,5,1,50,2,2,1,0,0,1,43.0,79.0,utilitaire_camion,utilitaire_camion,1,2,1,1,2
202300046141,2023-02-19 12:35:00,2023,2,19,12,35,13,13015,A515CM-sortie Gardanne/Bouc Bel Air,43.42963202,5.39817095,Plein jour,Hors agglomération,Hors intersection,Normale,Deux véhicules - arrière,1,-1,1,0,1,1,1,0,1,70,2,3,1,0,0,2,53.0,27.0,voiture,deux_roues,1,1,1,1,2
202300046142,2023-12-01 03:40:00,2023,12,1,3,40,987,98735,DESTREMEAU (RUE URANIE),-17.325,-149.3451,Nuit sans éclairage public,En agglomération,Autre intersection,Normale,Sans collision,4,2,2,0,2,3,1,0,1,30,1,1,0,0,1,0,17.0,,deux_roues,,3,2,9,1,7
202300046143,2023-08-29 20:16:00,2023,8,29,20,16,06,06149,M2204,43.73322,7.294697,Crépuscule ou aube,En agglomération,Hors intersection,Normale,Deux véhicules - arrière,7,2,2,0,1,1,1,0,1,70,2,2,1,0,0,1,21.0,16.0,voiture,deux_roues,2,2,1,1,2
202300046144,2023-04-03 23:00:00,2023,4,3,23,0,75,75117,BOULEVARD BESSIERES,48.897588,2.324131,Nuit avec éclairage allumé,En agglomération,Intersection en X,Normale,Deux véhicules - côté,4,3,2,0,1,1,1,0,1,50,2,3,2,0,1,0,46.0,35.0,deux_roues,voiture,5,2,2,1,3
202300046144,2023-04-03 23:00:00,2023,4,3,23,0,75,75117,BOULEVARD BESSIERES,48.897588,2.324131,Nuit avec éclairage allumé,En agglomération,Intersection en X,Normale,Deux véhicules - côté,4,1,1,0,1,1,1,0,1,30,2,3,2,0,1,0,46.0,35.0,deux_roues,voiture,5,2,2,1,3
202300046145,2023-02-18 12:44:00,2023,2,18,12,44,13,13212,A507 sens Aubagne- Marseille,43.2919,5.42446,Plein jour,Hors agglomération,Hors intersection,Normale,Deux véhicules - arrière,1,1,4,0,1,1,1,1,1,70,2,2,1,0,0,1,44.0,56.0,voiture,voiture,1,1,1,1,2
202300046146,2023-08-30 04:20:00,2023,8,30,4,20,71,71417,15 Route de Joncy,46.613371,4.660918,Nuit avec éclairage non allumé,En agglomération,Hors intersection,Normale,Autre collision,3,2,2,0,1,1,1,0,4,50,1,1,0,1,0,0,25.0,,voiture,,4,2,1,1,6
202300046147,2023-11-30 21:35:00,2023,11,30,21,35,987,98736,CHARLES DE GAULLE (AV),-17.55955332,-149.52198586,Nuit avec éclairage allumé,En agglomération,Hors intersection,Normale,Trois véhicules et plus - collisions multiples,4,2,2,0,1,1,1,0,1,60,2,2,1,0,1,0,43.0,24.0,voiture,deux_roues,5,2,1,1,5
202300046148,2023-02-18 23:30:00,2023,2,18,23,30,69,69005,Autoroute 46,45.92899,4.74274,Nuit sans éclairage public,Hors agglomération,Hors intersection,Pluie légère,Autre collision,1,3,4,0,1,1,2,3,3,110,1,2,1,1,0,0,45.0,,utilitaire_camion,,3,1,1,2,6
202300046149,2023-04-04 17:10:00,2023,4,4,17,10,75,75116,AVENUE KLEBER,48.86891,2.291493,Plein jour,En agglomération,Intersection en X,Normale,Deux véhicules - côté,4,2,4,0,1,1,1,0,1,30,2,2,1,0,0,1,68.0,49.0,deux_roues,voiture,1,2,2,1,3
202300046149,2023-04-04 17:10:00,2023,4,4,17,10,75,75116,AVENUE KLEBER,48.86891,2.291493,Plein jour,En agglomération,Intersection en X,Normale,Deux véhicules - côté,4,1,1,0,1,1,1,0,1,30,2,2,1,0,0,1,68.0,49.0,deux_roues,voiture,1,2,2,1,3
202300046150,2023-08-29 16:20:00,2023,8,29,16,20,51,51592,Vandières,49.109093,3.73193,Plein jour,Hors agglomération,Hors intersection,Normale,Sans collision,4,2,2,0,2,2,1,0,3,80,1,2,0,0,2,0,19.0,,deux_roues,,1,1,1,1,7
202300046151,2023-12-05 16:20:00,2023,12,5,16,20,976,97611,mamoudzou centre-Haladi Selemani ( rue ),-12.77677,45.22603,Plein jour,En agglomération,Hors intersection,Normale,Deux véhicules - frontale,4,3,2,1,2,3,1,0,1,50,2,3,2,0,1,0,49.0,43.0,deux_roues,voiture,1,2,1,1,1
202300046152,2023-02-19 16:45:00,2023,2,19,16,45,91,91340,AUTOROUTE A6,48.60053,2.4393,Plein jour,Hors agglomération,Hors intersection,Normale,Deux véhicules - arrière,1,2,6,0,1,1,1,0,1,110,2,2,1,0,0,1,45.0,20.0,deux_roues,voiture,1,1,1,1,2
202300046153,2023-04-04 06:35:00,2023,4,4,6,35,75,75115,RUE FALGUIERE,48.837589,2.310975,Plein jour,En agglomération,Intersection en T,Normale,Sans collision,4,-1,0,0,1,1,1,0,1,30,1,1,0,0,1,0,34.0,,deux_roues,,1,2,3,1,7
202300046153,2023-04-04 06:35:00,2023,4,4,6,35,75,75115,RUE FALGUIERE,48.837589,2.310975,Plein jour,En agglomération,Intersection en T,Normale,Sans collision,4,-1,0,0,1,1,1,0,1,30,1,1,0,0,1,0,34.0,,deux_roues,,1,2,3,1,7
202300046154,2023-02-18 18:25:00,2023,2,18,18,25,91,91661,AUTOROUTE A10,48.68926,2.21995,Plein jour,Hors agglomération,Hors intersection,Normale,Deux véhicules - arrière,1,1,3,0,1,1,1,0,1,110,2,5,0,0,0,5,22.0,45.0,voiture,voiture,1,1,1,1,2
202300046155,2023-08-29 18:30:00,2023,8,29,18,30,87,87038,Lieu-dit Puy de l'Eau,45.91163,1.239685,Plein jour,Hors agglomération,Hors intersection,Normale,Autre collision,3,2,2,0,2,3,1,0,1,70,1,1,0,0,1,0,24.0,,deux_roues,,1,1,1,1,6
202300046156,2023-12-04 07:45:00,2023,12,4,7,45,974,97411,JAURES (BLD 2 JEAN),-20.89,55.4635,Plein jour,En agglomération,Intersection en Y,Normale,Deux véhicules - côté,2,2,2,1,1,3,1,0,1,50,2,3,2,0,0,1,64.0,42.0,voiture,deux_roues,1,2,4,1,3
202300046156,2023-12-04 07:45:00,2023,12,4,7,45,974,97411,JAURES (BLD 2 JEAN),-20.89,55.4635,Plein jour,En agglomération,Intersection en Y,Normale,Deux véhicules - côté,2,2,0,1,1,1,1,0,1,30,2,3,2,0,0,1,64.0,42.0,voiture,deux_roues,1,2,4,1,3
202300046157,2023-04-03 19:45:00,2023,4,3,19,45,75,75114,BOULEVARD ROMAIN ROLLAND,48.8208,2.321048,Crépuscule ou aube,En agglomération,Intersection en X,Normale,Deux véhicules - côté,4,1,2,0,1,1,1,0,1,50,2,2,1,0,0,1,38.0,48.0,utilitaire_camion,deux_roues,2,2,2,1,3
202300046157,2023-04-03 19:45:00,2023,4,3,19,45,75,75114,BOULEVARD ROMAIN ROLLAND,48.8208,2.321048,Crépuscule ou aube,En agglomération,Intersection en X,Normale,Deux véhicules - côté,4,-1, -1,0,1,1,1,0,1,30,2,2,1,0,0,1,38.0,48.0,utilitaire_camion,deux_roues,2,2,2,1,3
202300046158,2023-08-30 14:25:00,2023,8,30,14,25,62,62180,D 941,50.413727,2.386705,Plein jour,Hors agglomération,Hors intersection,Normale,Autre collision,3,2,2,0,1,1,1,0,3,80,1,2,0,0,2,0,79.0,,voiture,,1,1,1,1,6
202300046159,2023-12-05 07:47:00,2023,12,5,7,47,973,97302,MONTABO (ROUTE DE) 2,4.93667,-52.29702,Plein jour,En agglomération,Autre intersection,Pluie légère,Deux véhicules - côté,3,2,2,0,1,1,2,0,1,50,2,2,1,0,0,1,18.0,62.0,deux_roues,voiture,1,2,9,2,3
202300046160,2023-02-19 16:50:00,2023,2,19,16,50,92,92036,A86,48.9364031,2.28946318,Plein jour,Hors agglomération,Autre intersection,Normale,Trois véhicules et plus - en chaîne,1,-1,3,0,1,1,1,0,1,90,3,5,4,0,0,1,36.0,34.0,voiture,deux_roues,1,1,9,1,4
202300046161,2023-08-27 17:30:00,2023,8,27,17,30,19,19035,D39,45.307288,1.339111,Plein jour,Hors agglomération,Hors intersection,Normale,Autre collision,3,3,2,0,2,2,1,0,3,90,1,1,0,0,1,0,14.0,,deux_roues,,1,1,1,1,6
202300046162,2023-04-04 09:20:00,2023,4,4,9,20,75,75113,BOULEVARD MASSENA,48.819138,2.359503,Plein jour,En agglomération,Intersection en X,Normale,Autre collision,4,1,4,1,1,1,1,0,5,50,1,2,1,0,0,1,49.0,,deux_roues,,1,2,2,1,6
202300046162,2023-04-04 09:20:00,2023,4,4,9,20,75,75113,BOULEVARD MASSENA,48.819138,2.359503,Plein jour,En agglomération,Intersection en X,Normale,Autre collision,4,2, -1,1,1,1,1,0,5,-1,1,2,1,0,0,1,49.0,,deux_roues,,1,2,2,1,6
202300046163,2023-12-05 07:30:00,2023,12,5,7,30,69,69388,Avenue Paul Santy,45.73549,4.87033,Crépuscule ou aube,En agglomération,Intersection en T,Normale,Autre collision,4,2,2,3,1,1,1,0,1,30,1,2,1,0,0,1,53.0,,voiture,,2,2,3,1,6
202300046163,2023-12-05 07:30:00,2023,12,5,7,30,69,69388,Avenue Paul Santy,45.73549,4.87033,Crépuscule ou aube,En agglomération,Intersection en T,Normale,Autre collision,4,2,2,3,1,1,1,0,1,50,1,2,1,0,0,1,53.0,,voiture,,2,2,3,1,6
202300046164,2023-04-04 18:00:00,2023,4,4,18,0,75,75112,QUAI DE BERCY,48.84232,2.371814,Plein jour,En agglomération,Hors intersection,Normale,Deux véhicules - arrière,4,1,3,0,2,1,1,1,1,50,2,2,1,0,0,1,37.0,66.0,deux_roues,voiture,1,2,1,1,2
202300046165,2023-08-29 20:15:00,2023,8,29,20,15,19,19025,route des Palisses,45.41192579,1.29341483,Plein jour,Hors agglomération,Hors intersection,Normale,Sans collision,4,-1,2,0,1,1,1,0,1,80,2,2,1,0,1,0,14.0,14.0,deux_roues,deux_roues,1,1,1,1,7
202300046166,2023-04-04 20:00:00,2023,4,4,20,0,75,75112,RUE CROZATIER,48.847491,2.381147,Crépuscule ou aube,En agglomération,Hors intersection,Normale,Deux véhicules - côté,4,2,2,0,1,1,1,0,1,30,2,2,1,0,0,1,27.0,30.0,utilitaire_camion,deux_roues,2,2,1,1,3
202300046167,2023-12-04 12:30:00,2023,12,4,12,30,972,97213,ROUTE DEPARTEMENTALE 3,14.62608,-60.98946,Plein jour,Hors agglomération,Hors intersection,Normale,Trois véhicules et plus - collisions multiples,3,-1,2,0,1,1,1,0,1,90,3,4,3,1,0,0,46.0,20.0,utilitaire_camion,deux_roues,1,1,1,1,5
202300046168,2023-07-29 19:00:00,2023,7,29,19,0,19,19012,ROUTE DE LA NOIX,44.955521,1.838429,Plein jour,Hors agglomération,Hors intersection,Normale,Deux véhicules - côté,3,2,2,0,2,3,1,0,1,90,2,2,1,0,1,0,68.0,41.0,voiture,deux_roues,1,1,1,1,3
202300046169,2023-02-19 15:00:00,2023,2,19,15,0,78,78402,A13,48.9641,1.775189,Plein jour,Hors agglomération,Hors intersection,Normale,Trois véhicules et plus - collisions multiples,1,1,3,0,1,1,1,0,1,130,4,9,8,0,1,0,74.0,41.0,voiture,voiture,1,1,1,1,5
202300046170,2023-12-05 19:00:00,2023,12,5,19,0,69,69385,9 Avenue de Ménival,45.75588,4.78809,Nuit avec éclairage allumé,En agglomération,Hors intersection,Normale,Autre collision,4,2,2,2,2,3,1,0,1,30,1,2,1,0,0,1,74.0,,voiture,,5,2,1,1,6
202300046171,2023-04-04 19:50:00,2023,4,4,19,50,75,75110,BOULEVARD DE LA CHAPELLE,48.884238,2.364627,Crépuscule ou aube,En agglomération,Intersection en X,Normale,Deux véhicules - côté,4,1,2,2,2,1,1,9,5,30,2,2,1,0,0,1,44.0,55.0,deux_roues,voiture,2,2,2,1,3
202300046171,2023-04-04 19:50:00,2023,4,4,19,50,75,75110,BOULEVARD DE LA CHAPELLE,48.884238,2.364627,Crépuscule ou aube,En agglomération,Intersection en X,Normale,Deux véhicules - côté,4,-1, -1,0,1,1,1,0,5,30,2,2,1,0,0,1,44.0,55.0,deux_roues,voiture,2,2,2,1,3
202300046172,2023-02-19 02:26:00,2023,2,19,2,26,78,78217,A13,48.963155,1.834819,Nuit sans éclairage public,Hors agglomération,Hors intersection,Normale,Deux véhicules - arrière,1,1,3,0,1,1,2,0,1,130,2,3,2,0,0,1,41.0,38.0,voiture,voiture,3,1,1,1,2
202300046173,2023-12-05 08:05:00,2023,12,5,8,5,69,69385,13 Rue François Génin,45.75486622,4.79630442,Crépuscule ou aube,En agglomération,Hors intersection,Pluie légère,Deux véhicules - côté,4,2,2,0,1,1,2,6,1,30,2,2,1,0,0,1,18.0,31.0,deux_roues,voiture,2,2,1,2,3
202300046174,2023-08-29 18:45:00,2023,8,29,18,45,79,79278,D738,46.597605,-0.115429,Crépuscule ou aube,Hors agglomération,Intersection en X,Normale,Deux véhicules - côté,3,2,2,0,3,1,1,0,1,80,2,5,4,0,1,0,66.0,65.0,voiture,voiture,2,1,2,1,3
202300046174,2023-08-29 18:45:00,2023,8,29,18,45,79,79278,D738,46.597605,-0.115429,Crépuscule ou aube,Hors agglomération,Intersection en X,Normale,Deux véhicules - côté,3,2,2,-1,1,1,1,0,1,-1,2,5,4,0,1,0,66.0,65.0,voiture,voiture,2,1,2,1,3
202300046175,2023-02-19 04:00:00,2023,2,19,4,0,93,93066,AUTOROUTE A86,48.92475,2.34108,Nuit sans éclairage public,Hors agglomération,Hors intersection,Normale,Autre collision,1,3,6,0,1,1,1,0,1,90,1,1,0,0,0,1,34.0,,voiture,,3,1,1,1,6
202300046176,2023-04-04 14:42:00,2023,4,4,14,42,75,75107,AVENUE DE LA MOTTE PICQUET,48.855039,2.306628,Plein jour,En agglomération,Hors intersection,Normale,Deux véhicules - côté,4,2,3,0,1,1,1,0,1,30,2,2,1,0,0,1,37.0,39.0,voiture,deux_roues,1,2,1,1,3
202300046177,2023-08-25 21:15:00,2023,8,25,21,15,33,33506,route de Monségur,44.68248219,-0.06283343,Nuit sans éclairage public,Hors agglomération,Hors intersection,Normale,Autre collision,3,2,2,0,1,1,1,0,8,80,1,1,0,0,1,0,69.0,,voiture,,3,1,1,1,6
202300046178,2023-02-18 21:30:00,2023,2,18,21,30,92,92036,AUTOROUTE A86,48.93851705,2.30001759,Nuit sans éclairage public,Hors agglomération,Hors intersection,Normale,Deux véhicules - arrière,1,1,1,0,1,1,1,0,1,50,2,2,1,0,0,1,25.0,32.0,voiture,voiture,3,1,1,1,2
202300046179,2023-12-05 09:15:00,2023,12,5,9,15,69,69382,25 Rue Ravat,45.74376,4.82474,Plein jour,En agglomération,Intersection en X,Normale,Deux véhicules - côté,4,2,2,2,1,1,2,0,1,30,2,2,1,0,0,1,36.0,22.0,deux_roues,voiture,1,2,2,1,3
202300046179,2023-12-05 09:15:00,2023,12,5,9,15,69,69382,25 Rue Ravat,45.74376,4.82474,Plein jour,En agglomération,Intersection en X,Normale,Deux véhicules - côté,4,2,2,2,1,1,2,0,1,30,2,2,1,0,0,1,36.0,22.0,deux_roues,voiture,1,2,2,1,3
202300046180,2023-04-04 10:45:00,2023,4,4,10,45,75,75107,AVENUE DE BRETEUIL,48.848839,2.311427,Plein jour,En agglomération,Intersection en T,Normale,Deux véhicules - côté,4,1,1,0,1,1,1,0,1,30,2,2,1,0,0,1,,28.0,utilitaire_camion,deux_roues,1,2,3,1,3
202300046180,2023-04-04 10:45:00,2023,4,4,10,45,75,75107,AVENUE DE BRETEUIL,48.848839,2.311427,Plein jour,En agglomération,Intersection en T,Normale,Deux véhicules - côté,4,-1,1,0,1,1,1,0,1,-1,2,2,1,0,0,1,,28.0,utilitaire_camion,deux_roues,1,2,3,1,3
202300046181,2023-02-18 20:15:00,2023,2,18,20,15,92,92036,AUTOROUTE A15,48.94355783,2.28738079,Nuit sans éclairage public,Hors agglomération,Hors intersection,Normale,Deux véhicules - arrière,1,3,4,0,1,1,1,2,1,90,2,2,1,0,0,1,67.0,21.0,voiture,voiture,3,1,1,1,2
202300046182,2023-12-04 10:10:00,2023,12,4,10,10,971,97101,ACHILLE RENE BOISNEUF (RUE),16.26656956,-61.50910378,Plein jour,En agglomération,Hors intersection,Normale,Deux véhicules - arrière,3,2,2,0,1,1,1,0,1,50,2,5,4,0,0,1,47.0,69.0,voiture,utilitaire_camion,1,2,1,1,2
202300046183,2023-08-28 17:19:00,2023,8,28,17,19,63,63055,La Garenne,45.842819,2.791241,Plein jour,Hors agglomération,Hors intersection,Pluie légère,Deux véhicules - côté,3,2,2,0,1,3,2,0,1,90,2,5,4,0,1,0,31.0,54.0,voiture,voiture,1,1,1,2,3
202300046184,2023-04-04 13:10:00,2023,4,4,13,10,75,75103,RUE DE BRETAGNE,48.864693,2.359723,Plein jour,En agglomération,Intersection en X,Normale,Deux véhicules - côté,4,2,2,0,1,1,1,0,1,30,2,2,1,0,0,1,56.0,60.0,voiture,deux_roues,1,2,2,1,3
202300046184,2023-04-04 13:10:00,2023,4,4,13,10,75,75103,RUE DE BRETAGNE,48.864693,2.359723,Plein jour,En agglomération,Intersection en X,Normale,Deux véhicules - côté,4,1,1,0,1,1,1,0,1,30,2,2,1,0,0,1,56.0,60.0,voiture,deux_roues,1,2,2,1,3
202300046185,2023-12-04 20:15:00,2023,12,4,20,15,2A,2A004,NAPOLEON COURS AVANT BEVERINI,41.92118,8.73728,Nuit avec éclairage allumé,En agglomération,Hors intersection,Pluie forte,Autre collision,4,2,2,0,1,1,2,0,1,50,1,2,1,0,0,1,21.0,,voiture,,5,2,1,3,6
202300046186,2023-02-18 10:45:00,2023,2,18,10,45,13,13212,SAINT JULIEN (AVENUE DE ),43.30626,5.42003,Plein jour,En agglomération,Hors intersection,Normale,Autre collision,4,2,2,0,1,1,1,0,1,50,1,2,1,0,1,0,38.0,,voiture,,1,2,1,1,6
202300046187,2023-08-28 09:00:00,2023,8,28,9,0,12,12244,Avenue du Pont du Tarn,44.04945,2.898084,Plein jour,En agglomération,Hors intersection,Normale,Deux véhicules - arrière,3,2,2,0,2,1,1,0,1,50,2,2,1,0,0,1,47.0,21.0,voiture,voiture,1,2,1,1,2
202300046188,2023-03-27 11:30:00,2023,3,27,11,30,94,94081,Rue de la Petite Saussaie,48.78478843,2.38771614,Plein jour,En agglomération,Hors intersection,Normale,Autre collision,4,2,2,0,2,1,1,0,1,30,1,2,0,0,0,2,15.0,,deux_roues,,1,2,1,1,6
202300046189,2023-12-05 09:00:00,2023,12,5,9,0,95,95197,ABEL FAUVEAU (RUE) ,48.96171189,2.32681096,Plein jour,Hors agglomération,Hors intersection,Pluie forte,Autre collision,4,1,1,0,1,1,2,6,8,30,1,2,1,0,0,1,37.0,,voiture,,1,1,1,3,6
202300046190,2023-08-29 16:55:00,2023,8,29,16,55,39,39106,,46.474672,5.723544,Plein jour,Hors agglomération,Hors intersection,Normale,Autre collision,3,2,2,0,2,2,2,0,3,90,1,1,0,0,1,0,25.0,,voiture,,1,1,1,1,6
202300046191,2023-02-17 07:15:00,2023,2,17,7,15,25,25547,PONTARLIER (RUE DE),47.51467,6.83437,Crépuscule ou aube,En agglomération,Intersection en X,Pluie légère,Deux véhicules - côté,3,1,1,0,1,2,2,5,1,30,2,2,1,0,0,1,43.0,51.0,utilitaire_camion,voiture,2,2,2,2,3