accident_id,datetime,annee,mois,jour,heure,minute,departement,commune_insee,adresse,latitude,longitude,luminosite,agglomeration,intersection,meteo,collision,catr,circ,nbv,vosp,prof,plan,surf,infra,situ,vma,nb_vehicules,nb_usagers,nb_indemnes,nb_tues,nb_blesses_hosp,nb_blesses_legers,age_cond_1,age_cond_2,veh_type_cond_1,veh_type_cond_2,lum_code,agg_code,int_code,atm_code,col_code
202300046191,2023-02-17 07:15:00,2023,2,17,7,15,25,25547,PONTARLIER (RUE DE),47.51467,6.83437,Crépuscule ou aube,En agglomération,Intersection en X,Pluie légère,Deux véhicules - côté,3,2,2,0,1,2,2,5,1,50,2,2,1,0,0,1,43.0,51.0,utilitaire_camion,voiture,2,2,2,2,3
202300046192,2023-04-03 18:50:00,2023,4,3,18,50,94,94068,Rue Vassal,48.79344,2.47866,Crépuscule ou aube,En agglomération,Intersection en X,Normale,Autre collision,4,1,1,2,1,1,1,0,1,30,1,2,1,0,0,1,53.0,,voiture,,2,2,2,1,6
202300046192,2023-04-03 18:50:00,2023,4,3,18,50,94,94068,Rue Vassal,48.79344,2.47866,Crépuscule ou aube,En agglomération,Intersection en X,Normale,Autre collision,4,2,2,0,1,1,1,0,1,30,1,2,1,0,0,1,53.0,,voiture,,2,2,2,1,6
202300046193,2023-12-05 08:25:00,2023,12,5,8,25,95,95176,D121,48.958179,2.196016,Crépuscule ou aube,En agglomération,Hors intersection,Normale,Deux véhicules - côté,3,2,2,0,1,1,1,0,1,50,2,2,1,0,0,1,38.0,7.0,utilitaire_camion,deux_roues,2,2,1,1,3
202300046194,2023-08-29 18:15:00,2023,8,29,18,15,25,25434,Allee de la Tour de Peilz,47.10118,6.161206,Plein jour,En agglomération,Autre intersection,Normale,Sans collision,6,-1, -1,0,1,1,1,0,1,50,1,2,1,0,1,0,14.0,,deux_roues,,1,2,9,1,7
202300046195,2023-02-17 12:55:00,2023,2,17,12,55,974,97416,AMANDIERS (CHEMIN DES),-21.30075,55.46019,Plein jour,En agglomération,Intersection en X,Normale,Deux véhicules - frontale,4,-1,2,0,1,1,1,0,1,50,2,2,1,0,1,0,52.0,40.0,deux_roues,voiture,1,2,2,1,1
202300046195,2023-02-17 12:55:00,2023,2,17,12,55,974,97416,AMANDIERS (CHEMIN DES),-21.30075,55.46019,Plein jour,En agglomération,Intersection en X,Normale,Deux véhicules - frontale,4,-1,2,0,1,1,1,0,1,50,2,2,1,0,1,0,52.0,40.0,deux_roues,voiture,1,2,2,1,1
202300046196,2023-12-04 06:50:00,2023,12,4,6,50,91,91216,CORBEIL (RUE),48.66762,2.3329,Nuit avec éclairage allumé,En agglomération,Hors intersection,Pluie forte,Deux véhicules - côté,3,2,2,0,2,1,2,0,1,50,2,2,1,0,0,1,27.0,29.0,deux_roues,voiture,5,2,1,3,3
202300046197,2023-04-04 10:00:00,2023,4,4,10,0,94,94043,30 Rue Carnot,48.80901,2.36624,Plein jour,En agglomération,Hors intersection,Normale,Deux véhicules - frontale,4,1,1,1,1,1,1,0,1,50,2,2,1,0,0,1,57.0,58.0,voiture,deux_roues,1,2,1,1,1
202300046198,2023-08-29 05:00:00,2023,8,29,5,0,02,02358,4 Rue de Bohain,49.944788,3.516278,Crépuscule ou aube,Hors agglomération,Hors intersection,Normale,Autre collision,3,2,2,0,1,1,1,0,1,80,1,1,0,0,1,0,21.0,,deux_roues,,2,1,1,1,6
202300046199,2023-02-18 07:20:00,2023,2,18,7,20,974,97411,JAURES (BLD 1 JEAN),-20.89009,55.46086,Plein jour,En agglomération,Hors intersection,Normale,Deux véhicules - arrière,2,-1,2,0,1,1,1,0,1,50,2,3,2,0,0,1,24.0,56.0,voiture,voiture,1,2,1,1,2
202300046200,2023-04-04 12:45:00,2023,4,4,12,45,94,94041,22 Rue Amédée Huon,48.80479,2.387305,Plein jour,En agglomération,Hors intersection,Normale,Deux véhicules - côté,4,2,2,0,1,1,1,0,1,50,2,2,1,0,0,1,55.0,34.0,deux_roues,voiture,1,2,1,1,3
202300046201,2023-12-05 02:20:00,2023,12,5,2,20,91,91161,RUE HELENE BOUCHER,48.71774,2.30722,Nuit avec éclairage allumé,En agglomération,Intersection en T,Normale,Deux véhicules - côté,4,-1, -1,-1,-1,-1,-1,-1,-1,-1,2,2,1,0,0,1,35.0,45.0,utilitaire_camion,voiture,5,2,3,1,3
202300046201,2023-12-05 02:20:00,2023,12,5,2,20,91,91161,RUE HELENE BOUCHER,48.71774,2.30722,Nuit avec éclairage allumé,En agglomération,Intersection en T,Normale,Deux véhicules - côté,4,2,2,0,1,1,2,0,1,50,2,2,1,0,0,1,35.0,45.0,utilitaire_camion,voiture,5,2,3,1,3
202300046202,2023-08-26 08:35:00,2023,8,26,8,35,72,72281,Rue de la Mairie,48.199546,0.501482,Plein jour,En agglomération,Hors intersection,Normale,Sans collision,3,2,2,0,1,1,1,0,1,50,1,1,0,0,1,0,18.0,,autre,,1,2,1,1,7
202300046203,2023-04-03 14:22:00,2023,4,3,14,22,94,94028,Avenue du Général de Gaulle,48.77869,2.45745,Plein jour,En agglomération,Autre intersection,Normale,Autre collision,6,-1, -1,0,1,1,1,9,1,20,1,2,1,0,0,1,20.0,,voiture,,1,2,9,1,6
202300046204,2023-02-18 16:00:00,2023,2,18,16,0,69,69382,Quai Docteur Gailleton,45.75723,4.83691,Plein jour,En agglomération,Intersection en T,Normale,Autre collision,4,2,8,3,1,1,1,0,1,50,1,2,1,0,0,1,25.0,,voiture,,1,2,3,1,6
202300046204,2023-02-18 16:00:00,2023,2,18,16,0,69,69382,Quai Docteur Gailleton,45.75723,4.83691,Plein jour,En agglomération,Intersection en T,Normale,Autre collision,4,1,1,2,1,1,1,0,1,30,1,2,1,0,0,1,25.0,,voiture,,1,2,3,1,6
202300046205,2023-12-05 15:50:00,2023,12,5,15,50,91,91201,BD HENRI BARBUSSE,48.69365,2.4133,Plein jour,En agglomération,Autre intersection,Pluie légère,Deux véhicules - côté,3,2,2,0,1,1,2,0,1,50,2,2,0,0,0,2,68.0,76.0,voiture,voiture,1,2,9,2,3
202300046206,2023-04-04 18:10:00,2023,4,4,18,10,94,94022,Av de Villeneuve Saint Georges,48.76463,2.41633,Plein jour,En agglomération,Hors intersection,Normale,Deux véhicules - côté,3,2,2,0,1,1,1,0,1,30,2,3,1,0,0,2,59.0,24.0,voiture,voiture,1,2,1,1,3
202300046207,2023-08-30 12:50:00,2023,8,30,12,50,60,60509,Avenue d’Auvelais,49.316317,2.603803,Plein jour,En agglomération,Hors intersection,Normale,Trois véhicules et plus - collisions multiples,3,2,2,0,2,3,1,0,1,50,3,4,2,0,0,2,46.0,27.0,voiture,voiture,1,2,1,1,5
202300046208,2023-02-18 12:00:00,2023,2,18,12,0,971,97120,BEAUPERTHUY,16.24251,-61.53595,Plein jour,En agglomération,Hors intersection,Normale,Autre collision,4,2,2,0,1,1,1,0,1,30,1,3,2,0,0,1,54.0,,voiture,,1,2,1,1,6
202300046209,2023-12-05 17:30:00,2023,12,5,17,30,91,91589,AV PAUL SUMIEN,48.6846,2.36709,Nuit avec éclairage allumé,En agglomération,Intersection en X,Normale,Autre collision,4,2,2,0,2,1,2,0,1,50,1,2,1,0,0,1,75.0,,voiture,,5,2,2,1,6
202300046209,2023-12-05 17:30:00,2023,12,5,17,30,91,91589,AV PAUL SUMIEN,48.6846,2.36709,Nuit avec éclairage allumé,En agglomération,Intersection en X,Normale,Autre collision,4,-1,2,0,2,2,1,5,1,50,1,2,1,0,0,1,75.0,,voiture,,5,2,2,1,6
202300046210,2023-04-04 19:05:00,2023,4,4,19,5,94,94017,Avenue de la République,48.81855,2.51148,Plein jour,En agglomération,Hors intersection,Normale,Autre collision,3,2,2,0,1,1,1,0,1,50,1,4,1,0,0,3,28.0,,voiture,,1,2,1,1,6
202300046211,2023-02-18 05:20:00,2023,2,18,5,20,971,97101,PERRIN (SECTEUR),16.27507,-61.50936,Crépuscule ou aube,Hors agglomération,Hors intersection,Pluie légère,Deux véhicules - arrière,2,-1,3,0,1,1,2,0,1,50,2,2,1,0,0,1,40.0,46.0,voiture,voiture,2,1,1,2,2
202300046212,2023-08-30 18:50:00,2023,8,30,18,50,60,60178,Avenue de la Libération,49.606559,2.069753,Plein jour,En agglomération,Intersection en X,Normale,Deux véhicules - arrière,3,2,2,0,1,1,1,0,1,-1,2,2,1,0,0,1,15.0,21.0,deux_roues,utilitaire_camion,1,2,2,1,2
202300046212,2023-08-30 18:50:00,2023,8,30,18,50,60,60178,Avenue de la Libération,49.606559,2.069753,Plein jour,En agglomération,Intersection en X,Normale,Deux véhicules - arrière,3,2, -1,-1,1,1,1,0,1,-1,2,2,1,0,0,1,15.0,21.0,deux_roues,utilitaire_camion,1,2,2,1,2
202300046213,2023-12-05 11:40:00,2023,12,5,11,40,91,91687,JEAN CHARCOT (AVENUE),48.659,2.36432,Plein jour,En agglomération,Intersection en T,Pluie légère,Deux véhicules - côté,4,2,0,0,1,1,2,0,1,50,2,3,2,0,0,1,25.0,52.0,utilitaire_camion,voiture,1,2,3,2,3
202300046213,2023-12-05 11:40:00,2023,12,5,11,40,91,91687,JEAN CHARCOT (AVENUE),48.659,2.36432,Plein jour,En agglomération,Intersection en T,Pluie légère,Deux véhicules - côté,4,2,2,0,1,1,2,0,1,50,2,3,2,0,0,1,25.0,52.0,utilitaire_camion,voiture,1,2,3,2,3
202300046214,2023-02-17 17:40:00,2023,2,17,17,40,2A,2A004,CANDIA,41.93448,8.74552,Plein jour,En agglomération,Hors intersection,Normale,Deux véhicules - arrière,4,-1,0,0,1,1,1,0,1,50,2,2,1,0,0,1,56.0,54.0,voiture,deux_roues,1,2,1,1,2
202300046215,2023-08-30 15:25:00,2023,8,30,15,25,64,64274,RD15,43.177141,-1.301451,Plein jour,Hors agglomération,Hors intersection,Pluie forte,Sans collision,3,2,2,0,1,4,2,0,1,80,1,1,0,0,0,1,74.0,,voiture,,1,1,1,3,7
202300046216,2023-12-04 00:14:00,2023,12,4,0,14,87,87085,AUTOROUTE A20,45.89809,1.29383,Nuit sans éclairage public,Hors agglomération,Hors intersection,Normale,Autre collision,1,3,4,0,1,1,1,0,1,110,1,1,0,0,0,1,19.0,,voiture,,3,1,1,1,6
202300046217,2023-04-03 18:20:00,2023,4,3,18,20,94,94017,63 Rue de l'Egalité,48.81880535,2.52029443,Plein jour,En agglomération,Intersection en X,Normale,Trois véhicules et plus - collisions multiples,4,2,2,0,1,1,1,5,1,50,3,3,2,0,0,1,19.0,32.0,voiture,voiture,1,2,2,1,5
202300046218,2023-04-04 14:35:00,2023,4,4,14,35,94,94071,Rue Albert Dru,48.762717,2.519596,Plein jour,En agglomération,Intersection en T,Normale,Deux véhicules - arrière,4,2, -1,0,2,1,1,0,1,-1,2,2,1,0,1,0,37.0,32.0,deux_roues,deux_roues,1,2,3,1,2
202300046218,2023-04-04 14:35:00,2023,4,4,14,35,94,94071,Rue Albert Dru,48.762717,2.519596,Plein jour,En agglomération,Intersection en T,Normale,Deux véhicules - arrière,4,3,2,0,2,1,1,0,1,50,2,2,1,0,1,0,37.0,32.0,deux_roues,deux_roues,1,2,3,1,2
202300046219,2023-02-18 15:20:00,2023,2,18,15,20,91,91433,R.D.20,48.45847,2.17753,Plein jour,Hors agglomération,Hors intersection,Normale,Deux véhicules - arrière,3,1,1,0,1,1,1,0,1,30,2,4,3,0,0,1,47.0,54.0,voiture,voiture,1,1,1,1,2
202300046220,2023-08-30 12:25:00,2023,8,30,12,25,64,64297,RD933,43.183087,-1.175559,Plein jour,Hors agglomération,Hors intersection,Pluie forte,Trois véhicules et plus - en chaîne,3,2,2,0,3,2,4,0,1,80,3,3,1,0,0,2,64.0,39.0,voiture,voiture,1,1,1,3,4
202300046221,2023-12-03 21:40:00,2023,12,3,21,40,87,87085,GAMBETTA (BOULEVARD),45.82773,1.25814,Nuit avec éclairage allumé,En agglomération,Intersection en X,Normale,Deux véhicules - côté,4,2,2,0,2,1,1,5,1,30,2,4,2,0,0,2,20.0,40.0,voiture,voiture,5,2,2,1,3
202300046221,2023-12-03 21:40:00,2023,12,3,21,40,87,87085,GAMBETTA (BOULEVARD),45.82773,1.25814,Nuit avec éclairage allumé,En agglomération,Intersection en X,Normale,Deux véhicules - côté,4,2,4,0,2,1,1,0,1,30,2,4,2,0,0,2,20.0,40.0,voiture,voiture,5,2,2,1,3
202300046222,2023-12-03 00:47:00,2023,12,3,0,47,87,87085,GAUTIER (RUE THEOPHILE),45.84543,1.25557,Nuit avec éclairage allumé,En agglomération,Hors intersection,Normale,Sans collision,4,2,2,0,1,1,1,0,1,30,1,1,0,0,0,1,53.0,,deux_roues,,5,2,1,1,7
202300046223,2023-04-04 16:10:00,2023,4,4,16,10,93,93050,Avenue Jean Jaures,48.865392,2.561241,Plein jour,En agglomération,Hors intersection,Normale,Deux véhicules - arrière,3,3,4,0,1,1,1,0,1,50,2,2,1,0,0,1,55.0,38.0,deux_roues,utilitaire_camion,1,2,1,1,2
202300046224,2023-08-30 18:04:00,2023,8,30,18,4,85,85018,la case du dely,46.8781665,-2.058531,Plein jour,Hors agglomération,Intersection en X,Temps éblouissant,Deux véhicules - côté,3,2,2,0,1,1,1,0,1,80,2,3,2,0,1,0,73.0,22.0,deux_roues,voiture,1,1,2,7,3
202300046224,2023-08-30 18:04:00,2023,8,30,18,4,85,85018,la case du dely,46.8781665,-2.058531,Plein jour,Hors agglomération,Intersection en X,Temps éblouissant,Deux véhicules - côté,3,2, -1,-1,1,1,1,0,1,-1,2,3,2,0,1,0,73.0,22.0,deux_roues,voiture,1,1,2,7,3
202300046225,2023-12-05 16:35:00,2023,12,5,16,35,83,83126,GIOVANNINI (CORNICHE PHILIPPE),43.10239,5.90158,Plein jour,En agglomération,Intersection en T,Normale,Deux véhicules - arrière,4,2,1,0,1,1,1,0,1,50,2,2,1,0,1,0,66.0,17.0,deux_roues,autre,1,2,3,1,2
202300046225,2023-12-05 16:35:00,2023,12,5,16,35,83,83126,GIOVANNINI (CORNICHE PHILIPPE),43.10239,5.90158,Plein jour,En agglomération,Intersection en T,Normale,Deux véhicules - arrière,4,2, -1,-1,1,1,1,0,1,-1,2,2,1,0,1,0,66.0,17.0,deux_roues,autre,1,2,3,1,2
202300046226,2023-08-28 15:48:00,2023,8,28,15,48,85,85234,Avenue de baisse,46.77490149,-2.03743815,Plein jour,En agglomération,Hors intersection,Normale,Deux véhicules - côté,4,2,2,0,1,2,1,0,1,50,2,2,0,0,1,1,17.0,16.0,deux_roues,deux_roues,1,2,1,1,3
202300046227,2023-04-03 11:15:00,2023,4,3,11,15,93,93032,Avenue Clovis / Avenue de l'Etoile d'Or,48.88053474,2.56959357,Plein jour,En agglomération,Intersection en T,Normale,Deux véhicules - côté,4,2,2,0,1,1,1,0,1,50,2,2,1,0,0,1,45.0,62.0,voiture,voiture,1,2,3,1,3
202300046227,2023-04-03 11:15:00,2023,4,3,11,15,93,93032,Avenue Clovis / Avenue de l'Etoile d'Or,48.88053474,2.56959357,Plein jour,En agglomération,Intersection en T,Normale,Deux véhicules - côté,4,2,2,0,1,1,1,0,1,50,2,2,1,0,0,1,45.0,62.0,voiture,voiture,1,2,3,1,3
202300046228,2023-02-18 19:00:00,2023,2,18,19,0,74,74012,BONNEVILLE (ROUTE DE),46.18775,6.23593,Crépuscule ou aube,En agglomération,Hors intersection,Normale,Deux véhicules - frontale,4,2,3,0,1,1,1,0,1,50,2,2,1,0,0,1,56.0,21.0,voiture,deux_roues,2,2,1,1,1
202300046229,2023-11-28 16:30:00,2023,11,28,16,30,83,83129,FONT DE FILLOL (RC ET T),43.09835,5.82688,Plein jour,En agglomération,Hors intersection,Normale,Autre collision,6,-1,0,0,1,1,1,9,1,-1,1,2,1,0,1,0,34.0,,voiture,,1,2,1,1,6
202300046230,2023-04-04 17:20:00,2023,4,4,17,20,93,93079,Avenue Jean-baptiste Clément,48.955929,2.338751,Plein jour,En agglomération,Hors intersection,Normale,Autre collision,3,2,2,0,1,1,1,0,1,50,1,2,1,0,0,1,63.0,,voiture,,1,2,1,1,6
202300046231,2023-08-29 19:20:00,2023,8,29,19,20,85,85051,RD 31,46.67409392,-1.02567221,Plein jour,Hors agglomération,Hors intersection,Normale,Deux véhicules - frontale,3,2,2,0,1,1,1,0,1,80,2,3,0,0,0,3,51.0,32.0,voiture,voiture,1,1,1,1,1
202300046232,2023-02-18 18:20:00,2023,2,18,18,20,64,64102,SOULT (AVENUE MARECHAL),43.4869,-1.4867,Plein jour,En agglomération,Hors intersection,Normale,Deux véhicules - arrière,3,3,4,3,1,1,1,0,1,50,2,3,1,0,1,1,47.0,31.0,voiture,deux_roues,1,2,1,1,2
202300046233,2023-08-29 18:40:00,2023,8,29,18,40,87,87187,Rue des Salines,45.506813,1.205996,Plein jour,En agglomération,Hors intersection,Normale,Sans collision,4,2,2,0,2,1,1,0,1,50,1,1,0,0,1,0,64.0,,deux_roues,,1,2,1,1,7
202300046234,2023-12-04 17:30:00,2023,12,4,17,30,79,79191,,46.31146,-0.42586,Nuit sans éclairage public,En agglomération,Hors intersection,Pluie légère,Trois véhicules et plus - collisions multiples,3,2,2,0,1,1,2,0,1,80,3,3,0,0,1,2,24.0,65.0,voiture,voiture,3,2,1,2,5
202300046235,2023-04-03 17:15:00,2023,4,3,17,15,93,93013,Avenue de la Division Leclerc,48.93604,2.42709,Plein jour,En agglomération,Hors intersection,Normale,Deux véhicules - côté,3,2,2,3,1,1,1,0,1,50,2,2,1,0,0,1,17.0,48.0,deux_roues,utilitaire_camion,1,2,1,1,3
202300046236,2023-02-18 12:50:00,2023,2,18,12,50,64,64024,BAYONNE (AVENUE DE),43.48221,-1.5074,Plein jour,En agglomération,Hors intersection,Normale,Deux véhicules - arrière,3,3,4,0,1,1,1,0,1,30,2,2,1,0,0,1,19.0,31.0,deux_roues,voiture,1,2,1,1,2
202300046237,2023-08-19 15:25:00,2023,8,19,15,25,87,87103,Rue du 8 Mai 1945,46.009696,1.17566,Plein jour,En agglomération,Intersection en T,Normale,Deux véhicules - côté,3,2,2,0,1,1,1,0,1,50,2,2,1,0,1,0,83.0,29.0,voiture,deux_roues,1,2,3,1,3
202300046237,2023-08-19 15:25:00,2023,8,19,15,25,87,87103,Rue du 8 Mai 1945,46.009696,1.17566,Plein jour,En agglomération,Intersection en T,Normale,Deux véhicules - côté,3,-1, -1,-1,1,1,-1,0,1,-1,2,2,1,0,1,0,83.0,29.0,voiture,deux_roues,1,2,3,1,3
202300046238,2023-02-18 09:38:00,2023,2,18,9,38,64,64024,Rue de Hardoy,43.49334,-1.50878,Plein jour,En agglomération,Hors intersection,Normale,Autre collision,4,2,2,0,1,1,1,0,1,50,1,2,1,0,0,1,78.0,,voiture,,1,2,1,1,6
202300046239,2023-04-04 18:00:00,2023,4,4,18,0,93,93047,Avenue du Muguet / Avenue Emile Cossonneau,48.89433,2.54959,Plein jour,En agglomération,Intersection en X,Normale,Deux véhicules - côté,4,2,2,0,1,1,1,0,1,50,2,2,1,0,0,1,42.0,26.0,voiture,deux_roues,1,2,2,1,3
202300046239,2023-04-04 18:00:00,2023,4,4,18,0,93,93047,Avenue du Muguet / Avenue Emile Cossonneau,48.89433,2.54959,Plein jour,En agglomération,Intersection en X,Normale,Deux véhicules - côté,4,2,2,0,1,1,1,0,1,50,2,2,1,0,0,1,42.0,26.0,voiture,deux_roues,1,2,2,1,3
202300046240,2023-12-05 16:45:00,2023,12,5,16,45,78,78650,CARNOT (BOULEVARD),48.89666,2.11992,Plein jour,En agglomération,Intersection en X,Normale,Deux véhicules - côté,3,2,2,0,1,1,1,0,1,50,2,2,1,0,0,1,24.0,18.0,transport_commun,deux_roues,1,2,2,1,3
202300046240,2023-12-05 16:45:00,2023,12,5,16,45,78,78650,CARNOT (BOULEVARD),48.89666,2.11992,Plein jour,En agglomération,Intersection en X,Normale,Deux véhicules - côté,3,1, -1,-1,1,1,1,0,1,-1,2,2,1,0,0,1,24.0,18.0,transport_commun,deux_roues,1,2,2,1,3
202300046241,2023-08-29 14:00:00,2023,8,29,14,0,68,68375,Route du Wahlweg,47.787758,7.233129,Plein jour,En agglomération,Hors intersection,Normale,Deux véhicules - arrière,4,2,2,0,1,1,1,0,1,70,2,2,1,0,1,0,56.0,38.0,voiture,utilitaire_camion,1,2,1,1,2
202300046242,2023-04-03 19:20:00,2023,4,3,19,20,92,92036,GENERAL DE GAULLE (AVENUE) (PAIRS),48.93374411,2.31347367,Plein jour,En agglomération,Intersection en T,Normale,Deux véhicules - côté,3,2,2,0,1,1,1,0,1,50,2,2,1,0,0,1,22.0,56.0,voiture,utilitaire_camion,1,2,3,1,3
202300046242,2023-04-03 19:20:00,2023,4,3,19,20,92,92036,GENERAL DE GAULLE (AVENUE) (PAIRS),48.93374411,2.31347367,Plein jour,En agglomération,Intersection en T,Normale,Deux véhicules - côté,3,2, -1,0,1,1,1,0,1,50,2,2,1,0,0,1,22.0,56.0,voiture,utilitaire_camion,1,2,3,1,3
202300046243,2023-02-17 20:15:00,2023,2,17,20,15,59,59392,AVESNES (ROUTE D'),50.27153363,3.97045147,Nuit avec éclairage allumé,En agglomération,Intersection en T,Pluie légère,Autre collision,3,2,2,0,4,1,2,0,1,50,1,3,1,0,2,0,72.0,,voiture,,5,2,3,2,6
202300046243,2023-02-17 20:15:00,2023,2,17,20,15,59,59392,AVESNES (ROUTE D'),50.27153363,3.97045147,Nuit avec éclairage allumé,En agglomération,Intersection en T,Pluie légère,Autre collision,3,2,2,0,4,1,2,0,8,50,1,3,1,0,2,0,72.0,,voiture,,5,2,3,2,6
202300046244,2023-10-24 13:30:00,2023,10,24,13,30,78,78621,FRERES LUMIERE (AVENUE DES),48.764328,2.000735,Plein jour,Hors agglomération,Intersection en T,Normale,Deux véhicules - côté,4,2,2,0,1,1,1,0,1,50,2,2,1,1,0,0,19.0,33.0,deux_roues,utilitaire_camion,1,1,3,1,3
202300046244,2023-10-24 13:30:00,2023,10,24,13,30,78,78621,FRERES LUMIERE (AVENUE DES),48.764328,2.000735,Plein jour,Hors agglomération,Intersection en T,Normale,Deux véhicules - côté,4,2,2,0,1,1,1,0,1,50,2,2,1,1,0,0,19.0,33.0,deux_roues,utilitaire_camion,1,1,3,1,3
202300046245,2023-08-30 13:30:00,2023,8,30,13,30,05,05103,Autoroute A51 - PK.127,44.283523,5.899422,Plein jour,Hors agglomération,Hors intersection,Normale,Autre collision,1,3,4,0,1,1,1,0,2,130,1,2,0,0,1,1,25.0,,voiture,,1,1,1,1,6
202300046246,2023-02-18 18:40:00,2023,2,18,18,40,59,59560,BOUVRY ROGER RUE,50.54971,3.02935,Nuit avec éclairage allumé,En agglomération,Hors intersection,Normale,Deux véhicules - côté,7,2,2,0,1,1,1,0,1,30,2,2,1,0,0,1,22.0,20.0,utilitaire_camion,deux_roues,5,2,1,1,3
202300046247,2023-12-05 21:05:00,2023,12,5,21,5,77,77337,PIERRE MENDES FRANCE (AVENUE),48.84102,2.61385,Nuit avec éclairage allumé,En agglomération,Hors intersection,Normale,Deux véhicules - côté,4,2,2,0,1,1,2,6,1,50,2,2,1,0,0,1,30.0,35.0,voiture,deux_roues,5,2,1,1,3
202300046248,2023-04-04 09:30:00,2023,4,4,9,30,92,92024,GENERAL LECLERC (RUE DU) DE (59 ET PLUS),48.90367135,2.311977,Plein jour,En agglomération,Intersection en T,Normale,Sans collision,3,2,3,1,1,1,1,0,1,50,2,2,1,0,0,1,29.0,32.0,voiture,deux_roues,1,2,3,1,7
202300046248,2023-04-04 09:30:00,2023,4,4,9,30,92,92024,GENERAL LECLERC (RUE DU) DE (59 ET PLUS),48.90367135,2.311977,Plein jour,En agglomération,Intersection en T,Normale,Sans collision,3,1,1,0,1,1,1,0,1,30,2,2,1,0,0,1,29.0,32.0,voiture,deux_roues,1,2,3,1,7
202300046249,2023-08-29 17:33:00,2023,8,29,17,33,01,01228,"A40, PK127+400, sens 2 (Macon-Geneve)",46.132921,5.522132,Plein jour,Hors agglomération,Hors intersection,Temps couvert,Autre collision,1,3,2,3,2,4,1,0,1,110,1,2,0,0,0,2,22.0,,voiture,,1,1,1,8,6
202300046250,2023-04-04 19:15:00,2023,4,4,19,15,92,92004,DOCTEUR DERVAUX  ( QUAI DU ),48.907937,2.292544,Plein jour,En agglomération,Autre intersection,Normale,Sans collision,3,1,4,0,1,1,1,0,1,70,1,1,0,0,0,1,32.0,,deux_roues,,1,2,9,1,7
202300046251,2023-02-18 16:55:00,2023,2,18,16,55,54,54328,BAS DE LA COTE (RUE DU),48.61417,6.16203,Plein jour,En agglomération,Hors intersection,Normale,Sans collision,4,4,1,0,4,1,1,0,1,30,2,2,1,0,1,0,56.0,58.0,voiture,deux_roues,1,2,1,1,7
202300046252,2023-12-04 18:00:00,2023,12,4,18,0,77,77449,CRS DE L ELBE,48.85704,2.78573,Nuit avec éclairage allumé,En agglomération,Hors intersection,Pluie forte,Autre collision,4,2,1,0,1,1,2,0,1,50,1,2,1,0,0,1,36.0,,voiture,,5,2,1,3,6
202300046253,2023-08-29 18:55:00,2023,8,29,18,55,34,34337,d116,43.524857,3.837812,Plein jour,Hors agglomération,Hors intersection,Normale,Deux véhicules - frontale,3,2,2,0,1,1,1,0,1,80,2,2,1,0,0,1,60.0,50.0,voiture,deux_roues,1,1,1,1,1
202300046254,2023-02-18 05:25:00,2023,2,18,5,25,42,42187,Boulevard Baron du Marais,46.0401,4.06352,Nuit sans éclairage public,En agglomération,Giratoire,Normale,Autre collision,4,2,2,0,1,1,1,5,8,30,1,1,0,0,0,1,28.0,,voiture,,3,2,6,1,6
202300046255,2023-03-30 18:40:00,2023,3,30,18,40,92,92004,GRESILLONS ( AVENUE DES  ),48.91617241,2.30461903,Plein jour,En agglomération,Hors intersection,Normale,Autre collision,3,-1,1,0,1,1,1,0,1,50,1,2,1,0,0,1,29.0,,autre,,1,2,1,1,6
202300046256,2023-12-05 03:25:00,2023,12,5,3,25,77,77131,D402,48.81332,3.07873,Nuit avec éclairage allumé,En agglomération,Hors intersection,Pluie légère,Autre collision,3,-1,2,0,1,1,2,0,4,50,1,2,0,0,0,2,20.0,,voiture,,5,2,1,2,6
202300046257,2023-08-29 14:00:00,2023,8,29,14,0,971,97103,RN1 sortie Destreland,16.251975,-61.586308,Plein jour,En agglomération,Hors intersection,Normale,Trois véhicules et plus - en chaîne,2,1,2,0,1,1,1,3,1,90,3,3,2,0,0,1,51.0,26.0,utilitaire_camion,utilitaire_camion,1,2,1,1,4
202300046258,2023-04-04 18:50:00,2023,4,4,18,50,92,92002,DIVISION LECLERC (53 A 217 - 58 A 186),48.74214,2.30271,Crépuscule ou aube,En agglomération,Autre intersection,Normale,Deux véhicules - arrière,3,2,0,0,2,1,1,0,1,50,2,3,2,0,0,1,26.0,54.0,voiture,voiture,2,2,9,1,2
202300046259,2023-12-05 08:25:00,2023,12,5,8,25,76,76351,DENIS PAPIN (PONT),49.49459,0.13801,Plein jour,En agglomération,Hors intersection,Pluie légère,Sans collision,4,2,2,0,2,1,2,2,1,50,1,1,0,0,0,1,26.0,,deux_roues,,1,2,1,2,7
202300046260,2023-02-18 06:00:00,2023,2,18,6,0,42,42095,Rue de la République,45.39319919,4.29535939,Nuit avec éclairage allumé,En agglomération,Hors intersection,Normale,Deux véhicules - côté,7,2,2,0,1,1,1,0,1,50,2,5,3,0,0,2,20.0,41.0,voiture,voiture,5,2,1,1,3
202300046261,2023-08-29 07:00:00,2023,8,29,7,0,971,97124,Rue Joseph Pitat,16.016712,-61.708207,Plein jour,En agglomération,Intersection en T,Normale,Deux véhicules - côté,2,1,2,0,2,1,1,0,1,50,2,2,1,0,0,1,57.0,67.0,deux_roues,voiture,1,2,3,1,3
202300046261,2023-08-29 07:00:00,2023,8,29,7,0,971,97124,Rue Joseph Pitat,16.016712,-61.708207,Plein jour,En agglomération,Intersection en T,Normale,Deux véhicules - côté,2,2,2,0,2,1,1,0,1,50,2,2,1,0,0,1,57.0,67.0,deux_roues,voiture,1,2,3,1,3