accident_id,datetime,annee,mois,jour,heure,minute,departement,commune_insee,adresse,latitude,longitude,luminosite,agglomeration,intersection,meteo,collision,catr,circ,nbv,vosp,prof,plan,surf,infra,situ,vma,nb_vehicules,nb_usagers,nb_indemnes,nb_tues,nb_blesses_hosp,nb_blesses_legers,age_cond_1,age_cond_2,veh_type_cond_1,veh_type_cond_2,lum_code,agg_code,int_code,atm_code,col_code
202300046262,2023-04-04 19:10:00,2023,4,4,19,10,51,51455,D58,48.72207,4.668717,Crépuscule ou aube,Hors agglomération,Hors intersection,Normale,Deux véhicules - côté,3,2,2,0,1,1,1,4,6,90,2,2,1,0,0,1,53.0,26.0,transport_commun,voiture,2,1,1,1,3
202300046263,2023-12-05 17:10:00,2023,12,5,17,10,70,70550,GIRARDOT (RUE DU COMMANDANT),47.61824,6.154088,Crépuscule ou aube,En agglomération,Intersection en T,Pluie légère,Autre collision,2,2,2,0,1,1,2,0,1,30,1,2,0,0,1,1,15.0,,deux_roues,,2,2,3,2,6
202300046263,2023-12-05 17:10:00,2023,12,5,17,10,70,70550,GIRARDOT (RUE DU COMMANDANT),47.61824,6.154088,Crépuscule ou aube,En agglomération,Intersection en T,Pluie légère,Autre collision,2,1, -1,-1,1,1,2,0,1,-1,1,2,0,0,1,1,15.0,,deux_roues,,2,2,3,2,6
202300046264,2023-02-18 03:35:00,2023,2,18,3,35,38,38158,N87,45.15307,5.74154,Nuit sans éclairage public,Hors agglomération,Hors intersection,Normale,Deux véhicules - arrière,2,1,2,0,1,1,1,0,1,90,2,2,1,0,0,1,53.0,21.0,deux_roues,voiture,3,1,1,1,2
202300046265,2023-08-29 17:30:00,2023,8,29,17,30,77,77171,Avenue Charles de Gaulle,48.896391,2.810553,Plein jour,En agglomération,Hors intersection,Normale,Sans collision,3,2,2,0,2,1,1,0,1,50,1,2,1,0,0,1,35.0,,deux_roues,,1,2,1,1,7
202300046266,2023-04-04 19:40:00,2023,4,4,19,40,41,41150,Route de Blois,47.562551,1.441703,Plein jour,En agglomération,Hors intersection,Normale,Deux véhicules - arrière,3,2,2,0,1,1,1,0,1,70,2,2,1,0,0,1,38.0,49.0,voiture,voiture,1,2,1,1,2
202300046267,2023-08-29 08:20:00,2023,8,29,8,20,77,77529,D21,48.822279,2.875969,Plein jour,Hors agglomération,Hors intersection,Normale,Autre collision,3,2,2,0,1,2,1,0,3,80,1,1,0,0,0,1,53.0,,deux_roues,,1,1,1,1,6
202300046268,2023-02-18 12:10:00,2023,2,18,12,10,37,37261,WAGNER (BOULEVARD RICHARD),47.37692,0.71358,Plein jour,En agglomération,Intersection en T,Temps couvert,Autre collision,4,2,3,2,2,1,1,5,1,50,1,2,1,0,0,1,22.0,,utilitaire_camion,,1,2,3,8,6
202300046268,2023-02-18 12:10:00,2023,2,18,12,10,37,37261,WAGNER (BOULEVARD RICHARD),47.37692,0.71358,Plein jour,En agglomération,Intersection en T,Temps couvert,Autre collision,4,2,5,0,2,1,1,5,1,50,1,2,1,0,0,1,22.0,,utilitaire_camion,,1,2,3,8,6
202300046269,2023-12-04 05:20:00,2023,12,4,5,20,67,67482,RHIN (AVENUE DU),48.57296,7.78798,Nuit avec éclairage allumé,En agglomération,Hors intersection,Temps couvert,Deux véhicules - arrière,4,3,4,0,1,2,1,0,1,50,2,5,4,0,0,1,22.0,25.0,voiture,voiture,5,2,1,8,2
202300046270,2023-08-28 15:15:00,2023,8,28,15,15,13,13094,D32,43.813411,4.751565,Plein jour,Hors agglomération,Hors intersection,Normale,Sans collision,3,2,1,0,1,1,1,0,3,80,1,1,0,1,0,0,71.0,,voiture,,1,1,1,1,7
202300046271,2023-04-04 06:45:00,2023,4,4,6,45,17,17142,Rue Jacques Archambault,46.1902,-1.071736,Crépuscule ou aube,En agglomération,Intersection en T,Normale,Deux véhicules - côté,2,2,2,0,1,1,1,0,1,30,2,3,2,0,1,0,42.0,44.0,deux_roues,utilitaire_camion,2,2,3,1,3
202300046271,2023-04-04 06:45:00,2023,4,4,6,45,17,17142,Rue Jacques Archambault,46.1902,-1.071736,Crépuscule ou aube,En agglomération,Intersection en T,Normale,Deux véhicules - côté,2,1,1,-1,1,1,1,3,1,70,2,3,2,0,1,0,42.0,44.0,deux_roues,utilitaire_camion,2,2,3,1,3
202300046272,2023-02-18 13:55:00,2023,2,18,13,55,35,35238,SUEDE (DE),48.08674387,-1.67604402,Plein jour,En agglomération,Hors intersection,Normale,Autre collision,4,2,2,0,1,1,1,0,1,50,1,2,1,0,0,1,31.0,,voiture,,1,2,1,1,6
202300046273,2023-12-04 18:00:00,2023,12,4,18,0,66,66136,PALAIS-DES-EXPO (AVENUE DU),42.70528,2.89464,Crépuscule ou aube,En agglomération,Intersection en T,Normale,Autre collision,4,1,1,0,1,1,1,0,1,50,1,2,1,0,0,1,,,voiture,,2,2,3,1,6
202300046273,2023-12-04 18:00:00,2023,12,4,18,0,66,66136,PALAIS-DES-EXPO (AVENUE DU),42.70528,2.89464,Crépuscule ou aube,En agglomération,Intersection en T,Normale,Autre collision,4,2,2,0,1,1,1,0,1,50,1,2,1,0,0,1,,,voiture,,2,2,3,1,6
202300046274,2023-02-17 07:45:00,2023,2,17,7,45,34,34301,4 Rue du Football,43.41082,3.677016,Crépuscule ou aube,En agglomération,Autre intersection,Brouillard / fumée,Deux véhicules - côté,4,1,1,0,1,1,1,0,1,50,2,2,1,0,1,0,13.0,56.0,deux_roues,deux_roues,2,2,9,5,3
202300046275,2023-08-28 15:50:00,2023,8,28,15,50,67,67529,D94,48.70755495,7.84915646,Plein jour,Hors agglomération,Hors intersection,Normale,Trois véhicules et plus - en chaîne,3,2,2,0,1,1,1,0,1,80,3,5,1,0,0,4,33.0,26.0,utilitaire_camion,voiture,1,1,1,1,4
202300046276,2023-04-04 12:05:00,2023,4,4,12,5,26,26009,32 RN7 Creux de la Thine,45.260085,4.823214,Plein jour,En agglomération,Hors intersection,Normale,Deux véhicules - arrière,2,2,2,0,1,1,1,9,1,50,2,3,0,0,0,3,58.0,38.0,voiture,utilitaire_camion,1,2,1,1,2
202300046277,2023-12-05 19:40:00,2023,12,5,19,40,64,64545,RD810,43.37559,-1.67756,Nuit avec éclairage allumé,Hors agglomération,Autre intersection,Pluie légère,Deux véhicules - frontale,3,2, -1,-1,2,1,2,0,1,-1,2,2,0,0,0,2,21.0,38.0,voiture,voiture,5,1,9,2,1
202300046277,2023-12-05 19:40:00,2023,12,5,19,40,64,64545,RD810,43.37559,-1.67756,Nuit avec éclairage allumé,Hors agglomération,Autre intersection,Pluie légère,Deux véhicules - frontale,3,2,2,0,1,1,2,0,1,50,2,2,0,0,0,2,21.0,38.0,voiture,voiture,5,1,9,2,1
202300046278,2023-04-05 17:00:00,2023,4,5,17,0,42,42320,Route de Saint Romain,45.55232,4.521866,Plein jour,Hors agglomération,Hors intersection,Normale,Autre collision,7,2,2,0,2,3,1,0,8,80,1,2,0,0,0,2,59.0,,utilitaire_camion,,1,1,1,1,6
202300046279,2023-02-18 20:30:00,2023,2,18,20,30,33,33249,Avenue Carnot,44.86556,-0.51482,Nuit avec éclairage allumé,En agglomération,Hors intersection,Normale,Trois véhicules et plus - collisions multiples,4,3,4,1,1,1,1,0,1,50,3,3,2,0,0,1,39.0,33.0,voiture,deux_roues,5,2,1,1,5
202300046280,2023-08-29 17:50:00,2023,8,29,17,50,79,79042,,46.377654,-0.07959,Plein jour,Hors agglomération,Hors intersection,Normale,Sans collision,3,2,2,0,4,2,1,0,3,80,1,2,0,1,1,0,34.0,,voiture,,1,1,1,1,7
202300046281,2023-04-04 16:40:00,2023,4,4,16,40,62,62230,D224,50.74189321,1.82153986,Plein jour,En agglomération,Hors intersection,Normale,Deux véhicules - arrière,3,2,2,0,1,1,1,0,1,50,2,2,1,0,1,0,17.0,59.0,deux_roues,voiture,1,2,1,1,2
202300046282,2023-08-26 22:30:00,2023,8,26,22,30,86,86115,D62,46.68413,0.35547,Nuit sans éclairage public,En agglomération,Hors intersection,Normale,Sans collision,3,2,2,0,1,1,1,0,8,50,1,1,0,0,0,1,21.0,,deux_roues,,3,2,1,1,7
202300046283,2023-02-17 17:25:00,2023,2,17,17,25,31,31555,30 PONTS JUMEAUX  (PERIPH OUEST A620),43.60896,1.41199,Plein jour,Hors agglomération,Hors intersection,Normale,Deux véhicules - arrière,1,1,4,0,1,1,1,2,1,90,2,2,1,0,1,0,33.0,49.0,deux_roues,voiture,1,1,1,1,2
202300046284,2023-12-05 18:50:00,2023,12,5,18,50,64,64284,RAUSKI,43.26935,-0.38916,Nuit avec éclairage allumé,En agglomération,Hors intersection,Normale,Trois véhicules et plus - en chaîne,2,2,2,0,1,1,1,0,1,50,5,5,3,0,0,2,76.0,42.0,voiture,voiture,5,2,1,1,4
202300046285,2023-08-30 11:20:00,2023,8,30,11,20,50,50041,herquemoulin rd403,49.661933,-1.86906,Plein jour,Hors agglomération,Hors intersection,Normale,Autre collision,3,2,2,0,2,4,1,0,8,80,1,1,0,1,0,0,33.0,,deux_roues,,1,1,1,1,6
202300046286,2023-04-05 17:29:00,2023,4,5,17,29,2B,2B299,Caldane,42.427773,9.4276,Plein jour,Hors agglomération,Hors intersection,Normale,Autre collision,3,2,2,0,4,1,1,0,3,50,1,1,0,0,1,0,52.0,,deux_roues,,1,1,1,1,6
202300046287,2023-02-18 19:50:00,2023,2,18,19,50,30,30028,Route d'Avignon,44.15597449,4.63786161,Nuit avec éclairage allumé,En agglomération,Hors intersection,Normale,Trois véhicules et plus - collisions multiples,2,2,2,0,1,1,1,0,1,70,3,4,0,0,2,2,57.0,22.0,voiture,voiture,5,2,1,1,5
202300046288,2023-07-28 16:45:00,2023,7,28,16,45,35,35228,D168,48.588446,-2.11843,Plein jour,Hors agglomération,Intersection en Y,Normale,Deux véhicules - côté,3,2,2,0,2,3,1,0,1,70,2,2,1,0,1,0,53.0,32.0,deux_roues,voiture,1,1,4,1,3
202300046288,2023-07-28 16:45:00,2023,7,28,16,45,35,35228,D168,48.588446,-2.11843,Plein jour,Hors agglomération,Intersection en Y,Normale,Deux véhicules - côté,3,2,2,-1,3,3,1,0,1,80,2,2,1,0,1,0,53.0,32.0,deux_roues,voiture,1,1,4,1,3
202300046289,2023-12-05 18:15:00,2023,12,5,18,15,64,64445,DUFAU,43.31101,-0.36322,Nuit avec éclairage allumé,En agglomération,Hors intersection,Normale,Deux véhicules - côté,4,1,2,1,1,1,1,-1,1,50,2,2,0,1,0,1,22.0,76.0,deux_roues,voiture,5,2,1,1,3
202300046290,2023-08-30 15:00:00,2023,8,30,15,0,35,35001,14 Rue Saint-Exupéry,48.136007,-1.541447,Plein jour,En agglomération,Hors intersection,Normale,Deux véhicules - côté,4,2,2,0,1,2,1,0,4,50,2,2,0,0,1,1,14.0,68.0,deux_roues,voiture,1,2,1,1,3
202300046291,2023-02-17 17:50:00,2023,2,17,17,50,29,29039,Kerose,47.87424,-3.90526,Plein jour,En agglomération,Intersection en X,Normale,Deux véhicules - frontale,3,2,2,0,2,1,1,0,1,50,2,2,0,0,0,2,74.0,88.0,voiture,voiture,1,2,2,1,1
202300046291,2023-02-17 17:50:00,2023,2,17,17,50,29,29039,Kerose,47.87424,-3.90526,Plein jour,En agglomération,Intersection en X,Normale,Deux véhicules - frontale,3,2,2,0,1,1,1,5,1,50,2,2,0,0,0,2,74.0,88.0,voiture,voiture,1,2,2,1,1
202300046292,2023-12-05 15:35:00,2023,12,5,15,35,64,64445,EUROPE DE L',43.33005,-0.35525,Plein jour,En agglomération,Giratoire,Temps couvert,Deux véhicules - arrière,3,1,2,0,1,3,2,0,1,50,2,2,1,0,0,1,24.0,56.0,voiture,deux_roues,1,2,6,8,2
202300046293,2023-08-23 12:53:00,2023,8,23,12,53,27,27022,Rue de la Chartreuse,49.16992,1.349376,Plein jour,En agglomération,Hors intersection,Normale,Deux véhicules - côté,3,2,2,1,1,1,1,0,1,30,2,2,1,0,0,1,27.0,64.0,deux_roues,utilitaire_camion,1,2,1,1,3
202300046294,2023-02-17 20:25:00,2023,2,17,20,25,19,19275,NEUVIC (ROUTE DE),45.5641841,2.29991913,Nuit sans éclairage public,Hors agglomération,Hors intersection,Normale,Trois véhicules et plus - collisions multiples,3,2,2,0,1,1,1,0,1,70,3,4,3,0,0,1,28.0,27.0,utilitaire_camion,voiture,3,1,1,1,5
202300046295,2023-12-05 09:45:00,2023,12,5,9,45,64,64129,PIEDMONT DU,43.30559,-0.40112,Plein jour,En agglomération,Intersection en T,Pluie légère,Deux véhicules - côté,4,2,2,0,1,1,2,0,1,50,2,2,1,0,0,1,46.0,87.0,utilitaire_camion,voiture,1,2,3,2,3
202300046295,2023-12-05 09:45:00,2023,12,5,9,45,64,64129,PIEDMONT DU,43.30559,-0.40112,Plein jour,En agglomération,Intersection en T,Pluie légère,Deux véhicules - côté,4,3,2,0,1,1,2,0,1,50,2,2,1,0,0,1,46.0,87.0,utilitaire_camion,voiture,1,2,3,2,3
202300046296,2023-08-30 15:11:00,2023,8,30,15,11,02,02381,48 Rue Charles de Gaulle,49.921968,4.083186,Plein jour,En agglomération,Intersection en Y,Normale,Deux véhicules - côté,4,1, -1,-1,1,1,1,0,1,-1,2,2,1,0,0,1,53.0,15.0,voiture,deux_roues,1,2,4,1,3
202300046296,2023-08-30 15:11:00,2023,8,30,15,11,02,02381,48 Rue Charles de Gaulle,49.921968,4.083186,Plein jour,En agglomération,Intersection en Y,Normale,Deux véhicules - côté,4,2,2,0,2,1,1,0,1,50,2,2,1,0,0,1,53.0,15.0,voiture,deux_roues,1,2,4,1,3
202300046297,2023-02-17 20:40:00,2023,2,17,20,40,18,18279,25 Rue Gourdon,47.22453,2.06555,Nuit avec éclairage allumé,En agglomération,Hors intersection,Normale,Autre collision,4,2,1,0,2,1,1,0,1,50,1,2,1,0,0,1,50.0,,voiture,,5,2,1,1,6
202300046298,2023-11-29 17:10:00,2023,11,29,17,10,62,62250,D919,50.44791881,2.94403142,Nuit sans éclairage public,En agglomération,Hors intersection,Normale,Autre collision,3,-1,2,0,1,1,1,0,1,50,1,1,0,0,0,1,,,,,3,2,1,1,6
202300046299,2023-08-29 20:05:00,2023,8,29,20,5,13,13022,A50-Sens Toulon vers Aubagne,43.2188,5.5814,Plein jour,Hors agglomération,Hors intersection,Normale,Deux véhicules - arrière,1,3,3,0,4,1,1,0,1,90,2,3,2,0,0,1,41.0,21.0,voiture,voiture,1,1,1,1,2
202300046300,2023-12-02 14:30:00,2023,12,2,14,30,62,62510,D58,50.42288,2.77694,Plein jour,Hors agglomération,Hors intersection,Normale,Autre collision,3,3,0,0,1,1,1,0,1,70,1,3,1,0,0,2,42.0,,voiture,,1,1,1,1,6
202300046301,2023-04-05 07:00:00,2023,4,5,7,0,71,71133,Route de gothard,46.285683,4.298894,Crépuscule ou aube,En agglomération,Hors intersection,Normale,Deux véhicules - côté,3,2,2,0,1,1,1,0,1,50,2,2,1,0,1,0,23.0,49.0,deux_roues,utilitaire_camion,2,2,1,1,3
202300046302,2023-08-29 09:35:00,2023,8,29,9,35,13,13214,A7-Sens Lyon vers Marseille,43.3378419,5.37676383,Plein jour,Hors agglomération,Hors intersection,Normale,Deux véhicules - arrière,1,-1,3,0,1,1,1,0,1,90,2,2,1,0,0,1,35.0,28.0,voiture,deux_roues,1,1,1,1,2
202300046303,2023-12-02 22:05:00,2023,12,2,22,5,62,62464,D39,50.48710283,2.80118369,Nuit avec éclairage allumé,Hors agglomération,Hors intersection,Temps couvert,Autre collision,3,2,2,0,1,1,1,0,3,50,1,2,1,0,1,0,18.0,,voiture,,5,1,1,8,6
202300046304,2023-03-18 20:25:00,2023,3,18,20,25,71,71324,D69,46.746294,4.66176,Nuit sans éclairage public,Hors agglomération,Hors intersection,Normale,Sans collision,3,2,2,0,1,3,1,0,1,80,1,2,0,0,0,2,17.0,,deux_roues,,3,1,1,1,7
202300046305,2023-08-28 13:55:00,2023,8,28,13,55,83,83144,A57,43.13301051,5.98331823,Plein jour,Hors agglomération,Hors intersection,Normale,Deux véhicules - arrière,1,1,2,0,1,1,1,0,1,70,2,2,1,0,0,1,32.0,24.0,utilitaire_camion,voiture,1,1,1,1,2
202300046306,2023-04-04 18:20:00,2023,4,4,18,20,49,49331,Rue Georges Bachelot,47.69843,-0.960698,Plein jour,En agglomération,Hors intersection,Normale,Autre collision,3,2,2,0,2,1,1,6,1,50,1,2,1,0,0,1,40.0,,voiture,,1,2,1,1,6
202300046307,2023-12-05 10:55:00,2023,12,5,10,55,61,61001,VC,48.42555,0.0631,Plein jour,En agglomération,Giratoire,Pluie légère,Deux véhicules - côté,4,2,2,0,1,3,2,0,1,30,2,2,1,0,0,1,63.0,25.0,deux_roues,utilitaire_camion,1,2,6,2,3
202300046307,2023-12-05 10:55:00,2023,12,5,10,55,61,61001,VC,48.42555,0.0631,Plein jour,En agglomération,Giratoire,Pluie légère,Deux véhicules - côté,4,2,2,0,1,1,2,0,1,30,2,2,1,0,0,1,63.0,25.0,deux_roues,utilitaire_camion,1,2,6,2,3
202300046308,2023-08-29 17:20:00,2023,8,29,17,20,92,92002,AUTOROUTE A86,48.76265903,2.30300964,Plein jour,Hors agglomération,Hors intersection,Normale,Deux véhicules - côté,1,2,4,0,1,1,1,0,1,90,2,2,1,0,0,1,34.0,26.0,voiture,deux_roues,1,1,1,1,3
202300046309,2023-04-03 09:00:00,2023,4,3,9,0,12,12307,D199,44.186297,2.83812,Plein jour,Hors agglomération,Hors intersection,Normale,Autre collision,3,2,2,0,1,1,1,0,3,90,1,1,0,0,1,0,71.0,,voiture,,1,1,1,1,6
202300046310,2023-08-29 02:53:00,2023,8,29,2,53,91,91340,RN 104,48.60938,2.43948,Nuit avec éclairage non allumé,Hors agglomération,Hors intersection,Normale,Sans collision,2,-1,4,0,1,1,1,0,1,110,1,1,0,0,0,1,24.0,,voiture,,4,1,1,1,7
202300046311,2023-12-05 11:35:00,2023,12,5,11,35,61,61001,D438,48.44443,0.09915,Plein jour,En agglomération,Giratoire,Pluie légère,Deux véhicules - côté,3,2,2,2,1,1,2,0,1,50,2,2,1,0,0,1,82.0,22.0,voiture,deux_roues,1,2,6,2,3
202300046311,2023-12-05 11:35:00,2023,12,5,11,35,61,61001,D438,48.44443,0.09915,Plein jour,En agglomération,Giratoire,Pluie légère,Deux véhicules - côté,3,2,2,0,1,1,2,0,1,30,2,2,1,0,0,1,82.0,22.0,voiture,deux_roues,1,2,6,2,3
202300046312,2023-04-02 19:00:00,2023,4,2,19,0,68,68067,Courtavon,47.460543,7.209719,Plein jour,Hors agglomération,Hors intersection,Normale,Sans collision,9,-1,1,0,1,1,9,9,8,-1,1,2,1,0,0,1,50.0,,deux_roues,,1,1,1,1,7
202300046313,2023-12-05 18:56:00,2023,12,5,18,56,59,59350,EUGENE IMBERT DE LA PHALECQUE,50.63342468,2.98894364,Nuit avec éclairage non allumé,En agglomération,Hors intersection,Temps couvert,Autre collision,4,2,3,0,1,1,2,0,1,50,1,3,2,0,0,1,64.0,,voiture,,4,2,1,8,6
202300046314,2023-08-28 18:15:00,2023,8,28,18,15,92,92036,A86,48.93699329,2.29326176,Plein jour,Hors agglomération,Hors intersection,Normale,Trois véhicules et plus - en chaîne,1,-1,2,0,2,1,1,0,1,90,4,5,4,0,0,1,50.0,26.0,utilitaire_camion,voiture,1,1,1,1,4
202300046315,2023-08-28 17:30:00,2023,8,28,17,30,93,93005,AUTOROUTE A1,48.96072159,2.46789896,Plein jour,Hors agglomération,Hors intersection,Normale,Deux véhicules - côté,1,3,2,0,1,1,1,0,1,90,2,2,1,0,0,1,31.0,,deux_roues,voiture,1,1,1,1,3
202300046316,2023-12-02 12:19:00,2023,12,2,12,19,57,57672,ALBERT 1ER (AVENUE) - IMPAIR,49.36512,6.16853,Plein jour,En agglomération,Hors intersection,Normale,Autre collision,4,2,2,0,1,1,1,0,1,50,1,2,1,0,1,0,54.0,,voiture,,1,2,1,1,6
202300046317,2023-08-28 16:40:00,2023,8,28,16,40,93,93010,AUTOROUTE A3,48.90396716,2.47131617,Plein jour,Hors agglomération,Hors intersection,Normale,Deux véhicules - côté,1,3,8,0,1,1,1,0,1,90,2,2,1,0,0,1,63.0,17.0,utilitaire_camion,deux_roues,1,1,1,1,3
202300046318,2023-08-28 04:30:00,2023,8,28,4,30,93,93007,AUTOROUTE A1,48.94801,2.44503,Nuit avec éclairage allumé,Hors agglomération,Hors intersection,Normale,Sans collision,1,3,4,0,1,1,1,1,1,110,1,1,0,0,0,1,56.0,,deux_roues,,5,1,1,1,7
202300046319,2023-12-04 14:00:00,2023,12,4,14,0,54,54395,Boulevard d'Haussonville,48.67276483,6.16495013,Plein jour,En agglomération,Hors intersection,Normale,Deux véhicules - arrière,4,2,2,2,1,1,2,0,1,50,2,2,1,0,0,1,23.0,46.0,deux_roues,voiture,1,2,1,1,2
202300046320,2023-08-29 14:35:00,2023,8,29,14,35,94,94052,A86,48.84027522,2.49328165,Plein jour,Hors agglomération,Hors intersection,Normale,Deux véhicules - arrière,1,1,3,0,1,1,1,1,1,90,2,2,1,0,0,1,25.0,32.0,deux_roues,voiture,1,1,1,1,2
202300046321,2023-08-28 06:30:00,2023,8,28,6,30,94,94069,A4,48.81737184,2.4349508,Crépuscule ou aube,Hors agglomération,Hors intersection,Normale,Autre collision,1,3,4,0,1,1,1,0,1,90,1,1,0,0,0,1,56.0,,voiture,,2,1,1,1,6
202300046322,2023-12-05 19:20:00,2023,12,5,19,20,54,54099,Rue de Lorraine,49.249543,5.953625,Nuit avec éclairage allumé,En agglomération,Giratoire,Pluie légère,Deux véhicules - frontale,3,-1,2,0,1,1,2,9,1,50,2,2,1,0,0,1,55.0,61.0,voiture,voiture,5,2,6,2,1
202300046322,2023-12-05 19:20:00,2023,12,5,19,20,54,54099,Rue de Lorraine,49.249543,5.953625,Nuit avec éclairage allumé,En agglomération,Giratoire,Pluie légère,Deux véhicules - frontale,3,-1,2,0,1,1,2,0,1,50,2,2,1,0,0,1,55.0,61.0,voiture,voiture,5,2,6,2,1
202300046323,2023-05-24 08:00:00,2023,5,24,8,0,13,13039,RN 568,43.46197,4.91996,Plein jour,Hors agglomération,Giratoire,Normale,Deux véhicules - arrière,2,2,2,0,1,1,1,0,1,50,2,5,2,0,0,3,32.0,52.0,voiture,utilitaire_camion,1,1,6,1,2
202300046323,2023-05-24 08:00:00,2023,5,24,8,0,13,13039,RN 568,43.46197,4.91996,Plein jour,Hors agglomération,Giratoire,Normale,Deux véhicules - arrière,2,2,2,0,1,1,1,0,1,50,2,5,2,0,0,3,32.0,52.0,voiture,utilitaire_camion,1,1,6,1,2
202300046324,2023-06-16 10:25:00,2023,6,16,10,25,91,91286,AUTOROUTE A6,48.65588,2.37832,Plein jour,Hors agglomération,Hors intersection,Normale,Trois véhicules et plus - en chaîne,1,3,3,0,1,1,1,0,1,110,3,3,2,0,0,1,29.0,51.0,voiture,deux_roues,1,1,1,1,4
202300046325,2023-12-04 16:45:00,2023,12,4,16,45,51,51454,DOUZIEME ESCADRON D'AVIATION (RUE),49.278478,4.031919,Nuit avec éclairage allumé,En agglomération,Intersection en T,Pluie légère,Deux véhicules - côté,4,2, -1,-1,1,1,2,0,1,-1,2,3,2,0,0,1,62.0,79.0,voiture,voiture,5,2,3,2,3
202300046325,2023-12-04 16:45:00,2023,12,4,16,45,51,51454,DOUZIEME ESCADRON D'AVIATION (RUE),49.278478,4.031919,Nuit avec éclairage allumé,En agglomération,Intersection en T,Pluie légère,Deux véhicules - côté,4,2,2,0,1,1,2,9,1,50,2,3,2,0,0,1,62.0,79.0,voiture,voiture,5,2,3,2,3
202300046326,2023-08-28 08:45:00,2023,8,28,8,45,974,97416,RN 01,-21.30658,55.43011,Plein jour,Hors agglomération,Hors intersection,Normale,Deux véhicules - arrière,2,2,2,0,1,1,1,0,1,110,2,2,1,0,0,1,32.0,21.0,voiture,utilitaire_camion,1,1,1,1,2
202300046327,2023-12-01 20:10:00,2023,12,1,20,10,50,50129,SALINE (BOULEVARD DE LA),49.65749,-1.65929,Nuit avec éclairage allumé,En agglomération,Hors intersection,Neige / grêle,Deux véhicules - arrière,9,3,4,0,1,1,7,0,1,70,2,2,1,0,0,1,32.0,25.0,voiture,voiture,5,2,1,4,2
202300046328,2023-08-26 18:05:00,2023,8,26,18,5,974,97411,JAURES (BOULEVARD JEAN),-20.90179,55.50531,Plein jour,En agglomération,Hors intersection,Normale,Sans collision,2,1,5,2,2,3,1,2,1,70,1,1,0,0,0,1,17.0,,deux_roues,,1,2,1,1,7
202300046329,2023-12-05 08:00:00,2023,12,5,8,0,49,49007,CHATEAU D'ORGEMONT RUE ET SQU,47.44903,-0.54414,Plein jour,En agglomération,Intersection en T,Normale,Deux véhicules - frontale,4,2,2,0,1,1,1,0,1,30,2,2,1,0,0,1,39.0,61.0,deux_roues,voiture,1,2,3,1,1
202300046329,2023-12-05 08:00:00,2023,12,5,8,0,49,49007,CHATEAU D'ORGEMONT RUE ET SQU,47.44903,-0.54414,Plein jour,En agglomération,Intersection en T,Normale,Deux véhicules - frontale,4,2,2,0,1,1,1,0,1,30,2,2,1,0,0,1,39.0,61.0,deux_roues,voiture,1,2,3,1,1
202300046330,2023-10-01 19:25:00,2023,10,1,19,25,78,78537,A10,48.555258,1.934752,Crépuscule ou aube,Hors agglomération,Hors intersection,Normale,Deux véhicules - côté,1,3,0,0,1,1,1,7,1,130,2,6,5,0,1,0,69.0,52.0,voiture,voiture,2,1,1,1,3
202300046331,2023-08-26 04:00:00,2023,8,26,4,0,974,97411,DODU 1 (RUE JULIETTE),-20.88229,55.45271,Nuit avec éclairage allumé,En agglomération,Intersection en X,Pluie légère,Deux véhicules - côté,4,1,1,0,1,1,2,0,1,50,2,3,1,0,0,2,21.0,90.0,voiture,voiture,5,2,2,2,3
202300046331,2023-08-26 04:00:00,2023,8,26,4,0,974,97411,DODU 1 (RUE JULIETTE),-20.88229,55.45271,Nuit avec éclairage allumé,En agglomération,Intersection en X,Pluie légère,Deux véhicules - côté,4,1,2,0,1,1,2,0,1,50,2,3,1,0,0,2,21.0,90.0,voiture,voiture,5,2,2,2,3
202300046332,2023-12-04 18:43:00,2023,12,4,18,43,49,49007,DOYENNE BOULEVARD ET PASSAGE,47.49046,-0.53282,Nuit avec éclairage allumé,En agglomération,Hors intersection,Pluie légère,Trois véhicules et plus - en chaîne,4,3,2,2,1,1,2,0,1,50,2,3,2,0,0,1,72.0,64.0,voiture,voiture,5,2,1,2,4
202300046333,2023-10-01 22:15:00,2023,10,1,22,15,973,97304,Route Degrad Saramaca,5.14926672,-52.70283222,Nuit sans éclairage public,Hors agglomération,Hors intersection,Normale,Sans collision,2,2,2,0,1,1,1,0,8,80,1,4,2,0,1,1,41.0,,voiture,,3,1,1,1,7
202300046334,2023-12-04 15:39:00,2023,12,4,15,39,49,49007,BARANGE BOULEVARD,47.46328,-0.55203,Plein jour,En agglomération,Hors intersection,Pluie légère,Sans collision,4,2,2,0,1,1,2,0,1,50,1,2,1,0,0,1,20.0,,voiture,,1,2,1,2,7
202300046335,2023-09-25 18:00:00,2023,9,25,18,0,973,97304,Piste Crique des Singes Rouges,5.030178,-52.632328,Plein jour,Hors agglomération,Hors intersection,Normale,Deux véhicules - arrière,9,2,2,0,1,1,1,0,1,90,2,2,1,0,1,0,28.0,55.0,voiture,deux_roues,1,1,1,1,2
202300046336,2023-08-28 07:40:00,2023,8,28,7,40,973,97302,MADELEINE (ROUTE DE LA),4.91151,-52.32145,Plein jour,En agglomération,Intersection en T,Normale,Deux véhicules - côté,3,-1,2,0,1,1,1,0,1,50,2,2,1,0,0,1,23.0,25.0,deux_roues,voiture,1,2,3,1,3