accident_id,datetime,annee,mois,jour,heure,minute,departement,commune_insee,adresse,latitude,longitude,luminosite,agglomeration,intersection,meteo,collision,catr,circ,nbv,vosp,prof,plan,surf,infra,situ,vma,nb_vehicules,nb_usagers,nb_indemnes,nb_tues,nb_blesses_hosp,nb_blesses_legers,age_cond_1,age_cond_2,veh_type_cond_1,veh_type_cond_2,lum_code,agg_code,int_code,atm_code,col_code
202300046336,2023-08-28 07:40:00,2023,8,28,7,40,973,97302,MADELEINE (ROUTE DE LA),4.91151,-52.32145,Plein jour,En agglomération,Intersection en T,Normale,Deux véhicules - côté,3,2,1,0,1,1,1,0,8,50,2,2,1,0,0,1,23.0,25.0,deux_roues,voiture,1,2,3,1,3
202300046337,2023-12-04 11:45:00,2023,12,4,11,45,49,49015,POMPIDOU AVENUE GEORGES,47.4968,-0.59164,Plein jour,En agglomération,Giratoire,Pluie forte,Deux véhicules - côté,4,2,2,0,1,1,2,0,1,50,2,2,1,0,0,1,60.0,51.0,voiture,deux_roues,1,2,6,3,3
202300046337,2023-12-04 11:45:00,2023,12,4,11,45,49,49015,POMPIDOU AVENUE GEORGES,47.4968,-0.59164,Plein jour,En agglomération,Giratoire,Pluie forte,Deux véhicules - côté,4,3,2,0,1,1,2,0,1,50,2,2,1,0,0,1,60.0,51.0,voiture,deux_roues,1,2,6,3,3
202300046338,2023-10-01 19:15:00,2023,10,1,19,15,971,97125,route de brissac D116,16.256775,-61.316553,Nuit sans éclairage public,Hors agglomération,Hors intersection,Normale,Deux véhicules - côté,3,2,2,0,2,1,1,0,1,80,2,3,0,0,3,0,24.0,25.0,voiture,voiture,3,1,1,1,3
202300046339,2023-08-27 12:55:00,2023,8,27,12,55,973,97302,CABASSOU (CITE),4.92000253,-52.31550246,Plein jour,En agglomération,Intersection en T,Normale,Deux véhicules - frontale,4,2,2,0,1,1,1,0,1,50,2,2,1,0,1,0,33.0,25.0,autre,voiture,1,2,3,1,1
202300046340,2023-12-04 09:10:00,2023,12,4,9,10,49,49007,MANDEL,47.47115,-0.60222,Plein jour,En agglomération,Hors intersection,Pluie légère,Deux véhicules - frontale,4,2,2,0,1,1,2,0,1,50,1,2,1,0,0,1,39.0,,voiture,,1,2,1,2,1
202300046341,2023-08-28 09:22:00,2023,8,28,9,22,69,69386,Rue Notre-Dame,45.76385,4.86788,Plein jour,En agglomération,Intersection en T,Pluie légère,Autre collision,4,1,3,3,1,1,2,0,1,30,1,2,1,0,0,1,57.0,,voiture,,1,2,3,2,6
202300046341,2023-08-28 09:22:00,2023,8,28,9,22,69,69386,Rue Notre-Dame,45.76385,4.86788,Plein jour,En agglomération,Intersection en T,Pluie légère,Autre collision,4,1,1,0,1,1,2,0,1,30,1,2,1,0,0,1,57.0,,voiture,,1,2,3,2,6
202300046342,2023-09-30 19:45:00,2023,9,30,19,45,45,45257,D2007,47.877016,2.737012,Nuit sans éclairage public,Hors agglomération,Hors intersection,Normale,Autre collision,3,2,3,0,2,1,1,0,1,90,1,2,1,0,1,0,48.0,,deux_roues,,3,1,1,1,6
202300046343,2023-11-05 17:13:00,2023,11,5,17,13,47,47001,DE GAULLE (AV. DU GENERAL),44.20715,0.61147,Plein jour,En agglomération,Intersection en T,Normale,Deux véhicules - côté,3,2,4,0,2,1,2,2,1,50,2,2,1,0,0,1,17.0,51.0,deux_roues,voiture,1,2,3,1,3
202300046343,2023-11-05 17:13:00,2023,11,5,17,13,47,47001,DE GAULLE (AV. DU GENERAL),44.20715,0.61147,Plein jour,En agglomération,Intersection en T,Normale,Deux véhicules - côté,3,1,1,0,2,1,2,0,1,50,2,2,1,0,0,1,17.0,51.0,deux_roues,voiture,1,2,3,1,3
202300046344,2023-12-04 17:50:00,2023,12,4,17,50,41,41018,INDUSTRIE (BOULEVARD DE L'),47.60461,1.32515,Nuit avec éclairage allumé,En agglomération,Hors intersection,Pluie légère,Deux véhicules - côté,4,2,2,0,1,1,2,0,1,50,2,2,1,0,0,1,54.0,19.0,voiture,voiture,5,2,1,2,3
202300046345,2023-08-28 02:15:00,2023,8,28,2,15,972,97213,AUTOROUTE A1,14.61477,-61.01255,Nuit avec éclairage allumé,Hors agglomération,Hors intersection,Pluie légère,Deux véhicules - arrière,1,2,8,3,2,1,2,0,1,90,2,2,1,0,0,1,51.0,60.0,voiture,voiture,5,1,1,2,2
202300046346,2023-10-08 08:40:00,2023,10,8,8,40,39,39198,323 Avenue du Marechal Juin,47.073176,5.49725,Plein jour,En agglomération,Giratoire,Temps éblouissant,Deux véhicules - côté,3,3,2,1,1,1,1,5,1,50,2,2,1,0,1,0,46.0,83.0,deux_roues,voiture,1,2,6,7,3
202300046346,2023-10-08 08:40:00,2023,10,8,8,40,39,39198,323 Avenue du Marechal Juin,47.073176,5.49725,Plein jour,En agglomération,Giratoire,Temps éblouissant,Deux véhicules - côté,3,2,2,1,1,1,1,5,1,50,2,2,1,0,1,0,46.0,83.0,deux_roues,voiture,1,2,6,7,3
202300046347,2023-09-30 13:30:00,2023,9,30,13,30,66,66065,D912,42.599614,2.963235,Plein jour,Hors agglomération,Autre intersection,Normale,Deux véhicules - côté,3,2,2,0,1,1,1,0,1,80,2,7,3,0,0,4,59.0,49.0,voiture,voiture,1,1,9,1,3
202300046347,2023-09-30 13:30:00,2023,9,30,13,30,66,66065,D912,42.599614,2.963235,Plein jour,Hors agglomération,Autre intersection,Normale,Deux véhicules - côté,3,2,2,-1,1,1,1,5,8,-1,2,7,3,0,0,4,59.0,49.0,voiture,voiture,1,1,9,1,3
202300046348,2023-12-05 12:30:00,2023,12,5,12,30,37,37233,DUCLOS (AVENUE JACQUES),47.38114,0.75052,Plein jour,En agglomération,Hors intersection,Normale,Deux véhicules - frontale,4,2,2,0,1,1,1,0,1,90,2,2,1,0,0,1,21.0,76.0,voiture,voiture,1,2,1,1,1
202300046349,2023-10-02 13:30:00,2023,10,2,13,30,83,83053,Dn8,43.165089,5.829492,Plein jour,Hors agglomération,Intersection en Y,Normale,Deux véhicules - côté,3,2,2,0,1,2,1,0,1,50,2,2,1,0,1,0,20.0,39.0,deux_roues,voiture,1,1,4,1,3
202300046349,2023-10-02 13:30:00,2023,10,2,13,30,83,83053,Dn8,43.165089,5.829492,Plein jour,Hors agglomération,Intersection en Y,Normale,Deux véhicules - côté,3,2, -1,-1,1,1,1,0,1,-1,2,2,1,0,1,0,20.0,39.0,deux_roues,voiture,1,1,4,1,3
202300046350,2023-12-04 10:55:00,2023,12,4,10,55,37,37214,CHANTERIE (RUE DE LA),47.41514,0.67557,Plein jour,En agglomération,Intersection en T,Pluie légère,Deux véhicules - frontale,4,1,1,1,2,1,2,9,1,50,2,3,2,0,0,1,75.0,18.0,voiture,deux_roues,1,2,3,2,1
202300046350,2023-12-04 10:55:00,2023,12,4,10,55,37,37214,CHANTERIE (RUE DE LA),47.41514,0.67557,Plein jour,En agglomération,Intersection en T,Pluie légère,Deux véhicules - frontale,4,2,1,0,1,1,2,0,8,50,2,3,2,0,0,1,75.0,18.0,voiture,deux_roues,1,2,3,2,1
202300046351,2023-10-02 09:50:00,2023,10,2,9,50,13,13097,d 113,43.63857,4.846073,Plein jour,Hors agglomération,Hors intersection,Normale,Deux véhicules - arrière,3,2,0,0,1,1,1,0,1,80,2,2,1,0,1,0,27.0,21.0,utilitaire_camion,utilitaire_camion,1,1,1,1,2
202300046352,2023-10-02 11:30:00,2023,10,2,11,30,71,71235,Route de la Grisière,46.350349,4.802061,Plein jour,En agglomération,Hors intersection,Normale,Autre collision,4,2,2,0,1,2,1,0,3,70,1,1,0,0,0,1,38.0,,voiture,,1,2,1,1,6
202300046353,2023-12-05 20:45:00,2023,12,5,20,45,35,35238,HENRY (RECTEUR PAUL),48.12141,-1.70074,Nuit avec éclairage allumé,En agglomération,Intersection en T,Pluie légère,Deux véhicules - côté,4,2,2,0,1,1,2,0,1,30,2,2,1,0,1,0,24.0,29.0,voiture,deux_roues,5,2,3,2,3
202300046353,2023-12-05 20:45:00,2023,12,5,20,45,35,35238,HENRY (RECTEUR PAUL),48.12141,-1.70074,Nuit avec éclairage allumé,En agglomération,Intersection en T,Pluie légère,Deux véhicules - côté,4,2,2,0,1,1,2,0,1,30,2,2,1,0,1,0,24.0,29.0,voiture,deux_roues,5,2,3,2,3
202300046354,2023-10-01 22:45:00,2023,10,1,22,45,08,08226,rte departementale 8051,50.095583,4.734356,Nuit sans éclairage public,Hors agglomération,Hors intersection,Normale,Deux véhicules - côté,3,2,2,0,1,1,1,0,1,70,2,3,2,0,1,0,22.0,46.0,voiture,voiture,3,1,1,1,3
202300046355,2023-12-05 14:00:00,2023,12,5,14,0,35,35051,POURI (LIEU-DIT LE CHAMP),48.145,-1.607,Plein jour,Hors agglomération,Intersection en T,Pluie légère,Deux véhicules - frontale,4,2,2,-1,3,2,2,5,1,50,2,2,1,0,0,1,35.0,41.0,deux_roues,voiture,1,1,3,2,1
202300046355,2023-12-05 14:00:00,2023,12,5,14,0,35,35051,POURI (LIEU-DIT LE CHAMP),48.145,-1.607,Plein jour,Hors agglomération,Intersection en T,Pluie légère,Deux véhicules - frontale,4,2,3,0,1,1,2,5,1,50,2,2,1,0,0,1,35.0,41.0,deux_roues,voiture,1,1,3,2,1
202300046356,2023-12-04 09:30:00,2023,12,4,9,30,34,34172,CARRIEU (RUE MARIUS),43.616922,3.842177,Plein jour,En agglomération,Hors intersection,Pluie légère,Deux véhicules - côté,4,2,4,2,2,1,2,0,5,50,2,2,1,0,0,1,32.0,20.0,voiture,deux_roues,1,2,1,2,3
202300046357,2023-10-01 00:20:00,2023,10,1,0,20,67,67525,52 Rue Westerend,48.605172,7.436384,Nuit avec éclairage non allumé,En agglomération,Hors intersection,Normale,Sans collision,4,3,2,0,1,1,1,0,1,50,1,5,0,0,1,4,19.0,,voiture,,4,2,1,1,7
202300046358,2023-12-04 15:35:00,2023,12,4,15,35,34,34032,VOIE DOMITIENNE (AVENUE DE LA),43.34806,3.24807,Plein jour,En agglomération,Hors intersection,Normale,Autre collision,3,1,2,0,1,1,1,0,1,50,1,3,1,0,1,1,62.0,,voiture,,1,2,1,1,6
202300046359,2023-10-02 07:00:00,2023,10,2,7,0,07,07169,D86,45.171059,4.805033,Crépuscule ou aube,Hors agglomération,Intersection en T,Normale,Deux véhicules - côté,3,2,2,0,1,1,1,0,1,70,2,2,0,0,0,2,43.0,60.0,voiture,voiture,2,1,3,1,3
202300046359,2023-10-02 07:00:00,2023,10,2,7,0,07,07169,D86,45.171059,4.805033,Crépuscule ou aube,Hors agglomération,Intersection en T,Normale,Deux véhicules - côté,3,2, -1,-1,1,1,1,0,1,-1,2,2,0,0,0,2,43.0,60.0,voiture,voiture,2,1,3,1,3
202300046360,2023-12-05 12:32:00,2023,12,5,12,32,33,33063,Rue des Etrangers,44.86475,-0.54943,Plein jour,En agglomération,Passage à niveau,Pluie légère,Deux véhicules - côté,4,2,2,3,1,1,2,4,1,30,2,2,1,0,0,1,42.0,25.0,transport_commun,voiture,1,2,8,2,3
202300046360,2023-12-05 12:32:00,2023,12,5,12,32,33,33063,Rue des Etrangers,44.86475,-0.54943,Plein jour,En agglomération,Passage à niveau,Pluie légère,Deux véhicules - côté,4,1,1,0,1,1,2,4,1,30,2,2,1,0,0,1,42.0,25.0,transport_commun,voiture,1,2,8,2,3
202300046361,2023-09-15 19:20:00,2023,9,15,19,20,69,69071,Route des Monts d'Or,45.865875,4.813911,Crépuscule ou aube,Hors agglomération,Hors intersection,Normale,Deux véhicules - côté,7,2,2,0,1,1,1,0,1,80,2,2,0,0,1,1,51.0,43.0,voiture,deux_roues,2,1,1,1,3
202300046362,2023-10-02 14:40:00,2023,10,2,14,40,31,31466,Lieu Dit la Batisse,43.515062,1.151097,Plein jour,Hors agglomération,Hors intersection,Normale,Autre collision,3,2,2,0,4,1,1,0,3,80,1,1,0,1,0,0,18.0,,voiture,,1,1,1,1,6
202300046363,2023-12-04 17:00:00,2023,12,4,17,0,33,33063,AVE CHARLES DE GAULLE CAUD,44.84854,-0.59829,Nuit avec éclairage allumé,En agglomération,Hors intersection,Pluie légère,Deux véhicules - côté,4,1,1,0,1,1,2,0,1,30,2,2,1,0,0,1,76.0,51.0,voiture,deux_roues,5,2,1,2,3
202300046364,2023-10-01 16:40:00,2023,10,1,16,40,31,31417,10 Route de Mondonville,43.622801,1.285809,Plein jour,En agglomération,Hors intersection,Normale,Deux véhicules - frontale,7,2,2,0,1,1,1,0,1,30,2,2,1,0,1,0,23.0,33.0,deux_roues,voiture,1,2,1,1,1
202300046365,2023-12-04 08:40:00,2023,12,4,8,40,33,33063,Rue Charles Chaigneau,44.8597,-0.54002,Plein jour,En agglomération,Hors intersection,Pluie légère,Deux véhicules - côté,4,3,4,3,1,1,2,0,1,30,2,2,1,0,0,1,26.0,25.0,deux_roues,utilitaire_camion,1,2,1,2,3
202300046366,2023-10-01 11:50:00,2023,10,1,11,50,33,33233,Rue du Lac des Vergnes,45.106703,-0.344892,Plein jour,En agglomération,Hors intersection,Normale,Autre collision,4,2,2,0,1,1,1,0,1,50,1,2,1,0,1,0,34.0,,voiture,,1,2,1,1,6
202300046367,2023-12-03 22:50:00,2023,12,3,22,50,33,33249,Côte de la Garonne,44.8846,-0.51781,Nuit avec éclairage allumé,En agglomération,Hors intersection,Normale,Deux véhicules - côté,4,2,3,1,2,1,1,9,1,50,2,4,0,0,4,0,27.0,18.0,voiture,voiture,5,2,1,1,3
202300046368,2023-10-01 17:55:00,2023,10,1,17,55,33,33019,Avenue des Certes,44.69070244,-1.02094263,Plein jour,En agglomération,Hors intersection,Normale,Deux véhicules - côté,3,2,2,0,1,1,1,0,1,30,2,2,1,0,1,0,51.0,50.0,voiture,deux_roues,1,2,1,1,3
202300046369,2023-12-05 19:05:00,2023,12,5,19,5,29,29019,route de Roc'h Glas,48.433086,-4.496813,Nuit sans éclairage public,Hors agglomération,Hors intersection,Normale,Deux véhicules - arrière,4,2,2,0,2,1,1,0,1,70,2,2,1,0,0,1,60.0,55.0,voiture,utilitaire_camion,3,1,1,1,2
202300046370,2023-10-01 17:15:00,2023,10,1,17,15,49,49260,D91,47.046221,-1.035472,Plein jour,Hors agglomération,Hors intersection,Normale,Autre collision,3,2,2,0,2,2,1,0,3,80,1,1,0,0,1,0,15.0,,deux_roues,,1,1,1,1,6
202300046371,2023-12-05 17:45:00,2023,12,5,17,45,27,27528,MAILLOUX (RUE EDMOND),49.2603,1.20294,Crépuscule ou aube,En agglomération,Hors intersection,Normale,Autre collision,4,-1,2,0,1,1,1,0,1,50,1,2,1,0,0,1,,,deux_roues,,2,2,1,1,6
202300046372,2023-09-30 19:15:00,2023,9,30,19,15,27,27235,Rue de la Mairie,49.012861,0.928195,Plein jour,En agglomération,Intersection en X,Normale,Deux véhicules - côté,4,2,2,0,1,1,1,0,1,-1,2,2,1,0,0,1,20.0,38.0,voiture,voiture,1,2,2,1,3
202300046372,2023-09-30 19:15:00,2023,9,30,19,15,27,27235,Rue de la Mairie,49.012861,0.928195,Plein jour,En agglomération,Intersection en X,Normale,Deux véhicules - côté,4,2,2,0,1,1,1,0,1,50,2,2,1,0,0,1,20.0,38.0,voiture,voiture,1,2,2,1,3
202300046373,2023-12-05 11:15:00,2023,12,5,11,15,27,27229,MICHELET (RUE),49.008,1.16366,Plein jour,En agglomération,Hors intersection,Pluie légère,Autre collision,4,-1,1,0,1,1,2,0,1,50,1,2,1,0,0,1,43.0,,utilitaire_camion,,1,2,1,2,6
202300046374,2023-10-02 18:20:00,2023,10,2,18,20,60,60116,RD 137,49.310169,2.351106,Plein jour,Hors agglomération,Hors intersection,Temps couvert,Sans collision,3,2,3,0,2,3,1,0,1,80,1,1,0,0,0,1,51.0,,deux_roues,,1,1,1,8,7
202300046375,2023-12-05 08:40:00,2023,12,5,8,40,26,26362,Rue Faventines,44.92227,4.90648,Plein jour,En agglomération,Hors intersection,Normale,Autre collision,4,2,2,1,1,1,1,0,1,50,1,2,1,0,0,1,72.0,,voiture,,1,2,1,1,6
202300046376,2023-10-01 16:35:00,2023,10,1,16,35,80,80110,,50.17494,1.683794,Plein jour,Hors agglomération,Hors intersection,Normale,Deux véhicules - arrière,3,2,2,2,1,1,1,0,1,80,2,2,1,0,1,0,64.0,51.0,voiture,deux_roues,1,1,1,1,2
202300046377,2023-12-04 07:20:00,2023,12,4,7,20,25,25547,AVENUE LECLERC,47.515,6.83192,Nuit avec éclairage allumé,En agglomération,Hors intersection,Neige / grêle,Autre collision,3,2,1,0,1,1,2,6,1,50,1,2,1,0,0,1,38.0,,voiture,,5,2,1,4,6
202300046378,2023-11-30 19:00:00,2023,11,30,19,0,24,24037,NEUVE (RUE D'ARGENSON),44.85285,0.48667,Nuit avec éclairage allumé,En agglomération,Hors intersection,Pluie forte,Deux véhicules - frontale,3,2,1,0,1,1,2,0,1,50,1,2,1,0,0,1,21.0,,voiture,,5,2,1,3,1
202300046379,2023-10-01 14:35:00,2023,10,1,14,35,13,13088,A55 SENS MARTIGUES-MARSEILLE,43.38023736,5.21936543,Plein jour,Hors agglomération,Hors intersection,Normale,Deux véhicules - frontale,1,1,1,0,1,3,1,0,1,50,1,2,1,0,0,1,18.0,,voiture,,1,1,1,1,1
202300046380,2023-12-05 10:35:00,2023,12,5,10,35,23,23096,GUILLON ( RUE ALEXANDRE),46.171317,1.883891,Plein jour,En agglomération,Autre intersection,Normale,Autre collision,6,-1, -1,0,2,3,1,9,8,30,1,2,0,0,0,2,17.0,,deux_roues,,1,2,9,1,6
202300046381,2023-01-09 23:20:00,2023,1,9,23,20,92,92036,A86,48.93417121,2.27149149,Nuit sans éclairage public,Hors agglomération,Hors intersection,Temps couvert,Deux véhicules - arrière,1,1,2,0,1,3,2,0,1,90,2,3,2,0,0,1,68.0,24.0,voiture,voiture,3,1,1,8,2
202300046382,2023-12-05 13:40:00,2023,12,5,13,40,15,15014,RD 120,44.926417,2.424615,Plein jour,Hors agglomération,Hors intersection,Pluie légère,Autre collision,3,2,2,0,1,2,2,0,3,90,1,2,0,0,0,2,20.0,,voiture,,1,1,1,2,6
202300046383,2023-09-26 18:00:00,2023,9,26,18,0,13,13001,A51-Sens Marseille vers Aix en Provence,43.5011,5.4072,Plein jour,Hors agglomération,Hors intersection,Normale,Trois véhicules et plus - en chaîne,1,1,2,0,2,3,1,0,1,90,3,3,2,0,0,1,45.0,34.0,voiture,voiture,1,1,1,1,4
202300046384,2023-01-10 18:20:00,2023,1,10,18,20,94,94028,A86,48.77608496,2.42954952,Nuit sans éclairage public,Hors agglomération,Hors intersection,Pluie légère,Trois véhicules et plus - en chaîne,1,3,0,0,1,1,2,0,1,90,3,3,2,0,0,1,29.0,36.0,voiture,voiture,3,1,1,2,4
202300046385,2023-10-01 17:10:00,2023,10,1,17,10,83,83137,A57,43.12479622,5.96847606,Plein jour,En agglomération,Autre intersection,Normale,Autre collision,1,3,4,3,1,1,1,3,3,70,1,1,0,0,0,1,41.0,,deux_roues,,1,2,9,1,6
202300046386,2023-12-05 15:20:00,2023,12,5,15,20,14,14366,ORIVAL (RUE D'),49.13165377,0.23557962,Plein jour,En agglomération,Intersection en T,Pluie légère,Deux véhicules - côté,3,1,2,0,1,1,2,3,1,50,2,2,1,0,0,1,80.0,15.0,voiture,deux_roues,1,2,3,2,3
202300046386,2023-12-05 15:20:00,2023,12,5,15,20,14,14366,ORIVAL (RUE D'),49.13165377,0.23557962,Plein jour,En agglomération,Intersection en T,Pluie légère,Deux véhicules - côté,3,3,2,0,1,1,2,3,1,50,2,2,1,0,0,1,80.0,15.0,voiture,deux_roues,1,2,3,2,3
202300046387,2023-01-10 15:40:00,2023,1,10,15,40,94,94017,A86,48.82940031,2.48394864,Plein jour,Hors agglomération,Hors intersection,Pluie légère,Autre collision,1,3,2,0,1,1,2,0,1,90,1,1,0,0,0,1,29.0,,deux_roues,,1,1,1,2,6
202300046388,2023-09-25 07:40:00,2023,9,25,7,40,69,69259,Boulevard Périphérique Laurent Bonnevay,45.7175,4.86318,Plein jour,Hors agglomération,Hors intersection,Normale,Deux véhicules - arrière,7,3,6,0,1,1,1,0,1,70,2,2,1,0,0,1,61.0,45.0,voiture,deux_roues,1,1,1,1,2
202300046389,2023-01-10 07:50:00,2023,1,10,7,50,94,94022,A86,48.7766716,2.41970908,Crépuscule ou aube,Hors agglomération,Hors intersection,Normale,Deux véhicules - arrière,1,3,3,0,1,1,1,0,1,90,2,2,1,0,0,1,47.0,54.0,voiture,deux_roues,2,1,1,1,2
202300046390,2023-12-05 16:50:00,2023,12,5,16,50,13,13215,SAINT ANTOINE (AVENUE DE),43.37885,5.35701,Plein jour,En agglomération,Intersection en T,Normale,Trois véhicules et plus - collisions multiples,4,1,2,0,2,1,1,0,1,50,3,4,1,0,0,3,33.0,59.0,utilitaire_camion,voiture,1,2,3,1,5
202300046390,2023-12-05 16:50:00,2023,12,5,16,50,13,13215,SAINT ANTOINE (AVENUE DE),43.37885,5.35701,Plein jour,En agglomération,Intersection en T,Normale,Trois véhicules et plus - collisions multiples,4,2,3,0,1,1,1,0,1,50,3,4,1,0,0,3,33.0,59.0,utilitaire_camion,voiture,1,2,3,1,5
202300046391,2023-12-05 12:19:00,2023,12,5,12,19,13,13203,JUNOT (RUE),43.3100822,5.37619115,Plein jour,En agglomération,Hors intersection,Normale,Autre collision,4,2,2,0,2,1,1,0,1,50,1,2,1,0,0,1,55.0,,utilitaire_camion,,1,2,1,1,6
202300046392,2023-10-01 18:50:00,2023,10,1,18,50,33,33063,ROCADE A 630,44.88295827,-0.55273354,Plein jour,Hors agglomération,Hors intersection,Normale,Trois véhicules et plus - en chaîne,1,3,6,1,4,1,1,2,1,70,3,4,2,0,0,2,19.0,45.0,voiture,voiture,1,1,1,1,4
202300046393,2023-01-08 03:06:00,2023,1,8,3,6,75,75111,RUE DE CHARONNE,48.855125,2.387091,Nuit avec éclairage allumé,En agglomération,Intersection en X,Normale,Deux véhicules - côté,4,2,2,0,2,1,1,0,1,30,2,5,3,0,0,2,25.0,42.0,voiture,voiture,5,2,2,1,3
202300046393,2023-01-08 03:06:00,2023,1,8,3,6,75,75111,RUE DE CHARONNE,48.855125,2.387091,Nuit avec éclairage allumé,En agglomération,Intersection en X,Normale,Deux véhicules - côté,4,1,1,0,4,1,1,0,1,30,2,5,3,0,0,2,25.0,42.0,voiture,voiture,5,2,2,1,3
202300046394,2023-12-04 16:30:00,2023,12,4,16,30,13,13214,GIBBES (CHEMIN DE),43.32902,5.38547,Plein jour,En agglomération,Intersection en T,Pluie légère,Deux véhicules - côté,4,2,2,0,1,1,2,0,1,50,2,2,1,0,0,1,31.0,44.0,voiture,voiture,1,2,3,2,3
202300046394,2023-12-04 16:30:00,2023,12,4,16,30,13,13214,GIBBES (CHEMIN DE),43.32902,5.38547,Plein jour,En agglomération,Intersection en T,Pluie légère,Deux véhicules - côté,4,2,2,0,2,1,2,0,1,50,2,2,1,0,0,1,31.0,44.0,voiture,voiture,1,2,3,2,3
202300046395,2023-01-09 13:30:00,2023,1,9,13,30,75,75110,RUE DU FAUBOURG SAINT MARTIN,48.879266,2.362903,Plein jour,En agglomération,Intersection en T,Pluie légère,Sans collision,4,1, -1,-1,1,1,2,0,1,-1,1,1,0,0,0,1,21.0,,deux_roues,,1,2,3,2,7
202300046395,2023-01-09 13:30:00,2023,1,9,13,30,75,75110,RUE DU FAUBOURG SAINT MARTIN,48.879266,2.362903,Plein jour,En agglomération,Intersection en T,Pluie légère,Sans collision,4,2,2,0,1,1,2,0,1,30,1,1,0,0,0,1,21.0,,deux_roues,,1,2,3,2,7
202300046396,2023-12-05 09:30:00,2023,12,5,9,30,13,13028,POILUS (RUE DES),43.17737,5.60926,Plein jour,En agglomération,Hors intersection,Normale,Deux véhicules - arrière,4,-1,1,3,1,1,1,6,1,20,1,2,1,0,0,1,22.0,,utilitaire_camion,,1,2,1,1,2
202300046397,2023-10-01 17:00:00,2023,10,1,17,0,91,91468,AUTOROUTE A6,48.57379,2.46707,Plein jour,Hors agglomération,Hors intersection,Normale,Trois véhicules et plus - collisions multiples,1,1,3,0,2,1,1,0,1,110,4,5,3,0,0,2,62.0,30.0,voiture,voiture,1,1,1,1,5
202300046398,2023-01-07 22:30:00,2023,1,7,22,30,94,94011,Avenue Rodolphe Hottinguer,48.75866,2.48586,Nuit avec éclairage allumé,En agglomération,Hors intersection,Temps couvert,Autre collision,4,2,2,0,1,2,2,0,1,50,2,3,2,0,0,1,24.0,19.0,utilitaire_camion,voiture,5,2,1,8,6
202300046399,2023-12-05 10:05:00,2023,12,5,10,5,13,13001,BELGES (AV DES),43.52541,5.44442,Plein jour,En agglomération,Intersection en T,Normale,Deux véhicules - côté,4,2,3,0,1,1,2,0,1,50,2,3,1,0,2,0,38.0,22.0,voiture,deux_roues,1,2,3,1,3
202300046399,2023-12-05 10:05:00,2023,12,5,10,5,13,13001,BELGES (AV DES),43.52541,5.44442,Plein jour,En agglomération,Intersection en T,Normale,Deux véhicules - côté,4,1,1,0,1,1,2,0,1,50,2,3,1,0,2,0,38.0,22.0,voiture,deux_roues,1,2,3,1,3
202300046400,2023-10-01 00:50:00,2023,10,1,0,50,91,91432,AUTOROUTE A6,48.69133,2.32248,Nuit sans éclairage public,Hors agglomération,Hors intersection,Normale,Deux véhicules - arrière,1,1,3,0,1,3,1,0,1,110,2,3,2,0,0,1,38.0,51.0,voiture,voiture,3,1,1,1,2
202300046401,2023-01-09 07:55:00,2023,1,9,7,55,94,94017,62 bis Avenue de la République,48.82035,2.511071,Nuit avec éclairage allumé,En agglomération,Hors intersection,Normale,Deux véhicules - côté,3,2,3,0,1,1,1,0,1,50,2,2,1,0,1,0,88.0,,deux_roues,voiture,5,2,1,1,3
202300046402,2023-12-04 19:00:00,2023,12,4,19,0,11,11069,ROCADE NORD - RD 6113,43.21787,2.38227,Nuit avec éclairage allumé,Hors agglomération,Hors intersection,Pluie légère,Deux véhicules - arrière,3,2,2,0,1,1,2,0,1,80,2,3,1,0,0,2,32.0,77.0,voiture,voiture,5,1,1,2,2
202300046403,2023-09-30 09:45:00,2023,9,30,9,45,75,75113,A6B,48.816409,2.358981,Plein jour,Hors agglomération,Hors intersection,Normale,Trois véhicules et plus - en chaîne,1,1,4,0,1,1,1,1,1,70,3,4,3,0,0,1,28.0,30.0,voiture,voiture,1,1,1,1,4
202300046404,2023-12-04 07:25:00,2023,12,4,7,25,11,11069,,43.19314,2.34014,Nuit sans éclairage public,Hors agglomération,Hors intersection,Pluie légère,Autre collision,3,2,0,0,3,1,2,8,1,50,1,1,0,0,0,1,73.0,,voiture,,3,1,1,2,6
202300046405,2023-01-09 19:40:00,2023,1,9,19,40,93,93072,Avenue de Stalingrad / Avenue Paul Vaillant Couturier,48.94861739,2.38074213,Nuit avec éclairage allumé,En agglomération,Intersection en T,Pluie légère,Deux véhicules - arrière,3,2,2,-1,1,1,2,0,1,-1,2,3,2,0,0,1,47.0,25.0,voiture,voiture,5,2,3,2,2
202300046405,2023-01-09 19:40:00,2023,1,9,19,40,93,93072,Avenue de Stalingrad / Avenue Paul Vaillant Couturier,48.94861739,2.38074213,Nuit avec éclairage allumé,En agglomération,Intersection en T,Pluie légère,Deux véhicules - arrière,3,3,4,3,1,1,2,0,1,30,2,3,2,0,0,1,47.0,25.0,voiture,voiture,5,2,3,2,2
202300046406,2023-10-01 13:36:00,2023,10,1,13,36,92,92051,RN13,48.88543869,2.25809907,Plein jour,Hors agglomération,Hors intersection,Normale,Sans collision,2,3,4,0,1,1,1,1,1,70,1,1,0,0,0,1,54.0,,deux_roues,,1,1,1,1,7
202300046407,2023-12-04 20:55:00,2023,12,4,20,55,10,10387,EDOUARD HERRIOT (RUE),48.2741,4.0803,Nuit avec éclairage allumé,En agglomération,Intersection en X,Pluie légère,Deux véhicules - arrière,4,2,2,1,1,1,2,0,1,-1,2,2,1,0,1,0,,17.0,voiture,deux_roues,5,2,2,2,2