accident_id,datetime,annee,mois,jour,heure,minute,departement,commune_insee,adresse,latitude,longitude,luminosite,agglomeration,intersection,meteo,collision,catr,circ,nbv,vosp,prof,plan,surf,infra,situ,vma,nb_vehicules,nb_usagers,nb_indemnes,nb_tues,nb_blesses_hosp,nb_blesses_legers,age_cond_1,age_cond_2,veh_type_cond_1,veh_type_cond_2,lum_code,agg_code,int_code,atm_code,col_code
202300046480,2023-09-30 13:20:00,2023,9,30,13,20,71,71486,RD 974,46.6415,4.3338,Plein jour,Hors agglomération,Hors intersection,Normale,Sans collision,4,2,2,0,1,1,1,0,1,50,1,1,0,0,0,1,15.0,,deux_roues,,1,1,1,1,7
202300046481,2023-01-06 21:30:00,2023,1,6,21,30,14,14738,Rue du Général Leclerc,49.152407,-0.46258,Nuit avec éclairage allumé,En agglomération,Giratoire,Normale,Deux véhicules - frontale,3,2,2,0,1,1,1,0,1,50,2,2,1,0,1,0,79.0,16.0,voiture,deux_roues,5,2,6,1,1
202300046481,2023-01-06 21:30:00,2023,1,6,21,30,14,14738,Rue du Général Leclerc,49.152407,-0.46258,Nuit avec éclairage allumé,En agglomération,Giratoire,Normale,Deux véhicules - frontale,3,2,1,0,1,1,1,0,1,50,2,2,1,0,1,0,79.0,16.0,voiture,deux_roues,5,2,6,1,1
202300046482,2023-09-30 20:00:00,2023,9,30,20,0,69,69275,Avenue Franklin Roosevelt,45.74747001,4.93333551,Nuit avec éclairage allumé,En agglomération,Intersection en T,Normale,Deux véhicules - arrière,4,2,4,0,1,1,1,0,1,50,2,3,2,0,0,1,39.0,48.0,utilitaire_camion,deux_roues,5,2,3,1,2
202300046482,2023-09-30 20:00:00,2023,9,30,20,0,69,69275,Avenue Franklin Roosevelt,45.74747001,4.93333551,Nuit avec éclairage allumé,En agglomération,Intersection en T,Normale,Deux véhicules - arrière,4,3,2,2,1,1,1,0,1,50,2,3,2,0,0,1,39.0,48.0,utilitaire_camion,deux_roues,5,2,3,1,2
202300046483,2023-01-07 16:50:00,2023,1,7,16,50,90,90090,Voie communale 39,47.470716,6.962357,Plein jour,Hors agglomération,Autre intersection,Normale,Autre collision,3,2,2,0,1,1,1,0,3,80,2,2,0,0,2,0,26.0,25.0,deux_roues,deux_roues,1,1,9,1,6
202300046484,2023-01-09 08:30:00,2023,1,9,8,30,60,60277,La Herse,49.428404,2.045061,Crépuscule ou aube,Hors agglomération,Hors intersection,Pluie forte,Deux véhicules - arrière,3,2,2,0,1,2,2,0,1,30,2,2,1,0,0,1,18.0,50.0,deux_roues,voiture,2,1,1,3,2
202300046485,2023-09-30 21:08:00,2023,9,30,21,8,69,69259,Rue Pierre Timbaud,45.69183,4.90056,Nuit avec éclairage allumé,En agglomération,Intersection en X,Normale,Deux véhicules - côté,4,2,2,0,1,1,1,0,1,50,2,4,0,0,2,2,21.0,21.0,voiture,voiture,5,2,2,1,3
202300046485,2023-09-30 21:08:00,2023,9,30,21,8,69,69259,Rue Pierre Timbaud,45.69183,4.90056,Nuit avec éclairage allumé,En agglomération,Intersection en X,Normale,Deux véhicules - côté,4,2,2,0,1,1,1,0,1,50,2,4,0,0,2,2,21.0,21.0,voiture,voiture,5,2,2,1,3
202300046485,2023-09-30 21:08:00,2023,9,30,21,8,69,69259,Rue Pierre Timbaud,45.69183,4.90056,Nuit avec éclairage allumé,En agglomération,Intersection en X,Normale,Deux véhicules - côté,4,2,2,0,1,1,1,0,1,50,2,4,0,0,2,2,21.0,21.0,voiture,voiture,5,2,2,1,3
202300046485,2023-09-30 21:08:00,2023,9,30,21,8,69,69259,Rue Pierre Timbaud,45.69183,4.90056,Nuit avec éclairage allumé,En agglomération,Intersection en X,Normale,Deux véhicules - côté,4,2,2,0,1,1,1,0,1,50,2,4,0,0,2,2,21.0,21.0,voiture,voiture,5,2,2,1,3
202300046486,2023-09-30 17:30:00,2023,9,30,17,30,69,69290,1 Rue du Beaujolais,45.69273,4.91124,Plein jour,En agglomération,Hors intersection,Normale,Deux véhicules - côté,4,2,2,0,1,1,1,9,1,50,2,2,1,0,0,1,41.0,31.0,deux_roues,utilitaire_camion,1,2,1,1,3
202300046487,2023-01-03 19:10:00,2023,1,3,19,10,40,40046,"départementale D652, à hauteur du PK 14+680",44.422946,-1.142503,Nuit sans éclairage public,Hors agglomération,Hors intersection,Normale,Deux véhicules - côté,3,2,2,0,1,1,1,0,1,80,2,2,1,0,1,0,76.0,45.0,voiture,voiture,3,1,1,1,3
202300046488,2023-01-09 21:00:00,2023,1,9,21,0,85,85096,5 Rue du fauboug saint-thomas,46.889566,-1.834727,Nuit avec éclairage allumé,En agglomération,Hors intersection,Normale,Autre collision,3,2,2,0,1,1,1,0,1,50,1,1,0,0,1,0,36.0,,deux_roues,,5,2,1,1,6
202300046489,2023-09-29 17:00:00,2023,9,29,17,0,69,69271,Avenue Louis Blériot,45.72821,4.96119,Plein jour,En agglomération,Hors intersection,Normale,Trois véhicules et plus - collisions multiples,4,2,4,0,1,1,1,0,1,50,3,3,2,0,0,1,22.0,48.0,voiture,deux_roues,1,2,1,1,5
202300046490,2023-01-09 14:00:00,2023,1,9,14,0,52,52095,Chemin LA GENEVRIERE,48.214872,5.489978,Plein jour,Hors agglomération,Hors intersection,Pluie forte,Sans collision,4,2,2,0,1,1,2,0,3,80,1,1,0,0,1,0,19.0,,voiture,,1,1,1,3,7
202300046491,2023-01-10 15:00:00,2023,1,10,15,0,988,98805,VE2/AVENUE DES DEPARTS,-22.195625,166.445988,Plein jour,En agglomération,Intersection en X,Normale,Deux véhicules - côté,1,1,1,0,2,1,1,5,1,50,2,2,0,0,1,1,28.0,34.0,voiture,voiture,1,2,2,1,3
202300046491,2023-01-10 15:00:00,2023,1,10,15,0,988,98805,VE2/AVENUE DES DEPARTS,-22.195625,166.445988,Plein jour,En agglomération,Intersection en X,Normale,Deux véhicules - côté,1,3,2,0,1,1,1,0,1,50,2,2,0,0,1,1,28.0,34.0,voiture,voiture,1,2,2,1,3
202300046492,2023-01-09 13:55:00,2023,1,9,13,55,01,01181,A404 PK 013+800,46.233964,5.618056,Plein jour,Hors agglomération,Hors intersection,Neige / grêle,Autre collision,1,3,4,0,1,2,9,2,2,110,2,2,1,0,0,1,34.0,28.0,utilitaire_camion,voiture,1,1,1,4,6
202300046493,2023-09-30 16:40:00,2023,9,30,16,40,67,67482,FRANÇOIS MITTERRAND (AVENUE),48.58476,7.6936,Plein jour,En agglomération,Hors intersection,Normale,Trois véhicules et plus - en chaîne,4,3,4,1,1,1,1,0,1,50,4,5,4,0,0,1,24.0,21.0,voiture,voiture,1,2,1,1,4
202300046494,2023-01-10 15:30:00,2023,1,10,15,30,67,67460,gare de péage,48.769605,7.602024,Plein jour,Hors agglomération,Hors intersection,Normale,Deux véhicules - arrière,1,3, -1,0,1,1,1,7,1,30,2,6,5,1,0,0,55.0,38.0,utilitaire_camion,voiture,1,1,1,1,2
202300046495,2023-09-30 03:40:00,2023,9,30,3,40,67,67482,RHIN NAPOLEON (RUE DU),48.56124,7.80081,Nuit avec éclairage allumé,En agglomération,Hors intersection,Normale,Deux véhicules - côté,4,2,2,0,1,3,1,0,1,50,2,7,4,0,0,3,22.0,26.0,voiture,voiture,5,2,1,1,3
202300046496,2023-01-09 15:40:00,2023,1,9,15,40,45,45089,D308 PR 0 + 360,47.902135,2.033093,Plein jour,En agglomération,Hors intersection,Normale,Deux véhicules - frontale,3,2,2,0,2,3,1,0,1,50,2,3,0,0,1,2,69.0,34.0,voiture,voiture,1,2,1,1,1
202300046497,2023-07-20 10:35:00,2023,7,20,10,35,93,93059,Rue Parmentier,48.96474,2.37289,Plein jour,En agglomération,Hors intersection,Normale,Autre collision,4,2,2,0,1,1,1,0,1,50,1,2,0,0,0,1,,,transport_commun,,1,2,1,1,6
202300046498,2023-09-26 17:09:00,2023,9,26,17,9,61,61001,D112,48.4355,0.09672,Plein jour,En agglomération,Hors intersection,Normale,Autre collision,3,2,3,2,1,1,1,0,1,50,2,2,1,0,0,1,66.0,15.0,voiture,deux_roues,1,2,1,1,6
202300046499,2023-01-07 18:50:00,2023,1,7,18,50,77,77145,N36,48.59181,2.72579,Nuit sans éclairage public,Hors agglomération,Intersection en X,Pluie légère,Deux véhicules - côté,2,2,2,0,1,1,3,5,3,80,2,5,3,0,0,2,57.0,36.0,voiture,voiture,3,1,2,2,3
202300046499,2023-01-07 18:50:00,2023,1,7,18,50,77,77145,N36,48.59181,2.72579,Nuit sans éclairage public,Hors agglomération,Intersection en X,Pluie légère,Deux véhicules - côté,2,2,2,-1,1,1,3,0,-1,-1,2,5,3,0,0,2,57.0,36.0,voiture,voiture,3,1,2,2,3
202300046500,2023-09-30 15:30:00,2023,9,30,15,30,59,59350,ESCH SUR ALZETTE RUE,50.64046,3.07645,Plein jour,En agglomération,Intersection en T,Normale,Autre collision,4,2,2,1,1,1,1,2,1,30,1,2,1,0,0,1,,,voiture,,1,2,3,1,6
202300046500,2023-09-30 15:30:00,2023,9,30,15,30,59,59350,ESCH SUR ALZETTE RUE,50.64046,3.07645,Plein jour,En agglomération,Intersection en T,Normale,Autre collision,4,2,2,0,1,1,1,0,1,30,1,2,1,0,0,1,,,voiture,,1,2,3,1,6
202300046501,2023-07-20 23:27:00,2023,7,20,23,27,93,93070,Boulevard Victor Hugo / Rue Ardoin,48.90807,2.32755,Nuit avec éclairage allumé,En agglomération,Intersection en T,Normale,Deux véhicules - côté,3,2,2,0,1,1,1,0,1,-1,2,2,0,0,0,2,34.0,39.0,deux_roues,deux_roues,5,2,3,1,3
202300046501,2023-07-20 23:27:00,2023,7,20,23,27,93,93070,Boulevard Victor Hugo / Rue Ardoin,48.90807,2.32755,Nuit avec éclairage allumé,En agglomération,Intersection en T,Normale,Deux véhicules - côté,3,2,4,0,1,1,1,0,1,50,2,2,0,0,0,2,34.0,39.0,deux_roues,deux_roues,5,2,3,1,3
202300046502,2023-01-10 15:40:00,2023,1,10,15,40,30,30214,,44.05142,4.057737,Plein jour,Hors agglomération,Hors intersection,Normale,Autre collision,3,2,1,0,1,1,1,0,1,70,1,1,0,0,1,0,74.0,,voiture,,1,1,1,1,6
202300046503,2023-07-14 21:35:00,2023,7,14,21,35,93,93070,Rue du Docteur Bauer,48.90876884,2.33953737,Crépuscule ou aube,En agglomération,Hors intersection,Normale,Autre collision,3,2,2,0,1,1,1,0,1,30,1,3,2,0,0,1,29.0,,voiture,,2,2,1,1,6
202300046504,2023-09-29 16:45:00,2023,9,29,16,45,57,57631,FAIENCERIES (BOULEVARD DES),49.11045,7.07184,Plein jour,En agglomération,Hors intersection,Normale,Deux véhicules - côté,3,3,4,0,1,1,1,0,1,50,2,2,1,0,1,0,28.0,44.0,deux_roues,voiture,1,2,1,1,3
202300046505,2023-01-10 09:15:00,2023,1,10,9,15,84,84004,Route de Carpentras,44.085733,5.033996,Crépuscule ou aube,Hors agglomération,Intersection en X,Temps éblouissant,Deux véhicules - arrière,3,2,2,0,1,1,1,0,1,80,2,2,1,0,0,1,60.0,39.0,deux_roues,voiture,2,1,2,7,2
202300046505,2023-01-10 09:15:00,2023,1,10,9,15,84,84004,Route de Carpentras,44.085733,5.033996,Crépuscule ou aube,Hors agglomération,Intersection en X,Temps éblouissant,Deux véhicules - arrière,3,2,2,0,1,3,1,0,1,-1,2,2,1,0,0,1,60.0,39.0,deux_roues,voiture,2,1,2,7,2
202300046506,2023-07-19 09:30:00,2023,7,19,9,30,93,93048,Boulevard de Chanzy,48.858627,2.43013,Plein jour,En agglomération,Hors intersection,Normale,Autre collision,3,2,2,2,1,1,1,0,1,50,1,2,1,0,0,1,47.0,,voiture,,1,2,1,1,6
202300046507,2023-01-09 17:55:00,2023,1,9,17,55,73,73227,D91A - Le Praz,45.43390336,6.62507876,Nuit avec éclairage allumé,En agglomération,Hors intersection,Neige / grêle,Autre collision,3,2,2,0,2,1,5,0,1,30,1,2,1,0,1,0,25.0,,voiture,,5,2,1,4,6
202300046508,2023-07-20 18:05:00,2023,7,20,18,5,93,93029,Rue Anatole France,48.92892995,2.45285962,Plein jour,En agglomération,Hors intersection,Normale,Trois véhicules et plus - collisions multiples,4,2,2,0,1,1,1,0,1,50,3,3,1,0,1,1,43.0,21.0,deux_roues,voiture,1,2,1,1,5
202300046509,2023-09-30 16:59:00,2023,9,30,16,59,49,49007,ROI RENE BOULEVARD,47.46644,-0.5532,Plein jour,En agglomération,Intersection en X,Normale,Deux véhicules - côté,4,2,6,3,1,1,1,0,1,50,2,2,1,0,0,1,18.0,22.0,voiture,deux_roues,1,2,2,1,3
202300046509,2023-09-30 16:59:00,2023,9,30,16,59,49,49007,ROI RENE BOULEVARD,47.46644,-0.5532,Plein jour,En agglomération,Intersection en X,Normale,Deux véhicules - côté,4,3,4,0,1,1,1,0,1,50,2,2,1,0,0,1,18.0,22.0,voiture,deux_roues,1,2,2,1,3
202300046510,2023-01-10 12:45:00,2023,1,10,12,45,01,01049,917 Route Nationale,45.845119,5.036559,Plein jour,En agglomération,Intersection en T,Normale,Deux véhicules - arrière,3,3,1,0,1,1,1,0,1,50,2,2,1,0,0,1,33.0,48.0,utilitaire_camion,voiture,1,2,3,1,2
202300046510,2023-01-10 12:45:00,2023,1,10,12,45,01,01049,917 Route Nationale,45.845119,5.036559,Plein jour,En agglomération,Intersection en T,Normale,Deux véhicules - arrière,3,2,1,0,1,1,1,5,1,50,2,2,1,0,0,1,33.0,48.0,utilitaire_camion,voiture,1,2,3,1,2
202300046511,2023-01-09 18:50:00,2023,1,9,18,50,60,60157,Avenue des Déportés,49.384754,2.418816,Nuit avec éclairage non allumé,En agglomération,Hors intersection,Normale,Autre collision,3,2,2,0,1,1,1,0,6,30,1,2,1,0,1,0,35.0,,voiture,,4,2,1,1,6
202300046512,2023-07-19 23:40:00,2023,7,19,23,40,93,93010,Route de Villemomble,48.89157831,2.49014281,Nuit avec éclairage allumé,En agglomération,Hors intersection,Normale,Deux véhicules - frontale,4,2,2,0,1,1,1,0,1,50,2,2,1,0,0,1,18.0,45.0,deux_roues,voiture,5,2,1,1,1
202300046513,2023-09-30 21:13:00,2023,9,30,21,13,45,45234,10 Avenue du Président John Kennedy,47.83929,1.93513,Nuit avec éclairage allumé,En agglomération,Intersection en T,Normale,Deux véhicules - côté,4,3,2,0,1,1,1,5,1,50,2,2,1,0,1,0,,19.0,voiture,deux_roues,5,2,3,1,3
202300046513,2023-09-30 21:13:00,2023,9,30,21,13,45,45234,10 Avenue du Président John Kennedy,47.83929,1.93513,Nuit avec éclairage allumé,En agglomération,Intersection en T,Normale,Deux véhicules - côté,4,1,2,0,1,1,1,5,1,50,2,2,1,0,1,0,,19.0,voiture,deux_roues,5,2,3,1,3
202300046514,2023-07-20 16:10:00,2023,7,20,16,10,92,92007,DORMOY AVENUE MARX N°102 A FIN,48.81014216,2.31428236,Plein jour,En agglomération,Hors intersection,Normale,Deux véhicules - arrière,3,2,2,0,1,1,1,0,1,50,2,2,1,0,0,1,34.0,,deux_roues,utilitaire_camion,1,2,1,1,2
202300046515,2023-07-20 09:41:00,2023,7,20,9,41,92,92040,JEAN JACQUES ROUSSEAU,48.82259581,2.25772083,Plein jour,En agglomération,Hors intersection,Normale,Sans collision,4,2,1,0,1,1,1,0,1,50,1,1,0,0,0,1,50.0,,deux_roues,,1,2,1,1,7
202300046516,2023-09-30 18:55:00,2023,9,30,18,55,45,45147,Rue Clarissa Jean-Philippe,47.92108,1.91648,Plein jour,En agglomération,Hors intersection,Normale,Autre collision,4,1,1,0,1,1,1,0,1,-1,1,2,1,0,0,1,61.0,,voiture,,1,2,1,1,6
202300046517,2023-01-09 16:25:00,2023,1,9,16,25,02,02443,,49.044465,3.277574,Plein jour,Hors agglomération,Intersection à plus de 4 branches,Pluie légère,Deux véhicules - côté,3,2,2,0,1,1,2,5,1,80,2,9,8,0,0,1,60.0,56.0,utilitaire_camion,voiture,1,1,5,2,3
202300046517,2023-01-09 16:25:00,2023,1,9,16,25,02,02443,,49.044465,3.277574,Plein jour,Hors agglomération,Intersection à plus de 4 branches,Pluie légère,Deux véhicules - côté,3,2,2,0,1,1,2,5,1,80,2,9,8,0,0,1,60.0,56.0,utilitaire_camion,voiture,1,1,5,2,3
202300046518,2023-09-30 16:20:00,2023,9,30,16,20,45,45285,Parking Auchan,47.90418,1.86353,Plein jour,En agglomération,Autre intersection,Normale,Deux véhicules - côté,6,-1, -1,0,1,1,1,0,1,30,2,2,1,0,0,1,58.0,58.0,deux_roues,voiture,1,2,9,1,3
202300046519,2023-01-09 12:25:00,2023,1,9,12,25,69,69256,Rocade Est,45.79596257,4.93081528,Plein jour,Hors agglomération,Hors intersection,Normale,Deux véhicules - côté,2,3,4,0,1,3,1,0,3,90,2,2,1,0,0,1,58.0,32.0,utilitaire_camion,voiture,1,1,1,1,3
202300046520,2023-07-14 17:17:00,2023,7,14,17,17,92,92025,VALMY (BD DE),48.92763852,2.25375295,Plein jour,En agglomération,Intersection en X,Normale,Trois véhicules et plus - collisions multiples,3,2,3,0,1,1,1,0,1,30,3,3,2,0,0,1,32.0,59.0,transport_commun,voiture,1,2,2,1,5
202300046520,2023-07-14 17:17:00,2023,7,14,17,17,92,92025,VALMY (BD DE),48.92763852,2.25375295,Plein jour,En agglomération,Intersection en X,Normale,Trois véhicules et plus - collisions multiples,3,2,3,0,1,1,1,0,1,30,3,3,2,0,0,1,32.0,59.0,transport_commun,voiture,1,2,2,1,5
202300046520,2023-07-14 17:17:00,2023,7,14,17,17,92,92025,VALMY (BD DE),48.92763852,2.25375295,Plein jour,En agglomération,Intersection en X,Normale,Trois véhicules et plus - collisions multiples,3,2,12,0,1,1,1,0,1,30,3,3,2,0,0,1,32.0,59.0,transport_commun,voiture,1,2,2,1,5
202300046521,2023-07-20 08:30:00,2023,7,20,8,30,92,92023,GENERAL DE GAULLE (AVENUE DU),48.78131742,2.24158108,Plein jour,En agglomération,Hors intersection,Normale,Deux véhicules - arrière,3,1,2,0,1,1,1,0,1,50,2,2,1,0,0,1,44.0,45.0,voiture,deux_roues,1,2,1,1,2
202300046522,2023-01-05 18:25:00,2023,1,5,18,25,69,69142,Route de Métropole 7,45.72283,4.81785,Nuit avec éclairage allumé,Hors agglomération,Hors intersection,Normale,Trois véhicules et plus - en chaîne,7,3,6,0,1,1,1,0,1,70,3,5,3,0,1,1,42.0,51.0,voiture,voiture,5,1,1,1,4
202300046523,2023-07-20 20:05:00,2023,7,20,20,5,92,92012,POINT DU JOUR (QUAI DU),48.83001712,2.25638956,Plein jour,En agglomération,Hors intersection,Normale,Deux véhicules - côté,3,2,2,1,1,1,1,0,1,50,2,2,1,0,0,1,26.0,26.0,voiture,deux_roues,1,2,1,1,3
202300046524,2023-01-09 09:25:00,2023,1,9,9,25,33,33065,ROUTE NATIONALE 230,44.81104,-0.52226,Plein jour,Hors agglomération,Hors intersection,Pluie légère,Deux véhicules - côté,2,3,6,0,1,1,2,0,1,70,2,2,1,0,0,1,50.0,52.0,deux_roues,voiture,1,1,1,2,3
202300046525,2023-09-29 17:07:00,2023,9,29,17,7,45,45338,16 Rue du Stade,47.996795,2.71005,Plein jour,En agglomération,Intersection en T,Normale,Deux véhicules - frontale,4,2,2,0,1,1,1,0,1,50,2,2,1,0,0,1,80.0,58.0,voiture,deux_roues,1,2,3,1,1
202300046525,2023-09-29 17:07:00,2023,9,29,17,7,45,45338,16 Rue du Stade,47.996795,2.71005,Plein jour,En agglomération,Intersection en T,Normale,Deux véhicules - frontale,4,2,2,0,1,1,1,0,1,50,2,2,1,0,0,1,80.0,58.0,voiture,deux_roues,1,2,3,1,1
202300046526,2023-07-20 09:05:00,2023,7,20,9,5,92,92012,BARTHOLDI (RUE),48.84517,2.24291,Plein jour,En agglomération,Intersection en X,Normale,Deux véhicules - côté,4,1,1,0,1,1,1,0,1,50,2,2,1,0,0,1,49.0,52.0,deux_roues,deux_roues,1,2,2,1,3
202300046526,2023-07-20 09:05:00,2023,7,20,9,5,92,92012,BARTHOLDI (RUE),48.84517,2.24291,Plein jour,En agglomération,Intersection en X,Normale,Deux véhicules - côté,4,1,1,1,1,1,1,0,1,50,2,2,1,0,0,1,49.0,52.0,deux_roues,deux_roues,1,2,2,1,3
202300046527,2023-01-08 01:35:00,2023,1,8,1,35,33,33143,AUTOROUTE A 10,44.95728732,-0.44968843,Nuit sans éclairage public,Hors agglomération,Hors intersection,Pluie forte,Deux véhicules - arrière,1,3,6,0,1,1,2,0,1,130,2,3,2,0,0,1,28.0,34.0,voiture,voiture,3,1,1,3,2
202300046528,2023-09-30 20:00:00,2023,9,30,20,0,41,41018,TOURVILLE (RUE DU MARECHAL DE),47.58966,1.30607,Nuit avec éclairage allumé,En agglomération,Autre intersection,Normale,Autre collision,6,-1,0,0,1,1,1,0,1,-1,1,2,1,0,1,0,27.0,,voiture,,5,2,9,1,6
202300046529,2023-07-16 01:16:00,2023,7,16,1,16,92,92004,AULAGNIER ( QUAI ),48.91308016,2.30682582,Nuit avec éclairage allumé,En agglomération,Hors intersection,Normale,Deux véhicules - côté,3,-1,2,0,1,1,1,0,1,50,2,3,2,0,0,1,31.0,,voiture,voiture,5,2,1,1,3
202300046530,2023-01-07 04:30:00,2023,1,7,4,30,91,91521,AUTOROUTE A6,48.63141,2.40726,Nuit avec éclairage non allumé,Hors agglomération,Hors intersection,Normale,Deux véhicules - arrière,1,1,3,0,1,1,1,0,1,110,2,3,2,0,0,1,27.0,28.0,deux_roues,voiture,4,1,1,1,2
202300046531,2023-07-19 17:35:00,2023,7,19,17,35,67,67347,Départementale 919,48.852793,7.505121,Plein jour,Hors agglomération,Hors intersection,Normale,Deux véhicules - arrière,3,2,2,0,1,1,1,0,1,80,2,4,1,0,1,2,23.0,36.0,voiture,voiture,1,1,1,1,2
202300046532,2023-01-09 13:10:00,2023,1,9,13,10,92,92036,AUTOROUTE A15,48.94589035,2.28373638,Plein jour,Hors agglomération,Hors intersection,Normale,Deux véhicules - arrière,1,3,10,0,1,1,1,0,1,90,2,3,1,0,0,2,30.0,30.0,utilitaire_camion,utilitaire_camion,1,1,1,1,2
202300046533,2023-09-30 20:35:00,2023,9,30,20,35,35,35238,CHATEAUGIRON (DE),48.0923678,-1.62925288,Nuit avec éclairage allumé,En agglomération,Intersection en T,Normale,Deux véhicules - côté,4,-1, -1,0,1,1,1,0,1,50,2,2,1,0,0,1,37.0,22.0,deux_roues,voiture,5,2,3,1,3
202300046533,2023-09-30 20:35:00,2023,9,30,20,35,35,35238,CHATEAUGIRON (DE),48.0923678,-1.62925288,Nuit avec éclairage allumé,En agglomération,Intersection en T,Normale,Deux véhicules - côté,4,2,6,2,1,1,1,0,1,50,2,2,1,0,0,1,37.0,22.0,deux_roues,voiture,5,2,3,1,3
202300046534,2023-07-21 15:30:00,2023,7,21,15,30,76,76749,chemin de la plaine,49.860653,1.36694,Plein jour,En agglomération,Hors intersection,Normale,Sans collision,4,2,1,0,2,4,1,0,1,50,1,1,0,1,0,0,33.0,,utilitaire_camion,,1,2,1,1,7
202300046535,2023-01-09 01:45:00,2023,1,9,1,45,93,93005,AUTOROUTE A3,48.96180699,2.46685982,Nuit sans éclairage public,Hors agglomération,Hors intersection,Temps couvert,Autre collision,1,1,2,0,2,2,2,3,1,50,1,1,0,0,0,1,23.0,,voiture,,3,1,1,8,6
202300046536,2023-07-21 10:30:00,2023,7,21,10,30,84,84069,D938,44.170369,5.12686,Plein jour,En agglomération,Hors intersection,Normale,Deux véhicules - frontale,3,2,2,0,2,1,1,0,1,-1,2,2,1,0,1,0,35.0,21.0,voiture,deux_roues,1,2,1,1,1
202300046537,2023-01-08 23:15:00,2023,1,8,23,15,94,94079,A4,48.83458792,2.53722059,Nuit sans éclairage public,Hors agglomération,Hors intersection,Pluie légère,Trois véhicules et plus - collisions multiples,1,1,4,0,2,3,2,0,1,110,3,3,2,0,0,1,25.0,20.0,voiture,voiture,3,1,1,2,5
202300046538,2023-09-30 15:30:00,2023,9,30,15,30,35,35238,ARMORIQUE (BD D'),48.12947,-1.67934,Plein jour,En agglomération,Hors intersection,Normale,Trois véhicules et plus - en chaîne,4,3,4,1,1,1,1,2,1,50,3,4,3,0,0,1,55.0,30.0,voiture,voiture,1,2,1,1,4
202300046539,2023-07-20 14:20:00,2023,7,20,14,20,28,28388,Autoroute A11 pk 066+800,48.369457,1.459432,Plein jour,Hors agglomération,Hors intersection,Normale,Deux véhicules - arrière,1,3,3,0,1,1,1,3,1,130,2,4,3,0,0,1,65.0,47.0,voiture,utilitaire_camion,1,1,1,1,2
202300046540,2023-01-08 16:50:00,2023,1,8,16,50,54,54395,Boulevard Lobau,48.68459,6.19619,Crépuscule ou aube,En agglomération,Intersection en T,Temps couvert,Autre collision,4,1,1,0,1,1,1,0,1,30,1,2,1,0,0,1,57.0,,voiture,,2,2,3,8,6
202300046540,2023-01-08 16:50:00,2023,1,8,16,50,54,54395,Boulevard Lobau,48.68459,6.19619,Crépuscule ou aube,En agglomération,Intersection en T,Temps couvert,Autre collision,4,3,4,0,1,1,1,0,1,50,1,2,1,0,0,1,57.0,,voiture,,2,2,3,8,6
202300046541,2023-09-29 17:10:00,2023,9,29,17,10,35,35238,PAYS-BAS (AVENUE DES),48.0863,-1.66067,Plein jour,En agglomération,Hors intersection,Normale,Autre collision,4,3,2,1,1,1,1,6,4,30,1,2,1,0,1,0,,,deux_roues,,1,2,1,1,6
202300046542,2023-07-21 13:25:00,2023,7,21,13,25,83,83036,Avenue Frédéric Mistral,43.173683,6.529468,Plein jour,En agglomération,Hors intersection,Normale,Autre collision,4,2,1,0,1,1,1,0,1,30,1,2,1,0,0,1,18.0,,deux_roues,,1,2,1,1,6
202300046543,2023-01-08 15:50:00,2023,1,8,15,50,974,97416,L'ENTRE-DEUX (ROUTE DE),-21.3033,55.430315,Plein jour,Hors agglomération,Hors intersection,Normale,Trois véhicules et plus - en chaîne,3,2,2,0,1,1,1,0,1,90,3,6,2,0,0,4,61.0,25.0,voiture,voiture,1,1,1,1,4
202300046544,2023-07-18 15:00:00,2023,7,18,15,0,26,26333,33 Avenue de Québec,45.195547,4.814525,Plein jour,En agglomération,Hors intersection,Normale,Autre collision,2,2,2,0,2,1,1,9,1,50,1,2,1,0,1,0,52.0,,voiture,,1,2,1,1,6
202300046545,2023-01-08 21:45:00,2023,1,8,21,45,973,97302,MONTABO (ROUTE DE) 1,4.94006,-52.30166,Nuit avec éclairage allumé,En agglomération,Hors intersection,Normale,Sans collision,3,2,4,2,1,1,1,0,1,50,1,1,0,0,0,1,43.0,,deux_roues,,5,2,1,1,7
202300046546,2023-07-20 16:15:00,2023,7,20,16,15,23,23264,D992,45.72608293,1.87745512,Plein jour,Hors agglomération,Hors intersection,Normale,Sans collision,3,2,2,0,1,2,1,0,3,90,1,1,0,0,1,0,47.0,,deux_roues,,1,1,1,1,7
202300046547,2023-09-29 20:05:00,2023,9,29,20,5,34,34301,VAUBAN (QUAI),43.410963,3.69723,Crépuscule ou aube,En agglomération,Intersection en X,Normale,Deux véhicules - côté,4,2,0,0,1,1,1,2,1,30,2,3,1,0,1,1,29.0,50.0,voiture,deux_roues,2,2,2,1,3
202300046547,2023-09-29 20:05:00,2023,9,29,20,5,34,34301,VAUBAN (QUAI),43.410963,3.69723,Crépuscule ou aube,En agglomération,Intersection en X,Normale,Deux véhicules - côté,4,2,1,0,1,1,1,0,1,30,2,3,1,0,1,1,29.0,50.0,voiture,deux_roues,2,2,2,1,3