accident_id,datetime,annee,mois,jour,heure,minute,departement,commune_insee,adresse,latitude,longitude,luminosite,agglomeration,intersection,meteo,collision,catr,circ,nbv,vosp,prof,plan,surf,infra,situ,vma,nb_vehicules,nb_usagers,nb_indemnes,nb_tues,nb_blesses_hosp,nb_blesses_legers,age_cond_1,age_cond_2,veh_type_cond_1,veh_type_cond_2,lum_code,agg_code,int_code,atm_code,col_code
202300046548,2023-01-08 01:30:00,2023,1,8,1,30,973,97302,BADUEL (ROUTE DE),4.92895833,-52.30019778,Nuit avec éclairage allumé,En agglomération,Hors intersection,Pluie légère,Deux véhicules - côté,3,2,2,0,1,1,2,0,1,50,2,2,1,0,0,1,26.0,66.0,voiture,voiture,5,2,1,2,3
202300046549,2023-07-17 14:23:00,2023,7,17,14,23,56,56141,Kergueurh,47.866156,-2.818352,Plein jour,Hors agglomération,Hors intersection,Normale,Deux véhicules - frontale,3,2,2,0,1,1,1,0,2,80,2,2,0,0,2,0,53.0,77.0,voiture,voiture,1,1,1,1,1
202300046550,2023-09-30 11:30:00,2023,9,30,11,30,33,33281,Avenue de Magudas,44.85619,-0.64947,Plein jour,En agglomération,Intersection en T,Normale,Deux véhicules - côté,4,2,2,1,1,1,1,0,1,50,2,2,1,0,1,0,66.0,56.0,autre,deux_roues,1,2,3,1,3
202300046550,2023-09-30 11:30:00,2023,9,30,11,30,33,33281,Avenue de Magudas,44.85619,-0.64947,Plein jour,En agglomération,Intersection en T,Normale,Deux véhicules - côté,4,2,2,-1,1,1,1,0,1,50,2,2,1,0,1,0,66.0,56.0,autre,deux_roues,1,2,3,1,3
202300046551,2023-01-07 22:25:00,2023,1,7,22,25,973,97302,MERE THERESA (rue),4.92267352,-52.31255606,Nuit avec éclairage allumé,En agglomération,Hors intersection,Pluie légère,Deux véhicules - frontale,4,2,2,0,1,1,2,0,1,50,2,2,1,0,1,0,55.0,29.0,deux_roues,voiture,5,2,1,2,1
202300046552,2023-07-19 17:45:00,2023,7,19,17,45,56,56193,Rond-Point de Kersabiec,47.725582,-3.323077,Plein jour,En agglomération,Giratoire,Normale,Deux véhicules - côté,3,1,2,0,1,2,1,5,1,50,2,2,1,0,1,0,48.0,51.0,voiture,deux_roues,1,2,6,1,3
202300046553,2023-01-08 19:15:00,2023,1,8,19,15,69,69149,25 Rue Pierre Sémard,45.71735,4.81212,Nuit avec éclairage allumé,En agglomération,Intersection en Y,Pluie légère,Deux véhicules - frontale,7,2,2,0,2,2,2,0,1,50,2,2,1,0,0,1,,39.0,voiture,deux_roues,5,2,4,2,1
202300046553,2023-01-08 19:15:00,2023,1,8,19,15,69,69149,25 Rue Pierre Sémard,45.71735,4.81212,Nuit avec éclairage allumé,En agglomération,Intersection en Y,Pluie légère,Deux véhicules - frontale,7,2,2,0,2,3,2,0,1,50,2,2,1,0,0,1,,39.0,voiture,deux_roues,5,2,4,2,1
202300046554,2023-09-30 05:30:00,2023,9,30,5,30,33,33063,Boulevard du Président Franklin Roosevelt,44.81830698,-0.57809383,Nuit avec éclairage allumé,En agglomération,Intersection en T,Normale,Deux véhicules - arrière,4,3,4,1,1,1,1,5,1,50,2,2,1,0,0,1,23.0,69.0,utilitaire_camion,utilitaire_camion,5,2,3,1,2
202300046554,2023-09-30 05:30:00,2023,9,30,5,30,33,33063,Boulevard du Président Franklin Roosevelt,44.81830698,-0.57809383,Nuit avec éclairage allumé,En agglomération,Intersection en T,Normale,Deux véhicules - arrière,4,1,2,-1,1,1,1,5,1,50,2,2,1,0,0,1,23.0,69.0,utilitaire_camion,utilitaire_camion,5,2,3,1,2
202300046555,2023-07-20 18:50:00,2023,7,20,18,50,56,56153,vieux moulin,47.598017,-2.30633,Plein jour,Hors agglomération,Hors intersection,Normale,Trois véhicules et plus - collisions multiples,3,2,2,0,1,3,1,0,1,80,4,4,3,0,1,0,46.0,67.0,voiture,voiture,1,1,1,1,5
202300046556,2023-01-08 19:50:00,2023,1,8,19,50,95,95280,MARCEAU (AVENUE),49.028587,2.464376,Nuit avec éclairage allumé,En agglomération,Hors intersection,Pluie légère,Deux véhicules - arrière,4,2,2,0,1,1,2,0,1,30,2,10,4,0,0,6,51.0,20.0,voiture,voiture,5,2,1,2,2
202300046557,2023-07-21 14:00:00,2023,7,21,14,0,80,80130,D211,49.890966,2.150324,Plein jour,Hors agglomération,Intersection en X,Normale,Deux véhicules - arrière,3,2,2,0,1,1,1,5,1,80,2,2,1,0,1,0,78.0,60.0,voiture,deux_roues,1,1,2,1,2
202300046557,2023-07-21 14:00:00,2023,7,21,14,0,80,80130,D211,49.890966,2.150324,Plein jour,Hors agglomération,Intersection en X,Normale,Deux véhicules - arrière,3,2,2,0,1,1,1,5,1,-1,2,2,1,0,1,0,78.0,60.0,voiture,deux_roues,1,1,2,1,2
202300046558,2023-09-29 10:50:00,2023,9,29,10,50,33,33063,Avenue Saint Amand,44.85238,-0.61471,Plein jour,En agglomération,Intersection en T,Normale,Autre collision,4,2,2,0,1,1,1,5,1,30,1,2,0,0,0,2,36.0,,deux_roues,,1,2,3,1,6
202300046558,2023-09-29 10:50:00,2023,9,29,10,50,33,33063,Avenue Saint Amand,44.85238,-0.61471,Plein jour,En agglomération,Intersection en T,Normale,Autre collision,4,2,2,-1,1,1,1,5,1,50,1,2,0,0,0,2,36.0,,deux_roues,,1,2,3,1,6
202300046559,2023-01-08 21:15:00,2023,1,8,21,15,83,83126,MERLE (BD TOUSSAINT),43.10112,5.88945,Nuit avec éclairage allumé,En agglomération,Hors intersection,Normale,Autre collision,4,2,2,0,1,1,2,0,1,50,1,2,1,0,1,0,21.0,,voiture,,5,2,1,1,6
202300046560,2023-07-21 13:15:00,2023,7,21,13,15,69,69217,Route de la Vallée,46.001389,4.479182,Plein jour,Hors agglomération,Hors intersection,Normale,Deux véhicules - frontale,3,2,2,0,2,3,1,0,1,80,2,2,0,0,1,1,22.0,72.0,voiture,voiture,1,1,1,1,1
202300046561,2023-01-08 00:20:00,2023,1,8,0,20,69,69266,Rue Léon Blum,45.76027941,4.90098596,Nuit avec éclairage allumé,En agglomération,Hors intersection,Normale,Deux véhicules - côté,4,1,2,3,1,1,1,0,6,50,2,3,0,0,2,1,18.0,21.0,deux_roues,deux_roues,5,2,1,1,3
202300046562,2023-06-27 08:00:00,2023,6,27,8,0,63,63243,D518/ VC--Les Vergers,46.173137,2.904929,Plein jour,Hors agglomération,Intersection en X,Normale,Deux véhicules - côté,3,2,2,0,2,1,1,0,1,90,2,2,1,0,1,0,18.0,52.0,deux_roues,voiture,1,1,2,1,3
202300046562,2023-06-27 08:00:00,2023,6,27,8,0,63,63243,D518/ VC--Les Vergers,46.173137,2.904929,Plein jour,Hors agglomération,Intersection en X,Normale,Deux véhicules - côté,3,2,2,0,1,1,1,0,1,90,2,2,1,0,1,0,18.0,52.0,deux_roues,voiture,1,1,2,1,3
202300046563,2023-01-05 12:10:00,2023,1,5,12,10,68,68066,Avenue Raymond Poincaré,48.07192,7.34807,Plein jour,En agglomération,Intersection en T,Normale,Deux véhicules - côté,3,2,2,1,1,1,1,0,1,50,2,2,1,0,1,0,24.0,69.0,voiture,deux_roues,1,2,3,1,3
202300046563,2023-01-05 12:10:00,2023,1,5,12,10,68,68066,Avenue Raymond Poincaré,48.07192,7.34807,Plein jour,En agglomération,Intersection en T,Normale,Deux véhicules - côté,3,2,2,0,1,1,1,0,5,50,2,2,1,0,1,0,24.0,69.0,voiture,deux_roues,1,2,3,1,3
202300046564,2023-09-30 17:46:00,2023,9,30,17,46,29,29039,Chemin de Douric,47.91512,-3.94563,Plein jour,Hors agglomération,Intersection en T,Normale,Deux véhicules - côté,3,2,1,0,2,1,1,0,1,50,2,4,1,0,0,3,51.0,25.0,voiture,voiture,1,1,3,1,3
202300046564,2023-09-30 17:46:00,2023,9,30,17,46,29,29039,Chemin de Douric,47.91512,-3.94563,Plein jour,Hors agglomération,Intersection en T,Normale,Deux véhicules - côté,3,2,1,0,2,1,1,0,1,80,2,4,1,0,0,3,51.0,25.0,voiture,voiture,1,1,3,1,3
202300046565,2023-07-21 10:30:00,2023,7,21,10,30,49,49330,D391,47.631467,-0.626296,Plein jour,Hors agglomération,Intersection en X,Normale,Deux véhicules - frontale,3,2,2,0,1,1,1,5,1,80,2,3,0,0,1,2,30.0,78.0,voiture,voiture,1,1,2,1,1
202300046565,2023-07-21 10:30:00,2023,7,21,10,30,49,49330,D391,47.631467,-0.626296,Plein jour,Hors agglomération,Intersection en X,Normale,Deux véhicules - frontale,3,2,2,0,1,1,1,0,1,80,2,3,0,0,1,2,30.0,78.0,voiture,voiture,1,1,2,1,1
202300046566,2023-01-08 15:35:00,2023,1,8,15,35,64,64284,avenue des vallées,43.29298361,-0.38664669,Plein jour,En agglomération,Intersection en X,Pluie légère,Deux véhicules - côté,4,2,2,0,1,1,2,0,1,50,2,3,1,0,0,2,23.0,29.0,voiture,voiture,1,2,2,2,3
202300046566,2023-01-08 15:35:00,2023,1,8,15,35,64,64284,avenue des vallées,43.29298361,-0.38664669,Plein jour,En agglomération,Intersection en X,Pluie légère,Deux véhicules - côté,4,1,2,0,1,1,2,0,1,50,2,3,1,0,0,2,23.0,29.0,voiture,voiture,1,2,2,2,3
202300046567,2023-07-21 07:40:00,2023,7,21,7,40,12,12109,La Fage,43.853558,2.943853,Crépuscule ou aube,Hors agglomération,Hors intersection,Normale,Sans collision,3,2,2,0,2,2,8,0,1,90,1,1,0,0,1,0,48.0,,deux_roues,,2,1,1,1,7
202300046568,2023-01-08 17:50:00,2023,1,8,17,50,64,64122,Esplanade du Port-Vieux,43.48209,-1.56605,Nuit avec éclairage non allumé,En agglomération,Hors intersection,Pluie forte,Autre collision,4,1,1,0,2,1,2,0,1,30,1,2,1,0,1,0,50.0,,voiture,,4,2,1,3,6
202300046569,2023-07-21 07:25:00,2023,7,21,7,25,35,35297,Rue Louison Bobet,48.185306,-2.182117,Plein jour,En agglomération,Hors intersection,Temps éblouissant,Deux véhicules - arrière,3,2,2,0,1,1,1,0,1,50,2,2,1,0,0,1,43.0,20.0,deux_roues,voiture,1,2,1,7,2
202300046570,2023-09-29 17:45:00,2023,9,29,17,45,28,28134,ROND POINT DES CHATELETS,48.74668,1.39059,Plein jour,En agglomération,Hors intersection,Normale,Deux véhicules - côté,2,1,2,0,1,2,1,5,1,50,2,5,3,0,0,2,76.0,20.0,voiture,voiture,1,2,1,1,3
202300046571,2023-01-08 01:50:00,2023,1,8,1,50,59,59163,JAURES (RUE JEAN),50.67497,3.14899,Nuit avec éclairage allumé,En agglomération,Hors intersection,Temps couvert,Deux véhicules - frontale,7,2,2,0,2,3,2,0,4,30,2,4,3,0,1,0,49.0,19.0,voiture,voiture,5,2,1,8,1
202300046572,2023-07-20 18:35:00,2023,7,20,18,35,34,34192,avenue reine d'italie,43.524706,3.919185,Plein jour,En agglomération,Hors intersection,Normale,Autre collision,3,2,2,0,1,1,1,0,1,50,2,2,1,0,0,1,45.0,53.0,voiture,deux_roues,1,2,1,1,6
202300046573,2023-09-29 18:02:00,2023,9,29,18,2,27,27681,Route d’Evreux,49.07865,1.44783,Plein jour,Hors agglomération,Hors intersection,Normale,Deux véhicules - côté,3,1,2,0,1,1,1,0,1,50,2,2,1,0,0,1,20.0,23.0,voiture,voiture,1,1,1,1,3
202300046574,2023-07-21 07:20:00,2023,7,21,7,20,29,29003,Rue du Môle,48.01275,-4.541425,Crépuscule ou aube,En agglomération,Hors intersection,Normale,Autre collision,4,2,2,0,1,1,1,6,1,50,1,2,1,0,0,1,66.0,,voiture,,2,2,1,1,6
202300046575,2023-01-08 16:00:00,2023,1,8,16,0,59,59560,FOURCHON RUE DU,50.5369,3.0281,Plein jour,Hors agglomération,Intersection en T,Normale,Deux véhicules - côté,7,-1,2,0,2,1,1,0,1,50,2,5,4,0,1,0,23.0,36.0,deux_roues,voiture,1,1,3,1,3
202300046575,2023-01-08 16:00:00,2023,1,8,16,0,59,59560,FOURCHON RUE DU,50.5369,3.0281,Plein jour,Hors agglomération,Intersection en T,Normale,Deux véhicules - côté,7,-1,2,0,2,2,1,0,1,50,2,5,4,0,1,0,23.0,36.0,deux_roues,voiture,1,1,3,1,3
202300046576,2023-09-30 11:30:00,2023,9,30,11,30,22,22187,RN12,48.52888,-2.75435,Plein jour,Hors agglomération,Hors intersection,Normale,Deux véhicules - arrière,2,2,4,0,2,1,1,0,1,110,2,3,0,0,0,3,53.0,29.0,voiture,voiture,1,1,1,1,2
202300046577,2023-01-07 18:00:00,2023,1,7,18,0,59,59350,CAMBRAI RUE DE N° IMPAIRS,50.62394087,3.0778724,Nuit avec éclairage allumé,En agglomération,Hors intersection,Normale,Deux véhicules - frontale,4,2,2,0,1,1,1,0,1,30,2,2,1,0,0,1,52.0,17.0,voiture,deux_roues,5,2,1,1,1
202300046578,2023-07-18 12:45:00,2023,7,18,12,45,72,72132,avenue du general deux gaulle,48.178907,0.653708,Plein jour,En agglomération,Autre intersection,Normale,Deux véhicules - frontale,4,2,2,0,1,1,1,0,1,-1,2,2,0,0,0,2,31.0,32.0,voiture,voiture,1,2,9,1,1
202300046579,2023-07-20 11:40:00,2023,7,20,11,40,06,06119,Camp des Fourches (Borne frontière),44.333786,6.865757,Plein jour,Hors agglomération,Hors intersection,Normale,Sans collision,7,2,2,0,2,3,1,0,1,80,1,1,0,0,1,0,38.0,,deux_roues,,1,1,1,1,7
202300046580,2023-01-08 14:37:00,2023,1,8,14,37,51,51230,Avenue Général Margueritte,49.02678,3.95752,Plein jour,En agglomération,Intersection en T,Temps éblouissant,Deux véhicules - côté,4,2,2,0,1,1,1,0,1,50,2,2,1,0,1,0,50.0,80.0,deux_roues,voiture,1,2,3,7,3
202300046580,2023-01-08 14:37:00,2023,1,8,14,37,51,51230,Avenue Général Margueritte,49.02678,3.95752,Plein jour,En agglomération,Intersection en T,Temps éblouissant,Deux véhicules - côté,4,2,2,0,1,1,1,0,1,-1,2,2,1,0,1,0,50.0,80.0,deux_roues,voiture,1,2,3,7,3
202300046581,2023-07-21 03:45:00,2023,7,21,3,45,14,14726,39 Route de Vire-Aunay,48.892106,-0.755525,Nuit sans éclairage public,Hors agglomération,Hors intersection,Normale,Deux véhicules - frontale,3,2,2,0,1,1,1,0,1,80,2,3,2,0,0,1,25.0,43.0,utilitaire_camion,voiture,3,1,1,1,1
202300046582,2023-01-08 16:00:00,2023,1,8,16,0,42,42187,Rue de Clermont,46.03046553,4.06685611,Plein jour,En agglomération,Intersection en T,Temps couvert,Deux véhicules - côté,4,2,2,0,2,1,1,0,1,50,2,3,1,2,0,0,54.0,25.0,voiture,deux_roues,1,2,3,8,3
202300046582,2023-01-08 16:00:00,2023,1,8,16,0,42,42187,Rue de Clermont,46.03046553,4.06685611,Plein jour,En agglomération,Intersection en T,Temps couvert,Deux véhicules - côté,4,2,0,0,1,2,1,0,8,50,2,3,1,2,0,0,54.0,25.0,voiture,deux_roues,1,2,3,8,3
202300046583,2023-09-30 17:30:00,2023,9,30,17,30,13,13208,JEAN MERMOZ (RUE),43.27427,5.38704,Plein jour,En agglomération,Intersection en T,Normale,Deux véhicules - frontale,4,1,1,0,1,1,1,0,1,30,1,3,2,0,0,1,16.0,,deux_roues,,1,2,3,1,1
202300046583,2023-09-30 17:30:00,2023,9,30,17,30,13,13208,JEAN MERMOZ (RUE),43.27427,5.38704,Plein jour,En agglomération,Intersection en T,Normale,Deux véhicules - frontale,4,1, -1,-1,1,1,1,0,1,-1,1,3,2,0,0,1,16.0,,deux_roues,,1,2,3,1,1
202300046584,2023-09-30 06:50:00,2023,9,30,6,50,06,06069,PLASCASSIER (route de),43.642953,6.966836,Nuit sans éclairage public,Hors agglomération,Hors intersection,Normale,Autre collision,3,2,2,0,1,2,1,0,3,50,1,1,0,0,0,1,26.0,,voiture,,3,1,1,1,6
202300046585,2023-06-25 13:00:00,2023,6,25,13,0,83,83082,D955,43.639919,6.477701,Plein jour,Hors agglomération,Hors intersection,Normale,Deux véhicules - côté,3,2,2,0,2,3,1,0,1,80,2,3,2,0,1,0,27.0,78.0,voiture,deux_roues,1,1,1,1,3
202300046586,2023-01-08 12:40:00,2023,1,8,12,40,35,35238,STRASBOURG (BOULEVARD DE),48.10995525,-1.65489346,Plein jour,En agglomération,Hors intersection,Normale,Deux véhicules - arrière,4,3,2,2,1,1,2,0,1,50,2,2,1,0,0,1,39.0,60.0,deux_roues,voiture,1,2,1,1,2
202300046587,2023-09-30 19:20:00,2023,9,30,19,20,06,06027,NICE AVENUE DE (RN7),43.656172,7.155041,Nuit avec éclairage allumé,En agglomération,Hors intersection,Normale,Deux véhicules - frontale,7,2,3,0,1,1,1,0,1,50,2,2,1,0,0,1,50.0,34.0,voiture,deux_roues,5,2,1,1,1
202300046588,2023-01-08 14:38:00,2023,1,8,14,38,33,33522,Avenue Georges Clémenceau,44.8031,-0.59795,Plein jour,En agglomération,Intersection en X,Pluie légère,Deux véhicules - côté,4,2,2,0,1,1,2,0,1,50,2,2,1,0,0,1,36.0,49.0,voiture,voiture,1,2,2,2,3
202300046588,2023-01-08 14:38:00,2023,1,8,14,38,33,33522,Avenue Georges Clémenceau,44.8031,-0.59795,Plein jour,En agglomération,Intersection en X,Pluie légère,Deux véhicules - côté,4,2,2,0,1,1,2,0,1,50,2,2,1,0,0,1,36.0,49.0,voiture,voiture,1,2,2,2,3
202300046589,2023-07-20 16:30:00,2023,7,20,16,30,73,73105,D1006 ROUTE DE LYON,45.44602415,5.73886753,Plein jour,Hors agglomération,Hors intersection,Normale,Deux véhicules - frontale,3,2,2,0,1,2,1,0,1,80,3,7,2,0,3,2,19.0,48.0,voiture,voiture,1,1,1,1,1
202300046590,2023-09-20 17:00:00,2023,9,20,17,0,05,05061,CHARANCE ( AVENUE DE ),44.56233,6.06364,Plein jour,En agglomération,Intersection en T,Pluie légère,Deux véhicules - côté,4,2,2,0,2,1,2,0,1,50,2,3,2,0,0,1,16.0,43.0,deux_roues,voiture,1,2,3,2,3
202300046590,2023-09-20 17:00:00,2023,9,20,17,0,05,05061,CHARANCE ( AVENUE DE ),44.56233,6.06364,Plein jour,En agglomération,Intersection en T,Pluie légère,Deux véhicules - côté,4,2,2,0,2,1,2,0,1,50,2,3,2,0,0,1,16.0,43.0,deux_roues,voiture,1,2,3,2,3
202300046591,2023-01-08 03:29:00,2023,1,8,3,29,25,25462,SALINS DE (DU 64 A LA FIN),46.90848,6.33973,Nuit avec éclairage allumé,En agglomération,Hors intersection,Pluie légère,Deux véhicules - frontale,4,2,2,0,1,1,2,0,1,50,2,2,0,0,0,2,32.0,32.0,voiture,voiture,5,2,1,2,1
202300046592,2023-07-21 11:45:00,2023,7,21,11,45,73,73300,D1201 Boulevard jean charcot,45.683675,5.894841,Plein jour,En agglomération,Giratoire,Normale,Deux véhicules - côté,3,3,2,2,1,2,1,5,1,50,2,3,1,0,1,1,52.0,41.0,voiture,deux_roues,1,2,6,1,3
202300046592,2023-07-21 11:45:00,2023,7,21,11,45,73,73300,D1201 Boulevard jean charcot,45.683675,5.894841,Plein jour,En agglomération,Giratoire,Normale,Deux véhicules - côté,3,-1, -1,0,1,1,1,5,1,-1,2,3,1,0,1,1,52.0,41.0,voiture,deux_roues,1,2,6,1,3
202300046593,2023-01-08 10:50:00,2023,1,8,10,50,25,25056,Côte de Morre,47.22669,6.05306,Plein jour,Hors agglomération,Hors intersection,Temps couvert,Autre collision,3,2,2,0,2,4,2,0,1,80,1,1,0,0,0,1,56.0,,voiture,,1,1,1,8,6
202300046594,2023-09-30 06:35:00,2023,9,30,6,35,75,75119,BD PERIPHERIQUE INTERIEUR,48.878879,2.407906,Nuit avec éclairage allumé,En agglomération,Hors intersection,Normale,Deux véhicules - arrière,4,1,4,0,1,1,1,1,1,70,2,2,1,0,0,1,26.0,23.0,voiture,voiture,5,2,1,1,2
202300046595,2023-01-07 10:45:00,2023,1,7,10,45,25,25056,CARRIERS RUE DES,47.22957,5.9862,Plein jour,En agglomération,Hors intersection,Normale,Deux véhicules - côté,4,2,1,0,3,2,1,0,1,50,2,2,1,0,0,1,87.0,45.0,voiture,voiture,1,2,1,1,3
202300046596,2023-07-20 09:56:00,2023,7,20,9,56,07,07050,"Lieu-dit ""Les plots du puech""",44.414425,4.140548,Plein jour,En agglomération,Hors intersection,Normale,Deux véhicules - arrière,4,2,2,0,1,1,1,0,1,30,2,2,1,0,1,0,64.0,23.0,voiture,deux_roues,1,2,1,1,2
202300046597,2023-07-16 16:10:00,2023,7,16,16,10,07,07050,Route de Païolive,44.410256,4.145343,Nuit sans éclairage public,Hors agglomération,Hors intersection,Normale,Autre collision,3,2,2,0,2,2,1,0,3,90,1,1,0,0,1,0,57.0,,deux_roues,,3,1,1,1,6
202300046598,2023-01-08 23:15:00,2023,1,8,23,15,13,13208,pointe rouge (ave),43.24715714,5.37395641,Nuit avec éclairage allumé,En agglomération,Hors intersection,Normale,Trois véhicules et plus - collisions multiples,4,2,2,0,1,1,1,9,1,50,2,5,0,0,5,0,24.0,23.0,utilitaire_camion,voiture,5,2,1,1,5
202300046599,2023-09-29 21:30:00,2023,9,29,21,30,75,75118,PORTE DE SAINT OUEN,48.900731,2.335823,Nuit avec éclairage allumé,En agglomération,Hors intersection,Normale,Deux véhicules - arrière,4,1,4,0,1,1,1,0,1,70,2,2,1,0,0,1,32.0,34.0,voiture,voiture,5,2,1,1,2
202300046600,2023-01-08 18:15:00,2023,1,8,18,15,13,13209,CONCORDE (BOULEVARD DE LA),43.24859196,5.40145716,Nuit avec éclairage allumé,En agglomération,Hors intersection,Normale,Deux véhicules - côté,4,2,2,0,1,1,2,0,1,50,3,3,2,0,0,1,28.0,54.0,deux_roues,voiture,5,2,1,1,3
202300046601,2023-07-21 15:30:00,2023,7,21,15,30,53,53127,Rue du bois hubert,48.440487,-0.503456,Plein jour,Hors agglomération,Intersection en T,Normale,Autre collision,4,2,2,0,2,1,1,0,3,80,1,1,0,0,1,0,55.0,,utilitaire_camion,,1,1,3,1,6
202300046601,2023-07-21 15:30:00,2023,7,21,15,30,53,53127,Rue du bois hubert,48.440487,-0.503456,Plein jour,Hors agglomération,Intersection en T,Normale,Autre collision,4,2, -1,-1,2,1,1,0,-1,-1,1,1,0,0,1,0,55.0,,utilitaire_camion,,1,1,3,1,6
202300046602,2023-09-30 12:00:00,2023,9,30,12,0,75,75118,BD PERIPHERIQUE EXTERIEUR,48.901118,2.354841,Plein jour,En agglomération,Hors intersection,Normale,Deux véhicules - arrière,4,1,4,0,1,1,1,0,1,70,2,2,1,0,0,1,39.0,23.0,deux_roues,voiture,1,2,1,1,2
202300046603,2023-01-07 17:18:00,2023,1,7,17,18,13,13204,PIERRE BROSSOLETTE (PLACE),43.30672372,5.40046111,Plein jour,En agglomération,Hors intersection,Normale,Deux véhicules - côté,4,1,2,0,1,1,1,0,1,50,2,2,1,0,0,1,51.0,20.0,voiture,deux_roues,1,2,1,1,3
202300046604,2023-07-20 10:15:00,2023,7,20,10,15,21,21092,D2,47.14003,4.774051,Plein jour,Hors agglomération,Hors intersection,Normale,Deux véhicules - frontale,3,2,2,0,2,3,1,0,1,80,2,2,1,1,0,0,30.0,60.0,voiture,deux_roues,1,1,1,1,1
202300046605,2023-09-30 00:50:00,2023,9,30,0,50,75,75116,ALLEE DE LA REINE MARGUERITE,48.858565,2.244856,Nuit avec éclairage allumé,En agglomération,Intersection en X,Normale,Deux véhicules - côté,4,2,2,0,1,1,1,0,1,50,2,2,0,0,2,0,21.0,31.0,deux_roues,voiture,5,2,2,1,3
202300046605,2023-09-30 00:50:00,2023,9,30,0,50,75,75116,ALLEE DE LA REINE MARGUERITE,48.858565,2.244856,Nuit avec éclairage allumé,En agglomération,Intersection en X,Normale,Deux véhicules - côté,4,2, -1,-1,1,1,1,0,1,50,2,2,0,0,2,0,21.0,31.0,deux_roues,voiture,5,2,2,1,3
202300046606,2023-01-08 18:45:00,2023,1,8,18,45,13,13063,Rond Point les 4 Chemins,43.58029,5.00074,Nuit avec éclairage allumé,En agglomération,Giratoire,Normale,Deux véhicules - arrière,4,2,2,0,1,1,1,0,1,70,2,4,2,0,0,2,53.0,53.0,voiture,deux_roues,5,2,6,1,2
202300046607,2023-01-08 11:05:00,2023,1,8,11,5,13,13001,ROGNES (RTE DE),43.60224,5.36589,Plein jour,Hors agglomération,Hors intersection,Temps couvert,Deux véhicules - frontale,3,2,2,0,1,1,2,0,3,80,1,1,0,1,0,0,39.0,,voiture,,1,1,1,8,1
202300046608,2023-07-20 22:37:00,2023,7,20,22,37,85,85133,Carrefour Champ de la Roche / RD 68,46.370799,-0.730988,Nuit sans éclairage public,Hors agglomération,Intersection en X,Normale,Deux véhicules - côté,3,2,2,0,1,1,1,0,1,80,2,6,3,0,3,0,45.0,18.0,voiture,voiture,3,1,2,1,3
202300046608,2023-07-20 22:37:00,2023,7,20,22,37,85,85133,Carrefour Champ de la Roche / RD 68,46.370799,-0.730988,Nuit sans éclairage public,Hors agglomération,Intersection en X,Normale,Deux véhicules - côté,3,2,2,0,2,1,1,0,1,80,2,6,3,0,3,0,45.0,18.0,voiture,voiture,3,1,2,1,3
202300046609,2023-09-30 18:30:00,2023,9,30,18,30,75,75114,AVENUE DU GENERAL LECLERC,48.829611,2.32852,Plein jour,En agglomération,Intersection en T,Normale,Deux véhicules - côté,4,2,5,3,1,1,1,0,1,30,2,2,1,0,0,1,46.0,23.0,deux_roues,voiture,1,2,3,1,3
202300046609,2023-09-30 18:30:00,2023,9,30,18,30,75,75114,AVENUE DU GENERAL LECLERC,48.829611,2.32852,Plein jour,En agglomération,Intersection en T,Normale,Deux véhicules - côté,4,1, -1,-1,1,1,1,0,1,30,2,2,1,0,0,1,46.0,23.0,deux_roues,voiture,1,2,3,1,3
202300046610,2023-01-08 10:30:00,2023,1,8,10,30,13,13001,RN 296,43.55002,5.42951,Plein jour,Hors agglomération,Hors intersection,Pluie légère,Trois véhicules et plus - collisions multiples,2,1,2,0,2,3,2,0,2,50,3,4,3,0,0,1,22.0,,voiture,,1,1,1,2,5
202300046611,2023-07-20 10:00:00,2023,7,20,10,0,37,37167,La Seguiniere,47.561882,0.521904,Plein jour,Hors agglomération,Intersection en X,Normale,Deux véhicules - côté,4,2,2,0,2,1,1,0,1,80,2,2,1,0,0,1,32.0,52.0,voiture,voiture,1,1,2,1,3
202300046611,2023-07-20 10:00:00,2023,7,20,10,0,37,37167,La Seguiniere,47.561882,0.521904,Plein jour,Hors agglomération,Intersection en X,Normale,Deux véhicules - côté,4,2,2,0,2,1,1,0,1,80,2,2,1,0,0,1,32.0,52.0,voiture,voiture,1,1,2,1,3
202300046612,2023-09-30 12:10:00,2023,9,30,12,10,75,75106,RUE DAUPHINE,48.854168,2.338952,Plein jour,En agglomération,Intersection en Y,Normale,Autre collision,4,1, -1,-1,1,1,1,0,1,30,1,2,0,0,0,2,38.0,,deux_roues,,1,2,4,1,6
202300046612,2023-09-30 12:10:00,2023,9,30,12,10,75,75106,RUE DAUPHINE,48.854168,2.338952,Plein jour,En agglomération,Intersection en Y,Normale,Autre collision,4,1,1,0,1,1,1,0,1,30,1,2,0,0,0,2,38.0,,deux_roues,,1,2,4,1,6
202300046613,2023-01-08 09:00:00,2023,1,8,9,0,06,06004,FOURNEL BADINE CH.ET IMP.,43.578506,7.117251,Plein jour,En agglomération,Intersection en T,Pluie forte,Deux véhicules - côté,4,2,2,0,1,1,2,0,1,50,2,2,1,0,0,1,51.0,29.0,deux_roues,voiture,1,2,3,3,3
202300046613,2023-01-08 09:00:00,2023,1,8,9,0,06,06004,FOURNEL BADINE CH.ET IMP.,43.578506,7.117251,Plein jour,En agglomération,Intersection en T,Pluie forte,Deux véhicules - côté,4,2,2,0,2,2,2,0,1,50,2,2,1,0,0,1,51.0,29.0,deux_roues,voiture,1,2,3,3,3