accident_id,datetime,annee,mois,jour,heure,minute,departement,commune_insee,adresse,latitude,longitude,luminosite,agglomeration,intersection,meteo,collision,catr,circ,nbv,vosp,prof,plan,surf,infra,situ,vma,nb_vehicules,nb_usagers,nb_indemnes,nb_tues,nb_blesses_hosp,nb_blesses_legers,age_cond_1,age_cond_2,veh_type_cond_1,veh_type_cond_2,lum_code,agg_code,int_code,atm_code,col_code
202300046614,2023-07-19 14:00:00,2023,7,19,14,0,52,52292,01 rue de la digue,47.757687,5.317442,Plein jour,En agglomération,Intersection en X,Normale,Deux véhicules - côté,4,-1, -1,0,1,2,1,0,1,-1,2,2,1,0,0,1,76.0,28.0,voiture,deux_roues,1,2,2,1,3
202300046614,2023-07-19 14:00:00,2023,7,19,14,0,52,52292,01 rue de la digue,47.757687,5.317442,Plein jour,En agglomération,Intersection en X,Normale,Deux véhicules - côté,4,2,2,0,1,3,1,0,1,30,2,2,1,0,0,1,76.0,28.0,voiture,deux_roues,1,2,2,1,3
202300046615,2023-01-07 18:17:00,2023,1,7,18,17,75,75117,PORTE D ASNIERES,48.893172,2.303521,Nuit avec éclairage allumé,En agglomération,Hors intersection,Normale,Deux véhicules - arrière,4,3,8,0,1,1,1,0,1,70,2,2,1,1,0,0,50.0,69.0,voiture,deux_roues,5,2,1,1,2
202300046616,2023-09-30 11:00:00,2023,9,30,11,0,75,75118,RUE DE CLIGNANCOURT,48.885032,2.347344,Plein jour,En agglomération,Intersection en T,Normale,Autre collision,4,1, -1,-1,1,1,1,0,1,30,1,2,1,0,0,1,45.0,,voiture,,1,2,3,1,6
202300046616,2023-09-30 11:00:00,2023,9,30,11,0,75,75118,RUE DE CLIGNANCOURT,48.885032,2.347344,Plein jour,En agglomération,Intersection en T,Normale,Autre collision,4,-1,2,0,1,1,1,0,1,30,1,2,1,0,0,1,45.0,,voiture,,1,2,3,1,6
202300046617,2023-07-20 18:20:00,2023,7,20,18,20,52,52420,D147,48.276417,5.330767,Plein jour,Hors agglomération,Hors intersection,Normale,Deux véhicules - frontale,3,2,2,0,1,1,1,0,1,90,2,2,1,0,1,0,21.0,36.0,voiture,utilitaire_camion,1,1,1,1,1
202300046618,2023-01-06 12:52:00,2023,1,6,12,52,75,75113,BOULEVARD AUGUSTE BLANQUI,48.830882,2.344177,Plein jour,En agglomération,Intersection en X,Temps couvert,Deux véhicules - côté,4,3,2,2,1,1,1,0,1,30,2,7,1,0,0,6,39.0,29.0,voiture,voiture,1,2,2,8,3
202300046618,2023-01-06 12:52:00,2023,1,6,12,52,75,75113,BOULEVARD AUGUSTE BLANQUI,48.830882,2.344177,Plein jour,En agglomération,Intersection en X,Temps couvert,Deux véhicules - côté,4,2,2,2,1,1,1,0,1,30,2,7,1,0,0,6,39.0,29.0,voiture,voiture,1,2,2,8,3
202300046619,2023-07-20 12:50:00,2023,7,20,12,50,88,88451,Rue de la République,48.395908,6.981404,Plein jour,En agglomération,Autre intersection,Normale,Deux véhicules - côté,3,2,2,0,1,1,1,0,1,50,2,2,1,0,1,0,11.0,43.0,deux_roues,voiture,1,2,9,1,3
202300046620,2023-09-30 12:05:00,2023,9,30,12,5,75,75117,PLACE DE LA REPUBLIQUE DOMINICAINE,48.880803,2.308915,Plein jour,En agglomération,Intersection à plus de 4 branches,Normale,Deux véhicules - arrière,4,-1, -1,-1,1,1,1,0,1,30,2,2,1,0,0,1,30.0,,deux_roues,voiture,1,2,5,1,2
202300046620,2023-09-30 12:05:00,2023,9,30,12,5,75,75117,PLACE DE LA REPUBLIQUE DOMINICAINE,48.880803,2.308915,Plein jour,En agglomération,Intersection à plus de 4 branches,Normale,Deux véhicules - arrière,4,2,6,1,1,1,1,0,1,30,2,2,1,0,0,1,30.0,,deux_roues,voiture,1,2,5,1,2
202300046621,2023-01-08 21:30:00,2023,1,8,21,30,75,75106,RUE DE VAUGIRARD,48.846428,2.324772,Nuit avec éclairage allumé,En agglomération,Hors intersection,Normale,Deux véhicules - arrière,4,1,3,1,1,1,2,-1,5,30,2,2,1,0,0,1,39.0,29.0,deux_roues,deux_roues,5,2,1,1,2
202300046622,2023-07-20 23:00:00,2023,7,20,23,0,88,88142,D41,48.233664,6.374452,Nuit sans éclairage public,Hors agglomération,Hors intersection,Normale,Deux véhicules - frontale,3,2,2,0,1,1,1,0,1,90,2,2,1,0,1,0,41.0,24.0,voiture,voiture,3,1,1,1,1
202300046623,2023-01-08 13:00:00,2023,1,8,13,0,75,75105,BOULEVARD SAINT MICHEL,48.850275,2.342672,Plein jour,En agglomération,Intersection en T,Normale,Autre collision,4,2,0,0,2,1,1,0,1,30,1,2,1,0,0,1,40.0,,deux_roues,,1,2,3,1,6
202300046623,2023-01-08 13:00:00,2023,1,8,13,0,75,75105,BOULEVARD SAINT MICHEL,48.850275,2.342672,Plein jour,En agglomération,Intersection en T,Normale,Autre collision,4,2,0,0,2,1,1,0,1,30,1,2,1,0,0,1,40.0,,deux_roues,,1,2,3,1,6
202300046624,2023-07-20 16:30:00,2023,7,20,16,30,42,42116,A89,45.872479,3.922441,Plein jour,Hors agglomération,Hors intersection,Temps éblouissant,Deux véhicules - arrière,1,3,2,0,2,1,1,0,1,110,2,3,2,1,0,0,41.0,59.0,utilitaire_camion,utilitaire_camion,1,1,1,7,2
202300046625,2023-09-29 17:00:00,2023,9,29,17,0,75,75117,PLACE DES TERNES,48.878406,2.298392,Plein jour,En agglomération,Place,Normale,Deux véhicules - frontale,4,2,4,-1,2,1,1,0,1,30,2,2,1,0,0,1,65.0,41.0,voiture,voiture,1,2,7,1,1
202300046625,2023-09-29 17:00:00,2023,9,29,17,0,75,75117,PLACE DES TERNES,48.878406,2.298392,Plein jour,En agglomération,Place,Normale,Deux véhicules - frontale,4,4,4,1,1,1,1,0,1,30,2,2,1,0,0,1,65.0,41.0,voiture,voiture,1,2,7,1,1
202300046626,2023-01-08 19:35:00,2023,1,8,19,35,75,75119,RUE BOTZARIS,48.878701,2.382295,Nuit avec éclairage allumé,En agglomération,Hors intersection,Pluie légère,Deux véhicules - côté,4,2,2,0,2,1,2,0,1,30,2,4,3,0,0,1,23.0,26.0,voiture,deux_roues,5,2,1,2,3
202300046627,2023-07-20 18:10:00,2023,7,20,18,10,42,42173,A89,45.826844,4.105952,Plein jour,Hors agglomération,Hors intersection,Normale,Sans collision,1,3,2,0,1,1,1,3,1,130,1,1,0,0,1,0,24.0,,deux_roues,,1,1,1,1,7
202300046628,2023-07-01 12:00:00,2023,7,1,12,0,38,38253,rue des vikings,45.007455,6.122078,Plein jour,En agglomération,Autre intersection,Normale,Autre collision,4,2,2,0,2,2,1,6,1,30,1,2,1,0,0,1,35.0,,utilitaire_camion,,1,2,9,1,6
202300046629,2023-09-30 20:10:00,2023,9,30,20,10,75,75113,RUE DE LA GLACIERE,48.827799,2.342408,Nuit avec éclairage allumé,En agglomération,Hors intersection,Normale,Autre collision,4,1,2,0,1,1,1,0,1,30,1,2,1,0,0,1,29.0,,deux_roues,,5,2,1,1,6
202300046630,2023-01-08 18:30:00,2023,1,8,18,30,75,75116,AVENUE DE VERSAILLES,48.84004621,2.26371467,Nuit avec éclairage allumé,En agglomération,Intersection en Y,Pluie légère,Autre collision,4,2,3,0,1,1,2,0,1,50,1,1,0,0,0,1,79.0,,voiture,,5,2,4,2,6
202300046630,2023-01-08 18:30:00,2023,1,8,18,30,75,75116,AVENUE DE VERSAILLES,48.84004621,2.26371467,Nuit avec éclairage allumé,En agglomération,Intersection en Y,Pluie légère,Autre collision,4,1,1,0,1,1,2,0,1,30,1,1,0,0,0,1,79.0,,voiture,,5,2,4,2,6
202300046631,2023-07-21 06:27:00,2023,7,21,6,27,38,38118,A48 - PK 067.000,45.38742,5.472286,Crépuscule ou aube,Hors agglomération,Autre intersection,Normale,Sans collision,1,3,2,0,2,3,1,0,1,130,1,1,0,0,0,1,32.0,,deux_roues,,2,1,9,1,7
202300046632,2023-07-20 18:10:00,2023,7,20,18,10,28,28199,autoroute A10 - PK 63+400,48.217038,1.846905,Plein jour,Hors agglomération,Hors intersection,Normale,Autre collision,1,3,3,0,1,1,1,0,1,130,1,2,1,0,1,0,55.0,,voiture,,1,1,1,1,6
202300046633,2023-09-30 21:05:00,2023,9,30,21,5,75,75113,BOULEVARD DE L HOPITAL,48.835495,2.3586,Nuit avec éclairage allumé,En agglomération,Intersection en T,Normale,Deux véhicules - côté,4,2,3,3,1,1,1,0,1,30,2,2,1,0,0,1,28.0,52.0,deux_roues,voiture,5,2,3,1,3
202300046633,2023-09-30 21:05:00,2023,9,30,21,5,75,75113,BOULEVARD DE L HOPITAL,48.835495,2.3586,Nuit avec éclairage allumé,En agglomération,Intersection en T,Normale,Deux véhicules - côté,4,1, -1,-1,1,1,1,0,1,30,2,2,1,0,0,1,28.0,52.0,deux_roues,voiture,5,2,3,1,3
202300046634,2023-01-08 03:40:00,2023,1,8,3,40,75,75110,BOULEVARD DE STRASBOURG,48.87017136,2.35473678,Nuit avec éclairage allumé,En agglomération,Hors intersection,Normale,Autre collision,4,1,3,1,1,1,2,-1,6,30,1,2,0,0,0,2,25.0,,deux_roues,,5,2,1,1,6
202300046635,2023-07-20 10:07:00,2023,7,20,10,7,84,84078,"A7, pk 151+700 sens 1",44.237544,4.706955,Plein jour,Hors agglomération,Hors intersection,Normale,Sans collision,1,3,3,0,1,1,1,0,1,130,1,2,0,0,2,0,55.0,,deux_roues,,1,1,1,1,7
202300046636,2023-09-30 09:30:00,2023,9,30,9,30,75,75113,BOULEVARD MASSENA,48.823159,2.373807,Plein jour,En agglomération,Hors intersection,Normale,Sans collision,4,1,4,1,2,1,1,0,4,30,1,1,0,0,0,1,29.0,,deux_roues,,1,2,1,1,7
202300046637,2023-01-08 04:15:00,2023,1,8,4,15,75,75108,AVENUE GEORGE V,48.864732,2.301488,Nuit avec éclairage allumé,En agglomération,Place,Normale,Deux véhicules - côté,4,-1,0,0,1,1,1,0,1,30,2,2,1,0,0,1,36.0,23.0,voiture,voiture,5,2,7,1,3
202300046637,2023-01-08 04:15:00,2023,1,8,4,15,75,75108,AVENUE GEORGE V,48.864732,2.301488,Nuit avec éclairage allumé,En agglomération,Place,Normale,Deux véhicules - côté,4,2, -1,-1,1,1,1,0,1,-1,2,2,1,0,0,1,36.0,23.0,voiture,voiture,5,2,7,1,3
202300046638,2023-07-13 11:05:00,2023,7,13,11,5,971,97117,Rue de la République,16.33083,-61.345384,Plein jour,En agglomération,Intersection en X,Normale,Autre collision,2,2,2,-1,1,1,1,9,1,-1,1,2,1,0,0,1,55.0,,voiture,,1,2,2,1,6
202300046638,2023-07-13 11:05:00,2023,7,13,11,5,971,97117,Rue de la République,16.33083,-61.345384,Plein jour,En agglomération,Intersection en X,Normale,Autre collision,2,1,1,0,1,1,1,0,1,50,1,2,1,0,0,1,55.0,,voiture,,1,2,2,1,6
202300046639,2023-01-08 17:15:00,2023,1,8,17,15,75,75107,RUE DU BAC,48.850977,2.323839,Plein jour,En agglomération,Hors intersection,Normale,Autre collision,4,1,1,0,1,1,1,0,1,30,1,2,1,0,0,1,33.0,,deux_roues,,1,2,1,1,6
202300046640,2023-07-19 20:45:00,2023,7,19,20,45,33,33199,14 Boulevard de la Côte d'Argent,44.64010071,-1.04437038,Crépuscule ou aube,En agglomération,Intersection en X,Normale,Deux véhicules - côté,3,2,2,0,1,1,1,0,1,50,2,2,1,1,0,0,59.0,20.0,deux_roues,voiture,2,2,2,1,3
202300046640,2023-07-19 20:45:00,2023,7,19,20,45,33,33199,14 Boulevard de la Côte d'Argent,44.64010071,-1.04437038,Crépuscule ou aube,En agglomération,Intersection en X,Normale,Deux véhicules - côté,3,2,2,-1,1,1,1,0,1,50,2,2,1,1,0,0,59.0,20.0,deux_roues,voiture,2,2,2,1,3
202300046641,2023-07-20 18:55:00,2023,7,20,18,55,77,77005,D404,48.934787,2.727913,Plein jour,Hors agglomération,Hors intersection,Normale,Deux véhicules - côté,3,2,2,0,1,1,1,2,1,90,2,2,1,0,1,0,53.0,43.0,deux_roues,transport_commun,1,1,1,1,3
202300046642,2023-09-30 19:30:00,2023,9,30,19,30,75,75111,AVENUE PHILIPPE AUGUSTE,48.854697,2.392016,Crépuscule ou aube,En agglomération,Hors intersection,Normale,Deux véhicules - côté,4,2,2,0,1,1,1,0,1,30,2,2,1,0,0,1,36.0,32.0,utilitaire_camion,deux_roues,2,2,1,1,3
202300046643,2023-01-08 13:12:00,2023,1,8,13,12,93,93071,Boulevard Stalingrad / Place de la Gare Sevran,48.9353,2.53415,Plein jour,En agglomération,Intersection en T,Pluie légère,Autre collision,3,2,2,-1,1,1,2,0,1,-1,1,2,1,0,0,1,34.0,,transport_commun,,1,2,3,2,6
202300046643,2023-01-08 13:12:00,2023,1,8,13,12,93,93071,Boulevard Stalingrad / Place de la Gare Sevran,48.9353,2.53415,Plein jour,En agglomération,Intersection en T,Pluie légère,Autre collision,3,1,2,0,1,3,2,0,1,50,1,2,1,0,0,1,34.0,,transport_commun,,1,2,3,2,6
202300046644,2023-07-01 19:50:00,2023,7,1,19,50,30,30155,,43.82725,4.48482,Plein jour,Hors agglomération,Hors intersection,Normale,Deux véhicules - arrière,3,2,2,0,1,1,1,0,1,80,2,2,1,0,0,1,50.0,27.0,deux_roues,utilitaire_camion,1,1,1,1,2
202300046645,2023-01-08 11:02:00,2023,1,8,11,2,93,93077,Avenue du Général Galliéni,48.89232,2.505,Plein jour,En agglomération,Hors intersection,Normale,Autre collision,4,2,2,1,1,1,2,0,5,50,1,2,1,0,0,1,37.0,,deux_roues,,1,2,1,1,6
202300046646,2023-01-08 02:40:00,2023,1,8,2,40,93,93062,Allée de Clichy / Allée du Plateau,48.9004,2.52925,Nuit avec éclairage allumé,En agglomération,Giratoire,Normale,Autre collision,4,2,2,0,1,1,1,5,1,50,1,2,1,0,0,1,21.0,,voiture,,5,2,6,1,6
202300046646,2023-01-08 02:40:00,2023,1,8,2,40,93,93062,Allée de Clichy / Allée du Plateau,48.9004,2.52925,Nuit avec éclairage allumé,En agglomération,Giratoire,Normale,Autre collision,4,2,2,0,1,1,1,5,1,50,1,2,1,0,0,1,21.0,,voiture,,5,2,6,1,6
202300046647,2023-09-29 13:20:00,2023,9,29,13,20,75,75120,AVENUE IBSEN,48.86666,2.41263,Plein jour,En agglomération,Intersection en Y,Normale,Deux véhicules - côté,4,1,2,1,1,1,1,0,1,30,2,2,1,0,1,0,32.0,53.0,deux_roues,deux_roues,1,2,4,1,3
202300046647,2023-09-29 13:20:00,2023,9,29,13,20,75,75120,AVENUE IBSEN,48.86666,2.41263,Plein jour,En agglomération,Intersection en Y,Normale,Deux véhicules - côté,4,1,2,-1,1,1,1,0,1,50,2,2,1,0,1,0,32.0,53.0,deux_roues,deux_roues,1,2,4,1,3
202300046648,2023-01-08 18:25:00,2023,1,8,18,25,93,93048,Rue de Stalingrad / Rue des 4 Ruelles,48.85333269,2.44839549,Nuit avec éclairage allumé,En agglomération,Intersection en X,Pluie légère,Deux véhicules - côté,3,2,2,1,2,1,2,0,1,30,2,2,1,0,0,1,46.0,48.0,deux_roues,voiture,5,2,2,2,3
202300046648,2023-01-08 18:25:00,2023,1,8,18,25,93,93048,Rue de Stalingrad / Rue des 4 Ruelles,48.85333269,2.44839549,Nuit avec éclairage allumé,En agglomération,Intersection en X,Pluie légère,Deux véhicules - côté,3,2,2,0,2,1,2,9,1,50,2,2,1,0,0,1,46.0,48.0,deux_roues,voiture,5,2,2,2,3
202300046649,2023-01-08 20:40:00,2023,1,8,20,40,93,93010,Avenue de Rosny,48.90082997,2.47084558,Nuit avec éclairage allumé,En agglomération,Hors intersection,Pluie légère,Deux véhicules - arrière,3,2,2,0,1,1,2,0,1,50,2,2,1,0,0,1,,19.0,voiture,deux_roues,5,2,1,2,2
202300046650,2023-07-20 19:00:00,2023,7,20,19,0,34,34023,14 Avenue Pasteur,43.437854,3.675474,Plein jour,En agglomération,Intersection en T,Normale,Deux véhicules - arrière,4,1,1,0,1,1,1,0,1,50,2,9,8,0,0,1,25.0,38.0,voiture,transport_commun,1,2,3,1,2
202300046650,2023-07-20 19:00:00,2023,7,20,19,0,34,34023,14 Avenue Pasteur,43.437854,3.675474,Plein jour,En agglomération,Intersection en T,Normale,Deux véhicules - arrière,4,2, -1,-1,1,1,1,0,1,-1,2,9,8,0,0,1,25.0,38.0,voiture,transport_commun,1,2,3,1,2
202300046651,2023-09-29 23:10:00,2023,9,29,23,10,75,75112,BOULEVARD DE LA BASTILLE,48.84801,2.367646,Nuit avec éclairage allumé,En agglomération,Intersection en X,Normale,Deux véhicules - arrière,4,1,2,0,1,1,1,0,1,30,2,3,2,0,0,1,25.0,28.0,deux_roues,utilitaire_camion,5,2,2,1,2
202300046651,2023-09-29 23:10:00,2023,9,29,23,10,75,75112,BOULEVARD DE LA BASTILLE,48.84801,2.367646,Nuit avec éclairage allumé,En agglomération,Intersection en X,Normale,Deux véhicules - arrière,4,1, -1,-1,1,1,1,0,1,30,2,3,2,0,0,1,25.0,28.0,deux_roues,utilitaire_camion,5,2,2,1,2
202300046652,2023-01-09 09:10:00,2023,1,9,9,10,35,35245,24 Rue de la Chauvrais,48.217621,-1.888837,Plein jour,En agglomération,Hors intersection,Pluie légère,Autre collision,3,2,2,0,1,1,2,0,4,50,1,1,0,0,1,0,23.0,,deux_roues,,1,2,1,2,6
202300046653,2023-09-30 18:41:00,2023,9,30,18,41,75,75111,BOULEVARD DE MENILMONTANT,48.86698199,2.38285384,Plein jour,En agglomération,Intersection en X,Normale,Autre collision,4,2,2,0,1,1,1,0,1,30,1,2,1,0,0,1,23.0,,voiture,,1,2,2,1,6
202300046653,2023-09-30 18:41:00,2023,9,30,18,41,75,75111,BOULEVARD DE MENILMONTANT,48.86698199,2.38285384,Plein jour,En agglomération,Intersection en X,Normale,Autre collision,4,1, -1,-1,1,1,1,0,1,30,1,2,1,0,0,1,23.0,,voiture,,1,2,2,1,6
202300046654,2023-01-08 19:00:00,2023,1,8,19,0,62,62219,D134e3,50.299744,2.018609,Nuit sans éclairage public,Hors agglomération,Hors intersection,Pluie forte,Autre collision,3,2,2,0,2,3,2,0,3,80,1,1,0,0,1,0,26.0,,voiture,,3,1,1,3,6
202300046655,2023-01-08 12:45:00,2023,1,8,12,45,51,51531,D995,48.779214,4.896029,Plein jour,Hors agglomération,Hors intersection,Normale,Deux véhicules - arrière,3,2,2,0,4,1,1,0,1,80,2,2,1,0,0,1,61.0,28.0,voiture,voiture,1,1,1,1,2
202300046656,2023-01-09 15:05:00,2023,1,9,15,5,80,80076,A28,50.051159,1.772361,Plein jour,Hors agglomération,Hors intersection,Neige / grêle,Autre collision,1,3,4,0,1,1,2,0,1,110,1,2,1,0,0,1,35.0,,voiture,,1,1,1,4,6
202300046657,2023-01-07 18:00:00,2023,1,7,18,0,42,42338,Route de Roanne,46.079735,4.105035,Nuit sans éclairage public,Hors agglomération,Hors intersection,Normale,Deux véhicules - côté,3,2,2,0,1,1,1,0,1,80,2,2,1,0,1,0,79.0,67.0,voiture,voiture,3,1,1,1,3
202300046658,2023-09-30 09:45:00,2023,9,30,9,45,75,75111,BOULEVARD VOLTAIRE,48.855876,2.383252,Plein jour,En agglomération,Intersection en T,Normale,Deux véhicules - arrière,4,2,2,1,1,1,1,0,1,30,2,2,1,0,0,1,52.0,43.0,deux_roues,voiture,1,2,3,1,2
202300046658,2023-09-30 09:45:00,2023,9,30,9,45,75,75111,BOULEVARD VOLTAIRE,48.855876,2.383252,Plein jour,En agglomération,Intersection en T,Normale,Deux véhicules - arrière,4,1,0,0,1,1,1,0,1,30,2,2,1,0,0,1,52.0,43.0,deux_roues,voiture,1,2,3,1,2
202300046659,2023-07-18 10:20:00,2023,7,18,10,20,34,34289,Chemin de la Viere,43.394103,3.405826,Plein jour,Hors agglomération,Hors intersection,Normale,Deux véhicules - côté,4,2,2,0,1,1,1,0,1,90,2,2,1,0,0,1,21.0,,deux_roues,voiture,1,1,1,1,3
202300046660,2023-01-07 17:38:00,2023,1,7,17,38,31,31044,41 M112 - route de lavaur,43.611145,1.503595,Nuit avec éclairage allumé,En agglomération,Hors intersection,Normale,Deux véhicules - arrière,4,2,2,0,1,1,1,0,1,50,2,2,1,0,1,0,51.0,54.0,voiture,deux_roues,5,2,1,1,2
202300046661,2023-01-07 22:15:00,2023,1,7,22,15,974,97422,75 Rue Georges Pompidou,-21.264351,55.523669,Nuit avec éclairage allumé,En agglomération,Hors intersection,Normale,Deux véhicules - frontale,2,2,2,0,2,3,1,0,1,-1,2,2,0,0,0,2,21.0,37.0,voiture,autre,5,2,1,1,1
202300046662,2023-01-08 17:10:00,2023,1,8,17,10,35,35308,La Croix Chemin,48.447091,-1.928546,Crépuscule ou aube,Hors agglomération,Hors intersection,Normale,Autre collision,3,2,2,0,1,2,2,0,3,80,1,1,0,0,1,0,50.0,,voiture,,2,1,1,1,6
202300046663,2023-09-30 16:15:00,2023,9,30,16,15,75,75107,QUAI BRANLY,48.860509,2.295671,Plein jour,En agglomération,Intersection en T,Normale,Deux véhicules - frontale,4,2, -1,-1,1,1,1,0,5,30,2,2,1,0,0,1,,61.0,deux_roues,deux_roues,1,2,3,1,1
202300046663,2023-09-30 16:15:00,2023,9,30,16,15,75,75107,QUAI BRANLY,48.860509,2.295671,Plein jour,En agglomération,Intersection en T,Normale,Deux véhicules - frontale,4,2,9,1,2,1,1,0,5,25,2,2,1,0,0,1,,61.0,deux_roues,deux_roues,1,2,3,1,1
202300046664,2023-01-08 15:00:00,2023,1,8,15,0,87,87019,A20,45.746773,1.339989,Plein jour,Hors agglomération,Hors intersection,Pluie forte,Autre collision,1,3,4,0,2,2,2,0,1,130,1,2,1,0,1,0,61.0,,voiture,,1,1,1,3,6
202300046665,2023-09-29 14:00:00,2023,9,29,14,0,75,75101,VOIE GEORGES POMPIDOU,48.857421,2.345604,Plein jour,En agglomération,Hors intersection,Normale,Autre collision,4,2,1,0,1,1,1,0,1,25,1,2,0,0,0,2,22.0,,deux_roues,,1,2,1,1,6
202300046666,2023-09-30 17:34:00,2023,9,30,17,34,94,94033,Rue des Beaumonts,48.85367,2.455,Plein jour,En agglomération,Hors intersection,Normale,Autre collision,4,1,1,1,1,1,1,0,3,30,1,1,0,0,1,0,20.0,,deux_roues,,1,2,1,1,6
202300046667,2023-01-09 16:20:00,2023,1,9,16,20,2B,2B009,RT10 - route de Bonifacio,42.082291,9.484693,Plein jour,Hors agglomération,Intersection en T,Vent fort / tempête,Deux véhicules - côté,2,2,2,0,1,1,1,0,1,80,2,6,1,0,1,4,60.0,37.0,voiture,voiture,1,1,3,6,3
202300046667,2023-01-09 16:20:00,2023,1,9,16,20,2B,2B009,RT10 - route de Bonifacio,42.082291,9.484693,Plein jour,Hors agglomération,Intersection en T,Vent fort / tempête,Deux véhicules - côté,2,2,2,0,1,3,1,0,1,70,2,6,1,0,1,4,60.0,37.0,voiture,voiture,1,1,3,6,3
202300046668,2023-07-21 07:45:00,2023,7,21,7,45,34,34022,N113,43.659458,4.017794,Plein jour,En agglomération,Intersection en T,Normale,Deux véhicules - côté,2,2,2,0,1,1,1,0,1,50,2,2,1,0,0,1,57.0,40.0,utilitaire_camion,deux_roues,1,2,3,1,3
202300046668,2023-07-21 07:45:00,2023,7,21,7,45,34,34022,N113,43.659458,4.017794,Plein jour,En agglomération,Intersection en T,Normale,Deux véhicules - côté,2,-1, -1,-1,-1,-1,-1,-1,-1,-1,2,2,1,0,0,1,57.0,40.0,utilitaire_camion,deux_roues,1,2,3,1,3
202300046669,2023-01-07 13:40:00,2023,1,7,13,40,2B,2B143,"Route Territoriale 10, hameau de Bravone",42.202339,9.53492,Plein jour,En agglomération,Hors intersection,Normale,Deux véhicules - côté,2,2,2,0,1,1,1,0,1,50,2,4,2,0,1,1,44.0,54.0,voiture,voiture,1,2,1,1,3
202300046670,2023-09-30 17:30:00,2023,9,30,17,30,94,94077,Cours de Verdun,48.73783,2.40801,Plein jour,En agglomération,Intersection en X,Normale,Deux véhicules - côté,3,3,4,0,2,1,1,0,1,50,2,2,0,0,0,2,51.0,23.0,voiture,deux_roues,1,2,2,1,3
202300046670,2023-09-30 17:30:00,2023,9,30,17,30,94,94077,Cours de Verdun,48.73783,2.40801,Plein jour,En agglomération,Intersection en X,Normale,Deux véhicules - côté,3,1,4,0,1,1,1,0,1,50,2,2,0,0,0,2,51.0,23.0,voiture,deux_roues,1,2,2,1,3
202300046671,2023-01-08 15:15:00,2023,1,8,15,15,30,30225,Route de Donnat,44.169261,4.569776,Plein jour,Hors agglomération,Hors intersection,Normale,Autre collision,3,2,2,0,1,1,1,0,8,80,1,5,4,0,1,0,20.0,,voiture,,1,1,1,1,6
202300046672,2023-07-20 07:15:00,2023,7,20,7,15,13,13053,D561,43.713875,5.200841,Plein jour,Hors agglomération,Hors intersection,Normale,Trois véhicules et plus - collisions multiples,3,2,2,0,1,1,1,0,1,80,2,2,0,0,1,1,23.0,51.0,utilitaire_camion,utilitaire_camion,1,1,1,1,5
202300046673,2023-09-30 08:15:00,2023,9,30,8,15,93,93055,Avenue du Général Leclerc,48.89984,2.409472,Plein jour,En agglomération,Hors intersection,Normale,Autre collision,3,2,2,1,1,1,1,0,1,30,1,2,1,0,1,0,29.0,,utilitaire_camion,,1,2,1,1,6
202300046674,2023-01-06 18:30:00,2023,1,6,18,30,57,57559,D955,48.897029,6.358439,Nuit sans éclairage public,Hors agglomération,Hors intersection,Pluie légère,Deux véhicules - frontale,3,2,2,0,1,1,2,0,1,80,2,2,0,0,1,1,66.0,57.0,voiture,voiture,3,1,1,2,1
202300046675,2023-07-20 17:34:00,2023,7,20,17,34,71,71360,N79,46.331939,4.733013,Plein jour,Hors agglomération,Intersection en Y,Normale,Deux véhicules - arrière,2,1,1,0,1,3,1,3,1,50,2,2,1,0,0,1,49.0,38.0,deux_roues,utilitaire_camion,1,1,4,1,2
202300046675,2023-07-20 17:34:00,2023,7,20,17,34,71,71360,N79,46.331939,4.733013,Plein jour,Hors agglomération,Intersection en Y,Normale,Deux véhicules - arrière,2,2,2,-1,1,1,1,3,1,-1,2,2,1,0,0,1,49.0,38.0,deux_roues,utilitaire_camion,1,1,4,1,2
202300046676,2023-09-30 19:00:00,2023,9,30,19,0,93,93048,Rue Parmentier,48.85964525,2.43295036,Plein jour,En agglomération,Hors intersection,Normale,Deux véhicules - côté,4,1,1,0,1,1,1,0,1,50,2,2,1,0,0,1,43.0,23.0,deux_roues,voiture,1,2,1,1,3
202300046677,2023-07-20 06:10:00,2023,7,20,6,10,88,88388,D51 PK 6 +700,48.133452,6.382005,Crépuscule ou aube,Hors agglomération,Intersection en X,Normale,Deux véhicules - côté,3,2,2,0,1,3,1,0,1,80,2,2,1,0,1,0,20.0,56.0,voiture,voiture,2,1,2,1,3
202300046677,2023-07-20 06:10:00,2023,7,20,6,10,88,88388,D51 PK 6 +700,48.133452,6.382005,Crépuscule ou aube,Hors agglomération,Intersection en X,Normale,Deux véhicules - côté,3,2, -1,-1,1,1,1,5,1,-1,2,2,1,0,1,0,20.0,56.0,voiture,voiture,2,1,2,1,3
202300046678,2023-01-06 16:00:00,2023,1,6,16,0,51,51318,RN 51,49.315205,4.15118,Plein jour,Hors agglomération,Hors intersection,Normale,Trois véhicules et plus - en chaîne,2,3,2,0,1,1,1,0,1,110,3,3,2,0,0,1,56.0,26.0,voiture,utilitaire_camion,1,1,1,1,4
202300046679,2023-09-30 15:45:00,2023,9,30,15,45,93,93030,Avenue Ambroise Croizat,48.9571243,2.41589078,Plein jour,En agglomération,Hors intersection,Normale,Deux véhicules - côté,3,2,2,0,1,1,1,0,1,50,2,2,1,0,0,1,30.0,63.0,deux_roues,voiture,1,2,1,1,3