accident_id,datetime,annee,mois,jour,heure,minute,departement,commune_insee,adresse,latitude,longitude,luminosite,agglomeration,intersection,meteo,collision,catr,circ,nbv,vosp,prof,plan,surf,infra,situ,vma,nb_vehicules,nb_usagers,nb_indemnes,nb_tues,nb_blesses_hosp,nb_blesses_legers,age_cond_1,age_cond_2,veh_type_cond_1,veh_type_cond_2,lum_code,agg_code,int_code,atm_code,col_code
202300046834,2023-10-01 08:31:00,2023,10,1,8,31,85,85008,A 87 - PK 120+700,46.626972,-1.42615,Plein jour,Hors agglomération,Hors intersection,Temps éblouissant,Deux véhicules - arrière,1,3,2,0,1,1,1,0,1,130,2,2,1,0,1,0,64.0,79.0,deux_roues,voiture,1,1,1,7,2
202300046835,2023-01-07 09:55:00,2023,1,7,9,55,54,54184,Avenue de Saulxures,48.707903,6.243707,Plein jour,En agglomération,Giratoire,Normale,Autre collision,4,2,2,0,1,1,1,0,1,50,1,1,0,0,0,1,53.0,,voiture,,1,2,6,1,6
202300046836,2023-09-29 08:00:00,2023,9,29,8,0,14,14554,Chemin de la Jalousie,49.072292,-0.29603,Plein jour,Hors agglomération,Hors intersection,Normale,Deux véhicules - frontale,3,2,2,0,1,2,1,0,1,90,2,3,0,0,0,3,36.0,56.0,utilitaire_camion,utilitaire_camion,1,1,1,1,1
202300046837,2023-01-06 17:40:00,2023,1,6,17,40,54,54578,Boulevard des Aiguillettes,48.67031341,6.15810513,Nuit avec éclairage allumé,En agglomération,Intersection en X,Normale,Deux véhicules - côté,4,2,5,0,1,1,1,0,1,50,2,2,1,0,0,1,28.0,34.0,voiture,voiture,5,2,2,1,3
202300046837,2023-01-06 17:40:00,2023,1,6,17,40,54,54578,Boulevard des Aiguillettes,48.67031341,6.15810513,Nuit avec éclairage allumé,En agglomération,Intersection en X,Normale,Deux véhicules - côté,4,2,2,0,1,1,1,0,1,50,2,2,1,0,0,1,28.0,34.0,voiture,voiture,5,2,2,1,3
202300046838,2023-07-19 12:40:00,2023,7,19,12,40,42,42044,Rue du Colonel Marey,45.39506,4.32231,Plein jour,En agglomération,Intersection en T,Normale,Deux véhicules - côté,7,2,0,0,1,1,1,0,1,50,2,2,1,0,0,1,25.0,38.0,utilitaire_camion,deux_roues,1,2,3,1,3
202300046838,2023-07-19 12:40:00,2023,7,19,12,40,42,42044,Rue du Colonel Marey,45.39506,4.32231,Plein jour,En agglomération,Intersection en T,Normale,Deux véhicules - côté,7,2,1,0,1,1,1,0,1,50,2,2,1,0,0,1,25.0,38.0,utilitaire_camion,deux_roues,1,2,3,1,3
202300046839,2023-01-07 17:41:00,2023,1,7,17,41,51,51454,place Aristide Briand,49.25755,4.03952,Nuit avec éclairage allumé,En agglomération,Place,Temps couvert,Autre collision,4,1,2,1,1,1,2,0,4,50,1,2,1,0,0,1,50.0,,voiture,,5,2,7,8,6
202300046840,2023-07-19 07:45:00,2023,7,19,7,45,38,38185,JEAN PAIN (BOULEVARD),45.18742,5.73735,Plein jour,En agglomération,Hors intersection,Temps éblouissant,Autre collision,7,3,5,0,1,1,1,0,1,50,1,2,1,0,1,0,24.0,,voiture,,1,2,1,7,6
202300046841,2023-07-20 02:05:00,2023,7,20,2,5,35,35278,RN136,48.14,-1.6974,Nuit sans éclairage public,Hors agglomération,Hors intersection,Normale,Autre collision,2,1,1,0,2,3,1,3,3,50,1,1,0,0,0,1,20.0,,voiture,,3,1,1,1,6
202300046842,2023-10-01 10:45:00,2023,10,1,10,45,14,14098,15 Rue de la Limare,49.20799659,-0.55823364,Plein jour,Hors agglomération,Intersection en X,Normale,Sans collision,3,2,2,0,1,1,1,0,1,80,2,2,1,0,0,1,54.0,33.0,deux_roues,voiture,1,1,2,1,7
202300046842,2023-10-01 10:45:00,2023,10,1,10,45,14,14098,15 Rue de la Limare,49.20799659,-0.55823364,Plein jour,Hors agglomération,Intersection en X,Normale,Sans collision,3,2,2,0,4,1,1,0,1,80,2,2,1,0,0,1,54.0,33.0,deux_roues,voiture,1,1,2,1,7
202300046843,2023-01-07 09:40:00,2023,1,7,9,40,51,51454,boulevard Henry Vasnier,49.24079,4.05301,Plein jour,En agglomération,Intersection en Y,Normale,Deux véhicules - frontale,4,1,2,0,1,3,1,0,1,-1,2,2,1,0,0,1,34.0,31.0,voiture,deux_roues,1,2,4,1,1
202300046843,2023-01-07 09:40:00,2023,1,7,9,40,51,51454,boulevard Henry Vasnier,49.24079,4.05301,Plein jour,En agglomération,Intersection en Y,Normale,Deux véhicules - frontale,4,1,1,1,3,2,1,5,1,50,2,2,1,0,0,1,34.0,31.0,voiture,deux_roues,1,2,4,1,1
202300046844,2023-07-19 19:20:00,2023,7,19,19,20,35,35115,DURAND (RUE ALBERT),48.35492059,-1.19873151,Plein jour,En agglomération,Giratoire,Normale,Deux véhicules - côté,4,2,2,0,2,1,1,0,1,30,2,3,2,0,0,1,46.0,19.0,utilitaire_camion,deux_roues,1,2,6,1,3
202300046844,2023-07-19 19:20:00,2023,7,19,19,20,35,35115,DURAND (RUE ALBERT),48.35492059,-1.19873151,Plein jour,En agglomération,Giratoire,Normale,Deux véhicules - côté,4,1,1,0,2,1,1,5,1,30,2,3,2,0,0,1,46.0,19.0,utilitaire_camion,deux_roues,1,2,6,1,3
202300046845,2023-10-01 12:30:00,2023,10,1,12,30,50,50090,La Commune - D 134,48.539114,-1.013489,Plein jour,Hors agglomération,Hors intersection,Normale,Deux véhicules - frontale,3,2,2,0,2,2,1,0,1,80,2,3,0,0,1,2,23.0,36.0,voiture,voiture,1,1,1,1,1
202300046846,2023-01-07 09:09:00,2023,1,7,9,9,49,49007,VILLESICARD RUE ET SQUARE,47.45173,-0.53574,Plein jour,En agglomération,Intersection en X,Normale,Deux véhicules - côté,4,2, -1,-1,1,1,1,0,1,-1,2,2,1,0,0,1,44.0,20.0,voiture,deux_roues,1,2,2,1,3
202300046846,2023-01-07 09:09:00,2023,1,7,9,9,49,49007,VILLESICARD RUE ET SQUARE,47.45173,-0.53574,Plein jour,En agglomération,Intersection en X,Normale,Deux véhicules - côté,4,2,2,0,1,1,1,0,1,50,2,2,1,0,0,1,44.0,20.0,voiture,deux_roues,1,2,2,1,3
202300046847,2023-01-06 17:45:00,2023,1,6,17,45,48,48095,HUIT MAI 1945 (AVENUE DU),44.52621,3.48585,Nuit avec éclairage allumé,En agglomération,Hors intersection,Normale,Autre collision,3,2,2,0,2,1,1,0,1,50,1,2,1,0,1,0,57.0,,voiture,,5,2,1,1,6
202300046848,2023-06-16 22:16:00,2023,6,16,22,16,35,35115,SAINT GERMAIN (BOULEVARD DE),48.35665421,-1.20424479,Crépuscule ou aube,En agglomération,Giratoire,Normale,Deux véhicules - côté,3,2,2,2,1,2,1,0,1,50,2,2,1,0,0,1,20.0,18.0,voiture,deux_roues,2,2,6,1,3
202300046849,2023-09-30 20:00:00,2023,9,30,20,0,64,64081,Départementale 147,43.14909,-0.930356,Nuit avec éclairage non allumé,En agglomération,Intersection en T,Normale,Deux véhicules - côté,3,2,2,0,2,3,1,0,1,50,2,2,1,0,1,0,31.0,8.0,utilitaire_camion,deux_roues,4,2,3,1,3
202300046849,2023-09-30 20:00:00,2023,9,30,20,0,64,64081,Départementale 147,43.14909,-0.930356,Nuit avec éclairage non allumé,En agglomération,Intersection en T,Normale,Deux véhicules - côté,3,2,2,0,1,1,9,0,1,50,2,2,1,0,1,0,31.0,8.0,utilitaire_camion,deux_roues,4,2,3,1,3
202300046850,2023-07-18 15:25:00,2023,7,18,15,25,34,34032,RD609,43.32548,3.19121,Plein jour,Hors agglomération,Hors intersection,Normale,Sans collision,3,1,0,0,4,3,1,0,1,70,1,1,0,0,1,0,57.0,,deux_roues,,1,1,1,1,7
202300046851,2023-01-07 06:20:00,2023,1,7,6,20,45,45234,59 Avenue de la Marne,47.916225,1.933882,Nuit avec éclairage non allumé,En agglomération,Hors intersection,Normale,Autre collision,4,-1,0,0,1,1,1,9,8,20,1,2,1,0,0,1,,,voiture,,4,2,1,1,6
202300046852,2023-07-19 22:03:00,2023,7,19,22,3,31,31555,BD GABRIEL KOENIGS,43.596164,1.411951,Nuit avec éclairage allumé,En agglomération,Hors intersection,Normale,Autre collision,4,2,2,0,1,1,1,0,1,50,1,2,0,0,0,2,63.0,,deux_roues,,5,2,1,1,6
202300046853,2023-01-07 14:40:00,2023,1,7,14,40,45,45004,D2107 PR 2 + 601,47.97068,2.73383,Plein jour,En agglomération,Hors intersection,Temps couvert,Deux véhicules - arrière,3,1,0,0,2,3,1,0,1,50,2,4,2,0,0,2,43.0,22.0,voiture,voiture,1,2,1,8,2
202300046854,2023-09-30 17:05:00,2023,9,30,17,5,10,10268,D951,48.480667,3.482248,Plein jour,Hors agglomération,Hors intersection,Normale,Trois véhicules et plus - en chaîne,3,2,2,0,1,1,1,0,1,80,3,3,1,0,0,2,28.0,25.0,voiture,voiture,1,1,1,1,4
202300046855,2023-07-18 15:25:00,2023,7,18,15,25,29,29051,Rue de la Papeterie,48.020923,-4.021289,Plein jour,Hors agglomération,Hors intersection,Normale,Deux véhicules - frontale,4,2,1,0,1,2,1,0,1,50,2,3,2,0,0,1,52.0,21.0,voiture,voiture,1,1,1,1,1
202300046856,2023-01-08 01:40:00,2023,1,8,1,40,35,35238,TURMEAU (ALLEE JEAN),48.11134141,-1.69076532,Nuit avec éclairage allumé,En agglomération,Intersection en T,Pluie légère,Autre collision,4,2,2,0,1,2,2,5,4,30,1,2,1,0,0,1,24.0,,voiture,,5,2,3,2,6
202300046856,2023-01-08 01:40:00,2023,1,8,1,40,35,35238,TURMEAU (ALLEE JEAN),48.11134141,-1.69076532,Nuit avec éclairage allumé,En agglomération,Intersection en T,Pluie légère,Autre collision,4,3,2,3,2,2,2,5,4,50,1,2,1,0,0,1,24.0,,voiture,,5,2,3,2,6
202300046857,2023-01-07 15:45:00,2023,1,7,15,45,35,35051,ALLIES (BOULEVARD DES),48.14101,-1.62679,Plein jour,Hors agglomération,Giratoire,Pluie légère,Autre collision,3,3,4,0,1,2,2,2,1,50,1,1,0,0,0,1,34.0,,voiture,,1,1,6,2,6
202300046858,2023-07-19 21:10:00,2023,7,19,21,10,28,28223,RD 929,48.720557,1.40803,Plein jour,Hors agglomération,Intersection en X,Normale,Deux véhicules - côté,3,2,0,0,2,2,1,5,1,80,2,2,1,0,0,1,38.0,43.0,voiture,voiture,1,1,2,1,3
202300046858,2023-07-19 21:10:00,2023,7,19,21,10,28,28223,RD 929,48.720557,1.40803,Plein jour,Hors agglomération,Intersection en X,Normale,Deux véhicules - côté,3,1,2,0,2,1,1,5,1,80,2,2,1,0,0,1,38.0,43.0,voiture,voiture,1,1,2,1,3
202300046859,2023-07-31 16:40:00,2023,7,31,16,40,36,36010,,46.87403992,1.05359316,Plein jour,Hors agglomération,Hors intersection,Normale,Trois véhicules et plus - en chaîne,3,2,2,0,1,1,1,0,3,80,3,5,3,0,1,1,37.0,63.0,voiture,voiture,1,1,1,1,4
202300046860,2023-01-07 03:25:00,2023,1,7,3,25,35,35278,N136,48.14153235,-1.67353345,Nuit sans éclairage public,Hors agglomération,Hors intersection,Normale,Deux véhicules - arrière,2,3,4,0,1,1,1,0,1,90,2,4,3,0,0,1,38.0,43.0,voiture,voiture,3,1,1,1,2
202300046861,2023-07-19 20:15:00,2023,7,19,20,15,27,27229,GAMBETTA (BOULEVARD),49.0196,1.15444,Plein jour,En agglomération,Intersection en Y,Normale,Deux véhicules - frontale,4,2,0,0,3,1,1,0,1,50,2,3,1,0,0,2,23.0,25.0,voiture,voiture,1,2,4,1,1
202300046861,2023-07-19 20:15:00,2023,7,19,20,15,27,27229,GAMBETTA (BOULEVARD),49.0196,1.15444,Plein jour,En agglomération,Intersection en Y,Normale,Deux véhicules - frontale,4,1,0,0,3,1,1,0,1,50,2,3,1,0,0,2,23.0,25.0,voiture,voiture,1,2,4,1,1
202300046862,2023-10-01 11:23:00,2023,10,1,11,23,16,16251,D131,45.364117,-0.17149,Plein jour,Hors agglomération,Hors intersection,Normale,Autre collision,3,2,2,0,2,3,1,0,3,80,1,1,0,0,1,0,29.0,,deux_roues,,1,1,1,1,6
202300046863,2023-01-07 20:20:00,2023,1,7,20,20,33,33063,Rue Lucien Faure,44.86973,-0.5666,Nuit avec éclairage allumé,En agglomération,Intersection en X,Pluie forte,Deux véhicules - côté,4,3,5,1,1,1,2,5,1,50,2,3,2,0,1,0,28.0,50.0,deux_roues,voiture,5,2,2,3,3
202300046863,2023-01-07 20:20:00,2023,1,7,20,20,33,33063,Rue Lucien Faure,44.86973,-0.5666,Nuit avec éclairage allumé,En agglomération,Intersection en X,Pluie forte,Deux véhicules - côté,4,3,6,3,1,1,2,5,1,50,2,3,2,0,1,0,28.0,50.0,deux_roues,voiture,5,2,2,3,3
202300046864,2023-10-01 15:15:00,2023,10,1,15,15,07,07166,d236,45.03332589,4.5344907,Plein jour,Hors agglomération,Hors intersection,Normale,Sans collision,3,2,2,0,1,2,1,0,3,90,1,2,1,0,1,0,32.0,,deux_roues,,1,1,1,1,7
202300046865,2023-07-19 10:25:00,2023,7,19,10,25,22,22278,TREGUEUX (DE),48.500192,-2.75651,Plein jour,En agglomération,Intersection en T,Normale,Autre collision,4,2,2,0,1,1,1,0,1,30,1,2,1,1,0,0,75.0,,voiture,,1,2,3,1,6
202300046865,2023-07-19 10:25:00,2023,7,19,10,25,22,22278,TREGUEUX (DE),48.500192,-2.75651,Plein jour,En agglomération,Intersection en T,Normale,Autre collision,4,2,2,0,1,1,1,0,1,50,1,2,1,1,0,0,75.0,,voiture,,1,2,3,1,6
202300046866,2023-07-19 03:36:00,2023,7,19,3,36,17,17306,POSTE (ROND POINT DE LA),45.62436,-1.02458,Nuit sans éclairage public,En agglomération,Autre intersection,Normale,Deux véhicules - frontale,6,-1, -1,0,1,1,1,9,8,50,2,2,1,0,1,0,55.0,23.0,voiture,deux_roues,3,2,9,1,1
202300046867,2023-01-07 02:50:00,2023,1,7,2,50,33,33063,Rue Paulin,44.84713,-0.58778,Nuit avec éclairage allumé,En agglomération,Intersection en X,Normale,Deux véhicules - côté,4,1,1,0,1,1,1,5,1,30,2,2,1,0,0,1,,31.0,voiture,deux_roues,5,2,2,1,3
202300046867,2023-01-07 02:50:00,2023,1,7,2,50,33,33063,Rue Paulin,44.84713,-0.58778,Nuit avec éclairage allumé,En agglomération,Intersection en X,Normale,Deux véhicules - côté,4,1,2,2,1,1,1,5,1,30,2,2,1,0,0,1,,31.0,voiture,deux_roues,5,2,2,1,3
202300046868,2023-09-30 14:00:00,2023,9,30,14,0,53,53160,Le Vieux Gast,48.375894,-0.556596,Plein jour,Hors agglomération,Intersection en T,Normale,Deux véhicules - côté,3,2,2,0,3,3,1,0,1,70,2,4,2,0,1,1,24.0,64.0,voiture,deux_roues,1,1,3,1,3
202300046868,2023-09-30 14:00:00,2023,9,30,14,0,53,53160,Le Vieux Gast,48.375894,-0.556596,Plein jour,Hors agglomération,Intersection en T,Normale,Deux véhicules - côté,3,2,2,0,1,1,1,0,8,80,2,4,2,0,1,1,24.0,64.0,voiture,deux_roues,1,1,3,1,3
202300046869,2023-07-17 12:01:00,2023,7,17,12,1,15,15012,RD 990,44.900566,2.487458,Plein jour,En agglomération,Intersection en T,Normale,Deux véhicules - côté,3,2,2,0,1,1,1,5,1,50,2,3,0,0,1,2,84.0,72.0,voiture,voiture,1,2,3,1,3
202300046869,2023-07-17 12:01:00,2023,7,17,12,1,15,15012,RD 990,44.900566,2.487458,Plein jour,En agglomération,Intersection en T,Normale,Deux véhicules - côté,3,2,2,0,1,1,1,5,1,70,2,3,0,0,1,2,84.0,72.0,voiture,voiture,1,2,3,1,3
202300046870,2023-01-07 23:00:00,2023,1,7,23,0,33,33529,DE GAULLE (PL. DU GENERAL),44.53809,-1.15215,Nuit avec éclairage allumé,En agglomération,Intersection en X,Pluie légère,Deux véhicules - côté,4,2,2,0,1,1,2,0,1,50,2,5,4,0,0,1,16.0,40.0,deux_roues,utilitaire_camion,5,2,2,2,3
202300046870,2023-01-07 23:00:00,2023,1,7,23,0,33,33529,DE GAULLE (PL. DU GENERAL),44.53809,-1.15215,Nuit avec éclairage allumé,En agglomération,Intersection en X,Pluie légère,Deux véhicules - côté,4,2,2,0,1,1,2,0,1,50,2,5,4,0,0,1,16.0,40.0,deux_roues,utilitaire_camion,5,2,2,2,3
202300046871,2023-09-30 18:45:00,2023,9,30,18,45,53,53007,13 Rue des Rochers,48.078613,-0.642174,Plein jour,En agglomération,Hors intersection,Normale,Autre collision,4,2,2,0,1,1,1,0,1,50,1,3,1,0,0,2,17.0,,deux_roues,,1,2,1,1,6
202300046872,2023-07-18 18:45:00,2023,7,18,18,45,06,06155,LIBERTE AV.DE LA,43.569555,7.077021,Plein jour,En agglomération,Intersection en X,Normale,Deux véhicules - côté,3,2,2,0,1,1,1,0,1,50,2,2,1,0,1,0,37.0,23.0,deux_roues,voiture,1,2,2,1,3
202300046872,2023-07-18 18:45:00,2023,7,18,18,45,06,06155,LIBERTE AV.DE LA,43.569555,7.077021,Plein jour,En agglomération,Intersection en X,Normale,Deux véhicules - côté,3,2,1,0,1,1,1,0,1,50,2,2,1,0,1,0,37.0,23.0,deux_roues,voiture,1,2,2,1,3
202300046873,2023-01-07 19:20:00,2023,1,7,19,20,33,33529,INDUSTRIE (BD DE L') DU 01 ET +,44.61585,-1.12679,Plein jour,En agglomération,Giratoire,Pluie forte,Deux véhicules - côté,4,2,2,0,1,1,2,0,1,50,2,2,1,0,0,1,58.0,27.0,deux_roues,voiture,1,2,6,3,3
202300046873,2023-01-07 19:20:00,2023,1,7,19,20,33,33529,INDUSTRIE (BD DE L') DU 01 ET +,44.61585,-1.12679,Plein jour,En agglomération,Giratoire,Pluie forte,Deux véhicules - côté,4,2,2,0,1,1,2,0,1,50,2,2,1,0,0,1,58.0,27.0,deux_roues,voiture,1,2,6,3,3
202300046874,2023-07-10 17:30:00,2023,7,10,17,30,05,05061,COMMANDANT DUMONT ( AVENUE),44.569043,6.083315,Plein jour,En agglomération,Autre intersection,Normale,Deux véhicules - côté,2,2,2,0,2,1,1,0,1,50,2,2,1,0,0,1,60.0,15.0,deux_roues,deux_roues,1,2,9,1,3
202300046875,2023-09-30 16:00:00,2023,9,30,16,0,40,40127,3620 avenue des pyrénées,43.795466,-0.243995,Plein jour,Hors agglomération,Intersection en T,Normale,Deux véhicules - côté,3,2,2,0,1,1,1,5,1,80,2,2,1,0,1,0,70.0,37.0,voiture,deux_roues,1,1,3,1,3
202300046875,2023-09-30 16:00:00,2023,9,30,16,0,40,40127,3620 avenue des pyrénées,43.795466,-0.243995,Plein jour,Hors agglomération,Intersection en T,Normale,Deux véhicules - côté,3,-1, -1,-1,-1,-1,-1,-1,-1,-1,2,2,1,0,1,0,70.0,37.0,voiture,deux_roues,1,1,3,1,3
202300046876,2023-07-17 19:05:00,2023,7,17,19,5,75,75117,BD PERIPHERIQUE EXTERIEUR,48.892143,2.301374,Plein jour,En agglomération,Hors intersection,Normale,Deux véhicules - côté,4,1,4,0,1,1,1,0,1,70,2,3,1,0,0,2,20.0,52.0,voiture,voiture,1,2,1,1,3
202300046877,2023-10-01 12:00:00,2023,10,1,12,0,85,85277,Rue du Vivier,46.485311,-1.358421,Plein jour,Hors agglomération,Intersection en X,Normale,Deux véhicules - côté,4,2,2,0,1,1,1,5,1,80,2,3,2,0,1,0,45.0,17.0,voiture,deux_roues,1,1,2,1,3
202300046878,2023-10-01 02:00:00,2023,10,1,2,0,27,27428,Rue Octave Bonnel,49.147284,0.903258,Nuit avec éclairage allumé,En agglomération,Hors intersection,Normale,Autre collision,4,1,1,0,1,1,1,0,4,50,1,1,0,0,1,0,26.0,,voiture,,5,2,1,1,6
202300046879,2023-10-01 11:45:00,2023,10,1,11,45,37,37173,D81,47.15914,1.284971,Plein jour,Hors agglomération,Hors intersection,Normale,Autre collision,3,2,2,0,1,3,1,0,3,80,1,1,0,0,1,0,38.0,,deux_roues,,1,1,1,1,6
202300046880,2023-07-19 10:45:00,2023,7,19,10,45,75,75114,BOULEVARD PERIPHERIQUE EXTERIEUR SUD,48.821648,2.317887,Plein jour,En agglomération,Hors intersection,Normale,Trois véhicules et plus - collisions multiples,4,2,3,0,1,1,1,0,1,70,3,6,5,0,0,1,31.0,42.0,deux_roues,voiture,1,2,1,1,5
202300046881,2023-07-19 15:30:00,2023,7,19,15,30,75,75119,AVENUE DE FLANDRE,48.891243,2.377369,Plein jour,En agglomération,Intersection en T,Normale,Deux véhicules - côté,4,1,3,3,1,1,1,0,1,30,2,2,1,0,0,1,17.0,27.0,deux_roues,voiture,1,2,3,1,3
202300046881,2023-07-19 15:30:00,2023,7,19,15,30,75,75119,AVENUE DE FLANDRE,48.891243,2.377369,Plein jour,En agglomération,Intersection en T,Normale,Deux véhicules - côté,4,1, -1,-1,1,1,1,0,1,30,2,2,1,0,0,1,17.0,27.0,deux_roues,voiture,1,2,3,1,3
202300046882,2023-09-30 22:15:00,2023,9,30,22,15,37,37172,Avenue Gustave Eiffel,47.438894,0.699209,Nuit avec éclairage allumé,En agglomération,Intersection en T,Normale,Deux véhicules - frontale,3,2,3,0,1,1,1,5,1,70,2,2,1,0,1,0,18.0,18.0,deux_roues,voiture,5,2,3,1,1
202300046882,2023-09-30 22:15:00,2023,9,30,22,15,37,37172,Avenue Gustave Eiffel,47.438894,0.699209,Nuit avec éclairage allumé,En agglomération,Intersection en T,Normale,Deux véhicules - frontale,3,2,2,0,1,1,1,0,1,50,2,2,1,0,1,0,18.0,18.0,deux_roues,voiture,5,2,3,1,1
202300046883,2023-07-18 18:45:00,2023,7,18,18,45,75,75117,AVENUE DE CLICHY,48.888039,2.324612,Plein jour,En agglomération,Intersection en T,Normale,Autre collision,4,2,3,2,2,1,1,0,1,30,1,2,1,0,0,1,40.0,,deux_roues,,1,2,3,1,6
202300046883,2023-07-18 18:45:00,2023,7,18,18,45,75,75117,AVENUE DE CLICHY,48.888039,2.324612,Plein jour,En agglomération,Intersection en T,Normale,Autre collision,4,1, -1,-1,1,1,1,0,1,-1,1,2,1,0,0,1,40.0,,deux_roues,,1,2,3,1,6
202300046884,2023-07-19 07:40:00,2023,7,19,7,40,75,75115,RUE JACQUES BAUDRY,48.82996868,2.30559468,Plein jour,En agglomération,Intersection en T,Normale,Autre collision,4,1, -1,-1,1,1,1,0,1,30,1,2,1,0,0,1,46.0,,voiture,,1,2,3,1,6
202300046884,2023-07-19 07:40:00,2023,7,19,7,40,75,75115,RUE JACQUES BAUDRY,48.82996868,2.30559468,Plein jour,En agglomération,Intersection en T,Normale,Autre collision,4,1,1,0,1,1,1,0,1,30,1,2,1,0,0,1,46.0,,voiture,,1,2,3,1,6
202300046885,2023-09-30 20:45:00,2023,9,30,20,45,973,97309,Route de Rémire,4.89176881,-52.27453172,Nuit sans éclairage public,En agglomération,Hors intersection,Normale,Deux véhicules - côté,3,2,2,0,1,1,1,0,1,50,2,2,0,0,0,2,30.0,31.0,voiture,voiture,3,2,1,1,3
202300046886,2023-07-18 17:20:00,2023,7,18,17,20,75,75114,BOULEVARD SAINT JACQUES,48.833524,2.334244,Plein jour,En agglomération,Intersection en T,Normale,Deux véhicules - côté,4,1,3,1,1,1,1,0,1,30,2,2,1,0,0,1,50.0,45.0,voiture,deux_roues,1,2,3,1,3
202300046886,2023-07-18 17:20:00,2023,7,18,17,20,75,75114,BOULEVARD SAINT JACQUES,48.833524,2.334244,Plein jour,En agglomération,Intersection en T,Normale,Deux véhicules - côté,4,2, -1,-1,1,1,1,0,1,-1,2,2,1,0,0,1,50.0,45.0,voiture,deux_roues,1,2,3,1,3
202300046887,2023-09-30 18:20:00,2023,9,30,18,20,34,34116,départementale 127,43.646107,3.818253,Crépuscule ou aube,En agglomération,Hors intersection,Normale,Autre collision,3,-1,2,0,2,1,1,0,1,50,1,1,0,0,1,0,53.0,,deux_roues,,2,2,1,1,6
202300046888,2023-07-18 06:40:00,2023,7,18,6,40,75,75114,RUE FROIDEVAUX,48.837219,2.323956,Plein jour,En agglomération,Intersection en T,Normale,Deux véhicules - côté,4,1, -1,-1,1,1,1,0,1,-1,2,2,1,0,0,1,30.0,54.0,utilitaire_camion,deux_roues,1,2,3,1,3
202300046888,2023-07-18 06:40:00,2023,7,18,6,40,75,75114,RUE FROIDEVAUX,48.837219,2.323956,Plein jour,En agglomération,Intersection en T,Normale,Deux véhicules - côté,4,2,2,0,1,1,1,0,1,30,2,2,1,0,0,1,30.0,54.0,utilitaire_camion,deux_roues,1,2,3,1,3
202300046889,2023-07-19 20:45:00,2023,7,19,20,45,75,75111,BOULEVARD VOLTAIRE,48.853631,2.387097,Crépuscule ou aube,En agglomération,Hors intersection,Normale,Deux véhicules - côté,4,2,2,0,1,1,1,0,1,30,2,2,1,0,0,1,35.0,31.0,voiture,deux_roues,2,2,1,1,3
202300046890,2023-10-01 14:35:00,2023,10,1,14,35,06,06018,2692 Route de Valbonne,43.633404,7.076461,Plein jour,Hors agglomération,Hors intersection,Normale,Deux véhicules - frontale,3,2,2,0,2,3,1,0,1,50,2,4,1,0,0,3,73.0,55.0,voiture,voiture,1,1,1,1,1
202300046891,2023-10-01 16:45:00,2023,10,1,16,45,67,67348,D500,48.471299,7.511859,Plein jour,Hors agglomération,Autre intersection,Normale,Sans collision,3,1,2,0,2,3,1,3,3,70,1,1,0,1,0,0,22.0,,voiture,,1,1,9,1,7
202300046892,2023-07-18 23:22:00,2023,7,18,23,22,75,75110,QUAI DE JEMMAPES,48.868813,2.367613,Nuit avec éclairage allumé,En agglomération,Intersection en X,Normale,Deux véhicules - côté,4,1,2,3,1,1,1,0,1,30,2,2,1,0,0,1,28.0,24.0,deux_roues,deux_roues,5,2,2,1,3
202300046892,2023-07-18 23:22:00,2023,7,18,23,22,75,75110,QUAI DE JEMMAPES,48.868813,2.367613,Nuit avec éclairage allumé,En agglomération,Intersection en X,Normale,Deux véhicules - côté,4,2,3,0,1,1,1,0,1,30,2,2,1,0,0,1,28.0,24.0,deux_roues,deux_roues,5,2,2,1,3
202300046893,2023-09-30 16:30:00,2023,9,30,16,30,976,97609,"CCD 4, Ngouja",-12.9794,45.11982,Plein jour,Hors agglomération,Hors intersection,Normale,Deux véhicules - côté,3,2,2,0,1,2,1,0,1,70,2,2,1,0,1,0,63.0,26.0,voiture,deux_roues,1,1,1,1,3
202300046894,2023-07-18 14:50:00,2023,7,18,14,50,75,75110,RUE LA FAYETTE,48.878973,2.35575,Plein jour,En agglomération,Intersection en X,Normale,Autre collision,4,1,2,0,2,1,1,0,1,30,1,2,1,0,0,1,63.0,,voiture,,1,2,2,1,6
202300046894,2023-07-18 14:50:00,2023,7,18,14,50,75,75110,RUE LA FAYETTE,48.878973,2.35575,Plein jour,En agglomération,Intersection en X,Normale,Autre collision,4,1,3,0,1,1,1,0,1,30,1,2,1,0,0,1,63.0,,voiture,,1,2,2,1,6
202300046895,2023-10-01 03:00:00,2023,10,1,3,0,11,11170,CD 132,43.099972,3.098595,Nuit avec éclairage allumé,En agglomération,Hors intersection,Normale,Autre collision,3,2,2,0,1,1,1,0,3,70,1,2,0,1,1,0,55.0,,voiture,,5,2,1,1,6
202300046896,2023-08-27 08:55:00,2023,8,27,8,55,45,45269,A10 PR 108 + 113,47.876836,1.734982,Plein jour,Hors agglomération,Hors intersection,Normale,Sans collision,1,3,6,0,1,1,1,0,8,130,1,4,3,0,1,0,37.0,,voiture,,1,1,1,1,7
202300046897,2023-07-19 07:00:00,2023,7,19,7,0,75,75116,AVENUE MOZART,48.857296,2.273046,Plein jour,En agglomération,Intersection en X,Normale,Deux véhicules - côté,4,1,3,3,2,1,1,0,1,50,2,4,3,0,0,1,65.0,37.0,deux_roues,utilitaire_camion,1,2,2,1,3