accident_id,datetime,annee,mois,jour,heure,minute,departement,commune_insee,adresse,latitude,longitude,luminosite,agglomeration,intersection,meteo,collision,catr,circ,nbv,vosp,prof,plan,surf,infra,situ,vma,nb_vehicules,nb_usagers,nb_indemnes,nb_tues,nb_blesses_hosp,nb_blesses_legers,age_cond_1,age_cond_2,veh_type_cond_1,veh_type_cond_2,lum_code,agg_code,int_code,atm_code,col_code
202300046897,2023-07-19 07:00:00,2023,7,19,7,0,75,75116,AVENUE MOZART,48.857296,2.273046,Plein jour,En agglomération,Intersection en X,Normale,Deux véhicules - côté,4,2,2,0,1,1,1,0,1,50,2,4,3,0,0,1,65.0,37.0,deux_roues,utilitaire_camion,1,2,2,1,3
202300046898,2023-10-01 14:15:00,2023,10,1,14,15,13,13087,A8,43.47111,5.644966,Plein jour,Hors agglomération,Giratoire,Normale,Sans collision,1,3,6,0,2,3,1,5,1,50,1,1,0,1,0,0,48.0,,utilitaire_camion,,1,1,6,1,7
202300046899,2023-07-18 10:36:00,2023,7,18,10,36,75,75103,RUE COMMINES,48.861767,2.365262,Plein jour,En agglomération,Intersection en X,Normale,Deux véhicules - frontale,4,1,1,0,1,1,1,0,1,30,2,2,1,0,0,1,30.0,13.0,voiture,deux_roues,1,2,2,1,1
202300046899,2023-07-18 10:36:00,2023,7,18,10,36,75,75103,RUE COMMINES,48.861767,2.365262,Plein jour,En agglomération,Intersection en X,Normale,Deux véhicules - frontale,4,1,1,0,1,1,1,0,1,30,2,2,1,0,0,1,30.0,13.0,voiture,deux_roues,1,2,2,1,1
202300046900,2023-07-14 12:00:00,2023,7,14,12,0,94,94081,Rue Julian Grimau,48.78220019,2.37209503,Plein jour,En agglomération,Hors intersection,Normale,Sans collision,4,2,2,0,1,1,1,0,1,50,1,1,0,0,0,1,21.0,,deux_roues,,1,2,1,1,7
202300046901,2023-09-30 22:45:00,2023,9,30,22,45,17,17139,A10,46.117026,-0.533369,Nuit sans éclairage public,Hors agglomération,Hors intersection,Normale,Deux véhicules - arrière,1,3,4,0,1,1,1,0,1,130,2,4,2,1,1,0,65.0,37.0,voiture,utilitaire_camion,3,1,1,1,2
202300046902,2023-07-18 10:30:00,2023,7,18,10,30,94,94068,BAC (AV DU),48.794594,2.51162,Plein jour,En agglomération,Intersection en X,Normale,Autre collision,3,2,2,0,1,1,1,0,1,50,1,2,1,0,0,1,61.0,,utilitaire_camion,,1,2,2,1,6
202300046902,2023-07-18 10:30:00,2023,7,18,10,30,94,94068,BAC (AV DU),48.794594,2.51162,Plein jour,En agglomération,Intersection en X,Normale,Autre collision,3,1,1,0,1,1,1,0,8,30,1,2,1,0,0,1,61.0,,utilitaire_camion,,1,2,2,1,6
202300046903,2023-10-01 11:30:00,2023,10,1,11,30,91,91111,A10,48.625435,2.137667,Plein jour,Hors agglomération,Hors intersection,Normale,Sans collision,1,3,4,0,2,1,1,0,1,130,1,4,3,0,0,1,33.0,,voiture,,1,1,1,1,7
202300046904,2023-07-17 19:30:00,2023,7,17,19,30,94,94017,Square Charles d'Orléans,48.80727,2.54961,Plein jour,En agglomération,Hors intersection,Normale,Deux véhicules - frontale,4,1,1,0,1,2,1,9,1,50,2,2,1,0,0,1,34.0,6.0,voiture,deux_roues,1,2,1,1,1
202300046905,2023-07-18 19:50:00,2023,7,18,19,50,94,94016,43 Avenue Carnot,48.798574,2.326875,Plein jour,En agglomération,Hors intersection,Normale,Deux véhicules - côté,3,2,2,0,1,1,1,0,1,50,2,2,1,0,0,1,31.0,35.0,voiture,deux_roues,1,2,1,1,3
202300046906,2023-09-30 02:30:00,2023,9,30,2,30,974,97420,N2,-20.898949,55.580499,Nuit sans éclairage public,Hors agglomération,Autre intersection,Normale,Autre collision,2,4,2,0,1,2,1,3,8,50,1,1,0,0,1,0,19.0,,deux_roues,,3,1,9,1,6
202300046907,2023-09-29 15:00:00,2023,9,29,15,0,973,97312,N1,5.332125,-52.914577,Plein jour,Hors agglomération,Hors intersection,Normale,Deux véhicules - frontale,2,2,2,0,1,2,1,0,1,80,2,2,0,1,0,1,30.0,36.0,voiture,voiture,1,1,1,1,1
202300046908,2023-07-18 15:45:00,2023,7,18,15,45,94,94016,Avenue Aristide Briand,48.79076,2.3199,Plein jour,En agglomération,Hors intersection,Normale,Deux véhicules - arrière,3,-1,2,2,1,1,1,6,1,70,2,4,2,0,2,0,25.0,22.0,deux_roues,deux_roues,1,2,1,1,2
202300046909,2023-07-19 16:28:00,2023,7,19,16,28,94,94073,Avenue du Luxembourg,48.756431,2.374134,Plein jour,En agglomération,Hors intersection,Normale,Autre collision,9,2,2,3,1,1,1,9,4,50,1,2,1,0,0,1,27.0,,transport_commun,,1,2,1,1,6
202300046910,2023-09-30 18:00:00,2023,9,30,18,0,77,77382,16 Rue Braunston,48.90089,2.870212,Plein jour,En agglomération,Hors intersection,Normale,Deux véhicules - côté,4,1,1,0,1,1,1,0,1,-1,2,2,1,0,1,0,51.0,18.0,voiture,deux_roues,1,2,1,1,3
202300046911,2023-10-01 09:40:00,2023,10,1,9,40,77,77508,D21 PK 19+100,48.818574,2.866128,Plein jour,Hors agglomération,Hors intersection,Normale,Deux véhicules - frontale,3,2,2,0,1,1,1,0,1,80,2,4,1,0,0,3,57.0,72.0,voiture,voiture,1,1,1,1,1
202300046912,2023-07-19 09:25:00,2023,7,19,9,25,94,94038,Rue de Lallier,48.77549,2.35368,Plein jour,En agglomération,Hors intersection,Normale,Trois véhicules et plus - en chaîne,4,2,2,0,1,1,1,0,1,30,4,4,3,0,0,1,83.0,30.0,voiture,deux_roues,1,2,1,1,4
202300046913,2023-06-10 15:15:00,2023,6,10,15,15,94,94021,73 Avenue de Stalingrad,48.768354,2.367835,Plein jour,En agglomération,Hors intersection,Normale,Deux véhicules - côté,3,3,4,1,1,1,1,0,5,50,2,3,1,0,1,1,45.0,41.0,voiture,deux_roues,1,2,1,1,3
202300046914,2023-09-30 13:30:00,2023,9,30,13,30,11,11426,CD 620,43.2968,2.4573,Plein jour,Hors agglomération,Hors intersection,Normale,Deux véhicules - arrière,3,2,2,0,1,1,1,0,1,80,2,2,1,0,1,0,80.0,50.0,voiture,deux_roues,1,1,1,1,2
202300046915,2023-07-19 09:50:00,2023,7,19,9,50,94,94028,70 Avenue du Maréchal Foch,48.778204,2.438286,Plein jour,En agglomération,Hors intersection,Normale,Deux véhicules - arrière,2,3,0,0,1,1,1,0,1,50,2,2,1,0,0,1,43.0,43.0,deux_roues,utilitaire_camion,1,2,1,1,2
202300046916,2023-09-30 20:50:00,2023,9,30,20,50,83,83047,40 Avenue de la Libération,43.149675,6.075718,Nuit avec éclairage allumé,En agglomération,Hors intersection,Normale,Autre collision,3,1,2,0,1,3,1,0,1,50,1,2,0,0,1,1,21.0,,deux_roues,,5,2,1,1,6
202300046917,2023-07-19 21:20:00,2023,7,19,21,20,93,93066,Rue Pleyel,48.91650275,2.34620767,Crépuscule ou aube,En agglomération,Hors intersection,Normale,Deux véhicules - côté,4,2,2,0,1,1,1,0,2,50,2,2,1,0,0,1,47.0,59.0,voiture,deux_roues,2,2,1,1,3
202300046918,2023-10-01 00:45:00,2023,10,1,0,45,83,83143,D554,43.455271,6.065387,Nuit sans éclairage public,Hors agglomération,Hors intersection,Normale,Autre collision,3,2,2,0,2,1,1,0,3,80,1,1,0,1,0,0,38.0,,voiture,,3,1,1,1,6
202300046919,2023-07-19 08:30:00,2023,7,19,8,30,93,93001,Avenue Victor Hugo / Rue de la Commune de Paris,48.90885355,2.3782126,Plein jour,En agglomération,Intersection à plus de 4 branches,Normale,Deux véhicules - côté,3,2,4,0,1,1,1,9,1,30,2,2,1,0,0,1,21.0,29.0,utilitaire_camion,deux_roues,1,2,5,1,3
202300046919,2023-07-19 08:30:00,2023,7,19,8,30,93,93001,Avenue Victor Hugo / Rue de la Commune de Paris,48.90885355,2.3782126,Plein jour,En agglomération,Intersection à plus de 4 branches,Normale,Deux véhicules - côté,3,1,1,0,1,1,1,0,1,-1,2,2,1,0,0,1,21.0,29.0,utilitaire_camion,deux_roues,1,2,5,1,3
202300046920,2023-09-30 20:05:00,2023,9,30,20,5,67,67309,boulevard des enseignes,48.651851,7.723517,Nuit avec éclairage allumé,En agglomération,Hors intersection,Normale,Autre collision,7,3,0,3,1,1,1,0,1,50,1,2,1,0,1,0,,,autre,,5,2,1,1,6
202300046921,2023-07-19 09:30:00,2023,7,19,9,30,93,93051,Rue Graham Bell / Boulevard de Friedberg,48.83604,2.54753,Plein jour,En agglomération,Giratoire,Normale,Deux véhicules - côté,3,1,2,0,1,2,1,0,1,50,2,3,2,0,0,1,28.0,49.0,voiture,transport_commun,1,2,6,1,3
202300046921,2023-07-19 09:30:00,2023,7,19,9,30,93,93051,Rue Graham Bell / Boulevard de Friedberg,48.83604,2.54753,Plein jour,En agglomération,Giratoire,Normale,Deux véhicules - côté,3,3,4,0,1,1,1,0,1,-1,2,3,2,0,0,1,28.0,49.0,voiture,transport_commun,1,2,6,1,3
202300046922,2023-10-01 02:26:00,2023,10,1,2,26,42,42147,Avenue de Saint Étienne,45.590505,4.090353,Nuit sans éclairage public,En agglomération,Giratoire,Normale,Autre collision,3,2,1,0,1,1,1,5,1,80,1,1,0,0,1,0,28.0,,deux_roues,,3,2,6,1,6
202300046923,2023-07-19 19:15:00,2023,7,19,19,15,93,93048,Place du Général de Gaulle / Rue Jean Lolive,48.86914,2.43236,Crépuscule ou aube,En agglomération,Place,Normale,Deux véhicules - côté,4,1,1,1,1,1,1,5,1,30,2,2,1,0,0,1,53.0,22.0,deux_roues,utilitaire_camion,2,2,7,1,3
202300046923,2023-07-19 19:15:00,2023,7,19,19,15,93,93048,Place du Général de Gaulle / Rue Jean Lolive,48.86914,2.43236,Crépuscule ou aube,En agglomération,Place,Normale,Deux véhicules - côté,4,2,2,0,1,1,1,5,1,30,2,2,1,0,0,1,53.0,22.0,deux_roues,utilitaire_camion,2,2,7,1,3
202300046924,2023-07-18 23:20:00,2023,7,18,23,20,93,93045,Avenue du Maréchal Juin,48.87883601,2.4222959,Nuit avec éclairage allumé,En agglomération,Hors intersection,Normale,Deux véhicules - frontale,3,2,2,0,1,1,1,0,1,30,2,2,1,0,0,1,29.0,31.0,voiture,deux_roues,5,2,1,1,1
202300046925,2023-07-19 09:40:00,2023,7,19,9,40,93,93010,Remise à Jorelle / Rue Rudyard Kipling,48.89331983,2.48690536,Plein jour,En agglomération,Intersection en T,Normale,Autre collision,4,2,1,1,1,1,1,9,5,30,1,2,1,0,0,1,61.0,,deux_roues,,1,2,3,1,6
202300046925,2023-07-19 09:40:00,2023,7,19,9,40,93,93010,Remise à Jorelle / Rue Rudyard Kipling,48.89331983,2.48690536,Plein jour,En agglomération,Intersection en T,Normale,Autre collision,4,2,1,0,1,1,1,0,5,30,1,2,1,0,0,1,61.0,,deux_roues,,1,2,3,1,6
202300046926,2023-07-19 04:05:00,2023,7,19,4,5,93,93057,Allée Monthyon / Allée de l'Avenir,48.91207778,2.50865657,Nuit avec éclairage allumé,En agglomération,Intersection en X,Normale,Deux véhicules - côté,3,2,2,0,1,1,1,0,1,50,2,2,0,0,0,2,54.0,21.0,deux_roues,voiture,5,2,2,1,3
202300046926,2023-07-19 04:05:00,2023,7,19,4,5,93,93057,Allée Monthyon / Allée de l'Avenir,48.91207778,2.50865657,Nuit avec éclairage allumé,En agglomération,Intersection en X,Normale,Deux véhicules - côté,3,2,2,0,1,1,1,0,1,50,2,2,0,0,0,2,54.0,21.0,deux_roues,voiture,5,2,2,1,3
202300046927,2023-07-10 12:55:00,2023,7,10,12,55,92,92078,JEAN MOULIN (AVENUE) (1 AU 81),48.93839,2.33177,Plein jour,En agglomération,Hors intersection,Normale,Sans collision,4,2,1,0,1,1,1,0,1,50,1,1,0,0,0,1,32.0,,deux_roues,,1,2,1,1,7
202300046928,2023-07-19 00:40:00,2023,7,19,0,40,92,92073,VERDUN (RUE DE),48.87115675,2.22779131,Nuit avec éclairage allumé,En agglomération,Hors intersection,Normale,Autre collision,4,2,0,0,1,1,1,0,1,30,1,1,0,0,0,1,37.0,,deux_roues,,5,2,1,1,6
202300046929,2023-07-18 18:00:00,2023,7,18,18,0,92,92073,CARON (RUE ALBERT),48.86511288,2.20855996,Plein jour,En agglomération,Intersection en X,Normale,Deux véhicules - côté,4,-1,0,0,1,1,1,0,1,50,2,2,1,0,0,1,44.0,52.0,autre,voiture,1,2,2,1,3
202300046929,2023-07-18 18:00:00,2023,7,18,18,0,92,92073,CARON (RUE ALBERT),48.86511288,2.20855996,Plein jour,En agglomération,Intersection en X,Normale,Deux véhicules - côté,4,1,1,1,1,1,1,0,1,50,2,2,1,0,0,1,44.0,52.0,autre,voiture,1,2,2,1,3
202300046930,2023-07-19 12:24:00,2023,7,19,12,24,92,92077,SEVRES (RUE DE),48.82626,2.19203,Plein jour,En agglomération,Hors intersection,Normale,Deux véhicules - côté,3,2,2,1,1,1,1,0,1,30,2,2,1,0,0,1,21.0,63.0,utilitaire_camion,deux_roues,1,2,1,1,3
202300046931,2023-07-19 19:05:00,2023,7,19,19,5,92,92063,DOUMER (AVENUE PAUL) NORD,48.87993176,2.18057728,Plein jour,En agglomération,Intersection en T,Normale,Deux véhicules - côté,3,1,1,0,1,1,1,0,1,50,2,4,1,0,0,3,38.0,37.0,deux_roues,voiture,1,2,3,1,3
202300046931,2023-07-19 19:05:00,2023,7,19,19,5,92,92063,DOUMER (AVENUE PAUL) NORD,48.87993176,2.18057728,Plein jour,En agglomération,Intersection en T,Normale,Deux véhicules - côté,3,2,6,0,1,1,1,0,1,50,2,4,1,0,0,3,38.0,37.0,deux_roues,voiture,1,2,3,1,3
202300046932,2023-07-19 06:40:00,2023,7,19,6,40,92,92051,"BINEAU (BOULEVARD, N°133 A 217 ET 134 A",48.89363317,2.2674349,Plein jour,En agglomération,Intersection en X,Normale,Deux véhicules - côté,3,3,4,1,1,1,1,0,5,50,2,2,1,0,0,1,57.0,30.0,voiture,deux_roues,1,2,2,1,3
202300046932,2023-07-19 06:40:00,2023,7,19,6,40,92,92051,"BINEAU (BOULEVARD, N°133 A 217 ET 134 A",48.89363317,2.2674349,Plein jour,En agglomération,Intersection en X,Normale,Deux véhicules - côté,3,2,0,0,1,1,1,0,5,50,2,2,1,0,0,1,57.0,30.0,voiture,deux_roues,1,2,2,1,3
202300046933,2023-07-18 18:15:00,2023,7,18,18,15,92,92050,VAILLANT COUTURIER PAUL RUE,48.87946,2.20825,Plein jour,En agglomération,Hors intersection,Normale,Deux véhicules - côté,3,2,2,0,2,1,1,0,1,50,2,2,1,0,0,1,32.0,49.0,voiture,deux_roues,1,2,1,1,3
202300046934,2023-07-18 08:56:00,2023,7,18,8,56,92,92050,PICASSO PABLO AVENUE,48.89248921,2.21358848,Plein jour,En agglomération,Hors intersection,Normale,Deux véhicules - frontale,4,2,2,1,1,1,1,0,5,50,2,2,1,0,0,1,38.0,57.0,deux_roues,deux_roues,1,2,1,1,1
202300046935,2023-07-19 14:00:00,2023,7,19,14,0,92,92020,BROSSOLETTE RUE PIERRE AUTRES N°,48.800973,2.279232,Plein jour,En agglomération,Hors intersection,Normale,Sans collision,3,2,2,0,2,1,1,0,1,50,1,1,0,0,0,1,23.0,,deux_roues,,1,2,1,1,7
202300046936,2023-07-19 09:30:00,2023,7,19,9,30,92,92040,MARCEAU,48.8263,2.2722,Plein jour,En agglomération,Hors intersection,Normale,Deux véhicules - côté,4,3,2,0,1,1,1,0,1,50,2,2,1,0,0,1,30.0,52.0,deux_roues,voiture,1,2,1,1,3
202300046937,2023-07-15 22:00:00,2023,7,15,22,0,92,92025,EDGARD QUINET (BD),48.92413671,2.247987,Nuit avec éclairage allumé,En agglomération,Hors intersection,Normale,Autre collision,3,2,2,0,1,1,1,0,1,30,1,2,0,0,0,2,43.0,,voiture,,5,2,1,1,6
202300046938,2023-07-19 18:40:00,2023,7,19,18,40,92,92024,MARTRE DE (4 A 54),48.89988595,2.3088643,Plein jour,En agglomération,Hors intersection,Normale,Deux véhicules - côté,3,1,3,1,1,1,1,0,1,50,2,2,1,0,1,0,52.0,59.0,utilitaire_camion,deux_roues,1,2,1,1,3
202300046939,2023-06-17 18:45:00,2023,6,17,18,45,39,39295,,46.483501,5.466042,Plein jour,Hors agglomération,Intersection en X,Normale,Deux véhicules - côté,3,2,2,0,1,1,1,0,1,80,2,5,1,0,0,4,20.0,30.0,voiture,voiture,1,1,2,1,3
202300046939,2023-06-17 18:45:00,2023,6,17,18,45,39,39295,,46.483501,5.466042,Plein jour,Hors agglomération,Intersection en X,Normale,Deux véhicules - côté,3,2,2,-1,1,1,1,0,1,80,2,5,1,0,0,4,20.0,30.0,voiture,voiture,1,1,2,1,3
202300046940,2023-07-19 00:40:00,2023,7,19,0,40,92,92019,SINET EUGENE (RUE),48.77447,2.26962,Nuit avec éclairage allumé,En agglomération,Hors intersection,Normale,Autre collision,4,1,1,0,2,1,1,0,1,30,1,1,0,0,0,1,21.0,,deux_roues,,5,2,1,1,6
202300046941,2023-07-19 19:00:00,2023,7,19,19,0,60,60040,D152,49.424004,2.590445,Plein jour,Hors agglomération,Hors intersection,Normale,Sans collision,3,2,2,0,1,2,1,0,1,80,1,1,0,0,1,0,19.0,,deux_roues,,1,1,1,1,7
202300046942,2023-06-17 19:40:00,2023,6,17,19,40,39,39154,14A Route de Lons-le-saunier,46.579115,5.747328,Plein jour,En agglomération,Intersection en T,Normale,Deux véhicules - côté,3,2,2,1,1,1,9,0,1,50,2,5,2,0,0,3,27.0,31.0,voiture,voiture,1,2,3,1,3
202300046942,2023-06-17 19:40:00,2023,6,17,19,40,39,39154,14A Route de Lons-le-saunier,46.579115,5.747328,Plein jour,En agglomération,Intersection en T,Normale,Deux véhicules - côté,3,-1, -1,-1,1,1,1,0,1,50,2,5,2,0,0,3,27.0,31.0,voiture,voiture,1,2,3,1,3
202300046943,2023-07-18 23:15:00,2023,7,18,23,15,40,40296,D86,43.687619,-1.37858,Nuit sans éclairage public,Hors agglomération,Hors intersection,Normale,Autre collision,3,2,2,0,2,2,1,0,3,80,1,2,1,0,1,0,27.0,,deux_roues,,3,1,1,1,6
202300046944,2023-07-19 14:15:00,2023,7,19,14,15,42,42332,Rue du Moulin à Vent Prolongée,46.019116,4.053483,Plein jour,En agglomération,Intersection en X,Normale,Deux véhicules - côté,4,2,2,0,1,1,1,0,1,50,2,2,1,0,1,0,30.0,16.0,utilitaire_camion,deux_roues,1,2,2,1,3
202300046944,2023-07-19 14:15:00,2023,7,19,14,15,42,42332,Rue du Moulin à Vent Prolongée,46.019116,4.053483,Plein jour,En agglomération,Intersection en X,Normale,Deux véhicules - côté,4,2,2,-1,1,1,1,0,1,-1,2,2,1,0,1,0,30.0,16.0,utilitaire_camion,deux_roues,1,2,2,1,3
202300046945,2023-06-17 18:30:00,2023,6,17,18,30,44,44069,1 Rue de la Fuie,47.327803,-2.411923,Plein jour,En agglomération,Autre intersection,Normale,Deux véhicules - côté,6,-1, -1,0,1,1,1,0,1,50,2,3,2,0,0,1,56.0,17.0,voiture,deux_roues,1,2,9,1,3
202300046946,2023-07-17 10:40:00,2023,7,17,10,40,64,64367,11 Chemin Larue,43.449715,-0.69246,Plein jour,Hors agglomération,Hors intersection,Normale,Autre collision,4,-1,2,0,1,1,1,0,1,50,1,1,0,0,1,0,17.0,,deux_roues,,1,1,1,1,6
202300046947,2023-06-17 06:35:00,2023,6,17,6,35,02,02173,106 Rue Camille Desmoulins,49.612754,3.203459,Crépuscule ou aube,En agglomération,Hors intersection,Normale,Autre collision,4,2,2,0,1,2,1,0,1,50,2,2,1,1,0,0,41.0,89.0,voiture,deux_roues,2,2,1,1,6
202300046948,2023-07-03 20:30:00,2023,7,3,20,30,19,19043,RD921,45.153187,1.621476,Plein jour,Hors agglomération,Hors intersection,Normale,Autre collision,3,2,2,0,1,1,1,0,1,90,1,1,0,0,1,0,46.0,,deux_roues,,1,1,1,1,6
202300046949,2023-06-17 18:30:00,2023,6,17,18,30,01,01457,Route de Laval,46.215654,4.998328,Plein jour,Hors agglomération,Hors intersection,Normale,Autre collision,4,2,2,0,1,2,1,0,8,80,1,1,0,0,0,1,27.0,,voiture,,1,1,1,1,6
202300046950,2023-07-17 08:00:00,2023,7,17,8,0,56,56117,11 Place Anne de Bretagne,47.882053,-2.83428,Plein jour,En agglomération,Giratoire,Normale,Deux véhicules - côté,4,2,2,0,1,1,1,5,1,50,2,2,1,0,1,0,60.0,62.0,voiture,deux_roues,1,2,6,1,3
202300046950,2023-07-17 08:00:00,2023,7,17,8,0,56,56117,11 Place Anne de Bretagne,47.882053,-2.83428,Plein jour,En agglomération,Giratoire,Normale,Deux véhicules - côté,4,2,2,-1,1,1,1,5,1,50,2,2,1,0,1,0,60.0,62.0,voiture,deux_roues,1,2,6,1,3
202300046951,2023-06-17 15:19:00,2023,6,17,15,19,66,66053,,42.525933,3.082067,Plein jour,En agglomération,Autre intersection,Normale,Autre collision,6,-1, -1,0,2,1,1,9,8,-1,1,2,1,0,1,0,84.0,,voiture,,1,2,9,1,6
202300046952,2023-07-19 20:03:00,2023,7,19,20,3,56,56240,Giratoire de KERGROES,47.522311,-2.767274,Plein jour,En agglomération,Giratoire,Normale,Deux véhicules - côté,3,2,2,0,1,1,1,5,1,80,2,3,2,0,0,1,33.0,75.0,voiture,deux_roues,1,2,6,1,3
202300046953,2023-06-17 09:10:00,2023,6,17,9,10,54,54200,Rue du Jury,48.8753357,5.84767163,Plein jour,En agglomération,Intersection en T,Normale,Deux véhicules - frontale,3,2,2,0,1,1,1,5,1,50,2,3,2,0,0,1,21.0,58.0,utilitaire_camion,voiture,1,2,3,1,1
202300046953,2023-06-17 09:10:00,2023,6,17,9,10,54,54200,Rue du Jury,48.8753357,5.84767163,Plein jour,En agglomération,Intersection en T,Normale,Deux véhicules - frontale,3,2,2,0,1,1,1,5,1,50,2,3,2,0,0,1,21.0,58.0,utilitaire_camion,voiture,1,2,3,1,1
202300046954,2023-07-19 21:45:00,2023,7,19,21,45,2B,2B343,Querciolo,42.4894,9.478841,Nuit avec éclairage allumé,En agglomération,Hors intersection,Normale,Autre collision,2,3,2,0,1,1,1,9,8,50,1,2,1,0,0,1,32.0,,deux_roues,,5,2,1,1,6
202300046955,2023-06-17 16:10:00,2023,6,17,16,10,50,50604,D23,49.522555,-1.816328,Plein jour,Hors agglomération,Hors intersection,Normale,Deux véhicules - frontale,3,2,2,0,2,1,1,0,1,80,2,2,1,0,1,0,28.0,34.0,deux_roues,deux_roues,1,1,1,1,1
202300046956,2023-07-20 10:15:00,2023,7,20,10,15,11,11392,,43.079617,2.676448,Plein jour,Hors agglomération,Hors intersection,Normale,Deux véhicules - frontale,3,2,2,0,2,2,1,0,1,80,2,3,0,0,3,0,30.0,76.0,voiture,voiture,1,1,1,1,1
202300046957,2023-06-18 06:45:00,2023,6,18,6,45,83,83056,Vieille Route de Grasse,43.555278,6.516958,Crépuscule ou aube,En agglomération,Intersection en T,Normale,Autre collision,3,2,2,0,1,3,1,5,1,50,1,1,0,0,0,1,22.0,,voiture,,2,2,3,1,6
202300046957,2023-06-18 06:45:00,2023,6,18,6,45,83,83056,Vieille Route de Grasse,43.555278,6.516958,Crépuscule ou aube,En agglomération,Intersection en T,Normale,Autre collision,3,2, -1,-1,1,1,1,0,1,-1,1,1,0,0,0,1,22.0,,voiture,,2,2,3,1,6
202300046958,2023-07-19 20:15:00,2023,7,19,20,15,46,46213,le claux de Gasconne,44.83961667,1.76415458,Crépuscule ou aube,Hors agglomération,Intersection en X,Temps éblouissant,Deux véhicules - frontale,3,2,2,0,1,1,1,0,1,80,2,2,1,0,1,0,53.0,43.0,voiture,deux_roues,2,1,2,7,1
202300046958,2023-07-19 20:15:00,2023,7,19,20,15,46,46213,le claux de Gasconne,44.83961667,1.76415458,Crépuscule ou aube,Hors agglomération,Intersection en X,Temps éblouissant,Deux véhicules - frontale,3,2,2,0,1,1,1,0,1,80,2,2,1,0,1,0,53.0,43.0,voiture,deux_roues,2,1,2,7,1
202300046959,2023-06-17 10:00:00,2023,6,17,10,0,64,64094,D936,43.465441,-1.236842,Plein jour,Hors agglomération,Hors intersection,Normale,Deux véhicules - frontale,3,2,2,0,1,2,1,0,1,80,2,2,1,0,1,0,20.0,61.0,voiture,voiture,1,1,1,1,1
202300046960,2023-07-20 15:30:00,2023,7,20,15,30,44,44128,44 la Ville Dinais,47.523504,-1.886365,Plein jour,Hors agglomération,Hors intersection,Temps couvert,Deux véhicules - frontale,3,2,2,0,1,1,1,0,1,80,2,2,1,0,0,1,19.0,46.0,voiture,voiture,1,1,1,8,1
202300046961,2023-06-17 19:05:00,2023,6,17,19,5,43,43153,1851 route de Cubrisoles,45.330716,4.261988,Plein jour,Hors agglomération,Autre intersection,Normale,Deux véhicules - côté,4,2,2,0,1,1,1,0,1,-1,2,2,1,0,1,0,36.0,57.0,voiture,deux_roues,1,1,9,1,3
202300046962,2023-06-13 17:15:00,2023,6,13,17,15,07,07276,RD 120 - PR 40+950 -,44.896189,4.486926,Plein jour,Hors agglomération,Hors intersection,Pluie légère,Autre collision,3,2,2,0,1,2,2,0,3,90,1,2,1,0,1,0,61.0,,voiture,,1,1,1,2,6
202300046963,2023-07-19 16:45:00,2023,7,19,16,45,29,29035,D26,48.49655805,-4.53622331,Plein jour,Hors agglomération,Hors intersection,Normale,Deux véhicules - côté,3,2,2,0,1,1,1,0,1,80,2,2,1,0,0,1,80.0,62.0,voiture,deux_roues,1,1,1,1,3
202300046964,2023-06-18 06:00:00,2023,6,18,6,0,40,40145,248 Route du Tursan,43.765589,-0.423601,Plein jour,En agglomération,Hors intersection,Normale,Autre collision,4,2,2,0,1,3,1,0,3,50,1,1,0,1,0,0,21.0,,deux_roues,,1,2,1,1,6
202300046965,2023-07-19 16:22:00,2023,7,19,16,22,15,15142,D990,44.97214,2.990815,Plein jour,Hors agglomération,Intersection en X,Normale,Deux véhicules - côté,3,2,2,0,1,1,1,0,1,90,2,4,3,0,0,1,65.0,37.0,voiture,voiture,1,1,2,1,3
202300046965,2023-07-19 16:22:00,2023,7,19,16,22,15,15142,D990,44.97214,2.990815,Plein jour,Hors agglomération,Intersection en X,Normale,Deux véhicules - côté,3,2,2,0,1,1,1,0,1,90,2,4,3,0,0,1,65.0,37.0,voiture,voiture,1,1,2,1,3
202300046966,2023-07-20 09:00:00,2023,7,20,9,0,01,01240,Route de Dortan,46.254957,5.513334,Plein jour,Hors agglomération,Hors intersection,Normale,Autre collision,3,2,2,0,1,2,1,0,1,80,1,1,0,0,1,0,28.0,,deux_roues,,1,1,1,1,6
202300046967,2023-06-17 17:30:00,2023,6,17,17,30,04,04036,D900,44.146439,6.296266,Plein jour,Hors agglomération,Hors intersection,Normale,Deux véhicules - frontale,3,2,2,0,1,3,1,0,1,80,2,3,0,2,0,1,78.0,50.0,voiture,deux_roues,1,1,1,1,1
202300046968,2023-07-20 08:25:00,2023,7,20,8,25,70,70176,D6,47.886125,6.608298,Plein jour,Hors agglomération,Hors intersection,Temps éblouissant,Autre collision,3,2,2,0,1,1,1,0,1,80,1,2,1,0,1,0,30.0,,voiture,,1,1,1,7,6
202300046969,2023-06-18 11:50:00,2023,6,18,11,50,77,77410,Autoroute A5,48.587509,2.703323,Plein jour,Hors agglomération,Hors intersection,Normale,Autre collision,1,3,3,0,1,1,1,0,3,130,1,1,0,0,1,0,67.0,,voiture,,1,1,1,1,6
202300046970,2023-07-20 19:10:00,2023,7,20,19,10,54,54152,25 Rue du Général Leclerc,48.55564124,6.38659716,Plein jour,En agglomération,Autre intersection,Normale,Autre collision,3,2,2,0,1,2,1,0,4,50,1,1,0,1,0,0,63.0,,deux_roues,,1,2,9,1,6