accident_id,datetime,annee,mois,jour,heure,minute,departement,commune_insee,adresse,latitude,longitude,luminosite,agglomeration,intersection,meteo,collision,catr,circ,nbv,vosp,prof,plan,surf,infra,situ,vma,nb_vehicules,nb_usagers,nb_indemnes,nb_tues,nb_blesses_hosp,nb_blesses_legers,age_cond_1,age_cond_2,veh_type_cond_1,veh_type_cond_2,lum_code,agg_code,int_code,atm_code,col_code
202300046971,2023-06-18 02:30:00,2023,6,18,2,30,49,49188,pk 239 A11,47.589551,-0.323224,Nuit sans éclairage public,Hors agglomération,Hors intersection,Pluie légère,Sans collision,1,3,2,0,1,1,2,0,3,130,1,3,1,0,0,2,20.0,,voiture,,3,1,1,2,7
202300046972,2023-07-20 12:55:00,2023,7,20,12,55,54,54076,Rue du Bois Versin,48.562424,6.402297,Plein jour,En agglomération,Intersection en Y,Normale,Deux véhicules - frontale,4,1, -1,-1,1,1,1,0,1,30,2,3,1,0,0,2,48.0,22.0,voiture,deux_roues,1,2,4,1,1
202300046972,2023-07-20 12:55:00,2023,7,20,12,55,54,54076,Rue du Bois Versin,48.562424,6.402297,Plein jour,En agglomération,Intersection en Y,Normale,Deux véhicules - frontale,4,1,1,0,2,2,1,0,1,50,2,3,1,0,0,2,48.0,22.0,voiture,deux_roues,1,2,4,1,1
202300046973,2023-06-18 08:30:00,2023,6,18,8,30,79,79355,,46.300161,-0.366561,Plein jour,Hors agglomération,Hors intersection,Normale,Deux véhicules - arrière,1,3,4,0,1,1,1,0,1,110,2,3,2,0,1,0,24.0,62.0,voiture,utilitaire_camion,1,1,1,1,2
202300046974,2023-07-19 18:30:00,2023,7,19,18,30,54,54400,D120,48.88270198,6.22697353,Plein jour,Hors agglomération,Hors intersection,Normale,Deux véhicules - frontale,3,2,2,0,1,2,1,0,8,80,2,2,0,0,2,0,60.0,58.0,utilitaire_camion,voiture,1,1,1,1,1
202300046975,2023-06-18 00:12:00,2023,6,18,0,12,68,68278,Autoroute A35,47.754183,7.42006,Nuit sans éclairage public,Hors agglomération,Hors intersection,Normale,Autre collision,1,3,2,0,1,1,1,2,3,130,1,1,0,0,0,1,21.0,,voiture,,3,1,1,1,6
202300046976,2023-06-18 13:26:00,2023,6,18,13,26,64,64300,A64 - PK 77.288,43.43135417,-0.62975154,Plein jour,Hors agglomération,Hors intersection,Normale,Autre collision,1,3,2,0,1,1,1,0,2,130,1,1,0,1,0,0,64.0,,deux_roues,,1,1,1,1,6
202300046977,2023-06-17 14:40:00,2023,6,17,14,40,69,69013,Autoroute 6,46.0328,4.725924,Plein jour,Hors agglomération,Hors intersection,Normale,Sans collision,1,3,6,0,1,1,1,0,2,130,1,1,0,0,0,1,32.0,,deux_roues,,1,1,1,1,7
202300046978,2023-06-17 23:45:00,2023,6,17,23,45,69,69118,Route de Beaucaire,45.564567,4.80352,Nuit avec éclairage allumé,En agglomération,Intersection en T,Normale,Deux véhicules - arrière,3,2,2,0,1,1,1,5,1,50,2,2,0,0,0,2,42.0,23.0,voiture,voiture,5,2,3,1,2
202300046978,2023-06-17 23:45:00,2023,6,17,23,45,69,69118,Route de Beaucaire,45.564567,4.80352,Nuit avec éclairage allumé,En agglomération,Intersection en T,Normale,Deux véhicules - arrière,3,2,2,0,1,1,1,0,1,-1,2,2,0,0,0,2,42.0,23.0,voiture,voiture,5,2,3,1,2
202300046979,2023-07-13 17:20:00,2023,7,13,17,20,06,06073,M97,44.188743,7.053502,Plein jour,Hors agglomération,Hors intersection,Normale,Autre collision,7,2,2,0,2,1,1,0,1,50,1,4,3,0,0,1,41.0,,voiture,,1,1,1,1,6
202300046980,2023-06-16 18:43:00,2023,6,16,18,43,971,97104,Allée des Pères Blancs,16.012252,-61.742769,Nuit avec éclairage allumé,En agglomération,Hors intersection,Normale,Deux véhicules - côté,4,-1,2,0,1,1,1,9,8,50,2,3,1,0,2,0,69.0,26.0,voiture,autre,5,2,1,1,3
202300046981,2023-06-17 12:30:00,2023,6,17,12,30,28,28194,Grande Rue,48.4376,1.651372,Plein jour,Hors agglomération,Hors intersection,Normale,Sans collision,3,2,2,0,1,3,1,0,3,80,1,1,0,0,1,0,38.0,,deux_roues,,1,1,1,1,7
202300046982,2023-07-19 08:30:00,2023,7,19,8,30,09,09327,D10,42.991088,1.741676,Crépuscule ou aube,Hors agglomération,Hors intersection,Normale,Sans collision,3,2,2,0,2,1,1,0,1,80,1,1,0,0,1,0,87.0,,deux_roues,,2,1,1,1,7
202300046983,2023-06-17 15:30:00,2023,6,17,15,30,45,45244,D119 PR 3 + 930,47.771421,2.421262,Plein jour,Hors agglomération,Hors intersection,Normale,Deux véhicules - frontale,3,2,2,0,1,1,1,0,1,80,2,3,1,0,1,1,31.0,54.0,voiture,voiture,1,1,1,1,1
202300046984,2023-06-18 16:30:00,2023,6,18,16,30,77,77264,D402,48.7028309,2.91785112,Plein jour,Hors agglomération,Hors intersection,Normale,Deux véhicules - frontale,3,2,2,0,1,1,1,0,1,80,1,6,0,2,4,0,43.0,,utilitaire_camion,,1,1,1,1,1
202300046985,2023-06-18 13:22:00,2023,6,18,13,22,91,91103,D19,48.578453,2.298589,Plein jour,Hors agglomération,Giratoire,Normale,Deux véhicules - côté,3,1,3,0,1,2,1,9,1,30,2,6,1,0,1,4,39.0,22.0,voiture,voiture,1,1,6,1,3
202300046986,2023-06-17 20:00:00,2023,6,17,20,0,2B,2B301,RD 81,42.660585,9.126012,Plein jour,Hors agglomération,Hors intersection,Normale,Autre collision,3,2,2,0,2,2,1,0,3,80,1,1,0,1,0,0,24.0,,deux_roues,,1,1,1,1,6
202300046987,2023-06-18 08:45:00,2023,6,18,8,45,66,66141,,42.769603,2.900219,Plein jour,Hors agglomération,Hors intersection,Normale,Sans collision,3,1,2,0,2,3,1,3,1,-1,1,1,0,0,1,0,19.0,,deux_roues,,1,1,1,1,7
202300046988,2023-06-16 16:40:00,2023,6,16,16,40,34,34183,RD609,43.290932,3.118492,Plein jour,En agglomération,Giratoire,Temps éblouissant,Deux véhicules - côté,3,1,1,1,1,3,1,0,5,50,2,3,2,0,1,0,60.0,73.0,voiture,deux_roues,1,2,6,7,3
202300046989,2023-06-17 21:40:00,2023,6,17,21,40,84,84132,Route de Banon,43.882827,5.004369,Nuit sans éclairage public,Hors agglomération,Hors intersection,Normale,Sans collision,3,2,2,0,1,1,1,0,3,80,1,1,0,1,0,0,73.0,,voiture,,3,1,1,1,7
202300046990,2023-06-18 13:50:00,2023,6,18,13,50,13,13081,D113 - noeud desservant plusieurs axes,43.491584,5.218785,Plein jour,Hors agglomération,Intersection en Y,Normale,Deux véhicules - frontale,3,1,5,0,2,3,1,3,3,110,1,1,0,1,0,0,22.0,,voiture,,1,1,4,1,1
202300046990,2023-06-18 13:50:00,2023,6,18,13,50,13,13081,D113 - noeud desservant plusieurs axes,43.491584,5.218785,Plein jour,Hors agglomération,Intersection en Y,Normale,Deux véhicules - frontale,3,2, -1,-1,1,3,1,-1,1,-1,1,1,0,1,0,0,22.0,,voiture,,1,1,4,1,1
202300046991,2023-06-17 17:20:00,2023,6,17,17,20,13,13086,Route Nationale 96,43.338214,5.601193,Plein jour,En agglomération,Giratoire,Normale,Deux véhicules - arrière,3,-1,1,0,1,1,1,5,1,50,2,2,1,0,1,0,51.0,75.0,deux_roues,utilitaire_camion,1,2,6,1,2
202300046992,2023-06-16 17:10:00,2023,6,16,17,10,26,26124,"Autoroute A7 sens nord / sud, PK 082.700",44.835384,4.862266,Plein jour,Hors agglomération,Hors intersection,Normale,Trois véhicules et plus - en chaîne,1,3,3,0,1,1,1,0,1,130,3,8,6,0,0,2,22.0,23.0,voiture,voiture,1,1,1,1,4
202300046993,2023-06-16 15:20:00,2023,6,16,15,20,68,68329,61 Route de la Schlucht,48.050589,7.110236,Plein jour,En agglomération,Hors intersection,Normale,Deux véhicules - côté,3,2,2,0,1,1,1,0,1,50,2,2,1,0,1,0,54.0,69.0,deux_roues,deux_roues,1,2,1,1,3
202300046994,2023-06-17 16:00:00,2023,6,17,16,0,73,73068,D1006,45.562081,6.205956,Plein jour,Hors agglomération,Intersection en X,Normale,Deux véhicules - côté,3,2,2,2,1,1,1,5,1,70,2,2,1,0,1,0,24.0,63.0,deux_roues,voiture,1,1,2,1,3
202300046994,2023-06-17 16:00:00,2023,6,17,16,0,73,73068,D1006,45.562081,6.205956,Plein jour,Hors agglomération,Intersection en X,Normale,Deux véhicules - côté,3,2,2,0,1,1,1,5,1,70,2,2,1,0,1,0,24.0,63.0,deux_roues,voiture,1,1,2,1,3
202300046995,2023-06-17 19:25:00,2023,6,17,19,25,38,38110,N7,45.566227,4.858403,Crépuscule ou aube,Hors agglomération,Intersection en X,Normale,Trois véhicules et plus - collisions multiples,2,2,2,0,1,1,1,0,1,70,3,3,2,0,1,0,51.0,46.0,voiture,deux_roues,2,1,2,1,5
202300046995,2023-06-17 19:25:00,2023,6,17,19,25,38,38110,N7,45.566227,4.858403,Crépuscule ou aube,Hors agglomération,Intersection en X,Normale,Trois véhicules et plus - collisions multiples,2,2,2,0,1,1,1,0,1,50,3,3,2,0,1,0,51.0,46.0,voiture,deux_roues,2,1,2,1,5
202300046996,2023-06-17 15:00:00,2023,6,17,15,0,17,17147,La Roulerie,45.810604,-0.553082,Plein jour,En agglomération,Hors intersection,Normale,Autre collision,3,2,2,0,1,1,1,0,1,50,1,2,1,0,1,0,52.0,,voiture,,1,2,1,1,6
202300046997,2023-06-16 07:35:00,2023,6,16,7,35,33,33539,Avenue de Bel Air,44.884101,-0.340469,Plein jour,Hors agglomération,Intersection en T,Normale,Deux véhicules - côté,2,2,2,0,2,1,1,0,1,-1,2,2,1,0,1,0,49.0,18.0,voiture,deux_roues,1,1,3,1,3
202300046997,2023-06-16 07:35:00,2023,6,16,7,35,33,33539,Avenue de Bel Air,44.884101,-0.340469,Plein jour,Hors agglomération,Intersection en T,Normale,Deux véhicules - côté,2,1, -1,-1,1,2,1,3,1,-1,2,2,1,0,1,0,49.0,18.0,voiture,deux_roues,1,1,3,1,3
202300046998,2023-06-17 10:40:00,2023,6,17,10,40,44,44205,101 la haute brechouliere,47.435791,-1.449412,Plein jour,Hors agglomération,Hors intersection,Normale,Sans collision,4,2,2,2,1,3,1,0,1,50,1,1,0,0,1,0,56.0,,deux_roues,,1,1,1,1,7
202300046999,2023-06-16 17:30:00,2023,6,16,17,30,27,27016,D313,49.245703,1.39694,Plein jour,En agglomération,Intersection en T,Normale,Deux véhicules - frontale,3,2,2,0,1,2,1,0,1,50,2,2,1,0,1,0,87.0,52.0,voiture,deux_roues,1,2,3,1,1
202300046999,2023-06-16 17:30:00,2023,6,16,17,30,27,27016,D313,49.245703,1.39694,Plein jour,En agglomération,Intersection en T,Normale,Deux véhicules - frontale,3,2,2,-1,1,1,1,0,1,-1,2,2,1,0,1,0,87.0,52.0,voiture,deux_roues,1,2,3,1,1
202300047000,2023-06-18 14:50:00,2023,6,18,14,50,60,60666,D84,49.096871,2.697659,Plein jour,Hors agglomération,Hors intersection,Normale,Sans collision,3,2,2,0,1,1,1,0,1,80,2,2,1,0,1,0,14.0,14.0,deux_roues,deux_roues,1,1,1,1,7
202300047001,2023-06-18 00:00:00,2023,6,18,0,0,60,60446,Route Nationale 2,49.133795,2.798123,Nuit sans éclairage public,Hors agglomération,Hors intersection,Normale,Autre collision,2,2,2,0,1,2,1,0,1,110,1,2,0,0,1,1,25.0,,voiture,,3,1,1,1,6
202300047002,2023-06-17 12:10:00,2023,6,17,12,10,62,62471,D198,50.65312973,2.22279224,Plein jour,En agglomération,Intersection en T,Normale,Deux véhicules - côté,3,2,2,0,2,2,1,0,1,50,2,2,1,0,1,0,33.0,56.0,voiture,deux_roues,1,2,3,1,3
202300047002,2023-06-17 12:10:00,2023,6,17,12,10,62,62471,D198,50.65312973,2.22279224,Plein jour,En agglomération,Intersection en T,Normale,Deux véhicules - côté,3,-1,2,0,1,1,1,0,1,-1,2,2,1,0,1,0,33.0,56.0,voiture,deux_roues,1,2,3,1,3
202300047003,2023-06-15 20:26:00,2023,6,15,20,26,40,40036,a63,43.641495,-1.378591,Plein jour,Hors agglomération,Autre intersection,Normale,Autre collision,1,1,3,0,1,1,1,0,8,90,1,1,0,0,1,0,57.0,,utilitaire_camion,,1,1,9,1,6
202300047004,2023-06-16 12:24:00,2023,6,16,12,24,09,09268,Route de Miguet,42.993223,1.140348,Plein jour,Hors agglomération,Hors intersection,Normale,Deux véhicules - frontale,3,2,2,0,2,3,1,0,1,80,2,2,1,1,0,0,24.0,36.0,deux_roues,voiture,1,1,1,1,1
202300047005,2023-06-17 12:15:00,2023,6,17,12,15,974,97415,Rue Raphael Barquisseau,-21.042104,55.267679,Plein jour,En agglomération,Autre intersection,Normale,Deux véhicules - côté,3,2,2,0,1,1,1,0,1,50,2,2,1,0,1,0,23.0,17.0,voiture,deux_roues,1,2,9,1,3
202300047006,2023-06-10 06:32:00,2023,6,10,6,32,35,35175,Rue Anne de Bretagne,47.895924,-1.975281,Crépuscule ou aube,En agglomération,Intersection en T,Normale,Autre collision,3,2,2,0,1,2,1,0,3,50,1,3,2,0,1,0,,,voiture,,2,2,3,1,6
202300047006,2023-06-10 06:32:00,2023,6,10,6,32,35,35175,Rue Anne de Bretagne,47.895924,-1.975281,Crépuscule ou aube,En agglomération,Intersection en T,Normale,Autre collision,3,2,2,0,1,1,1,0,3,50,1,3,2,0,1,0,,,voiture,,2,2,3,1,6
202300047007,2023-06-16 18:45:00,2023,6,16,18,45,22,22172,La Ville Martin,48.53748,-2.224174,Plein jour,Hors agglomération,Intersection en T,Normale,Deux véhicules - côté,3,2,2,0,1,1,1,0,1,80,2,2,0,0,1,1,46.0,40.0,voiture,voiture,1,1,3,1,3
202300047007,2023-06-16 18:45:00,2023,6,16,18,45,22,22172,La Ville Martin,48.53748,-2.224174,Plein jour,Hors agglomération,Intersection en T,Normale,Deux véhicules - côté,3,2,2,0,1,1,1,0,1,80,2,2,0,0,1,1,46.0,40.0,voiture,voiture,1,1,3,1,3
202300047008,2023-06-17 12:42:00,2023,6,17,12,42,71,71075,Lieu Dit le Torchis,46.631012,3.865396,Plein jour,Hors agglomération,Hors intersection,Normale,Autre collision,3,2,2,0,1,3,1,0,8,80,1,1,0,0,0,1,81.0,,voiture,,1,1,1,1,6
202300047009,2023-06-16 19:45:00,2023,6,16,19,45,95,95052,D85,49.138586,2.291669,Plein jour,En agglomération,Intersection en Y,Normale,Deux véhicules - arrière,3,2,2,0,2,1,1,0,1,50,2,2,1,0,0,1,18.0,54.0,deux_roues,utilitaire_camion,1,2,4,1,2
202300047009,2023-06-16 19:45:00,2023,6,16,19,45,95,95052,D85,49.138586,2.291669,Plein jour,En agglomération,Intersection en Y,Normale,Deux véhicules - arrière,3,2, -1,-1,1,1,1,0,1,-1,2,2,1,0,0,1,18.0,54.0,deux_roues,utilitaire_camion,1,2,4,1,2
202300047010,2023-06-16 16:45:00,2023,6,16,16,45,06,06161,1162 Route Départementale 6007,43.638983,7.133509,Plein jour,En agglomération,Hors intersection,Normale,Deux véhicules - côté,3,2,2,1,2,1,1,0,1,50,2,2,1,0,1,0,67.0,23.0,voiture,deux_roues,1,2,1,1,3
202300047011,2023-06-17 02:05:00,2023,6,17,2,5,29,29181,rue du Stiff,48.48643,-4.27531543,Nuit sans éclairage public,Hors agglomération,Hors intersection,Brouillard / fumée,Trois véhicules et plus - collisions multiples,2,3,2,0,1,1,1,0,1,110,3,3,2,0,0,1,39.0,24.0,utilitaire_camion,voiture,3,1,1,5,5
202300047012,2023-06-13 17:30:00,2023,6,13,17,30,51,51364,D227,49.2348897,3.879354,Plein jour,Hors agglomération,Hors intersection,Normale,Sans collision,3,2,2,0,2,2,1,0,3,80,1,1,0,0,1,0,29.0,,voiture,,1,1,1,1,7
202300047013,2023-06-17 10:20:00,2023,6,17,10,20,59,59149,route de clary,50.083018,3.402221,Plein jour,En agglomération,Intersection en X,Normale,Deux véhicules - frontale,3,2,2,0,1,1,1,0,1,50,2,2,1,0,1,0,79.0,44.0,deux_roues,voiture,1,2,2,1,1
202300047013,2023-06-17 10:20:00,2023,6,17,10,20,59,59149,route de clary,50.083018,3.402221,Plein jour,En agglomération,Intersection en X,Normale,Deux véhicules - frontale,3,2,2,0,1,1,1,5,1,50,2,2,1,0,1,0,79.0,44.0,deux_roues,voiture,1,2,2,1,1
202300047014,2023-06-17 11:09:00,2023,6,17,11,9,71,71120,1 Route de Charlieu,46.208134,4.324886,Plein jour,En agglomération,Hors intersection,Normale,Deux véhicules - arrière,3,2,2,0,2,1,1,0,1,50,2,2,1,1,0,0,77.0,46.0,deux_roues,voiture,1,2,1,1,2
202300047015,2023-06-16 16:45:00,2023,6,16,16,45,49,49218,Rue de la Mairie (Le Fuilet),47.280778,-1.11666,Plein jour,En agglomération,Intersection en X,Normale,Deux véhicules - frontale,3,2,2,0,1,1,1,5,1,50,2,2,1,0,1,0,22.0,9.0,deux_roues,autre,1,2,2,1,1
202300047015,2023-06-16 16:45:00,2023,6,16,16,45,49,49218,Rue de la Mairie (Le Fuilet),47.280778,-1.11666,Plein jour,En agglomération,Intersection en X,Normale,Deux véhicules - frontale,3,2, -1,-1,1,1,1,0,1,-1,2,2,1,0,1,0,22.0,9.0,deux_roues,autre,1,2,2,1,1
202300047016,2023-06-16 10:45:00,2023,6,16,10,45,12,12208,131 Avenue Lucien Galtier,43.957256,2.874883,Plein jour,En agglomération,Hors intersection,Normale,Sans collision,3,2,2,0,1,1,1,0,1,50,1,1,0,0,1,0,76.0,,deux_roues,,1,2,1,1,7
202300047017,2023-06-16 17:45:00,2023,6,16,17,45,35,35207,Gervis,48.07837164,-1.51250035,Plein jour,Hors agglomération,Intersection en T,Normale,Deux véhicules - arrière,3,2,2,0,1,1,1,0,1,80,2,2,1,0,0,1,57.0,24.0,voiture,deux_roues,1,1,3,1,2
202300047017,2023-06-16 17:45:00,2023,6,16,17,45,35,35207,Gervis,48.07837164,-1.51250035,Plein jour,Hors agglomération,Intersection en T,Normale,Deux véhicules - arrière,3,2, -1,0,1,2,1,0,1,80,2,2,1,0,0,1,57.0,24.0,voiture,deux_roues,1,1,3,1,2
202300047018,2023-06-17 08:20:00,2023,6,17,8,20,29,29113,Lieu Dit Kermelard,48.637333,-3.725288,Plein jour,Hors agglomération,Hors intersection,Normale,Autre collision,3,2,2,0,1,1,1,0,3,80,1,1,0,0,1,0,22.0,,voiture,,1,1,1,1,6
202300047019,2023-06-16 08:40:00,2023,6,16,8,40,29,29076,Hameau de Kersaliou,48.47682509,-4.56681709,Plein jour,En agglomération,Intersection en X,Normale,Deux véhicules - côté,3,2,2,0,1,1,1,5,1,50,2,2,1,0,1,0,43.0,25.0,voiture,utilitaire_camion,1,2,2,1,3
202300047019,2023-06-16 08:40:00,2023,6,16,8,40,29,29076,Hameau de Kersaliou,48.47682509,-4.56681709,Plein jour,En agglomération,Intersection en X,Normale,Deux véhicules - côté,3,2,2,0,1,1,1,5,1,70,2,2,1,0,1,0,43.0,25.0,voiture,utilitaire_camion,1,2,2,1,3
202300047020,2023-06-16 22:54:00,2023,6,16,22,54,38,38287,Rue de Grolandière,45.439443,5.504373,Nuit sans éclairage public,En agglomération,Hors intersection,Normale,Autre collision,4,2,2,0,1,3,1,0,3,50,1,2,0,0,1,1,49.0,,autre,,3,2,1,1,6
202300047021,2023-06-15 06:40:00,2023,6,15,6,40,72,72039,D7,48.172525,0.472884,Plein jour,Hors agglomération,Hors intersection,Normale,Autre collision,3,2,2,0,1,1,1,0,8,90,1,1,0,0,1,0,21.0,,voiture,,1,1,1,1,6
202300047022,2023-06-16 16:42:00,2023,6,16,16,42,50,50639,Place de la Republique,48.838198,-1.222371,Plein jour,En agglomération,Hors intersection,Normale,Autre collision,3,1,1,0,1,1,1,0,1,30,1,2,1,0,0,1,65.0,,voiture,,1,2,1,1,6
202300047023,2023-06-16 18:10:00,2023,6,16,18,10,73,73224,D213,45.349371,6.306109,Plein jour,Hors agglomération,Hors intersection,Normale,Deux véhicules - côté,3,2,2,0,2,4,1,0,1,80,2,2,1,0,0,1,42.0,44.0,utilitaire_camion,deux_roues,1,1,1,1,3
202300047024,2023-06-16 15:18:00,2023,6,16,15,18,43,43200,Route de Valence,45.035579,4.097557,Plein jour,Hors agglomération,Hors intersection,Normale,Sans collision,3,2,2,0,2,1,9,0,3,90,1,1,0,0,1,0,61.0,,deux_roues,,1,1,1,1,7
202300047025,2023-06-16 16:30:00,2023,6,16,16,30,53,53010,chemin de la maison neuve,48.142695,-0.301083,Plein jour,Hors agglomération,Hors intersection,Pluie forte,Sans collision,4,2,2,0,1,3,2,0,3,80,1,1,0,0,1,0,16.0,,deux_roues,,1,1,1,3,7
202300047026,2023-06-17 05:00:00,2023,6,17,5,0,30,30082,,43.85923,4.226668,Crépuscule ou aube,Hors agglomération,Hors intersection,Normale,Sans collision,3,2,2,0,1,1,1,0,8,80,1,2,0,0,0,2,38.0,,voiture,,2,1,1,1,7
202300047027,2023-06-17 11:39:00,2023,6,17,11,39,30,30029,Route de Vallon,44.336463,4.360419,Plein jour,Hors agglomération,Hors intersection,Normale,Autre collision,3,2,2,0,1,1,1,0,3,80,1,1,0,0,1,0,54.0,,voiture,,1,1,1,1,6
202300047028,2023-06-16 16:15:00,2023,6,16,16,15,69,69244,28 Chemin Finat Duclos,45.75828852,4.75402459,Plein jour,En agglomération,Hors intersection,Normale,Deux véhicules - frontale,4,2,2,0,2,2,1,0,1,30,2,2,1,1,0,0,62.0,40.0,deux_roues,voiture,1,2,1,1,1
202300047029,2023-06-17 08:50:00,2023,6,17,8,50,28,28392,A10 point kilométrique 061+209,48.235881,1.849901,Plein jour,Hors agglomération,Hors intersection,Normale,Autre collision,1,3,3,0,2,1,1,0,8,130,1,4,2,0,1,1,21.0,,voiture,,1,1,1,1,6
202300047030,2023-06-15 16:45:00,2023,6,15,16,45,974,97418,Rue Louis Lagourgue,-20.908962,55.520337,Plein jour,En agglomération,Intersection en T,Normale,Deux véhicules - côté,4,2,2,0,2,2,1,0,1,50,2,2,1,0,0,1,27.0,49.0,voiture,deux_roues,1,2,3,1,3
202300047030,2023-06-15 16:45:00,2023,6,15,16,45,974,97418,Rue Louis Lagourgue,-20.908962,55.520337,Plein jour,En agglomération,Intersection en T,Normale,Deux véhicules - côté,4,2, -1,-1,1,1,1,5,1,-1,2,2,1,0,0,1,27.0,49.0,voiture,deux_roues,1,2,3,1,3
202300047031,2023-06-16 18:15:00,2023,6,16,18,15,33,33097,Route de Bordeaux,45.079013,-1.037596,Plein jour,En agglomération,Hors intersection,Normale,Deux véhicules - frontale,3,2,2,0,1,1,1,0,1,50,2,2,1,0,0,1,21.0,43.0,voiture,voiture,1,2,1,1,1
202300047032,2023-06-16 09:50:00,2023,6,16,9,50,2B,2B313,Moriani Plage,42.375171,9.529969,Plein jour,En agglomération,Hors intersection,Normale,Autre collision,2,2,2,0,1,1,1,0,1,50,1,2,1,0,1,0,41.0,,voiture,,1,2,1,1,6
202300047033,2023-06-16 11:20:00,2023,6,16,11,20,66,66182,,42.72454,3.035982,Plein jour,En agglomération,Hors intersection,Normale,Deux véhicules - côté,4,2,2,0,1,3,1,0,1,50,2,2,1,0,1,0,53.0,59.0,utilitaire_camion,deux_roues,1,2,1,1,3
202300047034,2023-06-16 23:45:00,2023,6,16,23,45,83,83047,Avenue Jean Monnet,43.118892,6.064019,Nuit avec éclairage non allumé,En agglomération,Hors intersection,Normale,Sans collision,3,3,2,0,1,1,1,5,1,30,1,1,0,0,1,0,18.0,,deux_roues,,4,2,1,1,7
202300047035,2023-06-17 09:15:00,2023,6,17,9,15,83,83016,Route de Marseille,43.206388,5.810231,Plein jour,Hors agglomération,Intersection en Y,Normale,Deux véhicules - frontale,3,2,2,0,1,1,1,0,1,80,2,2,1,0,1,0,38.0,66.0,deux_roues,voiture,1,1,4,1,1
202300047035,2023-06-17 09:15:00,2023,6,17,9,15,83,83016,Route de Marseille,43.206388,5.810231,Plein jour,Hors agglomération,Intersection en Y,Normale,Deux véhicules - frontale,3,2, -1,-1,1,3,1,0,1,-1,2,2,1,0,1,0,38.0,66.0,deux_roues,voiture,1,1,4,1,1
202300047036,2023-06-17 05:30:00,2023,6,17,5,30,71,71590,RN 79 PK 18+700,46.451578,4.1768,Plein jour,Hors agglomération,Hors intersection,Normale,Autre collision,2,3,2,0,1,1,1,0,1,100,1,2,1,0,1,0,21.0,,voiture,,1,1,1,1,6
202300047037,2023-06-16 21:05:00,2023,6,16,21,5,68,68154,Rue des Dahlias,47.763842,7.365738,Plein jour,En agglomération,Hors intersection,Normale,Autre collision,9,-1,1,0,1,1,1,9,8,30,1,2,1,0,0,1,61.0,,voiture,,1,2,1,1,6
202300047038,2023-06-17 08:00:00,2023,6,17,8,0,55,55336,Rue Basse,49.379841,5.482237,Plein jour,Hors agglomération,Hors intersection,Temps éblouissant,Deux véhicules - frontale,4,2,5,0,1,1,1,0,1,90,2,2,1,0,0,1,,48.0,voiture,deux_roues,1,1,1,7,1
202300047039,2023-06-16 11:10:00,2023,6,16,11,10,69,69138,Route d’Yzeron,45.704636,4.525809,Plein jour,Hors agglomération,Hors intersection,Normale,Deux véhicules - arrière,3,2,2,0,2,3,1,0,1,80,2,2,1,0,1,0,67.0,62.0,voiture,deux_roues,1,1,1,1,2
202300047040,2023-06-13 07:55:00,2023,6,13,7,55,69,69010,Rue de Paris,45.83973137,4.60427564,Plein jour,Hors agglomération,Hors intersection,Normale,Deux véhicules - côté,2,2,2,0,1,1,2,0,1,80,2,2,1,0,1,0,40.0,16.0,voiture,deux_roues,1,1,1,1,3
202300047041,2023-06-16 15:00:00,2023,6,16,15,0,09,09334,RD18,42.806463,1.420507,Plein jour,Hors agglomération,Hors intersection,Normale,Sans collision,3,2,1,0,2,2,1,0,3,80,1,1,0,1,0,0,70.0,,deux_roues,,1,1,1,1,7
202300047042,2023-06-17 06:35:00,2023,6,17,6,35,16,16353,D 6,45.680369,0.445895,Plein jour,Hors agglomération,Hors intersection,Normale,Deux véhicules - frontale,3,2,2,0,1,1,1,0,1,90,2,5,0,0,4,1,21.0,29.0,voiture,voiture,1,1,1,1,1
202300047043,2023-06-05 20:00:00,2023,6,5,20,0,40,40114,départementale 947,43.781629,-1.070995,Plein jour,Hors agglomération,Hors intersection,Normale,Sans collision,3,2,2,0,1,1,1,0,3,80,1,1,0,1,0,0,74.0,,voiture,,1,1,1,1,7
202300047044,2023-06-13 17:20:00,2023,6,13,17,20,85,85019,le grand monicq,46.753255,-1.426989,Plein jour,Hors agglomération,Hors intersection,Normale,Sans collision,4,2,2,0,1,2,1,0,3,80,1,1,0,0,1,0,31.0,,deux_roues,,1,1,1,1,7
202300047045,2023-06-17 00:44:00,2023,6,17,0,44,85,85015,RD937,46.814599,-1.463864,Nuit sans éclairage public,Hors agglomération,Intersection en T,Normale,Deux véhicules - arrière,3,2,2,0,1,1,1,0,1,80,2,3,1,0,2,0,19.0,41.0,voiture,deux_roues,3,1,3,1,2
202300047045,2023-06-17 00:44:00,2023,6,17,0,44,85,85015,RD937,46.814599,-1.463864,Nuit sans éclairage public,Hors agglomération,Intersection en T,Normale,Deux véhicules - arrière,3,2, -1,-1,-1,1,1,0,1,-1,2,3,1,0,2,0,19.0,41.0,voiture,deux_roues,3,1,3,1,2
202300047046,2023-06-11 10:05:00,2023,6,11,10,5,35,35273,Rue Principale,48.405332,-1.263428,Plein jour,En agglomération,Intersection en T,Normale,Autre collision,3,2,2,0,2,1,1,0,1,50,1,1,0,1,0,0,87.0,,voiture,,1,2,3,1,6