accident_id,datetime,annee,mois,jour,heure,minute,departement,commune_insee,adresse,latitude,longitude,luminosite,agglomeration,intersection,meteo,collision,catr,circ,nbv,vosp,prof,plan,surf,infra,situ,vma,nb_vehicules,nb_usagers,nb_indemnes,nb_tues,nb_blesses_hosp,nb_blesses_legers,age_cond_1,age_cond_2,veh_type_cond_1,veh_type_cond_2,lum_code,agg_code,int_code,atm_code,col_code
202300047046,2023-06-11 10:05:00,2023,6,11,10,5,35,35273,Rue Principale,48.405332,-1.263428,Plein jour,En agglomération,Intersection en T,Normale,Autre collision,3,2,2,0,2,1,1,0,1,50,1,1,0,1,0,0,87.0,,voiture,,1,2,3,1,6
202300047047,2023-06-16 23:15:00,2023,6,16,23,15,27,27624,D133,49.194041,1.109303,Nuit sans éclairage public,En agglomération,Giratoire,Normale,Autre collision,3,2,2,0,1,1,1,5,1,50,1,1,0,0,0,1,27.0,,voiture,,3,2,6,1,6
202300047048,2023-06-16 18:20:00,2023,6,16,18,20,27,27016,D313,49.243401,1.403195,Plein jour,En agglomération,Intersection en T,Normale,Autre collision,3,2,1,0,1,1,1,0,1,50,1,2,1,0,0,1,41.0,,voiture,,1,2,3,1,6
202300047048,2023-06-16 18:20:00,2023,6,16,18,20,27,27016,D313,49.243401,1.403195,Plein jour,En agglomération,Intersection en T,Normale,Autre collision,3,2,2,-1,1,1,1,5,1,-1,1,2,1,0,0,1,41.0,,voiture,,1,2,3,1,6
202300047049,2023-06-17 13:15:00,2023,6,17,13,15,80,80110,D940,50.173744,1.659139,Plein jour,Hors agglomération,Intersection en T,Normale,Autre collision,3,2,2,0,1,3,1,0,1,50,2,2,1,0,1,0,82.0,13.0,voiture,deux_roues,1,1,3,1,6
202300047049,2023-06-17 13:15:00,2023,6,17,13,15,80,80110,D940,50.173744,1.659139,Plein jour,Hors agglomération,Intersection en T,Normale,Autre collision,3,-1, -1,-1,-1,-1,-1,-1,-1,-1,2,2,1,0,1,0,82.0,13.0,voiture,deux_roues,1,1,3,1,6
202300047050,2023-06-17 03:30:00,2023,6,17,3,30,59,59586,Rue Lesrues,50.533245,3.172474,Nuit sans éclairage public,En agglomération,Intersection en X,Normale,Deux véhicules - côté,3,2,2,0,1,1,1,0,1,30,2,3,1,0,0,2,23.0,21.0,voiture,voiture,3,2,2,1,3
202300047050,2023-06-17 03:30:00,2023,6,17,3,30,59,59586,Rue Lesrues,50.533245,3.172474,Nuit sans éclairage public,En agglomération,Intersection en X,Normale,Deux véhicules - côté,3,2,2,0,1,1,1,5,1,50,2,3,1,0,0,2,23.0,21.0,voiture,voiture,3,2,2,1,3
202300047051,2023-04-06 23:00:00,2023,4,6,23,0,93,93066,UNIVERSITE PARIS VIII,48.94479608,2.36298095,Nuit avec éclairage allumé,En agglomération,Hors intersection,Normale,Deux véhicules - côté,4,2,2,0,1,1,1,0,1,50,2,3,2,0,0,1,27.0,18.0,autre,deux_roues,5,2,1,1,3
202300047052,2023-06-15 18:40:00,2023,6,15,18,40,93,93071,Allée Hélène Boucher,48.93455169,2.51685024,Plein jour,En agglomération,Hors intersection,Normale,Autre collision,4,1,1,0,1,1,1,0,1,50,1,2,1,0,0,1,23.0,,voiture,,1,2,1,1,6
202300047053,2023-06-15 12:30:00,2023,6,15,12,30,93,93066,Rue du Fort de la Briche,48.94443217,2.34229906,Plein jour,En agglomération,Autre intersection,Normale,Deux véhicules - frontale,3,2,4,0,1,1,1,0,1,50,2,2,1,0,0,1,55.0,55.0,voiture,deux_roues,1,2,9,1,1
202300047054,2023-06-15 10:55:00,2023,6,15,10,55,93,93039,Pont de Saint Ouen,48.91890697,2.32846669,Plein jour,En agglomération,Hors intersection,Normale,Trois véhicules et plus - collisions multiples,3,2,2,1,1,1,1,2,1,50,3,3,2,0,0,1,24.0,38.0,deux_roues,utilitaire_camion,1,2,1,1,5
202300047055,2023-06-15 19:00:00,2023,6,15,19,0,93,93049,Boulevard Galliéni / Boulevard Fichot,48.85271,2.51199,Plein jour,En agglomération,Intersection à plus de 4 branches,Normale,Deux véhicules - frontale,3,1,1,1,1,1,1,0,1,50,2,2,1,0,0,1,62.0,57.0,voiture,deux_roues,1,2,5,1,1
202300047055,2023-06-15 19:00:00,2023,6,15,19,0,93,93049,Boulevard Galliéni / Boulevard Fichot,48.85271,2.51199,Plein jour,En agglomération,Intersection à plus de 4 branches,Normale,Deux véhicules - frontale,3,3,2,0,1,1,1,0,8,50,2,2,1,0,0,1,62.0,57.0,voiture,deux_roues,1,2,5,1,1
202300047056,2023-06-15 15:00:00,2023,6,15,15,0,93,93064,Avenue Faidherbe,48.86175,2.48269,Plein jour,En agglomération,Hors intersection,Normale,Deux véhicules - côté,3,2,2,0,1,3,1,0,1,50,2,3,1,0,0,2,24.0,79.0,deux_roues,voiture,1,2,1,1,3
202300047057,2023-06-07 20:20:00,2023,6,7,20,20,93,93057,Boulevard Pasteur / Allée Henri Barbusse,48.90255,2.51156,Plein jour,En agglomération,Intersection en T,Normale,Deux véhicules - côté,4,2,2,0,1,1,1,0,1,50,2,2,1,0,0,1,16.0,26.0,deux_roues,voiture,1,2,3,1,3
202300047057,2023-06-07 20:20:00,2023,6,7,20,20,93,93057,Boulevard Pasteur / Allée Henri Barbusse,48.90255,2.51156,Plein jour,En agglomération,Intersection en T,Normale,Deux véhicules - côté,4,1,1,0,1,1,1,0,1,50,2,2,1,0,0,1,16.0,26.0,deux_roues,voiture,1,2,3,1,3
202300047058,2023-06-15 20:45:00,2023,6,15,20,45,93,93046,Avenue Aristide Briand / Boulevard Gutenberg,48.91197646,2.52076582,Crépuscule ou aube,En agglomération,Intersection en X,Normale,Deux véhicules - côté,3,3,4,0,1,1,1,0,1,50,2,4,3,0,0,1,26.0,39.0,voiture,deux_roues,2,2,2,1,3
202300047058,2023-06-15 20:45:00,2023,6,15,20,45,93,93046,Avenue Aristide Briand / Boulevard Gutenberg,48.91197646,2.52076582,Crépuscule ou aube,En agglomération,Intersection en X,Normale,Deux véhicules - côté,3,2,2,0,1,1,1,0,1,50,2,4,3,0,0,1,26.0,39.0,voiture,deux_roues,2,2,2,1,3
202300047059,2023-06-15 08:30:00,2023,6,15,8,30,93,93074,Rue de Meaux,48.93587658,2.57633418,Plein jour,En agglomération,Hors intersection,Normale,Sans collision,3,2,2,1,1,1,1,0,1,30,1,1,0,0,0,1,63.0,,voiture,,1,2,1,1,7
202300047060,2023-06-14 17:30:00,2023,6,14,17,30,93,93032,Vieux Chemin de Meaux / Chemin d’Acces aux Abbesses,48.87699,2.55733,Plein jour,En agglomération,Intersection en T,Normale,Autre collision,4,2,2,0,2,1,1,0,1,50,1,4,3,0,0,1,24.0,,voiture,,1,2,3,1,6
202300047060,2023-06-14 17:30:00,2023,6,14,17,30,93,93032,Vieux Chemin de Meaux / Chemin d’Acces aux Abbesses,48.87699,2.55733,Plein jour,En agglomération,Intersection en T,Normale,Autre collision,4,2,2,0,2,1,1,0,1,50,1,4,3,0,0,1,24.0,,voiture,,1,2,3,1,6
202300047061,2023-06-15 05:50:00,2023,6,15,5,50,93,93031,Avenue de Lattre de Tassigny,48.9571,2.3105,Plein jour,En agglomération,Hors intersection,Normale,Trois véhicules et plus - collisions multiples,3,3,4,0,1,1,1,0,1,50,3,3,2,1,0,0,37.0,39.0,deux_roues,utilitaire_camion,1,2,1,1,5
202300047062,2023-06-15 13:50:00,2023,6,15,13,50,93,93027,Rue Suzanne Masson,48.92337,2.38532,Plein jour,En agglomération,Hors intersection,Temps éblouissant,Autre collision,4,2,2,0,1,1,1,0,1,30,1,2,1,0,0,1,36.0,,voiture,,1,2,1,7,6
202300047063,2023-06-16 17:15:00,2023,6,16,17,15,80,80136,Rue des Alloires,49.941174,2.720039,Plein jour,En agglomération,Autre intersection,Normale,Deux véhicules - frontale,4,1,1,0,1,1,1,0,1,50,2,2,1,0,1,0,9.0,52.0,deux_roues,transport_commun,1,2,9,1,1
202300047064,2023-06-14 14:00:00,2023,6,14,14,0,83,83058,Route de Salernes,43.519676,6.336547,Plein jour,Hors agglomération,Hors intersection,Pluie forte,Autre collision,3,2,2,0,1,1,2,0,3,80,1,1,0,0,1,0,25.0,,voiture,,1,1,1,3,6
202300047065,2023-06-15 20:15:00,2023,6,15,20,15,22,22206,47 Rue Pasteur,48.541692,-2.973964,Plein jour,En agglomération,Hors intersection,Normale,Autre collision,3,2,2,0,1,1,1,0,1,30,1,2,1,0,1,0,20.0,,voiture,,1,2,1,1,6
202300047066,2023-06-14 19:45:00,2023,6,14,19,45,33,33154,avenue de la piscine,45.09753,-0.046477,Plein jour,En agglomération,Hors intersection,Normale,Deux véhicules - arrière,4,2,2,0,1,1,1,0,1,30,2,2,1,0,0,1,,24.0,voiture,deux_roues,1,2,1,1,2
202300047067,2023-06-09 23:43:00,2023,6,9,23,43,33,33225,Fontaine de Manine,44.589853,-0.458137,Nuit avec éclairage non allumé,Hors agglomération,Hors intersection,Normale,Autre collision,3,2,2,0,1,1,1,0,1,70,1,2,1,1,0,0,22.0,,voiture,,4,1,1,1,6
202300047068,2023-06-15 06:30:00,2023,6,15,6,30,49,49092,Le Bon René (Chanzeaux),47.274174,-0.666159,Crépuscule ou aube,Hors agglomération,Intersection en X,Normale,Deux véhicules - côté,3,2,2,0,1,1,1,0,1,70,2,2,0,0,0,2,29.0,25.0,voiture,voiture,2,1,2,1,3
202300047068,2023-06-15 06:30:00,2023,6,15,6,30,49,49092,Le Bon René (Chanzeaux),47.274174,-0.666159,Crépuscule ou aube,Hors agglomération,Intersection en X,Normale,Deux véhicules - côté,3,2,2,0,1,1,1,0,1,70,2,2,0,0,0,2,29.0,25.0,voiture,voiture,2,1,2,1,3
202300047069,2023-06-15 23:00:00,2023,6,15,23,0,42,42003,Route de Changy,46.130821,3.893897,Nuit sans éclairage public,Hors agglomération,Hors intersection,Normale,Sans collision,3,2,2,0,1,2,1,0,1,80,1,1,0,0,0,1,24.0,,deux_roues,,3,1,1,1,7
202300047070,2023-06-15 09:15:00,2023,6,15,9,15,79,79095,,46.184919,0.02812,Plein jour,En agglomération,Intersection en X,Normale,Trois véhicules et plus - collisions multiples,3,2,2,0,1,1,1,0,1,50,3,3,1,0,2,0,35.0,22.0,voiture,deux_roues,1,2,2,1,5
202300047070,2023-06-15 09:15:00,2023,6,15,9,15,79,79095,,46.184919,0.02812,Plein jour,En agglomération,Intersection en X,Normale,Trois véhicules et plus - collisions multiples,3,2,2,-1,1,1,1,0,1,-1,3,3,1,0,2,0,35.0,22.0,voiture,deux_roues,1,2,2,1,5
202300047071,2023-06-14 12:50:00,2023,6,14,12,50,85,85153,RD 113,46.77485,-1.050068,Plein jour,Hors agglomération,Hors intersection,Normale,Autre collision,3,2,2,0,2,3,1,0,3,80,1,1,0,0,0,1,42.0,,voiture,,1,1,1,1,6
202300047072,2023-06-16 16:35:00,2023,6,16,16,35,44,44196,1 les 3 Routes,47.535593,-2.054293,Plein jour,Hors agglomération,Hors intersection,Normale,Deux véhicules - frontale,3,2,2,0,1,1,1,5,1,80,2,3,1,1,1,0,55.0,48.0,voiture,utilitaire_camion,1,1,1,1,1
202300047073,2023-06-15 21:00:00,2023,6,15,21,0,57,57133,D28,48.849806,6.631338,Plein jour,Hors agglomération,Hors intersection,Normale,Sans collision,3,2,2,0,1,3,1,0,3,80,1,2,1,0,1,0,32.0,,deux_roues,,1,1,1,1,7
202300047074,2023-06-16 07:20:00,2023,6,16,7,20,51,51550,RD12,48.704613,4.362345,Plein jour,Hors agglomération,Hors intersection,Normale,Deux véhicules - frontale,3,2,2,0,1,1,1,0,1,80,2,2,1,0,1,0,36.0,51.0,voiture,voiture,1,1,1,1,1
202300047075,2023-06-15 14:20:00,2023,6,15,14,20,76,76523,RD116-PK006+000,49.825276,1.597009,Plein jour,Hors agglomération,Hors intersection,Normale,Sans collision,3,2,2,0,2,3,1,0,1,80,1,1,0,0,0,1,16.0,,deux_roues,,1,1,1,1,7
202300047076,2023-06-16 11:35:00,2023,6,16,11,35,79,79196,,46.889396,-0.070252,Plein jour,Hors agglomération,Hors intersection,Normale,Trois véhicules et plus - en chaîne,3,2,2,0,2,1,1,0,1,80,3,3,2,1,0,0,63.0,47.0,voiture,utilitaire_camion,1,1,1,1,4
202300047077,2023-06-16 09:00:00,2023,6,16,9,0,80,80695,D1017,50.022548,2.910476,Plein jour,Hors agglomération,Hors intersection,Normale,Sans collision,3,2,2,0,1,1,1,0,1,80,1,1,0,0,0,1,46.0,,deux_roues,,1,1,1,1,7
202300047078,2023-06-15 21:24:00,2023,6,15,21,24,82,82031,546 Route de Castelsarrasin,44.0304,1.046813,Nuit avec éclairage allumé,En agglomération,Hors intersection,Normale,Sans collision,3,2,2,0,1,1,1,0,1,50,1,2,0,0,2,0,21.0,,deux_roues,,5,2,1,1,7
202300047079,2023-06-13 16:00:00,2023,6,13,16,0,69,69006,Rue Daniel Fargeot,45.977244,4.333747,Plein jour,En agglomération,Intersection en T,Normale,Deux véhicules - côté,3,2,2,0,2,2,1,5,1,50,2,2,1,0,1,0,16.0,23.0,deux_roues,voiture,1,2,3,1,3
202300047079,2023-06-13 16:00:00,2023,6,13,16,0,69,69006,Rue Daniel Fargeot,45.977244,4.333747,Plein jour,En agglomération,Intersection en T,Normale,Deux véhicules - côté,3,2,2,0,1,1,1,0,1,50,2,2,1,0,1,0,16.0,23.0,deux_roues,voiture,1,2,3,1,3
202300047080,2023-06-15 13:10:00,2023,6,15,13,10,81,81124,Avenue Pierre et Rene Bonnafous,43.70664,2.686168,Plein jour,En agglomération,Hors intersection,Normale,Sans collision,3,2,2,0,2,1,1,0,1,50,1,1,0,0,1,0,52.0,,deux_roues,,1,2,1,1,7
202300047081,2023-06-16 11:25:00,2023,6,16,11,25,63,63195,Place Jean Rimbert,45.827911,3.380545,Plein jour,En agglomération,Hors intersection,Normale,Deux véhicules - arrière,4,2,2,0,1,1,1,0,3,50,1,2,1,0,1,0,18.0,,voiture,,1,2,1,1,2
202300047082,2023-06-16 16:45:00,2023,6,16,16,45,61,61121,D931,48.469606,0.494534,Plein jour,Hors agglomération,Hors intersection,Normale,Autre collision,3,2,2,0,2,2,1,0,3,90,1,1,0,0,1,0,24.0,,deux_roues,,1,1,1,1,6
202300047083,2023-06-08 09:15:00,2023,6,8,9,15,47,47306,route de montpezat,44.36593081,0.50982524,Plein jour,Hors agglomération,Intersection en Y,Normale,Deux véhicules - arrière,3,2,2,0,2,1,1,0,1,80,2,7,4,0,1,2,28.0,45.0,voiture,utilitaire_camion,1,1,4,1,2
202300047083,2023-06-08 09:15:00,2023,6,8,9,15,47,47306,route de montpezat,44.36593081,0.50982524,Plein jour,Hors agglomération,Intersection en Y,Normale,Deux véhicules - arrière,3,2,2,-1,1,3,1,0,1,-1,2,7,4,0,1,2,28.0,45.0,voiture,utilitaire_camion,1,1,4,1,2
202300047084,2023-06-13 17:40:00,2023,6,13,17,40,47,47222,Route du Sendat,44.289212,0.125612,Plein jour,Hors agglomération,Hors intersection,Normale,Sans collision,3,2,2,0,2,4,1,0,1,80,1,1,0,0,0,1,51.0,,deux_roues,,1,1,1,1,7
202300047085,2023-06-15 22:30:00,2023,6,15,22,30,34,34332,RD612,43.314859,3.382587,Nuit sans éclairage public,Hors agglomération,Hors intersection,Normale,Deux véhicules - côté,3,2,0,0,3,3,1,0,1,80,2,3,0,0,1,2,19.0,44.0,utilitaire_camion,voiture,3,1,1,1,3
202300047086,2023-06-16 13:30:00,2023,6,16,13,30,39,39325,1 Grande Rue,46.90172,5.793207,Plein jour,En agglomération,Intersection en Y,Normale,Deux véhicules - frontale,3,2,2,0,2,3,1,9,1,30,2,2,1,0,0,1,53.0,17.0,voiture,deux_roues,1,2,4,1,1
202300047086,2023-06-16 13:30:00,2023,6,16,13,30,39,39325,1 Grande Rue,46.90172,5.793207,Plein jour,En agglomération,Intersection en Y,Normale,Deux véhicules - frontale,3,2,2,-1,2,1,1,0,1,50,2,2,1,0,0,1,53.0,17.0,voiture,deux_roues,1,2,4,1,1
202300047087,2023-06-16 05:19:00,2023,6,16,5,19,25,25285,D 47,47.038109,6.577088,Crépuscule ou aube,Hors agglomération,Hors intersection,Normale,Sans collision,3,2,2,0,1,2,1,0,1,80,1,1,0,0,1,0,55.0,,deux_roues,,2,1,1,1,7
202300047088,2023-06-16 06:45:00,2023,6,16,6,45,25,25085,D47,46.83565,6.210665,Plein jour,Hors agglomération,Hors intersection,Normale,Autre collision,3,2,2,0,3,3,1,0,3,80,1,1,0,1,0,0,31.0,,voiture,,1,1,1,1,6
202300047089,2023-06-16 17:25:00,2023,6,16,17,25,44,44169,23 Route des faucardeurs,47.25169356,-1.40135989,Plein jour,Hors agglomération,Intersection en T,Normale,Deux véhicules - côté,4,2,2,0,1,1,1,0,1,50,2,2,1,0,1,0,27.0,26.0,deux_roues,voiture,1,1,3,1,3
202300047089,2023-06-16 17:25:00,2023,6,16,17,25,44,44169,23 Route des faucardeurs,47.25169356,-1.40135989,Plein jour,Hors agglomération,Intersection en T,Normale,Deux véhicules - côté,4,2,2,0,1,1,1,5,1,80,2,2,1,0,1,0,27.0,26.0,deux_roues,voiture,1,1,3,1,3
202300047090,2023-06-15 17:30:00,2023,6,15,17,30,31,31483,chemin de la gravière,43.12009665,0.72731584,Plein jour,Hors agglomération,Hors intersection,Normale,Deux véhicules - arrière,4,2,2,0,1,1,1,0,1,50,2,2,1,0,1,0,37.0,22.0,deux_roues,voiture,1,1,1,1,2
202300047091,2023-06-16 11:10:00,2023,6,16,11,10,02,02321,23 Rue des Lavandières,49.851315,3.897148,Plein jour,En agglomération,Hors intersection,Normale,Autre collision,4,1,1,0,1,1,1,0,1,30,1,2,1,0,0,1,28.0,,voiture,,1,2,1,1,6
202300047092,2023-06-16 12:10:00,2023,6,16,12,10,03,03043,D2009,46.185758,3.258111,Plein jour,Hors agglomération,Hors intersection,Normale,Autre collision,3,2,2,0,1,1,1,0,8,90,1,1,0,0,1,0,65.0,,voiture,,1,1,1,1,6
202300047093,2023-06-14 17:40:00,2023,6,14,17,40,03,03122,Lieux dit Les Petites Ternes,46.496956,3.066055,Plein jour,Hors agglomération,Intersection en X,Normale,Deux véhicules - côté,4,2,2,0,1,1,1,0,1,90,2,2,0,0,1,1,56.0,49.0,voiture,voiture,1,1,2,1,3
202300047094,2023-06-13 17:45:00,2023,6,13,17,45,01,01246,Route de l'Effondras,46.247935,5.036475,Plein jour,Hors agglomération,Intersection en X,Normale,Deux véhicules - côté,3,2,2,0,1,1,1,0,1,70,2,2,1,0,0,1,31.0,23.0,voiture,utilitaire_camion,1,1,2,1,3
202300047094,2023-06-13 17:45:00,2023,6,13,17,45,01,01246,Route de l'Effondras,46.247935,5.036475,Plein jour,Hors agglomération,Intersection en X,Normale,Deux véhicules - côté,3,2,2,0,1,1,1,0,1,70,2,2,1,0,0,1,31.0,23.0,voiture,utilitaire_camion,1,1,2,1,3
202300047095,2023-05-20 10:00:00,2023,5,20,10,0,58,58003,Beaumont,47.221743,4.203081,Crépuscule ou aube,En agglomération,Hors intersection,Normale,Deux véhicules - frontale,4,2,2,0,1,2,1,0,1,50,2,2,1,0,0,1,22.0,59.0,voiture,utilitaire_camion,2,2,1,1,1
202300047096,2023-06-15 14:20:00,2023,6,15,14,20,66,66049,Place du Pont,42.494939,2.742832,Plein jour,En agglomération,Hors intersection,Temps éblouissant,Autre collision,3,2,2,0,1,1,1,0,1,50,1,2,1,0,0,1,59.0,,voiture,,1,2,1,7,6
202300047097,2023-06-16 00:20:00,2023,6,16,0,20,14,14552,26 Rue Froide,49.310436,-0.626718,Nuit sans éclairage public,En agglomération,Hors intersection,Normale,Autre collision,6,-1, -1,0,1,1,1,0,8,20,1,3,2,0,1,0,18.0,,voiture,,3,2,1,1,6
202300047098,2023-06-15 18:00:00,2023,6,15,18,0,60,60509,Avenue d’Auvelais,49.316891,2.604296,Plein jour,En agglomération,Hors intersection,Normale,Deux véhicules - frontale,3,2,1,0,1,4,1,0,1,50,2,2,1,0,1,0,62.0,63.0,deux_roues,voiture,1,2,1,1,1
202300047099,2023-06-14 20:45:00,2023,6,14,20,45,64,64161,Route d' Arancou,43.469054,-1.072798,Plein jour,Hors agglomération,Hors intersection,Normale,Sans collision,3,2,2,0,1,1,1,0,3,80,1,1,0,0,1,0,36.0,,voiture,,1,1,1,1,7
202300047100,2023-06-16 09:15:00,2023,6,16,9,15,64,64417,Pont de Claracq,43.179719,-0.260394,Plein jour,En agglomération,Hors intersection,Normale,Autre collision,3,2,2,0,1,1,1,6,1,50,1,2,1,0,0,1,62.0,,voiture,,1,2,1,1,6
202300047101,2023-06-16 09:30:00,2023,6,16,9,30,73,73109,D1006,45.46745339,6.29143039,Plein jour,Hors agglomération,Hors intersection,Normale,Autre collision,3,2,2,1,1,1,1,0,3,80,1,2,0,0,2,0,25.0,,voiture,,1,1,1,1,6
202300047102,2023-06-14 14:50:00,2023,6,14,14,50,36,36156,,46.45982067,2.13873227,Plein jour,Hors agglomération,Hors intersection,Temps éblouissant,Sans collision,3,2,2,0,1,1,1,0,3,80,1,1,0,1,0,0,68.0,,deux_roues,,1,1,1,7,7
202300047103,2023-06-16 17:45:00,2023,6,16,17,45,07,07079,D533,44.986269,4.535894,Plein jour,Hors agglomération,Intersection en T,Normale,Deux véhicules - frontale,3,2,2,0,2,1,1,0,1,90,2,3,2,1,0,0,64.0,20.0,deux_roues,voiture,1,1,3,1,1
202300047103,2023-06-16 17:45:00,2023,6,16,17,45,07,07079,D533,44.986269,4.535894,Plein jour,Hors agglomération,Intersection en T,Normale,Deux véhicules - frontale,3,2, -1,-1,2,1,1,0,1,-1,2,3,2,1,0,0,64.0,20.0,deux_roues,voiture,1,1,3,1,1
202300047104,2023-06-15 12:10:00,2023,6,15,12,10,53,53097,Rue du Rochard,48.155023,-0.404944,Plein jour,En agglomération,Hors intersection,Normale,Deux véhicules - côté,4,2,2,0,1,2,1,0,1,50,2,2,1,0,1,0,28.0,51.0,deux_roues,voiture,1,2,1,1,3
202300047105,2023-06-15 20:20:00,2023,6,15,20,20,40,40102,669 Route de Sos,43.993461,0.014627,Plein jour,En agglomération,Hors intersection,Normale,Autre collision,3,2,2,0,1,2,1,0,3,70,1,1,0,0,1,0,50.0,,voiture,,1,2,1,1,6
202300047106,2023-06-15 17:00:00,2023,6,15,17,0,24,24252,lieu dit la brouillargue,44.936877,1.211747,Plein jour,Hors agglomération,Intersection en T,Normale,Deux véhicules - frontale,3,2,2,0,2,1,1,0,1,80,2,2,0,0,2,0,27.0,36.0,voiture,voiture,1,1,3,1,1
202300047106,2023-06-15 17:00:00,2023,6,15,17,0,24,24252,lieu dit la brouillargue,44.936877,1.211747,Plein jour,Hors agglomération,Intersection en T,Normale,Deux véhicules - frontale,3,2, -1,-1,1,1,1,0,1,-1,2,2,0,0,2,0,27.0,36.0,voiture,voiture,1,1,3,1,1
202300047107,2023-06-15 17:40:00,2023,6,15,17,40,28,28240,Les Collets,48.480212,0.953536,Plein jour,Hors agglomération,Hors intersection,Normale,Deux véhicules - frontale,3,2,2,0,1,3,1,0,1,90,2,3,2,1,0,0,71.0,25.0,voiture,deux_roues,1,1,1,1,1
202300047108,2023-06-15 10:50:00,2023,6,15,10,50,37,37152,Les Gaudieres,47.45749322,0.67123961,Plein jour,Hors agglomération,Hors intersection,Normale,Autre collision,3,2,2,0,1,1,1,0,3,80,1,1,0,0,1,0,87.0,,voiture,,1,1,1,1,6
202300047109,2023-06-13 18:20:00,2023,6,13,18,20,52,52194,Avenue Jacques Marcellot,48.583741,5.039243,Crépuscule ou aube,En agglomération,Hors intersection,Normale,Trois véhicules et plus - en chaîne,3,2,2,0,1,1,1,0,1,-1,3,3,1,0,1,1,40.0,33.0,voiture,voiture,2,2,1,1,4
202300047110,2023-06-16 01:45:00,2023,6,16,1,45,13,13112,D10,43.53123589,5.19934416,Nuit sans éclairage public,Hors agglomération,Giratoire,Normale,Sans collision,3,2,2,0,1,3,1,0,1,80,1,4,0,1,2,1,21.0,,voiture,,3,1,6,1,7
202300047111,2023-06-15 18:48:00,2023,6,15,18,48,42,42256,Rue d'Outre l'Eau,45.49772961,4.16540851,Plein jour,En agglomération,Hors intersection,Normale,Autre collision,4,2,2,0,1,1,1,0,1,30,1,2,1,0,1,0,48.0,,transport_commun,,1,2,1,1,6
202300047112,2023-06-14 18:00:00,2023,6,14,18,0,44,44069,14 Avenue de la Brière,47.330276,-2.424293,Plein jour,En agglomération,Giratoire,Normale,Deux véhicules - arrière,4,2,2,0,1,1,1,0,1,50,2,3,2,0,0,1,32.0,53.0,transport_commun,utilitaire_camion,1,2,6,1,2
202300047113,2023-05-28 17:00:00,2023,5,28,17,0,11,11170,chemin départementale 32,43.10985,3.063726,Plein jour,Hors agglomération,Hors intersection,Normale,Deux véhicules - côté,3,2,2,0,2,1,1,0,1,80,2,2,1,0,1,0,38.0,72.0,deux_roues,deux_roues,1,1,1,1,3
202300047114,2023-06-14 18:45:00,2023,6,14,18,45,30,30258,A54 - PK 10+000,43.756849,4.428182,Plein jour,Hors agglomération,Hors intersection,Pluie forte,Autre collision,1,3,2,0,1,3,3,3,2,130,1,1,0,0,1,0,68.0,,deux_roues,,1,1,1,3,6
202300047115,2023-06-15 20:11:00,2023,6,15,20,11,69,69007,Route Départementale 45E2,45.495902,4.824468,Crépuscule ou aube,Hors agglomération,Intersection en T,Normale,Deux véhicules - côté,3,2,2,0,1,1,1,0,1,50,2,2,1,0,0,1,37.0,22.0,voiture,voiture,2,1,3,1,3
202300047115,2023-06-15 20:11:00,2023,6,15,20,11,69,69007,Route Départementale 45E2,45.495902,4.824468,Crépuscule ou aube,Hors agglomération,Intersection en T,Normale,Deux véhicules - côté,3,2,2,0,1,1,1,0,1,-1,2,2,1,0,0,1,37.0,22.0,voiture,voiture,2,1,3,1,3
202300047116,2023-06-16 08:50:00,2023,6,16,8,50,974,97421,grand ilet D52 pk 11.050,-21.032486,55.48954,Plein jour,Hors agglomération,Hors intersection,Normale,Deux véhicules - côté,3,2,2,0,2,1,1,0,1,70,2,2,1,0,0,1,47.0,46.0,voiture,deux_roues,1,1,1,1,3
202300047117,2023-06-15 00:30:00,2023,6,15,0,30,28,28062,RN 12,48.765245,1.526019,Nuit sans éclairage public,Hors agglomération,Hors intersection,Normale,Autre collision,2,3,2,0,1,1,1,0,2,110,1,2,1,1,0,0,,,autre,,3,1,1,1,6
202300047118,2023-06-15 17:45:00,2023,6,15,17,45,18,18207,3 Rue Emile Zola,46.991438,2.240731,Plein jour,En agglomération,Intersection en T,Normale,Deux véhicules - côté,3,2,2,0,1,1,1,5,1,50,2,2,1,0,0,1,24.0,15.0,utilitaire_camion,deux_roues,1,2,3,1,3
202300047118,2023-06-15 17:45:00,2023,6,15,17,45,18,18207,3 Rue Emile Zola,46.991438,2.240731,Plein jour,En agglomération,Intersection en T,Normale,Deux véhicules - côté,3,2, -1,-1,1,1,1,0,1,-1,2,2,1,0,0,1,24.0,15.0,utilitaire_camion,deux_roues,1,2,3,1,3
202300047119,2023-06-15 16:30:00,2023,6,15,16,30,91,91132,N20,48.51804,2.204196,Plein jour,Hors agglomération,Hors intersection,Normale,Deux véhicules - arrière,3,3,4,0,1,1,1,0,1,90,2,2,1,0,0,1,45.0,47.0,utilitaire_camion,deux_roues,1,1,1,1,2