accident_id,datetime,annee,mois,jour,heure,minute,departement,commune_insee,adresse,latitude,longitude,luminosite,agglomeration,intersection,meteo,collision,catr,circ,nbv,vosp,prof,plan,surf,infra,situ,vma,nb_vehicules,nb_usagers,nb_indemnes,nb_tues,nb_blesses_hosp,nb_blesses_legers,age_cond_1,age_cond_2,veh_type_cond_1,veh_type_cond_2,lum_code,agg_code,int_code,atm_code,col_code
202300047191,2023-10-31 08:45:00,2023,10,31,8,45,87,87065,AUTOROUTE A20,45.79923,1.29617,Plein jour,Hors agglomération,Hors intersection,Pluie légère,Autre collision,1,3,2,0,2,3,2,0,1,110,1,1,0,0,0,1,35.0,,voiture,,1,1,1,2,6
202300047192,2023-10-27 22:26:00,2023,10,27,22,26,87,87085,LECLERC (AVENUE DU GENERAL),45.84965,1.26298,Nuit avec éclairage allumé,En agglomération,Hors intersection,Pluie forte,Deux véhicules - frontale,4,2,2,0,2,1,2,0,1,50,2,2,1,1,0,0,28.0,45.0,deux_roues,voiture,5,2,1,3,1
202300047193,2023-10-30 13:45:00,2023,10,30,13,45,85,85194,RD 32,46.532422,-1.751455,Plein jour,Hors agglomération,Hors intersection,Normale,Deux véhicules - frontale,3,2,2,0,1,3,1,0,1,80,2,2,1,0,1,0,37.0,45.0,voiture,utilitaire_camion,1,1,1,1,1
202300047194,2023-10-31 18:20:00,2023,10,31,18,20,84,84087,TERRIER (RUE DU),44.13937,4.81436,Nuit avec éclairage allumé,En agglomération,Hors intersection,Normale,Autre collision,4,2,1,0,1,1,1,0,1,30,1,2,1,0,1,0,69.0,,voiture,,5,2,1,1,6
202300047195,2023-10-28 17:34:00,2023,10,28,17,34,84,84007,FRANCOIS 1ER (RUE),43.92893,4.82448,Plein jour,En agglomération,Intersection en T,Normale,Deux véhicules - côté,4,2,2,0,1,1,1,0,1,50,2,2,1,0,0,1,35.0,24.0,deux_roues,voiture,1,2,3,1,3
202300047195,2023-10-28 17:34:00,2023,10,28,17,34,84,84007,FRANCOIS 1ER (RUE),43.92893,4.82448,Plein jour,En agglomération,Intersection en T,Normale,Deux véhicules - côté,4,2,2,0,1,1,1,0,1,50,2,2,1,0,0,1,35.0,24.0,deux_roues,voiture,1,2,3,1,3
202300047196,2023-10-28 19:08:00,2023,10,28,19,8,84,84007,TRILLADE (avenue de la ),43.93848,4.82006,Plein jour,En agglomération,Intersection en X,Normale,Deux véhicules - côté,4,2,2,0,1,1,1,0,1,30,2,2,1,0,1,0,54.0,35.0,deux_roues,utilitaire_camion,1,2,2,1,3
202300047196,2023-10-28 19:08:00,2023,10,28,19,8,84,84007,TRILLADE (avenue de la ),43.93848,4.82006,Plein jour,En agglomération,Intersection en X,Normale,Deux véhicules - côté,4,2,2,0,1,1,1,0,1,50,2,2,1,0,1,0,54.0,35.0,deux_roues,utilitaire_camion,1,2,2,1,3
202300047197,2023-10-27 08:10:00,2023,10,27,8,10,84,84007,PIERRE SEMARD (avenue),43.93418,4.83146,Plein jour,En agglomération,Intersection en X,Normale,Deux véhicules - côté,4,3,6,0,1,1,1,5,1,50,2,2,1,0,0,1,28.0,47.0,voiture,voiture,1,2,2,1,3
202300047197,2023-10-27 08:10:00,2023,10,27,8,10,84,84007,PIERRE SEMARD (avenue),43.93418,4.83146,Plein jour,En agglomération,Intersection en X,Normale,Deux véhicules - côté,4,3,6,0,1,1,1,5,1,50,2,2,1,0,0,1,28.0,47.0,voiture,voiture,1,2,2,1,3
202300047198,2023-10-31 14:30:00,2023,10,31,14,30,83,83137,FONTAN (AVE DU DOCTEUR),43.1312328,5.9194994,Plein jour,En agglomération,Intersection en T,Normale,Deux véhicules - côté,4,2,2,0,1,1,1,0,1,30,2,2,1,0,0,1,47.0,22.0,voiture,deux_roues,1,2,3,1,3
202300047198,2023-10-31 14:30:00,2023,10,31,14,30,83,83137,FONTAN (AVE DU DOCTEUR),43.1312328,5.9194994,Plein jour,En agglomération,Intersection en T,Normale,Deux véhicules - côté,4,2, -1,-1,1,1,1,0,1,-1,2,2,1,0,0,1,47.0,22.0,voiture,deux_roues,1,2,3,1,3
202300047199,2023-10-29 11:15:00,2023,10,29,11,15,80,80489,JARDINIERS (ALLEE),49.87703,2.35018,Plein jour,En agglomération,Intersection en T,Normale,Trois véhicules et plus - collisions multiples,4,2,2,0,1,1,1,0,1,50,3,3,2,0,0,1,72.0,33.0,voiture,autre,1,2,3,1,5
202300047199,2023-10-29 11:15:00,2023,10,29,11,15,80,80489,JARDINIERS (ALLEE),49.87703,2.35018,Plein jour,En agglomération,Intersection en T,Normale,Trois véhicules et plus - collisions multiples,4,2,2,0,1,1,1,0,1,50,3,3,2,0,0,1,72.0,33.0,voiture,autre,1,2,3,1,5
202300047200,2023-10-30 17:57:00,2023,10,30,17,57,79,79329,,46.976506,-0.20203,Crépuscule ou aube,En agglomération,Hors intersection,Temps couvert,Deux véhicules - arrière,3,2,2,0,1,1,2,0,1,50,2,2,1,0,0,1,65.0,20.0,deux_roues,voiture,2,2,1,8,2
202300047201,2023-10-31 21:00:00,2023,10,31,21,0,76,76540,Av du Cdt Bernard Bicheray,49.44915,1.04783,Nuit avec éclairage allumé,En agglomération,Intersection en T,Pluie légère,Deux véhicules - frontale,7,2,4,3,2,1,2,0,1,50,2,2,1,0,1,0,42.0,39.0,deux_roues,voiture,5,2,3,2,1
202300047201,2023-10-31 21:00:00,2023,10,31,21,0,76,76540,Av du Cdt Bernard Bicheray,49.44915,1.04783,Nuit avec éclairage allumé,En agglomération,Intersection en T,Pluie légère,Deux véhicules - frontale,7,2,2,0,2,1,2,0,1,50,2,2,1,0,1,0,42.0,39.0,deux_roues,voiture,5,2,3,2,1
202300047202,2023-10-31 16:15:00,2023,10,31,16,15,76,76322,N338 - Sud 3,49.41843,1.04859,Plein jour,Hors agglomération,Hors intersection,Normale,Deux véhicules - arrière,2,3,4,0,1,1,1,0,1,90,2,2,0,0,0,2,40.0,53.0,utilitaire_camion,voiture,1,1,1,1,2
202300047203,2023-10-31 14:25:00,2023,10,31,14,25,74,74118,INDUSTRIE (RUE DE L'),46.18148,6.23011,Plein jour,En agglomération,Autre intersection,Pluie légère,Deux véhicules - côté,3,2,2,0,1,1,2,1,8,20,2,2,1,0,0,1,36.0,17.0,voiture,deux_roues,1,2,9,2,3
202300047204,2023-11-01 00:28:00,2023,11,1,0,28,72,72181,FLEMING ALEXANDER (RUE),48.02479,0.18586,Nuit avec éclairage allumé,En agglomération,Autre intersection,Normale,Deux véhicules - côté,4,2,2,0,1,1,1,0,1,50,2,2,1,0,0,1,44.0,54.0,voiture,utilitaire_camion,5,2,9,1,3
202300047205,2023-10-31 12:10:00,2023,10,31,12,10,72,72181,MORDRET ERNEST DOCTEUR (RUE DU),48.01449,0.21595,Plein jour,En agglomération,Autre intersection,Normale,Deux véhicules - côté,4,2,2,0,1,1,1,0,1,50,2,3,2,0,0,1,49.0,24.0,voiture,voiture,1,2,9,1,3
202300047206,2023-10-30 20:35:00,2023,10,30,20,35,72,72181,FALCONET ETIENNE (RUE),47.96246,0.21384,Nuit avec éclairage allumé,En agglomération,Autre intersection,Normale,Deux véhicules - côté,4,2,2,0,1,1,1,0,1,50,2,2,1,0,0,1,34.0,21.0,voiture,voiture,5,2,9,1,3
202300047207,2023-10-30 12:40:00,2023,10,30,12,40,72,72003,CHATELET (RUE DU),47.94352,0.14547,Plein jour,Hors agglomération,Hors intersection,Pluie légère,Deux véhicules - côté,4,2,2,0,1,1,2,0,1,50,2,2,0,0,0,2,24.0,24.0,voiture,voiture,1,1,1,2,3
202300047208,2023-10-31 12:05:00,2023,10,31,12,5,71,71118,FRANCHET D'ESPEREY (AVENUE),46.79328,4.82969,Plein jour,En agglomération,Autre intersection,Normale,Deux véhicules - arrière,3,1,1,0,1,2,2,5,1,50,2,2,1,0,1,0,78.0,78.0,voiture,deux_roues,1,2,9,1,2
202300047209,2023-10-31 20:30:00,2023,10,31,20,30,69,69199,Boulevard Pierre Sémard,45.695,4.8447,Nuit sans éclairage public,Hors agglomération,Hors intersection,Normale,Deux véhicules - arrière,4,1,2,0,2,1,1,2,1,50,2,2,0,0,0,2,21.0,30.0,deux_roues,deux_roues,3,1,1,1,2
202300047210,2023-10-30 22:20:00,2023,10,30,22,20,69,69290,32 Route de Lyon,45.70088,4.9191,Nuit avec éclairage allumé,En agglomération,Hors intersection,Normale,Deux véhicules - côté,7,2,4,1,1,1,2,0,1,50,2,2,1,0,0,1,30.0,38.0,voiture,deux_roues,5,2,1,1,3
202300047211,2023-10-30 20:15:00,2023,10,30,20,15,67,67482,COLMAR (AVENUE DE),48.55154,7.74315,Nuit sans éclairage public,En agglomération,Passage à niveau,Pluie forte,Trois véhicules et plus - collisions multiples,4,3,6,3,1,1,2,4,6,50,3,4,2,0,0,2,29.0,25.0,transport_commun,voiture,3,2,8,3,5
202300047212,2023-10-30 19:45:00,2023,10,30,19,45,67,67482,ORPHELINS (RUE DES),48.578,7.754,Nuit avec éclairage allumé,En agglomération,Hors intersection,Pluie forte,Autre collision,4,2,2,0,1,1,2,0,1,50,1,2,1,0,0,1,43.0,,voiture,,5,2,1,3,6
202300047213,2023-10-30 17:15:00,2023,10,30,17,15,67,67365,HEYDT (QUAI),48.5469,7.71156,Crépuscule ou aube,En agglomération,Hors intersection,Pluie légère,Deux véhicules - côté,4,2,2,0,1,1,2,9,1,30,2,2,1,0,0,1,48.0,41.0,voiture,deux_roues,2,2,1,2,3
202300047214,2023-10-26 08:03:00,2023,10,26,8,3,67,67462,MAISON ROUGE (CARREFOUR),48.27628,7.46347,Crépuscule ou aube,En agglomération,Giratoire,Pluie légère,Autre collision,3,4,2,0,1,3,2,0,1,40,1,2,1,0,0,1,76.0,,voiture,,2,2,6,2,6
202300047214,2023-10-26 08:03:00,2023,10,26,8,3,67,67462,MAISON ROUGE (CARREFOUR),48.27628,7.46347,Crépuscule ou aube,En agglomération,Giratoire,Pluie légère,Autre collision,3,2,2,0,1,1,2,0,1,40,1,2,1,0,0,1,76.0,,voiture,,2,2,6,2,6
202300047215,2023-10-31 18:00:00,2023,10,31,18,0,64,64483,ITHURRALDE ANDRE (AVENUE),43.39391,-1.65033,Plein jour,En agglomération,Hors intersection,Normale,Deux véhicules - côté,3,2,2,3,1,1,1,0,6,50,2,3,1,0,1,1,33.0,53.0,voiture,deux_roues,1,2,1,1,3
202300047216,2023-10-31 08:56:00,2023,10,31,8,56,61,61006,Avenue de la 2ème Division Blindée,48.73265,-0.03306,Plein jour,En agglomération,Hors intersection,Normale,Autre collision,6,-1, -1,0,1,1,1,9,1,50,1,3,2,0,0,1,66.0,,voiture,,1,2,1,1,6
202300047217,2023-10-31 20:30:00,2023,10,31,20,30,59,59350,Avenue Denis Cordonnier,50.62148,3.0866,Nuit avec éclairage allumé,En agglomération,Intersection en T,Pluie légère,Autre collision,7,3,2,0,1,3,2,2,1,50,1,2,1,0,0,1,45.0,,voiture,,5,2,3,2,6
202300047217,2023-10-31 20:30:00,2023,10,31,20,30,59,59350,Avenue Denis Cordonnier,50.62148,3.0866,Nuit avec éclairage allumé,En agglomération,Intersection en T,Pluie légère,Autre collision,7,3,2,1,1,1,2,2,1,50,1,2,1,0,0,1,45.0,,voiture,,5,2,3,2,6
202300047218,2023-10-31 18:18:00,2023,10,31,18,18,59,59350,SAULES AVENUES DES,50.63263,3.01742,Nuit avec éclairage allumé,En agglomération,Intersection en X,Pluie légère,Deux véhicules - frontale,4,2, -1,-1,1,1,2,0,1,-1,2,2,1,0,0,1,27.0,33.0,deux_roues,voiture,5,2,2,2,1
202300047218,2023-10-31 18:18:00,2023,10,31,18,18,59,59350,SAULES AVENUES DES,50.63263,3.01742,Nuit avec éclairage allumé,En agglomération,Intersection en X,Pluie légère,Deux véhicules - frontale,4,2,2,0,1,1,2,0,1,30,2,2,1,0,0,1,27.0,33.0,deux_roues,voiture,5,2,2,2,1
202300047219,2023-10-31 14:45:00,2023,10,31,14,45,59,59636,Rue Obert,50.68636,3.05321,Plein jour,En agglomération,Intersection en T,Normale,Autre collision,4,2,2,0,1,1,1,0,1,30,1,2,1,0,0,1,64.0,,voiture,,1,2,3,1,6
202300047219,2023-10-31 14:45:00,2023,10,31,14,45,59,59636,Rue Obert,50.68636,3.05321,Plein jour,En agglomération,Intersection en T,Normale,Autre collision,4,1,1,0,1,1,1,0,1,30,1,2,1,0,0,1,64.0,,voiture,,1,2,3,1,6
202300047220,2023-10-30 15:30:00,2023,10,30,15,30,59,59368,REPUBLIQUE AVENUE DE LA,50.64844,3.07835,Plein jour,En agglomération,Intersection en X,Pluie légère,Deux véhicules - frontale,4,2,2,0,1,1,2,0,5,30,2,2,1,0,1,0,61.0,45.0,deux_roues,voiture,1,2,2,2,1
202300047220,2023-10-30 15:30:00,2023,10,30,15,30,59,59368,REPUBLIQUE AVENUE DE LA,50.64844,3.07835,Plein jour,En agglomération,Intersection en X,Pluie légère,Deux véhicules - frontale,4,1,1,1,1,1,2,0,5,50,2,2,1,0,1,0,61.0,45.0,deux_roues,voiture,1,2,2,2,1
202300047221,2023-10-30 16:14:00,2023,10,30,16,14,57,57019,EUROPE (ROUTE DE L'),49.24637737,6.13577843,Plein jour,En agglomération,Giratoire,Pluie forte,Sans collision,4,2,2,0,3,3,2,0,1,50,1,2,1,0,1,0,54.0,,deux_roues,,1,2,6,3,7
202300047222,2023-10-29 15:20:00,2023,10,29,15,20,56,56107,Giratoire de Kerfornet,47.71122,-3.39641,Plein jour,Hors agglomération,Giratoire,Pluie forte,Sans collision,3,2,2,0,1,3,2,5,1,50,1,1,0,0,0,1,50.0,,deux_roues,,1,1,6,3,7
202300047223,2023-10-31 10:55:00,2023,10,31,10,55,54,54395,Boulevard d'Haussonville,48.67075988,6.16698593,Plein jour,En agglomération,Intersection en T,Pluie légère,Deux véhicules - frontale,4,2,2,0,1,1,2,0,1,50,2,2,0,0,0,2,37.0,57.0,voiture,voiture,1,2,3,2,1
202300047223,2023-10-31 10:55:00,2023,10,31,10,55,54,54395,Boulevard d'Haussonville,48.67075988,6.16698593,Plein jour,En agglomération,Intersection en T,Pluie légère,Deux véhicules - frontale,4,1,1,0,1,1,2,0,1,30,2,2,0,0,0,2,37.0,57.0,voiture,voiture,1,2,3,2,1
202300047224,2023-10-30 17:15:00,2023,10,30,17,15,54,54184,Avenue de Brigachtal,48.70485863,6.23378098,Nuit avec éclairage allumé,En agglomération,Autre intersection,Pluie légère,Deux véhicules - arrière,4,2,2,0,1,1,2,0,1,50,2,2,1,0,0,1,19.0,27.0,voiture,voiture,5,2,9,2,2
202300047225,2023-05-11 16:40:00,2023,5,11,16,40,92,92024,PIERRE BEREGOVOY (RUE),48.90364,2.29836,Plein jour,En agglomération,Hors intersection,Temps couvert,Autre collision,4,-1,2,1,1,1,1,0,5,30,1,2,1,0,0,1,33.0,,deux_roues,,1,2,1,8,6
202300047226,2023-05-12 19:50:00,2023,5,12,19,50,92,92023,LAZARE CARNOT (RUE),48.808801,2.273781,Plein jour,En agglomération,Hors intersection,Normale,Deux véhicules - côté,4,2,2,0,1,1,1,0,1,30,2,2,1,0,0,1,23.0,40.0,deux_roues,voiture,1,2,1,1,3
202300047227,2023-10-30 16:35:00,2023,10,30,16,35,54,54439,Avenue Charles de Gaulle,48.70477367,6.25064671,Plein jour,En agglomération,Intersection en T,Normale,Deux véhicules - côté,4,2,2,0,1,1,1,0,1,50,2,2,1,0,0,1,46.0,17.0,voiture,deux_roues,1,2,3,1,3
202300047227,2023-10-30 16:35:00,2023,10,30,16,35,54,54439,Avenue Charles de Gaulle,48.70477367,6.25064671,Plein jour,En agglomération,Intersection en T,Normale,Deux véhicules - côté,4,2, -1,1,1,1,1,-1,1,30,2,2,1,0,0,1,46.0,17.0,voiture,deux_roues,1,2,3,1,3
202300047228,2023-05-11 22:46:00,2023,5,11,22,46,92,92023,GENERAL DE GAULLE (AVENUE DU),48.787085,2.255774,Nuit avec éclairage allumé,En agglomération,Hors intersection,Normale,Autre collision,3,2,2,0,1,1,1,0,1,50,1,1,0,1,0,0,22.0,,deux_roues,,5,2,1,1,6
202300047229,2023-05-13 17:50:00,2023,5,13,17,50,68,68112,Route d'Issenheim,47.90257,7.228784,Plein jour,En agglomération,Hors intersection,Normale,Deux véhicules - frontale,3,2,2,0,1,1,1,0,1,50,2,2,1,0,1,0,34.0,57.0,voiture,deux_roues,1,2,1,1,1
202300047230,2023-10-31 18:45:00,2023,10,31,18,45,54,54367,RN52,49.50658,5.774,Nuit sans éclairage public,Hors agglomération,Hors intersection,Pluie légère,Deux véhicules - arrière,2,3,2,0,1,1,2,0,1,110,2,2,1,0,0,1,24.0,23.0,voiture,voiture,3,1,1,2,2
202300047231,2023-10-30 10:30:00,2023,10,30,10,30,51,51454,FAUCHER (RUE LEON),49.27591,4.0391,Plein jour,En agglomération,Hors intersection,Normale,Autre collision,4,-1,1,0,1,2,2,0,3,50,1,1,0,0,0,1,60.0,,voiture,,1,2,1,1,6
202300047232,2023-05-13 16:55:00,2023,5,13,16,55,67,67179,4 Route de Lutzelbourg,48.725623,7.32699,Plein jour,Hors agglomération,Hors intersection,Normale,Autre collision,3,2,2,0,2,2,1,0,1,80,2,4,1,0,1,2,36.0,52.0,voiture,deux_roues,1,1,1,1,6
202300047233,2023-10-30 08:39:00,2023,10,30,8,39,51,51454,VOISIN (RUE GABRIEL),49.23214,4.06695,Plein jour,En agglomération,Intersection en T,Pluie légère,Deux véhicules - côté,4,2,2,0,1,1,2,0,1,50,2,2,1,0,0,1,22.0,24.0,voiture,utilitaire_camion,1,2,3,2,3
202300047233,2023-10-30 08:39:00,2023,10,30,8,39,51,51454,VOISIN (RUE GABRIEL),49.23214,4.06695,Plein jour,En agglomération,Intersection en T,Pluie légère,Deux véhicules - côté,4,2,2,0,1,1,2,0,1,50,2,2,1,0,0,1,22.0,24.0,voiture,utilitaire_camion,1,2,3,2,3
202300047234,2023-05-13 12:45:00,2023,5,13,12,45,54,54514,D29,49.508038,5.617683,Plein jour,Hors agglomération,Hors intersection,Normale,Trois véhicules et plus - en chaîne,3,2,2,0,1,1,1,0,1,80,3,3,2,1,0,0,57.0,82.0,voiture,deux_roues,1,1,1,1,4
202300047235,2023-10-30 15:40:00,2023,10,30,15,40,49,49353,PASTEUR,47.44551,-0.46492,Plein jour,En agglomération,Hors intersection,Pluie légère,Autre collision,3,2,2,0,1,1,2,0,1,30,1,2,1,0,0,1,65.0,,voiture,,1,2,1,2,6
202300047236,2023-05-13 04:20:00,2023,5,13,4,20,22,22389,RN 12 50+800,48.48198,-2.68481,Nuit sans éclairage public,Hors agglomération,Hors intersection,Normale,Autre collision,2,3,2,0,2,1,1,0,2,110,1,2,1,0,1,0,,,utilitaire_camion,,3,1,1,1,6
202300047237,2023-05-12 19:50:00,2023,5,12,19,50,06,06075,RM 6202 - PLAN DU VAR,43.854359,7.19803,Plein jour,Hors agglomération,Hors intersection,Pluie légère,Autre collision,7,2,2,0,1,3,2,0,1,70,1,1,0,0,1,0,35.0,,voiture,,1,1,1,2,6
202300047238,2023-10-30 16:16:00,2023,10,30,16,16,47,47323,R.D.911(ROUTE DE SAINTSYLVESTRE),44.40792,0.74459,Plein jour,Hors agglomération,Hors intersection,Pluie légère,Deux véhicules - arrière,9,2,2,0,2,2,2,5,1,50,2,3,1,0,0,2,39.0,21.0,voiture,deux_roues,1,1,1,2,2
202300047239,2023-05-13 13:49:00,2023,5,13,13,49,60,60320,d51,49.19546888,3.02938678,Plein jour,Hors agglomération,Hors intersection,Normale,Sans collision,3,2,2,0,1,2,1,0,8,-1,1,1,0,0,1,0,32.0,,voiture,,1,1,1,1,7
202300047240,2023-05-08 15:20:00,2023,5,8,15,20,21,21650,D35,47.275677,4.836731,Plein jour,Hors agglomération,Hors intersection,Normale,Deux véhicules - arrière,3,2,2,0,2,3,1,0,1,80,2,2,1,0,0,1,64.0,27.0,voiture,deux_roues,1,1,1,1,2
202300047241,2023-10-31 11:35:00,2023,10,31,11,35,47,47001,LIBERTE (BOULEVARD DE LA),44.19703,0.61988,Plein jour,En agglomération,Intersection en T,Normale,Deux véhicules - côté,3,1,1,0,1,1,1,0,1,30,2,2,1,0,0,1,21.0,18.0,deux_roues,voiture,1,2,3,1,3
202300047241,2023-10-31 11:35:00,2023,10,31,11,35,47,47001,LIBERTE (BOULEVARD DE LA),44.19703,0.61988,Plein jour,En agglomération,Intersection en T,Normale,Deux véhicules - côté,3,2,2,1,1,3,1,0,1,30,2,2,1,0,0,1,21.0,18.0,deux_roues,voiture,1,2,3,1,3
202300047242,2023-05-13 17:45:00,2023,5,13,17,45,62,62072,D8,50.213933,2.581031,Plein jour,Hors agglomération,Hors intersection,Normale,Sans collision,3,2,2,0,2,2,1,0,3,80,1,1,0,0,1,0,27.0,,deux_roues,,1,1,1,1,7
202300047243,2023-05-13 02:00:00,2023,5,13,2,0,37,37010,A10,47.5227637,0.92858863,Nuit sans éclairage public,Hors agglomération,Hors intersection,Normale,Deux véhicules - côté,1,3,3,0,1,1,1,0,1,130,2,2,1,0,0,1,67.0,,voiture,voiture,3,1,1,1,3
202300047244,2023-10-30 17:25:00,2023,10,30,17,25,47,47001,14 JUILLET (COURS DU),44.20451318,0.62636447,Plein jour,En agglomération,Intersection en T,Temps couvert,Deux véhicules - côté,3,2,2,0,1,1,1,0,1,30,2,2,1,0,0,1,28.0,80.0,utilitaire_camion,deux_roues,1,2,3,8,3
202300047244,2023-10-30 17:25:00,2023,10,30,17,25,47,47001,14 JUILLET (COURS DU),44.20451318,0.62636447,Plein jour,En agglomération,Intersection en T,Temps couvert,Deux véhicules - côté,3,1,1,-1,1,3,1,0,1,30,2,2,1,0,0,1,28.0,80.0,utilitaire_camion,deux_roues,1,2,3,8,3
202300047245,2023-05-13 12:00:00,2023,5,13,12,0,56,56036,Lieu-Dit Poulhallec,47.843353,-3.313762,Plein jour,Hors agglomération,Intersection en T,Normale,Deux véhicules - côté,3,2,2,0,1,1,1,0,1,80,2,2,1,0,1,0,24.0,44.0,voiture,deux_roues,1,1,3,1,3
202300047245,2023-05-13 12:00:00,2023,5,13,12,0,56,56036,Lieu-Dit Poulhallec,47.843353,-3.313762,Plein jour,Hors agglomération,Intersection en T,Normale,Deux véhicules - côté,3,2,2,0,1,1,1,0,1,80,2,2,1,0,1,0,24.0,44.0,voiture,deux_roues,1,1,3,1,3
202300047246,2023-10-30 14:30:00,2023,10,30,14,30,47,47031,Avenue de Bigorre,44.1812,0.63371,Plein jour,En agglomération,Hors intersection,Normale,Deux véhicules - arrière,3,2,2,0,1,1,2,0,1,50,2,3,1,0,0,2,74.0,32.0,voiture,voiture,1,2,1,1,2
202300047247,2023-05-12 17:45:00,2023,5,12,17,45,82,82186,Cours de Verdun,44.111227,0.892215,Plein jour,En agglomération,Intersection en T,Normale,Autre collision,3,2,2,0,1,1,1,0,1,50,1,1,0,0,1,0,51.0,,deux_roues,,1,2,3,1,6
202300047247,2023-05-12 17:45:00,2023,5,12,17,45,82,82186,Cours de Verdun,44.111227,0.892215,Plein jour,En agglomération,Intersection en T,Normale,Autre collision,3,2, -1,-1,1,1,1,0,1,-1,1,1,0,0,1,0,51.0,,deux_roues,,1,2,3,1,6
202300047248,2023-10-31 20:00:00,2023,10,31,20,0,45,45232,1527 Rue de l'Hôtel Dieu,47.84640146,1.88873863,Nuit avec éclairage allumé,En agglomération,Hors intersection,Temps couvert,Autre collision,4,2,2,0,1,1,2,0,1,50,1,2,1,0,1,0,44.0,,voiture,,5,2,1,8,6
202300047249,2023-05-09 14:10:00,2023,5,9,14,10,33,33485,Route de Merlande,44.836758,-0.14571,Plein jour,Hors agglomération,Hors intersection,Pluie légère,Deux véhicules - frontale,3,2,2,0,1,1,2,0,1,80,2,4,1,0,2,1,73.0,47.0,voiture,voiture,1,1,1,2,1
202300047250,2023-05-13 15:00:00,2023,5,13,15,0,69,69248,Route Départementale 308,46.01096283,4.31451697,Plein jour,Hors agglomération,Hors intersection,Pluie légère,Deux véhicules - frontale,3,2,3,0,4,2,2,0,1,80,2,2,0,0,2,0,33.0,34.0,voiture,voiture,1,1,1,2,1
202300047251,2023-10-31 18:30:00,2023,10,31,18,30,37,37233,DUCLOS (AVENUE JACQUES),47.38114,0.74723,Crépuscule ou aube,En agglomération,Hors intersection,Temps couvert,Trois véhicules et plus - collisions multiples,4,2,2,0,1,1,1,9,1,80,3,3,1,0,0,2,59.0,50.0,voiture,voiture,2,2,1,8,5
202300047252,2023-05-12 19:50:00,2023,5,12,19,50,71,71162,12 Route d'Autun,46.976784,4.40713,Plein jour,Hors agglomération,Hors intersection,Normale,Deux véhicules - frontale,3,2,2,0,2,1,1,0,1,80,2,2,0,0,1,1,26.0,26.0,voiture,voiture,1,1,1,1,1
202300047253,2023-05-13 18:00:00,2023,5,13,18,0,25,25104,D239,47.007588,5.895919,Plein jour,Hors agglomération,Hors intersection,Normale,Sans collision,3,2,2,0,3,2,9,0,1,80,1,1,0,0,0,1,33.0,,deux_roues,,1,1,1,1,7
202300047254,2023-10-31 15:37:00,2023,10,31,15,37,37,37233,BONNIN (AVENUE JEAN),47.39504,0.71439,Plein jour,En agglomération,Hors intersection,Normale,Deux véhicules - côté,4,3,2,1,1,1,1,0,5,50,2,2,1,0,0,1,62.0,54.0,voiture,deux_roues,1,2,1,1,3
202300047255,2023-05-13 17:00:00,2023,5,13,17,0,50,50197,4 rue du 30 juillet 1944,48.863885,-1.390323,Plein jour,Hors agglomération,Intersection en X,Normale,Autre collision,3,2,2,0,2,1,1,0,3,80,1,1,0,1,0,0,30.0,,deux_roues,,1,1,2,1,6
202300047255,2023-05-13 17:00:00,2023,5,13,17,0,50,50197,4 rue du 30 juillet 1944,48.863885,-1.390323,Plein jour,Hors agglomération,Intersection en X,Normale,Autre collision,3,2, -1,-1,1,1,1,0,3,-1,1,1,0,1,0,0,30.0,,deux_roues,,1,1,2,1,6
202300047256,2023-05-13 20:30:00,2023,5,13,20,30,60,60508,1370 Rue Saint Pierre,49.302892,2.661373,Crépuscule ou aube,En agglomération,Hors intersection,Pluie légère,Deux véhicules - frontale,3,2,2,0,1,1,2,0,1,50,2,6,5,0,1,0,18.0,45.0,deux_roues,voiture,2,2,1,2,1
202300047257,2023-10-31 18:50:00,2023,10,31,18,50,35,35238,ISLY (RUE D'),48.10539,-1.6778,Nuit avec éclairage allumé,En agglomération,Hors intersection,Normale,Deux véhicules - côté,4,3,4,3,1,1,2,0,5,30,2,3,2,0,0,1,20.0,27.0,voiture,deux_roues,5,2,1,1,3
202300047258,2023-05-12 18:05:00,2023,5,12,18,5,36,36182,Le Pecher,46.44608088,1.39317106,Plein jour,Hors agglomération,Hors intersection,Normale,Sans collision,3,2,2,0,4,3,1,0,1,80,1,1,0,0,1,0,34.0,,deux_roues,,1,1,1,1,7
202300047259,2023-05-12 13:50:00,2023,5,12,13,50,40,40049,D824,43.769625,-0.335002,Plein jour,Hors agglomération,Intersection en T,Pluie forte,Autre collision,3,2,2,0,1,1,2,0,3,80,1,1,0,0,1,0,48.0,,voiture,,1,1,3,3,6
202300047259,2023-05-12 13:50:00,2023,5,12,13,50,40,40049,D824,43.769625,-0.335002,Plein jour,Hors agglomération,Intersection en T,Pluie forte,Autre collision,3,-1, -1,-1,-1,-1,2,-1,-1,-1,1,1,0,0,1,0,48.0,,voiture,,1,1,3,3,6
202300047260,2023-05-12 10:55:00,2023,5,12,10,55,27,27198,Place des Anciens Combattants,48.870158,1.075131,Plein jour,En agglomération,Hors intersection,Normale,Autre collision,6,-1,0,0,1,1,1,0,1,-1,1,2,1,0,1,0,89.0,,voiture,,1,2,1,1,6