accident_id,datetime,annee,mois,jour,heure,minute,departement,commune_insee,adresse,latitude,longitude,luminosite,agglomeration,intersection,meteo,collision,catr,circ,nbv,vosp,prof,plan,surf,infra,situ,vma,nb_vehicules,nb_usagers,nb_indemnes,nb_tues,nb_blesses_hosp,nb_blesses_legers,age_cond_1,age_cond_2,veh_type_cond_1,veh_type_cond_2,lum_code,agg_code,int_code,atm_code,col_code
202300047261,2023-10-31 15:00:00,2023,10,31,15,0,35,35238,PAYS-BAS (AVENUE DES),48.08494,-1.66065,Plein jour,En agglomération,Intersection en X,Normale,Autre collision,4,3,2,2,1,1,1,0,1,30,1,2,1,0,1,0,50.0,,voiture,,1,2,2,1,6
202300047261,2023-10-31 15:00:00,2023,10,31,15,0,35,35238,PAYS-BAS (AVENUE DES),48.08494,-1.66065,Plein jour,En agglomération,Intersection en X,Normale,Autre collision,4,3,2,2,1,1,1,0,1,30,1,2,1,0,1,0,50.0,,voiture,,1,2,2,1,6
202300047262,2023-05-11 23:35:00,2023,5,11,23,35,30,30179,1583 Route de Fournes,43.883509,4.593109,Nuit sans éclairage public,En agglomération,Intersection en Y,Normale,Autre collision,4,-1,2,0,1,1,1,0,1,-1,1,2,1,0,1,0,20.0,,voiture,,3,2,4,1,6
202300047262,2023-05-11 23:35:00,2023,5,11,23,35,30,30179,1583 Route de Fournes,43.883509,4.593109,Nuit sans éclairage public,En agglomération,Intersection en Y,Normale,Autre collision,4,2, -1,0,1,1,1,0,1,-1,1,2,1,0,1,0,20.0,,voiture,,3,2,4,1,6
202300047263,2023-05-13 02:45:00,2023,5,13,2,45,48,48009,D3,44.652768,3.276619,Nuit sans éclairage public,Hors agglomération,Hors intersection,Pluie légère,Autre collision,3,2,2,0,1,1,2,0,3,90,1,1,0,1,0,0,36.0,,voiture,,3,1,1,2,6
202300047264,2023-10-30 16:15:00,2023,10,30,16,15,34,34172,MARES (AVENUE HENRI),43.62056,3.85611,Plein jour,En agglomération,Hors intersection,Pluie forte,Deux véhicules - côté,4,2,4,3,1,1,2,0,1,50,2,2,1,0,0,1,60.0,22.0,utilitaire_camion,deux_roues,1,2,1,3,3
202300047265,2023-05-12 18:30:00,2023,5,12,18,30,48,48027,D901,44.503874,3.711404,Plein jour,Hors agglomération,Hors intersection,Pluie forte,Autre collision,3,2,2,0,1,3,2,0,1,90,1,2,1,1,0,0,41.0,,voiture,,1,1,1,3,6
202300047266,2023-05-13 10:35:00,2023,5,13,10,35,08,08367,46 Hameau de Saint Nicolas,49.929359,4.623361,Plein jour,En agglomération,Hors intersection,Normale,Autre collision,3,2,2,0,1,3,1,0,3,50,1,2,1,0,1,0,59.0,,voiture,,1,2,1,1,6
202300047267,2023-10-31 22:20:00,2023,10,31,22,20,33,33069,Boulevard Pierre 1er,44.85709,-0.59113,Nuit avec éclairage allumé,En agglomération,Intersection en X,Normale,Deux véhicules - côté,4,3,4,0,1,1,1,5,1,50,2,2,1,0,1,0,54.0,47.0,deux_roues,voiture,5,2,2,1,3
202300047267,2023-10-31 22:20:00,2023,10,31,22,20,33,33069,Boulevard Pierre 1er,44.85709,-0.59113,Nuit avec éclairage allumé,En agglomération,Intersection en X,Normale,Deux véhicules - côté,4,2,2,0,2,1,1,5,1,50,2,2,1,0,1,0,54.0,47.0,deux_roues,voiture,5,2,2,1,3
202300047268,2023-05-12 16:41:00,2023,5,12,16,41,88,88011,20 Rue de la Gare,48.119288,6.528459,Plein jour,En agglomération,Hors intersection,Normale,Deux véhicules - arrière,3,2,2,0,1,1,1,0,1,50,2,3,2,0,1,0,15.0,47.0,deux_roues,voiture,1,2,1,1,2
202300047269,2023-10-31 16:40:00,2023,10,31,16,40,33,33529,PORT (RUE DU),44.63564168,-1.14450663,Plein jour,En agglomération,Intersection en X,Normale,Deux véhicules - côté,4,2,2,0,1,1,1,0,1,50,2,2,1,0,1,0,77.0,51.0,deux_roues,voiture,1,2,2,1,3
202300047269,2023-10-31 16:40:00,2023,10,31,16,40,33,33529,PORT (RUE DU),44.63564168,-1.14450663,Plein jour,En agglomération,Intersection en X,Normale,Deux véhicules - côté,4,2,2,0,1,1,1,0,1,50,2,2,1,0,1,0,77.0,51.0,deux_roues,voiture,1,2,2,1,3
202300047270,2023-05-13 08:13:00,2023,5,13,8,13,95,95394,D928,49.059095,2.188447,Plein jour,En agglomération,Intersection en T,Normale,Deux véhicules - arrière,3,2,2,0,2,2,1,0,1,50,2,2,1,0,0,1,21.0,63.0,deux_roues,deux_roues,1,2,3,1,2
202300047270,2023-05-13 08:13:00,2023,5,13,8,13,95,95394,D928,49.059095,2.188447,Plein jour,En agglomération,Intersection en T,Normale,Deux véhicules - arrière,3,2, -1,-1,1,1,1,0,1,-1,2,2,1,0,0,1,21.0,63.0,deux_roues,deux_roues,1,2,3,1,2
202300047271,2023-05-13 14:50:00,2023,5,13,14,50,95,95604,D317,49.098986,2.531297,Plein jour,Hors agglomération,Giratoire,Normale,Deux véhicules - frontale,3,3,4,0,1,1,1,0,1,50,2,3,1,0,0,2,28.0,39.0,voiture,deux_roues,1,1,6,1,1
202300047272,2023-10-30 16:25:00,2023,10,30,16,25,33,33529,D259,44.60239,-1.17276,Plein jour,Hors agglomération,Hors intersection,Normale,Trois véhicules et plus - en chaîne,3,2,2,1,1,1,2,0,1,80,3,4,2,0,0,2,29.0,24.0,voiture,voiture,1,1,1,1,4
202300047273,2023-05-13 05:25:00,2023,5,13,5,25,38,38530,A43 PK 026.300,45.627124,5.172114,Nuit sans éclairage public,Hors agglomération,Hors intersection,Normale,Trois véhicules et plus - en chaîne,1,3,3,0,1,1,1,0,1,130,3,6,1,1,0,4,25.0,35.0,voiture,voiture,3,1,1,1,4
202300047274,2023-10-31 20:33:00,2023,10,31,20,33,29,29019,rue Docteur Pouliquen,48.398067,-4.474668,Nuit sans éclairage public,En agglomération,Intersection en T,Normale,Deux véhicules - frontale,4,-1,1,0,1,1,1,0,1,50,2,2,1,0,0,1,32.0,37.0,deux_roues,voiture,3,2,3,1,1
202300047274,2023-10-31 20:33:00,2023,10,31,20,33,29,29019,rue Docteur Pouliquen,48.398067,-4.474668,Nuit sans éclairage public,En agglomération,Intersection en T,Normale,Deux véhicules - frontale,4,-1,2,0,1,1,1,0,1,50,2,2,1,0,0,1,32.0,37.0,deux_roues,voiture,3,2,3,1,1
202300047275,2023-05-11 22:55:00,2023,5,11,22,55,33,33199,Av du Mal de Lattre de Tassigny,44.63664816,-1.09732792,Nuit avec éclairage allumé,En agglomération,Intersection en T,Normale,Deux véhicules - frontale,3,2,2,0,1,1,1,0,1,50,2,2,0,0,1,1,54.0,49.0,voiture,voiture,5,2,3,1,1
202300047275,2023-05-11 22:55:00,2023,5,11,22,55,33,33199,Av du Mal de Lattre de Tassigny,44.63664816,-1.09732792,Nuit avec éclairage allumé,En agglomération,Intersection en T,Normale,Deux véhicules - frontale,3,2, -1,-1,1,1,1,0,1,50,2,2,0,0,1,1,54.0,49.0,voiture,voiture,5,2,3,1,1
202300047276,2023-10-31 17:17:00,2023,10,31,17,17,29,29019,rue Lanrédec,48.40034,-4.49714,Plein jour,En agglomération,Hors intersection,Normale,Autre collision,4,2,2,0,2,1,1,0,1,50,1,2,1,0,0,1,21.0,,voiture,,1,2,1,1,6
202300047277,2023-05-13 06:15:00,2023,5,13,6,15,13,13035,D17,43.685641,5.055342,Crépuscule ou aube,Hors agglomération,Hors intersection,Normale,Deux véhicules - frontale,3,2,2,3,1,2,1,0,1,80,1,1,0,0,1,0,34.0,,voiture,,2,1,1,1,1
202300047278,2023-10-30 10:45:00,2023,10,30,10,45,29,29019,23 rue de l'Eau Blanche,48.41565,-4.462251,Plein jour,En agglomération,Giratoire,Pluie légère,Deux véhicules - frontale,4,2,2,0,1,1,2,0,1,50,2,2,1,0,1,0,54.0,62.0,utilitaire_camion,deux_roues,1,2,6,2,1
202300047278,2023-10-30 10:45:00,2023,10,30,10,45,29,29019,23 rue de l'Eau Blanche,48.41565,-4.462251,Plein jour,En agglomération,Giratoire,Pluie légère,Deux véhicules - frontale,4,2,2,0,1,1,2,0,1,50,2,2,1,0,1,0,54.0,62.0,utilitaire_camion,deux_roues,1,2,6,2,1
202300047279,2023-05-12 08:15:00,2023,5,12,8,15,68,68298,Place Keuffer,48.246626,7.18545,Plein jour,En agglomération,Intersection en Y,Normale,Autre collision,4,2, -1,-1,1,1,1,0,1,-1,1,2,1,0,0,1,60.0,,voiture,,1,2,4,1,6
202300047279,2023-05-12 08:15:00,2023,5,12,8,15,68,68298,Place Keuffer,48.246626,7.18545,Plein jour,En agglomération,Intersection en Y,Normale,Autre collision,4,1,1,0,1,2,1,0,1,30,1,2,1,0,0,1,60.0,,voiture,,1,2,4,1,6
202300047280,2023-05-12 09:00:00,2023,5,12,9,0,67,67300,Route de Dachstein,48.537705,7.498837,Plein jour,En agglomération,Hors intersection,Normale,Deux véhicules - frontale,4,2,3,1,1,1,1,5,1,50,2,2,1,0,0,1,65.0,17.0,voiture,deux_roues,1,2,1,1,1
202300047281,2023-10-31 21:05:00,2023,10,31,21,5,26,26198,Avenue Stéphane Mallarmé,44.5536,4.72216,Nuit avec éclairage allumé,En agglomération,Hors intersection,Normale,Deux véhicules - frontale,4,2,2,0,1,4,1,0,1,30,2,2,1,0,0,1,20.0,17.0,voiture,deux_roues,5,2,1,1,1
202300047282,2023-05-13 02:36:00,2023,5,13,2,36,57,57101,D31bis,49.157881,6.947892,Nuit sans éclairage public,Hors agglomération,Hors intersection,Normale,Deux véhicules - arrière,3,3,3,0,1,1,1,0,1,110,2,2,1,0,0,1,23.0,42.0,voiture,voiture,3,1,1,1,2
202300047283,2023-10-31 13:40:00,2023,10,31,13,40,25,25056,OUEST BOULEVARD,47.22422,5.97881,Plein jour,En agglomération,Hors intersection,Pluie légère,Autre collision,2,3,6,1,1,1,2,0,1,50,1,2,1,0,0,1,27.0,,deux_roues,,1,2,1,2,6
202300047284,2023-05-04 08:20:00,2023,5,4,8,20,38,38059,2320 Route Napoléon,45.129341,5.777425,Plein jour,En agglomération,Hors intersection,Normale,Deux véhicules - frontale,3,2,2,0,2,1,1,0,1,50,2,3,2,0,0,1,61.0,50.0,voiture,utilitaire_camion,1,2,1,1,1
202300047285,2023-10-31 08:25:00,2023,10,31,8,25,25,25056,DOLE RUE DE (sup 200),47.22599,5.97643,Plein jour,En agglomération,Hors intersection,Pluie légère,Deux véhicules - côté,3,2,4,0,2,3,2,0,1,50,2,3,1,0,0,2,26.0,62.0,voiture,voiture,1,2,1,2,3
202300047286,2023-05-12 21:40:00,2023,5,12,21,40,69,69047,Route Départementale 385,45.868781,4.657924,Nuit sans éclairage public,Hors agglomération,Hors intersection,Normale,Deux véhicules - côté,3,2,3,2,2,2,2,0,1,90,2,2,0,0,2,0,24.0,36.0,voiture,voiture,3,1,1,1,3
202300047287,2023-10-31 10:55:00,2023,10,31,10,55,14,14220,24 Avenue Charles de Gaulle,49.35721,0.071679,Plein jour,En agglomération,Intersection en X,Normale,Autre collision,4,2,2,0,1,1,2,0,1,50,1,2,1,0,0,1,20.0,,voiture,,1,2,2,1,6
202300047287,2023-10-31 10:55:00,2023,10,31,10,55,14,14220,24 Avenue Charles de Gaulle,49.35721,0.071679,Plein jour,En agglomération,Intersection en X,Normale,Autre collision,4,3,1,0,1,1,2,0,1,50,1,2,1,0,0,1,20.0,,voiture,,1,2,2,1,6
202300047288,2023-05-13 12:25:00,2023,5,13,12,25,60,60619,Route Nationale 2,49.124275,2.786665,Plein jour,Hors agglomération,Hors intersection,Normale,Deux véhicules - frontale,2,1,2,0,1,1,1,0,1,110,2,3,2,0,0,1,,60.0,voiture,voiture,1,1,1,1,1
202300047289,2023-04-04 03:00:00,2023,4,4,3,0,25,25147,Rue Claude Girard,47.232384,5.894648,Nuit avec éclairage allumé,En agglomération,Hors intersection,Normale,Autre collision,4,2,2,0,1,2,1,0,3,50,1,1,0,0,1,0,41.0,,voiture,,5,2,1,1,6
202300047290,2023-10-31 17:50:00,2023,10,31,17,50,13,13209,COL DE LA GINESTE D559,43.24198,5.45311,Crépuscule ou aube,Hors agglomération,Hors intersection,Normale,Autre collision,3,2,2,0,2,1,1,0,3,70,1,2,0,0,2,0,77.0,,voiture,,2,1,1,1,6
202300047291,2023-05-13 15:35:00,2023,5,13,15,35,60,60462,D2,49.330394,2.191268,Plein jour,Hors agglomération,Giratoire,Normale,Deux véhicules - frontale,3,1,2,0,1,2,1,0,1,50,2,2,0,0,0,2,19.0,21.0,voiture,voiture,1,1,6,1,1
202300047292,2023-10-31 17:00:00,2023,10,31,17,0,13,13211,WILLIAM (AVENUE),43.29417976,5.44155386,Plein jour,En agglomération,Hors intersection,Normale,Deux véhicules - frontale,4,3,2,0,1,1,1,0,1,50,1,2,1,0,1,0,62.0,,voiture,,1,2,1,1,1
202300047293,2023-04-05 08:58:00,2023,4,5,8,58,44,44120,17 Rue du Chêne Vert,47.200506,-1.759642,Plein jour,En agglomération,Giratoire,Normale,Deux véhicules - côté,7,4,3,2,1,2,1,0,1,30,2,2,1,0,0,1,53.0,21.0,deux_roues,voiture,1,2,6,1,3
202300047294,2023-10-26 16:30:00,2023,10,26,16,30,13,13210,ROMAIN ROLLAND (BOULEVARD),43.27378,5.4123,Plein jour,En agglomération,Hors intersection,Pluie légère,Deux véhicules - frontale,4,2,1,0,1,1,2,0,1,50,1,2,1,0,0,1,56.0,,deux_roues,,1,2,1,2,1
202300047295,2023-04-05 17:20:00,2023,4,5,17,20,31,31182,163 M820,43.697008,1.399507,Plein jour,En agglomération,Intersection en T,Normale,Deux véhicules - frontale,7,2,2,0,1,1,1,0,8,50,2,2,1,0,1,0,18.0,39.0,voiture,deux_roues,1,2,3,1,1
202300047295,2023-04-05 17:20:00,2023,4,5,17,20,31,31182,163 M820,43.697008,1.399507,Plein jour,En agglomération,Intersection en T,Normale,Deux véhicules - frontale,7,2,2,3,1,1,1,9,1,50,2,2,1,0,1,0,18.0,39.0,voiture,deux_roues,1,2,3,1,1
202300047296,2023-10-31 11:31:00,2023,10,31,11,31,13,13005,PALUDS (AVENUE DES),43.28704,5.60157,Plein jour,En agglomération,Hors intersection,Normale,Deux véhicules - côté,4,2,2,0,1,1,1,0,1,30,2,2,1,0,0,1,26.0,84.0,voiture,deux_roues,1,2,1,1,3
202300047297,2023-10-26 18:00:00,2023,10,26,18,0,10,10343,GAMBETTA (RUE),48.27432,4.09101,Plein jour,En agglomération,Giratoire,Normale,Deux véhicules - arrière,4,2,2,0,1,1,1,0,1,50,2,2,1,0,0,1,17.0,,deux_roues,autre,1,2,6,1,2
202300047297,2023-10-26 18:00:00,2023,10,26,18,0,10,10343,GAMBETTA (RUE),48.27432,4.09101,Plein jour,En agglomération,Giratoire,Normale,Deux véhicules - arrière,4,2,2,0,1,1,1,0,1,50,2,2,1,0,0,1,17.0,,deux_roues,autre,1,2,6,1,2
202300047298,2023-04-04 16:00:00,2023,4,4,16,0,02,02714,departementale 101,49.376324,3.455576,Plein jour,Hors agglomération,Hors intersection,Normale,Deux véhicules - côté,3,2,2,3,1,3,1,0,1,80,2,2,1,0,1,0,82.0,69.0,voiture,voiture,1,1,1,1,3
202300047299,2023-05-03 17:35:00,2023,5,3,17,35,59,59328,ROUTE DEPARTEMENTALE 652,50.65582351,3.01371527,Plein jour,Hors agglomération,Hors intersection,Normale,Deux véhicules - arrière,7,-1,4,0,1,1,1,0,1,90,2,2,1,0,0,1,41.0,28.0,voiture,voiture,1,1,1,1,2
202300047300,2023-04-05 11:30:00,2023,4,5,11,30,15,15231,RD 14 ,45.152642,3.053749,Plein jour,Hors agglomération,Hors intersection,Temps éblouissant,Sans collision,3,2,2,0,1,2,1,0,8,90,1,1,0,0,1,0,26.0,,voiture,,1,1,1,7,7
202300047301,2023-10-31 09:05:00,2023,10,31,9,5,10,10387,VOLTAIRE (RUE),48.29477244,4.06279027,Plein jour,En agglomération,Intersection en T,Normale,Deux véhicules - côté,4,-1,2,0,1,1,2,0,1,50,2,2,1,0,0,1,30.0,68.0,voiture,voiture,1,2,3,1,3
202300047302,2023-05-12 18:19:00,2023,5,12,18,19,78,78297,RN12,48.791316,2.056485,Plein jour,Hors agglomération,Hors intersection,Temps couvert,Deux véhicules - côté,2,-1,2,0,1,1,1,0,1,110,2,2,1,0,0,1,35.0,22.0,deux_roues,voiture,1,1,1,8,3
202300047303,2023-04-05 09:25:00,2023,4,5,9,25,05,05074,chemin des rives,44.467161,6.06905,Plein jour,Hors agglomération,Hors intersection,Normale,Autre collision,4,2,2,0,1,1,1,0,3,50,1,1,0,0,1,0,70.0,,voiture,,1,1,1,1,6
202300047304,2023-10-30 14:35:00,2023,10,30,14,35,10,10343,DIJON (RUE DE),48.2753,4.08382,Plein jour,En agglomération,Intersection en T,Pluie légère,Deux véhicules - côté,4,2,4,0,1,1,2,0,1,50,2,3,1,0,0,2,17.0,29.0,deux_roues,voiture,1,2,3,2,3
202300047304,2023-10-30 14:35:00,2023,10,30,14,35,10,10343,DIJON (RUE DE),48.2753,4.08382,Plein jour,En agglomération,Intersection en T,Pluie légère,Deux véhicules - côté,4,2,2,0,1,1,2,5,1,50,2,3,1,0,0,2,17.0,29.0,deux_roues,voiture,1,2,3,2,3
202300047305,2023-05-12 11:10:00,2023,5,12,11,10,93,93064,AUTOROUTE A86,48.86828845,2.48218385,Plein jour,Hors agglomération,Hors intersection,Pluie légère,Trois véhicules et plus - collisions multiples,1,3,3,0,1,1,2,2,1,90,3,3,2,0,0,1,59.0,25.0,utilitaire_camion,deux_roues,1,1,1,2,5
202300047306,2023-04-03 14:20:00,2023,4,3,14,20,73,73278,D74,45.378287,6.272947,Plein jour,Hors agglomération,Hors intersection,Normale,Sans collision,3,2,2,0,1,2,1,0,1,80,1,1,0,0,1,0,17.0,,deux_roues,,1,1,1,1,7
202300047307,2023-10-30 07:10:00,2023,10,30,7,10,10,10325,Route d'Auxerre,48.26480979,4.04087716,Crépuscule ou aube,En agglomération,Hors intersection,Pluie légère,Deux véhicules - côté,2,1,1,0,1,1,2,0,4,50,2,2,1,0,1,0,45.0,17.0,voiture,deux_roues,2,2,1,2,3
202300047308,2023-05-12 12:10:00,2023,5,12,12,10,93,93027,AUTOROUTE A1,48.93753987,2.41193935,Plein jour,Hors agglomération,Hors intersection,Temps couvert,Deux véhicules - côté,1,3,3,0,3,1,2,0,1,90,2,2,1,0,0,1,50.0,22.0,deux_roues,voiture,1,1,1,8,3
202300047309,2023-10-31 19:00:00,2023,10,31,19,0,07,07281,MARCALE (RUE DE),44.94519,4.84682,Nuit avec éclairage allumé,En agglomération,Hors intersection,Normale,Autre collision,3,2,2,0,1,1,1,6,1,50,1,2,1,0,0,1,64.0,,voiture,,5,2,1,1,6
202300047310,2023-04-04 17:20:00,2023,4,4,17,20,73,73121,Rue de la gare,45.631787,6.311653,Plein jour,En agglomération,Hors intersection,Normale,Sans collision,4,2,2,0,1,1,1,0,1,50,1,1,0,0,1,0,15.0,,deux_roues,,1,2,1,1,7
202300047311,2023-05-12 00:20:00,2023,5,12,0,20,93,93053,AUTOROUTE A3,48.88411231,2.46310523,Nuit sans éclairage public,Hors agglomération,Hors intersection,Normale,Deux véhicules - arrière,1,3,4,0,2,1,1,0,1,90,2,2,1,0,0,1,26.0,38.0,voiture,voiture,3,1,1,1,2
202300047312,2023-05-11 19:30:00,2023,5,11,19,30,42,42044,Rue de la République,45.39569304,4.31775916,Plein jour,En agglomération,Hors intersection,Normale,Autre collision,7,2,2,0,1,1,1,0,1,50,1,3,2,0,0,1,20.0,,voiture,,1,2,1,1,6
202300047313,2023-10-31 15:36:00,2023,10,31,15,36,06,06088,ROQUEBILLIERE (R. DE),43.70721,7.28601,Plein jour,En agglomération,Intersection en X,Normale,Autre collision,4,1,2,0,1,1,1,0,1,50,1,3,1,0,2,0,84.0,,voiture,,1,2,2,1,6
202300047313,2023-10-31 15:36:00,2023,10,31,15,36,06,06088,ROQUEBILLIERE (R. DE),43.70721,7.28601,Plein jour,En agglomération,Intersection en X,Normale,Autre collision,4,1,3,0,1,1,1,0,1,50,1,3,1,0,2,0,84.0,,voiture,,1,2,2,1,6
202300047314,2023-04-05 11:00:00,2023,4,5,11,0,40,40197,Rue Borda,44.033672,-0.912608,Plein jour,En agglomération,Hors intersection,Normale,Autre collision,4,-1,2,0,1,1,1,0,4,50,1,2,1,0,1,0,37.0,,voiture,,1,2,1,1,6
202300047315,2023-05-11 13:06:00,2023,5,11,13,6,06,06029,CROISETTE (BOULEVARD DE),43.5518,7.01826,Plein jour,En agglomération,Hors intersection,Normale,Autre collision,4,3,4,0,1,1,1,0,1,30,1,2,1,0,0,1,36.0,,utilitaire_camion,,1,2,1,1,6
202300047316,2023-10-31 20:20:00,2023,10,31,20,20,06,06069,ORME (CHEMIN DE L'),43.65154,6.94522,Nuit avec éclairage allumé,En agglomération,Hors intersection,Normale,Deux véhicules - arrière,4,2,2,0,1,1,1,0,1,30,2,2,1,0,0,1,24.0,56.0,voiture,deux_roues,5,2,1,1,2
202300047317,2023-10-31 12:10:00,2023,10,31,12,10,04,04070,HUGO (BD..V),44.09489,6.23561,Plein jour,En agglomération,Hors intersection,Normale,Deux véhicules - côté,4,2,2,0,1,1,1,0,1,50,2,2,1,0,0,1,43.0,54.0,voiture,deux_roues,1,2,1,1,3
202300047318,2023-04-05 05:55:00,2023,4,5,5,55,85,85008,RD36,46.579483,-1.492617,Nuit sans éclairage public,Hors agglomération,Hors intersection,Normale,Deux véhicules - frontale,3,2,2,0,1,1,1,0,1,-1,2,2,1,1,0,0,39.0,30.0,voiture,voiture,3,1,1,1,1
202300047319,2023-05-11 17:15:00,2023,5,11,17,15,13,13056,A55-Sens Marseille vers Martigues,43.39669,5.04353,Plein jour,Hors agglomération,Hors intersection,Normale,Deux véhicules - arrière,1,1,2,0,3,1,1,0,1,50,3,3,2,0,0,1,65.0,38.0,voiture,voiture,1,1,1,1,2
202300047320,2023-10-30 17:06:00,2023,10,30,17,6,01,01053,BROU ( BD N°68 A 182 PAIR),46.201967,5.232003,Nuit avec éclairage allumé,En agglomération,Hors intersection,Pluie forte,Autre collision,4,2,3,0,1,1,2,0,1,50,1,2,1,0,0,1,58.0,,voiture,,5,2,1,3,6
202300047321,2023-01-10 10:40:00,2023,1,10,10,40,2A,2A004,ACHILLE PERETTI RUE,41.93673,8.74265,Plein jour,En agglomération,Hors intersection,Normale,Autre collision,4,2,2,0,1,1,1,0,1,50,2,3,2,0,0,1,85.0,42.0,voiture,utilitaire_camion,1,2,1,1,6
202300047322,2023-04-05 16:50:00,2023,4,5,16,50,48,48127,D1,44.607388,3.415954,Plein jour,Hors agglomération,Hors intersection,Normale,Autre collision,3,2,2,0,1,1,1,0,3,90,1,3,2,0,1,0,28.0,,voiture,,1,1,1,1,6
202300047323,2023-10-30 17:40:00,2023,10,30,17,40,75,75112,BD PERIPHERIQUE INTERIEUR,48.838692,2.412999,Crépuscule ou aube,En agglomération,Hors intersection,Normale,Deux véhicules - côté,4,1,4,0,1,1,1,0,1,70,2,3,1,0,0,2,41.0,39.0,voiture,deux_roues,2,2,1,1,3
202300047324,2023-03-03 18:45:00,2023,3,3,18,45,76,76351,SOCRATE,49.51303,0.16233,Nuit avec éclairage allumé,En agglomération,Hors intersection,Normale,Autre collision,4,-1,1,0,1,1,1,0,8,30,1,2,1,0,0,1,,,deux_roues,,5,2,1,1,6
202300047325,2023-10-30 17:25:00,2023,10,30,17,25,75,75119,ECHANGEUR PORTE DE PANTIN,48.88596866,2.39759132,Crépuscule ou aube,En agglomération,Intersection en Y,Normale,Autre collision,4,1, -1,-1,1,1,2,0,1,-1,1,1,0,0,0,1,21.0,,deux_roues,,2,2,4,1,6
202300047325,2023-10-30 17:25:00,2023,10,30,17,25,75,75119,ECHANGEUR PORTE DE PANTIN,48.88596866,2.39759132,Crépuscule ou aube,En agglomération,Intersection en Y,Normale,Autre collision,4,1,2,0,1,3,2,0,1,50,1,1,0,0,0,1,21.0,,deux_roues,,2,2,4,1,6
202300047326,2023-01-26 06:10:00,2023,1,26,6,10,13,13028,DE GAULLE (QUAI GENERAL CHARLES),43.17447,5.6076,Nuit avec éclairage allumé,En agglomération,Hors intersection,Normale,Deux véhicules - frontale,4,1,1,0,1,1,1,0,1,30,1,1,0,1,0,0,29.0,,deux_roues,,5,2,1,1,1
202300047327,2023-04-03 12:20:00,2023,4,3,12,20,08,08243,,49.66742413,4.36355925,Plein jour,Hors agglomération,Hors intersection,Temps éblouissant,Deux véhicules - frontale,3,2,2,0,2,1,1,0,1,80,2,2,1,0,1,0,30.0,37.0,voiture,voiture,1,1,1,7,1
202300047328,2023-04-05 15:55:00,2023,4,5,15,55,88,88530,D434,48.050833,6.408956,Plein jour,Hors agglomération,Hors intersection,Normale,Autre collision,3,-1,2,0,2,2,1,0,3,90,1,1,0,1,0,0,24.0,,deux_roues,,1,1,1,1,6
202300047329,2023-05-11 15:45:00,2023,5,11,15,45,974,97416,RN1 (ROUTE NATIONALE),-21.32775,55.45111,Plein jour,Hors agglomération,Hors intersection,Normale,Trois véhicules et plus - en chaîne,2,3,4,0,1,1,1,0,1,110,3,5,2,0,0,3,29.0,46.0,voiture,voiture,1,1,1,1,4
202300047330,2023-10-31 15:07:00,2023,10,31,15,7,75,75117,BOULEVARD PERIPHERIQUE INTERIEUR OUEST,48.886423,2.289297,Plein jour,En agglomération,Hors intersection,Temps couvert,Trois véhicules et plus - collisions multiples,4,1,4,0,1,1,1,0,1,70,5,8,7,0,1,0,51.0,22.0,voiture,voiture,1,2,1,8,5
202300047331,2023-05-11 07:10:00,2023,5,11,7,10,974,97416,AUBEPINES(ALLEE DES),-21.33683,55.48805,Plein jour,Hors agglomération,Giratoire,Normale,Autre collision,4,2,2,0,1,1,1,0,1,50,1,2,1,0,1,0,81.0,,voiture,,1,1,6,1,6
202300047331,2023-05-11 07:10:00,2023,5,11,7,10,974,97416,AUBEPINES(ALLEE DES),-21.33683,55.48805,Plein jour,Hors agglomération,Giratoire,Normale,Autre collision,4,2,0,0,2,1,1,0,1,50,1,2,1,0,1,0,81.0,,voiture,,1,1,6,1,6
202300047332,2023-10-31 12:30:00,2023,10,31,12,30,75,75120,RUE MENDELSSOHN,48.855155,2.4114406,Plein jour,En agglomération,Intersection en T,Temps couvert,Autre collision,4,-1, -1,-1,1,1,1,0,1,30,1,3,2,0,0,1,61.0,,deux_roues,,1,2,3,8,6
202300047332,2023-10-31 12:30:00,2023,10,31,12,30,75,75120,RUE MENDELSSOHN,48.855155,2.4114406,Plein jour,En agglomération,Intersection en T,Temps couvert,Autre collision,4,2,1,0,1,1,1,0,1,30,1,3,2,0,0,1,61.0,,deux_roues,,1,2,3,8,6
202300047333,2023-04-05 11:24:00,2023,4,5,11,24,68,68266,A35 - PR 86.2,47.89432,7.374401,Plein jour,Hors agglomération,Hors intersection,Normale,Trois véhicules et plus - en chaîne,1,3,2,0,1,1,1,0,1,130,3,3,2,0,1,0,46.0,28.0,utilitaire_camion,utilitaire_camion,1,1,1,1,4
202300047334,2023-05-11 14:40:00,2023,5,11,14,40,973,97302,LEBLOND (ROND POINT),4.92103,-52.33034,Plein jour,Hors agglomération,Hors intersection,Pluie légère,Sans collision,2,1,2,0,1,3,2,0,1,50,1,2,1,0,0,1,22.0,,deux_roues,,1,1,1,2,7
202300047335,2023-10-31 00:10:00,2023,10,31,0,10,75,75120,RUE LEON FRAPIE,48.873367,2.410256,Nuit avec éclairage allumé,En agglomération,Intersection en T,Temps couvert,Deux véhicules - arrière,4,1,1,0,1,1,1,0,1,30,2,2,1,0,0,1,22.0,,deux_roues,utilitaire_camion,5,2,3,8,2
202300047335,2023-10-31 00:10:00,2023,10,31,0,10,75,75120,RUE LEON FRAPIE,48.873367,2.410256,Nuit avec éclairage allumé,En agglomération,Intersection en T,Temps couvert,Deux véhicules - arrière,4,1,1,0,1,1,1,8,1,30,2,2,1,0,0,1,22.0,,deux_roues,utilitaire_camion,5,2,3,8,2