accident_id,datetime,annee,mois,jour,heure,minute,departement,commune_insee,adresse,latitude,longitude,luminosite,agglomeration,intersection,meteo,collision,catr,circ,nbv,vosp,prof,plan,surf,infra,situ,vma,nb_vehicules,nb_usagers,nb_indemnes,nb_tues,nb_blesses_hosp,nb_blesses_legers,age_cond_1,age_cond_2,veh_type_cond_1,veh_type_cond_2,lum_code,agg_code,int_code,atm_code,col_code
202300047336,2023-04-05 10:45:00,2023,4,5,10,45,68,68228,A35,47.93428,7.360231,Plein jour,Hors agglomération,Hors intersection,Normale,Deux véhicules - arrière,1,3,2,0,1,1,1,0,1,130,2,2,1,1,0,0,48.0,42.0,utilitaire_camion,utilitaire_camion,1,1,1,1,2
202300047337,2023-05-11 06:55:00,2023,5,11,6,55,972,97213,AUTOROUTE A1,14.6184,-61.03203,Plein jour,Hors agglomération,Hors intersection,Normale,Sans collision,1,1,0,3,1,1,1,0,6,70,1,4,0,0,0,3,,,transport_commun,,1,1,1,1,7
202300047338,2023-04-04 15:30:00,2023,4,4,15,30,24,24234,D709 - C202,44.980282,0.399628,Plein jour,Hors agglomération,Hors intersection,Normale,Deux véhicules - frontale,3,2,2,0,2,3,1,0,1,90,2,2,1,1,0,0,33.0,39.0,utilitaire_camion,voiture,1,1,1,1,1
202300047339,2023-05-10 19:30:00,2023,5,10,19,30,972,97213,AUTOROUTE A1,14.61801,-61.0354,Crépuscule ou aube,Hors agglomération,Hors intersection,Normale,Trois véhicules et plus - en chaîne,1,1,3,3,1,1,1,0,1,90,3,3,1,0,0,2,46.0,35.0,voiture,voiture,2,1,1,1,4
202300047340,2023-10-31 16:50:00,2023,10,31,16,50,75,75119,RUE MANIN,48.883237,2.387933,Plein jour,En agglomération,Intersection en X,Normale,Autre collision,4,1, -1,-1,1,1,1,0,1,-1,1,2,1,0,0,1,53.0,,deux_roues,,1,2,2,1,6
202300047340,2023-10-31 16:50:00,2023,10,31,16,50,75,75119,RUE MANIN,48.883237,2.387933,Plein jour,En agglomération,Intersection en X,Normale,Autre collision,4,3,2,0,2,1,1,0,1,30,1,2,1,0,0,1,53.0,,deux_roues,,1,2,2,1,6
202300047341,2023-04-02 15:45:00,2023,4,2,15,45,34,34123,Route de Lodève,43.618637,3.791887,Plein jour,En agglomération,Hors intersection,Normale,Sans collision,4,2,2,0,1,3,1,0,3,50,1,2,0,0,2,0,73.0,,voiture,,1,2,1,1,7
202300047342,2023-10-31 01:25:00,2023,10,31,1,25,75,75119,AVENUE JEAN JAURES,48.882887,2.3706,Nuit avec éclairage allumé,En agglomération,Intersection en Y,Normale,Deux véhicules - arrière,4,-1,0,0,1,1,1,0,1,50,2,2,1,0,0,1,22.0,32.0,voiture,voiture,5,2,4,1,2
202300047342,2023-10-31 01:25:00,2023,10,31,1,25,75,75119,AVENUE JEAN JAURES,48.882887,2.3706,Nuit avec éclairage allumé,En agglomération,Intersection en Y,Normale,Deux véhicules - arrière,4,1, -1,0,1,1,1,0,1,-1,2,2,1,0,0,1,22.0,32.0,voiture,voiture,5,2,4,1,2
202300047343,2023-05-10 16:35:00,2023,5,10,16,35,69,69389,Rue Roger Salengro,45.77861,4.80512,Plein jour,En agglomération,Intersection en T,Normale,Deux véhicules - côté,4,1,1,2,1,1,1,0,1,50,2,3,2,0,0,1,66.0,38.0,deux_roues,voiture,1,2,3,1,3
202300047343,2023-05-10 16:35:00,2023,5,10,16,35,69,69389,Rue Roger Salengro,45.77861,4.80512,Plein jour,En agglomération,Intersection en T,Normale,Deux véhicules - côté,4,2,2,0,1,1,1,0,1,50,2,3,2,0,0,1,66.0,38.0,deux_roues,voiture,1,2,3,1,3
202300047344,2023-04-03 19:45:00,2023,4,3,19,45,987,98733,Pk 23+665,-17.696,-149.548,Nuit avec éclairage allumé,En agglomération,Hors intersection,Normale,Autre collision,2,2,2,2,1,1,1,0,5,50,1,2,1,0,1,0,56.0,,voiture,,5,2,1,1,6
202300047345,2023-10-31 14:20:00,2023,10,31,14,20,75,75116,BOULEVARD EMILE AUGIER,48.86296,2.272655,Plein jour,En agglomération,Intersection en X,Normale,Deux véhicules - côté,4,1,1,0,1,1,1,0,1,50,2,2,1,0,0,1,34.0,30.0,voiture,voiture,1,2,2,1,3
202300047345,2023-10-31 14:20:00,2023,10,31,14,20,75,75116,BOULEVARD EMILE AUGIER,48.86296,2.272655,Plein jour,En agglomération,Intersection en X,Normale,Deux véhicules - côté,4,1,1,0,1,1,1,0,1,50,2,2,1,0,0,1,34.0,30.0,voiture,voiture,1,2,2,1,3
202300047346,2023-05-11 16:04:00,2023,5,11,16,4,2A,2A004,PIETRI FRANCOIS RUE,41.93511,8.75082,Plein jour,En agglomération,Intersection en X,Normale,Deux véhicules - côté,4,3,4,0,1,1,1,5,1,50,2,2,1,0,0,1,47.0,19.0,voiture,deux_roues,1,2,2,1,3
202300047346,2023-05-11 16:04:00,2023,5,11,16,4,2A,2A004,PIETRI FRANCOIS RUE,41.93511,8.75082,Plein jour,En agglomération,Intersection en X,Normale,Deux véhicules - côté,4,3,2,0,1,1,1,5,1,50,2,2,1,0,0,1,47.0,19.0,voiture,deux_roues,1,2,2,1,3
202300047347,2023-10-31 05:51:00,2023,10,31,5,51,75,75112,BOULEVARD DIDEROT,48.846444,2.378947,Nuit avec éclairage allumé,En agglomération,Intersection en X,Normale,Deux véhicules - côté,4,2,4,3,1,1,1,0,1,30,2,2,1,0,0,1,29.0,22.0,deux_roues,voiture,5,2,2,1,3
202300047347,2023-10-31 05:51:00,2023,10,31,5,51,75,75112,BOULEVARD DIDEROT,48.846444,2.378947,Nuit avec éclairage allumé,En agglomération,Intersection en X,Normale,Deux véhicules - côté,4,1, -1,0,1,1,1,0,1,30,2,2,1,0,0,1,29.0,22.0,deux_roues,voiture,5,2,2,1,3
202300047348,2023-04-02 19:00:00,2023,4,2,19,0,971,97115,chemin de la moisse,16.27709,-61.66339,Nuit sans éclairage public,Hors agglomération,Intersection en X,Normale,Deux véhicules - côté,2,2,2,0,1,1,1,0,1,50,2,4,0,0,0,4,32.0,64.0,voiture,voiture,3,1,2,1,3
202300047348,2023-04-02 19:00:00,2023,4,2,19,0,971,97115,chemin de la moisse,16.27709,-61.66339,Nuit sans éclairage public,Hors agglomération,Intersection en X,Normale,Deux véhicules - côté,2,2,2,0,1,1,1,0,1,50,2,4,0,0,0,4,32.0,64.0,voiture,voiture,3,1,2,1,3
202300047349,2023-05-11 13:35:00,2023,5,11,13,35,2A,2A004,NAPOLEON COURS AVANT BEVERINI,41.92638,8.7383,Plein jour,En agglomération,Intersection en T,Normale,Deux véhicules - côté,2,2,2,0,4,1,1,0,1,50,2,2,1,0,0,1,75.0,54.0,voiture,deux_roues,1,2,3,1,3
202300047349,2023-05-11 13:35:00,2023,5,11,13,35,2A,2A004,NAPOLEON COURS AVANT BEVERINI,41.92638,8.7383,Plein jour,En agglomération,Intersection en T,Normale,Deux véhicules - côté,2,2,3,0,1,1,1,5,1,50,2,2,1,0,0,1,75.0,54.0,voiture,deux_roues,1,2,3,1,3
202300047350,2023-10-31 13:00:00,2023,10,31,13,0,75,75111,BOULEVARD VOLTAIRE,48.852782,2.388757,Plein jour,En agglomération,Intersection en T,Normale,Deux véhicules - côté,4,2,5,1,1,1,1,0,1,30,2,2,1,0,0,1,31.0,63.0,deux_roues,voiture,1,2,3,1,3
202300047350,2023-10-31 13:00:00,2023,10,31,13,0,75,75111,BOULEVARD VOLTAIRE,48.852782,2.388757,Plein jour,En agglomération,Intersection en T,Normale,Deux véhicules - côté,4,1, -1,-1,1,1,1,0,1,30,2,2,1,0,0,1,31.0,63.0,deux_roues,voiture,1,2,3,1,3
202300047351,2023-05-11 09:20:00,2023,5,11,9,20,2A,2A004,STEPHANOPOLI NICEPHORE  DE COMENE BD,41.90788,8.706506,Plein jour,En agglomération,Hors intersection,Normale,Deux véhicules - arrière,3,-1,2,0,1,1,1,0,1,50,2,2,1,0,0,1,46.0,25.0,deux_roues,voiture,1,2,1,1,2
202300047352,2023-04-04 08:07:00,2023,4,4,8,7,77,77474,D27,48.95789,2.801771,Plein jour,Hors agglomération,Hors intersection,Normale,Deux véhicules - arrière,3,2,2,0,1,1,1,0,1,80,2,2,1,0,0,1,44.0,43.0,utilitaire_camion,voiture,1,1,1,1,2
202300047353,2023-10-31 14:30:00,2023,10,31,14,30,75,75108,AVENUE DES CHAMPS ELYSEES,48.869063,2.310305,Plein jour,En agglomération,Intersection en X,Temps couvert,Sans collision,4,2,6,1,1,3,1,5,5,50,1,1,0,0,0,1,49.0,,deux_roues,,1,2,2,8,7
202300047353,2023-10-31 14:30:00,2023,10,31,14,30,75,75108,AVENUE DES CHAMPS ELYSEES,48.869063,2.310305,Plein jour,En agglomération,Intersection en X,Temps couvert,Sans collision,4,2, -1,-1,1,1,1,0,1,50,1,1,0,0,0,1,49.0,,deux_roues,,1,2,2,8,7
202300047354,2023-05-10 12:00:00,2023,5,10,12,0,95,95555,13 MASSENET (RUE),48.96281,2.2869,Plein jour,En agglomération,Autre intersection,Pluie légère,Deux véhicules - côté,4,2,0,0,1,1,2,0,1,30,2,2,1,0,0,1,49.0,31.0,voiture,deux_roues,1,2,9,2,3
202300047355,2023-10-31 14:00:00,2023,10,31,14,0,94,94081,Rue Germain Pinson,48.79645386,2.38467667,Plein jour,En agglomération,Hors intersection,Normale,Deux véhicules - arrière,4,1,1,0,1,1,1,0,1,30,2,2,1,0,0,1,55.0,29.0,voiture,deux_roues,1,2,1,1,2
202300047356,2023-03-29 22:20:00,2023,3,29,22,20,77,77031,D201,48.670573,2.956374,Nuit sans éclairage public,Hors agglomération,Hors intersection,Normale,Deux véhicules - arrière,3,1,2,0,1,2,1,0,1,70,2,4,2,0,2,0,50.0,25.0,utilitaire_camion,voiture,3,1,1,1,2
202300047357,2023-10-31 19:40:00,2023,10,31,19,40,94,94068,Avenue Foch,48.80128724,2.49456305,Nuit avec éclairage allumé,En agglomération,Intersection en T,Pluie légère,Autre collision,3,2,1,0,1,1,2,6,1,30,1,2,1,0,0,1,61.0,,voiture,,5,2,3,2,6
202300047357,2023-10-31 19:40:00,2023,10,31,19,40,94,94068,Avenue Foch,48.80128724,2.49456305,Nuit avec éclairage allumé,En agglomération,Intersection en T,Pluie légère,Autre collision,3,2, -1,0,1,1,2,0,1,-1,1,2,1,0,0,1,61.0,,voiture,,5,2,3,2,6
202300047358,2023-05-11 09:35:00,2023,5,11,9,35,91,91339,ROBERT BENOIST (AVENUE),48.631411,2.264025,Plein jour,Hors agglomération,Hors intersection,Normale,Deux véhicules - arrière,3,3,4,0,2,1,1,0,1,50,2,3,1,0,0,2,21.0,39.0,utilitaire_camion,utilitaire_camion,1,1,1,1,2
202300047359,2023-10-31 17:50:00,2023,10,31,17,50,94,94068,Avenue Foch,48.80061918,2.49609382,Nuit avec éclairage allumé,En agglomération,Hors intersection,Normale,Autre collision,3,2,0,0,1,1,1,0,1,30,1,4,1,0,0,3,33.0,,voiture,,5,2,1,1,6
202300047360,2023-05-11 12:40:00,2023,5,11,12,40,87,87085,GAMBETTA (BOULEVARD),45.82849,1.2562,Plein jour,En agglomération,Intersection en T,Normale,Autre collision,4,4,4,0,2,1,1,0,1,30,1,2,1,0,0,1,22.0,,voiture,,1,2,3,1,6
202300047360,2023-05-11 12:40:00,2023,5,11,12,40,87,87085,GAMBETTA (BOULEVARD),45.82849,1.2562,Plein jour,En agglomération,Intersection en T,Normale,Autre collision,4,1,2,0,1,1,1,0,1,30,1,2,1,0,0,1,22.0,,voiture,,1,2,3,1,6
202300047361,2023-04-05 07:45:00,2023,4,5,7,45,77,77211,D201,48.592995,2.984371,Plein jour,Hors agglomération,Intersection en X,Temps éblouissant,Deux véhicules - frontale,3,4,3,0,1,1,1,0,1,90,3,3,1,1,1,0,37.0,48.0,utilitaire_camion,voiture,1,1,2,7,1
202300047361,2023-04-05 07:45:00,2023,4,5,7,45,77,77211,D201,48.592995,2.984371,Plein jour,Hors agglomération,Intersection en X,Temps éblouissant,Deux véhicules - frontale,3,2,2,0,1,1,-1,5,1,80,3,3,1,1,1,0,37.0,48.0,utilitaire_camion,voiture,1,1,2,7,1
202300047362,2023-05-11 09:21:00,2023,5,11,9,21,87,87085,REVOLUTION (AVENUE DE LA),45.82477,1.25903,Plein jour,En agglomération,Hors intersection,Normale,Trois véhicules et plus - en chaîne,4,2,2,0,2,1,1,0,1,50,3,3,2,0,0,1,48.0,20.0,voiture,voiture,1,2,1,1,4
202300047363,2023-04-02 18:55:00,2023,4,2,18,55,13,13042,d2,43.315647,5.669058,Plein jour,Hors agglomération,Hors intersection,Normale,Autre collision,3,2,2,0,2,2,1,0,3,80,1,1,0,0,1,0,25.0,,deux_roues,,1,1,1,1,6
202300047364,2023-10-30 20:30:00,2023,10,30,20,30,94,94003,Avenue Laplace,48.80786235,2.33340302,Nuit avec éclairage allumé,En agglomération,Autre intersection,Normale,Deux véhicules - côté,3,1,0,1,1,1,1,0,1,50,2,2,1,0,0,1,23.0,44.0,voiture,deux_roues,5,2,9,1,3
202300047364,2023-10-30 20:30:00,2023,10,30,20,30,94,94003,Avenue Laplace,48.80786235,2.33340302,Nuit avec éclairage allumé,En agglomération,Autre intersection,Normale,Deux véhicules - côté,3,1,0,0,1,1,1,0,1,50,2,2,1,0,0,1,23.0,44.0,voiture,deux_roues,5,2,9,1,3
202300047365,2023-05-10 15:07:00,2023,5,10,15,7,87,87085,DARNET (RUE),45.8305,1.25536,Plein jour,En agglomération,Intersection en T,Normale,Autre collision,4,1,2,0,1,2,1,0,1,30,1,2,1,0,0,1,28.0,,voiture,,1,2,3,1,6
202300047365,2023-05-10 15:07:00,2023,5,10,15,7,87,87085,DARNET (RUE),45.8305,1.25536,Plein jour,En agglomération,Intersection en T,Normale,Autre collision,4,1,1,0,2,1,1,0,1,30,1,2,1,0,0,1,28.0,,voiture,,1,2,3,1,6
202300047366,2023-04-04 18:45:00,2023,4,4,18,45,51,51250,ROUTE NATIONALE 31,49.30898,3.696063,Plein jour,Hors agglomération,Hors intersection,Normale,Deux véhicules - côté,2,2,2,0,1,1,1,0,1,80,2,2,1,0,1,0,52.0,30.0,utilitaire_camion,deux_roues,1,1,1,1,3
202300047367,2023-05-11 16:15:00,2023,5,11,16,15,83,83137,DAUMAS (IMP / RUE LIEUTENANT),43.13065,5.95525,Plein jour,En agglomération,Hors intersection,Normale,Autre collision,4,2,2,0,2,1,1,0,1,30,1,1,0,1,0,0,68.0,,voiture,,1,2,1,1,6
202300047368,2023-03-27 13:15:00,2023,3,27,13,15,68,68045,32 Rue Principale,47.774677,7.058866,Plein jour,En agglomération,Hors intersection,Normale,Autre collision,4,2,2,0,1,1,1,0,1,30,1,2,1,0,0,1,65.0,,voiture,,1,2,1,1,6
202300047369,2023-05-08 06:50:00,2023,5,8,6,50,80,80021,GRAND MARAIS (RUE DU),49.92019,2.26729,Plein jour,En agglomération,Hors intersection,Normale,Autre collision,4,4,1,0,1,1,1,0,1,50,1,1,0,0,1,0,28.0,,deux_roues,,1,2,1,1,6
202300047370,2023-10-31 18:28:00,2023,10,31,18,28,94,94054,Av des Martyrs de Chateaubriant,48.74885591,2.40666783,Nuit avec éclairage allumé,En agglomération,Intersection en T,Pluie légère,Autre collision,3,3,2,0,1,1,2,9,8,50,1,2,1,0,0,1,46.0,,voiture,,5,2,3,2,6
202300047370,2023-10-31 18:28:00,2023,10,31,18,28,94,94054,Av des Martyrs de Chateaubriant,48.74885591,2.40666783,Nuit avec éclairage allumé,En agglomération,Intersection en T,Pluie légère,Autre collision,3,2, -1,0,1,1,2,0,1,-1,1,2,1,0,0,1,46.0,,voiture,,5,2,3,2,6
202300047371,2023-05-03 13:45:00,2023,5,3,13,45,80,80021,REUNION (ALLEE DE LA),49.91515,2.24684,Plein jour,En agglomération,Hors intersection,Normale,Autre collision,9,-1,0,3,1,1,1,0,8,20,1,2,1,0,0,1,43.0,,deux_roues,,1,2,1,1,6
202300047372,2023-04-05 10:48:00,2023,4,5,10,48,54,54196,D913,48.55473935,6.18935823,Plein jour,Hors agglomération,Intersection en T,Normale,Deux véhicules - côté,3,1,1,0,1,1,1,0,1,70,2,2,1,0,1,0,59.0,36.0,voiture,utilitaire_camion,1,1,3,1,3
202300047372,2023-04-05 10:48:00,2023,4,5,10,48,54,54196,D913,48.55473935,6.18935823,Plein jour,Hors agglomération,Intersection en T,Normale,Deux véhicules - côté,3,1, -1,0,1,1,1,0,1,80,2,2,1,0,1,0,59.0,36.0,voiture,utilitaire_camion,1,1,3,1,3
202300047373,2023-10-31 20:45:00,2023,10,31,20,45,93,93066,Rue Danielle Casanova,48.92481,2.368,Nuit avec éclairage allumé,En agglomération,Hors intersection,Pluie légère,Deux véhicules - côté,4,2,2,3,1,1,2,0,1,50,2,2,1,0,0,1,,26.0,voiture,deux_roues,5,2,1,2,3
202300047374,2023-05-04 18:15:00,2023,5,4,18,15,80,80021,ROUEN (RUE DE),49.88655,2.27863,Plein jour,En agglomération,Autre intersection,Temps éblouissant,Deux véhicules - frontale,4,2,2,0,1,1,1,0,1,50,2,2,1,0,1,0,49.0,79.0,deux_roues,voiture,1,2,9,7,1
202300047375,2023-10-31 15:00:00,2023,10,31,15,0,93,93066,Route de la Courneuve / Avenue du Docteur Lamaze,48.9336,2.37151,Plein jour,En agglomération,Intersection à plus de 4 branches,Temps couvert,Deux véhicules - côté,3,3,6,3,1,1,1,0,1,50,2,2,1,0,0,1,58.0,24.0,voiture,autre,1,2,5,8,3
202300047375,2023-10-31 15:00:00,2023,10,31,15,0,93,93066,Route de la Courneuve / Avenue du Docteur Lamaze,48.9336,2.37151,Plein jour,En agglomération,Intersection à plus de 4 branches,Temps couvert,Deux véhicules - côté,3,1,3,0,1,1,1,0,1,50,2,2,1,0,0,1,58.0,24.0,voiture,autre,1,2,5,8,3
202300047376,2023-04-04 16:25:00,2023,4,4,16,25,72,72378,les mandrieres,47.830227,-0.284057,Plein jour,Hors agglomération,Autre intersection,Normale,Deux véhicules - arrière,3,2,2,0,1,1,1,0,1,90,2,2,1,0,1,0,39.0,15.0,voiture,deux_roues,1,1,9,1,2
202300047377,2023-05-04 16:05:00,2023,5,4,16,5,80,80021,ROGER DUMOULIN (AVENUE),49.92626,2.28722,Plein jour,En agglomération,Giratoire,Normale,Deux véhicules - côté,3,2,2,0,1,1,1,0,1,50,2,2,1,0,0,1,20.0,36.0,voiture,deux_roues,1,2,6,1,3
202300047377,2023-05-04 16:05:00,2023,5,4,16,5,80,80021,ROGER DUMOULIN (AVENUE),49.92626,2.28722,Plein jour,En agglomération,Giratoire,Normale,Deux véhicules - côté,3,1,2,0,1,1,1,0,1,50,2,2,1,0,0,1,20.0,36.0,voiture,deux_roues,1,2,6,1,3
202300047378,2023-10-31 15:30:00,2023,10,31,15,30,93,93055,Avenue Jean Lolive,48.8911084,2.40200986,Plein jour,En agglomération,Autre intersection,Normale,Deux véhicules - côté,3,2,2,1,1,1,1,0,1,50,2,4,2,0,0,2,45.0,20.0,transport_commun,voiture,1,2,9,1,3
202300047379,2023-04-04 19:00:00,2023,4,4,19,0,44,44103,4 Route de la Torse,47.325715,-2.169444,Plein jour,Hors agglomération,Hors intersection,Normale,Deux véhicules - frontale,4,-1,1,0,2,4,1,1,1,30,2,2,1,0,0,1,30.0,43.0,deux_roues,voiture,1,1,1,1,1
202300047380,2023-10-26 21:30:00,2023,10,26,21,30,93,93010,Route de Stains,48.90461333,2.47046154,Nuit avec éclairage allumé,En agglomération,Hors intersection,Pluie forte,Autre collision,3,2,6,0,2,1,2,2,1,50,1,2,1,0,0,1,52.0,,voiture,,5,2,1,3,6
202300047381,2023-04-04 19:00:00,2023,4,4,19,0,60,60170,Courteuil,49.203383,2.560265,Plein jour,Hors agglomération,Hors intersection,Temps éblouissant,Deux véhicules - côté,3,2,2,0,2,1,1,0,1,70,2,2,1,0,0,1,43.0,19.0,voiture,deux_roues,1,1,1,7,3
202300047382,2023-10-21 18:55:00,2023,10,21,18,55,93,93051,Rue de la Victoire / Rue de la Croix Rouge,48.84651,2.56811,Nuit avec éclairage allumé,En agglomération,Intersection en X,Pluie légère,Deux véhicules - côté,4,2,2,0,1,1,2,0,1,30,2,2,1,0,0,1,26.0,18.0,utilitaire_camion,deux_roues,5,2,2,2,3
202300047382,2023-10-21 18:55:00,2023,10,21,18,55,93,93051,Rue de la Victoire / Rue de la Croix Rouge,48.84651,2.56811,Nuit avec éclairage allumé,En agglomération,Intersection en X,Pluie légère,Deux véhicules - côté,4,2,2,0,1,1,2,0,1,30,2,2,1,0,0,1,26.0,18.0,utilitaire_camion,deux_roues,5,2,2,2,3
202300047383,2023-05-11 10:14:00,2023,5,11,10,14,77,77058,D217BIS,48.849837,2.734071,Plein jour,En agglomération,Hors intersection,Normale,Deux véhicules - arrière,3,-1,2,0,1,1,1,0,1,80,2,2,1,0,0,1,24.0,29.0,voiture,voiture,1,2,1,1,2
202300047384,2023-10-31 19:50:00,2023,10,31,19,50,93,93007,Rue Julian Grimau,48.94007639,2.45772421,Nuit avec éclairage allumé,En agglomération,Hors intersection,Temps couvert,Autre collision,4,2,2,0,1,1,2,0,1,50,1,2,1,0,0,1,21.0,,utilitaire_camion,,5,2,1,8,6
202300047385,2023-05-11 16:45:00,2023,5,11,16,45,76,76484,D18 E,49.35618,1.0838,Plein jour,Hors agglomération,Hors intersection,Normale,Autre collision,7,3,4,0,1,1,1,0,1,110,1,1,0,0,0,1,38.0,,voiture,,1,1,1,1,6
202300047386,2023-05-11 16:05:00,2023,5,11,16,5,74,74010,VIEUX MOULINS (AVENUE DES),45.88517,6.11789,Plein jour,En agglomération,Hors intersection,Normale,Deux véhicules - côté,4,1,2,0,1,1,1,0,1,50,2,2,1,0,1,0,41.0,32.0,utilitaire_camion,voiture,1,2,1,1,3
202300047387,2023-10-31 06:55:00,2023,10,31,6,55,92,92073,SELLIER (BOULEVARD HENRI),48.85957585,2.21367234,Crépuscule ou aube,En agglomération,Intersection en X,Normale,Deux véhicules - côté,3,2,4,0,1,1,2,0,1,50,2,2,1,0,0,1,63.0,38.0,utilitaire_camion,deux_roues,2,2,2,1,3
202300047387,2023-10-31 06:55:00,2023,10,31,6,55,92,92073,SELLIER (BOULEVARD HENRI),48.85957585,2.21367234,Crépuscule ou aube,En agglomération,Intersection en X,Normale,Deux véhicules - côté,3,1,2,0,2,1,2,0,1,50,2,2,1,0,0,1,63.0,38.0,utilitaire_camion,deux_roues,2,2,2,1,3
202300047388,2023-04-03 15:20:00,2023,4,3,15,20,13,13081,A7-Sens Marseille vers Lyon,43.49418,5.24015,Plein jour,Hors agglomération,Hors intersection,Normale,Trois véhicules et plus - en chaîne,1,1,2,0,1,3,1,0,1,50,4,7,5,0,0,2,21.0,68.0,voiture,voiture,1,1,1,1,4
202300047389,2023-05-10 17:34:00,2023,5,10,17,34,72,72181,GAULLE GENERAL DE (AV DU),48.004,0.201,Plein jour,En agglomération,Hors intersection,Pluie légère,Autre collision,4,-1,4,0,2,1,2,9,1,50,1,2,1,0,0,1,41.0,,voiture,,1,2,1,2,6
202300047390,2023-10-30 13:38:00,2023,10,30,13,38,92,92024,GENERAL LECLERC (BD DU) DE (61 A 9),48.90233906,2.31396818,Plein jour,En agglomération,Hors intersection,Pluie légère,Deux véhicules - arrière,3,2,4,1,1,1,2,0,1,50,2,2,1,0,0,1,31.0,30.0,voiture,deux_roues,1,2,1,2,2
202300047391,2023-03-30 16:40:00,2023,3,30,16,40,69,69259,Boulevard Périphérique Laurent Bonnevay,45.72309,4.88929,Plein jour,Hors agglomération,Hors intersection,Normale,Deux véhicules - côté,7,3,6,0,1,1,1,0,1,70,2,2,1,0,0,1,59.0,37.0,voiture,voiture,1,1,1,1,3
202300047392,2023-10-31 23:00:00,2023,10,31,23,0,92,92012,POINT DU JOUR (QUAI DU),48.82851467,2.25413203,Nuit sans éclairage public,En agglomération,Hors intersection,Normale,Deux véhicules - côté,3,2,0,0,1,4,1,0,1,50,2,2,1,0,0,1,21.0,43.0,deux_roues,voiture,3,2,1,1,3
202300047393,2023-05-11 19:00:00,2023,5,11,19,0,67,67482,MAURICE GARIN (PISTE),48.57344,7.71779,Plein jour,En agglomération,Hors intersection,Normale,Deux véhicules - frontale,4,2,2,1,1,1,2,0,5,25,2,2,1,0,0,1,54.0,25.0,deux_roues,deux_roues,1,2,1,1,1
202300047394,2023-10-31 11:00:00,2023,10,31,11,0,22,22372,Rue du Commandant Hamon,48.524244,-2.866198,Plein jour,Hors agglomération,Hors intersection,Pluie légère,Sans collision,4,2,2,0,1,2,2,0,3,50,2,2,1,0,1,0,76.0,25.0,deux_roues,utilitaire_camion,1,1,1,2,7
202300047395,2023-05-10 15:15:00,2023,5,10,15,15,67,67218,FRANÇOIS MITTERRAND (ALLEE),48.5266,7.70877,Plein jour,En agglomération,Hors intersection,Pluie légère,Autre collision,4,2,2,0,1,1,2,0,1,50,1,2,1,0,0,1,60.0,,voiture,,1,2,1,2,6
202300047396,2023-04-04 17:40:00,2023,4,4,17,40,91,91689,AUTOROUTE A6,48.73782388,2.31761634,Plein jour,Hors agglomération,Hors intersection,Normale,Trois véhicules et plus - en chaîne,1,-1,3,0,1,1,1,0,1,90,3,4,2,0,0,2,50.0,38.0,utilitaire_camion,voiture,1,1,1,1,4
202300047397,2023-11-01 15:50:00,2023,11,1,15,50,41,41194,Rue Saint Marc,47.345239,1.736215,Crépuscule ou aube,En agglomération,Hors intersection,Normale,Autre collision,4,2,2,0,1,1,2,9,1,50,1,2,1,0,1,0,62.0,,voiture,,2,2,1,1,6
202300047398,2023-05-09 12:23:00,2023,5,9,12,23,66,66136,,42.69532,2.91043,Plein jour,En agglomération,Hors intersection,Normale,Autre collision,4,2,2,0,1,1,1,0,1,30,1,2,1,0,0,1,87.0,,voiture,,1,2,1,1,6
202300047399,2023-11-01 11:25:00,2023,11,1,11,25,43,43138,D13,45.222178,3.709924,Plein jour,Hors agglomération,Hors intersection,Pluie légère,Sans collision,3,2,2,0,1,1,2,0,3,-1,1,1,0,0,1,0,74.0,,voiture,,1,1,1,2,7
202300047400,2023-04-04 08:40:00,2023,4,4,8,40,91,91340,RN 104,48.61139,2.43077,Plein jour,Hors agglomération,Hors intersection,Normale,Deux véhicules - côté,2,1,2,0,1,1,1,2,1,70,2,2,1,0,0,1,30.0,27.0,deux_roues,voiture,1,1,1,1,3
202300047401,2023-05-09 08:31:00,2023,5,9,8,31,66,66136,JULIEN PANCHOT (AVENUE),42.68928,2.87799,Plein jour,En agglomération,Hors intersection,Normale,Autre collision,4,2,2,2,1,1,1,0,1,50,1,2,1,0,0,1,28.0,,utilitaire_camion,,1,2,1,1,6
202300047402,2023-10-19 08:26:00,2023,10,19,8,26,43,43038,Route de Lempdes,45.365631,3.306846,Plein jour,En agglomération,Hors intersection,Normale,Autre collision,2,2,2,0,1,1,1,0,1,50,1,2,1,0,1,0,87.0,,voiture,,1,2,1,1,6
202300047403,2023-04-04 14:00:00,2023,4,4,14,0,78,78571,A13,48.865421,2.037463,Plein jour,Hors agglomération,Hors intersection,Normale,Deux véhicules - arrière,1,3,2,0,1,1,1,0,1,110,2,2,1,0,0,1,31.0,60.0,utilitaire_camion,utilitaire_camion,1,1,1,1,2
202300047404,2023-10-22 19:15:00,2023,10,22,19,15,13,13078,Route de la Plage Napoleon,43.360898,4.873601,Nuit sans éclairage public,En agglomération,Hors intersection,Normale,Sans collision,4,2,2,1,1,2,1,0,8,50,1,1,0,0,0,1,33.0,,voiture,,3,2,1,1,7