accident_id,datetime,annee,mois,jour,heure,minute,departement,commune_insee,adresse,latitude,longitude,luminosite,agglomeration,intersection,meteo,collision,catr,circ,nbv,vosp,prof,plan,surf,infra,situ,vma,nb_vehicules,nb_usagers,nb_indemnes,nb_tues,nb_blesses_hosp,nb_blesses_legers,age_cond_1,age_cond_2,veh_type_cond_1,veh_type_cond_2,lum_code,agg_code,int_code,atm_code,col_code
202300047405,2023-05-07 08:50:00,2023,5,7,8,50,66,66136,,42.69764,2.89235,Plein jour,En agglomération,Hors intersection,Normale,Autre collision,6,-1, -1,0,4,2,1,1,8,30,1,3,1,0,0,2,30.0,,voiture,,1,2,1,1,6
202300047406,2023-04-04 12:40:00,2023,4,4,12,40,92,92036,A86,48.93512928,2.28395155,Plein jour,Hors agglomération,Hors intersection,Normale,Trois véhicules et plus - collisions multiples,1,-1,3,0,1,1,1,0,1,90,3,4,3,0,0,1,31.0,35.0,voiture,voiture,1,1,1,1,5
202300047407,2023-05-11 12:05:00,2023,5,11,12,5,65,65226,53 Avenue du Pouey,43.23847,0.03736,Plein jour,En agglomération,Hors intersection,Normale,Deux véhicules - côté,3,2,3,0,1,1,1,0,1,50,2,2,1,0,1,0,55.0,35.0,deux_roues,voiture,1,2,1,1,3
202300047408,2023-04-04 18:10:00,2023,4,4,18,10,95,95351,N 104,49.02912935,2.5014925,Plein jour,Hors agglomération,Hors intersection,Normale,Deux véhicules - arrière,2,3,2,0,1,1,1,0,1,90,2,2,1,0,0,1,41.0,47.0,deux_roues,voiture,1,1,1,1,2
202300047409,2023-05-11 20:50:00,2023,5,11,20,50,64,64545,CORNICHE (ROUTE DE LA),43.3822,-1.72727,Crépuscule ou aube,En agglomération,Hors intersection,Pluie légère,Sans collision,3,2,2,0,2,2,2,0,3,50,1,1,0,0,0,1,20.0,,voiture,,2,2,1,2,7
202300047410,2023-10-27 22:00:00,2023,10,27,22,0,83,83086,Dn7,43.469086,6.554868,Nuit avec éclairage allumé,Hors agglomération,Hors intersection,Normale,Deux véhicules - côté,3,2,2,0,1,1,1,0,1,70,2,3,1,0,0,2,43.0,33.0,voiture,voiture,5,1,1,1,3
202300047411,2023-04-04 17:15:00,2023,4,4,17,15,93,93064,AUTOROUTE A86,48.87196954,2.48145735,Plein jour,Hors agglomération,Hors intersection,Normale,Deux véhicules - arrière,1,3,6,0,1,1,1,0,1,90,2,2,1,0,0,1,50.0,63.0,deux_roues,voiture,1,1,1,1,2
202300047412,2023-11-01 00:10:00,2023,11,1,0,10,72,72058,D323,47.986258,0.277054,Nuit sans éclairage public,Hors agglomération,Hors intersection,Normale,Autre collision,3,3,2,0,1,1,1,0,8,110,1,2,1,0,1,0,46.0,,voiture,,3,1,1,1,6
202300047413,2023-05-10 12:03:00,2023,5,10,12,3,64,64102,BREUER MARCEL (AVENUE),43.50247,-1.45437,Plein jour,En agglomération,Hors intersection,Normale,Autre collision,4,2,2,0,1,1,1,0,1,30,1,2,1,0,0,1,54.0,,voiture,,1,2,1,1,6
202300047414,2023-04-04 15:20:00,2023,4,4,15,20,95,95572,A15,49.03436988,2.10212767,Plein jour,Hors agglomération,Hors intersection,Normale,Deux véhicules - arrière,1,3,10,0,2,1,1,0,1,90,2,2,1,0,1,0,60.0,31.0,voiture,utilitaire_camion,1,1,1,1,2
202300047415,2023-05-11 18:22:00,2023,5,11,18,22,61,61001,Avenue de Basingstoke,48.44038,0.09778,Plein jour,En agglomération,Hors intersection,Normale,Deux véhicules - frontale,3,2,2,2,1,1,1,0,1,50,2,2,1,0,0,1,19.0,18.0,voiture,deux_roues,1,2,1,1,1
202300047416,2023-11-01 08:45:00,2023,11,1,8,45,83,83054,Avenue de la République,43.165467,6.042717,Plein jour,En agglomération,Autre intersection,Normale,Deux véhicules - côté,4,2,2,0,1,1,1,0,1,50,2,2,1,0,0,1,39.0,30.0,voiture,deux_roues,1,2,9,1,3
202300047416,2023-11-01 08:45:00,2023,11,1,8,45,83,83054,Avenue de la République,43.165467,6.042717,Plein jour,En agglomération,Autre intersection,Normale,Deux véhicules - côté,4,1, -1,-1,1,1,1,0,1,-1,2,2,1,0,0,1,39.0,30.0,voiture,deux_roues,1,2,9,1,3
202300047417,2023-04-04 11:15:00,2023,4,4,11,15,95,95151,RN 104,49.06401434,2.26534221,Plein jour,Hors agglomération,Hors intersection,Normale,Deux véhicules - arrière,2,3,4,0,1,1,1,0,1,110,2,2,1,0,0,1,55.0,36.0,utilitaire_camion,utilitaire_camion,1,1,1,1,2
202300047418,2023-05-11 17:35:00,2023,5,11,17,35,60,60175,Avenue du Tremblay,49.2658,2.49152,Plein jour,En agglomération,Hors intersection,Normale,Deux véhicules - côté,4,2,2,0,1,1,1,0,1,50,2,2,1,0,1,0,24.0,43.0,voiture,deux_roues,1,2,1,1,3
202300047419,2023-10-31 13:25:00,2023,10,31,13,25,40,40062,PR 003.300 D38,43.910761,-0.562612,Plein jour,Hors agglomération,Hors intersection,Normale,Deux véhicules - frontale,3,2,2,0,1,1,1,0,1,70,2,2,1,1,0,0,43.0,58.0,voiture,utilitaire_camion,1,1,1,1,1
202300047420,2023-11-01 09:00:00,2023,11,1,9,0,2A,2A330,T20,42.065066,8.975279,Plein jour,Hors agglomération,Hors intersection,Normale,Autre collision,2,2,2,0,2,4,1,0,3,80,1,1,0,0,1,0,78.0,,voiture,,1,1,1,1,6
202300047421,2023-04-03 19:45:00,2023,4,3,19,45,93,93027,AUTOROUTE A86,48.92271,2.3809,Plein jour,Hors agglomération,Hors intersection,Normale,Deux véhicules - arrière,1,3,4,0,1,1,1,0,1,90,2,2,1,0,0,1,28.0,47.0,deux_roues,voiture,1,1,1,1,2
202300047422,2023-05-11 02:00:00,2023,5,11,2,0,59,59350,LEGRAND PIERRE RUE,50.62949,3.1003,Nuit avec éclairage allumé,En agglomération,Intersection en X,Normale,Deux véhicules - côté,7,1,1,0,1,1,1,0,1,50,2,2,1,0,0,1,40.0,,voiture,voiture,5,2,2,1,3
202300047422,2023-05-11 02:00:00,2023,5,11,2,0,59,59350,LEGRAND PIERRE RUE,50.62949,3.1003,Nuit avec éclairage allumé,En agglomération,Intersection en X,Normale,Deux véhicules - côté,7,2,2,0,1,1,1,0,1,50,2,2,1,0,0,1,40.0,,voiture,voiture,5,2,2,1,3
202300047423,2023-04-03 19:45:00,2023,4,3,19,45,93,93064,AUTOROUTE A86,48.8791675,2.47634149,Plein jour,Hors agglomération,Hors intersection,Normale,Deux véhicules - arrière,1,3,6,0,1,1,1,0,1,70,2,2,1,0,0,1,27.0,27.0,voiture,deux_roues,1,1,1,1,2
202300047424,2023-10-18 05:00:00,2023,10,18,5,0,33,33394,Au Bois de l'Or,44.89054955,-0.19227952,Nuit sans éclairage public,En agglomération,Hors intersection,Pluie légère,Autre collision,3,2,2,0,1,1,2,0,3,50,1,3,2,0,1,0,21.0,,voiture,,3,2,1,2,6
202300047425,2023-04-03 18:40:00,2023,4,3,18,40,93,93010,AUTOROUTE A3,48.89094081,2.47316485,Plein jour,Hors agglomération,Hors intersection,Normale,Deux véhicules - arrière,1,3,4,0,1,1,1,0,1,90,2,2,1,0,0,1,71.0,35.0,utilitaire_camion,deux_roues,1,1,1,1,2
202300047426,2023-05-10 16:30:00,2023,5,10,16,30,55,55043,DE GAULLE (GENERAL),49.17373,5.38125,Plein jour,En agglomération,Hors intersection,Normale,Autre collision,4,2,2,0,1,1,1,0,1,30,1,2,1,0,0,1,52.0,,voiture,,1,2,1,1,6
202300047427,2023-04-03 16:15:00,2023,4,3,16,15,93,93006,AUTOROUTE A3,48.86627623,2.41437177,Plein jour,Hors agglomération,Hors intersection,Normale,Autre collision,1,3,6,0,1,2,1,0,1,70,1,1,0,0,0,1,65.0,,voiture,,1,1,1,1,6
202300047428,2023-10-19 11:40:00,2023,10,19,11,40,32,32429,Lieu dit Le Portugal,44.031329,0.644304,Plein jour,Hors agglomération,Intersection en X,Pluie légère,Deux véhicules - côté,3,2,2,0,3,1,2,0,1,80,2,2,0,0,1,1,75.0,51.0,voiture,utilitaire_camion,1,1,2,2,3
202300047428,2023-10-19 11:40:00,2023,10,19,11,40,32,32429,Lieu dit Le Portugal,44.031329,0.644304,Plein jour,Hors agglomération,Intersection en X,Pluie légère,Deux véhicules - côté,3,2,2,0,1,1,2,0,1,-1,2,2,0,0,1,1,75.0,51.0,voiture,utilitaire_camion,1,1,2,2,3
202300047429,2023-04-03 06:40:00,2023,4,3,6,40,93,93066,AUTOROUTE A1,48.91618,2.35751,Crépuscule ou aube,Hors agglomération,Hors intersection,Normale,Deux véhicules - côté,1,3,4,0,1,1,1,1,1,90,2,2,1,0,0,1,45.0,63.0,utilitaire_camion,voiture,2,1,1,1,3
202300047430,2023-11-01 03:15:00,2023,11,1,3,15,55,55012,D907,48.866837,5.609597,Nuit sans éclairage public,Hors agglomération,Hors intersection,Normale,Autre collision,3,2,2,0,1,1,1,0,3,90,1,1,0,0,1,0,19.0,,voiture,,3,1,1,1,6
202300047431,2023-05-06 16:07:00,2023,5,6,16,7,54,54167,RD400,48.67445,5.92339,Plein jour,Hors agglomération,Giratoire,Temps couvert,Sans collision,3,1,2,3,1,2,1,0,1,50,2,3,2,0,0,1,76.0,26.0,voiture,deux_roues,1,1,6,8,7
202300047432,2023-04-03 19:40:00,2023,4,3,19,40,78,78440,EUROPE (AVENUE DE L'),48.979428,1.913078,Plein jour,En agglomération,Hors intersection,Normale,Autre collision,3,1,2,0,1,1,1,0,1,50,1,1,0,0,0,1,19.0,,voiture,,1,2,1,1,6
202300047433,2023-04-03 15:25:00,2023,4,3,15,25,44,44162,1 Place Pierre Mendès France,47.20846,-1.61201,Plein jour,En agglomération,Hors intersection,Normale,Autre collision,4,1,1,0,1,1,1,0,1,30,2,3,2,0,1,0,44.0,,voiture,deux_roues,1,2,1,1,6
202300047434,2023-05-10 07:40:00,2023,5,10,7,40,54,54395,Place des Vosges,48.685,6.18711,Plein jour,En agglomération,Intersection en T,Normale,Deux véhicules - frontale,4,2,2,0,1,1,1,0,1,20,2,2,1,0,0,1,34.0,43.0,voiture,deux_roues,1,2,3,1,1
202300047434,2023-05-10 07:40:00,2023,5,10,7,40,54,54395,Place des Vosges,48.685,6.18711,Plein jour,En agglomération,Intersection en T,Normale,Deux véhicules - frontale,4,2,2,2,1,1,1,-1,1,20,2,2,1,0,0,1,34.0,43.0,voiture,deux_roues,1,2,3,1,1
202300047435,2023-04-03 08:30:00,2023,4,3,8,30,976,97611,kaweni-Massakini (rue),-12.76213,45.22601,Plein jour,En agglomération,Hors intersection,Pluie légère,Deux véhicules - côté,4,-1,1,0,1,1,3,0,1,50,2,3,2,0,0,1,29.0,54.0,deux_roues,voiture,1,2,1,2,3
202300047436,2023-10-31 15:55:00,2023,10,31,15,55,12,12145,ROute départementale 809,44.057049,3.12472,Plein jour,Hors agglomération,Hors intersection,Normale,Autre collision,3,3,2,0,1,1,1,0,3,110,1,2,1,0,1,0,18.0,,voiture,,1,1,1,1,6
202300047437,2023-04-02 07:55:00,2023,4,2,7,55,974,97411,BOSSE (RUE DE L'AMIRAL),-20.89207,55.48743,Plein jour,En agglomération,Autre intersection,Normale,Autre collision,4,1,1,0,1,1,1,9,1,30,1,2,1,0,1,0,26.0,,utilitaire_camion,,1,2,9,1,6
202300047438,2023-04-03 19:50:00,2023,4,3,19,50,69,69386,Pont Morand,45.76863017,4.84004619,Plein jour,En agglomération,Hors intersection,Normale,Autre collision,4,2,3,1,1,1,1,2,1,30,1,2,1,0,0,1,43.0,,voiture,,1,2,1,1,6
202300047439,2023-05-11 12:18:00,2023,5,11,12,18,49,49007,LETANDUERE,47.45908,-0.5544,Plein jour,En agglomération,Hors intersection,Normale,Sans collision,4,2,2,0,1,1,2,0,1,30,1,1,0,0,0,1,19.0,,deux_roues,,1,2,1,1,7
202300047440,2023-04-03 08:30:00,2023,4,3,8,30,69,69382,33 Rue Vaubecour,45.75294,4.82542,Plein jour,En agglomération,Intersection en X,Normale,Deux véhicules - arrière,4,2,2,0,1,1,1,0,1,30,2,2,1,0,0,1,33.0,28.0,voiture,deux_roues,1,2,2,1,2
202300047440,2023-04-03 08:30:00,2023,4,3,8,30,69,69382,33 Rue Vaubecour,45.75294,4.82542,Plein jour,En agglomération,Intersection en X,Normale,Deux véhicules - arrière,4,1,1,0,1,1,1,0,1,30,2,2,1,0,0,1,33.0,28.0,voiture,deux_roues,1,2,2,1,2
202300047441,2023-10-31 16:55:00,2023,10,31,16,55,38,38406,Route de Villeneuve,45.438518,5.095709,Plein jour,Hors agglomération,Hors intersection,Normale,Deux véhicules - frontale,3,2,2,0,2,1,1,0,1,80,2,5,4,0,0,1,43.0,39.0,voiture,voiture,1,1,1,1,1
202300047442,2023-10-31 18:51:00,2023,10,31,18,51,03,03217,D2371,46.337351,2.643371,Nuit sans éclairage public,Hors agglomération,Hors intersection,Normale,Autre collision,3,2,2,0,2,1,1,0,1,90,1,1,0,0,0,1,35.0,,deux_roues,,3,1,1,1,6
202300047443,2023-04-01 05:07:00,2023,4,1,5,7,971,97101,ROUTE DES ABYMES,16.27339447,-61.51006937,Nuit sans éclairage public,Hors agglomération,Autre intersection,Normale,Deux véhicules - frontale,2,-1,1,0,1,3,1,9,1,50,2,3,1,0,0,2,28.0,19.0,voiture,deux_roues,3,1,9,1,1
202300047444,2023-04-03 18:00:00,2023,4,3,18,0,91,91097,AV DU GAL CHARLES DE GAULLE,48.68,2.53,Plein jour,En agglomération,Hors intersection,Normale,Deux véhicules - côté,4,2,3,0,2,1,1,0,1,50,2,2,1,0,0,1,32.0,27.0,deux_roues,autre,1,2,1,1,3
202300047445,2023-03-31 16:20:00,2023,3,31,16,20,91,91228,MARQUIS DE RAIES (RUE DU) ,48.62791,2.41788,Plein jour,En agglomération,Hors intersection,Pluie légère,Autre collision,4,1,0,0,1,3,2,0,1,50,1,2,1,0,0,1,46.0,,voiture,,1,2,1,2,6
202300047446,2023-05-10 13:25:00,2023,5,10,13,25,49,49007,Boulevard Jean Sauvage,47.48698,-0.55622,Plein jour,En agglomération,Hors intersection,Normale,Deux véhicules - frontale,4,2,2,2,1,1,1,0,1,30,2,5,2,0,0,3,31.0,22.0,utilitaire_camion,voiture,1,2,1,1,1
202300047447,2023-10-31 14:00:00,2023,10,31,14,0,70,70228,D434,47.750318,6.10209,Plein jour,Hors agglomération,Hors intersection,Normale,Deux véhicules - frontale,3,3,2,0,2,3,2,0,1,90,2,2,1,0,1,0,18.0,43.0,deux_roues,voiture,1,1,1,1,1
202300047448,2023-03-30 11:50:00,2023,3,30,11,50,91,91228,ROBERT SCHUMAN (BOUEVARD),48.62214,2.41673,Plein jour,Hors agglomération,Hors intersection,Normale,Deux véhicules - côté,3,2,4,0,1,1,1,0,1,50,2,2,1,0,0,1,77.0,53.0,voiture,utilitaire_camion,1,1,1,1,3
202300047449,2023-05-10 09:21:00,2023,5,10,9,21,49,49015,MEIGNANNE ROUTE DE LA,47.494,-0.5987,Plein jour,Hors agglomération,Hors intersection,Temps couvert,Sans collision,3,2,0,0,1,1,1,0,1,50,1,1,0,0,0,1,22.0,,voiture,,1,1,1,8,7
202300047450,2023-10-31 21:30:00,2023,10,31,21,30,66,66008,,42.54931,3.018939,Nuit avec éclairage allumé,En agglomération,Intersection en T,Normale,Autre collision,3,2,2,2,1,1,1,5,4,50,1,3,0,0,3,0,50.0,,voiture,,5,2,3,1,6
202300047450,2023-10-31 21:30:00,2023,10,31,21,30,66,66008,,42.54931,3.018939,Nuit avec éclairage allumé,En agglomération,Intersection en T,Normale,Autre collision,3,2, -1,-1,1,1,1,0,8,-1,1,3,0,0,3,0,50.0,,voiture,,5,2,3,1,6
202300047451,2023-04-02 12:25:00,2023,4,2,12,25,87,87085,CHARLET (RUE GASTON),45.81615,1.21868,Plein jour,En agglomération,Hors intersection,Pluie légère,Sans collision,4,2,2,0,1,3,2,0,1,50,1,1,0,0,0,1,23.0,,deux_roues,,1,2,1,2,7
202300047452,2023-04-03 15:30:00,2023,4,3,15,30,78,78551,Rue de Paris,48.895422,2.093479,Plein jour,En agglomération,Hors intersection,Normale,Autre collision,3,1,1,0,1,1,1,0,1,50,2,2,1,0,1,0,29.0,47.0,utilitaire_camion,deux_roues,1,2,1,1,6
202300047453,2023-11-01 03:00:00,2023,11,1,3,0,14,14102,D579,49.214209,0.225574,Nuit sans éclairage public,Hors agglomération,Hors intersection,Pluie légère,Autre collision,3,2,1,0,2,1,2,0,3,90,1,3,0,0,2,1,20.0,,voiture,,3,1,1,2,6
202300047454,2023-05-11 16:20:00,2023,5,11,16,20,45,45147,Tunnel de l'Ardoise,47.93428,1.90158,Plein jour,En agglomération,Hors intersection,Normale,Deux véhicules - arrière,4,2,2,1,1,1,1,0,1,50,2,2,1,0,0,1,54.0,31.0,voiture,voiture,1,2,1,1,2
202300047455,2023-10-31 14:00:00,2023,10,31,14,0,43,43141,12 Rue Notre-dame,45.184502,4.31189,Plein jour,En agglomération,Intersection en T,Normale,Deux véhicules - frontale,3,2,2,0,2,1,1,0,1,30,2,2,1,0,0,1,26.0,16.0,voiture,deux_roues,1,2,3,1,1
202300047455,2023-10-31 14:00:00,2023,10,31,14,0,43,43141,12 Rue Notre-dame,45.184502,4.31189,Plein jour,En agglomération,Intersection en T,Normale,Deux véhicules - frontale,3,1, -1,-1,1,1,1,0,1,-1,2,2,1,0,0,1,26.0,16.0,voiture,deux_roues,1,2,3,1,1
202300047456,2023-11-01 18:30:00,2023,11,1,18,30,36,36149,mornay,46.9635,1.328385,Nuit sans éclairage public,Hors agglomération,Autre intersection,Pluie légère,Autre collision,4,2,2,0,1,3,2,0,3,80,1,2,1,1,0,0,94.0,,voiture,,3,1,9,2,6
202300047457,2023-05-10 16:40:00,2023,5,10,16,40,45,45234,Avenue de Concyr,47.82392,1.93292,Plein jour,En agglomération,Giratoire,Normale,Deux véhicules - arrière,4,1,1,0,1,1,2,0,1,50,2,2,1,0,1,0,36.0,64.0,voiture,deux_roues,1,2,6,1,2
202300047457,2023-05-10 16:40:00,2023,5,10,16,40,45,45234,Avenue de Concyr,47.82392,1.93292,Plein jour,En agglomération,Giratoire,Normale,Deux véhicules - arrière,4,1,2,0,1,1,2,0,1,50,2,2,1,0,1,0,36.0,64.0,voiture,deux_roues,1,2,6,1,2
202300047458,2023-11-01 11:30:00,2023,11,1,11,30,24,24376,D38,45.167183,0.164237,Plein jour,Hors agglomération,Hors intersection,Pluie légère,Sans collision,3,2,2,0,1,4,2,0,1,80,1,1,0,0,1,0,73.0,,voiture,,1,1,1,2,7
202300047459,2023-03-31 13:36:00,2023,3,31,13,36,76,76351,MICHELET,49.49238,0.12158,Plein jour,En agglomération,Intersection en T,Normale,Autre collision,4,2,2,0,1,1,2,0,8,50,2,2,1,0,1,0,34.0,50.0,deux_roues,voiture,1,2,3,1,6
202300047459,2023-03-31 13:36:00,2023,3,31,13,36,76,76351,MICHELET,49.49238,0.12158,Plein jour,En agglomération,Intersection en T,Normale,Autre collision,4,2,2,0,1,1,2,0,1,50,2,2,1,0,1,0,34.0,50.0,deux_roues,voiture,1,2,3,1,6
202300047460,2023-10-31 08:40:00,2023,10,31,8,40,27,27218,Route de la Maugardiere,49.261552,0.461909,Plein jour,Hors agglomération,Hors intersection,Temps éblouissant,Deux véhicules - côté,4,2,2,0,1,1,2,0,1,50,2,2,1,1,0,0,40.0,67.0,utilitaire_camion,deux_roues,1,1,1,7,3
202300047461,2023-04-01 01:25:00,2023,4,1,1,25,76,76552,CAP ( RTE DU ),49.50615974,0.07980645,Nuit avec éclairage allumé,En agglomération,Intersection en T,Pluie forte,Autre collision,3,2,2,0,1,1,2,0,1,50,1,1,0,0,0,1,22.0,,voiture,,5,2,3,3,6
202300047461,2023-04-01 01:25:00,2023,4,1,1,25,76,76552,CAP ( RTE DU ),49.50615974,0.07980645,Nuit avec éclairage allumé,En agglomération,Intersection en T,Pluie forte,Autre collision,3,2,1,0,2,2,2,0,1,50,1,1,0,0,0,1,22.0,,voiture,,5,2,3,3,6
202300047462,2023-05-11 12:30:00,2023,5,11,12,30,37,37261,FRANCHE COMTE (RUE),47.4265,0.67939,Plein jour,En agglomération,Intersection en X,Normale,Deux véhicules - côté,4,2,2,0,1,1,2,0,1,50,2,5,3,0,0,2,25.0,79.0,voiture,voiture,1,2,2,1,3
202300047463,2023-11-01 07:00:00,2023,11,1,7,0,28,28352,D906,48.597078,1.620977,Nuit sans éclairage public,Hors agglomération,Hors intersection,Pluie légère,Autre collision,3,2,2,0,1,1,2,0,3,80,1,1,0,1,0,0,20.0,,voiture,,3,1,1,2,6
202300047464,2023-04-03 18:55:00,2023,4,3,18,55,73,73008,D991 - GRAND PORT (RONDEAU) AVENUE DU,45.70442854,5.89465678,Plein jour,En agglomération,Giratoire,Normale,Deux véhicules - côté,3,2,2,0,1,2,1,5,1,50,2,2,1,0,0,1,61.0,24.0,voiture,deux_roues,1,2,6,1,3
202300047464,2023-04-03 18:55:00,2023,4,3,18,55,73,73008,D991 - GRAND PORT (RONDEAU) AVENUE DU,45.70442854,5.89465678,Plein jour,En agglomération,Giratoire,Normale,Deux véhicules - côté,3,2,2,0,1,1,1,5,1,50,2,2,1,0,0,1,61.0,24.0,voiture,deux_roues,1,2,6,1,3
202300047465,2023-05-11 10:25:00,2023,5,11,10,25,37,37261,BERANGER (BOULEVARD),47.38999,0.68665,Plein jour,En agglomération,Hors intersection,Normale,Autre collision,4,1,2,3,1,1,2,0,1,50,1,2,1,0,0,1,18.0,,deux_roues,,1,2,1,1,6
202300047466,2023-11-01 08:20:00,2023,11,1,8,20,30,30083,D 979,43.72042715,4.22433543,Plein jour,Hors agglomération,Hors intersection,Normale,Sans collision,3,2,2,0,1,3,1,0,1,80,1,2,0,0,0,2,18.0,,voiture,,1,1,1,1,7
202300047467,2023-04-03 21:35:00,2023,4,3,21,35,69,69275,Avenue Jean Jaurès,45.7721,4.97641,Nuit avec éclairage allumé,En agglomération,Giratoire,Normale,Autre collision,7,1,2,0,1,1,1,5,1,50,1,2,1,0,0,1,28.0,,voiture,,5,2,6,1,6
202300047468,2023-11-01 19:30:00,2023,11,1,19,30,52,52444,D674,48.26402272,5.39122269,Nuit sans éclairage public,Hors agglomération,Hors intersection,Pluie légère,Sans collision,3,2,2,0,1,1,2,0,3,90,1,2,0,0,0,2,75.0,,voiture,,3,1,1,2,7
202300047469,2023-04-03 20:00:00,2023,4,3,20,0,69,69256,Avenue Paul Marcellin,45.77158856,4.93521263,Plein jour,En agglomération,Hors intersection,Normale,Deux véhicules - frontale,4,2,2,0,1,1,1,2,1,50,2,2,1,0,0,1,41.0,30.0,voiture,voiture,1,2,1,1,1
202300047470,2023-05-10 16:15:00,2023,5,10,16,15,37,37233,DUCLOS (AVENUE JACQUES),47.3803719,0.72962523,Plein jour,En agglomération,Autre intersection,Pluie forte,Deux véhicules - côté,4,2,2,0,1,1,2,0,1,50,2,4,3,0,0,1,21.0,46.0,deux_roues,voiture,1,2,9,3,3
202300047471,2023-04-03 07:10:00,2023,4,3,7,10,69,69286,597 Avenue de l'Hippodrome,45.81502,4.88478,Plein jour,En agglomération,Intersection en T,Pluie légère,Deux véhicules - côté,4,2,2,3,1,3,2,0,1,50,2,2,1,0,0,1,,58.0,voiture,deux_roues,1,2,3,2,3
202300047471,2023-04-03 07:10:00,2023,4,3,7,10,69,69286,597 Avenue de l'Hippodrome,45.81502,4.88478,Plein jour,En agglomération,Intersection en T,Pluie légère,Deux véhicules - côté,4,2,2,0,1,1,2,0,1,50,2,2,1,0,0,1,,58.0,voiture,deux_roues,1,2,3,2,3
202300047472,2023-10-30 08:35:00,2023,10,30,8,35,80,80793,A16,49.987556,2.181446,Plein jour,Hors agglomération,Hors intersection,Pluie forte,Deux véhicules - arrière,1,3,2,0,1,1,2,0,1,130,2,3,2,0,1,0,46.0,56.0,voiture,utilitaire_camion,1,1,1,3,2
202300047473,2023-05-11 22:12:00,2023,5,11,22,12,35,35238,PICARDIE (DE),48.12300582,-1.70962662,Nuit avec éclairage allumé,En agglomération,Hors intersection,Normale,Autre collision,4,2,2,0,1,1,1,0,1,30,1,2,1,0,0,1,49.0,,voiture,,5,2,1,1,6
202300047474,2023-10-31 21:40:00,2023,10,31,21,40,34,34320,CD127E6 lieu dit Montlobre,43.662594,3.747325,Nuit sans éclairage public,Hors agglomération,Hors intersection,Normale,Sans collision,3,2,2,0,1,1,1,0,3,90,1,1,0,0,0,1,37.0,,voiture,,3,1,1,1,7
202300047475,2023-04-03 12:30:00,2023,4,3,12,30,69,69264,Rue de Kalarach,45.99502,4.73222,Plein jour,En agglomération,Hors intersection,Normale,Deux véhicules - côté,4,2,2,0,1,1,1,0,1,50,2,2,1,0,0,1,17.0,41.0,deux_roues,voiture,1,2,1,1,3
202300047476,2023-04-02 18:00:00,2023,4,2,18,0,67,67482,REMPART (RUE DU),48.58578,7.72992,Plein jour,En agglomération,Hors intersection,Normale,Autre collision,4,2,2,0,1,1,1,0,1,30,1,2,1,0,0,1,63.0,,voiture,,1,2,1,1,6
202300047477,2023-10-27 13:00:00,2023,10,27,13,0,69,69244,Rue François Mermet,45.758228,4.774744,Plein jour,En agglomération,Intersection en X,Normale,Deux véhicules - frontale,7,2,4,1,1,1,1,0,1,50,2,2,1,0,0,1,58.0,54.0,voiture,deux_roues,1,2,2,1,1
202300047477,2023-10-27 13:00:00,2023,10,27,13,0,69,69244,Rue François Mermet,45.758228,4.774744,Plein jour,En agglomération,Intersection en X,Normale,Deux véhicules - frontale,7,2,3,0,1,1,1,0,1,50,2,2,1,0,0,1,58.0,54.0,voiture,deux_roues,1,2,2,1,1
202300047478,2023-05-11 19:00:00,2023,5,11,19,0,35,35238,RN136,48.11322,-1.71859,Plein jour,Hors agglomération,Hors intersection,Normale,Trois véhicules et plus - en chaîne,2,3,6,0,1,1,1,0,1,90,3,3,2,0,0,1,56.0,35.0,voiture,voiture,1,1,1,1,4
202300047479,2023-03-31 21:50:00,2023,3,31,21,50,67,67482,ARTHUR RIMBAUD (RUE),48.58878,7.71404,Nuit avec éclairage allumé,En agglomération,Hors intersection,Normale,Sans collision,4,1,2,0,1,1,1,0,1,50,2,3,2,0,0,1,28.0,20.0,voiture,deux_roues,5,2,1,1,7
202300047480,2023-10-31 15:00:00,2023,10,31,15,0,39,39270,,47.135503,5.487351,Plein jour,Hors agglomération,Hors intersection,Normale,Deux véhicules - arrière,1,3,4,0,1,1,1,0,1,130,2,3,2,0,0,1,25.0,47.0,utilitaire_camion,utilitaire_camion,1,1,1,1,2
202300047481,2023-03-14 23:30:00,2023,3,14,23,30,63,63113,PONT SAINT JACQUES (RUE DU),45.76605,3.08796,Nuit avec éclairage allumé,En agglomération,Hors intersection,Normale,Autre collision,4,2,2,0,2,1,1,0,1,30,1,1,0,0,0,1,34.0,,voiture,,5,2,1,1,6
202300047482,2023-05-11 04:40:00,2023,5,11,4,40,35,35281,NANTES (RUE DE),48.09031,-1.6928,Nuit avec éclairage allumé,En agglomération,Intersection en X,Normale,Deux véhicules - côté,4,2,3,0,1,1,2,0,1,50,2,2,1,1,0,0,25.0,67.0,voiture,voiture,5,2,2,1,3
202300047482,2023-05-11 04:40:00,2023,5,11,4,40,35,35281,NANTES (RUE DE),48.09031,-1.6928,Nuit avec éclairage allumé,En agglomération,Intersection en X,Normale,Deux véhicules - côté,4,2,3,0,1,1,2,0,1,50,2,2,1,1,0,0,25.0,67.0,voiture,voiture,5,2,2,1,3
202300047483,2023-10-27 07:20:00,2023,10,27,7,20,987,98736,"RT1 face à la servitude VAIAITU, route de l'ancienne gendarmerie à Bel Air.",-17.618,-149.549,Plein jour,Hors agglomération,Hors intersection,Pluie légère,Deux véhicules - frontale,2,2,2,2,1,1,2,0,6,50,1,2,1,0,1,0,54.0,,voiture,,1,1,1,2,1