accident_id,datetime,annee,mois,jour,heure,minute,departement,commune_insee,adresse,latitude,longitude,luminosite,agglomeration,intersection,meteo,collision,catr,circ,nbv,vosp,prof,plan,surf,infra,situ,vma,nb_vehicules,nb_usagers,nb_indemnes,nb_tues,nb_blesses_hosp,nb_blesses_legers,age_cond_1,age_cond_2,veh_type_cond_1,veh_type_cond_2,lum_code,agg_code,int_code,atm_code,col_code
202300047484,2023-04-01 04:20:00,2023,4,1,4,20,58,58194,PISSEROTTE (BOULEVARD),46.97035,3.12901,Nuit sans éclairage public,En agglomération,Giratoire,Normale,Sans collision,4,1,1,0,1,2,1,0,1,50,1,4,1,0,1,2,19.0,,voiture,,3,2,6,1,7
202300047484,2023-04-01 04:20:00,2023,4,1,4,20,58,58194,PISSEROTTE (BOULEVARD),46.97035,3.12901,Nuit sans éclairage public,En agglomération,Giratoire,Normale,Sans collision,4,2,2,0,1,2,1,0,1,70,1,4,1,0,1,2,19.0,,voiture,,3,2,6,1,7
202300047485,2023-11-01 01:55:00,2023,11,1,1,55,06,06088,A8 PK 196.990 - Chaussée Sud,43.733833,7.254217,Nuit avec éclairage allumé,Hors agglomération,Hors intersection,Normale,Autre collision,1,3,2,0,1,3,1,1,1,90,1,2,0,0,0,2,20.0,,deux_roues,,5,1,1,1,6
202300047486,2023-03-30 13:00:00,2023,3,30,13,0,52,52448,FRANCE (RUE ANATOLE),48.643661,4.963027,Plein jour,En agglomération,Hors intersection,Normale,Autre collision,4,2,2,0,1,1,1,0,1,50,1,2,1,0,1,0,23.0,,voiture,,1,2,1,1,6
202300047487,2023-05-11 04:10:00,2023,5,11,4,10,35,35051,BEAULIEU (PORTE DE),48.10209849,-1.6103071,Nuit avec éclairage allumé,Hors agglomération,Giratoire,Normale,Deux véhicules - arrière,3,1,3,0,1,2,1,0,1,50,2,2,1,0,0,1,,23.0,utilitaire_camion,voiture,5,1,6,1,2
202300047488,2023-03-31 08:29:00,2023,3,31,8,29,49,49007,BODIN,47.46369,-0.55281,Plein jour,En agglomération,Hors intersection,Normale,Sans collision,4,1,1,0,1,1,1,0,1,30,1,1,0,0,0,1,43.0,,deux_roues,,1,2,1,1,7
202300047489,2023-10-31 21:05:00,2023,10,31,21,5,51,51305,Autoroute A4 PK126+500 sens STARSBOURG vers PARIS,49.24027,3.880427,Nuit sans éclairage public,Hors agglomération,Hors intersection,Temps couvert,Deux véhicules - arrière,1,3,2,3,3,1,2,0,1,130,2,3,2,1,0,0,40.0,49.0,utilitaire_camion,voiture,3,1,1,8,2
202300047490,2023-05-11 09:50:00,2023,5,11,9,50,33,33063,Rue Docteur Albert Barraud,44.84593,-0.58499,Plein jour,En agglomération,Intersection en X,Normale,Deux véhicules - côté,4,1,1,0,1,1,1,0,1,50,2,2,1,0,0,1,66.0,24.0,voiture,deux_roues,1,2,2,1,3
202300047490,2023-05-11 09:50:00,2023,5,11,9,50,33,33063,Rue Docteur Albert Barraud,44.84593,-0.58499,Plein jour,En agglomération,Intersection en X,Normale,Deux véhicules - côté,4,1,0,0,1,1,1,0,1,30,2,2,1,0,0,1,66.0,24.0,voiture,deux_roues,1,2,2,1,3
202300047491,2023-04-02 16:13:00,2023,4,2,16,13,49,49007,ATLANTIQUE  AVENUE DE L',47.46483,-0.57486,Plein jour,Hors agglomération,Hors intersection,Normale,Sans collision,3,3,3,0,1,1,1,2,1,70,1,1,0,1,0,0,20.0,,deux_roues,,1,1,1,1,7
202300047492,2023-10-31 17:30:00,2023,10,31,17,30,30,30185,pk 70+300 Sens 2,43.738686,4.201813,Plein jour,Hors agglomération,Hors intersection,Normale,Deux véhicules - côté,1,3,3,0,1,1,1,2,1,130,2,2,1,0,1,0,48.0,64.0,utilitaire_camion,voiture,1,1,1,1,3
202300047493,2023-05-09 16:30:00,2023,5,9,16,30,33,33069,Avenue de l'Hippodrome,44.87554585,-0.62447727,Plein jour,En agglomération,Hors intersection,Normale,Deux véhicules - côté,4,2,3,2,1,1,1,0,1,50,2,2,1,0,0,1,30.0,60.0,voiture,deux_roues,1,2,1,1,3
202300047494,2023-04-01 15:10:00,2023,4,1,15,10,46,46042,Départementale 811,44.49213,1.40586,Plein jour,Hors agglomération,Hors intersection,Normale,Deux véhicules - frontale,3,2,2,0,1,2,1,0,1,80,2,3,0,0,1,2,73.0,25.0,voiture,voiture,1,1,1,1,1
202300047495,2023-10-29 19:15:00,2023,10,29,19,15,30,30036,A9 pk 61+000 sens 2,43.78052669,4.28938946,Nuit sans éclairage public,Hors agglomération,Hors intersection,Normale,Deux véhicules - arrière,1,3,3,0,1,1,1,0,1,130,2,5,4,0,0,1,38.0,43.0,voiture,utilitaire_camion,3,1,1,1,2
202300047496,2023-05-11 12:45:00,2023,5,11,12,45,31,31555,VOIE DU TOEC,43.601369,1.40368,Plein jour,En agglomération,Hors intersection,Normale,Deux véhicules - frontale,4,2,1,0,1,1,1,0,1,50,2,2,1,0,1,0,33.0,23.0,deux_roues,voiture,1,2,1,1,1
202300047497,2023-04-03 18:00:00,2023,4,3,18,0,45,45285,Avenue Pierre Mendès France,47.905,1.867,Plein jour,En agglomération,Hors intersection,Normale,Deux véhicules - côté,4,3,4,0,1,1,1,0,1,50,2,2,1,0,0,1,19.0,29.0,voiture,deux_roues,1,2,1,1,3
202300047498,2023-10-31 11:30:00,2023,10,31,11,30,987,98729,Opunohu PK 16,-17.577,-150.202,Plein jour,Hors agglomération,Hors intersection,Normale,Deux véhicules - côté,2,2,2,2,1,1,1,0,1,60,2,2,1,0,1,0,15.0,48.0,deux_roues,voiture,1,1,1,1,3
202300047499,2023-04-24 15:00:00,2023,4,24,15,0,42,42095,Place Ferrer,45.3912,4.29085,Plein jour,En agglomération,Place,Normale,Autre collision,4,1,1,0,1,1,1,0,1,50,1,2,1,0,0,1,53.0,,voiture,,1,2,7,1,6
202300047500,2023-05-11 06:10:00,2023,5,11,6,10,31,31555,ALL CHARLES DE FITTE,43.59628779,1.43202737,Nuit sans éclairage public,En agglomération,Autre intersection,Normale,Deux véhicules - côté,4,3,2,0,1,1,1,9,1,50,2,2,1,0,1,0,23.0,38.0,utilitaire_camion,deux_roues,3,2,9,1,3
202300047501,2023-10-31 18:00:00,2023,10,31,18,0,971,97104,Route de Cadet,16.022293,-61.742724,Crépuscule ou aube,En agglomération,Hors intersection,Normale,Deux véhicules - frontale,4,2,2,0,4,1,1,0,1,50,2,2,1,0,1,0,52.0,4.0,voiture,deux_roues,2,2,1,1,1
202300047502,2023-04-03 19:45:00,2023,4,3,19,45,35,35238,VERN (DE),48.09785438,-1.65525287,Plein jour,En agglomération,Intersection en T,Normale,Deux véhicules - côté,4,1,1,2,1,1,1,0,5,30,2,2,1,0,0,1,37.0,32.0,voiture,deux_roues,1,2,3,1,3
202300047502,2023-04-03 19:45:00,2023,4,3,19,45,35,35238,VERN (DE),48.09785438,-1.65525287,Plein jour,En agglomération,Intersection en T,Normale,Deux véhicules - côté,4,2,2,3,1,1,1,0,1,50,2,2,1,0,0,1,37.0,32.0,voiture,deux_roues,1,2,3,1,3
202300047503,2023-04-03 12:25:00,2023,4,3,12,25,35,35051,N136,48.1499,-1.60574,Plein jour,Hors agglomération,Hors intersection,Normale,Autre collision,2,1,2,0,1,2,1,0,1,90,1,1,0,0,0,1,27.0,,voiture,,1,1,1,1,6
202300047504,2023-05-11 20:10:00,2023,5,11,20,10,30,30028,Avenue de l'Europe,44.166,4.6192,Plein jour,En agglomération,Intersection en T,Normale,Autre collision,4,2,2,0,1,1,1,0,1,50,2,2,1,0,0,1,17.0,29.0,deux_roues,voiture,1,2,3,1,6
202300047504,2023-05-11 20:10:00,2023,5,11,20,10,30,30028,Avenue de l'Europe,44.166,4.6192,Plein jour,En agglomération,Intersection en T,Normale,Autre collision,4,2,2,0,2,1,1,0,8,50,2,2,1,0,0,1,17.0,29.0,deux_roues,voiture,1,2,3,1,6
202300047505,2023-10-31 14:00:00,2023,10,31,14,0,37,37072,70 Avenue François Mitterrand,47.17258065,0.24820089,Plein jour,En agglomération,Hors intersection,Normale,Autre collision,3,3,2,0,2,1,1,5,1,50,2,3,2,0,1,0,60.0,67.0,voiture,voiture,1,2,1,1,6
202300047506,2023-11-01 09:15:00,2023,11,1,9,15,95,95120,D4,49.085379,2.197451,Plein jour,En agglomération,Intersection en X,Temps couvert,Sans collision,3,2,2,0,1,1,1,5,1,50,1,1,0,0,1,0,26.0,,deux_roues,,1,2,2,8,7
202300047506,2023-11-01 09:15:00,2023,11,1,9,15,95,95120,D4,49.085379,2.197451,Plein jour,En agglomération,Intersection en X,Temps couvert,Sans collision,3,2,2,-1,1,2,1,0,1,-1,1,1,0,0,1,0,26.0,,deux_roues,,1,2,2,8,7
202300047507,2023-12-05 14:15:00,2023,12,5,14,15,75,75111,BOULEVARD VOLTAIRE,48.852842,2.388454,Plein jour,En agglomération,Autre intersection,Pluie légère,Deux véhicules - côté,4,2,2,1,1,1,2,0,1,30,2,2,1,0,0,1,23.0,22.0,voiture,deux_roues,1,2,9,2,3
202300047507,2023-12-05 14:15:00,2023,12,5,14,15,75,75111,BOULEVARD VOLTAIRE,48.852842,2.388454,Plein jour,En agglomération,Autre intersection,Pluie légère,Deux véhicules - côté,4,1,1,1,1,1,2,0,1,30,2,2,1,0,0,1,23.0,22.0,voiture,deux_roues,1,2,9,2,3
202300047508,2023-04-03 09:35:00,2023,4,3,9,35,35,35238,YSER (BD DE L'),48.0922,-1.6748,Plein jour,En agglomération,Intersection en X,Normale,Deux véhicules - côté,4,3,4,2,1,1,1,5,5,50,2,3,2,0,0,1,23.0,77.0,voiture,deux_roues,1,2,2,1,3
202300047508,2023-04-03 09:35:00,2023,4,3,9,35,35,35238,YSER (BD DE L'),48.0922,-1.6748,Plein jour,En agglomération,Intersection en X,Normale,Deux véhicules - côté,4,3,2,2,1,1,1,5,5,50,2,3,2,0,0,1,23.0,77.0,voiture,deux_roues,1,2,2,1,3
202300047509,2023-10-31 16:15:00,2023,10,31,16,15,84,84141,Allée Victor Mitan,43.960401,4.895592,Plein jour,En agglomération,Intersection en T,Normale,Deux véhicules - côté,4,-1, -1,-1,1,1,1,0,1,-1,2,2,1,0,0,1,18.0,73.0,voiture,deux_roues,1,2,3,1,3
202300047509,2023-10-31 16:15:00,2023,10,31,16,15,84,84141,Allée Victor Mitan,43.960401,4.895592,Plein jour,En agglomération,Intersection en T,Normale,Deux véhicules - côté,4,2,2,0,1,1,1,0,1,50,2,2,1,0,0,1,18.0,73.0,voiture,deux_roues,1,2,3,1,3
202300047510,2023-08-20 01:25:00,2023,8,20,1,25,69,69149,52 Avenue Jean Jaurès,45.71332,4.8196,Nuit avec éclairage allumé,En agglomération,Hors intersection,Normale,Deux véhicules - arrière,7,2,2,0,1,1,1,0,1,50,2,2,0,0,0,2,18.0,18.0,deux_roues,deux_roues,5,2,1,1,2
202300047511,2023-12-05 18:00:00,2023,12,5,18,0,75,75110,RUE DE DUNKERQUE,48.880803,2.351186,Nuit avec éclairage allumé,En agglomération,Intersection en X,Normale,Deux véhicules - côté,4,1, -1,-1,1,1,2,0,1,-1,2,3,2,0,0,1,44.0,45.0,voiture,deux_roues,5,2,2,1,3
202300047511,2023-12-05 18:00:00,2023,12,5,18,0,75,75110,RUE DE DUNKERQUE,48.880803,2.351186,Nuit avec éclairage allumé,En agglomération,Intersection en X,Normale,Deux véhicules - côté,4,2,2,2,1,1,2,0,1,30,2,3,2,0,0,1,44.0,45.0,voiture,deux_roues,5,2,2,1,3
202300047512,2023-05-11 15:50:00,2023,5,11,15,50,28,28085,GRAND FAUBOURG (RUE DU),48.43984,1.48266,Plein jour,En agglomération,Hors intersection,Normale,Autre collision,4,1,1,1,1,2,1,0,1,30,1,2,1,0,1,0,20.0,,utilitaire_camion,,1,2,1,1,6
202300047513,2023-08-19 05:15:00,2023,8,19,5,15,971,97113,RN4 - SECTION RIVIERA,16.21767,-61.49404,Crépuscule ou aube,Hors agglomération,Hors intersection,Normale,Sans collision,2,2,2,0,1,1,1,0,1,70,1,1,0,0,1,0,40.0,,deux_roues,,2,1,1,1,7
202300047514,2023-04-03 20:00:00,2023,4,3,20,0,33,33167,Avenue Jean Jaurès,44.83672,-0.53671,Plein jour,En agglomération,Intersection en X,Normale,Deux véhicules - côté,4,-1,2,0,1,1,1,0,1,30,2,3,2,0,0,1,,20.0,deux_roues,voiture,1,2,2,1,3
202300047514,2023-04-03 20:00:00,2023,4,3,20,0,33,33167,Avenue Jean Jaurès,44.83672,-0.53671,Plein jour,En agglomération,Intersection en X,Normale,Deux véhicules - côté,4,1,2,0,1,1,1,0,1,30,2,3,2,0,0,1,,20.0,deux_roues,voiture,1,2,2,1,3
202300047515,2023-05-10 18:20:00,2023,5,10,18,20,27,27351,DELAMARE (RUE ABBE),49.23515,1.18344,Plein jour,En agglomération,Giratoire,Normale,Deux véhicules - côté,4,4,2,0,1,2,1,5,1,50,2,2,1,0,0,1,39.0,60.0,utilitaire_camion,deux_roues,1,2,6,1,3
202300047516,2023-12-04 16:20:00,2023,12,4,16,20,75,75108,RUE DE TURIN,48.880604,2.324941,Nuit avec éclairage allumé,En agglomération,Intersection en T,Pluie légère,Deux véhicules - arrière,4,1, -1,-1,1,1,2,0,1,30,2,3,2,0,0,1,25.0,29.0,voiture,deux_roues,5,2,3,2,2
202300047516,2023-12-04 16:20:00,2023,12,4,16,20,75,75108,RUE DE TURIN,48.880604,2.324941,Nuit avec éclairage allumé,En agglomération,Intersection en T,Pluie légère,Deux véhicules - arrière,4,1,1,0,2,1,2,0,1,30,2,3,2,0,0,1,25.0,29.0,voiture,deux_roues,5,2,3,2,2
202300047517,2023-08-28 14:55:00,2023,8,28,14,55,2A,2A004,BIANCAMARIA COLONEL ET CAPITAINE AVE,41.93453,8.73669,Plein jour,En agglomération,Intersection en T,Pluie légère,Deux véhicules - côté,3,2,2,0,2,1,2,0,1,50,2,2,1,0,0,1,18.0,60.0,deux_roues,utilitaire_camion,1,2,3,2,3
202300047517,2023-08-28 14:55:00,2023,8,28,14,55,2A,2A004,BIANCAMARIA COLONEL ET CAPITAINE AVE,41.93453,8.73669,Plein jour,En agglomération,Intersection en T,Pluie légère,Deux véhicules - côté,3,1,2,0,1,3,2,0,1,50,2,2,1,0,0,1,18.0,60.0,deux_roues,utilitaire_camion,1,2,3,2,3
202300047518,2023-10-24 15:30:00,2023,10,24,15,30,83,83023,D43,43.350394,6.086056,Plein jour,Hors agglomération,Intersection en T,Normale,Trois véhicules et plus - collisions multiples,3,2,2,0,1,2,1,0,1,-1,3,5,2,0,0,3,70.0,29.0,voiture,voiture,1,1,3,1,5
202300047518,2023-10-24 15:30:00,2023,10,24,15,30,83,83023,D43,43.350394,6.086056,Plein jour,Hors agglomération,Intersection en T,Normale,Trois véhicules et plus - collisions multiples,3,2,2,0,1,3,1,0,1,80,3,5,2,0,0,3,70.0,29.0,voiture,voiture,1,1,3,1,5
202300047519,2023-04-03 12:05:00,2023,4,3,12,5,33,33063,Boulevard du Président Wilson,44.85109,-0.59543,Plein jour,En agglomération,Intersection en T,Normale,Deux véhicules - côté,4,2,2,1,1,1,1,5,8,30,2,2,0,0,0,2,16.0,60.0,deux_roues,deux_roues,1,2,3,1,3
202300047519,2023-04-03 12:05:00,2023,4,3,12,5,33,33063,Boulevard du Président Wilson,44.85109,-0.59543,Plein jour,En agglomération,Intersection en T,Normale,Deux véhicules - côté,4,2,4,3,1,1,1,5,1,50,2,2,0,0,0,2,16.0,60.0,deux_roues,deux_roues,1,2,3,1,3
202300047520,2023-05-11 16:50:00,2023,5,11,16,50,26,26058,Rue des Chalets,44.94024,4.89905,Plein jour,En agglomération,Hors intersection,Normale,Deux véhicules - frontale,4,1,2,0,1,1,1,0,1,30,2,2,1,0,0,1,42.0,37.0,deux_roues,voiture,1,2,1,1,1
202300047521,2023-08-28 08:00:00,2023,8,28,8,0,95,95427,D193,48.962076,2.332921,Plein jour,En agglomération,Hors intersection,Normale,Autre collision,3,2,2,0,1,1,1,0,4,50,1,2,1,0,0,1,27.0,,voiture,,1,2,1,1,6
202300047522,2023-12-03 20:40:00,2023,12,3,20,40,94,94081,Avenue de la République,48.80098246,2.39915523,Nuit avec éclairage allumé,En agglomération,Hors intersection,Normale,Deux véhicules - côté,3,2,2,0,1,1,1,0,1,50,2,4,3,0,0,1,32.0,26.0,voiture,deux_roues,5,2,1,1,3
202300047523,2023-10-31 11:20:00,2023,10,31,11,20,70,70310,D64,47.678363,6.518347,Plein jour,En agglomération,Hors intersection,Pluie forte,Deux véhicules - frontale,3,2,2,0,1,2,2,0,1,50,2,2,0,0,2,0,59.0,65.0,voiture,voiture,1,2,1,3,1
202300047524,2023-12-05 19:07:00,2023,12,5,19,7,94,94078,286 Rue de Paris,48.746585,2.446538,Nuit sans éclairage public,En agglomération,Hors intersection,Normale,Autre collision,2,2,2,0,1,1,1,0,1,50,1,2,0,0,1,1,82.0,,voiture,,3,2,1,1,6
202300047525,2023-08-22 21:40:00,2023,8,22,21,40,91,91377,AV NATIONALE,48.7285,2.28589,Nuit avec éclairage allumé,En agglomération,Hors intersection,Normale,Autre collision,4,2,2,0,1,1,1,0,8,50,1,4,0,0,0,4,16.0,,deux_roues,,5,2,1,1,6
202300047526,2023-05-10 17:10:00,2023,5,10,17,10,26,26198,RHIN ET DANUBE (Pont),44.55487,4.73038,Plein jour,Hors agglomération,Hors intersection,Normale,Deux véhicules - côté,2,2,2,0,1,1,1,0,1,80,2,3,2,0,0,1,30.0,,deux_roues,voiture,1,1,1,1,3
202300047527,2023-04-03 12:15:00,2023,4,3,12,15,29,29232,Route de Brest,48.01426,-4.08053,Plein jour,En agglomération,Hors intersection,Normale,Deux véhicules - côté,4,1,2,0,1,1,1,0,1,50,2,6,2,0,0,4,19.0,25.0,voiture,voiture,1,2,1,1,3
202300047528,2023-10-31 19:10:00,2023,10,31,19,10,01,01405,RD 1083,46.118867,5.154659,Nuit avec éclairage allumé,Hors agglomération,Intersection en T,Normale,Deux véhicules - côté,3,2,3,0,1,1,1,0,1,80,2,2,1,0,1,0,25.0,60.0,deux_roues,voiture,5,1,3,1,3
202300047528,2023-10-31 19:10:00,2023,10,31,19,10,01,01405,RD 1083,46.118867,5.154659,Nuit avec éclairage allumé,Hors agglomération,Intersection en T,Normale,Deux véhicules - côté,3,2,2,0,1,1,1,0,1,80,2,2,1,0,1,0,25.0,60.0,deux_roues,voiture,5,1,3,1,3
202300047529,2023-08-20 04:30:00,2023,8,20,4,30,91,91691,GENERAL LECLER(RUE),48.71653,2.4823,Nuit avec éclairage allumé,En agglomération,Hors intersection,Normale,Autre collision,4,-1,0,0,2,2,1,0,1,30,1,1,0,0,0,1,52.0,,voiture,,5,2,1,1,6
202300047530,2023-12-05 12:40:00,2023,12,5,12,40,94,94044,Avenue de Verdun,48.75020953,2.48254253,Plein jour,En agglomération,Hors intersection,Pluie forte,Deux véhicules - côté,3,2,2,0,1,1,2,0,1,50,2,2,0,0,2,0,24.0,37.0,utilitaire_camion,voiture,1,2,1,3,3
202300047531,2023-04-03 07:55:00,2023,4,3,7,55,28,28134,EPARGES (RUE DES),48.73304,1.37262,Plein jour,En agglomération,Giratoire,Normale,Deux véhicules - côté,4,2,3,3,1,1,1,0,1,30,2,2,1,0,0,1,20.0,51.0,utilitaire_camion,deux_roues,1,2,6,1,3
202300047532,2023-10-29 19:30:00,2023,10,29,19,30,69,69228,Route de Lyon,45.543193,4.645886,Nuit sans éclairage public,Hors agglomération,Hors intersection,Normale,Deux véhicules - frontale,3,2,3,0,2,3,1,0,1,80,2,3,0,0,3,0,56.0,74.0,voiture,voiture,3,1,1,1,1
202300047533,2023-08-28 13:20:00,2023,8,28,13,20,91,91326,COUR DE FRANCE (AVENUE DE LA),48.68731,2.37229,Plein jour,En agglomération,Hors intersection,Pluie légère,Deux véhicules - arrière,3,3,0,0,3,1,2,0,1,50,2,2,1,0,0,1,21.0,30.0,deux_roues,voiture,1,2,1,2,2
202300047534,2023-05-06 16:00:00,2023,5,6,16,0,13,13054,FIGUERES (RUE DES ),43.42112,5.20777,Plein jour,En agglomération,Intersection en X,Normale,Deux véhicules - côté,4,2,2,0,1,1,1,5,1,50,2,3,0,0,0,3,28.0,61.0,voiture,voiture,1,2,2,1,3
202300047534,2023-05-06 16:00:00,2023,5,6,16,0,13,13054,FIGUERES (RUE DES ),43.42112,5.20777,Plein jour,En agglomération,Intersection en X,Normale,Deux véhicules - côté,4,2,2,0,1,1,1,5,1,50,2,3,0,0,0,3,28.0,61.0,voiture,voiture,1,2,2,1,3
202300047535,2023-11-01 07:30:00,2023,11,1,7,30,31,31324,avenue de la gare,43.197085,1.018891,Crépuscule ou aube,En agglomération,Hors intersection,Pluie légère,Autre collision,3,2,2,0,1,1,2,0,4,50,1,1,0,1,0,0,80.0,,voiture,,2,2,1,2,6
202300047536,2023-08-28 04:00:00,2023,8,28,4,0,91,91687,VICTOR SCHOELCHER (AVENUE),48.65932,2.373303,Nuit avec éclairage allumé,En agglomération,Hors intersection,Pluie légère,Sans collision,3,3,4,0,1,1,2,0,4,50,1,1,0,0,0,1,21.0,,voiture,,5,2,1,2,7
202300047537,2023-12-04 07:40:00,2023,12,4,7,40,94,94058,Avenue du 8 Mai 1945,48.85127,2.51082,Nuit avec éclairage allumé,En agglomération,Intersection en X,Pluie forte,Autre collision,3,2,2,0,1,1,2,0,1,50,1,2,1,0,0,1,38.0,,voiture,,5,2,2,3,6
202300047537,2023-12-04 07:40:00,2023,12,4,7,40,94,94058,Avenue du 8 Mai 1945,48.85127,2.51082,Nuit avec éclairage allumé,En agglomération,Intersection en X,Pluie forte,Autre collision,3,1,1,0,1,1,2,0,1,50,1,2,1,0,0,1,38.0,,voiture,,5,2,2,3,6
202300047538,2023-04-03 07:10:00,2023,4,3,7,10,25,25056,AVICENNE RUE,47.26116,6.01059,Crépuscule ou aube,En agglomération,Hors intersection,Normale,Deux véhicules - arrière,4,-1,2,0,2,3,2,0,1,50,2,3,2,0,0,1,21.0,29.0,voiture,utilitaire_camion,2,2,1,1,2
202300047539,2023-05-11 21:35:00,2023,5,11,21,35,13,13207,Corniche John Fitzgérald Kennedy,43.28087,5.3523,Nuit avec éclairage allumé,En agglomération,Hors intersection,Normale,Deux véhicules - côté,4,2,3,1,1,1,1,0,1,50,2,3,2,0,0,1,22.0,35.0,voiture,deux_roues,5,2,1,1,3
202300047540,2023-11-01 19:00:00,2023,11,1,19,0,19,19061,Route départementale 1089 PR 98+000,45.216526,1.695693,Nuit sans éclairage public,Hors agglomération,Hors intersection,Pluie légère,Deux véhicules - côté,3,2,2,0,1,1,2,0,1,90,2,2,1,0,0,1,21.0,54.0,utilitaire_camion,voiture,3,1,1,2,3
202300047541,2023-12-05 18:15:00,2023,12,5,18,15,94,94046,Rue de Mesly,48.7974,2.44,Nuit avec éclairage allumé,En agglomération,Hors intersection,Normale,Autre collision,4,2,2,0,1,1,1,0,1,50,1,2,0,0,0,2,53.0,,deux_roues,,5,2,1,1,6
202300047542,2023-08-26 17:10:00,2023,8,26,17,10,83,83137,HUBA (CHEMIN DE 1 A 2643,43.157762,5.926182,Plein jour,En agglomération,Hors intersection,Normale,Autre collision,4,2,1,0,2,1,1,0,1,30,1,5,0,1,1,3,19.0,,voiture,,1,2,1,1,6
202300047543,2023-03-31 11:46:00,2023,3,31,11,46,18,18205,37 Avenue des Prés le Roi,47.09346,2.38729,Plein jour,En agglomération,Hors intersection,Pluie forte,Deux véhicules - côté,3,2,2,0,1,1,2,0,1,50,2,2,1,0,0,1,46.0,46.0,deux_roues,utilitaire_camion,1,2,1,3,3
202300047544,2023-05-11 20:20:00,2023,5,11,20,20,13,13203,JUNOT (RUE),43.30946,5.3761,Plein jour,En agglomération,Hors intersection,Normale,Deux véhicules - frontale,4,1,1,0,1,1,1,0,1,50,2,2,1,0,0,1,,60.0,autre,deux_roues,1,2,1,1,1
202300047545,2023-10-31 22:20:00,2023,10,31,22,20,85,85016,RD 50,46.687249,-1.633455,Nuit sans éclairage public,Hors agglomération,Hors intersection,Pluie légère,Autre collision,3,2,2,0,2,3,2,0,3,80,1,2,0,0,1,1,21.0,,voiture,,3,1,1,2,6
202300047546,2023-12-05 15:20:00,2023,12,5,15,20,94,94043,108 Avenue de Fontainebleau,48.808971,2.36254,Plein jour,En agglomération,Hors intersection,Normale,Deux véhicules - côté,3,2,4,1,1,1,1,0,1,50,2,2,1,0,0,1,52.0,69.0,deux_roues,voiture,1,2,1,1,3
202300047547,2023-08-24 16:50:00,2023,8,24,16,50,80,80001,VOLONTAIRES DU BAT.FFI VIII/2 (des),50.099212,1.839557,Plein jour,En agglomération,Hors intersection,Normale,Deux véhicules - côté,4,2,2,0,1,1,1,0,1,50,2,2,1,0,1,0,16.0,54.0,deux_roues,voiture,1,2,1,1,3
202300047548,2023-04-03 12:30:00,2023,4,3,12,30,17,17415,ENCLOUSE RUE DE L',45.745376,-0.658014,Plein jour,En agglomération,Intersection en T,Normale,Deux véhicules - côté,4,-1,2,0,1,2,1,0,1,50,2,2,1,0,0,1,17.0,36.0,deux_roues,voiture,1,2,3,1,3
202300047548,2023-04-03 12:30:00,2023,4,3,12,30,17,17415,ENCLOUSE RUE DE L',45.745376,-0.658014,Plein jour,En agglomération,Intersection en T,Normale,Deux véhicules - côté,4,2,2,-1,1,1,1,5,1,50,2,2,1,0,0,1,17.0,36.0,deux_roues,voiture,1,2,3,1,3
202300047549,2023-12-05 19:22:00,2023,12,5,19,22,94,94003,Avenue Aristide Briand,48.810587,2.326825,Nuit avec éclairage allumé,En agglomération,Hors intersection,Normale,Deux véhicules - arrière,3,3,3,0,1,1,1,0,1,50,2,2,1,0,0,1,46.0,40.0,deux_roues,voiture,5,2,1,1,2
202300047550,2023-05-11 16:00:00,2023,5,11,16,0,13,13209,CATHERINE BLUM (BOULEVARD),43.26641205,5.4197225,Plein jour,En agglomération,Hors intersection,Normale,Deux véhicules - arrière,4,1,2,0,1,1,1,1,1,50,3,3,2,0,0,1,43.0,21.0,voiture,voiture,1,2,1,1,2
202300047551,2023-08-28 22:35:00,2023,8,28,22,35,78,78172,LE GUEN (RUE PIERRE),49.00673,2.12098,Nuit avec éclairage allumé,En agglomération,Intersection en X,Normale,Sans collision,4,1,1,0,1,1,1,0,1,50,2,2,1,0,0,1,,17.0,voiture,deux_roues,5,2,2,1,7
202300047551,2023-08-28 22:35:00,2023,8,28,22,35,78,78172,LE GUEN (RUE PIERRE),49.00673,2.12098,Nuit avec éclairage allumé,En agglomération,Intersection en X,Normale,Sans collision,4,2,2,0,1,1,1,0,1,50,2,2,1,0,0,1,,17.0,voiture,deux_roues,5,2,2,1,7
202300047552,2023-04-03 18:30:00,2023,4,3,18,30,13,13071,PENNES AUX PINS ( CHEMIN DES ),43.41334,5.35938,Plein jour,En agglomération,Hors intersection,Normale,Deux véhicules - côté,4,2,1,0,1,1,1,0,1,50,3,3,2,0,1,0,24.0,68.0,voiture,deux_roues,1,2,1,1,3
202300047553,2023-05-11 12:20:00,2023,5,11,12,20,13,13215,SAINT ANTOINE (AVENUE DE),43.37,5.36,Plein jour,En agglomération,Hors intersection,Normale,Autre collision,4,2,2,0,1,1,1,0,1,50,1,2,0,0,0,2,17.0,,deux_roues,,1,2,1,1,6
202300047554,2023-12-05 17:50:00,2023,12,5,17,50,94,94069,Rue du Maréchal Leclerc,48.81813,2.43234,Nuit avec éclairage allumé,En agglomération,Intersection en T,Temps couvert,Deux véhicules - frontale,3,2,2,0,1,1,1,0,1,50,2,2,1,0,0,1,39.0,24.0,voiture,deux_roues,5,2,3,8,1
202300047554,2023-12-05 17:50:00,2023,12,5,17,50,94,94069,Rue du Maréchal Leclerc,48.81813,2.43234,Nuit avec éclairage allumé,En agglomération,Intersection en T,Temps couvert,Deux véhicules - frontale,3,1,1,0,4,1,1,0,1,30,2,2,1,0,0,1,39.0,24.0,voiture,deux_roues,5,2,3,8,1