accident_id,datetime,annee,mois,jour,heure,minute,departement,commune_insee,adresse,latitude,longitude,luminosite,agglomeration,intersection,meteo,collision,catr,circ,nbv,vosp,prof,plan,surf,infra,situ,vma,nb_vehicules,nb_usagers,nb_indemnes,nb_tues,nb_blesses_hosp,nb_blesses_legers,age_cond_1,age_cond_2,veh_type_cond_1,veh_type_cond_2,lum_code,agg_code,int_code,atm_code,col_code
202300047620,2023-04-03 08:40:00,2023,4,3,8,40,94,94038,Avenue Hache,48.78065446,2.33140755,Plein jour,En agglomération,Intersection en X,Normale,Deux véhicules - côté,4,2,1,0,2,1,1,0,1,30,2,3,2,0,0,1,37.0,35.0,voiture,voiture,1,2,2,1,3
202300047621,2023-12-06 09:15:00,2023,12,6,9,15,06,06161,La Fighière (Parking),43.637367,7.139917,Plein jour,En agglomération,Hors intersection,Normale,Autre collision,6,-1, -1,0,1,1,1,0,8,30,1,1,0,0,0,1,72.0,,voiture,,1,2,1,1,6
202300047622,2023-08-25 23:15:00,2023,8,25,23,15,51,51454,PAIX (BOULEVARD DE LA),49.25217,4.04167,Nuit avec éclairage allumé,En agglomération,Intersection en X,Normale,Deux véhicules - arrière,4,2, -1,-1,1,1,1,0,1,-1,2,3,2,0,0,1,44.0,26.0,voiture,voiture,5,2,2,1,2
202300047622,2023-08-25 23:15:00,2023,8,25,23,15,51,51454,PAIX (BOULEVARD DE LA),49.25217,4.04167,Nuit avec éclairage allumé,En agglomération,Intersection en X,Normale,Deux véhicules - arrière,4,2,1,1,1,1,1,0,1,50,2,3,2,0,0,1,44.0,26.0,voiture,voiture,5,2,2,1,2
202300047623,2023-12-06 17:25:00,2023,12,6,17,25,10,10350,D374,48.173162,3.817738,Nuit sans éclairage public,Hors agglomération,Hors intersection,Normale,Deux véhicules - frontale,3,2,2,0,4,2,1,0,1,80,2,2,1,0,0,1,23.0,48.0,voiture,voiture,3,1,1,1,1
202300047624,2023-04-03 01:37:00,2023,4,3,1,37,94,94077,Cours de Verdun,48.7382,2.40835,Nuit avec éclairage allumé,En agglomération,Intersection en T,Normale,Deux véhicules - frontale,3,3,2,0,1,1,1,0,1,50,2,2,0,0,0,2,56.0,47.0,voiture,utilitaire_camion,5,2,3,1,1
202300047624,2023-04-03 01:37:00,2023,4,3,1,37,94,94077,Cours de Verdun,48.7382,2.40835,Nuit avec éclairage allumé,En agglomération,Intersection en T,Normale,Deux véhicules - frontale,3,2, -1,0,2,1,1,5,1,-1,2,2,0,0,0,2,56.0,47.0,voiture,utilitaire_camion,5,2,3,1,1
202300047625,2023-05-10 20:40:00,2023,5,10,20,40,75,75114,AVENUE DU MAINE,48.828266,2.326707,Nuit avec éclairage allumé,En agglomération,Intersection en T,Pluie légère,Autre collision,4,2,2,0,1,1,2,0,1,30,1,2,1,0,0,1,34.0,,voiture,,5,2,3,2,6
202300047625,2023-05-10 20:40:00,2023,5,10,20,40,75,75114,AVENUE DU MAINE,48.828266,2.326707,Nuit avec éclairage allumé,En agglomération,Intersection en T,Pluie légère,Autre collision,4,2,1,3,1,1,2,0,1,30,1,2,1,0,0,1,34.0,,voiture,,5,2,3,2,6
202300047626,2023-08-29 01:37:00,2023,8,29,1,37,49,49007,LEROY PLACE,47.4646,-0.54903,Nuit avec éclairage allumé,En agglomération,Hors intersection,Normale,Sans collision,4,4,3,0,1,2,1,0,1,30,1,1,0,0,0,1,21.0,,deux_roues,,5,2,1,1,7
202300047627,2023-12-06 07:20:00,2023,12,6,7,20,28,28233,Départementale 955,48.121098,1.281796,Crépuscule ou aube,Hors agglomération,Hors intersection,Normale,Deux véhicules - frontale,3,3,2,0,1,1,1,0,1,90,2,2,0,1,1,0,26.0,61.0,voiture,voiture,2,1,1,1,1
202300047628,2023-04-03 08:36:00,2023,4,3,8,36,94,94070,Route de Paris,48.71777577,2.57017744,Plein jour,En agglomération,Intersection en T,Temps couvert,Deux véhicules - frontale,2,3,3,0,1,1,1,0,1,70,2,2,1,0,0,1,25.0,33.0,deux_roues,voiture,1,2,3,8,1
202300047628,2023-04-03 08:36:00,2023,4,3,8,36,94,94070,Route de Paris,48.71777577,2.57017744,Plein jour,En agglomération,Intersection en T,Temps couvert,Deux véhicules - frontale,2,3,2,0,1,1,1,0,1,-1,2,2,1,0,0,1,25.0,33.0,deux_roues,voiture,1,2,3,8,1
202300047629,2023-08-27 19:36:00,2023,8,27,19,36,45,45068,25 Rue Pascal,48.01723464,2.71717966,Plein jour,En agglomération,Hors intersection,Temps couvert,Sans collision,4,2,2,0,1,2,1,0,1,30,1,1,0,0,1,0,28.0,,deux_roues,,1,2,1,8,7
202300047630,2023-05-10 17:20:00,2023,5,10,17,20,75,75114,AVENUE DU GENERAL LECLERC,48.833671,2.331833,Plein jour,En agglomération,Intersection en X,Pluie légère,Autre collision,4,2,5,3,1,1,2,8,1,50,1,2,1,0,0,1,34.0,,transport_commun,,1,2,2,2,6
202300047630,2023-05-10 17:20:00,2023,5,10,17,20,75,75114,AVENUE DU GENERAL LECLERC,48.833671,2.331833,Plein jour,En agglomération,Intersection en X,Pluie légère,Autre collision,4,2,2,3,1,1,2,8,1,30,1,2,1,0,0,1,34.0,,transport_commun,,1,2,2,2,6
202300047631,2023-04-03 19:40:00,2023,4,3,19,40,93,93066,Rue du Landy,48.91533857,2.35298663,Plein jour,En agglomération,Hors intersection,Normale,Autre collision,3,2,2,1,1,1,1,0,5,50,1,2,1,0,0,1,30.0,,deux_roues,,1,2,1,1,6
202300047632,2023-12-06 07:15:00,2023,12,6,7,15,974,97401,LITTORAL,-21.249895,55.321462,Plein jour,Hors agglomération,Hors intersection,Normale,Deux véhicules - frontale,2,2,2,1,1,3,1,0,5,90,2,2,0,0,0,2,51.0,71.0,voiture,deux_roues,1,1,1,1,1
202300047633,2023-08-25 15:40:00,2023,8,25,15,40,41,41212,NATIONALE (ROUTE),47.56509,1.36744,Plein jour,En agglomération,Hors intersection,Normale,Autre collision,4,2,2,0,1,1,1,0,1,50,1,2,0,0,0,2,60.0,,deux_roues,,1,2,1,1,6
202300047634,2023-12-05 17:45:00,2023,12,5,17,45,62,62706,D166,50.578945,2.738729,Nuit avec éclairage allumé,En agglomération,Hors intersection,Normale,Autre collision,3,2,2,0,1,1,2,0,1,50,1,2,1,0,1,0,28.0,,voiture,,5,2,1,1,6
202300047635,2023-05-11 17:00:00,2023,5,11,17,0,75,75113,PONT CHARLES DE GAULLE,48.84230343,2.36860514,Plein jour,En agglomération,Hors intersection,Normale,Deux véhicules - frontale,4,2,5,1,1,1,1,0,5,25,2,2,1,0,0,1,,42.0,deux_roues,deux_roues,1,2,1,1,1
202300047636,2023-04-03 19:35:00,2023,4,3,19,35,93,93055,Avenue du Général Leclerc,48.89789752,2.4055417,Plein jour,En agglomération,Hors intersection,Normale,Deux véhicules - arrière,3,2,2,2,1,1,1,0,5,50,2,2,1,0,0,1,35.0,44.0,deux_roues,deux_roues,1,2,1,1,2
202300047637,2023-04-03 13:55:00,2023,4,3,13,55,93,93055,Rue Denis Papin,48.90211,2.39752,Plein jour,En agglomération,Hors intersection,Normale,Deux véhicules - arrière,4,1,1,0,1,1,1,0,1,50,2,2,1,0,0,1,30.0,16.0,voiture,deux_roues,1,2,1,1,2
202300047638,2023-12-06 12:30:00,2023,12,6,12,30,62,62520,D945,50.576335,2.646546,Plein jour,Hors agglomération,Hors intersection,Normale,Deux véhicules - frontale,3,2,2,0,1,1,1,0,1,80,2,2,0,0,1,1,40.0,57.0,voiture,voiture,1,1,1,1,1
202300047639,2023-08-28 17:35:00,2023,8,28,17,35,38,38185,AVENUE DES MARTYRS,45.204,5.70221,Plein jour,En agglomération,Hors intersection,Pluie légère,Deux véhicules - côté,7,1,0,3,1,1,2,0,1,50,2,2,1,0,0,1,32.0,30.0,voiture,deux_roues,1,2,1,2,3
202300047640,2023-04-03 19:00:00,2023,4,3,19,0,93,93029,Avenue Henri Barbusse / Avenue Jean Jaurès,48.91993681,2.45153934,Plein jour,En agglomération,Intersection en X,Normale,Autre collision,3,2,3,0,1,1,1,0,1,50,1,2,1,0,0,1,40.0,,voiture,,1,2,2,1,6
202300047640,2023-04-03 19:00:00,2023,4,3,19,0,93,93029,Avenue Henri Barbusse / Avenue Jean Jaurès,48.91993681,2.45153934,Plein jour,En agglomération,Intersection en X,Normale,Autre collision,3,2,3,0,1,1,1,0,1,50,1,2,1,0,0,1,40.0,,voiture,,1,2,2,1,6
202300047641,2023-12-01 16:15:00,2023,12,1,16,15,14,14453,N13,49.307957,-0.82358,Crépuscule ou aube,Hors agglomération,Hors intersection,Neige / grêle,Deux véhicules - côté,2,3,4,0,1,1,7,0,1,110,2,3,2,0,0,1,21.0,61.0,voiture,voiture,2,1,1,4,3
202300047642,2023-08-28 19:00:00,2023,8,28,19,0,37,37261,BOURDAISIERE (ALLEE DE LA),47.38565,0.69606,Plein jour,En agglomération,Hors intersection,Normale,Deux véhicules - côté,4,2,0,0,1,1,1,0,1,50,2,2,1,0,0,1,18.0,8.0,utilitaire_camion,deux_roues,1,2,1,1,3
202300047643,2023-12-06 09:20:00,2023,12,6,9,20,50,50099,N13,49.31616,-1.234106,Plein jour,Hors agglomération,Hors intersection,Temps éblouissant,Autre collision,2,3,2,0,1,1,1,0,1,110,1,1,0,0,0,1,36.0,,voiture,,1,1,1,7,6
202300047644,2023-04-03 18:00:00,2023,4,3,18,0,93,93029,Rue de la Station,48.922629,2.426913,Plein jour,Hors agglomération,Hors intersection,Normale,Deux véhicules - côté,4,1,1,0,2,1,1,0,1,50,2,2,1,0,0,1,38.0,43.0,deux_roues,voiture,1,1,1,1,3
202300047645,2023-05-11 10:30:00,2023,5,11,10,30,75,75113,AVENUE D ITALIE,48.822786,2.358354,Plein jour,En agglomération,Intersection en T,Temps couvert,Deux véhicules - côté,4,2,6,1,1,1,1,0,1,30,2,2,1,0,0,1,,66.0,utilitaire_camion,deux_roues,1,2,3,8,3
202300047645,2023-05-11 10:30:00,2023,5,11,10,30,75,75113,AVENUE D ITALIE,48.822786,2.358354,Plein jour,En agglomération,Intersection en T,Temps couvert,Deux véhicules - côté,4,-1, -1,0,1,1,1,0,1,30,2,2,1,0,0,1,,66.0,utilitaire_camion,deux_roues,1,2,3,8,3
202300047646,2023-12-06 15:35:00,2023,12,6,15,35,30,30092,D6086,44.098804,4.602263,Plein jour,Hors agglomération,Hors intersection,Normale,Sans collision,3,2,2,0,1,1,1,0,3,80,1,1,0,1,0,0,66.0,,voiture,,1,1,1,1,7
202300047647,2023-08-28 06:00:00,2023,8,28,6,0,34,34003,cr des gentilhommes,43.288677,3.510717,Crépuscule ou aube,En agglomération,Hors intersection,Normale,Deux véhicules - côté,4,1,2,0,1,1,1,0,1,30,2,2,1,0,0,1,29.0,24.0,voiture,deux_roues,2,2,1,1,3
202300047648,2023-04-03 16:30:00,2023,4,3,16,30,93,93057,Allee du Soleil Levant / Allée Danielle Casanova,48.90736085,2.49579311,Plein jour,En agglomération,Intersection en T,Normale,Autre collision,3,1,1,-1,1,1,1,0,1,-1,1,2,1,0,1,0,55.0,,voiture,,1,2,3,1,6
202300047648,2023-04-03 16:30:00,2023,4,3,16,30,93,93057,Allee du Soleil Levant / Allée Danielle Casanova,48.90736085,2.49579311,Plein jour,En agglomération,Intersection en T,Normale,Autre collision,3,2,2,0,1,1,1,0,1,30,1,2,1,0,1,0,55.0,,voiture,,1,2,3,1,6
202300047649,2023-12-05 17:45:00,2023,12,5,17,45,83,83026,1 route du luc,43.418297,6.238775,Nuit sans éclairage public,Hors agglomération,Hors intersection,Normale,Deux véhicules - frontale,3,2,2,0,1,3,1,0,1,90,2,3,1,1,1,0,80.0,19.0,voiture,voiture,3,1,1,1,1
202300047650,2023-08-28 01:30:00,2023,8,28,1,30,33,33063,Cours de l'Yser,44.82558,-0.56971,Nuit avec éclairage allumé,En agglomération,Hors intersection,Normale,Autre collision,4,2,2,1,1,1,1,0,1,50,1,1,0,0,0,1,40.0,,deux_roues,,5,2,1,1,6
202300047651,2023-08-27 12:10:00,2023,8,27,12,10,29,29019,rue du Commandant Drogou,48.40508398,-4.49487805,Plein jour,En agglomération,Hors intersection,Normale,Autre collision,4,2,2,0,3,2,1,0,3,50,1,1,0,0,0,1,22.0,,deux_roues,,1,2,1,1,6
202300047652,2023-12-05 08:37:00,2023,12,5,8,37,51,51564,RD9,49.123461,4.108608,Plein jour,Hors agglomération,Hors intersection,Pluie légère,Trois véhicules et plus - en chaîne,3,2,2,0,1,3,2,0,1,80,3,3,2,0,0,1,40.0,22.0,voiture,voiture,1,1,1,2,4
202300047653,2023-04-02 00:06:00,2023,4,2,0,6,93,93001,Avenue de la République / Rue André Karman,48.91107,2.38468,Nuit avec éclairage allumé,En agglomération,Intersection à plus de 4 branches,Normale,Deux véhicules - arrière,3,1,1,-1,1,1,1,0,1,-1,2,4,3,0,0,1,20.0,31.0,voiture,voiture,5,2,5,1,2
202300047653,2023-04-02 00:06:00,2023,4,2,0,6,93,93001,Avenue de la République / Rue André Karman,48.91107,2.38468,Nuit avec éclairage allumé,En agglomération,Intersection à plus de 4 branches,Normale,Deux véhicules - arrière,3,2,2,3,1,1,1,9,1,50,2,4,3,0,0,1,20.0,31.0,voiture,voiture,5,2,5,1,2
202300047654,2023-05-10 23:00:00,2023,5,10,23,0,75,75112,BOULEVARD DE BERCY,48.839929,2.382357,Nuit avec éclairage allumé,En agglomération,Intersection en T,Normale,Deux véhicules - frontale,4,2,2,0,1,1,1,0,1,30,2,2,1,0,0,1,38.0,46.0,deux_roues,voiture,5,2,3,1,1
202300047654,2023-05-10 23:00:00,2023,5,10,23,0,75,75112,BOULEVARD DE BERCY,48.839929,2.382357,Nuit avec éclairage allumé,En agglomération,Intersection en T,Normale,Deux véhicules - frontale,4,2,2,0,1,1,1,0,1,30,2,2,1,0,0,1,38.0,46.0,deux_roues,voiture,5,2,3,1,1
202300047655,2023-08-28 19:20:00,2023,8,28,19,20,27,27681,LECLERC (BOULEVARD DU MARECHAL),49.09577,1.48443,Plein jour,En agglomération,Hors intersection,Normale,Deux véhicules - arrière,4,2,2,0,1,1,1,0,1,50,2,2,1,0,0,1,72.0,20.0,voiture,voiture,1,2,1,1,2
202300047656,2023-10-18 20:00:00,2023,10,18,20,0,19,19274,,45.182171,1.495491,Nuit sans éclairage public,Hors agglomération,Intersection en X,Pluie légère,Deux véhicules - frontale,3,2,2,0,1,1,2,0,1,70,2,2,1,0,0,1,20.0,39.0,voiture,voiture,3,1,2,2,1
202300047656,2023-10-18 20:00:00,2023,10,18,20,0,19,19274,,45.182171,1.495491,Nuit sans éclairage public,Hors agglomération,Intersection en X,Pluie légère,Deux véhicules - frontale,3,2, -1,-1,1,1,2,0,1,-1,2,2,1,0,0,1,20.0,39.0,voiture,voiture,3,1,2,2,1
202300047657,2023-12-06 07:55:00,2023,12,6,7,55,56,56090,Le Rongeau,47.874686,-3.208,Crépuscule ou aube,Hors agglomération,Hors intersection,Normale,Autre collision,3,2,2,0,2,2,1,0,3,80,1,1,0,0,1,0,34.0,,voiture,,2,1,1,1,6
202300047658,2023-08-28 12:25:00,2023,8,28,12,25,27,27375,CHAMP DE VILLE (PLACE DU),49.21025,1.16538,Plein jour,En agglomération,Hors intersection,Normale,Autre collision,3,-1,1,0,1,1,1,0,1,50,1,2,1,0,0,1,26.0,,voiture,,1,2,1,1,6
202300047659,2023-04-03 17:20:00,2023,4,3,17,20,92,92064,DAILLY,48.84261,2.22113,Plein jour,En agglomération,Hors intersection,Normale,Deux véhicules - arrière,3,2,3,0,2,1,1,0,1,50,2,2,1,0,0,1,23.0,60.0,deux_roues,voiture,1,2,1,1,2
202300047660,2023-12-06 07:15:00,2023,12,6,7,15,76,76612,départementale 26,49.83218166,1.67040128,Nuit sans éclairage public,Hors agglomération,Hors intersection,Brouillard / fumée,Autre collision,3,2,2,0,1,1,2,0,8,80,1,1,0,0,1,0,36.0,,voiture,,3,1,1,5,6
202300047661,2023-08-25 14:00:00,2023,8,25,14,0,22,22106,SAINT-ILAN (RUE DE),48.50481,-2.70671,Plein jour,En agglomération,Hors intersection,Normale,Autre collision,4,2,2,0,1,1,1,0,1,50,1,2,1,0,0,1,67.0,,voiture,,1,2,1,1,6
202300047662,2023-05-11 19:05:00,2023,5,11,19,5,75,75111,RUE JEAN PIERRE TIMBAUD,48.868932,2.380457,Plein jour,En agglomération,Intersection en X,Pluie légère,Autre collision,4,-1, -1,0,1,1,2,8,1,30,1,2,1,0,0,1,28.0,,deux_roues,,1,2,2,2,6
202300047662,2023-05-11 19:05:00,2023,5,11,19,5,75,75111,RUE JEAN PIERRE TIMBAUD,48.868932,2.380457,Plein jour,En agglomération,Intersection en X,Pluie légère,Autre collision,4,1,1,0,2,1,2,8,1,30,1,2,1,0,0,1,28.0,,deux_roues,,1,2,2,2,6
202300047663,2023-04-02 02:10:00,2023,4,2,2,10,92,92064,GENERAL LECLERC,48.84144,2.20712,Nuit avec éclairage allumé,En agglomération,Hors intersection,Pluie légère,Sans collision,3,2,0,0,1,1,2,0,1,30,1,2,1,0,0,1,31.0,,voiture,,5,2,1,2,7
202300047664,2023-12-06 19:00:00,2023,12,6,19,0,76,76367,D121,49.503837,1.098289,Nuit sans éclairage public,Hors agglomération,Hors intersection,Pluie légère,Autre collision,7,2,2,0,2,1,2,0,1,80,1,1,0,0,1,0,42.0,,deux_roues,,3,1,1,2,6
202300047665,2023-08-24 14:00:00,2023,8,24,14,0,22,22113,MENDES FRANCE (BOULEVARD),48.73116,-3.46511,Plein jour,En agglomération,Hors intersection,Normale,Deux véhicules - côté,4,2,2,0,1,1,1,0,1,50,2,2,1,0,0,1,21.0,35.0,voiture,deux_roues,1,2,1,1,3
202300047666,2023-04-03 14:51:00,2023,4,3,14,51,92,92044,MARIUS AUFAN(RUE) 1A67 ET 2A78,48.88999144,2.28505567,Plein jour,En agglomération,Intersection en X,Normale,Deux véhicules - côté,4,1,#VALEURMULTI,0,1,1,1,0,1,50,2,2,1,0,0,1,45.0,38.0,deux_roues,voiture,1,2,2,1,3
202300047667,2023-11-24 07:40:00,2023,11,24,7,40,79,79174,,46.207848,-0.149249,Crépuscule ou aube,Hors agglomération,Intersection en X,Normale,Trois véhicules et plus - collisions multiples,3,3,3,3,1,1,1,3,3,70,3,3,2,0,1,0,34.0,16.0,voiture,deux_roues,2,1,2,1,5
202300047667,2023-11-24 07:40:00,2023,11,24,7,40,79,79174,,46.207848,-0.149249,Crépuscule ou aube,Hors agglomération,Intersection en X,Normale,Trois véhicules et plus - collisions multiples,3,2,2,-1,3,2,1,5,1,50,3,3,2,0,1,0,34.0,16.0,voiture,deux_roues,2,1,2,1,5
202300047667,2023-11-24 07:40:00,2023,11,24,7,40,79,79174,,46.207848,-0.149249,Crépuscule ou aube,Hors agglomération,Intersection en X,Normale,Trois véhicules et plus - collisions multiples,3,2,2,-1,4,1,1,5,1,80,3,3,2,0,1,0,34.0,16.0,voiture,deux_roues,2,1,2,1,5
202300047668,2023-05-10 15:50:00,2023,5,10,15,50,75,75111,AVENUE PARMENTIER,48.860154,2.37875,Plein jour,En agglomération,Intersection en T,Pluie forte,Autre collision,4,2,2,0,1,1,2,0,1,30,1,2,1,0,0,1,25.0,,voiture,,1,2,3,3,6
202300047668,2023-05-10 15:50:00,2023,5,10,15,50,75,75111,AVENUE PARMENTIER,48.860154,2.37875,Plein jour,En agglomération,Intersection en T,Pluie forte,Autre collision,4,1, -1,0,1,1,2,0,1,30,1,2,1,0,0,1,25.0,,voiture,,1,2,3,3,6
202300047669,2023-12-04 10:30:00,2023,12,4,10,30,2B,2B207,ALLÉE DES MURIERS PLATANES,42.444522,9.50911,Plein jour,En agglomération,Hors intersection,Pluie légère,Sans collision,3,2,2,0,1,3,2,0,1,50,1,1,0,0,0,1,15.0,,deux_roues,,1,2,1,2,7
202300047670,2023-08-26 19:40:00,2023,8,26,19,40,14,14069,103 Route d’Orbec,49.130014,0.265693,Plein jour,En agglomération,Hors intersection,Pluie légère,Deux véhicules - arrière,3,3,2,0,1,1,2,0,1,50,2,3,2,0,0,1,72.0,26.0,voiture,deux_roues,1,2,1,2,2
202300047671,2023-12-06 03:10:00,2023,12,6,3,10,82,82087,1130 Route de Lauzerte,44.142798,1.197006,Nuit sans éclairage public,Hors agglomération,Hors intersection,Brouillard / fumée,Autre collision,3,2,2,0,2,2,2,0,8,80,1,1,0,1,0,0,48.0,,voiture,,3,1,1,5,6
202300047672,2023-04-03 12:50:00,2023,4,3,12,50,92,92004,ROBERT LAVERGNE ( RUE ),48.92853353,2.27260217,Plein jour,En agglomération,Hors intersection,Normale,Autre collision,4,-1,1,0,1,1,1,0,1,50,1,2,1,0,0,1,47.0,,voiture,,1,2,1,1,6
202300047673,2023-08-25 18:15:00,2023,8,25,18,15,14,14487,Route de Lisieux,49.166693,0.227726,Plein jour,Hors agglomération,Hors intersection,Normale,Deux véhicules - frontale,3,3,3,0,2,2,1,0,1,90,2,3,0,0,1,2,56.0,56.0,voiture,voiture,1,1,1,1,1
202300047674,2023-05-11 14:00:00,2023,5,11,14,0,75,75110,BOULEVARD DE MAGENTA,48.875784,2.356502,Plein jour,En agglomération,Intersection en T,Pluie légère,Deux véhicules - arrière,4,2,4,0,1,1,2,0,1,50,2,2,1,0,0,1,40.0,,deux_roues,voiture,1,2,3,2,2
202300047674,2023-05-11 14:00:00,2023,5,11,14,0,75,75110,BOULEVARD DE MAGENTA,48.875784,2.356502,Plein jour,En agglomération,Intersection en T,Pluie légère,Deux véhicules - arrière,4,-1, -1,1,1,1,2,0,1,30,2,2,1,0,0,1,40.0,,deux_roues,voiture,1,2,3,2,2
202300047675,2023-12-05 13:33:00,2023,12,5,13,33,71,71543,Avenue des Alpes,46.563408,4.918903,Plein jour,En agglomération,Hors intersection,Pluie légère,Deux véhicules - frontale,3,2,2,0,1,1,2,0,1,50,2,2,1,0,0,1,37.0,43.0,voiture,voiture,1,2,1,2,1
202300047676,2023-04-04 12:30:00,2023,4,4,12,30,09,09338,Route de Saint Sernin,43.20886,1.42155,Plein jour,Hors agglomération,Hors intersection,Normale,Deux véhicules - frontale,3,2,2,0,1,1,9,0,1,80,2,2,0,0,1,1,48.0,24.0,voiture,voiture,1,1,1,1,1
202300047677,2023-08-28 19:00:00,2023,8,28,19,0,13,13215,SAINT ANTOINE (AVENUE DE),43.37315,5.35605,Plein jour,En agglomération,Hors intersection,Vent fort / tempête,Deux véhicules - côté,4,1,2,3,1,1,1,0,6,50,2,2,1,0,0,1,28.0,29.0,deux_roues,voiture,1,2,1,6,3
202300047678,2023-12-06 07:50:00,2023,12,6,7,50,63,63378,,45.67141981,3.22385912,Crépuscule ou aube,Hors agglomération,Hors intersection,Normale,Autre collision,3,2,2,0,2,2,2,0,1,70,1,1,0,0,1,0,17.0,,deux_roues,,2,1,1,1,6
202300047679,2023-02-04 05:15:00,2023,2,4,5,15,56,56166,Place Antoine le Floch,47.91577,-3.332435,Nuit avec éclairage allumé,En agglomération,Hors intersection,Normale,Autre collision,3,2,2,0,1,3,1,0,4,50,1,2,1,0,1,0,20.0,,voiture,,5,2,1,1,6
202300047680,2023-05-11 12:54:00,2023,5,11,12,54,75,75110,PLACE DU COLONEL FABIEN,48.877673,2.370157,Plein jour,En agglomération,Place,Temps couvert,Deux véhicules - côté,4,-1, -1,0,1,1,2,0,1,30,2,2,1,0,0,1,55.0,26.0,utilitaire_camion,deux_roues,1,2,7,8,3
202300047680,2023-05-11 12:54:00,2023,5,11,12,54,75,75110,PLACE DU COLONEL FABIEN,48.877673,2.370157,Plein jour,En agglomération,Place,Temps couvert,Deux véhicules - côté,4,2,2,1,1,3,2,0,1,30,2,2,1,0,0,1,55.0,26.0,utilitaire_camion,deux_roues,1,2,7,8,3
202300047681,2023-12-02 16:05:00,2023,12,2,16,5,61,61503,D48 PR 5+840,48.648609,-0.136529,Plein jour,Hors agglomération,Hors intersection,Normale,Autre collision,3,2,2,0,1,1,1,0,3,90,1,1,0,0,1,0,82.0,,voiture,,1,1,1,1,6
202300047682,2023-08-24 16:30:00,2023,8,24,16,30,13,13203,STRASBOURG (BOULEVARD),43.30900979,5.37835802,Plein jour,En agglomération,Intersection en X,Normale,Deux véhicules - côté,4,1,1,0,1,1,1,0,1,50,2,2,0,0,1,0,31.0,,deux_roues,voiture,1,2,2,1,3
202300047682,2023-08-24 16:30:00,2023,8,24,16,30,13,13203,STRASBOURG (BOULEVARD),43.30900979,5.37835802,Plein jour,En agglomération,Intersection en X,Normale,Deux véhicules - côté,4,2,2,0,2,1,1,5,1,50,2,2,0,0,1,0,31.0,,deux_roues,voiture,1,2,2,1,3
202300047683,2023-08-28 10:15:00,2023,8,28,10,15,11,11069,9 Boulevard Jules Guesde,43.20855,2.33132,Plein jour,En agglomération,Hors intersection,Normale,Autre collision,4,2,2,0,1,1,1,0,1,50,1,1,0,0,0,1,24.0,,voiture,,1,2,1,1,6
202300047684,2023-03-29 15:30:00,2023,3,29,15,30,33,33393,D910,44.976009,-0.213279,Plein jour,Hors agglomération,Intersection en T,Normale,Deux véhicules - côté,3,2,2,0,1,1,1,5,1,80,2,2,1,0,1,0,39.0,42.0,voiture,deux_roues,1,1,3,1,3
202300047684,2023-03-29 15:30:00,2023,3,29,15,30,33,33393,D910,44.976009,-0.213279,Plein jour,Hors agglomération,Intersection en T,Normale,Deux véhicules - côté,3,2, -1,-1,1,3,1,5,1,-1,2,2,1,0,1,0,39.0,42.0,voiture,deux_roues,1,1,3,1,3
202300047685,2023-12-05 17:10:00,2023,12,5,17,10,49,49323,Route Départementale N°323 de Paris à Nantes (Saint-Sylvain-d'Anjou),47.501699,-0.484723,Crépuscule ou aube,Hors agglomération,Hors intersection,Normale,Trois véhicules et plus - collisions multiples,3,2,0,0,1,1,1,0,1,80,3,3,2,0,1,0,26.0,60.0,deux_roues,voiture,2,1,1,1,5
202300047686,2023-05-11 16:45:00,2023,5,11,16,45,75,75107,QUAI ANATOLE FRANCE,48.862014,2.321173,Plein jour,En agglomération,Hors intersection,Normale,Deux véhicules - arrière,4,2,3,1,1,1,1,0,1,30,2,2,1,0,0,1,53.0,72.0,deux_roues,voiture,1,2,1,1,2
202300047687,2023-08-27 22:40:00,2023,8,27,22,40,11,11069,ROCADE SUD RD 6161,43.20339,2.37815,Nuit sans éclairage public,Hors agglomération,Hors intersection,Temps couvert,Sans collision,3,-1,2,0,2,1,2,0,1,80,1,1,0,0,0,1,58.0,,deux_roues,,3,1,1,8,7
202300047688,2023-03-18 01:15:00,2023,3,18,1,15,81,81147,Lombers,43.80563,2.1828383,Nuit sans éclairage public,Hors agglomération,Hors intersection,Normale,Sans collision,3,3,2,0,3,3,1,5,3,90,1,3,2,0,1,0,21.0,,voiture,,3,1,1,1,7
202300047689,2023-12-05 21:40:00,2023,12,5,21,40,47,47209,Route de Riols,44.245207,0.675686,Nuit sans éclairage public,Hors agglomération,Hors intersection,Brouillard / fumée,Autre collision,4,2,2,0,2,1,2,0,3,80,1,4,1,0,1,2,18.0,,voiture,,3,1,1,5,6
202300047690,2023-12-06 11:55:00,2023,12,6,11,55,38,38505,Route départementale 130,45.313936,5.133791,Plein jour,Hors agglomération,Hors intersection,Temps couvert,Sans collision,3,2,2,0,1,1,1,0,3,80,1,1,0,0,1,0,64.0,,voiture,,1,1,1,8,7