accident_id,datetime,annee,mois,jour,heure,minute,departement,commune_insee,adresse,latitude,longitude,luminosite,agglomeration,intersection,meteo,collision,catr,circ,nbv,vosp,prof,plan,surf,infra,situ,vma,nb_vehicules,nb_usagers,nb_indemnes,nb_tues,nb_blesses_hosp,nb_blesses_legers,age_cond_1,age_cond_2,veh_type_cond_1,veh_type_cond_2,lum_code,agg_code,int_code,atm_code,col_code
202300048110,2023-08-27 08:00:00,2023,8,27,8,0,75,75107,AVENUE DU MARECHAL GALLIENI,48.859645,2.313067,Plein jour,En agglomération,Intersection en T,Normale,Autre collision,4,1,2,1,1,1,1,0,1,30,1,1,0,0,0,1,24.0,,deux_roues,,1,2,3,1,6
202300048110,2023-08-27 08:00:00,2023,8,27,8,0,75,75107,AVENUE DU MARECHAL GALLIENI,48.859645,2.313067,Plein jour,En agglomération,Intersection en T,Normale,Autre collision,4,-1, -1,-1,1,1,1,0,1,30,1,1,0,0,0,1,24.0,,deux_roues,,1,2,3,1,6
202300048111,2023-02-19 15:30:00,2023,2,19,15,30,85,85298,les pierres garatelles,46.593943,-1.759722,Plein jour,Hors agglomération,Hors intersection,Normale,Deux véhicules - frontale,4,2,2,0,1,1,1,0,1,80,2,2,0,0,2,0,16.0,23.0,deux_roues,deux_roues,1,1,1,1,1
202300048112,2023-08-27 06:55:00,2023,8,27,6,55,94,94078,Avenue de Melun,48.72265,2.44363,Plein jour,En agglomération,Hors intersection,Normale,Autre collision,2,2,0,0,1,3,1,0,1,50,1,1,0,0,0,1,27.0,,voiture,,1,2,1,1,6
202300048113,2023-02-18 00:00:00,2023,2,18,0,0,85,85016,RD978,46.67304,-1.615706,Nuit sans éclairage public,Hors agglomération,Hors intersection,Brouillard / fumée,Autre collision,3,2,2,0,2,3,1,0,3,80,1,1,0,0,1,0,21.0,,voiture,,3,1,1,5,6
202300048114,2023-08-26 04:16:00,2023,8,26,4,16,94,94037,71 Avenue Paul Vaillant-couturier,48.81635,2.34097,Nuit avec éclairage allumé,En agglomération,Hors intersection,Normale,Autre collision,3,2,2,0,1,1,1,0,1,50,1,2,1,0,0,1,35.0,,voiture,,5,2,1,1,6
202300048115,2023-02-19 16:05:00,2023,2,19,16,5,29,29022,Le Poteau Bleu,48.268398,-4.577608,Plein jour,Hors agglomération,Hors intersection,Normale,Autre collision,3,3,2,0,1,2,1,0,3,80,1,1,0,0,1,0,59.0,,deux_roues,,1,1,1,1,6
202300048116,2023-08-27 20:30:00,2023,8,27,20,30,94,94071,Rue Maurice Berteaux,48.77405978,2.51680503,Nuit avec éclairage allumé,En agglomération,Hors intersection,Pluie légère,Autre collision,3,2,2,0,2,1,2,0,1,50,1,2,1,0,1,0,22.0,,voiture,,5,2,1,2,6
202300048117,2023-02-18 18:50:00,2023,2,18,18,50,13,13215,A55-Sens Martigues vers Marseille,43.34814376,5.34490278,Nuit sans éclairage public,Hors agglomération,Hors intersection,Normale,Sans collision,1,-1,2,0,1,1,1,0,1,90,1,1,0,0,0,1,32.0,,voiture,,3,1,1,1,7
202300048118,2023-12-04 07:50:00,2023,12,4,7,50,94,94068,57 Boulevard de Créteil,48.798222,2.480968,Nuit avec éclairage allumé,En agglomération,Hors intersection,Pluie légère,Autre collision,3,2,2,0,1,1,2,0,1,30,1,3,2,0,0,1,32.0,,voiture,,5,2,1,2,6
202300048119,2023-08-27 19:15:00,2023,8,27,19,15,94,94011,Avenue Georges Brassens,48.76007,2.49499,Plein jour,En agglomération,Hors intersection,Pluie légère,Deux véhicules - côté,4,2,2,0,1,1,2,0,1,50,2,3,1,0,0,2,64.0,19.0,utilitaire_camion,deux_roues,1,2,1,2,3
202300048120,2023-02-17 17:20:00,2023,2,17,17,20,13,13071,A7-Sens Lyon vers Marseille,43.406411,5.292023,Plein jour,Hors agglomération,Hors intersection,Normale,Autre collision,1,-1,2,0,1,3,1,3,1,90,1,1,0,0,0,1,27.0,,voiture,,1,1,1,1,6
202300048121,2023-12-04 18:00:00,2023,12,4,18,0,94,94002,Rue Etienne Dolet,48.793245,2.425534,Nuit avec éclairage allumé,En agglomération,Hors intersection,Pluie forte,Autre collision,4,1,1,0,1,1,2,0,1,30,1,2,1,0,0,1,,,voiture,,5,2,1,3,6
202300048122,2023-02-17 16:14:00,2023,2,17,16,14,13,13071,A7-Sens Lyon vers Marseille,43.412697,5.281696,Plein jour,Hors agglomération,Hors intersection,Normale,Deux véhicules - arrière,1,1,2,0,1,2,1,3,1,90,2,3,1,0,0,2,35.0,22.0,voiture,voiture,1,1,1,1,2
202300048123,2023-08-27 12:15:00,2023,8,27,12,15,93,93062,Avenue de la Résistance / Allée Nicolas Carnot,48.8926,2.51286,Plein jour,En agglomération,Intersection en X,Normale,Deux véhicules - côté,3,2,2,0,1,3,1,0,1,50,2,3,1,0,1,1,30.0,66.0,voiture,deux_roues,1,2,2,1,3
202300048123,2023-08-27 12:15:00,2023,8,27,12,15,93,93062,Avenue de la Résistance / Allée Nicolas Carnot,48.8926,2.51286,Plein jour,En agglomération,Intersection en X,Normale,Deux véhicules - côté,3,2,2,0,2,1,1,0,1,50,2,3,1,0,1,1,30.0,66.0,voiture,deux_roues,1,2,2,1,3
202300048124,2023-02-18 22:45:00,2023,2,18,22,45,33,33281,ROCADE A 630,44.839,-0.675,Nuit sans éclairage public,Hors agglomération,Hors intersection,Normale,Deux véhicules - arrière,1,3,6,0,1,2,1,0,1,90,2,2,1,0,0,1,28.0,23.0,voiture,voiture,3,1,1,1,2
202300048125,2023-12-04 19:30:00,2023,12,4,19,30,94,94041,Rue Louis Bertrand,48.81695,2.37933,Nuit avec éclairage allumé,En agglomération,Intersection en X,Pluie légère,Autre collision,3,2,2,0,2,1,2,6,1,10,1,2,1,0,0,1,25.0,,deux_roues,,5,2,2,2,6
202300048125,2023-12-04 19:30:00,2023,12,4,19,30,94,94041,Rue Louis Bertrand,48.81695,2.37933,Nuit avec éclairage allumé,En agglomération,Intersection en X,Pluie légère,Autre collision,3,1,2,1,1,1,2,6,1,-1,1,2,1,0,0,1,25.0,,deux_roues,,5,2,2,2,6
202300048126,2023-08-27 16:25:00,2023,8,27,16,25,93,93032,Rue Jules Guesde / Rue Jean Moulin,48.88012,2.54509,Plein jour,En agglomération,Intersection en X,Normale,Deux véhicules - arrière,3,3,4,0,1,1,1,0,1,50,2,6,1,0,0,5,45.0,40.0,voiture,voiture,1,2,2,1,2
202300048126,2023-08-27 16:25:00,2023,8,27,16,25,93,93032,Rue Jules Guesde / Rue Jean Moulin,48.88012,2.54509,Plein jour,En agglomération,Intersection en X,Normale,Deux véhicules - arrière,3,2,2,0,1,1,1,0,1,-1,2,6,1,0,0,5,45.0,40.0,voiture,voiture,1,2,2,1,2
202300048127,2023-02-18 13:45:00,2023,2,18,13,45,91,91235,RN 104,48.625154,2.361403,Plein jour,Hors agglomération,Hors intersection,Normale,Trois véhicules et plus - en chaîne,2,3,3,0,1,1,1,0,1,110,3,4,3,0,0,1,30.0,49.0,voiture,voiture,1,1,1,1,4
202300048128,2023-08-27 17:45:00,2023,8,27,17,45,93,93031,Rue de Boussois,48.95720015,2.31717513,Plein jour,En agglomération,Hors intersection,Normale,Deux véhicules - frontale,4,2,2,0,1,2,1,0,4,50,2,2,1,0,0,1,23.0,23.0,voiture,voiture,1,2,1,1,1
202300048129,2023-02-17 19:10:00,2023,2,17,19,10,75,75116,A13Y,48.848456,2.2449,Nuit avec éclairage allumé,Hors agglomération,Hors intersection,Normale,Sans collision,1,1,4,0,1,1,1,0,1,70,1,1,0,0,0,1,19.0,,deux_roues,,5,1,1,1,7
202300048130,2023-12-03 01:30:00,2023,12,3,1,30,94,94011,Route de Stains,48.78004687,2.49299452,Nuit avec éclairage non allumé,En agglomération,Hors intersection,Normale,Autre collision,3,3,2,0,1,1,1,0,1,50,1,2,1,0,0,1,48.0,,voiture,,4,2,1,1,6
202300048131,2023-08-27 17:00:00,2023,8,27,17,0,93,93013,Avenue de la Division Leclerc,48.93155,2.42221,Plein jour,En agglomération,Hors intersection,Normale,Deux véhicules - côté,3,3,6,0,2,1,1,8,1,30,2,2,1,0,0,1,,37.0,voiture,deux_roues,1,2,1,1,3
202300048132,2023-02-18 00:00:00,2023,2,18,0,0,95,95018, A15,48.9496723,2.2802208,Nuit sans éclairage public,Hors agglomération,Hors intersection,Normale,Autre collision,1,3,8,0,1,1,1,0,1,90,1,1,0,0,0,1,21.0,,utilitaire_camion,,3,1,1,1,6
202300048133,2023-08-27 11:30:00,2023,8,27,11,30,93,93001,REPUBLIQUE (AVENUE DE LA),48.91362,2.38548,Plein jour,En agglomération,Intersection en X,Normale,Deux véhicules - côté,3,1,1,0,1,1,1,5,1,50,2,5,1,0,0,4,33.0,72.0,autre,voiture,1,2,2,1,3
202300048133,2023-08-27 11:30:00,2023,8,27,11,30,93,93001,REPUBLIQUE (AVENUE DE LA),48.91362,2.38548,Plein jour,En agglomération,Intersection en X,Normale,Deux véhicules - côté,3,1,1,0,1,1,1,5,1,50,2,5,1,0,0,4,33.0,72.0,autre,voiture,1,2,2,1,3
202300048134,2023-02-16 08:28:00,2023,2,16,8,28,92,92004,GALLIENI ( RUE ),48.909031,2.286713,Plein jour,En agglomération,Intersection en X,Normale,Autre collision,3,2,2,0,1,1,1,0,1,50,1,2,1,0,0,1,48.0,,deux_roues,,1,2,2,1,6
202300048134,2023-02-16 08:28:00,2023,2,16,8,28,92,92004,GALLIENI ( RUE ),48.909031,2.286713,Plein jour,En agglomération,Intersection en X,Normale,Autre collision,3,1,1,0,1,1,1,0,1,50,1,2,1,0,0,1,48.0,,deux_roues,,1,2,2,1,6
202300048135,2023-12-03 18:20:00,2023,12,3,18,20,94,94060,Rue du Général de Gaulle,48.7819,2.5698,Nuit avec éclairage allumé,Hors agglomération,Intersection en X,Temps couvert,Deux véhicules - frontale,3,1,2,0,2,1,7,0,1,50,2,2,1,0,1,0,18.0,43.0,voiture,voiture,5,1,2,8,1
202300048135,2023-12-03 18:20:00,2023,12,3,18,20,94,94060,Rue du Général de Gaulle,48.7819,2.5698,Nuit avec éclairage allumé,Hors agglomération,Intersection en X,Temps couvert,Deux véhicules - frontale,3,2,2,0,2,1,7,0,1,50,2,2,1,0,1,0,18.0,43.0,voiture,voiture,5,1,2,8,1
202300048136,2023-08-27 20:50:00,2023,8,27,20,50,92,92049,DE GAULLE BLD DU GENERAL,48.81541,2.32803,Nuit avec éclairage allumé,En agglomération,Hors intersection,Temps couvert,Sans collision,4,1,1,0,1,2,2,0,3,30,1,2,1,0,0,1,20.0,,deux_roues,,5,2,1,8,7
202300048137,2023-02-16 16:30:00,2023,2,16,16,30,78,78361,ALLEE DES ECRIVAINS,48.99906,1.6828,Plein jour,En agglomération,Hors intersection,Normale,Autre collision,4,-1,1,0,1,1,1,0,1,30,1,2,1,0,0,1,24.0,,utilitaire_camion,,1,2,1,1,6
202300048138,2023-12-04 18:25:00,2023,12,4,18,25,94,94069,Avenue Saint Maurice du Valais,48.81659729,2.45989801,Nuit avec éclairage allumé,En agglomération,Hors intersection,Normale,Sans collision,3,2,2,0,1,1,1,0,1,50,1,1,0,0,0,1,32.0,,deux_roues,,5,2,1,1,7
202300048139,2023-02-16 12:30:00,2023,2,16,12,30,988,98818,RUE FREDERIC EVENOR DE GRESLAN,-22.29723,166.44717,Plein jour,En agglomération,Hors intersection,Normale,Autre collision,4,1,1,0,3,1,1,0,1,30,1,2,1,0,0,1,45.0,,utilitaire_camion,,1,2,1,1,6
202300048140,2023-08-26 15:28:00,2023,8,26,15,28,92,92049,BROSSOLETTE AVENUE PIERRE,48.81626037,2.30593264,Plein jour,En agglomération,Intersection en X,Normale,Deux véhicules - côté,3,2,2,1,1,1,1,0,1,50,2,3,1,0,0,2,27.0,75.0,deux_roues,voiture,1,2,2,1,3
202300048140,2023-08-26 15:28:00,2023,8,26,15,28,92,92049,BROSSOLETTE AVENUE PIERRE,48.81626037,2.30593264,Plein jour,En agglomération,Intersection en X,Normale,Deux véhicules - côté,3,2,2,0,1,1,1,0,1,50,2,3,1,0,0,2,27.0,75.0,deux_roues,voiture,1,2,2,1,3
202300048141,2023-08-27 19:10:00,2023,8,27,19,10,92,92040,JEANNE D'ARC,48.83112955,2.27898949,Plein jour,En agglomération,Hors intersection,Pluie forte,Sans collision,3,1,2,0,1,1,2,0,1,50,1,1,0,0,0,1,41.0,,deux_roues,,1,2,1,3,7
202300048142,2023-02-17 15:00:00,2023,2,17,15,0,974,97411,BRASSENS (AVENUE GEORGES),-20.9017,55.488,Plein jour,En agglomération,Intersection en T,Normale,Deux véhicules - côté,4,2,2,0,2,2,1,0,1,50,2,2,1,0,0,1,33.0,26.0,voiture,deux_roues,1,2,3,1,3
202300048142,2023-02-17 15:00:00,2023,2,17,15,0,974,97411,BRASSENS (AVENUE GEORGES),-20.9017,55.488,Plein jour,En agglomération,Intersection en T,Normale,Deux véhicules - côté,4,2,2,0,2,3,1,0,1,50,2,2,1,0,0,1,33.0,26.0,voiture,deux_roues,1,2,3,1,3
202300048143,2023-08-27 13:00:00,2023,8,27,13,0,92,92012,REPUBLIQUE (BOULEVARD DE LA) 79/FIN - 76,48.83296,2.24633,Plein jour,En agglomération,Intersection en X,Normale,Deux véhicules - côté,3,2,4,1,1,1,1,0,1,50,2,2,1,0,0,1,34.0,26.0,voiture,deux_roues,1,2,2,1,3
202300048143,2023-08-27 13:00:00,2023,8,27,13,0,92,92012,REPUBLIQUE (BOULEVARD DE LA) 79/FIN - 76,48.83296,2.24633,Plein jour,En agglomération,Intersection en X,Normale,Deux véhicules - côté,3,1,2,1,1,1,1,0,1,50,2,2,1,0,0,1,34.0,26.0,voiture,deux_roues,1,2,2,1,3
202300048144,2023-02-17 09:00:00,2023,2,17,9,0,974,97411,LABOURDONNAIS,-20.87757,55.45058,Plein jour,En agglomération,Hors intersection,Normale,Deux véhicules - arrière,4,1,2,0,1,1,1,0,1,50,2,2,0,0,0,2,34.0,25.0,voiture,voiture,1,2,1,1,2
202300048145,2023-12-02 04:00:00,2023,12,2,4,0,94,94017,Avenue du Général de Gaulle,48.82723,2.51525,Nuit avec éclairage allumé,En agglomération,Hors intersection,Pluie légère,Deux véhicules - frontale,3,2,2,0,1,1,2,0,1,50,2,3,1,0,0,2,24.0,38.0,voiture,voiture,5,2,1,2,1
202300048146,2023-02-17 11:15:00,2023,2,17,11,15,973,97302,TROUBIRAN (CHEMIN DE),4.91712042,-52.30841205,Plein jour,En agglomération,Hors intersection,Normale,Autre collision,4,2,2,0,1,1,1,0,1,50,2,2,1,0,0,1,15.0,69.0,deux_roues,voiture,1,2,1,1,6
202300048147,2023-08-27 10:50:00,2023,8,27,10,50,60,60130,D931,49.373418,2.517822,Plein jour,Hors agglomération,Intersection en X,Normale,Deux véhicules - côté,3,1,2,0,1,1,1,0,1,70,2,4,1,0,1,2,20.0,77.0,voiture,voiture,1,1,2,1,3
202300048147,2023-08-27 10:50:00,2023,8,27,10,50,60,60130,D931,49.373418,2.517822,Plein jour,Hors agglomération,Intersection en X,Normale,Deux véhicules - côté,3,2,2,0,1,1,1,0,1,70,2,4,1,0,1,2,20.0,77.0,voiture,voiture,1,1,2,1,3
202300048148,2023-12-04 18:40:00,2023,12,4,18,40,93,93070,Rue la Clef des Champs / Rue Paulin Talabot,48.9145,2.32986,Nuit avec éclairage allumé,En agglomération,Intersection en T,Pluie forte,Autre collision,4,2,2,2,2,1,2,0,1,50,1,2,1,0,0,1,39.0,,voiture,,5,2,3,3,6
202300048148,2023-12-04 18:40:00,2023,12,4,18,40,93,93070,Rue la Clef des Champs / Rue Paulin Talabot,48.9145,2.32986,Nuit avec éclairage allumé,En agglomération,Intersection en T,Pluie forte,Autre collision,4,2,2,0,1,1,2,0,1,50,1,2,1,0,0,1,39.0,,voiture,,5,2,3,3,6
202300048149,2023-08-26 17:00:00,2023,8,26,17,0,976,97610,Longoni,-12.734746,45.164851,Plein jour,Hors agglomération,Hors intersection,Normale,Deux véhicules - frontale,2,-1,2,0,1,1,1,0,1,80,2,2,1,0,0,1,31.0,23.0,voiture,deux_roues,1,1,1,1,1
202300048150,2023-02-17 10:30:00,2023,2,17,10,30,69,69387,Avenue Jean Jaurès,45.75203,4.84592,Plein jour,En agglomération,Intersection en X,Normale,Deux véhicules - côté,4,1,2,2,1,1,1,0,1,50,2,2,1,0,0,1,39.0,28.0,voiture,deux_roues,1,2,2,1,3
202300048150,2023-02-17 10:30:00,2023,2,17,10,30,69,69387,Avenue Jean Jaurès,45.75203,4.84592,Plein jour,En agglomération,Intersection en X,Normale,Deux véhicules - côté,4,2,2,3,1,1,1,0,1,50,2,2,1,0,0,1,39.0,28.0,voiture,deux_roues,1,2,2,1,3
202300048151,2023-12-04 19:20:00,2023,12,4,19,20,93,93077,Avenue de la Station,48.88728,2.52117,Nuit avec éclairage allumé,En agglomération,Hors intersection,Pluie légère,Trois véhicules et plus - collisions multiples,4,2,2,0,1,1,2,0,1,50,3,3,2,0,0,1,22.0,22.0,deux_roues,utilitaire_camion,5,2,1,2,5
202300048152,2023-02-17 08:55:00,2023,2,17,8,55,69,69387,Avenue Debourg,45.73122136,4.83407395,Plein jour,En agglomération,Intersection en X,Normale,Deux véhicules - arrière,4,2,3,2,1,1,1,5,1,30,2,3,2,0,0,1,23.0,40.0,deux_roues,voiture,1,2,2,1,2
202300048152,2023-02-17 08:55:00,2023,2,17,8,55,69,69387,Avenue Debourg,45.73122136,4.83407395,Plein jour,En agglomération,Intersection en X,Normale,Deux véhicules - arrière,4,2,2,2,1,1,1,0,1,30,2,3,2,0,0,1,23.0,40.0,deux_roues,voiture,1,2,2,1,2
202300048153,2023-08-27 12:00:00,2023,8,27,12,0,49,49063,D751,47.346907,-0.721037,Plein jour,Hors agglomération,Hors intersection,Normale,Trois véhicules et plus - collisions multiples,3,2,2,0,2,4,1,0,1,70,3,5,0,0,2,3,57.0,64.0,deux_roues,voiture,1,1,1,1,5
202300048154,2023-12-04 15:05:00,2023,12,4,15,5,93,93062,Allée du Plateau,48.90152,2.52881,Plein jour,En agglomération,Hors intersection,Pluie légère,Deux véhicules - frontale,4,2,2,0,3,1,2,9,1,50,2,3,1,0,0,2,79.0,20.0,voiture,voiture,1,2,1,2,1
202300048155,2023-02-17 14:00:00,2023,2,17,14,0,69,69389,15 Avenue Sidoine Apollinaire,45.77416127,4.79490177,Plein jour,En agglomération,Hors intersection,Normale,Autre collision,9,2,2,0,1,1,1,9,1,-1,1,2,1,0,1,0,26.0,,voiture,,1,2,1,1,6
202300048156,2023-08-24 13:30:00,2023,8,24,13,30,35,35128,le champ fleury 35440,48.276617,-1.72715,Plein jour,Hors agglomération,Hors intersection,Normale,Trois véhicules et plus - collisions multiples,3,2,2,0,1,3,1,0,1,70,3,3,2,0,1,0,33.0,37.0,voiture,voiture,1,1,1,1,5
202300048157,2023-02-17 18:10:00,2023,2,17,18,10,971,97101,Rue Hubert FAROUIL,16.27012,-61.4984,Nuit avec éclairage allumé,Hors agglomération,Hors intersection,Pluie légère,Deux véhicules - côté,4,2,2,0,1,3,2,0,1,50,2,2,1,0,1,0,21.0,48.0,deux_roues,utilitaire_camion,5,1,1,2,3
202300048158,2023-08-27 01:00:00,2023,8,27,1,0,972,97225,départementale 10,14.764041,-61.192303,Nuit sans éclairage public,Hors agglomération,Hors intersection,Normale,Autre collision,3,2,2,0,1,1,1,0,1,70,1,2,0,0,1,1,30.0,,deux_roues,,3,1,1,1,6
202300048159,2023-12-04 08:00:00,2023,12,4,8,0,93,93053,Avenue Galliéni / Avenue d'Alsace Lorraine,48.89775,2.46235,Crépuscule ou aube,En agglomération,Giratoire,Pluie légère,Autre collision,3,2,2,0,1,1,2,0,1,30,1,2,1,0,0,1,,,voiture,,2,2,6,2,6
202300048159,2023-12-04 08:00:00,2023,12,4,8,0,93,93053,Avenue Galliéni / Avenue d'Alsace Lorraine,48.89775,2.46235,Crépuscule ou aube,En agglomération,Giratoire,Pluie légère,Autre collision,3,3,2,3,1,1,2,0,1,30,1,2,1,0,0,1,,,voiture,,2,2,6,2,6
202300048160,2023-08-28 06:00:00,2023,8,28,6,0,62,62531,D224,50.848955,1.977212,Nuit sans éclairage public,Hors agglomération,Hors intersection,Normale,Autre collision,3,2,2,0,1,3,1,0,3,80,1,1,0,0,1,0,46.0,,utilitaire_camion,,3,1,1,1,6
202300048161,2023-02-17 13:23:00,2023,2,17,13,23,95,95127,Boulevard de l'Hautil,49.03466,2.08273,Plein jour,En agglomération,Giratoire,Normale,Autre collision,4,3,4,3,1,1,1,5,6,50,1,2,1,0,0,1,47.0,,transport_commun,,1,2,6,1,6
202300048161,2023-02-17 13:23:00,2023,2,17,13,23,95,95127,Boulevard de l'Hautil,49.03466,2.08273,Plein jour,En agglomération,Giratoire,Normale,Autre collision,4,3,4,3,1,1,1,5,1,50,1,2,1,0,0,1,47.0,,transport_commun,,1,2,6,1,6
202300048162,2023-12-04 14:07:00,2023,12,4,14,7,93,93046,Parking Allée de l'Est,48.92764,2.55298,Plein jour,En agglomération,Hors intersection,Temps couvert,Deux véhicules - côté,6,-1, -1,0,1,1,2,9,8,-1,2,2,1,0,0,1,33.0,34.0,voiture,voiture,1,2,1,8,3
202300048163,2023-09-27 17:45:00,2023,9,27,17,45,33,33080,Avenue de Toulouse,44.730903,-0.532207,Plein jour,Hors agglomération,Intersection en T,Normale,Deux véhicules - côté,3,2,2,0,1,1,1,0,1,80,2,2,1,0,1,0,65.0,32.0,voiture,deux_roues,1,1,3,1,3
202300048163,2023-09-27 17:45:00,2023,9,27,17,45,33,33080,Avenue de Toulouse,44.730903,-0.532207,Plein jour,Hors agglomération,Intersection en T,Normale,Deux véhicules - côté,3,2,2,-1,1,1,1,0,1,80,2,2,1,0,1,0,65.0,32.0,voiture,deux_roues,1,1,3,1,3
202300048164,2023-02-17 07:10:00,2023,2,17,7,10,91,91425,RTE D ORLEANS RN 20,48.65155,2.27255,Nuit avec éclairage non allumé,En agglomération,Hors intersection,Normale,Autre collision,3,3,6,0,1,1,1,0,1,50,1,2,1,0,1,0,61.0,,utilitaire_camion,,4,2,1,1,6
202300048165,2023-08-27 01:00:00,2023,8,27,1,0,38,38239,D1085,45.338897,5.541664,Nuit sans éclairage public,Hors agglomération,Hors intersection,Pluie forte,Deux véhicules - arrière,3,3,0,0,2,1,2,0,1,90,2,2,0,0,2,0,26.0,26.0,voiture,voiture,3,1,1,3,2
202300048166,2023-09-30 11:43:00,2023,9,30,11,43,72,72154,Rue du Léard,47.704145,-0.065398,Plein jour,En agglomération,Autre intersection,Normale,Deux véhicules - côté,4,-1,2,0,1,1,1,0,1,50,2,2,1,0,1,0,49.0,86.0,voiture,deux_roues,1,2,9,1,3
202300048167,2023-12-03 18:20:00,2023,12,3,18,20,93,93046,Rue du Docteur Herpin,48.91971752,2.54590583,Nuit avec éclairage allumé,En agglomération,Hors intersection,Normale,Trois véhicules et plus - collisions multiples,4,2,2,0,1,1,1,0,1,50,3,3,2,0,0,1,41.0,65.0,voiture,voiture,5,2,1,1,5
202300048168,2023-08-27 10:55:00,2023,8,27,10,55,30,30202,10 Boulevard Gambetta,44.256362,4.647477,Plein jour,En agglomération,Hors intersection,Pluie légère,Autre collision,4,2,2,0,1,1,2,0,1,50,1,2,1,1,0,0,76.0,,voiture,,1,2,1,2,6
202300048169,2023-02-17 17:54:00,2023,2,17,17,54,91,91312,NEUVE (RUE),48.729703,2.233868,Plein jour,En agglomération,Hors intersection,Normale,Deux véhicules - frontale,4,2,3,0,1,1,1,0,1,20,2,3,2,0,0,1,14.0,28.0,autre,voiture,1,2,1,1,1
202300048170,2023-10-01 06:50:00,2023,10,1,6,50,29,29042,2 rue Surcouf,48.23333,-4.498884,Nuit avec éclairage allumé,En agglomération,Hors intersection,Normale,Autre collision,6,-1, -1,0,2,1,1,0,8,50,1,4,2,0,0,2,22.0,,voiture,,5,2,1,1,6
202300048171,2023-12-04 08:00:00,2023,12,4,8,0,93,93005,Rue Henri Barbusse / Rue de Pimodan,48.92915,2.48938,Crépuscule ou aube,En agglomération,Intersection en X,Pluie forte,Deux véhicules - côté,4,1,1,0,1,1,2,0,1,50,2,3,1,0,0,2,32.0,,voiture,voiture,2,2,2,3,3
202300048171,2023-12-04 08:00:00,2023,12,4,8,0,93,93005,Rue Henri Barbusse / Rue de Pimodan,48.92915,2.48938,Crépuscule ou aube,En agglomération,Intersection en X,Pluie forte,Deux véhicules - côté,4,2,2,0,1,1,2,0,1,50,2,3,1,0,0,2,32.0,,voiture,voiture,2,2,2,3,3
202300048172,2023-09-30 12:35:00,2023,9,30,12,35,22,22277,D7,48.388271,-2.916462,Plein jour,Hors agglomération,Hors intersection,Normale,Deux véhicules - côté,3,2,2,0,1,1,1,3,1,-1,2,2,1,0,0,1,49.0,30.0,deux_roues,voiture,1,1,1,1,3
202300048173,2023-12-03 05:30:00,2023,12,3,5,30,93,93001,Rue des Cités,48.90735634,2.38781707,Nuit avec éclairage allumé,En agglomération,Hors intersection,Normale,Sans collision,4,1,1,1,1,1,1,0,1,50,1,2,0,0,0,1,,,voiture,,5,2,1,1,7
202300048174,2023-07-30 15:45:00,2023,7,30,15,45,91,91272,Route de Belle Image,48.706865,2.1241,Plein jour,En agglomération,Hors intersection,Normale,Deux véhicules - côté,3,2,3,0,1,1,1,5,1,50,2,3,2,0,1,0,61.0,65.0,voiture,deux_roues,1,2,1,1,3
202300048175,2023-02-17 16:20:00,2023,2,17,16,20,91,91027,RUE PIERRE CURIE,48.711388,2.375242,Plein jour,En agglomération,Intersection en X,Normale,Deux véhicules - côté,4,2,2,0,1,1,1,0,1,50,2,2,1,0,0,1,36.0,34.0,voiture,voiture,1,2,2,1,3
202300048175,2023-02-17 16:20:00,2023,2,17,16,20,91,91027,RUE PIERRE CURIE,48.711388,2.375242,Plein jour,En agglomération,Intersection en X,Normale,Deux véhicules - côté,4,1,1,0,1,1,1,0,1,50,2,2,1,0,0,1,36.0,34.0,voiture,voiture,1,2,2,1,3
202300048176,2023-12-04 12:40:00,2023,12,4,12,40,92,92036,LAURENT CELY (AVENUE) (145/329),48.92456831,2.30440557,Plein jour,En agglomération,Hors intersection,Pluie légère,Deux véhicules - arrière,3,1,1,0,1,1,2,0,1,50,2,2,1,0,0,1,30.0,19.0,deux_roues,voiture,1,2,1,2,2
202300048177,2023-09-30 18:15:00,2023,9,30,18,15,27,27072,D313,49.09408,1.55062,Plein jour,Hors agglomération,Intersection en X,Normale,Deux véhicules - frontale,3,2,2,0,1,1,1,0,1,80,2,4,1,0,3,0,48.0,33.0,voiture,voiture,1,1,2,1,1
202300048177,2023-09-30 18:15:00,2023,9,30,18,15,27,27072,D313,49.09408,1.55062,Plein jour,Hors agglomération,Intersection en X,Normale,Deux véhicules - frontale,3,2,2,0,1,1,1,0,1,50,2,4,1,0,3,0,48.0,33.0,voiture,voiture,1,1,2,1,1
202300048178,2023-08-28 08:15:00,2023,8,28,8,15,51,51259,Pont,48.881455,4.518805,Plein jour,Hors agglomération,Hors intersection,Normale,Sans collision,9,2,2,0,1,3,1,0,3,80,1,1,0,0,0,1,23.0,,voiture,,1,1,1,1,7
202300048179,2023-02-17 14:30:00,2023,2,17,14,30,78,78440,PIERRE CURIE (RUE),48.995005,1.932082,Plein jour,En agglomération,Hors intersection,Normale,Autre collision,4,2,2,0,1,1,1,0,1,50,1,1,0,0,0,1,48.0,,voiture,,1,2,1,1,6
202300048180,2023-12-04 15:40:00,2023,12,4,15,40,92,92025,CHARLES DE GAULLE (BD),48.91427171,2.22952266,Plein jour,En agglomération,Hors intersection,Pluie légère,Deux véhicules - côté,3,2,4,0,1,1,2,0,5,30,2,2,1,0,0,1,21.0,22.0,utilitaire_camion,deux_roues,1,2,1,2,3