accident_id,datetime,annee,mois,jour,heure,minute,departement,commune_insee,adresse,latitude,longitude,luminosite,agglomeration,intersection,meteo,collision,catr,circ,nbv,vosp,prof,plan,surf,infra,situ,vma,nb_vehicules,nb_usagers,nb_indemnes,nb_tues,nb_blesses_hosp,nb_blesses_legers,age_cond_1,age_cond_2,veh_type_cond_1,veh_type_cond_2,lum_code,agg_code,int_code,atm_code,col_code
202300048181,2023-09-30 18:24:00,2023,9,30,18,24,60,60139,D1001,49.161137,2.236576,Plein jour,Hors agglomération,Giratoire,Normale,Sans collision,3,2,1,0,1,3,1,0,1,110,1,1,0,0,1,0,63.0,,deux_roues,,1,1,6,1,7
202300048182,2023-08-26 17:45:00,2023,8,26,17,45,56,56179,Lieu Dit Kervaise,47.855855,-3.420879,Plein jour,Hors agglomération,Hors intersection,Normale,Deux véhicules - frontale,3,2,2,0,2,1,1,0,1,70,2,2,0,0,1,1,43.0,63.0,voiture,voiture,1,1,1,1,1
202300048183,2023-10-01 11:35:00,2023,10,1,11,35,60,60421,n330,49.186332,2.640195,Plein jour,Hors agglomération,Hors intersection,Normale,Deux véhicules - arrière,2,2,2,0,2,3,1,0,1,80,2,2,1,0,0,1,43.0,36.0,voiture,deux_roues,1,1,1,1,2
202300048184,2023-12-04 18:18:00,2023,12,4,18,18,92,92012,JEAN JAURES (BOULEVARD) 217/FIN - 210/FI,48.83049,2.24529,Nuit avec éclairage allumé,En agglomération,Hors intersection,Pluie légère,Deux véhicules - arrière,3,2,2,0,1,1,2,0,1,50,2,2,1,0,0,1,17.0,,deux_roues,voiture,5,2,1,2,2
202300048185,2023-08-28 16:00:00,2023,8,28,16,0,76,76159,23 Rue du Hôme,49.788808,0.63357,Plein jour,En agglomération,Hors intersection,Normale,Sans collision,4,2,2,0,1,1,1,0,1,30,1,1,0,0,1,0,14.0,,deux_roues,,1,2,1,1,7
202300048186,2023-02-17 10:20:00,2023,2,17,10,20,77,77445,BECQUEREL (RUE HENRI),48.6049,2.5669,Plein jour,En agglomération,Intersection en T,Normale,Deux véhicules - côté,4,2,2,0,1,1,1,0,1,30,2,2,1,0,0,1,27.0,60.0,voiture,transport_commun,1,2,3,1,3
202300048186,2023-02-17 10:20:00,2023,2,17,10,20,77,77445,BECQUEREL (RUE HENRI),48.6049,2.5669,Plein jour,En agglomération,Intersection en T,Normale,Deux véhicules - côté,4,2,2,0,1,1,1,0,1,30,2,2,1,0,0,1,27.0,60.0,voiture,transport_commun,1,2,3,1,3
202300048187,2023-09-30 14:10:00,2023,9,30,14,10,62,62811,D341,50.641487,2.251258,Plein jour,Hors agglomération,Intersection en T,Normale,Deux véhicules - arrière,3,2,2,0,1,1,1,0,1,70,2,2,1,0,0,1,28.0,14.0,voiture,deux_roues,1,1,3,1,2
202300048187,2023-09-30 14:10:00,2023,9,30,14,10,62,62811,D341,50.641487,2.251258,Plein jour,Hors agglomération,Intersection en T,Normale,Deux véhicules - arrière,3,2, -1,0,1,1,1,0,1,50,2,2,1,0,0,1,28.0,14.0,voiture,deux_roues,1,1,3,1,2
202300048188,2023-12-04 09:30:00,2023,12,4,9,30,92,92004,RPC GILBERT,48.91375917,2.28759876,Plein jour,En agglomération,Intersection en T,Pluie légère,Deux véhicules - côté,4,1,1,1,1,1,2,0,1,50,2,2,1,0,0,1,31.0,43.0,utilitaire_camion,deux_roues,1,2,3,2,3
202300048188,2023-12-04 09:30:00,2023,12,4,9,30,92,92004,RPC GILBERT,48.91375917,2.28759876,Plein jour,En agglomération,Intersection en T,Pluie légère,Deux véhicules - côté,4,1,1,1,1,1,2,0,1,50,2,2,1,0,0,1,31.0,43.0,utilitaire_camion,deux_roues,1,2,3,2,3
202300048189,2023-08-26 15:30:00,2023,8,26,15,30,76,76146,415 Rue Andre Auguste,49.588098,1.355614,Plein jour,En agglomération,Hors intersection,Normale,Deux véhicules - côté,3,2,2,0,1,1,1,0,1,50,2,2,1,0,0,1,,59.0,voiture,deux_roues,1,2,1,1,3
202300048190,2023-12-04 05:45:00,2023,12,4,5,45,92,92009,ARGENTEUIL ( AVENUE D' ),48.92114741,2.27841407,Nuit avec éclairage allumé,En agglomération,Intersection en X,Pluie légère,Autre collision,3,2,2,0,1,1,2,5,1,50,1,2,1,0,0,1,66.0,,voiture,,5,2,2,2,6
202300048190,2023-12-04 05:45:00,2023,12,4,5,45,92,92009,ARGENTEUIL ( AVENUE D' ),48.92114741,2.27841407,Nuit avec éclairage allumé,En agglomération,Intersection en X,Pluie légère,Autre collision,3,-1,1,0,1,1,2,0,1,50,1,2,1,0,0,1,66.0,,voiture,,5,2,2,2,6
202300048191,2023-10-01 17:00:00,2023,10,1,17,0,59,59011,Rue de Touraine,50.52209,2.934793,Plein jour,En agglomération,Intersection en T,Normale,Deux véhicules - frontale,7,2,2,0,1,1,1,0,1,50,2,3,1,0,0,2,63.0,49.0,voiture,utilitaire_camion,1,2,3,1,1
202300048191,2023-10-01 17:00:00,2023,10,1,17,0,59,59011,Rue de Touraine,50.52209,2.934793,Plein jour,En agglomération,Intersection en T,Normale,Deux véhicules - frontale,7,2,2,-1,1,1,1,0,1,-1,2,3,1,0,0,2,63.0,49.0,voiture,utilitaire_camion,1,2,3,1,1
202300048192,2023-09-29 20:05:00,2023,9,29,20,5,13,13215,A7-Sens Marseille vers Lyon,43.34994821,5.36891233,Nuit avec éclairage allumé,Hors agglomération,Hors intersection,Normale,Deux véhicules - côté,1,1,3,0,2,1,1,0,1,90,2,2,1,0,0,1,62.0,53.0,voiture,deux_roues,5,1,1,1,3
202300048193,2023-02-17 07:00:00,2023,2,17,7,0,77,77186,D138,48.44415,2.71885,Crépuscule ou aube,Hors agglomération,Hors intersection,Pluie légère,Deux véhicules - arrière,3,2,2,0,1,1,2,0,1,50,2,2,1,0,0,1,30.0,49.0,voiture,voiture,2,1,1,2,2
202300048194,2023-12-04 19:20:00,2023,12,4,19,20,92,92002,DIVISION LECLERC (31 A 51 -36 A 56 BIS),48.75137,2.30456,Nuit avec éclairage allumé,En agglomération,Intersection en X,Temps couvert,Deux véhicules - côté,3,3,4,0,1,1,2,0,1,50,2,4,3,0,0,1,34.0,51.0,voiture,voiture,5,2,2,8,3
202300048194,2023-12-04 19:20:00,2023,12,4,19,20,92,92002,DIVISION LECLERC (31 A 51 -36 A 56 BIS),48.75137,2.30456,Nuit avec éclairage allumé,En agglomération,Intersection en X,Temps couvert,Deux véhicules - côté,3,1,2,0,1,1,2,0,1,50,2,4,3,0,0,1,34.0,51.0,voiture,voiture,5,2,2,8,3
202300048195,2023-09-29 17:40:00,2023,9,29,17,40,13,13215,A7-Sens Marseille vers Lyon,43.36643455,5.36080529,Plein jour,Hors agglomération,Hors intersection,Normale,Deux véhicules - arrière,1,-1,3,0,1,1,1,0,1,90,2,2,1,0,0,1,70.0,18.0,voiture,voiture,1,1,1,1,2
202300048196,2023-08-27 11:25:00,2023,8,27,11,25,41,41229,A85,47.307623,1.388204,Plein jour,Hors agglomération,Hors intersection,Normale,Trois véhicules et plus - collisions multiples,1,3,2,0,1,1,1,0,1,130,4,7,5,0,1,1,63.0,78.0,voiture,voiture,1,1,1,1,5
202300048197,2023-09-29 08:15:00,2023,9,29,8,15,13,13202,TVPCM-Sens Saint Victor vers Les Ports,43.2973,5.363,Plein jour,Hors agglomération,Hors intersection,Normale,Deux véhicules - arrière,7,-1,2,0,1,3,1,1,1,50,2,2,1,0,0,1,43.0,30.0,voiture,deux_roues,1,1,1,1,2
202300048198,2023-08-27 17:25:00,2023,8,27,17,25,69,69267,Route d’Avenas,46.164347,4.661808,Plein jour,Hors agglomération,Hors intersection,Normale,Deux véhicules - frontale,3,2,2,0,2,3,1,0,1,-1,2,2,0,0,1,1,55.0,22.0,deux_roues,voiture,1,1,1,1,1
202300048199,2023-12-04 10:50:00,2023,12,4,10,50,39,39120,,46.64923,5.933819,Plein jour,Hors agglomération,Hors intersection,Normale,Deux véhicules - frontale,3,2,2,0,1,2,5,0,1,80,2,2,1,0,0,1,22.0,20.0,voiture,voiture,1,1,1,1,1
202300048200,2023-02-17 18:25:00,2023,2,17,18,25,76,76322,N338 - Sud 3,49.40012,1.03227,Nuit avec éclairage allumé,Hors agglomération,Hors intersection,Normale,Autre collision,2,3,5,0,1,1,1,3,1,90,1,1,0,0,0,1,52.0,,voiture,,5,1,1,1,6
202300048201,2023-09-29 04:40:00,2023,9,29,4,40,69,69382,Route de Métropole 7  ,45.74724,4.82956,Nuit avec éclairage allumé,Hors agglomération,Hors intersection,Normale,Deux véhicules - arrière,7,2,3,0,1,1,1,0,1,70,2,2,1,0,0,1,47.0,26.0,voiture,voiture,5,1,1,1,2
202300048202,2023-11-27 18:50:00,2023,11,27,18,50,22,22011,Lieu Dit Saint Blaize,48.465523,-2.95912,Nuit sans éclairage public,Hors agglomération,Hors intersection,Pluie légère,Autre collision,4,2,2,0,1,2,2,0,3,70,1,2,1,0,1,0,90.0,,voiture,,3,1,1,2,6
202300048203,2023-08-27 16:30:00,2023,8,27,16,30,71,71373,7565 route de Louhans,46.52002,5.128094,Plein jour,Hors agglomération,Hors intersection,Normale,Sans collision,3,2,2,0,1,2,1,0,3,80,2,2,0,1,1,0,63.0,45.0,deux_roues,deux_roues,1,1,1,1,7
202300048204,2023-09-25 17:15:00,2023,9,25,17,15,69,69029,Boulevard Périphérique Laurent Bonnevay,45.73039673,4.89897629,Plein jour,Hors agglomération,Hors intersection,Normale,Deux véhicules - côté,7,3,10,0,2,1,1,0,2,70,2,2,1,0,1,0,38.0,34.0,deux_roues,voiture,1,1,1,1,3
202300048205,2023-02-17 02:00:00,2023,2,17,2,0,76,76540,N28,49.4387,1.11581,Nuit sans éclairage public,En agglomération,Hors intersection,Normale,Sans collision,2,3,6,0,1,3,1,3,1,70,1,2,0,0,0,2,42.0,,voiture,,3,2,1,1,7
202300048206,2023-09-29 21:52:00,2023,9,29,21,52,33,33162,ROCADE A 630,44.86723,-0.64969,Nuit avec éclairage non allumé,Hors agglomération,Autre intersection,Normale,Sans collision,1,3,2,0,1,1,1,3,1,90,1,1,0,0,0,1,35.0,,deux_roues,,4,1,9,1,7
202300048207,2023-12-04 19:30:00,2023,12,4,19,30,57,57177,D38,48.8099167,6.6936318,Nuit sans éclairage public,Hors agglomération,Hors intersection,Pluie légère,Deux véhicules - arrière,3,2,2,0,1,1,6,9,1,80,2,2,1,0,0,1,80.0,30.0,voiture,deux_roues,3,1,1,2,2
202300048208,2023-08-26 10:25:00,2023,8,26,10,25,63,63448,Route d’Escout,45.460537,3.438184,Plein jour,Hors agglomération,Hors intersection,Pluie légère,Autre collision,4,2,2,0,2,2,2,0,3,-1,1,2,1,0,1,0,43.0,,deux_roues,,1,1,1,2,6
202300048209,2023-09-30 20:05:00,2023,9,30,20,5,91,91687,AUTOROUTE A6,48.66763,2.3575,Nuit avec éclairage non allumé,Hors agglomération,Hors intersection,Normale,Trois véhicules et plus - en chaîne,1,1,3,0,1,1,1,0,1,90,3,5,2,0,0,3,33.0,29.0,voiture,voiture,4,1,1,1,4
202300048210,2023-08-25 10:55:00,2023,8,25,10,55,49,49241,Route de Trelaze,47.489746,-0.442779,Plein jour,Hors agglomération,Hors intersection,Normale,Sans collision,4,2,2,0,1,1,1,0,3,80,1,1,0,0,1,0,41.0,,deux_roues,,1,1,1,1,7
202300048211,2023-09-30 18:35:00,2023,9,30,18,35,94,94034,A86,48.75926173,2.32315997,Plein jour,Hors agglomération,Hors intersection,Normale,Deux véhicules - côté,1,1,3,0,1,1,1,1,1,70,2,2,1,0,0,1,24.0,26.0,voiture,deux_roues,1,1,1,1,3
202300048212,2023-09-30 10:20:00,2023,9,30,10,20,94,94065,N186,48.75494,2.34599,Plein jour,Hors agglomération,Hors intersection,Normale,Deux véhicules - côté,2,3,3,0,1,1,1,0,1,90,2,3,2,0,0,1,32.0,71.0,utilitaire_camion,utilitaire_camion,1,1,1,1,3
202300048213,2023-08-28 08:00:00,2023,8,28,8,0,12,12021,D911,44.304825,2.146255,Plein jour,Hors agglomération,Hors intersection,Normale,Deux véhicules - côté,3,2,2,0,2,1,1,0,1,90,2,2,0,0,1,1,34.0,21.0,voiture,utilitaire_camion,1,1,1,1,3
202300048214,2023-09-29 18:30:00,2023,9,29,18,30,91,91570,RN 104,48.62476,2.33061,Plein jour,Hors agglomération,Hors intersection,Normale,Sans collision,2,1,2,0,1,1,1,0,1,110,1,2,1,0,0,1,57.0,,voiture,,1,1,1,1,7
202300048215,2023-09-30 15:10:00,2023,9,30,15,10,92,92025,A86,48.93424671,2.25694533,Plein jour,Hors agglomération,Hors intersection,Normale,Deux véhicules - arrière,1,-1,2,0,2,1,1,0,1,90,2,2,1,0,0,1,34.0,71.0,voiture,voiture,1,1,1,1,2
202300048216,2023-02-14 17:30:00,2023,2,14,17,30,72,72181,ESTEREL N° PAIRS A PARTIR DE BULGARIE,47.99511,0.23378,Plein jour,Hors agglomération,Giratoire,Normale,Deux véhicules - arrière,4,2,2,0,1,3,1,0,1,50,2,3,2,0,0,1,44.0,38.0,voiture,deux_roues,1,1,6,1,2
202300048216,2023-02-14 17:30:00,2023,2,14,17,30,72,72181,ESTEREL N° PAIRS A PARTIR DE BULGARIE,47.99511,0.23378,Plein jour,Hors agglomération,Giratoire,Normale,Deux véhicules - arrière,4,2,0,0,1,3,1,0,1,50,2,3,2,0,0,1,44.0,38.0,voiture,deux_roues,1,1,6,1,2
202300048217,2023-08-26 18:35:00,2023,8,26,18,35,25,25387,D437,47.280335,6.826673,Plein jour,Hors agglomération,Hors intersection,Pluie légère,Autre collision,3,2,2,0,2,3,2,0,3,90,1,6,1,0,2,3,33.0,,voiture,,1,1,1,2,6
202300048218,2023-09-29 21:30:00,2023,9,29,21,30,92,92023,A86 EXT ,48.77693549,2.22484589,Nuit avec éclairage non allumé,Hors agglomération,Hors intersection,Normale,Trois véhicules et plus - en chaîne,1,1,3,0,1,1,1,0,1,70,3,4,3,0,1,0,47.0,63.0,utilitaire_camion,voiture,4,1,1,1,4
202300048219,2023-08-26 19:30:00,2023,8,26,19,30,25,25218,D50,47.21936,6.393853,Plein jour,Hors agglomération,Hors intersection,Temps couvert,Autre collision,3,2,2,0,2,2,2,0,3,90,1,1,0,0,1,0,32.0,,voiture,,1,1,1,8,6
202300048220,2023-02-15 18:00:00,2023,2,15,18,0,71,71270,HUGO (RUE VICTOR),46.30424,4.82766,Crépuscule ou aube,En agglomération,Intersection en T,Normale,Deux véhicules - frontale,4,2,2,3,1,1,1,-1,6,30,2,2,1,0,0,1,15.0,55.0,deux_roues,voiture,2,2,3,1,1
202300048220,2023-02-15 18:00:00,2023,2,15,18,0,71,71270,HUGO (RUE VICTOR),46.30424,4.82766,Crépuscule ou aube,En agglomération,Intersection en T,Normale,Deux véhicules - frontale,4,1,1,0,2,1,1,0,1,50,2,2,1,0,0,1,15.0,55.0,deux_roues,voiture,2,2,3,1,1
202300048221,2023-09-29 20:45:00,2023,9,29,20,45,78,78140,A13,48.960905,1.930052,Nuit sans éclairage public,Hors agglomération,Hors intersection,Normale,Trois véhicules et plus - collisions multiples,1,3,3,0,2,1,1,0,1,130,3,3,1,0,0,2,24.0,49.0,utilitaire_camion,voiture,3,1,1,1,5
202300048222,2023-02-17 14:05:00,2023,2,17,14,5,69,69256,Rue Emile Zola,45.7773,4.91966,Plein jour,En agglomération,Intersection en X,Normale,Deux véhicules - côté,4,2,2,3,1,1,1,0,1,50,2,4,3,0,0,1,,33.0,voiture,voiture,1,2,2,1,3
202300048222,2023-02-17 14:05:00,2023,2,17,14,5,69,69256,Rue Emile Zola,45.7773,4.91966,Plein jour,En agglomération,Intersection en X,Normale,Deux véhicules - côté,4,2,2,0,1,1,1,0,1,50,2,4,3,0,0,1,,33.0,voiture,voiture,1,2,2,1,3
202300048223,2023-08-26 14:42:00,2023,8,26,14,42,44,44212,Boulevard  d’espagne,47.161408,-1.276367,Plein jour,En agglomération,Hors intersection,Normale,Deux véhicules - côté,3,2,2,0,1,1,1,0,1,50,2,2,1,0,1,0,59.0,15.0,deux_roues,deux_roues,1,2,1,1,3
202300048224,2023-09-29 17:20:00,2023,9,29,17,20,92,92050,A86,48.91336825,2.21862758,Plein jour,Hors agglomération,Hors intersection,Normale,Deux véhicules - arrière,1,3,2,0,1,1,1,0,1,90,2,2,1,0,0,1,39.0,36.0,deux_roues,utilitaire_camion,1,1,1,1,2
202300048225,2023-02-17 08:20:00,2023,2,17,8,20,69,69266,Rue Lafontaine,45.7613,4.87655,Plein jour,En agglomération,Intersection en X,Normale,Deux véhicules - côté,4,2,2,0,1,1,1,0,1,50,2,2,1,0,0,1,34.0,33.0,voiture,voiture,1,2,2,1,3
202300048225,2023-02-17 08:20:00,2023,2,17,8,20,69,69266,Rue Lafontaine,45.7613,4.87655,Plein jour,En agglomération,Intersection en X,Normale,Deux véhicules - côté,4,2,2,0,1,1,1,0,1,30,2,2,1,0,0,1,34.0,33.0,voiture,voiture,1,2,2,1,3
202300048226,2023-09-30 05:15:00,2023,9,30,5,15,95,95018,A15,48.96142191,2.26895571,Crépuscule ou aube,Hors agglomération,Hors intersection,Normale,Trois véhicules et plus - collisions multiples,1,3,4,0,1,1,1,0,1,110,3,3,1,0,0,2,38.0,54.0,voiture,voiture,2,1,1,1,5
202300048227,2023-09-30 00:17:00,2023,9,30,0,17,93,93063,AUTOROUTE A3,48.87775,2.4453,Nuit sans éclairage public,Hors agglomération,Hors intersection,Normale,Deux véhicules - côté,1,-1,3,0,2,1,1,0,1,70,2,2,1,0,0,1,49.0,,voiture,utilitaire_camion,3,1,1,1,3
202300048228,2023-09-29 18:50:00,2023,9,29,18,50,95,95018,A15,48.95276,2.27959,Plein jour,Hors agglomération,Hors intersection,Normale,Deux véhicules - côté,1,3,4,0,1,1,1,0,1,90,2,2,1,0,0,1,33.0,41.0,voiture,deux_roues,1,1,1,1,3
202300048229,2023-08-26 19:05:00,2023,8,26,19,5,35,35243,RN12,48.34849,-1.283,Plein jour,Hors agglomération,Hors intersection,Pluie forte,Deux véhicules - arrière,2,3,4,0,1,1,2,0,1,110,2,2,0,0,1,1,31.0,48.0,voiture,voiture,1,1,1,3,2
202300048230,2023-09-29 15:45:00,2023,9,29,15,45,95,95527,A1,49.01544622,2.53143909,Plein jour,Hors agglomération,Hors intersection,Normale,Deux véhicules - arrière,1,3,8,0,1,1,1,0,1,110,2,3,1,0,0,2,36.0,58.0,utilitaire_camion,voiture,1,1,1,1,2
202300048231,2023-07-19 20:20:00,2023,7,19,20,20,60,60184,D85,49.36968254,3.02961946,Plein jour,Hors agglomération,Hors intersection,Normale,Autre collision,3,2,2,0,2,1,1,0,3,-1,1,2,1,0,1,0,20.0,,voiture,,1,1,1,1,6
202300048232,2023-02-17 12:30:00,2023,2,17,12,30,69,69264,Rue Philippe Heron,45.98912,4.71143,Plein jour,En agglomération,Hors intersection,Normale,Autre collision,4,1,2,0,1,1,1,0,1,30,1,2,1,0,0,1,88.0,,voiture,,1,2,1,1,6
202300048233,2023-09-29 16:15:00,2023,9,29,16,15,93,93064,AUTOROUTE A103,48.88672,2.47982,Plein jour,Hors agglomération,Hors intersection,Normale,Deux véhicules - arrière,1,3,2,0,1,1,1,0,1,90,2,2,1,0,0,1,30.0,37.0,voiture,voiture,1,1,1,1,2
202300048234,2023-07-12 06:10:00,2023,7,12,6,10,60,60086,D603,49.165346,2.34277,Crépuscule ou aube,Hors agglomération,Hors intersection,Normale,Deux véhicules - frontale,3,2,2,0,1,2,1,0,1,80,2,2,0,0,0,2,57.0,23.0,voiture,utilitaire_camion,2,1,1,1,1
202300048235,2023-02-17 13:20:00,2023,2,17,13,20,69,69091,Avenue Youri Gagarine,45.60221,4.77038,Plein jour,En agglomération,Hors intersection,Normale,Trois véhicules et plus - en chaîne,7,2,4,0,1,1,1,0,1,50,3,3,2,0,0,1,33.0,46.0,voiture,utilitaire_camion,1,2,1,1,4
202300048236,2023-09-29 11:00:00,2023,9,29,11,0,93,93010,AUTOROUTE A3,48.90288,2.47089,Plein jour,Hors agglomération,Hors intersection,Normale,Trois véhicules et plus - en chaîne,1,3,3,0,1,1,1,0,1,90,3,5,2,0,0,3,36.0,38.0,voiture,voiture,1,1,1,1,4
202300048237,2023-09-30 20:58:00,2023,9,30,20,58,75,75112,A4,48.826278,2.465882,Nuit sans éclairage public,Hors agglomération,Hors intersection,Normale,Trois véhicules et plus - en chaîne,1,1,4,0,1,1,1,0,1,90,3,3,1,0,0,2,38.0,49.0,utilitaire_camion,voiture,3,1,1,1,4
202300048238,2023-02-15 22:00:00,2023,2,15,22,0,67,67482,HECHNER (RUE),48.614599,7.777459,Nuit avec éclairage allumé,En agglomération,Hors intersection,Brouillard / fumée,Sans collision,4,3,2,0,1,2,1,0,4,50,1,4,2,0,0,2,20.0,,voiture,,5,2,1,5,7
202300048239,2023-07-16 19:20:00,2023,7,16,19,20,07,07009,rd370,45.238272,4.785308,Plein jour,Hors agglomération,Hors intersection,Normale,Deux véhicules - frontale,3,2,2,0,2,2,1,0,1,90,2,2,1,0,1,0,62.0,33.0,utilitaire_camion,deux_roues,1,1,1,1,1
202300048240,2023-02-16 16:00:00,2023,2,16,16,0,64,64445,18EME REGIMENT D'INFANTERIE DU,43.29669,-0.37978,Plein jour,En agglomération,Hors intersection,Normale,Autre collision,4,2,2,0,3,1,1,0,1,50,1,1,0,0,0,1,87.0,,voiture,,1,2,1,1,6
202300048241,2023-09-29 19:55:00,2023,9,29,19,55,91,91326,GARE SNCF,48.68853,2.38223,Nuit sans éclairage public,En agglomération,Hors intersection,Normale,Autre collision,9,1,1,3,1,1,1,-1,4,50,1,2,1,0,0,1,56.0,,transport_commun,,3,2,1,1,6
202300048242,2023-07-20 15:00:00,2023,7,20,15,0,85,85029,les trois ormeaux,46.957639,-2.013918,Plein jour,Hors agglomération,Hors intersection,Normale,Deux véhicules - côté,3,2,2,0,1,3,1,0,1,70,2,2,1,0,0,1,46.0,58.0,voiture,deux_roues,1,1,1,1,3
202300048243,2023-02-17 16:20:00,2023,2,17,16,20,64,64024,ADOUR (AV DE L'),43.5084,-1.49817,Plein jour,En agglomération,Hors intersection,Normale,Deux véhicules - côté,4,2,2,0,1,1,1,0,1,50,2,2,1,0,0,1,55.0,74.0,utilitaire_camion,deux_roues,1,2,1,1,3
202300048244,2023-06-16 19:00:00,2023,6,16,19,0,93,93079,Rue Henri Wallon / Avenue de la Division Leclerc,48.95159,2.34317,Plein jour,En agglomération,Intersection en X,Normale,Deux véhicules - côté,3,2,2,0,1,1,1,5,8,50,2,2,1,0,0,1,18.0,28.0,deux_roues,voiture,1,2,2,1,3
202300048244,2023-06-16 19:00:00,2023,6,16,19,0,93,93079,Rue Henri Wallon / Avenue de la Division Leclerc,48.95159,2.34317,Plein jour,En agglomération,Intersection en X,Normale,Deux véhicules - côté,3,1,1,0,1,1,1,5,1,30,2,2,1,0,0,1,18.0,28.0,deux_roues,voiture,1,2,2,1,3
202300048245,2023-02-15 16:00:00,2023,2,15,16,0,63,63103,BELGIQUE (AVENUE) /Mont Oriol,45.9241,3.0641,Plein jour,En agglomération,Intersection en X,Normale,Autre collision,3,2,2,0,1,2,1,0,1,50,1,2,0,1,0,1,54.0,,deux_roues,,1,2,2,1,6
202300048245,2023-02-15 16:00:00,2023,2,15,16,0,63,63103,BELGIQUE (AVENUE) /Mont Oriol,45.9241,3.0641,Plein jour,En agglomération,Intersection en X,Normale,Autre collision,3,2,2,0,4,1,1,5,8,50,1,2,0,1,0,1,54.0,,deux_roues,,1,2,2,1,6
202300048246,2023-09-28 11:00:00,2023,9,28,11,0,974,97411,CLINIQUE (DE LA),-20.90206,55.47726,Plein jour,En agglomération,Intersection en Y,Normale,Deux véhicules - côté,3,2,2,0,2,2,1,9,1,50,2,2,0,0,0,2,33.0,72.0,voiture,voiture,1,2,4,1,3
202300048246,2023-09-28 11:00:00,2023,9,28,11,0,974,97411,CLINIQUE (DE LA),-20.90206,55.47726,Plein jour,En agglomération,Intersection en Y,Normale,Deux véhicules - côté,3,2,2,0,1,1,1,9,1,50,2,2,0,0,0,2,33.0,72.0,voiture,voiture,1,2,4,1,3
202300048247,2023-07-19 15:45:00,2023,7,19,15,45,85,85047,les grolles,46.809265,-1.841401,Plein jour,Hors agglomération,Intersection en X,Normale,Deux véhicules - côté,4,2,2,0,1,1,1,0,1,80,2,4,3,0,1,0,59.0,45.0,voiture,utilitaire_camion,1,1,2,1,3
202300048247,2023-07-19 15:45:00,2023,7,19,15,45,85,85047,les grolles,46.809265,-1.841401,Plein jour,Hors agglomération,Intersection en X,Normale,Deux véhicules - côté,4,2, -1,-1,1,3,1,0,1,-1,2,4,3,0,1,0,59.0,45.0,voiture,utilitaire_camion,1,1,2,1,3
202300048248,2023-09-25 16:30:00,2023,9,25,16,30,974,97411,BUTOR (RUE DU),-20.88445,55.46547,Plein jour,En agglomération,Hors intersection,Normale,Autre collision,4,1,2,0,1,1,1,0,1,50,1,2,1,0,0,1,63.0,,utilitaire_camion,,1,2,1,1,6
202300048249,2023-07-20 17:00:00,2023,7,20,17,0,27,27531,Rue de la Plaine,49.255163,0.808547,Plein jour,En agglomération,Intersection en T,Normale,Deux véhicules - côté,4,2,2,0,1,1,1,0,1,50,2,2,1,0,1,0,16.0,54.0,deux_roues,voiture,1,2,3,1,3
202300048249,2023-07-20 17:00:00,2023,7,20,17,0,27,27531,Rue de la Plaine,49.255163,0.808547,Plein jour,En agglomération,Intersection en T,Normale,Deux véhicules - côté,4,2,2,0,1,1,1,0,1,50,2,2,1,0,1,0,16.0,54.0,deux_roues,voiture,1,2,3,1,3
202300048250,2023-02-17 21:05:00,2023,2,17,21,5,62,62160,Rue Louis Faidherbe,50.72627,1.60748,Nuit avec éclairage allumé,En agglomération,Intersection en X,Pluie légère,Deux véhicules - côté,4,1,1,0,2,1,2,0,1,50,2,3,1,0,0,2,43.0,32.0,deux_roues,voiture,5,2,2,2,3
202300048250,2023-02-17 21:05:00,2023,2,17,21,5,62,62160,Rue Louis Faidherbe,50.72627,1.60748,Nuit avec éclairage allumé,En agglomération,Intersection en X,Pluie légère,Deux véhicules - côté,4,1,2,0,1,1,2,0,1,50,2,3,1,0,0,2,43.0,32.0,deux_roues,voiture,5,2,2,2,3
202300048251,2023-09-29 09:20:00,2023,9,29,9,20,974,97407,MARINE(BOULEVARD),-20.94916,55.28485,Plein jour,En agglomération,Hors intersection,Temps couvert,Deux véhicules - côté,4,2,2,0,1,1,1,0,1,70,2,2,0,0,0,2,65.0,37.0,voiture,utilitaire_camion,1,2,1,8,3
202300048252,2023-07-20 16:35:00,2023,7,20,16,35,28,28325,rue de la vallée,48.467312,1.34097,Plein jour,Hors agglomération,Hors intersection,Normale,Sans collision,3,2,2,0,1,2,1,0,3,80,1,1,0,0,0,1,18.0,,voiture,,1,1,1,1,7
202300048253,2023-02-17 14:45:00,2023,2,17,14,45,59,59599,YSER (RUE DE L'),50.742373,3.169514,Plein jour,En agglomération,Intersection en T,Normale,Deux véhicules - côté,4,2,2,0,1,1,1,0,1,50,2,2,1,0,0,1,61.0,62.0,deux_roues,voiture,1,2,3,1,3
202300048253,2023-02-17 14:45:00,2023,2,17,14,45,59,59599,YSER (RUE DE L'),50.742373,3.169514,Plein jour,En agglomération,Intersection en T,Normale,Deux véhicules - côté,4,2,2,0,1,1,1,0,1,50,2,2,1,0,0,1,61.0,62.0,deux_roues,voiture,1,2,3,1,3
202300048254,2023-09-29 18:15:00,2023,9,29,18,15,69,69389,24 Avenue Rosa Parks,45.78669,4.79203,Plein jour,En agglomération,Place,Normale,Deux véhicules - arrière,4,2,2,3,2,1,1,0,1,50,2,2,1,0,0,1,21.0,31.0,deux_roues,voiture,1,2,7,1,2