accident_id,datetime,annee,mois,jour,heure,minute,departement,commune_insee,adresse,latitude,longitude,luminosite,agglomeration,intersection,meteo,collision,catr,circ,nbv,vosp,prof,plan,surf,infra,situ,vma,nb_vehicules,nb_usagers,nb_indemnes,nb_tues,nb_blesses_hosp,nb_blesses_legers,age_cond_1,age_cond_2,veh_type_cond_1,veh_type_cond_2,lum_code,agg_code,int_code,atm_code,col_code
202300048523,2023-02-18 01:15:00,2023,2,18,1,15,84,84099,D15,43.859032,5.092968,Nuit sans éclairage public,Hors agglomération,Hors intersection,Normale,Autre collision,3,2,2,0,1,1,1,0,3,70,1,5,3,1,0,1,24.0,,voiture,,3,1,1,1,6
202300048524,2023-06-14 10:05:00,2023,6,14,10,5,51,51454,PONSARDIN (RUE ),49.24804,4.04284,Plein jour,En agglomération,Intersection en X,Normale,Deux véhicules - côté,4,1,1,0,1,1,1,0,1,50,2,2,1,0,0,1,49.0,65.0,deux_roues,utilitaire_camion,1,2,2,1,3
202300048524,2023-06-14 10:05:00,2023,6,14,10,5,51,51454,PONSARDIN (RUE ),49.24804,4.04284,Plein jour,En agglomération,Intersection en X,Normale,Deux véhicules - côté,4,1,1,0,1,1,1,0,1,50,2,2,1,0,0,1,49.0,65.0,deux_roues,utilitaire_camion,1,2,2,1,3
202300048525,2023-01-06 13:05:00,2023,1,6,13,5,56,56185,,47.77091,-3.37826,Plein jour,Hors agglomération,Hors intersection,Temps couvert,Sans collision,2,1,2,0,2,3,1,3,1,70,1,1,0,0,0,1,23.0,,deux_roues,,1,1,1,8,7
202300048526,2023-09-29 12:25:00,2023,9,29,12,25,25,25056,MARCHAUX ROUTE DE,47.2974,6.07445,Plein jour,Hors agglomération,Hors intersection,Normale,Deux véhicules - côté,3,2,2,0,1,3,1,0,1,90,2,2,0,0,1,1,20.0,42.0,utilitaire_camion,voiture,1,1,1,1,3
202300048527,2023-06-13 11:30:00,2023,6,13,11,30,51,51454,JAURES (AVENUE JEAN ) DU N° 61 A FIN,49.26255,4.05356,Plein jour,En agglomération,Hors intersection,Normale,Autre collision,4,-1,3,0,1,1,1,0,1,50,1,2,1,0,1,0,34.0,,voiture,,1,2,1,1,6
202300048528,2023-02-15 18:45:00,2023,2,15,18,45,57,57358,D918,49.309274,6.32629,Nuit sans éclairage public,Hors agglomération,Hors intersection,Normale,Deux véhicules - côté,3,2,2,0,2,1,1,0,1,90,2,3,2,0,1,0,18.0,39.0,deux_roues,voiture,3,1,1,1,3
202300048529,2023-07-18 08:45:00,2023,7,18,8,45,59,59368,DE GAULLE RUE DU GENERAL,50.65742,3.07387,Plein jour,En agglomération,Hors intersection,Normale,Trois véhicules et plus - collisions multiples,7,2,2,2,1,1,1,0,5,50,3,3,2,0,1,0,41.0,23.0,voiture,voiture,1,2,1,1,5
202300048530,2023-09-26 08:55:00,2023,9,26,8,55,22,22187,EUROPE (Rdp de l'),48.53527,-2.75986,Plein jour,En agglomération,Hors intersection,Normale,Autre collision,6,-1, -1,0,1,1,1,9,1,30,1,1,0,1,0,0,81.0,,voiture,,1,2,1,1,6
202300048531,2023-01-07 00:50:00,2023,1,7,0,50,54,54395,Boulevard Albert 1er,48.69634731,6.1672622,Nuit avec éclairage allumé,En agglomération,Intersection en X,Normale,Deux véhicules - côté,4,2,4,3,1,1,1,0,1,50,2,2,1,0,0,1,43.0,32.0,utilitaire_camion,deux_roues,5,2,2,1,3
202300048531,2023-01-07 00:50:00,2023,1,7,0,50,54,54395,Boulevard Albert 1er,48.69634731,6.1672622,Nuit avec éclairage allumé,En agglomération,Intersection en X,Normale,Deux véhicules - côté,4,2, -1,2,1,1,1,0,1,30,2,2,1,0,0,1,43.0,32.0,utilitaire_camion,deux_roues,5,2,2,1,3
202300048532,2023-07-18 11:10:00,2023,7,18,11,10,58,58194,DOCKS,46.99488,3.14831,Plein jour,En agglomération,Autre intersection,Normale,Deux véhicules - arrière,4,2,2,0,1,1,1,0,1,50,2,2,1,0,0,1,36.0,30.0,voiture,voiture,1,2,9,1,2
202300048533,2023-06-14 05:44:00,2023,6,14,5,44,49,49007,BELLE BEILLE,47.4747,-0.58615,Nuit avec éclairage allumé,En agglomération,Intersection en X,Normale,Deux véhicules - côté,4,2,2,2,1,1,1,0,1,50,2,2,1,0,1,0,31.0,20.0,voiture,deux_roues,5,2,2,1,3
202300048533,2023-06-14 05:44:00,2023,6,14,5,44,49,49007,BELLE BEILLE,47.4747,-0.58615,Nuit avec éclairage allumé,En agglomération,Intersection en X,Normale,Deux véhicules - côté,4,2,2,0,1,1,1,0,1,30,2,2,1,0,1,0,31.0,20.0,voiture,deux_roues,5,2,2,1,3
202300048534,2023-02-16 18:15:00,2023,2,16,18,15,79,79005,,46.848173,-0.20876,Plein jour,Hors agglomération,Intersection en X,Normale,Deux véhicules - côté,3,2,3,3,1,1,1,5,1,80,2,2,1,0,0,1,50.0,17.0,voiture,deux_roues,1,1,2,1,3
202300048534,2023-02-16 18:15:00,2023,2,16,18,15,79,79005,,46.848173,-0.20876,Plein jour,Hors agglomération,Intersection en X,Normale,Deux véhicules - côté,3,2,2,-1,1,1,1,5,1,80,2,2,1,0,0,1,50.0,17.0,voiture,deux_roues,1,1,2,1,3
202300048535,2023-09-28 17:42:00,2023,9,28,17,42,21,21617,Rue de la Libération,47.332827,5.009723,Plein jour,En agglomération,Hors intersection,Normale,Autre collision,4,2,2,0,1,1,1,0,4,50,1,3,2,0,1,0,61.0,,voiture,,1,2,1,1,6
202300048536,2023-07-16 03:10:00,2023,7,16,3,10,57,57441,MAISON  ROUGE (ROUTE DE),49.37879,6.1695,Nuit avec éclairage allumé,En agglomération,Hors intersection,Normale,Autre collision,3,2,1,0,2,3,1,0,1,50,1,1,0,0,1,0,19.0,,voiture,,5,2,1,1,6
202300048537,2023-06-14 14:57:00,2023,6,14,14,57,47,47001,PELLETAN (BOULEVARD EUGENE),44.20194,0.62553,Plein jour,En agglomération,Hors intersection,Normale,Deux véhicules - arrière,3,2,2,2,1,1,1,0,1,50,2,2,1,0,0,1,40.0,49.0,voiture,voiture,1,2,1,1,2
202300048538,2023-01-04 17:33:00,2023,1,4,17,33,54,54542,DEPARTEMENTALE 613,49.210154,5.918618,Nuit sans éclairage public,Hors agglomération,Hors intersection,Temps couvert,Deux véhicules - arrière,3,2,2,0,2,1,2,0,1,80,2,2,1,0,0,1,33.0,34.0,voiture,voiture,3,1,1,8,2
202300048539,2023-02-17 14:30:00,2023,2,17,14,30,79,79293,,46.357976,-0.538899,Plein jour,Hors agglomération,Hors intersection,Normale,Deux véhicules - frontale,3,2,2,0,1,1,1,0,1,90,2,2,1,0,1,0,56.0,55.0,utilitaire_camion,voiture,1,1,1,1,1
202300048540,2023-07-15 02:35:00,2023,7,15,2,35,57,57647,GAULLE (RUE CHARLES DE),49.32267915,6.07932329,Nuit avec éclairage allumé,En agglomération,Hors intersection,Normale,Autre collision,3,2,2,0,1,2,1,0,1,50,1,1,0,0,1,0,45.0,,voiture,,5,2,1,1,6
202300048541,2023-09-29 04:11:00,2023,9,29,4,11,18,18033,111 Rue Louis Mallet,47.0815,2.37176,Nuit avec éclairage allumé,En agglomération,Hors intersection,Normale,Sans collision,4,2,4,2,1,1,1,0,1,50,1,2,0,0,0,2,22.0,,voiture,,5,2,1,1,7
202300048542,2023-02-18 07:10:00,2023,2,18,7,10,71,71157,D1083,46.498363,5.38049,Crépuscule ou aube,Hors agglomération,Hors intersection,Pluie légère,Autre collision,3,3,2,0,1,1,2,0,3,110,1,3,2,0,0,1,20.0,,voiture,,2,1,1,2,6
202300048543,2023-01-05 20:25:00,2023,1,5,20,25,51,51055,Rue de la Gare,49.28584821,4.0615806,Nuit avec éclairage allumé,En agglomération,Intersection en X,Normale,Deux véhicules - côté,4,2,2,0,1,1,2,0,1,50,2,3,2,0,0,1,60.0,39.0,transport_commun,utilitaire_camion,5,2,2,1,3
202300048543,2023-01-05 20:25:00,2023,1,5,20,25,51,51055,Rue de la Gare,49.28584821,4.0615806,Nuit avec éclairage allumé,En agglomération,Intersection en X,Normale,Deux véhicules - côté,4,2,2,0,1,1,1,0,1,50,2,3,2,0,0,1,60.0,39.0,transport_commun,utilitaire_camion,5,2,2,1,3
202300048544,2023-06-14 08:50:00,2023,6,14,8,50,45,45284,Rue du Coin Buffet,47.9143,1.96435,Plein jour,En agglomération,Intersection en X,Normale,Autre collision,4,2,3,1,1,1,1,0,1,50,1,2,1,0,0,1,66.0,,utilitaire_camion,,1,2,2,1,6
202300048544,2023-06-14 08:50:00,2023,6,14,8,50,45,45284,Rue du Coin Buffet,47.9143,1.96435,Plein jour,En agglomération,Intersection en X,Normale,Autre collision,4,2,2,1,1,1,1,0,1,50,1,2,1,0,0,1,66.0,,utilitaire_camion,,1,2,2,1,6
202300048545,2023-07-18 16:34:00,2023,7,18,16,34,54,54451,Rue du Moulin,49.509157,5.759357,Plein jour,En agglomération,Hors intersection,Normale,Deux véhicules - côté,4,2,2,0,2,2,1,0,1,50,2,2,1,0,0,1,19.0,25.0,voiture,voiture,1,2,1,1,3
202300048546,2023-09-26 17:30:00,2023,9,26,17,30,17,17415,SAINTONGE A10 A ROCADE OUEST AVENUE DE,45.74033,-0.66025,Plein jour,En agglomération,Autre intersection,Normale,Deux véhicules - arrière,3,1,1,0,1,1,1,2,3,50,2,3,2,0,0,1,44.0,69.0,utilitaire_camion,utilitaire_camion,1,2,9,1,2
202300048547,2023-02-18 03:00:00,2023,2,18,3,0,71,71289,cd 987,46.315102,4.511223,Nuit sans éclairage public,Hors agglomération,Hors intersection,Temps couvert,Autre collision,3,2,2,0,2,2,2,0,3,80,1,3,0,0,1,2,21.0,,voiture,,3,1,1,8,6
202300048548,2023-06-14 12:30:00,2023,6,14,12,30,45,45208,64 Rue du Genéral Leclerc,47.99862,2.73098,Plein jour,En agglomération,Hors intersection,Normale,Autre collision,4,-1,0,0,1,1,1,0,4,30,1,2,1,0,0,1,15.0,,deux_roues,,1,2,1,1,6
202300048549,2023-07-18 12:22:00,2023,7,18,12,22,54,54580,ALL DES LYS,49.45568,5.92763,Plein jour,En agglomération,Intersection en T,Normale,Deux véhicules - côté,4,2,2,0,1,1,1,0,1,50,2,2,1,0,0,1,27.0,63.0,voiture,voiture,1,2,3,1,3
202300048549,2023-07-18 12:22:00,2023,7,18,12,22,54,54580,ALL DES LYS,49.45568,5.92763,Plein jour,En agglomération,Intersection en T,Normale,Deux véhicules - côté,4,2,2,0,1,1,1,0,1,50,2,2,1,0,0,1,27.0,63.0,voiture,voiture,1,2,3,1,3
202300048550,2023-09-29 13:07:00,2023,9,29,13,7,17,17380,OCEAN (DE L'),45.642499,-1.087585,Plein jour,En agglomération,Hors intersection,Normale,Deux véhicules - frontale,4,2,2,0,1,1,1,0,1,30,2,2,1,0,1,0,50.0,80.0,voiture,deux_roues,1,2,1,1,1
202300048551,2023-08-29 20:20:00,2023,8,29,20,20,17,17028,GRASSET   AVENUE EDMOND,46.13172,-1.10497,Crépuscule ou aube,En agglomération,Hors intersection,Normale,Deux véhicules - arrière,4,2,2,0,1,1,1,0,1,30,2,2,1,0,0,1,26.0,24.0,deux_roues,voiture,2,2,1,1,2
202300048552,2023-02-17 14:20:00,2023,2,17,14,20,89,89168,,47.813695,3.891488,Plein jour,Hors agglomération,Hors intersection,Pluie légère,Trois véhicules et plus - collisions multiples,3,2,2,0,2,3,2,0,1,90,3,5,1,0,3,1,19.0,45.0,voiture,voiture,1,1,1,2,5
202300048553,2023-06-13 14:25:00,2023,6,13,14,25,43,43157,51 Rue Pannessac,45.044056,3.881122,Plein jour,En agglomération,Intersection en T,Pluie légère,Deux véhicules - côté,4,1,1,0,1,1,2,0,1,20,2,2,1,0,0,1,58.0,53.0,voiture,utilitaire_camion,1,2,3,2,3
202300048553,2023-06-13 14:25:00,2023,6,13,14,25,43,43157,51 Rue Pannessac,45.044056,3.881122,Plein jour,En agglomération,Intersection en T,Pluie légère,Deux véhicules - côté,4,1,1,0,1,1,2,0,1,20,2,2,1,0,0,1,58.0,53.0,voiture,utilitaire_camion,1,2,3,2,3
202300048554,2023-01-04 17:30:00,2023,1,4,17,30,51,51153,D40A,49.024284,3.974374,Nuit sans éclairage public,Hors agglomération,Hors intersection,Pluie légère,Trois véhicules et plus - collisions multiples,3,2,2,0,2,3,2,0,1,70,5,12,2,0,1,9,30.0,27.0,voiture,voiture,3,1,1,2,5
202300048555,2023-07-17 11:45:00,2023,7,17,11,45,50,50066,AVRANCHES (AVENUE D'),48.81279,-1.54152,Plein jour,Hors agglomération,Hors intersection,Normale,Trois véhicules et plus - en chaîne,3,3,2,0,1,1,1,9,1,80,4,4,3,0,0,1,20.0,37.0,voiture,voiture,1,1,1,1,4
202300048556,2023-09-29 16:00:00,2023,9,29,16,0,13,13103,BOULEVARD DE LA REPUBLIQUE,43.64048,5.09442,Plein jour,En agglomération,Hors intersection,Normale,Autre collision,4,2,2,1,1,1,1,0,1,50,1,2,1,0,0,1,83.0,,voiture,,1,2,1,1,6
202300048557,2023-02-18 03:30:00,2023,2,18,3,30,34,34041,D4,43.626034,3.472001,Nuit sans éclairage public,Hors agglomération,Hors intersection,Normale,Autre collision,3,-1,2,0,2,1,1,0,8,70,1,2,0,1,1,0,19.0,,voiture,,3,1,1,1,6
202300048558,2023-06-11 10:10:00,2023,6,11,10,10,42,42218,Rue de la Verrerie,45.44038,4.40358,Plein jour,En agglomération,Intersection en X,Normale,Deux véhicules - côté,4,1,1,0,1,1,1,0,1,50,2,2,0,0,0,2,21.0,22.0,utilitaire_camion,deux_roues,1,2,2,1,3
202300048558,2023-06-11 10:10:00,2023,6,11,10,10,42,42218,Rue de la Verrerie,45.44038,4.40358,Plein jour,En agglomération,Intersection en X,Normale,Deux véhicules - côté,4,1,1,0,2,1,1,0,1,50,2,2,0,0,0,2,21.0,22.0,utilitaire_camion,deux_roues,1,2,2,1,3
202300048559,2023-09-29 11:00:00,2023,9,29,11,0,13,13103,CHEMIN DE RIGAUD,43.62235,5.08757,Plein jour,En agglomération,Hors intersection,Normale,Deux véhicules - côté,4,2,2,0,1,1,1,0,1,50,2,2,1,0,0,1,27.0,87.0,deux_roues,voiture,1,2,1,1,3
202300048560,2023-01-05 14:10:00,2023,1,5,14,10,50,50129,GAMBETTA (RUE),49.6410387,-1.5775134,Plein jour,En agglomération,Hors intersection,Normale,Autre collision,4,2,2,0,1,1,2,0,1,50,1,1,0,0,1,0,45.0,,deux_roues,,1,2,1,1,6
202300048561,2023-02-17 06:25:00,2023,2,17,6,25,68,68258,D2,47.82767,7.288576,Nuit sans éclairage public,Hors agglomération,Hors intersection,Normale,Sans collision,3,2,2,0,1,1,9,0,1,80,1,1,0,0,0,1,42.0,,deux_roues,,3,1,1,1,7
202300048562,2023-07-17 10:50:00,2023,7,17,10,50,50,50129,SCHUMAN (BOULEVARD ROBERT),49.63461,-1.62602,Plein jour,En agglomération,Intersection en X,Normale,Deux véhicules - côté,3,3,0,0,1,1,1,5,1,50,2,2,1,0,0,1,74.0,24.0,voiture,autre,1,2,2,1,3
202300048562,2023-07-17 10:50:00,2023,7,17,10,50,50,50129,SCHUMAN (BOULEVARD ROBERT),49.63461,-1.62602,Plein jour,En agglomération,Intersection en X,Normale,Deux véhicules - côté,3,2,0,0,1,1,1,5,1,50,2,2,1,0,0,1,74.0,24.0,voiture,autre,1,2,2,1,3
202300048563,2023-06-14 12:59:00,2023,6,14,12,59,37,37261,GRAMMONT (AVENUE DE),47.36878,0.69747,Plein jour,En agglomération,Hors intersection,Normale,Autre collision,4,-1,6,1,1,1,1,0,5,50,1,2,0,0,0,2,29.0,,deux_roues,,1,2,1,1,6
202300048564,2023-01-04 12:15:00,2023,1,4,12,15,50,50129,CONQUERANT (BOULEVARD GUILLAUME LE),49.63731,-1.63328,Plein jour,En agglomération,Hors intersection,Normale,Deux véhicules - arrière,3,3,4,0,1,1,2,0,1,50,2,2,1,0,0,1,74.0,18.0,voiture,deux_roues,1,2,1,1,2
202300048565,2023-07-18 10:05:00,2023,7,18,10,5,49,49015,LUDE LIEU DIT LE,47.51679,-0.584,Plein jour,Hors agglomération,Hors intersection,Normale,Sans collision,4,2,2,0,1,1,1,0,1,50,1,1,0,0,0,1,44.0,,utilitaire_camion,,1,1,1,1,7
202300048566,2023-02-18 02:00:00,2023,2,18,2,0,35,35297,Rue de Merdrignac,48.189855,-2.193489,Nuit avec éclairage non allumé,En agglomération,Hors intersection,Normale,Autre collision,4,2,2,0,1,3,1,0,3,30,1,2,0,0,2,0,32.0,,voiture,,4,2,1,1,6
202300048567,2023-09-21 09:10:00,2023,9,21,9,10,13,13056,CD 49,43.36256,5.05521,Plein jour,Hors agglomération,Hors intersection,Normale,Deux véhicules - frontale,3,2,2,0,2,2,1,0,1,70,3,6,3,0,0,3,73.0,69.0,voiture,voiture,1,1,1,1,1
202300048568,2023-06-14 08:35:00,2023,6,14,8,35,35,35051,TAILLIS (ROND-POINT DU),48.11447,-1.62085,Plein jour,En agglomération,Giratoire,Normale,Deux véhicules - côté,4,1,1,1,1,2,1,9,5,30,2,2,1,0,1,0,48.0,23.0,voiture,deux_roues,1,2,6,1,3
202300048569,2023-02-18 08:30:00,2023,2,18,8,30,38,38249,D11,45.219118,5.822507,Plein jour,Hors agglomération,Intersection en Y,Normale,Autre collision,3,2,2,1,1,1,1,0,3,70,1,1,0,1,0,0,87.0,,voiture,,1,1,4,1,6
202300048569,2023-02-18 08:30:00,2023,2,18,8,30,38,38249,D11,45.219118,5.822507,Plein jour,Hors agglomération,Intersection en Y,Normale,Autre collision,3,2,2,1,1,1,1,0,3,50,1,1,0,1,0,0,87.0,,voiture,,1,1,4,1,6
202300048570,2023-01-05 19:33:00,2023,1,5,19,33,49,49267,CHARMES AVENUE,47.46386,-0.49107,Nuit avec éclairage allumé,En agglomération,Intersection en X,Normale,Deux véhicules - frontale,4,2,2,0,1,1,1,0,1,30,2,2,1,0,0,1,31.0,19.0,deux_roues,voiture,5,2,2,1,1
202300048570,2023-01-05 19:33:00,2023,1,5,19,33,49,49267,CHARMES AVENUE,47.46386,-0.49107,Nuit avec éclairage allumé,En agglomération,Intersection en X,Normale,Deux véhicules - frontale,4,2,3,0,1,1,1,0,1,30,2,2,1,0,0,1,31.0,19.0,deux_roues,voiture,5,2,2,1,1
202300048571,2023-07-18 18:40:00,2023,7,18,18,40,44,44184,,47.28888,-2.24182,Plein jour,Hors agglomération,Autre intersection,Normale,Deux véhicules - arrière,3,3,6,0,1,1,1,0,1,90,2,3,2,0,1,0,19.0,51.0,voiture,voiture,1,1,9,1,2
202300048572,2023-06-14 22:55:00,2023,6,14,22,55,33,33063,Rue Lucien Faure,44.86693,-0.56218,Nuit avec éclairage non allumé,En agglomération,Hors intersection,Normale,Autre collision,4,3,4,0,1,1,1,0,1,50,1,1,0,0,1,0,16.0,,deux_roues,,4,2,1,1,6
202300048573,2023-09-30 21:55:00,2023,9,30,21,55,10,10297,CLAUDE CHAPPE (RUE),48.32428,4.10485,Nuit avec éclairage allumé,En agglomération,Intersection en T,Normale,Deux véhicules - frontale,4,2,2,0,1,1,1,0,1,50,2,2,1,0,0,1,31.0,20.0,deux_roues,voiture,5,2,3,1,1
202300048573,2023-09-30 21:55:00,2023,9,30,21,55,10,10297,CLAUDE CHAPPE (RUE),48.32428,4.10485,Nuit avec éclairage allumé,En agglomération,Intersection en T,Normale,Deux véhicules - frontale,4,2,2,0,1,1,1,0,1,50,2,2,1,0,0,1,31.0,20.0,deux_roues,voiture,5,2,3,1,1
202300048574,2023-01-05 18:22:00,2023,1,5,18,22,49,49246,EUROPE AVENUE,47.43768,-0.5305,Nuit avec éclairage allumé,En agglomération,Hors intersection,Pluie légère,Autre collision,4,2,2,0,1,1,2,0,1,50,1,2,1,0,0,1,26.0,,voiture,,5,2,1,2,6
202300048575,2023-02-17 18:30:00,2023,2,17,18,30,58,58087,4 route des mouroux,46.760957,3.55846,Nuit sans éclairage public,En agglomération,Hors intersection,Temps couvert,Deux véhicules - côté,3,2,2,0,1,1,2,0,1,50,2,2,1,0,1,0,72.0,36.0,deux_roues,voiture,3,2,1,8,3
202300048576,2023-06-14 08:20:00,2023,6,14,8,20,33,33550,Avenue des Pyrénées,44.77382,-0.56483,Plein jour,En agglomération,Hors intersection,Normale,Autre collision,4,3,2,1,1,1,1,0,1,50,1,2,0,0,0,2,24.0,,deux_roues,,1,2,1,1,6
202300048577,2023-07-18 08:40:00,2023,7,18,8,40,44,44184,29 Boulevard des Apprentis,47.29695,-2.18429,Plein jour,En agglomération,Hors intersection,Normale,Deux véhicules - côté,4,2,2,1,1,1,1,0,1,50,2,2,1,0,1,0,32.0,28.0,deux_roues,utilitaire_camion,1,2,1,1,3
202300048578,2023-02-18 16:00:00,2023,2,18,16,0,50,50092,D52,49.099646,-1.351045,Plein jour,Hors agglomération,Hors intersection,Normale,Autre collision,3,2,2,0,3,3,1,0,3,80,1,2,1,0,1,0,20.0,,voiture,,1,1,1,1,6
202300048579,2023-01-05 08:54:00,2023,1,5,8,54,49,49007,SAINT LAZARE,47.47898,-0.56516,Plein jour,En agglomération,Hors intersection,Temps couvert,Autre collision,4,2,2,0,1,1,2,0,1,30,1,2,1,0,0,1,37.0,,voiture,,1,2,1,8,6
202300048580,2023-09-28 17:15:00,2023,9,28,17,15,10,10387,DANTON (RUE),48.30275,4.07509,Plein jour,En agglomération,Hors intersection,Normale,Deux véhicules - arrière,4,3,5,1,1,1,1,0,1,50,2,3,2,0,0,1,16.0,22.0,voiture,deux_roues,1,2,1,1,2
202300048581,2023-06-14 02:30:00,2023,6,14,2,30,31,31555,FITTE (ALL CHARLES DE) DU 1AU 310,43.59951,1.42967,Nuit avec éclairage allumé,En agglomération,Hors intersection,Pluie forte,Autre collision,4,3,4,1,1,1,2,0,1,50,1,2,1,0,0,1,27.0,,voiture,,5,2,1,3,6
202300048582,2023-01-04 23:45:00,2023,1,4,23,45,49,49007,ESTIENNE D'ORVES BOULEVARD,47.46155,-0.51682,Nuit sans éclairage public,En agglomération,Hors intersection,Pluie légère,Sans collision,4,1,1,0,1,2,2,0,1,70,1,1,0,0,1,0,51.0,,deux_roues,,3,2,1,2,7
202300048583,2023-06-16 16:15:00,2023,6,16,16,15,44,44109,8 Boulevard Gabriel Guist'Hau,47.21563,-1.56446,Plein jour,En agglomération,Hors intersection,Normale,Deux véhicules - côté,4,3,2,2,1,1,1,0,1,30,2,2,1,0,0,1,28.0,34.0,voiture,utilitaire_camion,1,2,1,1,3
202300048584,2023-09-28 10:05:00,2023,9,28,10,5,10,10333,CHARLES BALTET (RUE),48.28204,4.05955,Plein jour,En agglomération,Giratoire,Normale,Deux véhicules - côté,4,-1,2,0,1,1,1,5,1,50,2,2,1,0,0,1,38.0,87.0,utilitaire_camion,voiture,1,2,6,1,3
202300048584,2023-09-28 10:05:00,2023,9,28,10,5,10,10333,CHARLES BALTET (RUE),48.28204,4.05955,Plein jour,En agglomération,Giratoire,Normale,Deux véhicules - côté,4,2,2,0,1,1,1,0,1,50,2,2,1,0,0,1,38.0,87.0,utilitaire_camion,voiture,1,2,6,1,3
202300048585,2023-02-18 10:45:00,2023,2,18,10,45,36,36155,La Folie,46.992294,1.414513,Plein jour,Hors agglomération,Hors intersection,Pluie légère,Autre collision,4,2,2,0,1,3,2,0,3,80,1,1,0,0,1,0,26.0,,deux_roues,,1,1,1,2,6
202300048586,2023-06-13 09:07:00,2023,6,13,9,7,27,27229,NORMANDIE (BOULEVARD DE),49.01863,1.1412,Plein jour,En agglomération,Hors intersection,Normale,Trois véhicules et plus - en chaîne,4,3,4,0,1,1,1,0,1,50,3,3,2,0,0,1,68.0,48.0,voiture,deux_roues,1,2,1,1,4
202300048587,2023-01-06 09:15:00,2023,1,6,9,15,45,45232,D2271 PR 0 + 232,47.84022,1.87717,Plein jour,En agglomération,Giratoire,Normale,Deux véhicules - côté,3,1,2,0,1,2,1,0,1,50,2,2,1,0,0,1,59.0,50.0,utilitaire_camion,voiture,1,2,6,1,3
202300048588,2023-07-18 16:50:00,2023,7,18,16,50,34,34172,1107 Avenue de Toulouse,43.59291,3.85941,Plein jour,En agglomération,Hors intersection,Normale,Sans collision,4,2,3,3,2,1,1,0,6,50,1,1,0,1,0,0,68.0,,deux_roues,,1,2,1,1,7
202300048589,2023-09-29 15:00:00,2023,9,29,15,0,07,07316,PARADIS (RUE DU),44.88918175,4.84773103,Plein jour,Hors agglomération,Hors intersection,Normale,Autre collision,3,2,2,0,4,3,1,0,3,90,1,1,0,0,0,1,79.0,,voiture,,1,1,1,1,6
202300048590,2023-02-17 18:15:00,2023,2,17,18,15,24,24129,Route des Deux Rocs,45.365549,0.723456,Crépuscule ou aube,Hors agglomération,Hors intersection,Normale,Autre collision,4,2,2,0,1,1,1,0,3,50,1,1,0,0,1,0,29.0,,deux_roues,,2,1,1,1,6
202300048591,2023-07-18 11:33:00,2023,7,18,11,33,32,32013,MARGUERITE YOURCENAR,43.65502,0.61639,Plein jour,En agglomération,Hors intersection,Normale,Autre collision,4,2,2,0,2,3,1,0,1,30,1,1,0,0,0,1,60.0,,deux_roues,,1,2,1,1,6
202300048592,2023-01-06 11:20:00,2023,1,6,11,20,44,44184,5 Rue Françoise Sagan,47.2669,-2.25431,Plein jour,En agglomération,Intersection en T,Normale,Autre collision,4,3,6,1,1,1,1,0,1,30,1,2,1,0,0,1,,,voiture,,1,2,3,1,6
202300048592,2023-01-06 11:20:00,2023,1,6,11,20,44,44184,5 Rue Françoise Sagan,47.2669,-2.25431,Plein jour,En agglomération,Intersection en T,Normale,Autre collision,4,2,2,0,1,1,1,0,1,30,1,2,1,0,0,1,,,voiture,,1,2,3,1,6
202300048593,2023-09-30 00:40:00,2023,9,30,0,40,06,06088,QUAI DES ETATS UNIS,43.69511,7.26924,Nuit avec éclairage allumé,En agglomération,Intersection en T,Normale,Autre collision,7,2,2,-1,1,2,1,0,1,50,1,2,1,0,0,1,28.0,,deux_roues,,5,2,3,1,6
202300048593,2023-09-30 00:40:00,2023,9,30,0,40,06,06088,QUAI DES ETATS UNIS,43.69511,7.26924,Nuit avec éclairage allumé,En agglomération,Intersection en T,Normale,Autre collision,7,1,3,0,1,1,1,0,1,50,1,2,1,0,0,1,28.0,,deux_roues,,5,2,3,1,6
202300048594,2023-02-18 12:00:00,2023,2,18,12,0,24,24197,1605 Route du Chardonnay,44.896494,0.43904,Plein jour,Hors agglomération,Hors intersection,Normale,Autre collision,4,2,2,0,2,1,1,0,1,70,1,2,1,0,0,1,59.0,,voiture,,1,1,1,1,6
202300048595,2023-01-04 23:59:00,2023,1,4,23,59,44,44184,60 Boulevard du Président Wilson,47.26885,-2.21558,Nuit avec éclairage allumé,En agglomération,Hors intersection,Pluie légère,Autre collision,4,-1,2,0,1,1,2,0,1,30,1,2,1,0,1,0,31.0,,voiture,,5,2,1,2,6
202300048596,2023-07-19 01:45:00,2023,7,19,1,45,31,31555,RUE ALAIN FOURNIER,43.60769501,1.36531815,Nuit avec éclairage allumé,En agglomération,Hors intersection,Normale,Sans collision,4,2,2,0,1,1,1,0,1,50,1,2,0,0,1,1,29.0,,deux_roues,,5,2,1,1,7
202300048597,2023-02-15 18:45:00,2023,2,15,18,45,17,17008,route de La Rochelle - SERIGNY,46.26141,-1.010238,Crépuscule ou aube,En agglomération,Giratoire,Normale,Deux véhicules - arrière,3,1,2,0,1,2,1,0,1,50,2,2,1,0,0,1,21.0,70.0,deux_roues,voiture,2,2,6,1,2
202300048598,2023-09-15 07:48:00,2023,9,15,7,48,05,05061,RN 85,44.58017,6.08209,Plein jour,Hors agglomération,Intersection en Y,Normale,Trois véhicules et plus - en chaîne,2,2,2,0,2,2,1,0,1,80,4,4,2,0,0,2,51.0,28.0,voiture,voiture,1,1,4,1,4