accident_id,datetime,annee,mois,jour,heure,minute,departement,commune_insee,adresse,latitude,longitude,luminosite,agglomeration,intersection,meteo,collision,catr,circ,nbv,vosp,prof,plan,surf,infra,situ,vma,nb_vehicules,nb_usagers,nb_indemnes,nb_tues,nb_blesses_hosp,nb_blesses_legers,age_cond_1,age_cond_2,veh_type_cond_1,veh_type_cond_2,lum_code,agg_code,int_code,atm_code,col_code
202300048859,2023-09-29 17:55:00,2023,9,29,17,55,39,39160,,46.782467,5.446815,Crépuscule ou aube,Hors agglomération,Autre intersection,Normale,Deux véhicules - arrière,3,2,2,0,1,1,1,0,1,90,2,2,1,0,0,1,36.0,72.0,utilitaire_camion,voiture,2,1,9,1,2
202300048860,2023-07-17 17:56:00,2023,7,17,17,56,79,79160,,46.138622,-0.176296,Plein jour,Hors agglomération,Hors intersection,Normale,Sans collision,3,2,2,0,1,1,1,0,3,80,1,1,0,0,1,0,74.0,,deux_roues,,1,1,1,1,7
202300048861,2023-09-29 18:40:00,2023,9,29,18,40,39,39013,,46.88365,5.799988,Crépuscule ou aube,Hors agglomération,Hors intersection,Normale,Deux véhicules - côté,3,2,2,0,2,3,1,0,1,80,2,3,2,0,0,1,23.0,20.0,deux_roues,voiture,2,1,1,1,3
202300048862,2023-01-08 16:40:00,2023,1,8,16,40,60,60533,A1 - PK 81+600 sens PARIS/LILLE,49.53084812,2.72361884,Plein jour,Hors agglomération,Hors intersection,Temps couvert,Deux véhicules - arrière,1,3,2,0,1,1,1,0,1,130,2,7,2,1,1,3,46.0,50.0,voiture,voiture,1,1,1,8,2
202300048863,2023-06-14 14:20:00,2023,6,14,14,20,22,22094,Rue du Tertre Himbert,48.59258,-2.148272,Plein jour,En agglomération,Intersection en T,Normale,Deux véhicules - arrière,3,2,2,1,1,1,1,0,5,50,2,2,1,0,0,1,42.0,19.0,voiture,deux_roues,1,2,3,1,2
202300048863,2023-06-14 14:20:00,2023,6,14,14,20,22,22094,Rue du Tertre Himbert,48.59258,-2.148272,Plein jour,En agglomération,Intersection en T,Normale,Deux véhicules - arrière,3,-1,2,1,1,1,1,0,5,50,2,2,1,0,0,1,42.0,19.0,voiture,deux_roues,1,2,3,1,2
202300048864,2023-07-17 08:50:00,2023,7,17,8,50,2A,2A085,route territoriale 40,41.913598,8.83335,Plein jour,Hors agglomération,Hors intersection,Normale,Deux véhicules - frontale,2,2,2,0,2,1,1,8,1,-1,2,4,0,0,1,3,52.0,81.0,voiture,voiture,1,1,1,1,1
202300048865,2023-09-29 15:45:00,2023,9,29,15,45,39,39255,,46.529834,5.438063,Plein jour,Hors agglomération,Hors intersection,Normale,Autre collision,3,2,2,0,4,3,9,0,8,70,1,1,0,0,0,1,39.0,,deux_roues,,1,1,1,1,6
202300048866,2023-01-08 00:05:00,2023,1,8,0,5,83,83124,Route de Draguignan,43.610597,6.653166,Nuit sans éclairage public,Hors agglomération,Hors intersection,Pluie légère,Sans collision,3,2,2,0,2,1,2,0,1,80,1,1,0,0,1,0,23.0,,deux_roues,,3,1,1,2,7
202300048867,2023-07-18 20:00:00,2023,7,18,20,0,32,32213,D632,43.471593,0.903363,Plein jour,Hors agglomération,Hors intersection,Normale,Autre collision,3,2,2,0,1,1,1,9,3,80,1,1,0,0,1,0,29.0,,voiture,,1,1,1,1,6
202300048868,2023-09-30 11:45:00,2023,9,30,11,45,39,39556,,46.595736,5.72802,Plein jour,Hors agglomération,Hors intersection,Normale,Autre collision,3,2,2,0,4,3,1,2,1,80,1,1,0,0,1,0,52.0,,deux_roues,,1,1,1,1,6
202300048869,2023-06-15 05:15:00,2023,6,15,5,15,13,13078,Rue Marcel Baudin,43.389519,4.805963,Crépuscule ou aube,En agglomération,Intersection en X,Normale,Deux véhicules - côté,4,2, -1,-1,1,1,1,0,1,-1,2,3,0,0,0,3,27.0,71.0,voiture,utilitaire_camion,2,2,2,1,3
202300048869,2023-06-15 05:15:00,2023,6,15,5,15,13,13078,Rue Marcel Baudin,43.389519,4.805963,Crépuscule ou aube,En agglomération,Intersection en X,Normale,Deux véhicules - côté,4,2,2,0,1,1,1,0,1,50,2,3,0,0,0,3,27.0,71.0,voiture,utilitaire_camion,2,2,2,1,3
202300048870,2023-01-08 17:45:00,2023,1,8,17,45,52,52246,Rue du 152 E Ri,47.902477,5.30395,Nuit avec éclairage allumé,En agglomération,Hors intersection,Pluie légère,Autre collision,2,2,2,0,1,1,2,0,1,50,1,2,1,0,1,0,26.0,,voiture,,5,2,1,2,6
202300048871,2023-07-18 17:50:00,2023,7,18,17,50,71,71546,1412 Route la Tramblyronne,46.32895,4.547492,Plein jour,Hors agglomération,Hors intersection,Normale,Deux véhicules - frontale,3,2,2,0,1,1,1,0,1,80,2,2,1,0,1,0,23.0,17.0,voiture,deux_roues,1,1,1,1,1
202300048872,2023-09-29 19:05:00,2023,9,29,19,5,31,31574,D820,43.428489,1.419039,Crépuscule ou aube,Hors agglomération,Giratoire,Normale,Deux véhicules - frontale,3,1,2,0,1,2,1,0,1,70,2,2,1,0,0,1,50.0,65.0,deux_roues,voiture,2,1,6,1,1
202300048873,2023-01-07 19:25:00,2023,1,7,19,25,68,68154,Rue Hoffet,47.786846,7.345149,Nuit avec éclairage allumé,En agglomération,Hors intersection,Normale,Deux véhicules - frontale,3,2,2,0,1,1,1,0,1,50,2,2,0,0,0,2,40.0,37.0,voiture,voiture,5,2,1,1,1
202300048874,2023-06-14 10:20:00,2023,6,14,10,20,28,28041,Beaurouvres,48.321054,1.277069,Plein jour,Hors agglomération,Hors intersection,Normale,Autre collision,3,2,2,0,1,2,1,0,1,90,2,2,1,0,1,0,31.0,16.0,utilitaire_camion,deux_roues,1,1,1,1,6
202300048875,2023-07-19 12:33:00,2023,7,19,12,33,89,89162,,48.273139,3.27311,Plein jour,Hors agglomération,Hors intersection,Normale,Deux véhicules - frontale,3,2,2,0,2,1,1,0,1,80,2,2,1,1,0,0,24.0,32.0,voiture,utilitaire_camion,1,1,1,1,1
202300048876,2023-01-07 15:35:00,2023,1,7,15,35,67,67263,D3,49.006433,7.818704,Plein jour,Hors agglomération,Hors intersection,Normale,Autre collision,3,2,2,0,1,2,2,0,1,80,1,1,0,1,0,0,21.0,,deux_roues,,1,1,1,1,6
202300048877,2023-06-15 09:10:00,2023,6,15,9,10,01,01166,ZAC du Pardy,45.982254,4.776446,Plein jour,Hors agglomération,Autre intersection,Normale,Autre collision,4,1,1,0,2,1,1,0,1,-1,1,2,1,0,0,1,72.0,,voiture,,1,1,9,1,6
202300048878,2023-09-29 16:40:00,2023,9,29,16,40,38,38416,Avenue de provence,45.149493,5.314733,Plein jour,En agglomération,Intersection en T,Normale,Autre collision,3,1,2,0,1,1,1,0,1,50,1,2,1,0,1,0,91.0,,voiture,,1,2,3,1,6
202300048878,2023-09-29 16:40:00,2023,9,29,16,40,38,38416,Avenue de provence,45.149493,5.314733,Plein jour,En agglomération,Intersection en T,Normale,Autre collision,3,2,2,2,1,1,1,9,1,50,1,2,1,0,1,0,91.0,,voiture,,1,2,3,1,6
202300048879,2023-01-07 15:25:00,2023,1,7,15,25,88,88412,Saint-Benoît-la-Chipotte,48.369764,6.771011,Plein jour,Hors agglomération,Hors intersection,Normale,Sans collision,3,2,2,0,2,2,1,0,1,80,1,1,0,0,1,0,36.0,,deux_roues,,1,1,1,1,7
202300048880,2023-07-19 13:35:00,2023,7,19,13,35,61,61473,D916,48.699309,-0.152537,Plein jour,Hors agglomération,Intersection en T,Normale,Deux véhicules - arrière,3,2,2,0,1,1,1,0,1,90,2,2,1,0,1,0,64.0,67.0,deux_roues,voiture,1,1,3,1,2
202300048880,2023-07-19 13:35:00,2023,7,19,13,35,61,61473,D916,48.699309,-0.152537,Plein jour,Hors agglomération,Intersection en T,Normale,Deux véhicules - arrière,3,2, -1,0,1,1,1,0,1,80,2,2,1,0,1,0,64.0,67.0,deux_roues,voiture,1,1,3,1,2
202300048881,2023-06-14 15:55:00,2023,6,14,15,55,22,22084,RN 176- PR : 34+950,48.40786,-2.340388,Plein jour,Hors agglomération,Hors intersection,Normale,Sans collision,2,1,2,0,2,3,1,3,1,70,1,2,1,0,1,0,29.0,,deux_roues,,1,1,1,1,7
202300048882,2023-01-08 03:43:00,2023,1,8,3,43,54,54557,RD400,48.69292215,6.06354117,Nuit sans éclairage public,Hors agglomération,Intersection en T,Pluie légère,Autre collision,3,2,2,0,1,1,2,0,1,50,1,2,1,1,0,0,55.0,,voiture,,3,1,3,2,6
202300048882,2023-01-08 03:43:00,2023,1,8,3,43,54,54557,RD400,48.69292215,6.06354117,Nuit sans éclairage public,Hors agglomération,Intersection en T,Pluie légère,Autre collision,3,2, -1,-1,1,1,2,0,1,-1,1,2,1,1,0,0,55.0,,voiture,,3,1,3,2,6
202300048883,2023-07-18 19:53:00,2023,7,18,19,53,42,42100,Route du Petit Mas,45.557724,4.410356,Crépuscule ou aube,En agglomération,Hors intersection,Normale,Deux véhicules - frontale,4,2,2,0,2,2,1,0,1,50,2,2,1,0,1,0,37.0,50.0,voiture,voiture,2,2,1,1,1
202300048884,2023-06-15 11:15:00,2023,6,15,11,15,50,50373,N 13 - PR 23+100,49.426611,-1.33147,Plein jour,Hors agglomération,Hors intersection,Normale,Sans collision,2,3,0,0,3,1,1,3,1,110,1,1,0,0,0,1,58.0,,voiture,,1,1,1,1,7
202300048885,2023-06-03 17:45:00,2023,6,3,17,45,63,63121,Autoroute A75 - Sens Nord/Sud - Point kilomètrique:21+400,45.60902744,3.22098117,Plein jour,Hors agglomération,Hors intersection,Normale,Sans collision,1,3,4,0,1,3,1,0,1,90,1,1,0,1,0,0,60.0,,deux_roues,,1,1,1,1,7
202300048886,2023-01-07 16:30:00,2023,1,7,16,30,54,54350,Marainviller,48.59640776,6.61467075,Plein jour,Hors agglomération,Hors intersection,Normale,Deux véhicules - frontale,3,2,2,0,1,2,1,0,1,80,2,2,0,0,2,0,41.0,43.0,voiture,voiture,1,1,1,1,1
202300048887,2023-07-06 19:50:00,2023,7,6,19,50,44,44041,l’aubiniere,47.090991,-1.581934,Crépuscule ou aube,Hors agglomération,Intersection en X,Normale,Deux véhicules - côté,4,1,1,0,1,1,1,0,1,80,2,2,1,0,1,0,54.0,32.0,deux_roues,voiture,2,1,2,1,3
202300048887,2023-07-06 19:50:00,2023,7,6,19,50,44,44041,l’aubiniere,47.090991,-1.581934,Crépuscule ou aube,Hors agglomération,Intersection en X,Normale,Deux véhicules - côté,4,2,2,0,1,1,1,0,1,80,2,2,1,0,1,0,54.0,32.0,deux_roues,voiture,2,1,2,1,3
202300048888,2023-01-08 06:15:00,2023,1,8,6,15,64,64422,Rue des Basques,43.18701,-0.625684,Nuit avec éclairage allumé,En agglomération,Hors intersection,Pluie légère,Autre collision,3,2,6,0,1,3,2,0,1,50,1,1,0,0,1,0,25.0,,voiture,,5,2,1,2,6
202300048889,2023-06-14 14:45:00,2023,6,14,14,45,62,62060,RD 941,50.20734,2.092359,Plein jour,Hors agglomération,Hors intersection,Normale,Deux véhicules - frontale,3,2,2,0,1,1,1,0,1,80,2,2,1,0,1,0,19.0,64.0,voiture,deux_roues,1,1,1,1,1
202300048890,2023-07-18 16:40:00,2023,7,18,16,40,14,14494,1697 Route Départementale 400,49.271739,-0.103587,Plein jour,Hors agglomération,Intersection en X,Normale,Deux véhicules - côté,3,-1,2,0,1,2,1,5,1,70,2,4,3,0,0,1,63.0,35.0,deux_roues,voiture,1,1,2,1,3
202300048890,2023-07-18 16:40:00,2023,7,18,16,40,14,14494,1697 Route Départementale 400,49.271739,-0.103587,Plein jour,Hors agglomération,Intersection en X,Normale,Deux véhicules - côté,3,3,2,0,1,2,1,5,1,70,2,4,3,0,0,1,63.0,35.0,deux_roues,voiture,1,1,2,1,3
202300048891,2023-09-30 12:30:00,2023,9,30,12,30,70,70493,D15,47.401632,6.051085,Plein jour,Hors agglomération,Hors intersection,Normale,Autre collision,3,2,2,0,1,2,1,0,3,80,1,1,0,0,1,0,59.0,,voiture,,1,1,1,1,6
202300048892,2023-01-07 16:45:00,2023,1,7,16,45,76,76558,D95,49.394133,1.171911,Plein jour,Hors agglomération,Hors intersection,Normale,Deux véhicules - frontale,7,2,2,0,2,3,2,0,1,70,2,5,0,0,3,2,36.0,30.0,voiture,voiture,1,1,1,1,1
202300048893,2023-06-15 16:00:00,2023,6,15,16,0,57,57703,Rue de Metting,48.842898,7.18326,Plein jour,En agglomération,Hors intersection,Normale,Deux véhicules - frontale,4,2,2,0,4,3,1,0,1,50,2,2,1,0,1,0,21.0,54.0,utilitaire_camion,deux_roues,1,2,1,1,1
202300048894,2023-07-17 20:25:00,2023,7,17,20,25,05,05046,Route de Chalvet,44.569383,6.498263,Plein jour,En agglomération,Hors intersection,Normale,Sans collision,4,2,2,0,2,1,1,0,1,50,2,3,2,0,0,1,48.0,46.0,deux_roues,voiture,1,2,1,1,7
202300048895,2023-01-07 18:40:00,2023,1,7,18,40,62,62889,D232,50.78975783,1.74412842,Nuit sans éclairage public,En agglomération,Hors intersection,Pluie légère,Deux véhicules - frontale,3,2,2,0,1,1,2,0,1,80,2,2,1,0,1,0,53.0,26.0,voiture,voiture,3,2,1,2,1
202300048896,2023-09-29 12:40:00,2023,9,29,12,40,58,58299,D977,47.445228,3.439536,Plein jour,Hors agglomération,Hors intersection,Normale,Deux véhicules - côté,3,2,2,0,1,1,1,0,1,80,2,2,0,1,0,1,88.0,49.0,voiture,voiture,1,1,1,1,3
202300048897,2023-01-07 04:45:00,2023,1,7,4,45,59,59370,27 Avenue du Floricamp,50.315763,3.988162,Nuit avec éclairage allumé,En agglomération,Hors intersection,Pluie légère,Sans collision,3,4,2,0,1,1,2,0,1,50,1,1,0,0,1,0,24.0,,voiture,,5,2,1,2,7
202300048898,2023-01-06 15:00:00,2023,1,6,15,0,13,13211,Sens Aubagne vers Marseille,43.287,5.4359,Plein jour,Hors agglomération,Hors intersection,Normale,Autre collision,1,1,4,0,1,1,1,0,1,70,1,1,0,0,0,1,67.0,,voiture,,1,1,1,1,6
202300048899,2023-06-13 19:00:00,2023,6,13,19,0,19,19133,Peyrissac,44.991998,1.919303,Plein jour,Hors agglomération,Hors intersection,Normale,Sans collision,4,2,2,0,2,3,1,0,1,80,1,1,0,1,0,0,73.0,,deux_roues,,1,1,1,1,7
202300048900,2023-07-18 16:15:00,2023,7,18,16,15,64,64160,D932,43.347496,-1.404834,Plein jour,Hors agglomération,Hors intersection,Normale,Autre collision,3,2,2,0,1,1,1,0,1,80,1,1,0,0,1,0,28.0,,utilitaire_camion,,1,1,1,1,6
202300048901,2023-01-07 02:25:00,2023,1,7,2,25,92,92002,AUTOROUTE A86,48.76265903,2.30300964,Nuit avec éclairage allumé,Hors agglomération,Hors intersection,Normale,Deux véhicules - côté,1,3,4,0,1,1,1,1,1,70,2,3,1,0,0,2,56.0,21.0,utilitaire_camion,voiture,5,1,1,1,3
202300048902,2023-07-16 18:05:00,2023,7,16,18,5,64,64504,Route des Ventas,43.292451,-1.559994,Plein jour,En agglomération,Intersection en X,Normale,Deux véhicules - côté,4,2,2,0,4,1,1,0,1,50,2,2,1,0,1,0,30.0,17.0,utilitaire_camion,deux_roues,1,2,2,1,3
202300048902,2023-07-16 18:05:00,2023,7,16,18,5,64,64504,Route des Ventas,43.292451,-1.559994,Plein jour,En agglomération,Intersection en X,Normale,Deux véhicules - côté,4,2, -1,-1,1,1,1,0,1,-1,2,2,1,0,1,0,30.0,17.0,utilitaire_camion,deux_roues,1,2,2,1,3
202300048903,2023-06-15 16:15:00,2023,6,15,16,15,56,56190,Le Crano,47.981261,-2.758749,Plein jour,Hors agglomération,Hors intersection,Normale,Deux véhicules - frontale,3,2,2,0,1,1,1,0,3,80,2,5,0,0,1,4,40.0,23.0,voiture,voiture,1,1,1,1,1
202300048904,2023-06-23 01:35:00,2023,6,23,1,35,73,73124,N90,45.64927992,6.34194106,Nuit sans éclairage public,Hors agglomération,Hors intersection,Pluie légère,Autre collision,2,1,1,0,1,1,2,3,3,90,1,1,0,0,0,1,19.0,,voiture,,3,1,1,2,6
202300048905,2023-01-07 16:50:00,2023,1,7,16,50,92,92050,A86,48.91808521,2.22294963,Nuit sans éclairage public,Hors agglomération,Hors intersection,Pluie légère,Deux véhicules - arrière,1,1,3,0,1,1,2,0,1,90,2,4,3,0,0,1,29.0,28.0,voiture,utilitaire_camion,3,1,1,2,2
202300048906,2023-07-18 14:40:00,2023,7,18,14,40,10,10259,Route de Bray,48.46851,3.447758,Plein jour,Hors agglomération,Hors intersection,Normale,Trois véhicules et plus - en chaîne,3,2,2,0,1,1,1,0,1,50,3,3,2,0,0,1,34.0,33.0,voiture,utilitaire_camion,1,1,1,1,4
202300048907,2023-06-15 14:00:00,2023,6,15,14,0,76,76087,Rue de Bosc Mare,49.711978,0.81666,Plein jour,Hors agglomération,Intersection en X,Temps éblouissant,Deux véhicules - côté,3,2,2,0,2,1,1,5,1,-1,2,3,1,0,1,1,24.0,28.0,utilitaire_camion,voiture,1,1,2,7,3
202300048907,2023-06-15 14:00:00,2023,6,15,14,0,76,76087,Rue de Bosc Mare,49.711978,0.81666,Plein jour,Hors agglomération,Intersection en X,Temps éblouissant,Deux véhicules - côté,3,2, -1,-1,2,1,1,5,1,-1,2,3,1,0,1,1,24.0,28.0,utilitaire_camion,voiture,1,1,2,7,3
202300048908,2023-07-08 18:40:00,2023,7,8,18,40,07,07101,D111,44.408677,4.294238,Plein jour,En agglomération,Hors intersection,Normale,Sans collision,3,2,2,0,1,4,1,0,1,50,1,1,0,0,1,0,44.0,,voiture,,1,2,1,1,7
202300048909,2023-01-06 08:00:00,2023,1,6,8,0,94,94017,A4,48.82769882,2.50651797,Crépuscule ou aube,Hors agglomération,Hors intersection,Normale,Trois véhicules et plus - collisions multiples,1,3,4,0,1,1,1,1,1,90,4,4,3,0,0,1,53.0,23.0,utilitaire_camion,deux_roues,2,1,1,1,5
202300048910,2023-06-14 11:20:00,2023,6,14,11,20,2A,2A085,col saint georges,41.892758,8.931026,Plein jour,Hors agglomération,Hors intersection,Normale,Sans collision,2,2,3,0,2,1,1,8,8,80,1,1,0,1,0,0,75.0,,deux_roues,,1,1,1,1,7
202300048911,2023-07-17 11:25:00,2023,7,17,11,25,24,24499,intersection RD32 et route de la ferrière,44.869086,0.563173,Plein jour,Hors agglomération,Intersection en T,Normale,Autre collision,3,2,2,0,1,1,1,5,1,80,2,2,1,0,1,0,,61.0,autre,deux_roues,1,1,3,1,6
202300048911,2023-07-17 11:25:00,2023,7,17,11,25,24,24499,intersection RD32 et route de la ferrière,44.869086,0.563173,Plein jour,Hors agglomération,Intersection en T,Normale,Autre collision,3,2, -1,-1,1,1,1,5,1,-1,2,2,1,0,1,0,,61.0,autre,deux_roues,1,1,3,1,6
202300048912,2023-06-14 03:30:00,2023,6,14,3,30,32,32429,Lamouraque,44.003982,0.637776,Nuit sans éclairage public,Hors agglomération,Hors intersection,Normale,Autre collision,3,2,2,0,2,1,1,0,3,80,1,1,0,0,1,0,44.0,,voiture,,3,1,1,1,6
202300048913,2023-01-06 09:50:00,2023,1,6,9,50,75,75114,PORTE DE VANVES,48.824004,2.307669,Plein jour,En agglomération,Hors intersection,Normale,Deux véhicules - côté,4,1,3,0,1,1,1,0,1,70,2,2,1,0,0,1,35.0,24.0,voiture,deux_roues,1,2,1,1,3
202300048914,2023-07-19 07:50:00,2023,7,19,7,50,37,37273,D140,47.381298,0.783666,Plein jour,Hors agglomération,Intersection en T,Normale,Deux véhicules - côté,3,2,1,0,1,1,1,0,1,80,2,2,1,0,0,1,29.0,68.0,deux_roues,voiture,1,1,3,1,3
202300048914,2023-07-19 07:50:00,2023,7,19,7,50,37,37273,D140,47.381298,0.783666,Plein jour,Hors agglomération,Intersection en T,Normale,Deux véhicules - côté,3,2,1,0,1,1,1,0,1,50,2,2,1,0,0,1,29.0,68.0,deux_roues,voiture,1,1,3,1,3
202300048915,2023-06-14 17:15:00,2023,6,14,17,15,61,61324,D55 PR5+660,48.510132,-0.758765,Plein jour,Hors agglomération,Hors intersection,Temps couvert,Deux véhicules - frontale,3,2,2,0,1,2,2,0,1,80,2,3,1,0,0,2,37.0,71.0,voiture,utilitaire_camion,1,1,1,8,1
202300048916,2023-07-16 22:13:00,2023,7,16,22,13,10,10213,A5,48.18264647,4.41311909,Nuit sans éclairage public,Hors agglomération,Hors intersection,Normale,Deux véhicules - arrière,1,3,2,0,1,1,1,0,1,130,2,4,1,0,0,3,24.0,56.0,voiture,voiture,3,1,1,1,2
202300048917,2023-01-06 18:20:00,2023,1,6,18,20,75,75120,RUE DE BELLEVILLE,48.872093,2.377105,Nuit avec éclairage allumé,En agglomération,Intersection en X,Normale,Autre collision,4,3, -1,-1,1,1,1,-1,6,-1,1,2,1,0,0,1,52.0,,transport_commun,,5,2,2,1,6
202300048917,2023-01-06 18:20:00,2023,1,6,18,20,75,75120,RUE DE BELLEVILLE,48.872093,2.377105,Nuit avec éclairage allumé,En agglomération,Intersection en X,Normale,Autre collision,4,-1,2,0,2,1,1,-1,6,30,1,2,1,0,0,1,52.0,,transport_commun,,5,2,2,1,6
202300048918,2023-07-19 10:45:00,2023,7,19,10,45,24,24538,Foncaude,44.821497,0.965279,Plein jour,Hors agglomération,Hors intersection,Normale,Deux véhicules - frontale,3,-1,3,0,1,1,1,0,1,90,2,3,0,1,1,1,65.0,51.0,deux_roues,voiture,1,1,1,1,1
202300048919,2023-01-06 12:30:00,2023,1,6,12,30,75,75120,RUE FREDERICK LEMAITRE,48.87533,2.393583,Plein jour,En agglomération,Intersection en T,Normale,Autre collision,4,2,2,0,2,1,1,0,1,30,1,2,1,0,0,1,21.0,,utilitaire_camion,,1,2,3,1,6
202300048919,2023-01-06 12:30:00,2023,1,6,12,30,75,75120,RUE FREDERICK LEMAITRE,48.87533,2.393583,Plein jour,En agglomération,Intersection en T,Normale,Autre collision,4,1,1,0,2,1,1,0,1,30,1,2,1,0,0,1,21.0,,utilitaire_camion,,1,2,3,1,6
202300048920,2023-07-17 14:30:00,2023,7,17,14,30,987,98738,RT 1 PK 13.5 Eglise Mormone,-17.617892,-149.548988,Plein jour,Hors agglomération,Hors intersection,Normale,Autre collision,2,2,2,0,1,3,1,0,1,50,1,2,1,0,1,0,39.0,,voiture,,1,1,1,1,6
202300048921,2023-01-06 17:30:00,2023,1,6,17,30,75,75119,RUE DE CRIMEE,48.895258,2.372006,Nuit avec éclairage allumé,En agglomération,Intersection en X,Normale,Deux véhicules - côté,4,2, -1,-1,1,1,1,0,1,-1,2,2,1,0,0,1,47.0,77.0,deux_roues,voiture,5,2,2,1,3
202300048921,2023-01-06 17:30:00,2023,1,6,17,30,75,75119,RUE DE CRIMEE,48.895258,2.372006,Nuit avec éclairage allumé,En agglomération,Intersection en X,Normale,Deux véhicules - côté,4,3,4,0,1,1,1,0,1,30,2,2,1,0,0,1,47.0,77.0,deux_roues,voiture,5,2,2,1,3
202300048922,2023-07-13 15:00:00,2023,7,13,15,0,987,98738,RT 1 PK 17.500,-17.6547,-149.59821,Plein jour,En agglomération,Hors intersection,Normale,Deux véhicules - frontale,2,2,2,0,1,3,1,0,1,50,2,2,1,0,0,1,42.0,41.0,utilitaire_camion,voiture,1,2,1,1,1
202300048923,2023-06-15 12:38:00,2023,6,15,12,38,49,49135,17 Route de Soulaire,47.56929,-0.585332,Plein jour,Hors agglomération,Hors intersection,Normale,Sans collision,3,2,2,0,1,4,1,0,3,80,1,1,0,0,1,0,54.0,,deux_roues,,1,1,1,1,7
202300048924,2023-07-18 17:10:00,2023,7,18,17,10,68,68278,Autoroute A35,47.762542,7.417406,Plein jour,Hors agglomération,Hors intersection,Normale,Deux véhicules - arrière,1,3,2,0,1,1,1,0,1,130,2,2,1,0,1,0,25.0,31.0,deux_roues,voiture,1,1,1,1,2
202300048925,2023-01-06 15:15:00,2023,1,6,15,15,75,75116,AVENUE D IENA,48.87228,2.295312,Plein jour,En agglomération,Intersection en X,Normale,Autre collision,4,2,4,0,1,1,1,0,1,30,1,2,1,0,0,1,45.0,,deux_roues,,1,2,2,1,6
202300048925,2023-01-06 15:15:00,2023,1,6,15,15,75,75116,AVENUE D IENA,48.87228,2.295312,Plein jour,En agglomération,Intersection en X,Normale,Autre collision,4,1,2,1,1,2,1,0,1,30,1,2,1,0,0,1,45.0,,deux_roues,,1,2,2,1,6
202300048926,2023-06-14 13:41:00,2023,6,14,13,41,44,44069,1e Route de la Turballe,47.334118,-2.459897,Plein jour,Hors agglomération,Hors intersection,Normale,Deux véhicules - côté,3,2,2,0,1,1,1,0,1,50,2,3,1,0,2,0,19.0,48.0,deux_roues,voiture,1,1,1,1,3
202300048927,2023-07-18 04:15:00,2023,7,18,4,15,68,68267,A36 PK003+900 sens MULHOUSE-BELFORT,47.73945223,7.22551847,Crépuscule ou aube,Hors agglomération,Hors intersection,Normale,Deux véhicules - arrière,1,3,2,0,1,1,1,0,1,130,2,2,0,0,0,2,64.0,47.0,voiture,voiture,2,1,1,1,2
202300048928,2023-01-04 19:10:00,2023,1,4,19,10,75,75116,AVENUE DU PRESIDENT WILSON,48.863469,2.288743,Nuit avec éclairage allumé,En agglomération,Hors intersection,Pluie légère,Autre collision,4,2,2,0,1,1,2,0,1,50,1,2,1,0,0,1,30.0,,deux_roues,,5,2,1,2,6
202300048929,2023-07-18 15:15:00,2023,7,18,15,15,51,51636,A4 PK 156+300 dans le sens PARIS/STRASBOURG,49.138846,4.21728,Plein jour,Hors agglomération,Hors intersection,Temps éblouissant,Sans collision,1,3,2,0,2,1,1,0,1,130,1,3,1,0,2,0,47.0,,voiture,,1,1,1,7,7
202300048930,2023-06-15 08:00:00,2023,6,15,8,0,29,29274,Lieu Dit Broust,48.033029,-3.729365,Plein jour,Hors agglomération,Intersection en X,Normale,Deux véhicules - côté,3,2,2,0,1,1,1,0,1,80,2,2,1,0,1,0,47.0,60.0,utilitaire_camion,deux_roues,1,1,2,1,3
202300048930,2023-06-15 08:00:00,2023,6,15,8,0,29,29274,Lieu Dit Broust,48.033029,-3.729365,Plein jour,Hors agglomération,Intersection en X,Normale,Deux véhicules - côté,3,2,2,0,1,1,1,0,1,80,2,2,1,0,1,0,47.0,60.0,utilitaire_camion,deux_roues,1,1,2,1,3
202300048931,2023-01-06 15:05:00,2023,1,6,15,5,75,75113,BOULEVARD MASSENA,48.822655,2.372876,Plein jour,En agglomération,Intersection en T,Normale,Deux véhicules - côté,4,2,4,1,2,1,1,0,1,30,2,2,1,0,0,1,63.0,29.0,voiture,deux_roues,1,2,3,1,3
202300048931,2023-01-06 15:05:00,2023,1,6,15,5,75,75113,BOULEVARD MASSENA,48.822655,2.372876,Plein jour,En agglomération,Intersection en T,Normale,Deux véhicules - côté,4,2,4,1,2,1,1,0,1,30,2,2,1,0,0,1,63.0,29.0,voiture,deux_roues,1,2,3,1,3
202300048932,2023-07-19 15:45:00,2023,7,19,15,45,45,45006,A71 PR 114 + 286,47.767513,1.851776,Plein jour,Hors agglomération,Hors intersection,Normale,Autre collision,1,3,4,0,1,1,1,2,8,130,1,3,0,1,2,0,60.0,,voiture,,1,1,1,1,6
202300048933,2023-01-06 20:12:00,2023,1,6,20,12,75,75110,RUE DU FAUBOURG DU TEMPLE,48.868882,2.367638,Nuit avec éclairage allumé,En agglomération,Intersection en X,Normale,Deux véhicules - côté,4,1,2,2,1,1,2,0,1,30,2,2,1,0,0,1,33.0,,deux_roues,voiture,5,2,2,1,3
202300048933,2023-01-06 20:12:00,2023,1,6,20,12,75,75110,RUE DU FAUBOURG DU TEMPLE,48.868882,2.367638,Nuit avec éclairage allumé,En agglomération,Intersection en X,Normale,Deux véhicules - côté,4,1,2,3,2,1,2,0,1,30,2,2,1,0,0,1,33.0,,deux_roues,voiture,5,2,2,1,3