accident_id,datetime,annee,mois,jour,heure,minute,departement,commune_insee,adresse,latitude,longitude,luminosite,agglomeration,intersection,meteo,collision,catr,circ,nbv,vosp,prof,plan,surf,infra,situ,vma,nb_vehicules,nb_usagers,nb_indemnes,nb_tues,nb_blesses_hosp,nb_blesses_legers,age_cond_1,age_cond_2,veh_type_cond_1,veh_type_cond_2,lum_code,agg_code,int_code,atm_code,col_code
202300049012,2023-01-05 17:30:00,2023,1,5,17,30,44,44178,8 le Surchaud,47.11335,-1.716485,Nuit sans éclairage public,Hors agglomération,Hors intersection,Pluie légère,Deux véhicules - côté,3,2,2,0,1,1,2,0,1,80,2,2,1,0,1,0,18.0,56.0,deux_roues,voiture,3,1,1,2,3
202300049013,2023-06-15 17:15:00,2023,6,15,17,15,47,47041,A62,44.21333924,0.40243753,Plein jour,Hors agglomération,Hors intersection,Normale,Deux véhicules - arrière,1,1,2,0,1,1,1,0,1,130,2,2,1,0,1,0,45.0,35.0,utilitaire_camion,deux_roues,1,1,1,1,2
202300049014,2023-01-06 18:30:00,2023,1,6,18,30,66,66072,D33f,42.48505,2.004147,Nuit sans éclairage public,Hors agglomération,Hors intersection,Normale,Deux véhicules - arrière,3,2,2,2,2,1,1,0,5,80,2,2,1,0,1,0,,61.0,voiture,deux_roues,3,1,1,1,2
202300049015,2023-01-06 21:20:00,2023,1,6,21,20,72,72158,lieu dit saint hubert,48.05268559,0.68473935,Nuit sans éclairage public,Hors agglomération,Hors intersection,Normale,Autre collision,3,2,2,0,1,1,2,0,1,90,1,1,0,0,0,1,34.0,,deux_roues,,3,1,1,1,6
202300049016,2023-06-10 16:50:00,2023,6,10,16,50,68,68267,Autoroute A36 PK 004+700,47.73703112,7.21521185,Plein jour,Hors agglomération,Autre intersection,Normale,Deux véhicules - arrière,1,1,2,0,1,1,1,0,1,130,2,3,1,0,2,0,74.0,31.0,voiture,utilitaire_camion,1,1,9,1,2
202300049017,2023-01-07 17:40:00,2023,1,7,17,40,18,18167,,47.115613,1.930718,Nuit sans éclairage public,Hors agglomération,Hors intersection,Pluie légère,Sans collision,3,2,2,0,1,1,2,0,3,80,1,2,0,0,2,0,59.0,,deux_roues,,3,1,1,2,7
202300049018,2023-06-15 13:55:00,2023,6,15,13,55,21,21515,Rue du Cap Vert,47.311006,5.092683,Plein jour,En agglomération,Giratoire,Normale,Autre collision,6,-1, -1,0,1,2,1,0,1,50,1,2,1,0,0,1,47.0,,voiture,,1,2,6,1,6
202300049019,2023-01-06 11:20:00,2023,1,6,11,20,43,43087,Berthollet,45.22095546,4.34709504,Plein jour,En agglomération,Intersection en T,Normale,Autre collision,3,2,2,0,1,1,1,0,3,50,1,1,0,0,1,0,40.0,,voiture,,1,2,3,1,6
202300049019,2023-01-06 11:20:00,2023,1,6,11,20,43,43087,Berthollet,45.22095546,4.34709504,Plein jour,En agglomération,Intersection en T,Normale,Autre collision,3,2, -1,-1,1,1,1,5,1,-1,1,1,0,0,1,0,40.0,,voiture,,1,2,3,1,6
202300049020,2023-06-14 19:40:00,2023,6,14,19,40,29,29002,Goffouennec,47.87566,-3.455476,Plein jour,Hors agglomération,Hors intersection,Normale,Autre collision,4,2,2,0,1,1,1,0,1,70,1,1,0,0,1,0,46.0,,utilitaire_camion,,1,1,1,1,6
202300049021,2023-01-06 23:10:00,2023,1,6,23,10,04,04116,D4,44.003238,5.942026,Nuit sans éclairage public,Hors agglomération,Hors intersection,Normale,Sans collision,3,2,2,0,1,1,1,0,8,80,1,1,0,0,0,1,21.0,,voiture,,3,1,1,1,7
202300049022,2023-01-07 11:00:00,2023,1,7,11,0,87,87111,Puymoreau,45.763519,0.894302,Plein jour,Hors agglomération,Hors intersection,Normale,Autre collision,3,2,2,0,2,2,1,0,3,80,1,1,0,1,0,0,81.0,,voiture,,1,1,1,1,6
202300049023,2023-06-15 11:00:00,2023,6,15,11,0,91,91671,D148,48.474436,2.260727,Plein jour,Hors agglomération,Hors intersection,Normale,Deux véhicules - côté,3,2,2,0,3,1,1,0,1,70,2,2,1,0,1,0,22.0,30.0,voiture,deux_roues,1,1,1,1,3
202300049024,2023-01-07 11:25:00,2023,1,7,11,25,30,30170,,43.970172,3.546934,Plein jour,Hors agglomération,Hors intersection,Temps couvert,Autre collision,3,-1,2,0,1,2,2,0,3,80,1,1,0,0,1,0,21.0,,utilitaire_camion,,1,1,1,8,6
202300049025,2023-01-07 00:55:00,2023,1,7,0,55,49,49332,N249,47.07512,-0.94495,Nuit sans éclairage public,Hors agglomération,Hors intersection,Normale,Deux véhicules - arrière,2,3,4,0,1,2,1,0,1,110,2,2,1,1,0,0,35.0,32.0,voiture,utilitaire_camion,3,1,1,1,2
202300049026,2023-06-12 12:45:00,2023,6,12,12,45,13,13015,RUE SAINTE VICTOIRE,43.442883,5.410713,Plein jour,En agglomération,Hors intersection,Normale,Deux véhicules - frontale,4,2,2,0,1,1,1,0,1,30,2,2,1,0,1,0,53.0,23.0,deux_roues,utilitaire_camion,1,2,1,1,1
202300049027,2023-01-06 18:50:00,2023,1,6,18,50,34,34333,"D612, PK 15+150",43.4743,3.770253,Nuit sans éclairage public,Hors agglomération,Hors intersection,Normale,Deux véhicules - frontale,3,2,2,0,1,1,1,0,1,90,2,3,2,0,0,1,34.0,39.0,utilitaire_camion,voiture,3,1,1,1,1
202300049028,2023-06-14 12:20:00,2023,6,14,12,20,89,89102,D965,47.768998,3.457282,Plein jour,Hors agglomération,Hors intersection,Normale,Deux véhicules - frontale,3,2,2,0,1,1,1,0,1,90,2,3,0,0,2,1,19.0,32.0,voiture,voiture,1,1,1,1,1
202300049029,2023-01-03 19:45:00,2023,1,3,19,45,13,13113,A51 - 26+800,43.582695,5.476114,Nuit sans éclairage public,Hors agglomération,Hors intersection,Normale,Deux véhicules - côté,1,1,2,0,1,1,1,0,1,130,2,2,1,0,0,1,22.0,60.0,voiture,voiture,3,1,1,1,3
202300049030,2023-06-12 13:30:00,2023,6,12,13,30,21,21191,Départementale 996,47.15266,5.090921,Plein jour,Hors agglomération,Hors intersection,Normale,Deux véhicules - frontale,3,2,2,0,1,1,1,0,1,90,2,2,0,0,0,2,42.0,71.0,voiture,voiture,1,1,1,1,1
202300049031,2023-06-14 10:00:00,2023,6,14,10,0,68,68318,39bis Rue de la Vallée,47.960572,7.239752,Plein jour,En agglomération,Intersection en T,Normale,Autre collision,3,2,2,0,1,1,1,0,1,30,1,2,1,0,0,1,41.0,,utilitaire_camion,,1,2,3,1,6
202300049031,2023-06-14 10:00:00,2023,6,14,10,0,68,68318,39bis Rue de la Vallée,47.960572,7.239752,Plein jour,En agglomération,Intersection en T,Normale,Autre collision,3,2,2,0,1,1,1,0,8,30,1,2,1,0,0,1,41.0,,utilitaire_camion,,1,2,3,1,6
202300049032,2023-01-05 23:00:00,2023,1,5,23,0,33,33527,A660,44.613934,-1.047606,Nuit sans éclairage public,Hors agglomération,Hors intersection,Normale,Trois véhicules et plus - en chaîne,1,2,4,0,1,1,1,0,2,130,4,4,3,0,1,0,26.0,30.0,deux_roues,voiture,3,1,1,1,4
202300049033,2023-06-14 10:15:00,2023,6,14,10,15,63,63203,D796/RD15,45.841253,3.051946,Plein jour,Hors agglomération,Intersection en X,Normale,Deux véhicules - côté,3,2,2,0,1,1,1,0,1,90,2,2,1,0,1,0,78.0,22.0,voiture,voiture,1,1,2,1,3
202300049033,2023-06-14 10:15:00,2023,6,14,10,15,63,63203,D796/RD15,45.841253,3.051946,Plein jour,Hors agglomération,Intersection en X,Normale,Deux véhicules - côté,3,2,2,0,1,1,1,0,1,90,2,2,1,0,1,0,78.0,22.0,voiture,voiture,1,1,2,1,3
202300049034,2023-06-15 17:30:00,2023,6,15,17,30,38,38548,D531,45.077066,5.521145,Plein jour,Hors agglomération,Hors intersection,Normale,Trois véhicules et plus - collisions multiples,3,2,2,0,2,1,1,0,1,80,3,3,2,1,0,0,66.0,24.0,transport_commun,deux_roues,1,1,1,1,5
202300049035,2023-01-03 16:20:00,2023,1,3,16,20,987,98747,"Taravao centre PK 60, intersection Mc Donald et RT1",-17.756,-148.736,Plein jour,Hors agglomération,Intersection en T,Normale,Deux véhicules - côté,2,2,2,0,1,1,1,0,1,60,2,2,1,0,1,0,31.0,43.0,utilitaire_camion,deux_roues,1,1,3,1,3
202300049035,2023-01-03 16:20:00,2023,1,3,16,20,987,98747,"Taravao centre PK 60, intersection Mc Donald et RT1",-17.756,-148.736,Plein jour,Hors agglomération,Intersection en T,Normale,Deux véhicules - côté,2,2,2,0,1,1,1,0,6,-1,2,2,1,0,1,0,31.0,43.0,utilitaire_camion,deux_roues,1,1,3,1,3
202300049036,2023-06-14 14:45:00,2023,6,14,14,45,38,38442,Route du Col de Porte,45.311779,5.772141,Plein jour,Hors agglomération,Intersection en Y,Normale,Sans collision,3,2,2,0,2,4,1,0,1,80,1,1,0,0,0,1,31.0,,deux_roues,,1,1,4,1,7
202300049036,2023-06-14 14:45:00,2023,6,14,14,45,38,38442,Route du Col de Porte,45.311779,5.772141,Plein jour,Hors agglomération,Intersection en Y,Normale,Sans collision,3,2,2,0,2,1,1,0,1,80,1,1,0,0,0,1,31.0,,deux_roues,,1,1,4,1,7
202300049037,2023-06-15 14:38:00,2023,6,15,14,38,26,26179,D532,45.065709,4.890708,Plein jour,Hors agglomération,Intersection en X,Normale,Deux véhicules - côté,3,2,1,0,1,1,1,0,1,80,2,2,1,0,1,0,47.0,61.0,utilitaire_camion,voiture,1,1,2,1,3
202300049037,2023-06-15 14:38:00,2023,6,15,14,38,26,26179,D532,45.065709,4.890708,Plein jour,Hors agglomération,Intersection en X,Normale,Deux véhicules - côté,3,2,2,0,1,1,1,0,1,80,2,2,1,0,1,0,47.0,61.0,utilitaire_camion,voiture,1,1,2,1,3
202300049038,2023-06-15 08:10:00,2023,6,15,8,10,69,69159,Route de Tarare,45.975723,4.676281,Plein jour,Hors agglomération,Intersection en T,Normale,Deux véhicules - côté,3,2,2,2,1,1,1,0,1,80,2,2,1,0,0,1,66.0,33.0,deux_roues,voiture,1,1,3,1,3
202300049038,2023-06-15 08:10:00,2023,6,15,8,10,69,69159,Route de Tarare,45.975723,4.676281,Plein jour,Hors agglomération,Intersection en T,Normale,Deux véhicules - côté,3,2,2,0,1,1,1,0,1,-1,2,2,1,0,0,1,66.0,33.0,deux_roues,voiture,1,1,3,1,3
202300049039,2023-06-14 19:45:00,2023,6,14,19,45,31,31433,Boulevard de l'Europe,43.534849,1.39492,Plein jour,En agglomération,Hors intersection,Normale,Trois véhicules et plus - collisions multiples,3,2,2,0,1,1,1,2,1,50,3,3,2,0,1,0,17.0,21.0,deux_roues,voiture,1,2,1,1,5
202300049040,2023-06-15 12:35:00,2023,6,15,12,35,35,35221,8 Les Perrenelles,47.875349,-1.686742,Plein jour,En agglomération,Hors intersection,Normale,Deux véhicules - arrière,3,2,2,0,2,1,1,0,1,50,2,2,1,0,1,0,74.0,78.0,deux_roues,voiture,1,2,1,1,2
202300049041,2023-06-14 09:05:00,2023,6,14,9,5,60,60172,Route de la Seigneurie,49.14527298,2.44066882,Plein jour,Hors agglomération,Giratoire,Normale,Deux véhicules - côté,3,-1,2,0,1,1,1,0,8,50,2,2,1,0,0,1,23.0,78.0,voiture,voiture,1,1,6,1,3
202300049042,2023-06-15 17:30:00,2023,6,15,17,30,80,80561,Avenue Maurice Leconte,49.645006,2.565511,Plein jour,En agglomération,Intersection en T,Temps éblouissant,Deux véhicules - côté,3,2,2,0,1,1,1,0,1,50,2,3,2,0,0,1,32.0,22.0,voiture,deux_roues,1,2,3,7,3
202300049042,2023-06-15 17:30:00,2023,6,15,17,30,80,80561,Avenue Maurice Leconte,49.645006,2.565511,Plein jour,En agglomération,Intersection en T,Temps éblouissant,Deux véhicules - côté,3,2,2,0,1,1,1,0,1,50,2,3,2,0,0,1,32.0,22.0,voiture,deux_roues,1,2,3,7,3
202300049043,2023-06-14 07:45:00,2023,6,14,7,45,80,80721,D940,50.17639,1.613231,Plein jour,Hors agglomération,Giratoire,Normale,Deux véhicules - côté,3,2,1,0,1,1,1,0,1,80,2,2,1,0,0,1,21.0,55.0,voiture,deux_roues,1,1,6,1,3
202300049044,2023-06-14 18:25:00,2023,6,14,18,25,59,59280,Route de Tortequesne,50.280736,3.058501,Plein jour,Hors agglomération,Hors intersection,Normale,Sans collision,3,2,2,0,2,2,1,0,3,80,1,1,0,0,1,0,47.0,,deux_roues,,1,1,1,1,7
202300049045,2023-06-15 07:10:00,2023,6,15,7,10,59,59615,D53,50.703144,2.618917,Plein jour,Hors agglomération,Hors intersection,Temps éblouissant,Deux véhicules - côté,3,2,2,0,1,1,1,0,1,80,2,2,1,0,1,0,26.0,51.0,utilitaire_camion,deux_roues,1,1,1,7,3
202300049046,2023-06-13 09:25:00,2023,6,13,9,25,83,83144,A57,43.14305537,6.01077376,Plein jour,Hors agglomération,Hors intersection,Normale,Autre collision,1,3,4,0,1,1,1,8,1,70,1,1,0,0,0,1,21.0,,deux_roues,,1,1,1,1,6
202300049047,2023-06-13 23:00:00,2023,6,13,23,0,69,69029,Route Départementale 383,45.73741,4.90316,Nuit sans éclairage public,Hors agglomération,Hors intersection,Normale,Deux véhicules - arrière,7,3,11,0,1,1,1,0,1,70,2,3,1,0,0,2,29.0,,voiture,voiture,3,1,1,1,2
202300049048,2023-06-14 11:35:00,2023,6,14,11,35,91,91570,RN 104,48.62493,2.32151,Plein jour,Hors agglomération,Hors intersection,Normale,Deux véhicules - côté,2,1,2,0,1,1,1,0,3,110,2,2,1,0,0,1,37.0,48.0,voiture,utilitaire_camion,1,1,1,1,3
202300049049,2023-06-14 08:50:00,2023,6,14,8,50,91,91687,AUTOROUTE A6,48.66536,2.36323,Plein jour,Hors agglomération,Hors intersection,Normale,Deux véhicules - arrière,1,3,3,0,1,1,1,0,1,110,2,2,1,0,0,1,41.0,18.0,voiture,deux_roues,1,1,1,1,2
202300049050,2023-06-14 07:10:00,2023,6,14,7,10,92,92025,A86,48.91903976,2.22360689,Plein jour,Hors agglomération,Hors intersection,Normale,Deux véhicules - côté,1,1,2,0,1,1,1,0,1,100,2,2,1,0,0,1,38.0,21.0,deux_roues,voiture,1,1,1,1,3
202300049051,2023-06-13 07:50:00,2023,6,13,7,50,92,92072,N118,48.82499763,2.221007,Plein jour,Hors agglomération,Hors intersection,Normale,Deux véhicules - arrière,2,1,3,3,2,1,1,0,1,90,2,3,2,0,0,1,55.0,62.0,voiture,utilitaire_camion,1,1,1,1,2
202300049052,2023-06-13 08:20:00,2023,6,13,8,20,78,78126,A13,48.83559,2.12996,Plein jour,Hors agglomération,Hors intersection,Normale,Deux véhicules - arrière,1,3,4,0,1,1,1,0,1,110,2,2,1,0,0,1,51.0,53.0,voiture,voiture,1,1,1,1,2
202300049053,2023-06-13 11:30:00,2023,6,13,11,30,59,59343,MARTYRS RUE DES,50.590418,3.116268,Plein jour,En agglomération,Intersection en T,Normale,Autre collision,7,2,2,0,1,1,1,0,1,30,1,2,1,0,0,1,39.0,,voiture,,1,2,3,1,6
202300049053,2023-06-13 11:30:00,2023,6,13,11,30,59,59343,MARTYRS RUE DES,50.590418,3.116268,Plein jour,En agglomération,Intersection en T,Normale,Autre collision,7,1,1,0,1,1,1,0,1,30,1,2,1,0,0,1,39.0,,voiture,,1,2,3,1,6
202300049054,2023-06-13 02:30:00,2023,6,13,2,30,92,92075,CHATILLON (RUE DE),48.81728129,2.28367969,Nuit avec éclairage allumé,En agglomération,Autre intersection,Normale,Sans collision,4,2,2,0,2,1,1,0,1,50,1,1,0,0,0,1,23.0,,deux_roues,,5,2,9,1,7
202300049055,2023-06-12 16:00:00,2023,6,12,16,0,974,97416,MAURICE THOREZ(CHEMIN),-21.277,55.468,Plein jour,Hors agglomération,Hors intersection,Pluie légère,Sans collision,3,2,2,0,1,1,2,0,1,50,1,1,0,0,0,1,52.0,,deux_roues,,1,1,1,2,7
202300049056,2023-06-12 17:35:00,2023,6,12,17,35,974,97416,RN02,-21.332116,55.479322,Nuit sans éclairage public,Hors agglomération,Hors intersection,Pluie légère,Deux véhicules - arrière,2,2,2,0,1,1,2,0,1,90,2,6,5,0,0,1,25.0,66.0,voiture,voiture,3,1,1,2,2
202300049057,2023-06-13 09:45:00,2023,6,13,9,45,974,97411,RIVIERE (RUE MAXIME),-20.90636,55.50025,Plein jour,En agglomération,Hors intersection,Normale,Autre collision,4,2,2,0,1,1,1,0,1,50,1,2,1,0,0,1,62.0,,voiture,,1,2,1,1,6
202300049058,2023-06-13 16:45:00,2023,6,13,16,45,974,97409,Lefaguyes (chemin),-20.95835,55.66466,Plein jour,En agglomération,Hors intersection,Normale,Deux véhicules - arrière,3,2,2,0,2,1,1,0,1,50,2,2,1,0,0,1,29.0,59.0,deux_roues,voiture,1,2,1,1,2
202300049059,2023-06-13 11:40:00,2023,6,13,11,40,973,97302,RABAN (ROUTE DE),4.92152505,-52.31260872,Plein jour,En agglomération,Hors intersection,Normale,Autre collision,4,2,2,0,1,1,1,0,1,50,1,2,1,0,0,1,29.0,,voiture,,1,2,1,1,6
202300049060,2023-06-13 07:25:00,2023,6,13,7,25,972,97209,TIVOLI (ROUTE DE ),14.63727,-61.07151,Plein jour,En agglomération,Hors intersection,Pluie légère,Deux véhicules - frontale,4,2,2,0,2,2,2,0,1,50,2,4,2,0,0,2,63.0,49.0,voiture,voiture,1,2,1,2,1
202300049061,2023-06-13 21:00:00,2023,6,13,21,0,69,69382,2 Rue Auguste Comte,45.75661,4.83212,Plein jour,En agglomération,Hors intersection,Normale,Autre collision,4,1,1,2,1,2,1,0,1,30,1,2,1,0,0,1,,,deux_roues,,1,2,1,1,6
202300049062,2023-06-13 19:20:00,2023,6,13,19,20,69,69381,8 Quai Jean Moulin,45.76679,4.83831,Plein jour,En agglomération,Hors intersection,Pluie forte,Deux véhicules - côté,4,2,6,3,1,1,2,0,1,50,2,2,1,0,0,1,90.0,39.0,voiture,deux_roues,1,2,1,3,3
202300049063,2023-06-13 14:50:00,2023,6,13,14,50,69,69034,81 Quai Clémenceau,45.80148,4.84191,Plein jour,En agglomération,Hors intersection,Normale,Autre collision,7,2,2,0,1,1,1,0,1,50,1,1,0,0,0,1,54.0,,voiture,,1,2,1,1,6
202300049064,2023-06-13 09:00:00,2023,6,13,9,0,69,69389,84 Avenue Sidoine Apollinaire,45.76749,4.79762,Plein jour,En agglomération,Hors intersection,Temps couvert,Deux véhicules - côté,4,2,2,0,2,1,2,0,1,30,2,2,1,0,0,1,47.0,35.0,voiture,deux_roues,1,2,1,8,3
202300049065,2023-06-12 23:20:00,2023,6,12,23,20,2B,2B120,11 - RT,42.653295,9.440913,Nuit avec éclairage allumé,En agglomération,Hors intersection,Normale,Deux véhicules - arrière,2,2,4,0,1,1,1,0,1,70,2,2,1,0,0,1,42.0,20.0,voiture,voiture,5,2,1,1,2
202300049066,2023-06-13 13:50:00,2023,6,13,13,50,971,97113,GRAND BAIE ( RN4),16.21803,-61.50828,Plein jour,Hors agglomération,Hors intersection,Normale,Autre collision,2,2,1,0,1,1,1,0,8,50,1,3,1,0,0,2,30.0,,utilitaire_camion,,1,1,1,1,6
202300049067,2023-06-13 01:00:00,2023,6,13,1,0,971,97101,VIEUX BOURG,16.24935344,-61.53029859,Nuit avec éclairage allumé,En agglomération,Autre intersection,Normale,Autre collision,3,2,2,0,1,3,1,0,8,50,1,1,0,0,1,0,23.0,,voiture,,5,2,9,1,6
202300049068,2023-06-13 15:28:00,2023,6,13,15,28,2A,2A004,VERDUN AVENUE DE,41.91909,8.72648,Plein jour,En agglomération,Hors intersection,Normale,Autre collision,3,2,2,0,2,1,1,0,8,30,1,1,0,0,1,0,89.0,,voiture,,1,2,1,1,6
202300049069,2023-06-13 07:25:00,2023,6,13,7,25,91,91161,RTE DE WISSOUS,48.72013,2.31162,Plein jour,En agglomération,Hors intersection,Normale,Deux véhicules - arrière,3,3,0,0,1,1,1,0,1,70,2,2,1,0,0,1,53.0,46.0,deux_roues,deux_roues,1,2,1,1,2
202300049070,2023-06-13 20:10:00,2023,6,13,20,10,91,91691,CD 94,48.72728,2.50032,Crépuscule ou aube,Hors agglomération,Intersection en T,Normale,Deux véhicules - côté,3,2,3,0,1,1,1,5,1,70,2,3,2,0,1,0,58.0,66.0,voiture,deux_roues,2,1,3,1,3
202300049070,2023-06-13 20:10:00,2023,6,13,20,10,91,91691,CD 94,48.72728,2.50032,Crépuscule ou aube,Hors agglomération,Intersection en T,Normale,Deux véhicules - côté,3,2,2,0,1,1,1,0,1,50,2,3,2,0,1,0,58.0,66.0,voiture,deux_roues,2,1,3,1,3
202300049071,2023-10-30 11:09:00,2023,10,30,11,9,13,13071,A7-Sens Marseille vers Lyon,43.40731,5.28941,Plein jour,Hors agglomération,Hors intersection,Pluie forte,Deux véhicules - arrière,1,1,3,0,1,1,2,1,1,110,2,4,1,0,1,2,66.0,,voiture,utilitaire_camion,1,1,1,3,2
202300049072,2023-10-31 15:50:00,2023,10,31,15,50,83,83137,A57,43.12888314,5.97671289,Plein jour,Hors agglomération,Hors intersection,Normale,Deux véhicules - arrière,1,1,4,0,1,1,1,8,1,70,2,2,1,0,0,1,56.0,20.0,voiture,voiture,1,1,1,1,2
202300049073,2023-10-31 10:35:00,2023,10,31,10,35,83,83062,A57,43.14377482,6.02062152,Plein jour,Hors agglomération,Hors intersection,Normale,Trois véhicules et plus - en chaîne,1,1,2,0,1,1,1,0,1,70,3,3,2,0,0,1,41.0,59.0,voiture,voiture,1,1,1,1,4
202300049074,2023-10-31 04:15:00,2023,10,31,4,15,69,69142,Route de Métropole 7,45.7274,4.81648,Nuit sans éclairage public,Hors agglomération,Hors intersection,Normale,Autre collision,7,2,6,0,1,1,1,2,1,70,1,2,1,0,1,0,40.0,,voiture,,3,1,1,1,6
202300049075,2023-10-31 18:55:00,2023,10,31,18,55,33,33143,AUTOROUTE A 10,44.97186,-0.43507,Crépuscule ou aube,Hors agglomération,Hors intersection,Normale,Deux véhicules - côté,1,3,6,0,1,1,1,0,1,130,2,2,1,0,0,1,61.0,50.0,utilitaire_camion,voiture,2,1,1,1,3
202300049076,2023-10-30 08:20:00,2023,10,30,8,20,59,59523,AUTOROUTE A23,50.59716,3.14484,Plein jour,Hors agglomération,Hors intersection,Pluie légère,Trois véhicules et plus - collisions multiples,1,1,4,0,1,1,2,0,1,110,4,4,3,0,0,1,34.0,29.0,voiture,voiture,1,1,1,2,5
202300049077,2023-10-31 17:37:00,2023,10,31,17,37,91,91661,AUTOROUTE A10,48.69567,2.234576,Crépuscule ou aube,Hors agglomération,Hors intersection,Normale,Deux véhicules - côté,1,-1,2,0,1,1,2,0,1,90,2,2,1,0,0,1,24.0,23.0,voiture,deux_roues,2,1,1,1,3
202300049078,2023-10-31 17:00:00,2023,10,31,17,0,91,91161,AUTOROUTE A6,48.70092,2.30961,Crépuscule ou aube,Hors agglomération,Hors intersection,Pluie légère,Deux véhicules - côté,1,1,3,0,1,1,2,0,1,110,2,2,1,0,0,1,40.0,44.0,deux_roues,voiture,2,1,1,2,3
202300049079,2023-10-30 19:55:00,2023,10,30,19,55,77,77251,AUTOROUTE A5A,48.60952,2.57629,Nuit sans éclairage public,Hors agglomération,Hors intersection,Normale,Trois véhicules et plus - collisions multiples,1,-1,3,0,1,1,1,0,1,110,3,3,2,0,0,1,55.0,52.0,voiture,voiture,3,1,1,1,5
202300049080,2023-10-31 13:12:00,2023,10,31,13,12,92,92064,A13,48.83942655,2.20596191,Plein jour,Hors agglomération,Hors intersection,Normale,Deux véhicules - côté,1,1,3,0,1,1,1,0,1,70,2,2,1,0,0,1,57.0,70.0,deux_roues,voiture,1,1,1,1,3
202300049081,2023-10-31 16:50:00,2023,10,31,16,50,95,95241,N104,49.04547281,2.44634628,Plein jour,Hors agglomération,Hors intersection,Normale,Trois véhicules et plus - en chaîne,2,3,2,0,1,1,1,0,1,110,3,4,3,0,0,1,24.0,53.0,utilitaire_camion,utilitaire_camion,1,1,1,1,4
202300049082,2023-10-31 18:50:00,2023,10,31,18,50,93,93066,AUTOROUTE A1,48.9338,2.38271,Nuit sans éclairage public,Hors agglomération,Hors intersection,Normale,Deux véhicules - côté,1,3,3,0,1,1,1,0,1,90,2,2,1,0,0,1,24.0,32.0,deux_roues,voiture,3,1,1,1,3
202300049083,2023-05-16 16:50:00,2023,5,16,16,50,95,95241,N104,49.04549,2.44736,Plein jour,Hors agglomération,Hors intersection,Normale,Trois véhicules et plus - en chaîne,2,3,2,0,1,1,1,0,1,110,3,4,3,0,0,1,60.0,24.0,voiture,utilitaire_camion,1,1,1,1,4
202300049084,2023-10-31 17:00:00,2023,10,31,17,0,93,93066,AUTOROUTE A1,48.90789956,2.35813022,Nuit avec éclairage allumé,Hors agglomération,Hors intersection,Normale,Deux véhicules - arrière,1,3,4,0,1,1,1,1,1,90,2,2,1,0,0,1,19.0,,deux_roues,voiture,5,1,1,1,2
202300049085,2023-10-31 10:00:00,2023,10,31,10,0,95,95018,A15,48.95313,2.27919,Plein jour,Hors agglomération,Hors intersection,Normale,Deux véhicules - côté,1,3,4,0,2,1,1,0,1,90,2,2,1,0,0,1,29.0,25.0,autre,deux_roues,1,1,1,1,3
202300049086,2023-10-31 12:20:00,2023,10,31,12,20,94,94052,A86,48.83441554,2.49343043,Plein jour,Hors agglomération,Hors intersection,Normale,Trois véhicules et plus - en chaîne,1,3,2,0,1,1,1,1,1,90,3,5,3,0,0,2,22.0,60.0,voiture,voiture,1,1,1,1,4
202300049087,2023-10-31 08:10:00,2023,10,31,8,10,94,94069,A4,48.81731094,2.44243718,Plein jour,Hors agglomération,Hors intersection,Normale,Deux véhicules - arrière,1,1,4,0,1,1,1,0,1,90,2,2,1,0,0,1,36.0,25.0,voiture,voiture,1,1,1,1,2
202300049088,2023-10-31 02:00:00,2023,10,31,2,0,94,94073,A86 INT,48.768846,2.37919993,Nuit avec éclairage non allumé,Hors agglomération,Hors intersection,Temps couvert,Autre collision,1,1,3,0,1,3,2,9,8,90,1,3,1,0,0,2,24.0,,voiture,,4,1,1,8,6
202300049089,2023-10-30 14:40:00,2023,10,30,14,40,2B,2B037,TOUTES RUES,42.62268,9.43726,Plein jour,En agglomération,Autre intersection,Normale,Deux véhicules - arrière,2,2,4,0,1,1,1,0,1,50,2,2,1,0,0,1,41.0,33.0,voiture,voiture,1,2,9,1,2
202300049090,2023-10-30 00:30:00,2023,10,30,0,30,971,97120,CHEMIN NEUF,16.22965,-61.53132,Nuit avec éclairage allumé,En agglomération,Giratoire,Normale,Deux véhicules - frontale,3,1,1,0,1,2,2,0,1,50,2,2,1,0,1,0,35.0,24.0,deux_roues,voiture,5,2,6,1,1
202300049091,2023-10-30 00:10:00,2023,10,30,0,10,971,97105,FELIX EBOUE (BOULVARD G.GENERAL),15.99188,-61.72841,Nuit avec éclairage allumé,En agglomération,Hors intersection,Normale,Autre collision,2,3,2,0,2,1,1,6,8,50,1,2,1,0,0,1,,,autre,,5,2,1,1,6
202300049092,2023-10-30 10:50:00,2023,10,30,10,50,95,95197,D928,48.96466683,2.32071161,Plein jour,En agglomération,Autre intersection,Pluie forte,Deux véhicules - côté,3,3,2,0,1,1,2,0,1,50,2,2,1,0,0,1,71.0,49.0,voiture,voiture,1,2,9,3,3
202300049093,2023-10-27 14:23:00,2023,10,27,14,23,87,87085,LARREY (AVENUE DOMINIQUE),45.813495,1.241433,Plein jour,En agglomération,Hors intersection,Pluie légère,Deux véhicules - arrière,4,2,2,0,1,1,2,0,1,50,2,3,2,0,0,1,30.0,20.0,voiture,voiture,1,2,1,2,2
202300049094,2023-10-30 11:00:00,2023,10,30,11,0,83,83137,FOCH (AVE DU MARECHAL),43.12751,5.91967,Plein jour,En agglomération,Autre intersection,Pluie forte,Autre collision,4,2,2,3,1,1,2,0,4,50,1,2,1,0,0,1,18.0,,deux_roues,,1,2,9,3,6