accident_id,datetime,annee,mois,jour,heure,minute,departement,commune_insee,adresse,latitude,longitude,luminosite,agglomeration,intersection,meteo,collision,catr,circ,nbv,vosp,prof,plan,surf,infra,situ,vma,nb_vehicules,nb_usagers,nb_indemnes,nb_tues,nb_blesses_hosp,nb_blesses_legers,age_cond_1,age_cond_2,veh_type_cond_1,veh_type_cond_2,lum_code,agg_code,int_code,atm_code,col_code
202300049242,2023-08-27 15:55:00,2023,8,27,15,55,58,58046,D981,46.843961,3.659611,Plein jour,Hors agglomération,Hors intersection,Normale,Sans collision,3,2,2,0,1,1,1,0,3,90,1,3,2,0,0,1,76.0,,voiture,,1,1,1,1,7
202300049243,2023-10-30 16:00:00,2023,10,30,16,0,95,95572,A15,49.03444,2.10118,Plein jour,Hors agglomération,Hors intersection,Pluie légère,Deux véhicules - arrière,1,3,4,0,1,1,2,0,1,110,2,2,1,0,0,1,46.0,29.0,voiture,voiture,1,1,1,2,2
202300049244,2023-04-01 13:20:00,2023,4,1,13,20,33,33318,Avenue Pasteur,44.80034,-0.65914,Plein jour,En agglomération,Hors intersection,Normale,Deux véhicules - côté,4,2,2,1,1,1,1,0,5,50,2,2,1,0,0,1,26.0,43.0,deux_roues,voiture,1,2,1,1,3
202300049245,2023-05-10 19:20:00,2023,5,10,19,20,17,17038,D145,45.196037,-0.327567,Plein jour,Hors agglomération,Hors intersection,Normale,Sans collision,3,2,2,0,1,2,1,0,3,80,1,1,0,0,1,0,48.0,,voiture,,1,1,1,1,7
202300049246,2023-12-04 07:00:00,2023,12,4,7,0,62,62399,D339,50.306788,2.60641,Nuit avec éclairage allumé,En agglomération,Hors intersection,Neige / grêle,Deux véhicules - frontale,3,2,2,0,1,3,7,0,1,50,2,2,1,0,0,1,22.0,59.0,voiture,voiture,5,2,1,4,1
202300049247,2023-08-26 21:45:00,2023,8,26,21,45,72,72054,D357,48.007263,0.340716,Nuit sans éclairage public,Hors agglomération,Hors intersection,Normale,Deux véhicules - frontale,3,2,2,0,1,1,1,0,1,90,2,2,1,0,0,1,42.0,54.0,voiture,voiture,3,1,1,1,1
202300049248,2023-10-30 16:48:00,2023,10,30,16,48,95,95582,A15,48.97479,2.2443,Crépuscule ou aube,Hors agglomération,Hors intersection,Pluie forte,Autre collision,1,-1,3,0,1,1,2,0,1,110,1,1,0,0,0,1,24.0,,voiture,,2,1,1,3,6
202300049249,2023-05-07 19:30:00,2023,5,7,19,30,24,24572,D2,44.652643,0.852942,Plein jour,Hors agglomération,Hors intersection,Normale,Deux véhicules - frontale,3,2,2,0,1,1,1,0,1,80,2,2,1,0,0,1,27.0,33.0,voiture,utilitaire_camion,1,1,1,1,1
202300049250,2023-12-05 18:30:00,2023,12,5,18,30,30,30060,Chemin des Canaux,43.79202516,4.37737727,Nuit avec éclairage allumé,Hors agglomération,Hors intersection,Normale,Deux véhicules - frontale,3,2,2,0,1,1,1,0,1,70,2,2,1,0,0,1,17.0,17.0,deux_roues,deux_roues,5,1,1,1,1
202300049251,2023-10-30 15:20:00,2023,10,30,15,20,95,95572,N184,49.03549763,2.11713195,Plein jour,Hors agglomération,Hors intersection,Pluie forte,Autre collision,2,3,2,0,1,1,2,0,1,90,1,1,0,0,0,1,25.0,,voiture,,1,1,1,3,6
202300049252,2023-08-27 15:49:00,2023,8,27,15,49,72,72349,Lieu Dit l?Orme,48.197473,0.193355,Plein jour,Hors agglomération,Hors intersection,Normale,Deux véhicules - frontale,3,2,2,0,1,1,2,0,1,90,2,2,0,1,0,1,20.0,33.0,voiture,deux_roues,1,1,1,1,1
202300049253,2023-04-01 20:30:00,2023,4,1,20,30,27,27299,BRIAND (AVENUE ARISTIDE),49.050422,1.164584,Nuit avec éclairage allumé,En agglomération,Hors intersection,Pluie légère,Trois véhicules et plus - en chaîne,4,2,2,0,1,3,2,0,1,50,3,3,2,0,0,1,38.0,30.0,voiture,voiture,5,2,1,2,4
202300049254,2023-05-11 20:10:00,2023,5,11,20,10,60,60088,Rue de Montchavert,49.23475,2.20999,Plein jour,Hors agglomération,Hors intersection,Normale,Sans collision,4,2,1,0,1,2,1,0,1,80,1,1,0,0,1,0,59.0,,deux_roues,,1,1,1,1,7
202300049255,2023-12-04 09:25:00,2023,12,4,9,25,31,31157,72 Route de Tournefeuille,43.552891,1.334703,Plein jour,En agglomération,Hors intersection,Temps couvert,Autre collision,7,2,2,0,1,1,1,0,4,30,1,1,0,1,0,0,54.0,,deux_roues,,1,2,1,8,6
202300049256,2023-10-30 11:00:00,2023,10,30,11,0,92,92036,AUTOROUTE A15,48.94920532,2.28069842,Plein jour,Hors agglomération,Hors intersection,Pluie légère,Deux véhicules - côté,1,3,4,0,1,1,2,2,1,110,2,2,1,0,0,1,22.0,52.0,voiture,voiture,1,1,1,2,3
202300049257,2023-12-05 07:56:00,2023,12,5,7,56,76,76380,D152,49.80316648,0.96910411,Nuit sans éclairage public,Hors agglomération,Intersection en X,Pluie légère,Deux véhicules - frontale,3,2,2,0,1,1,2,0,1,80,2,3,1,0,2,0,47.0,52.0,voiture,voiture,3,1,2,2,1
202300049257,2023-12-05 07:56:00,2023,12,5,7,56,76,76380,D152,49.80316648,0.96910411,Nuit sans éclairage public,Hors agglomération,Intersection en X,Pluie légère,Deux véhicules - frontale,3,2, -1,-1,1,1,2,0,1,-1,2,3,1,0,2,0,47.0,52.0,voiture,voiture,3,1,2,2,1
202300049258,2023-10-30 16:30:00,2023,10,30,16,30,94,94028,N406,48.78106943,2.4414599,Plein jour,Hors agglomération,Hors intersection,Temps couvert,Deux véhicules - arrière,2,-1,2,0,1,2,1,0,1,90,2,2,0,0,0,2,52.0,33.0,voiture,voiture,1,1,1,8,2
202300049259,2023-08-27 12:40:00,2023,8,27,12,40,36,36070,Rue Camille Toussaints,46.44109277,1.58327043,Plein jour,En agglomération,Intersection en T,Normale,Deux véhicules - côté,3,2,2,0,1,1,1,0,1,50,2,5,3,0,1,1,44.0,18.0,voiture,deux_roues,1,2,3,1,3
202300049259,2023-08-27 12:40:00,2023,8,27,12,40,36,36070,Rue Camille Toussaints,46.44109277,1.58327043,Plein jour,En agglomération,Intersection en T,Normale,Deux véhicules - côté,3,-1, -1,-1,1,1,1,0,1,-1,2,5,3,0,1,1,44.0,18.0,voiture,deux_roues,1,2,3,1,3
202300049260,2023-04-01 13:21:00,2023,4,1,13,21,22,22215,CARPONT (LE),48.50012,-2.77738,Plein jour,En agglomération,Hors intersection,Pluie légère,Deux véhicules - arrière,3,2,2,0,1,1,2,5,1,30,2,2,1,0,0,1,44.0,55.0,voiture,deux_roues,1,2,1,2,2
202300049261,2023-05-11 18:15:00,2023,5,11,18,15,13,13071,A51-Sens Aix en Provence vers Marseille,43.41418849,5.36456931,Plein jour,Hors agglomération,Hors intersection,Normale,Trois véhicules et plus - en chaîne,1,2,3,0,1,1,1,0,1,90,4,4,2,0,0,2,21.0,44.0,voiture,voiture,1,1,1,1,4
202300049262,2023-04-01 14:13:00,2023,4,1,14,13,16,16341,GRAND GIRAC (LE),45.63581,0.12262,Plein jour,Hors agglomération,Hors intersection,Normale,Autre collision,9,1,1,3,1,2,1,0,1,50,1,2,1,0,1,0,42.0,,transport_commun,,1,1,1,1,6
202300049263,2023-12-04 18:15:00,2023,12,4,18,15,80,80008,Rue de Gamaches,50.037293,1.593103,Crépuscule ou aube,En agglomération,Intersection en X,Pluie légère,Deux véhicules - côté,3,2,2,0,1,1,2,0,1,50,2,3,1,0,1,1,34.0,21.0,voiture,utilitaire_camion,2,2,2,2,3
202300049263,2023-12-04 18:15:00,2023,12,4,18,15,80,80008,Rue de Gamaches,50.037293,1.593103,Crépuscule ou aube,En agglomération,Intersection en X,Pluie légère,Deux véhicules - côté,3,2, -1,-1,1,1,2,0,1,-1,2,3,1,0,1,1,34.0,21.0,voiture,utilitaire_camion,2,2,2,2,3
202300049264,2023-06-28 09:25:00,2023,6,28,9,25,63,63113,COTE BLATIN (BD),45.76797,3.08659,Plein jour,En agglomération,Giratoire,Normale,Deux véhicules - côté,4,2,2,1,1,1,1,9,5,50,2,2,1,0,0,1,58.0,24.0,deux_roues,voiture,1,2,6,1,3
202300049264,2023-06-28 09:25:00,2023,6,28,9,25,63,63113,COTE BLATIN (BD),45.76797,3.08659,Plein jour,En agglomération,Giratoire,Normale,Deux véhicules - côté,4,1,1,0,1,1,1,0,5,50,2,2,1,0,0,1,58.0,24.0,deux_roues,voiture,1,2,6,1,3
202300049265,2023-05-11 17:56:00,2023,5,11,17,56,13,13211,A50-Sens Marseille vers Aubagne,43.29304,5.47554,Plein jour,Hors agglomération,Hors intersection,Normale,Trois véhicules et plus - en chaîne,1,1,3,0,1,1,1,0,1,90,3,3,2,0,0,1,28.0,51.0,voiture,voiture,1,1,1,1,4
202300049266,2023-08-27 14:20:00,2023,8,27,14,20,21,21584,Rd 977 bis,47.276186,4.203944,Plein jour,Hors agglomération,Intersection en Y,Normale,Deux véhicules - frontale,3,2,2,0,1,2,1,0,1,80,2,4,2,0,1,1,22.0,29.0,voiture,voiture,1,1,4,1,1
202300049266,2023-08-27 14:20:00,2023,8,27,14,20,21,21584,Rd 977 bis,47.276186,4.203944,Plein jour,Hors agglomération,Intersection en Y,Normale,Deux véhicules - frontale,3,2, -1,-1,1,1,1,0,1,-1,2,4,2,0,1,1,22.0,29.0,voiture,voiture,1,1,4,1,1
202300049267,2023-04-01 10:17:00,2023,4,1,10,17,14,14242,Avenue de Garbsen,49.21993624,-0.35860598,Plein jour,Hors agglomération,Hors intersection,Normale,Deux véhicules - frontale,4,2,2,0,1,3,1,0,1,80,2,2,1,0,0,1,44.0,36.0,voiture,voiture,1,1,1,1,1
202300049268,2023-12-04 14:15:00,2023,12,4,14,15,89,89018,Rue de Beaudemont,48.0497,3.3155,Plein jour,En agglomération,Hors intersection,Pluie légère,Deux véhicules - frontale,4,2,2,0,2,1,2,0,1,50,2,2,1,0,1,0,18.0,51.0,deux_roues,utilitaire_camion,1,2,1,2,1
202300049269,2023-06-28 22:05:00,2023,6,28,22,5,63,63164,CHARLES DE GAULLE (BD),45.81347,3.13619,Nuit avec éclairage allumé,En agglomération,Giratoire,Normale,Autre collision,7,1,1,0,4,2,1,5,8,50,1,3,1,0,0,2,37.0,,voiture,,5,2,6,1,6
202300049270,2023-05-10 18:20:00,2023,5,10,18,20,13,13211,A50-Sens Marseille vers Aubagne,43.29297841,5.47637741,Plein jour,Hors agglomération,Hors intersection,Normale,Deux véhicules - arrière,1,1,3,0,1,1,1,0,1,90,2,2,0,0,0,2,22.0,25.0,voiture,deux_roues,1,1,1,1,2
202300049271,2023-12-05 09:35:00,2023,12,5,9,35,76,76618,RD925,49.989256,1.270123,Plein jour,Hors agglomération,Hors intersection,Pluie légère,Deux véhicules - frontale,3,2,2,0,1,1,2,0,1,80,2,2,1,0,1,0,35.0,30.0,utilitaire_camion,utilitaire_camion,1,1,1,2,1
202300049272,2023-04-01 20:00:00,2023,4,1,20,0,13,13208,PARADIS (RUE),43.27540086,5.38437126,Crépuscule ou aube,En agglomération,Intersection en T,Normale,Deux véhicules - frontale,4,2,4,0,1,1,1,0,1,50,2,2,1,0,0,1,45.0,27.0,voiture,deux_roues,2,2,3,1,1
202300049272,2023-04-01 20:00:00,2023,4,1,20,0,13,13208,PARADIS (RUE),43.27540086,5.38437126,Crépuscule ou aube,En agglomération,Intersection en T,Normale,Deux véhicules - frontale,4,2,2,0,2,1,1,0,1,50,2,2,1,0,0,1,45.0,27.0,voiture,deux_roues,2,2,3,1,1
202300049273,2023-08-26 23:40:00,2023,8,26,23,40,24,24217,D710,44.985563,0.888348,Nuit sans éclairage public,Hors agglomération,Autre intersection,Pluie forte,Autre collision,3,2,2,0,2,1,2,0,1,90,1,7,4,0,1,2,31.0,,voiture,,3,1,9,3,6
202300049274,2023-12-04 09:40:00,2023,12,4,9,40,61,61346,D703,48.914077,0.100733,Plein jour,Hors agglomération,Hors intersection,Temps couvert,Sans collision,3,2,2,0,1,3,2,0,1,80,1,1,0,0,0,1,42.0,,deux_roues,,1,1,1,8,7
202300049275,2023-04-01 08:45:00,2023,4,1,8,45,06,06069,PEGOMAS (ROUTE DE),43.63983,6.93419,Plein jour,En agglomération,Hors intersection,Normale,Deux véhicules - arrière,3,2,2,0,2,1,1,0,1,50,2,2,1,0,0,1,33.0,76.0,utilitaire_camion,deux_roues,1,2,1,1,2
202300049276,2023-05-10 22:35:00,2023,5,10,22,35,13,13001,A51-Sens Aix en Provence vers Marseille,43.51936,5.42815,Nuit sans éclairage public,Hors agglomération,Hors intersection,Normale,Deux véhicules - arrière,1,1,2,0,1,1,1,0,1,90,2,3,1,0,0,2,31.0,22.0,voiture,voiture,3,1,1,1,2
202300049277,2023-08-23 09:45:00,2023,8,23,9,45,85,85047,RD1753,46.8392523,-1.89184,Plein jour,En agglomération,Hors intersection,Normale,Autre collision,3,-1,2,2,1,1,1,0,1,-1,1,2,1,0,1,0,72.0,,voiture,,1,2,1,1,6
202300049278,2023-07-20 01:10:00,2023,7,20,1,10,13,13076,A7 pk 207.500 sens 2,43.83371,5.00483,Nuit sans éclairage public,Hors agglomération,Autre intersection,Normale,Deux véhicules - arrière,1,3,3,0,1,1,1,0,1,130,2,2,1,0,0,1,46.0,32.0,utilitaire_camion,utilitaire_camion,3,1,9,1,2
202300049279,2023-08-25 07:35:00,2023,8,25,7,35,27,27201,D79,49.199766,1.038213,Plein jour,Hors agglomération,Hors intersection,Normale,Sans collision,3,2,2,0,1,1,1,0,3,80,1,1,0,0,1,0,56.0,,deux_roues,,1,1,1,1,7
202300049280,2023-05-11 08:15:00,2023,5,11,8,15,67,67389,M35,48.64676,7.73325,Plein jour,Hors agglomération,Hors intersection,Normale,Deux véhicules - arrière,7,3,2,0,1,1,1,0,1,90,2,2,0,0,0,2,33.0,55.0,transport_commun,voiture,1,1,1,1,2
202300049281,2023-12-04 07:50:00,2023,12,4,7,50,47,47214,À Picon,44.334978,0.266582,Crépuscule ou aube,Hors agglomération,Intersection en X,Pluie légère,Deux véhicules - côté,4,2,2,0,1,1,2,0,1,-1,2,4,3,0,1,0,26.0,34.0,utilitaire_camion,voiture,2,1,2,2,3
202300049281,2023-12-04 07:50:00,2023,12,4,7,50,47,47214,À Picon,44.334978,0.266582,Crépuscule ou aube,Hors agglomération,Intersection en X,Pluie légère,Deux véhicules - côté,4,2,2,0,1,1,3,0,1,80,2,4,3,0,1,0,26.0,34.0,utilitaire_camion,voiture,2,1,2,2,3
202300049282,2023-03-31 18:10:00,2023,3,31,18,10,03,03185,Avenue Jules Guesde,46.340612,2.584549,Plein jour,En agglomération,Hors intersection,Pluie forte,Deux véhicules - frontale,3,2,3,0,1,1,2,0,1,50,2,4,2,0,1,1,37.0,38.0,voiture,voiture,1,2,1,3,1
202300049283,2023-07-09 15:35:00,2023,7,9,15,35,13,13076,A7 - PK 211.000 - sens nord sud,43.822731,5.027377,Plein jour,Hors agglomération,Hors intersection,Normale,Deux véhicules - côté,1,2,3,0,1,1,1,0,1,130,2,3,2,0,0,1,21.0,64.0,voiture,voiture,1,1,1,1,3
202300049284,2023-07-28 19:20:00,2023,7,28,19,20,27,27108,D926,48.746045,0.81831,Plein jour,Hors agglomération,Intersection en X,Normale,Deux véhicules - arrière,3,2,2,0,1,1,1,0,1,80,2,2,1,0,1,0,65.0,20.0,voiture,voiture,1,1,2,1,2
202300049284,2023-07-28 19:20:00,2023,7,28,19,20,27,27108,D926,48.746045,0.81831,Plein jour,Hors agglomération,Intersection en X,Normale,Deux véhicules - arrière,3,2,2,0,1,1,1,0,1,50,2,2,1,0,1,0,65.0,20.0,voiture,voiture,1,1,2,1,2
202300049285,2023-05-11 19:45:00,2023,5,11,19,45,91,91659,AUTOROUTE A6,48.586247,2.452016,Plein jour,Hors agglomération,Hors intersection,Normale,Deux véhicules - côté,1,1,3,0,1,1,1,0,1,110,2,2,1,0,0,1,60.0,48.0,voiture,deux_roues,1,1,1,1,3
202300049286,2023-04-01 17:30:00,2023,4,1,17,30,75,75113,PORTE D ITALIE,48.82094,2.37772,Plein jour,En agglomération,Hors intersection,Pluie légère,Deux véhicules - côté,4,1,4,0,1,1,2,0,1,70,2,2,1,0,0,1,41.0,27.0,voiture,deux_roues,1,2,1,2,3
202300049287,2023-12-04 09:00:00,2023,12,4,9,0,47,47189,la guine du bois,44.538561,0.3321,Plein jour,Hors agglomération,Intersection en X,Temps éblouissant,Deux véhicules - côté,3,2,2,0,1,1,2,5,1,80,2,2,1,0,0,1,32.0,20.0,utilitaire_camion,voiture,1,1,2,7,3
202300049287,2023-12-04 09:00:00,2023,12,4,9,0,47,47189,la guine du bois,44.538561,0.3321,Plein jour,Hors agglomération,Intersection en X,Temps éblouissant,Deux véhicules - côté,3,2,2,0,1,1,2,5,1,80,2,2,1,0,0,1,32.0,20.0,utilitaire_camion,voiture,1,1,2,7,3
202300049288,2023-10-28 14:55:00,2023,10,28,14,55,974,97411,TOPAZES(ALLEE DES),-20.89484,55.4452,Plein jour,En agglomération,Hors intersection,Normale,Deux véhicules - côté,3,2,2,0,2,1,1,0,1,50,2,2,0,0,0,2,35.0,16.0,voiture,deux_roues,1,2,1,1,3
202300049289,2023-08-26 23:30:00,2023,8,26,23,30,978,97801,R DE PIC PARADIS,18.08027039,-63.06160927,Nuit avec éclairage allumé,En agglomération,Hors intersection,Normale,Sans collision,2,2,2,0,2,1,1,0,1,50,1,1,0,0,0,1,23.0,,deux_roues,,5,2,1,1,7
202300049290,2023-04-01 14:05:00,2023,4,1,14,5,75,75113,BD PERIPHERIQUE INTERIEUR,48.816347,2.363837,Plein jour,En agglomération,Hors intersection,Normale,Deux véhicules - arrière,4,1,3,0,1,3,1,0,1,70,2,2,1,0,0,1,32.0,50.0,deux_roues,voiture,1,2,1,1,2
202300049291,2023-10-29 15:55:00,2023,10,29,15,55,973,97302,PORT (DU VIEUX),4.93712,-52.33839,Plein jour,En agglomération,Hors intersection,Normale,Sans collision,4,2,2,0,1,1,1,0,1,50,1,1,0,0,0,1,20.0,,autre,,1,2,1,1,7
202300049292,2023-08-28 01:55:00,2023,8,28,1,55,33,33122,Chemin du Pot aux Pins,44.715537,-0.756115,Nuit avec éclairage allumé,Hors agglomération,Giratoire,Normale,Autre collision,4,2,2,0,1,1,1,5,1,70,1,1,0,1,0,0,33.0,,deux_roues,,5,1,6,1,6
202300049293,2023-12-03 14:15:00,2023,12,3,14,15,47,47151,route de lalande,44.73111,0.313593,Plein jour,Hors agglomération,Hors intersection,Pluie légère,Deux véhicules - frontale,4,2,2,0,1,2,2,0,1,80,2,4,3,0,1,0,24.0,81.0,voiture,voiture,1,1,1,2,1
202300049294,2023-05-11 17:30:00,2023,5,11,17,30,91,91689,AUTOROUTE A6B,48.7403,2.3187,Plein jour,Hors agglomération,Hors intersection,Normale,Trois véhicules et plus - en chaîne,1,3,2,0,1,2,1,3,1,90,3,3,2,0,0,1,50.0,35.0,voiture,voiture,1,1,1,1,4
202300049295,2023-10-24 11:40:00,2023,10,24,11,40,973,97302,ZEPHIR (CITE),4.93401963,-52.31286317,Plein jour,En agglomération,Hors intersection,Normale,Autre collision,4,2,1,2,1,1,1,0,1,50,1,1,0,0,0,1,57.0,,deux_roues,,1,2,1,1,6
202300049296,2023-08-22 20:50:00,2023,8,22,20,50,27,27517,Autoroute A13PK 78+800,49.114719,1.334431,Crépuscule ou aube,Hors agglomération,Hors intersection,Normale,Autre collision,1,3,3,0,1,1,1,0,1,130,1,1,0,0,1,0,42.0,,utilitaire_camion,,2,1,1,1,6
202300049297,2023-03-31 01:00:00,2023,3,31,1,0,75,75120,ECHANGEUR BAGNOLET,48.866022,2.412676,Nuit avec éclairage allumé,En agglomération,Hors intersection,Pluie légère,Autre collision,4,1,2,0,1,1,2,0,1,50,1,1,0,0,0,1,20.0,,voiture,,5,2,1,2,6
202300049298,2023-12-04 17:35:00,2023,12,4,17,35,34,34142,D609,43.703297,3.328986,Nuit sans éclairage public,En agglomération,Hors intersection,Normale,Deux véhicules - côté,3,2,2,0,1,1,2,0,1,50,2,2,1,0,0,1,,16.0,voiture,deux_roues,3,2,1,1,3
202300049299,2023-10-29 01:05:00,2023,10,29,1,5,973,97302,TIGRE (ROUTE DU),4.9142,-52.30943,Nuit sans éclairage public,En agglomération,Hors intersection,Normale,Sans collision,3,2,2,0,1,1,1,0,1,50,1,1,0,0,0,1,33.0,,deux_roues,,3,2,1,1,7
202300049300,2023-08-27 12:05:00,2023,8,27,12,5,987,98747,"Afaahiti, PK 2.500, RT3",-17.756156,-148.735641,Plein jour,Hors agglomération,Hors intersection,Normale,Deux véhicules - côté,2,2,2,0,1,1,1,0,1,60,2,2,0,1,0,1,40.0,76.0,deux_roues,voiture,1,1,1,1,3
202300049301,2023-05-11 09:10:00,2023,5,11,9,10,91,91534,RN 118,48.71706,2.17131,Plein jour,Hors agglomération,Hors intersection,Normale,Deux véhicules - arrière,2,1,2,0,1,2,1,0,1,90,2,2,1,0,0,1,36.0,46.0,voiture,voiture,1,1,1,1,2
202300049302,2023-10-29 19:00:00,2023,10,29,19,0,69,69386,Rue de Créqui,45.77627,4.84467,Nuit avec éclairage allumé,En agglomération,Hors intersection,Normale,Deux véhicules - côté,4,1,1,2,1,1,1,0,1,30,2,2,1,0,1,0,31.0,21.0,deux_roues,voiture,5,2,1,1,3
202300049303,2023-04-02 19:15:00,2023,4,2,19,15,75,75117,PLACE GENERAL CATROUX,48.882602,2.310247,Crépuscule ou aube,En agglomération,Intersection en X,Normale,Deux véhicules - côté,4,2, -1,-1,1,1,1,0,1,-1,2,2,1,0,0,1,47.0,33.0,deux_roues,voiture,2,2,2,1,3
202300049303,2023-04-02 19:15:00,2023,4,2,19,15,75,75117,PLACE GENERAL CATROUX,48.882602,2.310247,Crépuscule ou aube,En agglomération,Intersection en X,Normale,Deux véhicules - côté,4,-1, -1,-1,1,1,1,0,1,30,2,2,1,0,0,1,47.0,33.0,deux_roues,voiture,2,2,2,1,3
202300049304,2023-08-27 09:55:00,2023,8,27,9,55,974,97422,"Route Nationale 3, lieu-dit source Reilhac",-21.172397,55.585166,Plein jour,Hors agglomération,Hors intersection,Normale,Sans collision,2,2,2,0,1,3,1,0,3,70,1,1,0,0,1,0,24.0,,deux_roues,,1,1,1,1,7
202300049305,2023-11-28 16:00:00,2023,11,28,16,0,68,68042,30 Rue du 19 Novembre,47.607523,7.502466,Plein jour,En agglomération,Hors intersection,Normale,Deux véhicules - arrière,3,2,2,0,1,1,1,0,1,50,2,4,2,0,0,2,30.0,69.0,utilitaire_camion,voiture,1,2,1,1,2
202300049306,2023-05-11 07:50:00,2023,5,11,7,50,91,91228,AUTOROUTE A6,48.62391,2.41988,Plein jour,Hors agglomération,Hors intersection,Normale,Deux véhicules - côté,1,1,3,0,1,1,1,0,1,110,2,2,1,0,0,1,26.0,41.0,voiture,deux_roues,1,1,1,1,3
202300049307,2023-08-26 10:55:00,2023,8,26,10,55,971,97101,D101,16.289144,-61.476231,Plein jour,Hors agglomération,Hors intersection,Normale,Autre collision,3,2,2,0,4,2,1,0,1,80,1,2,0,0,1,1,58.0,,deux_roues,,1,1,1,1,6
202300049308,2023-04-02 16:30:00,2023,4,2,16,30,75,75117,RUE GUY MOQUET,48.893011,2.327416,Plein jour,En agglomération,Intersection en X,Temps couvert,Autre collision,4,2, -1,0,1,1,1,0,1,-1,1,2,1,0,0,1,50.0,,transport_commun,,1,2,2,8,6
202300049308,2023-04-02 16:30:00,2023,4,2,16,30,75,75117,RUE GUY MOQUET,48.893011,2.327416,Plein jour,En agglomération,Intersection en X,Temps couvert,Autre collision,4,2,2,0,2,1,1,0,1,30,1,2,1,0,0,1,50.0,,transport_commun,,1,2,2,8,6
202300049309,2023-10-27 17:30:00,2023,10,27,17,30,69,69389,74 Rue de Saint-Cyr,45.78333,4.80761,Plein jour,En agglomération,Intersection en X,Normale,Sans collision,4,1,1,3,1,1,1,0,6,30,1,3,2,0,0,1,53.0,,transport_commun,,1,2,2,1,7
202300049309,2023-10-27 17:30:00,2023,10,27,17,30,69,69389,74 Rue de Saint-Cyr,45.78333,4.80761,Plein jour,En agglomération,Intersection en X,Normale,Sans collision,4,2,2,3,1,1,1,0,8,30,1,3,2,0,0,1,53.0,,transport_commun,,1,2,2,1,7
202300049310,2023-12-04 07:45:00,2023,12,4,7,45,44,44069,,47.312766,-2.402254,Crépuscule ou aube,Hors agglomération,Hors intersection,Pluie légère,Autre collision,3,3,2,0,1,1,2,0,3,110,2,2,0,0,1,1,34.0,59.0,utilitaire_camion,voiture,2,1,1,2,6
202300049311,2023-08-26 21:45:00,2023,8,26,21,45,45,45144,12 Place de l’Eglise,47.83564,2.111982,Nuit avec éclairage allumé,En agglomération,Hors intersection,Normale,Autre collision,4,2,2,0,1,3,1,0,8,50,1,1,0,0,1,0,19.0,,voiture,,5,2,1,1,6
202300049312,2023-04-02 04:30:00,2023,4,2,4,30,75,75111,AVENUE PARMENTIER,48.85915,2.37949,Nuit avec éclairage allumé,En agglomération,Intersection en T,Pluie légère,Autre collision,4,2,2,0,1,1,2,0,1,30,1,2,1,0,0,1,35.0,,voiture,,5,2,3,2,6
202300049312,2023-04-02 04:30:00,2023,4,2,4,30,75,75111,AVENUE PARMENTIER,48.85915,2.37949,Nuit avec éclairage allumé,En agglomération,Intersection en T,Pluie légère,Autre collision,4,1,1,0,1,1,2,8,1,30,1,2,1,0,0,1,35.0,,voiture,,5,2,3,2,6
202300049313,2023-05-11 21:39:00,2023,5,11,21,39,92,92036,A86,48.93404,2.27166,Nuit sans éclairage public,Hors agglomération,Hors intersection,Normale,Autre collision,1,1,2,0,1,1,1,0,1,90,1,2,0,0,0,2,20.0,,voiture,,3,1,1,1,6
202300049314,2023-10-29 03:55:00,2023,10,29,3,55,69,69382,Quai Maréchal Joffre,45.75285888,4.82470405,Nuit avec éclairage allumé,En agglomération,Intersection en T,Normale,Autre collision,4,1,2,3,1,1,1,0,6,30,1,1,0,0,0,1,23.0,,deux_roues,,5,2,3,1,6
202300049314,2023-10-29 03:55:00,2023,10,29,3,55,69,69382,Quai Maréchal Joffre,45.75285888,4.82470405,Nuit avec éclairage allumé,En agglomération,Intersection en T,Normale,Autre collision,4,2,2,0,1,1,1,0,1,30,1,1,0,0,0,1,23.0,,deux_roues,,5,2,3,1,6
202300049315,2023-12-05 14:15:00,2023,12,5,14,15,29,29165,Lieu Dit Quelarn,47.82133311,-4.25329801,Plein jour,Hors agglomération,Intersection en T,Normale,Deux véhicules - côté,3,2,2,0,1,1,1,5,1,80,2,2,1,1,0,0,68.0,38.0,voiture,deux_roues,1,1,3,1,3
202300049315,2023-12-05 14:15:00,2023,12,5,14,15,29,29165,Lieu Dit Quelarn,47.82133311,-4.25329801,Plein jour,Hors agglomération,Intersection en T,Normale,Deux véhicules - côté,3,2,2,0,1,1,1,0,1,50,2,2,1,1,0,0,68.0,38.0,voiture,deux_roues,1,1,3,1,3
202300049316,2023-04-02 19:12:00,2023,4,2,19,12,75,75104,RUE DE RIVOLI,48.855726,2.358976,Plein jour,En agglomération,Intersection en Y,Normale,Autre collision,4,1,2,1,1,1,1,0,1,30,1,2,1,0,0,1,21.0,,deux_roues,,1,2,4,1,6
202300049316,2023-04-02 19:12:00,2023,4,2,19,12,75,75104,RUE DE RIVOLI,48.855726,2.358976,Plein jour,En agglomération,Intersection en Y,Normale,Autre collision,4,1,3,1,1,1,1,0,5,30,1,2,1,0,0,1,21.0,,deux_roues,,1,2,4,1,6
202300049317,2023-08-28 08:10:00,2023,8,28,8,10,77,77168,D30,48.180409,2.849793,Plein jour,Hors agglomération,Hors intersection,Normale,Deux véhicules - frontale,3,2,2,0,1,1,1,0,1,80,2,5,3,0,1,1,21.0,57.0,voiture,voiture,1,1,1,1,1