accident_id,datetime,annee,mois,jour,heure,minute,departement,commune_insee,adresse,latitude,longitude,luminosite,agglomeration,intersection,meteo,collision,catr,circ,nbv,vosp,prof,plan,surf,infra,situ,vma,nb_vehicules,nb_usagers,nb_indemnes,nb_tues,nb_blesses_hosp,nb_blesses_legers,age_cond_1,age_cond_2,veh_type_cond_1,veh_type_cond_2,lum_code,agg_code,int_code,atm_code,col_code
202300049400,2023-04-02 03:45:00,2023,4,2,3,45,29,29279,D58,48.584308,-3.877203,Nuit sans éclairage public,Hors agglomération,Hors intersection,Normale,Deux véhicules - frontale,3,3,4,0,2,2,1,0,1,110,2,2,1,0,0,1,25.0,42.0,voiture,voiture,3,1,1,1,1
202300049401,2023-05-10 07:30:00,2023,5,10,7,30,24,24145,GRAND-LAC (ROUTE DU),44.85961,0.56566,Plein jour,En agglomération,Hors intersection,Normale,Autre collision,4,2,2,0,1,1,1,0,1,50,1,2,1,0,1,0,21.0,,voiture,,1,2,1,1,6
202300049402,2023-08-26 23:50:00,2023,8,26,23,50,95,95256,N184,49.0569623,2.20683575,Nuit avec éclairage non allumé,Hors agglomération,Hors intersection,Normale,Deux véhicules - arrière,2,3,8,0,1,1,1,0,1,90,2,4,0,0,0,4,21.0,65.0,voiture,voiture,4,1,1,1,2
202300049403,2023-10-29 11:40:00,2023,10,29,11,40,59,59350,BERNOS RUE,50.633343,3.086391,Plein jour,En agglomération,Intersection en X,Normale,Deux véhicules - côté,4,1,1,0,1,1,1,0,1,30,2,2,1,0,0,1,46.0,57.0,voiture,voiture,1,2,2,1,3
202300049403,2023-10-29 11:40:00,2023,10,29,11,40,59,59350,BERNOS RUE,50.633343,3.086391,Plein jour,En agglomération,Intersection en X,Normale,Deux véhicules - côté,4,1,1,0,1,1,1,0,1,30,2,2,1,0,0,1,46.0,57.0,voiture,voiture,1,2,2,1,3
202300049404,2023-12-04 13:10:00,2023,12,4,13,10,973,97306,"route départementale 8 , mana",5.64949,-53.742371,Plein jour,Hors agglomération,Autre intersection,Normale,Deux véhicules - côté,3,3,1,0,1,1,1,5,1,70,2,4,3,1,0,0,24.0,51.0,voiture,deux_roues,1,1,9,1,3
202300049405,2023-10-28 19:30:00,2023,10,28,19,30,59,59273,JOUHAUX (AVENUE LÃ©ON),50.9962,2.14761,Nuit avec éclairage allumé,En agglomération,Hors intersection,Pluie forte,Autre collision,3,2,2,0,1,1,2,6,1,50,1,2,1,0,1,0,24.0,,voiture,,5,2,1,3,6
202300049406,2023-08-26 21:00:00,2023,8,26,21,0,95,95500,A15,49.03910581,2.08600223,Nuit sans éclairage public,Hors agglomération,Hors intersection,Normale,Deux véhicules - arrière,1,3,4,0,1,1,1,0,1,90,2,2,0,0,0,2,49.0,26.0,voiture,utilitaire_camion,3,1,1,1,2
202300049407,2023-05-09 19:00:00,2023,5,9,19,0,76,76351,IRENE JOLIOT CURIE (RUE),49.52136,0.10511,Plein jour,En agglomération,Intersection en T,Normale,Autre collision,4,2,2,0,1,1,1,0,1,50,1,2,1,0,0,1,,,voiture,,1,2,3,1,6
202300049407,2023-05-09 19:00:00,2023,5,9,19,0,76,76351,IRENE JOLIOT CURIE (RUE),49.52136,0.10511,Plein jour,En agglomération,Intersection en T,Normale,Autre collision,4,2, -1,-1,1,1,1,0,1,-1,1,2,1,0,0,1,,,voiture,,1,2,3,1,6
202300049408,2023-04-02 18:50:00,2023,4,2,18,50,83,83032,RD 562,43.46599069,6.14887002,Plein jour,Hors agglomération,Hors intersection,Normale,Autre collision,3,2,2,0,1,3,1,0,3,80,1,2,0,0,1,1,61.0,,voiture,,1,1,1,1,6
202300049409,2023-12-04 18:00:00,2023,12,4,18,0,45,45252,Avenue du 11 Novembre 1918,48.182745,2.25143,Nuit avec éclairage allumé,En agglomération,Hors intersection,Pluie forte,Autre collision,3,2,2,0,1,1,2,0,1,50,1,4,1,0,2,1,18.0,,voiture,,5,2,1,3,6
202300049410,2023-03-30 14:00:00,2023,3,30,14,0,60,60098,Rue Poitiers Bel Air,49.65182965,1.75384882,Plein jour,En agglomération,Hors intersection,Pluie forte,Sans collision,3,2,2,0,1,1,2,9,3,50,1,2,1,0,0,1,67.0,,voiture,,1,2,1,3,7
202300049411,2023-10-29 19:07:00,2023,10,29,19,7,47,47323,SCORAILLES(AVE),44.41039793,0.75166952,Nuit avec éclairage allumé,Hors agglomération,Intersection en X,Pluie légère,Deux véhicules - côté,4,2,2,0,1,1,1,0,8,50,2,3,0,0,1,2,53.0,17.0,voiture,deux_roues,5,1,2,2,3
202300049411,2023-10-29 19:07:00,2023,10,29,19,7,47,47323,SCORAILLES(AVE),44.41039793,0.75166952,Nuit avec éclairage allumé,Hors agglomération,Intersection en X,Pluie légère,Deux véhicules - côté,4,2,2,0,1,1,1,0,1,50,2,3,0,0,1,2,53.0,17.0,voiture,deux_roues,5,1,2,2,3
202300049412,2023-05-09 14:25:00,2023,5,9,14,25,58,58194,RESISTANCE (SQUARE),46.99245,3.16014,Plein jour,En agglomération,Hors intersection,Pluie forte,Autre collision,4,2,2,0,1,1,2,0,1,20,1,2,1,0,0,1,67.0,,voiture,,1,2,1,3,6
202300049413,2023-12-04 12:13:00,2023,12,4,12,13,89,89350,A6 - PK 118+300,48.0056,3.1593,Plein jour,Hors agglomération,Hors intersection,Temps couvert,Deux véhicules - arrière,1,3,3,0,1,3,1,0,1,130,2,3,1,1,1,0,60.0,22.0,voiture,utilitaire_camion,1,1,1,8,2
202300049414,2023-08-27 13:40:00,2023,8,27,13,40,94,94028,A86 EXT,48.7761883,2.43180914,Plein jour,Hors agglomération,Hors intersection,Normale,Trois véhicules et plus - en chaîne,1,3,3,0,1,1,1,0,1,90,3,6,2,0,0,4,50.0,41.0,voiture,voiture,1,1,1,1,4
202300049415,2023-03-30 07:30:00,2023,3,30,7,30,64,64493,Avenue de Navarre,43.316057,-1.020538,Crépuscule ou aube,En agglomération,Intersection en T,Normale,Deux véhicules - côté,3,2,2,0,1,1,1,0,1,70,2,2,1,0,0,1,56.0,57.0,voiture,deux_roues,2,2,3,1,3
202300049415,2023-03-30 07:30:00,2023,3,30,7,30,64,64493,Avenue de Navarre,43.316057,-1.020538,Crépuscule ou aube,En agglomération,Intersection en T,Normale,Deux véhicules - côté,3,2, -1,0,1,1,1,0,1,50,2,2,1,0,0,1,56.0,57.0,voiture,deux_roues,2,2,3,1,3
202300049416,2023-12-04 18:50:00,2023,12,4,18,50,51,51308,Route Nationale,49.284058,3.822674,Nuit avec éclairage allumé,En agglomération,Hors intersection,Pluie légère,Autre collision,4,2,2,0,1,1,2,0,1,-1,1,2,1,0,0,1,20.0,,voiture,,5,2,1,2,6
202300049417,2023-10-29 14:35:00,2023,10,29,14,35,47,47001,ROMAS (RUE DE),44.20325,0.63105,Plein jour,En agglomération,Intersection en T,Normale,Deux véhicules - côté,4,2,2,0,1,1,1,0,1,50,2,3,1,0,0,2,61.0,26.0,voiture,voiture,1,2,3,1,3
202300049417,2023-10-29 14:35:00,2023,10,29,14,35,47,47001,ROMAS (RUE DE),44.20325,0.63105,Plein jour,En agglomération,Intersection en T,Normale,Deux véhicules - côté,4,2,2,0,1,1,1,0,1,50,2,3,1,0,0,2,61.0,26.0,voiture,voiture,1,2,3,1,3
202300049418,2023-03-31 18:45:00,2023,3,31,18,45,24,24035,4 Rue du 19 Mars 1962,44.778559,1.001143,Plein jour,En agglomération,Hors intersection,Normale,Autre collision,3,2,2,0,2,2,8,0,1,50,1,1,0,0,1,0,17.0,,deux_roues,,1,2,1,1,6
202300049419,2023-12-05 17:20:00,2023,12,5,17,20,03,03224,4 Rue de Pénard,46.060539,3.70214,Nuit avec éclairage allumé,En agglomération,Hors intersection,Normale,Autre collision,3,2,2,0,4,3,1,0,3,50,1,1,0,1,0,0,71.0,,voiture,,5,2,1,1,6
202300049420,2023-03-10 16:23:00,2023,3,10,16,23,74,74012,Avenue Henri Barbusse,46.19167,6.24197,Plein jour,En agglomération,Intersection en X,Normale,Deux véhicules - côté,4,1,1,1,1,1,1,0,1,50,2,2,1,0,0,1,30.0,22.0,deux_roues,voiture,1,2,2,1,3
202300049420,2023-03-10 16:23:00,2023,3,10,16,23,74,74012,Avenue Henri Barbusse,46.19167,6.24197,Plein jour,En agglomération,Intersection en X,Normale,Deux véhicules - côté,4,2,2,1,1,1,1,0,1,50,2,2,1,0,0,1,30.0,22.0,deux_roues,voiture,1,2,2,1,3
202300049420,2023-03-10 16:23:00,2023,3,10,16,23,74,74012,Avenue Henri Barbusse,46.19167,6.24197,Plein jour,En agglomération,Intersection en X,Normale,Deux véhicules - côté,4,1,1,0,1,1,1,0,1,30,2,2,1,0,0,1,30.0,22.0,deux_roues,voiture,1,2,2,1,3
202300049421,2023-04-02 17:45:00,2023,4,2,17,45,03,03097,A71 - pk 300.500,46.357519,2.756597,Crépuscule ou aube,Hors agglomération,Hors intersection,Pluie forte,Autre collision,1,3,2,0,2,3,2,0,1,110,1,2,1,0,0,1,44.0,,voiture,,2,1,1,3,6
202300049422,2023-08-27 13:40:00,2023,8,27,13,40,94,94028,A86,48.7761883,2.43180914,Plein jour,Hors agglomération,Hors intersection,Normale,Trois véhicules et plus - en chaîne,1,-1,3,0,1,1,1,0,1,90,3,7,4,0,0,3,41.0,20.0,voiture,voiture,1,1,1,1,4
202300049423,2023-12-04 17:20:00,2023,12,4,17,20,73,73054,D1090 - Place de la Gare,45.618812,6.770882,Nuit avec éclairage allumé,En agglomération,Hors intersection,Neige / grêle,Autre collision,3,2,2,2,1,1,2,0,1,30,1,2,1,0,1,0,42.0,,utilitaire_camion,,5,2,1,4,6
202300049424,2023-10-29 18:47:00,2023,10,29,18,47,45,45285,75 Rue Paul Doumer,47.90997,1.87223,Nuit avec éclairage allumé,En agglomération,Intersection en T,Normale,Autre collision,4,2,2,0,1,1,1,0,1,30,1,2,1,0,0,1,41.0,,voiture,,5,2,3,1,6
202300049424,2023-10-29 18:47:00,2023,10,29,18,47,45,45285,75 Rue Paul Doumer,47.90997,1.87223,Nuit avec éclairage allumé,En agglomération,Intersection en T,Normale,Autre collision,4,2,2,0,1,1,1,0,1,30,1,2,1,0,0,1,41.0,,voiture,,5,2,3,1,6
202300049425,2023-12-04 19:20:00,2023,12,4,19,20,31,31420,D820,43.491973,1.397195,Nuit sans éclairage public,Hors agglomération,Hors intersection,Normale,Sans collision,3,3,2,0,1,3,2,0,8,90,1,1,0,0,0,1,34.0,,deux_roues,,3,1,1,1,7
202300049426,2023-03-09 19:20:00,2023,3,9,19,20,74,74012,LECLERC (AVENUE DU MARECHAL),46.18672,6.24797,Nuit avec éclairage allumé,En agglomération,Hors intersection,Normale,Deux véhicules - arrière,3,1,2,1,1,1,1,0,1,50,2,2,1,0,0,1,34.0,28.0,voiture,voiture,5,2,1,1,2
202300049427,2023-08-23 10:22:00,2023,8,23,10,22,988,98818,RUE JULES GARNIER,-22.29119,166.43963,Plein jour,En agglomération,Hors intersection,Normale,Autre collision,4,3,2,0,1,1,1,0,4,30,1,2,0,0,0,2,59.0,,deux_roues,,1,2,1,1,6
202300049428,2023-04-03 07:35:00,2023,4,3,7,35,01,01425,A40 Pk152,46.107964,5.291591,Crépuscule ou aube,Hors agglomération,Hors intersection,Temps couvert,Deux véhicules - arrière,1,3,3,0,1,1,1,0,1,130,2,2,1,0,0,1,48.0,29.0,utilitaire_camion,voiture,2,1,1,8,2
202300049429,2023-10-29 15:10:00,2023,10,29,15,10,45,45234,Avenue de l'Hôpital,47.83357247,1.9213331,Plein jour,En agglomération,Hors intersection,Normale,Deux véhicules - côté,4,3,2,2,1,1,1,0,1,50,2,3,1,0,0,2,79.0,23.0,voiture,voiture,1,2,1,1,3
202300049430,2023-12-04 18:45:00,2023,12,4,18,45,64,64496,D 936 avenue de la soule,43.469113,-1.444724,Nuit sans éclairage public,En agglomération,Hors intersection,Pluie forte,Autre collision,3,2,2,0,1,1,2,6,8,50,1,2,1,0,1,0,38.0,,voiture,,3,2,1,3,6
202300049431,2023-03-09 12:05:00,2023,3,9,12,5,74,74012,LIVRON (ROUTE DE),46.18936,6.25069,Plein jour,En agglomération,Hors intersection,Normale,Autre collision,3,2,2,0,2,1,1,0,1,50,1,2,1,0,0,1,26.0,,deux_roues,,1,2,1,1,6
202300049432,2023-08-26 12:50:00,2023,8,26,12,50,976,97611,Boulevard Marcel Henry,-12.784009,45.223123,Plein jour,En agglomération,Hors intersection,Normale,Deux véhicules - côté,3,2,2,0,2,1,1,0,1,50,2,2,1,0,0,1,33.0,41.0,voiture,deux_roues,1,2,1,1,3
202300049433,2023-04-02 23:00:00,2023,4,2,23,0,973,97309,D?23,4.89633,-52.29291,Nuit avec éclairage allumé,Hors agglomération,Intersection en T,Normale,Deux véhicules - côté,3,-1,2,0,1,1,1,5,1,50,2,2,1,0,1,0,23.0,24.0,voiture,deux_roues,5,1,3,1,3
202300049433,2023-04-02 23:00:00,2023,4,2,23,0,973,97309,D?23,4.89633,-52.29291,Nuit avec éclairage allumé,Hors agglomération,Intersection en T,Normale,Deux véhicules - côté,3,1, -1,-1,1,1,1,0,1,-1,2,2,1,0,1,0,23.0,24.0,voiture,deux_roues,5,1,3,1,3
202300049434,2023-10-29 09:05:00,2023,10,29,9,5,35,35238,RN136,48.11933523,-1.7202428,Plein jour,Hors agglomération,Hors intersection,Pluie légère,Autre collision,2,3,4,0,1,1,2,0,1,90,1,3,0,0,0,3,20.0,,voiture,,1,1,1,2,6
202300049435,2023-12-03 16:15:00,2023,12,3,16,15,64,64304,2617 Route de l'Adour,43.493303,-1.394139,Plein jour,Hors agglomération,Hors intersection,Normale,Deux véhicules - arrière,3,3,2,0,1,3,1,0,1,70,2,2,1,0,1,0,75.0,32.0,voiture,deux_roues,1,1,1,1,2
202300049436,2023-04-02 19:26:00,2023,4,2,19,26,51,51572,A4,49.036166,4.618324,Plein jour,Hors agglomération,Hors intersection,Normale,Sans collision,1,3,2,0,1,2,1,0,1,130,1,1,0,0,0,1,44.0,,voiture,,1,1,1,1,7
202300049437,2023-10-28 17:45:00,2023,10,28,17,45,35,35115,LECLERC (BOULEVARD DU MARECHAL),48.35383,-1.19918,Crépuscule ou aube,En agglomération,Giratoire,Pluie forte,Autre collision,4,2,2,2,2,1,2,0,1,30,1,2,1,0,0,1,20.0,,utilitaire_camion,,2,2,6,3,6
202300049438,2023-03-01 11:30:00,2023,3,1,11,30,74,74010,Allée de la chapelle,45.924125,6.141272,Plein jour,En agglomération,Intersection en Y,Normale,Autre collision,4,2,2,0,1,2,1,0,1,50,1,2,1,0,1,0,67.0,,voiture,,1,2,4,1,6
202300049438,2023-03-01 11:30:00,2023,3,1,11,30,74,74010,Allée de la chapelle,45.924125,6.141272,Plein jour,En agglomération,Intersection en Y,Normale,Autre collision,4,2, -1,-1,1,1,1,0,1,-1,1,2,1,0,1,0,67.0,,voiture,,1,2,4,1,6
202300049439,2023-08-25 07:20:00,2023,8,25,7,20,976,97611,m'tsapere-Nationale 2 (route),-12.7917,45.22169,Plein jour,En agglomération,Autre intersection,Normale,Deux véhicules - côté,4,-1,2,0,1,1,1,9,1,50,2,3,1,0,0,2,36.0,21.0,voiture,deux_roues,1,2,9,1,3
202300049440,2023-12-05 06:50:00,2023,12,5,6,50,14,14712,D675,49.17908456,-0.19980964,Crépuscule ou aube,Hors agglomération,Giratoire,Pluie légère,Deux véhicules - côté,1,2,1,0,4,2,2,3,1,90,2,2,1,0,0,1,52.0,30.0,voiture,deux_roues,2,1,6,2,3
202300049440,2023-12-05 06:50:00,2023,12,5,6,50,14,14712,D675,49.17908456,-0.19980964,Crépuscule ou aube,Hors agglomération,Giratoire,Pluie légère,Deux véhicules - côté,1,1,1,0,2,3,2,3,1,90,2,2,1,0,0,1,52.0,30.0,voiture,deux_roues,2,1,6,2,3
202300049441,2023-10-29 23:20:00,2023,10,29,23,20,33,33063,Quai du Maréchal Lyautey,44.84124,-0.56938,Nuit avec éclairage allumé,En agglomération,Place,Pluie légère,Autre collision,4,3,4,3,1,1,2,0,6,50,1,2,1,0,1,0,39.0,,deux_roues,,5,2,7,2,6
202300049442,2023-08-25 17:00:00,2023,8,25,17,0,974,97416,PRESIDENT MITTERAND(AVENUE),-21.34422,55.48312,Plein jour,En agglomération,Hors intersection,Normale,Autre collision,4,-1,2,0,1,3,1,0,1,50,1,2,1,0,1,0,55.0,,voiture,,1,2,1,1,6
202300049443,2023-12-04 10:00:00,2023,12,4,10,0,29,29042,rue de Dinan,48.24443093,-4.51054346,Plein jour,Hors agglomération,Hors intersection,Pluie légère,Deux véhicules - arrière,3,2,2,0,1,1,2,0,1,70,2,3,1,0,1,1,33.0,63.0,voiture,voiture,1,1,1,2,2
202300049444,2023-10-29 19:15:00,2023,10,29,19,15,33,33119,Avenue Jean Jaurès,44.85332,-0.53862,Nuit avec éclairage allumé,En agglomération,Intersection en T,Pluie légère,Deux véhicules - côté,4,3,4,3,1,1,2,0,1,30,2,2,1,0,0,1,24.0,25.0,deux_roues,voiture,5,2,3,2,3
202300049444,2023-10-29 19:15:00,2023,10,29,19,15,33,33119,Avenue Jean Jaurès,44.85332,-0.53862,Nuit avec éclairage allumé,En agglomération,Intersection en T,Pluie légère,Deux véhicules - côté,4,1,1,0,1,3,2,0,1,30,2,2,1,0,0,1,24.0,25.0,deux_roues,voiture,5,2,3,2,3
202300049445,2023-08-26 06:00:00,2023,8,26,6,0,974,97411,NANTIER (RUE DIDIER),-20.89786073,55.47768903,Nuit avec éclairage allumé,En agglomération,Intersection en T,Normale,Deux véhicules - côté,4,2,2,0,1,1,1,0,1,50,2,2,1,0,1,0,28.0,20.0,voiture,voiture,5,2,3,1,3
202300049445,2023-08-26 06:00:00,2023,8,26,6,0,974,97411,NANTIER (RUE DIDIER),-20.89786073,55.47768903,Nuit avec éclairage allumé,En agglomération,Intersection en T,Normale,Deux véhicules - côté,4,2,2,0,1,1,1,0,1,50,2,2,1,0,1,0,28.0,20.0,voiture,voiture,5,2,3,1,3
202300049445,2023-08-26 06:00:00,2023,8,26,6,0,974,97411,NANTIER (RUE DIDIER),-20.89786073,55.47768903,Nuit avec éclairage allumé,En agglomération,Intersection en T,Normale,Deux véhicules - côté,4,2,2,0,1,1,1,0,1,50,2,2,1,0,1,0,28.0,20.0,voiture,voiture,5,2,3,1,3
202300049446,2023-12-04 18:30:00,2023,12,4,18,30,22,22136,Boulevard des Priteaux,48.177219,-2.747328,Nuit avec éclairage allumé,En agglomération,Giratoire,Pluie légère,Deux véhicules - frontale,4,2,2,0,2,1,2,0,1,50,2,2,1,0,0,1,17.0,55.0,deux_roues,voiture,5,2,6,2,1
202300049446,2023-12-04 18:30:00,2023,12,4,18,30,22,22136,Boulevard des Priteaux,48.177219,-2.747328,Nuit avec éclairage allumé,En agglomération,Giratoire,Pluie légère,Deux véhicules - frontale,4,2,2,0,2,2,2,0,1,50,2,2,1,0,0,1,17.0,55.0,deux_roues,voiture,5,2,6,2,1
202300049447,2023-05-04 09:15:00,2023,5,4,9,15,83,83126,FARLEDE (CHEMIN DE LA),43.11583,5.85212,Plein jour,En agglomération,Hors intersection,Normale,Autre collision,4,2,2,0,1,1,1,0,1,50,1,2,1,0,0,1,51.0,,utilitaire_camion,,1,2,1,1,6
202300049448,2023-10-29 02:06:00,2023,10,29,2,6,33,33281,Avenue du Maréchal Leclerc,44.83815,-0.64687,Nuit sans éclairage public,En agglomération,Hors intersection,Pluie forte,Autre collision,4,2,2,3,1,1,2,4,1,50,1,3,1,1,1,0,60.0,,transport_commun,,3,2,1,3,6
202300049449,2023-08-26 03:10:00,2023,8,26,3,10,974,97411,LORY LES HAUTS (RUE),-20.89602,55.4818,Nuit avec éclairage allumé,En agglomération,Hors intersection,Pluie légère,Autre collision,4,2,2,0,2,3,2,0,1,50,1,1,0,0,0,1,48.0,,voiture,,5,2,1,2,6
202300049450,2023-04-01 20:20:00,2023,4,1,20,20,13,13018,AUtoroute A7 pk 203.000 sens MARSEILLE/ AVIGNON,43.877912,4.934063,Nuit sans éclairage public,Hors agglomération,Hors intersection,Normale,Trois véhicules et plus - en chaîne,1,3,2,0,1,1,1,0,1,130,11,11,10,0,1,0,26.0,40.0,voiture,voiture,3,1,1,1,4
202300049451,2023-12-04 09:25:00,2023,12,4,9,25,33,33162,ROCADE A 630,44.87723121,-0.63173264,Plein jour,Hors agglomération,Hors intersection,Normale,Deux véhicules - côté,1,3,6,0,1,1,1,0,1,90,2,2,1,0,0,1,38.0,54.0,voiture,deux_roues,1,1,1,1,3
202300049452,2023-02-27 21:30:00,2023,2,27,21,30,74,74272,Route de Clermont_,45.946416,6.045232,Nuit sans éclairage public,En agglomération,Hors intersection,Normale,Sans collision,3,2,2,0,1,2,1,0,1,50,1,1,0,0,1,0,30.0,,voiture,,3,2,1,1,7
202300049453,2023-10-29 15:30:00,2023,10,29,15,30,31,31555,RTE D ESPAGNE,43.57623,1.42408,Plein jour,En agglomération,Hors intersection,Normale,Deux véhicules - côté,7,2,3,1,1,1,1,0,1,50,2,2,1,0,1,0,18.0,22.0,deux_roues,voiture,1,2,1,1,3
202300049454,2023-04-01 19:20:00,2023,4,1,19,20,987,98750,pk 7.3,-16.820866,-151.403988,Nuit sans éclairage public,Hors agglomération,Hors intersection,Normale,Deux véhicules - côté,2,2,2,0,1,3,1,0,1,60,2,2,1,1,0,0,35.0,53.0,deux_roues,voiture,3,1,1,1,3
202300049455,2023-08-26 00:30:00,2023,8,26,0,30,974,97411,LANCASTEL (BOULEVARD),-20.87487,55.45378,Nuit avec éclairage allumé,En agglomération,Intersection en X,Normale,Autre collision,2,1,2,0,1,1,1,0,1,50,1,2,1,0,1,0,29.0,,voiture,,5,2,2,1,6
202300049455,2023-08-26 00:30:00,2023,8,26,0,30,974,97411,LANCASTEL (BOULEVARD),-20.87487,55.45378,Nuit avec éclairage allumé,En agglomération,Intersection en X,Normale,Autre collision,2,1,2,0,1,1,1,0,1,50,1,2,1,0,1,0,29.0,,voiture,,5,2,2,1,6
202300049456,2023-02-26 01:20:00,2023,2,26,1,20,74,74112,Route de Sillingy_,45.942272,6.086383,Nuit avec éclairage allumé,En agglomération,Giratoire,Normale,Autre collision,3,2,2,1,1,1,1,0,1,30,1,2,1,0,1,0,28.0,,voiture,,5,2,6,1,6
202300049457,2023-12-01 13:13:00,2023,12,1,13,13,62,62637,A1,50.46053246,2.9737164,Plein jour,Hors agglomération,Hors intersection,Normale,Trois véhicules et plus - en chaîne,1,-1,2,0,1,1,1,0,1,130,3,3,2,0,0,1,48.0,39.0,voiture,utilitaire_camion,1,1,1,1,4
202300049458,2023-04-02 11:40:00,2023,4,2,11,40,987,98733,RT1 au  niveau du PK 22.700,-17.698161,-149.58376,Plein jour,En agglomération,Hors intersection,Normale,Deux véhicules - frontale,2,2,2,0,1,1,1,0,3,60,2,2,1,1,0,0,39.0,53.0,deux_roues,utilitaire_camion,1,2,1,1,1
202300049459,2023-10-27 12:15:00,2023,10,27,12,15,29,29039,Rue de Quimper,47.8882,-3.91899,Plein jour,En agglomération,Hors intersection,Pluie légère,Trois véhicules et plus - en chaîne,4,2,1,0,1,1,2,0,1,50,3,3,2,0,0,1,26.0,15.0,utilitaire_camion,deux_roues,1,2,1,2,4
202300049460,2023-02-25 12:45:00,2023,2,25,12,45,74,74052,Route principale_,46.06269,6.049106,Plein jour,En agglomération,Hors intersection,Normale,Autre collision,3,2,2,0,1,1,1,0,1,30,1,2,1,0,0,1,29.0,,voiture,,1,2,1,1,6
202300049461,2023-08-25 19:25:00,2023,8,25,19,25,974,97411,JAURES (BOULEVARD JEAN),-20.88862,55.44533,Nuit avec éclairage allumé,En agglomération,Autre intersection,Normale,Deux véhicules - arrière,2,-1,3,0,1,1,1,5,1,50,2,2,1,0,0,1,20.0,48.0,voiture,deux_roues,5,2,9,1,2
202300049462,2023-12-04 08:30:00,2023,12,4,8,30,94,94021,A6B,48.76323303,2.34206347,Crépuscule ou aube,Hors agglomération,Hors intersection,Pluie forte,Deux véhicules - arrière,1,2,2,0,1,1,2,0,1,90,2,2,1,0,0,1,41.0,37.0,voiture,utilitaire_camion,2,1,1,3,2
202300049463,2023-10-29 18:40:00,2023,10,29,18,40,16,16015,MONTMOREAU (RUE DE N°IMPAIRS DE 1 A 63),45.648325,0.160945,Crépuscule ou aube,En agglomération,Hors intersection,Normale,Autre collision,4,2,2,0,3,1,1,6,1,30,1,2,1,0,0,1,,,voiture,,2,2,1,1,6
202300049464,2023-04-01 18:00:00,2023,4,1,18,0,973,97305,PK 24+500,5.001535,-52.458665,Plein jour,Hors agglomération,Hors intersection,Normale,Deux véhicules - côté,2,2,2,0,1,1,1,0,1,80,2,4,1,0,1,2,67.0,31.0,voiture,utilitaire_camion,1,1,1,1,3
202300049465,2023-02-17 05:00:00,2023,2,17,5,0,74,74058,route des frasses,46.289783,6.804163,Nuit avec éclairage allumé,En agglomération,Hors intersection,Normale,Sans collision,3,2,2,0,1,1,2,0,3,50,1,2,0,1,1,0,22.0,,voiture,,5,2,1,1,7
202300049466,2023-12-04 08:30:00,2023,12,4,8,30,91,91235,RN 104,48.624,2.368,Crépuscule ou aube,Hors agglomération,Hors intersection,Pluie légère,Deux véhicules - côté,2,3,2,0,1,1,2,0,1,110,2,2,1,0,0,1,23.0,32.0,deux_roues,voiture,2,1,1,2,3
202300049467,2023-08-25 15:15:00,2023,8,25,15,15,974,97411,CANAL (CHEMIN DU GRAND),-20.91429,55.495,Plein jour,En agglomération,Intersection en T,Normale,Deux véhicules - côté,3,2,0,0,2,1,1,0,1,50,2,2,1,0,0,1,27.0,24.0,voiture,deux_roues,1,2,3,1,3
202300049467,2023-08-25 15:15:00,2023,8,25,15,15,974,97411,CANAL (CHEMIN DU GRAND),-20.91429,55.495,Plein jour,En agglomération,Intersection en T,Normale,Deux véhicules - côté,3,2,2,0,1,1,1,0,1,50,2,2,1,0,0,1,27.0,24.0,voiture,deux_roues,1,2,3,1,3
202300049468,2023-12-04 13:35:00,2023,12,4,13,35,95,95277,A3,48.97259,2.48485,Plein jour,Hors agglomération,Hors intersection,Pluie légère,Autre collision,1,1,1,0,1,1,2,0,1,70,1,1,0,0,0,1,20.0,,voiture,,1,1,1,2,6
202300049469,2023-04-03 10:25:00,2023,4,3,10,25,971,97117,Route de Bellevue / rue du docteur Agenor Carle,16.329146,-61.354697,Plein jour,En agglomération,Intersection en T,Normale,Autre collision,3,2,2,0,1,1,1,0,1,50,1,2,1,0,1,0,63.0,,voiture,,1,2,3,1,6
202300049469,2023-04-03 10:25:00,2023,4,3,10,25,971,97117,Route de Bellevue / rue du docteur Agenor Carle,16.329146,-61.354697,Plein jour,En agglomération,Intersection en T,Normale,Autre collision,3,2, -1,-1,1,1,1,9,1,-1,1,2,1,0,1,0,63.0,,voiture,,1,2,3,1,6
202300049470,2023-10-29 17:15:00,2023,10,29,17,15,14,14701,Chemin de l'Orgueil,49.31255,0.08401,Plein jour,Hors agglomération,Intersection en Y,Normale,Deux véhicules - frontale,3,2,2,0,1,4,1,0,1,80,2,5,2,0,0,3,23.0,49.0,deux_roues,voiture,1,1,4,1,1
202300049470,2023-10-29 17:15:00,2023,10,29,17,15,14,14701,Chemin de l'Orgueil,49.31255,0.08401,Plein jour,Hors agglomération,Intersection en Y,Normale,Deux véhicules - frontale,3,2,2,0,1,4,1,0,1,80,2,5,2,0,0,3,23.0,49.0,deux_roues,voiture,1,1,4,1,1
202300049471,2023-08-26 12:20:00,2023,8,26,12,20,69,69386,Rue Duquesne,45.77311,4.84974,Plein jour,En agglomération,Intersection en X,Normale,Autre collision,4,2,2,3,1,1,2,0,4,50,1,1,0,0,0,1,82.0,,autre,,1,2,2,1,6
202300049471,2023-08-26 12:20:00,2023,8,26,12,20,69,69386,Rue Duquesne,45.77311,4.84974,Plein jour,En agglomération,Intersection en X,Normale,Autre collision,4,1,3,0,1,1,2,0,4,50,1,1,0,0,0,1,82.0,,autre,,1,2,2,1,6