accident_id,datetime,annee,mois,jour,heure,minute,departement,commune_insee,adresse,latitude,longitude,luminosite,agglomeration,intersection,meteo,collision,catr,circ,nbv,vosp,prof,plan,surf,infra,situ,vma,nb_vehicules,nb_usagers,nb_indemnes,nb_tues,nb_blesses_hosp,nb_blesses_legers,age_cond_1,age_cond_2,veh_type_cond_1,veh_type_cond_2,lum_code,agg_code,int_code,atm_code,col_code
202300049472,2023-02-15 23:15:00,2023,2,15,23,15,74,74238,D902,46.203853,6.676898,Nuit sans éclairage public,Hors agglomération,Hors intersection,Normale,Deux véhicules - frontale,3,2,2,0,1,3,1,0,1,80,2,5,0,0,0,5,39.0,61.0,voiture,voiture,3,1,1,1,1
202300049473,2023-12-03 22:55:00,2023,12,3,22,55,95,95572,N184,49.04821494,2.13358004,Nuit sans éclairage public,Hors agglomération,Autre intersection,Normale,Deux véhicules - arrière,2,3,4,0,1,1,1,0,1,90,2,2,0,0,0,2,33.0,31.0,voiture,voiture,3,1,9,1,2
202300049474,2023-04-03 07:53:00,2023,4,3,7,53,78,78531,autoroute a13 pk 54+600,49.00604,1.60141,Plein jour,Hors agglomération,Hors intersection,Normale,Deux véhicules - arrière,1,3,5,0,1,1,1,0,1,130,2,2,0,1,0,1,39.0,30.0,voiture,voiture,1,1,1,1,2
202300049475,2023-10-28 18:15:00,2023,10,28,18,15,13,13005,SAINT PIERRE (CHEMIN DE),43.3,5.59,Crépuscule ou aube,En agglomération,Hors intersection,Temps couvert,Sans collision,3,2,2,0,1,2,1,0,3,50,1,1,0,0,0,1,77.0,,deux_roues,,2,2,1,8,7
202300049476,2023-08-26 11:10:00,2023,8,26,11,10,69,69387,5 Rue de la Thibaudière,45.75117,4.84341,Plein jour,En agglomération,Hors intersection,Pluie légère,Autre collision,4,1,1,2,1,1,2,0,1,30,1,1,0,0,0,1,57.0,,voiture,,1,2,1,2,6
202300049477,2023-12-03 04:20:00,2023,12,3,4,20,94,94069,A4,48.81754093,2.43504501,Nuit sans éclairage public,Hors agglomération,Hors intersection,Normale,Autre collision,1,1,5,0,1,1,1,0,1,90,1,2,0,0,0,2,20.0,,voiture,,3,1,1,1,6
202300049478,2023-02-21 17:35:00,2023,2,21,17,35,74,74099,Allée des myosotis,45.871754,6.621596,Plein jour,Hors agglomération,Intersection en Y,Normale,Sans collision,4,2,1,0,2,1,1,0,1,50,1,2,0,0,1,1,43.0,,deux_roues,,1,1,4,1,7
202300049478,2023-02-21 17:35:00,2023,2,21,17,35,74,74099,Allée des myosotis,45.871754,6.621596,Plein jour,Hors agglomération,Intersection en Y,Normale,Sans collision,4,2, -1,-1,2,1,1,0,1,-1,1,2,0,0,1,1,43.0,,deux_roues,,1,1,4,1,7
202300049479,2023-04-02 23:15:00,2023,4,2,23,15,13,13027,Avenue Jacques Trouillet,43.886361,4.84709,Nuit avec éclairage allumé,En agglomération,Hors intersection,Normale,Autre collision,4,2,2,0,1,1,1,0,1,50,1,2,1,0,1,0,29.0,,voiture,,5,2,1,1,6
202300049480,2023-10-20 08:45:00,2023,10,20,8,45,72,72181,PREMIERE DIVISION FRANCAISE (BD),48.02116,0.23121,Plein jour,Hors agglomération,Autre intersection,Pluie légère,Autre collision,3,1,1,0,2,3,2,3,1,90,1,1,0,0,0,1,22.0,,voiture,,1,1,9,2,6
202300049481,2023-10-29 11:15:00,2023,10,29,11,15,11,11069,2b Rue Henri Fabre,43.21853,2.34924,Plein jour,En agglomération,Hors intersection,Normale,Autre collision,4,1,1,0,2,2,1,0,1,30,2,2,1,0,0,1,33.0,67.0,deux_roues,voiture,1,2,1,1,6
202300049482,2023-08-25 20:35:00,2023,8,25,20,35,972,97213,ROUTE DEPARTEMENTALE 15,14.63499,-61.00847,Nuit avec éclairage non allumé,Hors agglomération,Hors intersection,Normale,Deux véhicules - côté,3,1,1,0,1,2,1,0,1,70,2,2,1,0,1,0,23.0,60.0,deux_roues,voiture,4,1,1,1,3
202300049483,2023-02-09 06:20:00,2023,2,9,6,20,74,74309,D18,46.114033,6.042577,Nuit sans éclairage public,En agglomération,Hors intersection,Autre,Deux véhicules - frontale,3,2,2,0,2,3,7,0,1,50,2,2,0,0,2,0,23.0,59.0,voiture,voiture,3,2,1,9,1
202300049484,2023-04-02 05:30:00,2023,4,2,5,30,38,38110,D36,45.58832,4.865935,Nuit sans éclairage public,Hors agglomération,Hors intersection,Pluie légère,Deux véhicules - frontale,3,2,2,0,1,4,2,0,1,80,2,3,2,0,0,1,37.0,,voiture,voiture,3,1,1,2,1
202300049485,2023-08-07 20:50:00,2023,8,7,20,50,14,14437,41 rue Pasteur,49.179773,-0.321541,Crépuscule ou aube,En agglomération,Hors intersection,Normale,Deux véhicules - côté,3,2,2,0,1,1,1,0,1,50,2,2,1,0,1,0,34.0,25.0,deux_roues,voiture,2,2,1,1,3
202300049486,2023-10-28 12:15:00,2023,10,28,12,15,07,07019,BELLANDE (AVENUE DE ),44.61422,4.40006,Plein jour,En agglomération,Hors intersection,Normale,Deux véhicules - côté,4,2,2,0,1,1,1,0,1,50,2,2,1,0,1,0,66.0,19.0,voiture,deux_roues,1,2,1,1,3
202300049487,2023-08-26 02:20:00,2023,8,26,2,20,972,97209,RD 41 (ROCADE),14.61028,-61.08307,Nuit sans éclairage public,Hors agglomération,Hors intersection,Normale,Autre collision,3,1,2,0,4,1,1,0,1,70,1,3,0,0,1,2,21.0,,voiture,,3,1,1,1,6
202300049488,2023-02-08 20:20:00,2023,2,8,20,20,74,74282,Rue des Fleuries,46.00993394,6.26310577,Nuit sans éclairage public,Hors agglomération,Hors intersection,Normale,Deux véhicules - frontale,3,2,2,0,2,1,1,0,1,80,2,2,1,0,1,0,30.0,57.0,voiture,voiture,3,1,1,1,1
202300049489,2023-09-13 15:10:00,2023,9,13,15,10,14,14118,104 bis Boulevard Maréchal Leclerc,49.182748,-0.361961,Plein jour,En agglomération,Intersection en X,Normale,Autre collision,4,1,1,0,1,1,1,0,1,50,1,2,1,0,0,1,14.0,,deux_roues,,1,2,2,1,6
202300049489,2023-09-13 15:10:00,2023,9,13,15,10,14,14118,104 bis Boulevard Maréchal Leclerc,49.182748,-0.361961,Plein jour,En agglomération,Intersection en X,Normale,Autre collision,4,1,1,-1,1,1,1,6,1,50,1,2,1,0,0,1,14.0,,deux_roues,,1,2,2,1,6
202300049490,2023-04-03 08:40:00,2023,4,3,8,40,01,01249,501 Grande Rue,45.821603,4.947254,Plein jour,En agglomération,Intersection en T,Pluie légère,Deux véhicules - arrière,3,2,2,0,1,1,2,0,1,50,2,2,1,0,0,1,37.0,34.0,voiture,voiture,1,2,3,2,2
202300049490,2023-04-03 08:40:00,2023,4,3,8,40,01,01249,501 Grande Rue,45.821603,4.947254,Plein jour,En agglomération,Intersection en T,Pluie légère,Deux véhicules - arrière,3,1,1,0,1,3,2,0,1,30,2,2,1,0,0,1,37.0,34.0,voiture,voiture,1,2,3,2,2
202300049491,2023-08-13 16:40:00,2023,8,13,16,40,73,73021,D208,45.416317,6.172289,Plein jour,Hors agglomération,Hors intersection,Normale,Sans collision,3,2,2,-1,2,4,9,0,1,80,1,1,0,0,1,0,50.0,,deux_roues,,1,1,1,1,7
202300049492,2023-10-29 19:10:00,2023,10,29,19,10,06,06088,TURIN (RTE DE),43.72294,7.28992,Nuit avec éclairage allumé,Hors agglomération,Intersection en X,Normale,Deux véhicules - côté,4,3,4,0,1,1,1,0,1,50,2,5,3,0,1,1,24.0,25.0,deux_roues,voiture,5,1,2,1,3
202300049492,2023-10-29 19:10:00,2023,10,29,19,10,06,06088,TURIN (RTE DE),43.72294,7.28992,Nuit avec éclairage allumé,Hors agglomération,Intersection en X,Normale,Deux véhicules - côté,4,3,4,0,1,1,1,0,1,50,2,5,3,0,1,1,24.0,25.0,deux_roues,voiture,5,1,2,1,3
202300049493,2023-08-23 14:30:00,2023,8,23,14,30,972,97209,RELIGIEUSES (ROUTE DES),14.61256,-61.05983,Plein jour,En agglomération,Hors intersection,Normale,Deux véhicules - côté,3,2,2,0,1,3,1,0,1,50,2,2,1,0,0,1,66.0,36.0,voiture,deux_roues,1,2,1,1,3
202300049494,2023-02-05 13:00:00,2023,2,5,13,0,74,74243,A40,46.132348,6.092273,Plein jour,Hors agglomération,Hors intersection,Normale,Deux véhicules - arrière,1,1,4,0,1,1,1,0,1,110,2,2,1,0,0,1,25.0,29.0,voiture,voiture,1,1,1,1,2
202300049495,2023-10-29 01:40:00,2023,10,29,1,40,03,03185,Bd président Allende,46.34592,2.60771,Nuit avec éclairage allumé,En agglomération,Hors intersection,Normale,Autre collision,3,1,6,0,2,2,1,0,3,50,1,3,2,0,0,1,18.0,,voiture,,5,2,1,1,6
202300049496,2023-04-03 09:25:00,2023,4,3,9,25,14,14160,3 Route le Pré Marie,49.06328157,-0.29148147,Plein jour,Hors agglomération,Hors intersection,Normale,Deux véhicules - arrière,2,3,2,0,1,1,1,0,1,110,2,2,1,0,0,1,52.0,27.0,utilitaire_camion,voiture,1,1,1,1,2
202300049497,2023-08-19 19:10:00,2023,8,19,19,10,972,97209,BISHOP (Avenue Maurice),14.61145,-61.05404,Nuit avec éclairage allumé,Hors agglomération,Hors intersection,Pluie légère,Trois véhicules et plus - en chaîne,2,-1,4,0,1,1,2,0,1,50,3,3,1,0,0,2,25.0,,voiture,voiture,5,1,1,2,4
202300049498,2023-04-28 17:20:00,2023,4,28,17,20,92,92078,AVENIR (RUE) (PAIRS DU 2 AU 28),48.936218,2.330428,Plein jour,En agglomération,Hors intersection,Normale,Autre collision,4,1,1,0,1,1,1,0,4,50,1,2,1,0,0,1,20.0,,voiture,,1,2,1,1,6
202300049499,2023-04-02 11:35:00,2023,4,2,11,35,59,59398,131 Rue de la Mousserie,50.50809563,3.11395884,Plein jour,En agglomération,Hors intersection,Normale,Autre collision,4,2,2,0,1,1,1,0,3,50,1,2,1,0,0,1,69.0,,voiture,,1,2,1,1,6
202300049500,2023-01-14 03:05:00,2023,1,14,3,5,62,62755,D940,50.70395,1.613661,Nuit avec éclairage allumé,En agglomération,Hors intersection,Normale,Autre collision,3,3,1,0,2,2,1,0,3,50,1,1,0,0,1,0,31.0,,deux_roues,,5,2,1,1,6
202300049501,2023-10-29 04:40:00,2023,10,29,4,40,75,75112,PORTE DE CHARENTON,48.829525,2.401228,Nuit avec éclairage allumé,En agglomération,Hors intersection,Normale,Deux véhicules - arrière,4,1,4,0,1,1,1,0,1,70,2,5,4,0,1,0,21.0,25.0,voiture,utilitaire_camion,5,2,1,1,2
202300049502,2023-08-16 11:08:00,2023,8,16,11,8,64,64064,Route d'Espagne,43.10991913,-0.62493593,Plein jour,Hors agglomération,Intersection en T,Normale,Deux véhicules - côté,2,2,2,0,1,2,1,0,1,80,2,3,1,1,1,0,51.0,61.0,utilitaire_camion,utilitaire_camion,1,1,3,1,3
202300049502,2023-08-16 11:08:00,2023,8,16,11,8,64,64064,Route d'Espagne,43.10991913,-0.62493593,Plein jour,Hors agglomération,Intersection en T,Normale,Deux véhicules - côté,2,2,2,0,1,1,1,0,8,80,2,3,1,1,1,0,51.0,61.0,utilitaire_camion,utilitaire_camion,1,1,3,1,3
202300049503,2023-08-27 00:25:00,2023,8,27,0,25,69,69389,17 Quai Arloing,45.77280719,4.8102945,Nuit avec éclairage allumé,En agglomération,Hors intersection,Pluie légère,Deux véhicules - côté,4,2,3,3,1,1,2,0,6,50,2,5,4,0,0,1,24.0,32.0,voiture,deux_roues,5,2,1,2,3
202300049504,2023-02-01 00:30:00,2023,2,1,0,30,74,74208,Route de saint-gervais,45.909286,6.716203,Nuit sans éclairage public,Hors agglomération,Hors intersection,Normale,Autre collision,3,2,2,0,2,3,1,0,3,80,1,1,0,0,1,0,37.0,,utilitaire_camion,,3,1,1,1,6
202300049505,2023-04-02 19:00:00,2023,4,2,19,0,13,13088,A55-Sens Marseille vers Martigues,43.39086,5.24898,Plein jour,Hors agglomération,Hors intersection,Normale,Deux véhicules - côté,1,1,2,0,2,3,1,0,1,110,2,3,2,0,0,1,24.0,45.0,voiture,voiture,1,1,1,1,3
202300049506,2023-12-04 08:20:00,2023,12,4,8,20,988,98818,AVENUE DE LA VICTOIRE H. LAFLEUR,-22.27446,166.44474,Plein jour,En agglomération,Hors intersection,Normale,Autre collision,4,-1,2,0,1,1,1,0,1,50,1,2,1,0,0,1,78.0,,utilitaire_camion,,1,2,1,1,6
202300049507,2023-10-28 11:00:00,2023,10,28,11,0,75,75112,ECHANGEUR BERCY,48.828642,2.398889,Plein jour,En agglomération,Hors intersection,Normale,Deux véhicules - arrière,4,1,4,0,1,1,2,0,1,70,2,3,1,0,0,2,24.0,45.0,voiture,voiture,1,2,1,1,2
202300049508,2023-08-26 16:30:00,2023,8,26,16,30,69,69385,Avenue Général Eisenhower,45.75667,4.78222,Plein jour,En agglomération,Intersection en X,Normale,Deux véhicules - côté,7,2,3,3,1,1,1,5,1,30,2,2,1,0,0,1,29.0,38.0,voiture,voiture,1,2,2,1,3
202300049508,2023-08-26 16:30:00,2023,8,26,16,30,69,69385,Avenue Général Eisenhower,45.75667,4.78222,Plein jour,En agglomération,Intersection en X,Normale,Deux véhicules - côté,7,2,2,2,2,1,1,5,1,30,2,2,1,0,0,1,29.0,38.0,voiture,voiture,1,2,2,1,3
202300049509,2023-02-25 11:20:00,2023,2,25,11,20,76,76414,ANCIEN PORT (RUE DE L'),49.90825,1.10965,Plein jour,En agglomération,Intersection en X,Pluie légère,Deux véhicules - arrière,4,2,2,0,1,1,2,5,1,50,2,2,1,0,0,1,66.0,56.0,voiture,voiture,1,2,2,2,2
202300049509,2023-02-25 11:20:00,2023,2,25,11,20,76,76414,ANCIEN PORT (RUE DE L'),49.90825,1.10965,Plein jour,En agglomération,Intersection en X,Pluie légère,Deux véhicules - arrière,4,2, -1,-1,1,1,2,5,1,-1,2,2,1,0,0,1,66.0,56.0,voiture,voiture,1,2,2,2,2
202300049510,2023-12-03 07:15:00,2023,12,3,7,15,973,97302,MONTABO (ROUTE DE) 3,4.93584,-52.28604,Plein jour,En agglomération,Hors intersection,Normale,Sans collision,4,2,2,0,4,1,9,0,8,50,1,1,0,0,0,1,23.0,,voiture,,1,2,1,1,7
202300049511,2023-03-26 00:30:00,2023,3,26,0,30,69,69389,Route de Métropole 6,45.76393,4.80186,Nuit avec éclairage allumé,Hors agglomération,Hors intersection,Normale,Deux véhicules - arrière,7,3,5,0,1,1,1,0,1,70,2,3,2,0,0,1,32.0,40.0,voiture,voiture,5,1,1,1,2
202300049512,2023-10-29 12:30:00,2023,10,29,12,30,75,75120,RUE DE BELLEVILLE,48.873267,2.381918,Plein jour,En agglomération,Intersection en T,Pluie légère,Autre collision,4,2, -1,-1,1,1,2,0,1,-1,1,1,0,0,0,1,65.0,,deux_roues,,1,2,3,2,6
202300049512,2023-10-29 12:30:00,2023,10,29,12,30,75,75120,RUE DE BELLEVILLE,48.873267,2.381918,Plein jour,En agglomération,Intersection en T,Pluie légère,Autre collision,4,2,2,0,1,1,2,0,1,30,1,1,0,0,0,1,65.0,,deux_roues,,1,2,3,2,6
202300049513,2023-12-02 19:45:00,2023,12,2,19,45,973,97302,GALMOT (AVENUE),4.932332,-52.32706761,Nuit avec éclairage allumé,En agglomération,Hors intersection,Normale,Sans collision,4,2,2,0,1,1,1,0,1,50,1,1,0,0,0,1,18.0,,deux_roues,,5,2,1,1,7
202300049514,2023-04-01 19:25:00,2023,4,1,19,25,69,69273,Route Départementale 301,45.66781468,4.9175407,Plein jour,Hors agglomération,Hors intersection,Temps couvert,Autre collision,7,3,4,0,1,1,2,0,1,90,1,1,0,0,0,1,48.0,,voiture,,1,1,1,8,6
202300049515,2023-08-25 15:30:00,2023,8,25,15,30,69,69382,42 Quai Docteur Gailleton,45.75039505,4.83177885,Plein jour,En agglomération,Intersection en T,Normale,Deux véhicules - arrière,4,2,5,3,1,1,1,0,1,50,2,2,1,0,0,1,26.0,43.0,utilitaire_camion,voiture,1,2,3,1,2
202300049515,2023-08-25 15:30:00,2023,8,25,15,30,69,69382,42 Quai Docteur Gailleton,45.75039505,4.83177885,Plein jour,En agglomération,Intersection en T,Normale,Deux véhicules - arrière,4,1,1,2,1,1,1,0,1,30,2,2,1,0,0,1,26.0,43.0,utilitaire_camion,voiture,1,2,3,1,2
202300049516,2023-10-29 07:00:00,2023,10,29,7,0,75,75115,BOULEVARD DE GRENELLE,48.849399,2.296484,Nuit avec éclairage allumé,En agglomération,Hors intersection,Temps couvert,Autre collision,4,1,1,0,1,1,2,0,1,50,1,1,0,0,0,1,34.0,,deux_roues,,5,2,1,8,6
202300049517,2023-05-10 18:35:00,2023,5,10,18,35,974,97416,FLAMBOYANTS (CHEMIN) L 400,-21.28604376,55.50837055,Nuit avec éclairage allumé,En agglomération,Hors intersection,Normale,Deux véhicules - côté,3,2,2,0,1,1,1,0,1,50,2,2,1,0,1,0,34.0,62.0,deux_roues,voiture,5,2,1,1,3
202300049518,2023-10-29 18:15:00,2023,10,29,18,15,75,75113,RUE NATIONALE,48.829991,2.36467,Nuit avec éclairage allumé,En agglomération,Hors intersection,Normale,Autre collision,4,2,4,1,1,1,2,0,5,30,1,2,1,0,0,1,39.0,,deux_roues,,5,2,1,1,6
202300049519,2023-12-01 21:45:00,2023,12,1,21,45,973,97302,MONTABO (ROUTE DE) 1,4.93636,-52.29637,Nuit avec éclairage allumé,En agglomération,Hors intersection,Normale,Autre collision,3,2,2,2,1,1,1,9,1,50,1,3,2,1,0,0,21.0,,voiture,,5,2,1,1,6
202300049520,2023-04-02 07:40:00,2023,4,2,7,40,33,33090,AUTOROUTE A 63,44.77634,-0.6478,Plein jour,Hors agglomération,Hors intersection,Normale,Autre collision,1,3,4,0,1,1,1,0,1,110,1,2,1,0,0,1,22.0,,voiture,,1,1,1,1,6
202300049521,2023-05-09 08:15:00,2023,5,9,8,15,974,97416,RN3 (3),-21.29682,55.50851,Plein jour,Hors agglomération,Hors intersection,Normale,Deux véhicules - arrière,2,1,2,0,2,1,1,0,1,110,2,2,1,0,0,1,34.0,20.0,voiture,voiture,1,1,1,1,2
202300049522,2023-08-24 19:33:00,2023,8,24,19,33,2B,2B033,PAOLI DU NR 1 A 20 - BLD,42.69767,9.44921,Plein jour,En agglomération,Intersection en X,Normale,Deux véhicules - arrière,4,2,2,0,3,1,1,9,1,30,2,2,1,0,1,0,24.0,47.0,deux_roues,voiture,1,2,2,1,2
202300049522,2023-08-24 19:33:00,2023,8,24,19,33,2B,2B033,PAOLI DU NR 1 A 20 - BLD,42.69767,9.44921,Plein jour,En agglomération,Intersection en X,Normale,Deux véhicules - arrière,4,1,1,0,1,1,1,0,1,30,2,2,1,0,1,0,24.0,47.0,deux_roues,voiture,1,2,2,1,2
202300049523,2023-12-03 07:50:00,2023,12,3,7,50,972,97213,Z I LA LEZARDE,14.60787,-61.005,Plein jour,Hors agglomération,Hors intersection,Normale,Deux véhicules - frontale,9,2,2,0,1,3,1,9,1,30,2,2,1,0,0,1,26.0,52.0,voiture,voiture,1,1,1,1,1
202300049524,2023-10-29 02:09:00,2023,10,29,2,9,75,75110,PLACE DE LA BATAILLE DE STALINGRAD,48.883887,2.368628,Nuit avec éclairage allumé,En agglomération,Intersection en X,Temps couvert,Deux véhicules - côté,4,2,2,0,1,1,2,0,1,30,2,2,1,0,0,1,,31.0,deux_roues,deux_roues,5,2,2,8,3
202300049524,2023-10-29 02:09:00,2023,10,29,2,9,75,75110,PLACE DE LA BATAILLE DE STALINGRAD,48.883887,2.368628,Nuit avec éclairage allumé,En agglomération,Intersection en X,Temps couvert,Deux véhicules - côté,4,2,2,0,1,3,2,0,1,30,2,2,1,0,0,1,,31.0,deux_roues,deux_roues,5,2,2,8,3
202300049525,2023-05-10 18:35:00,2023,5,10,18,35,974,97411,LATTRE DE TASSIGNY (AVENUE MARECHAL DE),-20.88756936,55.47236323,Plein jour,En agglomération,Autre intersection,Normale,Autre collision,4,1,1,3,1,3,1,9,1,50,1,2,1,0,1,0,29.0,,transport_commun,,1,2,9,1,6
202300049526,2023-04-02 14:45:00,2023,4,2,14,45,91,91174,RN 104,48.61781,2.45674,Plein jour,Hors agglomération,Hors intersection,Normale,Deux véhicules - côté,2,3,3,0,2,1,1,0,1,90,2,4,2,0,0,2,19.0,59.0,voiture,voiture,1,1,1,1,3
202300049527,2023-08-25 12:12:00,2023,8,25,12,12,971,97101,BAZIN,16.26951172,-61.49876654,Plein jour,Hors agglomération,Autre intersection,Normale,Deux véhicules - frontale,4,-1,1,0,1,2,1,0,8,50,2,2,1,0,0,1,65.0,,voiture,voiture,1,1,9,1,1
202300049528,2023-04-02 11:45:00,2023,4,2,11,45,91,91521,RN 104,48.63357,2.40074,Plein jour,Hors agglomération,Hors intersection,Temps couvert,Sans collision,2,1,2,0,2,3,2,0,2,70,1,1,0,0,0,1,32.0,,voiture,,1,1,1,8,7
202300049529,2023-05-10 04:40:00,2023,5,10,4,40,974,97411,COLORADO (CHEMIN DU),-20.90148,55.42605,Nuit avec éclairage non allumé,Hors agglomération,Hors intersection,Normale,Sans collision,4,2,0,0,2,2,2,0,3,30,1,1,0,0,0,1,36.0,,voiture,,4,1,1,1,7
202300049530,2023-08-24 17:20:00,2023,8,24,17,20,971,97107,GALBAS (CHEMIN DES ),16.04822,-61.57051,Plein jour,En agglomération,Hors intersection,Normale,Deux véhicules - frontale,4,2,2,0,1,1,1,0,1,50,2,2,1,0,0,1,20.0,12.0,voiture,deux_roues,1,2,1,1,1
202300049531,2023-10-28 23:55:00,2023,10,28,23,55,94,94058,Boulevard d'Alsace-lorraine,48.85223759,2.51094662,Nuit avec éclairage allumé,En agglomération,Hors intersection,Pluie forte,Deux véhicules - côté,3,1,2,1,1,1,2,0,1,50,2,2,1,0,0,1,24.0,29.0,voiture,deux_roues,5,2,1,3,3
202300049532,2023-04-02 09:15:00,2023,4,2,9,15,92,92050,A14,48.89493716,2.22826373,Plein jour,Hors agglomération,Hors intersection,Normale,Autre collision,1,1,3,0,1,1,1,1,1,70,1,1,0,0,0,1,26.0,,voiture,,1,1,1,1,6
202300049533,2023-08-25 19:48:00,2023,8,25,19,48,2A,2A004,SARTENE ANCIENNE ROUTE,41.93,8.78,Crépuscule ou aube,En agglomération,Hors intersection,Normale,Autre collision,3,2,2,0,2,2,1,0,3,50,1,1,0,1,0,0,39.0,,deux_roues,,2,2,1,1,6
202300049534,2023-12-02 19:45:00,2023,12,2,19,45,972,97213,ROUTE DEPARTEMENTALE 14 BIS,14.61857,-61.03168,Nuit sans éclairage public,Hors agglomération,Giratoire,Normale,Deux véhicules - côté,1,1,1,3,1,1,1,2,1,30,2,7,5,0,0,1,42.0,,transport_commun,voiture,3,1,6,1,3
202300049534,2023-12-02 19:45:00,2023,12,2,19,45,972,97213,ROUTE DEPARTEMENTALE 14 BIS,14.61857,-61.03168,Nuit sans éclairage public,Hors agglomération,Giratoire,Normale,Deux véhicules - côté,1,4,1,3,1,3,1,3,1,30,2,7,5,0,0,1,42.0,,transport_commun,voiture,3,1,6,1,3
202300049535,2023-10-29 21:00:00,2023,10,29,21,0,94,94046,Avenue du Général Leclerc,48.813607,2.425997,Nuit avec éclairage allumé,En agglomération,Hors intersection,Normale,Autre collision,3,1,0,0,1,1,1,0,1,50,1,2,1,0,0,1,42.0,,voiture,,5,2,1,1,6
202300049536,2023-05-09 09:55:00,2023,5,9,9,55,974,97407,MASCAREIGNES(BOULEVARD),-20.93587,55.30918,Plein jour,Hors agglomération,Autre intersection,Normale,Deux véhicules - arrière,2,2,2,0,1,1,1,0,1,70,2,3,1,0,0,2,66.0,42.0,voiture,utilitaire_camion,1,1,9,1,2
202300049537,2023-12-03 02:35:00,2023,12,3,2,35,972,97213,ROCADE (RUE DE LA),14.61,-61.0,Nuit sans éclairage public,Hors agglomération,Hors intersection,Pluie légère,Autre collision,4,-1,2,-1,-1,-1,2,-1,-1,-1,1,1,0,0,0,1,32.0,,voiture,,3,1,1,2,6
202300049538,2023-04-02 18:30:00,2023,4,2,18,30,77,77018,A4,48.83764217,2.81467222,Plein jour,Hors agglomération,Hors intersection,Normale,Autre collision,1,3,3,0,1,1,1,0,1,130,1,4,0,0,0,4,72.0,,voiture,,1,1,1,1,6
202300049539,2023-08-25 18:20:00,2023,8,25,18,20,95,95268,D125E,48.97399,2.39908,Plein jour,En agglomération,Intersection en T,Normale,Deux véhicules - côté,3,-1,2,0,1,1,1,0,8,50,2,3,2,0,0,1,37.0,,utilitaire_camion,deux_roues,1,2,3,1,3
202300049539,2023-08-25 18:20:00,2023,8,25,18,20,95,95268,D125E,48.97399,2.39908,Plein jour,En agglomération,Intersection en T,Normale,Deux véhicules - côté,3,2,2,-1,1,1,1,0,1,-1,2,3,2,0,0,1,37.0,,utilitaire_camion,deux_roues,1,2,3,1,3
202300049540,2023-05-10 17:15:00,2023,5,10,17,15,973,97302,MADELEINE (ROUTE DE LA),4.9386968,-52.2999258,Plein jour,En agglomération,Hors intersection,Normale,Deux véhicules - frontale,3,2,2,0,1,1,1,0,1,50,2,2,1,0,1,0,28.0,17.0,voiture,deux_roues,1,2,1,1,1
202300049541,2023-10-29 10:00:00,2023,10,29,10,0,94,94028,Boulevard Jean-baptiste Oudry,48.76936,2.46106,Plein jour,En agglomération,Giratoire,Pluie légère,Deux véhicules - côté,4,2,2,0,1,1,2,0,1,50,2,2,1,0,0,1,58.0,49.0,voiture,voiture,1,2,6,2,3
202300049542,2023-04-01 22:05:00,2023,4,1,22,5,75,75112,A4,48.825146,2.463772,Nuit sans éclairage public,Hors agglomération,Hors intersection,Pluie légère,Deux véhicules - côté,1,-1,3,0,1,2,2,0,1,90,2,4,2,0,0,2,35.0,34.0,voiture,voiture,3,1,1,2,3
202300049543,2023-12-02 15:45:00,2023,12,2,15,45,972,97209,RD 41 (ROCADE),14.60903,-61.06703,Plein jour,En agglomération,Hors intersection,Normale,Trois véhicules et plus - collisions multiples,3,1,2,0,2,2,1,0,1,60,4,5,2,0,0,3,48.0,38.0,voiture,voiture,1,2,1,1,5
202300049544,2023-10-28 18:20:00,2023,10,28,18,20,94,94071,Rue Albert Dru,48.76325445,2.52318151,Plein jour,En agglomération,Intersection en X,Pluie légère,Autre collision,4,2,2,0,1,1,2,0,1,50,1,2,1,0,0,1,30.0,,utilitaire_camion,,1,2,2,2,6
202300049545,2023-03-30 01:53:00,2023,3,30,1,53,75,75119,BOULEVARD SERURIER,48.891876,2.395332,Nuit avec éclairage allumé,En agglomération,Hors intersection,Normale,Autre collision,4,1,2,0,1,4,1,1,1,50,1,1,0,1,0,0,28.0,,deux_roues,,5,2,1,1,6
202300049546,2023-08-25 23:30:00,2023,8,25,23,30,95,95563,D928,49.009211,2.255643,Nuit avec éclairage allumé,En agglomération,Intersection en X,Normale,Deux véhicules - frontale,3,2,2,0,1,1,1,0,1,50,2,4,2,0,0,2,22.0,19.0,voiture,deux_roues,5,2,2,1,1
202300049546,2023-08-25 23:30:00,2023,8,25,23,30,95,95563,D928,49.009211,2.255643,Nuit avec éclairage allumé,En agglomération,Intersection en X,Normale,Deux véhicules - frontale,3,1,2,0,1,1,1,0,8,50,2,4,2,0,0,2,22.0,19.0,voiture,deux_roues,5,2,2,1,1
202300049547,2023-05-10 14:40:00,2023,5,10,14,40,973,97302,RABAN (ROUTE DE),4.93189,-52.31179,Plein jour,En agglomération,Intersection en Y,Pluie légère,Deux véhicules - côté,3,2,2,0,1,1,2,0,1,50,2,2,1,0,1,0,41.0,45.0,voiture,deux_roues,1,2,4,2,3