accident_id,datetime,annee,mois,jour,heure,minute,departement,commune_insee,adresse,latitude,longitude,luminosite,agglomeration,intersection,meteo,collision,catr,circ,nbv,vosp,prof,plan,surf,infra,situ,vma,nb_vehicules,nb_usagers,nb_indemnes,nb_tues,nb_blesses_hosp,nb_blesses_legers,age_cond_1,age_cond_2,veh_type_cond_1,veh_type_cond_2,lum_code,agg_code,int_code,atm_code,col_code
202300049547,2023-05-10 14:40:00,2023,5,10,14,40,973,97302,RABAN (ROUTE DE),4.93189,-52.31179,Plein jour,En agglomération,Intersection en Y,Pluie légère,Deux véhicules - côté,3,2,2,0,1,1,2,0,1,50,2,2,1,0,1,0,41.0,45.0,voiture,deux_roues,1,2,4,2,3
202300049548,2023-04-01 16:11:00,2023,4,1,16,11,75,75105,,48.838474,2.350681,Plein jour,En agglomération,Intersection en Y,Normale,Sans collision,4,-1, -1,0,1,1,1,0,1,30,1,1,0,0,0,1,20.0,,deux_roues,,1,2,4,1,7
202300049548,2023-04-01 16:11:00,2023,4,1,16,11,75,75105,,48.838474,2.350681,Plein jour,En agglomération,Intersection en Y,Normale,Sans collision,4,2,2,0,2,1,1,5,1,30,1,1,0,0,0,1,20.0,,deux_roues,,1,2,4,1,7
202300049549,2023-12-02 16:16:00,2023,12,2,16,16,972,97209,CHATEAUBOEUF (ROUTE DE),14.61444,-61.05158,Plein jour,Hors agglomération,Intersection en X,Normale,Deux véhicules - côté,1,1,2,0,1,1,1,0,1,50,2,2,1,0,1,0,48.0,86.0,voiture,voiture,1,1,2,1,3
202300049549,2023-12-02 16:16:00,2023,12,2,16,16,972,97209,CHATEAUBOEUF (ROUTE DE),14.61444,-61.05158,Plein jour,Hors agglomération,Intersection en X,Normale,Deux véhicules - côté,1,-1,2,0,1,1,1,0,1,50,2,2,1,0,1,0,48.0,86.0,voiture,voiture,1,1,2,1,3
202300049550,2023-05-09 06:50:00,2023,5,9,6,50,973,97302,TIGRE (ROUTE DU),4.91132,-52.30813,Plein jour,En agglomération,Hors intersection,Pluie légère,Sans collision,3,2,2,0,1,4,2,0,1,50,1,2,0,0,0,2,39.0,,deux_roues,,1,2,1,2,7
202300049551,2023-10-29 21:10:00,2023,10,29,21,10,93,93050,Avenue de Verdun / Rue Paul Lafargue,48.86175,2.53641,Nuit avec éclairage allumé,En agglomération,Intersection en T,Normale,Deux véhicules - côté,4,2,2,0,1,1,1,0,1,-1,2,2,1,0,0,1,54.0,40.0,deux_roues,voiture,5,2,3,1,3
202300049551,2023-10-29 21:10:00,2023,10,29,21,10,93,93050,Avenue de Verdun / Rue Paul Lafargue,48.86175,2.53641,Nuit avec éclairage allumé,En agglomération,Intersection en T,Normale,Deux véhicules - côté,4,2,2,0,1,1,1,0,1,50,2,2,1,0,0,1,54.0,40.0,deux_roues,voiture,5,2,3,1,3
202300049552,2023-08-24 23:20:00,2023,8,24,23,20,95,95219,D909,48.98105,2.27029,Nuit avec éclairage allumé,En agglomération,Intersection en T,Normale,Autre collision,3,2,2,-1,1,1,1,0,1,-1,1,3,1,0,2,0,30.0,,voiture,,5,2,3,1,6
202300049552,2023-08-24 23:20:00,2023,8,24,23,20,95,95219,D909,48.98105,2.27029,Nuit avec éclairage allumé,En agglomération,Intersection en T,Normale,Autre collision,3,1,1,0,1,2,1,0,1,50,1,3,1,0,2,0,30.0,,voiture,,5,2,3,1,6
202300049553,2023-03-30 13:18:00,2023,3,30,13,18,75,75119,AVENUE CORENTIN CARIOU,48.896943,2.385009,Plein jour,En agglomération,Hors intersection,Normale,Sans collision,4,1,1,1,1,1,1,0,5,30,1,1,0,0,0,1,61.0,,deux_roues,,1,2,1,1,7
202300049554,2023-12-01 16:25:00,2023,12,1,16,25,69,69384,Cours d'Herbouville,45.77934,4.84131,Crépuscule ou aube,En agglomération,Intersection en X,Pluie forte,Deux véhicules - frontale,4,2,3,0,1,1,2,0,1,50,2,2,1,0,1,0,19.0,26.0,voiture,deux_roues,2,2,2,3,1
202300049554,2023-12-01 16:25:00,2023,12,1,16,25,69,69384,Cours d'Herbouville,45.77934,4.84131,Crépuscule ou aube,En agglomération,Intersection en X,Pluie forte,Deux véhicules - frontale,4,2,6,0,4,1,2,0,1,50,2,2,1,0,1,0,19.0,26.0,voiture,deux_roues,2,2,2,3,1
202300049554,2023-12-01 16:25:00,2023,12,1,16,25,69,69384,Cours d'Herbouville,45.77934,4.84131,Crépuscule ou aube,En agglomération,Intersection en X,Pluie forte,Deux véhicules - frontale,4,3,4,3,1,1,2,0,1,50,2,2,1,0,1,0,19.0,26.0,voiture,deux_roues,2,2,2,3,1
202300049555,2023-05-08 06:00:00,2023,5,8,6,0,973,97302,BADUEL (ROUTE DE),4.93448336,-52.31137562,Crépuscule ou aube,En agglomération,Hors intersection,Normale,Deux véhicules - arrière,3,2,2,0,1,1,1,0,1,50,2,2,1,0,0,1,34.0,48.0,voiture,deux_roues,2,2,1,1,2
202300049556,2023-04-01 17:25:00,2023,4,1,17,25,75,75116,AVENUE RAYMOND POINCARE,48.863394,2.286967,Plein jour,En agglomération,Intersection en T,Temps couvert,Autre collision,4,2,2,0,1,1,1,0,1,30,1,2,1,0,0,1,54.0,,voiture,,1,2,3,8,6
202300049556,2023-04-01 17:25:00,2023,4,1,17,25,75,75116,AVENUE RAYMOND POINCARE,48.863394,2.286967,Plein jour,En agglomération,Intersection en T,Temps couvert,Autre collision,4,2,2,0,1,1,1,0,1,30,1,2,1,0,0,1,54.0,,voiture,,1,2,3,8,6
202300049557,2023-08-26 11:25:00,2023,8,26,11,25,91,91549,MARE AU CHANVRE (RUE DE LA),48.62651,2.34179,Plein jour,En agglomération,Giratoire,Temps couvert,Deux véhicules - côté,4,1,2,0,1,2,1,0,1,50,2,2,1,0,0,1,27.0,47.0,voiture,deux_roues,1,2,6,8,3
202300049557,2023-08-26 11:25:00,2023,8,26,11,25,91,91549,MARE AU CHANVRE (RUE DE LA),48.62651,2.34179,Plein jour,En agglomération,Giratoire,Temps couvert,Deux véhicules - côté,4,1,2,0,2,1,1,0,1,50,2,2,1,0,0,1,27.0,47.0,voiture,deux_roues,1,2,6,8,3
202300049558,2023-12-02 21:20:00,2023,12,2,21,20,971,97101,RN1 ROCADE DE CHAUVEL,16.24572,-61.525,Nuit avec éclairage allumé,Hors agglomération,Hors intersection,Normale,Deux véhicules - arrière,2,1,4,0,1,3,1,0,2,90,2,2,1,0,0,1,38.0,21.0,voiture,voiture,5,1,1,1,2
202300049559,2023-03-31 13:30:00,2023,3,31,13,30,75,75116,ROUTE DE LA PTE DES SABLONS A LA PTE MAI,48.8767,2.273418,Plein jour,En agglomération,Hors intersection,Normale,Deux véhicules - côté,4,2,2,0,1,1,1,0,1,30,2,2,1,0,0,1,48.0,43.0,deux_roues,voiture,1,2,1,1,3
202300049560,2023-08-24 10:09:00,2023,8,24,10,9,87,87085,SABLARD (AVENUE DE),45.82818,1.28213,Plein jour,En agglomération,Hors intersection,Normale,Deux véhicules - arrière,4,2,2,0,1,1,1,0,1,50,2,2,1,0,0,1,55.0,52.0,voiture,transport_commun,1,2,1,1,2
202300049561,2023-12-01 18:30:00,2023,12,1,18,30,971,97113,RN4 - SECTION RIVIERA,16.21757288,-61.49482369,Nuit avec éclairage allumé,Hors agglomération,Hors intersection,Normale,Deux véhicules - côté,2,2,2,0,1,1,1,0,1,50,2,2,1,0,0,1,36.0,27.0,voiture,voiture,5,1,1,1,3
202300049562,2023-05-09 08:05:00,2023,5,9,8,5,972,97213,ROUTE DEPARTEMENTALE 14,14.62311,-61.01881,Plein jour,En agglomération,Intersection en T,Normale,Deux véhicules - côté,3,2,2,0,2,1,1,0,1,50,2,4,2,0,0,2,34.0,50.0,voiture,utilitaire_camion,1,2,3,1,3
202300049562,2023-05-09 08:05:00,2023,5,9,8,5,972,97213,ROUTE DEPARTEMENTALE 14,14.62311,-61.01881,Plein jour,En agglomération,Intersection en T,Normale,Deux véhicules - côté,3,2,2,0,1,1,1,0,1,50,2,4,2,0,0,2,34.0,50.0,voiture,utilitaire_camion,1,2,3,1,3
202300049563,2023-08-24 16:40:00,2023,8,24,16,40,87,87085,GORDINI ( RUE AMEDEE),45.8922,1.27878,Plein jour,Hors agglomération,Hors intersection,Normale,Sans collision,4,1,1,0,1,1,1,0,1,-1,1,2,1,0,0,1,70.0,,deux_roues,,1,1,1,1,7
202300049564,2023-03-31 19:00:00,2023,3,31,19,0,75,75115,BOULEVARD LEFEBVRE,48.831016,2.29234,Plein jour,En agglomération,Intersection en X,Normale,Deux véhicules - arrière,4,1,0,0,2,1,1,0,1,30,2,2,1,0,0,1,48.0,44.0,voiture,deux_roues,1,2,2,1,2
202300049564,2023-03-31 19:00:00,2023,3,31,19,0,75,75115,BOULEVARD LEFEBVRE,48.831016,2.29234,Plein jour,En agglomération,Intersection en X,Normale,Deux véhicules - arrière,4,1, -1,-1,1,1,1,0,1,-1,2,2,1,0,0,1,48.0,44.0,voiture,deux_roues,1,2,2,1,2
202300049565,2023-08-27 02:10:00,2023,8,27,2,10,86,86158,Rue des Cosses,46.62819,0.33656,Nuit sans éclairage public,En agglomération,Hors intersection,Normale,Autre collision,4,2,2,0,1,1,1,0,1,50,1,1,0,0,0,1,26.0,,voiture,,3,2,1,1,6
202300049566,2023-12-03 20:45:00,2023,12,3,20,45,2A,2A004,NAPOLEON COURS AVANT BEVERINI,41.931,8.74,Nuit avec éclairage allumé,En agglomération,Hors intersection,Normale,Deux véhicules - côté,2,1,2,0,1,1,1,0,2,50,2,2,1,0,0,1,43.0,26.0,voiture,deux_roues,5,2,1,1,3
202300049567,2023-04-01 15:50:00,2023,4,1,15,50,75,75113,BOULEVARD VINCENT AURIOL,48.83381,2.36516,Plein jour,En agglomération,Intersection en T,Normale,Deux véhicules - côté,4,1,3,1,2,1,1,5,1,30,2,2,1,0,0,1,39.0,40.0,voiture,deux_roues,1,2,3,1,3
202300049567,2023-04-01 15:50:00,2023,4,1,15,50,75,75113,BOULEVARD VINCENT AURIOL,48.83381,2.36516,Plein jour,En agglomération,Intersection en T,Normale,Deux véhicules - côté,4,1,1,0,1,1,1,5,1,30,2,2,1,0,0,1,39.0,40.0,voiture,deux_roues,1,2,3,1,3
202300049568,2023-05-10 07:25:00,2023,5,10,7,25,972,97209,AVE CAMILLE DARSIERES,14.59583,-61.05884,Plein jour,En agglomération,Hors intersection,Normale,Deux véhicules - côté,2,1,2,0,1,1,1,0,1,50,2,2,0,0,0,2,61.0,24.0,deux_roues,voiture,1,2,1,1,3
202300049569,2023-08-25 18:30:00,2023,8,25,18,30,86,86066,Rue de la Croix de Piétard,46.81987,0.51857,Plein jour,En agglomération,Hors intersection,Normale,Autre collision,4,1,1,0,2,1,1,0,4,50,1,1,0,0,1,0,48.0,,voiture,,1,2,1,1,6
202300049570,2023-05-09 00:23:00,2023,5,9,0,23,972,97209,RAVINE VILAINE (CHEMIN DEPARTEMENTAL DE),14.63333,-61.05957,Nuit avec éclairage allumé,En agglomération,Hors intersection,Normale,Autre collision,4,2,2,0,2,1,1,0,1,50,1,1,0,0,0,1,26.0,,voiture,,5,2,1,1,6
202300049571,2023-12-02 18:20:00,2023,12,2,18,20,91,91027,AV BOURBONNAIS,48.70637,2.39531,Nuit avec éclairage allumé,En agglomération,Giratoire,Normale,Autre collision,3,2,2,0,4,1,1,2,1,50,1,2,1,0,0,1,28.0,,voiture,,5,2,6,1,6
202300049571,2023-12-02 18:20:00,2023,12,2,18,20,91,91027,AV BOURBONNAIS,48.70637,2.39531,Nuit avec éclairage allumé,En agglomération,Giratoire,Normale,Autre collision,3,1,1,0,1,2,1,0,1,50,1,2,1,0,0,1,28.0,,voiture,,5,2,6,1,6
202300049572,2023-08-25 16:45:00,2023,8,25,16,45,85,85191,RD 948,46.692661,-1.472582,Plein jour,Hors agglomération,Autre intersection,Normale,Autre collision,3,3,4,0,1,1,1,0,3,110,1,2,0,0,0,2,58.0,,voiture,,1,1,9,1,6
202300049573,2023-04-01 01:20:00,2023,4,1,1,20,75,75113,QUAI D AUSTERLITZ,48.84066753,2.36962974,Nuit avec éclairage allumé,En agglomération,Hors intersection,Pluie légère,Autre collision,4,2,4,3,1,1,2,0,1,30,2,3,1,0,0,2,28.0,26.0,utilitaire_camion,voiture,5,2,1,2,6
202300049574,2023-04-01 18:30:00,2023,4,1,18,30,75,75110,Rue de l'Echiquier,48.870967,2.353201,Plein jour,En agglomération,Intersection en X,Pluie légère,Autre collision,4,1,1,0,1,1,2,0,1,30,1,2,1,0,0,1,34.0,,utilitaire_camion,,1,2,2,2,6
202300049574,2023-04-01 18:30:00,2023,4,1,18,30,75,75110,Rue de l'Echiquier,48.870967,2.353201,Plein jour,En agglomération,Intersection en X,Pluie légère,Autre collision,4,-1,1,0,1,1,2,0,1,30,1,2,1,0,0,1,34.0,,utilitaire_camion,,1,2,2,2,6
202300049575,2023-12-02 15:56:00,2023,12,2,15,56,91,91223,RD 191,48.44072,2.14345,Plein jour,En agglomération,Hors intersection,Normale,Deux véhicules - côté,3,2,2,0,1,1,1,9,1,50,2,5,0,0,0,5,43.0,46.0,voiture,voiture,1,2,1,1,3
202300049576,2023-08-25 22:30:00,2023,8,25,22,30,83,83129,DE GAULLE (PROMENADE CHARLES),43.11442606,5.80978203,Nuit avec éclairage allumé,En agglomération,Intersection en T,Normale,Deux véhicules - côté,3,1,2,0,1,1,1,0,1,50,2,3,1,0,0,2,54.0,54.0,voiture,deux_roues,5,2,3,1,3
202300049576,2023-08-25 22:30:00,2023,8,25,22,30,83,83129,DE GAULLE (PROMENADE CHARLES),43.11442606,5.80978203,Nuit avec éclairage allumé,En agglomération,Intersection en T,Normale,Deux véhicules - côté,3,2, -1,-1,1,1,1,0,1,-1,2,3,1,0,0,2,54.0,54.0,voiture,deux_roues,5,2,3,1,3
202300049577,2023-05-10 13:25:00,2023,5,10,13,25,69,69389,Rue Maurice Béjart,45.78838,4.79326,Plein jour,En agglomération,Intersection en X,Normale,Deux véhicules - frontale,4,2,2,0,1,1,1,0,1,30,2,6,1,0,0,5,42.0,20.0,voiture,voiture,1,2,2,1,1
202300049577,2023-05-10 13:25:00,2023,5,10,13,25,69,69389,Rue Maurice Béjart,45.78838,4.79326,Plein jour,En agglomération,Intersection en X,Normale,Deux véhicules - frontale,4,2,2,0,1,1,1,0,1,30,2,6,1,0,0,5,42.0,20.0,voiture,voiture,1,2,2,1,1
202300049577,2023-05-10 13:25:00,2023,5,10,13,25,69,69389,Rue Maurice Béjart,45.78838,4.79326,Plein jour,En agglomération,Intersection en X,Normale,Deux véhicules - frontale,4,2,2,1,1,1,1,0,1,30,2,6,1,0,0,5,42.0,20.0,voiture,voiture,1,2,2,1,1
202300049578,2023-08-26 19:20:00,2023,8,26,19,20,83,83050,JOFFRE(BOULEVARD DU MARECHAL),43.53732,6.4613,Plein jour,En agglomération,Hors intersection,Normale,Autre collision,3,2,2,0,1,1,1,0,1,50,1,2,1,0,1,0,59.0,,voiture,,1,2,1,1,6
202300049579,2023-04-01 17:30:00,2023,4,1,17,30,75,75110,BOULEVARD DE MAGENTA,48.881417,2.351445,Plein jour,En agglomération,Intersection en T,Temps couvert,Deux véhicules - côté,4,2,6,1,1,1,2,0,1,30,2,2,1,0,0,1,43.0,24.0,voiture,deux_roues,1,2,3,8,3
202300049579,2023-04-01 17:30:00,2023,4,1,17,30,75,75110,BOULEVARD DE MAGENTA,48.881417,2.351445,Plein jour,En agglomération,Intersection en T,Temps couvert,Deux véhicules - côté,4,2,1,1,1,1,2,0,1,30,2,2,1,0,0,1,43.0,24.0,voiture,deux_roues,1,2,3,8,3
202300049580,2023-05-09 12:05:00,2023,5,9,12,5,69,69384,56 Quai Joseph Gillet,45.78079,4.81206,Plein jour,En agglomération,Hors intersection,Normale,Autre collision,4,2,2,2,1,1,1,0,5,50,1,2,1,0,0,1,19.0,,deux_roues,,1,2,1,1,6
202300049581,2023-08-25 14:10:00,2023,8,25,14,10,80,80001,CANOTIERS (des),50.095626,1.831512,Plein jour,En agglomération,Hors intersection,Normale,Autre collision,4,2,1,0,1,1,1,0,1,30,1,2,1,0,1,0,58.0,,voiture,,1,2,1,1,6
202300049582,2023-12-03 17:30:00,2023,12,3,17,30,78,78401,AULNES (AVENUE DES),49.010296,1.903816,Nuit avec éclairage allumé,En agglomération,Intersection en X,Normale,Deux véhicules - côté,3,-1,1,0,1,1,1,0,1,50,2,5,3,0,0,2,51.0,26.0,voiture,voiture,5,2,2,1,3
202300049582,2023-12-03 17:30:00,2023,12,3,17,30,78,78401,AULNES (AVENUE DES),49.010296,1.903816,Nuit avec éclairage allumé,En agglomération,Intersection en X,Normale,Deux véhicules - côté,3,2,2,0,1,1,1,0,1,50,2,5,3,0,0,2,51.0,26.0,voiture,voiture,5,2,2,1,3
202300049583,2023-04-01 13:30:00,2023,4,1,13,30,75,75110,BOULEVARD DE MAGENTA,48.875665,2.356616,Plein jour,En agglomération,Intersection en T,Normale,Deux véhicules - côté,4,2,6,3,1,1,1,0,5,30,2,2,1,0,0,1,22.0,24.0,deux_roues,utilitaire_camion,1,2,3,1,3
202300049583,2023-04-01 13:30:00,2023,4,1,13,30,75,75110,BOULEVARD DE MAGENTA,48.875665,2.356616,Plein jour,En agglomération,Intersection en T,Normale,Deux véhicules - côté,4,2,2,2,1,1,1,0,5,30,2,2,1,0,0,1,22.0,24.0,deux_roues,utilitaire_camion,1,2,3,1,3
202300049584,2023-04-01 15:10:00,2023,4,1,15,10,75,75108,RUE DE ROME,48.876294,2.323546,Plein jour,En agglomération,Autre intersection,Normale,Deux véhicules - côté,4,1,4,0,2,1,1,0,1,30,2,2,1,0,0,1,54.0,48.0,deux_roues,voiture,1,2,9,1,3
202300049585,2023-05-09 10:30:00,2023,5,9,10,30,69,69389,32 Rue de Bourgogne,45.77746,4.80348,Plein jour,En agglomération,Intersection en T,Normale,Deux véhicules - côté,4,2,2,0,1,1,1,0,1,30,2,2,1,0,0,1,61.0,76.0,deux_roues,voiture,1,2,3,1,3
202300049585,2023-05-09 10:30:00,2023,5,9,10,30,69,69389,32 Rue de Bourgogne,45.77746,4.80348,Plein jour,En agglomération,Intersection en T,Normale,Deux véhicules - côté,4,2,3,0,1,1,1,0,1,30,2,2,1,0,0,1,61.0,76.0,deux_roues,voiture,1,2,3,1,3
202300049586,2023-12-03 16:15:00,2023,12,3,16,15,72,72181,CHURCHILL WINSTON (BD) N° PAIRS DE 2 A 8,47.99188,0.22556,Plein jour,En agglomération,Hors intersection,Normale,Sans collision,6,-1, -1,0,1,1,1,9,1,30,1,1,0,0,0,1,20.0,,deux_roues,,1,2,1,1,7
202300049587,2023-08-26 07:00:00,2023,8,26,7,0,77,77447,MELUN (RUE DE),48.55707792,2.55747117,Crépuscule ou aube,En agglomération,Hors intersection,Normale,Autre collision,4,2,2,0,1,3,1,0,4,50,1,1,0,0,1,0,21.0,,deux_roues,,2,2,1,1,6
202300049588,2023-04-01 16:40:00,2023,4,1,16,40,75,75103,RUE AUX OURS,48.86339956,2.35096157,Plein jour,En agglomération,Intersection en X,Normale,Autre collision,4,1,4,0,1,1,1,0,1,30,1,2,1,0,0,1,38.0,,voiture,,1,2,2,1,6
202300049588,2023-04-01 16:40:00,2023,4,1,16,40,75,75103,RUE AUX OURS,48.86339956,2.35096157,Plein jour,En agglomération,Intersection en X,Normale,Autre collision,4,2,3,0,1,1,1,0,1,30,1,2,1,0,0,1,38.0,,voiture,,1,2,2,1,6
202300049589,2023-12-03 05:00:00,2023,12,3,5,0,65,65100,Rue Rene Cassin,43.2623,0.05831,Nuit avec éclairage allumé,En agglomération,Hors intersection,Normale,Autre collision,3,2,2,0,1,1,1,0,1,50,1,2,1,0,0,1,54.0,,voiture,,5,2,1,1,6
202300049590,2023-08-26 06:30:00,2023,8,26,6,30,77,77438,D934,48.866919,2.674946,Crépuscule ou aube,En agglomération,Hors intersection,Normale,Deux véhicules - arrière,3,1,2,0,1,1,1,0,1,90,2,3,0,0,0,2,59.0,,voiture,voiture,2,2,1,1,2
202300049591,2023-04-01 12:50:00,2023,4,1,12,50,75,75104,VOIE GEORGES POMPIDOU,48.85668,2.34836,Plein jour,En agglomération,Hors intersection,Normale,Deux véhicules - frontale,4,2,1,0,1,1,1,6,1,30,2,2,1,0,0,1,66.0,38.0,deux_roues,deux_roues,1,2,1,1,1
202300049592,2023-12-02 17:55:00,2023,12,2,17,55,64,64260,CORNICHE (ROUTE DE LA),43.37759,-1.73774,Nuit sans éclairage public,En agglomération,Hors intersection,Normale,Deux véhicules - frontale,3,2,2,0,2,3,2,0,1,50,2,3,0,0,0,3,20.0,25.0,voiture,voiture,3,2,1,1,1
202300049593,2023-05-08 16:30:00,2023,5,8,16,30,69,69034,Avenue Barthélémy Thimonnier,45.80607188,4.8725559,Plein jour,En agglomération,Intersection en X,Normale,Deux véhicules - côté,4,2,2,0,1,1,1,0,1,50,2,5,4,0,0,1,21.0,58.0,voiture,voiture,1,2,2,1,3
202300049593,2023-05-08 16:30:00,2023,5,8,16,30,69,69034,Avenue Barthélémy Thimonnier,45.80607188,4.8725559,Plein jour,En agglomération,Intersection en X,Normale,Deux véhicules - côté,4,2,2,0,1,1,1,0,1,50,2,5,4,0,0,1,21.0,58.0,voiture,voiture,1,2,2,1,3
202300049594,2023-08-20 19:17:00,2023,8,20,19,17,77,77111,AV RENE GOSCINNY,48.8707,2.78337,Plein jour,En agglomération,Hors intersection,Normale,Autre collision,4,3,4,0,1,1,1,0,3,50,1,1,0,0,1,0,20.0,,deux_roues,,1,2,1,1,6
202300049595,2023-04-01 14:52:00,2023,4,1,14,52,94,94042,Rue de Paris,48.8181,2.46637,Plein jour,En agglomération,Hors intersection,Normale,Deux véhicules - arrière,4,1,2,0,1,1,1,0,1,50,2,2,1,0,0,1,44.0,38.0,voiture,deux_roues,1,2,1,1,2
202300049596,2023-12-03 11:30:00,2023,12,3,11,30,63,63113,Tram Mitterrand/Rabanesse,45.77065615,3.08674514,Plein jour,En agglomération,Intersection en X,Normale,Deux véhicules - côté,4,2,2,3,1,1,1,4,6,50,2,2,1,0,0,1,37.0,32.0,transport_commun,deux_roues,1,2,2,1,3
202300049596,2023-12-03 11:30:00,2023,12,3,11,30,63,63113,Tram Mitterrand/Rabanesse,45.77065615,3.08674514,Plein jour,En agglomération,Intersection en X,Normale,Deux véhicules - côté,4,1,1,-1,1,1,1,0,1,30,2,2,1,0,0,1,37.0,32.0,transport_commun,deux_roues,1,2,2,1,3
202300049597,2023-04-01 15:00:00,2023,4,1,15,0,94,94041,Avenue Georges Gosnat,48.8123,2.38628,Plein jour,En agglomération,Intersection en X,Normale,Deux véhicules - arrière,3,3,5,2,1,1,1,0,5,50,2,2,1,0,0,1,23.0,36.0,deux_roues,autre,1,2,2,1,2
202300049597,2023-04-01 15:00:00,2023,4,1,15,0,94,94041,Avenue Georges Gosnat,48.8123,2.38628,Plein jour,En agglomération,Intersection en X,Normale,Deux véhicules - arrière,3,1,1,0,1,1,1,5,1,-1,2,2,1,0,0,1,23.0,36.0,deux_roues,autre,1,2,2,1,2
202300049598,2023-05-08 14:45:00,2023,5,8,14,45,69,69382,Rue de Condé,45.75101,4.83059,Plein jour,En agglomération,Intersection en X,Normale,Deux véhicules - côté,4,1,1,2,1,1,1,8,1,30,2,2,1,0,0,1,23.0,77.0,deux_roues,voiture,1,2,2,1,3
202300049598,2023-05-08 14:45:00,2023,5,8,14,45,69,69382,Rue de Condé,45.75101,4.83059,Plein jour,En agglomération,Intersection en X,Normale,Deux véhicules - côté,4,1,1,2,1,1,1,0,1,30,2,2,1,0,0,1,23.0,77.0,deux_roues,voiture,1,2,2,1,3
202300049599,2023-08-25 08:40:00,2023,8,25,8,40,77,77186,CONSTANCE (BOULEVARD DE ),48.39817,2.69071,Plein jour,En agglomération,Intersection en T,Normale,Deux véhicules - côté,3,2,4,0,1,1,1,5,1,50,2,2,1,0,0,1,21.0,63.0,utilitaire_camion,deux_roues,1,2,3,1,3
202300049599,2023-08-25 08:40:00,2023,8,25,8,40,77,77186,CONSTANCE (BOULEVARD DE ),48.39817,2.69071,Plein jour,En agglomération,Intersection en T,Normale,Deux véhicules - côté,3,3,4,0,1,1,1,0,1,50,2,2,1,0,0,1,21.0,63.0,utilitaire_camion,deux_roues,1,2,3,1,3
202300049600,2023-12-03 07:40:00,2023,12,3,7,40,63,63113,QUINET (BD EDGAR),45.80402853,3.11937958,Plein jour,En agglomération,Giratoire,Normale,Autre collision,7,2,2,0,1,1,1,0,8,50,1,2,0,0,1,1,22.0,,voiture,,1,2,6,1,6
202300049600,2023-12-03 07:40:00,2023,12,3,7,40,63,63113,QUINET (BD EDGAR),45.80402853,3.11937958,Plein jour,En agglomération,Giratoire,Normale,Autre collision,7,3,4,0,1,1,1,0,8,50,1,2,0,0,1,1,22.0,,voiture,,1,2,6,1,6
202300049601,2023-04-01 17:30:00,2023,4,1,17,30,94,94073,Rue du Bas Marin,48.75565,2.38542,Plein jour,Hors agglomération,Autre intersection,Pluie légère,Deux véhicules - côté,3,2,4,0,1,1,2,2,1,50,2,2,1,0,0,1,43.0,22.0,deux_roues,voiture,1,1,9,2,3
202300049601,2023-04-01 17:30:00,2023,4,1,17,30,94,94073,Rue du Bas Marin,48.75565,2.38542,Plein jour,Hors agglomération,Autre intersection,Pluie légère,Deux véhicules - côté,3,1,1,-1,2,3,2,3,1,-1,2,2,1,0,0,1,43.0,22.0,deux_roues,voiture,1,1,9,2,3
202300049602,2023-08-25 15:45:00,2023,8,25,15,45,76,76599,route de Lyons la Forêt,49.43189,1.15846,Plein jour,En agglomération,Hors intersection,Normale,Autre collision,7,2,2,0,1,1,1,0,4,50,1,2,1,0,1,0,,,deux_roues,,1,2,1,1,6
202300049603,2023-04-01 07:40:00,2023,4,1,7,40,94,94021,Avenue du 8 Mai 1945,48.76516,2.35638,Plein jour,En agglomération,Hors intersection,Normale,Autre collision,3,2,2,0,1,1,1,0,1,50,1,1,0,0,0,1,51.0,,voiture,,1,2,1,1,6
202300049604,2023-05-10 20:15:00,2023,5,10,20,15,2B,2B033,ROUTE ROYALE,42.67,9.42,Crépuscule ou aube,En agglomération,Hors intersection,Normale,Deux véhicules - arrière,4,2,2,0,2,1,1,0,1,50,2,2,1,0,0,1,18.0,66.0,deux_roues,voiture,2,2,1,1,2
202300049605,2023-12-03 19:05:00,2023,12,3,19,5,61,61006,D958,48.725568,-0.014476,Nuit avec éclairage allumé,En agglomération,Giratoire,Pluie légère,Deux véhicules - côté,3,2, -1,1,1,1,2,0,1,50,2,2,1,0,1,0,37.0,57.0,deux_roues,voiture,5,2,6,2,3
202300049605,2023-12-03 19:05:00,2023,12,3,19,5,61,61006,D958,48.725568,-0.014476,Nuit avec éclairage allumé,En agglomération,Giratoire,Pluie légère,Deux véhicules - côté,3,2,2,1,1,1,2,0,1,50,2,2,1,0,1,0,37.0,57.0,deux_roues,voiture,5,2,6,2,3
202300049606,2023-08-25 15:40:00,2023,8,25,15,40,76,76481,GOLF (CHEMIN DU),49.56853,0.13463,Plein jour,Hors agglomération,Hors intersection,Normale,Deux véhicules - frontale,4,2,1,0,1,1,1,0,1,50,2,3,1,0,0,2,40.0,32.0,voiture,voiture,1,1,1,1,1
202300049607,2023-04-01 19:40:00,2023,4,1,19,40,93,93066,Cours du Ru de Montfort / Avenue Leroy des Barres,48.92848,2.36892,Plein jour,En agglomération,Intersection en X,Pluie légère,Deux véhicules - côté,4,2,2,0,1,1,2,0,1,50,2,2,1,0,0,1,66.0,33.0,utilitaire_camion,deux_roues,1,2,2,2,3
202300049607,2023-04-01 19:40:00,2023,4,1,19,40,93,93066,Cours du Ru de Montfort / Avenue Leroy des Barres,48.92848,2.36892,Plein jour,En agglomération,Intersection en X,Pluie légère,Deux véhicules - côté,4,2,2,0,1,1,2,0,1,50,2,2,1,0,0,1,66.0,33.0,utilitaire_camion,deux_roues,1,2,2,2,3
202300049608,2023-08-24 14:05:00,2023,8,24,14,5,76,76351,PABLO PICASSO (AVENUE) ,49.5042,0.16415,Plein jour,En agglomération,Hors intersection,Normale,Sans collision,4,2,4,1,2,1,1,0,1,50,1,1,0,0,0,1,48.0,,deux_roues,,1,2,1,1,7