accident_id,datetime,annee,mois,jour,heure,minute,departement,commune_insee,adresse,latitude,longitude,luminosite,agglomeration,intersection,meteo,collision,catr,circ,nbv,vosp,prof,plan,surf,infra,situ,vma,nb_vehicules,nb_usagers,nb_indemnes,nb_tues,nb_blesses_hosp,nb_blesses_legers,age_cond_1,age_cond_2,veh_type_cond_1,veh_type_cond_2,lum_code,agg_code,int_code,atm_code,col_code
202300049609,2023-12-03 19:45:00,2023,12,3,19,45,59,59183,RD 601,51.02211,2.33748,Nuit avec éclairage allumé,En agglomération,Hors intersection,Normale,Autre collision,3,3,3,0,1,1,1,0,1,50,1,2,1,0,0,1,31.0,,voiture,,5,2,1,1,6
202300049610,2023-05-09 07:50:00,2023,5,9,7,50,971,97101,PAGES,16.2487,-61.50815,Plein jour,En agglomération,Hors intersection,Normale,Deux véhicules - frontale,4,2,2,0,2,1,1,0,1,50,2,2,1,0,0,1,40.0,46.0,deux_roues,voiture,1,2,1,1,1
202300049611,2023-04-01 17:45:00,2023,4,1,17,45,93,93064,Rue de la Côte des Chênes / Rue du Pré Gentil,48.87190742,2.49313288,Plein jour,En agglomération,Intersection en T,Pluie légère,Deux véhicules - frontale,4,1,1,0,2,1,2,0,1,50,2,2,1,0,0,1,13.0,68.0,deux_roues,voiture,1,2,3,2,1
202300049611,2023-04-01 17:45:00,2023,4,1,17,45,93,93064,Rue de la Côte des Chênes / Rue du Pré Gentil,48.87190742,2.49313288,Plein jour,En agglomération,Intersection en T,Pluie légère,Deux véhicules - frontale,4,1,1,0,2,2,2,0,1,50,2,2,1,0,0,1,13.0,68.0,deux_roues,voiture,1,2,3,2,1
202300049612,2023-08-26 10:55:00,2023,8,26,10,55,73,73065,DUCS DE SAVOIE (AVENUE DES),45.56820003,5.92214182,Plein jour,En agglomération,Hors intersection,Pluie légère,Autre collision,4,3,4,2,1,1,2,0,1,50,1,2,1,0,1,0,25.0,,voiture,,1,2,1,2,6
202300049613,2023-12-02 22:20:00,2023,12,2,22,20,56,56260,GAMBETTA(PLACE),47.65373,-2.75894,Nuit avec éclairage allumé,En agglomération,Hors intersection,Pluie forte,Autre collision,4,2,2,0,1,1,2,0,1,30,1,2,1,0,1,0,28.0,,voiture,,5,2,1,3,6
202300049614,2023-04-01 16:45:00,2023,4,1,16,45,93,93064,Rue du 4e Zouave / Boulevard de la Boissière,48.87117976,2.47098422,Plein jour,En agglomération,Intersection en X,Pluie légère,Autre collision,3,2,2,0,1,1,2,0,1,50,1,2,1,0,0,1,59.0,,voiture,,1,2,2,2,6
202300049614,2023-04-01 16:45:00,2023,4,1,16,45,93,93064,Rue du 4e Zouave / Boulevard de la Boissière,48.87117976,2.47098422,Plein jour,En agglomération,Intersection en X,Pluie légère,Autre collision,3,2,3,0,2,1,2,0,1,50,1,2,1,0,0,1,59.0,,voiture,,1,2,2,2,6
202300049615,2023-05-08 11:20:00,2023,5,8,11,20,971,97101,CARAQUE,16.26116919,-61.49771512,Plein jour,Hors agglomération,Autre intersection,Normale,Deux véhicules - côté,3,2,0,0,1,1,1,0,1,80,2,2,1,0,0,1,20.0,79.0,voiture,voiture,1,1,9,1,3
202300049616,2023-08-25 09:20:00,2023,8,25,9,20,71,71105,COUPEE (GRANDE-RUE DE LA),46.30901,4.80599,Plein jour,En agglomération,Intersection en T,Pluie légère,Autre collision,3,2,2,0,1,1,2,5,1,50,1,2,1,0,0,1,90.0,,voiture,,1,2,3,2,6
202300049616,2023-08-25 09:20:00,2023,8,25,9,20,71,71105,COUPEE (GRANDE-RUE DE LA),46.30901,4.80599,Plein jour,En agglomération,Intersection en T,Pluie légère,Autre collision,3,2,2,2,1,1,2,5,1,50,1,2,1,0,0,1,90.0,,voiture,,1,2,3,2,6
202300049617,2023-12-02 16:25:00,2023,12,2,16,25,49,49099,BELGIQUE (BOULEVARD DE ),47.06693,-0.84271,Plein jour,En agglomération,Intersection en X,Normale,Deux véhicules - arrière,3,2,0,0,2,4,1,0,1,70,2,2,1,0,1,0,23.0,69.0,voiture,deux_roues,1,2,2,1,2
202300049617,2023-12-02 16:25:00,2023,12,2,16,25,49,49099,BELGIQUE (BOULEVARD DE ),47.06693,-0.84271,Plein jour,En agglomération,Intersection en X,Normale,Deux véhicules - arrière,3,2,0,0,1,1,1,0,1,50,2,2,1,0,1,0,23.0,69.0,voiture,deux_roues,1,2,2,1,2
202300049618,2023-04-01 13:40:00,2023,4,1,13,40,93,93049,Avenue du 18 Juin 1940/ Rue Andre Malraux,48.86235,2.517026,Plein jour,En agglomération,Intersection en X,Normale,Deux véhicules - côté,4,2,2,0,1,1,1,0,1,-1,2,2,1,0,0,1,22.0,31.0,utilitaire_camion,voiture,1,2,2,1,3
202300049618,2023-04-01 13:40:00,2023,4,1,13,40,93,93049,Avenue du 18 Juin 1940/ Rue Andre Malraux,48.86235,2.517026,Plein jour,En agglomération,Intersection en X,Normale,Deux véhicules - côté,4,2,2,0,1,1,1,0,1,-1,2,2,1,0,0,1,22.0,31.0,utilitaire_camion,voiture,1,2,2,1,3
202300049619,2023-08-25 12:05:00,2023,8,25,12,5,71,71540,R.N.80,46.76735,4.45327,Plein jour,Hors agglomération,Hors intersection,Normale,Deux véhicules - frontale,3,2,2,0,1,1,2,0,1,70,2,3,1,0,1,1,77.0,22.0,voiture,utilitaire_camion,1,1,1,1,1
202300049620,2023-05-10 20:50:00,2023,5,10,20,50,2A,2A004,PRINCE IMPERIAL RCE RUE FRANCOIS PIETRI,41.93510181,8.7495162,Nuit avec éclairage allumé,En agglomération,Hors intersection,Normale,Deux véhicules - côté,4,2,2,0,1,1,1,0,1,50,2,2,1,0,1,0,33.0,25.0,deux_roues,autre,5,2,1,1,3
202300049621,2023-04-01 18:45:00,2023,4,1,18,45,92,92064,PASTEUR,48.8417436,2.20132649,Plein jour,En agglomération,Hors intersection,Pluie légère,Deux véhicules - arrière,3,2,2,0,1,1,2,0,1,50,2,2,1,0,0,1,32.0,26.0,voiture,deux_roues,1,2,1,2,2
202300049622,2023-12-02 17:30:00,2023,12,2,17,30,45,45147,22 Rue Victor Arago,47.926513,1.899007,Nuit avec éclairage allumé,En agglomération,Intersection en T,Normale,Deux véhicules - côté,4,1,1,0,1,1,1,0,1,50,2,2,1,0,0,1,34.0,44.0,voiture,deux_roues,5,2,3,1,3
202300049622,2023-12-02 17:30:00,2023,12,2,17,30,45,45147,22 Rue Victor Arago,47.926513,1.899007,Nuit avec éclairage allumé,En agglomération,Intersection en T,Normale,Deux véhicules - côté,4,2,2,0,1,1,1,0,1,50,2,2,1,0,0,1,34.0,44.0,voiture,deux_roues,5,2,3,1,3
202300049623,2023-08-26 09:30:00,2023,8,26,9,30,71,71445,RD 978 B,46.76285707,4.89307076,Plein jour,En agglomération,Intersection en T,Normale,Deux véhicules - côté,3,2,3,0,1,1,1,5,1,50,2,2,1,0,1,0,44.0,25.0,deux_roues,voiture,1,2,3,1,3
202300049623,2023-08-26 09:30:00,2023,8,26,9,30,71,71445,RD 978 B,46.76285707,4.89307076,Plein jour,En agglomération,Intersection en T,Normale,Deux véhicules - côté,3,3,4,0,1,1,1,5,1,50,2,2,1,0,1,0,44.0,25.0,deux_roues,voiture,1,2,3,1,3
202300049624,2023-04-01 15:40:00,2023,4,1,15,40,92,92064,DAILLY,48.844394,2.220383,Plein jour,En agglomération,Hors intersection,Normale,Deux véhicules - arrière,3,2,2,1,2,1,1,0,1,50,2,4,3,0,0,1,40.0,87.0,voiture,voiture,1,2,1,1,2
202300049625,2023-12-03 05:15:00,2023,12,3,5,15,35,35278,RD 137,48.137828,-1.693669,Nuit avec éclairage allumé,Hors agglomération,Hors intersection,Normale,Deux véhicules - arrière,3,3,6,0,2,1,1,0,1,50,2,4,2,0,0,2,24.0,29.0,voiture,voiture,5,1,1,1,2
202300049626,2023-05-10 20:50:00,2023,5,10,20,50,95,95585,D125,48.985307,2.381615,Crépuscule ou aube,En agglomération,Intersection en X,Pluie légère,Deux véhicules - côté,3,2,3,0,1,1,2,0,8,50,2,2,1,0,0,1,28.0,41.0,voiture,voiture,2,2,2,2,3
202300049626,2023-05-10 20:50:00,2023,5,10,20,50,95,95585,D125,48.985307,2.381615,Crépuscule ou aube,En agglomération,Intersection en X,Pluie légère,Deux véhicules - côté,3,2,2,0,1,1,2,0,8,50,2,2,1,0,0,1,28.0,41.0,voiture,voiture,2,2,2,2,3
202300049627,2023-08-25 09:40:00,2023,8,25,9,40,69,69275,Rue Elisée Reclus,45.75043,4.9405,Plein jour,En agglomération,Hors intersection,Pluie légère,Trois véhicules et plus - collisions multiples,4,2,2,0,1,3,2,0,1,50,3,3,1,0,0,2,20.0,52.0,voiture,voiture,1,2,1,2,5
202300049628,2023-04-01 14:30:00,2023,4,1,14,30,92,92025,GABRIEL PERI (RUE),48.92297,2.24981,Plein jour,En agglomération,Giratoire,Normale,Deux véhicules - côté,3,1,2,0,1,1,1,0,1,30,2,2,1,0,0,1,21.0,54.0,deux_roues,voiture,1,2,6,1,3
202300049628,2023-04-01 14:30:00,2023,4,1,14,30,92,92025,GABRIEL PERI (RUE),48.92297,2.24981,Plein jour,En agglomération,Giratoire,Normale,Deux véhicules - côté,3,1,2,0,1,1,1,0,1,30,2,2,1,0,0,1,21.0,54.0,deux_roues,voiture,1,2,6,1,3
202300049629,2023-12-03 17:20:00,2023,12,3,17,20,35,35238,GAYEULLES (AVENUE DES),48.13941,-1.64181,Nuit sans éclairage public,Hors agglomération,Hors intersection,Normale,Deux véhicules - côté,4,2,2,2,1,2,1,0,1,30,2,2,1,0,0,1,24.0,20.0,deux_roues,voiture,3,1,1,1,3
202300049630,2023-03-31 22:30:00,2023,3,31,22,30,92,92023,GENERAL DE GAULLE (AVENUE DU),48.79039,2.26386,Nuit avec éclairage allumé,En agglomération,Hors intersection,Normale,Deux véhicules - frontale,3,2,2,0,1,1,1,0,1,50,2,2,1,0,0,1,58.0,72.0,deux_roues,voiture,5,2,1,1,1
202300049631,2023-08-26 22:20:00,2023,8,26,22,20,69,69264,Rue Gantillon,45.99247,4.72142,Nuit avec éclairage allumé,En agglomération,Hors intersection,Pluie forte,Sans collision,4,2,2,0,1,1,2,9,1,50,1,1,0,0,0,1,19.0,,voiture,,5,2,1,3,7
202300049632,2023-03-31 18:10:00,2023,3,31,18,10,35,35177,Le Petit Bois,48.224372,-1.743001,Plein jour,Hors agglomération,Hors intersection,Pluie légère,Sans collision,3,2,2,0,1,2,2,0,3,70,1,1,0,0,1,0,48.0,,voiture,,1,1,1,2,7
202300049633,2023-08-24 11:01:00,2023,8,24,11,1,69,69290,Rue Alfred de Vigny,45.69721,4.93622,Plein jour,En agglomération,Intersection en X,Normale,Deux véhicules - côté,4,2,2,0,1,1,1,0,1,50,2,2,1,0,0,1,83.0,37.0,voiture,voiture,1,2,2,1,3
202300049633,2023-08-24 11:01:00,2023,8,24,11,1,69,69290,Rue Alfred de Vigny,45.69721,4.93622,Plein jour,En agglomération,Intersection en X,Normale,Deux véhicules - côté,4,2,2,0,1,1,1,0,1,50,2,2,1,0,0,1,83.0,37.0,voiture,voiture,1,2,2,1,3
202300049634,2023-12-02 11:45:00,2023,12,2,11,45,29,29232,2 Rue du Frugy,47.98774,-4.10809,Plein jour,En agglomération,Intersection en T,Temps éblouissant,Deux véhicules - côté,4,2,2,0,4,1,1,0,1,30,2,3,1,0,0,2,42.0,31.0,voiture,voiture,1,2,3,7,3
202300049634,2023-12-02 11:45:00,2023,12,2,11,45,29,29232,2 Rue du Frugy,47.98774,-4.10809,Plein jour,En agglomération,Intersection en T,Temps éblouissant,Deux véhicules - côté,4,2,2,0,4,1,1,0,1,50,2,3,1,0,0,2,42.0,31.0,voiture,voiture,1,2,3,7,3
202300049635,2023-04-02 11:50:00,2023,4,2,11,50,18,18116,,47.219524,2.80544,Plein jour,Hors agglomération,Intersection en X,Pluie légère,Deux véhicules - côté,3,2,2,0,1,1,2,0,1,80,2,3,0,1,0,2,72.0,73.0,voiture,voiture,1,1,2,2,3
202300049635,2023-04-02 11:50:00,2023,4,2,11,50,18,18116,,47.219524,2.80544,Plein jour,Hors agglomération,Intersection en X,Pluie légère,Deux véhicules - côté,3,2,2,0,1,1,2,0,1,80,2,3,0,1,0,2,72.0,73.0,voiture,voiture,1,1,2,2,3
202300049636,2023-12-02 14:25:00,2023,12,2,14,25,29,29232,10 Rue Michelet,47.989417,-4.108945,Plein jour,En agglomération,Hors intersection,Normale,Autre collision,4,2,2,0,2,1,1,0,1,50,1,1,0,0,1,0,16.0,,deux_roues,,1,2,1,1,6
202300049637,2023-08-25 08:15:00,2023,8,25,8,15,67,67267,MARECHAL FOCH (RUE DU),48.55,7.6685,Plein jour,Hors agglomération,Hors intersection,Pluie forte,Deux véhicules - frontale,7,2,2,0,1,1,2,0,1,80,2,2,0,0,0,2,26.0,23.0,voiture,voiture,1,1,1,3,1
202300049638,2023-04-02 08:20:00,2023,4,2,8,20,21,21638,A31,47.545389,5.198185,Crépuscule ou aube,Hors agglomération,Hors intersection,Pluie légère,Autre collision,1,3,3,0,1,1,2,0,1,130,1,1,0,0,1,0,66.0,,utilitaire_camion,,2,1,1,2,6
202300049639,2023-12-02 18:30:00,2023,12,2,18,30,25,25462,MARPAUD,46.90227,6.35438,Nuit avec éclairage allumé,En agglomération,Intersection en X,Neige / grêle,Deux véhicules - arrière,4,1,1,0,2,1,5,0,1,50,2,4,1,0,0,3,40.0,33.0,voiture,voiture,5,2,2,4,2
202300049639,2023-12-02 18:30:00,2023,12,2,18,30,25,25462,MARPAUD,46.90227,6.35438,Nuit avec éclairage allumé,En agglomération,Intersection en X,Neige / grêle,Deux véhicules - arrière,4,3,2,1,4,1,5,0,1,50,2,4,1,0,0,3,40.0,33.0,voiture,voiture,5,2,2,4,2
202300049640,2023-05-10 07:22:00,2023,5,10,7,22,91,91425,AV DE LA DIVISION LECLERC,48.65,2.27,Plein jour,Hors agglomération,Hors intersection,Pluie légère,Autre collision,3,3,2,0,1,1,2,0,1,70,1,2,1,0,0,1,58.0,,deux_roues,,1,1,1,2,6
202300049641,2023-08-25 11:17:00,2023,8,25,11,17,65,65286,RN 21 Route de Tarbes,43.11941,-0.03025,Plein jour,Hors agglomération,Hors intersection,Normale,Trois véhicules et plus - en chaîne,2,2,2,0,3,1,2,0,1,80,3,5,3,0,0,2,38.0,66.0,voiture,voiture,1,1,1,1,4
202300049642,2023-03-26 11:20:00,2023,3,26,11,20,35,35006,N157,48.07817,-1.14392,Plein jour,Hors agglomération,Hors intersection,Neige / grêle,Trois véhicules et plus - collisions multiples,2,3,4,0,1,1,2,0,2,110,3,4,2,0,0,2,35.0,51.0,deux_roues,voiture,1,1,1,4,5
202300049643,2023-08-25 21:55:00,2023,8,25,21,55,64,64130,RD811,43.34338,-1.75571,Nuit avec éclairage allumé,En agglomération,Hors intersection,Normale,Deux véhicules - arrière,3,2,2,0,1,1,1,0,1,30,2,2,1,0,0,1,15.0,28.0,deux_roues,voiture,5,2,1,1,2
202300049644,2023-12-03 10:50:00,2023,12,3,10,50,17,17415,DUFAURE AVENUE JULES,45.747665,-0.612378,Plein jour,En agglomération,Intersection en X,Normale,Deux véhicules - frontale,4,2,2,0,2,1,1,0,4,50,2,3,1,0,0,2,53.0,20.0,voiture,voiture,1,2,2,1,1
202300049644,2023-12-03 10:50:00,2023,12,3,10,50,17,17415,DUFAURE AVENUE JULES,45.747665,-0.612378,Plein jour,En agglomération,Intersection en X,Normale,Deux véhicules - frontale,4,2,2,0,1,1,1,5,4,50,2,3,1,0,0,2,53.0,20.0,voiture,voiture,1,2,2,1,1
202300049645,2023-05-09 09:00:00,2023,5,9,9,0,91,91103,SALVADOR ALLENDE (AVENUE),48.61864,2.30928,Plein jour,En agglomération,Hors intersection,Pluie légère,Autre collision,4,2,2,0,1,1,2,0,1,50,1,2,1,0,0,1,22.0,,voiture,,1,2,1,2,6
202300049646,2023-03-31 20:55:00,2023,3,31,20,55,89,89387,,48.144669,3.305877,Nuit sans éclairage public,Hors agglomération,Hors intersection,Pluie forte,Deux véhicules - frontale,3,2,3,0,1,1,2,0,1,90,2,2,1,0,1,0,41.0,60.0,utilitaire_camion,utilitaire_camion,3,1,1,3,1
202300049647,2023-12-03 04:45:00,2023,12,3,4,45,13,13054,MARECHAL JUIN (AV DU ),43.42018,5.22607,Nuit avec éclairage allumé,En agglomération,Hors intersection,Normale,Deux véhicules - frontale,4,2,2,0,1,1,1,0,1,50,2,3,1,0,0,2,32.0,42.0,voiture,voiture,5,2,1,1,1
202300049648,2023-04-30 17:20:00,2023,4,30,17,20,91,91570,BOIELDIEU (RUE),48.630803,2.318537,Plein jour,En agglomération,Hors intersection,Normale,Deux véhicules - arrière,4,2,1,0,2,4,2,0,2,50,2,4,2,0,0,2,32.0,37.0,voiture,transport_commun,1,2,1,1,2
202300049649,2023-08-26 01:18:00,2023,8,26,1,18,64,64445,BERLIOZ,43.31266,-0.35468,Nuit avec éclairage non allumé,En agglomération,Hors intersection,Normale,Deux véhicules - côté,4,-1,2,0,1,1,1,0,1,50,2,2,1,0,0,1,25.0,35.0,voiture,deux_roues,4,2,1,1,3
202300049650,2023-04-01 00:20:00,2023,4,1,0,20,56,56153,D1,47.608058,-2.386694,Nuit sans éclairage public,Hors agglomération,Hors intersection,Vent fort / tempête,Trois véhicules et plus - collisions multiples,3,2,2,0,1,1,2,0,1,80,3,5,4,0,1,0,31.0,33.0,voiture,voiture,3,1,1,6,5
202300049651,2023-07-18 06:10:00,2023,7,18,6,10,77,77083,A4.W,48.83392,2.590759,Crépuscule ou aube,Hors agglomération,Hors intersection,Normale,Deux véhicules - côté,1,3,3,0,1,1,1,0,1,110,2,2,1,0,0,1,49.0,41.0,deux_roues,utilitaire_camion,2,1,1,1,3
202300049652,2023-08-27 00:35:00,2023,8,27,0,35,64,64102,AQUITAINE (AVENUE DE L'),43.48671,-1.46796,Nuit avec éclairage allumé,En agglomération,Hors intersection,Pluie légère,Sans collision,3,2,4,0,3,3,2,0,3,50,1,1,0,0,0,1,47.0,,deux_roues,,5,2,1,2,7
202300049653,2023-12-03 18:30:00,2023,12,3,18,30,13,13203,PLOMBIERES (BOULEVARD DES),43.3189,5.37912,Nuit avec éclairage allumé,En agglomération,Intersection en T,Normale,Deux véhicules - côté,4,-1,0,0,1,1,1,0,8,50,2,2,1,0,1,0,21.0,56.0,deux_roues,voiture,5,2,3,1,3
202300049653,2023-12-03 18:30:00,2023,12,3,18,30,13,13203,PLOMBIERES (BOULEVARD DES),43.3189,5.37912,Nuit avec éclairage allumé,En agglomération,Intersection en T,Normale,Deux véhicules - côté,4,3,2,0,1,1,1,0,1,50,2,2,1,0,1,0,21.0,56.0,deux_roues,voiture,5,2,3,1,3
202300049654,2023-04-01 06:00:00,2023,4,1,6,0,76,76663,8 Cote des Petites Dalles,49.805623,0.531603,Nuit sans éclairage public,En agglomération,Hors intersection,Pluie légère,Autre collision,3,2,2,0,1,2,2,0,3,50,1,2,0,0,1,1,27.0,,voiture,,3,2,1,2,6
202300049655,2023-05-10 06:25:00,2023,5,10,6,25,91,91477,MAURICE BERTEAUX (RUE),48.71773,2.24067,Crépuscule ou aube,En agglomération,Hors intersection,Pluie légère,Deux véhicules - arrière,3,2,2,0,2,1,2,0,1,50,2,3,2,0,0,1,78.0,41.0,utilitaire_camion,voiture,2,2,1,2,2
202300049656,2023-08-25 12:35:00,2023,8,25,12,35,64,64024,BAYONNE (AVENUE DE),43.48419,-1.50227,Plein jour,En agglomération,Autre intersection,Normale,Deux véhicules - côté,6,-1, -1,0,1,1,1,0,1,-1,2,2,1,0,0,1,82.0,31.0,voiture,deux_roues,1,2,9,1,3
202300049657,2023-03-30 12:05:00,2023,3,30,12,5,2A,2A130,boulevard marie-jeanne bozzi,41.892343,8.805177,Plein jour,En agglomération,Hors intersection,Normale,Autre collision,3,3,1,0,1,1,1,0,1,50,1,2,1,0,0,1,43.0,,utilitaire_camion,,1,2,1,1,6
202300049658,2023-05-08 20:20:00,2023,5,8,20,20,91,91514,CD 33,48.666,2.527,Plein jour,Hors agglomération,Hors intersection,Normale,Sans collision,3,-1,2,0,1,1,1,0,1,50,1,1,0,0,0,1,22.0,,utilitaire_camion,,1,1,1,1,7
202300049659,2023-12-02 16:05:00,2023,12,2,16,5,12,12145,GUYENNE (AVENUE DE),44.0909,3.07451,Plein jour,Hors agglomération,Hors intersection,Normale,Deux véhicules - frontale,3,2,2,0,1,3,1,0,1,70,2,2,0,0,0,2,49.0,47.0,voiture,voiture,1,1,1,1,1
202300049660,2023-03-31 23:00:00,2023,3,31,23,0,65,65121,D935,43.360758,0.069104,Nuit sans éclairage public,Hors agglomération,Autre intersection,Normale,Autre collision,3,2,2,0,1,3,1,0,8,90,1,1,0,0,0,1,33.0,,voiture,,3,1,9,1,6
202300049661,2023-12-03 09:53:00,2023,12,3,9,53,06,06088,MERCANTOUR (BD),43.7145693,7.1871281,Plein jour,Hors agglomération,Hors intersection,Normale,Autre collision,7,3,4,0,1,1,1,0,1,70,1,1,0,1,0,0,78.0,,voiture,,1,1,1,1,6
202300049662,2023-07-17 18:00:00,2023,7,17,18,0,77,77121,A4,48.831263,2.682284,Plein jour,Hors agglomération,Hors intersection,Normale,Deux véhicules - arrière,1,-1,3,0,1,1,1,0,1,130,5,5,3,0,0,2,39.0,32.0,voiture,voiture,1,1,1,1,2
202300049663,2023-08-25 11:25:00,2023,8,25,11,25,64,64102,CONTE DE CABARRUS (COURS DU),43.48171,-1.48622,Plein jour,En agglomération,Giratoire,Pluie légère,Sans collision,4,1,1,0,1,2,2,5,1,30,1,1,0,0,0,1,15.0,,deux_roues,,1,2,6,2,7
202300049663,2023-08-25 11:25:00,2023,8,25,11,25,64,64102,CONTE DE CABARRUS (COURS DU),43.48171,-1.48622,Plein jour,En agglomération,Giratoire,Pluie légère,Sans collision,4,1,1,0,1,2,2,0,1,30,1,1,0,0,0,1,15.0,,deux_roues,,1,2,6,2,7
202300049664,2023-04-02 11:30:00,2023,4,2,11,30,11,11401,,42.906054,2.721342,Plein jour,Hors agglomération,Hors intersection,Normale,Autre collision,3,2,1,0,1,3,1,0,1,80,1,1,0,0,1,0,57.0,,deux_roues,,1,1,1,1,6
202300049665,2023-05-10 18:30:00,2023,5,10,18,30,91,91027,AV JEAN PIERRE BENARD,48.708614,2.382403,Plein jour,En agglomération,Intersection en X,Normale,Deux véhicules - côté,3,-1,2,0,1,1,1,0,1,50,2,3,1,0,0,2,25.0,47.0,deux_roues,voiture,1,2,2,1,3
202300049665,2023-05-10 18:30:00,2023,5,10,18,30,91,91027,AV JEAN PIERRE BENARD,48.708614,2.382403,Plein jour,En agglomération,Intersection en X,Normale,Deux véhicules - côté,3,2,2,0,1,1,1,0,1,50,2,3,1,0,0,2,25.0,47.0,deux_roues,voiture,1,2,2,1,3
202300049666,2023-12-03 10:15:00,2023,12,3,10,15,75,75116,PORTE DE SAINT CLOUD,48.839637,2.254165,Plein jour,En agglomération,Hors intersection,Normale,Deux véhicules - arrière,4,1,4,0,1,3,1,9,1,70,2,2,0,0,0,2,31.0,41.0,voiture,voiture,1,2,1,1,2
202300049667,2023-04-01 22:50:00,2023,4,1,22,50,89,89025,rue de Plausse,47.494969,3.91639,Nuit avec éclairage allumé,En agglomération,Hors intersection,Temps couvert,Sans collision,4,2,2,0,1,1,2,0,1,50,1,1,0,0,1,0,17.0,,deux_roues,,5,2,1,8,7
202300049668,2023-02-25 00:30:00,2023,2,25,0,30,09,09332,D29,43.091817,1.654408,Nuit sans éclairage public,Hors agglomération,Hors intersection,Normale,Autre collision,3,2,2,0,2,3,1,0,3,80,1,4,3,0,1,0,20.0,,voiture,,3,1,1,1,6
202300049669,2023-08-24 11:21:00,2023,8,24,11,21,64,64024,ROUTE DE PITOYS,43.46335,-1.50861,Plein jour,En agglomération,Hors intersection,Normale,Deux véhicules - côté,4,2,2,0,1,1,1,0,1,30,2,2,1,0,0,1,67.0,58.0,voiture,deux_roues,1,2,1,1,3
202300049670,2023-05-09 09:20:00,2023,5,9,9,20,91,91027,AV D'ALSACE LORRAINE,48.70588,2.37141,Plein jour,En agglomération,Autre intersection,Pluie légère,Autre collision,3,1,1,0,1,2,2,0,1,30,1,2,1,0,0,1,42.0,,voiture,,1,2,9,2,6
202300049671,2023-04-01 18:45:00,2023,4,1,18,45,63,63456,departement 909 - PK 12+400,45.4254551,3.25307933,Plein jour,Hors agglomération,Hors intersection,Normale,Autre collision,3,2,2,0,2,1,1,0,3,70,1,1,0,0,1,0,54.0,,deux_roues,,1,1,1,1,6
202300049672,2023-12-02 14:40:00,2023,12,2,14,40,75,75117,PORTE D ASNIERES,48.893172,2.303521,Plein jour,En agglomération,Hors intersection,Normale,Trois véhicules et plus - en chaîne,4,1,4,0,1,1,1,0,1,70,3,4,2,0,0,2,50.0,39.0,utilitaire_camion,voiture,1,2,1,1,4
202300049673,2023-05-09 07:40:00,2023,5,9,7,40,91,91432,RD 118,48.707132,2.33117,Plein jour,Hors agglomération,Hors intersection,Pluie forte,Sans collision,3,2,2,0,1,1,2,0,8,70,1,1,0,0,0,1,27.0,,voiture,,1,1,1,3,7
202300049674,2023-01-29 11:25:00,2023,1,29,11,25,19,19272,Lieutenant Colonel Faro (avenue du),45.27787,1.7835,Plein jour,En agglomération,Hors intersection,Autre,Autre collision,4,2,2,0,1,1,1,9,1,50,1,1,0,0,1,0,58.0,,deux_roues,,1,2,1,9,6
202300049675,2023-08-26 10:10:00,2023,8,26,10,10,63,63113,FONTGIEVE (RUE),45.78235,3.07317,Plein jour,En agglomération,Intersection à plus de 4 branches,Temps couvert,Deux véhicules - frontale,7,2,3,0,1,1,1,0,1,50,2,4,1,0,0,3,24.0,37.0,voiture,voiture,1,2,5,8,1
202300049675,2023-08-26 10:10:00,2023,8,26,10,10,63,63113,FONTGIEVE (RUE),45.78235,3.07317,Plein jour,En agglomération,Intersection à plus de 4 branches,Temps couvert,Deux véhicules - frontale,7,1,2,0,1,1,1,0,1,30,2,4,1,0,0,3,24.0,37.0,voiture,voiture,1,2,5,8,1
202300049675,2023-08-26 10:10:00,2023,8,26,10,10,63,63113,FONTGIEVE (RUE),45.78235,3.07317,Plein jour,En agglomération,Intersection à plus de 4 branches,Temps couvert,Deux véhicules - frontale,7,2,3,0,1,1,1,0,1,30,2,4,1,0,0,3,24.0,37.0,voiture,voiture,1,2,5,8,1
202300049676,2023-04-02 18:45:00,2023,4,2,18,45,25,25079,Intersection D9/D48,46.911919,6.116067,Plein jour,Hors agglomération,Intersection en T,Pluie légère,Deux véhicules - côté,3,2,2,0,4,1,2,5,1,80,2,3,1,0,2,0,19.0,35.0,voiture,voiture,1,1,3,2,3
202300049676,2023-04-02 18:45:00,2023,4,2,18,45,25,25079,Intersection D9/D48,46.911919,6.116067,Plein jour,Hors agglomération,Intersection en T,Pluie légère,Deux véhicules - côté,3,2, -1,0,3,3,2,5,1,-1,2,3,1,0,2,0,19.0,35.0,voiture,voiture,1,1,3,2,3
202300049677,2023-05-10 10:15:00,2023,5,10,10,15,91,91469,VAUVERT (ROUTE DE) CD49,48.4116,2.14395,Plein jour,Hors agglomération,Hors intersection,Pluie légère,Sans collision,3,2,2,0,1,1,2,0,1,70,1,1,0,0,0,1,39.0,,deux_roues,,1,1,1,2,7
202300049678,2023-12-02 12:55:00,2023,12,2,12,55,75,75117,PORTE D ASNIERES,48.888911,2.294871,Plein jour,En agglomération,Hors intersection,Normale,Trois véhicules et plus - en chaîne,4,1,4,0,1,1,1,1,1,70,3,6,4,0,0,2,31.0,57.0,utilitaire_camion,voiture,1,2,1,1,4
202300049679,2023-07-17 19:30:00,2023,7,17,19,30,974,97411,MONTAGNE (ROUTE DE LA),-20.88814,55.43724,Nuit sans éclairage public,Hors agglomération,Hors intersection,Normale,Autre collision,3,3,2,0,2,2,1,0,1,70,1,1,0,0,0,1,73.0,,voiture,,3,1,1,1,6