accident_id,datetime,annee,mois,jour,heure,minute,departement,commune_insee,adresse,latitude,longitude,luminosite,agglomeration,intersection,meteo,collision,catr,circ,nbv,vosp,prof,plan,surf,infra,situ,vma,nb_vehicules,nb_usagers,nb_indemnes,nb_tues,nb_blesses_hosp,nb_blesses_legers,age_cond_1,age_cond_2,veh_type_cond_1,veh_type_cond_2,lum_code,agg_code,int_code,atm_code,col_code
202300049750,2023-04-02 06:00:00,2023,4,2,6,0,83,83071,Le Bas Jasson,43.153571,6.226459,Crépuscule ou aube,Hors agglomération,Hors intersection,Normale,Autre collision,3,2,2,0,1,1,1,0,3,80,1,1,0,0,1,0,22.0,,voiture,,2,1,1,1,6
202300049751,2023-12-03 19:24:00,2023,12,3,19,24,94,94073,Av du Pdt Franklin Roosevelt,48.76685,2.403742,Nuit avec éclairage allumé,En agglomération,Autre intersection,Normale,Deux véhicules - côté,3,1,2,0,1,1,1,0,1,50,2,5,4,0,0,1,24.0,38.0,voiture,voiture,5,2,9,1,3
202300049751,2023-12-03 19:24:00,2023,12,3,19,24,94,94073,Av du Pdt Franklin Roosevelt,48.76685,2.403742,Nuit avec éclairage allumé,En agglomération,Autre intersection,Normale,Deux véhicules - côté,3,2,2,0,1,1,1,0,1,50,2,5,4,0,0,1,24.0,38.0,voiture,voiture,5,2,9,1,3
202300049752,2023-08-24 16:55:00,2023,8,24,16,55,50,50129,NAPOLEON (PLACE),49.64213,-1.62237,Plein jour,En agglomération,Intersection en T,Normale,Deux véhicules - arrière,4,1,1,0,1,1,1,5,1,50,2,2,1,0,0,1,50.0,22.0,voiture,voiture,1,2,3,1,2
202300049752,2023-08-24 16:55:00,2023,8,24,16,55,50,50129,NAPOLEON (PLACE),49.64213,-1.62237,Plein jour,En agglomération,Intersection en T,Normale,Deux véhicules - arrière,4,3,3,1,1,1,1,5,1,50,2,2,1,0,0,1,50.0,22.0,voiture,voiture,1,2,3,1,2
202300049753,2023-05-09 08:38:00,2023,5,9,8,38,77,77058,D406,48.831982,2.698868,Plein jour,En agglomération,Intersection en T,Pluie légère,Deux véhicules - côté,3,2,2,0,1,1,2,0,1,70,2,3,2,0,0,1,53.0,53.0,voiture,voiture,1,2,3,2,3
202300049753,2023-05-09 08:38:00,2023,5,9,8,38,77,77058,D406,48.831982,2.698868,Plein jour,En agglomération,Intersection en T,Pluie légère,Deux véhicules - côté,3,2,2,0,1,1,2,0,1,70,2,3,2,0,0,1,53.0,53.0,voiture,voiture,1,2,3,2,3
202300049754,2023-07-13 20:21:00,2023,7,13,20,21,87,87085,GUE DE VERTHAMONT (RUE),45.81484,1.22268,Plein jour,En agglomération,Intersection en T,Normale,Autre collision,4,2,2,0,1,1,1,0,1,50,2,2,1,0,0,1,62.0,51.0,voiture,deux_roues,1,2,3,1,6
202300049754,2023-07-13 20:21:00,2023,7,13,20,21,87,87085,GUE DE VERTHAMONT (RUE),45.81484,1.22268,Plein jour,En agglomération,Intersection en T,Normale,Autre collision,4,2,2,0,1,1,1,0,1,50,2,2,1,0,0,1,62.0,51.0,voiture,deux_roues,1,2,3,1,6
202300049755,2023-02-17 16:20:00,2023,2,17,16,20,68,68004,Rue de Givet,47.6256,7.240634,Plein jour,En agglomération,Intersection en T,Normale,Deux véhicules - côté,4,2,2,0,1,3,1,0,1,50,2,4,2,0,0,2,21.0,69.0,voiture,voiture,1,2,3,1,3
202300049755,2023-02-17 16:20:00,2023,2,17,16,20,68,68004,Rue de Givet,47.6256,7.240634,Plein jour,En agglomération,Intersection en T,Normale,Deux véhicules - côté,4,2, -1,-1,1,1,1,0,1,-1,2,4,2,0,0,2,21.0,69.0,voiture,voiture,1,2,3,1,3
202300049756,2023-04-01 22:40:00,2023,4,1,22,40,83,83069,St Nicolas,43.126214,6.193875,Nuit avec éclairage allumé,En agglomération,Hors intersection,Normale,Autre collision,3,2,2,0,1,1,1,0,4,50,1,2,0,0,1,1,18.0,,voiture,,5,2,1,1,6
202300049757,2023-08-23 11:40:00,2023,8,23,11,40,50,50129,ASSELIN (RUE),49.63931,-1.6393,Plein jour,En agglomération,Hors intersection,Normale,Deux véhicules - arrière,4,1,1,0,1,1,1,0,3,50,2,2,1,0,0,1,84.0,44.0,voiture,utilitaire_camion,1,2,1,1,2
202300049758,2023-12-03 19:05:00,2023,12,3,19,5,94,94017,Avenue Marx Dormoy,48.807168,2.525792,Nuit avec éclairage allumé,En agglomération,Hors intersection,Normale,Deux véhicules - arrière,3,3,3,0,2,1,1,0,1,50,2,2,1,0,0,1,,21.0,voiture,voiture,5,2,1,1,2
202300049759,2023-05-08 17:15:00,2023,5,8,17,15,77,77186,RD 409,48.41151,2.66467,Plein jour,Hors agglomération,Hors intersection,Normale,Deux véhicules - frontale,3,-1,2,0,2,3,1,0,1,90,2,2,0,0,0,2,78.0,26.0,voiture,voiture,1,1,1,1,1
202300049760,2023-02-17 22:20:00,2023,2,17,22,20,57,57474,88 Rue de Boussange,49.260446,6.157837,Nuit avec éclairage allumé,En agglomération,Hors intersection,Normale,Deux véhicules - côté,3,2,2,0,1,1,1,0,1,50,2,2,1,0,0,1,46.0,60.0,voiture,deux_roues,5,2,1,1,3
202300049761,2023-04-02 06:30:00,2023,4,2,6,30,13,13014,D113,43.520085,5.19936,Crépuscule ou aube,Hors agglomération,Intersection en X,Normale,Deux véhicules - frontale,3,1,2,0,2,1,1,0,1,80,2,2,0,0,0,2,39.0,40.0,voiture,voiture,2,1,2,1,1
202300049761,2023-04-02 06:30:00,2023,4,2,6,30,13,13014,D113,43.520085,5.19936,Crépuscule ou aube,Hors agglomération,Intersection en X,Normale,Deux véhicules - frontale,3,1,2,0,2,1,1,0,1,80,2,2,0,0,0,2,39.0,40.0,voiture,voiture,2,1,2,1,1
202300049762,2023-08-25 09:20:00,2023,8,25,9,20,49,49007,Boulevard Jean Sauvage,47.4874,-0.55673,Plein jour,En agglomération,Hors intersection,Normale,Deux véhicules - côté,4,2,2,0,1,1,1,0,1,50,2,2,1,0,0,1,45.0,45.0,deux_roues,voiture,1,2,1,1,3
202300049763,2023-12-03 21:20:00,2023,12,3,21,20,93,93005,Av I et Frederic Joliot Curie,48.92966735,2.5096424,Nuit avec éclairage allumé,En agglomération,Autre intersection,Normale,Deux véhicules - frontale,4,2,2,0,1,1,1,0,1,50,2,2,1,0,0,1,42.0,35.0,voiture,deux_roues,5,2,9,1,1
202300049764,2023-05-10 09:45:00,2023,5,10,9,45,77,77131,REBAIS (AVENUE DE),48.81612,3.11228,Plein jour,Hors agglomération,Hors intersection,Pluie forte,Deux véhicules - côté,3,2,2,0,4,1,3,2,1,80,2,2,1,0,0,1,58.0,66.0,voiture,deux_roues,1,1,1,3,3
202300049765,2023-07-16 20:30:00,2023,7,16,20,30,83,83050,TUTTLINGEN(AVENUE DE),43.52691,6.4385,Plein jour,En agglomération,Hors intersection,Normale,Deux véhicules - frontale,3,2,2,0,2,3,1,0,1,50,2,3,0,0,2,1,35.0,33.0,utilitaire_camion,voiture,1,2,1,1,1
202300049766,2023-02-17 23:15:00,2023,2,17,23,15,57,57032,D11,49.087668,6.037996,Nuit avec éclairage non allumé,Hors agglomération,Hors intersection,Normale,Deux véhicules - frontale,7,2,2,0,1,1,2,0,1,70,2,4,2,0,0,2,22.0,80.0,voiture,voiture,4,1,1,1,1
202300049767,2023-08-25 03:09:00,2023,8,25,3,9,49,49007,PASTEUR AVENUE,47.4771,-0.53164,Nuit sans éclairage public,En agglomération,Hors intersection,Normale,Autre collision,4,2,2,0,1,1,1,0,1,50,1,1,0,0,0,1,34.0,,voiture,,3,2,1,1,6
202300049768,2023-04-01 14:15:00,2023,4,1,14,15,13,13041,Route Departementale 6,43.447912,5.446693,Plein jour,Hors agglomération,Hors intersection,Normale,Deux véhicules - arrière,3,1,2,0,2,1,1,0,1,110,3,6,3,0,0,3,38.0,46.0,voiture,utilitaire_camion,1,1,1,1,2
202300049769,2023-02-17 19:10:00,2023,2,17,19,10,73,73015,Route du belvédère,45.397016,6.575245,Nuit avec éclairage allumé,En agglomération,Hors intersection,Normale,Autre collision,4,2,2,0,2,1,1,0,1,50,1,3,2,0,1,0,52.0,,voiture,,5,2,1,1,6
202300049770,2023-07-17 07:50:00,2023,7,17,7,50,81,81060,RODEZ  (AVENUE DE),44.05614,2.16427,Plein jour,En agglomération,Hors intersection,Normale,Deux véhicules - côté,3,2,2,0,4,1,1,0,1,50,2,2,1,0,1,0,27.0,47.0,utilitaire_camion,deux_roues,1,2,1,1,3
202300049771,2023-12-03 17:30:00,2023,12,3,17,30,93,93046,Boulevard Jean Jaurès / Avenue Montesquieu,48.92254,2.52442,Crépuscule ou aube,En agglomération,Intersection à plus de 4 branches,Normale,Deux véhicules - côté,3,2,2,1,1,1,1,0,1,50,2,3,2,0,0,1,76.0,59.0,voiture,voiture,2,2,5,1,3
202300049771,2023-12-03 17:30:00,2023,12,3,17,30,93,93046,Boulevard Jean Jaurès / Avenue Montesquieu,48.92254,2.52442,Crépuscule ou aube,En agglomération,Intersection à plus de 4 branches,Normale,Deux véhicules - côté,3,2,2,0,1,1,1,0,1,50,2,3,2,0,0,1,76.0,59.0,voiture,voiture,2,2,5,1,3
202300049772,2023-08-24 20:10:00,2023,8,24,20,10,49,49007,GAGARINE RUE ET SQUARE,47.44978,-0.56345,Plein jour,En agglomération,Hors intersection,Normale,Autre collision,4,2,1,0,1,1,1,0,1,50,1,2,1,0,1,0,67.0,,voiture,,1,2,1,1,6
202300049773,2023-04-02 05:00:00,2023,4,2,5,0,03,03298,Route Départementale 46,46.3243,3.3716,Nuit sans éclairage public,Hors agglomération,Hors intersection,Temps couvert,Autre collision,3,2,2,0,1,3,2,0,1,90,1,1,0,1,0,0,22.0,,voiture,,3,1,1,8,6
202300049774,2023-02-17 20:15:00,2023,2,17,20,15,42,42094,Chemin des Monts,45.753668,4.222451,Nuit avec éclairage allumé,En agglomération,Hors intersection,Normale,Deux véhicules - frontale,4,-1,2,0,1,1,1,0,1,50,2,2,1,0,1,0,57.0,17.0,voiture,deux_roues,5,2,1,1,1
202300049775,2023-08-25 07:45:00,2023,8,25,7,45,45,45234,Avenue de Concyr,47.82892017,1.93641543,Plein jour,En agglomération,Giratoire,Pluie légère,Deux véhicules - côté,4,1,1,0,1,2,2,0,1,50,2,2,1,0,0,1,20.0,40.0,voiture,deux_roues,1,2,6,2,3
202300049776,2023-05-09 07:30:00,2023,5,9,7,30,76,76351,PIERRE NAZE (PLACE),49.496176,0.107832,Plein jour,En agglomération,Giratoire,Pluie légère,Deux véhicules - côté,4,2,2,0,1,1,2,0,1,50,2,2,1,0,0,1,25.0,45.0,deux_roues,voiture,1,2,6,2,3
202300049776,2023-05-09 07:30:00,2023,5,9,7,30,76,76351,PIERRE NAZE (PLACE),49.496176,0.107832,Plein jour,En agglomération,Giratoire,Pluie légère,Deux véhicules - côté,4,1,1,0,1,3,2,0,1,50,2,2,1,0,0,1,25.0,45.0,deux_roues,voiture,1,2,6,2,3
202300049777,2023-12-03 18:30:00,2023,12,3,18,30,92,92078,VERDUN (AVENUE) (IMPAIRS 1 A 25),48.9356,2.33547,Nuit avec éclairage allumé,En agglomération,Hors intersection,Normale,Deux véhicules - arrière,3,1,1,0,1,1,1,0,1,50,2,3,2,0,0,1,30.0,71.0,voiture,utilitaire_camion,5,2,1,1,2
202300049778,2023-04-02 00:30:00,2023,4,2,0,30,74,74280,Rue des clefs,45.871082,6.323404,Nuit avec éclairage allumé,En agglomération,Hors intersection,Temps couvert,Autre collision,3,2,2,0,1,1,1,0,4,50,1,1,0,1,0,0,46.0,,voiture,,5,2,1,8,6
202300049779,2023-07-12 06:20:00,2023,7,12,6,20,78,78335,RD983,48.98601,1.73123,Plein jour,Hors agglomération,Hors intersection,Normale,Trois véhicules et plus - collisions multiples,3,2,2,0,1,1,1,0,1,80,3,4,0,2,1,1,26.0,62.0,voiture,voiture,1,1,1,1,5
202300049780,2023-03-23 12:15:00,2023,3,23,12,15,26,26313,101 Avenue de Provence,44.9698888,4.95365381,Plein jour,En agglomération,Hors intersection,Normale,Autre collision,3,1,1,0,1,1,1,0,1,30,1,3,2,0,0,1,26.0,,utilitaire_camion,,1,2,1,1,6
202300049781,2023-02-17 10:20:00,2023,2,17,10,20,33,33268,Rue du General de Gaulle,45.03984,-0.676839,Plein jour,En agglomération,Intersection en T,Normale,Deux véhicules - côté,3,2,2,0,1,1,1,0,1,50,2,2,1,0,0,1,38.0,76.0,deux_roues,voiture,1,2,3,1,3
202300049781,2023-02-17 10:20:00,2023,2,17,10,20,33,33268,Rue du General de Gaulle,45.03984,-0.676839,Plein jour,En agglomération,Intersection en T,Normale,Deux véhicules - côté,3,2, -1,-1,1,1,1,0,1,50,2,2,1,0,0,1,38.0,76.0,deux_roues,voiture,1,2,3,1,3
202300049782,2023-08-26 09:55:00,2023,8,26,9,55,42,42207,Avenue de la Libération,45.47317,4.5163,Plein jour,En agglomération,Intersection en X,Normale,Deux véhicules - côté,4,1,1,0,3,1,1,0,1,50,2,2,1,0,1,0,59.0,23.0,deux_roues,voiture,1,2,2,1,3
202300049782,2023-08-26 09:55:00,2023,8,26,9,55,42,42207,Avenue de la Libération,45.47317,4.5163,Plein jour,En agglomération,Intersection en X,Normale,Deux véhicules - côté,4,1,2,0,1,1,1,0,1,50,2,2,1,0,1,0,59.0,23.0,deux_roues,voiture,1,2,2,1,3
202300049783,2023-12-04 15:35:00,2023,12,4,15,35,60,60137,D37,49.435685,2.527692,Plein jour,Hors agglomération,Intersection en X,Pluie forte,Deux véhicules - côté,3,2,2,0,1,1,2,0,1,80,2,4,2,0,1,1,26.0,44.0,voiture,utilitaire_camion,1,1,2,3,3
202300049783,2023-12-04 15:35:00,2023,12,4,15,35,60,60137,D37,49.435685,2.527692,Plein jour,Hors agglomération,Intersection en X,Pluie forte,Deux véhicules - côté,3,2, -1,-1,1,1,2,0,1,-1,2,4,2,0,1,1,26.0,44.0,voiture,utilitaire_camion,1,1,2,3,3
202300049784,2023-02-17 22:45:00,2023,2,17,22,45,50,50492,2 Hameau Barbey,49.081038,-1.019851,Nuit sans éclairage public,Hors agglomération,Hors intersection,Normale,Autre collision,3,2,2,0,1,1,1,0,1,80,1,3,2,0,1,0,65.0,,voiture,,3,1,1,1,6
202300049785,2023-08-17 11:50:00,2023,8,17,11,50,42,42330,Rue de Bourgeat,45.46652,4.35065,Plein jour,En agglomération,Hors intersection,Normale,Autre collision,4,2,2,0,2,1,1,0,1,50,1,2,1,0,0,1,77.0,,voiture,,1,2,1,1,6
202300049786,2023-05-06 15:35:00,2023,5,6,15,35,76,76351,GENERAL FERRIE (AVENUE),49.50342,0.17963,Plein jour,En agglomération,Intersection en Y,Pluie légère,Trois véhicules et plus - collisions multiples,4,2,2,1,2,1,2,0,1,50,3,6,1,0,0,5,41.0,34.0,voiture,voiture,1,2,4,2,5
202300049786,2023-05-06 15:35:00,2023,5,6,15,35,76,76351,GENERAL FERRIE (AVENUE),49.50342,0.17963,Plein jour,En agglomération,Intersection en Y,Pluie légère,Trois véhicules et plus - collisions multiples,4,1,1,0,2,1,2,0,1,50,3,6,1,0,0,5,41.0,34.0,voiture,voiture,1,2,4,2,5
202300049787,2023-04-02 13:30:00,2023,4,2,13,30,31,31048,Baure,43.449219,1.628691,Plein jour,Hors agglomération,Hors intersection,Normale,Autre collision,3,2,2,0,1,3,1,0,3,80,1,2,0,1,1,0,20.0,,voiture,,1,1,1,1,6
202300049788,2023-02-18 08:35:00,2023,2,18,8,35,56,56023,Rue du Stade,47.722888,-3.004686,Plein jour,En agglomération,Hors intersection,Pluie légère,Sans collision,3,2,2,0,1,1,2,0,1,30,1,1,0,0,1,0,19.0,,deux_roues,,1,2,1,2,7
202300049789,2023-12-03 17:50:00,2023,12,3,17,50,01,01333,D1083,45.918651,4.945403,Nuit sans éclairage public,Hors agglomération,Hors intersection,Normale,Deux véhicules - frontale,3,2,2,0,1,1,1,0,1,80,2,4,0,1,3,0,72.0,79.0,voiture,voiture,3,1,1,1,1
202300049790,2023-07-15 17:30:00,2023,7,15,17,30,77,77067,D.346,48.56049,2.59623,Plein jour,Hors agglomération,Hors intersection,Normale,Deux véhicules - frontale,3,-1,1,-1,1,1,1,0,1,-1,2,3,2,0,1,0,42.0,42.0,voiture,voiture,1,1,1,1,1
202300049791,2023-08-25 19:44:00,2023,8,25,19,44,42,42044,Rue de la Libération,45.40026,4.35358,Plein jour,En agglomération,Hors intersection,Temps couvert,Trois véhicules et plus - collisions multiples,4,2,2,0,1,1,1,0,1,50,3,4,0,0,1,3,38.0,20.0,voiture,voiture,1,2,1,8,5
202300049792,2023-04-02 10:45:00,2023,4,2,10,45,35,35072,D108,48.25491564,-1.17964491,Plein jour,Hors agglomération,Intersection en Y,Normale,Deux véhicules - côté,3,2,2,0,2,1,1,0,1,80,2,2,1,0,0,1,21.0,52.0,voiture,deux_roues,1,1,4,1,3
202300049792,2023-04-02 10:45:00,2023,4,2,10,45,35,35072,D108,48.25491564,-1.17964491,Plein jour,Hors agglomération,Intersection en Y,Normale,Deux véhicules - côté,3,-1, -1,0,1,1,1,0,1,-1,2,2,1,0,0,1,21.0,52.0,voiture,deux_roues,1,1,4,1,3
202300049793,2023-02-16 10:20:00,2023,2,16,10,20,22,22242,D786 LE HONCHET,48.62138287,-2.40095615,Plein jour,Hors agglomération,Hors intersection,Normale,Deux véhicules - arrière,3,2,2,0,1,1,1,0,1,80,2,2,0,0,1,1,73.0,31.0,voiture,utilitaire_camion,1,1,1,1,2
202300049794,2023-12-03 14:55:00,2023,12,3,14,55,73,73269,D921c,45.672851,5.777414,Plein jour,Hors agglomération,Hors intersection,Temps couvert,Autre collision,3,2,2,0,1,1,1,0,3,80,1,1,0,0,0,1,17.0,,deux_roues,,1,1,1,8,6
202300049795,2023-05-05 22:20:00,2023,5,5,22,20,76,76351,VERDUN (RUE DE),49.50275,0.18954,Nuit avec éclairage non allumé,Hors agglomération,Hors intersection,Normale,Trois véhicules et plus - en chaîne,3,3,0,1,2,1,1,2,1,70,3,6,2,0,0,4,,21.0,voiture,voiture,4,1,1,1,4
202300049796,2023-08-25 09:05:00,2023,8,25,9,5,41,41018,BAS RIVIERE,47.57134,1.32488,Plein jour,En agglomération,Hors intersection,Pluie légère,Sans collision,4,2,2,0,1,2,2,0,1,50,1,1,0,0,1,0,16.0,,deux_roues,,1,2,1,2,7
202300049797,2023-12-04 16:35:00,2023,12,4,16,35,84,84088,D49,44.000749,5.013784,Plein jour,Hors agglomération,Hors intersection,Pluie légère,Sans collision,3,2,2,0,1,3,2,0,3,80,1,1,0,1,0,0,53.0,,deux_roues,,1,1,1,2,7
202300049798,2023-07-17 08:10:00,2023,7,17,8,10,77,77186,RD 142 Glandée au grand veneur,48.48082,2.66682,Plein jour,Hors agglomération,Intersection en X,Temps éblouissant,Deux véhicules - côté,3,2,2,0,1,1,1,0,1,70,2,2,0,0,0,2,83.0,24.0,voiture,voiture,1,1,2,7,3
202300049798,2023-07-17 08:10:00,2023,7,17,8,10,77,77186,RD 142 Glandée au grand veneur,48.48082,2.66682,Plein jour,Hors agglomération,Intersection en X,Temps éblouissant,Deux véhicules - côté,3,2,2,0,1,1,1,0,1,70,2,2,0,0,0,2,83.0,24.0,voiture,voiture,1,1,2,7,3
202300049799,2023-03-31 22:00:00,2023,3,31,22,0,69,69294,Autoroute 7  ,45.62936,4.81746,Nuit sans éclairage public,Hors agglomération,Hors intersection,Normale,Trois véhicules et plus - collisions multiples,1,3,6,0,1,1,1,0,1,110,4,5,4,0,1,0,24.0,25.0,deux_roues,voiture,3,1,1,1,5
202300049800,2023-12-04 07:50:00,2023,12,4,7,50,95,95487,8 MAI 1945 (RUE DU),49.145419,2.283488,Nuit avec éclairage allumé,En agglomération,Hors intersection,Pluie forte,Autre collision,4,2,2,0,2,1,3,0,1,50,1,2,1,0,0,1,73.0,,voiture,,5,2,1,3,6
202300049801,2023-05-10 15:15:00,2023,5,10,15,15,76,76349,RD 925,49.90008,1.0512,Plein jour,Hors agglomération,Intersection en T,Normale,Deux véhicules - arrière,3,2, -1,-1,2,1,1,0,1,-1,2,2,1,0,0,1,16.0,37.0,deux_roues,voiture,1,1,3,1,2
202300049801,2023-05-10 15:15:00,2023,5,10,15,15,76,76349,RD 925,49.90008,1.0512,Plein jour,Hors agglomération,Intersection en T,Normale,Deux véhicules - arrière,3,2,2,0,2,1,1,0,1,80,2,2,1,0,0,1,16.0,37.0,deux_roues,voiture,1,1,3,1,2
202300049802,2023-02-18 14:48:00,2023,2,18,14,48,60,60213,N330,49.11857245,2.68707657,Plein jour,Hors agglomération,Hors intersection,Normale,Deux véhicules - frontale,2,2,2,0,2,2,1,0,1,80,2,6,0,0,5,1,21.0,35.0,voiture,voiture,1,1,1,1,1
202300049803,2023-07-17 20:40:00,2023,7,17,20,40,77,77131,D402 ,48.79745,3.09482,Plein jour,Hors agglomération,Hors intersection,Normale,Deux véhicules - arrière,3,1,2,0,4,2,1,0,1,50,2,2,1,0,0,1,20.0,26.0,voiture,deux_roues,1,1,1,1,2
202300049804,2023-03-31 23:14:00,2023,3,31,23,14,91,91560,RN 104,48.66706,2.19177,Nuit sans éclairage public,Hors agglomération,Hors intersection,Normale,Autre collision,2,1,1,0,1,1,1,3,1,110,1,1,0,0,0,1,39.0,,voiture,,3,1,1,1,6
202300049805,2023-08-25 18:35:00,2023,8,25,18,35,38,38544,JOSEPH SAVIGNE(RUE),45.5094,4.855,Crépuscule ou aube,En agglomération,Intersection en T,Normale,Deux véhicules - côté,4,2,1,0,1,1,1,0,1,50,2,3,1,0,0,2,16.0,33.0,voiture,voiture,2,2,3,1,3
202300049805,2023-08-25 18:35:00,2023,8,25,18,35,38,38544,JOSEPH SAVIGNE(RUE),45.5094,4.855,Crépuscule ou aube,En agglomération,Intersection en T,Normale,Deux véhicules - côté,4,2,2,0,2,1,1,0,1,50,2,3,1,0,0,2,16.0,33.0,voiture,voiture,2,2,3,1,3
202300049806,2023-12-03 20:50:00,2023,12,3,20,50,95,95529,NEUVE (ROUTE),49.170706,2.211256,Nuit sans éclairage public,En agglomération,Hors intersection,Normale,Autre collision,4,2,2,0,2,3,1,0,3,50,1,1,0,0,1,0,22.0,,voiture,,3,2,1,1,6
202300049807,2023-02-17 20:50:00,2023,2,17,20,50,60,60160,D15,49.590893,2.733665,Nuit sans éclairage public,Hors agglomération,Hors intersection,Normale,Sans collision,3,2,2,0,1,1,1,0,1,80,1,1,0,0,0,1,19.0,,deux_roues,,3,1,1,1,7
202300049808,2023-11-29 23:00:00,2023,11,29,23,0,29,29181,lotissement de Keranfloch,48.48832652,-4.24142317,Nuit sans éclairage public,Hors agglomération,Hors intersection,Normale,Sans collision,2,1,2,0,1,1,2,0,3,110,1,1,0,0,1,0,34.0,,utilitaire_camion,,3,1,1,1,7
202300049809,2023-05-09 20:15:00,2023,5,9,20,15,76,76217,CITE DE LIMES (RUE),49.92752,1.08789,Plein jour,En agglomération,Intersection à plus de 4 branches,Normale,Autre collision,3,1,1,0,2,2,1,0,4,30,1,2,1,0,0,1,42.0,,deux_roues,,1,2,5,1,6
202300049809,2023-05-09 20:15:00,2023,5,9,20,15,76,76217,CITE DE LIMES (RUE),49.92752,1.08789,Plein jour,En agglomération,Intersection à plus de 4 branches,Normale,Autre collision,3,2, -1,-1,2,2,1,0,4,-1,1,2,1,0,0,1,42.0,,deux_roues,,1,2,5,1,6
202300049810,2023-08-26 21:10:00,2023,8,26,21,10,37,37214,DE GAULLE (BD CHARLES),47.41011,0.67866,Nuit avec éclairage allumé,En agglomération,Hors intersection,Normale,Deux véhicules - arrière,4,2,2,0,1,1,1,0,1,50,2,2,1,0,0,1,32.0,,utilitaire_camion,,5,2,1,1,2
202300049811,2023-03-31 15:05:00,2023,3,31,15,5,91,91161,AUTOROUTE A6,48.69894,2.31261,Plein jour,Hors agglomération,Hors intersection,Normale,Trois véhicules et plus - en chaîne,1,3,3,0,1,1,1,0,1,110,4,4,2,0,0,2,46.0,28.0,utilitaire_camion,voiture,1,1,1,1,4
202300049812,2023-02-18 13:40:00,2023,2,18,13,40,02,02381,Route de Blangy,49.942828,4.087075,Plein jour,Hors agglomération,Hors intersection,Normale,Autre collision,4,2,1,0,4,3,1,0,3,50,1,2,0,0,1,1,18.0,,voiture,,1,1,1,1,6
202300049813,2023-12-02 20:00:00,2023,12,2,20,0,974,97410,Rond-Point des Plaines,-21.047311,55.717099,Nuit avec éclairage allumé,En agglomération,Giratoire,Normale,Deux véhicules - frontale,2,3,2,0,1,3,1,5,1,50,2,2,1,0,0,1,62.0,15.0,voiture,deux_roues,5,2,6,1,1
202300049814,2023-07-16 12:00:00,2023,7,16,12,0,76,76231,Rue de la Saussaye,49.271,0.997,Plein jour,Hors agglomération,Hors intersection,Pluie légère,Deux véhicules - frontale,7,2,2,0,2,1,2,0,1,80,2,4,1,0,2,1,25.0,41.0,voiture,voiture,1,1,1,2,1
202300049815,2023-04-01 10:20:00,2023,4,1,10,20,92,92062,A14,48.89302103,2.2348168,Nuit avec éclairage allumé,Hors agglomération,Hors intersection,Autre,Sans collision,1,-1,1,0,1,3,8,1,1,50,1,1,0,0,0,1,38.0,,deux_roues,,5,1,1,9,7
202300049816,2023-05-10 20:30:00,2023,5,10,20,30,74,74012,AMOUREUX (RUE DES),46.1904,6.23443,Crépuscule ou aube,En agglomération,Intersection à plus de 4 branches,Normale,Deux véhicules - côté,4,-1,4,0,1,1,1,0,1,50,2,2,1,0,0,1,22.0,46.0,voiture,deux_roues,2,2,5,1,3
202300049816,2023-05-10 20:30:00,2023,5,10,20,30,74,74012,AMOUREUX (RUE DES),46.1904,6.23443,Crépuscule ou aube,En agglomération,Intersection à plus de 4 branches,Normale,Deux véhicules - côté,4,1,4,0,1,1,1,0,1,50,2,2,1,0,0,1,22.0,46.0,voiture,deux_roues,2,2,5,1,3
202300049817,2023-08-26 03:45:00,2023,8,26,3,45,34,34172,Avenue des Garrats,43.61003,3.83876,Nuit avec éclairage allumé,En agglomération,Hors intersection,Normale,Deux véhicules - côté,4,2,4,0,1,1,1,0,1,50,2,3,2,0,0,1,24.0,36.0,voiture,voiture,5,2,1,1,3
202300049818,2023-02-17 20:45:00,2023,2,17,20,45,80,80442,Rue des Osiers,49.740568,2.977016,Nuit avec éclairage allumé,Hors agglomération,Hors intersection,Normale,Sans collision,4,-1,2,0,1,2,1,0,3,50,1,1,0,0,1,0,16.0,,deux_roues,,5,1,1,1,7
202300049819,2023-09-01 19:33:00,2023,9,1,19,33,30,30334,Place des Cordeliers,44.012077,4.41601,Plein jour,En agglomération,Hors intersection,Normale,Autre collision,6,-1, -1,0,1,1,1,0,1,-1,1,2,1,0,0,1,56.0,,voiture,,1,2,1,1,6
202300049820,2023-03-31 16:00:00,2023,3,31,16,0,93,93005,AUTOROUTE A3,48.9588,2.4733,Plein jour,Hors agglomération,Hors intersection,Normale,Deux véhicules - côté,1,3,6,0,1,1,1,0,1,90,2,2,1,0,0,1,35.0,34.0,deux_roues,voiture,1,1,1,1,3
202300049821,2023-07-17 10:00:00,2023,7,17,10,0,69,69256,Avenue de Böhlen,45.7646,4.91931,Plein jour,En agglomération,Intersection en X,Normale,Deux véhicules - côté,4,2,4,0,1,1,1,0,1,30,2,4,2,0,0,2,56.0,40.0,utilitaire_camion,voiture,1,2,2,1,3
202300049821,2023-07-17 10:00:00,2023,7,17,10,0,69,69256,Avenue de Böhlen,45.7646,4.91931,Plein jour,En agglomération,Intersection en X,Normale,Deux véhicules - côté,4,2,2,3,1,1,1,0,1,30,2,4,2,0,0,2,56.0,40.0,utilitaire_camion,voiture,1,2,2,1,3