accident_id,datetime,annee,mois,jour,heure,minute,departement,commune_insee,adresse,latitude,longitude,luminosite,agglomeration,intersection,meteo,collision,catr,circ,nbv,vosp,prof,plan,surf,infra,situ,vma,nb_vehicules,nb_usagers,nb_indemnes,nb_tues,nb_blesses_hosp,nb_blesses_legers,age_cond_1,age_cond_2,veh_type_cond_1,veh_type_cond_2,lum_code,agg_code,int_code,atm_code,col_code
202300049822,2023-05-10 11:45:00,2023,5,10,11,45,74,74012,ETREMBIERES (ROUTE D'),46.18759,6.23253,Plein jour,En agglomération,Intersection en Y,Normale,Deux véhicules - arrière,4,1,2,0,1,3,1,0,1,50,2,2,1,0,0,1,25.0,37.0,voiture,voiture,1,2,4,1,2
202300049822,2023-05-10 11:45:00,2023,5,10,11,45,74,74012,ETREMBIERES (ROUTE D'),46.18759,6.23253,Plein jour,En agglomération,Intersection en Y,Normale,Deux véhicules - arrière,4,2,2,0,2,3,1,0,1,50,2,2,1,0,0,1,25.0,37.0,voiture,voiture,1,2,4,1,2
202300049823,2023-11-17 14:45:00,2023,11,17,14,45,31,31203,34 Avenue du Chêne Vert,43.512835,1.324118,Plein jour,En agglomération,Hors intersection,Normale,Autre collision,3,2,2,0,1,1,1,0,1,50,1,2,1,0,1,0,30.0,,voiture,,1,2,1,1,6
202300049824,2023-04-01 07:10:00,2023,4,1,7,10,988,98818,N°21 RUE GEORGES LEQUES,-22.22977,166.49042,Plein jour,En agglomération,Hors intersection,Normale,Autre collision,4,2,2,0,1,1,1,9,3,50,1,3,2,0,0,1,33.0,,voiture,,1,2,1,1,6
202300049825,2023-08-26 18:50:00,2023,8,26,18,50,34,34172,ORIENT (BOULEVARD D'),43.60297,3.88733,Plein jour,En agglomération,Hors intersection,Normale,Trois véhicules et plus - en chaîne,4,2,2,2,1,1,1,0,1,30,3,3,2,0,0,1,,36.0,utilitaire_camion,deux_roues,1,2,1,1,4
202300049826,2023-05-10 08:30:00,2023,5,10,8,30,72,72181,ESTIENNE D'ORVES (BD D'),48.01005,0.17125,Plein jour,En agglomération,Hors intersection,Normale,Deux véhicules - arrière,3,-1,0,0,2,1,1,0,1,70,2,2,1,0,0,1,35.0,32.0,voiture,deux_roues,1,2,1,1,2
202300049827,2023-07-17 19:05:00,2023,7,17,19,5,69,69290,Rue de Provence,45.69383,4.92315,Plein jour,En agglomération,Intersection à plus de 4 branches,Normale,Deux véhicules - côté,4,2,2,0,1,1,1,0,1,50,2,2,0,0,0,2,24.0,24.0,voiture,voiture,1,2,5,1,3
202300049827,2023-07-17 19:05:00,2023,7,17,19,5,69,69290,Rue de Provence,45.69383,4.92315,Plein jour,En agglomération,Intersection à plus de 4 branches,Normale,Deux véhicules - côté,4,2,3,0,1,1,1,0,1,50,2,2,0,0,0,2,24.0,24.0,voiture,voiture,1,2,5,1,3
202300049828,2023-03-31 20:25:00,2023,3,31,20,25,974,97411,JAURES (BLD 1 JEAN),-20.90085,55.49259,Nuit avec éclairage allumé,Hors agglomération,Hors intersection,Normale,Deux véhicules - arrière,2,3,2,1,1,1,1,0,1,30,2,3,2,0,0,1,24.0,45.0,voiture,voiture,5,1,1,1,2
202300049829,2023-12-04 08:45:00,2023,12,4,8,45,79,79355,,46.310096,-0.377537,Plein jour,Hors agglomération,Hors intersection,Pluie légère,Trois véhicules et plus - en chaîne,3,2,4,3,1,3,2,0,1,90,3,3,1,0,1,1,59.0,19.0,voiture,utilitaire_camion,1,1,1,2,4
202300049830,2023-02-17 07:28:00,2023,2,17,7,28,13,13215,A7-Sens Marseille vers Lyon,43.37771,5.35766,Plein jour,Hors agglomération,Hors intersection,Normale,Deux véhicules - côté,1,-1,3,0,2,3,1,0,1,90,2,2,1,0,0,1,51.0,35.0,deux_roues,utilitaire_camion,1,1,1,1,3
202300049831,2023-08-25 02:12:00,2023,8,25,2,12,34,34336,MEDITERRANEE (ROND POINT DE LA),43.32004,3.29336,Nuit sans éclairage public,Hors agglomération,Giratoire,Normale,Deux véhicules - côté,3,1,2,0,1,2,1,5,1,30,2,3,1,0,0,2,33.0,55.0,voiture,voiture,3,1,6,1,3
202300049831,2023-08-25 02:12:00,2023,8,25,2,12,34,34336,MEDITERRANEE (ROND POINT DE LA),43.32004,3.29336,Nuit sans éclairage public,Hors agglomération,Giratoire,Normale,Deux véhicules - côté,3,1,2,0,1,1,1,5,1,30,2,3,1,0,0,2,33.0,55.0,voiture,voiture,3,1,6,1,3
202300049832,2023-09-30 10:15:00,2023,9,30,10,15,06,06136,2415 Route du Col Saint Jean,43.858854,7.442765,Plein jour,Hors agglomération,Hors intersection,Normale,Deux véhicules - frontale,3,2,2,0,2,4,1,0,1,80,2,2,0,0,1,1,40.0,55.0,deux_roues,deux_roues,1,1,1,1,1
202300049833,2023-05-08 14:05:00,2023,5,8,14,5,72,72181,LIBERATION (AV DE LA) N° PAIRS 2 A 122,48.00469,0.18722,Plein jour,En agglomération,Hors intersection,Normale,Deux véhicules - arrière,4,-1,2,0,1,1,1,0,1,50,2,3,2,0,0,1,88.0,34.0,voiture,voiture,1,2,1,1,2
202300049834,2023-03-31 19:10:00,2023,3,31,19,10,973,97302,CRIQUE FOUILLEE (ROND POINT),4.89673,-52.32841,Nuit avec éclairage allumé,Hors agglomération,Giratoire,Pluie légère,Deux véhicules - côté,2,3,2,0,1,3,2,0,1,50,2,3,1,0,0,2,23.0,42.0,voiture,deux_roues,5,1,6,2,3
202300049835,2023-12-04 12:50:00,2023,12,4,12,50,33,33140,Le Genestat,44.782574,-0.32209,Plein jour,Hors agglomération,Hors intersection,Pluie légère,Autre collision,4,2,2,0,1,4,2,0,3,30,1,4,2,0,0,2,21.0,,voiture,,1,1,1,2,6
202300049836,2023-02-15 06:30:00,2023,2,15,6,30,69,69199,Route Départementale 383,45.70257,4.84491,Nuit avec éclairage allumé,Hors agglomération,Hors intersection,Normale,Deux véhicules - côté,7,3,6,0,1,1,1,0,1,70,2,2,1,0,0,1,64.0,,voiture,voiture,5,1,1,1,3
202300049837,2023-08-25 14:05:00,2023,8,25,14,5,34,34003,Route de Rochelongue,43.29926,3.47837,Plein jour,En agglomération,Hors intersection,Normale,Deux véhicules - côté,4,3,2,1,2,1,1,0,1,50,2,2,1,0,0,1,17.0,30.0,voiture,deux_roues,1,2,1,1,3
202300049838,2023-09-29 18:10:00,2023,9,29,18,10,06,06079,Boulevard des Écureuils,43.542859,6.942245,Plein jour,En agglomération,Hors intersection,Normale,Autre collision,4,2,2,0,1,1,1,0,1,50,1,2,1,0,0,1,81.0,,voiture,,1,2,1,1,6
202300049839,2023-07-17 05:05:00,2023,7,17,5,5,67,67482,ROMAINS (ROUTE DES),48.5781,7.70354,Crépuscule ou aube,En agglomération,Hors intersection,Normale,Deux véhicules - arrière,4,2,2,1,1,2,1,0,5,50,2,2,1,0,1,0,45.0,,deux_roues,voiture,2,2,1,1,2
202300049840,2023-03-31 09:50:00,2023,3,31,9,50,973,97302,EBOUE (ROCADE FELIX),4.9304,-52.31416,Plein jour,En agglomération,Hors intersection,Normale,Deux véhicules - arrière,3,2,2,0,1,1,1,0,1,50,2,2,1,0,0,1,36.0,45.0,voiture,utilitaire_camion,1,2,1,1,2
202300049841,2023-05-04 16:58:00,2023,5,4,16,58,72,72181,KLOTZ HENRI-PIERRE (AV),48.0201,0.16227,Plein jour,En agglomération,Hors intersection,Normale,Deux véhicules - côté,4,2,2,0,1,1,1,0,1,50,2,2,1,0,0,1,68.0,59.0,voiture,deux_roues,1,2,1,1,3
202300049842,2023-11-23 10:40:00,2023,11,23,10,40,61,61294,Intersection D26 / D206,48.641827,0.084108,Plein jour,En agglomération,Intersection en T,Pluie légère,Deux véhicules - côté,3,2,2,0,1,3,2,0,1,50,2,2,1,0,1,0,49.0,43.0,utilitaire_camion,voiture,1,2,3,2,3
202300049842,2023-11-23 10:40:00,2023,11,23,10,40,61,61294,Intersection D26 / D206,48.641827,0.084108,Plein jour,En agglomération,Intersection en T,Pluie légère,Deux véhicules - côté,3,2,2,0,2,1,2,0,1,50,2,2,1,0,1,0,49.0,43.0,utilitaire_camion,voiture,1,2,3,2,3
202300049843,2023-09-30 04:40:00,2023,9,30,4,40,05,05084,N94,44.553888,6.242219,Nuit sans éclairage public,Hors agglomération,Hors intersection,Normale,Autre collision,2,2,2,0,1,3,1,0,3,80,1,2,1,1,0,0,35.0,,voiture,,3,1,1,1,6
202300049844,2023-02-17 19:41:00,2023,2,17,19,41,33,33249,ROCADE A 630,44.87987,-0.53659,Nuit sans éclairage public,Hors agglomération,Hors intersection,Normale,Trois véhicules et plus - en chaîne,1,3,6,0,2,1,1,2,1,70,3,4,2,0,0,2,23.0,51.0,voiture,voiture,3,1,1,1,4
202300049845,2023-08-26 21:00:00,2023,8,26,21,0,33,33063,Parc d'activités des Queyries,44.85119,-0.56072,Crépuscule ou aube,En agglomération,Hors intersection,Normale,Deux véhicules - côté,4,2,2,1,1,1,1,6,5,30,2,2,1,0,0,1,28.0,47.0,voiture,deux_roues,2,2,1,1,3
202300049846,2023-03-31 08:12:00,2023,3,31,8,12,973,97302,BOUDINOT (AUGUSTE) CITE THEMIRE,4.93406238,-52.31926364,Plein jour,En agglomération,Hors intersection,Normale,Autre collision,4,2,2,0,1,1,1,0,1,50,1,2,1,0,0,1,61.0,,voiture,,1,2,1,1,6
202300049847,2023-07-16 12:11:00,2023,7,16,12,11,63,63103,PEROUSE (RUE DE LA),45.9191,3.07986,Plein jour,En agglomération,Autre intersection,Normale,Deux véhicules - côté,4,2,2,0,1,2,1,0,1,50,2,3,1,0,0,2,20.0,22.0,voiture,voiture,1,2,9,1,3
202300049848,2023-05-05 18:22:00,2023,5,5,18,22,72,72181,GENESLAY FELIX (AV) N° PAIRS 288 ET plus,47.96927,0.20108,Plein jour,En agglomération,Intersection en T,Normale,Deux véhicules - arrière,4,2,2,0,1,1,1,0,1,50,2,2,0,0,0,2,34.0,90.0,voiture,utilitaire_camion,1,2,3,1,2
202300049848,2023-05-05 18:22:00,2023,5,5,18,22,72,72181,GENESLAY FELIX (AV) N° PAIRS 288 ET plus,47.96927,0.20108,Plein jour,En agglomération,Intersection en T,Normale,Deux véhicules - arrière,4,2,2,0,1,1,1,0,1,50,2,2,0,0,0,2,34.0,90.0,voiture,utilitaire_camion,1,2,3,1,2
202300049849,2023-11-30 07:20:00,2023,11,30,7,20,68,68384,Faubourg de Mulhouse,47.698484,7.305758,Crépuscule ou aube,En agglomération,Intersection en T,Pluie légère,Autre collision,3,2,1,1,2,3,2,5,5,50,1,3,1,0,0,2,51.0,,voiture,,2,2,3,2,6
202300049849,2023-11-30 07:20:00,2023,11,30,7,20,68,68384,Faubourg de Mulhouse,47.698484,7.305758,Crépuscule ou aube,En agglomération,Intersection en T,Pluie légère,Autre collision,3,2, -1,-1,2,1,2,5,5,-1,1,3,1,0,0,2,51.0,,voiture,,2,2,3,2,6
202300049850,2023-09-29 19:25:00,2023,9,29,19,25,50,50419,Rue du Mont Saint Michel,48.960469,-1.474392,Crépuscule ou aube,Hors agglomération,Intersection en T,Normale,Deux véhicules - côté,3,2,2,0,1,1,1,0,1,80,2,2,1,0,0,1,41.0,45.0,utilitaire_camion,voiture,2,1,3,1,3
202300049850,2023-09-29 19:25:00,2023,9,29,19,25,50,50419,Rue du Mont Saint Michel,48.960469,-1.474392,Crépuscule ou aube,Hors agglomération,Intersection en T,Normale,Deux véhicules - côté,3,2,2,0,3,1,1,0,1,80,2,2,1,0,0,1,41.0,45.0,utilitaire_camion,voiture,2,1,3,1,3
202300049851,2023-03-31 18:15:00,2023,3,31,18,15,69,69388,Rue Croix-Barret,45.7371,4.85024,Plein jour,En agglomération,Intersection en X,Temps couvert,Deux véhicules - côté,4,2,2,0,1,1,1,0,1,50,2,2,1,0,0,1,43.0,21.0,deux_roues,voiture,1,2,2,8,3
202300049851,2023-03-31 18:15:00,2023,3,31,18,15,69,69388,Rue Croix-Barret,45.7371,4.85024,Plein jour,En agglomération,Intersection en X,Temps couvert,Deux véhicules - côté,4,2,2,2,1,1,1,0,1,50,2,2,1,0,0,1,43.0,21.0,deux_roues,voiture,1,2,2,8,3
202300049852,2023-07-18 00:15:00,2023,7,18,0,15,59,59350,LANGEVIN RUE DU PROFESSEUR,50.620096,3.083378,Nuit avec éclairage allumé,Hors agglomération,Hors intersection,Normale,Autre collision,4,-1,1,0,1,1,1,9,8,30,1,2,1,0,1,0,,,voiture,,5,1,1,1,6
202300049853,2023-05-09 03:20:00,2023,5,9,3,20,71,71497,GENERAL DE GAULLE (BOULEVARD DU),46.34981341,4.84947547,Nuit sans éclairage public,Hors agglomération,Hors intersection,Normale,Autre collision,3,2,2,0,1,2,1,0,8,90,1,1,0,1,0,0,30.0,,voiture,,3,1,1,1,6
202300049854,2023-12-04 19:00:00,2023,12,4,19,0,25,25436,D119,47.334358,6.554589,Nuit sans éclairage public,Hors agglomération,Hors intersection,Pluie légère,Autre collision,3,2,2,0,1,1,2,0,3,80,1,1,0,0,1,0,19.0,,voiture,,3,1,1,2,6
202300049855,2023-08-26 18:45:00,2023,8,26,18,45,33,33063,Boulevard Alfred Daney,44.86697,-0.57323,Plein jour,En agglomération,Intersection en T,Normale,Trois véhicules et plus - collisions multiples,4,3,4,3,1,1,1,0,1,50,3,4,2,0,0,2,33.0,16.0,voiture,deux_roues,1,2,3,1,5
202300049855,2023-08-26 18:45:00,2023,8,26,18,45,33,33063,Boulevard Alfred Daney,44.86697,-0.57323,Plein jour,En agglomération,Intersection en T,Normale,Trois véhicules et plus - collisions multiples,4,2,2,0,1,1,1,0,1,30,3,4,2,0,0,2,33.0,16.0,voiture,deux_roues,1,2,3,1,5
202300049856,2023-03-31 15:10:00,2023,3,31,15,10,972,97209,FRANCOIS MITTERAND (PLACE),14.6047335,-61.0644768,Plein jour,En agglomération,Hors intersection,Normale,Deux véhicules - côté,2,2,2,3,1,1,1,0,1,30,2,2,1,0,0,1,,23.0,voiture,deux_roues,1,2,1,1,3
202300049857,2023-02-17 17:27:00,2023,2,17,17,27,33,33487,AUTOROUTE A 10,44.95409,-0.45589,Plein jour,Hors agglomération,Hors intersection,Normale,Trois véhicules et plus - en chaîne,1,3,6,0,3,1,1,2,1,130,4,7,5,0,0,2,51.0,27.0,voiture,voiture,1,1,1,1,4
202300049858,2023-07-16 07:40:00,2023,7,16,7,40,57,57491,COTE DES GAYES (ROUTE DE LA),49.25126,6.03502,Plein jour,En agglomération,Hors intersection,Normale,Sans collision,4,2,2,0,2,1,1,0,1,50,1,1,0,0,1,0,28.0,,voiture,,1,2,1,1,7
202300049859,2023-05-09 19:30:00,2023,5,9,19,30,69,69286,4 Place Maurice Ravel,45.81725692,4.89735976,Plein jour,En agglomération,Hors intersection,Normale,Deux véhicules - côté,4,1,1,0,1,1,1,0,1,-1,2,2,1,0,0,1,8.0,35.0,autre,voiture,1,2,1,1,3
202300049860,2023-08-25 19:10:00,2023,8,25,19,10,33,33318,Avenue Jean Jaurès,44.81348238,-0.6125991,Plein jour,En agglomération,Hors intersection,Normale,Autre collision,4,2,2,2,1,1,1,0,1,30,1,2,0,1,1,0,47.0,,deux_roues,,1,2,1,1,6
202300049861,2023-03-30 15:25:00,2023,3,30,15,25,971,97120,CHANZY (BOULEVARD),16.24112,-61.53602,Plein jour,En agglomération,Intersection en X,Normale,Autre collision,3,3,4,0,1,1,1,5,1,50,1,2,1,0,0,1,24.0,,voiture,,1,2,2,1,6
202300049861,2023-03-30 15:25:00,2023,3,30,15,25,971,97120,CHANZY (BOULEVARD),16.24112,-61.53602,Plein jour,En agglomération,Intersection en X,Normale,Autre collision,3,1,1,0,1,1,1,5,1,50,1,2,1,0,0,1,24.0,,voiture,,1,2,2,1,6
202300049862,2023-07-13 08:40:00,2023,7,13,8,40,57,57283,AVENUE DE FRANCE,49.25025,6.16006,Plein jour,En agglomération,Hors intersection,Normale,Autre collision,4,3,2,0,4,1,1,0,1,50,1,2,1,0,1,0,35.0,,voiture,,1,2,1,1,6
202300049863,2023-09-29 23:40:00,2023,9,29,23,40,73,73124,N90,45.64942,6.342716,Nuit sans éclairage public,Hors agglomération,Hors intersection,Normale,Autre collision,2,1,1,0,1,1,1,3,3,-1,1,2,0,1,1,0,27.0,,voiture,,3,1,1,1,6
202300049864,2023-12-03 13:50:00,2023,12,3,13,50,29,29269,Kergall,47.94906068,-3.62635686,Plein jour,Hors agglomération,Hors intersection,Pluie forte,Sans collision,3,2,2,0,2,1,2,0,1,80,1,2,0,0,0,2,17.0,,deux_roues,,1,1,1,3,7
202300049865,2023-05-09 19:30:00,2023,5,9,19,30,69,69275,21 Rue Michel Servet,45.75969,4.96872,Plein jour,En agglomération,Hors intersection,Temps couvert,Sans collision,4,2,2,0,2,2,2,0,1,50,1,1,0,0,0,1,62.0,,deux_roues,,1,2,1,8,7
202300049866,2023-02-17 16:15:00,2023,2,17,16,15,33,33192,ROCADE A 630,44.78742,-0.59805,Plein jour,Hors agglomération,Hors intersection,Normale,Deux véhicules - côté,1,3,6,0,1,1,1,0,1,90,2,4,3,0,0,1,21.0,45.0,voiture,utilitaire_camion,1,1,1,1,3
202300049867,2023-08-25 19:35:00,2023,8,25,19,35,33,33192,Rue de Lahouneau,44.77959,-0.61213,Plein jour,En agglomération,Hors intersection,Normale,Deux véhicules - arrière,4,2,2,2,1,1,1,0,1,50,2,2,1,0,0,1,32.0,34.0,voiture,voiture,1,2,1,1,2
202300049868,2023-03-31 12:30:00,2023,3,31,12,30,95,95197,Avenue de la Division Leclerc,48.968804,2.315016,Plein jour,En agglomération,Hors intersection,Pluie forte,Deux véhicules - arrière,3,2,2,0,1,1,2,0,1,50,2,2,1,0,0,1,28.0,41.0,utilitaire_camion,deux_roues,1,2,1,3,2
202300049869,2023-09-30 15:00:00,2023,9,30,15,0,10,10317,D17,47.98947044,4.33289027,Plein jour,Hors agglomération,Hors intersection,Normale,Autre collision,3,2,2,0,2,2,1,0,3,80,1,2,1,0,0,1,51.0,,voiture,,1,1,1,1,6
202300049870,2023-05-09 09:30:00,2023,5,9,9,30,69,69256,7 Chemin de la Ferme,45.78645791,4.91223708,Plein jour,En agglomération,Hors intersection,Normale,Autre collision,4,1,1,0,1,1,1,0,1,30,1,2,1,0,0,1,49.0,,utilitaire_camion,,1,2,1,1,6
202300049871,2023-07-16 20:10:00,2023,7,16,20,10,54,54263,Avenue Maurice Kriegel Valrimont,49.21032,5.99512,Plein jour,Hors agglomération,Hors intersection,Normale,Deux véhicules - côté,3,2,2,0,2,2,1,0,1,80,2,5,3,0,0,2,47.0,30.0,voiture,voiture,1,1,1,1,3
202300049872,2023-09-29 13:10:00,2023,9,29,13,10,04,04094,Route Départementale 4,43.752055,5.804365,Plein jour,Hors agglomération,Hors intersection,Normale,Deux véhicules - frontale,3,2,2,0,1,1,1,0,1,80,2,2,0,0,1,1,28.0,49.0,voiture,voiture,1,1,1,1,1
202300049873,2023-08-25 10:20:00,2023,8,25,10,20,33,33063,Rue de Pessac,44.82539,-0.5892,Plein jour,En agglomération,Intersection en X,Normale,Deux véhicules - côté,4,2,4,3,1,1,1,0,1,50,2,2,1,0,0,1,33.0,51.0,utilitaire_camion,deux_roues,1,2,2,1,3
202300049873,2023-08-25 10:20:00,2023,8,25,10,20,33,33063,Rue de Pessac,44.82539,-0.5892,Plein jour,En agglomération,Intersection en X,Normale,Deux véhicules - côté,4,2,4,0,1,1,1,0,1,50,2,2,1,0,0,1,33.0,51.0,utilitaire_camion,deux_roues,1,2,2,1,3
202300049874,2023-02-16 23:35:00,2023,2,16,23,35,33,33366,AUTOROUTE A 10,44.98296,-0.42853,Nuit sans éclairage public,Hors agglomération,Hors intersection,Normale,Trois véhicules et plus - en chaîne,1,3,6,0,1,1,1,0,1,110,3,3,2,0,0,1,25.0,39.0,utilitaire_camion,voiture,3,1,1,1,4
202300049875,2023-12-04 07:37:00,2023,12,4,7,37,01,01350,D1083,46.264073,5.280347,Crépuscule ou aube,Hors agglomération,Hors intersection,Normale,Trois véhicules et plus - collisions multiples,3,2,2,0,1,1,1,0,1,80,4,6,3,0,1,2,41.0,60.0,voiture,utilitaire_camion,2,1,1,1,5
202300049876,2023-05-10 10:30:00,2023,5,10,10,30,69,69264,Rue Pierre Berthier,45.98565,4.72767,Plein jour,En agglomération,Hors intersection,Normale,Autre collision,3,1,1,2,1,1,1,0,4,50,1,2,1,0,0,1,26.0,,voiture,,1,2,1,1,6
202300049877,2023-03-31 22:00:00,2023,3,31,22,0,95,95127,Rue Francis Combe,49.045732,2.071387,Nuit sans éclairage public,En agglomération,Intersection en X,Vent fort / tempête,Deux véhicules - côté,4,2,2,0,1,1,1,0,1,50,2,2,1,0,1,0,43.0,43.0,voiture,deux_roues,3,2,2,6,3
202300049877,2023-03-31 22:00:00,2023,3,31,22,0,95,95127,Rue Francis Combe,49.045732,2.071387,Nuit sans éclairage public,En agglomération,Intersection en X,Vent fort / tempête,Deux véhicules - côté,4,2,2,0,1,1,1,0,1,50,2,2,1,0,1,0,43.0,43.0,voiture,deux_roues,3,2,2,6,3
202300049878,2023-09-29 17:45:00,2023,9,29,17,45,85,85164,D38,46.83021,-2.131427,Crépuscule ou aube,En agglomération,Giratoire,Normale,Autre collision,3,2,2,0,1,1,1,0,1,50,1,2,1,0,0,1,68.0,,voiture,,2,2,6,1,6
202300049879,2023-02-16 06:10:00,2023,2,16,6,10,62,62637,A1,50.464173,2.975128,Nuit sans éclairage public,Hors agglomération,Hors intersection,Normale,Autre collision,1,-1,6,0,1,1,1,0,1,130,1,1,0,0,0,1,22.0,,voiture,,3,1,1,1,6
202300049880,2023-08-25 01:30:00,2023,8,25,1,30,33,33063,Quai de Paludate,44.82946,-0.5552,Nuit avec éclairage allumé,En agglomération,Hors intersection,Normale,Autre collision,4,1,1,0,1,1,1,5,1,50,1,2,0,0,0,2,35.0,,deux_roues,,5,2,1,1,6
202300049881,2023-07-07 21:38:00,2023,7,7,21,38,51,51454,POMPELLE (RUE),49.25284,4.04929,Plein jour,En agglomération,Intersection en X,Normale,Deux véhicules - côté,4,-1,2,0,1,1,1,0,1,50,2,2,1,0,0,1,58.0,26.0,voiture,deux_roues,1,2,2,1,3
202300049881,2023-07-07 21:38:00,2023,7,7,21,38,51,51454,POMPELLE (RUE),49.25284,4.04929,Plein jour,En agglomération,Intersection en X,Normale,Deux véhicules - côté,4,2,2,0,1,1,1,0,1,50,2,2,1,0,0,1,58.0,26.0,voiture,deux_roues,1,2,2,1,3
202300049882,2023-05-10 07:30:00,2023,5,10,7,30,69,69259,Rue Vaillant Couturier,45.72695,4.86073,Plein jour,En agglomération,Hors intersection,Normale,Deux véhicules - frontale,4,1,1,2,1,1,1,0,5,50,2,2,1,0,0,1,27.0,28.0,deux_roues,utilitaire_camion,1,2,1,1,1
202300049883,2023-12-02 23:40:00,2023,12,2,23,40,54,54363,Rue de Boudrezy,49.37005398,5.82374096,Nuit sans éclairage public,En agglomération,Hors intersection,Normale,Deux véhicules - frontale,3,2,2,0,1,2,1,0,1,50,2,3,1,0,2,0,34.0,30.0,voiture,voiture,3,2,1,1,1
202300049884,2023-03-31 19:10:00,2023,3,31,19,10,91,91201,AV DE L EUROPE,48.683542,2.432061,Plein jour,En agglomération,Intersection en X,Normale,Deux véhicules - côté,3,2,2,0,1,1,1,0,1,50,2,4,3,0,0,1,22.0,40.0,deux_roues,voiture,1,2,2,1,3
202300049884,2023-03-31 19:10:00,2023,3,31,19,10,91,91201,AV DE L EUROPE,48.683542,2.432061,Plein jour,En agglomération,Intersection en X,Normale,Deux véhicules - côté,3,2,2,0,1,1,1,0,1,50,2,4,3,0,0,1,22.0,40.0,deux_roues,voiture,1,2,2,1,3
202300049885,2023-09-29 20:50:00,2023,9,29,20,50,87,87191,RN21,45.752897,1.058893,Nuit sans éclairage public,Hors agglomération,Hors intersection,Normale,Deux véhicules - côté,2,2,2,0,1,1,1,0,1,80,2,3,1,0,0,2,24.0,22.0,voiture,voiture,3,1,1,1,3
202300049886,2023-11-30 17:40:00,2023,11,30,17,40,07,07313,221 Quai Jules Roche,45.31953938,4.76400554,Nuit avec éclairage allumé,En agglomération,Hors intersection,Temps couvert,Autre collision,3,2,1,0,1,1,2,0,1,50,1,2,1,0,1,0,31.0,,voiture,,5,2,1,8,6
202300049887,2023-02-17 07:30:00,2023,2,17,7,30,78,78208,RN12 EXT,48.799603,1.983725,Crépuscule ou aube,Hors agglomération,Hors intersection,Pluie légère,Deux véhicules - côté,2,-1,2,0,1,1,2,0,1,110,2,2,1,0,0,1,33.0,31.0,deux_roues,utilitaire_camion,2,1,1,2,3
202300049888,2023-08-24 21:45:00,2023,8,24,21,45,31,31555,RUE DU POLE,43.64792,1.42203,Nuit sans éclairage public,En agglomération,Hors intersection,Normale,Deux véhicules - côté,7,-1,0,0,1,1,1,0,1,50,2,2,1,0,1,0,35.0,15.0,voiture,deux_roues,3,2,1,1,3
202300049889,2023-07-17 07:10:00,2023,7,17,7,10,51,51055,POTIERE (RUE),49.27475,4.05753,Plein jour,En agglomération,Autre intersection,Normale,Deux véhicules - côté,4,2,2,0,2,3,1,0,1,50,2,2,1,0,0,1,25.0,53.0,utilitaire_camion,deux_roues,1,2,9,1,3
202300049890,2023-06-13 19:20:00,2023,6,13,19,20,91,91286,PLESSIS (CHEMIN DU),48.65288,2.38521,Plein jour,En agglomération,Hors intersection,Normale,Autre collision,4,2,2,0,1,1,1,0,1,50,1,2,1,0,0,1,48.0,,voiture,,1,2,1,1,6
202300049891,2023-03-30 17:10:00,2023,3,30,17,10,83,83061,D8,43.4188266,6.70322156,Plein jour,Hors agglomération,Autre intersection,Normale,Deux véhicules - côté,3,2,2,0,1,1,1,0,1,70,2,2,1,1,0,0,75.0,37.0,voiture,deux_roues,1,1,9,1,3
202300049892,2023-05-09 17:00:00,2023,5,9,17,0,69,69290,Rue de la Cité de l'Abbé Pierre,45.69516,4.93103,Plein jour,En agglomération,Intersection en X,Pluie forte,Deux véhicules - côté,4,2,2,0,1,1,2,0,1,30,2,3,2,0,0,1,59.0,31.0,voiture,voiture,1,2,2,3,3
202300049893,2023-09-30 05:00:00,2023,9,30,5,0,72,72031,A11 - PK 146+100 - sens LE MANS/PARIS,48.07794753,0.48315883,Nuit sans éclairage public,Hors agglomération,Hors intersection,Normale,Autre collision,1,3,3,0,1,1,1,0,2,130,1,2,1,0,1,0,25.0,,voiture,,3,1,1,1,6
202300049894,2023-11-27 19:20:00,2023,11,27,19,20,07,07157,D86,44.617814,4.734464,Nuit sans éclairage public,Hors agglomération,Hors intersection,Pluie légère,Autre collision,3,2,2,0,1,1,2,0,3,-1,1,1,0,0,0,1,65.0,,voiture,,3,1,1,2,6
202300049895,2023-07-14 04:57:00,2023,7,14,4,57,49,49007,CHURCHILL AVENUE ET SQUARE,47.44881,-0.55977,Nuit avec éclairage allumé,En agglomération,Hors intersection,Normale,Sans collision,4,2,2,2,1,1,1,0,1,30,1,2,1,0,0,1,,,voiture,,5,2,1,1,7
202300049896,2023-01-10 09:30:00,2023,1,10,9,30,85,85112,Rue du 8 mai 1945,46.55044,-1.764641,Plein jour,Hors agglomération,Hors intersection,Temps couvert,Autre collision,4,2,0,0,1,3,2,0,8,70,1,1,0,0,1,0,66.0,,voiture,,1,1,1,8,6
202300049897,2023-02-16 04:50:00,2023,2,16,4,50,93,93007,AUTOROUTE A1,48.94353,2.43618,Nuit sans éclairage public,Hors agglomération,Hors intersection,Normale,Deux véhicules - arrière,1,1,6,0,1,1,1,0,1,90,2,2,1,0,0,1,,44.0,voiture,voiture,3,1,1,1,2
202300049898,2023-03-31 13:50:00,2023,3,31,13,50,77,77058,GENETS (BOULEVARD DES),48.83962241,2.72118207,Plein jour,En agglomération,Hors intersection,Normale,Deux véhicules - côté,4,2,2,0,1,1,1,0,1,50,2,2,1,0,0,1,24.0,61.0,voiture,voiture,1,2,1,1,3