accident_id,datetime,annee,mois,jour,heure,minute,departement,commune_insee,adresse,latitude,longitude,luminosite,agglomeration,intersection,meteo,collision,catr,circ,nbv,vosp,prof,plan,surf,infra,situ,vma,nb_vehicules,nb_usagers,nb_indemnes,nb_tues,nb_blesses_hosp,nb_blesses_legers,age_cond_1,age_cond_2,veh_type_cond_1,veh_type_cond_2,lum_code,agg_code,int_code,atm_code,col_code
202300049972,2023-06-13 08:30:00,2023,6,13,8,30,71,71497,GENERAL DE GAULLE (BOULEVARD DU),46.33916,4.84685,Plein jour,Hors agglomération,Hors intersection,Normale,Deux véhicules - arrière,3,2,0,0,1,1,1,0,1,70,2,2,1,0,1,0,16.0,27.0,deux_roues,utilitaire_camion,1,1,1,1,2
202300049973,2023-08-26 22:30:00,2023,8,26,22,30,13,13208,PRADO (AVENUE DU),43.26229,5.37558,Nuit avec éclairage allumé,En agglomération,Hors intersection,Pluie légère,Autre collision,4,2,4,0,1,1,2,0,1,50,1,2,0,0,1,1,26.0,,deux_roues,,5,2,1,2,6
202300049974,2023-09-29 08:50:00,2023,9,29,8,50,69,69225,Route de la Bussière,45.874425,4.410968,Plein jour,Hors agglomération,Intersection en Y,Normale,Deux véhicules - côté,4,2,2,0,2,1,1,0,1,-1,2,2,1,0,1,0,56.0,61.0,deux_roues,deux_roues,1,1,4,1,3
202300049974,2023-09-29 08:50:00,2023,9,29,8,50,69,69225,Route de la Bussière,45.874425,4.410968,Plein jour,Hors agglomération,Intersection en Y,Normale,Deux véhicules - côté,4,2,2,0,2,1,1,0,1,80,2,2,1,0,1,0,56.0,61.0,deux_roues,deux_roues,1,1,4,1,3
202300049975,2023-05-09 17:15:00,2023,5,9,17,15,64,64024,BAYONNE (AVENUE DE),43.4808,-1.51327,Plein jour,En agglomération,Autre intersection,Pluie légère,Autre collision,3,2,3,3,1,1,2,0,1,30,1,2,1,0,0,1,17.0,,deux_roues,,1,2,9,2,6
202300049976,2023-02-14 17:49:00,2023,2,14,17,49,06,06030,PERIER (LE CANNET),43.56656,6.99151,Crépuscule ou aube,En agglomération,Hors intersection,Normale,Autre collision,4,3,3,2,2,1,1,0,1,30,1,2,1,0,0,1,54.0,,voiture,,2,2,1,1,6
202300049977,2023-07-15 19:00:00,2023,7,15,19,0,28,28218,Rue de Lattre de Tassigny,48.43422,1.45762,Plein jour,En agglomération,Hors intersection,Temps éblouissant,Deux véhicules - côté,4,3,2,0,1,1,1,0,1,50,2,2,1,1,0,0,26.0,19.0,utilitaire_camion,deux_roues,1,2,1,7,3
202300049978,2023-12-03 16:50:00,2023,12,3,16,50,973,97305,RN1 PK 19.800,4.964035,-52.435416,Plein jour,Hors agglomération,Hors intersection,Normale,Deux véhicules - frontale,2,2,2,0,1,1,1,0,1,80,2,3,2,0,1,0,30.0,56.0,voiture,voiture,1,1,1,1,1
202300049979,2023-03-30 16:00:00,2023,3,30,16,0,64,64348,ERCKMAN CHATRIAN,43.32518,-0.38302,Plein jour,En agglomération,Hors intersection,Temps éblouissant,Deux véhicules - arrière,4,2,2,0,1,1,1,0,1,50,2,3,2,0,0,1,63.0,62.0,voiture,deux_roues,1,2,1,7,2
202300049980,2023-08-26 16:08:00,2023,8,26,16,8,13,13203,BELLE DE MAI (RUE),43.31265,5.38528,Plein jour,En agglomération,Hors intersection,Normale,Deux véhicules - arrière,4,1,1,0,1,1,1,0,1,50,2,2,1,0,0,1,19.0,35.0,deux_roues,voiture,1,2,1,1,2
202300049981,2023-05-09 13:00:00,2023,5,9,13,0,64,64102,LAHUBIAGUE (AVENUE),43.48329,-1.48331,Plein jour,En agglomération,Hors intersection,Pluie légère,Autre collision,4,2,2,0,1,1,2,0,1,50,1,1,0,0,0,1,17.0,,deux_roues,,1,2,1,2,6
202300049982,2023-06-12 08:41:00,2023,6,12,8,41,66,66136,LECLERC (AVENUE DU GENERAL),42.70161,2.89058,Plein jour,En agglomération,Hors intersection,Normale,Autre collision,4,1,1,0,1,1,1,6,1,30,1,2,1,0,0,1,56.0,,utilitaire_camion,,1,2,1,1,6
202300049983,2023-02-14 08:20:00,2023,2,14,8,20,83,83129,REPUBLIQUE (AVENUE DE LA),43.09224,5.84124,Plein jour,En agglomération,Hors intersection,Temps éblouissant,Autre collision,4,1,1,0,1,1,1,0,1,30,1,2,1,0,1,0,69.0,,voiture,,1,2,1,7,6
202300049984,2023-09-21 20:15:00,2023,9,21,20,15,69,69143,Avenue Carnot,45.88784454,4.82965521,Nuit avec éclairage allumé,En agglomération,Hors intersection,Pluie forte,Deux véhicules - frontale,7,2,2,1,1,1,3,0,5,30,2,2,0,0,1,1,19.0,56.0,deux_roues,deux_roues,5,2,1,3,1
202300049985,2023-03-30 14:30:00,2023,3,30,14,30,64,64102,AQUITAINE (AVENUE DE L'),43.48632,-1.46527,Plein jour,En agglomération,Hors intersection,Normale,Deux véhicules - côté,3,2,4,0,4,1,1,2,1,50,2,2,0,0,0,2,44.0,43.0,voiture,utilitaire_camion,1,2,1,1,3
202300049986,2023-07-16 22:05:00,2023,7,16,22,5,19,19275,LA COSTE,45.51868438,2.30167866,Crépuscule ou aube,Hors agglomération,Hors intersection,Normale,Autre collision,4,2,0,0,1,3,1,2,1,30,1,2,0,0,0,2,22.0,,voiture,,2,1,1,1,6
202300049987,2023-05-08 19:25:00,2023,5,8,19,25,64,64102,ROND POINT DU GRAND BASQUE,43.49109,-1.45415,Plein jour,En agglomération,Giratoire,Normale,Deux véhicules - côté,3,1,2,0,1,2,1,5,1,50,2,2,1,0,0,1,14.0,,deux_roues,voiture,1,2,6,1,3
202300049988,2023-06-12 12:25:00,2023,6,12,12,25,64,64445,GASTON PHOEBUS,43.30242,-0.37979,Plein jour,En agglomération,Hors intersection,Normale,Deux véhicules - arrière,4,2,3,0,1,1,1,0,1,50,2,2,1,0,0,1,85.0,57.0,voiture,voiture,1,2,1,1,2
202300049989,2023-08-25 14:19:00,2023,8,25,14,19,13,13204,ALEX. FLEMING (BOULEVARD),43.31608,5.39406,Plein jour,En agglomération,Hors intersection,Normale,Trois véhicules et plus - collisions multiples,4,3,3,0,2,1,1,2,1,50,3,3,1,0,0,2,57.0,38.0,deux_roues,utilitaire_camion,1,2,1,1,5
202300049990,2023-02-16 16:40:00,2023,2,16,16,40,974,97416,SUFFREN(RUE),-21.3355,55.47327,Plein jour,En agglomération,Hors intersection,Normale,Autre collision,4,1,1,0,2,1,1,0,1,50,1,2,1,0,0,1,40.0,,voiture,,1,2,1,1,6
202300049991,2023-07-17 13:00:00,2023,7,17,13,0,17,17415,Route Nationale 137,45.72539,-0.64586,Plein jour,Hors agglomération,Hors intersection,Normale,Deux véhicules - arrière,2,2,4,0,1,1,1,0,1,80,2,2,1,0,0,1,23.0,33.0,voiture,utilitaire_camion,1,1,1,1,2
202300049992,2023-03-30 14:25:00,2023,3,30,14,25,64,64102,DE GAULLE (PLACE DU GENERAL),43.49365194,-1.47583187,Plein jour,En agglomération,Hors intersection,Normale,Deux véhicules - côté,6,-1, -1,0,1,1,1,0,1,30,2,3,2,0,0,1,43.0,88.0,voiture,voiture,1,2,1,1,3
202300049993,2023-07-28 10:00:00,2023,7,28,10,0,73,73023,D215,45.225129,6.73522,Plein jour,Hors agglomération,Intersection en T,Normale,Deux véhicules - côté,3,2,2,0,2,3,1,0,1,80,2,2,1,0,1,0,59.0,57.0,deux_roues,voiture,1,1,3,1,3
202300049993,2023-07-28 10:00:00,2023,7,28,10,0,73,73023,D215,45.225129,6.73522,Plein jour,Hors agglomération,Intersection en T,Normale,Deux véhicules - côté,3,-1,2,0,1,3,1,0,1,-1,2,2,1,0,1,0,59.0,57.0,deux_roues,voiture,1,1,3,1,3
202300049994,2023-09-28 18:00:00,2023,9,28,18,0,65,65059,Av des Victimes du 11 Juin 1944,43.074002,0.143412,Plein jour,En agglomération,Intersection en T,Normale,Deux véhicules - côté,3,2,2,0,1,1,1,0,1,50,2,2,1,0,0,1,72.0,36.0,deux_roues,voiture,1,2,3,1,3
202300049994,2023-09-28 18:00:00,2023,9,28,18,0,65,65059,Av des Victimes du 11 Juin 1944,43.074002,0.143412,Plein jour,En agglomération,Intersection en T,Normale,Deux véhicules - côté,3,2, -1,-1,1,1,1,0,1,50,2,2,1,0,0,1,72.0,36.0,deux_roues,voiture,1,2,3,1,3
202300049995,2023-06-13 11:20:00,2023,6,13,11,20,64,64102,MOLINIE (AVENUE JEAN),43.49396,-1.48357,Plein jour,En agglomération,Hors intersection,Normale,Autre collision,4,1,1,0,2,1,1,0,1,30,1,1,0,0,0,1,47.0,,voiture,,1,2,1,1,6
202300049996,2023-05-04 12:00:00,2023,5,4,12,0,62,62666,D161E1,50.47013025,2.87518823,Plein jour,En agglomération,Hors intersection,Normale,Deux véhicules - côté,3,-1,2,0,1,1,1,9,1,50,2,2,1,0,1,0,34.0,18.0,voiture,deux_roues,1,2,1,1,3
202300049997,2023-07-17 11:00:00,2023,7,17,11,0,06,06029,PHALENES (RUE DES),43.55884,7.01693,Plein jour,En agglomération,Hors intersection,Normale,Autre collision,4,1,1,0,1,1,1,0,1,30,1,2,1,0,0,1,33.0,,voiture,,1,2,1,1,6
202300049998,2023-08-25 14:55:00,2023,8,25,14,55,13,13209,MORGIOU (chemin de ),43.24257,5.40637,Plein jour,En agglomération,Intersection en Y,Normale,Deux véhicules - frontale,4,2,2,0,1,1,1,0,1,50,2,2,1,0,1,0,60.0,24.0,voiture,deux_roues,1,2,4,1,1
202300049998,2023-08-25 14:55:00,2023,8,25,14,55,13,13209,MORGIOU (chemin de ),43.24257,5.40637,Plein jour,En agglomération,Intersection en Y,Normale,Deux véhicules - frontale,4,2,2,0,1,1,1,0,1,50,2,2,1,0,1,0,60.0,24.0,voiture,deux_roues,1,2,4,1,1
202300049999,2023-05-10 13:12:00,2023,5,10,13,12,62,62193,A216,50.94444,1.905,Plein jour,Hors agglomération,Hors intersection,Normale,Autre collision,1,3,4,0,2,1,1,0,1,90,1,2,1,1,0,0,33.0,,utilitaire_camion,,1,1,1,1,6
202300050000,2023-12-03 18:00:00,2023,12,3,18,0,26,26039,D532,45.042402,5.133104,Nuit sans éclairage public,Hors agglomération,Hors intersection,Normale,Deux véhicules - côté,3,-1,2,0,1,1,1,0,1,80,2,3,0,0,0,3,44.0,51.0,utilitaire_camion,voiture,3,1,1,1,3
202300050001,2023-03-30 12:28:00,2023,3,30,12,28,64,64102,SOULT (AVENUE MARECHAL),43.48717,-1.48557,Plein jour,En agglomération,Hors intersection,Normale,Deux véhicules - arrière,3,3,4,0,1,1,1,0,1,50,2,3,2,0,0,1,24.0,20.0,voiture,deux_roues,1,2,1,1,2
202300050002,2023-09-28 15:45:00,2023,9,28,15,45,33,33273,Avenue du Maréchal Leclerc,44.843938,-0.764505,Plein jour,Hors agglomération,Hors intersection,Normale,Autre collision,4,2,2,0,1,1,1,0,1,80,2,2,1,0,1,0,20.0,75.0,deux_roues,voiture,1,1,1,1,6
202300050003,2023-02-15 21:50:00,2023,2,15,21,50,974,97411,MONTAGNE (ROUTE DE LA),-20.88624,55.43993,Nuit avec éclairage non allumé,En agglomération,Intersection en Y,Normale,Deux véhicules - côté,2,3,1,0,4,4,1,2,1,50,2,3,2,0,0,1,34.0,38.0,voiture,voiture,4,2,4,1,3
202300050003,2023-02-15 21:50:00,2023,2,15,21,50,974,97411,MONTAGNE (ROUTE DE LA),-20.88624,55.43993,Nuit avec éclairage non allumé,En agglomération,Intersection en Y,Normale,Deux véhicules - côté,2,3,1,0,4,4,1,2,1,50,2,3,2,0,0,1,34.0,38.0,voiture,voiture,4,2,4,1,3
202300050004,2023-06-13 08:50:00,2023,6,13,8,50,64,64102,BASQUE (AVENUE DU GRAND),43.49399,-1.45297,Plein jour,En agglomération,Intersection en X,Normale,Deux véhicules - côté,3,2,4,0,1,1,1,0,1,50,2,2,1,0,0,1,51.0,72.0,voiture,deux_roues,1,2,2,1,3
202300050004,2023-06-13 08:50:00,2023,6,13,8,50,64,64102,BASQUE (AVENUE DU GRAND),43.49399,-1.45297,Plein jour,En agglomération,Intersection en X,Normale,Deux véhicules - côté,3,2,4,0,1,1,1,0,1,50,2,2,1,0,0,1,51.0,72.0,voiture,deux_roues,1,2,2,1,3
202300050005,2023-08-25 22:10:00,2023,8,25,22,10,11,11069,14 Chemin de la Reille,43.2326,2.3509,Nuit sans éclairage public,En agglomération,Hors intersection,Normale,Sans collision,4,2,2,0,1,1,1,0,8,80,1,1,0,0,1,0,33.0,,voiture,,3,2,1,1,7
202300050006,2023-03-30 18:53:00,2023,3,30,18,53,63,63063,,45.84558,3.11364,Plein jour,Hors agglomération,Hors intersection,Normale,Deux véhicules - côté,3,2,4,0,1,1,1,0,1,110,2,2,1,0,0,1,32.0,23.0,voiture,voiture,1,1,1,1,3
202300050007,2023-12-04 11:55:00,2023,12,4,11,55,26,26064,2 Place Génissieu,44.899831,5.01925,Plein jour,En agglomération,Intersection en Y,Pluie légère,Autre collision,3,2,2,0,1,1,2,5,8,50,1,2,1,0,1,0,51.0,,voiture,,1,2,4,2,6
202300050007,2023-12-04 11:55:00,2023,12,4,11,55,26,26064,2 Place Génissieu,44.899831,5.01925,Plein jour,En agglomération,Intersection en Y,Pluie légère,Autre collision,3,2,2,0,1,2,2,6,1,30,1,2,1,0,1,0,51.0,,voiture,,1,2,4,2,6
202300050008,2023-05-03 08:45:00,2023,5,3,8,45,61,61169,D462,48.730041,-0.579148,Plein jour,En agglomération,Giratoire,Normale,Autre collision,3,2,2,0,1,2,1,0,1,50,1,1,0,0,1,0,54.0,,deux_roues,,1,2,6,1,6
202300050008,2023-05-03 08:45:00,2023,5,3,8,45,61,61169,D462,48.730041,-0.579148,Plein jour,En agglomération,Giratoire,Normale,Autre collision,3,2,2,0,1,1,1,0,1,50,1,1,0,0,1,0,54.0,,deux_roues,,1,2,6,1,6
202300050008,2023-05-03 08:45:00,2023,5,3,8,45,61,61169,D462,48.730041,-0.579148,Plein jour,En agglomération,Giratoire,Normale,Autre collision,3,2,2,0,1,1,1,0,1,50,1,1,0,0,1,0,54.0,,deux_roues,,1,2,6,1,6
202300050009,2023-09-30 02:10:00,2023,9,30,2,10,85,85226,D123,46.763579,-2.029473,Nuit sans éclairage public,Hors agglomération,Hors intersection,Normale,Autre collision,3,2,2,1,1,3,1,0,3,80,1,3,0,0,1,2,21.0,,voiture,,3,1,1,1,6
202300050010,2023-07-17 10:25:00,2023,7,17,10,25,75,75116,BD PERIPHERIQUE EXTERIEUR,48.869887,2.27151,Plein jour,En agglomération,Hors intersection,Normale,Trois véhicules et plus - en chaîne,4,1,4,0,1,1,1,0,1,70,4,4,2,0,0,2,27.0,22.0,deux_roues,voiture,1,2,1,1,4
202300050011,2023-06-13 08:15:00,2023,6,13,8,15,64,64102,ALSACE LORRAINE (BOULEVARD),43.49313,-1.46605,Plein jour,En agglomération,Hors intersection,Normale,Deux véhicules - côté,4,2,2,0,1,1,1,0,1,30,2,2,1,0,0,1,20.0,51.0,deux_roues,voiture,1,2,1,1,3
202300050012,2023-02-16 09:05:00,2023,2,16,9,5,973,97302,BADUEL (ROUTE DE),4.93695377,-52.31492043,Plein jour,En agglomération,Hors intersection,Normale,Deux véhicules - côté,3,2,2,2,1,1,1,0,5,50,2,3,1,0,0,2,34.0,54.0,voiture,deux_roues,1,2,1,1,3
202300050013,2023-08-25 11:30:00,2023,8,25,11,30,10,10333,ECHENILLY (CD),48.26754,4.04009,Plein jour,En agglomération,Hors intersection,Normale,Deux véhicules - arrière,4,2,2,0,1,1,1,0,1,50,2,2,0,0,0,2,63.0,57.0,voiture,voiture,1,2,1,1,2
202300050014,2023-05-04 15:00:00,2023,5,4,15,0,59,59508,HALLUIN (BOULEVARD D'),50.74331,3.13209,Plein jour,En agglomération,Autre intersection,Normale,Autre collision,7,3,2,3,1,1,1,5,1,50,1,1,0,0,0,1,37.0,,voiture,,1,2,9,1,6
202300050015,2023-03-30 08:26:00,2023,3,30,8,26,63,63014,PERIGNAT (ROND-POINT DE),45.74322,3.1386,Plein jour,Hors agglomération,Hors intersection,Normale,Deux véhicules - côté,3,3,4,-1,1,1,1,0,1,90,2,2,1,0,0,1,63.0,70.0,deux_roues,voiture,1,1,1,1,3
202300050016,2023-06-12 17:10:00,2023,6,12,17,10,62,62215,Rue de Tlemcen,50.47296,2.9241,Plein jour,En agglomération,Intersection en X,Normale,Deux véhicules - frontale,4,2,2,0,1,1,1,0,1,20,2,2,1,0,1,0,56.0,5.0,voiture,deux_roues,1,2,2,1,1
202300050016,2023-06-12 17:10:00,2023,6,12,17,10,62,62215,Rue de Tlemcen,50.47296,2.9241,Plein jour,En agglomération,Intersection en X,Normale,Deux véhicules - frontale,4,2,2,0,1,1,1,0,1,20,2,2,1,0,1,0,56.0,5.0,voiture,deux_roues,1,2,2,1,1
202300050017,2023-12-03 20:30:00,2023,12,3,20,30,01,01027,route de lyon,45.84928257,5.11008292,Nuit avec éclairage allumé,En agglomération,Intersection en T,Autre,Deux véhicules - frontale,3,2,2,0,1,1,7,0,1,50,2,3,0,0,1,2,39.0,44.0,voiture,voiture,5,2,3,9,1
202300050017,2023-12-03 20:30:00,2023,12,3,20,30,01,01027,route de lyon,45.84928257,5.11008292,Nuit avec éclairage allumé,En agglomération,Intersection en T,Autre,Deux véhicules - frontale,3,2,2,0,1,1,7,0,1,50,2,3,0,0,1,2,39.0,44.0,voiture,voiture,5,2,3,9,1
202300050018,2023-07-17 09:55:00,2023,7,17,9,55,75,75119,BD PERIPHERIQUE EXTERIEUR,48.897213,2.394354,Plein jour,En agglomération,Hors intersection,Normale,Trois véhicules et plus - en chaîne,4,1,4,0,1,1,1,0,1,70,3,3,2,0,0,1,27.0,40.0,deux_roues,voiture,1,2,1,1,4
202300050019,2023-09-30 02:17:00,2023,9,30,2,17,85,85003,la groulière,46.7604,-1.644452,Nuit sans éclairage public,Hors agglomération,Hors intersection,Normale,Autre collision,4,2,2,0,1,4,1,0,3,-1,1,4,0,0,0,4,18.0,,voiture,,3,1,1,1,6
202300050020,2023-02-16 06:40:00,2023,2,16,6,40,972,97213,ROUTE NATIONALE 1,14.62198,-60.9907,Plein jour,Hors agglomération,Hors intersection,Normale,Autre collision,2,3,5,0,1,1,1,0,1,50,1,2,1,0,1,0,66.0,,utilitaire_camion,,1,1,1,1,6
202300050021,2023-03-29 16:03:00,2023,3,29,16,3,63,63014,Roussillon / bretelle parking Auchan sud,45.7545,3.13028,Plein jour,En agglomération,Intersection en T,Normale,Deux véhicules - arrière,7,3,7,-1,1,1,1,0,1,50,2,2,1,0,0,1,55.0,24.0,deux_roues,voiture,1,2,3,1,2
202300050021,2023-03-29 16:03:00,2023,3,29,16,3,63,63014,Roussillon / bretelle parking Auchan sud,45.7545,3.13028,Plein jour,En agglomération,Intersection en T,Normale,Deux véhicules - arrière,7,3,2,0,1,1,1,3,1,30,2,2,1,0,0,1,55.0,24.0,deux_roues,voiture,1,2,3,1,2
202300050022,2023-06-12 21:25:00,2023,6,12,21,25,62,62178,Rue du Corps du Bois,50.49421,2.52684,Plein jour,En agglomération,Hors intersection,Normale,Autre collision,4,-1,2,0,2,4,1,0,1,50,1,1,0,0,1,0,19.0,,voiture,,1,2,1,1,6
202300050023,2023-08-26 09:05:00,2023,8,26,9,5,07,07281,LYON (AVENUE DE),44.9427,4.85435,Plein jour,Hors agglomération,Hors intersection,Pluie forte,Trois véhicules et plus - collisions multiples,3,-1,2,0,1,1,2,0,1,90,3,3,2,0,0,1,76.0,77.0,voiture,voiture,1,1,1,3,5
202300050024,2023-12-03 12:47:00,2023,12,3,12,47,69,69176,Route des Coteaux du Lyonnais,45.67819254,4.69053441,Plein jour,En agglomération,Hors intersection,Normale,Autre collision,3,2,2,2,2,3,1,0,1,50,1,1,0,0,1,0,29.0,,deux_roues,,1,2,1,1,6
202300050025,2023-03-31 08:45:00,2023,3,31,8,45,61,61001,D955,48.42793,0.07509,Plein jour,En agglomération,Intersection en X,Temps couvert,Sans collision,3,2,3,1,2,1,2,5,1,50,1,1,0,0,0,1,14.0,,deux_roues,,1,2,2,8,7
202300050025,2023-03-31 08:45:00,2023,3,31,8,45,61,61001,D955,48.42793,0.07509,Plein jour,En agglomération,Intersection en X,Temps couvert,Sans collision,3,2,3,0,1,1,2,0,1,50,1,1,0,0,0,1,14.0,,deux_roues,,1,2,2,8,7
202300050026,2023-07-17 12:00:00,2023,7,17,12,0,75,75115,QUAI ANDRE CITROEN,48.847233,2.279175,Plein jour,En agglomération,Intersection en X,Normale,Deux véhicules - frontale,4,-1, -1,0,1,1,1,0,1,30,2,2,1,0,1,0,42.0,24.0,utilitaire_camion,deux_roues,1,2,2,1,1
202300050026,2023-07-17 12:00:00,2023,7,17,12,0,75,75115,QUAI ANDRE CITROEN,48.847233,2.279175,Plein jour,En agglomération,Intersection en X,Normale,Deux véhicules - frontale,4,1,1,0,1,1,1,0,1,30,2,2,1,0,1,0,42.0,24.0,utilitaire_camion,deux_roues,1,2,2,1,1
202300050027,2023-02-16 13:30:00,2023,2,16,13,30,972,97209,ARAWAKS (AVENUE DES),14.61699,-61.04824,Plein jour,En agglomération,Hors intersection,Normale,Deux véhicules - arrière,4,2,2,0,1,1,1,9,1,50,2,2,1,0,0,1,33.0,34.0,voiture,voiture,1,2,1,1,2
202300050028,2023-08-25 10:15:00,2023,8,25,10,15,07,07281,Route de St Romain de Lerps,44.95219,4.82322,Plein jour,Hors agglomération,Hors intersection,Normale,Sans collision,3,2,2,0,2,4,1,0,3,90,1,1,0,0,0,1,70.0,,deux_roues,,1,1,1,1,7
202300050029,2023-12-03 16:30:00,2023,12,3,16,30,65,65338,D5,43.131151,0.175288,Plein jour,En agglomération,Hors intersection,Normale,Deux véhicules - côté,3,3,2,0,1,2,1,0,1,50,2,2,1,0,0,1,57.0,76.0,voiture,deux_roues,1,2,1,1,3
202300050030,2023-05-09 18:00:00,2023,5,9,18,0,59,59350,CANTELEU RUE DE,50.62728,3.03659,Plein jour,En agglomération,Hors intersection,Pluie légère,Deux véhicules - frontale,4,2,2,0,1,1,2,0,1,50,2,3,0,0,0,3,20.0,25.0,voiture,voiture,1,2,1,2,1
202300050031,2023-03-31 19:05:00,2023,3,31,19,5,59,59350,Boulevard d'Alsace,50.61774,3.06444,Crépuscule ou aube,En agglomération,Hors intersection,Pluie légère,Deux véhicules - côté,7,1,2,3,1,1,2,0,6,50,2,2,1,0,0,1,28.0,34.0,voiture,utilitaire_camion,2,2,1,2,3
202300050032,2023-09-29 16:00:00,2023,9,29,16,0,69,69290,Autoroute 43,45.70188,4.96909,Plein jour,Hors agglomération,Hors intersection,Normale,Trois véhicules et plus - en chaîne,1,3,7,0,1,1,1,0,1,90,3,6,2,0,1,3,30.0,58.0,voiture,utilitaire_camion,1,1,1,1,4
202300050033,2023-08-25 20:20:00,2023,8,25,20,20,06,06088,MADELEINE (BD DE LA),43.69927,7.23873,Plein jour,En agglomération,Autre intersection,Normale,Autre collision,4,3,4,0,1,1,1,0,1,50,1,2,1,0,1,0,53.0,,utilitaire_camion,,1,2,9,1,6
202300050034,2023-02-16 12:15:00,2023,2,16,12,15,972,97209,ROUTOUTOU (RUE DU),14.60669,-61.06824,Plein jour,Hors agglomération,Hors intersection,Normale,Deux véhicules - frontale,4,2,2,0,1,1,1,0,1,30,2,2,1,0,0,1,50.0,40.0,voiture,deux_roues,1,1,1,1,1
202300050035,2023-12-02 19:42:00,2023,12,2,19,42,86,86062,Allée du Haut Poitou,46.650848,0.363851,Nuit sans éclairage public,En agglomération,Autre intersection,Autre,Autre collision,4,2,2,0,1,1,1,0,1,50,1,3,1,0,0,2,21.0,,voiture,,3,2,9,9,6
202300050036,2023-07-16 16:08:00,2023,7,16,16,8,75,75118,BOULEVARD ORNANO,48.897542,2.344683,Plein jour,En agglomération,Intersection en X,Normale,Deux véhicules - côté,4,2,6,1,1,1,1,0,1,30,2,2,1,0,1,0,23.0,24.0,voiture,deux_roues,1,2,2,1,3
202300050036,2023-07-16 16:08:00,2023,7,16,16,8,75,75118,BOULEVARD ORNANO,48.897542,2.344683,Plein jour,En agglomération,Intersection en X,Normale,Deux véhicules - côté,4,1,2,3,1,1,1,0,1,30,2,2,1,0,1,0,23.0,24.0,voiture,deux_roues,1,2,2,1,3
202300050037,2023-03-31 08:45:00,2023,3,31,8,45,59,59009,OUEST BOULEVARD DE L,50.63537,3.12151,Plein jour,En agglomération,Intersection en T,Pluie légère,Autre collision,7,-1,0,-1,1,3,2,0,1,-1,1,2,1,1,0,0,55.0,,utilitaire_camion,,1,2,3,2,6
202300050037,2023-03-31 08:45:00,2023,3,31,8,45,59,59009,OUEST BOULEVARD DE L,50.63537,3.12151,Plein jour,En agglomération,Intersection en T,Pluie légère,Autre collision,7,2,4,0,1,1,2,0,1,50,1,2,1,1,0,0,55.0,,utilitaire_camion,,1,2,3,2,6
202300050038,2023-09-29 16:00:00,2023,9,29,16,0,69,69290,Rocade est,45.70430117,4.96405363,Plein jour,Hors agglomération,Hors intersection,Normale,Autre collision,2,1,2,0,1,3,1,3,1,70,1,1,0,1,0,0,32.0,,deux_roues,,1,1,1,1,6
202300050039,2023-05-20 02:35:00,2023,5,20,2,35,62,62119,D937,50.51363995,2.64870751,Nuit avec éclairage allumé,En agglomération,Autre intersection,Normale,Autre collision,3,2,2,0,4,2,1,0,4,50,1,1,0,0,1,0,44.0,,deux_roues,,5,2,9,1,6
202300050040,2023-12-01 15:50:00,2023,12,1,15,50,33,33324,11 Route de Bergerac,44.842124,0.231501,Plein jour,En agglomération,Hors intersection,Normale,Deux véhicules - frontale,3,2,2,0,1,1,2,0,1,80,2,2,1,0,1,0,72.0,20.0,voiture,voiture,1,2,1,1,1
202300050041,2023-05-10 08:10:00,2023,5,10,8,10,59,59206,NAVES (ROUTE DE) OU DEPARTEMENTAL N°114,50.18951,3.27691,Plein jour,Hors agglomération,Intersection en X,Pluie légère,Deux véhicules - côté,3,2,2,0,1,1,2,0,1,-1,2,4,1,0,0,3,21.0,53.0,voiture,voiture,1,1,2,2,3
202300050041,2023-05-10 08:10:00,2023,5,10,8,10,59,59206,NAVES (ROUTE DE) OU DEPARTEMENTAL N°114,50.18951,3.27691,Plein jour,Hors agglomération,Intersection en X,Pluie légère,Deux véhicules - côté,3,2,2,0,2,1,2,9,1,70,2,4,1,0,0,3,21.0,53.0,voiture,voiture,1,1,2,2,3
202300050042,2023-02-16 09:00:00,2023,2,16,9,0,69,69385,43 Rue Pierre Valdo,45.75025,4.79103,Plein jour,En agglomération,Hors intersection,Normale,Deux véhicules - arrière,4,2,2,0,1,1,1,0,1,30,2,2,1,0,0,1,41.0,65.0,voiture,deux_roues,1,2,1,1,2
202300050043,2023-08-25 18:10:00,2023,8,25,18,10,06,06030,COTEAUX (AVENUE DES),43.5684918,7.0246025,Plein jour,En agglomération,Intersection en T,Normale,Autre collision,4,2,2,0,2,1,1,0,1,30,1,2,1,0,0,1,39.0,,transport_commun,,1,2,3,1,6
202300050043,2023-08-25 18:10:00,2023,8,25,18,10,06,06030,COTEAUX (AVENUE DES),43.5684918,7.0246025,Plein jour,En agglomération,Intersection en T,Normale,Autre collision,4,2,2,0,1,3,1,0,1,50,1,2,1,0,0,1,39.0,,transport_commun,,1,2,3,1,6
202300050044,2023-07-17 07:35:00,2023,7,17,7,35,75,75120,AVENUE GAMBETTA,48.864965,2.395545,Plein jour,En agglomération,Intersection en X,Normale,Deux véhicules - côté,4,2,4,0,1,1,1,0,1,30,2,3,1,0,0,2,23.0,,deux_roues,utilitaire_camion,1,2,2,1,3
202300050044,2023-07-17 07:35:00,2023,7,17,7,35,75,75120,AVENUE GAMBETTA,48.864965,2.395545,Plein jour,En agglomération,Intersection en X,Normale,Deux véhicules - côté,4,-1, -1,0,1,1,1,0,1,30,2,3,1,0,0,2,23.0,,deux_roues,utilitaire_camion,1,2,2,1,3