accident_id,datetime,annee,mois,jour,heure,minute,departement,commune_insee,adresse,latitude,longitude,luminosite,agglomeration,intersection,meteo,collision,catr,circ,nbv,vosp,prof,plan,surf,infra,situ,vma,nb_vehicules,nb_usagers,nb_indemnes,nb_tues,nb_blesses_hosp,nb_blesses_legers,age_cond_1,age_cond_2,veh_type_cond_1,veh_type_cond_2,lum_code,agg_code,int_code,atm_code,col_code
202300050045,2023-03-30 07:42:00,2023,3,30,7,42,57,57630,GAMBETTA (AV),48.73747,7.05757,Crépuscule ou aube,En agglomération,Intersection en T,Pluie forte,Autre collision,3,2,2,0,2,1,2,0,1,50,1,3,1,0,0,2,62.0,,voiture,,2,2,3,3,6
202300050045,2023-03-30 07:42:00,2023,3,30,7,42,57,57630,GAMBETTA (AV),48.73747,7.05757,Crépuscule ou aube,En agglomération,Intersection en T,Pluie forte,Autre collision,3,2,2,0,1,1,2,0,1,50,1,3,1,0,0,2,62.0,,voiture,,2,2,3,3,6
202300050046,2023-09-29 18:15:00,2023,9,29,18,15,91,91103,RN 104,48.62484,2.30411,Plein jour,Hors agglomération,Hors intersection,Normale,Deux véhicules - côté,2,1,2,0,1,1,1,0,1,110,2,2,1,0,0,1,18.0,34.0,voiture,deux_roues,1,1,1,1,3
202300050047,2023-12-03 06:35:00,2023,12,3,6,35,33,33366,2090 Route de Libourne,44.983566,-0.410123,Crépuscule ou aube,Hors agglomération,Hors intersection,Autre,Deux véhicules - côté,3,2,2,0,1,1,1,0,1,70,2,2,0,0,1,1,26.0,64.0,voiture,utilitaire_camion,2,1,1,9,3
202300050048,2023-02-15 12:25:00,2023,2,15,12,25,69,69382,21 Quai Jules Courmont,45.7581,4.83702,Plein jour,En agglomération,Hors intersection,Normale,Deux véhicules - côté,4,2,6,3,1,1,1,0,1,50,2,2,1,0,0,1,24.0,25.0,deux_roues,utilitaire_camion,1,2,1,1,3
202300050049,2023-08-25 13:37:00,2023,8,25,13,37,05,05061,PROVENCE (AVENUE DE),44.53662599,6.0522731,Plein jour,En agglomération,Hors intersection,Normale,Deux véhicules - arrière,2,2,2,0,1,1,1,0,3,50,2,2,1,0,0,1,53.0,39.0,voiture,deux_roues,1,2,1,1,2
202300050050,2023-06-13 13:50:00,2023,6,13,13,50,61,61001,Avenue Koutiala,48.4267,0.0764,Plein jour,En agglomération,Intersection en X,Normale,Deux véhicules - arrière,3,1,1,2,1,3,1,0,1,30,2,7,3,0,0,4,37.0,29.0,autre,voiture,1,2,2,1,2
202300050050,2023-06-13 13:50:00,2023,6,13,13,50,61,61001,Avenue Koutiala,48.4267,0.0764,Plein jour,En agglomération,Intersection en X,Normale,Deux véhicules - arrière,3,2,2,2,1,1,1,0,1,50,2,7,3,0,0,4,37.0,29.0,autre,voiture,1,2,2,1,2
202300050051,2023-05-09 17:30:00,2023,5,9,17,30,57,57463,RN 431,49.11918738,6.23455991,Plein jour,En agglomération,Hors intersection,Normale,Trois véhicules et plus - en chaîne,2,-1,2,0,1,1,1,0,1,70,4,4,3,0,1,0,20.0,42.0,voiture,voiture,1,2,1,1,4
202300050052,2023-11-29 13:30:00,2023,11,29,13,30,33,33151,Grand Moulin Ouest,45.253629,-0.437125,Plein jour,Hors agglomération,Hors intersection,Temps couvert,Autre collision,4,2,2,0,1,3,2,0,3,80,1,1,0,1,0,0,81.0,,voiture,,1,1,1,8,6
202300050053,2023-03-31 09:05:00,2023,3,31,9,5,54,54304,Avenue de la Libération,48.67731117,6.156344,Plein jour,En agglomération,Giratoire,Normale,Deux véhicules - côté,4,2,2,0,1,1,2,0,1,50,2,2,1,0,0,1,56.0,72.0,voiture,deux_roues,1,2,6,1,3
202300050053,2023-03-31 09:05:00,2023,3,31,9,5,54,54304,Avenue de la Libération,48.67731117,6.156344,Plein jour,En agglomération,Giratoire,Normale,Deux véhicules - côté,4,2,2,0,1,1,2,0,1,50,2,2,1,0,0,1,56.0,72.0,voiture,deux_roues,1,2,6,1,3
202300050054,2023-07-17 00:38:00,2023,7,17,0,38,75,75116,ALLEE DE LONGCHAMP,48.874925,2.271112,Nuit avec éclairage allumé,En agglomération,Intersection en X,Normale,Deux véhicules - côté,4,2,4,0,1,1,1,0,1,50,2,2,1,0,0,1,50.0,28.0,deux_roues,voiture,5,2,2,1,3
202300050054,2023-07-17 00:38:00,2023,7,17,0,38,75,75116,ALLEE DE LONGCHAMP,48.874925,2.271112,Nuit avec éclairage allumé,En agglomération,Intersection en X,Normale,Deux véhicules - côté,4,2,4,0,1,1,1,0,1,50,2,2,1,0,0,1,50.0,28.0,deux_roues,voiture,5,2,2,1,3
202300050055,2023-02-17 00:40:00,2023,2,17,0,40,91,91421,NATIONALE 6 (REVEIL MATIN),48.71669,2.44263,Nuit sans éclairage public,Hors agglomération,Hors intersection,Normale,Deux véhicules - côté,3,3,4,0,1,1,1,0,1,90,2,2,1,0,0,1,41.0,26.0,voiture,voiture,3,1,1,1,3
202300050056,2023-08-26 00:14:00,2023,8,26,0,14,05,05023,FORGUES (AVENUE DU PROF.),44.90378,6.63587,Nuit sans éclairage public,En agglomération,Hors intersection,Pluie légère,Autre collision,2,2,2,0,2,2,2,0,1,50,1,2,1,0,0,1,,,autre,,3,2,1,2,6
202300050057,2023-06-13 14:50:00,2023,6,13,14,50,59,59426,CIT,50.75244,3.14034,Plein jour,Hors agglomération,Autre intersection,Normale,Autre collision,7,2,0,0,1,1,9,9,8,70,2,2,1,0,1,0,52.0,29.0,voiture,deux_roues,1,1,9,1,6
202300050058,2023-05-09 08:40:00,2023,5,9,8,40,54,54395,Boulevard Jean Jaurès,48.68222,6.17791,Plein jour,En agglomération,Intersection en X,Normale,Deux véhicules - côté,4,1, -1,3,1,1,1,0,1,50,2,2,1,0,0,1,42.0,22.0,voiture,deux_roues,1,2,2,1,3
202300050058,2023-05-09 08:40:00,2023,5,9,8,40,54,54395,Boulevard Jean Jaurès,48.68222,6.17791,Plein jour,En agglomération,Intersection en X,Normale,Deux véhicules - côté,4,2,2,0,1,1,1,0,1,50,2,2,1,0,0,1,42.0,22.0,voiture,deux_roues,1,2,2,1,3
202300050059,2023-09-29 08:25:00,2023,9,29,8,25,91,91687,AUTOROUTE A6,48.6631,2.36714,Plein jour,Hors agglomération,Hors intersection,Normale,Trois véhicules et plus - collisions multiples,1,3,3,0,1,1,1,0,1,110,4,4,3,0,0,1,31.0,57.0,deux_roues,deux_roues,1,1,1,1,5
202300050060,2023-11-29 15:00:00,2023,11,29,15,0,60,60668,D149,49.492668,2.088282,Plein jour,Hors agglomération,Intersection en T,Temps couvert,Deux véhicules - côté,3,2,2,0,1,1,1,0,1,80,2,3,1,0,1,1,51.0,37.0,voiture,voiture,1,1,3,8,3
202300050060,2023-11-29 15:00:00,2023,11,29,15,0,60,60668,D149,49.492668,2.088282,Plein jour,Hors agglomération,Intersection en T,Temps couvert,Deux véhicules - côté,3,2, -1,-1,1,1,1,0,1,-1,2,3,1,0,1,1,51.0,37.0,voiture,voiture,1,1,3,8,3
202300050061,2023-07-17 20:30:00,2023,7,17,20,30,75,75114,BOULEVARD SAINT JACQUES,48.831952,2.341143,Crépuscule ou aube,En agglomération,Intersection en X,Normale,Deux véhicules - arrière,4,3,1,0,1,1,1,0,1,30,2,2,1,0,0,1,55.0,76.0,utilitaire_camion,deux_roues,2,2,2,1,2
202300050061,2023-07-17 20:30:00,2023,7,17,20,30,75,75114,BOULEVARD SAINT JACQUES,48.831952,2.341143,Crépuscule ou aube,En agglomération,Intersection en X,Normale,Deux véhicules - arrière,4,1,1,0,1,1,1,0,1,30,2,2,1,0,0,1,55.0,76.0,utilitaire_camion,deux_roues,2,2,2,1,2
202300050062,2023-03-30 07:10:00,2023,3,30,7,10,54,54395,POINCARE (RUE RAYMOND 1-29-2-30),48.691,6.1751,Crépuscule ou aube,En agglomération,Intersection en X,Pluie forte,Autre collision,4,1,3,0,1,1,2,0,1,30,1,2,1,0,0,1,72.0,,voiture,,2,2,2,3,6
202300050062,2023-03-30 07:10:00,2023,3,30,7,10,54,54395,POINCARE (RUE RAYMOND 1-29-2-30),48.691,6.1751,Crépuscule ou aube,En agglomération,Intersection en X,Pluie forte,Autre collision,4,1,3,3,1,1,2,0,1,30,1,2,1,0,0,1,72.0,,voiture,,2,2,2,3,6
202300050063,2023-08-22 18:15:00,2023,8,22,18,15,02,02408,LYON (BOULEVARD DE),49.56976,3.62573,Plein jour,En agglomération,Hors intersection,Normale,Autre collision,4,2,2,0,1,1,1,0,1,50,1,2,1,0,0,1,79.0,,voiture,,1,2,1,1,6
202300050064,2023-02-16 09:40:00,2023,2,16,9,40,86,86157,RN 147,46.536512,0.425988,Plein jour,Hors agglomération,Hors intersection,Normale,Deux véhicules - arrière,2,1,2,0,1,1,1,0,1,70,2,2,1,0,0,1,30.0,56.0,utilitaire_camion,voiture,1,1,1,1,2
202300050065,2023-06-13 07:40:00,2023,6,13,7,40,59,59512,TOURCOING (RUE DE),50.707127,3.169322,Plein jour,En agglomération,Intersection en X,Normale,Deux véhicules - frontale,4,2,2,0,2,1,1,0,1,50,2,2,1,0,1,0,,54.0,utilitaire_camion,deux_roues,1,2,2,1,1
202300050065,2023-06-13 07:40:00,2023,6,13,7,40,59,59512,TOURCOING (RUE DE),50.707127,3.169322,Plein jour,En agglomération,Intersection en X,Normale,Deux véhicules - frontale,4,2,2,0,1,1,1,0,1,50,2,2,1,0,1,0,,54.0,utilitaire_camion,deux_roues,1,2,2,1,1
202300050066,2023-05-08 16:45:00,2023,5,8,16,45,54,54395,Rue du Maréchal Oudinot,48.67479107,6.18046403,Plein jour,En agglomération,Intersection en X,Normale,Deux véhicules - côté,4,1,3,2,1,1,1,0,1,50,2,2,1,0,0,1,65.0,26.0,voiture,deux_roues,1,2,2,1,3
202300050066,2023-05-08 16:45:00,2023,5,8,16,45,54,54395,Rue du Maréchal Oudinot,48.67479107,6.18046403,Plein jour,En agglomération,Intersection en X,Normale,Deux véhicules - côté,4,2,2,2,1,1,1,-1,1,30,2,2,1,0,0,1,65.0,26.0,voiture,deux_roues,1,2,2,1,3
202300050067,2023-09-29 07:55:00,2023,9,29,7,55,94,94003,A6A,48.80389457,2.3420366,Plein jour,Hors agglomération,Hors intersection,Normale,Deux véhicules - arrière,1,1,3,0,1,1,1,0,1,90,2,2,1,0,0,1,40.0,24.0,deux_roues,voiture,1,1,1,1,2
202300050068,2023-12-03 20:44:00,2023,12,3,20,44,80,80521,Autoroute A1 PK 133+00 sens PARIS/LILLE,49.994388,2.875156,Nuit sans éclairage public,Hors agglomération,Hors intersection,Normale,Deux véhicules - arrière,1,1,3,0,1,1,1,0,1,130,2,5,1,0,0,4,44.0,33.0,utilitaire_camion,voiture,3,1,1,1,2
202300050069,2023-06-12 09:00:00,2023,6,12,9,0,59,59368,POMPIDOU G. RUE DU PDT.149 - 301,50.65774,3.06404,Plein jour,En agglomération,Autre intersection,Normale,Autre collision,7,2,2,0,1,1,1,9,8,50,1,2,1,0,0,1,83.0,,voiture,,1,2,9,1,6
202300050070,2023-07-17 19:00:00,2023,7,17,19,0,75,75110,BOULEVARD DE LA VILLETTE,48.872571,2.376213,Plein jour,En agglomération,Intersection en T,Normale,Deux véhicules - arrière,4,1,2,1,1,1,1,0,1,30,2,3,1,0,0,2,20.0,51.0,deux_roues,utilitaire_camion,1,2,3,1,2
202300050070,2023-07-17 19:00:00,2023,7,17,19,0,75,75110,BOULEVARD DE LA VILLETTE,48.872571,2.376213,Plein jour,En agglomération,Intersection en T,Normale,Deux véhicules - arrière,4,-1, -1,0,1,1,1,0,1,30,2,3,1,0,0,2,20.0,51.0,deux_roues,utilitaire_camion,1,2,3,1,2
202300050071,2023-02-16 13:10:00,2023,2,16,13,10,82,82121,EUROPE (AVENUE DE L'),43.99696,1.33481,Plein jour,En agglomération,Hors intersection,Temps éblouissant,Deux véhicules - côté,4,2,2,0,1,1,1,0,1,50,2,2,1,0,1,0,74.0,46.0,deux_roues,voiture,1,2,1,7,3
202300050072,2023-03-29 17:25:00,2023,3,29,17,25,52,52121,LECLERC (AVENUE GENERAL),48.10866,5.14062,Plein jour,En agglomération,Hors intersection,Normale,Deux véhicules - côté,3,2,3,0,2,1,1,0,1,50,2,3,1,0,0,2,17.0,59.0,deux_roues,utilitaire_camion,1,2,1,1,3
202300050073,2023-05-10 08:10:00,2023,5,10,8,10,51,51493,route de Châlons,49.22768285,4.09964919,Plein jour,Hors agglomération,Giratoire,Temps couvert,Deux véhicules - arrière,3,3,2,0,1,1,2,0,1,90,2,3,1,0,0,2,22.0,51.0,utilitaire_camion,voiture,1,1,6,8,2
202300050074,2023-11-30 23:18:00,2023,11,30,23,18,13,13202,TVPCM-Sens Saint Victor vers Les Ports,43.29529299,5.3631374,Nuit avec éclairage allumé,Hors agglomération,Hors intersection,Normale,Autre collision,7,1,2,0,1,3,1,1,1,50,1,1,0,0,0,1,24.0,,deux_roues,,5,1,1,1,6
202300050075,2023-09-27 19:50:00,2023,9,27,19,50,92,92025,A86,48.93542176,2.2605831,Nuit sans éclairage public,Hors agglomération,Hors intersection,Normale,Deux véhicules - arrière,1,-1,2,0,1,1,1,0,1,90,2,2,1,0,0,1,55.0,23.0,voiture,deux_roues,3,1,1,1,2
202300050076,2023-08-26 17:15:00,2023,8,26,17,15,75,75117,PORTE DES TERNES,48.883425,2.284172,Plein jour,En agglomération,Intersection en Y,Normale,Deux véhicules - arrière,4,1,2,0,1,1,2,0,1,50,2,3,1,0,0,2,30.0,19.0,utilitaire_camion,voiture,1,2,4,1,2
202300050076,2023-08-26 17:15:00,2023,8,26,17,15,75,75117,PORTE DES TERNES,48.883425,2.284172,Plein jour,En agglomération,Intersection en Y,Normale,Deux véhicules - arrière,4,1,4,0,1,1,2,0,1,70,2,3,1,0,0,2,30.0,19.0,utilitaire_camion,voiture,1,2,4,1,2
202300050077,2023-07-17 10:40:00,2023,7,17,10,40,75,75108,RUE WASHINGTON,48.872291,2.301707,Plein jour,En agglomération,Hors intersection,Normale,Autre collision,4,-1,1,0,2,1,1,0,1,30,1,2,1,0,1,0,37.0,,voiture,,1,2,1,1,6
202300050078,2023-06-13 08:45:00,2023,6,13,8,45,59,59155,BOERNHOL,51.006186,2.389331,Plein jour,En agglomération,Hors intersection,Normale,Deux véhicules - arrière,4,1,2,0,1,2,1,0,3,30,2,2,1,0,0,1,67.0,33.0,voiture,deux_roues,1,2,1,1,2
202300050079,2023-05-09 13:50:00,2023,5,9,13,50,51,51454,rue de Brimontel,49.27451672,4.03329939,Plein jour,En agglomération,Giratoire,Pluie forte,Sans collision,4,-1,2,0,1,3,2,5,1,50,1,1,0,0,0,1,17.0,,deux_roues,,1,2,6,3,7
202300050080,2023-12-02 22:50:00,2023,12,2,22,50,13,13213,A507 sens Aubagne- Marseille,43.32944942,5.41358829,Nuit avec éclairage allumé,Hors agglomération,Hors intersection,Normale,Autre collision,1,-1,3,0,1,1,1,1,1,70,1,2,1,0,0,1,24.0,,voiture,,5,1,1,1,6
202300050081,2023-07-17 14:00:00,2023,7,17,14,0,75,75114,RUE VERCINGETORIX,48.83339,2.31227,Plein jour,En agglomération,Intersection en T,Normale,Sans collision,4,-1, -1,0,1,1,1,0,5,30,1,1,0,0,0,1,24.0,,deux_roues,,1,2,3,1,7
202300050081,2023-07-17 14:00:00,2023,7,17,14,0,75,75114,RUE VERCINGETORIX,48.83339,2.31227,Plein jour,En agglomération,Intersection en T,Normale,Sans collision,4,2,2,1,1,1,1,0,5,30,1,1,0,0,0,1,24.0,,deux_roues,,1,2,3,1,7
202300050082,2023-06-12 07:15:00,2023,6,12,7,15,59,59183,,51.030266,2.336789,Plein jour,En agglomération,Autre intersection,Normale,Deux véhicules - côté,4,-1,0,0,1,1,1,0,1,50,2,2,1,0,0,1,35.0,53.0,deux_roues,voiture,1,2,9,1,3
202300050083,2023-09-28 07:30:00,2023,9,28,7,30,78,78531,A13,48.988343,1.657033,Plein jour,Hors agglomération,Hors intersection,Normale,Trois véhicules et plus - en chaîne,1,-1,3,0,1,1,1,0,1,110,3,3,2,0,0,1,49.0,45.0,voiture,voiture,1,1,1,1,4
202300050084,2023-05-09 12:45:00,2023,5,9,12,45,51,51454,boulevard Marcelin Berthelot,49.27248,4.06344,Plein jour,En agglomération,Hors intersection,Pluie légère,Trois véhicules et plus - en chaîne,4,3,4,0,1,1,2,0,1,90,3,3,2,0,0,1,25.0,55.0,voiture,voiture,1,2,1,2,4
202300050085,2023-08-24 21:10:00,2023,8,24,21,10,75,75119,TUNNEL BOULEVARD MACDONALD,48.89997,2.38647,Nuit avec éclairage allumé,En agglomération,Hors intersection,Normale,Autre collision,4,3,2,0,2,4,1,1,1,50,1,2,0,0,2,0,28.0,,deux_roues,,5,2,1,1,6
202300050086,2023-12-02 18:00:00,2023,12,2,18,0,83,83137,A50,43.12666174,5.89016331,Nuit avec éclairage allumé,Hors agglomération,Hors intersection,Normale,Autre collision,1,1,2,0,2,2,1,3,1,50,1,4,3,0,0,1,24.0,,voiture,,5,1,1,1,6
202300050087,2023-07-17 10:40:00,2023,7,17,10,40,75,75115,QUAI D ISSY LES MOULINEAUX,48.835,2.26613,Plein jour,En agglomération,Intersection en T,Normale,Sans collision,4,-1, -1,0,1,1,1,0,1,30,1,1,0,0,0,1,66.0,,deux_roues,,1,2,3,1,7
202300050087,2023-07-17 10:40:00,2023,7,17,10,40,75,75115,QUAI D ISSY LES MOULINEAUX,48.835,2.26613,Plein jour,En agglomération,Intersection en T,Normale,Sans collision,4,1,2,0,1,1,1,0,1,30,1,1,0,0,0,1,66.0,,deux_roues,,1,2,3,1,7
202300050088,2023-05-08 15:45:00,2023,5,8,15,45,50,50129,GAMBETTA (RUE),49.64733,-1.64645,Plein jour,En agglomération,Hors intersection,Normale,Autre collision,4,4,2,0,1,1,1,8,1,50,1,1,0,0,0,1,88.0,,voiture,,1,2,1,1,6
202300050089,2023-06-12 14:00:00,2023,6,12,14,0,54,54395,Pont du millenaire,48.67799,6.20865,Plein jour,En agglomération,Hors intersection,Normale,Trois véhicules et plus - en chaîne,7,-1, -1,1,1,1,1,-1,1,50,4,4,3,0,0,1,35.0,35.0,voiture,voiture,1,2,1,1,4
202300050090,2023-07-17 19:25:00,2023,7,17,19,25,75,75102,PLACE DE L OPERA,48.870315,2.332704,Plein jour,En agglomération,Place,Normale,Sans collision,4,1,5,0,1,1,1,0,1,30,1,1,0,0,0,1,45.0,,deux_roues,,1,2,7,1,7
202300050090,2023-07-17 19:25:00,2023,7,17,19,25,75,75102,PLACE DE L OPERA,48.870315,2.332704,Plein jour,En agglomération,Place,Normale,Sans collision,4,2,3,3,1,1,1,0,1,30,1,1,0,0,0,1,45.0,,deux_roues,,1,2,7,1,7
202300050091,2023-02-16 06:30:00,2023,2,16,6,30,77,77237,D345,48.84359,2.7762,Nuit sans éclairage public,Hors agglomération,Hors intersection,Normale,Deux véhicules - côté,3,2,3,0,1,1,1,0,1,70,2,2,1,0,0,1,24.0,,utilitaire_camion,utilitaire_camion,3,1,1,1,3
202300050092,2023-05-09 16:54:00,2023,5,9,16,54,49,49007,ROI RENE BOULEVARD,47.46751,-0.55583,Plein jour,En agglomération,Intersection en X,Normale,Deux véhicules - côté,4,2,3,2,1,1,1,0,1,30,2,2,0,0,0,2,34.0,20.0,voiture,voiture,1,2,2,1,3
202300050092,2023-05-09 16:54:00,2023,5,9,16,54,49,49007,ROI RENE BOULEVARD,47.46751,-0.55583,Plein jour,En agglomération,Intersection en X,Normale,Deux véhicules - côté,4,3,5,0,1,1,1,0,1,50,2,2,0,0,0,2,34.0,20.0,voiture,voiture,1,2,2,1,3
202300050093,2023-12-02 14:00:00,2023,12,2,14,0,83,83137,A57,43.12231793,5.95611165,Plein jour,Hors agglomération,Hors intersection,Normale,Trois véhicules et plus - en chaîne,1,1,6,0,2,1,1,0,1,70,4,5,3,0,0,2,41.0,33.0,voiture,voiture,1,1,1,1,4
202300050094,2023-09-28 06:40:00,2023,9,28,6,40,78,78140,A13,48.965644,1.923681,Nuit sans éclairage public,Hors agglomération,Hors intersection,Normale,Trois véhicules et plus - collisions multiples,1,1,3,0,1,1,1,0,1,130,6,6,5,0,0,1,47.0,49.0,voiture,utilitaire_camion,3,1,1,1,5
202300050095,2023-08-24 09:00:00,2023,8,24,9,0,75,75112,QUAI DE BERCY,48.83866923,2.37572908,Plein jour,En agglomération,Intersection en X,Normale,Trois véhicules et plus - en chaîne,4,2,2,0,1,1,1,8,1,30,3,3,2,0,1,0,44.0,65.0,voiture,transport_commun,1,2,2,1,4
202300050095,2023-08-24 09:00:00,2023,8,24,9,0,75,75112,QUAI DE BERCY,48.83866923,2.37572908,Plein jour,En agglomération,Intersection en X,Normale,Trois véhicules et plus - en chaîne,4,1,2,0,1,1,1,8,1,30,3,3,2,0,1,0,44.0,65.0,voiture,transport_commun,1,2,2,1,4
202300050096,2023-06-13 14:00:00,2023,6,13,14,0,54,54051,RD 13,49.17608,5.96825,Plein jour,Hors agglomération,Intersection en X,Normale,Deux véhicules - côté,3,3,1,0,1,1,1,5,1,70,2,2,1,0,1,0,75.0,75.0,deux_roues,voiture,1,1,2,1,3
202300050096,2023-06-13 14:00:00,2023,6,13,14,0,54,54051,RD 13,49.17608,5.96825,Plein jour,Hors agglomération,Intersection en X,Normale,Deux véhicules - côté,3,2,1,0,1,1,1,0,1,80,2,2,1,0,1,0,75.0,75.0,deux_roues,voiture,1,1,2,1,3
202300050097,2023-02-15 15:15:00,2023,2,15,15,15,74,74012,MERMOZ RUE JEAN),46.19559,6.25151,Plein jour,En agglomération,Hors intersection,Normale,Autre collision,4,2,2,0,1,1,1,0,6,50,1,3,2,0,0,1,38.0,,voiture,,1,2,1,1,6
202300050098,2023-07-17 15:50:00,2023,7,17,15,50,75,75101,BOULEVARD DE SEBASTOPOL,48.861978,2.350175,Plein jour,En agglomération,Intersection en X,Normale,Autre collision,4,1,4,1,1,1,1,6,5,30,1,2,1,0,0,1,23.0,,deux_roues,,1,2,2,1,6
202300050098,2023-07-17 15:50:00,2023,7,17,15,50,75,75101,BOULEVARD DE SEBASTOPOL,48.861978,2.350175,Plein jour,En agglomération,Intersection en X,Normale,Autre collision,4,2,1,0,1,1,1,6,1,30,1,2,1,0,0,1,23.0,,deux_roues,,1,2,2,1,6
202300050099,2023-12-03 04:15:00,2023,12,3,4,15,69,69029,Boulevard Laurent Bonnevay,45.73045,4.89926,Nuit sans éclairage public,Hors agglomération,Hors intersection,Normale,Autre collision,7,3,11,0,2,1,1,0,1,70,1,2,1,1,0,0,31.0,,voiture,,3,1,1,1,6
202300050100,2023-05-09 20:17:00,2023,5,9,20,17,49,49007,LAREVELLIERE,47.47135,-0.52615,Plein jour,En agglomération,Hors intersection,Normale,Deux véhicules - arrière,4,3,2,0,1,1,1,0,1,30,2,3,1,0,0,2,31.0,20.0,voiture,voiture,1,2,1,1,2
202300050101,2023-09-28 06:00:00,2023,9,28,6,0,78,78238,A13,48.969698,1.867391,Crépuscule ou aube,Hors agglomération,Hors intersection,Normale,Deux véhicules - arrière,1,1,3,0,1,1,1,0,1,130,2,2,1,0,0,1,53.0,29.0,voiture,voiture,2,1,1,1,2
202300050102,2023-05-09 15:58:00,2023,5,9,15,58,49,49267,GANDHI,47.46929,-0.51951,Plein jour,En agglomération,Giratoire,Normale,Sans collision,4,3,4,0,1,3,2,0,1,50,1,1,0,0,0,1,59.0,,deux_roues,,1,2,6,1,7
202300050103,2023-06-12 09:14:00,2023,6,12,9,14,51,51454,SULLY (RUE),49.21277,4.02774,Plein jour,En agglomération,Intersection en X,Normale,Sans collision,4,2,2,0,1,1,1,0,1,50,1,2,1,0,0,1,47.0,,utilitaire_camion,,1,2,2,1,7
202300050103,2023-06-12 09:14:00,2023,6,12,9,14,51,51454,SULLY (RUE),49.21277,4.02774,Plein jour,En agglomération,Intersection en X,Normale,Sans collision,4,2,2,0,1,1,1,0,1,50,1,2,1,0,0,1,47.0,,utilitaire_camion,,1,2,2,1,7
202300050104,2023-12-02 23:15:00,2023,12,2,23,15,69,69228,Autoroute 47,45.54283,4.6562,Nuit sans éclairage public,Hors agglomération,Hors intersection,Normale,Autre collision,1,3,4,0,1,1,1,0,1,90,1,1,0,0,1,0,26.0,,voiture,,3,1,1,1,6
202300050105,2023-02-15 19:45:00,2023,2,15,19,45,71,71306,CAMILLE DESMOULINS (RUE),46.66563043,4.36633721,Nuit avec éclairage allumé,En agglomération,Hors intersection,Normale,Deux véhicules - côté,4,2,2,0,1,3,1,0,1,50,2,2,1,0,0,1,56.0,65.0,voiture,voiture,5,2,1,1,3
202300050106,2023-08-26 11:30:00,2023,8,26,11,30,75,75105,RUE DES ECOLES,48.849597,2.344825,Plein jour,En agglomération,Intersection en X,Normale,Deux véhicules - côté,4,2,3,2,1,1,1,0,1,30,2,2,1,0,0,1,74.0,42.0,deux_roues,voiture,1,2,2,1,3
202300050106,2023-08-26 11:30:00,2023,8,26,11,30,75,75105,RUE DES ECOLES,48.849597,2.344825,Plein jour,En agglomération,Intersection en X,Normale,Deux véhicules - côté,4,-1,2,0,1,1,1,0,1,30,2,2,1,0,0,1,74.0,42.0,deux_roues,voiture,1,2,2,1,3
202300050107,2023-12-03 03:45:00,2023,12,3,3,45,33,33143,AUTOROUTE A 10,44.96588851,-0.43908298,Nuit sans éclairage public,Hors agglomération,Hors intersection,Normale,Deux véhicules - arrière,1,3,6,0,1,1,1,0,1,130,2,2,1,0,1,0,32.0,49.0,voiture,deux_roues,3,1,1,1,2
202300050108,2023-07-17 00:20:00,2023,7,17,0,20,75,75104,PONT DE SULLY,48.850809,2.361432,Nuit avec éclairage allumé,En agglomération,Intersection en X,Normale,Deux véhicules - arrière,4,-1, -1,0,1,1,1,0,1,30,2,5,3,0,0,2,36.0,23.0,voiture,voiture,5,2,2,1,2
202300050108,2023-07-17 00:20:00,2023,7,17,0,20,75,75104,PONT DE SULLY,48.850809,2.361432,Nuit avec éclairage allumé,En agglomération,Intersection en X,Normale,Deux véhicules - arrière,4,2,3,0,2,1,1,2,1,30,2,5,3,0,0,2,36.0,23.0,voiture,voiture,5,2,2,1,2
202300050109,2023-05-09 12:25:00,2023,5,9,12,25,49,49007,COPERNIC,47.48205,-0.52238,Plein jour,En agglomération,Intersection en X,Normale,Deux véhicules - arrière,4,2,2,2,1,1,2,0,1,50,2,2,1,0,0,1,41.0,68.0,voiture,voiture,1,2,2,1,2
202300050109,2023-05-09 12:25:00,2023,5,9,12,25,49,49007,COPERNIC,47.48205,-0.52238,Plein jour,En agglomération,Intersection en X,Normale,Deux véhicules - arrière,4,2,4,0,1,1,2,0,1,50,2,2,1,0,0,1,41.0,68.0,voiture,voiture,1,2,2,1,2
202300050110,2023-09-27 19:45:00,2023,9,27,19,45,92,92019,RN385,48.77621518,2.23316898,Nuit sans éclairage public,Hors agglomération,Hors intersection,Normale,Trois véhicules et plus - en chaîne,2,2,2,0,1,1,1,0,1,70,3,3,2,0,0,1,42.0,56.0,deux_roues,voiture,3,1,1,1,4
202300050111,2023-06-12 10:15:00,2023,6,12,10,15,51,51344,CUMIERES (ALLEE DE),49.0691,3.93196,Plein jour,Hors agglomération,Intersection en T,Normale,Deux véhicules - côté,3,2,2,0,1,1,1,0,1,80,2,3,2,0,0,1,66.0,43.0,voiture,voiture,1,1,3,1,3
202300050111,2023-06-12 10:15:00,2023,6,12,10,15,51,51344,CUMIERES (ALLEE DE),49.0691,3.93196,Plein jour,Hors agglomération,Intersection en T,Normale,Deux véhicules - côté,3,3,2,0,1,1,1,5,1,50,2,3,2,0,0,1,66.0,43.0,voiture,voiture,1,1,3,1,3
202300050112,2023-02-16 16:15:00,2023,2,16,16,15,69,69286,2646 Route de Strasbourg,45.81893,4.89368,Plein jour,En agglomération,Intersection en Y,Normale,Deux véhicules - arrière,7,2,2,0,1,1,1,0,1,50,2,2,1,0,0,1,30.0,48.0,utilitaire_camion,utilitaire_camion,1,2,4,1,2