accident_id,datetime,annee,mois,jour,heure,minute,departement,commune_insee,adresse,latitude,longitude,luminosite,agglomeration,intersection,meteo,collision,catr,circ,nbv,vosp,prof,plan,surf,infra,situ,vma,nb_vehicules,nb_usagers,nb_indemnes,nb_tues,nb_blesses_hosp,nb_blesses_legers,age_cond_1,age_cond_2,veh_type_cond_1,veh_type_cond_2,lum_code,agg_code,int_code,atm_code,col_code
202300050249,2023-05-09 13:25:00,2023,5,9,13,25,25,25056,ALLENDE  BOULEVARD SALVADOR,47.22061,5.97845,Plein jour,En agglomération,Hors intersection,Pluie légère,Autre collision,4,3,3,3,1,1,2,0,1,30,1,2,1,0,0,1,63.0,,voiture,,1,2,1,2,6
202300050250,2023-09-27 08:05:00,2023,9,27,8,5,80,80021,ELBEUF (RUE D'),49.89089,2.27681,Plein jour,En agglomération,Hors intersection,Normale,Deux véhicules - côté,4,1,2,1,1,2,1,0,1,50,2,2,1,0,0,1,53.0,34.0,voiture,deux_roues,1,2,1,1,3
202300050251,2023-02-16 12:58:00,2023,2,16,12,58,32,32013,BOURGET,43.63866,0.5933,Plein jour,En agglomération,Giratoire,Normale,Sans collision,4,2,2,0,1,1,1,0,1,50,1,1,0,0,1,0,80.0,,deux_roues,,1,2,6,1,7
202300050251,2023-02-16 12:58:00,2023,2,16,12,58,32,32013,BOURGET,43.63866,0.5933,Plein jour,En agglomération,Giratoire,Normale,Sans collision,4,2,2,0,1,1,1,5,1,50,1,1,0,0,1,0,80.0,,deux_roues,,1,2,6,1,7
202300050252,2023-12-02 06:06:00,2023,12,2,6,6,63,63113,MAYER (BD DANIEL),45.79306,3.09592,Nuit avec éclairage allumé,En agglomération,Giratoire,Neige / grêle,Deux véhicules - côté,7,2,2,0,1,3,2,5,1,50,2,2,1,0,0,1,,45.0,utilitaire_camion,voiture,5,2,6,4,3
202300050252,2023-12-02 06:06:00,2023,12,2,6,6,63,63113,MAYER (BD DANIEL),45.79306,3.09592,Nuit avec éclairage allumé,En agglomération,Giratoire,Neige / grêle,Deux véhicules - côté,7,3,4,0,1,2,2,5,1,50,2,2,1,0,0,1,,45.0,utilitaire_camion,voiture,5,2,6,4,3
202300050253,2023-06-12 12:44:00,2023,6,12,12,44,11,11069,27 Boulevard Marcou,43.2119,2.3464,Plein jour,En agglomération,Hors intersection,Pluie légère,Autre collision,4,1,2,0,1,1,2,9,8,50,1,2,1,0,0,1,53.0,,voiture,,1,2,1,2,6
202300050254,2023-05-09 11:30:00,2023,5,9,11,30,25,25056,,47.221923,5.967352,Plein jour,En agglomération,Passage à niveau,Normale,Autre collision,4,3,2,3,1,3,1,4,1,30,1,2,1,0,0,1,51.0,,transport_commun,,1,2,8,1,6
202300050255,2023-08-26 15:32:00,2023,8,26,15,32,75,75107,BOULEVARD DES INVALIDES,48.857939,2.315182,Plein jour,En agglomération,Intersection en X,Normale,Deux véhicules - côté,4,1,2,2,1,3,1,0,1,30,2,3,2,0,0,1,23.0,15.0,voiture,deux_roues,1,2,2,1,3
202300050255,2023-08-26 15:32:00,2023,8,26,15,32,75,75107,BOULEVARD DES INVALIDES,48.857939,2.315182,Plein jour,En agglomération,Intersection en X,Normale,Deux véhicules - côté,4,-1, -1,0,1,1,1,0,1,30,2,3,2,0,0,1,23.0,15.0,voiture,deux_roues,1,2,2,1,3
202300050256,2023-07-16 09:25:00,2023,7,16,9,25,56,56067,Lieu dit Cosqueric,47.739338,-2.860479,Plein jour,Hors agglomération,Hors intersection,Normale,Autre collision,3,2,2,0,1,1,1,0,1,80,1,2,1,0,1,0,71.0,,deux_roues,,1,1,1,1,6
202300050257,2023-09-26 11:20:00,2023,9,26,11,20,80,80021,PAUL CLAUDEL (AVENUE),49.87527,2.27943,Plein jour,En agglomération,Hors intersection,Normale,Deux véhicules - côté,4,-1,4,1,1,1,1,0,1,50,2,2,1,0,0,1,47.0,71.0,deux_roues,voiture,1,2,1,1,3
202300050258,2023-02-16 17:05:00,2023,2,16,17,5,25,25547,AVENUE LECLERC,47.51586,6.83313,Plein jour,En agglomération,Hors intersection,Normale,Autre collision,3,-1,0,0,1,1,1,0,1,50,1,2,1,0,1,0,42.0,,voiture,,1,2,1,1,6
202300050259,2023-05-09 10:35:00,2023,5,9,10,35,22,22278,CAPUCINS (DES),48.51254,-2.76831,Plein jour,En agglomération,Hors intersection,Normale,Sans collision,4,1,1,0,1,1,1,0,1,30,1,1,0,0,0,1,21.0,,deux_roues,,1,2,1,1,7
202300050260,2023-12-02 20:30:00,2023,12,2,20,30,59,59512,METZ (BOULEVARD DE),50.70386,3.18104,Nuit avec éclairage allumé,En agglomération,Hors intersection,Normale,Deux véhicules - arrière,7,2,2,0,1,1,1,0,1,50,2,2,1,0,0,1,34.0,31.0,voiture,voiture,5,2,1,1,2
202300050261,2023-06-12 18:31:00,2023,6,12,18,31,10,10387,GEORGES POMPIDOU (RUE),48.29528,4.09366,Plein jour,En agglomération,Hors intersection,Normale,Deux véhicules - côté,4,-1,1,1,1,1,1,0,5,25,2,2,1,0,0,1,45.0,21.0,voiture,deux_roues,1,2,1,1,3
202300050262,2023-09-26 12:00:00,2023,9,26,12,0,80,80021,DE LA ROCHEFOUCAULD (RUE),49.91119,2.325,Plein jour,En agglomération,Hors intersection,Normale,Deux véhicules - côté,4,2,2,0,1,1,1,0,1,30,2,2,1,0,0,1,71.0,13.0,voiture,deux_roues,1,2,1,1,3
202300050263,2023-08-25 23:40:00,2023,8,25,23,40,75,75107,RUE SAINT DOMINIQUE,48.858732,2.30323,Nuit avec éclairage allumé,En agglomération,Intersection en X,Normale,Autre collision,4,1, -1,-1,1,1,1,0,1,-1,1,2,1,0,0,1,20.0,,deux_roues,,5,2,2,1,6
202300050263,2023-08-25 23:40:00,2023,8,25,23,40,75,75107,RUE SAINT DOMINIQUE,48.858732,2.30323,Nuit avec éclairage allumé,En agglomération,Intersection en X,Normale,Autre collision,4,1,1,0,1,1,1,0,1,30,1,2,1,0,0,1,20.0,,deux_roues,,5,2,2,1,6
202300050264,2023-07-17 12:40:00,2023,7,17,12,40,82,82112,Route Départementale 927,44.127078,1.154326,Plein jour,Hors agglomération,Hors intersection,Normale,Deux véhicules - frontale,3,2,2,0,2,1,1,0,1,80,2,3,1,0,1,1,27.0,30.0,voiture,voiture,1,1,1,1,1
202300050265,2023-05-06 10:45:00,2023,5,6,10,45,18,18033,9 Rue Coursarlon,47.08448,2.39576,Plein jour,En agglomération,Hors intersection,Normale,Autre collision,4,2,1,3,1,1,1,6,1,20,1,2,1,0,1,0,46.0,,voiture,,1,2,1,1,6
202300050266,2023-12-02 22:25:00,2023,12,2,22,25,59,59360,FOCH RUE DU MARECHAL,50.614503,3.013088,Nuit avec éclairage allumé,En agglomération,Hors intersection,Temps couvert,Autre collision,7,2,2,0,1,1,7,9,1,50,1,2,1,0,0,1,57.0,,voiture,,5,2,1,8,6
202300050267,2023-06-13 08:50:00,2023,6,13,8,50,06,06155,MARTYRS DE LA RESISTANCE AV.DES,43.574948,7.056314,Plein jour,En agglomération,Autre intersection,Normale,Autre collision,3,1,1,0,1,1,1,6,1,50,1,2,1,0,1,0,46.0,,utilitaire_camion,,1,2,9,1,6
202300050268,2023-02-16 10:15:00,2023,2,16,10,15,14,14118,6 Boulevard Aristide Briand,49.178261,-0.362214,Plein jour,En agglomération,Intersection en T,Normale,Deux véhicules - arrière,4,2,0,0,1,1,1,0,1,50,2,2,1,0,0,1,39.0,44.0,utilitaire_camion,deux_roues,1,2,3,1,2
202300050268,2023-02-16 10:15:00,2023,2,16,10,15,14,14118,6 Boulevard Aristide Briand,49.178261,-0.362214,Plein jour,En agglomération,Intersection en T,Normale,Deux véhicules - arrière,4,2,2,0,1,3,1,5,1,50,2,2,1,0,0,1,39.0,44.0,utilitaire_camion,deux_roues,1,2,3,1,2
202300050269,2023-07-17 22:45:00,2023,7,17,22,45,82,82079,Route de Montauban,43.941525,1.355535,Nuit avec éclairage non allumé,Hors agglomération,Hors intersection,Normale,Autre collision,3,2,2,0,1,1,1,0,1,80,1,1,0,0,1,0,39.0,,deux_roues,,4,1,1,1,6
202300050270,2023-05-09 07:45:00,2023,5,9,7,45,17,17415,REPUBLIQUE QUAI DE LA,45.746073,-0.630513,Plein jour,En agglomération,Hors intersection,Pluie légère,Deux véhicules - côté,4,2,2,0,1,2,2,0,1,50,2,2,1,0,0,1,23.0,17.0,voiture,deux_roues,1,2,1,2,3
202300050271,2023-09-28 23:18:00,2023,9,28,23,18,78,78403,CHATEAUBRIAND (AVENUE),48.99825,1.88304,Nuit avec éclairage allumé,En agglomération,Intersection en X,Normale,Deux véhicules - frontale,3,4,2,0,1,1,1,5,1,50,2,2,1,0,0,1,29.0,62.0,deux_roues,voiture,5,2,2,1,1
202300050271,2023-09-28 23:18:00,2023,9,28,23,18,78,78403,CHATEAUBRIAND (AVENUE),48.99825,1.88304,Nuit avec éclairage allumé,En agglomération,Intersection en X,Normale,Deux véhicules - frontale,3,2, -1,-1,1,1,1,0,1,-1,2,2,1,0,0,1,29.0,62.0,deux_roues,voiture,5,2,2,1,1
202300050272,2023-06-05 09:00:00,2023,6,5,9,0,02,02722,,49.392859,3.338366,Plein jour,En agglomération,Giratoire,Normale,Deux véhicules - arrière,3,1,1,0,1,2,1,5,8,50,2,2,1,0,0,1,48.0,61.0,deux_roues,utilitaire_camion,1,2,6,1,2
202300050273,2023-08-25 20:45:00,2023,8,25,20,45,75,75102,RUE DE LA PAIX,48.8695468,2.33152628,Nuit avec éclairage allumé,En agglomération,Intersection à plus de 4 branches,Normale,Deux véhicules - côté,4,2,2,0,1,1,1,0,1,30,2,2,1,0,0,1,,47.0,utilitaire_camion,deux_roues,5,2,5,1,3
202300050273,2023-08-25 20:45:00,2023,8,25,20,45,75,75102,RUE DE LA PAIX,48.8695468,2.33152628,Nuit avec éclairage allumé,En agglomération,Intersection à plus de 4 branches,Normale,Deux véhicules - côté,4,2,2,0,1,1,1,0,1,30,2,2,1,0,0,1,,47.0,utilitaire_camion,deux_roues,5,2,5,1,3
202300050274,2023-12-02 10:30:00,2023,12,2,10,30,59,59350,VAUBAN BOULEVARD N°2-18-1-39,50.63645,3.05077,Plein jour,En agglomération,Hors intersection,Normale,Deux véhicules - côté,4,1,2,2,1,1,1,0,5,50,2,5,4,0,0,1,43.0,37.0,voiture,deux_roues,1,2,1,1,3
202300050275,2023-09-25 14:00:00,2023,9,25,14,0,78,78498,DEVAUX BD,48.92946,2.04309,Plein jour,En agglomération,Hors intersection,Normale,Autre collision,4,2,2,0,1,1,1,0,1,30,1,2,1,0,0,1,85.0,,voiture,,1,2,1,1,6
202300050276,2023-07-18 18:35:00,2023,7,18,18,35,49,49228,D138,47.59228,0.049063,Plein jour,En agglomération,Hors intersection,Normale,Deux véhicules - frontale,3,2,2,0,1,3,1,0,5,50,2,2,1,0,1,0,67.0,15.0,voiture,deux_roues,1,2,1,1,1
202300050277,2023-02-15 15:00:00,2023,2,15,15,0,13,13117,Route nationale 113,43.44070578,5.24770879,Plein jour,Hors agglomération,Hors intersection,Normale,Deux véhicules - arrière,3,3,2,0,3,1,1,0,1,80,3,6,2,0,0,4,22.0,38.0,utilitaire_camion,utilitaire_camion,1,1,1,1,2
202300050278,2023-06-12 15:45:00,2023,6,12,15,45,75,75117,BD PERIPHERIQUE INTERIEUR,48.895562,2.307691,Plein jour,En agglomération,Hors intersection,Normale,Deux véhicules - côté,4,1,4,0,1,1,1,0,1,70,2,3,2,0,0,1,43.0,31.0,deux_roues,voiture,1,2,1,1,3
202300050279,2023-05-10 09:50:00,2023,5,10,9,50,17,17380,EXPRESS (VOIE),45.657171,-1.120533,Plein jour,Hors agglomération,Intersection en X,Normale,Trois véhicules et plus - en chaîne,3,2,2,-1,1,1,1,5,1,80,3,3,1,0,0,2,82.0,69.0,voiture,deux_roues,1,1,2,1,4
202300050279,2023-05-10 09:50:00,2023,5,10,9,50,17,17380,EXPRESS (VOIE),45.657171,-1.120533,Plein jour,Hors agglomération,Intersection en X,Normale,Trois véhicules et plus - en chaîne,3,2,2,0,1,1,1,0,1,80,3,3,1,0,0,2,82.0,69.0,voiture,deux_roues,1,1,2,1,4
202300050280,2023-08-25 15:50:00,2023,8,25,15,50,75,75101,BOULEVARD DE SEBASTOPOL,48.86007,2.349088,Plein jour,En agglomération,Intersection en X,Temps couvert,Deux véhicules - arrière,4,1,4,1,1,1,1,0,1,30,2,3,2,0,0,1,50.0,30.0,utilitaire_camion,deux_roues,1,2,2,8,2
202300050280,2023-08-25 15:50:00,2023,8,25,15,50,75,75101,BOULEVARD DE SEBASTOPOL,48.86007,2.349088,Plein jour,En agglomération,Intersection en X,Temps couvert,Deux véhicules - arrière,4,1,1,0,1,1,1,0,1,30,2,3,2,0,0,1,50.0,30.0,utilitaire_camion,deux_roues,1,2,2,8,2
202300050281,2023-12-02 06:30:00,2023,12,2,6,30,59,59350,"BASCULE, Rue de la",50.62437,3.06974,Nuit avec éclairage allumé,En agglomération,Intersection en X,Normale,Deux véhicules - côté,4,2,2,0,1,1,1,5,1,30,2,2,1,0,0,1,33.0,,voiture,voiture,5,2,2,1,3
202300050281,2023-12-02 06:30:00,2023,12,2,6,30,59,59350,"BASCULE, Rue de la",50.62437,3.06974,Nuit avec éclairage allumé,En agglomération,Intersection en X,Normale,Deux véhicules - côté,4,2,2,0,1,1,1,5,1,30,2,2,1,0,0,1,33.0,,voiture,voiture,5,2,2,1,3
202300050282,2023-02-16 11:20:00,2023,2,16,11,20,13,13001,,43.53101,5.41669,Plein jour,En agglomération,Hors intersection,Normale,Autre collision,3,2,2,3,1,1,1,9,6,50,1,2,1,1,0,0,37.0,,transport_commun,,1,2,1,1,6
202300050283,2023-07-17 20:35:00,2023,7,17,20,35,46,46173,D19,44.384039,1.758735,Crépuscule ou aube,Hors agglomération,Hors intersection,Normale,Deux véhicules - frontale,3,2,2,0,1,1,1,0,1,80,2,3,1,0,2,0,39.0,17.0,voiture,deux_roues,2,1,1,1,1
202300050284,2023-06-12 07:20:00,2023,6,12,7,20,75,75118,BD PERIPHERIQUE EXTERIEUR,48.900935,2.338542,Plein jour,En agglomération,Hors intersection,Normale,Deux véhicules - arrière,4,1,4,0,1,1,1,0,1,70,2,2,1,0,0,1,51.0,26.0,utilitaire_camion,deux_roues,1,2,1,1,2
202300050285,2023-05-03 12:30:00,2023,5,3,12,30,15,15012,NIEPCE (RUE NICEPHORE),44.91064,2.45702,Plein jour,En agglomération,Hors intersection,Normale,Deux véhicules - côté,4,2,2,0,1,1,1,0,1,50,2,4,1,0,0,3,42.0,37.0,utilitaire_camion,voiture,1,2,1,1,3
202300050286,2023-08-25 01:10:00,2023,8,25,1,10,75,75102,Rue Réaumur,48.86626,2.35255,Nuit avec éclairage allumé,En agglomération,Intersection en X,Normale,Deux véhicules - côté,4,1,5,1,1,1,1,0,1,30,2,2,1,0,0,1,24.0,40.0,deux_roues,voiture,5,2,2,1,3
202300050286,2023-08-25 01:10:00,2023,8,25,1,10,75,75102,Rue Réaumur,48.86626,2.35255,Nuit avec éclairage allumé,En agglomération,Intersection en X,Normale,Deux véhicules - côté,4,1,3,3,1,1,1,0,1,30,2,2,1,0,0,1,24.0,40.0,deux_roues,voiture,5,2,2,1,3
202300050287,2023-09-28 13:00:00,2023,9,28,13,0,77,77132,RD 934,48.88296,2.79975,Plein jour,Hors agglomération,Hors intersection,Normale,Trois véhicules et plus - en chaîne,3,2,2,0,1,1,1,0,1,70,3,5,4,0,0,1,41.0,24.0,utilitaire_camion,voiture,1,1,1,1,4
202300050288,2023-06-12 23:00:00,2023,6,12,23,0,75,75116,ALLEE DE LONGCHAMP,48.875838,2.273598,Nuit avec éclairage allumé,En agglomération,Hors intersection,Normale,Autre collision,4,2,4,0,1,1,1,0,1,50,1,1,0,0,1,0,58.0,,deux_roues,,5,2,1,1,6
202300050289,2023-02-16 12:15:00,2023,2,16,12,15,12,12176,SEVERAC LE CHATEAU (ROUTE DE ),44.36284,2.61681,Plein jour,En agglomération,Hors intersection,Normale,Deux véhicules - côté,4,2,2,0,1,1,1,0,1,70,2,2,1,0,1,0,47.0,66.0,utilitaire_camion,deux_roues,1,2,1,1,3
202300050290,2023-12-02 18:30:00,2023,12,2,18,30,54,54578,Avenue du General Leclerc,48.674478,6.151094,Nuit avec éclairage allumé,En agglomération,Hors intersection,Normale,Deux véhicules - côté,4,2,2,0,1,1,1,0,1,50,2,4,0,0,1,3,21.0,22.0,utilitaire_camion,voiture,5,2,1,1,3
202300050291,2023-07-17 14:45:00,2023,7,17,14,45,47,47214,D143,44.335544,0.249821,Plein jour,Hors agglomération,Hors intersection,Normale,Deux véhicules - côté,3,2,2,0,1,1,1,0,1,80,2,2,1,0,0,1,,24.0,utilitaire_camion,voiture,1,1,1,1,3
202300050292,2023-05-03 08:12:00,2023,5,3,8,12,15,15014,RN 122,44.914006,2.432017,Plein jour,En agglomération,Intersection en X,Temps éblouissant,Autre collision,2,2,2,0,1,1,1,0,1,50,1,2,1,0,1,0,62.0,,voiture,,1,2,2,7,6
202300050292,2023-05-03 08:12:00,2023,5,3,8,12,15,15014,RN 122,44.914006,2.432017,Plein jour,En agglomération,Intersection en X,Temps éblouissant,Autre collision,2,3,5,0,1,1,1,0,8,50,1,2,1,0,1,0,62.0,,voiture,,1,2,2,7,6
202300050293,2023-09-27 22:00:00,2023,9,27,22,0,76,76351,GENERAL FERRIE (AVENUE),49.50385599,0.1781559,Nuit avec éclairage allumé,En agglomération,Hors intersection,Normale,Deux véhicules - frontale,4,2,4,1,2,2,1,0,1,50,2,2,1,0,0,1,47.0,,utilitaire_camion,voiture,5,2,1,1,1
202300050294,2023-11-15 15:30:00,2023,11,15,15,30,54,54099,Avenue Albert de Briey,49.25428,5.936169,Plein jour,En agglomération,Giratoire,Normale,Sans collision,4,-1,1,0,1,2,1,0,1,30,1,1,0,0,0,1,21.0,,deux_roues,,1,2,6,1,7
202300050294,2023-11-15 15:30:00,2023,11,15,15,30,54,54099,Avenue Albert de Briey,49.25428,5.936169,Plein jour,En agglomération,Giratoire,Normale,Sans collision,4,-1,1,0,1,2,1,0,1,30,1,1,0,0,0,1,21.0,,deux_roues,,1,2,6,1,7
202300050295,2023-08-24 19:40:00,2023,8,24,19,40,75,75101,RUE DE RIVOLI,48.858514,2.348241,Plein jour,En agglomération,Intersection en X,Normale,Deux véhicules - côté,4,1,1,1,1,1,1,0,5,30,2,2,1,0,0,1,56.0,28.0,deux_roues,deux_roues,1,2,2,1,3
202300050295,2023-08-24 19:40:00,2023,8,24,19,40,75,75101,RUE DE RIVOLI,48.858514,2.348241,Plein jour,En agglomération,Intersection en X,Normale,Deux véhicules - côté,4,1,2,1,1,1,1,0,5,30,2,2,1,0,0,1,56.0,28.0,deux_roues,deux_roues,1,2,2,1,3
202300050296,2023-07-17 07:00:00,2023,7,17,7,0,41,41256,D41,47.30918,2.008202,Plein jour,Hors agglomération,Hors intersection,Normale,Autre collision,3,2,2,0,1,4,1,0,1,90,1,1,0,0,1,0,58.0,,deux_roues,,1,1,1,1,6
202300050297,2023-02-16 14:40:00,2023,2,16,14,40,11,11069,270 Avenue du Général Leclerc,43.20733,2.38025,Plein jour,En agglomération,Hors intersection,Normale,Deux véhicules - arrière,4,2,2,0,1,1,1,0,1,50,2,3,1,0,0,2,69.0,20.0,voiture,utilitaire_camion,1,2,1,1,2
202300050298,2023-06-13 19:30:00,2023,6,13,19,30,75,75119,RUE RIQUET,48.889304,2.371293,Plein jour,En agglomération,Intersection en T,Normale,Deux véhicules - frontale,4,-1,2,1,1,1,1,0,5,30,2,2,1,0,0,1,30.0,45.0,deux_roues,deux_roues,1,2,3,1,1
202300050298,2023-06-13 19:30:00,2023,6,13,19,30,75,75119,RUE RIQUET,48.889304,2.371293,Plein jour,En agglomération,Intersection en T,Normale,Deux véhicules - frontale,4,1,3,1,1,1,1,0,5,30,2,2,1,0,0,1,30.0,45.0,deux_roues,deux_roues,1,2,3,1,1
202300050299,2023-08-24 15:45:00,2023,8,24,15,45,75,75101,QUAI FRANCOIS MITTERRAND,48.860109,2.333296,Plein jour,En agglomération,Place,Normale,Autre collision,4,1,4,3,1,1,1,0,1,30,1,1,0,0,0,1,41.0,,deux_roues,,1,2,7,1,6
202300050300,2023-09-28 05:20:00,2023,9,28,5,20,76,76351,COCHET,49.50228,0.09719,Nuit avec éclairage allumé,En agglomération,Intersection en X,Normale,Sans collision,4,-1,2,0,2,1,1,0,1,50,1,1,0,0,1,0,24.0,,deux_roues,,5,2,2,1,7
202300050300,2023-09-28 05:20:00,2023,9,28,5,20,76,76351,COCHET,49.50228,0.09719,Nuit avec éclairage allumé,En agglomération,Intersection en X,Normale,Sans collision,4,2,0,0,1,1,1,0,1,50,1,1,0,0,1,0,24.0,,deux_roues,,5,2,2,1,7
202300050301,2023-12-02 20:25:00,2023,12,2,20,25,51,51454,DIEU LUMIERE (BOULEVARD) COTE PAIR,49.23954,4.03844,Nuit avec éclairage allumé,En agglomération,Intersection en T,Normale,Autre collision,4,2,3,2,2,3,1,0,1,50,1,2,1,0,0,1,41.0,,voiture,,5,2,3,1,6
202300050301,2023-12-02 20:25:00,2023,12,2,20,25,51,51454,DIEU LUMIERE (BOULEVARD) COTE PAIR,49.23954,4.03844,Nuit avec éclairage allumé,En agglomération,Intersection en T,Normale,Autre collision,4,2,3,2,1,1,1,0,1,50,1,2,1,0,0,1,41.0,,voiture,,5,2,3,1,6
202300050302,2023-05-09 18:00:00,2023,5,9,18,0,14,14243,387 Chemin du Val des Moulineaux,49.39889,0.217226,Plein jour,En agglomération,Hors intersection,Pluie légère,Deux véhicules - frontale,4,-1,1,0,2,3,2,0,1,50,2,4,3,0,1,0,62.0,47.0,voiture,voiture,1,2,1,2,1
202300050303,2023-02-16 12:00:00,2023,2,16,12,0,11,11069,6 Boulevard Denis Papin,43.20787,2.31206,Plein jour,En agglomération,Hors intersection,Normale,Deux véhicules - côté,4,2,2,0,1,1,1,0,1,50,2,2,1,0,0,1,21.0,47.0,deux_roues,voiture,1,2,1,1,3
202300050304,2023-07-17 18:23:00,2023,7,17,18,23,25,25060,Rue de l'Eglise,46.960943,6.269057,Plein jour,En agglomération,Intersection en X,Normale,Deux véhicules - frontale,3,2,2,0,1,1,1,0,1,50,2,2,1,0,1,0,18.0,38.0,deux_roues,voiture,1,2,2,1,1
202300050304,2023-07-17 18:23:00,2023,7,17,18,23,25,25060,Rue de l'Eglise,46.960943,6.269057,Plein jour,En agglomération,Intersection en X,Normale,Deux véhicules - frontale,3,2, -1,0,3,1,-1,-1,1,50,2,2,1,0,1,0,18.0,38.0,deux_roues,voiture,1,2,2,1,1
202300050305,2023-06-13 11:20:00,2023,6,13,11,20,75,75119,AVENUE JEAN JAURES,48.88514,2.379397,Plein jour,En agglomération,Intersection en T,Normale,Deux véhicules - côté,4,3,2,0,1,1,1,0,1,30,2,3,2,0,0,1,25.0,52.0,deux_roues,voiture,1,2,3,1,3
202300050305,2023-06-13 11:20:00,2023,6,13,11,20,75,75119,AVENUE JEAN JAURES,48.88514,2.379397,Plein jour,En agglomération,Intersection en T,Normale,Deux véhicules - côté,4,2,2,1,1,1,1,0,1,30,2,3,2,0,0,1,25.0,52.0,deux_roues,voiture,1,2,3,1,3
202300050306,2023-02-16 20:30:00,2023,2,16,20,30,07,07102,Chemin des Mulets,44.93386,4.85909,Nuit avec éclairage allumé,Hors agglomération,Autre intersection,Normale,Autre collision,4,1,2,0,1,4,1,0,1,70,1,2,0,0,0,2,21.0,,voiture,,5,1,9,1,6
202300050307,2023-08-26 15:45:00,2023,8,26,15,45,94,94080,Rue Félix Faure,48.84849,2.45442,Plein jour,En agglomération,Hors intersection,Normale,Deux véhicules - arrière,3,1,2,0,1,1,1,0,1,30,2,4,2,0,0,2,47.0,24.0,voiture,voiture,1,2,1,1,2
202300050308,2023-05-09 20:40:00,2023,5,9,20,40,14,14333,246 Chemin du Buquet,49.41396,0.23921,Plein jour,En agglomération,Hors intersection,Pluie légère,Deux véhicules - arrière,4,1,1,0,2,4,2,0,1,30,2,1,0,0,0,1,25.0,,deux_roues,,1,2,1,2,2
202300050309,2023-09-26 16:15:00,2023,9,26,16,15,76,76305,BREQUE (ROUTE),49.487714,0.196224,Plein jour,Hors agglomération,Intersection en X,Normale,Autre collision,4,2,4,0,1,1,1,0,1,50,2,3,1,0,0,2,50.0,21.0,utilitaire_camion,voiture,1,1,2,1,6
202300050309,2023-09-26 16:15:00,2023,9,26,16,15,76,76305,BREQUE (ROUTE),49.487714,0.196224,Plein jour,Hors agglomération,Intersection en X,Normale,Autre collision,4,2,5,0,1,1,1,0,1,50,2,3,1,0,0,2,50.0,21.0,utilitaire_camion,voiture,1,1,2,1,6
202300050310,2023-07-16 20:40:00,2023,7,16,20,40,25,25228,Avenue René Jacot,47.509483,6.849375,Crépuscule ou aube,En agglomération,Hors intersection,Normale,Deux véhicules - côté,4,2,2,0,1,1,1,0,1,50,2,2,1,0,1,0,17.0,20.0,deux_roues,deux_roues,2,2,1,1,3
202300050311,2023-06-13 10:15:00,2023,6,13,10,15,75,75117,RUE SALNEUVE,48.885071,2.314508,Plein jour,En agglomération,Hors intersection,Normale,Autre collision,4,1,1,0,1,1,1,9,4,30,1,2,1,0,1,0,38.0,,deux_roues,,1,2,1,1,6
202300050312,2023-02-16 16:37:00,2023,2,16,16,37,01,01289,BELLEVUE ( CHEMIN DE) PAIR,46.18226,5.20549,Plein jour,En agglomération,Hors intersection,Temps éblouissant,Autre collision,6,-1, -1,0,1,2,1,0,1,50,1,2,1,0,0,1,54.0,,voiture,,1,2,1,7,6
202300050313,2023-09-27 19:40:00,2023,9,27,19,40,72,72181,GLONNIERES (BD) N° PAIRS,47.97139,0.21355,Nuit avec éclairage allumé,En agglomération,Autre intersection,Normale,Deux véhicules - frontale,4,2,2,0,1,1,1,0,1,50,2,2,1,0,0,1,50.0,60.0,voiture,voiture,5,2,9,1,1
202300050314,2023-05-10 19:00:00,2023,5,10,19,0,13,13211,PAGEOTTE (CHEMIN DE LA),43.3012,5.52339,Plein jour,En agglomération,Intersection en T,Normale,Deux véhicules - côté,4,2,2,0,1,1,1,0,1,50,2,2,1,0,0,1,52.0,54.0,utilitaire_camion,voiture,1,2,3,1,3
202300050314,2023-05-10 19:00:00,2023,5,10,19,0,13,13211,PAGEOTTE (CHEMIN DE LA),43.3012,5.52339,Plein jour,En agglomération,Intersection en T,Normale,Deux véhicules - côté,4,2,2,0,1,1,1,0,1,50,2,2,1,0,0,1,52.0,54.0,utilitaire_camion,voiture,1,2,3,1,3
202300050315,2023-08-26 18:00:00,2023,8,26,18,0,94,94052,N486,48.8355,2.49406,Plein jour,En agglomération,Intersection en X,Temps couvert,Deux véhicules - côté,2,2,2,0,1,1,2,5,1,50,2,2,0,0,0,2,32.0,24.0,voiture,deux_roues,1,2,2,8,3
202300050315,2023-08-26 18:00:00,2023,8,26,18,0,94,94052,N486,48.8355,2.49406,Plein jour,En agglomération,Intersection en X,Temps couvert,Deux véhicules - côté,2,2,2,0,1,1,2,0,1,50,2,2,0,0,0,2,32.0,24.0,voiture,deux_roues,1,2,2,8,3
202300050316,2023-12-03 00:15:00,2023,12,3,0,15,47,47031,RD 813 (nouvelle rocade),44.1738221,0.63440466,Nuit avec éclairage non allumé,Hors agglomération,Hors intersection,Brouillard / fumée,Sans collision,4,2,2,0,1,1,2,9,8,70,1,5,1,0,0,4,44.0,,voiture,,4,1,1,5,7
202300050317,2023-06-11 23:40:00,2023,6,11,23,40,75,75115,PLACE DE BRETEUIL,48.847161,2.312071,Nuit avec éclairage allumé,En agglomération,Place,Temps couvert,Deux véhicules - arrière,4,1, -1,0,1,1,2,0,1,30,2,2,1,0,0,1,23.0,24.0,voiture,deux_roues,5,2,7,8,2
202300050317,2023-06-11 23:40:00,2023,6,11,23,40,75,75115,PLACE DE BRETEUIL,48.847161,2.312071,Nuit avec éclairage allumé,En agglomération,Place,Temps couvert,Deux véhicules - arrière,4,1,1,0,1,2,2,0,1,30,2,2,1,0,0,1,23.0,24.0,voiture,deux_roues,5,2,7,8,2