accident_id,datetime,annee,mois,jour,heure,minute,departement,commune_insee,adresse,latitude,longitude,luminosite,agglomeration,intersection,meteo,collision,catr,circ,nbv,vosp,prof,plan,surf,infra,situ,vma,nb_vehicules,nb_usagers,nb_indemnes,nb_tues,nb_blesses_hosp,nb_blesses_legers,age_cond_1,age_cond_2,veh_type_cond_1,veh_type_cond_2,lum_code,agg_code,int_code,atm_code,col_code
202300050318,2023-09-27 19:30:00,2023,9,27,19,30,72,72181,DURAND GEORGES (AV) N° IMP 313 ET plus,47.96339,0.22129,Crépuscule ou aube,En agglomération,Hors intersection,Normale,Deux véhicules - côté,3,2,3,1,2,3,1,5,5,50,2,2,1,0,0,1,42.0,51.0,voiture,deux_roues,2,2,1,1,3
202300050319,2023-05-10 15:30:00,2023,5,10,15,30,13,13208,MADRAGUE DE MONTREDON (AVE DE LA) ,43.23498,5.36023,Plein jour,En agglomération,Hors intersection,Normale,Deux véhicules - côté,4,2,2,0,1,1,1,0,1,50,2,2,1,0,0,1,57.0,35.0,voiture,deux_roues,1,2,1,1,3
202300050320,2023-07-14 01:00:00,2023,7,14,1,0,44,44023,Saint Eloi,47.416178,-1.893042,Nuit sans éclairage public,Hors agglomération,Hors intersection,Normale,Autre collision,3,2,2,0,1,1,1,0,1,80,3,6,5,0,1,0,23.0,21.0,voiture,voiture,3,1,1,1,6
202300050321,2023-08-24 17:05:00,2023,8,24,17,5,94,94058,Avenue du Général de Gaulle,48.85113,2.49501,Plein jour,En agglomération,Hors intersection,Normale,Deux véhicules - côté,3,3,4,0,1,1,1,0,1,50,2,2,1,0,0,1,53.0,31.0,deux_roues,voiture,1,2,1,1,3
202300050322,2023-02-15 08:18:00,2023,2,15,8,18,976,97611,tsoundzou-Mangadzia  Tsoundzou 2 (rue ),-12.81204,45.20289,Plein jour,En agglomération,Hors intersection,Normale,Deux véhicules - arrière,2,2,2,0,1,1,1,9,1,50,2,6,3,0,0,3,44.0,48.0,voiture,voiture,1,2,1,1,2
202300050323,2023-07-17 12:20:00,2023,7,17,12,20,29,29277,D764,48.40939995,-4.04927132,Plein jour,Hors agglomération,Hors intersection,Normale,Sans collision,3,2,2,0,1,2,1,0,1,80,1,1,0,0,0,1,16.0,,deux_roues,,1,1,1,1,7
202300050324,2023-06-13 15:25:00,2023,6,13,15,25,75,75114,RUE GASSENDI,48.833612,2.325804,Plein jour,En agglomération,Intersection en X,Normale,Deux véhicules - côté,4,1,0,0,1,1,1,0,1,30,2,3,2,0,0,1,42.0,58.0,voiture,voiture,1,2,2,1,3
202300050324,2023-06-13 15:25:00,2023,6,13,15,25,75,75114,RUE GASSENDI,48.833612,2.325804,Plein jour,En agglomération,Intersection en X,Normale,Deux véhicules - côté,4,1,1,0,1,1,1,0,1,30,2,3,2,0,0,1,42.0,58.0,voiture,voiture,1,2,2,1,3
202300050325,2023-09-27 09:50:00,2023,9,27,9,50,72,72181,PORT (RUE DU),48.00305,0.19459,Plein jour,En agglomération,Autre intersection,Normale,Deux véhicules - arrière,4,1,1,1,2,1,1,0,1,30,2,2,1,0,0,1,32.0,59.0,utilitaire_camion,deux_roues,1,2,9,1,2
202300050326,2023-05-07 18:00:00,2023,5,7,18,0,13,13215,MADRAGUE VILLE (chemin de la),43.32638215,5.36096292,Plein jour,En agglomération,Hors intersection,Normale,Deux véhicules - côté,4,2,2,0,1,1,1,0,4,50,2,2,1,0,0,1,23.0,55.0,autre,utilitaire_camion,1,2,1,1,3
202300050327,2023-08-26 12:45:00,2023,8,26,12,45,94,94016,Avenue du Président Wilson,48.79627,2.33113,Plein jour,En agglomération,Hors intersection,Normale,Deux véhicules - côté,4,2,2,0,1,1,1,0,1,30,2,5,4,0,0,1,22.0,37.0,deux_roues,voiture,1,2,1,1,3
202300050328,2023-02-15 16:00:00,2023,2,15,16,0,974,97416,RN2 (2),-21.34022,55.49317,Plein jour,En agglomération,Hors intersection,Normale,Trois véhicules et plus - collisions multiples,2,2,2,0,1,1,1,0,1,90,3,3,2,0,0,1,39.0,33.0,voiture,deux_roues,1,2,1,1,5
202300050329,2023-09-28 15:50:00,2023,9,28,15,50,71,71076,DE LATTRE DE TASSIGNY(MARECHAL),46.78620143,4.84400143,Plein jour,En agglomération,Hors intersection,Normale,Autre collision,4,2,2,0,1,1,1,0,1,50,1,2,1,0,1,0,39.0,,voiture,,1,2,1,1,6
202300050330,2023-07-15 19:15:00,2023,7,15,19,15,29,29176,Village Lanzent,48.141592,-4.230659,Plein jour,Hors agglomération,Hors intersection,Normale,Deux véhicules - frontale,3,2,2,0,1,1,1,0,1,80,2,3,2,0,1,0,73.0,36.0,voiture,voiture,1,1,1,1,1
202300050331,2023-05-08 23:43:00,2023,5,8,23,43,13,13212,CAILLOLS (AVENUE DES),43.30393837,5.43549806,Nuit avec éclairage allumé,En agglomération,Autre intersection,Normale,Deux véhicules - côté,4,-1,2,0,1,1,1,0,1,50,2,2,1,0,1,0,27.0,73.0,deux_roues,voiture,5,2,9,1,3
202300050332,2023-06-13 11:27:00,2023,6,13,11,27,75,75113,PLACE VALHUBERT,48.843677,2.365541,Plein jour,En agglomération,Place,Normale,Sans collision,4,2,6,1,1,1,1,0,5,30,2,2,1,0,0,1,25.0,61.0,deux_roues,deux_roues,1,2,7,1,7
202300050332,2023-06-13 11:27:00,2023,6,13,11,27,75,75113,PLACE VALHUBERT,48.843677,2.365541,Plein jour,En agglomération,Place,Normale,Sans collision,4,2,5,3,1,1,1,0,5,30,2,2,1,0,0,1,25.0,61.0,deux_roues,deux_roues,1,2,7,1,7
202300050333,2023-08-25 12:15:00,2023,8,25,12,15,94,94021,Rue d'Agen,48.7622413,2.34958935,Plein jour,En agglomération,Hors intersection,Normale,Autre collision,5,1,2,0,1,1,1,0,1,30,1,2,1,0,0,1,30.0,,utilitaire_camion,,1,2,1,1,6
202300050334,2023-05-09 19:25:00,2023,5,9,19,25,13,13209,COL DE LA GINESTE D559,43.24055366,5.45863612,Crépuscule ou aube,En agglomération,Hors intersection,Pluie légère,Deux véhicules - frontale,4,2,2,0,1,1,2,0,1,50,1,1,0,0,1,0,22.0,,voiture,,2,2,1,2,1
202300050335,2023-09-28 09:50:00,2023,9,28,9,50,69,69264,Boulevard Général Leclerc,45.99797,4.71076,Plein jour,En agglomération,Hors intersection,Normale,Deux véhicules - arrière,3,2,2,2,1,1,1,0,1,50,2,2,1,0,0,1,84.0,40.0,voiture,deux_roues,1,2,1,1,2
202300050336,2023-02-15 15:41:00,2023,2,15,15,41,973,97302,SOURCE DE BADUEL (CHEMIN DE LA),4.92543357,-52.30851799,Plein jour,En agglomération,Intersection en Y,Normale,Deux véhicules - côté,4,2,2,0,1,1,1,0,1,50,2,2,1,0,0,1,23.0,30.0,voiture,utilitaire_camion,1,2,4,1,3
202300050337,2023-06-13 23:15:00,2023,6,13,23,15,75,75112,AVENUE LEDRU ROLLIN,48.849611,2.374275,Nuit avec éclairage allumé,En agglomération,Intersection en T,Normale,Deux véhicules - côté,4,2,2,0,1,1,1,0,1,30,2,2,0,0,0,2,24.0,32.0,deux_roues,deux_roues,5,2,3,1,3
202300050337,2023-06-13 23:15:00,2023,6,13,23,15,75,75112,AVENUE LEDRU ROLLIN,48.849611,2.374275,Nuit avec éclairage allumé,En agglomération,Intersection en T,Normale,Deux véhicules - côté,4,1, -1,0,1,1,1,0,1,30,2,2,0,0,0,2,24.0,32.0,deux_roues,deux_roues,5,2,3,1,3
202300050338,2023-07-17 17:35:00,2023,7,17,17,35,29,29072,Rue Louis Pasteur,47.797251,-4.278708,Plein jour,En agglomération,Intersection en X,Normale,Deux véhicules - côté,4,2,2,0,1,1,1,0,1,30,2,2,1,0,0,1,39.0,17.0,voiture,deux_roues,1,2,2,1,3
202300050339,2023-08-25 18:00:00,2023,8,25,18,0,94,94028,Route de Choisy,48.77678,2.44135,Plein jour,En agglomération,Hors intersection,Normale,Deux véhicules - arrière,3,1,0,3,1,1,1,9,6,50,2,4,0,0,1,3,35.0,30.0,deux_roues,voiture,1,2,1,1,2
202300050340,2023-05-09 18:30:00,2023,5,9,18,30,13,13212,SAINT JULIEN (AVENUE DE ),43.30609952,5.41954703,Plein jour,En agglomération,Hors intersection,Pluie légère,Deux véhicules - arrière,4,2,1,0,1,1,2,0,1,50,2,3,1,0,0,2,25.0,29.0,voiture,deux_roues,1,2,1,2,2
202300050341,2023-02-15 07:05:00,2023,2,15,7,5,973,97302,TIGRE (ROUTE DU),4.91749856,-52.31287122,Plein jour,En agglomération,Intersection en T,Normale,Deux véhicules - côté,3,2,0,0,1,1,1,0,1,50,2,2,1,0,0,1,26.0,38.0,voiture,deux_roues,1,2,3,1,3
202300050341,2023-02-15 07:05:00,2023,2,15,7,5,973,97302,TIGRE (ROUTE DU),4.91749856,-52.31287122,Plein jour,En agglomération,Intersection en T,Normale,Deux véhicules - côté,3,2,2,0,1,1,1,0,1,50,2,2,1,0,0,1,26.0,38.0,voiture,deux_roues,1,2,3,1,3
202300050342,2023-07-18 12:15:00,2023,7,18,12,15,02,02810,D936,49.213049,3.103831,Plein jour,Hors agglomération,Hors intersection,Normale,Autre collision,3,2,2,0,1,1,1,0,1,80,1,1,0,0,0,1,54.0,,deux_roues,,1,1,1,1,6
202300050343,2023-09-28 07:30:00,2023,9,28,7,30,69,69290,Rue du Progrès,45.7168,4.9581,Plein jour,En agglomération,Giratoire,Normale,Deux véhicules - côté,7,1,2,0,1,2,1,0,1,50,2,2,1,0,0,1,53.0,53.0,deux_roues,voiture,1,2,6,1,3
202300050343,2023-09-28 07:30:00,2023,9,28,7,30,69,69290,Rue du Progrès,45.7168,4.9581,Plein jour,En agglomération,Giratoire,Normale,Deux véhicules - côté,7,2,2,2,1,1,1,0,5,50,2,2,1,0,0,1,53.0,53.0,deux_roues,voiture,1,2,6,1,3
202300050344,2023-06-13 16:58:00,2023,6,13,16,58,75,75111,AVENUE LEDRU ROLLIN,48.854505,2.378044,Plein jour,En agglomération,Intersection en Y,Normale,Deux véhicules - côté,4,2,2,0,1,1,1,0,1,30,2,2,1,0,0,1,72.0,61.0,deux_roues,deux_roues,1,2,4,1,3
202300050344,2023-06-13 16:58:00,2023,6,13,16,58,75,75111,AVENUE LEDRU ROLLIN,48.854505,2.378044,Plein jour,En agglomération,Intersection en Y,Normale,Deux véhicules - côté,4,2,2,0,1,1,1,0,1,30,2,2,1,0,0,1,72.0,61.0,deux_roues,deux_roues,1,2,4,1,3
202300050345,2023-05-09 15:05:00,2023,5,9,15,5,13,13205,JEAN MOULIN (BOULEVARD),43.2904,5.39983,Plein jour,En agglomération,Intersection en T,Normale,Deux véhicules - côté,4,1,6,3,1,1,1,0,8,50,2,2,0,0,0,2,32.0,56.0,deux_roues,deux_roues,1,2,3,1,3
202300050345,2023-05-09 15:05:00,2023,5,9,15,5,13,13205,JEAN MOULIN (BOULEVARD),43.2904,5.39983,Plein jour,En agglomération,Intersection en T,Normale,Deux véhicules - côté,4,1,6,3,1,1,1,9,6,50,2,2,0,0,0,2,32.0,56.0,deux_roues,deux_roues,1,2,3,1,3
202300050346,2023-02-15 14:41:00,2023,2,15,14,41,972,97209,MOUTTE (ROUTE DE),14.62489,-61.05083,Plein jour,En agglomération,Hors intersection,Normale,Deux véhicules - frontale,3,2,2,0,4,1,1,0,1,50,2,2,0,0,0,2,23.0,37.0,voiture,voiture,1,2,1,1,1
202300050347,2023-08-25 09:45:00,2023,8,25,9,45,94,94011,Rue Pierre Sémard,48.76272,2.4786,Plein jour,En agglomération,Autre intersection,Temps couvert,Deux véhicules - côté,3,-1, -1,0,1,1,1,5,1,-1,2,3,0,0,0,3,33.0,26.0,voiture,utilitaire_camion,1,2,9,8,3
202300050347,2023-08-25 09:45:00,2023,8,25,9,45,94,94011,Rue Pierre Sémard,48.76272,2.4786,Plein jour,En agglomération,Autre intersection,Temps couvert,Deux véhicules - côté,3,-1,0,0,1,1,1,5,8,50,2,3,0,0,0,3,33.0,26.0,voiture,utilitaire_camion,1,2,9,8,3
202300050348,2023-06-13 16:10:00,2023,6,13,16,10,75,75111,BOULEVARD VOLTAIRE,48.860063,2.376271,Plein jour,En agglomération,Hors intersection,Normale,Deux véhicules - côté,4,2,2,1,1,1,1,0,1,30,2,2,1,0,0,1,45.0,37.0,voiture,deux_roues,1,2,1,1,3
202300050349,2023-09-27 18:45:00,2023,9,27,18,45,69,69290,Boulevard de la Cité Berliet,45.70804,4.91796,Plein jour,En agglomération,Hors intersection,Normale,Deux véhicules - frontale,4,2,5,0,1,1,1,0,1,50,2,3,2,0,0,1,18.0,30.0,voiture,voiture,1,2,1,1,1
202300050350,2023-07-14 16:05:00,2023,7,14,16,5,50,50003,Avenue des Pins,49.046219,-1.593626,Plein jour,En agglomération,Intersection en X,Pluie forte,Deux véhicules - côté,3,2,2,0,1,1,2,5,1,30,2,6,4,0,0,2,18.0,42.0,voiture,voiture,1,2,2,3,3
202300050350,2023-07-14 16:05:00,2023,7,14,16,5,50,50003,Avenue des Pins,49.046219,-1.593626,Plein jour,En agglomération,Intersection en X,Pluie forte,Deux véhicules - côté,3,2,2,0,1,1,2,0,1,30,2,6,4,0,0,2,18.0,42.0,voiture,voiture,1,2,2,3,3
202300050351,2023-02-15 19:30:00,2023,2,15,19,30,69,69385,Avenue de Ménival,45.75674,4.78296,Nuit avec éclairage allumé,En agglomération,Intersection en X,Normale,Deux véhicules - côté,4,2,4,0,4,1,1,0,1,50,2,2,0,0,0,2,76.0,34.0,voiture,voiture,5,2,2,1,3
202300050351,2023-02-15 19:30:00,2023,2,15,19,30,69,69385,Avenue de Ménival,45.75674,4.78296,Nuit avec éclairage allumé,En agglomération,Intersection en X,Normale,Deux véhicules - côté,4,2,2,2,4,1,1,0,1,30,2,2,0,0,0,2,76.0,34.0,voiture,voiture,5,2,2,1,3
202300050352,2023-06-13 19:40:00,2023,6,13,19,40,75,75110,BOULEVARD DE STRASBOURG,48.872275,2.355921,Plein jour,En agglomération,Intersection en X,Normale,Autre collision,4,1,2,3,1,1,1,0,1,30,1,2,1,0,0,1,42.0,,deux_roues,,1,2,2,1,6
202300050352,2023-06-13 19:40:00,2023,6,13,19,40,75,75110,BOULEVARD DE STRASBOURG,48.872275,2.355921,Plein jour,En agglomération,Intersection en X,Normale,Autre collision,4,1, -1,1,1,1,1,0,1,30,1,2,1,0,0,1,42.0,,deux_roues,,1,2,2,1,6
202300050353,2023-08-24 19:45:00,2023,8,24,19,45,94,94017,Avenue du Général de Gaulle,48.82409,2.49803,Crépuscule ou aube,En agglomération,Intersection en T,Normale,Deux véhicules - arrière,3,2,4,0,1,1,1,0,1,50,2,2,1,0,0,1,24.0,32.0,voiture,voiture,2,2,3,1,2
202300050353,2023-08-24 19:45:00,2023,8,24,19,45,94,94017,Avenue du Général de Gaulle,48.82409,2.49803,Crépuscule ou aube,En agglomération,Intersection en T,Normale,Deux véhicules - arrière,3,1,4,0,1,1,1,0,8,50,2,2,1,0,0,1,24.0,32.0,voiture,voiture,2,2,3,1,2
202300050354,2023-02-15 10:50:00,2023,2,15,10,50,69,69081,Place Charles de Gaulle,45.77454,4.77881,Plein jour,En agglomération,Intersection en X,Normale,Autre collision,4,2,2,0,1,1,1,6,1,30,1,2,1,0,0,1,31.0,,utilitaire_camion,,1,2,2,1,6
202300050354,2023-02-15 10:50:00,2023,2,15,10,50,69,69081,Place Charles de Gaulle,45.77454,4.77881,Plein jour,En agglomération,Intersection en X,Normale,Autre collision,4,2,2,0,1,1,1,6,1,30,1,2,1,0,0,1,31.0,,utilitaire_camion,,1,2,2,1,6
202300050355,2023-07-18 20:35:00,2023,7,18,20,35,50,50410,16 Rue Couesnon,48.552733,-1.512294,Plein jour,En agglomération,Hors intersection,Normale,Deux véhicules - arrière,3,2,2,0,4,1,1,0,1,50,2,2,1,0,0,1,19.0,42.0,deux_roues,voiture,1,2,1,1,2
202300050356,2023-06-13 14:20:00,2023,6,13,14,20,75,75109,RUE LA FAYETTE,48.874356,2.338153,Plein jour,En agglomération,Intersection en X,Normale,Deux véhicules - frontale,4,1,4,3,1,1,1,0,1,30,2,2,1,0,0,1,39.0,37.0,deux_roues,voiture,1,2,2,1,1
202300050356,2023-06-13 14:20:00,2023,6,13,14,20,75,75109,RUE LA FAYETTE,48.874356,2.338153,Plein jour,En agglomération,Intersection en X,Normale,Deux véhicules - frontale,4,1,1,1,1,1,1,0,1,30,2,2,1,0,0,1,39.0,37.0,deux_roues,voiture,1,2,2,1,1
202300050357,2023-08-25 20:10:00,2023,8,25,20,10,94,94002,Rue de Seine,48.81026274,2.41694967,Plein jour,En agglomération,Intersection en X,Normale,Deux véhicules - côté,4,1,1,0,1,1,1,0,1,50,2,2,1,0,0,1,35.0,33.0,utilitaire_camion,deux_roues,1,2,2,1,3
202300050357,2023-08-25 20:10:00,2023,8,25,20,10,94,94002,Rue de Seine,48.81026274,2.41694967,Plein jour,En agglomération,Intersection en X,Normale,Deux véhicules - côté,4,1,2,0,1,1,1,0,1,50,2,2,1,0,0,1,35.0,33.0,utilitaire_camion,deux_roues,1,2,2,1,3
202300050358,2023-02-15 17:17:00,2023,2,15,17,17,2A,2A004,ALATA ROUTE,41.93537,8.73632,Plein jour,En agglomération,Intersection en T,Normale,Deux véhicules - côté,3,2,2,0,2,1,1,0,1,50,2,3,1,0,0,2,23.0,19.0,voiture,deux_roues,1,2,3,1,3
202300050358,2023-02-15 17:17:00,2023,2,15,17,17,2A,2A004,ALATA ROUTE,41.93537,8.73632,Plein jour,En agglomération,Intersection en T,Normale,Deux véhicules - côté,3,2,0,0,1,1,1,0,1,50,2,3,1,0,0,2,23.0,19.0,voiture,deux_roues,1,2,3,1,3
202300050359,2023-09-28 08:55:00,2023,9,28,8,55,67,67447,TRIBUNAL (RUE DU),48.60317176,7.75679559,Plein jour,En agglomération,Intersection en T,Normale,Deux véhicules - frontale,4,2,2,2,1,1,1,0,1,50,2,2,1,0,0,1,54.0,22.0,utilitaire_camion,deux_roues,1,2,3,1,1
202300050359,2023-09-28 08:55:00,2023,9,28,8,55,67,67447,TRIBUNAL (RUE DU),48.60317176,7.75679559,Plein jour,En agglomération,Intersection en T,Normale,Deux véhicules - frontale,4,2,2,0,1,1,1,0,1,50,2,2,1,0,0,1,54.0,22.0,utilitaire_camion,deux_roues,1,2,3,1,1
202300050360,2023-07-17 21:10:00,2023,7,17,21,10,50,50436,D205,48.6538,-0.995132,Plein jour,Hors agglomération,Intersection en X,Normale,Deux véhicules - arrière,3,2,2,0,1,1,1,0,1,80,2,3,0,0,1,2,22.0,29.0,voiture,utilitaire_camion,1,1,2,1,2
202300050360,2023-07-17 21:10:00,2023,7,17,21,10,50,50436,D205,48.6538,-0.995132,Plein jour,Hors agglomération,Intersection en X,Normale,Deux véhicules - arrière,3,2,2,0,1,1,1,0,1,80,2,3,0,0,1,2,22.0,29.0,voiture,utilitaire_camion,1,1,2,1,2
202300050361,2023-06-13 07:45:00,2023,6,13,7,45,75,75108,PLACE DE L ALMA,48.864244,2.301478,Plein jour,En agglomération,Place,Normale,Deux véhicules - côté,4,2,4,1,1,1,1,0,5,30,2,3,2,0,1,0,30.0,59.0,deux_roues,voiture,1,2,7,1,3
202300050361,2023-06-13 07:45:00,2023,6,13,7,45,75,75108,PLACE DE L ALMA,48.864244,2.301478,Plein jour,En agglomération,Place,Normale,Deux véhicules - côté,4,2,6,1,1,1,1,0,5,30,2,3,2,0,1,0,30.0,59.0,deux_roues,voiture,1,2,7,1,3
202300050362,2023-08-26 03:00:00,2023,8,26,3,0,93,93070,Rue Emile Cordon,48.91251342,2.33733156,Nuit sans éclairage public,En agglomération,Autre intersection,Normale,Autre collision,4,2,2,0,1,1,1,0,1,50,1,2,1,0,0,1,,,voiture,,3,2,9,1,6
202300050363,2023-07-18 19:30:00,2023,7,18,19,30,60,60277,Lieu dit l'Italienne,49.424461,2.020626,Plein jour,En agglomération,Hors intersection,Normale,Sans collision,3,2,2,0,2,1,1,0,1,50,1,1,0,0,0,1,17.0,,deux_roues,,1,2,1,1,7
202300050364,2023-02-15 08:12:00,2023,2,15,8,12,2A,2A004,SAMPIERO BD,41.92496,8.73893,Plein jour,En agglomération,Hors intersection,Normale,Trois véhicules et plus - en chaîne,4,3,3,0,1,1,1,0,1,50,3,3,2,0,0,1,36.0,37.0,voiture,voiture,1,2,1,1,4
202300050365,2023-09-28 08:50:00,2023,9,28,8,50,67,67482,COLMAR (AVENUE DE),48.54918,7.74156,Plein jour,En agglomération,Passage à niveau,Normale,Autre collision,4,3,4,2,1,1,1,4,6,50,1,3,1,0,0,2,30.0,,transport_commun,,1,2,8,1,6
202300050366,2023-06-12 23:44:00,2023,6,12,23,44,75,75108,AVENUE DES CHAMPS ELYSEES,48.867779,2.31396,Nuit avec éclairage allumé,En agglomération,Intersection en T,Normale,Deux véhicules - côté,4,2,4,0,1,1,1,0,1,50,2,2,1,0,0,1,37.0,25.0,voiture,deux_roues,5,2,3,1,3
202300050366,2023-06-12 23:44:00,2023,6,12,23,44,75,75108,AVENUE DES CHAMPS ELYSEES,48.867779,2.31396,Nuit avec éclairage allumé,En agglomération,Intersection en T,Normale,Deux véhicules - côté,4,2,4,0,1,1,1,0,1,50,2,2,1,0,0,1,37.0,25.0,voiture,deux_roues,5,2,3,1,3
202300050367,2023-07-18 16:00:00,2023,7,18,16,0,64,64233,RD834,43.557183,-0.285575,Plein jour,En agglomération,Hors intersection,Normale,Sans collision,3,2,2,3,1,1,1,0,3,70,1,1,0,0,1,0,38.0,,voiture,,1,2,1,1,7
202300050368,2023-08-25 15:30:00,2023,8,25,15,30,93,93064,Avenue du Général de Gaulle,48.8807074,2.47723024,Plein jour,En agglomération,Autre intersection,Normale,Autre collision,3,3,3,3,1,1,1,6,1,50,1,3,1,0,0,2,58.0,,voiture,,1,2,9,1,6
202300050369,2023-07-17 13:30:00,2023,7,17,13,30,07,07204,RD 276,45.03473,4.428799,Plein jour,Hors agglomération,Hors intersection,Normale,Autre collision,3,2,2,0,1,1,1,0,3,90,1,1,0,0,1,0,84.0,,voiture,,1,1,1,1,6
202300050370,2023-06-13 08:58:00,2023,6,13,8,58,75,75107,BOULEVARD DES INVALIDES,48.846967,2.316806,Plein jour,En agglomération,Intersection en X,Normale,Deux véhicules - frontale,4,2,3,1,1,1,1,0,1,30,2,2,1,0,1,0,50.0,21.0,voiture,deux_roues,1,2,2,1,1
202300050370,2023-06-13 08:58:00,2023,6,13,8,58,75,75107,BOULEVARD DES INVALIDES,48.846967,2.316806,Plein jour,En agglomération,Intersection en X,Normale,Deux véhicules - frontale,4,2,2,0,1,1,1,0,1,30,2,2,1,0,1,0,50.0,21.0,voiture,deux_roues,1,2,2,1,1
202300050371,2023-02-14 16:45:00,2023,2,14,16,45,91,91477,CARNOT (RUE),48.71306,2.244414,Plein jour,En agglomération,Hors intersection,Normale,Trois véhicules et plus - collisions multiples,4,2,2,2,1,1,1,0,1,50,3,3,2,0,0,1,47.0,37.0,voiture,voiture,1,2,1,1,5
202300050372,2023-09-27 17:10:00,2023,9,27,17,10,67,67447,SELESTAT (RUE DE),48.61,7.739,Plein jour,En agglomération,Hors intersection,Normale,Deux véhicules - côté,4,2,2,0,2,1,1,0,1,50,2,2,1,1,0,0,24.0,21.0,deux_roues,voiture,1,2,1,1,3
202300050373,2023-07-18 09:30:00,2023,7,18,9,30,21,21332,Rue du Meix Pichot,47.003813,5.092163,Plein jour,En agglomération,Hors intersection,Normale,Sans collision,4,2,2,0,1,1,1,0,3,50,1,1,0,1,0,0,68.0,,voiture,,1,2,1,1,7
202300050374,2023-09-28 19:22:00,2023,9,28,19,22,64,64130,LARRETXEKO BORDA (CHEMIN DE),43.34066,-1.72919,Plein jour,Hors agglomération,Hors intersection,Normale,Sans collision,4,2,2,0,2,3,1,0,1,50,1,2,0,0,0,2,17.0,,deux_roues,,1,1,1,1,7
202300050375,2023-06-12 15:15:00,2023,6,12,15,15,75,75103,BOULEVARD SAINT DENIS,48.869326,2.354273,Plein jour,En agglomération,Intersection en X,Normale,Autre collision,4,1,4,3,1,1,1,0,1,30,2,3,2,0,0,1,25.0,42.0,utilitaire_camion,deux_roues,1,2,2,1,6
202300050375,2023-06-12 15:15:00,2023,6,12,15,15,75,75103,BOULEVARD SAINT DENIS,48.869326,2.354273,Plein jour,En agglomération,Intersection en X,Normale,Autre collision,4,2,5,3,1,1,1,0,1,30,2,3,2,0,0,1,25.0,42.0,utilitaire_camion,deux_roues,1,2,2,1,6
202300050376,2023-07-17 11:05:00,2023,7,17,11,5,85,85234,78 Route de la caillauderie,46.772636,-2.030515,Plein jour,En agglomération,Hors intersection,Normale,Deux véhicules - frontale,4,2,2,0,1,1,1,0,1,50,2,2,1,0,0,1,88.0,65.0,voiture,deux_roues,1,2,1,1,1
202300050377,2023-02-15 15:35:00,2023,2,15,15,35,91,91479,AV JEAN JAURES,48.7087,2.36657,Plein jour,En agglomération,Intersection en X,Normale,Deux véhicules - frontale,4,2,2,0,1,1,1,0,1,50,2,2,1,0,0,1,24.0,30.0,voiture,deux_roues,1,2,2,1,1
202300050377,2023-02-15 15:35:00,2023,2,15,15,35,91,91479,AV JEAN JAURES,48.7087,2.36657,Plein jour,En agglomération,Intersection en X,Normale,Deux véhicules - frontale,4,2,1,0,1,1,1,0,1,50,2,2,1,0,0,1,24.0,30.0,voiture,deux_roues,1,2,2,1,1
202300050378,2023-06-13 20:15:00,2023,6,13,20,15,94,94081,Avenue de l'Abbé Roger Derry,48.79102201,2.39398205,Plein jour,En agglomération,Hors intersection,Normale,Autre collision,3,2,2,0,2,1,1,0,1,50,1,2,1,0,0,1,22.0,,voiture,,1,2,1,1,6
202300050379,2023-02-15 13:45:00,2023,2,15,13,45,91,91589,BD DES BELGES,48.70053,2.35306,Plein jour,En agglomération,Hors intersection,Normale,Autre collision,4,2,2,0,1,1,1,0,1,50,1,2,1,0,0,1,55.0,,voiture,,1,2,1,1,6
202300050380,2023-07-18 02:35:00,2023,7,18,2,35,37,37014,RD 57,47.26882426,0.43359518,Nuit sans éclairage public,Hors agglomération,Hors intersection,Normale,Autre collision,3,2,2,0,1,1,1,0,1,80,1,2,0,1,0,1,17.0,,deux_roues,,3,1,1,1,6
202300050381,2023-02-15 07:08:00,2023,2,15,7,8,91,91027,AV MARCEL SEMBAT,48.708951,2.38632,Crépuscule ou aube,En agglomération,Hors intersection,Normale,Deux véhicules - côté,4,2,2,0,1,1,1,0,1,50,2,2,1,0,0,1,28.0,55.0,voiture,deux_roues,2,2,1,1,3
202300050382,2023-01-07 14:50:00,2023,1,7,14,50,974,97418,RUE DE LA FRATERNITÉ,-20.896549,55.543935,Plein jour,En agglomération,Giratoire,Normale,Deux véhicules - frontale,3,3,2,1,4,2,1,0,5,50,2,5,4,0,1,0,61.0,26.0,deux_roues,voiture,1,2,6,1,1
202300050383,2023-06-12 21:30:00,2023,6,12,21,30,94,94080,NOGENT (AV DE),48.84463,2.43884,Crépuscule ou aube,En agglomération,Intersection à plus de 4 branches,Normale,Deux véhicules - côté,3,2,2,1,1,1,1,0,1,50,2,2,0,0,0,2,24.0,27.0,voiture,deux_roues,2,2,5,1,3
202300050383,2023-06-12 21:30:00,2023,6,12,21,30,94,94080,NOGENT (AV DE),48.84463,2.43884,Crépuscule ou aube,En agglomération,Intersection à plus de 4 branches,Normale,Deux véhicules - côté,3,1,1,0,1,1,1,0,1,50,2,2,0,0,0,2,24.0,27.0,voiture,deux_roues,2,2,5,1,3
202300050384,2023-07-17 15:40:00,2023,7,17,15,40,37,37050,41 avenue du grand sud,47.344375,0.702409,Plein jour,En agglomération,Intersection en X,Normale,Deux véhicules - côté,3,3,5,2,1,1,1,5,5,50,2,2,1,0,0,1,21.0,69.0,deux_roues,voiture,1,2,2,1,3