accident_id,datetime,annee,mois,jour,heure,minute,departement,commune_insee,adresse,latitude,longitude,luminosite,agglomeration,intersection,meteo,collision,catr,circ,nbv,vosp,prof,plan,surf,infra,situ,vma,nb_vehicules,nb_usagers,nb_indemnes,nb_tues,nb_blesses_hosp,nb_blesses_legers,age_cond_1,age_cond_2,veh_type_cond_1,veh_type_cond_2,lum_code,agg_code,int_code,atm_code,col_code
202300050783,2023-09-28 06:00:00,2023,9,28,6,0,75,75111,RUE DU FAUBOURG DU TEMPLE,48.86774,2.36439,Nuit avec éclairage allumé,En agglomération,Place,Normale,Deux véhicules - côté,4,1,0,3,1,1,1,0,1,30,2,2,1,0,0,1,33.0,53.0,voiture,deux_roues,5,2,7,1,3
202300050783,2023-09-28 06:00:00,2023,9,28,6,0,75,75111,RUE DU FAUBOURG DU TEMPLE,48.86774,2.36439,Nuit avec éclairage allumé,En agglomération,Place,Normale,Deux véhicules - côté,4,1,1,0,1,1,1,0,1,30,2,2,1,0,0,1,33.0,53.0,voiture,deux_roues,5,2,7,1,3
202300050784,2023-07-16 20:55:00,2023,7,16,20,55,93,93007,Avenue Pablo Néruda / Avenue Descartes,48.95006,2.46693,Plein jour,En agglomération,Giratoire,Normale,Deux véhicules - côté,3,3,4,0,1,1,1,0,1,-1,2,2,1,0,0,1,21.0,23.0,voiture,voiture,1,2,6,1,3
202300050784,2023-07-16 20:55:00,2023,7,16,20,55,93,93007,Avenue Pablo Néruda / Avenue Descartes,48.95006,2.46693,Plein jour,En agglomération,Giratoire,Normale,Deux véhicules - côté,3,3,4,0,1,1,1,5,1,50,2,2,1,0,0,1,21.0,23.0,voiture,voiture,1,2,6,1,3
202300050785,2023-02-16 07:50:00,2023,2,16,7,50,82,82112,Route de l'Avenir,44.103893,1.11331,Plein jour,Hors agglomération,Giratoire,Brouillard / fumée,Deux véhicules - arrière,3,2,1,0,1,1,1,0,1,80,2,3,2,0,1,0,62.0,61.0,voiture,voiture,1,1,6,5,2
202300050785,2023-02-16 07:50:00,2023,2,16,7,50,82,82112,Route de l'Avenir,44.103893,1.11331,Plein jour,Hors agglomération,Giratoire,Brouillard / fumée,Deux véhicules - arrière,3,2,1,0,4,3,1,0,1,80,2,3,2,0,1,0,62.0,61.0,voiture,voiture,1,1,6,5,2
202300050786,2023-06-13 09:15:00,2023,6,13,9,15,92,92064,A13,48.83980011,2.20586376,Plein jour,Hors agglomération,Hors intersection,Normale,Deux véhicules - arrière,1,1,3,0,1,1,1,1,1,70,2,2,1,0,0,1,40.0,43.0,deux_roues,utilitaire_camion,1,1,1,1,2
202300050787,2023-01-04 19:00:00,2023,1,4,19,0,93,93001,Avenue Victor Hugo / Avenue des Magasins Generaux,48.90253,2.370977,Nuit avec éclairage allumé,En agglomération,Intersection en X,Pluie légère,Deux véhicules - arrière,3,2,2,0,1,1,2,0,1,50,2,2,1,0,0,1,36.0,36.0,deux_roues,voiture,5,2,2,2,2
202300050787,2023-01-04 19:00:00,2023,1,4,19,0,93,93001,Avenue Victor Hugo / Avenue des Magasins Generaux,48.90253,2.370977,Nuit avec éclairage allumé,En agglomération,Intersection en X,Pluie légère,Deux véhicules - arrière,3,2,2,0,1,1,2,0,1,50,2,2,1,0,0,1,36.0,36.0,deux_roues,voiture,5,2,2,2,2
202300050788,2023-07-16 10:30:00,2023,7,16,10,30,92,92044,ED.VAILLANT(RUE) 47A73 ET 50A78,48.89687821,2.28838563,Plein jour,En agglomération,Intersection en X,Normale,Deux véhicules - côté,4,1,1,0,1,1,1,0,1,50,2,2,1,0,0,1,58.0,65.0,voiture,voiture,1,2,2,1,3
202300050788,2023-07-16 10:30:00,2023,7,16,10,30,92,92044,ED.VAILLANT(RUE) 47A73 ET 50A78,48.89687821,2.28838563,Plein jour,En agglomération,Intersection en X,Normale,Deux véhicules - côté,4,1,1,0,1,1,1,0,1,50,2,2,1,0,0,1,58.0,65.0,voiture,voiture,1,2,2,1,3
202300050789,2023-09-27 15:15:00,2023,9,27,15,15,75,75111,RUE DU GRAND PRIEURE,48.864541,2.369364,Plein jour,En agglomération,Intersection en T,Normale,Autre collision,4,-1, -1,0,1,1,1,0,1,30,1,2,1,0,0,1,40.0,,voiture,,1,2,3,1,6
202300050789,2023-09-27 15:15:00,2023,9,27,15,15,75,75111,RUE DU GRAND PRIEURE,48.864541,2.369364,Plein jour,En agglomération,Intersection en T,Normale,Autre collision,4,1,1,1,1,1,1,0,1,30,1,2,1,0,0,1,40.0,,voiture,,1,2,3,1,6
202300050790,2023-06-12 23:30:00,2023,6,12,23,30,78,78418,A14,48.91597,2.13083,Nuit sans éclairage public,Hors agglomération,Hors intersection,Normale,Deux véhicules - arrière,1,1,2,0,1,1,1,8,1,110,2,2,0,0,0,2,52.0,36.0,voiture,utilitaire_camion,3,1,1,1,2
202300050791,2023-07-16 01:55:00,2023,7,16,1,55,92,92024,GUSTAVE EIFFEL (RUE),48.90338758,2.29293734,Nuit avec éclairage allumé,En agglomération,Hors intersection,Normale,Autre collision,4,1,0,0,1,1,1,0,1,30,1,1,0,0,0,1,28.0,,deux_roues,,5,2,1,1,6
202300050792,2023-01-05 08:05:00,2023,1,5,8,5,92,92020,STALINGRAD BOULEVARD,48.81099,2.29937,Crépuscule ou aube,En agglomération,Intersection en T,Normale,Autre collision,3,2,2,2,1,1,2,0,1,50,2,2,1,0,0,1,39.0,66.0,deux_roues,voiture,2,2,3,1,6
202300050792,2023-01-05 08:05:00,2023,1,5,8,5,92,92020,STALINGRAD BOULEVARD,48.81099,2.29937,Crépuscule ou aube,En agglomération,Intersection en T,Normale,Autre collision,3,3,4,2,1,1,2,0,1,50,2,2,1,0,0,1,39.0,66.0,deux_roues,voiture,2,2,3,1,6
202300050793,2023-02-16 19:25:00,2023,2,16,19,25,82,82161,D 115,44.042354,1.437505,Nuit sans éclairage public,Hors agglomération,Intersection en T,Normale,Trois véhicules et plus - collisions multiples,3,2,2,0,1,1,1,0,1,80,3,5,4,0,0,1,27.0,43.0,voiture,voiture,3,1,3,1,5
202300050793,2023-02-16 19:25:00,2023,2,16,19,25,82,82161,D 115,44.042354,1.437505,Nuit sans éclairage public,Hors agglomération,Intersection en T,Normale,Trois véhicules et plus - collisions multiples,3,-1, -1,-1,-1,-1,-1,-1,-1,-1,3,5,4,0,0,1,27.0,43.0,voiture,voiture,3,1,3,1,5
202300050794,2023-09-28 14:45:00,2023,9,28,14,45,75,75109,RUE PIERRE FONTAINE,48.880451,2.335078,Plein jour,En agglomération,Intersection à plus de 4 branches,Normale,Deux véhicules - frontale,4,1, -1,-1,1,1,1,0,5,-1,2,2,1,0,0,1,31.0,28.0,deux_roues,deux_roues,1,2,5,1,1
202300050794,2023-09-28 14:45:00,2023,9,28,14,45,75,75109,RUE PIERRE FONTAINE,48.880451,2.335078,Plein jour,En agglomération,Intersection à plus de 4 branches,Normale,Deux véhicules - frontale,4,1,1,1,2,1,1,8,5,30,2,2,1,0,0,1,31.0,28.0,deux_roues,deux_roues,1,2,5,1,1
202300050795,2023-06-12 08:18:00,2023,6,12,8,18,92,92047,A13,48.83291148,2.15823486,Plein jour,Hors agglomération,Hors intersection,Normale,Deux véhicules - côté,1,-1,3,0,2,1,1,0,1,70,2,2,1,0,0,1,36.0,43.0,voiture,deux_roues,1,1,1,1,3
202300050796,2023-01-05 13:40:00,2023,1,5,13,40,92,92040,rue du passeur de boulogne,48.825636,2.25977,Plein jour,En agglomération,Hors intersection,Pluie légère,Deux véhicules - côté,4,2,2,0,1,1,2,0,1,30,2,2,1,0,0,1,51.0,44.0,voiture,deux_roues,1,2,1,2,3
202300050797,2023-02-15 20:40:00,2023,2,15,20,40,33,33011,Avenue de la Libération,44.75866,-1.12095,Nuit avec éclairage allumé,En agglomération,Hors intersection,Normale,Deux véhicules - côté,3,2,2,1,1,1,1,0,1,50,2,3,2,0,1,0,18.0,16.0,deux_roues,deux_roues,5,2,1,1,3
202300050798,2023-09-28 09:05:00,2023,9,28,9,5,75,75109,RUE DU FAUBOURG POISSONNIERE,48.873422,2.347889,Plein jour,En agglomération,Intersection en T,Normale,Deux véhicules - côté,4,1, -1,-1,1,1,1,0,1,-1,2,2,1,0,0,1,34.0,26.0,deux_roues,utilitaire_camion,1,2,3,1,3
202300050798,2023-09-28 09:05:00,2023,9,28,9,5,75,75109,RUE DU FAUBOURG POISSONNIERE,48.873422,2.347889,Plein jour,En agglomération,Intersection en T,Normale,Deux véhicules - côté,4,1,1,0,1,1,1,0,1,30,2,2,1,0,0,1,34.0,26.0,deux_roues,utilitaire_camion,1,2,3,1,3
202300050799,2023-01-06 08:10:00,2023,1,6,8,10,60,60036,N31,49.385725,2.569942,Plein jour,Hors agglomération,Hors intersection,Normale,Deux véhicules - arrière,2,2,2,0,1,1,1,0,1,80,2,2,1,0,0,1,46.0,26.0,voiture,utilitaire_camion,1,1,1,1,2
202300050800,2023-06-13 17:00:00,2023,6,13,17,0,95,95277,A3,48.97221,2.48464,Plein jour,Hors agglomération,Hors intersection,Normale,Deux véhicules - arrière,1,1,2,0,2,2,1,0,1,70,2,3,2,0,0,1,39.0,39.0,deux_roues,voiture,1,1,1,1,2
202300050801,2023-02-17 11:15:00,2023,2,17,11,15,63,63003,Allée des Sports,45.540007,3.751257,Plein jour,En agglomération,Hors intersection,Normale,Autre collision,4,2,2,0,1,1,1,0,1,50,1,2,1,0,1,0,42.0,,utilitaire_camion,,1,2,1,1,6
202300050802,2023-09-27 09:15:00,2023,9,27,9,15,75,75108,AVENUE MATIGNON,48.869067,2.310307,Plein jour,En agglomération,Intersection en X,Normale,Deux véhicules - côté,4,2,4,0,1,1,1,9,1,50,2,2,1,0,0,1,56.0,40.0,voiture,deux_roues,1,2,2,1,3
202300050802,2023-09-27 09:15:00,2023,9,27,9,15,75,75108,AVENUE MATIGNON,48.869067,2.310307,Plein jour,En agglomération,Intersection en X,Normale,Deux véhicules - côté,4,-1, -1,0,1,1,1,0,1,30,2,2,1,0,0,1,56.0,40.0,voiture,deux_roues,1,2,2,1,3
202300050803,2023-01-06 18:08:00,2023,1,6,18,8,76,76115,D6015,49.59385,0.58318,Nuit sans éclairage public,Hors agglomération,Hors intersection,Pluie légère,Trois véhicules et plus - collisions multiples,3,2,2,0,1,1,2,0,1,80,3,4,3,1,0,0,21.0,22.0,voiture,voiture,3,1,1,2,5
202300050804,2023-06-13 07:10:00,2023,6,13,7,10,93,93005,AUTOROUTE A1,48.95720448,2.46153975,Plein jour,Hors agglomération,Hors intersection,Normale,Deux véhicules - arrière,1,3,8,0,1,1,1,0,1,110,2,2,1,0,0,1,35.0,26.0,utilitaire_camion,deux_roues,1,1,1,1,2
202300050805,2023-06-12 17:30:00,2023,6,12,17,30,95,95572,N184,49.04929,2.13858,Plein jour,Hors agglomération,Hors intersection,Normale,Deux véhicules - arrière,2,3,6,0,1,1,1,0,1,90,2,2,1,0,0,1,52.0,37.0,voiture,utilitaire_camion,1,1,1,1,2
202300050806,2023-09-28 14:30:00,2023,9,28,14,30,75,75107,RUE DE BABYLONE,48.851707,2.324396,Plein jour,En agglomération,Intersection en Y,Normale,Deux véhicules - arrière,4,1, -1,-1,1,1,1,0,1,-1,2,2,1,0,0,1,25.0,66.0,utilitaire_camion,deux_roues,1,2,4,1,2
202300050806,2023-09-28 14:30:00,2023,9,28,14,30,75,75107,RUE DE BABYLONE,48.851707,2.324396,Plein jour,En agglomération,Intersection en Y,Normale,Deux véhicules - arrière,4,1,1,0,1,1,1,0,1,30,2,2,1,0,0,1,25.0,66.0,utilitaire_camion,deux_roues,1,2,4,1,2
202300050807,2023-01-06 15:55:00,2023,1,6,15,55,25,25147,A36 sortie n°3 Besançon Ouest PK 133+800,47.235109,5.896128,Plein jour,Hors agglomération,Hors intersection,Temps couvert,Deux véhicules - côté,1,2,2,0,1,1,2,3,1,50,2,4,3,1,0,0,55.0,44.0,voiture,voiture,1,1,1,8,3
202300050808,2023-07-17 15:41:00,2023,7,17,15,41,60,60191,Rue de flandre,49.554707,2.701027,Plein jour,En agglomération,Hors intersection,Normale,Deux véhicules - frontale,3,2,2,0,1,1,1,0,4,50,2,2,0,0,2,0,57.0,52.0,utilitaire_camion,voiture,1,2,1,1,1
202300050809,2023-02-15 20:10:00,2023,2,15,20,10,49,49008,D770,47.56367,-0.99731,Nuit sans éclairage public,Hors agglomération,Intersection en X,Normale,Deux véhicules - arrière,3,2,2,0,1,1,1,0,1,90,2,2,1,0,1,0,25.0,18.0,voiture,deux_roues,3,1,2,1,2
202300050809,2023-02-15 20:10:00,2023,2,15,20,10,49,49008,D770,47.56367,-0.99731,Nuit sans éclairage public,Hors agglomération,Intersection en X,Normale,Deux véhicules - arrière,3,2, -1,-1,1,1,1,0,1,-1,2,2,1,0,1,0,25.0,18.0,voiture,deux_roues,3,1,2,1,2
202300050810,2023-09-28 07:30:00,2023,9,28,7,30,94,94079,Boulevard Aristide Briand,48.83114,2.53518,Crépuscule ou aube,En agglomération,Intersection en T,Normale,Autre collision,3,2,2,0,1,1,1,0,1,50,1,2,1,0,0,1,63.0,,voiture,,2,2,3,1,6
202300050810,2023-09-28 07:30:00,2023,9,28,7,30,94,94079,Boulevard Aristide Briand,48.83114,2.53518,Crépuscule ou aube,En agglomération,Intersection en T,Normale,Autre collision,3,2,0,0,1,1,1,9,1,50,1,2,1,0,0,1,63.0,,voiture,,2,2,3,1,6
202300050811,2023-06-12 15:00:00,2023,6,12,15,0,93,93066,AUTOROUTE A1,48.9182,2.35758,Plein jour,Hors agglomération,Hors intersection,Normale,Deux véhicules - côté,1,3,4,0,1,1,1,1,1,90,2,2,1,0,0,1,34.0,52.0,voiture,utilitaire_camion,1,1,1,1,3
202300050812,2023-01-06 08:15:00,2023,1,6,8,15,49,49092,D160,47.22964612,-0.72195524,Crépuscule ou aube,Hors agglomération,Autre intersection,Pluie légère,Autre collision,3,3,2,0,1,1,2,0,1,80,1,3,2,0,1,0,33.0,,voiture,,2,1,9,2,6
202300050813,2023-09-27 01:04:00,2023,9,27,1,4,93,93066,Rue Georges Politzer,48.940256,2.364034,Nuit avec éclairage allumé,En agglomération,Hors intersection,Normale,Autre collision,4,2,2,0,1,1,1,0,4,50,1,1,0,0,1,0,36.0,,voiture,,5,2,1,1,6
202300050814,2023-01-06 12:00:00,2023,1,6,12,0,77,77141,A4 pk 035.250,48.855895,2.840331,Plein jour,Hors agglomération,Hors intersection,Normale,Sans collision,1,3,3,0,1,1,2,7,1,130,1,2,0,0,1,1,45.0,,deux_roues,,1,1,1,1,7
202300050815,2023-06-12 10:00:00,2023,6,12,10,0,95,95527,N104,49.027106,2.511782,Plein jour,Hors agglomération,Hors intersection,Normale,Trois véhicules et plus - en chaîne,2,1,2,0,1,1,1,0,1,70,3,3,2,0,0,1,45.0,57.0,utilitaire_camion,utilitaire_camion,1,1,1,1,4
202300050816,2023-09-28 17:20:00,2023,9,28,17,20,93,93050,Rue Louis Vannini,48.86477,2.51949,Plein jour,En agglomération,Hors intersection,Normale,Deux véhicules - côté,3,2,2,0,1,1,1,0,1,50,2,2,1,0,0,1,22.0,30.0,voiture,deux_roues,1,2,1,1,3
202300050817,2023-06-12 09:15:00,2023,6,12,9,15,93,93008,AUTOROUTE A86,48.91273457,2.43680722,Plein jour,Hors agglomération,Hors intersection,Normale,Deux véhicules - arrière,1,3,6,0,1,1,1,1,1,90,2,2,1,0,0,1,36.0,22.0,deux_roues,voiture,1,1,1,1,2
202300050818,2023-09-28 15:15:00,2023,9,28,15,15,93,93049,Chemin de Meaux / Rue Marcel Dassault,48.86406,2.51678,Plein jour,En agglomération,Intersection en X,Normale,Deux véhicules - frontale,3,2,2,0,1,1,1,0,1,50,2,2,1,0,0,1,41.0,36.0,transport_commun,deux_roues,1,2,2,1,1
202300050818,2023-09-28 15:15:00,2023,9,28,15,15,93,93049,Chemin de Meaux / Rue Marcel Dassault,48.86406,2.51678,Plein jour,En agglomération,Intersection en X,Normale,Deux véhicules - frontale,3,2,3,0,1,1,1,0,1,50,2,2,1,0,0,1,41.0,36.0,transport_commun,deux_roues,1,2,2,1,1
202300050819,2023-01-04 18:00:00,2023,1,4,18,0,10,10067,D671,48.243139,4.118242,Nuit sans éclairage public,Hors agglomération,Hors intersection,Pluie légère,Trois véhicules et plus - en chaîne,3,2,2,0,1,1,2,0,1,80,4,4,2,0,1,1,60.0,28.0,voiture,voiture,3,1,1,2,4
202300050820,2023-06-12 06:30:00,2023,6,12,6,30,95,95252,A15,48.97936,2.228656,Plein jour,Hors agglomération,Hors intersection,Normale,Deux véhicules - côté,1,3,6,0,1,1,1,0,1,110,2,2,1,0,0,1,38.0,51.0,utilitaire_camion,deux_roues,1,1,1,1,3
202300050821,2023-09-28 12:00:00,2023,9,28,12,0,93,93079,Avenue Jean-baptiste Clément,48.954126,2.338311,Plein jour,En agglomération,Hors intersection,Normale,Autre collision,3,2,2,0,1,1,1,0,1,-1,1,2,1,0,0,1,33.0,,utilitaire_camion,,1,2,1,1,6
202300050822,2023-09-28 15:44:00,2023,9,28,15,44,93,93027,Boulevard Pasteur,48.92405,2.38422,Plein jour,En agglomération,Hors intersection,Normale,Autre collision,3,2,2,0,1,1,1,6,1,50,1,2,1,0,0,1,,,deux_roues,,1,2,1,1,6
202300050823,2023-09-28 09:15:00,2023,9,28,9,15,93,93007,Avenue du Professeur Fleming,48.93383226,2.46650228,Plein jour,En agglomération,Hors intersection,Normale,Deux véhicules - arrière,4,1,1,0,1,1,1,0,1,50,2,2,1,0,0,1,35.0,21.0,voiture,voiture,1,2,1,1,2
202300050824,2023-01-06 16:23:00,2023,1,6,16,23,74,74272,Route de Bellegarde,45.942791,6.060483,Crépuscule ou aube,Hors agglomération,Intersection en T,Temps couvert,Deux véhicules - côté,3,2,2,0,1,1,1,0,1,50,2,2,1,0,0,1,35.0,39.0,voiture,deux_roues,2,1,3,8,3
202300050824,2023-01-06 16:23:00,2023,1,6,16,23,74,74272,Route de Bellegarde,45.942791,6.060483,Crépuscule ou aube,Hors agglomération,Intersection en T,Temps couvert,Deux véhicules - côté,3,2,2,0,1,1,1,0,1,50,2,2,1,0,0,1,35.0,39.0,voiture,deux_roues,2,1,3,8,3
202300050825,2023-09-28 08:20:00,2023,9,28,8,20,92,92046,ETIENNE DOLET (RUE),48.8151844,2.2988736,Plein jour,En agglomération,Autre intersection,Normale,Autre collision,4,-1,0,0,2,2,2,0,5,30,1,1,0,0,0,1,12.0,,deux_roues,,1,2,9,1,6
202300050826,2023-09-27 18:48:00,2023,9,27,18,48,92,92077,VERSAILLES (RUE DE),48.82504806,2.18692884,Plein jour,En agglomération,Intersection en X,Normale,Deux véhicules - côté,3,1,3,0,2,1,1,0,1,50,2,2,1,0,0,1,43.0,17.0,voiture,deux_roues,1,2,2,1,3
202300050826,2023-09-27 18:48:00,2023,9,27,18,48,92,92077,VERSAILLES (RUE DE),48.82504806,2.18692884,Plein jour,En agglomération,Intersection en X,Normale,Deux véhicules - côté,3,2,3,2,1,1,1,0,1,50,2,2,1,0,0,1,43.0,17.0,voiture,deux_roues,1,2,2,1,3
202300050827,2023-09-27 13:20:00,2023,9,27,13,20,92,92050,CLEMENCEAU GEORGES AVENUE N° PAIR,48.88568703,2.21758068,Plein jour,En agglomération,Hors intersection,Temps éblouissant,Deux véhicules - arrière,4,3,4,1,1,1,1,0,1,50,2,3,1,0,0,2,67.0,17.0,voiture,deux_roues,1,2,1,7,2
202300050828,2023-06-11 21:05:00,2023,6,11,21,5,93,93066,AUTOROUTE A1,48.90548,2.35866,Crépuscule ou aube,Hors agglomération,Hors intersection,Pluie forte,Deux véhicules - arrière,1,3,4,0,1,1,2,1,1,90,2,2,1,0,0,1,64.0,66.0,deux_roues,voiture,2,1,1,3,2
202300050829,2023-09-25 16:30:00,2023,9,25,16,30,92,92050,CLEMENCEAU GEORGES AVENUE N° PAIR,48.88690736,2.20245481,Plein jour,En agglomération,Hors intersection,Temps couvert,Deux véhicules - côté,3,1,2,1,1,1,1,0,1,50,2,2,1,0,0,1,46.0,41.0,utilitaire_camion,deux_roues,1,2,1,8,3
202300050830,2023-01-06 05:10:00,2023,1,6,5,10,06,06095,41 Avenue de Boutiny,43.641496,6.878911,Nuit avec éclairage allumé,En agglomération,Intersection en T,Normale,Deux véhicules - côté,3,2,2,0,2,1,1,0,1,30,2,2,1,0,0,1,22.0,26.0,deux_roues,voiture,5,2,3,1,3
202300050830,2023-01-06 05:10:00,2023,1,6,5,10,06,06095,41 Avenue de Boutiny,43.641496,6.878911,Nuit avec éclairage allumé,En agglomération,Intersection en T,Normale,Deux véhicules - côté,3,2, -1,-1,1,1,1,0,1,-1,2,2,1,0,0,1,22.0,26.0,deux_roues,voiture,5,2,3,1,3
202300050831,2023-06-13 06:20:00,2023,6,13,6,20,93,93051,A4,48.83634,2.55335,Plein jour,Hors agglomération,Hors intersection,Normale,Trois véhicules et plus - collisions multiples,1,3,3,0,1,1,1,0,1,110,3,3,2,0,0,1,54.0,49.0,voiture,voiture,1,1,1,1,5
202300050832,2023-01-05 15:01:00,2023,1,5,15,1,06,06109,Route de Levens,43.82979,7.193985,Plein jour,Hors agglomération,Hors intersection,Normale,Sans collision,7,2,2,0,2,2,1,0,1,80,1,1,0,1,0,0,63.0,,voiture,,1,1,1,1,7
202300050833,2023-09-28 16:48:00,2023,9,28,16,48,92,92044,PDT WILSON(RUE) 2A24 ET 1A21,48.89058914,2.29173578,Plein jour,En agglomération,Intersection en X,Normale,Autre collision,4,2,#VALEURMULTI,0,1,1,1,0,1,50,1,2,1,0,0,1,65.0,,utilitaire_camion,,1,2,2,1,6
202300050834,2023-01-05 16:49:00,2023,1,5,16,49,03,03026,A79,46.460703,3.278802,Plein jour,Hors agglomération,Hors intersection,Pluie légère,Autre collision,1,3,4,0,1,1,2,0,1,130,1,1,0,0,1,0,58.0,,utilitaire_camion,,1,1,1,2,6
202300050835,2023-02-19 06:00:00,2023,2,19,6,0,88,88028,D11,48.15550083,6.54981585,Nuit sans éclairage public,Hors agglomération,Hors intersection,Temps couvert,Deux véhicules - frontale,3,2,2,0,1,3,2,0,1,90,2,2,1,0,1,0,28.0,22.0,voiture,voiture,3,1,1,8,1
202300050836,2023-01-06 06:10:00,2023,1,6,6,10,04,04033,RD900B - PK24+493,44.458102,6.239108,Nuit sans éclairage public,Hors agglomération,Hors intersection,Normale,Sans collision,3,2,2,0,2,3,2,0,3,80,1,1,0,1,0,0,19.0,,voiture,,3,1,1,1,7
202300050837,2023-09-28 12:37:00,2023,9,28,12,37,92,92044,PDT WILSON(RUE)107A131 ET 110A130,48.89786155,2.28540212,Plein jour,En agglomération,Hors intersection,Normale,Deux véhicules - arrière,4,1,2,0,1,1,1,0,1,50,2,2,1,0,0,1,26.0,27.0,voiture,deux_roues,1,2,1,1,2
202300050838,2023-02-08 07:29:00,2023,2,8,7,29,88,88486,Rue Robert Claudel,48.008433,6.717335,Plein jour,En agglomération,Hors intersection,Normale,Autre collision,3,2,2,0,1,1,7,0,1,50,1,2,1,0,1,0,45.0,,voiture,,1,2,1,1,6
202300050839,2023-01-06 07:10:00,2023,1,6,7,10,51,51380,Rue du Faubourg de Paris,48.88075938,3.53905141,Crépuscule ou aube,Hors agglomération,Hors intersection,Normale,Deux véhicules - côté,3,2,2,0,1,3,8,0,1,50,2,2,1,0,1,0,37.0,35.0,utilitaire_camion,voiture,2,1,1,1,3
202300050840,2023-09-28 20:34:00,2023,9,28,20,34,92,92024,GENERAL LECLERC (BD DU) (9 A 59)   (4 A,48.90435064,2.31149644,Nuit avec éclairage allumé,En agglomération,Hors intersection,Normale,Deux véhicules - côté,4,2,2,0,1,1,1,0,1,50,2,2,1,0,0,1,29.0,38.0,voiture,deux_roues,5,2,1,1,3
202300050841,2023-01-29 08:00:00,2023,1,29,8,0,88,88447,D43,47.944852,6.789116,Crépuscule ou aube,Hors agglomération,Hors intersection,Normale,Deux véhicules - arrière,3,2,2,0,1,1,2,0,1,-1,2,2,1,0,0,1,79.0,,voiture,,2,1,1,1,2
202300050842,2023-01-02 18:30:00,2023,1,2,18,30,56,56013,20 Route de Pont Lorois,47.675775,-3.183171,Nuit sans éclairage public,En agglomération,Hors intersection,Pluie légère,Deux véhicules - côté,3,2,2,0,1,1,2,0,1,50,2,2,1,0,0,1,21.0,55.0,voiture,deux_roues,3,2,1,2,3
202300050843,2023-01-28 04:00:00,2023,1,28,4,0,88,88243,62 Rue du Haut Pré,48.309481,6.714723,Nuit sans éclairage public,En agglomération,Hors intersection,Temps couvert,Deux véhicules - frontale,4,2,2,0,1,2,1,0,8,50,1,2,0,0,2,0,27.0,,voiture,,3,2,1,8,1
202300050844,2023-09-27 11:00:00,2023,9,27,11,0,92,92012,ALPHONSE LE GALLO (QUAI) 35/FIN,48.83867158,2.22414315,Plein jour,En agglomération,Hors intersection,Normale,Deux véhicules - côté,3,1,2,0,1,1,1,0,1,50,2,2,1,0,0,1,32.0,30.0,voiture,utilitaire_camion,1,2,1,1,3
202300050845,2023-01-05 12:10:00,2023,1,5,12,10,74,74096,7 Grand-Rue,46.0335,6.107272,Plein jour,En agglomération,Intersection en X,Normale,Autre collision,3,2,2,0,1,1,1,6,8,30,1,2,1,0,1,0,40.0,,voiture,,1,2,2,1,6
202300050845,2023-01-05 12:10:00,2023,1,5,12,10,74,74096,7 Grand-Rue,46.0335,6.107272,Plein jour,En agglomération,Intersection en X,Normale,Autre collision,3,-1, -1,-1,1,1,1,0,8,-1,1,2,1,0,1,0,40.0,,voiture,,1,2,2,1,6
202300050846,2023-03-26 14:50:00,2023,3,26,14,50,43,43177,D500,45.313755,4.2847,Plein jour,Hors agglomération,Autre intersection,Normale,Deux véhicules - frontale,3,2,2,0,1,2,1,0,1,80,2,4,0,0,0,4,21.0,65.0,voiture,voiture,1,1,9,1,1
202300050847,2023-09-29 07:25:00,2023,9,29,7,25,17,17408,d 122,45.804976,-0.84878,Plein jour,En agglomération,Intersection en X,Normale,Deux véhicules - côté,3,2,2,0,1,1,1,5,1,50,2,2,1,0,1,0,22.0,22.0,voiture,voiture,1,2,2,1,3
202300050847,2023-09-29 07:25:00,2023,9,29,7,25,17,17408,d 122,45.804976,-0.84878,Plein jour,En agglomération,Intersection en X,Normale,Deux véhicules - côté,3,2,2,-1,1,1,1,5,1,50,2,2,1,0,1,0,22.0,22.0,voiture,voiture,1,2,2,1,3
202300050848,2023-01-03 07:20:00,2023,1,3,7,20,80,80173,D919,49.958109,2.38178,Nuit sans éclairage public,Hors agglomération,Hors intersection,Normale,Deux véhicules - frontale,3,2,2,0,2,1,1,0,1,80,2,2,1,0,1,0,30.0,57.0,voiture,voiture,3,1,1,1,1
202300050849,2023-03-10 16:20:00,2023,3,10,16,20,43,43268,RN88,45.130257,4.095883,Plein jour,Hors agglomération,Hors intersection,Normale,Sans collision,2,3,2,0,1,1,1,0,3,110,1,1,0,0,0,1,53.0,,utilitaire_camion,,1,1,1,1,7
202300050850,2023-09-28 15:30:00,2023,9,28,15,30,84,84137,Avenue des Choralies,44.242286,5.082003,Plein jour,En agglomération,Hors intersection,Normale,Autre collision,6,-1, -1,0,1,1,1,0,8,30,1,2,1,0,1,0,79.0,,voiture,,1,2,1,1,6
202300050851,2023-01-05 07:35:00,2023,1,5,7,35,11,11024,,43.128934,2.96125,Crépuscule ou aube,Hors agglomération,Hors intersection,Normale,Deux véhicules - côté,3,2,3,0,1,1,1,0,1,80,2,2,1,0,1,0,17.0,30.0,deux_roues,voiture,2,1,1,1,3
202300050852,2023-03-05 15:30:00,2023,3,5,15,30,13,13056,TURCAN FRANCIS,43.41596,5.05668,Plein jour,En agglomération,Hors intersection,Normale,Autre collision,3,1,2,0,1,1,1,0,6,50,1,3,2,0,1,0,87.0,,voiture,,1,2,1,1,6