accident_id,datetime,annee,mois,jour,heure,minute,departement,commune_insee,adresse,latitude,longitude,luminosite,agglomeration,intersection,meteo,collision,catr,circ,nbv,vosp,prof,plan,surf,infra,situ,vma,nb_vehicules,nb_usagers,nb_indemnes,nb_tues,nb_blesses_hosp,nb_blesses_legers,age_cond_1,age_cond_2,veh_type_cond_1,veh_type_cond_2,lum_code,agg_code,int_code,atm_code,col_code
202300051211,2023-08-26 10:30:00,2023,8,26,10,30,15,15192,N122,45.069714,2.718851,Plein jour,Hors agglomération,Hors intersection,Normale,Deux véhicules - frontale,2,2,3,0,1,2,2,0,1,90,2,4,1,0,2,1,72.0,18.0,voiture,voiture,1,1,1,1,1
202300051212,2023-03-28 16:30:00,2023,3,28,16,30,13,13028,GUERIN (BOULEVARD),43.17512,5.60518,Plein jour,En agglomération,Autre intersection,Normale,Autre collision,4,1,1,0,1,1,1,0,1,30,1,2,1,0,1,0,64.0,,voiture,,1,2,9,1,6
202300051213,2023-06-09 16:20:00,2023,6,9,16,20,57,57672,OEUTRANGE (ROUTE D'),49.39735,6.11434,Plein jour,Hors agglomération,Hors intersection,Normale,Deux véhicules - arrière,3,2,2,0,1,1,1,0,1,80,2,3,0,0,1,2,61.0,59.0,voiture,voiture,1,1,1,1,2
202300051214,2023-12-02 19:15:00,2023,12,2,19,15,13,13208,JEAN MERMOZ (RUE),43.27598,5.3869,Nuit avec éclairage allumé,En agglomération,Hors intersection,Normale,Deux véhicules - arrière,4,1,1,0,1,1,1,0,1,50,2,4,3,0,0,1,27.0,63.0,voiture,voiture,5,2,1,1,2
202300051215,2023-05-10 22:15:00,2023,5,10,22,15,86,86014,D749,46.742566,0.55408,Nuit sans éclairage public,Hors agglomération,Hors intersection,Normale,Deux véhicules - arrière,3,2,3,0,2,1,1,0,1,90,2,3,2,0,0,1,35.0,54.0,deux_roues,voiture,3,1,1,1,2
202300051216,2023-07-16 18:35:00,2023,7,16,18,35,60,60403,2 Rue Ferdinand Buisson,49.502569,1.996384,Plein jour,En agglomération,Intersection en T,Normale,Autre collision,3,2,2,0,1,3,1,0,4,50,1,3,1,0,1,1,59.0,,voiture,,1,2,3,1,6
202300051216,2023-07-16 18:35:00,2023,7,16,18,35,60,60403,2 Rue Ferdinand Buisson,49.502569,1.996384,Plein jour,En agglomération,Intersection en T,Normale,Autre collision,3,2, -1,-1,1,1,1,0,1,-1,1,3,1,0,1,1,59.0,,voiture,,1,2,3,1,6
202300051217,2023-10-27 18:25:00,2023,10,27,18,25,78,78372,PLANTES (CHEMIN DES),48.854185,2.083718,Nuit sans éclairage public,Hors agglomération,Intersection en X,Pluie forte,Trois véhicules et plus - collisions multiples,3,2,4,0,1,1,2,0,1,70,3,6,4,1,0,1,29.0,42.0,voiture,voiture,3,1,2,3,5
202300051217,2023-10-27 18:25:00,2023,10,27,18,25,78,78372,PLANTES (CHEMIN DES),48.854185,2.083718,Nuit sans éclairage public,Hors agglomération,Intersection en X,Pluie forte,Trois véhicules et plus - collisions multiples,3,2,5,0,1,1,2,5,1,70,3,6,4,1,0,1,29.0,42.0,voiture,voiture,3,1,2,3,5
202300051218,2023-08-26 05:40:00,2023,8,26,5,40,01,01188,D66a,46.187377,4.84849,Nuit sans éclairage public,Hors agglomération,Intersection en T,Normale,Sans collision,3,2,2,0,1,2,1,0,3,80,1,3,0,0,0,3,19.0,,voiture,,3,1,3,1,7
202300051218,2023-08-26 05:40:00,2023,8,26,5,40,01,01188,D66a,46.187377,4.84849,Nuit sans éclairage public,Hors agglomération,Intersection en T,Normale,Sans collision,3,2,2,0,1,1,1,0,1,80,1,3,0,0,0,3,19.0,,voiture,,3,1,3,1,7
202300051219,2023-12-02 09:30:00,2023,12,2,9,30,13,13214,MAISON BLAN (BOULEVARD),43.32922,5.37408,Plein jour,En agglomération,Hors intersection,Normale,Autre collision,4,1,1,0,1,2,1,0,1,50,1,2,1,0,0,1,51.0,,voiture,,1,2,1,1,6
202300051220,2023-03-29 14:15:00,2023,3,29,14,15,10,10081,ROCADE EST (RD 610),48.30799,4.02227,Plein jour,Hors agglomération,Autre intersection,Normale,Deux véhicules - arrière,3,3,2,0,1,1,1,3,1,110,2,2,0,0,0,2,48.0,52.0,deux_roues,deux_roues,1,1,9,1,2
202300051221,2023-06-09 22:10:00,2023,6,9,22,10,56,56121,POISSONNIERE (RUE),47.74614,-3.35907,Plein jour,En agglomération,Intersection en X,Normale,Deux véhicules - côté,4,1,1,0,1,1,1,0,1,30,2,3,2,0,0,1,36.0,35.0,voiture,deux_roues,1,2,2,1,3
202300051221,2023-06-09 22:10:00,2023,6,9,22,10,56,56121,POISSONNIERE (RUE),47.74614,-3.35907,Plein jour,En agglomération,Intersection en X,Normale,Deux véhicules - côté,4,1,1,0,2,1,1,0,1,30,2,3,2,0,0,1,36.0,35.0,voiture,deux_roues,1,2,2,1,3
202300051222,2023-07-16 00:30:00,2023,7,16,0,30,86,86258,Rue de Bonnoy,46.798612,0.416375,Nuit sans éclairage public,Hors agglomération,Intersection en X,Normale,Autre collision,4,2,2,0,1,1,1,0,8,80,1,1,0,1,0,0,31.0,,voiture,,3,1,2,1,6
202300051223,2023-05-09 19:15:00,2023,5,9,19,15,68,68120,D12b,47.517599,7.482011,Crépuscule ou aube,Hors agglomération,Hors intersection,Pluie forte,Deux véhicules - frontale,3,2,2,0,2,3,2,0,1,-1,2,3,1,0,0,2,38.0,18.0,voiture,voiture,2,1,1,3,1
202300051224,2023-10-28 09:50:00,2023,10,28,9,50,77,77131,MORIN (rue du),48.80277,3.0961,Plein jour,En agglomération,Hors intersection,Temps couvert,Autre collision,6,-1,0,0,1,1,2,0,8,-1,1,2,1,0,1,0,68.0,,voiture,,1,2,1,8,6
202300051225,2023-08-26 20:30:00,2023,8,26,20,30,01,01138,D992,45.857798,5.799405,Nuit sans éclairage public,Hors agglomération,Hors intersection,Pluie forte,Autre collision,3,2,2,0,1,2,2,0,3,80,1,1,0,1,0,0,40.0,,deux_roues,,3,1,1,3,6
202300051226,2023-03-26 03:30:00,2023,3,26,3,30,04,04112,FOUCAULT(CHEMIN LEON),43.84534,5.83366,Nuit sans éclairage public,Hors agglomération,Hors intersection,Normale,Sans collision,4,2,2,0,1,1,1,0,8,70,1,2,1,0,1,0,18.0,,voiture,,3,1,1,1,7
202300051227,2023-06-11 15:00:00,2023,6,11,15,0,56,56098,KESLER-DEVILLERS ( AV. ),47.76828,-3.3436,Plein jour,En agglomération,Autre intersection,Normale,Deux véhicules - côté,3,2,2,0,2,1,1,0,1,50,2,2,1,0,1,0,28.0,41.0,deux_roues,voiture,1,2,9,1,3
202300051228,2023-12-01 16:00:00,2023,12,1,16,0,13,13002,DES TERMES (ROUTE) RD 908,43.38416479,5.55515638,Plein jour,En agglomération,Hors intersection,Pluie légère,Trois véhicules et plus - collisions multiples,3,3,2,0,1,4,2,0,1,50,3,3,2,0,0,1,30.0,56.0,voiture,voiture,1,2,1,2,5
202300051229,2023-07-16 16:35:00,2023,7,16,16,35,85,85143,RD65,46.530655,-0.738945,Plein jour,Hors agglomération,Hors intersection,Normale,Autre collision,3,2,2,0,2,2,1,0,3,80,1,1,0,0,1,0,19.0,,voiture,,1,1,1,1,6
202300051230,2023-05-11 04:30:00,2023,5,11,4,30,68,68377,D419,47.622038,7.272831,Nuit sans éclairage public,En agglomération,Hors intersection,Normale,Autre collision,3,2,2,0,1,1,1,0,1,50,1,2,1,0,1,0,27.0,,voiture,,3,2,1,1,6
202300051231,2023-08-26 06:15:00,2023,8,26,6,15,70,70142,D 21 Grande rue,47.296189,5.629367,Crépuscule ou aube,Hors agglomération,Hors intersection,Normale,Sans collision,3,2,2,0,2,1,1,0,3,80,1,2,1,0,1,0,19.0,,voiture,,2,1,1,1,7
202300051232,2023-10-28 14:30:00,2023,10,28,14,30,76,76216,A150,49.455,1.052,Plein jour,En agglomération,Hors intersection,Pluie légère,Deux véhicules - arrière,1,3,4,0,1,1,2,0,1,70,2,5,1,0,0,4,22.0,42.0,voiture,voiture,1,2,1,2,2
202300051233,2023-06-11 13:10:00,2023,6,11,13,10,54,54578,Boulevard d'Haussonville,48.67485494,6.16324157,Plein jour,En agglomération,Hors intersection,Normale,Deux véhicules - côté,4,1,2,2,1,1,1,-1,1,50,2,2,1,0,0,1,45.0,56.0,voiture,deux_roues,1,2,1,1,3
202300051234,2023-05-11 10:00:00,2023,5,11,10,0,39,39478,Rue Gambetta,46.386854,5.865893,Plein jour,En agglomération,Hors intersection,Normale,Autre collision,3,2,3,0,1,1,1,0,1,50,1,2,1,0,0,1,83.0,,voiture,,1,2,1,1,6
202300051235,2023-03-31 16:30:00,2023,3,31,16,30,75,75119,PORTE DE LA VILLETTE,48.900433,2.386158,Plein jour,En agglomération,Hors intersection,Normale,Deux véhicules - arrière,4,1,4,0,1,1,1,0,1,70,2,2,1,0,0,1,25.0,37.0,voiture,deux_roues,1,2,1,1,2
202300051236,2023-12-01 11:40:00,2023,12,1,11,40,12,12089,D963,44.58709407,2.24861294,Plein jour,Hors agglomération,Hors intersection,Pluie légère,Deux véhicules - côté,3,2,2,0,2,1,2,0,1,90,2,2,1,0,0,1,42.0,21.0,voiture,voiture,1,1,1,2,3
202300051237,2023-08-26 18:30:00,2023,8,26,18,30,72,72309,D106,48.31063213,-0.06907225,Plein jour,En agglomération,Autre intersection,Temps couvert,Deux véhicules - côté,3,2,2,0,1,1,2,0,1,90,2,2,1,0,1,0,51.0,40.0,voiture,deux_roues,1,2,9,8,3
202300051238,2023-07-09 14:25:00,2023,7,9,14,25,41,41194,54 Avenue de Blois,47.365299,1.726553,Plein jour,En agglomération,Intersection en T,Normale,Deux véhicules - arrière,4,2,2,0,1,1,1,9,1,50,2,3,2,0,1,0,22.0,54.0,deux_roues,utilitaire_camion,1,2,3,1,2
202300051238,2023-07-09 14:25:00,2023,7,9,14,25,41,41194,54 Avenue de Blois,47.365299,1.726553,Plein jour,En agglomération,Intersection en T,Normale,Deux véhicules - arrière,4,2,2,-1,1,1,1,0,1,-1,2,3,2,0,1,0,22.0,54.0,deux_roues,utilitaire_camion,1,2,3,1,2
202300051239,2023-10-29 02:10:00,2023,10,29,2,10,72,72181,PORT (RUE DU),48.0027,0.19342,Nuit avec éclairage allumé,En agglomération,Hors intersection,Pluie légère,Autre collision,4,1,1,1,1,1,2,9,1,30,1,3,2,0,0,1,21.0,,voiture,,5,2,1,2,6
202300051240,2023-06-12 16:40:00,2023,6,12,16,40,53,53130,Rue Joséphine Baker,48.08093,-0.79359,Plein jour,En agglomération,Hors intersection,Normale,Deux véhicules - côté,4,1,1,0,1,1,1,0,1,50,2,2,1,0,1,0,52.0,64.0,transport_commun,deux_roues,1,2,1,1,3
202300051241,2023-05-11 15:00:00,2023,5,11,15,0,66,66124,,42.50265,2.048993,Plein jour,En agglomération,Intersection en T,Normale,Deux véhicules - côté,4,2,2,0,2,1,1,0,1,50,2,2,1,0,0,1,55.0,48.0,deux_roues,voiture,1,2,3,1,3
202300051241,2023-05-11 15:00:00,2023,5,11,15,0,66,66124,,42.50265,2.048993,Plein jour,En agglomération,Intersection en T,Normale,Deux véhicules - côté,4,2,2,-1,2,1,1,0,8,-1,2,2,1,0,0,1,55.0,48.0,deux_roues,voiture,1,2,3,1,3
202300051242,2023-03-31 11:45:00,2023,3,31,11,45,75,75113,PORTE D IVRY,48.820004,2.374225,Plein jour,En agglomération,Hors intersection,Normale,Deux véhicules - arrière,4,1,4,0,1,1,1,0,1,70,2,2,1,0,0,1,45.0,35.0,utilitaire_camion,transport_commun,1,2,1,1,2
202300051243,2023-12-01 23:25:00,2023,12,1,23,25,11,11069,36 Avenue du Marechal Juin,43.2126,2.37167,Nuit avec éclairage allumé,En agglomération,Giratoire,Pluie légère,Deux véhicules - arrière,4,1,2,0,1,3,2,0,1,50,2,3,2,0,0,1,50.0,28.0,voiture,voiture,5,2,6,2,2
202300051243,2023-12-01 23:25:00,2023,12,1,23,25,11,11069,36 Avenue du Marechal Juin,43.2126,2.37167,Nuit avec éclairage allumé,En agglomération,Giratoire,Pluie légère,Deux véhicules - arrière,4,2,1,0,1,1,2,0,1,50,2,3,2,0,0,1,50.0,28.0,voiture,voiture,5,2,6,2,2
202300051244,2023-08-25 17:34:00,2023,8,25,17,34,72,72228,D8,47.832892,-0.194739,Plein jour,Hors agglomération,Hors intersection,Normale,Deux véhicules - frontale,3,2,2,0,1,1,1,0,1,80,2,2,0,0,1,1,23.0,25.0,voiture,utilitaire_camion,1,1,1,1,1
202300051245,2023-07-15 15:30:00,2023,7,15,15,30,2A,2A278,D420,41.764638,9.089491,Plein jour,Hors agglomération,Hors intersection,Normale,Deux véhicules - frontale,3,2,2,0,1,3,1,0,1,80,2,2,0,0,1,1,51.0,24.0,voiture,deux_roues,1,1,1,1,1
202300051246,2023-06-11 20:20:00,2023,6,11,20,20,51,51454,VIGNOBLE (ALLEE),49.21448,4.01385,Plein jour,En agglomération,Hors intersection,Normale,Deux véhicules - frontale,4,2,2,0,1,2,1,0,1,50,2,5,1,0,0,4,32.0,30.0,voiture,voiture,1,2,1,1,1
202300051247,2023-08-27 04:15:00,2023,8,27,4,15,14,14578,Route de Trouville,49.357529,0.162005,Nuit sans éclairage public,Hors agglomération,Hors intersection,Pluie légère,Sans collision,3,2,2,0,1,2,2,0,1,80,1,1,0,0,1,0,20.0,,voiture,,3,1,1,2,7
202300051248,2023-03-31 08:35:00,2023,3,31,8,35,75,75116,PORT D AUTEUIL,48.846575,2.254875,Plein jour,En agglomération,Hors intersection,Normale,Sans collision,4,1,4,0,1,1,1,0,1,70,1,1,0,0,0,1,32.0,,deux_roues,,1,2,1,1,7
202300051249,2023-10-28 20:45:00,2023,10,28,20,45,72,72181,CLEMENCEAU GEORGES ( BD) N° IMP,47.97896,0.21466,Nuit avec éclairage allumé,En agglomération,Hors intersection,Pluie forte,Deux véhicules - frontale,3,2,2,0,3,2,2,1,6,50,2,4,0,0,1,3,35.0,20.0,voiture,voiture,5,2,1,3,1
202300051250,2023-05-10 18:30:00,2023,5,10,18,30,18,18138,,47.079445,2.303867,Crépuscule ou aube,Hors agglomération,Intersection en X,Normale,Deux véhicules - arrière,3,2,2,0,1,1,1,0,1,-1,2,2,0,0,0,2,32.0,73.0,voiture,voiture,2,1,2,1,2
202300051250,2023-05-10 18:30:00,2023,5,10,18,30,18,18138,,47.079445,2.303867,Crépuscule ou aube,Hors agglomération,Intersection en X,Normale,Deux véhicules - arrière,3,2,2,0,1,1,1,0,1,-1,2,2,0,0,0,2,32.0,73.0,voiture,voiture,2,1,2,1,2
202300051251,2023-12-02 19:20:00,2023,12,2,19,20,06,06088,VAUBAN (R. MARECHAL),43.7117,7.28522,Nuit avec éclairage allumé,En agglomération,Intersection en X,Normale,Autre collision,4,2,2,0,1,1,1,0,1,50,1,2,1,0,1,0,31.0,,voiture,,5,2,2,1,6
202300051251,2023-12-02 19:20:00,2023,12,2,19,20,06,06088,VAUBAN (R. MARECHAL),43.7117,7.28522,Nuit avec éclairage allumé,En agglomération,Intersection en X,Normale,Autre collision,4,2,2,0,1,1,1,0,1,50,1,2,1,0,1,0,31.0,,voiture,,5,2,2,1,6
202300051252,2023-06-11 15:30:00,2023,6,11,15,30,51,51454,SAINT FIACRE (RUE),49.24172,4.03073,Plein jour,En agglomération,Hors intersection,Normale,Autre collision,4,2,2,0,1,1,1,0,1,30,1,1,0,0,0,1,26.0,,voiture,,1,2,1,1,6
202300051253,2023-05-10 10:45:00,2023,5,10,10,45,53,53245,Chemin de Bel Air,48.30926,-1.066387,Plein jour,Hors agglomération,Hors intersection,Pluie légère,Sans collision,3,2,2,0,2,3,2,9,1,-1,1,1,0,0,1,0,59.0,,deux_roues,,1,1,1,2,7
202300051254,2023-08-26 14:55:00,2023,8,26,14,55,50,50487,Rue du Moulin,48.502339,-1.39683,Plein jour,En agglomération,Hors intersection,Temps couvert,Deux véhicules - frontale,3,2,2,0,2,1,1,0,1,50,2,3,2,0,1,0,15.0,44.0,deux_roues,voiture,1,2,1,8,1
202300051255,2023-07-16 17:55:00,2023,7,16,17,55,41,41256,Autoroute A71 PK 172+600 sens 2,47.283363,2.0435,Plein jour,Hors agglomération,Hors intersection,Normale,Trois véhicules et plus - collisions multiples,1,3,2,0,1,1,1,3,1,130,3,9,6,0,0,3,30.0,19.0,voiture,voiture,1,1,1,1,5
202300051256,2023-10-28 18:07:00,2023,10,28,18,7,72,72181,BROSSOLETTE PIERRE (BD) N° IMP,47.97884,0.20522,Plein jour,En agglomération,Hors intersection,Pluie légère,Deux véhicules - arrière,3,1,2,0,2,1,2,0,1,50,2,6,4,0,0,2,20.0,34.0,voiture,voiture,1,2,1,2,2
202300051257,2023-06-10 11:45:00,2023,6,10,11,45,51,51454,EPERNAY (AVENUE D') COTE PAIR,49.23414,4.01406,Plein jour,En agglomération,Intersection en T,Normale,Deux véhicules - côté,4,2,2,1,1,1,1,0,1,50,2,2,1,0,0,1,49.0,33.0,voiture,deux_roues,1,2,3,1,3
202300051257,2023-06-10 11:45:00,2023,6,10,11,45,51,51454,EPERNAY (AVENUE D') COTE PAIR,49.23414,4.01406,Plein jour,En agglomération,Intersection en T,Normale,Deux véhicules - côté,4,2, -1,-1,1,1,1,-1,1,-1,2,2,1,0,0,1,49.0,33.0,voiture,deux_roues,1,2,3,1,3
202300051258,2023-03-30 15:00:00,2023,3,30,15,0,75,75116,PORTE MAILLOT,48.869784,2.271684,Plein jour,En agglomération,Hors intersection,Pluie légère,Trois véhicules et plus - en chaîne,4,1,4,0,1,1,2,0,1,70,4,4,3,0,0,1,84.0,77.0,deux_roues,voiture,1,2,1,2,4
202300051259,2023-05-07 09:40:00,2023,5,7,9,40,21,21008,Chemin de Meplan,47.534682,4.481843,Plein jour,Hors agglomération,Intersection en X,Pluie légère,Deux véhicules - côté,3,2,2,0,2,1,2,0,1,80,2,2,0,0,0,2,22.0,50.0,voiture,voiture,1,1,2,2,3
202300051259,2023-05-07 09:40:00,2023,5,7,9,40,21,21008,Chemin de Meplan,47.534682,4.481843,Plein jour,Hors agglomération,Intersection en X,Pluie légère,Deux véhicules - côté,3,2,2,0,1,1,2,0,1,80,2,2,0,0,0,2,22.0,50.0,voiture,voiture,1,1,2,2,3
202300051260,2023-07-17 11:30:00,2023,7,17,11,30,28,28278,D910,48.455776,1.542986,Plein jour,Hors agglomération,Giratoire,Normale,Deux véhicules - côté,3,2,2,0,1,2,1,0,1,80,2,2,1,0,1,0,71.0,31.0,voiture,voiture,1,1,6,1,3
202300051261,2023-12-02 22:30:00,2023,12,2,22,30,06,06004,CHANCEL BD,43.5791,7.11795,Nuit avec éclairage allumé,En agglomération,Hors intersection,Normale,Trois véhicules et plus - collisions multiples,4,2,1,0,1,2,1,0,4,50,3,6,4,0,0,2,31.0,30.0,voiture,voiture,5,2,1,1,5
202300051262,2023-06-12 19:30:00,2023,6,12,19,30,47,47001,DUMON (BD SYLVAIN),44.20795,0.62079,Plein jour,En agglomération,Intersection en T,Normale,Deux véhicules - côté,4,2,2,0,1,1,1,0,1,50,2,2,1,0,0,1,83.0,23.0,voiture,deux_roues,1,2,3,1,3
202300051262,2023-06-12 19:30:00,2023,6,12,19,30,47,47001,DUMON (BD SYLVAIN),44.20795,0.62079,Plein jour,En agglomération,Intersection en T,Normale,Deux véhicules - côté,4,2,2,-1,1,1,1,5,1,-1,2,2,1,0,0,1,83.0,23.0,voiture,deux_roues,1,2,3,1,3
202300051263,2023-03-29 12:50:00,2023,3,29,12,50,75,75112,BOULEVARD PERIPHERIQUE,48.827466,2.392312,Plein jour,En agglomération,Hors intersection,Normale,Deux véhicules - arrière,4,1,4,0,1,1,1,0,1,70,2,2,1,0,0,1,39.0,71.0,utilitaire_camion,voiture,1,2,1,1,2
202300051264,2023-10-28 11:15:00,2023,10,28,11,15,69,69266,Cours Docteur Jean Damidot,45.76181,4.88472,Plein jour,En agglomération,Intersection en X,Temps couvert,Deux véhicules - côté,4,2,2,2,1,1,2,0,1,30,2,3,2,0,1,0,56.0,52.0,deux_roues,voiture,1,2,2,8,3
202300051264,2023-10-28 11:15:00,2023,10,28,11,15,69,69266,Cours Docteur Jean Damidot,45.76181,4.88472,Plein jour,En agglomération,Intersection en X,Temps couvert,Deux véhicules - côté,4,2,2,0,1,1,2,0,1,30,2,3,2,0,1,0,56.0,52.0,deux_roues,voiture,1,2,2,8,3
202300051265,2023-08-27 12:50:00,2023,8,27,12,50,64,64155,RD 933,43.182649,-1.176723,Plein jour,Hors agglomération,Hors intersection,Pluie forte,Deux véhicules - arrière,3,2,2,0,2,1,3,0,1,80,2,2,0,1,0,1,26.0,35.0,voiture,voiture,1,1,1,3,2
202300051266,2023-05-11 11:50:00,2023,5,11,11,50,27,27620,vc106,49.292609,0.500736,Plein jour,Hors agglomération,Hors intersection,Normale,Sans collision,4,2,2,0,1,2,2,0,3,80,1,1,0,0,1,0,20.0,,voiture,,1,1,1,1,7
202300051267,2023-06-12 10:20:00,2023,6,12,10,20,45,45234,Avenue de Paris,47.91585,1.90274,Plein jour,En agglomération,Hors intersection,Normale,Autre collision,4,2,2,0,2,2,1,0,3,50,1,1,0,0,0,1,54.0,,voiture,,1,2,1,1,6
202300051268,2023-07-16 19:00:00,2023,7,16,19,0,85,85017,RD23,46.897584,-1.065205,Plein jour,Hors agglomération,Hors intersection,Vent fort / tempête,Deux véhicules - côté,3,2,2,0,1,1,1,0,3,80,2,2,1,0,1,0,15.0,15.0,deux_roues,deux_roues,1,1,1,6,3
202300051269,2023-12-01 08:30:00,2023,12,1,8,30,75,75112,BD PERIPHERIQUE INTERIEUR,48.846538,2.414356,Plein jour,En agglomération,Hors intersection,Normale,Trois véhicules et plus - en chaîne,4,-1,4,0,1,1,1,0,1,70,3,3,2,0,0,1,63.0,20.0,voiture,voiture,1,2,1,1,4
202300051270,2023-10-27 08:45:00,2023,10,27,8,45,69,69266,Boulevard Honoré de Balzac,45.75451,4.88495,Plein jour,En agglomération,Passage à niveau,Pluie légère,Autre collision,4,1,1,3,1,1,2,4,6,30,1,2,1,0,0,1,36.0,,transport_commun,,1,2,8,2,6
202300051271,2023-08-26 21:40:00,2023,8,26,21,40,73,73255,D74 - 1160 Route de l'aura,45.334451,6.30616,Nuit avec éclairage allumé,En agglomération,Hors intersection,Pluie légère,Autre collision,3,2,2,0,1,2,2,0,1,50,1,3,1,0,2,0,20.0,,voiture,,5,2,1,2,6
202300051272,2023-05-10 10:40:00,2023,5,10,10,40,17,17050,D2,45.473806,-0.616034,Plein jour,Hors agglomération,Intersection en X,Normale,Deux véhicules - côté,3,2,2,0,1,1,1,5,1,80,2,3,2,0,1,0,31.0,74.0,utilitaire_camion,voiture,1,1,2,1,3
202300051272,2023-05-10 10:40:00,2023,5,10,10,40,17,17050,D2,45.473806,-0.616034,Plein jour,Hors agglomération,Intersection en X,Normale,Deux véhicules - côté,3,2,2,-1,1,1,1,5,1,50,2,3,2,0,1,0,31.0,74.0,utilitaire_camion,voiture,1,1,2,1,3
202300051273,2023-03-30 20:10:00,2023,3,30,20,10,75,75120,RUE DES PYRENEES,48.857368,2.40413,Crépuscule ou aube,En agglomération,Intersection en Y,Pluie légère,Deux véhicules - côté,4,1, -1,-1,2,1,2,0,1,-1,2,2,1,0,0,1,59.0,19.0,deux_roues,voiture,2,2,4,2,3
202300051273,2023-03-30 20:10:00,2023,3,30,20,10,75,75120,RUE DES PYRENEES,48.857368,2.40413,Crépuscule ou aube,En agglomération,Intersection en Y,Pluie légère,Deux véhicules - côté,4,1,2,0,2,1,2,0,1,30,2,2,1,0,0,1,59.0,19.0,deux_roues,voiture,2,2,4,2,3
202300051274,2023-07-16 16:39:00,2023,7,16,16,39,22,22020,CD 793,48.291638,-2.28138,Plein jour,Hors agglomération,Hors intersection,Normale,Deux véhicules - frontale,3,2,2,0,1,3,1,0,1,80,2,2,1,1,0,0,87.0,35.0,voiture,deux_roues,1,1,1,1,1
202300051275,2023-06-10 14:10:00,2023,6,10,14,10,40,40281,ROCADE SUD RD 824,43.872,-0.519,Plein jour,Hors agglomération,Hors intersection,Normale,Trois véhicules et plus - collisions multiples,3,2,2,0,1,1,1,0,1,80,4,6,1,0,0,5,33.0,65.0,voiture,voiture,1,1,1,1,5
202300051276,2023-08-24 00:50:00,2023,8,24,0,50,36,36200,,46.61892697,1.53248549,Nuit sans éclairage public,Hors agglomération,Hors intersection,Normale,Autre collision,3,2,1,0,1,1,1,0,3,80,1,1,0,0,1,0,23.0,,voiture,,3,1,1,1,6
202300051277,2023-10-28 19:55:00,2023,10,28,19,55,69,69259,3 Rue Pierre Timbaud,45.69192,4.90161,Nuit avec éclairage allumé,Hors agglomération,Hors intersection,Normale,Autre collision,4,2,2,0,1,1,1,0,1,-1,1,2,1,0,0,1,24.0,,voiture,,5,1,1,1,6
202300051278,2023-11-30 13:52:00,2023,11,30,13,52,75,75106,RUE DE SEINE,48.854513,2.336887,Plein jour,En agglomération,Intersection en T,Normale,Deux véhicules - côté,4,1, -1,-1,1,1,1,0,1,-1,2,2,1,0,0,1,34.0,45.0,deux_roues,deux_roues,1,2,3,1,3
202300051278,2023-11-30 13:52:00,2023,11,30,13,52,75,75106,RUE DE SEINE,48.854513,2.336887,Plein jour,En agglomération,Intersection en T,Normale,Deux véhicules - côté,4,1, -1,2,1,1,1,0,1,30,2,2,1,0,0,1,34.0,45.0,deux_roues,deux_roues,1,2,3,1,3
202300051279,2023-06-12 14:50:00,2023,6,12,14,50,38,38185,RUE FÉLIX ESCLANGON,45.19051,5.70452,Plein jour,En agglomération,Hors intersection,Normale,Autre collision,7,-1,0,0,1,1,1,0,8,50,1,2,1,0,0,1,40.0,,voiture,,1,2,1,1,6
202300051280,2023-03-31 18:30:00,2023,3,31,18,30,75,75119,AVENUE MATHURIN MOREAU,48.87856,2.375442,Plein jour,En agglomération,Intersection en T,Normale,Autre collision,4,2,2,0,1,1,1,0,1,30,1,2,1,0,0,1,44.0,,utilitaire_camion,,1,2,3,1,6
202300051280,2023-03-31 18:30:00,2023,3,31,18,30,75,75119,AVENUE MATHURIN MOREAU,48.87856,2.375442,Plein jour,En agglomération,Intersection en T,Normale,Autre collision,4,1,1,0,1,1,1,0,1,30,1,2,1,0,0,1,44.0,,utilitaire_camion,,1,2,3,1,6
202300051281,2023-05-10 18:00:00,2023,5,10,18,0,37,37226,Route de Sepmes,47.105799,0.616516,Plein jour,En agglomération,Giratoire,Normale,Deux véhicules - côté,4,2,2,0,1,1,1,0,1,50,2,2,1,0,1,0,16.0,57.0,deux_roues,voiture,1,2,6,1,3
202300051281,2023-05-10 18:00:00,2023,5,10,18,0,37,37226,Route de Sepmes,47.105799,0.616516,Plein jour,En agglomération,Giratoire,Normale,Deux véhicules - côté,4,2,2,0,1,2,1,0,1,50,2,2,1,0,1,0,16.0,57.0,deux_roues,voiture,1,2,6,1,3
202300051282,2023-08-25 19:50:00,2023,8,25,19,50,07,07122,Chemin du Gay,44.570239,4.368407,Crépuscule ou aube,Hors agglomération,Hors intersection,Pluie forte,Sans collision,4,2,2,0,1,1,2,2,8,90,1,1,0,0,1,0,23.0,,deux_roues,,2,1,1,3,7
202300051283,2023-07-15 14:00:00,2023,7,15,14,0,56,56040,Lieu-dit Kerlebert,47.867653,-3.34156,Plein jour,Hors agglomération,Hors intersection,Normale,Deux véhicules - arrière,3,3,4,0,1,1,1,0,1,110,2,3,1,0,2,0,20.0,19.0,voiture,deux_roues,1,1,1,1,2
202300051284,2023-10-27 17:30:00,2023,10,27,17,30,65,65440,Rue Massey,43.23476263,0.07382794,Plein jour,En agglomération,Intersection en Y,Normale,Deux véhicules - côté,4,1,1,0,1,1,1,0,1,50,2,2,1,0,0,1,25.0,,deux_roues,voiture,1,2,4,1,3