accident_id,datetime,annee,mois,jour,heure,minute,departement,commune_insee,adresse,latitude,longitude,luminosite,agglomeration,intersection,meteo,collision,catr,circ,nbv,vosp,prof,plan,surf,infra,situ,vma,nb_vehicules,nb_usagers,nb_indemnes,nb_tues,nb_blesses_hosp,nb_blesses_legers,age_cond_1,age_cond_2,veh_type_cond_1,veh_type_cond_2,lum_code,agg_code,int_code,atm_code,col_code
202300051350,2023-06-09 17:40:00,2023,6,9,17,40,14,14366,17 Rue du Pré d'Auge,49.14367,0.215123,Plein jour,En agglomération,Hors intersection,Normale,Deux véhicules - côté,3,2,2,0,2,1,1,0,1,50,2,2,1,0,1,0,38.0,50.0,deux_roues,voiture,1,2,1,1,3
202300051351,2023-03-30 13:51:00,2023,3,30,13,51,94,94017,Avenue Jacques Copeau,48.82603,2.51543,Plein jour,En agglomération,Hors intersection,Pluie légère,Autre collision,4,1,1,0,1,2,2,0,1,50,1,1,0,0,0,1,22.0,,utilitaire_camion,,1,2,1,2,6
202300051352,2023-07-17 08:25:00,2023,7,17,8,25,68,68155,Route de Colmar,48.094441,7.30571,Plein jour,En agglomération,Giratoire,Normale,Deux véhicules - côté,4,1,1,0,1,3,1,0,1,50,2,2,1,0,0,1,64.0,54.0,voiture,deux_roues,1,2,6,1,3
202300051353,2023-10-28 13:40:00,2023,10,28,13,40,37,37261,DE GAULLE (AVENUE DU GENERAL),47.38043,0.69741,Plein jour,En agglomération,Hors intersection,Pluie légère,Deux véhicules - côté,4,4,6,0,1,1,2,5,1,50,2,2,1,0,0,1,38.0,49.0,deux_roues,utilitaire_camion,1,2,1,2,3
202300051354,2023-03-31 17:00:00,2023,3,31,17,0,93,93066,Rue de la Garenne,48.942257,2.384998,Plein jour,En agglomération,Hors intersection,Normale,Autre collision,4,2,2,0,1,1,2,0,1,50,1,2,1,0,0,1,25.0,,utilitaire_camion,,1,2,1,1,6
202300051355,2023-06-09 16:08:00,2023,6,9,16,8,30,30032,CASINO ALLEE,43.80829,4.64757,Plein jour,En agglomération,Hors intersection,Normale,Autre collision,4,-1,1,3,1,1,1,0,6,30,1,2,1,0,0,1,19.0,,deux_roues,,1,2,1,1,6
202300051356,2023-12-02 03:11:00,2023,12,2,3,11,75,75107,QUAI D ORSAY,48.862884,2.317921,Nuit avec éclairage allumé,En agglomération,Hors intersection,Normale,Trois véhicules et plus - collisions multiples,4,2,2,0,1,1,1,0,1,30,3,4,2,0,0,2,23.0,33.0,voiture,voiture,5,2,1,1,5
202300051357,2023-05-08 11:30:00,2023,5,8,11,30,21,21606,route nationale 74,47.064202,4.867383,Plein jour,Hors agglomération,Intersection en X,Normale,Deux véhicules - frontale,3,-1,2,0,1,1,1,5,1,90,2,4,3,0,1,0,76.0,68.0,voiture,utilitaire_camion,1,1,2,1,1
202300051357,2023-05-08 11:30:00,2023,5,8,11,30,21,21606,route nationale 74,47.064202,4.867383,Plein jour,Hors agglomération,Intersection en X,Normale,Deux véhicules - frontale,3,2,2,-1,1,1,1,5,1,80,2,4,3,0,1,0,76.0,68.0,voiture,utilitaire_camion,1,1,2,1,1
202300051358,2023-07-16 21:20:00,2023,7,16,21,20,25,25160,CD 437 PK58+000,47.030179,6.499014,Nuit sans éclairage public,Hors agglomération,Hors intersection,Normale,Autre collision,3,2,2,0,1,3,1,0,3,80,1,2,1,0,1,0,22.0,,voiture,,3,1,1,1,6
202300051359,2023-03-31 16:25:00,2023,3,31,16,25,93,93051,Avenue Montaigne,48.842815,2.541318,Plein jour,En agglomération,Hors intersection,Normale,Autre collision,4,2,2,0,1,1,2,0,1,50,1,2,1,0,0,1,23.0,,voiture,,1,2,1,1,6
202300051360,2023-07-16 02:15:00,2023,7,16,2,15,35,35049,Rue de la Ville-ballet,48.67051,-1.866796,Nuit sans éclairage public,En agglomération,Hors intersection,Normale,Autre collision,4,1,1,2,1,1,1,0,1,50,1,1,0,0,0,1,44.0,,deux_roues,,3,2,1,1,6
202300051361,2023-10-27 16:10:00,2023,10,27,16,10,37,37261,FRANCE (PLACE ANATOLE),47.39697,0.68613,Plein jour,En agglomération,Passage à niveau,Pluie légère,Deux véhicules - côté,4,2,2,3,1,1,2,4,1,50,2,4,2,0,0,2,80.0,56.0,voiture,transport_commun,1,2,8,2,3
202300051361,2023-10-27 16:10:00,2023,10,27,16,10,37,37261,FRANCE (PLACE ANATOLE),47.39697,0.68613,Plein jour,En agglomération,Passage à niveau,Pluie légère,Deux véhicules - côté,4,2,4,0,1,1,2,4,1,50,2,4,2,0,0,2,80.0,56.0,voiture,transport_commun,1,2,8,2,3
202300051362,2023-06-12 09:00:00,2023,6,12,9,0,13,13215,PADOUANE (BD DE LA ),43.35333812,5.36906727,Plein jour,En agglomération,Hors intersection,Normale,Deux véhicules - frontale,4,2,2,0,2,1,1,0,1,50,2,3,2,0,0,1,53.0,72.0,voiture,voiture,1,2,1,1,1
202300051363,2023-12-02 02:40:00,2023,12,2,2,40,94,94052,1 Avenue du Val de Beauté,48.832474,2.477199,Nuit avec éclairage allumé,En agglomération,Hors intersection,Normale,Autre collision,4,2,2,0,1,1,1,0,1,30,1,5,3,0,0,2,20.0,,voiture,,5,2,1,1,6
202300051364,2023-05-11 16:15:00,2023,5,11,16,15,68,68317,17 Route de la Schlucht,48.062803,7.103321,Plein jour,En agglomération,Intersection en T,Pluie légère,Deux véhicules - côté,3,2,2,0,2,1,2,0,1,30,2,2,1,0,1,0,73.0,28.0,deux_roues,voiture,1,2,3,2,3
202300051364,2023-05-11 16:15:00,2023,5,11,16,15,68,68317,17 Route de la Schlucht,48.062803,7.103321,Plein jour,En agglomération,Intersection en T,Pluie légère,Deux véhicules - côté,3,2,2,0,2,1,2,0,1,50,2,2,1,0,1,0,73.0,28.0,deux_roues,voiture,1,2,3,2,3
202300051365,2023-03-31 09:45:00,2023,3,31,9,45,93,93048,Boulevard Aristide Briand / Passage des Ecoles,48.87412,2.45438,Plein jour,En agglomération,Intersection en T,Normale,Autre collision,3,2,2,1,1,1,1,0,5,50,1,2,1,0,0,1,59.0,,voiture,,1,2,3,1,6
202300051365,2023-03-31 09:45:00,2023,3,31,9,45,93,93048,Boulevard Aristide Briand / Passage des Ecoles,48.87412,2.45438,Plein jour,En agglomération,Intersection en T,Normale,Autre collision,3,1,1,0,1,1,1,0,1,30,1,2,1,0,0,1,59.0,,voiture,,1,2,3,1,6
202300051366,2023-08-27 07:10:00,2023,8,27,7,10,67,67162,autoroute A4 - PK447+250,48.769647,7.482837,Crépuscule ou aube,Hors agglomération,Hors intersection,Brouillard / fumée,Deux véhicules - arrière,1,3,2,0,1,1,1,0,1,130,2,7,6,0,1,0,41.0,63.0,voiture,voiture,2,1,1,5,2
202300051367,2023-10-28 15:30:00,2023,10,28,15,30,34,34003,CASSIN (J18 A I20,43.30689,3.49321,Plein jour,En agglomération,Hors intersection,Normale,Deux véhicules - côté,4,2,0,0,1,1,1,0,6,30,2,3,1,0,0,2,16.0,29.0,deux_roues,voiture,1,2,1,1,3
202300051368,2023-07-16 23:15:00,2023,7,16,23,15,29,29197,Route de Kerfendal - Kerglogay,48.006463,-4.476607,Nuit sans éclairage public,Hors agglomération,Hors intersection,Normale,Deux véhicules - frontale,4,2,2,0,1,1,1,0,1,80,2,2,0,0,2,0,34.0,18.0,deux_roues,deux_roues,3,1,1,1,1
202300051369,2023-06-12 00:35:00,2023,6,12,0,35,13,13208,MENDES FRANCE (AVENUE),43.2535016,5.37595755,Nuit avec éclairage allumé,En agglomération,Hors intersection,Normale,Deux véhicules - côté,4,2,2,0,1,1,1,0,1,50,2,2,1,0,0,1,38.0,29.0,voiture,voiture,5,2,1,1,3
202300051370,2023-05-08 16:55:00,2023,5,8,16,55,67,67010,route départementale 253,48.381623,7.429419,Plein jour,Hors agglomération,Intersection en Y,Pluie légère,Sans collision,3,2,2,0,2,3,2,0,1,80,1,1,0,0,1,0,60.0,,deux_roues,,1,1,4,2,7
202300051370,2023-05-08 16:55:00,2023,5,8,16,55,67,67010,route départementale 253,48.381623,7.429419,Plein jour,Hors agglomération,Intersection en Y,Pluie légère,Sans collision,3,2, -1,-1,2,1,2,0,1,-1,1,1,0,0,1,0,60.0,,deux_roues,,1,1,4,2,7
202300051371,2023-03-31 18:36:00,2023,3,31,18,36,92,92078,GALLIENI (BD) (126 ET 152),48.93557,2.332947,Plein jour,En agglomération,Intersection en T,Pluie légère,Autre collision,3,2,2,0,1,1,2,6,1,50,1,2,1,0,0,1,60.0,,voiture,,1,2,3,2,6
202300051371,2023-03-31 18:36:00,2023,3,31,18,36,92,92078,GALLIENI (BD) (126 ET 152),48.93557,2.332947,Plein jour,En agglomération,Intersection en T,Pluie légère,Autre collision,3,2,0,0,1,1,2,6,1,50,1,2,1,0,0,1,60.0,,voiture,,1,2,3,2,6
202300051372,2023-12-02 15:25:00,2023,12,2,15,25,94,94041,Rue Ampère,48.80806512,2.40212883,Plein jour,En agglomération,Autre intersection,Normale,Deux véhicules - côté,4,1,2,0,1,2,1,0,1,30,2,2,1,0,0,1,28.0,27.0,voiture,deux_roues,1,2,9,1,3
202300051372,2023-12-02 15:25:00,2023,12,2,15,25,94,94041,Rue Ampère,48.80806512,2.40212883,Plein jour,En agglomération,Autre intersection,Normale,Deux véhicules - côté,4,2,2,0,1,3,1,0,1,30,2,2,1,0,0,1,28.0,27.0,voiture,deux_roues,1,2,9,1,3
202300051373,2023-10-28 10:15:00,2023,10,28,10,15,33,33063,DANEY (BD ALFRED),44.87205,-0.56121,Plein jour,En agglomération,Hors intersection,Temps couvert,Sans collision,4,2,2,2,1,1,1,0,1,30,1,1,0,0,0,1,41.0,,deux_roues,,1,2,1,8,7
202300051374,2023-08-25 19:00:00,2023,8,25,19,0,06,06088,"A8, PK 186.500 chaussée nord",43.674336,7.197847,Plein jour,Hors agglomération,Hors intersection,Normale,Deux véhicules - arrière,1,-1,3,0,1,1,1,0,1,110,2,6,4,0,0,2,19.0,30.0,voiture,voiture,1,1,1,1,2
202300051375,2023-05-10 17:10:00,2023,5,10,17,10,67,67118,Rue Jean Monnet,48.588765,7.687361,Plein jour,Hors agglomération,Hors intersection,Normale,Autre collision,4,2,2,0,1,1,1,0,1,50,1,2,1,0,0,1,83.0,,voiture,,1,1,1,1,6
202300051376,2023-03-31 10:30:00,2023,3,31,10,30,92,92075,JEAN BLEUZEN,48.82413868,2.29806773,Plein jour,En agglomération,Intersection en X,Normale,Sans collision,3,4,1,0,1,1,1,0,1,50,1,1,0,0,0,1,42.0,,deux_roues,,1,2,2,1,7
202300051376,2023-03-31 10:30:00,2023,3,31,10,30,92,92075,JEAN BLEUZEN,48.82413868,2.29806773,Plein jour,En agglomération,Intersection en X,Normale,Sans collision,3,1,1,-1,1,1,1,0,1,-1,1,1,0,0,0,1,42.0,,deux_roues,,1,2,2,1,7
202300051377,2023-06-12 01:55:00,2023,6,12,1,55,13,13208,GOUDES (CHEMIN DES),43.22801,5.3497,Nuit avec éclairage allumé,En agglomération,Hors intersection,Normale,Deux véhicules - côté,4,2,2,0,1,3,2,0,1,50,2,4,1,0,0,3,,27.0,voiture,voiture,5,2,1,1,3
202300051378,2023-07-16 00:30:00,2023,7,16,0,30,31,31430,D817,43.100889,0.6059,Nuit avec éclairage allumé,Hors agglomération,Intersection en X,Temps couvert,Deux véhicules - côté,3,2,2,0,1,1,2,0,1,80,2,4,1,0,0,3,21.0,22.0,voiture,utilitaire_camion,5,1,2,8,3
202300051378,2023-07-16 00:30:00,2023,7,16,0,30,31,31430,D817,43.100889,0.6059,Nuit avec éclairage allumé,Hors agglomération,Intersection en X,Temps couvert,Deux véhicules - côté,3,2,2,0,1,1,2,0,1,80,2,4,1,0,0,3,21.0,22.0,voiture,utilitaire_camion,5,1,2,8,3
202300051379,2023-12-02 16:00:00,2023,12,2,16,0,94,94028,Rue Maurice UTRILLO,48.78131,2.45969,Plein jour,En agglomération,Hors intersection,Normale,Deux véhicules - arrière,3,1,2,0,1,1,1,0,1,50,2,3,2,0,0,1,22.0,20.0,voiture,voiture,1,2,1,1,2
202300051380,2023-10-28 11:06:00,2023,10,28,11,6,33,33039,Route de Toulouse,44.78566032,-0.56636184,Plein jour,En agglomération,Hors intersection,Normale,Deux véhicules - côté,4,2,2,0,1,1,1,0,1,50,2,2,1,0,0,1,59.0,19.0,voiture,deux_roues,1,2,1,1,3
202300051381,2023-05-08 13:40:00,2023,5,8,13,40,67,67300,Rue de la Commanderie,48.533104,7.497987,Plein jour,En agglomération,Hors intersection,Normale,Autre collision,4,2,2,0,1,1,1,0,1,50,1,2,1,0,1,0,21.0,,voiture,,1,2,1,1,6
202300051382,2023-10-28 09:10:00,2023,10,28,9,10,33,33167,BD ENTRE DEUX MERS,44.84345,-0.52909,Plein jour,En agglomération,Hors intersection,Temps couvert,Autre collision,4,3,6,0,2,2,2,0,3,70,1,3,0,0,3,0,30.0,,voiture,,1,2,1,8,6
202300051383,2023-08-26 09:45:00,2023,8,26,9,45,63,63021,A75 PK 16+100,45.6437805,3.18233428,Plein jour,Hors agglomération,Hors intersection,Temps couvert,Deux véhicules - côté,1,3,4,0,2,1,2,3,1,130,2,5,2,2,1,0,19.0,73.0,voiture,voiture,1,1,1,8,3
202300051384,2023-03-31 12:50:00,2023,3,31,12,50,92,92040,VAUDETARD,48.82746,2.27621,Plein jour,En agglomération,Intersection en T,Normale,Autre collision,3,2,2,0,1,1,1,0,1,50,2,2,1,0,0,1,86.0,54.0,voiture,deux_roues,1,2,3,1,6
202300051384,2023-03-31 12:50:00,2023,3,31,12,50,92,92040,VAUDETARD,48.82746,2.27621,Plein jour,En agglomération,Intersection en T,Normale,Autre collision,3,2,2,0,1,1,1,6,1,30,2,2,1,0,0,1,86.0,54.0,voiture,deux_roues,1,2,3,1,6
202300051385,2023-06-11 13:04:00,2023,6,11,13,4,13,13202,PORT (QUAI DU),43.29578,5.36656,Plein jour,En agglomération,Intersection en T,Normale,Autre collision,4,2,2,0,1,1,1,0,8,50,1,3,2,0,1,0,34.0,,transport_commun,,1,2,3,1,6
202300051385,2023-06-11 13:04:00,2023,6,11,13,4,13,13202,PORT (QUAI DU),43.29578,5.36656,Plein jour,En agglomération,Intersection en T,Normale,Autre collision,4,3,2,3,1,1,1,0,1,50,1,3,2,0,1,0,34.0,,transport_commun,,1,2,3,1,6
202300051386,2023-06-18 17:00:00,2023,6,18,17,0,84,84017,Route du Mont-ventoux,44.121452,5.249357,Plein jour,Hors agglomération,Hors intersection,Normale,Deux véhicules - frontale,3,2,2,0,2,3,1,0,1,80,3,3,2,0,1,0,32.0,63.0,deux_roues,voiture,1,1,1,1,1
202300051387,2023-12-01 17:00:00,2023,12,1,17,0,94,94054,D225,48.7446,2.4078,Nuit avec éclairage allumé,En agglomération,Hors intersection,Normale,Deux véhicules - côté,3,2,2,0,1,1,1,0,1,30,2,3,2,0,1,0,58.0,58.0,voiture,voiture,5,2,1,1,3
202300051388,2023-07-16 11:00:00,2023,7,16,11,0,03,03254,Place de la Liberté,46.30277,3.283981,Plein jour,En agglomération,Giratoire,Normale,Autre collision,3,1,2,0,1,2,1,0,1,50,1,2,1,0,0,1,70.0,,voiture,,1,2,6,1,6
202300051389,2023-10-27 17:08:00,2023,10,27,17,8,33,33162,AVE DU MEDOC,44.88798798,-0.6439957,Plein jour,En agglomération,Hors intersection,Temps couvert,Deux véhicules - frontale,4,2,2,2,1,1,2,0,1,50,2,2,1,0,0,1,43.0,43.0,voiture,deux_roues,1,2,1,8,1
202300051390,2023-06-11 00:40:00,2023,6,11,0,40,13,13208,JOSEPH VIDAL (AVENUE),43.25164411,5.3780363,Nuit avec éclairage allumé,En agglomération,Hors intersection,Normale,Autre collision,4,2,0,0,1,1,1,0,1,50,1,2,0,0,2,0,17.0,,deux_roues,,5,2,1,1,6
202300051391,2023-05-10 11:20:00,2023,5,10,11,20,73,73242,D80B,45.20788896,6.27429038,Plein jour,En agglomération,Hors intersection,Normale,Deux véhicules - frontale,3,2,2,0,2,2,1,0,1,50,2,3,2,0,1,0,26.0,56.0,voiture,voiture,1,2,1,1,1
202300051392,2023-03-31 08:45:00,2023,3,31,8,45,92,92040,MARCEAU,48.82761,2.27127,Plein jour,En agglomération,Hors intersection,Normale,Deux véhicules - arrière,4,2,2,0,1,1,1,0,1,30,2,2,1,0,0,1,29.0,32.0,voiture,voiture,1,2,1,1,2
202300051393,2023-08-26 07:50:00,2023,8,26,7,50,13,13097,"Autoroute A54, pk 055+400, sens Salon-Arles",43.638436,4.845314,Plein jour,Hors agglomération,Hors intersection,Normale,Deux véhicules - frontale,1,3,2,3,1,1,1,0,1,130,2,3,1,1,1,0,62.0,58.0,voiture,utilitaire_camion,1,1,1,1,1
202300051394,2023-12-02 05:00:00,2023,12,2,5,0,93,93066,Rue de la Saussaie / Rue de Villiers,48.940854,2.374464,Nuit avec éclairage allumé,En agglomération,Intersection en X,Normale,Deux véhicules - côté,4,2,2,0,1,1,1,0,1,50,2,2,1,0,0,1,16.0,36.0,deux_roues,voiture,5,2,2,1,3
202300051394,2023-12-02 05:00:00,2023,12,2,5,0,93,93066,Rue de la Saussaie / Rue de Villiers,48.940854,2.374464,Nuit avec éclairage allumé,En agglomération,Intersection en X,Normale,Deux véhicules - côté,4,2,2,0,1,1,1,0,1,50,2,2,1,0,0,1,16.0,36.0,deux_roues,voiture,5,2,2,1,3
202300051395,2023-07-17 08:00:00,2023,7,17,8,0,15,15163,RD 20,44.808754,2.394116,Plein jour,Hors agglomération,Intersection en T,Normale,Deux véhicules - frontale,3,2,2,0,1,2,1,0,1,90,2,2,1,0,1,0,42.0,30.0,deux_roues,voiture,1,1,3,1,1
202300051395,2023-07-17 08:00:00,2023,7,17,8,0,15,15163,RD 20,44.808754,2.394116,Plein jour,Hors agglomération,Intersection en T,Normale,Deux véhicules - frontale,3,-1,2,0,1,1,1,0,1,90,2,2,1,0,1,0,42.0,30.0,deux_roues,voiture,1,1,3,1,1
202300051396,2023-03-30 15:30:00,2023,3,30,15,30,92,92036,JEAN GRANDEL (PLACE),48.93351,2.29619,Plein jour,En agglomération,Intersection en T,Normale,Deux véhicules - côté,3,1,1,0,1,1,1,0,1,50,2,2,1,0,0,1,57.0,42.0,voiture,deux_roues,1,2,3,1,3
202300051396,2023-03-30 15:30:00,2023,3,30,15,30,92,92036,JEAN GRANDEL (PLACE),48.93351,2.29619,Plein jour,En agglomération,Intersection en T,Normale,Deux véhicules - côté,3,1,1,0,1,1,1,0,1,50,2,2,1,0,0,1,57.0,42.0,voiture,deux_roues,1,2,3,1,3
202300051397,2023-10-28 15:20:00,2023,10,28,15,20,29,29019,rue Yves Giloux,48.42255903,-4.47687371,Plein jour,Hors agglomération,Hors intersection,Normale,Trois véhicules et plus - collisions multiples,3,1,2,0,1,1,2,2,1,50,3,3,2,0,0,1,35.0,25.0,voiture,voiture,1,1,1,1,5
202300051398,2023-05-11 10:50:00,2023,5,11,10,50,33,33114,N10,45.111573,-0.378299,Plein jour,Hors agglomération,Hors intersection,Pluie légère,Deux véhicules - arrière,2,-1,2,3,1,1,2,0,1,110,2,3,2,0,1,0,54.0,26.0,utilitaire_camion,utilitaire_camion,1,1,1,2,2
202300051399,2023-06-11 20:55:00,2023,6,11,20,55,13,13001,RD 543,43.53455,5.34899,Crépuscule ou aube,En agglomération,Hors intersection,Pluie légère,Deux véhicules - frontale,3,2,2,0,1,4,2,0,1,80,2,3,0,0,3,0,29.0,30.0,voiture,voiture,2,2,1,2,1
202300051400,2023-12-02 19:45:00,2023,12,2,19,45,93,93055,Avenue Jean Lolive / Rue de Moscou,48.89153,2.40493,Nuit avec éclairage allumé,En agglomération,Intersection en X,Normale,Autre collision,3,3,3,1,1,1,1,0,1,50,1,2,1,0,0,1,51.0,,deux_roues,,5,2,2,1,6
202300051400,2023-12-02 19:45:00,2023,12,2,19,45,93,93055,Avenue Jean Lolive / Rue de Moscou,48.89153,2.40493,Nuit avec éclairage allumé,En agglomération,Intersection en X,Normale,Autre collision,3,1,1,0,1,1,1,0,1,-1,1,2,1,0,0,1,51.0,,deux_roues,,5,2,2,1,6
202300051401,2023-08-25 21:40:00,2023,8,25,21,40,77,77412,A6 PK 044+200,48.478156,2.515633,Nuit sans éclairage public,Hors agglomération,Hors intersection,Normale,Deux véhicules - côté,1,3,3,0,4,2,1,0,1,130,2,6,4,0,0,2,23.0,65.0,voiture,voiture,3,1,1,1,3
202300051402,2023-10-28 21:00:00,2023,10,28,21,0,28,28085,NICOLE (RUE),48.44651,1.47974,Nuit avec éclairage allumé,En agglomération,Hors intersection,Pluie légère,Deux véhicules - côté,4,2,8,0,2,1,2,0,1,30,2,2,1,0,0,1,30.0,28.0,utilitaire_camion,deux_roues,5,2,1,2,3
202300051403,2023-03-31 17:00:00,2023,3,31,17,0,92,92024,GABRIEL PERI (RUE),48.90745656,2.30420128,Plein jour,En agglomération,Hors intersection,Normale,Deux véhicules - arrière,4,2,1,0,1,1,1,8,1,30,2,2,1,0,0,1,23.0,38.0,voiture,voiture,1,2,1,1,2
202300051404,2023-07-15 15:20:00,2023,7,15,15,20,01,01138,Route de Luyrieux,45.844053,5.773499,Plein jour,En agglomération,Intersection en T,Normale,Deux véhicules - côté,3,2,2,0,1,1,1,0,1,50,2,2,1,0,1,0,66.0,55.0,voiture,deux_roues,1,2,3,1,3
202300051404,2023-07-15 15:20:00,2023,7,15,15,20,01,01138,Route de Luyrieux,45.844053,5.773499,Plein jour,En agglomération,Intersection en T,Normale,Deux véhicules - côté,3,2,2,0,4,1,1,0,1,50,2,2,1,0,1,0,66.0,55.0,voiture,deux_roues,1,2,3,1,3
202300051405,2023-06-12 00:00:00,2023,6,12,0,0,09,09225,ESCOSSE CHEMIN D',43.11541,1.6179,Nuit sans éclairage public,En agglomération,Hors intersection,Normale,Autre collision,4,2,2,0,1,1,1,0,1,30,1,2,1,0,0,1,,,voiture,,3,2,1,1,6
202300051406,2023-08-25 21:00:00,2023,8,25,21,0,987,98725,Descente Pointe Tapahi Orofara,-17.506783,-149.459156,Nuit sans éclairage public,En agglomération,Hors intersection,Pluie légère,Sans collision,2,2,2,0,2,2,2,0,1,50,1,1,0,0,1,0,17.0,,deux_roues,,3,2,1,2,7
202300051407,2023-10-27 12:00:00,2023,10,27,12,0,19,19272,Ventadour (Av),45.274199,1.782313,Plein jour,En agglomération,Hors intersection,Pluie forte,Autre collision,3,-1,2,0,2,2,2,0,4,50,1,1,0,0,0,1,19.0,,voiture,,1,2,1,3,6
202300051408,2023-03-31 16:15:00,2023,3,31,16,15,92,92024,CLICHY (QUAI DE) DE (8 A 60),48.90761179,2.29822129,Plein jour,En agglomération,Hors intersection,Normale,Deux véhicules - arrière,3,-1,3,0,1,1,1,0,1,50,2,2,1,0,0,1,30.0,39.0,deux_roues,utilitaire_camion,1,2,1,1,2
202300051409,2023-12-02 00:38:00,2023,12,2,0,38,93,93050,Avenue du Maréchal Leclerc / Avenue de Verdun,48.85959,2.53705,Nuit avec éclairage allumé,En agglomération,Intersection à plus de 4 branches,Normale,Autre collision,3,2,4,0,1,1,1,0,1,50,1,4,1,0,0,3,18.0,,utilitaire_camion,,5,2,5,1,6
202300051409,2023-12-02 00:38:00,2023,12,2,0,38,93,93050,Avenue du Maréchal Leclerc / Avenue de Verdun,48.85959,2.53705,Nuit avec éclairage allumé,En agglomération,Intersection à plus de 4 branches,Normale,Autre collision,3,2,4,0,1,1,1,0,1,50,1,4,1,0,0,3,18.0,,utilitaire_camion,,5,2,5,1,6
202300051410,2023-08-25 18:30:00,2023,8,25,18,30,974,97408,Rue Jean Robert,-20.959835,55.325411,Nuit avec éclairage allumé,En agglomération,Autre intersection,Normale,Autre collision,4,1,1,0,1,1,1,0,1,50,1,2,1,0,0,1,,,voiture,,5,2,9,1,6
202300051411,2023-05-11 14:00:00,2023,5,11,14,0,56,56076,Lan Er Frost,48.029183,-3.027034,Plein jour,Hors agglomération,Intersection en T,Normale,Deux véhicules - côté,3,2,2,0,1,1,1,0,1,80,2,4,0,0,0,4,60.0,78.0,voiture,voiture,1,1,3,1,3
202300051411,2023-05-11 14:00:00,2023,5,11,14,0,56,56076,Lan Er Frost,48.029183,-3.027034,Plein jour,Hors agglomération,Intersection en T,Normale,Deux véhicules - côté,3,2,2,-1,1,1,1,0,1,80,2,4,0,0,0,4,60.0,78.0,voiture,voiture,1,1,3,1,3
202300051412,2023-10-28 12:20:00,2023,10,28,12,20,17,17415,GATERAT LE GRAND,45.74181,-0.66836,Plein jour,Hors agglomération,Autre intersection,Temps couvert,Deux véhicules - arrière,3,2,2,0,1,3,2,0,1,50,2,2,1,0,0,1,51.0,22.0,voiture,voiture,1,1,9,8,2
202300051413,2023-07-16 18:05:00,2023,7,16,18,5,01,01328,Route de Neuville,46.136036,5.012923,Plein jour,Hors agglomération,Hors intersection,Normale,Deux véhicules - frontale,3,2,2,0,1,1,1,0,1,80,2,2,0,0,2,0,18.0,23.0,voiture,voiture,1,1,1,1,1
202300051414,2023-03-30 09:00:00,2023,3,30,9,0,60,60152,Hameau de Froyères,49.399021,2.61157,Plein jour,Hors agglomération,Hors intersection,Normale,Deux véhicules - frontale,2,2,2,0,1,1,1,0,1,80,2,2,0,1,0,1,52.0,34.0,utilitaire_camion,utilitaire_camion,1,1,1,1,1
202300051415,2023-06-11 18:51:00,2023,6,11,18,51,06,06088,BARLA (RUE),43.70186,7.28283,Plein jour,En agglomération,Hors intersection,Normale,Autre collision,4,-1,2,0,1,1,1,0,1,50,1,3,1,0,2,0,35.0,,voiture,,1,2,1,1,6
202300051416,2023-12-02 16:25:00,2023,12,2,16,25,93,93029,Rue de Budapest,48.913398,2.465133,Plein jour,En agglomération,Hors intersection,Normale,Autre collision,4,2,2,0,1,4,1,6,1,30,1,2,1,0,0,1,22.0,,voiture,,1,2,1,1,6
202300051417,2023-08-25 19:11:00,2023,8,25,19,11,13,13040,Route Departementale 96,43.47417,5.54271,Plein jour,Hors agglomération,Autre intersection,Normale,Deux véhicules - côté,3,2,2,0,2,1,1,0,1,-1,2,2,0,1,0,1,36.0,75.0,deux_roues,voiture,1,1,9,1,3
202300051418,2023-10-27 15:15:00,2023,10,27,15,15,15,15012,SEGUIN (RUE M.),44.90618,2.45481,Plein jour,En agglomération,Hors intersection,Pluie forte,Sans collision,4,2,2,0,1,2,3,0,1,50,1,2,0,0,0,2,18.0,,voiture,,1,2,1,3,7
202300051419,2023-03-31 18:40:00,2023,3,31,18,40,24,24442,Rue du 8 mai 1945,45.106492,0.48835,Plein jour,En agglomération,Hors intersection,Pluie légère,Autre collision,9,-1,2,0,1,2,2,0,3,50,1,2,0,0,1,1,18.0,,voiture,,1,2,1,2,6
202300051420,2023-05-10 16:45:00,2023,5,10,16,45,59,59400,Rue de Caudescure (Pont),50.650624,2.635222,Plein jour,En agglomération,Hors intersection,Normale,Deux véhicules - frontale,3,2,2,0,1,2,1,0,1,50,2,2,1,0,1,0,21.0,60.0,deux_roues,voiture,1,2,1,1,1
202300051421,2023-07-16 09:30:00,2023,7,16,9,30,70,70257,RD 474,47.498204,5.948842,Plein jour,Hors agglomération,Hors intersection,Normale,Deux véhicules - frontale,3,2,2,0,1,2,1,0,1,90,2,3,0,0,3,0,21.0,62.0,voiture,voiture,1,1,1,1,1
202300051422,2023-08-26 18:15:00,2023,8,26,18,15,37,37079,12 Rue Nationale,47.33127754,1.04613125,Plein jour,En agglomération,Intersection en X,Normale,Deux véhicules - côté,3,2,2,0,1,1,1,0,1,50,2,2,1,0,1,0,64.0,44.0,deux_roues,voiture,1,2,2,1,3