accident_id,datetime,annee,mois,jour,heure,minute,departement,commune_insee,adresse,latitude,longitude,luminosite,agglomeration,intersection,meteo,collision,catr,circ,nbv,vosp,prof,plan,surf,infra,situ,vma,nb_vehicules,nb_usagers,nb_indemnes,nb_tues,nb_blesses_hosp,nb_blesses_legers,age_cond_1,age_cond_2,veh_type_cond_1,veh_type_cond_2,lum_code,agg_code,int_code,atm_code,col_code
202300051490,2023-12-02 16:50:00,2023,12,2,16,50,28,28222,D28,48.30694,1.401696,Crépuscule ou aube,Hors agglomération,Hors intersection,Normale,Autre collision,3,2,2,0,1,1,1,0,1,80,1,2,1,0,1,0,48.0,,voiture,,2,1,1,1,6
202300051491,2023-04-01 11:00:00,2023,4,1,11,0,34,34214,9 Avenue de Gabian,43.48985,3.276873,Plein jour,Hors agglomération,Hors intersection,Normale,Sans collision,3,2,2,0,2,2,1,2,8,80,1,2,0,1,0,1,82.0,,voiture,,1,1,1,1,7
202300051492,2023-08-25 11:40:00,2023,8,25,11,40,55,55427,Avenue du 15e Corps,48.821151,4.981653,Plein jour,En agglomération,Giratoire,Normale,Deux véhicules - côté,3,2,2,0,1,3,1,0,1,50,2,2,1,0,1,0,81.0,66.0,voiture,deux_roues,1,2,6,1,3
202300051493,2023-05-09 09:45:00,2023,5,9,9,45,75,75117,PORTE D ASNIERES,48.889591,2.297417,Plein jour,En agglomération,Hors intersection,Pluie légère,Deux véhicules - côté,4,1,4,0,1,1,2,0,1,70,2,2,1,0,0,1,36.0,46.0,voiture,deux_roues,1,2,1,2,3
202300051494,2023-06-12 18:48:00,2023,6,12,18,48,75,75110,BOULEVARD DE MAGENTA,48.882217,2.350738,Plein jour,En agglomération,Hors intersection,Normale,Deux véhicules - côté,4,3,6,1,1,1,1,0,1,50,2,2,1,0,0,1,64.0,47.0,voiture,deux_roues,1,2,1,1,3
202300051495,2023-12-03 03:59:00,2023,12,3,3,59,01,01288,D884,46.17336218,5.91443717,Nuit sans éclairage public,Hors agglomération,Hors intersection,Normale,Autre collision,3,3,1,0,1,1,1,0,2,110,1,1,0,1,0,0,23.0,,voiture,,3,1,1,1,6
202300051496,2023-08-26 05:00:00,2023,8,26,5,0,42,42038,Rue de Montazy,45.623961,4.128547,Nuit sans éclairage public,Hors agglomération,Autre intersection,Normale,Autre collision,4,2,2,-1,1,1,1,0,1,-1,1,2,1,0,0,1,21.0,,voiture,,3,1,9,1,6
202300051496,2023-08-26 05:00:00,2023,8,26,5,0,42,42038,Rue de Montazy,45.623961,4.128547,Nuit sans éclairage public,Hors agglomération,Autre intersection,Normale,Autre collision,4,2,2,0,2,2,1,2,1,80,1,2,1,0,0,1,21.0,,voiture,,3,1,9,1,6
202300051497,2023-10-28 08:17:00,2023,10,28,8,17,75,75117,RUE DE SAUSSURE,48.888183,2.310533,Crépuscule ou aube,En agglomération,Intersection en T,Normale,Deux véhicules - frontale,4,2,2,0,1,2,1,0,1,30,2,2,0,0,0,2,36.0,37.0,voiture,voiture,2,2,3,1,1
202300051497,2023-10-28 08:17:00,2023,10,28,8,17,75,75117,RUE DE SAUSSURE,48.888183,2.310533,Crépuscule ou aube,En agglomération,Intersection en T,Normale,Deux véhicules - frontale,4,2,2,0,1,1,1,0,1,30,2,2,0,0,0,2,36.0,37.0,voiture,voiture,2,2,3,1,1
202300051498,2023-07-16 14:14:00,2023,7,16,14,14,04,04076,Avenue de Vauban,43.949308,6.812902,Plein jour,En agglomération,Intersection en T,Normale,Deux véhicules - côté,3,2,2,0,1,1,1,0,1,50,2,3,2,0,0,1,70.0,62.0,deux_roues,voiture,1,2,3,1,3
202300051498,2023-07-16 14:14:00,2023,7,16,14,14,04,04076,Avenue de Vauban,43.949308,6.812902,Plein jour,En agglomération,Intersection en T,Normale,Deux véhicules - côté,3,2,2,0,1,3,1,0,1,50,2,3,2,0,0,1,70.0,62.0,deux_roues,voiture,1,2,3,1,3
202300051499,2023-03-25 18:25:00,2023,3,25,18,25,34,34252,D922,43.655676,3.109844,Plein jour,Hors agglomération,Intersection en T,Normale,Deux véhicules - côté,3,2,2,0,1,1,1,0,1,90,2,3,0,0,0,3,18.0,49.0,deux_roues,deux_roues,1,1,3,1,3
202300051499,2023-03-25 18:25:00,2023,3,25,18,25,34,34252,D922,43.655676,3.109844,Plein jour,Hors agglomération,Intersection en T,Normale,Deux véhicules - côté,3,2, -1,-1,1,1,1,0,1,-1,2,3,0,0,0,3,18.0,49.0,deux_roues,deux_roues,1,1,3,1,3
202300051500,2023-05-09 20:56:00,2023,5,9,20,56,75,75120,RUE BELGRAND,48.864585,2.407235,Crépuscule ou aube,En agglomération,Intersection en X,Normale,Deux véhicules - côté,4,2,4,1,2,1,2,0,5,30,2,2,1,0,0,1,33.0,59.0,deux_roues,voiture,2,2,2,1,3
202300051500,2023-05-09 20:56:00,2023,5,9,20,56,75,75120,RUE BELGRAND,48.864585,2.407235,Crépuscule ou aube,En agglomération,Intersection en X,Normale,Deux véhicules - côté,4,1,1,0,2,1,2,0,5,30,2,2,1,0,0,1,33.0,59.0,deux_roues,voiture,2,2,2,1,3
202300051501,2023-06-12 12:45:00,2023,6,12,12,45,75,75110,BOULEVARD DE BONNE NOUVELLE,48.870353,2.34956,Plein jour,En agglomération,Intersection en T,Normale,Deux véhicules - côté,4,2,4,1,1,1,1,0,1,30,2,2,1,0,0,1,24.0,21.0,utilitaire_camion,deux_roues,1,2,3,1,3
202300051501,2023-06-12 12:45:00,2023,6,12,12,45,75,75110,BOULEVARD DE BONNE NOUVELLE,48.870353,2.34956,Plein jour,En agglomération,Intersection en T,Normale,Deux véhicules - côté,4,1, -1,1,1,1,1,0,1,30,2,2,1,0,0,1,24.0,21.0,utilitaire_camion,deux_roues,1,2,3,1,3
202300051502,2023-10-28 08:17:00,2023,10,28,8,17,75,75117,RUE DE ROME,48.887345,2.314132,Nuit avec éclairage allumé,En agglomération,Intersection à plus de 4 branches,Normale,Autre collision,4,2,4,3,1,1,1,0,1,30,1,2,0,1,0,1,36.0,,voiture,,5,2,5,1,6
202300051502,2023-10-28 08:17:00,2023,10,28,8,17,75,75117,RUE DE ROME,48.887345,2.314132,Nuit avec éclairage allumé,En agglomération,Intersection à plus de 4 branches,Normale,Autre collision,4,2,3,2,1,2,1,0,1,30,1,2,0,1,0,1,36.0,,voiture,,5,2,5,1,6
202300051503,2023-08-25 15:50:00,2023,8,25,15,50,26,26170,Chemin des Balayes,44.905393,4.945816,Plein jour,Hors agglomération,Intersection en X,Temps éblouissant,Deux véhicules - côté,4,2,2,0,1,1,1,5,1,80,2,2,1,0,1,0,28.0,24.0,deux_roues,voiture,1,1,2,7,3
202300051503,2023-08-25 15:50:00,2023,8,25,15,50,26,26170,Chemin des Balayes,44.905393,4.945816,Plein jour,Hors agglomération,Intersection en X,Temps éblouissant,Deux véhicules - côté,4,2,2,0,1,2,1,5,1,80,2,2,1,0,1,0,28.0,24.0,deux_roues,voiture,1,1,2,7,3
202300051504,2023-12-03 01:00:00,2023,12,3,1,0,29,29020,Rue Nicephore Niepce,48.09872,-4.03173,Nuit sans éclairage public,Hors agglomération,Hors intersection,Normale,Deux véhicules - côté,2,3,4,0,1,1,2,3,1,110,2,5,1,0,2,2,35.0,46.0,voiture,voiture,3,1,1,1,3
202300051505,2023-07-08 03:30:00,2023,7,8,3,30,85,85018,RD51,46.878235,-2.058477,Nuit sans éclairage public,Hors agglomération,Intersection en X,Normale,Autre collision,3,2,2,0,1,1,1,0,3,80,1,1,0,0,0,1,23.0,,voiture,,3,1,2,1,6
202300051505,2023-07-08 03:30:00,2023,7,8,3,30,85,85018,RD51,46.878235,-2.058477,Nuit sans éclairage public,Hors agglomération,Intersection en X,Normale,Autre collision,3,2, -1,-1,-1,2,1,0,3,-1,1,1,0,0,0,1,23.0,,voiture,,3,1,2,1,6
202300051506,2023-03-31 08:12:00,2023,3,31,8,12,44,44213,Route de Saint-Florent,47.37226,-1.017281,Crépuscule ou aube,Hors agglomération,Hors intersection,Vent fort / tempête,Trois véhicules et plus - collisions multiples,3,2,2,0,1,1,2,5,1,70,3,3,2,0,1,0,46.0,53.0,voiture,voiture,2,1,1,6,5
202300051507,2023-05-09 19:12:00,2023,5,9,19,12,75,75120,RUE BELGRAND,48.864568,2.407325,Plein jour,En agglomération,Intersection en T,Pluie légère,Autre collision,4,2,0,0,2,1,2,0,1,30,1,2,1,0,0,1,,,deux_roues,,1,2,3,2,6
202300051507,2023-05-09 19:12:00,2023,5,9,19,12,75,75120,RUE BELGRAND,48.864568,2.407325,Plein jour,En agglomération,Intersection en T,Pluie légère,Autre collision,4,1,0,0,2,1,2,0,1,30,1,2,1,0,0,1,,,deux_roues,,1,2,3,2,6
202300051508,2023-07-12 23:00:00,2023,7,12,23,0,85,85046,RD 948,46.66559,-1.294572,Nuit avec éclairage non allumé,Hors agglomération,Autre intersection,Normale,Sans collision,3,3,2,0,1,1,1,9,1,110,1,1,0,0,1,0,22.0,,voiture,,4,1,9,1,7
202300051509,2023-06-11 17:45:00,2023,6,11,17,45,75,75108,RUE DE VIENNE,48.876849,2.321688,Plein jour,En agglomération,Intersection en X,Normale,Deux véhicules - frontale,4,1,1,0,1,1,1,0,1,30,2,4,3,0,0,1,26.0,29.0,voiture,deux_roues,1,2,2,1,1
202300051509,2023-06-11 17:45:00,2023,6,11,17,45,75,75108,RUE DE VIENNE,48.876849,2.321688,Plein jour,En agglomération,Intersection en X,Normale,Deux véhicules - frontale,4,1,1,0,2,1,1,0,1,30,2,4,3,0,0,1,26.0,29.0,voiture,deux_roues,1,2,2,1,1
202300051510,2023-12-02 20:55:00,2023,12,2,20,55,14,14027,D54,48.989923,-0.622476,Nuit sans éclairage public,En agglomération,Hors intersection,Normale,Autre collision,3,2,2,0,1,2,1,0,1,50,1,2,1,1,0,0,66.0,,utilitaire_camion,,3,2,1,1,6
202300051511,2023-04-01 16:55:00,2023,4,1,16,55,29,29300,Pont Chlaon,47.894836,-3.648896,Plein jour,Hors agglomération,Intersection en T,Pluie légère,Deux véhicules - frontale,3,2,2,0,1,1,2,5,1,80,2,2,0,0,0,2,22.0,73.0,voiture,voiture,1,1,3,2,1
202300051511,2023-04-01 16:55:00,2023,4,1,16,55,29,29300,Pont Chlaon,47.894836,-3.648896,Plein jour,Hors agglomération,Intersection en T,Pluie légère,Deux véhicules - frontale,3,2,2,0,1,3,2,0,8,80,2,2,0,0,0,2,22.0,73.0,voiture,voiture,1,1,3,2,1
202300051512,2023-08-24 14:35:00,2023,8,24,14,35,01,01313,108 rue du prieuré,46.252872,6.082059,Plein jour,En agglomération,Intersection en T,Normale,Deux véhicules - côté,4,2,2,0,1,1,1,0,1,30,2,2,1,0,1,0,28.0,39.0,deux_roues,voiture,1,2,3,1,3
202300051512,2023-08-24 14:35:00,2023,8,24,14,35,01,01313,108 rue du prieuré,46.252872,6.082059,Plein jour,En agglomération,Intersection en T,Normale,Deux véhicules - côté,4,2,2,0,2,1,1,0,1,30,2,2,1,0,1,0,28.0,39.0,deux_roues,voiture,1,2,3,1,3
202300051513,2023-10-28 12:25:00,2023,10,28,12,25,75,75119,AVENUE MATHURIN MOREAU,48.878147,2.371895,Plein jour,En agglomération,Hors intersection,Normale,Deux véhicules - arrière,4,2,2,0,2,1,1,0,1,30,2,5,4,0,0,1,51.0,25.0,voiture,deux_roues,1,2,1,1,2
202300051514,2023-05-09 13:00:00,2023,5,9,13,0,75,75120,BOULEVARD MORTIER,48.87723,2.406794,Plein jour,En agglomération,Intersection en X,Pluie légère,Deux véhicules - côté,4,3,2,0,1,1,2,5,1,50,2,2,1,0,0,1,58.0,44.0,voiture,utilitaire_camion,1,2,2,2,3
202300051514,2023-05-09 13:00:00,2023,5,9,13,0,75,75120,BOULEVARD MORTIER,48.87723,2.406794,Plein jour,En agglomération,Intersection en X,Pluie légère,Deux véhicules - côté,4,3,2,2,1,1,2,5,1,50,2,2,1,0,0,1,58.0,44.0,voiture,utilitaire_camion,1,2,2,2,3
202300051515,2023-06-12 21:10:00,2023,6,12,21,10,75,75102,RUE REAUMUR,48.868535,2.341919,Crépuscule ou aube,En agglomération,Intersection en X,Normale,Autre collision,4,2,2,1,1,1,1,0,1,30,1,2,1,0,0,1,33.0,,voiture,,2,2,2,1,6
202300051515,2023-06-12 21:10:00,2023,6,12,21,10,75,75102,RUE REAUMUR,48.868535,2.341919,Crépuscule ou aube,En agglomération,Intersection en X,Normale,Autre collision,4,1,3,3,1,1,1,0,1,30,1,2,1,0,0,1,33.0,,voiture,,2,2,2,1,6
202300051516,2023-12-02 10:50:00,2023,12,2,10,50,06,06095,18 Avenue de Boutiny,43.640623,6.87765,Plein jour,En agglomération,Hors intersection,Normale,Autre collision,3,2,2,0,2,1,1,0,1,50,1,2,1,0,1,0,50.0,,utilitaire_camion,,1,2,1,1,6
202300051517,2023-07-16 20:15:00,2023,7,16,20,15,27,27107,D139,49.386958,0.597942,Crépuscule ou aube,Hors agglomération,Hors intersection,Normale,Deux véhicules - côté,3,2,2,0,1,2,2,0,1,80,2,3,0,0,0,3,20.0,25.0,voiture,voiture,2,1,1,1,3
202300051518,2023-03-31 15:30:00,2023,3,31,15,30,38,38034,Route de VIENNE,45.34645,5.04175,Plein jour,En agglomération,Giratoire,Normale,Deux véhicules - côté,3,2,2,0,1,1,1,0,1,50,2,2,1,0,0,1,17.0,87.0,deux_roues,voiture,1,2,6,1,3
202300051519,2023-08-26 09:25:00,2023,8,26,9,25,69,69069,11 Avenue Edouard Millaud,45.747342,4.743079,Plein jour,En agglomération,Intersection en T,Pluie forte,Deux véhicules - côté,7,2,2,0,1,1,2,0,1,30,2,2,1,0,1,0,26.0,67.0,deux_roues,voiture,1,2,3,3,3
202300051519,2023-08-26 09:25:00,2023,8,26,9,25,69,69069,11 Avenue Edouard Millaud,45.747342,4.743079,Plein jour,En agglomération,Intersection en T,Pluie forte,Deux véhicules - côté,7,2,2,2,1,1,2,0,1,30,2,2,1,0,1,0,26.0,67.0,deux_roues,voiture,1,2,3,3,3
202300051520,2023-10-28 10:55:00,2023,10,28,10,55,75,75119,BOULEVARD DE LA VILLETTE,48.874255,2.37464,Plein jour,En agglomération,Hors intersection,Normale,Trois véhicules et plus - en chaîne,4,2,4,1,1,1,1,0,5,30,3,3,2,0,0,1,22.0,22.0,deux_roues,deux_roues,1,2,1,1,4
202300051521,2023-06-09 16:45:00,2023,6,9,16,45,94,94068,Avenue Foch,48.803374,2.489055,Plein jour,En agglomération,Hors intersection,Normale,Autre collision,3,2,2,0,1,1,1,0,1,30,1,2,1,0,0,1,34.0,,voiture,,1,2,1,1,6
202300051522,2023-03-31 18:45:00,2023,3,31,18,45,02,02235,Tunnel,49.429936,3.781115,Crépuscule ou aube,Hors agglomération,Hors intersection,Vent fort / tempête,Sans collision,3,2,2,0,2,3,2,0,3,80,1,1,0,0,0,1,57.0,,deux_roues,,2,1,1,6,7
202300051523,2023-07-16 21:47:00,2023,7,16,21,47,27,27224,Épreville-près-le-Neubourg,49.139425,0.889034,Crépuscule ou aube,Hors agglomération,Hors intersection,Pluie légère,Autre collision,3,2,2,0,1,1,2,0,3,80,1,1,0,0,1,0,51.0,,voiture,,2,1,1,2,6
202300051524,2023-05-09 11:30:00,2023,5,9,11,30,75,75120,RUE PIXERECOURT,48.870099,2.395776,Plein jour,En agglomération,Intersection en X,Pluie forte,Autre collision,4,2,2,0,2,1,2,0,1,30,1,2,1,0,0,1,50.0,,voiture,,1,2,2,3,6
202300051524,2023-05-09 11:30:00,2023,5,9,11,30,75,75120,RUE PIXERECOURT,48.870099,2.395776,Plein jour,En agglomération,Intersection en X,Pluie forte,Autre collision,4,2,2,0,2,1,2,0,1,30,1,2,1,0,0,1,50.0,,voiture,,1,2,2,3,6
202300051525,2023-12-02 21:10:00,2023,12,2,21,10,38,38030,D519,45.345238,5.464926,Nuit sans éclairage public,Hors agglomération,Hors intersection,Normale,Deux véhicules - frontale,3,2,2,0,1,1,7,2,1,80,2,5,0,0,1,4,30.0,42.0,voiture,voiture,3,1,1,1,1
202300051526,2023-08-26 12:45:00,2023,8,26,12,45,31,31395,3 Rue Didier Daurat,43.469895,1.326932,Plein jour,En agglomération,Hors intersection,Normale,Autre collision,4,1,1,0,1,3,1,0,1,30,1,2,1,0,0,1,,,autre,,1,2,1,1,6
202300051527,2023-10-27 11:25:00,2023,10,27,11,25,75,75119,BOULEVARD DE LA VILLETTE,48.873002,2.376052,Plein jour,En agglomération,Hors intersection,Normale,Deux véhicules - arrière,4,2,2,2,1,1,1,0,1,30,2,2,1,0,0,1,44.0,48.0,deux_roues,voiture,1,2,1,1,2
202300051528,2023-05-09 17:45:00,2023,5,9,17,45,75,75119,RUE ARMAND CARREL,48.882625,2.37958,Plein jour,En agglomération,Hors intersection,Normale,Autre collision,4,2,3,0,1,1,2,0,1,30,1,2,1,0,0,1,57.0,,voiture,,1,2,1,1,6
202300051529,2023-06-10 17:30:00,2023,6,10,17,30,94,94038,17 Rue Paul Hochart,48.77448527,2.35454996,Plein jour,En agglomération,Hors intersection,Normale,Autre collision,4,2,2,0,1,1,1,6,1,30,1,2,1,0,0,1,52.0,,voiture,,1,2,1,1,6
202300051530,2023-12-02 14:30:00,2023,12,2,14,30,91,91534,Route d?Orsay,48.747884,2.165418,Plein jour,En agglomération,Autre intersection,Temps éblouissant,Deux véhicules - frontale,3,2,2,0,1,1,1,0,1,50,2,2,1,0,1,0,60.0,20.0,voiture,deux_roues,1,2,9,7,1
202300051531,2023-04-01 11:48:00,2023,4,1,11,48,01,01093,D936,46.133633,4.97013,Plein jour,Hors agglomération,Hors intersection,Pluie légère,Deux véhicules - côté,3,2,1,0,1,1,2,0,1,80,2,3,0,0,0,3,27.0,40.0,voiture,voiture,1,1,1,2,3
202300051532,2023-05-09 15:20:00,2023,5,9,15,20,75,75119,AVENUE DE FLANDRE,48.887342,2.372864,Plein jour,En agglomération,Intersection en T,Pluie forte,Deux véhicules - côté,4,1,3,1,1,1,2,0,1,30,2,2,1,0,0,1,45.0,26.0,voiture,deux_roues,1,2,3,3,3
202300051532,2023-05-09 15:20:00,2023,5,9,15,20,75,75119,AVENUE DE FLANDRE,48.887342,2.372864,Plein jour,En agglomération,Intersection en T,Pluie forte,Deux véhicules - côté,4,1,1,0,1,1,2,0,1,30,2,2,1,0,0,1,45.0,26.0,voiture,deux_roues,1,2,3,3,3
202300051533,2023-07-16 18:45:00,2023,7,16,18,45,27,27679,Avenue Edmond Démolins,48.738408,0.914179,Plein jour,En agglomération,Hors intersection,Normale,Deux véhicules - frontale,3,2,2,0,1,1,1,0,1,50,2,2,1,0,1,0,19.0,33.0,voiture,deux_roues,1,2,1,1,1
202300051534,2023-12-03 15:55:00,2023,12,3,15,55,51,51488,D951,49.103524,3.981203,Plein jour,Hors agglomération,Hors intersection,Normale,Trois véhicules et plus - en chaîne,3,2,2,0,1,1,1,0,1,70,3,4,1,0,2,1,31.0,35.0,voiture,voiture,1,1,1,1,4
202300051535,2023-08-26 23:30:00,2023,8,26,23,30,24,24223,Route de la Grande Serre,44.850233,0.771211,Nuit sans éclairage public,Hors agglomération,Hors intersection,Pluie légère,Autre collision,4,2,2,0,3,1,2,0,3,80,1,2,0,0,2,0,20.0,,voiture,,3,1,1,2,6
202300051536,2023-04-01 13:40:00,2023,4,1,13,40,26,26369,RD94,44.377076,5.43121,Plein jour,Hors agglomération,Hors intersection,Normale,Autre collision,3,2,2,0,1,3,1,0,3,70,1,1,0,0,1,0,37.0,,deux_roues,,1,1,1,1,6
202300051537,2023-05-09 14:00:00,2023,5,9,14,0,75,75119,AVENUE SIMON BOLIVAR,48.875585,2.38188,Plein jour,En agglomération,Intersection en X,Pluie légère,Deux véhicules - côté,4,2,2,0,1,1,2,0,1,30,2,2,1,0,0,1,,36.0,voiture,deux_roues,1,2,2,2,3
202300051537,2023-05-09 14:00:00,2023,5,9,14,0,75,75119,AVENUE SIMON BOLIVAR,48.875585,2.38188,Plein jour,En agglomération,Intersection en X,Pluie légère,Deux véhicules - côté,4,-1, -1,0,1,1,2,0,1,30,2,2,1,0,0,1,,36.0,voiture,deux_roues,1,2,2,2,3
202300051538,2023-06-12 06:25:00,2023,6,12,6,25,94,94028,Route de Choisy,48.783235,2.446853,Plein jour,En agglomération,Hors intersection,Normale,Deux véhicules - côté,9,2,2,3,1,1,1,-1,6,50,2,2,1,0,0,1,58.0,29.0,transport_commun,deux_roues,1,2,1,1,3
202300051539,2023-12-02 19:10:00,2023,12,2,19,10,56,56185,,47.790797,-3.443637,Nuit sans éclairage public,Hors agglomération,Hors intersection,Pluie légère,Autre collision,2,3,4,0,1,1,2,2,1,110,1,1,0,0,1,0,29.0,,utilitaire_camion,,3,1,1,2,6
202300051540,2023-10-28 20:15:00,2023,10,28,20,15,75,75116,ALLEE DE LA REINE MARGUERITE,48.858584,2.2449,Nuit avec éclairage allumé,En agglomération,Intersection en X,Pluie légère,Deux véhicules - frontale,4,2,4,0,1,1,2,0,1,50,2,2,1,0,0,1,38.0,23.0,voiture,voiture,5,2,2,2,1
202300051540,2023-10-28 20:15:00,2023,10,28,20,15,75,75116,ALLEE DE LA REINE MARGUERITE,48.858584,2.2449,Nuit avec éclairage allumé,En agglomération,Intersection en X,Pluie légère,Deux véhicules - frontale,4,2,2,0,1,1,2,0,1,50,2,2,1,0,0,1,38.0,23.0,voiture,voiture,5,2,2,2,1
202300051541,2023-12-02 05:50:00,2023,12,2,5,50,59,59662,Route de Bray-dunes,50.843342,2.572163,Nuit sans éclairage public,Hors agglomération,Hors intersection,Autre,Autre collision,3,2,2,0,1,2,7,0,3,70,1,2,0,0,2,0,20.0,,voiture,,3,1,1,9,6
202300051542,2023-05-09 13:10:00,2023,5,9,13,10,75,75117,RUE DE COURCELLES,48.879276,2.303061,Plein jour,En agglomération,Intersection en T,Pluie légère,Deux véhicules - côté,4,1,1,0,1,1,2,0,1,30,2,2,1,0,0,1,32.0,29.0,voiture,deux_roues,1,2,3,2,3
202300051542,2023-05-09 13:10:00,2023,5,9,13,10,75,75117,RUE DE COURCELLES,48.879276,2.303061,Plein jour,En agglomération,Intersection en T,Pluie légère,Deux véhicules - côté,4,2,2,0,1,1,2,0,1,30,2,2,1,0,0,1,32.0,29.0,voiture,deux_roues,1,2,3,2,3
202300051543,2023-06-11 22:50:00,2023,6,11,22,50,94,94017,11 Boulevard des Alliés,48.82976,2.48995,Nuit avec éclairage non allumé,Hors agglomération,Giratoire,Temps couvert,Autre collision,4,1,2,0,2,1,1,9,1,50,1,2,0,0,1,1,30.0,,deux_roues,,4,1,6,8,6
202300051544,2023-04-01 10:00:00,2023,4,1,10,0,14,14371,2224 Route du Lieu aux Amis,49.03127,0.210221,Plein jour,Hors agglomération,Intersection en X,Normale,Deux véhicules - côté,3,2,2,0,1,1,1,0,1,80,2,4,2,0,1,1,25.0,27.0,voiture,voiture,1,1,2,1,3
202300051544,2023-04-01 10:00:00,2023,4,1,10,0,14,14371,2224 Route du Lieu aux Amis,49.03127,0.210221,Plein jour,Hors agglomération,Intersection en X,Normale,Deux véhicules - côté,3,2,2,0,1,1,1,0,1,80,2,4,2,0,1,1,25.0,27.0,voiture,voiture,1,1,2,1,3
202300051545,2023-10-28 20:45:00,2023,10,28,20,45,75,75114,AVENUE DENFERT ROCHEREAU,48.835529,2.33354,Nuit sans éclairage public,En agglomération,Hors intersection,Pluie légère,Sans collision,4,2,3,3,1,1,2,0,1,30,1,1,0,0,0,1,27.0,,deux_roues,,3,2,1,2,7
202300051546,2023-08-26 09:30:00,2023,8,26,9,30,33,33227,rond point de guyenne,44.554439,-0.254928,Plein jour,En agglomération,Intersection en X,Normale,Deux véhicules - côté,3,2,4,0,1,1,1,5,1,50,2,2,1,0,1,0,65.0,69.0,voiture,voiture,1,2,2,1,3
202300051546,2023-08-26 09:30:00,2023,8,26,9,30,33,33227,rond point de guyenne,44.554439,-0.254928,Plein jour,En agglomération,Intersection en X,Normale,Deux véhicules - côté,3,2, -1,-1,1,1,1,5,1,50,2,2,1,0,1,0,65.0,69.0,voiture,voiture,1,2,2,1,3
202300051547,2023-07-15 15:30:00,2023,7,15,15,30,17,17385,83 Avenue de Bel Air,45.93918,-1.311547,Plein jour,En agglomération,Intersection en T,Normale,Sans collision,3,2,2,0,1,1,1,0,1,50,2,3,2,0,1,0,18.0,78.0,deux_roues,voiture,1,2,3,1,7
202300051547,2023-07-15 15:30:00,2023,7,15,15,30,17,17385,83 Avenue de Bel Air,45.93918,-1.311547,Plein jour,En agglomération,Intersection en T,Normale,Sans collision,3,2,2,-1,1,1,1,5,1,30,2,3,2,0,1,0,18.0,78.0,deux_roues,voiture,1,2,3,1,7
202300051548,2023-12-02 19:25:00,2023,12,2,19,25,77,77414,D75,48.652304,3.21893,Nuit sans éclairage public,Hors agglomération,Intersection en T,Normale,Deux véhicules - côté,3,2,2,0,1,1,1,0,1,90,2,2,1,1,0,0,19.0,34.0,voiture,voiture,3,1,3,1,3
202300051548,2023-12-02 19:25:00,2023,12,2,19,25,77,77414,D75,48.652304,3.21893,Nuit sans éclairage public,Hors agglomération,Intersection en T,Normale,Deux véhicules - côté,3,2,2,0,4,1,1,0,1,70,2,2,1,1,0,0,19.0,34.0,voiture,voiture,3,1,3,1,3
202300051549,2023-03-31 16:45:00,2023,3,31,16,45,07,07117,D104 route d'Ales,44.4345,4.224286,Plein jour,Hors agglomération,Hors intersection,Normale,Sans collision,3,2,2,0,1,3,1,0,3,-1,1,1,0,0,0,1,51.0,,voiture,,1,1,1,1,7
202300051550,2023-05-09 13:45:00,2023,5,9,13,45,75,75115,BOULEVARD LEFEBVRE,48.828639,2.301425,Plein jour,En agglomération,Intersection en T,Pluie forte,Deux véhicules - arrière,4,1,2,1,1,1,2,0,5,30,2,2,1,0,0,1,,21.0,utilitaire_camion,deux_roues,1,2,3,3,2
202300051550,2023-05-09 13:45:00,2023,5,9,13,45,75,75115,BOULEVARD LEFEBVRE,48.828639,2.301425,Plein jour,En agglomération,Intersection en T,Pluie forte,Deux véhicules - arrière,4,1,2,0,1,1,2,0,1,30,2,2,1,0,0,1,,21.0,utilitaire_camion,deux_roues,1,2,3,3,2
202300051551,2023-12-02 12:20:00,2023,12,2,12,20,76,76517,D47,49.516706,1.139341,Plein jour,Hors agglomération,Intersection en Y,Normale,Deux véhicules - côté,3,2,2,0,1,3,1,0,1,70,2,2,1,0,0,1,57.0,16.0,voiture,deux_roues,1,1,4,1,3
202300051551,2023-12-02 12:20:00,2023,12,2,12,20,76,76517,D47,49.516706,1.139341,Plein jour,Hors agglomération,Intersection en Y,Normale,Deux véhicules - côté,3,2,2,0,1,3,1,0,1,70,2,2,1,0,0,1,57.0,16.0,voiture,deux_roues,1,1,4,1,3
202300051552,2023-06-12 12:00:00,2023,6,12,12,0,93,93073,Rue Ronsard / Rue Corneille,48.95872,2.56764,Plein jour,En agglomération,Intersection en T,Pluie légère,Deux véhicules - arrière,4,2,2,-1,1,1,2,0,1,-1,2,3,2,0,0,1,49.0,19.0,utilitaire_camion,voiture,1,2,3,2,2
202300051552,2023-06-12 12:00:00,2023,6,12,12,0,93,93073,Rue Ronsard / Rue Corneille,48.95872,2.56764,Plein jour,En agglomération,Intersection en T,Pluie légère,Deux véhicules - arrière,4,2,2,0,1,1,2,0,1,50,2,3,2,0,0,1,49.0,19.0,utilitaire_camion,voiture,1,2,3,2,2
202300051553,2023-05-09 12:15:00,2023,5,9,12,15,75,75115,RUE DE VOUILLE,48.834081,2.307396,Plein jour,En agglomération,Hors intersection,Pluie légère,Autre collision,4,2,3,3,1,1,2,0,1,30,1,2,1,0,0,1,35.0,,voiture,,1,2,1,2,6