accident_id,datetime,annee,mois,jour,heure,minute,departement,commune_insee,adresse,latitude,longitude,luminosite,agglomeration,intersection,meteo,collision,catr,circ,nbv,vosp,prof,plan,surf,infra,situ,vma,nb_vehicules,nb_usagers,nb_indemnes,nb_tues,nb_blesses_hosp,nb_blesses_legers,age_cond_1,age_cond_2,veh_type_cond_1,veh_type_cond_2,lum_code,agg_code,int_code,atm_code,col_code
202300051554,2023-08-26 18:00:00,2023,8,26,18,0,50,50041,44 Rue du Millecent (Beaumont-Hague),49.660489,-1.823983,Plein jour,Hors agglomération,Intersection en T,Normale,Deux véhicules - côté,3,2,2,0,4,1,1,0,1,70,2,2,1,0,1,0,44.0,16.0,voiture,deux_roues,1,1,3,1,3
202300051554,2023-08-26 18:00:00,2023,8,26,18,0,50,50041,44 Rue du Millecent (Beaumont-Hague),49.660489,-1.823983,Plein jour,Hors agglomération,Intersection en T,Normale,Deux véhicules - côté,3,2,2,0,1,1,1,0,8,50,2,2,1,0,1,0,44.0,16.0,voiture,deux_roues,1,1,3,1,3
202300051555,2023-07-16 21:30:00,2023,7,16,21,30,88,88486,Rue de Saint-del,48.004711,6.724089,Plein jour,En agglomération,Intersection en X,Normale,Sans collision,3,2,2,0,1,1,1,0,1,50,1,1,0,0,1,0,32.0,,deux_roues,,1,2,2,1,7
202300051555,2023-07-16 21:30:00,2023,7,16,21,30,88,88486,Rue de Saint-del,48.004711,6.724089,Plein jour,En agglomération,Intersection en X,Normale,Sans collision,3,2, -1,-1,1,1,1,5,1,-1,1,1,0,0,1,0,32.0,,deux_roues,,1,2,2,1,7
202300051556,2023-10-27 13:40:00,2023,10,27,13,40,75,75113,PORTE D ITALIE,48.816439,2.360085,Plein jour,En agglomération,Intersection à plus de 4 branches,Normale,Deux véhicules - arrière,4,1, -1,-1,1,1,1,0,1,-1,2,3,2,0,0,1,42.0,35.0,deux_roues,transport_commun,1,2,5,1,2
202300051556,2023-10-27 13:40:00,2023,10,27,13,40,75,75113,PORTE D ITALIE,48.816439,2.360085,Plein jour,En agglomération,Intersection à plus de 4 branches,Normale,Deux véhicules - arrière,4,1,3,3,1,1,1,-1,6,30,2,3,2,0,0,1,42.0,35.0,deux_roues,transport_commun,1,2,5,1,2
202300051557,2023-04-01 04:10:00,2023,4,1,4,10,53,53146,Quifeu,48.205256,-0.691538,Nuit sans éclairage public,Hors agglomération,Hors intersection,Pluie légère,Autre collision,3,2,2,0,1,1,2,0,3,80,1,5,3,0,1,1,40.0,,voiture,,3,1,1,2,6
202300051558,2023-06-10 23:45:00,2023,6,10,23,45,93,93073,Rue du Chapitre,49.00301204,2.53687204,Nuit avec éclairage allumé,Hors agglomération,Hors intersection,Normale,Deux véhicules - côté,4,1,3,0,1,1,1,0,1,70,2,2,1,0,0,1,26.0,,deux_roues,voiture,5,1,1,1,3
202300051559,2023-12-02 18:54:00,2023,12,2,18,54,2A,2A362,RT10 STE LUCIE DE PORTO VECCHIO,41.69747,9.342982,Nuit avec éclairage allumé,En agglomération,Hors intersection,Normale,Trois véhicules et plus - collisions multiples,2,2,2,0,1,1,1,0,1,50,3,7,4,0,0,3,77.0,48.0,voiture,voiture,5,2,1,1,5
202300051560,2023-05-09 12:15:00,2023,5,9,12,15,75,75113,AVENUE D ITALIE,48.825114,2.357591,Plein jour,En agglomération,Intersection en T,Pluie légère,Deux véhicules - côté,4,3,6,2,1,1,2,0,5,30,2,2,1,0,0,1,52.0,26.0,voiture,deux_roues,1,2,3,2,3
202300051560,2023-05-09 12:15:00,2023,5,9,12,15,75,75113,AVENUE D ITALIE,48.825114,2.357591,Plein jour,En agglomération,Intersection en T,Pluie légère,Deux véhicules - côté,4,1,1,1,1,1,2,0,5,30,2,2,1,0,0,1,52.0,26.0,voiture,deux_roues,1,2,3,2,3
202300051561,2023-06-12 18:30:00,2023,6,12,18,30,93,93072,Boulevard Maxime Gorki,48.94605,2.38656,Plein jour,En agglomération,Hors intersection,Pluie légère,Deux véhicules - arrière,3,3,6,3,1,1,2,0,1,50,2,2,1,0,0,1,35.0,36.0,voiture,voiture,1,2,1,2,2
202300051562,2023-06-12 13:25:00,2023,6,12,13,25,93,93064,Avenue du Général de Gaulle,48.88070304,2.47718633,Plein jour,En agglomération,Hors intersection,Normale,Autre collision,3,3,4,0,1,1,1,0,1,30,1,2,1,0,0,1,79.0,,voiture,,1,2,1,1,6
202300051563,2023-05-09 08:00:00,2023,5,9,8,0,75,75113,BOULEVARD VINCENT AURIOL,48.832391,2.361133,Plein jour,En agglomération,Hors intersection,Pluie légère,Deux véhicules - côté,4,1,5,0,2,1,2,0,1,30,2,2,1,0,0,1,28.0,51.0,deux_roues,voiture,1,2,1,2,3
202300051564,2023-07-18 00:50:00,2023,7,18,0,50,988,98805,VE1 SENS NORD/SUD - PR 5+574,-22.2255,166.462397,Nuit sans éclairage public,Hors agglomération,Hors intersection,Pluie légère,Autre collision,1,3,4,0,1,2,2,0,1,-1,1,2,1,1,0,0,69.0,,voiture,,3,1,1,2,6
202300051565,2023-03-31 12:35:00,2023,3,31,12,35,40,40282,avenue de l'océean,43.771954,-0.574025,Plein jour,En agglomération,Hors intersection,Normale,Deux véhicules - frontale,3,2,2,0,1,1,1,0,1,50,2,3,2,0,1,0,75.0,32.0,voiture,utilitaire_camion,1,2,1,1,1
202300051566,2023-08-26 05:30:00,2023,8,26,5,30,29,29294,Brec'Hoat,48.40246618,-4.14883554,Crépuscule ou aube,Hors agglomération,Hors intersection,Brouillard / fumée,Autre collision,4,2,2,0,2,2,1,0,3,80,1,3,0,0,0,3,18.0,,voiture,,2,1,1,5,6
202300051567,2023-11-24 20:10:00,2023,11,24,20,10,82,82112,Rue des Pommes,44.1086,1.107366,Nuit avec éclairage allumé,En agglomération,Intersection en X,Pluie légère,Trois véhicules et plus - en chaîne,4,2,2,0,1,1,2,0,1,50,3,3,2,0,0,1,41.0,68.0,voiture,voiture,5,2,2,2,4
202300051568,2023-06-12 19:30:00,2023,6,12,19,30,93,93048,Boulevard Théophile Sueur,48.86438023,2.46770858,Plein jour,En agglomération,Hors intersection,Normale,Autre collision,3,2,2,0,1,1,1,9,1,50,1,2,1,0,0,1,39.0,,voiture,,1,2,1,1,6
202300051569,2023-10-28 12:10:00,2023,10,28,12,10,75,75110,RUE DU FAUBOURG SAINT MARTIN,48.88253,2.366922,Plein jour,En agglomération,Intersection en T,Normale,Autre collision,4,2,2,2,4,1,2,0,1,30,1,2,1,0,0,1,38.0,,voiture,,1,2,3,1,6
202300051569,2023-10-28 12:10:00,2023,10,28,12,10,75,75110,RUE DU FAUBOURG SAINT MARTIN,48.88253,2.366922,Plein jour,En agglomération,Intersection en T,Normale,Autre collision,4,2,4,3,1,1,2,0,1,30,1,2,1,0,0,1,38.0,,voiture,,1,2,3,1,6
202300051570,2023-05-09 20:30:00,2023,5,9,20,30,75,75112,AVENUE DU DOCTEUR ARNOLD NETTER,48.84089,2.404691,Nuit avec éclairage allumé,En agglomération,Intersection en X,Normale,Deux véhicules - côté,4,2,2,0,2,1,1,0,1,30,2,2,1,0,0,1,23.0,43.0,deux_roues,deux_roues,5,2,2,1,3
202300051570,2023-05-09 20:30:00,2023,5,9,20,30,75,75112,AVENUE DU DOCTEUR ARNOLD NETTER,48.84089,2.404691,Nuit avec éclairage allumé,En agglomération,Intersection en X,Normale,Deux véhicules - côté,4,1,1,0,1,1,1,0,1,30,2,2,1,0,0,1,23.0,43.0,deux_roues,deux_roues,5,2,2,1,3
202300051571,2023-12-03 10:15:00,2023,12,3,10,15,71,71396,27 Route de Pierre,46.86727,5.195479,Plein jour,Hors agglomération,Intersection en T,Temps éblouissant,Autre collision,4,2,2,0,1,1,1,0,3,80,1,2,1,1,0,0,70.0,,voiture,,1,1,3,7,6
202300051571,2023-12-03 10:15:00,2023,12,3,10,15,71,71396,27 Route de Pierre,46.86727,5.195479,Plein jour,Hors agglomération,Intersection en T,Temps éblouissant,Autre collision,4,2,2,-1,1,1,1,0,3,80,1,2,1,1,0,0,70.0,,voiture,,1,1,3,7,6
202300051572,2023-05-09 08:20:00,2023,5,9,8,20,75,75112,RUE DE REUILLY,48.847948,2.386312,Plein jour,En agglomération,Hors intersection,Pluie légère,Autre collision,4,1,1,1,1,1,2,0,1,30,1,2,1,0,0,1,23.0,,deux_roues,,1,2,1,2,6
202300051573,2023-06-12 02:10:00,2023,6,12,2,10,93,93032,Rue de Maison Rouge,48.89835,2.54622,Nuit sans éclairage public,En agglomération,Hors intersection,Normale,Deux véhicules - côté,3,2,2,0,1,1,1,0,1,50,2,3,2,0,0,1,,30.0,voiture,voiture,3,2,1,1,3
202300051574,2023-06-12 17:45:00,2023,6,12,17,45,93,93010,Av du Mal de Lattre de Tassigny,48.9049082,2.48334471,Plein jour,En agglomération,Hors intersection,Normale,Autre collision,4,1,1,0,1,1,1,0,1,50,1,2,1,0,1,0,34.0,,utilitaire_camion,,1,2,1,1,6
202300051575,2023-05-09 00:10:00,2023,5,9,0,10,75,75112,AVENUE DAUMESNIL,48.848627,2.372535,Nuit avec éclairage allumé,En agglomération,Intersection en X,Temps couvert,Autre collision,4,2,2,0,1,1,1,0,1,30,1,2,1,0,1,0,24.0,,deux_roues,,5,2,2,8,6
202300051575,2023-05-09 00:10:00,2023,5,9,0,10,75,75112,AVENUE DAUMESNIL,48.848627,2.372535,Nuit avec éclairage allumé,En agglomération,Intersection en X,Temps couvert,Autre collision,4,2,2,0,1,1,1,0,1,30,1,2,1,0,1,0,24.0,,deux_roues,,5,2,2,8,6
202300051576,2023-07-16 13:25:00,2023,7,16,13,25,42,42243,A89,45.86258,4.009409,Plein jour,Hors agglomération,Hors intersection,Normale,Autre collision,1,3,4,0,1,2,1,0,2,130,1,1,0,0,0,1,26.0,,voiture,,1,1,1,1,6
202300051577,2023-12-03 09:45:00,2023,12,3,9,45,71,71097,Route de la Genete,46.553984,5.103954,Plein jour,Hors agglomération,Hors intersection,Normale,Deux véhicules - frontale,3,2,2,0,2,1,1,0,1,80,2,2,0,0,0,2,51.0,54.0,utilitaire_camion,voiture,1,1,1,1,1
202300051578,2023-06-12 13:40:00,2023,6,12,13,40,93,93010,Route de Villemomble,48.89389981,2.47797454,Plein jour,En agglomération,Hors intersection,Normale,Autre collision,4,2,2,0,1,1,1,0,1,50,1,1,0,0,0,1,82.0,,voiture,,1,2,1,1,6
202300051579,2023-04-01 14:50:00,2023,4,1,14,50,40,40154,Route de Naboude,43.988268,-1.184388,Plein jour,Hors agglomération,Intersection en Y,Pluie forte,Deux véhicules - côté,3,2,2,0,1,1,2,9,1,80,2,2,1,0,0,1,21.0,23.0,voiture,voiture,1,1,4,3,3
202300051579,2023-04-01 14:50:00,2023,4,1,14,50,40,40154,Route de Naboude,43.988268,-1.184388,Plein jour,Hors agglomération,Intersection en Y,Pluie forte,Deux véhicules - côté,3,2,2,0,1,2,2,0,1,80,2,2,1,0,0,1,21.0,23.0,voiture,voiture,1,1,4,3,3
202300051580,2023-12-03 13:20:00,2023,12,3,13,20,71,71162,Route de Beaune,46.977194,4.370028,Plein jour,Hors agglomération,Hors intersection,Normale,Sans collision,3,2,2,0,1,1,1,0,1,80,1,1,0,0,1,0,60.0,,deux_roues,,1,1,1,1,7
202300051581,2023-05-08 22:03:00,2023,5,8,22,3,75,75109,RUE DE CLICHY,48.879684,2.329159,Nuit avec éclairage allumé,En agglomération,Intersection en T,Normale,Autre collision,4,1, -1,0,1,1,1,0,1,30,1,3,2,0,0,1,52.0,,voiture,,5,2,3,1,6
202300051581,2023-05-08 22:03:00,2023,5,8,22,3,75,75109,RUE DE CLICHY,48.879684,2.329159,Nuit avec éclairage allumé,En agglomération,Intersection en T,Normale,Autre collision,4,1,2,3,2,1,1,0,1,30,1,3,2,0,0,1,52.0,,voiture,,5,2,3,1,6
202300051582,2023-06-11 13:03:00,2023,6,11,13,3,92,92064,GOUNOD,48.84307081,2.21409246,Plein jour,En agglomération,Autre intersection,Normale,Deux véhicules - côté,3,2,2,0,1,1,1,0,1,50,2,2,1,0,0,1,32.0,29.0,utilitaire_camion,deux_roues,1,2,9,1,3
202300051583,2023-10-28 17:30:00,2023,10,28,17,30,75,75108,BOULEVARD HAUSSMANN,48.875225,2.316288,Crépuscule ou aube,En agglomération,Intersection en X,Pluie légère,Autre collision,4,1,1,0,1,1,2,9,1,30,1,2,1,0,0,1,37.0,,voiture,,2,2,2,2,6
202300051583,2023-10-28 17:30:00,2023,10,28,17,30,75,75108,BOULEVARD HAUSSMANN,48.875225,2.316288,Crépuscule ou aube,En agglomération,Intersection en X,Pluie légère,Autre collision,4,-1, -1,0,1,1,2,9,1,30,1,2,1,0,0,1,37.0,,voiture,,2,2,2,2,6
202300051584,2023-12-03 09:15:00,2023,12,3,9,15,89,89307,Nationale 77,47.897442,3.71192,Plein jour,Hors agglomération,Hors intersection,Temps couvert,Autre collision,2,2,2,0,1,1,1,0,3,80,1,1,0,1,0,0,71.0,,utilitaire_camion,,1,1,1,8,6
202300051585,2023-05-09 18:34:00,2023,5,9,18,34,94,94081,Place de l'Eglise,48.79147656,2.39405555,Plein jour,En agglomération,Hors intersection,Pluie légère,Autre collision,4,1,2,3,1,1,2,9,5,30,1,2,1,0,0,1,26.0,,deux_roues,,1,2,1,2,6
202300051586,2023-06-10 11:57:00,2023,6,10,11,57,92,92064,GOUNOD,48.842866,2.212195,Plein jour,En agglomération,Autre intersection,Normale,Deux véhicules - côté,3,2,3,2,2,1,1,0,1,50,2,2,1,0,0,1,23.0,53.0,voiture,deux_roues,1,2,9,1,3
202300051587,2023-11-30 05:15:00,2023,11,30,5,15,34,34031,D137,43.348323,3.42885,Nuit sans éclairage public,Hors agglomération,Hors intersection,Pluie légère,Autre collision,3,2,2,0,1,1,2,0,1,80,1,1,0,1,0,0,43.0,,voiture,,3,1,1,2,6
202300051588,2023-03-31 12:20:00,2023,3,31,12,20,24,24525,"D87 lieu dit ""Lavenaud""",45.54384,0.704219,Plein jour,Hors agglomération,Hors intersection,Normale,Deux véhicules - frontale,3,2,2,0,2,3,1,0,1,80,2,2,1,0,1,0,62.0,48.0,voiture,voiture,1,1,1,1,1
202300051589,2023-08-26 11:23:00,2023,8,26,11,23,13,13212,A507 sens Aubagne- Marseille,43.2976,5.4255,Plein jour,Hors agglomération,Hors intersection,Normale,Deux véhicules - arrière,1,1,4,0,1,1,1,1,1,70,4,4,2,0,0,2,49.0,23.0,voiture,voiture,1,1,1,1,2
202300051590,2023-05-09 15:10:00,2023,5,9,15,10,94,94065,Avenue Charles Lindbergh / Rue Mondétour,48.75595,2.34619,Plein jour,En agglomération,Intersection en T,Pluie légère,Deux véhicules - côté,3,3,4,0,1,1,2,0,1,50,2,2,1,0,0,1,25.0,19.0,voiture,deux_roues,1,2,3,2,3
202300051590,2023-05-09 15:10:00,2023,5,9,15,10,94,94065,Avenue Charles Lindbergh / Rue Mondétour,48.75595,2.34619,Plein jour,En agglomération,Intersection en T,Pluie légère,Deux véhicules - côté,3,1,1,-1,1,1,2,0,2,-1,2,2,1,0,0,1,25.0,19.0,voiture,deux_roues,1,2,3,2,3
202300051591,2023-12-03 04:20:00,2023,12,3,4,20,44,44072,2 Kercouret,47.423776,-2.33924,Nuit sans éclairage public,Hors agglomération,Hors intersection,Pluie légère,Sans collision,3,2,2,0,1,1,2,0,3,80,1,4,3,0,1,0,16.0,,voiture,,3,1,1,2,7
202300051592,2023-06-09 23:25:00,2023,6,9,23,25,92,92063,SOLFERINO (BOULEVARD),48.87628389,2.18576744,Nuit avec éclairage allumé,En agglomération,Intersection en X,Normale,Deux véhicules - côté,3,2,2,0,1,1,1,0,1,50,2,2,1,0,0,1,23.0,41.0,deux_roues,voiture,5,2,2,1,3
202300051592,2023-06-09 23:25:00,2023,6,9,23,25,92,92063,SOLFERINO (BOULEVARD),48.87628389,2.18576744,Nuit avec éclairage allumé,En agglomération,Intersection en X,Normale,Deux véhicules - côté,3,2,2,0,1,1,1,0,1,50,2,2,1,0,0,1,23.0,41.0,deux_roues,voiture,5,2,2,1,3
202300051593,2023-05-09 12:05:00,2023,5,9,12,5,94,94028,Rue du Général Leclerc,48.78563,2.47009,Plein jour,En agglomération,Hors intersection,Pluie forte,Autre collision,3,3,2,0,1,1,2,0,1,50,1,2,1,0,0,1,22.0,,deux_roues,,1,2,1,3,6
202300051594,2023-10-28 11:05:00,2023,10,28,11,5,75,75101,VOIE GEORGES POMPIDOU,48.857379,2.345755,Plein jour,En agglomération,Hors intersection,Normale,Autre collision,4,2,0,3,1,1,1,0,6,30,1,2,1,0,0,1,,,deux_roues,,1,2,1,1,6
202300051595,2023-05-09 11:20:00,2023,5,9,11,20,94,94028,D86,48.77492,2.43979,Plein jour,En agglomération,Autre intersection,Pluie forte,Autre collision,3,1,2,0,1,1,2,0,1,30,1,2,1,0,0,1,63.0,,voiture,,1,2,9,3,6
202300051596,2023-12-02 15:00:00,2023,12,2,15,0,44,44175,600 Bréca,47.360604,-2.313566,Plein jour,En agglomération,Hors intersection,Normale,Autre collision,4,2,2,0,1,3,1,0,4,50,1,1,0,0,1,0,33.0,,voiture,,1,2,1,1,6
202300051597,2023-06-12 20:30:00,2023,6,12,20,30,92,92051,BOURDON (BOULEVARD),48.89547788,2.27138579,Plein jour,Hors agglomération,Hors intersection,Normale,Deux véhicules - côté,3,1,4,0,1,1,1,9,1,50,2,2,1,0,0,1,25.0,53.0,deux_roues,deux_roues,1,1,1,1,3
202300051598,2023-04-01 12:30:00,2023,4,1,12,30,68,68146,,48.120518,7.366644,Plein jour,Hors agglomération,Hors intersection,Pluie forte,Deux véhicules - arrière,1,3,2,0,1,2,2,0,2,110,2,2,1,1,0,0,59.0,45.0,utilitaire_camion,utilitaire_camion,1,1,1,3,2
202300051599,2023-08-26 15:00:00,2023,8,26,15,0,83,83137,A57,43.13063928,5.97933198,Plein jour,Hors agglomération,Hors intersection,Normale,Deux véhicules - côté,1,3,4,0,1,1,1,0,1,70,2,2,1,0,0,1,74.0,32.0,utilitaire_camion,deux_roues,1,1,1,1,3
202300051600,2023-12-02 03:54:00,2023,12,2,3,54,44,44090,,47.004212,-1.722128,Nuit sans éclairage public,Hors agglomération,Hors intersection,Normale,Deux véhicules - frontale,3,3,2,0,2,1,1,0,1,110,2,2,0,0,2,0,18.0,55.0,voiture,voiture,3,1,1,1,1
202300051601,2023-11-27 12:01:00,2023,11,27,12,1,31,31390,7 Avenue de Saint-gaudens,43.08611244,0.5736541,Plein jour,En agglomération,Hors intersection,Pluie légère,Autre collision,6,-1, -1,0,1,1,2,0,8,-1,1,2,1,0,0,1,69.0,,voiture,,1,2,1,2,6
202300051602,2023-06-12 17:45:00,2023,6,12,17,45,92,92051,"VICTOR HUGO (BOULEVARD, N° 9 A 49 ET 16",48.88555966,2.28018343,Plein jour,En agglomération,Intersection en X,Normale,Deux véhicules - côté,4,1, -1,-1,1,1,1,5,1,-1,2,3,2,0,0,1,35.0,41.0,voiture,voiture,1,2,2,1,3
202300051602,2023-06-12 17:45:00,2023,6,12,17,45,92,92051,"VICTOR HUGO (BOULEVARD, N° 9 A 49 ET 16",48.88555966,2.28018343,Plein jour,En agglomération,Intersection en X,Normale,Deux véhicules - côté,4,-1,0,0,1,1,1,0,1,23,2,3,2,0,0,1,35.0,41.0,voiture,voiture,1,2,2,1,3
202300051603,2023-08-25 17:10:00,2023,8,25,17,10,33,33075,ROCADE A 630,44.88773714,-0.57988286,Plein jour,Hors agglomération,Hors intersection,Normale,Trois véhicules et plus - collisions multiples,1,3,6,0,2,1,1,2,1,90,3,3,2,0,0,1,58.0,37.0,voiture,voiture,1,1,1,1,5
202300051604,2023-10-27 23:40:00,2023,10,27,23,40,75,75104,QUAI DE GESVRES,48.856083,2.350687,Nuit avec éclairage allumé,En agglomération,Intersection en X,Temps couvert,Deux véhicules - côté,4,1,3,3,1,1,1,0,1,30,2,3,2,0,0,1,29.0,29.0,voiture,deux_roues,5,2,2,8,3
202300051604,2023-10-27 23:40:00,2023,10,27,23,40,75,75104,QUAI DE GESVRES,48.856083,2.350687,Nuit avec éclairage allumé,En agglomération,Intersection en X,Temps couvert,Deux véhicules - côté,4,1,4,0,1,1,1,0,1,30,2,3,2,0,0,1,29.0,29.0,voiture,deux_roues,5,2,2,8,3
202300051605,2023-07-17 12:05:00,2023,7,17,12,5,38,38485,Avenue Hector Berlioz,45.169086,5.680347,Plein jour,En agglomération,Hors intersection,Normale,Autre collision,7,2,2,0,2,2,1,0,4,30,1,5,1,1,2,1,19.0,,voiture,,1,2,1,1,6
202300051606,2023-04-01 19:10:00,2023,4,1,19,10,10,10256,A26,48.44553409,4.15687197,Plein jour,Hors agglomération,Hors intersection,Neige / grêle,Sans collision,1,1,2,0,1,1,5,0,1,110,3,6,1,0,2,3,49.0,55.0,voiture,voiture,1,1,1,4,7
202300051607,2023-12-01 17:00:00,2023,12,1,17,0,38,38501,1787 Avenue du Gresivaudan,45.301462,5.951326,Nuit avec éclairage non allumé,En agglomération,Hors intersection,Pluie légère,Autre collision,3,2,2,0,1,1,2,0,1,50,1,2,1,0,1,0,79.0,,voiture,,4,2,1,2,6
202300051608,2023-05-09 16:50:00,2023,5,9,16,50,94,94077,Rue Henri Lusseau / Avenue de la République,48.73183699,2.41222253,Plein jour,En agglomération,Intersection en T,Pluie légère,Trois véhicules et plus - en chaîne,3,2,2,-1,1,1,2,0,1,-1,3,6,4,0,0,2,66.0,72.0,voiture,voiture,1,2,3,2,4
202300051608,2023-05-09 16:50:00,2023,5,9,16,50,94,94077,Rue Henri Lusseau / Avenue de la République,48.73183699,2.41222253,Plein jour,En agglomération,Intersection en T,Pluie légère,Trois véhicules et plus - en chaîne,3,1,1,0,1,1,2,5,8,30,3,6,4,0,0,2,66.0,72.0,voiture,voiture,1,2,3,2,4
202300051609,2023-10-28 20:30:00,2023,10,28,20,30,94,94074,Avenue Winston Churchill,48.7526,2.45494,Nuit sans éclairage public,En agglomération,Giratoire,Pluie légère,Deux véhicules - côté,3,1,2,0,1,2,2,9,1,50,2,2,1,0,0,1,28.0,26.0,deux_roues,voiture,3,2,6,2,3
202300051610,2023-04-01 01:20:00,2023,4,1,1,20,973,97307,RN 2,4.876153,-52.337236,Nuit avec éclairage allumé,En agglomération,Intersection en T,Normale,Deux véhicules - côté,2,2,2,0,1,1,1,0,1,50,2,3,2,0,1,0,34.0,38.0,voiture,deux_roues,5,2,3,1,3
202300051610,2023-04-01 01:20:00,2023,4,1,1,20,973,97307,RN 2,4.876153,-52.337236,Nuit avec éclairage allumé,En agglomération,Intersection en T,Normale,Deux véhicules - côté,2,2, -1,-1,1,1,1,0,1,-1,2,3,2,0,1,0,34.0,38.0,voiture,deux_roues,5,2,3,1,3
202300051611,2023-08-18 19:45:00,2023,8,18,19,45,33,33063,ROCADE A 630,44.88393131,-0.55744886,Plein jour,Hors agglomération,Hors intersection,Normale,Trois véhicules et plus - en chaîne,1,3,8,1,1,1,1,2,1,70,3,5,4,0,0,1,73.0,63.0,voiture,voiture,1,1,1,1,4
202300051612,2023-12-02 19:00:00,2023,12,2,19,0,02,02520,,49.30316,3.589396,Crépuscule ou aube,Hors agglomération,Hors intersection,Autre,Deux véhicules - frontale,3,2,2,0,1,2,1,0,1,80,2,2,1,0,1,0,23.0,46.0,voiture,voiture,2,1,1,9,1
202300051613,2023-05-09 16:45:00,2023,5,9,16,45,94,94054,Rue du Four,48.74283125,2.39830282,Plein jour,En agglomération,Place,Pluie légère,Autre collision,4,2,1,0,1,1,2,0,1,50,1,2,1,0,0,1,60.0,,voiture,,1,2,7,2,6
202300051614,2023-08-24 19:25:00,2023,8,24,19,25,59,59401,AUTOROUTE A25,50.74929,2.66804,Plein jour,Hors agglomération,Hors intersection,Pluie forte,Autre collision,1,-1,2,0,1,3,2,0,8,130,1,1,0,0,0,1,34.0,,voiture,,1,1,1,3,6
202300051615,2023-10-28 21:30:00,2023,10,28,21,30,94,94073,Avenue de Fontainebleau,48.75888,2.36864,Nuit sans éclairage public,Hors agglomération,Hors intersection,Pluie légère,Trois véhicules et plus - collisions multiples,3,1,1,0,1,1,2,9,1,70,3,3,2,0,0,1,31.0,46.0,voiture,voiture,3,1,1,2,5
202300051616,2023-07-17 01:25:00,2023,7,17,1,25,21,21054,"Autoroute A6, PK 305+700, sens Lyon/Paris",47.007971,4.863861,Nuit sans éclairage public,Hors agglomération,Hors intersection,Normale,Deux véhicules - arrière,1,3,5,0,1,1,1,0,1,130,2,5,0,1,0,4,20.0,24.0,voiture,voiture,3,1,1,1,2
202300051617,2023-06-12 16:20:00,2023,6,12,16,20,92,92051,"CHARLES DE GAULLE (AVENUE, N° 18 A 116)",48.88119,2.27135,Plein jour,En agglomération,Hors intersection,Normale,Trois véhicules et plus - en chaîne,2,1,0,0,1,1,1,0,1,50,5,5,3,0,0,2,57.0,54.0,voiture,deux_roues,1,2,1,1,4
202300051618,2023-05-09 12:45:00,2023,5,9,12,45,94,94017,Avenue Marx Dormoy,48.80636,2.52762,Plein jour,En agglomération,Hors intersection,Pluie légère,Autre collision,3,3,4,0,2,2,2,0,4,50,1,2,1,0,0,1,20.0,,voiture,,1,2,1,2,6
202300051619,2023-10-28 09:40:00,2023,10,28,9,40,94,94054,Rue du Docteur Calmette,48.747025,2.409761,Plein jour,En agglomération,Hors intersection,Pluie légère,Autre collision,4,-1,0,0,1,1,2,0,4,50,1,1,0,0,0,1,72.0,,voiture,,1,2,1,2,6
202300051620,2023-03-31 10:00:00,2023,3,31,10,0,44,44094,,47.323798,-1.40628,Plein jour,Hors agglomération,Hors intersection,Vent fort / tempête,Sans collision,1,3,4,0,2,1,2,0,8,130,1,1,0,0,1,0,45.0,,voiture,,1,1,1,6,7
202300051621,2023-08-26 12:15:00,2023,8,26,12,15,91,91037,AUTOROUTE A6,48.53193,2.50115,Plein jour,Hors agglomération,Hors intersection,Normale,Deux véhicules - côté,1,3,3,0,1,1,1,0,1,130,2,3,1,0,0,2,19.0,44.0,voiture,utilitaire_camion,1,1,1,1,3
202300051622,2023-07-17 20:10:00,2023,7,17,20,10,13,13114,D65,43.536383,5.277107,Plein jour,Hors agglomération,Hors intersection,Normale,Sans collision,3,2,2,0,1,2,1,0,3,80,1,1,0,0,1,0,37.0,,voiture,,1,1,1,1,7
202300051623,2023-05-09 17:56:00,2023,5,9,17,56,94,94071,Route de Bonneuil,48.77152465,2.50365785,Plein jour,En agglomération,Hors intersection,Temps couvert,Deux véhicules - côté,4,2,2,0,1,1,2,0,1,50,2,2,1,0,0,1,52.0,47.0,voiture,deux_roues,1,2,1,8,3
202300051624,2023-04-01 03:00:00,2023,4,1,3,0,987,98715,"aratia nelson mandela, Auae, en face de la station mobil direction Punaauia Papeete",-17.546734,-149.590305,Nuit avec éclairage allumé,En agglomération,Hors intersection,Normale,Sans collision,2,2,2,0,1,1,1,0,1,50,1,1,0,1,0,0,36.0,,deux_roues,,5,2,1,1,7
202300051625,2023-10-28 12:15:00,2023,10,28,12,15,94,94053,Rue du Général de Gaulle,48.77667,2.54111,Plein jour,En agglomération,Hors intersection,Pluie légère,Deux véhicules - frontale,4,2,2,0,2,4,2,0,1,30,2,2,1,0,0,1,21.0,58.0,voiture,voiture,1,2,1,2,1
202300051626,2023-08-25 07:05:00,2023,8,25,7,5,94,94076,A6B,48.79144268,2.34467388,Plein jour,Hors agglomération,Hors intersection,Temps couvert,Deux véhicules - côté,1,1,3,0,2,1,1,0,1,90,2,2,1,0,0,1,39.0,59.0,utilitaire_camion,voiture,1,1,1,8,3