accident_id,datetime,annee,mois,jour,heure,minute,departement,commune_insee,adresse,latitude,longitude,luminosite,agglomeration,intersection,meteo,collision,catr,circ,nbv,vosp,prof,plan,surf,infra,situ,vma,nb_vehicules,nb_usagers,nb_indemnes,nb_tues,nb_blesses_hosp,nb_blesses_legers,age_cond_1,age_cond_2,veh_type_cond_1,veh_type_cond_2,lum_code,agg_code,int_code,atm_code,col_code
202300051627,2023-06-12 22:50:00,2023,6,12,22,50,92,92050,PREMIER MAI RUE DU,48.90985168,2.21563697,Crépuscule ou aube,En agglomération,Intersection en X,Normale,Deux véhicules - côté,3,2,1,0,1,1,1,2,1,50,2,3,0,0,0,3,34.0,21.0,voiture,deux_roues,2,2,2,1,3
202300051627,2023-06-12 22:50:00,2023,6,12,22,50,92,92050,PREMIER MAI RUE DU,48.90985168,2.21563697,Crépuscule ou aube,En agglomération,Intersection en X,Normale,Deux véhicules - côté,3,1,0,0,1,1,1,0,8,50,2,3,0,0,0,3,34.0,21.0,voiture,deux_roues,2,2,2,1,3
202300051628,2023-12-02 17:40:00,2023,12,2,17,40,01,01258,Route de Châtillon,46.09629,4.822309,Nuit sans éclairage public,Hors agglomération,Intersection en Y,Autre,Deux véhicules - arrière,3,2,2,0,1,1,2,0,1,80,2,3,1,0,1,1,26.0,26.0,voiture,voiture,3,1,4,9,2
202300051628,2023-12-02 17:40:00,2023,12,2,17,40,01,01258,Route de Châtillon,46.09629,4.822309,Nuit sans éclairage public,Hors agglomération,Intersection en Y,Autre,Deux véhicules - arrière,3,2,2,0,2,2,2,0,1,80,2,3,1,0,1,1,26.0,26.0,voiture,voiture,3,1,4,9,2
202300051629,2023-07-15 10:15:00,2023,7,15,10,15,11,11145,,43.23306458,3.13271769,Plein jour,Hors agglomération,Hors intersection,Normale,Sans collision,1,-1,3,0,1,1,1,0,1,130,1,1,0,0,1,0,56.0,,deux_roues,,1,1,1,1,7
202300051630,2023-08-25 01:45:00,2023,8,25,1,45,91,91377,AUTOROUTE A10,48.725665,2.300835,Nuit sans éclairage public,Hors agglomération,Hors intersection,Normale,Autre collision,1,1,2,0,2,3,1,0,2,90,1,2,0,0,0,2,23.0,,voiture,,3,1,1,1,6
202300051631,2023-03-31 17:15:00,2023,3,31,17,15,06,06149,A500 PK 000+500,43.744999,7.371955,Plein jour,Hors agglomération,Autre intersection,Normale,Autre collision,1,3,0,0,2,2,1,7,1,50,3,3,2,0,0,1,29.0,56.0,deux_roues,voiture,1,1,9,1,6
202300051632,2023-05-09 18:00:00,2023,5,9,18,0,93,93073,Rue d'Alsace / Avenue Roger Salengro,48.94292,2.57694,Plein jour,En agglomération,Intersection en X,Normale,Deux véhicules - côté,4,2,2,0,1,1,1,0,1,50,2,2,1,0,0,1,15.0,41.0,deux_roues,voiture,1,2,2,1,3
202300051632,2023-05-09 18:00:00,2023,5,9,18,0,93,93073,Rue d'Alsace / Avenue Roger Salengro,48.94292,2.57694,Plein jour,En agglomération,Intersection en X,Normale,Deux véhicules - côté,4,2,2,0,1,1,1,0,1,50,2,2,1,0,0,1,15.0,41.0,deux_roues,voiture,1,2,2,1,3
202300051633,2023-12-02 18:40:00,2023,12,2,18,40,26,26213,D139,45.297317,4.994885,Nuit sans éclairage public,Hors agglomération,Hors intersection,Normale,Deux véhicules - frontale,3,2,2,0,1,3,1,0,1,80,2,2,0,0,2,0,63.0,33.0,voiture,utilitaire_camion,3,1,1,1,1
202300051634,2023-10-28 11:10:00,2023,10,28,11,10,93,93071,Boulevard Westinghouse / Allee Henri IV,48.92769,2.51933,Plein jour,En agglomération,Intersection en X,Normale,Deux véhicules - frontale,3,2,2,-1,1,1,2,0,1,-1,2,4,3,0,0,1,28.0,18.0,voiture,voiture,1,2,2,1,1
202300051634,2023-10-28 11:10:00,2023,10,28,11,10,93,93071,Boulevard Westinghouse / Allee Henri IV,48.92769,2.51933,Plein jour,En agglomération,Intersection en X,Normale,Deux véhicules - frontale,3,3,4,0,1,1,2,0,1,50,2,4,3,0,0,1,28.0,18.0,voiture,voiture,1,2,2,1,1
202300051635,2023-06-09 22:45:00,2023,6,9,22,45,92,92040,GALLIENI (BOULEVARD),48.82630416,2.26768792,Nuit avec éclairage allumé,En agglomération,Hors intersection,Normale,Deux véhicules - côté,3,2,2,0,1,1,1,0,1,30,2,3,1,0,0,2,21.0,28.0,deux_roues,voiture,5,2,1,1,3
202300051636,2023-07-15 07:50:00,2023,7,15,7,50,987,98712,PK 4.2,-17.279,-149.542,Plein jour,En agglomération,Hors intersection,Normale,Deux véhicules - arrière,2,3,4,3,1,1,1,0,1,60,2,2,1,0,1,0,58.0,59.0,utilitaire_camion,deux_roues,1,2,1,1,2
202300051637,2023-09-29 05:20:00,2023,9,29,5,20,987,98734,Pk 39,-17.75915,-149.482813,Crépuscule ou aube,En agglomération,Hors intersection,Normale,Deux véhicules - arrière,2,2,2,0,1,3,1,0,1,40,1,2,1,0,1,0,23.0,,utilitaire_camion,,2,2,1,1,2
202300051638,2023-08-26 16:30:00,2023,8,26,16,30,92,92072,N118,48.82786747,2.22509801,Plein jour,Hors agglomération,Hors intersection,Normale,Deux véhicules - arrière,2,1,1,0,2,3,1,3,1,50,2,3,2,0,0,1,55.0,66.0,utilitaire_camion,voiture,1,1,1,1,2
202300051639,2023-03-28 16:45:00,2023,3,28,16,45,987,98722,RT2 PK 23.900 à TIAREI,-17.592,-149.391,Plein jour,Hors agglomération,Hors intersection,Normale,Trois véhicules et plus - collisions multiples,2,2,2,0,1,3,1,0,1,40,3,3,2,0,1,0,62.0,43.0,deux_roues,utilitaire_camion,1,1,1,1,5
202300051640,2023-06-12 17:50:00,2023,6,12,17,50,92,92036,MARCEL PAUL (AVENUE) (1/103),48.940846,2.303571,Plein jour,En agglomération,Hors intersection,Normale,Autre collision,3,2,4,0,1,1,1,0,1,50,1,1,0,0,0,1,63.0,,deux_roues,,1,2,1,1,6
202300051641,2023-07-16 02:30:00,2023,7,16,2,30,988,98815,Taweinedr (Tribu),-21.4845,168.09567,Nuit sans éclairage public,Hors agglomération,Hors intersection,Normale,Autre collision,4,2,2,0,1,1,1,0,1,90,1,2,1,1,0,0,47.0,,utilitaire_camion,,3,1,1,1,6
202300051642,2023-10-28 07:00:00,2023,10,28,7,0,93,93050,Rue Paul et Camille Thomoux,48.87259,2.52963,Nuit avec éclairage allumé,En agglomération,Hors intersection,Temps couvert,Deux véhicules - côté,3,2,2,0,1,1,2,0,1,50,2,2,1,0,0,1,,25.0,voiture,deux_roues,5,2,1,8,3
202300051643,2023-09-28 17:15:00,2023,9,28,17,15,68,68375,Rue du Château d'Eau,47.79628,7.234561,Plein jour,En agglomération,Intersection à plus de 4 branches,Normale,Deux véhicules - côté,4,2,2,0,1,1,1,0,1,50,2,2,1,0,0,1,48.0,15.0,voiture,deux_roues,1,2,5,1,3
202300051643,2023-09-28 17:15:00,2023,9,28,17,15,68,68375,Rue du Château d'Eau,47.79628,7.234561,Plein jour,En agglomération,Intersection à plus de 4 branches,Normale,Deux véhicules - côté,4,1,1,1,1,1,1,0,1,30,2,2,1,0,0,1,48.0,15.0,voiture,deux_roues,1,2,5,1,3
202300051644,2023-05-09 16:45:00,2023,5,9,16,45,93,93073,Avenue du General Pouderoux / Rue Henri Farman,48.9669,2.568,Plein jour,En agglomération,Intersection en X,Temps couvert,Trois véhicules et plus - en chaîne,3,2,3,0,1,1,2,0,1,50,3,7,3,0,0,4,21.0,31.0,voiture,voiture,1,2,2,8,4
202300051644,2023-05-09 16:45:00,2023,5,9,16,45,93,93073,Avenue du General Pouderoux / Rue Henri Farman,48.9669,2.568,Plein jour,En agglomération,Intersection en X,Temps couvert,Trois véhicules et plus - en chaîne,3,2,2,-1,1,1,2,0,1,-1,3,7,3,0,0,4,21.0,31.0,voiture,voiture,1,2,2,8,4
202300051645,2023-12-02 19:00:00,2023,12,2,19,0,64,64463,Route de Laruns,43.1387088,-0.39968161,Nuit sans éclairage public,Hors agglomération,Hors intersection,Normale,Trois véhicules et plus - collisions multiples,3,2,2,0,1,3,1,0,1,80,3,4,1,0,3,0,34.0,58.0,voiture,voiture,3,1,1,1,5
202300051646,2023-06-12 12:35:00,2023,6,12,12,35,92,92012,GENERAL LECLERC (AVENUE DU) 1/33 - 2/58,48.831517,2.236498,Plein jour,En agglomération,Hors intersection,Normale,Deux véhicules - arrière,3,1,4,1,1,1,1,0,1,50,2,2,1,0,0,1,46.0,22.0,deux_roues,utilitaire_camion,1,2,1,1,2
202300051647,2023-10-28 16:17:00,2023,10,28,16,17,93,93031,Avenue Galliéni,48.965057,2.299648,Plein jour,En agglomération,Hors intersection,Pluie légère,Deux véhicules - côté,4,2,2,0,1,1,2,0,1,50,2,2,1,0,0,1,47.0,34.0,transport_commun,voiture,1,2,1,2,3
202300051648,2023-07-17 13:30:00,2023,7,17,13,30,988,98803,RT1,-21.58513,165.51843,Plein jour,Hors agglomération,Hors intersection,Normale,Autre collision,2,2,2,0,2,2,1,0,3,110,1,3,2,1,0,0,22.0,,utilitaire_camion,,1,1,1,1,6
202300051649,2023-08-25 15:10:00,2023,8,25,15,10,78,78133,A13,48.892191,2.008853,Plein jour,Hors agglomération,Hors intersection,Normale,Trois véhicules et plus - en chaîne,1,-1,2,0,1,1,1,0,1,110,3,4,3,0,0,1,56.0,42.0,voiture,voiture,1,1,1,1,4
202300051650,2023-09-28 21:42:00,2023,9,28,21,42,95,95256,N184,49.056088,2.203907,Nuit avec éclairage non allumé,Hors agglomération,Hors intersection,Normale,Deux véhicules - arrière,2,3,3,0,1,1,1,0,2,90,2,4,3,0,0,1,45.0,33.0,voiture,voiture,4,1,1,1,2
202300051651,2023-07-16 15:51:00,2023,7,16,15,51,974,97408,Chemin Departemental 41,-20.930488,55.358562,Plein jour,Hors agglomération,Hors intersection,Pluie forte,Sans collision,3,2,2,0,2,1,2,0,1,80,1,1,0,0,1,0,53.0,,deux_roues,,1,1,1,3,7
202300051652,2023-03-31 19:15:00,2023,3,31,19,15,971,97119,Gaschet,16.398947,-61.500119,Nuit sans éclairage public,Hors agglomération,Hors intersection,Normale,Deux véhicules - arrière,2,2,2,0,1,1,1,0,1,70,2,2,1,1,0,0,62.0,41.0,deux_roues,utilitaire_camion,3,1,1,1,2
202300051653,2023-05-09 10:40:00,2023,5,9,10,40,95,95527,A1,48.99716076,2.51646459,Plein jour,Hors agglomération,Autre intersection,Pluie forte,Deux véhicules - côté,1,1,3,0,1,1,2,3,1,90,2,3,1,0,0,2,26.0,58.0,voiture,voiture,1,1,9,3,3
202300051654,2023-12-03 09:40:00,2023,12,3,9,40,43,43190,D15,45.017608,3.999624,Plein jour,Hors agglomération,Hors intersection,Normale,Trois véhicules et plus - collisions multiples,3,2,2,0,1,3,7,0,1,90,3,3,0,0,1,2,53.0,49.0,voiture,voiture,1,1,1,1,5
202300051655,2023-06-12 17:20:00,2023,6,12,17,20,92,92002,GENERAL DE GAULLE (PLACE DU),48.76378138,2.30928808,Plein jour,En agglomération,Giratoire,Normale,Deux véhicules - frontale,3,2,4,1,1,1,1,0,1,50,2,2,1,0,0,1,29.0,46.0,voiture,deux_roues,1,2,6,1,1
202300051655,2023-06-12 17:20:00,2023,6,12,17,20,92,92002,GENERAL DE GAULLE (PLACE DU),48.76378138,2.30928808,Plein jour,En agglomération,Giratoire,Normale,Deux véhicules - frontale,3,4,4,1,1,1,1,0,1,50,2,2,1,0,0,1,29.0,46.0,voiture,deux_roues,1,2,6,1,1
202300051656,2023-08-24 11:56:00,2023,8,24,11,56,92,92047,A13,48.83243229,2.15433619,Plein jour,Hors agglomération,Hors intersection,Normale,Sans collision,1,3,6,0,1,1,1,0,2,110,1,2,0,1,0,1,68.0,,voiture,,1,1,1,1,7
202300051657,2023-10-28 09:00:00,2023,10,28,9,0,93,93010,Avenue du 14 Juillet / Allée de Bougainville,48.915855,2.49204283,Crépuscule ou aube,En agglomération,Intersection en X,Normale,Deux véhicules - frontale,3,2,2,0,1,1,1,0,1,50,2,3,1,0,0,2,36.0,26.0,voiture,voiture,2,2,2,1,1
202300051657,2023-10-28 09:00:00,2023,10,28,9,0,93,93010,Avenue du 14 Juillet / Allée de Bougainville,48.915855,2.49204283,Crépuscule ou aube,En agglomération,Intersection en X,Normale,Deux véhicules - frontale,3,2,2,2,1,1,1,0,1,50,2,3,1,0,0,2,36.0,26.0,voiture,voiture,2,2,2,1,1
202300051658,2023-09-29 14:25:00,2023,9,29,14,25,973,97309,1741 Route de Montjoly,4.92361685,-52.28338972,Plein jour,En agglomération,Hors intersection,Normale,Trois véhicules et plus - collisions multiples,3,2,2,0,1,1,1,0,1,70,3,3,1,0,1,1,29.0,34.0,voiture,voiture,1,2,1,1,5
202300051659,2023-05-09 17:45:00,2023,5,9,17,45,93,93066,Rue Francis de Pressensé / Avenue du Stade de France,48.91962,2.36151,Plein jour,En agglomération,Intersection en X,Temps couvert,Autre collision,3,2,4,1,1,1,1,5,1,50,1,2,1,0,0,1,34.0,,voiture,,1,2,2,8,6
202300051659,2023-05-09 17:45:00,2023,5,9,17,45,93,93066,Rue Francis de Pressensé / Avenue du Stade de France,48.91962,2.36151,Plein jour,En agglomération,Intersection en X,Temps couvert,Autre collision,3,2,4,0,1,1,1,5,1,50,1,2,1,0,0,1,34.0,,voiture,,1,2,2,8,6
202300051660,2023-06-13 00:15:00,2023,6,13,0,15,95,95436,D922,49.129137,2.258103,Nuit sans éclairage public,Hors agglomération,Hors intersection,Normale,Deux véhicules - frontale,3,2,2,0,3,3,1,2,1,70,2,3,0,0,3,0,20.0,22.0,voiture,utilitaire_camion,3,1,1,1,1
202300051661,2023-04-01 11:02:00,2023,4,1,11,2,971,97112,D203,15.880214,-61.310363,Plein jour,En agglomération,Intersection en X,Normale,Trois véhicules et plus - collisions multiples,2,2,2,0,1,1,1,0,1,50,3,3,2,0,1,0,65.0,67.0,voiture,voiture,1,2,2,1,5
202300051661,2023-04-01 11:02:00,2023,4,1,11,2,971,97112,D203,15.880214,-61.310363,Plein jour,En agglomération,Intersection en X,Normale,Trois véhicules et plus - collisions multiples,2,2,2,0,1,1,1,0,1,50,3,3,2,0,1,0,65.0,67.0,voiture,voiture,1,2,2,1,5
202300051662,2023-07-17 01:00:00,2023,7,17,1,0,973,97312,PK 84,5.328824,-52.914448,Nuit sans éclairage public,Hors agglomération,Hors intersection,Normale,Trois véhicules et plus - collisions multiples,2,2,2,0,1,1,1,0,1,80,4,5,3,1,0,1,22.0,39.0,voiture,voiture,3,1,1,1,5
202300051663,2023-10-28 19:00:00,2023,10,28,19,0,92,92036,VIEUX CHEMIN DE ST DENIS (AVENUE),48.93138761,2.32044151,Nuit avec éclairage non allumé,En agglomération,Intersection en Y,Pluie forte,Deux véhicules - côté,4,1,1,-1,1,2,3,0,1,-1,2,2,1,0,0,1,20.0,36.0,voiture,voiture,4,2,4,3,3
202300051663,2023-10-28 19:00:00,2023,10,28,19,0,92,92036,VIEUX CHEMIN DE ST DENIS (AVENUE),48.93138761,2.32044151,Nuit avec éclairage non allumé,En agglomération,Intersection en Y,Pluie forte,Deux véhicules - côté,4,-1,0,0,1,4,3,0,1,50,2,2,1,0,0,1,20.0,36.0,voiture,voiture,4,2,4,3,3
202300051664,2023-12-01 17:30:00,2023,12,1,17,30,04,04049,Avenue du General de Gaulle,44.093917,6.009792,Nuit avec éclairage allumé,En agglomération,Hors intersection,Pluie forte,Autre collision,2,2,2,0,1,1,2,0,1,50,1,2,1,0,1,0,,,voiture,,5,2,1,3,6
202300051665,2023-09-28 16:20:00,2023,9,28,16,20,69,69244,28 Chemin Finat Duclos,45.758444,4.754881,Plein jour,En agglomération,Hors intersection,Normale,Deux véhicules - frontale,4,2,2,0,2,1,1,2,1,50,2,2,1,0,0,1,49.0,70.0,deux_roues,voiture,1,2,1,1,1
202300051666,2023-05-09 10:10:00,2023,5,9,10,10,93,93039,Quai de Seine,48.93257006,2.34049195,Plein jour,En agglomération,Hors intersection,Pluie légère,Autre collision,3,2,2,0,1,1,2,0,1,50,1,1,0,0,0,1,25.0,,utilitaire_camion,,1,2,1,2,6
202300051667,2023-08-18 08:10:00,2023,8,18,8,10,78,78206,A13,48.94747,1.9471,Plein jour,Hors agglomération,Hors intersection,Normale,Trois véhicules et plus - collisions multiples,1,3,6,0,1,1,1,0,1,130,3,3,0,1,0,2,36.0,32.0,utilitaire_camion,voiture,1,1,1,1,5
202300051668,2023-06-12 23:05:00,2023,6,12,23,5,68,68175,D415 - PK 12+800,48.146256,7.185745,Nuit avec éclairage non allumé,Hors agglomération,Hors intersection,Normale,Sans collision,3,2,2,0,1,1,1,0,3,80,1,1,0,1,0,0,18.0,,deux_roues,,4,1,1,1,7
202300051669,2023-07-16 21:20:00,2023,7,16,21,20,971,97128,Maudette,16.225182,-61.403049,Nuit sans éclairage public,Hors agglomération,Hors intersection,Normale,Deux véhicules - frontale,4,2,1,0,1,2,2,0,1,70,2,2,1,0,1,0,24.0,18.0,voiture,deux_roues,3,1,1,1,1
202300051670,2023-03-31 21:00:00,2023,3,31,21,0,37,37011,Rue Marcel Vignaud,47.211435,0.172691,Nuit avec éclairage allumé,En agglomération,Giratoire,Vent fort / tempête,Deux véhicules - côté,3,2,2,0,1,2,2,5,1,50,2,2,1,0,0,1,23.0,39.0,voiture,deux_roues,5,2,6,6,3
202300051670,2023-03-31 21:00:00,2023,3,31,21,0,37,37011,Rue Marcel Vignaud,47.211435,0.172691,Nuit avec éclairage allumé,En agglomération,Giratoire,Vent fort / tempête,Deux véhicules - côté,3,2,2,0,1,3,2,0,1,50,2,2,1,0,0,1,23.0,39.0,voiture,deux_roues,5,2,6,6,3
202300051671,2023-09-28 17:35:00,2023,9,28,17,35,17,17175,,45.550812,-0.363579,Plein jour,Hors agglomération,Hors intersection,Normale,Deux véhicules - frontale,3,2,2,0,1,3,1,0,1,80,2,2,1,1,0,0,56.0,26.0,voiture,utilitaire_camion,1,1,1,1,1
202300051672,2023-05-09 06:30:00,2023,5,9,6,30,93,93066,Rue Proudhon,48.90650607,2.36193792,Crépuscule ou aube,En agglomération,Hors intersection,Pluie légère,Deux véhicules - côté,4,2,2,1,1,1,2,0,1,50,2,2,1,0,0,1,69.0,37.0,voiture,voiture,2,2,1,2,3
202300051673,2023-10-28 19:18:00,2023,10,28,19,18,92,92062,WALLACE (BD RICHARD) DU 2 AU 28 ET DU 1,48.87957594,2.24047579,Nuit avec éclairage allumé,En agglomération,Intersection en T,Normale,Deux véhicules - côté,4,1,1,0,1,1,1,0,1,50,2,2,1,0,0,1,40.0,36.0,voiture,deux_roues,5,2,3,1,3
202300051673,2023-10-28 19:18:00,2023,10,28,19,18,92,92062,WALLACE (BD RICHARD) DU 2 AU 28 ET DU 1,48.87957594,2.24047579,Nuit avec éclairage allumé,En agglomération,Intersection en T,Normale,Deux véhicules - côté,4,2,2,0,1,1,1,0,1,50,2,2,1,0,0,1,40.0,36.0,voiture,deux_roues,5,2,3,1,3
202300051674,2023-12-02 17:45:00,2023,12,2,17,45,85,85169,RD 2,46.80254791,-1.6003105,Nuit sans éclairage public,Hors agglomération,Hors intersection,Normale,Deux véhicules - frontale,3,2,2,0,1,1,1,0,1,80,2,4,0,1,0,3,68.0,25.0,voiture,voiture,3,1,1,1,1
202300051675,2023-08-26 13:00:00,2023,8,26,13,0,93,93066,AUTOROUTE A1,48.92761238,2.35729694,Plein jour,Hors agglomération,Hors intersection,Normale,Deux véhicules - arrière,1,3,6,0,1,3,1,0,1,90,2,2,1,0,0,1,28.0,30.0,voiture,voiture,1,1,1,1,2
202300051676,2023-06-12 10:55:00,2023,6,12,10,55,68,68331,8 Rue du Neuland,48.043655,7.409418,Plein jour,En agglomération,Intersection en X,Normale,Deux véhicules - côté,3,2,2,0,1,1,1,0,1,50,2,2,1,0,0,1,20.0,50.0,voiture,voiture,1,2,2,1,3
202300051676,2023-06-12 10:55:00,2023,6,12,10,55,68,68331,8 Rue du Neuland,48.043655,7.409418,Plein jour,En agglomération,Intersection en X,Normale,Deux véhicules - côté,3,2, -1,-1,1,1,1,0,1,-1,2,2,1,0,0,1,20.0,50.0,voiture,voiture,1,2,2,1,3
202300051677,2023-03-31 18:10:00,2023,3,31,18,10,91,91330,Rue de la Roche Qui Tourne,48.520492,2.256033,Plein jour,En agglomération,Hors intersection,Pluie légère,Autre collision,4,2,2,0,1,1,3,0,1,50,1,2,1,0,0,1,52.0,,voiture,,1,2,1,2,6
202300051678,2023-07-13 16:15:00,2023,7,13,16,15,971,97112,Lieu Dit la Treille,15.908121,-61.300203,Plein jour,Hors agglomération,Intersection en T,Normale,Deux véhicules - côté,3,2,2,0,3,2,1,0,1,80,2,2,1,0,1,0,46.0,65.0,voiture,deux_roues,1,1,3,1,3
202300051678,2023-07-13 16:15:00,2023,7,13,16,15,971,97112,Lieu Dit la Treille,15.908121,-61.300203,Plein jour,Hors agglomération,Intersection en T,Normale,Deux véhicules - côté,3,2,2,0,1,1,1,0,1,80,2,2,1,0,1,0,46.0,65.0,voiture,deux_roues,1,1,3,1,3
202300051679,2023-10-28 17:55:00,2023,10,28,17,55,92,92040,GENERAL LECLERC,48.82511869,2.27597885,Plein jour,En agglomération,Hors intersection,Pluie forte,Autre collision,3,1,2,0,1,2,2,0,8,30,1,2,1,0,0,1,50.0,,voiture,,1,2,1,3,6
202300051680,2023-09-29 03:35:00,2023,9,29,3,35,57,57155,A4,49.136814,6.411059,Nuit sans éclairage public,Hors agglomération,Hors intersection,Normale,Deux véhicules - arrière,1,3,2,0,1,2,1,0,2,130,2,3,1,1,0,1,49.0,55.0,utilitaire_camion,utilitaire_camion,3,1,1,1,2
202300051681,2023-12-03 11:20:00,2023,12,3,11,20,87,87192,48 Avenue Saint Eloi,45.75414,1.277896,Plein jour,En agglomération,Intersection en Y,Normale,Deux véhicules - frontale,3,2,1,0,2,3,1,0,1,30,2,2,1,0,0,1,28.0,55.0,voiture,voiture,1,2,4,1,1
202300051681,2023-12-03 11:20:00,2023,12,3,11,20,87,87192,48 Avenue Saint Eloi,45.75414,1.277896,Plein jour,En agglomération,Intersection en Y,Normale,Deux véhicules - frontale,3,-1, -1,-1,2,1,-1,0,1,-1,2,2,1,0,0,1,28.0,55.0,voiture,voiture,1,2,4,1,1
202300051682,2023-05-09 08:00:00,2023,5,9,8,0,93,93046,Avenue Aristide Briand / Avenue de Sully,48.9122,2.52149,Plein jour,En agglomération,Intersection en T,Pluie légère,Autre collision,3,3,4,0,1,1,2,0,1,50,1,2,1,0,0,1,53.0,,voiture,,1,2,3,2,6
202300051682,2023-05-09 08:00:00,2023,5,9,8,0,93,93046,Avenue Aristide Briand / Avenue de Sully,48.9122,2.52149,Plein jour,En agglomération,Intersection en T,Pluie légère,Autre collision,3,2,2,-1,1,1,2,0,1,-1,1,2,1,0,0,1,53.0,,voiture,,1,2,3,2,6
202300051683,2023-06-12 19:02:00,2023,6,12,19,2,28,28173,D32,48.461183,1.542927,Plein jour,Hors agglomération,Hors intersection,Normale,Sans collision,3,2,2,0,2,1,1,0,1,80,1,1,0,0,1,0,46.0,,deux_roues,,1,1,1,1,7
202300051684,2023-07-16 02:10:00,2023,7,16,2,10,41,41130,D110,47.765147,1.336963,Nuit sans éclairage public,Hors agglomération,Hors intersection,Normale,Autre collision,3,2,2,0,1,3,1,0,3,90,1,1,0,0,1,0,23.0,,voiture,,3,1,1,1,6
202300051685,2023-04-01 14:30:00,2023,4,1,14,30,2B,2B034,rt30,42.639866,9.003741,Plein jour,Hors agglomération,Hors intersection,Normale,Deux véhicules - frontale,2,2,2,0,2,3,1,0,1,80,2,2,0,0,1,1,53.0,41.0,utilitaire_camion,voiture,1,1,1,1,1
202300051686,2023-09-28 23:35:00,2023,9,28,23,35,31,31254,D916,43.536968,1.510985,Nuit avec éclairage allumé,Hors agglomération,Hors intersection,Normale,Autre collision,3,2,0,0,1,3,1,0,8,80,1,1,0,0,1,0,47.0,,deux_roues,,5,1,1,1,6
202300051687,2023-12-02 16:20:00,2023,12,2,16,20,30,30138,D40,43.810128,4.2454,Plein jour,Hors agglomération,Giratoire,Normale,Deux véhicules - côté,3,-1,1,0,1,2,1,0,1,80,2,2,1,0,1,0,60.0,70.0,voiture,deux_roues,1,1,6,1,3
202300051688,2023-05-09 13:30:00,2023,5,9,13,30,93,93046,Allée Auguste Geneviève,48.91519884,2.54086451,Plein jour,En agglomération,Hors intersection,Pluie légère,Deux véhicules - frontale,4,2,2,0,2,1,2,0,1,50,2,2,1,0,0,1,45.0,31.0,voiture,voiture,1,2,1,2,1
202300051689,2023-10-27 17:31:00,2023,10,27,17,31,92,92012,REINE (ROUTE DE LA) 82/FIN - 107TER/FIN,48.84043811,2.23162329,Crépuscule ou aube,En agglomération,Intersection en X,Pluie légère,Deux véhicules - frontale,3,2,3,1,1,1,2,0,1,50,2,2,1,0,0,1,42.0,32.0,voiture,deux_roues,2,2,2,2,1
202300051689,2023-10-27 17:31:00,2023,10,27,17,31,92,92012,REINE (ROUTE DE LA) 82/FIN - 107TER/FIN,48.84043811,2.23162329,Crépuscule ou aube,En agglomération,Intersection en X,Pluie légère,Deux véhicules - frontale,3,2,2,0,1,1,2,0,1,50,2,2,1,0,0,1,42.0,32.0,voiture,deux_roues,2,2,2,2,1
202300051690,2023-06-12 18:25:00,2023,6,12,18,25,67,67173,RD 31,48.634618,7.675644,Crépuscule ou aube,Hors agglomération,Intersection en T,Temps éblouissant,Deux véhicules - côté,3,2,2,0,2,1,1,0,1,80,2,2,1,0,1,0,32.0,58.0,deux_roues,utilitaire_camion,2,1,3,7,3
202300051690,2023-06-12 18:25:00,2023,6,12,18,25,67,67173,RD 31,48.634618,7.675644,Crépuscule ou aube,Hors agglomération,Intersection en T,Temps éblouissant,Deux véhicules - côté,3,2, -1,-1,2,1,1,0,1,-1,2,2,1,0,1,0,32.0,58.0,deux_roues,utilitaire_camion,2,1,3,7,3
202300051691,2023-08-26 12:00:00,2023,8,26,12,0,93,93007,AUTOROUTE A3,48.94310661,2.47773335,Plein jour,Hors agglomération,Hors intersection,Normale,Trois véhicules et plus - en chaîne,1,3,6,0,1,1,1,0,1,110,4,5,4,0,0,1,33.0,24.0,voiture,voiture,1,1,1,1,4
202300051692,2023-03-16 19:13:00,2023,3,16,19,13,13,13004,Route des Saintes Maries de la Mer,43.621755,4.50624,Nuit sans éclairage public,Hors agglomération,Hors intersection,Normale,Deux véhicules - côté,3,2,2,0,1,1,1,0,1,80,2,2,1,0,0,1,22.0,52.0,voiture,voiture,3,1,1,1,3
202300051693,2023-09-22 18:30:00,2023,9,22,18,30,69,69235,Route Départementale 386,45.52670501,4.86707686,Plein jour,En agglomération,Intersection en T,Pluie légère,Autre collision,3,2,2,0,1,3,2,0,1,30,1,2,1,0,1,0,45.0,,voiture,,1,2,3,2,6
202300051693,2023-09-22 18:30:00,2023,9,22,18,30,69,69235,Route Départementale 386,45.52670501,4.86707686,Plein jour,En agglomération,Intersection en T,Pluie légère,Autre collision,3,1,1,0,1,1,2,0,1,50,1,2,1,0,1,0,45.0,,voiture,,1,2,3,2,6
202300051694,2023-03-31 22:43:00,2023,3,31,22,43,51,51250,Place de l'Hotel de Ville,49.307448,3.679867,Nuit avec éclairage allumé,En agglomération,Hors intersection,Pluie légère,Autre collision,4,2,2,0,2,1,2,0,4,50,1,1,0,0,1,0,18.0,,deux_roues,,5,2,1,2,6