accident_id,datetime,annee,mois,jour,heure,minute,departement,commune_insee,adresse,latitude,longitude,luminosite,agglomeration,intersection,meteo,collision,catr,circ,nbv,vosp,prof,plan,surf,infra,situ,vma,nb_vehicules,nb_usagers,nb_indemnes,nb_tues,nb_blesses_hosp,nb_blesses_legers,age_cond_1,age_cond_2,veh_type_cond_1,veh_type_cond_2,lum_code,agg_code,int_code,atm_code,col_code
202300051771,2023-03-31 15:40:00,2023,3,31,15,40,91,91161,AUTOROUTE A6,48.71276,2.30816,Plein jour,Hors agglomération,Hors intersection,Normale,Deux véhicules - côté,1,3,3,0,1,1,1,0,1,110,2,2,1,0,0,1,25.0,21.0,deux_roues,voiture,1,1,1,1,3
202300051772,2023-01-04 18:15:00,2023,1,4,18,15,33,33069,Route du Médoc,44.87422301,-0.61859787,Nuit avec éclairage allumé,En agglomération,Intersection en X,Normale,Deux véhicules - côté,4,2,2,0,1,1,1,5,1,30,2,3,1,0,0,2,80.0,22.0,voiture,voiture,5,2,2,1,3
202300051772,2023-01-04 18:15:00,2023,1,4,18,15,33,33069,Route du Médoc,44.87422301,-0.61859787,Nuit avec éclairage allumé,En agglomération,Intersection en X,Normale,Deux véhicules - côté,4,2,4,0,1,1,1,5,1,30,2,3,1,0,0,2,80.0,22.0,voiture,voiture,5,2,2,1,3
202300051773,2023-09-27 21:00:00,2023,9,27,21,0,09,09143,D8,42.78313,1.544636,Nuit sans éclairage public,Hors agglomération,Hors intersection,Normale,Sans collision,3,2,2,0,1,1,1,0,8,80,1,1,0,0,1,0,41.0,,voiture,,3,1,1,1,7
202300051774,2023-06-12 13:25:00,2023,6,12,13,25,34,34031,RD137,43.349087,3.429344,Plein jour,Hors agglomération,Hors intersection,Normale,Deux véhicules - côté,3,2,2,0,1,1,2,0,1,50,2,3,1,0,1,1,79.0,22.0,voiture,voiture,1,1,1,1,3
202300051775,2023-05-08 21:35:00,2023,5,8,21,35,92,92036,LAURENT CELY (AVENUE) (1/143),48.93159272,2.30183154,Nuit avec éclairage allumé,En agglomération,Intersection en T,Normale,Autre collision,3,3,4,0,1,1,1,0,1,50,2,2,1,0,0,1,21.0,20.0,voiture,voiture,5,2,3,1,6
202300051775,2023-05-08 21:35:00,2023,5,8,21,35,92,92036,LAURENT CELY (AVENUE) (1/143),48.93159272,2.30183154,Nuit avec éclairage allumé,En agglomération,Intersection en T,Normale,Autre collision,3,3,4,0,1,1,1,0,1,50,2,2,1,0,0,1,21.0,20.0,voiture,voiture,5,2,3,1,6
202300051776,2023-06-10 02:00:00,2023,6,10,2,0,93,93055,Avenue Jean Jaurès,48.91013,2.39938,Nuit avec éclairage allumé,En agglomération,Hors intersection,Normale,Deux véhicules - côté,3,3,4,1,1,1,1,0,8,50,2,2,1,0,1,0,36.0,,deux_roues,autre,5,2,1,1,3
202300051777,2023-10-29 08:35:00,2023,10,29,8,35,06,06161,446 Avenue de la Grange Rimade,43.663844,7.121262,Plein jour,En agglomération,Hors intersection,Pluie légère,Deux véhicules - frontale,3,2,2,0,2,1,2,0,1,50,2,2,1,0,1,0,31.0,42.0,deux_roues,voiture,1,2,1,2,1
202300051778,2023-06-29 11:00:00,2023,6,29,11,0,06,06014,D15,43.831447,7.29784,Plein jour,Hors agglomération,Hors intersection,Pluie légère,Deux véhicules - frontale,3,2,2,0,1,2,2,8,1,30,2,2,1,0,1,0,53.0,44.0,deux_roues,voiture,1,1,1,2,1
202300051779,2023-02-16 13:20:00,2023,2,16,13,20,47,47185,cd 102,44.46512,0.952291,Plein jour,Hors agglomération,Hors intersection,Normale,Deux véhicules - arrière,3,2,2,0,1,1,1,0,1,80,2,2,1,0,1,0,87.0,76.0,voiture,deux_roues,1,1,1,1,2
202300051780,2023-03-30 18:20:00,2023,3,30,18,20,78,78646,RN12,48.789169,2.130525,Plein jour,Hors agglomération,Hors intersection,Normale,Deux véhicules - arrière,2,1,3,0,1,1,1,0,1,110,2,2,1,0,0,1,42.0,32.0,voiture,deux_roues,1,1,1,1,2
202300051781,2023-01-04 19:45:00,2023,1,4,19,45,29,29254,Rue de Kerélisa,48.57205,-3.85408,Nuit sans éclairage public,Hors agglomération,Hors intersection,Pluie légère,Deux véhicules - arrière,2,3,4,0,1,1,2,0,1,110,2,2,1,0,0,1,25.0,47.0,voiture,voiture,3,1,1,2,2
202300051782,2023-09-29 07:40:00,2023,9,29,7,40,33,33238,Avenue de Cadaujac,44.73438,-0.579481,Crépuscule ou aube,Hors agglomération,Intersection en X,Normale,Deux véhicules - côté,3,2,2,0,1,2,1,0,1,80,2,2,1,0,0,1,14.0,31.0,deux_roues,voiture,2,1,2,1,3
202300051782,2023-09-29 07:40:00,2023,9,29,7,40,33,33238,Avenue de Cadaujac,44.73438,-0.579481,Crépuscule ou aube,Hors agglomération,Intersection en X,Normale,Deux véhicules - côté,3,2,2,0,1,2,1,0,1,80,2,2,1,0,0,1,14.0,31.0,deux_roues,voiture,2,1,2,1,3
202300051783,2023-06-12 14:00:00,2023,6,12,14,0,68,68374,D83,48.087882,7.314714,Plein jour,Hors agglomération,Intersection en X,Temps éblouissant,Deux véhicules - côté,3,2,2,0,2,1,1,0,1,-1,2,2,1,0,0,1,25.0,21.0,deux_roues,deux_roues,1,1,2,7,3
202300051783,2023-06-12 14:00:00,2023,6,12,14,0,68,68374,D83,48.087882,7.314714,Plein jour,Hors agglomération,Intersection en X,Temps éblouissant,Deux véhicules - côté,3,2, -1,-1,1,1,1,0,1,-1,2,2,1,0,0,1,25.0,21.0,deux_roues,deux_roues,1,1,2,7,3
202300051784,2023-10-29 06:09:00,2023,10,29,6,9,974,97404,166 Chemin Charbonnier,-21.255162,55.367536,Plein jour,En agglomération,Hors intersection,Normale,Autre collision,4,-1,2,0,2,2,1,0,4,50,1,2,0,1,1,0,26.0,,deux_roues,,1,2,1,1,6
202300051785,2023-12-02 14:35:00,2023,12,2,14,35,38,38348,Route de Chambéry,45.574395,5.336947,Plein jour,Hors agglomération,Hors intersection,Neige / grêle,Trois véhicules et plus - collisions multiples,3,2,2,0,1,1,2,0,1,90,4,7,4,0,1,2,38.0,76.0,voiture,voiture,1,1,1,4,5
202300051786,2023-02-11 14:45:00,2023,2,11,14,45,22,22030,Hent Crec'h Yar,48.701705,-3.371793,Plein jour,Hors agglomération,Hors intersection,Normale,Sans collision,4,2,2,0,1,1,1,0,1,80,1,1,0,0,1,0,19.0,,deux_roues,,1,1,1,1,7
202300051787,2023-07-16 16:50:00,2023,7,16,16,50,05,05077,Route départementale 205T - PK 3+200,44.708286,6.924348,Plein jour,Hors agglomération,Hors intersection,Normale,Deux véhicules - côté,3,2,2,0,2,1,1,0,1,50,2,3,2,0,1,0,61.0,63.0,voiture,deux_roues,1,1,1,1,3
202300051788,2023-06-15 16:00:00,2023,6,15,16,0,95,95277,A1,48.97482404,2.48930186,Plein jour,Hors agglomération,Hors intersection,Normale,Trois véhicules et plus - en chaîne,1,3,9,0,1,1,1,0,1,90,4,4,2,0,0,2,60.0,44.0,voiture,voiture,1,1,1,1,4
202300051789,2023-01-03 19:50:00,2023,1,3,19,50,29,29019,rue de Quimper,48.400978,-4.4506751,Nuit avec éclairage allumé,En agglomération,Intersection en T,Pluie légère,Deux véhicules - frontale,4,2, -1,-1,1,1,2,5,1,30,2,2,1,0,0,1,67.0,23.0,voiture,deux_roues,5,2,3,2,1
202300051789,2023-01-03 19:50:00,2023,1,3,19,50,29,29019,rue de Quimper,48.400978,-4.4506751,Nuit avec éclairage allumé,En agglomération,Intersection en T,Pluie légère,Deux véhicules - frontale,4,-1,2,0,2,1,2,0,1,50,2,2,1,0,0,1,67.0,23.0,voiture,deux_roues,5,2,3,2,1
202300051790,2023-05-09 19:35:00,2023,5,9,19,35,92,92026,VERDUN 1916 ( AVENUE DE ),48.90133,2.26003,Plein jour,En agglomération,Intersection en T,Pluie légère,Trois véhicules et plus - en chaîne,3,1,1,0,1,1,2,0,5,50,3,3,1,0,0,2,59.0,21.0,voiture,voiture,1,2,3,2,4
202300051790,2023-05-09 19:35:00,2023,5,9,19,35,92,92026,VERDUN 1916 ( AVENUE DE ),48.90133,2.26003,Plein jour,En agglomération,Intersection en T,Pluie légère,Trois véhicules et plus - en chaîne,3,1,2,1,1,1,2,0,5,50,3,3,1,0,0,2,59.0,21.0,voiture,voiture,1,2,3,2,4
202300051791,2023-09-28 13:55:00,2023,9,28,13,55,33,33312,Route de Pauillac (Pont),44.962946,-0.627143,Plein jour,Hors agglomération,Hors intersection,Normale,Deux véhicules - arrière,3,2,2,0,1,1,1,0,1,80,2,2,0,0,0,2,27.0,65.0,deux_roues,voiture,1,1,1,1,2
202300051792,2023-03-30 08:20:00,2023,3,30,8,20,78,78090,A13,48.97044,1.88853,Plein jour,Hors agglomération,Hors intersection,Normale,Trois véhicules et plus - collisions multiples,1,3,3,0,1,1,1,0,1,130,4,5,4,0,0,1,22.0,37.0,utilitaire_camion,voiture,1,1,1,1,5
202300051793,2023-06-12 18:30:00,2023,6,12,18,30,35,35162,D15,48.47168598,-1.16227895,Plein jour,Hors agglomération,Hors intersection,Normale,Deux véhicules - côté,3,2,2,0,1,1,1,0,1,80,2,2,1,0,1,0,82.0,53.0,voiture,deux_roues,1,1,1,1,3
202300051794,2023-12-02 15:45:00,2023,12,2,15,45,38,38152,Rd 1085 (Eclose),45.508798,5.303221,Plein jour,En agglomération,Hors intersection,Neige / grêle,Deux véhicules - frontale,3,2,2,0,3,2,7,9,1,50,2,2,1,0,0,1,59.0,19.0,voiture,voiture,1,2,1,4,1
202300051795,2023-02-07 06:00:00,2023,2,7,6,0,25,25321,12 Route des Brenets,47.061498,6.684709,Nuit sans éclairage public,Hors agglomération,Hors intersection,Normale,Deux véhicules - frontale,3,-1,2,0,1,2,1,0,1,70,2,2,0,0,1,1,22.0,25.0,voiture,voiture,3,1,1,1,1
202300051796,2023-07-17 09:00:00,2023,7,17,9,0,25,25298,RD 683 - PR 60+800,47.339281,6.299479,Plein jour,Hors agglomération,Hors intersection,Normale,Deux véhicules - frontale,3,2,3,0,2,1,1,0,1,80,2,3,0,1,1,1,39.0,66.0,voiture,voiture,1,1,1,1,1
202300051797,2023-06-14 17:20:00,2023,6,14,17,20,93,93048,AUTOROUTE A86,48.86655,2.48147,Plein jour,Hors agglomération,Hors intersection,Normale,Trois véhicules et plus - collisions multiples,1,3,3,0,1,1,1,1,1,90,3,3,2,0,0,1,46.0,23.0,voiture,deux_roues,1,1,1,1,5
202300051798,2023-09-27 09:15:00,2023,9,27,9,15,57,57245,70 Rue de la Forge,49.433887,6.278606,Plein jour,En agglomération,Hors intersection,Normale,Deux véhicules - côté,3,2,2,0,1,1,1,0,1,50,2,2,1,0,1,0,40.0,56.0,voiture,deux_roues,1,2,1,1,3
202300051799,2023-06-11 04:30:00,2023,6,11,4,30,29,29026,D88,48.21781,-4.050109,Nuit sans éclairage public,Hors agglomération,Hors intersection,Normale,Autre collision,3,2,2,0,1,3,1,0,1,80,1,1,0,0,1,0,20.0,,voiture,,3,1,1,1,6
202300051800,2023-12-02 17:20:00,2023,12,2,17,20,38,38152,Rd 1085 (Eclose),45.489532,5.295153,Nuit sans éclairage public,Hors agglomération,Hors intersection,Neige / grêle,Autre collision,3,2,2,0,3,1,7,0,8,80,1,1,0,0,1,0,58.0,,voiture,,3,1,1,4,6
202300051801,2023-05-09 20:10:00,2023,5,9,20,10,92,92026,HÔTEL DE VILLE (RUE),48.89394027,2.25652456,Plein jour,En agglomération,Intersection en T,Normale,Deux véhicules - côté,3,2,2,0,1,1,1,0,8,30,2,2,1,0,0,1,45.0,45.0,voiture,deux_roues,1,2,3,1,3
202300051801,2023-05-09 20:10:00,2023,5,9,20,10,92,92026,HÔTEL DE VILLE (RUE),48.89394027,2.25652456,Plein jour,En agglomération,Intersection en T,Normale,Deux véhicules - côté,3,1,3,2,2,1,1,0,5,30,2,2,1,0,0,1,45.0,45.0,voiture,deux_roues,1,2,3,1,3
202300051802,2023-01-02 18:08:00,2023,1,2,18,8,27,27681,GISORS (ROUTE DE),49.11629933,1.49533098,Nuit sans éclairage public,Hors agglomération,Hors intersection,Autre,Deux véhicules - arrière,3,2,2,0,2,1,1,0,1,80,2,4,2,0,0,2,33.0,45.0,voiture,voiture,3,1,1,9,2
202300051803,2023-03-31 09:00:00,2023,3,31,9,0,92,92036,AUTOROUTE A15,48.94355783,2.28738079,Plein jour,Hors agglomération,Hors intersection,Pluie légère,Deux véhicules - arrière,1,3,8,0,1,1,2,2,1,90,2,2,1,0,0,1,35.0,51.0,voiture,voiture,1,1,1,2,2
202300051804,2023-10-28 21:15:00,2023,10,28,21,15,14,14027,1 Route de Chantepie,48.96454,-0.667516,Nuit sans éclairage public,Hors agglomération,Intersection en X,Temps couvert,Deux véhicules - côté,3,2,2,0,1,1,2,0,1,80,2,6,5,0,1,0,19.0,32.0,voiture,voiture,3,1,2,8,3
202300051804,2023-10-28 21:15:00,2023,10,28,21,15,14,14027,1 Route de Chantepie,48.96454,-0.667516,Nuit sans éclairage public,Hors agglomération,Intersection en X,Temps couvert,Deux véhicules - côté,3,2,2,0,1,1,2,0,1,80,2,6,5,0,1,0,19.0,32.0,voiture,voiture,3,1,2,8,3
202300051805,2023-06-23 18:00:00,2023,6,23,18,0,67,67282,1 Rue Griesmatt,48.616817,7.503363,Plein jour,En agglomération,Hors intersection,Normale,Autre collision,6,-1, -1,0,1,1,1,0,8,20,1,2,1,0,1,0,35.0,,voiture,,1,2,1,1,6
202300051806,2023-06-10 01:40:00,2023,6,10,1,40,31,31341,D2,43.7198668,1.33060634,Nuit sans éclairage public,Hors agglomération,Giratoire,Normale,Sans collision,3,2,1,0,1,1,1,0,3,80,1,1,0,0,1,0,49.0,,utilitaire_camion,,3,1,6,1,7
202300051807,2023-05-10 15:29:00,2023,5,10,15,29,60,60643,D587,49.57084323,2.58010945,Plein jour,Hors agglomération,Hors intersection,Normale,Sans collision,3,2,2,0,4,1,1,0,8,80,1,1,0,0,1,0,31.0,,utilitaire_camion,,1,1,1,1,7
202300051808,2023-09-27 14:10:00,2023,9,27,14,10,13,13022,A50-Sens Aubagne vers Toulon,43.22547796,5.58264618,Plein jour,Hors agglomération,Hors intersection,Normale,Deux véhicules - frontale,1,1,1,0,2,3,1,7,1,50,1,3,0,0,1,2,49.0,,voiture,,1,1,1,1,1
202300051809,2023-02-16 16:55:00,2023,2,16,16,55,01,01263,Chemin des Mûriers,46.076889,4.766028,Plein jour,En agglomération,Intersection en T,Normale,Deux véhicules - côté,4,2,2,0,1,1,1,0,1,50,2,2,1,0,0,1,32.0,18.0,voiture,deux_roues,1,2,3,1,3
202300051810,2023-08-23 16:30:00,2023,8,23,16,30,974,97416,RN03,-21.2898,55.5143,Plein jour,Hors agglomération,Hors intersection,Pluie légère,Deux véhicules - arrière,2,2,2,0,2,1,2,0,1,110,2,3,2,0,0,1,46.0,22.0,autre,voiture,1,1,1,2,2
202300051811,2023-10-23 09:13:00,2023,10,23,9,13,58,58193,D241 - PK 1+500,47.537398,2.887022,Plein jour,Hors agglomération,Hors intersection,Pluie légère,Deux véhicules - côté,3,-1,2,0,1,1,2,0,1,90,2,2,1,0,0,1,15.0,42.0,deux_roues,utilitaire_camion,1,1,1,2,3
202300051812,2023-07-17 11:20:00,2023,7,17,11,20,73,73280,D926,45.226996,6.214228,Plein jour,Hors agglomération,Hors intersection,Normale,Autre collision,3,2,2,0,2,4,1,0,8,80,1,3,0,1,2,0,22.0,,voiture,,1,1,1,1,6
202300051813,2023-03-29 19:10:00,2023,3,29,19,10,95,95277,D170,48.97466324,2.4870193,Plein jour,Hors agglomération,Hors intersection,Normale,Deux véhicules - arrière,3,3,4,0,1,1,1,0,1,90,2,5,2,0,0,3,63.0,29.0,utilitaire_camion,voiture,1,1,1,1,2
202300051814,2023-12-02 06:45:00,2023,12,2,6,45,69,69009,Route de Lyon,45.937206,4.717764,Nuit avec éclairage allumé,En agglomération,Autre intersection,Normale,Deux véhicules - côté,3,2,2,0,1,1,1,9,1,50,2,4,1,0,0,3,20.0,60.0,voiture,voiture,5,2,9,1,3
202300051814,2023-12-02 06:45:00,2023,12,2,6,45,69,69009,Route de Lyon,45.937206,4.717764,Nuit avec éclairage allumé,En agglomération,Autre intersection,Normale,Deux véhicules - côté,3,2,2,0,1,1,1,0,1,50,2,4,1,0,0,3,20.0,60.0,voiture,voiture,5,2,9,1,3
202300051815,2023-06-13 15:58:00,2023,6,13,15,58,03,03284,D480,46.399278,3.597765,Plein jour,Hors agglomération,Intersection en T,Normale,Deux véhicules - côté,3,2,2,0,1,1,1,0,1,90,2,2,1,0,1,0,44.0,24.0,voiture,utilitaire_camion,1,1,3,1,3
202300051815,2023-06-13 15:58:00,2023,6,13,15,58,03,03284,D480,46.399278,3.597765,Plein jour,Hors agglomération,Intersection en T,Normale,Deux véhicules - côté,3,2,2,-1,1,1,1,0,1,-1,2,2,1,0,1,0,44.0,24.0,voiture,utilitaire_camion,1,1,3,1,3
202300051816,2023-05-10 08:45:00,2023,5,10,8,45,50,50027,D41,48.692979,-1.441258,Plein jour,Hors agglomération,Hors intersection,Pluie légère,Deux véhicules - côté,3,2,2,0,1,1,2,0,1,80,2,2,1,0,1,0,21.0,38.0,voiture,autre,1,1,1,2,3
202300051817,2023-09-28 16:10:00,2023,9,28,16,10,77,77251,AUTOROUTE A5A,48.6118015,2.57095121,Plein jour,Hors agglomération,Autre intersection,Normale,Deux véhicules - côté,1,-1,3,0,1,1,1,0,1,110,2,2,1,0,0,1,21.0,25.0,utilitaire_camion,voiture,1,1,9,1,3
202300051818,2023-02-17 08:10:00,2023,2,17,8,10,66,66106,,42.492581,2.802318,Plein jour,Hors agglomération,Hors intersection,Normale,Deux véhicules - côté,3,2,2,0,1,1,1,0,1,80,2,2,1,0,0,1,34.0,62.0,utilitaire_camion,voiture,1,1,1,1,3
202300051819,2023-06-11 13:45:00,2023,6,11,13,45,03,03208,44 Route du Donjon,46.421063,3.906493,Plein jour,Hors agglomération,Hors intersection,Normale,Autre collision,3,2,2,0,1,1,1,0,3,70,1,1,0,0,1,0,65.0,,voiture,,1,1,1,1,6
202300051820,2023-12-02 19:20:00,2023,12,2,19,20,40,40277,1095 Route de Peyrehorade,43.660665,-1.040754,Nuit sans éclairage public,Hors agglomération,Hors intersection,Pluie légère,Autre collision,3,2,2,0,3,1,2,0,3,70,1,1,0,1,0,0,28.0,,voiture,,3,1,1,2,6
202300051821,2023-10-29 16:40:00,2023,10,29,16,40,06,06064,345 Avenue de la Tourre,43.763669,7.198998,Plein jour,Hors agglomération,Hors intersection,Normale,Deux véhicules - frontale,4,2,0,1,1,1,1,0,5,-1,2,2,0,1,1,0,19.0,21.0,deux_roues,deux_roues,1,1,1,1,1
202300051822,2023-07-16 16:45:00,2023,7,16,16,45,73,73228,D1006,45.53295129,5.86389321,Plein jour,Hors agglomération,Hors intersection,Normale,Autre collision,3,2,2,0,1,3,1,0,3,50,1,2,0,0,0,2,71.0,,voiture,,1,1,1,1,6
202300051823,2023-08-24 09:00:00,2023,8,24,9,0,974,97411,CHAUDRON  (BLD 1 DU),-20.89665,55.4959,Plein jour,En agglomération,Hors intersection,Normale,Trois véhicules et plus - en chaîne,2,3,2,0,1,1,1,0,1,70,3,5,1,0,0,4,62.0,48.0,voiture,voiture,1,2,1,1,4
202300051824,2023-01-04 12:25:00,2023,1,4,12,25,25,25462,Rocade Georges Pompidou,46.89582,6.36211,Plein jour,En agglomération,Hors intersection,Normale,Deux véhicules - côté,2,2,2,1,1,1,1,0,1,50,2,3,1,0,0,2,28.0,21.0,voiture,utilitaire_camion,1,2,1,1,3
202300051825,2023-05-08 15:30:00,2023,5,8,15,30,33,33106,RD15,44.561988,-0.155514,Plein jour,En agglomération,Place,Normale,Sans collision,3,-1,2,0,1,1,1,0,1,50,1,1,0,0,1,0,60.0,,deux_roues,,1,2,7,1,7
202300051826,2023-03-29 18:45:00,2023,3,29,18,45,95,95572,RN 184,49.03385084,2.11134575,Plein jour,Hors agglomération,Hors intersection,Normale,Deux véhicules - arrière,2,3,6,0,1,1,1,0,1,90,2,3,1,0,0,2,36.0,30.0,voiture,voiture,1,1,1,1,2
202300051827,2023-01-29 22:15:00,2023,1,29,22,15,72,72359,41 Rue des Rosiers,48.1292,0.396587,Nuit avec éclairage allumé,En agglomération,Hors intersection,Normale,Autre collision,3,2,2,0,1,3,1,0,4,50,1,1,0,0,1,0,19.0,,voiture,,5,2,1,1,6
202300051828,2023-10-29 03:15:00,2023,10,29,3,15,42,42271,Route de la Terrasse,45.474525,4.58147,Nuit avec éclairage non allumé,Hors agglomération,Hors intersection,Normale,Autre collision,7,2,2,0,1,3,1,0,8,80,1,1,0,0,1,0,18.0,,voiture,,4,1,1,1,6
202300051829,2023-12-03 20:50:00,2023,12,3,20,50,29,29042,11 rue Alsace-Lorraine,48.246055,-4.489856,Nuit avec éclairage non allumé,En agglomération,Hors intersection,Pluie forte,Autre collision,4,2,2,0,2,1,2,0,1,30,1,2,1,0,0,1,24.0,,voiture,,4,2,1,3,6
202300051830,2023-09-28 09:20:00,2023,9,28,9,20,91,91661,AUTOROUTE A10,48.6959,2.23616,Plein jour,Hors agglomération,Hors intersection,Normale,Deux véhicules - côté,1,1,3,0,1,1,1,0,1,90,2,2,1,0,0,1,57.0,35.0,deux_roues,voiture,1,1,1,1,3
202300051831,2023-08-22 04:15:00,2023,8,22,4,15,974,97411,JAURES (BLD 2 JEAN),-20.90069,55.48717,Nuit sans éclairage public,En agglomération,Autre intersection,Autre,Autre collision,2,3,4,0,1,3,2,9,1,30,1,1,0,0,0,1,28.0,,deux_roues,,3,2,9,9,6
202300051832,2023-06-10 12:15:00,2023,6,10,12,15,01,01266,375 Rue des Luyers,46.332769,5.124006,Plein jour,En agglomération,Intersection en T,Normale,Deux véhicules - côté,3,2,2,0,1,1,1,0,1,30,2,2,1,0,0,1,16.0,21.0,deux_roues,utilitaire_camion,1,2,3,1,3
202300051832,2023-06-10 12:15:00,2023,6,10,12,15,01,01266,375 Rue des Luyers,46.332769,5.124006,Plein jour,En agglomération,Intersection en T,Normale,Deux véhicules - côté,3,-1,2,0,2,1,1,0,1,50,2,2,1,0,0,1,16.0,21.0,deux_roues,utilitaire_camion,1,2,3,1,3
202300051833,2023-07-17 08:45:00,2023,7,17,8,45,42,42304,Boulevard Jean Moulin,45.541987,4.184375,Plein jour,En agglomération,Hors intersection,Temps éblouissant,Autre collision,3,3,2,2,1,3,1,0,1,50,1,3,1,0,2,0,81.0,,voiture,,1,2,1,7,6
202300051834,2023-01-04 19:30:00,2023,1,4,19,30,22,22278,GOUEDIC (DE),48.508,-2.752,Nuit avec éclairage allumé,En agglomération,Hors intersection,Temps couvert,Deux véhicules - côté,4,2,3,0,1,1,2,0,1,30,2,2,1,0,1,0,22.0,30.0,utilitaire_camion,deux_roues,5,2,1,8,3
202300051835,2023-03-31 17:30:00,2023,3,31,17,30,94,94017,A4,48.82671118,2.52258828,Plein jour,Hors agglomération,Hors intersection,Pluie légère,Deux véhicules - arrière,1,1,4,0,1,3,2,0,1,90,2,3,2,0,0,1,25.0,45.0,transport_commun,voiture,1,1,1,2,2
202300051836,2023-09-28 05:50:00,2023,9,28,5,50,92,92002,AUTOROUTE A10,48.7328119,2.31162697,Nuit sans éclairage public,Hors agglomération,Hors intersection,Normale,Deux véhicules - côté,1,1,3,0,1,1,1,0,1,90,2,2,1,0,0,1,62.0,41.0,voiture,utilitaire_camion,3,1,1,1,3
202300051837,2023-06-13 12:45:00,2023,6,13,12,45,01,01319,Route de Chatillon,46.102507,4.950754,Plein jour,Hors agglomération,Hors intersection,Normale,Autre collision,3,2,2,0,2,2,1,0,3,80,1,1,0,0,1,0,46.0,,deux_roues,,1,1,1,1,6
202300051838,2023-02-05 11:45:00,2023,2,5,11,45,05,05017,intersection RN94/D11,44.563349,6.196917,Plein jour,Hors agglomération,Intersection en X,Normale,Deux véhicules - côté,2,2,2,0,1,1,1,5,1,30,2,4,3,0,0,1,22.0,28.0,voiture,voiture,1,1,2,1,3
202300051838,2023-02-05 11:45:00,2023,2,5,11,45,05,05017,intersection RN94/D11,44.563349,6.196917,Plein jour,Hors agglomération,Intersection en X,Normale,Deux véhicules - côté,2,2,2,0,1,1,1,0,1,80,2,4,3,0,0,1,22.0,28.0,voiture,voiture,1,1,2,1,3
202300051839,2023-07-16 20:00:00,2023,7,16,20,0,38,38532,D 65,45.65679,5.289928,Crépuscule ou aube,Hors agglomération,Hors intersection,Normale,Autre collision,3,2,2,0,1,2,1,0,3,80,1,1,0,0,1,0,36.0,,voiture,,2,1,1,1,6
202300051840,2023-05-10 15:10:00,2023,5,10,15,10,76,76055,A29,49.641286,0.732125,Plein jour,Hors agglomération,Hors intersection,Normale,Trois véhicules et plus - en chaîne,1,3,4,0,1,1,1,9,2,130,3,5,4,0,0,1,49.0,47.0,utilitaire_camion,utilitaire_camion,1,1,1,1,4
202300051841,2023-01-04 19:00:00,2023,1,4,19,0,17,17461,ANGLES (ROND POINT),45.644417,-1.052667,Nuit sans éclairage public,En agglomération,Giratoire,Pluie légère,Deux véhicules - côté,4,1,1,0,1,1,2,0,1,50,2,2,1,0,0,1,,21.0,voiture,deux_roues,3,2,6,2,3
202300051842,2023-08-20 12:15:00,2023,8,20,12,15,974,97411,JAURES (BOULEVARD JEAN),-20.9,55.48006,Plein jour,En agglomération,Giratoire,Normale,Deux véhicules - côté,2,3,4,0,1,3,1,0,1,50,2,2,1,0,0,1,48.0,36.0,deux_roues,voiture,1,2,6,1,3
202300051842,2023-08-20 12:15:00,2023,8,20,12,15,974,97411,JAURES (BOULEVARD JEAN),-20.9,55.48006,Plein jour,En agglomération,Giratoire,Normale,Deux véhicules - côté,2,-1,2,0,1,2,1,0,1,50,2,2,1,0,0,1,48.0,36.0,deux_roues,voiture,1,2,6,1,3
202300051843,2023-12-02 17:40:00,2023,12,2,17,40,76,76464,D491,49.398616,1.237121,Nuit sans éclairage public,Hors agglomération,Hors intersection,Normale,Autre collision,7,2,2,0,1,2,1,0,1,80,1,2,1,0,1,0,34.0,,voiture,,3,1,1,1,6
202300051844,2023-03-31 13:00:00,2023,3,31,13,0,94,94017,A4,48.82671118,2.52258828,Plein jour,Hors agglomération,Hors intersection,Normale,Autre collision,1,3,4,0,1,1,1,0,2,90,1,4,3,0,0,1,40.0,,voiture,,1,1,1,1,6
202300051845,2023-09-27 18:00:00,2023,9,27,18,0,93,93008,AUTOROUTE A86,48.91311024,2.4357596,Plein jour,Hors agglomération,Hors intersection,Normale,Deux véhicules - côté,1,3,3,0,1,1,1,1,1,90,2,2,1,0,0,1,70.0,56.0,utilitaire_camion,deux_roues,1,1,1,1,3
202300051846,2023-05-10 03:20:00,2023,5,10,3,20,71,71305,"Autoroute A6, PK 369+500, sens Paris/Lyon",46.465558,4.879434,Nuit sans éclairage public,Hors agglomération,Hors intersection,Normale,Autre collision,1,3,3,0,1,1,1,2,3,130,1,2,0,1,1,0,39.0,,utilitaire_camion,,3,1,1,1,6
202300051847,2023-07-17 16:20:00,2023,7,17,16,20,26,26074,D178,44.941003,5.390747,Plein jour,Hors agglomération,Hors intersection,Normale,Deux véhicules - frontale,3,2,2,0,2,4,1,0,3,80,2,2,0,0,1,1,21.0,37.0,voiture,deux_roues,1,1,1,1,1
202300051848,2023-08-24 10:00:00,2023,8,24,10,0,974,97407,14 JUILLET 1789(AVENUE DU),-20.93226,55.29447,Plein jour,En agglomération,Hors intersection,Normale,Autre collision,4,-1,2,0,1,1,1,6,1,50,1,2,1,0,0,1,32.0,,voiture,,1,2,1,1,6