accident_id,datetime,annee,mois,jour,heure,minute,departement,commune_insee,adresse,latitude,longitude,luminosite,agglomeration,intersection,meteo,collision,catr,circ,nbv,vosp,prof,plan,surf,infra,situ,vma,nb_vehicules,nb_usagers,nb_indemnes,nb_tues,nb_blesses_hosp,nb_blesses_legers,age_cond_1,age_cond_2,veh_type_cond_1,veh_type_cond_2,lum_code,agg_code,int_code,atm_code,col_code
202300051931,2023-01-21 01:46:00,2023,1,21,1,46,25,25462,MONTRIEUX,46.90106,6.3572,Nuit avec éclairage allumé,En agglomération,Autre intersection,Neige / grêle,Autre collision,4,1,1,0,1,1,5,0,1,50,1,2,1,0,1,0,,,voiture,,5,2,9,4,6
202300051932,2023-12-02 15:15:00,2023,12,2,15,15,93,93010,AUTOROUTE A3,48.9111,2.47575,Plein jour,Hors agglomération,Hors intersection,Normale,Autre collision,1,3,3,0,1,1,1,0,1,110,1,1,0,0,0,1,22.0,,voiture,,1,1,1,1,6
202300051933,2023-06-13 08:00:00,2023,6,13,8,0,27,27284,D15b,49.2495901,1.7887764,Plein jour,Hors agglomération,Intersection en Y,Normale,Sans collision,3,2,2,0,3,1,1,0,1,80,2,2,1,0,1,0,,28.0,voiture,deux_roues,1,1,4,1,7
202300051933,2023-06-13 08:00:00,2023,6,13,8,0,27,27284,D15b,49.2495901,1.7887764,Plein jour,Hors agglomération,Intersection en Y,Normale,Sans collision,3,2,2,0,3,1,1,0,1,-1,2,2,1,0,1,0,,28.0,voiture,deux_roues,1,1,4,1,7
202300051934,2023-08-19 17:20:00,2023,8,19,17,20,91,91691,CHARLE DE GAULLE(RUE),48.71607,2.49069,Plein jour,En agglomération,Intersection en T,Temps couvert,Deux véhicules - côté,3,2,2,0,1,1,1,0,1,50,2,2,1,0,0,1,26.0,51.0,deux_roues,voiture,1,2,3,8,3
202300051934,2023-08-19 17:20:00,2023,8,19,17,20,91,91691,CHARLE DE GAULLE(RUE),48.71607,2.49069,Plein jour,En agglomération,Intersection en T,Temps couvert,Deux véhicules - côté,3,2,2,0,1,1,1,0,1,50,2,2,1,0,0,1,26.0,51.0,deux_roues,voiture,1,2,3,8,3
202300051935,2023-01-04 08:45:00,2023,1,4,8,45,93,93070,Rue des Entrepôts,48.902744,2.346299,Plein jour,En agglomération,Hors intersection,Normale,Autre collision,4,1,1,0,1,1,1,0,1,50,1,2,1,0,0,1,47.0,,voiture,,1,2,1,1,6
202300051936,2023-09-27 05:50:00,2023,9,27,5,50,2B,2B033,11 - RT,42.6741,9.4439,Crépuscule ou aube,Hors agglomération,Autre intersection,Normale,Sans collision,4,3,2,0,1,1,1,0,1,70,2,3,1,0,0,2,21.0,,voiture,voiture,2,1,9,1,7
202300051937,2023-10-28 15:36:00,2023,10,28,15,36,39,39535,,46.874546,5.668076,Plein jour,Hors agglomération,Hors intersection,Normale,Autre collision,3,2,2,0,1,1,1,0,3,90,1,1,0,0,1,0,49.0,,voiture,,1,1,1,1,6
202300051938,2023-03-30 14:00:00,2023,3,30,14,0,976,97611,kaweni-Kaweni sud  (Z I),-12.77532,45.2283,Plein jour,Hors agglomération,Hors intersection,Normale,Deux véhicules - côté,2,2,2,0,1,1,1,0,1,50,2,3,2,0,1,0,27.0,46.0,deux_roues,utilitaire_camion,1,1,1,1,3
202300051939,2023-06-13 08:45:00,2023,6,13,8,45,17,17434,D114,46.086522,-0.753336,Plein jour,Hors agglomération,Hors intersection,Normale,Sans collision,3,2,2,0,1,4,1,0,1,80,1,1,0,0,1,0,47.0,,voiture,,1,1,1,1,7
202300051940,2023-05-10 17:15:00,2023,5,10,17,15,82,82190,D26,43.830208,1.242453,Plein jour,Hors agglomération,Hors intersection,Normale,Autre collision,3,2,2,0,1,1,1,0,3,80,1,5,0,0,1,4,19.0,,voiture,,1,1,1,1,6
202300051941,2023-12-01 20:30:00,2023,12,1,20,30,93,93053,AUTOROUTE A3,48.88781,2.4741,Nuit sans éclairage public,Hors agglomération,Hors intersection,Normale,Deux véhicules - côté,1,3,2,0,1,2,1,0,1,90,2,2,1,0,0,1,42.0,24.0,voiture,deux_roues,3,1,1,1,3
202300051942,2023-07-16 06:30:00,2023,7,16,6,30,13,13213,A507 sens Marseille - Aubagne,43.325,5.421,Plein jour,Hors agglomération,Hors intersection,Normale,Deux véhicules - côté,1,1,3,0,1,1,1,1,1,70,2,2,1,0,0,1,42.0,51.0,voiture,voiture,1,1,1,1,3
202300051943,2023-01-04 17:45:00,2023,1,4,17,45,75,75117,PORTE DE CLICHY,48.899104,2.317124,Nuit avec éclairage allumé,En agglomération,Hors intersection,Pluie légère,Deux véhicules - arrière,4,1,4,0,1,1,2,0,1,70,2,2,1,0,0,1,41.0,35.0,voiture,deux_roues,5,2,1,2,2
202300051944,2023-08-24 21:57:00,2023,8,24,21,57,91,91434,MONTLHERY (RUE DE),48.66098,2.344972,Nuit avec éclairage allumé,En agglomération,Intersection en X,Normale,Deux véhicules - côté,3,2,2,0,1,1,1,0,1,50,2,2,1,0,0,1,61.0,,voiture,autre,5,2,2,1,3
202300051944,2023-08-24 21:57:00,2023,8,24,21,57,91,91434,MONTLHERY (RUE DE),48.66098,2.344972,Nuit avec éclairage allumé,En agglomération,Intersection en X,Normale,Deux véhicules - côté,3,2,2,0,1,1,1,0,1,50,2,2,1,0,0,1,61.0,,voiture,autre,5,2,2,1,3
202300051945,2023-09-27 18:25:00,2023,9,27,18,25,971,97120,BLANCHARD,16.22275,-61.526,Nuit sans éclairage public,Hors agglomération,Giratoire,Normale,Autre collision,9,1,1,0,1,1,1,0,1,50,1,1,0,0,1,0,48.0,,deux_roues,,3,1,6,1,6
202300051946,2023-06-05 15:35:00,2023,6,5,15,35,37,37050,34 Rue des Pommiers,47.339549,0.709842,Plein jour,En agglomération,Hors intersection,Normale,Autre collision,4,2,2,0,1,1,1,6,1,30,1,2,1,0,0,1,70.0,,voiture,,1,2,1,1,6
202300051947,2023-03-30 17:18:00,2023,3,30,17,18,974,97416,LORION (RUE LUC),-21.341119,55.468975,Plein jour,En agglomération,Hors intersection,Normale,Deux véhicules - côté,4,2,2,0,1,1,1,0,1,50,2,2,1,0,0,1,38.0,39.0,deux_roues,voiture,1,2,1,1,3
202300051948,2023-10-29 07:56:00,2023,10,29,7,56,39,39404,,46.687975,5.592057,Crépuscule ou aube,Hors agglomération,Hors intersection,Temps couvert,Deux véhicules - frontale,3,2,3,0,2,3,2,0,1,90,2,3,0,0,3,0,21.0,32.0,voiture,voiture,2,1,1,8,1
202300051949,2023-02-17 13:30:00,2023,2,17,13,30,34,34157,25 Route de Villeveyrac,43.431353,3.603559,Plein jour,En agglomération,Giratoire,Temps éblouissant,Deux véhicules - côté,4,1,2,0,1,4,1,5,1,50,2,2,1,0,1,0,69.0,63.0,deux_roues,voiture,1,2,6,7,3
202300051950,2023-08-24 11:17:00,2023,8,24,11,17,87,87050,EGLISE (RUE DE L'),45.87504,1.23809,Plein jour,En agglomération,Hors intersection,Normale,Sans collision,4,2,2,0,1,1,1,0,1,50,1,1,0,0,1,0,62.0,,deux_roues,,1,2,1,1,7
202300051951,2023-05-10 17:55:00,2023,5,10,17,55,89,89267,,47.549855,4.055285,Plein jour,Hors agglomération,Intersection à plus de 4 branches,Normale,Deux véhicules - côté,3,2,2,0,1,1,1,0,1,80,2,2,1,0,0,1,58.0,68.0,voiture,voiture,1,1,5,1,3
202300051951,2023-05-10 17:55:00,2023,5,10,17,55,89,89267,,47.549855,4.055285,Plein jour,Hors agglomération,Intersection à plus de 4 branches,Normale,Deux véhicules - côté,3,-1, -1,-1,1,1,1,0,1,80,2,2,1,0,0,1,58.0,68.0,voiture,voiture,1,1,5,1,3
202300051952,2023-03-30 11:28:00,2023,3,30,11,28,974,97416,PRESIDENT MITTERAND(AVENUE),-21.34536,55.48033,Plein jour,En agglomération,Hors intersection,Normale,Autre collision,4,2,2,0,2,1,1,0,1,30,1,2,1,0,0,1,61.0,,voiture,,1,2,1,1,6
202300051953,2023-01-03 17:00:00,2023,1,3,17,0,75,75113,QUAI D IVRY,48.825237,2.385529,Nuit avec éclairage allumé,En agglomération,Hors intersection,Normale,Trois véhicules et plus - en chaîne,4,1,4,0,1,1,1,0,1,70,3,3,2,0,0,1,43.0,54.0,voiture,utilitaire_camion,5,2,1,1,4
202300051954,2023-12-01 19:45:00,2023,12,1,19,45,93,93048,AUTOROUTE A3,48.87060889,2.43112922,Nuit sans éclairage public,Hors agglomération,Hors intersection,Normale,Trois véhicules et plus - en chaîne,1,3,4,0,1,1,1,1,1,90,3,4,3,0,0,1,69.0,42.0,voiture,voiture,3,1,1,1,4
202300051955,2023-10-29 04:20:00,2023,10,29,4,20,25,25228,Av du General Charles de Gaulle,47.505026,6.846875,Nuit avec éclairage allumé,En agglomération,Hors intersection,Normale,Autre collision,3,2,2,0,1,1,1,0,1,50,1,3,2,0,1,0,38.0,,voiture,,5,2,1,1,6
202300051956,2023-06-11 17:45:00,2023,6,11,17,45,08,08361,D988,49.831784,4.603135,Plein jour,En agglomération,Hors intersection,Normale,Deux véhicules - arrière,3,2,2,0,1,1,1,0,1,50,2,3,1,0,0,2,60.0,47.0,deux_roues,voiture,1,2,1,1,2
202300051957,2023-07-16 12:50:00,2023,7,16,12,50,91,91689,AUTOROUTE A10,48.72837,2.30526,Plein jour,Hors agglomération,Hors intersection,Normale,Deux véhicules - arrière,1,3,3,0,1,1,1,0,1,110,2,4,1,0,0,3,37.0,51.0,voiture,voiture,1,1,1,1,2
202300051958,2023-05-04 19:45:00,2023,5,4,19,45,49,49100,D 960,47.205517,-0.199556,Plein jour,Hors agglomération,Hors intersection,Normale,Sans collision,3,3,0,0,1,1,1,0,1,110,1,1,0,0,1,0,60.0,,voiture,,1,1,1,1,7
202300051959,2023-02-16 16:30:00,2023,2,16,16,30,34,34213,D613,43.465364,3.668758,Plein jour,Hors agglomération,Hors intersection,Normale,Deux véhicules - arrière,3,2,2,0,1,1,1,0,1,-1,2,2,1,0,0,1,54.0,20.0,voiture,deux_roues,1,1,1,1,2
202300051960,2023-08-23 08:55:00,2023,8,23,8,55,87,87085,VALIN (AVENUE DU GENERAL MARTIAL),45.81291,1.27232,Plein jour,En agglomération,Hors intersection,Normale,Autre collision,4,2,4,3,1,1,1,0,1,50,1,2,1,1,0,0,42.0,,voiture,,1,2,1,1,6
202300051961,2023-03-30 20:35:00,2023,3,30,20,35,973,97302,BADUEL (ROUTE DE),4.93394,-52.31061,Nuit avec éclairage allumé,En agglomération,Hors intersection,Normale,Sans collision,3,2,2,0,1,1,1,0,1,50,1,2,1,0,0,1,20.0,,deux_roues,,5,2,1,1,7
202300051962,2023-10-28 05:20:00,2023,10,28,5,20,29,29236,Pont du Guilly,47.821137,-3.651066,Nuit sans éclairage public,Hors agglomération,Hors intersection,Normale,Autre collision,3,2,2,0,2,2,2,0,1,70,1,1,0,0,1,0,54.0,,voiture,,3,1,1,1,6
202300051963,2023-12-02 06:50:00,2023,12,2,6,50,95,95424,A15,48.98932791,2.20074713,Nuit sans éclairage public,Hors agglomération,Hors intersection,Normale,Autre collision,1,3,3,0,1,1,1,0,1,110,1,2,1,0,0,1,23.0,,voiture,,3,1,1,1,6
202300051964,2023-01-03 10:25:00,2023,1,3,10,25,75,75112,BOULEVARD PERIPHERIQUE,48.82670558,2.3918277,Plein jour,En agglomération,Hors intersection,Normale,Deux véhicules - côté,4,1,2,0,1,3,1,0,1,50,2,2,1,0,0,1,24.0,58.0,deux_roues,voiture,1,2,1,1,3
202300051965,2023-09-27 12:00:00,2023,9,27,12,0,91,91589,RUE HENRI DUNANT,48.679904,2.342262,Plein jour,En agglomération,Intersection en X,Normale,Deux véhicules - côté,3,2,4,0,1,1,1,0,1,50,2,2,1,0,0,1,29.0,57.0,voiture,voiture,1,2,2,1,3
202300051965,2023-09-27 12:00:00,2023,9,27,12,0,91,91589,RUE HENRI DUNANT,48.679904,2.342262,Plein jour,En agglomération,Intersection en X,Normale,Deux véhicules - côté,3,2,0,0,1,1,1,0,1,50,2,2,1,0,0,1,29.0,57.0,voiture,voiture,1,2,2,1,3
202300051966,2023-06-13 17:20:00,2023,6,13,17,20,13,13103,D69,43.630422,5.066113,Plein jour,Hors agglomération,Intersection en X,Normale,Deux véhicules - côté,3,4,0,0,1,1,1,0,1,70,2,2,1,0,0,1,25.0,31.0,voiture,deux_roues,1,1,2,1,3
202300051966,2023-06-13 17:20:00,2023,6,13,17,20,13,13103,D69,43.630422,5.066113,Plein jour,Hors agglomération,Intersection en X,Normale,Deux véhicules - côté,3,2, -1,-1,1,1,1,0,1,-1,2,2,1,0,0,1,25.0,31.0,voiture,deux_roues,1,1,2,1,3
202300051967,2023-08-23 16:55:00,2023,8,23,16,55,85,85194,Rue du général dumouriez,46.48642,-1.74362,Plein jour,En agglomération,Hors intersection,Normale,Deux véhicules - côté,4,2,2,0,1,1,1,0,1,50,2,2,1,0,1,0,54.0,16.0,voiture,deux_roues,1,2,1,1,3
202300051968,2023-07-16 05:00:00,2023,7,16,5,0,91,91377,AUTOROUTE A10,48.72491,2.30001,Crépuscule ou aube,Hors agglomération,Hors intersection,Normale,Deux véhicules - arrière,1,3,6,0,1,1,1,0,1,110,2,2,1,0,1,0,34.0,46.0,voiture,utilitaire_camion,2,1,1,1,2
202300051969,2023-12-01 16:00:00,2023,12,1,16,0,95,95088,D170 ,48.9776,2.43383,Plein jour,Hors agglomération,Hors intersection,Normale,Autre collision,3,3,0,0,2,2,1,0,1,90,1,1,0,0,0,1,21.0,,voiture,,1,1,1,1,6
202300051970,2023-03-29 12:30:00,2023,3,29,12,30,973,97302,POLYCARPE (VERMONT),4.94102121,-52.32523674,Plein jour,En agglomération,Intersection en X,Normale,Deux véhicules - côté,4,2,2,0,1,1,1,9,1,50,2,3,2,0,0,1,19.0,49.0,deux_roues,voiture,1,2,2,1,3
202300051970,2023-03-29 12:30:00,2023,3,29,12,30,973,97302,POLYCARPE (VERMONT),4.94102121,-52.32523674,Plein jour,En agglomération,Intersection en X,Normale,Deux véhicules - côté,4,1,1,0,1,1,9,9,1,50,2,3,2,0,0,1,19.0,49.0,deux_roues,voiture,1,2,2,1,3
202300051971,2023-09-27 09:40:00,2023,9,27,9,40,91,91027,QUAI DE L'INDUSTRIE,48.698625,2.39571,Plein jour,En agglomération,Hors intersection,Normale,Autre collision,4,2,2,0,1,1,1,0,1,50,1,2,1,0,0,1,46.0,,voiture,,1,2,1,1,6
202300051972,2023-02-15 19:40:00,2023,2,15,19,40,34,34145,D61,43.656373,4.138262,Nuit avec éclairage non allumé,Hors agglomération,Intersection en X,Normale,Deux véhicules - côté,3,2,2,0,1,1,1,0,1,50,2,5,1,0,0,4,34.0,13.0,voiture,voiture,4,1,2,1,3
202300051972,2023-02-15 19:40:00,2023,2,15,19,40,34,34145,D61,43.656373,4.138262,Nuit avec éclairage non allumé,Hors agglomération,Intersection en X,Normale,Deux véhicules - côté,3,2, -1,-1,1,1,1,0,1,-1,2,5,1,0,0,4,34.0,13.0,voiture,voiture,4,1,2,1,3
202300051973,2023-05-10 10:25:00,2023,5,10,10,25,41,41185,D765,47.351632,1.721817,Plein jour,Hors agglomération,Hors intersection,Normale,Deux véhicules - frontale,3,2,2,0,1,1,1,0,1,90,2,2,1,0,1,0,41.0,57.0,voiture,utilitaire_camion,1,1,1,1,1
202300051974,2023-10-29 09:05:00,2023,10,29,9,5,29,29182,Route de l'Oratoire,48.61337293,-3.68030684,Plein jour,Hors agglomération,Intersection en T,Pluie légère,Deux véhicules - arrière,3,2,2,0,1,1,2,0,1,80,2,2,1,1,0,0,32.0,72.0,voiture,deux_roues,1,1,3,2,2
202300051974,2023-10-29 09:05:00,2023,10,29,9,5,29,29182,Route de l'Oratoire,48.61337293,-3.68030684,Plein jour,Hors agglomération,Intersection en T,Pluie légère,Deux véhicules - arrière,3,2, -1,-1,1,1,2,0,1,-1,2,2,1,1,0,0,32.0,72.0,voiture,deux_roues,1,1,3,2,2
202300051975,2023-08-24 08:00:00,2023,8,24,8,0,83,83137,CLEMENCEAU (BD GEORGES),43.12322932,5.93813556,Plein jour,En agglomération,Hors intersection,Normale,Deux véhicules - arrière,4,2,5,0,1,1,1,0,1,50,2,2,1,0,0,1,81.0,50.0,voiture,voiture,1,2,1,1,2
202300051976,2023-06-13 08:50:00,2023,6,13,8,50,69,69244,60 Avenue Général Brosset,45.756667,4.781801,Plein jour,En agglomération,Intersection en X,Pluie légère,Deux véhicules - frontale,4,2,3,2,1,1,2,0,1,50,2,2,1,0,0,1,57.0,26.0,deux_roues,voiture,1,2,2,2,1
202300051976,2023-06-13 08:50:00,2023,6,13,8,50,69,69244,60 Avenue Général Brosset,45.756667,4.781801,Plein jour,En agglomération,Intersection en X,Pluie légère,Deux véhicules - frontale,4,2,3,3,1,1,2,0,1,30,2,2,1,0,0,1,57.0,26.0,deux_roues,voiture,1,2,2,2,1
202300051977,2023-07-16 16:07:00,2023,7,16,16,7,92,92064,A13,48.83850309,2.19236003,Plein jour,Hors agglomération,Hors intersection,Normale,Deux véhicules - arrière,1,1,3,0,1,1,1,0,2,90,2,2,1,0,0,1,21.0,59.0,voiture,voiture,1,1,1,1,2
202300051978,2023-12-01 18:35:00,2023,12,1,18,35,976,97611,kaweni-Centrale (rue),-12.77557,45.22373,Nuit avec éclairage allumé,En agglomération,Hors intersection,Normale,Autre collision,4,2,2,0,1,1,1,0,1,50,1,3,1,0,0,2,21.0,,deux_roues,,5,2,1,1,6
202300051979,2023-03-30 16:55:00,2023,3,30,16,55,972,97209,AVE CAMILLE DARSIERES,14.60336,-61.05693,Plein jour,Hors agglomération,Hors intersection,Normale,Deux véhicules - arrière,2,2,2,0,1,1,1,0,1,50,2,2,1,0,0,1,33.0,20.0,voiture,deux_roues,1,1,1,1,2
202300051980,2023-05-09 13:55:00,2023,5,9,13,55,38,38416,Rue Jean Rony,45.14901,5.320301,Plein jour,En agglomération,Hors intersection,Normale,Autre collision,3,2,2,0,1,2,1,0,8,50,1,1,0,1,0,0,53.0,,utilitaire_camion,,1,2,1,1,6
202300051981,2023-09-27 08:35:00,2023,9,27,8,35,86,86214,Route de Ligugé,46.551111,0.320808,Plein jour,En agglomération,Hors intersection,Normale,Autre collision,6,-1,0,0,1,1,1,0,1,20,1,2,1,0,0,1,46.0,,voiture,,1,2,1,1,6
202300051982,2023-08-23 17:15:00,2023,8,23,17,15,83,83144,UNIVERSITE (AVE DE L'),43.13745,6.0079,Plein jour,En agglomération,Hors intersection,Normale,Autre collision,4,2,2,0,1,1,1,5,1,50,1,2,1,0,0,1,33.0,,voiture,,1,2,1,1,6
202300051983,2023-01-04 19:05:00,2023,1,4,19,5,94,94067,Avenue du Général de Gaulle / Rue de l'Epinette,48.83757,2.41805,Nuit avec éclairage allumé,En agglomération,Intersection en X,Pluie légère,Autre collision,3,2,2,2,1,1,2,0,1,50,1,3,1,0,0,2,84.0,,voiture,,5,2,2,2,6
202300051983,2023-01-04 19:05:00,2023,1,4,19,5,94,94067,Avenue du Général de Gaulle / Rue de l'Epinette,48.83757,2.41805,Nuit avec éclairage allumé,En agglomération,Intersection en X,Pluie légère,Autre collision,3,1,1,2,1,1,2,0,1,-1,1,3,1,0,0,2,84.0,,voiture,,5,2,2,2,6
202300051984,2023-09-28 00:00:00,2023,9,28,0,0,85,85191,Boulevard louis blanc,46.671518,-1.434815,Nuit avec éclairage allumé,Hors agglomération,Hors intersection,Pluie légère,Autre collision,4,2,2,0,1,1,2,0,1,50,1,1,0,0,1,0,18.0,,deux_roues,,5,1,1,2,6
202300051985,2023-03-30 13:00:00,2023,3,30,13,0,972,97209,BEAUSEJOUR JAMBETTE (ROUTE),14.63775,-61.04016,Plein jour,En agglomération,Hors intersection,Normale,Deux véhicules - côté,3,2,2,0,1,3,1,0,1,50,2,2,1,0,0,1,28.0,,deux_roues,voiture,1,2,1,1,3
202300051986,2023-11-27 11:00:00,2023,11,27,11,0,974,97416,MAURICE THOREZ(CHEMIN),-21.2802,55.4653,Plein jour,Hors agglomération,Hors intersection,Normale,Trois véhicules et plus - collisions multiples,3,2,2,0,1,1,1,0,1,50,3,3,2,0,1,0,60.0,53.0,utilitaire_camion,utilitaire_camion,1,1,1,1,5
202300051987,2023-05-10 11:45:00,2023,5,10,11,45,03,03281,le Chy,46.358491,3.15122,Plein jour,Hors agglomération,Hors intersection,Normale,Autre collision,3,2,2,0,1,1,1,0,3,90,2,3,0,0,1,2,61.0,72.0,voiture,voiture,1,1,1,1,6
202300051988,2023-06-13 11:00:00,2023,6,13,11,0,38,38052,D211,45.065019,6.040002,Plein jour,Hors agglomération,Intersection en Y,Normale,Deux véhicules - côté,3,2,2,0,4,1,1,0,1,50,2,2,1,0,0,1,54.0,49.0,deux_roues,voiture,1,1,4,1,3
202300051988,2023-06-13 11:00:00,2023,6,13,11,0,38,38052,D211,45.065019,6.040002,Plein jour,Hors agglomération,Intersection en Y,Normale,Deux véhicules - côté,3,2,2,0,2,1,1,0,1,50,2,2,1,0,0,1,54.0,49.0,deux_roues,voiture,1,1,4,1,3
202300051989,2023-02-17 00:30:00,2023,2,17,0,30,83,83042,Rond Point de la Foux,43.263175,6.575392,Nuit avec éclairage allumé,En agglomération,Hors intersection,Normale,Sans collision,3,1,1,0,1,1,1,3,1,50,1,1,0,0,1,0,36.0,,deux_roues,,5,2,1,1,7
202300051990,2023-08-01 22:00:00,2023,8,1,22,0,79,79329,,46.974333,-0.20227,Nuit avec éclairage non allumé,En agglomération,Intersection en T,Pluie légère,Sans collision,3,2,3,0,2,3,2,0,1,50,1,1,0,0,0,1,15.0,,deux_roues,,4,2,3,2,7
202300051990,2023-08-01 22:00:00,2023,8,1,22,0,79,79329,,46.974333,-0.20227,Nuit avec éclairage non allumé,En agglomération,Intersection en T,Pluie légère,Sans collision,3,2,2,0,4,1,2,0,1,-1,1,1,0,0,0,1,15.0,,deux_roues,,4,2,3,2,7
202300051991,2023-01-04 07:10:00,2023,1,4,7,10,94,94046,Boulevard Gallièni,48.79738,2.43314,Nuit avec éclairage allumé,En agglomération,Intersection en X,Pluie légère,Autre collision,3,3,3,0,1,1,2,0,1,30,1,2,1,0,0,1,58.0,,utilitaire_camion,,5,2,2,2,6
202300051991,2023-01-04 07:10:00,2023,1,4,7,10,94,94046,Boulevard Gallièni,48.79738,2.43314,Nuit avec éclairage allumé,En agglomération,Intersection en X,Pluie légère,Autre collision,3,2,4,1,1,1,2,0,1,50,1,2,1,0,0,1,58.0,,utilitaire_camion,,5,2,2,2,6
202300051992,2023-07-15 13:50:00,2023,7,15,13,50,92,92012,A13,48.84843039,2.24006151,Plein jour,Hors agglomération,Hors intersection,Normale,Trois véhicules et plus - collisions multiples,1,3,3,0,1,1,1,1,1,70,4,9,8,0,0,1,27.0,56.0,voiture,voiture,1,1,1,1,5
202300051993,2023-09-25 18:25:00,2023,9,25,18,25,83,83137,ESCARTEFIGUE (CORNICHE DU 2 A 422,43.13547,5.93218,Plein jour,En agglomération,Intersection en X,Normale,Deux véhicules - frontale,4,2,2,0,2,1,1,0,1,50,2,2,1,0,1,0,24.0,18.0,voiture,deux_roues,1,2,2,1,1
202300051993,2023-09-25 18:25:00,2023,9,25,18,25,83,83137,ESCARTEFIGUE (CORNICHE DU 2 A 422,43.13547,5.93218,Plein jour,En agglomération,Intersection en X,Normale,Deux véhicules - frontale,4,2,2,0,2,1,1,0,1,50,2,2,1,0,1,0,24.0,18.0,voiture,deux_roues,1,2,2,1,1
202300051994,2023-12-01 13:05:00,2023,12,1,13,5,974,97411,PITON (ROUTE DU BOIS DE NEFLES),-20.92651,55.47334,Plein jour,Hors agglomération,Hors intersection,Normale,Sans collision,4,2,2,0,2,3,1,0,1,30,1,2,0,0,1,1,33.0,,voiture,,1,1,1,1,7
202300051995,2023-06-12 14:50:00,2023,6,12,14,50,27,27249,A13,49.179515,1.241112,Plein jour,Hors agglomération,Hors intersection,Normale,Autre collision,1,3,3,0,1,1,1,2,2,90,1,1,0,0,1,0,20.0,,utilitaire_camion,,1,1,1,1,6
202300051996,2023-05-09 13:45:00,2023,5,9,13,45,70,70493,D15,47.397173,6.04851,Plein jour,Hors agglomération,Hors intersection,Pluie légère,Autre collision,3,2,2,0,1,3,2,1,3,80,1,2,0,0,1,1,20.0,,voiture,,1,1,1,2,6
202300051997,2023-03-30 08:00:00,2023,3,30,8,0,972,97209,RELIGIEUSES (ROUTE DES),14.61171,-61.05999,Plein jour,Hors agglomération,Intersection en T,Normale,Deux véhicules - côté,3,2,2,0,1,1,1,0,1,30,2,2,1,0,1,0,29.0,23.0,deux_roues,voiture,1,1,3,1,3
202300051997,2023-03-30 08:00:00,2023,3,30,8,0,972,97209,RELIGIEUSES (ROUTE DES),14.61171,-61.05999,Plein jour,Hors agglomération,Intersection en T,Normale,Deux véhicules - côté,3,2,1,0,1,1,1,0,1,30,2,2,1,0,1,0,29.0,23.0,deux_roues,voiture,1,1,3,1,3
202300051998,2023-10-28 19:05:00,2023,10,28,19,5,29,29076,D26,48.46616,-4.516797,Nuit sans éclairage public,Hors agglomération,Intersection en T,Pluie forte,Trois véhicules et plus - collisions multiples,3,2,2,0,1,1,2,0,1,80,4,11,9,0,0,2,22.0,29.0,voiture,voiture,3,1,3,3,5
202300051998,2023-10-28 19:05:00,2023,10,28,19,5,29,29076,D26,48.46616,-4.516797,Nuit sans éclairage public,Hors agglomération,Intersection en T,Pluie forte,Trois véhicules et plus - collisions multiples,3,2, -1,-1,1,1,1,0,1,-1,4,11,9,0,0,2,22.0,29.0,voiture,voiture,3,1,3,3,5
202300051999,2023-08-24 05:30:00,2023,8,24,5,30,78,78401,RHIN ET DANUBE (PONT),49.004348,1.906912,Nuit avec éclairage allumé,En agglomération,Intersection en X,Normale,Deux véhicules - côté,3,2, -1,-1,1,1,1,0,1,-1,2,2,0,0,0,2,40.0,21.0,voiture,voiture,5,2,2,1,3
202300051999,2023-08-24 05:30:00,2023,8,24,5,30,78,78401,RHIN ET DANUBE (PONT),49.004348,1.906912,Nuit avec éclairage allumé,En agglomération,Intersection en X,Normale,Deux véhicules - côté,3,3,2,0,1,1,1,2,1,50,2,2,0,0,0,2,40.0,21.0,voiture,voiture,5,2,2,1,3
202300052000,2023-06-11 04:00:00,2023,6,11,4,0,971,97112,RN 9 DUCOS HERMITAGE,15.889213,-61.304215,Nuit sans éclairage public,Hors agglomération,Hors intersection,Normale,Autre collision,2,2,2,0,4,3,1,0,1,70,1,2,0,0,1,1,24.0,,voiture,,3,1,1,1,6
202300052001,2023-07-15 19:20:00,2023,7,15,19,20,95,95394,N184,49.05167676,2.15262568,Plein jour,Hors agglomération,Hors intersection,Normale,Sans collision,2,3,2,0,1,1,1,0,3,90,1,1,0,0,1,0,53.0,,voiture,,1,1,1,1,7
202300052002,2023-01-04 12:40:00,2023,1,4,12,40,94,94041,Rue Gaston Cornavin,48.81032,2.38212,Plein jour,En agglomération,Hors intersection,Pluie légère,Deux véhicules - côté,4,1,2,1,2,1,2,0,1,30,2,2,1,0,0,1,31.0,29.0,voiture,deux_roues,1,2,1,2,3
202300052003,2023-09-26 17:05:00,2023,9,26,17,5,82,82121,1 boulevard edouard herriot,44.01442,1.36684,Plein jour,En agglomération,Hors intersection,Normale,Autre collision,4,2,2,0,1,1,1,0,1,50,2,2,1,0,0,1,16.0,61.0,deux_roues,voiture,1,2,1,1,6
202300052004,2023-02-16 20:05:00,2023,2,16,20,5,89,89013,,47.869569,3.521393,Nuit avec éclairage allumé,En agglomération,Intersection en X,Normale,Deux véhicules - côté,3,2,2,0,1,1,1,0,1,50,2,3,1,0,1,1,59.0,42.0,voiture,voiture,5,2,2,1,3
202300052004,2023-02-16 20:05:00,2023,2,16,20,5,89,89013,,47.869569,3.521393,Nuit avec éclairage allumé,En agglomération,Intersection en X,Normale,Deux véhicules - côté,3,2,2,-1,1,1,1,0,1,50,2,3,1,0,1,1,59.0,42.0,voiture,voiture,5,2,2,1,3