accident_id,datetime,annee,mois,jour,heure,minute,departement,commune_insee,adresse,latitude,longitude,luminosite,agglomeration,intersection,meteo,collision,catr,circ,nbv,vosp,prof,plan,surf,infra,situ,vma,nb_vehicules,nb_usagers,nb_indemnes,nb_tues,nb_blesses_hosp,nb_blesses_legers,age_cond_1,age_cond_2,veh_type_cond_1,veh_type_cond_2,lum_code,agg_code,int_code,atm_code,col_code
202300052005,2023-11-30 09:30:00,2023,11,30,9,30,974,97411,CANAL (CHEMIN DU GRAND),-20.9042,55.4984,Plein jour,En agglomération,Hors intersection,Pluie légère,Deux véhicules - arrière,4,2,2,0,2,1,2,0,1,50,2,2,1,0,0,1,72.0,41.0,deux_roues,voiture,1,2,1,2,2
202300052006,2023-05-05 16:15:00,2023,5,5,16,15,06,06059,Avenue de la Liberté,43.720117,7.35286,Plein jour,En agglomération,Hors intersection,Normale,Autre collision,7,2,2,0,1,1,1,9,1,30,1,2,0,0,0,2,56.0,,deux_roues,,1,2,1,1,6
202300052007,2023-10-28 06:15:00,2023,10,28,6,15,02,02807,16bis Route de Saint-quentin,49.659308,3.206581,Nuit avec éclairage allumé,En agglomération,Intersection en T,Pluie légère,Autre collision,3,2,2,0,2,2,2,0,4,50,1,1,0,0,0,1,41.0,,voiture,,5,2,3,2,6
202300052007,2023-10-28 06:15:00,2023,10,28,6,15,02,02807,16bis Route de Saint-quentin,49.659308,3.206581,Nuit avec éclairage allumé,En agglomération,Intersection en T,Pluie légère,Autre collision,3,2, -1,-1,1,1,2,0,1,-1,1,1,0,0,0,1,41.0,,voiture,,5,2,3,2,6
202300052008,2023-06-11 18:00:00,2023,6,11,18,0,971,97134,Grandes Rivières,16.056083,-61.749923,Plein jour,Hors agglomération,Hors intersection,Normale,Autre collision,4,2,2,0,1,3,1,0,1,50,1,1,0,0,1,0,25.0,,deux_roues,,1,1,1,1,6
202300052009,2023-07-15 20:20:00,2023,7,15,20,20,93,93006,AUTOROUTE A3,48.86446703,2.41450757,Plein jour,Hors agglomération,Hors intersection,Normale,Autre collision,1,1,2,0,2,2,1,0,1,70,1,1,0,0,1,0,19.0,,deux_roues,,1,1,1,1,6
202300052010,2023-03-29 09:50:00,2023,3,29,9,50,69,69389,110 Rue de Saint-Cyr,45.78711,4.8085,Plein jour,En agglomération,Hors intersection,Normale,Deux véhicules - arrière,4,2,2,3,1,1,1,0,1,50,2,2,1,0,0,1,39.0,27.0,utilitaire_camion,deux_roues,1,2,1,1,2
202300052011,2023-08-24 11:10:00,2023,8,24,11,10,76,76178,Rue de Tourville,49.30983,1.04393,Plein jour,Hors agglomération,Intersection en X,Vent fort / tempête,Deux véhicules - frontale,7,2,2,0,1,1,1,-1,1,50,2,2,1,0,0,1,77.0,60.0,voiture,deux_roues,1,1,2,6,1
202300052011,2023-08-24 11:10:00,2023,8,24,11,10,76,76178,Rue de Tourville,49.30983,1.04393,Plein jour,Hors agglomération,Intersection en X,Vent fort / tempête,Deux véhicules - frontale,7,2,2,3,1,1,1,-1,1,50,2,2,1,0,0,1,77.0,60.0,voiture,deux_roues,1,1,2,6,1
202300052012,2023-01-04 18:04:00,2023,1,4,18,4,94,94021,344 Avenue de Stalingrad,48.76293939,2.36820388,Nuit avec éclairage allumé,En agglomération,Hors intersection,Pluie légère,Autre collision,3,3,4,0,1,1,2,0,1,50,1,2,1,0,1,0,38.0,,utilitaire_camion,,5,2,1,2,6
202300052013,2023-05-06 18:43:00,2023,5,6,18,43,05,05127,"D3, pk 14+500",44.470201,6.266128,Plein jour,Hors agglomération,Hors intersection,Normale,Sans collision,3,2,2,0,2,1,1,0,1,80,1,1,0,0,1,0,36.0,,deux_roues,,1,1,1,1,7
202300052014,2023-02-14 13:00:00,2023,2,14,13,0,67,67397,D52,48.328066,7.741327,Plein jour,Hors agglomération,Hors intersection,Brouillard / fumée,Sans collision,3,2,2,0,1,1,1,0,3,80,1,1,0,1,0,0,44.0,,voiture,,1,1,1,5,7
202300052015,2023-10-27 20:35:00,2023,10,27,20,35,84,84089,route départementale 956 - rond point d'alton,43.670945,5.497059,Nuit avec éclairage allumé,En agglomération,Giratoire,Normale,Deux véhicules - frontale,3,1,2,0,1,2,2,5,3,50,1,2,1,0,1,0,32.0,,voiture,,5,2,6,1,1
202300052016,2023-06-11 15:28:00,2023,6,11,15,28,972,97224,1348 gondeau,14.653742,-61.037979,Plein jour,En agglomération,Hors intersection,Normale,Deux véhicules - côté,3,2,2,0,3,1,1,0,1,50,2,2,1,0,1,0,47.0,28.0,voiture,deux_roues,1,2,1,1,3
202300052017,2023-01-03 17:05:00,2023,1,3,17,5,94,94028,140 Avenue du Maréchal Foch,48.78659285,2.43606001,Nuit avec éclairage allumé,En agglomération,Hors intersection,Normale,Deux véhicules - côté,3,2,4,1,1,1,1,0,5,50,2,2,1,0,0,1,53.0,55.0,voiture,deux_roues,5,2,1,1,3
202300052018,2023-11-28 21:40:00,2023,11,28,21,40,974,97411,MACE (BOULEVARD GABRIEL),-20.87246,55.44967,Nuit avec éclairage allumé,En agglomération,Intersection en T,Normale,Deux véhicules - côté,2,1,1,0,1,1,1,0,1,50,2,3,2,0,0,1,28.0,41.0,voiture,voiture,5,2,3,1,3
202300052018,2023-11-28 21:40:00,2023,11,28,21,40,974,97411,MACE (BOULEVARD GABRIEL),-20.87246,55.44967,Nuit avec éclairage allumé,En agglomération,Intersection en T,Normale,Deux véhicules - côté,2,2,2,0,1,1,1,0,1,50,2,3,2,0,0,1,28.0,41.0,voiture,voiture,5,2,3,1,3
202300052019,2023-03-13 13:01:00,2023,3,13,13,1,2B,2B120,11 - RT,42.65,9.41,Plein jour,En agglomération,Hors intersection,Temps couvert,Deux véhicules - côté,2,2,4,0,1,1,1,0,1,50,2,2,1,0,0,1,84.0,20.0,utilitaire_camion,voiture,1,2,1,8,3
202300052020,2023-08-23 13:30:00,2023,8,23,13,30,76,76351,LENINGRAD (BD DE),49.49977,0.16621,Plein jour,Hors agglomération,Intersection en T,Normale,Deux véhicules - côté,4,3,4,0,1,1,1,0,1,50,2,2,0,0,0,2,57.0,68.0,voiture,deux_roues,1,1,3,1,3
202300052020,2023-08-23 13:30:00,2023,8,23,13,30,76,76351,LENINGRAD (BD DE),49.49977,0.16621,Plein jour,Hors agglomération,Intersection en T,Normale,Deux véhicules - côté,4,2,4,1,1,1,1,0,1,30,2,2,0,0,0,2,57.0,68.0,voiture,deux_roues,1,1,3,1,3
202300052021,2023-07-16 13:50:00,2023,7,16,13,50,75,75112,A4,48.819353,2.458441,Plein jour,Hors agglomération,Hors intersection,Normale,Trois véhicules et plus - en chaîne,1,3,5,0,1,1,1,0,1,90,3,4,1,0,0,3,28.0,30.0,voiture,voiture,1,1,1,1,4
202300052022,2023-02-16 19:05:00,2023,2,16,19,5,63,63284,4 rue de la Fontaine Ballet,45.796408,3.241589,Nuit avec éclairage allumé,En agglomération,Hors intersection,Normale,Deux véhicules - arrière,4,2,2,0,2,1,1,0,1,30,2,2,1,0,0,1,33.0,59.0,voiture,deux_roues,5,2,1,1,2
202300052023,2023-06-12 09:40:00,2023,6,12,9,40,13,13087,Avenue de la Bégude,43.489276,5.629817,Plein jour,Hors agglomération,Intersection en X,Normale,Deux véhicules - côté,3,2,2,0,2,1,1,5,1,70,2,2,1,0,1,0,37.0,40.0,voiture,deux_roues,1,1,2,1,3
202300052023,2023-06-12 09:40:00,2023,6,12,9,40,13,13087,Avenue de la Bégude,43.489276,5.629817,Plein jour,Hors agglomération,Intersection en X,Normale,Deux véhicules - côté,3,2, -1,-1,1,1,1,5,1,-1,2,2,1,0,1,0,37.0,40.0,voiture,deux_roues,1,1,2,1,3
202300052024,2023-12-01 16:30:00,2023,12,1,16,30,973,97302,MADELEINE (ROUTE DE LA),4.92264867,-52.32339156,Plein jour,En agglomération,Hors intersection,Normale,Deux véhicules - côté,3,2,2,0,1,1,1,0,1,50,2,2,1,0,0,1,39.0,44.0,deux_roues,voiture,1,2,1,1,3
202300052025,2023-05-09 11:40:00,2023,5,9,11,40,50,50419,Rue du Mont Saint Michel,48.970361,-1.468021,Plein jour,En agglomération,Intersection à plus de 4 branches,Pluie légère,Deux véhicules - côté,3,2,2,0,1,2,2,0,1,-1,2,3,2,0,0,1,78.0,60.0,voiture,deux_roues,1,2,5,2,3
202300052025,2023-05-09 11:40:00,2023,5,9,11,40,50,50419,Rue du Mont Saint Michel,48.970361,-1.468021,Plein jour,En agglomération,Intersection à plus de 4 branches,Pluie légère,Deux véhicules - côté,3,2,2,0,1,1,2,5,1,50,2,3,2,0,0,1,78.0,60.0,voiture,deux_roues,1,2,5,2,3
202300052026,2023-01-03 15:50:00,2023,1,3,15,50,94,94069,PONT DE CHARENTON,48.81779754,2.41975976,Plein jour,En agglomération,Intersection en X,Normale,Deux véhicules - côté,3,2,2,0,2,1,1,3,1,50,2,2,1,0,1,0,40.0,42.0,voiture,deux_roues,1,2,2,1,3
202300052026,2023-01-03 15:50:00,2023,1,3,15,50,94,94069,PONT DE CHARENTON,48.81779754,2.41975976,Plein jour,En agglomération,Intersection en X,Normale,Deux véhicules - côté,3,3,4,0,1,1,1,2,1,50,2,2,1,0,1,0,40.0,42.0,voiture,deux_roues,1,2,2,1,3
202300052027,2023-08-24 17:10:00,2023,8,24,17,10,69,69264,Rue Francois Meunier Vial,45.99523,4.73402,Plein jour,En agglomération,Intersection en X,Normale,Deux véhicules - côté,4,2,2,0,1,1,1,0,1,50,2,2,1,0,1,0,63.0,22.0,voiture,deux_roues,1,2,2,1,3
202300052027,2023-08-24 17:10:00,2023,8,24,17,10,69,69264,Rue Francois Meunier Vial,45.99523,4.73402,Plein jour,En agglomération,Intersection en X,Normale,Deux véhicules - côté,4,2,2,2,1,1,1,0,1,50,2,2,1,0,1,0,63.0,22.0,voiture,deux_roues,1,2,2,1,3
202300052028,2023-07-16 09:20:00,2023,7,16,9,20,77,77337,RN104,48.829067,2.618663,Plein jour,Hors agglomération,Autre intersection,Normale,Autre collision,2,1,2,0,4,3,1,3,1,90,1,1,0,0,0,1,30.0,,deux_roues,,1,1,9,1,6
202300052029,2023-02-15 20:00:00,2023,2,15,20,0,42,42022,Avenue de la Mairie,45.523473,4.217924,Nuit avec éclairage allumé,En agglomération,Giratoire,Normale,Deux véhicules - côté,4,2,2,0,1,1,1,0,1,50,2,2,1,0,0,1,21.0,23.0,voiture,voiture,5,2,6,1,3
202300052030,2023-03-27 09:15:00,2023,3,27,9,15,95,95203,Rue du Général Leclerc,48.989032,2.274323,Plein jour,En agglomération,Intersection en Y,Normale,Deux véhicules - côté,3,2,2,0,1,3,1,0,1,50,2,2,1,0,0,1,33.0,58.0,autre,deux_roues,1,2,4,1,3
202300052030,2023-03-27 09:15:00,2023,3,27,9,15,95,95203,Rue du Général Leclerc,48.989032,2.274323,Plein jour,En agglomération,Intersection en Y,Normale,Deux véhicules - côté,3,2,2,0,1,1,1,0,1,50,2,2,1,0,0,1,33.0,58.0,autre,deux_roues,1,2,4,1,3
202300052031,2023-10-29 01:30:00,2023,10,29,1,30,58,58085,Rue de Derriere les Murs,47.432126,3.405397,Nuit avec éclairage allumé,En agglomération,Hors intersection,Pluie légère,Sans collision,4,-1,2,0,4,2,2,0,1,50,1,1,0,0,1,0,20.0,,deux_roues,,5,2,1,2,7
202300052032,2023-09-27 14:30:00,2023,9,27,14,30,77,77132,AV ROBERT SCHUMAN,48.87085,2.79589,Plein jour,En agglomération,Hors intersection,Normale,Deux véhicules - arrière,4,-1,2,0,1,1,1,0,1,50,2,2,1,0,0,1,33.0,18.0,transport_commun,deux_roues,1,2,1,1,2
202300052033,2023-06-01 18:10:00,2023,6,1,18,10,77,77440,D603,48.946351,3.096219,Plein jour,Hors agglomération,Hors intersection,Normale,Autre collision,3,2,2,0,1,1,1,0,1,80,2,2,1,0,0,1,20.0,28.0,voiture,voiture,1,1,1,1,6
202300052034,2023-12-01 14:25:00,2023,12,1,14,25,973,97302,STE THERESE(CITE ANATOLE),4.93853735,-52.31771368,Plein jour,En agglomération,Hors intersection,Normale,Deux véhicules - côté,4,1,1,0,1,1,1,0,1,50,2,2,1,0,0,1,15.0,63.0,deux_roues,voiture,1,2,1,1,3
202300052035,2023-01-03 14:20:00,2023,1,3,14,20,94,94017,Rue Louis Talamoni,48.813795,2.510274,Plein jour,En agglomération,Intersection en X,Temps couvert,Deux véhicules - côté,3,1,2,0,1,1,1,0,1,50,2,2,1,0,0,1,47.0,23.0,utilitaire_camion,deux_roues,1,2,2,8,3
202300052035,2023-01-03 14:20:00,2023,1,3,14,20,94,94017,Rue Louis Talamoni,48.813795,2.510274,Plein jour,En agglomération,Intersection en X,Temps couvert,Deux véhicules - côté,3,3,4,0,1,1,1,0,1,50,2,2,1,0,0,1,47.0,23.0,utilitaire_camion,deux_roues,1,2,2,8,3
202300052036,2023-02-17 01:42:00,2023,2,17,1,42,69,69289,Route d’Heyrieux,45.647168,5.026889,Nuit sans éclairage public,En agglomération,Giratoire,Normale,Sans collision,3,1,2,0,1,1,1,0,3,50,1,1,0,0,0,1,23.0,,voiture,,3,2,6,1,7
202300052037,2023-08-23 18:30:00,2023,8,23,18,30,69,69264,Boulevard Général Leclerc,45.99841,4.70854,Plein jour,En agglomération,Intersection en T,Normale,Deux véhicules - frontale,3,2,2,0,1,1,1,0,1,50,2,3,1,0,0,2,25.0,56.0,voiture,deux_roues,1,2,3,1,1
202300052037,2023-08-23 18:30:00,2023,8,23,18,30,69,69264,Boulevard Général Leclerc,45.99841,4.70854,Plein jour,En agglomération,Intersection en T,Normale,Deux véhicules - frontale,3,2,2,2,1,1,1,0,1,50,2,3,1,0,0,2,25.0,56.0,voiture,deux_roues,1,2,3,1,1
202300052038,2023-05-09 18:00:00,2023,5,9,18,0,50,50388,Rue des Forges,49.00307,-1.45869,Plein jour,Hors agglomération,Intersection en T,Pluie légère,Deux véhicules - côté,3,2,2,0,2,1,2,0,1,80,2,2,1,0,1,0,21.0,20.0,deux_roues,autre,1,1,3,2,3
202300052038,2023-05-09 18:00:00,2023,5,9,18,0,50,50388,Rue des Forges,49.00307,-1.45869,Plein jour,Hors agglomération,Intersection en T,Pluie légère,Deux véhicules - côté,3,2, -1,-1,1,3,2,0,1,80,2,2,1,0,1,0,21.0,20.0,deux_roues,autre,1,1,3,2,3
202300052039,2023-10-29 08:02:00,2023,10,29,8,2,54,54128,N4,48.65820109,5.8381176,Plein jour,Hors agglomération,Hors intersection,Pluie légère,Sans collision,2,3,2,0,2,1,2,0,1,110,1,1,0,0,0,1,38.0,,voiture,,1,1,1,2,7
202300052040,2023-06-13 10:10:00,2023,6,13,10,10,2A,2A247,avenue george Pompidou,41.588875,9.284665,Plein jour,En agglomération,Hors intersection,Normale,Deux véhicules - frontale,3,2,2,0,1,1,1,0,1,50,2,2,1,0,0,1,64.0,65.0,deux_roues,deux_roues,1,2,1,1,1
202300052041,2023-12-01 18:00:00,2023,12,1,18,0,69,69388,Avenue Général Frère,45.72658,4.88586,Nuit avec éclairage allumé,En agglomération,Hors intersection,Pluie légère,Deux véhicules - côté,4,2,2,2,1,1,2,0,1,50,2,3,2,0,0,1,42.0,52.0,voiture,deux_roues,5,2,1,2,3
202300052042,2023-09-27 12:15:00,2023,9,27,12,15,69,69029,Rue Guillermin,45.7465702,4.92518159,Plein jour,En agglomération,Intersection en T,Normale,Autre collision,7,2,2,2,1,1,1,0,4,50,2,2,1,0,1,0,18.0,25.0,deux_roues,voiture,1,2,3,1,6
202300052042,2023-09-27 12:15:00,2023,9,27,12,15,69,69029,Rue Guillermin,45.7465702,4.92518159,Plein jour,En agglomération,Intersection en T,Normale,Autre collision,7,2,2,0,1,1,1,0,4,50,2,2,1,0,1,0,18.0,25.0,deux_roues,voiture,1,2,3,1,6
202300052043,2023-07-16 05:55:00,2023,7,16,5,55,77,77122,RN104,48.645664,2.55159,Crépuscule ou aube,Hors agglomération,Hors intersection,Normale,Sans collision,2,3,4,0,1,1,1,0,3,110,1,5,0,0,3,2,19.0,,voiture,,2,1,1,1,7
202300052044,2023-10-29 18:28:00,2023,10,29,18,28,50,50215,D650,49.088363,-1.59938,Nuit sans éclairage public,Hors agglomération,Hors intersection,Normale,Deux véhicules - arrière,3,2,1,0,1,1,1,0,1,80,2,2,1,0,0,1,,24.0,voiture,deux_roues,3,1,1,1,2
202300052045,2023-08-20 17:10:00,2023,8,20,17,10,69,69264,Boulevard Général Leclerc,45.99842,4.70852,Plein jour,En agglomération,Intersection en X,Normale,Deux véhicules - côté,3,2,2,0,1,1,1,0,1,30,2,2,1,0,0,1,56.0,19.0,voiture,deux_roues,1,2,2,1,3
202300052045,2023-08-20 17:10:00,2023,8,20,17,10,69,69264,Boulevard Général Leclerc,45.99842,4.70852,Plein jour,En agglomération,Intersection en X,Normale,Deux véhicules - côté,3,2,2,2,1,1,1,0,1,30,2,2,1,0,0,1,56.0,19.0,voiture,deux_roues,1,2,2,1,3
202300052046,2023-01-04 13:36:00,2023,1,4,13,36,93,93078,Avenue Georges Clémenceau / Boulevard Robert Ballanger,48.96052,2.55615,Plein jour,En agglomération,Giratoire,Normale,Deux véhicules - arrière,3,3,4,0,1,1,1,0,1,50,2,2,1,0,0,1,29.0,28.0,voiture,utilitaire_camion,1,2,6,1,2
202300052046,2023-01-04 13:36:00,2023,1,4,13,36,93,93078,Avenue Georges Clémenceau / Boulevard Robert Ballanger,48.96052,2.55615,Plein jour,En agglomération,Giratoire,Normale,Deux véhicules - arrière,3,3,4,-1,1,1,1,0,1,-1,2,2,1,0,0,1,29.0,28.0,voiture,utilitaire_camion,1,2,6,1,2
202300052047,2023-02-17 15:10:00,2023,2,17,15,10,81,81120,N112,43.5577433,2.2785555,Plein jour,Hors agglomération,Hors intersection,Normale,Deux véhicules - frontale,2,2,2,0,1,1,1,0,1,80,2,4,3,0,1,0,56.0,71.0,utilitaire_camion,voiture,1,1,1,1,1
202300052048,2023-03-30 09:30:00,2023,3,30,9,30,91,91326,MONTTESSUY (RUE DE),48.688,2.385,Plein jour,En agglomération,Hors intersection,Normale,Autre collision,4,2,3,0,1,1,1,0,1,50,1,2,1,0,0,1,21.0,,utilitaire_camion,,1,2,1,1,6
202300052049,2023-05-09 18:30:00,2023,5,9,18,30,50,50568,D73 D235,49.001422,-1.443157,Plein jour,Hors agglomération,Intersection en X,Normale,Sans collision,3,2,2,0,1,1,1,5,1,80,2,2,1,0,0,1,53.0,17.0,voiture,deux_roues,1,1,2,1,7
202300052049,2023-05-09 18:30:00,2023,5,9,18,30,50,50568,D73 D235,49.001422,-1.443157,Plein jour,Hors agglomération,Intersection en X,Normale,Sans collision,3,2, -1,-1,1,1,1,0,1,-1,2,2,1,0,0,1,53.0,17.0,voiture,deux_roues,1,1,2,1,7
202300052050,2023-06-09 13:00:00,2023,6,9,13,0,66,66133,,42.572124,2.972671,Plein jour,Hors agglomération,Intersection en X,Normale,Deux véhicules - côté,4,2,2,0,1,1,1,2,1,50,2,2,1,0,1,0,16.0,60.0,deux_roues,utilitaire_camion,1,1,2,1,3
202300052050,2023-06-09 13:00:00,2023,6,9,13,0,66,66133,,42.572124,2.972671,Plein jour,Hors agglomération,Intersection en X,Normale,Deux véhicules - côté,4,2, -1,-1,1,1,1,0,8,-1,2,2,1,0,1,0,16.0,60.0,deux_roues,utilitaire_camion,1,1,2,1,3
202300052051,2023-12-01 15:55:00,2023,12,1,15,55,972,97213,Z I LES MANGLES,14.6225,-61.015,Plein jour,En agglomération,Hors intersection,Normale,Deux véhicules - côté,9,2,1,0,1,1,1,0,1,30,2,2,1,0,1,0,38.0,43.0,deux_roues,voiture,1,2,1,1,3
202300052052,2023-10-29 08:30:00,2023,10,29,8,30,45,45035,Rue du Chesnoy,48.0378683,2.38591969,Crépuscule ou aube,En agglomération,Hors intersection,Pluie forte,Autre collision,4,2,2,0,1,3,2,0,4,50,1,1,0,0,1,0,19.0,,voiture,,2,2,1,3,6
202300052053,2023-09-27 08:44:00,2023,9,27,8,44,69,69286,Chemin du Champ du Roy,45.8297,4.9075,Plein jour,Hors agglomération,Giratoire,Normale,Deux véhicules - côté,7,2,2,0,1,2,1,0,1,50,2,2,1,0,0,1,26.0,25.0,voiture,deux_roues,1,1,6,1,3
202300052053,2023-09-27 08:44:00,2023,9,27,8,44,69,69286,Chemin du Champ du Roy,45.8297,4.9075,Plein jour,Hors agglomération,Giratoire,Normale,Deux véhicules - côté,7,1,1,1,1,2,1,0,1,50,2,2,1,0,0,1,26.0,25.0,voiture,deux_roues,1,1,6,1,3
202300052054,2023-04-30 08:00:00,2023,4,30,8,0,43,43020,Pont de Bas en Basset,45.295939,4.117143,Plein jour,En agglomération,Hors intersection,Normale,Autre collision,3,2,2,0,1,3,1,0,3,50,1,3,1,0,1,1,22.0,,voiture,,1,2,1,1,6
202300052055,2023-01-04 17:50:00,2023,1,4,17,50,93,93033,Avenue Aristide Briand / Rue des Rosiers,48.85546,2.57595,Nuit avec éclairage allumé,En agglomération,Intersection en X,Pluie légère,Deux véhicules - côté,4,2,2,0,2,1,2,5,1,50,2,2,1,0,0,1,55.0,25.0,voiture,voiture,5,2,2,2,3
202300052055,2023-01-04 17:50:00,2023,1,4,17,50,93,93033,Avenue Aristide Briand / Rue des Rosiers,48.85546,2.57595,Nuit avec éclairage allumé,En agglomération,Intersection en X,Pluie légère,Deux véhicules - côté,4,2,2,0,2,1,2,5,1,50,2,2,1,0,0,1,55.0,25.0,voiture,voiture,5,2,2,2,3
202300052056,2023-08-24 16:50:00,2023,8,24,16,50,69,69259,Rue Marius Martin,45.70761,4.86888,Plein jour,En agglomération,Intersection en T,Normale,Deux véhicules - côté,4,2,2,0,1,1,1,0,1,50,2,2,1,0,0,1,77.0,33.0,voiture,deux_roues,1,2,3,1,3
202300052056,2023-08-24 16:50:00,2023,8,24,16,50,69,69259,Rue Marius Martin,45.70761,4.86888,Plein jour,En agglomération,Intersection en T,Normale,Deux véhicules - côté,4,2,2,0,1,1,1,0,1,50,2,2,1,0,0,1,77.0,33.0,voiture,deux_roues,1,2,3,1,3
202300052057,2023-02-16 15:15:00,2023,2,16,15,15,44,44047,21 Rue Fernand Doceul,47.2209344,-1.72114134,Plein jour,En agglomération,Intersection en T,Normale,Deux véhicules - côté,7,2,2,0,2,2,1,0,1,50,2,2,1,0,1,0,59.0,46.0,deux_roues,voiture,1,2,3,1,3
202300052057,2023-02-16 15:15:00,2023,2,16,15,15,44,44047,21 Rue Fernand Doceul,47.2209344,-1.72114134,Plein jour,En agglomération,Intersection en T,Normale,Deux véhicules - côté,7,2,2,0,1,1,1,0,1,50,2,2,1,0,1,0,59.0,46.0,deux_roues,voiture,1,2,3,1,3
202300052058,2023-06-13 08:50:00,2023,6,13,8,50,34,34022,8 Rue du Mas de la Treille,43.65543,4.0028,Plein jour,Hors agglomération,Hors intersection,Normale,Deux véhicules - côté,2,2,2,0,1,1,1,0,1,80,2,2,0,0,1,1,28.0,26.0,voiture,deux_roues,1,1,1,1,3
202300052059,2023-10-28 20:15:00,2023,10,28,20,15,43,43025,RD 461,45.254309,4.122335,Nuit sans éclairage public,Hors agglomération,Hors intersection,Vent fort / tempête,Autre collision,3,2,2,0,2,2,1,0,3,80,1,2,0,0,1,1,26.0,,voiture,,3,1,1,6,6
202300052060,2023-05-09 09:39:00,2023,5,9,9,39,64,64001,D 311,43.288093,-0.074978,Plein jour,Hors agglomération,Intersection en Y,Normale,Deux véhicules - frontale,3,2,2,0,1,2,1,0,1,80,2,2,1,0,1,0,61.0,65.0,voiture,deux_roues,1,1,4,1,1
202300052060,2023-05-09 09:39:00,2023,5,9,9,39,64,64001,D 311,43.288093,-0.074978,Plein jour,Hors agglomération,Intersection en Y,Normale,Deux véhicules - frontale,3,2, -1,-1,1,1,1,0,1,-1,2,2,1,0,1,0,61.0,65.0,voiture,deux_roues,1,1,4,1,1
202300052061,2023-08-23 17:40:00,2023,8,23,17,40,69,69259,Rue de l'Industrie,45.70894,4.88255,Crépuscule ou aube,En agglomération,Hors intersection,Normale,Autre collision,4,2,3,1,1,3,1,6,1,50,1,2,1,0,0,1,57.0,,utilitaire_camion,,2,2,1,1,6
202300052062,2023-07-15 09:35:00,2023,7,15,9,35,85,85191,Rue françois cevert,46.697797,-1.426615,Plein jour,En agglomération,Hors intersection,Temps couvert,Autre collision,4,2,2,0,1,1,1,0,1,50,1,2,1,0,0,1,70.0,,utilitaire_camion,,1,2,1,8,6
202300052063,2023-09-26 13:10:00,2023,9,26,13,10,67,67482,ARTHUR RIMBAUD (RUE),48.59,7.713,Plein jour,En agglomération,Autre intersection,Normale,Deux véhicules - côté,4,1,1,0,2,1,1,0,5,50,2,2,1,0,1,0,25.0,31.0,deux_roues,voiture,1,2,9,1,3
202300052064,2023-01-04 16:50:00,2023,1,4,16,50,93,93048,Boulevard Aristide Briand / Rue Charles Delescluze,48.87729336,2.45679778,Nuit avec éclairage allumé,En agglomération,Intersection en T,Pluie légère,Autre collision,3,2,2,0,1,1,2,6,8,30,1,2,1,0,1,0,97.0,,voiture,,5,2,3,2,6
202300052064,2023-01-04 16:50:00,2023,1,4,16,50,93,93048,Boulevard Aristide Briand / Rue Charles Delescluze,48.87729336,2.45679778,Nuit avec éclairage allumé,En agglomération,Intersection en T,Pluie légère,Autre collision,3,1,1,-1,1,1,2,0,8,-1,1,2,1,0,1,0,97.0,,voiture,,5,2,3,2,6
202300052065,2023-03-30 16:57:00,2023,3,30,16,57,90,90001,Rue des Prés,47.606962,6.861964,Plein jour,En agglomération,Hors intersection,Normale,Deux véhicules - arrière,4,2,2,0,1,1,1,0,1,50,2,4,2,0,1,1,65.0,31.0,voiture,voiture,1,2,1,1,2
202300052066,2023-12-01 10:15:00,2023,12,1,10,15,69,69384,Quai Joseph Gillet,45.7882,4.8186,Plein jour,En agglomération,Hors intersection,Pluie légère,Trois véhicules et plus - en chaîne,4,2,2,2,1,1,2,0,1,50,4,5,3,0,0,2,33.0,44.0,voiture,voiture,1,2,1,2,4
202300052067,2023-02-16 21:25:00,2023,2,16,21,25,33,33096,AUTOROUTE A 10,44.88991,-0.50317,Nuit avec éclairage allumé,Hors agglomération,Hors intersection,Normale,Autre collision,1,3,6,0,1,1,1,0,1,110,1,1,0,0,0,1,49.0,,voiture,,5,1,1,1,6
202300052068,2023-01-04 06:57:00,2023,1,4,6,57,93,93048,Rue Franklin,48.86152,2.44359,Nuit avec éclairage allumé,En agglomération,Hors intersection,Pluie légère,Autre collision,4,2,2,0,1,1,2,0,1,25,1,2,1,0,0,1,30.0,,voiture,,5,2,1,2,6
202300052069,2023-03-11 11:40:00,2023,3,11,11,40,89,89387,HEROS (PLACE DES),48.198,3.29,Plein jour,En agglomération,Hors intersection,Normale,Autre collision,4,1,2,0,1,1,1,5,1,50,1,2,1,0,1,0,56.0,,voiture,,1,2,1,1,6
202300052070,2023-06-13 07:40:00,2023,6,13,7,40,84,84132,Route de Fontaine de Vaucluse,43.902995,5.01072,Plein jour,Hors agglomération,Intersection en X,Normale,Deux véhicules - côté,3,2,2,0,1,1,1,0,1,80,2,3,2,0,1,0,19.0,43.0,voiture,voiture,1,1,2,1,3
202300052070,2023-06-13 07:40:00,2023,6,13,7,40,84,84132,Route de Fontaine de Vaucluse,43.902995,5.01072,Plein jour,Hors agglomération,Intersection en X,Normale,Deux véhicules - côté,3,2,2,-1,1,1,1,-1,1,-1,2,3,2,0,1,0,19.0,43.0,voiture,voiture,1,1,2,1,3