accident_id,datetime,annee,mois,jour,heure,minute,departement,commune_insee,adresse,latitude,longitude,luminosite,agglomeration,intersection,meteo,collision,catr,circ,nbv,vosp,prof,plan,surf,infra,situ,vma,nb_vehicules,nb_usagers,nb_indemnes,nb_tues,nb_blesses_hosp,nb_blesses_legers,age_cond_1,age_cond_2,veh_type_cond_1,veh_type_cond_2,lum_code,agg_code,int_code,atm_code,col_code
202300052147,2023-06-10 17:10:00,2023,6,10,17,10,59,59609,AUTOROUTE A1,50.5708,3.0781,Plein jour,Hors agglomération,Hors intersection,Normale,Deux véhicules - arrière,1,-1,3,0,1,1,1,0,1,90,2,2,1,0,1,0,47.0,23.0,deux_roues,voiture,1,1,1,1,2
202300052148,2023-07-07 19:30:00,2023,7,7,19,30,89,89387,LEPELLETIER DE SAINT FARGEAU (RUE),48.19808,3.272213,Plein jour,En agglomération,Hors intersection,Temps éblouissant,Autre collision,4,2,2,0,1,1,1,0,1,50,1,2,1,0,0,1,33.0,,utilitaire_camion,,1,2,1,7,6
202300052149,2023-12-01 14:10:00,2023,12,1,14,10,84,84035,ROBION-RD2 (ROUTE DE),43.843105,5.075533,Plein jour,Hors agglomération,Autre intersection,Pluie légère,Trois véhicules et plus - collisions multiples,3,2,2,0,2,1,2,0,1,80,3,4,3,0,0,1,65.0,29.0,voiture,utilitaire_camion,1,1,9,2,5
202300052150,2023-09-26 17:45:00,2023,9,26,17,45,54,54483,Rue Anatole France,48.632138,6.305999,Plein jour,En agglomération,Hors intersection,Normale,Deux véhicules - arrière,4,1,1,0,1,1,1,0,1,30,2,2,1,0,0,1,27.0,50.0,deux_roues,voiture,1,2,1,1,2
202300052151,2023-01-04 19:00:00,2023,1,4,19,0,82,82101,267 LIEU-DIT AU GOULAT,44.085759,0.985014,Nuit sans éclairage public,Hors agglomération,Intersection en X,Normale,Autre collision,3,2,2,0,1,1,1,0,3,80,1,1,0,0,0,1,52.0,,voiture,,3,1,2,1,6
202300052151,2023-01-04 19:00:00,2023,1,4,19,0,82,82101,267 LIEU-DIT AU GOULAT,44.085759,0.985014,Nuit sans éclairage public,Hors agglomération,Intersection en X,Normale,Autre collision,3,2,0,0,1,1,1,0,1,80,1,1,0,0,0,1,52.0,,voiture,,3,1,2,1,6
202300052152,2023-02-15 11:45:00,2023,2,15,11,45,75,75117,PORTE DE CHAMPERRET,48.887035,2.29029,Plein jour,En agglomération,Hors intersection,Normale,Deux véhicules - arrière,4,1,4,0,1,1,1,1,1,70,2,3,1,0,0,1,24.0,,voiture,voiture,1,2,1,1,2
202300052153,2023-08-22 10:20:00,2023,8,22,10,20,57,57672,LIBERATION (ALLEE DE LA) - PAIR,49.36525,6.15188,Plein jour,En agglomération,Hors intersection,Normale,Autre collision,4,3,4,0,1,1,1,0,1,50,1,2,1,0,1,0,81.0,,voiture,,1,2,1,1,6
202300052154,2023-05-08 11:45:00,2023,5,8,11,45,78,78410,route departementale 37,49.075658,1.630896,Plein jour,Hors agglomération,Intersection en Y,Normale,Sans collision,3,2,2,0,1,4,1,0,8,80,1,1,0,0,1,0,85.0,,voiture,,1,1,4,1,7
202300052154,2023-05-08 11:45:00,2023,5,8,11,45,78,78410,route departementale 37,49.075658,1.630896,Plein jour,Hors agglomération,Intersection en Y,Normale,Sans collision,3,2, -1,-1,1,1,1,0,1,-1,1,1,0,0,1,0,85.0,,voiture,,1,1,4,1,7
202300052155,2023-06-07 19:45:00,2023,6,7,19,45,59,59378,AUTOROUTE A22,50.69693344,3.11408091,Plein jour,Hors agglomération,Hors intersection,Normale,Autre collision,1,-1,2,0,1,1,1,0,1,110,1,1,0,0,1,0,41.0,,utilitaire_camion,,1,1,1,1,6
202300052156,2023-12-01 19:55:00,2023,12,1,19,55,83,83137,LACROIX (RUE DU LIEUTENANT HENRI),43.10853,5.9353,Nuit avec éclairage allumé,En agglomération,Hors intersection,Pluie légère,Autre collision,4,2,2,0,1,1,2,0,1,50,1,2,1,0,1,0,24.0,,deux_roues,,5,2,1,2,6
202300052157,2023-07-15 18:30:00,2023,7,15,18,30,974,97416,RN3 (3),-21.31033,55.49707,Nuit sans éclairage public,Hors agglomération,Hors intersection,Pluie légère,Autre collision,2,1,3,0,2,3,2,3,1,90,1,1,0,0,0,1,30.0,,voiture,,3,1,1,2,6
202300052158,2023-10-25 21:00:00,2023,10,25,21,0,78,78189,Route départementale,48.887107,1.901639,Nuit sans éclairage public,Hors agglomération,Hors intersection,Pluie légère,Sans collision,3,2,2,0,1,1,2,0,8,80,1,1,0,0,1,0,21.0,,voiture,,3,1,1,2,7
202300052159,2023-09-26 08:20:00,2023,9,26,8,20,52,52121,REPUBLIQUE (AVENUE),48.10467057,5.14286757,Plein jour,En agglomération,Hors intersection,Normale,Autre collision,3,1,4,0,1,1,1,0,1,50,1,2,1,0,1,0,21.0,,voiture,,1,2,1,1,6
202300052160,2023-01-05 13:25:00,2023,1,5,13,25,47,47043,Route de Vianne,44.244753,0.315621,Plein jour,Hors agglomération,Hors intersection,Normale,Trois véhicules et plus - en chaîne,3,2,2,0,1,1,1,0,1,80,3,3,1,0,0,2,38.0,43.0,voiture,voiture,1,1,1,1,4
202300052161,2023-06-12 17:31:00,2023,6,12,17,31,91,91174,RN 104,48.623195,2.466611,Plein jour,Hors agglomération,Hors intersection,Normale,Autre collision,2,2,6,0,1,1,1,0,1,90,1,1,0,0,0,1,23.0,,deux_roues,,1,1,1,1,6
202300052162,2023-02-14 21:15:00,2023,2,14,21,15,75,75113,PORTE D IVRY,48.820798,2.376664,Plein jour,En agglomération,Hors intersection,Normale,Deux véhicules - côté,4,1,4,0,1,1,1,0,1,70,2,3,1,0,0,2,24.0,24.0,voiture,deux_roues,1,2,1,1,3
202300052163,2023-07-15 23:20:00,2023,7,15,23,20,974,97416,RN1,-21.32405,55.44682,Nuit sans éclairage public,Hors agglomération,Hors intersection,Pluie forte,Sans collision,2,1,1,0,1,3,2,0,1,110,1,1,0,0,0,1,30.0,,voiture,,3,1,1,3,7
202300052164,2023-08-23 11:30:00,2023,8,23,11,30,54,54395,Rue Henri Déglin,48.70149,6.18128,Plein jour,En agglomération,Intersection en X,Normale,Deux véhicules - côté,4,2,1,2,1,1,1,-1,1,30,2,2,1,0,0,1,23.0,71.0,voiture,deux_roues,1,2,2,1,3
202300052164,2023-08-23 11:30:00,2023,8,23,11,30,54,54395,Rue Henri Déglin,48.70149,6.18128,Plein jour,En agglomération,Intersection en X,Normale,Deux véhicules - côté,4,1,1,2,1,1,1,0,1,30,2,2,1,0,0,1,23.0,71.0,voiture,deux_roues,1,2,2,1,3
202300052165,2023-09-27 12:10:00,2023,9,27,12,10,51,51454,LOUVOIS (RUE DE) DU N°140 A FIN ET DU N°,49.22877,4.03712,Plein jour,En agglomération,Hors intersection,Normale,Autre collision,4,1,1,1,1,1,1,0,1,50,1,2,1,0,0,1,71.0,,voiture,,1,2,1,1,6
202300052166,2023-05-09 17:15:00,2023,5,9,17,15,2B,2B313,RT10 Moriani Plage,42.3668,9.529604,Plein jour,En agglomération,Hors intersection,Normale,Deux véhicules - arrière,2,2,2,0,1,1,1,0,1,50,3,3,2,0,0,1,64.0,39.0,voiture,deux_roues,1,2,1,1,2
202300052167,2023-12-01 18:15:00,2023,12,1,18,15,82,82033,Route Quercy-Gascogne,44.05914,1.10228,Nuit avec éclairage allumé,En agglomération,Intersection en X,Normale,Deux véhicules - côté,3,2,2,0,2,1,2,2,1,50,2,2,1,0,0,1,18.0,26.0,deux_roues,voiture,5,2,2,1,3
202300052167,2023-12-01 18:15:00,2023,12,1,18,15,82,82033,Route Quercy-Gascogne,44.05914,1.10228,Nuit avec éclairage allumé,En agglomération,Intersection en X,Normale,Deux véhicules - côté,3,2,2,0,1,1,2,0,1,50,2,2,1,0,0,1,18.0,26.0,deux_roues,voiture,5,2,2,1,3
202300052168,2023-06-12 16:46:00,2023,6,12,16,46,92,92064,A13,48.83936013,2.21689418,Plein jour,Hors agglomération,Hors intersection,Normale,Deux véhicules - arrière,1,1,3,0,1,1,1,1,1,70,2,2,1,0,0,1,47.0,58.0,utilitaire_camion,voiture,1,1,1,1,2
202300052169,2023-01-04 16:20:00,2023,1,4,16,20,25,25262,D461,47.13649,6.615572,Plein jour,Hors agglomération,Hors intersection,Normale,Deux véhicules - frontale,3,2,2,0,2,3,1,0,1,80,2,4,3,0,1,0,50.0,52.0,voiture,voiture,1,1,1,1,1
202300052170,2023-09-26 15:50:00,2023,9,26,15,50,50,50129,LANSONNEUR (RUE LOUIS),49.62042,-1.62687,Plein jour,En agglomération,Intersection en T,Normale,Autre collision,3,2,2,0,1,1,1,0,1,50,1,1,0,0,0,1,27.0,,voiture,,1,2,3,1,6
202300052170,2023-09-26 15:50:00,2023,9,26,15,50,50,50129,LANSONNEUR (RUE LOUIS),49.62042,-1.62687,Plein jour,En agglomération,Intersection en T,Normale,Autre collision,3,2,2,0,1,1,1,0,1,50,1,1,0,0,0,1,27.0,,voiture,,1,2,3,1,6
202300052171,2023-02-15 18:00:00,2023,2,15,18,0,75,75120,RUE DE LA BIDASSOA,48.865776,2.394371,Plein jour,En agglomération,Intersection en X,Normale,Deux véhicules - côté,4,1,1,1,1,1,1,0,1,30,2,2,1,0,0,1,81.0,39.0,voiture,deux_roues,1,2,2,1,3
202300052171,2023-02-15 18:00:00,2023,2,15,18,0,75,75120,RUE DE LA BIDASSOA,48.865776,2.394371,Plein jour,En agglomération,Intersection en X,Normale,Deux véhicules - côté,4,-1,1,0,1,1,1,0,1,30,2,2,1,0,0,1,81.0,39.0,voiture,deux_roues,1,2,2,1,3
202300052172,2023-07-15 20:15:00,2023,7,15,20,15,974,97416,BOEUF(CHEMIN),-21.28952,55.4646,Nuit avec éclairage allumé,En agglomération,Intersection en X,Pluie légère,Deux véhicules - côté,4,-1,2,0,2,1,2,0,1,50,2,2,1,0,0,1,25.0,22.0,voiture,voiture,5,2,2,2,3
202300052172,2023-07-15 20:15:00,2023,7,15,20,15,974,97416,BOEUF(CHEMIN),-21.28952,55.4646,Nuit avec éclairage allumé,En agglomération,Intersection en X,Pluie légère,Deux véhicules - côté,4,2, -1,-1,1,1,2,5,1,-1,2,2,1,0,0,1,25.0,22.0,voiture,voiture,5,2,2,2,3
202300052173,2023-03-30 08:50:00,2023,3,30,8,50,77,77186,RD606. de la rochette à l'obélisque,48.48112,2.66907,Plein jour,Hors agglomération,Intersection en X,Normale,Trois véhicules et plus - collisions multiples,3,-1,0,0,1,1,1,5,1,70,3,5,3,0,0,2,46.0,21.0,voiture,voiture,1,1,2,1,5
202300052173,2023-03-30 08:50:00,2023,3,30,8,50,77,77186,RD606. de la rochette à l'obélisque,48.48112,2.66907,Plein jour,Hors agglomération,Intersection en X,Normale,Trois véhicules et plus - collisions multiples,3,2,0,0,1,1,1,5,1,70,3,5,3,0,0,2,46.0,21.0,voiture,voiture,1,1,2,1,5
202300052174,2023-11-30 07:15:00,2023,11,30,7,15,80,80021,SAINT MAURICE (RUE),49.90418,2.28811,Crépuscule ou aube,En agglomération,Intersection en X,Normale,Deux véhicules - côté,4,2,2,0,1,1,1,0,1,50,2,2,0,0,0,2,23.0,49.0,deux_roues,voiture,2,2,2,1,3
202300052174,2023-11-30 07:15:00,2023,11,30,7,15,80,80021,SAINT MAURICE (RUE),49.90418,2.28811,Crépuscule ou aube,En agglomération,Intersection en X,Normale,Deux véhicules - côté,4,2,2,0,1,1,1,0,1,50,2,2,0,0,0,2,23.0,49.0,deux_roues,voiture,2,2,2,1,3
202300052175,2023-08-24 18:31:00,2023,8,24,18,31,54,54149,D521,49.42816,5.93155,Crépuscule ou aube,En agglomération,Hors intersection,Pluie légère,Deux véhicules - frontale,3,2,2,0,1,1,2,0,1,50,2,4,2,0,0,2,19.0,48.0,voiture,voiture,2,2,1,2,1
202300052176,2023-06-12 09:20:00,2023,6,12,9,20,92,92048,N118,48.80998652,2.21231344,Plein jour,Hors agglomération,Hors intersection,Normale,Deux véhicules - arrière,2,1,2,0,1,1,1,0,1,90,2,2,1,0,0,1,41.0,31.0,utilitaire_camion,voiture,1,1,1,1,2
202300052177,2023-05-06 13:00:00,2023,5,6,13,0,66,66065,,42.598207,2.97597,Plein jour,En agglomération,Intersection en T,Normale,Deux véhicules - côté,4,1,1,2,1,1,1,5,1,50,2,2,1,0,1,0,32.0,41.0,deux_roues,voiture,1,2,3,1,3
202300052177,2023-05-06 13:00:00,2023,5,6,13,0,66,66065,,42.598207,2.97597,Plein jour,En agglomération,Intersection en T,Normale,Deux véhicules - côté,4,2,2,0,1,1,1,5,1,-1,2,2,1,0,1,0,32.0,41.0,deux_roues,voiture,1,2,3,1,3
202300052178,2023-09-26 19:05:00,2023,9,26,19,5,50,50129,BRECOURT (rond point de ),49.65379,-1.67616,Plein jour,En agglomération,Giratoire,Normale,Deux véhicules - côté,9,1,1,0,1,2,1,0,1,50,2,2,1,0,0,1,48.0,51.0,voiture,deux_roues,1,2,6,1,3
202300052179,2023-08-23 16:36:00,2023,8,23,16,36,54,54382,Avenue de l’Europe,49.541781,5.797223,Plein jour,Hors agglomération,Autre intersection,Normale,Autre collision,4,2,2,0,1,1,1,0,8,80,1,1,0,0,0,1,19.0,,voiture,,1,1,9,1,6
202300052180,2023-03-30 11:00:00,2023,3,30,11,0,69,69266,138 Cours Emile Zola,45.77006,4.8765,Plein jour,En agglomération,Hors intersection,Normale,Deux véhicules - côté,4,2,2,2,1,1,1,0,1,50,2,2,1,0,0,1,39.0,33.0,deux_roues,voiture,1,2,1,1,3
202300052181,2023-02-15 16:00:00,2023,2,15,16,0,75,75119,RUE DES FETES,48.876138,2.392052,Plein jour,En agglomération,Hors intersection,Normale,Deux véhicules - arrière,4,1,1,0,1,1,1,0,1,30,2,2,1,0,0,1,18.0,82.0,deux_roues,voiture,1,2,1,1,2
202300052182,2023-01-05 17:00:00,2023,1,5,17,0,44,44131,19 Rue Charles de Foucauld,47.11377,-2.131134,Plein jour,En agglomération,Hors intersection,Temps couvert,Deux véhicules - côté,4,1,2,0,2,1,2,0,1,30,2,2,1,0,1,0,41.0,71.0,deux_roues,utilitaire_camion,1,2,1,8,3
202300052183,2023-06-12 06:40:00,2023,6,12,6,40,78,78402,A13,48.96518,1.763334,Plein jour,Hors agglomération,Hors intersection,Normale,Autre collision,1,-1,3,0,2,1,1,0,2,90,1,1,0,0,0,1,38.0,,voiture,,1,1,1,1,6
202300052184,2023-07-15 07:22:00,2023,7,15,7,22,974,97416,RN03,-21.3183,55.4898,Plein jour,Hors agglomération,Hors intersection,Pluie légère,Deux véhicules - arrière,2,3,4,0,1,1,2,0,1,90,2,2,1,0,0,1,33.0,75.0,voiture,utilitaire_camion,1,1,1,2,2
202300052185,2023-05-09 17:30:00,2023,5,9,17,30,83,83001,D37,43.553987,6.795924,Plein jour,Hors agglomération,Hors intersection,Normale,Deux véhicules - frontale,3,2,2,0,1,1,1,0,1,-1,2,2,1,0,1,0,29.0,37.0,voiture,utilitaire_camion,1,1,1,1,1
202300052186,2023-12-01 18:05:00,2023,12,1,18,5,79,79259,,46.96389,-0.21008,Nuit avec éclairage allumé,En agglomération,Intersection en X,Normale,Deux véhicules - arrière,3,2,2,-1,1,1,2,0,1,-1,2,2,1,0,0,1,75.0,14.0,voiture,deux_roues,5,2,2,1,2
202300052186,2023-12-01 18:05:00,2023,12,1,18,5,79,79259,,46.96389,-0.21008,Nuit avec éclairage allumé,En agglomération,Intersection en X,Normale,Deux véhicules - arrière,3,2,2,0,2,1,2,0,1,50,2,2,1,0,0,1,75.0,14.0,voiture,deux_roues,5,2,2,1,2
202300052187,2023-09-26 18:56:00,2023,9,26,18,56,49,49353,REPUBLIQUE AVENUE,47.44751,-0.50025,Plein jour,En agglomération,Hors intersection,Normale,Deux véhicules - côté,4,2,2,0,1,1,1,0,1,50,2,2,1,0,0,1,24.0,39.0,deux_roues,voiture,1,2,1,1,3
202300052188,2023-08-24 13:20:00,2023,8,24,13,20,51,51454,LECOINTE (RUE SADI),49.25678,4.06405,Plein jour,En agglomération,Hors intersection,Temps couvert,Autre collision,4,2,2,0,1,1,1,0,1,50,1,3,2,0,0,1,21.0,,utilitaire_camion,,1,2,1,8,6
202300052189,2023-06-10 07:30:00,2023,6,10,7,30,75,75116,A13Y,48.848364,2.247631,Plein jour,Hors agglomération,Hors intersection,Normale,Deux véhicules - côté,1,1,3,0,2,1,1,0,1,70,2,2,1,0,0,1,45.0,42.0,voiture,voiture,1,1,1,1,3
202300052190,2023-02-15 09:15:00,2023,2,15,9,15,75,75119,BOULEVARD SERURIER,48.878563,2.402539,Plein jour,En agglomération,Hors intersection,Normale,Deux véhicules - côté,4,2,5,1,2,4,1,-1,5,30,2,2,1,0,0,1,57.0,27.0,voiture,deux_roues,1,2,1,1,3
202300052191,2023-03-29 12:30:00,2023,3,29,12,30,64,64140,MOULIN D'HUREOUS (RUE DU),43.53239,-1.47226,Plein jour,En agglomération,Intersection en T,Normale,Deux véhicules - côté,4,1,1,0,2,1,1,0,1,50,2,2,1,0,0,1,76.0,13.0,voiture,deux_roues,1,2,3,1,3
202300052191,2023-03-29 12:30:00,2023,3,29,12,30,64,64140,MOULIN D'HUREOUS (RUE DU),43.53239,-1.47226,Plein jour,En agglomération,Intersection en T,Normale,Deux véhicules - côté,4,2,2,0,2,1,1,0,1,50,2,2,1,0,0,1,76.0,13.0,voiture,deux_roues,1,2,3,1,3
202300052192,2023-07-15 19:15:00,2023,7,15,19,15,974,97411,LITTORAL (ROUTE 1 DU),-20.87418371,55.42956591,Nuit sans éclairage public,Hors agglomération,Autre intersection,Normale,Deux véhicules - arrière,2,1,4,0,1,1,1,0,1,90,2,3,2,0,0,1,25.0,49.0,voiture,voiture,3,1,9,1,2
202300052193,2023-05-09 21:10:00,2023,5,9,21,10,04,04143,18 Avenue Charles Richaud,43.920826,5.91676,Nuit avec éclairage allumé,En agglomération,Hors intersection,Normale,Autre collision,3,2,2,0,2,2,2,0,1,50,1,2,1,0,0,1,25.0,,voiture,,5,2,1,1,6
202300052194,2023-12-01 19:57:00,2023,12,1,19,57,78,78440,MARECHAL FOCH (AVENUE DU),48.985525,1.894033,Nuit avec éclairage allumé,En agglomération,Hors intersection,Normale,Trois véhicules et plus - en chaîne,3,2,2,0,2,1,1,0,1,50,3,3,2,0,0,1,39.0,62.0,voiture,voiture,5,2,1,1,4
202300052195,2023-01-05 14:15:00,2023,1,5,14,15,38,38065,D520,45.448842,5.400209,Plein jour,Hors agglomération,Hors intersection,Temps couvert,Trois véhicules et plus - collisions multiples,3,2,2,0,1,1,2,0,1,80,3,4,0,0,2,2,23.0,53.0,voiture,voiture,1,1,1,8,5
202300052196,2023-09-26 11:35:00,2023,9,26,11,35,49,49353,JEAN JAURES RUE,47.44231,-0.49428,Plein jour,En agglomération,Hors intersection,Normale,Sans collision,4,2,2,2,1,1,1,0,1,30,2,2,1,0,0,1,62.0,72.0,voiture,deux_roues,1,2,1,1,7
202300052197,2023-08-24 09:30:00,2023,8,24,9,30,51,51454,TALLEYRAND (RUE),49.25423,4.03029,Plein jour,En agglomération,Intersection en X,Normale,Autre collision,4,2, -1,-1,1,1,1,5,1,-1,1,2,1,0,0,1,50.0,,transport_commun,,1,2,2,1,6
202300052197,2023-08-24 09:30:00,2023,8,24,9,30,51,51454,TALLEYRAND (RUE),49.25423,4.03029,Plein jour,En agglomération,Intersection en X,Normale,Autre collision,4,2,2,0,1,1,1,5,1,30,1,2,1,0,0,1,50.0,,transport_commun,,1,2,2,1,6
202300052198,2023-05-09 07:00:00,2023,5,9,7,0,42,42168,Route de Maclas,45.406164,4.682161,Nuit avec éclairage non allumé,En agglomération,Hors intersection,Normale,Autre collision,3,2,2,0,1,1,1,0,3,50,1,1,0,1,0,0,55.0,,voiture,,4,2,1,1,6
202300052199,2023-02-15 18:30:00,2023,2,15,18,30,75,75118,RUE DES POISSONNIERS,48.894231,2.352881,Nuit avec éclairage allumé,En agglomération,Intersection en T,Temps couvert,Autre collision,4,2, -1,-1,1,1,1,0,1,-1,1,2,1,0,0,1,59.0,,voiture,,5,2,3,8,6
202300052199,2023-02-15 18:30:00,2023,2,15,18,30,75,75118,RUE DES POISSONNIERS,48.894231,2.352881,Nuit avec éclairage allumé,En agglomération,Intersection en T,Temps couvert,Autre collision,4,1,2,0,1,1,1,0,1,50,1,2,1,0,0,1,59.0,,voiture,,5,2,3,8,6
202300052200,2023-12-01 15:35:00,2023,12,1,15,35,78,78401,ALBERT JOZON (RUE),49.00535,1.90659,Plein jour,En agglomération,Hors intersection,Normale,Autre collision,3,2,4,0,1,1,1,0,1,50,1,2,1,0,0,1,53.0,,deux_roues,,1,2,1,1,6
202300052201,2023-06-09 08:00:00,2023,6,9,8,0,78,78322,RN12 EXT,48.78315,2.159296,Plein jour,Hors agglomération,Hors intersection,Normale,Trois véhicules et plus - en chaîne,2,1,4,0,1,1,1,0,1,90,4,5,3,0,1,1,20.0,43.0,voiture,voiture,1,1,1,1,4
202300052202,2023-03-29 14:33:00,2023,3,29,14,33,63,63113,Av République / Catarou,45.78757,3.10575,Plein jour,En agglomération,Intersection en X,Normale,Deux véhicules - côté,4,2,2,-1,1,1,1,0,1,30,2,2,1,1,0,0,69.0,46.0,deux_roues,utilitaire_camion,1,2,2,1,3
202300052202,2023-03-29 14:33:00,2023,3,29,14,33,63,63113,Av République / Catarou,45.78757,3.10575,Plein jour,En agglomération,Intersection en X,Normale,Deux véhicules - côté,4,3,2,1,1,1,1,5,5,30,2,2,1,1,0,0,69.0,46.0,deux_roues,utilitaire_camion,1,2,2,1,3
202300052203,2023-09-27 20:20:00,2023,9,27,20,20,47,47001,BRU (AVENUE DU DOCTEUR JEAN),44.19362,0.61887,Nuit avec éclairage non allumé,En agglomération,Hors intersection,Normale,Autre collision,4,2,4,1,1,1,1,0,1,50,1,2,1,0,1,0,18.0,,voiture,,4,2,1,1,6
202300052204,2023-07-15 09:00:00,2023,7,15,9,0,974,97411,VICTOIRE (AVENUE DE LA),-20.87662,55.44786,Plein jour,En agglomération,Autre intersection,Normale,Deux véhicules - côté,4,1,2,0,1,1,1,9,1,50,2,2,1,0,0,1,48.0,74.0,voiture,voiture,1,2,9,1,3
202300052204,2023-07-15 09:00:00,2023,7,15,9,0,974,97411,VICTOIRE (AVENUE DE LA),-20.87662,55.44786,Plein jour,En agglomération,Autre intersection,Normale,Deux véhicules - côté,4,2,2,0,2,1,1,9,1,50,2,2,1,0,0,1,48.0,74.0,voiture,voiture,1,2,9,1,3
202300052205,2023-01-04 01:50:00,2023,1,4,1,50,14,14249,D8,49.121074,-0.468678,Nuit sans éclairage public,Hors agglomération,Hors intersection,Vent fort / tempête,Autre collision,3,2,2,0,2,1,2,0,1,90,1,3,2,1,0,0,27.0,,voiture,,3,1,1,6,6
202300052206,2023-08-23 11:10:00,2023,8,23,11,10,51,51454,rue Saint-Léonard,49.24058,4.04506,Plein jour,En agglomération,Giratoire,Normale,Deux véhicules - côté,4,4,3,1,2,1,1,5,1,50,2,2,1,0,0,1,53.0,26.0,transport_commun,deux_roues,1,2,6,1,3
202300052207,2023-02-14 12:48:00,2023,2,14,12,48,75,75106,BOULEVARD DU MONTPARNASSE,48.840585,2.3337,Plein jour,En agglomération,Intersection en T,Normale,Autre collision,4,2,6,3,1,1,1,0,1,30,1,1,0,0,1,0,24.0,,deux_roues,,1,2,3,1,6
202300052207,2023-02-14 12:48:00,2023,2,14,12,48,75,75106,BOULEVARD DU MONTPARNASSE,48.840585,2.3337,Plein jour,En agglomération,Intersection en T,Normale,Autre collision,4,1, -1,-1,1,1,1,0,1,-1,1,1,0,0,1,0,24.0,,deux_roues,,1,2,3,1,6
202300052208,2023-04-30 14:15:00,2023,4,30,14,15,38,38557,Rue des Marais,45.785662,5.078033,Plein jour,Hors agglomération,Hors intersection,Normale,Deux véhicules - frontale,3,2,2,0,2,2,1,0,1,80,2,3,1,0,0,2,36.0,33.0,voiture,voiture,1,1,1,1,1
202300052209,2023-12-01 20:18:00,2023,12,1,20,18,77,77350,D471,48.781218,2.709808,Nuit sans éclairage public,Hors agglomération,Hors intersection,Normale,Sans collision,3,2,2,0,1,1,1,0,1,80,1,3,2,0,0,1,19.0,,voiture,,3,1,1,1,7
202300052210,2023-06-09 18:00:00,2023,6,9,18,0,93,93066,AUTOROUTE A1,48.90397188,2.35851769,Plein jour,Hors agglomération,Hors intersection,Normale,Deux véhicules - arrière,1,1,3,0,1,1,1,0,1,50,2,2,1,0,0,1,37.0,41.0,voiture,deux_roues,1,1,1,1,2
202300052211,2023-03-30 13:45:00,2023,3,30,13,45,62,62498,Rue Jean Letienne,50.42793356,2.82697964,Plein jour,En agglomération,Hors intersection,Normale,Deux véhicules - côté,4,2,0,0,1,1,1,0,1,30,2,2,1,0,0,1,63.0,23.0,utilitaire_camion,deux_roues,1,2,1,1,3
202300052212,2023-01-05 16:15:00,2023,1,5,16,15,60,60155,D929,49.28570389,2.35879654,Crépuscule ou aube,Hors agglomération,Hors intersection,Pluie légère,Deux véhicules - frontale,3,2,2,0,2,3,2,0,1,70,2,2,0,0,1,1,40.0,45.0,voiture,voiture,2,1,1,2,1
202300052213,2023-09-26 18:40:00,2023,9,26,18,40,44,44184,13 Rue Ambroise Paré,47.26017,-2.23624,Plein jour,En agglomération,Intersection en Y,Normale,Deux véhicules - frontale,4,2,2,0,2,1,1,0,1,50,2,2,1,0,0,1,22.0,54.0,deux_roues,voiture,1,2,4,1,1
202300052213,2023-09-26 18:40:00,2023,9,26,18,40,44,44184,13 Rue Ambroise Paré,47.26017,-2.23624,Plein jour,En agglomération,Intersection en Y,Normale,Deux véhicules - frontale,4,2,2,1,2,2,1,0,1,50,2,2,1,0,0,1,22.0,54.0,deux_roues,voiture,1,2,4,1,1
202300052214,2023-08-23 08:07:00,2023,8,23,8,7,50,50129,BATE (ROND POINT),49.63686,-1.55008,Plein jour,Hors agglomération,Giratoire,Temps éblouissant,Deux véhicules - côté,3,1,2,0,2,2,1,5,1,30,2,2,0,0,0,2,20.0,42.0,utilitaire_camion,deux_roues,1,1,6,7,3
202300052215,2023-07-15 18:10:00,2023,7,15,18,10,973,97302,MADELEINE (ROUTE DE LA),4.92539794,-52.3225379,Plein jour,En agglomération,Hors intersection,Normale,Deux véhicules - côté,3,-1,2,0,1,1,1,0,1,50,2,3,1,0,0,2,43.0,62.0,voiture,deux_roues,1,2,1,1,3
202300052216,2023-01-01 22:40:00,2023,1,1,22,40,16,16075,D7,45.512719,0.037535,Nuit sans éclairage public,Hors agglomération,Hors intersection,Pluie légère,Autre collision,3,-1,2,0,2,2,2,0,3,80,1,1,0,0,1,0,19.0,,voiture,,3,1,1,2,6
202300052217,2023-03-30 23:55:00,2023,3,30,23,55,61,61143,Route d'Ecouves,48.454253,0.084609,Nuit avec éclairage allumé,En agglomération,Giratoire,Pluie forte,Sans collision,3,3,2,0,1,3,2,0,4,50,1,1,0,0,0,1,49.0,,deux_roues,,5,2,6,3,7
202300052217,2023-03-30 23:55:00,2023,3,30,23,55,61,61143,Route d'Ecouves,48.454253,0.084609,Nuit avec éclairage allumé,En agglomération,Giratoire,Pluie forte,Sans collision,3,2,2,-1,2,3,2,0,1,-1,1,1,0,0,0,1,49.0,,deux_roues,,5,2,6,3,7
202300052218,2023-06-09 17:45:00,2023,6,9,17,45,95,95527,A1,48.99286381,2.51394314,Plein jour,Hors agglomération,Hors intersection,Normale,Deux véhicules - arrière,1,3,6,0,1,1,1,0,1,110,2,2,1,0,0,1,39.0,62.0,voiture,voiture,1,1,1,1,2
202300052219,2023-02-15 10:30:00,2023,2,15,10,30,75,75110,RUE DU FAUBOURG SAINT MARTIN,48.883078,2.367624,Plein jour,En agglomération,Hors intersection,Normale,Deux véhicules - arrière,4,2,3,3,1,1,1,0,1,30,2,2,1,0,1,0,28.0,56.0,voiture,deux_roues,1,2,1,1,2