accident_id,datetime,annee,mois,jour,heure,minute,departement,commune_insee,adresse,latitude,longitude,luminosite,agglomeration,intersection,meteo,collision,catr,circ,nbv,vosp,prof,plan,surf,infra,situ,vma,nb_vehicules,nb_usagers,nb_indemnes,nb_tues,nb_blesses_hosp,nb_blesses_legers,age_cond_1,age_cond_2,veh_type_cond_1,veh_type_cond_2,lum_code,agg_code,int_code,atm_code,col_code
202300052417,2023-06-11 01:35:00,2023,6,11,1,35,35,35238,BOURGEOIS (BOULEVARD LEON),48.098962,-1.65338,Nuit avec éclairage allumé,En agglomération,Hors intersection,Normale,Deux véhicules - côté,4,1,3,3,1,1,1,0,6,50,2,3,1,0,0,2,21.0,26.0,deux_roues,transport_commun,5,2,1,1,3
202300052418,2023-07-15 19:45:00,2023,7,15,19,45,34,34172,Boulevard Louis Blanc,43.61455455,3.88003059,Plein jour,Hors agglomération,Hors intersection,Normale,Deux véhicules - arrière,4,1,1,0,1,2,1,0,1,30,2,2,1,0,1,0,34.0,32.0,voiture,deux_roues,1,1,1,1,2
202300052419,2023-09-26 21:13:00,2023,9,26,21,13,75,75120,PORTE DE MONTREUIL,48.859033,2.41411,Nuit avec éclairage allumé,En agglomération,Hors intersection,Normale,Deux véhicules - arrière,4,1,4,0,1,1,1,0,1,70,2,2,1,0,0,1,40.0,59.0,deux_roues,voiture,5,2,1,1,2
202300052420,2023-03-29 08:18:00,2023,3,29,8,18,11,11069,,43.21051,2.35783,Plein jour,En agglomération,Intersection en X,Normale,Deux véhicules - côté,4,-1, -1,-1,1,1,1,0,1,-1,2,2,1,0,0,1,19.0,38.0,deux_roues,voiture,1,2,2,1,3
202300052420,2023-03-29 08:18:00,2023,3,29,8,18,11,11069,,43.21051,2.35783,Plein jour,En agglomération,Intersection en X,Normale,Deux véhicules - côté,4,1,1,0,2,3,1,0,1,30,2,2,1,0,0,1,19.0,38.0,deux_roues,voiture,1,2,2,1,3
202300052421,2023-02-15 16:30:00,2023,2,15,16,30,92,92078,GALLIENI (BD) (153 ET 225),48.929239,2.331755,Plein jour,En agglomération,Hors intersection,Normale,Autre collision,4,2,0,0,1,1,1,0,1,50,1,2,1,0,0,1,45.0,,utilitaire_camion,,1,2,1,1,6
202300052422,2023-11-30 12:52:00,2023,11,30,12,52,54,54304,Avenue de la Résistance,48.69503,6.12438,Plein jour,En agglomération,Intersection en X,Normale,Deux véhicules - côté,4,2,4,0,2,1,1,0,1,50,2,3,1,0,0,2,27.0,27.0,utilitaire_camion,voiture,1,2,2,1,3
202300052422,2023-11-30 12:52:00,2023,11,30,12,52,54,54304,Avenue de la Résistance,48.69503,6.12438,Plein jour,En agglomération,Intersection en X,Normale,Deux véhicules - côté,4,1,2,0,1,1,1,0,1,50,2,3,1,0,0,2,27.0,27.0,utilitaire_camion,voiture,1,2,2,1,3
202300052423,2023-01-05 08:15:00,2023,1,5,8,15,53,53168,16 Rue d'Anjou,47.985535,-0.782919,Nuit avec éclairage allumé,En agglomération,Hors intersection,Temps couvert,Autre collision,3,2,2,0,2,2,2,0,4,30,1,1,0,1,0,0,55.0,,voiture,,5,2,1,8,6
202300052424,2023-07-14 09:50:00,2023,7,14,9,50,34,34003,RD612,43.300023,3.507437,Plein jour,Hors agglomération,Hors intersection,Normale,Deux véhicules - arrière,3,1,0,0,2,1,1,9,1,90,2,2,1,0,1,0,31.0,26.0,utilitaire_camion,deux_roues,1,1,1,1,2
202300052425,2023-02-15 09:20:00,2023,2,15,9,20,92,92051,"CHARLES DE GAULLE (AVENUE, N°27 A 129)",48.87868047,2.27900594,Plein jour,En agglomération,Hors intersection,Normale,Deux véhicules - arrière,2,3,6,0,1,1,1,0,1,50,2,2,1,0,0,1,35.0,54.0,deux_roues,deux_roues,1,2,1,1,2
202300052426,2023-03-30 13:30:00,2023,3,30,13,30,06,06069,MASSEBOEUF (CHEMIN),43.64084,6.96747,Plein jour,En agglomération,Hors intersection,Normale,Deux véhicules - frontale,4,2,1,0,2,1,1,0,1,30,2,2,1,0,0,1,19.0,33.0,deux_roues,utilitaire_camion,1,2,1,1,1
202300052427,2023-06-11 22:15:00,2023,6,11,22,15,35,35115,PRES (RUE DES),48.35495,-1.1986,Nuit avec éclairage allumé,En agglomération,Giratoire,Normale,Deux véhicules - côté,4,2,2,0,2,1,1,0,1,30,2,2,1,0,0,1,30.0,17.0,voiture,deux_roues,5,2,6,1,3
202300052427,2023-06-11 22:15:00,2023,6,11,22,15,35,35115,PRES (RUE DES),48.35495,-1.1986,Nuit avec éclairage allumé,En agglomération,Giratoire,Normale,Deux véhicules - côté,4,1,1,0,2,1,1,0,1,30,2,2,1,0,0,1,30.0,17.0,voiture,deux_roues,5,2,6,1,3
202300052428,2023-09-27 19:42:00,2023,9,27,19,42,75,75106,QUAI MALAQUAIS,48.858232,2.333239,Nuit avec éclairage allumé,En agglomération,Intersection en T,Normale,Autre collision,4,-1, -1,1,1,1,1,0,5,30,1,1,0,0,0,1,60.0,,deux_roues,,5,2,3,1,6
202300052428,2023-09-27 19:42:00,2023,9,27,19,42,75,75106,QUAI MALAQUAIS,48.858232,2.333239,Nuit avec éclairage allumé,En agglomération,Intersection en T,Normale,Autre collision,4,2,2,1,1,1,1,0,5,30,1,1,0,0,0,1,60.0,,deux_roues,,5,2,3,1,6
202300052429,2023-01-04 18:45:00,2023,1,4,18,45,76,76057,Boulevard de Normandie,49.53770522,0.96125364,Nuit sans éclairage public,Hors agglomération,Hors intersection,Pluie forte,Deux véhicules - arrière,3,3,2,0,2,1,4,0,1,80,2,2,1,0,0,1,39.0,25.0,voiture,voiture,3,1,1,3,2
202300052430,2023-07-15 05:00:00,2023,7,15,5,0,33,33063,Quai Richelieu,44.83719,-0.56604,Nuit avec éclairage allumé,En agglomération,Hors intersection,Normale,Autre collision,4,1,1,0,2,1,1,0,1,50,1,1,0,1,0,0,27.0,,deux_roues,,5,2,1,1,6
202300052431,2023-12-02 02:00:00,2023,12,2,2,0,49,49007,MONTAIGNE AVENUE,47.46821,-0.53059,Nuit avec éclairage allumé,En agglomération,Hors intersection,Normale,Deux véhicules - côté,4,2,2,0,1,1,1,8,1,50,2,2,1,0,0,1,26.0,24.0,voiture,deux_roues,5,2,1,1,3
202300052432,2023-06-11 08:30:00,2023,6,11,8,30,31,31555,ALL DE BARCELONE,43.60412,1.43456,Plein jour,En agglomération,Hors intersection,Normale,Autre collision,4,1,1,0,1,1,1,0,1,20,1,1,0,0,0,1,23.0,,voiture,,1,2,1,1,6
202300052433,2023-02-14 09:20:00,2023,2,14,9,20,92,92049,BRIAND AVENUE ARISTIDE N°1 A 129,48.81752,2.3256,Plein jour,En agglomération,Intersection en X,Normale,Deux véhicules - côté,3,2,4,1,1,1,1,5,1,50,2,2,1,0,0,1,31.0,64.0,deux_roues,voiture,1,2,2,1,3
202300052433,2023-02-14 09:20:00,2023,2,14,9,20,92,92049,BRIAND AVENUE ARISTIDE N°1 A 129,48.81752,2.3256,Plein jour,En agglomération,Intersection en X,Normale,Deux véhicules - côté,3,2,4,1,1,1,1,5,1,50,2,2,1,0,0,1,31.0,64.0,deux_roues,voiture,1,2,2,1,3
202300052434,2023-03-29 15:10:00,2023,3,29,15,10,05,05061,FREDERIC MISTRAL ( COURS ),44.55692,6.07585,Plein jour,En agglomération,Hors intersection,Normale,Deux véhicules - arrière,3,1,2,0,2,1,1,0,1,30,2,2,1,0,0,1,17.0,62.0,deux_roues,voiture,1,2,1,1,2
202300052435,2023-01-05 12:25:00,2023,1,5,12,25,80,80219,Rue du Chateau,49.725169,2.073208,Plein jour,Hors agglomération,Hors intersection,Pluie légère,Sans collision,4,2,2,0,2,3,2,0,8,80,1,2,1,0,0,1,20.0,,voiture,,1,1,1,2,7
202300052436,2023-09-27 09:10:00,2023,9,27,9,10,75,75113,RUE DE TOLBIAC,48.829187,2.37421,Plein jour,En agglomération,Intersection en T,Normale,Deux véhicules - côté,4,-1, -1,0,1,1,1,0,1,30,2,2,1,0,0,1,29.0,24.0,voiture,deux_roues,1,2,3,1,3
202300052436,2023-09-27 09:10:00,2023,9,27,9,10,75,75113,RUE DE TOLBIAC,48.829187,2.37421,Plein jour,En agglomération,Intersection en T,Normale,Deux véhicules - côté,4,2,3,0,1,1,1,0,1,30,2,2,1,0,0,1,29.0,24.0,voiture,deux_roues,1,2,3,1,3
202300052437,2023-06-10 03:05:00,2023,6,10,3,5,31,31555,Autoroute 624,43.604524,1.40418,Nuit avec éclairage allumé,En agglomération,Hors intersection,Normale,Autre collision,1,1,1,0,1,1,1,3,6,50,1,1,0,1,0,0,46.0,,voiture,,5,2,1,1,6
202300052438,2023-02-15 12:50:00,2023,2,15,12,50,92,92044,ALSACE (RUE) N°19 + ET 20+,48.89287,2.29835,Plein jour,En agglomération,Hors intersection,Normale,Sans collision,4,2,2,3,1,1,1,0,1,30,1,1,0,0,0,1,49.0,,deux_roues,,1,2,1,1,7
202300052439,2023-07-15 09:31:00,2023,7,15,9,31,33,33200,Rue de la Morandière,44.86058,-0.6777,Plein jour,En agglomération,Intersection en T,Pluie légère,Deux véhicules - côté,4,2,2,1,1,1,2,0,1,50,2,2,1,0,0,1,69.0,27.0,voiture,deux_roues,1,2,3,2,3
202300052439,2023-07-15 09:31:00,2023,7,15,9,31,33,33200,Rue de la Morandière,44.86058,-0.6777,Plein jour,En agglomération,Intersection en T,Pluie légère,Deux véhicules - côté,4,2,2,0,1,1,2,0,1,50,2,2,1,0,0,1,69.0,27.0,voiture,deux_roues,1,2,3,2,3
202300052440,2023-03-29 18:30:00,2023,3,29,18,30,05,05061,GEORGES POMPIDOU ( BD),44.55924,6.08392,Plein jour,En agglomération,Hors intersection,Normale,Autre collision,4,2,3,0,1,1,1,0,1,50,1,2,1,0,0,1,45.0,,voiture,,1,2,1,1,6
202300052441,2023-02-15 09:55:00,2023,2,15,9,55,92,92044,JACQUES IBERT(RUE)14A26,48.8876476,2.28772178,Plein jour,En agglomération,Intersection en T,Temps couvert,Autre collision,4,1,2,0,1,1,1,0,1,30,1,2,1,0,0,1,30.0,,utilitaire_camion,,1,2,3,8,6
202300052441,2023-02-15 09:55:00,2023,2,15,9,55,92,92044,JACQUES IBERT(RUE)14A26,48.8876476,2.28772178,Plein jour,En agglomération,Intersection en T,Temps couvert,Autre collision,4,1,1,1,1,1,1,0,1,30,1,2,1,0,0,1,30.0,,utilitaire_camion,,1,2,3,8,6
202300052442,2023-01-04 10:15:00,2023,1,4,10,15,59,59400,Rue de Maroeuil,50.625611,2.630024,Plein jour,Hors agglomération,Hors intersection,Pluie légère,Deux véhicules - frontale,3,2,2,0,1,3,2,0,1,80,2,2,0,0,0,2,29.0,49.0,voiture,voiture,1,1,1,2,1
202300052443,2023-06-11 18:05:00,2023,6,11,18,5,28,28220,ROUTE NATIONALE 123,48.4161,1.45696,Plein jour,En agglomération,Hors intersection,Normale,Deux véhicules - côté,2,3,2,0,1,1,1,0,1,90,2,3,1,0,0,2,41.0,28.0,voiture,voiture,1,2,1,1,3
202300052444,2023-11-30 17:37:00,2023,11,30,17,37,49,49267,A87N,47.48533,-0.4978,Crépuscule ou aube,En agglomération,Hors intersection,Normale,Trois véhicules et plus - en chaîne,1,3,2,0,1,1,1,0,1,90,4,6,1,0,0,5,48.0,33.0,utilitaire_camion,voiture,2,2,1,1,4
202300052445,2023-03-30 19:50:00,2023,3,30,19,50,75,75106,RUE LOBINEAU,48.851662,2.335284,Nuit avec éclairage allumé,En agglomération,Intersection en T,Normale,Autre collision,4,1, -1,-1,1,1,1,0,1,-1,1,2,1,0,0,1,,,deux_roues,,5,2,3,1,6
202300052445,2023-03-30 19:50:00,2023,3,30,19,50,75,75106,RUE LOBINEAU,48.851662,2.335284,Nuit avec éclairage allumé,En agglomération,Intersection en T,Normale,Autre collision,4,1,1,0,1,1,1,0,1,30,1,2,1,0,0,1,,,deux_roues,,5,2,3,1,6
202300052446,2023-02-15 14:37:00,2023,2,15,14,37,54,54142,N57,48.46121914,6.2434423,Plein jour,Hors agglomération,Hors intersection,Normale,Autre collision,2,3,4,0,1,1,1,0,1,110,1,1,0,0,1,0,48.0,,voiture,,1,1,1,1,6
202300052447,2023-06-11 23:10:00,2023,6,11,23,10,14,14715,1 Place Foch,49.36623,0.07887,Nuit avec éclairage allumé,En agglomération,Hors intersection,Normale,Autre collision,4,1, -1,3,2,1,1,9,6,30,1,1,0,0,0,1,35.0,,deux_roues,,5,2,1,1,6
202300052448,2023-11-30 01:47:00,2023,11,30,1,47,49,49267,RD 116,47.48682231,-0.47623592,Nuit sans éclairage public,Hors agglomération,Hors intersection,Normale,Deux véhicules - frontale,3,2,2,0,1,1,1,0,1,90,1,2,0,0,0,2,19.0,,voiture,,3,1,1,1,1
202300052449,2023-03-30 07:55:00,2023,3,30,7,55,75,75120,RUE BELGRAND,48.864606,2.405974,Plein jour,En agglomération,Intersection en Y,Normale,Autre collision,4,1, -1,-1,1,1,1,0,1,-1,1,2,1,0,0,1,24.0,,deux_roues,,1,2,4,1,6
202300052449,2023-03-30 07:55:00,2023,3,30,7,55,75,75120,RUE BELGRAND,48.864606,2.405974,Plein jour,En agglomération,Intersection en Y,Normale,Autre collision,4,2,2,0,1,1,1,0,1,30,1,2,1,0,0,1,24.0,,deux_roues,,1,2,4,1,6
202300052450,2023-02-15 18:45:00,2023,2,15,18,45,86,86131,Rue de la Poste,46.434867,0.600916,Nuit avec éclairage allumé,En agglomération,Intersection en Y,Normale,Deux véhicules - frontale,4,2,0,0,1,1,1,0,1,50,2,2,1,0,1,0,16.0,50.0,deux_roues,voiture,5,2,4,1,1
202300052450,2023-02-15 18:45:00,2023,2,15,18,45,86,86131,Rue de la Poste,46.434867,0.600916,Nuit avec éclairage allumé,En agglomération,Intersection en Y,Normale,Deux véhicules - frontale,4,2,2,-1,1,1,1,0,1,50,2,2,1,0,1,0,16.0,50.0,deux_roues,voiture,5,2,4,1,1
202300052451,2023-01-03 08:10:00,2023,1,3,8,10,59,59507,AUTOROUTE A1,50.61213479,3.08907866,Nuit avec éclairage non allumé,Hors agglomération,Hors intersection,Normale,Deux véhicules - arrière,1,-1,10,0,1,1,9,0,1,90,2,2,1,0,1,0,27.0,29.0,utilitaire_camion,deux_roues,4,1,1,1,2
202300052452,2023-07-14 01:45:00,2023,7,14,1,45,33,33032,Quai Francais,44.89356196,-0.52999914,Nuit avec éclairage allumé,En agglomération,Hors intersection,Normale,Autre collision,4,1,2,2,1,1,1,0,1,30,1,2,1,0,0,1,41.0,,voiture,,5,2,1,1,6
202300052453,2023-06-11 22:00:00,2023,6,11,22,0,13,13206,ROME (RUE DE),43.29204,5.38031,Nuit avec éclairage allumé,En agglomération,Intersection en X,Pluie légère,Deux véhicules - côté,4,1,2,1,1,1,2,5,6,50,2,2,1,0,1,0,33.0,39.0,voiture,deux_roues,5,2,2,2,3
202300052453,2023-06-11 22:00:00,2023,6,11,22,0,13,13206,ROME (RUE DE),43.29204,5.38031,Nuit avec éclairage allumé,En agglomération,Intersection en X,Pluie légère,Deux véhicules - côté,4,2,2,3,1,1,2,5,6,50,2,2,1,0,1,0,33.0,39.0,voiture,deux_roues,5,2,2,2,3
202300052454,2023-09-27 15:45:00,2023,9,27,15,45,75,75119,AVENUE RENE FONCK,48.879663,2.408392,Plein jour,En agglomération,Intersection en T,Normale,Autre collision,4,2,4,0,2,1,1,0,1,30,1,2,1,0,0,1,25.0,,voiture,,1,2,3,1,6
202300052454,2023-09-27 15:45:00,2023,9,27,15,45,75,75119,AVENUE RENE FONCK,48.879663,2.408392,Plein jour,En agglomération,Intersection en T,Normale,Autre collision,4,-1, -1,0,1,1,1,0,1,30,1,2,1,0,0,1,25.0,,voiture,,1,2,3,1,6
202300052455,2023-02-16 01:10:00,2023,2,16,1,10,68,68250,Route de Soultzmatt,47.936655,7.23321,Nuit avec éclairage non allumé,En agglomération,Hors intersection,Brouillard / fumée,Sans collision,4,2,2,0,2,3,7,0,3,50,1,1,0,0,0,1,27.0,,voiture,,4,2,1,5,7
202300052456,2023-11-29 17:10:00,2023,11,29,17,10,48,48095,RD 806,44.53042,3.48972,Nuit sans éclairage public,Hors agglomération,Hors intersection,Pluie légère,Sans collision,3,2,2,0,2,1,2,0,1,70,2,3,1,0,0,2,50.0,39.0,voiture,utilitaire_camion,3,1,1,2,7
202300052457,2023-03-30 18:15:00,2023,3,30,18,15,75,75117,AVENUE DE SAINT OUEN,48.894947,2.328088,Plein jour,En agglomération,Intersection en X,Normale,Deux véhicules - côté,4,2,2,3,1,1,1,-1,6,30,2,3,2,0,0,1,22.0,27.0,deux_roues,voiture,1,2,2,1,3
202300052457,2023-03-30 18:15:00,2023,3,30,18,15,75,75117,AVENUE DE SAINT OUEN,48.894947,2.328088,Plein jour,En agglomération,Intersection en X,Normale,Deux véhicules - côté,4,1, -1,-1,1,1,1,-1,6,30,2,3,2,0,0,1,22.0,27.0,deux_roues,voiture,1,2,2,1,3
202300052458,2023-01-04 09:50:00,2023,1,4,9,50,94,94003,A6A,48.80389457,2.3420366,Plein jour,Hors agglomération,Hors intersection,Pluie légère,Deux véhicules - côté,1,3,3,3,2,1,2,8,1,70,2,2,1,0,0,1,31.0,37.0,voiture,deux_roues,1,1,1,2,3
202300052459,2023-06-11 06:00:00,2023,6,11,6,0,13,13201,FLAMMARION (BOULEVARD)     1 A 65,43.305,5.3905,Plein jour,En agglomération,Autre intersection,Normale,Deux véhicules - arrière,4,2,1,0,1,1,1,0,1,50,2,3,1,0,1,1,31.0,27.0,deux_roues,voiture,1,2,9,1,2
202300052460,2023-07-15 10:00:00,2023,7,15,10,0,31,31555,RUE DE LISIEUX,43.60386,1.39423,Plein jour,En agglomération,Intersection en T,Normale,Deux véhicules - côté,4,2,2,0,1,1,1,0,1,50,2,2,0,0,0,2,33.0,32.0,voiture,utilitaire_camion,1,2,3,1,3
202300052460,2023-07-15 10:00:00,2023,7,15,10,0,31,31555,RUE DE LISIEUX,43.60386,1.39423,Plein jour,En agglomération,Intersection en T,Normale,Deux véhicules - côté,4,2,2,0,1,2,1,0,1,50,2,2,0,0,0,2,33.0,32.0,voiture,utilitaire_camion,1,2,3,1,3
202300052461,2023-01-04 13:55:00,2023,1,4,13,55,78,78640,A86 EXT,48.77964,2.191321,Plein jour,Hors agglomération,Hors intersection,Pluie légère,Autre collision,1,1,3,0,1,1,2,0,1,110,1,1,0,0,0,1,21.0,,voiture,,1,1,1,2,6
202300052462,2023-03-30 14:45:00,2023,3,30,14,45,75,75116,AVENUE RAYMOND POINCARE,48.86544054,2.28642225,Plein jour,En agglomération,Hors intersection,Normale,Autre collision,4,2,1,0,1,1,1,0,1,50,1,2,1,0,0,1,39.0,,voiture,,1,2,1,1,6
202300052463,2023-09-26 19:00:00,2023,9,26,19,0,75,75119,RUE AUGUSTIN THIERRY,48.876202,2.393456,Plein jour,En agglomération,Hors intersection,Normale,Deux véhicules - côté,4,1,1,1,2,2,1,-1,5,30,2,2,1,0,0,1,41.0,41.0,voiture,deux_roues,1,2,1,1,3
202300052464,2023-02-11 08:05:00,2023,2,11,8,5,84,84037,Route de Sorgues,44.048976,4.838056,Crépuscule ou aube,En agglomération,Hors intersection,Normale,Deux véhicules - frontale,3,2,2,0,1,1,1,0,1,50,2,4,3,0,1,0,26.0,76.0,voiture,voiture,2,2,1,1,1
202300052465,2023-06-11 17:15:00,2023,6,11,17,15,13,13210,Rond-point Florian,43.27798382,5.42720854,Plein jour,En agglomération,Hors intersection,Normale,Deux véhicules - arrière,4,1,2,0,1,1,1,1,1,50,2,2,1,0,1,0,26.0,45.0,deux_roues,voiture,1,2,1,1,2
202300052466,2023-01-04 07:30:00,2023,1,4,7,30,93,93007,AUTOROUTE A3,48.94214437,2.47816647,Crépuscule ou aube,Hors agglomération,Hors intersection,Normale,Deux véhicules - côté,1,3,3,0,1,1,1,0,1,110,2,2,1,0,0,1,56.0,50.0,voiture,utilitaire_camion,2,1,1,1,3
202300052467,2023-11-29 11:57:00,2023,11,29,11,57,45,45208,51 Rue Dorée,47.99656,2.73282,Plein jour,En agglomération,Intersection en Y,Normale,Deux véhicules - côté,4,1,1,0,1,1,1,6,1,30,2,7,4,0,0,3,18.0,20.0,voiture,voiture,1,2,4,1,3
202300052467,2023-11-29 11:57:00,2023,11,29,11,57,45,45208,51 Rue Dorée,47.99656,2.73282,Plein jour,En agglomération,Intersection en Y,Normale,Deux véhicules - côté,4,1,1,0,1,3,1,6,1,30,2,7,4,0,0,3,18.0,20.0,voiture,voiture,1,2,4,1,3
202300052468,2023-07-15 05:19:00,2023,7,15,5,19,31,31555,VA007331 A620,43.57557,1.40855,Nuit avec éclairage allumé,Hors agglomération,Hors intersection,Normale,Deux véhicules - côté,1,1,3,0,1,1,1,0,1,90,2,2,1,0,0,1,37.0,49.0,voiture,utilitaire_camion,5,1,1,1,3
202300052469,2023-02-15 16:00:00,2023,2,15,16,0,59,59278,Rue du General de Gaulle,50.609,2.962253,Plein jour,En agglomération,Hors intersection,Normale,Deux véhicules - côté,7,2,2,2,1,1,1,0,1,-1,2,3,2,0,0,1,40.0,49.0,deux_roues,voiture,1,2,1,1,3
202300052470,2023-03-30 13:00:00,2023,3,30,13,0,75,75116,AVENUE DE VERSAILLES,48.851321,2.278453,Plein jour,En agglomération,Intersection à plus de 4 branches,Normale,Deux véhicules - côté,4,2,4,0,1,1,1,0,1,50,2,2,1,0,0,1,54.0,26.0,utilitaire_camion,deux_roues,1,2,5,1,3
202300052470,2023-03-30 13:00:00,2023,3,30,13,0,75,75116,AVENUE DE VERSAILLES,48.851321,2.278453,Plein jour,En agglomération,Intersection à plus de 4 branches,Normale,Deux véhicules - côté,4,2,4,-1,1,1,1,0,1,50,2,2,1,0,0,1,54.0,26.0,utilitaire_camion,deux_roues,1,2,5,1,3
202300052471,2023-01-03 23:40:00,2023,1,3,23,40,77,77373,RN104,48.765834,2.614199,Nuit sans éclairage public,Hors agglomération,Hors intersection,Pluie forte,Sans collision,2,-1,2,0,1,3,2,0,1,110,1,1,0,0,0,1,21.0,,voiture,,3,1,1,3,7
202300052472,2023-07-14 09:50:00,2023,7,14,9,50,29,29232,Rue de Juniville,47.995473,-4.099865,Plein jour,En agglomération,Hors intersection,Normale,Autre collision,4,2,3,0,1,1,1,0,1,30,1,2,1,0,0,1,31.0,,voiture,,1,2,1,1,6
202300052473,2023-02-14 17:30:00,2023,2,14,17,30,71,71336,36 Route de Chalon,46.720577,4.946055,Plein jour,En agglomération,Hors intersection,Normale,Autre collision,3,2,2,0,1,1,1,0,1,50,1,2,1,0,0,1,53.0,,voiture,,1,2,1,1,6
202300052474,2023-06-10 13:35:00,2023,6,10,13,35,13,13028,ROVARCH (AVENUE PIERRE),43.19219,5.60455,Plein jour,En agglomération,Giratoire,Normale,Deux véhicules - côté,3,1,2,0,1,1,1,0,1,50,2,2,1,0,0,1,15.0,31.0,voiture,deux_roues,1,2,6,1,3
202300052474,2023-06-10 13:35:00,2023,6,10,13,35,13,13028,ROVARCH (AVENUE PIERRE),43.19219,5.60455,Plein jour,En agglomération,Giratoire,Normale,Deux véhicules - côté,3,1,2,0,1,2,1,0,1,50,2,2,1,0,0,1,15.0,31.0,voiture,deux_roues,1,2,6,1,3
202300052475,2023-11-30 18:20:00,2023,11,30,18,20,44,44143,Boulevard du Général de Gaulle,47.19283,-1.55275,Crépuscule ou aube,En agglomération,Hors intersection,Normale,Deux véhicules - arrière,4,1,2,3,1,1,1,0,1,70,2,2,1,0,0,1,45.0,,deux_roues,utilitaire_camion,2,2,1,1,2
202300052476,2023-03-30 12:30:00,2023,3,30,12,30,75,75116,BOULEVARD EXELMANS,48.843208,2.260232,Plein jour,En agglomération,Intersection en X,Normale,Deux véhicules - arrière,4,1,2,0,1,1,1,0,1,30,2,2,1,0,0,1,35.0,23.0,deux_roues,voiture,1,2,2,1,2
202300052476,2023-03-30 12:30:00,2023,3,30,12,30,75,75116,BOULEVARD EXELMANS,48.843208,2.260232,Plein jour,En agglomération,Intersection en X,Normale,Deux véhicules - arrière,4,1, -1,0,1,1,1,0,1,30,2,2,1,0,0,1,35.0,23.0,deux_roues,voiture,1,2,2,1,2
202300052477,2023-09-27 08:45:00,2023,9,27,8,45,75,75118,PLACE JULES JOFFRIN,48.892399,2.344997,Plein jour,En agglomération,Intersection en X,Normale,Autre collision,4,-1, -1,0,1,1,1,0,1,30,1,2,1,0,0,1,39.0,,voiture,,1,2,2,1,6
202300052477,2023-09-27 08:45:00,2023,9,27,8,45,75,75118,PLACE JULES JOFFRIN,48.892399,2.344997,Plein jour,En agglomération,Intersection en X,Normale,Autre collision,4,2,2,0,1,1,1,0,1,30,1,2,1,0,0,1,39.0,,voiture,,1,2,2,1,6
202300052478,2023-07-15 23:25:00,2023,7,15,23,25,28,28134,MARCHE COUVERT (PLACE DU),48.73561,1.36513,Nuit avec éclairage allumé,En agglomération,Autre intersection,Normale,Autre collision,6,-1,0,0,1,1,1,6,1,30,1,1,0,0,0,1,33.0,,deux_roues,,5,2,9,1,6
202300052479,2023-01-03 10:30:00,2023,1,3,10,30,33,33009,REGUE BLANQUE (RUE DE LA) 01 ET +,44.65061,-1.15366,Plein jour,En agglomération,Intersection en T,Normale,Autre collision,4,2,2,0,1,1,1,0,1,50,1,2,1,0,0,1,62.0,,voiture,,1,2,3,1,6
202300052479,2023-01-03 10:30:00,2023,1,3,10,30,33,33009,REGUE BLANQUE (RUE DE LA) 01 ET +,44.65061,-1.15366,Plein jour,En agglomération,Intersection en T,Normale,Autre collision,4,2,2,0,1,2,1,5,1,50,1,2,1,0,0,1,62.0,,voiture,,1,2,3,1,6
202300052480,2023-11-17 21:35:00,2023,11,17,21,35,43,43041,121 Avenue Charles Dupuy,45.049621,3.918366,Nuit avec éclairage allumé,En agglomération,Hors intersection,Normale,Sans collision,3,3,2,0,1,1,1,0,1,50,1,1,0,0,0,1,36.0,,deux_roues,,5,2,1,1,7
202300052481,2023-06-11 04:14:00,2023,6,11,4,14,06,06088,ANGLAIS (DU N° 45 AU N° 112),43.69375,7.25644,Nuit avec éclairage allumé,En agglomération,Autre intersection,Normale,Autre collision,7,3,3,0,1,1,1,0,1,50,1,2,1,0,0,1,74.0,,utilitaire_camion,,5,2,9,1,6
202300052482,2023-02-13 15:15:00,2023,2,13,15,15,62,62473,D91,50.607353,2.463233,Plein jour,En agglomération,Passage à niveau,Temps éblouissant,Deux véhicules - côté,3,2,2,0,1,1,1,4,1,50,2,3,1,1,1,0,67.0,48.0,voiture,transport_commun,1,2,8,7,3
202300052483,2023-03-29 23:40:00,2023,3,29,23,40,75,75116,ROUTE DE SURESNES,48.86364,2.23948,Nuit avec éclairage allumé,En agglomération,Intersection en X,Normale,Deux véhicules - frontale,4,2,0,0,1,3,1,0,1,50,2,2,1,0,0,1,23.0,26.0,voiture,voiture,5,2,2,1,1
202300052483,2023-03-29 23:40:00,2023,3,29,23,40,75,75116,ROUTE DE SURESNES,48.86364,2.23948,Nuit avec éclairage allumé,En agglomération,Intersection en X,Normale,Deux véhicules - frontale,4,2,4,0,1,2,1,0,1,50,2,2,1,0,0,1,23.0,26.0,voiture,voiture,5,2,2,1,1
202300052484,2023-01-02 13:30:00,2023,1,2,13,30,988,98818,RUE PAUL CANE,-22.29614,166.45437,Plein jour,En agglomération,Hors intersection,Normale,Autre collision,4,2,2,0,1,2,1,0,3,50,1,1,0,0,1,0,30.0,,deux_roues,,1,2,1,1,6
202300052485,2023-06-11 12:10:00,2023,6,11,12,10,06,06069,RENOIR (AVENUE AUGUSTE),43.680742,6.952997,Plein jour,En agglomération,Hors intersection,Normale,Deux véhicules - côté,3,-1,1,0,1,1,1,0,1,50,2,2,1,0,0,1,35.0,50.0,voiture,deux_roues,1,2,1,1,3
202300052486,2023-09-27 15:30:00,2023,9,27,15,30,75,75117,BOULEVARD DU FORT DE VAUX,48.892956,2.302036,Plein jour,En agglomération,Hors intersection,Normale,Deux véhicules - arrière,4,1,2,0,1,1,1,0,1,30,2,3,2,0,0,1,56.0,72.0,voiture,transport_commun,1,2,1,1,2