accident_id,datetime,annee,mois,jour,heure,minute,departement,commune_insee,adresse,latitude,longitude,luminosite,agglomeration,intersection,meteo,collision,catr,circ,nbv,vosp,prof,plan,surf,infra,situ,vma,nb_vehicules,nb_usagers,nb_indemnes,nb_tues,nb_blesses_hosp,nb_blesses_legers,age_cond_1,age_cond_2,veh_type_cond_1,veh_type_cond_2,lum_code,agg_code,int_code,atm_code,col_code
202300052487,2023-07-15 13:55:00,2023,7,15,13,55,28,28134,KOUDOUGOU (RUE DE),48.73789,1.3453,Plein jour,En agglomération,Hors intersection,Normale,Sans collision,4,1,1,0,1,1,2,0,1,50,1,5,4,0,0,1,28.0,,utilitaire_camion,,1,2,1,1,7
202300052488,2023-02-16 13:20:00,2023,2,16,13,20,76,76344,D929,49.758778,1.718545,Plein jour,Hors agglomération,Intersection en T,Normale,Deux véhicules - côté,3,2,2,0,1,1,1,0,1,80,2,2,1,0,0,1,61.0,23.0,utilitaire_camion,utilitaire_camion,1,1,3,1,3
202300052488,2023-02-16 13:20:00,2023,2,16,13,20,76,76344,D929,49.758778,1.718545,Plein jour,Hors agglomération,Intersection en T,Normale,Deux véhicules - côté,3,2, -1,-1,1,1,1,0,1,-1,2,2,1,0,0,1,61.0,23.0,utilitaire_camion,utilitaire_camion,1,1,3,1,3
202300052489,2023-12-01 07:00:00,2023,12,1,7,0,35,35238,SERGENT MAGINOT (AVENUE),48.109863,-1.65981,Nuit avec éclairage allumé,En agglomération,Intersection en X,Normale,Deux véhicules - arrière,4,2,2,0,1,1,1,9,1,30,2,2,1,0,0,1,34.0,37.0,utilitaire_camion,deux_roues,5,2,2,1,2
202300052489,2023-12-01 07:00:00,2023,12,1,7,0,35,35238,SERGENT MAGINOT (AVENUE),48.109863,-1.65981,Nuit avec éclairage allumé,En agglomération,Intersection en X,Normale,Deux véhicules - arrière,4,3,2,3,1,1,1,0,1,30,2,2,1,0,0,1,34.0,37.0,utilitaire_camion,deux_roues,5,2,2,1,2
202300052490,2023-01-02 20:45:00,2023,1,2,20,45,973,97302,,4.90542,-52.32024,Nuit sans éclairage public,Hors agglomération,Hors intersection,Normale,Deux véhicules - côté,3,2,1,0,1,1,1,0,1,50,2,2,1,0,1,0,53.0,30.0,deux_roues,voiture,3,1,1,1,3
202300052491,2023-06-10 01:25:00,2023,6,10,1,25,04,04112,VANNADES (CH. DES),43.83485,5.81961,Nuit sans éclairage public,Hors agglomération,Hors intersection,Normale,Autre collision,4,2,2,0,1,1,1,0,3,30,1,1,0,0,1,0,35.0,,voiture,,3,1,1,1,6
202300052492,2023-03-29 12:45:00,2023,3,29,12,45,75,75116,ROUTE DE LA MUETTE A NEUILLY,48.873834,2.264132,Plein jour,En agglomération,Intersection en T,Normale,Deux véhicules - côté,4,2,2,0,1,1,1,0,1,30,2,2,1,0,0,1,19.0,40.0,deux_roues,voiture,1,2,3,1,3
202300052492,2023-03-29 12:45:00,2023,3,29,12,45,75,75116,ROUTE DE LA MUETTE A NEUILLY,48.873834,2.264132,Plein jour,En agglomération,Intersection en T,Normale,Deux véhicules - côté,4,1,1,0,1,1,1,0,1,30,2,2,1,0,0,1,19.0,40.0,deux_roues,voiture,1,2,3,1,3
202300052493,2023-02-14 18:00:00,2023,2,14,18,0,82,82118,route des martels,43.939837,1.112999,Nuit sans éclairage public,Hors agglomération,Hors intersection,Normale,Sans collision,4,2,2,0,1,3,1,0,3,80,1,1,0,0,1,0,32.0,,voiture,,3,1,1,1,7
202300052494,2023-07-15 15:20:00,2023,7,15,15,20,27,27229,VERNON (RUE DE),49.03172,1.15883,Plein jour,En agglomération,Hors intersection,Normale,Autre collision,4,2,2,0,2,1,1,0,1,50,1,1,0,0,0,1,22.0,,voiture,,1,2,1,1,6
202300052495,2023-09-27 13:10:00,2023,9,27,13,10,75,75117,BOULEVARD BERTHIER,48.890947,2.306016,Plein jour,En agglomération,Hors intersection,Normale,Deux véhicules - côté,4,3,4,3,1,1,1,0,1,30,2,2,1,0,0,1,60.0,39.0,voiture,deux_roues,1,2,1,1,3
202300052496,2023-01-02 19:12:00,2023,1,2,19,12,69,69389,63 Avenue Sidoine Apollinaire,45.77059,4.79693,Nuit avec éclairage allumé,En agglomération,Hors intersection,Pluie légère,Autre collision,4,2,2,3,1,1,2,0,1,30,1,2,1,0,0,1,,,voiture,,5,2,1,2,6
202300052497,2023-03-30 16:05:00,2023,3,30,16,5,75,75115,RUE DE LOURMEL,48.8502076,2.29196906,Plein jour,En agglomération,Intersection en X,Normale,Autre collision,4,-1,1,-1,1,1,1,0,1,-1,1,2,1,0,0,1,24.0,,utilitaire_camion,,1,2,2,1,6
202300052497,2023-03-30 16:05:00,2023,3,30,16,5,75,75115,RUE DE LOURMEL,48.8502076,2.29196906,Plein jour,En agglomération,Intersection en X,Normale,Autre collision,4,-1,1,0,1,1,1,0,1,30,1,2,1,0,0,1,24.0,,utilitaire_camion,,1,2,2,1,6
202300052498,2023-06-10 18:25:00,2023,6,10,18,25,75,75117,PORTE DE CHAMPERRET,48.885193,2.287302,Plein jour,En agglomération,Hors intersection,Normale,Deux véhicules - côté,4,1,4,0,1,1,1,0,1,70,2,2,1,0,0,1,40.0,35.0,voiture,deux_roues,1,2,1,1,3
202300052499,2023-02-16 13:45:00,2023,2,16,13,45,38,38343,D80,45.543051,5.662395,Plein jour,En agglomération,Intersection en X,Normale,Deux véhicules - frontale,3,2,2,0,2,1,1,0,1,50,2,2,1,0,1,0,29.0,51.0,voiture,utilitaire_camion,1,2,2,1,1
202300052499,2023-02-16 13:45:00,2023,2,16,13,45,38,38343,D80,45.543051,5.662395,Plein jour,En agglomération,Intersection en X,Normale,Deux véhicules - frontale,3,2,2,0,2,1,1,0,1,50,2,2,1,0,1,0,29.0,51.0,voiture,utilitaire_camion,1,2,2,1,1
202300052500,2023-12-01 23:50:00,2023,12,1,23,50,34,34172,BRINGUIER (AVENUE PAUL),43.61619,3.84106,Nuit avec éclairage allumé,En agglomération,Intersection en X,Temps couvert,Deux véhicules - côté,4,2,5,0,1,1,2,0,1,50,2,3,1,0,2,0,38.0,,voiture,voiture,5,2,2,8,3
202300052500,2023-12-01 23:50:00,2023,12,1,23,50,34,34172,BRINGUIER (AVENUE PAUL),43.61619,3.84106,Nuit avec éclairage allumé,En agglomération,Intersection en X,Temps couvert,Deux véhicules - côté,4,2,5,3,2,1,2,0,1,50,2,3,1,0,2,0,38.0,,voiture,voiture,5,2,2,8,3
202300052500,2023-12-01 23:50:00,2023,12,1,23,50,34,34172,BRINGUIER (AVENUE PAUL),43.61619,3.84106,Nuit avec éclairage allumé,En agglomération,Intersection en X,Temps couvert,Deux véhicules - côté,4,2,4,3,2,1,2,0,1,50,2,3,1,0,2,0,38.0,,voiture,voiture,5,2,2,8,3
202300052501,2023-01-03 07:00:00,2023,1,3,7,0,95,95539,GARE (BOULEVARD DE LA),48.99544,2.36378,Nuit avec éclairage allumé,En agglomération,Hors intersection,Normale,Deux véhicules - arrière,4,2,2,0,1,1,1,0,1,50,2,2,1,0,0,1,28.0,40.0,voiture,deux_roues,5,2,1,1,2
202300052502,2023-07-15 03:35:00,2023,7,15,3,35,26,26362,Route de Fauconnières,44.94513,4.95517,Nuit sans éclairage public,Hors agglomération,Hors intersection,Normale,Sans collision,4,2,1,0,1,2,1,0,1,50,1,5,0,1,0,4,30.0,,voiture,,3,1,1,1,7
202300052503,2023-09-27 12:00:00,2023,9,27,12,0,75,75117,AVENUE NIEL,48.881271,2.295522,Plein jour,En agglomération,Intersection en X,Normale,Deux véhicules - côté,4,2,4,3,1,1,1,0,1,30,2,2,1,0,0,1,42.0,34.0,voiture,deux_roues,1,2,2,1,3
202300052503,2023-09-27 12:00:00,2023,9,27,12,0,75,75117,AVENUE NIEL,48.881271,2.295522,Plein jour,En agglomération,Intersection en X,Normale,Deux véhicules - côté,4,-1, -1,0,1,1,1,0,1,30,2,2,1,0,0,1,42.0,34.0,voiture,deux_roues,1,2,2,1,3
202300052504,2023-02-15 17:50:00,2023,2,15,17,50,70,70473,Rue Edouard Herriot,47.806255,6.383679,Crépuscule ou aube,En agglomération,Hors intersection,Normale,Deux véhicules - côté,3,2,2,0,1,3,1,0,8,50,2,2,1,0,1,0,72.0,37.0,voiture,voiture,2,2,1,1,3
202300052505,2023-06-10 16:20:00,2023,6,10,16,20,75,75114,PORTE DE GENTILLY,48.817212,2.334982,Plein jour,En agglomération,Hors intersection,Normale,Deux véhicules - arrière,4,1,2,0,1,1,1,0,1,70,2,2,1,0,0,1,18.0,54.0,deux_roues,voiture,1,2,1,1,2
202300052506,2023-01-03 08:15:00,2023,1,3,8,15,95,95280,DEMOISELLES (AVENUE DES),49.02658,2.45493,Crépuscule ou aube,En agglomération,Hors intersection,Normale,Autre collision,4,2,2,0,1,1,1,0,1,30,1,2,1,0,0,1,59.0,,voiture,,2,2,1,1,6
202300052507,2023-03-29 19:50:00,2023,3,29,19,50,75,75115,RUE DE LA PROCESSION,48.83569,2.311258,Crépuscule ou aube,En agglomération,Intersection en X,Normale,Deux véhicules - côté,4,1,3,0,1,1,1,0,1,30,2,2,0,0,0,2,29.0,32.0,voiture,deux_roues,2,2,2,1,3
202300052507,2023-03-29 19:50:00,2023,3,29,19,50,75,75115,RUE DE LA PROCESSION,48.83569,2.311258,Crépuscule ou aube,En agglomération,Intersection en X,Normale,Deux véhicules - côté,4,1,1,0,1,1,1,0,1,30,2,2,0,0,0,2,29.0,32.0,voiture,deux_roues,2,2,2,1,3
202300052508,2023-12-01 19:30:00,2023,12,1,19,30,34,34129,D21 E1,43.58038,3.93059,Nuit avec éclairage allumé,En agglomération,Hors intersection,Pluie légère,Sans collision,7,3,4,0,1,1,2,0,1,50,1,2,0,1,1,0,24.0,,voiture,,5,2,1,2,7
202300052509,2023-07-15 06:15:00,2023,7,15,6,15,25,25056,OUEST BOULEVARD,47.22414,5.97895,Plein jour,En agglomération,Hors intersection,Normale,Autre collision,2,1,1,0,1,1,1,0,1,50,1,2,1,0,0,1,39.0,,voiture,,1,2,1,1,6
202300052510,2023-09-27 13:30:00,2023,9,27,13,30,75,75116,ROUTE DES TRIBUNES,48.859788,2.229536,Plein jour,En agglomération,Hors intersection,Normale,Deux véhicules - arrière,4,-1,0,1,1,3,1,0,5,-1,2,2,0,0,0,2,55.0,91.0,deux_roues,deux_roues,1,2,1,1,2
202300052511,2023-01-02 18:22:00,2023,1,2,18,22,91,91477,ALLIES (AVENUE DES),48.7213,2.24833,Nuit avec éclairage allumé,En agglomération,Hors intersection,Temps couvert,Autre collision,4,2,3,0,1,1,2,6,1,50,1,2,1,0,0,1,23.0,,voiture,,5,2,1,8,6
202300052512,2023-03-30 08:29:00,2023,3,30,8,29,75,75114,BOULEVARD JOURDAN,48.821364,2.334367,Plein jour,En agglomération,Intersection en X,Normale,Deux véhicules - côté,4,2,8,1,1,2,1,0,5,50,2,2,1,0,0,1,42.0,31.0,deux_roues,deux_roues,1,2,2,1,3
202300052512,2023-03-30 08:29:00,2023,3,30,8,29,75,75114,BOULEVARD JOURDAN,48.821364,2.334367,Plein jour,En agglomération,Intersection en X,Normale,Deux véhicules - côté,4,2, -1,-1,1,1,1,0,5,-1,2,2,1,0,0,1,42.0,31.0,deux_roues,deux_roues,1,2,2,1,3
202300052513,2023-06-10 11:40:00,2023,6,10,11,40,75,75114,BOULEVARD PERIPHERIQUE EXTERIEUR PORTE DE GENTILLY,48.816461,2.341671,Plein jour,En agglomération,Hors intersection,Normale,Deux véhicules - arrière,4,3,3,0,1,1,1,0,1,70,2,2,1,0,0,1,27.0,60.0,deux_roues,voiture,1,2,1,1,2
202300052514,2023-11-30 18:13:00,2023,11,30,18,13,34,34032,HEMINGWAY ERNEST (BLD),43.36357,3.22564,Nuit avec éclairage allumé,En agglomération,Hors intersection,Normale,Autre collision,4,2,2,0,1,1,1,0,1,50,1,2,1,0,1,0,30.0,,voiture,,5,2,1,1,6
202300052515,2023-07-15 02:25:00,2023,7,15,2,25,18,18279,Route de Puits Berteau,47.235948,2.076535,Nuit avec éclairage allumé,En agglomération,Hors intersection,Pluie légère,Autre collision,4,2,2,0,1,2,2,0,4,50,1,2,0,0,0,2,35.0,,voiture,,5,2,1,2,6
202300052516,2023-01-03 19:10:00,2023,1,3,19,10,91,91027,RUE EDOUARD VAILLANT,48.70565,2.39325,Nuit avec éclairage allumé,En agglomération,Hors intersection,Normale,Autre collision,3,2,3,0,1,1,2,0,1,50,1,2,1,0,1,0,48.0,,voiture,,5,2,1,1,6
202300052517,2023-09-27 20:45:00,2023,9,27,20,45,75,75115,RUE DE VAUGIRARD,48.845001,2.319826,Nuit sans éclairage public,En agglomération,Intersection en X,Normale,Deux véhicules - côté,4,-1, -1,1,1,1,1,0,5,30,2,2,1,0,0,1,54.0,62.0,deux_roues,deux_roues,3,2,2,1,3
202300052517,2023-09-27 20:45:00,2023,9,27,20,45,75,75115,RUE DE VAUGIRARD,48.845001,2.319826,Nuit sans éclairage public,En agglomération,Intersection en X,Normale,Deux véhicules - côté,4,2,0,1,1,1,1,0,5,30,2,2,1,0,0,1,54.0,62.0,deux_roues,deux_roues,3,2,2,1,3
202300052518,2023-02-15 16:10:00,2023,2,15,16,10,24,24564,D708,45.207697,0.282243,Plein jour,Hors agglomération,Hors intersection,Temps éblouissant,Deux véhicules - côté,3,2,2,0,1,1,1,0,1,90,2,2,1,0,1,0,22.0,88.0,utilitaire_camion,voiture,1,1,1,7,3
202300052519,2023-06-10 01:30:00,2023,6,10,1,30,75,75114,ECHANGEUR ORLEANS,48.81953886,2.32848689,Nuit avec éclairage non allumé,En agglomération,Hors intersection,Normale,Autre collision,4,1,4,0,1,1,1,0,1,70,1,2,0,0,2,0,34.0,,voiture,,4,2,1,1,6
202300052520,2023-07-14 19:15:00,2023,7,14,19,15,17,17415,route nationale 141,45.745634,-0.597144,Crépuscule ou aube,Hors agglomération,Hors intersection,Normale,Deux véhicules - arrière,2,3,2,0,1,1,1,0,1,70,2,2,1,0,0,1,40.0,50.0,deux_roues,voiture,2,1,1,1,2
202300052521,2023-12-01 01:30:00,2023,12,1,1,30,33,33063,Cours Saint Louis,44.86327,-0.56658,Nuit avec éclairage allumé,En agglomération,Hors intersection,Pluie légère,Autre collision,4,1,2,3,1,1,2,0,3,50,1,1,0,0,0,1,20.0,,deux_roues,,5,2,1,2,6
202300052522,2023-03-29 11:20:00,2023,3,29,11,20,75,75114,RUE DU COMMANDANT RENE MOUCHOTTE,48.840017,2.32169,Plein jour,En agglomération,Intersection en Y,Normale,Deux véhicules - côté,4,2, -1,0,1,1,1,0,6,30,2,2,1,0,0,1,26.0,47.0,voiture,deux_roues,1,2,4,1,3
202300052522,2023-03-29 11:20:00,2023,3,29,11,20,75,75114,RUE DU COMMANDANT RENE MOUCHOTTE,48.840017,2.32169,Plein jour,En agglomération,Intersection en Y,Normale,Deux véhicules - côté,4,2,4,3,1,1,1,0,6,30,2,2,1,0,0,1,26.0,47.0,voiture,deux_roues,1,2,4,1,3
202300052523,2023-01-02 14:59:00,2023,1,2,14,59,88,88160,ALSACE (RUE D'),48.16913,6.44476,Plein jour,En agglomération,Hors intersection,Pluie légère,Autre collision,3,2,2,0,2,1,2,0,4,50,1,2,1,1,0,0,58.0,,utilitaire_camion,,1,2,1,2,6
202300052524,2023-02-16 15:40:00,2023,2,16,15,40,27,27288,RD 130 PK 10,49.283435,0.6817,Plein jour,Hors agglomération,Hors intersection,Temps couvert,Autre collision,3,3,2,0,3,3,1,9,1,80,1,1,0,0,1,0,46.0,,deux_roues,,1,1,1,8,6
202300052525,2023-09-27 08:30:00,2023,9,27,8,30,75,75115,BOULEVARD PASTEUR,48.842261,2.313366,Plein jour,En agglomération,Intersection en X,Normale,Autre collision,4,1,2,1,1,1,1,0,1,30,1,2,0,0,0,2,56.0,,deux_roues,,1,2,2,1,6
202300052525,2023-09-27 08:30:00,2023,9,27,8,30,75,75115,BOULEVARD PASTEUR,48.842261,2.313366,Plein jour,En agglomération,Intersection en X,Normale,Autre collision,4,-1, -1,1,1,1,1,0,5,30,1,2,0,0,0,2,56.0,,deux_roues,,1,2,2,1,6
202300052526,2023-06-08 08:40:00,2023,6,8,8,40,75,75112,PORTE DE CHARENTON,48.830171,2.402188,Plein jour,En agglomération,Hors intersection,Normale,Deux véhicules - arrière,4,1,4,0,1,1,1,0,1,70,2,2,1,0,0,1,27.0,58.0,voiture,deux_roues,1,2,1,1,2
202300052527,2023-07-15 14:00:00,2023,7,15,14,0,13,13201,ROME (RUE DE)        1 A 71A,43.29383,5.37924,Plein jour,En agglomération,Intersection en T,Normale,Deux véhicules - côté,4,1,1,0,1,1,1,0,1,50,2,2,1,0,0,1,18.0,44.0,deux_roues,voiture,1,2,3,1,3
202300052527,2023-07-15 14:00:00,2023,7,15,14,0,13,13201,ROME (RUE DE)        1 A 71A,43.29383,5.37924,Plein jour,En agglomération,Intersection en T,Normale,Deux véhicules - côté,4,2,2,3,1,1,1,-1,6,50,2,2,1,0,0,1,18.0,44.0,deux_roues,voiture,1,2,3,1,3
202300052528,2023-03-30 11:40:00,2023,3,30,11,40,75,75113,RUE DU DOCTEUR LANDOUZY,48.82344699,2.35409975,Plein jour,En agglomération,Place,Normale,Autre collision,4,1,1,0,1,3,1,0,1,30,1,2,1,0,0,1,38.0,,voiture,,1,2,7,1,6
202300052528,2023-03-30 11:40:00,2023,3,30,11,40,75,75113,RUE DU DOCTEUR LANDOUZY,48.82344699,2.35409975,Plein jour,En agglomération,Place,Normale,Autre collision,4,1,2,0,2,1,1,0,1,30,1,2,1,0,0,1,38.0,,voiture,,1,2,7,1,6
202300052529,2023-11-30 08:00:00,2023,11,30,8,0,33,33529,Place du General de Gaulle,44.53814,-1.15228,Plein jour,En agglomération,Intersection en X,Pluie légère,Autre collision,3,2,2,0,1,1,2,5,1,50,1,2,1,0,0,1,49.0,,utilitaire_camion,,1,2,2,2,6
202300052529,2023-11-30 08:00:00,2023,11,30,8,0,33,33529,Place du General de Gaulle,44.53814,-1.15228,Plein jour,En agglomération,Intersection en X,Pluie légère,Autre collision,3,2,2,0,1,1,2,0,1,50,1,2,1,0,0,1,49.0,,utilitaire_camion,,1,2,2,2,6
202300052530,2023-01-03 17:27:00,2023,1,3,17,27,86,86066,Boulevard de Blossac,46.817422,0.545043,Crépuscule ou aube,En agglomération,Hors intersection,Normale,Autre collision,4,1,2,0,1,1,1,0,1,30,1,2,1,0,1,0,52.0,,voiture,,2,2,1,1,6
202300052531,2023-02-15 20:18:00,2023,2,15,20,18,27,27198,D140,48.902136,1.029711,Nuit sans éclairage public,Hors agglomération,Hors intersection,Normale,Deux véhicules - frontale,3,2,2,0,1,1,1,0,1,80,2,2,0,0,1,1,24.0,44.0,voiture,voiture,3,1,1,1,1
202300052532,2023-09-27 13:20:00,2023,9,27,13,20,75,75113,RUE MAX JACOB,48.820325,2.354047,Plein jour,En agglomération,Intersection en T,Normale,Sans collision,4,2,2,2,2,1,1,0,1,30,1,1,0,0,1,0,28.0,,deux_roues,,1,2,3,1,7
202300052532,2023-09-27 13:20:00,2023,9,27,13,20,75,75113,RUE MAX JACOB,48.820325,2.354047,Plein jour,En agglomération,Intersection en T,Normale,Sans collision,4,1,1,2,2,2,1,0,1,30,1,1,0,0,1,0,28.0,,deux_roues,,1,2,3,1,7
202300052533,2023-01-01 21:45:00,2023,1,1,21,45,84,84007,Route de Marseille Mft,43.90496,4.89237,Nuit avec éclairage allumé,Hors agglomération,Hors intersection,Normale,Deux véhicules - côté,2,3,4,0,1,1,1,0,1,90,2,3,1,0,0,2,52.0,34.0,voiture,voiture,5,1,1,1,3
202300052534,2023-02-15 19:30:00,2023,2,15,19,30,17,17008,D137,46.251959,-1.013253,Nuit sans éclairage public,Hors agglomération,Hors intersection,Normale,Deux véhicules - arrière,3,2,2,0,1,1,1,0,1,90,2,2,1,1,0,0,23.0,22.0,deux_roues,voiture,3,1,1,1,2
202300052535,2023-12-01 08:30:00,2023,12,1,8,30,31,31555,BOULINGRIN (ROND POINT DU) DU 5AU 9,43.59486,1.45294,Plein jour,En agglomération,Hors intersection,Pluie légère,Autre collision,4,1,2,1,1,2,2,0,1,50,1,2,1,0,0,1,42.0,,deux_roues,,1,2,1,2,6
202300052536,2023-06-09 16:30:00,2023,6,9,16,30,75,75120,BOULEVARD PERIPHERIQUE INTERIEUR NORD  ,48.867845,2.413241,Plein jour,En agglomération,Hors intersection,Normale,Deux véhicules - arrière,4,1,4,0,1,1,1,0,1,70,2,3,2,0,1,0,50.0,62.0,deux_roues,voiture,1,2,1,1,2
202300052537,2023-03-30 08:00:00,2023,3,30,8,0,75,75112,AVENUE DE SAINT MANDE,48.844912,2.402917,Plein jour,En agglomération,Intersection en T,Normale,Deux véhicules - côté,4,2,2,0,1,1,1,0,1,30,2,2,1,0,0,1,32.0,32.0,deux_roues,voiture,1,2,3,1,3
202300052537,2023-03-30 08:00:00,2023,3,30,8,0,75,75112,AVENUE DE SAINT MANDE,48.844912,2.402917,Plein jour,En agglomération,Intersection en T,Normale,Deux véhicules - côté,4,1, -1,-1,1,1,1,0,1,-1,2,2,1,0,0,1,32.0,32.0,deux_roues,voiture,1,2,3,1,3
202300052538,2023-07-15 10:30:00,2023,7,15,10,30,11,11069,Route de Montreal,43.21293,2.27417,Plein jour,Hors agglomération,Hors intersection,Normale,Deux véhicules - côté,3,2,2,0,4,1,1,0,1,80,2,4,2,0,0,2,50.0,50.0,voiture,voiture,1,1,1,1,3
202300052539,2023-09-27 11:50:00,2023,9,27,11,50,75,75113,BOULEVARD VINCENT AURIOL,48.833828,2.365097,Plein jour,En agglomération,Intersection en X,Normale,Autre collision,4,1,2,1,2,1,1,0,1,30,1,2,1,0,0,1,78.0,,voiture,,1,2,2,1,6
202300052539,2023-09-27 11:50:00,2023,9,27,11,50,75,75113,BOULEVARD VINCENT AURIOL,48.833828,2.365097,Plein jour,En agglomération,Intersection en X,Normale,Autre collision,4,-1, -1,1,1,1,1,0,1,30,1,2,1,0,0,1,78.0,,voiture,,1,2,2,1,6
202300052540,2023-12-01 11:22:00,2023,12,1,11,22,29,29232,65 Avenue de Ty Bos,47.977294,-4.069674,Plein jour,En agglomération,Hors intersection,Normale,Deux véhicules - côté,4,2,2,0,1,1,2,0,1,50,2,2,1,0,1,0,48.0,51.0,voiture,voiture,1,2,1,1,3
202300052541,2023-02-16 08:00:00,2023,2,16,8,0,37,37156,Rue des Vallées de Greux,47.374465,0.811154,Plein jour,En agglomération,Intersection en T,Normale,Sans collision,4,2,2,0,2,1,1,0,1,50,1,1,0,0,0,1,33.0,,deux_roues,,1,2,3,1,7
202300052542,2023-03-30 09:00:00,2023,3,30,9,0,75,75109,RUE DE CLICHY,48.878111,2.330142,Plein jour,En agglomération,Intersection en T,Normale,Autre collision,4,1, -1,0,1,1,1,0,1,30,1,2,1,0,0,1,27.0,,deux_roues,,1,2,3,1,6
202300052542,2023-03-30 09:00:00,2023,3,30,9,0,75,75109,RUE DE CLICHY,48.878111,2.330142,Plein jour,En agglomération,Intersection en T,Normale,Autre collision,4,1,1,0,2,1,1,0,1,30,1,2,1,0,0,1,27.0,,deux_roues,,1,2,3,1,6
202300052543,2023-01-03 13:05:00,2023,1,3,13,5,81,81004,GAMBETTA (AV),43.9228768,2.147175,Plein jour,En agglomération,Intersection en X,Normale,Deux véhicules - côté,4,2,0,0,1,1,1,9,1,50,2,2,1,0,0,1,62.0,71.0,deux_roues,voiture,1,2,2,1,3
202300052543,2023-01-03 13:05:00,2023,1,3,13,5,81,81004,GAMBETTA (AV),43.9228768,2.147175,Plein jour,En agglomération,Intersection en X,Normale,Deux véhicules - côté,4,2,0,0,1,1,9,9,1,50,2,2,1,0,0,1,62.0,71.0,deux_roues,voiture,1,2,2,1,3
202300052544,2023-07-14 23:20:00,2023,7,14,23,20,11,11069,Avenue des Berges de l’Aude,43.20792,2.34016,Nuit avec éclairage allumé,En agglomération,Hors intersection,Normale,Autre collision,4,2,2,0,1,1,1,0,1,50,1,3,0,0,0,3,44.0,,deux_roues,,5,2,1,1,6
202300052545,2023-06-11 18:30:00,2023,6,11,18,30,75,75106,QUAI DE CONTI,48.856426,2.339901,Plein jour,En agglomération,Intersection en T,Normale,Deux véhicules - arrière,4,1, -1,0,1,1,1,0,1,30,2,3,2,0,0,1,81.0,34.0,voiture,deux_roues,1,2,3,1,2
202300052545,2023-06-11 18:30:00,2023,6,11,18,30,75,75106,QUAI DE CONTI,48.856426,2.339901,Plein jour,En agglomération,Intersection en T,Normale,Deux véhicules - arrière,4,1,3,1,1,1,1,0,1,30,2,3,2,0,0,1,81.0,34.0,voiture,deux_roues,1,2,3,1,2
202300052546,2023-09-26 15:10:00,2023,9,26,15,10,75,75113,BOULEVARD VINCENT AURIOL,48.831196,2.357551,Plein jour,En agglomération,Hors intersection,Normale,Autre collision,4,1,2,0,1,2,1,8,1,30,1,4,1,0,0,3,22.0,,deux_roues,,1,2,1,1,6
202300052547,2023-02-16 06:00:00,2023,2,16,6,0,973,97310,PK 22,4.778524,-52.424805,Crépuscule ou aube,Hors agglomération,Hors intersection,Pluie légère,Sans collision,2,2,2,0,1,1,2,0,1,90,1,1,0,0,1,0,47.0,,deux_roues,,2,1,1,2,7
202300052548,2023-03-30 19:00:00,2023,3,30,19,0,75,75108,PONT DE LA CONCORDE,48.86412,2.3201,Plein jour,En agglomération,Intersection en X,Normale,Sans collision,4,1,3,0,1,1,2,0,1,30,1,1,0,0,0,1,61.0,,deux_roues,,1,2,2,1,7
202300052548,2023-03-30 19:00:00,2023,3,30,19,0,75,75108,PONT DE LA CONCORDE,48.86412,2.3201,Plein jour,En agglomération,Intersection en X,Normale,Sans collision,4,2,4,0,1,1,2,0,1,30,1,1,0,0,0,1,61.0,,deux_roues,,1,2,2,1,7
202300052549,2023-01-02 18:32:00,2023,1,2,18,32,81,81004,ROCADE RN88 EST,43.92541,2.17164,Nuit sans éclairage public,Hors agglomération,Hors intersection,Temps couvert,Deux véhicules - frontale,2,3,4,0,1,1,1,0,1,90,2,2,0,0,0,2,48.0,85.0,voiture,voiture,3,1,1,8,1
202300052550,2023-12-01 09:50:00,2023,12,1,9,50,29,29019,rue Armorique,48.384297,-4.50495,Plein jour,En agglomération,Place,Normale,Autre collision,4,2,2,0,2,1,1,0,1,50,1,2,1,0,1,0,52.0,,voiture,,1,2,7,1,6
202300052551,2023-02-15 14:20:00,2023,2,15,14,20,42,42279,Boulevard Jean Jaurès,45.512832,4.263575,Plein jour,En agglomération,Hors intersection,Normale,Deux véhicules - arrière,3,2,2,0,1,1,1,0,1,-1,2,3,2,0,0,1,24.0,18.0,voiture,deux_roues,1,2,1,1,2
202300052552,2023-01-03 07:50:00,2023,1,3,7,50,79,79191,,46.3103,-0.46698,Nuit sans éclairage public,En agglomération,Intersection en X,Normale,Autre collision,3,2,2,1,1,1,1,0,1,50,1,2,1,0,1,0,23.0,,voiture,,3,2,2,1,6
202300052552,2023-01-03 07:50:00,2023,1,3,7,50,79,79191,,46.3103,-0.46698,Nuit sans éclairage public,En agglomération,Intersection en X,Normale,Autre collision,3,2,2,-1,1,1,1,0,1,50,1,2,1,0,1,0,23.0,,voiture,,3,2,2,1,6
202300052553,2023-07-14 14:40:00,2023,7,14,14,40,11,11069,56 Rue Pierre Germain,43.21562,2.35818,Plein jour,En agglomération,Intersection en T,Normale,Deux véhicules - côté,4,-1,1,0,1,1,1,0,1,50,2,2,1,0,0,1,33.0,19.0,voiture,deux_roues,1,2,3,1,3
202300052553,2023-07-14 14:40:00,2023,7,14,14,40,11,11069,56 Rue Pierre Germain,43.21562,2.35818,Plein jour,En agglomération,Intersection en T,Normale,Deux véhicules - côté,4,1,1,0,1,1,1,0,1,50,2,2,1,0,0,1,33.0,19.0,voiture,deux_roues,1,2,3,1,3