accident_id,datetime,annee,mois,jour,heure,minute,departement,commune_insee,adresse,latitude,longitude,luminosite,agglomeration,intersection,meteo,collision,catr,circ,nbv,vosp,prof,plan,surf,infra,situ,vma,nb_vehicules,nb_usagers,nb_indemnes,nb_tues,nb_blesses_hosp,nb_blesses_legers,age_cond_1,age_cond_2,veh_type_cond_1,veh_type_cond_2,lum_code,agg_code,int_code,atm_code,col_code
202300052751,2023-01-03 20:28:00,2023,1,3,20,28,92,92050,JOLIOT CURIE F. ET IRENE AVENUE  N°PAIRS,48.88845464,2.20265231,Nuit avec éclairage allumé,En agglomération,Hors intersection,Pluie forte,Deux véhicules - côté,3,3,2,0,1,1,2,0,1,50,2,2,1,0,0,1,73.0,22.0,voiture,deux_roues,5,2,1,3,3
202300052752,2023-02-14 17:50:00,2023,2,14,17,50,44,44109,,47.2676667,-1.565997,Plein jour,Hors agglomération,Hors intersection,Normale,Deux véhicules - arrière,1,3,0,0,1,1,1,0,1,70,2,2,1,0,0,1,55.0,41.0,utilitaire_camion,voiture,1,1,1,1,2
202300052753,2023-01-03 13:05:00,2023,1,3,13,5,92,92024,DAGOBERT (RUE),48.902501,2.305401,Plein jour,En agglomération,Autre intersection,Normale,Deux véhicules - côté,4,1,1,0,1,1,1,6,1,50,2,2,1,0,0,1,32.0,,deux_roues,voiture,1,2,9,1,3
202300052754,2023-09-28 10:00:00,2023,9,28,10,0,71,71359,D 37,46.545831,4.956572,Plein jour,Hors agglomération,Intersection en X,Normale,Deux véhicules - côté,3,2,2,0,1,1,1,0,1,80,2,2,0,0,0,2,63.0,73.0,voiture,voiture,1,1,2,1,3
202300052754,2023-09-28 10:00:00,2023,9,28,10,0,71,71359,D 37,46.545831,4.956572,Plein jour,Hors agglomération,Intersection en X,Normale,Deux véhicules - côté,3,2,2,0,1,1,1,0,8,80,2,2,0,0,0,2,63.0,73.0,voiture,voiture,1,1,2,1,3
202300052755,2023-02-14 08:44:00,2023,2,14,8,44,38,38185,RUE DU 19 MARS 1962,45.18947,5.74193,Plein jour,En agglomération,Intersection en X,Normale,Deux véhicules - frontale,7,3,6,3,1,1,1,0,1,50,2,2,1,0,1,0,38.0,52.0,voiture,utilitaire_camion,1,2,2,1,1
202300052755,2023-02-14 08:44:00,2023,2,14,8,44,38,38185,RUE DU 19 MARS 1962,45.18947,5.74193,Plein jour,En agglomération,Intersection en X,Normale,Deux véhicules - frontale,7,2,5,0,1,1,1,0,1,50,2,2,1,0,1,0,38.0,52.0,voiture,utilitaire_camion,1,2,2,1,1
202300052756,2023-01-02 15:20:00,2023,1,2,15,20,92,92060,CHARLES DE GAULLE (PLACE),48.77265101,2.25173673,Plein jour,En agglomération,Hors intersection,Temps couvert,Deux véhicules - arrière,3,1,1,1,1,1,2,0,1,50,2,2,1,0,0,1,32.0,34.0,voiture,utilitaire_camion,1,2,1,8,2
202300052757,2023-09-27 23:10:00,2023,9,27,23,10,63,63291,D906-Anatole France/ rue Pasteur,45.96471252,3.47652376,Nuit avec éclairage allumé,En agglomération,Intersection en X,Normale,Deux véhicules - côté,3,2,2,0,1,1,1,5,1,50,2,2,1,0,1,0,15.0,33.0,deux_roues,voiture,5,2,2,1,3
202300052757,2023-09-27 23:10:00,2023,9,27,23,10,63,63291,D906-Anatole France/ rue Pasteur,45.96471252,3.47652376,Nuit avec éclairage allumé,En agglomération,Intersection en X,Normale,Deux véhicules - côté,3,2,2,0,1,1,1,5,1,50,2,2,1,0,1,0,15.0,33.0,deux_roues,voiture,5,2,2,1,3
202300052758,2023-01-02 21:20:00,2023,1,2,21,20,92,92004,ARGENTEUIL AV D',48.92686006,2.27333777,Nuit avec éclairage allumé,En agglomération,Intersection en X,Normale,Deux véhicules - côté,3,2,2,0,1,1,1,0,1,50,2,2,0,0,0,2,24.0,22.0,deux_roues,utilitaire_camion,5,2,2,1,3
202300052758,2023-01-02 21:20:00,2023,1,2,21,20,92,92004,ARGENTEUIL AV D',48.92686006,2.27333777,Nuit avec éclairage allumé,En agglomération,Intersection en X,Normale,Deux véhicules - côté,3,-1,2,0,1,1,1,0,1,50,2,2,0,0,0,2,24.0,22.0,deux_roues,utilitaire_camion,5,2,2,1,3
202300052759,2023-02-13 15:55:00,2023,2,13,15,55,37,37233,REPUBLIQUE (AVENUE DE LA),47.38989,0.72447,Plein jour,En agglomération,Intersection en X,Normale,Deux véhicules - côté,4,1,1,0,1,1,1,0,1,50,2,4,2,0,0,2,37.0,27.0,utilitaire_camion,voiture,1,2,2,1,3
202300052759,2023-02-13 15:55:00,2023,2,13,15,55,37,37233,REPUBLIQUE (AVENUE DE LA),47.38989,0.72447,Plein jour,En agglomération,Intersection en X,Normale,Deux véhicules - côté,4,2,2,0,1,1,1,0,1,30,2,4,2,0,0,2,37.0,27.0,utilitaire_camion,voiture,1,2,2,1,3
202300052760,2023-09-22 17:00:00,2023,9,22,17,0,61,61129,D9,48.471416,0.606125,Plein jour,Hors agglomération,Hors intersection,Pluie légère,Deux véhicules - frontale,3,2,2,0,1,1,2,0,1,90,2,3,2,0,0,1,25.0,72.0,utilitaire_camion,voiture,1,1,1,2,1
202300052761,2023-01-01 05:35:00,2023,1,1,5,35,35,35177,Les Petites Roches,48.205156,-1.746043,Nuit sans éclairage public,Hors agglomération,Hors intersection,Normale,Autre collision,3,2,2,0,2,3,1,0,1,80,1,2,0,0,1,1,33.0,,voiture,,3,1,1,1,6
202300052762,2023-09-27 13:30:00,2023,9,27,13,30,46,46313,Lieu Dit les Reingues,44.909888,1.767876,Plein jour,Hors agglomération,Hors intersection,Normale,Sans collision,3,2,2,0,1,2,1,0,8,80,1,1,0,0,1,0,86.0,,voiture,,1,1,1,1,7
202300052763,2023-02-14 15:35:00,2023,2,14,15,35,35,35206,RN136,48.07901,-1.69073,Plein jour,Hors agglomération,Hors intersection,Normale,Deux véhicules - arrière,2,3,6,0,2,2,1,3,1,90,2,5,4,0,0,1,62.0,39.0,voiture,utilitaire_camion,1,1,1,1,2
202300052764,2023-09-27 17:25:00,2023,9,27,17,25,44,44130,97 Rue du pays de retz,47.124513,-1.595389,Plein jour,Hors agglomération,Hors intersection,Normale,Deux véhicules - arrière,3,2,2,0,1,1,1,0,1,70,2,2,1,0,1,0,17.0,36.0,deux_roues,utilitaire_camion,1,1,1,1,2
202300052765,2023-01-04 14:30:00,2023,1,4,14,30,66,66190,,42.858586,2.9572961,Plein jour,Hors agglomération,Hors intersection,Normale,Deux véhicules - arrière,1,3,6,0,2,1,1,0,1,130,2,5,3,0,1,1,42.0,52.0,voiture,utilitaire_camion,1,1,1,1,2
202300052766,2023-09-28 11:20:00,2023,9,28,11,20,29,29264,Route de Kerfaven,48.51536447,-4.15119559,Plein jour,Hors agglomération,Hors intersection,Normale,Sans collision,3,2,2,0,1,1,1,0,3,80,1,1,0,0,1,0,38.0,,deux_roues,,1,1,1,1,7
202300052767,2023-02-10 07:30:00,2023,2,10,7,30,34,34032,674 Ancienne Route de Bedarieux,43.36329,3.21891,Crépuscule ou aube,En agglomération,Intersection en T,Normale,Deux véhicules - frontale,4,2,2,0,1,1,1,0,1,50,2,2,1,1,0,0,56.0,54.0,voiture,deux_roues,2,2,3,1,1
202300052767,2023-02-10 07:30:00,2023,2,10,7,30,34,34032,674 Ancienne Route de Bedarieux,43.36329,3.21891,Crépuscule ou aube,En agglomération,Intersection en T,Normale,Deux véhicules - frontale,4,-1,2,0,2,1,1,0,1,50,2,2,1,1,0,0,56.0,54.0,voiture,deux_roues,2,2,3,1,1
202300052768,2023-01-03 07:45:00,2023,1,3,7,45,28,28035,La Saussaye,48.40290293,1.55122018,Crépuscule ou aube,Hors agglomération,Intersection en T,Brouillard / fumée,Deux véhicules - côté,2,2,2,0,1,1,2,5,1,70,2,2,1,0,1,0,19.0,23.0,voiture,deux_roues,2,1,3,5,3
202300052768,2023-01-03 07:45:00,2023,1,3,7,45,28,28035,La Saussaye,48.40290293,1.55122018,Crépuscule ou aube,Hors agglomération,Intersection en T,Brouillard / fumée,Deux véhicules - côté,2,3,2,-1,1,1,2,0,1,-1,2,2,1,0,1,0,19.0,23.0,voiture,deux_roues,2,1,3,5,3
202300052769,2023-09-28 12:50:00,2023,9,28,12,50,29,29176,lieu dit toul fil,48.1237607,-4.21246971,Plein jour,Hors agglomération,Hors intersection,Pluie légère,Sans collision,3,-1,2,0,3,1,2,0,3,80,1,1,0,0,0,1,48.0,,deux_roues,,1,1,1,2,7
202300052770,2023-02-14 12:00:00,2023,2,14,12,0,33,33529,LABARTHE (RUE MICHEL),44.62269,-1.13925,Plein jour,En agglomération,Hors intersection,Normale,Deux véhicules - côté,4,2,2,0,1,1,1,9,1,50,2,2,1,0,0,1,73.0,30.0,deux_roues,voiture,1,2,1,1,3
202300052771,2023-01-03 10:10:00,2023,1,3,10,10,62,62338,Rue des Lombards,50.634574,2.835296,Plein jour,Hors agglomération,Intersection en T,Normale,Deux véhicules - frontale,4,2,2,0,1,1,2,0,1,80,2,2,1,0,1,0,45.0,68.0,voiture,deux_roues,1,1,3,1,1
202300052772,2023-09-17 16:45:00,2023,9,17,16,45,38,38457,D71,45.297717,5.266652,Plein jour,Hors agglomération,Hors intersection,Normale,Deux véhicules - frontale,3,2,2,0,2,2,1,0,1,70,2,2,0,0,0,2,51.0,64.0,utilitaire_camion,deux_roues,1,1,1,1,1
202300052773,2023-01-03 08:40:00,2023,1,3,8,40,74,74085,Chemin de colombaz,45.814229,6.716723,Plein jour,Hors agglomération,Hors intersection,Brouillard / fumée,Sans collision,4,2,2,0,2,2,6,0,1,-1,1,2,1,0,1,0,53.0,,deux_roues,,1,1,1,5,7
202300052774,2023-02-14 19:55:00,2023,2,14,19,55,27,27229,NORMANDIE (BOULEVARD DE),49.01955,1.13873,Nuit avec éclairage allumé,En agglomération,Hors intersection,Normale,Deux véhicules - côté,4,3,2,0,1,1,1,0,1,50,2,2,1,0,0,1,42.0,27.0,voiture,voiture,5,2,1,1,3
202300052775,2023-01-04 19:05:00,2023,1,4,19,5,74,74267,652 Route du col de leschaux,45.857423,6.13834,Nuit avec éclairage allumé,En agglomération,Hors intersection,Normale,Autre collision,3,2,2,0,2,1,1,0,4,50,1,1,0,0,0,1,64.0,,voiture,,5,2,1,1,6
202300052776,2023-09-17 02:00:00,2023,9,17,2,0,26,26193,60 Route du Clôt,44.175637,5.433812,Nuit avec éclairage non allumé,Hors agglomération,Hors intersection,Normale,Autre collision,3,2,2,0,1,3,1,2,8,80,1,1,0,1,0,0,52.0,,voiture,,4,1,1,1,6
202300052777,2023-01-03 19:30:00,2023,1,3,19,30,79,79311,,46.589865,-0.416762,Nuit sans éclairage public,Hors agglomération,Hors intersection,Pluie légère,Sans collision,3,2,2,0,2,1,2,0,3,80,1,3,2,0,1,0,40.0,,utilitaire_camion,,3,1,1,2,7
202300052778,2023-02-14 12:20:00,2023,2,14,12,20,22,22187,CHALUTIER SANS PITIE (Avenue du),48.53016,-2.76472,Plein jour,En agglomération,Intersection en X,Normale,Deux véhicules - côté,4,2,2,0,1,1,1,0,1,50,2,3,0,0,0,3,44.0,32.0,voiture,voiture,1,2,2,1,3
202300052778,2023-02-14 12:20:00,2023,2,14,12,20,22,22187,CHALUTIER SANS PITIE (Avenue du),48.53016,-2.76472,Plein jour,En agglomération,Intersection en X,Normale,Deux véhicules - côté,4,2,2,0,1,1,1,0,1,50,2,3,0,0,0,3,44.0,32.0,voiture,voiture,1,2,2,1,3
202300052779,2023-01-04 11:25:00,2023,1,4,11,25,79,79322,,46.63791,-0.2826,Plein jour,Hors agglomération,Hors intersection,Pluie légère,Autre collision,3,2,2,0,3,2,2,9,1,70,1,2,1,0,1,0,47.0,,voiture,,1,1,1,2,6
202300052780,2023-02-14 11:30:00,2023,2,14,11,30,22,22278,71° RI (DU),48.51094,-2.75939,Plein jour,En agglomération,Hors intersection,Normale,Autre collision,4,2,3,1,1,1,1,0,1,30,1,2,1,0,1,0,33.0,,deux_roues,,1,2,1,1,6
202300052781,2023-01-01 12:45:00,2023,1,1,12,45,69,69018,Route de la Vallée d’Andilleys,46.14679,4.59216,Plein jour,Hors agglomération,Hors intersection,Normale,Sans collision,4,2,1,0,1,3,1,0,3,50,1,1,0,0,1,0,42.0,,deux_roues,,1,1,1,1,7
202300052782,2023-09-27 23:00:00,2023,9,27,23,0,18,18096,3 Rue Joliot Curie,47.177236,2.166002,Nuit avec éclairage allumé,En agglomération,Hors intersection,Normale,Sans collision,3,2,2,0,1,2,1,0,3,50,1,1,0,0,0,1,52.0,,deux_roues,,5,2,1,1,7
202300052783,2023-01-03 21:20:00,2023,1,3,21,20,71,71014,Route de Château Chinon,46.977277,4.259503,Nuit sans éclairage public,Hors agglomération,Hors intersection,Brouillard / fumée,Autre collision,3,2,2,0,1,2,1,0,3,80,1,1,0,0,0,1,62.0,,utilitaire_camion,,3,1,1,5,6
202300052784,2023-02-14 16:21:00,2023,2,14,16,21,19,19275,,45.5461101,2.30669439,Plein jour,En agglomération,Autre intersection,Normale,Deux véhicules - côté,3,3,2,0,2,1,1,5,1,30,2,2,1,0,1,0,22.0,40.0,voiture,deux_roues,1,2,9,1,3
202300052785,2023-09-24 12:21:00,2023,9,24,12,21,18,18108,21 Rue Edmond Laroche,46.949358,2.95962,Plein jour,En agglomération,Hors intersection,Normale,Autre collision,4,2,2,0,1,1,1,6,1,50,1,2,1,0,1,0,25.0,,deux_roues,,1,2,1,1,6
202300052786,2023-01-03 19:00:00,2023,1,3,19,0,89,89309,27 Avenue du General Leclerc,48.28498,3.210985,Nuit avec éclairage allumé,En agglomération,Hors intersection,Normale,Autre collision,3,2,2,0,1,1,1,0,1,50,1,1,0,0,1,0,58.0,,deux_roues,,5,2,1,1,6
202300052787,2023-09-27 18:45:00,2023,9,27,18,45,18,18145,23 Rue de la Gare,47.228476,2.482728,Plein jour,En agglomération,Hors intersection,Normale,Autre collision,3,2,2,0,1,1,1,0,1,50,2,2,1,0,1,0,50.0,15.0,voiture,deux_roues,1,2,1,1,6
202300052788,2023-02-14 21:02:00,2023,2,14,21,2,14,14118,1 Rue Professeur Joseph Rousselot,49.20588,-0.35935,Nuit avec éclairage allumé,En agglomération,Intersection en X,Normale,Deux véhicules - frontale,4,2,2,0,1,1,1,5,1,50,2,2,1,0,1,0,43.0,50.0,voiture,deux_roues,5,2,2,1,1
202300052788,2023-02-14 21:02:00,2023,2,14,21,2,14,14118,1 Rue Professeur Joseph Rousselot,49.20588,-0.35935,Nuit avec éclairage allumé,En agglomération,Intersection en X,Normale,Deux véhicules - frontale,4,2,2,0,1,1,1,5,1,50,2,2,1,0,1,0,43.0,50.0,voiture,deux_roues,5,2,2,1,1
202300052789,2023-01-03 12:35:00,2023,1,3,12,35,46,46317,D60,44.831891,1.770859,Plein jour,En agglomération,Intersection en X,Brouillard / fumée,Deux véhicules - côté,3,2,2,0,1,1,2,0,1,80,2,2,1,0,0,1,29.0,43.0,voiture,voiture,1,2,2,5,3
202300052789,2023-01-03 12:35:00,2023,1,3,12,35,46,46317,D60,44.831891,1.770859,Plein jour,En agglomération,Intersection en X,Brouillard / fumée,Deux véhicules - côté,3,2,2,0,1,1,2,0,1,80,2,2,1,0,0,1,29.0,43.0,voiture,voiture,1,2,2,5,3
202300052790,2023-02-13 19:30:00,2023,2,13,19,30,14,14118,116 Rue de la Délivrande,49.195164,-0.359983,Nuit avec éclairage allumé,En agglomération,Hors intersection,Normale,Autre collision,4,2,2,0,2,1,1,0,1,50,1,2,1,0,0,1,67.0,,voiture,,5,2,1,1,6
202300052791,2023-01-03 10:25:00,2023,1,3,10,25,47,47195,Route de Mezin,44.130609,0.323233,Plein jour,Hors agglomération,Intersection en X,Temps éblouissant,Deux véhicules - frontale,3,2,2,0,3,1,2,0,1,80,2,3,1,0,1,1,77.0,61.0,voiture,voiture,1,1,2,7,1
202300052791,2023-01-03 10:25:00,2023,1,3,10,25,47,47195,Route de Mezin,44.130609,0.323233,Plein jour,Hors agglomération,Intersection en X,Temps éblouissant,Deux véhicules - frontale,3,2,2,-1,1,1,2,5,1,-1,2,3,1,0,1,1,77.0,61.0,voiture,voiture,1,1,2,7,1
202300052792,2023-01-03 14:30:00,2023,1,3,14,30,86,86281,9 Route de Lencloître,46.736611,0.30931,Plein jour,En agglomération,Hors intersection,Normale,Autre collision,3,2,2,0,1,2,1,0,4,50,1,1,0,0,1,0,64.0,,deux_roues,,1,2,1,1,6
202300052793,2023-02-13 14:45:00,2023,2,13,14,45,13,13103,AVENUE BOREL -GEORGES,43.64048667,5.08041462,Plein jour,En agglomération,Hors intersection,Normale,Deux véhicules - arrière,4,2,0,0,1,1,1,0,1,50,2,2,1,0,0,1,37.0,35.0,voiture,voiture,1,2,1,1,2
202300052794,2023-09-26 19:45:00,2023,9,26,19,45,21,21545,D118,47.87482369,4.53612269,Crépuscule ou aube,Hors agglomération,Hors intersection,Normale,Autre collision,3,2,2,0,1,1,1,0,3,80,1,1,0,0,1,0,98.0,,voiture,,2,1,1,1,6
202300052795,2023-01-04 06:55:00,2023,1,4,6,55,38,38416,pk79 rd 518,45.132043,5.325623,Crépuscule ou aube,Hors agglomération,Hors intersection,Normale,Deux véhicules - côté,3,2,2,0,2,3,2,0,1,80,2,2,1,0,0,1,46.0,19.0,voiture,deux_roues,2,1,1,1,3
202300052796,2023-09-27 08:16:00,2023,9,27,8,16,08,08491,Rue de l?Industrie,49.727458,4.840369,Crépuscule ou aube,En agglomération,Autre intersection,Temps éblouissant,Autre collision,4,2,2,0,1,1,1,0,4,50,1,2,1,0,0,1,32.0,,voiture,,2,2,9,7,6
202300052797,2023-02-14 23:30:00,2023,2,14,23,30,13,13213,ESCADRILLE NORMANDIE NIEMEN,43.33542444,5.41009663,Nuit avec éclairage allumé,En agglomération,Hors intersection,Normale,Autre collision,4,2,2,0,1,1,1,0,1,50,1,3,2,0,0,1,56.0,,voiture,,5,2,1,1,6
202300052798,2023-01-04 20:25:00,2023,1,4,20,25,38,38533,D524,45.164701,5.805781,Nuit sans éclairage public,Hors agglomération,Hors intersection,Normale,Trois véhicules et plus - collisions multiples,7,2,2,0,2,3,2,0,1,70,3,3,0,0,1,2,63.0,22.0,voiture,voiture,3,1,1,1,5
202300052799,2023-09-28 14:00:00,2023,9,28,14,0,88,88357,Chemin de Ramecourt,48.313391,6.109729,Plein jour,Hors agglomération,Hors intersection,Normale,Deux véhicules - frontale,4,2,2,0,2,4,1,0,1,30,2,2,0,0,1,1,16.0,36.0,deux_roues,voiture,1,1,1,1,1
202300052800,2023-02-14 22:40:00,2023,2,14,22,40,94,94038,Rue Paul Hochart,48.775711,2.357157,Nuit avec éclairage allumé,En agglomération,Hors intersection,Normale,Autre collision,4,2,2,0,1,1,1,0,1,50,1,2,0,0,0,2,58.0,,utilitaire_camion,,5,2,1,1,6
202300052801,2023-01-03 20:45:00,2023,1,3,20,45,50,50604,1 Le Moulin d?Arrondel,49.542543,-1.836396,Nuit sans éclairage public,Hors agglomération,Hors intersection,Pluie légère,Autre collision,3,2,2,0,1,4,2,0,8,80,1,1,0,0,1,0,25.0,,deux_roues,,3,1,1,2,6
202300052802,2023-09-28 07:04:00,2023,9,28,7,4,38,38517,A49,45.289588,5.527257,Crépuscule ou aube,Hors agglomération,Hors intersection,Normale,Autre collision,1,3,2,0,1,2,1,8,1,50,1,1,0,0,0,1,26.0,,voiture,,2,1,1,1,6
202300052803,2023-02-13 08:36:00,2023,2,13,8,36,75,75118,RUE ORDENER,48.890875,2.353257,Plein jour,En agglomération,Intersection en T,Normale,Deux véhicules - frontale,4,1, -1,-1,1,1,1,0,1,-1,2,2,1,0,1,0,42.0,53.0,deux_roues,voiture,1,2,3,1,1
202300052803,2023-02-13 08:36:00,2023,2,13,8,36,75,75118,RUE ORDENER,48.890875,2.353257,Plein jour,En agglomération,Intersection en T,Normale,Deux véhicules - frontale,4,2,2,0,1,1,1,0,1,30,2,2,1,0,1,0,42.0,53.0,deux_roues,voiture,1,2,3,1,1
202300052804,2023-09-27 19:00:00,2023,9,27,19,0,67,67152,Route de Strasbourg,48.528546,7.661923,Crépuscule ou aube,En agglomération,Hors intersection,Normale,Sans collision,4,2,2,0,1,2,1,0,3,50,1,1,0,1,0,0,19.0,,deux_roues,,2,2,1,1,7
202300052805,2023-01-04 09:00:00,2023,1,4,9,0,50,50615,Place du Château,49.509383,-1.472125,Crépuscule ou aube,En agglomération,Giratoire,Pluie légère,Autre collision,3,2,1,1,1,1,2,5,6,30,1,2,1,0,1,0,73.0,,voiture,,2,2,6,2,6
202300052806,2023-09-27 09:30:00,2023,9,27,9,30,91,91386,28 Boulevard Charles de Gaulle,48.5664,2.44369,Plein jour,En agglomération,Hors intersection,Normale,Autre collision,3,2,2,0,1,1,1,0,1,50,1,2,1,0,1,0,80.0,,voiture,,1,2,1,1,6
202300052807,2023-02-14 11:45:00,2023,2,14,11,45,75,75120,AVENUE GAMBETTA,48.866528,2.399889,Plein jour,En agglomération,Intersection en X,Normale,Deux véhicules - côté,4,2,3,1,2,1,1,-1,6,30,2,2,1,0,0,1,65.0,13.0,utilitaire_camion,deux_roues,1,2,2,1,3
202300052807,2023-02-14 11:45:00,2023,2,14,11,45,75,75120,AVENUE GAMBETTA,48.866528,2.399889,Plein jour,En agglomération,Intersection en X,Normale,Deux véhicules - côté,4,1, -1,-1,1,1,1,-1,6,-1,2,2,1,0,0,1,65.0,13.0,utilitaire_camion,deux_roues,1,2,2,1,3
202300052808,2023-01-04 07:10:00,2023,1,4,7,10,45,45327,D11 PR 24 + 625,47.984687,2.094001,Nuit sans éclairage public,Hors agglomération,Hors intersection,Pluie légère,Deux véhicules - côté,3,2,2,0,1,2,2,0,1,80,2,3,2,0,1,0,30.0,32.0,deux_roues,voiture,3,1,1,2,3
202300052809,2023-02-14 20:20:00,2023,2,14,20,20,75,75119,PLACE AUGUSTE BARON,48.901012,2.387656,Nuit avec éclairage allumé,En agglomération,Place,Normale,Deux véhicules - arrière,4,1,4,3,1,2,1,0,1,30,2,2,1,0,0,1,41.0,31.0,voiture,deux_roues,5,2,7,1,2
202300052810,2023-09-26 12:00:00,2023,9,26,12,0,84,84019,"chemin des turs,84500",44.286261,4.748084,Plein jour,En agglomération,Hors intersection,Normale,Deux véhicules - frontale,4,2,2,0,1,1,1,0,1,50,2,4,2,0,0,2,35.0,18.0,voiture,voiture,1,2,1,1,1
202300052811,2023-01-01 06:19:00,2023,1,1,6,19,64,64059,D817,43.285313,-0.256237,Nuit sans éclairage public,Hors agglomération,Hors intersection,Normale,Deux véhicules - frontale,3,2,3,0,1,1,1,0,1,80,2,4,0,0,3,1,25.0,24.0,voiture,voiture,3,1,1,1,1
202300052812,2023-01-03 12:55:00,2023,1,3,12,55,18,18019,,47.183681,2.677454,Plein jour,Hors agglomération,Hors intersection,Normale,Sans collision,3,2,2,0,1,2,1,0,3,70,1,1,0,1,0,0,65.0,,voiture,,1,1,1,1,7
202300052813,2023-09-27 12:15:00,2023,9,27,12,15,13,13034,D24b,43.762974,4.965606,Plein jour,Hors agglomération,Hors intersection,Normale,Deux véhicules - côté,3,2,2,0,1,1,1,0,1,80,2,2,1,0,1,0,17.0,27.0,deux_roues,voiture,1,1,1,1,3
202300052814,2023-01-02 08:55:00,2023,1,2,8,55,53,53109,D35,48.287562,-0.471318,Plein jour,Hors agglomération,Hors intersection,Normale,Deux véhicules - côté,3,2,2,0,1,1,1,0,1,80,2,2,1,0,0,1,22.0,,voiture,voiture,1,1,1,1,3
202300052815,2023-02-14 12:30:00,2023,2,14,12,30,75,75119,AVENUE DE FLANDRE,48.890576,2.376478,Plein jour,En agglomération,Intersection en T,Normale,Deux véhicules - côté,4,1,1,1,1,1,1,0,1,30,2,2,1,0,0,1,19.0,43.0,deux_roues,voiture,1,2,3,1,3
202300052815,2023-02-14 12:30:00,2023,2,14,12,30,75,75119,AVENUE DE FLANDRE,48.890576,2.376478,Plein jour,En agglomération,Intersection en T,Normale,Deux véhicules - côté,4,1, -1,-1,1,1,1,0,1,-1,2,2,1,0,0,1,19.0,43.0,deux_roues,voiture,1,2,3,1,3
202300052816,2023-09-28 07:40:00,2023,9,28,7,40,38,38072,Autoroute A7 PK023+600 sens Nord / Sud,45.324438,4.811304,Plein jour,Hors agglomération,Hors intersection,Normale,Deux véhicules - arrière,1,1,3,0,1,3,1,0,1,70,2,2,0,0,1,1,39.0,69.0,utilitaire_camion,voiture,1,1,1,1,2
202300052817,2023-01-04 16:45:00,2023,1,4,16,45,37,37212,Sainte-Catherine de Fierbois ? RD 910,47.145116,0.646917,Plein jour,Hors agglomération,Hors intersection,Pluie légère,Autre collision,3,2,2,0,2,2,2,0,3,90,1,1,0,1,0,0,45.0,,voiture,,1,1,1,2,6
202300052818,2023-02-13 13:00:00,2023,2,13,13,0,75,75119,RUE MANIN,48.88303,2.385492,Plein jour,En agglomération,Intersection en X,Normale,Autre collision,4,2,2,0,2,1,1,0,1,30,1,2,1,0,0,1,38.0,,voiture,,1,2,2,1,6
202300052818,2023-02-13 13:00:00,2023,2,13,13,0,75,75119,RUE MANIN,48.88303,2.385492,Plein jour,En agglomération,Intersection en X,Normale,Autre collision,4,2,2,0,1,1,1,0,1,30,1,2,1,0,0,1,38.0,,voiture,,1,2,2,1,6
202300052819,2023-01-03 20:50:00,2023,1,3,20,50,30,30169,RN 113,43.787698,4.317107,Nuit sans éclairage public,Hors agglomération,Hors intersection,Normale,Deux véhicules - frontale,2,2,2,0,1,2,1,2,1,80,2,3,0,1,2,0,31.0,38.0,voiture,voiture,3,1,1,1,1
202300052820,2023-02-14 11:45:00,2023,2,14,11,45,75,75116,RUE COPERNIC,48.869502,2.286744,Plein jour,En agglomération,Hors intersection,Normale,Autre collision,4,1,1,0,1,1,1,0,4,30,1,2,1,0,0,1,19.0,,deux_roues,,1,2,1,1,6
202300052821,2023-09-28 07:55:00,2023,9,28,7,55,70,70416,N19,47.660365,6.368616,Plein jour,Hors agglomération,Hors intersection,Normale,Trois véhicules et plus - collisions multiples,2,2,2,0,1,1,1,0,1,80,3,5,4,0,1,0,18.0,23.0,voiture,utilitaire_camion,1,1,1,1,5
202300052822,2023-09-28 06:55:00,2023,9,28,6,55,03,03298,RN7,46.30933512,3.41044069,Crépuscule ou aube,Hors agglomération,Hors intersection,Normale,Sans collision,2,3,4,3,1,3,1,0,1,110,1,1,0,0,1,0,38.0,,deux_roues,,2,1,1,1,7
202300052823,2023-01-03 07:40:00,2023,1,3,7,40,35,35206,D82 Le rouvray,48.059324,-1.663485,Nuit avec éclairage allumé,Hors agglomération,Intersection en T,Normale,Deux véhicules - côté,3,2,2,1,1,1,2,0,1,80,2,2,1,0,1,0,40.0,54.0,voiture,deux_roues,5,1,3,1,3
202300052823,2023-01-03 07:40:00,2023,1,3,7,40,35,35206,D82 Le rouvray,48.059324,-1.663485,Nuit avec éclairage allumé,Hors agglomération,Intersection en T,Normale,Deux véhicules - côté,3,2,2,0,1,1,2,0,1,80,2,2,1,0,1,0,40.0,54.0,voiture,deux_roues,5,1,3,1,3
202300052824,2023-02-13 19:45:00,2023,2,13,19,45,75,75116,AVENUE KLEBER,48.871251,2.293328,Nuit avec éclairage allumé,En agglomération,Intersection en T,Normale,Autre collision,4,2,3,0,1,1,1,0,1,30,1,2,1,0,0,1,55.0,,voiture,,5,2,3,1,6
202300052824,2023-02-13 19:45:00,2023,2,13,19,45,75,75116,AVENUE KLEBER,48.871251,2.293328,Nuit avec éclairage allumé,En agglomération,Intersection en T,Normale,Autre collision,4,2, -1,-1,1,1,1,0,1,-1,1,2,1,0,0,1,55.0,,voiture,,5,2,3,1,6
202300052825,2023-09-28 14:15:00,2023,9,28,14,15,07,07324,chemin de champagne,45.050604,4.832101,Plein jour,En agglomération,Giratoire,Normale,Deux véhicules - côté,3,2,1,2,1,3,1,0,5,-1,2,2,1,0,1,0,32.0,57.0,voiture,deux_roues,1,2,6,1,3