accident_id,datetime,annee,mois,jour,heure,minute,departement,commune_insee,adresse,latitude,longitude,luminosite,agglomeration,intersection,meteo,collision,catr,circ,nbv,vosp,prof,plan,surf,infra,situ,vma,nb_vehicules,nb_usagers,nb_indemnes,nb_tues,nb_blesses_hosp,nb_blesses_legers,age_cond_1,age_cond_2,veh_type_cond_1,veh_type_cond_2,lum_code,agg_code,int_code,atm_code,col_code
202300052896,2023-01-02 20:40:00,2023,1,2,20,40,95,95582,A15,48.96924975,2.2506845,Nuit sans éclairage public,Hors agglomération,Hors intersection,Normale,Autre collision,1,3,8,0,1,1,1,0,1,110,1,1,0,0,0,1,21.0,,voiture,,3,1,1,1,6
202300052897,2023-01-02 19:30:00,2023,1,2,19,30,93,93064,AUTOROUTE A86,48.8791675,2.47634149,Nuit sans éclairage public,Hors agglomération,Hors intersection,Normale,Deux véhicules - arrière,1,3,6,0,1,1,1,0,1,90,2,4,1,0,0,3,23.0,26.0,voiture,voiture,3,1,1,1,2
202300052898,2023-01-02 09:40:00,2023,1,2,9,40,92,92036,AUTOROUTE A15,48.947254,2.28190524,Crépuscule ou aube,Hors agglomération,Hors intersection,Pluie forte,Autre collision,1,3,8,0,2,3,2,2,1,90,1,1,0,0,0,1,43.0,,voiture,,2,1,1,3,6
202300052899,2023-01-02 08:30:00,2023,1,2,8,30,95,95527, A1,49.01061779,2.52906561,Crépuscule ou aube,Hors agglomération,Hors intersection,Pluie légère,Autre collision,1,3,8,0,1,1,2,0,1,90,1,3,1,0,0,2,37.0,,voiture,,2,1,1,2,6
202300052900,2023-01-02 07:54:00,2023,1,2,7,54,34,34172,3310 Boulevard Paul Valéry,43.59125,3.85427,Plein jour,En agglomération,Hors intersection,Normale,Autre collision,4,1,4,0,1,1,1,0,1,50,1,3,2,1,0,0,47.0,,voiture,,1,2,1,1,6
202300052901,2023-01-01 18:30:00,2023,1,1,18,30,29,29019,boulevard Gambetta,48.388688,-4.4803361,Nuit avec éclairage allumé,En agglomération,Hors intersection,Pluie légère,Autre collision,4,2,2,0,1,1,2,0,1,30,1,2,1,0,0,1,53.0,,voiture,,5,2,1,2,6
202300052902,2023-01-02 17:05:00,2023,1,2,17,5,69,69388,Avenue Rockefeller,45.74078,4.88669,Nuit avec éclairage allumé,En agglomération,Passage à niveau,Pluie légère,Autre collision,4,2,2,3,1,1,2,4,6,20,1,2,1,0,0,1,43.0,,transport_commun,,5,2,8,2,6
202300052903,2023-12-01 18:25:00,2023,12,1,18,25,06,06027,ALPES AVENUE DES,43.6688,7.1259,Nuit avec éclairage allumé,En agglomération,Hors intersection,Pluie légère,Autre collision,7,3,4,0,1,1,2,0,1,50,1,2,1,0,0,1,44.0,,voiture,,5,2,1,2,6
202300052904,2023-01-02 11:00:00,2023,1,2,11,0,69,69386,11 Rue des Emeraudes,45.76909203,4.8605758,Plein jour,En agglomération,Intersection en X,Normale,Deux véhicules - côté,4,2,2,2,1,1,1,2,1,50,2,4,2,0,0,2,36.0,25.0,voiture,voiture,1,2,2,1,3
202300052904,2023-01-02 11:00:00,2023,1,2,11,0,69,69386,11 Rue des Emeraudes,45.76909203,4.8605758,Plein jour,En agglomération,Intersection en X,Normale,Deux véhicules - côté,4,1,2,0,1,1,1,0,1,50,2,4,2,0,0,2,36.0,25.0,voiture,voiture,1,2,2,1,3
202300052905,2023-11-28 14:30:00,2023,11,28,14,30,05,05061,JEAN MACE ( RUE ),44.55983,6.07187,Plein jour,En agglomération,Hors intersection,Normale,Deux véhicules - frontale,4,2,2,0,2,4,1,0,1,30,2,2,1,0,0,1,42.0,57.0,voiture,voiture,1,2,1,1,1
202300052906,2023-01-01 04:00:00,2023,1,1,4,0,972,97213,AUTOROUTE A1,14.61834,-61.02366,Nuit avec éclairage allumé,Hors agglomération,Hors intersection,Normale,Sans collision,1,2,6,3,1,1,1,0,1,70,1,4,0,0,0,4,21.0,,voiture,,5,1,1,1,7
202300052907,2023-01-01 07:00:00,2023,1,1,7,0,972,97209,AUTOROUTE (A1),14.61829,-61.03741,Plein jour,Hors agglomération,Hors intersection,Normale,Deux véhicules - arrière,1,2,8,3,2,1,1,2,1,90,2,2,0,0,0,2,39.0,23.0,voiture,voiture,1,1,1,1,2
202300052908,2023-02-15 16:40:00,2023,2,15,16,40,17,17387,Rue du Côteau,45.804865,-0.749438,Plein jour,Hors agglomération,Hors intersection,Normale,Deux véhicules - arrière,4,2,2,0,1,1,1,0,1,50,2,2,1,0,0,1,,76.0,autre,deux_roues,1,1,1,1,2
202300052909,2023-02-14 18:55:00,2023,2,14,18,55,52,52017,chemin de combe saint dizier,47.916957,4.937405,Crépuscule ou aube,En agglomération,Hors intersection,Normale,Sans collision,4,2,2,0,2,1,6,0,1,50,1,1,0,1,0,0,73.0,,utilitaire_camion,,2,2,1,1,7
202300052910,2023-01-02 07:40:00,2023,1,2,7,40,971,97113,RN4 - SECTION RIVIERA,16.21765,-61.49358,Plein jour,Hors agglomération,Hors intersection,Normale,Deux véhicules - frontale,2,2,2,0,1,1,1,0,1,70,2,3,1,0,2,0,22.0,53.0,voiture,voiture,1,1,1,1,1
202300052911,2023-11-28 15:00:00,2023,11,28,15,0,05,05061,COMMERCE ( RUE DU ),44.5626,6.09579,Plein jour,En agglomération,Intersection en X,Normale,Deux véhicules - côté,4,2,2,0,1,1,1,0,1,50,2,2,1,0,0,1,22.0,45.0,voiture,voiture,1,2,2,1,3
202300052911,2023-11-28 15:00:00,2023,11,28,15,0,05,05061,COMMERCE ( RUE DU ),44.5626,6.09579,Plein jour,En agglomération,Intersection en X,Normale,Deux véhicules - côté,4,2,2,0,1,1,1,0,1,50,2,2,1,0,0,1,22.0,45.0,voiture,voiture,1,2,2,1,3
202300052912,2023-02-14 09:55:00,2023,2,14,9,55,40,40065,Avenue Jean Lartigau,43.637946,-1.429296,Plein jour,En agglomération,Giratoire,Temps éblouissant,Autre collision,4,2,2,0,1,1,1,9,1,50,1,3,1,0,2,0,93.0,,voiture,,1,2,6,7,6
202300052913,2023-01-01 23:38:00,2023,1,1,23,38,971,97113,COCOYER,16.2413929,-61.4940995,Nuit avec éclairage allumé,Hors agglomération,Autre intersection,Normale,Deux véhicules - frontale,3,-1,1,0,1,1,1,0,1,70,2,2,0,0,1,1,59.0,28.0,voiture,voiture,5,1,9,1,1
202300052914,2023-02-15 17:44:00,2023,2,15,17,44,974,97404,D110,-21.249847,55.381892,Plein jour,Hors agglomération,Hors intersection,Normale,Deux véhicules - côté,3,2,2,0,1,1,1,0,1,-1,2,2,1,0,1,0,28.0,56.0,deux_roues,utilitaire_camion,1,1,1,1,3
202300052915,2023-12-01 18:00:00,2023,12,1,18,0,75,75119,PORTE DE PANTIN,48.884855,2.39806,Nuit avec éclairage allumé,En agglomération,Hors intersection,Normale,Deux véhicules - côté,4,1,4,0,1,1,1,0,1,70,2,2,1,0,0,1,43.0,45.0,voiture,deux_roues,5,2,1,1,3
202300052916,2023-01-02 18:55:00,2023,1,2,18,55,77,77121,NOYERS (RUE DES ),48.836161,2.6676482,Nuit sans éclairage public,En agglomération,Hors intersection,Normale,Autre collision,4,2,2,1,1,2,2,0,4,30,1,2,1,0,0,1,63.0,,voiture,,3,2,1,1,6
202300052917,2023-02-14 20:20:00,2023,2,14,20,20,35,35109,Piquet,48.07108477,-1.19377345,Nuit sans éclairage public,Hors agglomération,Hors intersection,Normale,Deux véhicules - arrière,2,3,4,0,1,1,1,0,1,110,2,2,0,0,0,2,26.0,26.0,voiture,voiture,3,1,1,1,2
202300052918,2023-02-15 09:30:00,2023,2,15,9,30,95,95144,RD 9,49.067781,2.442304,Plein jour,Hors agglomération,Hors intersection,Brouillard / fumée,Autre collision,3,2,2,0,1,2,1,0,3,80,1,1,0,0,0,1,82.0,,voiture,,1,1,1,5,6
202300052919,2023-01-01 13:50:00,2023,1,1,13,50,73,73222,D912 Route de la Féclaz,45.58197,5.97544,Plein jour,Hors agglomération,Hors intersection,Normale,Deux véhicules - côté,3,2,2,0,2,3,1,0,1,70,2,3,1,0,2,0,46.0,17.0,voiture,deux_roues,1,1,1,1,3
202300052920,2023-02-13 09:50:00,2023,2,13,9,50,19,19248,rd 920,45.462539,1.553621,Plein jour,Hors agglomération,Hors intersection,Normale,Deux véhicules - côté,3,2,2,0,1,1,1,0,1,90,2,2,1,0,1,0,71.0,38.0,deux_roues,voiture,1,1,1,1,3
202300052921,2023-01-01 15:50:00,2023,1,1,15,50,71,71076,BOUCICAUT (AVENUE),46.78457,4.84474,Plein jour,En agglomération,Intersection en T,Normale,Deux véhicules - côté,4,2,2,0,2,1,1,0,1,50,2,2,1,0,0,1,18.0,81.0,deux_roues,voiture,1,2,3,1,3
202300052921,2023-01-01 15:50:00,2023,1,1,15,50,71,71076,BOUCICAUT (AVENUE),46.78457,4.84474,Plein jour,En agglomération,Intersection en T,Normale,Deux véhicules - côté,4,2,2,0,2,1,1,0,1,50,2,2,1,0,0,1,18.0,81.0,deux_roues,voiture,1,2,3,1,3
202300052922,2023-02-11 16:00:00,2023,2,11,16,0,56,56185,le Ménéguen,47.781679,-3.443372,Plein jour,Hors agglomération,Hors intersection,Normale,Autre collision,3,2,2,0,1,1,1,0,1,80,1,1,0,0,1,0,57.0,,deux_roues,,1,1,1,1,6
202300052923,2023-12-01 16:17:00,2023,12,1,16,17,75,75117,RUE DES ACACIAS,48.877075,2.292167,Plein jour,En agglomération,Intersection en X,Normale,Deux véhicules - côté,4,2,2,0,2,1,1,0,1,30,2,3,0,0,3,0,18.0,55.0,deux_roues,deux_roues,1,2,2,1,3
202300052923,2023-12-01 16:17:00,2023,12,1,16,17,75,75117,RUE DES ACACIAS,48.877075,2.292167,Plein jour,En agglomération,Intersection en X,Normale,Deux véhicules - côté,4,1,2,2,1,1,1,0,1,30,2,3,0,0,3,0,18.0,55.0,deux_roues,deux_roues,1,2,2,1,3
202300052924,2023-01-02 06:40:00,2023,1,2,6,40,69,69092,Route de Montmelas,46.00271,4.71927,Nuit sans éclairage public,Hors agglomération,Hors intersection,Normale,Sans collision,3,2,2,0,1,1,1,0,1,50,1,1,0,0,0,1,26.0,,voiture,,3,1,1,1,7
202300052925,2023-07-07 18:00:00,2023,7,7,18,0,74,74225,D910,45.879382,5.937593,Plein jour,Hors agglomération,Hors intersection,Normale,Deux véhicules - côté,3,2,2,0,1,3,1,0,1,80,2,2,1,0,0,1,58.0,34.0,deux_roues,voiture,1,1,1,1,3
202300052926,2023-11-30 10:52:00,2023,11,30,10,52,75,75108,RUE DE CONSTANTINOPLE,48.881271,2.316565,Plein jour,En agglomération,Intersection en X,Normale,Autre collision,4,1,1,0,1,1,1,0,1,30,1,3,2,1,0,0,57.0,,transport_commun,,1,2,2,1,6
202300052926,2023-11-30 10:52:00,2023,11,30,10,52,75,75108,RUE DE CONSTANTINOPLE,48.881271,2.316565,Plein jour,En agglomération,Intersection en X,Normale,Autre collision,4,1,1,0,1,1,1,0,1,30,1,3,2,1,0,0,57.0,,transport_commun,,1,2,2,1,6
202300052927,2023-02-15 15:00:00,2023,2,15,15,0,82,82136,Grand Rue,43.90531,1.407843,Plein jour,En agglomération,Giratoire,Normale,Autre collision,3,1,1,0,1,2,1,0,1,50,1,2,1,0,1,0,15.0,,deux_roues,,1,2,6,1,6
202300052927,2023-02-15 15:00:00,2023,2,15,15,0,82,82136,Grand Rue,43.90531,1.407843,Plein jour,En agglomération,Giratoire,Normale,Autre collision,3,2,1,0,1,2,1,0,1,50,1,2,1,0,1,0,15.0,,deux_roues,,1,2,6,1,6
202300052928,2023-07-05 10:30:00,2023,7,5,10,30,74,74237,Route Nationale,46.39284245,6.78975313,Plein jour,Hors agglomération,Hors intersection,Normale,Deux véhicules - frontale,3,2,2,0,1,1,1,0,1,80,2,2,1,0,1,0,19.0,70.0,deux_roues,voiture,1,1,1,1,1
202300052929,2023-10-26 12:45:00,2023,10,26,12,45,75,75105,BOULEVARD SAINT MICHEL,48.848806,2.341764,Plein jour,En agglomération,Intersection en T,Normale,Deux véhicules - côté,4,-1,3,3,2,1,1,0,1,30,2,2,1,0,1,0,28.0,37.0,deux_roues,deux_roues,1,2,3,1,3
202300052929,2023-10-26 12:45:00,2023,10,26,12,45,75,75105,BOULEVARD SAINT MICHEL,48.848806,2.341764,Plein jour,En agglomération,Intersection en T,Normale,Deux véhicules - côté,4,1, -1,-1,1,1,1,0,1,-1,2,2,1,0,1,0,28.0,37.0,deux_roues,deux_roues,1,2,3,1,3
202300052930,2023-01-02 18:25:00,2023,1,2,18,25,69,69290,Boulevard Edouard Herriot,45.69444,4.93696,Nuit avec éclairage allumé,En agglomération,Intersection en T,Pluie légère,Deux véhicules - côté,4,1,1,0,1,1,2,0,1,50,2,2,1,0,0,1,34.0,25.0,voiture,voiture,5,2,3,2,3
202300052930,2023-01-02 18:25:00,2023,1,2,18,25,69,69290,Boulevard Edouard Herriot,45.69444,4.93696,Nuit avec éclairage allumé,En agglomération,Intersection en T,Pluie légère,Deux véhicules - côté,4,2,2,0,1,1,2,0,1,50,2,2,1,0,0,1,34.0,25.0,voiture,voiture,5,2,3,2,3
202300052931,2023-06-28 19:25:00,2023,6,28,19,25,74,74272,Route de Clermont_,45.943108,6.028002,Crépuscule ou aube,Hors agglomération,Intersection en T,Normale,Deux véhicules - côté,3,2,2,0,2,1,1,0,1,70,2,2,1,0,1,0,57.0,45.0,deux_roues,voiture,2,1,3,1,3
202300052931,2023-06-28 19:25:00,2023,6,28,19,25,74,74272,Route de Clermont_,45.943108,6.028002,Crépuscule ou aube,Hors agglomération,Intersection en T,Normale,Deux véhicules - côté,3,2,2,0,2,1,1,0,1,70,2,2,1,0,1,0,57.0,45.0,deux_roues,voiture,2,1,3,1,3
202300052932,2023-02-15 17:10:00,2023,2,15,17,10,61,61168,D916,48.584081,-0.365429,Crépuscule ou aube,En agglomération,Hors intersection,Temps éblouissant,Deux véhicules - frontale,3,2,2,1,1,3,1,0,1,50,2,2,0,0,1,1,32.0,21.0,voiture,voiture,2,2,1,7,1
202300052933,2023-11-30 08:30:00,2023,11,30,8,30,75,75105,RUE DU FOUARRE,48.851662,2.347762,Plein jour,En agglomération,Intersection en T,Normale,Autre collision,4,1, -1,-1,1,1,1,0,5,-1,1,2,1,0,0,1,67.0,,deux_roues,,1,2,3,1,6
202300052933,2023-11-30 08:30:00,2023,11,30,8,30,75,75105,RUE DU FOUARRE,48.851662,2.347762,Plein jour,En agglomération,Intersection en T,Normale,Autre collision,4,1,2,2,1,1,1,0,5,30,1,2,1,0,0,1,67.0,,deux_roues,,1,2,3,1,6
202300052934,2023-06-25 00:20:00,2023,6,25,0,20,74,74161,Route d'annecy,45.87653664,6.0159643,Nuit sans éclairage public,Hors agglomération,Hors intersection,Normale,Deux véhicules - frontale,3,-1,2,0,1,2,1,0,1,80,2,2,0,0,0,2,20.0,25.0,voiture,voiture,3,1,1,1,1
202300052935,2023-01-02 17:55:00,2023,1,2,17,55,69,69290,Rue Maurice Audibert,45.70007,4.92004,Nuit sans éclairage public,En agglomération,Hors intersection,Pluie légère,Deux véhicules - arrière,7,2,4,3,1,1,2,0,1,50,2,2,1,0,0,1,51.0,30.0,voiture,voiture,3,2,1,2,2
202300052936,2023-12-01 07:40:00,2023,12,1,7,40,75,75114,BOULEVARD ROMAIN ROLLAND,48.819848,2.325529,Crépuscule ou aube,En agglomération,Intersection en X,Normale,Deux véhicules - arrière,4,1,5,1,1,1,1,0,1,50,2,2,1,0,0,1,62.0,46.0,deux_roues,utilitaire_camion,2,2,2,1,2
202300052936,2023-12-01 07:40:00,2023,12,1,7,40,75,75114,BOULEVARD ROMAIN ROLLAND,48.819848,2.325529,Crépuscule ou aube,En agglomération,Intersection en X,Normale,Deux véhicules - arrière,4,1, -1,-1,1,1,1,0,1,50,2,2,1,0,0,1,62.0,46.0,deux_roues,utilitaire_camion,2,2,2,1,2
202300052937,2023-06-19 06:45:00,2023,6,19,6,45,74,74016,Avenue marie curie,46.139415,6.123564,Crépuscule ou aube,En agglomération,Giratoire,Normale,Deux véhicules - côté,4,1,1,0,1,2,1,5,1,30,2,2,1,0,1,0,32.0,42.0,deux_roues,voiture,2,2,6,1,3
202300052938,2023-01-17 22:15:00,2023,1,17,22,15,61,61145,Voie Communale,48.589144,-0.650215,Nuit avec éclairage allumé,En agglomération,Hors intersection,Temps couvert,Autre collision,4,2,2,0,2,1,2,0,4,50,1,4,3,0,1,0,20.0,,voiture,,5,2,1,8,6
202300052939,2023-12-01 18:15:00,2023,12,1,18,15,75,75111,AVENUE DE LA REPUBLIQUE,48.86600857,2.37071478,Nuit avec éclairage allumé,En agglomération,Intersection en T,Normale,Autre collision,4,2,4,1,2,1,1,0,5,30,1,2,1,0,0,1,13.0,,deux_roues,,5,2,3,1,6
202300052939,2023-12-01 18:15:00,2023,12,1,18,15,75,75111,AVENUE DE LA REPUBLIQUE,48.86600857,2.37071478,Nuit avec éclairage allumé,En agglomération,Intersection en T,Normale,Autre collision,4,1, -1,-1,1,1,1,0,5,30,1,2,1,0,0,1,13.0,,deux_roues,,5,2,3,1,6
202300052940,2023-01-01 04:10:00,2023,1,1,4,10,67,67482,SALLUSTE (RUE),48.58306,7.69606,Nuit avec éclairage non allumé,En agglomération,Hors intersection,Normale,Deux véhicules - arrière,4,2,2,0,1,1,1,9,1,50,2,2,1,0,0,1,24.0,21.0,voiture,voiture,4,2,1,1,2
202300052941,2023-02-13 08:30:00,2023,2,13,8,30,55,55001,D10,48.535178,5.500846,Plein jour,Hors agglomération,Hors intersection,Brouillard / fumée,Sans collision,3,2,2,0,1,1,1,0,1,80,1,1,0,0,0,1,44.0,,utilitaire_camion,,1,1,1,5,7
202300052942,2023-11-29 17:13:00,2023,11,29,17,13,75,75101,RUE DU COLONEL DRIANT,48.863744,2.338784,Plein jour,En agglomération,Intersection en T,Normale,Sans collision,4,-1,2,0,1,1,1,0,1,30,1,1,0,0,1,0,30.0,,deux_roues,,1,2,3,1,7
202300052942,2023-11-29 17:13:00,2023,11,29,17,13,75,75101,RUE DU COLONEL DRIANT,48.863744,2.338784,Plein jour,En agglomération,Intersection en T,Normale,Sans collision,4,-1,2,0,1,1,1,0,1,30,1,1,0,0,1,0,30.0,,deux_roues,,1,2,3,1,7
202300052943,2023-06-26 08:15:00,2023,6,26,8,15,26,26165,Route lucien ravit,44.797351,4.822952,Plein jour,Hors agglomération,Hors intersection,Normale,Deux véhicules - côté,4,2,2,0,2,3,1,0,1,80,2,3,2,0,1,0,60.0,64.0,utilitaire_camion,deux_roues,1,1,1,1,3
202300052944,2023-11-30 11:10:00,2023,11,30,11,10,94,94081,Boulevard de Stalingrad,48.797275,2.383227,Plein jour,En agglomération,Autre intersection,Normale,Autre collision,6,-1, -1,0,1,1,1,6,1,-1,1,2,1,0,0,1,71.0,,voiture,,1,2,9,1,6
202300052945,2023-01-01 17:50:00,2023,1,1,17,50,66,66136,,42.70651,2.89343,Nuit avec éclairage allumé,En agglomération,Intersection en T,Normale,Autre collision,4,2,2,0,1,1,1,0,1,30,1,2,1,0,0,1,60.0,,voiture,,5,2,3,1,6
202300052946,2023-09-26 19:40:00,2023,9,26,19,40,973,97302,ZEPHIR (ROCADE),4.93779821,-52.30659217,Nuit avec éclairage allumé,En agglomération,Autre intersection,Normale,Deux véhicules - côté,3,2,2,0,1,1,1,0,1,50,2,3,2,0,0,1,53.0,34.0,voiture,deux_roues,5,2,9,1,3
202300052947,2023-12-01 22:00:00,2023,12,1,22,0,94,94078,Rue de Paris,48.73549,2.44674,Nuit avec éclairage allumé,En agglomération,Intersection en T,Normale,Deux véhicules - côté,2,1,0,0,1,1,1,0,1,50,2,2,1,0,0,1,37.0,46.0,deux_roues,voiture,5,2,3,1,3
202300052947,2023-12-01 22:00:00,2023,12,1,22,0,94,94078,Rue de Paris,48.73549,2.44674,Nuit avec éclairage allumé,En agglomération,Intersection en T,Normale,Deux véhicules - côté,2,2, -1,0,1,1,1,0,1,-1,2,2,1,0,0,1,37.0,46.0,deux_roues,voiture,5,2,3,1,3
202300052948,2023-02-15 17:20:00,2023,2,15,17,20,47,47301,1950 route de seyches,44.532608,0.316254,Plein jour,Hors agglomération,Hors intersection,Normale,Deux véhicules - côté,3,2,2,0,2,3,1,0,3,70,2,2,1,1,0,0,83.0,21.0,voiture,voiture,1,1,1,1,3
202300052949,2023-09-26 14:05:00,2023,9,26,14,5,973,97302,BADUEL (ROUTE DE),4.93455319,-52.31151402,Plein jour,En agglomération,Hors intersection,Normale,Deux véhicules - côté,3,2,2,0,1,1,1,0,1,50,2,3,0,0,0,3,41.0,25.0,voiture,voiture,1,2,1,1,3
202300052950,2023-01-01 18:15:00,2023,1,1,18,15,64,64102,Avenue Maréchal Foch,43.493502,-1.481037,Nuit avec éclairage allumé,En agglomération,Hors intersection,Normale,Deux véhicules - frontale,4,2,2,0,1,1,1,0,1,50,2,3,2,0,0,1,32.0,16.0,voiture,deux_roues,5,2,1,1,1
202300052951,2023-05-09 08:20:00,2023,5,9,8,20,13,13211,A50-Sens Aubagne vers Marseille,43.29466,5.4667,Plein jour,Hors agglomération,Hors intersection,Normale,Deux véhicules - arrière,1,-1,3,0,1,1,1,0,1,90,2,2,0,0,0,2,34.0,33.0,voiture,voiture,1,1,1,1,2
202300052952,2023-03-29 17:55:00,2023,3,29,17,55,93,93063,Rue de la République,48.880393,2.43652,Plein jour,En agglomération,Hors intersection,Normale,Deux véhicules - côté,4,2,2,0,1,1,1,0,1,30,2,2,1,0,0,1,74.0,25.0,voiture,deux_roues,1,2,1,1,3
202300052953,2023-11-30 23:50:00,2023,11,30,23,50,94,94068,Avenue de la Libération,48.81297,2.47972,Nuit avec éclairage allumé,En agglomération,Intersection en X,Normale,Deux véhicules - frontale,3,2,2,0,1,1,1,0,1,30,2,3,2,0,0,1,36.0,32.0,voiture,voiture,5,2,2,1,1
202300052953,2023-11-30 23:50:00,2023,11,30,23,50,94,94068,Avenue de la Libération,48.81297,2.47972,Nuit avec éclairage allumé,En agglomération,Intersection en X,Normale,Deux véhicules - frontale,3,2,2,0,1,1,1,0,1,30,2,3,2,0,0,1,36.0,32.0,voiture,voiture,5,2,2,1,1
202300052954,2023-09-26 07:20:00,2023,9,26,7,20,973,97302,MADELEINE (ROUTE DE LA),4.9140254,-52.32085615,Plein jour,En agglomération,Hors intersection,Normale,Deux véhicules - côté,3,2,2,0,1,1,1,0,1,50,2,2,1,0,0,1,46.0,18.0,voiture,deux_roues,1,2,1,1,3
202300052955,2023-01-02 20:30:00,2023,1,2,20,30,62,62193,Boulevard Léon Gambetta,50.94658,1.84337,Nuit avec éclairage allumé,En agglomération,Intersection en T,Normale,Deux véhicules - côté,4,2,2,0,1,1,1,0,1,30,2,3,1,0,1,1,22.0,19.0,voiture,deux_roues,5,2,3,1,3
202300052955,2023-01-02 20:30:00,2023,1,2,20,30,62,62193,Boulevard Léon Gambetta,50.94658,1.84337,Nuit avec éclairage allumé,En agglomération,Intersection en T,Normale,Deux véhicules - côté,4,2,4,0,1,1,1,0,1,30,2,3,1,0,1,1,22.0,19.0,voiture,deux_roues,5,2,3,1,3
202300052956,2023-03-30 16:50:00,2023,3,30,16,50,93,93029,Rue Voltaire,48.914506,2.434786,Plein jour,En agglomération,Hors intersection,Normale,Autre collision,4,1,1,0,1,1,1,9,1,30,1,2,1,0,0,1,24.0,,voiture,,1,2,1,1,6
202300052957,2023-02-08 11:15:00,2023,2,8,11,15,22,22251,Rue des Sports,48.56609,-2.813079,Plein jour,En agglomération,Intersection en T,Normale,Deux véhicules - côté,4,1,1,0,1,1,1,0,1,30,2,2,1,0,1,0,68.0,63.0,voiture,deux_roues,1,2,3,1,3
202300052957,2023-02-08 11:15:00,2023,2,8,11,15,22,22251,Rue des Sports,48.56609,-2.813079,Plein jour,En agglomération,Intersection en T,Normale,Deux véhicules - côté,4,2,2,0,1,1,1,0,1,30,2,2,1,0,1,0,68.0,63.0,voiture,deux_roues,1,2,3,1,3
202300052958,2023-12-01 11:45:00,2023,12,1,11,45,94,94073,Boulevard de Stalingrad,48.77326,2.39963,Plein jour,En agglomération,Hors intersection,Normale,Deux véhicules - côté,3,1,3,0,1,1,1,0,1,50,2,2,1,0,0,1,34.0,33.0,voiture,voiture,1,2,1,1,3
202300052959,2023-05-09 03:00:00,2023,5,9,3,0,69,69295,Autoroute 46,45.60551134,4.85985784,Nuit sans éclairage public,Hors agglomération,Hors intersection,Normale,Autre collision,1,3,4,0,1,1,1,0,1,110,1,1,0,0,0,1,43.0,,voiture,,3,1,1,1,6
202300052960,2023-03-30 09:57:00,2023,3,30,9,57,92,92051,"VICTOR HUGO (BOULEVARD, N° 9 A 49 ET 16",48.88628666,2.27955347,Plein jour,En agglomération,Hors intersection,Normale,Deux véhicules - côté,4,2,2,0,1,1,1,0,1,50,2,2,1,0,0,1,55.0,39.0,deux_roues,voiture,1,2,1,1,3
202300052961,2023-01-01 20:30:00,2023,1,1,20,30,59,59043,CASSEL (RUE DE),50.737925,2.73088,Nuit avec éclairage allumé,En agglomération,Giratoire,Pluie légère,Trois véhicules et plus - collisions multiples,3,2,2,0,2,1,2,0,1,30,3,5,2,0,0,3,32.0,63.0,voiture,voiture,5,2,6,2,5
202300052962,2023-09-26 17:15:00,2023,9,26,17,15,69,69386,Cours Vitton,45.77011,4.8592,Crépuscule ou aube,En agglomération,Intersection en T,Normale,Deux véhicules - côté,4,1,1,2,1,1,1,0,1,30,2,3,2,0,0,1,21.0,42.0,deux_roues,voiture,2,2,3,1,3
202300052962,2023-09-26 17:15:00,2023,9,26,17,15,69,69386,Cours Vitton,45.77011,4.8592,Crépuscule ou aube,En agglomération,Intersection en T,Normale,Deux véhicules - côté,4,1,2,2,1,1,1,2,1,30,2,3,2,0,0,1,21.0,42.0,deux_roues,voiture,2,2,3,1,3
202300052963,2023-12-01 09:15:00,2023,12,1,9,15,94,94073,Rue des Aubépines,48.76669,2.39835,Plein jour,En agglomération,Hors intersection,Normale,Deux véhicules - arrière,4,1,1,0,1,1,1,0,1,50,2,2,1,0,0,1,23.0,40.0,utilitaire_camion,deux_roues,1,2,1,1,2
202300052964,2023-01-02 11:00:00,2023,1,2,11,0,56,56098,Rue Daniel Trudaine,47.7744,-3.33829,Plein jour,En agglomération,Giratoire,Temps éblouissant,Deux véhicules - côté,3,1,1,0,1,2,2,0,1,30,2,2,1,0,0,1,25.0,37.0,deux_roues,voiture,1,2,6,7,3
202300052965,2023-03-29 23:26:00,2023,3,29,23,26,92,92050,SOUFFLOT J-GERMAIN BOULEVARD,48.89643344,2.21472949,Nuit avec éclairage allumé,En agglomération,Giratoire,Pluie légère,Deux véhicules - côté,4,1,1,0,1,1,2,0,1,50,2,4,3,0,0,1,22.0,31.0,voiture,deux_roues,5,2,6,2,3
202300052965,2023-03-29 23:26:00,2023,3,29,23,26,92,92050,SOUFFLOT J-GERMAIN BOULEVARD,48.89643344,2.21472949,Nuit avec éclairage allumé,En agglomération,Giratoire,Pluie légère,Deux véhicules - côté,4,1,1,0,1,1,2,5,1,50,2,4,3,0,0,1,22.0,31.0,voiture,deux_roues,5,2,6,2,3
202300052966,2023-02-15 09:30:00,2023,2,15,9,30,39,39030,,47.134702,5.501125,Plein jour,Hors agglomération,Giratoire,Temps éblouissant,Deux véhicules - côté,3,4,2,0,1,2,1,5,1,80,2,2,1,0,0,1,70.0,38.0,voiture,deux_roues,1,1,6,7,3
202300052966,2023-02-15 09:30:00,2023,2,15,9,30,39,39030,,47.134702,5.501125,Plein jour,Hors agglomération,Giratoire,Temps éblouissant,Deux véhicules - côté,3,2,2,-1,1,1,1,5,1,90,2,2,1,0,0,1,70.0,38.0,voiture,deux_roues,1,1,6,7,3