accident_id,datetime,annee,mois,jour,heure,minute,departement,commune_insee,adresse,latitude,longitude,luminosite,agglomeration,intersection,meteo,collision,catr,circ,nbv,vosp,prof,plan,surf,infra,situ,vma,nb_vehicules,nb_usagers,nb_indemnes,nb_tues,nb_blesses_hosp,nb_blesses_legers,age_cond_1,age_cond_2,veh_type_cond_1,veh_type_cond_2,lum_code,agg_code,int_code,atm_code,col_code
202300052967,2023-09-26 16:50:00,2023,9,26,16,50,69,69388,Boulevard des Etats-Unis,45.72447381,4.87141423,Plein jour,En agglomération,Intersection en X,Normale,Deux véhicules - arrière,4,2,3,2,1,1,1,0,1,50,2,2,0,0,0,2,21.0,50.0,deux_roues,deux_roues,1,2,2,1,2
202300052967,2023-09-26 16:50:00,2023,9,26,16,50,69,69388,Boulevard des Etats-Unis,45.72447381,4.87141423,Plein jour,En agglomération,Intersection en X,Normale,Deux véhicules - arrière,4,2,3,2,1,1,1,0,1,50,2,2,0,0,0,2,21.0,50.0,deux_roues,deux_roues,1,2,2,1,2
202300052968,2023-01-01 05:40:00,2023,1,1,5,40,56,56121,MONISTROL (RUE),47.73889,-3.38105,Nuit avec éclairage non allumé,En agglomération,Hors intersection,Vent fort / tempête,Autre collision,4,2,2,0,2,1,2,0,1,30,1,1,0,0,0,1,62.0,,voiture,,4,2,1,6,6
202300052969,2023-12-01 09:40:00,2023,12,1,9,40,94,94017,Avenue du Général de Gaulle,48.820615,2.486026,Plein jour,En agglomération,Hors intersection,Normale,Autre collision,3,1,4,0,1,1,1,0,1,50,1,2,1,0,0,1,40.0,,deux_roues,,1,2,1,1,6
202300052970,2023-01-02 18:36:00,2023,1,2,18,36,50,50218,MATIGNON (AV DES),48.83808,-1.57465,Nuit avec éclairage allumé,En agglomération,Hors intersection,Pluie légère,Autre collision,4,2,2,2,1,1,2,0,1,50,1,1,0,0,0,1,28.0,,voiture,,5,2,1,2,6
202300052971,2023-03-30 22:00:00,2023,3,30,22,0,92,92020,VERDUN AVENUE DE N°1 A 45,48.803,2.287,Nuit avec éclairage allumé,En agglomération,Hors intersection,Normale,Deux véhicules - côté,3,1,1,0,2,1,1,0,1,50,2,2,1,0,0,1,34.0,40.0,deux_roues,voiture,5,2,1,1,3
202300052972,2023-05-09 09:02:00,2023,5,9,9,2,33,33281,ROCADE A 630,44.84876,-0.66871,Plein jour,Hors agglomération,Hors intersection,Pluie légère,Deux véhicules - arrière,1,3,3,0,1,1,2,0,1,90,2,2,1,0,1,0,28.0,31.0,voiture,deux_roues,1,1,1,2,2
202300052973,2023-09-26 09:57:00,2023,9,26,9,57,69,69388,Avenue des Frères Lumière,45.74304,4.87689,Plein jour,En agglomération,Intersection en X,Normale,Deux véhicules - frontale,4,1,1,2,1,1,1,0,1,30,2,2,1,0,0,1,38.0,31.0,voiture,deux_roues,1,2,2,1,1
202300052973,2023-09-26 09:57:00,2023,9,26,9,57,69,69388,Avenue des Frères Lumière,45.74304,4.87689,Plein jour,En agglomération,Intersection en X,Normale,Deux véhicules - frontale,4,2,2,0,1,1,1,0,1,30,2,2,1,0,0,1,38.0,31.0,voiture,deux_roues,1,2,2,1,1
202300052974,2023-11-30 20:07:00,2023,11,30,20,7,93,93073,Rue du Chapitre / Rue des Terres Noires,49.002475,2.536898,Nuit avec éclairage allumé,En agglomération,Intersection en X,Normale,Deux véhicules - côté,9,2,2,0,1,1,1,5,8,50,2,2,1,0,0,1,33.0,60.0,voiture,utilitaire_camion,5,2,2,1,3
202300052975,2023-03-30 11:40:00,2023,3,30,11,40,92,92049,BROSSOLETTE AVENUE PIERRE,48.816747,2.30662,Plein jour,En agglomération,Hors intersection,Normale,Deux véhicules - côté,3,2,2,1,1,1,1,0,1,50,2,2,1,0,0,1,28.0,48.0,voiture,deux_roues,1,2,1,1,3
202300052976,2023-01-01 06:38:00,2023,1,1,6,38,49,49246,A87N,47.41908,-0.50523,Nuit sans éclairage public,Hors agglomération,Hors intersection,Pluie légère,Deux véhicules - arrière,1,2,4,0,1,1,2,0,1,90,2,4,1,0,0,3,32.0,26.0,voiture,voiture,3,1,1,2,2
202300052977,2023-03-29 20:03:00,2023,3,29,20,3,92,92049,BROSSOLETTE AVENUE PIERRE,48.81882,2.30945,Nuit avec éclairage allumé,En agglomération,Hors intersection,Normale,Deux véhicules - frontale,3,2,2,1,1,1,1,0,1,50,2,2,1,0,0,1,39.0,24.0,deux_roues,voiture,5,2,1,1,1
202300052978,2023-02-14 14:00:00,2023,2,14,14,0,25,25519,RD 437,47.312846,6.811652,Plein jour,Hors agglomération,Hors intersection,Normale,Trois véhicules et plus - collisions multiples,3,2,2,0,2,2,2,0,1,80,3,7,3,0,3,1,31.0,23.0,voiture,voiture,1,1,1,1,5
202300052979,2023-01-02 20:10:00,2023,1,2,20,10,38,38318,FREREJEAN(AV G.ET L.),45.52395,4.91932,Nuit avec éclairage allumé,En agglomération,Intersection en T,Pluie forte,Deux véhicules - côté,3,2,2,0,2,1,2,0,1,50,2,2,0,0,0,2,47.0,31.0,voiture,voiture,5,2,3,3,3
202300052979,2023-01-02 20:10:00,2023,1,2,20,10,38,38318,FREREJEAN(AV G.ET L.),45.52395,4.91932,Nuit avec éclairage allumé,En agglomération,Intersection en T,Pluie forte,Deux véhicules - côté,3,1,1,0,1,1,2,0,1,50,2,2,0,0,0,2,47.0,31.0,voiture,voiture,5,2,3,3,3
202300052980,2023-09-25 17:15:00,2023,9,25,17,15,69,69387,Boulevard Yves Farge,45.74337,4.83426,Plein jour,En agglomération,Intersection en T,Normale,Deux véhicules - côté,4,2,2,0,1,1,1,0,1,30,2,2,1,0,0,1,,54.0,deux_roues,deux_roues,1,2,3,1,3
202300052980,2023-09-25 17:15:00,2023,9,25,17,15,69,69387,Boulevard Yves Farge,45.74337,4.83426,Plein jour,En agglomération,Intersection en T,Normale,Deux véhicules - côté,4,2,2,0,1,1,1,0,1,30,2,2,1,0,0,1,,54.0,deux_roues,deux_roues,1,2,3,1,3
202300052980,2023-09-25 17:15:00,2023,9,25,17,15,69,69387,Boulevard Yves Farge,45.74337,4.83426,Plein jour,En agglomération,Intersection en T,Normale,Deux véhicules - côté,4,2,3,2,1,1,1,0,1,30,2,2,1,0,0,1,,54.0,deux_roues,deux_roues,1,2,3,1,3
202300052981,2023-11-30 05:00:00,2023,11,30,5,0,93,93066,Avenue du Président Wilson /  Rue Henri Delaunay,48.92579,2.35725,Nuit avec éclairage allumé,En agglomération,Intersection en X,Normale,Deux véhicules - côté,3,1,4,0,1,1,2,1,1,50,2,2,1,0,0,1,31.0,,voiture,voiture,5,2,2,1,3
202300052981,2023-11-30 05:00:00,2023,11,30,5,0,93,93066,Avenue du Président Wilson /  Rue Henri Delaunay,48.92579,2.35725,Nuit avec éclairage allumé,En agglomération,Intersection en X,Normale,Deux véhicules - côté,3,2,2,0,1,1,2,8,1,50,2,2,1,0,0,1,31.0,,voiture,voiture,5,2,2,1,3
202300052982,2023-03-30 14:45:00,2023,3,30,14,45,92,92048,VERD DE SAINT JULIEN (BOULEVARD),48.81608964,2.2326681,Plein jour,En agglomération,Hors intersection,Normale,Autre collision,3,2,2,0,1,1,1,0,1,30,1,1,0,0,0,1,21.0,,voiture,,1,2,1,1,6
202300052983,2023-09-26 07:55:00,2023,9,26,7,55,972,97209,ZOBDA QUITMAN (AVENUE),14.63071,-61.03965,Plein jour,En agglomération,Hors intersection,Normale,Sans collision,4,2,2,0,2,1,1,0,1,50,1,1,0,0,0,1,24.0,,deux_roues,,1,2,1,1,7
202300052984,2023-01-02 05:50:00,2023,1,2,5,50,37,37208,DE GAULLE (AV. DU GAL),47.35629,0.72718,Nuit avec éclairage allumé,En agglomération,Intersection en X,Pluie légère,Deux véhicules - côté,4,2,2,2,1,1,2,5,1,50,2,2,1,0,0,1,55.0,53.0,voiture,voiture,5,2,2,2,3
202300052984,2023-01-02 05:50:00,2023,1,2,5,50,37,37208,DE GAULLE (AV. DU GAL),47.35629,0.72718,Nuit avec éclairage allumé,En agglomération,Intersection en X,Pluie légère,Deux véhicules - côté,4,3,4,1,1,1,2,5,1,50,2,2,1,0,0,1,55.0,53.0,voiture,voiture,5,2,2,2,3
202300052985,2023-03-30 08:10:00,2023,3,30,8,10,92,92026,MARECHAL JOFFRE (QUAI DU),48.90191,2.28023,Plein jour,Hors agglomération,Intersection en T,Temps couvert,Deux véhicules - côté,3,1,2,0,1,1,1,0,1,50,2,2,1,0,0,1,53.0,49.0,voiture,deux_roues,1,1,3,8,3
202300052985,2023-03-30 08:10:00,2023,3,30,8,10,92,92026,MARECHAL JOFFRE (QUAI DU),48.90191,2.28023,Plein jour,Hors agglomération,Intersection en T,Temps couvert,Deux véhicules - côté,3,1,2,0,1,1,1,0,1,50,2,2,1,0,0,1,53.0,49.0,voiture,deux_roues,1,1,3,8,3
202300052986,2023-12-01 19:40:00,2023,12,1,19,40,93,93077,Grande Rue / Avenue de la Bourdonnais,48.88232,2.52366,Nuit avec éclairage allumé,En agglomération,Intersection en T,Normale,Autre collision,3,2,2,0,1,1,1,0,1,50,1,2,1,0,0,1,23.0,,deux_roues,,5,2,3,1,6
202300052986,2023-12-01 19:40:00,2023,12,1,19,40,93,93077,Grande Rue / Avenue de la Bourdonnais,48.88232,2.52366,Nuit avec éclairage allumé,En agglomération,Intersection en T,Normale,Autre collision,3,1,1,0,1,1,1,0,1,-1,1,2,1,0,0,1,23.0,,deux_roues,,5,2,3,1,6
202300052987,2023-02-14 18:45:00,2023,2,14,18,45,29,29020,Rue Amiral de la Grandiere,48.097221,-3.996819,Crépuscule ou aube,En agglomération,Intersection en X,Normale,Deux véhicules - côté,3,2,2,0,1,1,1,5,1,50,2,2,1,0,1,0,65.0,21.0,voiture,deux_roues,2,2,2,1,3
202300052987,2023-02-14 18:45:00,2023,2,14,18,45,29,29020,Rue Amiral de la Grandiere,48.097221,-3.996819,Crépuscule ou aube,En agglomération,Intersection en X,Normale,Deux véhicules - côté,3,2,2,0,2,1,1,0,1,50,2,2,1,0,1,0,65.0,21.0,voiture,deux_roues,2,2,2,1,3
202300052988,2023-09-26 13:30:00,2023,9,26,13,30,69,69389,49 Quai Paul Sédallian,45.78847,4.81532,Plein jour,En agglomération,Hors intersection,Normale,Deux véhicules - arrière,4,2,2,1,1,1,1,0,5,50,2,2,1,0,0,1,30.0,25.0,utilitaire_camion,deux_roues,1,2,1,1,2
202300052989,2023-01-02 17:20:00,2023,1,2,17,20,33,33063,Boulevard Pierre 1er,44.85922,-0.58941,Crépuscule ou aube,En agglomération,Intersection en X,Normale,Deux véhicules - côté,4,1,3,0,1,1,1,5,1,50,2,3,1,0,2,0,20.0,54.0,deux_roues,voiture,2,2,2,1,3
202300052989,2023-01-02 17:20:00,2023,1,2,17,20,33,33063,Boulevard Pierre 1er,44.85922,-0.58941,Crépuscule ou aube,En agglomération,Intersection en X,Normale,Deux véhicules - côté,4,1,2,0,1,1,1,5,1,30,2,3,1,0,2,0,20.0,54.0,deux_roues,voiture,2,2,2,1,3
202300052990,2023-03-30 09:23:00,2023,3,30,9,23,92,92019,DIVISION LECLERC (AVENUE DE LA),48.76468259,2.26570174,Plein jour,En agglomération,Hors intersection,Normale,Autre collision,3,3,2,0,2,1,1,0,1,50,1,2,1,0,0,1,27.0,,utilitaire_camion,,1,2,1,1,6
202300052991,2023-05-08 09:48:00,2023,5,8,9,48,33,33192,ROCADE A 630,44.7901795,-0.6098941,Plein jour,Hors agglomération,Hors intersection,Normale,Trois véhicules et plus - en chaîne,1,3,6,0,1,1,1,0,1,90,4,9,8,0,0,1,82.0,40.0,voiture,voiture,1,1,1,1,4
202300052992,2023-02-14 16:30:00,2023,2,14,16,30,31,31276,2245 Route de Balesta,43.200697,0.595693,Plein jour,Hors agglomération,Hors intersection,Normale,Autre collision,3,-1,2,0,2,4,1,0,8,90,1,1,0,0,1,0,59.0,,voiture,,1,1,1,1,6
202300052993,2023-09-26 13:30:00,2023,9,26,13,30,971,97101,RN1-  HAUTEUR DE SORTIE LAURICISQUE,16.25383,-61.5389,Plein jour,Hors agglomération,Hors intersection,Normale,Autre collision,2,1,3,0,1,1,1,0,3,70,1,1,0,0,1,0,30.0,,utilitaire_camion,,1,1,1,1,6
202300052994,2023-03-29 08:45:00,2023,3,29,8,45,92,92004,PIERRE BOUDOU,48.91583897,2.30843666,Plein jour,En agglomération,Hors intersection,Normale,Autre collision,4,1,1,0,1,1,1,0,1,50,1,2,0,0,0,2,26.0,,deux_roues,,1,2,1,1,6
202300052995,2023-12-01 08:46:00,2023,12,1,8,46,93,93077,Grande Rue / Avenue de la Bourdonnais,48.88216,2.52322,Plein jour,En agglomération,Intersection en T,Normale,Trois véhicules et plus - en chaîne,3,2,2,0,1,1,1,0,1,50,3,3,2,0,0,1,24.0,35.0,deux_roues,voiture,1,2,3,1,4
202300052995,2023-12-01 08:46:00,2023,12,1,8,46,93,93077,Grande Rue / Avenue de la Bourdonnais,48.88216,2.52322,Plein jour,En agglomération,Intersection en T,Normale,Trois véhicules et plus - en chaîne,3,1,1,0,1,1,1,0,1,-1,3,3,2,0,0,1,24.0,35.0,deux_roues,voiture,1,2,3,1,4
202300052996,2023-01-01 18:40:00,2023,1,1,18,40,33,33063,Allée Serr,44.84122376,-0.56191742,Nuit avec éclairage allumé,En agglomération,Intersection à plus de 4 branches,Normale,Deux véhicules - côté,4,1,2,3,1,1,1,5,1,30,2,2,1,0,1,0,23.0,27.0,deux_roues,voiture,5,2,5,1,3
202300052996,2023-01-01 18:40:00,2023,1,1,18,40,33,33063,Allée Serr,44.84122376,-0.56191742,Nuit avec éclairage allumé,En agglomération,Intersection à plus de 4 branches,Normale,Deux véhicules - côté,4,2,5,1,2,1,1,5,1,30,2,2,1,0,1,0,23.0,27.0,deux_roues,voiture,5,2,5,1,3
202300052997,2023-09-26 11:50:00,2023,9,26,11,50,971,97105,DANIEL BEAUPERTHUY (RUE),15.99912,-61.72985,Plein jour,En agglomération,Intersection en Y,Normale,Sans collision,4,1,1,0,1,2,1,0,8,50,1,1,0,0,0,1,41.0,,deux_roues,,1,2,4,1,7
202300052997,2023-09-26 11:50:00,2023,9,26,11,50,971,97105,DANIEL BEAUPERTHUY (RUE),15.99912,-61.72985,Plein jour,En agglomération,Intersection en Y,Normale,Sans collision,4,1,2,0,2,3,1,0,4,50,1,1,0,0,0,1,41.0,,deux_roues,,1,2,4,1,7
202300052998,2023-05-05 23:25:00,2023,5,5,23,25,59,59189,AUTOROUTE A25,50.79328789,2.61546317,Nuit sans éclairage public,Hors agglomération,Hors intersection,Normale,Deux véhicules - arrière,1,-1,2,0,1,1,1,0,1,130,2,2,1,0,1,0,21.0,25.0,voiture,utilitaire_camion,3,1,1,1,2
202300052999,2023-03-30 10:35:00,2023,3,30,10,35,92,92002,FERNAND BRAUDEL (ALLEE),48.75396,2.30736,Plein jour,En agglomération,Hors intersection,Normale,Autre collision,4,-1,1,3,1,1,1,6,1,30,1,2,1,0,0,1,55.0,,utilitaire_camion,,1,2,1,1,6
202300053000,2023-02-15 11:35:00,2023,2,15,11,35,05,05111,D9,44.557799,6.434041,Plein jour,Hors agglomération,Hors intersection,Normale,Deux véhicules - frontale,3,2,2,0,2,2,1,0,1,70,2,2,1,0,0,1,57.0,29.0,voiture,deux_roues,1,1,1,1,1
202300053001,2023-12-01 14:30:00,2023,12,1,14,30,93,93048,Rue Kléber / Rue Michelet,48.852526,2.433949,Plein jour,En agglomération,Intersection en X,Normale,Deux véhicules - côté,4,1,1,0,1,1,1,0,1,30,2,2,1,0,0,1,41.0,56.0,voiture,deux_roues,1,2,2,1,3
202300053001,2023-12-01 14:30:00,2023,12,1,14,30,93,93048,Rue Kléber / Rue Michelet,48.852526,2.433949,Plein jour,En agglomération,Intersection en X,Normale,Deux véhicules - côté,4,1,1,2,1,1,1,0,1,30,2,2,1,0,0,1,41.0,56.0,voiture,deux_roues,1,2,2,1,3
202300053002,2023-01-02 22:30:00,2023,1,2,22,30,32,32013,ETIGNY (ALLEES D'),43.64839,0.58168,Nuit avec éclairage allumé,En agglomération,Hors intersection,Normale,Autre collision,4,1,1,0,1,1,1,0,1,50,1,3,1,0,1,1,20.0,,voiture,,5,2,1,1,6
202300053003,2023-06-11 19:11:00,2023,6,11,19,11,94,94073,Avenue de Versailles,48.75699,2.38862,Plein jour,En agglomération,Hors intersection,Normale,Autre collision,3,3,4,0,2,1,1,-1,1,50,1,2,1,0,0,1,22.0,,voiture,,1,2,1,1,6
202300053004,2023-05-06 12:25:00,2023,5,6,12,25,59,59431,AUTOROUTE A25,50.68525,2.83726,Plein jour,Hors agglomération,Hors intersection,Normale,Autre collision,1,3,4,0,1,1,1,0,1,130,1,2,1,1,0,0,25.0,,voiture,,1,1,1,1,6
202300053005,2023-03-30 19:30:00,2023,3,30,19,30,85,85223,D137,46.52969,-1.07756,Plein jour,Hors agglomération,Hors intersection,Normale,Deux véhicules - frontale,3,2,2,0,1,1,1,0,1,80,2,2,1,1,0,0,57.0,72.0,transport_commun,voiture,1,1,1,1,1
202300053006,2023-09-26 09:35:00,2023,9,26,9,35,2A,2A004,T21,41.9318,8.75676,Plein jour,En agglomération,Hors intersection,Normale,Trois véhicules et plus - en chaîne,2,1,3,0,1,1,1,0,1,50,3,3,2,0,0,1,39.0,64.0,voiture,voiture,1,2,1,1,4
202300053007,2023-06-11 16:59:00,2023,6,11,16,59,94,94075,Av du Mal de Lattre de Tassigny,48.727447,2.530572,Plein jour,En agglomération,Hors intersection,Normale,Autre collision,6,-1, -1,0,1,1,1,0,1,30,1,2,1,0,0,1,23.0,,voiture,,1,2,1,1,6
202300053008,2023-02-15 09:20:00,2023,2,15,9,20,05,05044,D39,44.549928,6.592312,Plein jour,Hors agglomération,Hors intersection,Normale,Autre collision,3,2,2,0,2,4,1,0,1,80,1,1,0,0,1,0,21.0,,utilitaire_camion,,1,1,1,1,6
202300053009,2023-01-01 07:00:00,2023,1,1,7,0,31,31555,,43.65235,1.42996,Nuit sans éclairage public,Hors agglomération,Hors intersection,Normale,Deux véhicules - arrière,1,1,4,0,1,1,2,0,1,90,2,4,2,0,0,2,24.0,24.0,voiture,voiture,3,1,1,1,2
202300053010,2023-05-09 20:40:00,2023,5,9,20,40,94,94038,A6B,48.77376519,2.34617558,Plein jour,Hors agglomération,Hors intersection,Normale,Deux véhicules - arrière,1,-1,3,0,1,1,1,0,1,90,2,2,1,0,0,1,24.0,24.0,voiture,deux_roues,1,1,1,1,2
202300053011,2023-03-31 19:28:00,2023,3,31,19,28,22,22180,Rue des Plantations,48.428684,-2.222586,Plein jour,Hors agglomération,Intersection en X,Pluie légère,Deux véhicules - côté,4,2,2,0,1,1,2,0,1,-1,2,3,1,0,0,2,42.0,46.0,voiture,voiture,1,1,2,2,3
202300053011,2023-03-31 19:28:00,2023,3,31,19,28,22,22180,Rue des Plantations,48.428684,-2.222586,Plein jour,Hors agglomération,Intersection en X,Pluie légère,Deux véhicules - côté,4,2,2,0,1,1,2,0,1,80,2,3,1,0,0,2,42.0,46.0,voiture,voiture,1,1,2,2,3
202300053012,2023-12-01 08:50:00,2023,12,1,8,50,93,93007,Avenue Aristide Briand / Rue Maxime Gorki,48.94534145,2.45128457,Plein jour,En agglomération,Intersection à plus de 4 branches,Normale,Autre collision,3,2,2,0,1,1,1,9,8,50,1,2,1,0,0,1,49.0,,voiture,,1,2,5,1,6
202300053012,2023-12-01 08:50:00,2023,12,1,8,50,93,93007,Avenue Aristide Briand / Rue Maxime Gorki,48.94534145,2.45128457,Plein jour,En agglomération,Intersection à plus de 4 branches,Normale,Autre collision,3,1,1,0,1,1,1,0,8,-1,1,2,1,0,0,1,49.0,,voiture,,1,2,5,1,6
202300053013,2023-01-02 15:44:00,2023,1,2,15,44,22,22106,VERNE (RUE JULES),48.49589694,-2.72717781,Plein jour,En agglomération,Hors intersection,Normale,Deux véhicules - côté,6,-1,0,0,1,1,2,0,1,30,2,2,1,0,0,1,15.0,25.0,deux_roues,voiture,1,2,1,1,3
202300053014,2023-09-26 09:25:00,2023,9,26,9,25,2A,2A004,ROUTE DU STILETTO,41.94604,8.77186,Plein jour,Hors agglomération,Hors intersection,Normale,Deux véhicules - arrière,3,2,2,0,3,1,1,0,1,50,2,3,1,0,2,0,28.0,68.0,deux_roues,voiture,1,1,1,1,2
202300053015,2023-06-11 16:28:00,2023,6,11,16,28,93,93039,Quai du Châtelier,48.9228,2.33184,Plein jour,En agglomération,Hors intersection,Normale,Deux véhicules - arrière,3,1,1,0,1,1,1,0,1,30,2,5,3,0,0,2,14.0,43.0,voiture,voiture,1,2,1,1,2
202300053016,2023-05-09 17:45:00,2023,5,9,17,45,91,91432,AUTOROUTE A6,48.693062,2.320722,Plein jour,Hors agglomération,Hors intersection,Pluie légère,Deux véhicules - arrière,1,-1,3,0,1,1,2,0,1,110,2,2,1,0,0,1,46.0,44.0,voiture,utilitaire_camion,1,1,1,2,2
202300053017,2023-02-14 14:50:00,2023,2,14,14,50,50,50364,Rue du Bourg,49.120642,-1.481003,Plein jour,En agglomération,Hors intersection,Normale,Deux véhicules - côté,3,2,2,0,2,1,1,0,1,30,2,2,1,0,1,0,15.0,15.0,deux_roues,deux_roues,1,2,1,1,3
202300053018,2023-01-02 13:41:00,2023,1,2,13,41,22,22278,WALDECK-ROUSSEAU (BD ET PT),48.51117,-2.7558,Plein jour,En agglomération,Hors intersection,Normale,Autre collision,4,2,2,0,1,1,1,0,1,50,1,2,1,0,0,1,22.0,,utilitaire_camion,,1,2,1,1,6
202300053019,2023-12-01 21:32:00,2023,12,1,21,32,92,92051,"CHARLES DE GAULLE (AVENUE, N° 18 A 116)",48.88207124,2.2691896,Nuit sans éclairage public,En agglomération,Hors intersection,Normale,Trois véhicules et plus - en chaîne,2,1,0,0,1,1,1,0,1,50,3,3,2,0,0,1,29.0,38.0,voiture,voiture,3,2,1,1,4
202300053020,2023-03-31 12:30:00,2023,3,31,12,30,71,71270,A6,46.366483,4.833888,Plein jour,Hors agglomération,Hors intersection,Normale,Trois véhicules et plus - en chaîne,1,3,3,0,1,1,1,0,1,130,3,4,2,0,1,1,32.0,21.0,voiture,voiture,1,1,1,1,4
202300053021,2023-06-10 21:40:00,2023,6,10,21,40,93,93050,Avenue du Dauphine / Avenue Léon Blum,48.86788149,2.53391653,Crépuscule ou aube,En agglomération,Intersection en X,Normale,Autre collision,3,2,2,0,1,1,1,0,1,50,1,2,1,0,0,1,44.0,,voiture,,2,2,2,1,6
202300053021,2023-06-10 21:40:00,2023,6,10,21,40,93,93050,Avenue du Dauphine / Avenue Léon Blum,48.86788149,2.53391653,Crépuscule ou aube,En agglomération,Intersection en X,Normale,Autre collision,3,2,2,-1,1,1,1,0,1,-1,1,2,1,0,0,1,44.0,,voiture,,2,2,2,1,6
202300053022,2023-05-09 08:30:00,2023,5,9,8,30,94,94034,A6A,48.75548914,2.33374717,Plein jour,Hors agglomération,Hors intersection,Pluie légère,Deux véhicules - côté,1,1,3,0,1,1,2,0,1,110,2,2,1,0,0,1,46.0,32.0,voiture,deux_roues,1,1,1,2,3
202300053023,2023-09-26 09:30:00,2023,9,26,9,30,95,95598,GENERAL  DE GAULLE (AVENUE DU),48.98501557,2.29961872,Plein jour,En agglomération,Intersection en T,Normale,Deux véhicules - côté,4,2,2,0,1,1,1,0,1,30,2,2,1,0,0,1,22.0,47.0,deux_roues,voiture,1,2,3,1,3
202300053023,2023-09-26 09:30:00,2023,9,26,9,30,95,95598,GENERAL  DE GAULLE (AVENUE DU),48.98501557,2.29961872,Plein jour,En agglomération,Intersection en T,Normale,Deux véhicules - côté,4,2,0,0,1,1,1,0,1,50,2,2,1,0,0,1,22.0,47.0,deux_roues,voiture,1,2,3,1,3
202300053024,2023-01-02 21:15:00,2023,1,2,21,15,75,75119,RUE GASTON TESSIER,48.896014,2.374135,Nuit avec éclairage allumé,En agglomération,Hors intersection,Normale,Autre collision,4,2,2,0,1,1,1,0,1,30,1,3,1,0,0,2,21.0,,voiture,,5,2,1,1,6
202300053025,2023-12-01 18:06:00,2023,12,1,18,6,92,92048,COLONEL MORAINE (ROUTE DU),48.78747,2.22287,Nuit avec éclairage allumé,En agglomération,Intersection en T,Normale,Sans collision,4,-1,1,0,1,1,1,5,1,30,1,1,0,0,0,1,46.0,,deux_roues,,5,2,3,1,7
202300053025,2023-12-01 18:06:00,2023,12,1,18,6,92,92048,COLONEL MORAINE (ROUTE DU),48.78747,2.22287,Nuit avec éclairage allumé,En agglomération,Intersection en T,Normale,Sans collision,4,2, -1,-1,1,1,-1,0,-1,-1,1,1,0,0,0,1,46.0,,deux_roues,,5,2,3,1,7
202300053026,2023-03-29 12:05:00,2023,3,29,12,5,974,97401,Rue de l'Église,-21.242437,55.333224,Plein jour,En agglomération,Giratoire,Normale,Autre collision,3,2,2,0,2,3,1,0,1,50,1,2,1,0,1,0,76.0,,voiture,,1,2,6,1,6
202300053027,2023-06-11 17:45:00,2023,6,11,17,45,93,93047,Boulevard de l'Europe,48.89527817,2.57065837,Plein jour,En agglomération,Hors intersection,Normale,Deux véhicules - frontale,3,2,2,0,2,1,1,0,1,50,2,3,2,0,0,1,36.0,46.0,voiture,voiture,1,2,1,1,1
202300053028,2023-02-12 12:00:00,2023,2,12,12,0,50,50484,D976,48.58264,-1.114361,Plein jour,Hors agglomération,Hors intersection,Normale,Deux véhicules - côté,3,1,2,0,2,1,1,0,1,80,2,3,2,0,0,1,72.0,24.0,voiture,voiture,1,1,1,1,3
202300053029,2023-01-02 07:35:00,2023,1,2,7,35,75,75116,Route de la Muette à Neuilly,48.86255737,2.264404,Nuit avec éclairage allumé,En agglomération,Intersection en X,Pluie légère,Autre collision,4,2, -1,-1,1,1,2,0,1,30,1,1,0,0,0,1,28.0,,deux_roues,,5,2,2,2,6
202300053029,2023-01-02 07:35:00,2023,1,2,7,35,75,75116,Route de la Muette à Neuilly,48.86255737,2.264404,Nuit avec éclairage allumé,En agglomération,Intersection en X,Pluie légère,Autre collision,4,1,2,0,1,1,2,0,1,30,1,1,0,0,0,1,28.0,,deux_roues,,5,2,2,2,6
202300053030,2023-03-31 13:08:00,2023,3,31,13,8,28,28278,D910,48.45948,1.567617,Plein jour,En agglomération,Hors intersection,Pluie forte,Autre collision,3,2,2,0,2,1,3,0,1,70,1,2,1,0,1,0,49.0,,utilitaire_camion,,1,2,1,3,6
202300053031,2023-09-26 09:13:00,2023,9,26,9,13,95,95127,N14,49.055005,2.052652,Plein jour,Hors agglomération,Hors intersection,Normale,Trois véhicules et plus - en chaîne,2,3,2,0,1,1,1,0,1,110,3,3,2,0,0,1,36.0,24.0,utilitaire_camion,utilitaire_camion,1,1,1,1,4
202300053032,2023-11-30 19:45:00,2023,11,30,19,45,92,92025,ESTIENNE D'ORVES (RUE),48.91850169,2.24476433,Nuit avec éclairage allumé,En agglomération,Intersection en T,Normale,Autre collision,4,1,2,0,1,1,1,0,1,30,1,2,1,0,1,0,59.0,,voiture,,5,2,3,1,6
202300053032,2023-11-30 19:45:00,2023,11,30,19,45,92,92025,ESTIENNE D'ORVES (RUE),48.91850169,2.24476433,Nuit avec éclairage allumé,En agglomération,Intersection en T,Normale,Autre collision,4,1,1,0,1,1,1,0,1,30,1,2,1,0,1,0,59.0,,voiture,,5,2,3,1,6
202300053033,2023-06-11 04:20:00,2023,6,11,4,20,93,93010,Avenue Henri Varagnat,48.9156071,2.48418555,Nuit sans éclairage public,En agglomération,Hors intersection,Pluie légère,Autre collision,3,2,2,0,1,1,2,0,1,50,1,2,1,0,1,0,,,voiture,,3,2,1,2,6
202300053034,2023-05-09 13:53:00,2023,5,9,13,53,78,78362,A13,48.97769,1.7128,Plein jour,Hors agglomération,Hors intersection,Pluie forte,Trois véhicules et plus - en chaîne,1,3,3,0,2,1,2,1,1,110,4,5,4,0,0,1,34.0,41.0,utilitaire_camion,voiture,1,1,1,3,4