accident_id,datetime,annee,mois,jour,heure,minute,departement,commune_insee,adresse,latitude,longitude,luminosite,agglomeration,intersection,meteo,collision,catr,circ,nbv,vosp,prof,plan,surf,infra,situ,vma,nb_vehicules,nb_usagers,nb_indemnes,nb_tues,nb_blesses_hosp,nb_blesses_legers,age_cond_1,age_cond_2,veh_type_cond_1,veh_type_cond_2,lum_code,agg_code,int_code,atm_code,col_code
202300053177,2023-06-09 12:20:00,2023,6,9,12,20,79,79174,,46.2247,-0.155048,Plein jour,En agglomération,Giratoire,Normale,Deux véhicules - côté,3,2,2,0,1,2,1,0,1,50,2,2,1,0,0,1,48.0,18.0,voiture,deux_roues,1,2,6,1,3
202300053178,2023-08-24 10:10:00,2023,8,24,10,10,92,92007,PASTEUR (AVENUE LOUIS) N° 1 A 39 ET 2 A,48.80127158,2.31839329,Plein jour,En agglomération,Autre intersection,Normale,Sans collision,3,2,4,2,1,1,1,0,5,50,1,1,0,0,0,1,24.0,,deux_roues,,1,2,9,1,7
202300053179,2023-01-02 02:55:00,2023,1,2,2,55,92,92025,STALINGRAD (AV DE),48.935673,2.260879,Nuit avec éclairage allumé,En agglomération,Intersection en X,Pluie légère,Deux véhicules - côté,3,2,4,0,1,1,2,0,1,30,2,4,3,0,0,1,55.0,38.0,utilitaire_camion,voiture,5,2,2,2,3
202300053179,2023-01-02 02:55:00,2023,1,2,2,55,92,92025,STALINGRAD (AV DE),48.935673,2.260879,Nuit avec éclairage allumé,En agglomération,Intersection en X,Pluie légère,Deux véhicules - côté,3,2,4,0,1,1,2,0,1,30,2,4,3,0,0,1,55.0,38.0,utilitaire_camion,voiture,5,2,2,2,3
202300053180,2023-05-08 14:00:00,2023,5,8,14,0,972,97213,ROUTE DEPARTEMENTALE 3,14.636,-60.992,Plein jour,Hors agglomération,Hors intersection,Normale,Deux véhicules - côté,3,2,2,0,1,1,1,0,1,70,2,2,1,0,1,0,40.0,56.0,deux_roues,voiture,1,1,1,1,3
202300053181,2023-03-30 16:45:00,2023,3,30,16,45,85,85051,19 Rue belliard,46.69051,-1.045817,Plein jour,En agglomération,Hors intersection,Normale,Autre collision,4,2,2,0,1,1,1,0,1,50,1,2,1,0,0,1,34.0,,voiture,,1,2,1,1,6
202300053182,2023-09-25 14:15:00,2023,9,25,14,15,77,77237,TOURNAN (ROUTE DE ),48.832718,2.754399,Plein jour,En agglomération,Hors intersection,Normale,Deux véhicules - frontale,3,2,2,0,4,3,1,0,1,50,2,2,1,0,1,0,40.0,64.0,voiture,deux_roues,1,2,1,1,1
202300053183,2023-12-02 07:10:00,2023,12,2,7,10,04,04230,RD 6 CHARABOTE,43.830347,5.949311,Nuit sans éclairage public,Hors agglomération,Hors intersection,Normale,Deux véhicules - frontale,3,2,2,0,1,3,1,0,1,80,2,3,0,0,1,2,33.0,53.0,voiture,voiture,3,1,1,1,1
202300053184,2023-06-12 21:19:00,2023,6,12,21,19,65,65389,Chemin du Clouzet,43.079895,0.483307,Crépuscule ou aube,En agglomération,Hors intersection,Normale,Deux véhicules - frontale,4,2,2,0,1,1,1,0,1,50,2,2,0,0,0,2,16.0,13.0,deux_roues,deux_roues,2,2,1,1,1
202300053185,2023-01-18 15:00:00,2023,1,18,15,0,76,76743,Route des Campeaux,49.525863,0.937228,Plein jour,Hors agglomération,Hors intersection,Neige / grêle,Trois véhicules et plus - en chaîne,4,2,2,0,2,1,5,6,4,50,3,4,3,0,1,0,32.0,58.0,voiture,voiture,1,1,1,4,4
202300053186,2023-05-08 17:30:00,2023,5,8,17,30,69,69202,41 Route de la Libération,45.72936,4.7775,Plein jour,En agglomération,Hors intersection,Normale,Autre collision,7,2,2,3,1,1,1,0,1,50,1,1,0,0,0,1,53.0,,voiture,,1,2,1,1,6
202300053187,2023-08-24 08:40:00,2023,8,24,8,40,92,92007,BRIAND (AVENUE ARISTIDE) N° 100 A 160,48.79916,2.32289,Plein jour,En agglomération,Intersection en T,Normale,Deux véhicules - côté,3,2,3,1,1,1,1,0,5,50,2,2,1,0,0,1,44.0,28.0,voiture,deux_roues,1,2,3,1,3
202300053187,2023-08-24 08:40:00,2023,8,24,8,40,92,92007,BRIAND (AVENUE ARISTIDE) N° 100 A 160,48.79916,2.32289,Plein jour,En agglomération,Intersection en T,Normale,Deux véhicules - côté,3,1,1,0,1,1,1,0,1,50,2,2,1,0,0,1,44.0,28.0,voiture,deux_roues,1,2,3,1,3
202300053188,2023-01-02 19:20:00,2023,1,2,19,20,17,17330,Cadeuil,45.754057,-0.946112,Nuit avec éclairage allumé,Hors agglomération,Intersection en X,Pluie légère,Deux véhicules - frontale,3,2,2,0,1,1,2,5,1,50,2,2,1,0,0,1,32.0,20.0,deux_roues,voiture,5,1,2,2,1
202300053188,2023-01-02 19:20:00,2023,1,2,19,20,17,17330,Cadeuil,45.754057,-0.946112,Nuit avec éclairage allumé,Hors agglomération,Intersection en X,Pluie légère,Deux véhicules - frontale,3,2,2,-1,1,1,2,5,1,50,2,2,1,0,0,1,32.0,20.0,deux_roues,voiture,5,1,2,2,1
202300053189,2023-03-03 20:00:00,2023,3,3,20,0,27,27580,Route Nationale,49.35653,0.888401,Nuit avec éclairage allumé,En agglomération,Intersection en T,Normale,Deux véhicules - côté,3,2,2,0,1,1,1,0,1,50,2,2,1,0,0,1,58.0,54.0,voiture,voiture,5,2,3,1,3
202300053189,2023-03-03 20:00:00,2023,3,3,20,0,27,27580,Route Nationale,49.35653,0.888401,Nuit avec éclairage allumé,En agglomération,Intersection en T,Normale,Deux véhicules - côté,3,2,2,-1,1,1,1,5,1,50,2,2,1,0,0,1,58.0,54.0,voiture,voiture,5,2,3,1,3
202300053190,2023-09-26 07:30:00,2023,9,26,7,30,76,76114,JACQUES FAUQUET (RUE),49.56979,0.47059,Crépuscule ou aube,En agglomération,Hors intersection,Normale,Autre collision,4,2,2,0,1,1,1,0,1,50,1,2,1,0,0,1,55.0,,utilitaire_camion,,2,2,1,1,6
202300053191,2023-12-01 22:30:00,2023,12,1,22,30,04,04230,Route de Riez,43.838667,5.99029,Nuit avec éclairage allumé,En agglomération,Autre intersection,Pluie légère,Autre collision,3,2,2,0,2,1,2,0,1,50,1,2,1,0,1,0,19.0,,voiture,,5,2,9,2,6
202300053192,2023-05-08 15:55:00,2023,5,8,15,55,69,69384,45 Quai Joseph Gillet,45.77798,4.8109,Plein jour,En agglomération,Hors intersection,Normale,Autre collision,4,2,2,2,1,1,1,0,3,50,1,1,0,0,1,0,32.0,,deux_roues,,1,2,1,1,6
202300053193,2023-06-11 16:10:00,2023,6,11,16,10,32,32268,N124,43.608651,0.962124,Plein jour,Hors agglomération,Hors intersection,Temps couvert,Deux véhicules - frontale,2,2,2,0,1,3,1,0,1,80,2,2,1,0,1,0,19.0,35.0,voiture,voiture,1,1,1,8,1
202300053194,2023-08-23 17:45:00,2023,8,23,17,45,35,35177,D637,48.197247,-1.732557,Plein jour,En agglomération,Intersection en Y,Normale,Deux véhicules - côté,3,2,3,0,1,1,1,0,1,50,2,2,1,0,1,0,48.0,28.0,voiture,deux_roues,1,2,4,1,3
202300053194,2023-08-23 17:45:00,2023,8,23,17,45,35,35177,D637,48.197247,-1.732557,Plein jour,En agglomération,Intersection en Y,Normale,Deux véhicules - côté,3,2,2,0,1,1,1,0,1,30,2,2,1,0,1,0,48.0,28.0,voiture,deux_roues,1,2,4,1,3
202300053195,2023-02-12 14:35:00,2023,2,12,14,35,60,60141,,49.186163,2.460637,Plein jour,En agglomération,Giratoire,Normale,Deux véhicules - côté,3,1,2,0,1,2,1,0,1,50,2,2,1,0,0,1,72.0,39.0,voiture,deux_roues,1,2,6,1,3
202300053196,2023-01-02 19:00:00,2023,1,2,19,0,49,49092,Rue Robert d'Arbrissel (Chemillé),47.210499,-0.724953,Nuit avec éclairage allumé,En agglomération,Hors intersection,Normale,Deux véhicules - côté,4,2,2,0,1,1,1,0,1,50,2,2,1,0,1,0,21.0,64.0,deux_roues,voiture,5,2,1,1,3
202300053197,2023-11-28 13:08:00,2023,11,28,13,8,28,28168,30 Faubourg de la Fontaine,48.523314,1.693365,Plein jour,En agglomération,Hors intersection,Normale,Sans collision,3,2,2,0,2,1,1,0,1,50,1,1,0,0,1,0,38.0,,deux_roues,,1,2,1,1,7
202300053198,2023-09-26 16:40:00,2023,9,26,16,40,73,73065,RECLUS (FAUBOURG),45.56929998,5.9217318,Plein jour,En agglomération,Giratoire,Normale,Deux véhicules - côté,4,2,2,0,2,1,1,5,1,50,2,2,1,0,1,0,12.0,55.0,deux_roues,voiture,1,2,6,1,3
202300053199,2023-05-07 09:40:00,2023,5,7,9,40,971,97105,GASTON FEUILLARD(AVENUE),16.00515018,-61.7303431,Plein jour,En agglomération,Hors intersection,Normale,Deux véhicules - arrière,3,2,2,0,1,1,1,0,1,50,2,2,1,0,0,1,58.0,20.0,voiture,voiture,1,2,1,1,2
202300053200,2023-03-30 15:55:00,2023,3,30,15,55,27,27034,D1,49.320919,1.389478,Plein jour,Hors agglomération,Intersection en X,Normale,Deux véhicules - côté,3,2,2,0,1,1,1,0,1,80,2,2,1,0,1,0,84.0,17.0,voiture,deux_roues,1,1,2,1,3
202300053200,2023-03-30 15:55:00,2023,3,30,15,55,27,27034,D1,49.320919,1.389478,Plein jour,Hors agglomération,Intersection en X,Normale,Deux véhicules - côté,3,2, -1,-1,1,1,1,0,1,80,2,2,1,0,1,0,84.0,17.0,voiture,deux_roues,1,1,2,1,3
202300053201,2023-07-15 06:28:00,2023,7,15,6,28,25,25018,"Col de Ferrière (Col de montagne), départementale 31",47.356945,6.57403,Crépuscule ou aube,Hors agglomération,Hors intersection,Normale,Autre collision,3,2,2,0,2,1,1,0,8,80,1,1,0,0,1,0,36.0,,voiture,,2,1,1,1,6
202300053202,2023-08-24 22:30:00,2023,8,24,22,30,14,14603,1 Route de l'Acre,49.034358,-0.418073,Nuit sans éclairage public,Hors agglomération,Intersection en X,Normale,Deux véhicules - côté,3,2,2,0,1,3,1,5,1,80,2,2,1,0,0,1,23.0,68.0,voiture,voiture,3,1,2,1,3
202300053202,2023-08-24 22:30:00,2023,8,24,22,30,14,14603,1 Route de l'Acre,49.034358,-0.418073,Nuit sans éclairage public,Hors agglomération,Intersection en X,Normale,Deux véhicules - côté,3,2,2,0,2,3,1,5,1,90,2,2,1,0,0,1,23.0,68.0,voiture,voiture,3,1,2,1,3
202300053203,2023-02-13 19:00:00,2023,2,13,19,0,60,60326,D98,49.39990761,2.73738889,Nuit sans éclairage public,Hors agglomération,Hors intersection,Normale,Sans collision,3,2,2,0,1,1,1,0,3,80,1,3,2,1,0,0,24.0,,voiture,,3,1,1,1,7
202300053204,2023-06-12 10:30:00,2023,6,12,10,30,49,49180,LIEU DIT LA CROIX DU HAUT CHEMIN,47.366007,-0.15192,Plein jour,Hors agglomération,Hors intersection,Normale,Sans collision,4,2,2,0,1,1,1,0,3,80,1,1,0,0,1,0,60.0,,utilitaire_camion,,1,1,1,1,7
202300053205,2023-09-25 11:20:00,2023,9,25,11,20,72,72181,JAURES JEAN (AV) N° IMP 1 A 25,47.99288,0.2046,Plein jour,En agglomération,Autre intersection,Normale,Autre collision,4,1,1,0,1,1,1,0,1,50,1,2,1,0,1,0,18.0,,voiture,,1,2,9,1,6
202300053206,2023-03-30 05:00:00,2023,3,30,5,0,17,17447,D5,46.067484,-0.93946,Nuit sans éclairage public,Hors agglomération,Hors intersection,Normale,Sans collision,3,2,2,0,1,1,2,0,3,80,1,1,0,0,1,0,28.0,,voiture,,3,1,1,1,7
202300053207,2023-07-16 03:15:00,2023,7,16,3,15,44,44097,607 Rue de Kerdandec,47.411638,-2.477052,Nuit sans éclairage public,En agglomération,Hors intersection,Normale,Autre collision,4,2,2,2,1,1,1,0,1,30,1,1,0,0,0,1,43.0,,deux_roues,,3,2,1,1,6
202300053208,2023-01-02 18:00:00,2023,1,2,18,0,11,11172,,43.266062,2.735665,Nuit sans éclairage public,Hors agglomération,Intersection en T,Pluie légère,Trois véhicules et plus - collisions multiples,3,2,2,0,1,1,2,5,1,80,3,4,1,0,2,1,69.0,23.0,voiture,voiture,3,1,3,2,5
202300053208,2023-01-02 18:00:00,2023,1,2,18,0,11,11172,,43.266062,2.735665,Nuit sans éclairage public,Hors agglomération,Intersection en T,Pluie légère,Trois véhicules et plus - collisions multiples,3,2,2,0,1,1,2,0,1,80,3,4,1,0,2,1,69.0,23.0,voiture,voiture,3,1,3,2,5
202300053209,2023-05-08 14:30:00,2023,5,8,14,30,77,77186,D409,48.41371,2.64314,Plein jour,Hors agglomération,Hors intersection,Normale,Deux véhicules - côté,3,2,2,0,1,1,1,0,1,70,2,2,1,0,0,1,53.0,55.0,deux_roues,deux_roues,1,1,1,1,3
202300053210,2023-12-02 18:10:00,2023,12,2,18,10,17,17218,D114,46.298619,-0.977268,Nuit sans éclairage public,Hors agglomération,Hors intersection,Normale,Deux véhicules - frontale,3,2,2,0,1,1,1,0,1,80,2,3,1,0,2,0,61.0,17.0,voiture,deux_roues,3,1,1,1,1
202300053211,2023-06-11 09:30:00,2023,6,11,9,30,22,22132,Voie communal N4 - LOHUEC,48.47524,-3.520968,Plein jour,Hors agglomération,Hors intersection,Normale,Sans collision,4,2,2,0,1,1,1,0,1,80,1,1,0,0,1,0,64.0,,deux_roues,,1,1,1,1,7
202300053212,2023-02-12 14:30:00,2023,2,12,14,30,60,60339,Rue de l'Eglise,49.494594,2.212018,Plein jour,En agglomération,Hors intersection,Temps couvert,Autre collision,4,2,2,0,1,3,1,0,1,50,1,1,0,0,1,0,17.0,,deux_roues,,1,2,1,8,6
202300053213,2023-07-15 20:15:00,2023,7,15,20,15,31,31210,D622,43.375732,1.677813,Plein jour,Hors agglomération,Hors intersection,Pluie légère,Autre collision,3,2,2,0,1,1,2,0,3,80,1,1,0,0,1,0,50.0,,deux_roues,,1,1,1,2,6
202300053214,2023-08-24 15:40:00,2023,8,24,15,40,2A,2A048,rd 81 masorchia,42.056048,8.745332,Plein jour,Hors agglomération,Hors intersection,Normale,Deux véhicules - frontale,3,2,2,0,1,3,1,0,1,80,2,2,1,0,1,0,33.0,19.0,deux_roues,voiture,1,1,1,1,1
202300053215,2023-09-25 12:40:00,2023,9,25,12,40,71,71081,RN6,46.81619,4.82763,Plein jour,Hors agglomération,Hors intersection,Normale,Deux véhicules - frontale,3,2,2,0,1,1,1,0,1,80,2,2,1,1,0,0,43.0,39.0,voiture,utilitaire_camion,1,1,1,1,1
202300053216,2023-03-31 11:15:00,2023,3,31,11,15,17,17353,,45.995262,-1.04001,Plein jour,Hors agglomération,Hors intersection,Normale,Sans collision,2,3,4,0,2,1,1,0,3,110,1,3,0,0,1,2,58.0,,utilitaire_camion,,1,1,1,1,7
202300053217,2023-01-03 17:40:00,2023,1,3,17,40,62,62638,Place du General Desailly,50.251359,3.121313,Nuit avec éclairage allumé,En agglomération,Hors intersection,Normale,Deux véhicules - frontale,4,2,2,0,2,3,1,0,1,50,2,3,1,0,1,1,47.0,85.0,voiture,voiture,5,2,1,1,1
202300053218,2023-06-12 06:20:00,2023,6,12,6,20,39,39441,,46.456035,6.052995,Crépuscule ou aube,Hors agglomération,Hors intersection,Temps éblouissant,Deux véhicules - arrière,3,2,2,0,2,1,1,0,1,80,2,2,0,0,0,2,26.0,33.0,voiture,voiture,2,1,1,7,2
202300053219,2023-07-15 14:35:00,2023,7,15,14,35,15,15048,D313,45.108696,3.307378,Plein jour,Hors agglomération,Hors intersection,Normale,Sans collision,3,2,2,0,1,3,1,0,1,90,1,1,0,0,1,0,43.0,,deux_roues,,1,1,1,1,7
202300053220,2023-08-25 10:40:00,2023,8,25,10,40,86,86174,D161,46.781148,0.530192,Plein jour,Hors agglomération,Giratoire,Normale,Deux véhicules - arrière,3,1,1,0,1,2,1,0,1,90,2,2,1,0,0,1,56.0,19.0,deux_roues,voiture,1,1,6,1,2
202300053221,2023-02-14 20:45:00,2023,2,14,20,45,80,80223,D1017,49.741819,2.809807,Nuit sans éclairage public,Hors agglomération,Intersection en X,Normale,Deux véhicules - côté,3,2,2,0,1,1,1,0,1,80,2,2,0,0,1,1,27.0,76.0,voiture,utilitaire_camion,3,1,2,1,3
202300053221,2023-02-14 20:45:00,2023,2,14,20,45,80,80223,D1017,49.741819,2.809807,Nuit sans éclairage public,Hors agglomération,Intersection en X,Normale,Deux véhicules - côté,3,2,2,0,1,1,1,0,8,80,2,2,0,0,1,1,27.0,76.0,voiture,utilitaire_camion,3,1,2,1,3
202300053222,2023-11-30 08:20:00,2023,11,30,8,20,37,37281,D142,47.40271594,0.79971738,Crépuscule ou aube,Hors agglomération,Hors intersection,Temps couvert,Trois véhicules et plus - en chaîne,3,2,2,0,1,3,1,2,1,80,3,3,1,0,0,2,27.0,30.0,utilitaire_camion,voiture,2,1,1,8,4
202300053223,2023-09-26 13:50:00,2023,9,26,13,50,69,69266,Rue Antonin Perrin,45.75715637,4.88526414,Plein jour,En agglomération,Hors intersection,Normale,Autre collision,4,2,2,2,1,1,1,1,1,30,1,2,1,0,0,1,51.0,,voiture,,1,2,1,1,6
202300053224,2023-05-08 20:50:00,2023,5,8,20,50,76,76575,Boulevard Lénine,49.39333,1.11145,Plein jour,Hors agglomération,Hors intersection,Normale,Trois véhicules et plus - en chaîne,7,3,4,0,1,1,1,0,1,90,5,5,3,0,0,2,27.0,27.0,voiture,voiture,1,1,1,1,4
202300053225,2023-03-30 17:35:00,2023,3,30,17,35,17,17317,D146,45.444474,-0.624577,Plein jour,Hors agglomération,Hors intersection,Normale,Deux véhicules - côté,3,2,2,0,2,2,1,0,1,80,2,2,0,0,1,1,45.0,19.0,voiture,voiture,1,1,1,1,3
202300053226,2023-06-12 12:27:00,2023,6,12,12,27,39,39478,13 Rue Carnot,46.383993,5.862901,Plein jour,En agglomération,Hors intersection,Temps éblouissant,Deux véhicules - côté,3,2,2,0,1,4,1,0,1,50,2,2,1,0,1,0,36.0,37.0,utilitaire_camion,deux_roues,1,2,1,7,3
202300053227,2023-01-03 07:45:00,2023,1,3,7,45,76,76159,Route de Veulettes,49.78896,0.63905,Nuit avec éclairage allumé,En agglomération,Intersection en T,Normale,Deux véhicules - frontale,3,2,2,0,1,1,1,0,1,50,2,3,2,0,1,0,49.0,12.0,voiture,deux_roues,5,2,3,1,1
202300053227,2023-01-03 07:45:00,2023,1,3,7,45,76,76159,Route de Veulettes,49.78896,0.63905,Nuit avec éclairage allumé,En agglomération,Intersection en T,Normale,Deux véhicules - frontale,3,2, -1,-1,1,1,1,0,1,-1,2,3,2,0,1,0,49.0,12.0,voiture,deux_roues,5,2,3,1,1
202300053228,2023-08-21 17:45:00,2023,8,21,17,45,49,49092,CD 149 - PK 2 + 150,47.27502267,-0.82879012,Plein jour,Hors agglomération,Hors intersection,Normale,Sans collision,3,2,2,0,1,2,9,0,3,80,1,1,0,0,1,0,20.0,,voiture,,1,1,1,1,7
202300053229,2023-03-30 15:43:00,2023,3,30,15,43,30,30223,Route de Trouillas,44.183809,4.138707,Plein jour,Hors agglomération,Hors intersection,Normale,Sans collision,3,2,2,0,1,1,1,0,3,70,1,1,0,0,1,0,78.0,,voiture,,1,1,1,1,7
202300053230,2023-11-30 23:45:00,2023,11,30,23,45,987,98714,RT 101 Anau,-16.493065,-151.723326,Nuit sans éclairage public,Hors agglomération,Hors intersection,Normale,Autre collision,2,2,2,0,1,1,1,0,3,50,1,1,0,0,1,0,24.0,,utilitaire_camion,,3,1,1,1,6
202300053231,2023-07-14 18:20:00,2023,7,14,18,20,01,01138,D992,45.869603,5.803142,Plein jour,Hors agglomération,Hors intersection,Normale,Deux véhicules - côté,3,2,2,0,1,1,1,0,1,80,2,4,2,0,0,2,33.0,49.0,voiture,deux_roues,1,1,1,1,3
202300053232,2023-06-12 15:40:00,2023,6,12,15,40,39,39534,,46.540252,5.649784,Plein jour,Hors agglomération,Hors intersection,Normale,Deux véhicules - frontale,3,-1,2,0,3,1,1,0,1,80,2,3,1,0,1,1,24.0,34.0,voiture,voiture,1,1,1,1,1
202300053233,2023-01-03 19:00:00,2023,1,3,19,0,76,76452,170 Rue André Martin,49.53609,1.06161,Nuit avec éclairage allumé,En agglomération,Hors intersection,Pluie forte,Autre collision,3,2,2,0,1,1,2,0,1,50,1,2,1,1,0,0,36.0,,voiture,,5,2,1,3,6
202300053234,2023-08-23 12:45:00,2023,8,23,12,45,36,36041,Rue du Grand Gué,47.06983927,1.80623978,Plein jour,En agglomération,Hors intersection,Normale,Sans collision,3,2,2,0,1,3,1,0,1,50,1,1,0,0,0,1,15.0,,deux_roues,,1,2,1,1,7
202300053235,2023-05-04 13:15:00,2023,5,4,13,15,72,72181,CHAMPION HENRI (RUE) N° IMP,47.98252,0.22954,Plein jour,En agglomération,Autre intersection,Normale,Deux véhicules - côté,4,2,0,0,1,1,1,0,1,50,2,2,1,0,0,1,18.0,46.0,deux_roues,voiture,1,2,9,1,3
202300053236,2023-09-26 08:30:00,2023,9,26,8,30,69,69264,Rue Ampere,45.98853,4.72246,Plein jour,En agglomération,Intersection en T,Normale,Deux véhicules - arrière,4,1,2,2,1,1,1,0,1,50,2,2,1,0,0,1,33.0,40.0,deux_roues,voiture,1,2,3,1,2
202300053236,2023-09-26 08:30:00,2023,9,26,8,30,69,69264,Rue Ampere,45.98853,4.72246,Plein jour,En agglomération,Intersection en T,Normale,Deux véhicules - arrière,4,1,2,2,1,1,1,0,1,50,2,2,1,0,0,1,33.0,40.0,deux_roues,voiture,1,2,3,1,2
202300053237,2023-08-24 19:55:00,2023,8,24,19,55,36,36082,les écuries,47.03344688,1.51630014,Plein jour,Hors agglomération,Hors intersection,Normale,Autre collision,3,2,2,0,1,2,1,0,3,80,1,1,0,0,1,0,32.0,,deux_roues,,1,1,1,1,6
202300053238,2023-01-03 19:00:00,2023,1,3,19,0,2B,2B319,lieu dit figaretta,42.417659,9.529159,Nuit sans éclairage public,Hors agglomération,Hors intersection,Normale,Deux véhicules - arrière,2,2,2,0,1,1,1,0,1,80,2,2,1,0,0,1,42.0,35.0,voiture,voiture,3,1,1,1,2
202300053239,2023-12-02 07:00:00,2023,12,2,7,0,988,98820,Hwaadrila (Tribu),-20.59121,166.560781,Plein jour,Hors agglomération,Hors intersection,Normale,Autre collision,3,2,2,0,1,3,1,0,3,70,1,3,1,1,1,0,25.0,,voiture,,1,1,1,1,6
202300053240,2023-06-12 17:58:00,2023,6,12,17,58,25,25196,Rue des Vernes,47.478466,6.891519,Plein jour,En agglomération,Intersection en T,Normale,Deux véhicules - frontale,4,2,2,0,1,1,1,5,5,50,2,2,1,0,1,0,74.0,17.0,voiture,deux_roues,1,2,3,1,1
202300053240,2023-06-12 17:58:00,2023,6,12,17,58,25,25196,Rue des Vernes,47.478466,6.891519,Plein jour,En agglomération,Intersection en T,Normale,Deux véhicules - frontale,4,2,1,1,2,1,1,0,1,50,2,2,1,0,1,0,74.0,17.0,voiture,deux_roues,1,2,3,1,1
202300053241,2023-02-14 17:30:00,2023,2,14,17,30,59,59166,D649,50.318395,3.606219,Crépuscule ou aube,Hors agglomération,Hors intersection,Normale,Trois véhicules et plus - en chaîne,3,3,4,0,1,1,1,0,1,110,4,8,3,0,4,1,75.0,20.0,voiture,voiture,2,1,1,1,4
202300053242,2023-05-08 19:23:00,2023,5,8,19,23,69,69256,Rue Emile Zola,45.77773,4.91836,Plein jour,En agglomération,Intersection en X,Normale,Deux véhicules - côté,4,2,2,0,1,1,1,0,8,50,2,3,1,0,0,2,15.0,46.0,deux_roues,voiture,1,2,2,1,3
202300053242,2023-05-08 19:23:00,2023,5,8,19,23,69,69256,Rue Emile Zola,45.77773,4.91836,Plein jour,En agglomération,Intersection en X,Normale,Deux véhicules - côté,4,2,2,3,1,1,1,0,1,50,2,3,1,0,0,2,15.0,46.0,deux_roues,voiture,1,2,2,1,3
202300053243,2023-08-05 19:00:00,2023,8,5,19,0,36,36175,2 Rue du Chanoine Berger,47.072303,1.655663,Crépuscule ou aube,En agglomération,Hors intersection,Normale,Sans collision,3,2,2,0,1,3,1,0,1,50,1,1,0,0,0,1,57.0,,deux_roues,,2,2,1,1,7
202300053244,2023-09-25 20:20:00,2023,9,25,20,20,69,69259,Avenue Marcel Cachin,45.69229,4.87626,Nuit avec éclairage allumé,En agglomération,Hors intersection,Normale,Autre collision,4,2,2,2,1,1,1,6,1,50,1,3,2,0,0,1,25.0,,voiture,,5,2,1,1,6
202300053245,2023-03-31 08:45:00,2023,3,31,8,45,02,02697,A26,49.566433,3.728861,Plein jour,Hors agglomération,Hors intersection,Normale,Deux véhicules - arrière,1,1,2,0,1,1,1,0,1,130,2,2,1,0,0,1,24.0,22.0,utilitaire_camion,utilitaire_camion,1,1,1,1,2
202300053246,2023-01-03 07:45:00,2023,1,3,7,45,65,65388,Route d’Autun,42.820714,0.327165,Nuit avec éclairage allumé,En agglomération,Hors intersection,Pluie légère,Autre collision,4,2,2,0,1,1,2,0,1,50,1,2,1,0,0,1,61.0,,voiture,,5,2,1,2,6
202300053247,2023-08-24 17:45:00,2023,8,24,17,45,84,84022,route departementale 20,44.27747,4.981484,Plein jour,Hors agglomération,Hors intersection,Normale,Autre collision,3,2,2,0,1,1,1,0,3,-1,1,1,0,0,1,0,77.0,,voiture,,1,1,1,1,6
202300053248,2023-02-13 12:30:00,2023,2,13,12,30,13,13005,A50 - Sens Aubagne vers Marseille,43.2767111,5.58758772,Plein jour,Hors agglomération,Hors intersection,Normale,Sans collision,1,1,3,0,2,1,1,0,1,110,1,1,0,0,0,1,65.0,,deux_roues,,1,1,1,1,7
202300053249,2023-06-11 06:00:00,2023,6,11,6,0,29,29193,Kersaliou,48.53323559,-4.0804515,Crépuscule ou aube,Hors agglomération,Hors intersection,Normale,Autre collision,3,2,2,0,1,2,1,0,3,80,1,2,0,0,2,0,19.0,,voiture,,2,1,1,1,6
202300053250,2023-07-15 15:45:00,2023,7,15,15,45,58,58264,D2076,46.801822,3.102694,Plein jour,Hors agglomération,Hors intersection,Normale,Trois véhicules et plus - collisions multiples,3,2,2,0,1,1,1,0,1,90,3,9,7,0,0,2,50.0,69.0,voiture,voiture,1,1,1,1,5
202300053251,2023-12-02 00:05:00,2023,12,2,0,5,33,33199,131 route des lacs,44.623197,-1.107999,Nuit sans éclairage public,En agglomération,Intersection en T,Pluie légère,Deux véhicules - côté,3,2,2,0,1,1,2,0,1,50,2,2,1,0,0,1,17.0,51.0,deux_roues,voiture,3,2,3,2,3
202300053251,2023-12-02 00:05:00,2023,12,2,0,5,33,33199,131 route des lacs,44.623197,-1.107999,Nuit sans éclairage public,En agglomération,Intersection en T,Pluie légère,Deux véhicules - côté,3,2,2,-1,1,1,2,0,1,50,2,2,1,0,0,1,17.0,51.0,deux_roues,voiture,3,2,3,2,3
202300053252,2023-03-31 05:45:00,2023,3,31,5,45,07,07227,d 82,45.25587752,4.72581625,Nuit sans éclairage public,Hors agglomération,Hors intersection,Pluie légère,Deux véhicules - frontale,3,2,3,0,2,1,2,0,1,90,2,2,1,1,0,0,56.0,42.0,utilitaire_camion,voiture,3,1,1,2,1
202300053253,2023-05-08 14:00:00,2023,5,8,14,0,69,69282,Chemin de Peyssillieu,45.76840392,4.98656767,Plein jour,En agglomération,Hors intersection,Normale,Deux véhicules - frontale,4,2,2,0,1,3,1,0,1,50,2,2,0,0,1,1,45.0,24.0,deux_roues,voiture,1,2,1,1,1