accident_id,datetime,annee,mois,jour,heure,minute,departement,commune_insee,adresse,latitude,longitude,luminosite,agglomeration,intersection,meteo,collision,catr,circ,nbv,vosp,prof,plan,surf,infra,situ,vma,nb_vehicules,nb_usagers,nb_indemnes,nb_tues,nb_blesses_hosp,nb_blesses_legers,age_cond_1,age_cond_2,veh_type_cond_1,veh_type_cond_2,lum_code,agg_code,int_code,atm_code,col_code
202300053330,2023-05-08 18:30:00,2023,5,8,18,30,51,51454,rue de la Garenne,49.24425,4.00728,Plein jour,En agglomération,Intersection en X,Normale,Deux véhicules - côté,4,2,2,0,1,1,1,0,1,50,2,2,1,0,0,1,65.0,28.0,voiture,deux_roues,1,2,2,1,3
202300053331,2023-08-22 16:25:00,2023,8,22,16,25,46,46083,D720,45.016002,1.613775,Plein jour,Hors agglomération,Passage à niveau,Normale,Deux véhicules - frontale,3,2,2,0,1,3,1,4,1,50,2,3,1,1,1,0,48.0,88.0,utilitaire_camion,voiture,1,1,8,1,1
202300053332,2023-03-28 14:35:00,2023,3,28,14,35,09,09160,37 Avenue Général de Gaulle,42.930026,1.855493,Plein jour,En agglomération,Hors intersection,Normale,Deux véhicules - côté,3,2,2,0,1,1,1,0,1,30,2,2,1,0,0,1,75.0,49.0,voiture,deux_roues,1,2,1,1,3
202300053333,2023-12-01 17:25:00,2023,12,1,17,25,71,71583,8 rue de la bruyère,46.270485,4.775378,Nuit avec éclairage allumé,En agglomération,Intersection en X,Pluie légère,Trois véhicules et plus - collisions multiples,3,2,2,0,1,1,2,0,1,50,3,4,3,0,1,0,32.0,25.0,voiture,utilitaire_camion,5,2,2,2,5
202300053333,2023-12-01 17:25:00,2023,12,1,17,25,71,71583,8 rue de la bruyère,46.270485,4.775378,Nuit avec éclairage allumé,En agglomération,Intersection en X,Pluie légère,Trois véhicules et plus - collisions multiples,3,2,2,0,2,1,2,0,1,50,3,4,3,0,1,0,32.0,25.0,voiture,utilitaire_camion,5,2,2,2,5
202300053333,2023-12-01 17:25:00,2023,12,1,17,25,71,71583,8 rue de la bruyère,46.270485,4.775378,Nuit avec éclairage allumé,En agglomération,Intersection en X,Pluie légère,Trois véhicules et plus - collisions multiples,3,2,2,0,1,1,2,0,1,50,3,4,3,0,1,0,32.0,25.0,voiture,utilitaire_camion,5,2,2,2,5
202300053334,2023-07-16 12:45:00,2023,7,16,12,45,52,52040,route départementale 129,47.84316849,5.06177688,Plein jour,Hors agglomération,Hors intersection,Normale,Sans collision,3,2,2,0,2,2,1,0,1,80,1,1,0,0,1,0,59.0,,deux_roues,,1,1,1,1,7
202300053335,2023-10-28 17:15:00,2023,10,28,17,15,66,66053,,42.530578,3.072873,Plein jour,Hors agglomération,Hors intersection,Normale,Deux véhicules - côté,3,2,2,0,2,3,1,0,1,80,2,4,3,0,0,1,17.0,72.0,deux_roues,voiture,1,1,1,1,3
202300053336,2023-09-26 07:15:00,2023,9,26,7,15,60,60057,Rue de Clermont,49.43092,2.11235,Crépuscule ou aube,En agglomération,Hors intersection,Normale,Deux véhicules - côté,4,-1,2,0,2,1,1,0,1,50,2,2,0,0,0,2,26.0,59.0,deux_roues,deux_roues,2,2,1,1,3
202300053337,2023-02-13 17:18:00,2023,2,13,17,18,92,92072,N118,48.8263992,2.22346625,Plein jour,Hors agglomération,Hors intersection,Normale,Autre collision,2,1,3,0,2,4,1,0,1,70,1,1,0,0,0,1,49.0,,voiture,,1,1,1,1,6
202300053338,2023-06-11 14:08:00,2023,6,11,14,8,88,88373,D392,48.50676,7.105955,Plein jour,Hors agglomération,Hors intersection,Temps éblouissant,Sans collision,3,2,2,0,2,2,1,0,3,-1,2,2,0,0,1,1,64.0,56.0,deux_roues,deux_roues,1,1,1,7,7
202300053339,2023-03-30 17:20:00,2023,3,30,17,20,40,40314,Route de Tartas,43.669801,-1.120316,Plein jour,Hors agglomération,Hors intersection,Normale,Sans collision,3,2,2,0,1,2,6,0,1,80,1,1,0,0,1,0,36.0,,deux_roues,,1,1,1,1,7
202300053340,2023-08-24 17:45:00,2023,8,24,17,45,46,46334,lieu-dit le pouget,44.743491,1.44681,Plein jour,Hors agglomération,Hors intersection,Normale,Deux véhicules - frontale,3,2,2,0,1,3,9,0,1,70,2,3,2,0,1,0,85.0,21.0,voiture,voiture,1,1,1,1,1
202300053341,2023-05-08 14:30:00,2023,5,8,14,30,47,47031,DOCTEUR NOGUES (AV DU),44.19137,0.65082,Plein jour,Hors agglomération,Intersection en T,Normale,Deux véhicules - côté,3,2,5,0,1,1,1,5,1,50,2,2,1,0,0,1,31.0,64.0,deux_roues,voiture,1,1,3,1,3
202300053341,2023-05-08 14:30:00,2023,5,8,14,30,47,47031,DOCTEUR NOGUES (AV DU),44.19137,0.65082,Plein jour,Hors agglomération,Intersection en T,Normale,Deux véhicules - côté,3,2,3,-1,1,1,1,5,1,50,2,2,1,0,0,1,31.0,64.0,deux_roues,voiture,1,1,3,1,3
202300053342,2023-07-15 23:25:00,2023,7,15,23,25,67,67465,A35,48.784922,7.960544,Nuit sans éclairage public,Hors agglomération,Hors intersection,Pluie légère,Deux véhicules - arrière,1,3,2,0,1,1,2,0,1,130,2,2,1,0,1,0,56.0,55.0,deux_roues,voiture,3,1,1,2,2
202300053343,2023-06-11 10:10:00,2023,6,11,10,10,78,78356,16 Route de Versailles,48.724379,2.092359,Plein jour,En agglomération,Hors intersection,Normale,Autre collision,3,2,2,0,1,1,1,0,4,-1,1,1,0,0,0,1,26.0,,voiture,,1,2,1,1,6
202300053344,2023-09-26 17:51:00,2023,9,26,17,51,59,59009,ERABLES RUE DES,50.61958,3.14291,Plein jour,En agglomération,Hors intersection,Normale,Deux véhicules - frontale,4,-1,2,0,1,1,1,0,4,50,2,2,1,0,0,1,37.0,21.0,utilitaire_camion,deux_roues,1,2,1,1,1
202300053345,2023-10-15 17:15:00,2023,10,15,17,15,66,66008,,42.53707,3.044082,Plein jour,Hors agglomération,Intersection en T,Normale,Deux véhicules - frontale,3,2,2,0,1,1,1,0,1,80,2,2,1,0,0,1,74.0,30.0,voiture,deux_roues,1,1,3,1,1
202300053345,2023-10-15 17:15:00,2023,10,15,17,15,66,66008,,42.53707,3.044082,Plein jour,Hors agglomération,Intersection en T,Normale,Deux véhicules - frontale,3,2,1,-1,2,1,1,0,8,-1,2,2,1,0,0,1,74.0,30.0,voiture,deux_roues,1,1,3,1,1
202300053346,2023-01-02 12:58:00,2023,1,2,12,58,51,51118,A26,49.271445,3.961108,Plein jour,Hors agglomération,Hors intersection,Normale,Deux véhicules - arrière,1,3,4,0,1,2,2,0,1,130,2,5,4,0,0,1,29.0,52.0,voiture,utilitaire_camion,1,1,1,1,2
202300053347,2023-08-24 16:50:00,2023,8,24,16,50,44,44069,Rond-Point de Villeneuve,47.32011778,-2.41424963,Plein jour,Hors agglomération,Giratoire,Normale,Deux véhicules - côté,3,1,2,0,1,2,1,0,1,80,2,3,2,0,0,1,76.0,19.0,voiture,deux_roues,1,1,6,1,3
202300053348,2023-03-30 22:05:00,2023,3,30,22,5,76,76415,D915,49.683041,1.378098,Nuit sans éclairage public,Hors agglomération,Hors intersection,Pluie légère,Deux véhicules - frontale,3,2,2,0,2,1,2,0,1,80,2,5,0,1,4,0,68.0,68.0,voiture,voiture,3,1,1,2,1
202300053349,2023-05-08 18:10:00,2023,5,8,18,10,45,45232,Avenue de Verdun,47.86864,1.91206,Plein jour,En agglomération,Intersection en X,Normale,Autre collision,4,3,6,0,1,1,1,5,1,50,1,2,1,0,0,1,22.0,,voiture,,1,2,2,1,6
202300053349,2023-05-08 18:10:00,2023,5,8,18,10,45,45232,Avenue de Verdun,47.86864,1.91206,Plein jour,En agglomération,Intersection en X,Normale,Autre collision,4,3,4,0,1,1,1,5,1,50,1,2,1,0,0,1,22.0,,voiture,,1,2,2,1,6
202300053350,2023-02-14 18:45:00,2023,2,14,18,45,93,93005,AUTOROUTE A3,48.93021,2.4811,Crépuscule ou aube,Hors agglomération,Hors intersection,Normale,Trois véhicules et plus - collisions multiples,1,3,6,0,1,1,1,0,1,90,4,5,4,0,0,1,42.0,43.0,voiture,deux_roues,2,1,1,1,5
202300053351,2023-06-12 07:00:00,2023,6,12,7,0,49,49215,D938,47.116365,-0.161834,Plein jour,Hors agglomération,Hors intersection,Normale,Trois véhicules et plus - collisions multiples,3,2,2,0,2,1,1,0,1,80,3,3,2,0,0,1,44.0,20.0,utilitaire_camion,voiture,1,1,1,1,5
202300053352,2023-10-29 13:15:00,2023,10,29,13,15,84,84003,Route Departementale 943,43.863714,5.367902,Plein jour,Hors agglomération,Hors intersection,Normale,Deux véhicules - frontale,3,2,2,0,2,4,1,0,3,80,1,2,0,0,1,1,29.0,,voiture,,1,1,1,1,1
202300053353,2023-12-02 16:55:00,2023,12,2,16,55,10,10130,D137,48.609306,4.214458,Plein jour,Hors agglomération,Hors intersection,Normale,Sans collision,3,2,2,0,1,3,1,0,1,80,1,1,0,1,0,0,21.0,,voiture,,1,1,1,1,7
202300053354,2023-09-26 10:20:00,2023,9,26,10,20,59,59009,MONS BOULEVARD DE,50.64367,3.13563,Plein jour,Hors agglomération,Intersection en T,Normale,Deux véhicules - arrière,4,2,2,0,1,1,1,0,1,50,2,2,1,0,0,1,68.0,38.0,voiture,deux_roues,1,1,3,1,2
202300053354,2023-09-26 10:20:00,2023,9,26,10,20,59,59009,MONS BOULEVARD DE,50.64367,3.13563,Plein jour,Hors agglomération,Intersection en T,Normale,Deux véhicules - arrière,4,2,0,0,1,1,1,0,1,50,2,2,1,0,0,1,68.0,38.0,voiture,deux_roues,1,1,3,1,2
202300053355,2023-07-15 15:00:00,2023,7,15,15,0,03,03277,Autoroute A71,46.281124,3.049553,Plein jour,Hors agglomération,Hors intersection,Normale,Autre collision,1,3,2,0,2,1,1,0,2,110,1,5,4,0,0,1,19.0,,voiture,,1,1,1,1,6
202300053356,2023-08-24 21:55:00,2023,8,24,21,55,44,44142,la Caffiniere,47.063618,-1.385656,Nuit sans éclairage public,Hors agglomération,Hors intersection,Normale,Deux véhicules - arrière,3,2,2,0,1,1,1,0,1,80,2,3,1,1,0,1,38.0,15.0,voiture,deux_roues,3,1,1,1,2
202300053357,2023-03-30 21:39:00,2023,3,30,21,39,80,80204,A2,50.01387971,2.87901878,Nuit sans éclairage public,Hors agglomération,Hors intersection,Normale,Autre collision,1,3,5,0,1,1,1,3,1,110,1,2,1,1,0,0,45.0,,utilitaire_camion,,3,1,1,1,6
202300053358,2023-06-11 20:05:00,2023,6,11,20,5,987,98738,RT1,-17.636977,-149.609413,Nuit avec éclairage allumé,En agglomération,Hors intersection,Normale,Autre collision,2,3,2,0,2,3,1,0,1,60,1,2,0,0,1,1,40.0,,deux_roues,,5,2,1,1,6
202300053359,2023-01-02 18:50:00,2023,1,2,18,50,34,34340,Autoroute A9 - PK 76+500 sens 2,43.71667207,4.13759112,Nuit sans éclairage public,Hors agglomération,Hors intersection,Normale,Trois véhicules et plus - en chaîne,1,3,5,0,1,1,1,0,1,130,4,4,2,0,0,2,69.0,54.0,transport_commun,voiture,3,1,1,1,4
202300053360,2023-12-01 14:50:00,2023,12,1,14,50,73,73303,D1508 route d'Annecy - Lieu-dit Champs froids,45.76667,6.365638,Plein jour,Hors agglomération,Hors intersection,Pluie forte,Autre collision,3,2,2,0,1,1,2,0,1,80,1,2,1,0,1,0,40.0,,utilitaire_camion,,1,1,1,3,6
202300053361,2023-09-26 08:50:00,2023,9,26,8,50,59,59507,SEMBAT MARCEL RUE,50.60156,3.07929,Plein jour,En agglomération,Hors intersection,Normale,Deux véhicules - côté,4,2,0,0,1,1,1,0,1,50,2,2,1,0,1,0,54.0,32.0,deux_roues,voiture,1,2,1,1,3
202300053362,2023-05-08 09:25:00,2023,5,8,9,25,34,34301,HUGO VICTOR (AVENUE),43.408834,3.697941,Plein jour,En agglomération,Intersection en X,Normale,Deux véhicules - côté,4,2,4,0,1,1,1,0,1,50,2,3,1,0,0,2,67.0,67.0,utilitaire_camion,utilitaire_camion,1,2,2,1,3
202300053362,2023-05-08 09:25:00,2023,5,8,9,25,34,34301,HUGO VICTOR (AVENUE),43.408834,3.697941,Plein jour,En agglomération,Intersection en X,Normale,Deux véhicules - côté,4,1,1,0,1,1,1,0,1,30,2,3,1,0,0,2,67.0,67.0,utilitaire_camion,utilitaire_camion,1,2,2,1,3
202300053363,2023-10-28 15:50:00,2023,10,28,15,50,84,84003,Avenue de Saignon,43.874235,5.402377,Plein jour,En agglomération,Intersection en T,Normale,Deux véhicules - côté,4,2,2,0,2,3,1,0,1,-1,2,2,1,0,1,0,56.0,16.0,voiture,deux_roues,1,2,3,1,3
202300053363,2023-10-28 15:50:00,2023,10,28,15,50,84,84003,Avenue de Saignon,43.874235,5.402377,Plein jour,En agglomération,Intersection en T,Normale,Deux véhicules - côté,4,-1, -1,-1,1,1,1,0,1,-1,2,2,1,0,1,0,56.0,16.0,voiture,deux_roues,1,2,3,1,3
202300053364,2023-03-29 08:30:00,2023,3,29,8,30,13,13005,A50-Sens Marseille vers Aubagne,43.28482,5.5713,Plein jour,Hors agglomération,Hors intersection,Normale,Deux véhicules - frontale,1,1,2,0,1,1,1,0,1,90,1,1,0,0,0,1,23.0,,utilitaire_camion,,1,1,1,1,1
202300053365,2023-08-23 16:15:00,2023,8,23,16,15,03,03264,6 Rue de la Liberté,46.065226,3.462805,Plein jour,En agglomération,Hors intersection,Normale,Autre collision,3,1,1,0,1,3,1,0,1,50,1,2,1,0,0,1,83.0,,voiture,,1,2,1,1,6
202300053366,2023-02-13 18:30:00,2023,2,13,18,30,92,92036,AUTOROUTE A86,48.93895984,2.3073606,Nuit sans éclairage public,Hors agglomération,Hors intersection,Normale,Trois véhicules et plus - en chaîne,1,3,6,0,1,1,1,0,1,90,3,3,2,0,0,1,43.0,76.0,voiture,voiture,3,1,1,1,4
202300053367,2023-01-02 16:30:00,2023,1,2,16,30,73,73257,D117,45.386086,6.503273,Plein jour,Hors agglomération,Hors intersection,Normale,Autre collision,3,2,2,0,2,2,1,0,3,80,1,2,0,0,0,2,56.0,,utilitaire_camion,,1,1,1,1,6
202300053368,2023-06-12 15:30:00,2023,6,12,15,30,69,69244,Avenue Charles de Gaulle,45.758182,4.774675,Plein jour,En agglomération,Intersection à plus de 4 branches,Normale,Autre collision,4,2,3,0,1,1,1,0,1,50,1,3,2,1,0,0,54.0,,utilitaire_camion,,1,2,5,1,6
202300053368,2023-06-12 15:30:00,2023,6,12,15,30,69,69244,Avenue Charles de Gaulle,45.758182,4.774675,Plein jour,En agglomération,Intersection à plus de 4 branches,Normale,Autre collision,4,2,4,0,1,1,1,0,1,50,1,3,2,1,0,0,54.0,,utilitaire_camion,,1,2,5,1,6
202300053369,2023-07-10 18:09:00,2023,7,10,18,9,63,63014,A75 - PK002.800,45.74931462,3.14436582,Plein jour,Hors agglomération,Autre intersection,Normale,Trois véhicules et plus - collisions multiples,1,3,4,0,1,1,1,0,1,110,5,7,5,0,2,0,31.0,20.0,voiture,utilitaire_camion,1,1,9,1,5
202300053370,2023-05-06 12:00:00,2023,5,6,12,0,21,21054,SAINT-JACQUES (BOULEVARD),47.02078,4.83744,Plein jour,En agglomération,Intersection en X,Normale,Deux véhicules - côté,4,2,2,0,1,1,1,0,1,50,2,2,1,0,0,1,26.0,64.0,deux_roues,voiture,1,2,2,1,3
202300053370,2023-05-06 12:00:00,2023,5,6,12,0,21,21054,SAINT-JACQUES (BOULEVARD),47.02078,4.83744,Plein jour,En agglomération,Intersection en X,Normale,Deux véhicules - côté,4,1,2,0,1,1,1,0,1,50,2,2,1,0,0,1,26.0,64.0,deux_roues,voiture,1,2,2,1,3
202300053371,2023-02-13 05:00:00,2023,2,13,5,0,93,93027,AUTOROUTE A86,48.92852,2.41594,Nuit sans éclairage public,Hors agglomération,Hors intersection,Normale,Autre collision,1,-1,3,0,2,2,1,0,1,70,1,1,0,0,0,1,26.0,,voiture,,3,1,1,1,6
202300053372,2023-10-28 12:25:00,2023,10,28,12,25,38,38336,A7 - Pk 008+700,45.463743,4.832954,Plein jour,Hors agglomération,Hors intersection,Normale,Deux véhicules - arrière,1,1,3,0,1,1,1,0,1,130,2,2,1,0,1,0,32.0,29.0,deux_roues,voiture,1,1,1,1,2
202300053373,2023-08-23 12:15:00,2023,8,23,12,15,26,26108,Rue Roch Grivel,44.727052,5.024657,Plein jour,En agglomération,Hors intersection,Normale,Deux véhicules - côté,3,2,2,0,1,1,1,0,1,50,2,2,1,0,0,1,38.0,31.0,voiture,voiture,1,2,1,1,3
202300053374,2023-09-26 07:30:00,2023,9,26,7,30,57,57463,FORT DE QUEULEU,49.10032,6.20623,Crépuscule ou aube,En agglomération,Intersection en T,Brouillard / fumée,Sans collision,4,2,4,1,2,1,1,0,5,50,2,2,1,0,1,0,51.0,21.0,deux_roues,voiture,2,2,3,5,7
202300053374,2023-09-26 07:30:00,2023,9,26,7,30,57,57463,FORT DE QUEULEU,49.10032,6.20623,Crépuscule ou aube,En agglomération,Intersection en T,Brouillard / fumée,Sans collision,4,2,2,0,1,1,1,0,8,50,2,2,1,0,1,0,51.0,21.0,deux_roues,voiture,2,2,3,5,7
202300053375,2023-03-30 06:47:00,2023,3,30,6,47,33,33487,AUTOROUTE A 10,44.95352152,-0.45754194,Crépuscule ou aube,Hors agglomération,Hors intersection,Normale,Deux véhicules - arrière,1,3,6,0,1,1,1,2,1,110,2,2,1,0,0,1,36.0,20.0,deux_roues,voiture,2,1,1,1,2
202300053376,2023-06-01 12:50:00,2023,6,1,12,50,976,97603,Route nationale 3,-12.916894,45.185475,Plein jour,Hors agglomération,Hors intersection,Normale,Sans collision,2,2,2,0,1,1,1,0,3,70,1,1,0,0,1,0,22.0,,voiture,,1,1,1,1,7
202300053377,2023-07-14 13:45:00,2023,7,14,13,45,11,11262,"Autoroute A 61, PK 368.000",43.158361,2.913136,Plein jour,Hors agglomération,Hors intersection,Normale,Autre collision,1,3,5,0,1,1,1,0,1,130,1,2,0,0,1,1,66.0,,voiture,,1,1,1,1,6
202300053378,2023-01-01 05:10:00,2023,1,1,5,10,988,98817,RPS1/Rue du Mont THABOR,-22.22943,166.53552,Nuit sans éclairage public,Hors agglomération,Intersection en T,Normale,Autre collision,3,2,2,0,1,1,1,0,1,70,1,2,0,0,2,0,48.0,,utilitaire_camion,,3,1,3,1,6
202300053378,2023-01-01 05:10:00,2023,1,1,5,10,988,98817,RPS1/Rue du Mont THABOR,-22.22943,166.53552,Nuit sans éclairage public,Hors agglomération,Intersection en T,Normale,Autre collision,3,2, -1,-1,1,1,1,0,1,-1,1,2,0,0,2,0,48.0,,utilitaire_camion,,3,1,3,1,6
202300053379,2023-10-27 14:00:00,2023,10,27,14,0,08,08081,Rue Diderot,49.849295,4.76183,Plein jour,En agglomération,Hors intersection,Pluie légère,Sans collision,4,2,2,0,2,1,2,0,8,50,1,1,0,1,0,0,90.0,,voiture,,1,2,1,2,7
202300053380,2023-09-25 21:45:00,2023,9,25,21,45,56,56107,KERGUELEN (RUE DE),47.70717,-3.40838,Nuit avec éclairage allumé,En agglomération,Hors intersection,Normale,Autre collision,4,2,2,0,2,1,1,0,1,30,1,1,0,0,1,0,34.0,,deux_roues,,5,2,1,1,6
202300053381,2023-05-26 10:30:00,2023,5,26,10,30,34,34172,A709 PK010+200,43.608589,3.936464,Plein jour,Hors agglomération,Hors intersection,Normale,Deux véhicules - côté,1,3,3,0,1,1,1,0,1,90,2,3,2,0,0,1,70.0,48.0,voiture,utilitaire_camion,1,1,1,1,3
202300053382,2023-03-28 08:50:00,2023,3,28,8,50,33,33063,ROCADE A 630,44.88034315,-0.5399394,Plein jour,Hors agglomération,Hors intersection,Normale,Deux véhicules - arrière,1,3,6,0,2,1,1,2,1,70,2,2,1,0,0,1,34.0,30.0,utilitaire_camion,deux_roues,1,1,1,1,2
202300053383,2023-02-14 19:30:00,2023,2,14,19,30,93,93051,A4,48.8347865,2.58010105,Nuit sans éclairage public,Hors agglomération,Hors intersection,Normale,Deux véhicules - côté,1,1,4,0,1,1,1,0,1,110,2,2,1,0,0,1,31.0,35.0,voiture,deux_roues,3,1,1,1,3
202300053384,2023-10-29 16:15:00,2023,10,29,16,15,54,54397,372 Rue de la Justice,48.621889,6.102914,Plein jour,En agglomération,Intersection en T,Pluie légère,Autre collision,4,2,2,0,1,1,2,0,4,50,1,1,0,0,1,0,36.0,,deux_roues,,1,2,3,2,6
202300053384,2023-10-29 16:15:00,2023,10,29,16,15,54,54397,372 Rue de la Justice,48.621889,6.102914,Plein jour,En agglomération,Intersection en T,Pluie légère,Autre collision,4,2, -1,0,1,1,2,0,1,50,1,1,0,0,1,0,36.0,,deux_roues,,1,2,3,2,6
202300053385,2023-01-01 06:55:00,2023,1,1,6,55,971,97125,Pombiray,16.286704,-61.303765,Plein jour,En agglomération,Hors intersection,Normale,Autre collision,4,2,2,0,1,1,1,0,4,50,1,4,0,0,2,2,46.0,,voiture,,1,2,1,1,6
202300053386,2023-11-26 14:20:00,2023,11,26,14,20,65,65123,RD 935 route des deux Cols,42.996279,0.206965,Plein jour,Hors agglomération,Hors intersection,Normale,Deux véhicules - côté,3,2,2,0,1,4,1,0,1,70,2,2,0,0,1,1,72.0,54.0,utilitaire_camion,voiture,1,1,1,1,3
202300053387,2023-08-24 17:40:00,2023,8,24,17,40,24,24037,Le penaud,44.82865,0.525112,Plein jour,Hors agglomération,Hors intersection,Normale,Deux véhicules - côté,3,2,2,0,1,1,1,0,1,80,2,3,1,0,0,2,25.0,38.0,voiture,utilitaire_camion,1,1,1,1,3
202300053388,2023-03-30 11:01:00,2023,3,30,11,1,91,91037,AUTOROUTE A6,48.54103,2.4983,Plein jour,Hors agglomération,Hors intersection,Normale,Sans collision,1,3,3,0,1,1,1,9,3,130,1,1,0,0,1,0,27.0,,utilitaire_camion,,1,1,1,1,7
202300053389,2023-06-12 01:20:00,2023,6,12,1,20,11,11322,,43.00156,2.964029,Nuit sans éclairage public,Hors agglomération,Hors intersection,Normale,Autre collision,1,3,3,0,1,1,1,0,3,130,1,3,0,1,0,2,18.0,,voiture,,3,1,1,1,6
202300053390,2023-05-08 11:35:00,2023,5,8,11,35,16,16015,MAIRAT (RUE PAUL),45.65646,0.17505,Plein jour,En agglomération,Intersection en X,Normale,Deux véhicules - côté,4,2,2,0,2,1,1,0,1,50,2,2,1,0,1,0,48.0,57.0,deux_roues,voiture,1,2,2,1,3
202300053390,2023-05-08 11:35:00,2023,5,8,11,35,16,16015,MAIRAT (RUE PAUL),45.65646,0.17505,Plein jour,En agglomération,Intersection en X,Normale,Deux véhicules - côté,4,2,2,0,1,1,1,0,1,50,2,2,1,0,1,0,48.0,57.0,deux_roues,voiture,1,2,2,1,3
202300053391,2023-10-29 12:10:00,2023,10,29,12,10,26,26331,route du vercors,45.032979,5.292363,Plein jour,Hors agglomération,Hors intersection,Normale,Sans collision,3,2,2,0,1,1,1,0,8,80,1,1,0,0,1,0,69.0,,voiture,,1,1,1,1,7
202300053392,2023-09-25 08:00:00,2023,9,25,8,0,54,54526,Rue Louis Barthou,48.6973,6.20735,Plein jour,En agglomération,Intersection en T,Normale,Deux véhicules - arrière,4,2,2,0,1,1,1,0,1,50,2,3,2,0,0,1,28.0,47.0,voiture,voiture,1,2,3,1,2
202300053392,2023-09-25 08:00:00,2023,9,25,8,0,54,54526,Rue Louis Barthou,48.6973,6.20735,Plein jour,En agglomération,Intersection en T,Normale,Deux véhicules - arrière,4,2, -1,0,1,1,1,0,1,30,2,3,2,0,0,1,28.0,47.0,voiture,voiture,1,2,3,1,2
202300053393,2023-01-02 17:45:00,2023,1,2,17,45,83,83099,RDN7,43.43981139,6.70745373,Nuit avec éclairage allumé,En agglomération,Hors intersection,Normale,Autre collision,3,3,4,0,1,1,1,5,1,50,1,2,1,0,1,0,43.0,,utilitaire_camion,,5,2,1,1,6
202300053394,2023-02-14 10:00:00,2023,2,14,10,0,94,94042,A4,48.82836797,2.47558356,Plein jour,Hors agglomération,Hors intersection,Normale,Trois véhicules et plus - collisions multiples,1,-1,4,0,1,1,1,0,1,90,3,3,2,0,0,1,49.0,38.0,utilitaire_camion,voiture,1,1,1,1,5
202300053395,2023-08-25 13:25:00,2023,8,25,13,25,27,27105,Route de Rouen,49.310281,0.888079,Plein jour,En agglomération,Intersection en T,Normale,Deux véhicules - côté,3,2,2,0,1,1,1,0,1,70,2,2,1,0,1,0,26.0,43.0,voiture,deux_roues,1,2,3,1,3
202300053395,2023-08-25 13:25:00,2023,8,25,13,25,27,27105,Route de Rouen,49.310281,0.888079,Plein jour,En agglomération,Intersection en T,Normale,Deux véhicules - côté,3,2,2,0,1,1,1,0,1,50,2,2,1,0,1,0,26.0,43.0,voiture,deux_roues,1,2,3,1,3
202300053396,2023-10-27 20:15:00,2023,10,27,20,15,86,86297,D910,46.563823,0.302984,Nuit avec éclairage non allumé,Hors agglomération,Hors intersection,Pluie légère,Sans collision,3,3,4,0,1,2,2,0,3,90,1,2,1,0,1,0,17.0,,voiture,,4,1,1,2,7
202300053397,2023-07-16 05:00:00,2023,7,16,5,0,60,60631,"Autoroute A1, sens Paris vers Lille, PK 34+900",49.14424071,2.57546293,Crépuscule ou aube,Hors agglomération,Hors intersection,Normale,Trois véhicules et plus - en chaîne,1,3,6,0,1,1,1,0,1,130,6,10,7,1,0,2,26.0,42.0,voiture,utilitaire_camion,2,1,1,1,4
202300053398,2023-01-03 08:10:00,2023,1,3,8,10,89,89037,Autoroute A6,47.917506,3.288034,Nuit sans éclairage public,Hors agglomération,Hors intersection,Normale,Autre collision,1,3,6,0,1,1,1,9,1,130,1,2,0,1,1,0,29.0,,voiture,,3,1,1,1,6
202300053399,2023-12-01 06:45:00,2023,12,1,6,45,64,64304,RD 312,43.478039,-1.409919,Nuit sans éclairage public,Hors agglomération,Hors intersection,Pluie légère,Deux véhicules - frontale,3,2,2,0,1,1,2,0,1,80,2,4,1,0,1,2,24.0,45.0,voiture,voiture,3,1,1,2,1
202300053400,2023-06-11 00:05:00,2023,6,11,0,5,988,98814,Hnasatuluneun,-20.847769,167.23414,Nuit sans éclairage public,Hors agglomération,Hors intersection,Normale,Autre collision,2,2,2,0,1,2,1,0,3,90,1,4,1,1,2,0,31.0,,voiture,,3,1,1,1,6
202300053401,2023-03-29 14:41:00,2023,3,29,14,41,91,91617,RN 104,48.63171,2.49685,Plein jour,Hors agglomération,Hors intersection,Normale,Trois véhicules et plus - collisions multiples,2,1,3,0,1,1,1,0,1,110,3,3,1,0,0,2,36.0,54.0,voiture,voiture,1,1,1,1,5
202300053402,2023-05-08 02:00:00,2023,5,8,2,0,13,13216,ESTAQUE PLAGE,43.36057,5.29915,Nuit avec éclairage allumé,En agglomération,Hors intersection,Normale,Deux véhicules - frontale,3,2,2,0,1,1,1,0,1,50,2,3,0,0,0,3,20.0,55.0,voiture,voiture,5,2,1,1,1
202300053403,2023-02-13 15:33:00,2023,2,13,15,33,85,85191,Boulevard des états-unis,46.66556,-1.42004,Plein jour,En agglomération,Autre intersection,Normale,Autre collision,3,-1,2,1,1,3,1,0,1,30,1,2,1,0,1,0,88.0,,voiture,,1,2,9,1,6
202300053404,2023-09-26 15:20:00,2023,9,26,15,20,45,45147,61 Rue Victor Hugo,47.92939707,1.89986229,Plein jour,En agglomération,Hors intersection,Normale,Deux véhicules - arrière,4,2,2,0,2,1,1,0,1,50,2,3,1,0,0,2,17.0,20.0,deux_roues,voiture,1,2,1,1,2