accident_id,datetime,annee,mois,jour,heure,minute,departement,commune_insee,adresse,latitude,longitude,luminosite,agglomeration,intersection,meteo,collision,catr,circ,nbv,vosp,prof,plan,surf,infra,situ,vma,nb_vehicules,nb_usagers,nb_indemnes,nb_tues,nb_blesses_hosp,nb_blesses_legers,age_cond_1,age_cond_2,veh_type_cond_1,veh_type_cond_2,lum_code,agg_code,int_code,atm_code,col_code
202300053405,2023-10-23 19:00:00,2023,10,23,19,0,83,83069,A570,43.116,6.1109,Nuit sans éclairage public,Hors agglomération,Hors intersection,Normale,Autre collision,1,3,2,0,1,1,1,0,1,90,1,2,1,0,0,1,44.0,,voiture,,3,1,1,1,6
202300053406,2023-07-16 12:40:00,2023,7,16,12,40,988,98803,RT1/Route Léon BRESIL,-21.551912,165.47911,Plein jour,En agglomération,Intersection en T,Normale,Autre collision,2,2,2,0,1,1,1,0,1,50,1,1,0,0,1,0,57.0,,deux_roues,,1,2,3,1,6
202300053406,2023-07-16 12:40:00,2023,7,16,12,40,988,98803,RT1/Route Léon BRESIL,-21.551912,165.47911,Plein jour,En agglomération,Intersection en T,Normale,Autre collision,2,2,2,-1,-1,1,1,-1,1,-1,1,1,0,0,1,0,57.0,,deux_roues,,1,2,3,1,6
202300053407,2023-08-25 09:30:00,2023,8,25,9,30,37,37132,56 Avenue Aristide Briand,47.117057,1.002055,Plein jour,En agglomération,Hors intersection,Pluie légère,Deux véhicules - frontale,4,2,2,1,1,2,2,0,1,50,2,3,1,0,1,1,62.0,30.0,voiture,utilitaire_camion,1,2,1,2,1
202300053408,2023-01-03 12:25:00,2023,1,3,12,25,67,67339,D243,48.898087,7.930219,Plein jour,Hors agglomération,Hors intersection,Normale,Deux véhicules - frontale,3,2,2,0,1,1,1,0,1,80,2,2,0,1,1,0,54.0,30.0,voiture,voiture,1,1,1,1,1
202300053409,2023-12-01 16:40:00,2023,12,1,16,40,49,49301,11 Rue du Commerce (St Macaire-en-Mauges),47.12371563,-0.99242002,Plein jour,En agglomération,Hors intersection,Normale,Autre collision,4,1,1,2,1,1,1,0,1,-1,1,2,1,0,0,1,39.0,,voiture,,1,2,1,1,6
202300053410,2023-05-07 23:10:00,2023,5,7,23,10,75,75113,RUE BOBILLOT,48.825807,2.35038,Nuit avec éclairage allumé,En agglomération,Intersection en X,Normale,Autre collision,4,-1, -1,1,1,1,2,0,1,30,1,1,0,0,0,1,46.0,,deux_roues,,5,2,2,1,6
202300053410,2023-05-07 23:10:00,2023,5,7,23,10,75,75113,RUE BOBILLOT,48.825807,2.35038,Nuit avec éclairage allumé,En agglomération,Intersection en X,Normale,Autre collision,4,2,2,1,1,1,2,0,1,30,1,1,0,0,0,1,46.0,,deux_roues,,5,2,2,1,6
202300053411,2023-07-13 17:05:00,2023,7,13,17,5,29,29233,D16,47.833123,-3.580513,Plein jour,Hors agglomération,Hors intersection,Normale,Sans collision,3,2,2,0,1,2,1,0,1,-1,1,1,0,0,0,1,23.0,,deux_roues,,1,1,1,1,7
202300053412,2023-10-28 03:30:00,2023,10,28,3,30,69,69382,Route de Métropole 6 ,45.75076339,4.82303997,Nuit avec éclairage allumé,En agglomération,Hors intersection,Normale,Autre collision,7,3,4,0,3,2,1,9,1,70,1,1,0,0,1,0,36.0,,deux_roues,,5,2,1,1,6
202300053413,2023-06-12 06:30:00,2023,6,12,6,30,77,77005,D404,48.92663,2.727946,Crépuscule ou aube,Hors agglomération,Hors intersection,Pluie légère,Deux véhicules - frontale,3,2,2,0,1,2,2,0,1,90,2,3,1,0,1,1,51.0,27.0,voiture,voiture,2,1,1,2,1
202300053414,2023-09-26 10:20:00,2023,9,26,10,20,45,45075,30bis Route de Blois,47.8861,1.8274,Plein jour,En agglomération,Hors intersection,Normale,Deux véhicules - côté,4,2,2,0,2,1,1,0,1,50,2,2,1,0,0,1,91.0,22.0,voiture,deux_roues,1,2,1,1,3
202300053415,2023-01-02 17:19:00,2023,1,2,17,19,22,22282,D19,48.600885,-2.242209,Crépuscule ou aube,Hors agglomération,Hors intersection,Pluie légère,Sans collision,3,2,2,0,1,3,2,0,3,80,1,2,1,0,0,1,21.0,,deux_roues,,2,1,1,2,7
202300053416,2023-08-25 10:40:00,2023,8,25,10,40,13,13091,48 Avenue Camille Pelletan,43.620059,5.301151,Plein jour,En agglomération,Hors intersection,Normale,Deux véhicules - côté,9,3,2,0,2,1,1,0,1,50,2,2,1,0,1,0,36.0,53.0,voiture,deux_roues,1,2,1,1,3
202300053417,2023-12-02 07:05:00,2023,12,2,7,5,44,44158,Route de Saint Etienne de Montluc,47.247674,-1.735754,Crépuscule ou aube,Hors agglomération,Hors intersection,Normale,Sans collision,3,2,2,0,1,1,7,0,3,80,1,1,0,0,1,0,24.0,,voiture,,2,1,1,1,7
202300053418,2023-07-16 01:35:00,2023,7,16,1,35,29,29230,D790,47.9639165,-3.50150774,Nuit sans éclairage public,Hors agglomération,Hors intersection,Normale,Autre collision,3,2,2,0,1,2,1,0,1,80,1,1,0,0,0,1,41.0,,voiture,,3,1,1,1,6
202300053419,2023-02-11 13:30:00,2023,2,11,13,30,67,67482,SCHIRMECK (ROUTE DE),48.562,7.69761,Plein jour,En agglomération,Intersection en T,Normale,Autre collision,7,2,3,0,1,1,1,0,1,50,1,2,1,0,0,1,55.0,,utilitaire_camion,,1,2,3,1,6
202300053419,2023-02-11 13:30:00,2023,2,11,13,30,67,67482,SCHIRMECK (ROUTE DE),48.562,7.69761,Plein jour,En agglomération,Intersection en T,Normale,Autre collision,7,2,3,0,1,1,1,0,1,50,1,2,1,0,0,1,55.0,,utilitaire_camion,,1,2,3,1,6
202300053420,2023-06-12 17:50:00,2023,6,12,17,50,77,77144,VC,48.755489,2.909591,Plein jour,Hors agglomération,Hors intersection,Normale,Autre collision,4,2,2,0,1,1,1,0,3,80,1,1,0,0,0,1,35.0,,deux_roues,,1,1,1,1,6
202300053421,2023-05-08 19:50:00,2023,5,8,19,50,75,75112,BOULEVARD PONIATOWSKI,48.831852,2.397695,Plein jour,En agglomération,Intersection en X,Normale,Deux véhicules - frontale,4,1, -1,0,1,1,1,0,5,30,2,2,1,0,0,1,26.0,,deux_roues,deux_roues,1,2,2,1,1
202300053421,2023-05-08 19:50:00,2023,5,8,19,50,75,75112,BOULEVARD PONIATOWSKI,48.831852,2.397695,Plein jour,En agglomération,Intersection en X,Normale,Deux véhicules - frontale,4,2,2,1,1,1,1,0,5,30,2,2,1,0,0,1,26.0,,deux_roues,deux_roues,1,2,2,1,1
202300053422,2023-03-29 19:00:00,2023,3,29,19,0,95,95060,A115,49.039968,2.19073612,Plein jour,Hors agglomération,Hors intersection,Normale,Deux véhicules - arrière,1,3,4,0,1,1,1,0,1,90,2,3,1,0,0,2,27.0,56.0,voiture,voiture,1,1,1,1,2
202300053423,2023-10-28 07:00:00,2023,10,28,7,0,91,91161,AUTOROUTE A6,48.71404,2.30876,Nuit sans éclairage public,Hors agglomération,Hors intersection,Normale,Sans collision,1,3,3,0,1,1,1,0,1,110,1,3,1,0,0,2,,,voiture,,3,1,1,1,7
202300053424,2023-01-02 23:45:00,2023,1,2,23,45,60,60243,D1001,49.48792363,2.14779235,Nuit sans éclairage public,Hors agglomération,Hors intersection,Normale,Deux véhicules - côté,3,2,2,0,1,1,1,0,1,80,2,2,0,0,1,1,62.0,32.0,voiture,utilitaire_camion,3,1,1,1,3
202300053425,2023-08-24 12:44:00,2023,8,24,12,44,01,01089,A42 sens GENÈVE/LYON PK 040+100,45.959008,5.305133,Plein jour,Hors agglomération,Hors intersection,Normale,Trois véhicules et plus - en chaîne,1,3,2,0,1,1,1,0,1,130,3,3,2,0,0,1,53.0,21.0,utilitaire_camion,voiture,1,1,1,1,4
202300053426,2023-07-04 11:55:00,2023,7,4,11,55,45,45312,D2007 PR 28 + 730,47.91315804,2.73512679,Plein jour,En agglomération,Hors intersection,Normale,Autre collision,3,2,2,0,1,1,1,0,3,50,1,3,1,0,1,1,23.0,,utilitaire_camion,,1,2,1,1,6
202300053427,2023-12-02 15:00:00,2023,12,2,15,0,60,60241,D330a,49.176657,2.686281,Plein jour,Hors agglomération,Intersection en X,Normale,Deux véhicules - côté,3,2,2,0,1,1,1,0,1,80,2,2,1,0,1,0,42.0,30.0,utilitaire_camion,deux_roues,1,1,2,1,3
202300053427,2023-12-02 15:00:00,2023,12,2,15,0,60,60241,D330a,49.176657,2.686281,Plein jour,Hors agglomération,Intersection en X,Normale,Deux véhicules - côté,3,2, -1,-1,1,1,1,0,1,-1,2,2,1,0,1,0,42.0,30.0,utilitaire_camion,deux_roues,1,1,2,1,3
202300053428,2023-09-26 08:30:00,2023,9,26,8,30,45,45285,262 Rue Charles Beauhaire,47.91789927,1.86025098,Plein jour,En agglomération,Intersection en T,Normale,Deux véhicules - côté,4,2,2,0,1,1,1,0,1,50,2,2,1,0,1,0,47.0,59.0,voiture,deux_roues,1,2,3,1,3
202300053428,2023-09-26 08:30:00,2023,9,26,8,30,45,45285,262 Rue Charles Beauhaire,47.91789927,1.86025098,Plein jour,En agglomération,Intersection en T,Normale,Deux véhicules - côté,4,2,3,0,1,1,1,0,1,50,2,2,1,0,1,0,47.0,59.0,voiture,deux_roues,1,2,3,1,3
202300053429,2023-05-08 15:40:00,2023,5,8,15,40,94,94054,Route Charles Tillon,48.73864,2.39119,Plein jour,En agglomération,Hors intersection,Normale,Sans collision,3,2,2,0,1,1,1,0,1,70,1,1,0,0,0,1,21.0,,deux_roues,,1,2,1,1,7
202300053430,2023-10-28 07:30:00,2023,10,28,7,30,92,92072,N118,48.82602589,2.22262601,Crépuscule ou aube,Hors agglomération,Hors intersection,Normale,Autre collision,2,3,3,0,2,3,2,0,1,50,1,1,0,0,0,1,47.0,,voiture,,2,1,1,1,6
202300053431,2023-02-10 15:43:00,2023,2,10,15,43,63,63032,HUIT MAI 1945 (ESPLANADE DU),45.7531,3.0888,Plein jour,En agglomération,Intersection à plus de 4 branches,Normale,Autre collision,7,2,3,0,1,1,1,0,1,50,1,2,1,0,0,1,74.0,,voiture,,1,2,5,1,6
202300053431,2023-02-10 15:43:00,2023,2,10,15,43,63,63032,HUIT MAI 1945 (ESPLANADE DU),45.7531,3.0888,Plein jour,En agglomération,Intersection à plus de 4 branches,Normale,Autre collision,7,2,3,-1,1,1,1,0,1,50,1,2,1,0,0,1,74.0,,voiture,,1,2,5,1,6
202300053432,2023-12-01 23:30:00,2023,12,1,23,30,02,02186,,48.988666,3.360137,Nuit avec éclairage non allumé,Hors agglomération,Hors intersection,Normale,Sans collision,3,3,2,0,3,3,1,0,3,80,1,1,0,0,0,1,35.0,,voiture,,4,1,1,1,7
202300053433,2023-01-03 17:40:00,2023,1,3,17,40,02,02381,,49.904766,4.085155,Nuit sans éclairage public,Hors agglomération,Hors intersection,Normale,Deux véhicules - arrière,3,2,2,0,2,1,2,0,1,80,2,4,2,1,1,0,62.0,36.0,utilitaire_camion,utilitaire_camion,3,1,1,1,2
202300053434,2023-06-12 17:50:00,2023,6,12,17,50,2B,2B079,PONTE NOVO,42.486716,9.2812,Plein jour,En agglomération,Hors intersection,Normale,Trois véhicules et plus - collisions multiples,2,2,2,0,1,1,1,0,1,50,3,3,2,0,1,0,14.0,32.0,deux_roues,voiture,1,2,1,1,5
202300053435,2023-09-27 00:10:00,2023,9,27,0,10,45,45338,D2060 PR 29 + 470,47.97178625,2.71670732,Nuit sans éclairage public,Hors agglomération,Hors intersection,Normale,Autre collision,3,3,4,0,1,1,1,0,3,110,1,1,0,0,0,1,21.0,,voiture,,3,1,1,1,6
202300053436,2023-08-24 20:15:00,2023,8,24,20,15,68,68042,A35 - PK 120.800,47.617258,7.515335,Crépuscule ou aube,Hors agglomération,Hors intersection,Pluie légère,Autre collision,1,3,2,0,2,1,2,0,1,130,1,5,4,0,1,0,33.0,,voiture,,2,1,1,2,6
202300053437,2023-03-29 17:45:00,2023,3,29,17,45,95,95572,RN 184,49.03235342,2.10743017,Plein jour,Hors agglomération,Hors intersection,Normale,Trois véhicules et plus - en chaîne,2,3,4,0,2,2,1,3,1,90,3,4,3,0,0,1,41.0,58.0,voiture,voiture,1,1,1,1,4
202300053438,2023-05-07 06:30:00,2023,5,7,6,30,93,93073,Rue des Terres Noires,49.00244,2.53334,Crépuscule ou aube,En agglomération,Hors intersection,Pluie forte,Deux véhicules - côté,4,2,3,0,1,1,2,0,1,50,2,3,1,0,0,2,38.0,52.0,transport_commun,voiture,2,2,1,3,3
202300053439,2023-07-14 20:00:00,2023,7,14,20,0,91,91386,16 rue de Paris,48.575001,2.434193,Plein jour,En agglomération,Hors intersection,Normale,Deux véhicules - arrière,3,2,2,0,1,1,1,0,1,50,2,6,1,0,0,5,28.0,41.0,voiture,voiture,1,2,1,1,2
202300053440,2023-01-02 22:20:00,2023,1,2,22,20,59,59268,1790 rue de la Lys,50.626727,2.72984,Nuit sans éclairage public,En agglomération,Hors intersection,Normale,Autre collision,4,2,2,0,1,1,1,0,1,50,1,2,1,0,1,0,44.0,,transport_commun,,3,2,1,1,6
202300053441,2023-03-29 12:00:00,2023,3,29,12,0,95,95641,A1,49.067872,2.552602,Plein jour,Hors agglomération,Autre intersection,Normale,Autre collision,1,3,6,0,1,1,1,0,1,110,1,1,0,0,0,1,20.0,,utilitaire_camion,,1,1,9,1,6
202300053442,2023-02-10 12:58:00,2023,2,10,12,58,63,63113,Rue Champfleury / rue de Chalonnax,45.79154271,3.09594432,Plein jour,En agglomération,Intersection en X,Normale,Autre collision,4,2,2,0,1,1,1,0,1,30,1,2,1,0,0,1,72.0,,voiture,,1,2,2,1,6
202300053442,2023-02-10 12:58:00,2023,2,10,12,58,63,63113,Rue Champfleury / rue de Chalonnax,45.79154271,3.09594432,Plein jour,En agglomération,Intersection en X,Normale,Autre collision,4,1,1,-1,1,1,1,0,1,30,1,2,1,0,0,1,72.0,,voiture,,1,2,2,1,6
202300053443,2023-08-24 04:00:00,2023,8,24,4,0,34,34146,"A9, PK 84.370",43.688605,4.059834,Nuit sans éclairage public,Hors agglomération,Hors intersection,Normale,Deux véhicules - frontale,1,3,3,0,1,1,1,0,1,130,2,2,1,0,1,0,30.0,48.0,voiture,transport_commun,3,1,1,1,1
202300053444,2023-07-15 06:10:00,2023,7,15,6,10,2B,2B313,T10,42.364688,9.529497,Crépuscule ou aube,En agglomération,Hors intersection,Normale,Deux véhicules - côté,2,2,2,0,1,1,1,0,1,50,2,2,1,0,0,1,20.0,77.0,deux_roues,voiture,2,2,1,1,3
202300053445,2023-10-27 17:05:00,2023,10,27,17,5,78,78158,A13,48.832464,2.139304,Plein jour,Hors agglomération,Hors intersection,Pluie légère,Trois véhicules et plus - collisions multiples,1,3,4,0,1,1,2,0,1,110,5,5,4,0,0,1,30.0,88.0,voiture,voiture,1,1,1,2,5
202300053446,2023-12-02 13:50:00,2023,12,2,13,50,80,80288,A1,49.882676,2.837477,Plein jour,Hors agglomération,Hors intersection,Normale,Deux véhicules - arrière,1,3,3,0,1,1,1,0,1,130,2,5,4,0,1,0,44.0,45.0,voiture,utilitaire_camion,1,1,1,1,2
202300053447,2023-09-26 11:40:00,2023,9,26,11,40,42,42207,Boulevard Pierre Joannon,45.45556,4.50722,Plein jour,En agglomération,Intersection en Y,Normale,Deux véhicules - côté,4,2,1,0,2,4,1,0,1,50,2,3,2,0,1,0,84.0,69.0,voiture,deux_roues,1,2,4,1,3
202300053447,2023-09-26 11:40:00,2023,9,26,11,40,42,42207,Boulevard Pierre Joannon,45.45556,4.50722,Plein jour,En agglomération,Intersection en Y,Normale,Deux véhicules - côté,4,2,2,0,1,2,1,0,1,50,2,3,2,0,1,0,84.0,69.0,voiture,deux_roues,1,2,4,1,3
202300053448,2023-05-08 10:45:00,2023,5,8,10,45,93,93031,Route de Saint-leu,48.95809,2.32968,Plein jour,En agglomération,Hors intersection,Normale,Deux véhicules - arrière,3,4,4,0,1,1,1,0,1,50,2,2,1,0,0,1,46.0,30.0,voiture,voiture,1,2,1,1,2
202300053449,2023-08-11 14:15:00,2023,8,11,14,15,68,68278,134 Rue de l'Île Napoléon,47.764974,7.394582,Plein jour,En agglomération,Hors intersection,Normale,Autre collision,3,-1,2,0,1,1,1,0,1,50,1,2,1,0,1,0,58.0,,voiture,,1,2,1,1,6
202300053450,2023-02-13 20:15:00,2023,2,13,20,15,974,97416,MOULIN A CAFE(CHEMIN),-21.28438,55.47277,Nuit avec éclairage allumé,En agglomération,Place,Normale,Autre collision,4,1,1,0,1,1,1,0,1,30,1,2,1,0,1,0,28.0,,voiture,,5,2,7,1,6
202300053451,2023-01-02 05:45:00,2023,1,2,5,45,13,13117,A7-Sens Marseille vers Lyon,43.476722,5.237587,Nuit avec éclairage allumé,Hors agglomération,Hors intersection,Normale,Deux véhicules - côté,1,3,4,0,2,3,1,0,1,110,3,3,0,0,1,2,45.0,53.0,voiture,utilitaire_camion,5,1,1,1,3
202300053452,2023-07-07 09:00:00,2023,7,7,9,0,13,13052,10 Avenue du Poète,43.831885,4.782401,Plein jour,En agglomération,Place,Normale,Deux véhicules - arrière,6,-1,1,0,1,1,1,0,8,30,1,2,1,0,1,0,76.0,,voiture,,1,2,7,1,2
202300053453,2023-03-30 09:10:00,2023,3,30,9,10,77,77514,A104,48.94346579,2.62839062,Plein jour,Hors agglomération,Hors intersection,Normale,Deux véhicules - côté,1,2,4,0,2,1,1,0,1,90,2,2,1,0,0,1,50.0,56.0,voiture,deux_roues,1,1,1,1,3
202300053454,2023-06-12 08:48:00,2023,6,12,8,48,2B,2B332,route territoriale 30,42.646681,9.099298,Plein jour,Hors agglomération,Hors intersection,Normale,Trois véhicules et plus - collisions multiples,2,2,2,0,1,1,1,0,1,80,5,6,5,0,1,0,45.0,78.0,voiture,voiture,1,1,1,1,5
202300053455,2023-09-26 23:20:00,2023,9,26,23,20,41,41018,RD 956,47.60234,1.34894,Nuit avec éclairage allumé,Hors agglomération,Hors intersection,Normale,Autre collision,3,3,4,0,1,2,1,0,1,70,1,2,0,0,0,2,21.0,,voiture,,5,1,1,1,6
202300053456,2023-10-28 13:55:00,2023,10,28,13,55,95,95582,D170,48.96561068,2.27178812,Plein jour,Hors agglomération,Hors intersection,Normale,Autre collision,3,3,0,0,1,1,2,0,1,90,3,3,2,0,0,1,48.0,43.0,voiture,voiture,1,1,1,1,6
202300053457,2023-12-01 17:30:00,2023,12,1,17,30,59,59025,M141,50.591411,2.824709,Nuit sans éclairage public,Hors agglomération,Hors intersection,Normale,Deux véhicules - frontale,7,2,2,0,1,1,1,5,1,80,2,3,2,0,0,1,43.0,39.0,voiture,utilitaire_camion,3,1,1,1,1
202300053458,2023-06-12 08:50:00,2023,6,12,8,50,48,48119,Le rachas,44.51198719,3.90897066,Plein jour,Hors agglomération,Hors intersection,Normale,Autre collision,3,2,2,0,1,2,1,0,1,90,1,1,0,0,1,0,40.0,,deux_roues,,1,1,1,1,6
202300053459,2023-03-29 19:20:00,2023,3,29,19,20,69,69383,Avenue Lacassagne,45.75162,4.87202,Plein jour,En agglomération,Hors intersection,Normale,Autre collision,4,1,1,3,1,1,1,0,1,30,1,2,1,1,0,0,20.0,,utilitaire_camion,,1,2,1,1,6
202300053460,2023-08-24 15:15:00,2023,8,24,15,15,18,18092,,47.058955,2.657404,Plein jour,Hors agglomération,Hors intersection,Normale,Sans collision,3,2,2,0,1,1,2,0,1,80,1,5,0,0,1,4,18.0,,voiture,,1,1,1,1,7
202300053461,2023-07-13 22:20:00,2023,7,13,22,20,01,01211,D22,46.117307,5.194519,Nuit avec éclairage non allumé,En agglomération,Intersection en T,Normale,Deux véhicules - côté,3,2,2,0,1,1,1,0,1,50,2,3,2,0,0,1,70.0,15.0,voiture,deux_roues,4,2,3,1,3
202300053461,2023-07-13 22:20:00,2023,7,13,22,20,01,01211,D22,46.117307,5.194519,Nuit avec éclairage non allumé,En agglomération,Intersection en T,Normale,Deux véhicules - côté,3,2,2,0,1,1,1,0,1,50,2,3,2,0,0,1,70.0,15.0,voiture,deux_roues,4,2,3,1,3
202300053462,2023-01-02 17:25:00,2023,1,2,17,25,33,33550,ROCADE A 630,44.78138,-0.58176,Plein jour,Hors agglomération,Hors intersection,Normale,Trois véhicules et plus - collisions multiples,1,3,6,0,1,1,1,0,1,90,3,4,3,0,0,1,73.0,56.0,voiture,voiture,1,1,1,1,5
202300053463,2023-10-28 09:30:00,2023,10,28,9,30,93,93005,AUTOROUTE A3,48.95441,2.47384,Plein jour,Hors agglomération,Hors intersection,Normale,Deux véhicules - arrière,1,1,3,0,1,1,1,0,1,70,2,2,1,0,0,1,30.0,67.0,deux_roues,utilitaire_camion,1,1,1,1,2
202300053464,2023-02-12 17:05:00,2023,2,12,17,5,974,97411,JAURES (BOULEVARD JEAN),-20.88818,55.44409,Plein jour,Hors agglomération,Autre intersection,Pluie légère,Trois véhicules et plus - en chaîne,2,3,2,0,2,1,2,2,1,70,3,6,4,0,0,2,29.0,24.0,voiture,voiture,1,1,9,2,4
202300053465,2023-05-08 15:50:00,2023,5,8,15,50,93,93014,Avenue de Sévigné,48.91387,2.54689,Plein jour,En agglomération,Hors intersection,Normale,Autre collision,3,3,2,0,3,2,1,0,4,50,1,3,2,0,0,1,20.0,,voiture,,1,2,1,1,6
202300053466,2023-07-15 22:40:00,2023,7,15,22,40,80,80023,D934,49.73144339,2.70937979,Nuit sans éclairage public,Hors agglomération,Hors intersection,Normale,Autre collision,3,3,4,0,1,1,1,0,1,-1,1,2,0,0,0,2,59.0,,deux_roues,,3,1,1,1,6
202300053467,2023-03-29 12:20:00,2023,3,29,12,20,04,04112,SPELS (MONTEE DES),43.84483,5.78468,Plein jour,En agglomération,Hors intersection,Normale,Autre collision,4,2,1,0,2,1,1,0,1,50,1,2,1,0,0,1,34.0,,voiture,,1,2,1,1,6
202300053468,2023-06-11 17:55:00,2023,6,11,17,55,83,83068,Route Départementale N°558,43.289639,6.493424,Plein jour,Hors agglomération,Hors intersection,Normale,Deux véhicules - côté,3,2,2,0,2,3,1,0,1,70,2,5,2,0,1,2,35.0,80.0,voiture,voiture,1,1,1,1,3
202300053469,2023-08-25 07:00:00,2023,8,25,7,0,973,97311,Allee des Hoccos,5.47185432,-54.03336883,Plein jour,En agglomération,Intersection en X,Normale,Deux véhicules - côté,4,2,2,0,1,1,1,0,1,30,2,2,1,0,1,0,,44.0,utilitaire_camion,deux_roues,1,2,2,1,3
202300053469,2023-08-25 07:00:00,2023,8,25,7,0,973,97311,Allee des Hoccos,5.47185432,-54.03336883,Plein jour,En agglomération,Intersection en X,Normale,Deux véhicules - côté,4,1, -1,-1,1,1,1,0,1,-1,2,2,1,0,1,0,,44.0,utilitaire_camion,deux_roues,1,2,2,1,3
202300053470,2023-10-27 20:15:00,2023,10,27,20,15,95,95572,A15,49.03104508,2.12144494,Nuit sans éclairage public,Hors agglomération,Hors intersection,Pluie légère,Deux véhicules - arrière,1,3,8,0,1,1,2,0,1,110,2,2,1,0,0,1,21.0,33.0,voiture,voiture,3,1,1,2,2
202300053471,2023-05-08 23:10:00,2023,5,8,23,10,80,80216,D929,50.048204,2.742473,Nuit sans éclairage public,Hors agglomération,Hors intersection,Normale,Autre collision,3,1,2,0,1,1,1,0,3,-1,1,1,0,1,0,0,21.0,,voiture,,3,1,1,1,6
202300053472,2023-09-12 17:10:00,2023,9,12,17,10,38,38053,D 1006,45.59299,5.24756,Plein jour,Hors agglomération,Intersection en X,Normale,Deux véhicules - côté,3,-1,2,0,1,1,1,0,8,50,2,2,1,0,0,1,38.0,21.0,voiture,voiture,1,1,2,1,3
202300053472,2023-09-12 17:10:00,2023,9,12,17,10,38,38053,D 1006,45.59299,5.24756,Plein jour,Hors agglomération,Intersection en X,Normale,Deux véhicules - côté,3,1,2,0,1,2,1,5,1,50,2,2,1,0,0,1,38.0,21.0,voiture,voiture,1,1,2,1,3
202300053473,2023-11-30 20:45:00,2023,11,30,20,45,83,83144,A57,43.1366,5.99399,Nuit sans éclairage public,Hors agglomération,Hors intersection,Normale,Trois véhicules et plus - collisions multiples,1,3,2,0,1,3,1,0,1,70,4,7,3,0,0,4,47.0,39.0,voiture,voiture,3,1,1,1,5
202300053474,2023-02-11 16:30:00,2023,2,11,16,30,974,97407,ANGLAIS (CHE DES) - RIVIERE DES GALETS ,-20.95505,55.3151,Plein jour,En agglomération,Autre intersection,Normale,Deux véhicules - côté,4,2,2,0,1,1,1,9,1,50,2,2,1,0,0,1,19.0,35.0,deux_roues,voiture,1,2,9,1,3
202300053475,2023-06-12 10:45:00,2023,6,12,10,45,05,05065,rue notre dame d'aquilon,44.659607,6.649298,Plein jour,En agglomération,Place,Normale,Autre collision,4,1,1,0,1,3,1,0,1,30,1,3,2,0,0,1,77.0,,voiture,,1,2,7,1,6
202300053476,2023-07-15 22:00:00,2023,7,15,22,0,59,59581,Rue des 3 Tilleuls,50.66551,2.768568,Plein jour,Hors agglomération,Hors intersection,Normale,Autre collision,3,2,2,0,1,1,1,0,3,70,1,4,0,0,2,2,28.0,,voiture,,1,1,1,1,6
202300053477,2023-09-26 14:30:00,2023,9,26,14,30,37,37261,GIRAUDEAU (RUE),47.38343,0.6769,Plein jour,En agglomération,Hors intersection,Normale,Deux véhicules - côté,4,2,2,0,1,1,1,0,1,50,2,2,1,0,0,1,23.0,15.0,voiture,deux_roues,1,2,1,1,3
202300053478,2023-11-30 11:10:00,2023,11,30,11,10,33,33318,AUTOROUTE A 63,44.78592,-0.62758,Plein jour,Hors agglomération,Hors intersection,Pluie forte,Deux véhicules - arrière,1,1,4,0,2,2,2,3,1,70,2,2,1,0,0,1,28.0,39.0,voiture,utilitaire_camion,1,1,1,3,2
202300053479,2023-04-28 23:10:00,2023,4,28,23,10,91,91235,Av du Dr Louis Francois Fichez,48.639284,2.361862,Nuit avec éclairage allumé,En agglomération,Autre intersection,Normale,Deux véhicules - frontale,3,3,4,0,1,1,2,5,1,50,2,3,2,0,0,1,64.0,25.0,voiture,voiture,5,2,9,1,1
202300053480,2023-10-27 16:45:00,2023,10,27,16,45,93,93078,AUTOROUTE A104,48.96176998,2.54505298,Plein jour,Hors agglomération,Hors intersection,Pluie légère,Trois véhicules et plus - en chaîne,1,3,6,0,1,1,2,0,1,90,3,3,2,0,0,1,51.0,29.0,utilitaire_camion,voiture,1,1,1,2,4
202300053481,2023-08-20 02:45:00,2023,8,20,2,45,971,97106,Route Nationale 2,16.170438,-61.776405,Nuit avec éclairage allumé,Hors agglomération,Hors intersection,Pluie forte,Deux véhicules - frontale,2,2,2,0,3,3,2,0,1,70,2,6,5,0,1,0,30.0,58.0,voiture,voiture,5,1,1,3,1
202300053482,2023-02-13 16:40:00,2023,2,13,16,40,973,97302,RABAN (ROUTE DE),4.92238624,-52.31529057,Plein jour,En agglomération,Intersection en T,Pluie forte,Autre collision,4,2,2,0,1,1,2,0,1,50,1,2,1,0,0,1,57.0,,voiture,,1,2,3,3,6
202300053483,2023-03-29 10:55:00,2023,3,29,10,55,988,98818,9 Rue Adolphe et Louise LAPLAGNE,-22.2604,166.46663,Plein jour,En agglomération,Hors intersection,Normale,Autre collision,4,2,2,0,1,1,1,0,1,50,2,5,4,0,0,1,29.0,,voiture,,1,2,1,1,6
202300053484,2023-01-02 16:25:00,2023,1,2,16,25,33,33487,AUTOROUTE A 10,44.94053,-0.466693,Plein jour,Hors agglomération,Hors intersection,Normale,Trois véhicules et plus - en chaîne,1,3,6,0,1,1,2,0,1,110,4,13,9,0,0,4,36.0,22.0,voiture,voiture,1,1,1,1,4