accident_id,datetime,annee,mois,jour,heure,minute,departement,commune_insee,adresse,latitude,longitude,luminosite,agglomeration,intersection,meteo,collision,catr,circ,nbv,vosp,prof,plan,surf,infra,situ,vma,nb_vehicules,nb_usagers,nb_indemnes,nb_tues,nb_blesses_hosp,nb_blesses_legers,age_cond_1,age_cond_2,veh_type_cond_1,veh_type_cond_2,lum_code,agg_code,int_code,atm_code,col_code
202300053485,2023-06-09 12:20:00,2023,6,9,12,20,71,71283,D6,46.699656,4.912627,Plein jour,En agglomération,Hors intersection,Normale,Deux véhicules - arrière,3,2,2,0,1,1,1,9,1,30,2,2,1,0,0,1,20.0,59.0,voiture,utilitaire_camion,1,2,1,1,2
202300053486,2023-07-14 23:00:00,2023,7,14,23,0,13,13210,A507 sens Aubagne- Marseille,43.28344,5.40065,Nuit avec éclairage allumé,Hors agglomération,Hors intersection,Normale,Deux véhicules - côté,1,1,2,0,1,1,1,0,1,70,2,4,3,0,0,1,48.0,28.0,voiture,voiture,5,1,1,1,3
202300053487,2023-08-18 15:35:00,2023,8,18,15,35,77,77327,D12,48.578069,3.04199,Plein jour,Hors agglomération,Hors intersection,Autre,Sans collision,3,2,2,0,1,3,1,0,1,80,1,1,0,1,0,0,56.0,,deux_roues,,1,1,1,9,7
202300053488,2023-12-01 19:17:00,2023,12,1,19,17,91,91377,RN20,48.7296,2.30054,Nuit avec éclairage allumé,En agglomération,Hors intersection,Normale,Deux véhicules - arrière,3,3,5,0,1,1,1,0,1,50,2,2,1,0,0,1,21.0,24.0,voiture,deux_roues,5,2,1,1,2
202300053489,2023-05-08 17:15:00,2023,5,8,17,15,52,52331,68 Rue des Ponts,48.474023,4.765771,Plein jour,En agglomération,Hors intersection,Normale,Deux véhicules - côté,3,2,2,0,1,1,1,0,1,50,2,2,1,0,1,0,60.0,43.0,deux_roues,voiture,1,2,1,1,3
202300053490,2023-02-13 08:10:00,2023,2,13,8,10,973,97302,ZEPHIR (ROCADE),4.93471,-52.30855,Plein jour,En agglomération,Hors intersection,Pluie forte,Deux véhicules - côté,3,2,2,0,1,1,2,0,1,50,2,2,1,0,0,1,58.0,23.0,deux_roues,deux_roues,1,2,1,3,3
202300053491,2023-09-26 07:45:00,2023,9,26,7,45,37,37233,ESTIENNE D'ORVES (RUE D'),47.38769,0.71881,Plein jour,En agglomération,Intersection en X,Normale,Deux véhicules - côté,4,2,2,0,1,1,1,0,1,50,2,2,1,0,0,1,53.0,25.0,deux_roues,voiture,1,2,2,1,3
202300053491,2023-09-26 07:45:00,2023,9,26,7,45,37,37233,ESTIENNE D'ORVES (RUE D'),47.38769,0.71881,Plein jour,En agglomération,Intersection en X,Normale,Deux véhicules - côté,4,2,2,0,1,1,1,0,1,50,2,2,1,0,0,1,53.0,25.0,deux_roues,voiture,1,2,2,1,3
202300053492,2023-08-25 16:00:00,2023,8,25,16,0,95,95295,D14,49.11975358,1.86050892,Plein jour,Hors agglomération,Hors intersection,Normale,Autre collision,3,3,2,0,1,1,1,0,3,110,1,1,0,0,1,0,23.0,,deux_roues,,1,1,1,1,6
202300053493,2023-03-29 19:15:00,2023,3,29,19,15,973,97302,LAFAURIE (CITE),4.93119,-52.3249,Nuit avec éclairage allumé,En agglomération,Hors intersection,Normale,Deux véhicules - côté,4,2,2,0,1,1,1,0,1,50,2,3,1,0,0,2,45.0,22.0,deux_roues,utilitaire_camion,5,2,1,1,3
202300053494,2023-12-01 18:45:00,2023,12,1,18,45,78,78640,N118,48.78123,2.222776,Nuit sans éclairage public,Hors agglomération,Hors intersection,Normale,Autre collision,2,-1,4,0,1,1,2,0,1,90,1,1,0,0,0,1,38.0,,deux_roues,,3,1,1,1,6
202300053495,2023-10-28 15:45:00,2023,10,28,15,45,77,77258,A4.W,48.83059272,2.63216178,Plein jour,Hors agglomération,Hors intersection,Pluie légère,Trois véhicules et plus - collisions multiples,1,1,5,0,1,1,1,0,1,110,3,4,3,0,0,1,39.0,38.0,voiture,voiture,1,1,1,2,5
202300053496,2023-07-14 13:30:00,2023,7,14,13,30,83,83137,A57,43.121793,5.954849,Plein jour,Hors agglomération,Hors intersection,Normale,Deux véhicules - côté,1,-1,3,0,2,1,1,0,1,70,2,2,1,0,0,1,78.0,34.0,voiture,deux_roues,1,1,1,1,3
202300053497,2023-01-02 14:00:00,2023,1,2,14,0,91,91228,AUTOROUTE A6,48.61916,2.42664,Plein jour,Hors agglomération,Hors intersection,Normale,Trois véhicules et plus - en chaîne,1,1,3,0,1,1,2,0,1,110,3,4,1,0,0,3,49.0,,voiture,voiture,1,1,1,1,4
202300053498,2023-06-10 10:27:00,2023,6,10,10,27,38,38187,D8,45.008297,5.631657,Plein jour,Hors agglomération,Hors intersection,Normale,Deux véhicules - frontale,3,2,2,0,2,2,1,0,1,80,2,3,1,0,1,1,58.0,27.0,voiture,deux_roues,1,1,1,1,1
202300053499,2023-08-24 06:00:00,2023,8,24,6,0,95,95446,D79,49.119894,2.160089,Crépuscule ou aube,Hors agglomération,Hors intersection,Normale,Autre collision,3,2,2,0,1,1,1,0,3,80,1,1,0,0,1,0,47.0,,voiture,,2,1,1,1,6
202300053500,2023-09-26 15:45:00,2023,9,26,15,45,35,35238,STATION DE METRO HENRI FREVILLE (AUX ABO,48.08794,-1.67449,Plein jour,En agglomération,Autre intersection,Normale,Autre collision,9,1,3,3,1,1,1,9,6,-1,1,2,1,0,1,0,50.0,,transport_commun,,1,2,9,1,6
202300053501,2023-10-27 19:06:00,2023,10,27,19,6,988,98818,PAPEETE (RUE DE),-22.24656,166.4446,Nuit avec éclairage allumé,En agglomération,Hors intersection,Normale,Autre collision,4,2,2,0,2,3,1,0,1,50,1,3,1,0,0,2,21.0,,utilitaire_camion,,5,2,1,1,6
202300053502,2023-02-13 19:20:00,2023,2,13,19,20,69,69386,Cours Vitton,45.77002,4.85848,Nuit avec éclairage allumé,En agglomération,Intersection en X,Normale,Deux véhicules - côté,4,2,3,2,1,1,1,0,1,30,2,2,1,0,0,1,36.0,40.0,voiture,deux_roues,5,2,2,1,3
202300053502,2023-02-13 19:20:00,2023,2,13,19,20,69,69386,Cours Vitton,45.77002,4.85848,Nuit avec éclairage allumé,En agglomération,Intersection en X,Normale,Deux véhicules - côté,4,1,1,0,1,1,1,0,1,30,2,2,1,0,0,1,36.0,40.0,voiture,deux_roues,5,2,2,1,3
202300053503,2023-05-07 08:55:00,2023,5,7,8,55,83,83148,route de lorgues - D48,43.430437,6.42168,Plein jour,Hors agglomération,Intersection en T,Normale,Autre collision,3,2,2,0,1,1,1,0,1,80,2,2,1,0,1,0,67.0,28.0,deux_roues,utilitaire_camion,1,1,3,1,6
202300053503,2023-05-07 08:55:00,2023,5,7,8,55,83,83148,route de lorgues - D48,43.430437,6.42168,Plein jour,Hors agglomération,Intersection en T,Normale,Autre collision,3,2,2,0,1,1,1,0,1,80,2,2,1,0,1,0,67.0,28.0,deux_roues,utilitaire_camion,1,1,3,1,6
202300053504,2023-11-30 19:05:00,2023,11,30,19,5,92,92048,N118,48.78695192,2.22236293,Nuit sans éclairage public,Hors agglomération,Hors intersection,Normale,Trois véhicules et plus - en chaîne,2,-1,3,0,4,1,1,0,1,110,4,4,3,0,0,1,39.0,40.0,voiture,voiture,3,1,1,1,4
202300053505,2023-07-15 11:10:00,2023,7,15,11,10,33,33013,ROUTE NATIONALE 230,44.86511,-0.5037,Plein jour,Hors agglomération,Hors intersection,Normale,Deux véhicules - arrière,2,3,6,0,2,1,1,0,1,90,2,5,2,0,1,2,29.0,57.0,voiture,utilitaire_camion,1,1,1,1,2
202300053506,2023-08-24 13:30:00,2023,8,24,13,30,2B,2B109,route départementale 80,42.738778,9.347938,Plein jour,Hors agglomération,Hors intersection,Normale,Deux véhicules - frontale,3,2,2,0,1,1,1,0,1,70,2,2,1,0,0,1,74.0,30.0,voiture,voiture,1,1,1,1,1
202300053507,2023-03-29 14:30:00,2023,3,29,14,30,69,69383,Boulevard Marius Vivier-Merle,45.7536,4.85921,Plein jour,En agglomération,Intersection en X,Normale,Deux véhicules - côté,4,1,2,2,1,1,1,0,1,50,2,2,1,0,0,1,46.0,26.0,voiture,deux_roues,1,2,2,1,3
202300053507,2023-03-29 14:30:00,2023,3,29,14,30,69,69383,Boulevard Marius Vivier-Merle,45.7536,4.85921,Plein jour,En agglomération,Intersection en X,Normale,Deux véhicules - côté,4,2,4,2,1,1,1,0,1,50,2,2,1,0,0,1,46.0,26.0,voiture,deux_roues,1,2,2,1,3
202300053508,2023-10-28 03:30:00,2023,10,28,3,30,974,97416,RN1(BRETELLE ACCES),-21.32814,55.45202,Nuit sans éclairage public,Hors agglomération,Autre intersection,Normale,Sans collision,2,2,5,0,2,3,1,3,1,90,1,1,0,0,1,0,21.0,,voiture,,3,1,9,1,7
202300053509,2023-05-08 16:07:00,2023,5,8,16,7,67,67006,D230,48.71589,7.467084,Plein jour,Hors agglomération,Hors intersection,Normale,Sans collision,3,2,2,0,1,1,1,0,8,80,1,1,0,0,1,0,89.0,,voiture,,1,1,1,1,7
202300053510,2023-06-12 12:20:00,2023,6,12,12,20,69,69050,Route Buissonniere,45.876072,4.644138,Plein jour,En agglomération,Intersection en X,Normale,Deux véhicules - frontale,3,2,4,3,1,1,1,5,1,80,2,3,2,0,0,1,32.0,20.0,voiture,voiture,1,2,2,1,1
202300053510,2023-06-12 12:20:00,2023,6,12,12,20,69,69050,Route Buissonniere,45.876072,4.644138,Plein jour,En agglomération,Intersection en X,Normale,Deux véhicules - frontale,3,2,2,0,1,1,1,0,1,80,2,3,2,0,0,1,32.0,20.0,voiture,voiture,1,2,2,1,1
202300053511,2023-02-13 16:30:00,2023,2,13,16,30,69,69081,54 Chemin de Montlouis,45.79105461,4.78664606,Plein jour,En agglomération,Hors intersection,Normale,Autre collision,4,1,1,0,2,4,1,0,1,30,1,2,1,0,0,1,61.0,,voiture,,1,2,1,1,6
202300053512,2023-11-30 17:30:00,2023,11,30,17,30,78,78206,A13,48.95544,1.937438,Nuit sans éclairage public,Hors agglomération,Hors intersection,Normale,Autre collision,1,-1,3,0,1,1,1,0,1,110,1,1,0,0,0,1,21.0,,voiture,,3,1,1,1,6
202300053513,2023-07-14 20:40:00,2023,7,14,20,40,94,94003,A6A,48.81203112,2.33668026,Plein jour,Hors agglomération,Hors intersection,Normale,Deux véhicules - arrière,1,3,3,0,4,1,1,0,1,70,2,2,1,0,0,1,44.0,42.0,deux_roues,voiture,1,1,1,1,2
202300053514,2023-01-02 07:00:00,2023,1,2,7,0,92,92050,A86,48.90887046,2.21442681,Plein jour,Hors agglomération,Hors intersection,Pluie légère,Trois véhicules et plus - en chaîne,1,1,4,0,1,1,2,1,1,70,3,3,2,0,0,1,,43.0,voiture,utilitaire_camion,1,1,1,2,4
202300053515,2023-09-26 13:00:00,2023,9,26,13,0,35,35238,FREVILLE (AVENUE HENRI),48.08376892,-1.67450577,Plein jour,En agglomération,Intersection en X,Normale,Deux véhicules - côté,4,3,3,2,1,1,1,0,1,50,2,3,1,0,0,2,22.0,38.0,voiture,voiture,1,2,2,1,3
202300053515,2023-09-26 13:00:00,2023,9,26,13,0,35,35238,FREVILLE (AVENUE HENRI),48.08376892,-1.67450577,Plein jour,En agglomération,Intersection en X,Normale,Deux véhicules - côté,4,3,4,2,1,1,1,5,1,50,2,3,1,0,0,2,22.0,38.0,voiture,voiture,1,2,2,1,3
202300053516,2023-06-11 18:25:00,2023,6,11,18,25,79,79049,,46.786805,-0.478959,Plein jour,Hors agglomération,Hors intersection,Normale,Sans collision,3,2,2,0,1,2,1,0,3,80,1,2,0,0,1,1,77.0,,voiture,,1,1,1,1,7
202300053517,2023-02-13 08:15:00,2023,2,13,8,15,69,69081,Rue du Collovrier,45.79012,4.77865,Plein jour,En agglomération,Intersection en T,Normale,Autre collision,4,2,2,2,1,1,1,0,1,30,1,2,1,0,0,1,27.0,,voiture,,1,2,3,1,6
202300053517,2023-02-13 08:15:00,2023,2,13,8,15,69,69081,Rue du Collovrier,45.79012,4.77865,Plein jour,En agglomération,Intersection en T,Normale,Autre collision,4,1,1,2,1,1,1,0,1,30,1,2,1,0,0,1,27.0,,voiture,,1,2,3,1,6
202300053518,2023-05-09 08:30:00,2023,5,9,8,30,974,97414,route nationale 1005,-21.254542,55.458952,Plein jour,Hors agglomération,Hors intersection,Normale,Autre collision,2,2,2,0,2,1,1,0,1,-1,2,3,2,0,0,1,32.0,35.0,voiture,deux_roues,1,1,1,1,6
202300053519,2023-01-02 10:45:00,2023,1,2,10,45,95,95572, A15,49.03104977,2.12143421,Plein jour,Hors agglomération,Hors intersection,Pluie légère,Autre collision,1,3,6,0,2,2,2,0,1,90,1,1,0,0,0,1,49.0,,utilitaire_camion,,1,1,1,2,6
202300053520,2023-10-27 08:30:00,2023,10,27,8,30,974,97411,PARIS (RUE DE),-20.8821,55.4498,Plein jour,En agglomération,Intersection en X,Normale,Trois véhicules et plus - collisions multiples,4,1,2,0,1,1,1,0,1,50,3,3,2,0,0,1,59.0,37.0,voiture,voiture,1,2,2,1,5
202300053520,2023-10-27 08:30:00,2023,10,27,8,30,974,97411,PARIS (RUE DE),-20.8821,55.4498,Plein jour,En agglomération,Intersection en X,Normale,Trois véhicules et plus - collisions multiples,4,2,3,0,1,1,1,0,1,50,3,3,2,0,0,1,59.0,37.0,voiture,voiture,1,2,2,1,5
202300053521,2023-03-29 11:10:00,2023,3,29,11,10,69,69387,174 Avenue Jean Jaurès,45.73796224,4.83759834,Plein jour,En agglomération,Intersection en X,Normale,Autre collision,4,2,2,3,1,1,1,0,1,30,1,2,1,0,0,1,28.0,,voiture,,1,2,2,1,6
202300053521,2023-03-29 11:10:00,2023,3,29,11,10,69,69387,174 Avenue Jean Jaurès,45.73796224,4.83759834,Plein jour,En agglomération,Intersection en X,Normale,Autre collision,4,2,2,2,1,1,1,0,1,30,1,2,1,0,0,1,28.0,,voiture,,1,2,2,1,6
202300053522,2023-05-06 12:30:00,2023,5,6,12,30,34,34289,RD18,43.393541,3.409753,Plein jour,Hors agglomération,Intersection en X,Normale,Deux véhicules - côté,3,2,2,0,1,1,1,0,1,80,2,2,1,0,0,1,15.0,69.0,deux_roues,voiture,1,1,2,1,3
202300053522,2023-05-06 12:30:00,2023,5,6,12,30,34,34289,RD18,43.393541,3.409753,Plein jour,Hors agglomération,Intersection en X,Normale,Deux véhicules - côté,3,2, -1,-1,1,1,1,0,1,-1,2,2,1,0,0,1,15.0,69.0,deux_roues,voiture,1,1,2,1,3
202300053523,2023-07-15 02:15:00,2023,7,15,2,15,78,78158,A13,48.832421,2.138802,Nuit sans éclairage public,Hors agglomération,Hors intersection,Normale,Deux véhicules - arrière,1,1,4,0,1,1,1,0,1,110,2,4,3,0,0,1,26.0,24.0,voiture,voiture,3,1,1,1,2
202300053524,2023-06-11 17:15:00,2023,6,11,17,15,33,33439,Lieu Dit le Page,45.114776,-0.414074,Plein jour,Hors agglomération,Hors intersection,Normale,Autre collision,3,2,2,0,1,1,1,0,3,80,1,1,0,0,1,0,45.0,,utilitaire_camion,,1,1,1,1,6
202300053525,2023-11-30 14:45:00,2023,11,30,14,45,92,92025,A86,48.92210032,2.22649712,Plein jour,Hors agglomération,Hors intersection,Normale,Trois véhicules et plus - en chaîne,1,-1,2,0,1,1,1,0,1,70,3,3,2,0,0,1,43.0,30.0,voiture,voiture,1,1,1,1,4
202300053526,2023-09-25 19:20:00,2023,9,25,19,20,34,34172,LODEVE (AVENUE DE,43.61029,3.85443,Plein jour,En agglomération,Intersection en T,Normale,Deux véhicules - côté,4,1,2,0,3,3,1,0,1,50,2,2,1,0,1,0,25.0,15.0,voiture,deux_roues,1,2,3,1,3
202300053526,2023-09-25 19:20:00,2023,9,25,19,20,34,34172,LODEVE (AVENUE DE,43.61029,3.85443,Plein jour,En agglomération,Intersection en T,Normale,Deux véhicules - côté,4,2,6,1,1,1,1,0,1,50,2,2,1,0,1,0,25.0,15.0,voiture,deux_roues,1,2,3,1,3
202300053527,2023-01-02 09:30:00,2023,1,2,9,30,95,95277,A3,48.97313,2.48527,Plein jour,Hors agglomération,Hors intersection,Pluie légère,Autre collision,1,1,2,0,2,3,2,0,1,50,1,1,0,0,0,1,51.0,,voiture,,1,1,1,2,6
202300053528,2023-08-25 07:45:00,2023,8,25,7,45,08,08136,RN58,49.704778,5.009336,Plein jour,Hors agglomération,Hors intersection,Pluie forte,Autre collision,2,3,2,0,3,2,3,0,3,110,1,1,0,0,0,1,21.0,,voiture,,1,1,1,3,6
202300053529,2023-02-13 14:04:00,2023,2,13,14,4,2B,2B120,IMPERIALE (Route) D464 ,42.64068,9.43263,Plein jour,En agglomération,Intersection en T,Normale,Deux véhicules - côté,3,2,2,0,1,1,1,0,1,50,2,2,1,0,0,1,15.0,57.0,deux_roues,voiture,1,2,3,1,3
202300053529,2023-02-13 14:04:00,2023,2,13,14,4,2B,2B120,IMPERIALE (Route) D464 ,42.64068,9.43263,Plein jour,En agglomération,Intersection en T,Normale,Deux véhicules - côté,3,2,2,0,2,1,1,0,8,50,2,2,1,0,0,1,15.0,57.0,deux_roues,voiture,1,2,3,1,3
202300053530,2023-10-27 06:15:00,2023,10,27,6,15,974,97411,RAMBAUD (LEOPOLD),-20.88583,55.47486,Plein jour,En agglomération,Hors intersection,Normale,Deux véhicules - arrière,2,1,3,0,1,1,1,0,1,50,2,3,2,0,1,0,55.0,38.0,voiture,deux_roues,1,2,1,1,2
202300053531,2023-03-29 17:46:00,2023,3,29,17,46,972,97213,ROUTE DEPARTEMENTALE 15,14.60881,-61.00497,Plein jour,Hors agglomération,Hors intersection,Normale,Deux véhicules - côté,4,2,4,0,1,1,1,0,1,50,2,2,1,0,0,1,33.0,35.0,deux_roues,deux_roues,1,1,1,1,3
202300053532,2023-05-09 07:40:00,2023,5,9,7,40,84,84099,Route des Taillades,43.841925,5.096819,Plein jour,Hors agglomération,Hors intersection,Normale,Trois véhicules et plus - collisions multiples,3,2,2,0,1,3,1,0,1,80,3,5,4,0,1,0,17.0,49.0,deux_roues,voiture,1,1,1,1,5
202300053533,2023-06-11 09:20:00,2023,6,11,9,20,49,49021,Route des Bois d?Anjou,47.454065,-0.198784,Plein jour,Hors agglomération,Hors intersection,Normale,Deux véhicules - côté,3,2,2,0,1,1,1,0,1,80,2,2,1,0,1,0,84.0,47.0,voiture,deux_roues,1,1,1,1,3
202300053534,2023-08-24 11:05:00,2023,8,24,11,5,67,67368,10 Rue Dreistein,48.464239,7.414283,Plein jour,En agglomération,Hors intersection,Temps éblouissant,Sans collision,4,2,2,0,2,1,1,0,1,30,1,1,0,0,1,0,66.0,,deux_roues,,1,2,1,7,7
202300053535,2023-07-14 09:36:00,2023,7,14,9,36,78,78362,A13,48.97567,1.72373,Plein jour,Hors agglomération,Hors intersection,Normale,Trois véhicules et plus - en chaîne,1,2,3,0,1,1,1,0,1,110,3,6,5,0,0,1,28.0,63.0,voiture,voiture,1,1,1,1,4
202300053536,2023-12-01 00:05:00,2023,12,1,0,5,95,95212,A1,49.02672191,2.53714234,Nuit avec éclairage allumé,Hors agglomération,Hors intersection,Normale,Autre collision,1,3,6,0,1,1,1,1,8,110,1,4,1,0,0,3,,,voiture,,5,1,1,1,6
202300053537,2023-09-23 03:24:00,2023,9,23,3,24,30,30189,Route d'Avignon,43.8537,4.4014,Nuit avec éclairage allumé,En agglomération,Intersection en T,Normale,Sans collision,4,2,4,0,1,3,1,0,1,50,1,2,0,2,0,0,27.0,,voiture,,5,2,3,1,7
202300053537,2023-09-23 03:24:00,2023,9,23,3,24,30,30189,Route d'Avignon,43.8537,4.4014,Nuit avec éclairage allumé,En agglomération,Intersection en T,Normale,Sans collision,4,1,1,0,1,1,1,0,1,50,1,2,0,2,0,0,27.0,,voiture,,5,2,3,1,7
202300053538,2023-01-01 12:30:00,2023,1,1,12,30,974,97416,THOREZ (CHEMIN MAURICE),-21.2764,55.4684,Plein jour,Hors agglomération,Hors intersection,Normale,Deux véhicules - frontale,3,2,0,0,2,4,1,0,1,70,2,4,1,0,0,3,47.0,24.0,voiture,voiture,1,1,1,1,1
202300053539,2023-02-13 06:00:00,2023,2,13,6,0,95,95585,GARGES (ROUTE DE),48.98881632,2.37801701,Nuit sans éclairage public,En agglomération,Hors intersection,Temps couvert,Autre collision,4,2,2,0,1,2,1,0,4,30,1,2,1,0,0,1,,,utilitaire_camion,,3,2,1,8,6
202300053540,2023-05-08 17:50:00,2023,5,8,17,50,42,42242,14 Route du 3 Juillet 1867,45.541965,4.641048,Plein jour,En agglomération,Hors intersection,Normale,Deux véhicules - frontale,7,3,2,0,2,2,1,0,1,50,2,2,1,0,0,1,25.0,34.0,deux_roues,utilitaire_camion,1,2,1,1,1
202300053541,2023-08-25 10:11:00,2023,8,25,10,11,03,03201,les rocs gaillards,46.114978,3.63861,Plein jour,Hors agglomération,Hors intersection,Pluie légère,Autre collision,3,2,2,0,1,3,2,0,3,90,1,1,0,0,1,0,70.0,,voiture,,1,1,1,2,6
202300053542,2023-03-29 14:50:00,2023,3,29,14,50,972,97209,ROUTE DEPARTEMENTALE 15 A,14.61046,-61.0462,Plein jour,En agglomération,Hors intersection,Normale,Autre collision,4,2,2,0,1,1,1,0,1,50,1,2,1,0,0,1,52.0,,voiture,,1,2,1,1,6
202300053543,2023-10-27 08:20:00,2023,10,27,8,20,974,97407,ELUARD(RUE),-20.9356,55.30399,Plein jour,En agglomération,Hors intersection,Normale,Deux véhicules - frontale,4,1,1,0,1,1,1,0,1,50,2,2,1,0,1,0,20.0,20.0,deux_roues,voiture,1,2,1,1,1
202300053544,2023-07-15 01:15:00,2023,7,15,1,15,93,93005,AUTOROUTE A104,48.97275,2.49336,Nuit sans éclairage public,Hors agglomération,Hors intersection,Normale,Deux véhicules - arrière,1,3,3,0,1,1,1,0,1,90,2,2,1,0,0,1,32.0,26.0,deux_roues,voiture,3,1,1,1,2
202300053545,2023-06-11 11:20:00,2023,6,11,11,20,61,61341,D26,48.494134,0.068836,Plein jour,Hors agglomération,Hors intersection,Normale,Deux véhicules - arrière,3,2,2,0,2,1,1,0,1,90,2,2,1,0,0,1,,47.0,voiture,deux_roues,1,1,1,1,2
202300053546,2023-09-25 15:50:00,2023,9,25,15,50,29,29232,Avenue de Keradennec,47.97608798,-4.07476366,Plein jour,En agglomération,Hors intersection,Normale,Autre collision,4,2,2,0,1,1,1,0,1,50,1,1,0,0,1,0,80.0,,voiture,,1,2,1,1,6
202300053547,2023-12-01 21:05:00,2023,12,1,21,5,94,94028,A86,48.80172654,2.44741443,Nuit sans éclairage public,Hors agglomération,Hors intersection,Normale,Deux véhicules - côté,1,1,2,0,1,1,1,0,1,90,2,2,1,0,0,1,36.0,48.0,deux_roues,voiture,3,1,1,1,3
202300053548,2023-08-16 08:45:00,2023,8,16,8,45,73,73303,D1508 - 820 Route d'annecy,45.74947846,6.41085441,Plein jour,En agglomération,Hors intersection,Normale,Autre collision,3,2,2,0,1,1,1,0,1,50,1,2,1,0,0,1,54.0,,voiture,,1,2,1,1,6
202300053549,2023-01-01 05:15:00,2023,1,1,5,15,974,97416,RN03,-21.32297,55.48223,Plein jour,Hors agglomération,Hors intersection,Normale,Autre collision,2,2,4,0,2,1,1,0,1,110,1,2,1,1,0,0,36.0,,utilitaire_camion,,1,1,1,1,6
202300053550,2023-07-14 22:10:00,2023,7,14,22,10,93,93027,AUTOROUTE A86,48.92669333,2.40380852,Nuit sans éclairage public,Hors agglomération,Hors intersection,Normale,Deux véhicules - arrière,1,3,8,0,1,1,1,0,1,90,2,3,1,0,0,2,26.0,30.0,utilitaire_camion,voiture,3,1,1,1,2
202300053551,2023-02-13 08:20:00,2023,2,13,8,20,91,91114,RPT DU DONJON,48.70063,2.50581,Plein jour,En agglomération,Giratoire,Normale,Autre collision,4,1,1,0,2,1,1,0,1,50,1,2,1,0,0,1,38.0,,voiture,,1,2,6,1,6
202300053551,2023-02-13 08:20:00,2023,2,13,8,20,91,91114,RPT DU DONJON,48.70063,2.50581,Plein jour,En agglomération,Giratoire,Normale,Autre collision,4,1,1,1,2,1,1,0,1,50,1,2,1,0,0,1,38.0,,voiture,,1,2,6,1,6
202300053552,2023-05-09 17:30:00,2023,5,9,17,30,60,60385,Rue de Meaux,49.153857,3.111046,Plein jour,En agglomération,Hors intersection,Temps couvert,Deux véhicules - frontale,3,2,2,0,2,3,2,0,1,50,2,3,2,0,0,1,37.0,29.0,voiture,voiture,1,2,1,8,1
202300053553,2023-10-27 14:40:00,2023,10,27,14,40,973,97302,MERE THERESA (rue),4.92210298,-52.31259629,Plein jour,En agglomération,Intersection en T,Normale,Deux véhicules - côté,4,-1,2,0,1,1,1,0,1,50,2,2,1,0,0,1,46.0,18.0,deux_roues,voiture,1,2,3,1,3
202300053553,2023-10-27 14:40:00,2023,10,27,14,40,973,97302,MERE THERESA (rue),4.92210298,-52.31259629,Plein jour,En agglomération,Intersection en T,Normale,Deux véhicules - côté,4,2,2,0,1,1,1,0,1,50,2,2,1,0,0,1,46.0,18.0,deux_roues,voiture,1,2,3,1,3
202300053554,2023-03-28 10:54:00,2023,3,28,10,54,972,97213,BOIS CARRE (RUE DU),14.62838,-60.99339,Plein jour,Hors agglomération,Hors intersection,Normale,Deux véhicules - côté,4,2,2,0,1,3,1,0,1,60,2,2,1,0,0,1,18.0,35.0,deux_roues,utilitaire_camion,1,1,1,1,3
202300053555,2023-08-24 22:00:00,2023,8,24,22,0,42,42296,Route de Lyon,45.734006,4.280468,Nuit sans éclairage public,Hors agglomération,Hors intersection,Normale,Sans collision,3,2,2,0,1,1,1,0,3,80,1,2,0,0,0,2,35.0,,voiture,,3,1,1,1,7
202300053556,2023-01-01 06:45:00,2023,1,1,6,45,974,97411,LITTORAL (ROUTE 2 DU),-20.87582,55.41795,Crépuscule ou aube,Hors agglomération,Hors intersection,Normale,Autre collision,2,1,4,0,1,1,1,0,1,90,1,2,0,0,0,2,32.0,,voiture,,2,1,1,1,6
202300053557,2023-06-08 17:45:00,2023,6,8,17,45,14,14068,10 Rue du Général de Gaulle,49.239762,-0.3268,Plein jour,En agglomération,Intersection en T,Normale,Deux véhicules - côté,3,2,2,0,1,1,1,0,1,30,2,2,1,0,1,0,56.0,20.0,voiture,deux_roues,1,2,3,1,3
202300053557,2023-06-08 17:45:00,2023,6,8,17,45,14,14068,10 Rue du Général de Gaulle,49.239762,-0.3268,Plein jour,En agglomération,Intersection en T,Normale,Deux véhicules - côté,3,2,2,0,1,1,1,0,1,-1,2,2,1,0,1,0,56.0,20.0,voiture,deux_roues,1,2,3,1,3
202300053558,2023-07-15 11:10:00,2023,7,15,11,10,94,94017,A4,48.82844169,2.50273164,Plein jour,Hors agglomération,Hors intersection,Normale,Deux véhicules - côté,1,3,10,0,1,1,1,1,1,90,2,2,1,0,0,1,35.0,24.0,deux_roues,utilitaire_camion,1,1,1,1,3
202300053559,2023-02-14 01:15:00,2023,2,14,1,15,91,91027,RUE DE LA VOIE VERTE,48.69945,2.36038,Nuit avec éclairage allumé,En agglomération,Intersection à plus de 4 branches,Normale,Sans collision,4,1,1,0,1,1,1,0,8,50,1,1,0,0,0,1,17.0,,voiture,,5,2,5,1,7
202300053559,2023-02-14 01:15:00,2023,2,14,1,15,91,91027,RUE DE LA VOIE VERTE,48.69945,2.36038,Nuit avec éclairage allumé,En agglomération,Intersection à plus de 4 branches,Normale,Sans collision,4,2,2,0,1,1,1,0,8,50,1,1,0,0,0,1,17.0,,voiture,,5,2,5,1,7
202300053560,2023-10-27 14:53:00,2023,10,27,14,53,69,69383,156 Rue Garibaldi,45.76274,4.85165,Plein jour,En agglomération,Hors intersection,Normale,Autre collision,4,1,3,3,1,1,1,0,1,50,1,3,2,0,0,1,26.0,,voiture,,1,2,1,1,6