accident_id,datetime,annee,mois,jour,heure,minute,departement,commune_insee,adresse,latitude,longitude,luminosite,agglomeration,intersection,meteo,collision,catr,circ,nbv,vosp,prof,plan,surf,infra,situ,vma,nb_vehicules,nb_usagers,nb_indemnes,nb_tues,nb_blesses_hosp,nb_blesses_legers,age_cond_1,age_cond_2,veh_type_cond_1,veh_type_cond_2,lum_code,agg_code,int_code,atm_code,col_code
202300053561,2023-05-09 13:30:00,2023,5,9,13,30,83,83019,D98,43.149908,6.296014,Plein jour,Hors agglomération,Hors intersection,Normale,Deux véhicules - frontale,3,2,2,1,2,2,1,0,1,70,2,3,0,2,1,0,83.0,57.0,voiture,voiture,1,1,1,1,1
202300053562,2023-12-01 11:30:00,2023,12,1,11,30,94,94017,A4,48.82676199,2.51252339,Plein jour,Hors agglomération,Hors intersection,Normale,Trois véhicules et plus - en chaîne,1,3,4,0,1,1,1,0,1,90,4,4,2,0,0,2,29.0,26.0,voiture,voiture,1,1,1,1,4
202300053563,2023-03-29 13:30:00,2023,3,29,13,30,972,97209,REDOUTE (ROUTE DE LA),14.63601,-61.05587,Plein jour,Hors agglomération,Hors intersection,Normale,Deux véhicules - frontale,2,-1,2,0,1,3,1,0,1,50,2,2,1,0,0,1,73.0,68.0,voiture,voiture,1,1,1,1,1
202300053564,2023-08-24 22:47:00,2023,8,24,22,47,69,69204,6 Rue Marc Riboud,45.696236,4.797201,Nuit avec éclairage allumé,En agglomération,Hors intersection,Normale,Deux véhicules - côté,4,2,2,2,2,1,1,0,1,50,2,2,1,0,0,1,25.0,43.0,voiture,utilitaire_camion,5,2,1,1,3
202300053565,2023-01-01 18:45:00,2023,1,1,18,45,972,97213,ROUTE DEPARTEMENTALE 3,14.64169,-60.99133,Nuit sans éclairage public,Hors agglomération,Hors intersection,Normale,Deux véhicules - frontale,3,2,2,0,2,2,1,0,1,70,2,2,0,0,0,2,66.0,64.0,voiture,utilitaire_camion,3,1,1,1,1
202300053566,2023-09-26 08:25:00,2023,9,26,8,25,25,25056,OUEST BOULEVARD,47.21375,5.98814,Plein jour,Hors agglomération,Hors intersection,Normale,Trois véhicules et plus - collisions multiples,2,2,2,0,1,2,1,0,1,70,3,3,2,0,0,1,50.0,32.0,voiture,voiture,1,1,1,1,5
202300053567,2023-06-09 17:00:00,2023,6,9,17,0,57,57356,D15,49.4388221,6.09352827,Plein jour,Hors agglomération,Hors intersection,Normale,Trois véhicules et plus - collisions multiples,3,2,2,0,2,1,1,0,1,80,3,3,1,0,1,1,31.0,,deux_roues,voiture,1,1,1,1,5
202300053568,2023-02-13 16:55:00,2023,2,13,16,55,91,91174,RUE CHARLES ROBIN,48.61595,2.4659,Plein jour,En agglomération,Intersection en X,Normale,Autre collision,4,1,1,0,1,1,1,0,1,50,1,2,1,0,0,1,52.0,,voiture,,1,2,2,1,6
202300053568,2023-02-13 16:55:00,2023,2,13,16,55,91,91174,RUE CHARLES ROBIN,48.61595,2.4659,Plein jour,En agglomération,Intersection en X,Normale,Autre collision,4,2,2,0,1,1,1,0,1,50,1,2,1,0,0,1,52.0,,voiture,,1,2,2,1,6
202300053569,2023-07-15 10:10:00,2023,7,15,10,10,77,77121,A4,48.831449,2.679535,Plein jour,Hors agglomération,Hors intersection,Normale,Trois véhicules et plus - en chaîne,1,3,3,0,1,1,1,0,1,110,4,4,3,0,0,1,23.0,19.0,voiture,voiture,1,1,1,1,4
202300053570,2023-10-27 12:37:00,2023,10,27,12,37,69,69387,Rue d'Anvers,45.7497,4.84265,Plein jour,En agglomération,Intersection en X,Normale,Deux véhicules - côté,4,1,1,2,1,1,1,0,1,30,2,2,1,0,0,1,21.0,74.0,deux_roues,voiture,1,2,2,1,3
202300053570,2023-10-27 12:37:00,2023,10,27,12,37,69,69387,Rue d'Anvers,45.7497,4.84265,Plein jour,En agglomération,Intersection en X,Normale,Deux véhicules - côté,4,1,1,2,1,1,1,0,1,30,2,2,1,0,0,1,21.0,74.0,deux_roues,voiture,1,2,2,1,3
202300053571,2023-11-24 18:00:00,2023,11,24,18,0,24,24037,PETIT SOL (RUE DU),44.85702,0.48464,Nuit avec éclairage allumé,En agglomération,Hors intersection,Pluie légère,Autre collision,6,-1,0,0,1,1,2,9,8,30,1,2,1,0,0,1,,,voiture,,5,2,1,2,6
202300053572,2023-08-25 05:00:00,2023,8,25,5,0,44,44073,11 Rue  Anne de Bretagne,47.403284,-1.647783,Nuit sans éclairage public,Hors agglomération,Hors intersection,Normale,Deux véhicules - frontale,3,2,2,0,1,1,1,0,1,50,2,2,1,0,1,0,18.0,44.0,deux_roues,voiture,3,1,1,1,1
202300053573,2023-01-01 12:45:00,2023,1,1,12,45,972,97209,CHATEAUBOEUF (ROUTE DE),14.61649,-61.04969,Plein jour,En agglomération,Hors intersection,Normale,Sans collision,4,-1,2,0,1,1,1,0,1,50,1,1,0,0,0,1,32.0,,voiture,,1,2,1,1,7
202300053574,2023-06-08 18:30:00,2023,6,8,18,30,59,59481,D934,50.23478974,3.63808393,Plein jour,Hors agglomération,Hors intersection,Normale,Sans collision,3,2,2,0,1,2,1,0,8,80,1,1,0,0,1,0,23.0,,voiture,,1,1,1,1,7
202300053575,2023-05-08 11:45:00,2023,5,8,11,45,85,85109,RD23,46.8362,-1.00402,Plein jour,Hors agglomération,Hors intersection,Normale,Sans collision,3,2,2,0,1,1,1,0,1,70,1,1,0,0,1,0,62.0,,deux_roues,,1,1,1,1,7
202300053576,2023-03-29 08:55:00,2023,3,29,8,55,972,97209,BISHOP (Avenue Maurice),14.60416,-61.0609,Plein jour,En agglomération,Giratoire,Normale,Deux véhicules - côté,2,2,4,0,1,1,1,0,1,50,2,4,1,0,0,3,64.0,56.0,transport_commun,voiture,1,2,6,1,3
202300053576,2023-03-29 08:55:00,2023,3,29,8,55,972,97209,BISHOP (Avenue Maurice),14.60416,-61.0609,Plein jour,En agglomération,Giratoire,Normale,Deux véhicules - côté,2,2,6,0,1,1,1,0,1,50,2,4,1,0,0,3,64.0,56.0,transport_commun,voiture,1,2,6,1,3
202300053577,2023-08-25 03:20:00,2023,8,25,3,20,50,50601,Route la Castellière - Giéville,49.014839,-0.972848,Nuit sans éclairage public,En agglomération,Hors intersection,Normale,Deux véhicules - frontale,3,2,2,0,1,1,1,0,1,50,2,2,0,0,0,2,34.0,42.0,voiture,voiture,3,2,1,1,1
202300053578,2023-09-25 11:07:00,2023,9,25,11,7,15,15014,DOCTEUR CHANAL (RUE DU),44.93889,2.4568,Plein jour,En agglomération,Hors intersection,Normale,Autre collision,4,2,2,0,1,2,1,0,4,50,1,1,0,0,1,0,18.0,,deux_roues,,1,2,1,1,6
202300053579,2023-03-17 14:40:00,2023,3,17,14,40,974,97414,Rue du Père Laporte,-21.266506,55.441562,Plein jour,En agglomération,Hors intersection,Normale,Deux véhicules - frontale,4,2,2,0,4,3,1,0,1,50,2,5,3,0,0,2,18.0,25.0,deux_roues,voiture,1,2,1,1,1
202300053580,2023-10-27 07:15:00,2023,10,27,7,15,972,97209,REDOUTE (ROUTE DE LA),14.62225,-61.06043,Plein jour,En agglomération,Hors intersection,Temps couvert,Deux véhicules - côté,2,2,2,0,2,1,1,0,1,50,2,3,1,0,0,2,36.0,71.0,deux_roues,voiture,1,2,1,8,3
202300053581,2023-03-13 03:30:00,2023,3,13,3,30,971,97120,CHEMIN NEUF,16.23221823,-61.53158069,Nuit avec éclairage allumé,Hors agglomération,Giratoire,Normale,Sans collision,4,-1,0,0,1,2,1,9,8,50,1,1,0,0,0,1,34.0,,deux_roues,,5,1,6,1,7
202300053582,2023-06-09 11:25:00,2023,6,9,11,25,59,59482,rue foch,50.712399,3.001021,Plein jour,En agglomération,Hors intersection,Normale,Autre collision,7,2,2,0,1,1,1,0,1,30,1,2,1,0,1,0,20.0,,voiture,,1,2,1,1,6
202300053583,2023-01-01 21:47:00,2023,1,1,21,47,2A,2A004,NAPOLEON COURS APRES BEVERINI,41.93212342,8.74060285,Nuit avec éclairage allumé,En agglomération,Intersection en Y,Normale,Deux véhicules - côté,2,1, -1,-1,1,1,1,0,1,-1,2,2,1,0,0,1,22.0,22.0,voiture,voiture,5,2,4,1,3
202300053583,2023-01-01 21:47:00,2023,1,1,21,47,2A,2A004,NAPOLEON COURS APRES BEVERINI,41.93212342,8.74060285,Nuit avec éclairage allumé,En agglomération,Intersection en Y,Normale,Deux véhicules - côté,2,1,3,0,1,1,1,0,1,50,2,2,1,0,0,1,22.0,22.0,voiture,voiture,5,2,4,1,3
202300053584,2023-02-11 18:00:00,2023,2,11,18,0,87,87085,TURGOT,45.83132,1.25609,Plein jour,En agglomération,Intersection en T,Normale,Trois véhicules et plus - en chaîne,4,1,1,3,1,1,1,0,1,30,3,3,1,0,0,2,20.0,18.0,deux_roues,deux_roues,1,2,3,1,4
202300053584,2023-02-11 18:00:00,2023,2,11,18,0,87,87085,TURGOT,45.83132,1.25609,Plein jour,En agglomération,Intersection en T,Normale,Trois véhicules et plus - en chaîne,4,2,2,0,2,1,1,0,1,30,3,3,1,0,0,2,20.0,18.0,deux_roues,deux_roues,1,2,3,1,4
202300053585,2023-08-21 07:00:00,2023,8,21,7,0,35,35360,Rd 178,48.136824,-1.210685,Plein jour,Hors agglomération,Giratoire,Normale,Autre collision,3,1,1,0,1,2,1,0,1,80,1,1,0,0,1,0,66.0,,utilitaire_camion,,1,1,6,1,6
202300053586,2023-11-29 18:00:00,2023,11,29,18,0,988,98818,RUE JACQUES IEKAWE,-22.23558,166.47659,Crépuscule ou aube,En agglomération,Intersection en T,Normale,Deux véhicules - côté,4,2,2,0,1,1,1,0,1,50,2,4,3,0,0,1,59.0,40.0,deux_roues,voiture,2,2,3,1,3
202300053586,2023-11-29 18:00:00,2023,11,29,18,0,988,98818,RUE JACQUES IEKAWE,-22.23558,166.47659,Crépuscule ou aube,En agglomération,Intersection en T,Normale,Deux véhicules - côté,4,1,2,0,1,1,1,0,1,50,2,4,3,0,0,1,59.0,40.0,deux_roues,voiture,2,2,3,1,3
202300053587,2023-07-14 08:30:00,2023,7,14,8,30,973,97302,BADUEL (ROUTE DE),4.93896331,-52.31790572,Plein jour,En agglomération,Autre intersection,Normale,Deux véhicules - arrière,3,-1,2,0,1,1,1,9,1,50,2,2,1,0,0,1,26.0,64.0,voiture,autre,1,2,9,1,2
202300053588,2023-05-08 15:15:00,2023,5,8,15,15,62,62113,D939,50.34934865,2.53718004,Plein jour,Hors agglomération,Intersection en T,Normale,Trois véhicules et plus - en chaîne,3,2,2,0,1,1,1,0,1,80,3,3,1,0,1,1,41.0,62.0,utilitaire_camion,voiture,1,1,3,1,4
202300053588,2023-05-08 15:15:00,2023,5,8,15,15,62,62113,D939,50.34934865,2.53718004,Plein jour,Hors agglomération,Intersection en T,Normale,Trois véhicules et plus - en chaîne,3,2, -1,-1,1,1,1,0,1,80,3,3,1,0,1,1,41.0,62.0,utilitaire_camion,voiture,1,1,3,1,4
202300053589,2023-09-26 11:00:00,2023,9,26,11,0,13,13117,PADOVANI ( AVE ),43.43461,5.26061,Plein jour,En agglomération,Hors intersection,Normale,Deux véhicules - arrière,4,2,2,0,1,1,1,0,1,50,2,2,1,0,0,1,23.0,60.0,voiture,voiture,1,2,1,1,2
202300053590,2023-03-29 12:00:00,2023,3,29,12,0,2A,2A004,NAPOLEON COURS AVANT BEVERINI,41.9217,8.73722,Plein jour,En agglomération,Hors intersection,Normale,Autre collision,2,-1,2,0,1,1,1,0,1,50,1,2,1,0,0,1,73.0,,voiture,,1,2,1,1,6
202300053591,2023-10-27 19:51:00,2023,10,27,19,51,2B,2B037,TOUTES RUES,42.62386,9.43686,Nuit avec éclairage non allumé,Hors agglomération,Hors intersection,Normale,Deux véhicules - côté,2,1,2,0,1,1,1,0,1,70,2,3,1,0,0,2,21.0,18.0,voiture,voiture,4,1,1,1,3
202300053592,2023-11-29 08:30:00,2023,11,29,8,30,974,97416,BOEUF(CHEMIN),-21.2885,55.46664,Plein jour,Hors agglomération,Hors intersection,Normale,Sans collision,4,2,2,0,2,1,1,0,1,50,1,1,0,0,0,1,23.0,,deux_roues,,1,1,1,1,7
202300053593,2023-01-01 12:40:00,2023,1,1,12,40,83,83069,DECUGIS (AVENUE ALFRED),43.11645,6.14649,Plein jour,En agglomération,Giratoire,Normale,Deux véhicules - côté,4,1,2,0,1,1,1,0,1,50,2,2,1,0,0,1,15.0,76.0,deux_roues,voiture,1,2,6,1,3
202300053593,2023-01-01 12:40:00,2023,1,1,12,40,83,83069,DECUGIS (AVENUE ALFRED),43.11645,6.14649,Plein jour,En agglomération,Giratoire,Normale,Deux véhicules - côté,4,-1,2,0,1,1,1,0,1,50,2,2,1,0,0,1,15.0,76.0,deux_roues,voiture,1,2,6,1,3
202300053594,2023-07-14 00:30:00,2023,7,14,0,30,971,97120,BLANCHARD,16.22378,-61.52628,Nuit avec éclairage allumé,En agglomération,Autre intersection,Normale,Deux véhicules - arrière,9,2,8,0,1,3,1,9,1,50,2,3,0,0,0,3,39.0,39.0,voiture,voiture,5,2,9,1,2
202300053595,2023-05-08 19:47:00,2023,5,8,19,47,62,62909,D18,50.063236,2.992444,Plein jour,En agglomération,Intersection en T,Normale,Sans collision,3,2,2,0,1,1,1,0,1,50,1,1,0,0,0,1,36.0,,deux_roues,,1,2,3,1,7
202300053595,2023-05-08 19:47:00,2023,5,8,19,47,62,62909,D18,50.063236,2.992444,Plein jour,En agglomération,Intersection en T,Normale,Sans collision,3,2,2,0,1,1,1,0,8,50,1,1,0,0,0,1,36.0,,deux_roues,,1,2,3,1,7
202300053596,2023-06-11 17:20:00,2023,6,11,17,20,13,13214,A507 sens Marseille - Aubagne,43.33242542,5.38583279,Plein jour,Hors agglomération,Hors intersection,Normale,Trois véhicules et plus - en chaîne,1,1,3,0,1,1,1,1,1,70,3,4,1,0,0,3,42.0,46.0,voiture,voiture,1,1,1,1,4
202300053597,2023-02-13 18:00:00,2023,2,13,18,0,81,81004,SAPINS (CHEM DES),43.93099,2.18817,Plein jour,En agglomération,Intersection en X,Normale,Deux véhicules - côté,4,2,2,0,1,1,1,0,1,50,2,3,1,0,0,2,74.0,45.0,voiture,utilitaire_camion,1,2,2,1,3
202300053597,2023-02-13 18:00:00,2023,2,13,18,0,81,81004,SAPINS (CHEM DES),43.93099,2.18817,Plein jour,En agglomération,Intersection en X,Normale,Deux véhicules - côté,4,2,2,0,1,1,1,0,1,50,2,3,1,0,0,2,74.0,45.0,voiture,utilitaire_camion,1,2,2,1,3
202300053598,2023-10-13 23:10:00,2023,10,13,23,10,971,97107,FLAMBOYANTS ( ALLEE DES ),16.0516,-61.5639,Nuit avec éclairage allumé,En agglomération,Intersection en T,Normale,Sans collision,3,2,2,0,1,1,1,0,1,50,1,1,0,0,0,1,33.0,,deux_roues,,5,2,3,1,7
202300053598,2023-10-13 23:10:00,2023,10,13,23,10,971,97107,FLAMBOYANTS ( ALLEE DES ),16.0516,-61.5639,Nuit avec éclairage allumé,En agglomération,Intersection en T,Normale,Sans collision,3,2,2,0,1,1,1,0,1,50,1,1,0,0,0,1,33.0,,deux_roues,,5,2,3,1,7
202300053599,2023-09-26 14:30:00,2023,9,26,14,30,13,13002,VATERSTETTEN (AVENUE DE),43.35438,5.48498,Plein jour,En agglomération,Giratoire,Normale,Deux véhicules - frontale,3,2,2,0,1,1,1,0,1,50,2,2,0,0,0,2,69.0,21.0,voiture,voiture,1,2,6,1,1
202300053599,2023-09-26 14:30:00,2023,9,26,14,30,13,13002,VATERSTETTEN (AVENUE DE),43.35438,5.48498,Plein jour,En agglomération,Giratoire,Normale,Deux véhicules - frontale,3,3,2,0,1,1,1,0,1,50,2,2,0,0,0,2,69.0,21.0,voiture,voiture,1,2,6,1,1
202300053600,2023-05-09 12:00:00,2023,5,9,12,0,2B,2B159,D80 pk 26+300,42.911661,9.470494,Plein jour,Hors agglomération,Hors intersection,Normale,Sans collision,3,2,2,0,1,2,1,0,1,80,1,1,0,1,0,0,74.0,,deux_roues,,1,1,1,1,7
202300053601,2023-07-14 15:00:00,2023,7,14,15,0,95,95268,D125,48.96159,2.4142,Plein jour,En agglomération,Hors intersection,Normale,Deux véhicules - côté,3,1,2,0,1,3,1,0,1,50,2,2,1,0,0,1,24.0,24.0,voiture,deux_roues,1,2,1,1,3
202300053602,2023-08-24 16:10:00,2023,8,24,16,10,02,02596,D82,48.947014,3.279043,Plein jour,Hors agglomération,Hors intersection,Pluie légère,Deux véhicules - frontale,3,2,2,0,2,3,2,2,1,80,2,2,1,0,0,1,59.0,59.0,voiture,voiture,1,1,1,2,1
202300053603,2023-11-29 11:35:00,2023,11,29,11,35,974,97411,JOFFRE (BOULEVARD),-20.8748,55.4539,Plein jour,En agglomération,Hors intersection,Normale,Deux véhicules - arrière,2,3,3,0,1,1,1,0,1,50,2,2,1,0,0,1,24.0,49.0,utilitaire_camion,deux_roues,1,2,1,1,2
202300053604,2023-01-01 18:15:00,2023,1,1,18,15,81,81065,ALBERT 1° (AV),43.5983385,2.230613,Nuit avec éclairage allumé,En agglomération,Intersection en T,Normale,Deux véhicules - côté,4,2,2,0,1,1,1,5,1,50,2,2,1,0,0,1,81.0,51.0,voiture,voiture,5,2,3,1,3
202300053604,2023-01-01 18:15:00,2023,1,1,18,15,81,81065,ALBERT 1° (AV),43.5983385,2.230613,Nuit avec éclairage allumé,En agglomération,Intersection en T,Normale,Deux véhicules - côté,4,2,2,0,1,1,1,5,1,50,2,2,1,0,0,1,81.0,51.0,voiture,voiture,5,2,3,1,3
202300053605,2023-06-11 18:00:00,2023,6,11,18,0,13,13071,A55 - Sens Marseille vers Martigues,43.38108777,5.31559322,Plein jour,Hors agglomération,Hors intersection,Normale,Deux véhicules - arrière,1,1,3,0,1,1,1,0,1,90,2,3,1,0,0,2,20.0,26.0,voiture,deux_roues,1,1,1,1,2
202300053606,2023-03-29 17:35:00,2023,3,29,17,35,81,81144,RN 88,43.95829,2.15982,Plein jour,Hors agglomération,Giratoire,Normale,Deux véhicules - côté,2,1,0,0,1,2,1,0,1,50,2,3,2,0,0,1,38.0,63.0,deux_roues,voiture,1,1,6,1,3
202300053607,2023-10-27 14:05:00,2023,10,27,14,5,2A,2A004,NAPOLEON COURS AVANT BEVERINI,41.92335,8.73777,Plein jour,En agglomération,Hors intersection,Normale,Autre collision,2,2,2,0,1,1,1,9,1,50,1,2,0,0,1,1,16.0,,deux_roues,,1,2,1,1,6
202300053608,2023-02-13 13:30:00,2023,2,13,13,30,78,78650,BOCAGES (RUE DES),48.895628,2.139178,Plein jour,En agglomération,Giratoire,Normale,Deux véhicules - arrière,4,1,1,0,1,1,1,0,1,30,2,2,1,0,0,1,58.0,46.0,voiture,deux_roues,1,2,6,1,2
202300053608,2023-02-13 13:30:00,2023,2,13,13,30,78,78650,BOCAGES (RUE DES),48.895628,2.139178,Plein jour,En agglomération,Giratoire,Normale,Deux véhicules - arrière,4,-1,2,0,1,1,1,9,8,50,2,2,1,0,0,1,58.0,46.0,voiture,deux_roues,1,2,6,1,2
202300053609,2023-09-26 10:30:00,2023,9,26,10,30,13,13210,ROMAIN ROLLAND (BOULEVARD),43.27539195,5.4165685,Plein jour,En agglomération,Hors intersection,Normale,Autre collision,4,2,2,0,1,1,1,0,1,30,1,2,1,0,0,1,35.0,,utilitaire_camion,,1,2,1,1,6
202300053610,2023-05-08 18:00:00,2023,5,8,18,0,65,65442,Route de Boulogne,43.298581,0.610124,Plein jour,Hors agglomération,Intersection en T,Normale,Deux véhicules - côté,3,2,2,0,1,1,1,0,1,80,2,2,1,0,0,1,50.0,25.0,voiture,voiture,1,1,3,1,3
202300053610,2023-05-08 18:00:00,2023,5,8,18,0,65,65442,Route de Boulogne,43.298581,0.610124,Plein jour,Hors agglomération,Intersection en T,Normale,Deux véhicules - côté,3,2,1,-1,1,1,1,0,1,50,2,2,1,0,0,1,50.0,25.0,voiture,voiture,1,1,3,1,3
202300053611,2023-11-30 16:35:00,2023,11,30,16,35,973,97302,VOLTAIRE(AVENUE),4.94282684,-52.32052946,Plein jour,En agglomération,Hors intersection,Normale,Deux véhicules - côté,4,1,2,0,1,1,1,0,1,30,2,3,2,0,0,1,45.0,,voiture,deux_roues,1,2,1,1,3
202300053612,2023-08-23 23:30:00,2023,8,23,23,30,13,13043,A55-Sens Martigues vers Marseille,43.38342,5.23067,Nuit sans éclairage public,Hors agglomération,Hors intersection,Normale,Deux véhicules - arrière,1,3,2,0,1,1,1,0,1,110,2,6,4,0,0,2,21.0,24.0,voiture,voiture,3,1,1,1,2
202300053613,2023-07-14 02:14:00,2023,7,14,2,14,86,86066,Avenue Honoré de Balzac,46.794181,0.526575,Nuit avec éclairage allumé,En agglomération,Hors intersection,Temps couvert,Autre collision,3,3,4,0,1,1,1,0,3,70,1,2,0,0,1,1,24.0,,voiture,,5,2,1,8,6
202300053614,2023-06-10 14:05:00,2023,6,10,14,5,83,83035,A50,43.177558,5.769939,Plein jour,Hors agglomération,Hors intersection,Normale,Autre collision,1,3,6,0,1,3,1,0,1,130,1,2,0,0,0,2,32.0,,voiture,,1,1,1,1,6
202300053615,2023-10-27 15:30:00,2023,10,27,15,30,95,95585,D125,48.98816978,2.37847567,Plein jour,En agglomération,Hors intersection,Normale,Autre collision,3,2,2,0,1,1,1,0,1,50,1,2,1,0,0,1,15.0,,deux_roues,,1,2,1,1,6
202300053616,2023-09-26 07:15:00,2023,9,26,7,15,13,13202,VAUDOYER (AVENUE),43.29761,5.36367,Crépuscule ou aube,En agglomération,Hors intersection,Temps couvert,Deux véhicules - côté,4,3,3,0,1,2,1,1,2,50,2,2,1,0,0,1,43.0,64.0,voiture,deux_roues,2,2,1,8,3
202300053617,2023-04-27 19:50:00,2023,4,27,19,50,11,11441,Chemin rural 417,43.202407,3.084444,Plein jour,Hors agglomération,Hors intersection,Normale,Autre collision,4,-1,2,0,2,4,9,9,3,80,1,2,0,1,1,0,22.0,,deux_roues,,1,1,1,1,6
202300053618,2023-02-13 08:50:00,2023,2,13,8,50,77,77373,RN 4,48.77053,2.63129,Plein jour,Hors agglomération,Hors intersection,Normale,Trois véhicules et plus - collisions multiples,2,3,2,0,1,1,1,0,1,90,3,3,2,0,1,0,51.0,46.0,voiture,voiture,1,1,1,1,5
202300053619,2023-08-24 08:50:00,2023,8,24,8,50,69,69091,Autoroute 47 ,45.58537,4.7506,Plein jour,Hors agglomération,Hors intersection,Normale,Autre collision,1,3,4,0,1,1,1,0,1,90,1,2,1,0,1,0,48.0,,voiture,,1,1,1,1,6
202300053620,2023-11-30 08:10:00,2023,11,30,8,10,973,97302,GALMOT (AVENUE),4.93173,-52.32916,Plein jour,En agglomération,Hors intersection,Normale,Autre collision,4,2,2,0,1,1,1,6,1,50,1,2,1,0,1,0,28.0,,deux_roues,,1,2,1,1,6
202300053621,2023-01-01 07:20:00,2023,1,1,7,20,78,78172,RN 184,49.00053,2.08079,Nuit sans éclairage public,Hors agglomération,Hors intersection,Normale,Trois véhicules et plus - collisions multiples,2,-1,2,0,1,1,1,0,1,90,3,6,0,0,1,5,27.0,23.0,voiture,voiture,3,1,1,1,5
202300053622,2023-06-10 07:25:00,2023,6,10,7,25,83,83069,A570,43.12218391,6.09825355,Plein jour,Hors agglomération,Hors intersection,Normale,Autre collision,1,3,2,0,1,1,1,9,1,110,1,1,0,0,0,1,22.0,,deux_roues,,1,1,1,1,6
202300053623,2023-07-14 16:00:00,2023,7,14,16,0,78,78401,RHIN ET DANUBE (PONT),49.00139,1.90657,Plein jour,En agglomération,Intersection en X,Normale,Deux véhicules - arrière,3,2, -1,-1,1,1,1,0,1,-1,2,3,2,0,0,1,25.0,35.0,voiture,deux_roues,1,2,2,1,2
202300053623,2023-07-14 16:00:00,2023,7,14,16,0,78,78401,RHIN ET DANUBE (PONT),49.00139,1.90657,Plein jour,En agglomération,Intersection en X,Normale,Deux véhicules - arrière,3,-1,1,0,1,1,1,0,1,50,2,3,2,0,0,1,25.0,35.0,voiture,deux_roues,1,2,2,1,2
202300053624,2023-08-23 21:20:00,2023,8,23,21,20,33,33249,ROUTE NATIONALE 230,44.88361963,-0.51281556,Nuit avec éclairage allumé,Hors agglomération,Hors intersection,Normale,Autre collision,2,1,2,0,2,3,1,3,1,70,1,1,0,0,0,1,24.0,,deux_roues,,5,1,1,1,6
202300053625,2023-10-23 17:00:00,2023,10,23,17,0,95,95585,HENRI BERGSON (BOULEVARD),48.97297,2.37588,Plein jour,En agglomération,Intersection en X,Pluie légère,Deux véhicules - côté,4,4,4,0,1,1,2,0,1,50,2,2,1,0,0,1,43.0,39.0,voiture,voiture,1,2,2,2,3
202300053625,2023-10-23 17:00:00,2023,10,23,17,0,95,95585,HENRI BERGSON (BOULEVARD),48.97297,2.37588,Plein jour,En agglomération,Intersection en X,Pluie légère,Deux véhicules - côté,4,4,4,0,1,1,2,0,1,50,2,2,1,0,0,1,43.0,39.0,voiture,voiture,1,2,2,2,3
202300053626,2023-03-29 15:45:00,2023,3,29,15,45,78,78440,PAUL RAOULT (AVENUE),48.992222,1.913825,Plein jour,En agglomération,Hors intersection,Normale,Deux véhicules - arrière,3,2,4,0,1,1,1,0,1,50,2,4,2,0,0,2,21.0,21.0,voiture,voiture,1,2,1,1,2
202300053627,2023-05-09 14:00:00,2023,5,9,14,0,63,63258,RD 906,45.675482,3.632312,Plein jour,En agglomération,Hors intersection,Pluie forte,Deux véhicules - côté,3,2,2,0,1,3,8,0,1,50,2,3,1,0,2,0,54.0,61.0,utilitaire_camion,deux_roues,1,2,1,3,3
202300053628,2023-12-01 00:45:00,2023,12,1,0,45,69,69387,Rue de l'Epargne,45.744,4.85219,Nuit avec éclairage allumé,En agglomération,Hors intersection,Pluie légère,Deux véhicules - frontale,4,2,2,1,1,3,2,8,1,30,2,3,0,0,0,3,29.0,22.0,voiture,voiture,5,2,1,2,1
202300053629,2023-06-11 06:15:00,2023,6,11,6,15,69,69009,Autoroute 6,45.93954,4.72366,Plein jour,Hors agglomération,Hors intersection,Normale,Deux véhicules - côté,1,3,4,0,2,1,1,0,1,110,2,3,2,0,0,1,63.0,23.0,voiture,voiture,1,1,1,1,3
202300053630,2023-09-25 16:50:00,2023,9,25,16,50,13,13213,ALBERT EINSTEIN (RUE),43.3435,5.44623,Plein jour,Hors agglomération,Autre intersection,Normale,Deux véhicules - côté,4,-1,1,3,1,1,1,9,1,50,2,5,1,0,0,4,60.0,36.0,transport_commun,voiture,1,1,9,1,3
202300053631,2023-08-21 02:58:00,2023,8,21,2,58,33,33550,ROCADE A 630,44.77898,-0.5523,Nuit avec éclairage allumé,Hors agglomération,Hors intersection,Normale,Autre collision,1,3,8,0,1,1,1,0,1,90,1,2,1,0,0,1,41.0,,voiture,,5,1,1,1,6
202300053632,2023-07-14 00:42:00,2023,7,14,0,42,78,78638,MOULIN A VENT (CHEMIN DU ),49.01987,1.95901,Nuit sans éclairage public,Hors agglomération,Intersection en T,Normale,Deux véhicules - côté,3,2,2,0,2,1,1,0,1,80,2,2,1,0,1,0,25.0,21.0,voiture,deux_roues,3,1,3,1,3
202300053632,2023-07-14 00:42:00,2023,7,14,0,42,78,78638,MOULIN A VENT (CHEMIN DU ),49.01987,1.95901,Nuit sans éclairage public,Hors agglomération,Intersection en T,Normale,Deux véhicules - côté,3,2,2,0,2,1,1,0,1,50,2,2,1,0,1,0,25.0,21.0,voiture,deux_roues,3,1,3,1,3
202300053633,2023-02-13 14:45:00,2023,2,13,14,45,77,77431,D16 / D98,48.266778,2.685794,Plein jour,En agglomération,Intersection en X,Normale,Deux véhicules - côté,3,2,2,0,1,1,1,0,1,50,2,2,1,0,0,1,61.0,90.0,voiture,voiture,1,2,2,1,3
202300053633,2023-02-13 14:45:00,2023,2,13,14,45,77,77431,D16 / D98,48.266778,2.685794,Plein jour,En agglomération,Intersection en X,Normale,Deux véhicules - côté,3,2,2,0,1,1,1,0,1,50,2,2,1,0,0,1,61.0,90.0,voiture,voiture,1,2,2,1,3