accident_id,datetime,annee,mois,jour,heure,minute,departement,commune_insee,adresse,latitude,longitude,luminosite,agglomeration,intersection,meteo,collision,catr,circ,nbv,vosp,prof,plan,surf,infra,situ,vma,nb_vehicules,nb_usagers,nb_indemnes,nb_tues,nb_blesses_hosp,nb_blesses_legers,age_cond_1,age_cond_2,veh_type_cond_1,veh_type_cond_2,lum_code,agg_code,int_code,atm_code,col_code
202300053634,2023-05-08 11:30:00,2023,5,8,11,30,49,49018,Rue Guérin des Fontaines,47.539494,-0.112199,Plein jour,En agglomération,Hors intersection,Normale,Sans collision,3,2,2,0,1,1,1,0,4,50,1,1,0,0,1,0,68.0,,deux_roues,,1,2,1,1,7
202300053635,2023-03-29 14:15:00,2023,3,29,14,15,78,78440,CD 14,48.97933,1.88671,Plein jour,Hors agglomération,Hors intersection,Normale,Deux véhicules - arrière,3,-1,2,0,1,1,1,0,1,70,2,2,1,0,0,1,28.0,36.0,voiture,deux_roues,1,1,1,1,2
202300053636,2023-01-01 03:50:00,2023,1,1,3,50,77,77237,D231,48.849377,2.767837,Nuit sans éclairage public,En agglomération,Intersection en T,Normale,Deux véhicules - côté,3,3,6,-1,1,1,1,5,1,50,2,4,2,0,1,1,29.0,18.0,voiture,deux_roues,3,2,3,1,3
202300053636,2023-01-01 03:50:00,2023,1,1,3,50,77,77237,D231,48.849377,2.767837,Nuit sans éclairage public,En agglomération,Intersection en T,Normale,Deux véhicules - côté,3,2,3,0,1,1,1,5,1,50,2,4,2,0,1,1,29.0,18.0,voiture,deux_roues,3,2,3,1,3
202300053637,2023-10-27 10:00:00,2023,10,27,10,0,95,95598,DURES TERRES (RUE DES),48.99033,2.29632,Plein jour,En agglomération,Giratoire,Temps couvert,Deux véhicules - côté,4,2,2,0,1,3,2,0,1,30,2,2,1,0,0,1,88.0,43.0,voiture,deux_roues,1,2,6,8,3
202300053637,2023-10-27 10:00:00,2023,10,27,10,0,95,95598,DURES TERRES (RUE DES),48.99033,2.29632,Plein jour,En agglomération,Giratoire,Temps couvert,Deux véhicules - côté,4,2,2,0,1,1,2,0,1,30,2,2,1,0,0,1,88.0,43.0,voiture,deux_roues,1,2,6,8,3
202300053638,2023-09-26 07:40:00,2023,9,26,7,40,11,11262,Avenue Pierre Semard,43.18925,3.00776,Crépuscule ou aube,En agglomération,Hors intersection,Normale,Autre collision,4,2,2,0,1,1,1,0,1,50,1,2,1,0,0,1,70.0,,utilitaire_camion,,2,2,1,1,6
202300053639,2023-11-30 23:45:00,2023,11,30,23,45,69,69386,Rue des Emeraudes,45.76907,4.86055,Nuit avec éclairage allumé,En agglomération,Intersection en X,Pluie légère,Deux véhicules - côté,4,1,2,0,1,1,2,2,1,30,2,2,1,0,0,1,40.0,35.0,voiture,voiture,5,2,2,2,3
202300053639,2023-11-30 23:45:00,2023,11,30,23,45,69,69386,Rue des Emeraudes,45.76907,4.86055,Nuit avec éclairage allumé,En agglomération,Intersection en X,Pluie légère,Deux véhicules - côté,4,1,2,2,1,1,2,2,1,30,2,2,1,0,0,1,40.0,35.0,voiture,voiture,5,2,2,2,3
202300053640,2023-05-09 08:45:00,2023,5,9,8,45,42,42325,N82,45.942623,4.141299,Plein jour,Hors agglomération,Hors intersection,Normale,Autre collision,2,3,2,0,2,1,1,0,1,110,1,1,0,0,0,1,46.0,,voiture,,1,1,1,1,6
202300053641,2023-07-14 18:00:00,2023,7,14,18,0,72,72181,DIESEL RODOLPHE (RUE),47.98569,0.22524,Plein jour,En agglomération,Autre intersection,Normale,Deux véhicules - côté,4,2,2,0,2,1,1,0,1,50,2,2,1,0,0,1,18.0,80.0,deux_roues,voiture,1,2,9,1,3
202300053642,2023-08-24 21:20:00,2023,8,24,21,20,94,94043,A6B,48.80839441,2.34798035,Nuit avec éclairage allumé,Hors agglomération,Hors intersection,Normale,Trois véhicules et plus - en chaîne,1,1,2,0,1,1,1,1,1,70,3,3,2,0,0,1,25.0,25.0,voiture,voiture,5,1,1,1,4
202300053643,2023-06-11 21:20:00,2023,6,11,21,20,91,91363,RN104,48.6597,2.18502,Crépuscule ou aube,Hors agglomération,Hors intersection,Pluie forte,Deux véhicules - côté,2,3,3,0,2,3,2,0,1,110,2,4,1,0,0,3,36.0,,voiture,utilitaire_camion,2,1,1,3,3
202300053644,2023-01-01 18:30:00,2023,1,1,18,30,76,76231,Chemin du Buquet,49.290508,0.98245,Nuit sans éclairage public,En agglomération,Hors intersection,Pluie légère,Autre collision,4,2,2,0,2,2,2,0,1,50,1,1,0,0,0,1,22.0,,voiture,,3,2,1,2,6
202300053645,2023-03-28 10:00:00,2023,3,28,10,0,72,72181,PANORAMA (RUE DU) N° IMP,47.96443,0.22066,Plein jour,En agglomération,Hors intersection,Normale,Autre collision,4,2,2,0,1,3,1,0,8,50,1,2,1,0,0,1,80.0,,voiture,,1,2,1,1,6
202300053646,2023-02-13 15:30:00,2023,2,13,15,30,77,77014,D138,48.41307,2.74184,Plein jour,En agglomération,Intersection en T,Normale,Deux véhicules - côté,3,2,2,0,2,1,1,0,1,50,2,2,1,0,0,1,38.0,23.0,voiture,voiture,1,2,3,1,3
202300053646,2023-02-13 15:30:00,2023,2,13,15,30,77,77014,D138,48.41307,2.74184,Plein jour,En agglomération,Intersection en T,Normale,Deux véhicules - côté,3,2,2,0,1,1,1,0,1,50,2,2,1,0,0,1,38.0,23.0,voiture,voiture,1,2,3,1,3
202300053647,2023-09-25 17:20:00,2023,9,25,17,20,10,10362,RD 660,48.2934192,4.05026436,Plein jour,Hors agglomération,Hors intersection,Normale,Autre collision,3,2,2,0,1,1,1,0,3,90,1,1,0,0,0,1,30.0,,voiture,,1,1,1,1,6
202300053648,2023-07-14 01:15:00,2023,7,14,1,15,71,71306,BOIS CLAIR (RUE DU ),46.69593,4.36843,Nuit avec éclairage allumé,En agglomération,Hors intersection,Normale,Autre collision,3,2,2,0,1,1,1,0,1,50,1,1,0,0,0,1,32.0,,voiture,,5,2,1,1,6
202300053649,2023-05-09 18:39:00,2023,5,9,18,39,46,46309,34 Avenue du Général de Gaulle,44.898953,1.47794,Plein jour,En agglomération,Autre intersection,Normale,Autre collision,6,-1, -1,0,1,1,1,0,8,-1,1,2,1,1,0,0,59.0,,utilitaire_camion,,1,2,9,1,6
202300053650,2023-10-26 20:50:00,2023,10,26,20,50,87,87085,TOULOUSE (RUE DE),45.80145,1.29445,Nuit avec éclairage allumé,En agglomération,Hors intersection,Pluie forte,Trois véhicules et plus - collisions multiples,3,3,0,0,2,1,2,0,1,50,3,3,1,0,1,1,79.0,43.0,voiture,voiture,5,2,1,3,5
202300053651,2023-11-30 15:45:00,2023,11,30,15,45,69,69387,Rue de l'Université,45.7492,4.84197,Plein jour,En agglomération,Intersection en X,Pluie légère,Deux véhicules - côté,4,1,1,0,1,1,2,0,1,30,2,2,1,0,0,1,43.0,31.0,voiture,voiture,1,2,2,2,3
202300053651,2023-11-30 15:45:00,2023,11,30,15,45,69,69387,Rue de l'Université,45.7492,4.84197,Plein jour,En agglomération,Intersection en X,Pluie légère,Deux véhicules - côté,4,1,4,3,1,1,2,0,1,50,2,2,1,0,0,1,43.0,31.0,voiture,voiture,1,2,2,2,3
202300053652,2023-06-11 06:10:00,2023,6,11,6,10,91,91064,RN 118,48.74902,2.21276,Plein jour,Hors agglomération,Hors intersection,Normale,Autre collision,2,3,2,0,1,1,1,0,1,90,1,1,0,0,0,1,35.0,,voiture,,1,1,1,1,6
202300053653,2023-08-24 06:00:00,2023,8,24,6,0,93,93066,AUTOROUTE A1,48.92186,2.35708,Nuit sans éclairage public,Hors agglomération,Hors intersection,Normale,Deux véhicules - arrière,1,3,4,0,1,1,1,0,1,90,2,3,2,0,0,1,43.0,31.0,utilitaire_camion,voiture,3,1,1,1,2
202300053654,2023-05-09 07:05:00,2023,5,9,7,5,29,29024,D787,48.29030519,-3.54583836,Crépuscule ou aube,Hors agglomération,Hors intersection,Temps couvert,Autre collision,3,3,2,3,1,3,2,3,3,80,1,1,0,0,1,0,25.0,,voiture,,2,1,1,8,6
202300053655,2023-01-01 06:30:00,2023,1,1,6,30,76,76366,Rue de la République,49.50974,1.03329,Nuit avec éclairage allumé,En agglomération,Intersection en X,Normale,Deux véhicules - frontale,7,2,2,0,1,3,1,0,1,50,2,2,1,0,0,1,34.0,49.0,voiture,voiture,5,2,2,1,1
202300053655,2023-01-01 06:30:00,2023,1,1,6,30,76,76366,Rue de la République,49.50974,1.03329,Nuit avec éclairage allumé,En agglomération,Intersection en X,Normale,Deux véhicules - frontale,7,2,2,0,1,3,1,0,1,50,2,2,1,0,0,1,34.0,49.0,voiture,voiture,5,2,2,1,1
202300053656,2023-03-28 17:00:00,2023,3,28,17,0,71,71040,JOSEPH LAMBERT (RUE),46.69594,4.39131,Plein jour,En agglomération,Hors intersection,Normale,Deux véhicules - arrière,3,2,2,0,1,1,1,0,1,50,2,2,1,0,0,1,28.0,22.0,voiture,deux_roues,1,2,1,1,2
202300053657,2023-02-12 14:25:00,2023,2,12,14,25,77,77239,D209,48.63195,3.10266,Plein jour,Hors agglomération,Hors intersection,Normale,Deux véhicules - frontale,3,2,2,0,1,1,1,0,1,80,2,2,0,0,0,2,56.0,49.0,voiture,voiture,1,1,1,1,1
202300053658,2023-07-14 15:00:00,2023,7,14,15,0,69,69266,25 Rue de la Soie,45.76208,4.91731,Plein jour,En agglomération,Hors intersection,Normale,Deux véhicules - côté,4,2,2,0,1,1,1,0,1,30,2,4,0,0,0,4,24.0,23.0,deux_roues,voiture,1,2,1,1,3
202300053659,2023-09-25 06:02:00,2023,9,25,6,2,10,10362,GENERAL LECLERC (RUE DU),48.29184,4.02172,Nuit avec éclairage allumé,En agglomération,Intersection en T,Normale,Deux véhicules - frontale,4,2,2,0,1,1,1,0,1,50,2,2,0,0,0,2,58.0,37.0,voiture,voiture,5,2,3,1,1
202300053659,2023-09-25 06:02:00,2023,9,25,6,2,10,10362,GENERAL LECLERC (RUE DU),48.29184,4.02172,Nuit avec éclairage allumé,En agglomération,Intersection en T,Normale,Deux véhicules - frontale,4,2,2,0,1,1,1,0,1,50,2,2,0,0,0,2,58.0,37.0,voiture,voiture,5,2,3,1,1
202300053660,2023-05-07 15:25:00,2023,5,7,15,25,31,31033,Avenue d?Arenys de Mar,43.350636,1.478568,Plein jour,En agglomération,Hors intersection,Normale,Sans collision,3,2,2,2,2,1,1,0,1,50,1,1,0,0,0,1,14.0,,deux_roues,,1,2,1,1,7
202300053661,2023-06-10 22:43:00,2023,6,10,22,43,91,91363,RN 104,48.65447,2.17759,Nuit avec éclairage non allumé,Hors agglomération,Hors intersection,Normale,Autre collision,2,1,2,0,3,2,1,2,1,70,1,2,0,0,1,1,31.0,,voiture,,4,1,1,1,6
202300053662,2023-11-30 14:19:00,2023,11,30,14,19,69,69383,Avenue Lacassagne,45.75456,4.86639,Plein jour,En agglomération,Intersection en X,Pluie légère,Deux véhicules - côté,4,1,3,3,1,1,2,8,1,30,2,2,1,0,0,1,59.0,23.0,voiture,deux_roues,1,2,2,2,3
202300053662,2023-11-30 14:19:00,2023,11,30,14,19,69,69383,Avenue Lacassagne,45.75456,4.86639,Plein jour,En agglomération,Intersection en X,Pluie légère,Deux véhicules - côté,4,2,3,2,1,1,2,8,1,30,2,2,1,0,0,1,59.0,23.0,voiture,deux_roues,1,2,2,2,3
202300053663,2023-10-27 05:40:00,2023,10,27,5,40,83,83137,JACQUEMIN (BD EMILE),43.13993317,5.91901606,Nuit avec éclairage allumé,En agglomération,Hors intersection,Normale,Sans collision,4,2,2,0,4,2,1,0,1,30,1,3,0,1,2,0,26.0,,voiture,,5,2,1,1,7
202300053664,2023-08-24 14:00:00,2023,8,24,14,0,94,94046,A86,48.80712934,2.44871697,Plein jour,Hors agglomération,Hors intersection,Pluie légère,Deux véhicules - arrière,1,3,5,0,1,1,2,0,1,90,2,2,1,0,0,1,73.0,52.0,voiture,utilitaire_camion,1,1,1,2,2
202300053665,2023-07-10 10:40:00,2023,7,10,10,40,69,69264,23 Rue Claude Bernard,45.99412,4.71762,Plein jour,En agglomération,Hors intersection,Normale,Deux véhicules - côté,4,-1,1,0,1,1,1,0,4,50,2,2,1,0,0,1,61.0,34.0,voiture,deux_roues,1,2,1,1,3
202300053666,2023-08-20 03:20:00,2023,8,20,3,20,07,07102,Chemin des MULETS,44.93364,4.85886,Nuit avec éclairage non allumé,Hors agglomération,Hors intersection,Normale,Sans collision,4,2,2,1,1,2,1,0,8,70,1,2,0,0,1,1,18.0,,voiture,,4,1,1,1,7
202300053667,2023-01-01 19:45:00,2023,1,1,19,45,72,72181,CARNOT (BD),48.00875,0.18084,Nuit avec éclairage allumé,En agglomération,Intersection en X,Temps couvert,Deux véhicules - côté,4,2,2,0,1,1,2,5,1,50,2,4,3,0,0,1,23.0,56.0,voiture,utilitaire_camion,5,2,2,8,3
202300053667,2023-01-01 19:45:00,2023,1,1,19,45,72,72181,CARNOT (BD),48.00875,0.18084,Nuit avec éclairage allumé,En agglomération,Intersection en X,Temps couvert,Deux véhicules - côté,4,2,2,0,1,1,2,5,1,50,2,4,3,0,0,1,23.0,56.0,voiture,utilitaire_camion,5,2,2,8,3
202300053668,2023-02-06 06:30:00,2023,2,6,6,30,74,74305,TOURNELLES (RUE DES),46.19941,6.24522,Nuit avec éclairage allumé,En agglomération,Intersection en T,Normale,Deux véhicules - côté,4,1,1,0,1,1,1,0,1,50,2,2,1,0,0,1,57.0,27.0,voiture,deux_roues,5,2,3,1,3
202300053668,2023-02-06 06:30:00,2023,2,6,6,30,74,74305,TOURNELLES (RUE DES),46.19941,6.24522,Nuit avec éclairage allumé,En agglomération,Intersection en T,Normale,Deux véhicules - côté,4,2,2,0,1,1,1,0,1,50,2,2,1,0,0,1,57.0,27.0,voiture,deux_roues,5,2,3,1,3
202300053669,2023-03-29 07:55:00,2023,3,29,7,55,67,67482,COLMAR (AVENUE DE),48.558,7.74855,Plein jour,En agglomération,Passage à niveau,Normale,Deux véhicules - côté,4,3,8,3,1,1,1,4,6,50,2,3,1,0,0,2,41.0,77.0,transport_commun,voiture,1,2,8,1,3
202300053670,2023-06-10 22:20:00,2023,6,10,22,20,78,78043,A12 Y,48.82847,2.07902,Nuit sans éclairage public,Hors agglomération,Hors intersection,Normale,Autre collision,1,1,4,0,1,1,2,0,1,110,1,1,0,0,1,0,34.0,,voiture,,3,1,1,1,6
202300053671,2023-08-23 19:00:00,2023,8,23,19,0,77,77449,A4,48.83312912,2.79203309,Crépuscule ou aube,Hors agglomération,Hors intersection,Normale,Sans collision,1,-1,3,0,1,1,1,0,1,130,1,1,0,0,1,0,32.0,,deux_roues,,2,1,1,1,7
202300053672,2023-07-14 19:15:00,2023,7,14,19,15,69,69259,Avenue Jean Cagne,45.69508,4.87355,Plein jour,En agglomération,Intersection en X,Normale,Deux véhicules - côté,4,2,2,2,2,1,1,0,1,50,2,2,1,0,0,1,46.0,47.0,deux_roues,voiture,1,2,2,1,3
202300053672,2023-07-14 19:15:00,2023,7,14,19,15,69,69259,Avenue Jean Cagne,45.69508,4.87355,Plein jour,En agglomération,Intersection en X,Normale,Deux véhicules - côté,4,2,2,2,1,1,1,0,1,50,2,2,1,0,0,1,46.0,47.0,deux_roues,voiture,1,2,2,1,3
202300053673,2023-10-25 15:00:00,2023,10,25,15,0,83,83069,TOULON (VIEUX CHEMIN DE),43.12370327,6.09646064,Plein jour,Hors agglomération,Hors intersection,Normale,Deux véhicules - arrière,4,2,0,0,1,1,1,0,1,50,2,3,0,0,3,0,53.0,59.0,voiture,utilitaire_camion,1,1,1,1,2
202300053674,2023-05-07 19:50:00,2023,5,7,19,50,26,26324,31 Avenue du Général de Gaulle,44.345869,4.758255,Crépuscule ou aube,En agglomération,Hors intersection,Normale,Deux véhicules - arrière,3,2,2,0,1,1,1,0,1,50,2,6,4,0,0,2,20.0,49.0,voiture,deux_roues,2,2,1,1,2
202300053675,2023-11-30 07:00:00,2023,11,30,7,0,69,69383,Rue Turbil,45.75534015,4.86779953,Nuit avec éclairage allumé,En agglomération,Hors intersection,Pluie légère,Trois véhicules et plus - en chaîne,4,1,1,0,1,1,2,0,1,30,3,4,1,0,0,3,58.0,58.0,voiture,utilitaire_camion,5,2,1,2,4
202300053676,2023-01-01 04:00:00,2023,1,1,4,0,69,69264,Rue Claudius Savoye,45.99136,4.73249,Nuit avec éclairage allumé,En agglomération,Intersection en Y,Normale,Autre collision,4,2,2,0,1,2,1,0,4,50,1,1,0,0,0,1,28.0,,voiture,,5,2,4,1,6
202300053676,2023-01-01 04:00:00,2023,1,1,4,0,69,69264,Rue Claudius Savoye,45.99136,4.73249,Nuit avec éclairage allumé,En agglomération,Intersection en Y,Normale,Autre collision,4,2,2,0,1,3,1,0,3,50,1,1,0,0,0,1,28.0,,voiture,,5,2,4,1,6
202300053677,2023-02-12 10:45:00,2023,2,12,10,45,71,71153,21 Rue du Marechal Joffre,46.793911,4.421495,Plein jour,En agglomération,Hors intersection,Normale,Deux véhicules - arrière,4,3,2,0,1,1,1,0,1,50,2,2,1,0,0,1,40.0,40.0,utilitaire_camion,voiture,1,2,1,1,2
202300053678,2023-03-28 14:14:00,2023,3,28,14,14,64,64102,SOULT (AVENUE MARECHAL),43.4873,-1.48496,Plein jour,En agglomération,Hors intersection,Normale,Deux véhicules - arrière,3,3,4,3,1,1,1,0,1,50,2,2,1,0,0,1,51.0,48.0,voiture,voiture,1,2,1,1,2
202300053679,2023-06-08 20:40:00,2023,6,8,20,40,95,95598,DURES TERRES (RUE DES),48.98972,2.29441,Plein jour,En agglomération,Hors intersection,Normale,Deux véhicules - frontale,4,2,0,0,1,1,1,0,1,50,2,2,1,0,0,1,59.0,17.0,voiture,deux_roues,1,2,1,1,1
202300053680,2023-09-26 07:15:00,2023,9,26,7,15,06,06029,BORDE (AVENUE DE LA)(BOCCA),43.56739,6.96761,Plein jour,En agglomération,Giratoire,Normale,Deux véhicules - côté,3,2,2,0,4,2,1,0,1,50,2,2,1,0,0,1,48.0,35.0,deux_roues,voiture,1,2,6,1,3
202300053680,2023-09-26 07:15:00,2023,9,26,7,15,06,06029,BORDE (AVENUE DE LA)(BOCCA),43.56739,6.96761,Plein jour,En agglomération,Giratoire,Normale,Deux véhicules - côté,3,2,2,0,4,2,1,0,1,50,2,2,1,0,0,1,48.0,35.0,deux_roues,voiture,1,2,6,1,3
202300053680,2023-09-26 07:15:00,2023,9,26,7,15,06,06029,BORDE (AVENUE DE LA)(BOCCA),43.56739,6.96761,Plein jour,En agglomération,Giratoire,Normale,Deux véhicules - côté,3,2,2,0,1,2,1,0,1,50,2,2,1,0,0,1,48.0,35.0,deux_roues,voiture,1,2,6,1,3
202300053680,2023-09-26 07:15:00,2023,9,26,7,15,06,06029,BORDE (AVENUE DE LA)(BOCCA),43.56739,6.96761,Plein jour,En agglomération,Giratoire,Normale,Deux véhicules - côté,3,2,3,0,1,2,1,0,1,50,2,2,1,0,0,1,48.0,35.0,deux_roues,voiture,1,2,6,1,3
202300053681,2023-06-10 19:20:00,2023,6,10,19,20,93,93005,AUTOROUTE A3,48.9598,2.47358,Plein jour,Hors agglomération,Hors intersection,Normale,Deux véhicules - côté,1,3,2,0,1,1,1,0,1,90,2,3,1,0,0,2,27.0,29.0,voiture,deux_roues,1,1,1,1,3
202300053682,2023-11-30 09:18:00,2023,11,30,9,18,87,87065,AUTOROUTE A20,45.79953,1.29611,Plein jour,Hors agglomération,Hors intersection,Normale,Autre collision,1,3,2,0,2,3,1,0,1,110,1,1,0,0,0,1,49.0,,voiture,,1,1,1,1,6
202300053683,2023-07-14 14:10:00,2023,7,14,14,10,67,67218,ROSEAUX (RUE DES),48.5186,7.7192,Plein jour,En agglomération,Hors intersection,Normale,Autre collision,4,2,2,2,1,1,1,0,1,30,2,3,0,0,0,3,84.0,44.0,voiture,utilitaire_camion,1,2,1,1,6
202300053684,2023-05-06 15:30:00,2023,5,6,15,30,83,83025,"route départementale 560, PK 033+050",43.529077,5.970377,Plein jour,Hors agglomération,Hors intersection,Normale,Deux véhicules - côté,3,2,2,0,1,3,1,0,1,80,2,2,1,0,0,1,55.0,35.0,deux_roues,voiture,1,1,1,1,3
202300053685,2023-01-02 01:40:00,2023,1,2,1,40,59,59339,HUGO (RUE VICTOR),50.68288,3.24674,Nuit sans éclairage public,En agglomération,Hors intersection,Normale,Autre collision,7,-1,2,0,2,3,2,0,4,30,1,2,1,0,0,1,,,voiture,,3,2,1,1,6
202300053686,2023-10-25 22:15:00,2023,10,25,22,15,80,80021,SAINT MAURICE (QUAI),49.90162,2.29514,Nuit avec éclairage allumé,En agglomération,Hors intersection,Normale,Deux véhicules - frontale,4,2,2,0,1,3,1,0,1,50,2,3,2,0,0,1,,22.0,deux_roues,voiture,5,2,1,1,1
202300053687,2023-02-10 16:38:00,2023,2,10,16,38,66,66136,LECLERC (AVENUE DU GENERAL),42.70125,2.8902,Plein jour,En agglomération,Hors intersection,Normale,Autre collision,4,2,2,0,1,1,1,0,1,30,1,3,2,0,0,1,35.0,,voiture,,1,2,1,1,6
202300053688,2023-05-08 17:05:00,2023,5,8,17,5,18,18028,,47.106793,2.302194,Plein jour,Hors agglomération,Hors intersection,Normale,Sans collision,3,2,2,0,1,1,1,0,3,90,1,1,0,0,1,0,74.0,,voiture,,1,1,1,1,7
202300053689,2023-05-28 04:50:00,2023,5,28,4,50,53,53054,RD 31 VERS FOUGERES,48.0917,-0.82279,Nuit sans éclairage public,Hors agglomération,Autre intersection,Normale,Deux véhicules - frontale,3,2,2,0,1,1,1,0,1,90,2,4,0,0,2,2,29.0,20.0,voiture,voiture,3,1,9,1,1
202300053690,2023-03-28 15:55:00,2023,3,28,15,55,63,63113,MONTESQUIEU (RUE),45.79586,3.11784,Plein jour,En agglomération,Autre intersection,Normale,Deux véhicules - frontale,4,-1, -1,-1,1,1,1,0,1,-1,2,2,1,0,0,1,76.0,42.0,voiture,deux_roues,1,2,9,1,1
202300053690,2023-03-28 15:55:00,2023,3,28,15,55,63,63113,MONTESQUIEU (RUE),45.79586,3.11784,Plein jour,En agglomération,Autre intersection,Normale,Deux véhicules - frontale,4,2,2,1,1,1,1,0,1,-1,2,2,1,0,0,1,76.0,42.0,voiture,deux_roues,1,2,9,1,1
202300053691,2023-11-29 15:00:00,2023,11,29,15,0,83,83137,GRENIER (QUAI EMILE),43.13427,5.90585,Plein jour,En agglomération,Autre intersection,Normale,Deux véhicules - côté,4,2,2,0,1,1,1,0,1,50,2,2,1,0,0,1,,53.0,voiture,deux_roues,1,2,9,1,3
202300053692,2023-09-26 19:30:00,2023,9,26,19,30,75,75119,RUE D AUBERVILLIERS,48.89871968,2.37036467,Crépuscule ou aube,En agglomération,Intersection en X,Normale,Autre collision,4,2,4,0,1,1,1,0,1,50,1,2,1,0,0,1,30.0,,voiture,,2,2,2,1,6
202300053692,2023-09-26 19:30:00,2023,9,26,19,30,75,75119,RUE D AUBERVILLIERS,48.89871968,2.37036467,Crépuscule ou aube,En agglomération,Intersection en X,Normale,Autre collision,4,1,4,1,2,1,1,0,1,30,1,2,1,0,0,1,30.0,,voiture,,2,2,2,1,6
202300053693,2023-07-14 08:25:00,2023,7,14,8,25,64,64483,ITHURRALDE ANDRE (AVENUE),43.3918,-1.65453,Plein jour,En agglomération,Hors intersection,Normale,Deux véhicules - arrière,3,1,1,3,3,1,1,0,1,50,2,2,1,0,0,1,21.0,34.0,voiture,deux_roues,1,2,1,1,2
202300053694,2023-06-10 16:00:00,2023,6,10,16,0,93,93064,AUTOROUTE A86,48.88086587,2.4751941,Plein jour,Hors agglomération,Hors intersection,Normale,Deux véhicules - arrière,1,1,3,0,1,1,1,0,1,70,2,2,1,0,0,1,32.0,30.0,voiture,deux_roues,1,1,1,1,2
202300053695,2023-05-06 06:30:00,2023,5,6,6,30,16,16069,Voie communale sans numéro,45.865292,0.145193,Crépuscule ou aube,Hors agglomération,Hors intersection,Normale,Autre collision,4,2,2,0,2,3,1,0,3,-1,1,1,0,0,1,0,19.0,,voiture,,2,1,1,1,6
202300053696,2023-02-13 15:50:00,2023,2,13,15,50,64,64284,VALLEES DES,43.29295,-0.38666,Plein jour,En agglomération,Autre intersection,Normale,Deux véhicules - côté,4,1,11,0,1,1,1,0,1,50,2,2,1,0,0,1,56.0,59.0,deux_roues,voiture,1,2,9,1,3
202300053697,2023-07-14 12:00:00,2023,7,14,12,0,64,64122,MARECHAL LECLERC(BD DU),43.48281,-1.56584,Plein jour,En agglomération,Hors intersection,Normale,Autre collision,4,1,1,1,1,2,1,0,5,30,1,2,1,0,0,1,25.0,,deux_roues,,1,2,1,1,6
202300053698,2023-01-01 08:00:00,2023,1,1,8,0,59,59650,LIBERTE (BOULEVARD DE LA),50.70794705,3.18666548,Crépuscule ou aube,En agglomération,Intersection en X,Normale,Deux véhicules - côté,7,2,2,0,1,1,1,0,1,50,2,4,0,0,0,4,32.0,27.0,voiture,voiture,2,2,2,1,3
202300053698,2023-01-01 08:00:00,2023,1,1,8,0,59,59650,LIBERTE (BOULEVARD DE LA),50.70794705,3.18666548,Crépuscule ou aube,En agglomération,Intersection en X,Normale,Deux véhicules - côté,7,3,4,2,1,1,1,0,1,50,2,4,0,0,0,4,32.0,27.0,voiture,voiture,2,2,2,1,3
202300053699,2023-06-15 09:51:00,2023,6,15,9,51,92,92073,SELLIER (BOULEVARD HENRI),48.86744625,2.22676188,Plein jour,En agglomération,Intersection en Y,Normale,Deux véhicules - côté,3,1,1,0,1,1,1,0,1,50,2,2,1,0,0,1,52.0,45.0,deux_roues,utilitaire_camion,1,2,4,1,3
202300053699,2023-06-15 09:51:00,2023,6,15,9,51,92,92073,SELLIER (BOULEVARD HENRI),48.86744625,2.22676188,Plein jour,En agglomération,Intersection en Y,Normale,Deux véhicules - côté,3,3,6,0,1,1,1,0,1,50,2,2,1,0,0,1,52.0,45.0,deux_roues,utilitaire_camion,1,2,4,1,3
202300053700,2023-11-30 17:40:00,2023,11,30,17,40,81,81004,SAINT JUERY (AV DE) DU N° 1 AU N° 48,43.93377,2.17218,Nuit avec éclairage allumé,En agglomération,Giratoire,Pluie légère,Autre collision,3,1,2,0,1,3,2,0,1,50,1,2,1,0,0,1,67.0,,voiture,,5,2,6,2,6
202300053701,2023-09-26 17:35:00,2023,9,26,17,35,75,75119,RUE DE L OURCQ,48.891815,2.380097,Plein jour,En agglomération,Hors intersection,Normale,Deux véhicules - côté,4,2,2,0,2,1,1,0,1,30,2,2,1,0,0,1,37.0,,deux_roues,voiture,1,2,1,1,3
202300053702,2023-03-28 13:08:00,2023,3,28,13,8,63,63113,DULAURE (RUE)/ Monnier (sur voie de tram),45.78034,3.08325,Plein jour,En agglomération,Intersection en X,Normale,Deux véhicules - frontale,4,1,1,0,1,1,1,0,6,30,2,2,1,0,0,1,19.0,56.0,deux_roues,voiture,1,2,2,1,1
202300053702,2023-03-28 13:08:00,2023,3,28,13,8,63,63113,DULAURE (RUE)/ Monnier (sur voie de tram),45.78034,3.08325,Plein jour,En agglomération,Intersection en X,Normale,Deux véhicules - frontale,4,2,2,3,1,1,1,0,1,30,2,2,1,0,0,1,19.0,56.0,deux_roues,voiture,1,2,2,1,1
202300053703,2023-05-08 16:00:00,2023,5,8,16,0,07,07126,Route de la Vallee de l'Ibie,44.436139,4.433477,Plein jour,Hors agglomération,Hors intersection,Normale,Sans collision,3,2,2,0,1,1,1,0,3,90,1,2,1,0,1,0,64.0,,deux_roues,,1,1,1,1,7
202300053704,2023-06-10 13:45:00,2023,6,10,13,45,75,75112,A4,48.823477,2.463058,Plein jour,Hors agglomération,Hors intersection,Normale,Deux véhicules - arrière,1,3,5,0,1,1,1,0,1,90,2,2,1,0,0,1,51.0,25.0,deux_roues,voiture,1,1,1,1,2