accident_id,datetime,annee,mois,jour,heure,minute,departement,commune_insee,adresse,latitude,longitude,luminosite,agglomeration,intersection,meteo,collision,catr,circ,nbv,vosp,prof,plan,surf,infra,situ,vma,nb_vehicules,nb_usagers,nb_indemnes,nb_tues,nb_blesses_hosp,nb_blesses_legers,age_cond_1,age_cond_2,veh_type_cond_1,veh_type_cond_2,lum_code,agg_code,int_code,atm_code,col_code
202300053705,2023-10-26 10:40:00,2023,10,26,10,40,76,76351,GENERAL DE GAULLE (PLACE),49.48988,0.10754,Plein jour,En agglomération,Hors intersection,Normale,Autre collision,4,2,6,1,1,1,1,0,1,50,1,2,1,0,1,0,63.0,,voiture,,1,2,1,1,6
202300053706,2023-07-14 02:35:00,2023,7,14,2,35,64,64024,BAB (BOULEVARD DU),43.49735,-1.50783,Nuit avec éclairage allumé,En agglomération,Hors intersection,Normale,Deux véhicules - côté,4,2,4,0,1,3,1,0,1,50,2,3,1,0,0,2,45.0,,deux_roues,voiture,5,2,1,1,3
202300053707,2023-01-01 20:57:00,2023,1,1,20,57,49,49007,POIREL BOULEVARD,47.46123,-0.56177,Nuit avec éclairage allumé,En agglomération,Hors intersection,Pluie légère,Deux véhicules - frontale,4,2,3,3,1,1,2,0,1,30,2,2,1,0,0,1,21.0,23.0,voiture,deux_roues,5,2,1,2,1
202300053708,2023-02-11 06:44:00,2023,2,11,6,44,63,63113,Côte Blatin / Blum,45.7718,3.0938,Nuit avec éclairage allumé,En agglomération,Intersection en X,Normale,Deux véhicules - côté,4,1,3,0,1,1,1,0,1,50,2,2,1,0,0,1,21.0,21.0,deux_roues,voiture,5,2,2,1,3
202300053708,2023-02-11 06:44:00,2023,2,11,6,44,63,63113,Côte Blatin / Blum,45.7718,3.0938,Nuit avec éclairage allumé,En agglomération,Intersection en X,Normale,Deux véhicules - côté,4,1,3,2,1,1,1,0,1,50,2,2,1,0,0,1,21.0,21.0,deux_roues,voiture,5,2,2,1,3
202300053709,2023-05-09 11:15:00,2023,5,9,11,15,21,21455,RD 971,47.763964,4.574876,Plein jour,Hors agglomération,Hors intersection,Pluie légère,Autre collision,3,2,2,0,1,1,2,0,3,90,1,1,0,0,1,0,73.0,,voiture,,1,1,1,2,6
202300053710,2023-03-09 15:15:00,2023,3,9,15,15,59,59603,RD 59,50.3234866,3.49555135,Plein jour,Hors agglomération,Hors intersection,Pluie légère,Autre collision,3,2,2,0,4,3,2,0,3,50,1,1,0,1,0,0,73.0,,voiture,,1,1,1,2,6
202300053711,2023-06-16 20:45:00,2023,6,16,20,45,92,92044,MATHILD GIRAUD (SQUARE)38BAUDIN,48.8969,2.28202,Plein jour,En agglomération,Intersection en X,Normale,Deux véhicules - côté,4,1,2,0,1,1,1,0,1,50,2,2,1,0,0,1,25.0,51.0,voiture,voiture,1,2,2,1,3
202300053711,2023-06-16 20:45:00,2023,6,16,20,45,92,92044,MATHILD GIRAUD (SQUARE)38BAUDIN,48.8969,2.28202,Plein jour,En agglomération,Intersection en X,Normale,Deux véhicules - côté,4,2,2,0,1,1,1,0,8,50,2,2,1,0,0,1,25.0,51.0,voiture,voiture,1,2,2,1,3
202300053712,2023-09-26 15:15:00,2023,9,26,15,15,75,75118,AVENUE DE LA PORTE DE MONTMARTRE,48.900225,2.335603,Plein jour,En agglomération,Intersection en T,Normale,Deux véhicules - arrière,4,2,4,0,1,3,1,0,1,30,2,2,1,0,0,1,48.0,36.0,utilitaire_camion,deux_roues,1,2,3,1,2
202300053712,2023-09-26 15:15:00,2023,9,26,15,15,75,75118,AVENUE DE LA PORTE DE MONTMARTRE,48.900225,2.335603,Plein jour,En agglomération,Intersection en T,Normale,Deux véhicules - arrière,4,1, -1,-1,1,1,1,0,1,-1,2,2,1,0,0,1,48.0,36.0,utilitaire_camion,deux_roues,1,2,3,1,2
202300053713,2023-11-29 18:48:00,2023,11,29,18,48,79,79191,,46.31796,-0.3934,Nuit sans éclairage public,Hors agglomération,Hors intersection,Normale,Trois véhicules et plus - en chaîne,3,2,3,0,1,2,1,0,1,90,3,4,2,0,0,2,42.0,26.0,utilitaire_camion,voiture,3,1,1,1,4
202300053714,2023-07-15 02:00:00,2023,7,15,2,0,60,60159,86 Rue du Bataillon de France,49.4228,2.83806,Nuit avec éclairage non allumé,En agglomération,Hors intersection,Normale,Autre collision,4,2,2,0,1,1,1,0,1,50,1,1,0,0,1,0,23.0,,deux_roues,,4,2,1,1,6
202300053715,2023-02-11 10:10:00,2023,2,11,10,10,62,62516,Boulevard de Paris,50.55179,2.47535,Plein jour,En agglomération,Hors intersection,Normale,Autre collision,4,2,2,0,1,1,1,0,1,50,1,2,1,0,1,0,70.0,,voiture,,1,2,1,1,6
202300053716,2023-01-01 16:00:00,2023,1,1,16,0,45,45004,D163 PR 6 + 456,47.98396,2.8251,Plein jour,Hors agglomération,Hors intersection,Normale,Deux véhicules - arrière,3,2,2,0,1,3,1,0,1,80,2,2,1,0,0,1,26.0,21.0,deux_roues,deux_roues,1,1,1,1,2
202300053717,2023-06-18 15:30:00,2023,6,18,15,30,92,92012,RHIN ET DANUBE (ROND POINT),48.84077958,2.22885936,Plein jour,En agglomération,Giratoire,Normale,Autre collision,3,1,2,0,1,1,1,5,1,50,1,2,1,0,0,1,55.0,,voiture,,1,2,6,1,6
202300053718,2023-02-11 17:35:00,2023,2,11,17,35,61,61006,Voie Communale,48.74331,-0.02472,Plein jour,En agglomération,Hors intersection,Normale,Deux véhicules - côté,4,2,2,0,1,1,1,0,1,30,2,3,2,0,0,1,20.0,22.0,voiture,deux_roues,1,2,1,1,3
202300053719,2023-05-08 10:00:00,2023,5,8,10,0,87,87003,La Salesse,46.295499,1.336719,Plein jour,Hors agglomération,Hors intersection,Temps couvert,Deux véhicules - frontale,3,2,2,0,2,3,1,0,1,80,2,3,2,0,0,1,32.0,61.0,voiture,voiture,1,1,1,8,1
202300053720,2023-03-29 17:50:00,2023,3,29,17,50,59,59426,SALENGRO (PLACE ROGER),50.75087973,3.15159023,Plein jour,En agglomération,Intersection en T,Normale,Autre collision,4,2,2,0,2,3,1,0,1,30,1,2,1,0,0,1,62.0,,voiture,,1,2,3,1,6
202300053720,2023-03-29 17:50:00,2023,3,29,17,50,59,59426,SALENGRO (PLACE ROGER),50.75087973,3.15159023,Plein jour,En agglomération,Intersection en T,Normale,Autre collision,4,2,2,0,1,1,1,0,1,30,1,2,1,0,0,1,62.0,,voiture,,1,2,3,1,6
202300053721,2023-09-26 09:00:00,2023,9,26,9,0,75,75118,BOULEVARD DE CLICHY,48.883716,2.333365,Plein jour,En agglomération,Hors intersection,Normale,Autre collision,4,1,2,3,1,1,1,-1,6,25,1,2,1,0,0,1,29.0,,deux_roues,,1,2,1,1,6
202300053722,2023-06-10 14:00:00,2023,6,10,14,0,971,97113,MONTAUBAN (SECTEUR),16.20882293,-61.50004864,Plein jour,En agglomération,Hors intersection,Temps éblouissant,Autre collision,3,2,2,0,1,1,1,0,1,30,1,2,1,0,0,1,28.0,,voiture,,1,2,1,7,6
202300053723,2023-01-01 18:03:00,2023,1,1,18,3,35,35238,VERDUN (BD DE),48.11576706,-1.69151768,Nuit avec éclairage allumé,En agglomération,Hors intersection,Normale,Autre collision,4,2,2,2,2,1,2,0,1,50,1,2,1,0,0,1,30.0,,voiture,,5,2,1,1,6
202300053724,2023-02-10 15:20:00,2023,2,10,15,20,59,59390,COMPIEGNE (RUE),50.33741716,3.19544435,Plein jour,En agglomération,Hors intersection,Normale,Autre collision,3,3,2,0,1,1,1,0,1,50,1,1,0,1,0,0,56.0,,voiture,,1,2,1,1,6
202300053725,2023-10-26 09:45:00,2023,10,26,9,45,71,71486,VERNOIS (RUE DU),46.662498,4.36568,Plein jour,En agglomération,Intersection en X,Pluie légère,Deux véhicules - côté,4,2,2,-1,1,1,2,0,1,50,2,2,0,0,0,2,37.0,42.0,voiture,voiture,1,2,2,2,3
202300053725,2023-10-26 09:45:00,2023,10,26,9,45,71,71486,VERNOIS (RUE DU),46.662498,4.36568,Plein jour,En agglomération,Intersection en X,Pluie légère,Deux véhicules - côté,4,2,2,0,1,1,2,0,1,50,2,2,0,0,0,2,37.0,42.0,voiture,voiture,1,2,2,2,3
202300053726,2023-07-12 19:26:00,2023,7,12,19,26,59,59507,BEL AIR RUE DU,50.60823,3.0899,Plein jour,En agglomération,Intersection en T,Normale,Deux véhicules - côté,4,1,1,1,1,1,1,0,1,30,2,2,1,0,0,1,61.0,12.0,voiture,deux_roues,1,2,3,1,3
202300053726,2023-07-12 19:26:00,2023,7,12,19,26,59,59507,BEL AIR RUE DU,50.60823,3.0899,Plein jour,En agglomération,Intersection en T,Normale,Deux véhicules - côté,4,1,1,1,1,1,1,0,1,30,2,2,1,0,0,1,61.0,12.0,voiture,deux_roues,1,2,3,1,3
202300053727,2023-03-29 13:35:00,2023,3,29,13,35,59,59410,SANGNIER MARC AVENUE,50.64692072,3.11125517,Plein jour,En agglomération,Hors intersection,Normale,Deux véhicules - frontale,7,2,2,1,1,1,1,0,1,30,2,2,1,0,0,1,,19.0,voiture,deux_roues,1,2,1,1,1
202300053728,2023-05-08 18:05:00,2023,5,8,18,5,30,30228,,43.930153,4.389424,Plein jour,Hors agglomération,Hors intersection,Normale,Deux véhicules - côté,3,2,2,0,2,3,1,0,1,80,2,2,1,0,1,0,25.0,36.0,voiture,deux_roues,1,1,1,1,3
202300053729,2023-06-01 17:10:00,2023,6,1,17,10,62,62548,A16,50.93749,1.93334,Plein jour,Hors agglomération,Hors intersection,Normale,Trois véhicules et plus - collisions multiples,1,-1,2,0,1,1,1,0,1,110,3,3,1,0,2,0,64.0,54.0,utilitaire_camion,utilitaire_camion,1,1,1,1,5
202300053730,2023-11-29 19:15:00,2023,11,29,19,15,77,77122,D57G,48.64937,2.56437,Nuit avec éclairage allumé,En agglomération,Hors intersection,Normale,Autre collision,3,2,2,0,1,1,1,0,1,50,1,2,1,0,0,1,45.0,,voiture,,5,2,1,1,6
202300053731,2023-03-02 10:35:00,2023,3,2,10,35,57,57143,CLEMENCEAU (RUE),49.26,6.09421,Plein jour,En agglomération,Hors intersection,Normale,Autre collision,4,2,2,0,1,1,1,0,1,50,1,2,1,0,1,0,91.0,,voiture,,1,2,1,1,6
202300053732,2023-07-14 10:00:00,2023,7,14,10,0,51,51454,DAUPHINOT (BOULEVARD),49.2615,4.0567,Plein jour,En agglomération,Hors intersection,Normale,Autre collision,4,2,2,0,1,1,1,0,1,50,1,2,1,0,0,1,58.0,,voiture,,1,2,1,1,6
202300053733,2023-01-01 10:50:00,2023,1,1,10,50,35,35238,BERGER (AVENUE GASTON),48.11603,-1.70509,Plein jour,En agglomération,Intersection en X,Pluie légère,Deux véhicules - arrière,4,3,2,2,4,3,2,0,1,50,2,3,1,0,0,2,26.0,47.0,utilitaire_camion,voiture,1,2,2,2,2
202300053733,2023-01-01 10:50:00,2023,1,1,10,50,35,35238,BERGER (AVENUE GASTON),48.11603,-1.70509,Plein jour,En agglomération,Intersection en X,Pluie légère,Deux véhicules - arrière,4,1,1,2,1,1,2,0,1,50,2,3,1,0,0,2,26.0,47.0,utilitaire_camion,voiture,1,2,2,2,2
202300053734,2023-05-07 22:40:00,2023,5,7,22,40,35,35352,la Planche,48.07595,-1.605849,Nuit sans éclairage public,Hors agglomération,Hors intersection,Normale,Autre collision,3,2,2,0,1,2,1,0,3,50,1,1,0,1,0,0,20.0,,voiture,,3,1,1,1,6
202300053735,2023-06-10 01:30:00,2023,6,10,1,30,95,95582,MAGENDIE (RUE) ,48.977487,2.252642,Nuit sans éclairage public,En agglomération,Intersection à plus de 4 branches,Normale,Deux véhicules - côté,4,1,1,0,2,1,1,0,1,50,2,2,1,0,1,0,21.0,,voiture,voiture,3,2,5,1,3
202300053735,2023-06-10 01:30:00,2023,6,10,1,30,95,95582,MAGENDIE (RUE) ,48.977487,2.252642,Nuit sans éclairage public,En agglomération,Intersection à plus de 4 branches,Normale,Deux véhicules - côté,4,2,2,0,1,1,1,0,1,50,2,2,1,0,1,0,21.0,,voiture,voiture,3,2,5,1,3
202300053736,2023-08-23 15:00:00,2023,8,23,15,0,974,97416,CD 26,-21.29579,55.44447,Plein jour,Hors agglomération,Hors intersection,Normale,Sans collision,3,2,2,0,1,1,1,0,1,50,1,1,0,0,0,1,15.0,,deux_roues,,1,1,1,1,7
202300053737,2023-03-10 17:30:00,2023,3,10,17,30,59,59350,LOUIS XIV BOULEVARD,50.62,3.07,Plein jour,En agglomération,Hors intersection,Normale,Deux véhicules - côté,4,1,2,1,1,1,1,0,5,50,2,2,1,0,0,1,52.0,36.0,voiture,deux_roues,1,2,1,1,3
202300053738,2023-10-25 16:40:00,2023,10,25,16,40,71,71059,CHARLEVILLE (RUE DE),46.80615,4.47833,Plein jour,En agglomération,Hors intersection,Pluie forte,Deux véhicules - frontale,4,2,2,0,2,3,2,0,1,50,2,3,1,0,1,1,21.0,78.0,voiture,voiture,1,2,1,3,1
202300053739,2023-09-26 19:15:00,2023,9,26,19,15,75,75116,CARREFOUR DES CASCADES,48.858412,2.258927,Crépuscule ou aube,En agglomération,Intersection en X,Normale,Deux véhicules - côté,4,3,2,0,1,1,1,0,1,30,2,2,0,0,0,2,38.0,46.0,deux_roues,deux_roues,2,2,2,1,3
202300053739,2023-09-26 19:15:00,2023,9,26,19,15,75,75116,CARREFOUR DES CASCADES,48.858412,2.258927,Crépuscule ou aube,En agglomération,Intersection en X,Normale,Deux véhicules - côté,4,2, -1,-1,1,1,1,0,1,-1,2,2,0,0,0,2,38.0,46.0,deux_roues,deux_roues,2,2,2,1,3
202300053740,2023-02-09 01:35:00,2023,2,9,1,35,57,57019,CD181,49.22254,6.05667,Nuit sans éclairage public,Hors agglomération,Hors intersection,Autre,Sans collision,3,2,2,0,1,1,7,0,3,80,1,1,0,0,1,0,58.0,,voiture,,3,1,1,9,7
202300053741,2023-07-14 20:37:00,2023,7,14,20,37,37,37195,CHAPELLE (RUE DE LA),47.37615088,0.65969467,Plein jour,En agglomération,Passage à niveau,Normale,Autre collision,4,2,1,0,1,1,1,4,6,-1,1,2,1,0,1,0,30.0,,transport_commun,,1,2,8,1,6
202300053742,2023-06-09 16:40:00,2023,6,9,16,40,27,27681,FUTAIE (RUE DE LA),49.07758,1.48338,Plein jour,En agglomération,Hors intersection,Normale,Sans collision,4,-1,0,3,2,1,1,0,8,20,1,1,0,0,1,0,17.0,,deux_roues,,1,2,1,1,7
202300053743,2023-01-01 06:05:00,2023,1,1,6,5,34,34172,M986,43.58893,3.89077,Nuit avec éclairage allumé,En agglomération,Hors intersection,Normale,Deux véhicules - frontale,7,3,5,0,2,3,1,0,1,50,2,2,1,0,0,1,62.0,,voiture,voiture,5,2,1,1,1
202300053744,2023-08-22 07:55:00,2023,8,22,7,55,974,97416,OLIVINES (RUE DES),-21.32333,55.47446,Plein jour,En agglomération,Hors intersection,Normale,Deux véhicules - côté,4,2,3,0,1,1,1,5,1,50,2,2,1,0,0,1,59.0,31.0,voiture,deux_roues,1,2,1,1,3
202300053745,2023-05-09 12:00:00,2023,5,9,12,0,03,03118,A719,46.117015,3.176295,Plein jour,Hors agglomération,Hors intersection,Pluie forte,Deux véhicules - arrière,1,1,2,0,2,1,2,0,8,130,2,3,1,0,1,1,25.0,61.0,utilitaire_camion,utilitaire_camion,1,1,1,3,2
202300053746,2023-03-29 08:40:00,2023,3,29,8,40,59,59350,VAUBAN BOULEVARD N°2-18-1-39,50.63339,3.04767,Plein jour,En agglomération,Intersection en X,Normale,Deux véhicules - côté,4,3,4,1,1,1,1,0,8,50,2,2,1,0,0,1,22.0,47.0,voiture,deux_roues,1,2,2,1,3
202300053746,2023-03-29 08:40:00,2023,3,29,8,40,59,59350,VAUBAN BOULEVARD N°2-18-1-39,50.63339,3.04767,Plein jour,En agglomération,Intersection en X,Normale,Deux véhicules - côté,4,3,4,1,1,1,1,0,6,50,2,2,1,0,0,1,22.0,47.0,voiture,deux_roues,1,2,2,1,3
202300053747,2023-10-27 13:55:00,2023,10,27,13,55,71,71076,RENE CASSIN (RUE),46.77374,4.86508,Plein jour,En agglomération,Hors intersection,Pluie légère,Deux véhicules - côté,4,3,2,0,1,1,2,0,1,50,2,3,1,0,0,2,38.0,49.0,voiture,voiture,1,2,1,2,3
202300053748,2023-02-22 21:50:00,2023,2,22,21,50,69,69290,Autoroute 43 ,45.71287487,4.94659518,Nuit sans éclairage public,Hors agglomération,Hors intersection,Normale,Autre collision,1,3,6,0,1,1,1,0,1,90,1,1,0,0,1,0,36.0,,voiture,,3,1,1,1,6
202300053749,2023-09-26 16:00:00,2023,9,26,16,0,75,75116,PLACE TATTEGRAIN,48.864028,2.271947,Plein jour,En agglomération,Place,Normale,Deux véhicules - arrière,4,3, -1,-1,1,1,1,0,1,-1,2,2,1,0,0,1,41.0,24.0,voiture,deux_roues,1,2,7,1,2
202300053749,2023-09-26 16:00:00,2023,9,26,16,0,75,75116,PLACE TATTEGRAIN,48.864028,2.271947,Plein jour,En agglomération,Place,Normale,Deux véhicules - arrière,4,4,2,0,1,1,1,0,1,30,2,2,1,0,0,1,41.0,24.0,voiture,deux_roues,1,2,7,1,2
202300053750,2023-07-14 10:10:00,2023,7,14,10,10,37,37261,TONNELLE (BOULEVARD),47.38294357,0.66833138,Plein jour,En agglomération,Intersection en T,Normale,Autre collision,4,2, -1,-1,1,1,1,0,4,50,1,1,0,0,0,1,75.0,,deux_roues,,1,2,3,1,6
202300053750,2023-07-14 10:10:00,2023,7,14,10,10,37,37261,TONNELLE (BOULEVARD),47.38294357,0.66833138,Plein jour,En agglomération,Intersection en T,Normale,Autre collision,4,2,1,1,1,1,1,0,4,50,1,1,0,0,0,1,75.0,,deux_roues,,1,2,3,1,6
202300053751,2023-11-30 17:20:00,2023,11,30,17,20,76,76540,Rue Dufay,49.42473,1.07508,Crépuscule ou aube,En agglomération,Hors intersection,Pluie légère,Autre collision,4,2,2,0,1,1,2,0,1,30,1,2,0,0,1,1,43.0,,voiture,,2,2,1,2,6
202300053752,2023-05-07 16:00:00,2023,5,7,16,0,01,01087,Autoroute A40 - PK 112+760 vers Genève,46.17086,5.678363,Plein jour,Hors agglomération,Hors intersection,Temps couvert,Autre collision,1,1,2,0,1,3,2,0,1,110,1,1,0,0,0,1,35.0,,voiture,,1,1,1,8,6
202300053753,2023-02-12 22:50:00,2023,2,12,22,50,50,50129,RN 13,49.63452,-1.56363,Nuit sans éclairage public,Hors agglomération,Hors intersection,Normale,Autre collision,2,3,4,0,2,3,1,0,1,90,1,4,2,0,0,2,20.0,,voiture,,3,1,1,1,6
202300053754,2023-08-22 06:20:00,2023,8,22,6,20,974,97416,AUGUSTIN ARCHAMBAUD(RUE),-21.33026,55.47944,Crépuscule ou aube,En agglomération,Hors intersection,Normale,Sans collision,2,2,3,0,1,1,1,0,1,50,2,2,1,0,0,1,60.0,32.0,utilitaire_camion,deux_roues,2,2,1,1,7
202300053755,2023-01-01 18:50:00,2023,1,1,18,50,22,22215,MERLET (RUE DE),48.4899,-2.8125,Nuit sans éclairage public,Hors agglomération,Hors intersection,Pluie légère,Deux véhicules - côté,3,2,2,0,1,3,2,0,1,80,2,4,3,0,0,1,27.0,80.0,voiture,voiture,3,1,1,2,3
202300053756,2023-10-27 02:45:00,2023,10,27,2,45,67,67482,MENACHEM TAFFEL (RUE),48.57407,7.74471,Nuit avec éclairage allumé,En agglomération,Hors intersection,Pluie légère,Sans collision,4,2,4,3,1,3,2,0,3,50,1,1,0,0,0,1,33.0,,deux_roues,,5,2,1,2,7
202300053757,2023-03-28 16:00:00,2023,3,28,16,0,56,56121,27 Avenue Jean Jaurès,47.74528,-3.37322,Plein jour,En agglomération,Intersection en T,Normale,Deux véhicules - arrière,4,2,2,0,1,1,1,0,1,30,2,2,1,0,0,1,19.0,62.0,deux_roues,voiture,1,2,3,1,2
202300053757,2023-03-28 16:00:00,2023,3,28,16,0,56,56121,27 Avenue Jean Jaurès,47.74528,-3.37322,Plein jour,En agglomération,Intersection en T,Normale,Deux véhicules - arrière,4,2,2,0,1,1,1,0,1,30,2,2,1,0,0,1,19.0,62.0,deux_roues,voiture,1,2,3,1,2
202300053758,2023-08-22 18:20:00,2023,8,22,18,20,974,97411,JAURES (BOULEVARD JEAN),-20.8918,55.46719,Plein jour,En agglomération,Hors intersection,Normale,Sans collision,2,1,3,0,2,1,1,0,1,50,1,1,0,0,0,1,15.0,,deux_roues,,1,2,1,1,7
202300053759,2023-09-26 08:15:00,2023,9,26,8,15,75,75116,ALLEE DE LA REINE MARGUERITE,48.858558,2.244877,Plein jour,En agglomération,Intersection en X,Normale,Deux véhicules - côté,4,2,4,0,1,1,1,0,5,50,2,2,1,0,0,1,43.0,34.0,deux_roues,voiture,1,2,2,1,3
202300053759,2023-09-26 08:15:00,2023,9,26,8,15,75,75116,ALLEE DE LA REINE MARGUERITE,48.858558,2.244877,Plein jour,En agglomération,Intersection en X,Normale,Deux véhicules - côté,4,2,3,0,1,1,1,0,5,50,2,2,1,0,0,1,43.0,34.0,deux_roues,voiture,1,2,2,1,3
202300053760,2023-11-29 18:20:00,2023,11,29,18,20,76,76351,COLBERT (QUAI),49.49095787,0.12317643,Nuit avec éclairage allumé,En agglomération,Intersection en X,Pluie légère,Autre collision,4,-1,2,3,1,1,2,0,1,50,1,2,1,0,0,1,45.0,,voiture,,5,2,2,2,6
202300053760,2023-11-29 18:20:00,2023,11,29,18,20,76,76351,COLBERT (QUAI),49.49095787,0.12317643,Nuit avec éclairage allumé,En agglomération,Intersection en X,Pluie légère,Autre collision,4,2, -1,-1,1,1,2,0,1,-1,1,2,1,0,0,1,45.0,,voiture,,5,2,2,2,6
202300053761,2023-06-10 13:00:00,2023,6,10,13,0,974,97416,BOIS NOIRS(ALLEE DES),-21.28811,55.45713,Plein jour,En agglomération,Hors intersection,Normale,Deux véhicules - arrière,3,2,2,0,1,1,1,0,1,50,2,2,1,0,0,1,55.0,60.0,voiture,transport_commun,1,2,1,1,2
202300053762,2023-07-14 23:05:00,2023,7,14,23,5,35,35238,NATIONALE,48.12801,-1.71185,Nuit sans éclairage public,Hors agglomération,Hors intersection,Normale,Deux véhicules - côté,2,1,1,0,2,2,1,3,1,50,2,2,1,0,0,1,,58.0,voiture,voiture,3,1,1,1,3
202300053763,2023-02-12 19:15:00,2023,2,12,19,15,49,49099,PRAT (AVENUE MARCEL),47.05565,-0.89604,Nuit avec éclairage allumé,En agglomération,Giratoire,Normale,Deux véhicules - côté,4,1,2,0,1,1,1,0,1,50,2,2,1,0,0,1,24.0,37.0,voiture,voiture,5,2,6,1,3
202300053764,2023-03-28 20:10:00,2023,3,28,20,10,54,54395,LOBAU (BOULEVARD),48.6835,6.19677,Crépuscule ou aube,En agglomération,Hors intersection,Normale,Deux véhicules - arrière,4,2,4,0,1,1,1,0,1,50,2,2,1,0,1,0,63.0,23.0,voiture,deux_roues,2,2,1,1,2
202300053765,2023-05-08 16:30:00,2023,5,8,16,30,78,78010,D45,48.915056,1.934616,Plein jour,Hors agglomération,Intersection en T,Normale,Deux véhicules - arrière,3,2,2,0,1,1,1,0,1,80,2,3,2,0,1,0,22.0,32.0,voiture,utilitaire_camion,1,1,3,1,2
202300053765,2023-05-08 16:30:00,2023,5,8,16,30,78,78010,D45,48.915056,1.934616,Plein jour,Hors agglomération,Intersection en T,Normale,Deux véhicules - arrière,3,2, -1,-1,1,1,1,0,1,-1,2,3,2,0,1,0,22.0,32.0,voiture,utilitaire_camion,1,1,3,1,2
202300053766,2023-08-22 15:55:00,2023,8,22,15,55,974,97411,POIVRE (RUE),-20.88762,55.45158,Plein jour,En agglomération,Hors intersection,Normale,Autre collision,4,1,1,0,1,1,1,0,3,50,1,1,0,0,0,1,17.0,,deux_roues,,1,2,1,1,6
202300053767,2023-10-26 12:00:00,2023,10,26,12,0,67,67482,RICHARD STRAUSS (RUE),48.596598,7.759255,Plein jour,En agglomération,Passage à niveau,Temps couvert,Deux véhicules - côté,4,2,2,0,1,3,2,4,6,50,2,2,1,0,0,1,36.0,31.0,transport_commun,utilitaire_camion,1,2,8,8,3
202300053767,2023-10-26 12:00:00,2023,10,26,12,0,67,67482,RICHARD STRAUSS (RUE),48.596598,7.759255,Plein jour,En agglomération,Passage à niveau,Temps couvert,Deux véhicules - côté,4,3,5,1,1,1,2,4,6,50,2,2,1,0,0,1,36.0,31.0,transport_commun,utilitaire_camion,1,2,8,8,3
202300053768,2023-11-29 12:30:00,2023,11,29,12,30,72,72181,SAVORGNAN DE BRAZZA (AV) N° IMP,48.01367,0.22215,Plein jour,En agglomération,Hors intersection,Normale,Autre collision,4,2,2,0,1,1,1,0,1,50,1,2,1,0,0,1,92.0,,voiture,,1,2,1,1,6
202300053769,2023-01-01 04:25:00,2023,1,1,4,25,17,17415,ROCADE OUEST,45.725586,-0.647673,Nuit sans éclairage public,Hors agglomération,Autre intersection,Normale,Deux véhicules - frontale,3,2,2,0,1,1,1,0,1,80,2,5,0,0,4,1,35.0,24.0,voiture,voiture,3,1,9,1,1
202300053770,2023-07-14 10:40:00,2023,7,14,10,40,35,35238,SAINT-AUBIN (CONTOUR),48.115344,-1.679941,Plein jour,En agglomération,Hors intersection,Temps couvert,Autre collision,4,1,1,0,1,4,1,0,1,30,1,2,1,0,0,1,48.0,,deux_roues,,1,2,1,8,6
202300053771,2023-09-26 10:45:00,2023,9,26,10,45,75,75115,AVENUE EMILE ZOLA,48.846413,2.283124,Plein jour,En agglomération,Intersection en X,Normale,Deux véhicules - côté,4,2,2,0,1,1,1,0,1,30,2,2,0,0,0,2,19.0,23.0,deux_roues,deux_roues,1,2,2,1,3
202300053771,2023-09-26 10:45:00,2023,9,26,10,45,75,75115,AVENUE EMILE ZOLA,48.846413,2.283124,Plein jour,En agglomération,Intersection en X,Normale,Deux véhicules - côté,4,1, -1,-1,1,1,1,0,1,-1,2,2,0,0,0,2,19.0,23.0,deux_roues,deux_roues,1,2,2,1,3
202300053772,2023-02-12 17:37:00,2023,2,12,17,37,49,49353,SEMARD,47.45088,-0.46199,Plein jour,En agglomération,Hors intersection,Normale,Deux véhicules - frontale,4,2,2,0,1,1,1,2,1,30,2,2,1,0,1,0,41.0,17.0,voiture,deux_roues,1,2,1,1,1
202300053773,2023-06-10 09:10:00,2023,6,10,9,10,974,97407,PASTEUR(AVENUE),-20.94522,55.29275,Plein jour,En agglomération,Giratoire,Normale,Deux véhicules - côté,4,1,2,1,1,1,1,0,5,50,2,2,1,0,0,1,64.0,64.0,deux_roues,voiture,1,2,6,1,3
202300053773,2023-06-10 09:10:00,2023,6,10,9,10,974,97407,PASTEUR(AVENUE),-20.94522,55.29275,Plein jour,En agglomération,Giratoire,Normale,Deux véhicules - côté,4,2,2,0,1,1,1,0,5,50,2,2,1,0,0,1,64.0,64.0,deux_roues,voiture,1,2,6,1,3
202300053774,2023-08-18 07:45:00,2023,8,18,7,45,974,97411,MACE (BOULEVARD GABRIEL),-20.87230975,55.45117378,Plein jour,En agglomération,Hors intersection,Normale,Autre collision,2,2,2,0,1,1,1,0,1,50,1,2,1,0,0,1,29.0,,deux_roues,,1,2,1,1,6
202300053775,2023-03-28 11:50:00,2023,3,28,11,50,54,54395,SCARPONE (BD DE),48.70457,6.1628,Plein jour,En agglomération,Hors intersection,Normale,Deux véhicules - côté,4,2,4,3,1,1,1,0,1,50,2,2,1,0,0,1,18.0,24.0,deux_roues,voiture,1,2,1,1,3
202300053776,2023-01-01 17:40:00,2023,1,1,17,40,17,17306,QUEBEC (AVENUE),45.63258,-1.01834,Nuit avec éclairage allumé,En agglomération,Giratoire,Normale,Sans collision,4,1,1,0,1,3,1,5,3,30,1,1,0,0,0,1,84.0,,voiture,,5,2,6,1,7
202300053777,2023-10-27 09:21:00,2023,10,27,9,21,66,66136,RN 116,42.69416,2.85014,Plein jour,Hors agglomération,Hors intersection,Normale,Deux véhicules - arrière,2,3,2,0,1,1,1,0,1,70,2,2,1,0,0,1,38.0,66.0,voiture,voiture,1,1,1,1,2