accident_id,datetime,annee,mois,jour,heure,minute,departement,commune_insee,adresse,latitude,longitude,luminosite,agglomeration,intersection,meteo,collision,catr,circ,nbv,vosp,prof,plan,surf,infra,situ,vma,nb_vehicules,nb_usagers,nb_indemnes,nb_tues,nb_blesses_hosp,nb_blesses_legers,age_cond_1,age_cond_2,veh_type_cond_1,veh_type_cond_2,lum_code,agg_code,int_code,atm_code,col_code
202300053904,2023-09-25 17:50:00,2023,9,25,17,50,94,94017,Rue de la Gaîté,48.80709172,2.53506464,Plein jour,En agglomération,Hors intersection,Normale,Deux véhicules - arrière,4,1,1,0,2,1,1,0,1,50,2,2,1,0,0,1,63.0,61.0,voiture,deux_roues,1,2,1,1,2
202300053905,2023-07-14 03:15:00,2023,7,14,3,15,75,75115,BOULEVARD DE VAUGIRARD,48.84157,2.318313,Nuit avec éclairage allumé,En agglomération,Intersection en T,Normale,Deux véhicules - côté,4,1,2,0,1,1,1,0,1,50,2,2,1,0,0,1,,36.0,voiture,deux_roues,5,2,3,1,3
202300053905,2023-07-14 03:15:00,2023,7,14,3,15,75,75115,BOULEVARD DE VAUGIRARD,48.84157,2.318313,Nuit avec éclairage allumé,En agglomération,Intersection en T,Normale,Deux véhicules - côté,4,1, -1,-1,1,1,1,0,1,-1,2,2,1,0,0,1,,36.0,voiture,deux_roues,5,2,3,1,3
202300053906,2023-08-21 15:00:00,2023,8,21,15,0,91,91657,AV DE LA TOURELLE,48.69198,2.44276,Plein jour,En agglomération,Hors intersection,Normale,Deux véhicules - côté,4,2,2,0,1,1,1,0,1,50,2,2,1,0,1,0,74.0,53.0,voiture,deux_roues,1,2,1,1,3
202300053907,2023-01-01 01:55:00,2023,1,1,1,55,75,75112,BOULEVARD DE BERCY,48.83995559,2.38232464,Nuit avec éclairage allumé,En agglomération,Intersection en T,Normale,Autre collision,4,2,2,0,1,1,1,0,1,30,1,2,0,0,0,2,87.0,,voiture,,5,2,3,1,6
202300053907,2023-01-01 01:55:00,2023,1,1,1,55,75,75112,BOULEVARD DE BERCY,48.83995559,2.38232464,Nuit avec éclairage allumé,En agglomération,Intersection en T,Normale,Autre collision,4,2,2,0,1,1,1,0,1,30,1,2,0,0,0,2,87.0,,voiture,,5,2,3,1,6
202300053908,2023-10-27 16:15:00,2023,10,27,16,15,51,51454,LUTON (PLACE),49.270516,4.025114,Plein jour,En agglomération,Hors intersection,Normale,Autre collision,4,1,3,2,1,1,1,0,5,50,1,1,0,0,0,1,47.0,,voiture,,1,2,1,1,6
202300053909,2023-03-29 20:25:00,2023,3,29,20,25,31,31555,BRIENNE (ALL DE) DU 1AU 135,43.608397,1.424208,Crépuscule ou aube,En agglomération,Hors intersection,Normale,Deux véhicules - côté,4,1,2,1,1,1,1,0,1,50,2,2,1,0,0,1,22.0,27.0,voiture,voiture,2,2,1,1,3
202300053910,2023-11-30 08:35:00,2023,11,30,8,35,54,54263,Rue Maurice Thorez,49.210361,5.990999,Plein jour,En agglomération,Hors intersection,Neige / grêle,Deux véhicules - frontale,3,2,2,0,1,1,7,0,1,80,2,3,0,0,1,2,29.0,24.0,voiture,utilitaire_camion,1,2,1,4,1
202300053911,2023-09-26 17:30:00,2023,9,26,17,30,93,93066,Boulevard Anatole France,48.91986499,2.34349154,Plein jour,En agglomération,Hors intersection,Normale,Autre collision,3,2,3,2,1,1,1,0,1,50,2,2,1,0,0,1,29.0,48.0,deux_roues,utilitaire_camion,1,2,1,1,6
202300053912,2023-06-09 16:05:00,2023,6,9,16,5,77,77186,ROND POINT OBELISQUE,48.397181,2.692661,Plein jour,Hors agglomération,Giratoire,Normale,Deux véhicules - côté,3,4,2,0,1,1,1,0,1,90,2,2,1,0,0,1,59.0,25.0,voiture,utilitaire_camion,1,1,6,1,3
202300053912,2023-06-09 16:05:00,2023,6,9,16,5,77,77186,ROND POINT OBELISQUE,48.397181,2.692661,Plein jour,Hors agglomération,Giratoire,Normale,Deux véhicules - côté,3,4,2,0,1,2,1,0,1,50,2,2,1,0,0,1,59.0,25.0,voiture,utilitaire_camion,1,1,6,1,3
202300053913,2023-05-09 19:00:00,2023,5,9,19,0,69,69094,Route de Marcy,45.758377,4.697793,Plein jour,En agglomération,Hors intersection,Pluie légère,Deux véhicules - frontale,3,2,2,0,2,2,2,0,1,70,2,2,0,0,1,1,46.0,50.0,voiture,voiture,1,2,1,2,1
202300053914,2023-02-13 10:15:00,2023,2,13,10,15,75,75115,BOULEVARD DE GRENELLE,48.849147,2.297986,Plein jour,En agglomération,Intersection en X,Normale,Autre collision,4,-1,1,0,1,1,1,0,1,30,1,2,1,0,0,1,46.0,,voiture,,1,2,2,1,6
202300053914,2023-02-13 10:15:00,2023,2,13,10,15,75,75115,BOULEVARD DE GRENELLE,48.849147,2.297986,Plein jour,En agglomération,Intersection en X,Normale,Autre collision,4,3, -1,-1,1,1,1,0,1,-1,1,2,1,0,0,1,46.0,,voiture,,1,2,2,1,6
202300053915,2023-10-27 13:55:00,2023,10,27,13,55,50,50218,MATIGNON (AV DES),48.83803,-1.58285,Plein jour,En agglomération,Hors intersection,Normale,Autre collision,4,2,2,1,1,1,1,0,1,50,1,2,1,0,0,1,27.0,,voiture,,1,2,1,1,6
202300053916,2023-07-14 01:45:00,2023,7,14,1,45,75,75115,RUE LECOURBE,48.844404,2.308757,Nuit avec éclairage allumé,En agglomération,Intersection en T,Normale,Deux véhicules - côté,4,1,1,0,1,1,1,0,1,30,2,3,2,0,1,0,,19.0,voiture,deux_roues,5,2,3,1,3
202300053916,2023-07-14 01:45:00,2023,7,14,1,45,75,75115,RUE LECOURBE,48.844404,2.308757,Nuit avec éclairage allumé,En agglomération,Intersection en T,Normale,Deux véhicules - côté,4,1,1,0,1,1,1,0,1,30,2,3,2,0,1,0,,19.0,voiture,deux_roues,5,2,3,1,3
202300053917,2023-03-28 18:00:00,2023,3,28,18,0,29,29019,rue de Glasgow,48.39309,-4.48439,Plein jour,En agglomération,Hors intersection,Pluie légère,Deux véhicules - côté,4,2,4,3,2,1,2,5,1,50,2,2,1,0,0,1,28.0,32.0,deux_roues,transport_commun,1,2,1,2,3
202300053918,2023-05-08 17:15:00,2023,5,8,17,15,46,46100,51 impasse de l'embarcadère,44.55797849,2.02599049,Plein jour,Hors agglomération,Hors intersection,Normale,Autre collision,3,2,2,0,1,3,1,2,8,-1,1,1,0,0,1,0,57.0,,deux_roues,,1,1,1,1,6
202300053919,2023-11-30 12:40:00,2023,11,30,12,40,51,51454,VENISE (RUE),49.24833,4.03551,Plein jour,En agglomération,Hors intersection,Normale,Deux véhicules - arrière,4,2,4,2,1,1,1,0,1,30,2,2,1,0,0,1,65.0,35.0,voiture,utilitaire_camion,1,2,1,1,2
202300053920,2023-01-01 19:00:00,2023,1,1,19,0,75,75111,BOULEVARD VOLTAIRE,48.84909919,2.39472717,Nuit avec éclairage allumé,En agglomération,Place,Pluie légère,Autre collision,4,2,4,1,1,1,2,6,1,30,1,2,1,0,0,1,33.0,,voiture,,5,2,7,2,6
202300053920,2023-01-01 19:00:00,2023,1,1,19,0,75,75111,BOULEVARD VOLTAIRE,48.84909919,2.39472717,Nuit avec éclairage allumé,En agglomération,Place,Pluie légère,Autre collision,4,1,3,0,1,1,2,0,1,30,1,2,1,0,0,1,33.0,,voiture,,5,2,7,2,6
202300053921,2023-06-09 19:00:00,2023,6,9,19,0,72,72181,ESTEREL USINE DES EAUX,47.994,0.234,Plein jour,En agglomération,Hors intersection,Normale,Autre collision,4,2,2,0,1,1,1,0,1,50,1,2,1,0,0,1,55.0,,voiture,,1,2,1,1,6
202300053922,2023-09-26 15:00:00,2023,9,26,15,0,93,93055,Avenue Jean Lolive,48.89418391,2.41827477,Plein jour,En agglomération,Hors intersection,Normale,Autre collision,3,2,3,0,1,1,1,5,1,30,1,2,1,0,0,1,41.0,,utilitaire_camion,,1,2,1,1,6
202300053923,2023-08-23 11:30:00,2023,8,23,11,30,91,91027,RUE PAUL DEMANGE,48.71616,2.37081,Plein jour,En agglomération,Intersection en X,Normale,Deux véhicules - côté,2,3,4,0,1,1,1,5,1,50,2,6,3,0,0,3,46.0,66.0,voiture,voiture,1,2,2,1,3
202300053923,2023-08-23 11:30:00,2023,8,23,11,30,91,91027,RUE PAUL DEMANGE,48.71616,2.37081,Plein jour,En agglomération,Intersection en X,Normale,Deux véhicules - côté,2,3,1,0,1,1,1,5,1,50,2,6,3,0,0,3,46.0,66.0,voiture,voiture,1,2,2,1,3
202300053924,2023-03-30 01:10:00,2023,3,30,1,10,27,27229,VAL ITON (RUE DU),49.032869,1.145266,Nuit avec éclairage allumé,En agglomération,Hors intersection,Normale,Autre collision,4,2,2,0,2,2,1,0,4,50,1,1,0,0,0,1,44.0,,voiture,,5,2,1,1,6
202300053925,2023-10-26 18:30:00,2023,10,26,18,30,49,49007,BRISEPOTIERE,47.48108,-0.5336,Crépuscule ou aube,En agglomération,Intersection en T,Pluie légère,Deux véhicules - frontale,4,2,2,0,1,1,2,0,1,50,2,2,1,0,0,1,19.0,26.0,voiture,deux_roues,2,2,3,2,1
202300053925,2023-10-26 18:30:00,2023,10,26,18,30,49,49007,BRISEPOTIERE,47.48108,-0.5336,Crépuscule ou aube,En agglomération,Intersection en T,Pluie légère,Deux véhicules - frontale,4,2, -1,-1,1,1,2,0,1,-1,2,2,1,0,0,1,19.0,26.0,voiture,deux_roues,2,2,3,2,1
202300053926,2023-02-13 21:30:00,2023,2,13,21,30,75,75111,BOULEVARD VOLTAIRE,48.855352,2.384312,Nuit avec éclairage allumé,En agglomération,Intersection en T,Normale,Deux véhicules - côté,4,2,4,1,1,1,1,0,1,30,2,2,1,0,0,1,51.0,31.0,deux_roues,deux_roues,5,2,3,1,3
202300053926,2023-02-13 21:30:00,2023,2,13,21,30,75,75111,BOULEVARD VOLTAIRE,48.855352,2.384312,Nuit avec éclairage allumé,En agglomération,Intersection en T,Normale,Deux véhicules - côté,4,2, -1,-1,1,1,1,0,1,-1,2,2,1,0,0,1,51.0,31.0,deux_roues,deux_roues,5,2,3,1,3
202300053927,2023-07-14 20:40:00,2023,7,14,20,40,75,75114,AVENUE DU GENERAL LECLERC,48.824694,2.325891,Plein jour,En agglomération,Intersection en T,Normale,Deux véhicules - côté,4,-1,4,0,1,1,1,-1,6,30,2,2,1,0,0,1,18.0,23.0,deux_roues,voiture,1,2,3,1,3
202300053927,2023-07-14 20:40:00,2023,7,14,20,40,75,75114,AVENUE DU GENERAL LECLERC,48.824694,2.325891,Plein jour,En agglomération,Intersection en T,Normale,Deux véhicules - côté,4,1, -1,-1,1,1,1,-1,6,-1,2,2,1,0,0,1,18.0,23.0,deux_roues,voiture,1,2,3,1,3
202300053928,2023-05-07 07:45:00,2023,5,7,7,45,09,09082,D117,42.995369,1.321832,Crépuscule ou aube,Hors agglomération,Hors intersection,Temps couvert,Autre collision,3,2,1,0,2,1,1,9,3,80,1,2,0,0,1,1,21.0,,voiture,,2,1,1,8,6
202300053929,2023-09-26 14:45:00,2023,9,26,14,45,93,93050,Avenue Paul Doumer,48.858073,2.52438,Plein jour,En agglomération,Hors intersection,Normale,Autre collision,3,2,2,0,1,1,1,6,1,50,1,2,1,0,0,1,25.0,,voiture,,1,2,1,1,6
202300053930,2023-11-28 07:50:00,2023,11,28,7,50,50,50129,GAMBETTA (RUE),49.63823,-1.62632,Crépuscule ou aube,En agglomération,Hors intersection,Normale,Autre collision,4,2,2,0,1,1,1,0,1,30,1,2,1,0,0,1,19.0,,voiture,,2,2,1,1,6
202300053931,2023-06-09 11:55:00,2023,6,9,11,55,72,72181,SAURIA CHARLES (RUE),48.03197,0.18261,Plein jour,En agglomération,Autre intersection,Normale,Deux véhicules - arrière,4,2,2,0,1,1,1,0,1,-1,2,2,1,0,1,0,63.0,20.0,voiture,voiture,1,2,9,1,2
202300053932,2023-01-01 23:04:00,2023,1,1,23,4,75,75107,RUE SAINT DOMINIQUE,48.858105,2.30145,Nuit avec éclairage allumé,En agglomération,Intersection en T,Pluie légère,Sans collision,4,1,1,0,1,1,2,0,1,30,1,1,0,0,0,1,22.0,,deux_roues,,5,2,3,2,7
202300053932,2023-01-01 23:04:00,2023,1,1,23,4,75,75107,RUE SAINT DOMINIQUE,48.858105,2.30145,Nuit avec éclairage allumé,En agglomération,Intersection en T,Pluie légère,Sans collision,4,1,1,0,1,1,2,0,1,30,1,1,0,0,0,1,22.0,,deux_roues,,5,2,3,2,7
202300053933,2023-08-20 03:09:00,2023,8,20,3,9,86,86158,D910,46.62971,0.35599,Nuit sans éclairage public,En agglomération,Hors intersection,Normale,Autre collision,3,3,0,0,1,1,1,0,1,70,1,2,1,0,1,0,24.0,,voiture,,3,2,1,1,6
202300053934,2023-01-20 12:08:00,2023,1,20,12,8,19,19272,Victor Continsouza (Quai),45.27159456,1.7762661,Plein jour,En agglomération,Hors intersection,Normale,Sans collision,3,2,2,0,1,1,7,0,1,30,1,1,0,0,0,1,69.0,,deux_roues,,1,2,1,1,7
202300053935,2023-10-27 09:20:00,2023,10,27,9,20,45,45234,19 Boulevard Rocheplatte,47.90564,1.89765,Plein jour,En agglomération,Hors intersection,Normale,Deux véhicules - côté,4,1,3,3,1,1,1,0,1,50,2,2,1,0,0,1,58.0,28.0,voiture,deux_roues,1,2,1,1,3
202300053936,2023-02-13 15:54:00,2023,2,13,15,54,75,75111,AVENUE DE LA REPUBLIQUE,48.864589,2.378034,Plein jour,En agglomération,Intersection en X,Normale,Autre collision,4,2,4,0,1,1,1,0,1,30,1,2,1,0,0,1,33.0,,voiture,,1,2,2,1,6
202300053936,2023-02-13 15:54:00,2023,2,13,15,54,75,75111,AVENUE DE LA REPUBLIQUE,48.864589,2.378034,Plein jour,En agglomération,Intersection en X,Normale,Autre collision,4,1, -1,-1,1,1,1,0,1,-1,1,2,1,0,0,1,33.0,,voiture,,1,2,2,1,6
202300053937,2023-09-26 07:00:00,2023,9,26,7,0,93,93048,Avenue Pasteur,48.86580996,2.43682236,Crépuscule ou aube,En agglomération,Hors intersection,Normale,Autre collision,4,2,2,0,1,1,1,0,1,50,1,2,0,0,0,1,,,voiture,,2,2,1,1,6
202300053938,2023-07-14 16:50:00,2023,7,14,16,50,75,75110,BOULEVARD DE MAGENTA,48.875784,2.356513,Plein jour,En agglomération,Intersection en T,Normale,Deux véhicules - arrière,4,2,4,0,1,1,1,0,1,30,2,2,1,0,0,1,25.0,21.0,voiture,deux_roues,1,2,3,1,2
202300053938,2023-07-14 16:50:00,2023,7,14,16,50,75,75110,BOULEVARD DE MAGENTA,48.875784,2.356513,Plein jour,En agglomération,Intersection en T,Normale,Deux véhicules - arrière,4,1, -1,-1,1,1,1,0,1,-1,2,2,1,0,0,1,25.0,21.0,voiture,deux_roues,1,2,3,1,2
202300053939,2023-06-10 10:10:00,2023,6,10,10,10,71,71306,GENERAL DE GAULLE (QUAI DU),46.67341,4.3613,Plein jour,En agglomération,Hors intersection,Normale,Autre collision,6,-1, -1,0,1,1,1,6,1,50,1,2,1,0,0,1,44.0,,voiture,,1,2,1,1,6
202300053940,2023-11-28 19:00:00,2023,11,28,19,0,50,50129,BARBUSSE (RUE HENRI),49.61383,-1.65587,Nuit sans éclairage public,Hors agglomération,Intersection en T,Pluie légère,Deux véhicules - côté,4,2,2,2,2,1,2,0,1,70,2,2,1,0,1,0,35.0,56.0,voiture,deux_roues,3,1,3,2,3
202300053940,2023-11-28 19:00:00,2023,11,28,19,0,50,50129,BARBUSSE (RUE HENRI),49.61383,-1.65587,Nuit sans éclairage public,Hors agglomération,Intersection en T,Pluie légère,Deux véhicules - côté,4,2,2,0,4,1,2,0,1,50,2,2,1,0,1,0,35.0,56.0,voiture,deux_roues,3,1,3,2,3
202300053941,2023-01-01 10:45:00,2023,1,1,10,45,94,94076,42 Boulevard Maxime Gorki / Rue Jean Baptiste Clément,48.79607014,2.3683463,Plein jour,En agglomération,Intersection en X,Temps couvert,Deux véhicules - côté,3,2,2,3,1,1,1,0,1,50,2,2,0,0,0,2,36.0,25.0,utilitaire_camion,utilitaire_camion,1,2,2,8,3
202300053941,2023-01-01 10:45:00,2023,1,1,10,45,94,94076,42 Boulevard Maxime Gorki / Rue Jean Baptiste Clément,48.79607014,2.3683463,Plein jour,En agglomération,Intersection en X,Temps couvert,Deux véhicules - côté,3,1,1,2,1,1,1,0,1,-1,2,2,0,0,0,2,36.0,25.0,utilitaire_camion,utilitaire_camion,1,2,2,8,3
202300053942,2023-05-08 17:20:00,2023,5,8,17,20,31,31187,D632,43.527823,1.209393,Plein jour,Hors agglomération,Giratoire,Normale,Deux véhicules - côté,4,4,2,0,1,2,1,0,8,80,2,5,3,0,1,1,78.0,20.0,voiture,deux_roues,1,1,6,1,3
202300053943,2023-03-29 16:15:00,2023,3,29,16,15,17,17415,CASTAGNARY ALLEE,45.7410984,-0.63997149,Plein jour,En agglomération,Hors intersection,Normale,Deux véhicules - arrière,4,2,2,1,2,1,1,0,1,50,2,2,1,0,0,1,17.0,37.0,deux_roues,voiture,1,2,1,1,2
202300053944,2023-10-27 05:19:00,2023,10,27,5,19,45,45298,47 Rue des Hautes Levées,47.89289,1.87853,Nuit avec éclairage allumé,En agglomération,Hors intersection,Pluie légère,Autre collision,4,2,2,0,1,3,2,0,1,30,1,2,1,0,1,0,21.0,,voiture,,5,2,1,2,6
202300053945,2023-08-20 16:15:00,2023,8,20,16,15,83,83069,ALMANARRE (ROUTE DE L'),43.08449863,6.11172295,Plein jour,En agglomération,Hors intersection,Normale,Deux véhicules - frontale,3,2,2,0,2,1,1,0,1,50,2,6,0,0,3,3,49.0,46.0,voiture,voiture,1,2,1,1,1
202300053946,2023-09-25 17:20:00,2023,9,25,17,20,93,93048,Rue de Stalingrad,48.86008372,2.44334904,Plein jour,En agglomération,Hors intersection,Normale,Autre collision,4,2,2,0,1,1,1,0,1,30,1,2,1,0,0,1,71.0,,voiture,,1,2,1,1,6
202300053947,2023-02-13 10:35:00,2023,2,13,10,35,75,75110,RUE LOUIS BLANC,48.883055,2.361624,Plein jour,En agglomération,Intersection en X,Normale,Sans collision,4,1, -1,-1,1,1,1,0,1,-1,1,1,0,0,0,1,71.0,,deux_roues,,1,2,2,1,7
202300053947,2023-02-13 10:35:00,2023,2,13,10,35,75,75110,RUE LOUIS BLANC,48.883055,2.361624,Plein jour,En agglomération,Intersection en X,Normale,Sans collision,4,1,0,0,1,1,1,0,1,30,1,1,0,0,0,1,71.0,,deux_roues,,1,2,2,1,7
202300053948,2023-07-14 12:40:00,2023,7,14,12,40,75,75103,BOULEVARD BEAUMARCHAIS,48.855808,2.368481,Plein jour,En agglomération,Intersection en X,Normale,Deux véhicules - côté,4,2,4,3,1,1,1,0,1,30,2,2,1,0,0,1,39.0,33.0,deux_roues,voiture,1,2,2,1,3
202300053948,2023-07-14 12:40:00,2023,7,14,12,40,75,75103,BOULEVARD BEAUMARCHAIS,48.855808,2.368481,Plein jour,En agglomération,Intersection en X,Normale,Deux véhicules - côté,4,1,2,0,2,1,1,0,1,30,2,2,1,0,0,1,39.0,33.0,deux_roues,voiture,1,2,2,1,3
202300053949,2023-11-30 01:39:00,2023,11,30,1,39,49,49353,BAHONNEAU BOULEVARD,47.45449,-0.48316,Nuit avec éclairage allumé,En agglomération,Hors intersection,Normale,Deux véhicules - frontale,4,2,2,0,1,1,1,0,1,50,1,1,0,0,0,1,36.0,,voiture,,5,2,1,1,1
202300053950,2023-01-01 18:30:00,2023,1,1,18,30,93,93008,Rue d’Ankara / Avenue Edouard Vaillant,48.9108,2.466,Nuit avec éclairage allumé,En agglomération,Intersection en T,Temps couvert,Autre collision,3,-1,2,0,1,1,2,0,1,50,1,2,1,0,0,1,53.0,,voiture,,5,2,3,8,6
202300053950,2023-01-01 18:30:00,2023,1,1,18,30,93,93008,Rue d’Ankara / Avenue Edouard Vaillant,48.9108,2.466,Nuit avec éclairage allumé,En agglomération,Intersection en T,Temps couvert,Autre collision,3,2,2,-1,1,1,2,0,1,-1,1,2,1,0,0,1,53.0,,voiture,,5,2,3,8,6
202300053951,2023-06-10 18:20:00,2023,6,10,18,20,69,69286,11 Avenue des Combattants en Afrique du Nord 1952-1962,45.81493,4.89362,Plein jour,En agglomération,Intersection en X,Normale,Deux véhicules - côté,4,2,2,0,1,1,1,0,1,50,2,2,1,0,0,1,30.0,90.0,voiture,voiture,1,2,2,1,3
202300053951,2023-06-10 18:20:00,2023,6,10,18,20,69,69286,11 Avenue des Combattants en Afrique du Nord 1952-1962,45.81493,4.89362,Plein jour,En agglomération,Intersection en X,Normale,Deux véhicules - côté,4,2,2,0,1,1,1,0,1,50,2,2,1,0,0,1,30.0,90.0,voiture,voiture,1,2,2,1,3
202300053952,2023-10-27 21:30:00,2023,10,27,21,30,45,45004,D163 PR 5 + 320,47.98637,2.81074,Nuit sans éclairage public,Hors agglomération,Hors intersection,Pluie légère,Autre collision,3,2,2,0,1,3,2,0,3,70,1,1,0,0,0,1,20.0,,voiture,,3,1,1,2,6
202300053953,2023-08-23 21:50:00,2023,8,23,21,50,81,81004,LACOMBE (BD),43.92012876,2.13530606,Nuit avec éclairage allumé,En agglomération,Hors intersection,Normale,Autre collision,4,2,2,2,1,1,1,0,4,50,1,2,0,0,0,2,20.0,,voiture,,5,2,1,1,6
202300053954,2023-05-08 21:30:00,2023,5,8,21,30,86,86036,D147,47.053024,0.073235,Crépuscule ou aube,Hors agglomération,Hors intersection,Normale,Deux véhicules - côté,3,2,2,0,1,1,1,0,1,90,2,3,1,0,1,1,32.0,70.0,utilitaire_camion,voiture,2,1,1,1,3
202300053955,2023-09-26 18:20:00,2023,9,26,18,20,93,93008,Chemin des Huats,48.909801,2.457124,Plein jour,En agglomération,Hors intersection,Normale,Autre collision,4,2,2,0,1,1,1,0,1,50,1,2,1,0,0,1,24.0,,voiture,,1,2,1,1,6
202300053956,2023-03-29 15:20:00,2023,3,29,15,20,13,13204,CHUTES LAVIE (AVENUE),43.3086,5.39692,Plein jour,En agglomération,Hors intersection,Normale,Deux véhicules - côté,4,2,2,0,2,1,1,0,1,50,2,3,1,0,0,2,23.0,36.0,voiture,voiture,1,2,1,1,3
202300053957,2023-02-13 06:50:00,2023,2,13,6,50,75,75110,RUE DU FAUBOURG SAINT DENIS,48.876517,2.35621,Nuit avec éclairage allumé,En agglomération,Intersection en X,Normale,Sans collision,4,2, -1,-1,1,1,1,-1,5,-1,1,1,0,0,0,1,58.0,,deux_roues,,5,2,2,1,7
202300053957,2023-02-13 06:50:00,2023,2,13,6,50,75,75110,RUE DU FAUBOURG SAINT DENIS,48.876517,2.35621,Nuit avec éclairage allumé,En agglomération,Intersection en X,Normale,Sans collision,4,-1,0,1,1,1,1,-1,5,30,1,1,0,0,0,1,58.0,,deux_roues,,5,2,2,1,7
202300053958,2023-01-01 13:50:00,2023,1,1,13,50,92,92020,PAIX AVENUE DE LA  AUTRES N°,48.804901,2.282884,Plein jour,En agglomération,Hors intersection,Pluie légère,Autre collision,4,1,1,0,1,1,2,0,1,30,1,1,0,0,0,1,27.0,,utilitaire_camion,,1,2,1,2,6
202300053959,2023-11-29 17:18:00,2023,11,29,17,18,49,49007,CHATENAY AVENUE VICTOR,47.48678,-0.51357,Nuit avec éclairage allumé,En agglomération,Hors intersection,Normale,Deux véhicules - côté,4,2,4,1,1,1,1,0,5,50,2,2,1,0,0,1,39.0,51.0,deux_roues,voiture,5,2,1,1,3
202300053960,2023-07-14 15:06:00,2023,7,14,15,6,94,94022,Avenue Anatole France,48.76204403,2.41110668,Plein jour,En agglomération,Hors intersection,Normale,Trois véhicules et plus - collisions multiples,4,-1,2,0,1,1,1,0,1,50,3,3,1,0,0,2,28.0,40.0,deux_roues,voiture,1,2,1,1,5
202300053961,2023-05-08 03:10:00,2023,5,8,3,10,33,33554,Avenue des Tabernottes,44.876531,-0.468131,Nuit sans éclairage public,Hors agglomération,Hors intersection,Normale,Autre collision,3,2,2,0,2,1,1,0,1,70,1,1,0,0,1,0,41.0,,deux_roues,,3,1,1,1,6
202300053962,2023-06-09 21:00:00,2023,6,9,21,0,69,69092,531 Rue des Grillons,45.99557,4.7016,Crépuscule ou aube,En agglomération,Intersection en T,Pluie légère,Deux véhicules - côté,4,2,2,0,1,1,2,0,8,50,2,2,0,0,0,2,64.0,21.0,voiture,voiture,2,2,3,2,3
202300053962,2023-06-09 21:00:00,2023,6,9,21,0,69,69092,531 Rue des Grillons,45.99557,4.7016,Crépuscule ou aube,En agglomération,Intersection en T,Pluie légère,Deux véhicules - côté,4,2,2,2,4,1,2,9,1,50,2,2,0,0,0,2,64.0,21.0,voiture,voiture,2,2,3,2,3
202300053963,2023-08-18 16:37:00,2023,8,18,16,37,80,80021,LE TINTORET (RUE),49.92499,2.29865,Plein jour,En agglomération,Hors intersection,Normale,Deux véhicules - frontale,4,2,2,0,1,1,1,0,1,50,2,3,2,0,0,1,24.0,38.0,voiture,voiture,1,2,1,1,1
202300053964,2023-09-26 20:30:00,2023,9,26,20,30,93,93007,Square Maurice Audin,48.94853738,2.45322447,Nuit avec éclairage allumé,En agglomération,Autre intersection,Normale,Autre collision,4,1,1,0,1,1,1,0,1,50,1,2,1,0,0,1,34.0,,voiture,,5,2,9,1,6
202300053965,2023-03-29 14:30:00,2023,3,29,14,30,13,13212,LA MARTINE (TRAVERSE),43.30072547,5.46747753,Plein jour,En agglomération,Hors intersection,Normale,Autre collision,4,2,2,0,1,1,1,0,8,50,1,2,1,0,1,0,52.0,,voiture,,1,2,1,1,6
202300053966,2023-10-27 12:40:00,2023,10,27,12,40,45,45338,30 Rue Aristide Briand,47.99189,2.69383,Plein jour,En agglomération,Giratoire,Normale,Deux véhicules - côté,4,-1,2,0,1,1,1,0,1,50,2,2,1,0,0,1,35.0,41.0,voiture,deux_roues,1,2,6,1,3
202300053966,2023-10-27 12:40:00,2023,10,27,12,40,45,45338,30 Rue Aristide Briand,47.99189,2.69383,Plein jour,En agglomération,Giratoire,Normale,Deux véhicules - côté,4,-1,2,0,1,1,9,0,1,50,2,2,1,0,0,1,35.0,41.0,voiture,deux_roues,1,2,6,1,3
202300053967,2023-02-13 14:30:00,2023,2,13,14,30,75,75108,PLACE DE L EUROPE,48.87910247,2.32345551,Plein jour,En agglomération,Place,Normale,Autre collision,4,2, -1,-1,1,1,1,0,1,-1,1,2,1,0,0,1,48.0,,deux_roues,,1,2,7,1,6
202300053967,2023-02-13 14:30:00,2023,2,13,14,30,75,75108,PLACE DE L EUROPE,48.87910247,2.32345551,Plein jour,En agglomération,Place,Normale,Autre collision,4,2,0,0,4,1,1,0,1,30,1,2,1,0,0,1,48.0,,deux_roues,,1,2,7,1,6
202300053968,2023-01-01 04:15:00,2023,1,1,4,15,92,92024,GENERAL ROGUET (RUE DU) DE (1 A 57)   (2,48.90608,2.31292,Nuit avec éclairage allumé,En agglomération,Intersection en T,Normale,Deux véhicules - côté,3,2,2,0,1,1,1,0,1,50,2,2,1,0,0,1,31.0,25.0,voiture,deux_roues,5,2,3,1,3
202300053968,2023-01-01 04:15:00,2023,1,1,4,15,92,92024,GENERAL ROGUET (RUE DU) DE (1 A 57)   (2,48.90608,2.31292,Nuit avec éclairage allumé,En agglomération,Intersection en T,Normale,Deux véhicules - côté,3,2,2,0,1,1,1,0,1,50,2,2,1,0,0,1,31.0,25.0,voiture,deux_roues,5,2,3,1,3
202300053969,2023-05-09 12:00:00,2023,5,9,12,0,62,62443,D188,50.451896,2.637046,Plein jour,En agglomération,Giratoire,Pluie forte,Autre collision,3,-1,2,0,1,3,2,0,1,50,1,1,0,1,0,0,66.0,,voiture,,1,2,6,3,6
202300053970,2023-07-13 23:25:00,2023,7,13,23,25,94,94079,Rue de Coeuilly,48.82258397,2.54112133,Nuit avec éclairage allumé,En agglomération,Giratoire,Normale,Deux véhicules - arrière,4,1,1,0,2,1,1,9,1,30,2,3,2,0,0,1,36.0,31.0,voiture,voiture,5,2,6,1,2
202300053971,2023-11-30 17:20:00,2023,11,30,17,20,45,45234,D2020 PR 37 + 10,47.83751,1.91555,Nuit avec éclairage allumé,Hors agglomération,Hors intersection,Pluie légère,Trois véhicules et plus - en chaîne,3,3,1,0,1,1,2,0,1,90,3,3,2,0,0,1,33.0,32.0,voiture,voiture,5,1,1,2,4