accident_id,datetime,annee,mois,jour,heure,minute,departement,commune_insee,adresse,latitude,longitude,luminosite,agglomeration,intersection,meteo,collision,catr,circ,nbv,vosp,prof,plan,surf,infra,situ,vma,nb_vehicules,nb_usagers,nb_indemnes,nb_tues,nb_blesses_hosp,nb_blesses_legers,age_cond_1,age_cond_2,veh_type_cond_1,veh_type_cond_2,lum_code,agg_code,int_code,atm_code,col_code
202300054106,2023-10-19 09:42:00,2023,10,19,9,42,18,18033,Boulevard d'Auron,47.079665,2.390124,Plein jour,En agglomération,Autre intersection,Normale,Deux véhicules - côté,4,2,2,0,1,1,1,5,1,50,2,2,1,0,0,1,39.0,16.0,voiture,voiture,1,2,9,1,3
202300054106,2023-10-19 09:42:00,2023,10,19,9,42,18,18033,Boulevard d'Auron,47.079665,2.390124,Plein jour,En agglomération,Autre intersection,Normale,Deux véhicules - côté,4,2,2,0,1,1,1,2,1,50,2,2,1,0,0,1,39.0,16.0,voiture,voiture,1,2,9,1,3
202300054107,2023-09-27 14:55:00,2023,9,27,14,55,25,25524,chemin de halage,47.448464,6.657307,Plein jour,Hors agglomération,Autre intersection,Normale,Sans collision,9,-1, -1,1,1,1,1,0,5,-1,1,1,0,1,0,0,72.0,,deux_roues,,1,1,9,1,7
202300054108,2023-11-29 20:50:00,2023,11,29,20,50,15,15014,N 122,44.910139,2.425495,Nuit avec éclairage allumé,En agglomération,Hors intersection,Pluie forte,Autre collision,2,2,2,0,1,1,2,0,1,50,1,2,1,0,0,1,34.0,,utilitaire_camion,,5,2,1,3,6
202300054109,2023-07-14 22:30:00,2023,7,14,22,30,971,97109,Avenue du Général de Gaulle Route Nationale 1,15.99453444,-61.70912147,Nuit sans éclairage public,Hors agglomération,Hors intersection,Normale,Autre collision,2,2,2,0,1,2,1,0,3,80,1,1,0,0,1,0,40.0,,deux_roues,,3,1,1,1,6
202300054110,2023-01-02 04:30:00,2023,1,2,4,30,36,36224,,46.71682241,0.95371036,Nuit sans éclairage public,Hors agglomération,Hors intersection,Pluie forte,Autre collision,3,2,2,0,1,1,2,0,1,80,1,2,1,0,0,1,54.0,,utilitaire_camion,,3,1,1,3,6
202300054111,2023-06-10 03:28:00,2023,6,10,3,28,45,45147,81 Rue Gustave Roland,47.92879,1.90619,Nuit sans éclairage public,En agglomération,Giratoire,Normale,Autre collision,4,1,1,3,1,3,1,-1,6,50,1,5,0,3,0,2,20.0,,voiture,,3,2,6,1,6
202300054112,2023-08-20 16:00:00,2023,8,20,16,0,69,69266,Rue Antonin Perrin,45.75816,4.88519,Plein jour,En agglomération,Intersection en X,Normale,Trois véhicules et plus - collisions multiples,4,2,2,2,1,1,1,0,1,50,3,5,3,0,0,2,39.0,52.0,voiture,voiture,1,2,2,1,5
202300054112,2023-08-20 16:00:00,2023,8,20,16,0,69,69266,Rue Antonin Perrin,45.75816,4.88519,Plein jour,En agglomération,Intersection en X,Normale,Trois véhicules et plus - collisions multiples,4,2,4,0,1,1,1,8,1,50,3,5,3,0,0,2,39.0,52.0,voiture,voiture,1,2,2,1,5
202300054113,2023-07-13 20:45:00,2023,7,13,20,45,84,84099,D31,43.868043,5.083795,Plein jour,Hors agglomération,Hors intersection,Normale,Sans collision,3,2,2,0,1,2,1,0,3,80,1,1,0,0,1,0,59.0,,deux_roues,,1,1,1,1,7
202300054114,2023-02-13 08:05:00,2023,2,13,8,5,94,94002,Quai de la Révolution,48.784674,2.421416,Plein jour,En agglomération,Intersection en T,Normale,Deux véhicules - arrière,3,2,2,1,1,1,1,5,1,50,2,2,1,0,0,1,21.0,41.0,voiture,voiture,1,2,3,1,2
202300054114,2023-02-13 08:05:00,2023,2,13,8,5,94,94002,Quai de la Révolution,48.784674,2.421416,Plein jour,En agglomération,Intersection en T,Normale,Deux véhicules - arrière,3,2,2,0,1,1,1,5,1,-1,2,2,1,0,0,1,21.0,41.0,voiture,voiture,1,2,3,1,2
202300054115,2023-09-26 17:09:00,2023,9,26,17,9,35,35096,rue Saint Pierre,48.07106207,-1.39270082,Plein jour,En agglomération,Hors intersection,Normale,Autre collision,3,2,2,0,1,1,1,0,1,30,1,2,1,0,0,1,48.0,,voiture,,1,2,1,1,6
202300054116,2023-03-29 09:00:00,2023,3,29,9,0,75,75115,RUE DE DANTZIG,48.82993,2.295647,Plein jour,En agglomération,Intersection en T,Normale,Autre collision,4,3,2,-1,1,1,1,0,1,30,2,2,1,0,0,1,49.0,40.0,utilitaire_camion,deux_roues,1,2,3,1,6
202300054116,2023-03-29 09:00:00,2023,3,29,9,0,75,75115,RUE DE DANTZIG,48.82993,2.295647,Plein jour,En agglomération,Intersection en T,Normale,Autre collision,4,-1,2,1,1,1,1,0,1,30,2,2,1,0,0,1,49.0,40.0,utilitaire_camion,deux_roues,1,2,3,1,6
202300054117,2023-05-07 03:40:00,2023,5,7,3,40,974,97411,LITTORAL (ROUTE 1 DU),-20.88126763,55.39486885,Nuit sans éclairage public,Hors agglomération,Hors intersection,Normale,Autre collision,2,2,6,3,1,1,1,9,1,70,2,6,4,0,0,2,22.0,34.0,voiture,voiture,3,1,1,1,6
202300054118,2023-10-27 07:32:00,2023,10,27,7,32,15,15014,GAULLE (AVENUE CHARLES DE),44.91106,2.42713,Nuit avec éclairage allumé,En agglomération,Intersection en T,Pluie légère,Deux véhicules - côté,2,2,2,0,1,1,2,0,1,50,2,2,1,0,1,0,46.0,22.0,utilitaire_camion,deux_roues,5,2,3,2,3
202300054118,2023-10-27 07:32:00,2023,10,27,7,32,15,15014,GAULLE (AVENUE CHARLES DE),44.91106,2.42713,Nuit avec éclairage allumé,En agglomération,Intersection en T,Pluie légère,Deux véhicules - côté,2,2,2,0,1,1,2,0,1,50,2,2,1,0,1,0,46.0,22.0,utilitaire_camion,deux_roues,5,2,3,2,3
202300054119,2023-01-01 03:40:00,2023,1,1,3,40,27,27204,Rue de la Cavee,49.323654,1.602427,Nuit sans éclairage public,En agglomération,Intersection en T,Pluie légère,Autre collision,3,2,2,0,1,1,2,0,8,80,1,1,0,0,0,1,34.0,,voiture,,3,2,3,2,6
202300054119,2023-01-01 03:40:00,2023,1,1,3,40,27,27204,Rue de la Cavee,49.323654,1.602427,Nuit sans éclairage public,En agglomération,Intersection en T,Pluie légère,Autre collision,3,2, -1,-1,1,1,2,0,8,-1,1,1,0,0,0,1,34.0,,voiture,,3,2,3,2,6
202300054120,2023-11-30 17:31:00,2023,11,30,17,31,14,14137,11 route de caen,49.18718,-0.42569,Nuit avec éclairage allumé,En agglomération,Intersection en T,Normale,Deux véhicules - côté,3,-1,2,0,1,1,1,0,1,50,2,2,1,0,0,1,39.0,51.0,voiture,utilitaire_camion,5,2,3,1,3
202300054120,2023-11-30 17:31:00,2023,11,30,17,31,14,14137,11 route de caen,49.18718,-0.42569,Nuit avec éclairage allumé,En agglomération,Intersection en T,Normale,Deux véhicules - côté,3,2,2,0,1,1,1,0,1,70,2,2,1,0,0,1,39.0,51.0,voiture,utilitaire_camion,5,2,3,1,3
202300054121,2023-06-11 00:15:00,2023,6,11,0,15,44,44132,16 Boulevard des Océanides,47.26133,-2.34156,Nuit avec éclairage allumé,En agglomération,Giratoire,Normale,Deux véhicules - côté,4,2,2,0,1,1,1,0,1,30,2,2,1,0,0,1,40.0,66.0,deux_roues,voiture,5,2,6,1,3
202300054121,2023-06-11 00:15:00,2023,6,11,0,15,44,44132,16 Boulevard des Océanides,47.26133,-2.34156,Nuit avec éclairage allumé,En agglomération,Giratoire,Normale,Deux véhicules - côté,4,1,1,0,1,2,1,0,1,30,2,2,1,0,0,1,40.0,66.0,deux_roues,voiture,5,2,6,1,3
202300054122,2023-09-26 09:15:00,2023,9,26,9,15,38,38416,Avenue de Provence,45.150773,5.31646,Plein jour,En agglomération,Intersection en T,Normale,Deux véhicules - frontale,4,2,2,0,1,1,1,0,1,50,2,2,1,0,1,0,89.0,79.0,deux_roues,voiture,1,2,3,1,1
202300054122,2023-09-26 09:15:00,2023,9,26,9,15,38,38416,Avenue de Provence,45.150773,5.31646,Plein jour,En agglomération,Intersection en T,Normale,Deux véhicules - frontale,4,2,2,2,1,1,1,0,1,50,2,2,1,0,1,0,89.0,79.0,deux_roues,voiture,1,2,3,1,1
202300054123,2023-01-01 09:30:00,2023,1,1,9,30,88,88361,D420,48.332211,7.095795,Plein jour,Hors agglomération,Hors intersection,Normale,Sans collision,3,2,2,0,2,3,2,0,3,80,1,2,1,0,1,0,35.0,,voiture,,1,1,1,1,7
202300054124,2023-03-29 09:00:00,2023,3,29,9,0,75,75114,AVENUE DU MAINE,48.830247,2.325893,Plein jour,En agglomération,Intersection en T,Normale,Autre collision,4,2,4,0,1,1,1,0,1,30,1,2,1,0,0,1,31.0,,deux_roues,,1,2,3,1,6
202300054124,2023-03-29 09:00:00,2023,3,29,9,0,75,75114,AVENUE DU MAINE,48.830247,2.325893,Plein jour,En agglomération,Intersection en T,Normale,Autre collision,4,-1, -1,0,1,1,1,0,1,30,1,2,1,0,0,1,31.0,,deux_roues,,1,2,3,1,6
202300054125,2023-05-06 11:50:00,2023,5,6,11,50,974,97411,JAURES (BLD 1 JEAN),-20.89129,55.46682,Plein jour,En agglomération,Hors intersection,Normale,Deux véhicules - côté,2,4,6,0,1,1,1,0,1,70,2,3,1,0,0,2,40.0,78.0,voiture,voiture,1,2,1,1,3
202300054126,2023-02-13 10:00:00,2023,2,13,10,0,93,93078,39 Avenue Pierre Bérégovoy,48.946675,2.555345,Plein jour,En agglomération,Giratoire,Normale,Deux véhicules - côté,4,2,2,0,1,1,1,0,1,50,2,2,1,0,0,1,66.0,58.0,voiture,voiture,1,2,6,1,3
202300054126,2023-02-13 10:00:00,2023,2,13,10,0,93,93078,39 Avenue Pierre Bérégovoy,48.946675,2.555345,Plein jour,En agglomération,Giratoire,Normale,Deux véhicules - côté,4,1,1,-1,1,2,1,0,1,-1,2,2,1,0,0,1,66.0,58.0,voiture,voiture,1,2,6,1,3
202300054127,2023-10-25 14:25:00,2023,10,25,14,25,15,15012,RD 6,44.89236,2.46741,Plein jour,Hors agglomération,Hors intersection,Pluie forte,Autre collision,3,2,2,0,1,1,2,0,1,90,1,1,0,0,0,1,36.0,,voiture,,1,1,1,3,6
202300054128,2023-07-14 17:00:00,2023,7,14,17,0,14,14101,A84,49.164596,-0.429009,Plein jour,Hors agglomération,Intersection en Y,Normale,Deux véhicules - arrière,1,1,1,0,1,3,1,3,1,50,2,7,6,0,1,0,36.0,18.0,utilitaire_camion,voiture,1,1,4,1,2
202300054128,2023-07-14 17:00:00,2023,7,14,17,0,14,14101,A84,49.164596,-0.429009,Plein jour,Hors agglomération,Intersection en Y,Normale,Deux véhicules - arrière,1,3,2,0,1,1,1,0,1,90,2,7,6,0,1,0,36.0,18.0,utilitaire_camion,voiture,1,1,4,1,2
202300054129,2023-08-22 20:15:00,2023,8,22,20,15,69,69029,296 Route de Genas,45.75080909,4.9085732,Plein jour,En agglomération,Intersection en X,Normale,Deux véhicules - côté,7,2,7,2,1,1,1,0,1,50,2,5,3,0,0,2,67.0,27.0,voiture,voiture,1,2,2,1,3
202300054129,2023-08-22 20:15:00,2023,8,22,20,15,69,69029,296 Route de Genas,45.75080909,4.9085732,Plein jour,En agglomération,Intersection en X,Normale,Deux véhicules - côté,7,1,1,0,1,1,1,3,1,50,2,5,3,0,0,2,67.0,27.0,voiture,voiture,1,2,2,1,3
202300054130,2023-11-30 14:20:00,2023,11,30,14,20,14,14137,11 Route de Caen,49.18718,-0.42569,Plein jour,Hors agglomération,Intersection en T,Normale,Deux véhicules - côté,3,-1,2,0,1,1,1,0,1,70,2,2,1,0,0,1,57.0,27.0,voiture,voiture,1,1,3,1,3
202300054130,2023-11-30 14:20:00,2023,11,30,14,20,14,14137,11 Route de Caen,49.18718,-0.42569,Plein jour,Hors agglomération,Intersection en T,Normale,Deux véhicules - côté,3,-1,2,0,1,1,1,0,1,70,2,2,1,0,0,1,57.0,27.0,voiture,voiture,1,1,3,1,3
202300054131,2023-06-10 10:50:00,2023,6,10,10,50,41,41295,Rue des Paradis,47.58296,1.37944,Plein jour,En agglomération,Intersection en X,Normale,Deux véhicules - côté,4,1,1,0,1,1,1,0,1,30,2,2,1,0,0,1,16.0,48.0,deux_roues,voiture,1,2,2,1,3
202300054131,2023-06-10 10:50:00,2023,6,10,10,50,41,41295,Rue des Paradis,47.58296,1.37944,Plein jour,En agglomération,Intersection en X,Normale,Deux véhicules - côté,4,1,1,0,1,1,1,0,1,30,2,2,1,0,0,1,16.0,48.0,deux_roues,voiture,1,2,2,1,3
202300054132,2023-09-25 17:10:00,2023,9,25,17,10,70,70433,Rue du Château,47.615996,6.184546,Plein jour,En agglomération,Intersection en T,Normale,Deux véhicules - côté,3,2,1,0,3,1,1,0,1,50,2,2,1,0,0,1,39.0,62.0,voiture,deux_roues,1,2,3,1,3
202300054132,2023-09-25 17:10:00,2023,9,25,17,10,70,70433,Rue du Château,47.615996,6.184546,Plein jour,En agglomération,Intersection en T,Normale,Deux véhicules - côté,3,2,2,0,2,1,1,0,1,50,2,2,1,0,0,1,39.0,62.0,voiture,deux_roues,1,2,3,1,3
202300054133,2023-07-15 05:00:00,2023,7,15,5,0,12,12270,A75 - PK 185+0180 - SENS SUD/NORD,44.359543,3.116598,Nuit sans éclairage public,Hors agglomération,Hors intersection,Normale,Autre collision,1,3,2,0,2,2,1,0,2,130,1,3,1,0,0,2,19.0,,voiture,,3,1,1,1,6
202300054134,2023-01-01 18:35:00,2023,1,1,18,35,88,88122,Route Départementale 166,48.217603,6.281047,Nuit sans éclairage public,Hors agglomération,Hors intersection,Normale,Autre collision,3,2,4,0,1,1,1,0,1,110,3,3,2,0,1,0,44.0,49.0,voiture,voiture,3,1,1,1,6
202300054135,2023-10-27 13:00:00,2023,10,27,13,0,13,13054,MAURICE NOGUES (BD ),43.4176,5.21947,Plein jour,En agglomération,Hors intersection,Normale,Deux véhicules - frontale,4,3,2,0,1,1,1,0,1,50,1,2,1,0,0,1,27.0,,voiture,,1,2,1,1,1
202300054136,2023-05-07 01:00:00,2023,5,7,1,0,973,97302,BADUEL (ROUTE DE),4.93094669,-52.30572903,Nuit avec éclairage allumé,En agglomération,Hors intersection,Normale,Deux véhicules - côté,3,2,2,1,1,1,1,0,1,50,2,3,1,0,2,0,36.0,32.0,voiture,deux_roues,5,2,1,1,3
202300054137,2023-03-28 19:20:00,2023,3,28,19,20,75,75114,AVENUE DU MAINE,48.835004,2.324008,Plein jour,En agglomération,Intersection en T,Normale,Deux véhicules - côté,4,2,4,0,1,1,1,0,1,50,2,2,1,0,0,1,42.0,52.0,deux_roues,voiture,1,2,3,1,3
202300054137,2023-03-28 19:20:00,2023,3,28,19,20,75,75114,AVENUE DU MAINE,48.835004,2.324008,Plein jour,En agglomération,Intersection en T,Normale,Deux véhicules - côté,4,1,1,0,1,1,1,0,1,30,2,2,1,0,0,1,42.0,52.0,deux_roues,voiture,1,2,3,1,3
202300054138,2023-02-10 00:20:00,2023,2,10,0,20,93,93070,Avenue Michelet / Rue Voltaire,48.903919,2.34415,Nuit avec éclairage allumé,En agglomération,Intersection en T,Normale,Autre collision,3,2,2,1,2,1,1,0,1,50,2,2,1,0,1,0,42.0,26.0,voiture,deux_roues,5,2,3,1,6
202300054138,2023-02-10 00:20:00,2023,2,10,0,20,93,93070,Avenue Michelet / Rue Voltaire,48.903919,2.34415,Nuit avec éclairage allumé,En agglomération,Intersection en T,Normale,Autre collision,3,1,1,0,1,1,1,0,1,50,2,2,1,0,1,0,42.0,26.0,voiture,deux_roues,5,2,3,1,6
202300054139,2023-09-26 13:10:00,2023,9,26,13,10,58,58025,Route Departementale 981,46.865069,3.323058,Plein jour,En agglomération,Hors intersection,Normale,Autre collision,3,2,2,0,4,1,1,0,3,50,1,1,0,0,1,0,63.0,,voiture,,1,2,1,1,6
202300054140,2023-07-14 22:55:00,2023,7,14,22,55,50,50393,le hameau duval - le chefresne,48.903476,-1.163027,Nuit sans éclairage public,Hors agglomération,Hors intersection,Pluie légère,Autre collision,3,2,2,0,1,2,2,0,3,80,1,1,0,0,1,0,52.0,,voiture,,3,1,1,2,6
202300054141,2023-06-11 00:15:00,2023,6,11,0,15,38,38185,COURS JEAN JAURÈS,45.18682,5.71863,Nuit avec éclairage allumé,En agglomération,Hors intersection,Normale,Deux véhicules - frontale,7,1,2,2,1,1,1,0,1,50,2,3,2,0,1,0,30.0,22.0,deux_roues,voiture,5,2,1,1,1
202300054142,2023-01-01 23:45:00,2023,1,1,23,45,987,98734,pk 37.800 RT1,-17.712,-149.508,Nuit avec éclairage allumé,Hors agglomération,Hors intersection,Normale,Autre collision,2,2,2,0,1,1,1,2,3,60,1,1,0,1,0,0,24.0,,deux_roues,,5,1,1,1,6
202300054143,2023-08-22 15:00:00,2023,8,22,15,0,69,69259,8 Avenue du 8 Mai 1945,45.6934,4.8713,Plein jour,En agglomération,Intersection en X,Normale,Deux véhicules - côté,4,2,2,0,2,1,1,0,1,50,2,3,0,0,1,2,23.0,76.0,voiture,voiture,1,2,2,1,3
202300054143,2023-08-22 15:00:00,2023,8,22,15,0,69,69259,8 Avenue du 8 Mai 1945,45.6934,4.8713,Plein jour,En agglomération,Intersection en X,Normale,Deux véhicules - côté,4,2,2,0,1,1,1,0,1,50,2,3,0,0,1,2,23.0,76.0,voiture,voiture,1,2,2,1,3
202300054144,2023-09-27 09:15:00,2023,9,27,9,15,14,14261,236 Route de Blangy-le-Château,49.24231905,0.31881809,Plein jour,Hors agglomération,Hors intersection,Normale,Autre collision,3,2,2,0,1,1,1,0,3,80,1,2,1,1,0,0,74.0,,voiture,,1,1,1,1,6
202300054145,2023-10-26 22:40:00,2023,10,26,22,40,13,13207,Corniche John Fitzgérald Kennedy,43.27276,5.363,Nuit avec éclairage allumé,En agglomération,Hors intersection,Normale,Sans collision,4,3,2,0,1,3,1,0,1,50,1,2,0,0,2,0,22.0,,deux_roues,,5,2,1,1,7
202300054146,2023-05-07 18:00:00,2023,5,7,18,0,972,97209,BALATA (ROUTE DE),14.629792,-61.072386,Crépuscule ou aube,En agglomération,Hors intersection,Normale,Deux véhicules - arrière,2,2,2,0,4,1,1,0,1,50,2,2,1,0,0,1,21.0,23.0,autre,voiture,2,2,1,1,2
202300054147,2023-03-29 12:15:00,2023,3,29,12,15,75,75113,RUE PAU CASALS,48.83104,2.377592,Plein jour,En agglomération,Intersection en X,Normale,Deux véhicules - côté,4,2,2,-1,1,1,1,0,1,-1,2,2,1,0,1,0,69.0,59.0,deux_roues,voiture,1,2,2,1,3
202300054147,2023-03-29 12:15:00,2023,3,29,12,15,75,75113,RUE PAU CASALS,48.83104,2.377592,Plein jour,En agglomération,Intersection en X,Normale,Deux véhicules - côté,4,1,1,0,1,1,1,0,1,30,2,2,1,0,1,0,69.0,59.0,deux_roues,voiture,1,2,2,1,3
202300054148,2023-02-13 17:30:00,2023,2,13,17,30,93,93059,Avenue Lénine / Rue Camélinat,48.9588,2.35858,Plein jour,En agglomération,Intersection en T,Normale,Deux véhicules - côté,3,1,1,0,1,1,1,0,1,50,2,2,1,0,0,1,41.0,29.0,voiture,deux_roues,1,2,3,1,3
202300054148,2023-02-13 17:30:00,2023,2,13,17,30,93,93059,Avenue Lénine / Rue Camélinat,48.9588,2.35858,Plein jour,En agglomération,Intersection en T,Normale,Deux véhicules - côté,3,2,4,0,1,1,1,0,1,50,2,2,1,0,0,1,41.0,29.0,voiture,deux_roues,1,2,3,1,3
202300054149,2023-07-14 17:50:00,2023,7,14,17,50,50,50095,Rue de la Vire,49.089635,-1.119382,Plein jour,Hors agglomération,Intersection en X,Pluie forte,Deux véhicules - frontale,3,2,2,0,1,3,2,5,1,80,2,3,2,0,0,1,20.0,81.0,voiture,voiture,1,1,2,3,1
202300054149,2023-07-14 17:50:00,2023,7,14,17,50,50,50095,Rue de la Vire,49.089635,-1.119382,Plein jour,Hors agglomération,Intersection en X,Pluie forte,Deux véhicules - frontale,3,2, -1,-1,2,2,2,5,1,-1,2,3,2,0,0,1,20.0,81.0,voiture,voiture,1,1,2,3,1
202300054150,2023-01-01 19:00:00,2023,1,1,19,0,31,31395,Giratoire D12 sortie 35 de l'A64,43.474737,1.32214934,Nuit avec éclairage allumé,En agglomération,Giratoire,Normale,Deux véhicules - arrière,1,1,2,0,1,1,1,0,1,70,2,3,1,0,0,2,55.0,62.0,voiture,voiture,5,2,6,1,2
202300054151,2023-11-30 07:50:00,2023,11,30,7,50,14,14118,N814,49.202006,-0.351649,Crépuscule ou aube,En agglomération,Hors intersection,Normale,Trois véhicules et plus - en chaîne,2,3,2,0,1,1,1,3,1,70,5,6,5,0,0,1,39.0,21.0,voiture,voiture,2,2,1,1,4
202300054152,2023-06-10 19:05:00,2023,6,10,19,5,38,38179,RUE DES ESSARTS,45.18814,5.77728,Plein jour,En agglomération,Intersection en T,Normale,Deux véhicules - côté,4,2,2,0,1,3,1,5,1,50,2,4,1,0,2,1,62.0,30.0,voiture,voiture,1,2,3,1,3
202300054152,2023-06-10 19:05:00,2023,6,10,19,5,38,38179,RUE DES ESSARTS,45.18814,5.77728,Plein jour,En agglomération,Intersection en T,Normale,Deux véhicules - côté,4,2,2,0,1,1,1,5,1,50,2,4,1,0,2,1,62.0,30.0,voiture,voiture,1,2,3,1,3
202300054153,2023-08-22 10:15:00,2023,8,22,10,15,67,67482,ENGELBREIT (RUE DE L ),48.58173,7.70723,Plein jour,En agglomération,Intersection en T,Normale,Deux véhicules - frontale,4,2,2,0,1,4,1,0,1,50,2,2,1,0,1,0,86.0,87.0,deux_roues,voiture,1,2,3,1,1
202300054153,2023-08-22 10:15:00,2023,8,22,10,15,67,67482,ENGELBREIT (RUE DE L ),48.58173,7.70723,Plein jour,En agglomération,Intersection en T,Normale,Deux véhicules - frontale,4,2,2,0,1,1,1,0,1,30,2,2,1,0,1,0,86.0,87.0,deux_roues,voiture,1,2,3,1,1
202300054154,2023-09-25 14:00:00,2023,9,25,14,0,36,36180,Route d'Issoudun,46.73123041,1.96571857,Plein jour,En agglomération,Intersection en Y,Normale,Deux véhicules - côté,3,2,2,0,1,1,1,0,1,50,2,2,1,0,0,1,41.0,63.0,voiture,deux_roues,1,2,4,1,3
202300054154,2023-09-25 14:00:00,2023,9,25,14,0,36,36180,Route d'Issoudun,46.73123041,1.96571857,Plein jour,En agglomération,Intersection en Y,Normale,Deux véhicules - côté,3,2, -1,-1,1,1,1,0,1,50,2,2,1,0,0,1,41.0,63.0,voiture,deux_roues,1,2,4,1,3
202300054155,2023-05-07 12:55:00,2023,5,7,12,55,69,69149,90 Grande Rue,45.71556,4.80881,Plein jour,En agglomération,Intersection en X,Pluie légère,Autre collision,7,2,2,0,2,1,2,0,1,30,1,2,1,0,0,1,30.0,,voiture,,1,2,2,2,6
202300054155,2023-05-07 12:55:00,2023,5,7,12,55,69,69149,90 Grande Rue,45.71556,4.80881,Plein jour,En agglomération,Intersection en X,Pluie légère,Autre collision,7,1,1,2,1,1,2,0,1,30,1,2,1,0,0,1,30.0,,voiture,,1,2,2,2,6
202300054156,2023-07-14 16:30:00,2023,7,14,16,30,23,23015,Glatignat,46.365673,1.502477,Plein jour,En agglomération,Hors intersection,Normale,Autre collision,3,2,2,0,2,1,1,0,3,80,1,2,1,0,1,0,37.0,,voiture,,1,2,1,1,6
202300054157,2023-02-13 11:30:00,2023,2,13,11,30,93,93064,Rue Louise Michel / Rue Leon Blum,48.88028079,2.47824276,Plein jour,En agglomération,Intersection en X,Temps éblouissant,Autre collision,4,2,2,0,1,1,1,0,1,50,1,2,1,0,0,1,68.0,,voiture,,1,2,2,7,6
202300054157,2023-02-13 11:30:00,2023,2,13,11,30,93,93064,Rue Louise Michel / Rue Leon Blum,48.88028079,2.47824276,Plein jour,En agglomération,Intersection en X,Temps éblouissant,Autre collision,4,1,2,0,1,1,1,0,1,50,1,2,1,0,0,1,68.0,,voiture,,1,2,2,7,6
202300054158,2023-06-10 12:15:00,2023,6,10,12,15,37,37122,DEUX LIONS (ROUTE DES),47.36131,0.6847,Plein jour,En agglomération,Hors intersection,Normale,Autre collision,4,2,2,1,2,2,2,0,5,50,1,1,0,0,0,1,57.0,,voiture,,1,2,1,1,6
202300054159,2023-03-29 16:45:00,2023,3,29,16,45,75,75112,RUE DE CHARENTON,48.833612,2.394897,Plein jour,En agglomération,Intersection en T,Normale,Autre collision,4,1, -1,-1,1,1,1,0,1,30,2,2,1,0,0,1,30.0,60.0,deux_roues,voiture,1,2,3,1,6
202300054159,2023-03-29 16:45:00,2023,3,29,16,45,75,75112,RUE DE CHARENTON,48.833612,2.394897,Plein jour,En agglomération,Intersection en T,Normale,Autre collision,4,2,2,0,2,1,1,0,1,30,2,2,1,0,0,1,30.0,60.0,deux_roues,voiture,1,2,3,1,6
202300054160,2023-10-27 16:40:00,2023,10,27,16,40,10,10325,ROCADE OUEST (RD 610),48.26414,4.0784,Plein jour,En agglomération,Giratoire,Temps couvert,Deux véhicules - frontale,3,2,2,0,1,1,1,0,4,50,2,2,1,0,1,0,44.0,23.0,voiture,utilitaire_camion,1,2,6,8,1
202300054160,2023-10-27 16:40:00,2023,10,27,16,40,10,10325,ROCADE OUEST (RD 610),48.26414,4.0784,Plein jour,En agglomération,Giratoire,Temps couvert,Deux véhicules - frontale,3,2,2,0,1,1,1,0,4,50,2,2,1,0,1,0,44.0,23.0,voiture,utilitaire_camion,1,2,6,8,1
202300054161,2023-01-02 12:25:00,2023,1,2,12,25,06,06088,A8 PK 189.463 chaussée nord,43.700039,7.18832,Plein jour,Hors agglomération,Hors intersection,Normale,Deux véhicules - arrière,1,3,5,0,1,1,1,7,1,50,2,3,1,0,1,1,30.0,33.0,voiture,transport_commun,1,1,1,1,2
202300054162,2023-08-21 20:40:00,2023,8,21,20,40,67,67482,MARTIN SCHONGAUER (RUE),48.5664,7.7204,Crépuscule ou aube,En agglomération,Intersection en T,Normale,Deux véhicules - côté,4,2,2,0,1,1,1,0,1,50,2,2,1,0,0,1,28.0,21.0,voiture,deux_roues,2,2,3,1,3
202300054162,2023-08-21 20:40:00,2023,8,21,20,40,67,67482,MARTIN SCHONGAUER (RUE),48.5664,7.7204,Crépuscule ou aube,En agglomération,Intersection en T,Normale,Deux véhicules - côté,4,2,2,0,1,1,1,0,1,50,2,2,1,0,0,1,28.0,21.0,voiture,deux_roues,2,2,3,1,3
202300054163,2023-07-10 14:01:00,2023,7,10,14,1,34,34270,RM612,43.564744,3.850188,Plein jour,Hors agglomération,Intersection en T,Normale,Deux véhicules - arrière,7,2,2,0,2,1,1,0,1,70,2,2,1,0,1,0,30.0,47.0,voiture,deux_roues,1,1,3,1,2
202300054163,2023-07-10 14:01:00,2023,7,10,14,1,34,34270,RM612,43.564744,3.850188,Plein jour,Hors agglomération,Intersection en T,Normale,Deux véhicules - arrière,7,2, -1,-1,1,3,1,0,1,-1,2,2,1,0,1,0,30.0,47.0,voiture,deux_roues,1,1,3,1,2
202300054164,2023-11-25 15:35:00,2023,11,25,15,35,14,14118,79 Rue du Chemin Vert,49.192537,-0.39328,Plein jour,En agglomération,Hors intersection,Normale,Autre collision,4,1,1,0,1,1,1,0,1,50,1,4,3,0,0,1,,,,,1,2,1,1,6
202300054165,2023-08-16 15:20:00,2023,8,16,15,20,21,21663,Avenue de Dijon,47.53798148,4.46220099,Plein jour,En agglomération,Hors intersection,Normale,Deux véhicules - côté,3,2,2,0,1,1,1,0,1,50,2,2,1,0,0,1,86.0,49.0,voiture,utilitaire_camion,1,2,1,1,3
202300054166,2023-05-07 07:30:00,2023,5,7,7,30,69,69382,Cours Bayard,45.7445,4.8195,Plein jour,En agglomération,Intersection en X,Normale,Deux véhicules - côté,4,2,2,1,1,1,1,0,1,30,2,2,0,0,0,2,47.0,26.0,voiture,voiture,1,2,2,1,3