accident_id,datetime,annee,mois,jour,heure,minute,departement,commune_insee,adresse,latitude,longitude,luminosite,agglomeration,intersection,meteo,collision,catr,circ,nbv,vosp,prof,plan,surf,infra,situ,vma,nb_vehicules,nb_usagers,nb_indemnes,nb_tues,nb_blesses_hosp,nb_blesses_legers,age_cond_1,age_cond_2,veh_type_cond_1,veh_type_cond_2,lum_code,agg_code,int_code,atm_code,col_code
202300054166,2023-05-07 07:30:00,2023,5,7,7,30,69,69382,Cours Bayard,45.7445,4.8195,Plein jour,En agglomération,Intersection en X,Normale,Deux véhicules - côté,4,2,2,0,1,1,1,0,1,30,2,2,0,0,0,2,47.0,26.0,voiture,voiture,1,2,2,1,3
202300054167,2023-02-13 18:00:00,2023,2,13,18,0,93,93051,Boulevard du Rempart,48.83733,2.54662,Crépuscule ou aube,En agglomération,Hors intersection,Temps éblouissant,Autre collision,4,1,1,0,1,1,1,0,1,50,1,2,1,0,0,1,64.0,,voiture,,2,2,1,7,6
202300054168,2023-06-10 09:15:00,2023,6,10,9,15,34,34301,216 Avenue Gilbert Martelli,43.41022,3.70762,Plein jour,En agglomération,Hors intersection,Normale,Deux véhicules - côté,4,1,2,0,1,1,1,0,1,50,2,2,1,0,0,1,24.0,52.0,voiture,deux_roues,1,2,1,1,3
202300054169,2023-10-27 13:25:00,2023,10,27,13,25,10,10387,QUATORZE JUILLET (RUE DU),48.2953,4.08007,Plein jour,En agglomération,Hors intersection,Normale,Autre collision,4,1,2,0,1,1,1,0,1,50,2,2,1,0,0,1,29.0,41.0,deux_roues,voiture,1,2,1,1,6
202300054170,2023-08-21 17:00:00,2023,8,21,17,0,65,65440,Avenue Alsace Lorraine,43.24664,0.07312,Plein jour,En agglomération,Hors intersection,Normale,Autre collision,3,-1,2,0,1,1,1,0,1,50,1,2,1,0,0,1,44.0,,voiture,,1,2,1,1,6
202300054171,2023-03-29 00:00:00,2023,3,29,0,0,75,75110,RUE DU FAUBOURG SAINT MARTIN,48.877812,2.361616,Nuit avec éclairage allumé,En agglomération,Intersection en T,Pluie légère,Deux véhicules - côté,4,2,3,1,1,1,2,0,1,30,2,3,2,0,0,1,47.0,,deux_roues,deux_roues,5,2,3,2,3
202300054171,2023-03-29 00:00:00,2023,3,29,0,0,75,75110,RUE DU FAUBOURG SAINT MARTIN,48.877812,2.361616,Nuit avec éclairage allumé,En agglomération,Intersection en T,Pluie légère,Deux véhicules - côté,4,1,1,0,1,1,2,0,1,30,2,3,2,0,0,1,47.0,,deux_roues,deux_roues,5,2,3,2,3
202300054172,2023-05-07 05:45:00,2023,5,7,5,45,971,97113,Pont de BLANCHARD,16.22353073,-61.52360916,Plein jour,Hors agglomération,Hors intersection,Normale,Autre collision,2,2,2,0,1,3,1,0,2,90,1,1,0,0,0,1,24.0,,voiture,,1,1,1,1,6
202300054173,2023-07-13 18:20:00,2023,7,13,18,20,37,37160,A10 PK 177+200,47.555163,1.013446,Plein jour,Hors agglomération,Hors intersection,Normale,Deux véhicules - arrière,1,3,3,0,1,1,1,0,1,130,2,2,1,0,1,0,63.0,35.0,voiture,utilitaire_camion,1,1,1,1,2
202300054174,2023-01-01 20:15:00,2023,1,1,20,15,02,02280,,49.103573,3.457335,Nuit sans éclairage public,Hors agglomération,Hors intersection,Autre,Autre collision,1,3,4,0,2,1,2,0,1,130,2,6,1,0,1,4,23.0,45.0,voiture,voiture,3,1,1,9,6
202300054175,2023-11-30 22:30:00,2023,11,30,22,30,13,13117,CUGNOT ( AVENUE JOSEPH ),43.47618,5.23412,Nuit avec éclairage non allumé,En agglomération,Intersection en T,Normale,Deux véhicules - côté,4,2,2,0,2,1,1,0,1,50,2,3,1,0,0,2,22.0,22.0,voiture,voiture,4,2,3,1,3
202300054175,2023-11-30 22:30:00,2023,11,30,22,30,13,13117,CUGNOT ( AVENUE JOSEPH ),43.47618,5.23412,Nuit avec éclairage non allumé,En agglomération,Intersection en T,Normale,Deux véhicules - côté,4,2,2,0,1,1,1,0,1,50,2,3,1,0,0,2,22.0,22.0,voiture,voiture,4,2,3,1,3
202300054176,2023-09-26 17:02:00,2023,9,26,17,2,21,21150,RD906,46.93429,4.738873,Plein jour,Hors agglomération,Intersection en Y,Normale,Deux véhicules - frontale,3,2,2,0,1,3,1,0,1,90,2,3,0,0,1,2,67.0,88.0,voiture,voiture,1,1,4,1,1
202300054176,2023-09-26 17:02:00,2023,9,26,17,2,21,21150,RD906,46.93429,4.738873,Plein jour,Hors agglomération,Intersection en Y,Normale,Deux véhicules - frontale,3,2,2,0,1,1,1,0,1,80,2,3,0,0,1,2,67.0,88.0,voiture,voiture,1,1,4,1,1
202300054177,2023-02-09 13:20:00,2023,2,9,13,20,92,92075,FRERES CHAPELLE (RUE DES),48.817395,2.286369,Plein jour,En agglomération,Intersection en T,Normale,Deux véhicules - côté,4,1,2,0,1,2,1,0,1,50,2,2,1,0,0,1,25.0,38.0,deux_roues,voiture,1,2,3,1,3
202300054177,2023-02-09 13:20:00,2023,2,9,13,20,92,92075,FRERES CHAPELLE (RUE DES),48.817395,2.286369,Plein jour,En agglomération,Intersection en T,Normale,Deux véhicules - côté,4,1,1,-1,1,1,1,0,1,-1,2,2,1,0,0,1,25.0,38.0,deux_roues,voiture,1,2,3,1,3
202300054178,2023-10-26 07:45:00,2023,10,26,7,45,10,10387,ANATOLE FRANCE (RUE),48.28583,4.07479,Nuit avec éclairage allumé,En agglomération,Hors intersection,Pluie légère,Deux véhicules - arrière,4,-1,2,0,1,1,2,0,1,50,2,2,1,0,0,1,45.0,18.0,utilitaire_camion,deux_roues,5,2,1,2,2
202300054179,2023-08-22 13:10:00,2023,8,22,13,10,64,64260,EMPEREUR (BOULEVARD DE L'),43.36234,-1.76199,Plein jour,En agglomération,Giratoire,Normale,Deux véhicules - arrière,3,2,2,0,1,1,1,0,1,50,2,2,1,0,0,1,26.0,47.0,voiture,deux_roues,1,2,6,1,2
202300054179,2023-08-22 13:10:00,2023,8,22,13,10,64,64260,EMPEREUR (BOULEVARD DE L'),43.36234,-1.76199,Plein jour,En agglomération,Giratoire,Normale,Deux véhicules - arrière,3,-1,2,0,1,3,1,9,8,50,2,2,1,0,0,1,26.0,47.0,voiture,deux_roues,1,2,6,1,2
202300054180,2023-03-29 09:00:00,2023,3,29,9,0,94,94046,Avenue de la République,48.81061,2.45653,Plein jour,En agglomération,Intersection en X,Normale,Deux véhicules - frontale,3,2,2,1,1,1,1,5,1,50,2,2,0,0,0,2,48.0,33.0,deux_roues,deux_roues,1,2,2,1,1
202300054180,2023-03-29 09:00:00,2023,3,29,9,0,94,94046,Avenue de la République,48.81061,2.45653,Plein jour,En agglomération,Intersection en X,Normale,Deux véhicules - frontale,3,2,2,0,1,1,1,5,1,50,2,2,0,0,0,2,48.0,33.0,deux_roues,deux_roues,1,2,2,1,1
202300054181,2023-07-15 14:35:00,2023,7,15,14,35,95,95352,D316,49.107218,2.426884,Plein jour,Hors agglomération,Hors intersection,Normale,Deux véhicules - frontale,3,2,3,0,1,1,1,0,1,80,2,2,0,0,0,2,35.0,23.0,voiture,voiture,1,1,1,1,1
202300054182,2023-01-02 16:45:00,2023,1,2,16,45,976,97617,CCD3 miréréni,-12.787435,45.139984,Plein jour,Hors agglomération,Hors intersection,Normale,Deux véhicules - frontale,3,2,2,0,1,3,1,0,1,50,2,2,1,1,0,0,46.0,46.0,deux_roues,voiture,1,1,1,1,1
202300054183,2023-10-27 09:00:00,2023,10,27,9,0,09,09121,D1,42.946884,1.617059,Plein jour,En agglomération,Autre intersection,Autre,Autre collision,3,2,2,0,2,2,1,0,1,50,1,2,1,0,0,1,44.0,,voiture,,1,2,9,9,6
202300054184,2023-09-23 19:00:00,2023,9,23,19,0,24,24153,Route de la Cassagne,45.077502,1.332988,Plein jour,Hors agglomération,Intersection en X,Normale,Autre collision,4,2,2,0,1,1,1,9,1,80,1,2,1,0,1,0,51.0,,voiture,,1,1,2,1,6
202300054184,2023-09-23 19:00:00,2023,9,23,19,0,24,24153,Route de la Cassagne,45.077502,1.332988,Plein jour,Hors agglomération,Intersection en X,Normale,Autre collision,4,2, -1,-1,1,1,1,0,1,-1,1,2,1,0,1,0,51.0,,voiture,,1,1,2,1,6
202300054185,2023-02-13 09:00:00,2023,2,13,9,0,92,92072,SAINT CLOUD (RUE DE),48.82859,2.22472,Plein jour,En agglomération,Hors intersection,Normale,Deux véhicules - arrière,3,1,3,0,1,1,1,0,1,50,2,2,1,0,0,1,65.0,23.0,utilitaire_camion,voiture,1,2,1,1,2
202300054186,2023-11-30 18:26:00,2023,11,30,18,26,13,13019,AVENUE DU PLAN DE CAMPAGNE,43.41853,5.36067,Nuit avec éclairage allumé,En agglomération,Hors intersection,Normale,Trois véhicules et plus - collisions multiples,3,1,1,0,1,1,1,0,1,30,3,4,3,0,0,1,25.0,44.0,voiture,voiture,5,2,1,1,5
202300054187,2023-03-29 18:00:00,2023,3,29,18,0,94,94002,Rue des Alouettes,48.78422,2.423898,Plein jour,En agglomération,Hors intersection,Normale,Autre collision,4,1,1,0,1,1,1,0,1,-1,1,3,2,0,0,1,21.0,,voiture,,1,2,1,1,6
202300054188,2023-07-14 10:00:00,2023,7,14,10,0,56,56240,22 Rue du Général de Gaulle,47.526649,-2.770373,Plein jour,En agglomération,Hors intersection,Normale,Deux véhicules - arrière,4,2,2,0,1,1,1,0,1,50,2,2,1,0,0,1,75.0,56.0,voiture,deux_roues,1,2,1,1,2
202300054189,2023-05-06 12:25:00,2023,5,6,12,25,91,91103,DEVI DU CD 19,48.58794,2.30698,Plein jour,En agglomération,Autre intersection,Normale,Deux véhicules - côté,3,1,2,0,1,3,1,0,1,50,2,2,1,0,0,1,57.0,45.0,voiture,deux_roues,1,2,9,1,3
202300054190,2023-08-21 22:30:00,2023,8,21,22,30,64,64024,AMOUR (AVENUE DE LA CHAMBRE D'),43.49522,-1.53503,Nuit avec éclairage non allumé,En agglomération,Intersection en T,Normale,Deux véhicules - côté,4,2,2,0,1,1,1,0,1,50,2,4,3,0,0,1,32.0,16.0,voiture,deux_roues,4,2,3,1,3
202300054190,2023-08-21 22:30:00,2023,8,21,22,30,64,64024,AMOUR (AVENUE DE LA CHAMBRE D'),43.49522,-1.53503,Nuit avec éclairage non allumé,En agglomération,Intersection en T,Normale,Deux véhicules - côté,4,2,2,0,1,1,1,0,1,50,2,4,3,0,0,1,32.0,16.0,voiture,deux_roues,4,2,3,1,3
202300054191,2023-09-27 13:50:00,2023,9,27,13,50,87,87187,D704,45.541255,1.207391,Plein jour,Hors agglomération,Hors intersection,Normale,Deux véhicules - arrière,3,2,2,0,2,1,1,0,1,90,2,2,1,0,1,0,33.0,70.0,utilitaire_camion,deux_roues,1,1,1,1,2
202300054192,2023-06-10 20:50:00,2023,6,10,20,50,34,34129,RM172,43.57447,3.92239,Plein jour,Hors agglomération,Intersection en T,Normale,Trois véhicules et plus - collisions multiples,7,2,2,0,2,1,1,0,1,50,3,13,3,0,0,10,26.0,22.0,voiture,voiture,1,1,3,1,5
202300054192,2023-06-10 20:50:00,2023,6,10,20,50,34,34129,RM172,43.57447,3.92239,Plein jour,Hors agglomération,Intersection en T,Normale,Trois véhicules et plus - collisions multiples,7,2,6,1,3,2,1,0,1,50,3,13,3,0,0,10,26.0,22.0,voiture,voiture,1,1,3,1,5
202300054193,2023-02-13 07:35:00,2023,2,13,7,35,92,92049,DORMOY AVENUE MARX N°2 A 100,48.8099,2.31733,Plein jour,En agglomération,Intersection à plus de 4 branches,Normale,Deux véhicules - côté,3,2,4,0,1,2,1,0,1,50,2,2,1,0,0,1,24.0,25.0,voiture,deux_roues,1,2,5,1,3
202300054193,2023-02-13 07:35:00,2023,2,13,7,35,92,92049,DORMOY AVENUE MARX N°2 A 100,48.8099,2.31733,Plein jour,En agglomération,Intersection à plus de 4 branches,Normale,Deux véhicules - côté,3,2,4,0,1,2,1,0,1,50,2,2,1,0,0,1,24.0,25.0,voiture,deux_roues,1,2,5,1,3
202300054194,2023-10-27 21:00:00,2023,10,27,21,0,06,06123,VESPINS ROUTE DES,43.6600567,7.18346,Nuit avec éclairage allumé,En agglomération,Intersection en T,Normale,Deux véhicules - côté,7,2,2,0,1,1,1,0,1,50,2,3,2,0,1,0,16.0,74.0,deux_roues,voiture,5,2,3,1,3
202300054194,2023-10-27 21:00:00,2023,10,27,21,0,06,06123,VESPINS ROUTE DES,43.6600567,7.18346,Nuit avec éclairage allumé,En agglomération,Intersection en T,Normale,Deux véhicules - côté,7,2,2,0,1,1,1,0,1,50,2,3,2,0,1,0,16.0,74.0,deux_roues,voiture,5,2,3,1,3
202300054195,2023-11-30 14:15:00,2023,11,30,14,15,13,13207,RIVE NEUVE (QUAI),43.29236,5.36559,Plein jour,En agglomération,Hors intersection,Normale,Deux véhicules - côté,4,1,3,0,1,3,1,0,1,50,2,3,2,0,0,1,32.0,46.0,voiture,transport_commun,1,2,1,1,3
202300054196,2023-01-01 22:15:00,2023,1,1,22,15,988,98804,Route de Nonhoué,-21.518818,165.955557,Nuit avec éclairage allumé,En agglomération,Intersection en T,Normale,Autre collision,4,2,2,0,1,3,1,0,1,50,2,6,5,0,1,0,62.0,20.0,utilitaire_camion,utilitaire_camion,5,2,3,1,6
202300054196,2023-01-01 22:15:00,2023,1,1,22,15,988,98804,Route de Nonhoué,-21.518818,165.955557,Nuit avec éclairage allumé,En agglomération,Intersection en T,Normale,Autre collision,4,2,2,-1,-1,1,1,-1,1,-1,2,6,5,0,1,0,62.0,20.0,utilitaire_camion,utilitaire_camion,5,2,3,1,6
202300054197,2023-03-28 19:15:00,2023,3,28,19,15,94,94002,Rue Paul Vaillant Couturier / Rue Charles de Gaulle,48.81449,2.415319,Plein jour,En agglomération,Intersection en X,Normale,Deux véhicules - frontale,3,2,2,3,1,1,1,5,1,50,2,2,1,0,0,1,56.0,66.0,transport_commun,voiture,1,2,2,1,1
202300054197,2023-03-28 19:15:00,2023,3,28,19,15,94,94002,Rue Paul Vaillant Couturier / Rue Charles de Gaulle,48.81449,2.415319,Plein jour,En agglomération,Intersection en X,Normale,Deux véhicules - frontale,3,1,1,3,1,1,1,5,1,50,2,2,1,0,0,1,56.0,66.0,transport_commun,voiture,1,2,2,1,1
202300054198,2023-07-15 19:15:00,2023,7,15,19,15,2A,2A362,route de pinarello,41.698808,9.353657,Plein jour,En agglomération,Intersection en X,Normale,Deux véhicules - frontale,3,2,2,0,1,1,1,0,1,50,2,2,1,0,0,1,52.0,23.0,deux_roues,voiture,1,2,2,1,1
202300054198,2023-07-15 19:15:00,2023,7,15,19,15,2A,2A362,route de pinarello,41.698808,9.353657,Plein jour,En agglomération,Intersection en X,Normale,Deux véhicules - frontale,3,-1, -1,-1,-1,-1,-1,-1,-1,-1,2,2,1,0,0,1,52.0,23.0,deux_roues,voiture,1,2,2,1,1
202300054199,2023-08-21 15:10:00,2023,8,21,15,10,64,64102,PRISSE (Avenue du ),43.47916,-1.45575,Plein jour,En agglomération,Hors intersection,Normale,Deux véhicules - frontale,4,2,2,0,2,1,1,0,1,50,2,2,0,0,0,2,38.0,62.0,voiture,voiture,1,2,1,1,1
202300054200,2023-09-27 17:50:00,2023,9,27,17,50,13,13069,D572,43.627588,5.144488,Plein jour,Hors agglomération,Hors intersection,Normale,Deux véhicules - arrière,3,2,2,0,1,1,1,0,1,-1,2,2,1,0,1,0,52.0,53.0,voiture,deux_roues,1,1,1,1,2
202300054201,2023-05-07 20:30:00,2023,5,7,20,30,83,83137,ROOSEVELT (AVE FRANKLIN),43.12104,5.9406,Plein jour,En agglomération,Hors intersection,Normale,Deux véhicules - arrière,4,1,6,1,1,1,1,0,1,50,2,3,2,0,1,0,48.0,60.0,voiture,deux_roues,1,2,1,1,2
202300054202,2023-06-10 23:10:00,2023,6,10,23,10,33,33063,Place Gambetta,44.8408,-0.58091,Nuit avec éclairage allumé,En agglomération,Hors intersection,Normale,Trois véhicules et plus - en chaîne,4,2,2,2,1,1,1,0,1,50,3,3,2,0,0,1,25.0,23.0,deux_roues,utilitaire_camion,5,2,1,1,4
202300054203,2023-11-29 17:15:00,2023,11,29,17,15,13,13207,Corniche John Fitzgérald Kennedy,43.28358488,5.35019724,Nuit avec éclairage non allumé,En agglomération,Hors intersection,Normale,Deux véhicules - frontale,4,2,2,0,1,1,1,0,1,50,1,2,1,0,0,1,25.0,,deux_roues,,4,2,1,1,1
202300054204,2023-02-13 11:55:00,2023,2,13,11,55,92,92062,DEFENSE (ROND POINT DE LA),48.89017371,2.23989129,Plein jour,En agglomération,Hors intersection,Normale,Deux véhicules - côté,2,1,0,2,1,1,1,1,1,50,2,2,0,0,0,1,,54.0,autre,deux_roues,1,2,1,1,3
202300054205,2023-10-27 19:15:00,2023,10,27,19,15,75,75117,BOULEVARD BESSIERES,48.897731,2.329018,Nuit avec éclairage allumé,En agglomération,Intersection en X,Pluie légère,Deux véhicules - côté,4,1,2,1,1,1,2,0,1,50,2,2,1,0,0,1,36.0,26.0,utilitaire_camion,deux_roues,5,2,2,2,3
202300054205,2023-10-27 19:15:00,2023,10,27,19,15,75,75117,BOULEVARD BESSIERES,48.897731,2.329018,Nuit avec éclairage allumé,En agglomération,Intersection en X,Pluie légère,Deux véhicules - côté,4,2, -1,-1,1,1,2,0,1,-1,2,2,1,0,0,1,36.0,26.0,utilitaire_camion,deux_roues,5,2,2,2,3
202300054206,2023-01-01 16:45:00,2023,1,1,16,45,33,33214,D6e1,45.043448,-1.173949,Plein jour,Hors agglomération,Hors intersection,Normale,Deux véhicules - frontale,3,2,2,0,1,2,1,0,1,80,2,3,2,0,0,1,56.0,61.0,voiture,deux_roues,1,1,1,1,1
202300054207,2023-08-19 15:10:00,2023,8,19,15,10,62,62907,Allée des Oiseaux,50.477991,3.001182,Plein jour,En agglomération,Hors intersection,Normale,Deux véhicules - côté,4,2,2,0,1,1,1,0,1,50,2,2,1,0,0,1,66.0,18.0,voiture,deux_roues,1,2,1,1,3
202300054208,2023-02-13 09:05:00,2023,2,13,9,5,92,92062,DEFENSE (ROND POINT DE LA),48.890242,2.241753,Plein jour,En agglomération,Hors intersection,Normale,Deux véhicules - frontale,3,1,3,2,1,2,1,1,5,50,2,2,0,0,0,2,28.0,32.0,deux_roues,deux_roues,1,2,1,1,1
202300054209,2023-07-15 19:05:00,2023,7,15,19,5,2B,2B207,Caragiuti,42.453592,9.504354,Plein jour,Hors agglomération,Autre intersection,Normale,Deux véhicules - côté,2,2,2,0,1,1,1,0,1,80,2,2,1,0,1,0,41.0,27.0,deux_roues,voiture,1,1,9,1,3
202300054210,2023-09-26 15:10:00,2023,9,26,15,10,06,06018,1780 Route de la Mer,43.617466,7.113374,Plein jour,En agglomération,Hors intersection,Normale,Deux véhicules - côté,3,2,0,0,1,2,1,5,1,50,2,2,1,0,0,1,33.0,68.0,voiture,deux_roues,1,2,1,1,3
202300054211,2023-08-19 17:00:00,2023,8,19,17,0,62,62274,D160,50.440063,2.991113,Plein jour,Hors agglomération,Autre intersection,Normale,Autre collision,3,2,0,0,1,2,1,0,1,50,1,1,0,0,1,0,21.0,,deux_roues,,1,1,9,1,6
202300054212,2023-01-02 14:00:00,2023,1,2,14,0,66,66088,,42.662241,2.6430491,Plein jour,Hors agglomération,Hors intersection,Normale,Deux véhicules - frontale,4,2,2,0,1,4,1,0,1,80,2,3,0,0,2,1,15.0,15.0,deux_roues,deux_roues,1,1,1,1,1
202300054213,2023-10-27 02:15:00,2023,10,27,2,15,75,75117,RUE DE PRONY,48.880414,2.308794,Nuit avec éclairage allumé,En agglomération,Place,Normale,Deux véhicules - frontale,4,2, -1,-1,1,1,2,0,1,-1,2,3,2,0,1,0,30.0,30.0,deux_roues,voiture,5,2,7,1,1
202300054213,2023-10-27 02:15:00,2023,10,27,2,15,75,75117,RUE DE PRONY,48.880414,2.308794,Nuit avec éclairage allumé,En agglomération,Place,Normale,Deux véhicules - frontale,4,2,2,0,1,1,2,0,1,30,2,3,2,0,1,0,30.0,30.0,deux_roues,voiture,5,2,7,1,1
202300054214,2023-05-06 17:55:00,2023,5,6,17,55,83,83144,ST JUST (AVENUE LT ANTOINE),43.14313,6.01565,Plein jour,Hors agglomération,Autre intersection,Normale,Deux véhicules - côté,4,2,2,0,1,1,1,0,1,50,2,4,1,0,2,1,29.0,31.0,voiture,deux_roues,1,1,9,1,3
202300054215,2023-06-10 22:50:00,2023,6,10,22,50,33,33529,CAZAUX (BD DE) DU 02 ET +,44.55701,-1.15314,Nuit avec éclairage allumé,Hors agglomération,Hors intersection,Normale,Deux véhicules - arrière,3,3,2,0,1,1,1,0,1,80,2,3,1,0,2,0,42.0,17.0,voiture,deux_roues,5,1,1,1,2
202300054216,2023-02-13 16:20:00,2023,2,13,16,20,92,92026,SAINT-DENIS BD (120 A 174 / DE 199 A 315,48.89991465,2.26834042,Plein jour,En agglomération,Autre intersection,Normale,Deux véhicules - arrière,3,2,2,0,1,1,1,0,1,50,2,2,1,0,0,1,78.0,61.0,voiture,voiture,1,2,9,1,2
202300054217,2023-11-29 22:00:00,2023,11,29,22,0,13,13028,Rond Point DULAC/ROVARCH,43.19262,5.60925,Nuit avec éclairage allumé,En agglomération,Giratoire,Temps couvert,Deux véhicules - côté,3,3,2,0,1,2,2,5,1,50,2,2,1,0,0,1,37.0,29.0,voiture,deux_roues,5,2,6,8,3
202300054217,2023-11-29 22:00:00,2023,11,29,22,0,13,13028,Rond Point DULAC/ROVARCH,43.19262,5.60925,Nuit avec éclairage allumé,En agglomération,Giratoire,Temps couvert,Deux véhicules - côté,3,3,2,0,1,2,2,5,1,50,2,2,1,0,0,1,37.0,29.0,voiture,deux_roues,5,2,6,8,3
202300054218,2023-03-29 17:30:00,2023,3,29,17,30,93,93072,Rue de Fontenay / Rue Francis Auffray,48.96795,2.37767,Plein jour,En agglomération,Intersection en T,Normale,Trois véhicules et plus - collisions multiples,4,2,2,0,1,3,1,1,1,30,3,4,2,0,0,2,47.0,,voiture,voiture,1,2,3,1,5
202300054218,2023-03-29 17:30:00,2023,3,29,17,30,93,93072,Rue de Fontenay / Rue Francis Auffray,48.96795,2.37767,Plein jour,En agglomération,Intersection en T,Normale,Trois véhicules et plus - collisions multiples,4,4,1,0,1,2,1,1,1,30,3,4,2,0,0,2,47.0,,voiture,voiture,1,2,3,1,5
202300054219,2023-10-26 10:30:00,2023,10,26,10,30,75,75116,AVENUE DU PRESIDENT WILSON,48.864844,2.296931,Plein jour,En agglomération,Hors intersection,Normale,Autre collision,4,1,4,0,1,1,2,0,1,50,1,1,0,0,0,1,70.0,,voiture,,1,2,1,1,6
202300054220,2023-09-27 13:00:00,2023,9,27,13,0,17,17139,A10,46.11909,-0.532708,Plein jour,Hors agglomération,Hors intersection,Normale,Deux véhicules - arrière,1,3,4,0,1,1,1,0,1,130,2,2,1,0,1,0,26.0,58.0,deux_roues,utilitaire_camion,1,1,1,1,2
202300054221,2023-08-14 20:00:00,2023,8,14,20,0,62,62413,D162E1,50.44448,2.90506,Crépuscule ou aube,En agglomération,Intersection en Y,Normale,Deux véhicules - côté,3,2,2,0,1,3,1,0,1,50,2,2,1,0,0,1,53.0,56.0,voiture,deux_roues,2,2,4,1,3
202300054221,2023-08-14 20:00:00,2023,8,14,20,0,62,62413,D162E1,50.44448,2.90506,Crépuscule ou aube,En agglomération,Intersection en Y,Normale,Deux véhicules - côté,3,2,2,0,1,2,1,0,1,50,2,2,1,0,0,1,53.0,56.0,voiture,deux_roues,2,2,4,1,3
202300054222,2023-06-10 14:10:00,2023,6,10,14,10,32,32013,GAOUERE (CHEMIN DE),43.62145,0.56481,Plein jour,Hors agglomération,Hors intersection,Normale,Sans collision,4,2,2,0,1,3,1,0,1,50,1,1,0,0,1,0,71.0,,deux_roues,,1,1,1,1,7
202300054223,2023-11-29 06:40:00,2023,11,29,6,40,07,07008,VOIE DOUCE DE LA PAYRE,44.71218,4.62418,Nuit sans éclairage public,Hors agglomération,Hors intersection,Normale,Autre collision,9,2,1,1,1,1,1,6,1,20,1,1,0,0,0,1,17.0,,deux_roues,,3,1,1,1,6
202300054224,2023-07-15 06:40:00,2023,7,15,6,40,2B,2B077,Cavone,42.472975,9.497439,Plein jour,Hors agglomération,Hors intersection,Normale,Deux véhicules - arrière,3,2,2,0,1,3,1,0,1,80,2,4,3,0,0,1,18.0,55.0,voiture,deux_roues,1,1,1,1,2
202300054225,2023-01-01 00:30:00,2023,1,1,0,30,38,38507,Route de Crémieu,45.749676,5.184463,Nuit avec éclairage allumé,En agglomération,Autre intersection,Normale,Deux véhicules - arrière,3,2,2,0,1,1,1,0,1,50,2,3,0,0,1,2,20.0,83.0,voiture,voiture,5,2,9,1,2
202300054226,2023-03-29 09:25:00,2023,3,29,9,25,93,93064,Rue Jules Guesde,48.8757002,2.49828994,Plein jour,En agglomération,Hors intersection,Normale,Autre collision,4,2,2,0,1,1,1,0,1,30,1,2,1,0,0,1,26.0,,utilitaire_camion,,1,2,1,1,6
202300054227,2023-02-13 11:45:00,2023,2,13,11,45,92,92012,BONTEMPS (rue Marcel),48.8255779,2.24189624,Plein jour,En agglomération,Intersection en X,Normale,Deux véhicules - frontale,4,2, -1,-1,1,1,1,0,1,-1,2,2,1,0,0,1,50.0,24.0,utilitaire_camion,voiture,1,2,2,1,1
202300054227,2023-02-13 11:45:00,2023,2,13,11,45,92,92012,BONTEMPS (rue Marcel),48.8255779,2.24189624,Plein jour,En agglomération,Intersection en X,Normale,Deux véhicules - frontale,4,2,2,0,1,1,1,0,1,30,2,2,1,0,0,1,50.0,24.0,utilitaire_camion,voiture,1,2,2,1,1
202300054228,2023-09-26 18:00:00,2023,9,26,18,0,68,68278,Rue de Habsheim,47.744266,7.41273,Plein jour,En agglomération,Hors intersection,Normale,Deux véhicules - arrière,4,2,2,0,1,1,1,9,1,50,2,2,1,0,0,1,17.0,32.0,voiture,voiture,1,2,1,1,2
202300054229,2023-08-23 13:30:00,2023,8,23,13,30,62,62263,N25,50.26148,2.69672,Plein jour,Hors agglomération,Hors intersection,Normale,Deux véhicules - frontale,2,-1,0,0,1,1,1,0,1,80,2,2,1,0,1,0,36.0,28.0,voiture,utilitaire_camion,1,1,1,1,1
202300054230,2023-11-29 11:30:00,2023,11,29,11,30,07,07102,REPUBLIQUE (AV. DE LA) [DU N° AU N°],44.93677,4.87289,Plein jour,En agglomération,Hors intersection,Normale,Autre collision,4,2,2,0,1,1,1,0,1,50,1,2,1,0,1,0,65.0,,deux_roues,,1,2,1,1,6
202300054231,2023-05-07 16:20:00,2023,5,7,16,20,83,83069,QUINZIEME CORPS (RUE DU),43.122781,6.143594,Plein jour,En agglomération,Intersection en T,Normale,Deux véhicules - frontale,4,2, -1,-1,1,1,1,0,1,-1,2,2,1,0,0,1,72.0,26.0,deux_roues,utilitaire_camion,1,2,3,1,1
202300054231,2023-05-07 16:20:00,2023,5,7,16,20,83,83069,QUINZIEME CORPS (RUE DU),43.122781,6.143594,Plein jour,En agglomération,Intersection en T,Normale,Deux véhicules - frontale,4,2,1,0,1,1,1,0,1,30,2,2,1,0,0,1,72.0,26.0,deux_roues,utilitaire_camion,1,2,3,1,1
202300054232,2023-06-24 09:00:00,2023,6,24,9,0,71,71230,9 Route de Toulon,46.604237,4.071078,Plein jour,En agglomération,Hors intersection,Normale,Autre collision,3,2,2,0,1,1,1,0,1,50,1,2,1,0,0,1,73.0,,voiture,,1,2,1,1,6
202300054233,2023-03-29 19:25:00,2023,3,29,19,25,93,93048,Boulevard de la Boissière,48.87772653,2.45963126,Crépuscule ou aube,En agglomération,Hors intersection,Normale,Autre collision,3,2,2,0,1,1,1,0,1,50,1,2,1,0,0,1,20.0,,deux_roues,,2,2,1,1,6