accident_id,datetime,annee,mois,jour,heure,minute,departement,commune_insee,adresse,latitude,longitude,luminosite,agglomeration,intersection,meteo,collision,catr,circ,nbv,vosp,prof,plan,surf,infra,situ,vma,nb_vehicules,nb_usagers,nb_indemnes,nb_tues,nb_blesses_hosp,nb_blesses_legers,age_cond_1,age_cond_2,veh_type_cond_1,veh_type_cond_2,lum_code,agg_code,int_code,atm_code,col_code
202300054234,2023-10-27 16:05:00,2023,10,27,16,5,75,75115,BOULEVARD PASTEUR,48.842995,2.312797,Plein jour,En agglomération,Intersection en X,Normale,Deux véhicules - côté,4,1,1,1,1,1,1,0,5,30,2,2,1,0,0,1,46.0,23.0,voiture,deux_roues,1,2,2,1,3
202300054234,2023-10-27 16:05:00,2023,10,27,16,5,75,75115,BOULEVARD PASTEUR,48.842995,2.312797,Plein jour,En agglomération,Intersection en X,Normale,Deux véhicules - côté,4,1,1,1,1,1,1,0,5,30,2,2,1,0,0,1,46.0,23.0,voiture,deux_roues,1,2,2,1,3
202300054235,2023-01-02 17:15:00,2023,1,2,17,15,27,27003,Rue de Louviers,49.173462,1.174899,Crépuscule ou aube,En agglomération,Hors intersection,Normale,Autre collision,3,2,2,0,1,1,1,0,4,50,1,1,0,0,1,0,24.0,,deux_roues,,2,2,1,1,6
202300054236,2023-06-09 22:20:00,2023,6,9,22,20,31,31555,VA007500 CROIX DAURADE A62 Sortie 14,43.63457,1.47809,Nuit avec éclairage allumé,En agglomération,Hors intersection,Normale,Deux véhicules - arrière,1,-1,4,0,1,1,1,3,1,90,2,2,1,0,0,1,33.0,61.0,voiture,voiture,5,2,1,1,2
202300054237,2023-02-13 09:30:00,2023,2,13,9,30,92,92007,BRIAND (AVENUE ARISTIDE) N° 100 A 160,48.79922285,2.32282117,Plein jour,En agglomération,Intersection en T,Normale,Autre collision,3,3,2,1,1,1,1,0,5,50,1,2,1,0,0,1,30.0,,voiture,,1,2,3,1,6
202300054237,2023-02-13 09:30:00,2023,2,13,9,30,92,92007,BRIAND (AVENUE ARISTIDE) N° 100 A 160,48.79922285,2.32282117,Plein jour,En agglomération,Intersection en T,Normale,Autre collision,3,1,1,0,1,1,1,0,5,30,1,2,1,0,0,1,30.0,,voiture,,1,2,3,1,6
202300054238,2023-03-29 14:00:00,2023,3,29,14,0,93,93048,Rue Gaston Lauriau,48.858245,2.447456,Plein jour,En agglomération,Hors intersection,Normale,Autre collision,4,1,1,0,1,1,1,0,1,30,1,2,1,0,0,1,55.0,,voiture,,1,2,1,1,6
202300054239,2023-08-23 00:48:00,2023,8,23,0,48,60,60057,Rue de la Madeleine,49.4289,2.08548,Nuit avec éclairage allumé,En agglomération,Intersection en X,Normale,Deux véhicules - côté,4,1,1,0,1,1,1,0,1,50,2,2,1,0,0,1,36.0,30.0,voiture,voiture,5,2,2,1,3
202300054239,2023-08-23 00:48:00,2023,8,23,0,48,60,60057,Rue de la Madeleine,49.4289,2.08548,Nuit avec éclairage allumé,En agglomération,Intersection en X,Normale,Deux véhicules - côté,4,1,1,0,1,1,1,0,1,50,2,2,1,0,0,1,36.0,30.0,voiture,voiture,5,2,2,1,3
202300054240,2023-10-27 14:20:00,2023,10,27,14,20,75,75115,RUE DE VAUGIRARD,48.842456,2.311086,Plein jour,En agglomération,Intersection en T,Normale,Autre collision,4,1, -1,-1,1,1,1,0,1,-1,1,2,1,0,0,1,60.0,,deux_roues,,1,2,3,1,6
202300054240,2023-10-27 14:20:00,2023,10,27,14,20,75,75115,RUE DE VAUGIRARD,48.842456,2.311086,Plein jour,En agglomération,Intersection en T,Normale,Autre collision,4,2,3,1,1,1,1,0,1,25,1,2,1,0,0,1,60.0,,deux_roues,,1,2,3,1,6
202300054241,2023-11-28 09:22:00,2023,11,28,9,22,06,06088,MEDECIN (PL. ALEXANDRE),43.7197248,7.2622586,Plein jour,En agglomération,Place,Normale,Deux véhicules - frontale,4,2,2,0,2,2,1,0,1,50,2,2,1,0,1,0,23.0,31.0,utilitaire_camion,deux_roues,1,2,7,1,1
202300054242,2023-06-10 12:45:00,2023,6,10,12,45,29,29232,Boulevard de Bretagne,47.98654976,-4.12439793,Plein jour,En agglomération,Hors intersection,Normale,Autre collision,4,2,2,0,1,1,1,0,1,50,1,2,1,0,0,1,61.0,,voiture,,1,2,1,1,6
202300054243,2023-05-05 17:20:00,2023,5,5,17,20,83,83061,AVENUE DE LA CORNICHE D'AZUR,43.3989402,6.72971928,Plein jour,En agglomération,Hors intersection,Normale,Deux véhicules - côté,3,2,2,0,1,1,1,0,1,50,2,2,1,0,1,0,45.0,73.0,deux_roues,voiture,1,2,1,1,3
202300054244,2023-01-02 19:00:00,2023,1,2,19,0,59,59388,Rue Leon Bocquet,50.559272,2.875709,Nuit sans éclairage public,Hors agglomération,Intersection en T,Normale,Deux véhicules - côté,7,2,2,0,1,1,1,0,1,80,2,2,1,0,0,1,30.0,54.0,voiture,voiture,3,1,3,1,3
202300054244,2023-01-02 19:00:00,2023,1,2,19,0,59,59388,Rue Leon Bocquet,50.559272,2.875709,Nuit sans éclairage public,Hors agglomération,Intersection en T,Normale,Deux véhicules - côté,7,2,2,0,1,1,1,0,1,80,2,2,1,0,0,1,30.0,54.0,voiture,voiture,3,1,3,1,3
202300054245,2023-07-14 23:45:00,2023,7,14,23,45,71,71195,D906,46.506132,4.916881,Nuit sans éclairage public,Hors agglomération,Intersection en X,Normale,Deux véhicules - côté,3,2,3,0,1,2,1,5,1,80,2,4,2,0,2,0,30.0,60.0,voiture,voiture,3,1,2,1,3
202300054245,2023-07-14 23:45:00,2023,7,14,23,45,71,71195,D906,46.506132,4.916881,Nuit sans éclairage public,Hors agglomération,Intersection en X,Normale,Deux véhicules - côté,3,2,3,0,1,2,1,5,1,90,2,4,2,0,2,0,30.0,60.0,voiture,voiture,3,1,2,1,3
202300054246,2023-02-13 06:45:00,2023,2,13,6,45,92,92007,BRIAND (AVENUE ARISTIDE) N° 100 A 160,48.80052,2.32337,Nuit avec éclairage allumé,En agglomération,Hors intersection,Normale,Autre collision,3,3,2,1,1,1,1,0,1,50,1,2,1,0,1,0,,,voiture,,5,2,1,1,6
202300054247,2023-03-29 08:30:00,2023,3,29,8,30,93,93032,Avenue Jean Jaurès / Place de Verdun,48.88316526,2.52745494,Plein jour,En agglomération,Intersection en T,Normale,Autre collision,3,2,2,0,1,1,1,0,1,50,1,2,1,0,0,1,26.0,,autre,,1,2,3,1,6
202300054247,2023-03-29 08:30:00,2023,3,29,8,30,93,93032,Avenue Jean Jaurès / Place de Verdun,48.88316526,2.52745494,Plein jour,En agglomération,Intersection en T,Normale,Autre collision,3,2,2,0,1,3,1,0,1,50,1,2,1,0,0,1,26.0,,autre,,1,2,3,1,6
202300054248,2023-09-26 18:30:00,2023,9,26,18,30,13,13001,A8 - PK 012.350 - SENS SUD NORD,43.534394,5.362229,Crépuscule ou aube,Hors agglomération,Hors intersection,Temps éblouissant,Deux véhicules - côté,1,3,3,0,1,1,1,0,1,130,4,6,5,0,1,0,57.0,55.0,utilitaire_camion,voiture,2,1,1,7,3
202300054249,2023-08-22 06:00:00,2023,8,22,6,0,60,60057,Boulevard Jules Brière,49.42786122,2.08846021,Nuit avec éclairage allumé,En agglomération,Intersection en X,Normale,Autre collision,4,2,2,0,1,1,1,0,1,30,1,2,1,0,0,1,32.0,,voiture,,5,2,2,1,6
202300054249,2023-08-22 06:00:00,2023,8,22,6,0,60,60057,Boulevard Jules Brière,49.42786122,2.08846021,Nuit avec éclairage allumé,En agglomération,Intersection en X,Normale,Autre collision,4,1,2,0,1,1,1,0,1,30,1,2,1,0,0,1,32.0,,voiture,,5,2,2,1,6
202300054250,2023-06-11 00:00:00,2023,6,11,0,0,29,29151,Rue Leon Gambetta,48.575704,-3.832364,Nuit avec éclairage non allumé,En agglomération,Hors intersection,Normale,Autre collision,4,2,2,0,2,2,1,0,3,30,1,1,0,0,0,1,50.0,,voiture,,4,2,1,1,6
202300054251,2023-11-21 13:29:00,2023,11,21,13,29,05,05061,DOCTEUR AYASSE ( RUE DU ),44.56355,6.08935,Plein jour,En agglomération,Hors intersection,Normale,Autre collision,3,1,1,0,1,1,1,0,1,50,1,2,1,0,0,1,35.0,,voiture,,1,2,1,1,6
202300054252,2023-01-01 14:20:00,2023,1,1,14,20,13,13028,A50-Sens Aubagne vers Toulon,43.2047,5.5907,Plein jour,Hors agglomération,Hors intersection,Normale,Autre collision,1,3,10,0,1,1,1,7,8,90,1,2,1,0,0,1,19.0,,voiture,,1,1,1,1,6
202300054253,2023-10-26 16:20:00,2023,10,26,16,20,75,75114,AVENUE DU MAINE,48.828027,2.326791,Plein jour,En agglomération,Place,Normale,Deux véhicules - arrière,4,2,5,0,1,1,1,0,1,50,2,2,1,0,0,1,38.0,67.0,deux_roues,voiture,1,2,7,1,2
202300054253,2023-10-26 16:20:00,2023,10,26,16,20,75,75114,AVENUE DU MAINE,48.828027,2.326791,Plein jour,En agglomération,Place,Normale,Deux véhicules - arrière,4,2,2,0,1,1,1,0,1,30,2,2,1,0,0,1,38.0,67.0,deux_roues,voiture,1,2,7,1,2
202300054254,2023-02-11 20:15:00,2023,2,11,20,15,13,13078,D268,43.407448,4.790125,Nuit sans éclairage public,Hors agglomération,Hors intersection,Brouillard / fumée,Deux véhicules - frontale,3,2,2,0,1,1,1,0,1,90,2,2,0,0,2,0,38.0,22.0,voiture,voiture,3,1,1,5,1
202300054255,2023-09-25 09:30:00,2023,9,25,9,30,987,98735,"Papeari, pk 53.200 c/mer",-17.722,-149.399,Plein jour,En agglomération,Hors intersection,Pluie forte,Deux véhicules - côté,2,2,2,0,1,3,2,0,3,60,1,2,1,0,0,1,21.0,,voiture,,1,2,1,3,3
202300054256,2023-03-29 12:00:00,2023,3,29,12,0,93,93001,Avenue Victor Hugo,48.91182367,2.37963706,Plein jour,En agglomération,Hors intersection,Normale,Autre collision,3,2,2,0,1,1,1,0,1,50,1,2,1,0,0,1,26.0,,utilitaire_camion,,1,2,1,1,6
202300054257,2023-08-13 19:00:00,2023,8,13,19,0,59,59632,RUE GUSTAVE DELORY,50.36381,3.39633,Plein jour,Hors agglomération,Hors intersection,Normale,Deux véhicules - côté,3,2,2,1,1,1,1,0,1,80,2,3,0,1,1,1,44.0,23.0,voiture,deux_roues,1,1,1,1,3
202300054258,2023-07-11 16:10:00,2023,7,11,16,10,49,49029,D751,47.37384,-0.36999,Plein jour,Hors agglomération,Intersection en X,Normale,Deux véhicules - côté,3,2,2,0,1,1,1,0,1,80,2,2,1,0,0,1,29.0,65.0,voiture,voiture,1,1,2,1,3
202300054258,2023-07-11 16:10:00,2023,7,11,16,10,49,49029,D751,47.37384,-0.36999,Plein jour,Hors agglomération,Intersection en X,Normale,Deux véhicules - côté,3,2,2,0,1,1,1,0,1,80,2,2,1,0,0,1,29.0,65.0,voiture,voiture,1,1,2,1,3
202300054259,2023-11-24 15:45:00,2023,11,24,15,45,05,05061,FUSILLES ( RUE DES ),44.54419,6.06583,Plein jour,En agglomération,Intersection en T,Normale,Autre collision,4,2,2,0,1,1,1,0,1,50,1,2,1,0,1,0,41.0,,voiture,,1,2,3,1,6
202300054259,2023-11-24 15:45:00,2023,11,24,15,45,05,05061,FUSILLES ( RUE DES ),44.54419,6.06583,Plein jour,En agglomération,Intersection en T,Normale,Autre collision,4,2,2,0,1,1,1,0,1,50,1,2,1,0,1,0,41.0,,voiture,,1,2,3,1,6
202300054260,2023-01-01 03:26:00,2023,1,1,3,26,13,13043,A55-Sens Marseille vers Martigues,43.38218353,5.22683418,Nuit sans éclairage public,Hors agglomération,Hors intersection,Normale,Sans collision,1,1,2,0,1,1,1,0,3,110,1,3,0,0,0,3,72.0,,voiture,,3,1,1,1,7
202300054261,2023-06-10 14:15:00,2023,6,10,14,15,29,29254,D19,48.57539614,-3.85588457,Plein jour,En agglomération,Hors intersection,Normale,Deux véhicules - frontale,3,3,1,0,2,1,1,0,1,50,2,4,0,0,0,4,21.0,42.0,voiture,voiture,1,2,1,1,1
202300054262,2023-10-25 18:45:00,2023,10,25,18,45,75,75114,AVENUE DU MAINE,48.83403,2.324351,Nuit avec éclairage allumé,En agglomération,Intersection en T,Pluie légère,Deux véhicules - côté,4,2,4,0,1,1,2,0,1,50,2,2,1,0,0,1,65.0,43.0,voiture,deux_roues,5,2,3,2,3
202300054262,2023-10-25 18:45:00,2023,10,25,18,45,75,75114,AVENUE DU MAINE,48.83403,2.324351,Nuit avec éclairage allumé,En agglomération,Intersection en T,Pluie légère,Deux véhicules - côté,4,-1,1,0,1,1,2,0,1,30,2,2,1,0,0,1,65.0,43.0,voiture,deux_roues,5,2,3,2,3
202300054263,2023-03-28 00:10:00,2023,3,28,0,10,93,93001,Avenue de la République,48.91326,2.38268,Nuit avec éclairage allumé,En agglomération,Hors intersection,Normale,Deux véhicules - côté,3,2,2,0,1,1,1,0,1,50,2,2,1,0,0,1,41.0,33.0,utilitaire_camion,deux_roues,5,2,1,1,3
202300054264,2023-08-22 16:40:00,2023,8,22,16,40,59,59286,SANTES RUE DE,50.61048,2.97416,Plein jour,En agglomération,Hors intersection,Normale,Deux véhicules - côté,4,2,2,0,1,1,1,0,1,50,2,3,1,0,1,1,65.0,19.0,voiture,deux_roues,1,2,1,1,3
202300054265,2023-02-14 14:40:00,2023,2,14,14,40,27,27507,D53,48.883316,1.263406,Plein jour,Hors agglomération,Hors intersection,Normale,Deux véhicules - côté,3,2,2,0,1,1,1,0,1,50,2,4,1,0,1,2,59.0,68.0,utilitaire_camion,voiture,1,1,1,1,3
202300054266,2023-11-30 16:45:00,2023,11,30,16,45,75,75117,PORTE MAILLOT,48.880244,2.281701,Crépuscule ou aube,En agglomération,Hors intersection,Normale,Deux véhicules - arrière,4,1,4,0,1,1,1,0,1,70,2,2,1,0,0,1,46.0,20.0,voiture,deux_roues,2,2,1,1,2
202300054267,2023-06-10 03:00:00,2023,6,10,3,0,29,29019,Avenue Franklin Roosevelt,48.38290318,-4.48817253,Nuit avec éclairage allumé,En agglomération,Giratoire,Pluie légère,Sans collision,4,2,2,0,2,1,2,5,1,50,1,2,0,0,0,2,29.0,,deux_roues,,5,2,6,2,7
202300054268,2023-07-15 12:40:00,2023,7,15,12,40,86,86298,D15B,46.715741,0.555617,Plein jour,Hors agglomération,Intersection en Y,Pluie légère,Deux véhicules - frontale,3,1,2,0,3,1,2,0,1,50,2,3,1,0,2,0,23.0,22.0,voiture,voiture,1,1,4,2,1
202300054268,2023-07-15 12:40:00,2023,7,15,12,40,86,86298,D15B,46.715741,0.555617,Plein jour,Hors agglomération,Intersection en Y,Pluie légère,Deux véhicules - frontale,3,2, -1,0,3,1,2,0,1,70,2,3,1,0,2,0,23.0,22.0,voiture,voiture,1,1,4,2,1
202300054269,2023-03-29 12:35:00,2023,3,29,12,35,92,92073,CARNOT (RUE),48.876244,2.229154,Plein jour,En agglomération,Hors intersection,Normale,Autre collision,4,2,2,0,1,1,1,0,1,50,1,2,1,0,1,0,20.0,,voiture,,1,2,1,1,6
202300054270,2023-05-07 20:00:00,2023,5,7,20,0,77,77449,AV PAUL SERAMY,48.85755,2.79607,Plein jour,Hors agglomération,Hors intersection,Temps couvert,Sans collision,4,1,4,0,1,2,1,0,1,90,1,1,0,0,0,1,26.0,,voiture,,1,1,1,8,7
202300054271,2023-08-22 12:00:00,2023,8,22,12,0,59,59350,CORDONNIER AVENUE DE L'ARCHITECTE,50.63369,3.04148,Plein jour,En agglomération,Intersection en X,Normale,Deux véhicules - côté,4,1,1,0,1,1,1,0,1,50,2,2,1,0,0,1,52.0,36.0,voiture,deux_roues,1,2,2,1,3
202300054271,2023-08-22 12:00:00,2023,8,22,12,0,59,59350,CORDONNIER AVENUE DE L'ARCHITECTE,50.63369,3.04148,Plein jour,En agglomération,Intersection en X,Normale,Deux véhicules - côté,4,-1,1,0,1,1,1,0,1,50,2,2,1,0,0,1,52.0,36.0,voiture,deux_roues,1,2,2,1,3
202300054272,2023-10-27 20:18:00,2023,10,27,20,18,75,75112,AVENUE DAUMESNIL,48.84703643,2.37552524,Nuit avec éclairage allumé,En agglomération,Autre intersection,Pluie légère,Deux véhicules - frontale,4,2,2,2,1,1,2,0,5,50,2,2,1,0,0,1,69.0,40.0,voiture,deux_roues,5,2,9,2,1
202300054272,2023-10-27 20:18:00,2023,10,27,20,18,75,75112,AVENUE DAUMESNIL,48.84703643,2.37552524,Nuit avec éclairage allumé,En agglomération,Autre intersection,Pluie légère,Deux véhicules - frontale,4,1, -1,-1,1,1,2,0,5,-1,2,2,1,0,0,1,69.0,40.0,voiture,deux_roues,5,2,9,2,1
202300054273,2023-07-14 11:45:00,2023,7,14,11,45,86,86068,D35,46.208145,0.163471,Plein jour,En agglomération,Hors intersection,Normale,Deux véhicules - frontale,3,2,2,0,1,1,1,0,1,30,2,2,1,0,1,0,15.0,29.0,deux_roues,voiture,1,2,1,1,1
202300054274,2023-09-26 13:02:00,2023,9,26,13,2,78,78478,n191,48.475693,1.853721,Plein jour,Hors agglomération,Hors intersection,Normale,Autre collision,2,2,2,0,1,1,1,0,1,80,3,3,1,0,1,1,42.0,56.0,utilitaire_camion,utilitaire_camion,1,1,1,1,6
202300054275,2023-01-01 19:22:00,2023,1,1,19,22,33,33143,AUTOROUTE A 10,44.96679,-0.438417,Nuit sans éclairage public,Hors agglomération,Hors intersection,Normale,Trois véhicules et plus - en chaîne,1,3,6,0,1,1,1,0,1,130,3,10,5,0,0,5,37.0,22.0,utilitaire_camion,utilitaire_camion,3,1,1,1,4
202300054276,2023-11-30 07:45:00,2023,11,30,7,45,75,75115,PORTE DE SEVRES,48.831897,2.28169,Plein jour,En agglomération,Hors intersection,Normale,Trois véhicules et plus - collisions multiples,4,1,3,0,1,1,1,0,1,70,3,3,2,0,0,1,22.0,62.0,deux_roues,voiture,1,2,1,1,5
202300054277,2023-03-29 10:30:00,2023,3,29,10,30,92,92012,JEAN JAURES (BOULEVARD) 217/FIN - 210/FI,48.828842,2.246197,Plein jour,En agglomération,Intersection en X,Normale,Autre collision,3,2,2,0,1,1,1,0,1,50,1,2,1,0,0,1,77.0,,voiture,,1,2,2,1,6
202300054277,2023-03-29 10:30:00,2023,3,29,10,30,92,92012,JEAN JAURES (BOULEVARD) 217/FIN - 210/FI,48.828842,2.246197,Plein jour,En agglomération,Intersection en X,Normale,Autre collision,3,2,2,0,1,1,1,0,1,50,1,2,1,0,0,1,77.0,,voiture,,1,2,2,1,6
202300054278,2023-07-15 12:30:00,2023,7,15,12,30,22,22055,Rue des Prés Calan,48.612009,-2.829098,Plein jour,En agglomération,Hors intersection,Normale,Deux véhicules - côté,4,3,2,0,1,1,1,0,1,50,2,2,1,0,0,1,48.0,78.0,voiture,deux_roues,1,2,1,1,3
202300054279,2023-05-06 18:10:00,2023,5,6,18,10,77,77111,BD LA MERIDIENNE,48.855885,2.77052,Plein jour,En agglomération,Giratoire,Normale,Deux véhicules - côté,3,-1,2,0,1,1,1,0,1,50,2,2,1,0,0,1,48.0,31.0,voiture,voiture,1,2,6,1,3
202300054280,2023-08-21 21:00:00,2023,8,21,21,0,59,59574,RUE DES FRERES BRIDOUX,50.37099,3.26776,Crépuscule ou aube,En agglomération,Intersection en T,Normale,Deux véhicules - côté,4,2,2,0,1,1,1,0,1,50,2,3,2,0,1,0,28.0,23.0,voiture,deux_roues,2,2,3,1,3
202300054280,2023-08-21 21:00:00,2023,8,21,21,0,59,59574,RUE DES FRERES BRIDOUX,50.37099,3.26776,Crépuscule ou aube,En agglomération,Intersection en T,Normale,Deux véhicules - côté,4,2,2,0,1,1,1,0,1,50,2,3,2,0,1,0,28.0,23.0,voiture,deux_roues,2,2,3,1,3
202300054281,2023-02-13 04:10:00,2023,2,13,4,10,52,52332,A31 PK137.500 direction Dijon (21),47.977193,5.498968,Nuit sans éclairage public,Hors agglomération,Hors intersection,Brouillard / fumée,Deux véhicules - arrière,1,3,4,0,1,1,1,0,1,130,2,2,1,0,0,1,32.0,38.0,utilitaire_camion,utilitaire_camion,3,1,1,5,2
202300054282,2023-09-26 10:40:00,2023,9,26,10,40,2B,2B148,Route de l'aéroport,42.550219,9.459679,Plein jour,En agglomération,Giratoire,Normale,Deux véhicules - arrière,3,1,1,0,1,2,1,0,1,50,2,3,1,0,2,0,70.0,,deux_roues,voiture,1,2,6,1,2
202300054283,2023-10-27 13:31:00,2023,10,27,13,31,75,75109,BOULEVARD POISSONNIERE,48.871494,2.343089,Plein jour,En agglomération,Intersection en X,Normale,Deux véhicules - côté,4,-1,4,0,1,1,1,0,1,30,2,4,2,0,0,2,22.0,52.0,deux_roues,utilitaire_camion,1,2,2,1,3
202300054283,2023-10-27 13:31:00,2023,10,27,13,31,75,75109,BOULEVARD POISSONNIERE,48.871494,2.343089,Plein jour,En agglomération,Intersection en X,Normale,Deux véhicules - côté,4,-1,2,0,1,1,1,0,1,30,2,4,2,0,0,2,22.0,52.0,deux_roues,utilitaire_camion,1,2,2,1,3
202300054284,2023-06-06 09:24:00,2023,6,6,9,24,26,26362,Faubourg Saint Jacques,44.93247,4.89612,Plein jour,En agglomération,Hors intersection,Normale,Autre collision,4,1,1,0,1,1,1,0,4,50,1,3,0,0,2,1,32.0,,voiture,,1,2,1,1,6
202300054285,2023-01-01 07:15:00,2023,1,1,7,15,33,33167,ROUTE NATIONALE 230,44.835226,-0.500053,Nuit sans éclairage public,Hors agglomération,Hors intersection,Normale,Deux véhicules - arrière,2,3,6,0,2,3,1,0,1,90,2,5,2,0,0,3,49.0,52.0,voiture,utilitaire_camion,3,1,1,1,2
202300054286,2023-11-29 21:10:00,2023,11,29,21,10,75,75116,BD PERIPHERIQUE EXTERIEUR,48.860277,2.263373,Nuit avec éclairage allumé,En agglomération,Hors intersection,Normale,Trois véhicules et plus - collisions multiples,4,1,4,0,1,2,1,1,1,70,3,3,2,0,0,1,18.0,70.0,deux_roues,voiture,5,2,1,1,5
202300054287,2023-09-26 20:45:00,2023,9,26,20,45,89,89257,34 Rue Victor Hugo,47.958706,3.529841,Crépuscule ou aube,En agglomération,Hors intersection,Normale,Autre collision,3,2,2,0,1,1,1,0,1,50,1,2,1,0,1,0,,,autre,,2,2,1,1,6
202300054288,2023-08-22 07:00:00,2023,8,22,7,0,59,59329,RD 643,50.34749,3.0901,Plein jour,Hors agglomération,Giratoire,Normale,Deux véhicules - côté,3,2,2,0,1,1,1,0,8,50,2,2,1,1,0,0,61.0,80.0,voiture,deux_roues,1,1,6,1,3
202300054288,2023-08-22 07:00:00,2023,8,22,7,0,59,59329,RD 643,50.34749,3.0901,Plein jour,Hors agglomération,Giratoire,Normale,Deux véhicules - côté,3,1,2,1,1,3,1,0,8,70,2,2,1,1,0,0,61.0,80.0,voiture,deux_roues,1,1,6,1,3
202300054289,2023-07-15 08:00:00,2023,7,15,8,0,35,35284,Lieu Dit Beausejour,48.611257,-1.941812,Plein jour,Hors agglomération,Intersection en X,Normale,Deux véhicules - côté,4,2,2,0,1,1,1,0,1,80,2,4,1,0,1,2,30.0,44.0,voiture,utilitaire_camion,1,1,2,1,3
202300054290,2023-06-10 16:45:00,2023,6,10,16,45,25,25462,REPUBLIQUE DE LA,46.90314,6.35636,Plein jour,En agglomération,Hors intersection,Normale,Autre collision,4,-1,1,0,1,1,1,0,4,-1,1,3,2,0,0,1,15.0,,deux_roues,,1,2,1,1,6
202300054291,2023-10-27 13:25:00,2023,10,27,13,25,75,75109,RUE LA FAYETTE,48.87503463,2.340855,Plein jour,En agglomération,Intersection à plus de 4 branches,Normale,Autre collision,4,1, -1,-1,1,1,1,0,5,-1,1,2,1,0,0,1,28.0,,deux_roues,,1,2,5,1,6
202300054291,2023-10-27 13:25:00,2023,10,27,13,25,75,75109,RUE LA FAYETTE,48.87503463,2.340855,Plein jour,En agglomération,Intersection à plus de 4 branches,Normale,Autre collision,4,3,4,0,1,1,1,0,5,30,1,2,1,0,0,1,28.0,,deux_roues,,1,2,5,1,6
202300054292,2023-05-07 22:30:00,2023,5,7,22,30,76,76322,Rue de la République,49.4138044,1.03430271,Nuit avec éclairage allumé,En agglomération,Intersection en T,Normale,Deux véhicules - frontale,4,2,2,0,1,1,1,0,1,50,2,2,0,0,0,2,20.0,30.0,voiture,voiture,5,2,3,1,1
202300054292,2023-05-07 22:30:00,2023,5,7,22,30,76,76322,Rue de la République,49.4138044,1.03430271,Nuit avec éclairage allumé,En agglomération,Intersection en T,Normale,Deux véhicules - frontale,4,2,2,0,1,1,1,0,1,50,2,2,0,0,0,2,20.0,30.0,voiture,voiture,5,2,3,1,1
202300054293,2023-03-11 18:10:00,2023,3,11,18,10,68,68145,73 Grand'Rue,48.080036,7.397892,Crépuscule ou aube,En agglomération,Intersection en T,Normale,Trois véhicules et plus - collisions multiples,3,2,2,1,1,1,1,0,1,50,3,4,2,0,0,2,19.0,42.0,deux_roues,voiture,2,2,3,1,5
202300054293,2023-03-11 18:10:00,2023,3,11,18,10,68,68145,73 Grand'Rue,48.080036,7.397892,Crépuscule ou aube,En agglomération,Intersection en T,Normale,Trois véhicules et plus - collisions multiples,3,2,2,0,1,1,1,0,8,50,3,4,2,0,0,2,19.0,42.0,deux_roues,voiture,2,2,3,1,5
202300054294,2023-02-11 17:13:00,2023,2,11,17,13,08,08435,N51,49.451883,4.298508,Crépuscule ou aube,Hors agglomération,Hors intersection,Brouillard / fumée,Deux véhicules - arrière,2,3,2,0,1,1,2,0,1,110,2,4,2,0,0,2,35.0,,voiture,voiture,2,1,1,5,2
202300054295,2023-01-01 17:18:00,2023,1,1,17,18,94,94034,A86,48.76061147,2.31935953,Nuit avec éclairage allumé,Hors agglomération,Hors intersection,Pluie légère,Trois véhicules et plus - en chaîne,1,1,2,0,1,1,2,1,1,70,3,3,2,0,0,1,35.0,23.0,voiture,voiture,5,1,1,2,4
202300054296,2023-09-26 15:28:00,2023,9,26,15,28,21,21464,1 Place Jules Ferry,47.135962,4.955004,Plein jour,En agglomération,Giratoire,Normale,Deux véhicules - frontale,3,1,2,0,1,1,1,0,1,50,2,4,3,0,0,1,22.0,20.0,voiture,deux_roues,1,2,6,1,1
202300054297,2023-10-27 15:50:00,2023,10,27,15,50,75,75108,BOULEVARD DES BATIGNOLLES,48.882571,2.323378,Plein jour,En agglomération,Intersection en X,Normale,Sans collision,4,1,2,0,1,1,1,0,1,30,1,1,0,0,0,1,33.0,,deux_roues,,1,2,2,1,7
202300054297,2023-10-27 15:50:00,2023,10,27,15,50,75,75108,BOULEVARD DES BATIGNOLLES,48.882571,2.323378,Plein jour,En agglomération,Intersection en X,Normale,Sans collision,4,1, -1,-1,1,1,1,0,1,-1,1,1,0,0,0,1,33.0,,deux_roues,,1,2,2,1,7
202300054298,2023-11-30 19:00:00,2023,11,30,19,0,75,75120,RUE DES PYRENEES,48.871976,2.391876,Nuit avec éclairage allumé,En agglomération,Intersection en T,Normale,Deux véhicules - arrière,4,1, -1,-1,1,1,1,0,1,-1,2,2,1,0,0,1,,28.0,deux_roues,deux_roues,5,2,3,1,2
202300054298,2023-11-30 19:00:00,2023,11,30,19,0,75,75120,RUE DES PYRENEES,48.871976,2.391876,Nuit avec éclairage allumé,En agglomération,Intersection en T,Normale,Deux véhicules - arrière,4,2,2,0,1,1,1,0,1,30,2,2,1,0,0,1,,28.0,deux_roues,deux_roues,5,2,3,1,2
202300054299,2023-05-07 11:05:00,2023,5,7,11,5,76,76681,Boulevard Industriel,49.41007038,1.1085248,Plein jour,Hors agglomération,Hors intersection,Pluie forte,Sans collision,7,3,4,0,1,1,3,0,1,90,1,1,0,0,0,1,22.0,,voiture,,1,1,1,3,7