accident_id,datetime,annee,mois,jour,heure,minute,departement,commune_insee,adresse,latitude,longitude,luminosite,agglomeration,intersection,meteo,collision,catr,circ,nbv,vosp,prof,plan,surf,infra,situ,vma,nb_vehicules,nb_usagers,nb_indemnes,nb_tues,nb_blesses_hosp,nb_blesses_legers,age_cond_1,age_cond_2,veh_type_cond_1,veh_type_cond_2,lum_code,agg_code,int_code,atm_code,col_code
202300054300,2023-08-23 07:55:00,2023,8,23,7,55,58,58194,MARZY,46.98810593,3.12677815,Plein jour,En agglomération,Intersection en T,Normale,Deux véhicules - côté,4,2,3,0,1,1,1,0,1,50,2,2,1,0,1,0,61.0,33.0,voiture,deux_roues,1,2,3,1,3
202300054300,2023-08-23 07:55:00,2023,8,23,7,55,58,58194,MARZY,46.98810593,3.12677815,Plein jour,En agglomération,Intersection en T,Normale,Deux véhicules - côté,4,2,3,0,1,1,1,0,1,50,2,2,1,0,1,0,61.0,33.0,voiture,deux_roues,1,2,3,1,3
202300054301,2023-03-28 14:00:00,2023,3,28,14,0,974,97404,Avenue Octave Bénard,-21.26733168,55.3345862,Plein jour,Hors agglomération,Hors intersection,Normale,Deux véhicules - côté,4,2,2,1,1,1,1,0,1,80,2,2,0,1,0,1,36.0,79.0,deux_roues,deux_roues,1,1,1,1,3
202300054302,2023-07-14 10:35:00,2023,7,14,10,35,38,38013,170 Route de Lyon,45.400168,5.484216,Plein jour,En agglomération,Intersection en T,Normale,Deux véhicules - côté,3,2,2,0,1,1,1,0,1,50,2,2,1,0,0,1,68.0,31.0,voiture,utilitaire_camion,1,2,3,1,3
202300054302,2023-07-14 10:35:00,2023,7,14,10,35,38,38013,170 Route de Lyon,45.400168,5.484216,Plein jour,En agglomération,Intersection en T,Normale,Deux véhicules - côté,3,2,2,0,1,1,1,0,1,50,2,2,1,0,0,1,68.0,31.0,voiture,utilitaire_camion,1,2,3,1,3
202300054303,2023-02-13 04:50:00,2023,2,13,4,50,30,30254,,44.063922,4.723424,Nuit avec éclairage allumé,En agglomération,Hors intersection,Normale,Deux véhicules - côté,3,2,2,0,1,1,1,5,1,50,2,2,1,0,0,1,23.0,23.0,voiture,voiture,5,2,1,1,3
202300054304,2023-06-10 14:45:00,2023,6,10,14,45,22,22278,VILLE-GUYOMARD (DE LA),48.52487,-2.78615,Plein jour,En agglomération,Hors intersection,Normale,Autre collision,4,2,0,-1,1,1,1,0,1,-1,1,2,1,0,1,0,12.0,,deux_roues,,1,2,1,1,6
202300054305,2023-09-22 13:15:00,2023,9,22,13,15,67,67122,D 224,48.635142,7.309481,Plein jour,Hors agglomération,Autre intersection,Normale,Sans collision,3,2,2,0,2,1,1,0,3,80,1,2,0,0,1,1,74.0,,voiture,,1,1,9,1,7
202300054306,2023-03-29 06:40:00,2023,3,29,6,40,67,67283,d218,48.708383,7.364761,Crépuscule ou aube,Hors agglomération,Hors intersection,Pluie légère,Sans collision,3,2,2,0,1,1,2,0,3,80,1,1,0,0,0,1,32.0,,deux_roues,,2,1,1,2,7
202300054307,2023-11-30 15:55:00,2023,11,30,15,55,75,75120,RUE DE MENILMONTANT,48.868528,2.389061,Crépuscule ou aube,En agglomération,Hors intersection,Normale,Sans collision,4,2,2,0,2,1,1,0,1,30,1,2,1,0,0,1,33.0,,transport_commun,,2,2,1,1,7
202300054308,2023-10-27 14:15:00,2023,10,27,14,15,75,75108,RUE DE LONDRES,48.877881,2.326943,Plein jour,En agglomération,Intersection à plus de 4 branches,Temps couvert,Deux véhicules - côté,4,1, -1,-1,1,1,1,0,1,-1,2,2,1,0,0,1,47.0,31.0,utilitaire_camion,deux_roues,1,2,5,8,3
202300054308,2023-10-27 14:15:00,2023,10,27,14,15,75,75108,RUE DE LONDRES,48.877881,2.326943,Plein jour,En agglomération,Intersection à plus de 4 branches,Temps couvert,Deux véhicules - côté,4,-1,1,1,1,1,1,0,1,30,2,2,1,0,0,1,47.0,31.0,utilitaire_camion,deux_roues,1,2,5,8,3
202300054309,2023-05-06 11:30:00,2023,5,6,11,30,73,73008,D991 RUSSIE BOULEVARD DE,45.68292371,5.91040581,Plein jour,En agglomération,Autre intersection,Normale,Deux véhicules - côté,3,3,2,2,1,1,1,0,1,50,2,3,1,0,0,2,47.0,31.0,deux_roues,autre,1,2,9,1,3
202300054310,2023-01-01 06:30:00,2023,1,1,6,30,78,78133,A13,48.886934,2.011974,Nuit sans éclairage public,Hors agglomération,Hors intersection,Normale,Deux véhicules - arrière,1,1,2,0,1,1,1,0,1,110,2,7,6,0,0,1,24.0,43.0,voiture,voiture,3,1,1,1,2
202300054311,2023-08-21 19:00:00,2023,8,21,19,0,58,58194,BARATTE (FAUBOURG),46.98899,3.1884,Plein jour,En agglomération,Intersection en T,Normale,Deux véhicules - côté,4,2,3,0,1,1,1,0,1,50,2,2,1,0,0,1,37.0,24.0,deux_roues,utilitaire_camion,1,2,3,1,3
202300054311,2023-08-21 19:00:00,2023,8,21,19,0,58,58194,BARATTE (FAUBOURG),46.98899,3.1884,Plein jour,En agglomération,Intersection en T,Normale,Deux véhicules - côté,4,2,3,0,1,1,1,0,1,50,2,2,1,0,0,1,37.0,24.0,deux_roues,utilitaire_camion,1,2,3,1,3
202300054312,2023-03-29 22:10:00,2023,3,29,22,10,06,06126,M6202,43.809292,7.192461,Nuit sans éclairage public,Hors agglomération,Hors intersection,Normale,Autre collision,7,2,3,0,1,1,1,8,1,70,1,1,0,0,1,0,20.0,,deux_roues,,3,1,1,1,6
202300054313,2023-02-10 08:50:00,2023,2,10,8,50,47,47010,D252 / D106,44.371171,0.068214,Plein jour,Hors agglomération,Intersection en X,Normale,Deux véhicules - côté,3,2,2,0,1,1,1,0,1,80,2,2,0,0,0,2,68.0,50.0,voiture,voiture,1,1,2,1,3
202300054313,2023-02-10 08:50:00,2023,2,10,8,50,47,47010,D252 / D106,44.371171,0.068214,Plein jour,Hors agglomération,Intersection en X,Normale,Deux véhicules - côté,3,2,2,0,1,1,1,0,1,80,2,2,0,0,0,2,68.0,50.0,voiture,voiture,1,1,2,1,3
202300054314,2023-06-09 12:30:00,2023,6,9,12,30,18,18279,20 Route René Dumont,47.20813,2.08942,Plein jour,En agglomération,Hors intersection,Normale,Deux véhicules - frontale,4,2,2,0,1,1,1,0,1,50,2,3,1,0,0,2,60.0,22.0,utilitaire_camion,utilitaire_camion,1,2,1,1,1
202300054315,2023-09-22 13:50:00,2023,9,22,13,50,67,67046,7 Rue des Bobineurs,48.765128,7.855107,Plein jour,En agglomération,Intersection en X,Normale,Deux véhicules - côté,3,-1,2,0,1,1,1,0,1,50,2,3,2,0,1,0,79.0,34.0,voiture,voiture,1,2,2,1,3
202300054315,2023-09-22 13:50:00,2023,9,22,13,50,67,67046,7 Rue des Bobineurs,48.765128,7.855107,Plein jour,En agglomération,Intersection en X,Normale,Deux véhicules - côté,3,2, -1,-1,1,1,1,0,1,50,2,3,2,0,1,0,79.0,34.0,voiture,voiture,1,2,2,1,3
202300054316,2023-11-30 08:35:00,2023,11,30,8,35,75,75120,RUE DU TELEGRAPHE,48.871072,2.4003,Plein jour,En agglomération,Intersection en T,Normale,Autre collision,4,2, -1,-1,1,1,1,0,1,-1,1,3,2,0,1,0,31.0,,voiture,,1,2,3,1,6
202300054316,2023-11-30 08:35:00,2023,11,30,8,35,75,75120,RUE DU TELEGRAPHE,48.871072,2.4003,Plein jour,En agglomération,Intersection en T,Normale,Autre collision,4,1,1,0,1,1,1,0,1,30,1,3,2,0,1,0,31.0,,voiture,,1,2,3,1,6
202300054317,2023-01-01 18:50:00,2023,1,1,18,50,95,95582,A115,48.98062982,2.2409411,Nuit sans éclairage public,Hors agglomération,Hors intersection,Pluie légère,Autre collision,1,3,4,0,2,3,2,0,1,90,1,1,0,0,0,1,27.0,,voiture,,3,1,1,2,6
202300054318,2023-08-21 09:25:00,2023,8,21,9,25,57,57306,TOURNEUR (RUE) ,49.3286,6.06415,Plein jour,En agglomération,Intersection en T,Normale,Deux véhicules - côté,3,2,2,0,1,1,1,0,1,50,2,2,1,0,1,0,59.0,47.0,voiture,deux_roues,1,2,3,1,3
202300054318,2023-08-21 09:25:00,2023,8,21,9,25,57,57306,TOURNEUR (RUE) ,49.3286,6.06415,Plein jour,En agglomération,Intersection en T,Normale,Deux véhicules - côté,3,2,2,0,1,1,1,0,1,50,2,2,1,0,1,0,59.0,47.0,voiture,deux_roues,1,2,3,1,3
202300054319,2023-07-14 16:00:00,2023,7,14,16,0,84,84102,Croisement D4/D227,43.913387,5.315151,Plein jour,Hors agglomération,Intersection en T,Normale,Deux véhicules - côté,3,2,2,0,1,1,1,0,1,80,2,6,1,0,2,3,57.0,27.0,voiture,voiture,1,1,3,1,3
202300054319,2023-07-14 16:00:00,2023,7,14,16,0,84,84102,Croisement D4/D227,43.913387,5.315151,Plein jour,Hors agglomération,Intersection en T,Normale,Deux véhicules - côté,3,2,2,-1,-1,-1,-1,-1,-1,-1,2,6,1,0,2,3,57.0,27.0,voiture,voiture,1,1,3,1,3
202300054320,2023-09-27 16:25:00,2023,9,27,16,25,88,88078,6 Rue de Gérardmer,48.200368,6.725183,Plein jour,En agglomération,Hors intersection,Normale,Autre collision,4,2,2,0,2,2,1,0,8,50,1,1,0,1,0,0,65.0,,deux_roues,,1,2,1,1,6
202300054321,2023-02-14 03:45:00,2023,2,14,3,45,31,31157,136 Route de Plaisance,43.549128,1.317638,Nuit sans éclairage public,Hors agglomération,Hors intersection,Normale,Sans collision,7,2,2,0,1,4,1,0,3,90,1,1,0,1,0,0,56.0,,deux_roues,,3,1,1,1,7
202300054322,2023-03-29 18:50:00,2023,3,29,18,50,72,72306,D139bis,47.854027,0.235616,Plein jour,Hors agglomération,Hors intersection,Normale,Deux véhicules - frontale,3,2,2,0,1,1,1,0,1,80,2,2,1,0,0,1,37.0,54.0,voiture,voiture,1,1,1,1,1
202300054323,2023-10-27 20:10:00,2023,10,27,20,10,94,94081,Avenue Ernest Havet,48.78779,2.40249,Nuit avec éclairage allumé,En agglomération,Intersection en X,Pluie légère,Trois véhicules et plus - collisions multiples,4,2,2,0,1,1,2,0,1,50,3,6,4,0,0,2,21.0,25.0,voiture,voiture,5,2,2,2,5
202300054324,2023-06-11 00:05:00,2023,6,11,0,5,13,13210,CAPELETTE (AVENUE DE LA),43.28061357,5.40770574,Nuit avec éclairage allumé,En agglomération,Hors intersection,Normale,Autre collision,4,2,2,0,1,1,1,0,1,50,1,2,0,0,0,2,19.0,,deux_roues,,5,2,1,1,6
202300054325,2023-07-13 21:30:00,2023,7,13,21,30,15,15221,N122,44.878669,2.361599,Nuit sans éclairage public,Hors agglomération,Hors intersection,Normale,Sans collision,2,2,2,0,1,2,1,0,1,70,1,1,0,0,1,0,31.0,,voiture,,3,1,1,1,7
202300054326,2023-08-22 19:24:00,2023,8,22,19,24,56,56121,KERMELO (PROMENADE DE),47.73143,-3.37908,Plein jour,En agglomération,Hors intersection,Normale,Deux véhicules - côté,9,-1, -1,3,1,1,1,-1,6,30,2,2,1,0,0,1,15.0,53.0,deux_roues,deux_roues,1,2,1,1,3
202300054327,2023-11-30 12:05:00,2023,11,30,12,5,75,75119,AVENUE DE FLANDRE,48.89315,2.379885,Plein jour,En agglomération,Intersection en T,Normale,Deux véhicules - côté,4,1,0,1,1,1,1,0,5,30,2,2,1,0,0,1,52.0,37.0,voiture,deux_roues,1,2,3,1,3
202300054327,2023-11-30 12:05:00,2023,11,30,12,5,75,75119,AVENUE DE FLANDRE,48.89315,2.379885,Plein jour,En agglomération,Intersection en T,Normale,Deux véhicules - côté,4,1, -1,-1,1,1,1,0,5,-1,2,2,1,0,0,1,52.0,37.0,voiture,deux_roues,1,2,3,1,3
202300054328,2023-05-02 07:25:00,2023,5,2,7,25,73,73008,D913 GAULLE GENERAL DE AVENUE,45.68792,5.91197,Plein jour,En agglomération,Intersection en T,Normale,Deux véhicules - côté,3,3,2,2,2,1,1,0,1,50,2,2,0,0,0,2,55.0,17.0,voiture,deux_roues,1,2,3,1,3
202300054328,2023-05-02 07:25:00,2023,5,2,7,25,73,73008,D913 GAULLE GENERAL DE AVENUE,45.68792,5.91197,Plein jour,En agglomération,Intersection en T,Normale,Deux véhicules - côté,3,1,1,2,1,1,1,0,1,30,2,2,0,0,0,2,55.0,17.0,voiture,deux_roues,1,2,3,1,3
202300054329,2023-03-29 17:30:00,2023,3,29,17,30,23,23141,D5,46.251244,1.677487,Plein jour,Hors agglomération,Hors intersection,Normale,Autre collision,3,2,2,0,4,1,1,9,8,90,1,2,0,2,0,0,29.0,,voiture,,1,1,1,1,6
202300054330,2023-02-13 08:20:00,2023,2,13,8,20,95,95365,RD 316,49.07994978,2.4119854,Crépuscule ou aube,Hors agglomération,Hors intersection,Brouillard / fumée,Sans collision,3,2,2,0,1,1,1,0,3,80,1,2,1,0,0,1,24.0,,voiture,,2,1,1,5,7
202300054331,2023-10-26 22:57:00,2023,10,26,22,57,94,94074,Rue Vasco de Gama,48.76691569,2.44955347,Nuit avec éclairage allumé,En agglomération,Hors intersection,Pluie forte,Deux véhicules - arrière,4,1,1,0,1,1,2,0,1,30,2,2,1,0,0,1,25.0,48.0,utilitaire_camion,utilitaire_camion,5,2,1,3,2
202300054332,2023-08-23 00:05:00,2023,8,23,0,5,54,54323,Rue de la Banque,49.51737,5.76556,Nuit avec éclairage non allumé,En agglomération,Hors intersection,Normale,Sans collision,4,2,2,0,2,1,1,0,3,50,1,1,0,0,0,1,21.0,,deux_roues,,4,2,1,1,7
202300054333,2023-09-27 11:30:00,2023,9,27,11,30,03,03290,pk 6 D29,46.636198,3.337634,Plein jour,Hors agglomération,Intersection en T,Normale,Deux véhicules - côté,3,2,2,0,1,1,1,0,1,90,2,3,2,0,0,1,76.0,42.0,voiture,voiture,1,1,3,1,3
202300054333,2023-09-27 11:30:00,2023,9,27,11,30,03,03290,pk 6 D29,46.636198,3.337634,Plein jour,Hors agglomération,Intersection en T,Normale,Deux véhicules - côté,3,2,2,0,2,1,1,0,1,90,2,3,2,0,0,1,76.0,42.0,voiture,voiture,1,1,3,1,3
202300054334,2023-11-30 09:20:00,2023,11,30,9,20,75,75118,RUE D AUBERVILLIERS,48.89663,2.369769,Plein jour,En agglomération,Hors intersection,Normale,Autre collision,4,-1,1,0,1,1,1,0,1,30,1,2,1,0,0,1,30.0,,utilitaire_camion,,1,2,1,1,6
202300054335,2023-06-09 23:23:00,2023,6,9,23,23,13,13210,PAUL CLAUDEL (BOULEVARD),43.2682893,5.41452446,Nuit avec éclairage allumé,En agglomération,Hors intersection,Normale,Deux véhicules - arrière,4,1,2,0,1,1,1,1,1,70,2,3,0,0,0,3,43.0,57.0,voiture,voiture,5,2,1,1,2
202300054336,2023-01-01 18:30:00,2023,1,1,18,30,93,93078,AUTOROUTE A104,48.9713639,2.4985811,Nuit sans éclairage public,Hors agglomération,Hors intersection,Pluie légère,Trois véhicules et plus - en chaîne,1,3,2,0,1,1,2,0,1,90,3,7,3,0,1,3,56.0,44.0,voiture,utilitaire_camion,3,1,1,2,4
202300054337,2023-07-14 08:30:00,2023,7,14,8,30,01,01348,Route des Brocatieres,46.183452,4.826852,Plein jour,Hors agglomération,Intersection en X,Normale,Deux véhicules - frontale,3,2,2,0,2,1,1,0,1,70,2,2,1,0,1,0,20.0,59.0,utilitaire_camion,deux_roues,1,1,2,1,1
202300054337,2023-07-14 08:30:00,2023,7,14,8,30,01,01348,Route des Brocatieres,46.183452,4.826852,Plein jour,Hors agglomération,Intersection en X,Normale,Deux véhicules - frontale,3,2,2,0,1,1,1,0,1,70,2,2,1,0,1,0,20.0,59.0,utilitaire_camion,deux_roues,1,1,2,1,1
202300054338,2023-02-13 16:40:00,2023,2,13,16,40,2B,2B150,RT 30,42.595401,8.83812,Plein jour,Hors agglomération,Hors intersection,Normale,Autre collision,2,2,2,0,1,4,1,0,1,70,1,2,1,0,1,0,82.0,,voiture,,1,1,1,1,6
202300054339,2023-05-07 18:40:00,2023,5,7,18,40,72,72181,NERUDA PABLO (BD),47.99758,0.22306,Plein jour,En agglomération,Autre intersection,Normale,Sans collision,4,3,0,0,1,1,1,0,1,50,1,1,0,0,1,0,27.0,,deux_roues,,1,2,9,1,7
202300054339,2023-05-07 18:40:00,2023,5,7,18,40,72,72181,NERUDA PABLO (BD),47.99758,0.22306,Plein jour,En agglomération,Autre intersection,Normale,Sans collision,4,3,2,0,2,3,1,5,1,50,1,1,0,0,1,0,27.0,,deux_roues,,1,2,9,1,7
202300054340,2023-02-10 14:00:00,2023,2,10,14,0,51,51629,D951,49.173091,4.012134,Plein jour,Hors agglomération,Intersection en T,Normale,Deux véhicules - frontale,3,2,2,0,1,1,1,0,1,90,2,2,0,0,1,1,69.0,77.0,utilitaire_camion,voiture,1,1,3,1,1
202300054340,2023-02-10 14:00:00,2023,2,10,14,0,51,51629,D951,49.173091,4.012134,Plein jour,Hors agglomération,Intersection en T,Normale,Deux véhicules - frontale,3,1,2,-1,1,2,1,0,1,-1,2,2,0,0,1,1,69.0,77.0,utilitaire_camion,voiture,1,1,3,1,1
202300054341,2023-09-26 19:30:00,2023,9,26,19,30,73,73034,ROUTE DU CORMET D'ARECHES,45.637905,6.587902,Crépuscule ou aube,Hors agglomération,Hors intersection,Normale,Sans collision,4,2,2,0,2,2,1,0,1,80,1,1,0,0,1,0,62.0,,deux_roues,,2,1,1,1,7
202300054342,2023-10-27 18:50:00,2023,10,27,18,50,94,94042,Rue Jean Mermoz,48.819768,2.464673,Nuit avec éclairage allumé,En agglomération,Autre intersection,Pluie légère,Autre collision,3,1,1,0,1,1,2,0,1,50,1,2,1,0,0,1,63.0,,voiture,,5,2,9,2,6
202300054342,2023-10-27 18:50:00,2023,10,27,18,50,94,94042,Rue Jean Mermoz,48.819768,2.464673,Nuit avec éclairage allumé,En agglomération,Autre intersection,Pluie légère,Autre collision,3,1,5,0,1,1,2,0,8,50,1,2,1,0,0,1,63.0,,voiture,,5,2,9,2,6
202300054343,2023-07-13 11:40:00,2023,7,13,11,40,54,54149,D57,49.44741,5.91871,Plein jour,Hors agglomération,Intersection en T,Normale,Deux véhicules - côté,3,2,2,0,2,2,1,0,1,80,2,2,1,0,0,1,58.0,54.0,deux_roues,voiture,1,1,3,1,3
202300054343,2023-07-13 11:40:00,2023,7,13,11,40,54,54149,D57,49.44741,5.91871,Plein jour,Hors agglomération,Intersection en T,Normale,Deux véhicules - côté,3,2,1,0,2,3,1,0,1,80,2,2,1,0,0,1,58.0,54.0,deux_roues,voiture,1,1,3,1,3
202300054344,2023-01-01 13:15:00,2023,1,1,13,15,93,93078,AUTOROUTE A104,48.96300436,2.52239723,Plein jour,Hors agglomération,Hors intersection,Pluie légère,Sans collision,1,3,3,0,1,3,2,0,1,90,1,2,0,0,0,2,25.0,,voiture,,1,1,1,2,7
202300054345,2023-07-15 13:25:00,2023,7,15,13,25,66,66147,RN 320,42.563512,1.773992,Plein jour,Hors agglomération,Hors intersection,Normale,Deux véhicules - côté,2,1,2,0,2,2,1,0,1,80,2,2,1,0,1,0,64.0,65.0,deux_roues,deux_roues,1,1,1,1,3
202300054346,2023-11-29 18:40:00,2023,11,29,18,40,75,75117,BOULEVARD MALESHERBES,48.889003,2.304141,Nuit avec éclairage allumé,En agglomération,Intersection en Y,Normale,Trois véhicules et plus - collisions multiples,4,2,5,0,1,1,1,0,1,30,3,3,2,0,0,1,54.0,42.0,deux_roues,deux_roues,5,2,4,1,5
202300054346,2023-11-29 18:40:00,2023,11,29,18,40,75,75117,BOULEVARD MALESHERBES,48.889003,2.304141,Nuit avec éclairage allumé,En agglomération,Intersection en Y,Normale,Trois véhicules et plus - collisions multiples,4,1, -1,-1,1,1,1,0,1,30,3,3,2,0,0,1,54.0,42.0,deux_roues,deux_roues,5,2,4,1,5
202300054347,2023-02-13 11:32:00,2023,2,13,11,32,81,81120,Route de la Lande Basse,43.53883879,2.25652635,Plein jour,En agglomération,Autre intersection,Normale,Deux véhicules - côté,4,2,2,0,1,1,1,0,1,50,2,2,1,0,0,1,54.0,36.0,deux_roues,voiture,1,2,9,1,3
202300054347,2023-02-13 11:32:00,2023,2,13,11,32,81,81120,Route de la Lande Basse,43.53883879,2.25652635,Plein jour,En agglomération,Autre intersection,Normale,Deux véhicules - côté,4,2,2,0,1,1,1,0,1,50,2,2,1,0,0,1,54.0,36.0,deux_roues,voiture,1,2,9,1,3
202300054348,2023-09-24 10:48:00,2023,9,24,10,48,38,38556,D131,45.362003,4.857851,Plein jour,En agglomération,Intersection en T,Normale,Deux véhicules - côté,3,2,2,0,1,1,1,0,1,80,2,2,1,0,1,0,50.0,49.0,deux_roues,utilitaire_camion,1,2,3,1,3
202300054348,2023-09-24 10:48:00,2023,9,24,10,48,38,38556,D131,45.362003,4.857851,Plein jour,En agglomération,Intersection en T,Normale,Deux véhicules - côté,3,2,2,0,1,4,1,0,1,50,2,2,1,0,1,0,50.0,49.0,deux_roues,utilitaire_camion,1,2,3,1,3
202300054349,2023-06-10 10:39:00,2023,6,10,10,39,10,10357,ROCADE EST (RD 610),48.291527,4.132287,Plein jour,Hors agglomération,Hors intersection,Temps éblouissant,Trois véhicules et plus - en chaîne,4,2,2,0,1,1,1,0,1,90,3,7,4,0,0,3,27.0,29.0,voiture,voiture,1,1,1,7,4
202300054350,2023-10-26 14:30:00,2023,10,26,14,30,94,94076,Boulevard Maxime Gorki,48.79598,2.36843,Plein jour,En agglomération,Autre intersection,Normale,Deux véhicules - côté,3,2,4,0,1,2,1,0,1,50,2,2,1,0,0,1,44.0,21.0,voiture,deux_roues,1,2,9,1,3
202300054350,2023-10-26 14:30:00,2023,10,26,14,30,94,94076,Boulevard Maxime Gorki,48.79598,2.36843,Plein jour,En agglomération,Autre intersection,Normale,Deux véhicules - côté,3,4,4,2,1,1,1,0,1,50,2,2,1,0,0,1,44.0,21.0,voiture,deux_roues,1,2,9,1,3
202300054351,2023-03-28 13:53:00,2023,3,28,13,53,76,76377,23 Route de Dieppe,49.499876,1.153927,Plein jour,En agglomération,Intersection en T,Normale,Autre collision,7,2,2,0,1,1,1,0,1,50,1,3,2,0,0,1,21.0,,voiture,,1,2,3,1,6
202300054351,2023-03-28 13:53:00,2023,3,28,13,53,76,76377,23 Route de Dieppe,49.499876,1.153927,Plein jour,En agglomération,Intersection en T,Normale,Autre collision,7,2,2,0,1,1,1,0,1,50,1,3,2,0,0,1,21.0,,voiture,,1,2,3,1,6
202300054352,2023-07-15 20:15:00,2023,7,15,20,15,06,06059,Avenue Raymond Poincaré,43.720622,7.368066,Crépuscule ou aube,Hors agglomération,Hors intersection,Normale,Autre collision,7,2,2,0,1,3,1,0,1,70,1,1,0,0,1,0,46.0,,deux_roues,,2,1,1,1,6
202300054353,2023-08-21 11:00:00,2023,8,21,11,0,54,54099,Rue du Marechal Foch (Briey),49.24979,5.93845,Plein jour,En agglomération,Intersection en T,Normale,Autre collision,4,2,2,0,1,1,1,0,1,50,1,2,1,0,0,1,95.0,,voiture,,1,2,3,1,6
202300054353,2023-08-21 11:00:00,2023,8,21,11,0,54,54099,Rue du Marechal Foch (Briey),49.24979,5.93845,Plein jour,En agglomération,Intersection en T,Normale,Autre collision,4,2, -1,-1,1,1,1,0,1,50,1,2,1,0,0,1,95.0,,voiture,,1,2,3,1,6
202300054354,2023-05-07 03:15:00,2023,5,7,3,15,69,69271,Avenue Charles de Gaulle,45.74486,4.9373,Nuit avec éclairage allumé,En agglomération,Intersection en X,Normale,Deux véhicules - côté,7,2,4,0,1,1,1,0,1,50,2,4,1,0,0,3,22.0,31.0,voiture,voiture,5,2,2,1,3
202300054354,2023-05-07 03:15:00,2023,5,7,3,15,69,69271,Avenue Charles de Gaulle,45.74486,4.9373,Nuit avec éclairage allumé,En agglomération,Intersection en X,Normale,Deux véhicules - côté,7,2,4,1,1,1,1,0,1,50,2,4,1,0,0,3,22.0,31.0,voiture,voiture,5,2,2,1,3
202300054355,2023-01-01 07:00:00,2023,1,1,7,0,95,95365,N104,49.0647952,2.4102943,Crépuscule ou aube,Hors agglomération,Hors intersection,Normale,Deux véhicules - arrière,2,3,4,0,1,1,1,0,1,110,2,3,0,0,0,3,22.0,70.0,voiture,voiture,2,1,1,1,2
202300054356,2023-11-29 09:45:00,2023,11,29,9,45,75,75116,CARREFOUR DE LONGCHAMP,48.863712,2.239533,Plein jour,En agglomération,Intersection en T,Normale,Deux véhicules - côté,4,1,2,0,1,1,1,0,1,50,2,2,1,0,0,1,24.0,59.0,deux_roues,voiture,1,2,3,1,3
202300054356,2023-11-29 09:45:00,2023,11,29,9,45,75,75116,CARREFOUR DE LONGCHAMP,48.863712,2.239533,Plein jour,En agglomération,Intersection en T,Normale,Deux véhicules - côté,4,1, -1,-1,1,1,1,0,1,50,2,2,1,0,0,1,24.0,59.0,deux_roues,voiture,1,2,3,1,3
202300054357,2023-03-29 22:15:00,2023,3,29,22,15,2B,2B050,avenue de la république,42.564999,8.755701,Nuit avec éclairage non allumé,En agglomération,Hors intersection,Normale,Autre collision,2,2,2,0,1,1,1,0,1,50,1,2,0,0,0,2,18.0,,deux_roues,,4,2,1,1,6
202300054358,2023-09-18 17:40:00,2023,9,18,17,40,44,44066,Route de rennes,47.358287,-1.631344,Plein jour,En agglomération,Hors intersection,Normale,Deux véhicules - arrière,3,2,2,0,1,1,1,0,1,70,2,2,1,0,0,1,16.0,46.0,deux_roues,voiture,1,2,1,1,2
202300054359,2023-06-10 19:40:00,2023,6,10,19,40,06,06104,HANOTEAUX (AVENUE GABRIEL),43.761629,7.465106,Plein jour,En agglomération,Autre intersection,Normale,Deux véhicules - arrière,3,2,2,0,2,2,1,0,1,50,2,2,1,0,1,0,43.0,50.0,voiture,deux_roues,1,2,9,1,2
202300054360,2023-10-26 20:00:00,2023,10,26,20,0,94,94041,Avenue de l’Industrie,48.81456,2.40445,Nuit avec éclairage allumé,En agglomération,Intersection en X,Pluie forte,Deux véhicules - côté,3,2,2,0,1,1,2,0,1,50,2,2,1,0,0,1,,24.0,voiture,deux_roues,5,2,2,3,3
202300054360,2023-10-26 20:00:00,2023,10,26,20,0,94,94041,Avenue de l’Industrie,48.81456,2.40445,Nuit avec éclairage allumé,En agglomération,Intersection en X,Pluie forte,Deux véhicules - côté,3,2,2,0,1,1,2,0,1,50,2,2,1,0,0,1,,24.0,voiture,deux_roues,5,2,2,3,3
202300054361,2023-05-06 20:30:00,2023,5,6,20,30,64,64102,SOULT (AVENUE MARECHAL),43.48,-1.492,Plein jour,En agglomération,Autre intersection,Temps éblouissant,Deux véhicules - arrière,4,3,4,0,4,1,1,0,1,50,2,2,1,0,0,1,53.0,56.0,voiture,voiture,1,2,9,7,2
202300054362,2023-08-23 15:20:00,2023,8,23,15,20,51,51454,MATHIEU (RUE LEON) DU N°51 A FIN ET DU N,49.24047,4.0099,Plein jour,En agglomération,Intersection en T,Normale,Deux véhicules - côté,4,2,0,1,2,1,1,0,5,50,2,2,1,0,0,1,22.0,16.0,voiture,deux_roues,1,2,3,1,3
202300054362,2023-08-23 15:20:00,2023,8,23,15,20,51,51454,MATHIEU (RUE LEON) DU N°51 A FIN ET DU N,49.24047,4.0099,Plein jour,En agglomération,Intersection en T,Normale,Deux véhicules - côté,4,1,1,2,2,1,1,9,1,50,2,2,1,0,0,1,22.0,16.0,voiture,deux_roues,1,2,3,1,3
202300054363,2023-07-15 10:30:00,2023,7,15,10,30,14,14371,17 Route de Lisieux,49.013586,0.152264,Plein jour,En agglomération,Intersection en T,Normale,Deux véhicules - côté,3,2,2,0,1,1,1,5,1,50,2,2,1,0,1,0,64.0,74.0,deux_roues,voiture,1,2,3,1,3
202300054363,2023-07-15 10:30:00,2023,7,15,10,30,14,14371,17 Route de Lisieux,49.013586,0.152264,Plein jour,En agglomération,Intersection en T,Normale,Deux véhicules - côté,3,2,2,0,1,1,1,0,1,50,2,2,1,0,1,0,64.0,74.0,deux_roues,voiture,1,2,3,1,3