accident_id,datetime,annee,mois,jour,heure,minute,departement,commune_insee,adresse,latitude,longitude,luminosite,agglomeration,intersection,meteo,collision,catr,circ,nbv,vosp,prof,plan,surf,infra,situ,vma,nb_vehicules,nb_usagers,nb_indemnes,nb_tues,nb_blesses_hosp,nb_blesses_legers,age_cond_1,age_cond_2,veh_type_cond_1,veh_type_cond_2,lum_code,agg_code,int_code,atm_code,col_code
202300054364,2023-11-30 09:00:00,2023,11,30,9,0,75,75111,BOULEVARD VOLTAIRE,48.859384,2.377463,Plein jour,En agglomération,Hors intersection,Normale,Deux véhicules - côté,4,2,4,1,1,1,1,0,5,30,2,2,0,0,0,2,47.0,49.0,deux_roues,deux_roues,1,2,1,1,3
202300054365,2023-02-13 21:30:00,2023,2,13,21,30,71,71014,Avenue de la République,46.957432,4.299447,Nuit avec éclairage allumé,En agglomération,Intersection en X,Normale,Deux véhicules - côté,3,2,2,0,1,1,1,5,1,50,2,6,4,0,0,2,35.0,17.0,voiture,deux_roues,5,2,2,1,3
202300054365,2023-02-13 21:30:00,2023,2,13,21,30,71,71014,Avenue de la République,46.957432,4.299447,Nuit avec éclairage allumé,En agglomération,Intersection en X,Normale,Deux véhicules - côté,3,2,2,0,1,1,1,5,1,50,2,6,4,0,0,2,35.0,17.0,voiture,deux_roues,5,2,2,1,3
202300054366,2023-01-01 03:45:00,2023,1,1,3,45,77,77384,A5b,48.619864,2.630271,Nuit sans éclairage public,Hors agglomération,Hors intersection,Normale,Sans collision,1,1,1,0,1,3,1,0,1,30,1,4,2,0,1,1,22.0,,voiture,,3,1,1,1,7
202300054367,2023-03-30 13:34:00,2023,3,30,13,34,65,65258,700 Rue des Moulins,43.132167,0.394062,Plein jour,En agglomération,Hors intersection,Normale,Autre collision,4,2,2,0,2,3,1,0,8,50,1,2,0,0,1,1,16.0,,deux_roues,,1,2,1,1,6
202300054368,2023-10-27 13:25:00,2023,10,27,13,25,94,94033,Rue Carnot,48.8531,2.49139,Plein jour,En agglomération,Hors intersection,Normale,Deux véhicules - côté,3,2,0,0,1,1,1,0,1,50,2,2,1,0,1,0,25.0,33.0,voiture,deux_roues,1,2,1,1,3
202300054369,2023-09-27 07:00:00,2023,9,27,7,0,38,38341,d1006,45.567023,5.414243,Plein jour,En agglomération,Intersection en T,Normale,Deux véhicules - côté,3,3,2,0,1,1,1,0,1,90,2,2,1,0,1,0,22.0,22.0,deux_roues,voiture,1,2,3,1,3
202300054369,2023-09-27 07:00:00,2023,9,27,7,0,38,38341,d1006,45.567023,5.414243,Plein jour,En agglomération,Intersection en T,Normale,Deux véhicules - côté,3,2,2,0,2,1,1,0,1,90,2,2,1,0,1,0,22.0,22.0,deux_roues,voiture,1,2,3,1,3
202300054370,2023-06-10 14:40:00,2023,6,10,14,40,06,06069,PEGOMAS (ROUTE DE),43.620028,6.92519,Plein jour,Hors agglomération,Hors intersection,Pluie légère,Deux véhicules - frontale,3,2,2,0,1,2,2,0,8,70,2,4,0,0,0,4,20.0,76.0,voiture,voiture,1,1,1,2,1
202300054371,2023-07-15 07:50:00,2023,7,15,7,50,60,60333,Rue de Hodenc,49.45761857,1.89738098,Plein jour,Hors agglomération,Hors intersection,Normale,Autre collision,3,2,2,0,1,2,1,0,3,80,1,1,0,0,1,0,46.0,,deux_roues,,1,1,1,1,6
202300054372,2023-08-22 19:40:00,2023,8,22,19,40,51,51474,SAINT THIERRY (CHEMIN DE) A REIMS,49.2786,4.00315,Plein jour,En agglomération,Hors intersection,Normale,Deux véhicules - côté,4,2,2,0,1,1,1,0,1,50,2,2,1,0,0,1,32.0,,deux_roues,utilitaire_camion,1,2,1,1,3
202300054373,2023-05-06 15:40:00,2023,5,6,15,40,64,64024,ROUTE DE PITOYS,43.46373,-1.51482,Plein jour,En agglomération,Hors intersection,Normale,Deux véhicules - côté,4,2,2,0,1,1,1,0,1,50,2,2,1,0,0,1,75.0,23.0,voiture,deux_roues,1,2,1,1,3
202300054374,2023-01-01 03:45:00,2023,1,1,3,45,974,97407,COMMUNE DE PARIS (AVENUE),-20.93375,55.29189,Nuit avec éclairage allumé,En agglomération,Hors intersection,Normale,Autre collision,4,3,2,1,1,1,1,0,1,50,1,1,0,0,1,0,22.0,,deux_roues,,5,2,1,1,6
202300054375,2023-11-30 08:20:00,2023,11,30,8,20,75,75110,RUE LA FAYETTE,48.880739,2.36241,Plein jour,En agglomération,Intersection en X,Temps couvert,Autre collision,4,1,3,1,2,1,1,-1,6,30,1,2,1,0,0,1,37.0,,voiture,,1,2,2,8,6
202300054375,2023-11-30 08:20:00,2023,11,30,8,20,75,75110,RUE LA FAYETTE,48.880739,2.36241,Plein jour,En agglomération,Intersection en X,Temps couvert,Autre collision,4,2,4,1,1,1,1,-1,6,30,1,2,1,0,0,1,37.0,,voiture,,1,2,2,8,6
202300054376,2023-06-10 15:35:00,2023,6,10,15,35,39,39129,,46.64902,5.942171,Plein jour,Hors agglomération,Hors intersection,Pluie forte,Autre collision,2,2,2,0,1,3,2,0,3,80,1,1,0,0,1,0,25.0,,voiture,,1,1,1,3,6
202300054377,2023-10-27 16:30:00,2023,10,27,16,30,94,94011,Route de l’Ile Saint Julien,48.78017,2.48407,Plein jour,En agglomération,Autre intersection,Pluie légère,Autre collision,5,2,2,0,1,1,2,9,1,-1,1,2,1,0,0,1,59.0,,voiture,,1,2,9,2,6
202300054378,2023-02-13 16:45:00,2023,2,13,16,45,55,55165,Place de la Gare (Pont),49.382132,5.171406,Plein jour,Hors agglomération,Intersection en T,Temps éblouissant,Deux véhicules - côté,3,2,2,0,1,1,1,0,1,50,2,2,1,0,0,1,66.0,16.0,voiture,deux_roues,1,1,3,7,3
202300054378,2023-02-13 16:45:00,2023,2,13,16,45,55,55165,Place de la Gare (Pont),49.382132,5.171406,Plein jour,Hors agglomération,Intersection en T,Temps éblouissant,Deux véhicules - côté,3,-1, -1,-1,1,1,1,0,1,-1,2,2,1,0,0,1,66.0,16.0,voiture,deux_roues,1,1,3,7,3
202300054379,2023-07-14 11:50:00,2023,7,14,11,50,73,73259,D99,45.374941,6.323748,Plein jour,Hors agglomération,Hors intersection,Normale,Deux véhicules - côté,3,2,2,0,2,3,1,0,1,80,2,3,2,0,0,1,62.0,26.0,deux_roues,voiture,1,1,1,1,3
202300054380,2023-03-29 15:45:00,2023,3,29,15,45,71,71543,Rue Désiré Mathivet,46.561852,4.912874,Plein jour,En agglomération,Intersection en X,Normale,Autre collision,4,1,1,0,1,1,1,6,1,20,1,2,1,0,1,0,59.0,,voiture,,1,2,2,1,6
202300054380,2023-03-29 15:45:00,2023,3,29,15,45,71,71543,Rue Désiré Mathivet,46.561852,4.912874,Plein jour,En agglomération,Intersection en X,Normale,Autre collision,4,1, -1,-1,2,1,1,0,1,-1,1,2,1,0,1,0,59.0,,voiture,,1,2,2,1,6
202300054380,2023-03-29 15:45:00,2023,3,29,15,45,71,71543,Rue Désiré Mathivet,46.561852,4.912874,Plein jour,En agglomération,Intersection en X,Normale,Autre collision,4,2,2,0,1,1,1,0,1,50,1,2,1,0,1,0,59.0,,voiture,,1,2,2,1,6
202300054381,2023-01-01 01:14:00,2023,1,1,1,14,68,68297,Rue de l'Aéroport,47.61165,7.5344,Nuit avec éclairage allumé,En agglomération,Hors intersection,Normale,Autre collision,3,2,2,0,1,1,1,0,4,50,1,1,0,0,0,1,28.0,,utilitaire_camion,,5,2,1,1,6
202300054382,2023-08-21 21:10:00,2023,8,21,21,10,51,51454,DIEU LUMIERE (BOULEVARD) COTE PAIR,49.23996,4.04112,Nuit avec éclairage allumé,En agglomération,Intersection en T,Normale,Deux véhicules - côté,4,2,#VALEURMULTI,2,2,1,1,0,1,50,2,2,1,0,0,1,65.0,41.0,utilitaire_camion,deux_roues,5,2,3,1,3
202300054383,2023-09-11 17:25:00,2023,9,11,17,25,69,69228,Route de Bellevue,45.59478129,4.6665965,Plein jour,Hors agglomération,Intersection en X,Normale,Deux véhicules - côté,3,2,2,0,1,1,1,0,1,80,2,3,0,1,0,2,73.0,56.0,voiture,voiture,1,1,2,1,3
202300054383,2023-09-11 17:25:00,2023,9,11,17,25,69,69228,Route de Bellevue,45.59478129,4.6665965,Plein jour,Hors agglomération,Intersection en X,Normale,Deux véhicules - côté,3,2,2,0,1,1,1,0,1,80,2,3,0,1,0,2,73.0,56.0,voiture,voiture,1,1,2,1,3
202300054384,2023-10-27 11:10:00,2023,10,27,11,10,94,94028,Rue Edouard Manet,48.78055223,2.46433499,Plein jour,En agglomération,Hors intersection,Temps couvert,Autre collision,4,1,1,0,1,1,2,5,1,30,1,2,1,0,0,1,69.0,,voiture,,1,2,1,8,6
202300054385,2023-05-07 03:50:00,2023,5,7,3,50,62,62215,NONETTES (R DES),50.47109,2.9388,Nuit avec éclairage allumé,En agglomération,Hors intersection,Pluie légère,Autre collision,4,2,2,0,1,1,2,0,8,50,1,4,0,0,1,3,20.0,,voiture,,5,2,1,2,6
202300054386,2023-11-30 09:05:00,2023,11,30,9,5,75,75109,BOULEVARD DES ITALIENS,48.871438,2.336848,Plein jour,En agglomération,Intersection en X,Normale,Deux véhicules - côté,4,-1,3,0,1,1,1,0,1,30,2,2,1,0,0,1,44.0,26.0,voiture,deux_roues,1,2,2,1,3
202300054386,2023-11-30 09:05:00,2023,11,30,9,5,75,75109,BOULEVARD DES ITALIENS,48.871438,2.336848,Plein jour,En agglomération,Intersection en X,Normale,Deux véhicules - côté,4,1, -1,-1,1,1,1,0,1,-1,2,2,1,0,0,1,44.0,26.0,voiture,deux_roues,1,2,2,1,3
202300054387,2023-02-13 10:30:00,2023,2,13,10,30,49,49180,D79,47.374908,-0.162649,Plein jour,Hors agglomération,Hors intersection,Normale,Autre collision,3,2,2,0,1,1,1,0,1,80,2,3,2,0,0,1,30.0,75.0,voiture,voiture,1,1,1,1,6
202300054388,2023-09-27 05:00:00,2023,9,27,5,0,81,81225,Les grèzes,43.9197833,1.9864529,Nuit sans éclairage public,Hors agglomération,Hors intersection,Normale,Autre collision,3,2,2,0,1,1,1,0,3,80,1,1,0,1,0,0,64.0,,voiture,,3,1,1,1,6
202300054389,2023-01-01 08:25:00,2023,1,1,8,25,85,85265,A83,46.4128363,-0.71131931,Crépuscule ou aube,Hors agglomération,Hors intersection,Normale,Deux véhicules - arrière,1,3,4,0,1,1,1,0,1,130,2,2,1,1,0,0,22.0,53.0,voiture,voiture,2,1,1,1,2
202300054390,2023-07-14 05:00:00,2023,7,14,5,0,73,73067,"D76A, route des Attignours",45.36747957,6.28903904,Crépuscule ou aube,Hors agglomération,Hors intersection,Normale,Autre collision,3,2,2,0,1,1,1,0,8,80,1,4,0,0,1,3,24.0,,voiture,,2,1,1,1,6
202300054391,2023-08-21 19:20:00,2023,8,21,19,20,51,51454,RUE CHARLES GUGGIARI,49.28547,4.02621,Plein jour,En agglomération,Hors intersection,Normale,Autre collision,4,2,2,0,1,1,1,0,1,50,1,5,4,0,0,1,38.0,,voiture,,1,2,1,1,6
202300054392,2023-10-27 02:30:00,2023,10,27,2,30,94,94054,Route Charles Tillon,48.745394,2.384787,Nuit sans éclairage public,En agglomération,Hors intersection,Pluie légère,Deux véhicules - frontale,3,2,2,0,1,3,2,0,1,50,2,2,0,0,0,2,52.0,61.0,voiture,voiture,3,2,1,2,1
202300054393,2023-06-10 15:30:00,2023,6,10,15,30,50,50188,Rue de la Libération,48.831348,-1.41449,Plein jour,Hors agglomération,Intersection en T,Normale,Trois véhicules et plus - collisions multiples,3,2,2,-1,1,1,1,0,1,80,3,5,4,0,1,0,20.0,81.0,voiture,voiture,1,1,3,1,5
202300054393,2023-06-10 15:30:00,2023,6,10,15,30,50,50188,Rue de la Libération,48.831348,-1.41449,Plein jour,Hors agglomération,Intersection en T,Normale,Trois véhicules et plus - collisions multiples,3,2, -1,-1,1,1,1,0,1,-1,3,5,4,0,1,0,20.0,81.0,voiture,voiture,1,1,3,1,5
202300054394,2023-03-30 07:00:00,2023,3,30,7,0,47,47310,Rue Colisson,44.392319,0.305589,Plein jour,En agglomération,Intersection en X,Normale,Autre collision,3,2,2,0,1,1,1,0,1,-1,1,2,1,0,1,0,28.0,,deux_roues,,1,2,2,1,6
202300054394,2023-03-30 07:00:00,2023,3,30,7,0,47,47310,Rue Colisson,44.392319,0.305589,Plein jour,En agglomération,Intersection en X,Normale,Autre collision,3,2,2,-1,1,1,1,0,1,50,1,2,1,0,1,0,28.0,,deux_roues,,1,2,2,1,6
202300054395,2023-05-06 19:50:00,2023,5,6,19,50,62,62215,D917,50.48047,2.9692,Plein jour,Hors agglomération,Hors intersection,Normale,Deux véhicules - frontale,3,2,3,0,1,1,1,0,1,90,2,2,0,0,2,0,49.0,20.0,voiture,voiture,1,1,1,1,1
202300054396,2023-01-01 00:09:00,2023,1,1,0,9,17,17133,25 Route de la Grande Mercerie,45.599007,-0.719213,Nuit sans éclairage public,En agglomération,Hors intersection,Normale,Sans collision,3,2,2,0,3,1,1,0,3,50,1,1,0,1,0,0,27.0,,deux_roues,,3,2,1,1,7
202300054397,2023-02-13 16:40:00,2023,2,13,16,40,12,12052,44 Boulevard Francois Mitterrand,44.55704264,2.07176685,Plein jour,En agglomération,Giratoire,Temps éblouissant,Deux véhicules - côté,3,-1,2,0,1,1,1,5,1,50,2,2,1,0,1,0,67.0,77.0,voiture,deux_roues,1,2,6,7,3
202300054398,2023-11-30 18:05:00,2023,11,30,18,5,75,75103,RUE DE TURBIGO,48.864834,2.353309,Nuit avec éclairage allumé,En agglomération,Intersection à plus de 4 branches,Normale,Autre collision,4,1,2,1,2,2,1,0,1,30,1,2,1,0,0,1,,,deux_roues,,5,2,5,1,6
202300054398,2023-11-30 18:05:00,2023,11,30,18,5,75,75103,RUE DE TURBIGO,48.864834,2.353309,Nuit avec éclairage allumé,En agglomération,Intersection à plus de 4 branches,Normale,Autre collision,4,1,3,3,1,1,1,0,1,30,1,2,1,0,0,1,,,deux_roues,,5,2,5,1,6
202300054399,2023-07-14 14:35:00,2023,7,14,14,35,43,43167,D48,45.062533,3.567392,Plein jour,Hors agglomération,Hors intersection,Normale,Autre collision,3,2,2,0,2,4,1,0,3,90,1,1,0,0,1,0,19.0,,deux_roues,,1,1,1,1,6
202300054400,2023-06-11 14:20:00,2023,6,11,14,20,52,52193,D619,48.14184506,5.03902316,Plein jour,Hors agglomération,Hors intersection,Normale,Sans collision,3,2,3,0,1,2,1,0,3,90,1,1,0,0,1,0,62.0,,deux_roues,,1,1,1,1,7
202300054401,2023-08-22 09:35:00,2023,8,22,9,35,49,49328,BEAUREPAIRE (RUE),47.25953,-0.07876,Plein jour,En agglomération,Intersection en X,Normale,Autre collision,4,2,2,0,1,1,1,0,1,50,1,2,1,0,0,1,21.0,,voiture,,1,2,2,1,6
202300054401,2023-08-22 09:35:00,2023,8,22,9,35,49,49328,BEAUREPAIRE (RUE),47.25953,-0.07876,Plein jour,En agglomération,Intersection en X,Normale,Autre collision,4,1,2,2,1,1,1,0,1,50,1,2,1,0,0,1,21.0,,voiture,,1,2,2,1,6
202300054402,2023-03-28 18:10:00,2023,3,28,18,10,47,47210,la Ségrive,44.27192,0.401017,Plein jour,Hors agglomération,Hors intersection,Normale,Deux véhicules - arrière,3,2,2,0,2,1,1,0,1,80,2,2,1,0,1,0,41.0,37.0,voiture,deux_roues,1,1,1,1,2
202300054403,2023-10-27 10:20:00,2023,10,27,10,20,94,94070,Route de Paris,48.715136,2.574723,Plein jour,En agglomération,Giratoire,Normale,Autre collision,2,2,2,0,1,2,1,9,1,50,1,2,1,1,0,0,60.0,,utilitaire_camion,,1,2,6,1,6
202300054403,2023-10-27 10:20:00,2023,10,27,10,20,94,94070,Route de Paris,48.715136,2.574723,Plein jour,En agglomération,Giratoire,Normale,Autre collision,2,2,2,0,1,2,1,9,1,50,1,2,1,1,0,0,60.0,,utilitaire_camion,,1,2,6,1,6
202300054404,2023-09-27 07:40:00,2023,9,27,7,40,65,65335,D8,43.099134,0.13675,Plein jour,Hors agglomération,Hors intersection,Normale,Trois véhicules et plus - collisions multiples,3,2,2,0,1,2,1,0,1,90,3,4,3,0,0,1,22.0,21.0,voiture,voiture,1,1,1,1,5
202300054405,2023-07-14 19:30:00,2023,7,14,19,30,16,16136,d 736 lieu dit coudrasse,46.013401,0.174837,Plein jour,Hors agglomération,Hors intersection,Normale,Sans collision,3,2,2,0,1,1,1,0,3,90,1,1,0,0,1,0,53.0,,deux_roues,,1,1,1,1,7
202300054406,2023-01-01 15:35:00,2023,1,1,15,35,84,84127,Chemin de la draille du plan,44.166048,4.820917,Plein jour,Hors agglomération,Autre intersection,Normale,Sans collision,4,2,2,0,1,3,6,0,8,80,1,1,0,0,1,0,31.0,,deux_roues,,1,1,9,1,7
202300054407,2023-05-06 17:30:00,2023,5,6,17,30,62,62119,D171E4,50.51415,2.62675,Plein jour,En agglomération,Hors intersection,Normale,Deux véhicules - arrière,3,-1,2,0,1,1,1,0,1,50,2,2,1,0,1,0,28.0,28.0,deux_roues,deux_roues,1,2,1,1,2
202300054408,2023-06-11 15:15:00,2023,6,11,15,15,11,11068,A61 - PK 339.450,43.178894,2.533669,Plein jour,Hors agglomération,Hors intersection,Normale,Autre collision,1,3,4,0,1,1,1,0,8,130,1,1,0,1,0,0,77.0,,deux_roues,,1,1,1,1,6
202300054409,2023-11-29 16:04:00,2023,11,29,16,4,75,75102,RUE DE RICHELIEU,48.869451,2.338756,Plein jour,En agglomération,Intersection en T,Normale,Autre collision,4,1,2,3,1,1,1,0,1,30,1,2,1,0,0,1,28.0,,deux_roues,,1,2,3,1,6
202300054409,2023-11-29 16:04:00,2023,11,29,16,4,75,75102,RUE DE RICHELIEU,48.869451,2.338756,Plein jour,En agglomération,Intersection en T,Normale,Autre collision,4,-1,1,3,1,1,1,6,1,30,1,2,1,0,0,1,28.0,,deux_roues,,1,2,3,1,6
202300054410,2023-08-22 10:54:00,2023,8,22,10,54,49,49353,avenue pierre mendès france,47.4485,-0.5088,Plein jour,En agglomération,Hors intersection,Normale,Autre collision,6,-1, -1,0,1,1,1,0,1,30,1,2,1,0,1,0,80.0,,voiture,,1,2,1,1,6
202300054411,2023-02-14 16:15:00,2023,2,14,16,15,39,39173,Route de Louhans (cimetière),46.530517,5.385924,Plein jour,En agglomération,Hors intersection,Normale,Deux véhicules - côté,3,2,2,0,2,1,1,0,1,50,2,4,2,0,0,2,23.0,18.0,voiture,deux_roues,1,2,1,1,3
202300054412,2023-03-29 15:45:00,2023,3,29,15,45,38,38410,Route de Romans,45.076604,5.162491,Plein jour,Hors agglomération,Giratoire,Normale,Deux véhicules - côté,3,2,2,0,1,1,1,5,1,80,2,2,1,0,1,0,58.0,61.0,utilitaire_camion,deux_roues,1,1,6,1,3
202300054413,2023-09-26 14:42:00,2023,9,26,14,42,33,33233,route nationale 10,45.13274,-0.371261,Plein jour,Hors agglomération,Hors intersection,Normale,Deux véhicules - arrière,2,3,4,0,1,1,1,0,1,110,2,2,1,1,0,0,45.0,55.0,utilitaire_camion,utilitaire_camion,1,1,1,1,2
202300054414,2023-07-14 17:45:00,2023,7,14,17,45,04,04124,RD 211,43.762711,6.096253,Plein jour,Hors agglomération,Hors intersection,Normale,Deux véhicules - côté,3,2,2,0,1,2,1,0,1,80,2,3,2,0,0,1,82.0,64.0,voiture,deux_roues,1,1,1,1,3
202300054415,2023-10-27 13:20:00,2023,10,27,13,20,93,93073,Rue de Lorraine / Avenue Roger Salengro,48.94258,2.57581,Plein jour,En agglomération,Intersection en X,Normale,Deux véhicules - côté,4,2,2,0,1,1,1,5,1,50,2,2,1,0,0,1,24.0,21.0,voiture,utilitaire_camion,1,2,2,1,3
202300054415,2023-10-27 13:20:00,2023,10,27,13,20,93,93073,Rue de Lorraine / Avenue Roger Salengro,48.94258,2.57581,Plein jour,En agglomération,Intersection en X,Normale,Deux véhicules - côté,4,2,2,0,1,1,1,5,1,50,2,2,1,0,0,1,24.0,21.0,voiture,utilitaire_camion,1,2,2,1,3
202300054416,2023-02-14 18:25:00,2023,2,14,18,25,38,38490,route de la plaine,45.353992,5.399061,Crépuscule ou aube,Hors agglomération,Hors intersection,Normale,Autre collision,4,2,2,0,1,2,1,0,8,80,1,1,0,1,0,0,23.0,,voiture,,2,1,1,1,6
202300054417,2023-01-01 06:30:00,2023,1,1,6,30,02,02785,79 Rue Nationale,49.880402,3.153012,Crépuscule ou aube,En agglomération,Hors intersection,Normale,Autre collision,3,2,2,0,2,2,1,0,4,50,1,5,0,0,1,4,45.0,,voiture,,2,2,1,1,6
202300054418,2023-06-09 17:20:00,2023,6,9,17,20,31,31418,Route de Toulouse,43.632257,1.522789,Plein jour,Hors agglomération,Intersection en T,Normale,Deux véhicules - côté,7,2,2,0,2,2,1,0,1,80,2,2,0,0,1,1,77.0,39.0,voiture,deux_roues,1,1,3,1,3
202300054418,2023-06-09 17:20:00,2023,6,9,17,20,31,31418,Route de Toulouse,43.632257,1.522789,Plein jour,Hors agglomération,Intersection en T,Normale,Deux véhicules - côté,7,2,2,0,2,2,1,0,1,80,2,2,0,0,1,1,77.0,39.0,voiture,deux_roues,1,1,3,1,3
202300054419,2023-11-29 17:00:00,2023,11,29,17,0,94,94037,Avenue Jean Jaurès,48.81351,2.3508,Plein jour,En agglomération,Autre intersection,Normale,Deux véhicules - côté,3,2,2,0,2,1,1,0,1,50,2,2,1,0,0,1,48.0,47.0,voiture,deux_roues,1,2,9,1,3
202300054419,2023-11-29 17:00:00,2023,11,29,17,0,94,94037,Avenue Jean Jaurès,48.81351,2.3508,Plein jour,En agglomération,Autre intersection,Normale,Deux véhicules - côté,3,1,2,0,1,1,1,0,1,50,2,2,1,0,0,1,48.0,47.0,voiture,deux_roues,1,2,9,1,3
202300054420,2023-08-21 13:23:00,2023,8,21,13,23,49,49007,DOYENNE BOULEVARD ET PASSAGE,47.48944,-0.53432,Plein jour,En agglomération,Giratoire,Normale,Deux véhicules - côté,4,3,2,2,1,1,1,0,1,50,2,2,1,0,0,1,46.0,75.0,voiture,deux_roues,1,2,6,1,3
202300054420,2023-08-21 13:23:00,2023,8,21,13,23,49,49007,DOYENNE BOULEVARD ET PASSAGE,47.48944,-0.53432,Plein jour,En agglomération,Giratoire,Normale,Deux véhicules - côté,4,2,2,0,1,1,1,0,1,50,2,2,1,0,0,1,46.0,75.0,voiture,deux_roues,1,2,6,1,3
202300054421,2023-09-26 10:45:00,2023,9,26,10,45,49,49023,Rue d'Anjou (Villedieu-la-Blouère),47.149305,-1.061334,Plein jour,En agglomération,Intersection en T,Normale,Autre collision,3,2,2,0,1,1,1,9,8,50,1,1,0,0,1,0,77.0,,voiture,,1,2,3,1,6
202300054421,2023-09-26 10:45:00,2023,9,26,10,45,49,49023,Rue d'Anjou (Villedieu-la-Blouère),47.149305,-1.061334,Plein jour,En agglomération,Intersection en T,Normale,Autre collision,3,2, -1,-1,1,1,1,0,8,-1,1,1,0,0,1,0,77.0,,voiture,,1,2,3,1,6
202300054422,2023-06-29 09:58:00,2023,6,29,9,58,87,87110,Rue de l?Ancienne Ecole,45.92285436,0.98724157,Plein jour,En agglomération,Hors intersection,Normale,Deux véhicules - arrière,3,2,2,0,1,1,1,0,8,70,2,2,1,0,1,0,79.0,24.0,deux_roues,utilitaire_camion,1,2,1,1,2
202300054423,2023-03-30 17:40:00,2023,3,30,17,40,02,02453,6 Grande Rue,49.377258,3.734327,Crépuscule ou aube,En agglomération,Hors intersection,Pluie légère,Deux véhicules - côté,3,2,2,0,2,2,2,0,1,50,2,2,1,0,0,1,25.0,52.0,voiture,utilitaire_camion,2,2,1,2,3
202300054424,2023-10-27 19:40:00,2023,10,27,19,40,93,93048,Rue de Paris / Rue Marcel Dufriche,48.85616,2.42545,Nuit avec éclairage allumé,En agglomération,Intersection en T,Pluie légère,Autre collision,3,1,1,0,1,1,2,0,1,50,1,2,1,0,1,0,31.0,,deux_roues,,5,2,3,2,6
202300054424,2023-10-27 19:40:00,2023,10,27,19,40,93,93048,Rue de Paris / Rue Marcel Dufriche,48.85616,2.42545,Nuit avec éclairage allumé,En agglomération,Intersection en T,Pluie légère,Autre collision,3,2,2,0,1,1,2,0,1,50,1,2,1,0,1,0,31.0,,deux_roues,,5,2,3,2,6
202300054425,2023-01-01 09:45:00,2023,1,1,9,45,85,85065,A83,46.87219,-1.285155,Plein jour,Hors agglomération,Hors intersection,Normale,Autre collision,1,1,1,0,1,3,2,0,4,130,1,2,0,0,0,2,28.0,,voiture,,1,1,1,1,6
202300054426,2023-08-21 09:40:00,2023,8,21,9,40,49,49007,GAIN ( LOUIS),47.46841,-0.53829,Plein jour,En agglomération,Hors intersection,Normale,Autre collision,4,2,2,2,1,1,1,0,1,50,1,2,1,0,0,1,65.0,,voiture,,1,2,1,1,6
202300054427,2023-11-30 07:15:00,2023,11,30,7,15,94,94043,Avenue de Fontainebleau,48.8095,2.3625,Nuit avec éclairage allumé,En agglomération,Giratoire,Normale,Deux véhicules - côté,3,1,4,0,1,1,1,9,1,50,2,2,1,0,0,1,31.0,30.0,voiture,deux_roues,5,2,6,1,3
202300054428,2023-05-07 06:20:00,2023,5,7,6,20,59,59002,PL DU GENERAL DE GAULLE,50.33417,3.3015,Crépuscule ou aube,En agglomération,Autre intersection,Pluie légère,Trois véhicules et plus - en chaîne,3,2,2,0,1,3,2,9,1,50,3,9,1,1,4,3,21.0,51.0,voiture,voiture,2,2,9,2,4
202300054429,2023-02-11 03:16:00,2023,2,11,3,16,38,38394,route de romans,45.100949,5.247568,Nuit avec éclairage non allumé,En agglomération,Intersection en X,Normale,Deux véhicules - côté,3,2,2,0,1,1,1,0,1,50,2,3,2,0,1,0,33.0,27.0,utilitaire_camion,voiture,4,2,2,1,3
202300054429,2023-02-11 03:16:00,2023,2,11,3,16,38,38394,route de romans,45.100949,5.247568,Nuit avec éclairage non allumé,En agglomération,Intersection en X,Normale,Deux véhicules - côté,3,2,2,0,1,1,1,0,1,50,2,3,2,0,1,0,33.0,27.0,utilitaire_camion,voiture,4,2,2,1,3
202300054430,2023-06-10 08:10:00,2023,6,10,8,10,68,68383,,48.168107,7.314331,Plein jour,Hors agglomération,Intersection en T,Normale,Deux véhicules - côté,3,2,2,0,1,3,1,0,1,80,2,2,1,0,1,0,48.0,52.0,voiture,deux_roues,1,1,3,1,3
202300054430,2023-06-10 08:10:00,2023,6,10,8,10,68,68383,,48.168107,7.314331,Plein jour,Hors agglomération,Intersection en T,Normale,Deux véhicules - côté,3,2, -1,-1,1,2,1,0,1,-1,2,2,1,0,1,0,48.0,52.0,voiture,deux_roues,1,1,3,1,3
202300054431,2023-09-27 07:45:00,2023,9,27,7,45,44,44094,4908 Route de Saint-Mars-du-Désert,47.337298,-1.408795,Crépuscule ou aube,Hors agglomération,Hors intersection,Normale,Deux véhicules - frontale,7,2,2,0,1,1,1,0,1,70,2,2,1,0,0,1,23.0,52.0,deux_roues,voiture,2,1,1,1,1
202300054432,2023-07-13 06:57:00,2023,7,13,6,57,30,30185,Rue de la Grand-terre,43.738457,4.196987,Plein jour,En agglomération,Hors intersection,Normale,Autre collision,4,2,2,0,1,1,1,0,1,50,1,2,1,0,1,0,36.0,,utilitaire_camion,,1,2,1,1,6
202300054433,2023-01-01 08:00:00,2023,1,1,8,0,83,83082,D955,43.605792,6.48012,Crépuscule ou aube,Hors agglomération,Hors intersection,Normale,Autre collision,3,2,2,0,1,1,1,0,1,-1,1,2,0,0,1,1,20.0,,voiture,,2,1,1,1,6