accident_id,datetime,annee,mois,jour,heure,minute,departement,commune_insee,adresse,latitude,longitude,luminosite,agglomeration,intersection,meteo,collision,catr,circ,nbv,vosp,prof,plan,surf,infra,situ,vma,nb_vehicules,nb_usagers,nb_indemnes,nb_tues,nb_blesses_hosp,nb_blesses_legers,age_cond_1,age_cond_2,veh_type_cond_1,veh_type_cond_2,lum_code,agg_code,int_code,atm_code,col_code
202300054589,2023-08-20 12:42:00,2023,8,20,12,42,27,27229,SAINT LOUIS (RUE),49.02515,1.15387,Plein jour,En agglomération,Intersection en X,Normale,Deux véhicules - côté,4,2,2,0,1,1,1,5,1,50,2,2,1,0,0,1,18.0,29.0,deux_roues,voiture,1,2,2,1,3
202300054589,2023-08-20 12:42:00,2023,8,20,12,42,27,27229,SAINT LOUIS (RUE),49.02515,1.15387,Plein jour,En agglomération,Intersection en X,Normale,Deux véhicules - côté,4,2,2,0,1,1,1,0,1,50,2,2,1,0,0,1,18.0,29.0,deux_roues,voiture,1,2,2,1,3
202300054590,2023-07-14 16:45:00,2023,7,14,16,45,64,64422,Boulevard Aragon,43.180001,-0.616935,Plein jour,En agglomération,Giratoire,Temps éblouissant,Autre collision,3,2,2,0,1,3,1,0,1,50,1,1,0,0,1,0,67.0,,deux_roues,,1,2,6,7,6
202300054591,2023-11-29 08:00:00,2023,11,29,8,0,92,92025,PAUL BERT (RUE),48.92739416,2.246986,Nuit avec éclairage allumé,En agglomération,Intersection en X,Normale,Deux véhicules - côté,4,2,0,0,1,1,2,0,1,50,2,2,1,0,0,1,34.0,29.0,voiture,deux_roues,5,2,2,1,3
202300054591,2023-11-29 08:00:00,2023,11,29,8,0,92,92025,PAUL BERT (RUE),48.92739416,2.246986,Nuit avec éclairage allumé,En agglomération,Intersection en X,Normale,Deux véhicules - côté,4,2,2,0,1,1,2,0,1,50,2,2,1,0,0,1,34.0,29.0,voiture,deux_roues,5,2,2,1,3
202300054592,2023-02-14 11:30:00,2023,2,14,11,30,67,67046,Rue d?Oberhoffen,48.768127,7.864628,Plein jour,En agglomération,Giratoire,Brouillard / fumée,Autre collision,4,1,1,0,1,1,1,5,1,50,2,2,1,0,1,0,54.0,60.0,deux_roues,voiture,1,2,6,5,6
202300054593,2023-09-26 09:30:00,2023,9,26,9,30,95,95582,A15,48.97454,2.24388,Plein jour,Hors agglomération,Hors intersection,Normale,Deux véhicules - arrière,1,3,3,0,1,3,1,0,1,110,2,3,1,0,0,2,25.0,63.0,voiture,autre,1,1,1,1,2
202300054594,2023-07-15 18:25:00,2023,7,15,18,25,22,22208,les ruaux,48.316666,-2.021055,Plein jour,Hors agglomération,Hors intersection,Normale,Autre collision,3,2,2,0,1,2,1,0,3,80,1,1,0,0,1,0,25.0,,deux_roues,,1,1,1,1,6
202300054595,2023-06-11 10:00:00,2023,6,11,10,0,12,12288,chemin communal de Serres,44.431604,2.440263,Plein jour,Hors agglomération,Hors intersection,Normale,Deux véhicules - frontale,9,2,2,0,2,1,9,0,1,30,2,2,1,0,1,0,48.0,51.0,deux_roues,deux_roues,1,1,1,1,1
202300054596,2023-03-29 09:25:00,2023,3,29,9,25,91,91521,AUTOROUTE A6 ,48.64054,2.39379,Plein jour,Hors agglomération,Hors intersection,Normale,Deux véhicules - côté,1,3,3,0,1,1,1,0,1,110,2,2,1,0,0,1,22.0,58.0,deux_roues,voiture,1,1,1,1,3
202300054597,2023-10-28 11:00:00,2023,10,28,11,0,23,23001,Felinas,46.095868,2.013416,Plein jour,Hors agglomération,Hors intersection,Pluie légère,Deux véhicules - côté,3,2,2,0,2,3,2,0,1,90,2,2,0,1,0,1,31.0,34.0,voiture,voiture,1,1,1,2,3
202300054598,2023-08-21 15:30:00,2023,8,21,15,30,26,26198,Avenue Agricol Perdiguier,44.5717,4.74314,Plein jour,En agglomération,Intersection en T,Normale,Deux véhicules - côté,4,2,2,0,1,1,1,0,1,50,2,2,1,0,0,1,48.0,47.0,deux_roues,voiture,1,2,3,1,3
202300054598,2023-08-21 15:30:00,2023,8,21,15,30,26,26198,Avenue Agricol Perdiguier,44.5717,4.74314,Plein jour,En agglomération,Intersection en T,Normale,Deux véhicules - côté,4,2,2,0,1,1,1,0,1,50,2,2,1,0,0,1,48.0,47.0,deux_roues,voiture,1,2,3,1,3
202300054599,2023-11-29 06:49:00,2023,11,29,6,49,92,92004,GRANDE RUE CHARLES DE GAULLE,48.90855537,2.28653294,Nuit avec éclairage allumé,En agglomération,Hors intersection,Normale,Deux véhicules - côté,3,1,1,0,1,1,1,0,1,50,2,2,1,0,0,1,50.0,49.0,deux_roues,voiture,5,2,1,1,3
202300054600,2023-09-26 08:50:00,2023,9,26,8,50,93,93008,AUTOROUTE A86,48.9097,2.44619,Plein jour,Hors agglomération,Hors intersection,Normale,Deux véhicules - arrière,1,3,3,0,1,1,1,1,1,90,2,2,1,0,0,1,52.0,29.0,utilitaire_camion,voiture,1,1,1,1,2
202300054601,2023-06-10 05:30:00,2023,6,10,5,30,47,47086,route de sainte foy la grande,44.68456739,0.2028322,Crépuscule ou aube,Hors agglomération,Hors intersection,Normale,Autre collision,3,2,2,0,1,1,1,0,3,80,1,4,1,0,3,0,20.0,,voiture,,2,1,1,1,6
202300054602,2023-02-14 16:50:00,2023,2,14,16,50,57,57360,D31,49.15785332,6.96919441,Crépuscule ou aube,Hors agglomération,Intersection en T,Temps éblouissant,Deux véhicules - frontale,3,2,2,0,2,1,1,0,1,80,2,2,1,0,0,1,74.0,59.0,voiture,deux_roues,2,1,3,7,1
202300054602,2023-02-14 16:50:00,2023,2,14,16,50,57,57360,D31,49.15785332,6.96919441,Crépuscule ou aube,Hors agglomération,Intersection en T,Temps éblouissant,Deux véhicules - frontale,3,1,4,0,1,1,1,5,1,90,2,2,1,0,0,1,74.0,59.0,voiture,deux_roues,2,1,3,7,1
202300054603,2023-07-15 14:30:00,2023,7,15,14,30,35,35047,D34,48.05548,-1.738393,Plein jour,Hors agglomération,Giratoire,Normale,Deux véhicules - côté,3,3,4,0,1,3,1,0,1,80,2,3,2,0,1,0,67.0,42.0,deux_roues,voiture,1,1,6,1,3
202300054604,2023-08-18 18:15:00,2023,8,18,18,15,23,23096,STALINGRAD (RUE DE),46.1747,1.87308,Plein jour,En agglomération,Hors intersection,Normale,Autre collision,4,-1,2,0,1,1,1,0,4,50,1,2,1,0,1,0,21.0,,voiture,,1,2,1,1,6
202300054605,2023-03-29 07:53:00,2023,3,29,7,53,91,91589,AUTOROUTE A6,48.68096,2.33153,Crépuscule ou aube,Hors agglomération,Hors intersection,Normale,Deux véhicules - côté,1,3,3,0,1,1,1,0,1,110,2,2,1,0,0,1,29.0,46.0,voiture,deux_roues,2,1,1,1,3
202300054606,2023-09-25 18:15:00,2023,9,25,18,15,93,93007,AUTOROUTE A1,48.95483221,2.45715916,Plein jour,Hors agglomération,Hors intersection,Normale,Sans collision,1,3,10,0,1,1,1,0,1,90,1,1,0,0,0,1,47.0,,deux_roues,,1,1,1,1,7
202300054607,2023-11-26 18:40:00,2023,11,26,18,40,92,92014,DINEUR (RUE DE),48.78398306,2.31489202,Nuit avec éclairage allumé,En agglomération,Hors intersection,Normale,Autre collision,4,1,2,0,1,1,1,0,4,50,1,1,0,0,0,1,48.0,,voiture,,5,2,1,1,6
202300054608,2023-10-28 17:10:00,2023,10,28,17,10,84,84099,D2,43.860869,5.13422,Plein jour,Hors agglomération,Intersection en X,Normale,Deux véhicules - côté,3,2,2,0,1,1,1,0,1,80,2,3,1,0,1,1,53.0,30.0,deux_roues,voiture,1,1,2,1,3
202300054608,2023-10-28 17:10:00,2023,10,28,17,10,84,84099,D2,43.860869,5.13422,Plein jour,Hors agglomération,Intersection en X,Normale,Deux véhicules - côté,3,-1, -1,-1,-1,-1,-1,-1,-1,-1,2,3,1,0,1,1,53.0,30.0,deux_roues,voiture,1,1,2,1,3
202300054609,2023-05-07 13:40:00,2023,5,7,13,40,35,35238,ESPAGNE (D'),48.08665,-1.67191,Plein jour,En agglomération,Intersection en T,Normale,Deux véhicules - côté,4,2,2,0,1,1,1,0,1,50,2,2,1,0,1,0,63.0,21.0,voiture,deux_roues,1,2,3,1,3
202300054610,2023-07-15 11:05:00,2023,7,15,11,5,59,59052,Rue Jean Jaures,50.515782,2.895372,Plein jour,En agglomération,Hors intersection,Normale,Deux véhicules - arrière,7,2,2,0,1,1,1,0,1,50,2,2,1,0,0,1,23.0,32.0,voiture,voiture,1,2,1,1,2
202300054611,2023-09-25 05:50:00,2023,9,25,5,50,93,93066,AUTOROUTE A1,48.90963,2.35835,Nuit avec éclairage allumé,Hors agglomération,Hors intersection,Normale,Deux véhicules - arrière,1,3,4,0,1,1,1,1,1,90,2,2,1,0,0,1,29.0,,voiture,autre,5,1,1,1,2
202300054612,2023-01-19 09:15:00,2023,1,19,9,15,73,73257,D915,45.458165,6.550896,Plein jour,Hors agglomération,Hors intersection,Normale,Deux véhicules - frontale,3,2,3,0,2,4,7,0,1,80,2,2,1,0,1,0,38.0,24.0,utilitaire_camion,voiture,1,1,1,1,1
202300054613,2023-03-29 17:00:00,2023,3,29,17,0,78,78646,RN12,48.793132,2.083596,Plein jour,Hors agglomération,Hors intersection,Normale,Deux véhicules - arrière,2,1,3,0,1,1,1,0,1,110,2,2,1,0,0,1,19.0,23.0,deux_roues,deux_roues,1,1,1,1,2
202300054614,2023-06-10 11:58:00,2023,6,10,11,58,34,34139,RD909,43.400772,3.228977,Plein jour,Hors agglomération,Intersection en T,Normale,Trois véhicules et plus - collisions multiples,3,2,2,0,1,1,1,0,1,90,3,5,2,0,0,3,36.0,27.0,voiture,voiture,1,1,3,1,5
202300054614,2023-06-10 11:58:00,2023,6,10,11,58,34,34139,RD909,43.400772,3.228977,Plein jour,Hors agglomération,Intersection en T,Normale,Trois véhicules et plus - collisions multiples,3,2, -1,-1,1,1,1,0,1,-1,3,5,2,0,0,3,36.0,27.0,voiture,voiture,1,1,3,1,5
202300054615,2023-05-07 15:15:00,2023,5,7,15,15,33,33063,Rue Albert Thomas,44.82858081,-0.59754118,Plein jour,En agglomération,Hors intersection,Normale,Autre collision,4,1,1,0,1,1,1,0,1,30,1,1,0,0,0,1,17.0,,deux_roues,,1,2,1,1,6
202300054616,2023-07-14 10:23:00,2023,7,14,10,23,13,13214,A7-Sens Lyon vers Marseille,43.33977159,5.37644849,Plein jour,Hors agglomération,Hors intersection,Normale,Autre collision,1,1,3,0,1,1,1,0,1,90,1,1,0,0,0,1,36.0,,voiture,,1,1,1,1,6
202300054617,2023-10-12 07:00:00,2023,10,12,7,0,26,26002,N7,45.263258,4.823856,Crépuscule ou aube,Hors agglomération,Intersection en T,Normale,Deux véhicules - côté,2,2,1,0,1,1,1,0,1,80,2,3,0,0,1,2,57.0,25.0,voiture,voiture,2,1,3,1,3
202300054617,2023-10-12 07:00:00,2023,10,12,7,0,26,26002,N7,45.263258,4.823856,Crépuscule ou aube,Hors agglomération,Intersection en T,Normale,Deux véhicules - côté,2,2,1,0,1,1,1,0,1,80,2,3,0,0,1,2,57.0,25.0,voiture,voiture,2,1,3,1,3
202300054618,2023-08-20 15:20:00,2023,8,20,15,20,22,22187,RN12,48.52569,-2.75181,Plein jour,Hors agglomération,Hors intersection,Normale,Trois véhicules et plus - en chaîne,2,3,4,0,1,1,1,2,1,90,3,6,2,0,0,4,53.0,80.0,voiture,voiture,1,1,1,1,4
202300054619,2023-09-26 09:50:00,2023,9,26,9,50,94,94079,A4,48.83525111,2.53871581,Plein jour,Hors agglomération,Hors intersection,Normale,Deux véhicules - côté,1,3,4,0,1,1,1,0,1,110,2,2,1,0,0,1,49.0,22.0,voiture,deux_roues,1,1,1,1,3
202300054620,2023-03-28 14:15:00,2023,3,28,14,15,92,92036,AUTOROUTE A15,48.941877,2.29092958,Plein jour,Hors agglomération,Hors intersection,Normale,Sans collision,1,3,9,0,2,1,1,2,1,110,1,1,0,0,0,1,33.0,,deux_roues,,1,1,1,1,7
202300054621,2023-07-14 03:50:00,2023,7,14,3,50,83,83137,A57,43.13055,5.97922,Nuit sans éclairage public,Hors agglomération,Hors intersection,Normale,Autre collision,1,3,3,0,1,1,1,3,1,70,1,1,0,0,0,1,20.0,,voiture,,3,1,1,1,6
202300054622,2023-10-27 18:10:00,2023,10,27,18,10,19,19229,pk 3 D152,45.13353962,1.3993788,Crépuscule ou aube,Hors agglomération,Hors intersection,Pluie légère,Sans collision,3,2,2,0,1,3,2,0,3,90,1,1,0,0,1,0,22.0,,voiture,,2,1,1,2,7
202300054623,2023-02-13 09:00:00,2023,2,13,9,0,38,38317,Avenue du Maquis de l'Oisans,45.110388,5.708578,Plein jour,Hors agglomération,Intersection en Y,Normale,Deux véhicules - frontale,7,2,2,0,1,1,1,8,1,30,2,2,1,1,0,0,16.0,59.0,deux_roues,voiture,1,1,4,1,1
202300054623,2023-02-13 09:00:00,2023,2,13,9,0,38,38317,Avenue du Maquis de l'Oisans,45.110388,5.708578,Plein jour,Hors agglomération,Intersection en Y,Normale,Deux véhicules - frontale,7,2,2,0,1,1,1,0,1,30,2,2,1,1,0,0,16.0,59.0,deux_roues,voiture,1,1,4,1,1
202300054624,2023-06-10 20:00:00,2023,6,10,20,0,68,68125,7 Rue Principale,47.68969,7.126305,Crépuscule ou aube,En agglomération,Hors intersection,Normale,Deux véhicules - côté,3,2,2,0,1,1,1,0,1,-1,2,2,1,0,0,1,36.0,41.0,voiture,utilitaire_camion,2,2,1,1,3
202300054625,2023-08-19 16:10:00,2023,8,19,16,10,22,22113,GUILLOUX (BOULEVARD LOUIS),48.72571,-3.44881,Plein jour,En agglomération,Autre intersection,Normale,Autre collision,6,-1,0,0,1,1,1,9,8,-1,1,2,1,0,1,0,82.0,,voiture,,1,2,9,1,6
202300054626,2023-05-07 22:38:00,2023,5,7,22,38,31,31069,Allée Émile Zola,43.645305,1.36883,Nuit avec éclairage allumé,Hors agglomération,Hors intersection,Pluie légère,Autre collision,4,1,1,0,1,3,3,9,6,-1,1,3,1,0,2,0,23.0,,voiture,,5,1,1,2,6
202300054627,2023-11-30 15:30:00,2023,11,30,15,30,2B,2B102,Casanile,42.479551,9.363342,Plein jour,Hors agglomération,Hors intersection,Normale,Sans collision,9,1,1,0,2,2,1,0,8,-1,1,3,0,1,1,1,74.0,,voiture,,1,1,1,1,7
202300054628,2023-09-25 10:30:00,2023,9,25,10,30,94,94073,A86,48.77139558,2.39237226,Plein jour,Hors agglomération,Hors intersection,Normale,Trois véhicules et plus - en chaîne,1,3,3,0,1,1,1,0,1,90,3,3,2,0,0,1,66.0,61.0,voiture,utilitaire_camion,1,1,1,1,4
202300054629,2023-10-28 12:10:00,2023,10,28,12,10,56,56034,Avenue des Druides,47.576157,-3.078033,Plein jour,En agglomération,Hors intersection,Pluie forte,Autre collision,4,2,2,0,1,1,2,0,1,50,1,2,1,0,1,0,57.0,,voiture,,1,2,1,3,6
202300054630,2023-08-22 15:10:00,2023,8,22,15,10,17,17306,CLEMENCEAU  GEORGES (BD),45.6319,-1.03118,Plein jour,En agglomération,Hors intersection,Normale,Deux véhicules - arrière,4,2,2,2,2,1,1,0,1,50,2,2,1,0,1,0,25.0,44.0,deux_roues,voiture,1,2,1,1,2
202300054631,2023-03-28 15:15:00,2023,3,28,15,15,92,92078,AUTOROUTE A86,48.92928253,2.32938717,Plein jour,Hors agglomération,Hors intersection,Normale,Trois véhicules et plus - en chaîne,1,1,6,0,1,1,1,0,1,70,3,3,2,0,0,1,61.0,23.0,voiture,voiture,1,1,1,1,4
202300054632,2023-02-12 17:48:00,2023,2,12,17,48,86,86294,N149,46.644505,0.186148,Plein jour,Hors agglomération,Hors intersection,Normale,Sans collision,2,2,2,0,1,1,1,0,1,80,1,2,0,0,1,1,28.0,,deux_roues,,1,1,1,1,7
202300054633,2023-06-11 03:53:00,2023,6,11,3,53,39,39018,,46.34624,5.472,Nuit sans éclairage public,Hors agglomération,Hors intersection,Normale,Autre collision,3,2,2,0,2,2,1,0,3,80,1,4,2,0,2,0,26.0,,autre,,3,1,1,1,6
202300054634,2023-07-14 14:55:00,2023,7,14,14,55,91,91136,AUTOROUTE A10,48.71278,2.28406,Plein jour,Hors agglomération,Hors intersection,Normale,Trois véhicules et plus - en chaîne,1,1,3,0,1,1,1,0,1,90,3,4,3,0,0,1,63.0,59.0,voiture,voiture,1,1,1,1,4
202300054635,2023-06-11 21:55:00,2023,6,11,21,55,74,74043,Avenue des fully,46.273069,6.348188,Nuit sans éclairage public,Hors agglomération,Hors intersection,Normale,Sans collision,3,2,2,0,2,2,1,0,8,80,1,2,0,0,1,1,40.0,,voiture,,3,1,1,1,7
202300054636,2023-11-30 14:15:00,2023,11,30,14,15,42,42338,Route de Charlieu,46.11671,4.112712,Plein jour,Hors agglomération,Hors intersection,Pluie légère,Deux véhicules - frontale,3,2,2,0,1,1,2,0,1,80,2,3,1,0,0,2,24.0,79.0,utilitaire_camion,voiture,1,1,1,2,1
202300054637,2023-10-28 16:05:00,2023,10,28,16,5,67,67040,D211,48.282611,7.634291,Plein jour,Hors agglomération,Hors intersection,Normale,Sans collision,3,2,2,0,1,4,1,0,3,80,1,2,0,1,1,0,24.0,,voiture,,1,1,1,1,7
202300054638,2023-08-23 23:50:00,2023,8,23,23,50,14,14715,72 Boulevard Fernand Moureaux,49.36316,0.08463,Nuit avec éclairage allumé,En agglomération,Hors intersection,Normale,Deux véhicules - arrière,4,1,2,0,1,1,1,0,1,30,2,2,0,0,0,2,19.0,,voiture,,5,2,1,1,2
202300054639,2023-06-11 18:20:00,2023,6,11,18,20,74,74208,Avenue de saint-martin_,45.918512,6.682391,Plein jour,En agglomération,Hors intersection,Normale,Autre collision,3,2,2,0,1,1,1,0,4,50,1,2,1,0,1,0,55.0,,voiture,,1,2,1,1,6
202300054640,2023-02-13 00:35:00,2023,2,13,0,35,60,60517,D1001,49.227728,2.22693,Nuit sans éclairage public,Hors agglomération,Hors intersection,Normale,Autre collision,3,2,3,0,1,1,1,0,1,80,3,3,1,0,0,2,50.0,41.0,voiture,voiture,3,1,1,1,6
202300054641,2023-07-13 22:42:00,2023,7,13,22,42,77,77251,AUTOROUTE A5A,48.609705,2.576366,Nuit sans éclairage public,Hors agglomération,Hors intersection,Normale,Deux véhicules - arrière,1,1,6,0,1,1,1,0,1,110,2,3,0,0,0,3,27.0,34.0,voiture,voiture,3,1,1,1,2
202300054642,2023-06-11 03:10:00,2023,6,11,3,10,02,02519,3 Rue de Noircourt,49.67346,4.07112658,Nuit avec éclairage non allumé,En agglomération,Intersection en T,Normale,Autre collision,3,2,2,0,1,3,1,0,3,50,1,2,0,1,1,0,23.0,,voiture,,4,2,3,1,6
202300054642,2023-06-11 03:10:00,2023,6,11,3,10,02,02519,3 Rue de Noircourt,49.67346,4.07112658,Nuit avec éclairage non allumé,En agglomération,Intersection en T,Normale,Autre collision,3,2, -1,-1,1,2,1,0,3,-1,1,2,0,1,1,0,23.0,,voiture,,4,2,3,1,6
202300054643,2023-03-27 07:20:00,2023,3,27,7,20,95,95018,A15,48.9496723,2.2802208,Plein jour,Hors agglomération,Hors intersection,Normale,Trois véhicules et plus - en chaîne,1,3,8,0,1,1,1,0,1,110,3,4,2,0,0,2,34.0,35.0,utilitaire_camion,voiture,1,1,1,1,4
202300054644,2023-05-07 20:05:00,2023,5,7,20,5,31,31555,23 RANGUEIL  (PERIPH OUEST A620),43.57589,1.44202,Crépuscule ou aube,Hors agglomération,Hors intersection,Pluie forte,Trois véhicules et plus - en chaîne,1,1,3,3,1,2,2,9,2,90,5,8,4,0,0,4,38.0,25.0,voiture,voiture,2,1,1,3,4
202300054645,2023-08-23 09:00:00,2023,8,23,9,0,13,13117,LONDRES (AVENUE DE),43.42722,5.23538,Plein jour,Hors agglomération,Intersection en X,Normale,Deux véhicules - côté,3,1,1,0,3,1,1,0,1,50,2,2,1,0,0,1,51.0,34.0,voiture,voiture,1,1,2,1,3
202300054645,2023-08-23 09:00:00,2023,8,23,9,0,13,13117,LONDRES (AVENUE DE),43.42722,5.23538,Plein jour,Hors agglomération,Intersection en X,Normale,Deux véhicules - côté,3,2,2,0,1,1,1,0,1,50,2,2,1,0,0,1,51.0,34.0,voiture,voiture,1,1,2,1,3
202300054646,2023-10-28 14:45:00,2023,10,28,14,45,76,76676,Rue de Guilmesnil,49.564464,1.481974,Plein jour,Hors agglomération,Hors intersection,Pluie légère,Deux véhicules - côté,3,2,2,0,1,1,2,0,1,80,2,2,1,0,0,1,59.0,69.0,deux_roues,utilitaire_camion,1,1,1,2,3
202300054647,2023-06-09 16:45:00,2023,6,9,16,45,74,74063,D22,46.253569,6.845995,Plein jour,Hors agglomération,Hors intersection,Pluie légère,Deux véhicules - frontale,3,2,2,0,2,4,2,0,1,80,2,2,0,0,2,0,32.0,80.0,voiture,voiture,1,1,1,2,1
202300054648,2023-02-14 16:20:00,2023,2,14,16,20,60,60439,D929,49.307168,2.328361,Plein jour,Hors agglomération,Hors intersection,Normale,Autre collision,3,2,2,0,1,1,1,0,1,80,1,1,0,0,0,1,71.0,,deux_roues,,1,1,1,1,6
202300054649,2023-05-07 11:13:00,2023,5,7,11,13,31,31555,ECHANGEUR ST MARTIN (A624-RD901),43.61078,1.385213,Plein jour,Hors agglomération,Autre intersection,Pluie légère,Sans collision,1,1,1,0,2,3,2,3,1,30,1,1,0,0,1,0,30.0,,deux_roues,,1,1,9,2,7
202300054650,2023-08-23 11:30:00,2023,8,23,11,30,13,13215,Chemin du ruisseau mirabeau,43.34933927,5.34658299,Plein jour,En agglomération,Hors intersection,Normale,Autre collision,4,-1,2,0,2,1,1,0,1,50,1,2,1,0,0,1,66.0,,voiture,,1,2,1,1,6
202300054651,2023-11-30 19:45:00,2023,11,30,19,45,64,64057,Route de N'Haux,43.473169,-0.614542,Nuit sans éclairage public,Hors agglomération,Hors intersection,Pluie forte,Autre collision,3,2,2,0,4,1,2,0,1,70,1,3,2,0,0,1,28.0,,voiture,,3,1,1,3,6
202300054652,2023-07-14 04:30:00,2023,7,14,4,30,95,95241,N104,49.04701,2.45775,Nuit sans éclairage public,Hors agglomération,Hors intersection,Normale,Deux véhicules - arrière,2,3,2,0,1,1,1,0,1,110,2,3,2,0,0,1,21.0,47.0,voiture,voiture,3,1,1,1,2
202300054653,2023-10-28 08:25:00,2023,10,28,8,25,2B,2B207,Folelli,42.449256,9.506706,Plein jour,En agglomération,Autre intersection,Normale,Sans collision,2,2,2,0,1,1,1,0,1,50,2,2,1,0,1,0,45.0,49.0,deux_roues,voiture,1,2,9,1,7
202300054654,2023-06-10 15:10:00,2023,6,10,15,10,02,02545,D946,49.718028,3.845628,Plein jour,Hors agglomération,Intersection en X,Normale,Deux véhicules - frontale,3,2,2,0,1,1,1,0,1,80,2,3,0,1,1,1,76.0,23.0,voiture,voiture,1,1,2,1,1
202300054654,2023-06-10 15:10:00,2023,6,10,15,10,02,02545,D946,49.718028,3.845628,Plein jour,Hors agglomération,Intersection en X,Normale,Deux véhicules - frontale,3,2,2,0,2,1,1,0,1,80,2,3,0,1,1,1,76.0,23.0,voiture,voiture,1,1,2,1,1
202300054655,2023-05-07 09:20:00,2023,5,7,9,20,27,27562,ROUEN (ROUTE DE ),49.10584,1.45777,Plein jour,En agglomération,Hors intersection,Pluie légère,Sans collision,3,1,2,0,2,2,2,0,1,50,1,1,0,0,1,0,62.0,,deux_roues,,1,2,1,2,7
202300054656,2023-06-06 06:15:00,2023,6,6,6,15,74,74243,E 62,46.134099,6.102809,Crépuscule ou aube,Hors agglomération,Hors intersection,Normale,Sans collision,1,1,2,0,2,2,1,3,1,50,1,1,0,0,1,0,24.0,,deux_roues,,2,1,1,1,7
202300054657,2023-02-13 13:50:00,2023,2,13,13,50,13,13005,A501-Sens Pont de l'Etoile vers Aubagne,43.30027927,5.56444269,Plein jour,Hors agglomération,Hors intersection,Normale,Sans collision,1,1,2,0,1,1,1,0,1,90,1,1,0,0,0,1,44.0,,deux_roues,,1,1,1,1,7
202300054658,2023-03-29 14:15:00,2023,3,29,14,15,77,77373,RN104,48.76694017,2.61376289,Plein jour,Hors agglomération,Hors intersection,Normale,Autre collision,2,-1,2,0,1,1,1,0,1,90,3,3,2,0,0,1,39.0,30.0,deux_roues,voiture,1,1,1,1,6
202300054659,2023-07-14 06:00:00,2023,7,14,6,0,77,77450,RN104,48.717272,2.599244,Nuit sans éclairage public,Hors agglomération,Hors intersection,Normale,Autre collision,2,3,6,0,1,1,1,0,1,90,1,1,0,0,0,1,32.0,,voiture,,3,1,1,1,6
202300054660,2023-08-23 09:20:00,2023,8,23,9,20,13,13215,PIERRE DRAMARD (BOULEVARD),43.3793,5.3577,Plein jour,En agglomération,Giratoire,Normale,Deux véhicules - arrière,4,2,2,0,1,1,1,0,1,50,2,3,0,0,0,3,39.0,37.0,deux_roues,deux_roues,1,2,6,1,2
202300054661,2023-12-01 16:25:00,2023,12,1,16,25,22,22020,rue de la gare,48.319491,-2.254364,Plein jour,En agglomération,Hors intersection,Temps éblouissant,Autre collision,3,2,2,0,2,1,1,9,1,50,1,2,1,1,0,0,73.0,,utilitaire_camion,,1,2,1,7,6
202300054662,2023-10-28 10:50:00,2023,10,28,10,50,11,11206,,43.054614,2.212876,Plein jour,En agglomération,Giratoire,Normale,Deux véhicules - côté,3,-1,2,0,1,3,1,0,1,50,2,2,1,0,1,0,73.0,78.0,voiture,deux_roues,1,2,6,1,3
202300054663,2023-06-11 18:40:00,2023,6,11,18,40,03,03195,Rue des Moulins,46.289548,2.656812,Plein jour,En agglomération,Intersection en Y,Normale,Autre collision,3,2,2,0,4,1,1,0,4,50,1,2,0,0,2,0,72.0,,voiture,,1,2,4,1,6
202300054663,2023-06-11 18:40:00,2023,6,11,18,40,03,03195,Rue des Moulins,46.289548,2.656812,Plein jour,En agglomération,Intersection en Y,Normale,Autre collision,3,2,2,0,4,1,1,0,8,50,1,2,0,0,2,0,72.0,,voiture,,1,2,4,1,6
202300054664,2023-02-13 06:15:00,2023,2,13,6,15,13,13215,A7-Sens Lyon vers Marseille,43.35951248,5.36208224,Crépuscule ou aube,Hors agglomération,Hors intersection,Normale,Sans collision,1,-1,3,0,1,1,1,0,1,90,1,1,0,0,0,1,22.0,,voiture,,2,1,1,1,7
202300054665,2023-05-05 07:00:00,2023,5,5,7,0,74,74006,Route d'annecy,46.00071,6.121957,Crépuscule ou aube,En agglomération,Hors intersection,Normale,Sans collision,3,2,2,0,1,1,1,0,1,50,2,2,1,0,0,1,50.0,33.0,deux_roues,utilitaire_camion,2,2,1,1,7
202300054666,2023-03-28 21:10:00,2023,3,28,21,10,94,94069,A4,48.81754093,2.43504501,Nuit sans éclairage public,Hors agglomération,Hors intersection,Normale,Deux véhicules - côté,1,3,5,0,1,1,1,3,1,90,2,2,0,0,1,1,35.0,37.0,deux_roues,deux_roues,3,1,1,1,3
202300054667,2023-07-13 12:25:00,2023,7,13,12,25,976,97611,cavani-Briquetterie ( rue de la ),-12.78112,45.22202,Plein jour,En agglomération,Hors intersection,Normale,Sans collision,4,3,2,0,2,1,1,0,1,30,1,2,1,0,0,1,32.0,,voiture,,1,2,1,1,7
202300054668,2023-11-30 23:25:00,2023,11,30,23,25,37,37174,Aire de Maillé (Aire de repos),47.024566,0.565882,Nuit sans éclairage public,Hors agglomération,Hors intersection,Normale,Autre collision,1,3,2,0,1,4,1,9,8,130,1,1,0,1,0,0,42.0,,voiture,,3,1,1,1,6
202300054669,2023-08-20 04:30:00,2023,8,20,4,30,13,13214,MARCHE D'IN (AVENUE),43.3399,5.3795,Nuit avec éclairage allumé,En agglomération,Hors intersection,Normale,Deux véhicules - arrière,4,3,2,0,1,1,1,0,1,50,2,4,1,0,0,3,,24.0,voiture,voiture,5,2,1,1,2