accident_id,datetime,annee,mois,jour,heure,minute,departement,commune_insee,adresse,latitude,longitude,luminosite,agglomeration,intersection,meteo,collision,catr,circ,nbv,vosp,prof,plan,surf,infra,situ,vma,nb_vehicules,nb_usagers,nb_indemnes,nb_tues,nb_blesses_hosp,nb_blesses_legers,age_cond_1,age_cond_2,veh_type_cond_1,veh_type_cond_2,lum_code,agg_code,int_code,atm_code,col_code
202300054670,2023-06-11 09:05:00,2023,6,11,9,5,03,03171,"Lieu-dit ""Couvoir de Lormont""",46.462672,3.541578,Plein jour,Hors agglomération,Hors intersection,Temps couvert,Autre collision,3,2,2,0,1,1,9,0,3,90,1,2,1,0,0,1,43.0,,voiture,,1,1,1,8,6
202300054671,2023-10-27 09:55:00,2023,10,27,9,55,71,71230,14 rue de la république,46.599982,4.066253,Plein jour,En agglomération,Hors intersection,Temps éblouissant,Autre collision,4,1,1,0,1,1,1,0,1,50,1,2,1,0,1,0,60.0,,voiture,,1,2,1,7,6
202300054672,2023-06-15 17:00:00,2023,6,15,17,0,14,14448,2270 Route de Rumesnil,49.172617,0.04055,Plein jour,Hors agglomération,Hors intersection,Normale,Sans collision,3,2,2,0,1,3,1,0,3,80,1,1,0,0,1,0,27.0,,deux_roues,,1,1,1,1,7
202300054673,2023-05-07 18:49:00,2023,5,7,18,49,13,13075,FRÉDÉRIC CHEVILLON (AVENUE),43.34849,5.46592,Plein jour,En agglomération,Hors intersection,Normale,Deux véhicules - côté,3,2,2,0,1,1,1,0,1,50,2,2,1,0,1,0,40.0,21.0,voiture,deux_roues,1,2,1,1,3
202300054674,2023-07-13 09:15:00,2023,7,13,9,15,976,97611,m'tsapere-Nationale 2 (route),-12.78965,45.22052,Plein jour,En agglomération,Autre intersection,Normale,Autre collision,4,-1,1,0,1,1,1,2,1,50,1,2,1,0,0,1,26.0,,voiture,,1,2,9,1,6
202300054675,2023-02-12 21:00:00,2023,2,12,21,0,13,13005,A50-Sens Aubagne vers Marseille,43.28544676,5.57016,Nuit sans éclairage public,Hors agglomération,Hors intersection,Normale,Deux véhicules - arrière,1,3,2,0,1,1,1,0,1,90,2,4,0,0,2,2,65.0,32.0,voiture,voiture,3,1,1,1,2
202300054676,2023-08-23 03:10:00,2023,8,23,3,10,13,13210,RABATAU (BOULEVARD),43.28202,5.39943,Nuit avec éclairage non allumé,En agglomération,Hors intersection,Normale,Deux véhicules - arrière,4,1,1,0,1,1,1,0,1,50,1,2,1,0,0,1,,,voiture,,4,2,1,1,2
202300054677,2023-03-27 17:15:00,2023,3,27,17,15,25,25547,D613,47.515574,6.829919,Plein jour,En agglomération,Intersection en X,Normale,Autre collision,3,2,2,-1,1,1,1,5,1,50,1,3,1,0,0,2,21.0,,voiture,,1,2,2,1,6
202300054677,2023-03-27 17:15:00,2023,3,27,17,15,25,25547,D613,47.515574,6.829919,Plein jour,En agglomération,Intersection en X,Normale,Autre collision,3,3,4,0,1,2,1,5,1,50,1,3,1,0,0,2,21.0,,voiture,,1,2,2,1,6
202300054678,2023-10-27 19:35:00,2023,10,27,19,35,63,63314,D996,45.58207519,3.60116276,Nuit sans éclairage public,Hors agglomération,Hors intersection,Normale,Sans collision,3,2,2,0,2,2,2,0,3,90,1,1,0,0,0,1,52.0,,voiture,,3,1,1,1,7
202300054679,2023-05-14 18:20:00,2023,5,14,18,20,08,08298,4 Rue Pasteur,49.774323,4.741285,Plein jour,En agglomération,Hors intersection,Normale,Autre collision,4,2,1,0,2,1,1,0,1,50,1,1,0,1,0,0,20.0,,deux_roues,,1,2,1,1,6
202300054680,2023-11-27 12:08:00,2023,11,27,12,8,57,57106,10 Rue Saint-hubert,49.300166,6.524833,Plein jour,En agglomération,Hors intersection,Normale,Autre collision,3,2,2,0,1,1,1,0,1,-1,1,3,2,0,0,1,52.0,,voiture,,1,2,1,1,6
202300054681,2023-06-10 11:30:00,2023,6,10,11,30,03,03090,Lie dit les petits Barons,46.649863,3.139343,Plein jour,Hors agglomération,Hors intersection,Pluie légère,Deux véhicules - frontale,3,2,2,0,1,2,2,0,1,90,2,3,0,0,0,3,70.0,28.0,utilitaire_camion,voiture,1,1,1,2,1
202300054682,2023-08-23 02:55:00,2023,8,23,2,55,13,13202,BASSINS DU RADOUB (QUAI DES),43.32125,5.36292,Nuit avec éclairage allumé,En agglomération,Hors intersection,Normale,Autre collision,4,2,3,0,4,2,1,0,4,50,1,1,0,0,1,0,26.0,,deux_roues,,5,2,1,1,6
202300054683,2023-10-27 21:30:00,2023,10,27,21,30,61,61167,D12 PR7+180,48.815988,0.573107,Nuit avec éclairage non allumé,Hors agglomération,Hors intersection,Vent fort / tempête,Autre collision,3,2,2,0,1,1,2,0,1,90,1,1,0,0,0,1,35.0,,deux_roues,,4,1,1,6,6
202300054684,2023-07-13 11:55:00,2023,7,13,11,55,974,97411,CHAUDRON  (BLD 1 DU),-20.89081,55.4909,Plein jour,En agglomération,Hors intersection,Normale,Deux véhicules - côté,2,-1,2,0,2,1,1,0,1,50,2,2,1,0,0,1,59.0,23.0,deux_roues,voiture,1,2,1,1,3
202300054685,2023-11-30 12:13:00,2023,11,30,12,13,95,95594,28 GRIFFON (ALLE DU),49.118864,2.400824,Plein jour,En agglomération,Hors intersection,Temps couvert,Sans collision,4,2,2,0,2,1,2,0,1,50,1,1,0,0,1,0,52.0,,deux_roues,,1,2,1,8,7
202300054686,2023-02-13 06:45:00,2023,2,13,6,45,83,83123,A50,43.13842318,5.80221184,Crépuscule ou aube,Hors agglomération,Hors intersection,Normale,Deux véhicules - arrière,1,3,6,0,1,1,1,0,1,130,2,3,2,0,0,1,79.0,50.0,utilitaire_camion,voiture,2,1,1,1,2
202300054687,2023-05-06 16:00:00,2023,5,6,16,0,13,13211,WILLIAM BOOTH (AVENUE),43.2934323,5.43980733,Plein jour,En agglomération,Intersection en T,Normale,Deux véhicules - côté,4,2,2,0,2,1,1,0,1,50,2,3,1,0,0,2,23.0,59.0,deux_roues,voiture,1,2,3,1,3
202300054687,2023-05-06 16:00:00,2023,5,6,16,0,13,13211,WILLIAM BOOTH (AVENUE),43.2934323,5.43980733,Plein jour,En agglomération,Intersection en T,Normale,Deux véhicules - côté,4,2,2,0,1,1,1,0,1,50,2,3,1,0,0,2,23.0,59.0,deux_roues,voiture,1,2,3,1,3
202300054688,2023-03-24 14:36:00,2023,3,24,14,36,63,63113,CLEMENTEL (BD ETIENNE),45.81097,3.109281,Plein jour,En agglomération,Hors intersection,Normale,Autre collision,7,2,4,0,1,1,1,0,1,50,1,2,1,0,0,1,94.0,,voiture,,1,2,1,1,6
202300054689,2023-08-23 00:15:00,2023,8,23,0,15,13,13213,ROSE (AVENUE DE LA),43.32676082,5.42273455,Nuit avec éclairage allumé,En agglomération,Hors intersection,Normale,Deux véhicules - frontale,4,2,2,0,1,1,1,0,1,50,2,2,0,0,0,1,,50.0,voiture,deux_roues,5,2,1,1,1
202300054690,2023-07-13 07:40:00,2023,7,13,7,40,974,97407,MARINE(BOULEVARD),-20.9491,55.28458,Plein jour,Hors agglomération,Hors intersection,Normale,Deux véhicules - côté,4,-1,0,0,1,1,1,0,1,50,2,2,1,0,0,1,65.0,46.0,utilitaire_camion,deux_roues,1,1,1,1,3
202300054691,2023-05-27 16:10:00,2023,5,27,16,10,01,01348,D933,46.176919,4.818431,Plein jour,En agglomération,Intersection en X,Normale,Trois véhicules et plus - collisions multiples,3,2,2,0,1,1,1,0,1,50,3,3,1,0,0,2,49.0,59.0,deux_roues,deux_roues,1,2,2,1,5
202300054691,2023-05-27 16:10:00,2023,5,27,16,10,01,01348,D933,46.176919,4.818431,Plein jour,En agglomération,Intersection en X,Normale,Trois véhicules et plus - collisions multiples,3,2,2,0,1,1,1,0,1,50,3,3,1,0,0,2,49.0,59.0,deux_roues,deux_roues,1,2,2,1,5
202300054692,2023-10-28 03:40:00,2023,10,28,3,40,12,12148,Z.A. LE FARGAL,44.457716,2.221384,Nuit sans éclairage public,Hors agglomération,Hors intersection,Temps couvert,Autre collision,3,2,2,0,4,2,2,0,3,70,1,4,3,0,1,0,19.0,,voiture,,3,1,1,8,6
202300054693,2023-08-22 04:50:00,2023,8,22,4,50,13,13213,POILUS (AVENUE DES),43.32555,5.4521,Nuit avec éclairage allumé,En agglomération,Hors intersection,Normale,Deux véhicules - côté,4,2,2,0,1,1,1,0,4,50,2,2,1,0,1,0,23.0,46.0,voiture,voiture,5,2,1,1,3
202300054694,2023-01-09 17:54:00,2023,1,9,17,54,36,36044,53 Rue Montaigne,46.80320765,1.70012891,Crépuscule ou aube,En agglomération,Hors intersection,Normale,Autre collision,4,1,1,1,1,1,1,0,8,50,1,2,1,0,0,1,87.0,,voiture,,2,2,1,1,6
202300054695,2023-12-01 14:00:00,2023,12,1,14,0,51,51535,N4,48.71936,3.757904,Plein jour,Hors agglomération,Hors intersection,Normale,Deux véhicules - frontale,2,2,2,0,1,1,1,0,1,80,2,2,1,1,0,0,48.0,68.0,utilitaire_camion,voiture,1,1,1,1,1
202300054696,2023-02-04 23:30:00,2023,2,4,23,30,42,42044,RN88,45.39638,4.34822,Nuit sans éclairage public,Hors agglomération,Hors intersection,Normale,Deux véhicules - arrière,2,3,4,0,1,1,1,0,1,110,2,3,1,0,0,2,62.0,43.0,voiture,voiture,3,1,1,1,2
202300054697,2023-10-28 10:05:00,2023,10,28,10,5,12,12139,la barraque,43.876046,3.021679,Plein jour,Hors agglomération,Hors intersection,Normale,Autre collision,3,2,2,0,1,1,1,0,3,90,1,1,0,0,1,0,20.0,,voiture,,1,1,1,1,6
202300054698,2023-07-12 21:10:00,2023,7,12,21,10,973,97302,COULEE D'OR (CITE),4.94076618,-52.30684564,Nuit avec éclairage allumé,En agglomération,Hors intersection,Normale,Deux véhicules - côté,4,2,2,0,1,1,1,0,1,-1,2,3,2,0,1,0,39.0,16.0,voiture,deux_roues,5,2,1,1,3
202300054699,2023-05-07 08:45:00,2023,5,7,8,45,13,13063,QUATRE CHEMINS ROND POINT DES,43.57159,5.01909,Plein jour,Hors agglomération,Giratoire,Normale,Autre collision,3,-1,2,0,1,3,1,0,1,50,1,2,1,0,1,0,52.0,,voiture,,1,1,6,1,6
202300054700,2023-08-22 05:48:00,2023,8,22,5,48,13,13210,RABATAU (BOULEVARD),43.27933,5.3993,Nuit avec éclairage allumé,En agglomération,Hors intersection,Normale,Deux véhicules - côté,4,1,1,0,1,1,1,8,1,50,2,2,1,0,0,1,40.0,42.0,deux_roues,voiture,5,2,1,1,3
202300054701,2023-06-11 10:15:00,2023,6,11,10,15,70,70421,Route nationale 19,47.690396,6.007633,Plein jour,Hors agglomération,Hors intersection,Normale,Deux véhicules - frontale,2,2,2,0,1,3,1,0,1,80,2,5,0,1,2,2,79.0,22.0,voiture,voiture,1,1,1,1,1
202300054702,2023-10-28 05:30:00,2023,10,28,5,30,29,29076,Lieu Dit Kroaz Ar Roue - Milizac,48.47359947,-4.56797371,Nuit avec éclairage non allumé,En agglomération,Hors intersection,Pluie légère,Autre collision,3,2,2,0,2,2,2,0,3,50,1,1,0,0,1,0,22.0,,deux_roues,,4,2,1,2,6
202300054703,2023-12-01 14:30:00,2023,12,1,14,30,19,19150,Route de Brive - RD 38,45.07612989,1.60207554,Plein jour,Hors agglomération,Hors intersection,Pluie légère,Deux véhicules - frontale,3,2,2,0,2,2,2,0,1,70,2,2,0,1,0,1,24.0,71.0,voiture,utilitaire_camion,1,1,1,2,1
202300054704,2023-03-28 09:00:00,2023,3,28,9,0,974,97409,DU CENTRE(CHEMIN),-20.95419,55.66417,Plein jour,En agglomération,Hors intersection,Normale,Autre collision,4,2,2,0,1,1,1,0,1,50,1,2,0,0,0,2,56.0,,deux_roues,,1,2,1,1,6
202300054705,2023-08-20 19:35:00,2023,8,20,19,35,13,13205,CHAVE (BOULEVARD),43.29523,5.38773,Plein jour,En agglomération,Hors intersection,Normale,Autre collision,4,1,1,3,2,1,1,0,4,30,1,2,1,0,0,1,70.0,,deux_roues,,1,2,1,1,6
202300054706,2023-06-11 06:15:00,2023,6,11,6,15,72,72022,lieu-dit beaulieu,47.754563,-0.167686,Crépuscule ou aube,Hors agglomération,Hors intersection,Normale,Autre collision,3,2,2,0,1,1,1,0,3,-1,1,1,0,0,0,1,22.0,,voiture,,2,1,1,1,6
202300054707,2023-02-09 07:02:00,2023,2,9,7,2,62,62907,A1,50.47669,2.97997,Nuit sans éclairage public,Hors agglomération,Hors intersection,Normale,Trois véhicules et plus - en chaîne,1,-1,6,0,1,1,1,0,1,130,3,3,2,0,1,0,37.0,47.0,utilitaire_camion,utilitaire_camion,3,1,1,1,4
202300054708,2023-07-13 14:47:00,2023,7,13,14,47,972,97213,PLACE D'ARMES,14.6145819,-60.9942058,Plein jour,Hors agglomération,Giratoire,Normale,Deux véhicules - arrière,3,1,1,0,1,3,1,0,1,70,2,6,5,0,0,1,26.0,36.0,voiture,voiture,1,1,6,1,2
202300054709,2023-05-07 04:10:00,2023,5,7,4,10,11,11069,Avenue Saint Martin,43.22694,2.39603,Nuit sans éclairage public,En agglomération,Hors intersection,Pluie légère,Autre collision,4,2,2,0,1,3,2,0,3,50,1,2,0,0,0,2,26.0,,voiture,,3,2,1,2,6
202300054710,2023-08-23 18:30:00,2023,8,23,18,30,13,13001,ROGNES (RTE DE),43.60267,5.36583,Plein jour,Hors agglomération,Hors intersection,Normale,Deux véhicules - frontale,3,2,2,0,1,1,1,0,1,90,2,2,1,0,0,1,58.0,58.0,voiture,voiture,1,1,1,1,1
202300054711,2023-10-28 19:26:00,2023,10,28,19,26,29,29282,Kerzongar,48.37297173,-4.7287469,Nuit sans éclairage public,Hors agglomération,Hors intersection,Pluie forte,Trois véhicules et plus - collisions multiples,3,2,2,0,1,1,2,0,1,-1,3,3,2,0,0,1,40.0,46.0,voiture,voiture,3,1,1,3,5
202300054712,2023-03-28 19:20:00,2023,3,28,19,20,974,97407,JACQUES DUCLOS (RUE) - RIVIERE DES GAL  ,-20.9628,55.31947,Nuit sans éclairage public,En agglomération,Hors intersection,Normale,Autre collision,4,2,2,0,1,1,1,0,1,50,1,2,1,0,0,1,24.0,,voiture,,3,2,1,1,6
202300054713,2023-02-13 12:20:00,2023,2,13,12,20,91,91174,RN 104,48.62293,2.4658,Plein jour,Hors agglomération,Hors intersection,Normale,Deux véhicules - côté,2,1,3,0,1,1,1,0,1,110,2,2,1,0,0,1,56.0,21.0,utilitaire_camion,voiture,1,1,1,1,3
202300054714,2023-06-09 19:25:00,2023,6,9,19,25,14,14538,1a Rue du Soldat Parenteau,49.097068,-0.31914,Plein jour,En agglomération,Intersection en T,Normale,Deux véhicules - frontale,4,2,2,0,1,1,1,0,1,50,2,2,1,0,0,1,3.0,29.0,deux_roues,voiture,1,2,3,1,1
202300054715,2023-07-14 00:15:00,2023,7,14,0,15,69,69385,Chemin de Choulans,45.75432,4.81794,Nuit avec éclairage allumé,En agglomération,Hors intersection,Normale,Deux véhicules - frontale,4,1,3,3,3,3,1,0,6,50,2,3,2,0,0,1,21.0,20.0,deux_roues,voiture,5,2,1,1,1
202300054716,2023-11-28 07:00:00,2023,11,28,7,0,79,79034,,46.302555,-0.491335,Nuit sans éclairage public,Hors agglomération,Giratoire,Pluie légère,Deux véhicules - côté,3,1,1,0,1,3,2,0,1,30,2,2,1,0,1,0,54.0,50.0,deux_roues,voiture,3,1,6,2,3
202300054717,2023-08-21 09:35:00,2023,8,21,9,35,11,11069,14 Rue de Lorraine,43.21341,2.35703,Plein jour,En agglomération,Intersection en X,Normale,Deux véhicules - côté,4,1,1,0,1,1,1,0,1,50,2,2,1,0,0,1,50.0,20.0,voiture,voiture,1,2,2,1,3
202300054718,2023-07-13 08:40:00,2023,7,13,8,40,69,69034,Chemin de Crépieux,45.80078192,4.85159456,Plein jour,En agglomération,Hors intersection,Normale,Autre collision,4,2,2,0,1,1,1,0,1,50,1,2,1,0,0,1,62.0,,utilitaire_camion,,1,2,1,1,6
202300054719,2023-06-11 19:40:00,2023,6,11,19,40,50,50588,Route de l'Eglise,49.531208,-1.449198,Plein jour,Hors agglomération,Hors intersection,Normale,Deux véhicules - arrière,3,2,2,0,1,1,1,0,1,80,2,2,1,0,1,0,14.0,14.0,deux_roues,deux_roues,1,1,1,1,2
202300054720,2023-10-27 17:50:00,2023,10,27,17,50,15,15192,N 122 ,45.058102,2.712833,Plein jour,Hors agglomération,Hors intersection,Pluie forte,Trois véhicules et plus - en chaîne,2,3,3,0,2,1,2,0,1,80,3,3,1,0,1,1,54.0,59.0,voiture,voiture,1,1,1,3,4
202300054721,2023-08-18 10:45:00,2023,8,18,10,45,11,11069,9 Avenue Bunau Varilla,43.21233,2.34438,Plein jour,En agglomération,Hors intersection,Normale,Autre collision,4,2,2,0,1,1,1,0,1,50,1,2,1,0,0,1,53.0,,voiture,,1,2,1,1,6
202300054722,2023-02-12 05:10:00,2023,2,12,5,10,93,93029,AUTOROUTE A86,48.92557419,2.42454486,Nuit avec éclairage allumé,Hors agglomération,Hors intersection,Normale,Deux véhicules - arrière,1,3,3,0,3,2,1,0,1,90,2,4,0,0,0,4,38.0,18.0,voiture,voiture,5,1,1,1,2
202300054723,2023-06-16 15:20:00,2023,6,16,15,20,69,69381,3 Quai Saint Vincent,45.76999371,4.81425226,Plein jour,En agglomération,Hors intersection,Normale,Deux véhicules - côté,4,2,2,2,1,2,1,0,5,30,2,2,1,0,0,1,44.0,35.0,voiture,deux_roues,1,2,1,1,3
202300054724,2023-03-28 16:13:00,2023,3,28,16,13,973,97302,BADUEL (ROUTE DE),4.93374296,-52.31029415,Plein jour,En agglomération,Hors intersection,Pluie légère,Deux véhicules - côté,3,2,2,0,1,1,2,9,1,50,2,2,1,0,0,1,32.0,23.0,deux_roues,utilitaire_camion,1,2,1,2,3
202300054725,2023-05-07 18:00:00,2023,5,7,18,0,10,10387,LOUIS BERTHOLLET (RUE),48.30739243,4.08194929,Plein jour,En agglomération,Intersection en X,Autre,Deux véhicules - côté,4,2,2,0,1,1,1,0,1,50,2,3,0,0,0,3,22.0,29.0,voiture,voiture,1,2,2,9,3
202300054725,2023-05-07 18:00:00,2023,5,7,18,0,10,10387,LOUIS BERTHOLLET (RUE),48.30739243,4.08194929,Plein jour,En agglomération,Intersection en X,Autre,Deux véhicules - côté,4,-1,2,0,1,1,2,5,8,50,2,3,0,0,0,3,22.0,29.0,voiture,voiture,1,2,2,9,3
202300054726,2023-10-27 12:15:00,2023,10,27,12,15,01,01025,D28,46.312703,4.945934,Plein jour,En agglomération,Intersection en T,Normale,Autre collision,3,2,2,0,1,1,8,0,4,50,1,1,0,0,1,0,54.0,,deux_roues,,1,2,3,1,6
202300054726,2023-10-27 12:15:00,2023,10,27,12,15,01,01025,D28,46.312703,4.945934,Plein jour,En agglomération,Intersection en T,Normale,Autre collision,3,2,2,0,1,1,8,0,4,50,1,1,0,0,1,0,54.0,,deux_roues,,1,2,3,1,6
202300054727,2023-02-13 18:50:00,2023,2,13,18,50,94,94052,A86,48.84336156,2.49263331,Nuit avec éclairage allumé,Hors agglomération,Hors intersection,Normale,Deux véhicules - côté,1,1,3,0,1,1,1,1,1,90,2,2,1,0,0,1,56.0,50.0,voiture,utilitaire_camion,5,1,1,1,3
202300054728,2023-06-10 20:20:00,2023,6,10,20,20,09,09245,Route de Pamiers,43.062382,1.611503,Plein jour,En agglomération,Intersection en T,Normale,Deux véhicules - côté,3,2,2,0,1,1,1,0,1,50,2,4,1,0,2,1,32.0,32.0,voiture,voiture,1,2,3,1,3
202300054728,2023-06-10 20:20:00,2023,6,10,20,20,09,09245,Route de Pamiers,43.062382,1.611503,Plein jour,En agglomération,Intersection en T,Normale,Deux véhicules - côté,3,2, -1,-1,1,1,1,0,1,-1,2,4,1,0,2,1,32.0,32.0,voiture,voiture,1,2,3,1,3
202300054729,2023-07-12 10:00:00,2023,7,12,10,0,971,97113,ROUTE DE PERINET-RD 119,16.20918,-61.48108,Plein jour,Hors agglomération,Hors intersection,Normale,Deux véhicules - frontale,3,-1,1,0,2,3,9,8,1,50,2,3,1,0,1,1,19.0,65.0,deux_roues,autre,1,1,1,1,1
202300054730,2023-08-22 20:30:00,2023,8,22,20,30,10,10387,JAILLANT DESCHAINETS (RUE),48.296337,4.06819,Plein jour,En agglomération,Hors intersection,Normale,Autre collision,4,1,1,0,1,1,1,0,1,50,1,1,0,0,0,1,41.0,,deux_roues,,1,2,1,1,6
202300054731,2023-10-28 01:55:00,2023,10,28,1,55,66,66045,,42.63181,2.426136,Nuit sans éclairage public,En agglomération,Hors intersection,Normale,Autre collision,3,2,2,0,1,2,1,0,3,50,1,1,0,0,0,1,21.0,,voiture,,3,2,1,1,6
202300054732,2023-07-13 21:12:00,2023,7,13,21,12,91,91103,DEVI DU CD 19,48.606147,2.324357,Plein jour,Hors agglomération,Hors intersection,Normale,Sans collision,3,3,4,0,1,1,1,0,1,90,1,2,0,0,0,2,19.0,,voiture,,1,1,1,1,7
202300054733,2023-05-06 11:40:00,2023,5,6,11,40,10,10357,Avenue du General de Gaulle,48.29786008,4.12111223,Plein jour,En agglomération,Hors intersection,Normale,Deux véhicules - arrière,3,2,2,0,1,1,1,0,1,50,2,6,5,0,0,1,35.0,50.0,voiture,voiture,1,2,1,1,2
202300054734,2023-06-09 17:20:00,2023,6,9,17,20,45,45329,23 Grande Rue,47.9399,2.987257,Plein jour,En agglomération,Intersection en T,Pluie légère,Deux véhicules - côté,3,2,2,0,1,1,2,0,1,50,2,3,1,0,1,1,41.0,51.0,voiture,deux_roues,1,2,3,2,3
202300054734,2023-06-09 17:20:00,2023,6,9,17,20,45,45329,23 Grande Rue,47.9399,2.987257,Plein jour,En agglomération,Intersection en T,Pluie légère,Deux véhicules - côté,3,2,2,0,1,1,2,0,1,50,2,3,1,0,1,1,41.0,51.0,voiture,deux_roues,1,2,3,2,3
202300054735,2023-02-13 13:00:00,2023,2,13,13,0,77,77122,RN104,48.65869745,2.612724,Plein jour,Hors agglomération,Hors intersection,Normale,Autre collision,2,1,2,0,2,3,1,0,1,90,3,4,2,0,0,2,33.0,21.0,utilitaire_camion,voiture,1,1,1,1,6
202300054736,2023-07-13 19:55:00,2023,7,13,19,55,91,91479,AV DE VERDUN,48.70582,2.36339,Plein jour,En agglomération,Place,Normale,Deux véhicules - côté,3,2,2,0,1,1,1,5,1,50,2,2,1,0,0,1,,33.0,voiture,deux_roues,1,2,7,1,3
202300054737,2023-05-07 10:30:00,2023,5,7,10,30,07,07070,SAINT ROMAINS DE LERPS (ROUTE DE),44.96769,4.84285,Plein jour,Hors agglomération,Hors intersection,Pluie légère,Sans collision,4,-1,2,0,2,2,2,0,1,90,1,1,0,0,0,1,27.0,,deux_roues,,1,1,1,2,7
202300054738,2023-10-27 19:00:00,2023,10,27,19,0,14,14342,Rue du 19 mars 1962,49.311869,-1.098582,Nuit avec éclairage allumé,En agglomération,Giratoire,Pluie légère,Deux véhicules - arrière,3,1,2,0,1,2,2,5,1,50,2,3,2,0,0,1,15.0,21.0,deux_roues,voiture,5,2,6,2,2
202300054738,2023-10-27 19:00:00,2023,10,27,19,0,14,14342,Rue du 19 mars 1962,49.311869,-1.098582,Nuit avec éclairage allumé,En agglomération,Giratoire,Pluie légère,Deux véhicules - arrière,3,2,2,0,1,1,2,5,8,50,2,3,2,0,0,1,15.0,21.0,deux_roues,voiture,5,2,6,2,2
202300054739,2023-06-06 15:30:00,2023,6,6,15,30,45,45307,D36 PR 15 + 606,48.0593,2.889552,Plein jour,Hors agglomération,Intersection en X,Normale,Deux véhicules - côté,3,2,2,0,2,2,1,0,1,80,2,2,1,0,0,1,23.0,77.0,deux_roues,voiture,1,1,2,1,3
202300054739,2023-06-06 15:30:00,2023,6,6,15,30,45,45307,D36 PR 15 + 606,48.0593,2.889552,Plein jour,Hors agglomération,Intersection en X,Normale,Deux véhicules - côté,3,2,2,0,2,1,1,0,1,80,2,2,1,0,0,1,23.0,77.0,deux_roues,voiture,1,1,2,1,3
202300054740,2023-02-13 12:30:00,2023,2,13,12,30,77,77059,A104,48.8455465,2.6626142,Plein jour,Hors agglomération,Hors intersection,Normale,Deux véhicules - arrière,1,3,3,0,2,1,1,0,1,90,2,2,1,0,0,1,30.0,40.0,voiture,utilitaire_camion,1,1,1,1,2
202300054741,2023-05-07 15:15:00,2023,5,7,15,15,07,07316,LONES (PONT DES),44.91287,4.86254,Plein jour,Hors agglomération,Hors intersection,Pluie légère,Autre collision,9,1,1,1,2,1,2,0,5,90,1,1,0,0,0,1,59.0,,deux_roues,,1,1,1,2,6
202300054742,2023-06-09 16:15:00,2023,6,9,16,15,45,45129,12 Lieu Dit les Menottes,47.932842,3.047258,Plein jour,Hors agglomération,Hors intersection,Normale,Autre collision,4,2,2,0,2,2,1,0,3,-1,1,2,0,0,1,1,78.0,,voiture,,1,1,1,1,6
202300054743,2023-07-10 17:45:00,2023,7,10,17,45,89,89024,,47.82067,3.57948,Plein jour,Hors agglomération,Hors intersection,Normale,Trois véhicules et plus - en chaîne,2,1,0,0,1,1,1,3,1,90,4,4,3,0,0,1,26.0,41.0,voiture,voiture,1,1,1,1,4
202300054744,2023-05-06 12:30:00,2023,5,6,12,30,04,04070,DEMONTZEY (AV.),44.09139,6.23123,Plein jour,En agglomération,Hors intersection,Normale,Autre collision,4,2,2,0,1,1,1,0,1,50,1,2,1,0,0,1,57.0,,voiture,,1,2,1,1,6
202300054745,2023-02-12 19:40:00,2023,2,12,19,40,65,65440,24 Boulevard des Ardennes,43.24961172,0.07185138,Nuit avec éclairage allumé,En agglomération,Intersection en T,Normale,Deux véhicules - côté,3,2,3,0,1,1,1,0,1,50,2,2,1,0,1,0,54.0,55.0,voiture,deux_roues,5,2,3,1,3
202300054745,2023-02-12 19:40:00,2023,2,12,19,40,65,65440,24 Boulevard des Ardennes,43.24961172,0.07185138,Nuit avec éclairage allumé,En agglomération,Intersection en T,Normale,Deux véhicules - côté,3,2,2,0,1,1,1,0,1,50,2,2,1,0,1,0,54.0,55.0,voiture,deux_roues,5,2,3,1,3
202300054746,2023-07-12 07:21:00,2023,7,12,7,21,87,87085,GOUJAUD (QUAI LOUIS),45.8263,1.26952,Plein jour,En agglomération,Intersection en X,Normale,Autre collision,2,2,5,0,2,1,1,5,1,50,1,2,1,0,1,0,38.0,,utilitaire_camion,,1,2,2,1,6
202300054746,2023-07-12 07:21:00,2023,7,12,7,21,87,87085,GOUJAUD (QUAI LOUIS),45.8263,1.26952,Plein jour,En agglomération,Intersection en X,Normale,Autre collision,2,3,4,0,1,1,1,5,1,50,1,2,1,0,1,0,38.0,,utilitaire_camion,,1,2,2,1,6
202300054747,2023-06-10 12:15:00,2023,6,10,12,15,18,18106,,46.881256,2.942132,Plein jour,Hors agglomération,Intersection en T,Pluie légère,Deux véhicules - arrière,3,2,2,0,2,1,2,0,1,80,2,3,0,1,1,1,27.0,30.0,deux_roues,deux_roues,1,1,3,2,2
202300054747,2023-06-10 12:15:00,2023,6,10,12,15,18,18106,,46.881256,2.942132,Plein jour,Hors agglomération,Intersection en T,Pluie légère,Deux véhicules - arrière,3,2, -1,-1,1,1,2,5,1,-1,2,3,0,1,1,1,27.0,30.0,deux_roues,deux_roues,1,1,3,2,2
202300054748,2023-05-05 17:50:00,2023,5,5,17,50,04,04070,BARIETTE (R. DE LA),44.09123,6.23317,Plein jour,En agglomération,Hors intersection,Normale,Autre collision,4,-1,2,0,1,1,1,0,1,50,1,2,1,0,0,1,43.0,,voiture,,1,2,1,1,6
202300054749,2023-10-27 18:50:00,2023,10,27,18,50,37,37104,D943,47.29685998,0.80210924,Crépuscule ou aube,Hors agglomération,Hors intersection,Normale,Deux véhicules - frontale,3,2,2,0,1,1,2,0,1,80,2,2,1,0,1,0,35.0,24.0,voiture,voiture,2,1,1,1,1