accident_id,datetime,annee,mois,jour,heure,minute,departement,commune_insee,adresse,latitude,longitude,luminosite,agglomeration,intersection,meteo,collision,catr,circ,nbv,vosp,prof,plan,surf,infra,situ,vma,nb_vehicules,nb_usagers,nb_indemnes,nb_tues,nb_blesses_hosp,nb_blesses_legers,age_cond_1,age_cond_2,veh_type_cond_1,veh_type_cond_2,lum_code,agg_code,int_code,atm_code,col_code
202300054750,2023-06-11 11:45:00,2023,6,11,11,45,43,43079,D644,45.17520517,3.49815447,Plein jour,Hors agglomération,Hors intersection,Normale,Deux véhicules - côté,3,2,2,0,1,3,1,0,1,90,2,2,1,0,1,0,39.0,63.0,deux_roues,voiture,1,1,1,1,3
202300054751,2023-02-11 04:00:00,2023,2,11,4,0,988,98818,VE1,-22.22478,166.46604,Nuit avec éclairage allumé,En agglomération,Hors intersection,Normale,Deux véhicules - arrière,1,3,4,0,1,1,1,0,1,70,2,6,3,0,0,3,27.0,21.0,utilitaire_camion,voiture,5,2,1,1,2
202300054752,2023-10-27 10:10:00,2023,10,27,10,10,37,37018,Allée des Rives de l'Étang,47.341751,0.612973,Plein jour,En agglomération,Hors intersection,Temps couvert,Autre collision,6,-1, -1,0,1,1,2,9,1,50,1,2,1,0,1,0,66.0,,voiture,,1,2,1,8,6
202300054753,2023-07-13 09:10:00,2023,7,13,9,10,86,86194,D162,46.58217,0.36795,Plein jour,En agglomération,Hors intersection,Normale,Deux véhicules - côté,3,3,2,0,3,1,1,0,1,50,2,6,1,0,0,5,53.0,71.0,voiture,voiture,1,2,1,1,3
202300054754,2023-05-07 16:50:00,2023,5,7,16,50,75,75116,PORTE DE PASSY,48.854539,2.254923,Plein jour,En agglomération,Hors intersection,Pluie légère,Trois véhicules et plus - en chaîne,4,1,4,0,1,1,2,0,1,70,3,3,2,0,0,1,22.0,23.0,voiture,voiture,1,2,1,2,4
202300054755,2023-10-28 14:10:00,2023,10,28,14,10,18,18279,,47.2716,2.042341,Plein jour,Hors agglomération,Hors intersection,Pluie légère,Sans collision,1,3,3,0,1,1,2,0,1,130,1,1,0,0,0,1,25.0,,deux_roues,,1,1,1,2,7
202300054756,2023-07-13 22:50:00,2023,7,13,22,50,81,81163,FOCH,43.50565,2.37837,Nuit avec éclairage allumé,En agglomération,Hors intersection,Normale,Autre collision,3,-1,2,0,1,1,1,0,1,50,1,1,0,0,0,1,25.0,,voiture,,5,2,1,1,6
202300054757,2023-06-10 12:00:00,2023,6,10,12,0,10,10199,Rue du Docteur Gerdy,48.065655,4.504555,Plein jour,En agglomération,Intersection en T,Normale,Deux véhicules - côté,3,2,2,0,2,1,1,0,1,50,2,2,1,0,0,1,,8.0,voiture,deux_roues,1,2,3,1,3
202300054757,2023-06-10 12:00:00,2023,6,10,12,0,10,10199,Rue du Docteur Gerdy,48.065655,4.504555,Plein jour,En agglomération,Intersection en T,Normale,Deux véhicules - côté,3,2, -1,-1,1,1,1,5,1,-1,2,2,1,0,0,1,,8.0,voiture,deux_roues,1,2,3,1,3
202300054758,2023-02-12 22:50:00,2023,2,12,22,50,976,97611,mamoudzou centre-Haladi Selemani ( rue ),-12.78201,45.23046,Nuit avec éclairage allumé,En agglomération,Hors intersection,Normale,Sans collision,4,1,1,0,1,3,1,0,1,30,1,4,2,0,2,0,19.0,,voiture,,5,2,1,1,7
202300054759,2023-10-27 19:28:00,2023,10,27,19,28,2A,2A247,route de bocca del oro,41.557163,9.281559,Nuit sans éclairage public,Hors agglomération,Hors intersection,Normale,Autre collision,4,2,2,0,1,3,1,0,3,80,1,1,0,0,0,1,29.0,,voiture,,3,1,1,1,6
202300054760,2023-07-12 10:00:00,2023,7,12,10,0,77,77221,D217B,48.854978,2.701694,Plein jour,En agglomération,Hors intersection,Normale,Deux véhicules - frontale,3,2,2,0,1,1,1,0,1,50,2,2,1,0,1,0,47.0,22.0,deux_roues,voiture,1,2,1,1,1
202300054761,2023-10-23 10:15:00,2023,10,23,10,15,13,13027,Chemin des Confignes,43.902562,4.872522,Plein jour,En agglomération,Hors intersection,Normale,Deux véhicules - frontale,4,2,2,0,1,3,1,0,8,50,1,1,0,1,0,0,43.0,,utilitaire_camion,,1,2,1,1,1
202300054762,2023-05-07 00:02:00,2023,5,7,0,2,75,75113,QUAI D IVRY,48.825791,2.386589,Nuit avec éclairage allumé,En agglomération,Hors intersection,Pluie forte,Trois véhicules et plus - collisions multiples,4,1,4,0,1,1,4,0,1,70,3,3,2,0,0,1,27.0,41.0,voiture,voiture,5,2,1,3,5
202300054763,2023-07-13 08:15:00,2023,7,13,8,15,76,76540,Avenue du Mont Riboudet,49.44768,1.06798,Plein jour,En agglomération,Hors intersection,Normale,Autre collision,7,1,3,3,1,1,1,8,1,50,1,2,1,0,1,0,28.0,,voiture,,1,2,1,1,6
202300054764,2023-06-11 19:45:00,2023,6,11,19,45,07,07184,Route des ollieres,44.77484437,4.60863206,Plein jour,En agglomération,Hors intersection,Pluie légère,Sans collision,3,2,2,0,1,3,2,2,3,30,1,1,0,0,1,0,52.0,,deux_roues,,1,2,1,2,7
202300054765,2023-10-28 10:50:00,2023,10,28,10,50,71,71360,D17,46.322212,4.767243,Plein jour,Hors agglomération,Intersection en X,Normale,Deux véhicules - côté,3,2,3,0,4,1,1,5,1,80,2,3,2,1,0,0,15.0,23.0,deux_roues,voiture,1,1,2,1,3
202300054765,2023-10-28 10:50:00,2023,10,28,10,50,71,71360,D17,46.322212,4.767243,Plein jour,Hors agglomération,Intersection en X,Normale,Deux véhicules - côté,3,2,2,0,4,1,1,5,1,80,2,3,2,1,0,0,15.0,23.0,deux_roues,voiture,1,1,2,1,3
202300054766,2023-05-06 07:08:00,2023,5,6,7,8,75,75106,RUE DE VAUGIRARD,48.848226,2.331036,Plein jour,En agglomération,Intersection en T,Normale,Deux véhicules - côté,4,2,2,0,1,1,1,0,1,30,2,3,1,0,2,0,26.0,28.0,voiture,deux_roues,1,2,3,1,3
202300054766,2023-05-06 07:08:00,2023,5,6,7,8,75,75106,RUE DE VAUGIRARD,48.848226,2.331036,Plein jour,En agglomération,Intersection en T,Normale,Deux véhicules - côté,4,1,1,0,1,1,1,0,1,30,2,3,1,0,2,0,26.0,28.0,voiture,deux_roues,1,2,3,1,3
202300054767,2023-07-13 12:40:00,2023,7,13,12,40,76,76305,INDUSTRIELLE (ROUTE),49.48663,0.21788,Plein jour,Hors agglomération,Hors intersection,Normale,Sans collision,9,3,4,0,1,1,1,0,1,70,1,1,0,0,0,1,22.0,,deux_roues,,1,1,1,1,7
202300054768,2023-10-27 15:30:00,2023,10,27,15,30,68,68012,D34,47.759443,7.101899,Plein jour,Hors agglomération,Hors intersection,Normale,Deux véhicules - côté,3,2,2,0,1,1,2,0,1,80,2,2,0,0,1,1,40.0,69.0,voiture,voiture,1,1,1,1,3
202300054769,2023-05-07 17:30:00,2023,5,7,17,30,75,75105,QUAI SAINT MICHEL,48.853059,2.346507,Plein jour,En agglomération,Intersection en X,Pluie légère,Autre collision,4,-1, -1,0,1,1,2,0,1,30,1,2,1,0,0,1,,,voiture,,1,2,2,2,6
202300054769,2023-05-07 17:30:00,2023,5,7,17,30,75,75105,QUAI SAINT MICHEL,48.853059,2.346507,Plein jour,En agglomération,Intersection en X,Pluie légère,Autre collision,4,1,3,2,1,1,2,0,1,30,1,2,1,0,0,1,,,voiture,,1,2,2,2,6
202300054770,2023-07-13 19:00:00,2023,7,13,19,0,72,72181,MIROIR (RUE DU),47.99166,0.19829,Plein jour,En agglomération,Autre intersection,Normale,Deux véhicules - côté,4,2,2,0,1,1,1,0,1,50,2,2,1,0,0,1,49.0,29.0,voiture,deux_roues,1,2,9,1,3
202300054771,2023-10-27 14:45:00,2023,10,27,14,45,57,57047,rte de BAMBIDERSTROFF,49.099196,6.592113,Plein jour,Hors agglomération,Hors intersection,Temps couvert,Sans collision,4,2,2,0,2,4,2,0,1,80,1,2,0,0,1,1,33.0,,voiture,,1,1,1,8,7
202300054772,2023-06-15 18:30:00,2023,6,15,18,30,72,72181,LEDRU ROLLIN QUAI N° 1 A 99,48.006804,0.191344,Plein jour,En agglomération,Hors intersection,Normale,Deux véhicules - côté,4,-1,0,0,1,1,1,0,1,50,2,2,1,0,0,1,58.0,21.0,voiture,deux_roues,1,2,1,1,3
202300054773,2023-05-07 15:40:00,2023,5,7,15,40,75,75105,BOULEVARD DE L HOPITAL,48.840263,2.361989,Plein jour,En agglomération,Intersection en X,Pluie légère,Deux véhicules - arrière,4,3,2,0,1,1,2,0,1,30,2,2,1,0,0,1,32.0,53.0,deux_roues,voiture,1,2,2,2,2
202300054773,2023-05-07 15:40:00,2023,5,7,15,40,75,75105,BOULEVARD DE L HOPITAL,48.840263,2.361989,Plein jour,En agglomération,Intersection en X,Pluie légère,Deux véhicules - arrière,4,-1, -1,0,1,1,2,0,1,30,2,2,1,0,0,1,32.0,53.0,deux_roues,voiture,1,2,2,2,2
202300054774,2023-10-27 21:35:00,2023,10,27,21,35,38,38524,D1075,45.074566,5.677636,Nuit sans éclairage public,Hors agglomération,Hors intersection,Normale,Deux véhicules - frontale,7,2,2,0,1,1,1,0,1,80,2,2,1,0,0,1,,21.0,voiture,voiture,3,1,1,1,1
202300054775,2023-05-07 02:15:00,2023,5,7,2,15,75,75105,BOULEVARD DE L HOPITAL,48.840938,2.362493,Nuit avec éclairage allumé,En agglomération,Hors intersection,Pluie forte,Autre collision,4,2,6,3,1,1,2,0,1,30,1,1,0,0,0,1,58.0,,voiture,,5,2,1,3,6
202300054776,2023-07-13 14:20:00,2023,7,13,14,20,71,71040,THIBOURINS (ROUTE DES),46.68582,4.39978,Plein jour,En agglomération,Intersection en T,Normale,Deux véhicules - frontale,3,2, -1,-1,1,1,1,0,1,50,2,2,1,0,0,1,69.0,60.0,utilitaire_camion,voiture,1,2,3,1,1
202300054776,2023-07-13 14:20:00,2023,7,13,14,20,71,71040,THIBOURINS (ROUTE DES),46.68582,4.39978,Plein jour,En agglomération,Intersection en T,Normale,Deux véhicules - frontale,3,2,2,0,1,1,1,0,1,50,2,2,1,0,0,1,69.0,60.0,utilitaire_camion,voiture,1,2,3,1,1
202300054777,2023-09-07 16:30:00,2023,9,7,16,30,01,01259,Route de Polliat,46.221137,5.10872,Plein jour,Hors agglomération,Hors intersection,Normale,Deux véhicules - frontale,3,2,2,0,2,1,1,0,8,80,2,3,2,0,0,1,72.0,49.0,voiture,voiture,1,1,1,1,1
202300054778,2023-07-13 20:35:00,2023,7,13,20,35,69,69266,Avenue Auguste Blanqui,45.7631,4.88452,Plein jour,En agglomération,Hors intersection,Normale,Autre collision,4,2,2,0,1,1,1,0,1,50,1,1,0,0,1,0,33.0,,deux_roues,,1,2,1,1,6
202300054779,2023-05-07 02:00:00,2023,5,7,2,0,75,75119,PLACE DE LA BATAILLE DE STALINGRAD,48.883336,2.369282,Nuit avec éclairage allumé,En agglomération,Hors intersection,Pluie forte,Autre collision,4,1,2,0,1,1,2,0,1,30,1,2,1,0,0,1,42.0,,voiture,,5,2,1,3,6
202300054780,2023-07-13 19:47:00,2023,7,13,19,47,69,69266,Cours Emile Zola,45.77134,4.87053,Plein jour,En agglomération,Hors intersection,Normale,Autre collision,4,1,1,0,1,1,1,0,1,30,1,2,1,0,0,1,22.0,,voiture,,1,2,1,1,6
202300054781,2023-10-28 07:30:00,2023,10,28,7,30,79,79184,,46.348324,-0.108511,Crépuscule ou aube,Hors agglomération,Hors intersection,Pluie forte,Deux véhicules - frontale,3,2,2,0,2,1,3,0,1,80,2,5,0,0,2,3,29.0,52.0,voiture,voiture,2,1,1,3,1
202300054782,2023-10-28 08:40:00,2023,10,28,8,40,17,17083,D733,45.821727,-0.932086,Plein jour,Hors agglomération,Hors intersection,Pluie forte,Sans collision,3,2,2,0,1,1,4,0,3,90,1,1,0,0,1,0,25.0,,voiture,,1,1,1,3,7
202300054783,2023-05-07 01:30:00,2023,5,7,1,30,75,75116,ALLEE DE LONGCHAMP,48.874924,2.271113,Nuit avec éclairage allumé,En agglomération,Intersection en X,Pluie légère,Deux véhicules - arrière,4,2,4,0,1,1,2,0,1,50,2,3,2,0,0,1,21.0,22.0,voiture,voiture,5,2,2,2,2
202300054783,2023-05-07 01:30:00,2023,5,7,1,30,75,75116,ALLEE DE LONGCHAMP,48.874924,2.271113,Nuit avec éclairage allumé,En agglomération,Intersection en X,Pluie légère,Deux véhicules - arrière,4,2,4,0,1,1,2,0,1,50,2,3,2,0,0,1,21.0,22.0,voiture,voiture,5,2,2,2,2
202300054784,2023-07-13 16:15:00,2023,7,13,16,15,69,69266,Rue Dedieu,45.76962,4.86987,Plein jour,En agglomération,Intersection en X,Normale,Deux véhicules - côté,4,1,1,3,1,1,1,0,1,50,2,4,3,0,1,0,24.0,21.0,voiture,voiture,1,2,2,1,3
202300054784,2023-07-13 16:15:00,2023,7,13,16,15,69,69266,Rue Dedieu,45.76962,4.86987,Plein jour,En agglomération,Intersection en X,Normale,Deux véhicules - côté,4,1,1,2,1,1,1,0,1,50,2,4,3,0,1,0,24.0,21.0,voiture,voiture,1,2,2,1,3
202300054785,2023-05-07 16:00:00,2023,5,7,16,0,75,75116,VOIE GEORGES POMPIDOU,48.849915,2.27716,Plein jour,En agglomération,Intersection en Y,Pluie légère,Deux véhicules - côté,4,1,1,0,1,1,2,0,1,50,2,2,1,0,0,1,86.0,28.0,voiture,deux_roues,1,2,4,2,3
202300054785,2023-05-07 16:00:00,2023,5,7,16,0,75,75116,VOIE GEORGES POMPIDOU,48.849915,2.27716,Plein jour,En agglomération,Intersection en Y,Pluie légère,Deux véhicules - côté,4,1,1,0,1,1,2,0,1,50,2,2,1,0,0,1,86.0,28.0,voiture,deux_roues,1,2,4,2,3
202300054786,2023-10-26 11:50:00,2023,10,26,11,50,33,33439,D135e5,45.130026,-0.383921,Plein jour,Hors agglomération,Hors intersection,Pluie forte,Deux véhicules - frontale,3,-1,2,0,1,1,2,0,1,80,2,8,0,0,4,4,22.0,36.0,voiture,voiture,1,1,1,3,1
202300054787,2023-07-13 07:50:00,2023,7,13,7,50,69,69266,Rue Colin,45.77487305,4.87405794,Plein jour,En agglomération,Intersection en X,Normale,Deux véhicules - côté,4,1,1,2,1,1,1,0,1,50,2,2,1,0,0,1,53.0,33.0,voiture,deux_roues,1,2,2,1,3
202300054787,2023-07-13 07:50:00,2023,7,13,7,50,69,69266,Rue Colin,45.77487305,4.87405794,Plein jour,En agglomération,Intersection en X,Normale,Deux véhicules - côté,4,1,1,2,1,1,1,0,1,50,2,2,1,0,0,1,53.0,33.0,voiture,deux_roues,1,2,2,1,3
202300054788,2023-10-27 00:20:00,2023,10,27,0,20,53,53130,"Route de Saint Nazaire, d771",48.03643,-0.803751,Nuit sans éclairage public,Hors agglomération,Hors intersection,Normale,Autre collision,3,2,3,0,2,1,2,0,3,80,1,2,1,0,1,0,22.0,,voiture,,3,1,1,1,6
202300054789,2023-05-07 14:20:00,2023,5,7,14,20,75,75115,AVENUE DU MAINE,48.844089,2.31997,Plein jour,En agglomération,Intersection en T,Pluie légère,Sans collision,4,2,2,0,1,3,2,0,1,30,1,2,0,0,0,2,49.0,,deux_roues,,1,2,3,2,7
202300054789,2023-05-07 14:20:00,2023,5,7,14,20,75,75115,AVENUE DU MAINE,48.844089,2.31997,Plein jour,En agglomération,Intersection en T,Pluie légère,Sans collision,4,1, -1,0,1,1,2,0,1,30,1,2,0,0,0,2,49.0,,deux_roues,,1,2,3,2,7
202300054790,2023-07-13 16:02:00,2023,7,13,16,2,69,69264,Rue des Jardiniers,45.98863,4.72152,Plein jour,En agglomération,Intersection en X,Normale,Deux véhicules - côté,4,2,2,2,1,1,1,0,1,50,2,3,0,0,0,3,43.0,32.0,voiture,voiture,1,2,2,1,3
202300054790,2023-07-13 16:02:00,2023,7,13,16,2,69,69264,Rue des Jardiniers,45.98863,4.72152,Plein jour,En agglomération,Intersection en X,Normale,Deux véhicules - côté,4,2,3,3,1,1,1,0,1,50,2,3,0,0,0,3,43.0,32.0,voiture,voiture,1,2,2,1,3
202300054790,2023-07-13 16:02:00,2023,7,13,16,2,69,69264,Rue des Jardiniers,45.98863,4.72152,Plein jour,En agglomération,Intersection en X,Normale,Deux véhicules - côté,4,1,1,0,1,1,1,0,1,50,2,3,0,0,0,3,43.0,32.0,voiture,voiture,1,2,2,1,3
202300054791,2023-10-27 13:16:00,2023,10,27,13,16,22,22076,Guihaie,48.545009,-2.381131,Plein jour,Hors agglomération,Intersection en T,Pluie légère,Deux véhicules - côté,4,2,2,0,2,1,2,0,1,80,2,2,1,0,1,0,60.0,44.0,voiture,voiture,1,1,3,2,3
202300054791,2023-10-27 13:16:00,2023,10,27,13,16,22,22076,Guihaie,48.545009,-2.381131,Plein jour,Hors agglomération,Intersection en T,Pluie légère,Deux véhicules - côté,4,2,2,0,2,3,2,0,1,80,2,2,1,0,1,0,60.0,44.0,voiture,voiture,1,1,3,2,3
202300054792,2023-07-13 18:40:00,2023,7,13,18,40,69,69290,Avenue Jean Jaurès,45.69737,4.93416,Plein jour,En agglomération,Intersection en T,Normale,Autre collision,4,2,2,0,1,1,1,0,1,30,1,1,0,0,0,1,72.0,,voiture,,1,2,3,1,6
202300054792,2023-07-13 18:40:00,2023,7,13,18,40,69,69290,Avenue Jean Jaurès,45.69737,4.93416,Plein jour,En agglomération,Intersection en T,Normale,Autre collision,4,2,2,0,1,1,1,0,1,30,1,1,0,0,0,1,72.0,,voiture,,1,2,3,1,6
202300054793,2023-10-28 02:35:00,2023,10,28,2,35,60,60446,N2,49.13131,2.795806,Nuit avec éclairage allumé,Hors agglomération,Hors intersection,Pluie légère,Autre collision,2,1,2,0,1,2,2,0,3,110,1,2,0,0,2,0,37.0,,voiture,,5,1,1,2,6
202300054794,2023-07-12 19:15:00,2023,7,12,19,15,67,67482,KAMPMANN (RUE),48.53537,7.77124,Plein jour,En agglomération,Intersection en T,Normale,Deux véhicules - côté,4,2,2,0,1,4,1,0,1,50,2,2,1,0,0,1,40.0,,deux_roues,voiture,1,2,3,1,3
202300054794,2023-07-12 19:15:00,2023,7,12,19,15,67,67482,KAMPMANN (RUE),48.53537,7.77124,Plein jour,En agglomération,Intersection en T,Normale,Deux véhicules - côté,4,2,2,0,1,1,1,0,8,30,2,2,1,0,0,1,40.0,,deux_roues,voiture,1,2,3,1,3
202300054795,2023-05-07 05:00:00,2023,5,7,5,0,75,75111,BOULEVARD VOLTAIRE,48.852152,2.389584,Nuit avec éclairage allumé,En agglomération,Intersection en T,Pluie forte,Deux véhicules - côté,4,2,0,0,1,1,2,0,1,30,2,2,1,0,0,1,36.0,,voiture,voiture,5,2,3,3,3
202300054795,2023-05-07 05:00:00,2023,5,7,5,0,75,75111,BOULEVARD VOLTAIRE,48.852152,2.389584,Nuit avec éclairage allumé,En agglomération,Intersection en T,Pluie forte,Deux véhicules - côté,4,-1, -1,0,1,1,2,0,1,30,2,2,1,0,0,1,36.0,,voiture,voiture,5,2,3,3,3
202300054796,2023-10-24 20:14:00,2023,10,24,20,14,83,83090,A50,43.1254967,5.87596215,Nuit sans éclairage public,Hors agglomération,Hors intersection,Normale,Autre collision,1,3,6,0,1,1,1,0,1,110,1,2,1,1,0,0,37.0,,voiture,,3,1,1,1,6
202300054797,2023-07-11 17:41:00,2023,7,11,17,41,66,66136,,42.71407,2.90167,Plein jour,En agglomération,Hors intersection,Normale,Deux véhicules - côté,4,2,2,0,1,1,1,0,1,30,2,2,1,0,0,1,51.0,10.0,voiture,deux_roues,1,2,1,1,3
202300054798,2023-10-27 19:00:00,2023,10,27,19,0,33,33162,ROCADE A 630,44.87723,-0.63176,Nuit avec éclairage allumé,Hors agglomération,Hors intersection,Pluie forte,Deux véhicules - côté,1,3,6,0,1,1,2,0,1,90,2,2,1,0,0,1,24.0,43.0,voiture,deux_roues,5,1,1,3,3
202300054799,2023-07-11 11:08:00,2023,7,11,11,8,66,66136,,42.68617,2.88821,Plein jour,En agglomération,Giratoire,Normale,Deux véhicules - arrière,4,2,2,-1,1,1,1,0,8,-1,2,3,1,0,0,2,23.0,54.0,deux_roues,voiture,1,2,6,1,2
202300054799,2023-07-11 11:08:00,2023,7,11,11,8,66,66136,,42.68617,2.88821,Plein jour,En agglomération,Giratoire,Normale,Deux véhicules - arrière,4,2,2,0,2,1,1,0,1,50,2,3,1,0,0,2,23.0,54.0,deux_roues,voiture,1,2,6,1,2
202300054800,2023-10-27 06:40:00,2023,10,27,6,40,33,33039,ROCADE A 631,44.8011492,-0.53434432,Nuit avec éclairage allumé,Hors agglomération,Hors intersection,Pluie légère,Autre collision,1,1,2,0,1,3,2,3,1,50,1,1,0,0,0,1,50.0,,voiture,,5,1,1,2,6
202300054801,2023-07-13 07:05:00,2023,7,13,7,5,64,64445,EUROPE DE L',43.32848,-0.34978,Plein jour,En agglomération,Hors intersection,Normale,Deux véhicules - côté,3,2,2,0,1,2,1,0,1,70,2,2,1,0,0,1,20.0,51.0,deux_roues,voiture,1,2,1,1,3
202300054802,2023-10-27 05:20:00,2023,10,27,5,20,91,91174,RN 104,48.622196,2.463582,Nuit sans éclairage public,Hors agglomération,Hors intersection,Pluie légère,Sans collision,2,3,6,0,2,1,2,0,1,90,1,1,0,0,0,1,42.0,,utilitaire_camion,,3,1,1,2,7
202300054803,2023-10-27 06:45:00,2023,10,27,6,45,91,91687,AUTOROUTE A6,48.66583,2.3625,Nuit sans éclairage public,Hors agglomération,Hors intersection,Normale,Deux véhicules - côté,1,1,3,1,1,1,1,0,1,110,2,2,1,0,1,0,37.0,28.0,deux_roues,utilitaire_camion,3,1,1,1,3
202300054804,2023-10-27 16:07:00,2023,10,27,16,7,78,78402,A13,48.96386,1.77684,Plein jour,Hors agglomération,Hors intersection,Pluie légère,Deux véhicules - arrière,1,1,3,0,1,1,2,0,1,130,2,2,0,0,0,2,38.0,34.0,voiture,voiture,1,1,1,2,2
202300054805,2023-07-13 14:00:00,2023,7,13,14,0,63,63070,BEAUMONT (AVENUE DE),45.74046999,3.06957096,Plein jour,Hors agglomération,Intersection en Y,Normale,Deux véhicules - côté,4,2,2,0,1,1,1,0,1,90,2,3,0,0,1,2,15.0,14.0,deux_roues,deux_roues,1,1,4,1,3
202300054805,2023-07-13 14:00:00,2023,7,13,14,0,63,63070,BEAUMONT (AVENUE DE),45.74046999,3.06957096,Plein jour,Hors agglomération,Intersection en Y,Normale,Deux véhicules - côté,4,2,4,0,1,2,1,0,1,90,2,3,0,0,1,2,15.0,14.0,deux_roues,deux_roues,1,1,4,1,3
202300054806,2023-10-27 14:00:00,2023,10,27,14,0,78,78640,A86 INT,48.777221,2.223642,Plein jour,Hors agglomération,Hors intersection,Normale,Deux véhicules - arrière,1,-1,3,0,2,1,1,0,1,70,2,2,1,0,0,1,53.0,44.0,utilitaire_camion,voiture,1,1,1,1,2
202300054807,2023-10-27 05:50:00,2023,10,27,5,50,92,92036,A86,48.93429185,2.27087422,Nuit sans éclairage public,Hors agglomération,Hors intersection,Normale,Autre collision,1,3,2,0,1,1,2,0,1,90,1,1,0,0,0,1,25.0,,voiture,,3,1,1,1,6
202300054808,2023-10-26 03:50:00,2023,10,26,3,50,92,92025,A86,48.91988494,2.22461743,Nuit sans éclairage public,Hors agglomération,Autre intersection,Pluie légère,Autre collision,1,1,2,0,2,3,2,3,3,30,1,2,1,0,0,1,22.0,,voiture,,3,1,9,2,6
202300054809,2023-10-27 18:05:00,2023,10,27,18,5,93,93064,AUTOROUTE A103,48.88579562,2.48740188,Nuit sans éclairage public,Hors agglomération,Hors intersection,Pluie forte,Deux véhicules - côté,1,3,6,0,1,1,2,0,2,90,2,3,1,0,0,2,20.0,35.0,voiture,deux_roues,3,1,1,3,3
202300054810,2023-10-27 07:23:00,2023,10,27,7,23,93,93064,AUTOROUTE A86,48.8732,2.4799,Crépuscule ou aube,Hors agglomération,Hors intersection,Temps couvert,Deux véhicules - arrière,1,3,3,0,1,1,2,0,1,130,2,2,1,0,1,0,39.0,29.0,utilitaire_camion,deux_roues,2,1,1,8,2
202300054811,2023-08-20 23:20:00,2023,8,20,23,20,78,78440,PAUL RAOULT (AVENUE),48.983217,1.911882,Nuit sans éclairage public,En agglomération,Intersection en T,Normale,Autre collision,3,2, -1,-1,1,1,1,0,1,-1,1,2,1,0,1,0,39.0,,voiture,,3,2,3,1,6
202300054811,2023-08-20 23:20:00,2023,8,20,23,20,78,78440,PAUL RAOULT (AVENUE),48.983217,1.911882,Nuit sans éclairage public,En agglomération,Intersection en T,Normale,Autre collision,3,1,2,0,1,1,1,0,1,50,1,2,1,0,1,0,39.0,,voiture,,3,2,3,1,6
202300054812,2023-07-21 16:30:00,2023,7,21,16,30,13,13113,A51 PK 29,43.605831,5.496994,Plein jour,Hors agglomération,Autre intersection,Temps éblouissant,Deux véhicules - côté,1,3,2,0,2,1,1,3,1,130,2,2,1,0,1,0,25.0,22.0,deux_roues,utilitaire_camion,1,1,9,7,3
202300054813,2023-07-06 11:10:00,2023,7,6,11,10,66,66069,D5d,42.772286,2.842804,Nuit sans éclairage public,Hors agglomération,Hors intersection,Normale,Sans collision,3,2,2,0,1,3,1,0,1,80,1,1,0,0,1,0,17.0,,deux_roues,,3,1,1,1,7
202300054814,2023-07-03 17:15:00,2023,7,3,17,15,13,13081,D21,43.492822,5.227633,Plein jour,Hors agglomération,Hors intersection,Normale,Autre collision,3,3,4,0,1,1,1,0,2,90,1,2,1,0,1,0,29.0,,voiture,,1,1,1,1,6
202300054815,2023-07-06 11:00:00,2023,7,6,11,0,13,13110,Boulevard de l'Europe,43.450575,5.683472,Plein jour,En agglomération,Hors intersection,Normale,Deux véhicules - frontale,3,2,2,0,1,1,1,0,1,50,1,1,0,0,1,0,84.0,,deux_roues,,1,2,1,1,1
202300054816,2023-06-28 12:25:00,2023,6,28,12,25,13,13059,D556 - PR 05+500,43.62045,5.491925,Plein jour,Hors agglomération,Hors intersection,Normale,Deux véhicules - frontale,3,2,2,0,2,1,1,0,1,80,2,3,0,0,1,2,36.0,47.0,voiture,voiture,1,1,1,1,1
202300054817,2023-10-25 10:10:00,2023,10,25,10,10,988,98818,RUE JACQUES IEKAWE,-22.22966,166.48133,Plein jour,En agglomération,Hors intersection,Temps couvert,Autre collision,4,2,2,0,1,1,1,0,1,50,1,2,1,0,0,1,68.0,,voiture,,1,2,1,8,6
202300054818,2023-10-26 20:45:00,2023,10,26,20,45,974,97416,LA FONTAINE (RUE JEAN DE),-21.33828,55.47771,Nuit avec éclairage allumé,En agglomération,Hors intersection,Normale,Autre collision,4,2,2,0,1,1,1,0,1,50,1,2,1,0,0,1,21.0,,voiture,,5,2,1,1,6
202300054819,2023-10-26 19:10:00,2023,10,26,19,10,974,97416,RN3 (ANCIENNE ROUTE),-21.28865,55.50994,Nuit sans éclairage public,Hors agglomération,Hors intersection,Normale,Deux véhicules - côté,4,2,2,0,2,1,1,0,1,50,2,2,1,0,1,0,20.0,41.0,deux_roues,voiture,3,1,1,1,3
202300054820,2023-10-26 09:40:00,2023,10,26,9,40,974,97411,BAMBOU (CHEMIN DE LA RUELLE),-20.90129,55.40598,Plein jour,En agglomération,Hors intersection,Normale,Sans collision,4,2,2,0,2,2,1,0,8,30,1,2,0,0,0,2,91.0,,voiture,,1,2,1,1,7
202300054821,2023-10-26 17:20:00,2023,10,26,17,20,973,97302,ROUTE NATIONALE 1,4.89713,-52.32854,Plein jour,Hors agglomération,Giratoire,Normale,Deux véhicules - côté,2,-1,2,1,1,1,1,0,1,90,2,2,1,0,0,1,52.0,55.0,deux_roues,voiture,1,1,6,1,3
202300054822,2023-10-20 16:30:00,2023,10,20,16,30,69,69387,Boulevard Yves Farge,45.73306,4.8254,Plein jour,En agglomération,Hors intersection,Vent fort / tempête,Deux véhicules - côté,4,2,2,2,1,1,1,0,5,30,2,3,2,0,1,0,21.0,28.0,voiture,deux_roues,1,2,1,6,3